792.44574,5077.0
792.56488,5021.4
792.68396,4966.2
792.80304,4944.0
792.92218,4859.2
793.041199,4770.4
793.160339,4780.2
793.279419,4790.0
793.398499,4697.4
793.517578,4677.8
793.636658,4643.8
793.755737,4609.4
793.874817,4591.0
793.993896,4597.0
794.112976,4512.0
794.232056,4554.6
794.351074,4492.0
794.470215,4437.2
794.589233,4410.4
794.708313,4415.8
794.827393,4366.4
794.946411,4379.8
795.065552,4346.4
795.18457,4317.8
795.303589,4330.0
795.422668,4267.2
795.541687,4283.6
795.660767,4286.4
795.779846,4245.4
795.898865,4206.0
796.017883,4177.6
796.136963,4195.6
796.255981,4160.6
796.375061,4168.8
796.49408,4173.6
796.613037,4128.4
796.732117,4093.6
796.851135,4091.0
796.970154,4096.2
797.089233,4072.4
797.208191,4052.8
797.327271,4032.0
797.446228,4005.8
797.565186,4027.2
797.684265,4082.6
797.803223,4001.2
797.922241,4011.0
798.04126,3985.8
798.160278,3976.0
798.279297,3987.4
798.398315,3978.8
798.517273,3960.4
798.636292,3964.4
798.75531,3950.4
798.874268,3984.8
798.993286,3963.8
799.112244,3929.6
799.231323,3943.2
799.350281,3933.2
799.469238,3975.6
799.588257,3961.2
799.707153,3912.6
799.826111,3967.6
799.945129,3911.6
800.064087,3953.8
800.183044,3891.4
800.302063,3924.8
800.421021,3895.8
800.539978,3891.8
800.658936,3913.8
800.777893,3895.6
800.896912,3908.2
801.015747,3902.8
801.134705,3857.2
801.253723,3874.2
801.37262,3881.4
801.491638,3847.6
801.610535,3900.2
801.729492,3868.0
801.84845,3827.8
801.967407,3896.0
802.086243,3871.6
802.205261,3859.2
802.324158,3868.0
802.443115,3864.6
802.562073,3854.8
802.680969,3871.0
802.799927,3862.4
802.918762,3806.6
803.037659,3835.0
803.156677,3840.8
803.275574,3866.4
803.39447,3837.4
803.513428,3790.8
803.632263,3852.2
803.751221,3831.6
803.870117,3843.2
803.989014,3825.0
804.107971,3813.6
804.226746,3805.8
804.345642,3824.0
804.4646,3853.0
804.583496,3827.0
804.702393,3827.0
804.821228,3835.8
804.940125,3848.2
805.059021,3830.8
805.177917,3823.2
805.296814,3892.2
805.415649,3866.6
805.534546,3860.0
805.653442,3820.4
805.772278,3873.0
805.891113,3822.4
806.01001,3859.8
806.128906,3825.2
806.247742,3813.2
806.366577,3803.2
806.485413,3849.6
806.604309,3847.2
806.723145,3838.4
806.84198,3823.6
806.960876,3793.0
807.079712,3824.6
807.198486,3797.4
807.317383,3814.0
807.436218,3807.4
807.554993,3783.6
807.673889,3818.8
807.792725,3814.6
807.91156,3814.2
808.030396,3794.8
808.14917,3787.4
808.268005,3799.4
808.386841,3788.0
808.505676,3768.2
808.624451,3789.4
808.743286,3781.4
808.862122,3761.2
808.980896,3781.8
809.099731,3766.8
809.218506,3756.8
809.337341,3781.6
809.456116,3788.0
809.57489,3768.0
809.693726,3779.0
809.8125,3770.0
809.931274,3770.8
810.050049,3765.6
810.168884,3753.2
810.287659,3769.6
810.406372,3777.2
810.525269,3775.4
810.643982,3741.4
810.762756,3724.0
810.881531,3764.0
811.000305,3765.8
811.11908,3714.8
811.237854,3750.8
811.356567,3728.8
811.475403,3755.4
811.594116,3741.2
811.71283,3770.2
811.831604,3752.6
811.950378,3763.8
812.069153,3746.6
812.187927,3751.2
812.30658,3791.8
812.425415,3719.0
812.544128,3749.6
812.662781,3747.6
812.781616,3719.8
812.900269,3711.8
813.019043,3728.4
813.137756,3736.8
813.256531,3743.6
813.375244,3688.4
813.493896,3718.2
813.612671,3726.0
813.731384,3704.8
813.850037,3695.4
813.96875,3688.4
814.087524,3702.8
814.206238,3653.8
814.324951,3677.8
814.443604,3685.6
814.562256,3672.4
814.68103,3675.8
814.799683,3659.6
814.918335,3662.2
815.037109,3695.4
815.155762,3683.0
815.274475,3667.4
815.393188,3673.6
815.511841,3666.8
815.630554,3671.0
815.749146,3704.2
815.867859,3629.8
815.986572,3674.0
816.105164,3632.6
816.223877,3673.6
816.342529,3628.8
816.461182,3678.6
816.579895,3674.0
816.698486,3671.2
816.817139,3658.6
816.935791,3714.6
817.054504,3674.8
817.173096,3674.4
817.291748,3628.8
817.4104,3661.4
817.529053,3656.8
817.647644,3620.6
817.766235,3586.6
817.884949,3631.4
818.00354,3594.8
818.122192,3605.4
818.240845,3601.0
818.359436,3582.8
818.478088,3629.6
818.59668,3559.2
818.715271,3597.4
818.833923,3590.2
818.952515,3566.4
819.071106,3586.6
819.189758,3556.8
819.30835,3526.8
819.426941,3546.8
819.545532,3554.4
819.664124,3540.0
819.782715,3524.6
819.901306,3575.2
820.019897,3523.2
820.138489,3558.2
820.25708,3574.4
820.375671,3574.2
820.494202,3554.2
820.612732,3584.0
820.731384,3550.0
820.849915,3516.2
820.968506,3543.2
821.087097,3492.8
821.205627,3521.2
821.324158,3516.8
821.442749,3517.8
821.561279,3534.6
821.679871,3493.2
821.798401,3509.0
821.916931,3504.8
822.035461,3486.4
822.154053,3510.8
822.272583,3489.8
822.391174,3462.4
822.509583,3499.4
822.628174,3483.4
822.746704,3470.2
822.865234,3461.2
822.983765,3499.2
823.102295,3488.6
823.220825,3498.8
823.339294,3482.0
823.457825,3466.4
823.576355,3487.0
823.694824,3459.2
823.813354,3449.4
823.931885,3425.6
824.050354,3535.6
824.168884,3471.4
824.287354,3464.2
824.405823,3438.2
824.524353,3456.2
824.642822,3465.6
824.761353,3482.0
824.879822,3484.8
824.998291,3432.8
825.116699,3449.6
825.235291,3488.6
825.353699,3466.6
825.472168,3451.6
825.590637,3467.8
825.709106,3470.6
825.827576,3453.2
825.946045,3401.2
826.064453,3450.4
826.182983,3452.4
826.301392,3429.0
826.4198,3401.4
826.53833,3453.4
826.656738,3443.6
826.775208,3404.6
826.893677,3410.0
827.012024,3456.6
827.130493,3398.2
827.248962,3419.4
827.36731,3403.4
827.485779,3417.6
827.604248,3405.0
827.722595,3426.4
827.841064,3397.4
827.959412,3399.8
828.077942,3371.8
828.196289,3376.4
828.314636,3368.6
828.433105,3389.8
828.551514,3376.0
828.669861,3362.0
828.78833,3377.6
828.906677,3365.4
829.025085,3366.2
829.143433,3392.8
829.261841,3359.0
829.38031,3365.0
829.498657,3345.6
829.617004,3394.6
829.735413,3366.8
829.85376,3355.8
829.972107,3346.8
830.090515,3355.8
830.208862,3348.2
830.327209,3367.0
830.445557,3379.8
830.563904,3393.8
830.682312,3380.8
830.800659,3373.6
830.919006,3408.0
831.037354,3400.2
831.155701,3388.0
831.274048,3376.4
831.392395,3371.2
831.51062,3374.2
831.629028,3369.8
831.747314,3367.6
831.865662,3393.0
831.984009,3358.6
832.102356,3340.6
832.220642,3384.4
832.338928,3375.6
832.457275,3381.2
832.575623,3353.8
832.693909,3341.6
832.812134,3391.6
832.930481,3352.2
833.048828,3346.6
833.167114,3356.8
833.2854,3348.0
833.403687,3362.8
833.521973,3339.8
833.640259,3320.4
833.758545,3386.8
833.876831,3371.4
833.995056,3354.0
834.113281,3353.4
834.231628,3353.6
834.349915,3339.0
834.468201,3360.6
834.586426,3367.0
834.704651,3385.2
834.822998,3366.8
834.941162,3385.2
835.059448,3359.6
835.177673,3352.0
835.295959,3371.6
835.414246,3342.2
835.53241,3355.4
835.650635,3326.2
835.768921,3353.0
835.887146,3361.2
836.005371,3375.6
836.123596,3357.6
836.241821,3362.4
836.360046,3363.6
836.478271,3353.2
836.596497,3324.8
836.714722,3354.8
836.832886,3322.6
836.95105,3307.2
837.069336,3353.2
837.1875,3342.6
837.305725,3361.6
837.423889,3327.0
837.542053,3341.2
837.660339,3351.6
837.778503,3328.6
837.896667,3350.2
838.014832,3321.0
838.132996,3343.0
838.25116,3326.0
838.369385,3342.2
838.487488,3356.8
838.605713,3318.0
838.723877,3385.6
838.84198,3363.8
838.960205,3361.2
839.078308,3376.0
839.196472,3345.0
839.314636,3348.4
839.4328,3365.2
839.550964,3362.6
839.669067,3371.6
839.787231,3345.0
839.905396,3330.0
840.023499,3366.4
840.141602,3369.0
840.259766,3345.4
840.377869,3321.0
840.495972,3330.6
840.614136,3341.2
840.732239,3316.8
840.850342,3282.6
840.968445,3324.2
841.086548,3305.6
841.204651,3315.4
841.322754,3337.0
841.440918,3340.4
841.55896,3359.8
841.677002,3328.8
841.795166,3343.0
841.913208,3345.8
842.031311,3325.6
842.149353,3306.4
842.267456,3311.8
842.385498,3348.4
842.503601,3330.4
842.621643,3361.0
842.739746,3330.0
842.857788,3303.8
842.97583,3325.8
843.093933,3325.8
843.211975,3358.6
843.330017,3355.8
843.44812,3352.6
843.566101,3352.8
843.684204,3355.6
843.802246,3327.0
843.920227,3361.8
844.038269,3373.2
844.156311,3362.6
844.274292,3334.0
844.392395,3352.0
844.510376,3347.6
844.628357,3305.4
844.74646,3335.0
844.864441,3310.6
844.982422,3334.2
845.100403,3325.8
845.218384,3345.2
845.336426,3323.8
845.454468,3325.4
845.572449,3307.4
845.69043,3365.0
845.808411,3290.8
845.926453,3317.4
846.044373,3315.4
846.162354,3313.6
846.280396,3293.4
846.398315,3303.0
846.516296,3313.4
846.634216,3333.2
846.752197,3333.8
846.870178,3347.0
846.988098,3350.6
847.106079,3348.4
847.22406,3345.0
847.34198,3330.0
847.4599,3366.8
847.577881,3361.6
847.695801,3362.8
847.813782,3356.0
847.931641,3315.0
848.049561,3376.4
848.167603,3313.8
848.285461,3350.8
848.403381,3339.6
848.521362,3361.0
848.639221,3360.4
848.75708,3381.4
848.875,3368.2
848.99292,3369.2
849.110901,3343.2
849.22876,3331.8
849.34668,3353.0
849.464539,3325.8
849.582458,3323.2
849.700317,3316.8
849.818176,3312.6
849.936096,3325.0
850.053955,3330.0
850.171875,3291.0
850.289673,3315.0
850.407593,3288.6
850.525452,3353.0
850.643311,3323.4
850.761169,3336.6
850.878967,3300.4
850.996887,3355.2
851.114746,3300.6
851.232544,3316.4
851.350403,3327.6
851.468262,3315.0
851.58606,3320.8
851.703979,3317.8
851.821777,3330.6
851.939636,3311.6
852.057434,3330.4
852.175232,3380.6
852.293091,3359.8
852.410889,3389.6
852.528687,3394.0
852.646545,3373.8
852.764343,3357.0
852.88208,3355.6
852.999939,3328.2
853.117676,3346.4
853.235535,3302.8
853.353271,3295.6
853.471069,3315.8
853.588928,3295.0
853.706604,3321.8
853.824402,3337.0
853.9422,3358.0
854.059998,3300.2
854.177734,3331.6
854.295532,3331.2
854.413269,3320.8
854.531006,3335.6
854.648804,3397.4
854.766541,3343.6
854.884277,3352.4
855.002014,3353.4
855.119751,3386.8
855.237549,3377.8
855.355225,3344.0
855.473022,3411.8
855.590698,3395.4
855.708435,3373.2
855.826172,3334.6
855.943848,3372.2
856.061646,3359.4
856.179321,3337.6
856.296997,3306.4
856.414795,3385.0
856.53241,3368.0
856.650085,3361.2
856.767822,3382.2
856.885559,3399.0
857.003174,3363.6
857.120911,3368.0
857.238586,3371.6
857.356201,3334.0
857.473938,3347.4
857.591614,3347.2
857.709351,3336.6
857.826965,3335.4
857.944641,3333.8
858.062317,3330.8
858.179993,3316.2
858.297668,3334.8
858.415283,3322.2
858.532959,3351.6
858.650574,3321.4
858.768188,3365.8
858.885803,3321.2
859.003479,3344.8
859.121094,3338.8
859.23877,3324.8
859.356384,3318.2
859.473999,3353.0
859.591675,3355.6
859.709229,3336.0
859.826843,3336.2
859.944458,3319.0
860.062012,3337.4
860.179626,3338.6
860.297302,3353.4
860.414856,3343.2
860.532471,3324.2
860.650024,3329.8
860.767639,3334.4
860.885193,3344.6
861.002808,3328.8
861.120361,3356.0
861.237976,3342.0
861.35553,3344.0
861.473022,3318.6
861.590698,3328.8
861.708191,3338.4
861.825745,3318.6
861.943298,3298.2
862.060852,3308.2
862.178406,3305.2
862.295959,3276.4
862.413513,3263.6
862.531006,3249.0
862.64856,3304.6
862.766113,3272.6
862.883667,3309.6
863.00116,3264.4
863.118713,3256.4
863.236206,3311.0
863.353699,3279.0
863.471252,3299.4
863.588745,3308.0
863.706177,3317.4
863.82373,3298.2
863.941162,3272.8
864.058716,3277.4
864.176208,3299.0
864.29364,3300.8
864.411194,3316.2
864.528687,3261.4
864.646118,3304.8
864.763611,3294.8
864.881042,3311.2
864.998535,3283.6
865.116028,3293.6
865.233459,3283.2
865.350891,3268.6
865.468384,3303.0
865.585754,3308.8
865.703308,3301.8
865.820679,3302.0
865.938171,3327.4
866.055542,3310.4
866.173035,3306.0
866.290466,3306.6
866.407837,3283.0
866.52533,3325.4
866.6427,3331.6
866.760071,3280.2
866.877563,3305.2
866.994934,3316.2
867.112305,3297.0
867.229736,3306.8
867.347107,3314.0
867.464539,3328.8
867.58197,3313.6
867.699341,3295.2
867.81665,3310.8
867.934082,3310.2
868.051453,3300.6
868.168823,3304.4
868.286194,3317.2
868.403564,3303.0
868.520935,3313.4
868.638306,3336.0
868.755676,3318.4
868.872986,3317.6
868.990295,3365.4
869.107727,3343.6
869.225037,3320.2
869.342346,3325.8
869.459717,3336.6
869.577026,3301.8
869.694336,3298.2
869.811707,3312.8
869.929016,3314.2
870.046326,3323.0
870.163635,3308.0
870.280945,3351.0
870.398254,3315.4
870.515564,3329.8
870.632812,3297.8
870.750183,3330.4
870.867432,3308.0
870.984741,3312.6
871.102051,3335.4
871.219299,3342.4
871.336609,3320.0
871.453918,3366.6
871.571106,3344.8
871.688416,3349.8
871.805664,3329.4
871.922852,3278.2
872.040222,3312.4
872.157471,3359.0
872.274719,3352.6
872.391968,3355.2
872.509155,3325.8
872.626465,3362.0
872.743652,3336.4
872.860962,3317.8
872.978149,3344.6
873.095337,3320.4
873.212646,3350.2
873.329834,3351.0
873.44696,3311.8
873.564209,3323.6
873.681396,3321.0
873.798645,3316.4
873.915894,3307.4
874.03302,3349.4
874.150208,3336.4
874.267456,3293.4
874.384583,3331.6
874.501831,3295.2
874.618958,3347.0
874.736145,3331.0
874.853333,3302.4
874.970459,3353.6
875.087646,3388.0
875.204834,3341.0
875.32196,3387.8
875.439148,3369.0
875.556274,3339.0
875.673401,3352.8
875.790527,3323.2
875.907715,3357.2
876.024841,3327.4
876.141968,3335.2
876.259094,3343.4
876.376282,3305.4
876.493347,3331.4
876.610474,3317.0
876.7276,3335.4
876.844727,3343.8
876.961853,3310.2
877.078918,3298.2
877.195984,3335.6
877.313171,3344.4
877.430237,3332.4
877.547302,3335.6
877.664368,3349.0
877.781433,3336.2
877.898499,3333.8
878.015625,3315.8
878.13269,3329.2
878.249695,3364.4
878.366821,3318.4
878.483887,3340.2
878.600952,3290.6
878.717957,3312.0
878.834961,3346.2
878.952087,3323.2
879.069092,3336.4
879.186157,3310.0
879.303162,3271.0
879.420227,3291.0
879.537231,3290.4
879.654236,3274.6
879.77124,3290.2
879.888306,3299.8
880.005249,3281.8
880.122314,3282.8
880.239319,3279.6
880.356323,3278.2
880.473328,3289.8
880.590271,3267.4
880.707275,3283.6
880.824341,3272.8
880.941284,3261.0
881.058228,3260.8
881.175232,3265.0
881.292236,3273.8
881.40918,3285.4
881.526123,3309.0
881.643066,3269.0
881.760071,3318.0
881.877014,3306.8
881.993958,3292.8
882.11084,3261.2
882.227783,3262.4
882.344727,3284.4
882.46167,3299.2
882.578613,3254.6
882.695618,3264.6
882.812439,3263.0
882.929382,3298.6
883.046326,3291.8
883.163208,3271.2
883.280151,3252.8
883.397034,3287.2
883.513916,3287.4
883.630798,3303.2
883.747742,3281.6
883.864563,3265.8
883.981506,3320.4
884.098389,3317.2
884.21521,3316.6
884.332153,3334.0
884.448975,3305.2
884.565796,3314.8
884.682678,3317.6
884.7995,3290.4
884.916443,3333.6
885.033264,3365.6
885.150085,3345.8
885.266968,3335.6
885.383789,3394.0
885.500671,3367.4
885.617493,3378.8
885.734314,3408.0
885.851196,3388.0
885.967896,3398.0
886.084717,3410.2
886.201599,3373.4
886.318359,3393.6
886.435181,3392.6
886.552002,3403.2
886.668762,3371.4
886.785645,3379.4
886.902344,3383.0
887.019165,3339.4
887.135925,3346.4
887.252747,3340.4
887.369446,3351.6
887.486267,3335.8
887.603027,3317.8
887.719788,3315.4
887.836548,3334.2
887.953247,3335.2
888.070068,3323.6
888.186829,3311.4
888.303528,3321.0
888.420288,3324.4
888.536987,3283.8
888.653687,3303.8
888.770447,3276.0
888.887146,3287.8
889.003967,3295.8
889.120667,3291.4
889.237305,3290.2
889.354065,3251.8
889.470703,3288.8
889.587463,3254.6
889.704163,3264.0
889.820862,3258.2
889.937561,3283.8
890.054199,3258.8
890.170837,3272.4
890.287598,3259.0
890.404236,3234.4
890.520874,3248.2
890.637634,3270.8
890.754211,3263.0
890.87085,3279.8
890.987549,3282.0
891.104187,3272.2
891.220886,3278.2
891.337463,3287.4
891.454102,3272.8
891.57074,3275.4
891.687378,3278.2
891.804077,3292.8
891.920654,3243.4
892.037231,3253.4
892.15387,3256.8
892.270447,3228.0
892.387085,3260.8
892.503723,3286.6
892.6203,3264.4
892.736877,3252.2
892.853516,3251.6
892.970032,3269.2
893.08667,3281.2
893.203186,3277.4
893.319763,3247.0
893.43634,3243.4
893.552917,3278.4
893.669556,3291.4
893.786011,3305.2
893.902588,3271.2
894.019165,3244.6
894.135681,3307.2
894.252197,3302.8
894.368835,3312.8
894.485291,3281.6
894.601868,3264.2
894.718384,3311.2
894.8349,3260.4
894.951355,3272.2
895.067932,3297.2
895.184448,3264.8
895.300964,3301.8
895.417419,3283.2
895.533936,3266.8
895.650452,3274.0
895.766907,3284.0
895.883423,3293.4
895.999878,3287.4
896.116333,3273.4
896.232849,3298.6
896.349304,3271.6
896.465759,3281.6
896.582214,3293.8
896.698669,3295.6
896.815125,3249.4
896.931641,3276.2
897.048035,3303.8
897.164551,3281.6
897.280884,3266.6
897.397339,3299.0
897.513794,3299.6
897.630249,3316.6
897.746582,3316.8
897.863098,3294.8
897.979431,3311.0
898.095886,3297.0
898.212341,3294.4
898.328674,3304.4
898.445129,3340.0
898.561462,3303.8
898.677795,3332.4
898.794312,3313.6
898.910645,3270.0
899.026978,3272.2
899.143433,3289.6
899.259766,3282.2
899.37616,3274.8
899.492493,3266.0
899.608765,3272.8
899.725159,3291.4
899.841553,3271.8
899.957947,3297.2
900.07428,3297.6
900.190552,3298.4
900.306946,3303.8
900.423157,3303.4
900.53949,3288.0
900.655884,3292.0
900.772156,3283.8
900.888489,3324.0
901.004822,3293.2
901.121033,3321.4
901.237366,3286.4
901.353699,3293.2
901.46991,3330.6
901.586304,3287.6
901.702515,3310.4
901.818787,3321.6
901.93512,3327.2
902.051331,3315.0
902.167603,3327.8
902.283875,3365.0
902.400085,3319.8
902.516418,3324.0
902.632629,3338.0
902.74884,3355.4
902.865112,3342.4
902.981384,3326.2
903.097595,3365.0
903.213867,3355.6
903.330017,3358.4
903.446289,3328.0
903.5625,3313.8
903.67865,3331.6
903.794922,3347.0
903.911072,3324.8
904.027344,3362.4
904.143494,3337.0
904.259705,3354.6
904.375916,3271.8
904.492065,3318.0
904.608215,3310.8
904.724426,3272.2
904.840576,3250.8
904.956726,3307.0
905.072876,3313.8
905.189087,3302.8
905.305176,3309.2
905.421387,3315.2
905.537537,3305.2
905.653687,3339.8
905.769775,3286.6
905.885925,3329.0
906.002014,3293.2
906.118164,3282.8
906.234314,3304.8
906.350403,3284.2
906.466492,3273.8
906.582642,3265.6
906.69873,3259.6
906.814758,3270.4
906.930908,3259.0
907.046936,3255.4
907.163086,3269.4
907.279175,3292.0
907.395264,3266.0
907.511353,3264.2
907.62738,3277.8
907.743408,3262.2
907.859497,3291.4
907.975525,3276.4
908.091553,3269.2
908.207703,3265.6
908.32373,3285.0
908.439758,3295.0
908.555786,3285.2
908.671814,3272.0
908.787842,3256.6
908.90387,3252.0
909.019775,3296.6
909.135864,3267.8
909.251892,3267.0
909.367859,3252.0
909.483826,3275.6
909.599854,3275.0
909.715881,3260.2
909.831848,3255.2
909.947815,3249.6
910.063782,3282.0
910.179749,3279.8
910.295776,3273.4
910.411743,3280.6
910.527649,3270.2
910.643616,3284.2
910.759583,3228.2
910.875488,3270.4
910.991455,3291.2
911.107361,3238.2
911.223267,3273.6
911.339294,3295.4
911.4552,3313.6
911.571106,3261.6
911.687073,3280.4
911.802979,3251.8
911.918823,3244.4
912.034729,3305.0
912.150635,3249.0
912.266602,3236.2
912.382446,3240.8
912.498352,3224.0
912.614197,3247.0
912.730103,3247.0
912.846008,3250.0
792.44574,4845.2
792.56488,4778.6
792.68396,4760.8
792.80304,4736.2
792.92218,4611.8
793.041199,4561.8
793.160339,4567.4
793.279419,4556.4
793.398499,4506.4
793.517578,4413.4
793.636658,4374.2
793.755737,4372.2
793.874817,4359.2
793.993896,4323.8
794.112976,4263.8
794.232056,4221.4
794.351074,4205.6
794.470215,4204.2
794.589233,4143.4
794.708313,4143.0
794.827393,4135.2
794.946411,4070.2
795.065552,4078.8
795.18457,4014.6
795.303589,4038.6
795.422668,4014.8
795.541687,3986.6
795.660767,4012.4
795.779846,3919.4
795.898865,3911.2
796.017883,3887.8
796.136963,3906.0
796.255981,3864.4
796.375061,3888.8
796.49408,3838.4
796.613037,3865.8
796.732117,3823.2
796.851135,3799.2
796.970154,3782.0
797.089233,3784.4
797.208191,3755.6
797.327271,3737.0
797.446228,3726.2
797.565186,3771.8
797.684265,3717.0
797.803223,3747.8
797.922241,3718.0
798.04126,3688.0
798.160278,3707.6
798.279297,3685.2
798.398315,3667.4
798.517273,3686.0
798.636292,3669.0
798.75531,3698.6
798.874268,3653.2
798.993286,3655.2
799.112244,3640.6
799.231323,3651.4
799.350281,3656.8
799.469238,3673.6
799.588257,3665.8
799.707153,3642.4
799.826111,3646.2
799.945129,3652.6
800.064087,3626.6
800.183044,3615.8
800.302063,3645.6
800.421021,3619.2
800.539978,3600.0
800.658936,3648.0
800.777893,3604.6
800.896912,3604.6
801.015747,3607.6
801.134705,3572.6
801.253723,3589.2
801.37262,3568.4
801.491638,3602.2
801.610535,3592.8
801.729492,3584.4
801.84845,3551.4
801.967407,3608.2
802.086243,3607.6
802.205261,3571.0
802.324158,3585.4
802.443115,3570.8
802.562073,3570.0
802.680969,3580.8
802.799927,3540.8
802.918762,3548.4
803.037659,3583.2
803.156677,3556.0
803.275574,3564.2
803.39447,3563.2
803.513428,3566.6
803.632263,3562.0
803.751221,3577.6
803.870117,3550.6
803.989014,3566.6
804.107971,3587.0
804.226746,3557.8
804.345642,3529.2
804.4646,3542.0
804.583496,3526.2
804.702393,3538.4
804.821228,3528.4
804.940125,3529.2
805.059021,3538.0
805.177917,3551.2
805.296814,3563.2
805.415649,3557.8
805.534546,3538.0
805.653442,3544.8
805.772278,3542.2
805.891113,3558.4
806.01001,3577.0
806.128906,3556.6
806.247742,3533.4
806.366577,3512.4
806.485413,3516.2
806.604309,3540.0
806.723145,3547.4
806.84198,3541.0
806.960876,3538.4
807.079712,3524.8
807.198486,3518.0
807.317383,3541.2
807.436218,3510.4
807.554993,3543.4
807.673889,3548.6
807.792725,3538.4
807.91156,3528.4
808.030396,3519.0
808.14917,3527.8
808.268005,3514.0
808.386841,3537.6
808.505676,3517.2
808.624451,3514.8
808.743286,3511.6
808.862122,3509.6
808.980896,3517.8
809.099731,3514.4
809.218506,3523.4
809.337341,3524.2
809.456116,3505.6
809.57489,3514.6
809.693726,3525.2
809.8125,3489.6
809.931274,3509.8
810.050049,3513.2
810.168884,3510.6
810.287659,3505.8
810.406372,3504.4
810.525269,3520.0
810.643982,3493.8
810.762756,3472.2
810.881531,3461.8
811.000305,3482.4
811.11908,3464.8
811.237854,3468.6
811.356567,3461.4
811.475403,3462.0
811.594116,3492.8
811.71283,3514.0
811.831604,3475.2
811.950378,3487.0
812.069153,3477.0
812.187927,3481.2
812.30658,3507.8
812.425415,3458.4
812.544128,3495.0
812.662781,3442.2
812.781616,3443.0
812.900269,3439.8
813.019043,3449.4
813.137756,3451.6
813.256531,3417.2
813.375244,3424.0
813.493896,3428.4
813.612671,3469.2
813.731384,3403.6
813.850037,3392.2
813.96875,3452.6
814.087524,3401.8
814.206238,3412.2
814.324951,3395.2
814.443604,3398.6
814.562256,3404.8
814.68103,3408.6
814.799683,3396.6
814.918335,3390.2
815.037109,3365.8
815.155762,3402.2
815.274475,3399.0
815.393188,3397.8
815.511841,3411.2
815.630554,3403.0
815.749146,3357.0
815.867859,3388.6
815.986572,3384.0
816.105164,3372.2
816.223877,3389.4
816.342529,3385.0
816.461182,3358.6
816.579895,3395.6
816.698486,3403.8
816.817139,3407.8
816.935791,3390.6
817.054504,3378.0
817.173096,3375.8
817.291748,3346.6
817.4104,3380.4
817.529053,3348.0
817.647644,3385.0
817.766235,3325.0
817.884949,3320.2
818.00354,3344.0
818.122192,3334.0
818.240845,3327.6
818.359436,3290.4
818.478088,3293.0
818.59668,3300.8
818.715271,3260.6
818.833923,3288.4
818.952515,3273.2
819.071106,3267.0
819.189758,3259.8
819.30835,3258.4
819.426941,3238.0
819.545532,3256.2
819.664124,3256.4
819.782715,3254.4
819.901306,3289.6
820.019897,3232.4
820.138489,3257.6
820.25708,3288.8
820.375671,3244.4
820.494202,3281.2
820.612732,3245.8
820.731384,3242.0
820.849915,3247.4
820.968506,3220.4
821.087097,3206.6
821.205627,3237.8
821.324158,3209.4
821.442749,3203.0
821.561279,3217.4
821.679871,3218.8
821.798401,3168.2
821.916931,3189.8
822.035461,3178.4
822.154053,3221.0
822.272583,3157.0
822.391174,3166.4
822.509583,3173.0
822.628174,3164.2
822.746704,3185.0
822.865234,3152.4
822.983765,3187.4
823.102295,3205.6
823.220825,3185.0
823.339294,3148.2
823.457825,3196.8
823.576355,3156.2
823.694824,3173.8
823.813354,3167.4
823.931885,3158.2
824.050354,3157.4
824.168884,3127.4
824.287354,3138.6
824.405823,3140.6
824.524353,3160.4
824.642822,3152.6
824.761353,3134.4
824.879822,3149.4
824.998291,3158.6
825.116699,3101.8
825.235291,3130.0
825.353699,3137.2
825.472168,3132.8
825.590637,3165.8
825.709106,3141.4
825.827576,3124.6
825.946045,3128.2
826.064453,3124.0
826.182983,3099.8
826.301392,3138.0
826.4198,3128.2
826.53833,3102.6
826.656738,3099.8
826.775208,3113.6
826.893677,3101.0
827.012024,3135.0
827.130493,3098.4
827.248962,3094.6
827.36731,3081.0
827.485779,3100.0
827.604248,3096.4
827.722595,3078.6
827.841064,3071.2
827.959412,3100.6
828.077942,3049.6
828.196289,3066.6
828.314636,3078.8
828.433105,3048.6
828.551514,3065.4
828.669861,3061.4
828.78833,3064.0
828.906677,3031.4
829.025085,3083.8
829.143433,3061.4
829.261841,3062.8
829.38031,3044.6
829.498657,3034.0
829.617004,3033.2
829.735413,3045.2
829.85376,3049.4
829.972107,3054.8
830.090515,3085.0
830.208862,3035.0
830.327209,3036.4
830.445557,3021.4
830.563904,3067.8
830.682312,3057.4
830.800659,3069.8
830.919006,3079.0
831.037354,3060.0
831.155701,3054.2
831.274048,3031.6
831.392395,3040.6
831.51062,3052.0
831.629028,3053.4
831.747314,3054.2
831.865662,3060.0
831.984009,3046.4
832.102356,3074.6
832.220642,2995.4
832.338928,3014.4
832.457275,3047.0
832.575623,3045.8
832.693909,3042.8
832.812134,3043.6
832.930481,3047.2
833.048828,3053.6
833.167114,3043.6
833.2854,2998.6
833.403687,3062.4
833.521973,3050.6
833.640259,3006.2
833.758545,3045.4
833.876831,3042.8
833.995056,3027.0
834.113281,3048.8
834.231628,3059.8
834.349915,3058.2
834.468201,3052.2
834.586426,3035.8
834.704651,3036.0
834.822998,3051.6
834.941162,3083.4
835.059448,3045.4
835.177673,3059.2
835.295959,3070.8
835.414246,3043.6
835.53241,3051.6
835.650635,3037.2
835.768921,2984.0
835.887146,3040.2
836.005371,3062.0
836.123596,3034.6
836.241821,3028.0
836.360046,3029.4
836.478271,3011.8
836.596497,3046.4
836.714722,3034.4
836.832886,3013.4
836.95105,3032.8
837.069336,3009.2
837.1875,3013.0
837.305725,3029.2
837.423889,3023.4
837.542053,3022.4
837.660339,3035.6
837.778503,3045.8
837.896667,3010.2
838.014832,2994.4
838.132996,3033.0
838.25116,3027.0
838.369385,3035.8
838.487488,3023.0
838.605713,2996.2
838.723877,3047.2
838.84198,3001.2
838.960205,3020.8
839.078308,3020.8
839.196472,3000.8
839.314636,3036.6
839.4328,3061.4
839.550964,3018.6
839.669067,3015.2
839.787231,3027.0
839.905396,3041.8
840.023499,3062.4
840.141602,3054.0
840.259766,3011.8
840.377869,3034.2
840.495972,3010.8
840.614136,3029.4
840.732239,3003.8
840.850342,2997.4
840.968445,2990.0
841.086548,3000.4
841.204651,3007.6
841.322754,3017.0
841.440918,3000.6
841.55896,3025.0
841.677002,3015.2
841.795166,3011.0
841.913208,3018.0
842.031311,3061.6
842.149353,3016.0
842.267456,3024.0
842.385498,2991.6
842.503601,3033.4
842.621643,3036.0
842.739746,3044.2
842.857788,3017.0
842.97583,2997.8
843.093933,3015.0
843.211975,3040.8
843.330017,3022.2
843.44812,3059.0
843.566101,2988.8
843.684204,3045.0
843.802246,3032.4
843.920227,3019.6
844.038269,3077.0
844.156311,3050.2
844.274292,3020.4
844.392395,3017.0
844.510376,3056.8
844.628357,3004.6
844.74646,3022.0
844.864441,3046.6
844.982422,3000.8
845.100403,3044.8
845.218384,3000.8
845.336426,3024.4
845.454468,3049.6
845.572449,3041.4
845.69043,3017.6
845.808411,3012.0
845.926453,3024.2
846.044373,2998.6
846.162354,3032.6
846.280396,3004.4
846.398315,3038.2
846.516296,3031.4
846.634216,2965.0
846.752197,2997.2
846.870178,3033.4
846.988098,2997.8
847.106079,3032.0
847.22406,3000.2
847.34198,3008.4
847.4599,3025.8
847.577881,3000.6
847.695801,3028.2
847.813782,3020.4
847.931641,3023.0
848.049561,3017.2
848.167603,2994.2
848.285461,3026.0
848.403381,3037.6
848.521362,3044.2
848.639221,3011.2
848.75708,3030.0
848.875,3005.2
848.99292,3040.2
849.110901,3028.0
849.22876,2980.4
849.34668,2997.0
849.464539,3023.2
849.582458,2994.2
849.700317,2987.2
849.818176,2986.2
849.936096,2981.0
850.053955,2995.2
850.171875,3007.4
850.289673,2992.8
850.407593,3006.4
850.525452,3018.0
850.643311,3022.6
850.761169,3001.4
850.878967,2979.4
850.996887,3017.2
851.114746,2987.4
851.232544,2992.0
851.350403,2998.2
851.468262,3021.8
851.58606,3000.0
851.703979,3025.0
851.821777,3031.8
851.939636,3010.4
852.057434,3030.2
852.175232,3040.2
852.293091,3055.4
852.410889,3081.2
852.528687,3081.2
852.646545,3083.2
852.764343,3038.4
852.88208,3019.0
852.999939,3036.0
853.117676,3015.2
853.235535,3007.2
853.353271,3013.2
853.471069,2982.6
853.588928,2992.0
853.706604,2970.6
853.824402,3020.0
853.9422,2998.4
854.059998,2986.0
854.177734,3034.0
854.295532,3021.4
854.413269,3003.4
854.531006,3023.6
854.648804,3005.2
854.766541,3028.8
854.884277,3012.4
855.002014,3054.4
855.119751,3051.2
855.237549,3083.8
855.355225,3072.4
855.473022,3086.8
855.590698,3099.8
855.708435,3094.4
855.826172,3050.8
855.943848,3082.0
856.061646,3053.8
856.179321,3058.2
856.296997,3032.6
856.414795,3076.8
856.53241,3042.2
856.650085,3079.6
856.767822,3049.8
856.885559,3058.4
857.003174,3053.2
857.120911,3018.6
857.238586,3022.4
857.356201,3012.0
857.473938,2992.6
857.591614,3018.2
857.709351,3032.2
857.826965,3009.8
857.944641,3006.0
858.062317,2998.8
858.179993,3027.8
858.297668,2990.2
858.415283,3022.2
858.532959,3028.0
858.650574,2988.4
858.768188,3025.2
858.885803,3052.2
859.003479,3023.0
859.121094,2984.0
859.23877,3009.4
859.356384,3001.8
859.473999,2967.8
859.591675,3003.8
859.709229,3002.8
859.826843,3001.6
859.944458,2996.6
860.062012,2975.6
860.179626,2992.4
860.297302,2981.8
860.414856,2974.6
860.532471,2986.8
860.650024,2991.0
860.767639,3009.8
860.885193,2981.6
861.002808,2983.2
861.120361,3022.2
861.237976,2978.2
861.35553,2997.8
861.473022,2985.0
861.590698,3004.6
861.708191,3000.4
861.825745,2999.2
861.943298,3009.6
862.060852,2993.2
862.178406,2999.2
862.295959,2982.6
862.413513,2973.6
862.531006,2966.0
862.64856,2959.8
862.766113,2937.2
862.883667,2969.0
863.00116,2936.6
863.118713,2976.8
863.236206,2974.6
863.353699,2982.6
863.471252,2951.8
863.588745,2956.0
863.706177,2995.0
863.82373,2996.2
863.941162,2990.2
864.058716,2960.2
864.176208,2956.6
864.29364,2969.8
864.411194,2990.4
864.528687,2958.8
864.646118,2987.8
864.763611,2933.6
864.881042,2938.8
864.998535,2953.4
865.116028,2987.8
865.233459,2969.8
865.350891,2926.6
865.468384,2984.2
865.585754,2947.8
865.703308,2960.4
865.820679,2970.8
865.938171,2975.4
866.055542,2972.0
866.173035,2955.6
866.290466,2955.6
866.407837,2957.4
866.52533,2985.0
866.6427,3009.4
866.760071,2956.0
866.877563,3008.4
866.994934,2974.6
867.112305,2970.0
867.229736,3001.8
867.347107,2997.4
867.464539,2986.4
867.58197,3002.0
867.699341,2985.0
867.81665,2973.8
867.934082,2977.0
868.051453,2982.0
868.168823,2961.6
868.286194,2961.4
868.403564,2963.6
868.520935,2969.8
868.638306,2994.6
868.755676,2981.2
868.872986,2995.0
868.990295,2961.4
869.107727,3002.8
869.225037,2986.6
869.342346,2993.2
869.459717,2994.2
869.577026,3009.4
869.694336,3001.4
869.811707,2963.6
869.929016,2990.6
870.046326,2984.4
870.163635,2988.0
870.280945,2992.4
870.398254,2993.8
870.515564,3009.6
870.632812,2959.0
870.750183,3022.2
870.867432,2962.4
870.984741,2976.2
871.102051,2951.6
871.219299,2974.8
871.336609,2995.2
871.453918,3006.0
871.571106,2978.6
871.688416,2997.8
871.805664,3009.6
871.922852,3001.0
872.040222,2990.2
872.157471,2991.0
872.274719,2998.0
872.391968,3011.8
872.509155,2980.8
872.626465,3008.2
872.743652,2994.0
872.860962,3004.6
872.978149,2999.4
873.095337,2987.8
873.212646,2996.8
873.329834,2971.4
873.44696,3012.2
873.564209,2975.8
873.681396,2971.2
873.798645,3001.4
873.915894,2974.8
874.03302,2957.4
874.150208,2992.2
874.267456,2971.2
874.384583,3005.0
874.501831,2986.6
874.618958,2967.0
874.736145,3004.0
874.853333,2965.8
874.970459,3019.4
875.087646,3016.8
875.204834,2989.2
875.32196,3003.6
875.439148,3037.4
875.556274,2985.4
875.673401,3020.6
875.790527,3013.8
875.907715,3013.4
876.024841,2982.6
876.141968,2997.2
876.259094,3025.2
876.376282,2983.0
876.493347,3008.6
876.610474,3013.8
876.7276,3012.4
876.844727,3001.6
876.961853,3011.6
877.078918,3026.0
877.195984,3033.6
877.313171,3043.0
877.430237,3016.0
877.547302,3013.4
877.664368,3014.8
877.781433,3050.2
877.898499,3024.8
878.015625,3020.6
878.13269,2998.8
878.249695,3022.4
878.366821,2996.4
878.483887,3030.4
878.600952,2979.2
878.717957,2986.2
878.834961,2994.4
878.952087,3029.0
879.069092,2966.0
879.186157,3017.6
879.303162,2966.2
879.420227,2964.2
879.537231,2960.4
879.654236,2948.8
879.77124,2952.8
879.888306,2955.4
880.005249,2957.6
880.122314,2956.0
880.239319,2966.8
880.356323,2936.6
880.473328,2961.4
880.590271,2956.0
880.707275,2968.4
880.824341,2964.2
880.941284,2976.4
881.058228,2966.0
881.175232,2990.2
881.292236,2928.4
881.40918,2942.2
881.526123,2965.4
881.643066,2926.8
881.760071,2983.6
881.877014,2977.2
881.993958,2986.2
882.11084,2972.8
882.227783,2958.6
882.344727,2975.6
882.46167,2966.0
882.578613,2934.6
882.695618,2932.2
882.812439,2965.8
882.929382,2947.4
883.046326,2988.0
883.163208,2965.2
883.280151,2980.0
883.397034,2976.4
883.513916,2993.6
883.630798,2974.0
883.747742,2988.2
883.864563,2997.6
883.981506,2982.0
884.098389,2967.2
884.21521,2992.2
884.332153,3008.0
884.448975,2992.8
884.565796,2994.8
884.682678,3009.8
884.7995,2987.4
884.916443,3029.6
885.033264,3026.8
885.150085,3016.4
885.266968,3051.8
885.383789,3038.4
885.500671,3032.4
885.617493,3084.4
885.734314,3078.6
885.851196,3072.8
885.967896,3067.4
886.084717,3032.2
886.201599,3075.8
886.318359,3067.0
886.435181,3060.8
886.552002,3074.0
886.668762,3050.6
886.785645,3068.6
886.902344,3047.6
887.019165,3045.6
887.135925,3010.4
887.252747,3035.0
887.369446,3060.2
887.486267,3018.2
887.603027,3021.8
887.719788,2988.4
887.836548,2998.0
887.953247,3014.0
888.070068,2996.2
888.186829,3010.2
888.303528,3003.8
888.420288,2968.4
888.536987,3005.4
888.653687,2991.6
888.770447,2990.4
888.887146,2972.4
889.003967,2997.0
889.120667,2986.2
889.237305,2977.6
889.354065,2964.6
889.470703,2970.4
889.587463,2957.8
889.704163,2964.2
889.820862,2973.6
889.937561,2972.8
890.054199,2967.4
890.170837,2978.8
890.287598,2929.4
890.404236,2962.2
890.520874,2976.8
890.637634,2961.2
890.754211,2973.4
890.87085,2972.0
890.987549,2979.4
891.104187,2968.6
891.220886,3005.8
891.337463,2983.6
891.454102,3006.0
891.57074,2950.8
891.687378,2953.6
891.804077,3001.2
891.920654,2940.8
892.037231,2978.0
892.15387,2974.2
892.270447,2959.8
892.387085,2973.6
892.503723,2970.4
892.6203,2973.8
892.736877,2955.0
892.853516,2992.4
892.970032,2993.8
893.08667,2955.2
893.203186,2971.4
893.319763,2978.6
893.43634,2948.4
893.552917,2966.8
893.669556,2986.6
893.786011,2926.4
893.902588,2984.4
894.019165,2986.0
894.135681,2983.6
894.252197,3007.0
894.368835,3007.2
894.485291,2986.4
894.601868,2986.8
894.718384,2997.6
894.8349,2989.0
894.951355,2972.4
895.067932,3025.0
895.184448,2992.8
895.300964,3009.8
895.417419,2987.8
895.533936,2985.4
895.650452,3001.2
895.766907,2993.4
895.883423,3029.4
895.999878,2992.6
896.116333,2989.8
896.232849,2994.2
896.349304,3007.6
896.465759,2984.6
896.582214,3000.2
896.698669,3021.2
896.815125,2994.4
896.931641,2986.6
897.048035,2977.4
897.164551,3003.4
897.280884,3014.2
897.397339,2985.4
897.513794,3006.0
897.630249,3014.2
897.746582,3028.8
897.863098,3007.0
897.979431,3017.0
898.095886,3025.4
898.212341,3020.0
898.328674,3014.0
898.445129,3015.8
898.561462,3029.2
898.677795,3062.2
898.794312,3034.2
898.910645,2996.4
899.026978,3031.6
899.143433,3047.6
899.259766,3017.6
899.37616,3015.6
899.492493,3001.6
899.608765,3003.2
899.725159,3014.2
899.841553,3011.8
899.957947,3034.4
900.07428,3031.8
900.190552,3019.6
900.306946,2984.0
900.423157,3045.8
900.53949,3023.2
900.655884,3016.8
900.772156,3023.8
900.888489,3038.6
901.004822,3027.8
901.121033,3033.0
901.237366,3027.8
901.353699,3029.2
901.46991,3066.2
901.586304,3042.2
901.702515,3032.6
901.818787,3064.2
901.93512,3083.8
902.051331,3072.0
902.167603,3043.8
902.283875,3071.0
902.400085,3046.0
902.516418,3061.6
902.632629,3060.2
902.74884,3060.2
902.865112,3063.6
902.981384,3054.2
903.097595,3084.4
903.213867,3061.2
903.330017,3056.4
903.446289,3074.8
903.5625,3047.4
903.67865,3060.6
903.794922,3081.2
903.911072,3061.2
904.027344,3038.4
904.143494,3057.6
904.259705,3056.6
904.375916,3019.6
904.492065,3054.8
904.608215,3043.6
904.724426,3034.4
904.840576,3042.4
904.956726,3059.2
905.072876,3048.4
905.189087,3039.2
905.305176,3025.2
905.421387,3056.8
905.537537,3045.4
905.653687,3031.0
905.769775,3035.4
905.885925,3028.4
906.002014,3036.0
906.118164,3018.8
906.234314,3026.2
906.350403,3028.4
906.466492,3036.4
906.582642,3039.8
906.69873,3029.2
906.814758,3031.0
906.930908,3021.6
907.046936,3028.6
907.163086,3032.6
907.279175,3016.4
907.395264,3016.0
907.511353,3025.2
907.62738,3005.6
907.743408,3044.8
907.859497,3048.6
907.975525,3074.0
908.091553,3025.2
908.207703,3030.6
908.32373,3024.6
908.439758,3044.8
908.555786,3013.2
908.671814,3046.4
908.787842,3017.4
908.90387,3035.8
909.019775,3020.2
909.135864,3020.0
909.251892,3039.6
909.367859,3021.8
909.483826,3026.6
909.599854,3017.8
909.715881,3017.2
909.831848,3033.2
909.947815,3024.0
910.063782,3033.8
910.179749,3015.8
910.295776,3027.4
910.411743,3005.6
910.527649,3048.4
910.643616,3031.6
910.759583,3034.6
910.875488,3065.6
910.991455,3062.8
911.107361,3035.8
911.223267,3061.6
911.339294,3026.6
911.4552,3046.4
911.571106,3014.8
911.687073,3058.0
911.802979,3027.0
911.918823,3018.4
912.034729,3042.2
912.150635,3020.0
912.266602,2987.4
912.382446,3026.0
912.498352,3001.4
912.614197,2975.0
912.730103,2991.2
912.846008,2972.4
792.44574,4764.0
792.56488,4646.6
792.68396,4650.4
792.80304,4642.0
792.92218,4581.6
793.041199,4519.6
793.160339,4530.2
793.279419,4550.8
793.398499,4482.2
793.517578,4474.4
793.636658,4417.0
793.755737,4394.0
793.874817,4400.6
793.993896,4371.6
794.112976,4377.0
794.232056,4353.2
794.351074,4290.0
794.470215,4318.4
794.589233,4311.4
794.708313,4267.4
794.827393,4243.6
794.946411,4229.0
795.065552,4242.0
795.18457,4236.4
795.303589,4211.0
795.422668,4216.4
795.541687,4191.6
795.660767,4191.4
795.779846,4160.8
795.898865,4136.2
796.017883,4133.8
796.136963,4120.2
796.255981,4120.8
796.375061,4096.6
796.49408,4083.0
796.613037,4055.8
796.732117,4079.6
796.851135,4052.4
796.970154,4027.4
797.089233,4012.6
797.208191,4006.4
797.327271,4001.2
797.446228,4006.4
797.565186,4042.4
797.684265,4041.6
797.803223,3985.4
797.922241,3988.6
798.04126,4010.0
798.160278,3974.2
798.279297,4002.4
798.398315,3983.4
798.517273,3981.2
798.636292,3957.2
798.75531,3949.0
798.874268,3927.8
798.993286,3979.0
799.112244,3944.8
799.231323,3959.4
799.350281,3935.6
799.469238,3960.6
799.588257,3961.4
799.707153,3950.2
799.826111,3950.0
799.945129,3946.0
800.064087,3949.8
800.183044,3940.6
800.302063,3932.0
800.421021,3925.4
800.539978,3885.6
800.658936,3944.8
800.777893,3977.8
800.896912,3903.6
801.015747,3873.0
801.134705,3899.2
801.253723,3876.6
801.37262,3886.2
801.491638,3853.4
801.610535,3881.4
801.729492,3893.6
801.84845,3838.4
801.967407,3889.4
802.086243,3878.6
802.205261,3851.0
802.324158,3897.0
802.443115,3857.4
802.562073,3854.6
802.680969,3891.0
802.799927,3891.0
802.918762,3875.0
803.037659,3888.4
803.156677,3902.6
803.275574,3886.8
803.39447,3874.4
803.513428,3879.8
803.632263,3861.6
803.751221,3862.0
803.870117,3843.2
803.989014,3866.4
804.107971,3854.8
804.226746,3880.2
804.345642,3889.0
804.4646,3876.8
804.583496,3872.0
804.702393,3877.0
804.821228,3855.6
804.940125,3861.8
805.059021,3872.0
805.177917,3860.2
805.296814,3872.0
805.415649,3874.6
805.534546,3893.2
805.653442,3896.8
805.772278,3863.2
805.891113,3904.2
806.01001,3870.8
806.128906,3878.0
806.247742,3869.8
806.366577,3859.6
806.485413,3867.0
806.604309,3837.6
806.723145,3865.0
806.84198,3901.4
806.960876,3858.0
807.079712,3840.8
807.198486,3848.0
807.317383,3869.8
807.436218,3831.8
807.554993,3833.4
807.673889,3845.8
807.792725,3866.6
807.91156,3897.4
808.030396,3875.0
808.14917,3810.8
808.268005,3843.6
808.386841,3824.4
808.505676,3833.0
808.624451,3803.8
808.743286,3824.2
808.862122,3826.8
808.980896,3827.8
809.099731,3816.4
809.218506,3839.2
809.337341,3824.6
809.456116,3780.4
809.57489,3852.4
809.693726,3854.8
809.8125,3830.8
809.931274,3833.6
810.050049,3842.2
810.168884,3806.4
810.287659,3785.2
810.406372,3794.4
810.525269,3818.8
810.643982,3798.8
810.762756,3791.4
810.881531,3774.4
811.000305,3816.6
811.11908,3795.2
811.237854,3798.8
811.356567,3785.4
811.475403,3810.4
811.594116,3790.0
811.71283,3816.8
811.831604,3785.6
811.950378,3789.2
812.069153,3813.0
812.187927,3801.4
812.30658,3804.0
812.425415,3737.6
812.544128,3746.2
812.662781,3768.4
812.781616,3772.6
812.900269,3754.2
813.019043,3725.2
813.137756,3768.4
813.256531,3772.6
813.375244,3727.4
813.493896,3728.4
813.612671,3752.2
813.731384,3712.6
813.850037,3740.6
813.96875,3728.8
814.087524,3758.8
814.206238,3718.2
814.324951,3723.8
814.443604,3688.0
814.562256,3709.6
814.68103,3743.4
814.799683,3729.4
814.918335,3758.4
815.037109,3726.4
815.155762,3717.8
815.274475,3722.8
815.393188,3707.6
815.511841,3723.6
815.630554,3720.4
815.749146,3739.8
815.867859,3725.0
815.986572,3683.4
816.105164,3694.8
816.223877,3679.8
816.342529,3673.8
816.461182,3712.4
816.579895,3731.8
816.698486,3758.8
816.817139,3704.0
816.935791,3758.6
817.054504,3741.4
817.173096,3685.2
817.291748,3690.6
817.4104,3706.6
817.529053,3714.8
817.647644,3674.4
817.766235,3672.4
817.884949,3677.4
818.00354,3677.2
818.122192,3675.8
818.240845,3661.4
818.359436,3656.0
818.478088,3689.4
818.59668,3661.6
818.715271,3673.8
818.833923,3692.8
818.952515,3637.6
819.071106,3751.0
819.189758,3833.8
819.30835,3655.6
819.426941,3642.2
819.545532,3635.2
819.664124,3601.2
819.782715,3632.4
819.901306,3625.0
820.019897,3622.8
820.138489,3662.8
820.25708,3645.2
820.375671,3670.8
820.494202,3666.8
820.612732,3612.8
820.731384,3619.2
820.849915,3620.0
820.968506,3623.0
821.087097,3622.6
821.205627,3608.4
821.324158,3621.4
821.442749,3605.0
821.561279,3608.6
821.679871,3580.0
821.798401,3556.6
821.916931,3563.0
822.035461,3595.6
822.154053,3578.8
822.272583,3572.4
822.391174,3544.2
822.509583,3567.0
822.628174,3576.6
822.746704,3565.2
822.865234,3515.2
822.983765,3568.0
823.102295,3569.8
823.220825,3561.0
823.339294,3565.4
823.457825,3569.8
823.576355,3560.4
823.694824,3574.4
823.813354,3556.6
823.931885,3534.0
824.050354,3576.6
824.168884,3554.6
824.287354,3555.2
824.405823,3527.0
824.524353,3581.8
824.642822,3568.0
824.761353,3551.2
824.879822,3550.4
824.998291,3541.6
825.116699,3520.2
825.235291,3542.0
825.353699,3546.6
825.472168,3510.0
825.590637,3539.6
825.709106,3530.4
825.827576,3511.2
825.946045,3509.8
826.064453,3532.0
826.182983,3525.4
826.301392,3485.4
826.4198,3497.6
826.53833,3494.6
826.656738,3506.0
826.775208,3509.4
826.893677,3496.0
827.012024,3506.0
827.130493,3469.2
827.248962,3509.6
827.36731,3477.6
827.485779,3489.8
827.604248,3492.4
827.722595,3499.8
827.841064,3474.0
827.959412,3463.0
828.077942,3477.2
828.196289,3492.8
828.314636,3433.6
828.433105,3449.2
828.551514,3477.6
828.669861,3499.4
828.78833,3469.2
828.906677,3470.6
829.025085,3457.4
829.143433,3489.0
829.261841,3458.0
829.38031,3447.2
829.498657,3438.2
829.617004,3485.4
829.735413,3429.2
829.85376,3411.0
829.972107,3436.8
830.090515,3438.2
830.208862,3452.4
830.327209,3434.2
830.445557,3460.8
830.563904,3458.0
830.682312,3461.0
830.800659,3478.0
830.919006,3473.6
831.037354,3455.8
831.155701,3459.0
831.274048,3457.2
831.392395,3466.0
831.51062,3465.2
831.629028,3437.0
831.747314,3489.2
831.865662,3466.0
831.984009,3439.2
832.102356,3430.2
832.220642,3431.0
832.338928,3453.6
832.457275,3477.8
832.575623,3420.6
832.693909,3423.4
832.812134,3460.0
832.930481,3438.4
833.048828,3443.6
833.167114,3417.0
833.2854,3407.8
833.403687,3445.4
833.521973,3413.0
833.640259,3371.6
833.758545,3406.2
833.876831,3424.6
833.995056,3424.6
834.113281,3419.4
834.231628,3386.2
834.349915,3395.2
834.468201,3414.8
834.586426,3467.0
834.704651,3419.2
834.822998,3385.2
834.941162,3462.8
835.059448,3425.8
835.177673,3409.0
835.295959,3428.2
835.414246,3409.0
835.53241,3395.8
835.650635,3376.2
835.768921,3401.2
835.887146,3380.6
836.005371,3406.4
836.123596,3390.8
836.241821,3414.2
836.360046,3435.2
836.478271,3389.8
836.596497,3373.2
836.714722,3373.2
836.832886,3402.4
836.95105,3377.8
837.069336,3410.4
837.1875,3394.4
837.305725,3398.4
837.423889,3375.6
837.542053,3371.2
837.660339,3405.2
837.778503,3402.8
837.896667,3412.2
838.014832,3405.0
838.132996,3400.6
838.25116,3368.4
838.369385,3369.8
838.487488,3394.0
838.605713,3389.2
838.723877,3404.6
838.84198,3367.8
838.960205,3361.4
839.078308,3408.2
839.196472,3353.2
839.314636,3410.2
839.4328,3434.6
839.550964,3386.4
839.669067,3423.4
839.787231,3393.6
839.905396,3402.2
840.023499,3385.6
840.141602,3367.0
840.259766,3410.0
840.377869,3337.6
840.495972,3379.0
840.614136,3343.6
840.732239,3380.2
840.850342,3366.0
840.968445,3325.8
841.086548,3352.6
841.204651,3353.4
841.322754,3360.6
841.440918,3363.8
841.55896,3367.6
841.677002,3355.4
841.795166,3366.2
841.913208,3324.8
842.031311,3345.2
842.149353,3331.8
842.267456,3362.8
842.385498,3396.0
842.503601,3355.2
842.621643,3320.6
842.739746,3375.8
842.857788,3370.2
842.97583,3357.4
843.093933,3370.6
843.211975,3345.8
843.330017,3370.2
843.44812,3371.6
843.566101,3376.2
843.684204,3377.6
843.802246,3362.0
843.920227,3388.0
844.038269,3388.6
844.156311,3373.8
844.274292,3372.4
844.392395,3347.0
844.510376,3367.2
844.628357,3348.4
844.74646,3343.2
844.864441,3339.8
844.982422,3367.2
845.100403,3382.0
845.218384,3358.2
845.336426,3332.8
845.454468,3358.8
845.572449,3337.6
845.69043,3350.6
845.808411,3332.8
845.926453,3330.8
846.044373,3340.6
846.162354,3337.8
846.280396,3358.6
846.398315,3311.4
846.516296,3369.8
846.634216,3370.2
846.752197,3342.8
846.870178,3351.4
846.988098,3320.8
847.106079,3293.4
847.22406,3342.6
847.34198,3323.2
847.4599,3343.2
847.577881,3344.0
847.695801,3358.8
847.813782,3355.2
847.931641,3342.2
848.049561,3368.0
848.167603,3310.6
848.285461,3366.0
848.403381,3341.4
848.521362,3386.0
848.639221,3374.2
848.75708,3352.0
848.875,3342.2
848.99292,3353.8
849.110901,3328.4
849.22876,3327.8
849.34668,3345.2
849.464539,3354.4
849.582458,3297.8
849.700317,3329.2
849.818176,3343.0
849.936096,3316.2
850.053955,3319.4
850.171875,3338.8
850.289673,3490.0
850.407593,3562.6
850.525452,3348.2
850.643311,3336.4
850.761169,3330.4
850.878967,3319.8
850.996887,3426.8
851.114746,3486.8
851.232544,3538.8
851.350403,3496.0
851.468262,3447.6
851.58606,3333.4
851.703979,3336.0
851.821777,3357.0
851.939636,3355.4
852.057434,3371.6
852.175232,3364.6
852.293091,3340.4
852.410889,3383.4
852.528687,3386.6
852.646545,3368.6
852.764343,3338.4
852.88208,3360.8
852.999939,3327.0
853.117676,3370.0
853.235535,3316.0
853.353271,3343.8
853.471069,3325.4
853.588928,3320.0
853.706604,3310.6
853.824402,3362.6
853.9422,3326.8
854.059998,3327.4
854.177734,3358.4
854.295532,3338.2
854.413269,3331.6
854.531006,3324.0
854.648804,3326.4
854.766541,3338.0
854.884277,3362.0
855.002014,3370.0
855.119751,3393.6
855.237549,3408.6
855.355225,3387.6
855.473022,3400.4
855.590698,3405.8
855.708435,3386.4
855.826172,3356.4
855.943848,3425.2
856.061646,3388.8
856.179321,3360.8
856.296997,3349.2
856.414795,3367.4
856.53241,3391.8
856.650085,3385.6
856.767822,3360.4
856.885559,3373.2
857.003174,3373.6
857.120911,3337.0
857.238586,3331.8
857.356201,3382.4
857.473938,3316.6
857.591614,3342.4
857.709351,3370.0
857.826965,3320.2
857.944641,3330.0
858.062317,3318.2
858.179993,3353.4
858.297668,3326.2
858.415283,3338.2
858.532959,3318.4
858.650574,3320.4
858.768188,3332.4
858.885803,3325.2
859.003479,3337.6
859.121094,3322.6
859.23877,3358.8
859.356384,3342.8
859.473999,3343.2
859.591675,3319.8
859.709229,3373.0
859.826843,3338.0
859.944458,3313.4
860.062012,3321.6
860.179626,3311.0
860.297302,3329.0
860.414856,3315.8
860.532471,3314.8
860.650024,3319.6
860.767639,3312.6
860.885193,3293.2
861.002808,3273.8
861.120361,3332.8
861.237976,3348.2
861.35553,3313.0
861.473022,3300.2
861.590698,3334.2
861.708191,3301.8
861.825745,3302.0
861.943298,3276.4
862.060852,3298.2
862.178406,3293.0
862.295959,3298.8
862.413513,3282.6
862.531006,3254.8
862.64856,3275.8
862.766113,3260.2
862.883667,3270.8
863.00116,3300.8
863.118713,3298.8
863.236206,3289.8
863.353699,3301.4
863.471252,3277.6
863.588745,3255.6
863.706177,3282.8
863.82373,3296.4
863.941162,3283.8
864.058716,3281.0
864.176208,3287.8
864.29364,3302.4
864.411194,3310.8
864.528687,3268.8
864.646118,3319.2
864.763611,3248.8
864.881042,3283.4
864.998535,3286.8
865.116028,3250.0
865.233459,3259.8
865.350891,3247.8
865.468384,3306.0
865.585754,3320.2
865.703308,3292.4
865.820679,3293.0
865.938171,3275.2
866.055542,3275.4
866.173035,3302.6
866.290466,3306.2
866.407837,3287.6
866.52533,3308.0
866.6427,3306.6
866.760071,3271.4
866.877563,3282.2
866.994934,3318.0
867.112305,3296.4
867.229736,3276.0
867.347107,3275.6
867.464539,3298.4
867.58197,3271.2
867.699341,3299.0
867.81665,3304.0
867.934082,3298.2
868.051453,3277.8
868.168823,3277.2
868.286194,3266.2
868.403564,3301.0
868.520935,3304.2
868.638306,3317.6
868.755676,3256.0
868.872986,3284.0
868.990295,3289.4
869.107727,3297.0
869.225037,3272.2
869.342346,3256.8
869.459717,3296.0
869.577026,3267.4
869.694336,3276.6
869.811707,3272.8
869.929016,3273.4
870.046326,3287.8
870.163635,3276.6
870.280945,3286.2
870.398254,3260.8
870.515564,3287.8
870.632812,3259.8
870.750183,3275.0
870.867432,3283.8
870.984741,3265.8
871.102051,3267.0
871.219299,3256.8
871.336609,3289.2
871.453918,3279.0
871.571106,3286.4
871.688416,3276.0
871.805664,3299.8
871.922852,3284.6
872.040222,3270.0
872.157471,3296.0
872.274719,3285.6
872.391968,3270.6
872.509155,3307.8
872.626465,3279.8
872.743652,3300.0
872.860962,3273.2
872.978149,3302.2
873.095337,3276.6
873.212646,3280.2
873.329834,3268.2
873.44696,3252.2
873.564209,3268.6
873.681396,3268.4
873.798645,3266.2
873.915894,3286.8
874.03302,3271.2
874.150208,3269.2
874.267456,3274.6
874.384583,3284.4
874.501831,3252.2
874.618958,3283.4
874.736145,3265.6
874.853333,3308.8
874.970459,3266.8
875.087646,3297.6
875.204834,3290.4
875.32196,3297.4
875.439148,3280.6
875.556274,3289.2
875.673401,3258.8
875.790527,3258.6
875.907715,3271.0
876.024841,3232.2
876.141968,3292.2
876.259094,3280.8
876.376282,3259.2
876.493347,3266.4
876.610474,3250.4
876.7276,3278.4
876.844727,3282.2
876.961853,3226.8
877.078918,3287.6
877.195984,3291.4
877.313171,3310.0
877.430237,3233.4
877.547302,3274.2
877.664368,3262.0
877.781433,3311.2
877.898499,3300.0
878.015625,3282.8
878.13269,3264.6
878.249695,3274.0
878.366821,3262.0
878.483887,3248.8
878.600952,3278.2
878.717957,3233.4
878.834961,3288.4
878.952087,3274.0
879.069092,3289.4
879.186157,3272.6
879.303162,3264.0
879.420227,3249.2
879.537231,3256.0
879.654236,3231.2
879.77124,3266.4
879.888306,3250.2
880.005249,3254.4
880.122314,3214.0
880.239319,3267.4
880.356323,3213.4
880.473328,3262.2
880.590271,3205.4
880.707275,3241.6
880.824341,3237.6
880.941284,3230.2
881.058228,3232.0
881.175232,3271.0
881.292236,3237.0
881.40918,3227.0
881.526123,3281.4
881.643066,3245.6
881.760071,3280.8
881.877014,3288.0
881.993958,3261.4
882.11084,3254.8
882.227783,3236.8
882.344727,3248.8
882.46167,3230.2
882.578613,3259.6
882.695618,3241.8
882.812439,3216.8
882.929382,3250.4
883.046326,3269.8
883.163208,3271.4
883.280151,3242.4
883.397034,3183.0
883.513916,3278.6
883.630798,3248.6
883.747742,3266.8
883.864563,3272.4
883.981506,3297.0
884.098389,3268.8
884.21521,3261.0
884.332153,3295.8
884.448975,3233.6
884.565796,3274.2
884.682678,3228.8
884.7995,3243.8
884.916443,3260.6
885.033264,3271.0
885.150085,3261.8
885.266968,3280.6
885.383789,3281.2
885.500671,3301.2
885.617493,3299.8
885.734314,3309.2
885.851196,3324.2
885.967896,3286.2
886.084717,3266.2
886.201599,3317.0
886.318359,3313.0
886.435181,3296.4
886.552002,3298.4
886.668762,3305.2
886.785645,3292.0
886.902344,3296.0
887.019165,3262.8
887.135925,3301.6
887.252747,3275.2
887.369446,3307.6
887.486267,3245.4
887.603027,3289.4
887.719788,3260.4
887.836548,3251.0
887.953247,3256.2
888.070068,3271.4
888.186829,3259.4
888.303528,3287.6
888.420288,3243.6
888.536987,3248.6
888.653687,3230.4
888.770447,3249.4
888.887146,3237.0
889.003967,3266.2
889.120667,3267.8
889.237305,3259.8
889.354065,3257.4
889.470703,3255.2
889.587463,3244.0
889.704163,3257.8
889.820862,3239.4
889.937561,3255.6
890.054199,3249.4
890.170837,3259.2
890.287598,3211.0
890.404236,3218.6
890.520874,3260.4
890.637634,3273.6
890.754211,3221.4
890.87085,3234.4
890.987549,3215.4
891.104187,3250.6
891.220886,3260.2
891.337463,3232.0
891.454102,3271.2
891.57074,3244.8
891.687378,3240.6
891.804077,3259.4
891.920654,3205.0
892.037231,3226.6
892.15387,3227.0
892.270447,3220.0
892.387085,3224.2
892.503723,3242.2
892.6203,3219.8
892.736877,3188.2
892.853516,3232.0
892.970032,3268.0
893.08667,3248.8
893.203186,3239.4
893.319763,3235.4
893.43634,3242.2
893.552917,3257.6
893.669556,3271.4
893.786011,3246.2
893.902588,3246.8
894.019165,3248.0
894.135681,3235.8
894.252197,3234.0
894.368835,3267.6
894.485291,3262.2
894.601868,3247.4
894.718384,3271.0
894.8349,3244.8
894.951355,3255.4
895.067932,3242.8
895.184448,3249.2
895.300964,3258.6
895.417419,3244.2
895.533936,3275.0
895.650452,3300.0
895.766907,3240.4
895.883423,3263.4
895.999878,3267.2
896.116333,3275.2
896.232849,3263.0
896.349304,3257.0
896.465759,3248.0
896.582214,3266.6
896.698669,3229.2
896.815125,3255.8
896.931641,3254.6
897.048035,3256.4
897.164551,3287.4
897.280884,3281.6
897.397339,3219.8
897.513794,3291.0
897.630249,3283.4
897.746582,3255.8
897.863098,3281.8
897.979431,3313.0
898.095886,3265.0
898.212341,3256.6
898.328674,3310.4
898.445129,3267.8
898.561462,3261.2
898.677795,3277.6
898.794312,3262.0
898.910645,3264.2
899.026978,3225.0
899.143433,3261.0
899.259766,3245.6
899.37616,3241.8
899.492493,3239.8
899.608765,3251.2
899.725159,3270.0
899.841553,3273.4
899.957947,3267.0
900.07428,3270.6
900.190552,3266.0
900.306946,3275.0
900.423157,3298.6
900.53949,3260.0
900.655884,3287.8
900.772156,3302.2
900.888489,3283.2
901.004822,3270.2
901.121033,3261.2
901.237366,3249.0
901.353699,3289.4
901.46991,3254.4
901.586304,3237.0
901.702515,3242.6
901.818787,3280.8
901.93512,3268.6
902.051331,3277.6
902.167603,3293.6
902.283875,3287.6
902.400085,3278.4
902.516418,3280.8
902.632629,3251.8
902.74884,3279.2
902.865112,3271.2
902.981384,3289.8
903.097595,3285.4
903.213867,3290.2
903.330017,3289.2
903.446289,3322.0
903.5625,3317.6
903.67865,3308.8
903.794922,3324.2
903.911072,3275.8
904.027344,3291.8
904.143494,3250.6
904.259705,3265.0
904.375916,3232.2
904.492065,3271.4
904.608215,3262.8
904.724426,3239.4
904.840576,3232.6
904.956726,3242.8
905.072876,3250.0
905.189087,3259.4
905.305176,3288.8
905.421387,3265.4
905.537537,3265.6
905.653687,3258.0
905.769775,3259.8
905.885925,3307.4
906.002014,3274.0
906.118164,3239.8
906.234314,3234.6
906.350403,3269.0
906.466492,3253.6
906.582642,3250.8
906.69873,3260.0
906.814758,3246.8
906.930908,3234.2
907.046936,3213.4
907.163086,3298.8
907.279175,3269.0
907.395264,3264.4
907.511353,3234.6
907.62738,3264.0
907.743408,3256.2
907.859497,3272.2
907.975525,3267.0
908.091553,3269.4
908.207703,3276.4
908.32373,3278.0
908.439758,3295.4
908.555786,3284.8
908.671814,3261.2
908.787842,3279.6
908.90387,3268.0
909.019775,3245.0
909.135864,3252.2
909.251892,3289.4
909.367859,3270.8
909.483826,3252.0
909.599854,3273.6
909.715881,3242.6
909.831848,3251.2
909.947815,3258.6
910.063782,3236.4
910.179749,3214.2
910.295776,3236.6
910.411743,3246.0
910.527649,3255.6
910.643616,3279.2
910.759583,3253.8
910.875488,3268.6
910.991455,3238.8
911.107361,3261.2
911.223267,3234.2
911.339294,3260.6
911.4552,3272.4
911.571106,3227.2
911.687073,3287.4
911.802979,3228.4
911.918823,3214.6
912.034729,3261.8
912.150635,3243.4
912.266602,3236.4
912.382446,3238.4
912.498352,3210.4
912.614197,3220.4
912.730103,3215.0
912.846008,3225.0
792.44574,4986.8
792.56488,4902.6
792.68396,4915.6
792.80304,4859.6
792.92218,4728.0
793.041199,4757.4
793.160339,4732.0
793.279419,4752.6
793.398499,4712.2
793.517578,4647.0
793.636658,4622.6
793.755737,4643.0
793.874817,4581.6
793.993896,4560.2
794.112976,4557.8
794.232056,4526.2
794.351074,4467.6
794.470215,4530.2
794.589233,4461.6
794.708313,4443.0
794.827393,4416.4
794.946411,4398.0
795.065552,4375.6
795.18457,4351.6
795.303589,4403.2
795.422668,4329.6
795.541687,4349.4
795.660767,4340.0
795.779846,4296.4
795.898865,4292.4
796.017883,4244.0
796.136963,4247.8
796.255981,4233.4
796.375061,4235.4
796.49408,4218.6
796.613037,4208.2
796.732117,4174.0
796.851135,4157.6
796.970154,4123.0
797.089233,4088.2
797.208191,4096.8
797.327271,4127.0
797.446228,4122.6
797.565186,4119.4
797.684265,4110.2
797.803223,4055.0
797.922241,4092.8
798.04126,4107.6
798.160278,4050.8
798.279297,4062.8
798.398315,4060.4
798.517273,4051.8
798.636292,4034.4
798.75531,4037.2
798.874268,4022.8
798.993286,4035.2
799.112244,4027.6
799.231323,4027.2
799.350281,4013.0
799.469238,4033.6
799.588257,4007.6
799.707153,4021.2
799.826111,4031.2
799.945129,4006.8
800.064087,4015.8
800.183044,3992.8
800.302063,4011.4
800.421021,3987.8
800.539978,3994.6
800.658936,3969.6
800.777893,4011.8
800.896912,3987.0
801.015747,3969.6
801.134705,3977.4
801.253723,3948.4
801.37262,3928.0
801.491638,3955.0
801.610535,3968.4
801.729492,3950.6
801.84845,3936.2
801.967407,3975.2
802.086243,3935.8
802.205261,3947.6
802.324158,3960.6
802.443115,3917.6
802.562073,3944.4
802.680969,3945.2
802.799927,3915.6
802.918762,3925.0
803.037659,3954.2
803.156677,3968.2
803.275574,3946.8
803.39447,3948.2
803.513428,3913.0
803.632263,3948.8
803.751221,3932.4
803.870117,3950.8
803.989014,3926.4
804.107971,3935.0
804.226746,3950.4
804.345642,3944.6
804.4646,3957.2
804.583496,3961.0
804.702393,3913.8
804.821228,3932.4
804.940125,3916.0
805.059021,3916.8
805.177917,3955.4
805.296814,3957.2
805.415649,3942.6
805.534546,3942.4
805.653442,3948.8
805.772278,3979.2
805.891113,3965.0
806.01001,3971.6
806.128906,3919.2
806.247742,3915.2
806.366577,3937.0
806.485413,3913.0
806.604309,3929.6
806.723145,3898.4
806.84198,3931.0
806.960876,3918.4
807.079712,3922.8
807.198486,3939.4
807.317383,3890.0
807.436218,3892.6
807.554993,3883.4
807.673889,3911.6
807.792725,3853.4
807.91156,3888.4
808.030396,3902.6
808.14917,3856.2
808.268005,3853.8
808.386841,3894.0
808.505676,3846.2
808.624451,3908.2
808.743286,3860.0
808.862122,3857.4
808.980896,3884.8
809.099731,3860.6
809.218506,3886.2
809.337341,3885.0
809.456116,3868.8
809.57489,3919.2
809.693726,3845.4
809.8125,3856.4
809.931274,3847.6
810.050049,3875.4
810.168884,3868.0
810.287659,3840.0
810.406372,3879.6
810.525269,3853.2
810.643982,3845.6
810.762756,3825.2
810.881531,3825.0
811.000305,3823.0
811.11908,3817.0
811.237854,3859.6
811.356567,3859.8
811.475403,3816.8
811.594116,3847.8
811.71283,3835.2
811.831604,3831.2
811.950378,3850.6
812.069153,3830.0
812.187927,3838.6
812.30658,3834.6
812.425415,3804.8
812.544128,3812.0
812.662781,3805.6
812.781616,3787.6
812.900269,3816.0
813.019043,3840.8
813.137756,3823.0
813.256531,3807.6
813.375244,3779.4
813.493896,3761.8
813.612671,3787.6
813.731384,3775.2
813.850037,3776.6
813.96875,3781.8
814.087524,3767.8
814.206238,3766.6
814.324951,3769.2
814.443604,3751.8
814.562256,3740.4
814.68103,3782.0
814.799683,3750.0
814.918335,3764.2
815.037109,3772.0
815.155762,3743.8
815.274475,3769.4
815.393188,3756.0
815.511841,3765.8
815.630554,3790.6
815.749146,3767.8
815.867859,3724.8
815.986572,3732.4
816.105164,3762.0
816.223877,3761.8
816.342529,3731.0
816.461182,3750.2
816.579895,3761.8
816.698486,3747.4
816.817139,3784.6
816.935791,3743.8
817.054504,3781.8
817.173096,3749.2
817.291748,3747.0
817.4104,3754.2
817.529053,3706.8
817.647644,3757.4
817.766235,3699.4
817.884949,3728.4
818.00354,3715.0
818.122192,3738.0
818.240845,3719.6
818.359436,3710.0
818.478088,3725.4
818.59668,3702.8
818.715271,3717.4
818.833923,3684.2
818.952515,3684.8
819.071106,3704.0
819.189758,3661.8
819.30835,3703.8
819.426941,3677.0
819.545532,3719.0
819.664124,3684.2
819.782715,3655.2
819.901306,3686.2
820.019897,3660.8
820.138489,3715.0
820.25708,3737.0
820.375671,3665.0
820.494202,3685.6
820.612732,3667.2
820.731384,3670.2
820.849915,3660.0
820.968506,3627.4
821.087097,3661.6
821.205627,3669.4
821.324158,3665.0
821.442749,3646.2
821.561279,3673.8
821.679871,3633.4
821.798401,3621.0
821.916931,3609.4
822.035461,3641.0
822.154053,3643.6
822.272583,3601.4
822.391174,3590.6
822.509583,3590.8
822.628174,3642.6
822.746704,3592.4
822.865234,3597.8
822.983765,3620.6
823.102295,3642.8
823.220825,3597.0
823.339294,3637.4
823.457825,3624.4
823.576355,3626.8
823.694824,3609.2
823.813354,3632.8
823.931885,3603.6
824.050354,3623.8
824.168884,3611.4
824.287354,3594.6
824.405823,3593.2
824.524353,3595.2
824.642822,3608.0
824.761353,3595.8
824.879822,3591.6
824.998291,3569.6
825.116699,3589.8
825.235291,3621.8
825.353699,3616.2
825.472168,3573.0
825.590637,3581.2
825.709106,3600.8
825.827576,3582.0
825.946045,3541.2
826.064453,3563.0
826.182983,3561.2
826.301392,3541.4
826.4198,3554.6
826.53833,3576.6
826.656738,3555.0
826.775208,3538.8
826.893677,3536.8
827.012024,3527.4
827.130493,3559.0
827.248962,3520.0
827.36731,3546.8
827.485779,3557.8
827.604248,3529.8
827.722595,3515.0
827.841064,3511.6
827.959412,3524.0
828.077942,3491.6
828.196289,3533.6
828.314636,3523.8
828.433105,3484.0
828.551514,3482.0
828.669861,3514.8
828.78833,3524.2
828.906677,3482.0
829.025085,3511.0
829.143433,3540.4
829.261841,3504.8
829.38031,3478.6
829.498657,3498.0
829.617004,3513.8
829.735413,3503.6
829.85376,3452.4
829.972107,3480.0
830.090515,3475.8
830.208862,3501.2
830.327209,3473.6
830.445557,3497.8
830.563904,3501.8
830.682312,3510.6
830.800659,3491.0
830.919006,3504.4
831.037354,3483.0
831.155701,3505.4
831.274048,3488.0
831.392395,3509.6
831.51062,3511.8
831.629028,3454.4
831.747314,3485.0
831.865662,3497.2
831.984009,3495.2
832.102356,3509.4
832.220642,3480.4
832.338928,3487.2
832.457275,3478.4
832.575623,3460.6
832.693909,3469.2
832.812134,3496.2
832.930481,3471.4
833.048828,3472.0
833.167114,3415.4
833.2854,3443.8
833.403687,3437.0
833.521973,3475.8
833.640259,3426.6
833.758545,3419.4
833.876831,3428.6
833.995056,3460.6
834.113281,3507.8
834.231628,3465.6
834.349915,3451.0
834.468201,3489.6
834.586426,3486.0
834.704651,3475.8
834.822998,3433.4
834.941162,3514.8
835.059448,3467.0
835.177673,3479.0
835.295959,3454.6
835.414246,3452.6
835.53241,3442.8
835.650635,3456.2
835.768921,3455.6
835.887146,3459.4
836.005371,3445.4
836.123596,3437.6
836.241821,3454.6
836.360046,3455.0
836.478271,3425.4
836.596497,3436.2
836.714722,3410.4
836.832886,3406.0
836.95105,3417.6
837.069336,3451.2
837.1875,3435.4
837.305725,3406.6
837.423889,3425.0
837.542053,3450.4
837.660339,3458.8
837.778503,3453.2
837.896667,3436.2
838.014832,3413.6
838.132996,3416.4
838.25116,3409.4
838.369385,3426.8
838.487488,3417.2
838.605713,3420.8
838.723877,3430.4
838.84198,3427.8
838.960205,3394.0
839.078308,3419.0
839.196472,3412.2
839.314636,3462.6
839.4328,3460.6
839.550964,3450.4
839.669067,3427.4
839.787231,3439.6
839.905396,3436.0
840.023499,3444.2
840.141602,3431.8
840.259766,3420.2
840.377869,3390.8
840.495972,3401.6
840.614136,3401.0
840.732239,3409.8
840.850342,3391.6
840.968445,3379.0
841.086548,3387.2
841.204651,3426.4
841.322754,3420.8
841.440918,3411.4
841.55896,3391.0
841.677002,3415.0
841.795166,3415.2
841.913208,3415.0
842.031311,3383.8
842.149353,3398.6
842.267456,3360.8
842.385498,3409.8
842.503601,3406.8
842.621643,3395.8
842.739746,3398.8
842.857788,3364.8
842.97583,3392.0
843.093933,3388.0
843.211975,3431.0
843.330017,3421.4
843.44812,3370.4
843.566101,3396.8
843.684204,3398.8
843.802246,3389.6
843.920227,3437.6
844.038269,3401.8
844.156311,3414.4
844.274292,3430.4
844.392395,3432.8
844.510376,3407.6
844.628357,3429.8
844.74646,3414.2
844.864441,3420.6
844.982422,3435.4
845.100403,3420.4
845.218384,3399.2
845.336426,3398.8
845.454468,3418.2
845.572449,3410.6
845.69043,3380.8
845.808411,3387.0
845.926453,3387.2
846.044373,3386.0
846.162354,3397.6
846.280396,3379.6
846.398315,3363.0
846.516296,3386.0
846.634216,3382.0
846.752197,3377.4
846.870178,3387.0
846.988098,3369.8
847.106079,3379.8
847.22406,3382.0
847.34198,3385.2
847.4599,3390.8
847.577881,3376.4
847.695801,3376.2
847.813782,3377.6
847.931641,3405.8
848.049561,3382.4
848.167603,3348.6
848.285461,3382.8
848.403381,3414.8
848.521362,3370.0
848.639221,3405.6
848.75708,3380.0
848.875,3397.2
848.99292,3376.8
849.110901,3409.8
849.22876,3375.4
849.34668,3383.6
849.464539,3369.4
849.582458,3380.8
849.700317,3327.0
849.818176,3358.0
849.936096,3369.6
850.053955,3391.8
850.171875,3366.6
850.289673,3384.2
850.407593,3352.6
850.525452,3392.8
850.643311,3380.8
850.761169,3374.6
850.878967,3358.2
850.996887,3385.8
851.114746,3362.8
851.232544,3368.8
851.350403,3391.0
851.468262,3388.2
851.58606,3363.8
851.703979,3361.8
851.821777,3380.0
851.939636,3364.8
852.057434,3366.8
852.175232,3421.8
852.293091,3407.2
852.410889,3445.8
852.528687,3434.0
852.646545,3413.6
852.764343,3381.0
852.88208,3403.0
852.999939,3396.6
853.117676,3426.6
853.235535,3388.8
853.353271,3372.4
853.471069,3378.8
853.588928,3353.8
853.706604,3361.0
853.824402,3395.8
853.9422,3396.2
854.059998,3388.0
854.177734,3399.6
854.295532,3396.8
854.413269,3389.2
854.531006,3380.8
854.648804,3422.2
854.766541,3407.2
854.884277,3400.4
855.002014,3401.4
855.119751,3425.6
855.237549,3443.2
855.355225,3441.4
855.473022,3477.0
855.590698,3458.6
855.708435,3451.0
855.826172,3431.6
855.943848,3482.0
856.061646,3477.0
856.179321,3414.2
856.296997,3423.2
856.414795,3415.2
856.53241,3423.6
856.650085,3437.2
856.767822,3422.2
856.885559,3433.4
857.003174,3403.4
857.120911,3385.8
857.238586,3398.2
857.356201,3396.8
857.473938,3375.0
857.591614,3378.4
857.709351,3389.4
857.826965,3361.8
857.944641,3390.4
858.062317,3374.4
858.179993,3354.0
858.297668,3366.6
858.415283,3357.6
858.532959,3361.4
858.650574,3370.8
858.768188,3343.2
858.885803,3381.2
859.003479,3384.0
859.121094,3377.2
859.23877,3375.2
859.356384,3378.2
859.473999,3352.2
859.591675,3378.0
859.709229,3382.2
859.826843,3401.2
859.944458,3340.4
860.062012,3359.2
860.179626,3365.8
860.297302,3345.4
860.414856,3355.0
860.532471,3327.4
860.650024,3339.2
860.767639,3340.2
860.885193,3369.4
861.002808,3326.2
861.120361,3368.0
861.237976,3357.4
861.35553,3367.8
861.473022,3352.2
861.590698,3404.2
861.708191,3375.2
861.825745,3340.6
861.943298,3341.8
862.060852,3334.2
862.178406,3326.6
862.295959,3345.8
862.413513,3300.6
862.531006,3325.8
862.64856,3310.4
862.766113,3337.4
862.883667,3328.4
863.00116,3298.4
863.118713,3302.8
863.236206,3307.6
863.353699,3318.2
863.471252,3322.2
863.588745,3348.6
863.706177,3306.0
863.82373,3306.0
863.941162,3317.0
864.058716,3328.4
864.176208,3311.2
864.29364,3296.4
864.411194,3321.6
864.528687,3315.6
864.646118,3342.4
864.763611,3293.6
864.881042,3321.0
864.998535,3313.2
865.116028,3316.6
865.233459,3316.8
865.350891,3262.6
865.468384,3345.2
865.585754,3325.0
865.703308,3306.8
865.820679,3349.8
865.938171,3332.4
866.055542,3327.4
866.173035,3335.2
866.290466,3324.6
866.407837,3322.4
866.52533,3307.2
866.6427,3349.6
866.760071,3343.6
866.877563,3331.6
866.994934,3335.0
867.112305,3310.8
867.229736,3348.8
867.347107,3317.6
867.464539,3316.4
867.58197,3303.0
867.699341,3286.6
867.81665,3290.8
867.934082,3288.2
868.051453,3320.6
868.168823,3315.4
868.286194,3336.6
868.403564,3301.6
868.520935,3346.6
868.638306,3335.8
868.755676,3309.0
868.872986,3338.6
868.990295,3327.2
869.107727,3354.4
869.225037,3278.0
869.342346,3308.0
869.459717,3332.4
869.577026,3323.6
869.694336,3334.6
869.811707,3254.6
869.929016,3319.6
870.046326,3313.8
870.163635,3307.8
870.280945,3310.0
870.398254,3295.4
870.515564,3341.2
870.632812,3287.0
870.750183,3323.8
870.867432,3301.6
870.984741,3280.8
871.102051,3289.0
871.219299,3334.4
871.336609,3314.2
871.453918,3359.6
871.571106,3338.0
871.688416,3329.4
871.805664,3304.4
871.922852,3326.8
872.040222,3320.8
872.157471,3323.4
872.274719,3311.6
872.391968,3337.6
872.509155,3324.4
872.626465,3319.4
872.743652,3315.4
872.860962,3311.6
872.978149,3320.8
873.095337,3320.6
873.212646,3339.0
873.329834,3306.8
873.44696,3330.4
873.564209,3330.6
873.681396,3328.8
873.798645,3308.6
873.915894,3314.8
874.03302,3268.4
874.150208,3296.8
874.267456,3291.0
874.384583,3267.2
874.501831,3341.2
874.618958,3293.4
874.736145,3323.6
874.853333,3309.4
874.970459,3310.8
875.087646,3336.6
875.204834,3306.6
875.32196,3307.6
875.439148,3324.8
875.556274,3282.8
875.673401,3299.8
875.790527,3289.2
875.907715,3341.4
876.024841,3306.2
876.141968,3312.2
876.259094,3327.8
876.376282,3310.2
876.493347,3320.2
876.610474,3305.2
876.7276,3281.8
876.844727,3344.0
876.961853,3290.4
877.078918,3319.8
877.195984,3361.8
877.313171,3343.4
877.430237,3310.2
877.547302,3316.8
877.664368,3326.6
877.781433,3306.4
877.898499,3327.2
878.015625,3350.0
878.13269,3297.8
878.249695,3313.8
878.366821,3295.6
878.483887,3294.4
878.600952,3297.2
878.717957,3318.2
878.834961,3311.2
878.952087,3344.6
879.069092,3337.8
879.186157,3325.8
879.303162,3285.8
879.420227,3314.2
879.537231,3293.8
879.654236,3296.6
879.77124,3309.6
879.888306,3283.0
880.005249,3274.8
880.122314,3264.0
880.239319,3281.6
880.356323,3264.8
880.473328,3266.0
880.590271,3266.6
880.707275,3285.8
880.824341,3279.4
880.941284,3254.4
881.058228,3305.0
881.175232,3294.2
881.292236,3281.4
881.40918,3272.4
881.526123,3296.4
881.643066,3289.2
881.760071,3309.4
881.877014,3250.0
881.993958,3322.0
882.11084,3241.2
882.227783,3291.8
882.344727,3280.2
882.46167,3254.4
882.578613,3260.6
882.695618,3272.0
882.812439,3239.4
882.929382,3248.4
883.046326,3271.4
883.163208,3239.8
883.280151,3264.6
883.397034,3281.6
883.513916,3291.0
883.630798,3297.4
883.747742,3277.4
883.864563,3292.4
883.981506,3315.6
884.098389,3331.6
884.21521,3289.0
884.332153,3270.2
884.448975,3292.6
884.565796,3293.4
884.682678,3293.2
884.7995,3303.2
884.916443,3301.0
885.033264,3310.6
885.150085,3310.6
885.266968,3313.0
885.383789,3317.2
885.500671,3329.8
885.617493,3347.4
885.734314,3333.0
885.851196,3335.0
885.967896,3364.0
886.084717,3361.4
886.201599,3353.6
886.318359,3320.0
886.435181,3344.8
886.552002,3359.2
886.668762,3366.2
886.785645,3374.0
886.902344,3313.2
887.019165,3287.2
887.135925,3304.2
887.252747,3338.6
887.369446,3310.2
887.486267,3303.0
887.603027,3291.0
887.719788,3306.8
887.836548,3308.0
887.953247,3287.4
888.070068,3274.0
888.186829,3298.8
888.303528,3289.4
888.420288,3293.0
888.536987,3270.2
888.653687,3292.8
888.770447,3298.0
888.887146,3277.0
889.003967,3283.2
889.120667,3279.4
889.237305,3276.6
889.354065,3288.6
889.470703,3278.6
889.587463,3249.2
889.704163,3303.8
889.820862,3277.6
889.937561,3263.2
890.054199,3301.2
890.170837,3279.6
890.287598,3268.4
890.404236,3249.6
890.520874,3263.2
890.637634,3267.4
890.754211,3276.2
890.87085,3265.2
890.987549,3285.2
891.104187,3289.8
891.220886,3288.0
891.337463,3286.6
891.454102,3277.4
891.57074,3287.6
891.687378,3269.2
891.804077,3288.2
891.920654,3245.8
892.037231,3255.0
892.15387,3255.6
892.270447,3237.8
892.387085,3274.2
892.503723,3273.8
892.6203,3254.4
892.736877,3221.8
892.853516,3280.2
892.970032,3277.4
893.08667,3259.6
893.203186,3274.0
893.319763,3231.4
893.43634,3267.6
893.552917,3276.2
893.669556,3305.6
893.786011,3298.6
893.902588,3236.6
894.019165,3258.0
894.135681,3274.2
894.252197,3290.2
894.368835,3280.6
894.485291,3274.6
894.601868,3246.2
894.718384,3262.4
894.8349,3257.8
894.951355,3259.6
895.067932,3273.6
895.184448,3247.8
895.300964,3302.8
895.417419,3291.2
895.533936,3292.4
895.650452,3315.6
895.766907,3308.4
895.883423,3296.6
895.999878,3283.4
896.116333,3291.0
896.232849,3302.8
896.349304,3275.4
896.465759,3279.2
896.582214,3269.4
896.698669,3212.6
896.815125,3278.2
896.931641,3273.0
897.048035,3295.6
897.164551,3264.2
897.280884,3274.6
897.397339,3277.2
897.513794,3259.6
897.630249,3313.2
897.746582,3268.6
897.863098,3282.6
897.979431,3280.8
898.095886,3278.6
898.212341,3285.8
898.328674,3321.6
898.445129,3308.4
898.561462,3303.8
898.677795,3272.2
898.794312,3259.6
898.910645,3274.2
899.026978,3248.8
899.143433,3276.0
899.259766,3257.0
899.37616,3254.0
899.492493,3278.0
899.608765,3312.2
899.725159,3285.2
899.841553,3295.2
899.957947,3263.6
900.07428,3265.4
900.190552,3304.6
900.306946,3273.8
900.423157,3302.8
900.53949,3284.4
900.655884,3291.2
900.772156,3306.8
900.888489,3334.0
901.004822,3285.6
901.121033,3293.6
901.237366,3250.8
901.353699,3281.4
901.46991,3269.4
901.586304,3282.0
901.702515,3262.6
901.818787,3288.8
901.93512,3284.6
902.051331,3289.0
902.167603,3289.4
902.283875,3279.6
902.400085,3269.6
902.516418,3285.4
902.632629,3287.2
902.74884,3297.6
902.865112,3307.8
902.981384,3280.6
903.097595,3306.4
903.213867,3284.0
903.330017,3317.0
903.446289,3328.2
903.5625,3287.8
903.67865,3310.0
903.794922,3327.4
903.911072,3297.0
904.027344,3316.0
904.143494,3272.6
904.259705,3314.0
904.375916,3274.2
904.492065,3293.0
904.608215,3293.4
904.724426,3263.2
904.840576,3268.4
904.956726,3243.4
905.072876,3261.0
905.189087,3284.6
905.305176,3291.4
905.421387,3277.0
905.537537,3294.8
905.653687,3322.6
905.769775,3268.6
905.885925,3330.0
906.002014,3286.8
906.118164,3274.8
906.234314,3283.4
906.350403,3279.0
906.466492,3287.6
906.582642,3289.4
906.69873,3307.6
906.814758,3259.8
906.930908,3306.6
907.046936,3255.2
907.163086,3286.8
907.279175,3279.2
907.395264,3270.0
907.511353,3275.0
907.62738,3281.8
907.743408,3288.8
907.859497,3305.8
907.975525,3300.0
908.091553,3277.0
908.207703,3276.0
908.32373,3270.6
908.439758,3272.8
908.555786,3263.6
908.671814,3322.8
908.787842,3267.2
908.90387,3283.6
909.019775,3280.4
909.135864,3253.6
909.251892,3291.6
909.367859,3288.8
909.483826,3308.8
909.599854,3254.8
909.715881,3278.6
909.831848,3291.6
909.947815,3274.4
910.063782,3245.4
910.179749,3280.8
910.295776,3269.4
910.411743,3287.2
910.527649,3281.2
910.643616,3296.2
910.759583,3283.6
910.875488,3316.0
910.991455,3283.2
911.107361,3253.4
911.223267,3289.6
911.339294,3259.6
911.4552,3281.0
911.571106,3263.0
911.687073,3262.4
911.802979,3248.0
911.918823,3269.6
912.034729,3297.8
912.150635,3250.0
912.266602,3228.6
912.382446,3228.2
912.498352,3218.0
912.614197,3239.2
912.730103,3229.8
912.846008,3202.4
792.44574,5310.6
792.56488,5219.6
792.68396,5178.0
792.80304,5185.6
792.92218,5055.6
793.041199,5037.0
793.160339,5018.8
793.279419,4947.2
793.398499,4903.0
793.517578,4859.2
793.636658,4812.2
793.755737,4817.8
793.874817,4739.0
793.993896,4713.8
794.112976,4701.0
794.232056,4676.6
794.351074,4650.0
794.470215,4604.4
794.589233,4554.0
794.708313,4537.6
794.827393,4522.4
794.946411,4476.4
795.065552,4439.8
795.18457,4430.0
795.303589,4460.8
795.422668,4428.6
795.541687,4370.4
795.660767,4357.0
795.779846,4329.6
795.898865,4274.8
796.017883,4308.8
796.136963,4289.2
796.255981,4253.4
796.375061,4253.6
796.49408,4241.8
796.613037,4214.4
796.732117,4207.2
796.851135,4178.6
796.970154,4129.8
797.089233,4121.0
797.208191,4115.8
797.327271,4120.8
797.446228,4104.8
797.565186,4073.0
797.684265,4130.8
797.803223,4061.4
797.922241,4094.8
798.04126,4077.8
798.160278,4067.0
798.279297,4035.8
798.398315,4024.0
798.517273,4040.6
798.636292,4008.0
798.75531,4023.0
798.874268,4016.0
798.993286,4025.2
799.112244,3996.4
799.231323,3987.8
799.350281,3951.0
799.469238,4023.0
799.588257,3985.8
799.707153,3984.0
799.826111,3996.8
799.945129,4004.6
800.064087,3980.8
800.183044,3976.8
800.302063,3987.0
800.421021,3991.0
800.539978,3947.2
800.658936,3948.6
800.777893,3976.2
800.896912,3940.6
801.015747,3917.8
801.134705,3899.2
801.253723,3915.0
801.37262,3927.2
801.491638,3949.8
801.610535,3939.2
801.729492,3905.0
801.84845,3923.8
801.967407,3893.4
802.086243,3914.4
802.205261,3913.0
802.324158,3893.2
802.443115,3933.8
802.562073,3879.6
802.680969,3895.0
802.799927,3925.8
802.918762,3916.2
803.037659,3860.2
803.156677,3931.0
803.275574,3868.6
803.39447,3903.8
803.513428,3885.2
803.632263,3870.2
803.751221,3889.4
803.870117,3891.8
803.989014,3888.0
804.107971,3884.8
804.226746,3886.8
804.345642,3882.8
804.4646,3875.8
804.583496,3897.2
804.702393,3878.6
804.821228,3891.6
804.940125,3873.8
805.059021,3883.4
805.177917,3883.2
805.296814,3896.6
805.415649,3919.2
805.534546,3889.4
805.653442,3879.6
805.772278,3916.2
805.891113,3911.4
806.01001,3913.4
806.128906,3869.6
806.247742,3895.0
806.366577,3886.8
806.485413,3863.8
806.604309,3854.6
806.723145,3861.2
806.84198,3884.6
806.960876,3859.2
807.079712,3912.6
807.198486,3843.2
807.317383,3874.8
807.436218,3845.0
807.554993,3862.0
807.673889,3871.2
807.792725,3824.8
807.91156,3863.2
808.030396,3872.8
808.14917,3809.4
808.268005,3826.0
808.386841,3869.4
808.505676,3851.6
808.624451,3814.0
808.743286,3834.2
808.862122,3841.6
808.980896,3827.0
809.099731,3845.4
809.218506,3861.0
809.337341,3837.0
809.456116,3813.4
809.57489,3839.2
809.693726,3852.6
809.8125,3820.2
809.931274,3852.4
810.050049,3831.2
810.168884,3836.0
810.287659,3798.4
810.406372,3852.6
810.525269,3833.2
810.643982,3802.0
810.762756,3813.6
810.881531,3786.0
811.000305,3840.6
811.11908,3778.0
811.237854,3776.4
811.356567,3810.6
811.475403,3793.4
811.594116,3795.6
811.71283,3791.6
811.831604,3808.6
811.950378,3821.4
812.069153,3809.8
812.187927,3804.4
812.30658,3804.8
812.425415,3743.8
812.544128,3801.8
812.662781,3769.2
812.781616,3745.4
812.900269,3775.0
813.019043,3768.2
813.137756,3755.2
813.256531,3782.2
813.375244,3774.0
813.493896,3745.6
813.612671,3771.2
813.731384,3744.0
813.850037,3718.2
813.96875,3738.2
814.087524,3759.4
814.206238,3730.8
814.324951,3736.4
814.443604,3736.0
814.562256,3696.6
814.68103,3721.8
814.799683,3727.4
814.918335,3725.0
815.037109,3708.8
815.155762,3779.6
815.274475,3871.6
815.393188,3860.4
815.511841,3889.6
815.630554,3732.6
815.749146,3710.6
815.867859,3708.8
815.986572,3717.2
816.105164,3703.2
816.223877,3720.6
816.342529,3686.0
816.461182,3725.0
816.579895,3719.8
816.698486,3736.2
816.817139,3734.0
816.935791,3723.8
817.054504,3719.8
817.173096,3716.0
817.291748,3708.6
817.4104,3709.4
817.529053,3693.2
817.647644,3665.6
817.766235,3640.0
817.884949,3676.8
818.00354,3690.8
818.122192,3676.6
818.240845,3669.0
818.359436,3641.6
818.478088,3671.0
818.59668,3678.8
818.715271,3649.2
818.833923,3656.6
818.952515,3632.2
819.071106,3664.8
819.189758,3653.4
819.30835,3646.6
819.426941,3633.8
819.545532,3621.6
819.664124,3657.0
819.782715,3662.8
819.901306,3666.6
820.019897,3661.6
820.138489,3671.4
820.25708,3695.4
820.375671,3640.0
820.494202,3644.6
820.612732,3629.8
820.731384,3605.2
820.849915,3620.4
820.968506,3598.8
821.087097,3578.2
821.205627,3595.4
821.324158,3599.0
821.442749,3583.4
821.561279,3577.2
821.679871,3597.6
821.798401,3530.8
821.916931,3587.2
822.035461,3574.8
822.154053,3564.2
822.272583,3546.2
822.391174,3559.8
822.509583,3531.0
822.628174,3573.0
822.746704,3574.8
822.865234,3528.6
822.983765,3555.6
823.102295,3565.2
823.220825,3541.0
823.339294,3564.6
823.457825,3548.4
823.576355,3541.2
823.694824,3529.2
823.813354,3564.4
823.931885,3497.2
824.050354,3565.2
824.168884,3513.0
824.287354,3537.6
824.405823,3530.0
824.524353,3558.8
824.642822,3554.8
824.761353,3553.0
824.879822,3539.0
824.998291,3513.2
825.116699,3526.8
825.235291,3526.4
825.353699,3521.6
825.472168,3500.0
825.590637,3522.6
825.709106,3512.6
825.827576,3500.8
825.946045,3489.4
826.064453,3498.2
826.182983,3481.6
826.301392,3510.6
826.4198,3501.4
826.53833,3530.4
826.656738,3506.0
826.775208,3491.0
826.893677,3476.6
827.012024,3482.6
827.130493,3469.4
827.248962,3490.4
827.36731,3479.8
827.485779,3488.2
827.604248,3473.4
827.722595,3461.2
827.841064,3447.0
827.959412,3453.4
828.077942,3419.4
828.196289,3422.4
828.314636,3437.4
828.433105,3417.4
828.551514,3439.4
828.669861,3420.0
828.78833,3399.6
828.906677,3444.0
829.025085,3449.4
829.143433,3432.6
829.261841,3423.2
829.38031,3413.4
829.498657,3425.4
829.617004,3412.0
829.735413,3439.0
829.85376,3450.6
829.972107,3436.4
830.090515,3431.4
830.208862,3446.0
830.327209,3433.0
830.445557,3440.6
830.563904,3473.0
830.682312,3449.2
830.800659,3437.8
830.919006,3466.6
831.037354,3430.2
831.155701,3430.0
831.274048,3467.4
831.392395,3422.8
831.51062,3401.0
831.629028,3406.4
831.747314,3434.8
831.865662,3448.4
831.984009,3469.0
832.102356,3467.4
832.220642,3434.8
832.338928,3429.4
832.457275,3458.6
832.575623,3431.2
832.693909,3446.4
832.812134,3409.0
832.930481,3429.6
833.048828,3422.6
833.167114,3409.6
833.2854,3384.4
833.403687,3387.6
833.521973,3393.4
833.640259,3412.8
833.758545,3410.0
833.876831,3414.6
833.995056,3396.2
834.113281,3426.2
834.231628,3455.0
834.349915,3443.2
834.468201,3435.0
834.586426,3429.4
834.704651,3444.2
834.822998,3414.2
834.941162,3457.4
835.059448,3450.6
835.177673,3458.4
835.295959,3447.6
835.414246,3436.4
835.53241,3439.8
835.650635,3405.4
835.768921,3415.0
835.887146,3409.4
836.005371,3405.4
836.123596,3404.0
836.241821,3397.2
836.360046,3390.8
836.478271,3407.2
836.596497,3404.2
836.714722,3347.6
836.832886,3369.2
836.95105,3347.6
837.069336,3398.6
837.1875,3400.8
837.305725,3382.0
837.423889,3355.0
837.542053,3391.4
837.660339,3398.2
837.778503,3411.4
837.896667,3398.4
838.014832,3382.6
838.132996,3387.0
838.25116,3356.4
838.369385,3385.8
838.487488,3427.6
838.605713,3387.8
838.723877,3375.0
838.84198,3392.6
838.960205,3393.6
839.078308,3375.2
839.196472,3380.4
839.314636,3385.0
839.4328,3406.2
839.550964,3397.6
839.669067,3371.2
839.787231,3373.8
839.905396,3400.4
840.023499,3406.0
840.141602,3394.8
840.259766,3402.6
840.377869,3399.6
840.495972,3372.8
840.614136,3363.6
840.732239,3361.2
840.850342,3369.8
840.968445,3360.4
841.086548,3370.2
841.204651,3346.2
841.322754,3391.2
841.440918,3368.2
841.55896,3378.4
841.677002,3376.2
841.795166,3383.0
841.913208,3381.0
842.031311,3404.8
842.149353,3398.8
842.267456,3394.0
842.385498,3342.8
842.503601,3370.4
842.621643,3373.8
842.739746,3382.2
842.857788,3378.4
842.97583,3372.0
843.093933,3380.0
843.211975,3398.8
843.330017,3404.0
843.44812,3395.8
843.566101,3372.8
843.684204,3382.8
843.802246,3381.6
843.920227,3404.6
844.038269,3421.6
844.156311,3418.6
844.274292,3365.8
844.392395,3418.2
844.510376,3418.6
844.628357,3397.4
844.74646,3398.8
844.864441,3383.4
844.982422,3426.0
845.100403,3438.4
845.218384,3398.2
845.336426,3365.4
845.454468,3392.4
845.572449,3360.0
845.69043,3393.4
845.808411,3362.8
845.926453,3368.8
846.044373,3352.2
846.162354,3354.2
846.280396,3371.8
846.398315,3354.4
846.516296,3388.2
846.634216,3352.6
846.752197,3365.8
846.870178,3403.4
846.988098,3359.8
847.106079,3378.2
847.22406,3359.8
847.34198,3359.2
847.4599,3360.0
847.577881,3356.8
847.695801,3389.4
847.813782,3398.2
847.931641,3361.4
848.049561,3372.4
848.167603,3340.0
848.285461,3360.4
848.403381,3369.0
848.521362,3389.4
848.639221,3408.6
848.75708,3398.0
848.875,3374.8
848.99292,3383.0
849.110901,3373.0
849.22876,3366.4
849.34668,3384.0
849.464539,3348.0
849.582458,3370.0
849.700317,3352.0
849.818176,3343.6
849.936096,3342.6
850.053955,3354.6
850.171875,3356.8
850.289673,3385.0
850.407593,3343.8
850.525452,3368.8
850.643311,3372.4
850.761169,3370.4
850.878967,3372.6
850.996887,3416.8
851.114746,3372.2
851.232544,3370.0
851.350403,3376.0
851.468262,3378.0
851.58606,3351.8
851.703979,3416.8
851.821777,3367.4
851.939636,3390.4
852.057434,3419.2
852.175232,3427.8
852.293091,3407.8
852.410889,3432.2
852.528687,3457.6
852.646545,3418.0
852.764343,3427.4
852.88208,3421.8
852.999939,3379.0
853.117676,3385.2
853.235535,3368.4
853.353271,3396.0
853.471069,3375.8
853.588928,3375.8
853.706604,3378.8
853.824402,3380.8
853.9422,3379.6
854.059998,3390.4
854.177734,3326.2
854.295532,3377.0
854.413269,3354.2
854.531006,3372.2
854.648804,3408.2
854.766541,3410.8
854.884277,3435.4
855.002014,3422.0
855.119751,3428.8
855.237549,3448.0
855.355225,3504.8
855.473022,3476.8
855.590698,3496.6
855.708435,3493.0
855.826172,3465.4
855.943848,3527.0
856.061646,3500.2
856.179321,3468.2
856.296997,3446.6
856.414795,3475.0
856.53241,3446.4
856.650085,3480.8
856.767822,3428.0
856.885559,3447.2
857.003174,3407.4
857.120911,3397.6
857.238586,3368.2
857.356201,3398.8
857.473938,3388.6
857.591614,3359.2
857.709351,3367.0
857.826965,3353.8
857.944641,3384.6
858.062317,3354.2
858.179993,3393.0
858.297668,3355.8
858.415283,3352.6
858.532959,3367.6
858.650574,3347.4
858.768188,3359.4
858.885803,3359.8
859.003479,3377.0
859.121094,3367.8
859.23877,3378.0
859.356384,3355.6
859.473999,3360.6
859.591675,3354.2
859.709229,3356.8
859.826843,3332.8
859.944458,3338.2
860.062012,3348.6
860.179626,3357.6
860.297302,3351.0
860.414856,3336.2
860.532471,3309.8
860.650024,3316.2
860.767639,3345.8
860.885193,3323.4
861.002808,3314.4
861.120361,3381.0
861.237976,3339.6
861.35553,3334.0
861.473022,3359.2
861.590698,3323.2
861.708191,3349.2
861.825745,3337.0
861.943298,3313.0
862.060852,3329.8
862.178406,3284.4
862.295959,3281.4
862.413513,3308.8
862.531006,3318.2
862.64856,3304.8
862.766113,3296.2
862.883667,3304.4
863.00116,3305.4
863.118713,3288.6
863.236206,3297.8
863.353699,3303.4
863.471252,3286.8
863.588745,3312.8
863.706177,3296.0
863.82373,3313.0
863.941162,3291.6
864.058716,3285.4
864.176208,3299.0
864.29364,3299.8
864.411194,3348.8
864.528687,3282.0
864.646118,3303.0
864.763611,3282.8
864.881042,3288.8
864.998535,3338.0
865.116028,3309.6
865.233459,3340.2
865.350891,3289.2
865.468384,3279.6
865.585754,3335.6
865.703308,3296.6
865.820679,3312.8
865.938171,3307.8
866.055542,3342.8
866.173035,3305.8
866.290466,3320.2
866.407837,3284.4
866.52533,3342.6
866.6427,3355.0
866.760071,3339.6
866.877563,3323.6
866.994934,3329.0
867.112305,3299.8
867.229736,3306.0
867.347107,3278.8
867.464539,3303.8
867.58197,3305.4
867.699341,3337.8
867.81665,3300.2
867.934082,3278.4
868.051453,3309.8
868.168823,3298.2
868.286194,3323.0
868.403564,3347.8
868.520935,3311.2
868.638306,3340.4
868.755676,3329.8
868.872986,3332.0
868.990295,3344.4
869.107727,3321.6
869.225037,3314.6
869.342346,3346.0
869.459717,3331.2
869.577026,3339.4
869.694336,3317.2
869.811707,3306.0
869.929016,3309.0
870.046326,3315.2
870.163635,3316.4
870.280945,3351.8
870.398254,3327.2
870.515564,3334.8
870.632812,3299.2
870.750183,3318.6
870.867432,3335.2
870.984741,3332.4
871.102051,3296.2
871.219299,3296.2
871.336609,3306.6
871.453918,3337.2
871.571106,3327.2
871.688416,3369.2
871.805664,3330.0
871.922852,3326.6
872.040222,3339.0
872.157471,3368.8
872.274719,3345.2
872.391968,3323.2
872.509155,3336.0
872.626465,3322.6
872.743652,3321.0
872.860962,3334.0
872.978149,3312.0
873.095337,3327.4
873.212646,3336.2
873.329834,3323.2
873.44696,3301.8
873.564209,3333.4
873.681396,3324.0
873.798645,3317.2
873.915894,3334.6
874.03302,3324.4
874.150208,3336.8
874.267456,3320.0
874.384583,3316.2
874.501831,3323.6
874.618958,3320.6
874.736145,3335.0
874.853333,3308.8
874.970459,3336.8
875.087646,3322.0
875.204834,3316.2
875.32196,3341.4
875.439148,3362.6
875.556274,3345.0
875.673401,3327.8
875.790527,3347.2
875.907715,3300.8
876.024841,3315.2
876.141968,3322.0
876.259094,3316.2
876.376282,3328.4
876.493347,3336.8
876.610474,3314.4
876.7276,3364.2
876.844727,3349.2
876.961853,3343.4
877.078918,3354.8
877.195984,3352.6
877.313171,3358.2
877.430237,3315.6
877.547302,3332.4
877.664368,3334.6
877.781433,3351.6
877.898499,3334.2
878.015625,3325.4
878.13269,3320.4
878.249695,3338.0
878.366821,3299.2
878.483887,3352.2
878.600952,3332.4
878.717957,3344.8
878.834961,3316.0
878.952087,3332.6
879.069092,3331.2
879.186157,3316.2
879.303162,3284.0
879.420227,3303.6
879.537231,3315.0
879.654236,3326.6
879.77124,3328.4
879.888306,3283.4
880.005249,3286.0
880.122314,3243.4
880.239319,3311.8
880.356323,3272.0
880.473328,3264.4
880.590271,3317.2
880.707275,3279.8
880.824341,3275.6
880.941284,3271.0
881.058228,3270.8
881.175232,3280.2
881.292236,3292.6
881.40918,3279.0
881.526123,3310.0
881.643066,3278.8
881.760071,3312.6
881.877014,3303.6
881.993958,3319.8
882.11084,3307.8
882.227783,3261.0
882.344727,3265.0
882.46167,3283.0
882.578613,3262.2
882.695618,3292.2
882.812439,3261.8
882.929382,3291.8
883.046326,3311.6
883.163208,3323.0
883.280151,3318.8
883.397034,3302.4
883.513916,3315.6
883.630798,3313.4
883.747742,3321.0
883.864563,3298.2
883.981506,3351.4
884.098389,3337.4
884.21521,3314.2
884.332153,3327.6
884.448975,3289.4
884.565796,3324.0
884.682678,3314.2
884.7995,3306.0
884.916443,3329.4
885.033264,3352.6
885.150085,3345.6
885.266968,3384.4
885.383789,3395.4
885.500671,3383.2
885.617493,3370.6
885.734314,3408.8
885.851196,3348.6
885.967896,3370.6
886.084717,3361.0
886.201599,3382.4
886.318359,3346.2
886.435181,3397.8
886.552002,3371.6
886.668762,3380.2
886.785645,3351.4
886.902344,3368.0
887.019165,3340.6
887.135925,3336.2
887.252747,3344.0
887.369446,3347.6
887.486267,3328.6
887.603027,3311.6
887.719788,3318.8
887.836548,3319.8
887.953247,3301.2
888.070068,3293.8
888.186829,3326.2
888.303528,3311.2
888.420288,3281.8
888.536987,3319.6
888.653687,3311.6
888.770447,3285.4
888.887146,3302.6
889.003967,3306.0
889.120667,3337.6
889.237305,3308.2
889.354065,3304.6
889.470703,3319.2
889.587463,3279.8
889.704163,3264.6
889.820862,3269.6
889.937561,3290.4
890.054199,3273.8
890.170837,3299.0
890.287598,3286.0
890.404236,3292.2
890.520874,3289.2
890.637634,3299.2
890.754211,3288.6
890.87085,3300.0
890.987549,3290.6
891.104187,3320.6
891.220886,3303.4
891.337463,3285.6
891.454102,3307.4
891.57074,3287.8
891.687378,3283.8
891.804077,3285.6
891.920654,3298.8
892.037231,3266.2
892.15387,3273.0
892.270447,3265.0
892.387085,3326.2
892.503723,3271.2
892.6203,3265.6
892.736877,3275.0
892.853516,3286.4
892.970032,3299.4
893.08667,3287.4
893.203186,3302.2
893.319763,3278.4
893.43634,3290.6
893.552917,3306.2
893.669556,3300.4
893.786011,3295.2
893.902588,3280.6
894.019165,3296.4
894.135681,3288.6
894.252197,3294.2
894.368835,3319.0
894.485291,3307.4
894.601868,3322.8
894.718384,3311.6
894.8349,3273.8
894.951355,3306.8
895.067932,3299.2
895.184448,3330.0
895.300964,3343.2
895.417419,3308.4
895.533936,3298.8
895.650452,3311.0
895.766907,3331.4
895.883423,3340.2
895.999878,3351.0
896.116333,3305.6
896.232849,3301.2
896.349304,3317.4
896.465759,3286.4
896.582214,3295.2
896.698669,3302.8
896.815125,3289.4
896.931641,3291.6
897.048035,3293.0
897.164551,3319.0
897.280884,3320.4
897.397339,3276.8
897.513794,3321.2
897.630249,3332.4
897.746582,3323.0
897.863098,3327.6
897.979431,3324.0
898.095886,3338.4
898.212341,3311.4
898.328674,3327.2
898.445129,3338.8
898.561462,3325.0
898.677795,3314.2
898.794312,3291.0
898.910645,3278.0
899.026978,3292.4
899.143433,3280.0
899.259766,3286.0
899.37616,3266.0
899.492493,3307.2
899.608765,3303.4
899.725159,3312.0
899.841553,3295.2
899.957947,3341.2
900.07428,3295.4
900.190552,3317.0
900.306946,3317.4
900.423157,3336.4
900.53949,3316.6
900.655884,3330.0
900.772156,3341.6
900.888489,3376.6
901.004822,3293.8
901.121033,3280.6
901.237366,3320.2
901.353699,3323.6
901.46991,3305.6
901.586304,3328.0
901.702515,3319.0
901.818787,3332.6
901.93512,3339.8
902.051331,3314.2
902.167603,3353.8
902.283875,3350.4
902.400085,3319.8
902.516418,3308.0
902.632629,3305.0
902.74884,3315.2
902.865112,3345.2
902.981384,3356.8
903.097595,3345.6
903.213867,3349.4
903.330017,3353.0
903.446289,3323.6
903.5625,3336.4
903.67865,3338.8
903.794922,3347.4
903.911072,3312.0
904.027344,3321.2
904.143494,3347.8
904.259705,3337.8
904.375916,3288.8
904.492065,3311.6
904.608215,3291.2
904.724426,3285.2
904.840576,3295.0
904.956726,3292.6
905.072876,3310.0
905.189087,3330.0
905.305176,3313.8
905.421387,3300.2
905.537537,3338.0
905.653687,3301.6
905.769775,3309.8
905.885925,3324.6
906.002014,3314.6
906.118164,3310.6
906.234314,3326.2
906.350403,3302.8
906.466492,3304.0
906.582642,3293.6
906.69873,3326.6
906.814758,3288.2
906.930908,3285.6
907.046936,3248.8
907.163086,3299.8
907.279175,3309.0
907.395264,3302.0
907.511353,3322.2
907.62738,3300.4
907.743408,3277.2
907.859497,3335.2
907.975525,3323.8
908.091553,3295.0
908.207703,3323.0
908.32373,3295.4
908.439758,3313.0
908.555786,3308.0
908.671814,3313.0
908.787842,3330.4
908.90387,3323.6
909.019775,3304.4
909.135864,3264.2
909.251892,3315.4
909.367859,3300.2
909.483826,3298.2
909.599854,3290.0
909.715881,3265.0
909.831848,3295.4
909.947815,3318.4
910.063782,3300.4
910.179749,3306.8
910.295776,3281.2
910.411743,3300.4
910.527649,3324.2
910.643616,3334.0
910.759583,3312.2
910.875488,3333.4
910.991455,3303.8
911.107361,3283.6
911.223267,3308.0
911.339294,3301.8
911.4552,3292.0
911.571106,3263.8
911.687073,3276.4
911.802979,3271.8
911.918823,3299.6
912.034729,3308.6
912.150635,3273.4
912.266602,3291.0
912.382446,3284.0
912.498352,3269.8
912.614197,3286.4
912.730103,3263.6
912.846008,3264.4
792.44574,4935.2
792.56488,4837.8
792.68396,4886.4
792.80304,4821.0
792.92218,4752.0
793.041199,4790.2
793.160339,4756.4
793.279419,4792.6
793.398499,4692.0
793.517578,4688.6
793.636658,4634.6
793.755737,4662.6
793.874817,4610.0
793.993896,4562.4
794.112976,4551.8
794.232056,4596.0
794.351074,4521.8
794.470215,4524.8
794.589233,4527.0
794.708313,4481.8
794.827393,4516.0
794.946411,4444.2
795.065552,4453.8
795.18457,4461.4
795.303589,4476.8
795.422668,4439.0
795.541687,4442.2
795.660767,4442.0
795.779846,4406.4
795.898865,4361.2
796.017883,4359.8
796.136963,4372.2
796.255981,4374.8
796.375061,4347.8
796.49408,4355.0
796.613037,4346.2
796.732117,4313.8
796.851135,4286.8
796.970154,4257.0
797.089233,4265.4
797.208191,4275.0
797.327271,4292.4
797.446228,4270.2
797.565186,4310.2
797.684265,4236.4
797.803223,4259.4
797.922241,4250.2
798.04126,4239.2
798.160278,4220.0
798.279297,4202.4
798.398315,4208.2
798.517273,4213.8
798.636292,4215.6
798.75531,4181.0
798.874268,4222.8
798.993286,4195.6
799.112244,4163.2
799.231323,4167.8
799.350281,4199.8
799.469238,4209.8
799.588257,4192.4
799.707153,4193.0
799.826111,4179.4
799.945129,4178.6
800.064087,4202.0
800.183044,4181.4
800.302063,4198.0
800.421021,4183.4
800.539978,4141.4
800.658936,4169.0
800.777893,4164.2
800.896912,4151.0
801.015747,4135.0
801.134705,4138.2
801.253723,4149.6
801.37262,4131.2
801.491638,4145.2
801.610535,4147.4
801.729492,4110.8
801.84845,4119.6
801.967407,4156.2
802.086243,4146.4
802.205261,4125.0
802.324158,4156.0
802.443115,4100.4
802.562073,4133.6
802.680969,4150.2
802.799927,4149.0
802.918762,4119.6
803.037659,4117.4
803.156677,4152.2
803.275574,4143.2
803.39447,4165.2
803.513428,4095.2
803.632263,4124.4
803.751221,4102.4
803.870117,4120.0
803.989014,4123.4
804.107971,4130.6
804.226746,4122.8
804.345642,4122.8
804.4646,4150.0
804.583496,4088.0
804.702393,4117.4
804.821228,4153.8
804.940125,4115.2
805.059021,4125.8
805.177917,4111.8
805.296814,4155.0
805.415649,4137.2
805.534546,4188.0
805.653442,4138.0
805.772278,4166.0
805.891113,4164.2
806.01001,4153.8
806.128906,4135.0
806.247742,4124.6
806.366577,4111.8
806.485413,4132.2
806.604309,4147.0
806.723145,4101.6
806.84198,4160.2
806.960876,4115.4
807.079712,4125.4
807.198486,4170.6
807.317383,4107.8
807.436218,4104.8
807.554993,4088.2
807.673889,4106.2
807.792725,4099.8
807.91156,4095.0
808.030396,4141.0
808.14917,4082.4
808.268005,4072.8
808.386841,4158.6
808.505676,4114.6
808.624451,4087.8
808.743286,4092.4
808.862122,4062.0
808.980896,4065.0
809.099731,4102.2
809.218506,4091.2
809.337341,4112.2
809.456116,4084.8
809.57489,4115.4
809.693726,4103.2
809.8125,4081.0
809.931274,4123.6
810.050049,4104.4
810.168884,4087.6
810.287659,4080.4
810.406372,4074.6
810.525269,4029.2
810.643982,4019.6
810.762756,4042.6
810.881531,4029.0
811.000305,4024.6
811.11908,4026.8
811.237854,3999.6
811.356567,4064.6
811.475403,4066.2
811.594116,4000.8
811.71283,4019.2
811.831604,4045.2
811.950378,4049.4
812.069153,4038.6
812.187927,4059.4
812.30658,4035.8
812.425415,4010.4
812.544128,4017.8
812.662781,4006.6
812.781616,3992.4
812.900269,4005.8
813.019043,4015.2
813.137756,3964.0
813.256531,4001.8
813.375244,3951.2
813.493896,4005.8
813.612671,4010.0
813.731384,3963.8
813.850037,3986.0
813.96875,3939.2
814.087524,3942.8
814.206238,3969.6
814.324951,3945.6
814.443604,3931.8
814.562256,3963.0
814.68103,3945.0
814.799683,3969.2
814.918335,3929.0
815.037109,3937.6
815.155762,3988.6
815.274475,3974.6
815.393188,3922.2
815.511841,3944.6
815.630554,3939.2
815.749146,3928.2
815.867859,3926.2
815.986572,3950.4
816.105164,3921.4
816.223877,3934.6
816.342529,3909.8
816.461182,3923.8
816.579895,3943.4
816.698486,3955.4
816.817139,3961.2
816.935791,3970.2
817.054504,3942.4
817.173096,3929.2
817.291748,3926.2
817.4104,3944.0
817.529053,3911.2
817.647644,3977.0
817.766235,3905.6
817.884949,3930.4
818.00354,3908.4
818.122192,3949.6
818.240845,3926.2
818.359436,3903.4
818.478088,3928.6
818.59668,3895.0
818.715271,3908.8
818.833923,3899.0
818.952515,3893.6
819.071106,3882.4
819.189758,3912.4
819.30835,3928.8
819.426941,3879.4
819.545532,3893.2
819.664124,3895.0
819.782715,3882.0
819.901306,3928.8
820.019897,3890.8
820.138489,3897.6
820.25708,3937.0
820.375671,3902.6
820.494202,3911.0
820.612732,3903.4
820.731384,3866.8
820.849915,3889.6
820.968506,3877.8
821.087097,3847.4
821.205627,3876.2
821.324158,3868.6
821.442749,3839.2
821.561279,3862.8
821.679871,3843.2
821.798401,3807.8
821.916931,3845.0
822.035461,3830.2
822.154053,3840.8
822.272583,3801.4
822.391174,3799.2
822.509583,3810.2
822.628174,3821.6
822.746704,3836.0
822.865234,3785.4
822.983765,3819.8
823.102295,3830.6
823.220825,3801.6
823.339294,3800.4
823.457825,3828.4
823.576355,3802.6
823.694824,3816.0
823.813354,3799.6
823.931885,3810.0
824.050354,3811.4
824.168884,3815.6
824.287354,3751.4
824.405823,3750.0
824.524353,3825.0
824.642822,3778.8
824.761353,3793.4
824.879822,3802.4
824.998291,3767.0
825.116699,3765.2
825.235291,3811.0
825.353699,3787.2
825.472168,3782.0
825.590637,3793.4
825.709106,3783.0
825.827576,3747.0
825.946045,3752.4
826.064453,3743.0
826.182983,3765.2
826.301392,3729.0
826.4198,3756.0
826.53833,3766.2
826.656738,3743.2
826.775208,3744.2
826.893677,3779.4
827.012024,3745.4
827.130493,3732.6
827.248962,3729.4
827.36731,3725.6
827.485779,3738.6
827.604248,3738.0
827.722595,3725.6
827.841064,3721.0
827.959412,3760.2
828.077942,3692.8
828.196289,3710.4
828.314636,3686.2
828.433105,3681.2
828.551514,3663.4
828.669861,3672.6
828.78833,3680.4
828.906677,3691.0
829.025085,3713.0
829.143433,3708.8
829.261841,3716.6
829.38031,3679.2
829.498657,3691.8
829.617004,3691.4
829.735413,3701.0
829.85376,3679.0
829.972107,3666.0
830.090515,3692.8
830.208862,3684.2
830.327209,3656.8
830.445557,3701.8
830.563904,3691.0
830.682312,3714.8
830.800659,3718.0
830.919006,3693.2
831.037354,3702.0
831.155701,3700.4
831.274048,3705.4
831.392395,3691.4
831.51062,3695.6
831.629028,3678.6
831.747314,3692.8
831.865662,3669.6
831.984009,3689.4
832.102356,3682.4
832.220642,3655.2
832.338928,3681.2
832.457275,3678.8
832.575623,3674.6
832.693909,3652.4
832.812134,3645.0
832.930481,3644.8
833.048828,3633.4
833.167114,3669.4
833.2854,3619.0
833.403687,3663.6
833.521973,3585.2
833.640259,3607.6
833.758545,3630.4
833.876831,3605.4
833.995056,3616.2
834.113281,3645.6
834.231628,3638.4
834.349915,3599.4
834.468201,3648.0
834.586426,3606.4
834.704651,3658.4
834.822998,3606.0
834.941162,3659.0
835.059448,3641.0
835.177673,3643.4
835.295959,3625.8
835.414246,3644.0
835.53241,3606.8
835.650635,3607.4
835.768921,3602.6
835.887146,3626.6
836.005371,3613.0
836.123596,3639.4
836.241821,3624.6
836.360046,3629.0
836.478271,3591.2
836.596497,3597.2
836.714722,3594.8
836.832886,3586.8
836.95105,3585.0
837.069336,3625.6
837.1875,3632.4
837.305725,3609.8
837.423889,3621.0
837.542053,3554.6
837.660339,3603.2
837.778503,3596.0
837.896667,3607.4
838.014832,3590.8
838.132996,3580.4
838.25116,3595.8
838.369385,3597.4
838.487488,3619.8
838.605713,3606.2
838.723877,3599.4
838.84198,3630.4
838.960205,3572.8
839.078308,3575.6
839.196472,3583.8
839.314636,3602.4
839.4328,3602.0
839.550964,3624.0
839.669067,3562.0
839.787231,3588.6
839.905396,3606.6
840.023499,3561.6
840.141602,3555.0
840.259766,3581.6
840.377869,3603.6
840.495972,3573.2
840.614136,3553.6
840.732239,3594.4
840.850342,3542.4
840.968445,3528.4
841.086548,3527.0
841.204651,3541.2
841.322754,3537.4
841.440918,3547.6
841.55896,3537.2
841.677002,3542.6
841.795166,3517.8
841.913208,3533.8
842.031311,3544.2
842.149353,3544.0
842.267456,3572.0
842.385498,3541.6
842.503601,3544.8
842.621643,3529.6
842.739746,3538.6
842.857788,3557.0
842.97583,3548.4
843.093933,3562.2
843.211975,3685.4
843.330017,3735.4
843.44812,3769.8
843.566101,3689.4
843.684204,3816.8
843.802246,3702.6
843.920227,3595.4
844.038269,3595.8
844.156311,3571.2
844.274292,3525.0
844.392395,3560.4
844.510376,3585.4
844.628357,3501.2
844.74646,3541.6
844.864441,3522.4
844.982422,3559.6
845.100403,3574.0
845.218384,3534.2
845.336426,3556.0
845.454468,3531.4
845.572449,3519.6
845.69043,3555.8
845.808411,3521.6
845.926453,3519.0
846.044373,3525.2
846.162354,3556.4
846.280396,3509.6
846.398315,3520.2
846.516296,3523.2
846.634216,3541.8
846.752197,3485.0
846.870178,3540.4
846.988098,3532.6
847.106079,3521.8
847.22406,3501.4
847.34198,3535.6
847.4599,3515.0
847.577881,3521.2
847.695801,3556.2
847.813782,3522.6
847.931641,3550.0
848.049561,3512.0
848.167603,3506.6
848.285461,3533.0
848.403381,3515.6
848.521362,3537.2
848.639221,3550.2
848.75708,3548.6
848.875,3527.4
848.99292,3547.6
849.110901,3534.8
849.22876,3571.6
849.34668,3534.4
849.464539,3508.6
849.582458,3469.8
849.700317,3522.4
849.818176,3529.4
849.936096,3541.6
850.053955,3538.0
850.171875,3550.4
850.289673,3500.6
850.407593,3488.6
850.525452,3524.0
850.643311,3523.4
850.761169,3528.4
850.878967,3518.6
850.996887,3542.6
851.114746,3524.2
851.232544,3525.2
851.350403,3526.0
851.468262,3504.4
851.58606,3526.6
851.703979,3533.2
851.821777,3535.2
851.939636,3509.4
852.057434,3567.2
852.175232,3547.6
852.293091,3539.0
852.410889,3576.0
852.528687,3577.4
852.646545,3555.4
852.764343,3538.2
852.88208,3565.2
852.999939,3532.8
853.117676,3515.6
853.235535,3526.4
853.353271,3526.2
853.471069,3485.8
853.588928,3503.6
853.706604,3509.8
853.824402,3529.0
853.9422,3506.0
854.059998,3485.0
854.177734,3522.0
854.295532,3496.4
854.413269,3510.0
854.531006,3492.0
854.648804,3507.0
854.766541,3546.0
854.884277,3550.4
855.002014,3561.4
855.119751,3590.0
855.237549,3577.0
855.355225,3586.8
855.473022,3579.0
855.590698,3591.8
855.708435,3592.6
855.826172,3580.0
855.943848,3581.8
856.061646,3575.0
856.179321,3527.2
856.296997,3534.6
856.414795,3564.8
856.53241,3571.6
856.650085,3564.4
856.767822,3589.2
856.885559,3581.2
857.003174,3542.2
857.120911,3563.0
857.238586,3521.2
857.356201,3544.6
857.473938,3510.8
857.591614,3508.8
857.709351,3518.2
857.826965,3514.0
857.944641,3511.8
858.062317,3510.6
858.179993,3503.8
858.297668,3474.2
858.415283,3491.2
858.532959,3506.4
858.650574,3500.6
858.768188,3509.4
858.885803,3504.8
859.003479,3504.4
859.121094,3533.8
859.23877,3529.2
859.356384,3482.4
859.473999,3511.8
859.591675,3535.4
859.709229,3493.4
859.826843,3502.6
859.944458,3468.0
860.062012,3498.8
860.179626,3492.8
860.297302,3486.6
860.414856,3480.6
860.532471,3499.4
860.650024,3477.8
860.767639,3489.0
860.885193,3532.4
861.002808,3458.6
861.120361,3514.6
861.237976,3519.4
861.35553,3492.4
861.473022,3503.0
861.590698,3475.8
861.708191,3477.8
861.825745,3484.0
861.943298,3475.4
862.060852,3500.4
862.178406,3477.8
862.295959,3485.6
862.413513,3439.8
862.531006,3463.4
862.64856,3450.0
862.766113,3465.2
862.883667,3480.0
863.00116,3440.0
863.118713,3454.6
863.236206,3444.8
863.353699,3444.6
863.471252,3458.2
863.588745,3491.2
863.706177,3435.6
863.82373,3481.6
863.941162,3499.6
864.058716,3491.2
864.176208,3459.4
864.29364,3488.2
864.411194,3490.4
864.528687,3482.0
864.646118,3423.8
864.763611,3454.2
864.881042,3436.4
864.998535,3469.8
865.116028,3449.2
865.233459,3432.8
865.350891,3435.6
865.468384,3453.0
865.585754,3460.0
865.703308,3455.6
865.820679,3450.4
865.938171,3457.2
866.055542,3445.8
866.173035,3479.0
866.290466,3441.8
866.407837,3453.6
866.52533,3471.2
866.6427,3474.4
866.760071,3487.6
866.877563,3486.4
866.994934,3463.0
867.112305,3473.2
867.229736,3451.6
867.347107,3445.2
867.464539,3445.8
867.58197,3449.0
867.699341,3446.2
867.81665,3436.4
867.934082,3440.0
868.051453,3429.4
868.168823,3461.0
868.286194,3436.6
868.403564,3445.6
868.520935,3447.6
868.638306,3453.6
868.755676,3447.4
868.872986,3472.6
868.990295,3481.0
869.107727,3461.6
869.225037,3439.2
869.342346,3426.4
869.459717,3462.4
869.577026,3447.0
869.694336,3455.0
869.811707,3436.8
869.929016,3445.8
870.046326,3454.8
870.163635,3443.2
870.280945,3457.2
870.398254,3415.0
870.515564,3438.2
870.632812,3423.0
870.750183,3431.2
870.867432,3417.2
870.984741,3434.2
871.102051,3418.2
871.219299,3442.2
871.336609,3445.0
871.453918,3482.2
871.571106,3434.2
871.688416,3444.4
871.805664,3460.8
871.922852,3403.8
872.040222,3454.2
872.157471,3463.0
872.274719,3434.6
872.391968,3429.2
872.509155,3448.6
872.626465,3444.8
872.743652,3445.2
872.860962,3434.4
872.978149,3409.4
873.095337,3410.2
873.212646,3430.4
873.329834,3411.0
873.44696,3423.0
873.564209,3422.0
873.681396,3436.6
873.798645,3423.4
873.915894,3413.8
874.03302,3404.2
874.150208,3408.6
874.267456,3428.8
874.384583,3398.8
874.501831,3401.0
874.618958,3410.8
874.736145,3445.4
874.853333,3421.0
874.970459,3453.0
875.087646,3460.6
875.204834,3431.2
875.32196,3431.8
875.439148,3419.6
875.556274,3402.6
875.673401,3450.6
875.790527,3430.4
875.907715,3430.4
876.024841,3414.0
876.141968,3427.4
876.259094,3417.2
876.376282,3415.4
876.493347,3431.4
876.610474,3391.6
876.7276,3397.0
876.844727,3437.0
876.961853,3422.0
877.078918,3414.0
877.195984,3443.6
877.313171,3455.6
877.430237,3448.6
877.547302,3409.6
877.664368,3411.4
877.781433,3403.6
877.898499,3460.0
878.015625,3436.0
878.13269,3404.4
878.249695,3425.8
878.366821,3394.6
878.483887,3420.8
878.600952,3444.2
878.717957,3403.8
878.834961,3419.4
878.952087,3449.6
879.069092,3449.2
879.186157,3439.8
879.303162,3381.6
879.420227,3410.0
879.537231,3430.0
879.654236,3412.2
879.77124,3393.4
879.888306,3389.2
880.005249,3407.6
880.122314,3373.6
880.239319,3395.2
880.356323,3392.4
880.473328,3364.4
880.590271,3370.6
880.707275,3396.2
880.824341,3368.0
880.941284,3357.4
881.058228,3393.6
881.175232,3413.2
881.292236,3383.0
881.40918,3376.8
881.526123,3415.2
881.643066,3393.6
881.760071,3420.0
881.877014,3427.2
881.993958,3404.4
882.11084,3397.4
882.227783,3372.2
882.344727,3392.8
882.46167,3383.4
882.578613,3361.8
882.695618,3380.4
882.812439,3388.4
882.929382,3385.4
883.046326,3378.0
883.163208,3387.2
883.280151,3387.6
883.397034,3380.2
883.513916,3388.6
883.630798,3417.4
883.747742,3450.4
883.864563,3406.0
883.981506,3410.4
884.098389,3415.8
884.21521,3381.6
884.332153,3373.2
884.448975,3382.0
884.565796,3414.8
884.682678,3368.6
884.7995,3380.2
884.916443,3391.2
885.033264,3422.2
885.150085,3400.2
885.266968,3398.4
885.383789,3434.8
885.500671,3417.4
885.617493,3440.6
885.734314,3449.2
885.851196,3422.2
885.967896,3435.0
886.084717,3451.6
886.201599,3425.4
886.318359,3453.2
886.435181,3442.2
886.552002,3443.8
886.668762,3382.4
886.785645,3419.4
886.902344,3398.2
887.019165,3427.6
887.135925,3374.4
887.252747,3427.6
887.369446,3392.2
887.486267,3401.4
887.603027,3407.4
887.719788,3385.4
887.836548,3388.4
887.953247,3359.8
888.070068,3398.8
888.186829,3399.0
888.303528,3389.4
888.420288,3393.0
888.536987,3399.2
888.653687,3375.6
888.770447,3384.6
888.887146,3378.2
889.003967,3408.8
889.120667,3410.4
889.237305,3398.0
889.354065,3414.2
889.470703,3392.6
889.587463,3389.4
889.704163,3410.4
889.820862,3380.8
889.937561,3370.0
890.054199,3404.8
890.170837,3383.4
890.287598,3368.2
890.404236,3379.0
890.520874,3396.6
890.637634,3377.6
890.754211,3423.4
890.87085,3411.2
890.987549,3383.0
891.104187,3385.6
891.220886,3393.4
891.337463,3362.6
891.454102,3384.0
891.57074,3362.8
891.687378,3372.4
891.804077,3404.8
891.920654,3385.0
892.037231,3346.8
892.15387,3365.2
892.270447,3335.0
892.387085,3383.2
892.503723,3379.6
892.6203,3366.2
892.736877,3342.2
892.853516,3356.8
892.970032,3389.8
893.08667,3388.6
893.203186,3371.6
893.319763,3377.2
893.43634,3360.6
893.552917,3415.4
893.669556,3381.4
893.786011,3391.2
893.902588,3365.0
894.019165,3399.4
894.135681,3374.0
894.252197,3359.2
894.368835,3399.0
894.485291,3355.0
894.601868,3404.0
894.718384,3389.2
894.8349,3366.4
894.951355,3371.2
895.067932,3409.0
895.184448,3418.0
895.300964,3378.2
895.417419,3414.8
895.533936,3367.0
895.650452,3374.0
895.766907,3363.4
895.883423,3367.8
895.999878,3392.8
896.116333,3392.2
896.232849,3369.8
896.349304,3393.2
896.465759,3382.8
896.582214,3342.6
896.698669,3325.4
896.815125,3344.4
896.931641,3359.6
897.048035,3366.4
897.164551,3361.0
897.280884,3395.2
897.397339,3344.2
897.513794,3397.0
897.630249,3444.2
897.746582,3390.4
897.863098,3381.0
897.979431,3409.2
898.095886,3394.0
898.212341,3414.6
898.328674,3412.2
898.445129,3420.0
898.561462,3341.2
898.677795,3366.4
898.794312,3366.0
898.910645,3388.6
899.026978,3369.6
899.143433,3392.2
899.259766,3382.4
899.37616,3326.2
899.492493,3359.0
899.608765,3349.6
899.725159,3369.4
899.841553,3374.6
899.957947,3390.6
900.07428,3369.6
900.190552,3397.4
900.306946,3385.2
900.423157,3419.4
900.53949,3365.4
900.655884,3380.2
900.772156,3417.6
900.888489,3383.4
901.004822,3326.4
901.121033,3380.2
901.237366,3390.4
901.353699,3377.8
901.46991,3360.0
901.586304,3375.4
901.702515,3376.2
901.818787,3381.6
901.93512,3382.2
902.051331,3401.6
902.167603,3379.4
902.283875,3382.2
902.400085,3342.0
902.516418,3364.2
902.632629,3375.4
902.74884,3371.2
902.865112,3374.2
902.981384,3404.2
903.097595,3401.4
903.213867,3410.6
903.330017,3404.2
903.446289,3387.2
903.5625,3393.6
903.67865,3362.4
903.794922,3399.4
903.911072,3341.6
904.027344,3379.4
904.143494,3374.0
904.259705,3365.4
904.375916,3349.2
904.492065,3353.0
904.608215,3376.6
904.724426,3369.2
904.840576,3340.8
904.956726,3377.6
905.072876,3374.4
905.189087,3379.6
905.305176,3372.2
905.421387,3379.8
905.537537,3405.8
905.653687,3396.2
905.769775,3355.6
905.885925,3397.0
906.002014,3395.0
906.118164,3377.8
906.234314,3355.6
906.350403,3357.0
906.466492,3375.8
906.582642,3375.0
906.69873,3358.8
906.814758,3385.4
906.930908,3346.4
907.046936,3360.6
907.163086,3393.8
907.279175,3352.6
907.395264,3345.8
907.511353,3364.4
907.62738,3372.6
907.743408,3375.8
907.859497,3365.4
907.975525,3374.2
908.091553,3388.8
908.207703,3363.2
908.32373,3368.0
908.439758,3386.4
908.555786,3357.2
908.671814,3368.0
908.787842,3330.8
908.90387,3377.8
909.019775,3356.6
909.135864,3357.0
909.251892,3348.8
909.367859,3331.8
909.483826,3351.8
909.599854,3358.8
909.715881,3345.2
909.831848,3370.8
909.947815,3371.4
910.063782,3329.2
910.179749,3360.0
910.295776,3358.8
910.411743,3407.4
910.527649,3378.8
910.643616,3389.6
910.759583,3362.4
910.875488,3369.2
910.991455,3363.4
911.107361,3344.0
911.223267,3367.0
911.339294,3384.6
911.4552,3364.2
911.571106,3339.8
911.687073,3334.8
911.802979,3324.0
911.918823,3348.8
912.034729,3366.6
912.150635,3348.2
912.266602,3334.6
912.382446,3323.0
912.498352,3342.6
912.614197,3313.8
912.730103,3321.2
912.846008,3334.8
792.44574,4882.4
792.56488,4765.2
792.68396,4794.4
792.80304,4711.4
792.92218,4660.4
793.041199,4636.6
793.160339,4652.2
793.279419,4635.8
793.398499,4605.8
793.517578,4549.6
793.636658,4437.0
793.755737,4478.4
793.874817,4452.8
793.993896,4413.0
794.112976,4420.2
794.232056,4355.2
794.351074,4372.8
794.470215,4354.6
794.589233,4331.0
794.708313,4287.4
794.827393,4282.2
794.946411,4279.4
795.065552,4234.6
795.18457,4206.4
795.303589,4192.6
795.422668,4169.4
795.541687,4175.0
795.660767,4175.0
795.779846,4143.6
795.898865,4106.8
796.017883,4108.2
796.136963,4088.6
796.255981,4086.2
796.375061,4061.6
796.49408,4056.6
796.613037,4082.2
796.732117,4021.6
796.851135,4029.4
796.970154,4024.8
797.089233,4009.0
797.208191,3988.6
797.327271,3998.4
797.446228,3972.6
797.565186,3972.0
797.684265,4012.6
797.803223,3940.4
797.922241,3911.2
798.04126,3937.8
798.160278,3945.8
798.279297,3901.4
798.398315,3933.8
798.517273,3901.0
798.636292,3887.8
798.75531,3926.0
798.874268,3874.6
798.993286,3906.8
799.112244,3884.2
799.231323,3897.8
799.350281,3861.4
799.469238,3873.0
799.588257,3891.2
799.707153,3874.2
799.826111,3877.4
799.945129,3855.4
800.064087,3852.6
800.183044,3883.0
800.302063,3865.0
800.421021,3879.0
800.539978,3837.6
800.658936,3797.2
800.777893,3858.6
800.896912,3845.4
801.015747,3855.4
801.134705,3783.4
801.253723,3821.8
801.37262,3825.8
801.491638,3819.2
801.610535,3798.8
801.729492,3811.4
801.84845,3812.2
801.967407,3806.4
802.086243,3823.6
802.205261,3799.8
802.324158,3771.2
802.443115,3794.6
802.562073,3804.2
802.680969,3832.2
802.799927,3788.6
802.918762,3772.2
803.037659,3782.4
803.156677,3787.8
803.275574,3800.2
803.39447,3773.6
803.513428,3819.2
803.632263,3813.6
803.751221,3791.6
803.870117,3793.2
803.989014,3802.8
804.107971,3808.2
804.226746,3783.6
804.345642,3807.6
804.4646,3796.8
804.583496,3808.0
804.702393,3771.2
804.821228,3779.8
804.940125,3775.2
805.059021,3798.6
805.177917,3816.0
805.296814,3793.2
805.415649,3789.8
805.534546,3811.2
805.653442,3809.8
805.772278,3816.2
805.891113,3839.0
806.01001,3818.2
806.128906,3816.8
806.247742,3798.2
806.366577,3778.2
806.485413,3811.4
806.604309,3766.2
806.723145,3774.4
806.84198,3795.8
806.960876,3764.8
807.079712,3771.0
807.198486,3745.8
807.317383,3769.4
807.436218,3760.6
807.554993,3767.0
807.673889,3753.4
807.792725,3732.8
807.91156,3766.0
808.030396,3762.0
808.14917,3756.8
808.268005,3733.4
808.386841,3761.0
808.505676,3765.4
808.624451,3772.2
808.743286,3757.6
808.862122,3729.0
808.980896,3732.2
809.099731,3712.8
809.218506,3758.0
809.337341,3735.6
809.456116,3715.2
809.57489,3761.8
809.693726,3716.0
809.8125,3750.0
809.931274,3720.8
810.050049,3744.0
810.168884,3718.4
810.287659,3747.4
810.406372,3730.0
810.525269,3716.0
810.643982,3695.0
810.762756,3713.2
810.881531,3717.6
811.000305,3737.2
811.11908,3713.0
811.237854,3667.4
811.356567,3693.6
811.475403,3699.8
811.594116,3684.4
811.71283,3745.8
811.831604,3717.0
811.950378,3695.8
812.069153,3700.6
812.187927,3709.2
812.30658,3708.0
812.425415,3677.8
812.544128,3710.0
812.662781,3664.4
812.781616,3663.8
812.900269,3714.2
813.019043,3706.4
813.137756,3673.8
813.256531,3663.8
813.375244,3663.2
813.493896,3657.8
813.612671,3672.4
813.731384,3649.8
813.850037,3629.8
813.96875,3627.2
814.087524,3646.2
814.206238,3648.2
814.324951,3610.2
814.443604,3613.4
814.562256,3612.6
814.68103,3647.4
814.799683,3615.2
814.918335,3609.6
815.037109,3619.8
815.155762,3610.8
815.274475,3604.8
815.393188,3622.0
815.511841,3636.2
815.630554,3637.2
815.749146,3592.0
815.867859,3597.4
815.986572,3600.8
816.105164,3584.0
816.223877,3595.8
816.342529,3595.4
816.461182,3612.4
816.579895,3621.0
816.698486,3643.2
816.817139,3647.0
816.935791,3652.0
817.054504,3622.6
817.173096,3588.6
817.291748,3632.6
817.4104,3590.8
817.529053,3573.4
817.647644,3603.4
817.766235,3552.0
817.884949,3529.0
818.00354,3566.8
818.122192,3570.0
818.240845,3575.8
818.359436,3538.2
818.478088,3559.4
818.59668,3567.8
818.715271,3557.2
818.833923,3550.4
818.952515,3576.0
819.071106,3542.4
819.189758,3527.6
819.30835,3520.8
819.426941,3542.4
819.545532,3505.2
819.664124,3531.4
819.782715,3488.4
819.901306,3537.8
820.019897,3488.8
820.138489,3497.8
820.25708,3535.8
820.375671,3522.2
820.494202,3550.0
820.612732,3502.8
820.731384,3495.0
820.849915,3542.6
820.968506,3480.4
821.087097,3474.2
821.205627,3495.4
821.324158,3481.8
821.442749,3467.2
821.561279,3484.8
821.679871,3461.4
821.798401,3462.6
821.916931,3465.6
822.035461,3484.2
822.154053,3467.4
822.272583,3444.0
822.391174,3436.2
822.509583,3445.6
822.628174,3462.4
822.746704,3427.6
822.865234,3447.8
822.983765,3447.8
823.102295,3461.4
823.220825,3437.2
823.339294,3415.4
823.457825,3458.2
823.576355,3450.6
823.694824,3421.6
823.813354,3421.8
823.931885,3416.6
824.050354,3453.8
824.168884,3450.0
824.287354,3406.6
824.405823,3413.8
824.524353,3431.0
824.642822,3427.4
824.761353,3418.6
824.879822,3420.6
824.998291,3406.8
825.116699,3387.6
825.235291,3438.8
825.353699,3423.2
825.472168,3406.0
825.590637,3409.6
825.709106,3434.8
825.827576,3392.6
825.946045,3373.8
826.064453,3397.4
826.182983,3396.4
826.301392,3365.0
826.4198,3370.0
826.53833,3405.4
826.656738,3410.4
826.775208,3383.2
826.893677,3396.0
827.012024,3355.2
827.130493,3385.4
827.248962,3348.8
827.36731,3379.4
827.485779,3378.8
827.604248,3368.2
827.722595,3367.0
827.841064,3344.0
827.959412,3343.2
828.077942,3304.4
828.196289,3316.6
828.314636,3309.6
828.433105,3349.4
828.551514,3329.8
828.669861,3330.6
828.78833,3309.4
828.906677,3324.4
829.025085,3328.6
829.143433,3364.2
829.261841,3321.8
829.38031,3302.4
829.498657,3328.8
829.617004,3297.6
829.735413,3306.8
829.85376,3316.2
829.972107,3330.0
830.090515,3319.0
830.208862,3329.4
830.327209,3337.6
830.445557,3316.8
830.563904,3339.2
830.682312,3334.4
830.800659,3333.8
830.919006,3339.2
831.037354,3330.6
831.155701,3350.2
831.274048,3323.8
831.392395,3324.4
831.51062,3331.6
831.629028,3310.0
831.747314,3320.6
831.865662,3316.8
831.984009,3322.6
832.102356,3288.0
832.220642,3319.2
832.338928,3326.8
832.457275,3339.8
832.575623,3322.6
832.693909,3274.8
832.812134,3301.0
832.930481,3337.4
833.048828,3308.8
833.167114,3316.2
833.2854,3283.8
833.403687,3302.0
833.521973,3310.2
833.640259,3297.8
833.758545,3313.4
833.876831,3282.4
833.995056,3282.6
834.113281,3294.4
834.231628,3298.4
834.349915,3289.0
834.468201,3293.6
834.586426,3303.2
834.704651,3315.0
834.822998,3295.2
834.941162,3282.0
835.059448,3285.8
835.177673,3338.6
835.295959,3295.4
835.414246,3310.0
835.53241,3272.8
835.650635,3286.6
835.768921,3287.6
835.887146,3326.6
836.005371,3307.8
836.123596,3303.2
836.241821,3265.4
836.360046,3286.4
836.478271,3271.4
836.596497,3288.0
836.714722,3245.2
836.832886,3294.8
836.95105,3277.2
837.069336,3314.0
837.1875,3227.6
837.305725,3267.4
837.423889,3285.8
837.542053,3264.6
837.660339,3274.8
837.778503,3264.6
837.896667,3272.4
838.014832,3270.6
838.132996,3262.6
838.25116,3284.4
838.369385,3240.4
838.487488,3261.4
838.605713,3280.8
838.723877,3312.4
838.84198,3246.4
838.960205,3260.8
839.078308,3286.2
839.196472,3260.4
839.314636,3266.0
839.4328,3321.4
839.550964,3289.6
839.669067,3271.0
839.787231,3276.8
839.905396,3264.0
840.023499,3269.4
840.141602,3271.6
840.259766,3262.8
840.377869,3263.0
840.495972,3256.4
840.614136,3262.2
840.732239,3282.6
840.850342,3254.6
840.968445,3252.0
841.086548,3236.8
841.204651,3245.0
841.322754,3271.0
841.440918,3243.4
841.55896,3250.8
841.677002,3265.4
841.795166,3234.0
841.913208,3231.6
842.031311,3235.4
842.149353,3290.8
842.267456,3249.8
842.385498,3282.0
842.503601,3264.8
842.621643,3239.8
842.739746,3280.8
842.857788,3251.2
842.97583,3261.6
843.093933,3289.0
843.211975,3281.2
843.330017,3382.4
843.44812,3288.0
843.566101,3263.2
843.684204,3254.4
843.802246,3214.0
843.920227,3286.0
844.038269,3335.4
844.156311,3245.2
844.274292,3278.0
844.392395,3285.4
844.510376,3280.0
844.628357,3250.8
844.74646,3262.0
844.864441,3273.2
844.982422,3271.4
845.100403,3292.6
845.218384,3268.8
845.336426,3265.2
845.454468,3269.8
845.572449,3266.6
845.69043,3295.2
845.808411,3220.8
845.926453,3249.8
846.044373,3259.6
846.162354,3225.4
846.280396,3234.8
846.398315,3202.0
846.516296,3223.8
846.634216,3259.0
846.752197,3232.6
846.870178,3257.6
846.988098,3224.2
847.106079,3250.6
847.22406,3239.6
847.34198,3263.8
847.4599,3264.0
847.577881,3270.2
847.695801,3245.2
847.813782,3256.2
847.931641,3245.0
848.049561,3283.2
848.167603,3226.0
848.285461,3264.8
848.403381,3266.6
848.521362,3270.8
848.639221,3260.6
848.75708,3282.2
848.875,3254.4
848.99292,3267.4
849.110901,3235.4
849.22876,3271.8
849.34668,3239.0
849.464539,3263.6
849.582458,3270.4
849.700317,3243.6
849.818176,3240.4
849.936096,3254.6
850.053955,3289.8
850.171875,3237.4
850.289673,3261.8
850.407593,3211.6
850.525452,3240.4
850.643311,3271.6
850.761169,3220.0
850.878967,3258.0
850.996887,3261.6
851.114746,3233.8
851.232544,3230.0
851.350403,3269.2
851.468262,3243.2
851.58606,3260.8
851.703979,3235.0
851.821777,3255.6
851.939636,3244.2
852.057434,3263.8
852.175232,3288.4
852.293091,3320.0
852.410889,3306.2
852.528687,3316.0
852.646545,3284.2
852.764343,3274.0
852.88208,3283.6
852.999939,3261.6
853.117676,3221.8
853.235535,3235.6
853.353271,3241.2
853.471069,3255.8
853.588928,3264.4
853.706604,3229.8
853.824402,3247.8
853.9422,3259.0
854.059998,3229.6
854.177734,3273.4
854.295532,3248.4
854.413269,3237.8
854.531006,3253.4
854.648804,3303.4
854.766541,3271.6
854.884277,3284.4
855.002014,3274.8
855.119751,3304.6
855.237549,3290.8
855.355225,3338.4
855.473022,3296.2
855.590698,3317.0
855.708435,3306.4
855.826172,3300.6
855.943848,3303.0
856.061646,3311.6
856.179321,3277.0
856.296997,3274.2
856.414795,3307.0
856.53241,3297.6
856.650085,3302.4
856.767822,3288.0
856.885559,3258.0
857.003174,3251.8
857.120911,3271.0
857.238586,3252.6
857.356201,3254.2
857.473938,3219.8
857.591614,3270.2
857.709351,3235.6
857.826965,3239.6
857.944641,3255.2
858.062317,3212.8
858.179993,3243.0
858.297668,3250.0
858.415283,3272.4
858.532959,3250.8
858.650574,3252.0
858.768188,3241.0
858.885803,3274.6
859.003479,3258.6
859.121094,3254.0
859.23877,3260.0
859.356384,3258.8
859.473999,3265.8
859.591675,3255.8
859.709229,3247.6
859.826843,3260.2
859.944458,3239.0
860.062012,3242.8
860.179626,3229.8
860.297302,3243.0
860.414856,3223.2
860.532471,3234.6
860.650024,3213.2
860.767639,3228.4
860.885193,3225.2
861.002808,3232.6
861.120361,3243.4
861.237976,3250.4
861.35553,3225.2
861.473022,3224.4
861.590698,3262.8
861.708191,3244.8
861.825745,3254.8
861.943298,3200.0
862.060852,3188.2
862.178406,3210.4
862.295959,3215.0
862.413513,3212.8
862.531006,3185.0
862.64856,3205.0
862.766113,3197.6
862.883667,3233.8
863.00116,3205.0
863.118713,3204.0
863.236206,3219.4
863.353699,3217.0
863.471252,3193.8
863.588745,3223.4
863.706177,3222.8
863.82373,3201.6
863.941162,3202.8
864.058716,3211.4
864.176208,3206.4
864.29364,3197.4
864.411194,3229.6
864.528687,3202.0
864.646118,3233.6
864.763611,3185.2
864.881042,3222.2
864.998535,3193.4
865.116028,3252.8
865.233459,3193.4
865.350891,3207.2
865.468384,3222.2
865.585754,3234.2
865.703308,3221.8
865.820679,3208.0
865.938171,3204.4
866.055542,3180.8
866.173035,3204.6
866.290466,3199.4
866.407837,3213.8
866.52533,3217.6
866.6427,3229.4
866.760071,3222.0
866.877563,3234.8
866.994934,3218.4
867.112305,3208.0
867.229736,3234.4
867.347107,3204.2
867.464539,3213.6
867.58197,3196.2
867.699341,3239.6
867.81665,3203.0
867.934082,3200.0
868.051453,3215.2
868.168823,3215.6
868.286194,3199.2
868.403564,3216.2
868.520935,3233.8
868.638306,3213.8
868.755676,3208.8
868.872986,3214.8
868.990295,3230.0
869.107727,3257.2
869.225037,3205.6
869.342346,3237.0
869.459717,3222.2
869.577026,3231.0
869.694336,3218.8
869.811707,3214.0
869.929016,3210.0
870.046326,3221.6
870.163635,3192.8
870.280945,3215.0
870.398254,3209.4
870.515564,3222.0
870.632812,3202.4
870.750183,3209.8
870.867432,3192.4
870.984741,3215.2
871.102051,3215.2
871.219299,3195.2
871.336609,3240.6
871.453918,3212.8
871.571106,3260.8
871.688416,3229.6
871.805664,3217.0
871.922852,3213.4
872.040222,3243.6
872.157471,3254.0
872.274719,3232.4
872.391968,3231.0
872.509155,3212.8
872.626465,3248.8
872.743652,3237.2
872.860962,3231.2
872.978149,3228.8
873.095337,3255.8
873.212646,3233.6
873.329834,3202.0
873.44696,3211.0
873.564209,3237.6
873.681396,3231.8
873.798645,3232.8
873.915894,3223.4
874.03302,3213.2
874.150208,3225.0
874.267456,3240.8
874.384583,3210.6
874.501831,3199.2
874.618958,3218.4
874.736145,3209.4
874.853333,3221.4
874.970459,3222.4
875.087646,3234.8
875.204834,3245.4
875.32196,3215.6
875.439148,3252.0
875.556274,3227.4
875.673401,3240.0
875.790527,3217.0
875.907715,3216.8
876.024841,3226.8
876.141968,3229.0
876.259094,3210.8
876.376282,3232.8
876.493347,3235.8
876.610474,3241.8
876.7276,3223.4
876.844727,3236.6
876.961853,3226.6
877.078918,3237.8
877.195984,3200.0
877.313171,3256.0
877.430237,3241.0
877.547302,3237.4
877.664368,3242.0
877.781433,3227.4
877.898499,3206.4
878.015625,3223.2
878.13269,3208.4
878.249695,3224.2
878.366821,3202.2
878.483887,3220.2
878.600952,3215.4
878.717957,3214.6
878.834961,3229.4
878.952087,3231.6
879.069092,3199.8
879.186157,3222.6
879.303162,3196.2
879.420227,3209.6
879.537231,3209.6
879.654236,3206.8
879.77124,3177.6
879.888306,3204.6
880.005249,3195.0
880.122314,3173.0
880.239319,3218.2
880.356323,3177.0
880.473328,3172.0
880.590271,3163.0
880.707275,3196.8
880.824341,3193.2
880.941284,3173.8
881.058228,3180.8
881.175232,3196.2
881.292236,3208.6
881.40918,3194.0
881.526123,3189.8
881.643066,3197.4
881.760071,3236.0
881.877014,3199.0
881.993958,3212.6
882.11084,3191.4
882.227783,3197.8
882.344727,3191.0
882.46167,3164.2
882.578613,3178.8
882.695618,3198.8
882.812439,3179.4
882.929382,3192.0
883.046326,3208.2
883.163208,3211.8
883.280151,3194.4
883.397034,3192.2
883.513916,3205.8
883.630798,3194.4
883.747742,3208.8
883.864563,3225.2
883.981506,3193.8
884.098389,3200.2
884.21521,3212.6
884.332153,3245.8
884.448975,3178.4
884.565796,3220.6
884.682678,3231.2
884.7995,3211.2
884.916443,3241.4
885.033264,3240.6
885.150085,3221.4
885.266968,3252.4
885.383789,3253.8
885.500671,3266.4
885.617493,3260.8
885.734314,3275.6
885.851196,3274.6
885.967896,3269.4
886.084717,3269.6
886.201599,3268.0
886.318359,3264.0
886.435181,3289.0
886.552002,3283.2
886.668762,3265.2
886.785645,3245.6
886.902344,3235.0
887.019165,3224.6
887.135925,3247.6
887.252747,3257.6
887.369446,3246.4
887.486267,3252.0
887.603027,3199.0
887.719788,3221.6
887.836548,3242.2
887.953247,3201.4
888.070068,3207.6
888.186829,3199.4
888.303528,3237.2
888.420288,3200.4
888.536987,3208.6
888.653687,3190.2
888.770447,3186.0
888.887146,3210.0
889.003967,3221.4
889.120667,3195.4
889.237305,3207.6
889.354065,3176.2
889.470703,3185.8
889.587463,3183.4
889.704163,3196.8
889.820862,3158.6
889.937561,3184.8
890.054199,3162.8
890.170837,3183.6
890.287598,3186.8
890.404236,3176.8
890.520874,3195.6
890.637634,3173.4
890.754211,3187.6
890.87085,3190.4
890.987549,3198.8
891.104187,3196.0
891.220886,3213.4
891.337463,3216.8
891.454102,3183.0
891.57074,3176.6
891.687378,3178.4
891.804077,3203.0
891.920654,3166.0
892.037231,3188.0
892.15387,3181.0
892.270447,3197.0
892.387085,3186.6
892.503723,3205.8
892.6203,3166.0
892.736877,3196.8
892.853516,3177.8
892.970032,3179.8
893.08667,3202.4
893.203186,3183.0
893.319763,3216.2
893.43634,3186.4
893.552917,3184.4
893.669556,3244.6
893.786011,3197.2
893.902588,3230.8
894.019165,3219.2
894.135681,3207.8
894.252197,3201.8
894.368835,3198.8
894.485291,3220.2
894.601868,3190.6
894.718384,3186.2
894.8349,3175.2
894.951355,3205.6
895.067932,3201.8
895.184448,3191.8
895.300964,3212.8
895.417419,3210.8
895.533936,3199.0
895.650452,3221.6
895.766907,3204.8
895.883423,3207.4
895.999878,3188.4
896.116333,3218.2
896.232849,3204.8
896.349304,3205.6
896.465759,3195.2
896.582214,3188.0
896.698669,3192.4
896.815125,3209.2
896.931641,3185.6
897.048035,3169.6
897.164551,3247.0
897.280884,3198.6
897.397339,3185.4
897.513794,3220.8
897.630249,3219.0
897.746582,3216.2
897.863098,3222.2
897.979431,3226.6
898.095886,3250.4
898.212341,3219.6
898.328674,3217.8
898.445129,3262.6
898.561462,3250.2
898.677795,3204.6
898.794312,3230.4
898.910645,3182.0
899.026978,3227.4
899.143433,3231.8
899.259766,3205.4
899.37616,3181.4
899.492493,3205.4
899.608765,3223.4
899.725159,3207.2
899.841553,3228.4
899.957947,3191.8
900.07428,3216.4
900.190552,3244.0
900.306946,3208.8
900.423157,3230.0
900.53949,3239.0
900.655884,3216.4
900.772156,3238.4
900.888489,3231.4
901.004822,3226.0
901.121033,3221.4
901.237366,3231.6
901.353699,3265.6
901.46991,3242.2
901.586304,3238.6
901.702515,3226.4
901.818787,3237.2
901.93512,3238.2
902.051331,3260.6
902.167603,3253.4
902.283875,3261.6
902.400085,3224.2
902.516418,3240.6
902.632629,3231.0
902.74884,3216.2
902.865112,3280.4
902.981384,3253.4
903.097595,3283.8
903.213867,3259.2
903.330017,3241.2
903.446289,3282.2
903.5625,3220.2
903.67865,3244.2
903.794922,3248.6
903.911072,3215.0
904.027344,3234.6
904.143494,3228.2
904.259705,3254.6
904.375916,3203.6
904.492065,3219.2
904.608215,3204.8
904.724426,3224.6
904.840576,3222.2
904.956726,3190.8
905.072876,3222.0
905.189087,3218.8
905.305176,3230.2
905.421387,3188.8
905.537537,3252.6
905.653687,3243.4
905.769775,3239.2
905.885925,3248.2
906.002014,3239.0
906.118164,3227.4
906.234314,3209.4
906.350403,3224.2
906.466492,3217.4
906.582642,3205.0
906.69873,3198.4
906.814758,3226.0
906.930908,3192.0
907.046936,3188.4
907.163086,3201.8
907.279175,3197.6
907.395264,3211.0
907.511353,3206.6
907.62738,3216.2
907.743408,3217.0
907.859497,3225.8
907.975525,3216.0
908.091553,3222.0
908.207703,3222.4
908.32373,3201.0
908.439758,3197.6
908.555786,3231.0
908.671814,3229.6
908.787842,3225.4
908.90387,3205.2
909.019775,3190.4
909.135864,3180.6
909.251892,3206.4
909.367859,3208.2
909.483826,3240.8
909.599854,3225.4
909.715881,3212.4
909.831848,3207.4
909.947815,3198.6
910.063782,3200.2
910.179749,3191.4
910.295776,3216.2
910.411743,3219.6
910.527649,3216.0
910.643616,3226.0
910.759583,3222.6
910.875488,3230.0
910.991455,3232.8
911.107361,3216.6
911.223267,3206.6
911.339294,3209.0
911.4552,3199.4
911.571106,3219.6
911.687073,3185.0
911.802979,3203.4
911.918823,3186.8
912.034729,3205.4
912.150635,3212.0
912.266602,3189.6
912.382446,3186.0
912.498352,3162.2
912.614197,3175.2
912.730103,3181.6
912.846008,3192.8
792.44574,7285.2
792.56488,7161.8
792.68396,7196.8
792.80304,7177.4
792.92218,7088.6
793.041199,7019.8
793.160339,7070.8
793.279419,7061.4
793.398499,7024.8
793.517578,7011.6
793.636658,6906.6
793.755737,6917.4
793.874817,6858.8
793.993896,6896.4
794.112976,6857.4
794.232056,6841.8
794.351074,6827.4
794.470215,6765.6
794.589233,6764.8
794.708313,6754.6
794.827393,6763.2
794.946411,6697.6
795.065552,6711.0
795.18457,6649.0
795.303589,6715.0
795.422668,6643.6
795.541687,6658.0
795.660767,6615.4
795.779846,6621.8
795.898865,6561.6
796.017883,6564.2
796.136963,6559.2
796.255981,6567.0
796.375061,6504.4
796.49408,6479.8
796.613037,6501.0
796.732117,6482.2
796.851135,6472.8
796.970154,6418.2
797.089233,6425.6
797.208191,6390.6
797.327271,6431.4
797.446228,6398.8
797.565186,6430.0
797.684265,6395.0
797.803223,6394.6
797.922241,6327.0
798.04126,6369.8
798.160278,6380.8
798.279297,6384.8
798.398315,6336.2
798.517273,6362.4
798.636292,6315.2
798.75531,6342.0
798.874268,6354.4
798.993286,6356.6
799.112244,6298.2
799.231323,6313.2
799.350281,6345.6
799.469238,6340.4
799.588257,6312.8
799.707153,6321.4
799.826111,6337.8
799.945129,6305.6
800.064087,6295.2
800.183044,6318.0
800.302063,6280.0
800.421021,6301.2
800.539978,6256.0
800.658936,6259.4
800.777893,6306.4
800.896912,6268.6
801.015747,6238.8
801.134705,6333.0
801.253723,6225.4
801.37262,6228.0
801.491638,6242.0
801.610535,6174.4
801.729492,6229.2
801.84845,6223.8
801.967407,6287.4
802.086243,6232.2
802.205261,6269.2
802.324158,6216.0
802.443115,6256.4
802.562073,6220.8
802.680969,6297.4
802.799927,6231.6
802.918762,6243.2
803.037659,6273.8
803.156677,6311.0
803.275574,6281.0
803.39447,6265.2
803.513428,6277.0
803.632263,6282.4
803.751221,6242.8
803.870117,6276.6
803.989014,6278.8
804.107971,6265.2
804.226746,6348.8
804.345642,6282.4
804.4646,6309.2
804.583496,6328.4
804.702393,6303.8
804.821228,6298.6
804.940125,6309.8
805.059021,6288.8
805.177917,6377.6
805.296814,6395.2
805.415649,6411.6
805.534546,6444.4
805.653442,6383.2
805.772278,6411.0
805.891113,6399.8
806.01001,6377.4
806.128906,6371.8
806.247742,6335.8
806.366577,6355.0
806.485413,6325.8
806.604309,6380.2
806.723145,6350.0
806.84198,6381.8
806.960876,6377.0
807.079712,6355.0
807.198486,6353.8
807.317383,6333.0
807.436218,6319.6
807.554993,6322.2
807.673889,6343.8
807.792725,6315.0
807.91156,6311.4
808.030396,6328.4
808.14917,6286.0
808.268005,6245.6
808.386841,6288.4
808.505676,6319.8
808.624451,6247.2
808.743286,6345.8
808.862122,6310.4
808.980896,6317.2
809.099731,6336.0
809.218506,6296.2
809.337341,6295.0
809.456116,6323.0
809.57489,6297.2
809.693726,6320.8
809.8125,6282.2
809.931274,6272.6
810.050049,6282.8
810.168884,6221.4
810.287659,6247.8
810.406372,6247.0
810.525269,6255.0
810.643982,6219.2
810.762756,6238.8
810.881531,6183.2
811.000305,6236.0
811.11908,6190.2
811.237854,6160.8
811.356567,6210.8
811.475403,6216.6
811.594116,6174.2
811.71283,6230.4
811.831604,6220.8
811.950378,6248.8
812.069153,6224.8
812.187927,6244.8
812.30658,6240.2
812.425415,6163.8
812.544128,6145.6
812.662781,6127.0
812.781616,6135.8
812.900269,6184.0
813.019043,6168.2
813.137756,6145.4
813.256531,6138.4
813.375244,6152.2
813.493896,6111.6
813.612671,6129.2
813.731384,6124.0
813.850037,6099.4
813.96875,6104.8
814.087524,6102.0
814.206238,6113.2
814.324951,6088.0
814.443604,6072.4
814.562256,6047.4
814.68103,6099.2
814.799683,6076.4
814.918335,6061.6
815.037109,6133.6
815.155762,6122.6
815.274475,6103.0
815.393188,6135.0
815.511841,6121.8
815.630554,6107.2
815.749146,6114.8
815.867859,6055.8
815.986572,6090.6
816.105164,6095.8
816.223877,6108.8
816.342529,6067.6
816.461182,6071.4
816.579895,6126.0
816.698486,6154.2
816.817139,6171.2
816.935791,6145.6
817.054504,6031.2
817.173096,6092.0
817.291748,6111.2
817.4104,6102.6
817.529053,6087.0
817.647644,6057.0
817.766235,6082.8
817.884949,6064.8
818.00354,6111.6
818.122192,6056.6
818.240845,6084.4
818.359436,6059.8
818.478088,6139.8
818.59668,6055.6
818.715271,6091.8
818.833923,6089.0
818.952515,6086.6
819.071106,6063.8
819.189758,6070.0
819.30835,6081.8
819.426941,6062.8
819.545532,6054.0
819.664124,6087.0
819.782715,6065.6
819.901306,6095.6
820.019897,6107.8
820.138489,6092.8
820.25708,6123.4
820.375671,6092.6
820.494202,6146.8
820.612732,6081.6
820.731384,6052.4
820.849915,6016.4
820.968506,5992.2
821.087097,6013.8
821.205627,5969.8
821.324158,6027.2
821.442749,6007.2
821.561279,6037.0
821.679871,6021.2
821.798401,6006.6
821.916931,6002.6
822.035461,5979.6
822.154053,6008.8
822.272583,5961.6
822.391174,5934.6
822.509583,5965.6
822.628174,5935.6
822.746704,5938.6
822.865234,5953.6
822.983765,5956.6
823.102295,5977.0
823.220825,5998.2
823.339294,5992.6
823.457825,5995.8
823.576355,5981.2
823.694824,5976.2
823.813354,6002.4
823.931885,5978.2
824.050354,5962.4
824.168884,5982.2
824.287354,5947.6
824.405823,5946.0
824.524353,5995.4
824.642822,6020.2
824.761353,5960.0
824.879822,6018.4
824.998291,5983.0
825.116699,5945.6
825.235291,5994.2
825.353699,5959.2
825.472168,5926.2
825.590637,5914.6
825.709106,5963.2
825.827576,5880.8
825.946045,5859.2
826.064453,5962.2
826.182983,5893.2
826.301392,5898.2
826.4198,5891.8
826.53833,5883.2
826.656738,5902.4
826.775208,5877.2
826.893677,5903.8
827.012024,5866.2
827.130493,5838.6
827.248962,5867.0
827.36731,5869.8
827.485779,5890.4
827.604248,5870.6
827.722595,5839.2
827.841064,5864.6
827.959412,5823.8
828.077942,5777.0
828.196289,5796.0
828.314636,5816.4
828.433105,5752.6
828.551514,5785.2
828.669861,5769.2
828.78833,5740.0
828.906677,5788.2
829.025085,5833.8
829.143433,5775.6
829.261841,5764.4
829.38031,5790.6
829.498657,5751.4
829.617004,5783.8
829.735413,5762.8
829.85376,5756.8
829.972107,5755.4
830.090515,5768.4
830.208862,5738.6
830.327209,5771.6
830.445557,5762.4
830.563904,5813.4
830.682312,5779.2
830.800659,5761.0
830.919006,5844.0
831.037354,5809.4
831.155701,5832.2
831.274048,5818.0
831.392395,5798.0
831.51062,5792.4
831.629028,5749.6
831.747314,5783.2
831.865662,5765.6
831.984009,5753.0
832.102356,5757.4
832.220642,5757.6
832.338928,5763.0
832.457275,5779.6
832.575623,5769.2
832.693909,5777.2
832.812134,5775.6
832.930481,5765.6
833.048828,5751.6
833.167114,5719.8
833.2854,5699.0
833.403687,5741.2
833.521973,5681.2
833.640259,5637.8
833.758545,5720.2
833.876831,5684.8
833.995056,5693.8
834.113281,5725.6
834.231628,5690.8
834.349915,5667.0
834.468201,5744.6
834.586426,5707.0
834.704651,5690.8
834.822998,5693.6
834.941162,5766.8
835.059448,5756.8
835.177673,5721.8
835.295959,5711.4
835.414246,5718.2
835.53241,5698.6
835.650635,5698.6
835.768921,5695.6
835.887146,5703.4
836.005371,5729.2
836.123596,5740.6
836.241821,5768.2
836.360046,5723.8
836.478271,5686.2
836.596497,5666.6
836.714722,5638.6
836.832886,5645.6
836.95105,5598.8
837.069336,5670.8
837.1875,5654.0
837.305725,5638.8
837.423889,5647.4
837.542053,5668.4
837.660339,5614.2
837.778503,5667.2
837.896667,5663.4
838.014832,5666.6
838.132996,5693.8
838.25116,5602.2
838.369385,5688.4
838.487488,5662.0
838.605713,5650.6
838.723877,5686.0
838.84198,5644.2
838.960205,5639.6
839.078308,5655.6
839.196472,5608.8
839.314636,5629.2
839.4328,5694.6
839.550964,5677.8
839.669067,5634.2
839.787231,5621.8
839.905396,5623.6
840.023499,5582.6
840.141602,5600.0
840.259766,5578.6
840.377869,5619.2
840.495972,5598.6
840.614136,5558.6
840.732239,5577.6
840.850342,5502.4
840.968445,5503.8
841.086548,5507.2
841.204651,5539.6
841.322754,5537.0
841.440918,5561.8
841.55896,5577.0
841.677002,5558.8
841.795166,5534.6
841.913208,5529.8
842.031311,5550.6
842.149353,5520.6
842.267456,5579.0
842.385498,5546.4
842.503601,5538.0
842.621643,5540.0
842.739746,5571.4
842.857788,5562.4
842.97583,5558.8
843.093933,5548.0
843.211975,5589.0
843.330017,5605.4
843.44812,5570.8
843.566101,5597.0
843.684204,5552.6
843.802246,5551.0
843.920227,5596.0
844.038269,5642.4
844.156311,5606.0
844.274292,5531.6
844.392395,5643.2
844.510376,5672.6
844.628357,5537.2
844.74646,5574.8
844.864441,5574.2
844.982422,5615.6
845.100403,5585.0
845.218384,5530.2
845.336426,5563.4
845.454468,5571.2
845.572449,5549.0
845.69043,5542.8
845.808411,5554.0
845.926453,5532.8
846.044373,5529.4
846.162354,5531.6
846.280396,5525.2
846.398315,5506.8
846.516296,5577.4
846.634216,5554.4
846.752197,5532.0
846.870178,5550.4
846.988098,5536.6
847.106079,5523.0
847.22406,5529.4
847.34198,5598.6
847.4599,5587.0
847.577881,5576.0
847.695801,5562.8
847.813782,5552.4
847.931641,5534.8
848.049561,5581.2
848.167603,5529.6
848.285461,5560.6
848.403381,5583.6
848.521362,5579.8
848.639221,5594.4
848.75708,5606.0
848.875,5571.6
848.99292,5565.8
849.110901,5561.0
849.22876,5558.2
849.34668,5570.0
849.464539,5527.2
849.582458,5528.2
849.700317,5539.2
849.818176,5499.2
849.936096,5472.0
850.053955,5538.8
850.171875,5502.2
850.289673,5501.2
850.407593,5458.2
850.525452,5519.8
850.643311,5518.8
850.761169,5501.2
850.878967,5544.2
850.996887,5566.0
851.114746,5513.4
851.232544,5524.6
851.350403,5583.8
851.468262,5547.6
851.58606,5487.6
851.703979,5542.6
851.821777,5521.2
851.939636,5491.8
852.057434,5514.2
852.175232,5544.6
852.293091,5553.4
852.410889,5605.6
852.528687,5581.6
852.646545,5591.8
852.764343,5558.8
852.88208,5545.0
852.999939,5527.6
853.117676,5515.2
853.235535,5447.4
853.353271,5535.6
853.471069,5543.0
853.588928,5481.8
853.706604,5488.8
853.824402,5517.6
853.9422,5504.0
854.059998,5512.8
854.177734,5512.0
854.295532,5504.0
854.413269,5514.2
854.531006,5472.2
854.648804,5515.6
854.766541,5586.4
854.884277,5559.2
855.002014,5569.8
855.119751,5573.4
855.237549,5584.0
855.355225,5628.0
855.473022,5585.4
855.590698,5605.6
855.708435,5575.6
855.826172,5547.8
855.943848,5610.8
856.061646,5546.6
856.179321,5552.2
856.296997,5559.6
856.414795,5578.8
856.53241,5572.2
856.650085,5638.6
856.767822,5560.0
856.885559,5589.6
857.003174,5531.4
857.120911,5581.8
857.238586,5484.2
857.356201,5519.8
857.473938,5458.4
857.591614,5489.2
857.709351,5511.6
857.826965,5501.6
857.944641,5478.0
858.062317,5506.0
858.179993,5503.4
858.297668,5488.2
858.415283,5471.8
858.532959,5499.2
858.650574,5512.4
858.768188,5482.8
858.885803,5550.0
859.003479,5468.4
859.121094,5479.4
859.23877,5475.6
859.356384,5519.8
859.473999,5502.0
859.591675,5477.2
859.709229,5473.0
859.826843,5475.4
859.944458,5484.0
860.062012,5446.6
860.179626,5460.6
860.297302,5402.6
860.414856,5440.6
860.532471,5418.2
860.650024,5451.2
860.767639,5466.0
860.885193,5449.4
861.002808,5418.2
861.120361,5469.2
861.237976,5443.4
861.35553,5420.6
861.473022,5440.2
861.590698,5438.2
861.708191,5407.0
861.825745,5414.2
861.943298,5428.2
862.060852,5396.6
862.178406,5354.8
862.295959,5341.6
862.413513,5333.0
862.531006,5334.8
862.64856,5340.8
862.766113,5309.4
862.883667,5366.0
863.00116,5338.4
863.118713,5312.2
863.236206,5298.0
863.353699,5300.2
863.471252,5342.8
863.588745,5346.8
863.706177,5364.2
863.82373,5412.2
863.941162,5343.2
864.058716,5309.4
864.176208,5338.0
864.29364,5415.0
864.411194,5349.6
864.528687,5342.2
864.646118,5365.2
864.763611,5280.2
864.881042,5267.0
864.998535,5352.8
865.116028,5323.4
865.233459,5325.8
865.350891,5267.4
865.468384,5347.2
865.585754,5362.4
865.703308,5316.6
865.820679,5382.8
865.938171,5365.4
866.055542,5379.8
866.173035,5370.4
866.290466,5366.4
866.407837,5387.4
866.52533,5398.0
866.6427,5382.2
866.760071,5386.2
866.877563,5364.6
866.994934,5332.6
867.112305,5327.4
867.229736,5316.6
867.347107,5335.8
867.464539,5288.2
867.58197,5272.2
867.699341,5302.2
867.81665,5281.4
867.934082,5308.6
868.051453,5296.6
868.168823,5325.8
868.286194,5354.8
868.403564,5322.6
868.520935,5366.2
868.638306,5372.0
868.755676,5348.0
868.872986,5333.6
868.990295,5386.8
869.107727,5358.4
869.225037,5267.4
869.342346,5316.6
869.459717,5304.8
869.577026,5289.8
869.694336,5264.2
869.811707,5228.8
869.929016,5242.8
870.046326,5265.0
870.163635,5282.4
870.280945,5244.0
870.398254,5221.4
870.515564,5285.8
870.632812,5189.2
870.750183,5233.0
870.867432,5177.6
870.984741,5220.2
871.102051,5249.0
871.219299,5276.6
871.336609,5251.4
871.453918,5306.6
871.571106,5283.2
871.688416,5293.8
871.805664,5286.4
871.922852,5237.6
872.040222,5262.6
872.157471,5269.0
872.274719,5253.0
872.391968,5248.2
872.509155,5242.2
872.626465,5222.8
872.743652,5277.8
872.860962,5257.8
872.978149,5276.4
873.095337,5305.0
873.212646,5273.8
873.329834,5265.0
873.44696,5245.6
873.564209,5259.0
873.681396,5245.8
873.798645,5225.0
873.915894,5190.6
874.03302,5205.2
874.150208,5190.0
874.267456,5159.6
874.384583,5192.0
874.501831,5174.6
874.618958,5201.2
874.736145,5237.4
874.853333,5198.4
874.970459,5253.8
875.087646,5255.6
875.204834,5239.4
875.32196,5248.6
875.439148,5220.6
875.556274,5213.0
875.673401,5242.2
875.790527,5154.8
875.907715,5218.4
876.024841,5178.2
876.141968,5177.8
876.259094,5191.6
876.376282,5188.4
876.493347,5147.8
876.610474,5164.4
876.7276,5142.2
876.844727,5192.8
876.961853,5183.2
877.078918,5218.0
877.195984,5233.8
877.313171,5235.0
877.430237,5183.8
877.547302,5193.4
877.664368,5211.6
877.781433,5175.4
877.898499,5178.8
878.015625,5206.4
878.13269,5204.4
878.249695,5173.0
878.366821,5188.4
878.483887,5214.2
878.600952,5180.0
878.717957,5174.2
878.834961,5195.8
878.952087,5256.4
879.069092,5251.4
879.186157,5210.6
879.303162,5204.4
879.420227,5189.6
879.537231,5156.0
879.654236,5152.6
879.77124,5175.4
879.888306,5107.8
880.005249,5117.8
880.122314,5092.2
880.239319,5048.8
880.356323,5092.8
880.473328,5066.2
880.590271,5033.0
880.707275,4992.0
880.824341,5074.2
880.941284,5048.6
881.058228,5063.6
881.175232,5089.2
881.292236,5127.6
881.40918,5120.4
881.526123,5107.8
881.643066,5147.4
881.760071,5129.0
881.877014,5104.2
881.993958,5113.6
882.11084,5098.6
882.227783,5092.8
882.344727,5046.2
882.46167,5010.0
882.578613,5030.2
882.695618,5025.6
882.812439,5027.4
882.929382,4991.2
883.046326,5056.6
883.163208,5081.6
883.280151,5036.4
883.397034,5034.0
883.513916,5086.8
883.630798,5101.2
883.747742,5091.6
883.864563,5087.0
883.981506,5121.0
884.098389,5120.6
884.21521,5105.8
884.332153,5073.6
884.448975,5099.4
884.565796,5104.6
884.682678,5040.6
884.7995,5053.0
884.916443,5083.6
885.033264,5139.4
885.150085,5082.0
885.266968,5098.2
885.383789,5114.6
885.500671,5111.6
885.617493,5161.6
885.734314,5087.2
885.851196,5138.4
885.967896,5117.0
886.084717,5076.0
886.201599,5092.2
886.318359,5120.2
886.435181,5113.2
886.552002,5059.2
886.668762,5073.4
886.785645,5082.0
886.902344,5072.2
887.019165,5022.0
887.135925,5014.6
887.252747,5026.8
887.369446,5043.2
887.486267,5001.2
887.603027,4978.2
887.719788,5043.2
887.836548,4998.4
887.953247,4992.8
888.070068,4989.4
888.186829,5021.0
888.303528,5005.2
888.420288,4986.2
888.536987,5023.2
888.653687,5027.8
888.770447,5005.8
888.887146,5026.8
889.003967,5018.0
889.120667,5026.2
889.237305,5014.0
889.354065,5025.8
889.470703,4996.8
889.587463,4971.8
889.704163,4997.2
889.820862,4914.2
889.937561,4967.6
890.054199,4921.8
890.170837,4936.8
890.287598,4943.2
890.404236,4939.8
890.520874,4988.2
890.637634,4952.2
890.754211,4947.6
890.87085,4956.6
890.987549,4968.8
891.104187,4965.2
891.220886,4989.8
891.337463,4952.0
891.454102,4963.4
891.57074,4962.8
891.687378,4945.8
891.804077,4907.0
891.920654,4863.6
892.037231,4907.2
892.15387,4907.8
892.270447,4885.8
892.387085,4903.4
892.503723,4897.6
892.6203,4868.0
892.736877,4904.8
892.853516,4904.8
892.970032,4891.0
893.08667,4873.2
893.203186,4919.0
893.319763,4901.2
893.43634,4889.8
893.552917,4916.2
893.669556,4916.0
893.786011,4923.2
893.902588,4935.0
894.019165,4854.2
894.135681,4916.2
894.252197,4908.8
894.368835,4894.4
894.485291,4853.2
894.601868,4862.4
894.718384,4904.8
894.8349,4866.8
894.951355,4855.4
895.067932,4893.2
895.184448,4936.2
895.300964,4907.6
895.417419,4909.4
895.533936,4938.6
895.650452,4899.8
895.766907,4923.6
895.883423,4896.2
895.999878,4936.6
896.116333,4915.4
896.232849,4882.8
896.349304,4823.4
896.465759,4785.2
896.582214,4818.2
896.698669,4810.2
896.815125,4818.6
896.931641,4804.0
897.048035,4858.4
897.164551,4910.6
897.280884,4886.6
897.397339,4849.8
897.513794,4920.6
897.630249,4935.0
897.746582,4942.6
897.863098,4918.4
897.979431,4937.8
898.095886,4895.6
898.212341,4870.4
898.328674,4864.4
898.445129,4902.8
898.561462,4845.4
898.677795,4836.0
898.794312,4802.4
898.910645,4777.6
899.026978,4782.6
899.143433,4772.2
899.259766,4765.4
899.37616,4818.0
899.492493,4800.8
899.608765,4771.4
899.725159,4781.6
899.841553,4811.2
899.957947,4806.2
900.07428,4817.8
900.190552,4805.0
900.306946,4841.2
900.423157,4847.8
900.53949,4835.6
900.655884,4800.4
900.772156,4832.4
900.888489,4821.2
901.004822,4779.6
901.121033,4733.6
901.237366,4742.0
901.353699,4743.8
901.46991,4748.2
901.586304,4731.0
901.702515,4751.0
901.818787,4753.8
901.93512,4759.4
902.051331,4740.6
902.167603,4756.8
902.283875,4768.0
902.400085,4724.8
902.516418,4720.4
902.632629,4705.8
902.74884,4739.4
902.865112,4792.8
902.981384,4749.8
903.097595,4815.4
903.213867,4794.4
903.330017,4811.2
903.446289,4779.4
903.5625,4747.4
903.67865,4793.6
903.794922,4780.2
903.911072,4760.8
904.027344,4685.2
904.143494,4743.0
904.259705,4746.4
904.375916,4669.0
904.492065,4657.8
904.608215,4689.0
904.724426,4695.0
904.840576,4688.4
904.956726,4666.0
905.072876,4680.6
905.189087,4715.0
905.305176,4697.0
905.421387,4745.0
905.537537,4758.0
905.653687,4791.6
905.769775,4767.0
905.885925,4784.6
906.002014,4718.4
906.118164,4719.8
906.234314,4702.0
906.350403,4699.4
906.466492,4685.6
906.582642,4647.8
906.69873,4645.2
906.814758,4623.6
906.930908,4627.0
907.046936,4589.4
907.163086,4676.2
907.279175,4670.4
907.395264,4657.4
907.511353,4657.0
907.62738,4651.6
907.743408,4671.8
907.859497,4669.6
907.975525,4697.6
908.091553,4681.6
908.207703,4657.0
908.32373,4641.2
908.439758,4661.2
908.555786,4706.8
908.671814,4661.6
908.787842,4613.0
908.90387,4641.4
909.019775,4619.6
909.135864,4599.0
909.251892,4573.6
909.367859,4618.6
909.483826,4582.0
909.599854,4627.8
909.715881,4596.4
909.831848,4563.8
909.947815,4574.6
910.063782,4616.6
910.179749,4587.0
910.295776,4588.0
910.411743,4590.2
910.527649,4659.8
910.643616,4650.6
910.759583,4607.0
910.875488,4646.6
910.991455,4627.2
911.107361,4618.6
911.223267,4634.2
911.339294,4605.0
911.4552,4649.4
911.571106,4574.2
911.687073,4592.6
911.802979,4527.6
911.918823,4548.0
912.034729,4585.2
912.150635,4567.4
912.266602,4540.0
912.382446,4584.2
912.498352,4546.2
912.614197,4516.8
912.730103,4494.6
912.846008,4543.0
792.44574,5301.4
792.56488,5216.6
792.68396,5230.2
792.80304,5177.2
792.92218,5175.6
793.041199,5111.0
793.160339,5123.6
793.279419,5116.0
793.398499,5135.8
793.517578,5066.0
793.636658,5029.8
793.755737,5095.6
793.874817,4997.2
793.993896,5039.6
794.112976,4998.6
794.232056,4991.4
794.351074,4957.4
794.470215,4972.4
794.589233,4954.6
794.708313,4953.8
794.827393,4910.0
794.946411,4896.6
795.065552,4937.8
795.18457,4905.4
795.303589,4901.0
795.422668,4872.0
795.541687,4883.2
795.660767,4859.4
795.779846,4839.6
795.898865,4848.0
796.017883,4811.4
796.136963,4829.0
796.255981,4819.6
796.375061,4791.4
796.49408,4815.8
796.613037,4784.6
796.732117,4765.6
796.851135,4753.6
796.970154,4733.0
797.089233,4724.0
797.208191,4710.2
797.327271,4712.6
797.446228,4720.6
797.565186,4722.4
797.684265,4729.0
797.803223,4713.8
797.922241,4673.4
798.04126,4722.6
798.160278,4689.4
798.279297,4705.8
798.398315,4680.2
798.517273,4714.2
798.636292,4642.8
798.75531,4675.2
798.874268,4678.6
798.993286,4681.8
799.112244,4685.0
799.231323,4687.6
799.350281,4654.6
799.469238,4672.6
799.588257,4689.6
799.707153,4670.8
799.826111,4706.8
799.945129,4640.6
800.064087,4633.2
800.183044,4668.6
800.302063,4666.6
800.421021,4688.0
800.539978,4599.8
800.658936,4669.0
800.777893,4684.4
800.896912,4641.8
801.015747,4636.2
801.134705,4638.2
801.253723,4628.8
801.37262,4595.2
801.491638,4658.0
801.610535,4632.6
801.729492,4621.8
801.84845,4608.0
801.967407,4627.6
802.086243,4616.2
802.205261,4654.6
802.324158,4617.0
802.443115,4660.6
802.562073,4646.2
802.680969,4621.6
802.799927,4638.0
802.918762,4631.4
803.037659,4642.8
803.156677,4664.2
803.275574,4659.2
803.39447,4650.8
803.513428,4610.4
803.632263,4670.2
803.751221,4655.8
803.870117,4668.4
803.989014,4624.2
804.107971,4651.6
804.226746,4629.8
804.345642,4643.2
804.4646,4694.2
804.583496,4687.8
804.702393,4677.8
804.821228,4649.0
804.940125,4638.4
805.059021,4683.8
805.177917,4653.6
805.296814,4676.2
805.415649,4684.4
805.534546,4680.4
805.653442,4685.2
805.772278,4723.6
805.891113,4726.4
806.01001,4733.6
806.128906,4697.0
806.247742,4700.2
806.366577,4644.4
806.485413,4680.6
806.604309,4651.0
806.723145,4681.8
806.84198,4719.4
806.960876,4715.4
807.079712,4702.4
807.198486,4714.0
807.317383,4659.0
807.436218,4662.6
807.554993,4653.2
807.673889,4650.0
807.792725,4679.2
807.91156,4673.8
808.030396,4676.0
808.14917,4652.6
808.268005,4634.4
808.386841,4665.0
808.505676,4670.8
808.624451,4657.0
808.743286,4680.8
808.862122,4679.0
808.980896,4674.0
809.099731,4659.8
809.218506,4675.6
809.337341,4652.4
809.456116,4657.0
809.57489,4633.2
809.693726,4675.0
809.8125,4665.6
809.931274,4676.0
810.050049,4641.4
810.168884,4653.2
810.287659,4648.0
810.406372,4598.4
810.525269,4625.6
810.643982,4609.6
810.762756,4601.4
810.881531,4552.4
811.000305,4598.6
811.11908,4585.0
811.237854,4559.2
811.356567,4572.6
811.475403,4568.8
811.594116,4561.8
811.71283,4622.2
811.831604,4584.6
811.950378,4607.0
812.069153,4629.4
812.187927,4620.8
812.30658,4628.0
812.425415,4581.4
812.544128,4584.8
812.662781,4541.0
812.781616,4578.2
812.900269,4539.8
813.019043,4545.8
813.137756,4537.2
813.256531,4577.8
813.375244,4563.4
813.493896,4533.4
813.612671,4513.2
813.731384,4511.6
813.850037,4516.4
813.96875,4516.4
814.087524,4499.0
814.206238,4478.6
814.324951,4456.6
814.443604,4485.0
814.562256,4480.8
814.68103,4496.8
814.799683,4473.6
814.918335,4465.8
815.037109,4520.4
815.155762,4517.4
815.274475,4510.8
815.393188,4509.8
815.511841,4482.6
815.630554,4485.8
815.749146,4478.2
815.867859,4439.6
815.986572,4490.2
816.105164,4483.8
816.223877,4470.2
816.342529,4471.8
816.461182,4494.8
816.579895,4503.8
816.698486,4541.2
816.817139,4534.2
816.935791,4518.2
817.054504,4472.8
817.173096,4443.2
817.291748,4488.8
817.4104,4510.6
817.529053,4450.0
817.647644,4514.6
817.766235,4456.2
817.884949,4450.0
818.00354,4473.0
818.122192,4486.2
818.240845,4435.2
818.359436,4411.2
818.478088,4464.8
818.59668,4411.0
818.715271,4406.2
818.833923,4398.2
818.952515,4421.2
819.071106,4425.6
819.189758,4370.4
819.30835,4400.4
819.426941,4374.8
819.545532,4406.4
819.664124,4363.8
819.782715,4363.4
819.901306,4396.0
820.019897,4393.0
820.138489,4440.6
820.25708,4435.2
820.375671,4405.0
820.494202,4405.6
820.612732,4388.6
820.731384,4406.8
820.849915,4364.4
820.968506,4348.2
821.087097,4369.4
821.205627,4388.6
821.324158,4365.6
821.442749,4359.8
821.561279,4358.2
821.679871,4336.0
821.798401,4338.6
821.916931,4338.2
822.035461,4372.4
822.154053,4330.8
822.272583,4279.2
822.391174,4322.2
822.509583,4306.0
822.628174,4298.6
822.746704,4289.6
822.865234,4301.4
822.983765,4288.6
823.102295,4324.0
823.220825,4298.8
823.339294,4309.6
823.457825,4278.0
823.576355,4328.8
823.694824,4314.6
823.813354,4335.0
823.931885,4264.4
824.050354,4288.4
824.168884,4261.0
824.287354,4280.4
824.405823,4284.8
824.524353,4320.8
824.642822,4314.8
824.761353,4277.8
824.879822,4295.2
824.998291,4280.0
825.116699,4275.8
825.235291,4299.4
825.353699,4266.4
825.472168,4223.0
825.590637,4250.4
825.709106,4290.2
825.827576,4247.0
825.946045,4206.4
826.064453,4251.2
826.182983,4203.8
826.301392,4229.4
826.4198,4219.6
826.53833,4237.2
826.656738,4232.2
826.775208,4210.2
826.893677,4225.6
827.012024,4190.2
827.130493,4169.0
827.248962,4183.6
827.36731,4203.2
827.485779,4192.2
827.604248,4185.0
827.722595,4191.4
827.841064,4179.4
827.959412,4206.4
828.077942,4172.4
828.196289,4199.6
828.314636,4149.6
828.433105,4151.4
828.551514,4163.8
828.669861,4182.8
828.78833,4155.8
828.906677,4188.2
829.025085,4191.8
829.143433,4183.0
829.261841,4143.8
829.38031,4144.2
829.498657,4147.6
829.617004,4128.2
829.735413,4163.0
829.85376,4133.6
829.972107,4157.0
830.090515,4124.4
830.208862,4095.0
830.327209,4079.6
830.445557,4142.0
830.563904,4202.6
830.682312,4161.2
830.800659,4144.2
830.919006,4183.6
831.037354,4182.4
831.155701,4188.0
831.274048,4185.0
831.392395,4142.6
831.51062,4123.4
831.629028,4112.2
831.747314,4173.0
831.865662,4115.4
831.984009,4166.6
832.102356,4122.2
832.220642,4131.8
832.338928,4127.0
832.457275,4148.4
832.575623,4127.8
832.693909,4115.8
832.812134,4134.8
832.930481,4146.0
833.048828,4125.6
833.167114,4108.2
833.2854,4070.4
833.403687,4117.0
833.521973,4100.8
833.640259,4057.0
833.758545,4125.0
833.876831,4102.0
833.995056,4085.4
834.113281,4089.0
834.231628,4081.6
834.349915,4061.8
834.468201,4110.8
834.586426,4109.4
834.704651,4079.6
834.822998,4048.8
834.941162,4108.8
835.059448,4104.0
835.177673,4119.2
835.295959,4096.8
835.414246,4091.0
835.53241,4087.4
835.650635,4093.8
835.768921,4056.6
835.887146,4067.0
836.005371,4094.2
836.123596,4091.0
836.241821,4085.0
836.360046,4064.6
836.478271,4095.6
836.596497,4058.2
836.714722,4068.0
836.832886,4032.6
836.95105,4063.0
837.069336,4083.6
837.1875,4028.8
837.305725,4060.2
837.423889,4047.4
837.542053,4083.0
837.660339,4044.4
837.778503,4080.6
837.896667,4042.4
838.014832,4077.2
838.132996,4083.0
838.25116,4053.2
838.369385,4034.4
838.487488,4067.2
838.605713,4063.4
838.723877,4075.2
838.84198,4065.8
838.960205,4053.2
839.078308,4038.0
839.196472,4065.8
839.314636,4047.2
839.4328,4100.2
839.550964,4050.6
839.669067,4014.6
839.787231,4064.0
839.905396,4027.4
840.023499,4057.6
840.141602,4031.6
840.259766,4063.8
840.377869,4017.2
840.495972,4046.0
840.614136,4025.8
840.732239,4022.6
840.850342,3983.8
840.968445,4001.6
841.086548,3978.4
841.204651,4002.0
841.322754,3977.4
841.440918,3994.2
841.55896,3984.0
841.677002,3971.6
841.795166,4001.2
841.913208,3965.0
842.031311,4008.4
842.149353,3953.2
842.267456,3973.4
842.385498,3986.4
842.503601,3979.4
842.621643,3965.6
842.739746,3982.6
842.857788,4007.4
842.97583,3983.0
843.093933,4026.2
843.211975,4014.2
843.330017,4062.4
843.44812,4010.0
843.566101,3973.4
843.684204,4015.4
843.802246,3978.6
843.920227,4023.0
844.038269,4037.8
844.156311,3997.0
844.274292,3992.0
844.392395,4006.8
844.510376,3970.2
844.628357,3972.2
844.74646,3996.8
844.864441,3980.4
844.982422,3994.4
845.100403,3974.4
845.218384,3976.0
845.336426,3980.4
845.454468,3977.6
845.572449,3998.8
845.69043,4046.4
845.808411,3991.4
845.926453,3994.6
846.044373,3953.8
846.162354,3948.4
846.280396,3956.8
846.398315,3940.6
846.516296,3964.4
846.634216,3967.4
846.752197,3950.0
846.870178,3956.0
846.988098,3954.4
847.106079,3981.2
847.22406,3954.4
847.34198,3966.0
847.4599,3973.4
847.577881,3964.0
847.695801,3982.4
847.813782,3932.8
847.931641,3967.8
848.049561,3958.6
848.167603,3937.2
848.285461,3972.2
848.403381,3966.6
848.521362,4003.4
848.639221,4000.4
848.75708,3986.2
848.875,3982.0
848.99292,3933.6
849.110901,3982.4
849.22876,3975.0
849.34668,3970.0
849.464539,3951.0
849.582458,3914.6
849.700317,3918.4
849.818176,3951.4
849.936096,3933.8
850.053955,3965.0
850.171875,3950.2
850.289673,3950.2
850.407593,3872.4
850.525452,3941.2
850.643311,3908.8
850.761169,3951.4
850.878967,3943.6
850.996887,3941.8
851.114746,3948.4
851.232544,3915.4
851.350403,3967.8
851.468262,3967.0
851.58606,3934.6
851.703979,3948.0
851.821777,3924.0
851.939636,3941.4
852.057434,3934.6
852.175232,3959.0
852.293091,3955.6
852.410889,3988.2
852.528687,3952.4
852.646545,3981.6
852.764343,3978.4
852.88208,3963.0
852.999939,3949.6
853.117676,3937.2
853.235535,3946.2
853.353271,3935.8
853.471069,3931.2
853.588928,3887.6
853.706604,3948.6
853.824402,3950.8
853.9422,3950.2
854.059998,3949.0
854.177734,3948.8
854.295532,3931.2
854.413269,3920.6
854.531006,3942.2
854.648804,3959.2
854.766541,3963.4
854.884277,3975.8
855.002014,3982.8
855.119751,3997.6
855.237549,4020.2
855.355225,4001.0
855.473022,3978.8
855.590698,4005.0
855.708435,4001.0
855.826172,3914.6
855.943848,3997.4
856.061646,3988.4
856.179321,3986.8
856.296997,3950.8
856.414795,3988.6
856.53241,3956.2
856.650085,4000.8
856.767822,3965.4
856.885559,3944.0
857.003174,3956.0
857.120911,3975.0
857.238586,3924.2
857.356201,3943.8
857.473938,3924.4
857.591614,3943.8
857.709351,3943.2
857.826965,3901.8
857.944641,3944.2
858.062317,3924.6
858.179993,3955.8
858.297668,3914.6
858.415283,3920.4
858.532959,3902.8
858.650574,3931.6
858.768188,3924.2
858.885803,3935.4
859.003479,3925.8
859.121094,3916.4
859.23877,3922.6
859.356384,3924.2
859.473999,3899.2
859.591675,3900.0
859.709229,3947.6
859.826843,3926.2
859.944458,3869.6
860.062012,3893.8
860.179626,3883.2
860.297302,3910.0
860.414856,3860.2
860.532471,3864.6
860.650024,3866.2
860.767639,3881.2
860.885193,3920.2
861.002808,3864.2
861.120361,3908.6
861.237976,3909.0
861.35553,3875.0
861.473022,3896.6
861.590698,3853.8
861.708191,3890.0
861.825745,3854.4
861.943298,3887.2
862.060852,3863.2
862.178406,3856.2
862.295959,3826.6
862.413513,3828.6
862.531006,3848.0
862.64856,3843.0
862.766113,3814.6
862.883667,3854.4
863.00116,3866.0
863.118713,3832.6
863.236206,3846.6
863.353699,3833.6
863.471252,3810.8
863.588745,3851.2
863.706177,3873.8
863.82373,3865.8
863.941162,3865.4
864.058716,3832.6
864.176208,3801.2
864.29364,3871.2
864.411194,3857.2
864.528687,3827.2
864.646118,3869.4
864.763611,3856.4
864.881042,3806.2
864.998535,3871.4
865.116028,3852.2
865.233459,3809.2
865.350891,3790.0
865.468384,3847.8
865.585754,3834.2
865.703308,3838.8
865.820679,3847.4
865.938171,3860.4
866.055542,3879.0
866.173035,3844.0
866.290466,3862.8
866.407837,3884.4
866.52533,3902.0
866.6427,3852.0
866.760071,3874.0
866.877563,3877.6
866.994934,3847.8
867.112305,3860.0
867.229736,3834.4
867.347107,3814.4
867.464539,3803.6
867.58197,3813.0
867.699341,3822.8
867.81665,3826.0
867.934082,3808.0
868.051453,3827.8
868.168823,3841.0
868.286194,3842.4
868.403564,3844.8
868.520935,3851.4
868.638306,3851.6
868.755676,3853.6
868.872986,3853.0
868.990295,3843.6
869.107727,3839.0
869.225037,3792.8
869.342346,3814.0
869.459717,3811.4
869.577026,3841.8
869.694336,3823.6
869.811707,3833.4
869.929016,3824.2
870.046326,3813.0
870.163635,3807.4
870.280945,3814.0
870.398254,3805.6
870.515564,3823.6
870.632812,3773.4
870.750183,3799.2
870.867432,3797.6
870.984741,3794.2
871.102051,3821.4
871.219299,3798.6
871.336609,3824.4
871.453918,3814.0
871.571106,3808.8
871.688416,3819.8
871.805664,3847.4
871.922852,3839.8
872.040222,3804.8
872.157471,3828.8
872.274719,3789.6
872.391968,3843.8
872.509155,3823.8
872.626465,3808.4
872.743652,3830.0
872.860962,3803.8
872.978149,3824.0
873.095337,3822.4
873.212646,3794.2
873.329834,3788.0
873.44696,3806.8
873.564209,3812.8
873.681396,3805.2
873.798645,3780.8
873.915894,3761.6
874.03302,3807.0
874.150208,3774.0
874.267456,3751.2
874.384583,3777.2
874.501831,3802.0
874.618958,3791.0
874.736145,3778.4
874.853333,3767.0
874.970459,3805.4
875.087646,3818.8
875.204834,3800.0
875.32196,3812.2
875.439148,3820.8
875.556274,3769.6
875.673401,3800.0
875.790527,3807.6
875.907715,3794.0
876.024841,3768.2
876.141968,3751.8
876.259094,3788.6
876.376282,3803.2
876.493347,3804.6
876.610474,3756.8
876.7276,3780.6
876.844727,3800.8
876.961853,3752.0
877.078918,3802.8
877.195984,3801.0
877.313171,3790.4
877.430237,3759.2
877.547302,3789.4
877.664368,3791.2
877.781433,3787.8
877.898499,3780.2
878.015625,3788.4
878.13269,3744.4
878.249695,3795.6
878.366821,3770.0
878.483887,3734.2
878.600952,3796.6
878.717957,3757.0
878.834961,3782.6
878.952087,3781.6
879.069092,3803.6
879.186157,3785.2
879.303162,3720.4
879.420227,3809.2
879.537231,3733.4
879.654236,3732.0
879.77124,3770.0
879.888306,3752.0
880.005249,3749.2
880.122314,3742.2
880.239319,3726.2
880.356323,3749.0
880.473328,3718.6
880.590271,3716.0
880.707275,3742.6
880.824341,3762.0
880.941284,3719.4
881.058228,3741.0
881.175232,3738.4
881.292236,3758.6
881.40918,3777.6
881.526123,3754.2
881.643066,3738.4
881.760071,3770.6
881.877014,3764.0
881.993958,3770.2
882.11084,3723.6
882.227783,3739.6
882.344727,3747.4
882.46167,3718.8
882.578613,3696.2
882.695618,3736.4
882.812439,3697.6
882.929382,3713.8
883.046326,3750.2
883.163208,3723.6
883.280151,3690.6
883.397034,3727.6
883.513916,3764.2
883.630798,3743.4
883.747742,3753.8
883.864563,3747.6
883.981506,3752.8
884.098389,3746.0
884.21521,3719.6
884.332153,3730.4
884.448975,3694.4
884.565796,3751.2
884.682678,3711.6
884.7995,3741.6
884.916443,3746.6
885.033264,3742.8
885.150085,3737.4
885.266968,3770.2
885.383789,3728.0
885.500671,3756.2
885.617493,3772.6
885.734314,3761.8
885.851196,3777.6
885.967896,3778.6
886.084717,3776.6
886.201599,3758.2
886.318359,3753.6
886.435181,3764.2
886.552002,3759.2
886.668762,3764.4
886.785645,3754.6
886.902344,3764.0
887.019165,3765.2
887.135925,3733.4
887.252747,3723.4
887.369446,3739.4
887.486267,3738.4
887.603027,3717.8
887.719788,3724.4
887.836548,3736.8
887.953247,3724.2
888.070068,3726.0
888.186829,3723.6
888.303528,3750.2
888.420288,3722.0
888.536987,3744.8
888.653687,3713.8
888.770447,3756.0
888.887146,3743.4
889.003967,3777.4
889.120667,3762.4
889.237305,3749.2
889.354065,3721.0
889.470703,3742.0
889.587463,3710.8
889.704163,3750.0
889.820862,3719.8
889.937561,3723.0
890.054199,3695.0
890.170837,3693.6
890.287598,3732.0
890.404236,3699.8
890.520874,3678.2
890.637634,3743.0
890.754211,3690.2
890.87085,3718.0
890.987549,3705.2
891.104187,3732.0
891.220886,3681.6
891.337463,3717.2
891.454102,3747.0
891.57074,3709.2
891.687378,3666.4
891.804077,3717.0
891.920654,3688.0
892.037231,3660.4
892.15387,3712.0
892.270447,3686.6
892.387085,3662.8
892.503723,3676.4
892.6203,3696.8
892.736877,3687.6
892.853516,3681.6
892.970032,3675.2
893.08667,3690.8
893.203186,3679.8
893.319763,3695.0
893.43634,3688.8
893.552917,3708.0
893.669556,3687.8
893.786011,3707.0
893.902588,3698.6
894.019165,3708.2
894.135681,3694.0
894.252197,3701.0
894.368835,3718.6
894.485291,3669.4
894.601868,3689.4
894.718384,3714.4
894.8349,3667.2
894.951355,3706.0
895.067932,3739.8
895.184448,3742.0
895.300964,3749.2
895.417419,3724.0
895.533936,3727.2
895.650452,3734.6
895.766907,3739.8
895.883423,3701.6
895.999878,3698.4
896.116333,3694.0
896.232849,3691.8
896.349304,3667.2
896.465759,3684.0
896.582214,3663.4
896.698669,3666.2
896.815125,3647.8
896.931641,3670.6
897.048035,3664.0
897.164551,3699.0
897.280884,3682.4
897.397339,3694.4
897.513794,3697.0
897.630249,3750.4
897.746582,3699.2
897.863098,3678.2
897.979431,3717.6
898.095886,3757.2
898.212341,3689.0
898.328674,3685.2
898.445129,3703.4
898.561462,3706.4
898.677795,3681.2
898.794312,3661.8
898.910645,3632.4
899.026978,3641.0
899.143433,3652.6
899.259766,3663.8
899.37616,3667.2
899.492493,3648.4
899.608765,3689.0
899.725159,3653.8
899.841553,3694.0
899.957947,3685.4
900.07428,3664.4
900.190552,3715.2
900.306946,3659.2
900.423157,3687.8
900.53949,3671.0
900.655884,3695.2
900.772156,3704.6
900.888489,3686.8
901.004822,3676.8
901.121033,3646.6
901.237366,3679.2
901.353699,3668.8
901.46991,3644.2
901.586304,3642.4
901.702515,3674.4
901.818787,3637.4
901.93512,3635.8
902.051331,3625.6
902.167603,3656.8
902.283875,3661.0
902.400085,3631.0
902.516418,3641.6
902.632629,3613.6
902.74884,3661.8
902.865112,3686.2
902.981384,3647.2
903.097595,3703.6
903.213867,3686.6
903.330017,3667.2
903.446289,3663.8
903.5625,3649.6
903.67865,3646.6
903.794922,3667.4
903.911072,3641.0
904.027344,3670.4
904.143494,3649.6
904.259705,3660.6
904.375916,3623.4
904.492065,3629.0
904.608215,3607.0
904.724426,3609.2
904.840576,3602.4
904.956726,3606.4
905.072876,3639.6
905.189087,3622.0
905.305176,3666.4
905.421387,3650.2
905.537537,3671.0
905.653687,3663.4
905.769775,3645.0
905.885925,3641.6
906.002014,3646.4
906.118164,3656.6
906.234314,3633.2
906.350403,3646.2
906.466492,3668.8
906.582642,3647.4
906.69873,3663.0
906.814758,3644.8
906.930908,3611.4
907.046936,3635.8
907.163086,3638.8
907.279175,3603.4
907.395264,3645.2
907.511353,3627.6
907.62738,3626.4
907.743408,3620.0
907.859497,3645.8
907.975525,3668.2
908.091553,3648.0
908.207703,3621.6
908.32373,3642.8
908.439758,3649.8
908.555786,3665.2
908.671814,3655.2
908.787842,3608.0
908.90387,3669.4
909.019775,3620.8
909.135864,3613.4
909.251892,3638.4
909.367859,3643.4
909.483826,3624.8
909.599854,3642.4
909.715881,3599.2
909.831848,3580.6
909.947815,3617.8
910.063782,3644.2
910.179749,3618.8
910.295776,3630.8
910.411743,3620.8
910.527649,3598.4
910.643616,3610.8
910.759583,3620.2
910.875488,3636.0
910.991455,3611.0
911.107361,3599.2
911.223267,3614.8
911.339294,3609.8
911.4552,3621.6
911.571106,3589.6
911.687073,3592.4
911.802979,3612.8
911.918823,3594.2
912.034729,3596.2
912.150635,3591.6
912.266602,3576.2
912.382446,3585.8
912.498352,3561.0
912.614197,3562.4
912.730103,3539.0
912.846008,3589.2
792.44574,4751.2
792.56488,4691.6
792.68396,4736.2
792.80304,4690.4
792.92218,4647.6
793.041199,4633.6
793.160339,4627.6
793.279419,4593.4
793.398499,4577.8
793.517578,4546.8
793.636658,4529.6
793.755737,4527.8
793.874817,4466.4
793.993896,4509.8
794.112976,4461.2
794.232056,4489.0
794.351074,4462.0
794.470215,4457.4
794.589233,4408.4
794.708313,4435.4
794.827393,4412.0
794.946411,4370.8
795.065552,4386.8
795.18457,4400.6
795.303589,4382.0
795.422668,4329.2
795.541687,4370.6
795.660767,4371.6
795.779846,4350.2
795.898865,4282.0
796.017883,4310.2
796.136963,4306.8
796.255981,4312.6
796.375061,4313.2
796.49408,4275.6
796.613037,4260.8
796.732117,4280.8
796.851135,4248.8
796.970154,4194.8
797.089233,4241.2
797.208191,4216.6
797.327271,4220.4
797.446228,4223.8
797.565186,4249.2
797.684265,4217.2
797.803223,4251.4
797.922241,4188.0
798.04126,4217.4
798.160278,4174.6
798.279297,4177.6
798.398315,4178.4
798.517273,4165.2
798.636292,4152.6
798.75531,4141.4
798.874268,4139.6
798.993286,4182.0
799.112244,4160.6
799.231323,4160.8
799.350281,4180.2
799.469238,4188.4
799.588257,4138.4
799.707153,4189.8
799.826111,4133.6
799.945129,4152.6
800.064087,4170.6
800.183044,4150.8
800.302063,4137.2
800.421021,4146.8
800.539978,4098.4
800.658936,4109.0
800.777893,4114.6
800.896912,4111.4
801.015747,4106.8
801.134705,4109.6
801.253723,4128.6
801.37262,4089.2
801.491638,4129.4
801.610535,4102.2
801.729492,4075.8
801.84845,4123.8
801.967407,4110.4
802.086243,4101.4
802.205261,4062.0
802.324158,4085.4
802.443115,4073.2
802.562073,4129.2
802.680969,4098.0
802.799927,4085.8
802.918762,4080.6
803.037659,4106.0
803.156677,4118.0
803.275574,4107.4
803.39447,4113.2
803.513428,4074.8
803.632263,4085.2
803.751221,4088.2
803.870117,4143.2
803.989014,4106.6
804.107971,4102.8
804.226746,4112.2
804.345642,4122.2
804.4646,4114.6
804.583496,4129.6
804.702393,4095.0
804.821228,4083.0
804.940125,4091.0
805.059021,4114.8
805.177917,4110.0
805.296814,4126.2
805.415649,4167.6
805.534546,4118.4
805.653442,4085.6
805.772278,4165.8
805.891113,4133.0
806.01001,4096.0
806.128906,4134.0
806.247742,4100.0
806.366577,4073.4
806.485413,4106.6
806.604309,4112.8
806.723145,4072.0
806.84198,4100.0
806.960876,4076.0
807.079712,4087.0
807.198486,4092.2
807.317383,4090.0
807.436218,4080.0
807.554993,4100.4
807.673889,4085.6
807.792725,4087.0
807.91156,4067.6
808.030396,4090.8
808.14917,4067.6
808.268005,4040.8
808.386841,4099.6
808.505676,4096.6
808.624451,4063.0
808.743286,4057.2
808.862122,4050.2
808.980896,4078.0
809.099731,4067.0
809.218506,4059.6
809.337341,4093.8
809.456116,4062.2
809.57489,4103.6
809.693726,4073.8
809.8125,4027.8
809.931274,4432.0
810.050049,4074.4
810.168884,4044.6
810.287659,4066.6
810.406372,4015.8
810.525269,4048.4
810.643982,4027.6
810.762756,4050.8
810.881531,3983.4
811.000305,4037.8
811.11908,4012.0
811.237854,4032.8
811.356567,4004.4
811.475403,4028.2
811.594116,4028.0
811.71283,4053.8
811.831604,4007.2
811.950378,4010.2
812.069153,4016.0
812.187927,4017.2
812.30658,3995.0
812.425415,3980.0
812.544128,3973.0
812.662781,3994.2
812.781616,3994.0
812.900269,3990.2
813.019043,3980.0
813.137756,3981.0
813.256531,3976.0
813.375244,3992.0
813.493896,4007.6
813.612671,3945.8
813.731384,3955.6
813.850037,3945.4
813.96875,3979.2
814.087524,3966.8
814.206238,3926.8
814.324951,3934.8
814.443604,3914.4
814.562256,3947.4
814.68103,3951.4
814.799683,3968.0
814.918335,3927.2
815.037109,3955.0
815.155762,3964.6
815.274475,3931.0
815.393188,3928.6
815.511841,3979.4
815.630554,3943.4
815.749146,3937.8
815.867859,3916.4
815.986572,3962.4
816.105164,3891.4
816.223877,3944.6
816.342529,3940.6
816.461182,3940.8
816.579895,3963.2
816.698486,3932.0
816.817139,3936.6
816.935791,3955.2
817.054504,3934.2
817.173096,3926.8
817.291748,3900.0
817.4104,3953.6
817.529053,3931.6
817.647644,3906.6
817.766235,3887.2
817.884949,3927.2
818.00354,3922.0
818.122192,3895.6
818.240845,3855.0
818.359436,3879.4
818.478088,3910.4
818.59668,3886.8
818.715271,3905.8
818.833923,3891.8
818.952515,3884.6
819.071106,3839.0
819.189758,3883.2
819.30835,3872.4
819.426941,3868.0
819.545532,3881.8
819.664124,3874.4
819.782715,3893.0
819.901306,3870.2
820.019897,3861.0
820.138489,3901.8
820.25708,3878.6
820.375671,3900.2
820.494202,3899.8
820.612732,3929.2
820.731384,3852.6
820.849915,3844.6
820.968506,3865.4
821.087097,3838.8
821.205627,3842.2
821.324158,3860.4
821.442749,3803.0
821.561279,3826.4
821.679871,3824.4
821.798401,3814.0
821.916931,3808.2
822.035461,3820.2
822.154053,3845.0
822.272583,3763.4
822.391174,3779.8
822.509583,3775.0
822.628174,3807.0
822.746704,3802.4
822.865234,3811.4
822.983765,3801.2
823.102295,3810.4
823.220825,3821.6
823.339294,3771.6
823.457825,3833.0
823.576355,3810.4
823.694824,3801.0
823.813354,3802.4
823.931885,3780.2
824.050354,3793.2
824.168884,3766.4
824.287354,3780.6
824.405823,3764.6
824.524353,3776.4
824.642822,3791.2
824.761353,3798.6
824.879822,3783.4
824.998291,3765.8
825.116699,3780.4
825.235291,3776.4
825.353699,3774.2
825.472168,3772.2
825.590637,3771.2
825.709106,3784.2
825.827576,3767.4
825.946045,3755.0
826.064453,3790.8
826.182983,3758.4
826.301392,3734.8
826.4198,3736.2
826.53833,3758.4
826.656738,3751.4
826.775208,3737.2
826.893677,3749.0
827.012024,3706.6
827.130493,3701.4
827.248962,3730.6
827.36731,3725.4
827.485779,3717.2
827.604248,3720.2
827.722595,3736.0
827.841064,3686.2
827.959412,3708.4
828.077942,3707.2
828.196289,3678.8
828.314636,3702.2
828.433105,3665.6
828.551514,3684.6
828.669861,3695.8
828.78833,3662.6
828.906677,3708.0
829.025085,3723.4
829.143433,3695.0
829.261841,3687.4
829.38031,3651.2
829.498657,3681.6
829.617004,3680.8
829.735413,3656.8
829.85376,3674.8
829.972107,3637.8
830.090515,3676.0
830.208862,3678.2
830.327209,3641.8
830.445557,3679.0
830.563904,3648.2
830.682312,3658.4
830.800659,3630.6
830.919006,3654.8
831.037354,3670.0
831.155701,3666.0
831.274048,3656.2
831.392395,3643.0
831.51062,3677.2
831.629028,3645.4
831.747314,3668.6
831.865662,3675.8
831.984009,3663.2
832.102356,3628.2
832.220642,3641.6
832.338928,3651.4
832.457275,3657.8
832.575623,3644.6
832.693909,3649.8
832.812134,3642.4
832.930481,3653.6
833.048828,3668.2
833.167114,3626.6
833.2854,3599.6
833.403687,3655.8
833.521973,3615.0
833.640259,3602.0
833.758545,3606.6
833.876831,3632.8
833.995056,3628.6
834.113281,3644.6
834.231628,3648.8
834.349915,3618.4
834.468201,3632.2
834.586426,3655.0
834.704651,3646.0
834.822998,3611.2
834.941162,3655.6
835.059448,3646.6
835.177673,3628.8
835.295959,3630.4
835.414246,3633.4
835.53241,3634.6
835.650635,3636.8
835.768921,3581.6
835.887146,3610.8
836.005371,3626.6
836.123596,3632.0
836.241821,3645.0
836.360046,3623.4
836.478271,3611.4
836.596497,3607.2
836.714722,3568.0
836.832886,3588.0
836.95105,3578.8
837.069336,3596.0
837.1875,3573.2
837.305725,3583.4
837.423889,3614.0
837.542053,3580.6
837.660339,3580.0
837.778503,3592.0
837.896667,3597.4
838.014832,3574.0
838.132996,3603.2
838.25116,3571.0
838.369385,3546.4
838.487488,3598.0
838.605713,3578.6
838.723877,3621.6
838.84198,3583.0
838.960205,3568.4
839.078308,3591.6
839.196472,3565.2
839.314636,3557.4
839.4328,3612.4
839.550964,3558.2
839.669067,3572.4
839.787231,3590.6
839.905396,3601.0
840.023499,3601.8
840.141602,3567.6
840.259766,3575.4
840.377869,3576.4
840.495972,3558.6
840.614136,3552.8
840.732239,3538.6
840.850342,3515.2
840.968445,3511.6
841.086548,3527.8
841.204651,3520.2
841.322754,3566.4
841.440918,3551.8
841.55896,3554.4
841.677002,3522.0
841.795166,3550.0
841.913208,3527.4
842.031311,3543.8
842.149353,3545.6
842.267456,3535.2
842.385498,3549.8
842.503601,3556.0
842.621643,3548.4
842.739746,3539.6
842.857788,3566.8
842.97583,3540.6
843.093933,3566.6
843.211975,3560.2
843.330017,3592.8
843.44812,3559.4
843.566101,3536.8
843.684204,3570.2
843.802246,3540.6
843.920227,3540.8
844.038269,3584.2
844.156311,3555.6
844.274292,3564.0
844.392395,3549.4
844.510376,3568.6
844.628357,3534.2
844.74646,3520.0
844.864441,3515.4
844.982422,3535.8
845.100403,3541.4
845.218384,3531.4
845.336426,3514.8
845.454468,3544.0
845.572449,3537.6
845.69043,3548.2
845.808411,3539.0
845.926453,3505.4
846.044373,3532.8
846.162354,3516.0
846.280396,3533.8
846.398315,3527.8
846.516296,3538.8
846.634216,3500.2
846.752197,3524.4
846.870178,3507.2
846.988098,3526.0
847.106079,3516.8
847.22406,3524.0
847.34198,3537.6
847.4599,3535.2
847.577881,3531.8
847.695801,3551.2
847.813782,3515.2
847.931641,3542.4
848.049561,3540.4
848.167603,3501.6
848.285461,3535.6
848.403381,3563.6
848.521362,3559.4
848.639221,3549.0
848.75708,3530.8
848.875,3545.4
848.99292,3526.2
849.110901,3547.4
849.22876,3534.6
849.34668,3532.6
849.464539,3528.0
849.582458,3517.0
849.700317,3501.0
849.818176,3527.0
849.936096,3527.6
850.053955,3487.8
850.171875,3522.8
850.289673,3522.6
850.407593,3509.0
850.525452,3529.2
850.643311,3532.0
850.761169,3549.8
850.878967,3500.2
850.996887,3552.0
851.114746,3512.6
851.232544,3505.2
851.350403,3543.0
851.468262,3524.6
851.58606,3508.8
851.703979,3518.2
851.821777,3526.4
851.939636,3525.8
852.057434,3541.6
852.175232,3529.2
852.293091,3539.8
852.410889,3557.4
852.528687,3561.4
852.646545,3542.8
852.764343,3566.8
852.88208,3550.8
852.999939,3542.6
853.117676,3500.2
853.235535,3490.4
853.353271,3519.6
853.471069,3523.6
853.588928,3492.2
853.706604,3511.2
853.824402,3521.8
853.9422,3523.0
854.059998,3498.2
854.177734,3498.8
854.295532,3553.2
854.413269,3498.6
854.531006,3520.4
854.648804,3525.0
854.766541,3566.0
854.884277,3544.6
855.002014,3567.0
855.119751,3562.6
855.237549,3583.0
855.355225,3580.8
855.473022,3647.0
855.590698,3716.6
855.708435,3821.2
855.826172,3524.2
855.943848,3686.2
856.061646,3560.4
856.179321,3564.8
856.296997,3528.8
856.414795,3608.0
856.53241,3558.8
856.650085,3546.0
856.767822,3567.4
856.885559,3576.0
857.003174,3529.8
857.120911,3518.2
857.238586,3519.0
857.356201,3533.2
857.473938,3497.8
857.591614,3501.6
857.709351,3510.0
857.826965,3520.2
857.944641,3512.2
858.062317,3517.2
858.179993,3490.6
858.297668,3503.4
858.415283,3502.0
858.532959,3505.6
858.650574,3480.0
858.768188,3528.6
858.885803,3526.2
859.003479,3485.2
859.121094,3467.0
859.23877,3517.6
859.356384,3503.0
859.473999,3510.6
859.591675,3511.8
859.709229,3523.4
859.826843,3460.8
859.944458,3514.8
860.062012,3491.0
860.179626,3495.0
860.297302,3498.2
860.414856,3473.6
860.532471,3468.0
860.650024,3509.6
860.767639,3492.4
860.885193,3486.0
861.002808,3487.0
861.120361,3502.8
861.237976,3502.6
861.35553,3500.8
861.473022,3516.0
861.590698,3528.4
861.708191,3511.6
861.825745,3483.4
861.943298,3433.6
862.060852,3449.6
862.178406,3485.8
862.295959,3444.0
862.413513,3459.4
862.531006,3450.4
862.64856,3436.2
862.766113,3480.8
862.883667,3461.6
863.00116,3443.4
863.118713,3451.0
863.236206,3448.4
863.353699,3427.6
863.471252,3467.0
863.588745,3447.4
863.706177,3451.2
863.82373,3457.8
863.941162,3469.6
864.058716,3444.8
864.176208,3475.4
864.29364,3452.0
864.411194,3458.0
864.528687,3438.2
864.646118,3461.4
864.763611,3431.2
864.881042,3430.0
864.998535,3450.2
865.116028,3472.6
865.233459,3462.4
865.350891,3402.0
865.468384,3482.6
865.585754,3471.6
865.703308,3457.6
865.820679,3483.2
865.938171,3439.4
866.055542,3445.6
866.173035,3480.6
866.290466,3466.2
866.407837,3468.2
866.52533,3456.4
866.6427,3490.6
866.760071,3454.8
866.877563,3445.6
866.994934,3459.6
867.112305,3441.0
867.229736,3453.2
867.347107,3443.6
867.464539,3426.8
867.58197,3435.2
867.699341,3449.6
867.81665,3439.2
867.934082,3461.2
868.051453,3415.4
868.168823,3452.2
868.286194,3455.8
868.403564,3450.2
868.520935,3489.0
868.638306,3463.4
868.755676,3472.4
868.872986,3443.0
868.990295,3479.4
869.107727,3466.2
869.225037,3434.4
869.342346,3468.2
869.459717,3462.0
869.577026,3426.4
869.694336,3440.2
869.811707,3439.8
869.929016,3409.0
870.046326,3455.2
870.163635,3431.0
870.280945,3427.4
870.398254,3445.8
870.515564,3436.8
870.632812,3411.4
870.750183,3438.0
870.867432,3425.6
870.984741,3393.8
871.102051,3419.6
871.219299,3422.0
871.336609,3422.0
871.453918,3467.4
871.571106,3460.0
871.688416,3438.2
871.805664,3429.2
871.922852,3423.0
872.040222,3438.4
872.157471,3457.0
872.274719,3425.2
872.391968,3448.0
872.509155,3422.4
872.626465,3405.2
872.743652,3434.2
872.860962,3469.4
872.978149,3434.6
873.095337,3451.8
873.212646,3447.8
873.329834,3429.6
873.44696,3447.4
873.564209,3432.2
873.681396,3463.0
873.798645,3422.0
873.915894,3385.4
874.03302,3420.6
874.150208,3431.8
874.267456,3385.2
874.384583,3406.6
874.501831,3397.4
874.618958,3418.0
874.736145,3443.8
874.853333,3425.8
874.970459,3454.8
875.087646,3442.4
875.204834,3412.4
875.32196,3440.0
875.439148,3438.2
875.556274,3426.0
875.673401,3415.6
875.790527,3428.8
875.907715,3430.4
876.024841,3404.8
876.141968,3400.0
876.259094,3445.0
876.376282,3431.8
876.493347,3428.6
876.610474,3425.6
876.7276,3419.6
876.844727,3452.4
876.961853,3419.2
877.078918,3418.4
877.195984,3417.6
877.313171,3447.4
877.430237,3405.0
877.547302,3441.8
877.664368,3410.0
877.781433,3427.6
877.898499,3444.2
878.015625,3388.8
878.13269,3406.6
878.249695,3413.4
878.366821,3386.8
878.483887,3447.6
878.600952,3410.4
878.717957,3402.0
878.834961,3418.8
878.952087,3442.0
879.069092,3418.6
879.186157,3413.4
879.303162,3387.2
879.420227,3435.0
879.537231,3424.0
879.654236,3394.4
879.77124,3384.0
879.888306,3397.4
880.005249,3325.6
880.122314,3349.6
880.239319,3388.4
880.356323,3401.0
880.473328,3418.0
880.590271,3362.8
880.707275,3407.8
880.824341,3390.4
880.941284,3372.0
881.058228,3383.8
881.175232,3435.4
881.292236,3378.4
881.40918,3412.2
881.526123,3393.4
881.643066,3436.6
881.760071,3438.0
881.877014,3429.2
881.993958,3398.0
882.11084,3394.0
882.227783,3413.8
882.344727,3402.2
882.46167,3386.6
882.578613,3370.2
882.695618,3367.4
882.812439,3368.2
882.929382,3385.2
883.046326,3432.2
883.163208,3405.2
883.280151,3351.0
883.397034,3365.6
883.513916,3415.8
883.630798,3389.0
883.747742,3394.8
883.864563,3414.0
883.981506,3400.2
884.098389,3398.2
884.21521,3416.4
884.332153,3394.6
884.448975,3365.6
884.565796,3407.2
884.682678,3383.8
884.7995,3390.0
884.916443,3402.2
885.033264,3431.4
885.150085,3396.2
885.266968,3456.4
885.383789,3368.2
885.500671,3451.0
885.617493,3414.2
885.734314,3431.0
885.851196,3397.6
885.967896,3396.2
886.084717,3426.0
886.201599,3425.0
886.318359,3425.6
886.435181,3423.4
886.552002,3405.8
886.668762,3409.4
886.785645,3402.4
886.902344,3406.8
887.019165,3396.6
887.135925,3410.6
887.252747,3415.4
887.369446,3425.2
887.486267,3402.4
887.603027,3394.2
887.719788,3386.0
887.836548,3422.4
887.953247,3377.2
888.070068,3374.8
888.186829,3391.2
888.303528,3397.2
888.420288,3407.4
888.536987,3400.6
888.653687,3416.0
888.770447,3390.6
888.887146,3378.2
889.003967,3397.8
889.120667,3392.6
889.237305,3409.2
889.354065,3414.4
889.470703,3376.4
889.587463,3365.6
889.704163,3415.0
889.820862,3378.6
889.937561,3380.6
890.054199,3380.8
890.170837,3357.2
890.287598,3381.6
890.404236,3393.2
890.520874,3411.8
890.637634,3404.0
890.754211,3399.6
890.87085,3366.0
890.987549,3406.0
891.104187,3390.4
891.220886,3411.0
891.337463,3373.0
891.454102,3394.8
891.57074,3412.0
891.687378,3350.0
891.804077,3383.6
891.920654,3357.2
892.037231,3356.8
892.15387,3346.0
892.270447,3361.4
892.387085,3370.4
892.503723,3373.4
892.6203,3344.4
892.736877,3367.6
892.853516,3373.0
892.970032,3416.0
893.08667,3372.4
893.203186,3400.8
893.319763,3341.4
893.43634,3352.6
893.552917,3410.4
893.669556,3416.0
893.786011,3388.0
893.902588,3369.6
894.019165,3377.4
894.135681,3379.0
894.252197,3384.0
894.368835,3393.6
894.485291,3355.6
894.601868,3375.8
894.718384,3407.0
894.8349,3368.0
894.951355,3386.4
895.067932,3370.6
895.184448,3397.0
895.300964,3402.4
895.417419,3423.8
895.533936,3391.0
895.650452,3412.8
895.766907,3399.0
895.883423,3371.8
895.999878,3403.6
896.116333,3387.4
896.232849,3420.4
896.349304,3377.8
896.465759,3376.2
896.582214,3353.0
896.698669,3353.4
896.815125,3349.2
896.931641,3350.8
897.048035,3381.2
897.164551,3400.4
897.280884,3371.2
897.397339,3384.6
897.513794,3422.2
897.630249,3436.6
897.746582,3432.4
897.863098,3402.2
897.979431,3372.4
898.095886,3387.4
898.212341,3379.2
898.328674,3391.0
898.445129,3376.8
898.561462,3379.8
898.677795,3362.8
898.794312,3376.2
898.910645,3371.6
899.026978,3382.0
899.143433,3398.2
899.259766,3326.2
899.37616,3367.2
899.492493,3368.0
899.608765,3379.2
899.725159,3384.6
899.841553,3382.0
899.957947,3372.2
900.07428,3391.4
900.190552,3424.6
900.306946,3395.8
900.423157,3406.4
900.53949,3370.8
900.655884,3378.8
900.772156,3374.2
900.888489,3402.0
901.004822,3347.8
901.121033,3356.2
901.237366,3353.2
901.353699,3350.4
901.46991,3352.8
901.586304,3359.0
901.702515,3363.0
901.818787,3356.8
901.93512,3356.2
902.051331,3376.4
902.167603,3387.2
902.283875,3393.6
902.400085,3374.6
902.516418,3334.8
902.632629,3349.6
902.74884,3374.2
902.865112,3383.8
902.981384,3356.8
903.097595,3383.8
903.213867,3407.8
903.330017,3409.2
903.446289,3371.6
903.5625,3372.4
903.67865,3393.8
903.794922,3378.0
903.911072,3374.0
904.027344,3379.4
904.143494,3385.0
904.259705,3408.8
904.375916,3334.8
904.492065,3338.4
904.608215,3387.8
904.724426,3355.6
904.840576,3332.4
904.956726,3345.6
905.072876,3343.8
905.189087,3351.2
905.305176,3371.0
905.421387,3388.2
905.537537,3396.0
905.653687,3382.0
905.769775,3395.2
905.885925,3386.4
906.002014,3383.8
906.118164,3360.6
906.234314,3388.6
906.350403,3376.4
906.466492,3380.4
906.582642,3360.2
906.69873,3371.2
906.814758,3389.0
906.930908,3347.0
907.046936,3329.8
907.163086,3358.2
907.279175,3355.8
907.395264,3380.8
907.511353,3370.6
907.62738,3396.4
907.743408,3359.2
907.859497,3385.2
907.975525,3360.6
908.091553,3381.4
908.207703,3392.6
908.32373,3369.8
908.439758,3387.6
908.555786,3376.8
908.671814,3378.4
908.787842,3391.4
908.90387,3360.4
909.019775,3369.4
909.135864,3357.6
909.251892,3355.4
909.367859,3368.6
909.483826,3398.4
909.599854,3353.6
909.715881,3345.0
909.831848,3336.8
909.947815,3353.6
910.063782,3344.6
910.179749,3379.2
910.295776,3364.2
910.411743,3331.6
910.527649,3361.4
910.643616,3372.8
910.759583,3371.6
910.875488,3358.6
910.991455,3332.8
911.107361,3372.8
911.223267,3320.2
911.339294,3353.8
911.4552,3357.6
911.571106,3357.8
911.687073,3359.6
911.802979,3364.2
911.918823,3364.0
912.034729,3346.4
912.150635,3328.6
912.266602,3325.6
912.382446,3331.8
912.498352,3289.2
912.614197,3304.8
912.730103,3342.2
912.846008,3355.0
792.44574,4035.4
792.56488,3954.6
792.68396,3999.0
792.80304,3954.0
792.92218,3905.2
793.041199,3922.8
793.160339,3954.2
793.279419,3925.2
793.398499,3872.4
793.517578,3900.4
793.636658,3879.2
793.755737,3885.4
793.874817,3873.4
793.993896,3873.4
794.112976,3853.2
794.232056,3864.4
794.351074,3818.8
794.470215,3835.2
794.589233,3820.8
794.708313,3818.0
794.827393,3803.0
794.946411,3762.4
795.065552,3799.0
795.18457,3772.2
795.303589,3795.0
795.422668,3755.4
795.541687,3749.0
795.660767,3779.4
795.779846,3712.2
795.898865,3726.2
796.017883,3723.8
796.136963,3725.8
796.255981,3748.2
796.375061,3718.2
796.49408,3721.8
796.613037,3708.8
796.732117,3719.8
796.851135,3704.2
796.970154,3710.0
797.089233,3684.0
797.208191,3691.8
797.327271,3671.6
797.446228,3704.2
797.565186,3700.8
797.684265,3698.0
797.803223,3658.8
797.922241,3660.0
798.04126,3684.4
798.160278,3663.6
798.279297,3660.4
798.398315,3636.0
798.517273,3640.6
798.636292,3613.4
798.75531,3663.2
798.874268,3661.2
798.993286,3651.0
799.112244,3621.2
799.231323,3617.0
799.350281,3633.4
799.469238,3656.0
799.588257,3649.4
799.707153,3632.0
799.826111,3629.6
799.945129,3635.0
800.064087,3632.8
800.183044,3626.6
800.302063,3622.6
800.421021,3622.2
800.539978,3597.2
800.658936,3617.6
800.777893,3652.4
800.896912,3586.2
801.015747,3610.8
801.134705,3610.4
801.253723,3608.2
801.37262,3612.0
801.491638,3592.6
801.610535,3624.2
801.729492,3616.6
801.84845,3590.4
801.967407,3609.8
802.086243,3620.0
802.205261,3638.8
802.324158,3582.0
802.443115,3612.2
802.562073,3625.6
802.680969,3607.8
802.799927,3606.0
802.918762,3621.0
803.037659,3615.8
803.156677,3612.6
803.275574,3597.4
803.39447,3593.4
803.513428,3549.8
803.632263,3603.0
803.751221,3617.2
803.870117,3600.2
803.989014,3604.0
804.107971,3604.6
804.226746,3599.6
804.345642,3613.6
804.4646,3596.4
804.583496,3604.8
804.702393,3635.4
804.821228,3598.6
804.940125,3603.0
805.059021,3595.2
805.177917,3600.0
805.296814,3609.8
805.415649,3619.2
805.534546,3624.0
805.653442,3575.2
805.772278,3670.4
805.891113,3654.8
806.01001,3621.0
806.128906,3625.8
806.247742,3576.6
806.366577,3587.4
806.485413,3549.0
806.604309,3622.2
806.723145,3596.0
806.84198,3629.4
806.960876,3616.8
807.079712,3616.0
807.198486,3621.6
807.317383,3598.0
807.436218,3583.6
807.554993,3554.2
807.673889,3597.0
807.792725,3576.4
807.91156,3603.4
808.030396,3591.6
808.14917,3572.8
808.268005,3577.4
808.386841,3588.8
808.505676,3593.2
808.624451,3592.2
808.743286,3596.0
808.862122,3593.6
808.980896,3575.8
809.099731,3612.2
809.218506,3555.4
809.337341,3585.0
809.456116,3560.8
809.57489,3626.8
809.693726,3579.8
809.8125,3569.4
809.931274,3596.4
810.050049,3580.2
810.168884,3594.2
810.287659,3555.2
810.406372,3565.6
810.525269,3579.4
810.643982,3577.2
810.762756,3555.0
810.881531,3536.0
811.000305,3548.4
811.11908,3547.0
811.237854,3551.4
811.356567,3521.0
811.475403,3564.4
811.594116,3532.4
811.71283,3560.6
811.831604,3561.2
811.950378,3592.0
812.069153,3509.4
812.187927,3510.8
812.30658,3532.4
812.425415,3474.6
812.544128,3492.2
812.662781,3511.0
812.781616,3527.4
812.900269,3533.6
813.019043,3519.8
813.137756,3514.0
813.256531,3510.8
813.375244,3511.4
813.493896,3540.4
813.612671,3507.6
813.731384,3474.6
813.850037,3485.6
813.96875,3486.0
814.087524,3498.6
814.206238,3462.4
814.324951,3473.2
814.443604,3478.8
814.562256,3507.2
814.68103,3479.2
814.799683,3462.6
814.918335,3475.8
815.037109,3478.6
815.155762,3485.4
815.274475,3457.0
815.393188,3477.4
815.511841,3502.8
815.630554,3478.2
815.749146,3451.8
815.867859,3443.6
815.986572,3469.2
816.105164,3418.6
816.223877,3461.8
816.342529,3448.0
816.461182,3471.6
816.579895,3458.4
816.698486,3492.6
816.817139,3505.6
816.935791,3460.6
817.054504,3452.2
817.173096,3461.0
817.291748,3426.6
817.4104,3453.8
817.529053,3409.8
817.647644,3455.2
817.766235,3394.0
817.884949,3428.2
818.00354,3366.0
818.122192,3411.2
818.240845,3388.0
818.359436,3374.8
818.478088,3425.8
818.59668,3370.8
818.715271,3393.0
818.833923,3374.6
818.952515,3358.8
819.071106,3424.8
819.189758,3355.8
819.30835,3382.6
819.426941,3366.4
819.545532,3360.2
819.664124,3341.4
819.782715,3336.0
819.901306,3354.8
820.019897,3351.0
820.138489,3355.4
820.25708,3380.4
820.375671,3380.8
820.494202,3349.4
820.612732,3336.6
820.731384,3349.4
820.849915,3321.8
820.968506,3349.8
821.087097,3333.0
821.205627,3311.2
821.324158,3317.4
821.442749,3336.0
821.561279,3310.2
821.679871,3308.2
821.798401,3332.6
821.916931,3308.2
822.035461,3324.8
822.154053,3333.6
822.272583,3287.4
822.391174,3297.6
822.509583,3296.0
822.628174,3285.6
822.746704,3285.8
822.865234,3316.2
822.983765,3296.6
823.102295,3288.8
823.220825,3285.2
823.339294,3283.4
823.457825,3331.4
823.576355,3271.6
823.694824,3288.8
823.813354,3310.6
823.931885,3282.0
824.050354,3295.4
824.168884,3295.2
824.287354,3318.0
824.405823,3279.4
824.524353,3278.6
824.642822,3278.8
824.761353,3281.2
824.879822,3291.0
824.998291,3265.8
825.116699,3265.0
825.235291,3289.6
825.353699,3290.8
825.472168,3226.8
825.590637,3287.6
825.709106,3285.2
825.827576,3243.6
825.946045,3266.8
826.064453,3280.8
826.182983,3251.6
826.301392,3242.2
826.4198,3265.8
826.53833,3267.8
826.656738,3260.0
826.775208,3265.2
826.893677,3242.8
827.012024,3270.6
827.130493,3233.4
827.248962,3221.4
827.36731,3219.6
827.485779,3202.0
827.604248,3213.0
827.722595,3245.0
827.841064,3207.6
827.959412,3199.4
828.077942,3196.4
828.196289,3201.4
828.314636,3213.6
828.433105,3186.4
828.551514,3181.2
828.669861,3225.6
828.78833,3219.8
828.906677,3175.4
829.025085,3230.2
829.143433,3196.8
829.261841,3204.0
829.38031,3190.4
829.498657,3174.2
829.617004,3191.2
829.735413,3176.2
829.85376,3169.0
829.972107,3193.2
830.090515,3167.2
830.208862,3207.2
830.327209,3169.4
830.445557,3229.4
830.563904,3190.6
830.682312,3206.4
830.800659,3185.8
830.919006,3206.4
831.037354,3170.6
831.155701,3204.6
831.274048,3189.6
831.392395,3177.6
831.51062,3171.4
831.629028,3181.6
831.747314,3198.6
831.865662,3187.2
831.984009,3187.2
832.102356,3183.0
832.220642,3158.0
832.338928,3158.4
832.457275,3202.6
832.575623,3201.2
832.693909,3160.0
832.812134,3201.4
832.930481,3151.6
833.048828,3194.4
833.167114,3192.0
833.2854,3145.0
833.403687,3177.8
833.521973,3133.8
833.640259,3136.4
833.758545,3173.0
833.876831,3137.8
833.995056,3137.4
834.113281,3131.0
834.231628,3167.6
834.349915,3155.6
834.468201,3150.4
834.586426,3137.0
834.704651,3155.8
834.822998,3136.2
834.941162,3178.0
835.059448,3166.4
835.177673,3162.8
835.295959,3151.0
835.414246,3183.2
835.53241,3166.8
835.650635,3138.2
835.768921,3149.6
835.887146,3150.4
836.005371,3157.6
836.123596,3133.8
836.241821,3147.4
836.360046,3181.4
836.478271,3126.4
836.596497,3158.6
836.714722,3160.4
836.832886,3130.8
836.95105,3122.2
837.069336,3174.2
837.1875,3130.4
837.305725,3148.4
837.423889,3109.0
837.542053,3202.0
837.660339,3130.2
837.778503,3144.0
837.896667,3158.2
838.014832,3120.0
838.132996,3117.4
838.25116,3122.4
838.369385,3153.8
838.487488,3157.4
838.605713,3149.0
838.723877,3122.0
838.84198,3113.4
838.960205,3098.6
839.078308,3154.2
839.196472,3123.6
839.314636,3145.8
839.4328,3130.4
839.550964,3138.6
839.669067,3120.6
839.787231,3134.6
839.905396,3097.6
840.023499,3141.8
840.141602,3124.6
840.259766,3120.4
840.377869,3085.8
840.495972,3126.8
840.614136,3085.8
840.732239,3079.8
840.850342,3071.2
840.968445,3109.2
841.086548,3089.4
841.204651,3095.0
841.322754,3097.0
841.440918,3069.4
841.55896,3104.2
841.677002,3073.6
841.795166,3120.0
841.913208,3110.6
842.031311,3096.0
842.149353,3116.4
842.267456,3091.0
842.385498,3092.4
842.503601,3096.4
842.621643,3087.8
842.739746,3093.8
842.857788,3105.0
842.97583,3116.8
843.093933,3098.0
843.211975,3087.6
843.330017,3112.2
843.44812,3089.2
843.566101,3101.6
843.684204,3093.0
843.802246,3059.4
843.920227,3113.8
844.038269,3143.6
844.156311,3113.4
844.274292,3096.6
844.392395,3107.6
844.510376,3095.4
844.628357,3072.4
844.74646,3064.8
844.864441,3088.2
844.982422,3089.4
845.100403,3111.4
845.218384,3071.8
845.336426,3082.0
845.454468,3114.6
845.572449,3077.6
845.69043,3069.2
845.808411,3089.0
845.926453,3066.6
846.044373,3051.6
846.162354,3045.8
846.280396,3066.2
846.398315,3058.4
846.516296,3082.6
846.634216,3045.4
846.752197,3064.2
846.870178,3092.8
846.988098,3046.8
847.106079,3063.6
847.22406,3049.4
847.34198,3076.8
847.4599,3084.8
847.577881,3051.8
847.695801,3062.4
847.813782,3043.8
847.931641,3082.0
848.049561,3052.8
848.167603,3015.6
848.285461,3068.8
848.403381,3109.0
848.521362,3088.6
848.639221,3084.2
848.75708,3075.6
848.875,3065.8
848.99292,3094.2
849.110901,3082.0
849.22876,3055.8
849.34668,3044.6
849.464539,3077.4
849.582458,3052.2
849.700317,3030.8
849.818176,3054.8
849.936096,3065.4
850.053955,3096.2
850.171875,3080.4
850.289673,3046.6
850.407593,3064.2
850.525452,3060.0
850.643311,3069.8
850.761169,3053.6
850.878967,3067.6
850.996887,3071.4
851.114746,3037.2
851.232544,3072.8
851.350403,3058.0
851.468262,3053.2
851.58606,3082.4
851.703979,3061.4
851.821777,3073.6
851.939636,3068.0
852.057434,3070.4
852.175232,3069.6
852.293091,3077.2
852.410889,3075.0
852.528687,3114.0
852.646545,3081.6
852.764343,3080.0
852.88208,3054.0
852.999939,3056.6
853.117676,3095.6
853.235535,3081.8
853.353271,3088.2
853.471069,3062.6
853.588928,3045.2
853.706604,3048.0
853.824402,3099.0
853.9422,3099.2
854.059998,3087.2
854.177734,3056.2
854.295532,3093.4
854.413269,3066.8
854.531006,3057.8
854.648804,3073.2
854.766541,3101.2
854.884277,3093.0
855.002014,3071.0
855.119751,3101.2
855.237549,3126.0
855.355225,3148.2
855.473022,3102.6
855.590698,3123.4
855.708435,3115.8
855.826172,3077.8
855.943848,3111.8
856.061646,3119.6
856.179321,3076.6
856.296997,3080.0
856.414795,3112.0
856.53241,3082.0
856.650085,3105.4
856.767822,3097.2
856.885559,3119.8
857.003174,3076.4
857.120911,3057.2
857.238586,3068.0
857.356201,3084.0
857.473938,3037.4
857.591614,3085.4
857.709351,3085.0
857.826965,3061.0
857.944641,3063.8
858.062317,3080.0
858.179993,3091.6
858.297668,3066.4
858.415283,3053.0
858.532959,3075.2
858.650574,3059.0
858.768188,3111.0
858.885803,3076.6
859.003479,3105.2
859.121094,3050.8
859.23877,3078.6
859.356384,3067.6
859.473999,3052.8
859.591675,3044.8
859.709229,3048.8
859.826843,3080.4
859.944458,3048.4
860.062012,3066.6
860.179626,3036.6
860.297302,3076.6
860.414856,3042.0
860.532471,3027.4
860.650024,3042.4
860.767639,3069.6
860.885193,3056.0
861.002808,3065.2
861.120361,3073.0
861.237976,3062.2
861.35553,3054.2
861.473022,3065.2
861.590698,3070.4
861.708191,3067.4
861.825745,3048.0
861.943298,3041.4
862.060852,3062.6
862.178406,3027.6
862.295959,3038.4
862.413513,3040.2
862.531006,3055.8
862.64856,3026.2
862.766113,3018.4
862.883667,3045.2
863.00116,3047.4
863.118713,3035.6
863.236206,3057.6
863.353699,3037.0
863.471252,3037.0
863.588745,3043.6
863.706177,3014.6
863.82373,3046.8
863.941162,3054.4
864.058716,3016.6
864.176208,3045.4
864.29364,3042.0
864.411194,3034.8
864.528687,3013.6
864.646118,3071.4
864.763611,2997.8
864.881042,3026.0
864.998535,3035.6
865.116028,3047.4
865.233459,3019.6
865.350891,3033.0
865.468384,3057.2
865.585754,3034.0
865.703308,3048.6
865.820679,3049.6
865.938171,3047.0
866.055542,3026.0
866.173035,3061.2
866.290466,3056.2
866.407837,3047.6
866.52533,3063.4
866.6427,3033.4
866.760071,3069.6
866.877563,3023.0
866.994934,3056.6
867.112305,3055.6
867.229736,3031.6
867.347107,3023.6
867.464539,3019.6
867.58197,3053.8
867.699341,3056.0
867.81665,3060.6
867.934082,3026.2
868.051453,3014.2
868.168823,3031.6
868.286194,3067.0
868.403564,3036.0
868.520935,3015.8
868.638306,3033.0
868.755676,3024.2
868.872986,3043.6
868.990295,3041.4
869.107727,3077.4
869.225037,3024.0
869.342346,3052.4
869.459717,3038.4
869.577026,3033.8
869.694336,3018.6
869.811707,3046.4
869.929016,3040.4
870.046326,3039.2
870.163635,3032.2
870.280945,3049.2
870.398254,3038.4
870.515564,3046.2
870.632812,3037.8
870.750183,3058.4
870.867432,3037.0
870.984741,3031.8
871.102051,3027.2
871.219299,2998.8
871.336609,3025.0
871.453918,3022.8
871.571106,3076.8
871.688416,3035.8
871.805664,3031.2
871.922852,3050.8
872.040222,3028.8
872.157471,3064.6
872.274719,3045.0
872.391968,3064.6
872.509155,3033.8
872.626465,3054.8
872.743652,3053.0
872.860962,3014.8
872.978149,3036.0
873.095337,3051.6
873.212646,3043.8
873.329834,3051.8
873.44696,3034.8
873.564209,3028.2
873.681396,3063.8
873.798645,3027.0
873.915894,3041.0
874.03302,3023.0
874.150208,3026.8
874.267456,3045.8
874.384583,3000.4
874.501831,3022.6
874.618958,3033.8
874.736145,3015.4
874.853333,3033.0
874.970459,3019.0
875.087646,3071.8
875.204834,3032.8
875.32196,3050.2
875.439148,3066.6
875.556274,3007.0
875.673401,3043.8
875.790527,3035.0
875.907715,3042.4
876.024841,3014.2
876.141968,3046.0
876.259094,3042.8
876.376282,3065.0
876.493347,3033.4
876.610474,3019.6
876.7276,3025.0
876.844727,3053.6
876.961853,3027.4
877.078918,3053.2
877.195984,3046.2
877.313171,3053.0
877.430237,3036.8
877.547302,3048.0
877.664368,3036.6
877.781433,3047.4
877.898499,3031.4
878.015625,3072.0
878.13269,3036.4
878.249695,3050.6
878.366821,3028.0
878.483887,3080.8
878.600952,3046.4
878.717957,3052.8
878.834961,3036.2
878.952087,3063.8
879.069092,3067.0
879.186157,3058.0
879.303162,3034.2
879.420227,3051.2
879.537231,3030.6
879.654236,3028.6
879.77124,3016.8
879.888306,3052.8
880.005249,3038.8
880.122314,3030.4
880.239319,3033.0
880.356323,3025.0
880.473328,3041.0
880.590271,3016.2
880.707275,3039.6
880.824341,3043.6
880.941284,3000.6
881.058228,3050.2
881.175232,3031.4
881.292236,3021.2
881.40918,3046.0
881.526123,3024.0
881.643066,3025.0
881.760071,3069.0
881.877014,3022.0
881.993958,3052.6
882.11084,3035.0
882.227783,3040.8
882.344727,3005.2
882.46167,3027.6
882.578613,3049.2
882.695618,3051.8
882.812439,3035.4
882.929382,3016.6
883.046326,3031.8
883.163208,3054.0
883.280151,3031.8
883.397034,3004.0
883.513916,3028.0
883.630798,3057.4
883.747742,3029.2
883.864563,3045.8
883.981506,3034.4
884.098389,3028.0
884.21521,3032.8
884.332153,3057.8
884.448975,3014.2
884.565796,3046.4
884.682678,3051.4
884.7995,3044.0
884.916443,3067.4
885.033264,3079.8
885.150085,3026.6
885.266968,3060.8
885.383789,3057.6
885.500671,3078.6
885.617493,3060.6
885.734314,3053.8
885.851196,3072.0
885.967896,3070.2
886.084717,3077.8
886.201599,3076.4
886.318359,3067.0
886.435181,3051.6
886.552002,3072.0
886.668762,3037.8
886.785645,3079.4
886.902344,3045.4
887.019165,3050.2
887.135925,3041.2
887.252747,3055.4
887.369446,3090.2
887.486267,3077.2
887.603027,3057.2
887.719788,3084.2
887.836548,3054.2
887.953247,3063.2
888.070068,3068.4
888.186829,3090.8
888.303528,3061.8
888.420288,3064.0
888.536987,3028.2
888.653687,3069.4
888.770447,3065.0
888.887146,3037.6
889.003967,3062.8
889.120667,3060.0
889.237305,3062.4
889.354065,3042.0
889.470703,3048.4
889.587463,3042.2
889.704163,3071.2
889.820862,3033.4
889.937561,3076.6
890.054199,3041.0
890.170837,3057.6
890.287598,3047.4
890.404236,3073.8
890.520874,3068.2
890.637634,3078.4
890.754211,3076.6
890.87085,3074.6
890.987549,3083.0
891.104187,3046.4
891.220886,3046.6
891.337463,3064.8
891.454102,3081.4
891.57074,3073.2
891.687378,3063.8
891.804077,3090.8
891.920654,3045.8
892.037231,3052.4
892.15387,3063.0
892.270447,3044.6
892.387085,3081.0
892.503723,3036.4
892.6203,3061.0
892.736877,3053.6
892.853516,3057.2
892.970032,3055.2
893.08667,3073.4
893.203186,3067.0
893.319763,3030.8
893.43634,3081.0
893.552917,3052.4
893.669556,3091.0
893.786011,3086.4
893.902588,3086.4
894.019165,3060.6
894.135681,3067.0
894.252197,3059.6
894.368835,3092.0
894.485291,3070.4
894.601868,3050.6
894.718384,3108.2
894.8349,3063.8
894.951355,3079.0
895.067932,3075.0
895.184448,3054.4
895.300964,3095.2
895.417419,3090.6
895.533936,3107.8
895.650452,3062.0
895.766907,3097.6
895.883423,3098.0
895.999878,3070.0
896.116333,3094.4
896.232849,3077.4
896.349304,3063.4
896.465759,3112.4
896.582214,3050.2
896.698669,3069.0
896.815125,3078.0
896.931641,3062.6
897.048035,3088.2
897.164551,3072.6
897.280884,3079.4
897.397339,3084.0
897.513794,3071.0
897.630249,3100.2
897.746582,3113.0
897.863098,3080.0
897.979431,3105.6
898.095886,3087.6
898.212341,3084.4
898.328674,3106.4
898.445129,3092.6
898.561462,3083.4
898.677795,3070.6
898.794312,3070.4
898.910645,3075.4
899.026978,3080.4
899.143433,3097.2
899.259766,3073.4
899.37616,3065.6
899.492493,3057.8
899.608765,3065.6
899.725159,3080.4
899.841553,3088.4
899.957947,3079.0
900.07428,3073.8
900.190552,3106.0
900.306946,3099.8
900.423157,3086.0
900.53949,3095.6
900.655884,3074.8
900.772156,3129.6
900.888489,3049.6
901.004822,3095.8
901.121033,3052.8
901.237366,3037.4
901.353699,3094.4
901.46991,3042.8
901.586304,3061.8
901.702515,3105.8
901.818787,3087.4
901.93512,3077.0
902.051331,3066.4
902.167603,3084.8
902.283875,3109.6
902.400085,3058.4
902.516418,3068.6
902.632629,3076.4
902.74884,3066.6
902.865112,3125.8
902.981384,3056.0
903.097595,3136.8
903.213867,3086.4
903.330017,3122.6
903.446289,3110.2
903.5625,3110.8
903.67865,3099.4
903.794922,3086.0
903.911072,3092.8
904.027344,3093.0
904.143494,3087.8
904.259705,3120.6
904.375916,3072.0
904.492065,3097.2
904.608215,3069.4
904.724426,3109.4
904.840576,3063.6
904.956726,3085.8
905.072876,3088.8
905.189087,3101.6
905.305176,3115.8
905.421387,3112.6
905.537537,3102.0
905.653687,3107.6
905.769775,3096.2
905.885925,3125.0
906.002014,3107.0
906.118164,3123.2
906.234314,3115.4
906.350403,3097.8
906.466492,3073.8
906.582642,3123.0
906.69873,3108.2
906.814758,3117.0
906.930908,3106.0
907.046936,3124.2
907.163086,3107.0
907.279175,3099.4
907.395264,3060.8
907.511353,3108.4
907.62738,3107.0
907.743408,3135.6
907.859497,3114.6
907.975525,3114.4
908.091553,3099.6
908.207703,3107.6
908.32373,3109.6
908.439758,3115.8
908.555786,3148.6
908.671814,3126.4
908.787842,3115.8
908.90387,3121.0
909.019775,3106.4
909.135864,3111.2
909.251892,3111.2
909.367859,3103.0
909.483826,3145.8
909.599854,3125.0
909.715881,3118.8
909.831848,3127.2
909.947815,3100.2
910.063782,3099.6
910.179749,3120.8
910.295776,3104.0
910.411743,3122.2
910.527649,3073.4
910.643616,3143.4
910.759583,3129.2
910.875488,3106.0
910.991455,3087.0
911.107361,3113.8
911.223267,3103.4
911.339294,3140.2
911.4552,3121.6
911.571106,3103.8
911.687073,3134.6
911.802979,3092.6
911.918823,3111.6
912.034729,3107.0
912.150635,3100.0
912.266602,3101.2
912.382446,3096.0
912.498352,3091.2
912.614197,3089.2
912.730103,3068.6
912.846008,3123.2
792.44574,4979.6
792.56488,4923.2
792.68396,4915.0
792.80304,4910.8
792.92218,4832.8
793.041199,4877.0
793.160339,4895.4
793.279419,4881.2
793.398499,4883.0
793.517578,4824.4
793.636658,4821.6
793.755737,4834.6
793.874817,4797.6
793.993896,4836.8
794.112976,4807.8
794.232056,4799.0
794.351074,4787.2
794.470215,4805.6
794.589233,4788.8
794.708313,4816.4
794.827393,4827.6
794.946411,4819.4
795.065552,4786.6
795.18457,4804.8
795.303589,4805.8
795.422668,4776.2
795.541687,4776.8
795.660767,4784.2
795.779846,4754.6
795.898865,4742.2
796.017883,4751.8
796.136963,4753.4
796.255981,4732.4
796.375061,4786.8
796.49408,4738.4
796.613037,4764.0
796.732117,4725.8
796.851135,4717.4
796.970154,4701.4
797.089233,4672.4
797.208191,4704.0
797.327271,4688.6
797.446228,4697.4
797.565186,4736.0
797.684265,4711.4
797.803223,4672.0
797.922241,4666.0
798.04126,4673.4
798.160278,4681.0
798.279297,4650.6
798.398315,4641.6
798.517273,4688.4
798.636292,4678.4
798.75531,4656.4
798.874268,4677.4
798.993286,4695.0
799.112244,4666.4
799.231323,4693.8
799.350281,4662.0
799.469238,4665.8
799.588257,4660.4
799.707153,4656.0
799.826111,4722.2
799.945129,4667.0
800.064087,4669.8
800.183044,4647.8
800.302063,4702.6
800.421021,4687.6
800.539978,4619.0
800.658936,4629.2
800.777893,4630.2
800.896912,4671.0
801.015747,4631.8
801.134705,4626.4
801.253723,4666.4
801.37262,4664.4
801.491638,4642.4
801.610535,4631.6
801.729492,4643.2
801.84845,4617.0
801.967407,4638.0
802.086243,4604.4
802.205261,4645.8
802.324158,4660.6
802.443115,4674.2
802.562073,4637.4
802.680969,4682.6
802.799927,4671.6
802.918762,4678.2
803.037659,4674.2
803.156677,4677.6
803.275574,4685.6
803.39447,4703.6
803.513428,4634.4
803.632263,4671.2
803.751221,4627.2
803.870117,4688.2
803.989014,4675.6
804.107971,4666.2
804.226746,4712.8
804.345642,4695.4
804.4646,4715.0
804.583496,4691.4
804.702393,4666.0
804.821228,4674.6
804.940125,4683.6
805.059021,4728.4
805.177917,4667.6
805.296814,4736.6
805.415649,4785.6
805.534546,4770.6
805.653442,4716.8
805.772278,4779.8
805.891113,4748.6
806.01001,4722.2
806.128906,4719.8
806.247742,4717.6
806.366577,4684.4
806.485413,4668.8
806.604309,4741.0
806.723145,4723.0
806.84198,4767.2
806.960876,4717.2
807.079712,4691.8
807.198486,4738.0
807.317383,4700.2
807.436218,4699.4
807.554993,4692.8
807.673889,4705.8
807.792725,4708.8
807.91156,4707.0
808.030396,4701.8
808.14917,4686.4
808.268005,4690.4
808.386841,4678.8
808.505676,4712.6
808.624451,4695.0
808.743286,4698.2
808.862122,4684.8
808.980896,4666.2
809.099731,4693.8
809.218506,4685.4
809.337341,4698.8
809.456116,4695.8
809.57489,4703.4
809.693726,4696.8
809.8125,4681.4
809.931274,4697.2
810.050049,4692.8
810.168884,4694.6
810.287659,4670.8
810.406372,4661.2
810.525269,4644.2
810.643982,4647.4
810.762756,4647.6
810.881531,4630.2
811.000305,4631.2
811.11908,4614.6
811.237854,4633.8
811.356567,4609.6
811.475403,4646.0
811.594116,4602.8
811.71283,4655.8
811.831604,4647.8
811.950378,4644.8
812.069153,4642.2
812.187927,4653.0
812.30658,4637.6
812.425415,4623.6
812.544128,4624.4
812.662781,4610.4
812.781616,4581.2
812.900269,4607.8
813.019043,4610.6
813.137756,4549.4
813.256531,4632.4
813.375244,4595.2
813.493896,4569.6
813.612671,4565.4
813.731384,4517.6
813.850037,4546.8
813.96875,4531.8
814.087524,4547.2
814.206238,4548.6
814.324951,4505.8
814.443604,4523.8
814.562256,4528.0
814.68103,4559.2
814.799683,4481.2
814.918335,4519.8
815.037109,4524.6
815.155762,4541.6
815.274475,4559.0
815.393188,4550.0
815.511841,4557.6
815.630554,4559.6
815.749146,4528.0
815.867859,4521.4
815.986572,4526.2
816.105164,4521.2
816.223877,4547.4
816.342529,4485.0
816.461182,4528.8
816.579895,4566.0
816.698486,4524.4
816.817139,4577.4
816.935791,4568.4
817.054504,4534.2
817.173096,4524.0
817.291748,4532.8
817.4104,4539.4
817.529053,4485.2
817.647644,4497.4
817.766235,4505.0
817.884949,4527.4
818.00354,4493.0
818.122192,4502.0
818.240845,4493.6
818.359436,4490.2
818.478088,4517.0
818.59668,4502.2
818.715271,4539.8
818.833923,4484.8
818.952515,4454.6
819.071106,4464.4
819.189758,4446.2
819.30835,4485.2
819.426941,4413.0
819.545532,4438.6
819.664124,4445.2
819.782715,4483.0
819.901306,4458.8
820.019897,4427.6
820.138489,4465.2
820.25708,4480.2
820.375671,4463.4
820.494202,4473.8
820.612732,4441.8
820.731384,4443.2
820.849915,4415.8
820.968506,4447.8
821.087097,4409.2
821.205627,4452.6
821.324158,4456.6
821.442749,4405.8
821.561279,4403.8
821.679871,4398.8
821.798401,4376.4
821.916931,4407.0
822.035461,4411.8
822.154053,4415.8
822.272583,4367.8
822.391174,4363.2
822.509583,4378.6
822.628174,4379.2
822.746704,4391.6
822.865234,4401.0
822.983765,4378.4
823.102295,4387.6
823.220825,4398.4
823.339294,4397.2
823.457825,4402.0
823.576355,4391.4
823.694824,4363.6
823.813354,4389.0
823.931885,4376.0
824.050354,4392.6
824.168884,4354.2
824.287354,4357.6
824.405823,4366.6
824.524353,4401.8
824.642822,4434.6
824.761353,4390.0
824.879822,4369.2
824.998291,4346.0
825.116699,4371.2
825.235291,4379.8
825.353699,4360.0
825.472168,4308.8
825.590637,4356.0
825.709106,4360.4
825.827576,4366.4
825.946045,4281.0
826.064453,4309.6
826.182983,4301.8
826.301392,4304.4
826.4198,4319.2
826.53833,4327.0
826.656738,4283.8
826.775208,4273.4
826.893677,4311.2
827.012024,4281.2
827.130493,4280.0
827.248962,4298.2
827.36731,4276.8
827.485779,4284.6
827.604248,4272.4
827.722595,4273.2
827.841064,4289.6
827.959412,4258.2
828.077942,4253.8
828.196289,4265.6
828.314636,4229.2
828.433105,4214.8
828.551514,4244.6
828.669861,4266.0
828.78833,4258.4
828.906677,4288.2
829.025085,4255.4
829.143433,4291.6
829.261841,4249.8
829.38031,4255.2
829.498657,4246.6
829.617004,4251.0
829.735413,4269.2
829.85376,4256.8
829.972107,4243.4
830.090515,4254.2
830.208862,4229.4
830.327209,4257.8
830.445557,4261.8
830.563904,4277.0
830.682312,4260.2
830.800659,4266.2
830.919006,4268.2
831.037354,4274.6
831.155701,4266.0
831.274048,4253.6
831.392395,4237.6
831.51062,4269.0
831.629028,4238.4
831.747314,4249.2
831.865662,4261.6
831.984009,4231.0
832.102356,4274.4
832.220642,4234.0
832.338928,4252.6
832.457275,4248.2
832.575623,4238.8
832.693909,4226.4
832.812134,4233.6
832.930481,4239.6
833.048828,4225.8
833.167114,4234.4
833.2854,4191.6
833.403687,4204.2
833.521973,4177.0
833.640259,4222.8
833.758545,4218.6
833.876831,4211.4
833.995056,4200.4
834.113281,4191.6
834.231628,4171.2
834.349915,4229.6
834.468201,4204.0
834.586426,4198.2
834.704651,4192.4
834.822998,4207.8
834.941162,4216.8
835.059448,4236.6
835.177673,4246.6
835.295959,4225.8
835.414246,4228.8
835.53241,4190.4
835.650635,4196.2
835.768921,4165.6
835.887146,4177.2
836.005371,4234.6
836.123596,4223.8
836.241821,4259.6
836.360046,4200.4
836.478271,4173.8
836.596497,4166.8
836.714722,4175.8
836.832886,4157.2
836.95105,4108.2
837.069336,4165.4
837.1875,4164.0
837.305725,4193.8
837.423889,4183.2
837.542053,4156.2
837.660339,4128.0
837.778503,4160.2
837.896667,4180.0
838.014832,4141.2
838.132996,4140.4
838.25116,4141.6
838.369385,4130.2
838.487488,4160.6
838.605713,4158.2
838.723877,4173.8
838.84198,4141.2
838.960205,4134.8
839.078308,4134.8
839.196472,4105.4
839.314636,4117.6
839.4328,4135.8
839.550964,4142.0
839.669067,4109.4
839.787231,4106.8
839.905396,4124.0
840.023499,4119.0
840.141602,4089.2
840.259766,4111.0
840.377869,4124.4
840.495972,4093.4
840.614136,4067.8
840.732239,4081.4
840.850342,4056.2
840.968445,4016.4
841.086548,4023.2
841.204651,4044.6
841.322754,4062.0
841.440918,4053.4
841.55896,4054.0
841.677002,4072.0
841.795166,4052.6
841.913208,4031.8
842.031311,4072.2
842.149353,4011.6
842.267456,4047.8
842.385498,4030.8
842.503601,4026.0
842.621643,4038.8
842.739746,4039.4
842.857788,4080.8
842.97583,4082.0
843.093933,4039.0
843.211975,4082.8
843.330017,4103.0
843.44812,4046.0
843.566101,4072.8
843.684204,4047.0
843.802246,4050.2
843.920227,4063.8
844.038269,4122.4
844.156311,4081.8
844.274292,4069.0
844.392395,4063.2
844.510376,4069.0
844.628357,4038.2
844.74646,4062.8
844.864441,4059.0
844.982422,4092.8
845.100403,4063.2
845.218384,4010.6
845.336426,4023.2
845.454468,4048.8
845.572449,4059.4
845.69043,4045.6
845.808411,4035.0
845.926453,4034.6
846.044373,3986.0
846.162354,4061.6
846.280396,4035.2
846.398315,3989.0
846.516296,4058.6
846.634216,4034.4
846.752197,4035.6
846.870178,4046.0
846.988098,4036.0
847.106079,4029.2
847.22406,4021.0
847.34198,4041.6
847.4599,4027.2
847.577881,4056.2
847.695801,4038.2
847.813782,4027.2
847.931641,4038.0
848.049561,4044.2
848.167603,4026.2
848.285461,4028.2
848.403381,4016.0
848.521362,4056.4
848.639221,4087.0
848.75708,4026.2
848.875,4065.4
848.99292,4066.6
849.110901,4069.0
849.22876,4075.8
849.34668,4046.8
849.464539,4041.6
849.582458,4009.6
849.700317,4025.6
849.818176,4083.2
849.936096,4015.4
850.053955,4047.6
850.171875,4029.2
850.289673,3979.0
850.407593,4018.6
850.525452,4030.0
850.643311,4018.0
850.761169,4019.8
850.878967,4019.8
850.996887,4047.0
851.114746,4015.4
851.232544,4033.4
851.350403,4053.4
851.468262,4017.0
851.58606,3989.2
851.703979,4049.0
851.821777,4018.4
851.939636,4038.0
852.057434,4013.2
852.175232,4019.0
852.293091,3991.6
852.410889,4048.4
852.528687,4039.2
852.646545,4021.8
852.764343,4043.2
852.88208,4037.4
852.999939,4034.8
853.117676,4031.8
853.235535,4022.8
853.353271,4027.2
853.471069,4056.0
853.588928,4022.4
853.706604,4003.0
853.824402,4017.2
853.9422,4069.6
854.059998,4035.6
854.177734,4037.8
854.295532,4015.6
854.413269,4030.8
854.531006,4027.8
854.648804,4031.8
854.766541,4069.8
854.884277,4038.2
855.002014,4056.8
855.119751,4055.8
855.237549,4054.0
855.355225,4074.2
855.473022,4043.8
855.590698,4055.4
855.708435,4034.0
855.826172,4001.8
855.943848,4101.2
856.061646,4040.8
856.179321,4012.4
856.296997,4037.8
856.414795,4034.6
856.53241,4033.8
856.650085,4093.0
856.767822,4090.6
856.885559,4080.2
857.003174,4025.4
857.120911,4057.6
857.238586,4050.4
857.356201,4048.4
857.473938,4023.8
857.591614,4029.4
857.709351,4044.0
857.826965,4004.6
857.944641,4034.2
858.062317,4010.4
858.179993,4051.6
858.297668,4005.6
858.415283,4003.6
858.532959,4009.6
858.650574,4046.4
858.768188,4044.0
858.885803,4053.2
859.003479,4045.6
859.121094,4025.4
859.23877,4037.4
859.356384,4011.6
859.473999,4012.2
859.591675,4016.0
859.709229,4021.8
859.826843,3999.6
859.944458,4001.0
860.062012,3973.8
860.179626,3992.0
860.297302,4026.0
860.414856,3992.8
860.532471,3994.4
860.650024,4000.8
860.767639,4028.6
860.885193,4032.4
861.002808,3973.8
861.120361,4032.0
861.237976,3999.4
861.35553,4005.8
861.473022,4027.2
861.590698,4027.2
861.708191,4007.6
861.825745,4011.0
861.943298,3983.6
862.060852,3970.0
862.178406,3992.8
862.295959,3957.8
862.413513,3972.6
862.531006,3952.8
862.64856,3969.6
862.766113,3980.8
862.883667,3979.4
863.00116,3963.4
863.118713,3972.8
863.236206,3979.4
863.353699,3968.0
863.471252,3980.2
863.588745,3987.2
863.706177,3991.0
863.82373,3964.6
863.941162,4000.4
864.058716,3977.6
864.176208,3993.8
864.29364,4003.0
864.411194,3974.8
864.528687,3983.2
864.646118,4012.0
864.763611,3949.0
864.881042,3932.2
864.998535,3987.2
865.116028,3970.2
865.233459,3995.4
865.350891,3931.4
865.468384,3989.4
865.585754,4005.4
865.703308,3951.2
865.820679,3991.4
865.938171,3993.8
866.055542,3962.6
866.173035,4009.6
866.290466,3972.0
866.407837,3999.6
866.52533,4011.8
866.6427,4003.6
866.760071,3974.2
866.877563,3978.2
866.994934,3960.2
867.112305,3966.2
867.229736,3943.6
867.347107,3930.8
867.464539,3938.8
867.58197,3937.0
867.699341,3929.0
867.81665,3952.2
867.934082,3936.8
868.051453,3932.6
868.168823,3953.4
868.286194,3979.6
868.403564,3978.0
868.520935,3969.6
868.638306,3988.8
868.755676,3943.8
868.872986,4000.6
868.990295,3981.4
869.107727,3983.0
869.225037,3947.4
869.342346,3934.8
869.459717,3967.0
869.577026,3923.4
869.694336,3955.8
869.811707,3899.8
869.929016,3912.4
870.046326,3941.6
870.163635,3921.2
870.280945,3907.2
870.398254,3898.0
870.515564,3911.8
870.632812,3892.0
870.750183,3909.0
870.867432,3902.6
870.984741,3913.2
871.102051,3915.8
871.219299,3932.2
871.336609,3917.2
871.453918,3944.8
871.571106,3927.0
871.688416,3927.4
871.805664,3911.4
871.922852,3936.8
872.040222,3908.2
872.157471,3917.0
872.274719,3920.6
872.391968,3899.8
872.509155,3905.2
872.626465,3916.4
872.743652,3967.2
872.860962,3936.6
872.978149,3921.8
873.095337,3913.6
873.212646,3930.8
873.329834,3908.2
873.44696,3919.6
873.564209,3934.4
873.681396,3949.8
873.798645,3894.6
873.915894,3919.0
874.03302,3889.4
874.150208,3895.4
874.267456,3886.0
874.384583,3887.4
874.501831,3888.8
874.618958,3936.4
874.736145,3918.8
874.853333,3895.0
874.970459,3937.6
875.087646,3912.6
875.204834,3954.8
875.32196,3930.4
875.439148,3882.8
875.556274,3894.8
875.673401,3889.4
875.790527,3854.8
875.907715,3903.2
876.024841,3900.2
876.141968,3868.6
876.259094,3904.4
876.376282,3838.8
876.493347,3879.0
876.610474,3875.8
876.7276,3899.2
876.844727,3884.6
876.961853,3888.0
877.078918,3899.2
877.195984,3920.6
877.313171,3879.6
877.430237,3906.0
877.547302,3862.8
877.664368,3879.0
877.781433,3898.6
877.898499,3880.2
878.015625,3889.2
878.13269,3858.4
878.249695,3872.0
878.366821,3899.2
878.483887,3909.4
878.600952,3893.0
878.717957,3873.8
878.834961,3890.8
878.952087,3914.0
879.069092,3896.8
879.186157,3895.8
879.303162,3891.0
879.420227,3867.6
879.537231,3901.4
879.654236,3918.6
879.77124,3945.4
879.888306,3897.8
880.005249,3862.0
880.122314,3850.0
880.239319,3863.4
880.356323,3857.8
880.473328,3877.0
880.590271,3842.2
880.707275,3840.6
880.824341,3853.4
880.941284,3836.8
881.058228,3840.0
881.175232,3872.2
881.292236,3876.8
881.40918,3885.0
881.526123,3863.6
881.643066,3886.2
881.760071,3912.8
881.877014,3928.2
881.993958,3899.6
882.11084,3869.8
882.227783,3900.6
882.344727,3845.6
882.46167,3835.4
882.578613,3856.6
882.695618,3853.8
882.812439,3841.0
882.929382,3807.6
883.046326,3882.4
883.163208,3830.4
883.280151,3857.8
883.397034,3846.6
883.513916,3887.4
883.630798,3866.0
883.747742,3878.6
883.864563,3863.4
883.981506,3838.2
884.098389,3846.0
884.21521,3861.0
884.332153,3863.6
884.448975,3823.0
884.565796,3849.0
884.682678,3793.4
884.7995,3836.6
884.916443,3855.6
885.033264,3856.4
885.150085,3819.2
885.266968,3835.0
885.383789,3849.6
885.500671,3865.4
885.617493,3829.4
885.734314,3868.6
885.851196,3853.8
885.967896,3864.0
886.084717,3852.4
886.201599,3890.2
886.318359,3861.4
886.435181,3866.2
886.552002,3903.2
886.668762,3876.4
886.785645,3863.4
886.902344,3854.0
887.019165,3826.6
887.135925,3817.4
887.252747,3855.4
887.369446,3842.8
887.486267,3833.6
887.603027,3820.4
887.719788,3817.6
887.836548,3859.6
887.953247,3855.0
888.070068,3846.4
888.186829,3856.2
888.303528,3834.6
888.420288,3848.6
888.536987,3870.8
888.653687,3841.0
888.770447,3839.8
888.887146,3861.8
889.003967,3873.6
889.120667,3858.2
889.237305,3861.6
889.354065,3876.0
889.470703,3840.0
889.587463,3842.0
889.704163,3838.2
889.820862,3806.4
889.937561,3858.4
890.054199,3833.4
890.170837,3848.4
890.287598,3813.8
890.404236,3817.6
890.520874,3879.6
890.637634,3821.8
890.754211,3820.6
890.87085,3841.6
890.987549,3839.4
891.104187,3869.6
891.220886,3839.6
891.337463,3807.0
891.454102,3832.0
891.57074,3801.0
891.687378,3860.8
891.804077,3792.6
891.920654,3806.8
892.037231,3786.0
892.15387,3801.4
892.270447,3780.4
892.387085,3795.6
892.503723,3789.0
892.6203,3821.8
892.736877,3776.4
892.853516,3793.0
892.970032,3795.6
893.08667,3847.0
893.203186,3821.8
893.319763,3827.4
893.43634,3793.4
893.552917,3799.6
893.669556,3799.0
893.786011,3821.0
893.902588,3811.6
894.019165,3815.2
894.135681,3806.2
894.252197,3816.2
894.368835,3821.6
894.485291,3824.8
894.601868,3817.2
894.718384,3823.0
894.8349,3766.4
894.951355,3827.2
895.067932,3806.0
895.184448,3841.0
895.300964,3849.6
895.417419,3854.4
895.533936,3876.0
895.650452,3868.4
895.766907,3859.0
895.883423,3867.0
895.999878,3824.8
896.116333,3826.0
896.232849,3818.2
896.349304,3795.4
896.465759,3805.4
896.582214,3759.2
896.698669,3793.0
896.815125,3755.6
896.931641,3782.6
897.048035,3781.4
897.164551,3815.0
897.280884,3810.6
897.397339,3809.8
897.513794,3831.4
897.630249,3887.4
897.746582,3880.0
897.863098,3866.4
897.979431,3877.4
898.095886,3845.8
898.212341,3814.4
898.328674,3829.6
898.445129,3847.6
898.561462,3799.4
898.677795,3781.2
898.794312,3791.0
898.910645,3760.4
899.026978,3761.8
899.143433,3767.8
899.259766,3771.8
899.37616,3771.6
899.492493,3771.0
899.608765,3796.2
899.725159,3788.2
899.841553,3794.4
899.957947,3775.6
900.07428,3788.8
900.190552,3802.6
900.306946,3802.2
900.423157,3809.6
900.53949,3791.4
900.655884,3769.6
900.772156,3792.4
900.888489,3823.8
901.004822,3767.0
901.121033,3753.0
901.237366,3765.4
901.353699,3792.2
901.46991,3751.2
901.586304,3785.6
901.702515,3754.6
901.818787,3769.0
901.93512,3781.4
902.051331,3767.0
902.167603,3724.8
902.283875,3761.4
902.400085,3737.8
902.516418,3720.4
902.632629,3746.0
902.74884,3742.6
902.865112,3761.2
902.981384,3748.8
903.097595,3795.4
903.213867,3811.0
903.330017,3785.8
903.446289,3791.2
903.5625,3767.8
903.67865,3753.6
903.794922,3811.6
903.911072,3768.6
904.027344,3764.0
904.143494,3745.0
904.259705,3772.0
904.375916,3738.0
904.492065,3763.4
904.608215,3753.8
904.724426,3732.0
904.840576,3725.4
904.956726,3705.2
905.072876,3749.0
905.189087,3736.2
905.305176,3769.8
905.421387,3801.4
905.537537,3800.8
905.653687,3771.8
905.769775,3804.4
905.885925,3804.8
906.002014,3797.0
906.118164,3789.0
906.234314,3793.8
906.350403,3770.6
906.466492,3737.4
906.582642,3749.2
906.69873,3742.2
906.814758,3756.6
906.930908,3730.6
907.046936,3732.8
907.163086,3723.8
907.279175,3744.2
907.395264,3731.0
907.511353,3726.2
907.62738,3757.0
907.743408,3753.2
907.859497,3766.2
907.975525,3767.0
908.091553,3765.6
908.207703,3767.6
908.32373,3746.2
908.439758,3787.6
908.555786,3736.2
908.671814,3786.2
908.787842,3793.8
908.90387,3741.0
909.019775,3735.0
909.135864,3716.2
909.251892,3725.2
909.367859,3737.0
909.483826,3719.0
909.599854,3725.4
909.715881,3699.0
909.831848,3717.0
909.947815,3717.6
910.063782,3734.0
910.179749,3709.6
910.295776,3687.4
910.411743,3745.0
910.527649,3738.0
910.643616,3726.2
910.759583,3695.4
910.875488,3760.0
910.991455,3744.4
911.107361,3772.8
911.223267,3716.8
911.339294,3706.6
911.4552,3732.6
911.571106,3700.2
911.687073,3722.4
911.802979,3702.6
911.918823,3703.6
912.034729,3685.4
912.150635,3706.2
912.266602,3691.2
912.382446,3697.4
912.498352,3701.2
912.614197,3666.4
912.730103,3634.6
912.846008,3673.0
792.44574,4234.8
792.56488,4187.0
792.68396,4265.6
792.80304,4199.6
792.92218,4163.0
793.041199,4139.4
793.160339,4184.4
793.279419,4179.2
793.398499,4144.4
793.517578,4153.0
793.636658,4100.8
793.755737,4121.0
793.874817,4100.2
793.993896,4096.6
794.112976,4111.2
794.232056,4080.4
794.351074,4054.4
794.470215,4064.8
794.589233,4045.6
794.708313,4043.8
794.827393,4021.2
794.946411,3995.6
795.065552,4042.0
795.18457,4032.6
795.303589,4054.8
795.422668,3996.4
795.541687,4009.6
795.660767,4010.4
795.779846,3976.8
795.898865,3951.0
796.017883,3992.6
796.136963,3966.4
796.255981,3958.4
796.375061,3980.6
796.49408,3963.6
796.613037,3979.6
796.732117,3970.6
796.851135,3910.0
796.970154,3940.6
797.089233,3915.6
797.208191,3919.8
797.327271,3958.8
797.446228,3967.2
797.565186,3975.6
797.684265,3973.2
797.803223,3892.4
797.922241,3937.8
798.04126,3937.8
798.160278,3910.2
798.279297,3900.0
798.398315,3921.2
798.517273,3861.4
798.636292,3873.6
798.75531,3897.0
798.874268,3919.0
798.993286,3925.0
799.112244,3888.2
799.231323,3914.2
799.350281,3884.0
799.469238,3907.6
799.588257,3893.8
799.707153,3887.0
799.826111,3883.0
799.945129,3887.6
800.064087,3876.8
800.183044,3864.0
800.302063,3877.0
800.421021,3937.0
800.539978,3839.2
800.658936,3885.6
800.777893,3890.8
800.896912,3888.2
801.015747,3875.6
801.134705,3822.8
801.253723,3870.8
801.37262,3849.4
801.491638,3840.6
801.610535,3859.0
801.729492,3896.4
801.84845,3829.8
801.967407,3870.0
802.086243,3904.4
802.205261,3842.8
802.324158,3854.8
802.443115,3871.6
802.562073,3848.8
802.680969,3877.6
802.799927,3858.8
802.918762,3858.8
803.037659,3843.4
803.156677,3869.6
803.275574,3853.2
803.39447,3880.6
803.513428,3842.0
803.632263,3882.6
803.751221,3853.0
803.870117,3884.6
803.989014,3865.8
804.107971,3834.2
804.226746,3850.4
804.345642,3893.6
804.4646,3863.8
804.583496,3861.0
804.702393,3834.4
804.821228,3826.8
804.940125,3847.2
805.059021,3839.2
805.177917,3853.4
805.296814,3891.0
805.415649,3920.2
805.534546,3880.8
805.653442,3871.4
805.772278,3908.2
805.891113,3929.8
806.01001,3914.8
806.128906,3881.4
806.247742,3879.4
806.366577,3845.0
806.485413,3855.0
806.604309,3864.4
806.723145,3874.2
806.84198,3880.2
806.960876,3863.8
807.079712,3854.0
807.198486,3874.0
807.317383,3862.8
807.436218,3834.4
807.554993,3818.4
807.673889,3864.0
807.792725,3864.4
807.91156,3831.0
808.030396,3842.0
808.14917,3861.4
808.268005,3866.2
808.386841,3869.0
808.505676,3879.2
808.624451,3823.6
808.743286,3852.4
808.862122,3825.0
808.980896,3843.6
809.099731,3879.0
809.218506,3804.6
809.337341,3844.4
809.456116,3800.6
809.57489,3875.6
809.693726,3833.4
809.8125,3801.6
809.931274,3830.8
810.050049,3847.2
810.168884,3809.2
810.287659,3831.0
810.406372,3814.2
810.525269,3822.6
810.643982,3822.0
810.762756,3806.4
810.881531,3795.6
811.000305,3799.0
811.11908,3816.8
811.237854,3783.0
811.356567,3787.4
811.475403,3802.8
811.594116,3797.2
811.71283,3834.2
811.831604,3781.6
811.950378,3841.6
812.069153,3835.8
812.187927,3816.6
812.30658,3814.6
812.425415,3793.4
812.544128,3768.2
812.662781,3763.4
812.781616,3770.8
812.900269,3783.6
813.019043,3754.8
813.137756,3755.4
813.256531,3773.6
813.375244,3764.2
813.493896,3736.0
813.612671,3791.4
813.731384,3740.2
813.850037,3768.4
813.96875,3753.2
814.087524,3750.0
814.206238,3728.0
814.324951,3732.8
814.443604,3729.8
814.562256,3758.0
814.68103,3735.4
814.799683,3740.6
814.918335,3753.8
815.037109,3759.4
815.155762,3739.0
815.274475,3739.0
815.393188,3726.8
815.511841,3742.4
815.630554,3771.2
815.749146,3731.0
815.867859,3715.6
815.986572,3732.2
816.105164,3706.6
816.223877,3730.4
816.342529,3688.0
816.461182,3722.2
816.579895,3729.6
816.698486,3758.6
816.817139,3724.0
816.935791,3725.8
817.054504,3734.2
817.173096,3705.0
817.291748,3708.6
817.4104,3727.4
817.529053,3672.4
817.647644,3733.2
817.766235,3700.6
817.884949,3709.6
818.00354,3661.2
818.122192,3730.4
818.240845,3675.2
818.359436,3674.6
818.478088,3672.8
818.59668,3677.4
818.715271,3659.2
818.833923,3652.0
818.952515,3649.6
819.071106,3629.8
819.189758,3662.8
819.30835,3645.6
819.426941,3638.4
819.545532,3635.4
819.664124,3634.8
819.782715,3618.6
819.901306,3654.0
820.019897,3641.2
820.138489,3664.0
820.25708,3639.8
820.375671,3706.0
820.494202,3646.6
820.612732,3642.8
820.731384,3618.4
820.849915,3631.0
820.968506,3633.2
821.087097,3632.0
821.205627,3572.0
821.324158,3614.2
821.442749,3606.0
821.561279,3598.2
821.679871,3587.4
821.798401,3583.4
821.916931,3604.4
822.035461,3637.2
822.154053,3590.2
822.272583,3581.6
822.391174,3566.2
822.509583,3587.2
822.628174,3585.2
822.746704,3591.8
822.865234,3579.0
822.983765,3583.6
823.102295,3608.2
823.220825,3588.8
823.339294,3568.4
823.457825,3587.8
823.576355,3613.0
823.694824,3615.4
823.813354,3544.0
823.931885,3585.0
824.050354,3540.4
824.168884,3557.6
824.287354,3542.4
824.405823,3558.4
824.524353,3569.4
824.642822,3573.8
824.761353,3573.4
824.879822,3589.6
824.998291,3524.0
825.116699,3545.6
825.235291,3562.4
825.353699,3557.8
825.472168,3539.0
825.590637,3547.0
825.709106,3563.0
825.827576,3525.2
825.946045,3490.6
826.064453,3530.8
826.182983,3529.8
826.301392,3524.6
826.4198,3478.2
826.53833,3516.8
826.656738,3529.6
826.775208,3494.2
826.893677,3514.6
827.012024,3490.2
827.130493,3489.6
827.248962,3504.0
827.36731,3516.2
827.485779,3516.6
827.604248,3499.0
827.722595,3489.6
827.841064,3498.6
827.959412,3454.6
828.077942,3477.6
828.196289,3486.8
828.314636,3450.0
828.433105,3449.2
828.551514,3472.0
828.669861,3464.0
828.78833,3490.6
828.906677,3482.4
829.025085,3456.4
829.143433,3491.4
829.261841,3477.0
829.38031,3442.0
829.498657,3475.4
829.617004,3455.0
829.735413,3473.4
829.85376,3443.8
829.972107,3461.0
830.090515,3460.8
830.208862,3446.6
830.327209,3462.4
830.445557,3471.4
830.563904,3461.0
830.682312,3484.0
830.800659,3459.6
830.919006,3471.0
831.037354,3461.6
831.155701,3494.4
831.274048,3466.4
831.392395,3444.0
831.51062,3481.6
831.629028,3430.6
831.747314,3477.0
831.865662,3475.6
831.984009,3477.8
832.102356,3453.6
832.220642,3442.0
832.338928,3435.8
832.457275,3472.8
832.575623,3440.4
832.693909,3440.2
832.812134,3461.2
832.930481,3437.4
833.048828,3418.4
833.167114,3440.2
833.2854,3440.2
833.403687,3440.8
833.521973,3421.2
833.640259,3390.4
833.758545,3404.0
833.876831,3403.0
833.995056,3427.0
834.113281,3426.6
834.231628,3406.6
834.349915,3409.0
834.468201,3427.2
834.586426,3419.0
834.704651,3399.4
834.822998,3395.8
834.941162,3452.0
835.059448,3402.4
835.177673,3444.4
835.295959,3453.2
835.414246,3389.6
835.53241,3390.6
835.650635,3402.6
835.768921,3404.4
835.887146,3395.4
836.005371,3436.0
836.123596,3437.6
836.241821,3426.4
836.360046,3422.6
836.478271,3402.0
836.596497,3422.2
836.714722,3391.8
836.832886,3402.2
836.95105,3428.4
837.069336,3426.6
837.1875,3406.6
837.305725,3406.4
837.423889,3395.6
837.542053,3398.8
837.660339,3381.4
837.778503,3398.8
837.896667,3406.0
838.014832,3403.4
838.132996,3390.4
838.25116,3392.0
838.369385,3411.0
838.487488,3368.6
838.605713,3406.6
838.723877,3412.8
838.84198,3381.4
838.960205,3386.4
839.078308,3400.0
839.196472,3388.6
839.314636,3387.4
839.4328,3370.2
839.550964,3389.6
839.669067,3388.8
839.787231,3370.2
839.905396,3367.2
840.023499,3379.8
840.141602,3401.2
840.259766,3343.8
840.377869,3366.2
840.495972,3378.4
840.614136,3314.8
840.732239,3339.6
840.850342,3347.8
840.968445,3307.8
841.086548,3313.2
841.204651,3344.2
841.322754,3349.6
841.440918,3378.6
841.55896,3372.0
841.677002,3316.0
841.795166,3361.6
841.913208,3360.8
842.031311,3335.2
842.149353,3356.8
842.267456,3322.0
842.385498,3318.0
842.503601,3341.8
842.621643,3342.6
842.739746,3340.0
842.857788,3309.0
842.97583,3314.6
843.093933,3343.6
843.211975,3338.2
843.330017,3375.8
843.44812,3339.0
843.566101,3350.0
843.684204,3355.8
843.802246,3338.8
843.920227,3320.6
844.038269,3379.6
844.156311,3346.4
844.274292,3360.6
844.392395,3343.6
844.510376,3335.6
844.628357,3314.0
844.74646,3307.0
844.864441,3360.0
844.982422,3330.0
845.100403,3339.0
845.218384,3308.0
845.336426,3308.4
845.454468,3317.2
845.572449,3359.4
845.69043,3302.8
845.808411,3321.6
845.926453,3321.6
846.044373,3312.2
846.162354,3294.2
846.280396,3323.8
846.398315,3310.6
846.516296,3343.8
846.634216,3330.4
846.752197,3300.2
846.870178,3345.4
846.988098,3336.2
847.106079,3331.0
847.22406,3314.6
847.34198,3303.0
847.4599,3308.0
847.577881,3322.2
847.695801,3340.6
847.813782,3312.0
847.931641,3324.2
848.049561,3319.4
848.167603,3293.6
848.285461,3335.6
848.403381,3308.4
848.521362,3286.0
848.639221,3348.8
848.75708,3312.8
848.875,3337.8
848.99292,3316.0
849.110901,3355.8
849.22876,3327.8
849.34668,3309.8
849.464539,3341.4
849.582458,3271.6
849.700317,3350.2
849.818176,3335.0
849.936096,3298.0
850.053955,3334.2
850.171875,3316.4
850.289673,3288.8
850.407593,3289.4
850.525452,3304.4
850.643311,3315.6
850.761169,3306.6
850.878967,3330.0
850.996887,3312.2
851.114746,3318.2
851.232544,3297.4
851.350403,3333.6
851.468262,3329.8
851.58606,3299.2
851.703979,3314.8
851.821777,3314.8
851.939636,3289.6
852.057434,3294.2
852.175232,3327.0
852.293091,3303.6
852.410889,3300.0
852.528687,3348.0
852.646545,3324.2
852.764343,3335.4
852.88208,3322.4
852.999939,3294.6
853.117676,3335.6
853.235535,3275.2
853.353271,3302.8
853.471069,3314.2
853.588928,3281.4
853.706604,3303.8
853.824402,3288.2
853.9422,3331.4
854.059998,3317.4
854.177734,3319.4
854.295532,3299.0
854.413269,3292.8
854.531006,3303.2
854.648804,3327.2
854.766541,3338.8
854.884277,3368.2
855.002014,3327.0
855.119751,3313.6
855.237549,3362.2
855.355225,3348.2
855.473022,3349.6
855.590698,3348.4
855.708435,3312.0
855.826172,3314.0
855.943848,3365.4
856.061646,3321.4
856.179321,3342.0
856.296997,3318.0
856.414795,3353.4
856.53241,3314.2
856.650085,3348.8
856.767822,3313.8
856.885559,3366.0
857.003174,3308.4
857.120911,3321.0
857.238586,3295.4
857.356201,3328.8
857.473938,3302.2
857.591614,3287.8
857.709351,3293.8
857.826965,3284.8
857.944641,3294.8
858.062317,3295.4
858.179993,3311.2
858.297668,3311.8
858.415283,3324.0
858.532959,3342.0
858.650574,3304.8
858.768188,3328.0
858.885803,3306.4
859.003479,3313.8
859.121094,3275.6
859.23877,3308.6
859.356384,3290.0
859.473999,3285.4
859.591675,3297.8
859.709229,3300.6
859.826843,3324.2
859.944458,3298.8
860.062012,3280.0
860.179626,3281.6
860.297302,3274.0
860.414856,3302.2
860.532471,3305.6
860.650024,3303.2
860.767639,3276.0
860.885193,3288.2
861.002808,3302.0
861.120361,3301.8
861.237976,3277.6
861.35553,3296.6
861.473022,3260.4
861.590698,3307.4
861.708191,3308.0
861.825745,3281.8
861.943298,3269.2
862.060852,3298.4
862.178406,3296.0
862.295959,3279.4
862.413513,3260.0
862.531006,3263.4
862.64856,3248.8
862.766113,3278.4
862.883667,3267.6
863.00116,3264.8
863.118713,3294.0
863.236206,3296.4
863.353699,3261.2
863.471252,3271.6
863.588745,3288.4
863.706177,3283.2
863.82373,3273.4
863.941162,3232.4
864.058716,3273.2
864.176208,3275.2
864.29364,3260.4
864.411194,3291.8
864.528687,3263.2
864.646118,3273.8
864.763611,3260.8
864.881042,3270.8
864.998535,3273.4
865.116028,3239.8
865.233459,3257.2
865.350891,3231.6
865.468384,3281.4
865.585754,3336.2
865.703308,3307.8
865.820679,3312.6
865.938171,3290.2
866.055542,3299.2
866.173035,3265.0
866.290466,3293.2
866.407837,3288.0
866.52533,3252.8
866.6427,3282.8
866.760071,3271.8
866.877563,3278.0
866.994934,3256.2
867.112305,3257.2
867.229736,3292.4
867.347107,3259.8
867.464539,3272.6
867.58197,3240.2
867.699341,3259.4
867.81665,3289.8
867.934082,3244.4
868.051453,3255.8
868.168823,3279.4
868.286194,3256.8
868.403564,3255.6
868.520935,3261.0
868.638306,3275.0
868.755676,3284.8
868.872986,3275.6
868.990295,3260.8
869.107727,3280.4
869.225037,3246.0
869.342346,3268.2
869.459717,3267.0
869.577026,3225.8
869.694336,3246.6
869.811707,3251.4
869.929016,3242.2
870.046326,3285.6
870.163635,3271.2
870.280945,3233.6
870.398254,3274.0
870.515564,3263.2
870.632812,3224.6
870.750183,3257.2
870.867432,3259.4
870.984741,3238.2
871.102051,3287.4
871.219299,3230.6
871.336609,3263.0
871.453918,3252.8
871.571106,3264.4
871.688416,3250.8
871.805664,3232.8
871.922852,3273.6
872.040222,3280.6
872.157471,3263.4
872.274719,3273.8
872.391968,3276.0
872.509155,3240.2
872.626465,3258.4
872.743652,3242.2
872.860962,3252.0
872.978149,3253.4
873.095337,3290.4
873.212646,3258.0
873.329834,3231.0
873.44696,3273.2
873.564209,3237.8
873.681396,3275.8
873.798645,3225.6
873.915894,3235.4
874.03302,3233.6
874.150208,3251.6
874.267456,3229.2
874.384583,3239.8
874.501831,3248.6
874.618958,3229.2
874.736145,3271.6
874.853333,3257.6
874.970459,3246.4
875.087646,3286.8
875.204834,3243.8
875.32196,3262.0
875.439148,3250.8
875.556274,3246.4
875.673401,3258.6
875.790527,3231.2
875.907715,3246.6
876.024841,3233.8
876.141968,3208.8
876.259094,3242.4
876.376282,3249.6
876.493347,3239.4
876.610474,3226.8
876.7276,3255.4
876.844727,3244.4
876.961853,3234.4
877.078918,3260.2
877.195984,3287.8
877.313171,3289.8
877.430237,3254.6
877.547302,3231.2
877.664368,3246.6
877.781433,3268.4
877.898499,3255.6
878.015625,3243.4
878.13269,3221.8
878.249695,3262.8
878.366821,3236.8
878.483887,3254.6
878.600952,3217.4
878.717957,3240.8
878.834961,3276.0
878.952087,3259.2
879.069092,3290.2
879.186157,3282.4
879.303162,3248.8
879.420227,3264.0
879.537231,3250.8
879.654236,3207.4
879.77124,3224.8
879.888306,3220.0
880.005249,3232.4
880.122314,3234.6
880.239319,3217.4
880.356323,3205.6
880.473328,3227.2
880.590271,3238.2
880.707275,3241.4
880.824341,3263.0
880.941284,3267.0
881.058228,3240.2
881.175232,3260.4
881.292236,3230.8
881.40918,3212.2
881.526123,3284.2
881.643066,3261.4
881.760071,3266.4
881.877014,3239.4
881.993958,3268.8
882.11084,3256.2
882.227783,3228.2
882.344727,3249.8
882.46167,3249.2
882.578613,3241.4
882.695618,3233.4
882.812439,3256.2
882.929382,3223.8
883.046326,3246.0
883.163208,3238.6
883.280151,3253.6
883.397034,3241.0
883.513916,3279.0
883.630798,3236.8
883.747742,3249.2
883.864563,3232.6
883.981506,3235.2
884.098389,3252.4
884.21521,3252.0
884.332153,3247.8
884.448975,3228.0
884.565796,3216.8
884.682678,3238.6
884.7995,3234.0
884.916443,3244.2
885.033264,3259.8
885.150085,3243.2
885.266968,3240.0
885.383789,3261.6
885.500671,3248.0
885.617493,3268.4
885.734314,3313.0
885.851196,3255.2
885.967896,3259.8
886.084717,3256.8
886.201599,3248.6
886.318359,3288.2
886.435181,3275.8
886.552002,3276.2
886.668762,3250.0
886.785645,3253.6
886.902344,3264.2
887.019165,3261.4
887.135925,3268.8
887.252747,3241.8
887.369446,3251.0
887.486267,3266.2
887.603027,3244.8
887.719788,3253.6
887.836548,3249.8
887.953247,3249.8
888.070068,3236.8
888.186829,3235.2
888.303528,3224.0
888.420288,3261.8
888.536987,3256.8
888.653687,3252.0
888.770447,3234.2
888.887146,3315.4
889.003967,3258.2
889.120667,3258.4
889.237305,3276.8
889.354065,3262.0
889.470703,3240.8
889.587463,3245.8
889.704163,3254.8
889.820862,3249.8
889.937561,3262.8
890.054199,3229.2
890.170837,3280.2
890.287598,3254.8
890.404236,3237.0
890.520874,3262.6
890.637634,3260.6
890.754211,3267.4
890.87085,3260.8
890.987549,3268.6
891.104187,3245.0
891.220886,3276.2
891.337463,3280.6
891.454102,3279.0
891.57074,3252.2
891.687378,3214.4
891.804077,3258.8
891.920654,3243.6
892.037231,3256.0
892.15387,3223.4
892.270447,3229.0
892.387085,3257.4
892.503723,3217.2
892.6203,3246.2
892.736877,3241.4
892.853516,3270.4
892.970032,3275.8
893.08667,3242.4
893.203186,3257.4
893.319763,3250.6
893.43634,3225.6
893.552917,3234.2
893.669556,3243.2
893.786011,3248.8
893.902588,3241.8
894.019165,3276.8
894.135681,3267.2
894.252197,3260.0
894.368835,3292.8
894.485291,3293.6
894.601868,3232.8
894.718384,3289.2
894.8349,3264.8
894.951355,3247.4
895.067932,3256.2
895.184448,3301.4
895.300964,3282.8
895.417419,3291.2
895.533936,3263.8
895.650452,3264.6
895.766907,3239.4
895.883423,3299.6
895.999878,3276.8
896.116333,3302.4
896.232849,3238.6
896.349304,3275.6
896.465759,3254.8
896.582214,3250.0
896.698669,3260.0
896.815125,3240.2
896.931641,3251.6
897.048035,3268.8
897.164551,3284.8
897.280884,3301.8
897.397339,3258.6
897.513794,3269.6
897.630249,3310.8
897.746582,3315.8
897.863098,3267.8
897.979431,3307.4
898.095886,3285.4
898.212341,3291.2
898.328674,3291.0
898.445129,3295.4
898.561462,3299.2
898.677795,3285.6
898.794312,3281.6
898.910645,3228.2
899.026978,3265.0
899.143433,3281.2
899.259766,3258.2
899.37616,3228.4
899.492493,3228.6
899.608765,3259.2
899.725159,3261.4
899.841553,3252.4
899.957947,3270.0
900.07428,3238.6
900.190552,3281.0
900.306946,3283.0
900.423157,3289.0
900.53949,3240.4
900.655884,3281.6
900.772156,3275.4
900.888489,3296.8
901.004822,3274.6
901.121033,3294.2
901.237366,3265.2
901.353699,3261.8
901.46991,3255.4
901.586304,3251.8
901.702515,3250.6
901.818787,3239.6
901.93512,3270.0
902.051331,3276.8
902.167603,3242.2
902.283875,3247.0
902.400085,3225.4
902.516418,3244.2
902.632629,3261.2
902.74884,3265.8
902.865112,3273.2
902.981384,3251.4
903.097595,3284.8
903.213867,3278.6
903.330017,3280.0
903.446289,3265.6
903.5625,3273.0
903.67865,3265.6
903.794922,3295.0
903.911072,3253.8
904.027344,3262.4
904.143494,3259.0
904.259705,3265.2
904.375916,3246.6
904.492065,3250.4
904.608215,3250.4
904.724426,3263.4
904.840576,3232.0
904.956726,3251.2
905.072876,3246.6
905.189087,3241.8
905.305176,3246.2
905.421387,3266.0
905.537537,3278.0
905.653687,3267.8
905.769775,3254.8
905.885925,3273.2
906.002014,3272.6
906.118164,3262.0
906.234314,3291.2
906.350403,3254.4
906.466492,3271.6
906.582642,3279.4
906.69873,3268.4
906.814758,3240.2
906.930908,3270.6
907.046936,3217.0
907.163086,3268.6
907.279175,3276.0
907.395264,3272.8
907.511353,3324.8
907.62738,3278.4
907.743408,3268.6
907.859497,3262.8
907.975525,3309.0
908.091553,3268.6
908.207703,3263.8
908.32373,3276.4
908.439758,3272.4
908.555786,3276.2
908.671814,3292.8
908.787842,3271.4
908.90387,3262.0
909.019775,3254.8
909.135864,3257.4
909.251892,3265.4
909.367859,3281.6
909.483826,3273.8
909.599854,3254.6
909.715881,3284.6
909.831848,3252.0
909.947815,3256.2
910.063782,3250.2
910.179749,3248.0
910.295776,3276.4
910.411743,3264.8
910.527649,3280.4
910.643616,3276.4
910.759583,3252.4
910.875488,3296.8
910.991455,3266.6
911.107361,3283.8
911.223267,3267.4
911.339294,3278.4
911.4552,3296.4
911.571106,3252.0
911.687073,3287.8
911.802979,3251.0
911.918823,3255.8
912.034729,3268.4
912.150635,3252.6
912.266602,3220.8
912.382446,3278.0
912.498352,3222.2
912.614197,3215.4
912.730103,3233.2
912.846008,3211.8
792.44574,5353.6
792.56488,5306.4
792.68396,5317.0
792.80304,5305.2
792.92218,5262.8
793.041199,5221.2
793.160339,5256.2
793.279419,5282.0
793.398499,5238.8
793.517578,5251.6
793.636658,5187.8
793.755737,5213.2
793.874817,5209.0
793.993896,5197.0
794.112976,5212.4
794.232056,5193.8
794.351074,5172.2
794.470215,5196.0
794.589233,5147.6
794.708313,5166.8
794.827393,5136.0
794.946411,5103.4
795.065552,5094.4
795.18457,5041.4
795.303589,5095.0
795.422668,5084.2
795.541687,5070.6
795.660767,5087.4
795.779846,5042.2
795.898865,5094.0
796.017883,4995.0
796.136963,5026.6
796.255981,5025.2
796.375061,5024.0
796.49408,5020.6
796.613037,5009.2
796.732117,5005.0
796.851135,4981.6
796.970154,4917.0
797.089233,4957.4
797.208191,4963.8
797.327271,4976.0
797.446228,4949.0
797.565186,4955.0
797.684265,4936.8
797.803223,4962.0
797.922241,4903.0
798.04126,4966.2
798.160278,4898.6
798.279297,4934.8
798.398315,4924.0
798.517273,4915.2
798.636292,4938.6
798.75531,4926.4
798.874268,4888.4
798.993286,4952.0
799.112244,4879.4
799.231323,4933.2
799.350281,4881.8
799.469238,4922.6
799.588257,4903.0
799.707153,4918.4
799.826111,4926.8
799.945129,4910.6
800.064087,4915.0
800.183044,4897.2
800.302063,4928.4
800.421021,4910.0
800.539978,4874.6
800.658936,4893.2
800.777893,4907.8
800.896912,4879.4
801.015747,4913.0
801.134705,4897.6
801.253723,4886.6
801.37262,4878.4
801.491638,4891.2
801.610535,4867.4
801.729492,4891.4
801.84845,4855.8
801.967407,4893.0
802.086243,4889.6
802.205261,4889.4
802.324158,4861.6
802.443115,4877.4
802.562073,4873.4
802.680969,4899.6
802.799927,4898.8
802.918762,4927.6
803.037659,4923.6
803.156677,4932.4
803.275574,4907.4
803.39447,4901.2
803.513428,4896.4
803.632263,4874.2
803.751221,4854.4
803.870117,4908.8
803.989014,4899.0
804.107971,4889.4
804.226746,4910.6
804.345642,4929.8
804.4646,4933.0
804.583496,4926.2
804.702393,4934.0
804.821228,4937.2
804.940125,4900.4
805.059021,4925.0
805.177917,4960.8
805.296814,4966.6
805.415649,4988.2
805.534546,4967.6
805.653442,4947.4
805.772278,4994.2
805.891113,4999.4
806.01001,4968.2
806.128906,4965.2
806.247742,4946.2
806.366577,4956.0
806.485413,4967.8
806.604309,4951.4
806.723145,4946.2
806.84198,4961.0
806.960876,4964.0
807.079712,4936.8
807.198486,4981.2
807.317383,4905.2
807.436218,4922.4
807.554993,4920.2
807.673889,4951.0
807.792725,4890.4
807.91156,4959.4
808.030396,4920.6
808.14917,4918.0
808.268005,4889.8
808.386841,4927.2
808.505676,4903.4
808.624451,4925.8
808.743286,4952.4
808.862122,4895.0
808.980896,4930.8
809.099731,4935.2
809.218506,4890.4
809.337341,4902.0
809.456116,4908.0
809.57489,4934.2
809.693726,4915.6
809.8125,4917.2
809.931274,4905.0
810.050049,4907.0
810.168884,4844.2
810.287659,4886.0
810.406372,4860.8
810.525269,4918.4
810.643982,4883.6
810.762756,4842.0
810.881531,4871.0
811.000305,4832.8
811.11908,4815.8
811.237854,4836.6
811.356567,4875.0
811.475403,4866.6
811.594116,4829.2
811.71283,4868.2
811.831604,4876.6
811.950378,4873.4
812.069153,4881.0
812.187927,4851.2
812.30658,4879.2
812.425415,4822.8
812.544128,4803.8
812.662781,4801.0
812.781616,4833.2
812.900269,4846.2
813.019043,4878.6
813.137756,4834.2
813.256531,4812.8
813.375244,4829.4
813.493896,4816.0
813.612671,4824.8
813.731384,4804.6
813.850037,4803.4
813.96875,4775.4
814.087524,4806.8
814.206238,4788.8
814.324951,4769.6
814.443604,4766.8
814.562256,4778.8
814.68103,4766.4
814.799683,4763.2
814.918335,4747.0
815.037109,4781.8
815.155762,4790.8
815.274475,4800.6
815.393188,4793.0
815.511841,4821.2
815.630554,4787.0
815.749146,4765.4
815.867859,4759.6
815.986572,4770.8
816.105164,4784.0
816.223877,4795.8
816.342529,4773.2
816.461182,4782.6
816.579895,4855.4
816.698486,4876.6
816.817139,4815.4
816.935791,4811.8
817.054504,4780.8
817.173096,4777.4
817.291748,4772.2
817.4104,4829.0
817.529053,4740.4
817.647644,4776.6
817.766235,4802.2
817.884949,4773.8
818.00354,4759.0
818.122192,4772.0
818.240845,4766.8
818.359436,4760.8
818.478088,4763.4
818.59668,4796.2
818.715271,4782.6
818.833923,4778.6
818.952515,4776.6
819.071106,4728.6
819.189758,4749.4
819.30835,4741.2
819.426941,4716.8
819.545532,4773.8
819.664124,4712.6
819.782715,4717.0
819.901306,4756.4
820.019897,4750.6
820.138489,4784.8
820.25708,4787.8
820.375671,4804.2
820.494202,4772.4
820.612732,4739.2
820.731384,4742.0
820.849915,4730.0
820.968506,4708.8
821.087097,4733.8
821.205627,4705.8
821.324158,4707.8
821.442749,4700.2
821.561279,4722.0
821.679871,4695.0
821.798401,4740.4
821.916931,4717.8
822.035461,4687.6
822.154053,4764.0
822.272583,4652.6
822.391174,4676.8
822.509583,4662.2
822.628174,4664.2
822.746704,4703.8
822.865234,4640.0
822.983765,4645.6
823.102295,4709.2
823.220825,4716.0
823.339294,4708.6
823.457825,4697.0
823.576355,4689.0
823.694824,4677.4
823.813354,4678.6
823.931885,4620.4
824.050354,4673.8
824.168884,4690.8
824.287354,4671.2
824.405823,4658.6
824.524353,4680.0
824.642822,4688.8
824.761353,4674.8
824.879822,4630.0
824.998291,4663.0
825.116699,4667.0
825.235291,4695.8
825.353699,4681.4
825.472168,4624.8
825.590637,4670.2
825.709106,4688.2
825.827576,4628.8
825.946045,4581.2
826.064453,4670.2
826.182983,4645.8
826.301392,4585.6
826.4198,4606.2
826.53833,4628.0
826.656738,4633.2
826.775208,4608.2
826.893677,4633.2
827.012024,4597.4
827.130493,4570.4
827.248962,4585.8
827.36731,4595.6
827.485779,4595.6
827.604248,4576.4
827.722595,4586.8
827.841064,4580.0
827.959412,4589.2
828.077942,4565.6
828.196289,4548.6
828.314636,4572.4
828.433105,4538.4
828.551514,4549.6
828.669861,4581.6
828.78833,4565.2
828.906677,4593.8
829.025085,4555.0
829.143433,4569.2
829.261841,4551.2
829.38031,4566.6
829.498657,4555.8
829.617004,4576.4
829.735413,4562.4
829.85376,4548.4
829.972107,4530.6
830.090515,4490.0
830.208862,4491.0
830.327209,4556.2
830.445557,4557.2
830.563904,4596.4
830.682312,4589.0
830.800659,4541.4
830.919006,4606.0
831.037354,4564.0
831.155701,4583.4
831.274048,4566.8
831.392395,4602.0
831.51062,4584.0
831.629028,4545.4
831.747314,4538.8
831.865662,4572.0
831.984009,4566.2
832.102356,4572.6
832.220642,4556.0
832.338928,4554.0
832.457275,4545.8
832.575623,4562.2
832.693909,4563.0
832.812134,4559.2
832.930481,4577.0
833.048828,4562.2
833.167114,4526.2
833.2854,4494.6
833.403687,4509.0
833.521973,4512.0
833.640259,4491.0
833.758545,4477.4
833.876831,4474.2
833.995056,4499.8
834.113281,4510.8
834.231628,4503.2
834.349915,4464.6
834.468201,4502.2
834.586426,4500.2
834.704651,4520.8
834.822998,4500.4
834.941162,4521.0
835.059448,4520.6
835.177673,4532.2
835.295959,4502.2
835.414246,4544.6
835.53241,4499.8
835.650635,4450.4
835.768921,4459.6
835.887146,4514.2
836.005371,4482.8
836.123596,4503.6
836.241821,4473.8
836.360046,4462.4
836.478271,4470.0
836.596497,4468.2
836.714722,4442.4
836.832886,4475.2
836.95105,4462.6
837.069336,4485.6
837.1875,4483.2
837.305725,4493.4
837.423889,4496.0
837.542053,4463.6
837.660339,4470.0
837.778503,4491.2
837.896667,4511.2
838.014832,4492.6
838.132996,4487.2
838.25116,4482.0
838.369385,4470.0
838.487488,4475.4
838.605713,4465.8
838.723877,4488.8
838.84198,4477.6
838.960205,4475.8
839.078308,4474.0
839.196472,4471.6
839.314636,4481.2
839.4328,4487.0
839.550964,4465.8
839.669067,4436.6
839.787231,4419.8
839.905396,4447.2
840.023499,4432.2
840.141602,4474.4
840.259766,4442.8
840.377869,4460.8
840.495972,4404.8
840.614136,4411.4
840.732239,4384.0
840.850342,4464.6
840.968445,4386.0
841.086548,4420.8
841.204651,4388.8
841.322754,4381.6
841.440918,4440.2
841.55896,4420.0
841.677002,4395.2
841.795166,4446.2
841.913208,4420.4
842.031311,4404.4
842.149353,4425.4
842.267456,4391.4
842.385498,4414.6
842.503601,4418.6
842.621643,4412.4
842.739746,4393.0
842.857788,4399.6
842.97583,4390.8
843.093933,4366.8
843.211975,4419.4
843.330017,4438.2
843.44812,4423.2
843.566101,4388.4
843.684204,4400.2
843.802246,4424.2
843.920227,4452.2
844.038269,4487.8
844.156311,4459.6
844.274292,4424.6
844.392395,4433.2
844.510376,4436.4
844.628357,4442.8
844.74646,4416.8
844.864441,4428.8
844.982422,4421.2
845.100403,4449.2
845.218384,4423.2
845.336426,4421.8
845.454468,4419.8
845.572449,4409.8
845.69043,4402.8
845.808411,4423.2
845.926453,4378.0
846.044373,4368.8
846.162354,4371.2
846.280396,4433.2
846.398315,4375.6
846.516296,4378.4
846.634216,4391.2
846.752197,4401.6
846.870178,4393.2
846.988098,4421.2
847.106079,4406.0
847.22406,4418.0
847.34198,4449.4
847.4599,4426.8
847.577881,4408.8
847.695801,4412.6
847.813782,4433.0
847.931641,4421.0
848.049561,4387.2
848.167603,4409.2
848.285461,4417.8
848.403381,4405.6
848.521362,4421.6
848.639221,4401.8
848.75708,4431.8
848.875,4400.4
848.99292,4420.4
849.110901,4447.2
849.22876,4428.0
849.34668,4420.0
849.464539,4398.8
849.582458,4393.6
849.700317,4373.0
849.818176,4349.0
849.936096,4404.0
850.053955,4391.0
850.171875,4389.6
850.289673,4357.0
850.407593,4357.2
850.525452,4368.0
850.643311,4381.8
850.761169,4362.2
850.878967,4406.6
850.996887,4385.0
851.114746,4401.4
851.232544,4412.6
851.350403,4389.4
851.468262,4404.4
851.58606,4377.2
851.703979,4391.6
851.821777,4401.8
851.939636,4432.4
852.057434,4384.4
852.175232,4402.6
852.293091,4411.2
852.410889,4471.0
852.528687,4465.2
852.646545,4436.4
852.764343,4438.2
852.88208,4406.8
852.999939,4389.4
853.117676,4397.2
853.235535,4382.8
853.353271,4386.0
853.471069,4369.4
853.588928,4390.4
853.706604,4417.2
853.824402,4391.6
853.9422,4399.0
854.059998,4416.8
854.177734,4413.0
854.295532,4413.2
854.413269,4422.8
854.531006,4412.6
854.648804,4427.8
854.766541,4450.8
854.884277,4428.0
855.002014,4439.4
855.119751,4439.2
855.237549,4444.6
855.355225,4431.4
855.473022,4476.6
855.590698,4509.8
855.708435,4439.4
855.826172,4404.4
855.943848,4466.2
856.061646,4431.2
856.179321,4397.2
856.296997,4407.6
856.414795,4442.8
856.53241,4490.2
856.650085,4475.0
856.767822,4453.6
856.885559,4447.4
857.003174,4445.4
857.120911,4421.0
857.238586,4397.8
857.356201,4435.0
857.473938,4423.2
857.591614,4372.4
857.709351,4419.4
857.826965,4429.0
857.944641,4396.4
858.062317,4388.4
858.179993,4403.6
858.297668,4392.0
858.415283,4420.2
858.532959,4410.2
858.650574,4434.4
858.768188,4407.6
858.885803,4411.0
859.003479,4394.8
859.121094,4387.4
859.23877,4380.6
859.356384,4416.0
859.473999,4392.0
859.591675,4379.8
859.709229,4401.2
859.826843,4394.6
859.944458,4363.6
860.062012,4369.6
860.179626,4340.8
860.297302,4324.8
860.414856,4340.0
860.532471,4338.8
860.650024,4351.6
860.767639,4344.8
860.885193,4371.4
861.002808,4342.4
861.120361,4373.6
861.237976,4386.4
861.35553,4344.0
861.473022,4349.8
861.590698,4377.2
861.708191,4357.8
861.825745,4311.4
861.943298,4332.6
862.060852,4345.6
862.178406,4327.4
862.295959,4311.8
862.413513,4294.2
862.531006,4314.6
862.64856,4300.4
862.766113,4323.4
862.883667,4326.2
863.00116,4321.4
863.118713,4285.0
863.236206,4295.8
863.353699,4281.8
863.471252,4340.6
863.588745,4303.0
863.706177,4346.8
863.82373,4334.6
863.941162,4339.0
864.058716,4300.4
864.176208,4333.0
864.29364,4341.4
864.411194,4328.4
864.528687,4282.4
864.646118,4349.2
864.763611,4324.4
864.881042,4278.6
864.998535,4275.6
865.116028,4295.0
865.233459,4299.4
865.350891,4308.0
865.468384,4291.2
865.585754,4302.6
865.703308,4288.4
865.820679,4307.6
865.938171,4309.2
866.055542,4360.4
866.173035,4318.4
866.290466,4317.4
866.407837,4324.2
866.52533,4323.8
866.6427,4355.4
866.760071,4308.6
866.877563,4331.4
866.994934,4294.4
867.112305,4307.8
867.229736,4282.4
867.347107,4288.2
867.464539,4280.0
867.58197,4271.4
867.699341,4268.0
867.81665,4265.6
867.934082,4262.6
868.051453,4267.8
868.168823,4315.0
868.286194,4333.4
868.403564,4314.0
868.520935,4319.2
868.638306,4342.0
868.755676,4306.8
868.872986,4308.6
868.990295,4329.2
869.107727,4338.0
869.225037,4277.8
869.342346,4262.6
869.459717,4279.0
869.577026,4273.2
869.694336,4261.2
869.811707,4210.0
869.929016,4270.2
870.046326,4276.6
870.163635,4261.6
870.280945,4254.2
870.398254,4217.2
870.515564,4247.6
870.632812,4247.0
870.750183,4253.8
870.867432,4298.0
870.984741,4266.4
871.102051,4257.4
871.219299,4284.0
871.336609,4255.0
871.453918,4281.0
871.571106,4281.4
871.688416,4286.4
871.805664,4292.8
871.922852,4318.6
872.040222,4246.4
872.157471,4300.0
872.274719,4289.2
872.391968,4271.4
872.509155,4238.8
872.626465,4255.8
872.743652,4252.8
872.860962,4299.6
872.978149,4268.2
873.095337,4286.2
873.212646,4299.0
873.329834,4250.8
873.44696,4287.0
873.564209,4272.2
873.681396,4265.8
873.798645,4251.2
873.915894,4206.0
874.03302,4248.0
874.150208,4188.8
874.267456,4187.0
874.384583,4246.2
874.501831,4203.2
874.618958,4225.6
874.736145,4225.0
874.853333,4251.0
874.970459,4268.0
875.087646,4284.0
875.204834,4262.0
875.32196,4261.8
875.439148,4288.6
875.556274,4230.8
875.673401,4241.4
875.790527,4218.2
875.907715,4276.6
876.024841,4218.8
876.141968,4238.2
876.259094,4231.6
876.376282,4221.0
876.493347,4226.8
876.610474,4185.6
876.7276,4258.0
876.844727,4265.0
876.961853,4219.6
877.078918,4270.8
877.195984,4271.2
877.313171,4261.8
877.430237,4286.6
877.547302,4241.6
877.664368,4270.8
877.781433,4254.2
877.898499,4239.2
878.015625,4227.4
878.13269,4221.0
878.249695,4295.0
878.366821,4220.4
878.483887,4307.2
878.600952,4261.6
878.717957,4244.0
878.834961,4272.4
878.952087,4277.6
879.069092,4280.2
879.186157,4273.0
879.303162,4257.2
879.420227,4285.6
879.537231,4223.2
879.654236,4225.0
879.77124,4238.2
879.888306,4222.8
880.005249,4179.2
880.122314,4198.4
880.239319,4205.4
880.356323,4163.6
880.473328,4184.4
880.590271,4163.4
880.707275,4181.8
880.824341,4207.2
880.941284,4176.0
881.058228,4191.8
881.175232,4194.2
881.292236,4180.6
881.40918,4265.2
881.526123,4198.0
881.643066,4193.4
881.760071,4195.0
881.877014,4216.8
881.993958,4207.0
882.11084,4183.2
882.227783,4213.8
882.344727,4193.2
882.46167,4146.8
882.578613,4189.2
882.695618,4156.6
882.812439,4152.2
882.929382,4156.2
883.046326,4195.4
883.163208,4180.6
883.280151,4155.2
883.397034,4131.0
883.513916,4210.8
883.630798,4199.8
883.747742,4190.6
883.864563,4207.8
883.981506,4229.6
884.098389,4236.8
884.21521,4199.8
884.332153,4185.6
884.448975,4189.0
884.565796,4216.8
884.682678,4161.0
884.7995,4188.2
884.916443,4204.6
885.033264,4204.0
885.150085,4179.4
885.266968,4210.4
885.383789,4188.0
885.500671,4233.6
885.617493,4246.6
885.734314,4198.0
885.851196,4254.2
885.967896,4252.2
886.084717,4181.8
886.201599,4227.4
886.318359,4203.8
886.435181,4234.6
886.552002,4180.0
886.668762,4216.2
886.785645,4253.8
886.902344,4221.6
887.019165,4125.4
887.135925,4156.6
887.252747,4201.2
887.369446,4207.8
887.486267,4158.2
887.603027,4181.0
887.719788,4155.0
887.836548,4160.4
887.953247,4155.0
888.070068,4183.0
888.186829,4181.2
888.303528,4184.6
888.420288,4164.8
888.536987,4191.4
888.653687,4195.2
888.770447,4172.2
888.887146,4160.6
889.003967,4228.4
889.120667,4157.8
889.237305,4198.0
889.354065,4158.2
889.470703,4167.4
889.587463,4193.6
889.704163,4137.8
889.820862,4122.4
889.937561,4121.8
890.054199,4159.4
890.170837,4153.2
890.287598,4137.2
890.404236,4140.4
890.520874,4168.0
890.637634,4169.4
890.754211,4183.6
890.87085,4160.6
890.987549,4168.2
891.104187,4205.4
891.220886,4146.4
891.337463,4168.0
891.454102,4160.0
891.57074,4170.0
891.687378,4138.4
891.804077,4123.0
891.920654,4095.6
892.037231,4117.4
892.15387,4124.6
892.270447,4108.4
892.387085,4120.6
892.503723,4144.4
892.6203,4122.0
892.736877,4108.4
892.853516,4125.8
892.970032,4139.8
893.08667,4147.6
893.203186,4161.6
893.319763,4126.2
893.43634,4137.0
893.552917,4110.4
893.669556,4159.2
893.786011,4157.0
893.902588,4122.6
894.019165,4125.6
894.135681,4131.2
894.252197,4112.8
894.368835,4130.0
894.485291,4114.4
894.601868,4085.4
894.718384,4155.4
894.8349,4099.0
894.951355,4113.0
895.067932,4102.6
895.184448,4130.4
895.300964,4127.8
895.417419,4161.0
895.533936,4171.0
895.650452,4146.2
895.766907,4155.8
895.883423,4125.2
895.999878,4122.2
896.116333,4123.6
896.232849,4113.2
896.349304,4125.6
896.465759,4083.0
896.582214,4060.0
896.698669,4084.2
896.815125,4070.0
896.931641,4080.0
897.048035,4083.6
897.164551,4113.6
897.280884,4106.8
897.397339,4116.0
897.513794,4107.0
897.630249,4151.0
897.746582,4167.0
897.863098,4141.8
897.979431,4137.2
898.095886,4147.4
898.212341,4076.4
898.328674,4107.2
898.445129,4103.2
898.561462,4108.8
898.677795,4085.8
898.794312,4073.6
898.910645,4050.8
899.026978,4059.4
899.143433,4091.4
899.259766,4050.4
899.37616,4069.6
899.492493,4073.0
899.608765,4082.8
899.725159,4110.6
899.841553,4082.6
899.957947,4069.2
900.07428,4080.4
900.190552,4107.6
900.306946,4085.0
900.423157,4087.6
900.53949,4115.0
900.655884,4107.8
900.772156,4082.4
900.888489,4080.0
901.004822,4107.2
901.121033,4059.2
901.237366,4064.8
901.353699,4063.0
901.46991,4060.0
901.586304,4025.4
901.702515,4037.6
901.818787,4010.2
901.93512,4019.8
902.051331,4034.6
902.167603,4053.0
902.283875,4032.2
902.400085,4007.6
902.516418,3988.4
902.632629,4031.4
902.74884,4043.6
902.865112,4060.8
902.981384,4039.4
903.097595,4067.6
903.213867,4093.6
903.330017,4119.2
903.446289,4071.4
903.5625,4024.8
903.67865,4072.0
903.794922,4050.8
903.911072,4063.8
904.027344,4025.8
904.143494,4044.2
904.259705,4036.2
904.375916,3999.8
904.492065,4019.8
904.608215,3989.0
904.724426,4003.6
904.840576,4018.0
904.956726,3974.6
905.072876,4030.4
905.189087,4043.2
905.305176,4051.8
905.421387,4048.6
905.537537,4055.0
905.653687,4063.8
905.769775,4055.8
905.885925,4110.2
906.002014,4067.2
906.118164,4052.6
906.234314,4025.0
906.350403,4019.8
906.466492,4045.8
906.582642,4006.2
906.69873,4002.4
906.814758,3992.8
906.930908,3995.8
907.046936,4029.2
907.163086,4001.4
907.279175,4009.4
907.395264,4003.2
907.511353,4043.4
907.62738,4013.6
907.743408,3999.2
907.859497,4040.2
907.975525,4053.4
908.091553,4015.8
908.207703,4015.2
908.32373,4021.8
908.439758,3988.8
908.555786,4032.0
908.671814,4030.4
908.787842,4040.8
908.90387,4007.0
909.019775,3993.0
909.135864,3971.6
909.251892,3973.4
909.367859,3996.6
909.483826,3932.6
909.599854,3969.8
909.715881,3994.6
909.831848,3961.2
909.947815,4007.2
910.063782,3995.8
910.179749,3982.6
910.295776,3977.8
910.411743,3991.2
910.527649,3994.8
910.643616,3992.0
910.759583,3994.4
910.875488,4002.6
910.991455,4001.2
911.107361,3970.8
911.223267,3991.4
911.339294,3987.2
911.4552,3977.6
911.571106,3950.2
911.687073,3982.8
911.802979,3954.2
911.918823,3999.8
912.034729,3977.2
912.150635,4021.6
912.266602,3934.6
912.382446,3959.8
912.498352,3961.8
912.614197,3931.4
912.730103,3937.6
912.846008,3978.2
792.44574,7810.6
792.56488,7676.0
792.68396,7697.2
792.80304,7740.4
792.92218,7631.6
793.041199,7637.4
793.160339,7717.0
793.279419,7699.4
793.398499,7712.2
793.517578,7678.6
793.636658,7620.8
793.755737,7686.0
793.874817,7625.8
793.993896,7607.8
794.112976,7598.6
794.232056,7576.8
794.351074,7584.8
794.470215,7562.2
794.589233,7619.8
794.708313,7582.2
794.827393,7594.0
794.946411,7572.2
795.065552,7609.6
795.18457,7579.4
795.303589,7614.0
795.422668,7558.6
795.541687,7572.4
795.660767,7628.0
795.779846,7521.6
795.898865,7533.6
796.017883,7585.4
796.136963,7524.8
796.255981,7475.2
796.375061,7481.8
796.49408,7452.0
796.613037,7401.2
796.732117,7445.6
796.851135,7377.6
796.970154,7312.4
797.089233,7357.2
797.208191,7424.4
797.327271,7383.0
797.446228,7378.6
797.565186,7450.2
797.684265,7439.8
797.803223,7424.8
797.922241,7315.6
798.04126,7375.8
798.160278,7355.2
798.279297,7294.6
798.398315,7310.8
798.517273,7290.2
798.636292,7266.4
798.75531,7349.6
798.874268,7364.2
798.993286,7404.2
799.112244,7395.6
799.231323,7467.8
799.350281,7451.0
799.469238,7466.2
799.588257,7358.2
799.707153,7409.8
799.826111,7379.4
799.945129,7444.0
800.064087,7449.4
800.183044,7419.8
800.302063,7377.8
800.421021,7374.2
800.539978,7305.4
800.658936,7311.4
800.777893,7380.6
800.896912,7406.8
801.015747,7409.0
801.134705,7316.6
801.253723,7357.8
801.37262,7355.6
801.491638,7398.2
801.610535,7393.2
801.729492,7391.4
801.84845,7395.4
801.967407,7424.0
802.086243,7474.6
802.205261,7394.0
802.324158,7490.6
802.443115,7520.4
802.562073,7490.6
802.680969,7513.6
802.799927,7548.6
802.918762,7542.8
803.037659,7586.6
803.156677,7588.2
803.275574,7633.0
803.39447,7562.8
803.513428,7507.6
803.632263,7545.6
803.751221,7472.0
803.870117,7557.6
803.989014,7505.6
804.107971,7542.4
804.226746,7561.8
804.345642,7539.8
804.4646,7538.4
804.583496,7599.8
804.702393,7580.8
804.821228,7551.2
804.940125,7550.6
805.059021,7589.4
805.177917,7647.0
805.296814,7646.8
805.415649,7711.4
805.534546,7685.2
805.653442,7723.0
805.772278,7720.8
805.891113,7754.2
806.01001,7670.8
806.128906,7640.0
806.247742,7660.4
806.366577,7653.8
806.485413,7684.2
806.604309,7745.2
806.723145,7679.8
806.84198,7714.8
806.960876,7714.8
807.079712,7646.2
807.198486,7655.6
807.317383,7621.4
807.436218,7562.2
807.554993,7630.8
807.673889,7614.8
807.792725,7555.6
807.91156,7637.4
808.030396,7644.2
808.14917,7544.4
808.268005,7539.2
808.386841,7593.0
808.505676,7677.8
808.624451,7626.0
808.743286,7714.2
808.862122,7628.4
808.980896,7696.8
809.099731,7706.6
809.218506,7695.0
809.337341,7681.8
809.456116,7679.4
809.57489,7630.0
809.693726,7622.4
809.8125,7570.8
809.931274,7582.6
810.050049,7526.2
810.168884,7490.4
810.287659,7462.2
810.406372,7455.0
810.525269,7422.8
810.643982,7365.0
810.762756,7379.4
810.881531,7369.4
811.000305,7342.6
811.11908,7355.4
811.237854,7339.6
811.356567,7393.4
811.475403,7443.6
811.594116,7369.0
811.71283,7384.8
811.831604,7391.0
811.950378,7433.8
812.069153,7454.6
812.187927,7474.0
812.30658,7426.2
812.425415,7342.0
812.544128,7364.2
812.662781,7321.2
812.781616,7359.2
812.900269,7389.6
813.019043,7374.4
813.137756,7362.8
813.256531,7374.8
813.375244,7359.0
813.493896,7379.4
813.612671,7376.4
813.731384,7316.4
813.850037,7395.0
813.96875,7388.2
814.087524,7322.2
814.206238,7292.6
814.324951,7343.6
814.443604,7288.0
814.562256,7236.0
814.68103,7257.8
814.799683,7201.0
814.918335,7209.6
815.037109,7297.8
815.155762,7290.6
815.274475,7280.6
815.393188,7275.8
815.511841,7314.0
815.630554,7244.2
815.749146,7223.6
815.867859,7222.4
815.986572,7240.4
816.105164,7214.8
816.223877,7329.6
816.342529,7266.8
816.461182,7311.4
816.579895,7361.4
816.698486,7397.2
816.817139,7378.4
816.935791,7360.6
817.054504,7311.0
817.173096,7225.8
817.291748,7275.2
817.4104,7293.6
817.529053,7296.0
817.647644,7313.4
817.766235,7266.0
817.884949,7286.8
818.00354,7307.0
818.122192,7321.8
818.240845,7287.6
818.359436,7284.6
818.478088,7355.2
818.59668,7326.8
818.715271,7278.0
818.833923,7286.4
818.952515,7281.8
819.071106,7227.6
819.189758,7235.2
819.30835,7212.6
819.426941,7138.2
819.545532,7208.4
819.664124,7250.4
819.782715,7271.8
819.901306,7276.4
820.019897,7260.0
820.138489,7343.4
820.25708,7305.0
820.375671,7265.4
820.494202,7238.2
820.612732,7191.6
820.731384,7143.8
820.849915,7133.2
820.968506,7116.4
821.087097,7136.4
821.205627,7203.0
821.324158,7173.8
821.442749,7180.6
821.561279,7230.6
821.679871,7230.4
821.798401,7244.2
821.916931,7213.8
822.035461,7229.2
822.154053,7219.0
822.272583,7210.0
822.391174,7134.2
822.509583,7163.4
822.628174,7141.2
822.746704,7175.8
822.865234,7148.2
822.983765,7197.4
823.102295,7207.0
823.220825,7243.0
823.339294,7228.2
823.457825,7211.8
823.576355,7236.0
823.694824,7168.8
823.813354,7176.6
823.931885,7142.6
824.050354,7177.2
824.168884,7159.8
824.287354,7105.8
824.405823,7136.2
824.524353,7206.6
824.642822,7151.4
824.761353,7185.8
824.879822,7160.8
824.998291,7110.2
825.116699,7182.2
825.235291,7155.6
825.353699,7122.6
825.472168,7058.2
825.590637,7121.8
825.709106,7144.2
825.827576,7122.4
825.946045,7053.2
826.064453,7068.2
826.182983,7057.4
826.301392,7063.4
826.4198,7073.8
826.53833,7131.8
826.656738,7127.4
826.775208,7089.4
826.893677,7101.2
827.012024,7057.8
827.130493,7036.0
827.248962,7015.8
827.36731,6988.4
827.485779,7004.8
827.604248,6934.8
827.722595,6993.0
827.841064,6959.8
827.959412,6897.2
828.077942,6890.6
828.196289,6881.6
828.314636,6891.8
828.433105,6943.2
828.551514,6877.8
828.669861,6908.4
828.78833,6924.4
828.906677,6904.8
829.025085,6930.2
829.143433,6903.8
829.261841,6882.8
829.38031,6889.8
829.498657,6879.2
829.617004,6876.2
829.735413,6887.2
829.85376,6876.2
829.972107,6816.8
830.090515,6948.4
830.208862,6885.0
830.327209,6940.0
830.445557,6988.6
830.563904,6999.6
830.682312,6890.4
830.800659,6951.6
830.919006,6993.2
831.037354,6991.2
831.155701,7001.6
831.274048,7021.6
831.392395,6944.6
831.51062,6963.2
831.629028,6879.8
831.747314,6867.2
831.865662,6895.4
831.984009,6889.4
832.102356,6879.6
832.220642,6925.6
832.338928,6907.8
832.457275,6917.8
832.575623,6898.0
832.693909,6896.4
832.812134,6949.4
832.930481,6914.8
833.048828,6878.2
833.167114,6916.6
833.2854,6873.2
833.403687,6892.0
833.521973,6844.6
833.640259,6805.8
833.758545,6826.6
833.876831,6853.6
833.995056,6877.4
834.113281,6890.6
834.231628,6879.2
834.349915,6818.0
834.468201,6823.6
834.586426,6823.8
834.704651,6814.2
834.822998,6763.0
834.941162,6901.8
835.059448,6927.8
835.177673,6930.2
835.295959,6894.2
835.414246,6853.6
835.53241,6856.0
835.650635,6804.0
835.768921,6859.4
835.887146,6850.2
836.005371,6885.2
836.123596,6808.8
836.241821,6853.4
836.360046,6884.4
836.478271,6824.0
836.596497,6812.6
836.714722,6794.6
836.832886,6751.6
836.95105,6744.6
837.069336,6821.6
837.1875,6789.4
837.305725,6783.8
837.423889,6847.0
837.542053,6823.0
837.660339,6824.2
837.778503,6892.4
837.896667,6938.6
838.014832,6824.2
838.132996,6837.8
838.25116,6802.6
838.369385,6829.0
838.487488,6841.8
838.605713,6856.0
838.723877,6853.8
838.84198,6880.4
838.960205,6827.4
839.078308,6772.0
839.196472,6773.6
839.314636,6818.2
839.4328,6866.0
839.550964,6841.4
839.669067,6824.2
839.787231,6796.8
839.905396,6782.2
840.023499,6761.4
840.141602,6724.4
840.259766,6722.0
840.377869,6769.4
840.495972,6701.2
840.614136,6700.0
840.732239,6711.2
840.850342,6634.4
840.968445,6646.0
841.086548,6599.8
841.204651,6621.0
841.322754,6627.2
841.440918,6676.6
841.55896,6667.2
841.677002,6650.6
841.795166,6631.4
841.913208,6587.8
842.031311,6628.8
842.149353,6609.6
842.267456,6634.0
842.385498,6626.6
842.503601,6616.4
842.621643,6633.0
842.739746,6616.4
842.857788,6608.6
842.97583,6635.8
843.093933,6618.8
843.211975,6658.6
843.330017,6661.0
843.44812,6657.6
843.566101,6662.0
843.684204,6626.6
843.802246,6623.2
843.920227,6635.8
844.038269,6690.4
844.156311,6670.2
844.274292,6642.4
844.392395,6670.4
844.510376,6654.2
844.628357,6627.4
844.74646,6638.2
844.864441,6646.6
844.982422,6649.2
845.100403,6614.0
845.218384,6623.8
845.336426,6577.4
845.454468,6595.6
845.572449,6535.4
845.69043,6620.8
845.808411,6526.2
845.926453,6577.6
846.044373,6543.0
846.162354,6611.4
846.280396,6568.4
846.398315,6511.2
846.516296,6598.2
846.634216,6534.4
846.752197,6553.2
846.870178,6562.8
846.988098,6511.4
847.106079,6629.8
847.22406,6584.4
847.34198,6659.2
847.4599,6615.0
847.577881,6620.2
847.695801,6587.0
847.813782,6577.2
847.931641,6536.8
848.049561,6535.8
848.167603,6543.6
848.285461,6550.8
848.403381,6557.2
848.521362,6594.4
848.639221,6597.2
848.75708,6571.8
848.875,6559.2
848.99292,6509.2
849.110901,6572.6
849.22876,6511.4
849.34668,6519.2
849.464539,6525.2
849.582458,6462.0
849.700317,6488.0
849.818176,6406.8
849.936096,6460.8
850.053955,6496.2
850.171875,6478.4
850.289673,6401.2
850.407593,6417.4
850.525452,6491.6
850.643311,6438.4
850.761169,6486.4
850.878967,6498.2
850.996887,6486.4
851.114746,6427.0
851.232544,6503.6
851.350403,6484.6
851.468262,6506.0
851.58606,6428.6
851.703979,6406.0
851.821777,6405.2
851.939636,6385.0
852.057434,6369.4
852.175232,6456.2
852.293091,6431.0
852.410889,6474.8
852.528687,6502.6
852.646545,6514.4
852.764343,6495.4
852.88208,6503.0
852.999939,6442.8
853.117676,6449.4
853.235535,6405.8
853.353271,6462.8
853.471069,6420.2
853.588928,6412.0
853.706604,6453.6
853.824402,6465.2
853.9422,6506.4
854.059998,6471.6
854.177734,6533.6
854.295532,6499.0
854.413269,6447.2
854.531006,6495.2
854.648804,6502.4
854.766541,6555.0
854.884277,6506.4
855.002014,6540.2
855.119751,6572.8
855.237549,6589.4
855.355225,6574.0
855.473022,6581.6
855.590698,6580.6
855.708435,6556.8
855.826172,6494.8
855.943848,6515.8
856.061646,6543.0
856.179321,6503.2
856.296997,6492.8
856.414795,6550.0
856.53241,6615.2
856.650085,6568.8
856.767822,6575.2
856.885559,6581.8
857.003174,6552.2
857.120911,6546.2
857.238586,6475.0
857.356201,6475.4
857.473938,6419.6
857.591614,6416.8
857.709351,6461.0
857.826965,6428.4
857.944641,6460.0
858.062317,6507.0
858.179993,6517.4
858.297668,6485.0
858.415283,6486.2
858.532959,6436.2
858.650574,6484.0
858.768188,6466.2
858.885803,6449.0
859.003479,6460.6
859.121094,6468.6
859.23877,6438.0
859.356384,6458.8
859.473999,6447.2
859.591675,6407.0
859.709229,6413.0
859.826843,6354.0
859.944458,6304.8
860.062012,6288.4
860.179626,6329.6
860.297302,6315.2
860.414856,6276.8
860.532471,6259.8
860.650024,6302.0
860.767639,6361.0
860.885193,6358.6
861.002808,6312.2
861.120361,6403.2
861.237976,6390.4
861.35553,6307.2
861.473022,6294.8
861.590698,6295.4
861.708191,6294.8
861.825745,6247.6
861.943298,6203.4
862.060852,6270.6
862.178406,6248.8
862.295959,6184.2
862.413513,6250.0
862.531006,6207.6
862.64856,6169.4
862.766113,6170.2
862.883667,6158.6
863.00116,6161.4
863.118713,6162.4
863.236206,6093.8
863.353699,6174.2
863.471252,6184.2
863.588745,6186.6
863.706177,6138.6
863.82373,6178.0
863.941162,6155.2
864.058716,6124.4
864.176208,6152.6
864.29364,6169.4
864.411194,6118.2
864.528687,6130.4
864.646118,6133.6
864.763611,6109.4
864.881042,6081.0
864.998535,6065.6
865.116028,6063.6
865.233459,6070.4
865.350891,6060.8
865.468384,6094.8
865.585754,6101.4
865.703308,6105.8
865.820679,6121.0
865.938171,6127.4
866.055542,6158.4
866.173035,6132.0
866.290466,6110.2
866.407837,6125.4
866.52533,6110.4
866.6427,6119.0
866.760071,6113.6
866.877563,6152.0
866.994934,6074.4
867.112305,6063.4
867.229736,6088.0
867.347107,6055.6
867.464539,6026.2
867.58197,6046.6
867.699341,6065.4
867.81665,6086.2
867.934082,6076.8
868.051453,6072.0
868.168823,6123.4
868.286194,6158.4
868.403564,6110.6
868.520935,6146.6
868.638306,6227.8
868.755676,6197.4
868.872986,6185.4
868.990295,6232.4
869.107727,6254.8
869.225037,6194.6
869.342346,6218.4
869.459717,6167.4
869.577026,6141.2
869.694336,6169.4
869.811707,6077.4
869.929016,6134.0
870.046326,6149.4
870.163635,6108.8
870.280945,6049.6
870.398254,6030.6
870.515564,6112.4
870.632812,6032.8
870.750183,5981.2
870.867432,6027.2
870.984741,6020.0
871.102051,6067.0
871.219299,6106.6
871.336609,6094.0
871.453918,6178.2
871.571106,6165.2
871.688416,6176.2
871.805664,6153.8
871.922852,6152.6
872.040222,6136.4
872.157471,6136.0
872.274719,6133.8
872.391968,6096.4
872.509155,6076.0
872.626465,6151.4
872.743652,6156.2
872.860962,6086.8
872.978149,6172.4
873.095337,6170.8
873.212646,6190.8
873.329834,6096.2
873.44696,6060.2
873.564209,6071.4
873.681396,6048.8
873.798645,6013.6
873.915894,5922.6
874.03302,5931.6
874.150208,5900.2
874.267456,5881.4
874.384583,5930.2
874.501831,5938.2
874.618958,5996.4
874.736145,5989.8
874.853333,6003.2
874.970459,6080.4
875.087646,6103.4
875.204834,6059.2
875.32196,6104.4
875.439148,6093.6
875.556274,6061.2
875.673401,6053.2
875.790527,6023.2
875.907715,6022.2
876.024841,5927.8
876.141968,5960.6
876.259094,5982.2
876.376282,5981.4
876.493347,5971.4
876.610474,5955.2
876.7276,6030.8
876.844727,5965.2
876.961853,5980.0
877.078918,6004.4
877.195984,6109.8
877.313171,6088.0
877.430237,6062.6
877.547302,6023.6
877.664368,6050.6
877.781433,6058.6
877.898499,6064.6
878.015625,6074.2
878.13269,6058.2
878.249695,6105.6
878.366821,6068.0
878.483887,6157.6
878.600952,6116.0
878.717957,6145.0
878.834961,6130.6
878.952087,6270.0
879.069092,6159.2
879.186157,6190.6
879.303162,6118.8
879.420227,6158.4
879.537231,6088.2
879.654236,6110.2
879.77124,6053.0
879.888306,5983.4
880.005249,5959.0
880.122314,5927.6
880.239319,5950.6
880.356323,5944.2
880.473328,5909.8
880.590271,5890.2
880.707275,5917.0
880.824341,5927.0
880.941284,5904.2
881.058228,5893.6
881.175232,5955.0
881.292236,5950.2
881.40918,5948.4
881.526123,5959.8
881.643066,5988.2
881.760071,5944.8
881.877014,6001.4
881.993958,6025.8
882.11084,5985.6
882.227783,6000.8
882.344727,5914.2
882.46167,5877.8
882.578613,5860.8
882.695618,5842.8
882.812439,5824.2
882.929382,5832.6
883.046326,5851.8
883.163208,5848.8
883.280151,5778.4
883.397034,5786.2
883.513916,5803.2
883.630798,5842.2
883.747742,5784.0
883.864563,5877.4
883.981506,5870.4
884.098389,5893.2
884.21521,5830.6
884.332153,5833.4
884.448975,5791.0
884.565796,5820.6
884.682678,5756.0
884.7995,5795.0
884.916443,5815.8
885.033264,5807.2
885.150085,5759.8
885.266968,5836.0
885.383789,5880.0
885.500671,5875.2
885.617493,5823.2
885.734314,5885.0
885.851196,5820.2
885.967896,5805.2
886.084717,5798.2
886.201599,5794.8
886.318359,5768.4
886.435181,5732.8
886.552002,5730.2
886.668762,5772.2
886.785645,5799.6
886.902344,5724.4
887.019165,5693.8
887.135925,5712.6
887.252747,5754.2
887.369446,5740.6
887.486267,5716.8
887.603027,5702.8
887.719788,5684.4
887.836548,5718.0
887.953247,5694.2
888.070068,5727.0
888.186829,5753.2
888.303528,5787.8
888.420288,5763.8
888.536987,5779.2
888.653687,5822.6
888.770447,5805.2
888.887146,5815.8
889.003967,5795.4
889.120667,5761.4
889.237305,5746.2
889.354065,5731.4
889.470703,5734.4
889.587463,5763.4
889.704163,5727.4
889.820862,5656.8
889.937561,5669.8
890.054199,5662.4
890.170837,5712.8
890.287598,5704.2
890.404236,5756.0
890.520874,5764.6
890.637634,5772.6
890.754211,5767.8
890.87085,5783.4
890.987549,5785.0
891.104187,5747.0
891.220886,5772.0
891.337463,5787.2
891.454102,5800.4
891.57074,5699.6
891.687378,5696.8
891.804077,5732.0
891.920654,5660.2
892.037231,5646.4
892.15387,5667.6
892.270447,5604.0
892.387085,5676.2
892.503723,5645.4
892.6203,5610.6
892.736877,5604.8
892.853516,5655.6
892.970032,5635.4
893.08667,5623.0
893.203186,5651.6
893.319763,5630.2
893.43634,5596.0
893.552917,5566.6
893.669556,5655.4
893.786011,5661.6
893.902588,5611.2
894.019165,5591.0
894.135681,5576.8
894.252197,5592.0
894.368835,5609.8
894.485291,5551.0
894.601868,5580.6
894.718384,5587.6
894.8349,5520.8
894.951355,5515.0
895.067932,5561.6
895.184448,5607.0
895.300964,5653.0
895.417419,5600.0
895.533936,5628.8
895.650452,5645.0
895.766907,5637.6
895.883423,5619.6
895.999878,5594.4
896.116333,5600.8
896.232849,5520.0
896.349304,5557.8
896.465759,5476.4
896.582214,5479.0
896.698669,5443.4
896.815125,5456.4
896.931641,5506.0
897.048035,5540.8
897.164551,5510.8
897.280884,5550.8
897.397339,5517.6
897.513794,5566.0
897.630249,5641.4
897.746582,5592.6
897.863098,5599.0
897.979431,5631.0
898.095886,5560.2
898.212341,5525.8
898.328674,5489.4
898.445129,5532.0
898.561462,5527.4
898.677795,5416.4
898.794312,5448.8
898.910645,5393.2
899.026978,5427.8
899.143433,5428.4
899.259766,5436.6
899.37616,5439.8
899.492493,5447.6
899.608765,5416.0
899.725159,5428.6
899.841553,5417.2
899.957947,5414.0
900.07428,5439.8
900.190552,5454.4
900.306946,5457.0
900.423157,5467.2
900.53949,5484.6
900.655884,5436.0
900.772156,5469.4
900.888489,5480.2
901.004822,5436.4
901.121033,5394.4
901.237366,5370.2
901.353699,5407.4
901.46991,5396.0
901.586304,5351.0
901.702515,5310.0
901.818787,5318.6
901.93512,5297.8
902.051331,5310.8
902.167603,5322.2
902.283875,5350.4
902.400085,5350.0
902.516418,5304.4
902.632629,5301.8
902.74884,5379.8
902.865112,5372.6
902.981384,5374.2
903.097595,5434.8
903.213867,5430.4
903.330017,5447.2
903.446289,5446.8
903.5625,5368.8
903.67865,5375.6
903.794922,5402.0
903.911072,5389.0
904.027344,5321.6
904.143494,5345.8
904.259705,5371.4
904.375916,5310.2
904.492065,5284.0
904.608215,5249.8
904.724426,5315.0
904.840576,5335.6
904.956726,5339.0
905.072876,5350.6
905.189087,5337.6
905.305176,5345.2
905.421387,5392.6
905.537537,5392.4
905.653687,5425.0
905.769775,5441.4
905.885925,5450.2
906.002014,5399.0
906.118164,5406.2
906.234314,5414.2
906.350403,5370.2
906.466492,5295.0
906.582642,5308.6
906.69873,5307.6
906.814758,5313.8
906.930908,5308.4
907.046936,5263.4
907.163086,5286.4
907.279175,5331.4
907.395264,5320.2
907.511353,5300.6
907.62738,5348.4
907.743408,5378.0
907.859497,5373.2
907.975525,5349.8
908.091553,5388.4
908.207703,5382.4
908.32373,5341.6
908.439758,5385.2
908.555786,5320.6
908.671814,5349.2
908.787842,5312.6
908.90387,5312.2
909.019775,5260.8
909.135864,5200.2
909.251892,5213.4
909.367859,5250.0
909.483826,5232.0
909.599854,5259.6
909.715881,5251.8
909.831848,5260.4
909.947815,5270.0
910.063782,5319.0
910.179749,5270.8
910.295776,5237.6
910.411743,5288.0
910.527649,5284.6
910.643616,5257.8
910.759583,5262.2
910.875488,5316.6
910.991455,5288.8
911.107361,5308.8
911.223267,5247.4
911.339294,5224.4
911.4552,5325.2
911.571106,5265.8
911.687073,5245.6
911.802979,5219.2
911.918823,5255.6
912.034729,5237.4
912.150635,5191.2
912.266602,5228.2
912.382446,5270.4
912.498352,5218.0
912.614197,5202.4
912.730103,5161.4
912.846008,5206.8
792.44574,4567.0
792.56488,4466.2
792.68396,4520.2
792.80304,4422.8
792.92218,4345.0
793.041199,4324.6
793.160339,4336.0
793.279419,4312.6
793.398499,4286.2
793.517578,4244.0
793.636658,4216.2
793.755737,4182.2
793.874817,4188.8
793.993896,4144.4
794.112976,4169.8
794.232056,4138.2
794.351074,4170.6
794.470215,4135.8
794.589233,4096.2
794.708313,4074.8
794.827393,4048.0
794.946411,4025.2
795.065552,3998.2
795.18457,3939.6
795.303589,3981.2
795.422668,3923.4
795.541687,3904.2
795.660767,3929.8
795.779846,3873.4
795.898865,3894.8
796.017883,3859.4
796.136963,3852.6
796.255981,3863.2
796.375061,3833.2
796.49408,3838.6
796.613037,3808.4
796.732117,3791.2
796.851135,3824.0
796.970154,3773.2
797.089233,3771.2
797.208191,3774.6
797.327271,3747.4
797.446228,3749.0
797.565186,3767.0
797.684265,3734.0
797.803223,3701.8
797.922241,3709.2
798.04126,3716.2
798.160278,3702.6
798.279297,3712.6
798.398315,3693.6
798.517273,3708.6
798.636292,3677.4
798.75531,3713.2
798.874268,3705.2
798.993286,3717.8
799.112244,3645.8
799.231323,3663.4
799.350281,3666.8
799.469238,3689.8
799.588257,3662.6
799.707153,3674.8
799.826111,3675.8
799.945129,3639.2
800.064087,3672.8
800.183044,3653.4
800.302063,3648.6
800.421021,3676.6
800.539978,3625.4
800.658936,3634.6
800.777893,3654.4
800.896912,3646.6
801.015747,3634.0
801.134705,3613.6
801.253723,3627.4
801.37262,3624.2
801.491638,3631.0
801.610535,3591.8
801.729492,3624.0
801.84845,3622.4
801.967407,3585.0
802.086243,3619.2
802.205261,3589.6
802.324158,3627.4
802.443115,3623.2
802.562073,3599.4
802.680969,3626.4
802.799927,3611.2
802.918762,3580.4
803.037659,3621.2
803.156677,3616.6
803.275574,3620.6
803.39447,3589.2
803.513428,3568.6
803.632263,3599.6
803.751221,3608.2
803.870117,3595.0
803.989014,3598.6
804.107971,3621.0
804.226746,3597.2
804.345642,3600.6
804.4646,3615.0
804.583496,3582.8
804.702393,3586.0
804.821228,3613.2
804.940125,3615.2
805.059021,3624.2
805.177917,3615.6
805.296814,3645.0
805.415649,3608.6
805.534546,3619.8
805.653442,3568.4
805.772278,3647.6
805.891113,3637.8
806.01001,3635.8
806.128906,3612.2
806.247742,3595.8
806.366577,3615.8
806.485413,3618.0
806.604309,3587.2
806.723145,3567.0
806.84198,3618.8
806.960876,3612.2
807.079712,3588.6
807.198486,3593.2
807.317383,3608.8
807.436218,3556.6
807.554993,3614.0
807.673889,3598.8
807.792725,3601.4
807.91156,3605.4
808.030396,3602.6
808.14917,3578.2
808.268005,3602.6
808.386841,3575.8
808.505676,3613.2
808.624451,3582.2
808.743286,3576.8
808.862122,3560.6
808.980896,3572.0
809.099731,3552.0
809.218506,3563.2
809.337341,3552.6
809.456116,3559.6
809.57489,3568.4
809.693726,3582.8
809.8125,3585.4
809.931274,3582.8
810.050049,3551.8
810.168884,3562.8
810.287659,3562.8
810.406372,3552.8
810.525269,3550.2
810.643982,3546.6
810.762756,3545.8
810.881531,3532.6
811.000305,3529.2
811.11908,3528.4
811.237854,3530.2
811.356567,3529.8
811.475403,3525.8
811.594116,3500.2
811.71283,3537.4
811.831604,3516.4
811.950378,3557.2
812.069153,3524.4
812.187927,3553.2
812.30658,3528.4
812.425415,3500.0
812.544128,3544.2
812.662781,3502.8
812.781616,3498.4
812.900269,3535.8
813.019043,3513.8
813.137756,3539.8
813.256531,3525.6
813.375244,3505.4
813.493896,3492.8
813.612671,3501.6
813.731384,3485.0
813.850037,3523.0
813.96875,3500.4
814.087524,3486.0
814.206238,3437.8
814.324951,3484.4
814.443604,3461.6
814.562256,3454.6
814.68103,3459.2
814.799683,3439.2
814.918335,3481.4
815.037109,3445.0
815.155762,3473.2
815.274475,3445.4
815.393188,3438.8
815.511841,3425.0
815.630554,3453.2
815.749146,3475.2
815.867859,3423.4
815.986572,3441.8
816.105164,3441.8
816.223877,3433.2
816.342529,3405.8
816.461182,3463.6
816.579895,3437.2
816.698486,3490.8
816.817139,3436.8
816.935791,3487.0
817.054504,3428.4
817.173096,3452.6
817.291748,3416.0
817.4104,3481.2
817.529053,3422.2
817.647644,3415.0
817.766235,3426.6
817.884949,3408.6
818.00354,3376.2
818.122192,3400.8
818.240845,3399.0
818.359436,3378.0
818.478088,3371.2
818.59668,3355.4
818.715271,3350.6
818.833923,3356.6
818.952515,3324.4
819.071106,3349.2
819.189758,3330.2
819.30835,3343.2
819.426941,3335.8
819.545532,3323.0
819.664124,3310.6
819.782715,3348.0
819.901306,3318.0
820.019897,3357.2
820.138489,3330.8
820.25708,3339.8
820.375671,3337.2
820.494202,3319.6
820.612732,3350.0
820.731384,3316.8
820.849915,3286.2
820.968506,3301.6
821.087097,3283.2
821.205627,3283.2
821.324158,3282.4
821.442749,3262.6
821.561279,3271.2
821.679871,3277.2
821.798401,3255.2
821.916931,3288.4
822.035461,3286.4
822.154053,3274.0
822.272583,3252.2
822.391174,3248.8
822.509583,3261.8
822.628174,3260.8
822.746704,3251.4
822.865234,3228.8
822.983765,3238.0
823.102295,3247.6
823.220825,3248.2
823.339294,3266.0
823.457825,3255.8
823.576355,3243.6
823.694824,3232.6
823.813354,3253.2
823.931885,3246.8
824.050354,3283.2
824.168884,3254.4
824.287354,3246.8
824.405823,3229.8
824.524353,3261.6
824.642822,3279.8
824.761353,3256.8
824.879822,3232.6
824.998291,3227.6
825.116699,3229.0
825.235291,3238.4
825.353699,3250.0
825.472168,3195.6
825.590637,3230.0
825.709106,3252.8
825.827576,3235.0
825.946045,3205.4
826.064453,3219.2
826.182983,3212.2
826.301392,3216.8
826.4198,3200.4
826.53833,3219.2
826.656738,3201.4
826.775208,3207.8
826.893677,3192.6
827.012024,3201.2
827.130493,3200.0
827.248962,3192.4
827.36731,3178.2
827.485779,3216.0
827.604248,3169.2
827.722595,3181.2
827.841064,3147.0
827.959412,3169.6
828.077942,3163.2
828.196289,3153.0
828.314636,3140.0
828.433105,3122.6
828.551514,3161.6
828.669861,3147.4
828.78833,3148.8
828.906677,3126.8
829.025085,3164.2
829.143433,3173.4
829.261841,3160.4
829.38031,3152.0
829.498657,3131.2
829.617004,3147.8
829.735413,3167.0
829.85376,3116.8
829.972107,3142.2
830.090515,3125.2
830.208862,3158.2
830.327209,3138.4
830.445557,3165.8
830.563904,3151.0
830.682312,3168.6
830.800659,3131.6
830.919006,3188.2
831.037354,3117.2
831.155701,3161.0
831.274048,3113.8
831.392395,3144.2
831.51062,3149.4
831.629028,3141.6
831.747314,3147.4
831.865662,3147.6
831.984009,3157.0
832.102356,3126.0
832.220642,3126.6
832.338928,3117.4
832.457275,3126.8
832.575623,3129.2
832.693909,3114.8
832.812134,3122.8
832.930481,3125.8
833.048828,3149.2
833.167114,3115.4
833.2854,3118.8
833.403687,3128.8
833.521973,3131.8
833.640259,3099.4
833.758545,3135.8
833.876831,3113.2
833.995056,3104.8
834.113281,3139.0
834.231628,3120.8
834.349915,3110.2
834.468201,3136.8
834.586426,3110.2
834.704651,3115.6
834.822998,3119.4
834.941162,3155.8
835.059448,3117.8
835.177673,3151.4
835.295959,3105.4
835.414246,3120.2
835.53241,3118.6
835.650635,3085.0
835.768921,3070.8
835.887146,3143.2
836.005371,3156.8
836.123596,3129.0
836.241821,3082.8
836.360046,3088.8
836.478271,3121.2
836.596497,3113.6
836.714722,3098.8
836.832886,3108.6
836.95105,3089.4
837.069336,3107.4
837.1875,3092.4
837.305725,3088.6
837.423889,3094.6
837.542053,3117.6
837.660339,3081.0
837.778503,3119.4
837.896667,3101.6
838.014832,3105.6
838.132996,3099.4
838.25116,3084.2
838.369385,3098.4
838.487488,3099.2
838.605713,3099.6
838.723877,3120.8
838.84198,3108.2
838.960205,3096.0
839.078308,3118.6
839.196472,3088.6
839.314636,3097.0
839.4328,3125.4
839.550964,3108.6
839.669067,3109.4
839.787231,3091.2
839.905396,3115.8
840.023499,3105.2
840.141602,3069.4
840.259766,3110.0
840.377869,3071.0
840.495972,3100.4
840.614136,3075.2
840.732239,3104.6
840.850342,3042.4
840.968445,3076.2
841.086548,3062.0
841.204651,3071.2
841.322754,3087.6
841.440918,3062.6
841.55896,3081.2
841.677002,3089.2
841.795166,3082.6
841.913208,3084.4
842.031311,3068.4
842.149353,3097.2
842.267456,3051.0
842.385498,3087.8
842.503601,3095.8
842.621643,3083.4
842.739746,3087.4
842.857788,3093.0
842.97583,3101.0
843.093933,3080.4
843.211975,3097.0
843.330017,3123.2
843.44812,3093.4
843.566101,3069.2
843.684204,3082.2
843.802246,3097.4
843.920227,3062.2
844.038269,3119.0
844.156311,3081.4
844.274292,3084.8
844.392395,3071.4
844.510376,3098.0
844.628357,3097.6
844.74646,3079.8
844.864441,3081.2
844.982422,3058.6
845.100403,3114.6
845.218384,3079.6
845.336426,3053.6
845.454468,3090.4
845.572449,3077.4
845.69043,3041.2
845.808411,3080.2
845.926453,3076.2
846.044373,3052.0
846.162354,3057.2
846.280396,3048.4
846.398315,3053.4
846.516296,3057.0
846.634216,3076.4
846.752197,3043.6
846.870178,3067.8
846.988098,3056.6
847.106079,3056.8
847.22406,3041.4
847.34198,3078.8
847.4599,3074.4
847.577881,3072.0
847.695801,3050.6
847.813782,3062.6
847.931641,3078.6
848.049561,3044.8
848.167603,3051.6
848.285461,3064.2
848.403381,3067.0
848.521362,3087.0
848.639221,3088.2
848.75708,3077.8
848.875,3048.2
848.99292,3075.8
849.110901,3067.6
849.22876,3073.6
849.34668,3056.0
849.464539,3065.0
849.582458,3038.0
849.700317,3043.2
849.818176,3038.6
849.936096,3069.2
850.053955,3072.6
850.171875,3073.4
850.289673,3067.6
850.407593,3040.6
850.525452,3066.4
850.643311,3057.0
850.761169,3054.6
850.878967,3064.6
850.996887,3077.6
851.114746,3057.8
851.232544,3080.8
851.350403,3064.8
851.468262,3062.0
851.58606,3113.0
851.703979,3051.4
851.821777,3109.2
851.939636,3106.8
852.057434,3103.8
852.175232,3106.6
852.293091,3097.6
852.410889,3120.6
852.528687,3131.2
852.646545,3081.2
852.764343,3096.6
852.88208,3099.6
852.999939,3054.2
853.117676,3061.4
853.235535,3064.6
853.353271,3108.0
853.471069,3063.4
853.588928,3074.6
853.706604,3077.2
853.824402,3086.0
853.9422,3071.4
854.059998,3070.4
854.177734,3054.0
854.295532,3084.4
854.413269,3063.4
854.531006,3090.2
854.648804,3071.8
854.766541,3100.4
854.884277,3097.0
855.002014,3114.6
855.119751,3102.0
855.237549,3122.8
855.355225,3109.0
855.473022,3128.2
855.590698,3109.8
855.708435,3082.4
855.826172,3113.4
855.943848,3111.8
856.061646,3112.6
856.179321,3117.0
856.296997,3083.4
856.414795,3109.6
856.53241,3092.0
856.650085,3123.6
856.767822,3081.4
856.885559,3116.4
857.003174,3096.4
857.120911,3081.2
857.238586,3107.8
857.356201,3098.4
857.473938,3053.4
857.591614,3077.6
857.709351,3042.6
857.826965,3059.8
857.944641,3063.6
858.062317,3078.8
858.179993,3099.6
858.297668,3082.6
858.415283,3070.2
858.532959,3072.8
858.650574,3094.6
858.768188,3078.0
858.885803,3089.8
859.003479,3086.2
859.121094,3073.2
859.23877,3087.8
859.356384,3059.4
859.473999,3075.4
859.591675,3039.6
859.709229,3093.4
859.826843,3033.8
859.944458,3037.2
860.062012,3043.8
860.179626,3034.2
860.297302,3049.4
860.414856,3058.2
860.532471,3038.4
860.650024,3072.8
860.767639,3060.0
860.885193,3068.0
861.002808,3048.6
861.120361,3078.8
861.237976,3052.0
861.35553,3063.6
861.473022,3041.0
861.590698,3071.2
861.708191,3061.2
861.825745,3067.6
861.943298,3033.4
862.060852,3042.8
862.178406,3029.2
862.295959,3034.0
862.413513,3024.4
862.531006,3042.6
862.64856,3036.2
862.766113,3026.8
862.883667,3038.8
863.00116,3055.4
863.118713,3044.6
863.236206,3027.0
863.353699,3044.2
863.471252,3009.0
863.588745,3025.2
863.706177,3044.0
863.82373,3026.0
863.941162,3023.6
864.058716,3034.6
864.176208,3032.6
864.29364,3061.8
864.411194,3051.4
864.528687,3018.0
864.646118,3073.4
864.763611,3027.6
864.881042,3006.8
864.998535,3038.4
865.116028,3019.2
865.233459,3033.0
865.350891,3007.2
865.468384,3060.0
865.585754,3038.0
865.703308,3029.0
865.820679,3033.8
865.938171,3060.4
866.055542,3032.2
866.173035,3038.8
866.290466,3051.4
866.407837,3020.6
866.52533,3000.2
866.6427,3053.6
866.760071,3042.0
866.877563,3025.2
866.994934,3041.4
867.112305,3055.2
867.229736,3038.2
867.347107,3014.8
867.464539,3053.0
867.58197,3038.6
867.699341,3058.0
867.81665,3035.0
867.934082,3067.2
868.051453,3061.2
868.168823,3040.0
868.286194,3054.0
868.403564,3056.6
868.520935,3062.6
868.638306,3055.4
868.755676,3043.4
868.872986,3047.8
868.990295,3049.8
869.107727,3082.4
869.225037,3039.4
869.342346,3080.0
869.459717,3068.6
869.577026,3056.0
869.694336,3019.8
869.811707,3045.4
869.929016,3053.8
870.046326,3061.4
870.163635,3051.2
870.280945,3067.4
870.398254,3039.4
870.515564,3071.0
870.632812,3035.8
870.750183,3049.0
870.867432,3058.2
870.984741,3017.4
871.102051,3050.4
871.219299,3069.4
871.336609,3062.6
871.453918,3070.4
871.571106,3065.0
871.688416,3051.8
871.805664,3047.8
871.922852,3049.0
872.040222,3031.4
872.157471,3089.0
872.274719,3069.6
872.391968,3065.2
872.509155,3054.8
872.626465,3059.0
872.743652,3074.8
872.860962,3057.4
872.978149,3037.2
873.095337,3055.0
873.212646,3055.2
873.329834,3049.2
873.44696,3026.0
873.564209,3038.0
873.681396,3059.4
873.798645,3045.0
873.915894,3067.6
874.03302,3034.4
874.150208,3057.2
874.267456,3028.6
874.384583,3011.8
874.501831,3033.4
874.618958,3036.8
874.736145,3050.4
874.853333,3014.4
874.970459,3054.0
875.087646,3075.0
875.204834,3082.8
875.32196,3059.6
875.439148,3049.2
875.556274,3067.4
875.673401,3050.6
875.790527,3032.2
875.907715,3068.8
876.024841,3054.2
876.141968,3078.2
876.259094,3069.6
876.376282,3067.8
876.493347,3082.4
876.610474,3033.2
876.7276,3066.2
876.844727,3046.8
876.961853,3078.2
877.078918,3053.8
877.195984,3062.0
877.313171,3076.2
877.430237,3054.6
877.547302,3078.2
877.664368,3068.2
877.781433,3088.0
877.898499,3060.2
878.015625,3069.4
878.13269,3067.2
878.249695,3070.6
878.366821,3027.2
878.483887,3073.8
878.600952,3048.4
878.717957,3040.2
878.834961,3067.0
878.952087,3089.6
879.069092,3044.4
879.186157,3065.4
879.303162,3050.8
879.420227,3035.8
879.537231,3085.6
879.654236,3031.2
879.77124,3046.2
879.888306,3047.6
880.005249,3031.4
880.122314,3028.0
880.239319,3032.0
880.356323,3020.8
880.473328,3031.4
880.590271,3009.4
880.707275,3025.2
880.824341,3067.6
880.941284,3014.8
881.058228,3037.0
881.175232,3048.6
881.292236,3021.0
881.40918,3059.4
881.526123,3036.6
881.643066,3042.0
881.760071,3037.8
881.877014,3053.6
881.993958,3047.0
882.11084,3032.6
882.227783,3020.4
882.344727,3045.2
882.46167,3046.8
882.578613,3027.4
882.695618,3035.8
882.812439,3046.4
882.929382,3014.6
883.046326,3044.4
883.163208,3034.0
883.280151,3013.2
883.397034,3054.6
883.513916,3062.8
883.630798,3055.8
883.747742,3057.8
883.864563,3035.6
883.981506,3074.4
884.098389,3054.0
884.21521,3051.2
884.332153,3072.2
884.448975,3026.4
884.565796,3073.2
884.682678,3054.4
884.7995,3057.4
884.916443,3059.4
885.033264,3075.6
885.150085,3070.2
885.266968,3090.8
885.383789,3080.6
885.500671,3080.2
885.617493,3084.2
885.734314,3119.4
885.851196,3109.2
885.967896,3100.4
886.084717,3093.2
886.201599,3105.0
886.318359,3087.0
886.435181,3103.6
886.552002,3076.8
886.668762,3089.2
886.785645,3124.8
886.902344,3104.6
887.019165,3080.8
887.135925,3084.2
887.252747,3109.2
887.369446,3115.8
887.486267,3077.2
887.603027,3055.2
887.719788,3051.0
887.836548,3063.4
887.953247,3056.2
888.070068,3058.6
888.186829,3056.8
888.303528,3047.8
888.420288,3060.0
888.536987,3033.2
888.653687,3042.6
888.770447,3045.6
888.887146,3050.2
889.003967,3057.6
889.120667,3048.8
889.237305,3061.4
889.354065,3060.6
889.470703,3039.8
889.587463,3010.4
889.704163,3040.8
889.820862,3011.0
889.937561,3058.4
890.054199,3014.6
890.170837,3042.6
890.287598,3050.4
890.404236,3047.6
890.520874,3046.8
890.637634,3063.2
890.754211,3052.8
890.87085,3067.8
890.987549,3061.4
891.104187,3073.2
891.220886,3035.0
891.337463,3062.8
891.454102,3068.6
891.57074,3037.2
891.687378,3037.2
891.804077,3056.2
891.920654,3016.0
892.037231,3055.2
892.15387,3063.6
892.270447,3032.4
892.387085,3060.0
892.503723,3025.8
892.6203,3050.8
892.736877,3027.6
892.853516,3063.8
892.970032,3052.8
893.08667,3070.0
893.203186,3042.4
893.319763,3038.6
893.43634,3050.0
893.552917,3049.2
893.669556,3114.4
893.786011,3047.2
893.902588,3067.2
894.019165,3070.4
894.135681,3051.0
894.252197,3073.8
894.368835,3071.2
894.485291,3064.6
894.601868,3066.4
894.718384,3087.0
894.8349,3041.4
894.951355,3046.8
895.067932,3057.4
895.184448,3068.8
895.300964,3053.0
895.417419,3094.2
895.533936,3072.4
895.650452,3082.2
895.766907,3050.0
895.883423,3074.0
895.999878,3056.8
896.116333,3067.8
896.232849,3064.2
896.349304,3071.4
896.465759,3067.4
896.582214,3050.0
896.698669,3061.4
896.815125,3072.8
896.931641,3052.4
897.048035,3058.8
897.164551,3061.8
897.280884,3071.4
897.397339,3086.0
897.513794,3066.6
897.630249,3100.2
897.746582,3082.2
897.863098,3077.6
897.979431,3087.8
898.095886,3104.2
898.212341,3086.4
898.328674,3064.0
898.445129,3102.8
898.561462,3086.6
898.677795,3102.0
898.794312,3094.2
898.910645,3041.0
899.026978,3087.0
899.143433,3082.8
899.259766,3063.8
899.37616,3069.6
899.492493,3094.4
899.608765,3060.8
899.725159,3095.8
899.841553,3069.4
899.957947,3050.8
900.07428,3051.2
900.190552,3096.2
900.306946,3078.8
900.423157,3097.2
900.53949,3089.4
900.655884,3073.0
900.772156,3099.0
900.888489,3096.6
901.004822,3086.8
901.121033,3070.8
901.237366,3064.4
901.353699,3126.0
901.46991,3066.2
901.586304,3083.0
901.702515,3076.2
901.818787,3108.6
901.93512,3094.8
902.051331,3093.2
902.167603,3125.2
902.283875,3137.0
902.400085,3102.0
902.516418,3089.6
902.632629,3090.0
902.74884,3086.8
902.865112,3106.8
902.981384,3095.0
903.097595,3125.0
903.213867,3129.0
903.330017,3107.4
903.446289,3099.8
903.5625,3101.8
903.67865,3133.4
903.794922,3116.4
903.911072,3108.2
904.027344,3118.6
904.143494,3101.0
904.259705,3123.2
904.375916,3107.0
904.492065,3139.6
904.608215,3092.8
904.724426,3107.2
904.840576,3102.2
904.956726,3104.8
905.072876,3104.8
905.189087,3079.0
905.305176,3079.4
905.421387,3096.0
905.537537,3114.0
905.653687,3113.2
905.769775,3108.4
905.885925,3111.8
906.002014,3101.0
906.118164,3108.4
906.234314,3070.2
906.350403,3111.2
906.466492,3078.4
906.582642,3101.2
906.69873,3091.0
906.814758,3087.8
906.930908,3082.8
907.046936,3096.8
907.163086,3101.4
907.279175,3098.6
907.395264,3098.8
907.511353,3110.8
907.62738,3075.6
907.743408,3071.6
907.859497,3092.4
907.975525,3113.8
908.091553,3078.6
908.207703,3084.6
908.32373,3098.6
908.439758,3123.2
908.555786,3094.4
908.671814,3093.8
908.787842,3092.8
908.90387,3111.6
909.019775,3065.6
909.135864,3069.0
909.251892,3084.8
909.367859,3078.0
909.483826,3100.0
909.599854,3086.2
909.715881,3109.0
909.831848,3054.6
909.947815,3069.0
910.063782,3081.0
910.179749,3089.4
910.295776,3079.0
910.411743,3086.4
910.527649,3098.0
910.643616,3094.4
910.759583,3102.2
910.875488,3130.6
910.991455,3118.8
911.107361,3092.2
911.223267,3106.4
911.339294,3108.4
911.4552,3107.4
911.571106,3103.0
911.687073,3101.0
911.802979,3093.4
911.918823,3078.6
912.034729,3080.0
912.150635,3090.2
912.266602,3085.2
912.382446,3077.2
912.498352,3029.0
912.614197,3073.0
912.730103,3053.4
912.846008,3083.8
792.44574,5793.6
792.56488,5688.6
792.68396,5664.8
792.80304,5541.2
792.92218,5538.2
793.041199,5442.2
793.160339,5450.2
793.279419,5393.0
793.398499,5409.2
793.517578,5302.0
793.636658,5219.8
793.755737,5224.8
793.874817,5159.4
793.993896,5153.0
794.112976,5142.4
794.232056,5156.4
794.351074,5161.2
794.470215,5133.2
794.589233,5077.0
794.708313,5020.4
794.827393,5008.6
794.946411,4923.4
795.065552,4915.8
795.18457,4931.4
795.303589,4956.6
795.422668,4851.4
795.541687,4827.4
795.660767,4856.4
795.779846,4815.2
795.898865,4772.2
796.017883,4751.4
796.136963,4720.8
796.255981,4746.8
796.375061,4710.4
796.49408,4708.2
796.613037,4697.4
796.732117,4644.0
796.851135,4635.2
796.970154,4600.2
797.089233,4575.2
797.208191,4593.0
797.327271,4560.4
797.446228,4565.0
797.565186,4577.2
797.684265,4569.4
797.803223,4563.0
797.922241,4510.8
798.04126,4512.2
798.160278,4487.2
798.279297,4490.4
798.398315,4492.0
798.517273,4460.4
798.636292,4489.0
798.75531,4478.4
798.874268,4452.4
798.993286,4455.6
799.112244,4455.6
799.231323,4444.6
799.350281,4459.6
799.469238,4505.6
799.588257,4440.4
799.707153,4472.2
799.826111,4428.2
799.945129,4454.0
800.064087,4457.2
800.183044,4439.0
800.302063,4437.0
800.421021,4433.8
800.539978,4388.0
800.658936,4351.4
800.777893,4432.4
800.896912,4396.4
801.015747,4386.8
801.134705,4367.2
801.253723,4380.6
801.37262,4348.0
801.491638,4380.8
801.610535,4366.4
801.729492,4328.4
801.84845,4346.4
801.967407,4363.0
802.086243,4382.2
802.205261,4366.4
802.324158,4332.2
802.443115,4363.2
802.562073,4341.4
802.680969,4361.8
802.799927,4350.8
802.918762,4363.0
803.037659,4377.8
803.156677,4415.4
803.275574,4374.8
803.39447,4357.4
803.513428,4320.0
803.632263,4325.6
803.751221,4316.8
803.870117,4351.6
803.989014,4364.2
804.107971,4323.0
804.226746,4403.6
804.345642,4333.6
804.4646,4355.4
804.583496,4333.8
804.702393,4320.8
804.821228,4356.8
804.940125,4377.8
805.059021,4351.2
805.177917,4336.8
805.296814,4401.6
805.415649,4387.6
805.534546,4436.6
805.653442,4364.0
805.772278,4425.6
805.891113,4415.0
806.01001,4413.0
806.128906,4368.2
806.247742,4350.4
806.366577,4326.0
806.485413,4344.0
806.604309,4351.2
806.723145,4337.6
806.84198,4398.2
806.960876,4328.8
807.079712,4349.6
807.198486,4332.2
807.317383,4335.2
807.436218,4299.6
807.554993,4331.8
807.673889,4341.4
807.792725,4304.8
807.91156,4319.6
808.030396,4334.6
808.14917,4335.2
808.268005,4347.2
808.386841,4294.6
808.505676,4339.0
808.624451,4343.2
808.743286,4273.4
808.862122,4320.2
808.980896,4310.6
809.099731,4289.0
809.218506,4315.8
809.337341,4313.4
809.456116,4314.4
809.57489,4330.4
809.693726,4316.6
809.8125,4305.6
809.931274,4289.6
810.050049,4306.2
810.168884,4314.4
810.287659,4295.0
810.406372,4262.6
810.525269,4287.2
810.643982,4267.2
810.762756,4297.6
810.881531,4251.8
811.000305,4264.4
811.11908,4250.6
811.237854,4263.4
811.356567,4240.2
811.475403,4276.4
811.594116,4213.8
811.71283,4259.0
811.831604,4278.0
811.950378,4276.6
812.069153,4243.2
812.187927,4259.8
812.30658,4240.2
812.425415,4234.8
812.544128,4230.2
812.662781,4197.0
812.781616,4236.6
812.900269,4238.6
813.019043,4221.0
813.137756,4224.4
813.256531,4222.0
813.375244,4225.8
813.493896,4223.6
813.612671,4184.2
813.731384,4202.6
813.850037,4196.6
813.96875,4169.0
814.087524,4174.4
814.206238,4149.6
814.324951,4192.0
814.443604,4139.4
814.562256,4167.4
814.68103,4169.8
814.799683,4142.6
814.918335,4127.2
815.037109,4185.0
815.155762,4193.8
815.274475,4174.8
815.393188,4160.0
815.511841,4118.2
815.630554,4194.0
815.749146,4134.0
815.867859,4135.2
815.986572,4128.2
816.105164,4118.8
816.223877,4111.0
816.342529,4154.0
816.461182,4162.2
816.579895,4161.0
816.698486,4180.8
816.817139,4182.2
816.935791,4174.8
817.054504,4152.6
817.173096,4129.8
817.291748,4130.8
817.4104,4179.8
817.529053,4144.0
817.647644,4138.0
817.766235,4088.2
817.884949,4112.2
818.00354,4113.2
818.122192,4094.8
818.240845,4092.8
818.359436,4095.6
818.478088,4101.2
818.59668,4100.8
818.715271,4049.8
818.833923,4079.6
818.952515,4107.0
819.071106,4058.8
819.189758,4095.0
819.30835,4059.4
819.426941,4066.2
819.545532,4038.8
819.664124,4071.0
819.782715,4044.0
819.901306,4025.8
820.019897,4010.8
820.138489,4033.0
820.25708,4037.0
820.375671,4058.4
820.494202,4046.8
820.612732,4049.2
820.731384,4037.6
820.849915,3983.6
820.968506,4012.4
821.087097,3998.4
821.205627,4046.6
821.324158,3991.4
821.442749,3988.2
821.561279,3979.4
821.679871,3970.0
821.798401,3963.8
821.916931,3964.0
822.035461,3971.4
822.154053,3973.0
822.272583,3948.4
822.391174,3935.2
822.509583,3917.2
822.628174,3912.2
822.746704,3922.0
822.865234,3950.0
822.983765,3948.8
823.102295,3958.4
823.220825,3929.6
823.339294,3914.2
823.457825,3935.4
823.576355,3938.2
823.694824,3954.2
823.813354,3933.6
823.931885,3924.2
824.050354,3919.4
824.168884,3978.8
824.287354,3899.6
824.405823,3920.0
824.524353,3953.4
824.642822,3937.0
824.761353,3916.8
824.879822,3922.6
824.998291,3919.8
825.116699,3899.0
825.235291,3957.0
825.353699,3912.0
825.472168,3873.4
825.590637,3917.2
825.709106,3880.4
825.827576,3886.6
825.946045,3920.0
826.064453,3919.4
826.182983,3876.4
826.301392,3878.8
826.4198,3905.0
826.53833,3871.2
826.656738,3898.0
826.775208,3864.2
826.893677,3891.2
827.012024,3874.2
827.130493,3830.0
827.248962,3831.2
827.36731,3848.6
827.485779,3852.4
827.604248,3823.8
827.722595,3842.4
827.841064,3837.8
827.959412,3827.8
828.077942,3808.0
828.196289,3834.6
828.314636,3777.8
828.433105,3759.8
828.551514,3765.8
828.669861,3836.4
828.78833,3774.0
828.906677,3816.6
829.025085,3836.2
829.143433,3804.4
829.261841,3813.4
829.38031,3791.8
829.498657,3767.0
829.617004,3820.4
829.735413,3776.4
829.85376,3816.2
829.972107,3798.0
830.090515,3789.8
830.208862,3797.4
830.327209,3750.2
830.445557,3760.8
830.563904,3807.8
830.682312,3795.2
830.800659,3780.0
830.919006,3818.4
831.037354,3771.0
831.155701,3823.2
831.274048,3802.6
831.392395,3773.0
831.51062,3782.6
831.629028,3789.2
831.747314,3801.2
831.865662,3786.8
831.984009,3802.4
832.102356,3798.6
832.220642,3799.0
832.338928,3771.6
832.457275,3775.2
832.575623,3787.0
832.693909,3759.6
832.812134,3775.0
832.930481,3799.2
833.048828,3759.0
833.167114,3769.0
833.2854,3753.0
833.403687,3764.8
833.521973,3726.6
833.640259,3735.4
833.758545,3787.4
833.876831,3786.0
833.995056,3780.0
834.113281,3772.0
834.231628,3775.4
834.349915,3732.4
834.468201,3791.8
834.586426,3772.6
834.704651,3801.8
834.822998,3773.6
834.941162,3839.2
835.059448,3789.4
835.177673,3805.4
835.295959,3805.6
835.414246,3784.0
835.53241,3763.4
835.650635,3783.8
835.768921,3733.6
835.887146,3766.4
836.005371,3778.8
836.123596,3752.0
836.241821,3770.0
836.360046,3762.2
836.478271,3777.4
836.596497,3741.0
836.714722,3753.8
836.832886,3732.2
836.95105,3727.2
837.069336,3755.6
837.1875,3743.4
837.305725,3749.0
837.423889,3737.4
837.542053,3761.0
837.660339,3729.8
837.778503,3791.8
837.896667,3738.4
838.014832,3753.6
838.132996,3709.0
838.25116,3735.4
838.369385,3730.4
838.487488,3780.0
838.605713,3769.6
838.723877,3783.2
838.84198,3750.8
838.960205,3734.0
839.078308,3754.2
839.196472,3770.2
839.314636,3756.6
839.4328,3802.6
839.550964,3755.4
839.669067,3749.4
839.787231,3726.2
839.905396,3738.6
840.023499,3759.4
840.141602,3732.8
840.259766,3742.0
840.377869,3755.4
840.495972,3732.6
840.614136,3742.6
840.732239,3743.4
840.850342,3677.6
840.968445,3691.4
841.086548,3702.0
841.204651,3711.2
841.322754,3699.8
841.440918,3729.0
841.55896,3719.2
841.677002,3728.6
841.795166,3756.8
841.913208,3747.6
842.031311,3733.4
842.149353,3738.0
842.267456,3734.4
842.385498,3723.6
842.503601,3735.0
842.621643,3726.0
842.739746,3712.4
842.857788,3723.2
842.97583,3773.6
843.093933,3747.8
843.211975,3794.8
843.330017,3775.2
843.44812,3784.4
843.566101,3768.6
843.684204,3726.2
843.802246,3759.0
843.920227,3768.8
844.038269,3801.2
844.156311,3798.2
844.274292,3766.4
844.392395,3772.8
844.510376,3782.8
844.628357,3769.8
844.74646,3761.2
844.864441,3749.8
844.982422,3745.6
845.100403,3734.0
845.218384,3718.0
845.336426,3699.8
845.454468,3751.6
845.572449,3757.0
845.69043,3747.2
845.808411,3681.8
845.926453,3736.2
846.044373,3738.2
846.162354,3730.2
846.280396,3732.6
846.398315,3702.8
846.516296,3727.2
846.634216,3720.8
846.752197,3708.2
846.870178,3755.8
846.988098,3733.4
847.106079,3731.0
847.22406,3726.8
847.34198,3739.0
847.4599,3730.0
847.577881,3719.6
847.695801,3731.8
847.813782,3724.2
847.931641,3738.8
848.049561,3728.0
848.167603,3684.6
848.285461,3730.8
848.403381,3711.2
848.521362,3763.6
848.639221,3764.0
848.75708,3735.8
848.875,3762.8
848.99292,3738.8
849.110901,3736.2
849.22876,3727.6
849.34668,3705.4
849.464539,3707.8
849.582458,3688.8
849.700317,3714.0
849.818176,3736.0
849.936096,3694.4
850.053955,3722.0
850.171875,3756.0
850.289673,3707.6
850.407593,3713.0
850.525452,3743.6
850.643311,3739.4
850.761169,3704.0
850.878967,3716.8
850.996887,3717.0
851.114746,3731.6
851.232544,3710.6
851.350403,3758.0
851.468262,3719.8
851.58606,3742.4
851.703979,3736.6
851.821777,3751.8
851.939636,3729.8
852.057434,3728.6
852.175232,3756.4
852.293091,3768.2
852.410889,3786.4
852.528687,3791.8
852.646545,3768.4
852.764343,3776.4
852.88208,3748.8
852.999939,3723.8
853.117676,3738.2
853.235535,3714.0
853.353271,3708.2
853.471069,3724.2
853.588928,3691.8
853.706604,3683.6
853.824402,3730.6
853.9422,3731.2
854.059998,3715.8
854.177734,3749.6
854.295532,3727.6
854.413269,3743.6
854.531006,3738.0
854.648804,3733.2
854.766541,3776.2
854.884277,3748.0
855.002014,3786.8
855.119751,3783.8
855.237549,3783.8
855.355225,3789.4
855.473022,3790.2
855.590698,3821.8
855.708435,3784.0
855.826172,3778.4
855.943848,3786.2
856.061646,3789.6
856.179321,3768.0
856.296997,3762.2
856.414795,3792.0
856.53241,3777.2
856.650085,3780.6
856.767822,3773.0
856.885559,3789.8
857.003174,3748.0
857.120911,3768.8
857.238586,3714.6
857.356201,3764.2
857.473938,3720.8
857.591614,3709.0
857.709351,3717.0
857.826965,3733.2
857.944641,3724.4
858.062317,3708.2
858.179993,3759.4
858.297668,3706.6
858.415283,3695.8
858.532959,3709.2
858.650574,3713.0
858.768188,3724.8
858.885803,3711.4
859.003479,3696.2
859.121094,3705.8
859.23877,3676.4
859.356384,3695.8
859.473999,3683.0
859.591675,3689.8
859.709229,3685.2
859.826843,3695.2
859.944458,3672.8
860.062012,3706.4
860.179626,3683.2
860.297302,3688.8
860.414856,3653.4
860.532471,3656.6
860.650024,3687.6
860.767639,3670.4
860.885193,3681.4
861.002808,3670.2
861.120361,3710.4
861.237976,3675.6
861.35553,3670.0
861.473022,3678.4
861.590698,3685.8
861.708191,3671.0
861.825745,3636.2
861.943298,3640.2
862.060852,3640.4
862.178406,3666.8
862.295959,3631.4
862.413513,3630.2
862.531006,3664.4
862.64856,3640.4
862.766113,3628.2
862.883667,3639.8
863.00116,3600.0
863.118713,3623.2
863.236206,3626.4
863.353699,3643.8
863.471252,3660.6
863.588745,3657.0
863.706177,3616.4
863.82373,3651.6
863.941162,3631.0
864.058716,3662.0
864.176208,3609.6
864.29364,3666.8
864.411194,3656.2
864.528687,3591.6
864.646118,3654.8
864.763611,3578.4
864.881042,3624.6
864.998535,3620.0
865.116028,3646.6
865.233459,3650.0
865.350891,3621.0
865.468384,3615.8
865.585754,3633.6
865.703308,3604.4
865.820679,3636.4
865.938171,3650.6
866.055542,3592.0
866.173035,3660.4
866.290466,3642.8
866.407837,3607.0
866.52533,3615.2
866.6427,3676.2
866.760071,3639.4
866.877563,3659.6
866.994934,3625.4
867.112305,3620.2
867.229736,3604.4
867.347107,3637.8
867.464539,3619.6
867.58197,3659.8
867.699341,3644.0
867.81665,3619.4
867.934082,3619.8
868.051453,3646.6
868.168823,3629.4
868.286194,3653.4
868.403564,3666.2
868.520935,3649.0
868.638306,3655.2
868.755676,3661.4
868.872986,3628.6
868.990295,3668.8
869.107727,3650.4
869.225037,3624.2
869.342346,3638.8
869.459717,3650.4
869.577026,3617.8
869.694336,3645.6
869.811707,3614.8
869.929016,3620.6
870.046326,3661.8
870.163635,3634.2
870.280945,3620.0
870.398254,3645.4
870.515564,3633.2
870.632812,3601.0
870.750183,3616.4
870.867432,3616.2
870.984741,3634.6
871.102051,3621.0
871.219299,3663.6
871.336609,3654.0
871.453918,3658.4
871.571106,3624.0
871.688416,3679.8
871.805664,3641.0
871.922852,3650.4
872.040222,3646.8
872.157471,3680.8
872.274719,3645.6
872.391968,3646.6
872.509155,3637.0
872.626465,3635.2
872.743652,3649.4
872.860962,3631.4
872.978149,3608.6
873.095337,3706.0
873.212646,3673.0
873.329834,3620.8
873.44696,3641.8
873.564209,3658.8
873.681396,3630.8
873.798645,3628.2
873.915894,3630.4
874.03302,3622.8
874.150208,3638.8
874.267456,3612.4
874.384583,3627.8
874.501831,3648.2
874.618958,3643.0
874.736145,3615.0
874.853333,3628.8
874.970459,3662.2
875.087646,3649.2
875.204834,3643.6
875.32196,3677.8
875.439148,3633.0
875.556274,3640.0
875.673401,3658.2
875.790527,3621.0
875.907715,3648.2
876.024841,3621.0
876.141968,3655.6
876.259094,3633.4
876.376282,3608.0
876.493347,3627.0
876.610474,3616.6
876.7276,3631.0
876.844727,3608.0
876.961853,3635.4
877.078918,3703.4
877.195984,3663.2
877.313171,3659.4
877.430237,3633.8
877.547302,3689.0
877.664368,3636.8
877.781433,3661.4
877.898499,3685.2
878.015625,3642.6
878.13269,3641.6
878.249695,3636.2
878.366821,3645.8
878.483887,3630.8
878.600952,3613.6
878.717957,3644.8
878.834961,3649.4
878.952087,3622.2
879.069092,3614.0
879.186157,3637.4
879.303162,3572.4
879.420227,3603.8
879.537231,3607.6
879.654236,3598.4
879.77124,3592.0
879.888306,3587.2
880.005249,3596.2
880.122314,3574.4
880.239319,3546.6
880.356323,3601.6
880.473328,3589.6
880.590271,3544.4
880.707275,3594.0
880.824341,3579.6
880.941284,3527.6
881.058228,3556.6
881.175232,3616.2
881.292236,3584.6
881.40918,3599.2
881.526123,3624.0
881.643066,3577.2
881.760071,3591.0
881.877014,3601.0
881.993958,3594.2
882.11084,3560.4
882.227783,3586.2
882.344727,3573.8
882.46167,3559.8
882.578613,3530.2
882.695618,3541.6
882.812439,3550.8
882.929382,3556.4
883.046326,3605.2
883.163208,3579.6
883.280151,3557.6
883.397034,3546.8
883.513916,3610.0
883.630798,3626.0
883.747742,3577.6
883.864563,3603.4
883.981506,3621.6
884.098389,3599.2
884.21521,3602.0
884.332153,3594.2
884.448975,3566.6
884.565796,3607.4
884.682678,3595.0
884.7995,3607.8
884.916443,3605.6
885.033264,3681.4
885.150085,3605.6
885.266968,3634.6
885.383789,3675.4
885.500671,3718.2
885.617493,3708.6
885.734314,3674.4
885.851196,3670.2
885.967896,3704.0
886.084717,3648.4
886.201599,3708.8
886.318359,3687.4
886.435181,3689.2
886.552002,3666.0
886.668762,3634.6
886.785645,3661.0
886.902344,3686.0
887.019165,3598.6
887.135925,3635.4
887.252747,3643.6
887.369446,3615.4
887.486267,3609.0
887.603027,3595.2
887.719788,3616.0
887.836548,3593.2
887.953247,3566.6
888.070068,3578.2
888.186829,3584.8
888.303528,3556.6
888.420288,3561.6
888.536987,3563.0
888.653687,3604.4
888.770447,3579.6
888.887146,3513.0
889.003967,3607.6
889.120667,3546.6
889.237305,3548.2
889.354065,3560.2
889.470703,3545.6
889.587463,3561.8
889.704163,3556.2
889.820862,3529.0
889.937561,3527.0
890.054199,3549.6
890.170837,3493.2
890.287598,3520.2
890.404236,3534.0
890.520874,3526.0
890.637634,3544.0
890.754211,3549.0
890.87085,3521.8
890.987549,3542.0
891.104187,3523.6
891.220886,3562.4
891.337463,3527.2
891.454102,3538.4
891.57074,3538.6
891.687378,3561.8
891.804077,3574.8
891.920654,3502.2
892.037231,3494.6
892.15387,3536.2
892.270447,3528.4
892.387085,3536.6
892.503723,3504.4
892.6203,3503.6
892.736877,3496.0
892.853516,3519.2
892.970032,3537.4
893.08667,3522.2
893.203186,3550.0
893.319763,3523.0
893.43634,3505.4
893.552917,3533.8
893.669556,3543.0
893.786011,3536.2
893.902588,3536.8
894.019165,3527.8
894.135681,3521.4
894.252197,3514.6
894.368835,3554.4
894.485291,3540.0
894.601868,3505.0
894.718384,3567.2
894.8349,3497.4
894.951355,3554.2
895.067932,3533.0
895.184448,3536.4
895.300964,3553.2
895.417419,3546.2
895.533936,3538.2
895.650452,3574.2
895.766907,3533.0
895.883423,3555.6
895.999878,3522.8
896.116333,3577.6
896.232849,3533.0
896.349304,3507.6
896.465759,3536.8
896.582214,3501.2
896.698669,3525.2
896.815125,3502.6
896.931641,3501.0
897.048035,3522.0
897.164551,3524.8
897.280884,3575.4
897.397339,3522.6
897.513794,3528.6
897.630249,3562.2
897.746582,3556.4
897.863098,3578.8
897.979431,3577.2
898.095886,3548.8
898.212341,3554.4
898.328674,3561.0
898.445129,3566.4
898.561462,3554.6
898.677795,3536.0
898.794312,3528.6
898.910645,3535.4
899.026978,3555.0
899.143433,3532.8
899.259766,3507.8
899.37616,3515.8
899.492493,3528.6
899.608765,3509.2
899.725159,3537.6
899.841553,3518.2
899.957947,3582.2
900.07428,3548.4
900.190552,3525.2
900.306946,3531.4
900.423157,3546.6
900.53949,3512.2
900.655884,3538.6
900.772156,3529.4
900.888489,3561.6
901.004822,3525.0
901.121033,3521.8
901.237366,3540.4
901.353699,3519.4
901.46991,3531.0
901.586304,3553.4
901.702515,3525.8
901.818787,3533.6
901.93512,3509.0
902.051331,3524.2
902.167603,3553.0
902.283875,3555.4
902.400085,3524.2
902.516418,3539.4
902.632629,3526.2
902.74884,3515.2
902.865112,3563.6
902.981384,3540.6
903.097595,3548.4
903.213867,3569.6
903.330017,3569.0
903.446289,3555.2
903.5625,3538.0
903.67865,3596.2
903.794922,3571.0
903.911072,3528.2
904.027344,3538.2
904.143494,3540.8
904.259705,3525.8
904.375916,3496.6
904.492065,3508.6
904.608215,3507.0
904.724426,3495.6
904.840576,3499.4
904.956726,3500.8
905.072876,3499.4
905.189087,3508.6
905.305176,3514.2
905.421387,3517.0
905.537537,3538.0
905.653687,3537.4
905.769775,3498.8
905.885925,3547.4
906.002014,3521.8
906.118164,3495.0
906.234314,3515.4
906.350403,3501.4
906.466492,3507.4
906.582642,3477.6
906.69873,3473.0
906.814758,3501.4
906.930908,3482.2
907.046936,3477.4
907.163086,3491.6
907.279175,3474.2
907.395264,3484.0
907.511353,3475.4
907.62738,3475.8
907.743408,3504.4
907.859497,3475.8
907.975525,3512.6
908.091553,3499.8
908.207703,3476.4
908.32373,3509.6
908.439758,3512.0
908.555786,3488.0
908.671814,3505.8
908.787842,3492.0
908.90387,3496.2
909.019775,3499.8
909.135864,3475.6
909.251892,3465.8
909.367859,3461.2
909.483826,3486.4
909.599854,3467.4
909.715881,3452.2
909.831848,3469.8
909.947815,3453.0
910.063782,3492.2
910.179749,3434.2
910.295776,3476.6
910.411743,3455.4
910.527649,3501.2
910.643616,3497.6
910.759583,3481.0
910.875488,3474.6
910.991455,3465.0
911.107361,3490.4
911.223267,3481.6
911.339294,3461.4
911.4552,3473.8
911.571106,3428.0
911.687073,3473.4
911.802979,3444.0
911.918823,3459.6
912.034729,3457.8
912.150635,3451.4
912.266602,3451.0
912.382446,3442.6
912.498352,3418.6
912.614197,3426.4
912.730103,3412.0
912.846008,3444.0
792.44574,4562.8
792.56488,4495.6
792.68396,4505.8
792.80304,4430.6
792.92218,4365.6
793.041199,4326.0
793.160339,4287.2
793.279419,4300.8
793.398499,4284.6
793.517578,4236.2
793.636658,4182.2
793.755737,4212.0
793.874817,4163.8
793.993896,4145.6
794.112976,4109.6
794.232056,4076.6
794.351074,4079.4
794.470215,4053.2
794.589233,3993.2
794.708313,3996.4
794.827393,3979.8
794.946411,3972.0
795.065552,3957.0
795.18457,3897.8
795.303589,3961.6
795.422668,3888.4
795.541687,3899.6
795.660767,3892.6
795.779846,3845.4
795.898865,3860.8
796.017883,3823.8
796.136963,3814.0
796.255981,3813.6
796.375061,3806.6
796.49408,3809.0
796.613037,3824.6
796.732117,3778.4
796.851135,3740.8
796.970154,3742.0
797.089233,3712.8
797.208191,3711.4
797.327271,3719.2
797.446228,3709.2
797.565186,3683.6
797.684265,3687.4
797.803223,3672.0
797.922241,3656.0
798.04126,3698.6
798.160278,3673.4
798.279297,3663.4
798.398315,3648.8
798.517273,3648.2
798.636292,3661.0
798.75531,3667.2
798.874268,3661.2
798.993286,3646.0
799.112244,3620.6
799.231323,3618.4
799.350281,3632.0
799.469238,3636.4
799.588257,3635.6
799.707153,3615.8
799.826111,3622.8
799.945129,3580.2
800.064087,3619.0
800.183044,3592.2
800.302063,3587.4
800.421021,3605.2
800.539978,3582.0
800.658936,3574.8
800.777893,3606.0
800.896912,3602.6
801.015747,3594.0
801.134705,3565.0
801.253723,3578.8
801.37262,3566.8
801.491638,3590.6
801.610535,3583.4
801.729492,3536.6
801.84845,3531.2
801.967407,3571.4
802.086243,3562.4
802.205261,3565.6
802.324158,3540.4
802.443115,3548.6
802.562073,3553.8
802.680969,3570.2
802.799927,3529.4
802.918762,3531.4
803.037659,3537.4
803.156677,3568.6
803.275574,3514.0
803.39447,3549.0
803.513428,3520.0
803.632263,3538.6
803.751221,3519.2
803.870117,3553.2
803.989014,3523.4
804.107971,3503.0
804.226746,3519.0
804.345642,3540.2
804.4646,3522.4
804.583496,3520.4
804.702393,3533.4
804.821228,3521.2
804.940125,3553.6
805.059021,3522.8
805.177917,3541.6
805.296814,3532.6
805.415649,3572.6
805.534546,3549.0
805.653442,3513.0
805.772278,3564.4
805.891113,3521.8
806.01001,3549.2
806.128906,3515.6
806.247742,3534.4
806.366577,3505.8
806.485413,3523.0
806.604309,3505.8
806.723145,3497.4
806.84198,3534.8
806.960876,3516.2
807.079712,3503.6
807.198486,3516.2
807.317383,3514.8
807.436218,3500.6
807.554993,3518.4
807.673889,3464.6
807.792725,3479.6
807.91156,3487.0
808.030396,3486.0
808.14917,3473.0
808.268005,3487.2
808.386841,3492.4
808.505676,3500.2
808.624451,3481.0
808.743286,3458.2
808.862122,3486.4
808.980896,3473.2
809.099731,3493.0
809.218506,3492.2
809.337341,3471.6
809.456116,3498.2
809.57489,3491.0
809.693726,3499.2
809.8125,3483.8
809.931274,3507.4
810.050049,3489.8
810.168884,3469.4
810.287659,3470.2
810.406372,3472.6
810.525269,3465.2
810.643982,3458.0
810.762756,3466.8
810.881531,3444.2
811.000305,3438.2
811.11908,3472.4
811.237854,3448.0
811.356567,3467.6
811.475403,3466.2
811.594116,3457.4
811.71283,3467.0
811.831604,3478.8
811.950378,3501.4
812.069153,3460.6
812.187927,3484.0
812.30658,3451.8
812.425415,3449.4
812.544128,3451.0
812.662781,3450.2
812.781616,3437.0
812.900269,3438.6
813.019043,3458.0
813.137756,3406.6
813.256531,3434.6
813.375244,3391.6
813.493896,3425.6
813.612671,3443.8
813.731384,3403.4
813.850037,3421.2
813.96875,3409.0
814.087524,3399.4
814.206238,3421.4
814.324951,3390.2
814.443604,3385.6
814.562256,3437.6
814.68103,3395.4
814.799683,3394.6
814.918335,3423.4
815.037109,3391.8
815.155762,3390.4
815.274475,3400.8
815.393188,3395.4
815.511841,3396.6
815.630554,3364.6
815.749146,3365.4
815.867859,3360.4
815.986572,3372.6
816.105164,3395.8
816.223877,3377.8
816.342529,3374.6
816.461182,3396.0
816.579895,3401.2
816.698486,3416.2
816.817139,3380.2
816.935791,3403.6
817.054504,3366.6
817.173096,3364.6
817.291748,3384.8
817.4104,3384.4
817.529053,3351.8
817.647644,3339.0
817.766235,3362.8
817.884949,3353.0
818.00354,3326.0
818.122192,3349.6
818.240845,3340.4
818.359436,3286.8
818.478088,3326.8
818.59668,3308.6
818.715271,3330.0
818.833923,3282.0
818.952515,3306.6
819.071106,3278.8
819.189758,3288.8
819.30835,3285.4
819.426941,3299.8
819.545532,3325.4
819.664124,3284.8
819.782715,3281.8
819.901306,3298.8
820.019897,3268.4
820.138489,3303.2
820.25708,3302.4
820.375671,3295.2
820.494202,3274.8
820.612732,3264.0
820.731384,3271.0
820.849915,3251.4
820.968506,3257.2
821.087097,3276.2
821.205627,3252.2
821.324158,3247.0
821.442749,3256.8
821.561279,3233.8
821.679871,3230.6
821.798401,3212.4
821.916931,3248.4
822.035461,3260.6
822.154053,3236.6
822.272583,3208.4
822.391174,3193.4
822.509583,3225.0
822.628174,3222.8
822.746704,3225.0
822.865234,3186.8
822.983765,3205.6
823.102295,3211.6
823.220825,3234.4
823.339294,3210.4
823.457825,3229.0
823.576355,3186.0
823.694824,3229.8
823.813354,3204.2
823.931885,3200.0
824.050354,3237.2
824.168884,3211.6
824.287354,3195.8
824.405823,3151.2
824.524353,3204.6
824.642822,3197.8
824.761353,3248.8
824.879822,3203.6
824.998291,3188.8
825.116699,3180.0
825.235291,3238.2
825.353699,3174.2
825.472168,3206.0
825.590637,3178.2
825.709106,3196.8
825.827576,3159.6
825.946045,3202.8
826.064453,3178.8
826.182983,3160.6
826.301392,3170.2
826.4198,3168.8
826.53833,3161.6
826.656738,3170.8
826.775208,3164.0
826.893677,3152.4
827.012024,3170.4
827.130493,3168.4
827.248962,3167.4
827.36731,3161.0
827.485779,3134.6
827.604248,3184.2
827.722595,3135.8
827.841064,3097.4
827.959412,3138.8
828.077942,3123.2
828.196289,3114.0
828.314636,3116.2
828.433105,3128.2
828.551514,3109.2
828.669861,3130.4
828.78833,3101.8
828.906677,3112.8
829.025085,3129.0
829.143433,3147.4
829.261841,3130.0
829.38031,3128.0
829.498657,3111.0
829.617004,3124.0
829.735413,3118.4
829.85376,3100.2
829.972107,3114.6
830.090515,3115.2
830.208862,3122.6
830.327209,3125.8
830.445557,3088.4
830.563904,3116.8
830.682312,3092.0
830.800659,3129.6
830.919006,3130.8
831.037354,3112.0
831.155701,3124.0
831.274048,3101.6
831.392395,3105.0
831.51062,3122.0
831.629028,3075.0
831.747314,3124.2
831.865662,3093.4
831.984009,3111.0
832.102356,3136.6
832.220642,3101.0
832.338928,3091.6
832.457275,3119.6
832.575623,3097.8
832.693909,3116.8
832.812134,3080.6
832.930481,3105.0
833.048828,3114.6
833.167114,3098.8
833.2854,3084.6
833.403687,3097.2
833.521973,3083.6
833.640259,3102.0
833.758545,3092.0
833.876831,3097.0
833.995056,3082.6
834.113281,3107.8
834.231628,3106.0
834.349915,3062.8
834.468201,3119.0
834.586426,3101.4
834.704651,3110.8
834.822998,3085.0
834.941162,3116.6
835.059448,3154.6
835.177673,3127.6
835.295959,3124.4
835.414246,3124.6
835.53241,3114.4
835.650635,3090.6
835.768921,3101.6
835.887146,3103.2
836.005371,3128.8
836.123596,3069.8
836.241821,3063.2
836.360046,3125.0
836.478271,3126.0
836.596497,3091.6
836.714722,3094.4
836.832886,3067.2
836.95105,3082.0
837.069336,3110.0
837.1875,3082.2
837.305725,3055.4
837.423889,3101.4
837.542053,3123.4
837.660339,3100.0
837.778503,3104.2
837.896667,3065.2
838.014832,3066.2
838.132996,3102.2
838.25116,3123.8
838.369385,3080.4
838.487488,3095.6
838.605713,3075.2
838.723877,3093.4
838.84198,3071.6
838.960205,3069.6
839.078308,3091.6
839.196472,3108.6
839.314636,3086.6
839.4328,3109.6
839.550964,3097.0
839.669067,3072.4
839.787231,3069.6
839.905396,3095.4
840.023499,3079.6
840.141602,3090.4
840.259766,3054.8
840.377869,3090.4
840.495972,3063.0
840.614136,3069.2
840.732239,3069.0
840.850342,3048.4
840.968445,3055.6
841.086548,3064.6
841.204651,3067.6
841.322754,3078.8
841.440918,3072.4
841.55896,3091.2
841.677002,3093.4
841.795166,3106.2
841.913208,3049.4
842.031311,3105.4
842.149353,3083.4
842.267456,3080.6
842.385498,3102.0
842.503601,3072.6
842.621643,3077.8
842.739746,3082.4
842.857788,3058.0
842.97583,3089.6
843.093933,3078.0
843.211975,3117.6
843.330017,3098.0
843.44812,3121.6
843.566101,3082.4
843.684204,3080.4
843.802246,3100.6
843.920227,3091.0
844.038269,3096.6
844.156311,3084.2
844.274292,3109.4
844.392395,3105.2
844.510376,3104.8
844.628357,3071.2
844.74646,3083.8
844.864441,3085.8
844.982422,3100.6
845.100403,3090.6
845.218384,3092.6
845.336426,3040.8
845.454468,3106.8
845.572449,3108.6
845.69043,3085.4
845.808411,3047.8
845.926453,3097.6
846.044373,3031.6
846.162354,3050.4
846.280396,3065.2
846.398315,3024.8
846.516296,3050.0
846.634216,3055.2
846.752197,3054.4
846.870178,3067.0
846.988098,3048.6
847.106079,3072.8
847.22406,3083.4
847.34198,3083.6
847.4599,3093.8
847.577881,3086.4
847.695801,3066.6
847.813782,3095.2
847.931641,3081.0
848.049561,3106.2
848.167603,3049.4
848.285461,3047.8
848.403381,3077.6
848.521362,3070.0
848.639221,3060.4
848.75708,3109.0
848.875,3104.4
848.99292,3085.0
849.110901,3119.8
849.22876,3107.6
849.34668,3082.8
849.464539,3063.6
849.582458,3060.8
849.700317,3043.6
849.818176,3077.0
849.936096,3062.2
850.053955,3050.8
850.171875,3061.4
850.289673,3072.2
850.407593,3039.0
850.525452,3086.2
850.643311,3058.8
850.761169,3049.6
850.878967,3046.6
850.996887,3085.8
851.114746,3074.0
851.232544,3070.4
851.350403,3069.2
851.468262,3089.6
851.58606,3087.2
851.703979,3049.4
851.821777,3073.8
851.939636,3083.0
852.057434,3060.6
852.175232,3123.0
852.293091,3120.6
852.410889,3127.0
852.528687,3140.8
852.646545,3115.6
852.764343,3120.4
852.88208,3105.6
852.999939,3101.2
853.117676,3096.6
853.235535,3086.8
853.353271,3083.4
853.471069,3066.0
853.588928,3056.6
853.706604,3070.6
853.824402,3081.4
853.9422,3104.4
854.059998,3085.6
854.177734,3083.4
854.295532,3100.0
854.413269,3113.2
854.531006,3094.2
854.648804,3118.4
854.766541,3096.2
854.884277,3100.6
855.002014,3103.4
855.119751,3113.4
855.237549,3112.4
855.355225,3136.2
855.473022,3124.6
855.590698,3118.8
855.708435,3123.6
855.826172,3092.8
855.943848,3144.2
856.061646,3093.4
856.179321,3106.6
856.296997,3090.8
856.414795,3111.0
856.53241,3093.2
856.650085,3102.2
856.767822,3131.2
856.885559,3150.4
857.003174,3091.8
857.120911,3095.2
857.238586,3101.2
857.356201,3110.0
857.473938,3054.6
857.591614,3095.2
857.709351,3087.2
857.826965,3085.6
857.944641,3089.6
858.062317,3091.4
858.179993,3088.2
858.297668,3103.0
858.415283,3086.6
858.532959,3093.2
858.650574,3082.0
858.768188,3105.4
858.885803,3078.8
859.003479,3082.2
859.121094,3064.0
859.23877,3110.8
859.356384,3051.0
859.473999,3094.0
859.591675,3081.0
859.709229,3087.8
859.826843,3087.8
859.944458,3070.6
860.062012,3077.6
860.179626,3062.2
860.297302,3067.4
860.414856,3089.0
860.532471,3047.0
860.650024,3084.8
860.767639,3078.6
860.885193,3079.2
861.002808,3052.6
861.120361,3096.0
861.237976,3088.2
861.35553,3096.2
861.473022,3059.4
861.590698,3073.0
861.708191,3068.6
861.825745,3068.2
861.943298,3067.4
862.060852,3063.0
862.178406,3064.0
862.295959,3046.8
862.413513,3059.6
862.531006,3004.2
862.64856,3057.2
862.766113,3051.0
862.883667,3045.6
863.00116,3022.2
863.118713,3058.8
863.236206,3050.2
863.353699,3012.4
863.471252,3055.8
863.588745,3037.6
863.706177,3068.2
863.82373,3049.8
863.941162,3031.0
864.058716,3039.4
864.176208,3019.2
864.29364,3059.0
864.411194,3025.4
864.528687,3031.2
864.646118,3071.2
864.763611,3012.6
864.881042,3039.0
864.998535,3026.0
865.116028,3083.6
865.233459,3064.6
865.350891,3016.4
865.468384,3071.4
865.585754,3069.8
865.703308,3071.2
865.820679,3065.6
865.938171,3040.8
866.055542,3047.8
866.173035,3063.2
866.290466,3058.8
866.407837,3072.6
866.52533,3061.8
866.6427,3073.2
866.760071,3090.0
866.877563,3032.4
866.994934,3067.6
867.112305,3031.6
867.229736,3049.0
867.347107,3040.8
867.464539,3075.8
867.58197,3071.2
867.699341,3083.0
867.81665,3093.8
867.934082,3070.0
868.051453,3056.0
868.168823,3090.8
868.286194,3034.4
868.403564,3067.8
868.520935,3055.0
868.638306,3046.8
868.755676,3066.6
868.872986,3054.4
868.990295,3064.6
869.107727,3120.6
869.225037,3072.8
869.342346,3053.6
869.459717,3071.4
869.577026,3087.2
869.694336,3071.6
869.811707,3085.8
869.929016,3047.0
870.046326,3071.4
870.163635,3059.8
870.280945,3075.0
870.398254,3070.2
870.515564,3066.8
870.632812,3066.0
870.750183,3116.4
870.867432,3077.8
870.984741,3061.2
871.102051,3049.6
871.219299,3062.2
871.336609,3068.6
871.453918,3071.4
871.571106,3089.4
871.688416,3067.8
871.805664,3086.0
871.922852,3090.2
872.040222,3084.6
872.157471,3087.4
872.274719,3099.2
872.391968,3070.0
872.509155,3052.4
872.626465,3084.8
872.743652,3066.6
872.860962,3096.6
872.978149,3078.6
873.095337,3104.6
873.212646,3102.6
873.329834,3085.0
873.44696,3083.4
873.564209,3051.0
873.681396,3074.4
873.798645,3073.4
873.915894,3097.2
874.03302,3077.4
874.150208,3077.4
874.267456,3070.0
874.384583,3061.2
874.501831,3072.4
874.618958,3064.0
874.736145,3081.2
874.853333,3056.8
874.970459,3119.2
875.087646,3087.0
875.204834,3094.2
875.32196,3120.6
875.439148,3078.2
875.556274,3088.0
875.673401,3111.6
875.790527,3095.0
875.907715,3114.4
876.024841,3084.8
876.141968,3073.4
876.259094,3081.6
876.376282,3072.4
876.493347,3095.4
876.610474,3072.0
876.7276,3132.2
876.844727,3099.2
876.961853,3080.4
877.078918,3074.2
877.195984,3089.2
877.313171,3111.2
877.430237,3117.4
877.547302,3099.4
877.664368,3096.0
877.781433,3104.8
877.898499,3088.4
878.015625,3114.0
878.13269,3031.6
878.249695,3103.8
878.366821,3046.2
878.483887,3111.4
878.600952,3043.2
878.717957,3112.2
878.834961,3074.8
878.952087,3102.6
879.069092,3050.6
879.186157,3117.4
879.303162,3049.8
879.420227,3068.0
879.537231,3067.2
879.654236,3091.2
879.77124,3045.4
879.888306,3062.2
880.005249,3065.4
880.122314,3044.0
880.239319,3046.6
880.356323,3049.0
880.473328,3051.0
880.590271,3063.0
880.707275,3059.6
880.824341,3066.2
880.941284,3028.8
881.058228,3037.2
881.175232,3095.0
881.292236,3054.0
881.40918,3012.6
881.526123,3055.0
881.643066,3063.4
881.760071,3071.8
881.877014,3061.6
881.993958,3083.0
882.11084,3059.2
882.227783,3039.6
882.344727,3063.2
882.46167,3067.0
882.578613,3037.4
882.695618,3083.8
882.812439,3046.2
882.929382,3084.0
883.046326,3074.0
883.163208,3071.0
883.280151,3068.0
883.397034,3078.4
883.513916,3085.8
883.630798,3074.2
883.747742,3061.8
883.864563,3083.2
883.981506,3081.2
884.098389,3074.0
884.21521,3067.0
884.332153,3124.2
884.448975,3051.0
884.565796,3089.0
884.682678,3063.4
884.7995,3084.8
884.916443,3090.2
885.033264,3085.0
885.150085,3084.0
885.266968,3118.6
885.383789,3116.8
885.500671,3129.2
885.617493,3122.0
885.734314,3140.4
885.851196,3153.8
885.967896,3131.4
886.084717,3113.6
886.201599,3126.8
886.318359,3131.4
886.435181,3154.4
886.552002,3130.4
886.668762,3124.6
886.785645,3114.2
886.902344,3094.2
887.019165,3114.0
887.135925,3069.4
887.252747,3110.4
887.369446,3123.4
887.486267,3081.8
887.603027,3081.4
887.719788,3087.0
887.836548,3078.2
887.953247,3080.6
888.070068,3092.0
888.186829,3059.8
888.303528,3089.0
888.420288,3083.2
888.536987,3064.6
888.653687,3024.2
888.770447,3093.2
888.887146,3076.4
889.003967,3071.6
889.120667,3031.6
889.237305,3044.4
889.354065,3071.2
889.470703,3053.8
889.587463,3055.8
889.704163,3081.4
889.820862,3047.8
889.937561,3063.2
890.054199,3033.8
890.170837,3073.6
890.287598,3059.0
890.404236,3093.0
890.520874,3041.2
890.637634,3088.8
890.754211,3062.6
890.87085,3096.2
890.987549,3041.6
891.104187,3057.6
891.220886,3058.2
891.337463,3074.6
891.454102,3069.4
891.57074,3085.4
891.687378,3073.8
891.804077,3108.0
891.920654,3064.4
892.037231,3062.4
892.15387,3084.8
892.270447,3069.4
892.387085,3100.6
892.503723,3092.4
892.6203,3075.6
892.736877,3056.4
892.853516,3091.6
892.970032,3066.6
893.08667,3095.2
893.203186,3106.6
893.319763,3060.6
893.43634,3088.8
893.552917,3097.6
893.669556,3090.6
893.786011,3088.6
893.902588,3055.8
894.019165,3078.2
894.135681,3096.0
894.252197,3108.2
894.368835,3086.0
894.485291,3104.8
894.601868,3069.6
894.718384,3096.6
894.8349,3060.2
894.951355,3080.8
895.067932,3097.0
895.184448,3092.0
895.300964,3101.0
895.417419,3097.0
895.533936,3100.8
895.650452,3080.2
895.766907,3107.2
895.883423,3111.8
895.999878,3077.0
896.116333,3109.0
896.232849,3083.2
896.349304,3093.2
896.465759,3105.8
896.582214,3060.0
896.698669,3108.8
896.815125,3046.2
896.931641,3082.8
897.048035,3057.8
897.164551,3085.4
897.280884,3100.8
897.397339,3102.2
897.513794,3079.6
897.630249,3079.6
897.746582,3125.0
897.863098,3114.0
897.979431,3132.8
898.095886,3102.4
898.212341,3108.2
898.328674,3132.4
898.445129,3141.8
898.561462,3104.6
898.677795,3092.6
898.794312,3089.2
898.910645,3090.4
899.026978,3104.8
899.143433,3087.2
899.259766,3104.8
899.37616,3107.4
899.492493,3132.8
899.608765,3102.8
899.725159,3088.4
899.841553,3104.2
899.957947,3116.6
900.07428,3101.0
900.190552,3122.2
900.306946,3138.6
900.423157,3120.0
900.53949,3138.4
900.655884,3129.2
900.772156,3125.4
900.888489,3144.2
901.004822,3103.6
901.121033,3136.6
901.237366,3140.6
901.353699,3127.2
901.46991,3144.8
901.586304,3132.6
901.702515,3140.6
901.818787,3122.6
901.93512,3153.6
902.051331,3137.2
902.167603,3145.0
902.283875,3171.2
902.400085,3113.6
902.516418,3128.6
902.632629,3130.6
902.74884,3143.8
902.865112,3146.4
902.981384,3133.8
903.097595,3145.6
903.213867,3163.4
903.330017,3161.6
903.446289,3158.2
903.5625,3115.0
903.67865,3170.0
903.794922,3142.4
903.911072,3144.8
904.027344,3119.0
904.143494,3160.0
904.259705,3114.4
904.375916,3120.0
904.492065,3113.8
904.608215,3141.6
904.724426,3113.6
904.840576,3128.2
904.956726,3086.0
905.072876,3118.4
905.189087,3099.8
905.305176,3102.6
905.421387,3174.6
905.537537,3117.4
905.653687,3171.0
905.769775,3128.4
905.885925,3148.8
906.002014,3114.0
906.118164,3112.4
906.234314,3138.2
906.350403,3116.8
906.466492,3114.6
906.582642,3114.8
906.69873,3122.8
906.814758,3153.8
906.930908,3121.6
907.046936,3094.8
907.163086,3145.0
907.279175,3110.6
907.395264,3096.6
907.511353,3132.0
907.62738,3111.0
907.743408,3113.4
907.859497,3119.0
907.975525,3110.8
908.091553,3148.2
908.207703,3100.4
908.32373,3119.6
908.439758,3114.6
908.555786,3091.8
908.671814,3131.8
908.787842,3096.6
908.90387,3124.6
909.019775,3090.2
909.135864,3107.0
909.251892,3148.4
909.367859,3142.0
909.483826,3133.2
909.599854,3110.8
909.715881,3117.8
909.831848,3118.4
909.947815,3134.2
910.063782,3083.8
910.179749,3111.2
910.295776,3110.6
910.411743,3116.8
910.527649,3132.4
910.643616,3165.4
910.759583,3120.8
910.875488,3141.6
910.991455,3096.4
911.107361,3084.8
911.223267,3128.2
911.339294,3112.6
911.4552,3141.0
911.571106,3116.4
911.687073,3136.6
911.802979,3114.0
911.918823,3086.8
912.034729,3119.0
912.150635,3104.0
912.266602,3083.4
912.382446,3121.8
912.498352,3083.6
912.614197,3100.2
912.730103,3075.6
912.846008,3086.2
792.44574,5114.0
792.56488,5052.8
792.68396,5076.0
792.80304,5026.6
792.92218,5032.4
793.041199,5042.0
793.160339,5025.0
793.279419,5041.8
793.398499,5007.8
793.517578,4965.6
793.636658,4960.6
793.755737,4985.8
793.874817,4919.6
793.993896,5014.6
794.112976,4972.0
794.232056,5022.8
794.351074,5044.2
794.470215,5006.6
794.589233,4978.2
794.708313,4975.4
794.827393,4914.0
794.946411,4881.4
795.065552,4934.6
795.18457,4880.0
795.303589,4904.8
795.422668,4867.6
795.541687,4848.0
795.660767,4901.4
795.779846,4841.8
795.898865,4810.8
796.017883,4799.6
796.136963,4828.4
796.255981,4821.6
796.375061,4836.4
796.49408,4826.2
796.613037,4818.8
796.732117,4783.0
796.851135,4830.8
796.970154,4756.0
797.089233,4761.2
797.208191,4805.0
797.327271,4750.6
797.446228,4791.4
797.565186,4807.2
797.684265,4810.0
797.803223,4769.8
797.922241,4739.6
798.04126,4754.6
798.160278,4754.4
798.279297,4758.0
798.398315,4736.2
798.517273,4740.6
798.636292,4742.0
798.75531,4699.8
798.874268,4697.2
798.993286,4713.6
799.112244,4671.8
799.231323,4720.4
799.350281,4713.6
799.469238,4717.0
799.588257,4752.0
799.707153,4731.2
799.826111,4713.2
799.945129,4680.0
800.064087,4683.2
800.183044,4711.2
800.302063,4646.2
800.421021,4703.8
800.539978,4655.4
800.658936,4678.0
800.777893,4686.2
800.896912,4712.6
801.015747,4656.8
801.134705,4656.8
801.253723,4670.4
801.37262,4642.4
801.491638,4636.6
801.610535,4641.4
801.729492,4671.4
801.84845,4663.4
801.967407,4668.0
802.086243,4655.8
802.205261,4661.2
802.324158,4663.4
802.443115,4680.6
802.562073,4619.8
802.680969,4695.4
802.799927,4652.8
802.918762,4678.2
803.037659,4694.4
803.156677,4707.2
803.275574,4700.8
803.39447,4702.6
803.513428,4650.6
803.632263,4706.0
803.751221,4645.8
803.870117,4677.2
803.989014,4667.0
804.107971,4692.0
804.226746,4705.4
804.345642,4706.8
804.4646,4666.0
804.583496,4707.8
804.702393,4683.2
804.821228,4704.4
804.940125,4705.4
805.059021,4691.2
805.177917,4727.2
805.296814,4776.6
805.415649,4789.2
805.534546,4764.6
805.653442,4727.4
805.772278,4745.6
805.891113,4749.8
806.01001,4713.6
806.128906,4698.6
806.247742,4669.2
806.366577,4718.0
806.485413,4709.8
806.604309,4723.4
806.723145,4689.6
806.84198,4741.0
806.960876,4719.6
807.079712,4726.0
807.198486,4712.0
807.317383,4721.4
807.436218,4712.6
807.554993,4720.6
807.673889,4707.8
807.792725,4679.4
807.91156,4710.0
808.030396,4724.4
808.14917,4686.0
808.268005,4668.4
808.386841,4720.6
808.505676,4701.0
808.624451,4674.2
808.743286,4678.4
808.862122,4662.8
808.980896,4693.6
809.099731,4682.0
809.218506,4675.8
809.337341,4675.6
809.456116,4698.4
809.57489,4761.2
809.693726,4697.0
809.8125,4664.0
809.931274,4706.0
810.050049,4658.2
810.168884,4680.8
810.287659,4658.6
810.406372,4663.6
810.525269,4639.0
810.643982,4631.8
810.762756,4622.4
810.881531,4606.6
811.000305,4647.6
811.11908,4619.4
811.237854,4589.4
811.356567,4644.0
811.475403,4625.6
811.594116,4634.2
811.71283,4644.4
811.831604,4617.0
811.950378,4649.2
812.069153,4642.4
812.187927,4670.4
812.30658,4643.2
812.425415,4626.0
812.544128,4634.2
812.662781,4582.4
812.781616,4589.6
812.900269,4587.8
813.019043,4587.6
813.137756,4619.8
813.256531,4579.0
813.375244,4596.4
813.493896,4610.0
813.612671,4600.6
813.731384,4583.0
813.850037,4598.2
813.96875,4561.2
814.087524,4582.2
814.206238,4543.0
814.324951,4511.8
814.443604,4547.4
814.562256,4525.6
814.68103,4534.8
814.799683,4520.4
814.918335,4515.2
815.037109,4530.8
815.155762,4560.6
815.274475,4553.6
815.393188,4539.6
815.511841,4565.0
815.630554,4547.6
815.749146,4529.4
815.867859,4517.6
815.986572,4545.2
816.105164,4530.8
816.223877,4536.0
816.342529,4523.8
816.461182,4508.2
816.579895,4529.8
816.698486,4565.2
816.817139,4568.2
816.935791,4558.0
817.054504,4545.0
817.173096,4510.4
817.291748,4471.4
817.4104,4529.0
817.529053,4481.6
817.647644,4533.6
817.766235,4479.6
817.884949,4514.4
818.00354,4454.0
818.122192,4470.0
818.240845,4460.6
818.359436,4520.2
818.478088,4511.0
818.59668,4471.0
818.715271,4456.2
818.833923,4498.2
818.952515,4430.2
819.071106,4464.8
819.189758,4465.4
819.30835,4504.4
819.426941,4426.4
819.545532,4457.0
819.664124,4458.2
819.782715,4475.0
819.901306,4455.4
820.019897,4427.2
820.138489,4443.8
820.25708,4484.4
820.375671,4470.4
820.494202,4447.2
820.612732,4411.2
820.731384,4449.4
820.849915,4406.8
820.968506,4392.6
821.087097,4431.0
821.205627,4442.6
821.324158,4403.4
821.442749,4388.4
821.561279,4397.8
821.679871,4384.8
821.798401,4363.6
821.916931,4381.6
822.035461,4396.4
822.154053,4373.6
822.272583,4364.4
822.391174,4349.6
822.509583,4380.8
822.628174,4357.2
822.746704,4356.4
822.865234,4386.0
822.983765,4363.8
823.102295,4405.2
823.220825,4381.0
823.339294,4390.8
823.457825,4373.4
823.576355,4399.4
823.694824,4391.4
823.813354,4391.6
823.931885,4355.0
824.050354,4418.8
824.168884,4408.2
824.287354,4377.4
824.405823,4378.4
824.524353,4434.6
824.642822,4388.2
824.761353,4390.4
824.879822,4371.8
824.998291,4382.2
825.116699,4327.4
825.235291,4379.0
825.353699,4355.2
825.472168,4328.6
825.590637,4298.0
825.709106,4328.4
825.827576,4306.6
825.946045,4304.6
826.064453,4302.0
826.182983,4316.0
826.301392,4299.2
826.4198,4311.2
826.53833,4321.0
826.656738,4307.4
826.775208,4287.8
826.893677,4318.6
827.012024,4274.2
827.130493,4299.8
827.248962,4259.6
827.36731,4292.2
827.485779,4281.4
827.604248,4294.8
827.722595,4232.8
827.841064,4249.0
827.959412,4245.8
828.077942,4278.4
828.196289,4241.6
828.314636,4224.4
828.433105,4222.0
828.551514,4266.0
828.669861,4268.6
828.78833,4253.2
828.906677,4250.4
829.025085,4289.0
829.143433,4277.2
829.261841,4238.8
829.38031,4204.4
829.498657,4232.4
829.617004,4244.2
829.735413,4263.8
829.85376,4188.4
829.972107,4221.4
830.090515,4224.0
830.208862,4226.8
830.327209,4226.8
830.445557,4280.0
830.563904,4251.2
830.682312,4247.0
830.800659,4218.4
830.919006,4254.4
831.037354,4225.6
831.155701,4240.4
831.274048,4218.0
831.392395,4220.0
831.51062,4213.8
831.629028,4248.0
831.747314,4229.4
831.865662,4233.6
831.984009,4257.2
832.102356,4228.2
832.220642,4213.2
832.338928,4207.6
832.457275,4207.6
832.575623,4228.6
832.693909,4203.0
832.812134,4236.8
832.930481,4207.0
833.048828,4220.2
833.167114,4189.6
833.2854,4168.8
833.403687,4167.4
833.521973,4165.6
833.640259,4168.4
833.758545,4144.4
833.876831,4128.8
833.995056,4184.8
834.113281,4168.2
834.231628,4189.4
834.349915,4147.0
834.468201,4137.0
834.586426,4187.6
834.704651,4161.8
834.822998,4153.2
834.941162,4198.8
835.059448,4184.6
835.177673,4179.8
835.295959,4153.6
835.414246,4148.2
835.53241,4131.6
835.650635,4118.8
835.768921,4150.8
835.887146,4174.0
836.005371,4176.8
836.123596,4164.8
836.241821,4143.6
836.360046,4152.4
836.478271,4129.4
836.596497,4172.6
836.714722,4104.6
836.832886,4105.8
836.95105,4132.0
837.069336,4149.8
837.1875,4156.2
837.305725,4110.2
837.423889,4162.4
837.542053,4132.2
837.660339,4153.4
837.778503,4166.4
837.896667,4137.6
838.014832,4137.8
838.132996,4153.8
838.25116,4131.0
838.369385,4161.0
838.487488,4129.8
838.605713,4131.4
838.723877,4127.2
838.84198,4127.6
838.960205,4099.0
839.078308,4166.6
839.196472,4084.2
839.314636,4106.0
839.4328,4110.4
839.550964,4108.6
839.669067,4132.8
839.787231,4104.6
839.905396,4120.4
840.023499,4092.4
840.141602,4097.0
840.259766,4072.4
840.377869,4099.8
840.495972,4050.4
840.614136,4064.6
840.732239,4039.4
840.850342,4068.8
840.968445,4055.8
841.086548,4041.6
841.204651,4089.0
841.322754,4049.4
841.440918,4066.6
841.55896,4072.6
841.677002,4044.6
841.795166,4068.0
841.913208,4044.4
842.031311,4070.4
842.149353,4057.4
842.267456,4054.2
842.385498,4046.8
842.503601,4083.8
842.621643,4046.8
842.739746,4059.8
842.857788,4066.4
842.97583,4034.8
843.093933,4067.0
843.211975,4111.2
843.330017,4075.2
843.44812,4076.2
843.566101,4042.4
843.684204,4031.4
843.802246,4081.8
843.920227,4048.4
844.038269,4138.0
844.156311,4063.0
844.274292,4050.6
844.392395,4060.8
844.510376,4052.8
844.628357,4044.0
844.74646,4055.0
844.864441,4049.2
844.982422,4047.8
845.100403,4054.0
845.218384,4041.6
845.336426,4034.6
845.454468,4089.2
845.572449,4057.0
845.69043,4063.0
845.808411,4029.2
845.926453,4042.6
846.044373,4027.6
846.162354,4027.2
846.280396,4016.8
846.398315,3992.4
846.516296,4047.8
846.634216,4040.6
846.752197,4014.8
846.870178,4027.2
846.988098,4063.0
847.106079,4009.8
847.22406,4026.2
847.34198,4008.8
847.4599,4019.6
847.577881,4046.6
847.695801,4017.8
847.813782,4021.0
847.931641,4006.4
848.049561,4026.6
848.167603,3999.6
848.285461,3995.0
848.403381,4037.4
848.521362,4008.2
848.639221,4060.4
848.75708,4009.8
848.875,4040.6
848.99292,4013.2
849.110901,4054.2
849.22876,4094.4
849.34668,4001.2
849.464539,4013.8
849.582458,4065.4
849.700317,3991.8
849.818176,3990.6
849.936096,4007.0
850.053955,4038.4
850.171875,3992.2
850.289673,3990.8
850.407593,3961.8
850.525452,4033.0
850.643311,4006.0
850.761169,3978.0
850.878967,4040.6
850.996887,4035.2
851.114746,4007.8
851.232544,4013.8
851.350403,4024.8
851.468262,4017.2
851.58606,4017.4
851.703979,4010.6
851.821777,4013.4
851.939636,4016.6
852.057434,4031.4
852.175232,4027.2
852.293091,4019.8
852.410889,4043.4
852.528687,4006.4
852.646545,4056.2
852.764343,4004.2
852.88208,4012.6
852.999939,4026.4
853.117676,4010.2
853.235535,4009.4
853.353271,4019.6
853.471069,4000.6
853.588928,4017.4
853.706604,4011.8
853.824402,4042.0
853.9422,3979.8
854.059998,4040.2
854.177734,4019.0
854.295532,4007.6
854.413269,4010.2
854.531006,3967.8
854.648804,4025.2
854.766541,4058.8
854.884277,4034.6
855.002014,4027.4
855.119751,4062.0
855.237549,4071.8
855.355225,4065.8
855.473022,4062.2
855.590698,4037.4
855.708435,4037.4
855.826172,4032.2
855.943848,4058.0
856.061646,4033.4
856.179321,4026.8
856.296997,4020.4
856.414795,4045.6
856.53241,4035.6
856.650085,4065.8
856.767822,4045.8
856.885559,4049.4
857.003174,4001.4
857.120911,4057.6
857.238586,4006.2
857.356201,4017.6
857.473938,3997.6
857.591614,4004.0
857.709351,4009.8
857.826965,3979.6
857.944641,3990.0
858.062317,4023.8
858.179993,3996.6
858.297668,3987.2
858.415283,4011.4
858.532959,4021.2
858.650574,4010.8
858.768188,3991.0
858.885803,4014.8
859.003479,4012.2
859.121094,4010.4
859.23877,4013.8
859.356384,3990.0
859.473999,4015.0
859.591675,3961.2
859.709229,4038.0
859.826843,3998.6
859.944458,3931.2
860.062012,3969.4
860.179626,3997.4
860.297302,3983.6
860.414856,3979.6
860.532471,3959.4
860.650024,3998.8
860.767639,3955.2
860.885193,3975.8
861.002808,3978.4
861.120361,4006.0
861.237976,3987.2
861.35553,3963.4
861.473022,3973.0
861.590698,3963.8
861.708191,3999.8
861.825745,3956.2
861.943298,3946.2
862.060852,3973.2
862.178406,3970.4
862.295959,3933.6
862.413513,3946.6
862.531006,3939.0
862.64856,3914.0
862.766113,3947.0
862.883667,3953.6
863.00116,3934.6
863.118713,3907.2
863.236206,3949.8
863.353699,3971.8
863.471252,3947.4
863.588745,3951.6
863.706177,3931.6
863.82373,3929.6
863.941162,3945.8
864.058716,3908.0
864.176208,3935.4
864.29364,3983.6
864.411194,3937.2
864.528687,3946.2
864.646118,3957.8
864.763611,3933.8
864.881042,3911.2
864.998535,3925.8
865.116028,3991.0
865.233459,3963.6
865.350891,3888.2
865.468384,3927.8
865.585754,3971.6
865.703308,3914.0
865.820679,3965.8
865.938171,3950.4
866.055542,3991.8
866.173035,3963.2
866.290466,3923.2
866.407837,3959.0
866.52533,3949.4
866.6427,3961.8
866.760071,3974.8
866.877563,3922.0
866.994934,3948.6
867.112305,3945.4
867.229736,3891.6
867.347107,3904.4
867.464539,3915.4
867.58197,3905.0
867.699341,3903.2
867.81665,3902.8
867.934082,3915.6
868.051453,3914.4
868.168823,3915.2
868.286194,3912.6
868.403564,3933.4
868.520935,3948.0
868.638306,3975.2
868.755676,3942.4
868.872986,3931.0
868.990295,3907.6
869.107727,3928.0
869.225037,3905.8
869.342346,3941.2
869.459717,3906.0
869.577026,3915.0
869.694336,3906.0
869.811707,3865.0
869.929016,3897.2
870.046326,3920.8
870.163635,3918.2
870.280945,3878.2
870.398254,3834.4
870.515564,3912.4
870.632812,3847.6
870.750183,3895.0
870.867432,3890.4
870.984741,3902.4
871.102051,3883.2
871.219299,3857.8
871.336609,3934.6
871.453918,3896.8
871.571106,3902.4
871.688416,3869.4
871.805664,3887.6
871.922852,3907.2
872.040222,3899.6
872.157471,3907.6
872.274719,3903.4
872.391968,3927.6
872.509155,3908.4
872.626465,3899.2
872.743652,3906.4
872.860962,3882.4
872.978149,3910.2
873.095337,3909.2
873.212646,3914.6
873.329834,3857.8
873.44696,3904.8
873.564209,3897.2
873.681396,3914.8
873.798645,3862.8
873.915894,3858.6
874.03302,3868.6
874.150208,3871.2
874.267456,3862.4
874.384583,3828.2
874.501831,3847.2
874.618958,3866.4
874.736145,3895.2
874.853333,3888.6
874.970459,3903.8
875.087646,3936.6
875.204834,3877.6
875.32196,3914.0
875.439148,3886.6
875.556274,3894.0
875.673401,3890.2
875.790527,3871.4
875.907715,3871.2
876.024841,3852.6
876.141968,3869.0
876.259094,3838.0
876.376282,3840.8
876.493347,3828.8
876.610474,3832.6
876.7276,3844.8
876.844727,3857.0
876.961853,3863.8
877.078918,3881.8
877.195984,3860.6
877.313171,3874.0
877.430237,3862.6
877.547302,3874.0
877.664368,3829.8
877.781433,3872.8
877.898499,3890.8
878.015625,3845.4
878.13269,3821.2
878.249695,3854.8
878.366821,3822.4
878.483887,3880.6
878.600952,3872.0
878.717957,3853.8
878.834961,3867.0
878.952087,3856.2
879.069092,3865.4
879.186157,3880.6
879.303162,3861.4
879.420227,3891.8
879.537231,3857.0
879.654236,3840.0
879.77124,3846.2
879.888306,3856.4
880.005249,3821.8
880.122314,3847.6
880.239319,3803.2
880.356323,3834.0
880.473328,3800.2
880.590271,3815.6
880.707275,3825.8
880.824341,3841.8
880.941284,3831.8
881.058228,3842.2
881.175232,3842.0
881.292236,3841.6
881.40918,3856.6
881.526123,3871.2
881.643066,3826.2
881.760071,3932.8
881.877014,3842.2
881.993958,3852.8
882.11084,3855.8
882.227783,3824.6
882.344727,3838.8
882.46167,3818.6
882.578613,3798.2
882.695618,3810.0
882.812439,3805.4
882.929382,3810.0
883.046326,3866.2
883.163208,3819.4
883.280151,3797.2
883.397034,3790.0
883.513916,3849.6
883.630798,3841.6
883.747742,3815.8
883.864563,3821.8
883.981506,3850.8
884.098389,3856.4
884.21521,3879.0
884.332153,3835.8
884.448975,3825.2
884.565796,3805.0
884.682678,3813.2
884.7995,3862.2
884.916443,3846.4
885.033264,3846.8
885.150085,3820.2
885.266968,3826.6
885.383789,3833.0
885.500671,3853.6
885.617493,3877.2
885.734314,3881.4
885.851196,3847.0
885.967896,3906.0
886.084717,3828.4
886.201599,3837.4
886.318359,3857.2
886.435181,3846.2
886.552002,3833.2
886.668762,3852.0
886.785645,3868.6
886.902344,3860.8
887.019165,3834.0
887.135925,3834.4
887.252747,3826.6
887.369446,3828.2
887.486267,3826.2
887.603027,3767.8
887.719788,3800.4
887.836548,3822.4
887.953247,3808.2
888.070068,3799.6
888.186829,3802.2
888.303528,3800.0
888.420288,3814.6
888.536987,3794.6
888.653687,3860.6
888.770447,3836.4
888.887146,3827.6
889.003967,3824.4
889.120667,3814.4
889.237305,3815.2
889.354065,3852.0
889.470703,3810.6
889.587463,3804.8
889.704163,3859.8
889.820862,3793.2
889.937561,3812.8
890.054199,3767.4
890.170837,3772.6
890.287598,3794.6
890.404236,3788.0
890.520874,3795.6
890.637634,3800.4
890.754211,3808.8
890.87085,3808.0
890.987549,3810.8
891.104187,3828.2
891.220886,3819.2
891.337463,3825.0
891.454102,3857.4
891.57074,3848.6
891.687378,3795.6
891.804077,3782.2
891.920654,3743.8
892.037231,3786.4
892.15387,3778.4
892.270447,3781.6
892.387085,3773.4
892.503723,3774.2
892.6203,3756.8
892.736877,3779.6
892.853516,3761.8
892.970032,3793.6
893.08667,3774.8
893.203186,3780.2
893.319763,3769.8
893.43634,3787.0
893.552917,3788.6
893.669556,3840.6
893.786011,3751.8
893.902588,3792.6
894.019165,3802.4
894.135681,3738.4
894.252197,3778.0
894.368835,3799.6
894.485291,3775.4
894.601868,3771.6
894.718384,3782.8
894.8349,3770.2
894.951355,3750.8
895.067932,3747.0
895.184448,3777.2
895.300964,3815.8
895.417419,3790.4
895.533936,3795.2
895.650452,3813.6
895.766907,3788.4
895.883423,3794.8
895.999878,3788.4
896.116333,3797.2
896.232849,3772.2
896.349304,3783.6
896.465759,3795.6
896.582214,3779.6
896.698669,3736.4
896.815125,3696.0
896.931641,3741.8
897.048035,3758.2
897.164551,3794.2
897.280884,3772.6
897.397339,3779.0
897.513794,3807.4
897.630249,3818.6
897.746582,3788.6
897.863098,3808.0
897.979431,3818.8
898.095886,3785.0
898.212341,3773.0
898.328674,3767.2
898.445129,3780.0
898.561462,3763.4
898.677795,3768.6
898.794312,3737.4
898.910645,3711.6
899.026978,3711.6
899.143433,3743.6
899.259766,3737.2
899.37616,3715.4
899.492493,3747.4
899.608765,3725.8
899.725159,3727.0
899.841553,3725.0
899.957947,3773.8
900.07428,3755.2
900.190552,3747.8
900.306946,3766.0
900.423157,3732.8
900.53949,3761.0
900.655884,3772.0
900.772156,3753.2
900.888489,3781.8
901.004822,3731.8
901.121033,3726.6
901.237366,3704.4
901.353699,3728.0
901.46991,3716.0
901.586304,3721.8
901.702515,3712.2
901.818787,3715.2
901.93512,3709.0
902.051331,3687.8
902.167603,3740.0
902.283875,3718.4
902.400085,3672.2
902.516418,3680.0
902.632629,3711.2
902.74884,3737.4
902.865112,3737.4
902.981384,3723.4
903.097595,3755.4
903.213867,3761.2
903.330017,3763.2
903.446289,3751.4
903.5625,3700.0
903.67865,3766.8
903.794922,3742.2
903.911072,3720.6
904.027344,3713.0
904.143494,3711.8
904.259705,3721.0
904.375916,3684.4
904.492065,3686.6
904.608215,3702.0
904.724426,3711.0
904.840576,3681.6
904.956726,3692.2
905.072876,3692.4
905.189087,3716.6
905.305176,3720.6
905.421387,3723.0
905.537537,3753.6
905.653687,3747.2
905.769775,3685.2
905.885925,3757.4
906.002014,3719.0
906.118164,3709.6
906.234314,3703.4
906.350403,3728.0
906.466492,3731.0
906.582642,3695.0
906.69873,3709.6
906.814758,3671.0
906.930908,3694.2
907.046936,3681.0
907.163086,3708.0
907.279175,3718.4
907.395264,3727.2
907.511353,3685.6
907.62738,3721.4
907.743408,3724.8
907.859497,3740.6
907.975525,3748.6
908.091553,3747.6
908.207703,3705.4
908.32373,3715.0
908.439758,3719.6
908.555786,3697.8
908.671814,3713.8
908.787842,3675.8
908.90387,3689.8
909.019775,3658.0
909.135864,3678.4
909.251892,3673.4
909.367859,3682.6
909.483826,3683.8
909.599854,3677.4
909.715881,3694.4
909.831848,3677.0
909.947815,3702.2
910.063782,3691.0
910.179749,3687.6
910.295776,3684.2
910.411743,3690.2
910.527649,3680.4
910.643616,3717.6
910.759583,3653.2
910.875488,3692.2
910.991455,3718.4
911.107361,3713.4
911.223267,3666.6
911.339294,3703.2
911.4552,3682.2
911.571106,3681.6
911.687073,3677.6
911.802979,3660.0
911.918823,3677.0
912.034729,3705.2
912.150635,3658.0
912.266602,3682.6
912.382446,3666.4
912.498352,3627.0
912.614197,3666.2
912.730103,3690.0
912.846008,3598.8
792.44574,3864.0
792.56488,3821.0
792.68396,3822.2
792.80304,3857.6
792.92218,3779.8
793.041199,3749.4
793.160339,3773.0
793.279419,3795.4
793.398499,3739.8
793.517578,3747.2
793.636658,3745.2
793.755737,3736.6
793.874817,3758.6
793.993896,3704.6
794.112976,3713.6
794.232056,3667.0
794.351074,3715.8
794.470215,3711.2
794.589233,3662.4
794.708313,3669.4
794.827393,3695.4
794.946411,3657.6
795.065552,3682.4
795.18457,3655.0
795.303589,3699.2
795.422668,3597.0
795.541687,3645.2
795.660767,3652.2
795.779846,3622.2
795.898865,3612.0
796.017883,3642.8
796.136963,3600.6
796.255981,3636.8
796.375061,3623.0
796.49408,3641.2
796.613037,3597.0
796.732117,3611.2
796.851135,3610.2
796.970154,3584.4
797.089233,3571.4
797.208191,3575.2
797.327271,3549.0
797.446228,3568.2
797.565186,3582.4
797.684265,3563.6
797.803223,3574.0
797.922241,3549.4
798.04126,3559.0
798.160278,3540.2
798.279297,3546.0
798.398315,3551.4
798.517273,3540.2
798.636292,3523.2
798.75531,3554.6
798.874268,3518.0
798.993286,3505.8
799.112244,3501.8
799.231323,3520.8
799.350281,3528.2
799.469238,3520.0
799.588257,3533.2
799.707153,3532.8
799.826111,3536.2
799.945129,3497.8
800.064087,3545.8
800.183044,3533.2
800.302063,3518.8
800.421021,3551.8
800.539978,3513.6
800.658936,3506.6
800.777893,3492.2
800.896912,3534.4
801.015747,3492.4
801.134705,3485.8
801.253723,3514.4
801.37262,3493.8
801.491638,3497.8
801.610535,3486.0
801.729492,3504.6
801.84845,3476.4
801.967407,3505.4
802.086243,3502.2
802.205261,3509.0
802.324158,3469.6
802.443115,3514.2
802.562073,3451.4
802.680969,3509.4
802.799927,3520.8
802.918762,3492.6
803.037659,3476.2
803.156677,3530.8
803.275574,3505.8
803.39447,3481.0
803.513428,3493.0
803.632263,3512.2
803.751221,3466.6
803.870117,3504.4
803.989014,3473.2
804.107971,3472.8
804.226746,3466.6
804.345642,3475.2
804.4646,3532.2
804.583496,3487.8
804.702393,3473.8
804.821228,3495.0
804.940125,3493.6
805.059021,3480.8
805.177917,3469.0
805.296814,3519.0
805.415649,3512.2
805.534546,3517.8
805.653442,3499.0
805.772278,3511.0
805.891113,3513.6
806.01001,3511.4
806.128906,3481.2
806.247742,3485.0
806.366577,3456.4
806.485413,3491.8
806.604309,3471.4
806.723145,3489.2
806.84198,3512.6
806.960876,3473.2
807.079712,3455.6
807.198486,3477.0
807.317383,3488.0
807.436218,3483.6
807.554993,3486.2
807.673889,3498.2
807.792725,3459.8
807.91156,3471.4
808.030396,3472.2
808.14917,3479.8
808.268005,3445.6
808.386841,3448.8
808.505676,3486.0
808.624451,3445.2
808.743286,3473.4
808.862122,3463.8
808.980896,3443.0
809.099731,3438.4
809.218506,3488.4
809.337341,3455.0
809.456116,3422.8
809.57489,3432.6
809.693726,3445.0
809.8125,3456.6
809.931274,3457.8
810.050049,3470.4
810.168884,3478.8
810.287659,3447.6
810.406372,3456.0
810.525269,3439.2
810.643982,3422.4
810.762756,3415.4
810.881531,3406.4
811.000305,3434.4
811.11908,3419.2
811.237854,3441.8
811.356567,3445.6
811.475403,3438.0
811.594116,3389.2
811.71283,3443.8
811.831604,3454.2
811.950378,3406.0
812.069153,3413.2
812.187927,3429.8
812.30658,3444.4
812.425415,3373.6
812.544128,3405.0
812.662781,3390.2
812.781616,3397.8
812.900269,3419.6
813.019043,3384.2
813.137756,3381.6
813.256531,3491.2
813.375244,3371.4
813.493896,3356.6
813.612671,3395.8
813.731384,3380.0
813.850037,3392.8
813.96875,3365.4
814.087524,3357.0
814.206238,3380.8
814.324951,3338.0
814.443604,3335.4
814.562256,3356.0
814.68103,3377.2
814.799683,3352.0
814.918335,3379.2
815.037109,3358.6
815.155762,3349.4
815.274475,3362.4
815.393188,3377.4
815.511841,3365.4
815.630554,3378.4
815.749146,3360.6
815.867859,3354.6
815.986572,3364.4
816.105164,3334.2
816.223877,3337.0
816.342529,3317.0
816.461182,3324.6
816.579895,3325.0
816.698486,3379.4
816.817139,3321.0
816.935791,3336.6
817.054504,3302.0
817.173096,3341.6
817.291748,3315.8
817.4104,3361.6
817.529053,3294.4
817.647644,3340.8
817.766235,3287.8
817.884949,3270.6
818.00354,3311.0
818.122192,3323.2
818.240845,3299.8
818.359436,3270.0
818.478088,3318.0
818.59668,3283.4
818.715271,3275.2
818.833923,3268.4
818.952515,3278.8
819.071106,3261.2
819.189758,3242.4
819.30835,3259.6
819.426941,3273.2
819.545532,3276.6
819.664124,3251.2
819.782715,3261.2
819.901306,3259.8
820.019897,3228.2
820.138489,3267.6
820.25708,3253.6
820.375671,3257.2
820.494202,3252.8
820.612732,3242.8
820.731384,3235.2
820.849915,3265.2
820.968506,3241.0
821.087097,3244.2
821.205627,3226.0
821.324158,3228.4
821.442749,3240.8
821.561279,3219.8
821.679871,3206.4
821.798401,3220.6
821.916931,3217.0
822.035461,3214.8
822.154053,3245.0
822.272583,3174.0
822.391174,3202.0
822.509583,3184.6
822.628174,3220.2
822.746704,3223.6
822.865234,3213.2
822.983765,3176.6
823.102295,3212.8
823.220825,3211.0
823.339294,3163.2
823.457825,3213.4
823.576355,3199.2
823.694824,3205.0
823.813354,3181.8
823.931885,3206.6
824.050354,3202.0
824.168884,3199.8
824.287354,3187.6
824.405823,3180.2
824.524353,3186.2
824.642822,3189.2
824.761353,3171.6
824.879822,3190.4
824.998291,3186.4
825.116699,3154.4
825.235291,3181.0
825.353699,3163.6
825.472168,3174.6
825.590637,3176.2
825.709106,3150.0
825.827576,3153.8
825.946045,3136.4
826.064453,3187.6
826.182983,3120.8
826.301392,3158.6
826.4198,3137.2
826.53833,3157.2
826.656738,3126.8
826.775208,3141.6
826.893677,3128.0
827.012024,3115.2
827.130493,3115.2
827.248962,3139.2
827.36731,3143.4
827.485779,3143.8
827.604248,3118.4
827.722595,3110.2
827.841064,3120.6
827.959412,3129.8
828.077942,3106.0
828.196289,3126.6
828.314636,3111.0
828.433105,3127.2
828.551514,3063.6
828.669861,3119.2
828.78833,3116.2
828.906677,3107.6
829.025085,3114.8
829.143433,3131.4
829.261841,3114.8
829.38031,3097.4
829.498657,3075.6
829.617004,3101.2
829.735413,3091.4
829.85376,3051.0
829.972107,3081.4
830.090515,3062.8
830.208862,3111.2
830.327209,3096.4
830.445557,3064.6
830.563904,3097.2
830.682312,3082.6
830.800659,3076.4
830.919006,3114.6
831.037354,3129.6
831.155701,3098.4
831.274048,3102.0
831.392395,3086.4
831.51062,3048.2
831.629028,3073.4
831.747314,3094.0
831.865662,3090.0
831.984009,3058.0
832.102356,3118.6
832.220642,3066.0
832.338928,3090.4
832.457275,3080.4
832.575623,3078.2
832.693909,3082.8
832.812134,3074.0
832.930481,3065.6
833.048828,3053.8
833.167114,3058.2
833.2854,3066.6
833.403687,3086.6
833.521973,3065.8
833.640259,3044.8
833.758545,3052.8
833.876831,3051.2
833.995056,3034.4
834.113281,3052.2
834.231628,3054.6
834.349915,3064.8
834.468201,3067.0
834.586426,3064.6
834.704651,3056.0
834.822998,3072.0
834.941162,3081.4
835.059448,3069.8
835.177673,3074.6
835.295959,3056.2
835.414246,3064.8
835.53241,3078.0
835.650635,3048.4
835.768921,3055.0
835.887146,3050.4
836.005371,3062.4
836.123596,3033.0
836.241821,3049.0
836.360046,3068.6
836.478271,3053.0
836.596497,3061.6
836.714722,3029.6
836.832886,3051.4
836.95105,3043.8
837.069336,3058.2
837.1875,3058.2
837.305725,3031.4
837.423889,3055.0
837.542053,3034.0
837.660339,3047.6
837.778503,3077.2
837.896667,3068.0
838.014832,3037.8
838.132996,3087.4
838.25116,3035.6
838.369385,3025.0
838.487488,3053.8
838.605713,3020.8
838.723877,3057.2
838.84198,3027.6
838.960205,3027.8
839.078308,3039.4
839.196472,3026.4
839.314636,3052.0
839.4328,3050.4
839.550964,3056.0
839.669067,3019.0
839.787231,3027.8
839.905396,3030.6
840.023499,3040.2
840.141602,3017.8
840.259766,3006.0
840.377869,2994.0
840.495972,3045.8
840.614136,3002.8
840.732239,3005.0
840.850342,3020.0
840.968445,2993.6
841.086548,3007.6
841.204651,3003.8
841.322754,2990.8
841.440918,3030.0
841.55896,3010.8
841.677002,2995.6
841.795166,3007.4
841.913208,3016.0
842.031311,3015.2
842.149353,3037.4
842.267456,2990.8
842.385498,2996.2
842.503601,2979.6
842.621643,3003.6
842.739746,2995.8
842.857788,3029.4
842.97583,2989.0
843.093933,2992.4
843.211975,2981.4
843.330017,3015.2
843.44812,3031.2
843.566101,2996.0
843.684204,3003.4
843.802246,2983.0
843.920227,3012.8
844.038269,2997.6
844.156311,2973.2
844.274292,2981.6
844.392395,2992.6
844.510376,2982.4
844.628357,2979.2
844.74646,2997.2
844.864441,2990.2
844.982422,2990.0
845.100403,3009.4
845.218384,2990.2
845.336426,2983.0
845.454468,3008.2
845.572449,3008.6
845.69043,3002.6
845.808411,2974.2
845.926453,2969.0
846.044373,2974.4
846.162354,2973.0
846.280396,2968.2
846.398315,2987.2
846.516296,2985.4
846.634216,2981.4
846.752197,2964.2
846.870178,2981.6
846.988098,2956.0
847.106079,2975.6
847.22406,2965.2
847.34198,3008.2
847.4599,2968.4
847.577881,2985.8
847.695801,2974.2
847.813782,2985.0
847.931641,2990.0
848.049561,2986.4
848.167603,2952.8
848.285461,2963.2
848.403381,2972.6
848.521362,2996.0
848.639221,2993.6
848.75708,2965.6
848.875,2967.2
848.99292,2971.0
849.110901,2973.4
849.22876,2969.0
849.34668,2968.6
849.464539,2979.6
849.582458,2983.2
849.700317,2961.4
849.818176,2962.6
849.936096,2944.6
850.053955,2985.6
850.171875,2947.8
850.289673,2991.6
850.407593,2951.0
850.525452,2987.6
850.643311,2984.2
850.761169,2973.8
850.878967,2934.6
850.996887,2987.0
851.114746,2973.0
851.232544,2973.4
851.350403,2966.0
851.468262,3001.4
851.58606,2996.6
851.703979,2974.4
851.821777,2999.4
851.939636,2987.2
852.057434,2981.4
852.175232,2976.6
852.293091,2991.6
852.410889,2997.2
852.528687,2978.8
852.646545,2999.4
852.764343,3002.8
852.88208,3019.2
852.999939,2988.8
853.117676,2969.8
853.235535,2971.6
853.353271,2995.0
853.471069,2974.2
853.588928,2963.4
853.706604,2995.2
853.824402,2984.6
853.9422,2984.6
854.059998,2962.8
854.177734,2980.4
854.295532,2966.6
854.413269,2964.6
854.531006,2970.6
854.648804,2996.6
854.766541,3013.0
854.884277,2972.6
855.002014,3020.0
855.119751,3010.2
855.237549,3018.8
855.355225,3013.8
855.473022,3043.6
855.590698,2984.4
855.708435,3003.4
855.826172,2979.4
855.943848,3023.2
856.061646,3006.8
856.179321,2991.8
856.296997,2983.2
856.414795,3012.4
856.53241,3018.4
856.650085,2988.4
856.767822,3003.4
856.885559,3017.6
857.003174,2998.0
857.120911,3009.4
857.238586,2973.0
857.356201,3000.4
857.473938,2943.0
857.591614,2968.4
857.709351,2998.0
857.826965,2986.2
857.944641,2974.0
858.062317,2989.4
858.179993,2994.8
858.297668,2964.0
858.415283,2974.2
858.532959,2996.2
858.650574,2983.2
858.768188,3012.8
858.885803,3007.8
859.003479,2995.8
859.121094,3017.8
859.23877,2996.4
859.356384,2993.2
859.473999,3003.6
859.591675,2948.4
859.709229,2982.2
859.826843,2953.6
859.944458,2966.6
860.062012,2964.8
860.179626,2969.6
860.297302,2976.4
860.414856,2963.2
860.532471,2965.4
860.650024,2961.8
860.767639,2954.6
860.885193,2983.6
861.002808,2964.6
861.120361,2986.0
861.237976,2996.6
861.35553,2985.4
861.473022,2935.6
861.590698,2978.6
861.708191,2984.8
861.825745,2960.2
861.943298,2970.4
862.060852,2966.4
862.178406,2963.8
862.295959,2980.8
862.413513,2964.8
862.531006,2962.6
862.64856,2975.6
862.766113,2901.4
862.883667,2939.2
863.00116,2947.2
863.118713,2953.2
863.236206,2951.8
863.353699,2954.4
863.471252,2964.6
863.588745,2936.8
863.706177,2959.6
863.82373,2975.0
863.941162,2981.2
864.058716,2932.0
864.176208,2971.0
864.29364,2975.4
864.411194,2980.6
864.528687,2944.6
864.646118,2977.6
864.763611,2935.0
864.881042,2980.0
864.998535,2979.0
865.116028,2948.8
865.233459,2957.4
865.350891,2952.4
865.468384,2962.4
865.585754,3001.8
865.703308,2966.8
865.820679,2982.2
865.938171,2972.2
866.055542,2961.2
866.173035,2969.0
866.290466,2970.4
866.407837,2970.2
866.52533,2963.2
866.6427,2977.2
866.760071,2939.8
866.877563,2928.4
866.994934,2945.4
867.112305,2965.2
867.229736,2935.6
867.347107,2955.0
867.464539,2930.8
867.58197,2947.4
867.699341,2939.0
867.81665,2977.6
867.934082,2945.2
868.051453,2937.4
868.168823,2982.6
868.286194,2949.8
868.403564,2988.8
868.520935,2966.6
868.638306,2951.2
868.755676,2969.8
868.872986,2962.2
868.990295,2968.4
869.107727,2972.6
869.225037,2977.6
869.342346,2958.0
869.459717,2949.8
869.577026,2953.6
869.694336,2954.8
869.811707,2949.6
869.929016,2962.0
870.046326,2940.8
870.163635,2982.6
870.280945,2951.8
870.398254,2960.0
870.515564,2972.0
870.632812,2927.2
870.750183,2959.8
870.867432,2956.8
870.984741,2946.0
871.102051,2942.2
871.219299,2953.6
871.336609,2983.4
871.453918,2967.6
871.571106,2965.0
871.688416,2973.8
871.805664,2974.0
871.922852,2961.4
872.040222,2977.8
872.157471,2981.4
872.274719,3000.0
872.391968,2963.4
872.509155,2968.0
872.626465,2959.8
872.743652,2956.0
872.860962,2968.4
872.978149,2982.0
873.095337,2948.8
873.212646,2987.2
873.329834,2944.6
873.44696,2971.2
873.564209,2955.4
873.681396,2943.8
873.798645,2951.2
873.915894,2955.2
874.03302,2951.2
874.150208,2971.2
874.267456,2956.0
874.384583,2993.4
874.501831,2957.6
874.618958,2973.0
874.736145,2957.4
874.853333,2977.4
874.970459,2971.0
875.087646,2956.4
875.204834,2972.8
875.32196,2975.2
875.439148,2968.8
875.556274,2965.4
875.673401,2981.8
875.790527,2957.8
875.907715,2983.4
876.024841,2956.0
876.141968,2963.6
876.259094,2979.2
876.376282,2961.4
876.493347,2949.2
876.610474,2965.8
876.7276,2959.0
876.844727,2968.6
876.961853,2950.0
877.078918,2968.6
877.195984,2960.4
877.313171,2965.4
877.430237,2976.8
877.547302,2977.8
877.664368,2962.2
877.781433,2956.6
877.898499,2975.4
878.015625,2962.6
878.13269,2974.4
878.249695,2978.2
878.366821,2992.2
878.483887,2971.4
878.600952,2950.8
878.717957,2964.0
878.834961,2996.6
878.952087,2996.0
879.069092,2995.8
879.186157,2982.0
879.303162,2949.8
879.420227,2959.4
879.537231,2998.2
879.654236,2957.8
879.77124,2960.2
879.888306,2953.0
880.005249,2958.4
880.122314,2961.4
880.239319,2941.6
880.356323,2958.6
880.473328,2968.8
880.590271,2959.8
880.707275,2988.6
880.824341,2954.4
880.941284,2954.2
881.058228,2976.4
881.175232,2973.4
881.292236,2950.0
881.40918,2956.4
881.526123,2977.2
881.643066,2991.6
881.760071,2977.6
881.877014,2967.0
881.993958,2978.2
882.11084,2973.8
882.227783,2970.4
882.344727,2945.0
882.46167,2949.6
882.578613,2956.8
882.695618,2980.2
882.812439,2970.0
882.929382,2961.6
883.046326,2984.8
883.163208,2980.0
883.280151,2965.2
883.397034,2947.0
883.513916,3000.8
883.630798,3000.8
883.747742,2959.2
883.864563,2966.2
883.981506,2959.8
884.098389,2961.0
884.21521,2966.8
884.332153,2995.0
884.448975,2949.8
884.565796,3000.0
884.682678,2955.6
884.7995,2959.2
884.916443,2990.6
885.033264,2982.2
885.150085,2966.4
885.266968,2985.6
885.383789,2973.6
885.500671,2996.2
885.617493,2988.4
885.734314,2989.8
885.851196,3008.4
885.967896,2969.0
886.084717,2970.2
886.201599,3015.8
886.318359,3018.4
886.435181,2992.6
886.552002,3012.6
886.668762,2996.6
886.785645,3015.4
886.902344,3007.2
887.019165,2991.8
887.135925,2947.0
887.252747,2994.4
887.369446,2992.6
887.486267,3017.2
887.603027,2967.8
887.719788,2986.4
887.836548,3004.4
887.953247,2977.8
888.070068,2997.2
888.186829,2972.0
888.303528,2998.4
888.420288,2999.0
888.536987,2964.8
888.653687,3021.8
888.770447,2982.0
888.887146,3014.4
889.003967,3007.6
889.120667,2999.2
889.237305,2998.8
889.354065,2988.4
889.470703,3004.0
889.587463,2987.6
889.704163,3009.2
889.820862,2988.0
889.937561,3002.6
890.054199,2992.8
890.170837,3010.2
890.287598,2983.6
890.404236,3001.8
890.520874,3013.0
890.637634,3028.8
890.754211,3013.8
890.87085,2991.8
890.987549,3018.4
891.104187,2968.2
891.220886,3010.2
891.337463,3012.0
891.454102,3009.2
891.57074,3029.6
891.687378,2996.0
891.804077,3014.2
891.920654,2996.8
892.037231,2986.8
892.15387,3006.2
892.270447,2991.2
892.387085,2991.4
892.503723,3002.4
892.6203,2995.6
892.736877,2996.4
892.853516,3017.8
892.970032,2992.4
893.08667,3004.8
893.203186,3025.2
893.319763,3006.2
893.43634,3047.2
893.552917,3022.8
893.669556,3007.8
893.786011,3025.4
893.902588,3001.6
894.019165,3020.0
894.135681,3015.6
894.252197,3007.2
894.368835,3029.2
894.485291,3039.6
894.601868,3013.2
894.718384,3041.4
894.8349,3007.8
894.951355,3012.8
895.067932,2998.2
895.184448,3001.2
895.300964,3032.8
895.417419,3040.4
895.533936,3037.2
895.650452,3004.6
895.766907,3028.0
895.883423,3023.8
895.999878,3030.6
896.116333,3044.6
896.232849,3015.6
896.349304,3018.6
896.465759,3014.6
896.582214,3018.8
896.698669,3013.6
896.815125,3012.4
896.931641,3012.0
897.048035,3028.2
897.164551,3004.4
897.280884,3025.8
897.397339,2993.2
897.513794,3023.6
897.630249,3049.6
897.746582,3011.4
897.863098,3036.2
897.979431,3058.0
898.095886,3019.4
898.212341,3028.0
898.328674,3036.6
898.445129,3036.0
898.561462,3042.8
898.677795,2997.8
898.794312,3046.2
898.910645,3022.4
899.026978,3036.4
899.143433,3015.4
899.259766,3009.6
899.37616,3019.4
899.492493,2997.6
899.608765,3044.8
899.725159,3026.2
899.841553,3050.2
899.957947,3050.4
900.07428,3037.2
900.190552,3054.0
900.306946,3049.4
900.423157,3016.2
900.53949,3028.8
900.655884,3071.8
900.772156,3032.4
900.888489,3062.4
901.004822,3021.6
901.121033,3024.8
901.237366,3009.8
901.353699,3032.4
901.46991,3025.0
901.586304,3015.8
901.702515,3029.4
901.818787,3023.0
901.93512,3023.8
902.051331,3021.4
902.167603,3050.0
902.283875,3049.0
902.400085,3022.8
902.516418,3018.6
902.632629,3032.2
902.74884,3029.6
902.865112,3059.8
902.981384,3025.8
903.097595,3045.8
903.213867,3074.2
903.330017,3029.8
903.446289,3051.0
903.5625,3066.4
903.67865,3048.6
903.794922,3026.6
903.911072,3030.0
904.027344,3022.4
904.143494,3002.8
904.259705,3040.6
904.375916,3028.0
904.492065,3039.0
904.608215,3046.2
904.724426,3041.4
904.840576,3031.6
904.956726,3064.6
905.072876,3047.6
905.189087,3072.2
905.305176,3025.0
905.421387,3034.8
905.537537,3059.2
905.653687,3038.4
905.769775,3053.2
905.885925,3066.4
906.002014,3058.2
906.118164,3067.2
906.234314,3054.2
906.350403,3047.0
906.466492,3072.4
906.582642,3041.2
906.69873,3049.4
906.814758,3024.4
906.930908,3068.2
907.046936,3010.8
907.163086,3045.0
907.279175,3058.6
907.395264,3061.4
907.511353,3047.6
907.62738,3019.8
907.743408,3054.0
907.859497,3085.2
907.975525,3075.6
908.091553,3067.6
908.207703,3039.8
908.32373,3055.4
908.439758,3088.4
908.555786,3063.2
908.671814,3060.2
908.787842,3029.4
908.90387,3039.4
909.019775,3037.6
909.135864,3049.2
909.251892,3071.8
909.367859,3088.2
909.483826,3061.0
909.599854,3070.4
909.715881,3051.0
909.831848,3062.2
909.947815,3085.2
910.063782,3038.6
910.179749,3070.0
910.295776,3043.6
910.411743,3051.4
910.527649,3058.0
910.643616,3083.4
910.759583,3073.2
910.875488,3062.2
910.991455,3093.4
911.107361,3050.6
911.223267,3069.2
911.339294,3068.2
911.4552,3071.2
911.571106,3050.4
911.687073,3051.0
911.802979,3058.6
911.918823,3063.8
912.034729,3064.6
912.150635,3075.0
912.266602,3034.6
912.382446,3062.6
912.498352,3026.6
912.614197,3013.2
912.730103,3048.0
912.846008,3041.8
792.44574,4051.0
792.56488,3976.2
792.68396,4039.4
792.80304,4009.0
792.92218,3956.6
793.041199,3924.4
793.160339,3967.4
793.279419,3997.8
793.398499,3935.4
793.517578,3978.8
793.636658,3941.6
793.755737,3991.6
793.874817,3970.6
793.993896,3915.2
794.112976,3965.6
794.232056,3915.2
794.351074,3938.4
794.470215,3929.6
794.589233,3916.6
794.708313,3923.6
794.827393,3905.0
794.946411,3914.4
795.065552,3938.8
795.18457,3906.8
795.303589,3907.6
795.422668,3910.4
795.541687,3897.4
795.660767,3953.8
795.779846,3904.4
795.898865,3879.8
796.017883,3879.4
796.136963,3882.0
796.255981,3903.8
796.375061,3869.6
796.49408,3884.6
796.613037,3880.0
796.732117,3834.0
796.851135,3893.6
796.970154,3886.0
797.089233,3829.6
797.208191,3865.4
797.327271,3862.4
797.446228,3848.0
797.565186,3825.4
797.684265,3867.6
797.803223,3862.0
797.922241,3840.2
798.04126,3888.4
798.160278,3847.2
798.279297,3848.0
798.398315,3843.8
798.517273,3846.6
798.636292,3831.2
798.75531,3855.2
798.874268,3816.4
798.993286,3856.6
799.112244,3821.4
799.231323,3826.4
799.350281,3823.4
799.469238,3860.4
799.588257,3818.4
799.707153,3834.0
799.826111,3847.2
799.945129,3815.8
800.064087,3817.8
800.183044,3816.0
800.302063,3851.0
800.421021,3835.0
800.539978,3813.6
800.658936,3806.4
800.777893,3835.4
800.896912,3825.2
801.015747,3816.0
801.134705,3789.2
801.253723,3821.2
801.37262,3782.4
801.491638,3819.8
801.610535,3815.4
801.729492,3808.0
801.84845,3807.4
801.967407,3808.0
802.086243,3796.2
802.205261,3828.6
802.324158,3817.0
802.443115,3833.4
802.562073,3804.4
802.680969,3825.0
802.799927,3805.6
802.918762,3807.8
803.037659,3834.0
803.156677,3811.6
803.275574,3867.6
803.39447,3818.2
803.513428,3807.4
803.632263,3816.8
803.751221,3832.6
803.870117,3837.2
803.989014,3837.6
804.107971,3834.4
804.226746,3835.8
804.345642,3828.0
804.4646,3840.6
804.583496,3830.4
804.702393,3838.8
804.821228,3832.8
804.940125,3837.0
805.059021,3829.8
805.177917,3838.0
805.296814,3861.4
805.415649,3867.8
805.534546,3874.8
805.653442,3849.6
805.772278,3889.2
805.891113,3884.0
806.01001,3886.6
806.128906,3838.0
806.247742,3841.0
806.366577,3817.8
806.485413,3859.2
806.604309,3845.0
806.723145,3817.6
806.84198,3865.4
806.960876,3833.6
807.079712,3858.6
807.198486,3842.6
807.317383,3824.4
807.436218,3817.8
807.554993,3825.2
807.673889,3824.2
807.792725,3828.6
807.91156,3844.2
808.030396,3823.6
808.14917,3837.2
808.268005,3803.0
808.386841,3830.8
808.505676,3848.2
808.624451,3843.6
808.743286,3811.2
808.862122,3824.6
808.980896,3835.8
809.099731,3808.0
809.218506,3801.4
809.337341,3837.2
809.456116,3829.0
809.57489,3865.2
809.693726,3831.8
809.8125,3804.4
809.931274,3846.8
810.050049,3835.8
810.168884,3836.4
810.287659,3844.0
810.406372,3815.4
810.525269,3834.4
810.643982,3767.0
810.762756,3740.2
810.881531,3807.8
811.000305,3824.6
811.11908,3788.6
811.237854,3782.8
811.356567,3779.6
811.475403,3793.0
811.594116,3773.0
811.71283,3792.4
811.831604,3781.4
811.950378,3829.0
812.069153,3763.2
812.187927,3826.6
812.30658,3806.4
812.425415,3762.0
812.544128,3767.2
812.662781,3777.4
812.781616,3752.0
812.900269,3771.8
813.019043,3755.8
813.137756,3767.6
813.256531,3779.4
813.375244,3779.0
813.493896,3730.4
813.612671,3787.2
813.731384,3732.0
813.850037,3725.8
813.96875,3748.4
814.087524,3737.8
814.206238,3748.4
814.324951,3704.2
814.443604,3726.8
814.562256,3724.4
814.68103,3696.6
814.799683,3709.6
814.918335,3751.6
815.037109,3756.6
815.155762,3749.2
815.274475,3683.6
815.393188,3731.8
815.511841,3737.6
815.630554,3729.8
815.749146,3723.2
815.867859,3705.8
815.986572,3727.8
816.105164,3702.8
816.223877,3745.0
816.342529,3715.6
816.461182,3737.2
816.579895,3730.8
816.698486,3749.6
816.817139,3734.4
816.935791,3736.0
817.054504,3716.6
817.173096,3697.0
817.291748,3690.0
817.4104,3709.0
817.529053,3676.8
817.647644,3723.6
817.766235,3675.8
817.884949,3690.4
818.00354,3718.0
818.122192,3701.2
818.240845,3670.2
818.359436,3651.6
818.478088,3698.8
818.59668,3670.2
818.715271,3638.0
818.833923,3663.4
818.952515,3622.2
819.071106,3632.2
819.189758,3659.2
819.30835,3659.8
819.426941,3617.4
819.545532,3661.0
819.664124,3654.8
819.782715,3663.0
819.901306,3655.4
820.019897,3645.8
820.138489,3671.0
820.25708,3676.4
820.375671,3670.4
820.494202,3670.2
820.612732,3638.4
820.731384,3597.0
820.849915,3648.2
820.968506,3622.4
821.087097,3632.2
821.205627,3667.2
821.324158,3642.0
821.442749,3630.8
821.561279,3603.4
821.679871,3626.4
821.798401,3602.0
821.916931,3620.6
822.035461,3606.0
822.154053,3603.2
822.272583,3592.0
822.391174,3590.4
822.509583,3574.0
822.628174,3593.0
822.746704,3622.4
822.865234,3583.2
822.983765,3622.8
823.102295,3598.4
823.220825,3585.2
823.339294,3595.4
823.457825,3588.2
823.576355,3602.8
823.694824,3622.4
823.813354,3619.8
823.931885,3612.6
824.050354,3596.0
824.168884,3602.0
824.287354,3576.8
824.405823,3594.2
824.524353,3605.0
824.642822,3625.2
824.761353,3632.4
824.879822,3561.2
824.998291,3564.8
825.116699,3556.6
825.235291,3633.0
825.353699,3594.8
825.472168,3539.8
825.590637,3597.6
825.709106,3595.4
825.827576,3559.4
825.946045,3526.0
826.064453,3591.0
826.182983,3531.8
826.301392,3563.0
826.4198,3579.6
826.53833,3563.4
826.656738,3546.0
826.775208,3567.4
826.893677,3560.0
827.012024,3513.6
827.130493,3533.6
827.248962,3524.4
827.36731,3528.6
827.485779,3544.0
827.604248,3515.8
827.722595,3544.0
827.841064,3499.8
827.959412,3519.2
828.077942,3517.4
828.196289,3560.8
828.314636,3504.0
828.433105,3480.6
828.551514,3497.0
828.669861,3494.4
828.78833,3479.0
828.906677,3508.4
829.025085,3507.6
829.143433,3534.8
829.261841,3514.2
829.38031,3480.0
829.498657,3494.0
829.617004,3483.0
829.735413,3501.8
829.85376,3470.8
829.972107,3493.0
830.090515,3506.4
830.208862,3492.8
830.327209,3502.4
830.445557,3522.6
830.563904,3502.4
830.682312,3518.2
830.800659,3500.0
830.919006,3526.4
831.037354,3493.4
831.155701,3497.4
831.274048,3504.8
831.392395,3493.0
831.51062,3502.6
831.629028,3484.0
831.747314,3506.4
831.865662,3509.0
831.984009,3498.4
832.102356,3533.4
832.220642,3492.6
832.338928,3490.0
832.457275,3471.8
832.575623,3475.0
832.693909,3475.2
832.812134,3497.6
832.930481,3497.2
833.048828,3472.8
833.167114,3504.6
833.2854,3442.6
833.403687,3477.0
833.521973,3475.4
833.640259,3464.8
833.758545,3471.8
833.876831,3433.8
833.995056,3457.8
834.113281,3462.2
834.231628,3483.2
834.349915,3435.4
834.468201,3474.8
834.586426,3457.6
834.704651,3472.4
834.822998,3459.2
834.941162,3466.0
835.059448,3474.2
835.177673,3490.6
835.295959,3481.8
835.414246,3485.0
835.53241,3468.2
835.650635,3483.4
835.768921,3404.6
835.887146,3448.4
836.005371,3463.8
836.123596,3474.0
836.241821,3429.6
836.360046,3465.8
836.478271,3462.8
836.596497,3469.6
836.714722,3426.4
836.832886,3443.4
836.95105,3416.6
837.069336,3446.2
837.1875,3465.2
837.305725,3463.0
837.423889,3452.0
837.542053,3444.8
837.660339,3437.8
837.778503,3447.4
837.896667,3461.6
838.014832,3444.2
838.132996,3443.8
838.25116,3440.8
838.369385,3448.0
838.487488,3459.4
838.605713,3439.6
838.723877,3485.4
838.84198,3470.0
838.960205,3440.4
839.078308,3464.6
839.196472,3444.4
839.314636,3456.2
839.4328,3439.0
839.550964,3436.8
839.669067,3452.8
839.787231,3427.0
839.905396,3412.8
840.023499,3430.0
840.141602,3416.8
840.259766,3415.0
840.377869,3408.4
840.495972,3450.0
840.614136,3363.6
840.732239,3414.0
840.850342,3405.6
840.968445,3386.6
841.086548,3386.6
841.204651,3391.4
841.322754,3411.8
841.440918,3372.8
841.55896,3423.2
841.677002,3401.6
841.795166,3391.4
841.913208,3378.4
842.031311,3394.2
842.149353,3394.8
842.267456,3394.4
842.385498,3395.2
842.503601,3404.6
842.621643,3367.8
842.739746,3368.2
842.857788,3368.2
842.97583,3389.8
843.093933,3375.8
843.211975,3418.6
843.330017,3402.8
843.44812,3408.8
843.566101,3350.6
843.684204,3406.2
843.802246,3381.0
843.920227,3411.8
844.038269,3414.2
844.156311,3398.4
844.274292,3373.4
844.392395,3407.6
844.510376,3391.8
844.628357,3399.4
844.74646,3368.8
844.864441,3371.4
844.982422,3386.0
845.100403,3375.4
845.218384,3400.6
845.336426,3360.0
845.454468,3392.2
845.572449,3355.8
845.69043,3391.4
845.808411,3402.6
845.926453,3394.4
846.044373,3375.8
846.162354,3350.0
846.280396,3363.4
846.398315,3392.8
846.516296,3389.4
846.634216,3343.8
846.752197,3386.2
846.870178,3387.6
846.988098,3360.6
847.106079,3369.4
847.22406,3385.2
847.34198,3355.8
847.4599,3363.4
847.577881,3380.6
847.695801,3397.6
847.813782,3367.0
847.931641,3359.6
848.049561,3375.4
848.167603,3360.4
848.285461,3368.0
848.403381,3381.8
848.521362,3401.8
848.639221,3392.0
848.75708,3377.0
848.875,3386.0
848.99292,3365.2
849.110901,3391.6
849.22876,3371.2
849.34668,3364.6
849.464539,3368.0
849.582458,3386.6
849.700317,3352.6
849.818176,3345.2
849.936096,3350.2
850.053955,3379.0
850.171875,3364.4
850.289673,3371.6
850.407593,3360.6
850.525452,3366.4
850.643311,3357.8
850.761169,3373.0
850.878967,3356.2
850.996887,3399.6
851.114746,3350.2
851.232544,3367.6
851.350403,3386.2
851.468262,3392.8
851.58606,3385.8
851.703979,3350.8
851.821777,3388.0
851.939636,3381.8
852.057434,3382.0
852.175232,3396.2
852.293091,3336.0
852.410889,3398.0
852.528687,3390.8
852.646545,3402.0
852.764343,3343.6
852.88208,3410.4
852.999939,3393.4
853.117676,3389.2
853.235535,3384.8
853.353271,3422.6
853.471069,3380.0
853.588928,3360.6
853.706604,3400.6
853.824402,3423.8
853.9422,3387.8
854.059998,3368.8
854.177734,3384.0
854.295532,3382.4
854.413269,3362.4
854.531006,3386.2
854.648804,3379.6
854.766541,3395.0
854.884277,3379.6
855.002014,3394.8
855.119751,3418.8
855.237549,3380.0
855.355225,3426.8
855.473022,3402.8
855.590698,3426.6
855.708435,3395.0
855.826172,3366.4
855.943848,3438.2
856.061646,3410.0
856.179321,3379.4
856.296997,3405.6
856.414795,3404.0
856.53241,3412.2
856.650085,3391.2
856.767822,3403.0
856.885559,3416.4
857.003174,3398.4
857.120911,3405.2
857.238586,3363.8
857.356201,3386.8
857.473938,3366.6
857.591614,3393.2
857.709351,3396.2
857.826965,3390.0
857.944641,3368.6
858.062317,3405.0
858.179993,3379.8
858.297668,3383.4
858.415283,3372.0
858.532959,3385.2
858.650574,3375.0
858.768188,3409.4
858.885803,3427.2
859.003479,3393.4
859.121094,3357.8
859.23877,3378.0
859.356384,3371.8
859.473999,3355.2
859.591675,3360.8
859.709229,3384.2
859.826843,3394.6
859.944458,3367.8
860.062012,3368.4
860.179626,3374.4
860.297302,3365.4
860.414856,3360.6
860.532471,3367.8
860.650024,3379.8
860.767639,3371.8
860.885193,3362.8
861.002808,3365.4
861.120361,3406.4
861.237976,3354.4
861.35553,3384.4
861.473022,3341.8
861.590698,3353.0
861.708191,3376.2
861.825745,3354.0
861.943298,3361.0
862.060852,3373.6
862.178406,3323.2
862.295959,3339.8
862.413513,3344.4
862.531006,3320.0
862.64856,3332.8
862.766113,3355.8
862.883667,3348.4
863.00116,3361.0
863.118713,3354.8
863.236206,3380.8
863.353699,3356.4
863.471252,3347.8
863.588745,3342.8
863.706177,3371.2
863.82373,3373.0
863.941162,3330.8
864.058716,3346.6
864.176208,3370.8
864.29364,3365.6
864.411194,3373.2
864.528687,3378.4
864.646118,3360.0
864.763611,3339.2
864.881042,3360.4
864.998535,3328.2
865.116028,3380.4
865.233459,3332.4
865.350891,3340.4
865.468384,3361.2
865.585754,3353.8
865.703308,3344.6
865.820679,3363.6
865.938171,3355.4
866.055542,3378.0
866.173035,3364.2
866.290466,3364.0
866.407837,3365.4
866.52533,3409.4
866.6427,3381.6
866.760071,3391.6
866.877563,3390.4
866.994934,3340.0
867.112305,3377.2
867.229736,3380.0
867.347107,3344.8
867.464539,3342.4
867.58197,3341.0
867.699341,3358.6
867.81665,3355.6
867.934082,3333.0
868.051453,3329.6
868.168823,3359.6
868.286194,3339.0
868.403564,3398.0
868.520935,3353.8
868.638306,3363.6
868.755676,3336.8
868.872986,3356.2
868.990295,3333.2
869.107727,3370.0
869.225037,3346.4
869.342346,3385.6
869.459717,3355.2
869.577026,3378.6
869.694336,3332.8
869.811707,3354.8
869.929016,3370.0
870.046326,3366.4
870.163635,3349.8
870.280945,3378.8
870.398254,3338.2
870.515564,3353.0
870.632812,3346.4
870.750183,3328.6
870.867432,3328.4
870.984741,3317.6
871.102051,3329.2
871.219299,3336.0
871.336609,3355.8
871.453918,3344.4
871.571106,3315.4
871.688416,3333.0
871.805664,3327.0
871.922852,3354.6
872.040222,3337.0
872.157471,3357.6
872.274719,3355.2
872.391968,3345.2
872.509155,3362.0
872.626465,3351.6
872.743652,3349.6
872.860962,3325.8
872.978149,3334.0
873.095337,3371.6
873.212646,3357.0
873.329834,3312.6
873.44696,3333.6
873.564209,3341.0
873.681396,3330.0
873.798645,3339.6
873.915894,3358.4
874.03302,3339.8
874.150208,3317.8
874.267456,3313.0
874.384583,3325.4
874.501831,3284.8
874.618958,3318.4
874.736145,3341.2
874.853333,3330.2
874.970459,3348.8
875.087646,3352.8
875.204834,3341.2
875.32196,3313.0
875.439148,3347.2
875.556274,3348.4
875.673401,3352.4
875.790527,3293.6
875.907715,3349.2
876.024841,3316.8
876.141968,3341.8
876.259094,3316.8
876.376282,3314.4
876.493347,3350.8
876.610474,3333.6
876.7276,3318.8
876.844727,3344.0
876.961853,3302.8
877.078918,3340.6
877.195984,3349.2
877.313171,3335.6
877.430237,3357.8
877.547302,3353.8
877.664368,3329.4
877.781433,3338.2
877.898499,3357.0
878.015625,3323.6
878.13269,3333.6
878.249695,3349.0
878.366821,3323.6
878.483887,3355.4
878.600952,3362.0
878.717957,3382.4
878.834961,3362.2
878.952087,3373.8
879.069092,3342.8
879.186157,3354.8
879.303162,3338.0
879.420227,3358.4
879.537231,3346.0
879.654236,3362.0
879.77124,3356.4
879.888306,3357.6
880.005249,3351.8
880.122314,3305.0
880.239319,3354.6
880.356323,3317.0
880.473328,3318.4
880.590271,3315.0
880.707275,3304.8
880.824341,3313.0
880.941284,3312.4
881.058228,3286.2
881.175232,3324.8
881.292236,3312.0
881.40918,3350.8
881.526123,3366.8
881.643066,3357.4
881.760071,3369.6
881.877014,3336.4
881.993958,3351.6
882.11084,3343.8
882.227783,3350.2
882.344727,3338.0
882.46167,3315.6
882.578613,3299.2
882.695618,3334.2
882.812439,3299.8
882.929382,3320.2
883.046326,3315.6
883.163208,3329.6
883.280151,3322.0
883.397034,3311.2
883.513916,3328.8
883.630798,3334.4
883.747742,3355.8
883.864563,3331.8
883.981506,3323.4
884.098389,3324.8
884.21521,3344.0
884.332153,3317.0
884.448975,3334.8
884.565796,3330.6
884.682678,3331.6
884.7995,3339.0
884.916443,3318.6
885.033264,3358.6
885.150085,3321.0
885.266968,3329.6
885.383789,3344.0
885.500671,3338.6
885.617493,3362.2
885.734314,3343.0
885.851196,3356.4
885.967896,3329.2
886.084717,3371.8
886.201599,3348.8
886.318359,3333.2
886.435181,3349.0
886.552002,3363.8
886.668762,3323.4
886.785645,3360.0
886.902344,3352.0
887.019165,3342.0
887.135925,3350.6
887.252747,3355.8
887.369446,3343.6
887.486267,3350.2
887.603027,3294.6
887.719788,3331.4
887.836548,3374.2
887.953247,3325.4
888.070068,3353.4
888.186829,3355.8
888.303528,3345.0
888.420288,3346.0
888.536987,3327.0
888.653687,3362.0
888.770447,3361.4
888.887146,3390.8
889.003967,3377.0
889.120667,3357.4
889.237305,3342.8
889.354065,3354.6
889.470703,3337.8
889.587463,3354.8
889.704163,3353.4
889.820862,3344.8
889.937561,3333.6
890.054199,3336.0
890.170837,3364.0
890.287598,3339.0
890.404236,3350.2
890.520874,3337.8
890.637634,3374.0
890.754211,3362.4
890.87085,3360.0
890.987549,3367.2
891.104187,3393.8
891.220886,3366.6
891.337463,3369.6
891.454102,3363.0
891.57074,3347.6
891.687378,3358.4
891.804077,3393.2
891.920654,3346.8
892.037231,3316.4
892.15387,3353.4
892.270447,3347.0
892.387085,3341.0
892.503723,3330.6
892.6203,3341.2
892.736877,3348.4
892.853516,3341.2
892.970032,3361.0
893.08667,3307.6
893.203186,3372.6
893.319763,3342.0
893.43634,3343.2
893.552917,3369.0
893.669556,3362.8
893.786011,3333.6
893.902588,3337.6
894.019165,3353.8
894.135681,3328.0
894.252197,3372.4
894.368835,3376.0
894.485291,3371.2
894.601868,3333.4
894.718384,3380.0
894.8349,3367.8
894.951355,3340.2
895.067932,3361.8
895.184448,3372.8
895.300964,3365.6
895.417419,3374.2
895.533936,3376.6
895.650452,3347.2
895.766907,3387.0
895.883423,3395.6
895.999878,3375.6
896.116333,3370.2
896.232849,3355.8
896.349304,3315.8
896.465759,3348.6
896.582214,3350.4
896.698669,3340.4
896.815125,3333.8
896.931641,3353.4
897.048035,3346.2
897.164551,3380.2
897.280884,3353.8
897.397339,3330.2
897.513794,3359.4
897.630249,3389.0
897.746582,3402.4
897.863098,3373.8
897.979431,3381.2
898.095886,3368.4
898.212341,3359.4
898.328674,3372.4
898.445129,3342.8
898.561462,3348.0
898.677795,3370.2
898.794312,3375.6
898.910645,3324.6
899.026978,3305.0
899.143433,3353.8
899.259766,3342.0
899.37616,3315.4
899.492493,3354.4
899.608765,3323.4
899.725159,3355.6
899.841553,3349.2
899.957947,3329.2
900.07428,3356.6
900.190552,3349.6
900.306946,3379.4
900.423157,3371.8
900.53949,3351.0
900.655884,3357.2
900.772156,3312.8
900.888489,3339.8
901.004822,3363.6
901.121033,3325.6
901.237366,3320.4
901.353699,3354.2
901.46991,3337.6
901.586304,3323.2
901.702515,3302.8
901.818787,3302.8
901.93512,3354.6
902.051331,3339.4
902.167603,3347.4
902.283875,3357.2
902.400085,3329.0
902.516418,3309.8
902.632629,3302.6
902.74884,3359.4
902.865112,3345.8
902.981384,3320.2
903.097595,3334.6
903.213867,3362.6
903.330017,3338.0
903.446289,3339.8
903.5625,3358.2
903.67865,3358.0
903.794922,3360.4
903.911072,3338.8
904.027344,3328.8
904.143494,3354.4
904.259705,3337.0
904.375916,3327.4
904.492065,3324.6
904.608215,3334.4
904.724426,3330.4
904.840576,3317.0
904.956726,3329.0
905.072876,3332.8
905.189087,3341.2
905.305176,3353.4
905.421387,3356.8
905.537537,3364.6
905.653687,3337.0
905.769775,3387.0
905.885925,3382.0
906.002014,3342.6
906.118164,3367.4
906.234314,3329.4
906.350403,3368.2
906.466492,3351.6
906.582642,3354.8
906.69873,3351.8
906.814758,3374.0
906.930908,3316.2
907.046936,3304.8
907.163086,3354.2
907.279175,3354.4
907.395264,3368.4
907.511353,3341.2
907.62738,3337.0
907.743408,3325.0
907.859497,3363.6
907.975525,3391.2
908.091553,3366.0
908.207703,3354.8
908.32373,3332.8
908.439758,3352.8
908.555786,3384.4
908.671814,3387.2
908.787842,3337.6
908.90387,3387.8
909.019775,3319.8
909.135864,3313.8
909.251892,3363.8
909.367859,3340.4
909.483826,3337.0
909.599854,3328.8
909.715881,3339.8
909.831848,3378.8
909.947815,3350.4
910.063782,3348.4
910.179749,3354.2
910.295776,3321.8
910.411743,3375.8
910.527649,3372.4
910.643616,3373.8
910.759583,3366.6
910.875488,3368.2
910.991455,3403.8
911.107361,3350.6
911.223267,3361.4
911.339294,3353.0
911.4552,3361.2
911.571106,3377.4
911.687073,3375.4
911.802979,3360.6
911.918823,3340.2
912.034729,3358.8
912.150635,3350.2
912.266602,3350.2
912.382446,3323.8
912.498352,3293.2
912.614197,3335.6
912.730103,3326.6
912.846008,3315.2
792.44574,3943.2
792.56488,3941.2
792.68396,3968.6
792.80304,3942.2
792.92218,3861.2
793.041199,3884.8
793.160339,3892.6
793.279419,3886.2
793.398499,3860.4
793.517578,3871.4
793.636658,3826.6
793.755737,3863.0
793.874817,3845.8
793.993896,3824.2
794.112976,3813.6
794.232056,3821.4
794.351074,3794.0
794.470215,3803.0
794.589233,3787.0
794.708313,3805.4
794.827393,3830.6
794.946411,3774.4
795.065552,3773.4
795.18457,3790.2
795.303589,3786.4
795.422668,3777.2
795.541687,3759.4
795.660767,3804.0
795.779846,3739.8
795.898865,3731.8
796.017883,3765.0
796.136963,3766.2
796.255981,3743.0
796.375061,3753.4
796.49408,3739.4
796.613037,3747.0
796.732117,3715.6
796.851135,3743.0
796.970154,3702.8
797.089233,3716.6
797.208191,3714.4
797.327271,3711.6
797.446228,3730.4
797.565186,3713.4
797.684265,3766.8
797.803223,3692.0
797.922241,3684.8
798.04126,3728.2
798.160278,3681.8
798.279297,3704.2
798.398315,3692.8
798.517273,3662.0
798.636292,3688.8
798.75531,3720.6
798.874268,3673.6
798.993286,3699.4
799.112244,3631.6
799.231323,3648.6
799.350281,3659.2
799.469238,3645.4
799.588257,3690.0
799.707153,3656.2
799.826111,3667.4
799.945129,3640.8
800.064087,3665.2
800.183044,3666.6
800.302063,3705.0
800.421021,3674.2
800.539978,3659.4
800.658936,3639.0
800.777893,3685.4
800.896912,3674.2
801.015747,3657.4
801.134705,3636.6
801.253723,3660.8
801.37262,3635.6
801.491638,3678.2
801.610535,3661.6
801.729492,3637.8
801.84845,3647.8
801.967407,3665.0
802.086243,3663.2
802.205261,3656.2
802.324158,3645.6
802.443115,3665.4
802.562073,3650.2
802.680969,3667.2
802.799927,3648.2
802.918762,3645.6
803.037659,3661.2
803.156677,3651.6
803.275574,3646.2
803.39447,3673.6
803.513428,3651.4
803.632263,3670.2
803.751221,3663.8
803.870117,3659.8
803.989014,3632.8
804.107971,3635.6
804.226746,3682.4
804.345642,3619.0
804.4646,3685.0
804.583496,3645.2
804.702393,3644.4
804.821228,3652.6
804.940125,3657.0
805.059021,3628.4
805.177917,3653.8
805.296814,3675.0
805.415649,3691.2
805.534546,3645.0
805.653442,3656.8
805.772278,3670.8
805.891113,3667.2
806.01001,3665.0
806.128906,3637.4
806.247742,3658.8
806.366577,3620.4
806.485413,3658.4
806.604309,3638.0
806.723145,3629.8
806.84198,3663.0
806.960876,3640.0
807.079712,3596.8
807.198486,3649.8
807.317383,3653.0
807.436218,3631.0
807.554993,3630.8
807.673889,3614.6
807.792725,3616.8
807.91156,3622.8
808.030396,3630.4
808.14917,3605.0
808.268005,3611.0
808.386841,3618.6
808.505676,3641.2
808.624451,3631.6
808.743286,3585.6
808.862122,3635.8
808.980896,3589.4
809.099731,3563.6
809.218506,3628.2
809.337341,3615.6
809.456116,3582.8
809.57489,3623.6
809.693726,3621.2
809.8125,3619.2
809.931274,3609.8
810.050049,3626.6
810.168884,3578.2
810.287659,3597.0
810.406372,3599.0
810.525269,3608.0
810.643982,3572.4
810.762756,3576.0
810.881531,3590.6
811.000305,3610.8
811.11908,3573.8
811.237854,3547.8
811.356567,3566.2
811.475403,3608.6
811.594116,3556.0
811.71283,3635.0
811.831604,3598.8
811.950378,3596.4
812.069153,3596.6
812.187927,3590.6
812.30658,3579.4
812.425415,3554.8
812.544128,3549.0
812.662781,3571.4
812.781616,3548.8
812.900269,3538.4
813.019043,3576.6
813.137756,3564.6
813.256531,3601.6
813.375244,3564.6
813.493896,3565.0
813.612671,3547.2
813.731384,3540.8
813.850037,3531.2
813.96875,3560.8
814.087524,3556.0
814.206238,3521.8
814.324951,3531.8
814.443604,3500.4
814.562256,3493.4
814.68103,3520.4
814.799683,3533.0
814.918335,3523.2
815.037109,3514.2
815.155762,3546.2
815.274475,3538.0
815.393188,3526.8
815.511841,3545.8
815.630554,3543.4
815.749146,3481.2
815.867859,3491.2
815.986572,3526.2
816.105164,3497.6
816.223877,3503.6
816.342529,3486.8
816.461182,3491.4
816.579895,3497.4
816.698486,3522.4
816.817139,3499.2
816.935791,3507.0
817.054504,3496.8
817.173096,3488.0
817.291748,3492.4
817.4104,3517.0
817.529053,3476.8
817.647644,3501.4
817.766235,3472.4
817.884949,3433.6
818.00354,3436.6
818.122192,3473.0
818.240845,3450.0
818.359436,3455.6
818.478088,3469.6
818.59668,3470.2
818.715271,3465.6
818.833923,3452.8
818.952515,3455.6
819.071106,3432.0
819.189758,3447.2
819.30835,3394.2
819.426941,3427.2
819.545532,3439.2
819.664124,3432.6
819.782715,3440.0
819.901306,3431.0
820.019897,3415.8
820.138489,3434.2
820.25708,3413.0
820.375671,3418.2
820.494202,3419.4
820.612732,3416.2
820.731384,3413.8
820.849915,3376.6
820.968506,3402.4
821.087097,3388.2
821.205627,3373.6
821.324158,3400.8
821.442749,3430.0
821.561279,3363.8
821.679871,3362.8
821.798401,3382.4
821.916931,3388.6
822.035461,3374.0
822.154053,3393.0
822.272583,3374.6
822.391174,3384.8
822.509583,3380.6
822.628174,3397.4
822.746704,3389.6
822.865234,3372.0
822.983765,3393.4
823.102295,3403.0
823.220825,3364.2
823.339294,3376.6
823.457825,3379.8
823.576355,3354.0
823.694824,3363.6
823.813354,3344.8
823.931885,3347.6
824.050354,3359.0
824.168884,3352.2
824.287354,3366.8
824.405823,3329.6
824.524353,3370.8
824.642822,3373.6
824.761353,3363.6
824.879822,3346.2
824.998291,3333.0
825.116699,3369.0
825.235291,3354.2
825.353699,3346.2
825.472168,3321.8
825.590637,3344.0
825.709106,3324.6
825.827576,3323.0
825.946045,3317.8
826.064453,3321.6
826.182983,3313.4
826.301392,3304.8
826.4198,3329.6
826.53833,3341.8
826.656738,3303.4
826.775208,3311.8
826.893677,3313.2
827.012024,3272.6
827.130493,3263.2
827.248962,3295.2
827.36731,3267.4
827.485779,3299.8
827.604248,3325.8
827.722595,3309.0
827.841064,3240.8
827.959412,3281.0
828.077942,3269.0
828.196289,3268.0
828.314636,3236.4
828.433105,3274.4
828.551514,3265.8
828.669861,3274.8
828.78833,3251.6
828.906677,3261.4
829.025085,3286.6
829.143433,3283.8
829.261841,3268.8
829.38031,3248.6
829.498657,3270.4
829.617004,3266.6
829.735413,3284.2
829.85376,3264.0
829.972107,3246.2
830.090515,3255.0
830.208862,3276.6
830.327209,3234.0
830.445557,3235.8
830.563904,3255.4
830.682312,3265.2
830.800659,3231.6
830.919006,3276.6
831.037354,3246.8
831.155701,3273.4
831.274048,3246.4
831.392395,3229.0
831.51062,3261.0
831.629028,3235.8
831.747314,3235.6
831.865662,3252.8
831.984009,3240.4
832.102356,3261.6
832.220642,3212.0
832.338928,3248.4
832.457275,3250.8
832.575623,3249.6
832.693909,3236.0
832.812134,3274.8
832.930481,3226.6
833.048828,3239.2
833.167114,3245.0
833.2854,3220.6
833.403687,3254.6
833.521973,3228.8
833.640259,3213.8
833.758545,3238.6
833.876831,3205.2
833.995056,3227.4
834.113281,3242.0
834.231628,3227.8
834.349915,3209.8
834.468201,3246.2
834.586426,3212.8
834.704651,3200.2
834.822998,3192.0
834.941162,3256.6
835.059448,3202.6
835.177673,3242.2
835.295959,3214.8
835.414246,3227.8
835.53241,3242.8
835.650635,3211.2
835.768921,3208.8
835.887146,3198.6
836.005371,3218.0
836.123596,3221.4
836.241821,3209.0
836.360046,3229.4
836.478271,3230.8
836.596497,3224.4
836.714722,3187.6
836.832886,3220.0
836.95105,3193.2
837.069336,3219.0
837.1875,3213.8
837.305725,3174.2
837.423889,3217.2
837.542053,3215.4
837.660339,3215.2
837.778503,3225.4
837.896667,3191.2
838.014832,3210.2
838.132996,3188.8
838.25116,3211.8
838.369385,3228.4
838.487488,3194.8
838.605713,3212.0
838.723877,3188.2
838.84198,3216.0
838.960205,3158.6
839.078308,3181.0
839.196472,3154.6
839.314636,3195.6
839.4328,3206.2
839.550964,3174.2
839.669067,3174.4
839.787231,3166.4
839.905396,3188.6
840.023499,3171.0
840.141602,3147.6
840.259766,3171.4
840.377869,3168.2
840.495972,3169.8
840.614136,3167.4
840.732239,3162.6
840.850342,3150.4
840.968445,3166.8
841.086548,3142.6
841.204651,3132.0
841.322754,3149.2
841.440918,3140.8
841.55896,3174.4
841.677002,3153.8
841.795166,3146.4
841.913208,3176.6
842.031311,3183.8
842.149353,3141.8
842.267456,3162.8
842.385498,3150.0
842.503601,3153.4
842.621643,3146.6
842.739746,3160.0
842.857788,3153.2
842.97583,3163.0
843.093933,3161.6
843.211975,3211.8
843.330017,3171.0
843.44812,3152.0
843.566101,3168.0
843.684204,3162.0
843.802246,3153.6
843.920227,3182.4
844.038269,3182.4
844.156311,3185.0
844.274292,3164.6
844.392395,3155.6
844.510376,3136.2
844.628357,3118.6
844.74646,3138.0
844.864441,3165.6
844.982422,3151.4
845.100403,3146.6
845.218384,3146.2
845.336426,3147.6
845.454468,3174.4
845.572449,3150.8
845.69043,3149.6
845.808411,3154.8
845.926453,3143.0
846.044373,3113.6
846.162354,3155.6
846.280396,3146.2
846.398315,3108.8
846.516296,3120.0
846.634216,3144.6
846.752197,3126.0
846.870178,3133.8
846.988098,3108.4
847.106079,3112.0
847.22406,3154.6
847.34198,3144.0
847.4599,3136.2
847.577881,3138.2
847.695801,3114.8
847.813782,3139.2
847.931641,3160.8
848.049561,3166.0
848.167603,3117.0
848.285461,3134.2
848.403381,3176.6
848.521362,3127.0
848.639221,3179.0
848.75708,3144.8
848.875,3141.0
848.99292,3149.6
849.110901,3153.6
849.22876,3157.0
849.34668,3162.6
849.464539,3121.6
849.582458,3115.6
849.700317,3094.4
849.818176,3158.6
849.936096,3119.4
850.053955,3124.8
850.171875,3122.0
850.289673,3110.6
850.407593,3127.4
850.525452,3125.0
850.643311,3105.0
850.761169,3115.0
850.878967,3135.4
850.996887,3149.6
851.114746,3124.6
851.232544,3160.6
851.350403,3141.2
851.468262,3144.6
851.58606,3124.4
851.703979,3128.8
851.821777,3138.2
851.939636,3130.6
852.057434,3134.2
852.175232,3177.8
852.293091,3139.6
852.410889,3125.6
852.528687,3152.4
852.646545,3152.8
852.764343,3141.4
852.88208,3141.6
852.999939,3155.2
853.117676,3146.4
853.235535,3122.8
853.353271,3168.6
853.471069,3117.8
853.588928,3134.2
853.706604,3125.2
853.824402,3154.0
853.9422,3175.4
854.059998,3131.6
854.177734,3186.4
854.295532,3127.2
854.413269,3153.8
854.531006,3151.4
854.648804,3140.4
854.766541,3138.2
854.884277,3153.2
855.002014,3167.6
855.119751,3187.4
855.237549,3164.8
855.355225,3196.4
855.473022,3189.6
855.590698,3137.8
855.708435,3156.6
855.826172,3153.4
855.943848,3178.0
856.061646,3163.2
856.179321,3163.4
856.296997,3129.6
856.414795,3158.4
856.53241,3168.0
856.650085,3170.8
856.767822,3134.8
856.885559,3163.6
857.003174,3145.2
857.120911,3165.2
857.238586,3134.6
857.356201,3138.6
857.473938,3116.2
857.591614,3153.2
857.709351,3130.6
857.826965,3154.0
857.944641,3129.0
858.062317,3145.4
858.179993,3127.2
858.297668,3155.0
858.415283,3145.6
858.532959,3159.6
858.650574,3137.6
858.768188,3152.8
858.885803,3182.4
859.003479,3151.0
859.121094,3159.4
859.23877,3145.6
859.356384,3137.8
859.473999,3120.6
859.591675,3120.8
859.709229,3127.0
859.826843,3122.8
859.944458,3123.6
860.062012,3112.6
860.179626,3122.0
860.297302,3123.4
860.414856,3142.4
860.532471,3121.4
860.650024,3144.4
860.767639,3108.8
860.885193,3164.2
861.002808,3126.2
861.120361,3128.2
861.237976,3141.8
861.35553,3128.2
861.473022,3131.6
861.590698,3127.6
861.708191,3131.8
861.825745,3131.2
861.943298,3100.6
862.060852,3146.8
862.178406,3119.4
862.295959,3117.8
862.413513,3120.4
862.531006,3116.2
862.64856,3105.2
862.766113,3144.6
862.883667,3118.8
863.00116,3103.0
863.118713,3102.8
863.236206,3125.6
863.353699,3091.0
863.471252,3121.8
863.588745,3111.0
863.706177,3133.6
863.82373,3099.4
863.941162,3103.8
864.058716,3095.2
864.176208,3103.2
864.29364,3121.0
864.411194,3116.0
864.528687,3128.4
864.646118,3135.8
864.763611,3071.4
864.881042,3138.0
864.998535,3117.0
865.116028,3109.0
865.233459,3106.8
865.350891,3069.2
865.468384,3127.8
865.585754,3141.6
865.703308,3116.8
865.820679,3117.2
865.938171,3118.4
866.055542,3134.8
866.173035,3120.6
866.290466,3121.0
866.407837,3123.0
866.52533,3106.0
866.6427,3129.0
866.760071,3135.4
866.877563,3137.6
866.994934,3131.2
867.112305,3117.2
867.229736,3139.4
867.347107,3121.0
867.464539,3129.2
867.58197,3082.6
867.699341,3110.8
867.81665,3104.2
867.934082,3089.6
868.051453,3095.2
868.168823,3146.6
868.286194,3112.6
868.403564,3131.6
868.520935,3108.0
868.638306,3143.4
868.755676,3137.8
868.872986,3132.6
868.990295,3135.8
869.107727,3163.6
869.225037,3106.6
869.342346,3129.2
869.459717,3118.2
869.577026,3097.0
869.694336,3105.2
869.811707,3091.6
869.929016,3103.8
870.046326,3112.6
870.163635,3111.0
870.280945,3085.4
870.398254,3065.4
870.515564,3094.4
870.632812,3076.4
870.750183,3119.6
870.867432,3105.6
870.984741,3128.0
871.102051,3102.2
871.219299,3108.8
871.336609,3115.2
871.453918,3115.0
871.571106,3116.6
871.688416,3125.6
871.805664,3118.8
871.922852,3105.0
872.040222,3101.4
872.157471,3170.2
872.274719,3122.4
872.391968,3104.6
872.509155,3097.4
872.626465,3156.8
872.743652,3131.6
872.860962,3126.4
872.978149,3113.0
873.095337,3118.8
873.212646,3118.4
873.329834,3102.4
873.44696,3122.2
873.564209,3111.6
873.681396,3114.2
873.798645,3109.6
873.915894,3139.8
874.03302,3120.2
874.150208,3114.6
874.267456,3114.8
874.384583,3088.6
874.501831,3085.4
874.618958,3108.4
874.736145,3083.6
874.853333,3084.0
874.970459,3114.8
875.087646,3113.2
875.204834,3107.8
875.32196,3099.8
875.439148,3130.8
875.556274,3088.2
875.673401,3112.4
875.790527,3101.8
875.907715,3092.2
876.024841,3099.8
876.141968,3090.0
876.259094,3131.0
876.376282,3090.2
876.493347,3132.0
876.610474,3094.0
876.7276,3097.6
876.844727,3111.2
876.961853,3099.2
877.078918,3106.8
877.195984,3145.4
877.313171,3147.4
877.430237,3130.4
877.547302,3111.8
877.664368,3112.8
877.781433,3125.0
877.898499,3103.2
878.015625,3116.0
878.13269,3126.8
878.249695,3125.8
878.366821,3064.0
878.483887,3123.0
878.600952,3114.2
878.717957,3116.0
878.834961,3122.4
878.952087,3157.6
879.069092,3106.2
879.186157,3163.2
879.303162,3110.4
879.420227,3082.2
879.537231,3125.2
879.654236,3118.8
879.77124,3104.4
879.888306,3139.6
880.005249,3101.6
880.122314,3076.0
880.239319,3108.2
880.356323,3103.2
880.473328,3090.8
880.590271,3091.0
880.707275,3100.4
880.824341,3102.2
880.941284,3103.6
881.058228,3123.8
881.175232,3119.0
881.292236,3124.6
881.40918,3111.8
881.526123,3119.8
881.643066,3135.4
881.760071,3126.0
881.877014,3116.0
881.993958,3133.8
882.11084,3104.4
882.227783,3116.4
882.344727,3121.2
882.46167,3114.2
882.578613,3096.6
882.695618,3094.2
882.812439,3108.8
882.929382,3079.4
883.046326,3112.0
883.163208,3131.4
883.280151,3084.0
883.397034,3100.0
883.513916,3119.8
883.630798,3108.2
883.747742,3094.2
883.864563,3106.6
883.981506,3142.4
884.098389,3110.0
884.21521,3118.4
884.332153,3117.0
884.448975,3079.0
884.565796,3098.6
884.682678,3099.8
884.7995,3114.8
884.916443,3131.6
885.033264,3119.8
885.150085,3086.2
885.266968,3126.6
885.383789,3117.8
885.500671,3169.0
885.617493,3141.6
885.734314,3132.0
885.851196,3127.0
885.967896,3129.0
886.084717,3121.8
886.201599,3110.0
886.318359,3147.8
886.435181,3124.8
886.552002,3157.0
886.668762,3115.2
886.785645,3138.2
886.902344,3128.2
887.019165,3112.2
887.135925,3109.6
887.252747,3140.8
887.369446,3121.2
887.486267,3145.8
887.603027,3140.2
887.719788,3101.0
887.836548,3097.4
887.953247,3119.6
888.070068,3114.0
888.186829,3131.2
888.303528,3144.2
888.420288,3110.2
888.536987,3146.0
888.653687,3142.8
888.770447,3120.8
888.887146,3149.6
889.003967,3124.6
889.120667,3137.2
889.237305,3120.0
889.354065,3137.0
889.470703,3119.4
889.587463,3127.0
889.704163,3144.8
889.820862,3105.4
889.937561,3140.6
890.054199,3088.0
890.170837,3138.2
890.287598,3120.2
890.404236,3128.0
890.520874,3132.6
890.637634,3156.4
890.754211,3128.6
890.87085,3132.4
890.987549,3155.8
891.104187,3126.6
891.220886,3118.4
891.337463,3123.4
891.454102,3158.2
891.57074,3160.6
891.687378,3126.4
891.804077,3144.6
891.920654,3166.0
892.037231,3121.2
892.15387,3126.8
892.270447,3128.6
892.387085,3138.4
892.503723,3133.6
892.6203,3142.6
892.736877,3120.4
892.853516,3122.8
892.970032,3133.2
893.08667,3151.4
893.203186,3148.0
893.319763,3140.4
893.43634,3133.8
893.552917,3140.8
893.669556,3147.8
893.786011,3140.2
893.902588,3132.2
894.019165,3131.8
894.135681,3167.2
894.252197,3154.6
894.368835,3130.8
894.485291,3172.8
894.601868,3141.4
894.718384,3145.6
894.8349,3150.8
894.951355,3167.2
895.067932,3152.0
895.184448,3155.8
895.300964,3169.4
895.417419,3110.4
895.533936,3163.0
895.650452,3141.4
895.766907,3132.6
895.883423,3168.0
895.999878,3170.6
896.116333,3166.6
896.232849,3140.8
896.349304,3144.4
896.465759,3165.6
896.582214,3122.4
896.698669,3162.8
896.815125,3122.8
896.931641,3152.2
897.048035,3112.2
897.164551,3185.0
897.280884,3135.8
897.397339,3134.4
897.513794,3159.8
897.630249,3144.2
897.746582,3143.4
897.863098,3152.6
897.979431,3183.2
898.095886,3181.2
898.212341,3152.2
898.328674,3111.8
898.445129,3170.4
898.561462,3153.4
898.677795,3167.2
898.794312,3141.0
898.910645,3124.4
899.026978,3132.8
899.143433,3138.2
899.259766,3144.0
899.37616,3142.0
899.492493,3139.0
899.608765,3116.4
899.725159,3131.0
899.841553,3158.0
899.957947,3127.6
900.07428,3162.8
900.190552,3167.6
900.306946,3155.4
900.423157,3190.4
900.53949,3115.0
900.655884,3141.6
900.772156,3126.8
900.888489,3168.0
901.004822,3134.0
901.121033,3123.0
901.237366,3143.6
901.353699,3151.0
901.46991,3146.0
901.586304,3132.2
901.702515,3117.2
901.818787,3147.2
901.93512,3147.0
902.051331,3133.0
902.167603,3114.2
902.283875,3167.0
902.400085,3102.8
902.516418,3111.4
902.632629,3095.2
902.74884,3172.6
902.865112,3119.8
902.981384,3151.8
903.097595,3170.4
903.213867,3185.0
903.330017,3173.2
903.446289,3161.4
903.5625,3135.8
903.67865,3150.2
903.794922,3168.2
903.911072,3173.2
904.027344,3138.2
904.143494,3164.2
904.259705,3157.6
904.375916,3113.8
904.492065,3127.6
904.608215,3160.8
904.724426,3135.2
904.840576,3154.4
904.956726,3131.2
905.072876,3170.8
905.189087,3155.8
905.305176,3149.8
905.421387,3148.2
905.537537,3179.4
905.653687,3173.0
905.769775,3154.6
905.885925,3168.4
906.002014,3190.0
906.118164,3154.6
906.234314,3128.4
906.350403,3161.2
906.466492,3154.8
906.582642,3150.4
906.69873,3175.2
906.814758,3162.2
906.930908,3173.0
907.046936,3110.2
907.163086,3177.6
907.279175,3167.6
907.395264,3144.2
907.511353,3129.4
907.62738,3164.6
907.743408,3148.8
907.859497,3187.4
907.975525,3169.8
908.091553,3153.2
908.207703,3157.2
908.32373,3178.8
908.439758,3171.2
908.555786,3170.6
908.671814,3146.0
908.787842,3169.8
908.90387,3189.0
909.019775,3165.6
909.135864,3153.8
909.251892,3187.2
909.367859,3174.6
909.483826,3177.4
909.599854,3156.6
909.715881,3160.2
909.831848,3150.8
909.947815,3113.0
910.063782,3157.6
910.179749,3153.8
910.295776,3168.2
910.411743,3177.0
910.527649,3161.4
910.643616,3169.4
910.759583,3170.4
910.875488,3183.4
910.991455,3193.8
911.107361,3184.4
911.223267,3187.0
911.339294,3166.8
911.4552,3169.0
911.571106,3154.0
911.687073,3175.8
911.802979,3164.0
911.918823,3160.6
912.034729,3197.0
912.150635,3163.4
912.266602,3164.2
912.382446,3148.6
912.498352,3169.2
912.614197,3157.2
912.730103,3118.0
912.846008,3144.6
792.44574,7394.6
792.56488,7219.4
792.68396,7170.8
792.80304,7085.2
792.92218,7006.4
793.041199,6890.2
793.160339,6881.8
793.279419,6836.8
793.398499,7313.4
793.517578,6636.8
793.636658,6508.6
793.755737,6527.0
793.874817,6393.8
793.993896,6373.4
794.112976,6336.8
794.232056,6273.4
794.351074,6201.2
794.470215,6199.0
794.589233,6115.6
794.708313,6055.6
794.827393,6007.4
794.946411,5998.4
795.065552,5947.6
795.18457,5927.6
795.303589,5903.8
795.422668,5847.6
795.541687,5806.0
795.660767,5838.0
795.779846,5815.8
795.898865,5755.4
796.017883,5723.4
796.136963,5720.4
796.255981,5727.6
796.375061,5648.0
796.49408,5633.4
796.613037,5575.8
796.732117,5556.6
796.851135,5526.8
796.970154,5475.2
797.089233,5414.4
797.208191,5444.2
797.327271,5395.0
797.446228,5373.8
797.565186,5360.6
797.684265,5382.6
797.803223,5373.0
797.922241,5306.2
798.04126,5275.8
798.160278,5311.4
798.279297,5271.2
798.398315,5217.0
798.517273,5193.4
798.636292,5227.4
798.75531,5202.8
798.874268,5194.6
798.993286,5201.2
799.112244,5173.8
799.231323,5201.8
799.350281,5184.0
799.469238,5168.2
799.588257,5145.6
799.707153,5127.8
799.826111,5115.2
799.945129,5156.4
800.064087,5140.0
800.183044,5104.8
800.302063,5113.8
800.421021,5165.6
800.539978,5076.2
800.658936,5080.8
800.777893,5099.8
800.896912,5096.0
801.015747,5098.6
801.134705,5066.6
801.253723,5042.4
801.37262,5092.4
801.491638,5053.8
801.610535,5064.6
801.729492,5069.2
801.84845,5022.8
801.967407,5062.8
802.086243,5075.6
802.205261,4989.0
802.324158,5025.2
802.443115,5012.8
802.562073,4958.2
802.680969,4997.6
802.799927,4999.4
802.918762,5040.0
803.037659,5044.0
803.156677,5032.6
803.275574,5020.4
803.39447,5040.6
803.513428,5022.6
803.632263,5047.4
803.751221,5028.8
803.870117,5050.2
803.989014,5051.6
804.107971,5073.6
804.226746,5091.6
804.345642,5152.2
804.4646,5156.2
804.583496,5157.0
804.702393,5230.6
804.821228,5230.6
804.940125,5241.2
805.059021,5252.4
805.177917,5279.4
805.296814,5339.2
805.415649,5329.2
805.534546,5368.8
805.653442,5381.2
805.772278,5438.0
805.891113,5472.0
806.01001,5504.2
806.128906,5541.2
806.247742,5530.2
806.366577,5632.0
806.485413,5642.0
806.604309,5569.4
806.723145,5442.4
806.84198,5416.6
806.960876,5351.6
807.079712,5304.8
807.198486,5336.0
807.317383,5323.0
807.436218,5353.6
807.554993,5405.8
807.673889,5379.0
807.792725,5373.0
807.91156,5347.6
808.030396,5401.2
808.14917,5379.0
808.268005,5371.8
808.386841,5435.6
808.505676,5426.4
808.624451,5386.0
808.743286,5420.0
808.862122,5407.0
808.980896,5436.8
809.099731,5473.6
809.218506,5567.8
809.337341,5667.8
809.456116,5743.0
809.57489,5781.2
809.693726,5758.2
809.8125,5586.6
809.931274,5547.6
810.050049,5412.2
810.168884,5277.4
810.287659,5199.2
810.406372,5114.0
810.525269,5060.8
810.643982,5057.0
810.762756,5026.4
810.881531,5048.6
811.000305,5077.4
811.11908,5101.0
811.237854,5090.8
811.356567,5060.0
811.475403,5082.6
811.594116,5065.4
811.71283,5128.4
811.831604,5109.2
811.950378,5110.0
812.069153,5122.4
812.187927,5133.0
812.30658,5111.6
812.425415,5110.0
812.544128,5153.2
812.662781,5195.8
812.781616,5187.8
812.900269,5268.4
813.019043,5338.4
813.137756,5288.2
813.256531,5392.0
813.375244,5337.8
813.493896,5310.8
813.612671,5228.4
813.731384,5158.4
813.850037,5139.0
813.96875,5158.8
814.087524,5113.4
814.206238,5151.6
814.324951,5136.0
814.443604,5184.2
814.562256,5223.6
814.68103,5301.4
814.799683,5265.6
814.918335,5240.4
815.037109,5200.4
815.155762,5087.8
815.274475,5050.6
815.393188,4943.8
815.511841,4957.4
815.630554,4906.6
815.749146,4878.2
815.867859,4840.0
815.986572,4857.2
816.105164,4888.4
816.223877,4871.4
816.342529,4875.2
816.461182,5294.4
816.579895,4965.0
816.698486,5027.8
816.817139,5029.2
816.935791,5029.0
817.054504,4999.2
817.173096,5022.6
817.291748,4997.4
817.4104,5016.2
817.529053,4977.8
817.647644,5059.0
817.766235,4962.2
817.884949,5032.8
818.00354,5049.8
818.122192,5041.6
818.240845,5046.0
818.359436,4994.0
818.478088,5006.6
818.59668,4979.2
818.715271,4952.6
818.833923,4950.8
818.952515,4872.8
819.071106,4882.6
819.189758,4860.8
819.30835,4876.2
819.426941,4828.2
819.545532,4821.8
819.664124,4888.2
819.782715,4864.8
819.901306,4870.6
820.019897,4878.2
820.138489,4870.6
820.25708,4867.2
820.375671,4863.8
820.494202,4813.6
820.612732,4787.4
820.731384,4770.8
820.849915,4700.8
820.968506,4724.6
821.087097,4730.8
821.205627,4740.6
821.324158,4717.4
821.442749,4659.6
821.561279,4707.0
821.679871,4727.8
821.798401,4698.2
821.916931,4689.2
822.035461,4736.2
822.154053,4743.2
822.272583,4673.8
822.391174,4671.6
822.509583,4660.0
822.628174,4678.4
822.746704,4658.0
822.865234,4652.8
822.983765,4685.4
823.102295,4710.6
823.220825,4670.4
823.339294,4669.0
823.457825,4699.4
823.576355,4676.2
823.694824,4656.6
823.813354,4697.8
823.931885,4661.8
824.050354,4636.8
824.168884,4614.6
824.287354,4609.8
824.405823,4569.0
824.524353,4653.2
824.642822,4621.4
824.761353,4650.6
824.879822,4636.6
824.998291,4604.6
825.116699,4639.2
825.235291,4641.8
825.353699,4617.2
825.472168,4612.8
825.590637,4577.4
825.709106,4594.2
825.827576,4567.2
825.946045,4529.2
826.064453,4572.4
826.182983,4519.2
826.301392,4543.8
826.4198,4564.8
826.53833,4525.8
826.656738,4560.8
826.775208,4532.6
826.893677,4542.2
827.012024,4513.6
827.130493,4497.4
827.248962,4494.4
827.36731,4505.0
827.485779,4462.2
827.604248,4482.2
827.722595,4489.6
827.841064,4408.2
827.959412,4426.2
828.077942,4437.6
828.196289,4408.2
828.314636,4385.0
828.433105,4346.8
828.551514,4382.4
828.669861,4347.0
828.78833,4366.8
828.906677,4375.8
829.025085,4397.4
829.143433,4378.2
829.261841,4400.4
829.38031,4346.0
829.498657,4334.6
829.617004,4336.8
829.735413,4367.6
829.85376,4350.4
829.972107,4322.8
830.090515,4309.6
830.208862,4339.0
830.327209,4335.8
830.445557,4328.2
830.563904,4384.8
830.682312,4318.8
830.800659,4311.2
830.919006,4359.8
831.037354,4343.0
831.155701,4334.4
831.274048,4304.6
831.392395,4311.8
831.51062,4330.8
831.629028,4314.2
831.747314,4351.8
831.865662,4333.6
831.984009,4346.8
832.102356,4380.0
832.220642,4327.0
832.338928,4318.4
832.457275,4353.0
832.575623,4320.6
832.693909,4301.2
832.812134,4327.4
832.930481,4344.8
833.048828,4303.6
833.167114,4288.2
833.2854,4261.4
833.403687,4307.2
833.521973,4243.6
833.640259,4262.2
833.758545,4258.4
833.876831,4250.2
833.995056,4253.0
834.113281,4292.0
834.231628,4289.0
834.349915,4298.8
834.468201,4255.0
834.586426,4258.2
834.704651,4274.6
834.822998,4244.2
834.941162,4290.2
835.059448,4295.2
835.177673,4276.2
835.295959,4277.6
835.414246,4234.8
835.53241,4241.0
835.650635,4252.2
835.768921,4219.4
835.887146,4201.8
836.005371,4231.6
836.123596,4249.2
836.241821,4251.2
836.360046,4237.0
836.478271,4247.2
836.596497,4212.0
836.714722,4227.2
836.832886,4209.6
836.95105,4214.2
837.069336,4260.2
837.1875,4182.4
837.305725,4222.8
837.423889,4246.6
837.542053,4257.0
837.660339,4206.6
837.778503,4247.6
837.896667,4202.0
838.014832,4198.4
838.132996,4198.0
838.25116,4234.4
838.369385,4185.0
838.487488,4206.8
838.605713,4221.8
838.723877,4198.4
838.84198,4199.2
838.960205,4202.6
839.078308,4187.8
839.196472,4200.4
839.314636,4189.6
839.4328,4217.6
839.550964,4216.0
839.669067,4205.2
839.787231,4189.4
839.905396,4236.8
840.023499,4195.0
840.141602,4182.6
840.259766,4202.8
840.377869,4154.8
840.495972,4160.6
840.614136,4171.8
840.732239,4183.8
840.850342,4146.6
840.968445,4143.4
841.086548,4168.0
841.204651,4170.0
841.322754,4178.2
841.440918,4182.0
841.55896,4198.2
841.677002,4165.4
841.795166,4192.6
841.913208,4206.0
842.031311,4206.0
842.149353,4195.6
842.267456,4165.8
842.385498,4192.4
842.503601,4228.4
842.621643,4194.0
842.739746,4207.2
842.857788,4213.8
842.97583,4222.0
843.093933,4214.4
843.211975,4248.8
843.330017,4283.0
843.44812,4274.2
843.566101,4264.8
843.684204,4287.6
843.802246,4237.8
843.920227,4312.4
844.038269,4345.6
844.156311,4398.2
844.274292,4412.4
844.392395,4435.6
844.510376,4461.4
844.628357,4475.8
844.74646,4457.0
844.864441,4469.2
844.982422,4478.0
845.100403,4446.8
845.218384,4406.6
845.336426,4368.0
845.454468,4376.2
845.572449,4298.0
845.69043,4327.0
845.808411,4284.4
845.926453,4244.2
846.044373,4234.8
846.162354,4264.4
846.280396,4203.8
846.398315,4197.0
846.516296,4212.0
846.634216,4226.4
846.752197,4238.8
846.870178,4234.2
846.988098,4193.4
847.106079,4215.6
847.22406,4249.2
847.34198,4241.8
847.4599,4219.2
847.577881,4217.0
847.695801,4198.4
847.813782,4160.2
847.931641,4189.4
848.049561,4174.8
848.167603,4176.4
848.285461,4171.8
848.403381,4182.4
848.521362,4176.6
848.639221,4227.8
848.75708,4235.4
848.875,4220.6
848.99292,4225.4
849.110901,4272.4
849.22876,4260.8
849.34668,4264.6
849.464539,4273.4
849.582458,4292.4
849.700317,4269.0
849.818176,4298.6
849.936096,4332.6
850.053955,4319.4
850.171875,4341.8
850.289673,4336.2
850.407593,4309.2
850.525452,4318.4
850.643311,4332.2
850.761169,4322.0
850.878967,4334.6
850.996887,4360.0
851.114746,4342.2
851.232544,4381.0
851.350403,4380.2
851.468262,4415.4
851.58606,4440.2
851.703979,4444.6
851.821777,4498.8
851.939636,4427.4
852.057434,4438.4
852.175232,4465.8
852.293091,4442.2
852.410889,4448.8
852.528687,4498.0
852.646545,4398.0
852.764343,4353.4
852.88208,4363.2
852.999939,4332.6
853.117676,4297.2
853.235535,4272.4
853.353271,4309.2
853.471069,4297.2
853.588928,4292.0
853.706604,4245.6
853.824402,4316.6
853.9422,4322.6
854.059998,4311.2
854.177734,4356.2
854.295532,4366.8
854.413269,4364.8
854.531006,4403.0
854.648804,4422.2
854.766541,4457.0
854.884277,4520.4
855.002014,4563.4
855.119751,4569.0
855.237549,4622.2
855.355225,4694.0
855.473022,4761.6
855.590698,4771.4
855.708435,4779.0
855.826172,4851.0
855.943848,4897.4
856.061646,4856.8
856.179321,4827.0
856.296997,4849.8
856.414795,4888.4
856.53241,4831.4
856.650085,4888.0
856.767822,4844.4
856.885559,4874.4
857.003174,4768.0
857.120911,4760.4
857.238586,4717.4
857.356201,4729.0
857.473938,4749.0
857.591614,4772.8
857.709351,4829.2
857.826965,4877.0
857.944641,4899.6
858.062317,4995.0
858.179993,5128.2
858.297668,5205.2
858.415283,5352.0
858.532959,5480.4
858.650574,5696.6
858.768188,5794.2
858.885803,5951.0
859.003479,6072.2
859.121094,6112.6
859.23877,6134.4
859.356384,6058.2
859.473999,5884.8
859.591675,5674.8
859.709229,5516.4
859.826843,5415.8
859.944458,5271.8
860.062012,5195.2
860.179626,5121.2
860.297302,5088.6
860.414856,5110.8
860.532471,5101.4
860.650024,5199.8
860.767639,5214.6
860.885193,5247.0
861.002808,5262.6
861.120361,5318.6
861.237976,5291.6
861.35553,5206.4
861.473022,5234.4
861.590698,5129.2
861.708191,5049.8
861.825745,4976.4
861.943298,4886.0
862.060852,4752.4
862.178406,4659.4
862.295959,4601.6
862.413513,4516.0
862.531006,4486.8
862.64856,4446.4
862.766113,4416.8
862.883667,4404.2
863.00116,4404.4
863.118713,4407.2
863.236206,4383.0
863.353699,4380.8
863.471252,4415.6
863.588745,4333.8
863.706177,4347.2
863.82373,4301.0
863.941162,4271.8
864.058716,4245.6
864.176208,4251.8
864.29364,4193.0
864.411194,4182.4
864.528687,4127.4
864.646118,4174.0
864.763611,4152.2
864.881042,4146.2
864.998535,4153.2
865.116028,4103.6
865.233459,4123.4
865.350891,4108.4
865.468384,4166.8
865.585754,4140.0
865.703308,4115.2
865.820679,4156.4
865.938171,4104.0
866.055542,4089.0
866.173035,4090.4
866.290466,4106.8
866.407837,4114.0
866.52533,4099.0
866.6427,4099.4
866.760071,4103.2
866.877563,4092.8
866.994934,4091.6
867.112305,4049.8
867.229736,4050.8
867.347107,4058.0
867.464539,4048.8
867.58197,4058.8
867.699341,4057.8
867.81665,4028.2
867.934082,4021.2
868.051453,3966.0
868.168823,4044.2
868.286194,4057.0
868.403564,4010.2
868.520935,4016.8
868.638306,4051.6
868.755676,4078.2
868.872986,4069.8
868.990295,4102.6
869.107727,4089.4
869.225037,4056.4
869.342346,4120.4
869.459717,4090.8
869.577026,4096.6
869.694336,4082.0
869.811707,4070.8
869.929016,4066.8
870.046326,4090.2
870.163635,4094.0
870.280945,4093.6
870.398254,4047.6
870.515564,4101.0
870.632812,4070.2
870.750183,4070.8
870.867432,4078.4
870.984741,4064.6
871.102051,4095.0
871.219299,4104.0
871.336609,4167.0
871.453918,4161.2
871.571106,4181.4
871.688416,4167.6
871.805664,4173.4
871.922852,4160.0
872.040222,4150.8
872.157471,4165.2
872.274719,4194.0
872.391968,4190.4
872.509155,4175.4
872.626465,4184.8
872.743652,4212.2
872.860962,4215.2
872.978149,4185.8
873.095337,4191.4
873.212646,4222.6
873.329834,4189.6
873.44696,4184.8
873.564209,4222.4
873.681396,4255.4
873.798645,4274.0
873.915894,4305.8
874.03302,4320.2
874.150208,4343.4
874.267456,4315.4
874.384583,4286.4
874.501831,4206.0
874.618958,4203.2
874.736145,4212.6
874.853333,4178.4
874.970459,4243.4
875.087646,4235.4
875.204834,4226.6
875.32196,4245.0
875.439148,4266.6
875.556274,4277.2
875.673401,4269.0
875.790527,4265.6
875.907715,4241.6
876.024841,4255.4
876.141968,4259.8
876.259094,4274.8
876.376282,4256.2
876.493347,4265.6
876.610474,4290.4
876.7276,4294.8
876.844727,4346.2
876.961853,4346.4
877.078918,4422.4
877.195984,4446.6
877.313171,4452.8
877.430237,4459.4
877.547302,4443.0
877.664368,4436.0
877.781433,4435.6
877.898499,4425.8
878.015625,4419.6
878.13269,4327.2
878.249695,4366.2
878.366821,4309.0
878.483887,4308.2
878.600952,4315.0
878.717957,4258.2
878.834961,4286.2
878.952087,4280.0
879.069092,4311.6
879.186157,4325.2
879.303162,4270.4
879.420227,4298.0
879.537231,4331.4
879.654236,4341.8
879.77124,4349.8
879.888306,4334.4
880.005249,4320.4
880.122314,4337.0
880.239319,4334.4
880.356323,4348.4
880.473328,4407.0
880.590271,4338.0
880.707275,4400.0
880.824341,4405.8
880.941284,4313.4
881.058228,4354.4
881.175232,4331.0
881.292236,4316.0
881.40918,4340.6
881.526123,4300.2
881.643066,4284.6
881.760071,4295.2
881.877014,4257.8
881.993958,4244.8
882.11084,4202.4
882.227783,4197.6
882.344727,4179.0
882.46167,4156.6
882.578613,4162.8
882.695618,4224.6
882.812439,4236.8
882.929382,4241.6
883.046326,4271.2
883.163208,4252.6
883.280151,4274.4
883.397034,4310.0
883.513916,4347.2
883.630798,4289.4
883.747742,4318.6
883.864563,4331.6
883.981506,4320.8
884.098389,4282.8
884.21521,4290.4
884.332153,4240.4
884.448975,4232.4
884.565796,4215.6
884.682678,4205.2
884.7995,4228.0
884.916443,4198.6
885.033264,4241.8
885.150085,4278.2
885.266968,4272.0
885.383789,4254.0
885.500671,4251.0
885.617493,4245.4
885.734314,4264.6
885.851196,4165.6
885.967896,4208.8
886.084717,4155.6
886.201599,4164.6
886.318359,4195.6
886.435181,4165.8
886.552002,4132.4
886.668762,4164.4
886.785645,4171.6
886.902344,4171.0
887.019165,4202.4
887.135925,4136.0
887.252747,4182.0
887.369446,4188.0
887.486267,4139.0
887.603027,4145.0
887.719788,4105.0
887.836548,4103.2
887.953247,4093.6
888.070068,4118.6
888.186829,4091.6
888.303528,4076.2
888.420288,4057.4
888.536987,4011.6
888.653687,4045.2
888.770447,3989.8
888.887146,3991.8
889.003967,3961.6
889.120667,3926.8
889.237305,3927.2
889.354065,3872.6
889.470703,3851.4
889.587463,3799.0
889.704163,3852.6
889.820862,3833.8
889.937561,3827.8
890.054199,3803.8
890.170837,3827.2
890.287598,3823.0
890.404236,3799.8
890.520874,3823.6
890.637634,3848.4
890.754211,3846.4
890.87085,3838.0
890.987549,3832.2
891.104187,3837.0
891.220886,3852.2
891.337463,3860.6
891.454102,3840.8
891.57074,3826.6
891.687378,3839.8
891.804077,3801.4
891.920654,3783.4
892.037231,3796.2
892.15387,3832.6
892.270447,3796.2
892.387085,3826.4
892.503723,3816.8
892.6203,3791.8
892.736877,3788.8
892.853516,3813.6
892.970032,3802.6
893.08667,3788.6
893.203186,3818.8
893.319763,3799.8
893.43634,3789.8
893.552917,3800.4
893.669556,3827.4
893.786011,3803.2
893.902588,3772.4
894.019165,3803.0
894.135681,3802.2
894.252197,3796.6
894.368835,3810.6
894.485291,3784.2
894.601868,3756.8
894.718384,3811.2
894.8349,3783.0
894.951355,3752.6
895.067932,3792.6
895.184448,3783.8
895.300964,3820.8
895.417419,3825.2
895.533936,3826.2
895.650452,3827.4
895.766907,3827.0
895.883423,3804.8
895.999878,3837.0
896.116333,3800.0
896.232849,3775.2
896.349304,3768.4
896.465759,3778.8
896.582214,3752.8
896.698669,3736.6
896.815125,3737.8
896.931641,3744.0
897.048035,3792.2
897.164551,3788.6
897.280884,3789.6
897.397339,3782.2
897.513794,3801.8
897.630249,3828.6
897.746582,3806.4
897.863098,3852.0
897.979431,3849.8
898.095886,3827.6
898.212341,3811.0
898.328674,3822.8
898.445129,3782.8
898.561462,3803.0
898.677795,3819.4
898.794312,3770.0
898.910645,3749.2
899.026978,3766.0
899.143433,3755.6
899.259766,3766.8
899.37616,3772.8
899.492493,3778.8
899.608765,3801.8
899.725159,3757.0
899.841553,3781.8
899.957947,3756.6
900.07428,3730.4
900.190552,3793.4
900.306946,3782.2
900.423157,3791.2
900.53949,3763.8
900.655884,3776.2
900.772156,3752.0
900.888489,3781.2
901.004822,3764.6
901.121033,3732.2
901.237366,3719.0
901.353699,3738.0
901.46991,3759.0
901.586304,3751.6
901.702515,3722.0
901.818787,3753.0
901.93512,3740.2
902.051331,3767.2
902.167603,3748.0
902.283875,3768.4
902.400085,3701.0
902.516418,3685.4
902.632629,3735.8
902.74884,3752.6
902.865112,3770.4
902.981384,3726.4
903.097595,3745.0
903.213867,3786.8
903.330017,3800.2
903.446289,3775.2
903.5625,3745.4
903.67865,3729.2
903.794922,3768.2
903.911072,3755.4
904.027344,3714.6
904.143494,3729.6
904.259705,3733.2
904.375916,3672.2
904.492065,3698.6
904.608215,3740.0
904.724426,3731.0
904.840576,3711.4
904.956726,3690.2
905.072876,3705.0
905.189087,3726.2
905.305176,3719.4
905.421387,3742.4
905.537537,3783.0
905.653687,3754.4
905.769775,3740.2
905.885925,3787.6
906.002014,3739.2
906.118164,3707.8
906.234314,3734.2
906.350403,3759.0
906.466492,3721.2
906.582642,3709.0
906.69873,3708.0
906.814758,3676.8
906.930908,3681.6
907.046936,3672.2
907.163086,3691.6
907.279175,3683.4
907.395264,3703.4
907.511353,3680.6
907.62738,3706.0
907.743408,3712.8
907.859497,3713.4
907.975525,3744.4
908.091553,3699.8
908.207703,3734.2
908.32373,3669.6
908.439758,3730.2
908.555786,3695.4
908.671814,3717.8
908.787842,3655.0
908.90387,3689.4
909.019775,3710.0
909.135864,3609.4
909.251892,3682.8
909.367859,3679.4
909.483826,3671.0
909.599854,3650.6
909.715881,3653.4
909.831848,3634.2
909.947815,3662.2
910.063782,3679.8
910.179749,3665.4
910.295776,3670.6
910.411743,3659.6
910.527649,3697.0
910.643616,3657.0
910.759583,3667.2
910.875488,3709.0
910.991455,3672.6
911.107361,3661.6
911.223267,3673.2
911.339294,3653.2
911.4552,3688.8
911.571106,3664.0
911.687073,3644.0
911.802979,3651.0
911.918823,3662.6
912.034729,3653.4
912.150635,3657.8
912.266602,3641.2
912.382446,3623.2
912.498352,3615.8
912.614197,3620.6
912.730103,3625.4
912.846008,3664.6
792.44574,7137.0
792.56488,6959.8
792.68396,6923.6
792.80304,6845.6
792.92218,6745.4
793.041199,6642.8
793.160339,6664.6
793.279419,6598.2
793.398499,6505.8
793.517578,6440.6
793.636658,6369.8
793.755737,6329.4
793.874817,6283.6
793.993896,6292.0
794.112976,6211.8
794.232056,6168.4
794.351074,6106.8
794.470215,6078.8
794.589233,6013.0
794.708313,6001.2
794.827393,6002.2
794.946411,5921.0
795.065552,5869.2
795.18457,5859.4
795.303589,5905.0
795.422668,5803.6
795.541687,5804.4
795.660767,5840.8
795.779846,5702.4
795.898865,5701.4
796.017883,5701.4
796.136963,5655.0
796.255981,5652.2
796.375061,5615.6
796.49408,5613.0
796.613037,5553.0
796.732117,5522.2
796.851135,5505.0
796.970154,5466.0
797.089233,5451.6
797.208191,5428.0
797.327271,5420.4
797.446228,5415.4
797.565186,5396.8
797.684265,5422.2
797.803223,5388.0
797.922241,5358.0
798.04126,5399.6
798.160278,5347.8
798.279297,5348.0
798.398315,5311.8
798.517273,5318.2
798.636292,5289.0
798.75531,5324.6
798.874268,5334.0
798.993286,5301.2
799.112244,5297.2
799.231323,5256.0
799.350281,5274.4
799.469238,5293.4
799.588257,5279.0
799.707153,5217.0
799.826111,5230.2
799.945129,5201.0
800.064087,5225.0
800.183044,5208.6
800.302063,5236.8
800.421021,5273.4
800.539978,5178.2
800.658936,5193.8
800.777893,5193.0
800.896912,5195.8
801.015747,5187.8
801.134705,5166.2
801.253723,5102.6
801.37262,5139.6
801.491638,5176.8
801.610535,5127.0
801.729492,5158.6
801.84845,5106.6
801.967407,5160.2
802.086243,5130.4
802.205261,5134.8
802.324158,5127.2
802.443115,5086.6
802.562073,5106.0
802.680969,5137.4
802.799927,5088.2
802.918762,5105.8
803.037659,5123.8
803.156677,5131.0
803.275574,5088.2
803.39447,5154.4
803.513428,5072.4
803.632263,5121.8
803.751221,5108.6
803.870117,5126.4
803.989014,5088.0
804.107971,5104.6
804.226746,5121.4
804.345642,5107.6
804.4646,5155.2
804.583496,5129.0
804.702393,5072.4
804.821228,5149.0
804.940125,5071.6
805.059021,5105.2
805.177917,5142.0
805.296814,5158.2
805.415649,5202.4
805.534546,5153.8
805.653442,5138.0
805.772278,5227.4
805.891113,5226.2
806.01001,5178.0
806.128906,5175.6
806.247742,5145.4
806.366577,5140.2
806.485413,5105.4
806.604309,5140.6
806.723145,5142.0
806.84198,5153.4
806.960876,5142.6
807.079712,5123.4
807.198486,5134.8
807.317383,5161.8
807.436218,5122.0
807.554993,5121.2
807.673889,5130.2
807.792725,5103.2
807.91156,5112.2
808.030396,5126.6
808.14917,5061.6
808.268005,5074.6
808.386841,5054.8
808.505676,5067.8
808.624451,5032.6
808.743286,5089.8
808.862122,5065.8
808.980896,5050.2
809.099731,5067.4
809.218506,5100.6
809.337341,5121.4
809.456116,5059.4
809.57489,5076.0
809.693726,5069.6
809.8125,5078.8
809.931274,5085.2
810.050049,5068.6
810.168884,5068.2
810.287659,5105.2
810.406372,5055.0
810.525269,5079.0
810.643982,5031.4
810.762756,5034.2
810.881531,4982.2
811.000305,5006.4
811.11908,4999.4
811.237854,4996.8
811.356567,5006.6
811.475403,5043.4
811.594116,4975.6
811.71283,5031.8
811.831604,5017.4
811.950378,5017.8
812.069153,4999.8
812.187927,5001.4
812.30658,5018.6
812.425415,5000.4
812.544128,5040.2
812.662781,4985.0
812.781616,4986.4
812.900269,4979.0
813.019043,4958.6
813.137756,4984.2
813.256531,5018.2
813.375244,4984.0
813.493896,4999.2
813.612671,4944.4
813.731384,4930.6
813.850037,4914.4
813.96875,4949.4
814.087524,4918.4
814.206238,4910.4
814.324951,4872.6
814.443604,4858.2
814.562256,4931.4
814.68103,4892.2
814.799683,4951.8
814.918335,4880.8
815.037109,4929.2
815.155762,4902.6
815.274475,4931.0
815.393188,4917.2
815.511841,4932.2
815.630554,4863.6
815.749146,4848.0
815.867859,4841.2
815.986572,4852.6
816.105164,4879.8
816.223877,4901.6
816.342529,4882.2
816.461182,4865.6
816.579895,4900.0
816.698486,4946.6
816.817139,4912.8
816.935791,4928.2
817.054504,4884.2
817.173096,4897.0
817.291748,4858.6
817.4104,4920.6
817.529053,4853.0
817.647644,4914.0
817.766235,4880.2
817.884949,4889.8
818.00354,4856.4
818.122192,4844.2
818.240845,4843.0
818.359436,4843.4
818.478088,4847.2
818.59668,4876.0
818.715271,4827.2
818.833923,4869.0
818.952515,4815.2
819.071106,4837.6
819.189758,4838.0
819.30835,4835.0
819.426941,4842.4
819.545532,4853.2
819.664124,4867.6
819.782715,4831.8
819.901306,4871.4
820.019897,4869.8
820.138489,4871.4
820.25708,4851.2
820.375671,4859.0
820.494202,4823.0
820.612732,4839.2
820.731384,4838.4
820.849915,4802.6
820.968506,4806.4
821.087097,4745.0
821.205627,4772.8
821.324158,4788.6
821.442749,4759.6
821.561279,4809.0
821.679871,4780.6
821.798401,4792.4
821.916931,4769.2
822.035461,4792.8
822.154053,4762.0
822.272583,4733.2
822.391174,4722.0
822.509583,4738.6
822.628174,4706.4
822.746704,4756.0
822.865234,4736.2
822.983765,4723.6
823.102295,4715.8
823.220825,4713.8
823.339294,4723.2
823.457825,4716.6
823.576355,4689.6
823.694824,4680.2
823.813354,4698.6
823.931885,4644.4
824.050354,4691.2
824.168884,4689.8
824.287354,4675.4
824.405823,4703.0
824.524353,4706.8
824.642822,4716.4
824.761353,4710.0
824.879822,4697.4
824.998291,4663.6
825.116699,4700.2
825.235291,4719.4
825.353699,4686.8
825.472168,4636.8
825.590637,4702.6
825.709106,4653.6
825.827576,4634.8
825.946045,4576.6
826.064453,4636.8
826.182983,4652.4
826.301392,4631.8
826.4198,4634.4
826.53833,4661.8
826.656738,4644.6
826.775208,4657.8
826.893677,4622.6
827.012024,4658.2
827.130493,4604.2
827.248962,4613.4
827.36731,4633.8
827.485779,4595.8
827.604248,4628.2
827.722595,4597.8
827.841064,4558.6
827.959412,4570.4
828.077942,4597.4
828.196289,4563.0
828.314636,4524.2
828.433105,4544.4
828.551514,4581.2
828.669861,4582.4
828.78833,4554.8
828.906677,4548.2
829.025085,4565.2
829.143433,4566.0
829.261841,4552.0
829.38031,4516.0
829.498657,4536.0
829.617004,4541.8
829.735413,4511.4
829.85376,4552.8
829.972107,4531.0
830.090515,4530.4
830.208862,4488.4
830.327209,4515.8
830.445557,4516.2
830.563904,4565.0
830.682312,4526.0
830.800659,4519.8
830.919006,4557.2
831.037354,4531.8
831.155701,4597.0
831.274048,4565.0
831.392395,4518.8
831.51062,4532.2
831.629028,4465.2
831.747314,4531.8
831.865662,4527.2
831.984009,4544.0
832.102356,4555.2
832.220642,4509.6
832.338928,4527.0
832.457275,4563.4
832.575623,4519.0
832.693909,4561.2
832.812134,4550.0
832.930481,4546.6
833.048828,4509.2
833.167114,4509.8
833.2854,4466.8
833.403687,4496.0
833.521973,4471.4
833.640259,4471.0
833.758545,4521.6
833.876831,4502.2
833.995056,4494.6
834.113281,4552.2
834.231628,4491.2
834.349915,4485.2
834.468201,4508.8
834.586426,4472.8
834.704651,4507.4
834.822998,4496.6
834.941162,4548.2
835.059448,4529.0
835.177673,4503.0
835.295959,4519.0
835.414246,4521.8
835.53241,4521.4
835.650635,4510.8
835.768921,4491.4
835.887146,4492.6
836.005371,4498.2
836.123596,4493.2
836.241821,4534.4
836.360046,4486.6
836.478271,4459.6
836.596497,4439.0
836.714722,4458.4
836.832886,4435.6
836.95105,4446.0
837.069336,4451.0
837.1875,4452.8
837.305725,4485.6
837.423889,4438.0
837.542053,4455.2
837.660339,4449.6
837.778503,4450.2
837.896667,4408.8
838.014832,4463.8
838.132996,4398.6
838.25116,4434.0
838.369385,4439.4
838.487488,4459.4
838.605713,4457.6
838.723877,4457.6
838.84198,4445.2
838.960205,4464.0
839.078308,4463.0
839.196472,4416.0
839.314636,4410.4
839.4328,4456.6
839.550964,4464.6
839.669067,4465.8
839.787231,4395.2
839.905396,4437.8
840.023499,4402.4
840.141602,4410.4
840.259766,4426.6
840.377869,4396.0
840.495972,4423.0
840.614136,4410.2
840.732239,4361.0
840.850342,4355.0
840.968445,4353.0
841.086548,4340.2
841.204651,4364.8
841.322754,4355.0
841.440918,4400.6
841.55896,4391.8
841.677002,4374.2
841.795166,4399.6
841.913208,4401.8
842.031311,4405.8
842.149353,4373.0
842.267456,4367.4
842.385498,4389.4
842.503601,4454.0
842.621643,4378.0
842.739746,4370.2
842.857788,4435.0
842.97583,4405.2
843.093933,4411.2
843.211975,4393.8
843.330017,4446.2
843.44812,4456.2
843.566101,4372.6
843.684204,4421.2
843.802246,4406.0
843.920227,4431.0
844.038269,4453.2
844.156311,4433.0
844.274292,4411.2
844.392395,4427.0
844.510376,4396.8
844.628357,4432.0
844.74646,4418.8
844.864441,4433.0
844.982422,4406.8
845.100403,4403.8
845.218384,4383.4
845.336426,4407.8
845.454468,4395.6
845.572449,4369.0
845.69043,4418.8
845.808411,4395.8
845.926453,4386.4
846.044373,4376.2
846.162354,4379.8
846.280396,4327.2
846.398315,4358.8
846.516296,4388.8
846.634216,4369.0
846.752197,4370.8
846.870178,4389.4
846.988098,4400.0
847.106079,4404.2
847.22406,4379.4
847.34198,4427.0
847.4599,4403.6
847.577881,4398.2
847.695801,4374.6
847.813782,4433.0
847.931641,4380.8
848.049561,4365.6
848.167603,4348.0
848.285461,4398.0
848.403381,4417.0
848.521362,4427.4
848.639221,4447.2
848.75708,4418.2
848.875,4423.0
848.99292,4410.6
849.110901,4458.4
849.22876,4406.0
849.34668,4418.8
849.464539,4394.0
849.582458,4377.2
849.700317,4356.4
849.818176,4363.0
849.936096,4409.8
850.053955,4369.2
850.171875,4400.6
850.289673,4374.8
850.407593,4368.0
850.525452,4403.2
850.643311,4407.8
850.761169,4396.6
850.878967,4418.0
850.996887,4432.8
851.114746,4417.2
851.232544,4423.0
851.350403,4418.6
851.468262,4408.6
851.58606,4409.6
851.703979,4402.0
851.821777,4415.0
851.939636,4398.8
852.057434,4445.6
852.175232,4438.8
852.293091,4422.2
852.410889,4472.0
852.528687,4474.6
852.646545,4447.6
852.764343,4433.0
852.88208,4367.8
852.999939,4392.6
853.117676,4399.2
853.235535,4380.2
853.353271,4320.8
853.471069,4380.8
853.588928,4333.6
853.706604,4355.4
853.824402,4353.4
853.9422,4350.6
854.059998,4359.6
854.177734,4401.4
854.295532,4356.0
854.413269,4376.4
854.531006,4369.2
854.648804,4406.6
854.766541,4389.8
854.884277,4388.2
855.002014,4430.0
855.119751,4485.4
855.237549,4468.6
855.355225,4496.2
855.473022,4541.8
855.590698,4556.2
855.708435,4563.4
855.826172,4519.0
855.943848,4560.4
856.061646,4535.2
856.179321,4478.4
856.296997,4457.2
856.414795,4493.4
856.53241,4505.4
856.650085,4488.0
856.767822,4439.4
856.885559,4470.6
857.003174,4402.0
857.120911,4422.8
857.238586,4348.2
857.356201,4406.8
857.473938,4298.4
857.591614,4378.8
857.709351,4373.4
857.826965,4381.6
857.944641,4374.0
858.062317,4334.0
858.179993,4378.0
858.297668,4363.4
858.415283,4331.2
858.532959,4340.2
858.650574,4359.8
858.768188,4347.0
858.885803,4351.4
859.003479,4360.4
859.121094,4332.2
859.23877,4347.4
859.356384,4361.4
859.473999,4350.8
859.591675,4359.4
859.709229,4319.0
859.826843,4289.2
859.944458,4304.0
860.062012,4295.8
860.179626,4293.6
860.297302,4298.0
860.414856,4309.6
860.532471,4297.0
860.650024,4292.8
860.767639,4305.4
860.885193,4301.2
861.002808,4277.2
861.120361,4355.6
861.237976,4328.8
861.35553,4298.8
861.473022,4312.6
861.590698,4337.2
861.708191,4352.6
861.825745,4328.2
861.943298,4295.2
862.060852,4284.0
862.178406,4302.2
862.295959,4256.6
862.413513,4257.0
862.531006,4247.2
862.64856,4243.4
862.766113,4243.4
862.883667,4246.0
863.00116,4241.0
863.118713,4238.8
863.236206,4245.8
863.353699,4225.2
863.471252,4238.8
863.588745,4250.6
863.706177,4275.0
863.82373,4277.0
863.941162,4233.6
864.058716,4273.0
864.176208,4231.0
864.29364,4285.4
864.411194,4265.8
864.528687,4231.4
864.646118,4255.2
864.763611,4222.0
864.881042,4217.6
864.998535,4270.2
865.116028,4256.0
865.233459,4215.4
865.350891,4205.4
865.468384,4234.8
865.585754,4284.6
865.703308,4259.0
865.820679,4257.6
865.938171,4263.2
866.055542,4275.2
866.173035,4232.0
866.290466,4243.6
866.407837,4242.2
866.52533,4269.8
866.6427,4266.4
866.760071,4238.6
866.877563,4300.0
866.994934,4273.2
867.112305,4224.2
867.229736,4257.4
867.347107,4271.4
867.464539,4256.4
867.58197,4213.8
867.699341,4232.4
867.81665,4214.4
867.934082,4230.2
868.051453,4211.2
868.168823,4235.0
868.286194,4219.6
868.403564,4186.8
868.520935,4212.2
868.638306,4236.4
868.755676,4212.6
868.872986,4167.0
868.990295,4239.4
869.107727,4236.0
869.225037,4234.6
869.342346,4203.4
869.459717,4228.6
869.577026,4235.2
869.694336,4169.6
869.811707,4160.6
869.929016,4182.2
870.046326,4183.0
870.163635,4152.4
870.280945,4182.8
870.398254,4189.2
870.515564,4195.0
870.632812,4193.8
870.750183,4214.4
870.867432,4194.4
870.984741,4183.8
871.102051,4195.2
871.219299,4213.6
871.336609,4221.0
871.453918,4244.2
871.571106,4209.4
871.688416,4212.0
871.805664,4248.0
871.922852,4218.6
872.040222,4202.4
872.157471,4268.0
872.274719,4207.8
872.391968,4196.8
872.509155,4174.0
872.626465,4218.8
872.743652,4216.8
872.860962,4191.2
872.978149,4204.8
873.095337,4187.8
873.212646,4202.8
873.329834,4196.8
873.44696,4197.0
873.564209,4229.4
873.681396,4218.6
873.798645,4170.4
873.915894,4177.6
874.03302,4144.2
874.150208,4198.4
874.267456,4132.8
874.384583,4185.4
874.501831,4163.6
874.618958,4206.6
874.736145,4132.8
874.853333,4177.8
874.970459,4186.4
875.087646,4202.8
875.204834,4212.6
875.32196,4215.0
875.439148,4218.6
875.556274,4173.0
875.673401,4213.6
875.790527,4192.4
875.907715,4233.4
876.024841,4174.2
876.141968,4190.8
876.259094,4178.2
876.376282,4198.4
876.493347,4203.8
876.610474,4151.4
876.7276,4188.6
876.844727,4177.8
876.961853,4192.0
877.078918,4221.0
877.195984,4240.2
877.313171,4225.8
877.430237,4214.0
877.547302,4189.6
877.664368,4206.8
877.781433,4211.2
877.898499,4222.6
878.015625,4194.2
878.13269,4167.4
878.249695,4215.2
878.366821,4178.6
878.483887,4173.0
878.600952,4216.8
878.717957,4174.4
878.834961,4171.0
878.952087,4196.0
879.069092,4198.6
879.186157,4179.6
879.303162,4134.4
879.420227,4150.2
879.537231,4181.4
879.654236,4122.2
879.77124,4159.6
879.888306,4102.0
880.005249,4131.8
880.122314,4073.4
880.239319,4106.4
880.356323,4100.8
880.473328,4107.2
880.590271,4053.4
880.707275,4084.2
880.824341,4108.8
880.941284,4047.6
881.058228,4062.6
881.175232,4128.8
881.292236,4100.4
881.40918,4109.2
881.526123,4098.2
881.643066,4079.2
881.760071,4168.4
881.877014,4131.2
881.993958,4136.6
882.11084,4103.8
882.227783,4071.8
882.344727,4074.6
882.46167,4049.4
882.578613,4044.0
882.695618,4069.0
882.812439,4061.8
882.929382,4109.4
883.046326,4062.4
883.163208,4101.6
883.280151,4095.6
883.397034,4094.6
883.513916,4124.0
883.630798,4091.2
883.747742,4117.2
883.864563,4092.0
883.981506,4133.0
884.098389,4128.2
884.21521,4115.6
884.332153,4149.0
884.448975,4089.2
884.565796,4086.0
884.682678,4105.8
884.7995,4113.4
884.916443,4134.2
885.033264,4127.6
885.150085,4186.4
885.266968,4126.0
885.383789,4150.4
885.500671,4174.4
885.617493,4167.8
885.734314,4217.6
885.851196,4195.6
885.967896,4184.2
886.084717,4180.2
886.201599,4170.6
886.318359,4233.4
886.435181,4195.0
886.552002,4175.4
886.668762,4174.2
886.785645,4212.6
886.902344,4185.4
887.019165,4120.8
887.135925,4087.6
887.252747,4142.0
887.369446,4121.6
887.486267,4113.8
887.603027,4067.6
887.719788,4085.8
887.836548,4074.6
887.953247,4088.8
888.070068,4092.6
888.186829,4061.0
888.303528,4046.0
888.420288,4060.4
888.536987,4054.8
888.653687,4068.2
888.770447,4027.2
888.887146,4034.2
889.003967,4085.6
889.120667,4054.0
889.237305,4052.8
889.354065,4031.2
889.470703,3998.6
889.587463,3994.2
889.704163,4031.0
889.820862,3978.8
889.937561,4011.6
890.054199,3994.8
890.170837,4006.6
890.287598,3992.0
890.404236,3979.2
890.520874,3972.0
890.637634,4006.4
890.754211,4041.6
890.87085,3980.8
890.987549,4022.4
891.104187,4005.8
891.220886,4031.4
891.337463,4038.2
891.454102,4029.4
891.57074,4004.6
891.687378,3974.8
891.804077,3961.8
891.920654,3949.4
892.037231,3969.0
892.15387,3992.8
892.270447,3952.2
892.387085,3992.0
892.503723,3986.0
892.6203,3981.0
892.736877,3972.0
892.853516,3971.6
892.970032,3997.8
893.08667,4004.2
893.203186,3973.0
893.319763,3998.2
893.43634,3981.2
893.552917,4019.0
893.669556,4011.0
893.786011,4040.0
893.902588,4023.0
894.019165,3967.2
894.135681,4004.0
894.252197,4016.2
894.368835,4035.0
894.485291,3992.4
894.601868,3984.6
894.718384,4004.4
894.8349,3983.8
894.951355,3985.6
895.067932,4005.6
895.184448,4005.0
895.300964,4027.4
895.417419,4016.6
895.533936,4005.0
895.650452,4006.6
895.766907,4036.8
895.883423,4008.4
895.999878,4019.2
896.116333,4005.6
896.232849,3986.6
896.349304,4010.4
896.465759,3966.8
896.582214,3948.0
896.698669,3974.8
896.815125,3948.8
896.931641,3978.8
897.048035,3966.6
897.164551,3975.2
897.280884,3971.2
897.397339,3964.0
897.513794,4030.2
897.630249,4035.0
897.746582,4043.4
897.863098,4005.0
897.979431,4019.2
898.095886,4022.4
898.212341,3990.2
898.328674,3998.4
898.445129,4004.4
898.561462,3991.2
898.677795,3979.4
898.794312,3961.8
898.910645,3949.4
899.026978,3966.6
899.143433,3964.4
899.259766,3950.2
899.37616,3937.2
899.492493,3982.6
899.608765,3953.6
899.725159,3957.4
899.841553,3934.6
899.957947,3940.4
900.07428,3962.0
900.190552,3981.4
900.306946,3993.4
900.423157,3986.0
900.53949,3968.4
900.655884,3964.6
900.772156,3961.2
900.888489,3988.8
901.004822,3976.2
901.121033,3917.8
901.237366,3948.2
901.353699,3973.0
901.46991,3945.2
901.586304,3904.8
901.702515,3943.6
901.818787,3950.6
901.93512,3976.4
902.051331,3966.2
902.167603,3963.8
902.283875,3953.6
902.400085,3944.2
902.516418,3949.4
902.632629,3947.6
902.74884,3972.4
902.865112,3948.0
902.981384,4005.6
903.097595,3984.8
903.213867,3989.4
903.330017,3980.6
903.446289,4012.4
903.5625,3997.2
903.67865,3978.8
903.794922,3976.8
903.911072,3957.8
904.027344,3937.2
904.143494,3953.8
904.259705,3984.6
904.375916,3916.8
904.492065,3951.2
904.608215,3949.2
904.724426,3921.6
904.840576,3901.6
904.956726,3907.2
905.072876,3914.4
905.189087,3907.2
905.305176,3945.8
905.421387,3934.4
905.537537,3952.2
905.653687,3978.0
905.769775,3939.6
905.885925,3982.2
906.002014,3977.6
906.118164,3961.8
906.234314,3913.8
906.350403,3912.2
906.466492,3892.6
906.582642,3894.6
906.69873,3875.4
906.814758,3881.4
906.930908,3862.4
907.046936,3876.4
907.163086,3882.0
907.279175,3904.2
907.395264,3874.0
907.511353,3878.8
907.62738,3901.0
907.743408,3897.0
907.859497,3888.0
907.975525,3951.2
908.091553,3900.2
908.207703,3926.2
908.32373,3877.2
908.439758,3910.0
908.555786,3928.4
908.671814,3917.0
908.787842,3881.0
908.90387,3895.2
909.019775,3878.0
909.135864,3848.8
909.251892,3851.6
909.367859,3885.6
909.483826,3868.6
909.599854,3843.8
909.715881,3880.4
909.831848,3843.8
909.947815,3850.4
910.063782,3875.4
910.179749,3841.8
910.295776,3849.8
910.411743,3855.4
910.527649,3886.8
910.643616,3860.4
910.759583,3862.4
910.875488,3836.0
910.991455,3875.4
911.107361,3863.6
911.223267,3856.8
911.339294,3881.6
911.4552,3887.2
911.571106,3828.4
911.687073,3843.2
911.802979,3825.6
911.918823,3835.2
912.034729,3817.0
912.150635,3832.0
912.266602,3835.0
912.382446,3841.6
912.498352,3797.6
912.614197,3814.6
912.730103,3786.6
912.846008,3829.4
792.44574,4643.0
792.56488,4593.8
792.68396,4652.0
792.80304,4592.4
792.92218,4528.2
793.041199,4522.2
793.160339,4491.6
793.279419,4520.0
793.398499,4506.8
793.517578,4431.6
793.636658,4421.2
793.755737,4423.0
793.874817,4380.2
793.993896,4382.0
794.112976,4375.0
794.232056,4335.6
794.351074,4311.6
794.470215,4315.2
794.589233,4277.8
794.708313,4307.2
794.827393,4321.0
794.946411,4288.4
795.065552,4272.0
795.18457,4266.4
795.303589,4259.6
795.422668,4216.2
795.541687,4240.6
795.660767,4237.4
795.779846,4158.4
795.898865,4179.2
796.017883,4193.8
796.136963,4157.2
796.255981,4158.0
796.375061,4144.6
796.49408,4137.2
796.613037,4178.6
796.732117,4152.0
796.851135,4137.8
796.970154,4089.0
797.089233,4073.6
797.208191,4097.0
797.327271,4070.8
797.446228,4080.8
797.565186,4116.4
797.684265,4078.2
797.803223,4093.8
797.922241,4056.4
798.04126,4078.8
798.160278,4043.6
798.279297,4044.2
798.398315,4053.6
798.517273,4046.6
798.636292,4035.4
798.75531,4035.4
798.874268,4010.4
798.993286,4006.0
799.112244,4003.4
799.231323,4033.4
799.350281,4030.2
799.469238,4040.0
799.588257,4021.6
799.707153,3988.0
799.826111,4008.8
799.945129,4011.4
800.064087,4006.6
800.183044,3997.4
800.302063,4014.0
800.421021,3995.8
800.539978,3978.8
800.658936,3966.0
800.777893,4022.0
800.896912,3992.8
801.015747,3976.4
801.134705,3931.8
801.253723,3980.0
801.37262,3892.8
801.491638,3951.2
801.610535,3982.4
801.729492,3943.2
801.84845,3917.4
801.967407,3997.0
802.086243,3962.8
802.205261,3960.6
802.324158,3944.2
802.443115,3973.2
802.562073,3956.6
802.680969,3980.6
802.799927,3952.2
802.918762,3954.2
803.037659,3956.6
803.156677,3979.2
803.275574,3974.2
803.39447,3975.2
803.513428,3945.6
803.632263,3966.2
803.751221,3941.8
803.870117,3950.8
803.989014,3946.6
804.107971,3935.4
804.226746,3968.4
804.345642,3987.4
804.4646,3967.8
804.583496,3934.2
804.702393,3951.8
804.821228,3941.2
804.940125,3975.6
805.059021,3938.6
805.177917,3943.2
805.296814,3983.0
805.415649,3998.4
805.534546,3987.8
805.653442,3953.0
805.772278,4020.2
805.891113,3988.8
806.01001,3950.0
806.128906,3973.0
806.247742,3961.8
806.366577,3934.4
806.485413,3943.4
806.604309,3933.2
806.723145,3968.8
806.84198,3984.4
806.960876,4005.2
807.079712,3963.0
807.198486,3975.0
807.317383,3959.0
807.436218,3953.2
807.554993,3949.8
807.673889,3942.6
807.792725,3943.4
807.91156,3918.0
808.030396,3948.6
808.14917,3921.8
808.268005,3948.6
808.386841,3921.4
808.505676,3949.6
808.624451,3913.4
808.743286,3961.8
808.862122,3932.2
808.980896,3911.8
809.099731,3902.0
809.218506,3913.0
809.337341,3930.8
809.456116,3932.6
809.57489,3929.0
809.693726,3920.2
809.8125,3894.6
809.931274,3936.4
810.050049,3929.8
810.168884,3919.0
810.287659,3912.2
810.406372,3908.0
810.525269,3887.4
810.643982,3860.4
810.762756,3872.2
810.881531,3880.0
811.000305,3897.4
811.11908,3880.4
811.237854,3886.4
811.356567,3874.0
811.475403,3886.8
811.594116,3849.2
811.71283,3889.2
811.831604,3831.6
811.950378,3906.0
812.069153,3877.6
812.187927,3929.6
812.30658,3863.2
812.425415,3875.6
812.544128,3852.8
812.662781,3846.0
812.781616,3818.8
812.900269,3844.2
813.019043,3829.6
813.137756,3832.8
813.256531,3847.2
813.375244,3823.0
813.493896,3847.6
813.612671,3848.8
813.731384,3832.8
813.850037,3798.8
813.96875,3792.8
814.087524,3840.4
814.206238,3786.0
814.324951,3801.2
814.443604,3783.0
814.562256,3783.0
814.68103,3791.2
814.799683,3825.2
814.918335,3785.0
815.037109,3819.2
815.155762,3776.2
815.274475,3785.6
815.393188,3821.8
815.511841,3796.6
815.630554,3814.8
815.749146,3772.2
815.867859,3754.4
815.986572,3792.8
816.105164,3775.4
816.223877,3763.8
816.342529,3754.0
816.461182,3811.2
816.579895,3784.6
816.698486,3794.0
816.817139,3808.4
816.935791,3827.4
817.054504,3783.8
817.173096,3790.8
817.291748,3776.8
817.4104,3812.6
817.529053,3750.4
817.647644,3785.2
817.766235,3789.8
817.884949,3767.6
818.00354,3745.0
818.122192,3772.0
818.240845,3749.6
818.359436,3728.2
818.478088,3763.2
818.59668,3752.8
818.715271,3750.4
818.833923,3741.2
818.952515,3711.4
819.071106,3719.4
819.189758,3733.4
819.30835,3722.6
819.426941,3718.0
819.545532,3705.0
819.664124,3736.2
819.782715,3706.6
819.901306,3759.6
820.019897,3717.4
820.138489,3710.6
820.25708,3758.0
820.375671,3738.2
820.494202,3712.2
820.612732,3740.2
820.731384,3701.2
820.849915,3675.6
820.968506,3696.8
821.087097,3715.2
821.205627,3716.4
821.324158,3692.4
821.442749,3666.8
821.561279,3668.8
821.679871,3657.6
821.798401,3641.6
821.916931,3679.6
822.035461,3666.8
822.154053,3664.4
822.272583,3628.0
822.391174,3618.2
822.509583,3647.4
822.628174,3642.6
822.746704,3622.8
822.865234,3643.4
822.983765,3629.8
823.102295,3638.4
823.220825,3635.0
823.339294,3633.2
823.457825,3658.2
823.576355,3646.6
823.694824,3634.2
823.813354,3620.4
823.931885,3619.4
824.050354,3629.6
824.168884,3628.0
824.287354,3641.8
824.405823,3613.0
824.524353,3674.8
824.642822,3643.0
824.761353,3664.8
824.879822,3642.0
824.998291,3610.0
825.116699,3601.8
825.235291,3666.0
825.353699,3594.8
825.472168,3593.2
825.590637,3595.0
825.709106,3624.2
825.827576,3587.4
825.946045,3550.8
826.064453,3587.6
826.182983,3605.6
826.301392,3603.6
826.4198,3572.0
826.53833,3597.0
826.656738,3573.2
826.775208,3591.0
826.893677,3574.6
827.012024,3554.8
827.130493,3555.0
827.248962,3565.2
827.36731,3578.6
827.485779,3587.2
827.604248,3549.4
827.722595,3539.8
827.841064,3546.6
827.959412,3553.6
828.077942,3562.8
828.196289,3531.6
828.314636,3514.0
828.433105,3543.0
828.551514,3535.0
828.669861,3549.6
828.78833,3540.0
828.906677,3534.0
829.025085,3532.2
829.143433,3535.2
829.261841,3526.8
829.38031,3520.0
829.498657,3514.2
829.617004,3545.8
829.735413,3536.8
829.85376,3476.0
829.972107,3476.0
830.090515,3469.0
830.208862,3518.0
830.327209,3492.8
830.445557,3494.6
830.563904,3581.8
830.682312,3520.8
830.800659,3510.6
830.919006,3541.0
831.037354,3551.2
831.155701,3533.8
831.274048,3549.8
831.392395,3477.2
831.51062,3510.8
831.629028,3508.6
831.747314,3514.4
831.865662,3498.8
831.984009,3529.8
832.102356,3527.2
832.220642,3521.8
832.338928,3516.2
832.457275,3481.6
832.575623,3514.4
832.693909,3483.2
832.812134,3499.2
832.930481,3484.0
833.048828,3516.6
833.167114,3495.4
833.2854,3477.0
833.403687,3487.4
833.521973,3476.0
833.640259,3485.6
833.758545,3484.0
833.876831,3470.6
833.995056,3493.6
834.113281,3462.4
834.231628,3493.0
834.349915,3500.8
834.468201,3478.0
834.586426,3493.0
834.704651,3491.6
834.822998,3489.2
834.941162,3545.6
835.059448,3507.2
835.177673,3502.4
835.295959,3452.6
835.414246,3512.4
835.53241,3482.8
835.650635,3481.6
835.768921,3466.4
835.887146,3470.6
836.005371,3480.4
836.123596,3497.2
836.241821,3504.4
836.360046,3484.6
836.478271,3469.0
836.596497,3468.2
836.714722,3447.6
836.832886,3476.6
836.95105,3434.2
837.069336,3464.0
837.1875,3479.0
837.305725,3486.4
837.423889,3466.4
837.542053,3453.2
837.660339,3474.4
837.778503,3449.2
837.896667,3468.8
838.014832,3438.4
838.132996,3454.6
838.25116,3432.8
838.369385,3481.2
838.487488,3480.0
838.605713,3454.6
838.723877,3444.6
838.84198,3437.6
838.960205,3460.4
839.078308,3453.4
839.196472,3450.4
839.314636,3456.0
839.4328,3453.0
839.550964,3457.4
839.669067,3453.2
839.787231,3414.2
839.905396,3442.8
840.023499,3415.4
840.141602,3449.6
840.259766,3448.6
840.377869,3436.0
840.495972,3410.0
840.614136,3369.4
840.732239,3439.6
840.850342,3395.6
840.968445,3400.4
841.086548,3399.2
841.204651,3410.2
841.322754,3423.8
841.440918,3393.2
841.55896,3416.4
841.677002,3410.2
841.795166,3434.0
841.913208,3425.8
842.031311,3406.8
842.149353,3427.0
842.267456,3391.4
842.385498,3391.4
842.503601,3392.6
842.621643,3399.8
842.739746,3393.0
842.857788,3401.6
842.97583,3388.4
843.093933,3412.2
843.211975,3429.0
843.330017,3406.6
843.44812,3426.6
843.566101,3396.6
843.684204,3429.4
843.802246,3427.6
843.920227,3420.8
844.038269,3441.2
844.156311,3413.4
844.274292,3396.4
844.392395,3441.8
844.510376,3427.4
844.628357,3414.0
844.74646,3417.4
844.864441,3426.6
844.982422,3436.8
845.100403,3393.2
845.218384,3399.0
845.336426,3373.2
845.454468,3430.4
845.572449,3384.8
845.69043,3422.4
845.808411,3388.6
845.926453,3401.4
846.044373,3386.0
846.162354,3388.4
846.280396,3376.6
846.398315,3369.0
846.516296,3390.8
846.634216,3362.4
846.752197,3358.4
846.870178,3377.8
846.988098,3396.6
847.106079,3382.8
847.22406,3389.4
847.34198,3369.8
847.4599,3398.2
847.577881,3405.4
847.695801,3379.2
847.813782,3397.4
847.931641,3405.4
848.049561,3400.2
848.167603,3343.8
848.285461,3388.0
848.403381,3392.4
848.521362,3383.8
848.639221,3392.8
848.75708,3406.2
848.875,3399.8
848.99292,3396.4
849.110901,3398.0
849.22876,3399.0
849.34668,3371.0
849.464539,3391.2
849.582458,3333.0
849.700317,3352.0
849.818176,3356.6
849.936096,3359.6
850.053955,3372.2
850.171875,3368.6
850.289673,3378.8
850.407593,3347.0
850.525452,3376.4
850.643311,3423.0
850.761169,3380.6
850.878967,3355.2
850.996887,3401.0
851.114746,3392.6
851.232544,3362.6
851.350403,3384.8
851.468262,3370.4
851.58606,3369.2
851.703979,3385.0
851.821777,3387.8
851.939636,3379.2
852.057434,3392.8
852.175232,3397.4
852.293091,3347.0
852.410889,3420.0
852.528687,3402.4
852.646545,3409.4
852.764343,3416.2
852.88208,3391.0
852.999939,3409.4
853.117676,3402.6
853.235535,3367.0
853.353271,3387.8
853.471069,3372.0
853.588928,3347.6
853.706604,3362.6
853.824402,3375.2
853.9422,3385.2
854.059998,3323.0
854.177734,3359.4
854.295532,3370.6
854.413269,3357.0
854.531006,3379.4
854.648804,3402.2
854.766541,3389.0
854.884277,3377.0
855.002014,3412.4
855.119751,3416.0
855.237549,3444.4
855.355225,3463.4
855.473022,3471.6
855.590698,3451.2
855.708435,3432.8
855.826172,3410.2
855.943848,3456.0
856.061646,3458.0
856.179321,3421.4
856.296997,3403.6
856.414795,3394.6
856.53241,3408.0
856.650085,3419.0
856.767822,3405.6
856.885559,3434.6
857.003174,3398.4
857.120911,3411.0
857.238586,3373.4
857.356201,3379.0
857.473938,3378.6
857.591614,3363.2
857.709351,3374.6
857.826965,3366.4
857.944641,3376.6
858.062317,3371.4
858.179993,3362.0
858.297668,3360.0
858.415283,3366.6
858.532959,3365.8
858.650574,3381.8
858.768188,3365.0
858.885803,3340.4
859.003479,3360.2
859.121094,3330.6
859.23877,3390.0
859.356384,3362.6
859.473999,3343.8
859.591675,3346.4
859.709229,3346.8
859.826843,3321.6
859.944458,3335.6
860.062012,3347.2
860.179626,3310.4
860.297302,3334.6
860.414856,3356.4
860.532471,3324.4
860.650024,3342.8
860.767639,3358.4
860.885193,3332.0
861.002808,3341.6
861.120361,3366.8
861.237976,3334.0
861.35553,3332.8
861.473022,3333.6
861.590698,3356.0
861.708191,3321.4
861.825745,3302.6
861.943298,3360.2
862.060852,3320.0
862.178406,3322.2
862.295959,3302.8
862.413513,3285.0
862.531006,3309.2
862.64856,3306.2
862.766113,3301.2
862.883667,3363.4
863.00116,3330.0
863.118713,3334.8
863.236206,3291.4
863.353699,3296.0
863.471252,3313.0
863.588745,3308.8
863.706177,3315.0
863.82373,3322.2
863.941162,3318.6
864.058716,3345.4
864.176208,3330.2
864.29364,3349.4
864.411194,3308.2
864.528687,3287.6
864.646118,3344.8
864.763611,3314.0
864.881042,3319.4
864.998535,3311.6
865.116028,3320.4
865.233459,3301.4
865.350891,3301.6
865.468384,3333.8
865.585754,3341.6
865.703308,3287.4
865.820679,3354.0
865.938171,3325.4
866.055542,3315.2
866.173035,3336.8
866.290466,3368.2
866.407837,3331.2
866.52533,3338.0
866.6427,3343.4
866.760071,3344.0
866.877563,3326.4
866.994934,3316.0
867.112305,3341.4
867.229736,3313.6
867.347107,3292.2
867.464539,3308.0
867.58197,3320.8
867.699341,3326.0
867.81665,3286.6
867.934082,3291.0
868.051453,3301.0
868.168823,3333.4
868.286194,3263.2
868.403564,3287.4
868.520935,3315.4
868.638306,3321.0
868.755676,3291.2
868.872986,3330.8
868.990295,3297.2
869.107727,3324.2
869.225037,3300.0
869.342346,3323.8
869.459717,3327.2
869.577026,3302.2
869.694336,3310.0
869.811707,3292.2
869.929016,3297.4
870.046326,3299.2
870.163635,3309.0
870.280945,3328.2
870.398254,3328.8
870.515564,3328.2
870.632812,3298.2
870.750183,3300.4
870.867432,3312.8
870.984741,3300.0
871.102051,3282.0
871.219299,3309.6
871.336609,3332.8
871.453918,3282.8
871.571106,3322.4
871.688416,3310.6
871.805664,3281.4
871.922852,3318.0
872.040222,3311.4
872.157471,3312.8
872.274719,3321.2
872.391968,3321.0
872.509155,3265.6
872.626465,3301.8
872.743652,3301.0
872.860962,3315.4
872.978149,3311.8
873.095337,3307.6
873.212646,3334.4
873.329834,3306.6
873.44696,3312.2
873.564209,3319.8
873.681396,3330.2
873.798645,3303.4
873.915894,3294.4
874.03302,3337.0
874.150208,3327.8
874.267456,3274.6
874.384583,3295.6
874.501831,3298.8
874.618958,3284.2
874.736145,3305.2
874.853333,3314.2
874.970459,3316.8
875.087646,3345.2
875.204834,3297.4
875.32196,3311.6
875.439148,3299.8
875.556274,3313.4
875.673401,3308.4
875.790527,3266.4
875.907715,3306.0
876.024841,3289.2
876.141968,3285.4
876.259094,3295.0
876.376282,3298.2
876.493347,3296.4
876.610474,3298.6
876.7276,3302.8
876.844727,3253.0
876.961853,3317.8
877.078918,3310.8
877.195984,3302.4
877.313171,3323.2
877.430237,3298.0
877.547302,3303.0
877.664368,3311.6
877.781433,3302.2
877.898499,3286.4
878.015625,3292.0
878.13269,3312.2
878.249695,3315.0
878.366821,3277.2
878.483887,3308.6
878.600952,3302.2
878.717957,3304.6
878.834961,3299.2
878.952087,3313.8
879.069092,3301.4
879.186157,3326.6
879.303162,3269.2
879.420227,3287.0
879.537231,3304.0
879.654236,3290.0
879.77124,3291.6
879.888306,3255.4
880.005249,3282.6
880.122314,3277.2
880.239319,3254.6
880.356323,3263.4
880.473328,3253.4
880.590271,3285.8
880.707275,3261.4
880.824341,3303.2
880.941284,3267.6
881.058228,3286.8
881.175232,3296.4
881.292236,3260.6
881.40918,3298.4
881.526123,3299.6
881.643066,3293.6
881.760071,3290.0
881.877014,3273.6
881.993958,3300.6
882.11084,3291.8
882.227783,3260.4
882.344727,3229.2
882.46167,3261.2
882.578613,3230.6
882.695618,3273.8
882.812439,3258.2
882.929382,3283.0
883.046326,3285.8
883.163208,3267.4
883.280151,3251.6
883.397034,3270.4
883.513916,3268.4
883.630798,3293.6
883.747742,3288.2
883.864563,3264.8
883.981506,3288.4
884.098389,3294.0
884.21521,3298.0
884.332153,3275.2
884.448975,3287.0
884.565796,3272.4
884.682678,3257.6
884.7995,3247.0
884.916443,3297.4
885.033264,3289.6
885.150085,3274.8
885.266968,3315.2
885.383789,3318.4
885.500671,3322.0
885.617493,3315.4
885.734314,3316.0
885.851196,3299.4
885.967896,3302.4
886.084717,3302.8
886.201599,3337.2
886.318359,3314.4
886.435181,3291.8
886.552002,3304.0
886.668762,3306.2
886.785645,3320.0
886.902344,3318.2
887.019165,3294.6
887.135925,3299.6
887.252747,3290.6
887.369446,3300.8
887.486267,3302.4
887.603027,3291.2
887.719788,3285.6
887.836548,3306.0
887.953247,3266.0
888.070068,3305.2
888.186829,3319.8
888.303528,3298.0
888.420288,3327.2
888.536987,3267.4
888.653687,3300.6
888.770447,3277.0
888.887146,3268.8
889.003967,3306.0
889.120667,3306.4
889.237305,3294.4
889.354065,3286.8
889.470703,3249.2
889.587463,3258.6
889.704163,3289.0
889.820862,3287.4
889.937561,3260.0
890.054199,3281.2
890.170837,3306.0
890.287598,3284.0
890.404236,3265.6
890.520874,3312.6
890.637634,3283.8
890.754211,3289.8
890.87085,3314.4
890.987549,3273.0
891.104187,3272.6
891.220886,3253.6
891.337463,3252.0
891.454102,3261.6
891.57074,3279.2
891.687378,3262.6
891.804077,3263.0
891.920654,3266.8
892.037231,3253.4
892.15387,3270.6
892.270447,3251.4
892.387085,3272.6
892.503723,3264.4
892.6203,3242.8
892.736877,3268.2
892.853516,3250.8
892.970032,3278.0
893.08667,3246.2
893.203186,3287.2
893.319763,3264.8
893.43634,3276.2
893.552917,3294.2
893.669556,3294.8
893.786011,3274.8
893.902588,3253.0
894.019165,3273.2
894.135681,3251.2
894.252197,3295.4
894.368835,3287.2
894.485291,3266.4
894.601868,3270.4
894.718384,3297.0
894.8349,3283.8
894.951355,3256.8
895.067932,3255.4
895.184448,3261.8
895.300964,3287.8
895.417419,3302.8
895.533936,3307.0
895.650452,3291.6
895.766907,3274.6
895.883423,3273.8
895.999878,3285.4
896.116333,3282.4
896.232849,3273.4
896.349304,3289.8
896.465759,3268.0
896.582214,3256.2
896.698669,3253.0
896.815125,3270.0
896.931641,3260.6
897.048035,3262.2
897.164551,3269.4
897.280884,3292.2
897.397339,3274.8
897.513794,3300.0
897.630249,3299.4
897.746582,3315.6
897.863098,3305.2
897.979431,3293.2
898.095886,3287.6
898.212341,3310.6
898.328674,3279.6
898.445129,3320.6
898.561462,3299.2
898.677795,3313.0
898.794312,3247.4
898.910645,3264.8
899.026978,3275.4
899.143433,3284.2
899.259766,3260.0
899.37616,3270.0
899.492493,3264.0
899.608765,3242.6
899.725159,3269.6
899.841553,3266.2
899.957947,3279.4
900.07428,3262.0
900.190552,3305.8
900.306946,3275.4
900.423157,3295.8
900.53949,3297.8
900.655884,3285.8
900.772156,3325.8
900.888489,3305.2
901.004822,3266.2
901.121033,3254.6
901.237366,3273.0
901.353699,3278.2
901.46991,3271.0
901.586304,3277.6
901.702515,3266.6
901.818787,3281.4
901.93512,3255.0
902.051331,3254.2
902.167603,3291.8
902.283875,3306.4
902.400085,3234.4
902.516418,3303.6
902.632629,3275.8
902.74884,3265.6
902.865112,3299.6
902.981384,3261.0
903.097595,3305.0
903.213867,3319.6
903.330017,3267.2
903.446289,3258.8
903.5625,3299.0
903.67865,3309.0
903.794922,3307.6
903.911072,3275.0
904.027344,3284.6
904.143494,3285.8
904.259705,3328.4
904.375916,3278.2
904.492065,3269.0
904.608215,3267.0
904.724426,3251.2
904.840576,3266.4
904.956726,3272.8
905.072876,3281.2
905.189087,3293.0
905.305176,3301.8
905.421387,3268.0
905.537537,3284.2
905.653687,3301.4
905.769775,3302.6
905.885925,3325.6
906.002014,3300.6
906.118164,3273.0
906.234314,3256.4
906.350403,3309.6
906.466492,3281.4
906.582642,3300.2
906.69873,3274.0
906.814758,3275.4
906.930908,3271.0
907.046936,3255.8
907.163086,3265.8
907.279175,3281.8
907.395264,3283.8
907.511353,3279.8
907.62738,3262.6
907.743408,3255.2
907.859497,3307.2
907.975525,3298.2
908.091553,3272.2
908.207703,3302.2
908.32373,3286.6
908.439758,3278.0
908.555786,3309.0
908.671814,3330.8
908.787842,3276.2
908.90387,3270.4
909.019775,3258.6
909.135864,3253.0
909.251892,3269.0
909.367859,3272.2
909.483826,3254.0
909.599854,3250.6
909.715881,3234.2
909.831848,3276.6
909.947815,3274.2
910.063782,3274.0
910.179749,3281.8
910.295776,3290.0
910.411743,3277.0
910.527649,3279.0
910.643616,3290.6
910.759583,3288.8
910.875488,3288.2
910.991455,3282.8
911.107361,3296.0
911.223267,3300.6
911.339294,3269.8
911.4552,3276.4
911.571106,3272.4
911.687073,3270.8
911.802979,3294.0
911.918823,3245.8
912.034729,3264.0
912.150635,3243.8
912.266602,3278.0
912.382446,3273.0
912.498352,3246.8
912.614197,3204.4
912.730103,3237.0
912.846008,3220.6
