0.0	79.07792	0.0	1551.9829	0.0	0.0	3.8162925	0.0	0.0	0.0	0.0	0.0	30.5841	279.26538	1870.5289	343.4882	1776.5494	0.0	865.59204	0.0	0.0	1314.0625	0.0	0.0	0.0	0.0	0.0	0.0	0.0	82.3429	0.0	0.0	1079.0072	0.0	0.0	12.62593	0.0	0.0	0.0	0.0	174.12317	0.0	0.0	0.0	0.0	0.0	1537.6083	0.0	582.79584	0.0	254.08669	0.0	0.0	0.0	0.0	0.0	0.0	0.0	0.0	0.0	677.5351	277.7474	0.0	25.76053	0.0	0.0	694.42334	0.0	0.0	1192.4058	0.0	139.62675	0.0	0.0	0.0	936.82306	164.81639	66.69973	699.3467	0.0	0.0	663.8579	313.62393	0.0	1437.1348	0.0	0.0	0.0	979.7212	1217.2347	0.0	0.0	560.871	0.0	0.0	0.0	645.10986	404.0438	0.0	0.0	305.00888	0.0	0.0	0.0	1603.6494	1985.4708	645.13654	0.0	0.0	0.0	4.580025	0.0	1100.1929	1221.4332	0.0	0.0	30.688059	0.0	0.0	0.0	9.996275	0.0	1097.1354	73.01179	0.0	0.0	0.0	0.0
0.0	70.685616	0.0	1440.8031	0.0	0.0	2.0579002	0.0	0.0	0.0	0.0	0.0	25.978415	278.05728	1742.7438	334.54007	1663.2084	0.0	813.94794	0.0	0.0	1226.392	0.0	0.0	0.0	0.0	0.0	0.0	0.0	65.41123	0.0	0.0	1018.9201	0.0	0.0	3.7076461	0.0	0.0	0.0	0.0	161.57643	0.0	0.0	0.0	0.0	0.0	1442.3317	0.0	542.15546	0.0	235.12407	0.0	0.0	0.0	0.0	0.0	0.0	0.0	0.0	0.0	625.38965	256.17578	0.0	22.936949	0.0	0.0	635.1614	0.0	0.0	1110.9865	0.0	127.768776	0.0	0.0	0.0	871.1403	145.38863	71.70545	654.4106	0.0	0.0	621.61676	302.38342	0.0	1344.0392	0.0	0.0	0.0	933.4482	1120.0363	0.0	0.0	527.0369	0.0	0.0	0.0	596.50793	374.48355	0.0	0.0	278.1838	0.0	0.0	0.0	1499.2745	1845.8417	613.70526	0.0	0.0	0.0	3.3058984	0.0	1045.5443	1143.683	0.0	0.0	33.24872	0.0	0.0	0.0	3.969158	0.0	1020.7329	47.6544	0.0	0.0	0.0	0.0
0.0	71.13213	0.0	1443.9752	0.0	0.0	2.4288108	0.0	0.0	0.0	0.0	0.0	24.3449	278.00925	1748.8531	335.15576	1667.7798	0.0	816.47284	0.0	0.0	1229.2552	0.0	0.0	0.0	0.0	0.0	0.0	0.0	65.93189	0.0	0.0	1021.84467	0.0	0.0	2.809356	0.0	0.0	0.0	0.0	161.82683	0.0	0.0	0.0	0.0	0.0	1445.5067	0.0	543.21484	0.0	234.73395	0.0	0.0	0.0	0.0	0.0	0.0	0.0	0.0	0.0	628.24677	256.7988	0.0	20.987413	0.0	0.0	638.0959	0.0	0.0	1114.4559	0.0	127.041466	0.0	0.0	0.0	874.0798	145.39062	70.948784	656.56714	0.0	0.0	625.6863	303.48514	0.0	1346.8864	0.0	0.0	0.0	935.6126	1123.476	0.0	0.0	528.64276	0.0	0.0	0.0	598.9123	376.8806	0.0	0.0	281.19388	0.0	0.0	0.0	1504.8789	1852.0767	615.618	0.0	0.0	0.0	2.848694	0.0	1047.2406	1147.2726	0.0	0.0	35.744793	0.0	0.0	0.0	3.8259573	0.0	1023.5835	46.80373	0.0	0.0	0.0	0.0
0.0	68.55076	0.0	1408.87	0.0	0.0	3.7867718	0.0	0.0	0.0	0.0	0.0	26.643127	278.8906	1712.6719	336.8723	1639.8138	0.0	806.2387	0.0	0.0	1202.9526	0.0	0.0	0.0	0.0	0.0	0.0	0.0	60.64738	0.0	0.0	1003.1674	0.0	0.0	1.2290133	0.0	0.0	0.0	0.0	153.9406	0.0	0.0	0.0	0.0	0.0	1421.694	0.0	528.6651	0.0	229.0543	0.0	0.0	0.0	0.0	0.0	0.0	0.0	0.0	0.0	614.58075	254.82076	0.0	19.577625	0.0	0.0	620.2957	0.0	0.0	1089.6388	0.0	124.12376	0.0	0.0	0.0	853.20966	135.8363	76.32348	644.5386	0.0	0.0	614.36346	300.36115	0.0	1315.6842	0.0	0.0	0.0	923.236	1091.4492	0.0	0.0	522.9632	0.0	0.0	0.0	581.2772	372.39853	0.0	0.0	274.93167	0.0	0.0	0.0	1470.577	1813.503	603.1851	0.0	0.0	0.0	2.070252	0.0	1031.8375	1125.4652	0.0	0.0	42.658092	0.0	0.0	0.0	0.4182761	0.0	999.4468	40.51914	0.0	0.0	0.0	0.0
0.0	66.317024	0.0	1394.9423	0.0	0.0	4.1347485	0.0	0.0	0.0	0.0	0.0	25.447378	275.09695	1691.6888	327.67163	1617.2389	0.0	792.389	0.0	0.0	1193.1099	0.0	0.0	0.0	0.0	0.0	0.0	0.0	62.377575	0.0	0.0	990.5379	0.0	0.0	2.0391788	0.0	0.0	0.0	0.0	154.7211	0.0	0.0	0.0	0.0	0.0	1404.9642	0.0	526.9231	0.0	227.54253	0.0	0.0	0.0	0.0	0.0	0.0	0.0	0.0	0.0	606.21216	249.81786	0.0	18.76275	0.0	0.0	611.9367	0.0	0.0	1078.2609	0.0	121.68484	0.0	0.0	0.0	843.9785	138.40132	72.21479	637.2952	0.0	0.0	605.0351	293.37918	0.0	1303.7738	0.0	0.0	0.0	908.696	1084.3197	0.0	0.0	514.23016	0.0	0.0	0.0	579.0829	365.05307	0.0	0.0	268.1325	0.0	0.0	0.0	1457.8379	1795.161	598.29755	0.0	0.0	0.0	2.5289006	0.0	1018.9628	1112.0693	0.0	0.0	39.32959	0.0	0.0	0.0	0.0	0.0	989.5555	41.063538	0.0	0.0	0.0	0.0
0.0	64.71678	0.0	1377.4854	0.0	0.0	3.5854828	0.0	0.0	0.0	0.0	0.0	24.111124	275.77502	1674.5629	325.401	1599.8545	0.0	784.696	0.0	0.0	1181.5287	0.0	0.0	0.0	0.0	0.0	0.0	0.0	61.953663	0.0	0.0	981.4829	0.0	0.0	0.0	0.0	0.0	0.0	0.0	154.02777	0.0	0.0	0.0	0.0	0.0	1389.8448	0.0	522.70905	0.0	225.89319	0.0	0.0	0.0	0.0	0.0	0.0	0.0	0.0	0.0	598.545	246.82365	0.0	16.176987	0.0	0.0	602.42755	0.0	0.0	1067.6215	0.0	118.01241	0.0	0.0	0.0	835.945	136.66231	73.0335	633.2663	0.0	0.0	599.29877	294.4072	0.0	1291.204	0.0	0.0	0.0	901.4487	1070.7675	0.0	0.0	510.22275	0.0	0.0	0.0	574.91455	360.1057	0.0	0.0	263.054	0.0	0.0	0.0	1447.153	1777.2534	597.14923	0.0	0.0	0.0	1.5939819	0.0	1009.93115	1101.0516	0.0	0.0	40.756283	0.0	0.0	0.0	0.0	0.0	979.5857	35.371166	0.0	0.0	0.0	0.0
0.0	66.80494	0.0	1417.9293	0.0	0.0	2.8328228	0.0	0.0	0.0	0.0	0.0	25.125147	275.55478	1717.7037	329.64923	1640.1686	0.0	802.79126	0.0	0.0	1210.1224	0.0	0.0	0.0	0.0	0.0	0.0	0.0	64.99853	0.0	0.0	1005.89307	0.0	0.0	1.494618	0.0	0.0	0.0	0.0	157.96982	0.0	0.0	0.0	0.0	0.0	1423.1312	0.0	534.587	0.0	230.79988	0.0	0.0	0.0	0.0	0.0	0.0	0.0	0.0	0.0	617.62616	253.01392	0.0	19.167078	0.0	0.0	624.42816	0.0	0.0	1096.0217	0.0	124.63308	0.0	0.0	0.0	858.01276	141.97394	71.04203	646.28	0.0	0.0	615.5154	297.97107	0.0	1323.4684	0.0	0.0	0.0	922.4954	1103.08	0.0	0.0	520.4765	0.0	0.0	0.0	590.1526	369.29944	0.0	0.0	274.15845	0.0	0.0	0.0	1480.5736	1822.961	608.05585	0.0	0.0	0.0	2.2995431	0.0	1031.4236	1129.246	0.0	0.0	36.9604	0.0	0.0	0.0	1.0000231	0.0	1006.06836	43.591663	0.0	0.0	0.0	0.0
0.0	64.47875	0.0	1386.6576	0.0	0.0	3.0003898	0.0	0.0	0.0	0.0	0.0	24.591131	276.62015	1683.3618	326.29987	1608.4095	0.0	789.1338	0.0	0.0	1189.8915	0.0	0.0	0.0	0.0	0.0	0.0	0.0	63.269085	0.0	0.0	985.4446	0.0	0.0	0.9905744	0.0	0.0	0.0	0.0	154.81592	0.0	0.0	0.0	0.0	0.0	1395.794	0.0	528.42084	0.0	230.19843	0.0	0.0	0.0	0.0	0.0	0.0	0.0	0.0	0.0	601.6247	247.75017	0.0	17.449034	0.0	0.0	606.3325	0.0	0.0	1073.6622	0.0	118.71762	0.0	0.0	0.0	840.83124	139.27708	72.80752	639.2566	0.0	0.0	602.169	296.3148	0.0	1300.4364	0.0	0.0	0.0	904.51685	1077.5428	0.0	0.0	512.62476	0.0	0.0	0.0	579.7588	361.47153	0.0	0.0	262.842	0.0	0.0	0.0	1455.3136	1788.8304	601.07074	0.0	0.0	0.0	1.7530421	0.0	1014.63495	1106.3549	0.0	0.0	39.343487	0.0	0.0	0.0	0.0	0.0	985.67944	37.095707	0.0	0.0	0.0	0.0
0.0	69.21582	0.0	1426.8339	0.0	0.0	2.8919353	0.0	0.0	0.0	0.0	0.0	25.142801	276.26004	1729.7911	331.38876	1649.9899	0.0	807.74713	0.0	0.0	1217.0201	0.0	0.0	0.0	0.0	0.0	0.0	0.0	66.23335	0.0	0.0	1009.97314	0.0	0.0	3.5311527	0.0	0.0	0.0	0.0	159.43535	0.0	0.0	0.0	0.0	0.0	1431.1578	0.0	538.22534	0.0	232.59569	0.0	0.0	0.0	0.0	0.0	0.0	0.0	0.0	0.0	620.2011	255.00154	0.0	20.22783	0.0	0.0	629.12225	0.0	0.0	1102.0615	0.0	125.24829	0.0	0.0	0.0	863.46014	143.11583	70.66519	650.1837	0.0	0.0	617.9773	298.54025	0.0	1331.834	0.0	0.0	0.0	925.4377	1110.8844	0.0	0.0	523.9122	0.0	0.0	0.0	592.80396	373.3103	0.0	0.0	276.09366	0.0	0.0	0.0	1488.9557	1833.8214	609.0745	0.0	0.0	0.0	3.093857	0.0	1036.0126	1135.167	0.0	0.0	36.12198	0.0	0.0	0.0	1.939772	0.0	1011.82526	45.76727	0.0	0.0	0.0	0.0
0.0	67.802315	0.0	1408.8636	0.0	0.0	3.2793663	0.0	0.0	0.0	0.0	0.0	25.685217	274.9703	1709.6317	330.64975	1632.8956	0.0	800.4588	0.0	0.0	1202.4056	0.0	0.0	0.0	0.0	0.0	0.0	0.0	63.02531	0.0	0.0	1000.7827	0.0	0.0	2.6637108	0.0	0.0	0.0	0.0	155.69522	0.0	0.0	0.0	0.0	0.0	1417.6562	0.0	530.455	0.0	229.17159	0.0	0.0	0.0	0.0	0.0	0.0	0.0	0.0	0.0	613.3659	252.0481	0.0	19.230715	0.0	0.0	621.68567	0.0	0.0	1088.8186	0.0	123.73037	0.0	0.0	0.0	853.91046	139.30855	72.44959	642.6802	0.0	0.0	612.1506	296.19788	0.0	1316.149	0.0	0.0	0.0	917.9964	1095.702	0.0	0.0	519.55005	0.0	0.0	0.0	584.65405	369.3876	0.0	0.0	273.5331	0.0	0.0	0.0	1471.1178	1812.5884	602.2425	0.0	0.0	0.0	2.311524	0.0	1027.3275	1123.3466	0.0	0.0	38.89165	0.0	0.0	0.0	0.7009197	0.0	999.31854	43.79983	0.0	0.0	0.0	0.0
0.0	65.42422	0.0	1380.8925	0.0	0.0	4.548038	0.0	0.0	0.0	0.0	0.0	25.338923	275.99313	1677.0941	328.82455	1604.7201	0.0	788.28467	0.0	0.0	1182.4952	0.0	0.0	0.0	0.0	0.0	0.0	0.0	60.506042	0.0	0.0	984.4578	0.0	0.0	0.0	0.0	0.0	0.0	0.0	152.41783	0.0	0.0	0.0	0.0	0.0	1393.9513	0.0	522.0733	0.0	225.359	0.0	0.0	0.0	0.0	0.0	0.0	0.0	0.0	0.0	601.0855	246.86757	0.0	17.337957	0.0	0.0	605.4759	0.0	0.0	1069.3302	0.0	119.48698	0.0	0.0	0.0	836.6407	134.9579	74.51094	633.8498	0.0	0.0	602.5816	295.41238	0.0	1291.7705	0.0	0.0	0.0	905.83154	1070.8763	0.0	0.0	511.7562	0.0	0.0	0.0	574.4243	360.28513	0.0	0.0	265.47354	0.0	0.0	0.0	1447.3881	1779.3229	597.1049	0.0	0.0	0.0	2.0791173	0.0	1013.7647	1104.6924	0.0	0.0	42.215466	0.0	0.0	0.0	0.0	0.0	980.8789	37.299923	0.0	0.0	0.0	0.0
0.0	72.78351	0.0	1460.1761	0.0	0.0	2.7881858	0.0	0.0	0.0	0.0	0.0	25.432266	277.70047	1765.5088	336.70767	1682.8851	0.0	822.7793	0.0	0.0	1240.5339	0.0	0.0	0.0	0.0	0.0	0.0	0.0	69.164894	0.0	0.0	1029.4913	0.0	0.0	5.3955936	0.0	0.0	0.0	0.0	162.31973	0.0	0.0	0.0	0.0	0.0	1457.3483	0.0	548.21387	0.0	238.18378	0.0	0.0	0.0	0.0	0.0	0.0	0.0	0.0	0.0	635.53033	258.06882	0.0	23.128405	0.0	0.0	647.7312	0.0	0.0	1125.4906	0.0	130.4818	0.0	0.0	0.0	882.9524	148.45514	69.88739	662.2751	0.0	0.0	629.67084	302.3123	0.0	1357.9061	0.0	0.0	0.0	940.2171	1137.7152	0.0	0.0	533.07056	0.0	0.0	0.0	605.5296	380.957	0.0	0.0	284.23898	0.0	0.0	0.0	1516.77	1871.271	618.1499	0.0	0.0	0.0	3.5796537	0.0	1054.1927	1157.8557	0.0	0.0	32.347042	0.0	0.0	0.0	5.327288	0.0	1033.4459	51.441746	0.0	0.0	0.0	0.0
0.0	69.23128	0.0	1429.1427	0.0	0.0	2.6970603	0.0	0.0	0.0	0.0	0.0	25.10792	276.92252	1732.1025	332.0585	1652.7096	0.0	808.799	0.0	0.0	1218.856	0.0	0.0	0.0	0.0	0.0	0.0	0.0	66.24937	0.0	0.0	1011.65283	0.0	0.0	3.1043186	0.0	0.0	0.0	0.0	160.22278	0.0	0.0	0.0	0.0	0.0	1432.5887	0.0	539.7063	0.0	233.32558	0.0	0.0	0.0	0.0	0.0	0.0	0.0	0.0	0.0	620.7935	253.86882	0.0	20.55685	0.0	0.0	630.0795	0.0	0.0	1104.1597	0.0	124.75635	0.0	0.0	0.0	866.2056	144.27727	70.92889	651.7247	0.0	0.0	619.72943	300.60712	0.0	1334.4727	0.0	0.0	0.0	925.9622	1112.0215	0.0	0.0	524.1186	0.0	0.0	0.0	594.29034	372.66586	0.0	0.0	276.37875	0.0	0.0	0.0	1491.5858	1835.9066	611.3211	0.0	0.0	0.0	2.902606	0.0	1039.2299	1136.8732	0.0	0.0	36.42544	0.0	0.0	0.0	3.102339	0.0	1013.5496	45.019268	0.0	0.0	0.0	0.0
0.0	80.24632	0.0	1567.148	0.0	0.0	4.3158193	0.0	0.0	0.0	0.0	0.0	29.84881	284.99515	1886.4476	348.09903	1793.1084	0.0	874.675	0.0	0.0	1328.3861	0.0	0.0	0.0	0.0	0.0	0.0	0.0	81.41956	0.0	0.0	1090.092	0.0	0.0	11.3831625	0.0	0.0	0.0	0.0	175.31029	0.0	0.0	0.0	0.0	0.0	1552.9274	0.0	589.91693	0.0	258.74564	0.0	0.0	0.0	0.0	0.0	0.0	0.0	0.0	0.0	684.7822	279.36768	0.0	26.062456	0.0	0.0	699.408	0.0	0.0	1203.6782	0.0	140.52655	0.0	0.0	0.0	945.9427	166.57788	68.63694	708.0715	0.0	0.0	670.66437	319.05908	0.0	1452.3984	0.0	0.0	0.0	990.1516	1227.5428	0.0	0.0	566.299	0.0	0.0	0.0	652.21027	405.64133	0.0	0.0	305.6562	0.0	0.0	0.0	1620.3882	2004.2416	653.6649	0.0	0.0	0.0	5.3085074	0.0	1112.8481	1234.338	0.0	0.0	31.22496	0.0	0.0	0.0	11.849656	0.0	1108.0181	72.349495	0.0	0.0	0.0	0.0
0.0	84.52195	0.0	1477.1138	0.0	0.0	14.557588	0.0	0.0	0.0	0.0	0.0	33.79334	291.50293	1811.3461	376.09412	1746.9879	0.0	865.67645	0.0	0.0	1255.61	0.0	0.0	0.0	0.0	0.0	0.0	0.0	57.265015	0.0	0.0	1054.2179	0.0	0.0	0.38586864	0.0	0.0	0.0	0.0	152.38823	0.0	0.0	0.0	0.0	0.0	1500.9945	0.0	539.15	0.0	238.24406	0.0	0.0	0.0	0.0	0.0	0.0	0.0	0.0	0.0	654.2935	275.89444	0.0	20.806746	0.0	0.0	660.2425	0.0	0.0	1143.0624	0.0	135.4291	0.0	0.0	0.0	895.5025	129.59901	90.144104	675.9676	0.0	0.0	659.78644	330.67468	0.0	1370.4683	0.0	0.0	0.0	978.83325	1134.9521	0.0	0.0	558.63873	0.0	0.0	0.0	593.0334	409.77145	0.0	0.0	313.17206	0.0	0.0	0.0	1530.5582	1900.5844	623.2224	0.0	0.0	0.0	2.5439737	0.0	1089.6346	1183.4932	0.0	0.0	65.226494	0.0	0.0	0.0	5.597332	0.0	1043.951	42.944885	0.0	0.0	0.0	0.0
0.0	71.24291	0.0	1445.3705	0.0	0.0	2.9251182	0.0	0.0	0.0	0.0	0.0	25.266378	276.8418	1749.7784	334.0513	1669.1221	0.0	817.1362	0.0	0.0	1230.6766	0.0	0.0	0.0	0.0	0.0	0.0	0.0	67.20898	0.0	0.0	1021.1595	0.0	0.0	4.002934	0.0	0.0	0.0	0.0	162.26411	0.0	0.0	0.0	0.0	0.0	1445.7482	0.0	544.37885	0.0	236.23535	0.0	0.0	0.0	0.0	0.0	0.0	0.0	0.0	0.0	628.5655	258.14407	0.0	21.67634	0.0	0.0	638.81573	0.0	0.0	1115.2949	0.0	127.92432	0.0	0.0	0.0	875.0546	146.59898	70.80835	657.5168	0.0	0.0	624.9748	303.30032	0.0	1348.2759	0.0	0.0	0.0	934.0784	1125.2358	0.0	0.0	529.05707	0.0	0.0	0.0	600.4331	376.54288	0.0	0.0	280.33292	0.0	0.0	0.0	1504.4579	1855.021	615.55316	0.0	0.0	0.0	3.7141702	0.0	1046.6793	1147.7655	0.0	0.0	34.066372	0.0	0.0	0.0	4.5547113	0.0	1024.3923	49.259663	0.0	0.0	0.0	0.0
0.0	71.42866	0.0	1463.6881	0.0	0.0	2.505756	0.0	0.0	0.0	0.0	0.0	25.425589	279.50854	1770.9706	337.62936	1687.8003	0.0	825.9997	0.0	0.0	1245.2191	0.0	0.0	0.0	0.0	0.0	0.0	0.0	68.77674	0.0	0.0	1031.239	0.0	0.0	5.3639827	0.0	0.0	0.0	0.0	162.78325	0.0	0.0	0.0	0.0	0.0	1462.2535	0.0	550.5618	0.0	238.88051	0.0	0.0	0.0	0.0	0.0	0.0	0.0	0.0	0.0	637.39935	260.42648	0.0	22.237467	0.0	0.0	648.0794	0.0	0.0	1128.001	0.0	129.89778	0.0	0.0	0.0	884.3278	148.69438	70.13272	664.5943	0.0	0.0	632.0766	304.68396	0.0	1362.67	0.0	0.0	0.0	942.8518	1139.8478	0.0	0.0	534.43964	0.0	0.0	0.0	606.36676	382.43442	0.0	0.0	285.0029	0.0	0.0	0.0	1521.6227	1876.2369	619.35406	0.0	0.0	0.0	2.8000314	0.0	1056.6356	1160.7953	0.0	0.0	34.408062	0.0	0.0	0.0	5.035826	0.0	1035.896	50.709286	0.0	0.0	0.0	0.0
0.0	75.6358	0.0	1548.4854	0.0	0.0	4.1261983	0.0	0.0	0.0	0.0	0.0	27.7078	285.99265	1861.9562	347.4607	1772.8334	0.0	864.8565	0.0	0.0	1313.7528	0.0	0.0	0.0	0.0	0.0	0.0	0.0	76.69716	0.0	0.0	1079.6337	0.0	0.0	10.0905905	0.0	0.0	0.0	0.0	172.73955	0.0	0.0	0.0	0.0	0.0	1539.1129	0.0	580.43677	0.0	254.27148	0.0	0.0	0.0	0.0	0.0	0.0	0.0	0.0	0.0	676.11676	275.3457	0.0	25.914873	0.0	0.0	688.3325	0.0	0.0	1187.983	0.0	139.62091	0.0	0.0	0.0	931.4754	162.98341	70.205864	698.48364	0.0	0.0	663.38983	316.0997	0.0	1435.3984	0.0	0.0	0.0	984.033	1210.4054	0.0	0.0	560.4383	0.0	0.0	0.0	640.32904	396.7019	0.0	0.0	301.01727	0.0	0.0	0.0	1600.6927	1974.962	645.0854	0.0	0.0	0.0	4.78979	0.0	1104.8816	1219.8859	0.0	0.0	30.613363	0.0	0.0	0.0	10.484483	0.0	1093.9266	65.85636	0.0	0.0	0.0	0.0
0.0	68.42882	0.0	1423.9849	0.0	0.0	2.084888	0.0	0.0	0.0	0.0	0.0	25.259806	277.50537	1725.0504	331.6528	1646.2113	0.0	804.73126	0.0	0.0	1214.9075	0.0	0.0	0.0	0.0	0.0	0.0	0.0	66.18249	0.0	0.0	1006.5789	0.0	0.0	3.7029464	0.0	0.0	0.0	0.0	158.69444	0.0	0.0	0.0	0.0	0.0	1427.3428	0.0	538.3295	0.0	233.05084	0.0	0.0	0.0	0.0	0.0	0.0	0.0	0.0	0.0	617.7226	252.59688	0.0	21.29772	0.0	0.0	627.00806	0.0	0.0	1099.6051	0.0	124.821754	0.0	0.0	0.0	861.55743	143.12996	70.338875	649.4862	0.0	0.0	614.4624	297.38327	0.0	1328.9066	0.0	0.0	0.0	921.9197	1106.8329	0.0	0.0	522.93756	0.0	0.0	0.0	591.2253	372.06754	0.0	0.0	273.77808	0.0	0.0	0.0	1485.2445	1828.9512	608.39667	0.0	0.0	0.0	2.715541	0.0	1034.5376	1130.5714	0.0	0.0	35.52774	0.0	0.0	0.0	2.0768976	0.0	1008.79755	45.102448	0.0	0.0	0.0	0.0
0.0	73.315865	0.0	1459.4015	0.0	0.0	3.3156261	0.0	0.0	0.0	0.0	0.0	26.764374	278.1614	1768.1163	337.51273	1684.7535	0.0	824.84357	0.0	0.0	1241.0519	0.0	0.0	0.0	0.0	0.0	0.0	0.0	68.64953	0.0	0.0	1030.0382	0.0	0.0	4.7285047	0.0	0.0	0.0	0.0	163.52563	0.0	0.0	0.0	0.0	0.0	1459.6411	0.0	548.0947	0.0	237.86774	0.0	0.0	0.0	0.0	0.0	0.0	0.0	0.0	0.0	634.2679	260.83075	0.0	22.641695	0.0	0.0	646.90826	0.0	0.0	1125.4829	0.0	129.21606	0.0	0.0	0.0	883.17206	147.43742	71.4322	662.99756	0.0	0.0	631.4548	303.40018	0.0	1359.1627	0.0	0.0	0.0	941.33075	1136.6266	0.0	0.0	534.9212	0.0	0.0	0.0	604.58984	382.365	0.0	0.0	286.00912	0.0	0.0	0.0	1518.4673	1871.9316	618.36163	0.0	0.0	0.0	3.6865313	0.0	1054.2661	1157.0527	0.0	0.0	35.325497	0.0	0.0	0.0	4.4404397	0.0	1032.9489	52.301426	0.0	0.0	0.0	0.0
0.0	78.735176	0.0	1544.9652	0.0	0.0	4.4940066	0.0	0.0	0.0	0.0	0.0	31.258478	280.4441	1863.2441	344.8538	1772.9957	0.0	864.3367	0.0	0.0	1309.4305	0.0	0.0	0.0	0.0	0.0	0.0	0.0	80.18106	0.0	0.0	1078.0503	0.0	0.0	11.594558	0.0	0.0	0.0	0.0	172.39856	0.0	0.0	0.0	0.0	0.0	1534.9648	0.0	579.937	0.0	253.18494	0.0	0.0	0.0	0.0	0.0	0.0	0.0	0.0	0.0	675.1086	276.3573	0.0	25.467813	0.0	0.0	691.04364	0.0	0.0	1187.7711	0.0	138.79976	0.0	0.0	0.0	933.1446	162.74098	69.33293	698.0432	0.0	0.0	663.56696	314.5756	0.0	1432.4297	0.0	0.0	0.0	980.5286	1210.1265	0.0	0.0	560.24176	0.0	0.0	0.0	641.77246	401.71622	0.0	0.0	303.8163	0.0	0.0	0.0	1597.873	1978.1683	644.2957	0.0	0.0	0.0	4.5521474	0.0	1100.4086	1219.0087	0.0	0.0	32.343525	0.0	0.0	0.0	9.407655	0.0	1092.9142	71.473946	0.0	0.0	0.0	0.0
0.0	73.72713	0.0	1469.6578	0.0	0.0	2.6476982	0.0	0.0	0.0	0.0	0.0	24.888098	278.25705	1780.2719	339.16992	1695.2155	0.0	828.99384	0.0	0.0	1247.0868	0.0	0.0	0.0	0.0	0.0	0.0	0.0	68.27471	0.0	0.0	1037.7097	0.0	0.0	4.801325	0.0	0.0	0.0	0.0	165.47401	0.0	0.0	0.0	0.0	0.0	1468.5073	0.0	550.08905	0.0	237.78969	0.0	0.0	0.0	0.0	0.0	0.0	0.0	0.0	0.0	640.355	261.74405	0.0	22.28936	0.0	0.0	652.4891	0.0	0.0	1132.8583	0.0	131.37971	0.0	0.0	0.0	889.97534	147.34433	70.607765	664.8457	0.0	0.0	636.0532	305.8283	0.0	1367.6499	0.0	0.0	0.0	949.13995	1145.7982	0.0	0.0	536.79065	0.0	0.0	0.0	606.8327	385.59827	0.0	0.0	289.5555	0.0	0.0	0.0	1527.2748	1881.8169	621.00195	0.0	0.0	0.0	3.0000765	0.0	1060.7654	1166.4569	0.0	0.0	34.097317	0.0	0.0	0.0	6.1419177	0.0	1041.453	51.637836	0.0	0.0	0.0	0.0
0.0	67.47729	0.0	1409.466	0.0	0.0	2.8512962	0.0	0.0	0.0	0.0	0.0	24.490189	276.25882	1707.7803	329.39133	1630.026	0.0	799.1987	0.0	0.0	1203.0767	0.0	0.0	0.0	0.0	0.0	0.0	0.0	63.753826	0.0	0.0	999.66473	0.0	0.0	1.7246138	0.0	0.0	0.0	0.0	157.23634	0.0	0.0	0.0	0.0	0.0	1414.1085	0.0	532.0527	0.0	230.04951	0.0	0.0	0.0	0.0	0.0	0.0	0.0	0.0	0.0	612.29083	251.42926	0.0	19.385923	0.0	0.0	619.6108	0.0	0.0	1088.5957	0.0	123.31808	0.0	0.0	0.0	852.75934	140.72314	71.88012	643.5737	0.0	0.0	609.74664	296.5557	0.0	1317.0435	0.0	0.0	0.0	916.33276	1095.9176	0.0	0.0	518.7386	0.0	0.0	0.0	585.8678	367.2164	0.0	0.0	270.52768	0.0	0.0	0.0	1471.477	1811.7916	603.7668	0.0	0.0	0.0	2.8624551	0.0	1025.656	1122.207	0.0	0.0	36.130234	0.0	0.0	0.0	0.46815392	0.0	999.3813	41.986057	0.0	0.0	0.0	0.0
0.0	72.623726	0.0	1373.7399	0.0	0.0	5.5053926	0.0	0.0	0.0	0.0	0.0	25.60372	280.30435	1677.9702	337.82858	1609.9589	0.0	794.514	0.0	0.0	1178.3004	0.0	0.0	0.0	0.0	0.0	0.0	0.0	56.49956	0.0	0.0	982.3079	0.0	0.0	0.0	0.0	0.0	0.0	0.0	149.70232	0.0	0.0	0.0	0.0	0.0	1393.5371	0.0	516.4338	0.0	224.75859	0.0	0.0	0.0	0.0	0.0	0.0	0.0	0.0	0.0	598.9151	250.96822	0.0	16.587683	0.0	0.0	601.44855	0.0	0.0	1066.0143	0.0	119.69598	0.0	0.0	0.0	833.96454	127.799255	79.89566	633.4329	0.0	0.0	602.8088	301.52014	0.0	1287.4598	0.0	0.0	0.0	908.1984	1062.5726	0.0	0.0	516.0689	0.0	0.0	0.0	565.52435	368.7728	0.0	0.0	269.1945	0.0	0.0	0.0	1439.9209	1773.7506	594.6435	0.0	0.0	0.0	1.5743209	0.0	1014.596	1101.2406	0.0	0.0	49.21655	0.0	0.0	0.0	0.0	0.0	976.08405	30.661978	0.0	0.0	0.0	0.0
0.0	64.341896	0.0	1367.7783	0.0	0.0	3.865324	0.0	0.0	0.0	0.0	0.0	24.581146	274.85413	1662.8441	324.2693	1589.0765	0.0	780.6071	0.0	0.0	1173.7493	0.0	0.0	0.0	0.0	0.0	0.0	0.0	60.722942	0.0	0.0	974.02637	0.0	0.0	0.0	0.0	0.0	0.0	0.0	153.05928	0.0	0.0	0.0	0.0	0.0	1381.2557	0.0	519.8505	0.0	225.41809	0.0	0.0	0.0	0.0	0.0	0.0	0.0	0.0	0.0	595.5191	245.61507	0.0	16.250673	0.0	0.0	597.4959	0.0	0.0	1059.0643	0.0	116.611046	0.0	0.0	0.0	829.7383	135.21059	73.281654	630.2619	0.0	0.0	595.9012	294.17868	0.0	1282.818	0.0	0.0	0.0	895.84796	1062.1703	0.0	0.0	506.2946	0.0	0.0	0.0	569.85693	356.87094	0.0	0.0	260.85822	0.0	0.0	0.0	1437.067	1764.0536	591.8985	0.0	0.0	0.0	1.4026736	0.0	1003.6496	1094.1625	0.0	0.0	42.00531	0.0	0.0	0.0	0.0	0.0	973.34393	33.813454	0.0	0.0	0.0	0.0
0.0	11.047496	0.0	222.6419	0.0	0.0	0.0	0.0	0.0	0.0	0.0	0.0	1.992417	46.594265	270.89755	51.671783	257.06155	0.0	126.73922	0.0	0.0	193.33252	0.0	0.0	0.0	0.0	0.0	0.0	0.0	10.461632	0.0	0.0	158.55824	0.0	0.0	0.0	0.0	0.0	0.0	0.0	27.44972	0.0	0.0	0.0	0.0	0.0	223.65685	0.0	86.91689	0.0	38.11601	0.0	0.0	0.0	0.0	0.0	0.0	0.0	0.0	0.0	93.892525	39.991238	0.0	4.6853867	0.0	0.0	94.87133	0.0	0.0	172.84782	0.0	16.988842	0.0	0.0	0.0	136.50887	22.839607	11.471829	104.759895	0.0	0.0	94.75415	49.15982	0.0	212.38167	0.0	0.0	0.0	145.46217	173.09015	0.0	0.0	82.76464	0.0	0.0	0.0	95.37438	57.02962	0.0	0.0	39.03182	0.0	0.0	0.0	237.9428	287.45935	100.445496	0.0	0.0	0.0	0.029047772	0.0	164.14706	177.18587	0.0	0.0	5.57247	0.0	0.0	0.0	0.0	0.0	159.4878	1.8423303	0.0	0.0	0.0	0.0
0.0	11.0394125	0.0	232.88794	0.0	0.0	0.0	0.0	0.0	0.0	0.0	0.0	2.6402671	46.875793	283.6584	53.287075	268.1063	0.0	132.23431	0.0	0.0	200.99335	0.0	0.0	0.0	0.0	0.0	0.0	0.0	11.233233	0.0	0.0	165.59912	0.0	0.0	0.0	0.0	0.0	0.0	0.0	28.723944	0.0	0.0	0.0	0.0	0.0	233.04529	0.0	90.47364	0.0	39.688038	0.0	0.0	0.0	0.0	0.0	0.0	0.0	0.0	0.0	99.11438	41.95813	0.0	4.22288	0.0	0.0	100.53927	0.0	0.0	180.41675	0.0	18.51953	0.0	0.0	0.0	142.52673	24.75125	11.460387	108.559	0.0	0.0	99.1579	50.348953	0.0	221.66089	0.0	0.0	0.0	150.85085	181.83624	0.0	0.0	85.81183	0.0	0.0	0.0	99.21411	59.845043	0.0	0.0	41.729206	0.0	0.0	0.0	247.38268	300.83292	103.51111	0.0	0.0	0.0	0.11722481	0.0	170.23993	184.97856	0.0	0.0	4.966558	0.0	0.0	0.0	0.0	0.0	166.33728	4.1806874	0.0	0.0	0.0	0.0
0.0	11.154118	0.0	234.49117	0.0	0.0	0.0	0.0	0.0	0.0	0.0	0.0	2.4164531	47.44444	285.3315	53.741352	269.94522	0.0	132.91083	0.0	0.0	202.58421	0.0	0.0	0.0	0.0	0.0	0.0	0.0	11.485825	0.0	0.0	166.40387	0.0	0.0	0.0	0.0	0.0	0.0	0.0	28.93064	0.0	0.0	0.0	0.0	0.0	234.30168	0.0	91.37766	0.0	40.14824	0.0	0.0	0.0	0.0	0.0	0.0	0.0	0.0	0.0	99.38686	42.000397	0.0	4.676225	0.0	0.0	100.97458	0.0	0.0	181.7959	0.0	18.589613	0.0	0.0	0.0	143.60863	24.973028	11.334617	109.42948	0.0	0.0	99.66508	50.804096	0.0	223.20448	0.0	0.0	0.0	151.59135	182.97083	0.0	0.0	86.51965	0.0	0.0	0.0	100.32685	60.414932	0.0	0.0	41.68797	0.0	0.0	0.0	249.05975	303.02652	104.58643	0.0	0.0	0.0	0.096471906	0.0	171.39348	185.98814	0.0	0.0	4.9615865	0.0	0.0	0.0	0.0	0.0	167.42879	4.004067	0.0	0.0	0.0	0.0
0.0	11.204197	0.0	238.08125	0.0	0.0	0.0	0.0	0.0	0.0	0.0	0.0	2.6057727	47.739227	289.46536	54.259445	274.07507	0.0	134.8051	0.0	0.0	205.6126	0.0	0.0	0.0	0.0	0.0	0.0	0.0	11.763035	0.0	0.0	168.89172	0.0	0.0	0.0	0.0	0.0	0.0	0.0	29.45756	0.0	0.0	0.0	0.0	0.0	237.77142	0.0	92.69358	0.0	40.76403	0.0	0.0	0.0	0.0	0.0	0.0	0.0	0.0	0.0	101.17855	42.54968	0.0	4.872616	0.0	0.0	102.655396	0.0	0.0	184.65242	0.0	19.06182	0.0	0.0	0.0	145.8478	25.600204	11.343341	110.93778	0.0	0.0	101.18296	51.65428	0.0	226.403	0.0	0.0	0.0	153.55489	185.76172	0.0	0.0	87.529305	0.0	0.0	0.0	101.960884	61.069813	0.0	0.0	42.35899	0.0	0.0	0.0	252.4253	307.5045	106.119446	0.0	0.0	0.0	0.34069422	0.0	173.93254	188.87871	0.0	0.0	4.6217904	0.0	0.0	0.0	0.0	0.0	170.01788	4.443367	0.0	0.0	0.0	0.0
0.0	11.207507	0.0	232.76305	0.0	0.0	0.0	0.0	0.0	0.0	0.0	0.0	2.1631649	48.296078	282.64023	53.57147	268.0442	0.0	131.79895	0.0	0.0	201.75536	0.0	0.0	0.0	0.0	0.0	0.0	0.0	11.320754	0.0	0.0	165.17065	0.0	0.0	0.0	0.0	0.0	0.0	0.0	28.775337	0.0	0.0	0.0	0.0	0.0	232.99951	0.0	91.02578	0.0	39.814297	0.0	0.0	0.0	0.0	0.0	0.0	0.0	0.0	0.0	98.0448	41.560154	0.0	5.066801	0.0	0.0	99.272064	0.0	0.0	180.57573	0.0	18.083044	0.0	0.0	0.0	142.77934	24.327772	11.470065	109.00378	0.0	0.0	98.550026	51.05905	0.0	221.94206	0.0	0.0	0.0	151.0577	181.18713	0.0	0.0	86.18332	0.0	0.0	0.0	99.92111	59.264835	0.0	0.0	40.688915	0.0	0.0	0.0	247.98645	300.37857	104.70441	0.0	0.0	0.0	0.23375554	0.0	170.85956	184.85551	0.0	0.0	5.1671796	0.0	0.0	0.0	0.0	0.0	166.57906	2.713384	0.0	0.0	0.0	0.0
0.0	11.228671	0.0	235.9707	0.0	0.0	0.0	0.0	0.0	0.0	0.0	0.0	2.4371574	47.546406	287.0646	53.77016	271.48145	0.0	133.6035	0.0	0.0	203.72267	0.0	0.0	0.0	0.0	0.0	0.0	0.0	11.5700655	0.0	0.0	167.64584	0.0	0.0	0.0	0.0	0.0	0.0	0.0	29.241678	0.0	0.0	0.0	0.0	0.0	235.80804	0.0	91.683105	0.0	40.262512	0.0	0.0	0.0	0.0	0.0	0.0	0.0	0.0	0.0	100.116516	42.254436	0.0	4.6456795	0.0	0.0	101.70141	0.0	0.0	182.8871	0.0	18.781328	0.0	0.0	0.0	144.5143	25.06278	11.3813925	109.95574	0.0	0.0	100.33923	51.12372	0.0	224.64891	0.0	0.0	0.0	152.66063	184.23753	0.0	0.0	86.8454	0.0	0.0	0.0	100.77743	60.488934	0.0	0.0	41.938885	0.0	0.0	0.0	250.62129	304.51138	105.10639	0.0	0.0	0.0	0.20367698	0.0	172.36568	187.33443	0.0	0.0	4.6678014	0.0	0.0	0.0	0.0	0.0	168.62212	3.9802935	0.0	0.0	0.0	0.0
0.0	11.293454	0.0	233.99419	0.0	0.0	0.0	0.0	0.0	0.0	0.0	0.0	2.216451	47.627857	284.61682	53.4308	269.30902	0.0	132.63255	0.0	0.0	202.37285	0.0	0.0	0.0	0.0	0.0	0.0	0.0	11.431804	0.0	0.0	166.21729	0.0	0.0	0.0	0.0	0.0	0.0	0.0	29.12116	0.0	0.0	0.0	0.0	0.0	234.04323	0.0	91.21035	0.0	40.034744	0.0	0.0	0.0	0.0	0.0	0.0	0.0	0.0	0.0	98.973366	42.048935	0.0	4.7367444	0.0	0.0	100.52323	0.0	0.0	181.39824	0.0	18.37411	0.0	0.0	0.0	143.51372	24.748262	11.439355	109.37012	0.0	0.0	99.25802	50.81007	0.0	223.17006	0.0	0.0	0.0	151.5129	182.65047	0.0	0.0	86.46523	0.0	0.0	0.0	100.193	59.919434	0.0	0.0	41.24777	0.0	0.0	0.0	248.9571	302.19687	104.57546	0.0	0.0	0.0	0.17570285	0.0	171.20619	185.7257	0.0	0.0	4.906374	0.0	0.0	0.0	0.0	0.0	167.38124	3.466121	0.0	0.0	0.0	0.0
0.0	11.194679	0.0	231.97127	0.0	0.0	0.0	0.0	0.0	0.0	0.0	0.0	2.1643765	47.649734	281.94434	53.160206	267.0626	0.0	131.53941	0.0	0.0	200.99971	0.0	0.0	0.0	0.0	0.0	0.0	0.0	11.321117	0.0	0.0	164.68335	0.0	0.0	0.0	0.0	0.0	0.0	0.0	28.661743	0.0	0.0	0.0	0.0	0.0	232.23497	0.0	90.490265	0.0	39.65227	0.0	0.0	0.0	0.0	0.0	0.0	0.0	0.0	0.0	97.978966	41.547268	0.0	4.705728	0.0	0.0	99.344154	0.0	0.0	179.9068	0.0	18.126354	0.0	0.0	0.0	142.07689	24.325819	11.381203	108.636314	0.0	0.0	98.4563	50.549625	0.0	221.11601	0.0	0.0	0.0	150.39104	180.90215	0.0	0.0	85.83988	0.0	0.0	0.0	99.454926	59.395237	0.0	0.0	40.712276	0.0	0.0	0.0	247.13026	299.50623	103.864265	0.0	0.0	0.0	0.2507656	0.0	169.9362	184.15332	0.0	0.0	5.054558	0.0	0.0	0.0	0.0	0.0	165.98372	3.1000118	0.0	0.0	0.0	0.0
0.0	11.17659	0.0	234.68005	0.0	0.0	0.0	0.0	0.0	0.0	0.0	0.0	2.1771717	47.30499	285.75998	53.50319	270.07257	0.0	133.10555	0.0	0.0	202.64648	0.0	0.0	0.0	0.0	0.0	0.0	0.0	11.510657	0.0	0.0	166.70314	0.0	0.0	0.0	0.0	0.0	0.0	0.0	29.349985	0.0	0.0	0.0	0.0	0.0	234.62917	0.0	91.25256	0.0	40.016033	0.0	0.0	0.0	0.0	0.0	0.0	0.0	0.0	0.0	99.398834	42.193172	0.0	4.6934166	0.0	0.0	101.150696	0.0	0.0	181.89197	0.0	18.62243	0.0	0.0	0.0	143.89516	25.066896	11.397027	109.30444	0.0	0.0	99.6409	50.85843	0.0	223.59972	0.0	0.0	0.0	151.7661	183.29816	0.0	0.0	86.4884	0.0	0.0	0.0	100.21943	60.330708	0.0	0.0	41.6864	0.0	0.0	0.0	249.38667	302.9735	104.72311	0.0	0.0	0.0	0.13595624	0.0	171.53694	186.15247	0.0	0.0	4.7152715	0.0	0.0	0.0	0.0	0.0	167.7145	3.7863772	0.0	0.0	0.0	0.0
0.0	11.269985	0.0	242.37866	0.0	0.0	0.0	0.0	0.0	0.0	0.0	0.0	2.4729302	48.240093	294.32785	54.933254	278.33902	0.0	136.94601	0.0	0.0	208.91692	0.0	0.0	0.0	0.0	0.0	0.0	0.0	11.90514	0.0	0.0	171.80225	0.0	0.0	0.05501231	0.0	0.0	0.0	0.0	30.008371	0.0	0.0	0.0	0.0	0.0	241.42097	0.0	94.21067	0.0	41.454685	0.0	0.0	0.0	0.0	0.0	0.0	0.0	0.0	0.0	103.07203	43.421535	0.0	4.6819005	0.0	0.0	104.59461	0.0	0.0	187.70409	0.0	19.49759	0.0	0.0	0.0	148.29527	26.08713	11.341962	112.60431	0.0	0.0	102.84983	52.410862	0.0	230.41388	0.0	0.0	0.0	155.97685	189.19946	0.0	0.0	88.8137	0.0	0.0	0.0	103.57601	62.069946	0.0	0.0	43.1854	0.0	0.0	0.0	256.55154	312.68542	107.52323	0.0	0.0	0.0	0.21918659	0.0	176.27838	192.0255	0.0	0.0	4.5140843	0.0	0.0	0.0	0.0	0.0	172.91298	4.7227116	0.0	0.0	0.0	0.0
0.0	11.22944	0.0	232.46355	0.0	0.0	0.0	0.0	0.0	0.0	0.0	0.0	2.3961194	47.16065	283.1029	53.498	267.96597	0.0	132.24428	0.0	0.0	200.68279	0.0	0.0	0.0	0.0	0.0	0.0	0.0	10.989639	0.0	0.0	165.53383	0.0	0.0	0.0	0.0	0.0	0.0	0.0	28.847479	0.0	0.0	0.0	0.0	0.0	232.99767	0.0	89.948875	0.0	39.279377	0.0	0.0	0.0	0.0	0.0	0.0	0.0	0.0	0.0	98.67364	41.95874	0.0	4.2989993	0.0	0.0	100.11425	0.0	0.0	180.11946	0.0	18.442514	0.0	0.0	0.0	142.31583	24.362097	11.717654	108.2611	0.0	0.0	99.074455	50.704853	0.0	221.38243	0.0	0.0	0.0	151.0331	181.18549	0.0	0.0	85.86501	0.0	0.0	0.0	98.858894	59.546185	0.0	0.0	41.549145	0.0	0.0	0.0	247.03151	299.79468	103.58555	0.0	0.0	0.0	0.10660406	0.0	170.38622	184.79266	0.0	0.0	5.1222005	0.0	0.0	0.0	0.0	0.0	166.14235	3.3848197	0.0	0.0	0.0	0.0
0.0	11.104359	0.0	228.6967	0.0	0.0	0.0	0.0	0.0	0.0	0.0	0.0	2.0018024	47.18634	278.18854	52.624645	263.61475	0.0	129.96268	0.0	0.0	198.0717	0.0	0.0	0.0	0.0	0.0	0.0	0.0	10.85217	0.0	0.0	162.70573	0.0	0.0	0.0	0.0	0.0	0.0	0.0	28.370344	0.0	0.0	0.0	0.0	0.0	229.24658	0.0	89.06303	0.0	38.957058	0.0	0.0	0.0	0.0	0.0	0.0	0.0	0.0	0.0	96.72767	41.206665	0.0	4.7406693	0.0	0.0	97.8797	0.0	0.0	177.3456	0.0	17.734165	0.0	0.0	0.0	140.22993	23.788054	11.465771	107.01465	0.0	0.0	97.05933	50.04729	0.0	218.11334	0.0	0.0	0.0	148.8443	178.08986	0.0	0.0	84.7006	0.0	0.0	0.0	97.78222	58.601334	0.0	0.0	40.294724	0.0	0.0	0.0	243.7594	295.17957	102.572655	0.0	0.0	0.0	0.0069946893	0.0	167.9286	181.78418	0.0	0.0	5.2129364	0.0	0.0	0.0	0.0	0.0	163.67711	2.5054197	0.0	0.0	0.0	0.0
0.0	11.132182	0.0	226.00865	0.0	0.0	0.0	0.0	0.0	0.0	0.0	0.0	2.2233295	46.9652	274.89597	52.18079	260.8533	0.0	128.45909	0.0	0.0	196.09662	0.0	0.0	0.0	0.0	0.0	0.0	0.0	10.8393135	0.0	0.0	160.74678	0.0	0.0	0.0	0.0	0.0	0.0	0.0	27.885664	0.0	0.0	0.0	0.0	0.0	226.82805	0.0	88.15627	0.0	38.641914	0.0	0.0	0.0	0.0	0.0	0.0	0.0	0.0	0.0	95.40908	40.73193	0.0	4.681664	0.0	0.0	96.44045	0.0	0.0	175.30786	0.0	17.331633	0.0	0.0	0.0	138.44945	23.307364	11.558605	106.177	0.0	0.0	96.07766	49.590168	0.0	215.50615	0.0	0.0	0.0	147.33495	175.87384	0.0	0.0	84.0702	0.0	0.0	0.0	96.87549	57.85814	0.0	0.0	39.645218	0.0	0.0	0.0	241.13026	291.939	101.595726	0.0	0.0	0.0	0.10601596	0.0	166.28491	179.75873	0.0	0.0	5.4169393	0.0	0.0	0.0	0.0	0.0	161.75134	2.5553656	0.0	0.0	0.0	0.0
0.0	11.214999	0.0	229.75652	0.0	0.0	0.0	0.0	0.0	0.0	0.0	0.0	2.1850693	47.284084	279.5282	52.790394	264.7776	0.0	130.44905	0.0	0.0	198.94695	0.0	0.0	0.0	0.0	0.0	0.0	0.0	11.109296	0.0	0.0	163.32378	0.0	0.0	0.0	0.0	0.0	0.0	0.0	28.617422	0.0	0.0	0.0	0.0	0.0	230.1523	0.0	89.62012	0.0	39.152927	0.0	0.0	0.0	0.0	0.0	0.0	0.0	0.0	0.0	96.98586	41.34657	0.0	4.695205	0.0	0.0	98.42158	0.0	0.0	178.15977	0.0	17.813475	0.0	0.0	0.0	140.92259	24.108223	11.481267	107.66802	0.0	0.0	97.567726	50.35922	0.0	219.3346	0.0	0.0	0.0	149.38606	178.9749	0.0	0.0	85.12675	0.0	0.0	0.0	98.404015	58.735165	0.0	0.0	40.358326	0.0	0.0	0.0	244.90509	296.6535	103.11942	0.0	0.0	0.0	0.051368836	0.0	168.61226	182.48	0.0	0.0	5.2152023	0.0	0.0	0.0	0.0	0.0	164.50719	2.8833106	0.0	0.0	0.0	0.0
0.0	11.306439	0.0	235.97734	0.0	0.0	0.0	0.0	0.0	0.0	0.0	0.0	2.4690552	47.85133	286.9823	53.89906	271.59274	0.0	133.72418	0.0	0.0	204.04692	0.0	0.0	0.0	0.0	0.0	0.0	0.0	11.714843	0.0	0.0	167.31592	0.0	0.0	0.0	0.0	0.0	0.0	0.0	29.135096	0.0	0.0	0.0	0.0	0.0	235.70203	0.0	92.16039	0.0	40.507885	0.0	0.0	0.0	0.0	0.0	0.0	0.0	0.0	0.0	99.79713	42.148	0.0	4.841217	0.0	0.0	101.49737	0.0	0.0	182.98326	0.0	18.652643	0.0	0.0	0.0	144.57115	25.238167	11.347379	110.280815	0.0	0.0	100.181915	51.193462	0.0	224.81813	0.0	0.0	0.0	152.39906	184.09637	0.0	0.0	87.05331	0.0	0.0	0.0	101.200676	60.574295	0.0	0.0	41.632465	0.0	0.0	0.0	250.72748	304.90933	105.42722	0.0	0.0	0.0	0.26464888	0.0	172.4917	187.1176	0.0	0.0	4.84153	0.0	0.0	0.0	0.0	0.0	168.5919	3.8523057	0.0	0.0	0.0	0.0
0.0	11.3751955	0.0	235.06248	0.0	0.0	0.0	0.0	0.0	0.0	0.0	0.0	2.4800014	47.68895	286.22403	53.854176	270.67853	0.0	133.50502	0.0	0.0	203.19745	0.0	0.0	0.0	0.0	0.0	0.0	0.0	11.393182	0.0	0.0	167.13426	0.0	0.0	0.0	0.0	0.0	0.0	0.0	29.10811	0.0	0.0	0.0	0.0	0.0	235.12727	0.0	91.504036	0.0	40.243984	0.0	0.0	0.0	0.0	0.0	0.0	0.0	0.0	0.0	99.60388	42.231365	0.0	4.6556306	0.0	0.0	101.20467	0.0	0.0	182.3012	0.0	18.46871	0.0	0.0	0.0	144.10765	25.002	11.579942	109.95754	0.0	0.0	100.07159	51.22188	0.0	224.01448	0.0	0.0	0.0	152.33037	183.32086	0.0	0.0	86.81359	0.0	0.0	0.0	100.56609	60.285572	0.0	0.0	41.74774	0.0	0.0	0.0	250.07771	303.72726	105.0751	0.0	0.0	0.0	0.15224786	0.0	172.04604	186.65312	0.0	0.0	5.004914	0.0	0.0	0.0	0.0	0.0	168.00307	3.7090442	0.0	0.0	0.0	0.0
0.0	11.319856	0.0	232.4405	0.0	0.0	0.0	0.0	0.0	0.0	0.0	0.0	2.1997383	48.033264	282.652	53.611237	267.759	0.0	132.01964	0.0	0.0	201.29292	0.0	0.0	0.0	0.0	0.0	0.0	0.0	11.1869545	0.0	0.0	165.13678	0.0	0.0	0.0	0.0	0.0	0.0	0.0	28.492325	0.0	0.0	0.0	0.0	0.0	232.82153	0.0	90.64846	0.0	39.69772	0.0	0.0	0.0	0.0	0.0	0.0	0.0	0.0	0.0	98.23587	41.597313	0.0	4.737495	0.0	0.0	99.56757	0.0	0.0	180.23637	0.0	18.134453	0.0	0.0	0.0	142.34387	24.330149	11.628303	108.86674	0.0	0.0	98.66044	50.783325	0.0	221.58022	0.0	0.0	0.0	150.97746	181.04088	0.0	0.0	86.173	0.0	0.0	0.0	99.64486	59.574535	0.0	0.0	40.865986	0.0	0.0	0.0	247.54439	300.28635	104.14432	0.0	0.0	0.0	0.14011522	0.0	170.54051	184.68764	0.0	0.0	5.2857556	0.0	0.0	0.0	0.0	0.0	166.16116	3.1459396	0.0	0.0	0.0	0.0
0.0	11.278815	0.0	229.92467	0.0	0.0	0.0	0.0	0.0	0.0	0.0	0.0	2.2830112	47.20563	279.92923	52.963665	265.06445	0.0	130.83148	0.0	0.0	199.09631	0.0	0.0	0.0	0.0	0.0	0.0	0.0	11.054721	0.0	0.0	163.53587	0.0	0.0	0.0	0.0	0.0	0.0	0.0	28.401358	0.0	0.0	0.0	0.0	0.0	230.40283	0.0	89.61566	0.0	39.39854	0.0	0.0	0.0	0.0	0.0	0.0	0.0	0.0	0.0	97.24204	41.408894	0.0	4.612598	0.0	0.0	98.525	0.0	0.0	178.29778	0.0	17.936043	0.0	0.0	0.0	140.80309	24.249496	11.5432625	107.79022	0.0	0.0	97.73295	50.33484	0.0	219.25346	0.0	0.0	0.0	149.3062	179.16597	0.0	0.0	85.17622	0.0	0.0	0.0	98.28834	58.970875	0.0	0.0	40.61536	0.0	0.0	0.0	244.98524	297.12204	103.0278	0.0	0.0	0.0	0.14944153	0.0	168.73349	182.60522	0.0	0.0	5.251459	0.0	0.0	0.0	0.0	0.0	164.44368	3.1204927	0.0	0.0	0.0	0.0
0.0	11.145648	0.0	231.99506	0.0	0.0	0.0	0.0	0.0	0.0	0.0	0.0	2.3145134	47.056484	282.35037	53.085682	267.14752	0.0	131.6098	0.0	0.0	200.53918	0.0	0.0	0.0	0.0	0.0	0.0	0.0	11.32653	0.0	0.0	164.86775	0.0	0.0	0.0	0.0	0.0	0.0	0.0	28.792658	0.0	0.0	0.0	0.0	0.0	232.12793	0.0	90.29609	0.0	39.624363	0.0	0.0	0.0	0.0	0.0	0.0	0.0	0.0	0.0	98.39606	41.667576	0.0	4.6053314	0.0	0.0	99.78132	0.0	0.0	179.89917	0.0	18.346657	0.0	0.0	0.0	142.18837	24.585585	11.349118	108.348366	0.0	0.0	98.66178	50.501507	0.0	221.03276	0.0	0.0	0.0	150.36516	181.0058	0.0	0.0	85.625755	0.0	0.0	0.0	99.19341	59.54656	0.0	0.0	41.202732	0.0	0.0	0.0	246.71533	299.6258	103.68171	0.0	0.0	0.0	0.09563426	0.0	169.74507	184.2343	0.0	0.0	4.926929	0.0	0.0	0.0	0.0	0.0	165.87007	3.6839154	0.0	0.0	0.0	0.0
0.0	11.162903	0.0	240.98431	0.0	0.0	0.0	0.0	0.0	0.0	0.0	0.0	2.6429043	48.073624	292.72098	54.545242	276.77338	0.0	136.10449	0.0	0.0	207.98657	0.0	0.0	0.0	0.0	0.0	0.0	0.0	12.152847	0.0	0.0	170.74443	0.0	0.0	0.017731275	0.0	0.0	0.0	0.0	29.962425	0.0	0.0	0.0	0.0	0.0	240.10988	0.0	93.97123	0.0	41.177242	0.0	0.0	0.0	0.0	0.0	0.0	0.0	0.0	0.0	102.23267	43.171387	0.0	4.779431	0.0	0.0	103.89034	0.0	0.0	186.70998	0.0	19.225138	0.0	0.0	0.0	147.69057	25.988586	11.279385	112.220024	0.0	0.0	102.14545	52.140568	0.0	229.39265	0.0	0.0	0.0	155.05856	188.2104	0.0	0.0	88.44814	0.0	0.0	0.0	103.407646	61.592743	0.0	0.0	42.664154	0.0	0.0	0.0	255.41174	311.13953	107.19288	0.0	0.0	0.0	0.30706355	0.0	175.54448	191.0023	0.0	0.0	4.526257	0.0	0.0	0.0	0.0	0.0	172.1024	4.6395817	0.0	0.0	0.0	0.0
0.0	11.0859785	0.0	243.31987	0.0	0.0	0.0	0.0	0.0	0.0	0.0	0.0	2.6538818	48.341534	295.53745	54.857265	279.14114	0.0	137.24953	0.0	0.0	209.92873	0.0	0.0	0.0	0.0	0.0	0.0	0.0	12.27119	0.0	0.0	172.19203	0.0	0.0	0.12802689	0.0	0.0	0.0	0.0	30.482971	0.0	0.0	0.0	0.0	0.0	242.15498	0.0	94.98585	0.0	41.691494	0.0	0.0	0.0	0.0	0.0	0.0	0.0	0.0	0.0	102.96646	43.43764	0.0	4.896711	0.0	0.0	104.89944	0.0	0.0	188.45569	0.0	19.483133	0.0	0.0	0.0	148.93312	26.622955	11.195439	113.23739	0.0	0.0	102.95154	52.59155	0.0	231.64131	0.0	0.0	0.0	156.19844	190.1873	0.0	0.0	89.01672	0.0	0.0	0.0	104.23649	62.065716	0.0	0.0	43.077347	0.0	0.0	0.0	257.89383	313.8662	108.32336	0.0	0.0	0.0	0.41412333	0.0	176.97107	192.33276	0.0	0.0	4.20136	0.0	0.0	0.0	0.0	0.0	173.7195	4.877751	0.0	0.0	0.0	0.0
0.0	12.649108	0.0	238.38213	0.0	0.0	0.0	0.0	0.0	0.0	0.0	0.0	3.014375	48.692398	291.59958	56.30106	276.66467	0.0	136.99785	0.0	0.0	206.30664	0.0	0.0	0.0	0.0	0.0	0.0	0.0	11.287052	0.0	0.0	169.9865	0.0	0.0	0.0	0.0	0.0	0.0	0.0	29.104874	0.0	0.0	0.0	0.0	0.0	239.38396	0.0	92.54655	0.0	40.981186	0.0	0.0	0.0	0.0	0.0	0.0	0.0	0.0	0.0	101.529396	43.55109	0.0	4.424984	0.0	0.0	102.74109	0.0	0.0	185.32275	0.0	19.100868	0.0	0.0	0.0	146.36485	24.641617	12.63955	111.81131	0.0	0.0	102.333565	53.31569	0.0	227.30725	0.0	0.0	0.0	155.34093	185.44537	0.0	0.0	88.83549	0.0	0.0	0.0	101.38983	62.55353	0.0	0.0	43.30672	0.0	0.0	0.0	253.18706	309.0084	106.88385	0.0	0.0	0.0	0.15251584	0.0	175.43147	189.72437	0.0	0.0	6.311877	0.0	0.0	0.0	0.0	0.0	170.33946	3.640849	0.0	0.0	0.0	0.0
0.0	11.288152	0.0	238.08476	0.0	0.0	0.0	0.0	0.0	0.0	0.0	0.0	2.5099277	48.11531	289.32797	54.327328	273.62436	0.0	134.86201	0.0	0.0	205.66545	0.0	0.0	0.0	0.0	0.0	0.0	0.0	11.752457	0.0	0.0	168.97424	0.0	0.0	0.0	0.0	0.0	0.0	0.0	29.307444	0.0	0.0	0.0	0.0	0.0	237.44019	0.0	92.88343	0.0	40.89562	0.0	0.0	0.0	0.0	0.0	0.0	0.0	0.0	0.0	100.74399	42.386475	0.0	4.8367887	0.0	0.0	102.53122	0.0	0.0	184.61131	0.0	18.938028	0.0	0.0	0.0	145.98708	25.578506	11.479359	111.1952	0.0	0.0	100.925865	51.792812	0.0	226.84746	0.0	0.0	0.0	153.50859	185.8171	0.0	0.0	87.7384	0.0	0.0	0.0	102.2524	60.849712	0.0	0.0	41.854877	0.0	0.0	0.0	252.68077	307.6448	106.25927	0.0	0.0	0.0	0.2621229	0.0	173.872	188.88002	0.0	0.0	4.5207005	0.0	0.0	0.0	0.0	0.0	170.03639	4.1513515	0.0	0.0	0.0	0.0
0.0	10.913352	0.0	238.25185	0.0	0.0	0.0	0.0	0.0	0.0	0.0	0.0	2.4487495	47.189877	289.94077	54.07626	273.51733	0.0	134.7312	0.0	0.0	205.02974	0.0	0.0	0.0	0.0	0.0	0.0	0.0	11.794872	0.0	0.0	169.02473	0.0	0.0	0.06742533	0.0	0.0	0.0	0.0	29.443792	0.0	0.0	0.0	0.0	0.0	237.58191	0.0	92.44836	0.0	40.526	0.0	0.0	0.0	0.0	0.0	0.0	0.0	0.0	0.0	101.34409	42.537968	0.0	4.3988347	0.0	0.0	103.29904	0.0	0.0	184.47644	0.0	19.188654	0.0	0.0	0.0	145.84845	25.678688	11.132577	110.546425	0.0	0.0	101.19999	50.914936	0.0	226.1931	0.0	0.0	0.0	153.40675	186.11285	0.0	0.0	87.33221	0.0	0.0	0.0	101.55729	61.269337	0.0	0.0	42.892445	0.0	0.0	0.0	252.41264	307.45435	105.49926	0.0	0.0	0.0	0.040621564	0.0	173.2436	188.71004	0.0	0.0	4.5301003	0.0	0.0	0.0	0.0	0.0	169.81332	4.782231	0.0	0.0	0.0	0.0
0.0	10.917968	0.09587914	252.22644	0.0	0.0	0.0	0.0	0.0	0.0	0.0	0.0	2.754216	48.44095	305.94296	56.12778	288.50555	0.0	141.85475	0.0	0.0	216.16277	0.0	0.0	0.0	0.0	0.0	0.0	0.0	12.728826	0.0	0.0	177.99713	0.0	0.0	0.47130513	0.0	0.0	0.0	0.0	31.143602	0.0	0.0	0.0	0.0	0.0	250.08586	0.0	97.2088	0.0	42.782745	0.0	0.0	0.0	0.0	0.0	0.0	0.0	0.0	0.0	107.88339	45.01364	0.0	4.3481603	0.0	0.0	110.04315	0.0	0.0	194.79314	0.0	21.127562	0.0	0.0	0.0	153.79662	27.760742	11.096081	116.183044	0.0	0.0	106.969055	53.498066	0.0	238.67773	0.0	0.0	0.0	160.8791	197.42615	0.0	0.0	91.47054	0.0	0.0	0.0	107.039116	64.55521	0.0	0.0	45.862362	0.0	0.0	0.0	265.44623	324.20303	110.20508	0.0	0.0	0.0	0.37542164	0.0	181.74596	199.07368	0.0	0.0	3.7857902	0.0	0.0	0.0	0.24018331	0.0	179.53624	6.362862	0.0	0.0	0.0	0.0
0.0	15.061175	0.7310067	320.89407	0.0	0.0	0.0	0.0	0.0	0.0	0.0	0.0	4.369864	58.451996	389.6687	70.253944	366.85278	0.0	179.85689	0.0	0.0	273.21448	0.0	0.0	0.0	0.0	0.0	0.0	0.0	17.405832	0.0	0.0	225.07954	0.0	0.0	1.6072508	0.0	0.0	0.0	0.0	39.339615	0.0	0.0	0.0	0.0	0.0	317.6198	0.0	122.81409	0.0	54.06653	0.0	0.0	0.0	0.0	0.0	0.0	0.0	0.0	0.0	138.54782	57.288315	0.0	4.641174	0.0	0.0	142.42683	0.0	0.0	247.8122	0.0	27.941706	0.0	0.0	0.0	195.52205	36.401432	13.299629	146.52776	0.0	0.0	136.80482	66.27502	0.0	301.41306	0.0	0.0	0.0	202.50261	252.24867	0.0	0.0	115.756935	0.0	0.0	0.0	135.16823	83.12397	0.0	0.0	60.54335	0.0	0.0	0.0	335.94992	412.5604	137.85449	0.0	0.0	0.0	0.4217769	0.0	228.74068	252.66933	0.0	0.0	4.9178925	0.0	0.0	0.0	1.4716908	0.0	228.3871	12.28609	0.0	0.0	0.0	0.0
0.0	13.0173645	0.10254818	284.199	0.0	0.0	0.0	0.0	0.0	0.0	0.0	0.0	3.6242561	54.217976	344.98325	63.291504	325.3558	0.0	159.5958	0.0	0.0	243.187	0.0	0.0	0.0	0.0	0.0	0.0	0.0	14.562778	0.0	0.0	200.64807	0.0	0.0	0.39138976	0.0	0.0	0.0	0.0	35.341343	0.0	0.0	0.0	0.0	0.0	281.7602	0.0	109.550575	0.0	47.969757	0.0	0.0	0.0	0.0	0.0	0.0	0.0	0.0	0.0	121.40124	50.414867	0.0	5.157822	0.0	0.0	124.20768	0.0	0.0	219.72783	0.0	23.829992	0.0	0.0	0.0	173.23424	31.477448	12.411767	130.71867	0.0	0.0	120.95065	60.108982	0.0	268.5161	0.0	0.0	0.0	181.35048	222.48445	0.0	0.0	102.99616	0.0	0.0	0.0	120.286385	72.83574	0.0	0.0	52.091213	0.0	0.0	0.0	299.23825	365.29514	124.35486	0.0	0.0	0.0	0.61310875	0.0	204.9275	224.16571	0.0	0.0	4.2043357	0.0	0.0	0.0	0.56881964	0.0	202.39067	8.1120615	0.0	0.0	0.0	0.0
0.0	11.538367	0.40056503	247.80237	0.0	0.0	0.0	0.0	0.0	0.0	0.0	0.0	2.1986034	51.387745	299.23172	55.275757	283.51773	0.0	138.66399	0.0	0.0	215.52504	0.0	0.0	0.0	0.0	0.0	0.0	0.0	13.316871	0.0	0.0	174.4118	0.0	0.0	0.035631105	0.0	0.0	0.0	0.0	31.098738	0.0	0.0	0.0	0.0	0.0	245.7394	0.0	98.65638	0.0	43.510418	0.0	0.0	0.0	0.0	0.0	0.0	0.0	0.0	0.0	103.25059	43.28175	0.0	6.7441025	0.0	0.0	104.947655	0.0	0.0	192.46666	0.0	18.900763	0.0	0.0	0.0	152.4286	27.288147	11.026623	116.687614	0.0	0.0	103.53458	54.333008	0.0	237.10847	0.0	0.0	0.0	158.71059	193.63617	0.0	0.0	90.99314	0.0	0.0	0.0	108.43079	61.95753	0.0	0.0	41.34451	0.0	0.0	0.0	264.47305	319.8718	112.55126	0.0	0.0	0.0	0.95616215	0.0	180.71034	195.9071	0.0	0.0	3.7669468	0.0	0.0	0.0	0.0	0.0	177.68127	3.2860096	0.0	0.0	0.0	0.0
0.0	12.281066	1.9064236	276.0804	0.0	0.0	0.0	0.0	0.0	0.0	0.0	0.0	3.4547417	53.932827	332.3826	59.487	313.83887	0.0	152.74818	0.0	0.0	238.81517	0.0	0.0	0.0	0.0	0.0	0.0	0.0	16.553072	0.0	0.0	192.09328	0.0	0.0	1.2631676	0.0	0.0	0.0	0.0	34.67815	0.0	0.0	0.0	0.0	0.0	270.7823	0.0	110.44434	0.0	49.161392	0.0	0.0	0.0	0.0	0.0	0.0	0.0	0.0	0.0	115.7188	47.806473	0.0	6.7579684	0.0	0.0	118.53411	0.0	0.0	214.04305	0.0	22.058954	0.0	0.0	0.0	169.28343	32.516144	10.533753	129.17894	0.0	0.0	114.710365	58.964672	0.0	262.76526	0.0	0.0	0.0	172.87367	216.7679	0.0	0.0	99.63617	0.0	0.0	0.0	121.13279	69.04249	0.0	0.0	46.495373	0.0	0.0	0.0	292.1494	356.47202	123.55838	0.0	0.0	0.0	1.765845	0.0	197.85803	216.4331	0.0	0.0	2.8694496	0.0	0.0	0.0	0.6627129	0.0	197.38916	8.113608	0.0	0.0	0.0	0.0
0.0	14.916921	5.231966	315.58716	0.0	0.0	0.0	0.0	0.0	0.0	0.0	0.0	4.803366	58.835648	378.11307	64.778175	356.56702	0.0	171.58195	0.0	0.0	273.4059	0.0	0.0	0.0	0.0	0.0	0.0	0.0	22.747566	0.0	0.0	215.42053	0.0	0.0	3.5689995	0.0	0.0	0.0	0.0	40.00131	0.0	0.0	0.0	0.0	0.0	305.60266	0.0	128.74077	0.0	58.005543	0.0	0.0	0.0	0.0	0.0	0.0	0.0	0.0	0.0	132.0079	54.22402	0.0	7.556376	0.0	0.0	136.22357	0.0	0.0	244.98991	0.0	25.287218	0.0	0.0	0.0	194.91225	39.7468	9.980362	148.44896	0.0	0.0	128.84473	66.168915	0.0	300.04465	0.0	0.0	0.0	192.19264	249.96214	0.0	0.0	112.91988	0.0	0.0	0.0	141.6609	78.83175	0.0	0.0	51.95021	0.0	0.0	0.0	332.50833	409.37753	141.29085	0.0	0.0	0.0	3.9030313	0.0	222.15465	245.56377	0.0	0.0	2.4288845	0.0	0.0	0.0	1.4912982	0.0	226.30457	13.77023	0.0	0.0	0.0	0.0
0.0	14.031105	0.03640991	299.72217	0.0	0.0	0.0	0.0	0.0	0.0	0.0	0.0	3.6415317	55.829235	363.218	66.061424	342.43307	0.0	167.66391	0.0	0.0	255.39314	0.0	0.0	0.0	0.0	0.0	0.0	0.0	15.577844	0.0	0.0	210.93523	0.0	0.0	0.87174153	0.0	0.0	0.0	0.0	37.2089	0.0	0.0	0.0	0.0	0.0	296.33118	0.0	114.79043	0.0	50.360546	0.0	0.0	0.0	0.0	0.0	0.0	0.0	0.0	0.0	128.45226	52.78032	0.0	5.5081916	0.0	0.0	131.7588	0.0	0.0	231.49037	0.0	25.999727	0.0	0.0	0.0	182.41524	33.45682	12.416455	136.82706	0.0	0.0	127.383484	62.655712	0.0	281.99014	0.0	0.0	0.0	190.31447	234.97331	0.0	0.0	107.823204	0.0	0.0	0.0	126.23704	76.878365	0.0	0.0	55.671734	0.0	0.0	0.0	314.0708	384.11987	129.99237	0.0	0.0	0.0	0.7231889	0.0	214.8373	235.93903	0.0	0.0	4.0292344	0.0	0.0	0.0	1.2218688	0.0	213.29137	9.381141	0.0	0.0	0.0	0.0
0.0	11.9016905	0.0	251.01692	0.0	0.0	0.0	0.0	0.0	0.0	0.0	0.0	2.939518	50.786945	304.8477	57.156067	288.65292	0.0	141.83864	0.0	0.0	217.09566	0.0	0.0	0.0	0.0	0.0	0.0	0.0	12.58427	0.0	0.0	178.13841	0.0	0.0	0.0	0.0	0.0	0.0	0.0	31.138742	0.0	0.0	0.0	0.0	0.0	250.44173	0.0	98.170044	0.0	43.133373	0.0	0.0	0.0	0.0	0.0	0.0	0.0	0.0	0.0	106.218544	44.65279	0.0	5.288198	0.0	0.0	107.84748	0.0	0.0	194.79549	0.0	19.896645	0.0	0.0	0.0	154.01431	26.843872	12.073024	117.33547	0.0	0.0	106.49842	54.91759	0.0	239.30452	0.0	0.0	0.0	162.30801	195.84404	0.0	0.0	92.3151	0.0	0.0	0.0	107.92181	63.84932	0.0	0.0	43.96964	0.0	0.0	0.0	266.69357	324.17102	112.66253	0.0	0.0	0.0	0.4221606	0.0	183.58162	199.23943	0.0	0.0	4.880642	0.0	0.0	0.0	0.0	0.0	179.5933	4.4347143	0.0	0.0	0.0	0.0
0.0	11.328767	0.035446063	237.60472	0.0	0.0	0.0	0.0	0.0	0.0	0.0	0.0	2.4850533	49.125824	287.9758	53.78362	273.168	0.0	133.96921	0.0	0.0	206.63397	0.0	0.0	0.0	0.0	0.0	0.0	0.0	12.435313	0.0	0.0	167.91644	0.0	0.0	0.0	0.0	0.0	0.0	0.0	29.728172	0.0	0.0	0.0	0.0	0.0	236.84631	0.0	94.08292	0.0	41.43652	0.0	0.0	0.0	0.0	0.0	0.0	0.0	0.0	0.0	99.63326	42.2731	0.0	5.841121	0.0	0.0	101.003914	0.0	0.0	184.6132	0.0	18.126366	0.0	0.0	0.0	145.99089	25.68194	11.212628	111.93869	0.0	0.0	100.12707	52.36397	0.0	227.24109	0.0	0.0	0.0	153.29688	185.37895	0.0	0.0	87.68429	0.0	0.0	0.0	103.2692	60.20836	0.0	0.0	40.469166	0.0	0.0	0.0	253.52946	307.2453	107.63256	0.0	0.0	0.0	0.51282334	0.0	174.05067	188.3691	0.0	0.0	4.620671	0.0	0.0	0.0	0.0	0.0	170.44495	3.340821	0.0	0.0	0.0	0.0
0.0	11.230672	0.0	234.06694	0.0	0.0	0.0	0.0	0.0	0.0	0.0	0.0	2.2787464	49.136887	283.52625	53.498566	269.45248	0.0	132.23627	0.0	0.0	203.85327	0.0	0.0	0.0	0.0	0.0	0.0	0.0	11.972255	0.0	0.0	165.56642	0.0	0.0	0.0	0.0	0.0	0.0	0.0	29.130419	0.0	0.0	0.0	0.0	0.0	233.89478	0.0	92.67904	0.0	40.736492	0.0	0.0	0.0	0.0	0.0	0.0	0.0	0.0	0.0	97.89584	41.488678	0.0	5.881309	0.0	0.0	99.135	0.0	0.0	181.88908	0.0	17.67688	0.0	0.0	0.0	143.90608	24.929243	11.388337	110.51914	0.0	0.0	98.61062	51.813274	0.0	223.81651	0.0	0.0	0.0	151.47792	182.13771	0.0	0.0	86.804756	0.0	0.0	0.0	101.8348	59.242126	0.0	0.0	39.680374	0.0	0.0	0.0	250.08777	302.56735	106.44086	0.0	0.0	0.0	0.47358683	0.0	172.1452	185.65547	0.0	0.0	5.023958	0.0	0.0	0.0	0.0	0.0	167.85823	2.6134117	0.0	0.0	0.0	0.0
0.0	11.38165	1.0369166	254.26367	0.0	0.0	0.0	0.0	0.0	0.0	0.0	0.0	2.7580833	51.657368	307.26743	56.41576	290.6837	0.0	141.86479	0.0	0.0	220.92834	0.0	0.0	0.0	0.0	0.0	0.0	0.0	14.397817	0.0	0.0	178.61848	0.0	0.0	0.44268855	0.0	0.0	0.0	0.0	31.918396	0.0	0.0	0.0	0.0	0.0	251.47102	0.0	101.72913	0.0	45.088238	0.0	0.0	0.0	0.0	0.0	0.0	0.0	0.0	0.0	106.09717	44.262268	0.0	6.6967964	0.0	0.0	108.39616	0.0	0.0	197.54253	0.0	19.593283	0.0	0.0	0.0	156.49513	28.784134	10.936566	119.75864	0.0	0.0	106.12986	55.13869	0.0	243.0417	0.0	0.0	0.0	161.78731	198.93562	0.0	0.0	93.04281	0.0	0.0	0.0	111.640724	63.881268	0.0	0.0	42.39764	0.0	0.0	0.0	270.76706	329.20578	115.31994	0.0	0.0	0.0	1.0754714	0.0	184.85722	200.51	0.0	0.0	3.444327	0.0	0.0	0.0	0.0	0.0	181.95386	5.109142	0.0	0.0	0.0	0.0
0.0	11.802344	1.2136574	264.09808	0.0	0.0	0.0	0.0	0.0	0.0	0.0	0.0	3.2277515	52.422375	319.3213	58.359818	301.70255	0.0	147.32166	0.0	0.0	228.37737	0.0	0.0	0.0	0.0	0.0	0.0	0.0	15.064843	0.0	0.0	185.18053	0.0	0.0	0.6725088	0.0	0.0	0.0	0.0	33.138683	0.0	0.0	0.0	0.0	0.0	260.4977	0.0	105.16897	0.0	46.481506	0.0	0.0	0.0	0.0	0.0	0.0	0.0	0.0	0.0	110.73742	45.851303	0.0	6.550731	0.0	0.0	113.53122	0.0	0.0	205.05872	0.0	20.918447	0.0	0.0	0.0	162.56	30.07313	10.996311	123.73596	0.0	0.0	110.60137	56.93787	0.0	251.6745	0.0	0.0	0.0	167.4364	206.75633	0.0	0.0	96.21574	0.0	0.0	0.0	115.65624	66.73891	0.0	0.0	45.144344	0.0	0.0	0.0	280.1245	341.70224	119.045074	0.0	0.0	0.0	0.9639947	0.0	191.05211	207.9778	0.0	0.0	3.395703	0.0	0.0	0.0	0.020135352	0.0	188.74416	6.6835494	0.0	0.0	0.0	0.0
0.0	11.535672	0.083610274	233.17961	0.0	0.0	0.0	0.0	0.0	0.0	0.0	0.0	2.246441	49.1807	282.7803	53.28658	268.56723	0.0	131.93542	0.0	0.0	203.38216	0.0	0.0	0.0	0.0	0.0	0.0	0.0	11.907132	0.0	0.0	165.06407	0.0	0.0	0.0	0.0	0.0	0.0	0.0	29.0566	0.0	0.0	0.0	0.0	0.0	233.13908	0.0	92.44994	0.0	40.77506	0.0	0.0	0.0	0.0	0.0	0.0	0.0	0.0	0.0	97.562325	41.52032	0.0	5.9186454	0.0	0.0	98.63684	0.0	0.0	181.2939	0.0	17.33124	0.0	0.0	0.0	143.4702	24.706894	11.3770485	110.58079	0.0	0.0	98.4255	51.932102	0.0	223.27863	0.0	0.0	0.0	151.17433	181.52698	0.0	0.0	86.691895	0.0	0.0	0.0	101.585014	59.070267	0.0	0.0	39.563145	0.0	0.0	0.0	249.86626	301.70828	106.20158	0.0	0.0	0.0	0.44150874	0.0	171.52614	185.0955	0.0	0.0	5.226986	0.0	0.0	0.0	0.0	0.0	167.44695	2.4060585	0.0	0.0	0.0	0.0
0.0	11.394253	0.0032586015	236.00716	0.0	0.0	0.0	0.0	0.0	0.0	0.0	0.0	2.5259635	49.060333	286.2128	53.696323	271.53403	0.0	133.37256	0.0	0.0	205.34843	0.0	0.0	0.0	0.0	0.0	0.0	0.0	12.075904	0.0	0.0	167.05486	0.0	0.0	0.0	0.0	0.0	0.0	0.0	29.398605	0.0	0.0	0.0	0.0	0.0	235.60197	0.0	93.21506	0.0	41.083454	0.0	0.0	0.0	0.0	0.0	0.0	0.0	0.0	0.0	99.098724	42.145996	0.0	5.712914	0.0	0.0	100.27063	0.0	0.0	183.29854	0.0	17.976667	0.0	0.0	0.0	144.98152	25.125086	11.386657	111.28405	0.0	0.0	99.61584	52.184067	0.0	225.77092	0.0	0.0	0.0	152.76517	184.01033	0.0	0.0	87.345245	0.0	0.0	0.0	102.437096	59.802856	0.0	0.0	40.27969	0.0	0.0	0.0	252.05089	305.1566	106.88444	0.0	0.0	0.0	0.5275039	0.0	173.05457	187.34639	0.0	0.0	4.803311	0.0	0.0	0.0	0.0	0.0	169.27428	3.084922	0.0	0.0	0.0	0.0
0.0	11.442653	0.1830669	236.88933	0.0	0.0	0.0	0.0	0.0	0.0	0.0	0.0	2.12518	49.817596	286.94345	53.91962	272.21338	0.0	133.65855	0.0	0.0	206.4895	0.0	0.0	0.0	0.0	0.0	0.0	0.0	12.29218	0.0	0.0	167.52336	0.0	0.0	0.0	0.0	0.0	0.0	0.0	29.43952	0.0	0.0	0.0	0.0	0.0	236.26927	0.0	94.2215	0.0	41.630184	0.0	0.0	0.0	0.0	0.0	0.0	0.0	0.0	0.0	99.02325	41.802307	0.0	6.1644826	0.0	0.0	100.38678	0.0	0.0	184.24605	0.0	17.7638	0.0	0.0	0.0	145.88994	25.467104	11.306813	112.15811	0.0	0.0	99.66135	52.47165	0.0	226.85127	0.0	0.0	0.0	153.02838	184.66687	0.0	0.0	87.785545	0.0	0.0	0.0	103.49856	59.766647	0.0	0.0	39.832367	0.0	0.0	0.0	253.60608	306.59778	107.98577	0.0	0.0	0.0	0.61275285	0.0	173.9579	187.958	0.0	0.0	4.7746034	0.0	0.0	0.0	0.0	0.0	170.03297	2.6736917	0.0	0.0	0.0	0.0
0.0	11.497055	0.01945835	238.42451	0.0	0.0	0.0	0.0	0.0	0.0	0.0	0.0	2.3825696	49.573395	289.15506	54.22076	274.16623	0.0	134.5577	0.0	0.0	207.39734	0.0	0.0	0.0	0.0	0.0	0.0	0.0	12.324558	0.0	0.0	168.72585	0.0	0.0	0.0	0.0	0.0	0.0	0.0	29.706598	0.0	0.0	0.0	0.0	0.0	237.88222	0.0	94.30127	0.0	41.582718	0.0	0.0	0.0	0.0	0.0	0.0	0.0	0.0	0.0	99.90708	42.319576	0.0	5.899202	0.0	0.0	101.348145	0.0	0.0	185.27196	0.0	18.092886	0.0	0.0	0.0	146.60185	25.636889	11.365895	112.51703	0.0	0.0	100.564384	52.467976	0.0	228.03679	0.0	0.0	0.0	154.06293	185.93591	0.0	0.0	88.21813	0.0	0.0	0.0	103.60958	60.43822	0.0	0.0	40.65463	0.0	0.0	0.0	254.81853	308.41724	108.14163	0.0	0.0	0.0	0.4302881	0.0	174.84723	189.0612	0.0	0.0	4.7889366	0.0	0.0	0.0	0.0	0.0	170.97888	3.1642447	0.0	0.0	0.0	0.0
0.0	12.614688	2.1138356	277.68497	0.0	0.0	0.0	0.0	0.0	0.0	0.0	0.0	3.5016174	54.023296	334.475	59.979767	315.90814	0.0	153.62556	0.0	0.0	239.89867	0.0	0.0	0.0	0.0	0.0	0.0	0.0	16.711184	0.0	0.0	193.19147	0.0	0.0	1.3583342	0.0	0.0	0.0	0.0	34.62426	0.0	0.0	0.0	0.0	0.0	272.2866	0.0	110.92423	0.0	49.414104	0.0	0.0	0.0	0.0	0.0	0.0	0.0	0.0	0.0	116.61181	47.85028	0.0	6.751859	0.0	0.0	119.553215	0.0	0.0	215.40247	0.0	22.520216	0.0	0.0	0.0	170.37453	32.603317	10.508804	129.85858	0.0	0.0	115.48098	59.106445	0.0	263.946	0.0	0.0	0.0	173.85493	218.05707	0.0	0.0	100.24027	0.0	0.0	0.0	121.90696	69.925575	0.0	0.0	47.048748	0.0	0.0	0.0	293.44345	358.80347	124.21066	0.0	0.0	0.0	1.5008196	0.0	198.89113	217.74379	0.0	0.0	2.908781	0.0	0.0	0.0	0.71246296	0.0	198.45457	8.262865	0.0	0.0	0.0	0.0
0.0	11.776398	0.0	243.29768	0.0	0.0	0.0	0.0	0.0	0.0	0.0	0.0	2.523114	50.29733	295.72855	55.81555	280.5082	0.0	137.91187	0.0	0.0	211.03212	0.0	0.0	0.0	0.0	0.0	0.0	0.0	11.952844	0.0	0.0	172.88281	0.0	0.0	0.0	0.0	0.0	0.0	0.0	30.380606	0.0	0.0	0.0	0.0	0.0	243.80652	0.0	95.25744	0.0	41.734165	0.0	0.0	0.0	0.0	0.0	0.0	0.0	0.0	0.0	102.73635	43.5808	0.0	5.4070916	0.0	0.0	103.84231	0.0	0.0	188.93645	0.0	18.804222	0.0	0.0	0.0	149.39937	25.609411	12.021419	114.23093	0.0	0.0	103.32687	53.696075	0.0	232.1862	0.0	0.0	0.0	158.29742	189.50981	0.0	0.0	90.01	0.0	0.0	0.0	104.55176	61.92552	0.0	0.0	42.57295	0.0	0.0	0.0	259.7687	314.1613	109.90051	0.0	0.0	0.0	0.36690757	0.0	178.85387	193.43843	0.0	0.0	5.4835067	0.0	0.0	0.0	0.0	0.0	174.53139	3.1014583	0.0	0.0	0.0	0.0
0.0	11.66409	0.06381406	246.21346	0.0	0.0	0.0	0.0	0.0	0.0	0.0	0.0	2.7394607	50.463192	298.77057	55.966248	283.0549	0.0	138.96169	0.0	0.0	213.64203	0.0	0.0	0.0	0.0	0.0	0.0	0.0	12.722011	0.0	0.0	174.23567	0.0	0.0	0.0	0.0	0.0	0.0	0.0	30.516764	0.0	0.0	0.0	0.0	0.0	245.46657	0.0	97.12225	0.0	42.750652	0.0	0.0	0.0	0.0	0.0	0.0	0.0	0.0	0.0	103.427734	43.645817	0.0	5.694266	0.0	0.0	105.218895	0.0	0.0	191.27876	0.0	19.159464	0.0	0.0	0.0	151.2762	26.67673	11.689732	115.623535	0.0	0.0	104.00745	53.95535	0.0	235.07756	0.0	0.0	0.0	158.76183	192.04979	0.0	0.0	90.81521	0.0	0.0	0.0	106.70017	62.529114	0.0	0.0	42.452324	0.0	0.0	0.0	262.2285	318.48392	111.24814	0.0	0.0	0.0	0.4779712	0.0	180.26135	195.06306	0.0	0.0	4.7421994	0.0	0.0	0.0	0.0	0.0	176.21985	4.0183873	0.0	0.0	0.0	0.0
0.0	11.464976	0.29983827	241.76697	0.0	0.0	0.0	0.0	0.0	0.0	0.0	0.0	2.2775757	50.45622	292.6761	54.700214	277.6619	0.0	136.0356	0.0	0.0	210.52803	0.0	0.0	0.0	0.0	0.0	0.0	0.0	12.687514	0.0	0.0	170.72919	0.0	0.0	0.0	0.0	0.0	0.0	0.0	30.308691	0.0	0.0	0.0	0.0	0.0	240.79657	0.0	96.076866	0.0	42.320217	0.0	0.0	0.0	0.0	0.0	0.0	0.0	0.0	0.0	100.91696	42.665848	0.0	6.4333644	0.0	0.0	102.455284	0.0	0.0	187.95134	0.0	18.263628	0.0	0.0	0.0	148.81558	26.190788	11.218488	114.06466	0.0	0.0	101.53086	53.357502	0.0	231.35457	0.0	0.0	0.0	155.77386	188.55939	0.0	0.0	89.287445	0.0	0.0	0.0	105.49009	60.96242	0.0	0.0	40.72107	0.0	0.0	0.0	258.36118	312.5937	109.97324	0.0	0.0	0.0	0.7301416	0.0	177.21704	191.52763	0.0	0.0	4.538803	0.0	0.0	0.0	0.0	0.0	173.4945	3.0581954	0.0	0.0	0.0	0.0
0.0	11.421834	0.53701025	252.8044	0.0	0.0	0.0	0.0	0.0	0.0	0.0	0.0	2.387614	52.371517	305.03	56.363678	289.13452	0.0	141.20064	0.0	0.0	220.02989	0.0	0.0	0.0	0.0	0.0	0.0	0.0	13.779122	0.0	0.0	177.73767	0.0	0.0	0.16752426	0.0	0.0	0.0	0.0	31.614721	0.0	0.0	0.0	0.0	0.0	250.53308	0.0	100.90415	0.0	44.560963	0.0	0.0	0.0	0.0	0.0	0.0	0.0	0.0	0.0	105.39596	43.999043	0.0	7.0621886	0.0	0.0	107.004906	0.0	0.0	196.44733	0.0	19.463068	0.0	0.0	0.0	155.48279	28.174036	11.044356	119.07752	0.0	0.0	105.37378	55.349163	0.0	241.83734	0.0	0.0	0.0	161.59566	197.53735	0.0	0.0	92.73797	0.0	0.0	0.0	110.959496	63.115795	0.0	0.0	42.02614	0.0	0.0	0.0	269.65686	326.7084	115.039795	0.0	0.0	0.0	0.99111396	0.0	184.33415	199.58588	0.0	0.0	3.6806953	0.0	0.0	0.0	0.0	0.0	181.175	3.8008366	0.0	0.0	0.0	0.0
0.0	14.362454	3.2383087	308.18063	0.0	0.0	0.0	0.0	0.0	0.0	0.0	0.0	4.2751517	57.84091	370.03146	65.03069	348.6511	0.0	168.95825	0.0	0.0	265.54773	0.0	0.0	0.0	0.0	0.0	0.0	0.0	19.90692	0.0	0.0	212.07599	0.0	0.0	2.8186882	0.0	0.0	0.0	0.0	38.172703	0.0	0.0	0.0	0.0	0.0	300.6744	0.0	122.90067	0.0	55.13684	0.0	0.0	0.0	0.0	0.0	0.0	0.0	0.0	0.0	130.23598	53.09196	0.0	6.6881433	0.0	0.0	134.06798	0.0	0.0	238.5002	0.0	25.854528	0.0	0.0	0.0	188.69104	37.404587	10.745811	143.30058	0.0	0.0	127.066956	63.88472	0.0	291.37216	0.0	0.0	0.0	189.94429	243.2041	0.0	0.0	110.36959	0.0	0.0	0.0	134.77943	77.218765	0.0	0.0	52.568195	0.0	0.0	0.0	323.76108	397.39987	135.69048	0.0	0.0	0.0	2.7899125	0.0	217.797	240.21901	0.0	0.0	2.6715214	0.0	0.0	0.0	1.7656422	0.0	219.98396	12.296655	0.0	0.0	0.0	0.0
0.0	17.64888	0.0	353.767	0.0	0.0	2.5126503	0.0	0.0	0.0	0.0	0.0	4.214751	58.845875	440.4222	85.00442	413.0216	0.0	207.7525	0.0	0.0	289.56064	0.0	0.0	0.0	0.0	0.0	0.0	0.0	8.818049	0.0	0.0	259.50476	0.0	0.0	0.0	0.0	0.0	0.0	0.0	42.12742	0.0	0.0	0.0	0.0	0.0	361.82266	0.0	118.23061	0.0	48.553238	0.0	0.0	0.0	0.0	0.0	0.0	0.0	0.0	0.0	161.99725	67.36934	0.0	1.0067781	0.0	0.0	165.62941	0.0	0.0	270.02646	0.0	35.53727	0.0	0.0	0.0	210.29912	31.887644	20.464752	152.0311	0.0	0.0	162.9363	70.98107	0.0	323.51904	0.0	0.0	0.0	237.51286	275.44165	0.0	0.0	128.15529	0.0	0.0	0.0	130.55965	97.91803	0.0	0.0	84.4076	0.0	0.0	0.0	364.2277	446.3411	140.01427	0.0	0.0	0.0	0.0	0.0	256.31998	284.19888	0.0	0.0	11.8778105	0.0	0.0	0.0	1.19235	0.0	248.61902	11.410545	0.0	0.0	0.0	0.0
0.0	13.854264	0.0	291.7026	0.0	0.0	0.32687706	0.0	0.0	0.0	0.0	0.0	3.464611	54.121643	357.89185	68.00711	337.18292	0.0	167.36159	0.0	0.0	246.26985	0.0	0.0	0.0	0.0	0.0	0.0	0.0	11.817993	0.0	0.0	209.93303	0.0	0.0	0.0	0.0	0.0	0.0	0.0	35.79305	0.0	0.0	0.0	0.0	0.0	293.21823	0.0	107.44308	0.0	45.824627	0.0	0.0	0.0	0.0	0.0	0.0	0.0	0.0	0.0	127.45725	53.11035	0.0	3.1428425	0.0	0.0	130.46513	0.0	0.0	225.04155	0.0	25.77204	0.0	0.0	0.0	177.00337	29.45159	14.852208	131.51436	0.0	0.0	127.90619	61.307022	0.0	273.21085	0.0	0.0	0.0	190.94771	227.3238	0.0	0.0	106.45087	0.0	0.0	0.0	118.39872	76.93514	0.0	0.0	58.644314	0.0	0.0	0.0	305.36533	373.4998	124.6626	0.0	0.0	0.0	0.0	0.0	212.07243	232.48082	0.0	0.0	6.977045	0.0	0.0	0.0	0.08886078	0.0	206.94502	7.7377343	0.0	0.0	0.0	0.0
0.0	11.514591	0.7084289	252.83551	0.0	0.0	0.0	0.0	0.0	0.0	0.0	0.0	2.688926	51.661594	305.52768	56.44826	289.40186	0.0	141.52972	0.0	0.0	219.8077	0.0	0.0	0.0	0.0	0.0	0.0	0.0	13.986829	0.0	0.0	177.6574	0.0	0.0	0.34121633	0.0	0.0	0.0	0.0	31.684088	0.0	0.0	0.0	0.0	0.0	250.28833	0.0	100.97654	0.0	44.782013	0.0	0.0	0.0	0.0	0.0	0.0	0.0	0.0	0.0	105.60781	44.21607	0.0	6.713307	0.0	0.0	107.656494	0.0	0.0	196.52223	0.0	19.560234	0.0	0.0	0.0	155.62746	28.346273	11.10274	119.08356	0.0	0.0	105.755806	55.4565	0.0	241.7773	0.0	0.0	0.0	161.17871	197.58244	0.0	0.0	92.67744	0.0	0.0	0.0	110.98867	63.699677	0.0	0.0	42.31825	0.0	0.0	0.0	269.0492	327.23648	114.72894	0.0	0.0	0.0	0.98640347	0.0	183.97998	199.58858	0.0	0.0	3.7062054	0.0	0.0	0.0	0.0	0.0	181.03462	4.6257844	0.0	0.0	0.0	0.0
0.0	15.337067	5.1791363	314.5112	0.0	0.0	0.0	0.0	0.0	0.0	0.0	0.0	4.8817735	58.765717	376.6976	65.0583	355.65005	0.0	171.18219	0.0	0.0	271.91397	0.0	0.0	0.0	0.0	0.0	0.0	0.0	22.618292	0.0	0.0	214.43257	0.0	0.0	3.6194134	0.0	0.0	0.0	0.0	39.399952	0.0	0.0	0.0	0.0	0.0	304.3774	0.0	127.90275	0.0	57.414654	0.0	0.0	0.0	0.0	0.0	0.0	0.0	0.0	0.0	131.56084	53.553757	0.0	7.6673017	0.0	0.0	136.19792	0.0	0.0	244.13081	0.0	25.512564	0.0	0.0	0.0	194.13641	39.427998	9.882984	147.76295	0.0	0.0	128.43857	65.89422	0.0	298.2656	0.0	0.0	0.0	191.59654	248.69792	0.0	0.0	112.78195	0.0	0.0	0.0	141.09277	78.651825	0.0	0.0	52.294373	0.0	0.0	0.0	330.74258	407.72192	140.687	0.0	0.0	0.0	3.55388	0.0	221.42621	244.50456	0.0	0.0	2.5116317	0.0	0.0	0.0	1.5974854	0.0	225.22772	13.601882	0.0	0.0	0.0	0.0
0.0	11.175401	0.0	239.82866	0.0	0.0	0.029464187	0.0	0.0	0.0	0.0	0.0	2.712598	47.34608	291.7057	54.43054	275.51752	0.0	135.92348	0.0	0.0	206.48116	0.0	0.0	0.0	0.0	0.0	0.0	0.0	11.883964	0.0	0.0	170.14246	0.0	0.0	0.0	0.0	0.0	0.0	0.0	29.614416	0.0	0.0	0.0	0.0	0.0	239.20978	0.0	92.86668	0.0	40.555546	0.0	0.0	0.0	0.0	0.0	0.0	0.0	0.0	0.0	101.89197	42.96963	0.0	3.96669	0.0	0.0	104.01321	0.0	0.0	185.70613	0.0	19.426735	0.0	0.0	0.0	146.37808	25.909988	11.369411	111.193054	0.0	0.0	102.349205	51.593914	0.0	227.55489	0.0	0.0	0.0	154.3576	187.31816	0.0	0.0	87.88326	0.0	0.0	0.0	102.14622	61.31071	0.0	0.0	43.344193	0.0	0.0	0.0	254.00145	309.2772	106.28945	0.0	0.0	0.0	0.37897536	0.0	174.52376	189.8813	0.0	0.0	4.623076	0.0	0.0	0.0	0.0	0.0	170.90375	5.2808776	0.0	0.0	0.0	0.0
0.0	11.127986	0.0	224.60298	0.0	0.0	0.0	0.0	0.0	0.0	0.0	0.0	2.1779652	47.07347	273.10056	52.10732	259.2369	0.0	127.83405	0.0	0.0	195.02129	0.0	0.0	0.0	0.0	0.0	0.0	0.0	10.699275	0.0	0.0	159.66797	0.0	0.0	0.0	0.0	0.0	0.0	0.0	27.632517	0.0	0.0	0.0	0.0	0.0	225.49202	0.0	87.784584	0.0	38.292313	0.0	0.0	0.0	0.0	0.0	0.0	0.0	0.0	0.0	94.53007	40.26695	0.0	4.6736846	0.0	0.0	95.701	0.0	0.0	174.3236	0.0	17.159739	0.0	0.0	0.0	137.62247	23.12436	11.513313	105.58722	0.0	0.0	95.5342	49.633457	0.0	214.22234	0.0	0.0	0.0	146.47496	174.61548	0.0	0.0	83.609474	0.0	0.0	0.0	96.3869	57.41878	0.0	0.0	39.325138	0.0	0.0	0.0	239.91402	290.02676	101.3516	0.0	0.0	0.0	0.1294967	0.0	165.47609	178.59058	0.0	0.0	5.6239123	0.0	0.0	0.0	0.0	0.0	160.84021	2.3012567	0.0	0.0	0.0	0.0
0.0	11.149085	0.0	224.8222	0.0	0.0	0.0	0.0	0.0	0.0	0.0	0.0	2.164378	46.751415	273.51413	52.21014	259.31985	0.0	127.955574	0.0	0.0	194.84119	0.0	0.0	0.0	0.0	0.0	0.0	0.0	10.651971	0.0	0.0	160.03844	0.0	0.0	0.0	0.0	0.0	0.0	0.0	27.770842	0.0	0.0	0.0	0.0	0.0	225.57497	0.0	87.64689	0.0	38.22594	0.0	0.0	0.0	0.0	0.0	0.0	0.0	0.0	0.0	94.90647	40.378468	0.0	4.4907193	0.0	0.0	96.09359	0.0	0.0	174.48915	0.0	17.292643	0.0	0.0	0.0	137.8824	23.07582	11.494667	105.52224	0.0	0.0	95.84756	49.664783	0.0	214.28233	0.0	0.0	0.0	146.58784	174.85127	0.0	0.0	83.53393	0.0	0.0	0.0	96.18964	57.49204	0.0	0.0	39.715195	0.0	0.0	0.0	239.93916	290.12558	101.17629	0.0	0.0	0.0	0.1874998	0.0	165.41078	178.90776	0.0	0.0	5.5883064	0.0	0.0	0.0	0.0	0.0	160.98851	2.6343331	0.0	0.0	0.0	0.0
0.0	11.163108	0.0	226.10146	0.0	0.0	0.0	0.0	0.0	0.0	0.0	0.0	2.31014	46.91635	275.1024	52.28072	260.97327	0.0	128.6735	0.0	0.0	196.19731	0.0	0.0	0.0	0.0	0.0	0.0	0.0	10.861465	0.0	0.0	160.69739	0.0	0.0	0.0	0.0	0.0	0.0	0.0	27.80255	0.0	0.0	0.0	0.0	0.0	226.86436	0.0	88.32662	0.0	38.69107	0.0	0.0	0.0	0.0	0.0	0.0	0.0	0.0	0.0	95.337074	40.636364	0.0	4.5877953	0.0	0.0	96.63165	0.0	0.0	175.51459	0.0	17.390333	0.0	0.0	0.0	138.539	23.481453	11.449238	106.252686	0.0	0.0	96.40494	49.805218	0.0	215.53801	0.0	0.0	0.0	147.12541	175.97699	0.0	0.0	84.01978	0.0	0.0	0.0	96.99412	57.99138	0.0	0.0	39.891926	0.0	0.0	0.0	241.41658	292.09595	101.84527	0.0	0.0	0.0	0.20693345	0.0	166.27274	179.64122	0.0	0.0	5.563219	0.0	0.0	0.0	0.0	0.0	161.80322	2.8704147	0.0	0.0	0.0	0.0
0.0	11.278144	0.0	228.92493	0.0	0.0	0.0	0.0	0.0	0.0	0.0	0.0	2.1759174	47.530964	278.1395	52.73735	263.85715	0.0	130.08052	0.0	0.0	198.71931	0.0	0.0	0.0	0.0	0.0	0.0	0.0	11.003799	0.0	0.0	162.67798	0.0	0.0	0.0	0.0	0.0	0.0	0.0	28.30223	0.0	0.0	0.0	0.0	0.0	229.27205	0.0	89.62225	0.0	39.265034	0.0	0.0	0.0	0.0	0.0	0.0	0.0	0.0	0.0	96.52883	41.019825	0.0	4.8995705	0.0	0.0	97.686	0.0	0.0	177.71448	0.0	17.571756	0.0	0.0	0.0	140.3633	23.97052	11.447352	107.657265	0.0	0.0	97.42916	50.80982	0.0	218.5666	0.0	0.0	0.0	148.94203	178.15697	0.0	0.0	84.8343	0.0	0.0	0.0	98.42999	58.213413	0.0	0.0	39.980038	0.0	0.0	0.0	244.41016	295.58096	103.30854	0.0	0.0	0.0	0.28016832	0.0	168.26582	182.01729	0.0	0.0	5.2987347	0.0	0.0	0.0	0.0	0.0	164.05214	2.6566546	0.0	0.0	0.0	0.0
0.0	11.199074	0.0	239.3875	0.0	0.0	0.063431524	0.0	0.0	0.0	0.0	0.0	2.9648712	47.622845	291.21957	54.64151	275.3582	0.0	135.71762	0.0	0.0	206.274	0.0	0.0	0.0	0.0	0.0	0.0	0.0	11.812615	0.0	0.0	169.8861	0.0	0.0	0.0	0.0	0.0	0.0	0.0	29.607767	0.0	0.0	0.0	0.0	0.0	238.95557	0.0	92.95325	0.0	40.612156	0.0	0.0	0.0	0.0	0.0	0.0	0.0	0.0	0.0	101.626625	42.889133	0.0	4.3061895	0.0	0.0	103.61234	0.0	0.0	185.44405	0.0	19.324242	0.0	0.0	0.0	146.41786	25.714205	11.477525	111.309105	0.0	0.0	102.09162	51.903645	0.0	227.47095	0.0	0.0	0.0	154.5257	186.70874	0.0	0.0	87.93926	0.0	0.0	0.0	102.18109	61.26465	0.0	0.0	43.03683	0.0	0.0	0.0	253.70117	308.92752	106.444984	0.0	0.0	0.0	0.49087694	0.0	174.61018	189.67749	0.0	0.0	4.84656	0.0	0.0	0.0	0.0	0.0	170.76497	5.143704	0.0	0.0	0.0	0.0
0.0	11.101514	0.0	224.6728	0.0	0.0	0.0	0.0	0.0	0.0	0.0	0.0	2.1715481	46.845623	273.26224	52.18279	259.53598	0.0	127.92904	0.0	0.0	194.95161	0.0	0.0	0.0	0.0	0.0	0.0	0.0	10.605752	0.0	0.0	159.92867	0.0	0.0	0.0	0.0	0.0	0.0	0.0	27.696243	0.0	0.0	0.0	0.0	0.0	225.80223	0.0	87.543335	0.0	38.191326	0.0	0.0	0.0	0.0	0.0	0.0	0.0	0.0	0.0	94.98517	40.53847	0.0	4.562038	0.0	0.0	95.87638	0.0	0.0	174.42352	0.0	17.265648	0.0	0.0	0.0	137.6977	23.079153	11.509467	105.465004	0.0	0.0	95.855446	49.766464	0.0	214.10356	0.0	0.0	0.0	146.7209	174.58351	0.0	0.0	83.52552	0.0	0.0	0.0	96.14478	57.59432	0.0	0.0	39.72081	0.0	0.0	0.0	239.86479	290.05426	101.191	0.0	0.0	0.0	0.1198169	0.0	165.505	178.85364	0.0	0.0	5.8278937	0.0	0.0	0.0	0.0	0.0	160.94269	2.3788087	0.0	0.0	0.0	0.0
0.0	11.1974745	0.0	222.42015	0.0	0.0	0.0	0.0	0.0	0.0	0.0	0.0	2.0816357	46.577164	270.67215	51.80003	257.0808	0.0	126.85264	0.0	0.0	193.08057	0.0	0.0	0.0	0.0	0.0	0.0	0.0	10.439004	0.0	0.0	158.29231	0.0	0.0	0.0	0.0	0.0	0.0	0.0	27.319853	0.0	0.0	0.0	0.0	0.0	223.61876	0.0	86.64997	0.0	37.78967	0.0	0.0	0.0	0.0	0.0	0.0	0.0	0.0	0.0	93.77692	40.068268	0.0	4.524889	0.0	0.0	94.88241	0.0	0.0	172.65657	0.0	17.026237	0.0	0.0	0.0	136.21233	22.752241	11.556165	104.56631	0.0	0.0	94.93569	49.23317	0.0	212.06783	0.0	0.0	0.0	145.36504	172.82832	0.0	0.0	82.89767	0.0	0.0	0.0	95.22855	57.040943	0.0	0.0	39.289005	0.0	0.0	0.0	237.61794	287.19485	100.30563	0.0	0.0	0.0	0.110741735	0.0	164.02989	176.98503	0.0	0.0	5.8099036	0.0	0.0	0.0	0.0	0.0	159.2695	2.0894747	0.0	0.0	0.0	0.0
0.0	11.025108	0.0	224.40381	0.0	0.0	0.0	0.0	0.0	0.0	0.0	0.0	2.2683284	46.331432	273.0586	52.066128	259.09195	0.0	127.86734	0.0	0.0	194.28699	0.0	0.0	0.0	0.0	0.0	0.0	0.0	10.437665	0.0	0.0	159.87025	0.0	0.0	0.0	0.0	0.0	0.0	0.0	27.780739	0.0	0.0	0.0	0.0	0.0	225.46484	0.0	87.156586	0.0	38.0348	0.0	0.0	0.0	0.0	0.0	0.0	0.0	0.0	0.0	95.04574	40.560093	0.0	4.2976403	0.0	0.0	96.029274	0.0	0.0	174.01025	0.0	17.422615	0.0	0.0	0.0	137.448	23.137022	11.608281	105.0365	0.0	0.0	95.77886	49.4102	0.0	213.74316	0.0	0.0	0.0	146.43965	174.53242	0.0	0.0	83.246346	0.0	0.0	0.0	95.58234	57.465816	0.0	0.0	39.90793	0.0	0.0	0.0	239.16771	289.4705	100.70748	0.0	0.0	0.0	0.14882989	0.0	165.17976	178.59917	0.0	0.0	5.578816	0.0	0.0	0.0	0.0	0.0	160.59973	2.756381	0.0	0.0	0.0	0.0
0.0	11.213382	0.0	224.34338	0.0	0.0	0.0	0.0	0.0	0.0	0.0	0.0	2.1186478	46.996735	272.85944	52.045536	258.8875	0.0	127.7326	0.0	0.0	194.76239	0.0	0.0	0.0	0.0	0.0	0.0	0.0	10.700504	0.0	0.0	159.46246	0.0	0.0	0.0	0.0	0.0	0.0	0.0	27.697716	0.0	0.0	0.0	0.0	0.0	225.15959	0.0	87.75236	0.0	38.371693	0.0	0.0	0.0	0.0	0.0	0.0	0.0	0.0	0.0	94.31161	40.381077	0.0	4.630028	0.0	0.0	95.54882	0.0	0.0	174.07603	0.0	17.037924	0.0	0.0	0.0	137.5362	23.190956	11.523793	105.60852	0.0	0.0	95.353676	49.510345	0.0	214.091	0.0	0.0	0.0	146.08134	174.421	0.0	0.0	83.59128	0.0	0.0	0.0	96.24143	57.38003	0.0	0.0	39.318558	0.0	0.0	0.0	239.74663	289.77048	101.17684	0.0	0.0	0.0	0.16205609	0.0	165.17406	178.21202	0.0	0.0	5.6678696	0.0	0.0	0.0	0.0	0.0	160.57465	2.3823726	0.0	0.0	0.0	0.0
0.0	11.120872	0.0065942365	241.9956	0.0	0.0	0.0	0.0	0.0	0.0	0.0	0.0	2.9812882	47.68372	293.8705	54.951687	277.7382	0.0	136.81776	0.0	0.0	208.30354	0.0	0.0	0.0	0.0	0.0	0.0	0.0	12.133464	0.0	0.0	171.47408	0.0	0.0	0.0	0.0	0.0	0.0	0.0	29.773695	0.0	0.0	0.0	0.0	0.0	240.77632	0.0	93.86292	0.0	41.098415	0.0	0.0	0.0	0.0	0.0	0.0	0.0	0.0	0.0	102.6964	43.164967	0.0	4.263737	0.0	0.0	104.92759	0.0	0.0	187.37422	0.0	19.695116	0.0	0.0	0.0	147.78937	26.381357	11.34838	112.264015	0.0	0.0	102.77801	52.152073	0.0	229.69258	0.0	0.0	0.0	155.3379	188.87157	0.0	0.0	88.583496	0.0	0.0	0.0	103.413025	61.61484	0.0	0.0	43.334682	0.0	0.0	0.0	255.91052	312.11475	107.32954	0.0	0.0	0.0	0.5663428	0.0	175.92546	191.29457	0.0	0.0	4.3656526	0.0	0.0	0.0	0.0	0.0	172.32198	5.756516	0.0	0.0	0.0	0.0
0.0	11.164851	0.0	226.67268	0.0	0.0	0.0	0.0	0.0	0.0	0.0	0.0	2.341629	46.9406	275.8041	52.5301	261.52808	0.0	129.03358	0.0	0.0	196.49854	0.0	0.0	0.0	0.0	0.0	0.0	0.0	10.838475	0.0	0.0	161.32733	0.0	0.0	0.0	0.0	0.0	0.0	0.0	27.913874	0.0	0.0	0.0	0.0	0.0	227.38509	0.0	88.42484	0.0	38.67599	0.0	0.0	0.0	0.0	0.0	0.0	0.0	0.0	0.0	95.77377	40.856068	0.0	4.4707775	0.0	0.0	96.97446	0.0	0.0	175.91264	0.0	17.560234	0.0	0.0	0.0	138.99896	23.493502	11.616074	106.33608	0.0	0.0	96.552734	50.00662	0.0	216.23808	0.0	0.0	0.0	147.64824	176.38817	0.0	0.0	84.21046	0.0	0.0	0.0	97.085	57.96552	0.0	0.0	39.9877	0.0	0.0	0.0	241.74898	292.84256	102.0335	0.0	0.0	0.0	0.19249165	0.0	166.75616	180.22932	0.0	0.0	5.5225644	0.0	0.0	0.0	0.0	0.0	162.19453	2.9810336	0.0	0.0	0.0	0.0
0.0	11.105475	0.0	224.31079	0.0	0.0	0.065123975	0.0	0.0	0.0	0.0	0.0	2.356945	46.62944	272.8594	51.92716	258.93845	0.0	127.71641	0.0	0.0	194.60948	0.0	0.0	0.0	0.0	0.0	0.0	0.0	10.756835	0.0	0.0	159.56139	0.0	0.0	0.0	0.0	0.0	0.0	0.0	27.49372	0.0	0.0	0.0	0.0	0.0	225.17393	0.0	87.43103	0.0	38.204357	0.0	0.0	0.0	0.0	0.0	0.0	0.0	0.0	0.0	94.640076	40.387493	0.0	4.4413567	0.0	0.0	95.840645	0.0	0.0	174.08818	0.0	17.288269	0.0	0.0	0.0	137.26904	23.082071	11.505363	105.31891	0.0	0.0	95.628845	49.303802	0.0	213.79076	0.0	0.0	0.0	146.29858	174.49315	0.0	0.0	83.4271	0.0	0.0	0.0	96.05206	57.418194	0.0	0.0	39.5221	0.0	0.0	0.0	239.36084	289.69925	100.90555	0.0	0.0	0.0	0.17592633	0.0	165.01772	178.41504	0.0	0.0	5.4524474	0.0	0.0	0.0	0.0	0.0	160.51276	2.6997297	0.0	0.0	0.0	0.0
0.0	11.144493	0.0	223.65392	0.0	0.0	0.0	0.0	0.0	0.0	0.0	0.0	2.0066345	47.03964	271.86917	51.924694	258.21414	0.0	127.33588	0.0	0.0	194.36375	0.0	0.0	0.0	0.0	0.0	0.0	0.0	10.649801	0.0	0.0	159.00484	0.0	0.0	0.0	0.0	0.0	0.0	0.0	27.590525	0.0	0.0	0.0	0.0	0.0	224.61232	0.0	87.5195	0.0	38.229786	0.0	0.0	0.0	0.0	0.0	0.0	0.0	0.0	0.0	94.14978	40.17622	0.0	4.775228	0.0	0.0	95.05517	0.0	0.0	173.59352	0.0	16.953365	0.0	0.0	0.0	137.07173	22.984236	11.529464	105.31058	0.0	0.0	95.12036	49.57123	0.0	213.40437	0.0	0.0	0.0	145.87903	173.86182	0.0	0.0	83.282135	0.0	0.0	0.0	96.00074	57.0737	0.0	0.0	39.07108	0.0	0.0	0.0	239.10889	288.77948	101.0744	0.0	0.0	0.0	0.21234746	0.0	164.96208	177.95705	0.0	0.0	5.680364	0.0	0.0	0.0	0.0	0.0	160.23343	2.0692725	0.0	0.0	0.0	0.0
0.0	11.1961355	0.0	224.35689	0.0	0.0	0.0	0.0	0.0	0.0	0.0	0.0	1.9808038	47.01939	272.89197	52.132397	259.1107	0.0	127.76223	0.0	0.0	194.77641	0.0	0.0	0.0	0.0	0.0	0.0	0.0	10.486088	0.0	0.0	159.67238	0.0	0.0	0.0	0.0	0.0	0.0	0.0	27.697958	0.0	0.0	0.0	0.0	0.0	225.34032	0.0	87.50814	0.0	38.23994	0.0	0.0	0.0	0.0	0.0	0.0	0.0	0.0	0.0	94.696434	40.378384	0.0	4.674804	0.0	0.0	95.62856	0.0	0.0	174.16518	0.0	17.113197	0.0	0.0	0.0	137.5326	22.953154	11.583923	105.49668	0.0	0.0	95.61741	49.734966	0.0	213.96393	0.0	0.0	0.0	146.53578	174.41023	0.0	0.0	83.53832	0.0	0.0	0.0	96.12973	57.408703	0.0	0.0	39.53386	0.0	0.0	0.0	239.7342	289.6086	101.20432	0.0	0.0	0.0	0.083136685	0.0	165.32674	178.57062	0.0	0.0	5.737053	0.0	0.0	0.0	0.0	0.0	160.73761	2.1578848	0.0	0.0	0.0	0.0
0.0	11.093838	0.0	238.10614	0.0	0.0	0.0	0.0	0.0	0.0	0.0	0.0	2.4911206	48.052258	289.2913	54.49449	273.62646	0.0	134.70796	0.0	0.0	205.56868	0.0	0.0	0.0	0.0	0.0	0.0	0.0	11.637286	0.0	0.0	169.10558	0.0	0.0	0.0	0.0	0.0	0.0	0.0	29.384054	0.0	0.0	0.0	0.0	0.0	237.73042	0.0	92.587166	0.0	40.38273	0.0	0.0	0.0	0.0	0.0	0.0	0.0	0.0	0.0	100.875755	42.498745	0.0	4.5867934	0.0	0.0	102.5282	0.0	0.0	184.54158	0.0	18.992193	0.0	0.0	0.0	145.73466	25.329887	11.482539	110.7666	0.0	0.0	101.152336	51.7663	0.0	226.5094	0.0	0.0	0.0	153.90703	185.67949	0.0	0.0	87.56565	0.0	0.0	0.0	101.798775	60.674297	0.0	0.0	42.319138	0.0	0.0	0.0	252.68962	307.1118	106.290886	0.0	0.0	0.0	0.44235083	0.0	174.00914	188.84908	0.0	0.0	4.8106036	0.0	0.0	0.0	0.0	0.0	169.9479	4.4370766	0.0	0.0	0.0	0.0
0.0	11.177449	0.0	228.0528	0.0	0.0	0.0	0.0	0.0	0.0	0.0	0.0	2.1367188	47.55453	276.9791	52.539173	262.90625	0.0	129.36646	0.0	0.0	198.09813	0.0	0.0	0.0	0.0	0.0	0.0	0.0	11.1291275	0.0	0.0	162.07	0.0	0.0	0.0	0.0	0.0	0.0	0.0	28.265661	0.0	0.0	0.0	0.0	0.0	228.66801	0.0	89.2937	0.0	39.089775	0.0	0.0	0.0	0.0	0.0	0.0	0.0	0.0	0.0	96.05734	40.834747	0.0	4.959196	0.0	0.0	97.079796	0.0	0.0	177.01183	0.0	17.458185	0.0	0.0	0.0	139.9239	23.727755	11.492358	107.220375	0.0	0.0	96.77041	50.39905	0.0	217.75313	0.0	0.0	0.0	148.44087	177.54144	0.0	0.0	84.6185	0.0	0.0	0.0	98.04162	57.995396	0.0	0.0	39.664776	0.0	0.0	0.0	243.59453	294.40897	102.98389	0.0	0.0	0.0	0.32504538	0.0	167.81628	181.37598	0.0	0.0	5.3032684	0.0	0.0	0.0	0.0	0.0	163.48586	2.408717	0.0	0.0	0.0	0.0
0.0	11.257424	0.0	223.91985	0.0	0.0	0.0	0.0	0.0	0.0	0.0	0.0	2.0588868	47.09996	272.43304	52.165768	258.77396	0.0	127.66622	0.0	0.0	194.57436	0.0	0.0	0.0	0.0	0.0	0.0	0.0	10.514182	0.0	0.0	159.38824	0.0	0.0	0.0	0.0	0.0	0.0	0.0	27.607344	0.0	0.0	0.0	0.0	0.0	225.11353	0.0	87.421104	0.0	38.255825	0.0	0.0	0.0	0.0	0.0	0.0	0.0	0.0	0.0	94.347084	40.325268	0.0	4.6730275	0.0	0.0	95.30752	0.0	0.0	173.86494	0.0	17.028837	0.0	0.0	0.0	137.2904	22.886345	11.666325	105.4284	0.0	0.0	95.38442	49.666718	0.0	213.6681	0.0	0.0	0.0	146.4029	174.0326	0.0	0.0	83.52099	0.0	0.0	0.0	95.9959	57.39566	0.0	0.0	39.338493	0.0	0.0	0.0	239.43878	289.2164	101.19473	0.0	0.0	0.0	0.14781646	0.0	165.18626	178.21635	0.0	0.0	5.7858872	0.0	0.0	0.0	0.0	0.0	160.38377	2.0523076	0.0	0.0	0.0	0.0
0.0	11.068078	0.0	225.42741	0.0	0.0	0.0	0.0	0.0	0.0	0.0	0.0	1.9805628	47.030415	274.0308	52.29782	260.10995	0.0	128.14919	0.0	0.0	195.53168	0.0	0.0	0.0	0.0	0.0	0.0	0.0	10.668861	0.0	0.0	160.38443	0.0	0.0	0.0	0.0	0.0	0.0	0.0	27.729973	0.0	0.0	0.0	0.0	0.0	226.2808	0.0	87.820885	0.0	38.26944	0.0	0.0	0.0	0.0	0.0	0.0	0.0	0.0	0.0	95.001854	40.39699	0.0	4.594278	0.0	0.0	96.17639	0.0	0.0	174.95862	0.0	17.406183	0.0	0.0	0.0	138.0544	23.123533	11.519904	105.65914	0.0	0.0	95.98053	49.667633	0.0	214.82326	0.0	0.0	0.0	147.08751	175.35681	0.0	0.0	83.7271	0.0	0.0	0.0	96.434296	57.690994	0.0	0.0	39.731342	0.0	0.0	0.0	240.5299	290.8265	101.56647	0.0	0.0	0.0	0.14558677	0.0	165.95232	179.29875	0.0	0.0	5.481519	0.0	0.0	0.0	0.0	0.0	161.35793	2.4103434	0.0	0.0	0.0	0.0
0.0	11.291907	0.0	228.6458	0.0	0.0	0.0	0.0	0.0	0.0	0.0	0.0	2.2596657	47.46146	278.04044	52.79477	263.74036	0.0	129.93806	0.0	0.0	198.34904	0.0	0.0	0.0	0.0	0.0	0.0	0.0	11.042277	0.0	0.0	162.5526	0.0	0.0	0.0	0.0	0.0	0.0	0.0	28.317038	0.0	0.0	0.0	0.0	0.0	229.29958	0.0	89.33813	0.0	39.022205	0.0	0.0	0.0	0.0	0.0	0.0	0.0	0.0	0.0	96.33838	41.093605	0.0	4.844292	0.0	0.0	97.6446	0.0	0.0	177.48462	0.0	17.502253	0.0	0.0	0.0	140.34679	23.761383	11.549892	107.424355	0.0	0.0	97.30843	50.57748	0.0	218.16768	0.0	0.0	0.0	148.80522	177.83089	0.0	0.0	84.92401	0.0	0.0	0.0	98.197716	58.323742	0.0	0.0	40.186657	0.0	0.0	0.0	244.09154	295.243	103.075676	0.0	0.0	0.0	0.27411792	0.0	168.20659	181.6936	0.0	0.0	5.565832	0.0	0.0	0.0	0.0	0.0	163.7257	2.767089	0.0	0.0	0.0	0.0
0.0	13.061299	0.8132159	264.69324	0.0	0.0	0.16093265	0.0	0.0	0.0	0.0	0.0	3.5290222	48.395397	320.1451	57.630753	301.53198	0.0	147.65639	0.0	0.0	225.66852	0.0	0.0	0.0	0.0	0.0	0.0	0.0	14.998166	0.0	0.0	184.82185	0.0	0.0	1.1906121	0.0	0.0	0.0	0.0	32.5926	0.0	0.0	0.0	0.0	0.0	260.44397	0.0	101.90786	0.0	44.54526	0.0	0.0	0.0	0.0	0.0	0.0	0.0	0.0	0.0	113.05009	47.051937	0.0	4.0930166	0.0	0.0	116.778625	0.0	0.0	204.2721	0.0	22.81961	0.0	0.0	0.0	161.43213	30.17856	10.585621	121.119965	0.0	0.0	111.64746	55.076813	0.0	249.03723	0.0	0.0	0.0	166.16968	207.92671	0.0	0.0	95.45638	0.0	0.0	0.0	112.79757	67.6666	0.0	0.0	49.00717	0.0	0.0	0.0	276.95602	339.993	114.692665	0.0	0.0	0.0	1.0358167	0.0	188.37508	207.56062	0.0	0.0	3.4931576	0.0	0.0	0.0	1.4095856	0.0	188.15106	10.407369	0.0	0.0	0.0	0.0
0.0	11.159782	0.0	235.93193	0.0	0.0	0.0	0.0	0.0	0.0	0.0	0.0	2.5831196	47.99957	286.5435	53.81168	271.3862	0.0	133.4868	0.0	0.0	204.18048	0.0	0.0	0.0	0.0	0.0	0.0	0.0	11.718201	0.0	0.0	167.29494	0.0	0.0	0.0	0.0	0.0	0.0	0.0	29.164713	0.0	0.0	0.0	0.0	0.0	235.7209	0.0	92.147766	0.0	40.341534	0.0	0.0	0.0	0.0	0.0	0.0	0.0	0.0	0.0	99.54197	42.113476	0.0	4.850385	0.0	0.0	101.2418	0.0	0.0	183.00041	0.0	18.535944	0.0	0.0	0.0	144.54384	25.239191	11.328636	110.280785	0.0	0.0	100.17655	51.438656	0.0	224.68098	0.0	0.0	0.0	152.38643	183.9425	0.0	0.0	86.98246	0.0	0.0	0.0	101.34446	60.061108	0.0	0.0	41.509037	0.0	0.0	0.0	250.96974	304.60342	105.727165	0.0	0.0	0.0	0.44624594	0.0	172.5721	186.96216	0.0	0.0	4.918129	0.0	0.0	0.0	0.0	0.0	168.62486	4.105357	0.0	0.0	0.0	0.0
0.0	11.167972	0.0	225.96532	0.0	0.0	0.0	0.0	0.0	0.0	0.0	0.0	2.1242836	47.05504	274.77292	52.32549	260.76404	0.0	128.51994	0.0	0.0	196.04518	0.0	0.0	0.0	0.0	0.0	0.0	0.0	10.7004385	0.0	0.0	160.59296	0.0	0.0	0.0	0.0	0.0	0.0	0.0	27.86641	0.0	0.0	0.0	0.0	0.0	226.78534	0.0	88.15869	0.0	38.46551	0.0	0.0	0.0	0.0	0.0	0.0	0.0	0.0	0.0	95.457436	40.751003	0.0	4.6741595	0.0	0.0	96.37638	0.0	0.0	175.28845	0.0	17.280642	0.0	0.0	0.0	138.40575	23.250933	11.509167	106.04654	0.0	0.0	96.16514	49.91829	0.0	215.5182	0.0	0.0	0.0	147.33601	175.75005	0.0	0.0	83.87185	0.0	0.0	0.0	96.69205	57.813457	0.0	0.0	39.855698	0.0	0.0	0.0	241.1064	291.61435	101.6197	0.0	0.0	0.0	0.18552633	0.0	166.2696	179.7644	0.0	0.0	5.6433673	0.0	0.0	0.0	0.0	0.0	161.80939	2.4488251	0.0	0.0	0.0	0.0
0.0	11.202637	0.0	225.28087	0.0	0.0	0.0	0.0	0.0	0.0	0.0	0.0	2.0748322	47.03038	274.1068	52.196674	260.098	0.0	128.13402	0.0	0.0	195.5152	0.0	0.0	0.0	0.0	0.0	0.0	0.0	10.699051	0.0	0.0	160.38051	0.0	0.0	0.0	0.0	0.0	0.0	0.0	27.92893	0.0	0.0	0.0	0.0	0.0	226.21645	0.0	88.001366	0.0	38.432983	0.0	0.0	0.0	0.0	0.0	0.0	0.0	0.0	0.0	95.04313	40.45198	0.0	4.8298945	0.0	0.0	96.08764	0.0	0.0	174.95251	0.0	17.169	0.0	0.0	0.0	138.25687	23.20405	11.469735	105.91549	0.0	0.0	95.945885	49.816204	0.0	214.89497	0.0	0.0	0.0	147.08467	175.16887	0.0	0.0	83.76645	0.0	0.0	0.0	96.52985	57.605724	0.0	0.0	39.62328	0.0	0.0	0.0	240.78906	290.84525	101.710144	0.0	0.0	0.0	0.15448964	0.0	166.03807	179.28772	0.0	0.0	5.608376	0.0	0.0	0.0	0.0	0.0	161.44127	2.3829763	0.0	0.0	0.0	0.0
0.0	11.228489	0.0	227.34737	0.0	0.0	0.0	0.0	0.0	0.0	0.0	0.0	2.2729263	47.18628	276.45358	52.545727	262.19675	0.0	129.28938	0.0	0.0	197.16032	0.0	0.0	0.0	0.0	0.0	0.0	0.0	10.84737	0.0	0.0	161.7309	0.0	0.0	0.0	0.0	0.0	0.0	0.0	28.00014	0.0	0.0	0.0	0.0	0.0	228.00377	0.0	88.72309	0.0	38.754166	0.0	0.0	0.0	0.0	0.0	0.0	0.0	0.0	0.0	95.84912	40.804012	0.0	4.5359235	0.0	0.0	97.193	0.0	0.0	176.44258	0.0	17.475988	0.0	0.0	0.0	139.30193	23.616196	11.599965	106.73499	0.0	0.0	96.85693	50.09784	0.0	216.8089	0.0	0.0	0.0	148.05798	176.9176	0.0	0.0	84.43588	0.0	0.0	0.0	97.44763	57.997845	0.0	0.0	39.966267	0.0	0.0	0.0	242.69702	293.5465	102.35894	0.0	0.0	0.0	0.23969598	0.0	167.24548	180.73834	0.0	0.0	5.475821	0.0	0.0	0.0	0.0	0.0	162.73375	2.8717258	0.0	0.0	0.0	0.0
0.0	14.035436	2.1314394	291.51746	0.0	0.0	0.0	0.0	0.0	0.0	0.0	0.0	3.900076	51.949524	351.7467	62.147327	330.9171	0.0	161.01399	0.0	0.0	248.43095	0.0	0.0	0.0	0.0	0.0	0.0	0.0	17.928482	0.0	0.0	200.92638	0.0	0.0	2.960146	0.0	0.0	0.0	0.0	35.39661	0.0	0.0	0.0	0.0	0.0	285.02115	0.0	112.6496	0.0	50.553364	0.0	0.0	0.0	0.0	0.0	0.0	0.0	0.0	0.0	125.70288	51.18996	0.0	4.678732	0.0	0.0	129.7149	0.0	0.0	224.93646	0.0	25.718376	0.0	0.0	0.0	177.7817	34.694424	10.474541	133.30855	0.0	0.0	122.020164	59.54981	0.0	272.9816	0.0	0.0	0.0	179.58711	230.59724	0.0	0.0	104.134094	0.0	0.0	0.0	124.0809	74.79154	0.0	0.0	54.181477	0.0	0.0	0.0	303.28354	374.316	124.39173	0.0	0.0	0.0	1.7028488	0.0	204.50847	227.57446	0.0	0.0	3.7717712	0.0	0.0	0.0	2.4599445	0.0	207.29558	13.174034	0.0	0.0	0.0	0.0
0.0	11.969974	1.0216237	265.95615	0.0	0.0	0.0	0.0	0.0	0.0	0.0	0.0	3.3290303	50.231358	321.6949	58.04878	303.5878	0.0	148.32603	0.0	0.0	228.1134	0.0	0.0	0.0	0.0	0.0	0.0	0.0	15.065761	0.0	0.0	186.06702	0.0	0.0	1.1790854	0.0	0.0	0.0	0.0	33.036602	0.0	0.0	0.0	0.0	0.0	261.8895	0.0	104.1049	0.0	46.209736	0.0	0.0	0.0	0.0	0.0	0.0	0.0	0.0	0.0	113.045166	46.79706	0.0	5.168198	0.0	0.0	116.00504	0.0	0.0	205.85747	0.0	22.42784	0.0	0.0	0.0	163.06386	30.531012	10.648328	123.10987	0.0	0.0	111.9858	56.260975	0.0	251.6814	0.0	0.0	0.0	167.58014	208.70143	0.0	0.0	96.062744	0.0	0.0	0.0	114.58374	68.024284	0.0	0.0	47.55824	0.0	0.0	0.0	279.8673	342.82925	117.27769	0.0	0.0	0.0	0.8234277	0.0	190.51201	209.01794	0.0	0.0	3.7299423	0.0	0.0	0.0	0.84860396	0.0	189.69804	8.448806	0.0	0.0	0.0	0.0
0.0	11.356252	0.56973433	250.81439	0.0	0.0	0.0	0.0	0.0	0.0	0.0	0.0	2.6590595	49.912598	303.82242	55.91512	287.05252	0.0	140.81418	0.0	0.0	216.83983	0.0	0.0	0.0	0.0	0.0	0.0	0.0	13.49205	0.0	0.0	176.72827	0.0	0.0	0.3525447	0.0	0.0	0.0	0.0	31.28852	0.0	0.0	0.0	0.0	0.0	248.48836	0.0	98.95812	0.0	43.74841	0.0	0.0	0.0	0.0	0.0	0.0	0.0	0.0	0.0	105.921196	44.371395	0.0	5.47324	0.0	0.0	107.87026	0.0	0.0	194.5902	0.0	19.953432	0.0	0.0	0.0	153.9745	28.125227	11.060227	117.21331	0.0	0.0	105.618065	54.292995	0.0	238.89436	0.0	0.0	0.0	159.80623	196.2494	0.0	0.0	91.62826	0.0	0.0	0.0	108.70618	63.618702	0.0	0.0	43.48943	0.0	0.0	0.0	266.0353	324.27185	112.302	0.0	0.0	0.0	0.57078725	0.0	181.75621	198.01123	0.0	0.0	3.6976368	0.0	0.0	0.0	0.0	0.0	179.17851	5.7371507	0.0	0.0	0.0	0.0
0.0	11.767505	1.4596075	264.61694	0.0	0.0	0.0	0.0	0.0	0.0	0.0	0.0	3.3137367	50.34409	320.41006	57.62518	302.0627	0.0	147.80629	0.0	0.0	227.56184	0.0	0.0	0.0	0.0	0.0	0.0	0.0	15.243386	0.0	0.0	185.19875	0.0	0.0	1.1012528	0.0	0.0	0.0	0.0	32.913643	0.0	0.0	0.0	0.0	0.0	260.5679	0.0	103.92519	0.0	46.379765	0.0	0.0	0.0	0.0	0.0	0.0	0.0	0.0	0.0	112.5263	46.824047	0.0	5.2312884	0.0	0.0	115.03515	0.0	0.0	205.07765	0.0	21.84696	0.0	0.0	0.0	162.54279	30.462523	10.797756	122.96991	0.0	0.0	111.160614	56.151184	0.0	250.96405	0.0	0.0	0.0	166.50276	207.82948	0.0	0.0	95.94656	0.0	0.0	0.0	114.581665	67.83848	0.0	0.0	46.884674	0.0	0.0	0.0	279.06967	341.8959	117.0481	0.0	0.0	0.0	0.736595	0.0	189.44395	208.2596	0.0	0.0	3.5427563	0.0	0.0	0.0	0.46028563	0.0	188.82796	8.236178	0.0	0.0	0.0	0.0
0.0	13.07694	2.4234407	288.156	0.0	0.0	0.0	0.0	0.0	0.0	0.0	0.0	3.9385269	52.16222	347.81335	60.926746	327.36966	0.0	159.3066	0.0	0.0	246.90584	0.0	0.0	0.0	0.0	0.0	0.0	0.0	18.147974	0.0	0.0	199.29799	0.0	0.0	2.561715	0.0	0.0	0.0	0.0	35.921505	0.0	0.0	0.0	0.0	0.0	282.15573	0.0	112.94199	0.0	50.2916	0.0	0.0	0.0	0.0	0.0	0.0	0.0	0.0	0.0	123.08765	50.96217	0.0	4.884463	0.0	0.0	126.88683	0.0	0.0	222.84392	0.0	24.573072	0.0	0.0	0.0	176.61876	34.599514	10.457402	132.94481	0.0	0.0	120.5083	59.783733	0.0	271.7478	0.0	0.0	0.0	178.4889	227.4677	0.0	0.0	103.2649	0.0	0.0	0.0	124.60489	73.48998	0.0	0.0	51.93811	0.0	0.0	0.0	301.82224	371.58414	125.44599	0.0	0.0	0.0	1.6730785	0.0	203.39302	225.3748	0.0	0.0	3.5813148	0.0	0.0	0.0	1.5473226	0.0	205.65334	11.959854	0.0	0.0	0.0	0.0
0.0	11.345581	0.0	238.72942	0.0	0.0	0.0	0.0	0.0	0.0	0.0	0.0	2.5395577	48.751774	289.77487	54.293995	274.45496	0.0	134.82953	0.0	0.0	206.87868	0.0	0.0	0.0	0.0	0.0	0.0	0.0	12.157889	0.0	0.0	169.07433	0.0	0.0	0.0	0.0	0.0	0.0	0.0	29.652008	0.0	0.0	0.0	0.0	0.0	238.0769	0.0	93.789635	0.0	41.26194	0.0	0.0	0.0	0.0	0.0	0.0	0.0	0.0	0.0	100.637634	42.443348	0.0	5.3532696	0.0	0.0	102.19633	0.0	0.0	185.33159	0.0	18.649282	0.0	0.0	0.0	146.54366	25.6351	11.332433	111.94848	0.0	0.0	100.999886	52.324497	0.0	227.78992	0.0	0.0	0.0	154.0282	186.12854	0.0	0.0	88.03949	0.0	0.0	0.0	103.14242	60.686554	0.0	0.0	41.46818	0.0	0.0	0.0	254.07524	308.48267	107.46555	0.0	0.0	0.0	0.37105286	0.0	174.61641	189.24841	0.0	0.0	4.663835	0.0	0.0	0.0	0.0	0.0	170.8119	3.730383	0.0	0.0	0.0	0.0
0.0	11.289993	0.0	227.91986	0.0	0.0	0.0	0.0	0.0	0.0	0.0	0.0	2.212455	47.57646	276.95963	52.562286	263.01608	0.0	129.43399	0.0	0.0	198.07172	0.0	0.0	0.0	0.0	0.0	0.0	0.0	11.102649	0.0	0.0	161.97498	0.0	0.0	0.0	0.0	0.0	0.0	0.0	28.202074	0.0	0.0	0.0	0.0	0.0	228.36774	0.0	89.44876	0.0	39.344563	0.0	0.0	0.0	0.0	0.0	0.0	0.0	0.0	0.0	95.97747	40.69118	0.0	5.226528	0.0	0.0	97.02042	0.0	0.0	177.08504	0.0	17.379904	0.0	0.0	0.0	139.96022	23.77369	11.44801	107.435936	0.0	0.0	96.825386	50.633945	0.0	217.64453	0.0	0.0	0.0	148.4597	177.21626	0.0	0.0	84.55752	0.0	0.0	0.0	98.230415	58.15389	0.0	0.0	39.570522	0.0	0.0	0.0	243.46124	294.46295	103.22659	0.0	0.0	0.0	0.17492943	0.0	167.87679	181.2796	0.0	0.0	5.324223	0.0	0.0	0.0	0.0	0.0	163.386	2.2532914	0.0	0.0	0.0	0.0
0.0	11.2410965	0.0	226.9237	0.0	0.0	0.0	0.0	0.0	0.0	0.0	0.0	2.0651646	47.075226	276.0847	52.560925	261.90976	0.0	128.9599	0.0	0.0	196.69896	0.0	0.0	0.0	0.0	0.0	0.0	0.0	10.875961	0.0	0.0	161.39575	0.0	0.0	0.0	0.0	0.0	0.0	0.0	28.030191	0.0	0.0	0.0	0.0	0.0	227.57208	0.0	88.47635	0.0	38.703182	0.0	0.0	0.0	0.0	0.0	0.0	0.0	0.0	0.0	95.846466	40.628506	0.0	4.893064	0.0	0.0	96.966	0.0	0.0	176.15382	0.0	17.611671	0.0	0.0	0.0	139.13306	23.4215	11.342841	106.386986	0.0	0.0	96.50205	49.97756	0.0	216.28314	0.0	0.0	0.0	147.80495	176.58717	0.0	0.0	84.16143	0.0	0.0	0.0	97.07169	58.31719	0.0	0.0	40.007206	0.0	0.0	0.0	241.94554	292.96045	102.08076	0.0	0.0	0.0	0.18498369	0.0	166.94693	180.46785	0.0	0.0	5.421125	0.0	0.0	0.0	0.0	0.0	162.48457	2.596888	0.0	0.0	0.0	0.0
0.0	11.355298	0.0	229.19122	0.0	0.0	0.0	0.0	0.0	0.0	0.0	0.0	2.0649636	47.409664	278.611	52.73293	264.15805	0.0	130.18987	0.0	0.0	198.75945	0.0	0.0	0.0	0.0	0.0	0.0	0.0	11.133092	0.0	0.0	162.86334	0.0	0.0	0.0	0.0	0.0	0.0	0.0	28.410055	0.0	0.0	0.0	0.0	0.0	229.36774	0.0	89.69097	0.0	39.41881	0.0	0.0	0.0	0.0	0.0	0.0	0.0	0.0	0.0	96.635155	40.99673	0.0	5.074079	0.0	0.0	97.962585	0.0	0.0	177.89929	0.0	17.540747	0.0	0.0	0.0	140.6332	24.004637	11.390957	107.81409	0.0	0.0	97.445854	50.701344	0.0	218.75127	0.0	0.0	0.0	148.98784	178.34297	0.0	0.0	84.87748	0.0	0.0	0.0	98.46475	58.47662	0.0	0.0	40.071728	0.0	0.0	0.0	244.59615	295.9376	103.332146	0.0	0.0	0.0	0.14392643	0.0	168.41664	182.16948	0.0	0.0	5.20429	0.0	0.0	0.0	0.0	0.0	164.1947	2.4532177	0.0	0.0	0.0	0.0
0.0	11.32293	0.09476588	239.7591	0.0	0.0	0.0	0.0	0.0	0.0	0.0	0.0	2.3936253	48.753326	290.89145	54.200512	275.61465	0.0	135.22969	0.0	0.0	207.90239	0.0	0.0	0.0	0.0	0.0	0.0	0.0	12.338634	0.0	0.0	169.63548	0.0	0.0	0.0	0.0	0.0	0.0	0.0	29.79199	0.0	0.0	0.0	0.0	0.0	239.02602	0.0	94.322105	0.0	41.638172	0.0	0.0	0.0	0.0	0.0	0.0	0.0	0.0	0.0	101.18185	42.608593	0.0	5.428404	0.0	0.0	102.60085	0.0	0.0	186.15997	0.0	18.741886	0.0	0.0	0.0	147.12068	26.036743	11.107656	112.476746	0.0	0.0	101.54075	52.442448	0.0	228.67859	0.0	0.0	0.0	154.44244	187.23883	0.0	0.0	88.18447	0.0	0.0	0.0	103.58917	60.96764	0.0	0.0	41.677532	0.0	0.0	0.0	255.37358	309.9082	107.8349	0.0	0.0	0.0	0.4144676	0.0	175.15369	189.99878	0.0	0.0	4.6181073	0.0	0.0	0.0	0.0	0.0	171.67896	3.95584	0.0	0.0	0.0	0.0
0.0	11.383388	0.0	235.66504	0.0	0.0	0.0	0.0	0.0	0.0	0.0	0.0	2.1650963	47.90981	286.5118	54.040386	271.18423	0.0	133.53871	0.0	0.0	203.72331	0.0	0.0	0.0	0.0	0.0	0.0	0.0	11.511963	0.0	0.0	167.26384	0.0	0.0	0.0	0.0	0.0	0.0	0.0	29.190145	0.0	0.0	0.0	0.0	0.0	235.31136	0.0	91.90671	0.0	40.279995	0.0	0.0	0.0	0.0	0.0	0.0	0.0	0.0	0.0	99.65098	42.042694	0.0	4.8763657	0.0	0.0	101.211205	0.0	0.0	182.79945	0.0	18.660004	0.0	0.0	0.0	144.39374	24.986847	11.379302	110.07925	0.0	0.0	100.06012	51.51141	0.0	224.52254	0.0	0.0	0.0	152.37292	183.74538	0.0	0.0	86.83667	0.0	0.0	0.0	100.89789	60.275394	0.0	0.0	41.670048	0.0	0.0	0.0	250.41722	304.1278	105.54557	0.0	0.0	0.0	0.25917256	0.0	172.4305	186.94116	0.0	0.0	4.843368	0.0	0.0	0.0	0.0	0.0	168.44304	3.5665214	0.0	0.0	0.0	0.0
0.0	11.168893	0.0	231.1132	0.0	0.0	0.0	0.0	0.0	0.0	0.0	0.0	2.0594406	47.981167	280.7494	53.26242	266.4177	0.0	131.20747	0.0	0.0	200.44054	0.0	0.0	0.0	0.0	0.0	0.0	0.0	11.016812	0.0	0.0	164.18666	0.0	0.0	0.0	0.0	0.0	0.0	0.0	28.598288	0.0	0.0	0.0	0.0	0.0	231.59944	0.0	90.23911	0.0	39.493824	0.0	0.0	0.0	0.0	0.0	0.0	0.0	0.0	0.0	97.57665	41.414276	0.0	4.9893765	0.0	0.0	98.631226	0.0	0.0	179.27443	0.0	17.874931	0.0	0.0	0.0	141.6238	24.144157	11.470749	108.37174	0.0	0.0	98.16003	51.086044	0.0	220.3513	0.0	0.0	0.0	150.26155	179.79073	0.0	0.0	85.52062	0.0	0.0	0.0	99.07932	58.867218	0.0	0.0	40.542767	0.0	0.0	0.0	246.46088	298.11426	103.92501	0.0	0.0	0.0	0.16395421	0.0	169.84296	183.68526	0.0	0.0	5.365116	0.0	0.0	0.0	0.0	0.0	165.46	2.5456173	0.0	0.0	0.0	0.0
0.0	11.099255	0.0	230.19232	0.0	0.0	0.0	0.0	0.0	0.0	0.0	0.0	1.9652945	47.6447	279.67883	53.117035	265.17505	0.0	130.6255	0.0	0.0	199.43013	0.0	0.0	0.0	0.0	0.0	0.0	0.0	11.045105	0.0	0.0	163.4566	0.0	0.0	0.0	0.0	0.0	0.0	0.0	28.351791	0.0	0.0	0.0	0.0	0.0	230.41441	0.0	89.94422	0.0	39.281544	0.0	0.0	0.0	0.0	0.0	0.0	0.0	0.0	0.0	97.07426	41.0378	0.0	4.7782745	0.0	0.0	98.46259	0.0	0.0	178.53271	0.0	17.887085	0.0	0.0	0.0	140.87146	24.131365	11.431888	107.8505	0.0	0.0	97.77276	50.506664	0.0	219.33173	0.0	0.0	0.0	149.4906	179.17723	0.0	0.0	85.18052	0.0	0.0	0.0	98.53956	58.92323	0.0	0.0	40.440845	0.0	0.0	0.0	245.27644	297.01477	103.38291	0.0	0.0	0.0	0.060261216	0.0	168.99248	182.76982	0.0	0.0	5.297785	0.0	0.0	0.0	0.0	0.0	164.65198	2.6280887	0.0	0.0	0.0	0.0
0.0	11.294204	0.0	228.49748	0.0	0.0	0.0	0.0	0.0	0.0	0.0	0.0	2.0476704	47.60021	277.8395	52.88113	263.56308	0.0	129.78802	0.0	0.0	198.09999	0.0	0.0	0.0	0.0	0.0	0.0	0.0	10.849068	0.0	0.0	162.48909	0.0	0.0	0.0	0.0	0.0	0.0	0.0	28.246264	0.0	0.0	0.0	0.0	0.0	229.04553	0.0	89.18076	0.0	39.059692	0.0	0.0	0.0	0.0	0.0	0.0	0.0	0.0	0.0	96.37091	40.81825	0.0	4.9255447	0.0	0.0	97.594124	0.0	0.0	177.39793	0.0	17.675858	0.0	0.0	0.0	140.26512	23.62516	11.526744	107.20243	0.0	0.0	97.105705	50.3847	0.0	217.89919	0.0	0.0	0.0	148.80522	177.71619	0.0	0.0	84.83491	0.0	0.0	0.0	97.95447	58.536514	0.0	0.0	40.14198	0.0	0.0	0.0	243.75732	294.89163	102.94933	0.0	0.0	0.0	0.08751118	0.0	168.041	181.65948	0.0	0.0	5.3916087	0.0	0.0	0.0	0.0	0.0	163.55818	2.4056323	0.0	0.0	0.0	0.0
0.0	11.293578	0.0	230.80347	0.0	0.0	0.0	0.0	0.0	0.0	0.0	0.0	2.1776657	47.490917	280.69058	53.13708	265.91977	0.0	130.94055	0.0	0.0	199.94463	0.0	0.0	0.0	0.0	0.0	0.0	0.0	11.245921	0.0	0.0	163.98572	0.0	0.0	0.0	0.0	0.0	0.0	0.0	28.620506	0.0	0.0	0.0	0.0	0.0	230.8487	0.0	90.334145	0.0	39.72363	0.0	0.0	0.0	0.0	0.0	0.0	0.0	0.0	0.0	97.42437	41.192352	0.0	4.9553323	0.0	0.0	98.85086	0.0	0.0	179.1602	0.0	17.881294	0.0	0.0	0.0	141.73682	24.222502	11.362636	108.37809	0.0	0.0	98.142365	50.875782	0.0	220.13562	0.0	0.0	0.0	149.85631	179.73628	0.0	0.0	85.32462	0.0	0.0	0.0	99.02764	59.059036	0.0	0.0	40.535706	0.0	0.0	0.0	246.0046	298.04013	103.91369	0.0	0.0	0.0	0.17886142	0.0	169.36609	183.3666	0.0	0.0	5.1810346	0.0	0.0	0.0	0.0	0.0	165.27	2.9652245	0.0	0.0	0.0	0.0
0.0	11.246251	0.08190272	244.51814	0.0	0.0	0.0	0.0	0.0	0.0	0.0	0.0	2.6420925	48.613094	296.87292	55.134792	280.402	0.0	137.8781	0.0	0.0	210.86678	0.0	0.0	0.0	0.0	0.0	0.0	0.0	12.50059	0.0	0.0	172.98193	0.0	0.0	0.0464267	0.0	0.0	0.0	0.0	30.56037	0.0	0.0	0.0	0.0	0.0	243.00468	0.0	95.5165	0.0	42.01202	0.0	0.0	0.0	0.0	0.0	0.0	0.0	0.0	0.0	103.60436	43.465057	0.0	5.0906005	0.0	0.0	105.543175	0.0	0.0	189.4781	0.0	19.691893	0.0	0.0	0.0	149.88261	26.745077	11.144176	113.86605	0.0	0.0	103.429375	52.765472	0.0	232.66437	0.0	0.0	0.0	156.84866	191.03459	0.0	0.0	89.507866	0.0	0.0	0.0	104.9986	62.331295	0.0	0.0	43.157124	0.0	0.0	0.0	259.11295	315.55597	109.00199	0.0	0.0	0.0	0.41216037	0.0	177.70305	193.38586	0.0	0.0	4.020987	0.0	0.0	0.0	0.0	0.0	174.52995	5.1262856	0.0	0.0	0.0	0.0
0.0	11.229463	0.0	232.0487	0.0	0.0	0.0	0.0	0.0	0.0	0.0	0.0	2.0461388	47.866547	281.70776	53.2506	267.13254	0.0	131.47064	0.0	0.0	201.00757	0.0	0.0	0.0	0.0	0.0	0.0	0.0	11.13736	0.0	0.0	164.78447	0.0	0.0	0.0	0.0	0.0	0.0	0.0	28.625053	0.0	0.0	0.0	0.0	0.0	232.12502	0.0	90.55813	0.0	39.73305	0.0	0.0	0.0	0.0	0.0	0.0	0.0	0.0	0.0	98.08209	41.370117	0.0	4.981673	0.0	0.0	99.13428	0.0	0.0	179.92839	0.0	18.139803	0.0	0.0	0.0	142.09491	24.338247	11.395794	108.647064	0.0	0.0	98.46882	51.15128	0.0	221.22583	0.0	0.0	0.0	150.68922	180.69688	0.0	0.0	85.631676	0.0	0.0	0.0	99.40344	58.982666	0.0	0.0	40.655422	0.0	0.0	0.0	247.08105	299.20218	104.20496	0.0	0.0	0.0	0.22988617	0.0	170.13518	184.40291	0.0	0.0	4.965263	0.0	0.0	0.0	0.0	0.0	166.11406	2.6818886	0.0	0.0	0.0	0.0
0.0	11.283409	0.0	230.25262	0.0	0.0	0.0	0.0	0.0	0.0	0.0	0.0	1.9230181	47.710785	279.9597	53.059376	265.31192	0.0	130.72095	0.0	0.0	199.60799	0.0	0.0	0.0	0.0	0.0	0.0	0.0	11.126332	0.0	0.0	163.42366	0.0	0.0	0.0	0.0	0.0	0.0	0.0	28.433	0.0	0.0	0.0	0.0	0.0	230.47218	0.0	90.088005	0.0	39.558033	0.0	0.0	0.0	0.0	0.0	0.0	0.0	0.0	0.0	97.13749	41.195984	0.0	4.98135	0.0	0.0	98.44479	0.0	0.0	178.66821	0.0	17.79289	0.0	0.0	0.0	141.15541	24.109818	11.366309	108.05204	0.0	0.0	97.73963	50.567333	0.0	219.54163	0.0	0.0	0.0	149.45541	179.28487	0.0	0.0	85.34751	0.0	0.0	0.0	98.76093	59.089996	0.0	0.0	40.38386	0.0	0.0	0.0	245.53484	297.39972	103.44989	0.0	0.0	0.0	0.093359746	0.0	168.90129	182.88078	0.0	0.0	5.2629447	0.0	0.0	0.0	0.0	0.0	164.77306	2.7349784	0.0	0.0	0.0	0.0
0.0	11.338071	0.0	233.01056	0.0	0.0	0.0	0.0	0.0	0.0	0.0	0.0	2.2177563	48.025074	283.24225	53.64273	268.62918	0.0	132.244	0.0	0.0	201.93764	0.0	0.0	0.0	0.0	0.0	0.0	0.0	11.262843	0.0	0.0	165.69789	0.0	0.0	0.0	0.0	0.0	0.0	0.0	28.827515	0.0	0.0	0.0	0.0	0.0	233.38539	0.0	90.94698	0.0	39.941753	0.0	0.0	0.0	0.0	0.0	0.0	0.0	0.0	0.0	98.43569	41.62595	0.0	4.938778	0.0	0.0	99.65839	0.0	0.0	180.85657	0.0	18.174654	0.0	0.0	0.0	142.86311	24.442007	11.625557	109.1838	0.0	0.0	99.02991	51.31903	0.0	222.17656	0.0	0.0	0.0	151.46553	181.46413	0.0	0.0	86.13748	0.0	0.0	0.0	99.77093	59.546803	0.0	0.0	40.889725	0.0	0.0	0.0	248.2505	300.83246	104.81356	0.0	0.0	0.0	0.23518288	0.0	171.22948	185.25334	0.0	0.0	5.1660957	0.0	0.0	0.0	0.0	0.0	166.85132	2.9344616	0.0	0.0	0.0	0.0
0.0	11.547399	0.0	238.18541	0.0	0.0	0.0	0.0	0.0	0.0	0.0	0.0	2.1292725	48.959606	289.42032	54.661865	274.2195	0.0	134.75526	0.0	0.0	206.12016	0.0	0.0	0.0	0.0	0.0	0.0	0.0	11.538532	0.0	0.0	169.06029	0.0	0.0	0.0	0.0	0.0	0.0	0.0	29.543036	0.0	0.0	0.0	0.0	0.0	238.07153	0.0	93.064125	0.0	40.78654	0.0	0.0	0.0	0.0	0.0	0.0	0.0	0.0	0.0	100.67285	42.391605	0.0	5.1706166	0.0	0.0	102.00525	0.0	0.0	184.83905	0.0	18.579153	0.0	0.0	0.0	146.21065	25.082222	11.480668	111.50748	0.0	0.0	101.15676	52.221188	0.0	226.91304	0.0	0.0	0.0	154.28369	185.57918	0.0	0.0	87.90182	0.0	0.0	0.0	102.031166	60.82935	0.0	0.0	42.057068	0.0	0.0	0.0	253.66072	307.26468	106.90519	0.0	0.0	0.0	0.22637792	0.0	174.44714	189.11522	0.0	0.0	5.216055	0.0	0.0	0.0	0.0	0.0	170.38695	3.199976	0.0	0.0	0.0	0.0
0.0	11.817098	0.43708542	259.85776	0.0	0.0	0.0	0.0	0.0	0.0	0.0	0.0	3.1835492	49.40776	314.7399	57.261612	296.97086	0.0	145.35092	0.0	0.0	222.67796	0.0	0.0	0.0	0.0	0.0	0.0	0.0	14.141688	0.0	0.0	182.55872	0.0	0.0	0.74728197	0.0	0.0	0.0	0.0	32.265274	0.0	0.0	0.0	0.0	0.0	256.44064	0.0	101.00065	0.0	44.563198	0.0	0.0	0.0	0.0	0.0	0.0	0.0	0.0	0.0	110.41083	45.81079	0.0	5.0576167	0.0	0.0	113.300964	0.0	0.0	201.08669	0.0	21.841188	0.0	0.0	0.0	158.96591	29.243128	10.747497	119.93036	0.0	0.0	109.66387	55.301678	0.0	245.78682	0.0	0.0	0.0	164.54482	203.57732	0.0	0.0	93.999886	0.0	0.0	0.0	111.13834	66.52645	0.0	0.0	46.777973	0.0	0.0	0.0	273.33505	334.4846	114.24807	0.0	0.0	0.0	0.70571977	0.0	186.64201	204.46858	0.0	0.0	3.572724	0.0	0.0	0.0	0.6611312	0.0	185.22229	7.7740865	0.0	0.0	0.0	0.0
0.0	11.19963	0.09638411	245.31929	0.0	0.0	0.0	0.0	0.0	0.0	0.0	0.0	2.4271386	49.224545	297.31284	55.241013	281.18198	0.0	137.9561	0.0	0.0	211.89827	0.0	0.0	0.0	0.0	0.0	0.0	0.0	12.49385	0.0	0.0	173.4327	0.0	0.0	0.0	0.0	0.0	0.0	0.0	30.678345	0.0	0.0	0.0	0.0	0.0	243.8241	0.0	96.130226	0.0	42.185856	0.0	0.0	0.0	0.0	0.0	0.0	0.0	0.0	0.0	103.6684	43.32445	0.0	5.5343394	0.0	0.0	105.362206	0.0	0.0	190.21996	0.0	19.525656	0.0	0.0	0.0	150.42764	26.92005	11.054141	114.428566	0.0	0.0	103.654625	53.195065	0.0	233.50798	0.0	0.0	0.0	157.29588	191.59485	0.0	0.0	89.65088	0.0	0.0	0.0	105.54781	62.14581	0.0	0.0	43.00411	0.0	0.0	0.0	260.31293	316.28683	109.73328	0.0	0.0	0.0	0.55285466	0.0	178.59685	194.06647	0.0	0.0	4.0676665	0.0	0.0	0.0	0.0	0.0	175.32861	4.374164	0.0	0.0	0.0	0.0
0.0	11.224378	0.0	239.10901	0.0	0.0	0.0	0.0	0.0	0.0	0.0	0.0	2.2720642	48.706768	290.08728	54.17384	274.51956	0.0	134.89455	0.0	0.0	206.97296	0.0	0.0	0.0	0.0	0.0	0.0	0.0	12.008931	0.0	0.0	169.22386	0.0	0.0	0.0	0.0	0.0	0.0	0.0	29.76742	0.0	0.0	0.0	0.0	0.0	238.28105	0.0	93.62198	0.0	41.107143	0.0	0.0	0.0	0.0	0.0	0.0	0.0	0.0	0.0	100.90314	42.619915	0.0	5.1319275	0.0	0.0	102.254845	0.0	0.0	185.37117	0.0	18.88653	0.0	0.0	0.0	146.38036	25.692411	11.232784	111.72663	0.0	0.0	100.98991	52.12929	0.0	227.96523	0.0	0.0	0.0	154.07854	186.77336	0.0	0.0	87.899475	0.0	0.0	0.0	102.71519	60.697098	0.0	0.0	41.843536	0.0	0.0	0.0	254.34065	308.42477	107.13836	0.0	0.0	0.0	0.5635231	0.0	174.4386	189.342	0.0	0.0	4.419136	0.0	0.0	0.0	0.0	0.0	170.95747	3.7824156	0.0	0.0	0.0	0.0
0.0	11.437065	0.0	239.8585	0.0	0.0	0.0	0.0	0.0	0.0	0.0	0.0	2.2032146	48.70436	291.35052	54.759827	275.70142	0.0	135.64427	0.0	0.0	207.24782	0.0	0.0	0.0	0.0	0.0	0.0	0.0	11.88042	0.0	0.0	170.0277	0.0	0.0	0.0	0.0	0.0	0.0	0.0	29.771074	0.0	0.0	0.0	0.0	0.0	239.15907	0.0	93.67181	0.0	41.07233	0.0	0.0	0.0	0.0	0.0	0.0	0.0	0.0	0.0	101.32218	42.61632	0.0	5.0869613	0.0	0.0	103.13617	0.0	0.0	186.05023	0.0	18.992853	0.0	0.0	0.0	147.17206	25.71778	11.406506	111.95487	0.0	0.0	101.64724	52.22519	0.0	228.43713	0.0	0.0	0.0	154.54588	187.09283	0.0	0.0	88.37744	0.0	0.0	0.0	102.95163	61.2509	0.0	0.0	42.24076	0.0	0.0	0.0	254.7782	309.5407	107.35498	0.0	0.0	0.0	0.2743471	0.0	175.20827	190.10754	0.0	0.0	4.631289	0.0	0.0	0.0	0.0	0.0	171.31335	3.8325052	0.0	0.0	0.0	0.0
0.0	11.387463	0.060650084	253.31282	0.0	0.0	0.0	0.0	0.0	0.0	0.0	0.0	2.549289	50.011463	306.78226	56.531567	289.66095	0.0	142.24113	0.0	0.0	218.243	0.0	0.0	0.0	0.0	0.0	0.0	0.0	13.080321	0.0	0.0	178.83595	0.0	0.0	0.171297	0.0	0.0	0.0	0.0	31.80355	0.0	0.0	0.0	0.0	0.0	251.04877	0.0	98.92623	0.0	43.421932	0.0	0.0	0.0	0.0	0.0	0.0	0.0	0.0	0.0	107.21108	44.903717	0.0	5.3539414	0.0	0.0	109.27786	0.0	0.0	196.20134	0.0	20.560858	0.0	0.0	0.0	155.20831	28.052673	11.173345	117.588104	0.0	0.0	106.81374	54.614685	0.0	240.9342	0.0	0.0	0.0	161.69986	198.1399	0.0	0.0	92.27801	0.0	0.0	0.0	108.877174	64.11024	0.0	0.0	44.61491	0.0	0.0	0.0	268.09396	326.26443	112.72616	0.0	0.0	0.0	0.6212954	0.0	183.45784	199.9538	0.0	0.0	3.6137512	0.0	0.0	0.0	0.0	0.0	180.81795	5.3986206	0.0	0.0	0.0	0.0
0.0	11.232288	0.5015329	264.56552	0.0	0.0	0.0	0.0	0.0	0.0	0.0	0.0	3.0607064	48.81419	322.09247	58.293285	303.16733	0.0	148.69765	0.0	0.0	225.58113	0.0	0.0	0.0	0.0	0.0	0.0	0.0	14.033978	0.0	0.0	186.12657	0.0	0.0	1.5486418	0.0	0.0	0.0	0.0	32.74271	0.0	0.0	0.0	0.0	0.0	262.13406	0.0	101.05016	0.0	44.527668	0.0	0.0	0.0	0.0	0.0	0.0	0.0	0.0	0.0	114.16459	47.61076	0.0	3.7683628	0.0	0.0	116.9432	0.0	0.0	204.43932	0.0	22.862038	0.0	0.0	0.0	161.72723	29.558363	11.271778	120.86593	0.0	0.0	112.46499	55.408764	0.0	249.20642	0.0	0.0	0.0	167.45245	207.81523	0.0	0.0	95.56617	0.0	0.0	0.0	111.04926	69.2342	0.0	0.0	49.88733	0.0	0.0	0.0	276.99228	340.27878	113.84686	0.0	0.0	0.0	0.17203884	0.0	189.02364	208.67601	0.0	0.0	4.1987767	0.0	0.0	0.0	0.760801	0.0	188.44875	8.361564	0.0	0.0	0.0	0.0
0.0	11.229602	0.3635557	256.67505	0.0	0.0	0.0	0.0	0.0	0.0	0.0	0.0	2.6836846	48.557404	312.241	57.613556	294.48203	0.0	144.35985	0.0	0.0	219.12097	0.0	0.0	0.0	0.0	0.0	0.0	0.0	13.268071	0.0	0.0	181.01349	0.0	0.0	0.9772141	0.0	0.0	0.0	0.0	31.513853	0.0	0.0	0.0	0.0	0.0	254.23328	0.0	98.64074	0.0	43.089703	0.0	0.0	0.0	0.0	0.0	0.0	0.0	0.0	0.0	109.95441	45.4906	0.0	4.231603	0.0	0.0	112.73163	0.0	0.0	198.5519	0.0	21.691336	0.0	0.0	0.0	157.12921	27.873117	10.962586	117.799866	0.0	0.0	109.16675	54.18579	0.0	241.99565	0.0	0.0	0.0	163.52026	200.71455	0.0	0.0	93.13202	0.0	0.0	0.0	108.4768	67.146034	0.0	0.0	47.92511	0.0	0.0	0.0	269.28577	330.37503	111.85647	0.0	0.0	0.0	0.06758257	0.0	184.6874	202.59453	0.0	0.0	4.061899	0.0	0.0	0.0	0.3630841	0.0	182.55089	6.799436	0.0	0.0	0.0	0.0
0.0	11.231575	0.0	250.10551	0.0	0.0	0.0	0.0	0.0	0.0	0.0	0.0	2.2338696	48.761948	303.72546	56.589966	286.78223	0.0	141.02171	0.0	0.0	214.35242	0.0	0.0	0.0	0.0	0.0	0.0	0.0	12.164025	0.0	0.0	177.06361	0.0	0.0	0.2816371	0.0	0.0	0.0	0.0	30.830833	0.0	0.0	0.0	0.0	0.0	248.55066	0.0	96.243996	0.0	42.13244	0.0	0.0	0.0	0.0	0.0	0.0	0.0	0.0	0.0	106.75045	44.33534	0.0	4.4870796	0.0	0.0	108.8462	0.0	0.0	193.48894	0.0	20.760363	0.0	0.0	0.0	152.60698	26.894547	11.237237	115.13806	0.0	0.0	106.37067	53.48123	0.0	236.45525	0.0	0.0	0.0	160.38	195.23976	0.0	0.0	90.97794	0.0	0.0	0.0	105.609245	64.39982	0.0	0.0	45.620213	0.0	0.0	0.0	263.48206	321.3892	109.70306	0.0	0.0	0.0	0.101813436	0.0	181.01146	197.75829	0.0	0.0	4.0401897	0.0	0.0	0.0	0.0	0.0	178.10742	4.9766254	0.0	0.0	0.0	0.0
0.0	11.382535	0.0943647	251.84465	0.0	0.0	0.0	0.0	0.0	0.0	0.0	0.0	2.570453	48.765682	306.24387	56.931507	289.09338	0.0	141.98936	0.0	0.0	215.80766	0.0	0.0	0.0	0.0	0.0	0.0	0.0	12.705403	0.0	0.0	178.20415	0.0	0.0	0.45863524	0.0	0.0	0.0	0.0	31.15863	0.0	0.0	0.0	0.0	0.0	250.06984	0.0	97.27285	0.0	42.5826	0.0	0.0	0.0	0.0	0.0	0.0	0.0	0.0	0.0	107.45874	44.66441	0.0	4.5308876	0.0	0.0	109.92612	0.0	0.0	195.02885	0.0	20.91568	0.0	0.0	0.0	154.29652	27.277786	11.232244	116.236946	0.0	0.0	107.0459	53.827545	0.0	238.36841	0.0	0.0	0.0	161.2011	196.6992	0.0	0.0	91.728676	0.0	0.0	0.0	106.88857	65.26826	0.0	0.0	45.99637	0.0	0.0	0.0	265.32022	324.4561	110.83856	0.0	0.0	0.0	0.08602122	0.0	182.27318	199.03973	0.0	0.0	4.1799426	0.0	0.0	0.0	0.0	0.0	179.44287	5.6084723	0.0	0.0	0.0	0.0
0.0	11.504677	0.54885095	262.0647	0.0	0.0	0.0	0.0	0.0	0.0	0.0	0.0	2.8352044	49.210606	318.19534	58.150143	300.0978	0.0	147.0659	0.0	0.0	223.60474	0.0	0.0	0.0	0.0	0.0	0.0	0.0	13.830335	0.0	0.0	184.19127	0.0	0.0	1.2473748	0.0	0.0	0.0	0.0	32.238644	0.0	0.0	0.0	0.0	0.0	258.73495	0.0	100.81371	0.0	44.370396	0.0	0.0	0.0	0.0	0.0	0.0	0.0	0.0	0.0	112.35459	46.395283	0.0	4.4772716	0.0	0.0	115.22571	0.0	0.0	202.63832	0.0	22.321428	0.0	0.0	0.0	160.41687	28.947601	10.914544	120.17387	0.0	0.0	111.045715	55.5115	0.0	246.99287	0.0	0.0	0.0	165.99176	205.27043	0.0	0.0	94.64983	0.0	0.0	0.0	110.80123	68.35841	0.0	0.0	48.60348	0.0	0.0	0.0	274.49362	336.94693	113.80121	0.0	0.0	0.0	0.13237996	0.0	187.69019	206.64172	0.0	0.0	3.8073146	0.0	0.0	0.0	0.8361561	0.0	186.6646	7.439562	0.0	0.0	0.0	0.0
0.0	11.88918	0.0	252.22078	0.0	0.0	0.0	0.0	0.0	0.0	0.0	0.0	2.8679893	49.134655	307.71484	57.702496	290.7422	0.0	143.01982	0.0	0.0	216.40234	0.0	0.0	0.0	0.0	0.0	0.0	0.0	12.391622	0.0	0.0	179.29362	0.0	0.0	0.25498128	0.0	0.0	0.0	0.0	30.860718	0.0	0.0	0.0	0.0	0.0	252.22607	0.0	96.99885	0.0	42.45474	0.0	0.0	0.0	0.0	0.0	0.0	0.0	0.0	0.0	108.234985	45.18584	0.0	3.887985	0.0	0.0	110.182	0.0	0.0	195.5918	0.0	20.972387	0.0	0.0	0.0	154.61488	26.88173	11.942047	116.31945	0.0	0.0	107.917114	53.960663	0.0	238.79478	0.0	0.0	0.0	162.5153	197.0547	0.0	0.0	92.57255	0.0	0.0	0.0	106.68223	65.92929	0.0	0.0	46.778027	0.0	0.0	0.0	266.2393	325.70642	110.98877	0.0	0.0	0.0	0.0	0.0	183.38104	200.12291	0.0	0.0	5.2677207	0.0	0.0	0.0	0.0	0.0	179.84059	5.680034	0.0	0.0	0.0	0.0
0.0	11.442742	0.098241754	258.98547	0.0	0.0	0.0	0.0	0.0	0.0	0.0	0.0	2.7235267	48.896976	315.39114	58.39024	297.3487	0.0	145.99266	0.0	0.0	220.68233	0.0	0.0	0.0	0.0	0.0	0.0	0.0	13.079094	0.0	0.0	183.05556	0.0	0.0	0.8504428	0.0	0.0	0.0	0.0	31.794744	0.0	0.0	0.0	0.0	0.0	256.90604	0.0	99.052124	0.0	43.176437	0.0	0.0	0.0	0.0	0.0	0.0	0.0	0.0	0.0	110.97167	46.0506	0.0	3.8865147	0.0	0.0	114.044334	0.0	0.0	200.26428	0.0	21.983007	0.0	0.0	0.0	158.5768	27.884293	11.272841	118.50054	0.0	0.0	110.3468	54.673855	0.0	243.92761	0.0	0.0	0.0	165.2024	202.43047	0.0	0.0	94.10614	0.0	0.0	0.0	108.89434	67.986855	0.0	0.0	48.607784	0.0	0.0	0.0	271.61298	333.19907	112.46799	0.0	0.0	0.0	0.0	0.0	186.37267	204.54933	0.0	0.0	4.254844	0.0	0.0	0.0	0.45465004	0.0	184.19429	6.900121	0.0	0.0	0.0	0.0
0.0	11.530633	0.0	242.8256	0.0	0.0	0.0	0.0	0.0	0.0	0.0	0.0	2.5224903	48.020313	296.0129	55.719543	279.64896	0.0	137.8455	0.0	0.0	208.85411	0.0	0.0	0.0	0.0	0.0	0.0	0.0	11.669835	0.0	0.0	172.79945	0.0	0.0	0.0018634064	0.0	0.0	0.0	0.0	29.970993	0.0	0.0	0.0	0.0	0.0	242.6053	0.0	93.677704	0.0	40.97167	0.0	0.0	0.0	0.0	0.0	0.0	0.0	0.0	0.0	103.51428	43.54277	0.0	4.215203	0.0	0.0	105.45969	0.0	0.0	188.1999	0.0	19.728956	0.0	0.0	0.0	148.6206	25.689638	11.664933	112.519936	0.0	0.0	103.78674	52.61353	0.0	230.4991	0.0	0.0	0.0	156.98444	189.48273	0.0	0.0	89.06146	0.0	0.0	0.0	102.92001	62.99201	0.0	0.0	44.2801	0.0	0.0	0.0	256.882	313.2279	107.41338	0.0	0.0	0.0	0.0	0.0	177.09071	192.78456	0.0	0.0	5.026119	0.0	0.0	0.0	0.0	0.0	173.35905	4.423986	0.0	0.0	0.0	0.0
0.0	11.354149	0.0	242.43034	0.0	0.0	0.0	0.0	0.0	0.0	0.0	0.0	2.3284893	48.011837	295.2444	55.430058	278.9456	0.0	137.31108	0.0	0.0	208.46217	0.0	0.0	0.0	0.0	0.0	0.0	0.0	11.742653	0.0	0.0	172.32935	0.0	0.0	0.0	0.0	0.0	0.0	0.0	30.13801	0.0	0.0	0.0	0.0	0.0	241.87122	0.0	93.70883	0.0	41.015747	0.0	0.0	0.0	0.0	0.0	0.0	0.0	0.0	0.0	103.18574	43.265594	0.0	4.5698066	0.0	0.0	105.1202	0.0	0.0	187.91609	0.0	19.637493	0.0	0.0	0.0	148.43742	25.785116	11.427394	112.34238	0.0	0.0	103.37274	52.41213	0.0	230.09157	0.0	0.0	0.0	156.52466	189.10718	0.0	0.0	88.80419	0.0	0.0	0.0	102.86828	62.627377	0.0	0.0	43.948933	0.0	0.0	0.0	256.57718	312.499	107.409454	0.0	0.0	0.0	0.047443833	0.0	176.71419	192.27779	0.0	0.0	4.726322	0.0	0.0	0.0	0.0	0.0	173.01703	4.2442183	0.0	0.0	0.0	0.0
0.0	11.418241	0.1479487	250.68573	0.0	0.0	0.0	0.0	0.0	0.0	0.0	0.0	2.665868	48.196392	304.95853	56.45693	287.7136	0.0	141.34973	0.0	0.0	214.64832	0.0	0.0	0.0	0.0	0.0	0.0	0.0	12.800811	0.0	0.0	177.25114	0.0	0.0	0.6527423	0.0	0.0	0.0	0.0	31.093168	0.0	0.0	0.0	0.0	0.0	248.71704	0.0	96.844505	0.0	42.39417	0.0	0.0	0.0	0.0	0.0	0.0	0.0	0.0	0.0	106.8237	44.57973	0.0	4.280679	0.0	0.0	109.556114	0.0	0.0	194.03639	0.0	20.691202	0.0	0.0	0.0	153.5053	27.164816	11.09339	115.64728	0.0	0.0	106.66235	53.376602	0.0	237.2113	0.0	0.0	0.0	160.3159	195.91034	0.0	0.0	91.28375	0.0	0.0	0.0	106.39323	65.214745	0.0	0.0	46.010143	0.0	0.0	0.0	264.08408	323.0643	110.02759	0.0	0.0	0.0	0.11944433	0.0	181.0753	198.03502	0.0	0.0	4.1877537	0.0	0.0	0.0	0.0	0.0	178.5727	6.060995	0.0	0.0	0.0	0.0
0.0	11.779967	0.0	249.11095	0.0	0.0	0.0	0.0	0.0	0.0	0.0	0.0	2.4339867	48.703766	303.9144	57.29494	286.9286	0.0	141.46822	0.0	0.0	213.41963	0.0	0.0	0.0	0.0	0.0	0.0	0.0	11.689925	0.0	0.0	177.40631	0.0	0.0	0.18875432	0.0	0.0	0.0	0.0	30.526413	0.0	0.0	0.0	0.0	0.0	249.15674	0.0	95.27475	0.0	41.5891	0.0	0.0	0.0	0.0	0.0	0.0	0.0	0.0	0.0	106.65375	44.618702	0.0	3.8094184	0.0	0.0	108.83215	0.0	0.0	192.9148	0.0	20.703455	0.0	0.0	0.0	152.27885	26.242292	12.064361	114.56711	0.0	0.0	106.48861	53.16802	0.0	235.8268	0.0	0.0	0.0	160.89905	194.41736	0.0	0.0	91.504456	0.0	0.0	0.0	104.737785	65.03969	0.0	0.0	46.14339	0.0	0.0	0.0	262.62	321.0164	109.18496	0.0	0.0	0.0	0.0	0.0	181.29083	197.64848	0.0	0.0	4.9662013	0.0	0.0	0.0	0.0	0.0	177.40564	5.1181755	0.0	0.0	0.0	0.0
0.0	11.702068	0.0	251.54659	0.0	0.0	0.0	0.0	0.0	0.0	0.0	0.0	2.250346	48.614155	306.91202	57.80353	289.5881	0.0	142.84508	0.0	0.0	214.78563	0.0	0.0	0.0	0.0	0.0	0.0	0.0	11.526721	0.0	0.0	179.16866	0.0	0.0	0.13054332	0.0	0.0	0.0	0.0	31.045908	0.0	0.0	0.0	0.0	0.0	251.34009	0.0	95.56601	0.0	41.518093	0.0	0.0	0.0	0.0	0.0	0.0	0.0	0.0	0.0	108.03716	45.024963	0.0	3.7222643	0.0	0.0	110.21397	0.0	0.0	194.54553	0.0	21.194292	0.0	0.0	0.0	153.36954	26.377197	11.982385	115.07293	0.0	0.0	107.8012	53.525715	0.0	237.40413	0.0	0.0	0.0	162.35591	196.27893	0.0	0.0	91.86271	0.0	0.0	0.0	104.84324	65.83064	0.0	0.0	47.261658	0.0	0.0	0.0	264.49316	323.14484	109.42095	0.0	0.0	0.0	0.0	0.0	182.68701	199.53395	0.0	0.0	4.8536415	0.0	0.0	0.0	0.0	0.0	178.99696	4.9580364	0.0	0.0	0.0	0.0
0.0	11.787646	0.0	239.00203	0.0	0.0	0.0	0.0	0.0	0.0	0.0	0.0	2.5316849	47.802673	291.86166	55.352997	276.03003	0.0	136.30235	0.0	0.0	205.85773	0.0	0.0	0.0	0.0	0.0	0.0	0.0	11.271024	0.0	0.0	170.3604	0.0	0.0	0.0	0.0	0.0	0.0	0.0	29.362244	0.0	0.0	0.0	0.0	0.0	239.57237	0.0	92.16974	0.0	40.444454	0.0	0.0	0.0	0.0	0.0	0.0	0.0	0.0	0.0	101.94819	43.11508	0.0	4.0930867	0.0	0.0	103.7096	0.0	0.0	185.3197	0.0	19.25039	0.0	0.0	0.0	146.29152	24.97728	11.922103	111.12791	0.0	0.0	102.4754	52.089874	0.0	227.15613	0.0	0.0	0.0	155.29637	186.3554	0.0	0.0	88.2078	0.0	0.0	0.0	100.999535	62.230587	0.0	0.0	43.551205	0.0	0.0	0.0	253.4291	308.67972	105.90167	0.0	0.0	0.0	0.0	0.0	174.87514	190.06013	0.0	0.0	5.521736	0.0	0.0	0.0	0.0	0.0	170.7631	4.1397514	0.0	0.0	0.0	0.0
0.0	11.314206	0.0	236.37004	0.0	0.0	0.0	0.0	0.0	0.0	0.0	0.0	2.2695682	47.360413	287.95987	54.331974	272.36682	0.0	134.11264	0.0	0.0	203.64001	0.0	0.0	0.0	0.0	0.0	0.0	0.0	11.421658	0.0	0.0	168.07945	0.0	0.0	0.0	0.0	0.0	0.0	0.0	29.22828	0.0	0.0	0.0	0.0	0.0	236.53912	0.0	91.42566	0.0	39.96809	0.0	0.0	0.0	0.0	0.0	0.0	0.0	0.0	0.0	100.52945	42.27895	0.0	4.3592963	0.0	0.0	102.27027	0.0	0.0	183.3175	0.0	19.001173	0.0	0.0	0.0	144.7965	24.825012	11.430432	109.75599	0.0	0.0	100.844765	51.219433	0.0	224.5247	0.0	0.0	0.0	153.05281	184.32942	0.0	0.0	87.03542	0.0	0.0	0.0	100.37744	61.237186	0.0	0.0	42.666855	0.0	0.0	0.0	250.60112	304.9545	104.89981	0.0	0.0	0.0	0.0	0.0	172.62305	187.69905	0.0	0.0	5.056381	0.0	0.0	0.0	0.0	0.0	168.8956	3.8051608	0.0	0.0	0.0	0.0
0.0	11.363613	0.0	244.02214	0.0	0.0	0.0	0.0	0.0	0.0	0.0	0.0	2.5916398	47.75296	297.08432	55.50265	280.45493	0.0	138.00935	0.0	0.0	209.60844	0.0	0.0	0.0	0.0	0.0	0.0	0.0	12.149274	0.0	0.0	172.97191	0.0	0.0	0.3080666	0.0	0.0	0.0	0.0	30.239946	0.0	0.0	0.0	0.0	0.0	242.78162	0.0	94.42484	0.0	41.483356	0.0	0.0	0.0	0.0	0.0	0.0	0.0	0.0	0.0	103.884605	43.517284	0.0	4.274402	0.0	0.0	106.10609	0.0	0.0	189.02644	0.0	19.915937	0.0	0.0	0.0	149.38103	26.188608	11.271731	112.95164	0.0	0.0	103.92307	52.479504	0.0	231.3888	0.0	0.0	0.0	156.82451	190.56458	0.0	0.0	89.19564	0.0	0.0	0.0	103.673485	63.330868	0.0	0.0	44.446167	0.0	0.0	0.0	257.73648	314.69525	107.75532	0.0	0.0	0.0	0.020293677	0.0	177.02507	193.08858	0.0	0.0	4.4990363	0.0	0.0	0.0	0.0	0.0	173.92291	5.173847	0.0	0.0	0.0	0.0
0.0	11.519532	0.0	238.38997	0.0	0.0	0.0	0.0	0.0	0.0	0.0	0.0	2.583868	47.82788	290.6602	55.086407	275.10413	0.0	135.6476	0.0	0.0	205.47803	0.0	0.0	0.0	0.0	0.0	0.0	0.0	11.3834715	0.0	0.0	169.54097	0.0	0.0	0.028308159	0.0	0.0	0.0	0.0	29.233795	0.0	0.0	0.0	0.0	0.0	238.867	0.0	92.08994	0.0	40.315388	0.0	0.0	0.0	0.0	0.0	0.0	0.0	0.0	0.0	101.532814	43.007328	0.0	4.172561	0.0	0.0	103.09238	0.0	0.0	184.72748	0.0	19.290401	0.0	0.0	0.0	145.68767	25.010489	11.826112	110.60558	0.0	0.0	101.6954	51.693684	0.0	226.39204	0.0	0.0	0.0	154.2826	185.83374	0.0	0.0	87.959114	0.0	0.0	0.0	100.91748	61.879047	0.0	0.0	43.138107	0.0	0.0	0.0	252.46307	307.71426	105.4723	0.0	0.0	0.0	0.051417794	0.0	174.34283	189.27545	0.0	0.0	5.309983	0.0	0.0	0.0	0.0	0.0	170.12546	4.153902	0.0	0.0	0.0	0.0
0.0	11.422679	0.0	239.52495	0.0	0.0	0.0	0.0	0.0	0.0	0.0	0.0	2.4841144	47.274326	292.21964	55.07729	276.1768	0.0	136.08739	0.0	0.0	205.83247	0.0	0.0	0.0	0.0	0.0	0.0	0.0	11.27842	0.0	0.0	170.77159	0.0	0.0	0.0	0.0	0.0	0.0	0.0	29.618582	0.0	0.0	0.0	0.0	0.0	239.74373	0.0	92.02646	0.0	40.18744	0.0	0.0	0.0	0.0	0.0	0.0	0.0	0.0	0.0	102.41097	42.98942	0.0	4.0532684	0.0	0.0	104.19651	0.0	0.0	185.57375	0.0	19.521574	0.0	0.0	0.0	146.42859	25.14388	11.617711	110.92401	0.0	0.0	102.73574	51.809093	0.0	227.15623	0.0	0.0	0.0	155.46642	186.72527	0.0	0.0	87.8162	0.0	0.0	0.0	101.060036	62.084675	0.0	0.0	43.91617	0.0	0.0	0.0	253.43416	308.69257	105.78178	0.0	0.0	0.0	0.0	0.0	174.91626	190.30629	0.0	0.0	5.17363	0.0	0.0	0.0	0.0	0.0	170.94713	4.102155	0.0	0.0	0.0	0.0
0.0	11.348119	0.0	230.68787	0.0	0.0	0.0	0.0	0.0	0.0	0.0	0.0	2.036094	47.26985	280.8134	53.411915	266.34225	0.0	131.21596	0.0	0.0	199.19002	0.0	0.0	0.0	0.0	0.0	0.0	0.0	10.532094	0.0	0.0	164.3707	0.0	0.0	0.0	0.0	0.0	0.0	0.0	28.536844	0.0	0.0	0.0	0.0	0.0	231.57831	0.0	89.03824	0.0	38.89908	0.0	0.0	0.0	0.0	0.0	0.0	0.0	0.0	0.0	97.94337	41.45902	0.0	4.4656205	0.0	0.0	99.01394	0.0	0.0	178.85875	0.0	18.255592	0.0	0.0	0.0	141.15172	23.652044	11.644916	107.44454	0.0	0.0	98.52364	50.57318	0.0	219.28143	0.0	0.0	0.0	150.37619	179.55568	0.0	0.0	85.17776	0.0	0.0	0.0	97.58843	59.33432	0.0	0.0	41.56184	0.0	0.0	0.0	245.23073	297.0168	102.91699	0.0	0.0	0.0	0.020901805	0.0	169.39862	183.54073	0.0	0.0	5.390721	0.0	0.0	0.0	0.0	0.0	165.06268	2.5933516	0.0	0.0	0.0	0.0
0.0	11.405834	0.0	228.25426	0.0	0.0	0.0	0.0	0.0	0.0	0.0	0.0	2.0628834	47.05858	278.01624	52.918865	263.6437	0.0	130.07693	0.0	0.0	197.58464	0.0	0.0	0.0	0.0	0.0	0.0	0.0	10.712983	0.0	0.0	162.40536	0.0	0.0	0.0	0.0	0.0	0.0	0.0	28.195948	0.0	0.0	0.0	0.0	0.0	229.01811	0.0	88.74582	0.0	38.916325	0.0	0.0	0.0	0.0	0.0	0.0	0.0	0.0	0.0	96.76297	41.10521	0.0	4.61298	0.0	0.0	97.89878	0.0	0.0	177.08598	0.0	17.662773	0.0	0.0	0.0	139.79631	23.530283	11.510745	107.02067	0.0	0.0	97.48376	50.277985	0.0	217.31416	0.0	0.0	0.0	148.69218	177.53572	0.0	0.0	84.62682	0.0	0.0	0.0	97.27512	58.92145	0.0	0.0	40.72452	0.0	0.0	0.0	243.26025	294.56015	102.193504	0.0	0.0	0.0	0.0	0.0	167.73212	181.6067	0.0	0.0	5.7038937	0.0	0.0	0.0	0.0	0.0	163.39789	2.420365	0.0	0.0	0.0	0.0
0.0	11.4068365	0.0	228.26794	0.0	0.0	0.0	0.0	0.0	0.0	0.0	0.0	2.046065	47.02466	278.13358	52.873028	263.5309	0.0	129.91628	0.0	0.0	197.52028	0.0	0.0	0.0	0.0	0.0	0.0	0.0	10.765057	0.0	0.0	162.53438	0.0	0.0	0.0	0.0	0.0	0.0	0.0	28.34115	0.0	0.0	0.0	0.0	0.0	228.86894	0.0	88.823265	0.0	38.991737	0.0	0.0	0.0	0.0	0.0	0.0	0.0	0.0	0.0	96.587036	40.93131	0.0	4.7068963	0.0	0.0	97.92209	0.0	0.0	177.21843	0.0	17.77816	0.0	0.0	0.0	140.12456	23.63178	11.5889435	106.88061	0.0	0.0	97.319244	50.10609	0.0	217.50642	0.0	0.0	0.0	148.62279	177.71698	0.0	0.0	84.68656	0.0	0.0	0.0	97.438576	58.934193	0.0	0.0	40.54923	0.0	0.0	0.0	243.1974	294.7227	102.52532	0.0	0.0	0.0	0.0	0.0	167.78639	181.57275	0.0	0.0	5.34563	0.0	0.0	0.0	0.0	0.0	163.31541	2.6395013	0.0	0.0	0.0	0.0
0.0	11.549835	0.0	244.40572	0.0	0.0	0.0	0.0	0.0	0.0	0.0	0.0	2.796606	47.756622	297.68573	55.62906	281.51917	0.0	138.50401	0.0	0.0	209.94678	0.0	0.0	0.0	0.0	0.0	0.0	0.0	12.12573	0.0	0.0	173.56146	0.0	0.0	0.3772436	0.0	0.0	0.0	0.0	29.950903	0.0	0.0	0.0	0.0	0.0	243.8955	0.0	94.24606	0.0	41.47703	0.0	0.0	0.0	0.0	0.0	0.0	0.0	0.0	0.0	104.73502	43.8163	0.0	4.0266705	0.0	0.0	106.50217	0.0	0.0	189.51665	0.0	20.133993	0.0	0.0	0.0	149.74715	26.109095	11.503093	113.12119	0.0	0.0	104.498726	52.483387	0.0	231.51768	0.0	0.0	0.0	157.40312	190.90071	0.0	0.0	89.61621	0.0	0.0	0.0	103.646935	63.60909	0.0	0.0	44.86449	0.0	0.0	0.0	258.1061	315.50186	107.57688	0.0	0.0	0.0	0.023072049	0.0	177.53499	193.99016	0.0	0.0	4.7146916	0.0	0.0	0.0	0.0	0.0	174.3427	5.5720196	0.0	0.0	0.0	0.0
0.0	11.439021	0.0	232.41759	0.0	0.0	0.0	0.0	0.0	0.0	0.0	0.0	2.009545	47.499218	283.22644	53.793674	268.23923	0.0	132.12659	0.0	0.0	200.86809	0.0	0.0	0.0	0.0	0.0	0.0	0.0	11.0849695	0.0	0.0	165.34074	0.0	0.0	0.0	0.0	0.0	0.0	0.0	28.489952	0.0	0.0	0.0	0.0	0.0	232.98201	0.0	90.354225	0.0	39.786053	0.0	0.0	0.0	0.0	0.0	0.0	0.0	0.0	0.0	98.74853	41.502483	0.0	4.6481204	0.0	0.0	100.11973	0.0	0.0	180.39238	0.0	18.3486	0.0	0.0	0.0	142.5098	24.290422	11.415589	108.639854	0.0	0.0	99.15649	50.717712	0.0	221.0725	0.0	0.0	0.0	150.96141	181.07826	0.0	0.0	85.96878	0.0	0.0	0.0	98.92926	60.256195	0.0	0.0	41.67418	0.0	0.0	0.0	247.35793	300.27063	103.8072	0.0	0.0	0.0	0.0	0.0	170.3904	184.74352	0.0	0.0	5.4607882	0.0	0.0	0.0	0.0	0.0	166.19322	3.246598	0.0	0.0	0.0	0.0
0.0	11.52138	0.0	227.49951	0.0	0.0	0.0	0.0	0.0	0.0	0.0	0.0	2.016484	47.036926	277.23398	52.80894	262.84787	0.0	129.63539	0.0	0.0	197.01427	0.0	0.0	0.0	0.0	0.0	0.0	0.0	10.719455	0.0	0.0	161.99928	0.0	0.0	0.0	0.0	0.0	0.0	0.0	28.068293	0.0	0.0	0.0	0.0	0.0	228.28435	0.0	88.476555	0.0	38.814426	0.0	0.0	0.0	0.0	0.0	0.0	0.0	0.0	0.0	96.29838	40.85792	0.0	4.7110786	0.0	0.0	97.482994	0.0	0.0	176.62682	0.0	17.649706	0.0	0.0	0.0	139.36382	23.451508	11.559442	106.70702	0.0	0.0	97.12447	50.151775	0.0	216.73706	0.0	0.0	0.0	148.34837	177.0131	0.0	0.0	84.432396	0.0	0.0	0.0	96.958244	58.64792	0.0	0.0	40.52844	0.0	0.0	0.0	242.5352	293.70288	102.13145	0.0	0.0	0.0	0.014994745	0.0	167.35524	181.07094	0.0	0.0	5.461605	0.0	0.0	0.0	0.0	0.0	162.8482	2.4947832	0.0	0.0	0.0	0.0
0.0	11.300736	0.0	232.60674	0.0	0.0	0.0	0.0	0.0	0.0	0.0	0.0	2.144326	47.22366	283.2578	53.562244	268.15683	0.0	132.09203	0.0	0.0	200.84814	0.0	0.0	0.0	0.0	0.0	0.0	0.0	11.191083	0.0	0.0	165.3076	0.0	0.0	0.0	0.0	0.0	0.0	0.0	28.671194	0.0	0.0	0.0	0.0	0.0	232.99605	0.0	90.38914	0.0	39.632896	0.0	0.0	0.0	0.0	0.0	0.0	0.0	0.0	0.0	98.8028	41.628307	0.0	4.493423	0.0	0.0	100.216675	0.0	0.0	180.41203	0.0	18.475237	0.0	0.0	0.0	142.50652	24.41871	11.394558	108.534485	0.0	0.0	99.24289	50.636642	0.0	221.22609	0.0	0.0	0.0	150.91592	181.31664	0.0	0.0	85.8364	0.0	0.0	0.0	99.004295	59.953846	0.0	0.0	41.71875	0.0	0.0	0.0	247.22673	300.24142	103.754265	0.0	0.0	0.0	0.0	0.0	170.26506	184.82788	0.0	0.0	5.268275	0.0	0.0	0.0	0.0	0.0	166.3705	3.4500277	0.0	0.0	0.0	0.0
0.0	11.467949	0.067753054	242.01012	0.0	0.0	0.0	0.0	0.0	0.0	0.0	0.0	2.3075244	48.07342	294.4988	54.853527	278.12427	0.0	136.97223	0.0	0.0	208.61116	0.0	0.0	0.0	0.0	0.0	0.0	0.0	12.073628	0.0	0.0	171.53589	0.0	0.0	0.25810552	0.0	0.0	0.0	0.0	30.023214	0.0	0.0	0.0	0.0	0.0	241.16931	0.0	94.15476	0.0	41.504578	0.0	0.0	0.0	0.0	0.0	0.0	0.0	0.0	0.0	102.70657	43.23406	0.0	4.628219	0.0	0.0	104.78928	0.0	0.0	187.64563	0.0	19.430433	0.0	0.0	0.0	148.12354	26.165224	11.315735	112.60144	0.0	0.0	103.057465	52.14034	0.0	230.13647	0.0	0.0	0.0	155.63594	189.23059	0.0	0.0	88.75417	0.0	0.0	0.0	103.335396	62.5276	0.0	0.0	43.291973	0.0	0.0	0.0	256.5631	312.47943	107.37781	0.0	0.0	0.0	0.0	0.0	175.96472	191.7395	0.0	0.0	4.456557	0.0	0.0	0.0	0.0	0.0	172.84285	4.407059	0.0	0.0	0.0	0.0
0.0	12.787412	0.4081887	258.56784	0.0	0.0	0.0	0.0	0.0	0.0	0.0	0.0	3.7992928	48.65887	313.58435	57.919308	296.2911	0.0	145.7315	0.0	0.0	220.9492	0.0	0.0	0.0	0.0	0.0	0.0	0.0	13.877563	0.0	0.0	181.59949	0.0	0.0	0.8186219	0.0	0.0	0.0	0.0	31.143255	0.0	0.0	0.0	0.0	0.0	255.59056	0.0	99.49833	0.0	43.787003	0.0	0.0	0.0	0.0	0.0	0.0	0.0	0.0	0.0	110.54266	46.06529	0.0	4.142628	0.0	0.0	113.644165	0.0	0.0	199.79375	0.0	21.981459	0.0	0.0	0.0	157.92073	28.428137	11.432186	119.04633	0.0	0.0	109.89826	54.976475	0.0	243.75708	0.0	0.0	0.0	164.11165	202.05188	0.0	0.0	94.116394	0.0	0.0	0.0	109.99467	66.97149	0.0	0.0	47.950367	0.0	0.0	0.0	270.91318	332.86157	112.71461	0.0	0.0	0.0	0.8049738	0.0	185.70149	203.81038	0.0	0.0	4.267027	0.0	0.0	0.0	0.998152	0.0	183.73888	8.888405	0.0	0.0	0.0	0.0
0.0	11.186435	0.0	224.98889	0.0	0.0	0.0	0.0	0.0	0.0	0.0	0.0	2.1524131	46.884228	273.81375	52.25252	259.7229	0.0	128.12794	0.0	0.0	195.06152	0.0	0.0	0.0	0.0	0.0	0.0	0.0	10.573484	0.0	0.0	160.11986	0.0	0.0	0.0	0.0	0.0	0.0	0.0	27.626312	0.0	0.0	0.0	0.0	0.0	225.85527	0.0	87.70502	0.0	38.400787	0.0	0.0	0.0	0.0	0.0	0.0	0.0	0.0	0.0	94.948425	40.257763	0.0	4.617655	0.0	0.0	96.14088	0.0	0.0	174.68272	0.0	17.351648	0.0	0.0	0.0	137.84053	23.216452	11.487141	105.67606	0.0	0.0	95.91199	49.519527	0.0	214.3185	0.0	0.0	0.0	146.75685	174.9458	0.0	0.0	83.629074	0.0	0.0	0.0	96.25101	57.733246	0.0	0.0	39.801334	0.0	0.0	0.0	240.19008	290.50516	101.3529	0.0	0.0	0.0	0.10122788	0.0	165.59627	178.8894	0.0	0.0	5.5832496	0.0	0.0	0.0	0.0	0.0	160.99126	2.607694	0.0	0.0	0.0	0.0
0.0	11.088086	0.0	227.96434	0.0	0.0	0.0	0.0	0.0	0.0	0.0	0.0	2.276395	47.196564	277.0692	52.92607	262.96423	0.0	129.52025	0.0	0.0	197.32045	0.0	0.0	0.0	0.0	0.0	0.0	0.0	10.6681795	0.0	0.0	162.14172	0.0	0.0	0.0	0.0	0.0	0.0	0.0	27.883354	0.0	0.0	0.0	0.0	0.0	228.50517	0.0	88.78643	0.0	38.88049	0.0	0.0	0.0	0.0	0.0	0.0	0.0	0.0	0.0	96.50065	40.673412	0.0	4.6600356	0.0	0.0	97.58331	0.0	0.0	176.79344	0.0	17.75089	0.0	0.0	0.0	139.60022	23.565979	11.470479	106.76404	0.0	0.0	97.16376	50.185	0.0	216.88295	0.0	0.0	0.0	148.37038	177.11992	0.0	0.0	84.46154	0.0	0.0	0.0	97.35858	58.416855	0.0	0.0	40.406483	0.0	0.0	0.0	242.70349	294.03107	102.24707	0.0	0.0	0.0	0.17994066	0.0	167.63959	181.23247	0.0	0.0	5.570923	0.0	0.0	0.0	0.0	0.0	162.91168	2.8583815	0.0	0.0	0.0	0.0
0.0	11.347295	0.0	223.9598	0.0	0.0	0.0	0.0	0.0	0.0	0.0	0.0	2.3098106	46.788692	272.5235	52.148174	258.68237	0.0	127.65243	0.0	0.0	194.3199	0.0	0.0	0.0	0.0	0.0	0.0	0.0	10.506936	0.0	0.0	159.48637	0.0	0.0	0.0	0.0	0.0	0.0	0.0	27.456581	0.0	0.0	0.0	0.0	0.0	224.90572	0.0	87.33069	0.0	38.296978	0.0	0.0	0.0	0.0	0.0	0.0	0.0	0.0	0.0	94.54937	40.200306	0.0	4.581873	0.0	0.0	95.54953	0.0	0.0	173.89862	0.0	17.143335	0.0	0.0	0.0	137.29308	22.888214	11.634879	105.34833	0.0	0.0	95.53318	49.670643	0.0	213.5565	0.0	0.0	0.0	146.25049	174.04366	0.0	0.0	83.34019	0.0	0.0	0.0	95.846275	57.325397	0.0	0.0	39.524837	0.0	0.0	0.0	239.17903	289.12924	100.98349	0.0	0.0	0.0	0.20223057	0.0	165.08539	178.28859	0.0	0.0	5.7068806	0.0	0.0	0.0	0.0	0.0	160.37518	2.429222	0.0	0.0	0.0	0.0
0.0	11.220459	0.0	229.31805	0.0	0.0	0.0	0.0	0.0	0.0	0.0	0.0	2.3638332	47.364788	278.57886	52.921726	264.4116	0.0	130.32664	0.0	0.0	198.74353	0.0	0.0	0.0	0.0	0.0	0.0	0.0	10.9242935	0.0	0.0	163.07649	0.0	0.0	0.0	0.0	0.0	0.0	0.0	28.072515	0.0	0.0	0.0	0.0	0.0	229.91536	0.0	89.39014	0.0	39.10744	0.0	0.0	0.0	0.0	0.0	0.0	0.0	0.0	0.0	97.0239	41.058334	0.0	4.6316094	0.0	0.0	98.21438	0.0	0.0	177.91858	0.0	17.719744	0.0	0.0	0.0	140.40865	23.789259	11.471927	107.57297	0.0	0.0	97.88308	50.521393	0.0	218.33492	0.0	0.0	0.0	149.2254	178.3348	0.0	0.0	84.91269	0.0	0.0	0.0	98.23356	58.4906	0.0	0.0	40.40233	0.0	0.0	0.0	244.47046	295.88586	102.94159	0.0	0.0	0.0	0.20541139	0.0	168.60286	182.44695	0.0	0.0	5.5178638	0.0	0.0	0.0	0.0	0.0	164.14632	2.9865873	0.0	0.0	0.0	0.0
0.0	11.077377	0.0	235.87146	0.0	0.0	0.0	0.0	0.0	0.0	0.0	0.0	2.8300495	47.815414	286.42343	53.998	271.37756	0.0	133.49599	0.0	0.0	203.89513	0.0	0.0	0.0	0.0	0.0	0.0	0.0	11.672032	0.0	0.0	167.18404	0.0	0.0	0.0	0.0	0.0	0.0	0.0	28.851625	0.0	0.0	0.0	0.0	0.0	235.61823	0.0	91.94874	0.0	40.184483	0.0	0.0	0.0	0.0	0.0	0.0	0.0	0.0	0.0	99.89728	41.927258	0.0	4.650883	0.0	0.0	101.34686	0.0	0.0	182.86858	0.0	18.708366	0.0	0.0	0.0	144.16663	25.15647	11.29407	110.0758	0.0	0.0	100.269585	51.386234	0.0	224.18437	0.0	0.0	0.0	152.27814	183.70665	0.0	0.0	86.77469	0.0	0.0	0.0	101.08294	60.153072	0.0	0.0	41.91218	0.0	0.0	0.0	250.4261	304.3943	105.37263	0.0	0.0	0.0	0.48075274	0.0	172.48094	186.97377	0.0	0.0	5.083794	0.0	0.0	0.0	0.0	0.0	168.3297	4.387631	0.0	0.0	0.0	0.0
0.0	11.201282	0.0	223.78499	0.0	0.0	0.0	0.0	0.0	0.0	0.0	0.0	2.0025928	46.74094	272.36792	52.03407	258.4734	0.0	127.51892	0.0	0.0	194.1324	0.0	0.0	0.0	0.0	0.0	0.0	0.0	10.504317	0.0	0.0	159.31422	0.0	0.0	0.0	0.0	0.0	0.0	0.0	27.486755	0.0	0.0	0.0	0.0	0.0	224.72137	0.0	87.322075	0.0	38.271713	0.0	0.0	0.0	0.0	0.0	0.0	0.0	0.0	0.0	94.40851	40.067673	0.0	4.685042	0.0	0.0	95.585144	0.0	0.0	173.70978	0.0	17.1084	0.0	0.0	0.0	137.13014	22.990107	11.4349785	105.24209	0.0	0.0	95.47439	49.548817	0.0	213.30005	0.0	0.0	0.0	146.15266	173.84273	0.0	0.0	83.20813	0.0	0.0	0.0	95.74827	57.382618	0.0	0.0	39.508305	0.0	0.0	0.0	239.0783	288.87723	100.903046	0.0	0.0	0.0	0.05780137	0.0	164.91127	178.04314	0.0	0.0	5.710339	0.0	0.0	0.0	0.0	0.0	160.20522	2.1833808	0.0	0.0	0.0	0.0
0.0	11.151268	0.0	226.92352	0.0	0.0	0.0	0.0	0.0	0.0	0.0	0.0	2.2675889	47.166218	275.87585	52.578293	261.76276	0.0	128.98285	0.0	0.0	196.6936	0.0	0.0	0.0	0.0	0.0	0.0	0.0	10.795197	0.0	0.0	161.22185	0.0	0.0	0.0	0.0	0.0	0.0	0.0	27.91147	0.0	0.0	0.0	0.0	0.0	227.42334	0.0	88.573296	0.0	38.68112	0.0	0.0	0.0	0.0	0.0	0.0	0.0	0.0	0.0	95.778725	40.64054	0.0	4.8254204	0.0	0.0	96.9163	0.0	0.0	176.06447	0.0	17.51785	0.0	0.0	0.0	139.00801	23.462656	11.371545	106.44474	0.0	0.0	96.50528	49.997692	0.0	216.1975	0.0	0.0	0.0	147.67767	176.40083	0.0	0.0	84.14164	0.0	0.0	0.0	97.1724	58.07815	0.0	0.0	39.967148	0.0	0.0	0.0	241.85805	292.8257	102.02122	0.0	0.0	0.0	0.2447441	0.0	166.89262	180.36732	0.0	0.0	5.472961	0.0	0.0	0.0	0.0	0.0	162.3458	2.7265987	0.0	0.0	0.0	0.0
0.0	11.190426	0.0	225.78377	0.0	0.0	0.0	0.0	0.0	0.0	0.0	0.0	2.1647015	47.13853	274.6191	52.5455	260.5779	0.0	128.49263	0.0	0.0	195.75383	0.0	0.0	0.0	0.0	0.0	0.0	0.0	10.558924	0.0	0.0	160.66602	0.0	0.0	0.0	0.0	0.0	0.0	0.0	27.812775	0.0	0.0	0.0	0.0	0.0	226.58325	0.0	88.05956	0.0	38.521374	0.0	0.0	0.0	0.0	0.0	0.0	0.0	0.0	0.0	95.30747	40.443497	0.0	4.641812	0.0	0.0	96.33781	0.0	0.0	175.22754	0.0	17.394089	0.0	0.0	0.0	138.41478	23.176046	11.603737	106.03726	0.0	0.0	96.20762	49.95373	0.0	215.18285	0.0	0.0	0.0	147.3138	175.45198	0.0	0.0	83.93095	0.0	0.0	0.0	96.64059	57.840046	0.0	0.0	39.909874	0.0	0.0	0.0	240.88805	291.41748	101.76998	0.0	0.0	0.0	0.19594777	0.0	166.21265	179.5551	0.0	0.0	5.715153	0.0	0.0	0.0	0.0	0.0	161.58247	2.4659956	0.0	0.0	0.0	0.0
0.0	11.024524	0.0	236.17322	0.0	0.0	0.0	0.0	0.0	0.0	0.0	0.0	2.652439	47.86993	286.723	53.976734	271.53802	0.0	133.58171	0.0	0.0	204.04097	0.0	0.0	0.0	0.0	0.0	0.0	0.0	11.594148	0.0	0.0	167.48083	0.0	0.0	0.0	0.0	0.0	0.0	0.0	28.962158	0.0	0.0	0.0	0.0	0.0	235.97144	0.0	92.08816	0.0	40.24598	0.0	0.0	0.0	0.0	0.0	0.0	0.0	0.0	0.0	100.14782	42.159786	0.0	4.5332017	0.0	0.0	101.65228	0.0	0.0	183.01665	0.0	18.706497	0.0	0.0	0.0	144.50885	25.166105	11.330367	110.06762	0.0	0.0	100.463264	51.149185	0.0	224.48065	0.0	0.0	0.0	152.58617	184.11676	0.0	0.0	86.934425	0.0	0.0	0.0	101.090485	60.287888	0.0	0.0	41.94312	0.0	0.0	0.0	250.8457	304.7764	105.37836	0.0	0.0	0.0	0.3454356	0.0	172.54828	187.35266	0.0	0.0	5.0793247	0.0	0.0	0.0	0.0	0.0	168.61775	4.5234675	0.0	0.0	0.0	0.0
0.0	11.048295	0.23186912	244.69806	0.0	0.0	0.0	0.0	0.0	0.0	0.0	0.0	2.8565464	48.013733	296.73926	55.15102	280.33084	0.0	137.69316	0.0	0.0	210.28859	0.0	0.0	0.0	0.0	0.0	0.0	0.0	12.555377	0.0	0.0	172.8922	0.0	0.0	0.04871933	0.0	0.0	0.0	0.0	30.179861	0.0	0.0	0.0	0.0	0.0	242.7757	0.0	95.11828	0.0	41.582905	0.0	0.0	0.0	0.0	0.0	0.0	0.0	0.0	0.0	103.709656	43.14641	0.0	4.66794	0.0	0.0	106.17471	0.0	0.0	189.39522	0.0	19.898409	0.0	0.0	0.0	149.58452	26.789892	10.937495	113.28004	0.0	0.0	103.645355	52.464283	0.0	231.84966	0.0	0.0	0.0	156.44499	190.87068	0.0	0.0	89.17321	0.0	0.0	0.0	104.7511	62.279877	0.0	0.0	43.70667	0.0	0.0	0.0	258.4242	315.18344	108.39683	0.0	0.0	0.0	0.66592103	0.0	177.47783	193.15424	0.0	0.0	4.0901337	0.0	0.0	0.0	0.04386404	0.0	174.18727	5.859297	0.0	0.0	0.0	0.0
0.0	11.243342	0.0	228.83784	0.0	0.0	0.0	0.0	0.0	0.0	0.0	0.0	2.3258507	47.256313	278.2753	53.013103	263.8788	0.0	130.06691	0.0	0.0	198.14153	0.0	0.0	0.0	0.0	0.0	0.0	0.0	10.958819	0.0	0.0	162.73259	0.0	0.0	0.0	0.0	0.0	0.0	0.0	28.073097	0.0	0.0	0.0	0.0	0.0	229.25414	0.0	89.19694	0.0	38.964634	0.0	0.0	0.0	0.0	0.0	0.0	0.0	0.0	0.0	96.60093	40.87109	0.0	4.74952	0.0	0.0	98.00344	0.0	0.0	177.57771	0.0	17.773085	0.0	0.0	0.0	140.17433	23.806002	11.454968	107.2652	0.0	0.0	97.490204	50.437878	0.0	217.96117	0.0	0.0	0.0	148.87389	177.95912	0.0	0.0	84.73957	0.0	0.0	0.0	97.883484	58.54842	0.0	0.0	40.453625	0.0	0.0	0.0	243.77922	295.3884	102.88685	0.0	0.0	0.0	0.23660164	0.0	168.24185	181.87927	0.0	0.0	5.4156547	0.0	0.0	0.0	0.0	0.0	163.71106	3.038636	0.0	0.0	0.0	0.0
0.0	11.03353	0.0	227.62358	0.0	0.0	0.0	0.0	0.0	0.0	0.0	0.0	2.0573566	47.150925	276.67386	52.805775	262.48782	0.0	129.47481	0.0	0.0	197.05742	0.0	0.0	0.0	0.0	0.0	0.0	0.0	10.623356	0.0	0.0	161.94188	0.0	0.0	0.0	0.0	0.0	0.0	0.0	27.990686	0.0	0.0	0.0	0.0	0.0	228.25269	0.0	88.48544	0.0	38.60995	0.0	0.0	0.0	0.0	0.0	0.0	0.0	0.0	0.0	96.25283	40.71554	0.0	4.6495	0.0	0.0	97.37087	0.0	0.0	176.5443	0.0	17.74481	0.0	0.0	0.0	139.26399	23.422434	11.534398	106.451866	0.0	0.0	96.94241	50.056046	0.0	216.58391	0.0	0.0	0.0	148.30725	176.96281	0.0	0.0	84.257614	0.0	0.0	0.0	97.12576	58.265045	0.0	0.0	40.28343	0.0	0.0	0.0	242.30737	293.4129	102.15576	0.0	0.0	0.0	0.1597609	0.0	167.44148	181.07674	0.0	0.0	5.400184	0.0	0.0	0.0	0.0	0.0	162.76111	2.5075815	0.0	0.0	0.0	0.0
0.0	11.367143	0.0	227.94841	0.0	0.0	0.0	0.0	0.0	0.0	0.0	0.0	2.1716754	47.225037	277.2835	52.956665	263.29605	0.0	129.79552	0.0	0.0	197.52705	0.0	0.0	0.0	0.0	0.0	0.0	0.0	10.704183	0.0	0.0	162.20213	0.0	0.0	0.0	0.0	0.0	0.0	0.0	28.044882	0.0	0.0	0.0	0.0	0.0	228.65385	0.0	88.69647	0.0	38.8014	0.0	0.0	0.0	0.0	0.0	0.0	0.0	0.0	0.0	96.445045	40.980038	0.0	4.67611	0.0	0.0	97.49484	0.0	0.0	176.87	0.0	17.673029	0.0	0.0	0.0	139.6805	23.439924	11.603223	106.897125	0.0	0.0	97.32019	50.54131	0.0	217.14325	0.0	0.0	0.0	148.56482	177.13417	0.0	0.0	84.60732	0.0	0.0	0.0	97.47309	58.374165	0.0	0.0	40.43071	0.0	0.0	0.0	242.83496	294.15347	102.43874	0.0	0.0	0.0	0.17291526	0.0	167.77148	181.32063	0.0	0.0	5.724569	0.0	0.0	0.0	0.0	0.0	163.07722	2.6696196	0.0	0.0	0.0	0.0
0.0	11.052398	0.0	238.09143	0.0	0.0	0.0	0.0	0.0	0.0	0.0	0.0	2.4881942	48.047043	288.99796	54.210438	273.41544	0.0	134.54936	0.0	0.0	205.65865	0.0	0.0	0.0	0.0	0.0	0.0	0.0	11.790536	0.0	0.0	168.83067	0.0	0.0	0.0	0.0	0.0	0.0	0.0	29.30027	0.0	0.0	0.0	0.0	0.0	237.4873	0.0	92.89685	0.0	40.696175	0.0	0.0	0.0	0.0	0.0	0.0	0.0	0.0	0.0	100.812035	42.28579	0.0	4.659987	0.0	0.0	102.48752	0.0	0.0	184.57753	0.0	18.87998	0.0	0.0	0.0	145.8082	25.554085	11.324571	110.90857	0.0	0.0	101.15682	51.69673	0.0	226.47392	0.0	0.0	0.0	153.56429	185.86517	0.0	0.0	87.436584	0.0	0.0	0.0	102.07752	60.60248	0.0	0.0	42.15817	0.0	0.0	0.0	252.84961	307.19205	106.381325	0.0	0.0	0.0	0.399459	0.0	173.77086	188.76323	0.0	0.0	4.743379	0.0	0.0	0.0	0.0	0.0	170.01595	4.589127	0.0	0.0	0.0	0.0
0.0	11.080455	0.22588466	243.9043	0.0	0.0	0.0	0.0	0.0	0.0	0.0	0.0	2.6979249	48.27048	295.8584	55.363735	279.63275	0.0	137.36676	0.0	0.0	209.83131	0.0	0.0	0.0	0.0	0.0	0.0	0.0	12.311109	0.0	0.0	172.61311	0.0	0.0	0.0	0.0	0.0	0.0	0.0	29.871408	0.0	0.0	0.0	0.0	0.0	242.14766	0.0	94.901924	0.0	41.59328	0.0	0.0	0.0	0.0	0.0	0.0	0.0	0.0	0.0	103.13683	42.722866	0.0	4.6937127	0.0	0.0	105.743225	0.0	0.0	188.85767	0.0	19.756882	0.0	0.0	0.0	149.14594	26.482468	11.081421	113.0686	0.0	0.0	103.39449	52.37053	0.0	231.24312	0.0	0.0	0.0	156.31236	190.28973	0.0	0.0	89.09054	0.0	0.0	0.0	104.340065	62.212982	0.0	0.0	43.4673	0.0	0.0	0.0	257.85068	314.28625	108.29934	0.0	0.0	0.0	0.5450682	0.0	177.31653	192.7343	0.0	0.0	4.1325946	0.0	0.0	0.0	0.0	0.0	173.62836	5.431116	0.0	0.0	0.0	0.0
0.0	11.166814	0.0	228.89906	0.0	0.0	0.0	0.0	0.0	0.0	0.0	0.0	2.2975426	47.484085	278.5093	53.118	264.08545	0.0	130.18414	0.0	0.0	198.27985	0.0	0.0	0.0	0.0	0.0	0.0	0.0	10.790936	0.0	0.0	162.87341	0.0	0.0	0.0	0.0	0.0	0.0	0.0	28.267944	0.0	0.0	0.0	0.0	0.0	229.66206	0.0	89.17515	0.0	38.847076	0.0	0.0	0.0	0.0	0.0	0.0	0.0	0.0	0.0	96.684425	41.00261	0.0	4.7442594	0.0	0.0	97.9105	0.0	0.0	177.56401	0.0	17.705462	0.0	0.0	0.0	140.19566	23.651602	11.536365	107.26321	0.0	0.0	97.50232	50.43813	0.0	218.02283	0.0	0.0	0.0	149.2191	177.96367	0.0	0.0	84.86251	0.0	0.0	0.0	97.715965	58.66061	0.0	0.0	40.565826	0.0	0.0	0.0	244.09383	295.2686	102.910126	0.0	0.0	0.0	0.23827882	0.0	168.46906	181.91528	0.0	0.0	5.695168	0.0	0.0	0.0	0.0	0.0	163.79524	2.8639746	0.0	0.0	0.0	0.0
0.0	11.279292	0.0	226.81822	0.0	0.0	0.0	0.0	0.0	0.0	0.0	0.0	1.9168631	47.241093	276.08585	53.008183	261.94022	0.0	129.19682	0.0	0.0	196.27882	0.0	0.0	0.0	0.0	0.0	0.0	0.0	10.37844	0.0	0.0	161.76659	0.0	0.0	0.0	0.0	0.0	0.0	0.0	27.974287	0.0	0.0	0.0	0.0	0.0	227.83775	0.0	87.95795	0.0	38.30407	0.0	0.0	0.0	0.0	0.0	0.0	0.0	0.0	0.0	95.87287	40.58864	0.0	4.648228	0.0	0.0	97.02352	0.0	0.0	176.01068	0.0	17.568258	0.0	0.0	0.0	139.0888	22.986746	11.636524	106.09144	0.0	0.0	96.73212	50.090534	0.0	215.88759	0.0	0.0	0.0	148.30714	176.16054	0.0	0.0	84.23008	0.0	0.0	0.0	96.48946	58.212444	0.0	0.0	40.387936	0.0	0.0	0.0	241.76674	292.32812	101.98001	0.0	0.0	0.0	0.07826086	0.0	167.2311	180.61626	0.0	0.0	5.7403617	0.0	0.0	0.0	0.0	0.0	162.28816	2.2264185	0.0	0.0	0.0	0.0
0.0	11.135222	0.0	226.82275	0.0	0.0	0.0	0.0	0.0	0.0	0.0	0.0	2.097686	47.53863	275.67892	52.83138	261.943	0.0	129.11	0.0	0.0	196.81665	0.0	0.0	0.0	0.0	0.0	0.0	0.0	10.561503	0.0	0.0	161.32677	0.0	0.0	0.0	0.0	0.0	0.0	0.0	27.829657	0.0	0.0	0.0	0.0	0.0	227.77283	0.0	88.475464	0.0	38.612682	0.0	0.0	0.0	0.0	0.0	0.0	0.0	0.0	0.0	95.59675	40.68643	0.0	4.853596	0.0	0.0	96.65192	0.0	0.0	175.95876	0.0	17.327024	0.0	0.0	0.0	138.89185	23.222717	11.577923	106.53127	0.0	0.0	96.58753	50.249863	0.0	216.07686	0.0	0.0	0.0	148.04506	176.0298	0.0	0.0	84.24552	0.0	0.0	0.0	97.033104	57.982025	0.0	0.0	39.88705	0.0	0.0	0.0	242.01347	292.5418	102.15513	0.0	0.0	0.0	0.17595653	0.0	167.2666	180.39925	0.0	0.0	5.813207	0.0	0.0	0.0	0.0	0.0	162.34567	2.1177287	0.0	0.0	0.0	0.0
0.0	11.220193	0.0	236.59956	0.0	0.0	0.0	0.0	0.0	0.0	0.0	0.0	2.6951542	47.8891	287.37646	53.932217	271.9365	0.0	133.92632	0.0	0.0	204.42952	0.0	0.0	0.0	0.0	0.0	0.0	0.0	11.782926	0.0	0.0	167.8411	0.0	0.0	0.0	0.0	0.0	0.0	0.0	29.10562	0.0	0.0	0.0	0.0	0.0	236.2137	0.0	92.37626	0.0	40.567165	0.0	0.0	0.0	0.0	0.0	0.0	0.0	0.0	0.0	100.10934	42.063107	0.0	4.6467004	0.0	0.0	101.86295	0.0	0.0	183.448	0.0	18.665117	0.0	0.0	0.0	144.99278	25.307787	11.416008	110.544075	0.0	0.0	100.580956	51.302082	0.0	225.19731	0.0	0.0	0.0	152.78044	184.57428	0.0	0.0	87.17416	0.0	0.0	0.0	101.53223	60.237488	0.0	0.0	41.797516	0.0	0.0	0.0	251.47917	305.5392	105.84131	0.0	0.0	0.0	0.35776022	0.0	172.83376	187.69234	0.0	0.0	4.808822	0.0	0.0	0.0	0.0	0.0	169.0117	4.5859303	0.0	0.0	0.0	0.0
0.0	10.948117	0.048627432	243.11278	0.0	0.0	0.0	0.0	0.0	0.0	0.0	0.0	2.9334538	48.2628	294.588	54.952946	278.75082	0.0	137.01038	0.0	0.0	209.37798	0.0	0.0	0.0	0.0	0.0	0.0	0.0	12.30219	0.0	0.0	171.77315	0.0	0.0	0.06222336	0.0	0.0	0.0	0.0	29.89956	0.0	0.0	0.0	0.0	0.0	241.52977	0.0	94.6113	0.0	41.416775	0.0	0.0	0.0	0.0	0.0	0.0	0.0	0.0	0.0	102.96808	42.950047	0.0	4.667298	0.0	0.0	104.97632	0.0	0.0	188.15941	0.0	19.65965	0.0	0.0	0.0	148.28859	26.425222	11.073894	112.86498	0.0	0.0	103.14505	52.333694	0.0	230.46996	0.0	0.0	0.0	155.88466	189.53583	0.0	0.0	88.73126	0.0	0.0	0.0	104.09632	61.792446	0.0	0.0	43.272457	0.0	0.0	0.0	257.0563	313.0995	107.91736	0.0	0.0	0.0	0.60896665	0.0	176.65834	192.0761	0.0	0.0	4.2806773	0.0	0.0	0.0	0.0	0.0	173.1353	5.341585	0.0	0.0	0.0	0.0
0.0	11.231368	0.0	227.97424	0.0	0.0	0.0	0.0	0.0	0.0	0.0	0.0	2.2426994	47.322372	277.20255	52.734364	263.0952	0.0	129.54895	0.0	0.0	197.59157	0.0	0.0	0.0	0.0	0.0	0.0	0.0	10.742072	0.0	0.0	162.26628	0.0	0.0	0.0	0.0	0.0	0.0	0.0	28.249815	0.0	0.0	0.0	0.0	0.0	228.65459	0.0	88.840675	0.0	38.792294	0.0	0.0	0.0	0.0	0.0	0.0	0.0	0.0	0.0	96.2666	40.897488	0.0	4.8700814	0.0	0.0	97.355255	0.0	0.0	176.91368	0.0	17.495996	0.0	0.0	0.0	139.85138	23.497398	11.5280905	106.99845	0.0	0.0	97.116005	50.544285	0.0	217.32057	0.0	0.0	0.0	148.7416	177.15851	0.0	0.0	84.53055	0.0	0.0	0.0	97.6059	58.233356	0.0	0.0	40.23567	0.0	0.0	0.0	243.24408	294.03757	102.6804	0.0	0.0	0.0	0.1871746	0.0	167.81638	181.28607	0.0	0.0	5.6396585	0.0	0.0	0.0	0.0	0.0	163.25063	2.4947236	0.0	0.0	0.0	0.0
0.0	11.256276	0.0	224.91881	0.0	0.0	0.0	0.0	0.0	0.0	0.0	0.0	2.0295563	46.961452	273.77704	52.492313	259.87573	0.0	128.36328	0.0	0.0	194.85725	0.0	0.0	0.0	0.0	0.0	0.0	0.0	10.2789755	0.0	0.0	160.2729	0.0	0.0	0.0	0.0	0.0	0.0	0.0	27.66757	0.0	0.0	0.0	0.0	0.0	226.13591	0.0	87.36161	0.0	38.03799	0.0	0.0	0.0	0.0	0.0	0.0	0.0	0.0	0.0	95.138245	40.565323	0.0	4.353414	0.0	0.0	96.13056	0.0	0.0	174.46614	0.0	17.31555	0.0	0.0	0.0	137.72516	22.790903	11.777859	105.507996	0.0	0.0	96.12374	49.710876	0.0	214.2259	0.0	0.0	0.0	147.19344	174.68077	0.0	0.0	83.68676	0.0	0.0	0.0	95.8218	57.70046	0.0	0.0	40.05727	0.0	0.0	0.0	240.02832	290.03378	101.14792	0.0	0.0	0.0	0.07954006	0.0	165.78734	179.07375	0.0	0.0	5.9489098	0.0	0.0	0.0	0.0	0.0	160.96208	2.1186447	0.0	0.0	0.0	0.0
0.0	11.257027	0.0	225.96764	0.0	0.0	0.0	0.0	0.0	0.0	0.0	0.0	2.249787	47.362003	274.73865	52.447723	260.99866	0.0	128.52422	0.0	0.0	196.28033	0.0	0.0	0.0	0.0	0.0	0.0	0.0	10.777153	0.0	0.0	160.68697	0.0	0.0	0.0	0.0	0.0	0.0	0.0	27.883936	0.0	0.0	0.0	0.0	0.0	226.7878	0.0	88.36793	0.0	38.697292	0.0	0.0	0.0	0.0	0.0	0.0	0.0	0.0	0.0	95.262115	40.54594	0.0	4.869661	0.0	0.0	96.16396	0.0	0.0	175.42647	0.0	17.230782	0.0	0.0	0.0	138.50323	23.168556	11.5466385	106.37936	0.0	0.0	96.135826	50.102478	0.0	215.51283	0.0	0.0	0.0	147.4782	175.59651	0.0	0.0	84.05587	0.0	0.0	0.0	96.95571	57.841846	0.0	0.0	39.580235	0.0	0.0	0.0	241.33154	291.77814	102.0556	0.0	0.0	0.0	0.22816162	0.0	166.57149	179.73528	0.0	0.0	5.72777	0.0	0.0	0.0	0.0	0.0	161.87642	2.2955658	0.0	0.0	0.0	0.0
0.0	11.382258	0.0	233.13403	0.0	0.0	0.0	0.0	0.0	0.0	0.0	0.0	2.5861232	47.67369	283.36853	53.201527	268.27588	0.0	132.23956	0.0	0.0	201.9889	0.0	0.0	0.0	0.0	0.0	0.0	0.0	11.601905	0.0	0.0	165.37038	0.0	0.0	0.0	0.0	0.0	0.0	0.0	28.921463	0.0	0.0	0.0	0.0	0.0	233.10005	0.0	91.264595	0.0	40.015697	0.0	0.0	0.0	0.0	0.0	0.0	0.0	0.0	0.0	98.363495	41.851307	0.0	4.7052407	0.0	0.0	99.91447	0.0	0.0	180.83942	0.0	18.062277	0.0	0.0	0.0	142.92317	24.878098	11.394282	109.34043	0.0	0.0	99.10447	51.073933	0.0	222.45898	0.0	0.0	0.0	150.83679	181.83891	0.0	0.0	86.17092	0.0	0.0	0.0	100.21453	59.301044	0.0	0.0	40.925396	0.0	0.0	0.0	248.54993	301.1736	104.71882	0.0	0.0	0.0	0.37810814	0.0	170.68	184.92476	0.0	0.0	5.0938835	0.0	0.0	0.0	0.0	0.0	166.85097	3.8584669	0.0	0.0	0.0	0.0
0.0	11.253635	0.0	243.48418	0.0	0.0	0.0	0.0	0.0	0.0	0.0	0.0	2.918639	47.20778	296.15027	54.46397	279.21365	0.0	137.72374	0.0	0.0	209.14656	0.0	0.0	0.0	0.0	0.0	0.0	0.0	12.138986	0.0	0.0	172.36699	0.0	0.0	0.38108245	0.0	0.0	0.0	0.0	30.317713	0.0	0.0	0.0	0.0	0.0	242.36107	0.0	94.0242	0.0	41.413364	0.0	0.0	0.0	0.0	0.0	0.0	0.0	0.0	0.0	104.02081	43.921417	0.0	3.8875926	0.0	0.0	105.85855	0.0	0.0	188.30598	0.0	19.952711	0.0	0.0	0.0	148.58757	26.705109	11.2118635	112.52054	0.0	0.0	103.75919	51.95831	0.0	230.93184	0.0	0.0	0.0	155.95961	190.74019	0.0	0.0	88.82816	0.0	0.0	0.0	103.34732	62.515408	0.0	0.0	44.516834	0.0	0.0	0.0	257.42078	313.6997	106.95185	0.0	0.0	0.0	0.40424073	0.0	176.02187	192.45628	0.0	0.0	4.2014594	0.0	0.0	0.0	0.019242555	0.0	173.56218	6.22064	0.0	0.0	0.0	0.0
0.0	11.271594	0.0	221.56122	0.0	0.0	0.0	0.0	0.0	0.0	0.0	0.0	1.9949799	46.172607	270.0303	51.696274	256.225	0.0	126.56299	0.0	0.0	191.99243	0.0	0.0	0.0	0.0	0.0	0.0	0.0	10.0792	0.0	0.0	158.11961	0.0	0.0	0.0	0.0	0.0	0.0	0.0	27.306711	0.0	0.0	0.0	0.0	0.0	222.87877	0.0	86.03188	0.0	37.739544	0.0	0.0	0.0	0.0	0.0	0.0	0.0	0.0	0.0	93.83437	40.00185	0.0	4.345367	0.0	0.0	94.81305	0.0	0.0	171.9565	0.0	16.988207	0.0	0.0	0.0	135.77948	22.448263	11.631888	104.07955	0.0	0.0	94.84446	48.908524	0.0	211.09993	0.0	0.0	0.0	145.18001	172.16534	0.0	0.0	82.52639	0.0	0.0	0.0	94.33364	57.15739	0.0	0.0	39.51535	0.0	0.0	0.0	236.68706	285.99393	99.701744	0.0	0.0	0.0	0.0	0.0	163.37677	176.51598	0.0	0.0	5.85574	0.0	0.0	0.0	0.0	0.0	158.62825	1.977889	0.0	0.0	0.0	0.0
0.0	11.156875	0.0	222.95805	0.0	0.0	0.0	0.0	0.0	0.0	0.0	0.0	2.0251667	46.432358	271.48593	51.789562	257.63104	0.0	127.170044	0.0	0.0	193.34705	0.0	0.0	0.0	0.0	0.0	0.0	0.0	10.34185	0.0	0.0	158.78584	0.0	0.0	0.0	0.0	0.0	0.0	0.0	27.423058	0.0	0.0	0.0	0.0	0.0	224.04964	0.0	86.75312	0.0	38.00069	0.0	0.0	0.0	0.0	0.0	0.0	0.0	0.0	0.0	94.354126	40.14919	0.0	4.481863	0.0	0.0	95.27936	0.0	0.0	173.09767	0.0	17.15749	0.0	0.0	0.0	136.49919	22.900782	11.565479	104.75446	0.0	0.0	95.28562	49.19041	0.0	212.41223	0.0	0.0	0.0	145.74707	173.36462	0.0	0.0	82.90975	0.0	0.0	0.0	95.238304	57.378605	0.0	0.0	39.566147	0.0	0.0	0.0	238.02873	287.90527	100.31785	0.0	0.0	0.0	0.0	0.0	164.21468	177.54529	0.0	0.0	5.655496	0.0	0.0	0.0	0.0	0.0	159.6367	2.2068133	0.0	0.0	0.0	0.0
0.0	11.232918	0.0	223.27803	0.0	0.0	0.0	0.0	0.0	0.0	0.0	0.0	2.1413262	46.368656	271.93015	51.83192	257.95004	0.0	127.180214	0.0	0.0	193.43886	0.0	0.0	0.0	0.0	0.0	0.0	0.0	10.457095	0.0	0.0	159.0537	0.0	0.0	0.0	0.0	0.0	0.0	0.0	27.680122	0.0	0.0	0.0	0.0	0.0	224.3871	0.0	86.84485	0.0	38.012444	0.0	0.0	0.0	0.0	0.0	0.0	0.0	0.0	0.0	94.443306	40.209225	0.0	4.48073	0.0	0.0	95.46549	0.0	0.0	173.29988	0.0	17.178923	0.0	0.0	0.0	137.0199	22.847404	11.506606	104.81251	0.0	0.0	95.30613	49.23157	0.0	212.78912	0.0	0.0	0.0	145.85309	173.56401	0.0	0.0	83.05201	0.0	0.0	0.0	95.27592	57.370667	0.0	0.0	39.683228	0.0	0.0	0.0	238.33643	288.13028	100.37716	0.0	0.0	0.0	0.0	0.0	164.36365	177.69273	0.0	0.0	5.6973267	0.0	0.0	0.0	0.0	0.0	159.92647	2.2931304	0.0	0.0	0.0	0.0
0.0	11.305062	0.0	223.96468	0.0	0.0	0.0	0.0	0.0	0.0	0.0	0.0	2.1523933	46.567844	272.69284	52.105392	258.81766	0.0	127.914894	0.0	0.0	194.1825	0.0	0.0	0.0	0.0	0.0	0.0	0.0	10.458019	0.0	0.0	159.63115	0.0	0.0	0.0	0.0	0.0	0.0	0.0	27.55349	0.0	0.0	0.0	0.0	0.0	225.06715	0.0	87.13372	0.0	38.146103	0.0	0.0	0.0	0.0	0.0	0.0	0.0	0.0	0.0	94.665565	40.375584	0.0	4.41415	0.0	0.0	95.83102	0.0	0.0	173.87102	0.0	17.182804	0.0	0.0	0.0	137.19255	22.975435	11.653243	105.24215	0.0	0.0	95.71281	49.502228	0.0	213.47089	0.0	0.0	0.0	146.30354	174.04985	0.0	0.0	83.338875	0.0	0.0	0.0	95.643105	57.468548	0.0	0.0	39.637882	0.0	0.0	0.0	239.08543	289.19904	100.72364	0.0	0.0	0.0	0.06299699	0.0	165.02287	178.32607	0.0	0.0	5.675281	0.0	0.0	0.0	0.0	0.0	160.32413	2.4291353	0.0	0.0	0.0	0.0
0.0	11.162791	0.0	237.20546	0.0	0.0	0.0	0.0	0.0	0.0	0.0	0.0	2.990102	46.900394	288.63998	53.947002	272.97327	0.0	134.38231	0.0	0.0	204.38478	0.0	0.0	0.0	0.0	0.0	0.0	0.0	11.791256	0.0	0.0	168.37047	0.0	0.0	0.1170749	0.0	0.0	0.0	0.0	29.23997	0.0	0.0	0.0	0.0	0.0	236.89125	0.0	92.065285	0.0	40.590847	0.0	0.0	0.0	0.0	0.0	0.0	0.0	0.0	0.0	100.97268	42.466496	0.0	4.278302	0.0	0.0	102.766685	0.0	0.0	183.74773	0.0	19.009508	0.0	0.0	0.0	145.11566	25.490713	11.346368	110.38047	0.0	0.0	101.26538	51.05785	0.0	225.19618	0.0	0.0	0.0	152.95134	185.01501	0.0	0.0	87.00997	0.0	0.0	0.0	101.216835	61.02141	0.0	0.0	42.75655	0.0	0.0	0.0	251.17883	306.2899	105.15078	0.0	0.0	0.0	0.24415378	0.0	172.93994	188.04662	0.0	0.0	4.846058	0.0	0.0	0.0	0.0	0.0	169.19298	5.2140594	0.0	0.0	0.0	0.0
0.0	11.186872	0.0	225.14197	0.0	0.0	0.0	0.0	0.0	0.0	0.0	0.0	2.0080974	46.59317	274.12766	52.37456	260.0717	0.0	128.3421	0.0	0.0	194.89905	0.0	0.0	0.0	0.0	0.0	0.0	0.0	10.358148	0.0	0.0	160.50908	0.0	0.0	0.0	0.0	0.0	0.0	0.0	27.730661	0.0	0.0	0.0	0.0	0.0	226.28838	0.0	87.2622	0.0	38.174595	0.0	0.0	0.0	0.0	0.0	0.0	0.0	0.0	0.0	95.51769	40.60794	0.0	4.3645854	0.0	0.0	96.407814	0.0	0.0	174.62054	0.0	17.506441	0.0	0.0	0.0	137.83449	22.937155	11.650096	105.37536	0.0	0.0	96.159645	49.5826	0.0	214.38652	0.0	0.0	0.0	147.24562	175.04109	0.0	0.0	83.59663	0.0	0.0	0.0	95.77561	57.90384	0.0	0.0	40.16553	0.0	0.0	0.0	239.92937	290.42517	100.92603	0.0	0.0	0.0	0.0	0.0	165.67705	179.36646	0.0	0.0	5.6569905	0.0	0.0	0.0	0.0	0.0	161.14413	2.282862	0.0	0.0	0.0	0.0
0.0	11.1909075	0.0	222.38689	0.0	0.0	0.0	0.0	0.0	0.0	0.0	0.0	2.0777085	46.331345	270.97287	51.910736	257.13895	0.0	127.03818	0.0	0.0	192.7498	0.0	0.0	0.0	0.0	0.0	0.0	0.0	10.222577	0.0	0.0	158.6095	0.0	0.0	0.0	0.0	0.0	0.0	0.0	27.257942	0.0	0.0	0.0	0.0	0.0	223.69417	0.0	86.295906	0.0	37.708546	0.0	0.0	0.0	0.0	0.0	0.0	0.0	0.0	0.0	94.0803	40.159245	0.0	4.3350697	0.0	0.0	95.12913	0.0	0.0	172.57977	0.0	17.147064	0.0	0.0	0.0	136.03535	22.52385	11.61513	104.373055	0.0	0.0	95.101234	49.062603	0.0	211.77734	0.0	0.0	0.0	145.6452	172.75713	0.0	0.0	82.76922	0.0	0.0	0.0	94.65467	57.39107	0.0	0.0	39.61935	0.0	0.0	0.0	237.36696	287.03824	99.876015	0.0	0.0	0.0	0.0	0.0	163.92046	177.10313	0.0	0.0	5.839708	0.0	0.0	0.0	0.0	0.0	159.1587	2.0572689	0.0	0.0	0.0	0.0
0.0	11.194894	0.0	223.12422	0.0	0.0	0.0	0.0	0.0	0.0	0.0	0.0	2.2345073	46.13765	271.65024	51.78938	257.76657	0.0	127.33001	0.0	0.0	193.32141	0.0	0.0	0.0	0.0	0.0	0.0	0.0	10.279761	0.0	0.0	159.09975	0.0	0.0	0.0	0.0	0.0	0.0	0.0	27.4571	0.0	0.0	0.0	0.0	0.0	224.24622	0.0	86.63422	0.0	37.99985	0.0	0.0	0.0	0.0	0.0	0.0	0.0	0.0	0.0	94.593544	40.312023	0.0	4.162053	0.0	0.0	95.53134	0.0	0.0	173.05322	0.0	17.223001	0.0	0.0	0.0	136.63594	22.89083	11.63311	104.73893	0.0	0.0	95.49514	49.322495	0.0	212.64302	0.0	0.0	0.0	145.8683	173.43633	0.0	0.0	82.90002	0.0	0.0	0.0	95.21201	57.141438	0.0	0.0	39.687786	0.0	0.0	0.0	238.01582	287.94778	100.12375	0.0	0.0	0.0	0.0	0.0	164.26927	177.68646	0.0	0.0	5.721882	0.0	0.0	0.0	0.0	0.0	159.70638	2.3460207	0.0	0.0	0.0	0.0
0.0	11.235816	0.0	222.68011	0.0	0.0	0.0	0.0	0.0	0.0	0.0	0.0	2.1058254	46.278744	271.10986	51.674084	257.3931	0.0	127.099144	0.0	0.0	193.03926	0.0	0.0	0.0	0.0	0.0	0.0	0.0	10.311505	0.0	0.0	158.51857	0.0	0.0	0.0	0.0	0.0	0.0	0.0	27.446	0.0	0.0	0.0	0.0	0.0	223.92586	0.0	86.57658	0.0	37.8638	0.0	0.0	0.0	0.0	0.0	0.0	0.0	0.0	0.0	94.25286	40.3017	0.0	4.4068103	0.0	0.0	95.16015	0.0	0.0	172.71825	0.0	17.040026	0.0	0.0	0.0	136.28636	22.724442	11.537332	104.626465	0.0	0.0	95.205864	49.102783	0.0	212.12456	0.0	0.0	0.0	145.4992	173.01012	0.0	0.0	82.81458	0.0	0.0	0.0	94.95678	57.26717	0.0	0.0	39.589695	0.0	0.0	0.0	237.71657	287.30737	99.96691	0.0	0.0	0.0	0.016410634	0.0	163.98042	177.25215	0.0	0.0	5.871376	0.0	0.0	0.0	0.0	0.0	159.45555	2.2668018	0.0	0.0	0.0	0.0
0.0	11.193883	0.0	222.52415	0.0	0.0	0.0	0.0	0.0	0.0	0.0	0.0	2.076804	46.26842	271.0538	51.83492	257.382	0.0	127.017	0.0	0.0	192.88786	0.0	0.0	0.0	0.0	0.0	0.0	0.0	10.250533	0.0	0.0	158.7689	0.0	0.0	0.0	0.0	0.0	0.0	0.0	27.348602	0.0	0.0	0.0	0.0	0.0	223.93587	0.0	86.438225	0.0	37.861774	0.0	0.0	0.0	0.0	0.0	0.0	0.0	0.0	0.0	94.33289	40.08112	0.0	4.4046826	0.0	0.0	95.2001	0.0	0.0	172.7583	0.0	17.106714	0.0	0.0	0.0	136.32675	22.704473	11.614026	104.49282	0.0	0.0	95.244965	49.071377	0.0	211.8879	0.0	0.0	0.0	145.72383	172.96155	0.0	0.0	82.72811	0.0	0.0	0.0	94.7868	57.315765	0.0	0.0	39.631504	0.0	0.0	0.0	237.61316	287.28943	100.10725	0.0	0.0	0.0	0.0	0.0	164.17628	177.39319	0.0	0.0	5.8518233	0.0	0.0	0.0	0.0	0.0	159.38875	2.2026656	0.0	0.0	0.0	0.0
0.0	11.390469	0.0	222.94771	0.0	0.0	8.402517e-05	0.0	0.0	0.0	0.0	0.0	2.106261	46.32227	271.67667	51.92583	257.6894	0.0	127.292786	0.0	0.0	193.19139	0.0	0.0	0.0	0.0	0.0	0.0	0.0	10.21306	0.0	0.0	159.08495	0.0	0.0	0.0	0.0	0.0	0.0	0.0	27.523325	0.0	0.0	0.0	0.0	0.0	224.21257	0.0	86.55865	0.0	37.860374	0.0	0.0	0.0	0.0	0.0	0.0	0.0	0.0	0.0	94.432365	40.37627	0.0	4.2553277	0.0	0.0	95.42139	0.0	0.0	172.97249	0.0	17.095774	0.0	0.0	0.0	136.62386	22.657736	11.668098	104.726814	0.0	0.0	95.42034	49.360123	0.0	212.6693	0.0	0.0	0.0	146.05107	173.3527	0.0	0.0	82.95178	0.0	0.0	0.0	94.84948	57.286972	0.0	0.0	39.780396	0.0	0.0	0.0	238.17616	287.69727	100.20334	0.0	0.0	0.0	0.025126899	0.0	164.26154	177.58185	0.0	0.0	5.8432174	0.0	0.0	0.0	0.0	0.0	159.74901	2.3252652	0.0	0.0	0.0	0.0
0.0	11.227727	0.0	225.42278	0.0	0.0	0.0	0.0	0.0	0.0	0.0	0.0	2.0224197	46.584377	274.5621	52.41448	260.46805	0.0	128.59811	0.0	0.0	195.18196	0.0	0.0	0.0	0.0	0.0	0.0	0.0	10.44683	0.0	0.0	160.58577	0.0	0.0	0.0	0.0	0.0	0.0	0.0	27.62564	0.0	0.0	0.0	0.0	0.0	226.54305	0.0	87.5321	0.0	38.418846	0.0	0.0	0.0	0.0	0.0	0.0	0.0	0.0	0.0	95.75397	40.512363	0.0	4.399258	0.0	0.0	96.646126	0.0	0.0	174.99011	0.0	17.553274	0.0	0.0	0.0	138.02698	23.15505	11.570007	105.65115	0.0	0.0	96.440575	49.507385	0.0	214.50465	0.0	0.0	0.0	147.15343	175.39018	0.0	0.0	83.68478	0.0	0.0	0.0	96.04653	58.242096	0.0	0.0	40.37924	0.0	0.0	0.0	240.29893	291.09366	101.09195	0.0	0.0	0.0	0.0	0.0	165.78351	179.54608	0.0	0.0	5.69941	0.0	0.0	0.0	0.0	0.0	161.26514	2.524989	0.0	0.0	0.0	0.0
0.0	11.332005	0.0	223.91158	0.0	0.0	0.0	0.0	0.0	0.0	0.0	0.0	2.0314236	46.66937	272.67432	52.267628	258.77554	0.0	127.90975	0.0	0.0	194.13696	0.0	0.0	0.0	0.0	0.0	0.0	0.0	10.349469	0.0	0.0	159.47597	0.0	0.0	0.0	0.0	0.0	0.0	0.0	27.520897	0.0	0.0	0.0	0.0	0.0	225.02905	0.0	87.098976	0.0	38.156414	0.0	0.0	0.0	0.0	0.0	0.0	0.0	0.0	0.0	94.73181	40.457794	0.0	4.4207125	0.0	0.0	95.71694	0.0	0.0	173.7196	0.0	17.222448	0.0	0.0	0.0	137.08717	22.801638	11.647137	105.21775	0.0	0.0	95.65079	49.502804	0.0	213.46965	0.0	0.0	0.0	146.2896	174.08002	0.0	0.0	83.34292	0.0	0.0	0.0	95.42755	57.779186	0.0	0.0	39.720764	0.0	0.0	0.0	238.95836	289.0991	100.54734	0.0	0.0	0.0	0.09160626	0.0	164.92769	178.26013	0.0	0.0	5.876352	0.0	0.0	0.0	0.0	0.0	160.29211	2.3964484	0.0	0.0	0.0	0.0
0.0	11.127664	0.0	222.90736	0.0	0.0	0.0	0.0	0.0	0.0	0.0	0.0	1.9344965	46.353928	271.36493	51.808025	257.4612	0.0	126.972755	0.0	0.0	193.05397	0.0	0.0	0.0	0.0	0.0	0.0	0.0	10.264247	0.0	0.0	158.925	0.0	0.0	0.0	0.0	0.0	0.0	0.0	27.427813	0.0	0.0	0.0	0.0	0.0	224.00511	0.0	86.5314	0.0	37.88928	0.0	0.0	0.0	0.0	0.0	0.0	0.0	0.0	0.0	94.46915	40.016632	0.0	4.4084525	0.0	0.0	95.40851	0.0	0.0	172.95409	0.0	17.292822	0.0	0.0	0.0	136.55896	22.65771	11.5143385	104.48191	0.0	0.0	95.215416	49.027515	0.0	212.23372	0.0	0.0	0.0	145.81598	173.38927	0.0	0.0	82.845314	0.0	0.0	0.0	95.00486	57.270123	0.0	0.0	39.62385	0.0	0.0	0.0	237.87982	287.56815	100.18253	0.0	0.0	0.0	0.0	0.0	164.18065	177.61159	0.0	0.0	5.5556436	0.0	0.0	0.0	0.0	0.0	159.56721	2.271592	0.0	0.0	0.0	0.0
0.0	11.244882	0.0	238.54805	0.0	0.0	0.0	0.0	0.0	0.0	0.0	0.0	2.6617634	47.389557	289.98352	54.166225	274.1793	0.0	135.25395	0.0	0.0	205.44043	0.0	0.0	0.0	0.0	0.0	0.0	0.0	11.528888	0.0	0.0	169.20879	0.0	0.0	0.0	0.0	0.0	0.0	0.0	29.543991	0.0	0.0	0.0	0.0	0.0	238.0586	0.0	92.287575	0.0	40.386646	0.0	0.0	0.0	0.0	0.0	0.0	0.0	0.0	0.0	101.54522	42.91255	0.0	4.2569513	0.0	0.0	103.08616	0.0	0.0	184.59497	0.0	19.198126	0.0	0.0	0.0	145.61807	25.594254	11.314677	110.71609	0.0	0.0	101.68298	51.682404	0.0	226.49104	0.0	0.0	0.0	153.77216	186.16542	0.0	0.0	87.45404	0.0	0.0	0.0	101.384285	60.953022	0.0	0.0	43.094715	0.0	0.0	0.0	252.63768	307.32068	105.500916	0.0	0.0	0.0	0.3482858	0.0	173.66077	189.03046	0.0	0.0	4.70178	0.0	0.0	0.0	0.0	0.0	170.24568	4.7801957	0.0	0.0	0.0	0.0
0.0	11.220853	0.0	226.02272	0.0	0.0	0.0	0.0	0.0	0.0	0.0	0.0	2.2289906	46.795837	275.29855	52.62489	261.02994	0.0	128.93294	0.0	0.0	195.65071	0.0	0.0	0.0	0.0	0.0	0.0	0.0	10.497669	0.0	0.0	161.12468	0.0	0.0	0.0	0.0	0.0	0.0	0.0	27.74571	0.0	0.0	0.0	0.0	0.0	227.03886	0.0	87.776794	0.0	38.42454	0.0	0.0	0.0	0.0	0.0	0.0	0.0	0.0	0.0	95.7358	40.638462	0.0	4.349479	0.0	0.0	96.920074	0.0	0.0	175.35841	0.0	17.518671	0.0	0.0	0.0	138.44006	23.216589	11.684101	105.990074	0.0	0.0	96.50437	49.735836	0.0	215.21321	0.0	0.0	0.0	147.58556	175.68663	0.0	0.0	83.97834	0.0	0.0	0.0	96.3017	58.240337	0.0	0.0	40.237644	0.0	0.0	0.0	240.99733	291.79004	101.36645	0.0	0.0	0.0	0.010313794	0.0	166.38338	179.84908	0.0	0.0	5.7782664	0.0	0.0	0.0	0.0	0.0	161.6657	2.5753658	0.0	0.0	0.0	0.0
0.0	10.889913	0.0	222.6239	0.0	0.0	0.053866804	0.0	0.0	0.0	0.0	0.0	1.500997	46.693874	271.02243	51.869007	257.48337	0.0	126.62827	0.0	0.0	192.84459	0.0	0.0	0.0	0.0	0.0	0.0	0.0	10.025653	0.0	0.0	158.6999	0.0	0.0	0.0	0.0	0.0	0.0	0.0	27.458672	0.0	0.0	0.0	0.0	0.0	224.33983	0.0	86.2458	0.0	37.482544	0.0	0.0	0.0	0.0	0.0	0.0	0.0	0.0	0.0	94.55969	40.07138	0.0	4.403088	0.0	0.0	95.079956	0.0	0.0	172.66866	0.0	16.948736	0.0	0.0	0.0	136.73315	22.436056	11.492635	103.99691	0.0	0.0	94.70217	49.007797	0.0	212.09113	0.0	0.0	0.0	145.90604	173.09074	0.0	0.0	82.5368	0.0	0.0	0.0	93.968636	57.409336	0.0	0.0	40.11736	0.0	0.0	0.0	238.0591	286.58557	99.927864	0.0	0.0	0.0	0.042661473	0.0	164.17995	177.49129	0.0	0.0	6.2846026	0.0	0.0	0.0	0.0	0.0	159.72803	1.8421773	0.0	0.0	0.0	0.0
0.0	11.150063	0.0	230.42592	0.0	0.0	0.0	0.0	0.0	0.0	0.0	0.0	2.0844574	46.99853	280.4966	53.061146	265.59824	0.0	130.86902	0.0	0.0	199.06535	0.0	0.0	0.0	0.0	0.0	0.0	0.0	10.893842	0.0	0.0	163.93591	0.0	0.0	0.0	0.0	0.0	0.0	0.0	28.418692	0.0	0.0	0.0	0.0	0.0	230.96962	0.0	89.381714	0.0	39.132458	0.0	0.0	0.0	0.0	0.0	0.0	0.0	0.0	0.0	97.805786	41.275135	0.0	4.4324727	0.0	0.0	99.17795	0.0	0.0	178.70302	0.0	18.216425	0.0	0.0	0.0	141.0796	24.156181	11.393993	107.503624	0.0	0.0	98.279045	50.09937	0.0	219.15875	0.0	0.0	0.0	149.63194	179.59691	0.0	0.0	85.202324	0.0	0.0	0.0	98.14801	59.166676	0.0	0.0	41.23857	0.0	0.0	0.0	245.12749	297.3845	102.821014	0.0	0.0	0.0	0.01590296	0.0	168.82466	183.09027	0.0	0.0	5.2067533	0.0	0.0	0.0	0.0	0.0	164.66939	3.3876534	0.0	0.0	0.0	0.0
0.0	11.265266	0.0	230.51025	0.0	0.0	0.0	0.0	0.0	0.0	0.0	0.0	2.507232	46.59477	280.72437	53.013947	265.8126	0.0	131.12654	0.0	0.0	199.04549	0.0	0.0	0.0	0.0	0.0	0.0	0.0	10.946263	0.0	0.0	164.19102	0.0	0.0	0.0	0.0	0.0	0.0	0.0	28.53579	0.0	0.0	0.0	0.0	0.0	230.87971	0.0	89.33811	0.0	39.18446	0.0	0.0	0.0	0.0	0.0	0.0	0.0	0.0	0.0	97.93344	41.48265	0.0	4.355244	0.0	0.0	99.37795	0.0	0.0	178.73993	0.0	18.230814	0.0	0.0	0.0	141.21182	24.206604	11.481629	107.51318	0.0	0.0	98.51654	50.414387	0.0	219.36958	0.0	0.0	0.0	149.72406	179.5804	0.0	0.0	85.02365	0.0	0.0	0.0	98.126976	59.140137	0.0	0.0	41.282375	0.0	0.0	0.0	244.9187	297.4194	102.857994	0.0	0.0	0.0	0.20129056	0.0	168.96747	183.28302	0.0	0.0	5.1510444	0.0	0.0	0.0	0.0	0.0	164.78044	3.6472921	0.0	0.0	0.0	0.0
0.0	11.288276	0.47361037	251.8792	0.0	0.0	0.0	0.0	0.0	0.0	0.0	0.0	3.4040012	47.54304	306.0778	55.754562	288.3635	0.0	141.87683	0.0	0.0	215.67473	0.0	0.0	0.0	0.0	0.0	0.0	0.0	13.377411	0.0	0.0	177.50945	0.0	0.0	0.85261846	0.0	0.0	0.0	0.0	30.987022	0.0	0.0	0.0	0.0	0.0	249.69783	0.0	97.370056	0.0	42.89554	0.0	0.0	0.0	0.0	0.0	0.0	0.0	0.0	0.0	107.5831	45.026287	0.0	3.9234104	0.0	0.0	110.417114	0.0	0.0	194.6848	0.0	20.952047	0.0	0.0	0.0	153.86998	28.104185	11.020394	116.14686	0.0	0.0	107.28101	53.06665	0.0	238.08925	0.0	0.0	0.0	160.14185	197.34856	0.0	0.0	91.47034	0.0	0.0	0.0	107.13326	65.04133	0.0	0.0	46.253162	0.0	0.0	0.0	265.25168	324.693	109.95377	0.0	0.0	0.0	0.4812064	0.0	181.0577	198.7014	0.0	0.0	4.140791	0.0	0.0	0.0	0.45021322	0.0	179.30975	7.971304	0.0	0.0	0.0	0.0
0.0	11.262195	0.0	224.03423	0.0	0.0	0.0	0.0	0.0	0.0	0.0	0.0	2.15872	46.46776	272.85483	52.227856	258.8741	0.0	127.91201	0.0	0.0	194.02812	0.0	0.0	0.0	0.0	0.0	0.0	0.0	10.315437	0.0	0.0	159.79308	0.0	0.0	0.0	0.0	0.0	0.0	0.0	27.628405	0.0	0.0	0.0	0.0	0.0	225.23448	0.0	86.98401	0.0	38.08762	0.0	0.0	0.0	0.0	0.0	0.0	0.0	0.0	0.0	94.89301	40.417034	0.0	4.3010693	0.0	0.0	95.959595	0.0	0.0	173.83772	0.0	17.277266	0.0	0.0	0.0	137.34773	22.87052	11.666505	105.14266	0.0	0.0	95.81815	49.55942	0.0	213.48161	0.0	0.0	0.0	146.52698	174.0898	0.0	0.0	83.301476	0.0	0.0	0.0	95.505745	57.531513	0.0	0.0	39.87431	0.0	0.0	0.0	239.05327	289.15738	100.68933	0.0	0.0	0.0	0.008968477	0.0	165.04709	178.46272	0.0	0.0	5.859051	0.0	0.0	0.0	0.0	0.0	160.42397	2.4153435	0.0	0.0	0.0	0.0
0.0	11.30972	0.0	223.24646	0.0	0.0	0.025187911	0.0	0.0	0.0	0.0	0.0	2.3918	46.120544	272.10617	51.89397	258.3013	0.0	127.62873	0.0	0.0	193.5616	0.0	0.0	0.0	0.0	0.0	0.0	0.0	10.340604	0.0	0.0	159.33238	0.0	0.0	0.0	0.0	0.0	0.0	0.0	27.593298	0.0	0.0	0.0	0.0	0.0	224.67767	0.0	86.66061	0.0	37.91038	0.0	0.0	0.0	0.0	0.0	0.0	0.0	0.0	0.0	94.7288	40.55244	0.0	4.2378	0.0	0.0	95.61532	0.0	0.0	173.29486	0.0	17.117338	0.0	0.0	0.0	136.78102	22.79484	11.685933	104.93256	0.0	0.0	95.79352	49.475193	0.0	212.76672	0.0	0.0	0.0	146.20801	173.54057	0.0	0.0	82.97775	0.0	0.0	0.0	95.166664	57.428783	0.0	0.0	39.90874	0.0	0.0	0.0	238.45337	288.26917	100.40253	0.0	0.0	0.0	0.041602895	0.0	164.67317	177.90388	0.0	0.0	5.985335	0.0	0.0	0.0	0.0	0.0	160.00908	2.4223254	0.0	0.0	0.0	0.0
0.0	11.168588	0.0	222.20985	0.0	0.0	0.0	0.0	0.0	0.0	0.0	0.0	2.10933	46.340195	270.66147	51.798504	256.87637	0.0	126.82315	0.0	0.0	192.57762	0.0	0.0	0.0	0.0	0.0	0.0	0.0	10.190361	0.0	0.0	158.43852	0.0	0.0	0.0	0.0	0.0	0.0	0.0	27.160742	0.0	0.0	0.0	0.0	0.0	223.56165	0.0	86.338646	0.0	37.76637	0.0	0.0	0.0	0.0	0.0	0.0	0.0	0.0	0.0	94.008484	39.924244	0.0	4.27622	0.0	0.0	95.10846	0.0	0.0	172.4257	0.0	17.097551	0.0	0.0	0.0	136.04602	22.668783	11.587436	104.34659	0.0	0.0	95.08065	48.834473	0.0	211.56926	0.0	0.0	0.0	145.44966	172.67645	0.0	0.0	82.75874	0.0	0.0	0.0	94.752174	57.091846	0.0	0.0	39.541042	0.0	0.0	0.0	237.30566	286.84915	99.845345	0.0	0.0	0.0	0.0	0.0	163.90248	176.95538	0.0	0.0	5.8392644	0.0	0.0	0.0	0.0	0.0	158.99074	2.0767686	0.0	0.0	0.0	0.0
0.0	11.15546	0.0	225.84831	0.0	0.0	0.0	0.0	0.0	0.0	0.0	0.0	2.340428	46.54884	274.95496	52.184803	260.5854	0.0	128.58833	0.0	0.0	195.49303	0.0	0.0	0.0	0.0	0.0	0.0	0.0	10.589734	0.0	0.0	160.86366	0.0	0.0	0.0	0.0	0.0	0.0	0.0	27.926077	0.0	0.0	0.0	0.0	0.0	226.7921	0.0	87.74423	0.0	38.35815	0.0	0.0	0.0	0.0	0.0	0.0	0.0	0.0	0.0	95.589935	40.781162	0.0	4.3000746	0.0	0.0	96.74168	0.0	0.0	175.15181	0.0	17.486273	0.0	0.0	0.0	138.22675	23.293	11.546899	105.74328	0.0	0.0	96.35798	49.384502	0.0	215.1001	0.0	0.0	0.0	147.31297	175.8098	0.0	0.0	83.76943	0.0	0.0	0.0	96.23243	57.94943	0.0	0.0	40.163647	0.0	0.0	0.0	240.80006	291.4363	101.23699	0.0	0.0	0.0	0.014065549	0.0	166.0038	179.64534	0.0	0.0	5.4681015	0.0	0.0	0.0	0.0	0.0	161.62022	2.9625309	0.0	0.0	0.0	0.0
0.0	11.538532	0.6021068	261.16983	0.0	0.0	0.08856783	0.0	0.0	0.0	0.0	0.0	3.3082702	51.147976	315.24033	57.479313	297.76303	0.0	145.8529	0.0	0.0	225.2832	0.0	0.0	0.0	0.0	0.0	0.0	0.0	14.274895	0.0	0.0	183.33669	0.0	0.0	0.37015972	0.0	0.0	0.0	0.0	32.302746	0.0	0.0	0.0	0.0	0.0	258.19833	0.0	102.64715	0.0	45.086334	0.0	0.0	0.0	0.0	0.0	0.0	0.0	0.0	0.0	109.97711	45.88925	0.0	4.952669	0.0	0.0	112.75416	0.0	0.0	202.01794	0.0	21.023022	0.0	0.0	0.0	159.35777	29.588875	11.1475725	121.367	0.0	0.0	109.92701	55.503063	0.0	247.87532	0.0	0.0	0.0	165.5565	204.41426	0.0	0.0	94.90673	0.0	0.0	0.0	113.110016	65.37652	0.0	0.0	45.53751	0.0	0.0	0.0	276.35312	336.54514	116.020874	0.0	0.0	0.0	1.2373565	0.0	188.39001	205.26854	0.0	0.0	3.6934059	0.0	0.0	0.0	0.19320309	0.0	186.03398	7.2424083	0.0	0.0	0.0	0.0
0.0	11.1372795	0.1978692	243.98012	0.0	0.0	0.0	0.0	0.0	0.0	0.0	0.0	2.5619156	49.874607	295.37894	54.778736	279.5703	0.0	137.16646	0.0	0.0	211.69922	0.0	0.0	0.0	0.0	0.0	0.0	0.0	12.802747	0.0	0.0	172.22993	0.0	0.0	0.00282471	0.0	0.0	0.0	0.0	30.487661	0.0	0.0	0.0	0.0	0.0	242.95825	0.0	96.31652	0.0	42.226463	0.0	0.0	0.0	0.0	0.0	0.0	0.0	0.0	0.0	102.39764	43.304413	0.0	5.4514575	0.0	0.0	104.15567	0.0	0.0	189.22527	0.0	18.82878	0.0	0.0	0.0	149.63225	26.649582	11.258622	114.40997	0.0	0.0	102.74926	53.007263	0.0	232.8531	0.0	0.0	0.0	156.74107	190.6377	0.0	0.0	89.72517	0.0	0.0	0.0	105.83234	61.36586	0.0	0.0	41.87267	0.0	0.0	0.0	260.07483	315.05774	109.86393	0.0	0.0	0.0	0.79917127	0.0	177.9424	192.97646	0.0	0.0	4.4831557	0.0	0.0	0.0	0.0	0.0	174.60527	4.4597373	0.0	0.0	0.0	0.0
0.0	11.2834425	0.0	236.41962	0.0	0.0	0.0	0.0	0.0	0.0	0.0	0.0	2.4191487	49.435375	286.59985	53.79996	271.92996	0.0	133.66365	0.0	0.0	205.92085	0.0	0.0	0.0	0.0	0.0	0.0	0.0	12.103408	0.0	0.0	167.25067	0.0	0.0	0.0	0.0	0.0	0.0	0.0	29.36763	0.0	0.0	0.0	0.0	0.0	236.25372	0.0	93.56844	0.0	41.030125	0.0	0.0	0.0	0.0	0.0	0.0	0.0	0.0	0.0	98.8653	42.185757	0.0	5.5623507	0.0	0.0	100.33958	0.0	0.0	183.56746	0.0	17.802418	0.0	0.0	0.0	145.09212	25.290436	11.456056	111.679565	0.0	0.0	99.83884	52.26624	0.0	226.1968	0.0	0.0	0.0	153.03899	184.18976	0.0	0.0	87.64307	0.0	0.0	0.0	102.81173	59.67955	0.0	0.0	40.233948	0.0	0.0	0.0	252.96263	305.7289	107.319435	0.0	0.0	0.0	0.40457293	0.0	173.56177	187.37761	0.0	0.0	5.1302238	0.0	0.0	0.0	0.0	0.0	169.55995	2.8701725	0.0	0.0	0.0	0.0
0.0	11.474954	0.012209631	236.7466	0.0	0.0	0.0	0.0	0.0	0.0	0.0	0.0	2.3240635	49.17639	287.1351	54.079193	272.12186	0.0	133.8956	0.0	0.0	205.60344	0.0	0.0	0.0	0.0	0.0	0.0	0.0	11.838706	0.0	0.0	167.76422	0.0	0.0	0.0	0.0	0.0	0.0	0.0	29.388138	0.0	0.0	0.0	0.0	0.0	236.45738	0.0	93.13602	0.0	40.88856	0.0	0.0	0.0	0.0	0.0	0.0	0.0	0.0	0.0	99.33143	42.17671	0.0	5.2303486	0.0	0.0	100.85013	0.0	0.0	183.77455	0.0	18.12145	0.0	0.0	0.0	145.37267	25.084702	11.598579	111.33076	0.0	0.0	100.112144	52.147533	0.0	226.17487	0.0	0.0	0.0	153.189	184.53227	0.0	0.0	87.6675	0.0	0.0	0.0	102.369545	59.912754	0.0	0.0	40.747868	0.0	0.0	0.0	252.77374	305.75107	106.927216	0.0	0.0	0.0	0.57160676	0.0	173.5144	187.75337	0.0	0.0	5.0293255	0.0	0.0	0.0	0.0	0.0	169.57518	3.2695837	0.0	0.0	0.0	0.0
0.0	11.577086	0.13336442	249.56	0.0	0.0	0.0	0.0	0.0	0.0	0.0	0.0	2.79433	50.526073	302.26416	56.295185	286.11765	0.0	140.50948	0.0	0.0	216.04836	0.0	0.0	0.0	0.0	0.0	0.0	0.0	12.961258	0.0	0.0	176.2982	0.0	0.0	0.0	0.0	0.0	0.0	0.0	30.93254	0.0	0.0	0.0	0.0	0.0	248.3568	0.0	98.02195	0.0	42.970367	0.0	0.0	0.0	0.0	0.0	0.0	0.0	0.0	0.0	105.04894	44.243557	0.0	5.297154	0.0	0.0	106.99314	0.0	0.0	193.56677	0.0	19.656977	0.0	0.0	0.0	152.91707	27.175093	11.58205	116.62518	0.0	0.0	105.43218	54.2234	0.0	237.74867	0.0	0.0	0.0	160.12924	194.84618	0.0	0.0	91.67148	0.0	0.0	0.0	107.91999	63.000637	0.0	0.0	43.425083	0.0	0.0	0.0	265.14105	322.14893	111.91086	0.0	0.0	0.0	0.80195	0.0	181.76463	197.41957	0.0	0.0	4.473047	0.0	0.0	0.0	0.0	0.0	178.2903	5.02401	0.0	0.0	0.0	0.0
0.0	11.20465	0.22658052	256.1504	0.0	0.0	0.13487445	0.0	0.0	0.0	0.0	0.0	3.3191826	50.609608	309.3596	56.804794	292.46475	0.0	143.33751	0.0	0.0	221.05823	0.0	0.0	0.0	0.0	0.0	0.0	0.0	13.697522	0.0	0.0	180.19354	0.0	0.0	0.22981572	0.0	0.0	0.0	0.0	31.889648	0.0	0.0	0.0	0.0	0.0	253.72423	0.0	100.39037	0.0	43.782684	0.0	0.0	0.0	0.0	0.0	0.0	0.0	0.0	0.0	107.7721	45.263653	0.0	4.8887515	0.0	0.0	110.23748	0.0	0.0	198.26599	0.0	20.63596	0.0	0.0	0.0	156.31137	28.67111	11.274491	118.81726	0.0	0.0	107.79916	54.69066	0.0	243.44415	0.0	0.0	0.0	162.99663	200.37999	0.0	0.0	93.38168	0.0	0.0	0.0	110.71085	64.04331	0.0	0.0	44.695347	0.0	0.0	0.0	271.0658	329.89847	114.010216	0.0	0.0	0.0	1.1306229	0.0	185.34535	201.57611	0.0	0.0	3.612643	0.0	0.0	0.0	0.0	0.0	182.53728	6.5471616	0.0	0.0	0.0	0.0
0.0	11.00771	0.20235258	247.68938	0.0	0.0	0.0	0.0	0.0	0.0	0.0	0.0	2.7116718	50.386963	299.4855	55.30605	283.56046	0.0	138.8336	0.0	0.0	215.0763	0.0	0.0	0.0	0.0	0.0	0.0	0.0	13.284947	0.0	0.0	174.64801	0.0	0.0	0.110006265	0.0	0.0	0.0	0.0	30.968695	0.0	0.0	0.0	0.0	0.0	246.31725	0.0	98.08014	0.0	43.105198	0.0	0.0	0.0	0.0	0.0	0.0	0.0	0.0	0.0	103.94327	43.78526	0.0	5.6563206	0.0	0.0	105.665306	0.0	0.0	192.18294	0.0	19.284739	0.0	0.0	0.0	151.94188	27.40196	11.201828	116.051994	0.0	0.0	104.072266	53.64423	0.0	236.40166	0.0	0.0	0.0	158.75171	193.726	0.0	0.0	90.79065	0.0	0.0	0.0	107.825195	62.290485	0.0	0.0	42.257507	0.0	0.0	0.0	263.85458	320.0703	111.744415	0.0	0.0	0.0	0.84693795	0.0	180.43053	195.70454	0.0	0.0	4.207545	0.0	0.0	0.0	0.0	0.0	177.25926	4.85581	0.0	0.0	0.0	0.0
0.0	11.146367	0.0	230.58333	0.0	0.0	0.0	0.0	0.0	0.0	0.0	0.0	2.244559	48.3392	279.75128	52.951977	265.58704	0.0	130.63103	0.0	0.0	200.50414	0.0	0.0	0.0	0.0	0.0	0.0	0.0	11.415344	0.0	0.0	163.55183	0.0	0.0	0.0	0.0	0.0	0.0	0.0	28.579473	0.0	0.0	0.0	0.0	0.0	230.97234	0.0	90.63821	0.0	39.675198	0.0	0.0	0.0	0.0	0.0	0.0	0.0	0.0	0.0	96.72986	41.268238	0.0	5.1354337	0.0	0.0	97.871666	0.0	0.0	179.02795	0.0	17.446306	0.0	0.0	0.0	141.44264	24.103996	11.577698	108.54846	0.0	0.0	97.570305	50.86659	0.0	220.2002	0.0	0.0	0.0	149.80908	179.4611	0.0	0.0	85.63379	0.0	0.0	0.0	99.52533	58.612377	0.0	0.0	39.741974	0.0	0.0	0.0	246.44604	297.75247	104.29181	0.0	0.0	0.0	0.36807325	0.0	169.57506	183.10265	0.0	0.0	5.3240533	0.0	0.0	0.0	0.0	0.0	165.20494	2.6236525	0.0	0.0	0.0	0.0
0.0	11.371362	0.0	229.58716	0.0	0.0	0.0	0.0	0.0	0.0	0.0	0.0	2.1850388	48.14505	278.7869	52.883953	264.66025	0.0	130.35735	0.0	0.0	199.6101	0.0	0.0	0.0	0.0	0.0	0.0	0.0	11.225989	0.0	0.0	162.99023	0.0	0.0	0.0	0.0	0.0	0.0	0.0	28.305563	0.0	0.0	0.0	0.0	0.0	230.18683	0.0	90.150604	0.0	39.500347	0.0	0.0	0.0	0.0	0.0	0.0	0.0	0.0	0.0	96.591866	41.128754	0.0	4.925183	0.0	0.0	97.69637	0.0	0.0	178.2763	0.0	17.445908	0.0	0.0	0.0	140.83144	23.852468	11.584203	108.216896	0.0	0.0	97.50586	50.654194	0.0	219.21925	0.0	0.0	0.0	149.45465	178.71252	0.0	0.0	85.43159	0.0	0.0	0.0	98.99737	58.481968	0.0	0.0	39.799282	0.0	0.0	0.0	245.58403	296.6567	103.81489	0.0	0.0	0.0	0.2789966	0.0	168.84845	182.49333	0.0	0.0	5.5578213	0.0	0.0	0.0	0.0	0.0	164.58507	2.5756693	0.0	0.0	0.0	0.0
0.0	11.447553	0.0	236.88074	0.0	0.0	0.0	0.0	0.0	0.0	0.0	0.0	2.4680595	49.43398	287.2381	54.218292	272.5043	0.0	134.01807	0.0	0.0	206.0117	0.0	0.0	0.0	0.0	0.0	0.0	0.0	11.889628	0.0	0.0	167.77461	0.0	0.0	0.0	0.0	0.0	0.0	0.0	29.240473	0.0	0.0	0.0	0.0	0.0	236.83781	0.0	93.44281	0.0	41.010162	0.0	0.0	0.0	0.0	0.0	0.0	0.0	0.0	0.0	99.44004	42.273067	0.0	5.293665	0.0	0.0	100.68899	0.0	0.0	183.89702	0.0	17.97241	0.0	0.0	0.0	145.27032	25.141943	11.612233	111.67334	0.0	0.0	100.20276	52.18253	0.0	226.30977	0.0	0.0	0.0	153.32231	184.54889	0.0	0.0	87.81948	0.0	0.0	0.0	102.46723	59.97409	0.0	0.0	40.75772	0.0	0.0	0.0	253.14058	306.17	107.03721	0.0	0.0	0.0	0.57090515	0.0	173.86113	187.93492	0.0	0.0	5.3015065	0.0	0.0	0.0	0.0	0.0	169.71529	3.4122086	0.0	0.0	0.0	0.0
0.0	11.234485	0.13617839	244.59694	0.0	0.0	0.0	0.0	0.0	0.0	0.0	0.0	2.4889247	50.05946	296.09067	55.049488	280.4502	0.0	137.54329	0.0	0.0	212.2644	0.0	0.0	0.0	0.0	0.0	0.0	0.0	12.713641	0.0	0.0	172.78381	0.0	0.0	0.0	0.0	0.0	0.0	0.0	30.440002	0.0	0.0	0.0	0.0	0.0	243.65508	0.0	96.49289	0.0	42.27526	0.0	0.0	0.0	0.0	0.0	0.0	0.0	0.0	0.0	102.71989	43.41118	0.0	5.4414616	0.0	0.0	104.41392	0.0	0.0	189.79492	0.0	18.95326	0.0	0.0	0.0	150.03886	26.678703	11.390907	114.61425	0.0	0.0	103.143196	53.261707	0.0	233.49144	0.0	0.0	0.0	157.29301	191.0854	0.0	0.0	90.00436	0.0	0.0	0.0	106.116356	61.520508	0.0	0.0	42.052517	0.0	0.0	0.0	260.61652	315.9454	110.24362	0.0	0.0	0.0	0.6980796	0.0	178.55646	193.63092	0.0	0.0	4.523777	0.0	0.0	0.0	0.0	0.0	175.10246	4.3528714	0.0	0.0	0.0	0.0
0.0	11.327663	0.0	234.63292	0.0	0.0	0.0	0.0	0.0	0.0	0.0	0.0	2.355046	48.894314	284.6305	53.679443	270.06985	0.0	132.86635	0.0	0.0	204.04936	0.0	0.0	0.0	0.0	0.0	0.0	0.0	11.798959	0.0	0.0	166.37459	0.0	0.0	0.0	0.0	0.0	0.0	0.0	29.045237	0.0	0.0	0.0	0.0	0.0	234.76477	0.0	92.396034	0.0	40.512596	0.0	0.0	0.0	0.0	0.0	0.0	0.0	0.0	0.0	98.35122	41.801952	0.0	5.2281227	0.0	0.0	99.92243	0.0	0.0	182.24663	0.0	17.850616	0.0	0.0	0.0	144.05945	24.927145	11.557546	110.524506	0.0	0.0	99.35299	51.527508	0.0	224.10083	0.0	0.0	0.0	152.04784	182.7502	0.0	0.0	87.07258	0.0	0.0	0.0	101.69962	59.408123	0.0	0.0	40.32277	0.0	0.0	0.0	250.73445	303.3351	106.25137	0.0	0.0	0.0	0.4332677	0.0	172.40724	186.15843	0.0	0.0	5.1816216	0.0	0.0	0.0	0.0	0.0	168.08362	3.065727	0.0	0.0	0.0	0.0
0.0	11.278381	0.0	231.86646	0.0	0.0	0.0	0.0	0.0	0.0	0.0	0.0	2.07187	48.351	281.4542	53.236195	267.06937	0.0	131.3807	0.0	0.0	201.4723	0.0	0.0	0.0	0.0	0.0	0.0	0.0	11.455537	0.0	0.0	164.4713	0.0	0.0	0.0	0.0	0.0	0.0	0.0	28.699415	0.0	0.0	0.0	0.0	0.0	232.29851	0.0	91.12796	0.0	39.919098	0.0	0.0	0.0	0.0	0.0	0.0	0.0	0.0	0.0	97.583275	41.542492	0.0	4.913345	0.0	0.0	98.76737	0.0	0.0	179.98413	0.0	17.597092	0.0	0.0	0.0	142.30034	24.292452	11.620164	109.143555	0.0	0.0	98.35676	51.00987	0.0	221.31012	0.0	0.0	0.0	150.5501	180.55022	0.0	0.0	86.144135	0.0	0.0	0.0	99.968445	58.971752	0.0	0.0	40.30831	0.0	0.0	0.0	247.72221	299.5775	104.62876	0.0	0.0	0.0	0.28306815	0.0	170.3227	184.17546	0.0	0.0	5.511724	0.0	0.0	0.0	0.0	0.0	166.10622	2.843998	0.0	0.0	0.0	0.0
0.0	11.29989	0.0	231.46297	0.0	0.0	0.0	0.0	0.0	0.0	0.0	0.0	2.1423213	48.76357	280.7822	53.1095	266.63132	0.0	131.17633	0.0	0.0	201.6343	0.0	0.0	0.0	0.0	0.0	0.0	0.0	11.560828	0.0	0.0	164.15877	0.0	0.0	0.0	0.0	0.0	0.0	0.0	28.657717	0.0	0.0	0.0	0.0	0.0	231.83931	0.0	91.3487	0.0	40.175224	0.0	0.0	0.0	0.0	0.0	0.0	0.0	0.0	0.0	96.99073	41.24184	0.0	5.3994145	0.0	0.0	98.16034	0.0	0.0	179.81116	0.0	17.40693	0.0	0.0	0.0	142.088	24.37908	11.550496	109.40597	0.0	0.0	97.86912	51.153656	0.0	221.26335	0.0	0.0	0.0	150.37105	180.14856	0.0	0.0	86.07492	0.0	0.0	0.0	100.33466	58.72075	0.0	0.0	39.50515	0.0	0.0	0.0	247.83946	299.24997	105.10913	0.0	0.0	0.0	0.2933068	0.0	170.43202	183.82013	0.0	0.0	5.327667	0.0	0.0	0.0	0.0	0.0	165.98097	2.3197405	0.0	0.0	0.0	0.0
0.0	11.339958	0.0	234.24007	0.0	0.0	0.0	0.0	0.0	0.0	0.0	0.0	2.3884017	48.814564	284.09625	53.521526	269.56198	0.0	132.51424	0.0	0.0	203.63847	0.0	0.0	0.0	0.0	0.0	0.0	0.0	11.800851	0.0	0.0	165.90524	0.0	0.0	0.0	0.0	0.0	0.0	0.0	29.03756	0.0	0.0	0.0	0.0	0.0	234.26306	0.0	92.28457	0.0	40.43793	0.0	0.0	0.0	0.0	0.0	0.0	0.0	0.0	0.0	98.25842	41.799377	0.0	5.29155	0.0	0.0	99.63595	0.0	0.0	181.89331	0.0	17.757542	0.0	0.0	0.0	143.76392	24.897644	11.4675665	110.340576	0.0	0.0	99.13906	51.519222	0.0	223.72423	0.0	0.0	0.0	151.7336	182.4153	0.0	0.0	86.90466	0.0	0.0	0.0	101.43304	59.290726	0.0	0.0	40.340412	0.0	0.0	0.0	250.30257	302.73666	105.95648	0.0	0.0	0.0	0.5453076	0.0	171.9539	185.78276	0.0	0.0	5.209913	0.0	0.0	0.0	0.0	0.0	167.81865	3.2034538	0.0	0.0	0.0	0.0
0.0	11.533704	0.17104267	249.23796	0.0	0.0	0.0	0.0	0.0	0.0	0.0	0.0	3.0025585	50.41287	302.049	56.353455	286.08456	0.0	140.41382	0.0	0.0	215.80498	0.0	0.0	0.0	0.0	0.0	0.0	0.0	12.909264	0.0	0.0	176.34753	0.0	0.0	0.0	0.0	0.0	0.0	0.0	30.946304	0.0	0.0	0.0	0.0	0.0	248.29146	0.0	97.98568	0.0	43.03139	0.0	0.0	0.0	0.0	0.0	0.0	0.0	0.0	0.0	105.016815	44.130665	0.0	5.188151	0.0	0.0	107.015785	0.0	0.0	193.39207	0.0	19.574759	0.0	0.0	0.0	152.9878	27.179993	11.741853	116.66162	0.0	0.0	105.49932	54.220627	0.0	237.59009	0.0	0.0	0.0	160.18732	194.56035	0.0	0.0	91.69103	0.0	0.0	0.0	107.80927	63.03951	0.0	0.0	43.29361	0.0	0.0	0.0	265.0449	322.00647	111.93674	0.0	0.0	0.0	0.714184	0.0	181.91158	197.23161	0.0	0.0	4.766995	0.0	0.0	0.0	0.0	0.0	178.17108	5.063893	0.0	0.0	0.0	0.0
0.0	11.387795	0.06953372	236.05629	0.0	0.0	0.0	0.0	0.0	0.0	0.0	0.0	2.3335533	49.57767	286.16403	53.91058	271.53488	0.0	133.47545	0.0	0.0	205.68958	0.0	0.0	0.0	0.0	0.0	0.0	0.0	12.112193	0.0	0.0	166.99245	0.0	0.0	0.0	0.0	0.0	0.0	0.0	29.290945	0.0	0.0	0.0	0.0	0.0	235.9574	0.0	93.55106	0.0	41.111145	0.0	0.0	0.0	0.0	0.0	0.0	0.0	0.0	0.0	98.66979	42.048214	0.0	5.5556397	0.0	0.0	100.03721	0.0	0.0	183.36847	0.0	17.764458	0.0	0.0	0.0	144.94041	25.164963	11.58791	111.54184	0.0	0.0	99.48227	51.958942	0.0	225.79762	0.0	0.0	0.0	152.63612	184.01552	0.0	0.0	87.67422	0.0	0.0	0.0	102.611305	59.89925	0.0	0.0	40.134678	0.0	0.0	0.0	252.64246	305.3913	107.205925	0.0	0.0	0.0	0.5850361	0.0	173.42699	187.07271	0.0	0.0	5.23926	0.0	0.0	0.0	0.0	0.0	169.2274	3.0682294	0.0	0.0	0.0	0.0
0.0	11.402812	0.0	230.57056	0.0	0.0	0.0	0.0	0.0	0.0	0.0	0.0	2.057804	48.59703	279.9303	53.035053	265.68472	0.0	130.839	0.0	0.0	200.67134	0.0	0.0	0.0	0.0	0.0	0.0	0.0	11.380074	0.0	0.0	163.61623	0.0	0.0	0.0	0.0	0.0	0.0	0.0	28.648867	0.0	0.0	0.0	0.0	0.0	230.9882	0.0	90.83994	0.0	39.81058	0.0	0.0	0.0	0.0	0.0	0.0	0.0	0.0	0.0	96.58551	41.25546	0.0	5.3893356	0.0	0.0	97.788246	0.0	0.0	179.15858	0.0	17.32052	0.0	0.0	0.0	141.66225	24.172213	11.600819	108.8172	0.0	0.0	97.51745	51.07104	0.0	220.43599	0.0	0.0	0.0	149.84679	179.4406	0.0	0.0	85.79187	0.0	0.0	0.0	99.66447	58.60603	0.0	0.0	39.56864	0.0	0.0	0.0	246.83363	298.01968	104.68488	0.0	0.0	0.0	0.39648798	0.0	169.79204	183.13707	0.0	0.0	5.3817573	0.0	0.0	0.0	0.0	0.0	165.36476	2.4124706	0.0	0.0	0.0	0.0
0.0	11.196387	0.0	230.77318	0.0	0.0	0.0	0.0	0.0	0.0	0.0	0.0	2.2565117	48.600067	279.88065	53.3149	265.94443	0.0	130.84505	0.0	0.0	200.779	0.0	0.0	0.0	0.0	0.0	0.0	0.0	11.314457	0.0	0.0	163.79189	0.0	0.0	0.0	0.0	0.0	0.0	0.0	28.340256	0.0	0.0	0.0	0.0	0.0	231.33337	0.0	90.73579	0.0	39.66717	0.0	0.0	0.0	0.0	0.0	0.0	0.0	0.0	0.0	96.84405	41.16582	0.0	5.129587	0.0	0.0	97.95819	0.0	0.0	179.17908	0.0	17.46229	0.0	0.0	0.0	141.52574	24.025751	11.649493	108.800896	0.0	0.0	97.77576	51.064728	0.0	220.30774	0.0	0.0	0.0	150.18132	179.3524	0.0	0.0	85.80139	0.0	0.0	0.0	99.67709	58.51218	0.0	0.0	39.755833	0.0	0.0	0.0	246.63562	298.14615	104.52466	0.0	0.0	0.0	0.36240718	0.0	170.06909	183.33571	0.0	0.0	5.602415	0.0	0.0	0.0	0.0	0.0	165.33997	2.4422114	0.0	0.0	0.0	0.0
0.0	11.323792	0.0	233.03601	0.0	0.0	0.0	0.0	0.0	0.0	0.0	0.0	2.4715168	48.683025	282.59793	53.303265	268.27808	0.0	131.91817	0.0	0.0	202.80586	0.0	0.0	0.0	0.0	0.0	0.0	0.0	11.751267	0.0	0.0	165.18657	0.0	0.0	0.0	0.0	0.0	0.0	0.0	28.896135	0.0	0.0	0.0	0.0	0.0	233.10811	0.0	91.90835	0.0	40.41758	0.0	0.0	0.0	0.0	0.0	0.0	0.0	0.0	0.0	97.68039	41.598892	0.0	5.4153934	0.0	0.0	98.95113	0.0	0.0	181.02094	0.0	17.61669	0.0	0.0	0.0	143.12329	24.702349	11.566418	109.96249	0.0	0.0	98.56223	51.52414	0.0	222.78656	0.0	0.0	0.0	151.09679	181.41402	0.0	0.0	86.51916	0.0	0.0	0.0	101.1128	58.932194	0.0	0.0	39.870728	0.0	0.0	0.0	249.1665	301.26108	105.71979	0.0	0.0	0.0	0.4859741	0.0	171.3267	184.943	0.0	0.0	5.1430016	0.0	0.0	0.0	0.0	0.0	167.05943	2.8078508	0.0	0.0	0.0	0.0
0.0	12.533299	0.114192545	274.86703	0.0	0.0	0.45193303	0.0	0.0	0.0	0.0	0.0	3.6660488	52.20284	333.0485	60.60078	313.72836	0.0	154.33067	0.0	0.0	235.55696	0.0	0.0	0.0	0.0	0.0	0.0	0.0	14.345988	0.0	0.0	193.90172	0.0	0.0	0.31332073	0.0	0.0	0.0	0.0	34.019497	0.0	0.0	0.0	0.0	0.0	272.4772	0.0	106.20084	0.0	46.460644	0.0	0.0	0.0	0.0	0.0	0.0	0.0	0.0	0.0	117.22281	48.896137	0.0	4.311917	0.0	0.0	120.12909	0.0	0.0	212.26323	0.0	22.827871	0.0	0.0	0.0	167.21024	30.70473	12.07788	126.51818	0.0	0.0	116.8825	57.685688	0.0	259.91626	0.0	0.0	0.0	175.01244	215.4792	0.0	0.0	99.55817	0.0	0.0	0.0	117.147095	69.639046	0.0	0.0	49.81221	0.0	0.0	0.0	289.72867	353.5144	120.1318	0.0	0.0	0.0	0.80853415	0.0	197.84131	216.78957	0.0	0.0	3.9428508	0.0	0.0	0.0	0.6580287	0.0	195.62708	8.619896	0.0	0.0	0.0	0.0
0.0	11.283298	0.020259755	241.63472	0.0	0.0	0.0	0.0	0.0	0.0	0.0	0.0	2.3956165	49.70434	292.86044	54.775738	277.52042	0.0	136.24034	0.0	0.0	209.65471	0.0	0.0	0.0	0.0	0.0	0.0	0.0	12.365462	0.0	0.0	170.98894	0.0	0.0	0.0	0.0	0.0	0.0	0.0	30.200602	0.0	0.0	0.0	0.0	0.0	241.00682	0.0	95.2684	0.0	41.820057	0.0	0.0	0.0	0.0	0.0	0.0	0.0	0.0	0.0	101.498405	42.90994	0.0	5.46311	0.0	0.0	103.13697	0.0	0.0	187.50566	0.0	18.614113	0.0	0.0	0.0	148.38562	26.127707	11.450328	113.46396	0.0	0.0	101.99076	52.711903	0.0	230.61871	0.0	0.0	0.0	155.71748	188.50043	0.0	0.0	89.15945	0.0	0.0	0.0	104.64188	61.08426	0.0	0.0	41.554455	0.0	0.0	0.0	257.634	312.1436	108.978615	0.0	0.0	0.0	0.48698437	0.0	176.83223	191.34863	0.0	0.0	4.8281417	0.0	0.0	0.0	0.0	0.0	172.96782	3.8017452	0.0	0.0	0.0	0.0
0.0	11.363412	0.009979145	234.35966	0.0	0.0	0.0	0.0	0.0	0.0	0.0	0.0	2.259555	49.082905	284.202	53.45436	269.57315	0.0	132.55318	0.0	0.0	203.93327	0.0	0.0	0.0	0.0	0.0	0.0	0.0	11.916303	0.0	0.0	165.87646	0.0	0.0	0.0	0.0	0.0	0.0	0.0	29.227716	0.0	0.0	0.0	0.0	0.0	234.18433	0.0	92.58878	0.0	40.587196	0.0	0.0	0.0	0.0	0.0	0.0	0.0	0.0	0.0	98.04428	41.82992	0.0	5.5528235	0.0	0.0	99.38769	0.0	0.0	182.04295	0.0	17.659883	0.0	0.0	0.0	143.94395	24.991295	11.46746	110.51947	0.0	0.0	98.80204	51.659637	0.0	224.1104	0.0	0.0	0.0	151.59203	182.68054	0.0	0.0	86.958244	0.0	0.0	0.0	101.60963	59.33186	0.0	0.0	40.03493	0.0	0.0	0.0	250.68965	302.92136	106.30077	0.0	0.0	0.0	0.57799095	0.0	172.1014	185.80684	0.0	0.0	5.0627837	0.0	0.0	0.0	0.0	0.0	168.00275	2.9104636	0.0	0.0	0.0	0.0
0.0	11.313516	0.09822645	236.47292	0.0	0.0	0.0	0.0	0.0	0.0	0.0	0.0	2.17585	49.558086	286.63278	53.996307	271.8379	0.0	133.53844	0.0	0.0	205.7973	0.0	0.0	0.0	0.0	0.0	0.0	0.0	12.077588	0.0	0.0	167.23871	0.0	0.0	0.0	0.0	0.0	0.0	0.0	29.345146	0.0	0.0	0.0	0.0	0.0	236.20276	0.0	93.59496	0.0	40.959423	0.0	0.0	0.0	0.0	0.0	0.0	0.0	0.0	0.0	98.79389	41.921833	0.0	5.627994	0.0	0.0	100.38224	0.0	0.0	183.71788	0.0	17.774832	0.0	0.0	0.0	145.2727	25.145617	11.373483	111.51449	0.0	0.0	99.78458	52.003384	0.0	226.01207	0.0	0.0	0.0	152.96936	184.27838	0.0	0.0	87.692955	0.0	0.0	0.0	102.703674	59.87675	0.0	0.0	40.37547	0.0	0.0	0.0	253.02327	305.616	107.371635	0.0	0.0	0.0	0.45304787	0.0	173.65935	187.39552	0.0	0.0	5.151249	0.0	0.0	0.0	0.0	0.0	169.49883	2.8737876	0.0	0.0	0.0	0.0
0.0	11.314952	0.0	238.9798	0.0	0.0	0.0	0.0	0.0	0.0	0.0	0.0	2.4255378	49.84001	289.33142	54.392548	274.59274	0.0	134.77007	0.0	0.0	207.88232	0.0	0.0	0.0	0.0	0.0	0.0	0.0	12.254119	0.0	0.0	168.91475	0.0	0.0	0.0	0.0	0.0	0.0	0.0	29.406706	0.0	0.0	0.0	0.0	0.0	238.62445	0.0	94.38784	0.0	41.46787	0.0	0.0	0.0	0.0	0.0	0.0	0.0	0.0	0.0	100.18224	42.419384	0.0	5.4047837	0.0	0.0	101.53558	0.0	0.0	185.47627	0.0	18.313864	0.0	0.0	0.0	146.52245	25.42084	11.556523	112.44458	0.0	0.0	100.79151	52.3407	0.0	228.2331	0.0	0.0	0.0	154.39778	186.37856	0.0	0.0	88.46926	0.0	0.0	0.0	103.722404	60.491592	0.0	0.0	40.743706	0.0	0.0	0.0	255.01546	308.87878	107.96271	0.0	0.0	0.0	0.5633136	0.0	175.07825	189.51558	0.0	0.0	4.9317956	0.0	0.0	0.0	0.0	0.0	171.14943	3.5864208	0.0	0.0	0.0	0.0
0.0	12.7923155	0.0	251.31708	0.0	0.0	0.85198665	0.0	0.0	0.0	0.0	0.0	3.196638	47.92441	309.38162	59.471447	291.90536	0.0	145.6809	0.0	0.0	213.13422	0.0	0.0	0.0	0.0	0.0	0.0	0.0	9.37332	0.0	0.0	181.71455	0.0	0.0	0.0	0.0	0.0	0.0	0.0	30.582327	0.0	0.0	0.0	0.0	0.0	254.71321	0.0	92.36602	0.0	39.524242	0.0	0.0	0.0	0.0	0.0	0.0	0.0	0.0	0.0	110.00744	46.607006	0.0	1.9025258	0.0	0.0	111.84744	0.0	0.0	193.77129	0.0	21.539673	0.0	0.0	0.0	152.24117	24.526754	13.930589	114.24744	0.0	0.0	111.192505	53.826786	0.0	236.15294	0.0	0.0	0.0	166.33528	195.45442	0.0	0.0	92.54574	0.0	0.0	0.0	101.54596	66.467766	0.0	0.0	50.794086	0.0	0.0	0.0	264.62943	322.17432	107.654945	0.0	0.0	0.0	0.0	0.0	184.05971	201.18237	0.0	0.0	7.6107006	0.0	0.0	0.0	0.0	0.0	178.61226	5.6621895	0.0	0.0	0.0	0.0
0.0	11.498322	0.0	230.27277	0.0	0.0	0.14830917	0.0	0.0	0.0	0.0	0.0	2.4014263	47.231487	280.8793	53.694607	266.1179	0.0	131.52632	0.0	0.0	198.86024	0.0	0.0	0.0	0.0	0.0	0.0	0.0	10.403022	0.0	0.0	164.43257	0.0	0.0	0.0	0.0	0.0	0.0	0.0	28.267801	0.0	0.0	0.0	0.0	0.0	231.64244	0.0	88.7721	0.0	38.55037	0.0	0.0	0.0	0.0	0.0	0.0	0.0	0.0	0.0	97.949585	41.68572	0.0	4.0324235	0.0	0.0	99.134056	0.0	0.0	178.58269	0.0	18.099901	0.0	0.0	0.0	140.8755	23.373922	11.919061	107.41629	0.0	0.0	98.82892	50.594345	0.0	218.95824	0.0	0.0	0.0	150.82332	179.01457	0.0	0.0	85.40192	0.0	0.0	0.0	97.41569	59.40093	0.0	0.0	41.797928	0.0	0.0	0.0	245.21063	296.92072	102.849144	0.0	0.0	0.0	0.0	0.0	169.41591	183.4298	0.0	0.0	6.0045834	0.0	0.0	0.0	0.0	0.0	164.68964	3.0430071	0.0	0.0	0.0	0.0
0.0	11.2952585	0.0	226.12408	0.0	0.0	0.0	0.0	0.0	0.0	0.0	0.0	2.1390183	46.88034	274.96317	52.303417	260.89502	0.0	128.74477	0.0	0.0	196.08586	0.0	0.0	0.0	0.0	0.0	0.0	0.0	10.71148	0.0	0.0	160.79527	0.0	0.0	0.0	0.0	0.0	0.0	0.0	27.71493	0.0	0.0	0.0	0.0	0.0	226.77782	0.0	88.124146	0.0	38.64741	0.0	0.0	0.0	0.0	0.0	0.0	0.0	0.0	0.0	95.4349	40.690777	0.0	4.566456	0.0	0.0	96.68726	0.0	0.0	175.41048	0.0	17.32331	0.0	0.0	0.0	138.3742	23.302317	11.491412	106.22889	0.0	0.0	96.46841	49.91794	0.0	215.56453	0.0	0.0	0.0	147.33424	175.84576	0.0	0.0	83.86819	0.0	0.0	0.0	96.784615	57.9724	0.0	0.0	39.833927	0.0	0.0	0.0	241.19702	291.86194	101.58459	0.0	0.0	0.0	0.1377145	0.0	166.22473	179.82109	0.0	0.0	5.548838	0.0	0.0	0.0	0.0	0.0	161.84308	2.4944992	0.0	0.0	0.0	0.0
0.0	11.37619	0.0	225.90392	0.0	0.0	0.0	0.0	0.0	0.0	0.0	0.0	2.0248916	46.90984	274.77493	52.250397	260.5934	0.0	128.58255	0.0	0.0	195.84517	0.0	0.0	0.0	0.0	0.0	0.0	0.0	10.706677	0.0	0.0	160.6762	0.0	0.0	0.0	0.0	0.0	0.0	0.0	27.878565	0.0	0.0	0.0	0.0	0.0	226.49475	0.0	88.09304	0.0	38.55988	0.0	0.0	0.0	0.0	0.0	0.0	0.0	0.0	0.0	95.25506	40.547413	0.0	4.6557326	0.0	0.0	96.5922	0.0	0.0	175.28943	0.0	17.307114	0.0	0.0	0.0	138.41725	23.323807	11.466266	106.09994	0.0	0.0	96.28051	49.81654	0.0	215.43523	0.0	0.0	0.0	147.16158	175.68742	0.0	0.0	83.89843	0.0	0.0	0.0	96.7579	57.839924	0.0	0.0	39.708954	0.0	0.0	0.0	241.00533	291.55203	101.556206	0.0	0.0	0.0	0.1641459	0.0	166.10907	179.679	0.0	0.0	5.41844	0.0	0.0	0.0	0.0	0.0	161.7292	2.5716085	0.0	0.0	0.0	0.0
0.0	11.392886	0.0	226.66986	0.0	0.0	0.0	0.0	0.0	0.0	0.0	0.0	2.0005035	46.957367	276.22644	52.8082	262.02213	0.0	129.35515	0.0	0.0	196.11693	0.0	0.0	0.0	0.0	0.0	0.0	0.0	10.284399	0.0	0.0	161.68304	0.0	0.0	0.0	0.0	0.0	0.0	0.0	27.73324	0.0	0.0	0.0	0.0	0.0	228.0923	0.0	87.747185	0.0	38.35857	0.0	0.0	0.0	0.0	0.0	0.0	0.0	0.0	0.0	96.22382	40.825153	0.0	4.1625576	0.0	0.0	97.21283	0.0	0.0	175.8565	0.0	17.537527	0.0	0.0	0.0	138.65193	22.924133	11.732982	106.15359	0.0	0.0	97.243355	49.762936	0.0	215.4987	0.0	0.0	0.0	148.44147	176.13264	0.0	0.0	84.27274	0.0	0.0	0.0	96.14737	58.49767	0.0	0.0	40.80102	0.0	0.0	0.0	241.84514	292.34164	101.4505	0.0	0.0	0.0	0.0	0.0	166.84479	180.58208	0.0	0.0	6.003425	0.0	0.0	0.0	0.0	0.0	162.14008	2.4178379	0.0	0.0	0.0	0.0
0.0	12.624268	0.0	256.6464	0.0	0.0	0.59935325	0.0	0.0	0.0	0.0	0.0	3.2285264	48.28183	315.41534	60.49878	297.6497	0.0	148.23354	0.0	0.0	217.24059	0.0	0.0	0.0	0.0	0.0	0.0	0.0	9.919652	0.0	0.0	185.33324	0.0	0.0	0.0	0.0	0.0	0.0	0.0	31.167557	0.0	0.0	0.0	0.0	0.0	259.3326	0.0	94.23184	0.0	40.347935	0.0	0.0	0.0	0.0	0.0	0.0	0.0	0.0	0.0	112.33227	47.221954	0.0	2.0908544	0.0	0.0	114.613686	0.0	0.0	197.97337	0.0	22.446411	0.0	0.0	0.0	155.42976	25.390549	13.909576	116.22707	0.0	0.0	113.29203	54.444782	0.0	240.64032	0.0	0.0	0.0	169.16179	199.56146	0.0	0.0	94.19706	0.0	0.0	0.0	103.94889	67.68861	0.0	0.0	51.788387	0.0	0.0	0.0	269.25598	328.87253	109.85598	0.0	0.0	0.0	0.0	0.0	187.56734	205.0412	0.0	0.0	7.104935	0.0	0.0	0.0	0.0	0.0	182.01056	5.9952607	0.0	0.0	0.0	0.0
0.0	11.581836	0.0	230.76031	0.0	0.0	0.13749768	0.0	0.0	0.0	0.0	0.0	2.256427	47.374542	281.61774	53.965607	266.9828	0.0	132.04579	0.0	0.0	199.23999	0.0	0.0	0.0	0.0	0.0	0.0	0.0	10.230826	0.0	0.0	164.88036	0.0	0.0	0.0	0.0	0.0	0.0	0.0	28.402916	0.0	0.0	0.0	0.0	0.0	232.39062	0.0	88.784004	0.0	38.553852	0.0	0.0	0.0	0.0	0.0	0.0	0.0	0.0	0.0	98.37147	41.994846	0.0	3.934748	0.0	0.0	99.36637	0.0	0.0	178.85211	0.0	18.14974	0.0	0.0	0.0	141.10255	23.305086	12.133384	107.58663	0.0	0.0	99.116264	50.804585	0.0	219.44319	0.0	0.0	0.0	151.35262	179.3037	0.0	0.0	85.67631	0.0	0.0	0.0	97.36694	59.639812	0.0	0.0	42.122234	0.0	0.0	0.0	245.62518	297.45435	102.890175	0.0	0.0	0.0	0.0	0.0	169.86835	183.9333	0.0	0.0	6.2376103	0.0	0.0	0.0	0.0	0.0	164.97588	2.8147829	0.0	0.0	0.0	0.0
0.0	11.451954	0.0	228.20699	0.0	0.0	0.0	0.0	0.0	0.0	0.0	0.0	2.4738038	47.415802	277.78378	53.052906	263.59854	0.0	130.16808	0.0	0.0	197.98286	0.0	0.0	0.0	0.0	0.0	0.0	0.0	10.830533	0.0	0.0	162.26955	0.0	0.0	0.0	0.0	0.0	0.0	0.0	28.03179	0.0	0.0	0.0	0.0	0.0	229.12488	0.0	89.10358	0.0	39.036884	0.0	0.0	0.0	0.0	0.0	0.0	0.0	0.0	0.0	96.4466	41.22685	0.0	4.4875865	0.0	0.0	97.4421	0.0	0.0	177.11269	0.0	17.559952	0.0	0.0	0.0	139.74153	23.618965	11.800793	107.34084	0.0	0.0	97.38319	50.493298	0.0	217.6085	0.0	0.0	0.0	148.73505	177.49097	0.0	0.0	84.851685	0.0	0.0	0.0	97.63699	58.52091	0.0	0.0	40.417828	0.0	0.0	0.0	243.43494	294.93747	102.67202	0.0	0.0	0.0	0.23043613	0.0	167.93982	181.52385	0.0	0.0	5.80645	0.0	0.0	0.0	0.0	0.0	163.40062	3.0233567	0.0	0.0	0.0	0.0
0.0	11.3655405	0.0	227.68018	0.0	0.0	0.0	0.0	0.0	0.0	0.0	0.0	2.2864354	47.338074	276.98508	52.776855	262.8407	0.0	129.65678	0.0	0.0	197.55597	0.0	0.0	0.0	0.0	0.0	0.0	0.0	10.844121	0.0	0.0	161.95479	0.0	0.0	0.0	0.0	0.0	0.0	0.0	28.0236	0.0	0.0	0.0	0.0	0.0	228.4947	0.0	88.87076	0.0	38.93809	0.0	0.0	0.0	0.0	0.0	0.0	0.0	0.0	0.0	95.99531	40.942944	0.0	4.6458573	0.0	0.0	97.30813	0.0	0.0	176.75995	0.0	17.486498	0.0	0.0	0.0	139.61949	23.604288	11.636239	106.99451	0.0	0.0	97.06201	50.189713	0.0	217.15118	0.0	0.0	0.0	148.23085	177.1209	0.0	0.0	84.72164	0.0	0.0	0.0	97.60645	58.414715	0.0	0.0	40.08256	0.0	0.0	0.0	243.02281	294.15552	102.47219	0.0	0.0	0.0	0.21561794	0.0	167.52808	181.00386	0.0	0.0	5.5958467	0.0	0.0	0.0	0.0	0.0	162.97319	2.8447368	0.0	0.0	0.0	0.0
0.0	11.2805605	0.0	237.00383	0.0	0.0	0.0	0.0	0.0	0.0	0.0	0.0	2.5393307	47.831852	288.0538	54.24293	272.62106	0.0	134.239	0.0	0.0	204.71643	0.0	0.0	0.0	0.0	0.0	0.0	0.0	11.71592	0.0	0.0	168.18742	0.0	0.0	0.0	0.0	0.0	0.0	0.0	29.082361	0.0	0.0	0.0	0.0	0.0	236.69121	0.0	92.191795	0.0	40.421234	0.0	0.0	0.0	0.0	0.0	0.0	0.0	0.0	0.0	100.5084	42.340313	0.0	4.5801463	0.0	0.0	102.112114	0.0	0.0	183.75171	0.0	18.847626	0.0	0.0	0.0	145.07863	25.230553	11.421173	110.51419	0.0	0.0	100.81956	51.478947	0.0	225.45085	0.0	0.0	0.0	153.05934	184.86363	0.0	0.0	87.264626	0.0	0.0	0.0	101.39932	60.625294	0.0	0.0	42.175472	0.0	0.0	0.0	251.54517	306.00638	105.64233	0.0	0.0	0.0	0.39061496	0.0	173.09192	188.03204	0.0	0.0	4.9378524	0.0	0.0	0.0	0.0	0.0	169.21175	4.5119863	0.0	0.0	0.0	0.0
0.0	11.745992	0.0	254.14558	0.0	0.0	0.12880653	0.0	0.0	0.0	0.0	0.0	3.3974884	48.217625	309.25488	57.47514	291.92136	0.0	143.95642	0.0	0.0	217.08276	0.0	0.0	0.0	0.0	0.0	0.0	0.0	12.549759	0.0	0.0	180.03993	0.0	0.0	0.20745778	0.0	0.0	0.0	0.0	31.08702	0.0	0.0	0.0	0.0	0.0	252.95288	0.0	97.16195	0.0	42.472492	0.0	0.0	0.0	0.0	0.0	0.0	0.0	0.0	0.0	108.935234	45.620853	0.0	3.7042007	0.0	0.0	111.75919	0.0	0.0	196.26189	0.0	21.390825	0.0	0.0	0.0	154.81854	27.464937	11.716966	116.79932	0.0	0.0	109.02636	53.833668	0.0	239.71307	0.0	0.0	0.0	162.9848	198.35991	0.0	0.0	92.60549	0.0	0.0	0.0	107.00918	65.73348	0.0	0.0	47.526104	0.0	0.0	0.0	267.181	326.96115	110.57675	0.0	0.0	0.0	0.3587244	0.0	183.74902	200.86017	0.0	0.0	4.7197995	0.0	0.0	0.0	0.4498081	0.0	180.58293	7.534416	0.0	0.0	0.0	0.0
0.0	11.498062	0.0	232.28816	0.0	0.0	0.01394282	0.0	0.0	0.0	0.0	0.0	2.3199685	47.55002	283.23523	54.32336	268.60947	0.0	132.72144	0.0	0.0	200.61809	0.0	0.0	0.0	0.0	0.0	0.0	0.0	10.583773	0.0	0.0	165.81404	0.0	0.0	0.0	0.0	0.0	0.0	0.0	28.37543	0.0	0.0	0.0	0.0	0.0	233.74251	0.0	89.50706	0.0	38.956966	0.0	0.0	0.0	0.0	0.0	0.0	0.0	0.0	0.0	98.79189	41.927998	0.0	4.013248	0.0	0.0	100.065796	0.0	0.0	180.11908	0.0	18.268661	0.0	0.0	0.0	141.94165	23.610922	12.048249	108.39706	0.0	0.0	99.8186	50.862484	0.0	220.56468	0.0	0.0	0.0	151.82263	180.50452	0.0	0.0	86.199036	0.0	0.0	0.0	98.319244	59.970093	0.0	0.0	42.230747	0.0	0.0	0.0	247.0639	299.577	103.48716	0.0	0.0	0.0	0.017634517	0.0	170.97308	185.02715	0.0	0.0	6.175827	0.0	0.0	0.0	0.0	0.0	165.88908	3.1864507	0.0	0.0	0.0	0.0
0.0	11.424853	0.0	228.38368	0.0	0.0	0.0	0.0	0.0	0.0	0.0	0.0	2.321841	47.346848	278.0521	53.036808	263.80533	0.0	130.14168	0.0	0.0	197.93504	0.0	0.0	0.0	0.0	0.0	0.0	0.0	10.864024	0.0	0.0	162.52434	0.0	0.0	0.0	0.0	0.0	0.0	0.0	28.022974	0.0	0.0	0.0	0.0	0.0	229.29253	0.0	88.95239	0.0	38.914692	0.0	0.0	0.0	0.0	0.0	0.0	0.0	0.0	0.0	96.61432	41.076538	0.0	4.457311	0.0	0.0	97.7522	0.0	0.0	177.29993	0.0	17.750338	0.0	0.0	0.0	139.93901	23.562263	11.758847	107.20016	0.0	0.0	97.552025	50.33134	0.0	217.57939	0.0	0.0	0.0	148.84108	177.68774	0.0	0.0	84.93648	0.0	0.0	0.0	97.67959	58.660187	0.0	0.0	40.547165	0.0	0.0	0.0	243.55992	295.0629	102.65344	0.0	0.0	0.0	0.13987935	0.0	168.01144	181.70154	0.0	0.0	5.7606926	0.0	0.0	0.0	0.0	0.0	163.41634	2.9079733	0.0	0.0	0.0	0.0
0.0	11.381379	0.0	228.44958	0.0	0.0	0.01855606	0.0	0.0	0.0	0.0	0.0	2.4105766	47.3961	278.092	53.01837	263.95212	0.0	130.1717	0.0	0.0	198.10298	0.0	0.0	0.0	0.0	0.0	0.0	0.0	10.7626295	0.0	0.0	162.58124	0.0	0.0	0.0	0.0	0.0	0.0	0.0	27.97875	0.0	0.0	0.0	0.0	0.0	229.63603	0.0	88.939	0.0	38.99641	0.0	0.0	0.0	0.0	0.0	0.0	0.0	0.0	0.0	96.78583	41.160572	0.0	4.479212	0.0	0.0	97.7016	0.0	0.0	177.32117	0.0	17.67179	0.0	0.0	0.0	139.93225	23.51988	11.728198	107.29563	0.0	0.0	97.58825	50.398956	0.0	217.64217	0.0	0.0	0.0	149.11084	177.68843	0.0	0.0	84.88898	0.0	0.0	0.0	97.63955	58.762577	0.0	0.0	40.639156	0.0	0.0	0.0	243.72856	295.17093	102.62484	0.0	0.0	0.0	0.18205559	0.0	168.08923	181.80774	0.0	0.0	5.8911138	0.0	0.0	0.0	0.0	0.0	163.59375	2.9176197	0.0	0.0	0.0	0.0
0.0	11.448478	0.0	232.49583	0.0	0.0	0.009984436	0.0	0.0	0.0	0.0	0.0	2.2139328	47.350445	283.38412	54.114285	268.52087	0.0	132.69682	0.0	0.0	200.43616	0.0	0.0	0.0	0.0	0.0	0.0	0.0	10.444753	0.0	0.0	165.96684	0.0	0.0	0.0	0.0	0.0	0.0	0.0	28.641432	0.0	0.0	0.0	0.0	0.0	233.72017	0.0	89.39977	0.0	38.81725	0.0	0.0	0.0	0.0	0.0	0.0	0.0	0.0	0.0	99.010284	41.994198	0.0	3.8798301	0.0	0.0	100.271965	0.0	0.0	180.10728	0.0	18.40913	0.0	0.0	0.0	141.9867	23.669474	11.963219	108.20944	0.0	0.0	99.84565	50.869	0.0	220.76384	0.0	0.0	0.0	152.03883	180.6924	0.0	0.0	85.98636	0.0	0.0	0.0	98.105995	59.837124	0.0	0.0	42.32924	0.0	0.0	0.0	247.08882	299.3293	103.37595	0.0	0.0	0.0	0.0	0.0	170.79475	185.13739	0.0	0.0	5.93869	0.0	0.0	0.0	0.0	0.0	166.10399	2.8708365	0.0	0.0	0.0	0.0
0.0	11.410914	0.0	255.21155	0.0	0.0	0.2612401	0.0	0.0	0.0	0.0	0.0	3.1704895	48.674374	309.26978	56.81288	291.6356	0.0	143.67218	0.0	0.0	218.19923	0.0	0.0	0.0	0.0	0.0	0.0	0.0	12.780223	0.0	0.0	179.82298	0.0	0.0	0.5659516	0.0	0.0	0.0	0.0	31.08635	0.0	0.0	0.0	0.0	0.0	253.29773	0.0	97.86869	0.0	42.723827	0.0	0.0	0.0	0.0	0.0	0.0	0.0	0.0	0.0	109.0784	45.625156	0.0	3.6853983	0.0	0.0	111.64936	0.0	0.0	196.6859	0.0	21.552267	0.0	0.0	0.0	154.94374	28.093771	11.369397	117.035515	0.0	0.0	108.50259	53.51672	0.0	240.77617	0.0	0.0	0.0	162.54543	199.6234	0.0	0.0	92.62035	0.0	0.0	0.0	107.68978	65.112495	0.0	0.0	47.028656	0.0	0.0	0.0	268.2479	327.53104	110.697815	0.0	0.0	0.0	0.6581336	0.0	183.65332	201.04344	0.0	0.0	3.980589	0.0	0.0	0.0	0.7294325	0.0	181.29863	7.7715697	0.0	0.0	0.0	0.0
0.0	11.3112	0.0	225.20685	0.0	0.0	0.031008504	0.0	0.0	0.0	0.0	0.0	2.2427547	46.842716	274.06216	52.37271	260.1875	0.0	128.44748	0.0	0.0	195.24956	0.0	0.0	0.0	0.0	0.0	0.0	0.0	10.454968	0.0	0.0	160.46718	0.0	0.0	0.0	0.0	0.0	0.0	0.0	27.704294	0.0	0.0	0.0	0.0	0.0	226.32588	0.0	87.5532	0.0	38.22466	0.0	0.0	0.0	0.0	0.0	0.0	0.0	0.0	0.0	95.21366	40.659412	0.0	4.362705	0.0	0.0	96.228966	0.0	0.0	174.6744	0.0	17.226065	0.0	0.0	0.0	137.81012	23.003439	11.715672	105.81193	0.0	0.0	96.260155	49.89603	0.0	214.65944	0.0	0.0	0.0	147.25218	174.9613	0.0	0.0	83.7264	0.0	0.0	0.0	96.05515	57.598118	0.0	0.0	39.947475	0.0	0.0	0.0	240.41022	290.50397	101.21533	0.0	0.0	0.0	0.18936837	0.0	166.0374	179.27596	0.0	0.0	5.8991947	0.0	0.0	0.0	0.0	0.0	161.25804	2.4530225	0.0	0.0	0.0	0.0
0.0	11.189385	0.0	226.47289	0.0	0.0	0.0	0.0	0.0	0.0	0.0	0.0	2.3888562	46.730663	275.61832	52.37959	261.35492	0.0	129.03052	0.0	0.0	196.28052	0.0	0.0	0.0	0.0	0.0	0.0	0.0	10.697018	0.0	0.0	161.21063	0.0	0.0	0.0	0.0	0.0	0.0	0.0	27.818687	0.0	0.0	0.0	0.0	0.0	227.30829	0.0	88.16993	0.0	38.565517	0.0	0.0	0.0	0.0	0.0	0.0	0.0	0.0	0.0	95.82566	40.87973	0.0	4.26432	0.0	0.0	96.9611	0.0	0.0	175.67151	0.0	17.474035	0.0	0.0	0.0	138.52052	23.468573	11.643993	106.26441	0.0	0.0	96.7116	49.85825	0.0	215.85905	0.0	0.0	0.0	147.64073	176.25539	0.0	0.0	84.039696	0.0	0.0	0.0	96.74627	57.91683	0.0	0.0	40.16385	0.0	0.0	0.0	241.52495	292.43344	101.625984	0.0	0.0	0.0	0.20051236	0.0	166.54086	180.12712	0.0	0.0	5.542473	0.0	0.0	0.0	0.0	0.0	162.06987	3.1097286	0.0	0.0	0.0	0.0
0.0	11.38966	0.0	229.35298	0.0	0.0	0.0	0.0	0.0	0.0	0.0	0.0	2.2923443	47.126583	279.5097	53.15082	264.78177	0.0	130.70071	0.0	0.0	198.47334	0.0	0.0	0.0	0.0	0.0	0.0	0.0	10.8116045	0.0	0.0	163.30956	0.0	0.0	0.0	0.0	0.0	0.0	0.0	28.31677	0.0	0.0	0.0	0.0	0.0	230.27388	0.0	89.09048	0.0	38.922127	0.0	0.0	0.0	0.0	0.0	0.0	0.0	0.0	0.0	97.09729	41.317856	0.0	4.3927355	0.0	0.0	98.44293	0.0	0.0	177.94481	0.0	17.892143	0.0	0.0	0.0	140.36981	23.793009	11.592751	107.36175	0.0	0.0	98.018	50.367374	0.0	218.39363	0.0	0.0	0.0	149.49928	178.51488	0.0	0.0	85.00877	0.0	0.0	0.0	97.67587	59.146847	0.0	0.0	41.047592	0.0	0.0	0.0	244.48064	296.12976	102.84319	0.0	0.0	0.0	0.11238968	0.0	168.53407	182.27356	0.0	0.0	5.6936436	0.0	0.0	0.0	0.0	0.0	164.08559	3.2059724	0.0	0.0	0.0	0.0
0.0	11.57413	0.0	235.35101	0.0	0.0	0.27459916	0.0	0.0	0.0	0.0	0.0	2.5106068	47.3824	287.52338	54.930557	272.17734	0.0	134.70204	0.0	0.0	202.2686	0.0	0.0	0.0	0.0	0.0	0.0	0.0	10.136433	0.0	0.0	168.5924	0.0	0.0	0.0	0.0	0.0	0.0	0.0	28.888376	0.0	0.0	0.0	0.0	0.0	237.24861	0.0	89.60195	0.0	38.737988	0.0	0.0	0.0	0.0	0.0	0.0	0.0	0.0	0.0	100.88981	42.703644	0.0	3.3949444	0.0	0.0	102.18668	0.0	0.0	182.21007	0.0	18.89482	0.0	0.0	0.0	143.5146	23.720682	12.262517	109.00409	0.0	0.0	101.71937	51.11795	0.0	222.92116	0.0	0.0	0.0	154.47649	182.98155	0.0	0.0	86.9511	0.0	0.0	0.0	98.45939	60.828068	0.0	0.0	43.80238	0.0	0.0	0.0	249.9171	302.74112	104.01544	0.0	0.0	0.0	0.0	0.0	173.0177	187.70526	0.0	0.0	6.2896028	0.0	0.0	0.0	0.0	0.0	168.00352	3.544996	0.0	0.0	0.0	0.0
0.0	11.626582	0.03871706	254.78711	0.0	0.0	0.2844322	0.0	0.0	0.0	0.0	0.0	3.447707	48.133617	308.76788	56.36864	291.13455	0.0	143.32124	0.0	0.0	217.86159	0.0	0.0	0.0	0.0	0.0	0.0	0.0	13.068089	0.0	0.0	179.25099	0.0	0.0	0.8102944	0.0	0.0	0.0	0.0	31.041994	0.0	0.0	0.0	0.0	0.0	252.67763	0.0	97.831825	0.0	42.821106	0.0	0.0	0.0	0.0	0.0	0.0	0.0	0.0	0.0	108.99088	45.744358	0.0	3.6715603	0.0	0.0	111.58631	0.0	0.0	196.33775	0.0	21.49588	0.0	0.0	0.0	154.66286	28.29515	11.248779	116.947365	0.0	0.0	108.377464	53.521545	0.0	240.45764	0.0	0.0	0.0	161.97285	199.47777	0.0	0.0	92.385216	0.0	0.0	0.0	107.67991	65.14061	0.0	0.0	47.069492	0.0	0.0	0.0	267.63925	327.18027	110.31417	0.0	0.0	0.0	0.6492298	0.0	183.00798	200.6505	0.0	0.0	4.0152717	0.0	0.0	0.0	0.82698923	0.0	181.08098	8.41545	0.0	0.0	0.0	0.0
0.0	11.334075	0.0	232.8256	0.0	0.0	0.0	0.0	0.0	0.0	0.0	0.0	2.5623505	47.50459	283.2039	53.41597	268.25162	0.0	132.10698	0.0	0.0	201.45036	0.0	0.0	0.0	0.0	0.0	0.0	0.0	11.339131	0.0	0.0	165.38374	0.0	0.0	0.0	0.0	0.0	0.0	0.0	28.647484	0.0	0.0	0.0	0.0	0.0	233.08748	0.0	90.67623	0.0	39.70918	0.0	0.0	0.0	0.0	0.0	0.0	0.0	0.0	0.0	98.618355	41.801403	0.0	4.5272546	0.0	0.0	99.953575	0.0	0.0	180.58209	0.0	18.286837	0.0	0.0	0.0	142.48541	24.495422	11.479854	108.85943	0.0	0.0	99.13645	50.83775	0.0	221.72107	0.0	0.0	0.0	151.04164	181.4576	0.0	0.0	86.02401	0.0	0.0	0.0	99.522484	59.677044	0.0	0.0	41.407085	0.0	0.0	0.0	247.72514	300.6871	104.148865	0.0	0.0	0.0	0.3336701	0.0	170.48035	184.82487	0.0	0.0	5.24226	0.0	0.0	0.0	0.0	0.0	166.43985	4.008082	0.0	0.0	0.0	0.0
0.0	11.449697	0.0	241.00777	0.0	0.0	0.0	0.0	0.0	0.0	0.0	0.0	2.9286163	47.908356	293.15976	55.151077	277.14954	0.0	136.71895	0.0	0.0	207.58813	0.0	0.0	0.0	0.0	0.0	0.0	0.0	11.782773	0.0	0.0	171.00734	0.0	0.0	0.0	0.0	0.0	0.0	0.0	29.396341	0.0	0.0	0.0	0.0	0.0	240.45372	0.0	93.38202	0.0	40.91045	0.0	0.0	0.0	0.0	0.0	0.0	0.0	0.0	0.0	102.40395	43.03253	0.0	4.1283784	0.0	0.0	104.44135	0.0	0.0	186.60347	0.0	19.500265	0.0	0.0	0.0	147.20056	25.783098	11.573307	112.06492	0.0	0.0	102.85015	52.100647	0.0	228.8352	0.0	0.0	0.0	155.3539	187.91994	0.0	0.0	88.55497	0.0	0.0	0.0	102.74643	61.772766	0.0	0.0	43.45576	0.0	0.0	0.0	255.14192	311.00034	106.832054	0.0	0.0	0.0	0.38201377	0.0	175.55241	190.87305	0.0	0.0	4.9314075	0.0	0.0	0.0	0.0	0.0	171.64336	5.158191	0.0	0.0	0.0	0.0
0.0	11.13744	0.0	242.25822	0.0	0.0	0.0	0.0	0.0	0.0	0.0	0.0	2.7818005	48.053223	294.20914	55.121002	278.0095	0.0	137.07861	0.0	0.0	208.59094	0.0	0.0	0.0	0.0	0.0	0.0	0.0	11.812831	0.0	0.0	171.83888	0.0	0.0	0.0	0.0	0.0	0.0	0.0	29.613596	0.0	0.0	0.0	0.0	0.0	241.47282	0.0	93.72158	0.0	41.032867	0.0	0.0	0.0	0.0	0.0	0.0	0.0	0.0	0.0	102.85276	43.1076	0.0	4.0567765	0.0	0.0	104.91302	0.0	0.0	187.45673	0.0	19.652466	0.0	0.0	0.0	147.75946	26.0315	11.5180855	112.27047	0.0	0.0	103.08253	52.113743	0.0	229.81622	0.0	0.0	0.0	155.92531	189.12505	0.0	0.0	88.73586	0.0	0.0	0.0	103.22363	61.867535	0.0	0.0	43.518677	0.0	0.0	0.0	256.29636	312.1443	107.17094	0.0	0.0	0.0	0.48302248	0.0	176.2133	191.78003	0.0	0.0	4.5618987	0.0	0.0	0.0	0.0	0.0	172.54433	5.373137	0.0	0.0	0.0	0.0
0.0	12.035778	0.023319833	258.3229	0.0	0.0	0.36070964	0.0	0.0	0.0	0.0	0.0	3.6614196	48.092808	313.58008	57.23573	295.40356	0.0	145.56718	0.0	0.0	220.36938	0.0	0.0	0.0	0.0	0.0	0.0	0.0	13.193135	0.0	0.0	181.87453	0.0	0.0	0.8337293	0.0	0.0	0.0	0.0	31.45936	0.0	0.0	0.0	0.0	0.0	256.1841	0.0	98.887596	0.0	43.41692	0.0	0.0	0.0	0.0	0.0	0.0	0.0	0.0	0.0	110.82554	46.364475	0.0	3.64409	0.0	0.0	113.82752	0.0	0.0	199.01501	0.0	22.076365	0.0	0.0	0.0	156.80663	28.734703	11.3922615	118.35142	0.0	0.0	110.232605	53.949238	0.0	243.37054	0.0	0.0	0.0	164.17291	202.2075	0.0	0.0	93.557434	0.0	0.0	0.0	108.73257	66.35119	0.0	0.0	48.237408	0.0	0.0	0.0	270.88248	331.72266	111.40528	0.0	0.0	0.0	0.5973941	0.0	185.33368	203.34723	0.0	0.0	4.2238107	0.0	0.0	0.0	1.0952474	0.0	183.36768	8.975793	0.0	0.0	0.0	0.0
0.0	72.44105	0.0	1472.9447	0.0	0.0	3.5069458	0.0	0.0	0.0	0.0	0.0	29.885366	274.50687	1782.7963	333.38965	1694.769	0.0	831.1525	0.0	0.0	1253.0048	0.0	0.0	0.0	0.0	0.0	0.0	0.0	73.76211	0.0	0.0	1032.5199	0.0	0.0	8.18488	0.0	0.0	0.0	0.0	163.07533	0.0	0.0	0.0	0.0	0.0	1464.7139	0.0	556.96747	0.0	245.72105	0.0	0.0	0.0	0.0	0.0	0.0	0.0	0.0	0.0	644.2231	265.087	0.0	22.51555	0.0	0.0	653.9612	0.0	0.0	1132.5925	0.0	130.8028	0.0	0.0	0.0	888.64355	155.69482	68.958336	673.7973	0.0	0.0	635.4206	306.8351	0.0	1371.9805	0.0	0.0	0.0	941.5816	1150.8671	0.0	0.0	536.10736	0.0	0.0	0.0	613.64056	382.51428	0.0	0.0	286.84555	0.0	0.0	0.0	1532.2474	1893.0277	621.17426	0.0	0.0	0.0	4.1253257	0.0	1056.4532	1165.149	0.0	0.0	32.842335	0.0	0.0	0.0	7.9779735	0.0	1042.6165	59.048473	0.0	0.0	0.0	0.0
0.0	65.06658	0.0	1384.66	0.0	0.0	3.0151806	0.0	0.0	0.0	0.0	0.0	26.573816	276.40134	1680.5216	324.93506	1605.9102	0.0	789.67596	0.0	0.0	1189.8481	0.0	0.0	0.0	0.0	0.0	0.0	0.0	65.61911	0.0	0.0	980.8726	0.0	0.0	1.5635108	0.0	0.0	0.0	0.0	153.87114	0.0	0.0	0.0	0.0	0.0	1389.5654	0.0	530.4433	0.0	233.29529	0.0	0.0	0.0	0.0	0.0	0.0	0.0	0.0	0.0	600.65283	247.73967	0.0	19.175266	0.0	0.0	604.6629	0.0	0.0	1072.2365	0.0	118.3562	0.0	0.0	0.0	838.39374	141.53151	71.1429	642.47876	0.0	0.0	601.3348	298.38602	0.0	1298.8076	0.0	0.0	0.0	900.61993	1076.2003	0.0	0.0	511.14017	0.0	0.0	0.0	582.3875	359.0692	0.0	0.0	261.49496	0.0	0.0	0.0	1455.6222	1788.2627	602.6843	0.0	0.0	0.0	3.4546232	0.0	1012.06323	1103.693	0.0	0.0	37.44077	0.0	0.0	0.0	0.7574739	0.0	984.67365	37.6039	0.0	0.0	0.0	0.0
0.0	66.06287	0.0	1330.979	0.0	0.0	2.8924897	0.0	0.0	0.0	0.0	0.0	23.6923	275.58658	1619.3129	318.74838	1550.0497	0.0	761.8841	0.0	0.0	1150.9624	0.0	0.0	0.0	0.0	0.0	0.0	0.0	60.595264	0.0	0.0	948.9497	0.0	0.0	0.40088835	0.0	0.0	0.0	0.0	149.43376	0.0	0.0	0.0	0.0	0.0	1345.8602	0.0	513.78644	0.0	224.78514	0.0	0.0	0.0	0.0	0.0	0.0	0.0	0.0	0.0	575.70874	237.57796	0.0	17.058872	0.0	0.0	575.254	0.0	0.0	1034.015	0.0	109.12885	0.0	0.0	0.0	808.13727	132.62036	72.93338	622.26886	0.0	0.0	580.07983	290.9984	0.0	1253.8344	0.0	0.0	0.0	874.91364	1033.4847	0.0	0.0	495.65698	0.0	0.0	0.0	561.69507	345.48715	0.0	0.0	246.86217	0.0	0.0	0.0	1409.2622	1724.1434	587.92395	0.0	0.0	0.0	1.6870898	0.0	984.4355	1066.2194	0.0	0.0	43.596973	0.0	0.0	0.0	0.0	0.0	949.59033	25.90782	0.0	0.0	0.0	0.0
0.0	64.91727	0.0	1328.9161	0.0	0.0	2.7540314	0.0	0.0	0.0	0.0	0.0	24.12027	275.4418	1614.5981	317.52145	1546.5693	0.0	760.4467	0.0	0.0	1149.1149	0.0	0.0	0.0	0.0	0.0	0.0	0.0	60.195408	0.0	0.0	946.45514	0.0	0.0	0.4369093	0.0	0.0	0.0	0.0	147.87025	0.0	0.0	0.0	0.0	0.0	1342.836	0.0	513.2581	0.0	225.33281	0.0	0.0	0.0	0.0	0.0	0.0	0.0	0.0	0.0	576.55963	237.26936	0.0	17.066065	0.0	0.0	574.0214	0.0	0.0	1031.4064	0.0	109.85171	0.0	0.0	0.0	805.9688	132.53682	72.92123	621.6377	0.0	0.0	578.3929	290.59033	0.0	1251.8232	0.0	0.0	0.0	873.68915	1030.7373	0.0	0.0	494.24033	0.0	0.0	0.0	561.52277	344.44247	0.0	0.0	245.23865	0.0	0.0	0.0	1405.2954	1721.0742	586.2323	0.0	0.0	0.0	0.63227636	0.0	981.387	1064.6743	0.0	0.0	42.623203	0.0	0.0	0.0	0.0	0.0	947.67633	23.577238	0.0	0.0	0.0	0.0
0.0	66.13633	0.0	1308.8842	0.0	0.0	2.0520205	0.0	0.0	0.0	0.0	0.0	22.977316	275.32315	1592.7662	315.32535	1525.0216	0.0	750.1468	0.0	0.0	1134.3192	0.0	0.0	0.0	0.0	0.0	0.0	0.0	59.47249	0.0	0.0	932.7886	0.0	0.0	0.5074761	0.0	0.0	0.0	0.0	146.5158	0.0	0.0	0.0	0.0	0.0	1324.3666	0.0	508.59412	0.0	223.11841	0.0	0.0	0.0	0.0	0.0	0.0	0.0	0.0	0.0	564.5964	233.60939	0.0	17.99432	0.0	0.0	563.5298	0.0	0.0	1017.17267	0.0	105.71502	0.0	0.0	0.0	795.9077	129.58345	73.59806	615.0184	0.0	0.0	568.7891	287.94528	0.0	1236.0956	0.0	0.0	0.0	861.6338	1015.4427	0.0	0.0	489.5863	0.0	0.0	0.0	553.9529	340.57672	0.0	0.0	239.20154	0.0	0.0	0.0	1388.1787	1697.751	580.61017	0.0	0.0	0.0	0.69609374	0.0	969.8204	1049.618	0.0	0.0	43.863575	0.0	0.0	0.0	0.0	0.0	934.67975	21.395386	0.0	0.0	0.0	0.0
0.0	65.0459	0.0	1326.4508	0.0	0.0	2.9966767	0.0	0.0	0.0	0.0	0.0	24.56813	274.89087	1612.0719	316.9591	1543.9703	0.0	758.1108	0.0	0.0	1146.7435	0.0	0.0	0.0	0.0	0.0	0.0	0.0	60.383595	0.0	0.0	945.64813	0.0	0.0	0.3552239	0.0	0.0	0.0	0.0	148.47162	0.0	0.0	0.0	0.0	0.0	1340.8936	0.0	512.346	0.0	224.46582	0.0	0.0	0.0	0.0	0.0	0.0	0.0	0.0	0.0	574.08417	236.16759	0.0	18.350798	0.0	0.0	573.05273	0.0	0.0	1030.0922	0.0	109.007225	0.0	0.0	0.0	806.3042	132.2767	72.92435	620.2012	0.0	0.0	576.5739	289.26047	0.0	1250.1903	0.0	0.0	0.0	871.9697	1029.5571	0.0	0.0	493.7555	0.0	0.0	0.0	560.57587	343.3103	0.0	0.0	244.52766	0.0	0.0	0.0	1403.8092	1718.0397	586.0214	0.0	0.0	0.0	1.7018539	0.0	980.7712	1062.857	0.0	0.0	42.19095	0.0	0.0	0.0	0.0	0.0	946.396	25.238607	0.0	0.0	0.0	0.0
0.0	65.65045	0.0	1322.7693	0.0	0.0	3.7048168	0.0	0.0	0.0	0.0	0.0	24.787909	272.77344	1609.2383	315.73483	1540.9365	0.0	757.83936	0.0	0.0	1144.6898	0.0	0.0	0.0	0.0	0.0	0.0	0.0	60.767254	0.0	0.0	943.12665	0.0	0.0	0.3079776	0.0	0.0	0.0	0.0	149.37471	0.0	0.0	0.0	0.0	0.0	1336.9681	0.0	511.91275	0.0	224.66359	0.0	0.0	0.0	0.0	0.0	0.0	0.0	0.0	0.0	572.5145	237.73213	0.0	16.679358	0.0	0.0	571.7598	0.0	0.0	1027.8312	0.0	107.9719	0.0	0.0	0.0	803.8355	133.03673	73.14085	619.84436	0.0	0.0	577.40326	290.90112	0.0	1247.6927	0.0	0.0	0.0	869.4816	1027.0563	0.0	0.0	492.5681	0.0	0.0	0.0	559.9267	342.33167	0.0	0.0	244.76778	0.0	0.0	0.0	1401.3016	1714.8485	585.5481	0.0	0.0	0.0	2.238667	0.0	978.1265	1059.6232	0.0	0.0	43.54108	0.0	0.0	0.0	0.0	0.0	944.0739	26.588568	0.0	0.0	0.0	0.0
0.0	65.18774	0.0	1362.9979	0.0	0.0	2.6510348	0.0	0.0	0.0	0.0	0.0	26.091837	275.8009	1655.6006	321.8514	1582.6649	0.0	777.35614	0.0	0.0	1174.2832	0.0	0.0	0.0	0.0	0.0	0.0	0.0	64.243385	0.0	0.0	968.3594	0.0	0.0	0.71299165	0.0	0.0	0.0	0.0	152.74739	0.0	0.0	0.0	0.0	0.0	1371.3174	0.0	525.00385	0.0	229.86475	0.0	0.0	0.0	0.0	0.0	0.0	0.0	0.0	0.0	589.56964	242.76457	0.0	17.331577	0.0	0.0	592.63696	0.0	0.0	1057.1307	0.0	114.58508	0.0	0.0	0.0	826.68866	139.13287	71.90346	634.34515	0.0	0.0	592.3281	294.7323	0.0	1281.7831	0.0	0.0	0.0	890.1241	1059.7504	0.0	0.0	504.3358	0.0	0.0	0.0	575.0754	352.97208	0.0	0.0	254.85954	0.0	0.0	0.0	1437.6605	1763.0978	598.25134	0.0	0.0	0.0	3.5556962	0.0	1001.2513	1087.8125	0.0	0.0	39.719906	0.0	0.0	0.0	0.0	0.0	970.6181	32.416042	0.0	0.0	0.0	0.0
0.0	65.75198	0.0	1342.8903	0.0	0.0	1.9534436	0.0	0.0	0.0	0.0	0.0	25.355341	277.20938	1631.9496	320.0278	1561.9032	0.0	768.0691	0.0	0.0	1160.442	0.0	0.0	0.0	0.0	0.0	0.0	0.0	62.371166	0.0	0.0	954.4001	0.0	0.0	1.1020094	0.0	0.0	0.0	0.0	148.52472	0.0	0.0	0.0	0.0	0.0	1354.0476	0.0	519.8804	0.0	229.05415	0.0	0.0	0.0	0.0	0.0	0.0	0.0	0.0	0.0	581.5961	239.77003	0.0	18.159851	0.0	0.0	581.19147	0.0	0.0	1042.3907	0.0	111.7168	0.0	0.0	0.0	815.5388	136.0235	72.71335	628.7622	0.0	0.0	582.98895	293.1484	0.0	1264.8464	0.0	0.0	0.0	879.20404	1042.5215	0.0	0.0	499.7698	0.0	0.0	0.0	567.65717	347.8419	0.0	0.0	248.15004	0.0	0.0	0.0	1419.6235	1740.6636	592.112	0.0	0.0	0.0	2.5361142	0.0	989.6333	1073.9232	0.0	0.0	40.97229	0.0	0.0	0.0	0.0	0.0	957.2392	28.96441	0.0	0.0	0.0	0.0
0.0	65.59164	0.0	1266.7467	0.0	0.0	3.8414676	0.0	0.0	0.0	0.0	0.0	21.584925	271.67728	1544.2709	307.99695	1481.19	0.0	728.9158	0.0	0.0	1101.4083	0.0	0.0	0.0	0.0	0.0	0.0	0.0	56.04889	0.0	0.0	905.55536	0.0	0.0	0.29774404	0.0	0.0	0.0	0.0	142.02863	0.0	0.0	0.0	0.0	0.0	1288.0856	0.0	491.9835	0.0	215.98	0.0	0.0	0.0	0.0	0.0	0.0	0.0	0.0	0.0	547.02484	227.65083	0.0	18.484213	0.0	0.0	541.788	0.0	0.0	986.0537	0.0	100.52936	0.0	0.0	0.0	770.8658	122.27512	73.872314	598.6553	0.0	0.0	552.9867	282.27017	0.0	1197.1305	0.0	0.0	0.0	841.9175	980.3654	0.0	0.0	476.2595	0.0	0.0	0.0	536.0734	330.37582	0.0	0.0	231.96843	0.0	0.0	0.0	1349.5287	1644.6498	567.48627	0.0	0.0	0.0	0.0	0.0	944.6193	1018.4961	0.0	0.0	47.16753	0.0	0.0	0.0	0.0	0.0	906.98334	14.723317	0.0	0.0	0.0	0.0
0.0	65.900665	0.0	1288.1567	0.0	0.0	2.2652552	0.0	0.0	0.0	0.0	0.0	22.384308	272.41922	1568.7987	310.98087	1505.2767	0.0	738.9822	0.0	0.0	1118.5533	0.0	0.0	0.0	0.0	0.0	0.0	0.0	57.631603	0.0	0.0	920.31274	0.0	0.0	0.0	0.0	0.0	0.0	0.0	145.80214	0.0	0.0	0.0	0.0	0.0	1308.0978	0.0	499.15536	0.0	218.7831	0.0	0.0	0.0	0.0	0.0	0.0	0.0	0.0	0.0	558.0792	231.92883	0.0	18.805635	0.0	0.0	551.92615	0.0	0.0	1002.7684	0.0	103.51803	0.0	0.0	0.0	784.4931	125.50665	73.52491	605.6949	0.0	0.0	561.7834	285.8544	0.0	1216.5287	0.0	0.0	0.0	853.191	998.93097	0.0	0.0	482.17056	0.0	0.0	0.0	544.2165	335.8097	0.0	0.0	237.42445	0.0	0.0	0.0	1368.6019	1671.204	574.7659	0.0	0.0	0.0	0.63750374	0.0	958.1469	1035.4081	0.0	0.0	45.998016	0.0	0.0	0.0	0.0	0.0	922.32	18.824759	0.0	0.0	0.0	0.0
0.0	64.99197	0.0	1368.3951	0.0	0.0	2.7281475	0.0	0.0	0.0	0.0	0.0	24.972727	276.97287	1660.5267	323.54538	1588.4391	0.0	780.5274	0.0	0.0	1178.3278	0.0	0.0	0.0	0.0	0.0	0.0	0.0	63.831905	0.0	0.0	971.2946	0.0	0.0	0.5396053	0.0	0.0	0.0	0.0	151.90065	0.0	0.0	0.0	0.0	0.0	1376.395	0.0	525.0828	0.0	230.39972	0.0	0.0	0.0	0.0	0.0	0.0	0.0	0.0	0.0	592.57245	244.11308	0.0	18.143635	0.0	0.0	594.9595	0.0	0.0	1060.5092	0.0	116.37683	0.0	0.0	0.0	828.5783	138.42639	71.85247	635.7409	0.0	0.0	593.509	296.0388	0.0	1285.518	0.0	0.0	0.0	893.20636	1062.7157	0.0	0.0	506.32675	0.0	0.0	0.0	575.3991	355.12076	0.0	0.0	255.80278	0.0	0.0	0.0	1440.3236	1767.4264	597.87616	0.0	0.0	0.0	2.9597807	0.0	1004.28125	1091.7401	0.0	0.0	38.627766	0.0	0.0	0.0	0.0	0.0	973.76337	32.402237	0.0	0.0	0.0	0.0
0.0	65.03445	0.0	1352.3357	0.0	0.0	2.2834659	0.0	0.0	0.0	0.0	0.0	24.76529	275.1329	1643.6826	320.55334	1571.4977	0.0	772.5262	0.0	0.0	1165.3605	0.0	0.0	0.0	0.0	0.0	0.0	0.0	63.06726	0.0	0.0	961.6224	0.0	0.0	0.69498116	0.0	0.0	0.0	0.0	150.8973	0.0	0.0	0.0	0.0	0.0	1362.0624	0.0	520.0322	0.0	228.50792	0.0	0.0	0.0	0.0	0.0	0.0	0.0	0.0	0.0	585.487	240.67464	0.0	17.039333	0.0	0.0	587.81024	0.0	0.0	1048.9257	0.0	113.84436	0.0	0.0	0.0	820.02606	137.35463	72.489204	629.7153	0.0	0.0	587.2045	292.30685	0.0	1271.3456	0.0	0.0	0.0	884.054	1050.9583	0.0	0.0	501.6632	0.0	0.0	0.0	569.18286	351.16586	0.0	0.0	252.53157	0.0	0.0	0.0	1426.6224	1749.1654	593.1144	0.0	0.0	0.0	2.1351717	0.0	993.9504	1080.1036	0.0	0.0	38.977795	0.0	0.0	0.0	0.0	0.0	962.5799	30.777369	0.0	0.0	0.0	0.0
0.0	75.47391	0.0	1492.5524	0.0	0.0	3.5811443	0.0	0.0	0.0	0.0	0.0	30.977692	278.09616	1805.9629	337.46054	1716.4854	0.0	842.2463	0.0	0.0	1270.5052	0.0	0.0	0.0	0.0	0.0	0.0	0.0	76.108154	0.0	0.0	1043.7783	0.0	0.0	8.868276	0.0	0.0	0.0	0.0	166.12753	0.0	0.0	0.0	0.0	0.0	1483.2817	0.0	565.69037	0.0	249.90515	0.0	0.0	0.0	0.0	0.0	0.0	0.0	0.0	0.0	651.78864	268.8402	0.0	23.92385	0.0	0.0	662.615	0.0	0.0	1147.7626	0.0	132.48302	0.0	0.0	0.0	900.4499	158.70183	69.464386	683.4238	0.0	0.0	642.9983	311.60858	0.0	1390.6383	0.0	0.0	0.0	951.3865	1167.1288	0.0	0.0	543.49664	0.0	0.0	0.0	622.77313	386.31662	0.0	0.0	290.10324	0.0	0.0	0.0	1552.4872	1918.3705	629.847	0.0	0.0	0.0	4.897927	0.0	1068.3221	1179.2584	0.0	0.0	33.164352	0.0	0.0	0.0	8.769267	0.0	1057.0679	62.36435	0.0	0.0	0.0	0.0
0.0	65.56776	1.0484084	1399.1099	0.0	0.0	0.0	0.0	0.0	0.0	0.0	0.0	24.949453	282.60605	1695.755	331.7596	1617.377	0.0	795.18115	0.0	0.0	1200.1788	0.0	0.0	0.0	0.0	0.0	0.0	0.0	66.14062	0.0	0.0	989.8073	0.0	0.0	6.5533843	0.0	0.0	0.0	0.0	152.74028	0.0	0.0	0.0	0.0	0.0	1397.8441	0.0	539.91724	0.0	237.71455	0.0	0.0	0.0	0.0	0.0	0.0	0.0	0.0	0.0	602.9744	245.73857	0.0	20.754583	0.0	0.0	609.7505	0.0	0.0	1082.1869	0.0	118.16897	0.0	0.0	0.0	849.02875	141.23964	72.78072	649.3553	0.0	0.0	600.84357	297.09744	0.0	1312.2994	0.0	0.0	0.0	905.96045	1083.6294	0.0	0.0	519.5246	0.0	0.0	0.0	590.1464	363.34805	0.0	0.0	259.27652	0.0	0.0	0.0	1464.945	1806.9076	608.4943	0.0	0.0	0.0	3.601629	0.0	1022.8122	1111.181	0.0	0.0	37.36716	0.0	0.0	0.0	1.9559628	0.0	989.5879	38.308617	0.0	0.0	0.0	0.0
0.0	65.38984	0.0	1374.8995	0.0	0.0	1.9463687	0.0	0.0	0.0	0.0	0.0	25.46991	277.72617	1668.5074	324.13156	1594.1354	0.0	783.02124	0.0	0.0	1183.1505	0.0	0.0	0.0	0.0	0.0	0.0	0.0	64.55581	0.0	0.0	975.62085	0.0	0.0	0.9124487	0.0	0.0	0.0	0.0	153.00267	0.0	0.0	0.0	0.0	0.0	1380.5736	0.0	528.74414	0.0	232.01479	0.0	0.0	0.0	0.0	0.0	0.0	0.0	0.0	0.0	594.4175	244.07263	0.0	18.185316	0.0	0.0	597.77356	0.0	0.0	1065.0005	0.0	115.89529	0.0	0.0	0.0	832.93066	139.2801	71.63262	639.15826	0.0	0.0	595.58344	295.85544	0.0	1291.8104	0.0	0.0	0.0	896.27734	1068.0895	0.0	0.0	508.2601	0.0	0.0	0.0	579.4258	356.1593	0.0	0.0	256.55847	0.0	0.0	0.0	1447.0791	1776.1039	600.68286	0.0	0.0	0.0	3.0156634	0.0	1008.0257	1096.5262	0.0	0.0	38.105255	0.0	0.0	0.0	0.0	0.0	977.6452	33.626675	0.0	0.0	0.0	0.0
0.0	65.16167	0.0	1356.9205	0.0	0.0	1.7494439	0.0	0.0	0.0	0.0	0.0	25.527664	277.28128	1648.1979	321.53418	1575.7877	0.0	773.6386	0.0	0.0	1170.4912	0.0	0.0	0.0	0.0	0.0	0.0	0.0	63.527554	0.0	0.0	963.6433	0.0	0.0	0.57539225	0.0	0.0	0.0	0.0	150.96404	0.0	0.0	0.0	0.0	0.0	1366.3715	0.0	523.3465	0.0	229.29836	0.0	0.0	0.0	0.0	0.0	0.0	0.0	0.0	0.0	586.659	241.7404	0.0	17.142714	0.0	0.0	588.02673	0.0	0.0	1052.3429	0.0	113.231384	0.0	0.0	0.0	823.0053	137.4647	72.422874	632.4619	0.0	0.0	587.89166	293.3149	0.0	1276.6818	0.0	0.0	0.0	885.0511	1054.3081	0.0	0.0	503.46518	0.0	0.0	0.0	572.3596	352.09946	0.0	0.0	251.44952	0.0	0.0	0.0	1431.1035	1756.081	594.8969	0.0	0.0	0.0	1.8311633	0.0	997.22217	1082.8741	0.0	0.0	40.36523	0.0	0.0	0.0	0.0	0.0	965.9109	31.133718	0.0	0.0	0.0	0.0
0.0	71.65832	0.0	1481.7936	0.0	0.0	3.8696423	0.0	0.0	0.0	0.0	0.0	28.274008	279.75397	1792.8011	337.39804	1702.8395	0.0	837.79395	0.0	0.0	1261.629	0.0	0.0	0.0	0.0	0.0	0.0	0.0	71.29632	0.0	0.0	1040.2456	0.0	0.0	6.7067	0.0	0.0	0.0	0.0	164.08588	0.0	0.0	0.0	0.0	0.0	1477.31	0.0	559.0939	0.0	245.14568	0.0	0.0	0.0	0.0	0.0	0.0	0.0	0.0	0.0	647.2631	266.99298	0.0	21.805809	0.0	0.0	655.7045	0.0	0.0	1138.3405	0.0	131.2147	0.0	0.0	0.0	891.4616	155.44102	71.53554	675.986	0.0	0.0	638.9085	308.27786	0.0	1381.9352	0.0	0.0	0.0	948.4727	1157.3353	0.0	0.0	540.0029	0.0	0.0	0.0	614.684	382.44052	0.0	0.0	287.1655	0.0	0.0	0.0	1542.6188	1901.318	624.4953	0.0	0.0	0.0	4.100922	0.0	1064.3623	1171.7365	0.0	0.0	33.317165	0.0	0.0	0.0	6.7760396	0.0	1047.5533	57.35066	0.0	0.0	0.0	0.0
0.0	66.0568	0.0	1299.8207	0.0	0.0	2.722873	0.0	0.0	0.0	0.0	0.0	22.228079	274.2319	1582.4966	314.5721	1516.8096	0.0	746.1452	0.0	0.0	1127.0688	0.0	0.0	0.0	0.0	0.0	0.0	0.0	58.059185	0.0	0.0	927.8294	0.0	0.0	0.27753124	0.0	0.0	0.0	0.0	145.63106	0.0	0.0	0.0	0.0	0.0	1317.848	0.0	503.1725	0.0	220.13133	0.0	0.0	0.0	0.0	0.0	0.0	0.0	0.0	0.0	561.16547	232.50658	0.0	17.767076	0.0	0.0	558.6719	0.0	0.0	1010.84937	0.0	105.39673	0.0	0.0	0.0	789.30273	127.073524	73.82908	610.3847	0.0	0.0	566.40326	286.44962	0.0	1226.1981	0.0	0.0	0.0	858.321	1007.5611	0.0	0.0	486.72647	0.0	0.0	0.0	548.68414	338.9783	0.0	0.0	239.22552	0.0	0.0	0.0	1378.7826	1685.1631	577.3752	0.0	0.0	0.0	0.23051496	0.0	965.4417	1042.9125	0.0	0.0	44.92529	0.0	0.0	0.0	0.0	0.0	928.40326	20.01259	0.0	0.0	0.0	0.0
0.0	67.72998	0.0	1417.1074	0.0	0.0	3.1735618	0.0	0.0	0.0	0.0	0.0	27.72493	275.85104	1719.229	328.30453	1638.16	0.0	804.96265	0.0	0.0	1212.5743	0.0	0.0	0.0	0.0	0.0	0.0	0.0	67.069374	0.0	0.0	1002.25415	0.0	0.0	2.947148	0.0	0.0	0.0	0.0	156.95122	0.0	0.0	0.0	0.0	0.0	1419.3812	0.0	540.0507	0.0	237.57251	0.0	0.0	0.0	0.0	0.0	0.0	0.0	0.0	0.0	617.48047	254.55403	0.0	18.401516	0.0	0.0	622.72485	0.0	0.0	1094.124	0.0	122.460144	0.0	0.0	0.0	857.75885	146.27213	71.088615	653.1611	0.0	0.0	614.49554	300.19998	0.0	1327.1825	0.0	0.0	0.0	916.3366	1104.3109	0.0	0.0	520.51105	0.0	0.0	0.0	592.41	369.04764	0.0	0.0	270.7896	0.0	0.0	0.0	1484.7412	1827.8052	608.1139	0.0	0.0	0.0	2.7861407	0.0	1028.5562	1127.0665	0.0	0.0	36.779613	0.0	0.0	0.0	2.7429197	0.0	1005.9598	45.27707	0.0	0.0	0.0	0.0
0.0	65.346794	0.0	1371.8033	0.0	0.0	2.1862166	0.0	0.0	0.0	0.0	0.0	25.342691	276.0696	1666.85	323.55887	1593.0033	0.0	782.76807	0.0	0.0	1180.4292	0.0	0.0	0.0	0.0	0.0	0.0	0.0	63.986706	0.0	0.0	974.466	0.0	0.0	0.66892356	0.0	0.0	0.0	0.0	153.82375	0.0	0.0	0.0	0.0	0.0	1380.1295	0.0	526.39014	0.0	230.97711	0.0	0.0	0.0	0.0	0.0	0.0	0.0	0.0	0.0	594.7422	245.23735	0.0	18.023722	0.0	0.0	597.7481	0.0	0.0	1063.2655	0.0	115.42682	0.0	0.0	0.0	831.79224	139.50957	72.02454	637.3174	0.0	0.0	597.1797	296.75455	0.0	1288.7327	0.0	0.0	0.0	895.4698	1066.2059	0.0	0.0	507.0465	0.0	0.0	0.0	576.713	355.94727	0.0	0.0	258.6782	0.0	0.0	0.0	1445.168	1772.7667	599.3444	0.0	0.0	0.0	2.9346418	0.0	1006.4997	1095.2584	0.0	0.0	39.641247	0.0	0.0	0.0	0.0	0.0	976.41406	33.860867	0.0	0.0	0.0	0.0
0.0	65.41801	0.0	1292.3727	0.0	0.0	2.738427	0.0	0.0	0.0	0.0	0.0	22.38334	273.35196	1574.0245	312.76425	1510.0231	0.0	741.5066	0.0	0.0	1121.8932	0.0	0.0	0.0	0.0	0.0	0.0	0.0	57.990406	0.0	0.0	922.53	0.0	0.0	0.70254445	0.0	0.0	0.0	0.0	145.05186	0.0	0.0	0.0	0.0	0.0	1312.5433	0.0	501.32376	0.0	219.76793	0.0	0.0	0.0	0.0	0.0	0.0	0.0	0.0	0.0	559.71857	231.85254	0.0	17.958843	0.0	0.0	554.7673	0.0	0.0	1005.575	0.0	103.85907	0.0	0.0	0.0	785.84247	126.05288	73.44622	608.17316	0.0	0.0	564.5462	285.29016	0.0	1219.3633	0.0	0.0	0.0	855.3696	1001.68195	0.0	0.0	484.16006	0.0	0.0	0.0	545.75366	337.61172	0.0	0.0	238.78705	0.0	0.0	0.0	1373.6932	1676.5781	575.503	0.0	0.0	0.0	0.21645272	0.0	960.90424	1037.7598	0.0	0.0	47.344116	0.0	0.0	0.0	0.0	0.0	924.37946	18.914223	0.0	0.0	0.0	0.0
0.0	66.12652	0.0	1271.173	0.0	0.0	3.9960902	0.0	0.0	0.0	0.0	0.0	22.480835	271.15622	1549.6172	309.18735	1486.7118	0.0	731.8581	0.0	0.0	1104.3895	0.0	0.0	0.0	0.0	0.0	0.0	0.0	56.10854	0.0	0.0	909.08905	0.0	0.0	0.39407277	0.0	0.0	0.0	0.0	142.2664	0.0	0.0	0.0	0.0	0.0	1292.7906	0.0	492.6121	0.0	215.99811	0.0	0.0	0.0	0.0	0.0	0.0	0.0	0.0	0.0	548.3633	228.69112	0.0	17.592726	0.0	0.0	544.5608	0.0	0.0	989.2407	0.0	101.72162	0.0	0.0	0.0	773.1209	122.64889	74.92516	599.29645	0.0	0.0	555.24713	282.56888	0.0	1201.2107	0.0	0.0	0.0	844.32806	984.2895	0.0	0.0	478.14377	0.0	0.0	0.0	536.6867	331.48877	0.0	0.0	233.16927	0.0	0.0	0.0	1352.2579	1649.6678	567.9386	0.0	0.0	0.0	0.0	0.0	947.9116	1022.0286	0.0	0.0	46.244152	0.0	0.0	0.0	0.0	0.0	909.6595	16.388083	0.0	0.0	0.0	0.0
0.0	65.4316	0.0	1287.5763	0.0	0.0	2.3073	0.0	0.0	0.0	0.0	0.0	21.346262	273.99643	1566.8243	312.77823	1503.2076	0.0	738.575	0.0	0.0	1117.2682	0.0	0.0	0.0	0.0	0.0	0.0	0.0	57.38426	0.0	0.0	919.10223	0.0	0.0	0.38863048	0.0	0.0	0.0	0.0	143.02266	0.0	0.0	0.0	0.0	0.0	1306.9479	0.0	499.17203	0.0	217.6142	0.0	0.0	0.0	0.0	0.0	0.0	0.0	0.0	0.0	555.55316	229.63283	0.0	17.91839	0.0	0.0	552.2637	0.0	0.0	1001.16425	0.0	104.00302	0.0	0.0	0.0	782.29535	125.02182	73.92557	604.92706	0.0	0.0	560.9481	284.14047	0.0	1214.5625	0.0	0.0	0.0	851.583	997.37524	0.0	0.0	482.77377	0.0	0.0	0.0	543.97363	335.11136	0.0	0.0	235.83669	0.0	0.0	0.0	1366.9393	1669.3839	573.0393	0.0	0.0	0.0	0.18914711	0.0	958.614	1033.9956	0.0	0.0	46.20955	0.0	0.0	0.0	0.0	0.0	919.81396	17.322145	0.0	0.0	0.0	0.0
0.0	65.457146	0.0	1274.9335	0.0	0.0	2.837063	0.0	0.0	0.0	0.0	0.0	20.598516	272.10583	1554.2006	309.68222	1490.435	0.0	731.9915	0.0	0.0	1106.7318	0.0	0.0	0.0	0.0	0.0	0.0	0.0	55.88388	0.0	0.0	912.02435	0.0	0.0	0.33391753	0.0	0.0	0.0	0.0	144.1309	0.0	0.0	0.0	0.0	0.0	1296.8097	0.0	493.11368	0.0	215.34135	0.0	0.0	0.0	0.0	0.0	0.0	0.0	0.0	0.0	550.4803	228.41829	0.0	18.868826	0.0	0.0	546.15485	0.0	0.0	992.35394	0.0	101.58985	0.0	0.0	0.0	776.5158	122.611305	73.56116	600.1176	0.0	0.0	556.3821	282.49643	0.0	1203.6758	0.0	0.0	0.0	846.56976	987.3843	0.0	0.0	478.4939	0.0	0.0	0.0	537.44586	333.0811	0.0	0.0	235.1272	0.0	0.0	0.0	1356.8291	1653.028	569.472	0.0	0.0	0.0	0.0	0.0	950.27905	1024.7574	0.0	0.0	46.858456	0.0	0.0	0.0	0.0	0.0	912.8267	14.759309	0.0	0.0	0.0	0.0
0.0	84.2676	0.36794016	1623.1305	0.0	0.0	4.605182	0.0	0.0	0.0	0.0	0.0	35.818554	285.20355	1965.4159	357.33813	1858.8717	0.0	909.44806	0.0	0.0	1370.3146	0.0	0.0	0.0	0.0	0.0	0.0	0.0	84.52856	0.0	0.0	1135.5747	0.0	0.0	9.903162	0.0	0.0	0.0	0.0	186.27832	0.0	0.0	0.0	0.0	0.0	1609.431	0.0	606.77637	0.0	265.75354	0.0	0.0	0.0	0.0	0.0	0.0	0.0	0.0	0.0	714.4333	294.0765	0.0	25.030066	0.0	0.0	730.563	0.0	0.0	1244.9396	0.0	147.5979	0.0	0.0	0.0	976.0726	177.69208	71.481094	732.4296	0.0	0.0	699.2605	326.3899	0.0	1505.6621	0.0	0.0	0.0	1028.5328	1277.1581	0.0	0.0	584.31305	0.0	0.0	0.0	666.5386	421.27612	0.0	0.0	324.02026	0.0	0.0	0.0	1680.7812	2077.6692	672.73627	0.0	0.0	0.0	3.6064913	0.0	1149.716	1276.3369	0.0	0.0	33.4123	0.0	0.0	0.0	6.986049	0.0	1147.8212	76.95396	0.0	0.0	0.0	0.0
0.0	77.35804	1.160727	1540.5923	0.0	0.0	2.4281192	0.0	0.0	0.0	0.0	0.0	32.47604	284.18417	1863.8018	344.93307	1769.674	0.0	863.57794	0.0	0.0	1310.9569	0.0	0.0	0.0	0.0	0.0	0.0	0.0	80.72476	0.0	0.0	1077.3715	0.0	0.0	9.647043	0.0	0.0	0.0	0.0	173.23207	0.0	0.0	0.0	0.0	0.0	1529.2968	0.0	585.1202	0.0	258.57346	0.0	0.0	0.0	0.0	0.0	0.0	0.0	0.0	0.0	672.8343	275.5958	0.0	24.95646	0.0	0.0	684.88617	0.0	0.0	1185.7788	0.0	136.9291	0.0	0.0	0.0	929.49725	166.93404	69.18314	702.6198	0.0	0.0	659.84546	314.8273	0.0	1435.333	0.0	0.0	0.0	978.9678	1208.7855	0.0	0.0	558.3785	0.0	0.0	0.0	641.40686	400.98047	0.0	0.0	297.38077	0.0	0.0	0.0	1601.8778	1979.939	649.4	0.0	0.0	0.0	4.6543074	0.0	1100.4923	1215.4879	0.0	0.0	30.801987	0.0	0.0	0.0	3.867153	0.0	1091.3464	62.466053	0.0	0.0	0.0	0.0
0.0	73.691605	0.0	1503.8488	0.0	0.0	2.2005394	0.0	0.0	0.0	0.0	0.0	32.396347	282.931	1818.0944	338.16757	1727.9178	0.0	844.37177	0.0	0.0	1283.1635	0.0	0.0	0.0	0.0	0.0	0.0	0.0	76.89514	0.0	0.0	1055.2118	0.0	0.0	7.148915	0.0	0.0	0.0	0.0	170.03978	0.0	0.0	0.0	0.0	0.0	1496.21	0.0	573.43787	0.0	252.95448	0.0	0.0	0.0	0.0	0.0	0.0	0.0	0.0	0.0	653.2452	269.16226	0.0	23.70392	0.0	0.0	663.7773	0.0	0.0	1158.3146	0.0	132.15097	0.0	0.0	0.0	908.0828	162.02187	69.86463	688.112	0.0	0.0	644.03253	309.59116	0.0	1406.0796	0.0	0.0	0.0	960.47485	1178.0879	0.0	0.0	546.51227	0.0	0.0	0.0	628.0872	387.84128	0.0	0.0	285.5563	0.0	0.0	0.0	1568.6136	1933.5345	639.71545	0.0	0.0	0.0	4.544421	0.0	1079.7372	1187.2572	0.0	0.0	29.573858	0.0	0.0	0.0	1.6665398	0.0	1066.5153	56.508106	0.0	0.0	0.0	0.0
0.0	65.19047	0.0	1445.93	0.0	0.0	2.1333194	0.0	0.0	0.0	0.0	0.0	29.815924	283.4607	1748.6455	330.58926	1667.4258	0.0	815.4338	0.0	0.0	1242.0254	0.0	0.0	0.0	0.0	0.0	0.0	0.0	70.75363	0.0	0.0	1019.67334	0.0	0.0	3.949838	0.0	0.0	0.0	0.0	161.40855	0.0	0.0	0.0	0.0	0.0	1448.208	0.0	555.642	0.0	245.3455	0.0	0.0	0.0	0.0	0.0	0.0	0.0	0.0	0.0	628.02344	257.1459	0.0	20.110994	0.0	0.0	630.70306	0.0	0.0	1116.8691	0.0	123.779915	0.0	0.0	0.0	873.1159	152.89937	70.986496	667.26105	0.0	0.0	622.24603	302.53043	0.0	1356.2902	0.0	0.0	0.0	932.12616	1128.95	0.0	0.0	528.4092	0.0	0.0	0.0	607.117	372.22513	0.0	0.0	268.8544	0.0	0.0	0.0	1516.1976	1863.5991	623.18744	0.0	0.0	0.0	3.0732577	0.0	1049.7528	1147.8119	0.0	0.0	33.42133	0.0	0.0	0.0	0.0	0.0	1027.4706	42.892315	0.0	0.0	0.0	0.0
0.0	67.554955	1.6832948	1486.585	0.0	0.0	1.8917575	0.0	0.0	0.0	0.0	0.0	32.666214	290.09338	1796.403	334.19516	1710.5463	0.0	834.3891	0.0	0.0	1281.2137	0.0	0.0	0.0	0.0	0.0	0.0	0.0	78.90827	0.0	0.0	1045.246	0.0	0.0	6.7686806	0.0	0.0	0.0	0.0	168.43968	0.0	0.0	0.0	0.0	0.0	1482.5804	0.0	579.01294	0.0	257.62122	0.0	0.0	0.0	0.0	0.0	0.0	0.0	0.0	0.0	641.85126	263.93918	0.0	21.374216	0.0	0.0	647.4493	0.0	0.0	1150.328	0.0	125.664024	0.0	0.0	0.0	901.6556	161.73845	70.065895	691.0787	0.0	0.0	635.3968	311.25824	0.0	1399.5143	0.0	0.0	0.0	953.236	1164.4618	0.0	0.0	542.73016	0.0	0.0	0.0	633.89825	380.89746	0.0	0.0	269.76794	0.0	0.0	0.0	1564.5514	1923.2235	647.29114	0.0	0.0	0.0	4.2851615	0.0	1075.011	1177.755	0.0	0.0	29.81453	0.0	0.0	0.0	0.0	0.0	1058.7854	47.71289	0.0	0.0	0.0	0.0
0.0	70.6495	1.315375	1467.9672	0.0	0.0	1.6067284	0.0	0.0	0.0	0.0	0.0	33.141094	283.17123	1777.0254	332.2718	1691.3546	0.0	827.13666	0.0	0.0	1260.1556	0.0	0.0	0.0	0.0	0.0	0.0	0.0	76.323204	0.0	0.0	1032.022	0.0	0.0	6.6456847	0.0	0.0	0.0	0.0	164.70576	0.0	0.0	0.0	0.0	0.0	1463.8129	0.0	567.227	0.0	252.01863	0.0	0.0	0.0	0.0	0.0	0.0	0.0	0.0	0.0	635.17865	262.055	0.0	22.090906	0.0	0.0	643.29034	0.0	0.0	1134.7089	0.0	125.685356	0.0	0.0	0.0	888.85065	158.40813	70.173805	679.2696	0.0	0.0	629.79596	306.32373	0.0	1378.2015	0.0	0.0	0.0	940.5051	1148.306	0.0	0.0	536.47943	0.0	0.0	0.0	620.7191	380.34595	0.0	0.0	272.04733	0.0	0.0	0.0	1539.5524	1897.1478	633.7856	0.0	0.0	0.0	4.2823796	0.0	1060.2479	1162.4828	0.0	0.0	30.625704	0.0	0.0	0.0	0.0	0.0	1043.1952	49.913624	0.0	0.0	0.0	0.0
0.0	70.76685	0.0	1489.4884	0.0	0.0	2.4459567	0.0	0.0	0.0	0.0	0.0	29.95402	282.24942	1800.7054	336.78024	1712.2418	0.0	836.98517	0.0	0.0	1271.1476	0.0	0.0	0.0	0.0	0.0	0.0	0.0	73.85399	0.0	0.0	1047.4502	0.0	0.0	5.819076	0.0	0.0	0.0	0.0	168.41743	0.0	0.0	0.0	0.0	0.0	1485.7496	0.0	566.48566	0.0	249.80247	0.0	0.0	0.0	0.0	0.0	0.0	0.0	0.0	0.0	649.6184	265.0738	0.0	22.698654	0.0	0.0	656.728	0.0	0.0	1147.3893	0.0	130.75378	0.0	0.0	0.0	898.9079	159.4569	70.2461	681.16986	0.0	0.0	640.41724	307.34225	0.0	1392.3046	0.0	0.0	0.0	954.8714	1166.0933	0.0	0.0	541.17944	0.0	0.0	0.0	620.06354	382.72095	0.0	0.0	283.84088	0.0	0.0	0.0	1554.9086	1912.6636	633.40625	0.0	0.0	0.0	4.0455832	0.0	1072.7397	1178.5321	0.0	0.0	30.368958	0.0	0.0	0.0	2.4300005	0.0	1056.5618	52.549088	0.0	0.0	0.0	0.0
0.0	73.88846	0.0	1518.9087	0.0	0.0	2.4795668	0.0	0.0	0.0	0.0	0.0	29.797892	288.05502	1835.61	343.54044	1747.1708	0.0	852.769	0.0	0.0	1293.543	0.0	0.0	0.0	0.0	0.0	0.0	0.0	75.853485	0.0	0.0	1064.833	0.0	0.0	5.7209873	0.0	0.0	0.0	0.0	170.77022	0.0	0.0	0.0	0.0	0.0	1512.1769	0.0	577.61774	0.0	255.81697	0.0	0.0	0.0	0.0	0.0	0.0	0.0	0.0	0.0	665.4781	269.5275	0.0	24.815613	0.0	0.0	671.67633	0.0	0.0	1169.7457	0.0	135.07097	0.0	0.0	0.0	919.14746	163.22069	70.42843	692.4334	0.0	0.0	651.6655	312.21378	0.0	1417.4178	0.0	0.0	0.0	971.091	1190.3402	0.0	0.0	552.4187	0.0	0.0	0.0	632.46094	393.08334	0.0	0.0	291.50357	0.0	0.0	0.0	1583.0963	1948.4941	644.5076	0.0	0.0	0.0	5.1509223	0.0	1092.9298	1200.8984	0.0	0.0	32.03604	0.0	0.0	0.0	3.536701	0.0	1075.765	55.719025	0.0	0.0	0.0	0.0
0.0	67.90713	0.0	1461.2441	0.0	0.0	2.9359672	0.0	0.0	0.0	0.0	0.0	30.805328	283.54318	1768.1351	333.3377	1684.0768	0.0	823.7277	0.0	0.0	1252.8492	0.0	0.0	0.0	0.0	0.0	0.0	0.0	72.71062	0.0	0.0	1029.2648	0.0	0.0	4.7352443	0.0	0.0	0.0	0.0	162.98288	0.0	0.0	0.0	0.0	0.0	1461.5493	0.0	559.7559	0.0	247.11955	0.0	0.0	0.0	0.0	0.0	0.0	0.0	0.0	0.0	635.2368	260.71164	0.0	21.11503	0.0	0.0	640.0205	0.0	0.0	1127.8456	0.0	126.3196	0.0	0.0	0.0	882.2452	154.77818	71.44081	672.78143	0.0	0.0	628.19354	304.27933	0.0	1369.1791	0.0	0.0	0.0	940.1729	1141.9908	0.0	0.0	533.4822	0.0	0.0	0.0	611.8649	377.22336	0.0	0.0	273.92526	0.0	0.0	0.0	1530.0702	1882.4156	627.2806	0.0	0.0	0.0	3.8511407	0.0	1058.0116	1158.5884	0.0	0.0	32.593033	0.0	0.0	0.0	0.0	0.0	1037.1505	47.291367	0.0	0.0	0.0	0.0
0.0	67.258804	0.0	1463.9268	0.0	0.0	1.5724063	0.0	0.0	0.0	0.0	0.0	29.334295	285.70297	1769.6813	332.60754	1685.7246	0.0	823.6286	0.0	0.0	1257.0068	0.0	0.0	0.0	0.0	0.0	0.0	0.0	73.435295	0.0	0.0	1030.818	0.0	0.0	5.1761613	0.0	0.0	0.0	0.0	165.28783	0.0	0.0	0.0	0.0	0.0	1462.8431	0.0	563.4385	0.0	248.77148	0.0	0.0	0.0	0.0	0.0	0.0	0.0	0.0	0.0	633.7332	260.1442	0.0	21.60005	0.0	0.0	638.8337	0.0	0.0	1130.6979	0.0	125.49325	0.0	0.0	0.0	885.1367	156.43213	70.70131	674.7618	0.0	0.0	628.2657	305.87503	0.0	1374.1182	0.0	0.0	0.0	941.6037	1145.0729	0.0	0.0	534.17456	0.0	0.0	0.0	616.0647	375.59042	0.0	0.0	271.4371	0.0	0.0	0.0	1535.3566	1886.3842	631.9407	0.0	0.0	0.0	3.847471	0.0	1060.1595	1160.582	0.0	0.0	31.083857	0.0	0.0	0.0	0.0	0.0	1040.461	45.56136	0.0	0.0	0.0	0.0
0.0	68.94477	0.0	1472.1268	0.0	0.0	2.553221	0.0	0.0	0.0	0.0	0.0	30.168722	283.08994	1780.9855	334.82278	1695.9469	0.0	829.351	0.0	0.0	1260.0934	0.0	0.0	0.0	0.0	0.0	0.0	0.0	74.38775	0.0	0.0	1035.4952	0.0	0.0	6.2601867	0.0	0.0	0.0	0.0	164.75	0.0	0.0	0.0	0.0	0.0	1469.8004	0.0	562.4777	0.0	249.23792	0.0	0.0	0.0	0.0	0.0	0.0	0.0	0.0	0.0	640.26434	262.83414	0.0	21.8674	0.0	0.0	646.32794	0.0	0.0	1136.3727	0.0	129.09193	0.0	0.0	0.0	889.23346	156.45976	70.743645	676.4097	0.0	0.0	631.7858	305.92642	0.0	1377.4576	0.0	0.0	0.0	945.2124	1151.3317	0.0	0.0	537.89026	0.0	0.0	0.0	616.5068	381.208	0.0	0.0	277.79813	0.0	0.0	0.0	1539.3063	1895.6146	630.3094	0.0	0.0	0.0	4.0982084	0.0	1063.2877	1166.5311	0.0	0.0	30.150894	0.0	0.0	0.0	0.0	0.0	1045.1259	48.89143	0.0	0.0	0.0	0.0
0.0	76.42596	0.0	1526.4883	0.0	0.0	4.056084	0.0	0.0	0.0	0.0	0.0	32.642635	279.77374	1853.4019	344.73303	1758.1312	0.0	861.95746	0.0	0.0	1294.7522	0.0	0.0	0.0	0.0	0.0	0.0	0.0	74.35161	0.0	0.0	1077.1869	0.0	0.0	5.160288	0.0	0.0	0.0	0.0	173.4961	0.0	0.0	0.0	0.0	0.0	1523.9044	0.0	571.1809	0.0	250.04292	0.0	0.0	0.0	0.0	0.0	0.0	0.0	0.0	0.0	670.4124	277.10397	0.0	22.333046	0.0	0.0	681.0628	0.0	0.0	1174.7455	0.0	137.25731	0.0	0.0	0.0	919.4537	160.95088	72.67224	692.2627	0.0	0.0	661.80695	311.45078	0.0	1421.8971	0.0	0.0	0.0	981.30597	1196.743	0.0	0.0	554.1291	0.0	0.0	0.0	627.9078	398.95337	0.0	0.0	302.69485	0.0	0.0	0.0	1588.4326	1958.8951	641.7658	0.0	0.0	0.0	3.333171	0.0	1095.2544	1208.4719	0.0	0.0	32.66386	0.0	0.0	0.0	1.8054361	0.0	1080.986	59.57381	0.0	0.0	0.0	0.0
0.0	73.02951	0.0	1512.209	0.0	0.0	2.1461978	0.0	0.0	0.0	0.0	0.0	30.256159	284.16098	1829.0782	340.47153	1737.0918	0.0	849.04047	0.0	0.0	1289.0094	0.0	0.0	0.0	0.0	0.0	0.0	0.0	76.49091	0.0	0.0	1061.4691	0.0	0.0	6.7376904	0.0	0.0	0.0	0.0	171.74611	0.0	0.0	0.0	0.0	0.0	1504.3444	0.0	575.2195	0.0	254.40544	0.0	0.0	0.0	0.0	0.0	0.0	0.0	0.0	0.0	657.17194	269.49658	0.0	23.394732	0.0	0.0	668.3587	0.0	0.0	1164.8739	0.0	133.64195	0.0	0.0	0.0	913.37103	162.36464	70.11124	691.0263	0.0	0.0	648.25775	310.121	0.0	1413.2144	0.0	0.0	0.0	966.43896	1185.1879	0.0	0.0	549.2445	0.0	0.0	0.0	630.8108	390.9664	0.0	0.0	288.39218	0.0	0.0	0.0	1576.4984	1943.0299	642.55524	0.0	0.0	0.0	4.3179374	0.0	1085.4966	1194.1559	0.0	0.0	28.82611	0.0	0.0	0.0	1.9102577	0.0	1071.7323	54.91394	0.0	0.0	0.0	0.0
0.0	79.57281	0.0	1598.9032	0.0	0.0	3.3177116	0.0	0.0	0.0	0.0	0.0	31.864054	290.70847	1927.0043	353.4755	1826.1427	0.0	891.14923	0.0	0.0	1356.8507	0.0	0.0	0.0	0.0	0.0	0.0	0.0	82.92585	0.0	0.0	1113.0598	0.0	0.0	11.83942	0.0	0.0	0.0	0.0	181.63191	0.0	0.0	0.0	0.0	0.0	1584.3168	0.0	603.7657	0.0	266.05124	0.0	0.0	0.0	0.0	0.0	0.0	0.0	0.0	0.0	699.2033	284.7756	0.0	27.201155	0.0	0.0	711.3164	0.0	0.0	1225.4674	0.0	144.42747	0.0	0.0	0.0	959.8953	176.49666	70.16952	723.4238	0.0	0.0	680.95435	322.40024	0.0	1486.1816	0.0	0.0	0.0	1009.93994	1257.2211	0.0	0.0	574.6016	0.0	0.0	0.0	659.4023	409.76187	0.0	0.0	309.60245	0.0	0.0	0.0	1656.8633	2042.6885	666.7323	0.0	0.0	0.0	5.238246	0.0	1135.8893	1254.7438	0.0	0.0	29.822481	0.0	0.0	0.0	7.985853	0.0	1130.6202	69.65839	0.0	0.0	0.0	0.0
0.0	72.569084	0.0	1496.1147	0.0	0.0	3.1989372	0.0	0.0	0.0	0.0	0.0	31.643682	281.11316	1808.2123	337.23602	1720.0443	0.0	840.9456	0.0	0.0	1276.2089	0.0	0.0	0.0	0.0	0.0	0.0	0.0	74.91987	0.0	0.0	1052.0824	0.0	0.0	5.5740857	0.0	0.0	0.0	0.0	169.15028	0.0	0.0	0.0	0.0	0.0	1491.423	0.0	568.4126	0.0	250.03783	0.0	0.0	0.0	0.0	0.0	0.0	0.0	0.0	0.0	652.0962	266.58655	0.0	22.993185	0.0	0.0	660.9576	0.0	0.0	1152.7281	0.0	132.67749	0.0	0.0	0.0	901.31854	160.90034	70.510765	683.54877	0.0	0.0	644.10986	308.35562	0.0	1396.6815	0.0	0.0	0.0	959.0119	1170.825	0.0	0.0	542.86066	0.0	0.0	0.0	623.8086	384.11646	0.0	0.0	285.6755	0.0	0.0	0.0	1559.8945	1921.5184	636.9165	0.0	0.0	0.0	4.8139243	0.0	1076.9508	1183.0249	0.0	0.0	30.023819	0.0	0.0	0.0	2.1739614	0.0	1060.6759	55.43774	0.0	0.0	0.0	0.0
0.0	74.34497	0.0	1496.3385	0.0	0.0	2.2469618	0.0	0.0	0.0	0.0	0.0	33.887512	283.73862	1814.3994	342.67297	1728.6967	0.0	846.2976	0.0	0.0	1277.991	0.0	0.0	0.0	0.0	0.0	0.0	0.0	75.17374	0.0	0.0	1053.2568	0.0	0.0	6.6397033	0.0	0.0	0.0	0.0	166.14842	0.0	0.0	0.0	0.0	0.0	1493.3636	0.0	569.5158	0.0	253.54408	0.0	0.0	0.0	0.0	0.0	0.0	0.0	0.0	0.0	652.7664	268.88315	0.0	22.191435	0.0	0.0	661.37036	0.0	0.0	1154.9476	0.0	131.77861	0.0	0.0	0.0	904.9964	157.61821	73.36833	687.86255	0.0	0.0	646.05524	312.1591	0.0	1398.2891	0.0	0.0	0.0	961.7115	1169.0913	0.0	0.0	547.6944	0.0	0.0	0.0	624.66876	391.6471	0.0	0.0	287.40735	0.0	0.0	0.0	1561.0063	1929.213	638.28723	0.0	0.0	0.0	3.8734694	0.0	1079.7896	1186.1328	0.0	0.0	33.887756	0.0	0.0	0.0	1.0001471	0.0	1061.0079	53.75418	0.0	0.0	0.0	0.0
0.0	74.90501	0.0	1540.618	0.0	0.0	5.440153	0.0	0.0	0.0	0.0	0.0	32.32182	283.05176	1880.7443	357.80945	1785.1908	0.0	880.5791	0.0	0.0	1301.0906	0.0	0.0	0.0	0.0	0.0	0.0	0.0	65.62181	0.0	0.0	1099.09	0.0	0.0	1.3337955	0.0	0.0	0.0	0.0	171.7018	0.0	0.0	0.0	0.0	0.0	1552.2155	0.0	565.48895	0.0	245.4607	0.0	0.0	0.0	0.0	0.0	0.0	0.0	0.0	0.0	684.01495	281.76193	0.0	16.747807	0.0	0.0	692.24146	0.0	0.0	1184.9907	0.0	141.14937	0.0	0.0	0.0	924.3577	155.03085	79.90099	694.31366	0.0	0.0	680.0236	314.85657	0.0	1429.347	0.0	0.0	0.0	1005.7857	1203.0371	0.0	0.0	562.1924	0.0	0.0	0.0	621.2764	408.54678	0.0	0.0	316.4703	0.0	0.0	0.0	1602.2421	1974.7885	641.76624	0.0	0.0	0.0	0.0	0.0	1114.8068	1227.7887	0.0	0.0	41.95859	0.0	0.0	0.0	0.18959136	0.0	1089.444	53.41734	0.0	0.0	0.0	0.0
0.0	78.22177	0.0	1597.3198	0.0	0.0	6.0378246	0.0	0.0	0.0	0.0	0.0	29.812567	291.4876	1941.1232	365.27933	1840.0308	0.0	906.91815	0.0	0.0	1348.5342	0.0	0.0	0.0	0.0	0.0	0.0	0.0	68.83094	0.0	0.0	1133.1667	0.0	0.0	2.6859531	0.0	0.0	0.0	0.0	181.3335	0.0	0.0	0.0	0.0	0.0	1601.5123	0.0	586.2721	0.0	254.11682	0.0	0.0	0.0	0.0	0.0	0.0	0.0	0.0	0.0	706.56036	290.91113	0.0	21.066492	0.0	0.0	715.70874	0.0	0.0	1225.3376	0.0	147.31752	0.0	0.0	0.0	956.6848	164.53372	79.46959	716.9417	0.0	0.0	697.5693	327.06287	0.0	1483.25	0.0	0.0	0.0	1035.055	1250.0763	0.0	0.0	578.5748	0.0	0.0	0.0	644.309	415.46408	0.0	0.0	324.85596	0.0	0.0	0.0	1657.9668	2037.233	663.0196	0.0	0.0	0.0	1.5519643	0.0	1149.8583	1266.7445	0.0	0.0	36.011585	0.0	0.0	0.0	4.6954412	0.0	1129.3732	58.093296	0.0	0.0	0.0	0.0
0.0	74.745026	0.87034345	1506.8446	0.0	0.0	2.5885398	0.0	0.0	0.0	0.0	0.0	33.235622	282.29822	1822.403	338.23325	1731.5809	0.0	845.52637	0.0	0.0	1286.0219	0.0	0.0	0.0	0.0	0.0	0.0	0.0	78.77812	0.0	0.0	1056.1567	0.0	0.0	8.34145	0.0	0.0	0.0	0.0	169.42961	0.0	0.0	0.0	0.0	0.0	1497.0049	0.0	575.39526	0.0	254.75975	0.0	0.0	0.0	0.0	0.0	0.0	0.0	0.0	0.0	655.665	269.49753	0.0	23.304644	0.0	0.0	666.0483	0.0	0.0	1161.4661	0.0	131.80165	0.0	0.0	0.0	910.3543	162.7972	68.91324	691.3293	0.0	0.0	645.9626	310.77618	0.0	1408.3217	0.0	0.0	0.0	960.71216	1181.0057	0.0	0.0	547.09076	0.0	0.0	0.0	631.10144	390.73984	0.0	0.0	287.13223	0.0	0.0	0.0	1571.6683	1940.144	640.6334	0.0	0.0	0.0	4.6058784	0.0	1079.3173	1189.8176	0.0	0.0	30.64975	0.0	0.0	0.0	2.1132376	0.0	1068.7814	57.563267	0.0	0.0	0.0	0.0
0.0	75.598785	0.026331479	1535.3776	0.0	0.0	2.9440491	0.0	0.0	0.0	0.0	0.0	31.437042	282.24234	1855.2905	340.7313	1759.125	0.0	859.6655	0.0	0.0	1306.0345	0.0	0.0	0.0	0.0	0.0	0.0	0.0	80.34925	0.0	0.0	1074.62	0.0	0.0	7.8093715	0.0	0.0	0.0	0.0	175.9574	0.0	0.0	0.0	0.0	0.0	1522.8234	0.0	582.6451	0.0	257.1935	0.0	0.0	0.0	0.0	0.0	0.0	0.0	0.0	0.0	668.43585	275.10803	0.0	24.92761	0.0	0.0	681.37885	0.0	0.0	1180.791	0.0	136.57222	0.0	0.0	0.0	925.14996	167.86757	68.71162	699.61945	0.0	0.0	657.43286	312.50928	0.0	1431.8248	0.0	0.0	0.0	976.2788	1205.631	0.0	0.0	555.45917	0.0	0.0	0.0	638.87506	394.7467	0.0	0.0	294.8347	0.0	0.0	0.0	1598.6385	1969.7384	648.55023	0.0	0.0	0.0	4.9935584	0.0	1095.2084	1208.2921	0.0	0.0	28.744162	0.0	0.0	0.0	3.9994478	0.0	1087.4053	62.906506	0.0	0.0	0.0	0.0
0.0	80.28207	1.6377587	1619.7441	0.0	0.0	3.2398968	0.0	0.0	0.0	0.0	0.0	32.909916	290.04147	1955.3275	355.2721	1848.0289	0.0	902.6254	0.0	0.0	1372.332	0.0	0.0	0.0	0.0	0.0	0.0	0.0	84.788734	0.0	0.0	1127.0809	0.0	0.0	12.4360695	0.0	0.0	0.0	0.0	185.30849	0.0	0.0	0.0	0.0	0.0	1603.7079	0.0	611.3204	0.0	268.7888	0.0	0.0	0.0	0.0	0.0	0.0	0.0	0.0	0.0	710.07855	290.73392	0.0	26.145914	0.0	0.0	723.4177	0.0	0.0	1240.5297	0.0	145.66362	0.0	0.0	0.0	972.3287	179.20396	70.09707	732.3628	0.0	0.0	691.7819	324.90613	0.0	1505.2623	0.0	0.0	0.0	1021.32886	1275.5123	0.0	0.0	581.0509	0.0	0.0	0.0	667.5092	416.6431	0.0	0.0	315.83765	0.0	0.0	0.0	1678.4293	2070.7185	672.2308	0.0	0.0	0.0	4.1190443	0.0	1146.5978	1270.2715	0.0	0.0	30.521852	0.0	0.0	0.0	8.24455	0.0	1145.2357	73.559074	0.0	0.0	0.0	0.0
0.0	76.68217	0.0	1544.7902	0.0	0.0	3.7781403	0.0	0.0	0.0	0.0	0.0	31.37709	283.19608	1877.8447	350.486	1780.711	0.0	873.5878	0.0	0.0	1308.6079	0.0	0.0	0.0	0.0	0.0	0.0	0.0	72.52369	0.0	0.0	1092.5714	0.0	0.0	4.8426557	0.0	0.0	0.0	0.0	175.24345	0.0	0.0	0.0	0.0	0.0	1545.4769	0.0	575.7241	0.0	251.69563	0.0	0.0	0.0	0.0	0.0	0.0	0.0	0.0	0.0	680.934	280.0725	0.0	21.091219	0.0	0.0	690.37335	0.0	0.0	1188.3159	0.0	139.96529	0.0	0.0	0.0	929.9544	162.10509	74.351105	698.6451	0.0	0.0	671.8121	314.5071	0.0	1437.8641	0.0	0.0	0.0	995.8952	1211.1512	0.0	0.0	560.8765	0.0	0.0	0.0	631.67816	405.0764	0.0	0.0	309.05838	0.0	0.0	0.0	1607.5151	1980.9349	647.17194	0.0	0.0	0.0	1.825529	0.0	1110.2551	1224.9213	0.0	0.0	33.694126	0.0	0.0	0.0	2.024841	0.0	1093.9935	57.7065	0.0	0.0	0.0	0.0
0.0	70.248	0.0	1490.1646	0.0	0.0	2.8611176	0.0	0.0	0.0	0.0	0.0	32.888306	282.52493	1809.1836	341.48862	1721.0267	0.0	844.03827	0.0	0.0	1270.9858	0.0	0.0	0.0	0.0	0.0	0.0	0.0	71.493744	0.0	0.0	1054.0896	0.0	0.0	3.984532	0.0	0.0	0.0	0.0	166.37401	0.0	0.0	0.0	0.0	0.0	1493.0342	0.0	563.617	0.0	248.14667	0.0	0.0	0.0	0.0	0.0	0.0	0.0	0.0	0.0	651.7519	267.914	0.0	19.670397	0.0	0.0	659.4175	0.0	0.0	1149.2719	0.0	131.38194	0.0	0.0	0.0	898.59424	156.13298	74.33486	682.67194	0.0	0.0	646.62964	307.40152	0.0	1391.9105	0.0	0.0	0.0	963.1267	1163.879	0.0	0.0	544.7398	0.0	0.0	0.0	617.91656	388.7705	0.0	0.0	288.09167	0.0	0.0	0.0	1556.2972	1918.5399	633.88873	0.0	0.0	0.0	1.5523177	0.0	1078.0718	1182.8807	0.0	0.0	34.644787	0.0	0.0	0.0	0.0	0.0	1056.1464	50.23155	0.0	0.0	0.0	0.0
0.0	69.91695	0.30087653	1455.42	0.0	0.0	4.3326955	0.0	0.0	0.0	0.0	0.0	34.662476	275.30725	1764.6024	328.3198	1679.2057	0.0	821.278	0.0	0.0	1246.6625	0.0	0.0	0.0	0.0	0.0	0.0	0.0	75.679054	0.0	0.0	1026.6172	0.0	0.0	5.792708	0.0	0.0	0.0	0.0	164.18576	0.0	0.0	0.0	0.0	0.0	1456.1578	0.0	558.2026	0.0	246.52003	0.0	0.0	0.0	0.0	0.0	0.0	0.0	0.0	0.0	633.96063	262.4419	0.0	19.665165	0.0	0.0	642.34125	0.0	0.0	1124.9458	0.0	126.066246	0.0	0.0	0.0	880.5447	156.55894	70.85673	671.20905	0.0	0.0	630.0284	300.478	0.0	1363.652	0.0	0.0	0.0	937.0879	1140.6349	0.0	0.0	531.6858	0.0	0.0	0.0	612.9676	376.50626	0.0	0.0	276.43167	0.0	0.0	0.0	1526.4453	1881.6396	625.85736	0.0	0.0	0.0	4.443019	0.0	1051.2756	1154.7085	0.0	0.0	32.566906	0.0	0.0	0.0	0.0	0.0	1034.4882	54.344593	0.0	0.0	0.0	0.0
0.0	70.13363	0.0	1466.9044	0.0	0.0	2.871992	0.0	0.0	0.0	0.0	0.0	33.510517	277.9373	1775.2428	330.73987	1690.3986	0.0	825.91315	0.0	0.0	1255.2596	0.0	0.0	0.0	0.0	0.0	0.0	0.0	74.9403	0.0	0.0	1031.4701	0.0	0.0	6.331618	0.0	0.0	0.0	0.0	165.07294	0.0	0.0	0.0	0.0	0.0	1463.6302	0.0	561.78143	0.0	247.86174	0.0	0.0	0.0	0.0	0.0	0.0	0.0	0.0	0.0	638.9882	264.1184	0.0	20.76135	0.0	0.0	645.82477	0.0	0.0	1131.8265	0.0	127.53829	0.0	0.0	0.0	886.07764	157.54695	69.77822	674.98364	0.0	0.0	632.7546	304.71475	0.0	1372.7682	0.0	0.0	0.0	940.7137	1147.8622	0.0	0.0	534.5732	0.0	0.0	0.0	615.79254	379.53308	0.0	0.0	278.36148	0.0	0.0	0.0	1533.6729	1891.9017	627.47906	0.0	0.0	0.0	3.886124	0.0	1057.1406	1161.543	0.0	0.0	32.475864	0.0	0.0	0.0	0.0	0.0	1041.6581	53.633312	0.0	0.0	0.0	0.0
0.0	77.2085	3.969344	1605.7689	0.0	0.0	1.7495303	0.0	0.0	0.0	0.0	0.0	35.245884	284.7317	1931.6854	351.01794	1837.4535	0.0	892.23627	0.0	0.0	1360.66	0.0	0.0	0.0	0.0	0.0	0.0	0.0	88.1771	0.0	0.0	1108.7648	0.0	0.0	19.754871	0.0	0.0	0.0	0.0	173.72646	0.0	0.0	0.0	0.0	0.0	1584.778	0.0	607.6445	0.0	272.89612	0.0	0.0	0.0	0.0	0.0	0.0	0.0	0.0	0.0	706.5349	284.5723	0.0	26.675669	0.0	0.0	719.82495	0.0	0.0	1231.6952	0.0	146.23772	0.0	0.0	0.0	965.9899	176.6378	66.99634	725.9898	0.0	0.0	682.4601	319.61948	0.0	1481.7266	0.0	0.0	0.0	1002.9936	1262.0875	0.0	0.0	575.8784	0.0	0.0	0.0	668.0661	419.56918	0.0	0.0	312.52463	0.0	0.0	0.0	1650.8773	2058.489	661.6757	0.0	0.0	0.0	3.5346785	0.0	1132.4401	1262.1288	0.0	0.0	32.039387	0.0	0.0	0.0	8.012159	0.0	1132.4716	76.786644	0.0	0.0	0.0	0.0
0.0	65.029755	0.0	1355.0312	0.0	0.0	2.390964	0.0	0.0	0.0	0.0	0.0	24.463766	275.2263	1646.665	321.0756	1576.48	0.0	772.69366	0.0	0.0	1167.4513	0.0	0.0	0.0	0.0	0.0	0.0	0.0	61.605007	0.0	0.0	965.2746	0.0	0.0	0.0	0.0	0.0	0.0	0.0	151.67464	0.0	0.0	0.0	0.0	0.0	1368.5326	0.0	519.7194	0.0	227.64807	0.0	0.0	0.0	0.0	0.0	0.0	0.0	0.0	0.0	588.9532	240.93169	0.0	16.934805	0.0	0.0	588.2702	0.0	0.0	1050.9796	0.0	114.55633	0.0	0.0	0.0	821.28076	135.72313	72.819824	628.92816	0.0	0.0	588.8499	292.02817	0.0	1273.2123	0.0	0.0	0.0	888.4997	1053.11	0.0	0.0	501.27603	0.0	0.0	0.0	567.93286	353.21872	0.0	0.0	253.06854	0.0	0.0	0.0	1426.9878	1751.5319	592.4042	0.0	0.0	0.0	0.27105248	0.0	997.9245	1084.6268	0.0	0.0	40.529118	0.0	0.0	0.0	0.0	0.0	965.57684	27.770124	0.0	0.0	0.0	0.0
0.0	63.155735	0.0	1399.1432	0.0	0.0	2.5063713	0.0	0.0	0.0	0.0	0.0	25.570429	275.47202	1696.5321	328.10428	1624.2738	0.0	795.2574	0.0	0.0	1197.3451	0.0	0.0	0.0	0.0	0.0	0.0	0.0	63.244553	0.0	0.0	993.92145	0.0	0.0	1.2806491	0.0	0.0	0.0	0.0	154.37964	0.0	0.0	0.0	0.0	0.0	1407.233	0.0	530.083	0.0	232.64764	0.0	0.0	0.0	0.0	0.0	0.0	0.0	0.0	0.0	611.379	247.34554	0.0	17.398832	0.0	0.0	613.3828	0.0	0.0	1082.4159	0.0	123.38627	0.0	0.0	0.0	845.771	140.98976	71.63556	642.5131	0.0	0.0	607.48694	297.13635	0.0	1306.3845	0.0	0.0	0.0	912.2255	1086.1925	0.0	0.0	513.6789	0.0	0.0	0.0	582.2583	365.3265	0.0	0.0	267.52164	0.0	0.0	0.0	1462.4042	1801.4591	603.18427	0.0	0.0	0.0	1.4164357	0.0	1023.69366	1116.4064	0.0	0.0	37.287548	0.0	0.0	0.0	0.0	0.0	993.13055	34.49464	0.0	0.0	0.0	0.0
0.0	64.95733	0.0	1364.5884	0.0	0.0	1.9499494	0.0	0.0	0.0	0.0	0.0	23.483664	276.56192	1658.6595	327.24222	1589.0299	0.0	780.20135	0.0	0.0	1171.2828	0.0	0.0	0.0	0.0	0.0	0.0	0.0	57.78471	0.0	0.0	973.18506	0.0	0.0	0.0	0.0	0.0	0.0	0.0	148.6015	0.0	0.0	0.0	0.0	0.0	1379.2137	0.0	518.32587	0.0	226.82509	0.0	0.0	0.0	0.0	0.0	0.0	0.0	0.0	0.0	597.5898	241.98059	0.0	15.051219	0.0	0.0	595.5718	0.0	0.0	1056.5394	0.0	118.304146	0.0	0.0	0.0	825.04364	133.39479	74.53104	630.259	0.0	0.0	595.4178	293.9479	0.0	1277.0922	0.0	0.0	0.0	897.0997	1057.9697	0.0	0.0	504.93738	0.0	0.0	0.0	566.143	358.0774	0.0	0.0	260.73407	0.0	0.0	0.0	1431.6171	1760.0518	591.2802	0.0	0.0	0.0	0.0	0.0	1004.1828	1093.0162	0.0	0.0	43.38414	0.0	0.0	0.0	0.0	0.0	969.5822	26.02272	0.0	0.0	0.0	0.0
0.0	64.2241	0.0	1388.0521	0.0	0.0	2.9401531	0.0	0.0	0.0	0.0	0.0	26.000305	276.3213	1686.3042	330.31064	1614.9105	0.0	792.30225	0.0	0.0	1187.357	0.0	0.0	0.0	0.0	0.0	0.0	0.0	58.97215	0.0	0.0	989.43097	0.0	0.0	0.79640126	0.0	0.0	0.0	0.0	150.86844	0.0	0.0	0.0	0.0	0.0	1402.3473	0.0	523.25714	0.0	228.43465	0.0	0.0	0.0	0.0	0.0	0.0	0.0	0.0	0.0	607.5256	247.04985	0.0	16.234423	0.0	0.0	608.6429	0.0	0.0	1072.5963	0.0	121.763756	0.0	0.0	0.0	836.9488	136.18086	74.842575	636.6584	0.0	0.0	605.02234	294.29904	0.0	1295.4847	0.0	0.0	0.0	910.7524	1076.9447	0.0	0.0	512.4406	0.0	0.0	0.0	572.5375	364.4694	0.0	0.0	267.7914	0.0	0.0	0.0	1451.3851	1787.3925	595.4847	0.0	0.0	0.0	0.0	0.0	1018.4844	1110.0776	0.0	0.0	41.154293	0.0	0.0	0.0	0.0	0.0	984.6519	33.253635	0.0	0.0	0.0	0.0
0.0	63.972057	0.0	1405.9287	0.0	0.0	3.1015708	0.0	0.0	0.0	0.0	0.0	25.594376	275.76743	1705.2467	330.39932	1631.6484	0.0	799.7119	0.0	0.0	1201.3885	0.0	0.0	0.0	0.0	0.0	0.0	0.0	62.127636	0.0	0.0	999.27686	0.0	0.0	1.5159651	0.0	0.0	0.0	0.0	152.74239	0.0	0.0	0.0	0.0	0.0	1414.5059	0.0	529.93896	0.0	232.16255	0.0	0.0	0.0	0.0	0.0	0.0	0.0	0.0	0.0	615.58795	249.40947	0.0	17.340952	0.0	0.0	618.56757	0.0	0.0	1086.3657	0.0	125.14257	0.0	0.0	0.0	847.9712	140.3434	72.84325	643.2932	0.0	0.0	611.6402	296.1555	0.0	1310.4243	0.0	0.0	0.0	917.03436	1092.8159	0.0	0.0	516.5608	0.0	0.0	0.0	582.1508	368.2197	0.0	0.0	271.7957	0.0	0.0	0.0	1467.7031	1809.1265	602.5067	0.0	0.0	0.0	1.3683604	0.0	1027.1562	1121.7604	0.0	0.0	38.216625	0.0	0.0	0.0	0.0	0.0	996.4172	37.544235	0.0	0.0	0.0	0.0
0.0	68.03635	0.0	1437.1068	0.0	0.0	1.8402743	0.0	0.0	0.0	0.0	0.0	27.025507	276.50742	1737.3271	333.525	1663.8905	0.0	811.1551	0.0	0.0	1224.9015	0.0	0.0	0.0	0.0	0.0	0.0	0.0	67.21344	0.0	0.0	1015.58966	0.0	0.0	4.932698	0.0	0.0	0.0	0.0	155.8338	0.0	0.0	0.0	0.0	0.0	1437.4174	0.0	541.5669	0.0	238.86456	0.0	0.0	0.0	0.0	0.0	0.0	0.0	0.0	0.0	627.9662	251.89825	0.0	19.962694	0.0	0.0	633.94653	0.0	0.0	1109.2438	0.0	129.2346	0.0	0.0	0.0	867.7839	146.04419	70.40469	655.6429	0.0	0.0	620.0336	301.05972	0.0	1336.2144	0.0	0.0	0.0	929.2837	1116.4258	0.0	0.0	525.00903	0.0	0.0	0.0	596.8814	374.7012	0.0	0.0	277.19864	0.0	0.0	0.0	1492.5387	1845.3594	612.33563	0.0	0.0	0.0	2.9346087	0.0	1044.0645	1142.7047	0.0	0.0	33.206722	0.0	0.0	0.0	2.0835073	0.0	1016.94794	43.72362	0.0	0.0	0.0	0.0
0.0	71.22818	0.0	1472.4781	0.0	0.0	2.1372256	0.0	0.0	0.0	0.0	0.0	27.533487	278.4059	1779.5807	339.9	1702.0023	0.0	830.9716	0.0	0.0	1250.8124	0.0	0.0	0.0	0.0	0.0	0.0	0.0	68.88087	0.0	0.0	1038.2235	0.0	0.0	5.3867183	0.0	0.0	0.0	0.0	160.64052	0.0	0.0	0.0	0.0	0.0	1469.7054	0.0	550.82306	0.0	242.70943	0.0	0.0	0.0	0.0	0.0	0.0	0.0	0.0	0.0	645.3808	259.10254	0.0	21.597315	0.0	0.0	653.04663	0.0	0.0	1134.4425	0.0	133.87305	0.0	0.0	0.0	887.98975	150.12892	71.40032	667.98175	0.0	0.0	635.6894	308.18	0.0	1366.0516	0.0	0.0	0.0	948.50854	1145.2345	0.0	0.0	535.8625	0.0	0.0	0.0	608.4149	384.57797	0.0	0.0	288.3047	0.0	0.0	0.0	1524.6937	1885.3511	621.5892	0.0	0.0	0.0	3.1635134	0.0	1064.9067	1168.6782	0.0	0.0	32.90549	0.0	0.0	0.0	4.4050927	0.0	1040.5588	47.79756	0.0	0.0	0.0	0.0
0.0	66.01714	0.0	1419.1562	0.0	0.0	3.9861228	0.0	0.0	0.0	0.0	0.0	27.606638	275.5212	1724.3258	336.39572	1651.3226	0.0	810.4353	0.0	0.0	1208.402	0.0	0.0	0.0	0.0	0.0	0.0	0.0	60.084095	0.0	0.0	1011.96686	0.0	0.0	1.5480543	0.0	0.0	0.0	0.0	153.02803	0.0	0.0	0.0	0.0	0.0	1432.8734	0.0	528.7928	0.0	230.26044	0.0	0.0	0.0	0.0	0.0	0.0	0.0	0.0	0.0	625.10376	254.04724	0.0	17.523037	0.0	0.0	628.0103	0.0	0.0	1095.7152	0.0	128.3889	0.0	0.0	0.0	855.1345	138.90857	76.17827	645.3352	0.0	0.0	620.3579	297.79068	0.0	1319.4498	0.0	0.0	0.0	929.3528	1101.5541	0.0	0.0	522.6201	0.0	0.0	0.0	581.7968	374.45065	0.0	0.0	280.4957	0.0	0.0	0.0	1476.847	1824.2101	602.8274	0.0	0.0	0.0	0.760112	0.0	1038.413	1134.5226	0.0	0.0	41.36963	0.0	0.0	0.0	0.0	0.0	1004.35614	40.110645	0.0	0.0	0.0	0.0
0.0	65.04608	0.0	1362.4684	0.0	0.0	3.36716	0.0	0.0	0.0	0.0	0.0	24.173822	272.69897	1659.0851	326.37668	1588.5757	0.0	781.0588	0.0	0.0	1166.8904	0.0	0.0	0.0	0.0	0.0	0.0	0.0	56.659695	0.0	0.0	974.55	0.0	0.0	0.0	0.0	0.0	0.0	0.0	149.54643	0.0	0.0	0.0	0.0	0.0	1379.7134	0.0	513.70526	0.0	224.79341	0.0	0.0	0.0	0.0	0.0	0.0	0.0	0.0	0.0	597.9835	243.70738	0.0	14.700986	0.0	0.0	597.1928	0.0	0.0	1054.4492	0.0	119.23794	0.0	0.0	0.0	823.01056	132.88719	74.99868	626.54346	0.0	0.0	597.11053	291.83463	0.0	1273.5704	0.0	0.0	0.0	898.16797	1057.2687	0.0	0.0	503.42407	0.0	0.0	0.0	561.6051	358.45328	0.0	0.0	264.22742	0.0	0.0	0.0	1428.8011	1756.2775	588.49493	0.0	0.0	0.0	0.0	0.0	1003.1338	1092.1831	0.0	0.0	43.3309	0.0	0.0	0.0	0.0	0.0	967.8616	29.344732	0.0	0.0	0.0	0.0
0.0	63.17284	0.0	1418.0328	0.0	0.0	1.7669152	0.0	0.0	0.0	0.0	0.0	25.454596	277.58105	1717.9849	333.06134	1644.7645	0.0	805.0694	0.0	0.0	1209.4552	0.0	0.0	0.0	0.0	0.0	0.0	0.0	62.554607	0.0	0.0	1005.9749	0.0	0.0	3.1643467	0.0	0.0	0.0	0.0	152.50896	0.0	0.0	0.0	0.0	0.0	1425.7943	0.0	533.04016	0.0	233.14229	0.0	0.0	0.0	0.0	0.0	0.0	0.0	0.0	0.0	620.9393	250.20375	0.0	17.453472	0.0	0.0	624.5979	0.0	0.0	1094.629	0.0	127.491234	0.0	0.0	0.0	854.6792	141.24461	72.63824	647.08026	0.0	0.0	614.86554	296.93335	0.0	1319.0228	0.0	0.0	0.0	922.8477	1100.4608	0.0	0.0	520.9253	0.0	0.0	0.0	586.4072	371.95764	0.0	0.0	274.36365	0.0	0.0	0.0	1475.8951	1822.5392	604.50433	0.0	0.0	0.0	0.3861775	0.0	1034.3207	1130.173	0.0	0.0	37.046833	0.0	0.0	0.0	0.0	0.0	1003.2878	37.2727	0.0	0.0	0.0	0.0
0.0	70.08249	0.0	1472.7467	0.0	0.0	1.2958152	0.0	0.0	0.0	0.0	0.0	27.604828	277.64148	1781.2028	337.8031	1701.099	0.0	829.41473	0.0	0.0	1252.4272	0.0	0.0	0.0	0.0	0.0	0.0	0.0	71.056526	0.0	0.0	1035.8916	0.0	0.0	7.4932957	0.0	0.0	0.0	0.0	159.7538	0.0	0.0	0.0	0.0	0.0	1468.7357	0.0	553.83636	0.0	245.06079	0.0	0.0	0.0	0.0	0.0	0.0	0.0	0.0	0.0	645.2571	258.34952	0.0	21.19074	0.0	0.0	654.0263	0.0	0.0	1134.7474	0.0	132.86598	0.0	0.0	0.0	888.4351	152.24236	69.45001	669.36774	0.0	0.0	634.3179	305.5896	0.0	1366.5092	0.0	0.0	0.0	945.64764	1147.1655	0.0	0.0	535.1497	0.0	0.0	0.0	609.4097	386.26895	0.0	0.0	286.68793	0.0	0.0	0.0	1526.3043	1888.7676	620.92426	0.0	0.0	0.0	1.9541885	0.0	1062.3024	1168.0731	0.0	0.0	31.540703	0.0	0.0	0.0	3.7865775	0.0	1041.16	47.610687	0.0	0.0	0.0	0.0
0.0	66.052895	0.0	1450.294	0.0	0.0	0.96285826	0.0	0.0	0.0	0.0	0.0	23.678366	280.9255	1750.7076	335.65234	1674.5448	0.0	817.03735	0.0	0.0	1236.5358	0.0	0.0	0.0	0.0	0.0	0.0	0.0	66.291145	0.0	0.0	1023.3784	0.0	0.0	4.6876826	0.0	0.0	0.0	0.0	158.77008	0.0	0.0	0.0	0.0	0.0	1449.9872	0.0	547.00757	0.0	240.45558	0.0	0.0	0.0	0.0	0.0	0.0	0.0	0.0	0.0	633.1008	253.40715	0.0	20.774899	0.0	0.0	637.50903	0.0	0.0	1117.837	0.0	129.77094	0.0	0.0	0.0	874.455	147.59682	70.29788	659.70544	0.0	0.0	623.7857	303.82468	0.0	1349.4305	0.0	0.0	0.0	936.1643	1127.4816	0.0	0.0	527.65936	0.0	0.0	0.0	600.96826	376.53308	0.0	0.0	276.8787	0.0	0.0	0.0	1506.3224	1857.5209	616.73083	0.0	0.0	0.0	2.800049	0.0	1052.9657	1151.9194	0.0	0.0	32.424137	0.0	0.0	0.0	1.891427	0.0	1026.3308	39.290325	0.0	0.0	0.0	0.0
0.0	75.92283	0.44545734	1601.2251	0.0	0.0	2.0701072	0.0	0.0	0.0	0.0	0.0	31.613989	288.85205	1923.7184	353.96597	1831.7142	0.0	890.5703	0.0	0.0	1357.4347	0.0	0.0	0.0	0.0	0.0	0.0	0.0	84.00524	0.0	0.0	1109.1393	0.0	0.0	17.3193	0.0	0.0	0.0	0.0	173.62032	0.0	0.0	0.0	0.0	0.0	1584.5216	0.0	603.60406	0.0	269.7278	0.0	0.0	0.0	0.0	0.0	0.0	0.0	0.0	0.0	704.29706	281.86404	0.0	26.64382	0.0	0.0	714.795	0.0	0.0	1226.9564	0.0	146.12743	0.0	0.0	0.0	961.85645	173.17216	69.03524	722.6955	0.0	0.0	680.7969	321.79422	0.0	1479.3833	0.0	0.0	0.0	1006.0003	1255.7197	0.0	0.0	574.8541	0.0	0.0	0.0	662.5484	414.65445	0.0	0.0	310.0951	0.0	0.0	0.0	1646.8138	2045.9956	660.2724	0.0	0.0	0.0	3.7603	0.0	1135.0483	1260.1012	0.0	0.0	32.157936	0.0	0.0	0.0	8.863709	0.0	1129.3683	71.36214	0.0	0.0	0.0	0.0
0.0	70.3493	0.0	1482.1108	0.0	0.0	1.7246178	0.0	0.0	0.0	0.0	0.0	27.66004	280.28683	1792.0487	341.6622	1713.7933	0.0	835.9642	0.0	0.0	1258.7416	0.0	0.0	0.0	0.0	0.0	0.0	0.0	69.7403	0.0	0.0	1044.2227	0.0	0.0	6.797836	0.0	0.0	0.0	0.0	160.01451	0.0	0.0	0.0	0.0	0.0	1480.418	0.0	554.54095	0.0	244.41557	0.0	0.0	0.0	0.0	0.0	0.0	0.0	0.0	0.0	651.5529	261.1418	0.0	20.992786	0.0	0.0	657.62396	0.0	0.0	1141.8159	0.0	134.94771	0.0	0.0	0.0	893.45233	150.73964	70.70395	672.5734	0.0	0.0	640.53876	307.66446	0.0	1372.9867	0.0	0.0	0.0	954.3562	1153.416	0.0	0.0	539.65875	0.0	0.0	0.0	611.6503	389.027	0.0	0.0	291.18182	0.0	0.0	0.0	1535.0602	1899.9297	623.53265	0.0	0.0	0.0	2.0410264	0.0	1070.7113	1177.5059	0.0	0.0	33.840073	0.0	0.0	0.0	3.8331194	0.0	1047.8688	48.184933	0.0	0.0	0.0	0.0
0.0	68.03742	0.0	1454.2765	0.0	0.0	1.5614657	0.0	0.0	0.0	0.0	0.0	26.83428	278.22342	1761.3224	338.10092	1684.0254	0.0	823.08984	0.0	0.0	1237.6238	0.0	0.0	0.0	0.0	0.0	0.0	0.0	66.57661	0.0	0.0	1027.8882	0.0	0.0	5.485417	0.0	0.0	0.0	0.0	158.1132	0.0	0.0	0.0	0.0	0.0	1456.1359	0.0	546.27905	0.0	240.7465	0.0	0.0	0.0	0.0	0.0	0.0	0.0	0.0	0.0	636.85364	256.52127	0.0	19.597403	0.0	0.0	643.61194	0.0	0.0	1121.816	0.0	130.94698	0.0	0.0	0.0	877.73	147.57788	71.489174	662.39685	0.0	0.0	629.9504	303.96854	0.0	1351.25	0.0	0.0	0.0	940.1311	1130.3561	0.0	0.0	531.251	0.0	0.0	0.0	601.25696	382.04428	0.0	0.0	283.44818	0.0	0.0	0.0	1509.5796	1867.4897	616.27704	0.0	0.0	0.0	1.2222575	0.0	1055.2355	1156.1996	0.0	0.0	35.295216	0.0	0.0	0.0	2.0496035	0.0	1029.0088	43.99527	0.0	0.0	0.0	0.0
0.0	68.081	0.0	1467.0767	0.0	0.0	0.1832003	0.0	0.0	0.0	0.0	0.0	24.973959	280.20514	1772.4127	338.78674	1694.6367	0.0	826.3558	0.0	0.0	1248.2064	0.0	0.0	0.0	0.0	0.0	0.0	0.0	68.712715	0.0	0.0	1033.5317	0.0	0.0	5.690785	0.0	0.0	0.0	0.0	159.70949	0.0	0.0	0.0	0.0	0.0	1463.7289	0.0	551.658	0.0	243.61528	0.0	0.0	0.0	0.0	0.0	0.0	0.0	0.0	0.0	641.7143	255.917	0.0	21.232883	0.0	0.0	648.8235	0.0	0.0	1130.6016	0.0	132.58594	0.0	0.0	0.0	884.30194	150.9367	70.04293	666.52106	0.0	0.0	631.2928	306.2843	0.0	1361.73	0.0	0.0	0.0	944.1652	1140.711	0.0	0.0	533.4092	0.0	0.0	0.0	607.4136	382.68484	0.0	0.0	283.7615	0.0	0.0	0.0	1521.0343	1879.361	621.72406	0.0	0.0	0.0	2.416301	0.0	1062.1771	1163.2386	0.0	0.0	31.861704	0.0	0.0	0.0	3.3248198	0.0	1036.5822	43.461742	0.0	0.0	0.0	0.0
0.0	73.00103	0.0	1567.5665	0.0	0.0	1.0601381	0.0	0.0	0.0	0.0	0.0	29.572992	290.4396	1884.6276	350.88608	1798.8534	0.0	872.7801	0.0	0.0	1331.6133	0.0	0.0	0.0	0.0	0.0	0.0	0.0	81.374916	0.0	0.0	1089.6919	0.0	0.0	14.523101	0.0	0.0	0.0	0.0	169.4562	0.0	0.0	0.0	0.0	0.0	1554.6383	0.0	591.12445	0.0	263.88058	0.0	0.0	0.0	0.0	0.0	0.0	0.0	0.0	0.0	686.76227	273.03195	0.0	25.995682	0.0	0.0	696.5176	0.0	0.0	1204.4691	0.0	143.32336	0.0	0.0	0.0	944.46075	167.96622	68.70927	708.88116	0.0	0.0	666.19086	319.2308	0.0	1450.0309	0.0	0.0	0.0	991.4309	1226.3156	0.0	0.0	565.4761	0.0	0.0	0.0	650.354	406.18442	0.0	0.0	302.0768	0.0	0.0	0.0	1617.0431	2004.691	654.2974	0.0	0.0	0.0	3.449603	0.0	1118.5468	1235.8706	0.0	0.0	31.655022	0.0	0.0	0.0	6.563738	0.0	1106.873	61.336903	0.0	0.0	0.0	0.0
0.0	68.42347	0.0	1461.1676	0.0	0.0	0.84056926	0.0	0.0	0.0	0.0	0.0	26.2238	278.40298	1765.6466	335.71588	1687.5035	0.0	823.1257	0.0	0.0	1243.6078	0.0	0.0	0.0	0.0	0.0	0.0	0.0	69.49712	0.0	0.0	1029.0543	0.0	0.0	6.0496364	0.0	0.0	0.0	0.0	160.37799	0.0	0.0	0.0	0.0	0.0	1457.0863	0.0	550.13007	0.0	242.1482	0.0	0.0	0.0	0.0	0.0	0.0	0.0	0.0	0.0	638.52167	257.2942	0.0	21.314325	0.0	0.0	645.6195	0.0	0.0	1126.4435	0.0	131.52678	0.0	0.0	0.0	882.0914	150.1238	69.57581	664.6187	0.0	0.0	628.81104	305.4519	0.0	1358.1486	0.0	0.0	0.0	940.02515	1137.2035	0.0	0.0	531.63885	0.0	0.0	0.0	606.482	381.98022	0.0	0.0	282.1729	0.0	0.0	0.0	1515.4615	1873.6909	619.41406	0.0	0.0	0.0	2.4672246	0.0	1056.188	1159.4719	0.0	0.0	31.346197	0.0	0.0	0.0	2.7993371	0.0	1033.9745	44.88535	0.0	0.0	0.0	0.0
0.0	70.95533	0.41422006	1475.0841	0.0	0.0	0.0	0.0	0.0	0.0	0.0	0.0	26.516962	276.97632	1783.1666	335.5375	1703.0278	0.0	826.81616	0.0	0.0	1252.1215	0.0	0.0	0.0	0.0	0.0	0.0	0.0	74.38546	0.0	0.0	1034.6588	0.0	0.0	7.799728	0.0	0.0	0.0	0.0	162.19765	0.0	0.0	0.0	0.0	0.0	1462.0345	0.0	559.4401	0.0	246.18245	0.0	0.0	0.0	0.0	0.0	0.0	0.0	0.0	0.0	642.0517	255.42757	0.0	22.204168	0.0	0.0	654.6584	0.0	0.0	1137.8485	0.0	131.0871	0.0	0.0	0.0	897.696	149.99043	66.337456	673.7424	0.0	0.0	631.89716	308.0153	0.0	1368.9672	0.0	0.0	0.0	942.03217	1148.4447	0.0	0.0	536.6491	0.0	0.0	0.0	619.7284	389.97446	0.0	0.0	285.29736	0.0	0.0	0.0	1529.7362	1894.5385	627.9988	0.0	0.0	0.0	3.076785	0.0	1065.609	1166.493	0.0	0.0	35.178864	0.0	0.0	0.0	7.1943107	0.0	1042.0966	48.26945	0.0	0.0	0.0	0.0
0.0	72.67521	0.0	1567.7621	0.0	0.0	2.1710289	0.0	0.0	0.0	0.0	0.0	29.817774	287.44308	1884.1406	349.0023	1796.3558	0.0	873.7901	0.0	0.0	1330.753	0.0	0.0	0.0	0.0	0.0	0.0	0.0	80.51825	0.0	0.0	1089.8331	0.0	0.0	13.734379	0.0	0.0	0.0	0.0	171.39369	0.0	0.0	0.0	0.0	0.0	1553.9135	0.0	591.1983	0.0	264.33224	0.0	0.0	0.0	0.0	0.0	0.0	0.0	0.0	0.0	688.22186	274.183	0.0	25.671293	0.0	0.0	697.0574	0.0	0.0	1202.9193	0.0	142.02904	0.0	0.0	0.0	942.6945	169.16635	69.75668	708.99054	0.0	0.0	669.1885	319.77292	0.0	1449.9473	0.0	0.0	0.0	990.40607	1227.1718	0.0	0.0	563.4889	0.0	0.0	0.0	649.74347	402.86398	0.0	0.0	302.3909	0.0	0.0	0.0	1617.1631	2002.4117	652.62994	0.0	0.0	0.0	4.3793235	0.0	1118.8336	1236.2146	0.0	0.0	32.02805	0.0	0.0	0.0	8.406393	0.0	1106.2711	63.414124	0.0	0.0	0.0	0.0
0.0	70.6566	0.0	1458.1879	0.0	0.0	1.1597526	0.0	0.0	0.0	0.0	0.0	26.67423	278.54056	1763.2544	337.4769	1685.8143	0.0	822.26825	0.0	0.0	1240.963	0.0	0.0	0.0	0.0	0.0	0.0	0.0	68.69694	0.0	0.0	1028.389	0.0	0.0	5.5529017	0.0	0.0	0.0	0.0	159.62334	0.0	0.0	0.0	0.0	0.0	1456.1827	0.0	549.9355	0.0	242.95447	0.0	0.0	0.0	0.0	0.0	0.0	0.0	0.0	0.0	637.2043	254.54008	0.0	21.908699	0.0	0.0	644.5867	0.0	0.0	1124.6578	0.0	130.66266	0.0	0.0	0.0	881.7334	149.29356	70.06194	664.11816	0.0	0.0	627.6855	304.47086	0.0	1355.3685	0.0	0.0	0.0	938.60156	1134.316	0.0	0.0	531.2254	0.0	0.0	0.0	605.2353	382.01306	0.0	0.0	282.04608	0.0	0.0	0.0	1513.598	1871.0597	619.48804	0.0	0.0	0.0	3.1984537	0.0	1056.9315	1157.7667	0.0	0.0	33.135075	0.0	0.0	0.0	3.351409	0.0	1031.684	44.02573	0.0	0.0	0.0	0.0
0.0	66.77749	1.4616328	1215.7109	0.0	0.0	14.670003	0.0	0.0	0.0	0.0	0.0	24.16086	282.11423	1483.3402	309.47504	1434.4042	0.0	704.32935	0.0	0.0	1064.7975	0.0	0.0	0.0	0.0	0.0	0.0	0.0	49.25046	0.0	0.0	873.17755	0.0	0.0	0.8084557	0.0	0.0	0.0	0.0	133.52116	0.0	0.0	0.0	0.0	0.0	1251.4622	0.0	470.74332	0.0	203.65953	0.0	0.0	0.0	0.0	0.0	0.0	0.0	0.0	0.0	517.86005	216.93526	0.0	23.837875	0.0	0.0	509.14127	0.0	0.0	948.0027	0.0	92.75863	0.0	0.0	0.0	742.3632	105.67059	79.07365	577.6402	0.0	0.0	525.073	276.63925	0.0	1149.6305	0.0	0.0	0.0	821.9328	930.61066	0.0	0.0	468.71286	0.0	0.0	0.0	513.4836	321.59027	0.0	0.0	217.5036	0.0	0.0	0.0	1301.8195	1578.7308	553.1929	0.0	0.0	0.0	0.0	0.0	924.04083	982.1679	0.0	0.0	55.860073	0.0	0.0	0.0	0.0	0.0	870.9399	4.385432	0.0	0.0	0.0	0.0
0.0	65.42316	0.0	1344.1622	0.0	0.0	2.246204	0.0	0.0	0.0	0.0	0.0	22.670364	275.4163	1635.8265	321.8953	1566.9384	0.0	769.31714	0.0	0.0	1158.098	0.0	0.0	0.0	0.0	0.0	0.0	0.0	58.281277	0.0	0.0	960.45337	0.0	0.0	0.0	0.0	0.0	0.0	0.0	150.2382	0.0	0.0	0.0	0.0	0.0	1361.7382	0.0	514.09283	0.0	224.98695	0.0	0.0	0.0	0.0	0.0	0.0	0.0	0.0	0.0	585.54694	239.38411	0.0	16.65402	0.0	0.0	583.39453	0.0	0.0	1042.6879	0.0	113.135826	0.0	0.0	0.0	814.6507	133.25285	74.507744	623.98236	0.0	0.0	586.0645	290.91638	0.0	1262.7025	0.0	0.0	0.0	885.667	1042.8795	0.0	0.0	498.66074	0.0	0.0	0.0	561.81	350.93668	0.0	0.0	252.43306	0.0	0.0	0.0	1417.3275	1737.8043	588.9594	0.0	0.0	0.0	0.0	0.0	994.0603	1077.8711	0.0	0.0	43.31896	0.0	0.0	0.0	0.0	0.0	957.4932	22.35714	0.0	0.0	0.0	0.0
0.0	65.49745	0.0	1425.5757	0.0	0.0	0.8671653	0.0	0.0	0.0	0.0	0.0	25.613977	276.09842	1724.6478	331.71695	1651.503	0.0	805.5224	0.0	0.0	1215.9768	0.0	0.0	0.0	0.0	0.0	0.0	0.0	65.412346	0.0	0.0	1007.4196	0.0	0.0	5.2451267	0.0	0.0	0.0	0.0	153.70775	0.0	0.0	0.0	0.0	0.0	1428.6339	0.0	537.5159	0.0	237.5775	0.0	0.0	0.0	0.0	0.0	0.0	0.0	0.0	0.0	624.5048	250.25183	0.0	19.557974	0.0	0.0	628.32965	0.0	0.0	1100.4175	0.0	127.430885	0.0	0.0	0.0	861.52344	143.28474	70.646576	650.41736	0.0	0.0	615.49774	298.408	0.0	1326.3099	0.0	0.0	0.0	923.64105	1107.9952	0.0	0.0	521.48285	0.0	0.0	0.0	591.8929	375.48245	0.0	0.0	275.38504	0.0	0.0	0.0	1481.2852	1831.7891	607.07324	0.0	0.0	0.0	1.4205683	0.0	1036.0365	1135.0616	0.0	0.0	35.12077	0.0	0.0	0.0	0.2200352	0.0	1009.1967	39.710155	0.0	0.0	0.0	0.0
0.0	75.64301	0.0	1469.8915	0.0	0.0	5.4063396	0.0	0.0	0.0	0.0	0.0	33.524273	273.02612	1778.5463	335.61813	1692.3115	0.0	829.54376	0.0	0.0	1248.3773	0.0	0.0	0.0	0.0	0.0	0.0	0.0	71.22152	0.0	0.0	1033.8091	0.0	0.0	7.237472	0.0	0.0	0.0	0.0	160.6617	0.0	0.0	0.0	0.0	0.0	1468.2031	0.0	552.45264	0.0	242.17778	0.0	0.0	0.0	0.0	0.0	0.0	0.0	0.0	0.0	644.0896	262.91574	0.0	23.525932	0.0	0.0	655.1679	0.0	0.0	1129.3326	0.0	133.10884	0.0	0.0	0.0	881.23444	154.80687	71.77697	668.14343	0.0	0.0	634.6192	298.22183	0.0	1365.744	0.0	0.0	0.0	944.3411	1148.4899	0.0	0.0	535.66504	0.0	0.0	0.0	605.77954	381.77588	0.0	0.0	288.34732	0.0	0.0	0.0	1526.349	1886.5326	617.23566	0.0	0.0	0.0	4.596769	0.0	1057.0508	1161.486	0.0	0.0	32.603596	0.0	0.0	0.0	4.3985744	0.0	1037.8146	63.169056	0.0	0.0	0.0	0.0
0.0	67.35039	0.0	1383.5844	0.0	0.0	4.077416	0.0	0.0	0.0	0.0	0.0	29.091187	266.45444	1679.7646	321.2878	1600.255	0.0	787.08936	0.0	0.0	1181.475	0.0	0.0	0.0	0.0	0.0	0.0	0.0	63.322235	0.0	0.0	982.4842	0.0	0.0	1.1901034	0.0	0.0	0.0	0.0	153.09619	0.0	0.0	0.0	0.0	0.0	1389.0072	0.0	523.94196	0.0	229.74205	0.0	0.0	0.0	0.0	0.0	0.0	0.0	0.0	0.0	605.22534	247.43762	0.0	17.996325	0.0	0.0	610.6308	0.0	0.0	1067.3312	0.0	121.42809	0.0	0.0	0.0	833.2614	142.96602	71.46996	635.0188	0.0	0.0	601.7884	289.29855	0.0	1294.0015	0.0	0.0	0.0	899.4096	1078.3063	0.0	0.0	506.1752	0.0	0.0	0.0	573.0292	359.33228	0.0	0.0	266.50143	0.0	0.0	0.0	1447.4468	1781.6444	592.26715	0.0	0.0	0.0	2.389448	0.0	1006.8527	1101.1227	0.0	0.0	35.59142	0.0	0.0	0.0	0.35829762	0.0	980.66693	44.31911	0.0	0.0	0.0	0.0
0.0	66.43228	0.0	1384.1903	0.0	0.0	3.8672264	0.0	0.0	0.0	0.0	0.0	29.243994	269.43384	1683.8514	326.09555	1604.5299	0.0	791.1267	0.0	0.0	1181.0414	0.0	0.0	0.0	0.0	0.0	0.0	0.0	59.924076	0.0	0.0	985.11646	0.0	0.0	1.439422	0.0	0.0	0.0	0.0	152.09966	0.0	0.0	0.0	0.0	0.0	1394.8873	0.0	520.3322	0.0	226.80981	0.0	0.0	0.0	0.0	0.0	0.0	0.0	0.0	0.0	605.6003	249.90373	0.0	18.385218	0.0	0.0	610.194	0.0	0.0	1066.8833	0.0	122.71989	0.0	0.0	0.0	831.4533	139.458	74.98994	633.3968	0.0	0.0	602.17004	289.10706	0.0	1293.3541	0.0	0.0	0.0	904.2436	1077.2623	0.0	0.0	509.57858	0.0	0.0	0.0	568.4834	362.28262	0.0	0.0	269.24667	0.0	0.0	0.0	1446.765	1781.3027	590.6674	0.0	0.0	0.0	1.7514958	0.0	1010.1433	1102.2623	0.0	0.0	37.840443	0.0	0.0	0.0	0.0	0.0	979.7625	43.297302	0.0	0.0	0.0	0.0
0.0	64.17233	0.0	1342.8934	0.0	0.0	4.5042806	0.0	0.0	0.0	0.0	0.0	26.46076	269.7349	1638.9567	322.28012	1561.6855	0.0	771.6118	0.0	0.0	1150.4584	0.0	0.0	0.0	0.0	0.0	0.0	0.0	56.090748	0.0	0.0	962.594	0.0	0.0	0.0	0.0	0.0	0.0	0.0	149.11565	0.0	0.0	0.0	0.0	0.0	1361.1523	0.0	506.9523	0.0	219.58458	0.0	0.0	0.0	0.0	0.0	0.0	0.0	0.0	0.0	585.15625	242.24658	0.0	14.585059	0.0	0.0	588.63934	0.0	0.0	1037.9266	0.0	115.204834	0.0	0.0	0.0	808.8947	132.13593	77.15244	618.2856	0.0	0.0	585.80426	283.8541	0.0	1260.472	0.0	0.0	0.0	886.9697	1043.5101	0.0	0.0	499.11087	0.0	0.0	0.0	553.2192	352.05997	0.0	0.0	257.81842	0.0	0.0	0.0	1412.4147	1733.9297	580.3859	0.0	0.0	0.0	0.20490308	0.0	989.2661	1074.3424	0.0	0.0	41.9794	0.0	0.0	0.0	0.0	0.0	952.669	33.55566	0.0	0.0	0.0	0.0
0.0	60.846867	0.0	1341.3248	0.0	0.0	4.856779	0.0	0.0	0.0	0.0	0.0	28.27478	269.47256	1633.0057	318.2692	1556.2682	0.0	766.6892	0.0	0.0	1151.808	0.0	0.0	0.0	0.0	0.0	0.0	0.0	59.86851	0.0	0.0	957.5534	0.0	0.0	0.0	0.0	0.0	0.0	0.0	149.6196	0.0	0.0	0.0	0.0	0.0	1355.9215	0.0	510.7711	0.0	221.49127	0.0	0.0	0.0	0.0	0.0	0.0	0.0	0.0	0.0	582.1841	240.63667	0.0	15.416419	0.0	0.0	586.02563	0.0	0.0	1037.211	0.0	114.65231	0.0	0.0	0.0	808.36346	135.57733	75.12585	619.0992	0.0	0.0	581.50287	283.0183	0.0	1260.0688	0.0	0.0	0.0	881.0285	1043.4912	0.0	0.0	497.39096	0.0	0.0	0.0	557.51605	348.005	0.0	0.0	253.28741	0.0	0.0	0.0	1411.8832	1732.8086	582.55963	0.0	0.0	0.0	1.9532996	0.0	986.37085	1070.0448	0.0	0.0	38.77624	0.0	0.0	0.0	0.0	0.0	952.24146	35.71934	0.0	0.0	0.0	0.0
0.0	62.25761	0.0	1353.1337	0.0	0.0	4.1008334	0.0	0.0	0.0	0.0	0.0	27.805567	269.50345	1646.227	318.76334	1567.3988	0.0	772.1839	0.0	0.0	1160.2423	0.0	0.0	0.0	0.0	0.0	0.0	0.0	61.18301	0.0	0.0	964.09503	0.0	0.0	0.35627165	0.0	0.0	0.0	0.0	150.13826	0.0	0.0	0.0	0.0	0.0	1364.0023	0.0	514.95044	0.0	224.00116	0.0	0.0	0.0	0.0	0.0	0.0	0.0	0.0	0.0	587.8384	243.33093	0.0	16.722597	0.0	0.0	592.1241	0.0	0.0	1045.4038	0.0	116.88822	0.0	0.0	0.0	815.6535	137.18372	73.799675	623.63995	0.0	0.0	585.30414	282.7765	0.0	1270.128	0.0	0.0	0.0	885.7104	1054.4906	0.0	0.0	501.01456	0.0	0.0	0.0	562.4278	352.4442	0.0	0.0	256.13687	0.0	0.0	0.0	1422.1293	1748.1139	585.13416	0.0	0.0	0.0	2.0139203	0.0	990.5643	1078.438	0.0	0.0	37.053303	0.0	0.0	0.0	0.0	0.0	959.94727	38.404346	0.0	0.0	0.0	0.0
0.0	66.569466	0.0	1390.1725	0.0	0.0	4.489719	0.0	0.0	0.0	0.0	0.0	28.732859	267.71542	1686.9098	322.4574	1607.7339	0.0	790.622	0.0	0.0	1186.9803	0.0	0.0	0.0	0.0	0.0	0.0	0.0	63.685333	0.0	0.0	986.5185	0.0	0.0	2.165542	0.0	0.0	0.0	0.0	155.00443	0.0	0.0	0.0	0.0	0.0	1396.6644	0.0	525.8254	0.0	229.35974	0.0	0.0	0.0	0.0	0.0	0.0	0.0	0.0	0.0	606.99567	249.7663	0.0	18.63283	0.0	0.0	612.6335	0.0	0.0	1071.9469	0.0	122.550606	0.0	0.0	0.0	836.0083	143.65233	71.82317	636.67883	0.0	0.0	604.6701	290.23816	0.0	1299.5519	0.0	0.0	0.0	904.4468	1084.2836	0.0	0.0	508.92587	0.0	0.0	0.0	575.4548	360.5431	0.0	0.0	268.74536	0.0	0.0	0.0	1454.6693	1789.0751	595.1983	0.0	0.0	0.0	2.7375848	0.0	1011.4699	1105.4731	0.0	0.0	35.319744	0.0	0.0	0.0	0.25095522	0.0	985.71387	46.530598	0.0	0.0	0.0	0.0
0.0	65.905396	0.0	1376.1172	0.0	0.0	3.8363578	0.0	0.0	0.0	0.0	0.0	28.562271	268.12558	1673.8698	321.67715	1592.0844	0.0	783.626	0.0	0.0	1175.8428	0.0	0.0	0.0	0.0	0.0	0.0	0.0	62.66977	0.0	0.0	979.0253	0.0	0.0	1.1634108	0.0	0.0	0.0	0.0	153.3844	0.0	0.0	0.0	0.0	0.0	1384.2793	0.0	521.75146	0.0	226.97124	0.0	0.0	0.0	0.0	0.0	0.0	0.0	0.0	0.0	598.4275	246.11589	0.0	17.978039	0.0	0.0	606.5584	0.0	0.0	1062.5001	0.0	119.67767	0.0	0.0	0.0	829.39166	140.93222	72.81187	631.5267	0.0	0.0	597.2639	285.48682	0.0	1288.5768	0.0	0.0	0.0	896.9455	1072.7684	0.0	0.0	506.9353	0.0	0.0	0.0	570.28107	357.97864	0.0	0.0	264.3317	0.0	0.0	0.0	1443.0485	1774.1888	591.39655	0.0	0.0	0.0	2.568791	0.0	1003.50244	1094.3721	0.0	0.0	35.920414	0.0	0.0	0.0	0.0	0.0	974.7819	44.02792	0.0	0.0	0.0	0.0
0.0	62.78828	0.0	1352.1605	0.0	0.0	4.2167544	0.0	0.0	0.0	0.0	0.0	27.10053	266.05307	1644.434	317.5502	1567.6602	0.0	771.6401	0.0	0.0	1157.9608	0.0	0.0	0.0	0.0	0.0	0.0	0.0	59.947556	0.0	0.0	962.7624	0.0	0.0	0.2091515	0.0	0.0	0.0	0.0	150.34009	0.0	0.0	0.0	0.0	0.0	1363.4849	0.0	512.82605	0.0	223.20256	0.0	0.0	0.0	0.0	0.0	0.0	0.0	0.0	0.0	590.6811	243.7281	0.0	15.820901	0.0	0.0	593.3135	0.0	0.0	1044.1473	0.0	116.923256	0.0	0.0	0.0	814.8825	137.21266	72.76405	622.08636	0.0	0.0	589.1995	284.40158	0.0	1266.9497	0.0	0.0	0.0	884.60474	1053.372	0.0	0.0	498.11353	0.0	0.0	0.0	560.2037	351.99515	0.0	0.0	259.9806	0.0	0.0	0.0	1419.0106	1744.0211	581.841	0.0	0.0	0.0	1.1690539	0.0	988.8516	1078.9647	0.0	0.0	38.641647	0.0	0.0	0.0	0.0	0.0	959.80414	38.939953	0.0	0.0	0.0	0.0
0.0	62.080505	0.0	1348.7069	0.0	0.0	3.9270153	0.0	0.0	0.0	0.0	0.0	27.89293	265.6223	1641.2764	315.9241	1565.3457	0.0	770.6673	0.0	0.0	1156.7915	0.0	0.0	0.0	0.0	0.0	0.0	0.0	61.11597	0.0	0.0	960.3972	0.0	0.0	0.87705415	0.0	0.0	0.0	0.0	149.9773	0.0	0.0	0.0	0.0	0.0	1360.8064	0.0	513.9609	0.0	225.0739	0.0	0.0	0.0	0.0	0.0	0.0	0.0	0.0	0.0	589.48285	243.28487	0.0	15.931657	0.0	0.0	592.12286	0.0	0.0	1042.6804	0.0	116.124214	0.0	0.0	0.0	813.95557	138.34741	72.38871	623.0888	0.0	0.0	588.789	284.76633	0.0	1264.9233	0.0	0.0	0.0	882.25604	1050.9137	0.0	0.0	497.6206	0.0	0.0	0.0	560.9402	351.68423	0.0	0.0	258.32516	0.0	0.0	0.0	1418.3804	1742.8885	582.55426	0.0	0.0	0.0	1.0249206	0.0	987.12726	1076.2155	0.0	0.0	39.118023	0.0	0.0	0.0	0.0	0.0	958.04346	39.333584	0.0	0.0	0.0	0.0
0.0	76.814156	0.0	1369.3217	0.0	0.0	9.760932	0.0	0.0	0.0	0.0	0.0	32.39539	276.14975	1683.1543	342.46948	1611.04	0.0	803.45685	0.0	0.0	1173.3331	0.0	0.0	0.0	0.0	0.0	0.0	0.0	54.56667	0.0	0.0	982.46564	0.0	0.0	0.0	0.0	0.0	0.0	0.0	146.61073	0.0	0.0	0.0	0.0	0.0	1392.8602	0.0	514.4572	0.0	226.73122	0.0	0.0	0.0	0.0	0.0	0.0	0.0	0.0	0.0	600.7172	256.23984	0.0	15.882424	0.0	0.0	604.1834	0.0	0.0	1061.2345	0.0	119.604126	0.0	0.0	0.0	828.10785	127.86201	86.00546	636.57513	0.0	0.0	608.56934	300.87595	0.0	1285.1759	0.0	0.0	0.0	909.69604	1060.1622	0.0	0.0	517.77765	0.0	0.0	0.0	557.6722	372.86502	0.0	0.0	275.663	0.0	0.0	0.0	1438.0679	1775.0409	591.16315	0.0	0.0	0.0	1.5642781	0.0	1012.81415	1097.3663	0.0	0.0	55.486034	0.0	0.0	0.0	0.0	0.0	971.48486	36.482464	0.0	0.0	0.0	0.0
0.0	67.51541	0.0	1387.724	0.0	0.0	4.7220745	0.0	0.0	0.0	0.0	0.0	30.004456	268.90625	1684.9362	323.53455	1607.2797	0.0	789.28174	0.0	0.0	1186.5253	0.0	0.0	0.0	0.0	0.0	0.0	0.0	63.97905	0.0	0.0	984.9615	0.0	0.0	1.481872	0.0	0.0	0.0	0.0	152.12073	0.0	0.0	0.0	0.0	0.0	1396.1188	0.0	526.1549	0.0	229.64807	0.0	0.0	0.0	0.0	0.0	0.0	0.0	0.0	0.0	606.4977	248.10808	0.0	17.445444	0.0	0.0	611.4607	0.0	0.0	1071.338	0.0	122.25123	0.0	0.0	0.0	834.45294	142.64328	72.2611	636.9697	0.0	0.0	603.9842	289.15768	0.0	1296.4694	0.0	0.0	0.0	903.53973	1081.5363	0.0	0.0	509.16458	0.0	0.0	0.0	574.8036	362.20255	0.0	0.0	268.53842	0.0	0.0	0.0	1453.0778	1788.8647	595.10004	0.0	0.0	0.0	2.48538	0.0	1011.0671	1104.0378	0.0	0.0	37.653027	0.0	0.0	0.0	0.0	0.0	983.64215	44.561184	0.0	0.0	0.0	0.0
0.0	67.941284	0.0	1394.0929	0.0	0.0	3.7702923	0.0	0.0	0.0	0.0	0.0	28.863852	269.36954	1693.9808	324.9713	1612.836	0.0	791.6228	0.0	0.0	1189.8251	0.0	0.0	0.0	0.0	0.0	0.0	0.0	63.531357	0.0	0.0	991.08203	0.0	0.0	2.13299	0.0	0.0	0.0	0.0	155.0737	0.0	0.0	0.0	0.0	0.0	1401.938	0.0	526.24176	0.0	228.80339	0.0	0.0	0.0	0.0	0.0	0.0	0.0	0.0	0.0	608.6286	249.26247	0.0	18.69079	0.0	0.0	615.1503	0.0	0.0	1075.8448	0.0	122.22228	0.0	0.0	0.0	840.9837	142.20421	72.37171	637.0437	0.0	0.0	604.1163	288.66953	0.0	1303.5376	0.0	0.0	0.0	907.1132	1087.325	0.0	0.0	511.52322	0.0	0.0	0.0	576.2578	363.83984	0.0	0.0	269.93454	0.0	0.0	0.0	1458.269	1794.5459	596.2563	0.0	0.0	0.0	2.4453027	0.0	1015.38574	1109.1979	0.0	0.0	36.075806	0.0	0.0	0.0	0.0	0.0	987.78485	46.291965	0.0	0.0	0.0	0.0
0.0	69.50164	0.0	1431.2555	0.0	0.0	3.8635185	0.0	0.0	0.0	0.0	0.0	30.158295	271.34372	1731.7797	328.8948	1648.8652	0.0	809.28467	0.0	0.0	1218.298	0.0	0.0	0.0	0.0	0.0	0.0	0.0	65.89533	0.0	0.0	1009.6171	0.0	0.0	4.7310734	0.0	0.0	0.0	0.0	156.81895	0.0	0.0	0.0	0.0	0.0	1433.168	0.0	538.3121	0.0	235.79932	0.0	0.0	0.0	0.0	0.0	0.0	0.0	0.0	0.0	626.0789	255.63216	0.0	20.967571	0.0	0.0	632.96796	0.0	0.0	1099.663	0.0	128.03955	0.0	0.0	0.0	856.89667	149.05522	71.55488	651.53375	0.0	0.0	618.91425	293.79227	0.0	1332.8744	0.0	0.0	0.0	923.3403	1116.2638	0.0	0.0	521.2634	0.0	0.0	0.0	588.6841	369.59766	0.0	0.0	278.009	0.0	0.0	0.0	1488.9248	1835.0004	603.28314	0.0	0.0	0.0	3.322149	0.0	1033.4961	1133.0079	0.0	0.0	32.364517	0.0	0.0	0.0	1.8997825	0.0	1010.8737	52.99791	0.0	0.0	0.0	0.0
0.0	66.18918	0.0	1376.9517	0.0	0.0	3.6572094	0.0	0.0	0.0	0.0	0.0	28.610312	267.15488	1674.7041	321.30292	1595.7787	0.0	784.7797	0.0	0.0	1177.2064	0.0	0.0	0.0	0.0	0.0	0.0	0.0	63.253723	0.0	0.0	977.2837	0.0	0.0	1.8448734	0.0	0.0	0.0	0.0	153.16127	0.0	0.0	0.0	0.0	0.0	1384.4059	0.0	522.3459	0.0	228.99733	0.0	0.0	0.0	0.0	0.0	0.0	0.0	0.0	0.0	601.3199	247.73083	0.0	17.776974	0.0	0.0	606.80255	0.0	0.0	1063.3763	0.0	119.912865	0.0	0.0	0.0	830.60516	141.26404	71.55312	633.49005	0.0	0.0	600.01587	289.3715	0.0	1289.0255	0.0	0.0	0.0	896.46136	1072.9154	0.0	0.0	505.82144	0.0	0.0	0.0	570.6121	359.97415	0.0	0.0	266.5109	0.0	0.0	0.0	1443.2036	1775.3578	591.20856	0.0	0.0	0.0	2.0775125	0.0	1002.9487	1095.8988	0.0	0.0	37.47199	0.0	0.0	0.0	0.0	0.0	976.7159	43.108624	0.0	0.0	0.0	0.0
0.0	54.972538	31.510828	1412.5563	0.0	0.0	1.5744866	0.0	0.0	0.0	0.0	0.0	14.095328	245.05049	1703.7467	297.60046	1620.6256	0.0	799.9121	0.0	0.0	1185.7236	0.0	0.0	0.0	0.0	0.0	0.0	0.0	72.88537	0.0	0.0	969.76495	0.0	0.0	23.133186	0.0	0.0	0.0	0.0	122.868164	0.0	0.0	0.0	0.0	0.0	1409.0088	0.0	518.1413	0.0	220.72386	0.0	0.0	0.0	0.0	0.0	0.0	0.0	0.0	0.0	629.0949	246.12971	0.0	2.7614963	0.0	0.0	653.93695	0.0	0.0	1075.9316	0.0	119.95321	0.0	0.0	0.0	816.31006	146.0174	42.514637	628.2391	0.0	0.0	619.8476	252.38084	0.0	1270.891	0.0	0.0	0.0	884.5245	1107.1659	0.0	0.0	503.3048	0.0	0.0	0.0	583.0424	392.97607	0.0	0.0	295.8606	0.0	0.0	0.0	1466.9313	1802.7013	547.0818	0.0	0.0	0.0	0.0	0.0	994.134	1108.4302	0.0	0.0	31.26368	0.0	0.0	0.0	0.0	0.0	983.0908	45.8221	0.0	0.0	0.0	0.0
0.0	66.8551	0.0	1390.8517	0.0	0.0	3.8730755	0.0	0.0	0.0	0.0	0.0	28.797983	267.21042	1688.1061	321.911	1608.151	0.0	790.54	0.0	0.0	1187.0913	0.0	0.0	0.0	0.0	0.0	0.0	0.0	64.18436	0.0	0.0	986.2225	0.0	0.0	2.501805	0.0	0.0	0.0	0.0	153.92717	0.0	0.0	0.0	0.0	0.0	1396.0172	0.0	525.98413	0.0	230.51366	0.0	0.0	0.0	0.0	0.0	0.0	0.0	0.0	0.0	608.5671	249.62305	0.0	18.543554	0.0	0.0	613.57324	0.0	0.0	1072.2988	0.0	122.71224	0.0	0.0	0.0	836.9558	143.39238	71.26335	637.26483	0.0	0.0	604.6517	289.80994	0.0	1299.3037	0.0	0.0	0.0	903.53156	1084.6166	0.0	0.0	509.0958	0.0	0.0	0.0	575.4551	362.5619	0.0	0.0	269.3328	0.0	0.0	0.0	1454.3837	1790.3087	593.64435	0.0	0.0	0.0	2.1917222	0.0	1009.73285	1106.2181	0.0	0.0	35.26799	0.0	0.0	0.0	0.30455425	0.0	985.5256	46.395954	0.0	0.0	0.0	0.0
0.0	75.19993	0.0	1473.7637	0.0	0.0	4.7213063	0.0	0.0	0.0	0.0	0.0	34.72269	269.72928	1785.0577	332.73694	1695.0529	0.0	831.071	0.0	0.0	1251.1163	0.0	0.0	0.0	0.0	0.0	0.0	0.0	71.88183	0.0	0.0	1037.61	0.0	0.0	8.029424	0.0	0.0	0.0	0.0	163.20311	0.0	0.0	0.0	0.0	0.0	1471.3224	0.0	554.70264	0.0	243.95012	0.0	0.0	0.0	0.0	0.0	0.0	0.0	0.0	0.0	647.16846	265.50952	0.0	22.642471	0.0	0.0	657.67163	0.0	0.0	1131.8087	0.0	133.23688	0.0	0.0	0.0	884.25885	157.57484	71.298836	670.3964	0.0	0.0	637.1462	297.06094	0.0	1371.0621	0.0	0.0	0.0	945.5324	1154.2212	0.0	0.0	534.8183	0.0	0.0	0.0	607.26056	382.39468	0.0	0.0	289.7675	0.0	0.0	0.0	1531.5328	1893.2701	618.03375	0.0	0.0	0.0	3.907705	0.0	1057.3234	1164.2328	0.0	0.0	32.645004	0.0	0.0	0.0	3.5356257	0.0	1041.2825	64.69433	0.0	0.0	0.0	0.0
0.0	66.70358	0.0	1376.8691	0.0	0.0	4.7995434	0.0	0.0	0.0	0.0	0.0	29.320044	267.32773	1673.4642	321.4778	1594.9023	0.0	784.6035	0.0	0.0	1177.683	0.0	0.0	0.0	0.0	0.0	0.0	0.0	63.229206	0.0	0.0	978.20233	0.0	0.0	1.2391604	0.0	0.0	0.0	0.0	151.71889	0.0	0.0	0.0	0.0	0.0	1385.4526	0.0	521.6816	0.0	227.98897	0.0	0.0	0.0	0.0	0.0	0.0	0.0	0.0	0.0	601.4705	247.36768	0.0	17.284674	0.0	0.0	606.6502	0.0	0.0	1063.048	0.0	120.52036	0.0	0.0	0.0	829.0915	141.18126	72.22577	632.81305	0.0	0.0	599.367	287.9222	0.0	1288.5929	0.0	0.0	0.0	896.717	1073.5342	0.0	0.0	505.95337	0.0	0.0	0.0	570.3404	359.51486	0.0	0.0	266.173	0.0	0.0	0.0	1442.9332	1775.3267	590.57965	0.0	0.0	0.0	2.3317926	0.0	1003.2448	1095.8654	0.0	0.0	37.707745	0.0	0.0	0.0	0.0	0.0	976.4605	43.83972	0.0	0.0	0.0	0.0
0.0	70.8858	0.0	1421.8263	0.0	0.0	4.097212	0.0	0.0	0.0	0.0	0.0	31.91603	268.77527	1723.9232	327.41794	1641.5052	0.0	804.5647	0.0	0.0	1210.4127	0.0	0.0	0.0	0.0	0.0	0.0	0.0	66.61507	0.0	0.0	1005.97296	0.0	0.0	4.794357	0.0	0.0	0.0	0.0	156.46338	0.0	0.0	0.0	0.0	0.0	1424.8442	0.0	535.4885	0.0	233.64394	0.0	0.0	0.0	0.0	0.0	0.0	0.0	0.0	0.0	621.8968	254.83252	0.0	21.122692	0.0	0.0	630.4461	0.0	0.0	1094.8134	0.0	127.44553	0.0	0.0	0.0	854.77496	147.82545	71.82282	647.75586	0.0	0.0	614.7085	290.87888	0.0	1325.9651	0.0	0.0	0.0	920.0962	1110.4092	0.0	0.0	519.5665	0.0	0.0	0.0	586.2801	369.87656	0.0	0.0	277.78342	0.0	0.0	0.0	1481.4447	1827.7441	603.0478	0.0	0.0	0.0	4.0855765	0.0	1029.1324	1126.963	0.0	0.0	32.9124	0.0	0.0	0.0	0.60409635	0.0	1005.4339	54.68544	0.0	0.0	0.0	0.0
0.0	74.314384	0.0	1462.2129	0.0	0.0	4.447762	0.0	0.0	0.0	0.0	0.0	34.907948	268.94434	1768.4808	331.25995	1683.582	0.0	823.81415	0.0	0.0	1242.7573	0.0	0.0	0.0	0.0	0.0	0.0	0.0	71.75146	0.0	0.0	1028.5751	0.0	0.0	7.8905277	0.0	0.0	0.0	0.0	160.30284	0.0	0.0	0.0	0.0	0.0	1461.1437	0.0	550.17926	0.0	241.42268	0.0	0.0	0.0	0.0	0.0	0.0	0.0	0.0	0.0	642.46466	262.89517	0.0	23.115988	0.0	0.0	651.993	0.0	0.0	1123.6558	0.0	132.47888	0.0	0.0	0.0	876.449	156.01485	71.007484	663.92017	0.0	0.0	632.16266	296.23953	0.0	1358.7264	0.0	0.0	0.0	938.82495	1144.7089	0.0	0.0	530.35675	0.0	0.0	0.0	603.0073	378.7461	0.0	0.0	287.91434	0.0	0.0	0.0	1518.3849	1877.6416	614.21045	0.0	0.0	0.0	4.2527366	0.0	1050.412	1155.8136	0.0	0.0	33.044853	0.0	0.0	0.0	2.953739	0.0	1033.4102	64.58612	0.0	0.0	0.0	0.0
0.0	64.93079	0.0	1380.8696	0.0	0.0	4.487659	0.0	0.0	0.0	0.0	0.0	27.322577	271.11316	1681.5287	326.8084	1601.2305	0.0	789.3696	0.0	0.0	1178.6302	0.0	0.0	0.0	0.0	0.0	0.0	0.0	59.523712	0.0	0.0	984.4173	0.0	0.0	0.52489656	0.0	0.0	0.0	0.0	152.20174	0.0	0.0	0.0	0.0	0.0	1393.3256	0.0	519.0489	0.0	225.20789	0.0	0.0	0.0	0.0	0.0	0.0	0.0	0.0	0.0	602.7473	247.91005	0.0	16.957895	0.0	0.0	608.4715	0.0	0.0	1065.3739	0.0	121.30831	0.0	0.0	0.0	830.21173	137.67238	75.081635	631.7137	0.0	0.0	601.19904	288.0276	0.0	1290.9976	0.0	0.0	0.0	904.5198	1074.4585	0.0	0.0	509.55637	0.0	0.0	0.0	566.6534	361.89755	0.0	0.0	268.74908	0.0	0.0	0.0	1446.1725	1776.9048	590.64624	0.0	0.0	0.0	0.6613189	0.0	1009.0489	1099.6702	0.0	0.0	39.045216	0.0	0.0	0.0	0.0	0.0	977.6858	40.493595	0.0	0.0	0.0	0.0
0.0	65.38172	0.0	1372.5541	0.0	0.0	4.283623	0.0	0.0	0.0	0.0	0.0	28.975672	268.27814	1672.1696	324.2808	1591.5441	0.0	784.3325	0.0	0.0	1172.1089	0.0	0.0	0.0	0.0	0.0	0.0	0.0	59.918392	0.0	0.0	979.5534	0.0	0.0	0.12901236	0.0	0.0	0.0	0.0	151.95819	0.0	0.0	0.0	0.0	0.0	1384.4414	0.0	517.53143	0.0	224.64238	0.0	0.0	0.0	0.0	0.0	0.0	0.0	0.0	0.0	599.47754	247.683	0.0	16.524004	0.0	0.0	605.09015	0.0	0.0	1059.4222	0.0	119.9974	0.0	0.0	0.0	827.3769	137.7737	75.181946	629.37897	0.0	0.0	597.53033	287.21805	0.0	1285.5447	0.0	0.0	0.0	899.35284	1068.8099	0.0	0.0	506.62967	0.0	0.0	0.0	565.5611	359.652	0.0	0.0	265.82043	0.0	0.0	0.0	1438.4984	1769.6029	588.74	0.0	0.0	0.0	1.1478645	0.0	1003.3826	1094.4467	0.0	0.0	39.142292	0.0	0.0	0.0	0.0	0.0	972.87067	41.191917	0.0	0.0	0.0	0.0
0.0	63.322723	0.0	1364.0763	0.0	0.0	4.295215	0.0	0.0	0.0	0.0	0.0	29.215921	266.55777	1659.081	319.99045	1580.6554	0.0	778.618	0.0	0.0	1166.527	0.0	0.0	0.0	0.0	0.0	0.0	0.0	61.063274	0.0	0.0	972.2466	0.0	0.0	0.7499993	0.0	0.0	0.0	0.0	151.38835	0.0	0.0	0.0	0.0	0.0	1374.525	0.0	515.9699	0.0	224.41339	0.0	0.0	0.0	0.0	0.0	0.0	0.0	0.0	0.0	594.6403	246.48273	0.0	17.162157	0.0	0.0	599.9722	0.0	0.0	1053.2197	0.0	119.42527	0.0	0.0	0.0	822.1031	138.63072	74.026375	626.3017	0.0	0.0	592.0704	285.8392	0.0	1278.916	0.0	0.0	0.0	892.67706	1062.1904	0.0	0.0	503.58585	0.0	0.0	0.0	564.9545	355.0321	0.0	0.0	261.81122	0.0	0.0	0.0	1429.6416	1759.2086	586.9414	0.0	0.0	0.0	1.7927352	0.0	996.867	1086.657	0.0	0.0	36.477077	0.0	0.0	0.0	0.0	0.0	967.0749	41.73119	0.0	0.0	0.0	0.0
0.0	65.03216	0.0	1370.418	0.0	0.0	4.2641377	0.0	0.0	0.0	0.0	0.0	29.727982	267.13577	1664.9896	319.89365	1586.6954	0.0	780.77435	0.0	0.0	1172.3422	0.0	0.0	0.0	0.0	0.0	0.0	0.0	62.131058	0.0	0.0	974.28656	0.0	0.0	1.7832127	0.0	0.0	0.0	0.0	151.41943	0.0	0.0	0.0	0.0	0.0	1379.7643	0.0	519.523	0.0	226.30695	0.0	0.0	0.0	0.0	0.0	0.0	0.0	0.0	0.0	597.8293	246.04236	0.0	18.052113	0.0	0.0	602.8171	0.0	0.0	1057.6359	0.0	119.554405	0.0	0.0	0.0	824.24884	140.00476	72.985596	628.8645	0.0	0.0	595.43066	285.99722	0.0	1282.9723	0.0	0.0	0.0	894.60284	1068.174	0.0	0.0	503.96103	0.0	0.0	0.0	567.81085	356.43076	0.0	0.0	263.15173	0.0	0.0	0.0	1436.0057	1766.2035	588.23016	0.0	0.0	0.0	2.2512925	0.0	999.97217	1091.3973	0.0	0.0	36.162136	0.0	0.0	0.0	0.0	0.0	971.6027	44.019054	0.0	0.0	0.0	0.0
