0.0	0.103474654	0.0	0.5517449	0.0034678075	0.0	0.1428924	0.0	0.0	0.0	0.0	0.0	0.0	0.0	0.36270455	0.10610124	0.43560037	0.0	0.33993816	0.0	0.0	0.22957933	0.0	0.0	0.0	0.27020323	0.0	0.0	0.0	0.0	0.16919684	0.0	0.29010665	0.0	0.0	0.0	0.0	0.0	0.0	0.0	0.14396267	0.0017272901	0.0	0.0	0.19494599	0.0	0.29904628	0.0	0.10692578	0.0	0.005071316	0.0	0.0	0.0	0.0	0.0	0.0	0.0	0.0	0.1756037	0.34446052	0.13087745	0.0	0.0	0.0	0.0	0.34279943	0.0	0.0	0.30245638	0.0	0.0	0.0	0.0	0.0	0.29033983	0.0	0.059119154	0.059159923	0.0	0.0008104195	0.105880134	0.2461279	0.0	0.24218504	0.0	0.0	0.0	0.1756161	0.29983118	0.0	0.0	0.0	0.0	0.0	0.0	0.29530278	0.14912026	0.0	0.010585297	0.16481869	0.0	0.0	0.0	0.37099648	0.14308165	0.16737731	0.01885947	0.0	0.0	0.06395113	0.16050667	0.22088265	0.1358375	0.0	0.0	0.0	0.0	0.0	0.0	0.029051006	0.0	0.2773351	0.0	0.0	0.0	0.0	0.0
0.0	0.099132724	0.0	0.5441032	0.010327178	0.0	0.1524253	0.0	0.0	0.0	0.0	0.0	0.0	0.0	0.32256287	0.120006084	0.44622433	0.0	0.33254007	0.0	0.0	0.22460847	0.0	0.0	0.0	0.24821757	0.0	0.0	0.0	0.0	0.17315798	0.0	0.2762113	0.0	0.0	0.0	0.0	0.0	0.0	0.0	0.14930516	0.0	0.0	0.0	0.20225044	0.0	0.30658692	0.0	0.1107249	0.0	0.005295484	0.0	0.0	0.0	0.0	0.0	0.0	0.0	0.0	0.17157875	0.34941435	0.11427775	0.0	0.0	0.0	0.0	0.3369169	0.0	0.0	0.29002658	0.0	0.0	0.0	0.0	0.0	0.25914013	0.0	0.056132037	0.05968855	0.0	0.0049845264	0.110943794	0.24908745	0.0	0.21889077	0.0	0.0	0.0	0.19352674	0.28091857	0.0	0.0	0.0	0.0	0.0	0.0	0.26823282	0.15309732	0.0	0.009142564	0.15771353	0.0	0.0	0.0	0.35186934	0.13084854	0.16576348	0.035596374	0.0	0.0	0.049644902	0.1559019	0.23901987	0.14236066	0.0	0.0	0.0	0.0	0.0	0.0	0.032431826	0.0	0.27138862	0.0	0.0	0.0	0.0	0.0
0.0	0.10106384	0.0	0.57071763	0.0074957986	0.0	0.1472581	0.0	0.0	0.0	0.0	0.0	0.0	0.0	0.3335143	0.12624903	0.46042052	0.0	0.32810062	0.0	0.0	0.2428046	0.0	0.0	0.0	0.24997358	0.0	0.0	0.0	0.0	0.17432249	0.0	0.28022254	0.0	0.0	0.0	0.0	0.0	0.0	0.0	0.14421391	0.0042536953	0.0	0.0	0.19498761	0.0	0.3123164	0.0	0.121299185	0.0	0.005175028	0.0	0.0	0.0	0.0	0.0	0.0	0.0	0.0	0.17042689	0.35692978	0.11892054	0.0	0.0	0.0	0.0	0.34938577	0.0	0.0	0.3063713	0.0	0.0	0.0	0.0	0.0	0.28027394	0.0	0.047460675	0.06816366	0.0	0.0031904504	0.12434945	0.251747	0.0	0.23144938	0.0	0.0	0.0	0.18586902	0.28941372	0.0	0.0	0.0	0.0	0.0	0.0	0.29460248	0.15158765	0.0	0.015082717	0.17036535	0.0	0.0	0.0	0.3628386	0.13953884	0.17109549	0.018082293	0.0	0.0	0.04939047	0.15198429	0.24395485	0.14150457	0.0	0.0	0.0	0.0	0.0	0.0	0.032244474	0.0	0.27919522	0.0	0.0	0.0	0.0	0.0
0.0	0.12895492	0.0	0.5920644	0.0	0.0	0.15839107	0.0	0.0	0.0	0.0	0.0	0.0	0.0	0.34919786	0.16338654	0.47894695	0.0	0.3743495	0.0	0.0	0.26752284	0.0	0.0	0.0	0.2665625	0.0	0.0	0.0	0.0	0.1749566	0.0	0.31326613	0.0	0.0	0.0	0.0	0.0	0.0	0.0	0.11759702	0.0	0.0	0.0	0.20307739	0.0	0.3362294	0.0	0.118271	0.0	0.010093847	0.0	0.0	0.0	0.0	0.0	0.0	0.0	0.0	0.16827278	0.35064128	0.116998136	0.0	0.0	0.0	0.0	0.39012316	0.0	0.0	0.3007175	0.0	0.0	0.0	0.0	0.0	0.2550638	0.0	0.04975054	0.08149352	0.0	0.0	0.14345777	0.23172309	0.0	0.23497032	0.0	0.0	0.0	0.1838092	0.26329103	0.0	0.0	0.0	0.0	0.0	0.0	0.3001635	0.16396144	0.0	0.014330566	0.17635208	0.0	0.0	0.0	0.3463799	0.18081917	0.14739631	0.0	0.0	0.0	0.04552729	0.15630916	0.2648433	0.15327245	0.0	0.0	0.0	0.0	0.0	0.0	0.02890216	0.0	0.2583665	0.0	0.0	0.0	0.0	0.0
0.0	0.10701539	0.0	0.55284214	0.0047937534	0.0	0.15577309	0.0	0.0	0.0	0.0	0.0	0.0	0.0	0.31756496	0.129826	0.45339808	0.0	0.33350047	0.0	0.0	0.23029585	0.0	0.0	0.0	0.25575405	0.0	0.0	0.0	0.0	0.18242325	0.0	0.272424	0.0	0.0	0.0	0.0	0.0	0.0	0.0	0.1359393	0.0011003116	0.0	0.0	0.20382738	0.0	0.31912297	0.0	0.10542963	0.0	0.008861065	0.0	0.0	0.0	0.0	0.0	0.0	0.0	0.0	0.16903853	0.35688913	0.10588741	0.0	0.0	0.0	0.0	0.35910192	0.0	0.0	0.29519272	0.0	0.0	0.0	0.0	0.0	0.2572781	0.0	0.05512165	0.062080998	0.0	0.0018414594	0.12142787	0.2310491	0.0	0.21464103	0.0	0.0	0.0	0.18705477	0.28277302	0.0	0.0	0.0	0.0	0.0	0.0	0.2730895	0.15593113	0.0	0.012042582	0.17043726	0.0	0.0	0.0	0.34285346	0.14383589	0.15510322	0.02526167	0.0	0.0	0.053588834	0.15206447	0.23773606	0.15115596	0.0	0.0	0.0	0.0	0.0	0.0	0.023732396	0.0	0.2597057	0.0	0.0	0.0	0.0	0.0
0.0	0.11511666	0.0	0.5175795	0.0041365726	0.0	0.16541314	0.0	0.0	0.0	0.0	0.0	0.0	0.0	0.29118577	0.12537698	0.43562874	0.0	0.33626118	0.0	0.0	0.21474715	0.0	0.0	0.0	0.25194746	0.0	0.0	0.0	0.0	0.1805194	0.0	0.26078448	0.0	0.0	0.0	0.0	0.0	0.0	0.0	0.13570876	0.0	0.0	0.0	0.19971186	0.0	0.3028569	0.0	0.09615079	0.0	0.010289551	0.0	0.0	0.0	0.0	0.0	0.0	0.0	0.0	0.17018618	0.33466545	0.10163353	0.0	0.0	0.0	0.0	0.33534563	0.0	0.0	0.2693939	0.0	0.0	0.0	0.0	0.0	0.22419065	0.0	0.06688875	0.06358903	0.0	0.0	0.108983584	0.22465812	0.0	0.1940711	0.0	0.0	0.0	0.18829906	0.2595347	0.0	0.0	0.0	0.0	0.0	0.0	0.24814653	0.16608343	0.0	0.0020793173	0.1566348	0.0	0.0	0.0	0.32567886	0.1430548	0.1439678	0.03895634	0.0	0.0	0.05199663	0.16040277	0.22969401	0.14671569	0.0	0.0	0.0	0.0	0.0	0.0	0.020587482	0.0	0.24246721	0.0	0.0	0.0	0.0	0.0
0.0	0.10111124	0.0	0.5863916	0.004505396	0.0	0.15350328	0.0	0.0	0.0	0.0	0.0	0.0	0.0	0.34050617	0.150773	0.46636376	0.0	0.34762952	0.0	0.0	0.2492433	0.0	0.0	0.0	0.25528213	0.0	0.0	0.0	0.0	0.18033232	0.0	0.29622737	0.0	0.0	0.0	0.0	0.0	0.0	0.0	0.12189571	0.0	0.0	0.0	0.21321966	0.0	0.34080622	0.0	0.109257735	0.0	0.0053613777	0.0	0.0	0.0	0.0	0.0	0.0	0.0	0.0	0.16585265	0.36467043	0.11249884	0.0	0.0	0.0	0.0	0.37369263	0.0	0.0	0.3022401	0.0	0.0	0.0	0.0	0.0	0.2674336	0.0	0.04774697	0.06374812	0.0	0.0	0.14173828	0.23085684	0.0	0.2238388	0.0	0.0	0.0	0.19169092	0.28045276	0.0	0.0	0.0	0.0	0.0	0.0	0.282417	0.14901672	0.0	0.012322914	0.18130632	0.0	0.0	0.0	0.34800515	0.1434273	0.15527284	0.011136859	0.0	0.0	0.044564303	0.14706261	0.25707948	0.15003161	0.0	0.0	0.0	0.0	0.0	0.0	0.028404824	0.0	0.2650522	0.0	0.0	0.0	0.0	0.0
0.0	0.10907296	0.0	0.54283834	0.0047312947	0.0	0.15980391	0.0	0.0	0.0	0.0	0.0	0.0	0.0	0.31206968	0.12915398	0.44913444	0.0	0.33250746	0.0	0.0	0.23310256	0.0	0.0	0.0	0.24995403	0.0	0.0	0.0	0.0	0.17958705	0.0	0.27241156	0.0	0.0	0.0	0.0	0.0	0.0	0.0	0.13874519	0.0	0.0	0.0	0.19858657	0.0	0.31095442	0.0	0.110860646	0.0	0.007869616	0.0	0.0	0.0	0.0	0.0	0.0	0.0	0.0	0.17743053	0.3453978	0.11053773	0.0	0.0	0.0	0.0	0.3414564	0.0	0.0	0.28899133	0.0	0.0	0.0	0.0	0.0	0.25447294	0.0	0.060752314	0.067548625	0.0	0.0	0.11536259	0.24177672	0.0	0.21289901	0.0	0.0	0.0	0.19095588	0.27335778	0.0	0.0	0.0	0.0	0.0	0.0	0.26832056	0.16034989	0.0	0.004205678	0.1602875	0.0	0.0	0.0	0.34741315	0.13854592	0.16039203	0.033490267	0.0	0.0	0.05509247	0.16038199	0.23808324	0.1473633	0.0	0.0	0.0	0.0	0.0	0.0	0.023257134	0.0	0.26019466	0.0	0.0	0.0	0.0	0.0
0.0	0.11225221	0.0	0.52551365	0.0073335455	0.0	0.16080007	0.0	0.0	0.0	0.0	0.0	0.0	0.0	0.31147203	0.12346063	0.43893138	0.0	0.33642402	0.0	0.0	0.21968846	0.0	0.0	0.0	0.25327787	0.0	0.0	0.0	0.0	0.17569709	0.0	0.26838407	0.0	0.0	0.0	0.0	0.0	0.0	0.0	0.14344911	0.0	0.0	0.0	0.19727196	0.0	0.30148897	0.0	0.10372836	0.0	0.008618869	0.0	0.0	0.0	0.0	0.0	0.0	0.0	0.0	0.17353107	0.3384695	0.110699475	0.0	0.0	0.0	0.0	0.33165023	0.0	0.0	0.2778485	0.0	0.0	0.0	0.0	0.0	0.24341993	0.0	0.06566164	0.06499497	0.0	0.0	0.106739424	0.23943478	0.0	0.20939343	0.0	0.0	0.0	0.19009928	0.27013922	0.0	0.0	0.0	0.0	0.0	0.0	0.25882465	0.16105093	0.0	0.0054110624	0.15698576	0.0	0.0	0.0	0.34186697	0.13836478	0.15572931	0.036982324	0.0	0.0	0.05405714	0.16499938	0.23155184	0.14377157	0.0	0.0	0.0	0.0	0.0	0.0	0.02387096	0.0	0.25373852	0.0	0.0	0.0	0.0	0.0
0.0	0.11272249	0.0	0.52964306	0.0073560313	0.0	0.1618327	0.0	0.0	0.0	0.0	0.0	0.0	0.0	0.29242077	0.12671007	0.44070196	0.0	0.336215	0.0	0.0	0.2147464	0.0	0.0	0.0	0.2503394	0.0	0.0	0.0	0.0	0.17951179	0.0	0.257609	0.0	0.0	0.0	0.0	0.0	0.0	0.0	0.13588114	0.0	0.0	0.0	0.19907892	0.0	0.30766773	0.0	0.09813359	0.0	0.011674778	0.0	0.0	0.0	0.0	0.0	0.0	0.0	0.0	0.16747953	0.34129116	0.09857819	0.0009410754	0.0	0.0	0.0	0.34284768	0.0	0.0	0.27157974	0.0	0.0	0.0	0.0	0.0	0.22781704	0.0	0.06373407	0.064967185	0.0	0.001095213	0.11716793	0.2158493	0.0	0.19566183	0.0	0.0	0.0	0.18120532	0.26188418	0.0	0.0	0.0	0.0	0.0	0.0	0.25520322	0.162309	0.0	0.0057521067	0.1639988	0.0	0.0	0.0	0.32373106	0.14639671	0.14171843	0.02891211	0.0	0.0	0.047834467	0.14948894	0.23009574	0.14653842	0.0	0.0	0.0	0.0	0.0	0.0	0.023413068	0.0	0.24443139	0.0	0.0	0.0	0.0	0.0
0.0	0.112891555	0.0	0.5241146	0.004471986	0.0	0.16475679	0.0	0.0	0.0	0.0	0.0	0.0	0.0	0.3022008	0.12830251	0.43731308	0.0	0.337284	0.0	0.0	0.22025967	0.0	0.0	0.0	0.2532852	0.0	0.0	0.0	0.0	0.17693396	0.0	0.26584354	0.0	0.0	0.0	0.0	0.0	0.0	0.0	0.13938424	0.0	0.0	0.0	0.19977564	0.0	0.3004931	0.0	0.10157583	0.0	0.008537467	0.0	0.0	0.0	0.0	0.0	0.0	0.0	0.0	0.17306833	0.33512712	0.106388964	0.0	0.0	0.0	0.0	0.33559045	0.0	0.0	0.27391168	0.0	0.0	0.0	0.0	0.0	0.23517156	0.0	0.06798657	0.06562596	0.0	0.0	0.10915661	0.23589645	0.0	0.20253728	0.0	0.0	0.0	0.19004214	0.2629726	0.0	0.0	0.0	0.0	0.0	0.0	0.25443462	0.16244684	0.0	0.0019968406	0.15541178	0.0	0.0	0.0	0.3326645	0.13950473	0.14945917	0.036354598	0.0	0.0	0.056704044	0.16438575	0.23205821	0.14525627	0.0	0.0	0.0	0.0	0.0	0.0	0.022100637	0.0	0.24790442	0.0	0.0	0.0	0.0	0.0
0.0	0.10693833	0.0	0.5277878	0.0074232477	0.0	0.15012217	0.0	0.0	0.0	0.0	0.0	0.0	0.0	0.3348327	0.11203159	0.43360066	0.0	0.3392854	0.0	0.0	0.21846063	0.0	0.0	0.0	0.25913835	0.0	0.0	0.0	0.0	0.17100048	0.0	0.27916667	0.0	0.0	0.0	0.0	0.0	0.0	0.0	0.14796041	0.00170728	0.0	0.0	0.19645698	0.0	0.29518238	0.0	0.10326171	0.0	0.0073657334	0.0	0.0	0.0	0.0	0.0	0.0	0.0	0.0	0.1712333	0.3389356	0.1197715	0.0	0.0	0.0	0.0	0.33024663	0.0	0.0	0.28740713	0.0	0.0	0.0	0.0	0.0	0.26203385	0.0	0.061818343	0.059076745	0.0	0.00047010183	0.10041282	0.2452508	0.0	0.22621799	0.0	0.0	0.0	0.1895148	0.28375062	0.0	0.0	0.0	0.0	0.0	0.0	0.2679883	0.15501045	0.0	0.0056285583	0.15540658	0.0	0.0	0.0	0.35494173	0.13896494	0.15965988	0.03247686	0.0	0.0	0.055731717	0.16322525	0.2252068	0.1404856	0.0	0.0	0.0	0.0	0.0	0.0	0.027911818	0.0	0.2665344	0.0	0.0	0.0	0.0	0.0
0.0	0.10713038	0.0	0.552464	0.007662701	0.0	0.14830966	0.0	0.0	0.0	0.0	0.0	0.0	0.0	0.32100254	0.12356112	0.45347413	0.0	0.33171472	0.0	0.0	0.23060668	0.0	0.0	0.0	0.25066236	0.0	0.0	0.0	0.0	0.17760916	0.0	0.2723997	0.0	0.0	0.0	0.0	0.0	0.0	0.0	0.14423692	0.0042644436	0.0	0.0	0.19267021	0.0	0.30868408	0.0	0.113572635	0.0	0.006347938	0.0	0.0	0.0	0.0	0.0	0.0	0.0	0.0	0.16866733	0.35239974	0.11496067	0.0	0.0	0.0	0.0	0.3454913	0.0	0.0	0.29755738	0.0	0.0	0.0	0.0	0.0	0.26702282	0.0	0.051272616	0.066691495	0.0	0.0029025252	0.1190104	0.24038303	0.0	0.22036098	0.0	0.0	0.0	0.18482	0.2835923	0.0	0.0	0.0	0.0	0.0	0.0	0.28261113	0.1573128	0.0	0.010019275	0.17091383	0.0	0.0	0.0	0.355176	0.14682212	0.16587593	0.022870177	0.0	0.0	0.047585245	0.15411086	0.2374773	0.14388911	0.0	0.0	0.0	0.0	0.0	0.0	0.028494634	0.0	0.26865348	0.0	0.0	0.0	0.0	0.0
0.0	0.09225396	0.0	0.5988827	0.008631744	0.0	0.12821075	0.0	0.0	0.0	0.0	0.0	0.0	0.0	0.3755838	0.10594397	0.45641804	0.0	0.33059725	0.0	0.0	0.25278482	0.0	0.0	0.0	0.26968724	0.0	0.0	0.0	0.0	0.1666577	0.0	0.30306396	0.0	0.0	0.0	0.0	0.0	0.0	0.0	0.14252831	0.0020693662	0.0	0.0	0.19946049	0.0	0.31065932	0.0	0.12510909	0.0	0.004911047	0.0	0.0	0.0	0.0	0.0	0.0	0.0	0.0	0.17414874	0.36463976	0.13311358	0.0	0.0	0.0	0.0	0.36952773	0.0	0.0	0.32859752	0.0	0.0	0.0	0.0	0.0	0.32961392	0.0	0.04960841	0.054382075	0.0	0.0018107928	0.12078822	0.24604158	0.0	0.26441333	0.0	0.0	0.0	0.17119269	0.31673738	0.0	0.0	0.0	0.0	0.0	0.0	0.323364	0.13920353	0.0	0.024508847	0.174047	0.0	0.0	0.0	0.37743244	0.13936274	0.17106907	0.0072175935	0.0	0.0	0.054566134	0.1390318	0.22768874	0.14294164	0.0	0.0	0.0	0.0	0.0	0.0	0.035998415	0.0	0.30813888	0.0	0.0	0.0	0.0	0.0
0.0	0.117805146	0.0	0.5088499	0.006329393	0.0	0.15653814	0.0	0.0	0.0	0.0	0.0	0.0	0.0	0.32918128	0.11310282	0.4286482	0.0	0.32841495	0.0	0.0	0.21662922	0.0	0.0	0.0	0.25131345	0.0	0.0	0.0	0.0	0.17016506	0.0	0.27347267	0.0	0.0	0.0	0.0	0.0	0.0	0.0	0.15798713	0.0	0.0	0.0	0.1914569	0.0	0.2812411	0.0	0.11504722	0.0	0.00589497	0.0	0.0	0.0	0.0	0.0	0.0	0.0	0.0	0.18238108	0.32529807	0.13193326	0.0	0.0	0.0	0.0	0.30584756	0.0	0.0	0.2819456	0.0	0.0	0.0	0.0	0.0	0.26200244	0.0	0.067661904	0.0627893	0.0	0.0	0.08487234	0.28332722	0.0	0.22228707	0.0	0.0	0.0	0.20222384	0.27339843	0.0	0.0	0.0	0.0	0.0	0.0	0.26042202	0.1689688	0.0	0.0	0.14326169	0.0	0.0	0.0	0.35936332	0.12830226	0.18294293	0.045862902	0.0	0.0	0.065610684	0.19199876	0.22799206	0.14028114	0.0	0.0	0.0	0.0	0.0	0.0	0.023078209	0.0	0.26953796	0.0	0.0	0.0	0.0	0.0
0.0	0.10379392	0.0	0.53222626	0.008313389	0.0	0.16239066	0.0	0.0	0.0	0.0	0.0	0.0	0.0	0.31053594	0.1197545	0.4543093	0.0	0.333285	0.0	0.0	0.22352119	0.0	0.0	0.0	0.24140735	0.0	0.0	0.0	0.0	0.17425124	0.0	0.26854888	0.0	0.0	0.0	0.0	0.002493615	0.0	0.0	0.14513142	0.0	0.0	0.0	0.1951676	0.0	0.30684784	0.0	0.10590061	0.0	0.004305457	0.0	0.0	0.0	0.0	0.0	0.0	0.0	0.0	0.16129015	0.35146967	0.11120015	0.0036104964	0.0	0.0	0.0	0.34422788	0.0	0.0	0.2950414	0.0	0.0	0.0	0.0	0.0	0.250181	0.0	0.05894612	0.064706326	0.0	0.0076274783	0.11757389	0.2368192	0.0	0.19645059	0.0	0.0	0.0	0.19017036	0.27056774	0.0	0.0	0.0	0.0	0.0	0.0	0.2662605	0.16320974	0.0	0.0083678365	0.16360693	0.0	0.0	0.0	0.34056556	0.14890836	0.16368814	0.0289795	0.0	0.0	0.05387522	0.15093623	0.23725164	0.14981651	0.0	0.0	0.0	0.0	0.0	0.0	0.028844742	0.0	0.27030003	0.0	0.0	0.0	0.0	0.0
0.0	0.109013535	0.0	0.5576439	0.011005552	0.0	0.15360911	0.0	0.0	0.0	0.0	0.0	0.0	0.0	0.3068727	0.122432284	0.47445846	0.0	0.3389646	0.0	0.0	0.23627679	0.0	0.0	0.0	0.25329643	0.0	0.0	0.0	0.0	0.1736608	0.0	0.26057628	0.0	0.0	0.0	0.0	0.0038938401	0.0	0.0	0.14253205	0.005760567	0.0	0.0	0.17079683	0.0	0.31694803	0.0	0.115393005	0.0	0.005716925	0.0	0.0	0.0	0.0	0.0	0.0	0.0	0.0	0.16688667	0.35398534	0.11138784	0.0	0.0	0.0	0.0	0.3521637	0.0	0.0	0.30408934	0.0	0.0	0.0	0.0	0.0	0.2607516	0.0	0.052316014	0.07547206	0.0	0.006487245	0.12056937	0.21614622	0.0	0.20950349	0.0	0.0	0.0	0.17132974	0.28486964	0.0	0.0	0.0	0.0	0.0	0.0	0.2897397	0.17024912	0.0	0.010472186	0.18666726	0.0	0.0	0.0	0.35109076	0.16938882	0.16299094	0.010071698	0.0	0.0	0.047704205	0.14333974	0.2310579	0.15640007	0.0	0.0	0.0	0.0	0.0	0.0	0.030351149	0.0	0.2627534	0.0	0.0	0.0	0.0	0.0
0.0	0.08985572	0.0	0.56501096	0.0061742584	0.0	0.13244395	0.0	0.0	0.0	0.0	0.0	0.0	0.0	0.3640568	0.10599425	0.43815795	0.0	0.33666548	0.0	0.0	0.22496414	0.0	0.0	0.0	0.26498362	0.0	0.0	0.0	0.0	0.16602084	0.0	0.2966247	0.0	0.0	0.0	0.0	0.0	0.0	0.0	0.14299476	0.002774419	0.0	0.0	0.20918794	0.0	0.30648482	0.0	0.1029707	0.0	0.0058050677	0.0	0.0	0.0	0.0	0.0	0.0	0.0	0.0	0.1670342	0.36368382	0.12595142	0.0	0.0	0.0	0.0	0.35640475	0.0	0.0	0.30757663	0.0	0.0	0.0	0.0	0.0	0.2979666	0.0	0.054051887	0.045817792	0.0	0.008679523	0.111494124	0.24472566	0.0	0.24743716	0.0	0.0	0.0	0.18346782	0.31198058	0.0	0.0	0.0	0.0	0.0	0.0	0.2893456	0.13742357	0.0	0.01383061	0.16525476	0.0	0.0	0.0	0.36830202	0.13608867	0.16211553	0.018813249	0.0	0.0	0.05465539	0.13885288	0.22807927	0.14335482	0.0	0.0	0.0	0.0	0.0	0.0	0.037368234	0.0	0.2906197	0.0	0.0	0.0	0.0	0.0
0.0	0.10279546	0.0	0.6954565	0.0	0.0	0.16520326	0.0	0.0	0.0	0.0	0.0	0.0	0.0	0.45173904	0.1967596	0.50609636	0.0	0.38975695	0.0	0.0	0.294942	0.0	0.0	0.0	0.30232847	0.0	0.0	0.0	0.0	0.16685171	0.0	0.394376	0.0	0.0	0.0	0.0	0.0	0.0	0.0	0.08644894	0.0	0.0	0.0	0.2727429	0.0	0.38723886	0.0	0.102528036	0.0	0.006003546	0.0	0.0	0.0	0.0	0.0	0.0	0.0	0.0	0.13943018	0.38667408	0.13133335	0.0	0.0	0.0	0.0	0.44166866	0.0	0.0	0.31648064	0.0	0.0	0.0	0.0	0.0	0.33713356	0.0	0.032941002	0.055110257	0.0	0.0	0.18203117	0.26988843	0.0	0.26121894	0.0	0.0	0.0	0.19517477	0.2810508	0.0	0.0	0.0	0.0	0.0	0.0	0.29798952	0.119786076	0.0	0.022784842	0.18072455	0.0	0.0	0.0	0.37275514	0.12814625	0.16154827	0.0	0.0	0.0	0.021301324	0.15649039	0.31659123	0.17889835	0.0	0.0	0.0	0.0	0.0	0.0	0.034892473	0.0	0.2881619	0.0	0.0	0.0	0.0	0.0
0.0	0.10255436	0.0	0.5358974	0.004708978	0.0	0.14680932	0.0	0.0	0.0	0.0	0.0	0.0	0.0	0.34465456	0.115002654	0.43807912	0.0	0.33437395	0.0	0.0	0.22607102	0.0	0.0	0.0	0.25985843	0.0	0.0	0.0	0.0	0.16940515	0.0	0.2785969	0.0	0.0	0.0	0.0	0.0	0.0	0.0	0.14874758	0.0026433908	0.0	0.0	0.18947951	0.0	0.29131857	0.0	0.11106888	0.0	0.002011191	0.0	0.0	0.0	0.0	0.0	0.0	0.0	0.0	0.16610388	0.338022	0.12683831	0.0	0.0	0.0	0.0	0.33717498	0.0	0.0	0.29550165	0.0	0.0	0.0	0.0	0.0	0.26868597	0.0	0.059548367	0.061363477	0.0	0.0009551632	0.1026473	0.2524129	0.0	0.23502119	0.0	0.0	0.0	0.19105804	0.28786162	0.0	0.0	0.0	0.0	0.0	0.0	0.2701621	0.1584635	0.0	0.006868632	0.16467704	0.0	0.0	0.0	0.36557123	0.13886331	0.16711305	0.03263429	0.0	0.0	0.06249251	0.15786155	0.22305767	0.14127266	0.0	0.0	0.0	0.0	0.0	0.0	0.026015544	0.0	0.269865	0.0	0.0	0.0	0.0	0.0
0.0	0.088545084	0.0	0.60166436	0.0014295453	0.0	0.13031776	0.0	0.0	0.0	0.0	0.0	0.0	0.0	0.39739975	0.11803309	0.4497281	0.0	0.33995244	0.0	0.0	0.2521703	0.0	0.0	0.0	0.27104947	0.0	0.0	0.0	0.0	0.16677351	0.0	0.3205229	0.0	0.0	0.0	0.0	0.0	0.0	0.0	0.13356708	0.0	0.0	0.0	0.21564604	0.0	0.3197981	0.0	0.116161905	0.0	0.0052706436	0.0	0.0	0.0	0.0	0.0	0.0	0.0	0.0	0.17225678	0.3670263	0.13793285	0.0	0.0	0.0	0.0	0.36998215	0.0	0.0	0.3208147	0.0	0.0	0.0	0.0	0.0	0.3278984	0.0	0.05377324	0.052770432	0.0	0.0005945762	0.12139868	0.2619122	0.0	0.2672066	0.0	0.0	0.0	0.17979003	0.31976512	0.0	0.0	0.0	0.0	0.0	0.0	0.31807616	0.13306575	0.0	0.019622436	0.17098601	0.0	0.0	0.0	0.38797447	0.13417251	0.16952653	0.0064505883	0.0	0.0	0.055373996	0.14685766	0.24174865	0.13990207	0.0	0.0	0.0	0.0	0.0	0.0	0.037732515	0.0	0.30494317	0.0	0.0	0.0	0.0	0.0
0.0	0.10611167	0.0	0.54273355	0.007986083	0.0	0.14721423	0.0	0.0	0.0	0.0	0.0	0.0	0.0	0.33413517	0.11417913	0.44230112	0.0	0.3380876	0.0	0.0	0.21991144	0.0	0.0	0.0	0.2605985	0.0	0.0	0.0	0.0	0.17345901	0.0	0.27526918	0.0	0.0	0.0	0.0	0.0	0.0	0.0	0.14687876	0.0029001134	0.0	0.0	0.19398774	0.0	0.3010532	0.0	0.106680356	0.0	0.006994736	0.0	0.0	0.0	0.0	0.0	0.0	0.0	0.0	0.16522218	0.34777713	0.11919334	0.0	0.0	0.0	0.0	0.33896518	0.0	0.0	0.29238448	0.0	0.0	0.0	0.0	0.0	0.26673067	0.0	0.05639531	0.05977507	0.0	0.0031159793	0.109318614	0.2367874	0.0	0.22613479	0.0	0.0	0.0	0.1829654	0.28770506	0.0	0.0	0.0	0.0	0.0	0.0	0.27673316	0.15282829	0.0	0.010208721	0.165731	0.0	0.0	0.0	0.3543482	0.14210816	0.15689941	0.024361992	0.0	0.0	0.05137297	0.15143262	0.22553967	0.1387154	0.0	0.0	0.0	0.0	0.0	0.0	0.0297153	0.0	0.2674019	0.0	0.0	0.0	0.0	0.0
0.0	0.1093465	0.0	0.5413652	0.007861748	0.0	0.15783374	0.0	0.0	0.0	0.0	0.0	0.0	0.0	0.30171925	0.12616284	0.4471043	0.0	0.33170375	0.0	0.0	0.22538666	0.0	0.0	0.0	0.25055465	0.0	0.0	0.0	0.0	0.17978346	0.0	0.26271656	0.0	0.0	0.0	0.0	0.0	0.0	0.0	0.1393192	0.00084288354	0.0	0.0	0.195557	0.0	0.3084046	0.0	0.105567716	0.0	0.008469364	0.0	0.0	0.0	0.0	0.0	0.0	0.0	0.0	0.16851257	0.3463141	0.105107896	0.0	0.0	0.0	0.0	0.34326842	0.0	0.0	0.284159	0.0	0.0	0.0	0.0	0.0	0.2417754	0.0	0.057669755	0.06590936	0.0	0.0027953808	0.117672026	0.22760534	0.0	0.20515907	0.0	0.0	0.0	0.18102662	0.2702664	0.0	0.0	0.0	0.0	0.0	0.0	0.26693273	0.1601559	0.0	0.008199816	0.16551682	0.0	0.0	0.0	0.3340735	0.14350976	0.15089528	0.027320107	0.0	0.0	0.050351497	0.15245815	0.23313908	0.14385886	0.0	0.0	0.0	0.0	0.0	0.0	0.02502027	0.0	0.25409505	0.0	0.0	0.0	0.0	0.0
0.0	0.108494274	0.0	0.67320424	0.0	0.0	0.17062433	0.0	0.0	0.0	0.0	0.0	0.0	0.0	0.42313913	0.18953753	0.49033746	0.0	0.37773857	0.0	0.0	0.2979646	0.0	0.0	0.0	0.29380676	0.0	0.0	0.0	0.0	0.16765253	0.0	0.37604168	0.0	0.0	0.0	0.0	0.0	0.0	0.0	0.09006154	0.0	0.0	0.0	0.26111504	0.0	0.3745966	0.0	0.11603097	0.0	0.003866883	0.0	0.0	0.0	0.0	0.0	0.0	0.0	0.0	0.15664491	0.36531234	0.13376163	0.0	0.0	0.0	0.0	0.42702332	0.0	0.0	0.3069503	0.0	0.0	0.0	0.0	0.0	0.31680813	0.0	0.047627885	0.058785994	0.0	0.0	0.17146099	0.27281734	0.0	0.25535777	0.0	0.0	0.0	0.19265205	0.2770885	0.0	0.0	0.0	0.0	0.0	0.0	0.2974532	0.13266528	0.0	0.011871518	0.16701627	0.0	0.0	0.0	0.37111163	0.12679182	0.15976177	0.0	0.0	0.0	0.03286798	0.1755042	0.30500028	0.16468112	0.0	0.0	0.0	0.0	0.0	0.0	0.025535405	0.0	0.27279887	0.0	0.0	0.0	0.0	0.0
0.0	0.10746351	0.0	0.66213864	0.0	0.0	0.16372113	0.0	0.0	0.0	0.0	0.0	0.0	0.0	0.41545367	0.18757747	0.4841601	0.0	0.38415942	0.0	0.0	0.28829095	0.0	0.0	0.0	0.2898802	0.0	0.0	0.0	0.0	0.16657078	0.0	0.3733171	0.0	0.0	0.0	0.0	0.0	0.0	0.0	0.090101175	0.0	0.0	0.0	0.2646453	0.0	0.37300405	0.0	0.11157266	0.0	0.0067780074	0.0	0.0	0.0	0.0	0.0	0.0	0.0	0.0	0.15703107	0.37015525	0.12920429	0.0	0.0	0.0	0.0	0.42639914	0.0	0.0	0.30288792	0.0	0.0	0.0	0.0	0.0	0.3055725	0.0	0.0469595	0.059990782	0.0	0.0	0.17545313	0.26401886	0.0	0.24882813	0.0	0.0	0.0	0.19311197	0.27448353	0.0	0.0	0.0	0.0	0.0	0.0	0.292556	0.13050094	0.0	0.015341237	0.1651392	0.0	0.0	0.0	0.36565027	0.1296599	0.15535386	0.0	0.0	0.0	0.028540367	0.1723847	0.303568	0.1634673	0.0	0.0	0.0	0.0	0.0	0.0	0.03151316	0.0	0.27060267	0.0	0.0	0.0	0.0	0.0
0.0	0.16257209	0.0	0.54133654	0.0	0.0	0.18936594	0.0	0.0	0.0	0.0	0.0	0.0	0.0	0.397565	0.15284961	0.42137244	0.0	0.3500414	0.0	0.0	0.27561498	0.0	0.0	0.0	0.27613965	0.0	0.0	0.0	0.0	0.14730652	0.0	0.34551525	0.0	0.0	0.0	0.0	0.0	0.0	0.0	0.1473011	0.0	0.0	0.0	0.22551608	0.0	0.28954974	0.0	0.1195486	0.0	0.008543394	0.0	0.0	0.0	0.0	0.0	0.0	0.0	0.0	0.19268727	0.29421207	0.15609483	0.0	0.0	0.0	0.0	0.31996956	0.0	0.0	0.27412748	0.0	0.0	0.0	0.0	0.0	0.29847935	0.0	0.08478453	0.0713473	0.0	0.0	0.08672886	0.34457383	0.0	0.25379494	0.0	0.0	0.0	0.22595954	0.25935626	0.0	0.0	0.0	0.0	0.0	0.0	0.25264385	0.15692857	0.0	0.0	0.104456626	0.0	0.0	0.0	0.39419362	0.108005606	0.24662586	0.042637248	0.0	0.0	0.081324905	0.27745485	0.27533653	0.14667904	0.0	0.0	0.0	0.0	0.0	0.0	0.0053948625	0.0	0.26871267	0.0	0.0	0.0	0.0	0.0
0.0	0.15021148	0.0	0.46906075	0.0	0.0	0.16766596	0.0	0.0	0.0	0.0	0.0	0.0	0.0	0.3302286	0.10882589	0.41040555	0.0	0.3453425	0.0	0.0	0.20800841	0.0	0.0	0.0	0.26588294	0.0	0.0	0.0	0.0	0.16750467	0.0	0.27247056	0.0	0.0	0.0	0.0	0.0	0.0	0.0	0.17803155	0.0	0.0	0.0	0.18749815	0.0	0.2666235	0.0	0.10661001	0.0	0.008714533	0.0	0.0	0.0	0.0	0.0	0.0	0.0	0.0	0.19179647	0.30196595	0.13378549	0.0	0.0	0.0	0.0	0.28702703	0.0	0.0	0.2654755	0.0	0.0	0.0	0.0	0.0	0.24488015	0.0	0.08803972	0.06717345	0.0	0.0	0.061038	0.29361033	0.0	0.21598516	0.0	0.0	0.0	0.20659612	0.2600539	0.0	0.0	0.0	0.0	0.0	0.0	0.24748568	0.17759162	0.0	0.0	0.1249743	0.0	0.0	0.0	0.35377598	0.14292116	0.2032303	0.058136225	0.0	0.0	0.090412416	0.23240292	0.22654359	0.13658728	0.0	0.0	0.0	0.0	0.0	0.0	0.016188808	0.0	0.2535482	0.0	0.0	0.0	0.0	0.0
0.0	0.1486416	0.0	0.47136354	0.0	0.0	0.1695776	0.0	0.0	0.0	0.0	0.0	0.0	0.0	0.33594188	0.11016256	0.41567734	0.0	0.3416234	0.0	0.0	0.21144247	0.0	0.0	0.0	0.26270613	0.0	0.0	0.0	0.0	0.16777436	0.0	0.27449533	0.0	0.0	0.0	0.0	0.0	0.0	0.0	0.17801945	0.0	0.0	0.0	0.18671846	0.0	0.27198932	0.0	0.10661841	0.0	0.008168111	0.0	0.0	0.0	0.0	0.0	0.0	0.0	0.0	0.19082908	0.29999393	0.13482961	0.0	0.0	0.0	0.0	0.285749	0.0	0.0	0.2682079	0.0	0.0	0.0	0.0	0.0	0.24818915	0.0	0.08640448	0.06734958	0.0	0.0	0.065712415	0.2928225	0.0	0.22509299	0.0	0.0	0.0	0.2072047	0.2633989	0.0	0.0	0.0	0.0	0.0	0.0	0.24718367	0.17835224	0.0	0.0	0.12904023	0.0	0.0	0.0	0.35784283	0.1383273	0.20306717	0.06005079	0.0	0.0	0.08755063	0.22621007	0.22611217	0.13521035	0.0	0.0	0.0	0.0	0.0	0.0	0.013426383	0.0	0.25705615	0.0	0.0	0.0	0.0	0.0
0.0	0.13373046	0.0	0.48898515	0.0	0.0	0.16327439	0.0	0.0	0.0	0.0	0.0	0.0	0.0	0.32880893	0.11548827	0.42567682	0.0	0.34248886	0.0	0.0	0.20754163	0.0	0.0	0.0	0.26108673	0.0	0.0	0.0	0.0	0.17093402	0.0	0.27131033	0.0	0.0	0.0	0.0	0.0	0.0	0.0	0.16689491	0.0	0.0	0.0	0.18979353	0.0	0.28365076	0.0	0.10663363	0.0	0.010933645	0.0	0.0	0.0	0.0	0.0	0.0	0.0	0.0	0.18493094	0.31551	0.12919903	0.0	0.0	0.0	0.0	0.30068654	0.0	0.0	0.27393252	0.0	0.0	0.0	0.0	0.0	0.24785925	0.0	0.07604552	0.066597834	0.0	0.0	0.07914458	0.2799913	0.0	0.21923546	0.0	0.0	0.0	0.20133388	0.2638811	0.0	0.0	0.0	0.0	0.0	0.0	0.24802601	0.17469816	0.0	0.0	0.13849348	0.0	0.0	0.0	0.34923115	0.1417893	0.18638311	0.050912637	0.0	0.0	0.072628364	0.2100185	0.2328089	0.14022668	0.0	0.0	0.0	0.0	0.0	0.0	0.019292442	0.0	0.2578383	0.0	0.0	0.0	0.0	0.0
0.0	0.120368905	0.0	0.5274467	0.0	0.0	0.1600834	0.0	0.0	0.0	0.0	0.0	0.0	0.0	0.37752435	0.12384606	0.434132	0.0	0.32523662	0.0	0.0	0.2506535	0.0	0.0	0.0	0.25918034	0.0	0.0	0.0	0.0	0.16251637	0.0	0.31660786	0.0	0.0	0.0	0.0	0.0	0.0	0.0	0.15878154	0.0	0.0	0.0	0.2066681	0.0	0.2946651	0.0	0.1194367	0.0	0.0022028908	0.0	0.0	0.0	0.0	0.0	0.0	0.0	0.0	0.18949412	0.3189257	0.1508763	0.0	0.0	0.0	0.0	0.31425026	0.0	0.0	0.30509904	0.0	0.0	0.0	0.0	0.0	0.30434197	0.0	0.06755886	0.060704302	0.0	0.0	0.07290664	0.3273315	0.0	0.25402096	0.0	0.0	0.0	0.23071949	0.29145208	0.0	0.0	0.0	0.0	0.0	0.0	0.26470408	0.16016366	0.0	0.0	0.12605615	0.0	0.0	0.0	0.39601254	0.1210333	0.2275251	0.049320046	0.0	0.0	0.081342824	0.22894181	0.25120232	0.15038778	0.0	0.0	0.0	0.0	0.0	0.0	0.015815131	0.0	0.29093888	0.0	0.0	0.0	0.0	0.0
0.0	0.13666628	0.0	0.49463987	0.0	0.0	0.15920047	0.0	0.0	0.0	0.0	0.0	0.0	0.0	0.36262473	0.11143762	0.42005888	0.0	0.33862397	0.0	0.0	0.22320354	0.0	0.0	0.0	0.26416555	0.0	0.0	0.0	0.0	0.16565873	0.0	0.29385933	0.0	0.0	0.0	0.0	0.0	0.0	0.0	0.17762129	0.0	0.0	0.0	0.1948421	0.0	0.27837208	0.0	0.114170074	0.0	0.006944317	0.0	0.0	0.0	0.0	0.0	0.0	0.0	0.0	0.19163735	0.3120189	0.14644153	0.0	0.0	0.0	0.0	0.29580763	0.0	0.0	0.28392687	0.0	0.0	0.0	0.0	0.0	0.27514938	0.0	0.08044141	0.06519536	0.0	0.0	0.06863438	0.31340194	0.0	0.23854165	0.0	0.0	0.0	0.21294822	0.2798768	0.0	0.0	0.0	0.0	0.0	0.0	0.25993845	0.16984476	0.0	0.0	0.12649316	0.0	0.0	0.0	0.37929773	0.13170259	0.21645503	0.053894565	0.0	0.0	0.085216016	0.23551525	0.23615952	0.13708945	0.0	0.0	0.0	0.0	0.0	0.0	0.019565662	0.0	0.2724273	0.0	0.0	0.0	0.0	0.0
0.0	0.14089988	0.0	0.52435285	0.0	0.0	0.16840906	0.0	0.0	0.0	0.0	0.0	0.0	0.0	0.3864403	0.13752307	0.42983738	0.0	0.35966972	0.0	0.0	0.24376321	0.0	0.0	0.0	0.2763221	0.0	0.0	0.0	0.0	0.1666695	0.0	0.32408848	0.0	0.0	0.0	0.0	0.0	0.0	0.0	0.14646097	0.0	0.0	0.0	0.20947139	0.0	0.30694696	0.0	0.105788924	0.0	0.00506077	0.0	0.0	0.0	0.0	0.0	0.0	0.0	0.0	0.18267171	0.31179225	0.14949791	0.0	0.0	0.0	0.0	0.3221558	0.0	0.0	0.2873675	0.0	0.0	0.0	0.0	0.0	0.28058052	0.0	0.07644663	0.061640557	0.0	0.0	0.08238128	0.31085253	0.0	0.24007569	0.0	0.0	0.0	0.2178968	0.27164218	0.0	0.0	0.0	0.0	0.0	0.0	0.25557327	0.17794494	0.0	0.0	0.13574861	0.0	0.0	0.0	0.3770633	0.13343985	0.21176432	0.042013843	0.0	0.0	0.06829316	0.23108661	0.25720575	0.1539935	0.0	0.0	0.0	0.0	0.0	0.0	0.011647728	0.0	0.26632708	0.0	0.0	0.0	0.0	0.0
0.0	0.14725299	0.0	0.5440657	0.0	0.0	0.17092858	0.0	0.0	0.0	0.0	0.0	0.0	0.0	0.3984522	0.14600712	0.4310306	0.0	0.3636875	0.0	0.0	0.24846812	0.0	0.0	0.0	0.28086713	0.0	0.0	0.0	0.0	0.15997255	0.0	0.33635625	0.0	0.0	0.0	0.0	0.0	0.0	0.0	0.14084782	0.0	0.0	0.0	0.22239494	0.0	0.30599895	0.0	0.11310362	0.0	0.006875297	0.0	0.0	0.0	0.0	0.0	0.0	0.0	0.0	0.1809891	0.3115009	0.14934634	0.0	0.0	0.0	0.0	0.33256474	0.0	0.0	0.28436437	0.0	0.0	0.0	0.0	0.0	0.28904912	0.0	0.07771168	0.063598745	0.0	0.0	0.094974495	0.31847104	0.0	0.25022936	0.0	0.0	0.0	0.2152353	0.27200174	0.0	0.0	0.0	0.0	0.0	0.0	0.25762114	0.16248804	0.0	0.0	0.12527369	0.0	0.0	0.0	0.3793334	0.12673394	0.21184373	0.030005345	0.0	0.0	0.06400881	0.23992555	0.26572755	0.14871159	0.0	0.0	0.0	0.0	0.0	0.0	0.014697969	0.0	0.26714197	0.0	0.0	0.0	0.0	0.0
0.0	0.14357615	0.0	0.4923139	0.0	0.0	0.16530192	0.0	0.0	0.0	0.0	0.0	0.0	0.0	0.3579857	0.11158076	0.41866544	0.0	0.33819643	0.0	0.0	0.22407	0.0	0.0	0.0	0.26663965	0.0	0.0	0.0	0.0	0.16682799	0.0	0.2903709	0.0	0.0	0.0	0.0	0.0	0.0	0.0	0.17527817	0.0	0.0	0.0	0.18988435	0.0	0.2756466	0.0	0.11648952	0.0	0.005494164	0.0	0.0	0.0	0.0	0.0	0.0	0.0	0.0	0.19783314	0.30449	0.14421877	0.0	0.0	0.0	0.0	0.2963685	0.0	0.0	0.28097513	0.0	0.0	0.0	0.0	0.0	0.2744601	0.0	0.08549404	0.065980114	0.0	0.0	0.06590542	0.30695346	0.0	0.23820043	0.0	0.0	0.0	0.20873864	0.27415088	0.0	0.0	0.0	0.0	0.0	0.0	0.25803617	0.17555632	0.0	0.0	0.12890013	0.0	0.0	0.0	0.37287638	0.13422573	0.21665823	0.05698873	0.0	0.0	0.08896491	0.23708613	0.23100877	0.14136802	0.0	0.0	0.0	0.0	0.0	0.0	0.010433878	0.0	0.26884902	0.0	0.0	0.0	0.0	0.0
0.0	0.116589844	0.0	0.5861358	0.0	0.0	0.15475371	0.0	0.0	0.0	0.0	0.0	0.0	0.0	0.3956361	0.1469506	0.4693338	0.0	0.37122464	0.0	0.0	0.25610146	0.0	0.0	0.0	0.2916829	0.0	0.0	0.0	0.0	0.17087094	0.0	0.3280588	0.0	0.0	0.0	0.0	0.0	0.0	0.0	0.13117951	0.0	0.0	0.0	0.21761167	0.0	0.3290011	0.0	0.121682204	0.0	0.0072619505	0.0	0.0	0.0	0.0	0.0	0.0	0.0	0.0	0.16959305	0.340215	0.14201553	0.0	0.0	0.0	0.0	0.37005624	0.0	0.0	0.30701062	0.0	0.0	0.0	0.0	0.0	0.30355492	0.0	0.057024017	0.06555905	0.0	0.0	0.123028584	0.29804745	0.0	0.25806683	0.0	0.0	0.0	0.2005992	0.280399	0.0	0.0	0.0	0.0	0.0	0.0	0.2864897	0.16561328	0.0	0.0	0.15681787	0.0	0.0	0.0	0.37135383	0.13566272	0.18960422	0.008529718	0.0	0.0	0.04601286	0.19888373	0.273606	0.15986075	0.0	0.0	0.0	0.0	0.0	0.0	0.024351487	0.0	0.28048217	0.0	0.0	0.0	0.0	0.0
0.0	0.15041272	0.0	0.47738537	0.0	0.0	0.17316659	0.0	0.0	0.0	0.0	0.0	0.0	0.0	0.3484812	0.11675647	0.4132841	0.0	0.34578457	0.0	0.0	0.21791214	0.0	0.0	0.0	0.26690644	0.0	0.0	0.0	0.0	0.16855152	0.0	0.2837219	0.0	0.0	0.0	0.0	0.0	0.0	0.0	0.17715107	0.0	0.0	0.0	0.18957098	0.0	0.27883348	0.0	0.10835454	0.0	0.0074274694	0.0	0.0	0.0	0.0	0.0	0.0	0.0	0.0	0.19539799	0.2987075	0.13821268	0.0	0.0	0.0	0.0	0.28844368	0.0	0.0	0.27331987	0.0	0.0	0.0	0.0	0.0	0.2562271	0.0	0.08744828	0.06592671	0.0	0.0	0.06465017	0.30050698	0.0	0.22976942	0.0	0.0	0.0	0.2107054	0.26941714	0.0	0.0	0.0	0.0	0.0	0.0	0.24496849	0.1748208	0.0	0.0	0.12783995	0.0	0.0	0.0	0.36687377	0.13290419	0.20936994	0.0626423	0.0	0.0	0.091073155	0.23794562	0.23226541	0.14005433	0.0	0.0	0.0	0.0	0.0	0.0	0.012485941	0.0	0.25807327	0.0	0.0	0.0	0.0	0.0
0.0	0.15027952	0.0	0.591086	0.0	0.0	0.18718655	0.0	0.0	0.0	0.0	0.0	0.0	0.0	0.43841848	0.18483128	0.46350536	0.0	0.3739903	0.0	0.0	0.2654637	0.0	0.0	0.0	0.28630394	0.0	0.0	0.0	0.0	0.1614901	0.0	0.3633778	0.0	0.0	0.0	0.0	0.0	0.0	0.0	0.10302273	0.0	0.0	0.0	0.24862067	0.0	0.33093825	0.0	0.09581247	0.0	0.0034989386	0.0	0.0	0.0	0.0	0.0	0.0	0.0	0.0	0.1650558	0.32842982	0.15171747	0.0	0.0	0.0	0.0	0.37009192	0.0	0.0	0.3040308	0.0	0.0	0.0	0.0	0.0	0.3227897	0.0	0.06600946	0.061922908	0.0	0.0	0.10598286	0.3355279	0.0	0.25582454	0.0	0.0	0.0	0.23383014	0.26879987	0.0	0.0	0.0	0.0	0.0	0.0	0.23759778	0.1626482	0.0	0.0	0.15121472	0.0	0.0	0.0	0.38658392	0.1298133	0.22097512	0.01453288	0.0	0.0	0.052518282	0.23641707	0.3009221	0.18330915	0.0	0.0	0.0	0.0	0.0	0.0	0.008713228	0.0	0.2808644	0.0	0.0	0.0	0.0	0.0
0.0	0.1717568	0.0	0.6284337	0.0	0.0	0.19345073	0.0	0.0	0.0	0.0	0.0	0.0	0.0	0.47838482	0.17042875	0.44054064	0.0	0.3680162	0.0	0.0	0.3116174	0.0	0.0	0.0	0.30497652	0.0	0.0	0.0	0.0	0.124907345	0.0	0.4066626	0.0	0.0	0.0	0.0	0.0	0.0	0.0	0.11476451	0.0	0.0	0.0	0.26099658	0.0	0.30605888	0.0	0.13144697	0.0	0.0003872551	0.0	0.0	0.0	0.0	0.0	0.0	0.0	0.0	0.17308296	0.2956649	0.17630722	0.0	0.0	0.0	0.0	0.36744353	0.0	0.0	0.28242895	0.0	0.0	0.0	0.0	0.0	0.35345387	0.0	0.081510045	0.06253203	0.0	0.0	0.11815927	0.3658322	0.0	0.2935857	0.0	0.0	0.0	0.20552738	0.2768159	0.0	0.0	0.0	0.0	0.0	0.0	0.2826775	0.13525344	0.0	0.0	0.09347993	0.0	0.0	0.0	0.4199076	0.101531	0.25459605	0.004671196	0.0	0.0	0.061181773	0.28154445	0.30329403	0.14715709	0.0	0.0	0.0	0.0	0.0	0.0	0.027326236	0.0	0.28349873	0.0	0.0	0.0	0.0	0.0
0.0	0.16091181	0.0	0.53229713	0.0	0.0	0.17868012	0.0	0.0	0.0	0.0	0.0	0.0	0.0	0.4045994	0.14379758	0.42089352	0.0	0.35864905	0.0	0.0	0.25828144	0.0	0.0	0.0	0.2786393	0.0	0.0	0.0	0.0	0.15115641	0.0	0.34145245	0.0	0.0	0.0	0.0	0.0	0.0	0.0	0.14812677	0.0	0.0	0.0	0.22190261	0.0	0.2915521	0.0	0.11663706	0.0	0.0032990612	0.0	0.0	0.0	0.0	0.0	0.0	0.0	0.0	0.18736196	0.29354176	0.15807314	0.0	0.0	0.0	0.0	0.31972358	0.0	0.0	0.2730688	0.0	0.0	0.0	0.0	0.0	0.2909195	0.0	0.086860806	0.06614113	0.0	0.0	0.08747012	0.33153138	0.0	0.2527351	0.0	0.0	0.0	0.22128165	0.26914603	0.0	0.0	0.0	0.0	0.0	0.0	0.25134754	0.16129184	0.0	0.0	0.110759325	0.0	0.0	0.0	0.39327422	0.11854062	0.22753344	0.040467955	0.0	0.0	0.07604816	0.2614871	0.26223284	0.14320077	0.0	0.0	0.0	0.0	0.0	0.0	0.010623976	0.0	0.2660168	0.0	0.0	0.0	0.0	0.0
0.0	0.1422294	0.0	0.4806533	0.0	0.0	0.16679542	0.0	0.0	0.0	0.0	0.0	0.0	0.0	0.34058842	0.11282194	0.41990766	0.0	0.34018758	0.0	0.0	0.21263377	0.0	0.0	0.0	0.26478323	0.0	0.0	0.0	0.0	0.17386018	0.0	0.2763233	0.0	0.0	0.0	0.0	0.0	0.0	0.0	0.1734234	0.0	0.0	0.0	0.1882305	0.0	0.28067273	0.0	0.108379744	0.0	0.008386431	0.0	0.0	0.0	0.0	0.0	0.0	0.0	0.0	0.19050993	0.30925372	0.13458034	0.0	0.0	0.0	0.0	0.29256293	0.0	0.0	0.27641985	0.0	0.0	0.0	0.0	0.0	0.25710195	0.0	0.08130217	0.06401243	0.0	0.0	0.06857944	0.29522148	0.0	0.22531371	0.0	0.0	0.0	0.20836991	0.2696557	0.0	0.0	0.0	0.0	0.0	0.0	0.24403556	0.17739563	0.0	0.0	0.13310207	0.0	0.0	0.0	0.36178103	0.13524514	0.20175534	0.059970755	0.0	0.0	0.0854369	0.22526984	0.22742681	0.14008819	0.0	0.0	0.0	0.0	0.0	0.0	0.014279678	0.0	0.2628273	0.0	0.0	0.0	0.0	0.0
0.0	0.14584073	0.0	0.48002777	0.0	0.0	0.16673118	0.0	0.0	0.0	0.0	0.0	0.0	0.0	0.34430733	0.1108925	0.41515908	0.0	0.34084556	0.0	0.0	0.21573989	0.0	0.0	0.0	0.2641997	0.0	0.0	0.0	0.0	0.1665619	0.0	0.2801458	0.0	0.0	0.0	0.0	0.0	0.0	0.0	0.17619725	0.0	0.0	0.0	0.18855791	0.0	0.27362594	0.0	0.1100769	0.0	0.009631891	0.0	0.0	0.0	0.0	0.0	0.0	0.0	0.0	0.19019687	0.30372253	0.13841932	0.0	0.0	0.0	0.0	0.2896897	0.0	0.0	0.2738069	0.0	0.0	0.0	0.0	0.0	0.25629523	0.0	0.08331668	0.06818669	0.0	0.0	0.06764227	0.29896092	0.0	0.22907972	0.0	0.0	0.0	0.20781167	0.2678962	0.0	0.0	0.0	0.0	0.0	0.0	0.251333	0.17400025	0.0	0.0	0.1301964	0.0	0.0	0.0	0.3661187	0.13713633	0.20639606	0.058330018	0.0	0.0	0.08704149	0.22943652	0.22881837	0.13536566	0.0	0.0	0.0	0.0	0.0	0.0	0.01617903	0.0	0.26087275	0.0	0.0	0.0	0.0	0.0
0.0	0.15926407	0.0	0.48626804	0.0	0.0	0.18199213	0.0	0.0	0.0	0.0	0.0	0.0	0.0	0.35843804	0.12140059	0.42081168	0.0	0.33986747	0.0	0.0	0.2366385	0.0	0.0	0.0	0.25327528	0.0	0.0	0.0	0.0	0.16911435	0.0	0.29534525	0.0	0.0	0.0	0.0	0.0	0.0	0.0	0.17580295	0.0	0.0	0.0	0.18969582	0.0	0.28213665	0.0	0.11780867	0.0	0.004720976	0.0	0.0	0.0	0.0	0.0	0.0	0.0	0.0	0.1859725	0.3063412	0.14474149	0.0	0.0	0.0	0.0	0.28055826	0.0	0.0	0.28004715	0.0	0.0	0.0	0.0	0.0	0.2645958	0.0	0.08955771	0.071632795	0.0	0.0	0.05986187	0.32211068	0.0	0.22984688	0.0	0.0	0.0	0.22968233	0.265823	0.0	0.0	0.0	0.0	0.0	0.0	0.2473213	0.1857784	0.0	0.0	0.12884444	0.0	0.0	0.0	0.38851008	0.12879796	0.22716661	0.061065853	0.0	0.0	0.10186341	0.2488467	0.2513809	0.15172444	0.0	0.0	0.0	0.0	0.0	0.0	0.01082319	0.0	0.27145854	0.0	0.0	0.0	0.0	0.0
0.0	0.15350507	0.0	0.4662422	0.0	0.0	0.17538184	0.0	0.0	0.0	0.0	0.0	0.0	0.0	0.33618736	0.11196328	0.40997562	0.0	0.34114394	0.0	0.0	0.2098433	0.0	0.0	0.0	0.26267266	0.0	0.0	0.0	0.0	0.16975375	0.0	0.27791384	0.0	0.0	0.0	0.0	0.0	0.0	0.0	0.1825908	0.0	0.0	0.0	0.18977493	0.0	0.27304706	0.0	0.10734609	0.0	0.0070584733	0.0	0.0	0.0	0.0	0.0	0.0	0.0	0.0	0.1992882	0.2988467	0.138452	0.0	0.0	0.0	0.0	0.28087702	0.0	0.0	0.2664794	0.0	0.0	0.0	0.0	0.0	0.24835491	0.0	0.09189868	0.067667164	0.0	0.0	0.059737444	0.30257347	0.0	0.21933596	0.0	0.0	0.0	0.21192022	0.26139453	0.0	0.0	0.0	0.0	0.0	0.0	0.24003045	0.1797785	0.0	0.0	0.12625723	0.0	0.0	0.0	0.3618797	0.134558	0.208875	0.07021771	0.0	0.0	0.09477388	0.23854609	0.22937872	0.13714291	0.0	0.0	0.0	0.0	0.0	0.0	0.011718993	0.0	0.25691554	0.0	0.0	0.0	0.0	0.0
0.0	0.14829135	0.0	0.47949147	0.0	0.0	0.1729288	0.0	0.0	0.0	0.0	0.0	0.0	0.0	0.33467826	0.1177836	0.4185697	0.0	0.34223342	0.0	0.0	0.21632741	0.0	0.0	0.0	0.2640709	0.0	0.0	0.0	0.0	0.16864784	0.0	0.2785864	0.0	0.0	0.0	0.0	0.0	0.0	0.0	0.17240334	0.0	0.0	0.0	0.1915313	0.0	0.2811698	0.0	0.107932456	0.0	0.011238839	0.0	0.0	0.0	0.0	0.0	0.0	0.0	0.0	0.1936912	0.30208498	0.13265963	0.0	0.0	0.0	0.0	0.29215285	0.0	0.0	0.2702993	0.0	0.0	0.0	0.0	0.0	0.24858421	0.0	0.08318565	0.067989714	0.0	0.0	0.070928425	0.2965426	0.0	0.2228	0.0	0.0	0.0	0.21174236	0.2627251	0.0	0.0	0.0	0.0	0.0	0.0	0.24224205	0.1772563	0.0	0.0	0.1250393	0.0	0.0	0.0	0.36079684	0.13498181	0.20107038	0.060343634	0.0	0.0	0.086348794	0.23112182	0.23478341	0.13989265	0.0	0.0	0.0	0.0	0.0	0.0	0.014246498	0.0	0.2554338	0.0	0.0	0.0	0.0	0.0
0.0	0.14694212	0.0	0.6046875	0.0	0.0	0.17171031	0.0	0.0	0.0	0.0	0.0	0.0	0.0	0.44018283	0.16544159	0.44528016	0.0	0.3786343	0.0	0.0	0.2737361	0.0	0.0	0.0	0.29418123	0.0	0.0	0.0	0.0	0.1480633	0.0	0.36986554	0.0	0.0	0.0	0.0	0.0	0.0	0.0	0.11042419	0.0	0.0	0.0	0.24015945	0.0	0.3161588	0.0	0.11772793	0.0	0.0098565845	0.0	0.0	0.0	0.0	0.0	0.0	0.0	0.0	0.16728522	0.32419485	0.1522699	0.0	0.0	0.0	0.0	0.3664825	0.0	0.0	0.28995216	0.0	0.0	0.0	0.0	0.0	0.31725302	0.0	0.07322136	0.06461001	0.0	0.0	0.12113422	0.32226267	0.0	0.26499918	0.0	0.0	0.0	0.20346786	0.27298892	0.0	0.0	0.0	0.0	0.0	0.0	0.27491567	0.14673413	0.0	0.0	0.122090876	0.0	0.0	0.0	0.3883532	0.12598021	0.2152148	0.0038477604	0.0	0.0	0.05198306	0.23821656	0.28569105	0.15222265	0.0	0.0	0.0	0.0	0.0	0.0	0.020712838	0.0	0.27600086	0.0	0.0	0.0	0.0	0.0
0.0	0.108043335	0.0	0.530736	0.0	0.0	0.14727929	0.0	0.0	0.0	0.0	0.0	0.0	0.0	0.34850407	0.113813974	0.43913352	0.0	0.33326602	0.0	0.0	0.22140343	0.0	0.0	0.0	0.26085564	0.0	0.0	0.0	0.0	0.17155063	0.0	0.28371182	0.0	0.0	0.0	0.0	0.0	0.0	0.0	0.15971379	0.0010435292	0.0	0.0	0.19007492	0.0	0.2939757	0.0	0.11660588	0.0	0.0058202366	0.0	0.0	0.0	0.0	0.0	0.0	0.0	0.0	0.18041332	0.33666745	0.13009863	0.0	0.0	0.0	0.0	0.32642817	0.0	0.0	0.30150047	0.0	0.0	0.0	0.0	0.0	0.28074148	0.0	0.061525498	0.063465185	0.0	0.0	0.08374853	0.27844298	0.0	0.24774475	0.0	0.0	0.0	0.19515479	0.2893312	0.0	0.0	0.0	0.0	0.0	0.0	0.269988	0.16568922	0.0	0.0013962121	0.15480196	0.0	0.0	0.0	0.3663094	0.13973309	0.17929892	0.03784488	0.0	0.0	0.06289167	0.18401887	0.23582105	0.13881774	0.0	0.0	0.0	0.0	0.0	0.0	0.02729099	0.0	0.27959946	0.0	0.0	0.0	0.0	0.0
0.0	0.14260909	0.0	0.48394263	0.0	0.0	0.16636612	0.0	0.0	0.0	0.0	0.0	0.0	0.0	0.343946	0.1129086	0.4188459	0.0	0.33298472	0.0	0.0	0.22010343	0.0	0.0	0.0	0.26272172	0.0	0.0	0.0	0.0	0.16881847	0.0	0.2785192	0.0	0.0	0.0	0.0	0.0	0.0	0.0	0.17595698	0.0	0.0	0.0	0.18472238	0.0	0.27660444	0.0	0.11681602	0.0	0.00783223	0.0	0.0	0.0	0.0	0.0	0.0	0.0	0.0	0.19288845	0.30395296	0.13973089	0.0	0.0	0.0	0.0	0.28957313	0.0	0.0	0.28019488	0.0	0.0	0.0	0.0	0.0	0.26369324	0.0	0.08161804	0.066766866	0.0	0.0	0.06595478	0.30816546	0.0	0.23208933	0.0	0.0	0.0	0.20945565	0.2734676	0.0	0.0	0.0	0.0	0.0	0.0	0.2498151	0.17614816	0.0	0.0	0.12776275	0.0	0.0	0.0	0.36963168	0.12975878	0.21038954	0.06186839	0.0	0.0	0.08552017	0.23294242	0.23016353	0.13985799	0.0	0.0	0.0	0.0	0.0	0.0	0.013995898	0.0	0.26598474	0.0	0.0	0.0	0.0	0.0
0.0	0.14764652	0.0	0.56222934	0.0	0.0	0.1698065	0.0	0.0	0.0	0.0	0.0	0.0	0.0	0.41125	0.1506115	0.45238316	0.0	0.3728272	0.0	0.0	0.257784	0.0	0.0	0.0	0.28211808	0.0	0.0	0.0	0.0	0.16032796	0.0	0.33971635	0.0	0.0	0.0	0.0	0.0	0.0	0.0	0.13163085	0.0	0.0	0.0	0.21968691	0.0	0.31898978	0.0	0.120028116	0.0	0.0068292147	0.0	0.0	0.0	0.0	0.0	0.0	0.0	0.0	0.17584735	0.31348625	0.15029478	0.0	0.0	0.0	0.0	0.34907746	0.0	0.0	0.28894997	0.0	0.0	0.0	0.0	0.0	0.29456547	0.0	0.07967443	0.070658274	0.0	0.0	0.116713494	0.3088211	0.0	0.24137294	0.0	0.0	0.0	0.2037152	0.26688257	0.0	0.0	0.0	0.0	0.0	0.0	0.26750386	0.16796649	0.0	0.0	0.13616592	0.0	0.0	0.0	0.3813387	0.13722847	0.21865052	0.024151763	0.0	0.0	0.050386872	0.24030995	0.27080676	0.15120351	0.0	0.0	0.0	0.0	0.0	0.0	0.014912665	0.0	0.26493227	0.0	0.0	0.0	0.0	0.0
0.0	0.14147253	0.0	0.4750805	0.0	0.0	0.1621734	0.0	0.0	0.0	0.0	0.0	0.0	0.0	0.34080204	0.10510834	0.41391948	0.0	0.34098014	0.0	0.0	0.20712031	0.0	0.0	0.0	0.26502484	0.0	0.0	0.0	0.0	0.16924484	0.0	0.27800652	0.0	0.0	0.0	0.0	0.0	0.0	0.0	0.17959492	0.0	0.0	0.0	0.18914895	0.0	0.27240333	0.0	0.10619327	0.0	0.008459549	0.0	0.0	0.0	0.0	0.0	0.0	0.0	0.0	0.18900575	0.30560362	0.13505279	0.0	0.0	0.0	0.0	0.28888574	0.0	0.0	0.27173355	0.0	0.0	0.0	0.0	0.0	0.2539636	0.0	0.08116916	0.0635967	0.0	0.0	0.06430716	0.29205975	0.0	0.22836614	0.0	0.0	0.0	0.20624097	0.26892224	0.0	0.0	0.0	0.0	0.0	0.0	0.24691905	0.17676024	0.0	0.0	0.12983067	0.0	0.0	0.0	0.3627719	0.13565685	0.20215137	0.0591394	0.0	0.0	0.08416291	0.2237062	0.22452116	0.13621002	0.0	0.0	0.0	0.0	0.0	0.0	0.017786676	0.0	0.26196212	0.0	0.0	0.0	0.0	0.0
0.0	0.09344251	0.0	0.54235417	0.00041529318	0.0	0.13597758	0.0	0.0	0.0	0.0	0.0	0.0	0.0	0.35258126	0.10266606	0.4436151	0.0	0.32601514	0.0	0.0	0.2225229	0.0	0.0	0.0	0.2530379	0.0	0.0	0.0	0.0	0.1705306	0.0	0.2810111	0.0	0.0	0.0	0.0	0.0	0.0	0.0	0.1606098	0.0	0.0	0.0	0.19264124	0.0	0.29962325	0.0	0.120253526	0.0	0.0104119275	0.0	0.0	0.0	0.0	0.0	0.0	0.0	0.0	0.16584009	0.35099578	0.13336305	0.0	0.0	0.0	0.0	0.31718597	0.0	0.0	0.30312675	0.0	0.0	0.0	0.0	0.0	0.29163882	0.0	0.050067227	0.053587943	0.0	0.0031088528	0.08957366	0.28911138	0.0	0.24955834	0.0	0.0	0.0	0.20036177	0.29957688	0.0	0.0	0.0	0.0	0.0	0.0	0.27580467	0.16150461	0.0	0.0	0.15459867	0.0	0.0	0.0	0.37594417	0.12908988	0.18300188	0.03566822	0.0013770694	0.0	0.050575197	0.16903304	0.23860593	0.14418952	0.0	0.0	0.0	0.0	0.0	0.0	0.035438284	0.00042313585	0.29522243	0.0	0.0	0.0	0.0	0.0
0.0	0.102366924	0.0	0.54206187	0.0	0.0	0.12998427	0.0	0.0	0.0	0.0	0.0	0.0	0.0	0.39122835	0.10029005	0.4208463	0.0	0.34976462	0.0	0.0	0.21276481	0.0	0.0	0.0	0.28371426	0.0	0.0	0.0	0.0	0.16487715	0.0	0.30700222	0.0	0.0	0.0	0.0	0.0	0.0	0.0	0.154795	0.0	0.0	0.0	0.20417559	0.0	0.28366032	0.0	0.10373702	0.0	0.0061631207	0.0	0.0	0.0	0.0	0.0	0.0	0.0	0.0	0.17499931	0.34519425	0.14546059	0.0	0.0	0.0	0.0	0.34089985	0.0	0.0	0.30527756	0.0	0.0	0.0	0.0	0.0	0.3076783	0.0	0.061575145	0.047230717	0.0	0.0	0.08971936	0.27526963	0.0	0.26402918	0.0	0.0	0.0	0.18221712	0.31122783	0.0	0.0	0.0	0.0	0.0	0.0	0.2846135	0.1486528	0.0	0.003929468	0.1561353	0.0	0.0	0.0	0.37580743	0.13800848	0.18430012	0.02889917	0.0	0.0	0.05730279	0.17839228	0.21902633	0.13578534	0.0	0.0	0.0	0.0	0.0	0.0	0.032929484	0.0	0.29469517	0.0	0.0	0.0	0.0	0.0
0.0	0.098243214	0.0	0.5601482	0.00013308723	0.0	0.13345775	0.0	0.0	0.0	0.0	0.0	0.0	0.0	0.3921992	0.12092117	0.4382812	0.0	0.35201254	0.0	0.0	0.22622657	0.0	0.0	0.0	0.2673068	0.0	0.0	0.0	0.0	0.164908	0.0	0.31915683	0.0	0.0	0.0	0.0	0.0	0.0	0.0	0.1571194	0.0	0.0	0.0	0.21468417	0.0	0.2946879	0.0	0.11826069	0.0	0.003990839	0.0	0.0	0.0	0.0	0.0	0.0	0.0	0.0	0.17606609	0.3505061	0.14633183	0.0	0.0	0.0	0.0	0.33986092	0.0	0.0	0.3079433	0.0	0.0	0.0	0.0	0.0	0.30857167	0.0	0.05606779	0.05151554	0.0	0.0	0.0974397	0.3089188	0.0	0.25651836	0.0	0.0	0.0	0.20825069	0.29914692	0.0	0.0	0.0	0.0	0.0	0.0	0.2866389	0.15014055	0.0	0.0051786397	0.14607912	0.0	0.0	0.0	0.3792795	0.12950134	0.19755463	0.02793642	0.0	0.0	0.05055904	0.19034703	0.2486555	0.1409027	0.0	0.0	0.0	0.0	0.0	0.0	0.037596565	0.0	0.30240324	0.0	0.0	0.0	0.0	0.0
0.0	0.11223886	0.0	0.5711356	0.0	0.0	0.1443991	0.0	0.0	0.0	0.0	0.0	0.0	0.0	0.41003236	0.12576444	0.4418753	0.0	0.3421023	0.0	0.0	0.25625184	0.0	0.0	0.0	0.26861578	0.0	0.0	0.0	0.0	0.15286875	0.0	0.33932218	0.0	0.0	0.0	0.0	0.0	0.0	0.0	0.15320592	0.0	0.0	0.0	0.22253752	0.0	0.2851947	0.0	0.12957294	0.0	0.0039533717	0.0	0.0	0.0	0.0	0.0	0.0	0.0	0.0	0.17880009	0.33064523	0.15352917	0.0	0.0	0.0	0.0	0.3364376	0.0	0.0	0.311396	0.0	0.0	0.0	0.0	0.0	0.3351698	0.0	0.058959633	0.058397148	0.0	0.0	0.09509128	0.34227505	0.0	0.27467704	0.0	0.0	0.0	0.2218165	0.30083203	0.0	0.0	0.0	0.0	0.0	0.0	0.2925962	0.14723556	0.0	0.0015937531	0.119491555	0.0	0.0	0.0	0.41004726	0.11619845	0.23179312	0.02832497	0.0	0.0	0.061950017	0.21720247	0.2556293	0.15122072	0.0	0.0	0.0	0.0	0.0	0.0	0.034419253	0.0	0.31574017	0.0	0.0	0.0	0.0	0.0
0.0	0.09727764	0.0	0.6834938	0.0	0.0	0.13806699	0.0	0.0	0.0	0.0	0.0	0.0	0.0	0.48330593	0.16056061	0.4717506	0.0	0.37410092	0.0	0.0	0.2889571	0.0	0.0	0.0	0.29684487	0.0	0.0	0.0	0.0	0.14961796	0.0	0.4028829	0.0	0.0	0.0	0.0	0.0	0.0	0.0	0.12184116	0.0	0.0	0.0	0.2761471	0.0	0.33235335	0.0	0.12922342	0.0	0.0016743392	0.0	0.0	0.0	0.0	0.0	0.0	0.0	0.0	0.15212561	0.36751318	0.16155522	0.0	0.0	0.0	0.0	0.41903186	0.0	0.0	0.31801873	0.0	0.0	0.0	0.0	0.0	0.37846455	0.0	0.04723693	0.043591533	0.0	0.0	0.14621584	0.33537552	0.0	0.3085174	0.0	0.0	0.0	0.19529961	0.30073583	0.0	0.0	0.0	0.0	0.0	0.0	0.31915918	0.111927085	0.0	0.02029757	0.1396057	0.0	0.0	0.0	0.4045695	0.11405971	0.2009105	0.0	0.0	0.0	0.026480487	0.19333804	0.3010253	0.1528653	0.0	0.0	0.0	0.0	0.0	0.0	0.044048384	0.002300077	0.3268191	0.0	0.0	0.0	0.0	0.0
0.0	0.12308535	0.0	0.5076001	0.0	0.0	0.14696431	0.0	0.0	0.0	0.0	0.0	0.0	0.0	0.37763572	0.09880471	0.41186997	0.0	0.34194586	0.0	0.0	0.22595394	0.0	0.0	0.0	0.26859382	0.0	0.0	0.0	0.0	0.15910448	0.0	0.30126086	0.0	0.0	0.0	0.0	0.0	0.0	0.0	0.17471552	0.0	0.0	0.0	0.19663079	0.0	0.27328193	0.0	0.10921713	0.0	0.0055317325	0.0	0.0	0.0	0.0	0.0	0.0	0.0	0.0	0.18976165	0.31491107	0.14610009	0.0	0.0	0.0	0.0	0.31015003	0.0	0.0	0.2883363	0.0	0.0	0.0	0.0	0.0	0.28735435	0.0	0.07963074	0.06441467	0.0	0.0	0.072449	0.29394403	0.0	0.25844333	0.0	0.0	0.0	0.20015587	0.29325047	0.0	0.0	0.0	0.0	0.0	0.0	0.2697737	0.15637547	0.0	0.0	0.12970649	0.0	0.0	0.0	0.3871281	0.1342502	0.20779409	0.044848796	0.0	0.0	0.086450495	0.21485531	0.22145657	0.13033861	0.0	0.0	0.0	0.0	0.0	0.0	0.023256307	0.0	0.2780477	0.0	0.0	0.0	0.0	0.0
0.0	0.095823266	0.0	0.5625476	0.0	0.0	0.12270149	0.0	0.0	0.0	0.0	0.0	0.0	0.0	0.40508106	0.10420355	0.42789635	0.0	0.34559914	0.0	0.0	0.22196454	0.0	0.0	0.0	0.2770892	0.0	0.0	0.0	0.0	0.1616255	0.0	0.3171765	0.0	0.0	0.0	0.0	0.0	0.0	0.0	0.16107173	0.0022664496	0.0	0.0	0.20811059	0.0	0.27992958	0.0	0.11603772	0.0	0.0040948284	0.0	0.0	0.0	0.0	0.0	0.0	0.0	0.0	0.16985284	0.3528023	0.15019459	0.0	0.0	0.0	0.0	0.34210393	0.0	0.0	0.31712928	0.0	0.0	0.0	0.0	0.0	0.3252639	0.0	0.053457767	0.04804341	0.0	0.0	0.09200341	0.30008838	0.0	0.273531	0.0	0.0	0.0	0.19004504	0.3179696	0.0	0.0	0.0	0.0	0.0	0.0	0.29796073	0.14012869	0.0	0.011475139	0.14887513	0.0	0.0	0.0	0.3873969	0.131815	0.19509394	0.02672779	0.0	0.0	0.05486306	0.17721157	0.23026891	0.13131036	0.0	0.0	0.0	0.0	0.0	0.0	0.04142085	0.0	0.31469455	0.0	0.0	0.0	0.0	0.0
0.0	0.1477199	0.0	0.47466612	0.0	0.0	0.16827476	0.0	0.0	0.0	0.0	0.0	0.0	0.0	0.3286239	0.115649156	0.41542205	0.0	0.34379223	0.0	0.0	0.20770495	0.0	0.0	0.0	0.26004574	0.0	0.0	0.0	0.0	0.16811347	0.0	0.27283233	0.0	0.0	0.0	0.0	0.0	0.0	0.0	0.1770037	0.0	0.0	0.0	0.19131428	0.0	0.27034673	0.0	0.10723394	0.0	0.009154033	0.0	0.0	0.0	0.0	0.0	0.0	0.0	0.0	0.1940126	0.3063369	0.12987874	0.0	0.0	0.0	0.0	0.2879388	0.0	0.0	0.26642945	0.0	0.0	0.0	0.0	0.0	0.24736838	0.0	0.08570667	0.07042743	0.0	0.0	0.06886413	0.2975432	0.0	0.21858148	0.0	0.0	0.0	0.20693444	0.26058093	0.0	0.0	0.0	0.0	0.0	0.0	0.24526946	0.1760519	0.0	0.0	0.12675448	0.0	0.0	0.0	0.3557516	0.14129259	0.20273559	0.06016205	0.0	0.0	0.08359659	0.22857131	0.2291218	0.13606806	0.0	0.0	0.0	0.0	0.0	0.0	0.01742095	0.0	0.25982204	0.0	0.0	0.0	0.0	0.0
0.0	0.14011832	0.0	0.53043705	0.0	0.0	0.15631364	0.0	0.0	0.0	0.0	0.0	0.0	0.0	0.37750837	0.12428421	0.43522838	0.0	0.33771566	0.0	0.0	0.24991892	0.0	0.0	0.0	0.2683021	0.0	0.0	0.0	0.0	0.15171741	0.0	0.30382678	0.0	0.0	0.0	0.0	0.0	0.0	0.0	0.17685276	0.0	0.0	0.0	0.18691368	0.0	0.25975668	0.0	0.13548012	0.0	0.005319122	0.0	0.0	0.0	0.0	0.0	0.0	0.0	0.0	0.20568438	0.3070687	0.15283068	0.0	0.0	0.0	0.0	0.31521544	0.0	0.0	0.29016778	0.0	0.0	0.0	0.0	0.0	0.30764863	0.0	0.07734188	0.085633665	0.0	0.0	0.0807519	0.32506225	0.0	0.2530105	0.0	0.0	0.0	0.205878	0.27386412	0.0	0.0	0.0	0.0	0.0	0.0	0.28544438	0.15729629	0.0	0.0	0.13109495	0.0	0.0	0.0	0.3902808	0.13881259	0.24320412	0.037741996	0.0	0.0	0.091816105	0.24690354	0.23574322	0.13536571	0.0	0.0	0.0	0.0	0.0	0.0	0.017924303	0.0	0.28516313	0.0	0.0	0.0	0.0	0.0
0.0	0.16491868	0.0	0.47986212	0.0	0.0	0.16758299	0.0	0.0	0.0	0.0	0.0	0.0	0.0	0.335767	0.124821864	0.42327252	0.0	0.35304475	0.0	0.0	0.23096128	0.0	0.0	0.0	0.25968388	0.0	0.0	0.0	0.0	0.15280867	0.0	0.2820572	0.0	0.0	0.0	0.0	0.0	0.0	0.0	0.1889969	0.0	0.0	0.0	0.17930245	0.0	0.25685924	0.0	0.12305763	0.0	0.014022891	0.0	0.0	0.0	0.0	0.0	0.0	0.0	0.0	0.20215	0.29948464	0.13591619	0.0	0.0	0.0	0.0	0.29351416	0.0	0.0	0.26616606	0.0	0.0	0.0	0.0	0.0	0.2602764	0.0	0.09944805	0.08691043	0.0	0.0	0.057277028	0.2937596	0.0	0.24174148	0.0	0.0	0.0	0.2116989	0.25139242	0.0	0.0	0.0	0.0	0.0	0.0	0.26854694	0.18948686	0.0	0.0	0.12841728	0.0	0.0	0.0	0.35808018	0.17317438	0.23124392	0.038228348	0.0	0.0	0.094764195	0.24493551	0.23345256	0.14527605	0.0	0.0	0.0	0.0	0.0	0.0	0.011110157	0.0	0.2572677	0.0	0.0	0.0	0.0	0.0
0.0	0.14175585	0.0	0.47828904	0.0	0.0	0.16456887	0.0	0.0	0.0	0.0	0.0	0.0	0.0	0.33428654	0.1132577	0.41615984	0.0	0.3399726	0.0	0.0	0.20737119	0.0	0.0	0.0	0.26093715	0.0	0.0	0.0	0.0	0.16799897	0.0	0.27400294	0.0	0.0	0.0	0.0	0.0	0.0	0.0	0.1805734	0.0	0.0	0.0	0.19001985	0.0	0.26657668	0.0	0.10864755	0.0	0.007578241	0.0	0.0	0.0	0.0	0.0	0.0	0.0	0.0	0.1915495	0.3086373	0.13403189	0.0	0.0	0.0	0.0	0.29216102	0.0	0.0	0.27025834	0.0	0.0	0.0	0.0	0.0	0.25509456	0.0	0.082242996	0.07056394	0.0	0.0	0.06930324	0.29653725	0.0	0.22116148	0.0	0.0	0.0	0.2055437	0.26313224	0.0	0.0	0.0	0.0	0.0	0.0	0.24932627	0.17258598	0.0	0.0	0.13063706	0.0	0.0	0.0	0.36131465	0.13975541	0.2077561	0.058319315	0.0	0.0	0.0821851	0.22438669	0.22571804	0.13592945	0.0	0.0	0.0	0.0	0.0	0.0	0.019924415	0.0	0.2611852	0.0	0.0	0.0	0.0	0.0
0.0	0.13696271	0.0	0.53900045	0.0	0.0	0.15628107	0.0	0.0	0.0	0.0	0.0	0.0	0.0	0.3799218	0.14242198	0.43588257	0.0	0.3709964	0.0	0.0	0.22734423	0.0	0.0	0.0	0.2712171	0.0	0.0	0.0	0.0	0.15811723	0.0	0.3201222	0.0	0.0	0.0	0.0	0.0	0.0	0.0	0.14477201	0.0	0.0	0.0	0.21448249	0.0	0.2953709	0.0	0.112912685	0.0	0.0078185825	0.0	0.0	0.0	0.0	0.0	0.0	0.0	0.0	0.18292566	0.3212533	0.13716774	0.0	0.0	0.0	0.0	0.33270252	0.0	0.0	0.28030804	0.0	0.0	0.0	0.0	0.0	0.27585796	0.0	0.07464024	0.06737021	0.0	0.0	0.10593963	0.2995048	0.0	0.2387743	0.0	0.0	0.0	0.20480353	0.26659903	0.0	0.0	0.0	0.0	0.0	0.0	0.2653679	0.15764475	0.0	0.0	0.13768953	0.0	0.0	0.0	0.36601076	0.1434247	0.20018953	0.028802132	0.0	0.0	0.054144144	0.2186125	0.2583587	0.14330228	0.0	0.0	0.0	0.0	0.0	0.0	0.027397232	0.0	0.2692891	0.0	0.0	0.0	0.0	0.0
0.0	0.16782303	0.0	0.5132386	0.0	0.0	0.17457914	0.0	0.0	0.0	0.0	0.0	0.0	0.0	0.39607048	0.13374208	0.41361475	0.0	0.3564398	0.0	0.0	0.25079677	0.0	0.0	0.0	0.27131638	0.0	0.0	0.0	0.0	0.1481468	0.0	0.33432582	0.0	0.0	0.0	0.0	0.0	0.0	0.0	0.16517909	0.0	0.0	0.0	0.21845885	0.0	0.27318165	0.0	0.12084669	0.0	0.0037073493	0.0	0.0	0.0	0.0	0.0	0.0	0.0	0.0	0.19121741	0.2929277	0.16043754	0.0	0.0	0.0	0.0	0.2975874	0.0	0.0	0.2666005	0.0	0.0	0.0	0.0	0.0	0.2910093	0.0	0.09289676	0.06982464	0.0	0.0	0.07468612	0.35285202	0.0	0.24966861	0.0	0.0	0.0	0.23132081	0.2660112	0.0	0.0	0.0	0.0	0.0	0.0	0.25334057	0.16263823	0.0	0.0	0.09711647	0.0	0.0	0.0	0.4027063	0.119571924	0.24578571	0.048394203	0.0	0.0	0.08851275	0.27857918	0.26054266	0.14214212	0.0	0.0	0.0	0.0	0.0	0.0	0.0171448	0.0	0.27082852	0.0	0.0	0.0	0.0	0.0
0.0	0.16144973	0.0	0.48798287	0.0	0.0	0.17231448	0.0	0.0	0.0	0.0	0.0	0.0	0.0	0.37101516	0.116956614	0.41357335	0.0	0.34024867	0.0	0.0	0.23867095	0.0	0.0	0.0	0.26493526	0.0	0.0	0.0	0.0	0.15868437	0.0	0.30494413	0.0	0.0	0.0	0.0	0.0	0.0	0.0	0.18145901	0.0	0.0	0.0	0.19772987	0.0	0.26816067	0.0	0.12249186	0.0	0.005296962	0.0	0.0	0.0	0.0	0.0	0.0	0.0	0.0	0.19848722	0.29121536	0.1493128	0.0	0.0	0.0	0.0	0.27965093	0.0	0.0	0.27479646	0.0	0.0	0.0	0.0	0.0	0.28342357	0.0	0.08875532	0.070123695	0.0	0.0	0.059471708	0.33745587	0.0	0.24433208	0.0	0.0	0.0	0.22874491	0.2744008	0.0	0.0	0.0	0.0	0.0	0.0	0.25808635	0.16933595	0.0	0.0	0.10718745	0.0	0.0	0.0	0.39550456	0.12840945	0.24360895	0.059611917	0.0	0.0	0.1014862	0.26123843	0.23763706	0.13997215	0.0	0.0	0.0	0.0	0.0	0.0	0.014059253	0.0	0.2745205	0.0	0.0	0.0	0.0	0.0
0.0	0.16430081	0.0	0.4738966	0.0	0.0	0.1741402	0.0	0.0	0.0	0.0	0.0	0.0	0.0	0.35242724	0.117111795	0.41230488	0.0	0.33725476	0.0	0.0	0.23376374	0.0	0.0	0.0	0.25758058	0.0	0.0	0.0	0.0	0.16282351	0.0	0.2939926	0.0	0.0	0.0	0.0	0.0	0.0	0.0	0.18875551	0.0	0.0	0.0	0.19226603	0.0	0.26815078	0.0	0.120349415	0.0	0.005564956	0.0	0.0	0.0	0.0	0.0	0.0	0.0	0.0	0.20134662	0.2885113	0.14708273	0.0	0.0	0.0	0.0	0.2714351	0.0	0.0	0.26958618	0.0	0.0	0.0	0.0	0.0	0.27024564	0.0	0.089250945	0.07475899	0.0	0.0	0.057246048	0.33381343	0.0	0.23352654	0.0	0.0	0.0	0.22845165	0.26346377	0.0	0.0	0.0	0.0	0.0	0.0	0.25052336	0.17677929	0.0	0.0	0.108795665	0.0	0.0	0.0	0.3916073	0.12597418	0.24497731	0.06755597	0.0	0.0	0.10112593	0.2650387	0.24046795	0.13776894	0.0	0.0	0.0	0.0	0.0	0.0	0.013780159	0.0	0.26536337	0.0	0.0	0.0	0.0	0.0
0.0	0.1470278	0.0	0.4817268	0.0	0.0	0.17057444	0.0	0.0	0.0	0.0	0.0	0.0	0.0	0.34449354	0.117161244	0.41703105	0.0	0.33863613	0.0	0.0	0.21992075	0.0	0.0	0.0	0.26040614	0.0	0.0	0.0	0.0	0.16322492	0.0	0.2826452	0.0	0.0	0.0	0.0	0.0	0.0	0.0	0.17870723	0.0	0.0	0.0	0.19228953	0.0	0.27000737	0.0	0.1143496	0.0	0.0063235383	0.0	0.0	0.0	0.0	0.0	0.0	0.0	0.0	0.19630964	0.30178407	0.13983555	0.0	0.0	0.0	0.0	0.28719842	0.0	0.0	0.27289164	0.0	0.0	0.0	0.0	0.0	0.26124522	0.0	0.08426952	0.07318172	0.0	0.0	0.06750185	0.31049547	0.0	0.227091	0.0	0.0	0.0	0.21542233	0.26684815	0.0	0.0	0.0	0.0	0.0	0.0	0.25222307	0.17101236	0.0	0.0	0.123589	0.0	0.0	0.0	0.37379596	0.1324156	0.22119725	0.062332556	0.0	0.0	0.092023574	0.23565097	0.23163934	0.1356183	0.0	0.0	0.0	0.0	0.0	0.0	0.016596831	0.0	0.26474836	0.0	0.0	0.0	0.0	0.0
0.0	0.09550169	0.0	0.5370126	0.0038923314	0.0	0.1337138	0.0	0.0	0.0	0.0	0.0	0.0	0.0	0.352453	0.10461867	0.43365335	0.0	0.3338664	0.0	0.0	0.20768972	0.0	0.0	0.0	0.25885057	0.0	0.0	0.0	0.0	0.16640283	0.0	0.28674722	0.0	0.0	0.0	0.0	0.0	0.0	0.0	0.17152101	0.0005940711	0.0	0.0	0.20189983	0.0	0.28310215	0.0	0.11533692	0.0	0.003710206	0.0	0.0	0.0	0.0	0.0	0.0	0.0	0.0	0.17068778	0.35144588	0.13507082	0.0036706927	0.0	0.0	0.0	0.32575336	0.0	0.0	0.30221465	0.0	0.0	0.0	0.0	0.0	0.2917009	0.0	0.052414402	0.050149117	0.0	0.001900406	0.089381434	0.29198572	0.0	0.24592163	0.0	0.0	0.0	0.19575113	0.30159584	0.0	0.0	0.0	0.0	0.0	0.0	0.27597877	0.15181799	0.0	0.007115642	0.14674458	0.0	0.0	0.0	0.36985794	0.12782402	0.18231189	0.037738394	0.0047704494	0.0	0.051097766	0.1700756	0.2337724	0.13817419	0.0	0.0	0.0	0.0	0.0	0.0	0.041944627	0.0016984992	0.30006275	0.0	0.0	0.0	0.0	0.0
0.0	0.14878146	0.0	0.48558512	0.0	0.0	0.16673116	0.0	0.0	0.0	0.0	0.0	0.0	0.0	0.34890246	0.11555323	0.4188567	0.0	0.33868742	0.0	0.0	0.2212408	0.0	0.0	0.0	0.26200113	0.0	0.0	0.0	0.0	0.16620655	0.0	0.28777826	0.0	0.0	0.0	0.0	0.0	0.0	0.0	0.1857769	0.0	0.0	0.0	0.19198783	0.0	0.27080858	0.0	0.11583009	0.0	0.005821286	0.0	0.0	0.0	0.0	0.0	0.0	0.0	0.0	0.19911917	0.30358818	0.14011513	0.0	0.0	0.0	0.0	0.28811637	0.0	0.0	0.2780049	0.0	0.0	0.0	0.0	0.0	0.27449825	0.0	0.086605184	0.06786485	0.0	0.0	0.063196585	0.31965452	0.0	0.23225541	0.0	0.0	0.0	0.21414572	0.27348876	0.0	0.0	0.0	0.0	0.0	0.0	0.25622842	0.17175658	0.0	0.0	0.12393927	0.0	0.0	0.0	0.38012013	0.13409247	0.22754075	0.061600786	0.0	0.0	0.092743	0.24106233	0.23194359	0.13615797	0.0	0.0	0.0	0.0	0.0	0.0	0.01685101	0.0	0.27268308	0.0	0.0	0.0	0.0	0.0
0.0	0.15009151	0.0	0.48280993	0.0	0.0	0.16737913	0.0	0.0	0.0	0.0	0.0	0.0	0.0	0.35040033	0.11587644	0.41780195	0.0	0.33661458	0.0	0.0	0.22241585	0.0	0.0	0.0	0.2548993	0.0	0.0	0.0	0.0	0.16449654	0.0	0.28574654	0.0	0.0	0.0	0.0	0.0	0.0	0.0	0.18083896	0.0	0.0	0.0	0.18794705	0.0	0.27041027	0.0	0.11611297	0.0	0.0029981795	0.0	0.0	0.0	0.0	0.0	0.0	0.0	0.0	0.19057733	0.30048218	0.14469819	0.0	0.0	0.0	0.0	0.28296924	0.0	0.0	0.2760761	0.0	0.0	0.0	0.0	0.0	0.26492026	0.0	0.08316487	0.069203585	0.0	0.0	0.065634765	0.3155625	0.0	0.22987844	0.0	0.0	0.0	0.21737683	0.27141556	0.0	0.0	0.0	0.0	0.0	0.0	0.25374457	0.17398024	0.0	0.0	0.1290938	0.0	0.0	0.0	0.38063827	0.13273765	0.2271939	0.061563876	0.0	0.0	0.09272548	0.23829305	0.23491569	0.1331624	0.0	0.0	0.0	0.0	0.0	0.0	0.016108649	0.0	0.26905128	0.0	0.0	0.0	0.0	0.0
0.0	0.13101584	0.0	0.6327824	0.0	0.0	0.15842053	0.0	0.0	0.0	0.0	0.0	0.0	0.0	0.4352179	0.16484745	0.46793142	0.0	0.3668693	0.0	0.0	0.28432822	0.0	0.0	0.0	0.28362006	0.0	0.0	0.0	0.0	0.15239269	0.0	0.36509773	0.0	0.0	0.0	0.0	0.0	0.0	0.0	0.137821	0.0	0.0	0.0	0.22351654	0.0	0.3140587	0.0	0.1397984	0.0	0.0002750829	0.0	0.0	0.0	0.0	0.0	0.0	0.0	0.0	0.18385278	0.33373687	0.15807503	0.0	0.0	0.0	0.0	0.38587427	0.0	0.0	0.3076635	0.0	0.0	0.0	0.0	0.0	0.34084132	0.0	0.06621609	0.080928914	0.0	0.0	0.13167505	0.3254954	0.0	0.2803457	0.0	0.0	0.0	0.19717498	0.27664605	0.0	0.0	0.0	0.0	0.0	0.0	0.30036923	0.14520451	0.0	0.013967772	0.14412129	0.0	0.0	0.0	0.4039737	0.13951817	0.22183067	0.0015730833	0.0	0.0	0.045990303	0.22922307	0.2859917	0.15227018	0.0	0.0	0.0	0.0	0.0	0.0	0.023750097	0.0	0.29307142	0.0	0.0	0.0	0.0	0.0
0.0	0.11057054	0.0	0.5326033	0.0	0.0	0.14368029	0.0	0.0	0.0	0.0	0.0	0.0	0.0	0.35701457	0.1182313	0.4364933	0.0	0.33332595	0.0	0.0	0.22095163	0.0	0.0	0.0	0.26126498	0.0	0.0	0.0	0.0	0.17129214	0.0	0.29144493	0.0	0.0	0.0	0.0	0.0	0.0	0.0	0.16655318	0.001426328	0.0	0.0	0.19764943	0.0	0.28831196	0.0	0.11794862	0.0	0.0052295304	0.0	0.0	0.0	0.0	0.0	0.0	0.0	0.0	0.17692949	0.3401343	0.138584	0.0	0.0	0.0	0.0	0.3202162	0.0	0.0	0.30418834	0.0	0.0	0.0	0.0	0.0	0.29320467	0.0	0.05766098	0.060588837	0.0	0.0	0.08530971	0.30461448	0.0	0.24632455	0.0	0.0	0.0	0.20370072	0.29641718	0.0	0.0	0.0	0.0	0.0	0.0	0.2726632	0.15949018	0.0	0.003484756	0.14637734	0.0	0.0	0.0	0.3759192	0.1311899	0.20125794	0.040111437	0.0	0.0	0.060242135	0.19380844	0.23958851	0.13634668	0.0	0.0	0.0	0.0	0.0	0.0	0.030725574	0.0	0.29138252	0.0	0.0	0.0	0.0	0.0
0.0	0.09542515	0.0	0.5612553	0.0	0.0	0.12543502	0.0	0.0	0.0	0.0	0.0	0.0	0.0	0.40959635	0.09892281	0.42644978	0.0	0.3324043	0.0	0.0	0.23707883	0.0	0.0	0.0	0.27384296	0.0	0.0	0.0	0.0	0.15833464	0.0	0.32362878	0.0	0.0	0.0	0.0	0.0	0.0	0.0	0.15255262	0.0009190642	0.0	0.0	0.21159421	0.0	0.28467527	0.0	0.116346456	0.0	0.0062677986	0.0	0.0	0.0	0.0	0.0	0.0	0.0	0.0	0.17498295	0.34670767	0.15371732	0.0	0.0	0.0	0.0	0.33888817	0.0	0.0	0.3198463	0.0	0.0	0.0	0.0	0.0	0.335507	0.0	0.05580165	0.05054627	0.0	0.0	0.088316165	0.29961467	0.0	0.2846991	0.0	0.0	0.0	0.1949265	0.32341644	0.0	0.0	0.0	0.0	0.0	0.0	0.29884475	0.14060725	0.0	0.008522937	0.14170747	0.0	0.0	0.0	0.40125644	0.12072954	0.20270632	0.03093634	0.0	0.0	0.061884265	0.1837249	0.22845978	0.13566041	0.0	0.0	0.0	0.0	0.0	0.0	0.0364182	0.0	0.31923047	0.0	0.0	0.0	0.0	0.0
0.0	0.11406398	0.0	0.5353238	0.0	0.0	0.13745955	0.0	0.0	0.0	0.0	0.0	0.0	0.0	0.41188017	0.11965575	0.43135095	0.0	0.3801247	0.0	0.0	0.2117827	0.0	0.0	0.0	0.28275472	0.0	0.0	0.0	0.0	0.17676169	0.0	0.32922682	0.0	0.0	0.0	0.0	0.0	0.0	0.0	0.14187588	0.0	0.0	0.0	0.22210944	0.0	0.3202077	0.0	0.091527425	0.0	0.0050708535	0.0	0.0	0.0	0.0	0.0	0.0	0.0	0.0	0.16686146	0.34329084	0.13935272	0.0	0.0	0.0	0.0	0.3598663	0.0	0.0	0.2940644	0.0	0.0	0.0	0.0	0.0	0.28436476	0.0	0.0644939	0.042900037	0.0	0.0	0.10569254	0.2646276	0.0	0.24934183	0.0	0.0	0.0	0.2092706	0.2964131	0.0	0.0	0.0	0.0	0.0	0.0	0.2641028	0.16265331	0.0	0.0022743035	0.16961698	0.0	0.0	0.0	0.37215224	0.15034276	0.18443774	0.025441356	0.0	0.0	0.046274845	0.18214794	0.23824008	0.15672337	0.0	0.0	0.0	0.0	0.0	0.0	0.024569623	0.0	0.28125975	0.0	0.0	0.0	0.0	0.0
0.0	0.13256912	0.0	0.486166	0.0	0.0	0.1554536	0.0	0.0	0.0	0.0	0.0	0.0	0.0	0.3309718	0.110488355	0.4143155	0.0	0.34551975	0.0	0.0	0.19633083	0.0	0.0	0.0	0.26650894	0.0	0.0	0.0	0.0	0.17003496	0.0	0.27304223	0.0	0.0	0.0	0.0	0.0	0.0	0.0	0.17157608	0.0	0.0	0.0	0.19144015	0.0	0.27098963	0.0	0.10108981	0.0	0.009180787	0.0	0.0	0.0	0.0	0.0	0.0	0.0	0.0	0.18330367	0.3161061	0.12780099	0.0	0.0	0.0	0.0	0.30174825	0.0	0.0	0.27098712	0.0	0.0	0.0	0.0	0.0	0.2512941	0.0	0.07413008	0.060645506	0.0	0.0	0.074041836	0.279925	0.0	0.21932463	0.0	0.0	0.0	0.19452159	0.26716638	0.0	0.0	0.0	0.0	0.0	0.0	0.24923964	0.16998832	0.0	0.0	0.13948826	0.0	0.0	0.0	0.34845272	0.14306444	0.18722099	0.047208685	0.0013320226	0.0	0.06772425	0.20478916	0.22260284	0.1319741	0.0	0.0	0.0	0.0	0.0	0.0	0.022786237	0.0	0.25959238	0.0	0.0	0.0	0.0	0.0
0.0	0.13939933	0.0	0.49044204	0.0	0.0	0.15914024	0.0	0.0	0.0	0.0	0.0	0.0	0.0	0.34334978	0.110465854	0.42147288	0.0	0.3384098	0.0	0.0	0.21563937	0.0	0.0	0.0	0.26262686	0.0	0.0	0.0	0.0	0.16470946	0.0	0.27725273	0.0	0.0	0.0	0.0	0.0	0.0	0.0	0.18024047	0.0	0.0	0.0	0.18482618	0.0	0.2670616	0.0	0.11642396	0.0	0.007976055	0.0	0.0	0.0	0.0	0.0	0.0	0.0	0.0	0.18978757	0.3091145	0.13850564	0.0	0.0	0.0	0.0	0.29196683	0.0	0.0	0.27834523	0.0	0.0	0.0	0.0	0.0	0.26765618	0.0	0.07803608	0.07079201	0.0	0.0	0.070029266	0.30545023	0.0	0.2335266	0.0	0.0	0.0	0.20394231	0.2731977	0.0	0.0	0.0	0.0	0.0	0.0	0.26306024	0.17234409	0.0	0.0	0.13138016	0.0	0.0	0.0	0.36976615	0.13823679	0.21383123	0.052336123	0.0	0.0	0.08177871	0.2236665	0.22697811	0.13513394	0.0	0.0	0.0	0.0	0.0	0.0	0.01960729	0.0	0.27036265	0.0	0.0	0.0	0.0	0.0
0.0	0.09520787	0.0	0.70846266	0.0	0.0	0.1383407	0.0	0.0	0.0	0.0	0.0	0.0	0.0	0.5306013	0.15535067	0.47004414	0.0	0.37903333	0.0	0.0	0.31368282	0.0	0.0	0.0	0.30886474	0.0	0.0	0.0	0.0	0.14042042	0.0	0.42422172	0.0	0.0	0.0	0.0	0.0	0.0	0.0	0.105068766	0.0	0.0	0.0	0.28325066	0.0	0.3303245	0.0	0.1302046	0.0	0.0032279498	0.0	0.0	0.0	0.0	0.0	0.0	0.0	0.0	0.14691895	0.36151516	0.17227334	0.0	0.0	0.0	0.0	0.4366574	0.0	0.0	0.33009532	0.0	0.0	0.0	0.0	0.0	0.41195354	0.0	0.043867815	0.0492501	0.0	0.0	0.1571364	0.33196008	0.0	0.3364779	0.0	0.0	0.0	0.18296117	0.31739402	0.0	0.0	0.0	0.0	0.0	0.0	0.34111503	0.09757789	0.0	0.023216961	0.13430606	0.0	0.0	0.0	0.4297134	0.10685166	0.2099127	0.0	0.0	0.0	0.029087111	0.19657545	0.29521802	0.14941221	0.0	0.0	0.0	0.0	0.0	0.0	0.048891608	0.0007270947	0.34041682	0.0	0.0	0.0	0.0	0.0
0.0	0.11870522	0.0	0.51503736	0.0	0.0	0.14717032	0.0	0.0	0.0	0.0	0.0	0.0	0.0	0.36531568	0.11307847	0.42110333	0.0	0.3374366	0.0	0.0	0.22338812	0.0	0.0	0.0	0.2628004	0.0	0.0	0.0	0.0	0.1631356	0.0	0.30027175	0.0	0.0	0.0	0.0	0.0	0.0	0.0	0.16771163	0.0	0.0	0.0	0.2033246	0.0	0.27563012	0.0	0.11457175	0.0	0.0029277056	0.0	0.0	0.0	0.0	0.0	0.0	0.0	0.0	0.18680756	0.32257697	0.14498122	0.0	0.0	0.0	0.0	0.3117812	0.0	0.0	0.29314557	0.0	0.0	0.0	0.0	0.0	0.2899245	0.0	0.07083585	0.057571054	0.0	0.0	0.075668775	0.31120446	0.0	0.24941774	0.0	0.0	0.0	0.2084518	0.28770915	0.0	0.0	0.0	0.0	0.0	0.0	0.2664406	0.1580637	0.0	0.0	0.1306677	0.0	0.0	0.0	0.37904835	0.12562318	0.21062784	0.047468018	0.0	0.0	0.07617248	0.2134646	0.23477943	0.13541125	0.0	0.0	0.0	0.0	0.0	0.0	0.027047187	0.0	0.28403595	0.0	0.0	0.0	0.0	0.0
0.0	0.15217824	0.0	0.48555884	0.0	0.0	0.17336456	0.0	0.0	0.0	0.0	0.0	0.0	0.0	0.35948873	0.11792437	0.4072961	0.0	0.33994725	0.0	0.0	0.22752512	0.0	0.0	0.0	0.26707637	0.0	0.0	0.0	0.0	0.16415828	0.0	0.30062166	0.0	0.0	0.0	0.0	0.0	0.0	0.0	0.17829002	0.0	0.0	0.0	0.20236547	0.0	0.27112573	0.0	0.10924586	0.0	0.0013623759	0.0	0.0	0.0	0.0	0.0	0.0	0.0	0.0	0.1978674	0.29949823	0.14439403	0.0	0.0	0.0	0.0	0.2912782	0.0	0.0	0.27397957	0.0	0.0	0.0	0.0	0.0	0.27034932	0.0	0.089435704	0.06345094	0.0	0.0	0.059755165	0.31868577	0.0	0.2404532	0.0	0.0	0.0	0.22403555	0.27728915	0.0	0.0	0.0	0.0	0.0	0.0	0.24707873	0.16849051	0.0	0.0	0.11811441	0.0	0.0	0.0	0.38204947	0.124759436	0.22252387	0.06433799	0.0	0.0	0.09977069	0.24778672	0.23148173	0.13921301	0.0	0.0	0.0	0.0	0.0	0.0	0.012122966	0.0	0.27020046	0.0	0.0	0.0	0.0	0.0
0.0	0.15500318	0.0	0.48513094	0.0	0.0	0.17092484	0.0	0.0	0.0	0.0	0.0	0.0	0.0	0.3504835	0.12059335	0.41218624	0.0	0.34086594	0.0	0.0	0.22753705	0.0	0.0	0.0	0.2601428	0.0	0.0	0.0	0.0	0.15992896	0.0	0.29816112	0.0	0.0	0.0	0.0	0.0	0.0	0.0	0.17917408	0.0	0.0	0.0	0.19951425	0.0	0.26964828	0.0	0.11427394	0.0	0.0036252663	0.0	0.0	0.0	0.0	0.0	0.0	0.0	0.0	0.1968251	0.29568303	0.14375196	0.0	0.0	0.0	0.0	0.2842231	0.0	0.0	0.26908982	0.0	0.0	0.0	0.0	0.0	0.26734698	0.0	0.08628408	0.06882828	0.0	0.0	0.06425496	0.323025	0.0	0.23463303	0.0	0.0	0.0	0.22575323	0.26560438	0.0	0.0	0.0	0.0	0.0	0.0	0.2493599	0.1706814	0.0	0.0	0.11497816	0.0	0.0	0.0	0.38293663	0.12674104	0.23013745	0.06230241	0.0	0.0	0.09600362	0.24913454	0.23674552	0.13819389	0.0	0.0	0.0	0.0	0.0	0.0	0.01595541	0.0	0.26662442	0.0	0.0	0.0	0.0	0.0
0.0	0.1524006	0.0	0.47906342	0.0	0.0	0.169172	0.0	0.0	0.0	0.0	0.0	0.0	0.0	0.35580763	0.11405828	0.40866843	0.0	0.33994463	0.0	0.0	0.22551584	0.0	0.0	0.0	0.2607518	0.0	0.0	0.0	0.0	0.16120857	0.0	0.29380593	0.0	0.0	0.0	0.0	0.0	0.0	0.0	0.18385075	0.0	0.0	0.0	0.1976979	0.0	0.2660484	0.0	0.11611327	0.0	0.0034670532	0.0	0.0	0.0	0.0	0.0	0.0	0.0	0.0	0.19766276	0.29642913	0.14595228	0.0	0.0	0.0	0.0	0.2806795	0.0	0.0	0.2736286	0.0	0.0	0.0	0.0	0.0	0.27136034	0.0	0.08993604	0.06584704	0.0	0.0	0.057099413	0.32533798	0.0	0.2379229	0.0	0.0	0.0	0.22251362	0.27503315	0.0	0.0	0.0	0.0	0.0	0.0	0.25137922	0.16963136	0.0	0.0	0.11356237	0.0	0.0	0.0	0.3855507	0.12469802	0.22868372	0.06362792	0.0	0.0	0.1015321	0.25030097	0.23203234	0.13704653	0.0	0.0	0.0	0.0	0.0	0.0	0.016219541	0.0	0.27084062	0.0	0.0	0.0	0.0	0.0
0.0	0.13006012	0.0	0.51672226	0.0	0.0	0.15565619	0.0	0.0	0.0	0.0	0.0	0.0	0.0	0.3583369	0.118151404	0.4239758	0.0	0.3345619	0.0	0.0	0.23414822	0.0	0.0	0.0	0.26236072	0.0	0.0	0.0	0.0	0.16340104	0.0	0.2958273	0.0	0.0	0.0	0.0	0.0	0.0	0.0	0.16591482	0.0	0.0	0.0	0.19765492	0.0	0.27789462	0.0	0.12302092	0.0	0.004873046	0.0	0.0	0.0	0.0	0.0	0.0	0.0	0.0	0.18724503	0.31927797	0.14448214	0.0	0.0	0.0	0.0	0.30385378	0.0	0.0	0.29267997	0.0	0.0	0.0	0.0	0.0	0.28989744	0.0	0.072907336	0.0642666	0.0	0.0	0.07406404	0.31859472	0.0	0.24358006	0.0	0.0	0.0	0.21453492	0.28692514	0.0	0.0	0.0	0.0	0.0	0.0	0.2722984	0.16390492	0.0	0.0	0.12947886	0.0	0.0	0.0	0.38555804	0.12802087	0.21902736	0.04883031	0.0	0.0	0.081881255	0.22679652	0.2392397	0.13880442	0.0	0.0	0.0	0.0	0.0	0.0	0.022316642	0.0	0.28173804	0.0	0.0	0.0	0.0	0.0
0.0	0.13423479	0.0	0.48263255	0.0	0.0	0.15935686	0.0	0.0	0.0	0.0	0.0	0.0	0.0	0.32369292	0.108023696	0.41104698	0.0	0.34166095	0.0	0.0	0.19816692	0.0	0.0	0.0	0.26344833	0.0	0.0	0.0	0.0	0.1664497	0.0	0.2697343	0.0	0.0	0.0	0.0	0.0	0.0	0.0	0.16995971	0.0	0.0	0.0	0.19354087	0.0	0.2660821	0.0	0.10176792	0.0	0.007894751	0.0	0.0	0.0	0.0	0.0	0.0	0.0	0.0	0.18286894	0.3137543	0.12745246	0.0	0.0	0.0	0.0	0.30022785	0.0	0.0	0.26668534	0.0	0.0	0.0	0.0	0.0	0.2485668	0.0	0.079596214	0.061672002	0.0	0.0	0.06995251	0.27649775	0.0	0.21770222	0.0	0.0	0.0	0.19623472	0.26446122	0.0	0.0	0.0	0.0	0.0	0.0	0.24828677	0.16909187	0.0	0.0	0.13364668	0.0	0.0	0.0	0.3455441	0.14168966	0.18336065	0.049079716	0.0	0.0	0.07427504	0.20727448	0.21860115	0.13487524	0.0	0.0	0.0	0.0	0.0	0.0	0.022117807	0.0	0.25811824	0.0	0.0	0.0	0.0	0.0
0.0	0.15951245	0.0	0.613383	0.0	0.0	0.18331252	0.0	0.0	0.0	0.0	0.0	0.0	0.0	0.46185014	0.17086779	0.4369836	0.0	0.37133646	0.0	0.0	0.29076317	0.0	0.0	0.0	0.29867268	0.0	0.0	0.0	0.0	0.13440003	0.0	0.39351806	0.0	0.0	0.0	0.0	0.0	0.0	0.0	0.1175732	0.0	0.0	0.0	0.2634535	0.0	0.3078847	0.0	0.12647557	0.0	0.0028907675	0.0	0.0	0.0	0.0	0.0	0.0	0.0	0.0	0.17341882	0.30645144	0.16713892	0.0	0.0	0.0	0.0	0.37275556	0.0	0.0	0.28452963	0.0	0.0	0.0	0.0	0.0	0.3419704	0.0	0.077076726	0.05731233	0.0	0.0	0.116747536	0.35574546	0.0	0.28784838	0.0	0.0	0.0	0.21494858	0.27555546	0.0	0.0	0.0	0.0	0.0	0.0	0.27553225	0.13448238	0.0	0.0	0.104610346	0.0	0.0	0.0	0.41161117	0.10496689	0.24124217	0.004258284	0.0	0.0	0.050360966	0.26521656	0.29730698	0.15357059	0.0	0.0	0.0	0.0	0.0	0.0	0.020004883	0.0	0.28362918	0.0	0.0	0.0	0.0	0.0
0.0	0.17471696	0.0	0.6761796	0.0	0.0	0.20064819	0.0	0.0	0.0	0.0	0.0	0.0	0.0	0.5269008	0.18791734	0.44514212	0.0	0.37901008	0.0	0.0	0.3332477	0.0	0.0	0.0	0.31558934	0.0	0.0	0.0	0.0	0.12310979	0.0	0.4448078	0.0	0.0	0.0	0.0	0.0	0.0	0.0	0.09351632	0.0	0.0	0.0	0.30431637	0.0	0.31564453	0.0	0.13261724	0.0	0.0	0.0	0.0	0.0	0.0	0.0	0.0	0.0	0.0	0.16306046	0.29904518	0.17995091	0.0	0.0	0.0	0.0	0.40304568	0.0	0.0	0.2764199	0.0	0.0	0.0	0.0	0.0	0.38909283	0.0	0.07473935	0.0496387	0.0	0.0	0.13952585	0.38619384	0.0	0.3240447	0.0	0.0	0.0	0.2019133	0.27449438	0.0	0.0	0.0	0.0	0.0	0.0	0.2953909	0.116549075	0.0	0.0	0.090206236	0.0	0.0	0.0	0.4301704	0.08203995	0.25807887	0.0	0.0	0.0	0.042049784	0.28642297	0.3248133	0.1579171	0.0	0.0	0.0	0.0	0.0	0.0	0.041752715	0.0	0.29517227	0.0	0.0	0.0	0.0	0.0
0.0	0.15053345	0.0	0.50575525	0.0	0.0	0.16884506	0.0	0.0	0.0	0.0	0.0	0.0	0.0	0.385842	0.12028686	0.41344914	0.0	0.3421555	0.0	0.0	0.24269104	0.0	0.0	0.0	0.26856396	0.0	0.0	0.0	0.0	0.15574571	0.0	0.3201454	0.0	0.0	0.0	0.0	0.0	0.0	0.0	0.17271583	0.0	0.0	0.0	0.20799439	0.0	0.27524766	0.0	0.120111145	0.0	0.0014863474	0.0	0.0	0.0	0.0	0.0	0.0	0.0	0.0	0.1985752	0.2979329	0.15577321	0.0	0.0	0.0	0.0	0.29618704	0.0	0.0	0.2839618	0.0	0.0	0.0	0.0	0.0	0.29558367	0.0	0.08809471	0.0629682	0.0	0.0	0.065195665	0.33441567	0.0	0.2521576	0.0	0.0	0.0	0.22334309	0.28166053	0.0	0.0	0.0	0.0	0.0	0.0	0.26267487	0.1604188	0.0	0.0	0.11078324	0.0	0.0	0.0	0.39915892	0.120126195	0.23774417	0.05395466	0.0	0.0	0.098322034	0.25721338	0.24516101	0.14100091	0.0	0.0	0.0	0.0	0.0	0.0	0.014945279	0.0	0.27900577	0.0	0.0	0.0	0.0	0.0
0.0	0.15039517	0.0	0.4877844	0.0	0.0	0.17112906	0.0	0.0	0.0	0.0	0.0	0.0	0.0	0.35954165	0.117890455	0.4099914	0.0	0.338567	0.0	0.0	0.23107712	0.0	0.0	0.0	0.26228964	0.0	0.0	0.0	0.0	0.16306676	0.0	0.29939243	0.0	0.0	0.0	0.0	0.0	0.0	0.0	0.1808887	0.0	0.0	0.0	0.19985056	0.0	0.2700537	0.0	0.11649573	0.0	0.0	0.0	0.0	0.0	0.0	0.0	0.0	0.0	0.0	0.20164053	0.2991791	0.15132493	0.0	0.0	0.0	0.0	0.2885571	0.0	0.0	0.2789727	0.0	0.0	0.0	0.0	0.0	0.2804074	0.0	0.08970231	0.06238578	0.0	0.0	0.055644672	0.32944843	0.0	0.23824115	0.0	0.0	0.0	0.22438721	0.27597156	0.0	0.0	0.0	0.0	0.0	0.0	0.2544116	0.165736	0.0	0.0	0.116689175	0.0	0.0	0.0	0.38501188	0.12489954	0.23086299	0.06279436	0.0	0.0	0.10376197	0.2533076	0.23842259	0.13809973	0.0	0.0	0.0	0.0	0.0	0.0	0.0125416415	0.0	0.27169156	0.0	0.0	0.0	0.0	0.0
0.0	0.12671281	0.0	0.5087728	0.0	0.0	0.1532042	0.0	0.0	0.0	0.0	0.0	0.0	0.0	0.35279432	0.121961825	0.42504612	0.0	0.34640238	0.0	0.0	0.21156771	0.0	0.0	0.0	0.26427713	0.0	0.0	0.0	0.0	0.16508561	0.0	0.2894669	0.0	0.0	0.0	0.0	0.0	0.0	0.0	0.16527726	0.0	0.0	0.0	0.19860281	0.0	0.27957997	0.0	0.109447576	0.0	0.0035350907	0.0	0.0	0.0	0.0	0.0	0.0	0.0	0.0	0.18465334	0.3252089	0.13864878	0.0	0.0	0.0	0.0	0.31565115	0.0	0.0	0.28583348	0.0	0.0	0.0	0.0	0.0	0.27246407	0.0	0.0728121	0.06216106	0.0	0.0	0.08009616	0.29399088	0.0	0.2350056	0.0	0.0	0.0	0.20273459	0.27817485	0.0	0.0	0.0	0.0	0.0	0.0	0.26012436	0.16406985	0.0	0.0	0.14209847	0.0	0.0	0.0	0.36226225	0.14136398	0.2018066	0.042967767	0.0	0.0	0.07169167	0.20814092	0.2330852	0.13548125	0.0	0.0	0.0	0.0	0.0	0.0	0.024046594	0.0	0.27258456	0.0	0.0	0.0	0.0	0.0
0.0	0.15034571	0.0	0.47314152	0.0	0.0	0.17970784	0.0	0.0	0.0	0.0	0.0	0.0	0.0	0.3254186	0.120732695	0.4139746	0.0	0.34629568	0.0	0.0	0.21055168	0.0	0.0	0.0	0.2655032	0.0	0.0	0.0	0.0	0.17244567	0.0	0.276318	0.0	0.0	0.0	0.0	0.0	0.0	0.0	0.1707428	0.0	0.0	0.0	0.19732721	0.0	0.2741625	0.0	0.099636614	0.0	0.004460734	0.0	0.0	0.0	0.0	0.0	0.0	0.0	0.0	0.19287086	0.3053653	0.12786154	0.0	0.0	0.0	0.0	0.30135703	0.0	0.0	0.2666259	0.0	0.0	0.0	0.0	0.0	0.24363069	0.0	0.08960947	0.06282837	0.0	0.0	0.06737337	0.29046977	0.0	0.21286945	0.0	0.0	0.0	0.20899852	0.25768587	0.0	0.0	0.0	0.0	0.0	0.0	0.23673467	0.18265758	0.0	0.0	0.1294346	0.0	0.0	0.0	0.3484424	0.13653904	0.19896317	0.06152368	0.0	0.0	0.08886117	0.22430117	0.22614484	0.14732803	0.0	0.0	0.0	0.0	0.0	0.0	0.010338574	0.0	0.2546723	0.0	0.0	0.0	0.0	0.0
0.0	0.1648338	0.0	0.45750204	0.0	0.0	0.18468978	0.0	0.0	0.0	0.0	0.0	0.0	0.0	0.3369896	0.11908555	0.40431437	0.0	0.34576723	0.0	0.0	0.21394737	0.0	0.0	0.0	0.26077303	0.0	0.0	0.0	0.0	0.16729371	0.0	0.28147337	0.0	0.0	0.0	0.0	0.0	0.0	0.0	0.18103099	0.0	0.0	0.0	0.19593634	0.0	0.27043405	0.0	0.10400313	0.0	0.0040104263	0.0	0.0	0.0	0.0	0.0	0.0	0.0	0.0	0.20028304	0.29039988	0.13711257	0.0	0.0	0.0	0.0	0.27801743	0.0	0.0	0.2583948	0.0	0.0	0.0	0.0	0.0	0.24347909	0.0	0.0961997	0.06806869	0.0	0.0	0.05725066	0.3053935	0.0	0.217086	0.0	0.0	0.0	0.22209978	0.2575971	0.0	0.0	0.0	0.0	0.0	0.0	0.23232694	0.1787981	0.0	0.0	0.12114576	0.0	0.0	0.0	0.36507952	0.13330387	0.21702473	0.07493836	0.0	0.0	0.100946315	0.25034896	0.22706763	0.14088827	0.0	0.0	0.0	0.0	0.0	0.0	0.0082371775	0.0	0.25246897	0.0	0.0	0.0	0.0	0.0
0.0	0.16023149	0.0	0.49451113	0.0	0.0	0.17752294	0.0	0.0	0.0	0.0	0.0	0.0	0.0	0.37381956	0.13284416	0.41013232	0.0	0.35715008	0.0	0.0	0.2332356	0.0	0.0	0.0	0.26757434	0.0	0.0	0.0	0.0	0.16055687	0.0	0.31819484	0.0	0.0	0.0	0.0	0.0	0.0	0.0	0.16184257	0.0	0.0	0.0	0.21271686	0.0	0.28186595	0.0	0.10773513	0.0	0.0004360055	0.0	0.0	0.0	0.0	0.0	0.0	0.0	0.0	0.19601981	0.2964404	0.1489701	0.0	0.0	0.0	0.0	0.30070338	0.0	0.0	0.27148297	0.0	0.0	0.0	0.0	0.0	0.26787886	0.0	0.092966415	0.06420309	0.0	0.0	0.07034743	0.32189155	0.0	0.2361273	0.0	0.0	0.0	0.22723503	0.26694155	0.0	0.0	0.0	0.0	0.0	0.0	0.24393475	0.16835363	0.0	0.0	0.114978455	0.0	0.0	0.0	0.38175642	0.12996972	0.22627234	0.059246678	0.0	0.0	0.09197309	0.26134202	0.2509365	0.14398251	0.0	0.0	0.0	0.0	0.0	0.0	0.011214294	0.0	0.26157534	0.0	0.0	0.0	0.0	0.0
0.0	0.1560576	0.0	0.48666477	0.0	0.0	0.17017275	0.0	0.0	0.0	0.0	0.0	0.0	0.0	0.36454654	0.11645335	0.40957418	0.0	0.33444142	0.0	0.0	0.233754	0.0	0.0	0.0	0.26391712	0.0	0.0	0.0	0.0	0.16249411	0.0	0.30144852	0.0	0.0	0.0	0.0	0.0	0.0	0.0	0.18169104	0.0	0.0	0.0	0.1991787	0.0	0.26625472	0.0	0.1156858	0.0	0.0013573965	0.0	0.0	0.0	0.0	0.0	0.0	0.0	0.0	0.19974674	0.29738006	0.14832959	0.0	0.0	0.0	0.0	0.28544614	0.0	0.0	0.27739856	0.0	0.0	0.0	0.0	0.0	0.28065646	0.0	0.0873217	0.06623394	0.0	0.0	0.055135053	0.33433548	0.0	0.24836576	0.0	0.0	0.0	0.22914691	0.27638748	0.0	0.0	0.0	0.0	0.0	0.0	0.2517067	0.17268716	0.0	0.0	0.11651516	0.0	0.0	0.0	0.38696277	0.12544145	0.23887025	0.059736073	0.0	0.0	0.10162697	0.2567019	0.23623498	0.14408587	0.0	0.0	0.0	0.0	0.0	0.0	0.012287346	0.0	0.27368125	0.0	0.0	0.0	0.0	0.0
0.0	0.13062988	0.0	0.49401966	0.0	0.0	0.15992273	0.0	0.0	0.0	0.0	0.0	0.0	0.0	0.33433616	0.11750453	0.4203998	0.0	0.33977628	0.0	0.0	0.2133859	0.0	0.0	0.0	0.25829214	0.0	0.0	0.0	0.0	0.16833997	0.0	0.28094974	0.0	0.0	0.0	0.0	0.0	0.0	0.0	0.16380256	0.0	0.0	0.0	0.1971227	0.0	0.2785832	0.0	0.106511146	0.0	0.006155446	0.0	0.0	0.0	0.0	0.0	0.0	0.0	0.0	0.18367828	0.31605393	0.12893994	0.0	0.0	0.0	0.0	0.30379367	0.0	0.0	0.27680606	0.0	0.0	0.0	0.0	0.0	0.25385967	0.0	0.07637109	0.064903736	0.0	0.0	0.07417	0.28785184	0.0	0.22581363	0.0	0.0	0.0	0.20704593	0.27038753	0.0	0.0	0.0	0.0	0.0	0.0	0.25086483	0.16888209	0.0	0.0	0.13552989	0.0	0.0	0.0	0.3581009	0.13769937	0.19493417	0.05339599	0.0	0.0	0.07546977	0.21006107	0.22977264	0.1381072	0.0	0.0	0.0	0.0	0.0	0.0	0.02123378	0.0	0.26414663	0.0	0.0	0.0	0.0	0.0
0.0	0.14335488	0.0	0.49559513	0.0	0.0	0.16499178	0.0	0.0	0.0	0.0	0.0	0.0	0.0	0.35789132	0.12030456	0.41552237	0.0	0.331175	0.0	0.0	0.2324432	0.0	0.0	0.0	0.25796887	0.0	0.0	0.0	0.0	0.16875263	0.0	0.3018479	0.0	0.0	0.0	0.0	0.0	0.0	0.0	0.17881201	0.0	0.0	0.0	0.20579536	0.0	0.28058818	0.0	0.11564385	0.0	0.003170903	0.0	0.0	0.0	0.0	0.0	0.0	0.0	0.0	0.19672494	0.308315	0.14595069	0.0	0.0	0.0	0.0	0.29895023	0.0	0.0	0.28704205	0.0	0.0	0.0	0.0	0.0	0.28855821	0.0	0.08411691	0.06427303	0.0	0.0	0.064460464	0.3264511	0.0	0.2420728	0.0	0.0	0.0	0.22460748	0.27954555	0.0	0.0	0.0	0.0	0.0	0.0	0.2544749	0.16944735	0.0	0.0	0.12360648	0.0	0.0	0.0	0.391337	0.123806275	0.22627944	0.061246265	0.0	0.0	0.093977354	0.24217327	0.23706232	0.15020257	0.0	0.0	0.0	0.0	0.0	0.0	0.013628389	0.0	0.27920902	0.0	0.0	0.0	0.0	0.0
0.0	0.16623281	0.0	0.4844067	0.0	0.0	0.17740087	0.0	0.0	0.0	0.0	0.0	0.0	0.0	0.3672496	0.1156612	0.40814444	0.0	0.3319357	0.0	0.0	0.24509887	0.0	0.0	0.0	0.2577685	0.0	0.0	0.0	0.0	0.15034972	0.0	0.30895212	0.0	0.0	0.0	0.0	0.0	0.0	0.0	0.19181359	0.0	0.0	0.0	0.19465698	0.0	0.26387915	0.0	0.12522796	0.0	0.00063813105	0.0	0.0	0.0	0.0	0.0	0.0	0.0	0.0	0.20229423	0.28500178	0.15740225	0.0	0.0	0.0	0.0	0.26600888	0.0	0.0	0.27163818	0.0	0.0	0.0	0.0	0.0	0.28646508	0.0	0.09275899	0.069827795	0.0	0.0	0.052998435	0.3522339	0.0	0.24994312	0.0	0.0	0.0	0.2377193	0.2733481	0.0	0.0	0.0	0.0	0.0	0.0	0.25206378	0.17199624	0.0	0.0	0.10064598	0.0	0.0	0.0	0.40587363	0.114133686	0.25656125	0.06749637	0.0	0.0	0.11192894	0.27562517	0.24569313	0.14329578	0.0	0.0	0.0	0.0	0.0	0.0	0.011943325	0.0	0.2735918	0.0	0.0	0.0	0.0	0.0
0.0	0.13877456	0.0	0.5192544	0.0	0.0	0.17125006	0.0	0.0	0.0	0.0	0.0	0.0	0.0	0.36170062	0.13408619	0.42868868	0.0	0.33601415	0.0	0.0	0.25197458	0.0	0.0	0.0	0.25829315	0.0	0.0	0.0	0.0	0.16317044	0.0	0.31564853	0.0	0.0	0.0	0.0	0.0	0.0	0.0	0.15188141	0.0	0.0	0.0	0.21132517	0.0	0.29621688	0.0	0.11583823	0.0	0.0008436094	0.0	0.0	0.0	0.0	0.0	0.0	0.0	0.0	0.19252098	0.30811945	0.14204751	0.0	0.0	0.0	0.0	0.30722022	0.0	0.0	0.28880146	0.0	0.0	0.0	0.0	0.0	0.28382453	0.0	0.07351766	0.06298476	0.0	0.0	0.07819519	0.32160938	0.0	0.24697526	0.0	0.0	0.0	0.23394994	0.27717873	0.0	0.0	0.0	0.0	0.0	0.0	0.2539003	0.16382577	0.0	0.0	0.121186174	0.0	0.0	0.0	0.38735494	0.116237305	0.21976013	0.05314981	0.0	0.0	0.08387798	0.23566407	0.25354356	0.15135561	0.0	0.0	0.0	0.0	0.0	0.0	0.0143243745	0.0	0.27619314	0.0	0.0	0.0	0.0	0.0
0.0	0.15031676	0.0	0.4837587	0.0	0.0	0.16697104	0.0	0.0	0.0	0.0	0.0	0.0	0.0	0.35680893	0.11339941	0.40957054	0.0	0.33373472	0.0	0.0	0.2285217	0.0	0.0	0.0	0.25968614	0.0	0.0	0.0	0.0	0.16145699	0.0	0.294731	0.0	0.0	0.0	0.0	0.0	0.0	0.0	0.18410896	0.0	0.0	0.0	0.19679244	0.0	0.26470467	0.0	0.11759629	0.0	0.0016880333	0.0	0.0	0.0	0.0	0.0	0.0	0.0	0.0	0.19850467	0.2988428	0.14888693	0.0	0.0	0.0	0.0	0.28527102	0.0	0.0	0.27692962	0.0	0.0	0.0	0.0	0.0	0.27983865	0.0	0.08690369	0.06527657	0.0	0.0	0.056299895	0.32819864	0.0	0.2432145	0.0	0.0	0.0	0.22343558	0.2752266	0.0	0.0	0.0	0.0	0.0	0.0	0.25468245	0.16834839	0.0	0.0	0.11527286	0.0	0.0	0.0	0.38695076	0.12536202	0.23185523	0.062282432	0.0	0.0	0.10133768	0.24806221	0.23058784	0.13629442	0.0	0.0	0.0	0.0	0.0	0.0	0.014025514	0.0	0.2741945	0.0	0.0	0.0	0.0	0.0
0.0	0.10487306	0.0	0.54839355	0.0	0.0	0.12822047	0.0	0.0	0.0	0.0	0.0	0.0	0.0	0.4022967	0.102497794	0.4188076	0.0	0.3425405	0.0	0.0	0.22541915	0.0	0.0	0.0	0.278475	0.0	0.0	0.0	0.0	0.15857176	0.0	0.31578237	0.0	0.0	0.0	0.0	0.0	0.0	0.0	0.15625563	0.0053482368	0.0	0.0	0.20723855	0.0	0.27877322	0.0	0.11077216	0.0	0.0033329155	0.0	0.0	0.0	0.0	0.0	0.0	0.0	0.0	0.17489457	0.34393403	0.151119	0.0	0.0	0.0	0.0	0.33808887	0.0	0.0	0.31289002	0.0	0.0	0.0	0.0	0.0	0.32300577	0.0	0.06340841	0.04945324	0.0	0.0	0.08289882	0.29342136	0.0	0.27554795	0.0	0.0	0.0	0.18728621	0.32041714	0.0	0.0	0.0	0.0	0.0	0.0	0.29757592	0.14156258	0.0	0.009397033	0.1474995	0.0	0.0	0.0	0.3919572	0.13303812	0.2004665	0.02390545	0.0	0.0	0.065847404	0.18816914	0.22429664	0.13080756	0.0	0.0	0.0	0.0	0.0	0.0	0.034275234	0.0	0.30530286	0.0	0.0	0.0	0.0	0.0
0.0	0.13108236	0.0	0.4908599	0.0	0.0	0.15886001	0.0	0.0	0.0	0.0	0.0	0.0	0.0	0.33639058	0.11245549	0.41571328	0.0	0.34070465	0.0	0.0	0.20560092	0.0	0.0	0.0	0.26370767	0.0	0.0	0.0	0.0	0.16994298	0.0	0.28070474	0.0	0.0	0.0	0.0	0.0	0.0	0.0	0.16939463	0.0	0.0	0.0	0.1982193	0.0	0.2738379	0.0	0.10289719	0.0	0.005633909	0.0	0.0	0.0	0.0	0.0	0.0	0.0	0.0	0.18713842	0.3194478	0.13301672	0.0	0.0	0.0	0.0	0.30695578	0.0	0.0	0.2748036	0.0	0.0	0.0	0.0	0.0	0.2609883	0.0	0.07909208	0.059768796	0.0	0.0	0.0720618	0.28543165	0.0	0.22719918	0.0	0.0	0.0	0.20269959	0.27399668	0.0	0.0	0.0	0.0	0.0	0.0	0.2488284	0.16839086	0.0	0.0	0.13453616	0.0	0.0	0.0	0.35598794	0.13521487	0.19026054	0.053097386	0.0	0.0	0.07718335	0.20987172	0.22209401	0.13926555	0.0	0.0	0.0	0.0	0.0	0.0	0.020087907	0.0	0.26714256	0.0	0.0	0.0	0.0	0.0
0.0	0.15415001	0.0	0.5712099	0.0	0.0	0.17895615	0.0	0.0	0.0	0.0	0.0	0.0	0.0	0.42845285	0.15774842	0.43001285	0.0	0.36858833	0.0	0.0	0.2685955	0.0	0.0	0.0	0.2835382	0.0	0.0	0.0	0.0	0.14281173	0.0	0.36771688	0.0	0.0	0.0	0.0	0.0	0.0	0.0	0.127534	0.0	0.0	0.0	0.24177022	0.0	0.29823938	0.0	0.12216428	0.0	0.0008431834	0.0	0.0	0.0	0.0	0.0	0.0	0.0	0.0	0.17910995	0.3037195	0.16253787	0.0	0.0	0.0	0.0	0.34167418	0.0	0.0	0.27883568	0.0	0.0	0.0	0.0	0.0	0.30798948	0.0	0.08196715	0.06175606	0.0	0.0	0.10577404	0.342085	0.0	0.26394165	0.0	0.0	0.0	0.21718901	0.26999262	0.0	0.0	0.0	0.0	0.0	0.0	0.26037356	0.14860672	0.0	0.0	0.106049605	0.0	0.0	0.0	0.39777008	0.11377025	0.228092	0.021586925	0.0	0.0	0.06138215	0.2584611	0.27971718	0.14637156	0.0	0.0	0.0	0.0	0.0	0.0	0.020965131	0.0	0.27704263	0.0	0.0	0.0	0.0	0.0
0.0	0.15286322	0.0	0.50446194	0.0	0.0	0.1686068	0.0	0.0	0.0	0.0	0.0	0.0	0.0	0.37872314	0.11674238	0.41888842	0.0	0.33249375	0.0	0.0	0.2521011	0.0	0.0	0.0	0.26211002	0.0	0.0	0.0	0.0	0.15227418	0.0	0.31545323	0.0	0.0	0.0	0.0	0.0	0.0	0.0	0.17885035	0.0	0.0	0.0	0.2022918	0.0	0.26640305	0.0	0.12870862	0.0	0.00084373355	0.0	0.0	0.0	0.0	0.0	0.0	0.0	0.0	0.19903398	0.2923152	0.1545147	0.0	0.0	0.0	0.0	0.28634706	0.0	0.0	0.2816336	0.0	0.0	0.0	0.0	0.0	0.2985159	0.0	0.084953986	0.07040828	0.0	0.0	0.061012764	0.34562173	0.0	0.25691813	0.0	0.0	0.0	0.2322091	0.27793625	0.0	0.0	0.0	0.0	0.0	0.0	0.2690607	0.16131417	0.0	0.0	0.104901135	0.0	0.0	0.0	0.4078487	0.114876054	0.25208095	0.056203704	0.0	0.0	0.10171839	0.26286212	0.24479146	0.1387598	0.0	0.0	0.0	0.0	0.0	0.0	0.015801964	0.0	0.28128356	0.0	0.0	0.0	0.0	0.0
0.0	0.15021709	0.0	0.4859437	0.0	0.0	0.16863136	0.0	0.0	0.0	0.0	0.0	0.0	0.0	0.35564747	0.113978386	0.41206637	0.0	0.33617255	0.0	0.0	0.2255462	0.0	0.0	0.0	0.26163948	0.0	0.0	0.0	0.0	0.15908523	0.0	0.2934246	0.0	0.0	0.0	0.0	0.0	0.0	0.0	0.1824851	0.0	0.0	0.0	0.19554402	0.0	0.26327768	0.0	0.1143345	0.0	0.0	0.0	0.0	0.0	0.0	0.0	0.0	0.0	0.0	0.19727342	0.29607013	0.1464855	0.0	0.0	0.0	0.0	0.29035428	0.0	0.0	0.2774339	0.0	0.0	0.0	0.0	0.0	0.27547777	0.0	0.08989936	0.06814996	0.0	0.0	0.061267104	0.3197439	0.0	0.2402147	0.0	0.0	0.0	0.22042723	0.27402738	0.0	0.0	0.0	0.0	0.0	0.0	0.25486925	0.17088819	0.0	0.0	0.12241814	0.0	0.0	0.0	0.381673	0.12844078	0.22870325	0.05988507	0.0	0.0	0.10060068	0.24200064	0.22778584	0.13959382	0.0	0.0	0.0	0.0	0.0	0.0	0.013684563	0.0	0.27053577	0.0	0.0	0.0	0.0	0.0
0.0	0.0932313	0.0	0.54299384	0.0	0.0	0.12537216	0.0	0.0	0.0	0.0	0.0	0.0	0.0	0.39500198	0.09225127	0.42027125	0.0	0.3408867	0.0	0.0	0.21259733	0.0	0.0	0.0	0.27658793	0.0	0.0	0.0	0.0	0.16206028	0.0	0.30911133	0.0	0.0	0.0	0.0	0.0	0.0	0.0	0.15490855	0.00064211804	0.0	0.0	0.20906979	0.0	0.2855644	0.0	0.10607791	0.0	0.007037081	0.0	0.0	0.0	0.0	0.0	0.0	0.0	0.0	0.16925544	0.34989908	0.14695187	0.0	0.0	0.0	0.0	0.33519402	0.0	0.0	0.31266478	0.0	0.0	0.0	0.0	0.0	0.31476656	0.0	0.05590273	0.041091125	0.0	0.0	0.085841335	0.28466418	0.0	0.27284533	0.0	0.0	0.0	0.18999143	0.3209366	0.0	0.0	0.0	0.0	0.0	0.0	0.28234473	0.14500707	0.0	0.002514841	0.14890693	0.0	0.0	0.0	0.38346097	0.12754597	0.18301131	0.033545896	0.0	0.0	0.05667301	0.17604475	0.2227122	0.13802458	0.0	0.0	0.0	0.0	0.0	0.0	0.039640088	0.0	0.30770007	0.0	0.0	0.0	0.0	0.0
0.0	0.108015716	0.0	0.52801687	0.0	0.0	0.13672788	0.0	0.0	0.0	0.0	0.0	0.0	0.0	0.3861295	0.10271424	0.42240366	0.0	0.3427912	0.0	0.0	0.21752459	0.0	0.0	0.0	0.27257487	0.0	0.0	0.0	0.0	0.16221088	0.0	0.3037238	0.0	0.0	0.0	0.0	0.0	0.0	0.0	0.16953593	0.0	0.0	0.0	0.20253928	0.0	0.27840897	0.0	0.11119255	0.0	0.006103205	0.0	0.0	0.0	0.0	0.0	0.0	0.0	0.0	0.17973052	0.33312586	0.14824612	0.0	0.0	0.0	0.0	0.32166672	0.0	0.0	0.3031651	0.0	0.0	0.0	0.0	0.0	0.3043854	0.0	0.065804	0.054080535	0.0	0.0	0.07933432	0.30174986	0.0	0.26370266	0.0	0.0	0.0	0.1968927	0.30478847	0.0	0.0	0.0	0.0	0.0	0.0	0.27881774	0.15430497	0.0	0.0013513031	0.13976257	0.0	0.0	0.0	0.3822819	0.12963009	0.20190775	0.035097193	0.0	0.0	0.07056758	0.1998905	0.22839431	0.13519771	0.0	0.0	0.0	0.0	0.0	0.0	0.031991128	0.0	0.29673555	0.0	0.0	0.0	0.0	0.0
0.0	0.13908428	0.0	0.4752215	0.0	0.0	0.16369937	0.0	0.0	0.0	0.0	0.0	0.0	0.0	0.3284535	0.10940338	0.4143187	0.0	0.3366772	0.0	0.0	0.20150669	0.0	0.0	0.0	0.26077905	0.0	0.0	0.0	0.0	0.16974247	0.0	0.26939872	0.0	0.0	0.0	0.0	0.0	0.0	0.0	0.17632103	0.0	0.0	0.0	0.18567143	0.0	0.26846635	0.0	0.107529104	0.0	0.009425967	0.0	0.0	0.0	0.0	0.0	0.0	0.0	0.0	0.18104313	0.30786142	0.13070375	0.0	0.0	0.0	0.0	0.28521535	0.0	0.0	0.2678162	0.0	0.0	0.0	0.0	0.0	0.2568425	0.0	0.07751162	0.06516912	0.0	0.0	0.0647965	0.2872822	0.0	0.21301208	0.0	0.0	0.0	0.20142134	0.26175356	0.0	0.0	0.0	0.0	0.0	0.0	0.24163401	0.17527086	0.0	0.0	0.1324023	0.0	0.0	0.0	0.3594933	0.13652103	0.20102893	0.056101304	0.0	0.0	0.07841092	0.21495932	0.22210336	0.14168896	0.0	0.0	0.0	0.0	0.0	0.0	0.022790236	0.0	0.2641596	0.0	0.0	0.0	0.0	0.0
0.0	0.123469025	0.0	0.5075684	0.0	0.0	0.14621255	0.0	0.0	0.0	0.0	0.0	0.0	0.0	0.37950194	0.102843605	0.41392636	0.0	0.34122995	0.0	0.0	0.22191942	0.0	0.0	0.0	0.27026537	0.0	0.0	0.0	0.0	0.15977356	0.0	0.3020033	0.0	0.0	0.0	0.0	0.0	0.0	0.0	0.17348461	0.0	0.0	0.0	0.19877058	0.0	0.2728003	0.0	0.11138394	0.0	0.005367769	0.0	0.0	0.0	0.0	0.0	0.0	0.0	0.0	0.18309915	0.31637117	0.14993457	0.0	0.0	0.0	0.0	0.30613387	0.0	0.0	0.2933439	0.0	0.0	0.0	0.0	0.0	0.29117092	0.0	0.07408539	0.05853568	0.0	0.0	0.06948758	0.30607843	0.0	0.25873742	0.0	0.0	0.0	0.20411508	0.29549286	0.0	0.0	0.0	0.0	0.0	0.0	0.26684293	0.1624005	0.0	0.0	0.12994273	0.0	0.0	0.0	0.3846211	0.12618954	0.21348065	0.04822458	0.0	0.0	0.08086814	0.22002888	0.22636418	0.1350687	0.0	0.0	0.0	0.0	0.0	0.0	0.024288414	0.0	0.28659844	0.0	0.0	0.0	0.0	0.0
0.0	0.08965427	0.0	0.5616326	0.0	0.0	0.1193414	0.0	0.0	0.0	0.0	0.0	0.0	0.0	0.43025327	0.090532444	0.42339268	0.0	0.342065	0.0	0.0	0.2247576	0.0	0.0	0.0	0.27724874	0.0	0.0	0.0	0.0	0.1646693	0.0	0.32793906	0.0	0.0	0.0	0.0	0.0	0.0	0.0	0.1517032	0.0	0.0	0.0	0.21929246	0.0	0.2994145	0.0	0.10774485	0.0	0.005977647	0.0	0.0	0.0	0.0	0.0	0.0	0.0	0.0	0.16377954	0.36379924	0.15854955	0.0	0.0	0.0	0.0	0.34766436	0.0	0.0	0.32260105	0.0	0.0	0.0	0.0	0.0	0.3383703	0.0	0.051237762	0.037201423	0.0	0.0	0.092760235	0.2925898	0.0	0.28737134	0.0	0.0	0.0	0.1934229	0.3343338	0.0	0.0	0.0	0.0	0.0	0.0	0.2925049	0.13655739	0.0	0.002909385	0.15248555	0.0	0.0	0.0	0.40313053	0.12251624	0.19080305	0.028635537	0.0	0.0	0.056501705	0.17547812	0.22758035	0.13950984	0.0	0.0	0.0	0.0	0.0	0.0	0.04034662	0.0	0.32044813	0.0	0.0	0.0	0.0	0.0
0.0	0.14175428	0.0	0.5446335	0.0	0.0	0.1682033	0.0	0.0	0.0	0.0	0.0	0.0	0.0	0.39204407	0.14500181	0.43970445	0.0	0.3684454	0.0	0.0	0.24548201	0.0	0.0	0.0	0.27745396	0.0	0.0	0.0	0.0	0.15896006	0.0	0.3346963	0.0	0.0	0.0	0.0	0.0	0.0	0.0	0.14393902	0.0	0.0	0.0	0.22394639	0.0	0.3012469	0.0	0.10847949	0.0	0.005893552	0.0	0.0	0.0	0.0	0.0	0.0	0.0	0.0	0.18433727	0.31679443	0.14064303	0.0	0.0	0.0	0.0	0.33933172	0.0	0.0	0.28733882	0.0	0.0	0.0	0.0	0.0	0.2911873	0.0	0.07675613	0.065868475	0.0	0.0	0.10115833	0.31801566	0.0	0.24814105	0.0	0.0	0.0	0.21556623	0.26645294	0.0	0.0	0.0	0.0	0.0	0.0	0.2627387	0.16712247	0.0	0.0	0.1316367	0.0	0.0	0.0	0.37808847	0.13067067	0.21292663	0.029205479	0.0	0.0	0.062139977	0.22693725	0.265239	0.1552027	0.0	0.0	0.0	0.0	0.0	0.0	0.020939847	0.0	0.27570137	0.0	0.0	0.0	0.0	0.0
0.0	0.15963781	0.0	0.48475957	0.0	0.0	0.178342	0.0	0.0	0.0	0.0	0.0	0.0	0.0	0.3611646	0.12026229	0.41660914	0.0	0.3356432	0.0	0.0	0.2450841	0.0	0.0	0.0	0.26470172	0.0	0.0	0.0	0.0	0.15863939	0.0	0.30121687	0.0	0.0	0.0	0.0	0.0	0.0	0.0	0.1895616	0.0	0.0	0.0	0.19210906	0.0	0.26278293	0.0	0.12215233	0.0	0.0	0.0	0.0	0.0	0.0	0.0	0.0	0.0	0.0	0.2071517	0.28591368	0.15380923	0.0	0.0	0.0	0.0	0.28760567	0.0	0.0	0.27200004	0.0	0.0	0.0	0.0	0.0	0.2805447	0.0	0.09241569	0.07646162	0.0	0.0	0.056468885	0.33020413	0.0	0.24331088	0.0	0.0	0.0	0.23046048	0.26097646	0.0	0.0	0.0	0.0	0.0	0.0	0.24784975	0.172356	0.0	0.0	0.11142229	0.0	0.0	0.0	0.39104643	0.12594149	0.23880954	0.06051596	0.0	0.0	0.106847994	0.267668	0.23863263	0.14104734	0.0	0.0	0.0	0.0	0.0	0.0	0.009992155	0.0	0.26434287	0.0	0.0	0.0	0.0	0.0
0.0	0.14100264	0.0	0.49219966	0.0	0.0	0.16845442	0.0	0.0	0.0	0.0	0.0	0.0	0.0	0.3538566	0.120603204	0.42134818	0.0	0.33654428	0.0	0.0	0.23364381	0.0	0.0	0.0	0.25572473	0.0	0.0	0.0	0.0	0.16743141	0.0	0.2947065	0.0	0.0	0.0	0.0	0.0	0.0	0.0	0.1743394	0.0	0.0	0.0	0.19772126	0.0	0.2851305	0.0	0.11397046	0.0	0.005277298	0.0	0.0	0.0	0.0	0.0	0.0	0.0	0.0	0.1905244	0.3064642	0.13916697	0.0	0.0	0.0	0.0	0.2900124	0.0	0.0	0.28019306	0.0	0.0	0.0	0.0	0.0	0.26756528	0.0	0.08164004	0.06749325	0.0	0.0	0.06547669	0.31658402	0.0	0.23667128	0.0	0.0	0.0	0.22632897	0.27075985	0.0	0.0	0.0	0.0	0.0	0.0	0.2482415	0.17598529	0.0	0.0	0.12461875	0.0	0.0	0.0	0.38027588	0.13066088	0.2202876	0.060226712	0.0	0.0	0.0883865	0.2348829	0.24299526	0.14408304	0.0	0.0	0.0	0.0	0.0	0.0	0.015220438	0.0	0.27201632	0.0	0.0	0.0	0.0	0.0
0.0	0.14411877	0.0	0.5565253	0.0	0.0	0.16742605	0.0	0.0	0.0	0.0	0.0	0.0	0.0	0.3958919	0.152451	0.43603423	0.0	0.35858977	0.0	0.0	0.25840807	0.0	0.0	0.0	0.27431956	0.0	0.0	0.0	0.0	0.15486588	0.0	0.3450376	0.0	0.0	0.0	0.0	0.0	0.0	0.0	0.13465218	0.0	0.0	0.0	0.22678272	0.0	0.2949334	0.0	0.12048229	0.0	0.005693996	0.0	0.0	0.0	0.0	0.0	0.0	0.0	0.0	0.18484128	0.31376913	0.15253125	0.0	0.0	0.0	0.0	0.33746874	0.0	0.0	0.28256166	0.0	0.0	0.0	0.0	0.0	0.2993075	0.0	0.07675865	0.066469125	0.0	0.0	0.10176027	0.33439007	0.0	0.24875347	0.0	0.0	0.0	0.21794601	0.264098	0.0	0.0	0.0	0.0	0.0	0.0	0.25917372	0.15894322	0.0	0.0	0.115319945	0.0	0.0	0.0	0.38610765	0.1233742	0.22321956	0.030001111	0.0	0.0	0.05723347	0.2466638	0.27192548	0.14810537	0.0	0.0	0.0	0.0	0.0	0.0	0.018171275	0.0	0.27071515	0.0	0.0	0.0	0.0	0.0
0.0	0.1258743	0.0	0.50522155	0.0	0.0	0.1533138	0.0	0.0	0.0	0.0	0.0	0.0	0.0	0.34529528	0.11191508	0.42279115	0.0	0.3370336	0.0	0.0	0.21646732	0.0	0.0	0.0	0.26533768	0.0	0.0	0.0	0.0	0.16644973	0.0	0.28212786	0.0	0.0	0.0	0.0	0.0	0.0	0.0	0.17115778	0.0	0.0	0.0	0.19314392	0.0	0.27429774	0.0	0.11216519	0.0	0.007150385	0.0	0.0	0.0	0.0	0.0	0.0	0.0	0.0	0.18422826	0.3214477	0.13774773	0.0	0.0	0.0	0.0	0.3059573	0.0	0.0	0.28706312	0.0	0.0	0.0	0.0	0.0	0.274549	0.0	0.072167456	0.06427044	0.0	0.0	0.07570912	0.29793626	0.0	0.23583974	0.0	0.0	0.0	0.20096864	0.281868	0.0	0.0	0.0	0.0	0.0	0.0	0.26056242	0.16680919	0.0	0.0	0.13436157	0.0	0.0	0.0	0.36811838	0.13364066	0.20132126	0.045428395	0.0	0.0	0.07571595	0.21157777	0.22870715	0.13596185	0.0	0.0	0.0	0.0	0.0	0.0	0.024292422	0.0	0.27329823	0.0	0.0	0.0	0.0	0.0
0.0	0.14103799	0.0	0.47752157	0.0	0.0	0.16518936	0.0	0.0	0.0	0.0	0.0	0.0	0.0	0.33877727	0.11321034	0.41659537	0.0	0.34084737	0.0	0.0	0.20956492	0.0	0.0	0.0	0.25836948	0.0	0.0	0.0	0.0	0.16849244	0.0	0.28240362	0.0	0.0	0.0	0.0	0.0	0.0	0.0	0.17830442	0.0	0.0	0.0	0.19693577	0.0	0.27337053	0.0	0.1076082	0.0	0.007270767	0.0	0.0	0.0	0.0	0.0	0.0	0.0	0.0	0.1911757	0.30647016	0.13536091	0.0	0.0	0.0	0.0	0.28813067	0.0	0.0	0.27100018	0.0	0.0	0.0	0.0	0.0	0.2537224	0.0	0.080528416	0.063215464	0.0	0.0	0.06781112	0.3055725	0.0	0.22741376	0.0	0.0	0.0	0.21414675	0.2655586	0.0	0.0	0.0	0.0	0.0	0.0	0.24132054	0.1743523	0.0	0.0	0.12302784	0.0	0.0	0.0	0.36142346	0.12956353	0.20653512	0.061951194	0.0	0.0	0.0836071	0.22918971	0.23612	0.13723229	0.0	0.0	0.0	0.0	0.0	0.0	0.02015972	0.0	0.26555964	0.0	0.0	0.0	0.0	0.0
0.0	0.14555354	0.0	0.49339485	0.0	0.0	0.16558093	0.0	0.0	0.0	0.0	0.0	0.0	0.0	0.35582486	0.12381339	0.42036185	0.0	0.33921215	0.0	0.0	0.22785771	0.0	0.0	0.0	0.25969428	0.0	0.0	0.0	0.0	0.16744585	0.0	0.29976457	0.0	0.0	0.0	0.0	0.0	0.0	0.0	0.17464663	0.0	0.0	0.0	0.19910227	0.0	0.2821057	0.0	0.11654666	0.0	0.0052823634	0.0	0.0	0.0	0.0	0.0	0.0	0.0	0.0	0.19599132	0.3059565	0.1441879	0.0	0.0	0.0	0.0	0.29341716	0.0	0.0	0.28083074	0.0	0.0	0.0	0.0	0.0	0.274691	0.0	0.08049859	0.066567056	0.0	0.0	0.06765842	0.32359204	0.0	0.23742627	0.0	0.0	0.0	0.22321826	0.27296066	0.0	0.0	0.0	0.0	0.0	0.0	0.25086442	0.17267935	0.0	0.0	0.12065574	0.0	0.0	0.0	0.38195148	0.12672114	0.22460695	0.061677586	0.0	0.0	0.08625415	0.24386533	0.24318004	0.14099555	0.0	0.0	0.0	0.0	0.0	0.0	0.016352275	0.0	0.27076828	0.0	0.0	0.0	0.0	0.0
0.0	0.14737901	0.0	0.48815188	0.0	0.0	0.16821761	0.0	0.0	0.0	0.0	0.0	0.0	0.0	0.3546226	0.11875849	0.41633162	0.0	0.33814415	0.0	0.0	0.23431897	0.0	0.0	0.0	0.2587817	0.0	0.0	0.0	0.0	0.16694535	0.0	0.29720387	0.0	0.0	0.0	0.0	0.0	0.0	0.0	0.17534912	0.0	0.0	0.0	0.19431622	0.0	0.27690282	0.0	0.11775284	0.0	0.004077406	0.0	0.0	0.0	0.0	0.0	0.0	0.0	0.0	0.19490032	0.2978917	0.14395507	0.0	0.0	0.0	0.0	0.28582826	0.0	0.0	0.27936766	0.0	0.0	0.0	0.0	0.0	0.27032235	0.0	0.081617035	0.066555046	0.0	0.0	0.06273844	0.3213889	0.0	0.23790544	0.0	0.0	0.0	0.22495258	0.27175903	0.0	0.0	0.0	0.0	0.0	0.0	0.24912922	0.17453445	0.0	0.0	0.1208173	0.0	0.0	0.0	0.38452134	0.124076985	0.22735524	0.06432169	0.0	0.0	0.091280244	0.24470837	0.24002194	0.13977425	0.0	0.0	0.0	0.0	0.0	0.0	0.014374524	0.0	0.2688683	0.0	0.0	0.0	0.0	0.0
0.0	0.14005546	0.0	0.5001537	0.0	0.0	0.16421919	0.0	0.0	0.0	0.0	0.0	0.0	0.0	0.3493848	0.12049374	0.42501387	0.0	0.33685848	0.0	0.0	0.2264239	0.0	0.0	0.0	0.26417127	0.0	0.0	0.0	0.0	0.16835664	0.0	0.29100555	0.0	0.0	0.0	0.0	0.0	0.0	0.0	0.17561252	0.0	0.0	0.0	0.19367109	0.0	0.28096485	0.0	0.11526397	0.0	0.0037516814	0.0	0.0	0.0	0.0	0.0	0.0	0.0	0.0	0.19148356	0.3099909	0.14115332	0.0	0.0	0.0	0.0	0.2977675	0.0	0.0	0.28225458	0.0	0.0	0.0	0.0	0.0	0.27319014	0.0	0.0778433	0.06402411	0.0	0.0	0.06951312	0.31418583	0.0	0.2403528	0.0	0.0	0.0	0.21608925	0.27607182	0.0	0.0	0.0	0.0	0.0	0.0	0.2521601	0.17516817	0.0	0.0	0.12778547	0.0	0.0	0.0	0.37209964	0.12566161	0.21290831	0.05431119	0.0	0.0	0.08273745	0.2303073	0.23912288	0.14144337	0.0	0.0	0.0	0.0	0.0	0.0	0.015529568	0.0	0.27145413	0.0	0.0	0.0	0.0	0.0
0.0	0.1595959	0.0	0.45673093	0.0	0.0	0.17274211	0.0	0.0	0.0	0.0	0.0	0.0	0.0	0.33904645	0.11124439	0.4084306	0.0	0.34201697	0.0	0.0	0.21063095	0.0	0.0	0.0	0.2583143	0.0	0.0	0.0	0.0	0.16842254	0.0	0.27584994	0.0	0.0	0.0	0.0	0.0	0.0	0.0	0.19240046	0.0	0.0	0.0	0.18923515	0.0	0.26722503	0.0	0.10913402	0.0	0.007865413	0.0	0.0	0.0	0.0	0.0	0.0	0.0	0.0	0.19675446	0.29354405	0.13860442	0.0	0.0	0.0	0.0	0.2698957	0.0	0.0	0.26190868	0.0	0.0	0.0	0.0	0.0	0.24989633	0.0	0.08947742	0.06985115	0.0	0.0	0.058575172	0.31545624	0.0	0.22345789	0.0	0.0	0.0	0.21892788	0.2578937	0.0	0.0	0.0	0.0	0.0	0.0	0.23849349	0.1820817	0.0	0.0	0.118412375	0.0	0.0	0.0	0.37066042	0.13263458	0.22189276	0.07135743	0.0	0.0	0.095622145	0.24863856	0.23119748	0.13316657	0.0	0.0	0.0	0.0	0.0	0.0	0.014933045	0.0	0.2604977	0.0	0.0	0.0	0.0	0.0
0.0	0.12816942	0.0	0.49317774	0.0	0.0	0.15509802	0.0	0.0	0.0	0.0	0.0	0.0	0.0	0.33273417	0.11088153	0.4202664	0.0	0.34136787	0.0	0.0	0.20182876	0.0	0.0	0.0	0.26302764	0.0	0.0	0.0	0.0	0.16742738	0.0	0.2741427	0.0	0.0	0.0	0.0	0.0	0.0	0.0	0.17064075	0.0	0.0	0.0	0.19292091	0.0	0.2737449	0.0	0.10659382	0.0	0.009149041	0.0	0.0	0.0	0.0	0.0	0.0	0.0	0.0	0.18194854	0.31987762	0.13097003	0.0	0.0	0.0	0.0	0.30203232	0.0	0.0	0.276491	0.0	0.0	0.0	0.0	0.0	0.25754023	0.0	0.072737694	0.06279563	0.0	0.0	0.07528085	0.28515753	0.0	0.22550873	0.0	0.0	0.0	0.19780098	0.27063286	0.0	0.0	0.0	0.0	0.0	0.0	0.2520463	0.16951172	0.0	0.0	0.13549368	0.0	0.0	0.0	0.35063076	0.13898586	0.18896227	0.044963453	7.620236e-05	0.0	0.069875315	0.20526965	0.22878087	0.13631718	0.0	0.0	0.0	0.0	0.0	0.0	0.025102846	0.0	0.2662095	0.0	0.0	0.0	0.0	0.0
0.0	0.11725718	0.0	0.60871166	0.0	0.0	0.15473591	0.0	0.0	0.0	0.0	0.0	0.0	0.0	0.43027005	0.14971401	0.4537286	0.0	0.35412183	0.0	0.0	0.27639773	0.0	0.0	0.0	0.28503108	0.0	0.0	0.0	0.0	0.15587592	0.0	0.3631347	0.0	0.0	0.0	0.0	0.0	0.0	0.0	0.13062535	0.0	0.0	0.0	0.24277394	0.0	0.3190026	0.0	0.12872812	0.0	0.0056200624	0.0	0.0	0.0	0.0	0.0	0.0	0.0	0.0	0.16938782	0.3390127	0.15711768	0.0	0.0	0.0	0.0	0.36626282	0.0	0.0	0.30901587	0.0	0.0	0.0	0.0	0.0	0.33941463	0.0	0.05705716	0.055100415	0.0	0.0	0.11024102	0.3421665	0.0	0.27675372	0.0	0.0	0.0	0.2152276	0.29357925	0.0	0.0	0.0	0.0	0.0	0.0	0.2881112	0.14231724	0.0	0.0	0.1243226	0.0	0.0	0.0	0.40198216	0.11311694	0.22043078	0.008661254	0.0	0.0	0.042967524	0.22554557	0.2835029	0.1496306	0.0	0.0	0.0	0.0	0.0	0.0	0.027624568	0.0	0.30029488	0.0	0.0	0.0	0.0	0.0
0.0	0.15607902	0.0	0.6150995	0.0	0.0	0.18003787	0.0	0.0	0.0	0.0	0.0	0.0	0.0	0.46480918	0.17176156	0.4406437	0.0	0.37730005	0.0	0.0	0.28575352	0.0	0.0	0.0	0.30090424	0.0	0.0	0.0	0.0	0.13598014	0.0	0.39395514	0.0	0.0	0.0	0.0	0.0	0.0	0.0	0.1144558	0.0	0.0	0.0	0.2617509	0.0	0.31367087	0.0	0.12219126	0.0	0.0045764856	0.0	0.0	0.0	0.0	0.0	0.0	0.0	0.0	0.16517466	0.30975136	0.16893744	0.0	0.0	0.0	0.0	0.36923325	0.0	0.0	0.28076658	0.0	0.0	0.0	0.0	0.0	0.3329636	0.0	0.07512343	0.056388956	0.0	0.0	0.120744385	0.35720834	0.0	0.2841839	0.0	0.0	0.0	0.20883787	0.27182984	0.0	0.0	0.0	0.0	0.0	0.0	0.26678905	0.1406201	0.0	0.0	0.10236946	0.0	0.0	0.0	0.40465644	0.1050292	0.23133709	0.0017574405	0.0	0.0	0.0397746	0.26159886	0.30120954	0.14672089	0.0	0.0	0.0	0.0	0.0	0.0	0.025997207	0.0	0.27892673	0.0	0.0	0.0	0.0	0.0
0.0	0.13161586	0.0	0.5060847	0.0	0.0	0.1591304	0.0	0.0	0.0	0.0	0.0	0.0	0.0	0.35762838	0.11711345	0.42002925	0.0	0.33729598	0.0	0.0	0.22688627	0.0	0.0	0.0	0.26576722	0.0	0.0	0.0	0.0	0.16798897	0.0	0.2980297	0.0	0.0	0.0	0.0	0.0	0.0	0.0	0.17364706	0.0	0.0	0.0	0.2006499	0.0	0.28159598	0.0	0.11440739	0.0	0.0065705194	0.0	0.0	0.0	0.0	0.0	0.0	0.0	0.0	0.19378603	0.31408796	0.14213169	0.0	0.0	0.0	0.0	0.30559012	0.0	0.0	0.28775617	0.0	0.0	0.0	0.0	0.0	0.27974185	0.0	0.07685958	0.06290882	0.0	0.0	0.07122514	0.31256875	0.0	0.24349737	0.0	0.0	0.0	0.2118957	0.27980536	0.0	0.0	0.0	0.0	0.0	0.0	0.2536889	0.16893423	0.0	0.0	0.12720275	0.0	0.0	0.0	0.3769958	0.12554257	0.21292569	0.05379652	0.0	0.0	0.08209422	0.22751474	0.23783259	0.1403955	0.0	0.0	0.0	0.0	0.0	0.0	0.018760003	0.0	0.2769411	0.0	0.0	0.0	0.0	0.0
0.0	0.121239685	0.0	0.5107844	0.0	0.0	0.14951347	0.0	0.0	0.0	0.0	0.0	0.0	0.0	0.3588706	0.11756172	0.42946365	0.0	0.3330829	0.0	0.0	0.2222085	0.0	0.0	0.0	0.25845045	0.0	0.0	0.0	0.0	0.16760422	0.0	0.29316893	0.0	0.0	0.0	0.0	0.0	0.0	0.0	0.17098515	0.0	0.0	0.0	0.1964684	0.0	0.27967903	0.0	0.119454764	0.0	0.005160564	0.0	0.0	0.0	0.0	0.0	0.0	0.0	0.0	0.18380044	0.32306692	0.14608395	0.0	0.0	0.0	0.0	0.30571786	0.0	0.0	0.29277137	0.0	0.0	0.0	0.0	0.0	0.28819793	0.0	0.06627799	0.06429569	0.0	0.0	0.076496504	0.3180293	0.0	0.24496682	0.0	0.0	0.0	0.2147885	0.2822667	0.0	0.0	0.0	0.0	0.0	0.0	0.26430666	0.16659097	0.0	0.0	0.1363354	0.0	0.0	0.0	0.38044426	0.125221	0.21627899	0.05088232	0.0	0.0	0.07276682	0.21639408	0.24069421	0.13921084	0.0	0.0	0.0	0.0	0.0	0.0	0.024272228	0.0	0.28323588	0.0	0.0	0.0	0.0	0.0
0.0	0.11042855	0.0	0.5110395	0.0	0.0	0.14424677	0.0	0.0	0.0	0.0	0.0	0.0	0.0	0.3430489	0.10739765	0.42171916	0.0	0.33685938	0.0	0.0	0.20444988	0.0	0.0	0.0	0.2592717	0.0	0.0	0.0	0.0	0.16551484	0.0	0.28023985	0.0	0.0	0.0	0.0	0.0	0.0	0.0	0.16815309	0.00065601646	0.0	0.0	0.1958593	0.0	0.27396318	0.0	0.11249095	0.0	0.007193837	0.0	0.0	0.0	0.0	0.0	0.0	0.0	0.0	0.17998308	0.3321459	0.13488853	0.0	0.0	0.0	0.0	0.30776104	0.0	0.0	0.28579655	0.0	0.0	0.0	0.0	0.0	0.27193123	0.0	0.06680934	0.058949947	0.0	0.0	0.07923355	0.29364863	0.0	0.2335202	0.0	0.0	0.0	0.19710052	0.28125167	0.0	0.0	0.0	0.0	0.0	0.0	0.2605666	0.16081381	0.0	0.0	0.136739	0.0	0.0	0.0	0.36019108	0.13195229	0.18720727	0.045779955	0.0013195137	0.0	0.06453522	0.19684058	0.23047101	0.13086686	0.0	0.0	0.0	0.0	0.0	0.0	0.03475526	0.0	0.28039488	0.0	0.0	0.0	0.0	0.0
0.0	0.11293293	0.0	0.5130039	0.0	0.0	0.14523323	0.0	0.0	0.0	0.0	0.0	0.0	0.0	0.3485857	0.10739866	0.42783967	0.0	0.3317827	0.0	0.0	0.20730667	0.0	0.0	0.0	0.25930154	0.0	0.0	0.0	0.0	0.17050242	0.0	0.28219706	0.0	0.0	0.0	0.0	0.0	0.0	0.0	0.16977714	0.00065348175	0.0	0.0	0.19666581	0.0	0.27867737	0.0	0.11481028	0.0	0.006017927	0.0	0.0	0.0	0.0	0.0	0.0	0.0	0.0	0.17887129	0.3356503	0.13760167	0.0	0.0	0.0	0.0	0.31143817	0.0	0.0	0.29651502	0.0	0.0	0.0	0.0	0.0	0.28352767	0.0	0.06381005	0.057812765	0.0	0.0	0.08003003	0.30013737	0.0	0.23906563	0.0	0.0	0.0	0.19902895	0.28658167	0.0	0.0	0.0	0.0	0.0	0.0	0.26136148	0.16149805	0.0	0.000258876	0.14086142	0.0	0.0	0.0	0.36666417	0.12876615	0.19396801	0.046971876	0.0	0.0	0.06537201	0.19731009	0.23066269	0.13825303	0.0	0.0	0.0	0.0	0.0	0.0	0.03215276	0.0	0.28685093	0.0	0.0	0.0	0.0	0.0
0.0	0.117745675	0.0	0.52444345	0.0	0.0	0.15078488	0.0	0.0	0.0	0.0	0.0	0.0	0.0	0.38055325	0.11344394	0.42663774	0.0	0.33322406	0.0	0.0	0.23979123	0.0	0.0	0.0	0.26198503	0.0	0.0	0.0	0.0	0.16066019	0.0	0.31412846	0.0	0.0	0.0	0.0	0.0	0.0	0.0	0.17153071	0.0	0.0	0.0	0.20752607	0.0	0.28435627	0.0	0.1194297	0.0	0.0010106191	0.0	0.0	0.0	0.0	0.0	0.0	0.0	0.0	0.1890475	0.31912026	0.14563933	0.0	0.0	0.0	0.0	0.3097205	0.0	0.0	0.2999636	0.0	0.0	0.0	0.0	0.0	0.30169395	0.0	0.072072275	0.059959184	0.0	0.0	0.06787718	0.32656556	0.0	0.26505005	0.0	0.0	0.0	0.22236383	0.29480395	0.0	0.0	0.0	0.0	0.0	0.0	0.26825342	0.15895528	0.0	0.0	0.12053176	0.0	0.0	0.0	0.39342773	0.11812524	0.22212379	0.045873713	0.0	0.0	0.08515497	0.22675192	0.24720986	0.13853855	0.0	0.0	0.0	0.0	0.0	0.0	0.024110297	0.0	0.291808	0.0	0.0	0.0	0.0	0.0
0.0	0.12274626	0.0	0.5076513	0.0	0.0	0.15524322	0.0	0.0	0.0	0.0	0.0	0.0	0.0	0.3469368	0.11608701	0.4287195	0.0	0.3367078	0.0	0.0	0.21767975	0.0	0.0	0.0	0.26203832	0.0	0.0	0.0	0.0	0.16978954	0.0	0.28594157	0.0	0.0	0.0	0.0	0.0	0.0	0.0	0.16601114	0.0	0.0	0.0	0.19622748	0.0	0.2810255	0.0	0.11193007	0.0	0.005581459	0.0	0.0	0.0	0.0	0.0	0.0	0.0	0.0	0.18304603	0.32204527	0.13834247	0.0	0.0	0.0	0.0	0.30956236	0.0	0.0	0.28796378	0.0	0.0	0.0	0.0	0.0	0.27352378	0.0	0.07010346	0.06326133	0.0	0.0	0.07841966	0.2965323	0.0	0.23816712	0.0	0.0	0.0	0.20262356	0.27861616	0.0	0.0	0.0	0.0	0.0	0.0	0.25828955	0.16922773	0.0	0.0	0.1372491	0.0	0.0	0.0	0.36537346	0.13114287	0.20020624	0.04661724	0.0	0.0	0.070770495	0.20769157	0.23416895	0.13934177	0.0	0.0	0.0	0.0	0.0	0.0	0.021863312	0.0	0.27496535	0.0	0.0	0.0	0.0	0.0
0.0	0.107156396	0.0	0.5257587	0.0	0.0	0.14129716	0.0	0.0	0.0	0.0	0.0	0.0	0.0	0.35018662	0.110319816	0.43410167	0.0	0.33283648	0.0	0.0	0.21018477	0.0	0.0	0.0	0.2603553	0.0	0.0	0.0	0.0	0.16967547	0.0	0.28183833	0.0	0.0	0.0	0.0	0.0	0.0	0.0	0.1657568	0.00034181014	0.0	0.0	0.19643195	0.0	0.286016	0.0	0.11337313	0.0	0.0066730925	0.0	0.0	0.0	0.0	0.0	0.0	0.0	0.0	0.17436846	0.3432283	0.13520347	0.0	0.0	0.0	0.0	0.3196635	0.0	0.0	0.30025017	0.0	0.0	0.0	0.0	0.0	0.28668258	0.0	0.058638945	0.05685064	0.0	0.0	0.088323675	0.29164645	0.0	0.24307024	0.0	0.0	0.0	0.19454682	0.2931185	0.0	0.0	0.0	0.0	0.0	0.0	0.2697308	0.16011988	0.0	0.0020835523	0.14969526	0.0	0.0	0.0	0.36643693	0.1314046	0.18440329	0.038343567	0.0	0.0	0.056083366	0.1827888	0.23326325	0.13927546	0.0	0.0	0.0	0.0	0.0	0.0	0.034120988	0.0	0.2885255	0.0	0.0	0.0	0.0	0.0
0.0	0.097740196	0.0	0.5445128	0.0	0.0	0.13228568	0.0	0.0	0.0	0.0	0.0	0.0	0.0	0.3886948	0.09668311	0.433158	0.0	0.34125265	0.0	0.0	0.21752714	0.0	0.0	0.0	0.2820521	0.0	0.0	0.0	0.0	0.16951096	0.0	0.29240724	0.0	0.0	0.0	0.0	0.0	0.0	0.0	0.15543462	0.0	0.0	0.0	0.19188519	0.0	0.29246518	0.0	0.114060484	0.0	0.010164785	0.0	0.0	0.0	0.0	0.0	0.0	0.0	0.0	0.1688263	0.34455144	0.14952782	0.0	0.0	0.0	0.0	0.33506367	0.0	0.0	0.31325993	0.0	0.0	0.0	0.0	0.0	0.313462	0.0	0.05458343	0.05228463	0.0	0.0	0.09304441	0.27411225	0.0	0.2640186	0.0	0.0	0.0	0.17897224	0.31096798	0.0	0.0	0.0	0.0	0.0	0.0	0.28784156	0.1583939	0.0	0.0	0.165668	0.0	0.0	0.0	0.3786569	0.13244861	0.18504184	0.027390638	0.0	0.0	0.050708503	0.17634594	0.22154216	0.1374047	0.0	0.0	0.0	0.0	0.0	0.0	0.028111978	0.0	0.29574266	0.0	0.0	0.0	0.0	0.0
0.0	0.116778396	0.0	0.5103378	0.0	0.0	0.14328732	0.0	0.0	0.0	0.0	0.0	0.0	0.0	0.3738205	0.1061885	0.4228182	0.0	0.34519553	0.0	0.0	0.2128251	0.0	0.0	0.0	0.27050126	0.0	0.0	0.0	0.0	0.1661725	0.0	0.29303774	0.0	0.0	0.0	0.0	0.0	0.0	0.0	0.16579476	0.0	0.0	0.0	0.19497275	0.0	0.28449035	0.0	0.107349716	0.0	0.007832245	0.0	0.0	0.0	0.0	0.0	0.0	0.0	0.0	0.17426904	0.32482913	0.14674155	0.0	0.0	0.0	0.0	0.31083903	0.0	0.0	0.2906645	0.0	0.0	0.0	0.0	0.0	0.28422928	0.0	0.064164	0.057914805	0.0	0.0	0.079406835	0.290105	0.0	0.25050175	0.0	0.0	0.0	0.20100893	0.28910503	0.0	0.0	0.0	0.0	0.0	0.0	0.26433966	0.16467722	0.0	0.0	0.1467058	0.0	0.0	0.0	0.37276414	0.13319741	0.19791035	0.04099968	0.0	0.0	0.06334911	0.20196436	0.22908103	0.13489665	0.0	0.0	0.0	0.0	0.0	0.0	0.024811497	0.0	0.2783695	0.0	0.0	0.0	0.0	0.0
0.0	0.110825956	0.0	0.5069194	0.0020331417	0.0	0.14905484	0.0	0.0	0.0	0.0	0.0	0.0	0.0	0.3269795	0.115047716	0.43262562	0.0	0.33759388	0.0	0.0	0.20403044	0.0	0.0	0.0	0.2543967	0.0	0.0	0.0	0.0	0.17564173	0.0	0.27110252	0.0	0.0	0.0	0.0	0.0	0.0	0.0	0.16022137	0.0	0.0	0.0	0.19108431	0.0	0.29224637	0.0	0.1094689	0.0	0.012511487	0.0	0.0	0.0	0.0	0.0	0.0	0.0	0.0	0.1730848	0.3323022	0.1278211	0.0	0.0	0.0	0.0	0.30833498	0.0	0.0	0.28490117	0.0	0.0	0.0	0.0	0.0	0.26022884	0.0	0.058243226	0.06112732	0.0	0.0	0.08971713	0.28120887	0.0	0.22329575	0.0	0.0	0.0	0.20105632	0.2700975	0.0	0.0	0.0	0.0	0.0	0.0	0.25038454	0.17299658	0.0	0.0	0.14745227	0.0	0.0	0.0	0.35261193	0.13051762	0.17695121	0.048810985	0.00268755	0.0	0.047803655	0.18849862	0.23754776	0.14140342	0.0	0.0	0.0	0.0	0.0	0.0	0.027979478	0.0	0.2676058	0.0	0.0	0.0	0.0	0.0
0.0	0.12077517	0.0	0.49354866	0.001785613	0.0	0.15242673	0.0	0.0	0.0	0.0	0.0	0.0	0.0	0.32106492	0.11114951	0.42876926	0.0	0.338195	0.0	0.0	0.19889267	0.0	0.0	0.0	0.2580672	0.0	0.0	0.0	0.0	0.17438523	0.0	0.26450217	0.0	0.0	0.0	0.0	0.0	0.0	0.0	0.16185243	0.0	0.0	0.0	0.18730848	0.0	0.2844196	0.0	0.10597592	0.0	0.011279382	0.0	0.0	0.0	0.0	0.0	0.0	0.0	0.0	0.17422128	0.3245287	0.12624459	0.0	0.0	0.0	0.0	0.30346406	0.0	0.0	0.27689144	0.0	0.0	0.0	0.0	0.0	0.25188175	0.0	0.064094685	0.06451881	0.0	0.0	0.082611464	0.272568	0.0	0.21972525	0.0	0.0	0.0	0.1979239	0.26440367	0.0	0.0	0.0	0.0	0.0	0.0	0.2484901	0.17700195	0.0	0.0	0.14744334	0.0	0.0	0.0	0.3462031	0.1393235	0.17726879	0.046158966	0.0034930566	0.0	0.054601837	0.19289444	0.23012996	0.14137135	0.0	0.0	0.0	0.0	0.0	0.0	0.023003103	0.0	0.2604394	0.0	0.0	0.0	0.0	0.0
0.0	0.10584579	0.0	0.5296922	0.0	0.0	0.1344346	0.0	0.0	0.0	0.0	0.0	0.0	0.0	0.37668598	0.102816544	0.4330242	0.0	0.34381542	0.0	0.0	0.21097715	0.0	0.0	0.0	0.27457094	0.0	0.0	0.0	0.0	0.16948092	0.0	0.28966966	0.0	0.0	0.0	0.0	0.0	0.0	0.0	0.15712158	0.0	0.0	0.0	0.18894531	0.0	0.2891226	0.0	0.109921485	0.0	0.0100802295	0.0	0.0	0.0	0.0	0.0	0.0	0.0	0.0	0.16820727	0.33820334	0.14597651	0.0	0.0	0.0	0.0	0.32438576	0.0	0.0	0.30255926	0.0	0.0	0.0	0.0	0.0	0.2955384	0.0	0.055190057	0.05625479	0.0	0.0	0.091088824	0.27669066	0.0	0.25315663	0.0	0.0	0.0	0.1874495	0.29878387	0.0	0.0	0.0	0.0	0.0	0.0	0.27712527	0.16437258	0.0	0.0	0.1611954	0.0	0.0	0.0	0.3709081	0.13810651	0.1881849	0.030947587	0.0	0.0	0.048945647	0.18217246	0.22584307	0.13721932	0.0	0.0	0.0	0.0	0.0	0.0	0.027193578	0.0	0.28437158	0.0	0.0	0.0	0.0	0.0
0.0	0.12727769	0.0	0.5673732	0.0	0.0	0.16002835	0.0	0.0	0.0	0.0	0.0	0.0	0.0	0.38976014	0.15556204	0.44908604	0.0	0.37480724	0.0	0.0	0.24157947	0.0	0.0	0.0	0.28453538	0.0	0.0	0.0	0.0	0.16771801	0.0	0.32860586	0.0	0.0	0.0	0.0	0.0	0.0	0.0	0.12403185	0.0	0.0	0.0	0.223743	0.0	0.32566753	0.0	0.10928399	0.0	0.01084084	0.0	0.0	0.0	0.0	0.0	0.0	0.0	0.0	0.17392714	0.33493677	0.1372749	0.0	0.0	0.0	0.0	0.3598669	0.0	0.0	0.2888937	0.0	0.0	0.0	0.0	0.0	0.286155	0.0	0.06452488	0.06431783	0.0	0.0	0.11762763	0.29304138	0.0	0.24367492	0.0	0.0	0.0	0.20333694	0.2681926	0.0	0.0	0.0	0.0	0.0	0.0	0.2633969	0.16170397	0.0	0.0	0.15076137	0.0	0.0	0.0	0.362612	0.13671361	0.18525939	0.01828404	0.0	0.0	0.036152214	0.21191625	0.2710766	0.15297079	0.0	0.0	0.0	0.0	0.0	0.0	0.02208148	0.0	0.26525438	0.0	0.0	0.0	0.0	0.0
0.0	0.1319916	0.0	0.4909415	0.0	0.0	0.15216154	0.0	0.0	0.0	0.0	0.0	0.0	0.0	0.355137	0.10621688	0.4191742	0.0	0.3492005	0.0	0.0	0.20265906	0.0	0.0	0.0	0.2714558	0.0	0.0	0.0	0.0	0.16900186	0.0	0.28256735	0.0	0.0	0.0	0.0	0.0	0.0	0.0	0.17245592	0.0	0.0	0.0	0.1900266	0.0	0.28122747	0.0	0.10257682	0.0	0.009658035	0.0	0.0	0.0	0.0	0.0	0.0	0.0	0.0	0.17896573	0.31402147	0.13816458	0.0	0.0	0.0	0.0	0.30114275	0.0	0.0	0.27839136	0.0	0.0	0.0	0.0	0.0	0.2651447	0.0	0.07046019	0.058908585	0.0	0.0	0.075404264	0.2825547	0.0	0.2367872	0.0	0.0	0.0	0.20096119	0.2762054	0.0	0.0	0.0	0.0	0.0	0.0	0.25279352	0.17397921	0.0	0.0	0.14330475	0.0	0.0	0.0	0.36239633	0.13736202	0.19403566	0.04623139	0.0	0.0	0.06674718	0.20885165	0.22652967	0.13764584	0.0	0.0	0.0	0.0	0.0	0.0	0.02107971	0.0	0.26540437	0.0	0.0	0.0	0.0	0.0
0.0	0.12980948	0.0	0.50389534	0.0	0.0	0.15692241	0.0	0.0	0.0	0.0	0.0	0.0	0.0	0.32859698	0.12185407	0.43383113	0.0	0.3383275	0.0	0.0	0.21388757	0.0	0.0	0.0	0.25870737	0.0	0.0	0.0	0.0	0.17507833	0.0	0.2685839	0.0	0.0	0.0	0.0	0.0	0.0	0.0	0.16314329	0.0	0.0	0.0	0.18299097	0.0	0.29046422	0.0	0.11742097	0.0	0.012676402	0.0	0.0	0.0	0.0	0.0	0.0	0.0	0.0	0.18260431	0.32068238	0.1305877	0.0	0.0	0.0	0.0	0.30422607	0.0	0.0	0.27963117	0.0	0.0	0.0	0.0	0.0	0.2601948	0.0	0.06646405	0.07271484	0.0	0.0	0.08811853	0.28372195	0.0	0.21864371	0.0	0.0	0.0	0.19999504	0.2606014	0.0	0.0	0.0	0.0	0.0	0.0	0.25863135	0.176358	0.0	0.0	0.14988977	0.0	0.0	0.0	0.35663843	0.14304827	0.19151868	0.044374198	0.0	0.0	0.05986118	0.20869417	0.23807509	0.14053394	0.0	0.0	0.0	0.0	0.0	0.0	0.020507654	0.0	0.2596083	0.0	0.0	0.0	0.0	0.0
0.0	0.13812207	0.0	0.4796681	0.0	0.0	0.16228281	0.0	0.0	0.0	0.0	0.0	0.0	0.0	0.32586607	0.114795744	0.42094734	0.0	0.34327582	0.0	0.0	0.20210798	0.0	0.0	0.0	0.25911176	0.0	0.0	0.0	0.0	0.17082494	0.0	0.26808524	0.0	0.0	0.0	0.0	0.0	0.0	0.0	0.17196776	0.0	0.0	0.0	0.18879163	0.0	0.27733794	0.0	0.10742322	0.0	0.009729995	0.0	0.0	0.0	0.0	0.0	0.0	0.0	0.0	0.18239914	0.30987066	0.12980779	0.0	0.0	0.0	0.0	0.29282928	0.0	0.0	0.2681168	0.0	0.0	0.0	0.0	0.0	0.24546991	0.0	0.073858395	0.0667896	0.0	0.0	0.0759468	0.28794852	0.0	0.21669066	0.0	0.0	0.0	0.20612688	0.25808805	0.0	0.0	0.0	0.0	0.0	0.0	0.24192582	0.17788641	0.0	0.0	0.13528517	0.0	0.0	0.0	0.348982	0.13659817	0.19305204	0.0552012	0.0	0.0	0.06824293	0.21653534	0.23265742	0.1387028	0.0	0.0	0.0	0.0	0.0	0.0	0.019817932	0.0	0.25507453	0.0	0.0	0.0	0.0	0.0
0.0	0.13451828	0.0	0.4798809	0.00063409965	0.0	0.15927751	0.0	0.0	0.0	0.0	0.0	0.0	0.0	0.3223481	0.1093739	0.41962528	0.0	0.34090075	0.0	0.0	0.19945969	0.0	0.0	0.0	0.2579062	0.0	0.0	0.0	0.0	0.169694	0.0	0.26500547	0.0	0.0	0.0	0.0	0.0	0.0	0.0	0.16990858	0.0	0.0	0.0	0.18694972	0.0	0.2740036	0.0	0.106094636	0.0	0.011011769	0.0	0.0	0.0	0.0	0.0	0.0	0.0	0.0	0.18034214	0.3114194	0.12734096	0.0	0.0	0.0	0.0	0.29128394	0.0	0.0	0.26728538	0.0	0.0	0.0	0.0	0.0	0.24415652	0.0	0.07346818	0.06700646	0.0	0.0	0.0759928	0.28103328	0.0	0.21666944	0.0	0.0	0.0	0.20168816	0.2582722	0.0	0.0	0.0	0.0	0.0	0.0	0.24455021	0.1775875	0.0	0.0	0.13641715	0.0	0.0	0.0	0.34781158	0.1378366	0.18616213	0.052244004	0.0021958267	0.0	0.06638401	0.20903808	0.22867113	0.13848175	0.0	0.0	0.0	0.0	0.0	0.0	0.021750748	0.0	0.2560924	0.0	0.0	0.0	0.0	0.0
0.0	0.11293891	0.0	0.57604724	0.0	0.0	0.15926626	0.0	0.0	0.0	0.0	0.0	0.0	0.0	0.3731672	0.15892242	0.4861265	0.0	0.35632244	0.0	0.0	0.22731693	0.0	0.0	0.0	0.2605128	0.0	0.0	0.0	0.0	0.20134242	0.0	0.30014506	0.0	0.0	0.0	0.0	0.0	0.0	0.0	0.13030727	0.0	0.0	0.0	0.20802848	0.0	0.3424696	0.0	0.105257414	0.0	0.0084900325	0.0	0.0	0.0	0.0	0.0	0.0	0.0	0.0	0.15984593	0.35897493	0.13619177	0.0	0.0	0.0	0.0	0.36903188	0.0	0.0	0.31188664	0.0	0.0	0.0	0.0	0.0	0.29336396	0.0	0.048526004	0.063499995	0.0	0.0	0.12368151	0.26846346	0.0	0.22359417	0.0	0.0	0.0	0.20271833	0.27880445	0.0	0.0	0.0	0.0	0.0	0.0	0.24655865	0.1822349	0.0	0.0	0.19503963	0.0	0.0	0.0	0.35602632	0.1329289	0.17660749	0.023737714	0.0	0.0	0.03073365	0.16690242	0.26563126	0.16695638	0.0	0.0	0.0	0.0	0.0	0.0	0.020882541	0.0	0.28697518	0.0	0.0	0.0	0.0	0.0
0.0	0.1141699	0.0	0.51252824	0.0009593507	0.0	0.15014814	0.0	0.0	0.0	0.0	0.0	0.0	0.0	0.33466038	0.112461805	0.43405595	0.0	0.3375125	0.0	0.0	0.20396344	0.0	0.0	0.0	0.2616218	0.0	0.0	0.0	0.0	0.17582576	0.0	0.26937607	0.0	0.0	0.0	0.0	0.0	0.0	0.0	0.15934132	0.0	0.0	0.0	0.18473695	0.0	0.28954783	0.0	0.11439713	0.0	0.009408612	0.0	0.0	0.0	0.0	0.0	0.0	0.0	0.0	0.17329903	0.33113423	0.13047422	0.0	0.0	0.0	0.0	0.31049672	0.0	0.0	0.2869263	0.0	0.0	0.0	0.0	0.0	0.2663314	0.0	0.060101938	0.06348954	0.0	0.0	0.08929688	0.27600464	0.0	0.22726281	0.0	0.0	0.0	0.19278777	0.27549696	0.0	0.0	0.0	0.0	0.0	0.0	0.25653192	0.17360537	0.0	0.0	0.15461408	0.0	0.0	0.0	0.35398746	0.13476272	0.18122016	0.044643763	0.0	0.0	0.04928833	0.1901808	0.23300356	0.1423643	0.0	0.0	0.0	0.0	0.0	0.0	0.024212047	0.0	0.26981387	0.0	0.0	0.0	0.0	0.0
0.0	0.14610682	0.0	0.47174597	0.0	0.0	0.16607006	0.0	0.0	0.0	0.0	0.0	0.0	0.0	0.32826877	0.113463454	0.4171528	0.0	0.34742963	0.0	0.0	0.20017354	0.0	0.0	0.0	0.26543292	0.0	0.0	0.0	0.0	0.1717893	0.0	0.26752004	0.0	0.0	0.0	0.0	0.0	0.0	0.0	0.17275287	0.0	0.0	0.0	0.18733375	0.0	0.27848747	0.0	0.105797224	0.0	0.011187685	0.0	0.0	0.0	0.0	0.0	0.0	0.0	0.0	0.18644886	0.3057575	0.12980223	0.0	0.0	0.0	0.0	0.2912712	0.0	0.0	0.2643887	0.0	0.0	0.0	0.0	0.0	0.24197388	0.0	0.07927437	0.06503278	0.0	0.0	0.07285338	0.28673837	0.0	0.21644972	0.0	0.0	0.0	0.20586593	0.25730547	0.0	0.0	0.0	0.0	0.0	0.0	0.23819272	0.18076597	0.0	0.0	0.13470195	0.0	0.0	0.0	0.34903964	0.13857819	0.19059564	0.0577537	0.0	0.0	0.07489506	0.2215267	0.22993083	0.13956529	0.0	0.0	0.0	0.0	0.0	0.0	0.016051715	0.0	0.2522651	0.0	0.0	0.0	0.0	0.0
0.0	0.13902621	0.0	0.49098754	0.0	0.0	0.160473	0.0	0.0	0.0	0.0	0.0	0.0	0.0	0.33616778	0.121430695	0.42233944	0.0	0.34590855	0.0	0.0	0.21647938	0.0	0.0	0.0	0.26399547	0.0	0.0	0.0	0.0	0.17387366	0.0	0.28122243	0.0	0.0	0.0	0.0	0.0	0.0	0.0	0.16436	0.0	0.0	0.0	0.18927394	0.0	0.28866023	0.0	0.1084866	0.0	0.009801139	0.0	0.0	0.0	0.0	0.0	0.0	0.0	0.0	0.18608564	0.30975902	0.13007237	0.0	0.0	0.0	0.0	0.30166233	0.0	0.0	0.2779849	0.0	0.0	0.0	0.0	0.0	0.25391296	0.0	0.07341822	0.067853704	0.0	0.0	0.078391545	0.28771234	0.0	0.22491328	0.0	0.0	0.0	0.20927916	0.26520967	0.0	0.0	0.0	0.0	0.0	0.0	0.24855132	0.18126105	0.0	0.0	0.13963781	0.0	0.0	0.0	0.36041582	0.13755168	0.19739735	0.05401483	0.0	0.0	0.06855587	0.22004618	0.23538242	0.14357178	0.0	0.0	0.0	0.0	0.0	0.0	0.016255857	0.0	0.25949898	0.0	0.0	0.0	0.0	0.0
0.0	0.12342274	0.0	0.6415948	0.0	0.0	0.16271573	0.0	0.0	0.0	0.0	0.0	0.0	0.0	0.45913038	0.17242892	0.46641955	0.0	0.38430467	0.0	0.0	0.2837962	0.0	0.0	0.0	0.30168802	0.0	0.0	0.0	0.0	0.15164548	0.0	0.38045028	0.0	0.0	0.0	0.0	0.0	0.0	0.0	0.10798946	0.0	0.0	0.0	0.25675157	0.0	0.3402115	0.0	0.12179726	0.0	0.006799981	0.0	0.0	0.0	0.0	0.0	0.0	0.0	0.0	0.14825504	0.3411239	0.15831716	0.0	0.0	0.0	0.0	0.39252532	0.0	0.0	0.294238	0.0	0.0	0.0	0.0	0.0	0.33060542	0.0	0.05678871	0.05871445	0.0	0.0	0.14411004	0.32116136	0.0	0.27704468	0.0	0.0	0.0	0.19668736	0.2750655	0.0	0.0	0.0	0.0	0.0	0.0	0.28493503	0.13834429	0.0	0.0	0.13833205	0.0	0.0	0.0	0.3895812	0.11483312	0.19781749	0.0	0.0	0.0	0.018199053	0.22061718	0.30347505	0.14956088	0.0	0.0	0.0	0.0	0.0	0.0	0.02850177	0.0	0.2829133	0.0	0.0	0.0	0.0	0.0
0.0	0.14298953	0.0	0.4767487	0.0	0.0	0.17100908	0.0	0.0	0.0	0.0	0.0	0.0	0.0	0.32436386	0.11586874	0.41807833	0.0	0.34303513	0.0	0.0	0.20510213	0.0	0.0	0.0	0.26357543	0.0	0.0	0.0	0.0	0.17478825	0.0	0.26998505	0.0	0.0	0.0	0.0	0.0	0.0	0.0	0.16820657	0.0	0.0	0.0	0.18936563	0.0	0.28388575	0.0	0.1041759	0.0	0.010429997	0.0	0.0	0.0	0.0	0.0	0.0	0.0	0.0	0.18929736	0.3070731	0.12747973	0.0	0.0	0.0	0.0	0.29403123	0.0	0.0	0.2662358	0.0	0.0	0.0	0.0	0.0	0.24139106	0.0	0.08063024	0.064001925	0.0	0.0	0.07276373	0.28063437	0.0	0.21390001	0.0	0.0	0.0	0.20570399	0.258751	0.0	0.0	0.0	0.0	0.0	0.0	0.23490004	0.18176205	0.0	0.0	0.13528028	0.0	0.0	0.0	0.3471104	0.13367535	0.18690099	0.06176187	0.0	0.0	0.07461742	0.22061305	0.2304701	0.14267589	0.0	0.0	0.0	0.0	0.0	0.0	0.013404918	0.0	0.2512188	0.0	0.0	0.0	0.0	0.0
0.0	0.12926152	0.0	0.5136521	0.0	0.0	0.15726808	0.0	0.0	0.0	0.0	0.0	0.0	0.0	0.35892054	0.12921262	0.43188003	0.0	0.3507087	0.0	0.0	0.22381155	0.0	0.0	0.0	0.26762828	0.0	0.0	0.0	0.0	0.1704595	0.0	0.2949709	0.0	0.0	0.0	0.0	0.0	0.0	0.0	0.15795788	0.0	0.0	0.0	0.19843562	0.0	0.29705766	0.0	0.11277472	0.0	0.00882699	0.0	0.0	0.0	0.0	0.0	0.0	0.0	0.0	0.18249421	0.32113454	0.13888085	0.0	0.0	0.0	0.0	0.313808	0.0	0.0	0.2831994	0.0	0.0	0.0	0.0	0.0	0.26943517	0.0	0.06795091	0.06658987	0.0	0.0	0.08746141	0.29761648	0.0	0.23540272	0.0	0.0	0.0	0.21153806	0.27011898	0.0	0.0	0.0	0.0	0.0	0.0	0.25444606	0.17121828	0.0	0.0	0.14333399	0.0	0.0	0.0	0.3673309	0.13562429	0.19944556	0.043870762	0.0	0.0	0.062073354	0.21613342	0.24672447	0.14126042	0.0	0.0	0.0	0.0	0.0	0.0	0.020429393	0.0	0.26512903	0.0	0.0	0.0	0.0	0.0
0.0	0.11530437	0.0	0.5608704	0.0	0.0	0.15593341	0.0	0.0	0.0	0.0	0.0	0.0	0.0	0.39938033	0.13378616	0.44359067	0.0	0.34814748	0.0	0.0	0.25220272	0.0	0.0	0.0	0.2738399	0.0	0.0	0.0	0.0	0.16379513	0.0	0.332265	0.0	0.0	0.0	0.0	0.0	0.0	0.0	0.14431354	0.0	0.0	0.0	0.22121048	0.0	0.30514607	0.0	0.121341236	0.0	0.0056631262	0.0	0.0	0.0	0.0	0.0	0.0	0.0	0.0	0.179551	0.32847235	0.15518542	0.0	0.0	0.0	0.0	0.3343195	0.0	0.0	0.29937658	0.0	0.0	0.0	0.0	0.0	0.31054258	0.0	0.0642852	0.059433762	0.0	0.0	0.098267116	0.32696906	0.0	0.25531936	0.0	0.0	0.0	0.21594769	0.28366172	0.0	0.0	0.0	0.0	0.0	0.0	0.26695034	0.1571218	0.0	0.0	0.12737928	0.0	0.0	0.0	0.39095378	0.11258323	0.21096766	0.03364046	0.0	0.0	0.05545556	0.22730678	0.2642102	0.1470514	0.0	0.0	0.0	0.0	0.0	0.0	0.024017746	0.0	0.2894762	0.0	0.0	0.0	0.0	0.0
0.0	0.14444448	0.0	0.50713855	0.0	0.0	0.16538465	0.0	0.0	0.0	0.0	0.0	0.0	0.0	0.36646053	0.11535416	0.4251473	0.0	0.3353734	0.0	0.0	0.24012904	0.0	0.0	0.0	0.2678006	0.0	0.0	0.0	0.0	0.16362694	0.0	0.29583946	0.0	0.0	0.0	0.0	0.0	0.0	0.0	0.17862725	0.0	0.0	0.0	0.18753493	0.0	0.27351895	0.0	0.12891872	0.0	0.00656754	0.0	0.0	0.0	0.0	0.0	0.0	0.0	0.0	0.19272214	0.30315936	0.15258642	0.0	0.0	0.0	0.0	0.28812227	0.0	0.0	0.28418013	0.0	0.0	0.0	0.0	0.0	0.2911905	0.0	0.07920968	0.072361074	0.0	0.0	0.06632494	0.33008066	0.0	0.2450933	0.0	0.0	0.0	0.21448864	0.2756691	0.0	0.0	0.0	0.0	0.0	0.0	0.26594537	0.17542714	0.0	0.0	0.1205853	0.0	0.0	0.0	0.39096722	0.12133404	0.23484917	0.051472325	0.0	0.0	0.08705231	0.24831323	0.24014147	0.13687854	0.0	0.0	0.0	0.0	0.0	0.0	0.014893852	0.0	0.27520528	0.0	0.0	0.0	0.0	0.0
0.0	0.14671609	0.0	0.49058172	0.0	0.0	0.16776986	0.0	0.0	0.0	0.0	0.0	0.0	0.0	0.357013	0.11562669	0.4196413	0.0	0.34069595	0.0	0.0	0.22722404	0.0	0.0	0.0	0.266283	0.0	0.0	0.0	0.0	0.16493401	0.0	0.28959897	0.0	0.0	0.0	0.0	0.0	0.0	0.0	0.1842627	0.0	0.0	0.0	0.18993706	0.0	0.27305388	0.0	0.118766345	0.0	0.0064955056	0.0	0.0	0.0	0.0	0.0	0.0	0.0	0.0	0.19245629	0.2985938	0.14597847	0.0	0.0	0.0	0.0	0.28430292	0.0	0.0	0.27703467	0.0	0.0	0.0	0.0	0.0	0.27200735	0.0	0.08292682	0.07002394	0.0	0.0	0.06527317	0.32067025	0.0	0.23691411	0.0	0.0	0.0	0.21854913	0.26854682	0.0	0.0	0.0	0.0	0.0	0.0	0.25161937	0.17899223	0.0	0.0	0.12044192	0.0	0.0	0.0	0.37850347	0.12284931	0.22439812	0.0573588	0.0	0.0	0.08855998	0.24579203	0.23896538	0.13912874	0.0	0.0	0.0	0.0	0.0	0.0	0.013647986	0.0	0.2675777	0.0	0.0	0.0	0.0	0.0
0.0	0.13059211	0.0	0.50124615	0.0	0.0	0.16130655	0.0	0.0	0.0	0.0	0.0	0.0	0.0	0.33916938	0.11574743	0.4294978	0.0	0.3392726	0.0	0.0	0.21533602	0.0	0.0	0.0	0.26409087	0.0	0.0	0.0	0.0	0.17473252	0.0	0.27441868	0.0	0.0	0.0	0.0	0.0	0.0	0.0	0.16656362	0.0	0.0	0.0	0.18572162	0.0	0.28665653	0.0	0.113713115	0.0	0.00990209	0.0	0.0	0.0	0.0	0.0	0.0	0.0	0.0	0.1851262	0.31724417	0.13162579	0.0	0.0	0.0	0.0	0.30414894	0.0	0.0	0.28205505	0.0	0.0	0.0	0.0	0.0	0.2657182	0.0	0.071031205	0.0673934	0.0	0.0	0.08131716	0.28739503	0.0	0.22840913	0.0	0.0	0.0	0.2017079	0.2712546	0.0	0.0	0.0	0.0	0.0	0.0	0.2568543	0.17667861	0.0	0.0	0.14204787	0.0	0.0	0.0	0.36071315	0.13157332	0.19506459	0.048771154	0.0	0.0	0.06593912	0.21095689	0.2349598	0.14552286	0.0	0.0	0.0	0.0	0.0	0.0	0.019185357	0.0	0.26349077	0.0	0.0	0.0	0.0	0.0
0.0	0.13607228	0.0	0.4972913	0.0	0.0	0.15837528	0.0	0.0	0.0	0.0	0.0	0.0	0.0	0.345999	0.11513025	0.42190614	0.0	0.34008685	0.0	0.0	0.218664	0.0	0.0	0.0	0.26600918	0.0	0.0	0.0	0.0	0.16902272	0.0	0.2819098	0.0	0.0	0.0	0.0	0.0	0.0	0.0	0.1728702	0.0	0.0	0.0	0.19016862	0.0	0.27981436	0.0	0.11230501	0.0	0.010401707	0.0	0.0	0.0	0.0	0.0	0.0	0.0	0.0	0.18188955	0.31188348	0.13752168	0.0	0.0	0.0	0.0	0.2979906	0.0	0.0	0.28068766	0.0	0.0	0.0	0.0	0.0	0.2678858	0.0	0.073012955	0.06831177	0.0	0.0	0.071617976	0.29895043	0.0	0.23655003	0.0	0.0	0.0	0.21077834	0.27396566	0.0	0.0	0.0	0.0	0.0	0.0	0.25481704	0.17472313	0.0	0.0	0.1357976	0.0	0.0	0.0	0.36934388	0.13169642	0.2042612	0.050314233	0.0	0.0	0.07643736	0.2220576	0.23491822	0.14177349	0.0	0.0	0.0	0.0	0.0	0.0	0.018966818	0.0	0.26715782	0.0	0.0	0.0	0.0	0.0
0.0	0.14369327	0.0	0.4867147	0.0	0.0	0.17003135	0.0	0.0	0.0	0.0	0.0	0.0	0.0	0.35165453	0.11795492	0.4279709	0.0	0.33511508	0.0	0.0	0.23572959	0.0	0.0	0.0	0.25575653	0.0	0.0	0.0	0.0	0.16311692	0.0	0.2873661	0.0	0.0	0.0	0.0	0.0	0.0	0.0	0.17804192	0.0	0.0	0.0	0.18704234	0.0	0.27767107	0.0	0.121144325	0.0	0.0027021144	0.0	0.0	0.0	0.0	0.0	0.0	0.0	0.0	0.19724427	0.2940292	0.14651512	0.0	0.0	0.0	0.0	0.294126	0.0	0.0	0.28436196	0.0	0.0	0.0	0.0	0.0	0.27807903	0.0	0.07908138	0.06974036	0.0	0.0	0.062490743	0.3220518	0.0	0.23318131	0.0	0.0	0.0	0.22692947	0.26285437	0.0	0.0	0.0	0.0	0.0	0.0	0.2492048	0.183442	0.0	0.0	0.13157229	0.0	0.0	0.0	0.38384786	0.13089705	0.23838784	0.0616746	0.0	0.0	0.091803946	0.24299784	0.24268912	0.14525501	0.0	0.0	0.0	0.0	0.0	0.0	0.0075627225	0.0	0.26825434	0.0	0.0	0.0	0.0	0.0
0.0	0.13773407	0.0	0.5015125	0.0	0.0	0.16346462	0.0	0.0	0.0	0.0	0.0	0.0	0.0	0.35396326	0.13059579	0.42522016	0.0	0.35295054	0.0	0.0	0.22030745	0.0	0.0	0.0	0.26505348	0.0	0.0	0.0	0.0	0.16960382	0.0	0.2922183	0.0	0.0	0.0	0.0	0.0	0.0	0.0	0.1603282	0.0	0.0	0.0	0.20014687	0.0	0.2925665	0.0	0.10948341	0.0	0.008362292	0.0	0.0	0.0	0.0	0.0	0.0	0.0	0.0	0.18803263	0.31217024	0.13585629	0.0	0.0	0.0	0.0	0.30958414	0.0	0.0	0.2780122	0.0	0.0	0.0	0.0	0.0	0.262029	0.0	0.07575107	0.066133305	0.0	0.0	0.08210959	0.2978438	0.0	0.23133893	0.0	0.0	0.0	0.21493511	0.2662386	0.0	0.0	0.0	0.0	0.0	0.0	0.24610086	0.17467828	0.0	0.0	0.13805984	0.0	0.0	0.0	0.36317912	0.13320164	0.201411	0.05138996	0.0	0.0	0.06961613	0.22595884	0.24672656	0.14550547	0.0	0.0	0.0	0.0	0.0	0.0	0.017126774	0.0	0.26170325	0.0	0.0	0.0	0.0	0.0
0.0	0.116838254	0.0	0.5113031	0.00033049317	0.0	0.15133704	0.0	0.0	0.0	0.0	0.0	0.0	0.0	0.3311688	0.114128806	0.43806934	0.0	0.33949944	0.0	0.0	0.20761053	0.0	0.0	0.0	0.2647932	0.0	0.0	0.0	0.0	0.17532082	0.0	0.26595962	0.0	0.0	0.0	0.0	0.0	0.0	0.0	0.15516652	0.0	0.0	0.0	0.1841145	0.0	0.28886807	0.0	0.114424266	0.0	0.012617202	0.0	0.0	0.0	0.0	0.0	0.0	0.0	0.0	0.17455572	0.32669482	0.13037644	0.0	0.0	0.0	0.0	0.31635818	0.0	0.0	0.28820065	0.0	0.0	0.0	0.0	0.0	0.26667157	0.0	0.061668526	0.06448249	0.0	0.0	0.09374104	0.27120668	0.0	0.22555862	0.0	0.0	0.0	0.1899486	0.27302322	0.0	0.0	0.0	0.0	0.0	0.0	0.25986162	0.17753296	0.0	0.0	0.15625145	0.0	0.0	0.0	0.3509232	0.13707693	0.17931308	0.03888632	0.0	0.0	0.05087631	0.18974157	0.22980787	0.14734375	0.0	0.0	0.0	0.0	0.0	0.0	0.021446837	0.0	0.26415148	0.0	0.0	0.0	0.0	0.0
0.0	0.117113404	0.0	0.5030613	0.0017352585	0.0	0.14817892	0.0	0.0	0.0	0.0	0.0	0.0	0.0	0.33880535	0.10089571	0.41972342	0.0	0.33583924	0.0	0.0	0.20701392	0.0	0.0	0.0	0.2613419	0.0	0.0	0.0	0.0	0.16314436	0.0	0.27557477	0.0	0.0	0.0	0.0	0.0	0.0	0.0	0.16720049	0.0	0.0	0.0	0.18990405	0.0	0.26621658	0.0	0.11156142	0.0	0.0074949325	0.0	0.0	0.0	0.0	0.0	0.0	0.0	0.0	0.18195266	0.32446757	0.13336034	0.0	0.0	0.0	0.0	0.30543014	0.0	0.0	0.28179172	0.0	0.0	0.0	0.0	0.0	0.2702353	0.0	0.0719404	0.061475147	0.0	0.0	0.07594968	0.28225902	0.0	0.23146988	0.0	0.0	0.0	0.19180275	0.2792901	0.0	0.0	0.0	0.0	0.0	0.0	0.26631355	0.16186757	0.0	0.0	0.137497	0.0	0.0	0.0	0.36098072	0.13798015	0.18814373	0.04298265	0.00028769052	0.0	0.06940489	0.19611025	0.21920341	0.1345754	0.0	0.0	0.0	0.0	0.0	0.0	0.027450277	0.0	0.2731354	0.0	0.0	0.0	0.0	0.0
0.0	0.15070559	0.0	0.47121653	0.0	0.0	0.1691525	0.0	0.0	0.0	0.0	0.0	0.0	0.0	0.34818876	0.11316901	0.40620375	0.0	0.34154466	0.0	0.0	0.21756065	0.0	0.0	0.0	0.2603065	0.0	0.0	0.0	0.0	0.15870485	0.0	0.28859267	0.0	0.0	0.0	0.0	0.0	0.0	0.0	0.18737161	0.0	0.0	0.0	0.1952293	0.0	0.26137397	0.0	0.11394786	0.0	0.005560962	0.0	0.0	0.0	0.0	0.0	0.0	0.0	0.0	0.19665508	0.2966026	0.14462774	0.0	0.0	0.0	0.0	0.27443668	0.0	0.0	0.26835337	0.0	0.0	0.0	0.0	0.0	0.26317978	0.0	0.08976591	0.06677476	0.0	0.0	0.05537033	0.3266178	0.0	0.23327272	0.0	0.0	0.0	0.22362345	0.2661021	0.0	0.0	0.0	0.0	0.0	0.0	0.2477082	0.17163439	0.0	0.0	0.112408526	0.0	0.0	0.0	0.37737677	0.12718827	0.22493386	0.06675097	0.0	0.0	0.09957101	0.24694788	0.23161201	0.13197869	0.0	0.0	0.0	0.0	0.0	0.0	0.018106917	0.0	0.2674009	0.0	0.0	0.0	0.0	0.0
0.0	0.13606273	0.0	0.50965524	0.0	0.0	0.15958935	0.0	0.0	0.0	0.0	0.0	0.0	0.0	0.35615158	0.1198492	0.42531252	0.0	0.336983	0.0	0.0	0.23747437	0.0	0.0	0.0	0.25748253	0.0	0.0	0.0	0.0	0.16408221	0.0	0.29733172	0.0	0.0	0.0	0.0	0.0	0.0	0.0	0.16794169	0.0	0.0	0.0	0.19583239	0.0	0.27983478	0.0	0.123511605	0.0	0.006585995	0.0	0.0	0.0	0.0	0.0	0.0	0.0	0.0	0.18851368	0.31115365	0.14288308	0.0	0.0	0.0	0.0	0.29698142	0.0	0.0	0.2858726	0.0	0.0	0.0	0.0	0.0	0.2779046	0.0	0.07528619	0.06936603	0.0	0.0	0.074616425	0.3163256	0.0	0.24193032	0.0	0.0	0.0	0.21798392	0.27695605	0.0	0.0	0.0	0.0	0.0	0.0	0.26694065	0.1664703	0.0	0.0	0.12423136	0.0	0.0	0.0	0.3858538	0.12834705	0.218453	0.051133785	0.0	0.0	0.08269254	0.23109026	0.24188964	0.13557298	0.0	0.0	0.0	0.0	0.0	0.0	0.019589605	0.0	0.2751762	0.0	0.0	0.0	0.0	0.0
0.0	0.14832564	0.0	0.49735835	0.0	0.0	0.16935141	0.0	0.0	0.0	0.0	0.0	0.0	0.0	0.36815763	0.11326367	0.41178074	0.0	0.3328139	0.0	0.0	0.23708475	0.0	0.0	0.0	0.26064965	0.0	0.0	0.0	0.0	0.15070851	0.0	0.3031036	0.0	0.0	0.0	0.0	0.0	0.0	0.0	0.18532063	0.0	0.0	0.0	0.196662	0.0	0.25616246	0.0	0.12548316	0.0	0.0020828769	0.0	0.0	0.0	0.0	0.0	0.0	0.0	0.0	0.201059	0.29627857	0.15379444	0.0	0.0	0.0	0.0	0.27736756	0.0	0.0	0.279914	0.0	0.0	0.0	0.0	0.0	0.28995886	0.0	0.08905003	0.06887784	0.0	0.0	0.056446847	0.34762284	0.0	0.24811582	0.0	0.0	0.0	0.22454183	0.27811256	0.0	0.0	0.0	0.0	0.0	0.0	0.261426	0.1630866	0.0	0.0	0.10242179	0.0	0.0	0.0	0.3977236	0.11937195	0.2439599	0.0569806	0.0	0.0	0.10675499	0.25752237	0.2381295	0.1322372	0.0	0.0	0.0	0.0	0.0	0.0	0.019162854	0.0	0.28248894	0.0	0.0	0.0	0.0	0.0
0.0	0.13903622	0.0	0.561421	0.0	0.0	0.16409586	0.0	0.0	0.0	0.0	0.0	0.0	0.0	0.395499	0.14370029	0.43468234	0.0	0.35964885	0.0	0.0	0.257299	0.0	0.0	0.0	0.27744508	0.0	0.0	0.0	0.0	0.15305156	0.0	0.34175572	0.0	0.0	0.0	0.0	0.0	0.0	0.0	0.13711013	0.0	0.0	0.0	0.22428541	0.0	0.29445592	0.0	0.12281319	0.0	0.0058345743	0.0	0.0	0.0	0.0	0.0	0.0	0.0	0.0	0.18488853	0.31732228	0.1517759	0.0	0.0	0.0	0.0	0.33576122	0.0	0.0	0.2871714	0.0	0.0	0.0	0.0	0.0	0.30275413	0.0	0.075736746	0.06678272	0.0	0.0	0.10408562	0.3248286	0.0	0.2537812	0.0	0.0	0.0	0.21308468	0.2728934	0.0	0.0	0.0	0.0	0.0	0.0	0.27219322	0.15464486	0.0	0.0	0.11736512	0.0	0.0	0.0	0.39050886	0.12183546	0.21755373	0.026807785	0.0	0.0	0.06138514	0.2381232	0.26465157	0.14625154	0.0	0.0	0.0	0.0	0.0	0.0	0.0216527	0.0	0.27791217	0.0	0.0	0.0	0.0	0.0
0.0	0.11633261	0.0	0.56232214	0.0	0.0	0.14842167	0.0	0.0	0.0	0.0	0.0	0.0	0.0	0.38581887	0.1357169	0.4411408	0.0	0.35503066	0.0	0.0	0.24553578	0.0	0.0	0.0	0.27006382	0.0	0.0	0.0	0.0	0.1612523	0.0	0.33084592	0.0	0.0	0.0	0.0	0.0	0.0	0.0	0.14669746	0.0	0.0	0.0	0.22084616	0.0	0.29873595	0.0	0.118219696	0.0	0.0057714717	0.0	0.0	0.0	0.0	0.0	0.0	0.0	0.0	0.18155265	0.33263063	0.14100358	0.0	0.0	0.0	0.0	0.34034228	0.0	0.0	0.29866454	0.0	0.0	0.0	0.0	0.0	0.29746363	0.0	0.06493646	0.06365726	0.0	0.0	0.100074254	0.30738524	0.0	0.25016093	0.0	0.0	0.0	0.20668508	0.27945498	0.0	0.0	0.0	0.0	0.0	0.0	0.278507	0.15250377	0.0	0.004636144	0.13524689	0.0	0.0	0.0	0.37918416	0.13478614	0.2053936	0.023310088	0.0	0.0	0.05556405	0.21201307	0.2599116	0.14395492	0.0	0.0	0.0	0.0	0.0	0.0	0.03011741	0.0	0.28661588	0.0	0.0	0.0	0.0	0.0
0.0	0.15290567	0.0	0.52488476	0.0	0.0	0.16634454	0.0	0.0	0.0	0.0	0.0	0.0	0.0	0.39423397	0.13475157	0.41746387	0.0	0.35402575	0.0	0.0	0.24685411	0.0	0.0	0.0	0.27036425	0.0	0.0	0.0	0.0	0.15058343	0.0	0.33419085	0.0	0.0	0.0	0.0	0.0	0.0	0.0	0.16406175	0.0	0.0	0.0	0.21598494	0.0	0.2721436	0.0	0.12344185	0.0	0.0060327617	0.0	0.0	0.0	0.0	0.0	0.0	0.0	0.0	0.19100873	0.29946002	0.15301995	0.0	0.0	0.0	0.0	0.31036922	0.0	0.0	0.27962655	0.0	0.0	0.0	0.0	0.0	0.30044386	0.0	0.084242284	0.067084394	0.0	0.0	0.073576115	0.34605333	0.0	0.25383702	0.0	0.0	0.0	0.22508544	0.27114162	0.0	0.0	0.0	0.0	0.0	0.0	0.26390097	0.161124	0.0	0.0	0.10928917	0.0	0.0	0.0	0.39899135	0.12362795	0.24103974	0.044507653	0.0	0.0	0.08358499	0.2592131	0.25421456	0.14291365	0.0	0.0	0.0	0.0	0.0	0.0	0.020103289	0.0	0.27930662	0.0	0.0	0.0	0.0	0.0
0.0	0.15629815	0.0	0.5691121	0.0	0.0	0.1751715	0.0	0.0	0.0	0.0	0.0	0.0	0.0	0.42506897	0.15183674	0.435532	0.0	0.3755951	0.0	0.0	0.26494816	0.0	0.0	0.0	0.28511402	0.0	0.0	0.0	0.0	0.14740972	0.0	0.35942087	0.0	0.0	0.0	0.0	0.0	0.0	0.0	0.13289768	0.0	0.0	0.0	0.23482263	0.0	0.3010074	0.0	0.11964346	0.0	0.0034453522	0.0	0.0	0.0	0.0	0.0	0.0	0.0	0.0	0.17650521	0.31126723	0.15931581	0.0	0.0	0.0	0.0	0.3369316	0.0	0.0	0.27783772	0.0	0.0	0.0	0.0	0.0	0.30776495	0.0	0.08136644	0.06698095	0.0	0.0	0.10019482	0.3420521	0.0	0.2607018	0.0	0.0	0.0	0.2199028	0.26462016	0.0	0.0	0.0	0.0	0.0	0.0	0.26825413	0.15159099	0.0	0.0	0.1149142	0.0	0.0	0.0	0.3961289	0.12015102	0.22872102	0.018448865	0.0	0.0	0.065112494	0.25813034	0.28203762	0.14136893	0.0	0.0	0.0	0.0	0.0	0.0	0.023140593	0.0	0.27254382	0.0	0.0	0.0	0.0	0.0
0.0	0.14787848	0.0	0.4860359	0.0	0.0	0.16760683	0.0	0.0	0.0	0.0	0.0	0.0	0.0	0.34739634	0.119583845	0.41320515	0.0	0.33892146	0.0	0.0	0.22486849	0.0	0.0	0.0	0.25717866	0.0	0.0	0.0	0.0	0.16267982	0.0	0.29352283	0.0	0.0	0.0	0.0	0.0	0.0	0.0	0.17785405	0.0	0.0	0.0	0.19726007	0.0	0.27256072	0.0	0.11626074	0.0	0.003402122	0.0	0.0	0.0	0.0	0.0	0.0	0.0	0.0	0.19192505	0.30105242	0.14178844	0.0	0.0	0.0	0.0	0.28246891	0.0	0.0	0.2726903	0.0	0.0	0.0	0.0	0.0	0.26401696	0.0	0.08263976	0.06583795	0.0	0.0	0.063801765	0.3213298	0.0	0.2362597	0.0	0.0	0.0	0.22628574	0.27066886	0.0	0.0	0.0	0.0	0.0	0.0	0.24983019	0.17077313	0.0	0.0	0.11734071	0.0	0.0	0.0	0.37968096	0.12656541	0.2232035	0.06411638	0.0	0.0	0.09223411	0.23929417	0.23866178	0.13532192	0.0	0.0	0.0	0.0	0.0	0.0	0.017241923	0.0	0.26911977	0.0	0.0	0.0	0.0	0.0
0.0	0.11104709	0.0	0.564682	0.0	0.0	0.14687341	0.0	0.0	0.0	0.0	0.0	0.0	0.0	0.3811749	0.1394641	0.44154134	0.0	0.35841224	0.0	0.0	0.24020003	0.0	0.0	0.0	0.27041817	0.0	0.0	0.0	0.0	0.16377808	0.0	0.32387635	0.0	0.0	0.0	0.0	0.0	0.0	0.0	0.13542502	0.0	0.0	0.0	0.22120391	0.0	0.30426076	0.0	0.11594299	0.0	0.004799919	0.0	0.0	0.0	0.0	0.0	0.0	0.0	0.0	0.17732252	0.34317267	0.1395176	0.0	0.0	0.0	0.0	0.34964728	0.0	0.0	0.29618242	0.0	0.0	0.0	0.0	0.0	0.29542902	0.0	0.061595265	0.06044215	0.0	0.0	0.10840037	0.29075846	0.0	0.24819188	0.0	0.0	0.0	0.20716296	0.28376904	0.0	0.0	0.0	0.0	0.0	0.0	0.28055182	0.14965768	0.0	0.0010132206	0.14673616	0.0	0.0	0.0	0.37271652	0.1336741	0.18731654	0.021791527	0.0	0.0	0.05155849	0.19621582	0.25397262	0.14829801	0.0	0.0	0.0	0.0	0.0	0.0	0.029552056	0.0	0.28349498	0.0	0.0	0.0	0.0	0.0
0.0	0.102647245	0.0	0.59399974	0.0	0.0	0.15003039	0.0	0.0	0.0	0.0	0.0	0.0	0.0	0.4163662	0.15119492	0.4976244	0.0	0.3710141	0.0	0.0	0.25970045	0.0	0.0	0.0	0.2558051	0.0	0.0	0.0	0.0	0.17976476	0.0	0.346198	0.0	0.0	0.0	0.0	0.0	0.0	0.0	0.12571461	0.0	0.0	0.0	0.22075164	0.0	0.3573612	0.0	0.09778791	0.0	0.0015659978	0.0	0.0	0.0	0.0	0.0	0.0	0.0	0.0	0.13765898	0.37192547	0.14221157	0.0	0.000813175	0.0	0.0	0.37583843	0.0	0.0	0.34819984	0.0	0.0	0.0	0.0	0.0	0.319208	0.0	0.04085728	0.053151574	0.0	0.0	0.11856693	0.2932921	0.0	0.23851483	0.0	0.0	0.0	0.23644073	0.2927295	0.0	0.0	0.0	0.0	0.0	0.0	0.27749467	0.1737111	0.0	0.0	0.18470158	0.0	0.0	0.0	0.39698622	0.1580624	0.21259834	0.010890309	0.0	0.0	0.044455376	0.1601934	0.29099512	0.18432666	0.0	0.0	0.0	0.0	0.0	0.0	0.030308103	0.0	0.31318763	0.0	0.0	0.0	0.0	0.0
0.0	0.14245604	0.0	0.48140177	0.0	0.0	0.16506107	0.0	0.0	0.0	0.0	0.0	0.0	0.0	0.34559464	0.115706585	0.41546252	0.0	0.33879587	0.0	0.0	0.21975084	0.0	0.0	0.0	0.25683758	0.0	0.0	0.0	0.0	0.16385496	0.0	0.28608623	0.0	0.0	0.0	0.0	0.0	0.0	0.0	0.1801709	0.0	0.0	0.0	0.19543652	0.0	0.27061754	0.0	0.114497125	0.0	0.0046135583	0.0	0.0	0.0	0.0	0.0	0.0	0.0	0.0	0.19344568	0.30350122	0.14082704	0.0	0.0	0.0	0.0	0.28659615	0.0	0.0	0.27463046	0.0	0.0	0.0	0.0	0.0	0.2628424	0.0	0.08270948	0.06870351	0.0	0.0	0.064896286	0.3123885	0.0	0.23172462	0.0	0.0	0.0	0.21728337	0.26823524	0.0	0.0	0.0	0.0	0.0	0.0	0.25168845	0.16956627	0.0	0.0	0.12309718	0.0	0.0	0.0	0.37558517	0.1312114	0.21769057	0.060689922	0.0	0.0	0.08931329	0.23417883	0.2330194	0.13567187	0.0	0.0	0.0	0.0	0.0	0.0	0.018911066	0.0	0.26817128	0.0	0.0	0.0	0.0	0.0
0.0	0.1363055	0.0	0.5069795	0.0	0.0	0.16586101	0.0	0.0	0.0	0.0	0.0	0.0	0.0	0.3498948	0.12415316	0.4273702	0.0	0.34140345	0.0	0.0	0.23535752	0.0	0.0	0.0	0.2590175	0.0	0.0	0.0	0.0	0.16475727	0.0	0.2990015	0.0	0.0	0.0	0.0	0.0	0.0	0.0	0.16121535	0.0	0.0	0.0	0.20145881	0.0	0.28503844	0.0	0.1182889	0.0	0.0039380044	0.0	0.0	0.0	0.0	0.0	0.0	0.0	0.0	0.19058235	0.30819237	0.13531148	0.0	0.0	0.0	0.0	0.30132747	0.0	0.0	0.27995095	0.0	0.0	0.0	0.0	0.0	0.26675594	0.0	0.07524536	0.06576133	0.0	0.0	0.07618029	0.30607066	0.0	0.23659594	0.0	0.0	0.0	0.22129798	0.2704897	0.0	0.0	0.0	0.0	0.0	0.0	0.25599262	0.16900586	0.0	0.0	0.12389698	0.0	0.0	0.0	0.37553623	0.13027434	0.21371506	0.053862065	0.0	0.0	0.07883103	0.22798063	0.24374914	0.14217065	0.0	0.0	0.0	0.0	0.0	0.0	0.016972087	0.0	0.26860592	0.0	0.0	0.0	0.0	0.0
0.0	0.13555695	0.0	0.520531	0.0	0.0	0.16349371	0.0	0.0	0.0	0.0	0.0	0.0	0.0	0.35497603	0.12555236	0.42688978	0.0	0.33553264	0.0	0.0	0.23719041	0.0	0.0	0.0	0.26175308	0.0	0.0	0.0	0.0	0.1624692	0.0	0.2991285	0.0	0.0	0.0	0.0	0.0	0.0	0.0	0.16153188	0.0	0.0	0.0	0.19769692	0.0	0.28082898	0.0	0.12138603	0.0	0.0043776054	0.0	0.0	0.0	0.0	0.0	0.0	0.0	0.0	0.18961924	0.31684935	0.14110553	0.0	0.0	0.0	0.0	0.3063171	0.0	0.0	0.2886422	0.0	0.0	0.0	0.0	0.0	0.28404093	0.0	0.073950596	0.06846901	0.0	0.0	0.07919247	0.31320548	0.0	0.24273054	0.0	0.0	0.0	0.21737869	0.28043053	0.0	0.0	0.0	0.0	0.0	0.0	0.26537034	0.16299976	0.0	0.0	0.12531848	0.0	0.0	0.0	0.38078085	0.12755567	0.21449281	0.046982754	0.0	0.0	0.07900702	0.22676952	0.2427702	0.14129905	0.0	0.0	0.0	0.0	0.0	0.0	0.021478752	0.0	0.27730826	0.0	0.0	0.0	0.0	0.0
0.0	0.11820493	0.0	0.52346516	0.0	0.0	0.14993557	0.0	0.0	0.0	0.0	0.0	0.0	0.0	0.35440984	0.117978476	0.4298919	0.0	0.33795953	0.0	0.0	0.22973864	0.0	0.0	0.0	0.25794426	0.0	0.0	0.0	0.0	0.16372076	0.0	0.29575738	0.0	0.0	0.0	0.0	0.0	0.0	0.0	0.15978053	0.0	0.0	0.0	0.20044893	0.0	0.28159735	0.0	0.11809119	0.0	0.0043154866	0.0	0.0	0.0	0.0	0.0	0.0	0.0	0.0	0.18497366	0.32618248	0.13783446	0.0	0.0	0.0	0.0	0.31417415	0.0	0.0	0.2915639	0.0	0.0	0.0	0.0	0.0	0.2829082	0.0	0.06994545	0.06452221	0.0	0.0	0.08328316	0.29765266	0.0	0.24441612	0.0	0.0	0.0	0.2089556	0.28396145	0.0	0.0	0.0	0.0	0.0	0.0	0.27280587	0.16103286	0.0	0.0	0.13516064	0.0	0.0	0.0	0.37573266	0.13080485	0.20464242	0.044105113	0.0	0.0	0.07240644	0.20589216	0.23708399	0.13953014	0.0	0.0	0.0	0.0	0.0	0.0	0.025072085	0.0	0.28106424	0.0	0.0	0.0	0.0	0.0
0.0	0.114034794	0.0	0.5150137	0.0020877824	0.0	0.14514795	0.0	0.0	0.0	0.0	0.0	0.0	0.0	0.33852336	0.110371016	0.42527762	0.0	0.33162656	0.0	0.0	0.21463412	0.0	0.0	0.0	0.25387368	0.0	0.0	0.0	0.0	0.1686865	0.0	0.28236875	0.0	0.0	0.0	0.0	0.0	0.0	0.0	0.17036974	0.0019664203	0.0	0.0	0.19495682	0.0	0.27257514	0.0	0.11769298	0.0	0.005198058	0.0	0.0	0.0	0.0	0.0	0.0	0.0	0.0	0.176006	0.3291144	0.13247897	0.0	0.0	0.0	0.0	0.30836645	0.0	0.0	0.286836	0.0	0.0	0.0	0.0	0.0	0.2789968	0.0	0.063747816	0.0636065	0.0	0.0	0.07527965	0.2943615	0.0	0.23724781	0.0	0.0	0.0	0.20385925	0.28223148	0.0	0.0	0.0	0.0	0.0	0.0	0.27085695	0.1591503	0.0	0.00385081	0.13693729	0.0	0.0	0.0	0.3722585	0.13303757	0.19605015	0.04323116	0.0	0.0	0.06443676	0.19601576	0.23032664	0.13730052	0.0	0.0	0.0	0.0	0.0	0.0	0.02979496	0.0	0.28095874	0.0	0.0	0.0	0.0	0.0
0.0	0.13406502	0.0	0.50885254	0.0	0.0	0.1646844	0.0	0.0	0.0	0.0	0.0	0.0	0.0	0.3660746	0.12012572	0.4295372	0.0	0.34075162	0.0	0.0	0.23885356	0.0	0.0	0.0	0.26127374	0.0	0.0	0.0	0.0	0.1678251	0.0	0.30785465	0.0	0.0	0.0	0.0	0.0	0.0	0.0	0.16809273	0.0	0.0	0.0	0.20512386	0.0	0.28312805	0.0	0.11853087	0.0	0.0017754523	0.0	0.0	0.0	0.0	0.0	0.0	0.0	0.0	0.18385209	0.31490606	0.14499281	0.0	0.0	0.0	0.0	0.31022	0.0	0.0	0.2908049	0.0	0.0	0.0	0.0	0.0	0.2853017	0.0	0.07381619	0.06299957	0.0	0.0	0.07235909	0.32111803	0.0	0.23930924	0.0	0.0	0.0	0.23116852	0.28029695	0.0	0.0	0.0	0.0	0.0	0.0	0.26416162	0.16967134	0.0	0.0	0.12755714	0.0	0.0	0.0	0.39002582	0.12834658	0.22904123	0.05260634	0.0	0.0	0.081379645	0.22729595	0.2435611	0.14477412	0.0	0.0	0.0	0.0	0.0	0.0	0.016946891	0.0	0.2848469	0.0	0.0	0.0	0.0	0.0
0.0	0.14292404	0.0	0.48358783	0.0	0.0	0.16766922	0.0	0.0	0.0	0.0	0.0	0.0	0.0	0.34431806	0.122627534	0.41643015	0.0	0.3415954	0.0	0.0	0.21635705	0.0	0.0	0.0	0.2581336	0.0	0.0	0.0	0.0	0.1682421	0.0	0.29008356	0.0	0.0	0.0	0.0	0.0	0.0	0.0	0.18213592	0.0	0.0	0.0	0.200947	0.0	0.27508533	0.0	0.11225331	0.0	0.0031259235	0.0	0.0	0.0	0.0	0.0	0.0	0.0	0.0	0.19222486	0.3050783	0.13988627	0.0	0.0	0.0	0.0	0.28962055	0.0	0.0	0.271083	0.0	0.0	0.0	0.0	0.0	0.2596258	0.0	0.07981428	0.06440618	0.0	0.0	0.06487241	0.31850657	0.0	0.23028167	0.0	0.0	0.0	0.2257544	0.26376808	0.0	0.0	0.0	0.0	0.0	0.0	0.24097753	0.17069757	0.0	0.0	0.12150311	0.0	0.0	0.0	0.3722829	0.12648569	0.21724667	0.06307638	0.0	0.0	0.08724362	0.23583896	0.24157465	0.13803832	0.0	0.0	0.0	0.0	0.0	0.0	0.018651532	0.0	0.26528308	0.0	0.0	0.0	0.0	0.0
0.0	0.14807098	0.0	0.50018096	0.0	0.0	0.16824849	0.0	0.0	0.0	0.0	0.0	0.0	0.0	0.36652187	0.12233343	0.41694382	0.0	0.33602974	0.0	0.0	0.24674459	0.0	0.0	0.0	0.25654244	0.0	0.0	0.0	0.0	0.16051656	0.0	0.30710477	0.0	0.0	0.0	0.0	0.0	0.0	0.0	0.17398353	0.0	0.0	0.0	0.20034993	0.0	0.2751897	0.0	0.12760706	0.0	0.0016821809	0.0	0.0	0.0	0.0	0.0	0.0	0.0	0.0	0.19580108	0.29912063	0.15128699	0.0	0.0	0.0	0.0	0.2876582	0.0	0.0	0.27849072	0.0	0.0	0.0	0.0	0.0	0.28304398	0.0	0.084746204	0.06842207	0.0	0.0	0.066449896	0.33361992	0.0	0.2443425	0.0	0.0	0.0	0.2319566	0.27300087	0.0	0.0	0.0	0.0	0.0	0.0	0.26029006	0.16354395	0.0	0.0	0.11123338	0.0	0.0	0.0	0.4014492	0.11792469	0.2352925	0.059957862	0.0	0.0	0.09649161	0.25515234	0.24582519	0.13809222	0.0	0.0	0.0	0.0	0.0	0.0	0.015081753	0.0	0.27304626	0.0	0.0	0.0	0.0	0.0
0.0	0.108537935	0.0	0.5445414	0.0	0.0	0.14308427	0.0	0.0	0.0	0.0	0.0	0.0	0.0	0.37333402	0.110716105	0.43355426	0.0	0.3278224	0.0	0.0	0.24322109	0.0	0.0	0.0	0.2639935	0.0	0.0	0.0	0.0	0.1614169	0.0	0.30682948	0.0	0.0	0.0	0.0	0.0	0.0	0.0	0.16383685	0.0	0.0	0.0	0.20156108	0.0	0.2805351	0.0	0.12672463	0.0	0.0023765576	0.0	0.0	0.0	0.0	0.0	0.0	0.0	0.0	0.18672879	0.33229482	0.14795661	0.0	0.0	0.0	0.0	0.31888846	0.0	0.0	0.3078036	0.0	0.0	0.0	0.0	0.0	0.31722966	0.0	0.06346303	0.06243074	0.0	0.0	0.07709359	0.3148993	0.0	0.26633537	0.0	0.0	0.0	0.20771444	0.2991186	0.0	0.0	0.0	0.0	0.0	0.0	0.29154757	0.15522856	0.0	0.0006380963	0.13381197	0.0	0.0	0.0	0.39372495	0.12450526	0.21776462	0.03498524	0.0	0.0	0.07428374	0.20626073	0.23652942	0.13894324	0.0	0.0	0.0	0.0	0.0	0.0	0.026858853	0.0	0.300702	0.0	0.0	0.0	0.0	0.0
0.0	0.116711676	0.0	0.5054089	0.0011569908	0.0	0.14647044	0.0	0.0	0.0	0.0	0.0	0.0	0.0	0.34424078	0.10521913	0.4203054	0.0	0.3377507	0.0	0.0	0.20737381	0.0	0.0	0.0	0.25947124	0.0	0.0	0.0	0.0	0.16455458	0.0	0.28341773	0.0	0.0	0.0	0.0	0.0	0.0	0.0	0.16967149	0.0	0.0	0.0	0.19559388	0.0	0.26885185	0.0	0.11118848	0.0	0.0060997643	0.0	0.0	0.0	0.0	0.0	0.0	0.0	0.0	0.18027215	0.3265343	0.13700914	0.0	0.0	0.0	0.0	0.30315474	0.0	0.0	0.28378996	0.0	0.0	0.0	0.0	0.0	0.27391994	0.0	0.069706924	0.060076114	0.0	0.0	0.07501867	0.29286763	0.0	0.2357021	0.0	0.0	0.0	0.20007487	0.2813016	0.0	0.0	0.0	0.0	0.0	0.0	0.26379353	0.16224058	0.0	0.0	0.13504946	0.0	0.0	0.0	0.3650789	0.13242702	0.1950205	0.04581741	0.0	0.0	0.06927229	0.20004755	0.22485988	0.1346026	0.0	0.0	0.0	0.0	0.0	0.0	0.029388646	0.0	0.27832544	0.0	0.0	0.0	0.0	0.0
0.0	0.14948003	0.0	0.5012185	0.0	0.0	0.16671689	0.0	0.0	0.0	0.0	0.0	0.0	0.0	0.36218968	0.123498596	0.41843247	0.0	0.34042987	0.0	0.0	0.23688109	0.0	0.0	0.0	0.26004702	0.0	0.0	0.0	0.0	0.1604075	0.0	0.304305	0.0	0.0	0.0	0.0	0.0	0.0	0.0	0.17341854	0.0	0.0	0.0	0.19854517	0.0	0.27157813	0.0	0.122973524	0.0	0.0037043814	0.0	0.0	0.0	0.0	0.0	0.0	0.0	0.0	0.19405884	0.30203995	0.14747871	0.0	0.0	0.0	0.0	0.29115036	0.0	0.0	0.27524045	0.0	0.0	0.0	0.0	0.0	0.27973628	0.0	0.08362637	0.07017315	0.0	0.0	0.07102386	0.32850197	0.0	0.23901677	0.0	0.0	0.0	0.22549325	0.2700853	0.0	0.0	0.0	0.0	0.0	0.0	0.25882572	0.16456431	0.0	0.0	0.11555258	0.0	0.0	0.0	0.39144373	0.12484237	0.22950886	0.05508035	0.0	0.0	0.08851745	0.24904414	0.24507332	0.13769482	0.0	0.0	0.0	0.0	0.0	0.0	0.018368488	0.0	0.2719192	0.0	0.0	0.0	0.0	0.0
0.0	0.15101193	0.0	0.5260738	0.0	0.0	0.17031598	0.0	0.0	0.0	0.0	0.0	0.0	0.0	0.40424708	0.12229115	0.41697478	0.0	0.33446422	0.0	0.0	0.26664448	0.0	0.0	0.0	0.26301348	0.0	0.0	0.0	0.0	0.14326465	0.0	0.33696508	0.0	0.0	0.0	0.0	0.0	0.0	0.0	0.16800095	0.0	0.0	0.0	0.21179843	0.0	0.26715872	0.0	0.13520889	0.0	0.0	0.0	0.0	0.0	0.0	0.0	0.0	0.0	0.0	0.19616626	0.2896408	0.16649914	0.0	0.0	0.0	0.0	0.2956579	0.0	0.0	0.28762507	0.0	0.0	0.0	0.0	0.0	0.31561792	0.0	0.08530114	0.06429114	0.0	0.0	0.064295985	0.3631494	0.0	0.27116546	0.0	0.0	0.0	0.23304494	0.28764054	0.0	0.0	0.0	0.0	0.0	0.0	0.27040276	0.15772335	0.0	0.0	0.09226206	0.0	0.0	0.0	0.42023444	0.10240332	0.25917375	0.04987974	0.0	0.0	0.101515375	0.27170885	0.25399056	0.13792688	0.0	0.0	0.0	0.0	0.0	0.0	0.017857457	0.0	0.29300836	0.0	0.0	0.0	0.0	0.0
0.0	0.1615805	0.0	0.55224806	0.0	0.0	0.17705949	0.0	0.0	0.0	0.0	0.0	0.0	0.0	0.41618744	0.14667585	0.4236425	0.0	0.3622384	0.0	0.0	0.2681585	0.0	0.0	0.0	0.28311077	0.0	0.0	0.0	0.0	0.14204472	0.0	0.3534163	0.0	0.0	0.0	0.0	0.0	0.0	0.0	0.14772826	0.0	0.0	0.0	0.22819723	0.0	0.28715196	0.0	0.1265961	0.0	0.004722332	0.0	0.0	0.0	0.0	0.0	0.0	0.0	0.0	0.18435387	0.29604042	0.15831801	0.0	0.0	0.0	0.0	0.3203744	0.0	0.0	0.2759666	0.0	0.0	0.0	0.0	0.0	0.30719352	0.0	0.085059665	0.067425355	0.0	0.0	0.0906683	0.34955314	0.0	0.26408473	0.0	0.0	0.0	0.22344612	0.2704424	0.0	0.0	0.0	0.0	0.0	0.0	0.26509053	0.15355216	0.0	0.0	0.09919637	0.0	0.0	0.0	0.40297517	0.11310925	0.24011564	0.029366588	0.0	0.0	0.074317746	0.26736185	0.2707347	0.14168404	0.0	0.0	0.0	0.0	0.0	0.0	0.019773485	0.0	0.27725384	0.0	0.0	0.0	0.0	0.0
0.0	0.13104872	0.0	0.516547	0.0	0.0	0.1547351	0.0	0.0	0.0	0.0	0.0	0.0	0.0	0.370415	0.11489274	0.4188833	0.0	0.33857977	0.0	0.0	0.23605841	0.0	0.0	0.0	0.26345053	0.0	0.0	0.0	0.0	0.15768957	0.0	0.3058951	0.0	0.0	0.0	0.0	0.0	0.0	0.0	0.16920191	0.0	0.0	0.0	0.2029454	0.0	0.27182937	0.0	0.12172016	0.0	0.0055884533	0.0	0.0	0.0	0.0	0.0	0.0	0.0	0.0	0.1939643	0.31384873	0.14932507	0.0	0.0	0.0	0.0	0.30473888	0.0	0.0	0.28949103	0.0	0.0	0.0	0.0	0.0	0.29492283	0.0	0.080264546	0.06551481	0.0	0.0	0.07297423	0.31913093	0.0	0.25059485	0.0	0.0	0.0	0.21284944	0.28634202	0.0	0.0	0.0	0.0	0.0	0.0	0.27380463	0.15623964	0.0	0.0	0.12048825	0.0	0.0	0.0	0.3927249	0.12566195	0.22127259	0.04563485	0.0	0.0	0.08891747	0.22916533	0.23461924	0.13566531	0.0	0.0	0.0	0.0	0.0	0.0	0.022435622	0.0	0.28381094	0.0	0.0	0.0	0.0	0.0
0.0	0.098347604	0.0	0.53929144	0.0	0.0	0.13723749	0.0	0.0	0.0	0.0	0.0	0.0	0.0	0.36445895	0.099560626	0.42939258	0.0	0.3338085	0.0	0.0	0.21722531	0.0	0.0	0.0	0.26265106	0.0	0.0	0.0	0.0	0.16063754	0.0	0.28829262	0.0	0.0	0.0	0.0	0.0	0.0	0.0	0.16276364	0.0011752708	0.0	0.0	0.19557376	0.0	0.2787535	0.0	0.12138126	0.0	0.0071604047	0.0	0.0	0.0	0.0	0.0	0.0	0.0	0.0	0.17907365	0.34250942	0.14242648	0.0	0.0	0.0	0.0	0.31862247	0.0	0.0	0.30192664	0.0	0.0	0.0	0.0	0.0	0.29909614	0.0	0.06267333	0.055366825	0.0	0.00062575686	0.087123014	0.29316625	0.0	0.25377405	0.0	0.0	0.0	0.18916406	0.29922548	0.0	0.0	0.0	0.0	0.0	0.0	0.28329507	0.15388678	0.0	0.001590129	0.14342985	0.0	0.0	0.0	0.37413302	0.12805486	0.18591462	0.035952795	0.0	0.0	0.06213974	0.18407471	0.22856152	0.13466717	0.0	0.0	0.0	0.0	0.0	0.0	0.03714436	0.00027944302	0.2977176	0.0	0.0	0.0	0.0	0.0
0.0	0.16197586	0.0	0.55938935	0.0	0.0	0.18407206	0.0	0.0	0.0	0.0	0.0	0.0	0.0	0.42399704	0.14234693	0.42976537	0.0	0.35093236	0.0	0.0	0.28323936	0.0	0.0	0.0	0.28459027	0.0	0.0	0.0	0.0	0.1435662	0.0	0.35126397	0.0	0.0	0.0	0.0	0.0	0.0	0.0	0.14680143	0.0	0.0	0.0	0.21952587	0.0	0.28245714	0.0	0.12888576	0.0	0.0023528647	0.0	0.0	0.0	0.0	0.0	0.0	0.0	0.0	0.18155308	0.2900882	0.16750462	0.0	0.0	0.0	0.0	0.32333633	0.0	0.0	0.28167894	0.0	0.0	0.0	0.0	0.0	0.3187184	0.0	0.08176861	0.070314266	0.0	0.0	0.092012584	0.35132563	0.0	0.26385656	0.0	0.0	0.0	0.21855004	0.27437115	0.0	0.0	0.0	0.0	0.0	0.0	0.2736338	0.15699907	0.0	0.0	0.10686184	0.0	0.0	0.0	0.41098747	0.10640321	0.24833174	0.02448607	0.0	0.0	0.07637569	0.2688743	0.26587626	0.14197774	0.0	0.0	0.0	0.0	0.0	0.0	0.00971394	0.0	0.27370524	0.0	0.0	0.0	0.0	0.0
0.0	0.14873278	0.0	0.5291394	0.0	0.0	0.16992807	0.0	0.0	0.0	0.0	0.0	0.0	0.0	0.39031085	0.12581116	0.4216834	0.0	0.34155083	0.0	0.0	0.2594219	0.0	0.0	0.0	0.2730674	0.0	0.0	0.0	0.0	0.15043785	0.0	0.32435918	0.0	0.0	0.0	0.0	0.0	0.0	0.0	0.1608456	0.0	0.0	0.0	0.20415895	0.0	0.2766365	0.0	0.12766235	0.0	0.0036765635	0.0	0.0	0.0	0.0	0.0	0.0	0.0	0.0	0.19094025	0.29906917	0.15886922	0.0	0.0	0.0	0.0	0.3020867	0.0	0.0	0.2849296	0.0	0.0	0.0	0.0	0.0	0.30060568	0.0	0.082447425	0.06712242	0.0	0.0	0.07593804	0.33702692	0.0	0.2567725	0.0	0.0	0.0	0.22045656	0.27969292	0.0	0.0	0.0	0.0	0.0	0.0	0.2675674	0.16433212	0.0	0.0	0.111078374	0.0	0.0	0.0	0.399466	0.11804507	0.23823018	0.044614512	0.0	0.0	0.08570775	0.253671	0.24977191	0.13979535	0.0	0.0	0.0	0.0	0.0	0.0	0.013287172	0.0	0.27778003	0.0	0.0	0.0	0.0	0.0
0.0	0.16044681	0.0	0.4766271	0.0	0.0	0.17739062	0.0	0.0	0.0	0.0	0.0	0.0	0.0	0.35902253	0.12016765	0.41095003	0.0	0.34485233	0.0	0.0	0.22981839	0.0	0.0	0.0	0.2650478	0.0	0.0	0.0	0.0	0.16094017	0.0	0.2982165	0.0	0.0	0.0	0.0	0.0	0.0	0.0	0.18115325	0.0	0.0	0.0	0.19580412	0.0	0.2705092	0.0	0.11469538	0.0	0.0021120694	0.0	0.0	0.0	0.0	0.0	0.0	0.0	0.0	0.20063351	0.2893443	0.14742638	0.0	0.0	0.0	0.0	0.2811657	0.0	0.0	0.26960418	0.0	0.0	0.0	0.0	0.0	0.2666236	0.0	0.09128064	0.06926796	0.0	0.0	0.061680257	0.3278047	0.0	0.23825021	0.0	0.0	0.0	0.22927459	0.26491278	0.0	0.0	0.0	0.0	0.0	0.0	0.24338396	0.17629087	0.0	0.0	0.11437988	0.0	0.0	0.0	0.3835536	0.12472855	0.23116583	0.067245424	0.0	0.0	0.10083733	0.25638816	0.23594141	0.14037728	0.0	0.0	0.0	0.0	0.0	0.0	0.01068263	0.0	0.26382902	0.0	0.0	0.0	0.0	0.0
0.0	0.15271874	0.0	0.4966055	0.0	0.0	0.17180145	0.0	0.0	0.0	0.0	0.0	0.0	0.0	0.36265382	0.11472392	0.41507104	0.0	0.3404099	0.0	0.0	0.24305575	0.0	0.0	0.0	0.26444834	0.0	0.0	0.0	0.0	0.15720795	0.0	0.29919043	0.0	0.0	0.0	0.0	0.0	0.0	0.0	0.17818207	0.0	0.0	0.0	0.19165687	0.0	0.26964703	0.0	0.125143	0.0	0.0031291072	0.0	0.0	0.0	0.0	0.0	0.0	0.0	0.0	0.19930643	0.29495648	0.14926155	0.0	0.0	0.0	0.0	0.28472784	0.0	0.0	0.2777239	0.0	0.0	0.0	0.0	0.0	0.28208327	0.0	0.088680424	0.070791505	0.0	0.0	0.06282392	0.32743737	0.0	0.24169306	0.0	0.0	0.0	0.22077487	0.27314696	0.0	0.0	0.0	0.0	0.0	0.0	0.26465178	0.17000492	0.0	0.0	0.11557684	0.0	0.0	0.0	0.39365125	0.12393129	0.23368394	0.05611798	0.0	0.0	0.09987801	0.25302586	0.2367208	0.14017104	0.0	0.0	0.0	0.0	0.0	0.0	0.014725655	0.0	0.27043638	0.0	0.0	0.0	0.0	0.0
0.0	0.13034861	0.0	0.50089973	0.0	0.0	0.15827335	0.0	0.0	0.0	0.0	0.0	0.0	0.0	0.34161994	0.11141243	0.4214821	0.0	0.34264717	0.0	0.0	0.21640451	0.0	0.0	0.0	0.26189002	0.0	0.0	0.0	0.0	0.1649545	0.0	0.2821239	0.0	0.0	0.0	0.0	0.0	0.0	0.0	0.16790529	0.0	0.0	0.0	0.19381683	0.0	0.2760053	0.0	0.11143336	0.0	0.009858298	0.0	0.0	0.0	0.0	0.0	0.0	0.0	0.0	0.18726689	0.31738296	0.133635	0.0	0.0	0.0	0.0	0.30276904	0.0	0.0	0.27764353	0.0	0.0	0.0	0.0	0.0	0.2637169	0.0	0.07795964	0.0671831	0.0	0.0	0.07928006	0.28599256	0.0	0.22994459	0.0	0.0	0.0	0.20093226	0.2704227	0.0	0.0	0.0	0.0	0.0	0.0	0.26029724	0.16677679	0.0	0.0	0.13299239	0.0	0.0	0.0	0.36281452	0.1370463	0.1929826	0.046777245	0.0	0.0	0.07690845	0.2113387	0.22979623	0.13619603	0.0	0.0	0.0	0.0	0.0	0.0	0.023442408	0.0	0.26747838	0.0	0.0	0.0	0.0	0.0
0.0	0.16024955	0.0	0.45783845	0.0	0.0	0.17876439	0.0	0.0	0.0	0.0	0.0	0.0	0.0	0.32774076	0.11086737	0.4182047	0.0	0.3369526	0.0	0.0	0.2140264	0.0	0.0	0.0	0.25583762	0.0	0.0	0.0	0.0	0.17380202	0.0	0.26732674	0.0	0.0	0.0	0.0	0.0	0.0	0.0	0.18409942	0.0	0.0	0.0	0.18343747	0.0	0.2783314	0.0	0.107059665	0.0	0.00611791	0.0	0.0	0.0	0.0	0.0	0.0	0.0	0.0	0.18731731	0.29359066	0.13176827	0.0	0.0	0.0	0.0	0.273991	0.0	0.0	0.26240242	0.0	0.0	0.0	0.0	0.0	0.24089347	0.0	0.08825038	0.07137717	0.0	0.0	0.05581714	0.29549333	0.0	0.21742404	0.0	0.0	0.0	0.22011365	0.251718	0.0	0.0	0.0	0.0	0.0	0.0	0.23169553	0.19368966	0.0	0.0	0.13737613	0.0	0.0	0.0	0.36085618	0.13562332	0.21421213	0.06886715	0.0	0.0	0.0967026	0.23380852	0.22538579	0.146597	0.0	0.0	0.0	0.0	0.0	0.0	0.0036688216	0.0	0.25077584	0.0	0.0	0.0	0.0	0.0
0.0	0.15933533	0.0	0.4896071	0.0	0.0	0.17466591	0.0	0.0	0.0	0.0	0.0	0.0	0.0	0.36482677	0.12124702	0.4140943	0.0	0.33800283	0.0	0.0	0.243764	0.0	0.0	0.0	0.26207212	0.0	0.0	0.0	0.0	0.15788497	0.0	0.3023748	0.0	0.0	0.0	0.0	0.0	0.0	0.0	0.17704983	0.0	0.0	0.0	0.19017537	0.0	0.2692704	0.0	0.12433415	0.0	0.0037321001	0.0	0.0	0.0	0.0	0.0	0.0	0.0	0.0	0.19915497	0.28756568	0.15211958	0.0	0.0	0.0	0.0	0.2814763	0.0	0.0	0.27513626	0.0	0.0	0.0	0.0	0.0	0.27709094	0.0	0.08970151	0.073755	0.0	0.0	0.059939116	0.33207098	0.0	0.24113767	0.0	0.0	0.0	0.22588114	0.26879412	0.0	0.0	0.0	0.0	0.0	0.0	0.2562733	0.17565905	0.0	0.0	0.1136764	0.0	0.0	0.0	0.39163366	0.12701227	0.24130934	0.06449903	0.0	0.0	0.099319346	0.26007834	0.23769407	0.13703749	0.0	0.0	0.0	0.0	0.0	0.0	0.007708915	0.0	0.26661038	0.0	0.0	0.0	0.0	0.0
0.0	0.15854758	0.0	0.500138	0.0	0.0	0.17528991	0.0	0.0	0.0	0.0	0.0	0.0	0.0	0.373955	0.12845601	0.41391444	0.0	0.35399258	0.0	0.0	0.23564386	0.0	0.0	0.0	0.27122068	0.0	0.0	0.0	0.0	0.16158721	0.0	0.3113731	0.0	0.0	0.0	0.0	0.0	0.0	0.0	0.16309139	0.0	0.0	0.0	0.20225139	0.0	0.2800109	0.0	0.11331775	0.0	0.006938989	0.0	0.0	0.0	0.0	0.0	0.0	0.0	0.0	0.19602394	0.2985743	0.1483166	0.0	0.0	0.0	0.0	0.2990762	0.0	0.0	0.27570704	0.0	0.0	0.0	0.0	0.0	0.27190077	0.0	0.0909071	0.0695106	0.0	0.0	0.074326046	0.32025644	0.0	0.23505749	0.0	0.0	0.0	0.21891457	0.26828778	0.0	0.0	0.0	0.0	0.0	0.0	0.25109765	0.17254496	0.0	0.0	0.11849025	0.0	0.0	0.0	0.3822824	0.12770331	0.22338474	0.05480544	0.0	0.0	0.08743256	0.2566283	0.24605854	0.13975032	0.0	0.0	0.0	0.0	0.0	0.0	0.012783212	0.0	0.26131952	0.0	0.0	0.0	0.0	0.0
0.0	0.15173638	0.0	0.5018849	0.0	0.0	0.17064404	0.0	0.0	0.0	0.0	0.0	0.0	0.0	0.37744904	0.113647245	0.41767058	0.0	0.33896866	0.0	0.0	0.24404192	0.0	0.0	0.0	0.26395342	0.0	0.0	0.0	0.0	0.15621883	0.0	0.30721623	0.0	0.0	0.0	0.0	0.0	0.0	0.0	0.17719336	0.0	0.0	0.0	0.19745553	0.0	0.26694784	0.0	0.12954287	0.0	0.0040128143	0.0	0.0	0.0	0.0	0.0	0.0	0.0	0.0	0.20285885	0.29481557	0.15835373	0.0	0.0	0.0	0.0	0.28556693	0.0	0.0	0.28026834	0.0	0.0	0.0	0.0	0.0	0.29324523	0.0	0.09149071	0.068981916	0.0	0.0	0.06631091	0.34085163	0.0	0.24339129	0.0	0.0	0.0	0.22082776	0.272256	0.0	0.0	0.0	0.0	0.0	0.0	0.2655895	0.16792257	0.0	0.0	0.10555645	0.0	0.0	0.0	0.39816943	0.11546288	0.24198902	0.055512827	0.0	0.0	0.101290025	0.2621682	0.24330013	0.13433573	0.0	0.0	0.0	0.0	0.0	0.0	0.01392746	0.0	0.27712747	0.0	0.0	0.0	0.0	0.0
0.0	0.16266295	0.0	0.47144637	0.0	0.0	0.17655368	0.0	0.0	0.0	0.0	0.0	0.0	0.0	0.3594513	0.11820948	0.41104218	0.0	0.34486294	0.0	0.0	0.22830868	0.0	0.0	0.0	0.26515827	0.0	0.0	0.0	0.0	0.16124855	0.0	0.29366195	0.0	0.0	0.0	0.0	0.0	0.0	0.0	0.1810988	0.0	0.0	0.0	0.19485529	0.0	0.26778138	0.0	0.1147897	0.0	0.0039847842	0.0	0.0	0.0	0.0	0.0	0.0	0.0	0.0	0.2008506	0.28810653	0.14812927	0.0	0.0	0.0	0.0	0.28195333	0.0	0.0	0.2694807	0.0	0.0	0.0	0.0	0.0	0.26558855	0.0	0.0926842	0.071574174	0.0	0.0	0.06056513	0.32353687	0.0	0.23321469	0.0	0.0	0.0	0.2293992	0.26291287	0.0	0.0	0.0	0.0	0.0	0.0	0.24441838	0.17742682	0.0	0.0	0.115313	0.0	0.0	0.0	0.38266572	0.12891488	0.23451799	0.067531824	0.0	0.0	0.103742264	0.260186	0.23364246	0.14368415	0.0	0.0	0.0	0.0	0.0	0.0	0.009398201	0.0	0.26155618	0.0	0.0	0.0	0.0	0.0
0.0	0.14048634	0.0	0.52132267	0.0	0.0	0.16428699	0.0	0.0	0.0	0.0	0.0	0.0	0.0	0.37229952	0.12631692	0.42625847	0.0	0.33430186	0.0	0.0	0.24923414	0.0	0.0	0.0	0.26174375	0.0	0.0	0.0	0.0	0.15434946	0.0	0.31078172	0.0	0.0	0.0	0.0	0.0	0.0	0.0	0.16005705	0.0	0.0	0.0	0.20084786	0.0	0.28150272	0.0	0.12890445	0.0	0.0047128224	0.0	0.0	0.0	0.0	0.0	0.0	0.0	0.0	0.19212513	0.30800518	0.15477473	0.0	0.0	0.0	0.0	0.30275795	0.0	0.0	0.2875061	0.0	0.0	0.0	0.0	0.0	0.29715896	0.0	0.0779938	0.06859472	0.0	0.0	0.07735681	0.3334292	0.0	0.24816571	0.0	0.0	0.0	0.22392929	0.2796789	0.0	0.0	0.0	0.0	0.0	0.0	0.27204302	0.16142876	0.0	0.0	0.12570281	0.0	0.0	0.0	0.39829445	0.124051064	0.23113282	0.049540594	0.0	0.0	0.0836103	0.24264808	0.2492507	0.14247723	0.0	0.0	0.0	0.0	0.0	0.0	0.015874164	0.0	0.27706343	0.0	0.0	0.0	0.0	0.0
0.0	0.15189962	0.0	0.61729115	0.0	0.0	0.1798741	0.0	0.0	0.0	0.0	0.0	0.0	0.0	0.4620699	0.17043023	0.44158754	0.0	0.37847924	0.0	0.0	0.29019275	0.0	0.0	0.0	0.30373684	0.0	0.0	0.0	0.0	0.14200006	0.0	0.39047125	0.0	0.0	0.0	0.0	0.0	0.0	0.0	0.11340607	0.0	0.0	0.0	0.25850996	0.0	0.3147535	0.0	0.12324447	0.0	0.0066144317	0.0	0.0	0.0	0.0	0.0	0.0	0.0	0.0	0.1668698	0.31284228	0.16524698	0.0	0.0	0.0	0.0	0.37266794	0.0	0.0	0.28611243	0.0	0.0	0.0	0.0	0.0	0.33409318	0.0	0.075088345	0.058486864	0.0	0.0	0.12436569	0.34549037	0.0	0.27915263	0.0	0.0	0.0	0.2060147	0.27340075	0.0	0.0	0.0	0.0	0.0	0.0	0.27385184	0.14228885	0.0	0.0	0.10725645	0.0	0.0	0.0	0.40108123	0.10640355	0.227432	0.004945732	0.0	0.0	0.03964499	0.25712663	0.29666612	0.15067478	0.0	0.0	0.0	0.0	0.0	0.0	0.020543003	0.0	0.27794054	0.0	0.0	0.0	0.0	0.0
0.0	0.16213624	0.0	0.46210375	0.0	0.0	0.17784922	0.0	0.0	0.0	0.0	0.0	0.0	0.0	0.33965608	0.11741901	0.40619254	0.0	0.3455341	0.0	0.0	0.21834338	0.0	0.0	0.0	0.25946042	0.0	0.0	0.0	0.0	0.16523856	0.0	0.2832452	0.0	0.0	0.0	0.0	0.0	0.0	0.0	0.18543749	0.0	0.0	0.0	0.19373949	0.0	0.26968184	0.0	0.110955395	0.0	0.0045981514	0.0	0.0	0.0	0.0	0.0	0.0	0.0	0.0	0.1980207	0.29017505	0.14020705	0.0	0.0	0.0	0.0	0.27118695	0.0	0.0	0.26035306	0.0	0.0	0.0	0.0	0.0	0.24878395	0.0	0.09506869	0.06765246	0.0	0.0	0.05788377	0.31953132	0.0	0.22569607	0.0	0.0	0.0	0.22395559	0.25903133	0.0	0.0	0.0	0.0	0.0	0.0	0.23732936	0.1813996	0.0	0.0	0.11283431	0.0	0.0	0.0	0.36937913	0.12609941	0.215699	0.06995823	0.0	0.0	0.098570354	0.2561768	0.23803115	0.13794075	0.0	0.0	0.0	0.0	0.0	0.0	0.013869919	0.0	0.25627872	0.0	0.0	0.0	0.0	0.0
0.0	0.14452304	0.0	0.533682	0.0	0.0	0.16519217	0.0	0.0	0.0	0.0	0.0	0.0	0.0	0.40014282	0.14171232	0.42433873	0.0	0.3475801	0.0	0.0	0.25400212	0.0	0.0	0.0	0.27029884	0.0	0.0	0.0	0.0	0.14757973	0.0	0.32894912	0.0	0.0	0.0	0.0	0.0	0.0	0.0	0.16281469	0.0	0.0	0.0	0.20806347	0.0	0.27607417	0.0	0.12274503	0.0	0.004758032	0.0	0.0	0.0	0.0	0.0	0.0	0.0	0.0	0.1929176	0.30094707	0.1522466	0.0	0.0	0.0	0.0	0.31791434	0.0	0.0	0.27922165	0.0	0.0	0.0	0.0	0.0	0.300834	0.0	0.081532285	0.07625514	0.0	0.0	0.07640816	0.3323963	0.0	0.2611101	0.0	0.0	0.0	0.23013502	0.27192497	0.0	0.0	0.0	0.0	0.0	0.0	0.25879046	0.15885526	0.0	0.0	0.1157764	0.0	0.0	0.0	0.39262763	0.12887998	0.2387017	0.035190243	0.0	0.0	0.08688023	0.25650075	0.25703076	0.14213385	0.0	0.0	0.0	0.0	0.0	0.0	0.01655253	0.0	0.27512357	0.0	0.0	0.0	0.0	0.0
0.0	0.1054431	0.0	0.53395844	0.0	0.0	0.14280535	0.0	0.0	0.0	0.0	0.0	0.0	0.0	0.3674915	0.11192296	0.43047786	0.0	0.33516762	0.0	0.0	0.2286232	0.0	0.0	0.0	0.2605336	0.0	0.0	0.0	0.0	0.16378792	0.0	0.298434	0.0	0.0	0.0	0.0	0.0	0.0	0.0	0.16192056	0.0	0.0	0.0	0.20132053	0.0	0.28451684	0.0	0.122155726	0.0	0.005269889	0.0	0.0	0.0	0.0	0.0	0.0	0.0	0.0	0.18324298	0.33590832	0.14527065	0.0	0.0	0.0	0.0	0.3156043	0.0	0.0	0.29952607	0.0	0.0	0.0	0.0	0.0	0.29904482	0.0	0.064610034	0.058900833	0.0	0.0	0.08247424	0.30902466	0.0	0.25416395	0.0	0.0	0.0	0.2060443	0.29535174	0.0	0.0	0.0	0.0	0.0	0.0	0.27801678	0.15537605	0.0	0.00022083397	0.13763529	0.0	0.0	0.0	0.38384303	0.12529053	0.20199202	0.041394327	0.0	0.0	0.06825014	0.2021824	0.23997164	0.13754313	0.0	0.0	0.0	0.0	0.0	0.0	0.03136581	0.0	0.29306948	0.0	0.0	0.0	0.0	0.0
0.0	0.15685177	0.0	0.4915141	0.0	0.0	0.17003165	0.0	0.0	0.0	0.0	0.0	0.0	0.0	0.36538097	0.11534805	0.41768038	0.0	0.34270287	0.0	0.0	0.24038522	0.0	0.0	0.0	0.26251104	0.0	0.0	0.0	0.0	0.15926532	0.0	0.30219007	0.0	0.0	0.0	0.0	0.0	0.0	0.0	0.18114497	0.0	0.0	0.0	0.19451337	0.0	0.27398983	0.0	0.1211735	0.0	0.0039254413	0.0	0.0	0.0	0.0	0.0	0.0	0.0	0.0	0.19798513	0.2971022	0.15080924	0.0	0.0	0.0	0.0	0.28264633	0.0	0.0	0.27753544	0.0	0.0	0.0	0.0	0.0	0.28028065	0.0	0.088902734	0.07270918	0.0	0.0	0.0614004	0.33397928	0.0	0.24505962	0.0	0.0	0.0	0.22704017	0.26762542	0.0	0.0	0.0	0.0	0.0	0.0	0.2605345	0.17311789	0.0	0.0	0.115615904	0.0	0.0	0.0	0.3938186	0.12292913	0.23707072	0.059217036	0.0	0.0	0.10459674	0.2588401	0.24134804	0.1361048	0.0	0.0	0.0	0.0	0.0	0.0	0.013307343	0.0	0.2677776	0.0	0.0	0.0	0.0	0.0
0.0	0.16062999	0.0	0.4827951	0.0	0.0	0.1766156	0.0	0.0	0.0	0.0	0.0	0.0	0.0	0.34998932	0.12012973	0.4167533	0.0	0.34067234	0.0	0.0	0.23843294	0.0	0.0	0.0	0.26021418	0.0	0.0	0.0	0.0	0.16077656	0.0	0.29775342	0.0	0.0	0.0	0.0	0.0	0.0	0.0	0.18374641	0.0	0.0	0.0	0.19141175	0.0	0.27328667	0.0	0.12388206	0.0	0.0	0.0	0.0	0.0	0.0	0.0	0.0	0.0	0.0	0.20262952	0.28924838	0.14433947	0.0	0.0	0.0	0.0	0.28157413	0.0	0.0	0.27183953	0.0	0.0	0.0	0.0	0.0	0.2724332	0.0	0.09233949	0.07487711	0.0	0.0	0.056108892	0.32136104	0.0	0.2374577	0.0	0.0	0.0	0.23325127	0.26544175	0.0	0.0	0.0	0.0	0.0	0.0	0.25225678	0.17907524	0.0	0.0	0.11478555	0.0	0.0	0.0	0.3825785	0.12525664	0.23855709	0.06513947	0.0	0.0	0.102470994	0.26112542	0.24439944	0.14229919	0.0	0.0	0.0	0.0	0.0	0.0	0.009457691	0.0	0.26232556	0.0	0.0	0.0	0.0	0.0
0.0	0.14214237	0.0	0.47561494	0.0	0.0	0.1696604	0.0	0.0	0.0	0.0	0.0	0.0	0.0	0.32519424	0.11391949	0.41378346	0.0	0.34447345	0.0	0.0	0.2048192	0.0	0.0	0.0	0.26162577	0.0	0.0	0.0	0.0	0.17192598	0.0	0.27406678	0.0	0.0	0.0	0.0	0.0	0.0	0.0	0.16988273	0.0	0.0	0.0	0.19638924	0.0	0.27812722	0.0	0.10165284	0.0	0.007910286	0.0	0.0	0.0	0.0	0.0	0.0	0.0	0.0	0.18749036	0.30928224	0.12941545	0.0	0.0	0.0	0.0	0.29480973	0.0	0.0	0.26298454	0.0	0.0	0.0	0.0	0.0	0.24029894	0.0	0.081659	0.06275112	0.0	0.0	0.0708131	0.28367594	0.0	0.21850817	0.0	0.0	0.0	0.20990391	0.25873208	0.0	0.0	0.0	0.0	0.0	0.0	0.23784125	0.17508243	0.0	0.0	0.13099302	0.0	0.0	0.0	0.35027036	0.13388018	0.18620433	0.061102048	0.0	0.0	0.07948176	0.2195574	0.22925627	0.14113933	0.0	0.0	0.0	0.0	0.0	0.0	0.016162103	0.0	0.2531035	0.0	0.0	0.0	0.0	0.0
0.0	0.13754831	0.0	0.5104365	0.0	0.0	0.16176493	0.0	0.0	0.0	0.0	0.0	0.0	0.0	0.36631536	0.121048175	0.42481938	0.0	0.34666848	0.0	0.0	0.2349809	0.0	0.0	0.0	0.26580724	0.0	0.0	0.0	0.0	0.16342731	0.0	0.30214655	0.0	0.0	0.0	0.0	0.0	0.0	0.0	0.16597517	0.0	0.0	0.0	0.19907944	0.0	0.2823149	0.0	0.119723596	0.0	0.006469732	0.0	0.0	0.0	0.0	0.0	0.0	0.0	0.0	0.19455905	0.30895635	0.1457532	0.0	0.0	0.0	0.0	0.3094937	0.0	0.0	0.28558964	0.0	0.0	0.0	0.0	0.0	0.28317654	0.0	0.08037773	0.06985795	0.0	0.0	0.077686734	0.31299317	0.0	0.23985694	0.0	0.0	0.0	0.21683066	0.27122036	0.0	0.0	0.0	0.0	0.0	0.0	0.26273835	0.16902511	0.0	0.0	0.12913072	0.0	0.0	0.0	0.38445282	0.13328163	0.22295797	0.04970133	0.0	0.0	0.08358707	0.23402075	0.23991145	0.1434799	0.0	0.0	0.0	0.0	0.0	0.0	0.015439098	0.0	0.2713495	0.0	0.0	0.0	0.0	0.0
0.0	0.09755111	0.0	0.5410237	0.0	0.0	0.13418595	0.0	0.0	0.0	0.0	0.0	0.0	0.0	0.36806467	0.10505327	0.432513	0.0	0.33837906	0.0	0.0	0.2197185	0.0	0.0	0.0	0.2619547	0.0	0.0	0.0	0.0	0.16309771	0.0	0.29521748	0.0	0.0	0.0	0.0	0.0	0.0	0.0	0.15834647	0.0	0.0	0.0	0.20031162	0.0	0.2873307	0.0	0.116620064	0.0	0.0074353516	0.0	0.0	0.0	0.0	0.0	0.0	0.0	0.0	0.17642961	0.34447578	0.13998415	0.0	0.0	0.0	0.0	0.3278657	0.0	0.0	0.30476734	0.0	0.0	0.0	0.0	0.0	0.29908597	0.0	0.05890416	0.055816114	0.0	0.0	0.09235152	0.2873067	0.0	0.25364363	0.0	0.0	0.0	0.1934162	0.2991173	0.0	0.0	0.0	0.0	0.0	0.0	0.28224552	0.15124305	0.0	0.0023080248	0.14569204	0.0	0.0	0.0	0.3773295	0.13037491	0.18484674	0.033224326	0.0	0.0	0.05787817	0.18055946	0.23333752	0.13789843	0.0	0.0	0.0	0.0	0.0	0.0	0.037696693	0.0	0.29492846	0.0	0.0	0.0	0.0	0.0
0.0	0.15030076	0.0	0.5002949	0.0	0.0	0.16680191	0.0	0.0	0.0	0.0	0.0	0.0	0.0	0.36354354	0.11961973	0.41649207	0.0	0.34127674	0.0	0.0	0.23767944	0.0	0.0	0.0	0.26730782	0.0	0.0	0.0	0.0	0.15615131	0.0	0.30311337	0.0	0.0	0.0	0.0	0.0	0.0	0.0	0.17738824	0.0	0.0	0.0	0.19771202	0.0	0.27062407	0.0	0.12428042	0.0	0.005358621	0.0	0.0	0.0	0.0	0.0	0.0	0.0	0.0	0.19930792	0.29959008	0.15057568	0.0	0.0	0.0	0.0	0.29229912	0.0	0.0	0.2792131	0.0	0.0	0.0	0.0	0.0	0.2866858	0.0	0.08536913	0.071064316	0.0	0.0	0.06803516	0.3305606	0.0	0.24555044	0.0	0.0	0.0	0.22345991	0.27191973	0.0	0.0	0.0	0.0	0.0	0.0	0.26362506	0.16806786	0.0	0.0	0.11656026	0.0	0.0	0.0	0.39255762	0.12150085	0.23484401	0.05680265	0.0	0.0	0.096533895	0.25081638	0.23993784	0.14112012	0.0	0.0	0.0	0.0	0.0	0.0	0.016284982	0.0	0.27349672	0.0	0.0	0.0	0.0	0.0
0.0	0.15742423	0.0	0.4675776	0.0	0.0	0.17757797	0.0	0.0	0.0	0.0	0.0	0.0	0.0	0.3356847	0.11673359	0.41333747	0.0	0.34436807	0.0	0.0	0.21948929	0.0	0.0	0.0	0.25686115	0.0	0.0	0.0	0.0	0.16990773	0.0	0.27319166	0.0	0.0	0.0	0.0	0.0	0.0	0.0	0.1891359	0.0	0.0	0.0	0.17972822	0.0	0.26705465	0.0	0.1141308	0.0	0.00471139	0.0	0.0	0.0	0.0	0.0	0.0	0.0	0.0	0.19959404	0.2972534	0.14075026	0.0	0.0	0.0	0.0	0.28483334	0.0	0.0	0.27123836	0.0	0.0	0.0	0.0	0.0	0.2604835	0.0	0.094134994	0.078202866	0.0	0.0	0.058732767	0.310006	0.0	0.21903433	0.0	0.0	0.0	0.22038746	0.25745833	0.0	0.0	0.0	0.0	0.0	0.0	0.24897909	0.19384186	0.0	0.0	0.1348207	0.0	0.0	0.0	0.37815836	0.14235234	0.22427095	0.061547037	0.0	0.0	0.10091096	0.24159956	0.23013838	0.14822258	0.0	0.0	0.0	0.0	0.0	0.0	0.008978776	0.0	0.26008645	0.0	0.0	0.0	0.0	0.0
0.0	0.15332034	0.0	0.48535213	0.0	0.0	0.17419583	0.0	0.0	0.0	0.0	0.0	0.0	0.0	0.37562975	0.11537505	0.4093071	0.0	0.33715495	0.0	0.0	0.23885362	0.0	0.0	0.0	0.26281005	0.0	0.0	0.0	0.0	0.15801115	0.0	0.3059771	0.0	0.0	0.0	0.0	0.0	0.0	0.0	0.17667483	0.0	0.0	0.0	0.19932838	0.0	0.26839355	0.0	0.11898854	0.0	0.003405622	0.0	0.0	0.0	0.0	0.0	0.0	0.0	0.0	0.19744451	0.2921021	0.15615825	0.0	0.0	0.0	0.0	0.28105435	0.0	0.0	0.27522781	0.0	0.0	0.0	0.0	0.0	0.28076828	0.0	0.088372596	0.06632897	0.0	0.0	0.057226982	0.33815888	0.0	0.24012728	0.0	0.0	0.0	0.23403059	0.2760239	0.0	0.0	0.0	0.0	0.0	0.0	0.2503784	0.16916983	0.0	0.0	0.11017402	0.0	0.0	0.0	0.3957455	0.115390636	0.23991434	0.06498188	0.0	0.0	0.10031557	0.26462346	0.24372135	0.13900022	0.0	0.0	0.0	0.0	0.0	0.0	0.011315331	0.0	0.2697083	0.0	0.0	0.0	0.0	0.0
0.0	0.15446173	0.0	0.4901789	0.0	0.0	0.17056285	0.0	0.0	0.0	0.0	0.0	0.0	0.0	0.36707547	0.114274204	0.41431984	0.0	0.3413944	0.0	0.0	0.23826784	0.0	0.0	0.0	0.26320958	0.0	0.0	0.0	0.0	0.15599993	0.0	0.3059568	0.0	0.0	0.0	0.0	0.0	0.0	0.0	0.17965417	0.0	0.0	0.0	0.19646256	0.0	0.26900652	0.0	0.12030359	0.0	0.0040173405	0.0	0.0	0.0	0.0	0.0	0.0	0.0	0.0	0.20108645	0.29033408	0.1487615	0.0	0.0	0.0	0.0	0.28118542	0.0	0.0	0.27490082	0.0	0.0	0.0	0.0	0.0	0.27929422	0.0	0.0908488	0.0683991	0.0	0.0	0.060065974	0.32680234	0.0	0.23992868	0.0	0.0	0.0	0.22528888	0.26911035	0.0	0.0	0.0	0.0	0.0	0.0	0.25729147	0.16914363	0.0	0.0	0.112117104	0.0	0.0	0.0	0.39219877	0.12421242	0.23609477	0.061863795	0.0	0.0	0.10004524	0.25917414	0.2402216	0.13534452	0.0	0.0	0.0	0.0	0.0	0.0	0.012729843	0.0	0.26855406	0.0	0.0	0.0	0.0	0.0
0.0	0.09503612	0.0	0.64787656	0.0	0.0	0.13481441	0.0	0.0	0.0	0.0	0.0	0.0	0.0	0.4536234	0.14839335	0.45734915	0.0	0.3693538	0.0	0.0	0.26940146	0.0	0.0	0.0	0.28932512	0.0	0.0	0.0	0.0	0.14543405	0.0	0.38259503	0.0	0.0	0.0	0.0	0.0	0.0	0.0	0.12697302	0.0	0.0	0.0	0.26047233	0.0	0.31808347	0.0	0.12211102	0.0	0.001987733	0.0	0.0	0.0	0.0	0.0	0.0	0.0	0.0	0.16220866	0.36460888	0.15460005	0.0	0.0	0.0	0.0	0.39929673	0.0	0.0	0.31674793	0.0	0.0	0.0	0.0	0.0	0.3579727	0.0	0.0545909	0.047401402	0.0	0.0	0.13587967	0.3177379	0.0	0.29696578	0.0	0.0	0.0	0.19529964	0.30672884	0.0	0.0	0.0	0.0	0.0	0.0	0.31427628	0.116982706	0.0	0.014671584	0.14030738	0.0	0.0	0.0	0.3975731	0.11941143	0.19302319	0.0	0.0	0.0	0.04094508	0.18475771	0.27701828	0.14839466	0.0	0.0	0.0	0.0	0.0	0.0	0.0445856	0.0025081455	0.32190242	0.0	0.0	0.0	0.0	0.0
0.0	0.111850254	0.0	0.53681296	0.0	0.0	0.14598526	0.0	0.0	0.0	0.0	0.0	0.0	0.0	0.3774817	0.11088354	0.42739645	0.0	0.3316824	0.0	0.0	0.23640205	0.0	0.0	0.0	0.26474702	0.0	0.0	0.0	0.0	0.15981022	0.0	0.30534068	0.0	0.0	0.0	0.0	0.0	0.0	0.0	0.16950594	0.0	0.0	0.0	0.2036392	0.0	0.27414206	0.0	0.12387416	0.0	0.00035029525	0.0	0.0	0.0	0.0	0.0	0.0	0.0	0.0	0.18648122	0.33147788	0.1487514	0.0	0.0	0.0	0.0	0.31882545	0.0	0.0	0.30432308	0.0	0.0	0.0	0.0	0.0	0.3124357	0.0	0.06941053	0.057516564	0.0	0.0	0.07618212	0.31679556	0.0	0.26272586	0.0	0.0	0.0	0.20667975	0.30366883	0.0	0.0	0.0	0.0	0.0	0.0	0.2878271	0.1514237	0.0	0.004301397	0.13149214	0.0	0.0	0.0	0.39236817	0.123422004	0.21394031	0.03635124	0.0	0.0	0.08257554	0.20856093	0.2307828	0.13501982	0.0	0.0	0.0	0.0	0.0	0.0	0.02821627	0.0	0.30083588	0.0	0.0	0.0	0.0	0.0
0.0	0.1578111	0.0	0.5542621	0.0	0.0	0.17979793	0.0	0.0	0.0	0.0	0.0	0.0	0.0	0.4156492	0.14761744	0.43587843	0.0	0.35958758	0.0	0.0	0.27521256	0.0	0.0	0.0	0.27238807	0.0	0.0	0.0	0.0	0.14693108	0.0	0.35380328	0.0	0.0	0.0	0.0	0.0	0.0	0.0	0.13889138	0.0	0.0	0.0	0.22727323	0.0	0.29839525	0.0	0.12536165	0.0	0.0014767535	0.0	0.0	0.0	0.0	0.0	0.0	0.0	0.0	0.18114881	0.29989332	0.16036831	0.0	0.0	0.0	0.0	0.3286712	0.0	0.0	0.28835115	0.0	0.0	0.0	0.0	0.0	0.3162694	0.0	0.08165846	0.06884343	0.0	0.0	0.09080064	0.3445555	0.0	0.26506838	0.0	0.0	0.0	0.23036893	0.2762669	0.0	0.0	0.0	0.0	0.0	0.0	0.2748896	0.1609044	0.0	0.0	0.11566981	0.0	0.0	0.0	0.41450813	0.1141304	0.25078568	0.032608982	0.0	0.0	0.07623358	0.25651622	0.27138272	0.15542988	0.0	0.0	0.0	0.0	0.0	0.0	0.015308283	0.0	0.2830445	0.0	0.0	0.0	0.0	0.0
0.0	0.12347249	0.0	0.53840584	0.0	0.0	0.15070193	0.0	0.0	0.0	0.0	0.0	0.0	0.0	0.37790927	0.117042385	0.42267296	0.0	0.33576453	0.0	0.0	0.24214096	0.0	0.0	0.0	0.2680713	0.0	0.0	0.0	0.0	0.15262097	0.0	0.31442168	0.0	0.0	0.0	0.0	0.0	0.0	0.0	0.16828108	0.0	0.0	0.0	0.20848314	0.0	0.26991072	0.0	0.12236863	0.0	0.0005796949	0.0	0.0	0.0	0.0	0.0	0.0	0.0	0.0	0.18582791	0.32478705	0.15166879	0.0	0.0	0.0	0.0	0.31452575	0.0	0.0	0.2976869	0.0	0.0	0.0	0.0	0.0	0.31169105	0.0	0.074034244	0.061309118	0.0	0.0	0.07332051	0.32991764	0.0	0.2675377	0.0	0.0	0.0	0.21656084	0.29764295	0.0	0.0	0.0	0.0	0.0	0.0	0.28090551	0.15207686	0.0	0.0	0.118367456	0.0	0.0	0.0	0.3930123	0.11819416	0.22192149	0.037562076	0.0	0.0	0.08564796	0.22527446	0.23906846	0.13689353	0.0	0.0	0.0	0.0	0.0	0.0	0.027354063	0.0	0.29354382	0.0	0.0	0.0	0.0	0.0
0.0	0.1116105	0.0	0.54060274	0.0	0.0	0.14626178	0.0	0.0	0.0	0.0	0.0	0.0	0.0	0.35863885	0.11627206	0.436744	0.0	0.33384123	0.0	0.0	0.2233557	0.0	0.0	0.0	0.26481047	0.0	0.0	0.0	0.0	0.16406709	0.0	0.29363886	0.0	0.0	0.0	0.0	0.0	0.0	0.0	0.16218565	0.001058205	0.0	0.0	0.19984885	0.0	0.27758723	0.0	0.119005404	0.0	0.0024503854	0.0	0.0	0.0	0.0	0.0	0.0	0.0	0.0	0.18290204	0.33980694	0.13872616	0.0	0.0	0.0	0.0	0.32957423	0.0	0.0	0.3030269	0.0	0.0	0.0	0.0	0.0	0.30034104	0.0	0.06427405	0.058683723	0.0	0.0	0.087973714	0.2992493	0.0	0.24672814	0.0	0.0	0.0	0.19374655	0.296851	0.0	0.0	0.0	0.0	0.0	0.0	0.28206405	0.15319152	0.0	0.0057677026	0.14334618	0.0	0.0	0.0	0.3699616	0.13291498	0.1972847	0.032858025	0.0	0.0	0.06581795	0.189833	0.22962797	0.14124542	0.0	0.0	0.0	0.0	0.0	0.0	0.029800015	0.0	0.2921382	0.0	0.0	0.0	0.0	0.0
0.0	0.10041592	0.0	0.5369162	0.0	0.0	0.14009005	0.0	0.0	0.0	0.0	0.0	0.0	0.0	0.3620861	0.109232426	0.43281475	0.0	0.33365262	0.0	0.0	0.22104697	0.0	0.0	0.0	0.25936738	0.0	0.0	0.0	0.0	0.16673142	0.0	0.2962423	0.0	0.0	0.0	0.0	0.0	0.0	0.0	0.1608183	3.30753e-05	0.0	0.0	0.20105165	0.0	0.28664556	0.0	0.11253223	0.0	0.00014465675	0.0	0.0	0.0	0.0	0.0	0.0	0.0	0.0	0.17441829	0.35053667	0.14206634	0.0	0.0	0.0	0.0	0.3321917	0.0	0.0	0.31027672	0.0	0.0	0.0	0.0	0.0	0.30378628	0.0	0.06585484	0.049775187	0.0	0.0	0.08236853	0.2924044	0.0	0.24946724	0.0	0.0	0.0	0.19568469	0.30521348	0.0	0.0	0.0	0.0	0.0	0.0	0.28058615	0.15787001	0.0	0.0039809416	0.14913352	0.0	0.0	0.0	0.37644967	0.13444008	0.19438829	0.036138237	0.0	0.0	0.064455606	0.17364664	0.2284395	0.14606725	0.0	0.0	0.0	0.0	0.0	0.0	0.033484932	0.0	0.29821494	0.0	0.0	0.0	0.0	0.0
0.0	0.12724577	0.0	0.52548534	0.0	0.0	0.15194704	0.0	0.0	0.0	0.0	0.0	0.0	0.0	0.37093928	0.11997655	0.4217992	0.0	0.34217533	0.0	0.0	0.2329443	0.0	0.0	0.0	0.26686928	0.0	0.0	0.0	0.0	0.16127019	0.0	0.3115436	0.0	0.0	0.0	0.0	0.0	0.0	0.0	0.16430682	0.0	0.0	0.0	0.20973958	0.0	0.27724898	0.0	0.11442593	0.0	0.0040557324	0.0	0.0	0.0	0.0	0.0	0.0	0.0	0.0	0.18996723	0.32063815	0.13760713	0.0	0.0	0.0	0.0	0.3192176	0.0	0.0	0.29456002	0.0	0.0	0.0	0.0	0.0	0.29573295	0.0	0.07455644	0.060154665	0.0	0.0	0.077452675	0.31153512	0.0	0.25353056	0.0	0.0	0.0	0.21169943	0.2921479	0.0	0.0	0.0	0.0	0.0	0.0	0.2744296	0.15591796	0.0	0.0	0.12611918	0.0	0.0	0.0	0.38336873	0.12872256	0.2137922	0.04092334	0.0	0.0	0.07936949	0.21830042	0.23657279	0.14010839	0.0	0.0	0.0	0.0	0.0	0.0	0.02578269	0.0	0.2862098	0.0	0.0	0.0	0.0	0.0
0.0	0.15480237	0.0	0.58975905	0.0	0.0	0.17534025	0.0	0.0	0.0	0.0	0.0	0.0	0.0	0.43737283	0.14912899	0.43665043	0.0	0.35727167	0.0	0.0	0.28815633	0.0	0.0	0.0	0.28849676	0.0	0.0	0.0	0.0	0.1337961	0.0	0.3749126	0.0	0.0	0.0	0.0	0.0	0.0	0.0	0.13345875	0.0	0.0	0.0	0.24416716	0.0	0.29413018	0.0	0.13323008	0.0	0.00043891123	0.0	0.0	0.0	0.0	0.0	0.0	0.0	0.0	0.18280388	0.30202067	0.1631835	0.0	0.0	0.0	0.0	0.34694374	0.0	0.0	0.2900706	0.0	0.0	0.0	0.0	0.0	0.337837	0.0	0.078316584	0.0624193	0.0	0.0	0.10109571	0.3565928	0.0	0.28209	0.0	0.0	0.0	0.21992888	0.28414243	0.0	0.0	0.0	0.0	0.0	0.0	0.28401744	0.14157553	0.0	0.0	0.09883519	0.0	0.0	0.0	0.414332	0.10609484	0.2485833	0.012543173	0.0	0.0	0.06826244	0.26418567	0.28016415	0.14823411	0.0	0.0	0.0	0.0	0.0	0.0	0.021415478	0.0	0.29288766	0.0	0.0	0.0	0.0	0.0
0.0	0.15797733	0.0	0.50692636	0.0	0.0	0.16853015	0.0	0.0	0.0	0.0	0.0	0.0	0.0	0.38114572	0.118846476	0.41066957	0.0	0.34080544	0.0	0.0	0.2506362	0.0	0.0	0.0	0.2706637	0.0	0.0	0.0	0.0	0.15090384	0.0	0.31604168	0.0	0.0	0.0	0.0	0.0	0.0	0.0	0.17938954	0.0	0.0	0.0	0.20280802	0.0	0.26260906	0.0	0.12729254	0.0	0.0	0.0	0.0	0.0	0.0	0.0	0.0	0.0	0.0	0.20063728	0.29257283	0.15669732	0.0	0.0	0.0	0.0	0.29531595	0.0	0.0	0.28524622	0.0	0.0	0.0	0.0	0.0	0.308063	0.0	0.09047092	0.07042075	0.0	0.0	0.059787404	0.34263328	0.0	0.26114914	0.0	0.0	0.0	0.22685422	0.28548047	0.0	0.0	0.0	0.0	0.0	0.0	0.27421376	0.1608493	0.0	0.0	0.10956091	0.0	0.0	0.0	0.40488842	0.11989685	0.24884969	0.04985656	0.0	0.0	0.10607169	0.2635976	0.23730163	0.14251189	0.0	0.0	0.0	0.0	0.0	0.0	0.014799747	0.0	0.28277132	0.0	0.0	0.0	0.0	0.0
0.0	0.13890444	0.0	0.5631283	0.0	0.0	0.1602693	0.0	0.0	0.0	0.0	0.0	0.0	0.0	0.40064046	0.1458342	0.43003082	0.0	0.363662	0.0	0.0	0.25399747	0.0	0.0	0.0	0.27758312	0.0	0.0	0.0	0.0	0.14844646	0.0	0.34737384	0.0	0.0	0.0	0.0	0.0	0.0	0.0	0.13966851	0.0	0.0	0.0	0.23188274	0.0	0.29279986	0.0	0.12229788	0.0	0.0016079681	0.0	0.0	0.0	0.0	0.0	0.0	0.0	0.0	0.18333091	0.3185915	0.15179373	0.0	0.0	0.0	0.0	0.3375028	0.0	0.0	0.29048416	0.0	0.0	0.0	0.0	0.0	0.3047109	0.0	0.07602035	0.06158538	0.0	0.0	0.098512866	0.33435377	0.0	0.25789818	0.0	0.0	0.0	0.2183026	0.27788392	0.0	0.0	0.0	0.0	0.0	0.0	0.2752557	0.14898048	0.0	0.00035443468	0.115565754	0.0	0.0	0.0	0.3920189	0.12524037	0.22288232	0.023551255	0.0	0.0	0.06787896	0.24207328	0.2715526	0.14438434	0.0	0.0	0.0	0.0	0.0	0.0	0.025802305	0.0	0.28383425	0.0	0.0	0.0	0.0	0.0
0.0	0.1132027	0.0	0.5491203	0.0	0.0	0.14505884	0.0	0.0	0.0	0.0	0.0	0.0	0.0	0.381644	0.118660934	0.43017522	0.0	0.33438006	0.0	0.0	0.24267262	0.0	0.0	0.0	0.2690756	0.0	0.0	0.0	0.0	0.15999833	0.0	0.31294584	0.0	0.0	0.0	0.0	0.0	0.0	0.0	0.153172	0.0018704269	0.0	0.0	0.20930089	0.0	0.282082	0.0	0.120027065	0.0	0.0011125095	0.0	0.0	0.0	0.0	0.0	0.0	0.0	0.0	0.18342863	0.33471715	0.14528933	0.0	0.0	0.0	0.0	0.33391345	0.0	0.0	0.30887234	0.0	0.0	0.0	0.0	0.0	0.3150985	0.0	0.06565574	0.05688118	0.0	0.0	0.08517208	0.3072758	0.0	0.26601717	0.0	0.0	0.0	0.2050339	0.3046842	0.0	0.0	0.0	0.0	0.0	0.0	0.28875393	0.1476883	0.0	0.0043076314	0.13706422	0.0	0.0	0.0	0.3910724	0.12775277	0.20879662	0.031034315	0.0	0.0	0.075473376	0.20202382	0.23327398	0.1406023	0.0	0.0	0.0	0.0	0.0	0.0	0.026314223	0.0	0.29845965	0.0	0.0	0.0	0.0	0.0
0.0	0.15296736	0.0	0.47726348	0.0	0.0	0.17387457	0.0	0.0	0.0	0.0	0.0	0.0	0.0	0.34146068	0.12027818	0.4089239	0.0	0.3470222	0.0	0.0	0.21873997	0.0	0.0	0.0	0.2662526	0.0	0.0	0.0	0.0	0.16639535	0.0	0.28776702	0.0	0.0	0.0	0.0	0.0	0.0	0.0	0.17967941	0.0	0.0	0.0	0.20073092	0.0	0.26934126	0.0	0.105890654	0.0	0.0018722588	0.0	0.0	0.0	0.0	0.0	0.0	0.0	0.0	0.19598301	0.3018715	0.13801074	0.0	0.0	0.0	0.0	0.2944151	0.0	0.0	0.2680317	0.0	0.0	0.0	0.0	0.0	0.25721753	0.0	0.08975833	0.06428812	0.0	0.0	0.063039504	0.30595386	0.0	0.22860849	0.0	0.0	0.0	0.21838687	0.2673714	0.0	0.0	0.0	0.0	0.0	0.0	0.24424936	0.17037152	0.0	0.0	0.123507224	0.0	0.0	0.0	0.3662823	0.13251409	0.21123488	0.06254032	0.0	0.0	0.09706094	0.23965259	0.2269506	0.13919057	0.0	0.0	0.0	0.0	0.0	0.0	0.013606146	0.0	0.25980848	0.0	0.0	0.0	0.0	0.0
0.0	0.1433081	0.0	0.5048545	0.0	0.0	0.16969697	0.0	0.0	0.0	0.0	0.0	0.0	0.0	0.35501933	0.11562878	0.4175808	0.0	0.33178797	0.0	0.0	0.2382232	0.0	0.0	0.0	0.26251435	0.0	0.0	0.0	0.0	0.16108947	0.0	0.29822692	0.0	0.0	0.0	0.0	0.0	0.0	0.0	0.17613077	0.0	0.0	0.0	0.19905384	0.0	0.26720884	0.0	0.119441874	0.0	0.0	0.0	0.0	0.0	0.0	0.0	0.0	0.0	0.0	0.19835384	0.30558702	0.1483004	0.0	0.0	0.0	0.0	0.29821342	0.0	0.0	0.28407964	0.0	0.0	0.0	0.0	0.0	0.28547618	0.0	0.084452145	0.06652687	0.0	0.0	0.06742268	0.32368684	0.0	0.2450474	0.0	0.0	0.0	0.21548116	0.27956498	0.0	0.0	0.0	0.0	0.0	0.0	0.26747456	0.16686471	0.0	0.0	0.12311218	0.0	0.0	0.0	0.3870913	0.12283114	0.22688992	0.057479005	0.0	0.0	0.096565306	0.23908965	0.23114048	0.13961746	0.0	0.0	0.0	0.0	0.0	0.0	0.01572945	0.0	0.27657866	0.0	0.0	0.0	0.0	0.0
0.0	0.16385436	0.0	0.46017134	0.0	0.0	0.18300863	0.0	0.0	0.0	0.0	0.0	0.0	0.0	0.33771837	0.120806545	0.4030057	0.0	0.33972192	0.0	0.0	0.22646512	0.0	0.0	0.0	0.25786185	0.0	0.0	0.0	0.0	0.1678658	0.0	0.28903902	0.0	0.0	0.0	0.0	0.0	0.0	0.0	0.18393303	0.0	0.0	0.0	0.199912	0.0	0.2702567	0.0	0.107144564	0.0	0.0040625515	0.0	0.0	0.0	0.0	0.0	0.0	0.0	0.0	0.20053832	0.28925052	0.13939843	0.0	0.0	0.0	0.0	0.2765846	0.0	0.0	0.26218393	0.0	0.0	0.0	0.0	0.0	0.25172886	0.0	0.094179206	0.0694517	0.0	0.0	0.057286236	0.31729576	0.0	0.22445337	0.0	0.0	0.0	0.23137002	0.26097083	0.0	0.0	0.0	0.0	0.0	0.0	0.23158316	0.17848182	0.0	0.0	0.11018915	0.0	0.0	0.0	0.37798443	0.12272934	0.22380154	0.07726047	0.0	0.0	0.10455415	0.26060027	0.23343186	0.14256369	0.0	0.0	0.0	0.0	0.0	0.0	0.007992302	0.0	0.25519717	0.0	0.0	0.0	0.0	0.0
0.0	0.14833602	0.0	0.4861456	0.0	0.0	0.16706677	0.0	0.0	0.0	0.0	0.0	0.0	0.0	0.35469732	0.11795903	0.4099075	0.0	0.34654197	0.0	0.0	0.22190408	0.0	0.0	0.0	0.26418602	0.0	0.0	0.0	0.0	0.16200568	0.0	0.29710418	0.0	0.0	0.0	0.0	0.0	0.0	0.0	0.17775804	0.0	0.0	0.0	0.20298326	0.0	0.26958	0.0	0.113073595	0.0	0.0021870807	0.0	0.0	0.0	0.0	0.0	0.0	0.0	0.0	0.19549799	0.30325684	0.14331728	0.0	0.0	0.0	0.0	0.29293436	0.0	0.0	0.2719129	0.0	0.0	0.0	0.0	0.0	0.26745763	0.0	0.08739629	0.062924474	0.0	0.0	0.063996755	0.31690252	0.0	0.23571795	0.0	0.0	0.0	0.22006749	0.27220526	0.0	0.0	0.0	0.0	0.0	0.0	0.2511978	0.16376966	0.0	0.0	0.11814844	0.0	0.0	0.0	0.38003668	0.12899084	0.21855323	0.061890766	0.0	0.0	0.096283786	0.2406885	0.23040561	0.13543682	0.0	0.0	0.0	0.0	0.0	0.0	0.018802382	0.0	0.26741394	0.0	0.0	0.0	0.0	0.0
0.0	0.13285778	0.0	0.49639192	0.0	0.0	0.16024058	0.0	0.0	0.0	0.0	0.0	0.0	0.0	0.33409932	0.11490529	0.41428754	0.0	0.3419967	0.0	0.0	0.21067715	0.0	0.0	0.0	0.2630237	0.0	0.0	0.0	0.0	0.16847305	0.0	0.27972606	0.0	0.0	0.0	0.0	0.0	0.0	0.0	0.17016466	0.0	0.0	0.0	0.19895123	0.0	0.26993826	0.0	0.106000505	0.0	0.004530041	0.0	0.0	0.0	0.0	0.0	0.0	0.0	0.0	0.18673372	0.31778455	0.12881142	0.0	0.0	0.0	0.0	0.30742797	0.0	0.0	0.2737571	0.0	0.0	0.0	0.0	0.0	0.25990945	0.0	0.080531836	0.06251935	0.0	0.0	0.07365672	0.28553793	0.0	0.22818315	0.0	0.0	0.0	0.2013619	0.27183732	0.0	0.0	0.0	0.0	0.0	0.0	0.25364062	0.16713254	0.0	0.0	0.13346885	0.0	0.0	0.0	0.35608807	0.13490556	0.19075663	0.048332077	0.0	0.0	0.078044266	0.20904176	0.223	0.13800769	0.0	0.0	0.0	0.0	0.0	0.0	0.020387786	0.0	0.26559007	0.0	0.0	0.0	0.0	0.0
0.0	0.15510981	0.0	0.48038065	0.0	0.0	0.17174906	0.0	0.0	0.0	0.0	0.0	0.0	0.0	0.3561755	0.11569625	0.4059498	0.0	0.34094346	0.0	0.0	0.22689517	0.0	0.0	0.0	0.2623782	0.0	0.0	0.0	0.0	0.1581152	0.0	0.29732582	0.0	0.0	0.0	0.0	0.0	0.0	0.0	0.18402427	0.0	0.0	0.0	0.19947378	0.0	0.2623926	0.0	0.1147769	0.0	0.0	0.0	0.0	0.0	0.0	0.0	0.0	0.0	0.0	0.19746828	0.29489303	0.14592604	0.0	0.0	0.0	0.0	0.28341052	0.0	0.0	0.2716304	0.0	0.0	0.0	0.0	0.0	0.27052298	0.0	0.09189493	0.06544072	0.0	0.0	0.05781016	0.32423255	0.0	0.24259166	0.0	0.0	0.0	0.22368772	0.27639902	0.0	0.0	0.0	0.0	0.0	0.0	0.24986191	0.16890597	0.0	0.0	0.11387875	0.0	0.0	0.0	0.38338637	0.12389487	0.22858393	0.06528912	0.0	0.0	0.1043862	0.2505008	0.23007013	0.13734974	0.0	0.0	0.0	0.0	0.0	0.0	0.014904928	0.0	0.2714605	0.0	0.0	0.0	0.0	0.0
0.0	0.15683906	0.0	0.47851446	0.0	0.0	0.17328198	0.0	0.0	0.0	0.0	0.0	0.0	0.0	0.34976915	0.11232647	0.40754512	0.0	0.33461848	0.0	0.0	0.22958358	0.0	0.0	0.0	0.25742924	0.0	0.0	0.0	0.0	0.15860419	0.0	0.2926588	0.0	0.0	0.0	0.0	0.0	0.0	0.0	0.18842463	0.0	0.0	0.0	0.19600691	0.0	0.25781295	0.0	0.119865954	0.0	0.0003931684	0.0	0.0	0.0	0.0	0.0	0.0	0.0	0.0	0.20234783	0.29139647	0.15044911	0.0	0.0	0.0	0.0	0.27875623	0.0	0.0	0.27163285	0.0	0.0	0.0	0.0	0.0	0.2743925	0.0	0.09474512	0.06933845	0.0	0.0	0.059401523	0.3321885	0.0	0.23267074	0.0	0.0	0.0	0.22350909	0.26823872	0.0	0.0	0.0	0.0	0.0	0.0	0.25290057	0.1693399	0.0	0.0	0.11004525	0.0	0.0	0.0	0.38736352	0.12398972	0.23514785	0.0687313	0.0	0.0	0.10656136	0.25909308	0.22826298	0.13779305	0.0	0.0	0.0	0.0	0.0	0.0	0.012880196	0.0	0.27001867	0.0	0.0	0.0	0.0	0.0
0.0	0.15377407	0.0	0.4866587	0.0	0.0	0.17616086	0.0	0.0	0.0	0.0	0.0	0.0	0.0	0.3454	0.12407825	0.41225055	0.0	0.3382744	0.0	0.0	0.2322189	0.0	0.0	0.0	0.2580545	0.0	0.0	0.0	0.0	0.15910803	0.0	0.29544795	0.0	0.0	0.0	0.0	0.0	0.0	0.0	0.17467739	0.0	0.0	0.0	0.20294957	0.0	0.26648954	0.0	0.114395946	0.0	0.0	0.0	0.0	0.0	0.0	0.0	0.0	0.0	0.0	0.19803579	0.2966094	0.14355181	0.0	0.0	0.0	0.0	0.29215553	0.0	0.0	0.27077726	0.0	0.0	0.0	0.0	0.0	0.26900303	0.0	0.08954581	0.06777196	0.0	0.0	0.0652153	0.32017252	0.0	0.23559476	0.0	0.0	0.0	0.22715177	0.26591876	0.0	0.0	0.0	0.0	0.0	0.0	0.24796872	0.16890152	0.0	0.0	0.11685127	0.0	0.0	0.0	0.37755215	0.12450877	0.22427028	0.06329575	0.0	0.0	0.10068186	0.2474692	0.23496003	0.1401152	0.0	0.0	0.0	0.0	0.0	0.0	0.013152468	0.0	0.26578638	0.0	0.0	0.0	0.0	0.0
0.0	0.15973313	0.0	0.6753878	0.0	0.0	0.18605636	0.0	0.0	0.0	0.0	0.0	0.0	0.0	0.51501137	0.17991173	0.4534664	0.0	0.37907818	0.0	0.0	0.32372895	0.0	0.0	0.0	0.3182632	0.0	0.0	0.0	0.0	0.12986565	0.0	0.4314855	0.0	0.0	0.0	0.0	0.0	0.0	0.0	0.09495016	0.0	0.0	0.0	0.2962102	0.0	0.3178668	0.0	0.12832768	0.0	0.00026972467	0.0	0.0	0.0	0.0	0.0	0.0	0.0	0.0	0.15971477	0.31540832	0.17365043	0.0	0.0	0.0	0.0	0.40921864	0.0	0.0	0.28604487	0.0	0.0	0.0	0.0	0.0	0.38125634	0.0	0.06758268	0.04955251	0.0	0.0	0.14027314	0.37199566	0.0	0.31565243	0.0	0.0	0.0	0.2002979	0.2791054	0.0	0.0	0.0	0.0	0.0	0.0	0.3021864	0.114390336	0.0	0.0	0.10118125	0.0	0.0	0.0	0.42226717	0.09411482	0.24435914	0.0	0.0	0.0	0.039445903	0.26600942	0.31396487	0.15672839	0.0	0.0	0.0	0.0	0.0	0.0	0.040579703	0.0	0.29781482	0.0	0.0	0.0	0.0	0.0
0.0	0.10288889	0.0	0.55919963	0.0	0.0	0.13307838	0.0	0.0	0.0	0.0	0.0	0.0	0.0	0.36316445	0.11446593	0.43204415	0.0	0.33820274	0.0	0.0	0.22678374	0.0	0.0	0.0	0.26660466	0.0	0.0	0.0	0.0	0.15790156	0.0	0.30057117	0.0	0.0	0.0	0.0	0.0	0.0	0.0	0.16301952	0.0011801627	0.0	0.0	0.20326644	0.0	0.2787116	0.0	0.11608785	0.0	0.0014824854	0.0	0.0	0.0	0.0	0.0	0.0	0.0	0.0	0.17986803	0.3496448	0.1370003	0.0	0.0	0.0	0.0	0.3392919	0.0	0.0	0.30490398	0.0	0.0	0.0	0.0	0.0	0.31066146	0.0	0.06345289	0.059875567	0.0	0.0	0.094593346	0.28966978	0.0	0.2609615	0.0	0.0	0.0	0.1877826	0.30457982	0.0	0.0	0.0	0.0	0.0	0.0	0.29186583	0.14586581	0.0	0.008455935	0.14626342	0.0	0.0	0.0	0.3726814	0.13191585	0.18732654	0.024573507	0.0	0.0	0.0591803	0.17893024	0.22693187	0.1333788	0.0	0.0	0.0	0.0	0.0	0.0	0.040490076	0.0	0.2984887	0.0	0.0	0.0	0.0	0.0
0.0	0.13789408	0.0	0.49851832	0.0	0.0	0.16126506	0.0	0.0	0.0	0.0	0.0	0.0	0.0	0.3586366	0.11720574	0.41480044	0.0	0.34464693	0.0	0.0	0.22061284	0.0	0.0	0.0	0.26501018	0.0	0.0	0.0	0.0	0.16245238	0.0	0.2970743	0.0	0.0	0.0	0.0	0.0	0.0	0.0	0.17742985	0.0	0.0	0.0	0.2039721	0.0	0.2696451	0.0	0.11117945	0.0	0.0021223004	0.0	0.0	0.0	0.0	0.0	0.0	0.0	0.0	0.19111413	0.31273696	0.14238976	0.0	0.0	0.0	0.0	0.30488887	0.0	0.0	0.28180265	0.0	0.0	0.0	0.0	0.0	0.2780888	0.0	0.082936056	0.063286	0.0	0.0	0.06830457	0.31188896	0.0	0.24346562	0.0	0.0	0.0	0.21329963	0.27838358	0.0	0.0	0.0	0.0	0.0	0.0	0.2596251	0.16602789	0.0	0.0	0.12391937	0.0	0.0	0.0	0.37497315	0.12800847	0.21362714	0.051928908	0.0	0.0	0.0885516	0.2267018	0.23042631	0.13879122	0.0	0.0	0.0	0.0	0.0	0.0	0.02064666	0.0	0.2770454	0.0	0.0	0.0	0.0	0.0
0.0	0.14623803	0.0	0.49033287	0.0	0.0	0.16492897	0.0	0.0	0.0	0.0	0.0	0.0	0.0	0.365351	0.10989979	0.4081237	0.0	0.33421326	0.0	0.0	0.23442642	0.0	0.0	0.0	0.2575762	0.0	0.0	0.0	0.0	0.15452577	0.0	0.30503872	0.0	0.0	0.0	0.0	0.0	0.0	0.0	0.18541576	0.0	0.0	0.0	0.1993488	0.0	0.261241	0.0	0.12123218	0.0	0.00040352592	0.0	0.0	0.0	0.0	0.0	0.0	0.0	0.0	0.19902742	0.29685393	0.15169547	0.0	0.0	0.0	0.0	0.28136936	0.0	0.0	0.28354183	0.0	0.0	0.0	0.0	0.0	0.28828388	0.0	0.089506745	0.0632808	0.0	0.0	0.056313246	0.33777642	0.0	0.25011426	0.0	0.0	0.0	0.22608776	0.28429466	0.0	0.0	0.0	0.0	0.0	0.0	0.26222616	0.16365707	0.0	0.0	0.1076706	0.0	0.0	0.0	0.39767542	0.120377876	0.23884034	0.062882975	0.0	0.0	0.10414994	0.24997616	0.23336779	0.1357069	0.0	0.0	0.0	0.0	0.0	0.0	0.018148253	0.0	0.28289518	0.0	0.0	0.0	0.0	0.0
0.0	0.15957783	0.0	0.46592677	0.0	0.0	0.17316632	0.0	0.0	0.0	0.0	0.0	0.0	0.0	0.34451315	0.11647207	0.40321016	0.0	0.34055412	0.0	0.0	0.22013164	0.0	0.0	0.0	0.25767606	0.0	0.0	0.0	0.0	0.16409983	0.0	0.28739238	0.0	0.0	0.0	0.0	0.0	0.0	0.0	0.18622713	0.0	0.0	0.0	0.19884497	0.0	0.2637686	0.0	0.108736835	0.0	0.002672296	0.0	0.0	0.0	0.0	0.0	0.0	0.0	0.0	0.19436951	0.29247513	0.14248388	0.0	0.0	0.0	0.0	0.2779398	0.0	0.0	0.26324925	0.0	0.0	0.0	0.0	0.0	0.25597557	0.0	0.0909405	0.06723856	0.0	0.0	0.05731094	0.31693056	0.0	0.23145704	0.0	0.0	0.0	0.22384398	0.26455274	0.0	0.0	0.0	0.0	0.0	0.0	0.24034111	0.17375542	0.0	0.0	0.11653004	0.0	0.0	0.0	0.37862158	0.12676208	0.22444129	0.07126411	0.0	0.0	0.10007148	0.25140926	0.22651963	0.1341914	0.0	0.0	0.0	0.0	0.0	0.0	0.0122487275	0.0	0.26254395	0.0	0.0	0.0	0.0	0.0
0.0	0.12720087	0.0	0.5144966	0.0	0.0	0.16264729	0.0	0.0	0.0	0.0	0.0	0.0	0.0	0.341513	0.1312225	0.423808	0.0	0.3439827	0.0	0.0	0.22738747	0.0	0.0	0.0	0.26433334	0.0	0.0	0.0	0.0	0.15869033	0.0	0.28146902	0.0	0.0	0.0	0.0	0.0	0.0	0.0	0.16271958	0.0	0.0	0.0	0.19860566	0.0	0.27176344	0.0	0.112807095	0.0	0.005508185	0.0	0.0	0.0	0.0	0.0	0.0	0.0	0.0	0.18405144	0.32163575	0.13012658	0.0	0.0	0.0	0.0	0.318693	0.0	0.0	0.27463952	0.0	0.0	0.0	0.0	0.0	0.2619971	0.0	0.07826138	0.07582701	0.0	0.0	0.085672915	0.2891506	0.0	0.23416263	0.0	0.0	0.0	0.20657784	0.27404442	0.0	0.0	0.0	0.0	0.0	0.0	0.2562043	0.16221921	0.0	0.0	0.13693203	0.0	0.0	0.0	0.35611224	0.13643189	0.19059499	0.04019755	0.0	0.0	0.077130444	0.20780222	0.22863464	0.13812907	0.0	0.0	0.0	0.0	0.0	0.0	0.023416847	0.0	0.26738724	0.0	0.0	0.0	0.0	0.0
0.0	0.11320507	0.0	0.5293329	0.0	0.0	0.14247462	0.0	0.0	0.0	0.0	0.0	0.0	0.0	0.3689661	0.11416504	0.4239068	0.0	0.34708002	0.0	0.0	0.21953106	0.0	0.0	0.0	0.26764265	0.0	0.0	0.0	0.0	0.16188884	0.0	0.29888058	0.0	0.0	0.0	0.0	0.0	0.0	0.0	0.16454026	0.0	0.0	0.0	0.20423216	0.0	0.2800582	0.0	0.1153576	0.0	0.0027877514	0.0	0.0	0.0	0.0	0.0	0.0	0.0	0.0	0.18301837	0.3342212	0.14353848	0.0	0.0	0.0	0.0	0.32079557	0.0	0.0	0.29309687	0.0	0.0	0.0	0.0	0.0	0.29024756	0.0	0.0713708	0.05699389	0.0	0.0	0.07960767	0.30197382	0.0	0.25028408	0.0	0.0	0.0	0.1997962	0.2906419	0.0	0.0	0.0	0.0	0.0	0.0	0.27536795	0.15763456	0.0	0.0	0.13945557	0.0	0.0	0.0	0.37045607	0.13622667	0.19738175	0.03326495	0.0	0.0	0.06992903	0.20222418	0.23642914	0.13506745	0.0	0.0	0.0	0.0	0.0	0.0	0.03068102	0.0	0.2879405	0.0	0.0	0.0	0.0	0.0
0.0	0.14906295	0.0	0.47949794	0.0	0.0	0.1700898	0.0	0.0	0.0	0.0	0.0	0.0	0.0	0.34868073	0.11661526	0.41449317	0.0	0.34493852	0.0	0.0	0.21808608	0.0	0.0	0.0	0.2605358	0.0	0.0	0.0	0.0	0.16237405	0.0	0.28569326	0.0	0.0	0.0	0.0	0.0	0.0	0.0	0.17887224	0.0	0.0	0.0	0.19603783	0.0	0.27326092	0.0	0.11278585	0.0	0.004863262	0.0	0.0	0.0	0.0	0.0	0.0	0.0	0.0	0.19205809	0.29988757	0.14077277	0.0	0.0	0.0	0.0	0.287601	0.0	0.0	0.26937377	0.0	0.0	0.0	0.0	0.0	0.25926995	0.0	0.08565756	0.067737974	0.0	0.0	0.06770373	0.30973962	0.0	0.23044308	0.0	0.0	0.0	0.21715033	0.2663356	0.0	0.0	0.0	0.0	0.0	0.0	0.2476352	0.17006291	0.0	0.0	0.1250467	0.0	0.0	0.0	0.37212786	0.13181067	0.21342908	0.060717076	0.0	0.0	0.09045184	0.23664393	0.23123665	0.1339513	0.0	0.0	0.0	0.0	0.0	0.0	0.017127605	0.0	0.26353136	0.0	0.0	0.0	0.0	0.0
0.0	0.12307989	0.0	0.5202978	0.0	0.0	0.16047187	0.0	0.0	0.0	0.0	0.0	0.0	0.0	0.35913765	0.11787221	0.43965206	0.0	0.32929328	0.0	0.0	0.25130963	0.0	0.0	0.0	0.26047146	0.0	0.0	0.0	0.0	0.16495095	0.0	0.29224887	0.0	0.0	0.0	0.0	0.0	0.0	0.0	0.15530133	0.0	0.0	0.0	0.18300915	0.0	0.29174414	0.0	0.12685293	0.0	8.4808715e-05	0.0	0.0	0.0	0.0	0.0	0.0	0.0	0.0	0.18548632	0.3153722	0.14731179	0.0	0.0	0.0	0.0	0.30739143	0.0	0.0	0.3006152	0.0	0.0	0.0	0.0	0.0	0.2927998	0.0	0.073411755	0.065890856	0.0	0.0	0.07685455	0.30845538	0.0	0.23909974	0.0	0.0	0.0	0.21562864	0.28597093	0.0	0.0	0.0	0.0	0.0	0.0	0.27894983	0.17970426	0.0	0.0	0.14303988	0.0	0.0	0.0	0.3953371	0.13310903	0.22182637	0.04761079	0.0	0.0	0.08097341	0.20638855	0.23541053	0.15578575	0.0	0.0	0.0	0.0	0.0	0.0	0.015775084	0.0	0.27861476	0.0	0.0	0.0	0.0	0.0
0.0	0.1550488	0.0	0.48058435	0.0	0.0	0.17304118	0.0	0.0	0.0	0.0	0.0	0.0	0.0	0.3541752	0.11550469	0.4134632	0.0	0.34536597	0.0	0.0	0.22474499	0.0	0.0	0.0	0.2629743	0.0	0.0	0.0	0.0	0.15955949	0.0	0.29552734	0.0	0.0	0.0	0.0	0.0	0.0	0.0	0.18128179	0.0	0.0	0.0	0.19868577	0.0	0.26719287	0.0	0.116489284	0.0	0.003310375	0.0	0.0	0.0	0.0	0.0	0.0	0.0	0.0	0.20097911	0.29611406	0.14621969	0.0	0.0	0.0	0.0	0.28318796	0.0	0.0	0.26629987	0.0	0.0	0.0	0.0	0.0	0.26449993	0.0	0.09016258	0.06838581	0.0	0.0	0.0647633	0.32562402	0.0	0.23455639	0.0	0.0	0.0	0.22387062	0.26267973	0.0	0.0	0.0	0.0	0.0	0.0	0.24730535	0.17244945	0.0	0.0	0.11185866	0.0	0.0	0.0	0.38033152	0.12512203	0.22530912	0.065981455	0.0	0.0	0.098475896	0.25380716	0.23630428	0.14020713	0.0	0.0	0.0	0.0	0.0	0.0	0.018259117	0.0	0.2660683	0.0	0.0	0.0	0.0	0.0
0.0	0.15411736	0.0	0.4898872	0.0	0.0	0.16870086	0.0	0.0	0.0	0.0	0.0	0.0	0.0	0.36465538	0.11147514	0.4099218	0.0	0.33698025	0.0	0.0	0.23710798	0.0	0.0	0.0	0.265435	0.0	0.0	0.0	0.0	0.16008224	0.0	0.3006657	0.0	0.0	0.0	0.0	0.0	0.0	0.0	0.1801972	0.0	0.0	0.0	0.19437174	0.0	0.26739547	0.0	0.117212854	0.0	0.0051716454	0.0	0.0	0.0	0.0	0.0	0.0	0.0	0.0	0.19375181	0.2967898	0.1500049	0.0	0.0	0.0	0.0	0.2806404	0.0	0.0	0.27761665	0.0	0.0	0.0	0.0	0.0	0.27925125	0.0	0.08500469	0.06729906	0.0	0.0	0.06037615	0.3319637	0.0	0.24595232	0.0	0.0	0.0	0.22479777	0.27490887	0.0	0.0	0.0	0.0	0.0	0.0	0.25446117	0.17509937	0.0	0.0	0.11593204	0.0	0.0	0.0	0.3938221	0.11795572	0.23609531	0.06439776	0.0	0.0	0.10043096	0.25433603	0.23309295	0.13865334	0.0	0.0	0.0	0.0	0.0	0.0	0.015055184	0.0	0.27361766	0.0	0.0	0.0	0.0	0.0
0.0	0.12272257	0.0	0.5008376	0.0	0.0	0.1542218	0.0	0.0	0.0	0.0	0.0	0.0	0.0	0.336931	0.111911915	0.4197422	0.0	0.34563446	0.0	0.0	0.19998674	0.0	0.0	0.0	0.26671588	0.0	0.0	0.0	0.0	0.16797476	0.0	0.27821407	0.0	0.0	0.0	0.0	0.0	0.0	0.0	0.1612855	0.0	0.0	0.0	0.19833563	0.0	0.27704766	0.0	0.10042473	0.0	0.0069574215	0.0	0.0	0.0	0.0	0.0	0.0	0.0	0.0	0.18242562	0.3255109	0.12994337	0.0	0.0	0.0	0.0	0.315783	0.0	0.0	0.27705804	0.0	0.0	0.0	0.0	0.0	0.25941148	0.0	0.071807235	0.05771555	0.0	0.0	0.08039378	0.27244893	0.0	0.22589739	0.0	0.0	0.0	0.19407779	0.27266705	0.0	0.0	0.0	0.0	0.0	0.0	0.25264552	0.16508473	0.0	0.0	0.14291088	0.0	0.0	0.0	0.34765363	0.14124799	0.18063849	0.04174164	0.0	0.0	0.06631684	0.19438045	0.22294438	0.13795875	0.0	0.0	0.0	0.0	0.0	0.0	0.023593826	0.0	0.26523304	0.0	0.0	0.0	0.0	0.0
0.0	0.1402352	0.0	0.5001466	0.0	0.0	0.16698243	0.0	0.0	0.0	0.0	0.0	0.0	0.0	0.3583082	0.1229288	0.42465052	0.0	0.34244975	0.0	0.0	0.22556181	0.0	0.0	0.0	0.2630907	0.0	0.0	0.0	0.0	0.16738582	0.0	0.2937394	0.0	0.0	0.0	0.0	0.0	0.0	0.0	0.16611354	0.0	0.0	0.0	0.19230549	0.0	0.28249177	0.0	0.11652801	0.0	0.004133573	0.0	0.0	0.0	0.0	0.0	0.0	0.0	0.0	0.18358928	0.30692455	0.14333771	0.0	0.0	0.0	0.0	0.3024336	0.0	0.0	0.27998388	0.0	0.0	0.0	0.0	0.0	0.27485403	0.0	0.07848709	0.067585476	0.0	0.0	0.07745222	0.2954837	0.0	0.23009044	0.0	0.0	0.0	0.21023883	0.269559	0.0	0.0	0.0	0.0	0.0	0.0	0.25507763	0.17060566	0.0	0.0	0.14102615	0.0	0.0	0.0	0.3810567	0.13892563	0.21243525	0.050771598	0.0	0.0	0.077972524	0.22189397	0.23153198	0.14336008	0.0	0.0	0.0	0.0	0.0	0.0	0.016674407	0.0	0.26981452	0.0	0.0	0.0	0.0	0.0
0.0	0.14149211	0.0	0.49056622	0.0	0.0	0.16714875	0.0	0.0	0.0	0.0	0.0	0.0	0.0	0.34654942	0.11681581	0.41518292	0.0	0.34270397	0.0	0.0	0.22233264	0.0	0.0	0.0	0.26242718	0.0	0.0	0.0	0.0	0.16132882	0.0	0.28504148	0.0	0.0	0.0	0.0	0.0	0.0	0.0	0.17029218	0.0	0.0	0.0	0.19525532	0.0	0.27091435	0.0	0.11530007	0.0	0.003898725	0.0	0.0	0.0	0.0	0.0	0.0	0.0	0.0	0.19154829	0.30710956	0.14073963	0.0	0.0	0.0	0.0	0.29464915	0.0	0.0	0.27503413	0.0	0.0	0.0	0.0	0.0	0.26396766	0.0	0.08607001	0.06605491	0.0	0.0	0.06841272	0.30546796	0.0	0.22963114	0.0	0.0	0.0	0.21331203	0.2705442	0.0	0.0	0.0	0.0	0.0	0.0	0.25516227	0.17022412	0.0	0.0	0.13112523	0.0	0.0	0.0	0.36956993	0.13434428	0.21130317	0.05571648	0.0	0.0	0.08858428	0.22814457	0.23074551	0.13911235	0.0	0.0	0.0	0.0	0.0	0.0	0.017113654	0.0	0.26693743	0.0	0.0	0.0	0.0	0.0
0.0	0.13782217	0.0	0.5146591	0.0	0.0	0.16428132	0.0	0.0	0.0	0.0	0.0	0.0	0.0	0.3500502	0.118893825	0.4262066	0.0	0.33056998	0.0	0.0	0.23352845	0.0	0.0	0.0	0.26251122	0.0	0.0	0.0	0.0	0.16552593	0.0	0.29069448	0.0	0.0	0.0	0.0	0.0	0.0	0.0	0.17514981	0.0	0.0	0.0	0.18909548	0.0	0.27266654	0.0	0.12386308	0.0	0.00086584064	0.0	0.0	0.0	0.0	0.0	0.0	0.0	0.0	0.1975733	0.30907235	0.14527674	0.0	0.0	0.0	0.0	0.3017526	0.0	0.0	0.2871939	0.0	0.0	0.0	0.0	0.0	0.2922887	0.0	0.07942541	0.073154785	0.0	0.0	0.069461495	0.30942565	0.0	0.23708957	0.0	0.0	0.0	0.20718129	0.27570313	0.0	0.0	0.0	0.0	0.0	0.0	0.27029338	0.16947155	0.0	0.0	0.13300867	0.0	0.0	0.0	0.3809631	0.13232984	0.22066589	0.044409152	0.0	0.0	0.08839858	0.22517808	0.23213132	0.14130627	0.0	0.0	0.0	0.0	0.0	0.0	0.016954398	0.0	0.27349308	0.0	0.0	0.0	0.0	0.0
0.0	0.12474216	0.0	0.49934915	0.0	0.0	0.15810254	0.0	0.0	0.0	0.0	0.0	0.0	0.0	0.3339235	0.11233622	0.42224932	0.0	0.33799562	0.0	0.0	0.21389198	0.0	0.0	0.0	0.26046413	0.0	0.0	0.0	0.0	0.16885687	0.0	0.27788803	0.0	0.0	0.0	0.0	0.0	0.0	0.0	0.16387197	0.0	0.0	0.0	0.19479138	0.0	0.2784164	0.0	0.109848715	0.0	0.00713204	0.0	0.0	0.0	0.0	0.0	0.0	0.0	0.0	0.18336429	0.3218834	0.13266732	0.0	0.0	0.0	0.0	0.304533	0.0	0.0	0.27876168	0.0	0.0	0.0	0.0	0.0	0.25981155	0.0	0.07409458	0.06330624	0.0	0.0	0.0765057	0.2846352	0.0	0.22889192	0.0	0.0	0.0	0.2018739	0.27385202	0.0	0.0	0.0	0.0	0.0	0.0	0.2562814	0.16770011	0.0	0.0	0.1356592	0.0	0.0	0.0	0.35984993	0.13559835	0.18801124	0.04976998	0.0	0.0	0.072769426	0.20507155	0.22745402	0.1381296	0.0	0.0	0.0	0.0	0.0	0.0	0.021962732	0.0	0.267423	0.0	0.0	0.0	0.0	0.0
0.0	0.11980938	0.0	0.5046644	0.0	0.0	0.14863923	0.0	0.0	0.0	0.0	0.0	0.0	0.0	0.3443862	0.10982636	0.42104855	0.0	0.33886155	0.0	0.0	0.20718808	0.0	0.0	0.0	0.25596777	0.0	0.0	0.0	0.0	0.16375117	0.0	0.2788197	0.0	0.0	0.0	0.0	0.0	0.0	0.0	0.16970386	0.0	0.0	0.0	0.19444893	0.0	0.27025035	0.0	0.110705316	0.0	0.0012493668	0.0	0.0	0.0	0.0	0.0	0.0	0.0	0.0	0.18233381	0.3233544	0.13584535	0.0	0.0	0.0	0.0	0.3120393	0.0	0.0	0.2787815	0.0	0.0	0.0	0.0	0.0	0.27206042	0.0	0.07500625	0.06326183	0.0	0.0	0.075687915	0.27945167	0.0	0.23280041	0.0	0.0	0.0	0.19891827	0.2772803	0.0	0.0	0.0	0.0	0.0	0.0	0.26362973	0.15859263	0.0	0.0	0.1445149	0.0	0.0	0.0	0.3612845	0.13747583	0.1921534	0.04112144	0.0	0.0	0.07204306	0.1966318	0.22352283	0.13679977	0.0	0.0	0.0	0.0	0.0	0.0	0.02647294	0.0	0.26993334	0.0	0.0	0.0	0.0	0.0
0.0	0.14008944	0.0	0.4809924	0.0	0.0	0.1677295	0.0	0.0	0.0	0.0	0.0	0.0	0.0	0.33155963	0.11964127	0.41570678	0.0	0.34205678	0.0	0.0	0.20998509	0.0	0.0	0.0	0.25826284	0.0	0.0	0.0	0.0	0.17100959	0.0	0.28210846	0.0	0.0	0.0	0.0	0.0	0.0	0.0	0.17128271	0.0	0.0	0.0	0.19822943	0.0	0.27849242	0.0	0.10504343	0.0	0.0063414522	0.0	0.0	0.0	0.0	0.0	0.0	0.0	0.0	0.19240205	0.31162634	0.13315265	0.0	0.0	0.0	0.0	0.29703927	0.0	0.0	0.26985094	0.0	0.0	0.0	0.0	0.0	0.24968524	0.0	0.08326763	0.06360497	0.0	0.0	0.07075108	0.29240668	0.0	0.22068585	0.0	0.0	0.0	0.21213613	0.26185453	0.0	0.0	0.0	0.0	0.0	0.0	0.24242485	0.17376578	0.0	0.0	0.12974168	0.0	0.0	0.0	0.35673332	0.13509795	0.19797277	0.058942765	0.0	0.0	0.08316769	0.22162361	0.23154266	0.14015281	0.0	0.0	0.0	0.0	0.0	0.0	0.016469812	0.0	0.25995973	0.0	0.0	0.0	0.0	0.0
0.0	0.15460463	0.0	0.47322282	0.0	0.0	0.16895463	0.0	0.0	0.0	0.0	0.0	0.0	0.0	0.34191868	0.11455094	0.4079105	0.0	0.34032738	0.0	0.0	0.21454011	0.0	0.0	0.0	0.2639674	0.0	0.0	0.0	0.0	0.1651103	0.0	0.2842255	0.0	0.0	0.0	0.0	0.0	0.0	0.0	0.18203585	0.0	0.0	0.0	0.19380768	0.0	0.2652968	0.0	0.11100483	0.0	0.0047141784	0.0	0.0	0.0	0.0	0.0	0.0	0.0	0.0	0.19494863	0.29945555	0.14335734	0.0	0.0	0.0	0.0	0.28472385	0.0	0.0	0.26771626	0.0	0.0	0.0	0.0	0.0	0.25921372	0.0	0.08775216	0.064550765	0.0	0.0	0.06167679	0.3191342	0.0	0.23100753	0.0	0.0	0.0	0.21793528	0.26692262	0.0	0.0	0.0	0.0	0.0	0.0	0.24104433	0.17630823	0.0	0.0	0.115656465	0.0	0.0	0.0	0.36951423	0.124828674	0.21696575	0.062218577	0.0	0.0	0.09427068	0.24555884	0.23060517	0.13926531	0.0	0.0	0.0	0.0	0.0	0.0	0.015392554	0.0	0.2616548	0.0	0.0	0.0	0.0	0.0
0.0	0.14313519	0.0	0.57745576	0.0	0.0	0.16753082	0.0	0.0	0.0	0.0	0.0	0.0	0.0	0.44444552	0.14170875	0.4408265	0.0	0.36873445	0.0	0.0	0.27181464	0.0	0.0	0.0	0.2827408	0.0	0.0	0.0	0.0	0.14863347	0.0	0.36321053	0.0	0.0	0.0	0.0	0.0	0.0	0.0	0.13956444	0.0	0.0	0.0	0.23714407	0.0	0.31165853	0.0	0.12631385	0.0	0.0029366713	0.0	0.0	0.0	0.0	0.0	0.0	0.0	0.0	0.1672759	0.32336444	0.17019038	0.0	0.0	0.0	0.0	0.3414944	0.0	0.0	0.30157554	0.0	0.0	0.0	0.0	0.0	0.340943	0.0	0.07285203	0.057009373	0.0	0.0	0.10245862	0.35138562	0.0	0.28038105	0.0	0.0	0.0	0.23360527	0.28917262	0.0	0.0	0.0	0.0	0.0	0.0	0.28208986	0.15382533	0.0	0.0	0.121006094	0.0	0.0	0.0	0.4213179	0.11493645	0.24082208	0.014037429	0.0	0.0	0.07253894	0.2376117	0.27888474	0.16020578	0.0	0.0	0.0	0.0	0.0	0.0	0.024005948	0.0	0.2994285	0.0	0.0	0.0	0.0	0.0
0.0	0.14866035	0.0	0.48293725	0.0	0.0	0.1717385	0.0	0.0	0.0	0.0	0.0	0.0	0.0	0.3436925	0.122206174	0.41754612	0.0	0.34442124	0.0	0.0	0.2209893	0.0	0.0	0.0	0.25913143	0.0	0.0	0.0	0.0	0.17045276	0.0	0.28862652	0.0	0.0	0.0	0.0	0.0	0.0	0.0	0.17342657	0.0	0.0	0.0	0.19529319	0.0	0.27938932	0.0	0.1110183	0.0	0.0052707535	0.0	0.0	0.0	0.0	0.0	0.0	0.0	0.0	0.19689548	0.30388272	0.1384584	0.0	0.0	0.0	0.0	0.2920941	0.0	0.0	0.27380526	0.0	0.0	0.0	0.0	0.0	0.25763455	0.0	0.08374096	0.06812144	0.0	0.0	0.070064	0.30539295	0.0	0.22529171	0.0	0.0	0.0	0.21751863	0.2647884	0.0	0.0	0.0	0.0	0.0	0.0	0.24614179	0.17607903	0.0	0.0	0.12955843	0.0	0.0	0.0	0.37048554	0.13156098	0.21526188	0.064356744	0.0	0.0	0.086010076	0.2361509	0.23576248	0.1396261	0.0	0.0	0.0	0.0	0.0	0.0	0.013734634	0.0	0.26243687	0.0	0.0	0.0	0.0	0.0
0.0	0.092767954	0.0	0.58256775	0.0	0.0	0.13277532	0.0	0.0	0.0	0.0	0.0	0.0	0.0	0.393306	0.12992708	0.44281855	0.0	0.35451508	0.0	0.0	0.23204517	0.0	0.0	0.0	0.26853433	0.0	0.0	0.0	0.0	0.15538982	0.0	0.32450375	0.0	0.0	0.0	0.0	0.0	0.0	0.0	0.14538054	0.0	0.0	0.0	0.22236031	0.0	0.30196118	0.0	0.116018504	0.0	0.0032658242	0.0	0.0	0.0	0.0	0.0	0.0	0.0	0.0	0.1722973	0.35739473	0.13977152	0.0	0.0	0.0	0.0	0.35868952	0.0	0.0	0.30944028	0.0	0.0	0.0	0.0	0.0	0.31021652	0.0	0.054648995	0.05424576	0.0	0.0	0.11223445	0.2869992	0.0	0.26408452	0.0	0.0	0.0	0.19560564	0.30104068	0.0	0.0	0.0	0.0	0.0	0.0	0.28834364	0.13890906	0.0	0.0071697403	0.15540534	0.0	0.0	0.0	0.3731874	0.13371183	0.17518733	0.020411475	0.0	0.0	0.045633983	0.17108397	0.25025645	0.14133722	0.0	0.0	0.0	0.0	0.0	0.0	0.04555821	0.0	0.30150762	0.0	0.0	0.0	0.0	0.0
0.0	0.14221002	0.0	0.5065264	0.0	0.0	0.1653258	0.0	0.0	0.0	0.0	0.0	0.0	0.0	0.35295078	0.11992109	0.42301455	0.0	0.33580467	0.0	0.0	0.235395	0.0	0.0	0.0	0.25966957	0.0	0.0	0.0	0.0	0.16118845	0.0	0.2992657	0.0	0.0	0.0	0.0	0.0	0.0	0.0	0.16958751	0.0	0.0	0.0	0.19853835	0.0	0.27300498	0.0	0.12195309	0.0	0.00212554	0.0	0.0	0.0	0.0	0.0	0.0	0.0	0.0	0.19631876	0.31052768	0.1467794	0.0	0.0	0.0	0.0	0.29780254	0.0	0.0	0.2812682	0.0	0.0	0.0	0.0	0.0	0.28312206	0.0	0.08283927	0.068010956	0.0	0.0	0.070229955	0.32168412	0.0	0.2360683	0.0	0.0	0.0	0.22109105	0.2735301	0.0	0.0	0.0	0.0	0.0	0.0	0.26376367	0.16635726	0.0	0.0	0.12543827	0.0	0.0	0.0	0.38262478	0.1259455	0.22664559	0.055459123	0.0	0.0	0.09083074	0.24238808	0.24182631	0.14352244	0.0	0.0	0.0	0.0	0.0	0.0	0.016722567	0.0	0.27514967	0.0	0.0	0.0	0.0	0.0
0.0	0.1360568	0.0	0.5281246	0.0	0.0	0.16118291	0.0	0.0	0.0	0.0	0.0	0.0	0.0	0.38016978	0.12785004	0.42299667	0.0	0.3476906	0.0	0.0	0.24471606	0.0	0.0	0.0	0.26925108	0.0	0.0	0.0	0.0	0.15424882	0.0	0.32320222	0.0	0.0	0.0	0.0	0.0	0.0	0.0	0.15241198	0.0	0.0	0.0	0.21494238	0.0	0.2823496	0.0	0.1176684	0.0	0.002946832	0.0	0.0	0.0	0.0	0.0	0.0	0.0	0.0	0.19055863	0.31134912	0.15030852	0.0	0.0	0.0	0.0	0.3141453	0.0	0.0	0.2870938	0.0	0.0	0.0	0.0	0.0	0.28967935	0.0	0.08033355	0.06313865	0.0	0.0	0.08225881	0.3227657	0.0	0.24879718	0.0	0.0	0.0	0.21871883	0.27921167	0.0	0.0	0.0	0.0	0.0	0.0	0.26664487	0.15855385	0.0	0.0	0.11961026	0.0	0.0	0.0	0.3869106	0.12528948	0.21895488	0.0427195	0.0	0.0	0.081199735	0.23667471	0.2503116	0.14092377	0.0	0.0	0.0	0.0	0.0	0.0	0.021445246	0.0	0.2798239	0.0	0.0	0.0	0.0	0.0
0.0	0.14420687	0.0	0.47756043	0.0	0.0	0.16242464	0.0	0.0	0.0	0.0	0.0	0.0	0.0	0.34890476	0.11311129	0.408581	0.0	0.34690008	0.0	0.0	0.21107751	0.0	0.0	0.0	0.2643182	0.0	0.0	0.0	0.0	0.16473229	0.0	0.28840616	0.0	0.0	0.0	0.0	0.0	0.0	0.0	0.1817128	0.0	0.0	0.0	0.20015831	0.0	0.27187747	0.0	0.10708708	0.0	0.0055535417	0.0	0.0	0.0	0.0	0.0	0.0	0.0	0.0	0.19160932	0.30533013	0.14039408	0.0	0.0	0.0	0.0	0.2898464	0.0	0.0	0.2697457	0.0	0.0	0.0	0.0	0.0	0.25924358	0.0	0.08502374	0.06156687	0.0	0.0	0.061039943	0.30839595	0.0	0.2356274	0.0	0.0	0.0	0.21794961	0.2709818	0.0	0.0	0.0	0.0	0.0	0.0	0.24522853	0.17182148	0.0	0.0	0.12342035	0.0	0.0	0.0	0.3701184	0.13044183	0.2086225	0.06082377	0.0	0.0	0.09093931	0.23354591	0.22983988	0.1357763	0.0	0.0	0.0	0.0	0.0	0.0	0.019052483	0.0	0.26650006	0.0	0.0	0.0	0.0	0.0
0.0	0.1270975	0.0	0.5025267	0.0	0.0	0.1593104	0.0	0.0	0.0	0.0	0.0	0.0	0.0	0.34679	0.11606774	0.42268333	0.0	0.34471428	0.0	0.0	0.21425647	0.0	0.0	0.0	0.2624625	0.0	0.0	0.0	0.0	0.16391012	0.0	0.28796393	0.0	0.0	0.0	0.0	0.0	0.0	0.0	0.17069419	0.0	0.0	0.0	0.20004886	0.0	0.27846214	0.0	0.110208966	0.0	0.0037572905	0.0	0.0	0.0	0.0	0.0	0.0	0.0	0.0	0.1853771	0.3204356	0.13534625	0.0	0.0	0.0	0.0	0.30554903	0.0	0.0	0.27692872	0.0	0.0	0.0	0.0	0.0	0.2638967	0.0	0.07661908	0.06249851	0.0	0.0	0.076189324	0.29096442	0.0	0.23310132	0.0	0.0	0.0	0.20938158	0.27314448	0.0	0.0	0.0	0.0	0.0	0.0	0.25685796	0.1637255	0.0	0.0	0.13471787	0.0	0.0	0.0	0.3639442	0.13423456	0.19637124	0.048057567	0.0	0.0	0.07765932	0.21076356	0.23290741	0.13756274	0.0	0.0	0.0	0.0	0.0	0.0	0.024522893	0.0	0.27037874	0.0	0.0	0.0	0.0	0.0
0.0	0.09604404	0.0	0.54466605	0.0	0.0	0.13478562	0.0	0.0	0.0	0.0	0.0	0.0	0.0	0.36530343	0.10019479	0.42652953	0.0	0.33206326	0.0	0.0	0.21905328	0.0	0.0	0.0	0.26409876	0.0	0.0	0.0	0.0	0.16304973	0.0	0.29506487	0.0	0.0	0.0	0.0	0.0	0.0	0.0	0.16029699	0.0012696693	0.0	0.0	0.20134683	0.0	0.2804494	0.0	0.11789439	0.0	0.0020804852	0.0	0.0	0.0	0.0	0.0	0.0	0.0	0.0	0.18009229	0.3483257	0.1409335	0.0	0.0	0.0	0.0	0.3315933	0.0	0.0	0.3075125	0.0	0.0	0.0	0.0	0.0	0.30850077	0.0	0.061603952	0.050242066	0.0	0.0	0.08701086	0.2879047	0.0	0.25508583	0.0	0.0	0.0	0.18924938	0.3089136	0.0	0.0	0.0	0.0	0.0	0.0	0.28669128	0.14569668	0.0	0.006475182	0.14549685	0.0	0.0	0.0	0.3798186	0.12774013	0.18485332	0.032826748	0.0	0.0	0.061548144	0.17811503	0.22581153	0.1358455	0.0	0.0	0.0	0.0	0.0	0.0	0.037491053	0.000643999	0.29991826	0.0	0.0	0.0	0.0	0.0
0.0	0.12269527	0.0	0.5162888	0.0	0.0	0.15565795	0.0	0.0	0.0	0.0	0.0	0.0	0.0	0.36046398	0.11588121	0.42309996	0.0	0.3353138	0.0	0.0	0.23120196	0.0	0.0	0.0	0.26100093	0.0	0.0	0.0	0.0	0.1605506	0.0	0.2985075	0.0	0.0	0.0	0.0	0.0	0.0	0.0	0.1659037	0.0	0.0	0.0	0.20110495	0.0	0.27668625	0.0	0.11962653	0.0	0.0032682307	0.0	0.0	0.0	0.0	0.0	0.0	0.0	0.0	0.19297402	0.3188657	0.14465085	0.0	0.0	0.0	0.0	0.30567655	0.0	0.0	0.28927168	0.0	0.0	0.0	0.0	0.0	0.28692162	0.0	0.07583358	0.060213298	0.0	0.0	0.07392135	0.31359228	0.0	0.24757957	0.0	0.0	0.0	0.21223478	0.28465536	0.0	0.0	0.0	0.0	0.0	0.0	0.26638588	0.16102679	0.0	0.0	0.12783523	0.0	0.0	0.0	0.38255858	0.12567882	0.21155344	0.05025834	0.0	0.0	0.08357334	0.2188559	0.23581994	0.13786237	0.0	0.0	0.0	0.0	0.0	0.0	0.02260874	0.0	0.28349262	0.0	0.0	0.0	0.0	0.0
0.0	0.116319954	0.0	0.539141	0.0	0.0	0.15092953	0.0	0.0	0.0	0.0	0.0	0.0	0.0	0.36763272	0.1318255	0.43374896	0.0	0.35191405	0.0	0.0	0.23153085	0.0	0.0	0.0	0.26359412	0.0	0.0	0.0	0.0	0.16393669	0.0	0.30720732	0.0	0.0	0.0	0.0	0.0	0.0	0.0	0.14400752	0.0	0.0	0.0	0.20899022	0.0	0.296754	0.0	0.11477903	0.0	0.006924515	0.0	0.0	0.0	0.0	0.0	0.0	0.0	0.0	0.18127476	0.33190688	0.13771723	0.0	0.0	0.0	0.0	0.32961628	0.0	0.0	0.29177487	0.0	0.0	0.0	0.0	0.0	0.28195348	0.0	0.06783234	0.0632396	0.0	0.0	0.09576303	0.29293573	0.0	0.24334067	0.0	0.0	0.0	0.20518875	0.28127584	0.0	0.0	0.0	0.0	0.0	0.0	0.27034056	0.15704729	0.0	0.0	0.14218463	0.0	0.0	0.0	0.3704971	0.13530563	0.19191997	0.03478861	0.0	0.0	0.058759328	0.20191522	0.24721122	0.1429571	0.0	0.0	0.0	0.0	0.0	0.0	0.026367674	0.0	0.2769095	0.0	0.0	0.0	0.0	0.0
0.0	0.10171288	0.0	0.55971897	0.0	0.0	0.1380826	0.0	0.0	0.0	0.0	0.0	0.0	0.0	0.34857967	0.113464706	0.44631994	0.0	0.32854357	0.0	0.0	0.23163576	0.0	0.0	0.0	0.25758597	0.0	0.0	0.0	0.0	0.17114867	0.0	0.28176132	0.0	0.0	0.0	0.0	0.0	0.0	0.0	0.16525434	0.002518312	0.0	0.0	0.18937857	0.0	0.28620282	0.0	0.12880592	0.0	0.0040282407	0.0	0.0	0.0	0.0	0.0	0.0	0.0	0.0	0.1829986	0.34876886	0.13621621	0.0	0.0	0.0	0.0	0.33624104	0.0	0.0	0.3091236	0.0	0.0	0.0	0.0	0.0	0.3013153	0.0	0.058749244	0.068702966	0.0	0.00155342	0.09745256	0.27951255	0.0	0.24658172	0.0	0.0	0.0	0.18341494	0.28960073	0.0	0.0	0.0	0.0	0.0	0.0	0.29378882	0.15390159	0.0	0.009146061	0.1543393	0.0	0.0	0.0	0.37022635	0.13895221	0.17844753	0.02019016	0.0	0.0	0.06039538	0.17064226	0.23125494	0.13325857	0.0	0.0	0.0	0.0	0.0	0.0	0.034516588	0.0	0.29275626	0.0	0.0	0.0	0.0	0.0
0.0	0.10683802	0.0	0.59903073	0.0	0.0	0.13931514	0.0	0.0	0.0	0.0	0.0	0.0	0.0	0.41110107	0.1470207	0.4468273	0.0	0.37952003	0.0	0.0	0.24427557	0.0	0.0	0.0	0.2792286	0.0	0.0	0.0	0.0	0.15648608	0.0	0.3394625	0.0	0.0	0.0	0.0	0.0	0.0	0.0	0.14102249	0.0	0.0	0.0	0.22187169	0.0	0.31049606	0.0	0.119729586	0.0	0.0047331303	0.0	0.0	0.0	0.0	0.0	0.0	0.0	0.0	0.1759854	0.35334644	0.13856106	0.0	0.0	0.0	0.0	0.3746347	0.0	0.0	0.30747142	0.0	0.0	0.0	0.0	0.0	0.31358597	0.0	0.057548627	0.06340883	0.0	0.0	0.12330837	0.2857789	0.0	0.2625484	0.0	0.0	0.0	0.1934386	0.28316602	0.0	0.0	0.0	0.0	0.0	0.0	0.29455364	0.14051795	0.0	0.0032469884	0.15690406	0.0	0.0	0.0	0.37962866	0.15008844	0.18148683	0.014040957	0.0	0.0	0.04351229	0.19297409	0.26633576	0.14840855	0.0	0.0	0.0	0.0	0.0	0.0	0.039998997	0.0	0.2946438	0.0	0.0	0.0	0.0	0.0
0.0	0.10855991	0.0	0.53740984	0.0	0.0	0.1421809	0.0	0.0	0.0	0.0	0.0	0.0	0.0	0.3582046	0.10362662	0.43296447	0.0	0.33384785	0.0	0.0	0.23192184	0.0	0.0	0.0	0.26083496	0.0	0.0	0.0	0.0	0.16586888	0.0	0.29070988	0.0	0.0	0.0	0.0	0.0	0.0	0.0	0.15051666	0.005286183	0.0	0.0	0.18923289	0.0	0.2881047	0.0	0.12128175	0.0	0.003078609	0.0	0.0	0.0	0.0	0.0	0.0	0.0	0.0	0.1806372	0.33487403	0.13814606	0.0	0.0	0.0	0.0	0.3274347	0.0	0.0	0.29680076	0.0	0.0	0.0	0.0	0.0	0.28942484	0.0	0.06675423	0.06489187	0.0	0.0	0.09311024	0.26122567	0.0	0.24033205	0.0	0.0	0.0	0.19012685	0.29496667	0.0	0.0	0.0	0.0	0.0	0.0	0.2895987	0.15310979	0.0	0.009036283	0.15512003	0.0	0.0	0.0	0.37828216	0.14293472	0.18504012	0.030790156	0.0	0.0	0.06858003	0.18311231	0.22510755	0.13941763	0.0	0.0	0.0	0.0	0.0	0.0	0.025398545	0.0	0.27692863	0.0	0.0	0.0	0.0	0.0
0.0	0.11358277	0.0	0.5355825	0.004712886	0.0	0.15499468	0.0	0.0	0.0	0.0	0.0	0.0	0.0	0.31648067	0.12244763	0.4496435	0.0	0.33209443	0.0	0.0	0.2306282	0.0	0.0	0.0	0.24980932	0.0	0.0	0.0	0.0	0.17115216	0.0	0.27009434	0.0	0.0	0.0	0.0	0.0	0.0	0.0	0.14802527	0.003908357	0.0	0.0	0.18717556	0.0	0.30148742	0.0	0.1164755	0.0	0.009069618	0.0	0.0	0.0	0.0	0.0	0.0	0.0	0.0	0.17493741	0.3403571	0.11884689	0.0	0.0	0.0	0.0	0.3317294	0.0	0.0	0.29204813	0.0	0.0	0.0	0.0	0.0	0.2553768	0.0	0.058661714	0.07427398	0.0	0.0	0.11069349	0.2466048	0.0	0.21622293	0.0	0.0	0.0	0.19064528	0.27675173	0.0	0.0	0.0	0.0	0.0	0.0	0.27544242	0.15919237	0.0	0.007574552	0.15957895	0.0	0.0	0.0	0.35221505	0.14852785	0.16743799	0.029702118	0.0	0.0	0.056270063	0.16546637	0.23766465	0.14178665	0.0	0.0	0.0	0.0	0.0	0.0	0.027008532	0.0	0.2607008	0.0	0.0	0.0	0.0	0.0
0.0	0.11679431	0.0	0.52532417	0.0039095725	0.0	0.16843235	0.0	0.0	0.0	0.0	0.0	0.0	0.0	0.30927888	0.12689228	0.44045243	0.0	0.32883874	0.0	0.0	0.23683846	0.0	0.0	0.0	0.2473333	0.0	0.0	0.0	0.0	0.17450094	0.0	0.27263	0.0	0.0	0.0	0.0	0.0	0.0	0.0	0.14254807	0.0	0.0	0.0	0.19639404	0.0	0.2985398	0.0	0.11588196	0.0	0.007277342	0.0	0.0	0.0	0.0	0.0	0.0	0.0	0.0	0.18329985	0.33032835	0.12210699	0.0	0.0	0.0	0.0	0.32015914	0.0	0.0	0.28011766	0.0	0.0	0.0	0.0	0.0	0.24879158	0.0	0.07020134	0.074428834	0.0	0.0	0.102123626	0.2576411	0.0	0.20782165	0.0	0.0	0.0	0.20296372	0.26796985	0.0	0.0	0.0	0.0	0.0	0.0	0.26136413	0.16315436	0.0	0.0	0.14560503	0.0	0.0	0.0	0.3559948	0.1331098	0.17217684	0.04443616	0.0	0.0	0.06819978	0.1865774	0.23689075	0.14304875	0.0	0.0	0.0	0.0	0.0	0.0	0.01962424	0.0	0.25537652	0.0	0.0	0.0	0.0	0.0
0.0	0.114612155	0.0	0.5464242	0.0	0.0	0.16183825	0.0	0.0	0.0	0.0	0.0	0.0	0.0	0.3170939	0.13421817	0.4538972	0.0	0.33144194	0.0	0.0	0.25111958	0.0	0.0	0.0	0.25029024	0.0	0.0	0.0	0.0	0.18122645	0.0	0.28690514	0.0	0.0	0.0	0.0	0.0	0.0	0.0	0.12861685	0.0	0.0	0.0	0.20227969	0.0	0.3188032	0.0	0.118396096	0.0	0.009067501	0.0	0.0	0.0	0.0	0.0	0.0	0.0	0.0	0.17893668	0.34101224	0.11478684	0.0	0.0	0.0	0.0	0.3386775	0.0	0.0	0.2926735	0.0	0.0	0.0	0.0	0.0	0.25743243	0.0	0.060053814	0.07223911	0.0	0.0	0.113250196	0.24838276	0.0	0.21160918	0.0	0.0	0.0	0.205809	0.27861512	0.0	0.0	0.0	0.0	0.0	0.0	0.27222812	0.16445477	0.0	0.0	0.15387578	0.0	0.0	0.0	0.36085007	0.13790697	0.16799025	0.036394145	0.0	0.0	0.05774276	0.17602073	0.24777746	0.15419185	0.0	0.0	0.0	0.0	0.0	0.0	0.020305984	0.0	0.25938496	0.0	0.0	0.0	0.0	0.0
0.0	0.13096881	0.0	0.5013622	0.0015436932	0.0	0.17499928	0.0	0.0	0.0	0.0	0.0	0.0	0.0	0.2915413	0.12659979	0.43271992	0.0	0.33306852	0.0	0.0	0.22844504	0.0	0.0	0.0	0.24710006	0.0	0.0	0.0	0.0	0.18022645	0.0	0.26127842	0.0	0.0	0.0	0.0	0.0	0.0	0.0	0.13628598	0.0	0.0	0.0	0.19154607	0.0	0.29807663	0.0	0.10831555	0.0	0.010447449	0.0	0.0	0.0	0.0	0.0	0.0	0.0	0.0	0.18152529	0.31874618	0.112145364	0.0	0.0	0.0	0.0	0.31316373	0.0	0.0	0.26545706	0.0	0.0	0.0	0.0	0.0	0.22193027	0.0	0.07732489	0.074038565	0.0	0.0	0.097623736	0.24207948	0.0	0.19141646	0.0	0.0	0.0	0.19799455	0.25558206	0.0	0.0	0.0	0.0	0.0	0.0	0.24747379	0.17673951	0.0	0.0	0.14529197	0.0	0.0	0.0	0.33870482	0.13969997	0.15999404	0.052150246	0.0	0.0	0.06385222	0.19123428	0.2301811	0.1443284	0.0	0.0	0.0	0.0	0.0	0.0	0.01275861	0.0	0.23892887	0.0	0.0	0.0	0.0	0.0
0.0	0.12301847	0.0	0.51296	0.0029293017	0.0	0.17057578	0.0	0.0	0.0	0.0	0.0	0.0	0.0	0.29434875	0.12809531	0.43738547	0.0	0.3358302	0.0	0.0	0.22724272	0.0	0.0	0.0	0.24824913	0.0	0.0	0.0	0.0	0.17987704	0.0	0.26491833	0.0	0.0	0.0	0.0	0.0	0.0	0.0	0.13600808	7.1465816e-05	0.0	0.0	0.19332962	0.0	0.30091217	0.0	0.105802916	0.0	0.01045512	0.0	0.0	0.0	0.0	0.0	0.0	0.0	0.0	0.17829674	0.32700607	0.11063	0.0	0.0	0.0	0.0	0.32237718	0.0	0.0	0.27129045	0.0	0.0	0.0	0.0	0.0	0.2301399	0.0	0.072273515	0.07327727	0.0	0.0	0.10291987	0.23582293	0.0	0.19370465	0.0	0.0	0.0	0.19520967	0.26029304	0.0	0.0	0.0	0.0	0.0	0.0	0.25587106	0.16965522	0.0	0.0	0.1515946	0.0	0.0	0.0	0.34032536	0.14482771	0.15607075	0.045752157	0.0	0.0	0.06223802	0.18022333	0.23234399	0.14484467	0.0	0.0	0.0	0.0	0.0	0.0	0.016056785	0.0	0.24259348	0.0	0.0	0.0	0.0	0.0
0.0	0.11826891	0.0	0.5330799	0.0	0.0	0.16434509	0.0	0.0	0.0	0.0	0.0	0.0	0.0	0.31087086	0.12854768	0.44456208	0.0	0.32980934	0.0	0.0	0.23944871	0.0	0.0	0.0	0.2489361	0.0	0.0	0.0	0.0	0.17710756	0.0	0.27833948	0.0	0.0	0.0	0.0	0.0	0.0	0.0	0.13778216	0.0012944605	0.0	0.0	0.19810493	0.0	0.3013661	0.0	0.117823355	0.0	0.007131981	0.0	0.0	0.0	0.0	0.0	0.0	0.0	0.0	0.18066573	0.338253	0.12094503	0.0	0.0	0.0	0.0	0.32872948	0.0	0.0	0.28767028	0.0	0.0	0.0	0.0	0.0	0.2573777	0.0	0.06614571	0.07212623	0.0	0.0	0.107851885	0.25506154	0.0	0.20873153	0.0	0.0	0.0	0.20224226	0.27250892	0.0	0.0	0.0	0.0	0.0	0.0	0.27059188	0.16188365	0.0	0.0	0.15089272	0.0	0.0	0.0	0.35816956	0.13871731	0.17192306	0.040320203	0.0	0.0	0.06335022	0.18176323	0.2374268	0.14638771	0.0	0.0	0.0	0.0	0.0	0.0	0.021733934	0.0	0.25978068	0.0	0.0	0.0	0.0	0.0
0.0	0.112710156	0.0	0.5450508	0.0024523605	0.0	0.1618516	0.0	0.0	0.0	0.0	0.0	0.0	0.0	0.31733894	0.1297842	0.4546603	0.0	0.3316258	0.0	0.0	0.24371462	0.0	0.0	0.0	0.24911268	0.0	0.0	0.0	0.0	0.1795985	0.0	0.27911842	0.0	0.0	0.0	0.0	0.0	0.0	0.0	0.14333887	0.00045977905	0.0	0.0	0.19702254	0.0	0.310208	0.0	0.120875336	0.0	0.0061804354	0.0	0.0	0.0	0.0	0.0	0.0	0.0	0.0	0.1802149	0.34511265	0.11608279	0.0	0.0	0.0	0.0	0.33666626	0.0	0.0	0.29369223	0.0	0.0	0.0	0.0	0.0	0.2605839	0.0	0.06191148	0.07134778	0.0	0.0	0.11254569	0.25452027	0.0	0.21389438	0.0	0.0	0.0	0.19928186	0.27392364	0.0	0.0	0.0	0.0	0.0	0.0	0.2777555	0.16113043	0.0	0.003812411	0.15687042	0.0	0.0	0.0	0.3585198	0.1416334	0.17069876	0.034801554	0.0	0.0	0.06235917	0.17148058	0.24396484	0.14457352	0.0	0.0	0.0	0.0	0.0	0.0	0.023704072	0.0	0.26478317	0.0	0.0	0.0	0.0	0.0
0.0	0.11984679	0.0	0.5171189	0.003611251	0.0	0.16672842	0.0	0.0	0.0	0.0	0.0	0.0	0.0	0.3016481	0.12490938	0.4422842	0.0	0.33133546	0.0	0.0	0.22983216	0.0	0.0	0.0	0.2456613	0.0	0.0	0.0	0.0	0.17906749	0.0	0.2699337	0.0	0.0	0.0	0.0	0.0	0.0	0.0	0.14127915	0.0013248591	0.0	0.0	0.19675498	0.0	0.3034153	0.0	0.11133339	0.0	0.0074147526	0.0	0.0	0.0	0.0	0.0	0.0	0.0	0.0	0.17986332	0.33362567	0.11507537	0.0	0.0	0.0	0.0	0.3230824	0.0	0.0	0.27966455	0.0	0.0	0.0	0.0	0.0	0.23860414	0.0	0.06893452	0.06965677	0.0	0.0	0.103174366	0.24908973	0.0	0.20071177	0.0	0.0	0.0	0.20208628	0.2657398	0.0	0.0	0.0	0.0	0.0	0.0	0.2562082	0.16529228	0.0	0.0014832983	0.1489195	0.0	0.0	0.0	0.34772316	0.13753136	0.16641885	0.047032338	0.0	0.0	0.062101334	0.1825947	0.23937613	0.1459256	0.0	0.0	0.0	0.0	0.0	0.0	0.018777853	0.0	0.24998872	0.0	0.0	0.0	0.0	0.0
0.0	0.11353928	0.0	0.5570221	0.0	0.0	0.16994362	0.0	0.0	0.0	0.0	0.0	0.0	0.0	0.33188483	0.13215272	0.4571197	0.0	0.3163567	0.0	0.0	0.28377816	0.0	0.0	0.0	0.24778624	0.0	0.0	0.0	0.0	0.16653694	0.0	0.29958442	0.0	0.0	0.0	0.0	0.0	0.0	0.0	0.11929724	0.0	0.0	0.0	0.20721044	0.0	0.31453905	0.0	0.13515331	0.0	0.008706116	0.0	0.0	0.0	0.0	0.0	0.0	0.0	0.0	0.18578522	0.33164513	0.129045	0.0	0.0	0.0	0.0	0.3267528	0.0	0.0	0.2958462	0.0	0.0	0.0	0.0	0.0	0.27638423	0.0	0.06217655	0.078734435	0.0	0.0	0.10582924	0.27575085	0.0	0.227121	0.0	0.0	0.0	0.22345658	0.28300396	0.0	0.0	0.0	0.0	0.0	0.0	0.28385606	0.15740274	0.0	0.0	0.13660316	0.0	0.0	0.0	0.3863354	0.120351166	0.19250071	0.040422488	0.0	0.0	0.0766254	0.2041495	0.25454623	0.15193337	0.0	0.0	0.0	0.0	0.0	0.0	0.019498704	0.0	0.2732442	0.0	0.0	0.0	0.0	0.0
0.0	0.11951026	0.0	0.53932554	0.0	0.0	0.16836691	0.0	0.0	0.0	0.0	0.0	0.0	0.0	0.31485936	0.1284145	0.4503624	0.0	0.32451996	0.0	0.0	0.24802394	0.0	0.0	0.0	0.24947111	0.0	0.0	0.0	0.0	0.17619686	0.0	0.2785845	0.0	0.0	0.0	0.0	0.0	0.0	0.0	0.13081203	0.0	0.0	0.0	0.19818099	0.0	0.31006745	0.0	0.12081433	0.0	0.007962295	0.0	0.0	0.0	0.0	0.0	0.0	0.0	0.0	0.18656118	0.3353499	0.124177195	0.0	0.0	0.0	0.0	0.32768932	0.0	0.0	0.29071507	0.0	0.0	0.0	0.0	0.0	0.258787	0.0	0.06693745	0.07680791	0.0	0.0	0.111580215	0.25788635	0.0	0.21187456	0.0	0.0	0.0	0.20347355	0.27414283	0.0	0.0	0.0	0.0	0.0	0.0	0.27148154	0.1644354	0.0	0.0	0.15182285	0.0	0.0	0.0	0.36341357	0.1348214	0.17803605	0.042417224	0.0	0.0	0.07164128	0.18717332	0.23822844	0.15098752	0.0	0.0	0.0	0.0	0.0	0.0	0.017092386	0.0	0.25976953	0.0	0.0	0.0	0.0	0.0
0.0	0.11576191	0.0	0.51955676	0.006297659	0.0	0.16394375	0.0	0.0	0.0	0.0	0.0	0.0	0.0	0.29694006	0.12423309	0.43937096	0.0	0.33432445	0.0	0.0	0.21822226	0.0	0.0	0.0	0.24643077	0.0	0.0	0.0	0.0	0.17914848	0.0	0.26765203	0.0	0.0	0.0	0.0	0.0	0.0	0.0	0.1432165	0.0011593429	0.0	0.0	0.19970715	0.0	0.30054158	0.0	0.10577262	0.0	0.007920324	0.0	0.0	0.0	0.0	0.0	0.0	0.0	0.0	0.17632727	0.33634663	0.10892191	0.0	0.0	0.0	0.0	0.32912755	0.0	0.0	0.27530336	0.0	0.0	0.0	0.0	0.0	0.23318072	0.0	0.06636938	0.06651602	0.0	0.0	0.10473299	0.23937859	0.0	0.19798042	0.0	0.0	0.0	0.19506328	0.2634529	0.0	0.0	0.0	0.0	0.0	0.0	0.25094542	0.16350482	0.0	0.00051744346	0.150777	0.0	0.0	0.0	0.33682838	0.13977762	0.15997642	0.043273572	0.0	0.0	0.05258127	0.16867952	0.23475961	0.14697333	0.0	0.0	0.0	0.0	0.0	0.0	0.022231447	0.0	0.2512634	0.0	0.0	0.0	0.0	0.0
0.0	0.11306738	0.0	0.5264201	0.004289958	0.0	0.16151215	0.0	0.0	0.0	0.0	0.0	0.0	0.0	0.303261	0.1234143	0.44378757	0.0	0.32974696	0.0	0.0	0.2284653	0.0	0.0	0.0	0.24888486	0.0	0.0	0.0	0.0	0.18039386	0.0	0.2704878	0.0	0.0	0.0	0.0	0.0	0.0	0.0	0.14270085	0.0021679678	0.0	0.0	0.19569468	0.0	0.30397877	0.0	0.10981322	0.0	0.0068929032	0.0	0.0	0.0	0.0	0.0	0.0	0.0	0.0	0.17812532	0.33996382	0.113185346	0.0	0.0	0.0	0.0	0.3299097	0.0	0.0	0.28401026	0.0	0.0	0.0	0.0	0.0	0.24329942	0.0	0.06432236	0.06778326	0.0	0.0	0.103925325	0.24271363	0.0	0.20240428	0.0	0.0	0.0	0.19535743	0.26982275	0.0	0.0	0.0	0.0	0.0	0.0	0.26163486	0.16365303	0.0	0.0026006587	0.15521778	0.0	0.0	0.0	0.34594253	0.14033844	0.16425009	0.042205196	0.0	0.0	0.05922556	0.17006159	0.23587404	0.14525387	0.0	0.0	0.0	0.0	0.0	0.0	0.02147741	0.0	0.25368807	0.0	0.0	0.0	0.0	0.0
0.0	0.10196757	0.0	0.56994766	0.0	0.0	0.13237771	0.0	0.0	0.0	0.0	0.0	0.0	0.0	0.37721035	0.1051354	0.4412652	0.0	0.33178946	0.0	0.0	0.2436893	0.0	0.0	0.0	0.2650846	0.0	0.0	0.0	0.0	0.16230954	0.0	0.3064593	0.0	0.0	0.0	0.0	0.0	0.0	0.0	0.14115454	0.0057204403	0.0	0.0	0.19892554	0.0	0.29833248	0.0	0.1198624	0.0	0.006170682	0.0	0.0	0.0	0.0	0.0	0.0	0.0	0.0	0.17509794	0.35402235	0.14099857	0.0	0.0	0.0	0.0	0.34437108	0.0	0.0	0.3161299	0.0	0.0	0.0	0.0	0.0	0.31348708	0.0	0.05605868	0.05916075	0.0	0.0	0.1032083	0.26583675	0.0	0.26124963	0.0	0.0	0.0	0.18356444	0.31417808	0.0	0.0	0.0	0.0	0.0	0.0	0.3088288	0.14238133	0.0	0.012436396	0.15666534	0.0	0.0	0.0	0.38599133	0.13883172	0.17960002	0.018369073	0.0	0.0	0.062113848	0.1635196	0.22998826	0.13668494	0.0	0.0	0.0	0.0	0.0	0.0	0.033012945	0.0	0.29641524	0.0	0.0	0.0	0.0	0.0
0.0	0.10843118	0.0	0.64864343	0.0	0.0	0.1619871	0.0	0.0	0.0	0.0	0.0	0.0	0.0	0.4014279	0.18298614	0.48254183	0.0	0.37820995	0.0	0.0	0.28396967	0.0	0.0	0.0	0.2801946	0.0	0.0	0.0	0.0	0.16193093	0.0	0.3648765	0.0	0.0	0.0	0.0	0.0	0.0	0.0	0.10002607	0.0	0.0	0.0	0.25076866	0.0	0.3577298	0.0	0.11723554	0.0	0.007608371	0.0	0.0	0.0	0.0	0.0	0.0	0.0	0.0	0.16366386	0.3626604	0.12886019	0.0	0.0	0.0	0.0	0.407938	0.0	0.0	0.3026673	0.0	0.0	0.0	0.0	0.0	0.3014457	0.0	0.051102817	0.06782547	0.0	0.0	0.16816829	0.26575437	0.0	0.2430553	0.0	0.0	0.0	0.19324231	0.27053508	0.0	0.0	0.0	0.0	0.0	0.0	0.2949556	0.13430488	0.0	0.014628391	0.1597199	0.0	0.0	0.0	0.3653212	0.13293904	0.16412728	0.0	0.0	0.0	0.030265309	0.17410058	0.29830566	0.1582339	0.0	0.0	0.0	0.0	0.0	0.0	0.032616124	0.0	0.27065173	0.0	0.0	0.0	0.0	0.0
0.0	0.11183745	0.0	0.54845625	0.005571129	0.0	0.16073169	0.0	0.0	0.0	0.0	0.0	0.0	0.0	0.31292468	0.1253578	0.4569409	0.0	0.32433042	0.0	0.0	0.24105978	0.0	0.0	0.0	0.24191529	0.0	0.0	0.0	0.0	0.17440124	0.0	0.2746686	0.0	0.0	0.0	0.0	0.0	0.0	0.0	0.14432515	0.0025350228	0.0	0.0	0.19278754	0.0	0.30687255	0.0	0.12262484	0.0	0.0054771625	0.0	0.0	0.0	0.0	0.0	0.0	0.0	0.0	0.17658138	0.34404358	0.116798244	0.0	0.0	0.0	0.0	0.33130977	0.0	0.0	0.2934697	0.0	0.0	0.0	0.0	0.0	0.25868857	0.0	0.059974816	0.07279675	0.0	0.0007074289	0.11358732	0.24938565	0.0	0.21259308	0.0	0.0	0.0	0.19474214	0.27604744	0.0	0.0	0.0	0.0	0.0	0.0	0.27381098	0.15767454	0.0	0.0070638894	0.15491024	0.0	0.0	0.0	0.35544667	0.13966626	0.1734701	0.036139864	0.0	0.0	0.060297996	0.16572143	0.24140875	0.14323269	0.0	0.0	0.0	0.0	0.0	0.0	0.023704516	0.0	0.26532447	0.0	0.0	0.0	0.0	0.0
0.0	0.10863403	0.0	0.5994562	0.0	0.0	0.16214494	0.0	0.0	0.0	0.0	0.0	0.0	0.0	0.3851749	0.16129386	0.4592184	0.0	0.35971883	0.0	0.0	0.27374282	0.0	0.0	0.0	0.2666911	0.0	0.0	0.0	0.0	0.1616578	0.0	0.34009996	0.0	0.0	0.0	0.0	0.0	0.0	0.0	0.11304613	0.0	0.0	0.0	0.22757523	0.0	0.33343253	0.0	0.11831073	0.0	0.009277877	0.0	0.0	0.0	0.0	0.0	0.0	0.0	0.0	0.17467271	0.34863284	0.13146049	0.0	0.0	0.0	0.0	0.3673464	0.0	0.0	0.303002	0.0	0.0	0.0	0.0	0.0	0.2916638	0.0	0.061253924	0.0660772	0.0	0.0	0.12932028	0.27678716	0.0	0.24153572	0.0	0.0	0.0	0.2101473	0.2805752	0.0	0.0	0.0	0.0	0.0	0.0	0.28556454	0.14660431	0.0	0.007911272	0.14856242	0.0	0.0	0.0	0.37430656	0.13292761	0.17031193	0.011886832	0.0	0.0	0.056417484	0.19007443	0.279835	0.15299158	0.0	0.0	0.0	0.0	0.0	0.0	0.024693504	0.0	0.2728374	0.0	0.0	0.0	0.0	0.0
0.0	0.099187404	0.0	0.565175	0.0	0.0	0.1320066	0.0	0.0	0.0	0.0	0.0	0.0	0.0	0.37403584	0.106742054	0.43634486	0.0	0.33522782	0.0	0.0	0.23703878	0.0	0.0	0.0	0.26283705	0.0	0.0	0.0	0.0	0.1627693	0.0	0.30841735	0.0	0.0	0.0	0.0	0.0	0.0	0.0	0.1371583	0.0037658087	0.0	0.0	0.20626946	0.0	0.30309474	0.0	0.11290681	0.0	0.0068742223	0.0	0.0	0.0	0.0	0.0	0.0	0.0	0.0	0.17191158	0.3555846	0.13725989	0.0	0.0	0.0	0.0	0.34603024	0.0	0.0	0.3121236	0.0	0.0	0.0	0.0	0.0	0.30468327	0.0	0.056004494	0.051820964	0.0	6.1336905e-05	0.10421779	0.25976396	0.0	0.255882	0.0	0.0	0.0	0.18868953	0.31373242	0.0	0.0	0.0	0.0	0.0	0.0	0.29884002	0.14220756	0.0	0.009695224	0.15624666	0.0	0.0	0.0	0.38044676	0.13515048	0.17212462	0.02335388	0.0	0.0	0.05877927	0.16009475	0.23276818	0.14095633	0.0	0.0	0.0	0.0	0.0	0.0	0.03362445	0.0	0.2937725	0.0	0.0	0.0	0.0	0.0
0.0	0.11029876	0.0	0.5462618	0.0021244446	0.0	0.16713846	0.0	0.0	0.0	0.0	0.0	0.0	0.0	0.31590798	0.13510503	0.45465767	0.0	0.32610998	0.0	0.0	0.25168797	0.0	0.0	0.0	0.24991046	0.0	0.0	0.0	0.0	0.17954253	0.0	0.28530273	0.0	0.0	0.0	0.0	0.0	0.0	0.0	0.12928863	0.0	0.0	0.0	0.20646167	0.0	0.31591973	0.0	0.11727207	0.0	0.0050961473	0.0	0.0	0.0	0.0	0.0	0.0	0.0	0.0	0.17987746	0.34387064	0.116132915	0.0	0.0	0.0	0.0	0.34070492	0.0	0.0	0.29356822	0.0	0.0	0.0	0.0	0.0	0.2572054	0.0	0.060155053	0.06850088	0.0	0.0	0.11085717	0.25400624	0.0	0.21232915	0.0	0.0	0.0	0.2091608	0.2788864	0.0	0.0	0.0	0.0	0.0	0.0	0.2675791	0.15928343	0.0	0.001087796	0.15385821	0.0	0.0	0.0	0.35876784	0.1312192	0.17009996	0.042572495	0.0	0.0	0.06609816	0.17396772	0.24559538	0.15288801	0.0	0.0	0.0	0.0	0.0	0.0	0.019501524	0.0	0.26285765	0.0	0.0	0.0	0.0	0.0
0.0	0.11178244	0.0	0.5210506	0.0035880674	0.0	0.15889555	0.0	0.0	0.0	0.0	0.0	0.0	0.0	0.3073416	0.12138904	0.43436208	0.0	0.33761045	0.0	0.0	0.21876548	0.0	0.0	0.0	0.24732672	0.0	0.0	0.0	0.0	0.17458801	0.0	0.27297744	0.0	0.0	0.0	0.0	0.0	0.0	0.0	0.14499877	0.0003664326	0.0	0.0	0.20046453	0.0	0.30064356	0.0	0.10637031	0.0	0.008483163	0.0	0.0	0.0	0.0	0.0	0.0	0.0	0.0	0.17549305	0.33802903	0.11407235	0.0	0.0	0.0	0.0	0.32399756	0.0	0.0	0.27679443	0.0	0.0	0.0	0.0	0.0	0.24004747	0.0	0.06708469	0.06271138	0.0	0.0	0.10312637	0.24707603	0.0	0.2066052	0.0	0.0	0.0	0.19712938	0.26897535	0.0	0.0	0.0	0.0	0.0	0.0	0.2558912	0.16108754	0.0	0.0	0.14683717	0.0	0.0	0.0	0.34394613	0.1371476	0.15924856	0.041608002	0.0	0.0	0.052699093	0.17281626	0.2378486	0.14334047	0.0	0.0	0.0	0.0	0.0	0.0	0.02695247	0.0	0.25516325	0.0	0.0	0.0	0.0	0.0
0.0	0.113695376	0.0	0.5311768	0.0047418284	0.0	0.15873958	0.0	0.0	0.0	0.0	0.0	0.0	0.0	0.30838808	0.121183455	0.44653097	0.0	0.32917014	0.0	0.0	0.22926337	0.0	0.0	0.0	0.2473102	0.0	0.0	0.0	0.0	0.17565835	0.0	0.268746	0.0	0.0	0.0	0.0	0.0	0.0	0.0	0.14787996	0.003004861	0.0	0.0	0.19076075	0.0	0.2999429	0.0	0.115927964	0.0	0.008509189	0.0	0.0	0.0	0.0	0.0	0.0	0.0	0.0	0.17658408	0.3403004	0.11833632	0.0	0.0	0.0	0.0	0.32584706	0.0	0.0	0.28667805	0.0	0.0	0.0	0.0	0.0	0.25069186	0.0	0.063603014	0.07116688	0.0	0.0	0.109017044	0.24893652	0.0	0.20773864	0.0	0.0	0.0	0.19181067	0.27164665	0.0	0.0	0.0	0.0	0.0	0.0	0.2695723	0.16242267	0.0	0.0030263897	0.15580729	0.0	0.0	0.0	0.3500403	0.14127944	0.16797662	0.03711401	0.0	0.0	0.056115966	0.16985571	0.23569822	0.14303687	0.0	0.0	0.0	0.0	0.0	0.0	0.024851909	0.0	0.25901937	0.0	0.0	0.0	0.0	0.0
0.0	0.12904282	0.0	0.51116943	0.0	0.0	0.17692025	0.0	0.0	0.0	0.0	0.0	0.0	0.0	0.298683	0.12987325	0.43941918	0.0	0.33249348	0.0	0.0	0.23807776	0.0	0.0	0.0	0.24547291	0.0	0.0	0.0	0.0	0.17768662	0.0	0.2712865	0.0	0.0	0.0	0.0	0.0	0.0	0.0	0.1368176	0.0	0.0	0.0	0.19863941	0.0	0.3004705	0.0	0.11510473	0.0	0.0073704626	0.0	0.0	0.0	0.0	0.0	0.0	0.0	0.0	0.1855036	0.32002363	0.116953336	0.0	0.0	0.0	0.0	0.3143037	0.0	0.0	0.26978132	0.0	0.0	0.0	0.0	0.0	0.23323226	0.0	0.07426322	0.07629082	0.0	0.0	0.099827565	0.2529589	0.0	0.19842236	0.0	0.0	0.0	0.21195464	0.26008734	0.0	0.0	0.0	0.0	0.0	0.0	0.2508224	0.17107713	0.0	0.0	0.1420104	0.0	0.0	0.0	0.3522903	0.13199688	0.17255016	0.05517577	0.0	0.0	0.06747107	0.1970459	0.23703854	0.14895056	0.0	0.0	0.0	0.0	0.0	0.0	0.014866578	0.0	0.24647017	0.0	0.0	0.0	0.0	0.0
0.0	0.117033266	0.0	0.5316728	0.0021802904	0.0	0.17828687	0.0	0.0	0.0	0.0	0.0	0.0	0.0	0.30433476	0.1334788	0.4470125	0.0	0.32602045	0.0	0.0	0.25190425	0.0	0.0	0.0	0.24751593	0.0	0.0	0.0	0.0	0.17861187	0.0	0.27680832	0.0	0.0	0.0	0.0	0.0	0.0	0.0	0.12542807	0.0	0.0	0.0	0.20306821	0.0	0.3138369	0.0	0.11779997	0.0	0.006718038	0.0	0.0	0.0	0.0	0.0	0.0	0.0	0.0	0.18694253	0.33042645	0.116093785	0.0	0.0	0.0	0.0	0.32881775	0.0	0.0	0.28167215	0.0	0.0	0.0	0.0	0.0	0.24561822	0.0	0.07183794	0.07353643	0.0	0.0	0.104156576	0.24390538	0.0	0.19965447	0.0	0.0	0.0	0.21019094	0.27382252	0.0	0.0	0.0	0.0	0.0	0.0	0.26206282	0.16333903	0.0	0.0	0.14685519	0.0	0.0	0.0	0.35647833	0.13332687	0.16785777	0.047902465	0.0	0.0	0.075519346	0.18775636	0.24017443	0.15415822	0.0	0.0	0.0	0.0	0.0	0.0	0.011517641	0.0	0.2522132	0.0	0.0	0.0	0.0	0.0
0.0	0.11908335	0.0	0.5178682	0.0026844358	0.0	0.17781395	0.0	0.0	0.0	0.0	0.0	0.0	0.0	0.29220352	0.13047539	0.44414416	0.0	0.3242258	0.0	0.0	0.2429307	0.0	0.0	0.0	0.24507152	0.0	0.0	0.0	0.0	0.18068473	0.0	0.26875383	0.0	0.0	0.0	0.0	0.0	0.0	0.0	0.12882577	0.0	0.0	0.0	0.19978805	0.0	0.30592325	0.0	0.11266724	0.0	0.0049732532	0.0	0.0	0.0	0.0	0.0	0.0	0.0	0.0	0.18476284	0.3264741	0.11425992	0.0	0.0	0.0	0.0	0.32487103	0.0	0.0	0.27433735	0.0	0.0	0.0	0.0	0.0	0.23343419	0.0	0.072468884	0.071161956	0.0	0.0	0.10262573	0.2427444	0.0	0.19568843	0.0	0.0	0.0	0.20683165	0.26259577	0.0	0.0	0.0	0.0	0.0	0.0	0.25183836	0.16811986	0.0	0.0	0.14760624	0.0	0.0	0.0	0.34408084	0.13295498	0.16266972	0.052719634	0.0	0.0	0.071665086	0.1856553	0.23633468	0.15174805	0.0	0.0	0.0	0.0	0.0	0.0	0.009432657	0.0	0.24496146	0.0	0.0	0.0	0.0	0.0
0.0	0.11662377	0.0	0.54316205	0.00079237047	0.0	0.17111921	0.0	0.0	0.0	0.0	0.0	0.0	0.0	0.32197475	0.1353931	0.45183182	0.0	0.32205474	0.0	0.0	0.26631084	0.0	0.0	0.0	0.24283211	0.0	0.0	0.0	0.0	0.17557211	0.0	0.28975192	0.0	0.0	0.0	0.0	0.0	0.0	0.0	0.12391833	0.0	0.0	0.0	0.2060441	0.0	0.3179411	0.0	0.12472075	0.0	0.006189333	0.0	0.0	0.0	0.0	0.0	0.0	0.0	0.0	0.1853308	0.33152744	0.12261037	0.0	0.0	0.0	0.0	0.32675466	0.0	0.0	0.28849196	0.0	0.0	0.0	0.0	0.0	0.2606518	0.0	0.06602579	0.07859426	0.0	0.0	0.109206	0.26274648	0.0	0.21681869	0.0	0.0	0.0	0.21879871	0.27355084	0.0	0.0	0.0	0.0	0.0	0.0	0.2714475	0.15881169	0.0	0.00017697302	0.14379379	0.0	0.0	0.0	0.37658885	0.1256082	0.17986841	0.046916086	0.0	0.0	0.07105974	0.19582294	0.24966466	0.15066111	0.0	0.0	0.0	0.0	0.0	0.0	0.01584508	0.0	0.26164708	0.0	0.0	0.0	0.0	0.0
0.0	0.09338144	0.0	0.54911095	0.0	0.0	0.13113068	0.0	0.0	0.0	0.0	0.0	0.0	0.0	0.38924614	0.100887775	0.4213272	0.0	0.3390795	0.0	0.0	0.224402	0.0	0.0	0.0	0.26406008	0.0	0.0	0.0	0.0	0.16362669	0.0	0.31481966	0.0	0.0	0.0	0.0	0.0	0.0	0.0	0.1431865	0.0033966822	0.0	0.0	0.21506977	0.0	0.29704773	0.0	0.105077006	0.0	0.0029971984	0.0	0.0	0.0	0.0	0.0	0.0	0.0	0.0	0.17198718	0.35304162	0.14004232	0.0	0.0	0.0	0.0	0.34261325	0.0	0.0	0.31123376	0.0	0.0	0.0	0.0	0.0	0.3074604	0.0	0.058204237	0.039115917	0.0	0.0	0.09120124	0.27061197	0.0	0.26490942	0.0	0.0	0.0	0.20067568	0.31713036	0.0	0.0	0.0	0.0	0.0	0.0	0.28608307	0.13781072	0.0	0.0060995743	0.15097399	0.0	0.0	0.0	0.38586506	0.12773643	0.17699055	0.033608466	0.0	0.0	0.060367864	0.16646047	0.22828877	0.13641787	0.0	0.0	0.0	0.0	0.0	0.0	0.033468097	0.0	0.29984045	0.0	0.0	0.0	0.0	0.0
0.0	0.11788285	0.0	0.50937897	0.0029569492	0.0	0.15314813	0.0	0.0	0.0	0.0	0.0	0.0	0.0	0.3325065	0.10134613	0.42406747	0.0	0.33616814	0.0	0.0	0.21366377	0.0	0.0	0.0	0.262057	0.0	0.0	0.0	0.0	0.17381716	0.0	0.27659383	0.0	0.0	0.0	0.0	0.0	0.0	0.0	0.1521404	0.0055142455	0.0	0.0	0.18847698	0.0	0.2857029	0.0	0.103450574	0.0	0.007373897	0.0	0.0	0.0	0.0	0.0	0.0	0.0	0.0	0.17919527	0.32753018	0.12636794	0.0	0.0	0.0	0.0	0.3185489	0.0	0.0	0.28419387	0.0	0.0	0.0	0.0	0.0	0.2595547	0.0	0.0691135	0.057372857	0.0	0.0	0.085971735	0.24666755	0.0	0.2225432	0.0	0.0	0.0	0.18806571	0.2826968	0.0	0.0	0.0	0.0	0.0	0.0	0.26689348	0.16277133	0.0	0.0017285738	0.15062644	0.0	0.0	0.0	0.3568457	0.14352174	0.1682018	0.04055394	0.0	0.0	0.064771466	0.18210547	0.2177068	0.13725278	0.0	0.0	0.0	0.0	0.0	0.0	0.019645015	0.0	0.26048535	0.0	0.0	0.0	0.0	0.0
0.0	0.09213077	0.0	0.55740094	0.0020346073	0.0	0.13722698	0.0	0.0	0.0	0.0	0.0	0.0	0.0	0.37889138	0.11318826	0.43253994	0.0	0.34031713	0.0	0.0	0.22704144	0.0	0.0	0.0	0.258623	0.0	0.0	0.0	0.0	0.16897541	0.0	0.31201887	0.0	0.0	0.0	0.0	0.0	0.0	0.0	0.13683875	1.672764e-05	0.0	0.0	0.21986115	0.0	0.31422544	0.0	0.1038624	0.0	0.003513854	0.0	0.0	0.0	0.0	0.0	0.0	0.0	0.0	0.16979532	0.36003777	0.13438521	0.0	0.0	0.0	0.0	0.3506132	0.0	0.0	0.30891046	0.0	0.0	0.0	0.0	0.0	0.29586312	0.0	0.057254743	0.04063822	0.0	0.0	0.10378173	0.25886273	0.0	0.25437397	0.0	0.0	0.0	0.20404536	0.31167686	0.0	0.0	0.0	0.0	0.0	0.0	0.27955636	0.14086236	0.0	0.0077869017	0.16057141	0.0	0.0	0.0	0.37584007	0.12858546	0.16684787	0.032000095	0.0	0.0	0.05554402	0.15453884	0.23939192	0.14260286	0.0	0.0	0.0	0.0	0.0	0.0	0.030831179	0.0	0.2936198	0.0	0.0	0.0	0.0	0.0
0.0	0.10128472	0.0	0.601384	0.0032718012	0.0	0.15785567	0.0	0.0	0.0	0.0	0.0	0.0	0.0	0.38330126	0.1497917	0.4724277	0.0	0.35834256	0.0	0.0	0.26878804	0.0	0.0	0.0	0.2640455	0.0	0.0	0.0	0.0	0.17753465	0.0	0.3354188	0.0	0.0	0.0	0.0	0.0	0.0	0.0	0.11147976	0.0	0.0	0.0	0.22645962	0.0	0.3516245	0.0	0.108857155	0.0	0.0033623378	0.0	0.0	0.0	0.0	0.0	0.0	0.0	0.0	0.1718276	0.370469	0.13075884	0.0	0.0	0.0	0.0	0.3860116	0.0	0.0	0.32495794	0.0	0.0	0.0	0.0	0.0	0.3007432	0.0	0.061111797	0.05639106	0.0	0.0	0.13719141	0.25352713	0.0	0.23023672	0.0	0.0	0.0	0.20182247	0.29202268	0.0	0.0	0.0	0.0	0.0	0.0	0.29330242	0.15165943	0.0	0.013262649	0.175397	0.0	0.0	0.0	0.37327924	0.14387046	0.17152429	0.015366494	0.0	0.0	0.057852253	0.16100357	0.272902	0.15684894	0.0	0.0	0.0	0.0	0.0	0.0	0.02170741	0.0	0.28491855	0.0	0.0	0.0	0.0	0.0
0.0	0.11062976	0.0	0.59370977	0.0	0.0	0.15813199	0.0	0.0	0.0	0.0	0.0	0.0	0.0	0.36977687	0.14681315	0.46059904	0.0	0.34134248	0.0	0.0	0.27209425	0.0	0.0	0.0	0.26703802	0.0	0.0	0.0	0.0	0.17999703	0.0	0.3233223	0.0	0.0	0.0	0.0	0.0	0.0	0.0	0.11748612	0.0	0.0	0.0	0.2167737	0.0	0.3433899	0.0	0.11654302	0.0	0.008563563	0.0	0.0	0.0	0.0	0.0	0.0	0.0	0.0	0.17531176	0.35676968	0.12526916	0.0	0.0	0.0	0.0	0.3693045	0.0	0.0	0.31460652	0.0	0.0	0.0	0.0	0.0	0.29580808	0.0	0.052765597	0.063800804	0.0	0.0	0.12362198	0.25342074	0.0	0.2439931	0.0	0.0	0.0	0.20419133	0.2983235	0.0	0.0	0.0	0.0	0.0	0.0	0.29145387	0.15151267	0.0	0.01202587	0.167387	0.0	0.0	0.0	0.37772927	0.13507722	0.16449423	0.014611658	0.0	0.0	0.05933137	0.1713909	0.26502845	0.15226872	0.0	0.0	0.0	0.0	0.0	0.0	0.020555906	0.0	0.27548212	0.0	0.0	0.0	0.0	0.0
0.0	0.11515813	0.0	0.5204131	0.0063807145	0.0	0.16051139	0.0	0.0	0.0	0.0	0.0	0.0	0.0	0.31148776	0.11441932	0.43248877	0.0	0.32829997	0.0	0.0	0.22516187	0.0	0.0	0.0	0.253732	0.0	0.0	0.0	0.0	0.17652357	0.0	0.26928827	0.0	0.0	0.0	0.0	0.0	0.0	0.0	0.14445478	0.0023675552	0.0	0.0	0.1893707	0.0	0.2925625	0.0	0.10822976	0.0	0.006813004	0.0	0.0	0.0	0.0	0.0	0.0	0.0	0.0	0.179963	0.33157888	0.11774493	0.0	0.0	0.0	0.0	0.32230672	0.0	0.0	0.28020564	0.0	0.0	0.0	0.0	0.0	0.24956067	0.0	0.06774295	0.0651657	0.0	0.0	0.09461727	0.24083734	0.0	0.21279746	0.0	0.0	0.0	0.18953378	0.27183405	0.0	0.0	0.0	0.0	0.0	0.0	0.2619962	0.16562669	0.0	0.004823515	0.15376298	0.0	0.0	0.0	0.3487208	0.13789023	0.1602273	0.04221501	0.0	0.0	0.0619795	0.17514032	0.22541039	0.14050011	0.0	0.0	0.0	0.0	0.0	0.0	0.01877965	0.0	0.25462505	0.0	0.0	0.0	0.0	0.0
0.0	0.09975529	0.0	0.5747281	0.0	0.0	0.13899551	0.0	0.0	0.0	0.0	0.0	0.0	0.0	0.37546718	0.108009934	0.446893	0.0	0.32392302	0.0	0.0	0.25782967	0.0	0.0	0.0	0.25411472	0.0	0.0	0.0	0.0	0.16606742	0.0	0.30766365	0.0	0.0	0.0	0.0	0.0	0.0	0.0	0.13871008	0.0059168413	0.0	0.0	0.19966902	0.0	0.30362573	0.0	0.12763415	0.0	0.004495084	0.0	0.0	0.0	0.0	0.0	0.0	0.0	0.0	0.17577666	0.3559135	0.14068551	0.0	0.0	0.0	0.0	0.3438451	0.0	0.0	0.32510483	0.0	0.0	0.0	0.0	0.0	0.31874204	0.0	0.05577145	0.05883978	0.0	0.0	0.102180995	0.2722583	0.0	0.2550253	0.0	0.0	0.0	0.1975803	0.31235465	0.0	0.0	0.0	0.0	0.0	0.0	0.30977127	0.14600848	0.0	0.010921313	0.15651335	0.0	0.0	0.0	0.39695716	0.13267829	0.19342692	0.026118414	0.0	0.0	0.06669155	0.1653875	0.23755248	0.14000349	0.0	0.0	0.0	0.0	0.0	0.0	0.029125502	0.0	0.30124456	0.0	0.0	0.0	0.0	0.0
0.0	0.09961779	0.0	0.5577893	0.0030223383	0.0	0.14112072	0.0	0.0	0.0	0.0	0.0	0.0	0.0	0.3621814	0.106690645	0.437014	0.0	0.3290053	0.0	0.0	0.23291175	0.0	0.0	0.0	0.2558777	0.0	0.0	0.0	0.0	0.16597797	0.0	0.30151352	0.0	0.0	0.0	0.0	0.0	0.0	0.0	0.14736766	0.00609664	0.0	0.0	0.2034753	0.0	0.2979443	0.0	0.11568159	0.0	0.0046639084	0.0	0.0	0.0	0.0	0.0	0.0	0.0	0.0	0.17553884	0.35100627	0.13140762	0.0	0.0	0.0	0.0	0.34135392	0.0	0.0	0.30576918	0.0	0.0	0.0	0.0	0.0	0.29809135	0.0	0.059253484	0.04992495	0.0	0.0012120766	0.09606936	0.26434755	0.0	0.24616389	0.0	0.0	0.0	0.19948153	0.3057112	0.0	0.0	0.0	0.0	0.0	0.0	0.28910887	0.14590895	0.0	0.006283533	0.15097652	0.0	0.0	0.0	0.37753984	0.1299149	0.17521304	0.032659277	0.0	0.0	0.060120273	0.16395088	0.23550324	0.14280011	0.0	0.0	0.0	0.0	0.0	0.0	0.029908953	0.0	0.28941515	0.0	0.0	0.0	0.0	0.0
0.0	0.10398338	0.0	0.5380699	0.0052293167	0.0	0.1538857	0.0	0.0	0.0	0.0	0.0	0.0	0.0	0.3294776	0.119859785	0.44036174	0.0	0.3285223	0.0	0.0	0.2322367	0.0	0.0	0.0	0.24742793	0.0	0.0	0.0	0.0	0.18250728	0.0	0.28412262	0.0	0.0	0.0	0.0	0.0	0.0	0.0	0.13786443	0.001069732	0.0	0.0	0.20110418	0.0	0.3161659	0.0	0.106292866	0.0	0.005253036	0.0	0.0	0.0	0.0	0.0	0.0	0.0	0.0	0.17306562	0.35133466	0.11984471	0.0	0.0	0.0	0.0	0.33760586	0.0	0.0	0.2995086	0.0	0.0	0.0	0.0	0.0	0.26633218	0.0	0.060743418	0.056383878	0.0	0.0011727177	0.100442536	0.24604939	0.0	0.22159614	0.0	0.0	0.0	0.2018264	0.2905681	0.0	0.0	0.0	0.0	0.0	0.0	0.268507	0.16109893	0.0	0.0044293636	0.16317496	0.0	0.0	0.0	0.36281857	0.13310505	0.16850162	0.04470389	0.0	0.0	0.06028311	0.16166602	0.23916574	0.14943363	0.0	0.0	0.0	0.0	0.0	0.0	0.02120021	0.0	0.27084044	0.0	0.0	0.0	0.0	0.0
0.0	0.10450723	0.0	0.5910952	0.0048883054	0.0	0.15082987	0.0	0.0	0.0	0.0	0.0	0.0	0.0	0.35887125	0.14732337	0.46075162	0.0	0.34952876	0.0	0.0	0.2521759	0.0	0.0	0.0	0.2616689	0.0	0.0	0.0	0.0	0.17920746	0.0	0.31895587	0.0	0.0	0.0	0.0	0.0	0.0	0.0	0.11999694	0.0	0.0	0.0	0.2231477	0.0	0.34485707	0.0	0.10738319	0.0	0.005130483	0.0	0.0	0.0	0.0	0.0	0.0	0.0	0.0	0.17397481	0.36647713	0.12260453	0.0	0.0	0.0	0.0	0.3752068	0.0	0.0	0.30974033	0.0	0.0	0.0	0.0	0.0	0.28344485	0.0	0.056132134	0.05496369	0.0	0.0	0.1324084	0.24417903	0.0	0.23528199	0.0	0.0	0.0	0.20048773	0.29092908	0.0	0.0	0.0	0.0	0.0	0.0	0.2826616	0.14927712	0.0	0.013442953	0.17275421	0.0	0.0	0.0	0.3570898	0.13549298	0.16234778	0.017023003	0.0	0.0	0.049227852	0.15260579	0.26339749	0.15295972	0.0	0.0	0.0	0.0	0.0	0.0	0.023644065	0.0	0.2729039	0.0	0.0	0.0	0.0	0.0
0.0	0.10918825	0.0	0.5398434	0.005821373	0.0	0.15366031	0.0	0.0	0.0	0.0	0.0	0.0	0.0	0.32266054	0.112674065	0.44318834	0.0	0.32538986	0.0	0.0	0.22520788	0.0	0.0	0.0	0.25335726	0.0	0.0	0.0	0.0	0.17762654	0.0	0.27756053	0.0	0.0	0.0	0.0	0.0	0.0	0.0	0.14488153	0.004685188	0.0	0.0	0.19797863	0.0	0.29981717	0.0	0.11065519	0.0	0.004144492	0.0	0.0	0.0	0.0	0.0	0.0	0.0	0.0	0.1741354	0.34906745	0.11987722	0.0	0.0	0.0	0.0	0.34023628	0.0	0.0	0.29727325	0.0	0.0	0.0	0.0	0.0	0.26708207	0.0	0.059445083	0.057286527	0.0	0.0	0.10327699	0.2449076	0.0	0.21789794	0.0	0.0	0.0	0.18841128	0.28884706	0.0	0.0	0.0	0.0	0.0	0.0	0.2714317	0.15505673	0.0	0.008868446	0.15994872	0.0	0.0	0.0	0.35257566	0.13686208	0.16512537	0.034977656	0.0	0.0	0.05843821	0.16028221	0.23086262	0.14451618	0.0	0.0	0.0	0.0	0.0	0.0	0.023064101	0.0	0.26795387	0.0	0.0	0.0	0.0	0.0
0.0	0.09514719	0.0	0.5637383	0.002503369	0.0	0.13472682	0.0	0.0	0.0	0.0	0.0	0.0	0.0	0.38109472	0.104412526	0.43374562	0.0	0.33143708	0.0	0.0	0.23462112	0.0	0.0	0.0	0.26181522	0.0	0.0	0.0	0.0	0.16720915	0.0	0.31005737	0.0	0.0	0.0	0.0	0.0	0.0	0.0	0.1431294	0.004613913	0.0	0.0	0.2100092	0.0	0.30192307	0.0	0.112111956	0.0	0.0033680547	0.0	0.0	0.0	0.0	0.0	0.0	0.0	0.0	0.17323937	0.35787198	0.14038052	0.0	0.0	0.0	0.0	0.3481182	0.0	0.0	0.31506586	0.0	0.0	0.0	0.0	0.0	0.31131634	0.0	0.057642262	0.045329954	0.0	0.0	0.09949956	0.26526913	0.0	0.2625103	0.0	0.0	0.0	0.1958033	0.31743395	0.0	0.0	0.0	0.0	0.0	0.0	0.2948295	0.1397713	0.0	0.01116393	0.15816574	0.0	0.0	0.0	0.38491365	0.12779759	0.17231224	0.029758468	0.0	0.0	0.06026261	0.15898828	0.23019378	0.14073925	0.0	0.0	0.0	0.0	0.0	0.0	0.031226968	0.0	0.3009183	0.0	0.0	0.0	0.0	0.0
0.0	0.09339186	0.0	0.56361616	0.0029336947	0.0	0.13968547	0.0	0.0	0.0	0.0	0.0	0.0	0.0	0.3717958	0.10384319	0.43862343	0.0	0.32547352	0.0	0.0	0.24155752	0.0	0.0	0.0	0.25922173	0.0	0.0	0.0	0.0	0.16902375	0.0	0.30537423	0.0	0.0	0.0	0.0	0.0	0.0	0.0	0.14732613	0.0029457177	0.0	0.0	0.20608489	0.0	0.30214334	0.0	0.11811221	0.0	0.0026917544	0.0	0.0	0.0	0.0	0.0	0.0	0.0	0.0	0.17398109	0.35608062	0.13791683	0.0	0.0	0.0	0.0	0.33983615	0.0	0.0	0.3130319	0.0	0.0	0.0	0.0	0.0	0.30734658	0.0	0.05642964	0.049228746	0.0	0.0	0.09545735	0.27142623	0.0	0.25955904	0.0	0.0	0.0	0.2015254	0.31366053	0.0	0.0	0.0	0.0	0.0	0.0	0.29160324	0.1433569	0.0	0.011426528	0.15394664	0.0	0.0	0.0	0.38608924	0.12275559	0.17554045	0.033286646	0.0	0.0	0.06392501	0.16445878	0.23402528	0.14022805	0.0	0.0	0.0	0.0	0.0	0.0	0.030963773	0.0	0.29876268	0.0	0.0	0.0	0.0	0.0
0.0	0.09150172	0.0	0.5640919	0.0011517638	0.0	0.12767126	0.0	0.0	0.0	0.0	0.0	0.0	0.0	0.38494596	0.0962131	0.4297535	0.0	0.33131635	0.0	0.0	0.23052341	0.0	0.0	0.0	0.26464483	0.0	0.0	0.0	0.0	0.16493338	0.0	0.3105809	0.0	0.0	0.0	0.0	0.0	0.0	0.0	0.14283447	0.0062054046	0.0	0.0	0.20831245	0.0	0.2998103	0.0	0.109653674	0.0	0.00342663	0.0	0.0	0.0	0.0	0.0	0.0	0.0	0.0	0.16974972	0.36057127	0.1402901	0.0	0.0	0.0	0.0	0.34900236	0.0	0.0	0.31894803	0.0	0.0	0.0	0.0	0.0	0.31582355	0.0	0.05836523	0.040377904	0.0	0.0030491736	0.0950428	0.26229838	0.0	0.26602474	0.0	0.0	0.0	0.19078262	0.32595673	0.0	0.0	0.0	0.0	0.0	0.0	0.296217	0.13707364	0.0	0.01129699	0.15763979	0.0	0.0	0.0	0.38647875	0.13076429	0.17018192	0.027494354	0.0	0.0	0.059316967	0.1533025	0.22629504	0.13882314	0.0	0.0	0.0	0.0	0.0	0.0	0.034101576	0.0	0.3048618	0.0	0.0	0.0	0.0	0.0
0.0	0.10060662	0.0	0.6647726	0.0	0.0	0.14142944	0.0	0.0	0.0	0.0	0.0	0.0	0.0	0.4445696	0.1518629	0.46844244	0.0	0.3572944	0.0	0.0	0.29371628	0.0	0.0	0.0	0.2837238	0.0	0.0	0.0	0.0	0.1583082	0.0	0.37894186	0.0	0.0	0.0	0.0	0.0	0.0	0.0	0.10720408	0.0	0.0	0.0	0.25073037	0.0	0.34014317	0.0	0.12639125	0.0	0.0055329544	0.0	0.0	0.0	0.0	0.0	0.0	0.0	0.0	0.16225217	0.37066782	0.15164219	0.0	0.0	0.0	0.0	0.40715936	0.0	0.0	0.3280907	0.0	0.0	0.0	0.0	0.0	0.35618076	0.0	0.052529622	0.054653957	0.0	0.0	0.14815785	0.2852711	0.0	0.28387466	0.0	0.0	0.0	0.18870963	0.31189826	0.0	0.0	0.0	0.0	0.0	0.0	0.32489952	0.12065371	0.0	0.021992313	0.15297973	0.0	0.0	0.0	0.40116644	0.12139734	0.18120016	0.0	0.0	0.0	0.044780087	0.17153408	0.27752236	0.14804566	0.0	0.0	0.0	0.0	0.0	0.0	0.032563046	0.0	0.31208494	0.0	0.0	0.0	0.0	0.0
0.0	0.11421598	0.0	0.53567106	0.0003581786	0.0	0.15676792	0.0	0.0	0.0	0.0	0.0	0.0	0.0	0.35578427	0.12275783	0.4338247	0.0	0.34398147	0.0	0.0	0.23244095	0.0	0.0	0.0	0.26057348	0.0	0.0	0.0	0.0	0.17119204	0.0	0.29870927	0.0	0.0	0.0	0.0	0.0	0.0	0.0	0.14025207	0.0	0.0	0.0	0.20327072	0.0	0.30354962	0.0	0.11019484	0.0	0.0051360126	0.0	0.0	0.0	0.0	0.0	0.0	0.0	0.0	0.18287782	0.33628392	0.13438232	0.0	0.0	0.0	0.0	0.3304815	0.0	0.0	0.29470924	0.0	0.0	0.0	0.0	0.0	0.27336705	0.0	0.06760646	0.060024798	0.0	0.0	0.09919924	0.26454982	0.0	0.23355865	0.0	0.0	0.0	0.20072931	0.28626868	0.0	0.0	0.0	0.0	0.0	0.0	0.2724146	0.15874009	0.0	0.0027110502	0.15066294	0.0	0.0	0.0	0.36636722	0.13681702	0.17820746	0.03573678	0.0	0.0	0.06746066	0.18701468	0.23815267	0.13992478	0.0	0.0	0.0	0.0	0.0	0.0	0.020953922	0.0	0.27054402	0.0	0.0	0.0	0.0	0.0
0.0	0.10668796	0.0	0.5704276	0.0	0.0	0.13567868	0.0	0.0	0.0	0.0	0.0	0.0	0.0	0.37569574	0.10866988	0.4434838	0.0	0.3307654	0.0	0.0	0.24166672	0.0	0.0	0.0	0.26603022	0.0	0.0	0.0	0.0	0.1719774	0.0	0.30415413	0.0	0.0	0.0	0.0	0.0	0.0	0.0	0.13706654	0.008628494	0.0	0.0	0.19700927	0.0	0.307866	0.0	0.114437215	0.0	0.005103339	0.0	0.0	0.0	0.0	0.0	0.0	0.0	0.0	0.17179263	0.35846826	0.14062424	0.0	0.0	0.0	0.0	0.35147008	0.0	0.0	0.31978935	0.0	0.0	0.0	0.0	0.0	0.3118588	0.0	0.055466574	0.054322977	0.0	0.0	0.10482713	0.25554368	0.0	0.25802806	0.0	0.0	0.0	0.1847928	0.3175983	0.0	0.0	0.0	0.0	0.0	0.0	0.30539322	0.14538491	0.0	0.013507485	0.17057104	0.0	0.0	0.0	0.38411045	0.14260179	0.17580487	0.019510103	0.0	0.0	0.063881	0.1571147	0.2285657	0.13707429	0.0	0.0	0.0	0.0	0.0	0.0	0.025422556	0.0	0.2894701	0.0	0.0	0.0	0.0	0.0
0.0	0.09959537	0.0	0.54791504	0.0024379098	0.0	0.13942832	0.0	0.0	0.0	0.0	0.0	0.0	0.0	0.37280825	0.105610676	0.43350425	0.0	0.33683893	0.0	0.0	0.22217493	0.0	0.0	0.0	0.26765546	0.0	0.0	0.0	0.0	0.16625765	0.0	0.30117825	0.0	0.0	0.0	0.0	0.0	0.0	0.0	0.15450211	0.0048119863	0.0	0.0	0.2049821	0.0	0.29302105	0.0	0.099327885	0.0	0.0039046023	0.0	0.0	0.0	0.0	0.0	0.0	0.0	0.0	0.1740179	0.35641336	0.1328287	0.0	0.0	0.0	0.0	0.34940684	0.0	0.0	0.30568036	0.0	0.0	0.0	0.0	0.0	0.30804774	0.0	0.061038077	0.048391555	0.0	0.0	0.09277123	0.26090196	0.0	0.2550269	0.0	0.0	0.0	0.19352424	0.3087347	0.0	0.0	0.0	0.0	0.0	0.0	0.2842125	0.15185332	0.0	0.003028673	0.16437733	0.0	0.0	0.0	0.37416032	0.13641168	0.17162852	0.026641631	0.0	0.0	0.061232448	0.15328021	0.2228971	0.14246255	0.0	0.0	0.0	0.0	0.0	0.0	0.032365542	0.0	0.2951542	0.0	0.0	0.0	0.0	0.0
0.0	0.11792293	0.0	0.5100954	0.0008178791	0.0	0.15556148	0.0	0.0	0.0	0.0	0.0	0.0	0.0	0.33954832	0.105076514	0.42260918	0.0	0.33521345	0.0	0.0	0.22090583	0.0	0.0	0.0	0.25934297	0.0	0.0	0.0	0.0	0.17380922	0.0	0.28073248	0.0	0.0	0.0	0.0	0.0	0.0	0.0	0.15516311	0.0034248924	0.0	0.0	0.1899951	0.0	0.28621003	0.0	0.10861226	0.0	0.0062634074	0.0	0.0	0.0	0.0	0.0	0.0	0.0	0.0	0.18208028	0.32621238	0.13126607	0.0	0.0	0.0	0.0	0.3120711	0.0	0.0	0.28629616	0.0	0.0	0.0	0.0	0.0	0.2656696	0.0	0.07120415	0.060364675	0.0	0.0	0.08356196	0.2613124	0.0	0.22800903	0.0	0.0	0.0	0.19517505	0.28484035	0.0	0.0	0.0	0.0	0.0	0.0	0.26882634	0.16263506	0.0	0.00037506782	0.14728631	0.0	0.0	0.0	0.36737776	0.1371454	0.18022846	0.045726627	0.0	0.0	0.07020406	0.19262268	0.22184248	0.13574237	0.0	0.0	0.0	0.0	0.0	0.0	0.019524738	0.0	0.2643371	0.0	0.0	0.0	0.0	0.0
0.0	0.09941699	0.0	0.5873045	0.0	0.0	0.13289574	0.0	0.0	0.0	0.0	0.0	0.0	0.0	0.3885421	0.10631732	0.4433031	0.0	0.32139674	0.0	0.0	0.2596338	0.0	0.0	0.0	0.2630529	0.0	0.0	0.0	0.0	0.16235739	0.0	0.31801805	0.0	0.0	0.0	0.0	0.0	0.0	0.0	0.13919349	0.008841961	0.0	0.0	0.2025013	0.0	0.29862475	0.0	0.12855016	0.0	0.004017602	0.0	0.0	0.0	0.0	0.0	0.0	0.0	0.0	0.17763567	0.35738316	0.1467705	0.0	0.0	0.0	0.0	0.34849945	0.0	0.0	0.3251394	0.0	0.0	0.0	0.0	0.0	0.33552137	0.0	0.058161095	0.05690916	0.0	0.0	0.101933025	0.27657807	0.0	0.27247486	0.0	0.0	0.0	0.19072223	0.32264873	0.0	0.0	0.0	0.0	0.0	0.0	0.3191079	0.13777564	0.0	0.016280813	0.15523797	0.0	0.0	0.0	0.40187624	0.12933223	0.1917988	0.020469936	0.0	0.0	0.07115731	0.16618079	0.23237924	0.1367001	0.0	0.0	0.0	0.0	0.0	0.0	0.03019128	0.0	0.30812025	0.0	0.0	0.0	0.0	0.0
0.0	0.09380958	0.0	0.5784199	0.0	0.0	0.12689644	0.0	0.0	0.0	0.0	0.0	0.0	0.0	0.40181574	0.10474098	0.4305215	0.0	0.34061357	0.0	0.0	0.23708968	0.0	0.0	0.0	0.2713268	0.0	0.0	0.0	0.0	0.16439775	0.0	0.32518432	0.0	0.0	0.0	0.0	0.0	0.0	0.0	0.12900677	0.004460732	0.0	0.0	0.21671455	0.0	0.31082097	0.0	0.1068933	0.0	0.004956627	0.0	0.0	0.0	0.0	0.0	0.0	0.0	0.0	0.16903478	0.36441103	0.14593503	0.0	0.0	0.0	0.0	0.3612187	0.0	0.0	0.3207196	0.0	0.0	0.0	0.0	0.0	0.32131204	0.0	0.05692217	0.040235862	0.0	0.0	0.10544417	0.25704098	0.0	0.27286637	0.0	0.0	0.0	0.18788473	0.32632184	0.0	0.0	0.0	0.0	0.0	0.0	0.3009036	0.13579522	0.0	0.011123568	0.16302437	0.0	0.0	0.0	0.38730398	0.13073768	0.1679972	0.021642268	0.0	0.0	0.05551605	0.1526141	0.23017555	0.13960974	0.0	0.0	0.0	0.0	0.0	0.0	0.03268442	0.0	0.3048517	0.0	0.0	0.0	0.0	0.0
0.0	0.10187159	0.0	0.5962207	0.0	0.0	0.13560684	0.0	0.0	0.0	0.0	0.0	0.0	0.0	0.40471205	0.12308759	0.44557658	0.0	0.34069905	0.0	0.0	0.25762025	0.0	0.0	0.0	0.26689538	0.0	0.0	0.0	0.0	0.16433334	0.0	0.33293003	0.0	0.0	0.0	0.0	0.0	0.0	0.0	0.13163368	0.0026597541	0.0	0.0	0.21848033	0.0	0.31731668	0.0	0.12187037	0.0	0.0057146247	0.0	0.0	0.0	0.0	0.0	0.0	0.0	0.0	0.17263734	0.35858926	0.14774074	0.0	0.0	0.0	0.0	0.3618714	0.0	0.0	0.3222304	0.0	0.0	0.0	0.0	0.0	0.32800344	0.0	0.054011066	0.052830815	0.0	0.0	0.11422119	0.27760676	0.0	0.27132776	0.0	0.0	0.0	0.19600706	0.3148298	0.0	0.0	0.0	0.0	0.0	0.0	0.3070275	0.13692255	0.0	0.014227499	0.1553352	0.0	0.0	0.0	0.39641502	0.12791343	0.18166615	0.015629215	0.0	0.0	0.056923795	0.17072777	0.24875605	0.13941586	0.0	0.0	0.0	0.0	0.0	0.0	0.031706605	0.0	0.3064523	0.0	0.0	0.0	0.0	0.0
0.0	0.11846113	0.0	0.50152546	0.0009815252	0.0	0.15857108	0.0	0.0	0.0	0.0	0.0	0.0	0.0	0.32589164	0.10298594	0.42257002	0.0	0.33524463	0.0	0.0	0.2119605	0.0	0.0	0.0	0.2595783	0.0	0.0	0.0	0.0	0.17716573	0.0	0.27513185	0.0	0.0	0.0	0.0	0.0	0.0	0.0	0.14554258	0.0047856164	0.0	0.0	0.19130373	0.0	0.28534088	0.0	0.10098038	0.0	0.007151513	0.0	0.0	0.0	0.0	0.0	0.0	0.0	0.0	0.17892928	0.3260614	0.12190888	0.0	0.0	0.0	0.0	0.31867048	0.0	0.0	0.27868125	0.0	0.0	0.0	0.0	0.0	0.2507884	0.0	0.07146193	0.058293622	0.0	0.0	0.084938616	0.24268238	0.0	0.21344616	0.0	0.0	0.0	0.1906838	0.27748242	0.0	0.0	0.0	0.0	0.0	0.0	0.2574081	0.16693746	0.0	0.0	0.15116198	0.0	0.0	0.0	0.35510173	0.14132735	0.1654589	0.048595086	0.0	0.0	0.06705529	0.18247221	0.21748252	0.14476247	0.0	0.0	0.0	0.0	0.0	0.0	0.016221382	0.0	0.257634	0.0	0.0	0.0	0.0	0.0
0.0	0.124559246	0.0	0.5042247	0.00030312594	0.0	0.16537347	0.0	0.0	0.0	0.0	0.0	0.0	0.0	0.3145193	0.11381191	0.4221251	0.0	0.3377221	0.0	0.0	0.21481915	0.0	0.0	0.0	0.25934896	0.0	0.0	0.0	0.0	0.17826377	0.0	0.27210662	0.0	0.0	0.0	0.0	0.0	0.0	0.0	0.1468189	0.0006947578	0.0	0.0	0.1927477	0.0	0.2892013	0.0	0.101423	0.0	0.0067032003	0.0	0.0	0.0	0.0	0.0	0.0	0.0	0.0	0.18332982	0.323846	0.11933457	0.0	0.0	0.0	0.0	0.31778583	0.0	0.0	0.27420393	0.0	0.0	0.0	0.0	0.0	0.24300773	0.0	0.076035045	0.06180574	0.0	0.0	0.08807192	0.24293329	0.0	0.20845431	0.0	0.0	0.0	0.1905616	0.27091804	0.0	0.0	0.0	0.0	0.0	0.0	0.25594112	0.16752635	0.0	0.0	0.14914593	0.0	0.0	0.0	0.34701037	0.14098848	0.1647808	0.048427273	0.0	0.0	0.06923	0.18882672	0.22192132	0.13893342	0.0	0.0	0.0	0.0	0.0	0.0	0.015646065	0.0	0.24830799	0.0	0.0	0.0	0.0	0.0
0.0	0.11851293	0.0	0.52687865	0.0	0.0	0.1563641	0.0	0.0	0.0	0.0	0.0	0.0	0.0	0.3297603	0.11538038	0.4302113	0.0	0.3289214	0.0	0.0	0.22977857	0.0	0.0	0.0	0.25679734	0.0	0.0	0.0	0.0	0.17588262	0.0	0.28056976	0.0	0.0	0.0	0.0	0.0	0.0	0.0	0.14298837	0.003953104	0.0	0.0	0.19558714	0.0	0.2940794	0.0	0.11236117	0.0	0.0082377	0.0	0.0	0.0	0.0	0.0	0.0	0.0	0.0	0.18372214	0.33745137	0.12628894	0.0	0.0	0.0	0.0	0.32664892	0.0	0.0	0.29067406	0.0	0.0	0.0	0.0	0.0	0.2680382	0.0	0.06863542	0.06268615	0.0	0.0	0.096924454	0.25883374	0.0	0.22523755	0.0	0.0	0.0	0.19348127	0.28488097	0.0	0.0	0.0	0.0	0.0	0.0	0.27239195	0.16043143	0.0	0.004587385	0.14946985	0.0	0.0	0.0	0.3629736	0.13454914	0.1708153	0.039784025	0.0	0.0	0.066915244	0.18420339	0.22877936	0.13835	0.0	0.0	0.0	0.0	0.0	0.0	0.020512471	0.0	0.26571587	0.0	0.0	0.0	0.0	0.0
0.0	0.09549422	0.0	0.5624179	0.0	0.0	0.13980797	0.0	0.0	0.0	0.0	0.0	0.0	0.0	0.38960263	0.107097745	0.43406722	0.0	0.3407246	0.0	0.0	0.24035764	0.0	0.0	0.0	0.27069995	0.0	0.0	0.0	0.0	0.16483565	0.0	0.31137314	0.0	0.0	0.0	0.0	0.0	0.0	0.0	0.13438533	0.0	0.0	0.0	0.2038296	0.0	0.304364	0.0	0.1132676	0.0	0.00824314	0.0	0.0	0.0	0.0	0.0	0.0	0.0	0.0	0.17532597	0.34939003	0.14209172	0.0	0.0	0.0	0.0	0.34416544	0.0	0.0	0.31002927	0.0	0.0	0.0	0.0	0.0	0.30463168	0.0	0.05936793	0.053103615	0.0	0.0	0.10184219	0.2610522	0.0	0.2559612	0.0	0.0	0.0	0.18693502	0.31353888	0.0	0.0	0.0	0.0	0.0	0.0	0.2906706	0.1482904	0.0	0.003854098	0.15413572	0.0	0.0	0.0	0.3821744	0.13255495	0.17211735	0.025547655	0.0	0.0	0.05745834	0.1696471	0.22973168	0.14024776	0.0	0.0	0.0	0.0	0.0	0.0	0.028294556	0.0	0.29207894	0.0	0.0	0.0	0.0	0.0
0.0	0.10745445	0.0	0.6366261	0.0	0.0	0.16600448	0.0	0.0	0.0	0.0	0.0	0.0	0.0	0.39739585	0.17410944	0.48531333	0.0	0.36679932	0.0	0.0	0.2794267	0.0	0.0	0.0	0.27856836	0.0	0.0	0.0	0.0	0.18002081	0.0	0.34938955	0.0	0.0	0.0	0.0	0.0	0.0	0.0	0.09729213	0.0	0.0	0.0	0.2448092	0.0	0.36198267	0.0	0.11134416	0.0	0.006991413	0.0	0.0	0.0	0.0	0.0	0.0	0.0	0.0	0.16780394	0.36707178	0.12716214	0.0	0.0	0.0	0.0	0.4110781	0.0	0.0	0.31285504	0.0	0.0	0.0	0.0	0.0	0.30067804	0.0	0.049484015	0.059514698	0.0	0.0	0.15387356	0.2634097	0.0	0.24130547	0.0	0.0	0.0	0.19994621	0.28516138	0.0	0.0	0.0	0.0	0.0	0.0	0.27668178	0.1497737	0.0	0.01127974	0.17222911	0.0	0.0	0.0	0.36719298	0.13083507	0.16347568	0.0038288955	0.0	0.0	0.039969824	0.16228919	0.28704283	0.170662	0.0	0.0	0.0	0.0	0.0	0.0	0.022758966	0.0	0.27923492	0.0	0.0	0.0	0.0	0.0
0.0	0.111343764	0.0	0.54421806	0.0045628133	0.0	0.15784907	0.0	0.0	0.0	0.0	0.0	0.0	0.0	0.30204657	0.1276525	0.45605183	0.0	0.33905384	0.0	0.0	0.22491916	0.0	0.0	0.0	0.25182834	0.0	0.0	0.0	0.0	0.18569207	0.0	0.2641403	0.0	0.0	0.0	0.0	0.0	0.0	0.0	0.13890429	0.003508416	0.0	0.0	0.19060339	0.0	0.31858468	0.0	0.110508285	0.0	0.012235805	0.0	0.0	0.0	0.0	0.0	0.0	0.0	0.0	0.17349708	0.34980014	0.103458695	0.0	0.0	0.0	0.0	0.34967372	0.0	0.0	0.29080305	0.0	0.0	0.0	0.0	0.0	0.24408843	0.0	0.054390278	0.069375075	0.0	0.0	0.12244931	0.21972418	0.0	0.20350872	0.0	0.0	0.0	0.18588132	0.26780897	0.0	0.0	0.0	0.0	0.0	0.0	0.26304522	0.16683035	0.0	0.0030037167	0.17173827	0.0	0.0	0.0	0.33419344	0.15133397	0.15789376	0.028675638	0.0	0.0	0.043063182	0.15395005	0.24011637	0.15224282	0.0	0.0	0.0	0.0	0.0	0.0	0.023010671	0.0	0.25266883	0.0	0.0	0.0	0.0	0.0
0.0	0.11727128	0.0	0.51585835	0.002988693	0.0	0.16565354	0.0	0.0	0.0	0.0	0.0	0.0	0.0	0.29499188	0.13023062	0.44341883	0.0	0.33478245	0.0	0.0	0.22313611	0.0	0.0	0.0	0.24599905	0.0	0.0	0.0	0.0	0.19163962	0.0	0.2639639	0.0	0.0	0.0	0.0	0.0	0.0	0.0	0.13464569	0.0	0.0	0.0	0.19819559	0.0	0.31735113	0.0	0.10257509	0.0	0.011491944	0.0	0.0	0.0	0.0	0.0	0.0	0.0	0.0	0.1727696	0.33954713	0.10301027	0.0	0.0	0.0	0.0	0.32952413	0.0	0.0	0.27862635	0.0	0.0	0.0	0.0	0.0	0.22567339	0.0	0.061220054	0.06390747	0.0	0.0	0.10701605	0.23488355	0.0	0.19489121	0.0	0.0	0.0	0.20185201	0.2638482	0.0	0.0	0.0	0.0	0.0	0.0	0.24406926	0.17396231	0.0	0.0	0.15695143	0.0	0.0	0.0	0.33410987	0.13859655	0.15343978	0.04957935	0.0	0.0	0.045301273	0.16836154	0.24201989	0.14855781	0.0	0.0	0.0	0.0	0.0	0.0	0.016133487	0.0	0.24563424	0.0	0.0	0.0	0.0	0.0
0.0	0.112284444	0.0	0.53713423	0.006479263	0.0	0.16405095	0.0	0.0	0.0	0.0	0.0	0.0	0.0	0.28904107	0.13069542	0.4492176	0.0	0.3362449	0.0	0.0	0.22372854	0.0	0.0	0.0	0.24935745	0.0	0.0	0.0	0.0	0.18894489	0.0	0.2608164	0.0	0.0	0.0	0.0	0.0	0.0	0.0	0.13202192	0.00043143783	0.0	0.0	0.19676985	0.0	0.32163644	0.0	0.10354539	0.0	0.01189338	0.0	0.0	0.0	0.0	0.0	0.0	0.0	0.0	0.16907795	0.34866926	0.09821865	0.0	0.0	0.0	0.0	0.34463987	0.0	0.0	0.28098226	0.0	0.0	0.0	0.0	0.0	0.22615266	0.0	0.05988362	0.06463576	0.0	0.000868385	0.117643	0.21327107	0.0	0.19217376	0.0	0.0	0.0	0.18648084	0.2658536	0.0	0.0	0.0	0.0	0.0	0.0	0.2542138	0.16793598	0.0	0.0032115213	0.16585088	0.0	0.0	0.0	0.3251395	0.14775012	0.1455214	0.036038876	0.0	0.0	0.04572976	0.15221034	0.2385693	0.14696854	0.0	0.0	0.0	0.0	0.0	0.0	0.01834339	0.0	0.24418338	0.0	0.0	0.0	0.0	0.0
0.0	0.10765823	0.0	0.5859091	0.0027566366	0.0	0.15465681	0.0	0.0	0.0	0.0	0.0	0.0	0.0	0.3411111	0.15581673	0.46574578	0.0	0.35380426	0.0	0.0	0.24679215	0.0	0.0	0.0	0.25730386	0.0	0.0	0.0	0.0	0.18346338	0.0	0.30768538	0.0	0.0	0.0	0.0	0.0	0.0	0.0	0.12055877	0.0	0.0	0.0	0.2179871	0.0	0.34792963	0.0	0.10890599	0.0	0.010439594	0.0	0.0	0.0	0.0	0.0	0.0	0.0	0.0	0.17073639	0.36548606	0.11026433	0.0	0.0	0.0	0.0	0.3749484	0.0	0.0	0.30386734	0.0	0.0	0.0	0.0	0.0	0.26509294	0.0	0.048885494	0.06269317	0.0	0.0	0.13956285	0.23442866	0.0	0.22157395	0.0	0.0	0.0	0.19873087	0.28090444	0.0	0.0	0.0	0.0	0.0	0.0	0.27265868	0.15519111	0.0	0.005566809	0.17256497	0.0	0.0	0.0	0.34624362	0.14453886	0.15722477	0.018665055	0.0	0.0	0.038982835	0.15446827	0.2662902	0.15619285	0.0	0.0	0.0	0.0	0.0	0.0	0.025482237	0.0	0.26407954	0.0	0.0	0.0	0.0	0.0
0.0	0.10036578	0.0	0.550082	0.0068204054	0.0	0.15711471	0.0	0.0	0.0	0.0	0.0	0.0	0.0	0.31141564	0.13081338	0.4549485	0.0	0.3390248	0.0	0.0	0.22747469	0.0	0.0	0.0	0.2489903	0.0	0.0	0.0	0.0	0.18357025	0.0	0.27716306	0.0	0.0	0.0	0.0	0.0	0.0	0.0	0.1380588	0.0	0.0	0.0	0.20110719	0.0	0.32322323	0.0	0.10808963	0.0	0.011106116	0.0	0.0	0.0	0.0	0.0	0.0	0.0	0.0	0.16476877	0.35221234	0.102805994	0.0	0.0	0.0	0.0	0.3473405	0.0	0.0	0.29288244	0.0	0.0	0.0	0.0	0.0	0.24554975	0.0	0.051956158	0.06125102	0.0	0.0	0.12109015	0.22784598	0.0	0.21182847	0.0	0.0	0.0	0.19648193	0.27569064	0.0	0.0	0.0	0.0	0.0	0.0	0.25437906	0.16499363	0.0	0.000216345	0.16478027	0.0	0.0	0.0	0.33997002	0.13606368	0.16222455	0.037685256	0.0	0.0	0.036694102	0.15193231	0.24939276	0.15482904	0.0	0.0	0.0	0.0	0.0	0.0	0.026119294	0.0	0.25991943	0.0	0.0	0.0	0.0	0.0
0.0	0.10200413	0.0	0.5573978	0.005454486	0.0	0.14426728	0.0	0.0	0.0	0.0	0.0	0.0	0.0	0.34220907	0.114997946	0.44989976	0.0	0.33384192	0.0	0.0	0.2308559	0.0	0.0	0.0	0.2566076	0.0	0.0	0.0	0.0	0.1763348	0.0	0.28727564	0.0	0.0	0.0	0.0	0.0	0.0	0.0	0.14823364	0.004114794	0.0	0.0	0.19549239	0.0	0.30739918	0.0	0.115662254	0.0	0.008157059	0.0	0.0	0.0	0.0	0.0	0.0	0.0	0.0	0.17194425	0.35506618	0.12263038	0.0	0.0	0.0	0.0	0.3416345	0.0	0.0	0.30483794	0.0	0.0	0.0	0.0	0.0	0.28137293	0.0	0.053234827	0.059669454	0.0	0.0	0.10883107	0.25087693	0.0	0.23283106	0.0	0.0	0.0	0.18988876	0.2954855	0.0	0.0	0.0	0.0	0.0	0.0	0.2838165	0.15586838	0.0	0.0073043643	0.16383381	0.0	0.0	0.0	0.36223158	0.1412874	0.17010383	0.02701102	0.0	0.0	0.049004395	0.15552282	0.23632573	0.14260812	0.0	0.0	0.0	0.0	0.0	0.0	0.028790504	0.0	0.27939823	0.0	0.0	0.0	0.0	0.0
0.0	0.11332031	0.0	0.53579336	0.005783738	0.0	0.16185658	0.0	0.0	0.0	0.0	0.0	0.0	0.0	0.29381523	0.1298815	0.44596624	0.0	0.3393875	0.0	0.0	0.22009581	0.0	0.0	0.0	0.25258565	0.0	0.0	0.0	0.0	0.18636902	0.0	0.26633355	0.0	0.0	0.0	0.0	0.0	0.0	0.0	0.13442111	0.00095851935	0.0	0.0	0.20050967	0.0	0.31677613	0.0	0.100755416	0.0	0.011760707	0.0	0.0	0.0	0.0	0.0	0.0	0.0	0.0	0.1711837	0.3472433	0.09836531	0.0	0.0	0.0	0.0	0.34599745	0.0	0.0	0.28155202	0.0	0.0	0.0	0.0	0.0	0.2307979	0.0	0.061148643	0.06301563	0.0	0.0	0.115824424	0.21724737	0.0	0.1943507	0.0	0.0	0.0	0.18552059	0.2661556	0.0	0.0	0.0	0.0	0.0	0.0	0.25431842	0.1644029	0.0	0.0052279173	0.162891	0.0	0.0	0.0	0.32492027	0.14728141	0.14780045	0.034848616	0.0	0.0	0.046894863	0.1544651	0.2387727	0.14947446	0.0	0.0	0.0	0.0	0.0	0.0	0.021664357	0.0	0.24667282	0.0	0.0	0.0	0.0	0.0
0.0	0.10755712	0.0	0.6353781	0.0	0.0	0.16516042	0.0	0.0	0.0	0.0	0.0	0.0	0.0	0.39111325	0.17510466	0.4856154	0.0	0.3693243	0.0	0.0	0.27940312	0.0	0.0	0.0	0.27937776	0.0	0.0	0.0	0.0	0.17745094	0.0	0.35128555	0.0	0.0	0.0	0.0	0.0	0.0	0.0	0.10037017	0.0	0.0	0.0	0.23967081	0.0	0.36572996	0.0	0.10950694	0.0	0.0067091226	0.0	0.0	0.0	0.0	0.0	0.0	0.0	0.0	0.1597252	0.36927032	0.12067931	0.0	0.0	0.0	0.0	0.39984122	0.0	0.0	0.31005773	0.0	0.0	0.0	0.0	0.0	0.29769978	0.0	0.04659744	0.065768175	0.0	0.0	0.15120924	0.25716522	0.0	0.24263124	0.0	0.0	0.0	0.20781751	0.28113607	0.0	0.0	0.0	0.0	0.0	0.0	0.27764452	0.14615972	0.0	0.0066982317	0.16627021	0.0	0.0	0.0	0.3605052	0.13270362	0.16154699	0.0058896975	0.0	0.0	0.037315752	0.16343598	0.29049888	0.1690888	0.0	0.0	0.0	0.0	0.0	0.0	0.024905032	0.0	0.2758367	0.0	0.0	0.0	0.0	0.0
0.0	0.10940596	0.0	0.55104965	0.00769111	0.0	0.16196267	0.0	0.0	0.0	0.0	0.0	0.0	0.0	0.30827698	0.13305669	0.45956397	0.0	0.335991	0.0	0.0	0.233786	0.0	0.0	0.0	0.24837102	0.0	0.0	0.0	0.0	0.18744695	0.0	0.26763546	0.0	0.0	0.0	0.0	0.0	0.0	0.0	0.1376254	0.00020169032	0.0	0.0	0.19198759	0.0	0.32161295	0.0	0.11172185	0.0	0.008926827	0.0	0.0	0.0	0.0	0.0	0.0	0.0	0.0	0.17362954	0.35020056	0.10620827	0.0	0.0	0.0	0.0	0.3525387	0.0	0.0	0.29254857	0.0	0.0	0.0	0.0	0.0	0.24517567	0.0	0.054138113	0.06992573	0.0	0.0	0.12326393	0.22198646	0.0	0.20402183	0.0	0.0	0.0	0.18566185	0.27362934	0.0	0.0	0.0	0.0	0.0	0.0	0.26077732	0.16495167	0.0	0.0055472143	0.17035103	0.0	0.0	0.0	0.33637068	0.14803062	0.15714736	0.027931085	0.0	0.0	0.045307163	0.15666664	0.24109113	0.14948209	0.0	0.0	0.0	0.0	0.0	0.0	0.02072668	0.0	0.25389534	0.0	0.0	0.0	0.0	0.0
0.0	0.10463327	0.0	0.5404599	0.007844792	0.0	0.15275232	0.0	0.0	0.0	0.0	0.0	0.0	0.0	0.30603975	0.12097597	0.4481524	0.0	0.3349918	0.0	0.0	0.21945864	0.0	0.0	0.0	0.2490294	0.0	0.0	0.0	0.0	0.1813194	0.0	0.26952305	0.0	0.0	0.0	0.0	0.0	0.0	0.0	0.1465425	0.0025574844	0.0	0.0	0.19808292	0.0	0.30940214	0.0	0.10916395	0.0	0.011804623	0.0	0.0	0.0	0.0	0.0	0.0	0.0	0.0	0.16765608	0.35239196	0.10880006	0.0	0.0	0.0	0.0	0.33783677	0.0	0.0	0.28764936	0.0	0.0	0.0	0.0	0.0	0.24775672	0.0	0.05429278	0.06149311	0.0	0.0007857134	0.113705434	0.23687094	0.0	0.20730571	0.0	0.0	0.0	0.19103362	0.2735444	0.0	0.0	0.0	0.0	0.0	0.0	0.2612044	0.16193718	0.0	0.0031409531	0.16026074	0.0	0.0	0.0	0.33909163	0.13901322	0.161696	0.035266783	0.0031196715	0.0	0.037999123	0.15483747	0.23985767	0.14676733	0.0	0.0	0.0	0.0	0.0	0.0	0.028158829	0.0	0.26080742	0.0	0.0	0.0	0.0	0.0
0.0	0.103326	0.0	0.5482669	0.007533898	0.0	0.1525297	0.0	0.0	0.0	0.0	0.0	0.0	0.0	0.3143154	0.12472352	0.45166993	0.0	0.3347535	0.0	0.0	0.22293688	0.0	0.0	0.0	0.24787617	0.0	0.0	0.0	0.0	0.18167521	0.0	0.27652	0.0	0.0	0.0	0.0	0.0	0.0	0.0	0.14530231	0.0024470666	0.0	0.0	0.20190363	0.0	0.31680146	0.0	0.10851193	0.0	0.010132848	0.0	0.0	0.0	0.0	0.0	0.0	0.0	0.0	0.16905165	0.3563721	0.10918116	0.0	0.0	0.0	0.0	0.3434521	0.0	0.0	0.29286984	0.0	0.0	0.0	0.0	0.0	0.25471318	0.0	0.052529078	0.05885993	0.0	0.0	0.11617764	0.23940964	0.0	0.2112474	0.0	0.0	0.0	0.19498031	0.27959982	0.0	0.0	0.0	0.0	0.0	0.0	0.26236695	0.1602288	0.0	0.0040797032	0.1620742	0.0	0.0	0.0	0.3436581	0.13787322	0.16445129	0.03640512	0.00039607534	0.0	0.03814672	0.15721007	0.24455045	0.14983507	0.0	0.0	0.0	0.0	0.0	0.0	0.028136775	0.0	0.26601735	0.0	0.0	0.0	0.0	0.0
0.0	0.08954552	0.0	0.566752	0.0029316184	0.0	0.13491242	0.0	0.0	0.0	0.0	0.0	0.0	0.0	0.3760792	0.10093114	0.4397675	0.0	0.3349823	0.0	0.0	0.23207806	0.0	0.0	0.0	0.26432267	0.0	0.0	0.0	0.0	0.16797101	0.0	0.30317473	0.0	0.0	0.0	0.0	0.0	0.0	0.0	0.14196508	0.0016673239	0.0	0.0	0.20378293	0.0	0.30828372	0.0	0.11170841	0.0	0.008372639	0.0	0.0	0.0	0.0	0.0	0.0	0.0	0.0	0.1707406	0.35893574	0.13250393	0.0	0.0	0.0	0.0	0.34799436	0.0	0.0	0.3121456	0.0	0.0	0.0	0.0	0.0	0.30321372	0.0	0.054318298	0.04886386	0.0	0.0019474687	0.10632091	0.2538403	0.0	0.25279352	0.0	0.0	0.0	0.18717583	0.3179908	0.0	0.0	0.0	0.0	0.0	0.0	0.29149726	0.14493012	0.0	0.0075446893	0.15934026	0.0	0.0	0.0	0.37791654	0.13251658	0.16850986	0.025261283	0.0	0.0	0.051653117	0.15236053	0.23224215	0.14511266	0.0	0.0	0.0	0.0	0.0	0.0	0.034298196	0.0	0.29753816	0.0	0.0	0.0	0.0	0.0
0.0	0.105363816	0.0	0.5642533	0.0053466945	0.0	0.14924803	0.0	0.0	0.0	0.0	0.0	0.0	0.0	0.32921088	0.12761466	0.46075955	0.0	0.33542466	0.0	0.0	0.23978703	0.0	0.0	0.0	0.2523433	0.0	0.0	0.0	0.0	0.17922206	0.0	0.2838157	0.0	0.0	0.0	0.0	0.0	0.0	0.0	0.14255774	0.0022004482	0.0	0.0	0.19649474	0.0	0.3191444	0.0	0.119379915	0.0	0.010779434	0.0	0.0	0.0	0.0	0.0	0.0	0.0	0.0	0.1726441	0.3575839	0.11530749	0.0	0.0	0.0	0.0	0.34748626	0.0	0.0	0.30302447	0.0	0.0	0.0	0.0	0.0	0.2723124	0.0	0.050304424	0.068316825	0.0	0.0	0.12345181	0.24807496	0.0	0.22268544	0.0	0.0	0.0	0.1914419	0.2857878	0.0	0.0	0.0	0.0	0.0	0.0	0.28291443	0.15853854	0.0	0.0065025794	0.16423225	0.0	0.0	0.0	0.35961184	0.14255081	0.1715616	0.02478989	0.0	0.0	0.042509988	0.15791065	0.24769871	0.14679039	0.0	0.0	0.0	0.0	0.0	0.0	0.03011251	0.0	0.2717022	0.0	0.0	0.0	0.0	0.0
0.0	0.10588116	0.0	0.54877764	0.0074690483	0.0	0.15598531	0.0	0.0	0.0	0.0	0.0	0.0	0.0	0.30475506	0.12568969	0.45529106	0.0	0.33335018	0.0	0.0	0.22700016	0.0	0.0	0.0	0.24766576	0.0	0.0	0.0	0.0	0.18178964	0.0	0.26954708	0.0	0.0	0.0	0.0	0.0	0.0	0.0	0.14442958	0.0017934445	0.0	0.0	0.19703479	0.0	0.3159873	0.0	0.110934615	0.0	0.009938195	0.0	0.0	0.0	0.0	0.0	0.0	0.0	0.0	0.1684746	0.35340607	0.10717818	0.0	0.0	0.0	0.0	0.34173086	0.0	0.0	0.29171267	0.0	0.0	0.0	0.0	0.0	0.24807906	0.0	0.05409581	0.06426346	0.0	8.939579e-05	0.11891642	0.23464958	0.0	0.20767723	0.0	0.0	0.0	0.18924643	0.27307713	0.0	0.0	0.0	0.0	0.0	0.0	0.26170954	0.16315383	0.0	0.0051481626	0.16093095	0.0	0.0	0.0	0.33673874	0.1414939	0.16212542	0.030502135	0.0	0.0	0.041798536	0.15576088	0.2442252	0.14584346	0.0	0.0	0.0	0.0	0.0	0.0	0.026398832	0.0	0.26069793	0.0	0.0	0.0	0.0	0.0
0.0	0.102881424	0.0	0.5503557	0.006685469	0.0	0.15153588	0.0	0.0	0.0	0.0	0.0	0.0	0.0	0.3154593	0.1238574	0.45326993	0.0	0.33391416	0.0	0.0	0.22552739	0.0	0.0	0.0	0.24723603	0.0	0.0	0.0	0.0	0.17993207	0.0	0.27580568	0.0	0.0	0.0	0.0	0.0	0.0	0.0	0.15051854	0.0025564814	0.0	0.0	0.19810967	0.0	0.31207904	0.0	0.114448555	0.0	0.010216273	0.0	0.0	0.0	0.0	0.0	0.0	0.0	0.0	0.17008978	0.35482213	0.11171931	0.0	0.0	0.0	0.0	0.33840886	0.0	0.0	0.2945074	0.0	0.0	0.0	0.0	0.0	0.25812128	0.0	0.052176956	0.062081218	0.0	0.001449837	0.1150954	0.24741508	0.0	0.21278624	0.0	0.0	0.0	0.1935185	0.2790939	0.0	0.0	0.0	0.0	0.0	0.0	0.267808	0.16089611	0.0	0.0039554536	0.16034316	0.0	0.0	0.0	0.34722435	0.13763784	0.16880672	0.03406963	0.0008839614	0.0	0.039728314	0.158515	0.24624749	0.14601608	0.0	0.0	0.0	0.0	0.0	0.0	0.030178323	0.0	0.26825264	0.0	0.0	0.0	0.0	0.0
0.0	0.09637126	0.0	0.5537943	0.0035073115	0.0	0.13986562	0.0	0.0	0.0	0.0	0.0	0.0	0.0	0.364727	0.10601914	0.4396638	0.0	0.33535686	0.0	0.0	0.22827254	0.0	0.0	0.0	0.26385665	0.0	0.0	0.0	0.0	0.17082448	0.0	0.2960005	0.0	0.0	0.0	0.0	0.0	0.0	0.0	0.14469475	8.7537956e-05	0.0	0.0	0.20026064	0.0	0.30380693	0.0	0.1106221	0.0	0.008398194	0.0	0.0	0.0	0.0	0.0	0.0	0.0	0.0	0.17106326	0.35178187	0.13113852	0.0	0.0	0.0	0.0	0.34278408	0.0	0.0	0.30772457	0.0	0.0	0.0	0.0	0.0	0.2928669	0.0	0.05393615	0.051689714	0.0	0.0	0.10132574	0.2558646	0.0	0.24665596	0.0	0.0	0.0	0.19136564	0.30892193	0.0	0.0	0.0	0.0	0.0	0.0	0.28137407	0.15217292	0.0	0.0054214955	0.15856445	0.0	0.0	0.0	0.37040064	0.1354221	0.17074567	0.02795326	0.0	0.0	0.050640706	0.15904675	0.23113008	0.14524359	0.0	0.0	0.0	0.0	0.0	0.0	0.028369842	0.0	0.28945222	0.0	0.0	0.0	0.0	0.0
0.0	0.108579814	0.0	0.5456527	0.006477689	0.0	0.15653671	0.0	0.0	0.0	0.0	0.0	0.0	0.0	0.309205	0.12645234	0.4530559	0.0	0.3359823	0.0	0.0	0.22646593	0.0	0.0	0.0	0.24977557	0.0	0.0	0.0	0.0	0.18186443	0.0	0.26903048	0.0	0.0	0.0	0.0	0.0	0.0	0.0	0.14435983	0.002729263	0.0	0.0	0.19382143	0.0	0.3130487	0.0	0.11225327	0.0	0.01068404	0.0	0.0	0.0	0.0	0.0	0.0	0.0	0.0	0.17046863	0.34986353	0.10954434	0.0	0.0	0.0	0.0	0.34005287	0.0	0.0	0.29112348	0.0	0.0	0.0	0.0	0.0	0.24851255	0.0	0.056058865	0.06658366	0.0	0.0	0.11820171	0.23681164	0.0	0.20849168	0.0	0.0	0.0	0.18828551	0.2741859	0.0	0.0	0.0	0.0	0.0	0.0	0.26479906	0.16397344	0.0	0.0044500306	0.16276109	0.0	0.0	0.0	0.34106278	0.14334705	0.1627749	0.03202382	0.0	0.0	0.042817548	0.15718405	0.2418762	0.14573278	0.0	0.0	0.0	0.0	0.0	0.0	0.025608925	0.0	0.25927338	0.0	0.0	0.0	0.0	0.0
0.0	0.10395717	0.0	0.5630073	0.0062643476	0.0	0.13918884	0.0	0.0	0.0	0.0	0.0	0.0	0.0	0.33418548	0.11437989	0.45080388	0.0	0.33036172	0.0	0.0	0.23143494	0.0	0.0	0.0	0.26005057	0.0	0.0	0.0	0.0	0.17628987	0.0	0.27767172	0.0	0.0	0.0	0.0	0.0	0.0	0.0	0.15309252	0.007910571	0.0	0.0	0.18292558	0.0	0.30136606	0.0	0.11891761	0.0	0.0109234	0.0	0.0	0.0	0.0	0.0	0.0	0.0	0.0	0.16976917	0.3531579	0.12324321	0.00095771876	0.0	0.0	0.0	0.34070602	0.0	0.0	0.3036544	0.0	0.0	0.0	0.0	0.0	0.28351933	0.0	0.049269993	0.070741095	0.0	0.0010289388	0.114397414	0.24645257	0.0	0.22839291	0.0	0.0	0.0	0.1778299	0.28953376	0.0	0.0	0.0	0.0	0.0	0.0	0.29266977	0.15876096	0.0	0.007326549	0.16840701	0.0	0.0	0.0	0.36400786	0.15044372	0.17064053	0.02347544	0.001550342	0.0	0.043861	0.15496506	0.23046112	0.13693644	0.0	0.0	0.0	0.0	0.0	0.0	0.033579234	0.0	0.2748665	0.0	0.0	0.0	0.0	0.0
0.0	0.086741485	0.0	0.5762244	0.00078040705	0.0	0.12691498	0.0	0.0	0.0	0.0	0.0	0.0	0.0	0.38152674	0.09792125	0.44210973	0.0	0.32996926	0.0	0.0	0.23707819	0.0	0.0	0.0	0.26575395	0.0	0.0	0.0	0.0	0.1674997	0.0	0.30665046	0.0	0.0	0.0	0.0	0.0	0.0	0.0	0.14283143	0.004339282	0.0	0.0	0.2047901	0.0	0.30226278	0.0	0.116866656	0.0	0.008507177	0.0	0.0	0.0	0.0	0.0	0.0	0.0	0.0	0.16773027	0.36527863	0.13723418	0.0	0.0	0.0	0.0	0.35224855	0.0	0.0	0.31964758	0.0	0.0	0.0	0.0	0.0	0.31704152	0.0	0.05175167	0.048799004	0.0	0.0038021978	0.106633134	0.26112273	0.0	0.25923643	0.0	0.0	0.0	0.18686473	0.32426137	0.0	0.0	0.0	0.0	0.0	0.0	0.30183825	0.14158082	0.0	0.009197065	0.16107948	0.0	0.0	0.0	0.38430157	0.13342841	0.17372197	0.022557795	0.0	0.0	0.051552918	0.14886811	0.23099132	0.143736	0.0	0.0	0.0	0.0	0.0	0.0	0.03564469	0.0	0.30725396	0.0	0.0	0.0	0.0	0.0
0.0	0.103731684	0.0	0.5472165	0.0049732546	0.0	0.14609195	0.0	0.0	0.0	0.0	0.0	0.0	0.0	0.3366456	0.11292478	0.4461731	0.0	0.33604443	0.0	0.0	0.22690473	0.0	0.0	0.0	0.25775367	0.0	0.0	0.0	0.0	0.1776979	0.0	0.28331044	0.0	0.0	0.0	0.0	0.0	0.0	0.0	0.14975387	0.0041189794	0.0	0.0	0.19255447	0.0	0.30550525	0.0	0.112772346	0.0	0.009412154	0.0	0.0	0.0	0.0	0.0	0.0	0.0	0.0	0.17111145	0.3489389	0.120713525	0.0	0.0	0.0	0.0	0.33715495	0.0	0.0	0.30036858	0.0	0.0	0.0	0.0	0.0	0.27316496	0.0	0.054510716	0.05950497	0.0	0.0	0.1062634	0.24663518	0.0	0.2284584	0.0	0.0	0.0	0.18929863	0.29012886	0.0	0.0	0.0	0.0	0.0	0.0	0.27639392	0.15963387	0.0	0.0052702427	0.16221686	0.0	0.0	0.0	0.35885492	0.14312911	0.167085	0.030323392	0.0	0.0	0.049415197	0.15951352	0.23367554	0.14307506	0.0	0.0	0.0	0.0	0.0	0.0	0.027374743	0.0	0.2733737	0.0	0.0	0.0	0.0	0.0
0.0	0.19291264	0.0	0.3890001	0.0	0.0	0.19685948	0.0	0.0	0.0	0.0	0.0	0.0	0.0	0.3016467	0.09850227	0.397705	0.0	0.32532907	0.0	0.0	0.21920936	0.0	0.0	0.0	0.21260305	0.0	0.0	0.0	0.0	0.12796046	0.0	0.25262383	0.0	0.0	0.0	0.0	0.0	0.0	0.0	0.21796308	0.0	0.0	0.0	0.18587168	0.0	0.2658474	0.0	0.1128169	0.0	0.017086381	0.0	0.0	0.0	0.0	0.0	0.0	0.0	0.0	0.2170928	0.24727386	0.14008641	0.0	0.002985984	0.0	0.0	0.1840685	0.0	0.0	0.20802289	0.0	0.0	0.0	0.0	0.0	0.20437415	0.0	0.12617528	0.08837175	0.0	0.0	0.035701167	0.33743668	0.0	0.19204913	0.0	0.0	0.0	0.2522076	0.20319979	0.0	0.0	0.0	0.0	0.0	0.0	0.24164577	0.17657544	0.0	0.0	0.07120023	0.0	0.0	0.0	0.38208234	0.13686274	0.25567824	0.10234437	0.0015334986	0.0	0.13328445	0.29523543	0.252085	0.12824763	0.0	0.0	0.0	0.0	0.0	0.0	0.0027460593	0.0	0.23740296	0.0	0.0	0.0	0.0	0.0
0.0	0.11307164	0.0	0.6196279	0.0	0.0	0.17049532	0.0	0.0	0.0	0.0	0.0	0.0	0.0	0.38303843	0.16888845	0.4752436	0.0	0.35091296	0.0	0.0	0.28991318	0.0	0.0	0.0	0.27261767	0.0	0.0	0.0	0.0	0.17775373	0.0	0.34373632	0.0	0.0	0.0	0.0	0.0	0.0	0.0	0.0986586	0.0	0.0	0.0	0.23543687	0.0	0.3598093	0.0	0.11587015	0.0	0.009645053	0.0	0.0	0.0	0.0	0.0	0.0	0.0	0.0	0.16807993	0.35453582	0.12685858	0.0	0.0	0.0	0.0	0.3899789	0.0	0.0	0.3087684	0.0	0.0	0.0	0.0	0.0	0.29369608	0.0	0.050003093	0.0647339	0.0	0.0	0.14379019	0.26296613	0.0	0.23578729	0.0	0.0	0.0	0.20328742	0.27902845	0.0	0.0	0.0	0.0	0.0	0.0	0.27231237	0.15333734	0.0	0.0038209192	0.15470272	0.0	0.0	0.0	0.37297797	0.123763144	0.1670131	0.013711531	0.0	0.0	0.0376075	0.1839359	0.28566572	0.16202116	0.0	0.0	0.0	0.0	0.0	0.0	0.017705811	0.0	0.26689565	0.0	0.0	0.0	0.0	0.0
0.0	0.09887638	0.0	0.6336223	0.0026158448	0.0	0.16064963	0.0	0.0	0.0	0.0	0.0	0.0	0.0	0.3835278	0.16381721	0.48388505	0.0	0.35445273	0.0	0.0	0.28359368	0.0	0.0	0.0	0.27102324	0.0	0.0	0.0	0.0	0.17145108	0.0	0.33160287	0.0	0.0	0.0	0.0	0.0	0.0	0.0	0.112268925	0.0	0.0	0.0	0.21936901	0.0	0.35311043	0.0	0.12241411	0.0	0.008328896	0.0	0.0	0.0	0.0	0.0	0.0	0.0	0.0	0.17504323	0.36284456	0.1240848	0.0	0.0	0.0	0.0	0.39660177	0.0	0.0	0.31902412	0.0	0.0	0.0	0.0	0.0	0.30241477	0.0	0.04554854	0.07193381	0.0	0.0	0.15139847	0.25057968	0.0	0.2446775	0.0	0.0	0.0	0.19663393	0.2838323	0.0	0.0	0.0	0.0	0.0	0.0	0.2961751	0.14893627	0.0	0.010225193	0.17295943	0.0	0.0	0.0	0.36578703	0.13606375	0.16629393	0.0048231035	0.0	0.0	0.0317924	0.1534311	0.275355	0.1615294	0.0	0.0	0.0	0.0	0.0	0.0	0.022171842	0.0	0.27883616	0.0	0.0	0.0	0.0	0.0
0.0	0.10603549	0.0	0.60836595	0.0	0.0	0.14956251	0.0	0.0	0.0	0.0	0.0	0.0	0.0	0.4051807	0.14578323	0.44922924	0.0	0.36255983	0.0	0.0	0.26357165	0.0	0.0	0.0	0.27413	0.0	0.0	0.0	0.0	0.15875596	0.0	0.34779763	0.0	0.0	0.0	0.0	0.0	0.0	0.0	0.115389116	0.0	0.0	0.0	0.23171453	0.0	0.33046308	0.0	0.11446759	0.0	0.0059351325	0.0	0.0	0.0	0.0	0.0	0.0	0.0	0.0	0.17035937	0.35163355	0.13739178	0.0	0.0	0.0	0.0	0.37749043	0.0	0.0	0.30694023	0.0	0.0	0.0	0.0	0.0	0.30553424	0.0	0.059774112	0.05931999	0.0	0.0	0.13125044	0.26033017	0.0	0.2620977	0.0	0.0	0.0	0.19286925	0.2966251	0.0	0.0	0.0	0.0	0.0	0.0	0.29598555	0.13449916	0.0	0.013360242	0.15460558	0.0	0.0	0.0	0.37927333	0.13376375	0.1672795	0.0048364974	0.0	0.0	0.056172777	0.17419852	0.26101568	0.14368327	0.0	0.0	0.0	0.0	0.0	0.0	0.029750178	0.0	0.28684464	0.0	0.0	0.0	0.0	0.0
0.0	0.10911813	0.0	0.53994536	0.0030277155	0.0	0.1526058	0.0	0.0	0.0	0.0	0.0	0.0	0.0	0.33158424	0.1204573	0.43932748	0.0	0.33303177	0.0	0.0	0.2347366	0.0	0.0	0.0	0.24868701	0.0	0.0	0.0	0.0	0.17260116	0.0	0.29054084	0.0	0.0	0.0	0.0	0.0	0.0	0.0	0.14482784	0.005181886	0.0	0.0	0.2028017	0.0	0.303008	0.0	0.116409004	0.0	0.0051546902	0.0	0.0	0.0	0.0	0.0	0.0	0.0	0.0	0.18341649	0.34374037	0.122658424	0.0	0.0	0.0	0.0	0.33133826	0.0	0.0	0.29650486	0.0	0.0	0.0	0.0	0.0	0.27376422	0.0	0.065235935	0.05908802	0.0	0.0	0.09715393	0.25976393	0.0	0.22855449	0.0	0.0	0.0	0.19956823	0.28583428	0.0	0.0	0.0	0.0	0.0	0.0	0.27618906	0.15460001	0.0	0.0079813795	0.14671452	0.0	0.0	0.0	0.36372676	0.13413702	0.169923	0.040021773	0.0	0.0	0.063677	0.17616677	0.24037997	0.14050531	0.0	0.0	0.0	0.0	0.0	0.0	0.02587953	0.0	0.2741669	0.0	0.0	0.0	0.0	0.0
0.0	0.1073696	0.0	0.6381252	0.0	0.0	0.16290593	0.0	0.0	0.0	0.0	0.0	0.0	0.0	0.40541318	0.17700668	0.47363463	0.0	0.37781477	0.0	0.0	0.27542642	0.0	0.0	0.0	0.28129095	0.0	0.0	0.0	0.0	0.16926526	0.0	0.36204377	0.0	0.0	0.0	0.0	0.0	0.0	0.0	0.09817639	0.0	0.0	0.0	0.2511749	0.0	0.36664596	0.0	0.1070021	0.0	0.00537386	0.0	0.0	0.0	0.0	0.0	0.0	0.0	0.0	0.1650688	0.36586818	0.12738992	0.0	0.0	0.0	0.0	0.40862146	0.0	0.0	0.30713367	0.0	0.0	0.0	0.0	0.0	0.2943652	0.0	0.059099536	0.058036298	0.0	0.0	0.15577054	0.2510831	0.0	0.24267031	0.0	0.0	0.0	0.19078334	0.28064498	0.0	0.0	0.0	0.0	0.0	0.0	0.28739515	0.1353253	0.0	0.019173482	0.16791998	0.0	0.0	0.0	0.35907173	0.13757803	0.1504463	0.005157223	0.0	0.0	0.040995345	0.16829906	0.29168406	0.15571693	0.0	0.0	0.0	0.0	0.0	0.0	0.0268304	0.0	0.2708061	0.0	0.0	0.0	0.0	0.0
0.0	0.11548228	0.0	0.5197765	0.0011795908	0.0	0.1696254	0.0	0.0	0.0	0.0	0.0	0.0	0.0	0.2929665	0.13073206	0.43294236	0.0	0.3370768	0.0	0.0	0.22575001	0.0	0.0	0.0	0.24772914	0.0	0.0	0.0	0.0	0.18327875	0.0	0.26960704	0.0	0.0	0.0	0.0	0.0	0.0	0.0	0.12509692	0.0	0.0	0.0	0.20283051	0.0	0.31553388	0.0	0.096846916	0.0	0.0038028534	0.0	0.0	0.0	0.0	0.0	0.0	0.0	0.0	0.1753637	0.33396304	0.10347273	0.0	0.0	0.0	0.0	0.33432803	0.0	0.0	0.27242962	0.0	0.0	0.0	0.0	0.0	0.22198923	0.0	0.07117545	0.061767977	0.0	0.0	0.10085925	0.21361203	0.0	0.19570725	0.0	0.0	0.0	0.19052051	0.2651651	0.0	0.0	0.0	0.0	0.0	0.0	0.24806578	0.16560964	0.0	0.004688252	0.15808837	0.0	0.0	0.0	0.33021986	0.14355521	0.13811077	0.04609442	0.0	0.0	0.068735026	0.16204557	0.23291974	0.14228424	0.0	0.0	0.0	0.0	0.0	0.0	0.011237152	0.0	0.24040838	0.0	0.0	0.0	0.0	0.0
0.0	0.11665996	0.0	0.51546425	0.0	0.0	0.17011593	0.0	0.0	0.0	0.0	0.0	0.0	0.0	0.29468188	0.13243112	0.42947492	0.0	0.34145436	0.0	0.0	0.22300828	0.0	0.0	0.0	0.24912901	0.0	0.0	0.0	0.0	0.18546444	0.0	0.27180335	0.0	0.0	0.0	0.0	0.0	0.0	0.0	0.12398825	0.00011279729	0.0	0.0	0.2038788	0.0	0.31556588	0.0	0.09448405	0.0	0.003926163	0.0	0.0	0.0	0.0	0.0	0.0	0.0	0.0	0.17713499	0.33367324	0.10406115	0.0	0.0	0.0	0.0	0.33312482	0.0	0.0	0.26986805	0.0	0.0	0.0	0.0	0.0	0.21927607	0.0	0.0725671	0.06170271	0.0	0.0	0.09918583	0.21429221	0.0	0.19291063	0.0	0.0	0.0	0.1931963	0.26276103	0.0	0.0	0.0	0.0	0.0	0.0	0.24699534	0.16609137	0.0	0.0017101578	0.15954657	0.0	0.0	0.0	0.3308526	0.14579247	0.13779251	0.048169166	0.0	0.0	0.06846756	0.16638832	0.23403387	0.14029975	0.0	0.0	0.0	0.0	0.0	0.0	0.010806836	0.0	0.23664512	0.0	0.0	0.0	0.0	0.0
0.0	0.11775885	0.0	0.5106625	0.0008092628	0.0	0.16742672	0.0	0.0	0.0	0.0	0.0	0.0	0.0	0.30239418	0.12484324	0.42589355	0.0	0.3408682	0.0	0.0	0.22149502	0.0	0.0	0.0	0.2534165	0.0	0.0	0.0	0.0	0.1819755	0.0	0.274179	0.0	0.0	0.0	0.0	0.0	0.0	0.0	0.12969626	0.00023041743	0.0	0.0	0.202285	0.0	0.30935964	0.0	0.09480572	0.0	0.0051453956	0.0	0.0	0.0	0.0	0.0	0.0	0.0	0.0	0.1774751	0.3294054	0.10877172	0.0	0.0	0.0	0.0	0.32718205	0.0	0.0	0.27075827	0.0	0.0	0.0	0.0	0.0	0.22420083	0.0	0.07252202	0.060206052	0.0	0.0	0.09487458	0.2229525	0.0	0.20174812	0.0	0.0	0.0	0.19343655	0.26776838	0.0	0.0	0.0	0.0	0.0	0.0	0.24797602	0.16656525	0.0	0.0018725513	0.1523654	0.0	0.0	0.0	0.33585298	0.14341511	0.14056373	0.048359707	0.0	0.0	0.068467565	0.17371659	0.23120208	0.13979372	0.0	0.0	0.0	0.0	0.0	0.0	0.013385835	0.0	0.24183047	0.0	0.0	0.0	0.0	0.0
0.0	0.10632753	0.0	0.57328075	0.0	0.0	0.1554863	0.0	0.0	0.0	0.0	0.0	0.0	0.0	0.3630495	0.15162987	0.44795468	0.0	0.36349902	0.0	0.0	0.24167423	0.0	0.0	0.0	0.26227084	0.0	0.0	0.0	0.0	0.17222033	0.0	0.32240131	0.0	0.0	0.0	0.0	0.0	0.0	0.0	0.11817386	0.0	0.0	0.0	0.2298917	0.0	0.33685192	0.0	0.102075726	0.0	0.004827961	0.0	0.0	0.0	0.0	0.0	0.0	0.0	0.0	0.17288204	0.3539578	0.12117825	0.0	0.0	0.0	0.0	0.3685511	0.0	0.0	0.29664674	0.0	0.0	0.0	0.0	0.0	0.26906717	0.0	0.059828147	0.05405589	0.0	0.0	0.12735745	0.24381071	0.0	0.23294617	0.0	0.0	0.0	0.20288436	0.28346562	0.0	0.0	0.0	0.0	0.0	0.0	0.2692872	0.14567228	0.0	0.0064592995	0.16117507	0.0	0.0	0.0	0.35332918	0.13769968	0.15143256	0.02218957	0.0	0.0	0.051137164	0.16396676	0.26215526	0.14946806	0.0	0.0	0.0	0.0	0.0	0.0	0.027325504	0.0	0.26850933	0.0	0.0	0.0	0.0	0.0
0.0	0.11444024	0.0	0.59161335	0.0	0.0	0.16222727	0.0	0.0	0.0	0.0	0.0	0.0	0.0	0.3886571	0.16636588	0.45717433	0.0	0.3783702	0.0	0.0	0.26320997	0.0	0.0	0.0	0.26431182	0.0	0.0	0.0	0.0	0.17599423	0.0	0.34803596	0.0	0.0	0.0	0.0	0.0	0.0	0.0	0.10800891	0.0	0.0	0.0	0.24059117	0.0	0.35949004	0.0	0.103585206	0.0	0.004482252	0.0	0.0	0.0	0.0	0.0	0.0	0.0	0.0	0.16365957	0.34940577	0.123523444	0.0	0.0	0.0	0.0	0.3741363	0.0	0.0	0.3007085	0.0	0.0	0.0	0.0	0.0	0.28245687	0.0	0.065892525	0.05485475	0.0	0.0	0.12956192	0.25942683	0.0	0.23149197	0.0	0.0	0.0	0.21436952	0.2767258	0.0	0.0	0.0	0.0	0.0	0.0	0.2731233	0.15237917	0.0	0.0030879036	0.16336061	0.0	0.0	0.0	0.37220016	0.13969432	0.16826367	0.019812187	0.0	0.0	0.046983153	0.17864366	0.27920112	0.16847093	0.0	0.0	0.0	0.0	0.0	0.0	0.025019987	0.0	0.2731349	0.0	0.0	0.0	0.0	0.0
0.0	0.11288906	0.0	0.53729075	0.0	0.0	0.16004376	0.0	0.0	0.0	0.0	0.0	0.0	0.0	0.33185545	0.12461267	0.44249892	0.0	0.3335372	0.0	0.0	0.24538934	0.0	0.0	0.0	0.24962778	0.0	0.0	0.0	0.0	0.17256327	0.0	0.28923687	0.0	0.0	0.0	0.0	0.0	0.0	0.0	0.1311736	0.0019702634	0.0	0.0	0.20234324	0.0	0.31093562	0.0	0.11565411	0.0	0.0040697157	0.0	0.0	0.0	0.0	0.0	0.0	0.0	0.0	0.18028028	0.3379128	0.12445021	0.0	0.0	0.0	0.0	0.33235756	0.0	0.0	0.29301614	0.0	0.0	0.0	0.0	0.0	0.25966492	0.0	0.06601688	0.06382844	0.0	0.0	0.105357446	0.2524773	0.0	0.22340602	0.0	0.0	0.0	0.2014664	0.28095666	0.0	0.0	0.0	0.0	0.0	0.0	0.2716279	0.15760012	0.0	0.004960396	0.15142037	0.0	0.0	0.0	0.36226168	0.13861693	0.16623929	0.04265097	0.0	0.0	0.06924375	0.17875059	0.24184786	0.14091493	0.0	0.0	0.0	0.0	0.0	0.0	0.020460874	0.0	0.26581874	0.0	0.0	0.0	0.0	0.0
0.0	0.11726719	0.0	0.5164252	0.0	0.0	0.16537435	0.0	0.0	0.0	0.0	0.0	0.0	0.0	0.3163685	0.12620462	0.4293003	0.0	0.34253657	0.0	0.0	0.22511113	0.0	0.0	0.0	0.25173995	0.0	0.0	0.0	0.0	0.17755306	0.0	0.28075626	0.0	0.0	0.0	0.0	0.0	0.0	0.0	0.13340218	0.0	0.0	0.0	0.2052892	0.0	0.3056885	0.0	0.10394768	0.0	0.0072403434	0.0	0.0	0.0	0.0	0.0	0.0	0.0	0.0	0.18222506	0.33138967	0.11544898	0.0	0.0	0.0	0.0	0.32772493	0.0	0.0	0.2790686	0.0	0.0	0.0	0.0	0.0	0.24153666	0.0	0.07354162	0.06113735	0.0	0.0	0.09909583	0.24324483	0.0	0.20927127	0.0	0.0	0.0	0.20011203	0.2711183	0.0	0.0	0.0	0.0	0.0	0.0	0.25297496	0.16281436	0.0	2.2826716e-05	0.14739607	0.0	0.0	0.0	0.34764138	0.13823622	0.15583012	0.04845065	0.0	0.0	0.06467888	0.18394537	0.23776467	0.1438631	0.0	0.0	0.0	0.0	0.0	0.0	0.018948682	0.0	0.25221112	0.0	0.0	0.0	0.0	0.0
0.0	0.11898494	0.0	0.4971253	0.0021294386	0.0	0.16590334	0.0	0.0	0.0	0.0	0.0	0.0	0.0	0.30467868	0.1125179	0.42130497	0.0	0.33040112	0.0	0.0	0.21187173	0.0	0.0	0.0	0.2519983	0.0	0.0	0.0	0.0	0.17745955	0.0	0.26612887	0.0	0.0	0.0	0.0	0.0	0.0	0.0	0.14606558	9.7087584e-05	0.0	0.0	0.19522913	0.0	0.2880437	0.0	0.10219536	0.0	0.0030525539	0.0	0.0	0.0	0.0	0.0	0.0	0.0	0.0	0.17945188	0.32259533	0.118035264	0.0	0.0	0.0	0.0	0.31273815	0.0	0.0	0.26993302	0.0	0.0	0.0	0.0	0.0	0.2329158	0.0	0.07571856	0.05958267	0.0	0.0	0.08145998	0.24366207	0.0	0.20333408	0.0	0.0	0.0	0.19302838	0.26967928	0.0	0.0	0.0	0.0	0.0	0.0	0.2487816	0.16970932	0.0	0.0	0.14493062	0.0	0.0	0.0	0.33881187	0.13752417	0.15307724	0.049821537	0.0	0.0	0.067825116	0.18418647	0.22336642	0.13886403	0.0	0.0	0.0	0.0	0.0	0.0	0.014849302	0.0	0.25073066	0.0	0.0	0.0	0.0	0.0
0.0	0.11118322	0.0	0.6853345	0.0	0.0	0.16897462	0.0	0.0	0.0	0.0	0.0	0.0	0.0	0.45935944	0.1876208	0.47785714	0.0	0.38565668	0.0	0.0	0.30756924	0.0	0.0	0.0	0.29667944	0.0	0.0	0.0	0.0	0.15236224	0.0	0.40456295	0.0	0.0	0.0	0.0	0.0	0.0	0.0	0.08659804	0.0	0.0	0.0	0.27768722	0.0	0.36552325	0.0	0.120960034	0.0	0.0057031703	0.0	0.0	0.0	0.0	0.0	0.0	0.0	0.0	0.15495165	0.35840526	0.14276959	0.0	0.0	0.0	0.0	0.42973018	0.0	0.0	0.30761242	0.0	0.0	0.0	0.0	0.0	0.33682653	0.0	0.057434272	0.055018142	0.0	0.0	0.1680218	0.29097167	0.0	0.27757642	0.0	0.0	0.0	0.19323428	0.2843068	0.0	0.0	0.0	0.0	0.0	0.0	0.30180728	0.11871726	0.0	0.01830089	0.14233162	0.0	0.0	0.0	0.38777456	0.117664374	0.17711668	0.0	0.0	0.0	0.033294607	0.19666396	0.3137879	0.15662062	0.0	0.0	0.0	0.0	0.0	0.0	0.029376984	0.0	0.28695047	0.0	0.0	0.0	0.0	0.0
0.0	0.11303995	0.0	0.5118157	0.003702042	0.0	0.16403602	0.0	0.0	0.0	0.0	0.0	0.0	0.0	0.31286845	0.122359924	0.42777094	0.0	0.34027418	0.0	0.0	0.21875672	0.0	0.0	0.0	0.25031632	0.0	0.0	0.0	0.0	0.17868106	0.0	0.2788752	0.0	0.0	0.0	0.0	0.0	0.0	0.0	0.13800175	0.0	0.0	0.0	0.20504136	0.0	0.3061668	0.0	0.09774343	0.0	0.006021206	0.0	0.0	0.0	0.0	0.0	0.0	0.0	0.0	0.17651506	0.33304858	0.112440914	0.0	0.0	0.0	0.0	0.32311085	0.0	0.0	0.2749178	0.0	0.0	0.0	0.0	0.0	0.23431452	0.0	0.070094384	0.0580302	0.0	0.0	0.093220435	0.23711528	0.0	0.20995851	0.0	0.0	0.0	0.20079865	0.2696798	0.0	0.0	0.0	0.0	0.0	0.0	0.24715257	0.16248055	0.0	7.8585e-06	0.1472938	0.0	0.0	0.0	0.34402052	0.1352488	0.15151833	0.050719213	0.0	0.0	0.0627171	0.17611277	0.23492615	0.14071584	0.0	0.0	0.0	0.0	0.0	0.0	0.019532645	0.0	0.25153413	0.0	0.0	0.0	0.0	0.0
0.0	0.09803053	0.0	0.55622286	0.0051851072	0.0	0.14595994	0.0	0.0	0.0	0.0	0.0	0.0	0.0	0.33248365	0.11593514	0.4475359	0.0	0.3318293	0.0	0.0	0.2358042	0.0	0.0	0.0	0.24790716	0.0	0.0	0.0	0.0	0.17544281	0.0	0.28836432	0.0	0.0	0.0	0.0	0.0	0.0	0.0	0.1363191	0.00391703	0.0	0.0	0.20672208	0.0	0.31693405	0.0	0.111391746	0.0	0.0050326013	0.0	0.0	0.0	0.0	0.0	0.0	0.0	0.0	0.17040832	0.35844493	0.1193231	0.0	0.0	0.0	0.0	0.34349582	0.0	0.0	0.30116215	0.0	0.0	0.0	0.0	0.0	0.2681745	0.0	0.05971475	0.051964413	0.0	0.0058709234	0.10909774	0.24095607	0.0	0.22779465	0.0	0.0	0.0	0.19325256	0.29382232	0.0	0.0	0.0	0.0	0.0	0.0	0.2757477	0.15049495	0.0	0.012646624	0.16065867	0.0	0.0	0.0	0.35618368	0.13546075	0.16268718	0.033414572	0.0	0.0	0.057953913	0.15040766	0.24355273	0.14287446	0.0	0.0	0.0	0.0	0.0	0.0	0.028753685	0.0	0.2783973	0.0	0.0	0.0	0.0	0.0
0.0	0.11105304	0.0	0.5421448	0.0003141975	0.0	0.15443815	0.0	0.0	0.0	0.0	0.0	0.0	0.0	0.3310387	0.12563054	0.44420004	0.0	0.33646056	0.0	0.0	0.2322706	0.0	0.0	0.0	0.2516154	0.0	0.0	0.0	0.0	0.17629242	0.0	0.2845212	0.0	0.0	0.0	0.0	0.0	0.0	0.0	0.13682735	0.004442959	0.0	0.0	0.2019254	0.0	0.3112478	0.0	0.11079501	0.0	0.0064061503	0.0	0.0	0.0	0.0	0.0	0.0	0.0	0.0	0.1750965	0.34630275	0.12179256	0.0	0.0	0.0	0.0	0.34106827	0.0	0.0	0.29557812	0.0	0.0	0.0	0.0	0.0	0.2647245	0.0	0.061021138	0.060957953	0.0	0.0	0.109110095	0.24645238	0.0	0.22390348	0.0	0.0	0.0	0.19309181	0.2846629	0.0	0.0	0.0	0.0	0.0	0.0	0.27128556	0.15580058	0.0	0.0069600246	0.15823777	0.0	0.0	0.0	0.35576132	0.13973114	0.15935524	0.033246815	0.0	0.0	0.059568882	0.16525453	0.23968768	0.14055438	0.0	0.0	0.0	0.0	0.0	0.0	0.023779465	0.0	0.26673695	0.0	0.0	0.0	0.0	0.0
0.0	0.09814591	0.0	0.5934034	0.0	0.0	0.14477487	0.0	0.0	0.0	0.0	0.0	0.0	0.0	0.38512495	0.12185309	0.4332354	0.0	0.36072245	0.0	0.0	0.24304716	0.0	0.0	0.0	0.2909666	0.0	0.0	0.0	0.0	0.1945618	0.0	0.29827878	0.0	0.0	0.0	0.0	0.0	0.0	0.0	0.099660896	0.0	0.0	0.0	0.19282925	0.0	0.30414584	0.0	0.11172452	0.0	0.0045069396	0.0	0.0	0.0	0.0	0.0	0.0	0.0	0.0	0.12544687	0.35117665	0.13861866	0.0	0.0	0.0	0.0	0.37780356	0.0	0.0	0.30887437	0.0	0.0	0.0	0.0	0.0	0.26668215	0.0	0.050712734	0.052236717	0.0	0.0	0.11683071	0.2109422	0.0	0.23455918	0.0	0.0	0.0	0.168432	0.31986275	0.0	0.0	0.0	0.0	0.0	0.0	0.2793195	0.16432662	0.0	0.0	0.18214364	0.0	0.0	0.0	0.36389494	0.13574655	0.13227628	0.011951625	0.0	0.0	0.028027318	0.15157725	0.21429877	0.1425276	0.0	0.0	0.0	0.0	0.0	0.0	0.0063467645	0.0	0.25972196	0.0	0.0	0.0	0.0	0.0
0.0	0.108187206	0.0	0.5767599	0.0	0.0	0.15217386	0.0	0.0	0.0	0.0	0.0	0.0	0.0	0.36414683	0.14121749	0.45172796	0.0	0.34729043	0.0	0.0	0.25537255	0.0	0.0	0.0	0.25959525	0.0	0.0	0.0	0.0	0.16867907	0.0	0.3185828	0.0	0.0	0.0	0.0	0.0	0.0	0.0	0.12824267	0.0	0.0	0.0	0.2163363	0.0	0.32461753	0.0	0.117992185	0.0	0.0070819953	0.0	0.0	0.0	0.0	0.0	0.0	0.0	0.0	0.18000184	0.34968814	0.12757921	0.0	0.0	0.0	0.0	0.35418907	0.0	0.0	0.30542383	0.0	0.0	0.0	0.0	0.0	0.2875091	0.0	0.059658844	0.061727297	0.0	0.0	0.11829654	0.2659308	0.0	0.24019188	0.0	0.0	0.0	0.20055453	0.2885278	0.0	0.0	0.0	0.0	0.0	0.0	0.28662774	0.14945827	0.0	0.009437192	0.15322112	0.0	0.0	0.0	0.36975732	0.13547851	0.16924857	0.021808267	0.0	0.0	0.056914728	0.17590298	0.25949106	0.14470108	0.0	0.0	0.0	0.0	0.0	0.0	0.027373644	0.0	0.2781448	0.0	0.0	0.0	0.0	0.0
0.0	0.103038974	0.0	0.5784745	0.0	0.0	0.1452472	0.0	0.0	0.0	0.0	0.0	0.0	0.0	0.39820662	0.13556242	0.4350883	0.0	0.3590497	0.0	0.0	0.25170803	0.0	0.0	0.0	0.2718363	0.0	0.0	0.0	0.0	0.16115479	0.0	0.33600637	0.0	0.0	0.0	0.0	0.0	0.0	0.0	0.11761618	0.0	0.0	0.0	0.22730339	0.0	0.3201865	0.0	0.110464595	0.0	0.00482099	0.0	0.0	0.0	0.0	0.0	0.0	0.0	0.0	0.17379625	0.34732696	0.14133169	0.0	0.0	0.0	0.0	0.3612635	0.0	0.0	0.30436215	0.0	0.0	0.0	0.0	0.0	0.29631773	0.0	0.06420931	0.05285294	0.0	0.0	0.11537544	0.26379117	0.0	0.25914803	0.0	0.0	0.0	0.19842382	0.29679143	0.0	0.0	0.0	0.0	0.0	0.0	0.28597066	0.13845521	0.0	0.007832338	0.15109782	0.0	0.0	0.0	0.37764803	0.1322314	0.16768514	0.018917566	0.0	0.0	0.060654957	0.18009181	0.25307798	0.14051084	0.0	0.0	0.0	0.0	0.0	0.0	0.028717587	0.0	0.28410235	0.0	0.0	0.0	0.0	0.0
0.0	0.12103114	0.0	0.5695789	0.0	0.0	0.1598997	0.0	0.0	0.0	0.0	0.0	0.0	0.0	0.3803445	0.1480737	0.45721593	0.0	0.3666494	0.0	0.0	0.2568974	0.0	0.0	0.0	0.26303187	0.0	0.0	0.0	0.0	0.17621394	0.0	0.3293694	0.0	0.0	0.0	0.0	0.0	0.0	0.0	0.12096795	0.0	0.0	0.0	0.22240758	0.0	0.33268747	0.0	0.11158499	0.0	0.0052891145	0.0	0.0	0.0	0.0	0.0	0.0	0.0	0.0	0.1632141	0.34620503	0.13705666	0.0	0.0	0.0	0.0	0.3575051	0.0	0.0	0.3059629	0.0	0.0	0.0	0.0	0.0	0.29717264	0.0	0.061093908	0.06225324	0.0	0.0	0.12009198	0.26920232	0.0	0.23269565	0.0	0.0	0.0	0.21229549	0.28042927	0.0	0.0	0.0	0.0	0.0	0.0	0.28294864	0.16006517	0.0	0.0	0.1644007	0.0	0.0	0.0	0.3878359	0.13768981	0.1840831	0.024504833	0.0	0.0	0.057262197	0.18151659	0.26232827	0.15786244	0.0	0.0	0.0	0.0	0.0	0.0	0.024163032	0.0	0.28200576	0.0	0.0	0.0	0.0	0.0
0.0	0.11266935	0.0	0.5206123	0.002359126	0.0	0.16087279	0.0	0.0	0.0	0.0	0.0	0.0	0.0	0.32869777	0.11979637	0.4309093	0.0	0.33782217	0.0	0.0	0.22563906	0.0	0.0	0.0	0.25180742	0.0	0.0	0.0	0.0	0.17361283	0.0	0.2830026	0.0	0.0	0.0	0.0	0.0	0.0	0.0	0.14406753	0.0007338403	0.0	0.0	0.1993276	0.0	0.3009744	0.0	0.1079405	0.0	0.0043750703	0.0	0.0	0.0	0.0	0.0	0.0	0.0	0.0	0.18086551	0.3319461	0.12137079	0.0	0.0	0.0	0.0	0.32173413	0.0	0.0	0.28499743	0.0	0.0	0.0	0.0	0.0	0.25320324	0.0	0.07023639	0.060381453	0.0	0.0	0.09106752	0.252838	0.0	0.22286373	0.0	0.0	0.0	0.19961981	0.27784404	0.0	0.0	0.0	0.0	0.0	0.0	0.26139992	0.16013472	0.0	0.00254701	0.14735846	0.0	0.0	0.0	0.3553209	0.13596106	0.16471459	0.04590167	0.0	0.0	0.06882589	0.18273266	0.23600157	0.1372549	0.0	0.0	0.0	0.0	0.0	0.0	0.021053696	0.0	0.2614989	0.0	0.0	0.0	0.0	0.0
0.0	0.10516571	0.0	0.5840986	0.0	0.0	0.1500891	0.0	0.0	0.0	0.0	0.0	0.0	0.0	0.3939917	0.14370374	0.43981752	0.0	0.36451364	0.0	0.0	0.24961816	0.0	0.0	0.0	0.27177718	0.0	0.0	0.0	0.0	0.16396849	0.0	0.33807352	0.0	0.0	0.0	0.0	0.0	0.0	0.0	0.11742901	0.0	0.0	0.0	0.2320977	0.0	0.3273925	0.0	0.10718732	0.0	0.005062574	0.0	0.0	0.0	0.0	0.0	0.0	0.0	0.0	0.17303078	0.34961522	0.13510104	0.0	0.0	0.0	0.0	0.36745214	0.0	0.0	0.3022512	0.0	0.0	0.0	0.0	0.0	0.2896248	0.0	0.06343016	0.05369997	0.0	0.0	0.12296023	0.2593867	0.0	0.25064787	0.0	0.0	0.0	0.19718038	0.29280373	0.0	0.0	0.0	0.0	0.0	0.0	0.28223634	0.13924594	0.0	0.00986813	0.1536916	0.0	0.0	0.0	0.37084654	0.13418455	0.16267674	0.01600095	0.0	0.0	0.056536034	0.17718606	0.2588389	0.14349163	0.0	0.0	0.0	0.0	0.0	0.0	0.028560204	0.0	0.28028813	0.0	0.0	0.0	0.0	0.0
0.0	0.10114991	0.0	0.62201947	0.00010130461	0.0	0.15441337	0.0	0.0	0.0	0.0	0.0	0.0	0.0	0.3832066	0.15817009	0.46917775	0.0	0.3513826	0.0	0.0	0.27935484	0.0	0.0	0.0	0.26546595	0.0	0.0	0.0	0.0	0.17407447	0.0	0.3388414	0.0	0.0	0.0	0.0	0.0	0.0	0.0	0.110292055	0.0	0.0	0.0	0.23204519	0.0	0.3542626	0.0	0.11577773	0.0	0.0043187044	0.0	0.0	0.0	0.0	0.0	0.0	0.0	0.0	0.167979	0.36522785	0.1246505	0.0	0.0	0.0	0.0	0.38627484	0.0	0.0	0.31462428	0.0	0.0	0.0	0.0	0.0	0.3015725	0.0	0.057684366	0.059322897	0.0	0.0	0.13637942	0.251198	0.0	0.2491499	0.0	0.0	0.0	0.20001186	0.29597142	0.0	0.0	0.0	0.0	0.0	0.0	0.29753223	0.1368443	0.0	0.017130552	0.16816111	0.0	0.0	0.0	0.37296948	0.13268898	0.16076198	0.0082840705	0.0	0.0	0.05023511	0.15690582	0.2750435	0.15093951	0.0	0.0	0.0	0.0	0.0	0.0	0.026405228	0.0	0.28130576	0.0	0.0	0.0	0.0	0.0
0.0	0.11432836	0.0	0.5152927	0.0026926335	0.0	0.16460435	0.0	0.0	0.0	0.0	0.0	0.0	0.0	0.3120667	0.12184911	0.4304719	0.0	0.33480397	0.0	0.0	0.22469868	0.0	0.0	0.0	0.2513331	0.0	0.0	0.0	0.0	0.17950946	0.0	0.27355483	0.0	0.0	0.0	0.0	0.0	0.0	0.0	0.13553938	0.0006391493	0.0	0.0	0.19697095	0.0	0.30456385	0.0	0.104079396	0.0	0.0049368604	0.0	0.0	0.0	0.0	0.0	0.0	0.0	0.0	0.17718172	0.3311499	0.1147136	0.0	0.0	0.0	0.0	0.32436007	0.0	0.0	0.2798631	0.0	0.0	0.0	0.0	0.0	0.23979354	0.0	0.070147194	0.06099087	0.0	0.0	0.09363369	0.23513623	0.0	0.20860773	0.0	0.0	0.0	0.19397753	0.27367216	0.0	0.0	0.0	0.0	0.0	0.0	0.25571653	0.16345541	0.0	0.0025484432	0.15406577	0.0	0.0	0.0	0.3474816	0.13972549	0.15191041	0.048083436	0.0	0.0	0.06878373	0.17470519	0.23039383	0.13859312	0.0	0.0	0.0	0.0	0.0	0.0	0.015672347	0.0	0.25135663	0.0	0.0	0.0	0.0	0.0
0.0	0.11650614	0.0	0.5252481	0.0005117108	0.0	0.16397132	0.0	0.0	0.0	0.0	0.0	0.0	0.0	0.32876104	0.12653007	0.43431774	0.0	0.3354657	0.0	0.0	0.2325749	0.0	0.0	0.0	0.25443187	0.0	0.0	0.0	0.0	0.17626989	0.0	0.2825406	0.0	0.0	0.0	0.0	0.0	0.0	0.0	0.14758013	0.0008090024	0.0	0.0	0.19349468	0.0	0.2960023	0.0	0.1107158	0.0	0.0012997227	0.0	0.0	0.0	0.0	0.0	0.0	0.0	0.0	0.18755335	0.33025345	0.12442544	0.0	0.0	0.0	0.0	0.32961324	0.0	0.0	0.28380263	0.0	0.0	0.0	0.0	0.0	0.26178887	0.0	0.07317754	0.06754962	0.0	0.0	0.089158684	0.24791212	0.0	0.22196549	0.0	0.0	0.0	0.19772865	0.27534032	0.0	0.0	0.0	0.0	0.0	0.0	0.26162526	0.15821733	0.0	0.0026884917	0.15384503	0.0	0.0	0.0	0.3547341	0.14118557	0.16995865	0.040565852	0.0	0.0	0.07531794	0.18987054	0.22988766	0.14032377	0.0	0.0	0.0	0.0	0.0	0.0	0.015616504	0.0	0.25736946	0.0	0.0	0.0	0.0	0.0
0.0	0.11024523	0.0	0.56241614	0.0	0.0	0.15906097	0.0	0.0	0.0	0.0	0.0	0.0	0.0	0.34511232	0.13872047	0.4479271	0.0	0.3441933	0.0	0.0	0.24935682	0.0	0.0	0.0	0.25595695	0.0	0.0	0.0	0.0	0.17654991	0.0	0.30211195	0.0	0.0	0.0	0.0	0.0	0.0	0.0	0.12727128	0.0	0.0	0.0	0.21189515	0.0	0.32489493	0.0	0.1154012	0.0	0.0043816385	0.0	0.0	0.0	0.0	0.0	0.0	0.0	0.0	0.17963867	0.3458842	0.12232257	0.0	0.0	0.0	0.0	0.3466425	0.0	0.0	0.29698965	0.0	0.0	0.0	0.0	0.0	0.2713274	0.0	0.065794036	0.06163772	0.0	0.0	0.11361921	0.24926136	0.0	0.22685634	0.0	0.0	0.0	0.19865529	0.2834675	0.0	0.0	0.0	0.0	0.0	0.0	0.27961883	0.15321822	0.0	0.0088932775	0.15857667	0.0	0.0	0.0	0.3608884	0.13827163	0.16099606	0.028945973	0.0	0.0	0.06542507	0.17347334	0.25217116	0.1430798	0.0	0.0	0.0	0.0	0.0	0.0	0.021152444	0.0	0.26728848	0.0	0.0	0.0	0.0	0.0
