792.4458,519.8
792.56488,528.4
792.68396,525.4
792.8031,525.4
792.92218,518.8
793.04126,512.4
793.16034,518.0
793.27942,517.0
793.3985,516.6
793.51758,509.8
793.63672,509.2
793.7558,505.4
793.87488,507.8
793.9939,509.6
794.11298,506.0
794.23206,501.8
794.35114,504.2
794.47021,507.4
794.58929,499.2
794.70831,503.0
794.82739,503.6
794.94647,501.6
795.06549,498.6
795.18457,499.6
795.30365,501.4
795.42267,494.6
795.54175,500.8
795.66077,499.4
795.77985,494.4
795.89886,496.4
796.01794,499.6
796.13696,498.2
796.25598,498.6
796.375,495.6
796.49408,495.8
796.6131,497.0
796.73212,496.4
796.85114,498.6
796.97015,497.0
797.08923,489.8
797.20825,495.4
797.32727,495.4
797.44629,494.8
797.56531,491.2
797.68427,498.6
797.80328,492.4
797.9223,493.8
798.04132,491.8
798.16034,494.4
798.27936,492.8
798.39832,491.8
798.51733,491.2
798.63635,493.2
798.75531,492.4
798.87433,491.6
798.99329,491.8
799.1123,489.2
799.23126,490.4
799.35028,495.8
799.46924,491.2
799.58826,494.6
799.70721,490.6
799.82617,495.2
799.94519,493.4
800.06415,492.8
800.18311,490.6
800.30206,490.6
800.42102,492.0
800.54004,491.2
800.659,491.0
800.77795,494.2
800.89691,492.0
801.01587,494.2
801.13483,494.2
801.25372,498.4
801.37268,495.4
801.49164,493.2
801.6106,496.2
801.72955,496.8
801.84845,493.0
801.96741,500.4
802.08636,496.8
802.20526,500.2
802.32422,501.0
802.44318,500.6
802.56207,495.4
802.68103,499.0
802.79993,501.8
802.91882,495.4
803.03778,503.0
803.15668,495.2
803.27557,501.2
803.39453,498.8
803.51343,499.0
803.63232,501.2
803.75122,501.2
803.87012,499.6
803.98907,501.6
804.10797,499.2
804.22687,498.8
804.34576,504.0
804.46466,502.2
804.58356,495.4
804.70239,504.0
804.82129,506.4
804.94019,498.4
805.05908,505.2
805.17798,503.6
805.29681,506.6
805.41571,507.4
805.53461,506.0
805.65344,502.6
805.77234,510.6
805.89117,504.2
806.01007,511.0
806.12891,506.8
806.2478,503.4
806.36664,498.4
806.48547,504.8
806.60437,502.0
806.72321,505.6
806.84204,510.8
806.96088,504.0
807.07971,508.8
807.19861,508.6
807.31744,509.4
807.43628,509.4
807.55511,504.8
807.67395,509.0
807.79279,508.8
807.91162,510.8
808.0304,515.4
808.14923,506.4
808.26807,503.6
808.3869,510.0
808.50568,512.8
808.62451,508.0
808.74335,513.6
808.86212,512.6
808.98096,514.4
809.09979,509.4
809.21857,513.2
809.33734,514.4
809.45618,513.4
809.57495,515.6
809.69379,515.2
809.81256,512.0
809.93134,512.0
810.05011,512.0
810.16895,511.2
810.28772,510.6
810.40649,513.4
810.52527,513.6
810.64404,514.0
810.76282,516.0
810.88159,517.8
811.00037,516.4
811.11914,512.0
811.23792,514.0
811.35663,516.4
811.4754,512.2
811.59418,510.6
811.71295,520.0
811.83167,517.4
811.95044,514.2
812.06921,516.0
812.18793,513.4
812.3067,510.6
812.42542,516.6
812.54419,514.4
812.6629,511.0
812.78162,512.2
812.90039,508.8
813.0191,509.0
813.13782,510.4
813.25653,506.8
813.37524,510.8
813.49402,511.2
813.61273,510.8
813.73145,515.0
813.85016,516.0
813.96887,512.0
814.08759,508.8
814.2063,511.0
814.32495,516.8
814.44366,514.2
814.56238,517.4
814.68109,513.0
814.79974,509.0
814.91846,505.6
815.03717,511.6
815.15582,511.4
815.27454,508.2
815.39319,505.0
815.5119,509.8
815.63055,507.0
815.74927,509.4
815.86792,505.4
815.98657,508.6
816.10529,511.2
816.22394,509.4
816.34259,507.8
816.46124,515.0
816.5799,515.0
816.69855,513.6
816.8172,510.4
816.93585,508.0
817.0545,509.0
817.17316,505.8
817.29181,503.8
817.41046,505.2
817.52911,502.2
817.64771,496.2
817.76636,494.4
817.88501,498.6
818.0036,494.2
818.12225,497.4
818.24091,493.0
818.3595,486.2
818.47815,490.8
818.59674,489.6
818.71533,490.6
818.83398,487.6
818.95258,484.6
819.07117,485.6
819.18976,481.0
819.30841,489.8
819.427,485.6
819.54559,488.0
819.66418,483.8
819.78278,482.2
819.90137,490.8
820.01996,482.2
820.13855,484.2
820.25714,487.6
820.37573,480.4
820.49426,483.4
820.61285,480.8
820.73145,481.6
820.84998,478.2
820.96857,479.2
821.08716,482.2
821.20569,478.8
821.32428,480.2
821.44281,474.8
821.56134,480.4
821.67993,479.0
821.79846,476.4
821.91699,483.0
822.03558,482.2
822.15411,478.8
822.27264,478.4
822.39117,473.0
822.5097,474.4
822.62823,477.8
822.74677,479.4
822.8653,477.4
822.98383,475.2
823.10236,480.4
823.22089,478.0
823.33942,472.8
823.45789,473.0
823.57642,479.0
823.69495,479.8
823.81342,477.2
823.93195,471.4
824.05042,481.0
824.16895,482.0
824.28741,480.8
824.40594,478.6
824.52441,474.2
824.64288,475.0
824.76141,474.0
824.87988,474.0
824.99835,475.4
825.11682,472.8
825.23529,480.0
825.35376,469.4
825.47223,473.8
825.5907,472.8
825.70917,471.2
825.82764,476.0
825.94611,470.6
826.06458,472.2
826.18304,471.4
826.30145,476.8
826.41992,476.2
826.53839,474.2
826.6568,470.8
826.77527,469.0
826.89368,472.2
827.01215,472.0
827.13055,475.2
827.24902,472.2
827.36743,470.8
827.48584,471.4
827.60431,472.8
827.72272,465.8
827.84113,469.8
827.95953,467.6
828.07794,466.2
828.19635,472.2
828.31476,467.2
828.43317,468.6
828.55157,471.0
828.66998,465.0
828.78839,465.8
828.90674,469.0
829.02515,468.2
829.14355,472.2
829.2619,472.8
829.38031,470.4
829.49872,468.2
829.61707,466.8
829.73547,470.2
829.85382,474.8
829.97217,471.4
830.09058,470.2
830.20892,468.8
830.32727,468.6
830.44562,469.2
830.56403,472.4
830.68237,472.4
830.80072,468.4
830.91907,472.6
831.03741,469.0
831.15576,471.0
831.27411,466.0
831.3924,467.0
831.51074,467.0
831.62909,463.2
831.74744,470.0
831.86572,470.0
831.98407,470.8
832.10242,471.0
832.2207,469.4
832.33905,470.8
832.45734,466.2
832.57562,467.4
832.69397,466.2
832.81226,468.0
832.93054,468.4
833.04889,469.8
833.16718,466.8
833.28546,469.0
833.40375,475.8
833.52203,469.6
833.64032,465.4
833.75861,466.8
833.87689,468.8
833.99518,463.0
834.1134,465.6
834.23169,470.8
834.34998,465.0
834.46826,469.8
834.58649,467.2
834.70477,469.8
834.823,463.8
834.94128,471.2
835.05951,469.8
835.1778,472.0
835.29602,470.2
835.41425,471.0
835.53253,469.0
835.65076,472.4
835.76898,467.2
835.88721,469.8
836.00543,471.4
836.12366,474.0
836.24188,469.6
836.36011,470.2
836.47833,471.0
836.59656,472.2
836.71478,471.6
836.83295,473.0
836.95117,473.2
837.0694,473.0
837.18756,477.6
837.30579,476.0
837.42401,474.8
837.54218,469.4
837.66034,474.8
837.77856,476.4
837.89673,472.0
838.01489,474.0
838.13312,474.0
838.25128,472.4
838.36945,479.6
838.48761,475.0
838.60577,474.0
838.72394,477.4
838.8421,469.8
838.96027,475.0
839.07843,471.0
839.19659,476.0
839.31476,471.2
839.43286,473.2
839.55103,474.8
839.66919,474.2
839.78729,473.6
839.90546,471.8
840.02356,470.8
840.14172,472.2
840.25983,471.4
840.37793,472.8
840.49609,468.2
840.6142,473.6
840.7323,471.4
840.8504,471.4
840.96851,470.2
841.08661,472.0
841.20471,472.0
841.32281,472.2
841.44092,472.2
841.55902,472.0
841.67712,463.4
841.79523,476.0
841.91327,466.0
842.03137,473.2
842.14948,473.0
842.26752,467.4
842.38562,468.2
842.50366,464.8
842.62177,467.4
842.73981,471.0
842.85791,471.2
842.97595,473.8
843.09399,468.4
843.21204,471.8
843.33008,469.8
843.44818,471.4
843.56622,465.8
843.68427,462.6
843.80231,471.6
843.92029,466.2
844.03833,471.2
844.15637,460.4
844.27441,473.8
844.39246,468.4
844.51044,470.8
844.62848,467.6
844.74646,469.0
844.8645,465.6
844.98248,466.4
845.10052,465.8
845.21851,468.0
845.33649,468.2
845.45453,467.0
845.57251,468.2
845.69049,466.4
845.80847,469.0
845.92645,471.0
846.04443,464.0
846.16241,468.2
846.2804,470.8
846.39838,464.6
846.51636,465.2
846.63434,470.0
846.75226,467.4
846.87024,468.2
846.98822,469.0
847.10614,463.4
847.22412,468.4
847.34204,467.8
847.46002,466.2
847.57794,468.4
847.69586,465.6
847.81384,466.4
847.93176,470.6
848.04968,468.8
848.1676,467.8
848.28552,467.8
848.40344,464.8
848.52136,467.8
848.63928,471.0
848.7572,470.4
848.87512,467.2
848.99304,471.0
849.1109,469.6
849.22882,467.4
849.34674,465.2
849.4646,466.8
849.58252,461.0
849.70038,468.0
849.8183,468.0
849.93616,466.6
850.05402,473.2
850.17194,465.8
850.28979,466.2
850.40765,469.2
850.52551,473.2
850.64337,472.0
850.76123,469.6
850.87909,467.8
850.99695,473.2
851.11481,466.4
851.23267,470.4
851.35046,469.6
851.46832,471.0
851.58618,468.0
851.70398,469.2
851.82184,464.6
851.93964,468.6
852.0575,473.0
852.17529,474.2
852.29315,470.2
852.41095,475.0
852.52875,469.0
852.64655,469.2
852.7644,474.6
852.8822,471.2
853.0,471.6
853.1178,474.6
853.2356,473.4
853.35333,470.6
853.47113,470.6
853.58893,469.0
853.70673,469.4
853.82446,469.8
853.94226,471.4
854.06006,473.8
854.1778,471.6
854.29559,471.2
854.41333,469.8
854.53107,467.4
854.64886,464.6
854.7666,466.0
854.88434,470.2
855.00208,472.2
855.11981,470.8
855.23761,474.4
855.35535,474.4
855.47302,473.2
855.59076,471.4
855.7085,473.0
855.82623,470.6
855.94397,471.0
856.06165,475.0
856.17938,471.0
856.29712,468.0
856.41479,477.0
856.53253,476.0
856.65021,471.2
856.76788,470.4
856.88562,477.4
857.0033,473.4
857.12097,470.2
857.23865,472.6
857.35632,467.0
857.474,470.2
857.59167,468.6
857.70935,472.6
857.82703,470.8
857.9447,471.6
858.06238,469.8
858.18005,473.6
858.29767,473.6
858.41534,469.4
858.53296,473.4
858.65063,475.4
858.76825,474.2
858.88593,471.2
859.00354,470.2
859.12115,469.2
859.23883,470.6
859.35645,468.8
859.47406,466.2
859.59167,466.8
859.70929,467.8
859.8269,475.4
859.94452,467.4
860.06213,468.0
860.17975,477.4
860.29736,466.2
860.41492,466.6
860.53253,468.6
860.65009,469.2
860.7677,466.8
860.88525,467.8
861.00287,469.6
861.12042,467.2
861.23804,467.4
861.35559,471.6
861.47314,468.6
861.5907,466.0
861.70825,467.0
861.82581,471.0
861.94336,463.4
862.06091,466.8
862.17847,472.0
862.29602,467.2
862.41357,466.6
862.53113,470.0
862.64862,462.6
862.76617,467.2
862.88367,464.8
863.00122,464.6
863.11871,468.8
863.23627,466.6
863.35376,466.8
863.47125,464.2
863.58881,474.4
863.7063,470.8
863.82379,465.0
863.94128,467.0
864.05878,468.6
864.17627,466.4
864.29376,468.2
864.41125,468.8
864.52869,469.2
864.64618,469.2
864.76367,469.4
864.8811,469.0
864.9986,467.6
865.11609,471.4
865.23352,468.4
865.35095,466.2
865.46844,473.8
865.58588,465.8
865.70331,465.2
865.82074,469.8
865.93823,469.6
866.05566,469.8
866.1731,460.8
866.29053,469.4
866.4079,469.8
866.52533,467.6
866.64276,469.2
866.76019,467.0
866.87756,467.4
866.995,472.2
867.11243,466.4
867.2298,469.4
867.34723,460.0
867.4646,468.8
867.58197,467.2
867.6994,469.4
867.81677,472.2
867.93414,466.4
868.05151,472.6
868.16888,466.0
868.28625,463.6
868.40363,470.2
868.521,471.6
868.63837,469.2
868.75568,466.0
868.87305,468.8
868.99042,469.2
869.10773,466.0
869.2251,468.4
869.34241,471.8
869.45978,467.2
869.57709,469.8
869.69446,468.4
869.81177,470.8
869.92908,466.0
870.04639,472.2
870.1637,465.2
870.28101,473.6
870.39832,472.2
870.51563,469.6
870.63293,466.6
870.75024,470.8
870.86749,466.2
870.9848,468.6
871.10211,472.6
871.21936,468.0
871.33667,468.6
871.45392,471.6
871.57123,466.6
871.68848,466.8
871.80573,473.6
871.92297,468.8
872.04028,465.8
872.15753,467.4
872.27478,467.2
872.39203,466.6
872.50928,464.6
872.62646,468.8
872.74371,467.0
872.86096,471.2
872.97821,467.4
873.0954,468.0
873.21265,472.4
873.32983,473.4
873.44708,464.6
873.56427,467.8
873.68152,465.6
873.79871,471.2
873.91589,469.6
874.03308,466.2
874.15027,470.6
874.26746,464.0
874.38464,466.6
874.50183,467.0
874.61902,472.0
874.73621,463.2
874.85339,464.6
874.97052,468.4
875.08771,466.6
875.2049,465.4
875.32202,467.6
875.43921,468.6
875.55634,469.6
875.67346,472.6
875.79065,464.6
875.90778,465.8
876.0249,467.0
876.14203,471.0
876.25916,463.4
876.37628,475.2
876.49341,468.4
876.61053,467.8
876.72766,462.8
876.84473,477.0
876.96185,467.6
877.07898,467.8
877.19604,470.4
877.31317,473.6
877.43024,469.6
877.54736,469.2
877.66443,471.6
877.78149,471.2
877.89856,469.0
878.01569,470.8
878.13275,474.0
878.24982,473.0
878.36688,469.4
878.48395,472.0
878.60095,466.2
878.71802,468.6
878.83508,467.2
878.95215,467.6
879.06915,468.2
879.18622,470.4
879.30322,468.0
879.42029,468.2
879.53729,470.2
879.6543,471.0
879.77136,467.0
879.88837,472.2
880.00537,465.6
880.12238,472.0
880.23938,469.0
880.35638,472.6
880.47339,470.0
880.59039,467.4
880.70734,470.6
880.82434,464.4
880.94135,466.0
881.05829,469.2
881.17529,470.4
881.29224,467.4
881.40924,470.0
881.52618,463.8
881.64313,468.8
881.76007,468.6
881.87701,469.2
881.99402,473.6
882.11096,472.6
882.22791,471.2
882.34479,469.0
882.46173,471.4
882.57867,470.4
882.69562,470.6
882.8125,470.4
882.92944,474.4
883.04639,470.6
883.16327,473.4
883.28015,474.2
883.39709,469.8
883.51398,470.6
883.63086,470.2
883.74774,467.6
883.86462,473.6
883.98157,473.6
884.09839,466.0
884.21527,466.8
884.33215,471.4
884.44904,464.4
884.56592,472.4
884.68274,468.8
884.79962,468.6
884.9165,468.2
885.03333,471.0
885.15015,465.4
885.26703,472.6
885.38385,471.8
885.50067,475.0
885.61749,474.6
885.73438,473.0
885.8512,474.6
885.96802,476.6
886.08478,468.8
886.2016,470.2
886.31842,474.6
886.43524,469.0
886.55206,472.8
886.66882,474.4
886.78564,472.0
886.9024,471.6
887.01923,468.4
887.13599,468.4
887.25275,474.6
887.36951,475.4
887.48633,473.8
887.60309,472.8
887.71985,468.2
887.83661,476.0
887.95337,476.4
888.07007,470.4
888.18683,473.8
888.30359,476.4
888.42035,472.4
888.53705,475.6
888.65381,471.6
888.77051,474.8
888.88721,467.0
889.00397,469.8
889.12067,465.4
889.23737,470.4
889.35406,476.6
889.47083,469.0
889.58752,471.0
889.70416,474.4
889.82086,471.6
889.93756,478.2
890.05426,466.6
890.17096,473.2
890.2876,473.4
890.4043,472.4
890.52094,474.2
890.63763,472.8
890.75427,472.6
890.87091,476.4
890.98761,473.8
891.10425,470.4
891.22089,474.4
891.33752,470.4
891.45416,477.8
891.5708,472.0
891.68744,472.8
891.80408,476.6
891.92065,474.4
892.03729,475.0
892.15393,472.2
892.27051,474.8
892.38715,480.2
892.50372,472.2
892.6203,475.0
892.73694,471.6
892.85352,474.8
892.97009,476.2
893.08667,474.0
893.20325,476.0
893.31982,474.6
893.4364,473.8
893.55298,472.8
893.66956,473.0
893.78607,472.6
893.90265,478.4
894.01917,480.2
894.13574,478.6
894.25226,472.2
894.36884,479.6
894.48535,478.2
894.60187,480.2
894.71838,476.2
894.8349,477.0
894.95148,476.0
895.06793,479.0
895.18445,482.4
895.30096,479.6
895.41748,475.0
895.534,473.2
895.65045,471.2
895.76697,473.6
895.88342,477.8
895.99994,475.8
896.11639,478.8
896.23291,476.8
896.34937,475.6
896.46582,474.2
896.58228,478.4
896.69873,473.8
896.81519,472.6
896.93164,470.2
897.0481,472.0
897.16455,478.0
897.28094,475.4
897.3974,479.4
897.51385,474.0
897.63025,479.8
897.7467,476.6
897.8631,470.4
897.97949,477.8
898.09595,472.2
898.21234,468.8
898.32874,474.8
898.44513,472.2
898.56152,475.0
898.67792,472.8
898.79431,471.2
898.91064,475.0
899.02704,470.0
899.14343,476.2
899.25977,474.6
899.37616,474.8
899.49249,476.0
899.60889,475.8
899.72522,468.0
899.84155,472.4
899.95789,472.6
900.07428,472.4
900.19061,472.6
900.30695,469.0
900.42322,472.0
900.53955,468.0
900.65588,470.2
900.77222,474.4
900.88849,474.0
901.00482,471.8
901.12109,473.6
901.23743,469.0
901.3537,474.6
901.47003,470.0
901.5863,470.0
901.70258,467.8
901.81885,466.2
901.93512,470.0
902.05139,470.6
902.16766,470.2
902.28394,466.4
902.40021,465.6
902.51642,466.2
902.63269,465.8
902.7489,467.2
902.86517,469.4
902.98138,466.8
903.09766,466.0
903.21387,472.6
903.33008,467.2
903.44629,469.0
903.5625,465.4
903.67871,470.0
903.79492,467.6
903.91113,469.2
904.02734,466.8
904.14355,468.8
904.2597,467.6
904.37592,466.4
904.49207,470.8
904.60828,470.0
904.72443,466.6
904.84064,466.6
904.95679,464.8
905.07294,467.4
905.18909,468.0
905.30524,465.4
905.42139,464.4
905.53754,461.0
905.65369,466.2
905.76984,461.0
905.88593,466.6
906.00208,462.0
906.11816,462.8
906.23431,462.0
906.3504,463.8
906.46655,465.4
906.58264,465.8
906.69873,466.8
906.81482,467.0
906.93091,465.6
907.047,460.6
907.16309,467.6
907.27917,464.0
907.39526,469.2
907.51135,464.8
907.62738,462.8
907.74347,463.8
907.8595,458.2
907.97559,468.0
908.09161,467.2
908.2077,467.0
908.32373,468.4
908.43976,463.4
908.55579,460.8
908.67181,465.8
908.78784,469.8
908.90387,467.0
909.0199,462.6
909.13586,463.8
909.25189,468.8
909.36792,466.8
909.48389,464.4
909.59991,470.4
909.71588,468.4
909.83185,469.4
909.94788,469.0
910.06384,462.4
910.17981,466.0
910.29578,464.4
910.41174,463.6
910.52771,468.2
910.64368,464.2
910.75958,463.8
910.87555,469.8
910.99152,464.2
911.10742,467.8
911.22339,468.2
911.33929,466.2
911.4552,469.0
911.57117,461.6
911.68707,466.8
911.80298,463.4
911.91888,466.2
912.03479,466.8
912.1507,467.6
912.2666,466.6
912.38245,465.2
912.49835,469.4
912.61426,468.6
912.7301,470.6
912.84601,471.0
792.4458,596.8
792.56488,588.2
792.68396,592.6
792.8031,588.8
792.92218,572.8
793.04126,571.8
793.16034,576.6
793.27942,568.8
793.3985,566.4
793.51758,559.2
793.63672,560.0
793.7558,562.8
793.87488,565.4
793.9939,558.8
794.11298,554.8
794.23206,551.0
794.35114,549.0
794.47021,547.2
794.58929,544.4
794.70831,540.0
794.82739,547.0
794.94647,545.8
795.06549,546.0
795.18457,540.6
795.30365,543.8
795.42267,537.0
795.54175,537.4
795.66077,537.2
795.77985,535.2
795.89886,534.2
796.01794,538.0
796.13696,534.6
796.25598,532.8
796.375,535.4
796.49408,533.8
796.6131,526.0
796.73212,529.4
796.85114,530.2
796.97015,532.6
797.08923,526.0
797.20825,526.8
797.32727,526.0
797.44629,524.4
797.56531,528.2
797.68427,527.4
797.80328,521.0
797.9223,526.2
798.04132,526.2
798.16034,523.6
798.27936,516.4
798.39832,527.6
798.51733,524.4
798.63635,518.6
798.75531,523.2
798.87433,517.2
798.99329,521.6
799.1123,514.2
799.23126,518.0
799.35028,523.6
799.46924,522.2
799.58826,519.6
799.70721,518.8
799.82617,518.6
799.94519,519.4
800.06415,518.2
800.18311,520.4
800.30206,518.6
800.42102,521.2
800.54004,525.2
800.659,524.8
800.77795,520.2
800.89691,518.8
801.01587,520.6
801.13483,521.2
801.25372,524.8
801.37268,518.4
801.49164,525.2
801.6106,524.8
801.72955,523.2
801.84845,518.4
801.96741,522.2
802.08636,524.2
802.20526,527.6
802.32422,519.4
802.44318,524.6
802.56207,522.2
802.68103,523.4
802.79993,521.6
802.91882,524.0
803.03778,518.2
803.15668,526.4
803.27557,526.0
803.39453,526.8
803.51343,526.8
803.63232,523.6
803.75122,523.4
803.87012,524.2
803.98907,525.0
804.10797,525.6
804.22687,526.0
804.34576,529.4
804.46466,526.0
804.58356,530.2
804.70239,528.4
804.82129,530.8
804.94019,529.6
805.05908,525.6
805.17798,525.4
805.29681,533.2
805.41571,530.6
805.53461,532.6
805.65344,532.0
805.77234,535.2
805.89117,533.0
806.01007,535.8
806.12891,539.4
806.2478,529.0
806.36664,529.4
806.48547,532.4
806.60437,530.8
806.72321,533.4
806.84204,536.8
806.96088,528.6
807.07971,526.2
807.19861,538.8
807.31744,534.0
807.43628,538.6
807.55511,536.6
807.67395,537.2
807.79279,532.6
807.91162,535.6
808.0304,538.4
808.14923,538.2
808.26807,539.2
808.3869,540.4
808.50568,540.6
808.62451,538.2
808.74335,543.6
808.86212,537.8
808.98096,544.6
809.09979,543.2
809.21857,540.4
809.33734,539.4
809.45618,543.6
809.57495,548.2
809.69379,547.2
809.81256,544.4
809.93134,541.0
810.05011,546.2
810.16895,543.2
810.28772,548.8
810.40649,543.8
810.52527,543.6
810.64404,546.6
810.76282,548.8
810.88159,546.4
811.00037,550.0
811.11914,546.6
811.23792,550.6
811.35663,554.0
811.4754,547.2
811.59418,550.2
811.71295,552.0
811.83167,552.8
811.95044,551.2
812.06921,548.4
812.18793,550.6
812.3067,544.6
812.42542,548.6
812.54419,546.0
812.6629,553.4
812.78162,545.0
812.90039,542.8
813.0191,542.2
813.13782,544.6
813.25653,538.8
813.37524,541.6
813.49402,542.6
813.61273,546.6
813.73145,541.8
813.85016,544.8
813.96887,541.6
814.08759,541.6
814.2063,544.4
814.32495,546.2
814.44366,543.0
814.56238,540.8
814.68109,541.6
814.79974,542.2
814.91846,532.4
815.03717,541.8
815.15582,537.6
815.27454,542.0
815.39319,537.6
815.5119,541.4
815.63055,540.8
815.74927,538.8
815.86792,542.8
815.98657,543.8
816.10529,540.2
816.22394,542.8
816.34259,539.0
816.46124,549.0
816.5799,545.4
816.69855,545.4
816.8172,548.6
816.93585,545.2
817.0545,539.4
817.17316,532.0
817.29181,531.0
817.41046,532.0
817.52911,522.4
817.64771,523.6
817.76636,520.6
817.88501,517.8
818.0036,515.8
818.12225,513.0
818.24091,511.8
818.3595,510.2
818.47815,503.8
818.59674,507.4
818.71533,503.6
818.83398,499.2
818.95258,503.0
819.07117,504.0
819.18976,499.0
819.30841,502.2
819.427,506.0
819.54559,495.6
819.66418,498.4
819.78278,501.0
819.90137,499.0
820.01996,498.4
820.13855,499.8
820.25714,494.2
820.37573,494.2
820.49426,497.0
820.61285,491.0
820.73145,495.0
820.84998,487.2
820.96857,491.8
821.08716,492.6
821.20569,488.8
821.32428,494.0
821.44281,490.0
821.56134,489.8
821.67993,490.8
821.79846,489.8
821.91699,489.0
822.03558,489.8
822.15411,490.0
822.27264,488.0
822.39117,487.2
822.5097,487.2
822.62823,484.2
822.74677,486.6
822.8653,486.2
822.98383,486.6
823.10236,489.6
823.22089,491.4
823.33942,487.0
823.45789,485.4
823.57642,492.0
823.69495,488.4
823.81342,488.0
823.93195,492.6
824.05042,484.6
824.16895,489.6
824.28741,487.4
824.40594,491.2
824.52441,485.6
824.64288,488.0
824.76141,488.0
824.87988,483.4
824.99835,481.4
825.11682,487.6
825.23529,486.4
825.35376,481.6
825.47223,484.6
825.5907,484.0
825.70917,487.6
825.82764,484.2
825.94611,480.8
826.06458,478.8
826.18304,481.4
826.30145,483.8
826.41992,484.6
826.53839,478.4
826.6568,484.8
826.77527,475.8
826.89368,483.4
827.01215,483.4
827.13055,482.0
827.24902,480.8
827.36743,482.0
827.48584,479.8
827.60431,482.8
827.72272,484.8
827.84113,483.0
827.95953,477.4
828.07794,478.0
828.19635,477.6
828.31476,474.0
828.43317,477.4
828.55157,478.0
828.66998,476.2
828.78839,481.2
828.90674,482.4
829.02515,480.8
829.14355,479.6
829.2619,480.4
829.38031,480.6
829.49872,473.4
829.61707,479.0
829.73547,479.8
829.85382,475.2
829.97217,477.0
830.09058,476.4
830.20892,478.4
830.32727,474.2
830.44562,476.8
830.56403,477.4
830.68237,477.2
830.80072,474.4
830.91907,474.6
831.03741,475.8
831.15576,477.2
831.27411,475.4
831.3924,475.4
831.51074,474.6
831.62909,478.0
831.74744,477.6
831.86572,475.0
831.98407,471.0
832.10242,475.0
832.2207,475.6
832.33905,479.0
832.45734,476.0
832.57562,472.6
832.69397,469.2
832.81226,475.4
832.93054,476.8
833.04889,479.2
833.16718,470.4
833.28546,473.6
833.40375,476.8
833.52203,480.4
833.64032,475.6
833.75861,476.4
833.87689,473.2
833.99518,482.4
834.1134,477.2
834.23169,472.4
834.34998,471.2
834.46826,474.0
834.58649,477.6
834.70477,479.4
834.823,472.4
834.94128,478.8
835.05951,475.0
835.1778,479.8
835.29602,476.8
835.41425,480.2
835.53253,479.0
835.65076,478.8
835.76898,477.2
835.88721,480.0
836.00543,479.2
836.12366,487.6
836.24188,477.4
836.36011,480.0
836.47833,480.4
836.59656,490.6
836.71478,477.6
836.83295,487.2
836.95117,480.0
837.0694,486.6
837.18756,486.4
837.30579,479.8
837.42401,482.2
837.54218,485.6
837.66034,484.2
837.77856,490.4
837.89673,482.2
838.01489,482.4
838.13312,477.6
838.25128,486.2
838.36945,483.2
838.48761,482.2
838.60577,484.6
838.72394,490.6
838.8421,490.8
838.96027,484.8
839.07843,484.6
839.19659,481.8
839.31476,487.8
839.43286,485.8
839.55103,488.2
839.66919,486.6
839.78729,486.2
839.90546,486.0
840.02356,483.8
840.14172,489.0
840.25983,483.4
840.37793,484.2
840.49609,484.2
840.6142,490.6
840.7323,490.0
840.8504,489.6
840.96851,490.0
841.08661,492.4
841.20471,491.8
841.32281,494.2
841.44092,487.0
841.55902,497.4
841.67712,490.8
841.79523,495.0
841.91327,487.8
842.03137,492.0
842.14948,490.2
842.26752,482.6
842.38562,482.6
842.50366,487.6
842.62177,483.0
842.73981,483.4
842.85791,483.8
842.97595,485.0
843.09399,484.0
843.21204,488.6
843.33008,482.4
843.44818,481.4
843.56622,480.4
843.68427,476.2
843.80231,479.4
843.92029,474.6
844.03833,481.0
844.15637,476.8
844.27441,476.0
844.39246,481.4
844.51044,477.2
844.62848,477.2
844.74646,478.6
844.8645,476.6
844.98248,473.8
845.10052,475.6
845.21851,479.6
845.33649,479.2
845.45453,475.8
845.57251,481.0
845.69049,479.0
845.80847,482.2
845.92645,475.2
846.04443,480.0
846.16241,476.4
846.2804,485.4
846.39838,480.8
846.51636,480.4
846.63434,484.6
846.75226,483.0
846.87024,484.0
846.98822,483.2
847.10614,488.2
847.22412,481.6
847.34204,480.0
847.46002,479.6
847.57794,481.2
847.69586,481.8
847.81384,483.2
847.93176,482.8
848.04968,477.8
848.1676,483.8
848.28552,482.0
848.40344,474.6
848.52136,478.8
848.63928,477.8
848.7572,480.0
848.87512,478.2
848.99304,478.2
849.1109,478.8
849.22882,475.4
849.34674,477.0
849.4646,478.4
849.58252,480.2
849.70038,477.2
849.8183,483.6
849.93616,477.2
850.05402,483.4
850.17194,482.2
850.28979,481.2
850.40765,476.0
850.52551,486.2
850.64337,489.4
850.76123,483.2
850.87909,482.2
850.99695,486.4
851.11481,485.4
851.23267,484.6
851.35046,478.8
851.46832,481.6
851.58618,480.6
851.70398,484.4
851.82184,481.4
851.93964,480.6
852.0575,480.4
852.17529,483.4
852.29315,479.0
852.41095,481.2
852.52875,479.4
852.64655,482.8
852.7644,476.6
852.8822,475.6
853.0,476.8
853.1178,478.2
853.2356,479.6
853.35333,479.6
853.47113,478.0
853.58893,476.6
853.70673,479.8
853.82446,481.2
853.94226,481.0
854.06006,477.0
854.1778,483.4
854.29559,483.6
854.41333,482.6
854.53107,484.8
854.64886,484.2
854.7666,487.0
854.88434,485.4
855.00208,493.4
855.11981,488.2
855.23761,487.6
855.35535,493.2
855.47302,494.4
855.59076,489.2
855.7085,496.4
855.82623,486.2
855.94397,497.8
856.06165,491.2
856.17938,492.4
856.29712,491.0
856.41479,494.0
856.53253,494.6
856.65021,490.4
856.76788,487.6
856.88562,488.8
857.0033,490.6
857.12097,491.8
857.23865,489.2
857.35632,484.4
857.474,494.8
857.59167,488.4
857.70935,485.6
857.82703,482.6
857.9447,482.4
858.06238,483.6
858.18005,486.4
858.29767,483.4
858.41534,483.4
858.53296,483.2
858.65063,487.6
858.76825,487.6
858.88593,480.0
859.00354,484.2
859.12115,475.4
859.23883,479.8
859.35645,480.4
859.47406,482.4
859.59167,482.0
859.70929,482.4
859.8269,484.2
859.94452,484.0
860.06213,477.2
860.17975,487.0
860.29736,481.4
860.41492,485.4
860.53253,483.2
860.65009,482.0
860.7677,479.4
860.88525,479.6
861.00287,478.4
861.12042,479.4
861.23804,480.8
861.35559,478.0
861.47314,479.0
861.5907,474.6
861.70825,473.0
861.82581,475.2
861.94336,476.4
862.06091,476.8
862.17847,477.2
862.29602,477.4
862.41357,475.2
862.53113,470.6
862.64862,474.0
862.76617,471.4
862.88367,474.6
863.00122,477.2
863.11871,474.6
863.23627,475.0
863.35376,474.2
863.47125,480.2
863.58881,472.6
863.7063,474.0
863.82379,468.8
863.94128,472.4
864.05878,476.4
864.17627,473.0
864.29376,470.2
864.41125,478.2
864.52869,468.6
864.64618,479.6
864.76367,469.2
864.8811,472.6
864.9986,468.6
865.11609,472.0
865.23352,474.6
865.35095,473.4
865.46844,476.4
865.58588,477.0
865.70331,479.4
865.82074,476.4
865.93823,473.2
866.05566,478.2
866.1731,477.0
866.29053,476.0
866.4079,478.8
866.52533,473.6
866.64276,476.4
866.76019,471.2
866.87756,474.2
866.995,474.4
867.11243,476.4
867.2298,477.4
867.34723,476.4
867.4646,478.0
867.58197,476.0
867.6994,480.4
867.81677,482.6
867.93414,477.6
868.05151,474.0
868.16888,479.4
868.28625,474.4
868.40363,477.6
868.521,478.0
868.63837,473.8
868.75568,477.0
868.87305,476.2
868.99042,481.4
869.10773,478.2
869.2251,476.4
869.34241,477.2
869.45978,477.8
869.57709,477.8
869.69446,475.6
869.81177,478.4
869.92908,477.8
870.04639,482.4
870.1637,478.0
870.28101,481.8
870.39832,479.6
870.51563,484.0
870.63293,480.8
870.75024,479.6
870.86749,481.6
870.9848,479.4
871.10211,481.0
871.21936,478.6
871.33667,481.0
871.45392,482.6
871.57123,479.4
871.68848,479.2
871.80573,481.4
871.92297,484.2
872.04028,476.8
872.15753,474.6
872.27478,479.0
872.39203,475.0
872.50928,479.6
872.62646,482.2
872.74371,481.2
872.86096,478.6
872.97821,480.2
873.0954,480.2
873.21265,481.4
873.32983,475.6
873.44708,477.6
873.56427,484.6
873.68152,480.0
873.79871,478.8
873.91589,476.6
874.03308,478.2
874.15027,478.6
874.26746,476.6
874.38464,479.0
874.50183,474.4
874.61902,477.8
874.73621,478.2
874.85339,475.2
874.97052,474.8
875.08771,475.4
875.2049,478.6
875.32202,475.0
875.43921,479.4
875.55634,476.2
875.67346,483.4
875.79065,477.8
875.90778,481.2
876.0249,475.0
876.14203,481.4
876.25916,476.2
876.37628,477.6
876.49341,478.6
876.61053,478.8
876.72766,480.6
876.84473,482.6
876.96185,474.2
877.07898,481.0
877.19604,474.0
877.31317,478.2
877.43024,482.0
877.54736,479.8
877.66443,476.6
877.78149,484.2
877.89856,475.4
878.01569,481.0
878.13275,479.6
878.24982,483.8
878.36688,478.6
878.48395,483.8
878.60095,476.2
878.71802,478.2
878.83508,478.2
878.95215,476.8
879.06915,480.0
879.18622,474.4
879.30322,475.6
879.42029,481.8
879.53729,479.0
879.6543,478.4
879.77136,472.4
879.88837,479.0
880.00537,473.8
880.12238,482.4
880.23938,472.6
880.35638,479.4
880.47339,475.8
880.59039,476.0
880.70734,477.8
880.82434,476.0
880.94135,479.2
881.05829,482.2
881.17529,478.2
881.29224,477.2
881.40924,481.6
881.52618,475.0
881.64313,476.0
881.76007,474.0
881.87701,482.2
881.99402,475.2
882.11096,482.0
882.22791,478.0
882.34479,476.0
882.46173,482.4
882.57867,479.6
882.69562,478.6
882.8125,479.6
882.92944,485.4
883.04639,477.4
883.16327,482.8
883.28015,481.6
883.39709,478.8
883.51398,482.2
883.63086,479.4
883.74774,483.2
883.86462,485.2
883.98157,479.0
884.09839,482.6
884.21527,476.4
884.33215,482.6
884.44904,478.6
884.56592,478.8
884.68274,480.6
884.79962,479.0
884.9165,482.0
885.03333,480.2
885.15015,481.4
885.26703,481.6
885.38385,479.6
885.50067,482.0
885.61749,486.8
885.73438,487.0
885.8512,485.6
885.96802,482.2
886.08478,484.8
886.2016,482.8
886.31842,486.8
886.43524,487.8
886.55206,484.6
886.66882,491.8
886.78564,484.2
886.9024,489.6
887.01923,488.4
887.13599,491.4
887.25275,488.8
887.36951,488.2
887.48633,489.8
887.60309,489.0
887.71985,481.0
887.83661,486.8
887.95337,476.0
888.07007,482.6
888.18683,482.0
888.30359,483.6
888.42035,479.2
888.53705,483.0
888.65381,481.0
888.77051,479.6
888.88721,478.2
889.00397,478.2
889.12067,477.2
889.23737,475.6
889.35406,481.0
889.47083,475.0
889.58752,475.0
889.70416,475.4
889.82086,475.8
889.93756,475.2
890.05426,476.0
890.17096,477.2
890.2876,478.8
890.4043,473.8
890.52094,474.2
890.63763,476.2
890.75427,474.2
890.87091,478.2
890.98761,476.8
891.10425,476.6
891.22089,474.6
891.33752,479.8
891.45416,477.2
891.5708,480.8
891.68744,481.0
891.80408,475.4
891.92065,473.8
892.03729,478.6
892.15393,479.8
892.27051,480.6
892.38715,480.6
892.50372,474.8
892.6203,476.8
892.73694,478.4
892.85352,478.6
892.97009,477.2
893.08667,480.8
893.20325,474.2
893.31982,485.4
893.4364,477.4
893.55298,477.8
893.66956,481.6
893.78607,480.4
893.90265,483.0
894.01917,478.4
894.13574,481.0
894.25226,482.4
894.36884,482.0
894.48535,484.8
894.60187,483.6
894.71838,480.0
894.8349,477.4
894.95148,477.6
895.06793,481.0
895.18445,481.8
895.30096,477.4
895.41748,479.0
895.534,483.4
895.65045,480.0
895.76697,481.8
895.88342,482.4
895.99994,482.0
896.11639,476.0
896.23291,475.4
896.34937,474.8
896.46582,478.6
896.58228,484.8
896.69873,481.4
896.81519,478.8
896.93164,481.6
897.0481,483.0
897.16455,482.2
897.28094,479.8
897.3974,480.2
897.51385,480.6
897.63025,483.0
897.7467,478.6
897.8631,476.4
897.97949,479.0
898.09595,482.8
898.21234,478.8
898.32874,481.0
898.44513,479.8
898.56152,478.2
898.67792,481.4
898.79431,480.2
898.91064,478.0
899.02704,475.6
899.14343,475.2
899.25977,479.4
899.37616,478.8
899.49249,481.6
899.60889,475.6
899.72522,478.4
899.84155,474.2
899.95789,478.2
900.07428,475.8
900.19061,476.4
900.30695,476.6
900.42322,480.0
900.53955,472.8
900.65588,476.4
900.77222,480.4
900.88849,476.4
901.00482,474.4
901.12109,475.8
901.23743,473.4
901.3537,473.6
901.47003,477.4
901.5863,477.2
901.70258,475.4
901.81885,477.0
901.93512,472.0
902.05139,474.0
902.16766,476.2
902.28394,477.0
902.40021,472.8
902.51642,475.8
902.63269,478.0
902.7489,471.0
902.86517,471.6
902.98138,474.0
903.09766,472.8
903.21387,475.2
903.33008,477.0
903.44629,475.4
903.5625,468.4
903.67871,469.8
903.79492,473.0
903.91113,472.2
904.02734,471.2
904.14355,478.4
904.2597,472.8
904.37592,476.0
904.49207,474.4
904.60828,469.4
904.72443,464.0
904.84064,470.6
904.95679,470.6
905.07294,469.2
905.18909,467.2
905.30524,470.6
905.42139,473.0
905.53754,472.2
905.65369,471.0
905.76984,464.2
905.88593,469.4
906.00208,469.0
906.11816,470.4
906.23431,465.8
906.3504,467.6
906.46655,470.8
906.58264,464.4
906.69873,469.4
906.81482,467.4
906.93091,467.8
907.047,466.2
907.16309,472.4
907.27917,470.0
907.39526,472.2
907.51135,470.8
907.62738,465.2
907.74347,468.8
907.8595,464.2
907.97559,465.8
908.09161,472.0
908.2077,469.0
908.32373,471.6
908.43976,468.4
908.55579,468.6
908.67181,468.0
908.78784,467.0
908.90387,466.6
909.0199,466.8
909.13586,466.8
909.25189,472.2
909.36792,465.2
909.48389,467.6
909.59991,469.2
909.71588,468.6
909.83185,469.0
909.94788,473.8
910.06384,465.6
910.17981,474.4
910.29578,469.6
910.41174,469.4
910.52771,472.6
910.64368,471.8
910.75958,466.4
910.87555,470.4
910.99152,470.4
911.10742,465.2
911.22339,468.6
911.33929,471.8
911.4552,466.4
911.57117,464.4
911.68707,469.2
911.80298,468.0
911.91888,472.6
912.03479,467.2
912.1507,476.2
912.2666,471.2
912.38245,471.8
912.49835,469.2
912.61426,468.2
912.7301,467.6
912.84601,466.0
792.4458,563.6
792.56488,554.8
792.68396,571.6
792.8031,565.6
792.92218,552.2
793.04126,548.6
793.16034,557.0
793.27942,548.0
793.3985,547.0
793.51758,539.2
793.63672,538.0
793.7558,535.6
793.87488,544.0
793.9939,544.8
794.11298,541.4
794.23206,539.0
794.35114,533.4
794.47021,536.2
794.58929,531.4
794.70831,526.4
794.82739,532.8
794.94647,530.4
795.06549,534.6
795.18457,534.4
795.30365,526.4
795.42267,526.8
795.54175,522.6
795.66077,528.8
795.77985,516.6
795.89886,528.0
796.01794,525.6
796.13696,524.2
796.25598,518.8
796.375,520.4
796.49408,522.8
796.6131,521.2
796.73212,520.4
796.85114,520.0
796.97015,523.0
797.08923,522.2
797.20825,521.2
797.32727,519.2
797.44629,519.0
797.56531,518.2
797.68427,521.8
797.80328,522.2
797.9223,515.8
798.04132,521.8
798.16034,523.8
798.27936,521.0
798.39832,526.0
798.51733,515.8
798.63635,514.6
798.75531,519.2
798.87433,519.8
798.99329,516.0
799.1123,517.0
799.23126,515.2
799.35028,523.8
799.46924,518.4
799.58826,526.8
799.70721,518.4
799.82617,523.8
799.94519,521.4
800.06415,518.2
800.18311,520.4
800.30206,517.8
800.42102,521.8
800.54004,517.2
800.659,517.4
800.77795,517.6
800.89691,517.8
801.01587,522.8
801.13483,522.6
801.25372,521.8
801.37268,519.4
801.49164,523.0
801.6106,524.6
801.72955,524.2
801.84845,520.6
801.96741,531.0
802.08636,524.8
802.20526,531.2
802.32422,528.4
802.44318,529.8
802.56207,531.2
802.68103,529.6
802.79993,526.8
802.91882,527.4
803.03778,527.6
803.15668,526.6
803.27557,533.8
803.39453,531.6
803.51343,528.0
803.63232,535.4
803.75122,532.2
803.87012,530.8
803.98907,528.8
804.10797,528.8
804.22687,527.2
804.34576,534.6
804.46466,526.8
804.58356,530.6
804.70239,537.8
804.82129,530.0
804.94019,533.6
805.05908,531.8
805.17798,539.4
805.29681,541.4
805.41571,536.2
805.53461,530.6
805.65344,543.8
805.77234,543.0
805.89117,536.0
806.01007,540.4
806.12891,539.2
806.2478,541.6
806.36664,536.6
806.48547,539.8
806.60437,539.4
806.72321,545.8
806.84204,542.8
806.96088,537.4
807.07971,544.8
807.19861,543.4
807.31744,539.6
807.43628,542.8
807.55511,542.0
807.67395,542.0
807.79279,542.6
807.91162,544.0
808.0304,549.4
808.14923,550.2
808.26807,543.8
808.3869,546.2
808.50568,543.4
808.62451,546.8
808.74335,550.2
808.86212,550.2
808.98096,549.0
809.09979,552.4
809.21857,553.2
809.33734,550.0
809.45618,546.2
809.57495,558.2
809.69379,549.4
809.81256,555.6
809.93134,551.8
810.05011,551.0
810.16895,552.4
810.28772,553.6
810.40649,551.0
810.52527,551.0
810.64404,552.8
810.76282,559.8
810.88159,552.8
811.00037,556.2
811.11914,552.0
811.23792,555.2
811.35663,552.8
811.4754,558.2
811.59418,556.4
811.71295,556.2
811.83167,553.4
811.95044,555.8
812.06921,553.8
812.18793,553.4
812.3067,555.2
812.42542,553.2
812.54419,552.0
812.6629,561.0
812.78162,551.6
812.90039,554.2
813.0191,551.6
813.13782,545.6
813.25653,552.8
813.37524,552.4
813.49402,552.2
813.61273,558.8
813.73145,555.0
813.85016,552.2
813.96887,552.0
814.08759,547.4
814.2063,548.8
814.32495,558.6
814.44366,555.0
814.56238,544.4
814.68109,546.6
814.79974,545.4
814.91846,544.4
815.03717,548.4
815.15582,539.0
815.27454,539.8
815.39319,538.2
815.5119,542.4
815.63055,541.8
815.74927,541.8
815.86792,540.8
815.98657,541.4
816.10529,540.2
816.22394,545.2
816.34259,545.2
816.46124,552.2
816.5799,547.4
816.69855,549.8
816.8172,545.4
816.93585,545.8
817.0545,543.6
817.17316,542.4
817.29181,532.0
817.41046,536.4
817.52911,525.4
817.64771,525.0
817.76636,520.2
817.88501,516.8
818.0036,517.8
818.12225,517.0
818.24091,509.6
818.3595,505.2
818.47815,509.2
818.59674,506.8
818.71533,505.4
818.83398,500.2
818.95258,506.2
819.07117,498.4
819.18976,501.8
819.30841,496.8
819.427,497.8
819.54559,496.8
819.66418,491.2
819.78278,497.4
819.90137,491.4
820.01996,497.0
820.13855,489.6
820.25714,492.2
820.37573,489.0
820.49426,489.2
820.61285,490.6
820.73145,494.6
820.84998,487.2
820.96857,494.2
821.08716,487.0
821.20569,487.6
821.32428,483.4
821.44281,489.2
821.56134,488.6
821.67993,487.0
821.79846,487.4
821.91699,483.8
822.03558,481.6
822.15411,488.0
822.27264,485.6
822.39117,486.8
822.5097,489.8
822.62823,484.8
822.74677,487.2
822.8653,487.4
822.98383,484.2
823.10236,485.0
823.22089,484.0
823.33942,483.4
823.45789,487.2
823.57642,487.0
823.69495,483.0
823.81342,485.0
823.93195,481.8
824.05042,486.6
824.16895,490.4
824.28741,486.0
824.40594,488.2
824.52441,484.6
824.64288,486.4
824.76141,485.0
824.87988,480.4
824.99835,483.2
825.11682,483.0
825.23529,484.4
825.35376,482.6
825.47223,480.6
825.5907,480.0
825.70917,480.4
825.82764,482.8
825.94611,475.0
826.06458,477.0
826.18304,479.8
826.30145,483.6
826.41992,482.6
826.53839,477.2
826.6568,480.2
826.77527,474.4
826.89368,477.4
827.01215,482.4
827.13055,480.0
827.24902,475.8
827.36743,477.8
827.48584,473.6
827.60431,477.6
827.72272,472.6
827.84113,474.2
827.95953,474.4
828.07794,475.0
828.19635,470.0
828.31476,471.2
828.43317,471.4
828.55157,476.4
828.66998,473.4
828.78839,474.8
828.90674,472.6
829.02515,479.0
829.14355,477.2
829.2619,477.0
829.38031,470.6
829.49872,469.6
829.61707,470.4
829.73547,472.8
829.85382,474.0
829.97217,475.4
830.09058,473.8
830.20892,473.8
830.32727,474.6
830.44562,472.2
830.56403,470.6
830.68237,476.2
830.80072,470.8
830.91907,472.6
831.03741,472.6
831.15576,475.4
831.27411,473.8
831.3924,474.4
831.51074,476.4
831.62909,471.2
831.74744,467.0
831.86572,470.8
831.98407,467.8
832.10242,472.2
832.2207,470.0
832.33905,472.4
832.45734,470.2
832.57562,470.0
832.69397,468.4
832.81226,472.6
832.93054,471.4
833.04889,473.6
833.16718,468.8
833.28546,471.6
833.40375,474.4
833.52203,474.0
833.64032,472.2
833.75861,469.0
833.87689,469.8
833.99518,476.6
834.1134,469.6
834.23169,469.0
834.34998,466.6
834.46826,477.4
834.58649,470.4
834.70477,473.8
834.823,473.4
834.94128,478.2
835.05951,477.2
835.1778,473.6
835.29602,470.8
835.41425,475.4
835.53253,472.6
835.65076,474.0
835.76898,472.6
835.88721,477.4
836.00543,476.2
836.12366,486.4
836.24188,479.6
836.36011,477.4
836.47833,478.0
836.59656,477.0
836.71478,482.0
836.83295,480.8
836.95117,479.4
837.0694,482.0
837.18756,484.8
837.30579,485.8
837.42401,483.2
837.54218,484.0
837.66034,475.0
837.77856,480.8
837.89673,483.6
838.01489,478.4
838.13312,478.8
838.25128,482.0
838.36945,481.4
838.48761,486.0
838.60577,481.4
838.72394,484.4
838.8421,483.2
838.96027,482.6
839.07843,482.4
839.19659,475.0
839.31476,480.8
839.43286,482.0
839.55103,480.2
839.66919,482.2
839.78729,479.6
839.90546,485.4
840.02356,480.8
840.14172,479.0
840.25983,481.4
840.37793,474.6
840.49609,480.4
840.6142,480.0
840.7323,478.6
840.8504,478.0
840.96851,479.6
841.08661,482.8
841.20471,478.2
841.32281,480.2
841.44092,477.4
841.55902,479.0
841.67712,473.4
841.79523,477.0
841.91327,477.4
842.03137,479.6
842.14948,478.0
842.26752,470.8
842.38562,474.6
842.50366,478.2
842.62177,476.0
842.73981,471.0
842.85791,471.6
842.97595,476.0
843.09399,469.2
843.21204,473.6
843.33008,471.4
843.44818,470.2
843.56622,472.2
843.68427,472.8
843.80231,474.4
843.92029,470.0
844.03833,474.2
844.15637,466.6
844.27441,471.8
844.39246,472.0
844.51044,471.0
844.62848,466.2
844.74646,473.8
844.8645,475.6
844.98248,471.2
845.10052,467.2
845.21851,478.0
845.33649,471.4
845.45453,472.8
845.57251,476.0
845.69049,468.8
845.80847,474.8
845.92645,474.0
846.04443,471.6
846.16241,467.0
846.2804,471.8
846.39838,469.8
846.51636,474.8
846.63434,474.2
846.75226,475.2
846.87024,473.6
846.98822,472.0
847.10614,471.8
847.22412,469.8
847.34204,469.6
847.46002,470.2
847.57794,469.2
847.69586,473.6
847.81384,467.8
847.93176,474.6
848.04968,470.0
848.1676,473.2
848.28552,469.2
848.40344,469.4
848.52136,465.6
848.63928,466.2
848.7572,468.8
848.87512,469.4
848.99304,471.0
849.1109,469.8
849.22882,467.2
849.34674,470.8
849.4646,470.6
849.58252,470.8
849.70038,469.4
849.8183,468.2
849.93616,470.4
850.05402,474.0
850.17194,473.6
850.28979,468.0
850.40765,472.0
850.52551,476.6
850.64337,476.6
850.76123,473.8
850.87909,468.6
850.99695,471.6
851.11481,472.0
851.23267,471.8
851.35046,472.8
851.46832,474.0
851.58618,472.8
851.70398,474.4
851.82184,470.8
851.93964,472.4
852.0575,473.6
852.17529,481.0
852.29315,466.8
852.41095,472.8
852.52875,470.2
852.64655,475.4
852.7644,470.0
852.8822,474.2
853.0,469.8
853.1178,473.6
853.2356,472.0
853.35333,474.6
853.47113,471.6
853.58893,469.4
853.70673,471.4
853.82446,477.6
853.94226,474.4
854.06006,477.0
854.1778,476.6
854.29559,477.4
854.41333,475.8
854.53107,474.6
854.64886,476.4
854.7666,483.4
854.88434,476.2
855.00208,482.2
855.11981,478.6
855.23761,473.4
855.35535,475.4
855.47302,481.6
855.59076,473.8
855.7085,481.6
855.82623,475.4
855.94397,481.2
856.06165,481.2
856.17938,480.2
856.29712,472.6
856.41479,476.8
856.53253,478.6
856.65021,479.2
856.76788,476.4
856.88562,482.8
857.0033,475.6
857.12097,483.2
857.23865,475.6
857.35632,476.4
857.474,473.0
857.59167,474.0
857.70935,477.8
857.82703,476.2
857.9447,470.0
858.06238,472.6
858.18005,474.4
858.29767,472.4
858.41534,466.8
858.53296,476.4
858.65063,473.2
858.76825,475.4
858.88593,471.8
859.00354,472.8
859.12115,471.4
859.23883,472.2
859.35645,477.4
859.47406,476.6
859.59167,471.8
859.70929,477.4
859.8269,474.0
859.94452,473.8
860.06213,472.6
860.17975,477.8
860.29736,469.2
860.41492,472.2
860.53253,470.8
860.65009,470.0
860.7677,473.6
860.88525,472.8
861.00287,472.4
861.12042,471.2
861.23804,470.6
861.35559,470.4
861.47314,473.2
861.5907,472.4
861.70825,469.0
861.82581,473.6
861.94336,467.4
862.06091,467.2
862.17847,471.2
862.29602,473.0
862.41357,470.4
862.53113,470.0
862.64862,471.8
862.76617,471.0
862.88367,468.6
863.00122,471.4
863.11871,468.8
863.23627,466.2
863.35376,471.2
863.47125,471.2
863.58881,467.4
863.7063,472.8
863.82379,467.2
863.94128,469.8
864.05878,471.2
864.17627,467.0
864.29376,469.4
864.41125,471.4
864.52869,469.6
864.64618,468.4
864.76367,464.2
864.8811,469.4
864.9986,469.2
865.11609,475.4
865.23352,466.2
865.35095,471.2
865.46844,468.6
865.58588,471.6
865.70331,467.6
865.82074,470.4
865.93823,471.6
866.05566,470.4
866.1731,468.2
866.29053,469.2
866.4079,470.8
866.52533,469.0
866.64276,473.0
866.76019,470.4
866.87756,471.0
866.995,475.6
867.11243,468.0
867.2298,474.0
867.34723,469.2
867.4646,470.0
867.58197,469.2
867.6994,474.8
867.81677,473.0
867.93414,471.6
868.05151,473.4
868.16888,475.8
868.28625,473.0
868.40363,476.4
868.521,471.2
868.63837,473.2
868.75568,470.0
868.87305,468.0
868.99042,469.4
869.10773,473.6
869.2251,471.6
869.34241,474.2
869.45978,468.8
869.57709,469.2
869.69446,472.2
869.81177,473.8
869.92908,469.4
870.04639,474.6
870.1637,465.8
870.28101,470.4
870.39832,467.6
870.51563,476.0
870.63293,473.2
870.75024,472.2
870.86749,474.8
870.9848,466.0
871.10211,464.8
871.21936,469.2
871.33667,475.0
871.45392,474.2
871.57123,472.4
871.68848,468.6
871.80573,472.4
871.92297,474.0
872.04028,468.8
872.15753,473.2
872.27478,474.4
872.39203,468.8
872.50928,472.2
872.62646,472.0
872.74371,468.8
872.86096,472.8
872.97821,473.0
873.0954,473.2
873.21265,470.8
873.32983,463.0
873.44708,468.6
873.56427,469.0
873.68152,465.2
873.79871,470.2
873.91589,469.4
874.03308,474.8
874.15027,475.8
874.26746,469.2
874.38464,467.4
874.50183,471.0
874.61902,471.8
874.73621,473.6
874.85339,469.2
874.97052,470.0
875.08771,466.2
875.2049,470.4
875.32202,467.0
875.43921,467.0
875.55634,467.4
875.67346,473.6
875.79065,468.0
875.90778,477.2
876.0249,466.2
876.14203,471.6
876.25916,467.0
876.37628,472.2
876.49341,474.2
876.61053,471.8
876.72766,467.6
876.84473,475.2
876.96185,468.2
877.07898,471.6
877.19604,472.4
877.31317,473.0
877.43024,471.2
877.54736,471.6
877.66443,469.8
877.78149,473.4
877.89856,467.4
878.01569,471.2
878.13275,467.4
878.24982,474.2
878.36688,476.0
878.48395,476.6
878.60095,472.4
878.71802,471.4
878.83508,471.4
878.95215,467.4
879.06915,468.8
879.18622,472.0
879.30322,468.8
879.42029,470.8
879.53729,471.4
879.6543,471.8
879.77136,464.4
879.88837,476.4
880.00537,470.8
880.12238,471.8
880.23938,468.8
880.35638,476.8
880.47339,466.0
880.59039,466.6
880.70734,469.4
880.82434,468.4
880.94135,469.6
881.05829,474.2
881.17529,465.6
881.29224,472.6
881.40924,467.8
881.52618,470.0
881.64313,468.6
881.76007,470.8
881.87701,471.8
881.99402,473.0
882.11096,470.4
882.22791,467.8
882.34479,472.2
882.46173,471.4
882.57867,469.6
882.69562,472.6
882.8125,474.6
882.92944,477.0
883.04639,466.8
883.16327,474.8
883.28015,468.2
883.39709,476.0
883.51398,471.0
883.63086,472.0
883.74774,471.8
883.86462,475.8
883.98157,473.8
884.09839,473.4
884.21527,472.8
884.33215,469.6
884.44904,469.4
884.56592,475.6
884.68274,475.0
884.79962,470.8
884.9165,469.0
885.03333,474.6
885.15015,472.0
885.26703,477.6
885.38385,475.8
885.50067,478.2
885.61749,472.0
885.73438,475.2
885.8512,477.8
885.96802,475.2
886.08478,476.2
886.2016,477.4
886.31842,471.8
886.43524,474.0
886.55206,473.4
886.66882,473.0
886.78564,478.2
886.9024,478.2
887.01923,475.0
887.13599,476.0
887.25275,475.2
887.36951,474.8
887.48633,476.0
887.60309,480.4
887.71985,475.0
887.83661,480.4
887.95337,474.2
888.07007,474.8
888.18683,472.2
888.30359,471.2
888.42035,475.0
888.53705,473.2
888.65381,473.4
888.77051,472.6
888.88721,475.4
889.00397,472.4
889.12067,469.6
889.23737,473.4
889.35406,476.0
889.47083,475.2
889.58752,466.8
889.70416,477.2
889.82086,475.0
889.93756,472.6
890.05426,471.4
890.17096,473.2
890.2876,475.0
890.4043,474.2
890.52094,477.0
890.63763,467.4
890.75427,471.2
890.87091,474.4
890.98761,470.4
891.10425,475.8
891.22089,472.8
891.33752,469.6
891.45416,473.4
891.5708,475.2
891.68744,472.4
891.80408,476.2
891.92065,472.4
892.03729,477.4
892.15393,476.0
892.27051,475.8
892.38715,474.0
892.50372,477.2
892.6203,476.0
892.73694,474.8
892.85352,480.2
892.97009,474.2
893.08667,471.8
893.20325,472.8
893.31982,478.2
893.4364,472.8
893.55298,472.6
893.66956,482.0
893.78607,475.4
893.90265,476.2
894.01917,478.6
894.13574,481.2
894.25226,478.6
894.36884,475.8
894.48535,472.8
894.60187,481.4
894.71838,477.2
894.8349,480.6
894.95148,479.0
895.06793,481.4
895.18445,475.8
895.30096,475.6
895.41748,476.4
895.534,475.6
895.65045,474.2
895.76697,473.8
895.88342,476.2
895.99994,475.4
896.11639,473.4
896.23291,479.6
896.34937,477.2
896.46582,481.6
896.58228,477.0
896.69873,480.0
896.81519,476.6
896.93164,476.4
897.0481,472.6
897.16455,476.6
897.28094,473.4
897.3974,477.6
897.51385,476.6
897.63025,475.2
897.7467,475.8
897.8631,475.2
897.97949,476.4
898.09595,470.6
898.21234,477.0
898.32874,473.8
898.44513,477.8
898.56152,474.6
898.67792,476.4
898.79431,476.2
898.91064,473.6
899.02704,472.0
899.14343,477.2
899.25977,473.0
899.37616,471.8
899.49249,473.2
899.60889,474.4
899.72522,476.6
899.84155,473.6
899.95789,472.2
900.07428,473.4
900.19061,471.6
900.30695,476.2
900.42322,473.6
900.53955,467.6
900.65588,474.2
900.77222,468.2
900.88849,476.2
901.00482,472.4
901.12109,473.2
901.23743,475.8
901.3537,468.2
901.47003,469.0
901.5863,468.0
901.70258,470.2
901.81885,464.8
901.93512,471.0
902.05139,470.6
902.16766,467.0
902.28394,471.6
902.40021,465.6
902.51642,471.6
902.63269,466.6
902.7489,468.6
902.86517,469.2
902.98138,471.6
903.09766,464.8
903.21387,474.6
903.33008,471.8
903.44629,471.2
903.5625,467.8
903.67871,468.8
903.79492,462.8
903.91113,471.2
904.02734,464.2
904.14355,472.0
904.2597,472.4
904.37592,469.0
904.49207,468.4
904.60828,464.4
904.72443,463.6
904.84064,469.6
904.95679,466.4
905.07294,468.4
905.18909,467.6
905.30524,467.2
905.42139,463.0
905.53754,468.0
905.65369,465.0
905.76984,468.0
905.88593,464.4
906.00208,462.2
906.11816,465.2
906.23431,463.6
906.3504,464.4
906.46655,467.2
906.58264,462.0
906.69873,462.0
906.81482,469.6
906.93091,466.0
907.047,467.4
907.16309,464.8
907.27917,469.2
907.39526,466.8
907.51135,464.6
907.62738,467.8
907.74347,460.8
907.8595,471.4
907.97559,465.0
908.09161,467.8
908.2077,462.6
908.32373,470.0
908.43976,461.2
908.55579,460.8
908.67181,465.0
908.78784,468.4
908.90387,467.2
909.0199,466.4
909.13586,466.4
909.25189,467.2
909.36792,463.6
909.48389,467.8
909.59991,466.0
909.71588,464.0
909.83185,464.8
909.94788,465.2
910.06384,467.0
910.17981,464.6
910.29578,467.6
910.41174,462.8
910.52771,465.6
910.64368,471.6
910.75958,468.2
910.87555,468.0
910.99152,467.8
911.10742,466.8
911.22339,463.4
911.33929,470.8
911.4552,467.2
911.57117,462.0
911.68707,467.8
911.80298,467.8
911.91888,464.4
912.03479,469.0
912.1507,471.8
912.2666,468.2
912.38245,470.0
912.49835,468.4
912.61426,466.0
912.7301,468.6
912.84601,473.2
792.4458,570.0
792.56488,563.8
792.68396,577.4
792.8031,573.0
792.92218,563.8
793.04126,553.8
793.16034,560.8
793.27942,557.6
793.3985,553.6
793.51758,547.8
793.63672,548.2
793.7558,550.6
793.87488,552.6
793.9939,554.6
794.11298,542.6
794.23206,541.4
794.35114,539.6
794.47021,536.2
794.58929,536.6
794.70831,534.2
794.82739,538.8
794.94647,535.4
795.06549,534.4
795.18457,533.2
795.30365,532.6
795.42267,525.8
795.54175,529.2
795.66077,528.8
795.77985,530.8
795.89886,530.8
796.01794,531.4
796.13696,523.4
796.25598,528.2
796.375,522.4
796.49408,523.8
796.6131,530.4
796.73212,526.0
796.85114,532.6
796.97015,529.6
797.08923,521.6
797.20825,525.0
797.32727,523.8
797.44629,523.8
797.56531,529.2
797.68427,523.8
797.80328,522.0
797.9223,530.2
798.04132,523.0
798.16034,529.2
798.27936,524.4
798.39832,528.4
798.51733,523.2
798.63635,520.6
798.75531,525.8
798.87433,517.2
798.99329,523.6
799.1123,516.4
799.23126,517.8
799.35028,524.2
799.46924,525.0
799.58826,526.0
799.70721,528.6
799.82617,520.8
799.94519,526.6
800.06415,524.6
800.18311,524.2
800.30206,523.8
800.42102,530.6
800.54004,529.0
800.659,525.8
800.77795,529.0
800.89691,525.2
801.01587,525.2
801.13483,523.6
801.25372,530.8
801.37268,526.0
801.49164,531.0
801.6106,532.8
801.72955,528.8
801.84845,525.2
801.96741,529.4
802.08636,528.4
802.20526,530.8
802.32422,529.8
802.44318,531.8
802.56207,534.6
802.68103,530.8
802.79993,532.2
802.91882,538.0
803.03778,527.8
803.15668,534.0
803.27557,536.4
803.39453,534.6
803.51343,538.6
803.63232,535.6
803.75122,536.4
803.87012,537.6
803.98907,537.4
804.10797,537.6
804.22687,536.8
804.34576,540.6
804.46466,541.6
804.58356,533.8
804.70239,538.8
804.82129,543.4
804.94019,542.6
805.05908,540.4
805.17798,540.6
805.29681,539.8
805.41571,544.8
805.53461,545.6
805.65344,539.2
805.77234,546.0
805.89117,547.4
806.01007,548.6
806.12891,542.2
806.2478,543.6
806.36664,548.2
806.48547,545.6
806.60437,544.4
806.72321,547.2
806.84204,548.8
806.96088,547.6
807.07971,549.0
807.19861,549.4
807.31744,547.4
807.43628,549.8
807.55511,548.6
807.67395,552.6
807.79279,548.6
807.91162,555.4
808.0304,555.8
808.14923,551.0
808.26807,546.6
808.3869,557.8
808.50568,558.2
808.62451,552.2
808.74335,556.2
808.86212,555.8
808.98096,555.4
809.09979,561.4
809.21857,560.6
809.33734,554.8
809.45618,556.0
809.57495,558.4
809.69379,561.0
809.81256,559.4
809.93134,559.0
810.05011,559.6
810.16895,556.0
810.28772,562.8
810.40649,561.2
810.52527,561.4
810.64404,558.4
810.76282,566.6
810.88159,566.8
811.00037,562.8
811.11914,558.4
811.23792,564.0
811.35663,563.8
811.4754,562.4
811.59418,564.8
811.71295,564.4
811.83167,567.0
811.95044,563.6
812.06921,568.4
812.18793,561.6
812.3067,560.0
812.42542,566.2
812.54419,560.2
812.6629,572.4
812.78162,562.0
812.90039,563.6
813.0191,555.2
813.13782,564.6
813.25653,552.8
813.37524,555.6
813.49402,560.8
813.61273,566.6
813.73145,558.0
813.85016,562.8
813.96887,558.0
814.08759,558.2
814.2063,555.2
814.32495,556.8
814.44366,554.4
814.56238,562.0
814.68109,556.4
814.79974,553.2
814.91846,554.6
815.03717,549.8
815.15582,548.8
815.27454,553.8
815.39319,548.2
815.5119,550.6
815.63055,548.6
815.74927,553.2
815.86792,550.2
815.98657,549.6
816.10529,548.0
816.22394,557.4
816.34259,551.4
816.46124,557.2
816.5799,557.2
816.69855,557.8
816.8172,557.4
816.93585,551.8
817.0545,551.2
817.17316,546.8
817.29181,541.2
817.41046,539.8
817.52911,534.6
817.64771,535.2
817.76636,526.0
817.88501,526.6
818.0036,521.4
818.12225,518.6
818.24091,515.6
818.3595,512.6
818.47815,513.0
818.59674,513.4
818.71533,503.6
818.83398,499.0
818.95258,497.6
819.07117,506.6
819.18976,503.8
819.30841,500.6
819.427,500.8
819.54559,498.4
819.66418,499.8
819.78278,502.4
819.90137,501.6
820.01996,494.8
820.13855,494.6
820.25714,497.4
820.37573,492.4
820.49426,491.2
820.61285,487.8
820.73145,490.0
820.84998,485.2
820.96857,488.4
821.08716,490.8
821.20569,492.2
821.32428,491.8
821.44281,486.6
821.56134,487.6
821.67993,487.0
821.79846,488.6
821.91699,490.0
822.03558,485.2
822.15411,488.8
822.27264,487.6
822.39117,484.8
822.5097,486.8
822.62823,486.2
822.74677,491.0
822.8653,484.8
822.98383,485.6
823.10236,490.8
823.22089,490.0
823.33942,487.2
823.45789,486.2
823.57642,486.6
823.69495,490.4
823.81342,492.6
823.93195,483.6
824.05042,486.0
824.16895,488.2
824.28741,489.4
824.40594,487.4
824.52441,486.0
824.64288,488.0
824.76141,484.2
824.87988,486.0
824.99835,484.8
825.11682,481.8
825.23529,484.0
825.35376,486.8
825.47223,480.8
825.5907,478.2
825.70917,481.6
825.82764,477.8
825.94611,482.0
826.06458,481.2
826.18304,472.6
826.30145,477.8
826.41992,482.0
826.53839,480.0
826.6568,478.2
826.77527,477.6
826.89368,481.6
827.01215,483.4
827.13055,480.4
827.24902,475.8
827.36743,475.6
827.48584,477.6
827.60431,478.4
827.72272,470.4
827.84113,475.4
827.95953,477.8
828.07794,477.8
828.19635,477.0
828.31476,471.2
828.43317,470.4
828.55157,473.4
828.66998,474.2
828.78839,471.8
828.90674,474.4
829.02515,475.4
829.14355,473.2
829.2619,476.2
829.38031,475.0
829.49872,472.8
829.61707,473.8
829.73547,473.8
829.85382,473.8
829.97217,472.0
830.09058,471.2
830.20892,474.6
830.32727,470.0
830.44562,476.0
830.56403,474.0
830.68237,477.4
830.80072,471.4
830.91907,468.2
831.03741,471.2
831.15576,472.4
831.27411,472.6
831.3924,474.0
831.51074,471.8
831.62909,472.4
831.74744,472.6
831.86572,471.8
831.98407,472.2
832.10242,476.6
832.2207,473.0
832.33905,476.8
832.45734,471.0
832.57562,469.8
832.69397,472.6
832.81226,470.6
832.93054,477.6
833.04889,474.8
833.16718,468.4
833.28546,475.8
833.40375,478.0
833.52203,471.4
833.64032,472.8
833.75861,469.8
833.87689,471.2
833.99518,476.2
834.1134,471.0
834.23169,472.4
834.34998,472.4
834.46826,474.2
834.58649,475.4
834.70477,476.2
834.823,471.8
834.94128,474.0
835.05951,468.2
835.1778,479.4
835.29602,474.4
835.41425,476.2
835.53253,475.4
835.65076,476.8
835.76898,477.2
835.88721,479.4
836.00543,482.2
836.12366,480.2
836.24188,480.2
836.36011,480.8
836.47833,484.8
836.59656,477.6
836.71478,488.2
836.83295,485.2
836.95117,480.0
837.0694,481.2
837.18756,485.6
837.30579,486.6
837.42401,482.0
837.54218,482.0
837.66034,481.8
837.77856,482.8
837.89673,484.4
838.01489,485.2
838.13312,477.8
838.25128,483.4
838.36945,481.8
838.48761,485.0
838.60577,482.8
838.72394,488.8
838.8421,485.2
838.96027,485.4
839.07843,480.6
839.19659,482.8
839.31476,482.6
839.43286,481.8
839.55103,480.4
839.66919,481.6
839.78729,482.6
839.90546,480.6
840.02356,478.2
840.14172,480.8
840.25983,475.2
840.37793,481.0
840.49609,476.6
840.6142,483.0
840.7323,473.4
840.8504,477.2
840.96851,483.8
841.08661,477.8
841.20471,475.4
841.32281,481.4
841.44092,480.0
841.55902,483.6
841.67712,477.4
841.79523,479.4
841.91327,478.4
842.03137,476.2
842.14948,481.2
842.26752,472.6
842.38562,477.4
842.50366,472.6
842.62177,473.6
842.73981,474.2
842.85791,474.8
842.97595,469.6
843.09399,481.0
843.21204,475.8
843.33008,479.2
843.44818,472.4
843.56622,470.2
843.68427,469.0
843.80231,473.2
843.92029,470.4
844.03833,475.8
844.15637,473.4
844.27441,475.2
844.39246,472.2
844.51044,473.4
844.62848,472.2
844.74646,470.8
844.8645,474.4
844.98248,469.8
845.10052,467.4
845.21851,471.4
845.33649,471.6
845.45453,469.2
845.57251,474.8
845.69049,467.4
845.80847,469.2
845.92645,475.6
846.04443,471.0
846.16241,470.6
846.2804,471.8
846.39838,472.6
846.51636,473.0
846.63434,472.4
846.75226,473.0
846.87024,476.4
846.98822,472.0
847.10614,470.0
847.22412,474.8
847.34204,473.4
847.46002,473.2
847.57794,468.6
847.69586,466.4
847.81384,469.8
847.93176,471.2
848.04968,472.0
848.1676,475.4
848.28552,474.0
848.40344,472.8
848.52136,469.6
848.63928,473.2
848.7572,469.2
848.87512,471.4
848.99304,473.4
849.1109,469.2
849.22882,465.4
849.34674,474.8
849.4646,468.6
849.58252,471.2
849.70038,470.8
849.8183,472.6
849.93616,471.8
850.05402,471.6
850.17194,478.2
850.28979,474.6
850.40765,474.0
850.52551,476.2
850.64337,470.4
850.76123,473.8
850.87909,473.8
850.99695,475.2
851.11481,473.2
851.23267,474.8
851.35046,474.8
851.46832,470.4
851.58618,476.2
851.70398,475.4
851.82184,473.6
851.93964,475.6
852.0575,470.8
852.17529,475.8
852.29315,469.4
852.41095,476.0
852.52875,472.6
852.64655,472.6
852.7644,470.0
852.8822,471.8
853.0,468.6
853.1178,476.6
853.2356,472.6
853.35333,474.6
853.47113,472.0
853.58893,474.2
853.70673,470.8
853.82446,480.2
853.94226,476.8
854.06006,470.6
854.1778,480.0
854.29559,476.6
854.41333,474.6
854.53107,474.6
854.64886,479.2
854.7666,478.0
854.88434,476.8
855.00208,479.0
855.11981,476.4
855.23761,478.2
855.35535,483.8
855.47302,476.2
855.59076,478.2
855.7085,482.8
855.82623,482.6
855.94397,480.2
856.06165,478.2
856.17938,480.0
856.29712,481.8
856.41479,482.4
856.53253,479.4
856.65021,477.4
856.76788,478.2
856.88562,476.4
857.0033,479.2
857.12097,480.6
857.23865,477.0
857.35632,478.6
857.474,477.4
857.59167,480.0
857.70935,473.4
857.82703,478.2
857.9447,474.0
858.06238,474.4
858.18005,476.4
858.29767,474.2
858.41534,478.2
858.53296,468.8
858.65063,477.4
858.76825,473.4
858.88593,476.2
859.00354,475.0
859.12115,476.6
859.23883,472.8
859.35645,474.6
859.47406,478.2
859.59167,474.6
859.70929,478.8
859.8269,471.2
859.94452,470.6
860.06213,476.0
860.17975,478.2
860.29736,472.6
860.41492,474.4
860.53253,471.4
860.65009,474.2
860.7677,470.4
860.88525,469.6
861.00287,473.0
861.12042,477.2
861.23804,477.4
861.35559,474.2
861.47314,474.2
861.5907,469.6
861.70825,467.4
861.82581,470.8
861.94336,469.8
862.06091,472.4
862.17847,472.0
862.29602,474.4
862.41357,467.6
862.53113,471.8
862.64862,470.6
862.76617,467.6
862.88367,470.4
863.00122,474.4
863.11871,475.6
863.23627,471.6
863.35376,468.2
863.47125,474.8
863.58881,466.2
863.7063,473.2
863.82379,475.0
863.94128,470.6
864.05878,472.4
864.17627,468.0
864.29376,470.2
864.41125,469.0
864.52869,469.0
864.64618,466.4
864.76367,469.6
864.8811,472.4
864.9986,469.8
865.11609,468.0
865.23352,471.6
865.35095,470.6
865.46844,473.2
865.58588,471.4
865.70331,473.6
865.82074,470.4
865.93823,470.6
866.05566,467.2
866.1731,471.4
866.29053,471.8
866.4079,469.0
866.52533,472.0
866.64276,473.8
866.76019,468.2
866.87756,473.6
866.995,469.2
867.11243,469.0
867.2298,474.6
867.34723,470.2
867.4646,469.4
867.58197,469.2
867.6994,475.6
867.81677,474.2
867.93414,470.4
868.05151,467.8
868.16888,471.6
868.28625,468.8
868.40363,472.0
868.521,470.6
868.63837,471.8
868.75568,469.4
868.87305,470.6
868.99042,475.0
869.10773,471.0
869.2251,474.2
869.34241,478.2
869.45978,470.0
869.57709,472.0
869.69446,470.6
869.81177,475.0
869.92908,472.8
870.04639,476.2
870.1637,469.0
870.28101,475.2
870.39832,472.4
870.51563,478.0
870.63293,472.2
870.75024,471.4
870.86749,473.6
870.9848,467.8
871.10211,469.8
871.21936,473.8
871.33667,472.2
871.45392,472.6
871.57123,472.6
871.68848,475.4
871.80573,471.6
871.92297,470.4
872.04028,469.8
872.15753,477.6
872.27478,473.0
872.39203,465.8
872.50928,471.2
872.62646,475.4
872.74371,477.0
872.86096,477.4
872.97821,472.4
873.0954,470.6
873.21265,471.6
873.32983,471.0
873.44708,471.2
873.56427,473.8
873.68152,467.8
873.79871,469.6
873.91589,472.6
874.03308,469.2
874.15027,471.0
874.26746,476.6
874.38464,467.0
874.50183,473.6
874.61902,469.0
874.73621,468.0
874.85339,469.6
874.97052,472.2
875.08771,470.2
875.2049,468.6
875.32202,468.2
875.43921,476.2
875.55634,470.0
875.67346,475.8
875.79065,469.2
875.90778,471.2
876.0249,471.2
876.14203,470.2
876.25916,470.0
876.37628,470.2
876.49341,474.6
876.61053,475.8
876.72766,471.6
876.84473,476.2
876.96185,469.0
877.07898,470.0
877.19604,472.2
877.31317,468.0
877.43024,474.0
877.54736,473.2
877.66443,475.8
877.78149,473.0
877.89856,472.6
878.01569,472.2
878.13275,470.4
878.24982,470.0
878.36688,472.4
878.48395,472.8
878.60095,468.2
878.71802,469.4
878.83508,475.8
878.95215,470.8
879.06915,474.8
879.18622,474.2
879.30322,473.4
879.42029,473.0
879.53729,472.2
879.6543,471.4
879.77136,469.8
879.88837,474.2
880.00537,470.4
880.12238,469.2
880.23938,471.0
880.35638,476.0
880.47339,471.4
880.59039,466.6
880.70734,469.4
880.82434,471.4
880.94135,470.4
881.05829,473.2
881.17529,468.4
881.29224,471.2
881.40924,471.0
881.52618,474.4
881.64313,470.8
881.76007,473.2
881.87701,469.6
881.99402,476.0
882.11096,475.0
882.22791,472.6
882.34479,470.2
882.46173,473.6
882.57867,473.6
882.69562,471.6
882.8125,473.4
882.92944,477.6
883.04639,471.2
883.16327,479.2
883.28015,473.8
883.39709,472.8
883.51398,472.6
883.63086,470.6
883.74774,477.0
883.86462,477.2
883.98157,477.6
884.09839,475.8
884.21527,475.6
884.33215,472.6
884.44904,472.6
884.56592,473.0
884.68274,471.8
884.79962,470.8
884.9165,471.0
885.03333,476.2
885.15015,471.0
885.26703,479.8
885.38385,477.8
885.50067,477.6
885.61749,470.4
885.73438,479.0
885.8512,476.6
885.96802,476.0
886.08478,474.2
886.2016,481.0
886.31842,475.6
886.43524,469.8
886.55206,481.0
886.66882,478.4
886.78564,476.4
886.9024,479.2
887.01923,474.4
887.13599,473.4
887.25275,477.4
887.36951,477.0
887.48633,478.6
887.60309,475.2
887.71985,474.2
887.83661,478.8
887.95337,477.0
888.07007,473.8
888.18683,474.0
888.30359,477.2
888.42035,479.6
888.53705,477.6
888.65381,467.8
888.77051,473.2
888.88721,478.0
889.00397,471.4
889.12067,471.0
889.23737,477.2
889.35406,475.4
889.47083,472.8
889.58752,473.4
889.70416,479.6
889.82086,473.2
889.93756,478.8
890.05426,474.8
890.17096,483.0
890.2876,477.2
890.4043,475.2
890.52094,474.4
890.63763,475.0
890.75427,479.2
890.87091,479.6
890.98761,473.6
891.10425,480.2
891.22089,474.8
891.33752,476.6
891.45416,476.0
891.5708,479.8
891.68744,474.0
891.80408,480.0
891.92065,477.4
892.03729,473.2
892.15393,481.0
892.27051,472.6
892.38715,482.2
892.50372,474.6
892.6203,478.2
892.73694,477.8
892.85352,476.0
892.97009,475.2
893.08667,480.6
893.20325,475.8
893.31982,478.0
893.4364,474.0
893.55298,475.2
893.66956,478.8
893.78607,478.4
893.90265,480.2
894.01917,480.0
894.13574,478.4
894.25226,480.6
894.36884,484.2
894.48535,478.8
894.60187,477.0
894.71838,481.6
894.8349,476.4
894.95148,479.4
895.06793,478.0
895.18445,480.4
895.30096,477.6
895.41748,483.0
895.534,474.6
895.65045,479.8
895.76697,476.0
895.88342,482.4
895.99994,477.8
896.11639,480.8
896.23291,477.0
896.34937,475.8
896.46582,478.6
896.58228,480.8
896.69873,475.6
896.81519,474.2
896.93164,477.8
897.0481,474.2
897.16455,477.6
897.28094,478.6
897.3974,473.6
897.51385,476.4
897.63025,483.8
897.7467,474.4
897.8631,475.0
897.97949,475.0
898.09595,474.0
898.21234,478.6
898.32874,481.4
898.44513,478.6
898.56152,480.0
898.67792,474.8
898.79431,475.4
898.91064,474.2
899.02704,473.8
899.14343,478.4
899.25977,472.8
899.37616,475.0
899.49249,475.4
899.60889,470.6
899.72522,475.2
899.84155,474.4
899.95789,478.0
900.07428,472.6
900.19061,476.2
900.30695,473.4
900.42322,479.2
900.53955,468.4
900.65588,472.2
900.77222,470.2
900.88849,474.8
901.00482,472.4
901.12109,472.2
901.23743,472.6
901.3537,471.8
901.47003,471.4
901.5863,474.4
901.70258,470.2
901.81885,471.4
901.93512,467.4
902.05139,468.8
902.16766,469.6
902.28394,466.6
902.40021,473.4
902.51642,472.4
902.63269,472.4
902.7489,466.8
902.86517,471.8
902.98138,468.4
903.09766,470.2
903.21387,471.6
903.33008,466.2
903.44629,475.4
903.5625,470.2
903.67871,465.2
903.79492,468.2
903.91113,469.4
904.02734,466.4
904.14355,475.6
904.2597,472.6
904.37592,467.6
904.49207,463.4
904.60828,467.2
904.72443,462.0
904.84064,465.8
904.95679,469.2
905.07294,467.2
905.18909,465.8
905.30524,469.6
905.42139,465.2
905.53754,470.2
905.65369,465.6
905.76984,464.2
905.88593,471.6
906.00208,464.4
906.11816,464.6
906.23431,463.0
906.3504,466.8
906.46655,467.2
906.58264,465.6
906.69873,470.0
906.81482,468.8
906.93091,466.4
907.047,465.2
907.16309,468.0
907.27917,464.0
907.39526,467.0
907.51135,468.6
907.62738,467.2
907.74347,463.6
907.8595,468.8
907.97559,464.8
908.09161,468.6
908.2077,465.8
908.32373,470.8
908.43976,463.8
908.55579,466.2
908.67181,467.4
908.78784,468.6
908.90387,468.2
909.0199,471.4
909.13586,469.2
909.25189,465.6
909.36792,466.6
909.48389,467.2
909.59991,471.0
909.71588,469.6
909.83185,467.8
909.94788,465.4
910.06384,466.8
910.17981,469.4
910.29578,469.0
910.41174,468.8
910.52771,462.6
910.64368,467.2
910.75958,468.8
910.87555,467.4
910.99152,466.2
911.10742,472.2
911.22339,461.0
911.33929,470.0
911.4552,463.6
911.57117,462.6
911.68707,468.6
911.80298,464.6
911.91888,467.4
912.03479,466.4
912.1507,471.4
912.2666,471.4
912.38245,468.2
912.49835,466.4
912.61426,470.2
912.7301,466.4
912.84601,470.4
792.4458,622.4
792.56488,606.2
792.68396,616.0
792.8031,608.8
792.92218,598.4
793.04126,589.8
793.16034,601.8
793.27942,595.6
793.3985,586.2
793.51758,578.0
793.63672,581.2
793.7558,580.0
793.87488,581.8
793.9939,575.2
794.11298,572.0
794.23206,569.4
794.35114,564.2
794.47021,562.0
794.58929,559.8
794.70831,554.4
794.82739,565.4
794.94647,558.4
795.06549,554.0
795.18457,555.6
795.30365,552.4
795.42267,545.0
795.54175,546.2
795.66077,548.6
795.77985,548.6
795.89886,551.0
796.01794,548.6
796.13696,544.8
796.25598,547.2
796.375,544.6
796.49408,539.0
796.6131,542.6
796.73212,535.4
796.85114,544.0
796.97015,540.0
797.08923,537.6
797.20825,538.4
797.32727,533.2
797.44629,539.0
797.56531,538.0
797.68427,537.2
797.80328,530.4
797.9223,537.6
798.04132,535.0
798.16034,533.4
798.27936,534.4
798.39832,537.2
798.51733,526.2
798.63635,531.6
798.75531,536.4
798.87433,531.2
798.99329,528.0
799.1123,526.6
799.23126,526.2
799.35028,528.4
799.46924,533.2
799.58826,529.8
799.70721,531.0
799.82617,531.2
799.94519,529.4
800.06415,524.8
800.18311,533.2
800.30206,531.2
800.42102,529.8
800.54004,535.2
800.659,528.4
800.77795,532.2
800.89691,535.2
801.01587,532.6
801.13483,531.6
801.25372,533.8
801.37268,536.0
801.49164,528.8
801.6106,535.6
801.72955,532.8
801.84845,534.6
801.96741,534.0
802.08636,537.4
802.20526,536.6
802.32422,532.8
802.44318,537.8
802.56207,534.4
802.68103,541.2
802.79993,540.8
802.91882,533.6
803.03778,527.4
803.15668,533.0
803.27557,538.2
803.39453,535.0
803.51343,537.4
803.63232,535.4
803.75122,539.2
803.87012,539.8
803.98907,534.6
804.10797,537.8
804.22687,535.2
804.34576,537.4
804.46466,539.2
804.58356,541.6
804.70239,543.8
804.82129,540.4
804.94019,540.8
805.05908,539.8
805.17798,539.8
805.29681,545.4
805.41571,542.8
805.53461,544.0
805.65344,542.2
805.77234,549.8
805.89117,548.8
806.01007,546.0
806.12891,543.8
806.2478,552.4
806.36664,547.0
806.48547,541.0
806.60437,549.8
806.72321,544.2
806.84204,551.4
806.96088,548.2
807.07971,541.4
807.19861,555.6
807.31744,548.0
807.43628,550.0
807.55511,550.0
807.67395,550.4
807.79279,552.0
807.91162,552.2
808.0304,552.8
808.14923,553.0
808.26807,546.8
808.3869,548.4
808.50568,551.0
808.62451,555.4
808.74335,554.0
808.86212,554.2
808.98096,560.4
809.09979,555.6
809.21857,549.0
809.33734,560.6
809.45618,558.8
809.57495,561.8
809.69379,557.8
809.81256,565.2
809.93134,558.6
810.05011,556.0
810.16895,560.2
810.28772,556.4
810.40649,563.4
810.52527,558.8
810.64404,561.8
810.76282,566.4
810.88159,558.4
811.00037,564.2
811.11914,558.8
811.23792,559.0
811.35663,560.4
811.4754,568.4
811.59418,562.8
811.71295,571.2
811.83167,571.2
811.95044,565.0
812.06921,567.4
812.18793,566.0
812.3067,561.0
812.42542,568.4
812.54419,561.6
812.6629,566.8
812.78162,562.2
812.90039,558.2
813.0191,557.2
813.13782,562.4
813.25653,557.0
813.37524,556.8
813.49402,562.0
813.61273,560.6
813.73145,553.0
813.85016,553.8
813.96887,558.2
814.08759,555.2
814.2063,554.4
814.32495,548.8
814.44366,549.6
814.56238,557.4
814.68109,551.8
814.79974,555.0
814.91846,552.2
815.03717,552.4
815.15582,554.8
815.27454,546.4
815.39319,545.2
815.5119,553.0
815.63055,546.2
815.74927,559.0
815.86792,550.0
815.98657,546.8
816.10529,553.4
816.22394,553.8
816.34259,558.2
816.46124,555.6
816.5799,563.8
816.69855,559.2
816.8172,563.8
816.93585,556.2
817.0545,548.6
817.17316,544.8
817.29181,544.6
817.41046,541.8
817.52911,531.0
817.64771,532.0
817.76636,524.6
817.88501,525.2
818.0036,526.6
818.12225,523.4
818.24091,520.8
818.3595,519.0
818.47815,517.2
818.59674,513.0
818.71533,508.8
818.83398,508.2
818.95258,505.8
819.07117,505.8
819.18976,511.8
819.30841,513.2
819.427,508.8
819.54559,508.8
819.66418,501.8
819.78278,508.0
819.90137,509.6
820.01996,502.2
820.13855,500.4
820.25714,501.0
820.37573,499.4
820.49426,499.8
820.61285,495.4
820.73145,497.6
820.84998,497.6
820.96857,495.4
821.08716,500.0
821.20569,495.4
821.32428,497.0
821.44281,496.4
821.56134,495.2
821.67993,496.4
821.79846,489.6
821.91699,498.0
822.03558,493.2
822.15411,492.4
822.27264,489.6
822.39117,488.4
822.5097,492.4
822.62823,490.2
822.74677,492.6
822.8653,488.0
822.98383,489.2
823.10236,491.6
823.22089,488.2
823.33942,493.6
823.45789,487.2
823.57642,495.8
823.69495,493.8
823.81342,489.0
823.93195,489.4
824.05042,495.0
824.16895,495.4
824.28741,495.6
824.40594,492.6
824.52441,489.0
824.64288,492.8
824.76141,489.8
824.87988,485.2
824.99835,491.0
825.11682,492.8
825.23529,486.6
825.35376,483.8
825.47223,482.2
825.5907,486.0
825.70917,480.8
825.82764,485.8
825.94611,485.6
826.06458,490.0
826.18304,485.0
826.30145,488.0
826.41992,486.8
826.53839,490.6
826.6568,489.6
826.77527,480.6
826.89368,484.6
827.01215,481.0
827.13055,481.8
827.24902,482.6
827.36743,478.0
827.48584,483.2
827.60431,481.0
827.72272,478.8
827.84113,483.2
827.95953,478.2
828.07794,478.2
828.19635,482.0
828.31476,480.2
828.43317,481.4
828.55157,480.2
828.66998,479.4
828.78839,479.4
828.90674,482.4
829.02515,479.4
829.14355,483.8
829.2619,482.0
829.38031,482.6
829.49872,482.2
829.61707,478.6
829.73547,482.8
829.85382,483.2
829.97217,478.2
830.09058,479.2
830.20892,476.2
830.32727,476.2
830.44562,482.4
830.56403,481.8
830.68237,478.0
830.80072,479.2
830.91907,480.8
831.03741,479.4
831.15576,482.6
831.27411,474.4
831.3924,476.8
831.51074,478.4
831.62909,473.6
831.74744,481.2
831.86572,478.2
831.98407,484.6
832.10242,482.2
832.2207,478.2
832.33905,476.6
832.45734,476.4
832.57562,477.0
832.69397,473.6
832.81226,480.8
832.93054,477.4
833.04889,479.0
833.16718,475.6
833.28546,477.0
833.40375,481.2
833.52203,475.8
833.64032,471.0
833.75861,474.8
833.87689,477.8
833.99518,478.6
834.1134,477.0
834.23169,477.8
834.34998,478.8
834.46826,482.0
834.58649,478.0
834.70477,479.2
834.823,476.8
834.94128,481.8
835.05951,478.2
835.1778,484.4
835.29602,476.2
835.41425,476.6
835.53253,477.4
835.65076,480.4
835.76898,477.2
835.88721,484.2
836.00543,486.8
836.12366,486.8
836.24188,480.4
836.36011,481.8
836.47833,489.4
836.59656,487.4
836.71478,486.2
836.83295,489.2
836.95117,484.2
837.0694,490.8
837.18756,489.2
837.30579,489.2
837.42401,491.4
837.54218,486.6
837.66034,485.6
837.77856,490.6
837.89673,490.6
838.01489,488.6
838.13312,483.8
838.25128,491.0
838.36945,488.0
838.48761,492.0
838.60577,494.4
838.72394,492.8
838.8421,489.8
838.96027,489.2
839.07843,490.4
839.19659,493.6
839.31476,492.8
839.43286,494.8
839.55103,493.2
839.66919,493.4
839.78729,488.8
839.90546,492.8
840.02356,492.8
840.14172,491.0
840.25983,489.2
840.37793,493.4
840.49609,488.2
840.6142,497.4
840.7323,490.6
840.8504,488.2
840.96851,495.6
841.08661,495.4
841.20471,495.8
841.32281,497.8
841.44092,496.2
841.55902,496.4
841.67712,490.4
841.79523,494.6
841.91327,490.0
842.03137,495.4
842.14948,493.2
842.26752,491.2
842.38562,486.0
842.50366,490.2
842.62177,486.0
842.73981,486.4
842.85791,489.2
842.97595,492.2
843.09399,488.0
843.21204,486.8
843.33008,488.0
843.44818,484.2
843.56622,481.6
843.68427,478.4
843.80231,482.8
843.92029,483.8
844.03833,481.4
844.15637,481.4
844.27441,480.2
844.39246,484.0
844.51044,481.2
844.62848,481.0
844.74646,484.8
844.8645,479.0
844.98248,481.4
845.10052,479.4
845.21851,479.4
845.33649,483.2
845.45453,486.0
845.57251,486.6
845.69049,483.6
845.80847,485.8
845.92645,481.0
846.04443,485.6
846.16241,487.2
846.2804,483.0
846.39838,482.0
846.51636,484.4
846.63434,487.8
846.75226,484.8
846.87024,487.6
846.98822,486.6
847.10614,481.0
847.22412,484.4
847.34204,483.2
847.46002,479.4
847.57794,475.0
847.69586,482.8
847.81384,477.8
847.93176,483.0
848.04968,480.0
848.1676,480.0
848.28552,479.0
848.40344,481.0
848.52136,483.8
848.63928,484.8
848.7572,479.4
848.87512,485.0
848.99304,482.6
849.1109,484.2
849.22882,482.4
849.34674,480.2
849.4646,484.0
849.58252,480.2
849.70038,483.0
849.8183,484.0
849.93616,482.8
850.05402,489.0
850.17194,486.8
850.28979,485.4
850.40765,488.2
850.52551,493.2
850.64337,491.2
850.76123,485.8
850.87909,482.0
850.99695,489.2
851.11481,486.8
851.23267,488.8
851.35046,486.4
851.46832,483.6
851.58618,480.8
851.70398,484.2
851.82184,483.2
851.93964,484.4
852.0575,485.2
852.17529,485.4
852.29315,488.0
852.41095,479.6
852.52875,479.2
852.64655,478.8
852.7644,484.6
852.8822,480.0
853.0,475.8
853.1178,485.0
853.2356,476.0
853.35333,477.8
853.47113,483.6
853.58893,479.2
853.70673,485.4
853.82446,487.0
853.94226,485.6
854.06006,480.4
854.1778,485.0
854.29559,480.6
854.41333,486.8
854.53107,489.2
854.64886,490.4
854.7666,489.2
854.88434,491.2
855.00208,494.2
855.11981,492.4
855.23761,497.4
855.35535,495.4
855.47302,499.0
855.59076,489.4
855.7085,495.6
855.82623,493.4
855.94397,494.6
856.06165,495.6
856.17938,493.8
856.29712,492.4
856.41479,502.2
856.53253,491.6
856.65021,492.8
856.76788,496.2
856.88562,491.6
857.0033,487.6
857.12097,494.6
857.23865,492.6
857.35632,490.8
857.474,493.4
857.59167,492.0
857.70935,492.6
857.82703,491.6
857.9447,489.4
858.06238,489.0
858.18005,487.6
858.29767,486.2
858.41534,488.2
858.53296,486.4
858.65063,489.2
858.76825,488.8
858.88593,489.2
859.00354,491.2
859.12115,482.8
859.23883,488.8
859.35645,483.0
859.47406,491.8
859.59167,487.4
859.70929,491.4
859.8269,483.4
859.94452,484.8
860.06213,483.6
860.17975,486.6
860.29736,486.4
860.41492,481.4
860.53253,481.8
860.65009,488.2
860.7677,481.6
860.88525,482.8
861.00287,480.0
861.12042,484.4
861.23804,484.0
861.35559,482.6
861.47314,481.2
861.5907,479.4
861.70825,473.8
861.82581,476.4
861.94336,473.6
862.06091,477.0
862.17847,476.8
862.29602,479.2
862.41357,481.0
862.53113,475.4
862.64862,476.0
862.76617,476.4
862.88367,474.0
863.00122,475.8
863.11871,477.2
863.23627,478.6
863.35376,474.6
863.47125,475.2
863.58881,478.0
863.7063,477.6
863.82379,472.2
863.94128,476.2
864.05878,478.8
864.17627,479.0
864.29376,474.2
864.41125,478.6
864.52869,470.0
864.64618,476.6
864.76367,478.0
864.8811,479.4
864.9986,474.4
865.11609,472.6
865.23352,477.2
865.35095,472.0
865.46844,474.6
865.58588,470.6
865.70331,477.4
865.82074,477.8
865.93823,475.4
866.05566,475.0
866.1731,473.2
866.29053,474.6
866.4079,473.6
866.52533,478.0
866.64276,478.0
866.76019,468.4
866.87756,477.4
866.995,479.0
867.11243,477.6
867.2298,477.2
867.34723,475.0
867.4646,476.4
867.58197,479.0
867.6994,480.6
867.81677,477.4
867.93414,474.2
868.05151,478.6
868.16888,479.8
868.28625,477.2
868.40363,483.4
868.521,477.6
868.63837,478.8
868.75568,478.2
868.87305,479.2
868.99042,486.0
869.10773,479.0
869.2251,477.2
869.34241,480.8
869.45978,479.2
869.57709,482.6
869.69446,482.0
869.81177,486.2
869.92908,477.2
870.04639,485.4
870.1637,480.0
870.28101,482.4
870.39832,484.4
870.51563,480.8
870.63293,481.8
870.75024,486.2
870.86749,479.6
870.9848,479.2
871.10211,485.0
871.21936,484.0
871.33667,483.6
871.45392,483.6
871.57123,478.6
871.68848,482.0
871.80573,483.6
871.92297,486.6
872.04028,480.6
872.15753,484.0
872.27478,478.6
872.39203,482.8
872.50928,479.6
872.62646,480.0
872.74371,481.4
872.86096,483.6
872.97821,482.6
873.0954,479.4
873.21265,479.4
873.32983,483.8
873.44708,477.2
873.56427,480.4
873.68152,474.4
873.79871,479.4
873.91589,474.6
874.03308,477.2
874.15027,480.4
874.26746,479.0
874.38464,475.0
874.50183,481.4
874.61902,478.2
874.73621,477.4
874.85339,474.8
874.97052,481.8
875.08771,478.0
875.2049,478.0
875.32202,479.6
875.43921,480.2
875.55634,474.2
875.67346,479.0
875.79065,479.2
875.90778,481.0
876.0249,479.6
876.14203,483.4
876.25916,478.6
876.37628,484.2
876.49341,479.4
876.61053,479.6
876.72766,480.4
876.84473,478.4
876.96185,478.8
877.07898,478.6
877.19604,481.0
877.31317,479.6
877.43024,479.8
877.54736,478.0
877.66443,477.4
877.78149,478.2
877.89856,480.8
878.01569,481.4
878.13275,476.8
878.24982,483.0
878.36688,478.4
878.48395,484.4
878.60095,481.6
878.71802,477.0
878.83508,480.8
878.95215,477.4
879.06915,478.2
879.18622,480.4
879.30322,475.8
879.42029,478.8
879.53729,478.6
879.6543,479.4
879.77136,474.6
879.88837,474.8
880.00537,480.2
880.12238,479.4
880.23938,475.2
880.35638,482.2
880.47339,476.6
880.59039,482.4
880.70734,478.8
880.82434,474.8
880.94135,480.8
881.05829,477.2
881.17529,476.6
881.29224,484.0
881.40924,474.2
881.52618,475.2
881.64313,475.6
881.76007,481.6
881.87701,482.6
881.99402,480.0
882.11096,480.6
882.22791,476.8
882.34479,477.4
882.46173,484.8
882.57867,479.4
882.69562,477.8
882.8125,478.0
882.92944,486.2
883.04639,475.8
883.16327,480.6
883.28015,476.4
883.39709,477.8
883.51398,480.2
883.63086,479.4
883.74774,481.0
883.86462,480.6
883.98157,478.8
884.09839,478.2
884.21527,480.2
884.33215,478.8
884.44904,485.8
884.56592,481.8
884.68274,477.2
884.79962,481.0
884.9165,482.6
885.03333,486.6
885.15015,480.6
885.26703,484.8
885.38385,482.4
885.50067,485.8
885.61749,484.4
885.73438,485.8
885.8512,486.2
885.96802,487.8
886.08478,484.4
886.2016,491.4
886.31842,487.2
886.43524,487.0
886.55206,491.4
886.66882,488.0
886.78564,483.8
886.9024,485.4
887.01923,488.8
887.13599,489.4
887.25275,489.4
887.36951,487.4
887.48633,489.4
887.60309,493.0
887.71985,487.2
887.83661,488.2
887.95337,483.4
888.07007,477.4
888.18683,481.6
888.30359,481.6
888.42035,481.2
888.53705,482.0
888.65381,474.6
888.77051,481.4
888.88721,478.6
889.00397,476.0
889.12067,477.4
889.23737,480.2
889.35406,477.2
889.47083,480.4
889.58752,474.0
889.70416,477.6
889.82086,477.2
889.93756,479.0
890.05426,475.6
890.17096,480.4
890.2876,474.6
890.4043,472.0
890.52094,478.0
890.63763,473.4
890.75427,474.2
890.87091,478.2
890.98761,472.8
891.10425,476.8
891.22089,475.0
891.33752,480.0
891.45416,473.2
891.5708,483.2
891.68744,480.6
891.80408,478.6
891.92065,477.2
892.03729,474.4
892.15393,477.6
892.27051,479.4
892.38715,478.6
892.50372,477.8
892.6203,479.4
892.73694,480.4
892.85352,479.0
892.97009,480.2
893.08667,480.4
893.20325,479.0
893.31982,479.8
893.4364,481.4
893.55298,476.0
893.66956,482.0
893.78607,482.0
893.90265,478.6
894.01917,483.2
894.13574,483.8
894.25226,484.0
894.36884,481.4
894.48535,486.0
894.60187,481.2
894.71838,476.8
894.8349,483.4
894.95148,481.8
895.06793,481.0
895.18445,483.6
895.30096,481.2
895.41748,479.6
895.534,480.4
895.65045,480.8
895.76697,478.2
895.88342,483.2
895.99994,474.6
896.11639,483.2
896.23291,480.4
896.34937,471.6
896.46582,478.4
896.58228,482.6
896.69873,477.4
896.81519,481.8
896.93164,479.4
897.0481,480.8
897.16455,479.6
897.28094,482.2
897.3974,479.6
897.51385,482.6
897.63025,480.0
897.7467,483.2
897.8631,477.8
897.97949,480.6
898.09595,477.6
898.21234,476.2
898.32874,481.6
898.44513,480.0
898.56152,482.0
898.67792,476.0
898.79431,472.6
898.91064,481.8
899.02704,472.6
899.14343,478.6
899.25977,476.4
899.37616,472.0
899.49249,479.0
899.60889,471.6
899.72522,475.2
899.84155,479.0
899.95789,485.6
900.07428,473.0
900.19061,475.8
900.30695,479.0
900.42322,478.0
900.53955,473.6
900.65588,472.6
900.77222,474.8
900.88849,476.6
901.00482,473.6
901.12109,474.4
901.23743,473.6
901.3537,472.2
901.47003,476.6
901.5863,476.2
901.70258,468.4
901.81885,473.4
901.93512,479.6
902.05139,476.8
902.16766,476.4
902.28394,475.4
902.40021,473.8
902.51642,475.0
902.63269,477.4
902.7489,477.0
902.86517,472.2
902.98138,474.0
903.09766,478.6
903.21387,470.2
903.33008,471.8
903.44629,476.2
903.5625,474.8
903.67871,471.4
903.79492,473.6
903.91113,473.4
904.02734,470.2
904.14355,477.4
904.2597,473.6
904.37592,470.6
904.49207,473.6
904.60828,470.0
904.72443,471.4
904.84064,470.2
904.95679,470.0
905.07294,472.4
905.18909,465.8
905.30524,467.8
905.42139,466.8
905.53754,470.6
905.65369,467.8
905.76984,465.2
905.88593,463.2
906.00208,470.4
906.11816,468.4
906.23431,468.8
906.3504,467.4
906.46655,472.2
906.58264,468.8
906.69873,468.6
906.81482,468.4
906.93091,470.8
907.047,471.4
907.16309,469.6
907.27917,465.6
907.39526,470.8
907.51135,466.4
907.62738,464.2
907.74347,466.8
907.8595,467.2
907.97559,469.4
908.09161,470.4
908.2077,469.2
908.32373,468.4
908.43976,472.4
908.55579,467.2
908.67181,467.2
908.78784,467.8
908.90387,467.0
909.0199,469.4
909.13586,468.2
909.25189,470.8
909.36792,468.6
909.48389,467.2
909.59991,472.2
909.71588,470.2
909.83185,469.8
909.94788,470.0
910.06384,468.0
910.17981,470.8
910.29578,469.2
910.41174,470.0
910.52771,471.2
910.64368,467.2
910.75958,466.4
910.87555,470.2
910.99152,466.0
911.10742,472.8
911.22339,467.8
911.33929,471.2
911.4552,471.4
911.57117,462.8
911.68707,471.0
911.80298,466.2
911.91888,472.2
912.03479,468.8
912.1507,470.0
912.2666,470.0
912.38245,473.4
912.49835,467.8
912.61426,469.2
912.7301,472.2
912.84601,464.8
792.4458,532.6
792.56488,530.6
792.68396,541.8
792.8031,540.0
792.92218,527.0
793.04126,525.8
793.16034,528.4
793.27942,530.0
793.3985,524.2
793.51758,517.6
793.63672,519.8
793.7558,518.0
793.87488,527.0
793.9939,524.2
794.11298,518.8
794.23206,516.6
794.35114,513.6
794.47021,513.0
794.58929,509.0
794.70831,509.6
794.82739,513.6
794.94647,511.4
795.06549,508.6
795.18457,510.6
795.30365,510.0
795.42267,507.8
795.54175,506.8
795.66077,505.6
795.77985,506.6
795.89886,506.6
796.01794,508.6
796.13696,504.4
796.25598,508.2
796.375,504.6
796.49408,506.6
796.6131,507.6
796.73212,505.8
796.85114,504.6
796.97015,503.6
797.08923,497.8
797.20825,500.4
797.32727,506.2
797.44629,500.0
797.56531,502.4
797.68427,499.8
797.80328,497.4
797.9223,505.8
798.04132,502.0
798.16034,502.8
798.27936,498.6
798.39832,503.4
798.51733,499.8
798.63635,501.4
798.75531,502.6
798.87433,503.0
798.99329,496.4
799.1123,499.4
799.23126,499.2
799.35028,502.6
799.46924,500.0
799.58826,504.2
799.70721,499.0
799.82617,500.8
799.94519,499.8
800.06415,498.8
800.18311,499.6
800.30206,506.2
800.42102,499.4
800.54004,496.4
800.659,502.2
800.77795,504.0
800.89691,505.4
801.01587,502.6
801.13483,500.0
801.25372,505.4
801.37268,501.6
801.49164,505.2
801.6106,503.6
801.72955,504.8
801.84845,505.2
801.96741,503.2
802.08636,503.8
802.20526,505.4
802.32422,511.6
802.44318,506.0
802.56207,504.8
802.68103,501.6
802.79993,505.8
802.91882,502.8
803.03778,507.0
803.15668,508.6
803.27557,512.2
803.39453,508.0
803.51343,505.6
803.63232,506.6
803.75122,506.8
803.87012,508.6
803.98907,508.6
804.10797,514.0
804.22687,502.8
804.34576,508.8
804.46466,511.4
804.58356,510.6
804.70239,512.8
804.82129,506.6
804.94019,509.8
805.05908,509.4
805.17798,513.0
805.29681,514.4
805.41571,514.6
805.53461,514.8
805.65344,511.2
805.77234,513.0
805.89117,516.8
806.01007,517.4
806.12891,509.4
806.2478,510.4
806.36664,514.4
806.48547,510.0
806.60437,508.0
806.72321,515.4
806.84204,514.8
806.96088,516.6
807.07971,512.8
807.19861,512.8
807.31744,518.2
807.43628,515.4
807.55511,516.0
807.67395,516.2
807.79279,519.2
807.91162,514.2
808.0304,527.0
808.14923,514.4
808.26807,521.8
808.3869,519.0
808.50568,519.8
808.62451,516.6
808.74335,515.4
808.86212,523.6
808.98096,522.0
809.09979,520.0
809.21857,523.4
809.33734,521.4
809.45618,520.6
809.57495,523.0
809.69379,518.4
809.81256,526.0
809.93134,524.2
810.05011,522.8
810.16895,520.0
810.28772,516.4
810.40649,524.0
810.52527,525.6
810.64404,518.4
810.76282,523.0
810.88159,528.4
811.00037,525.6
811.11914,520.4
811.23792,519.4
811.35663,523.4
811.4754,524.8
811.59418,525.4
811.71295,528.2
811.83167,524.2
811.95044,522.8
812.06921,524.8
812.18793,523.6
812.3067,527.0
812.42542,523.8
812.54419,527.0
812.6629,526.4
812.78162,519.6
812.90039,518.4
813.0191,522.4
813.13782,518.4
813.25653,517.4
813.37524,518.8
813.49402,523.2
813.61273,526.2
813.73145,520.0
813.85016,523.2
813.96887,522.2
814.08759,521.0
814.2063,514.2
814.32495,521.0
814.44366,519.2
814.56238,522.0
814.68109,515.4
814.79974,518.6
814.91846,521.0
815.03717,517.8
815.15582,518.4
815.27454,520.6
815.39319,512.8
815.5119,512.8
815.63055,510.2
815.74927,518.8
815.86792,520.0
815.98657,518.0
816.10529,520.6
816.22394,516.2
816.34259,512.4
816.46124,520.8
816.5799,524.2
816.69855,524.8
816.8172,517.4
816.93585,513.4
817.0545,513.0
817.17316,515.8
817.29181,509.6
817.41046,506.4
817.52911,504.8
817.64771,507.2
817.76636,500.0
817.88501,502.0
818.0036,499.8
818.12225,502.2
818.24091,498.6
818.3595,496.4
818.47815,495.8
818.59674,495.2
818.71533,496.4
818.83398,490.2
818.95258,492.8
819.07117,491.4
819.18976,489.8
819.30841,487.6
819.427,491.4
819.54559,483.4
819.66418,485.4
819.78278,489.2
819.90137,487.8
820.01996,493.4
820.13855,484.2
820.25714,489.6
820.37573,481.2
820.49426,489.2
820.61285,482.8
820.73145,486.0
820.84998,483.2
820.96857,483.6
821.08716,486.6
821.20569,483.8
821.32428,484.4
821.44281,482.4
821.56134,481.2
821.67993,481.6
821.79846,478.6
821.91699,482.6
822.03558,485.8
822.15411,483.2
822.27264,483.2
822.39117,482.6
822.5097,474.0
822.62823,481.0
822.74677,479.2
822.8653,478.2
822.98383,484.2
823.10236,480.6
823.22089,481.0
823.33942,483.2
823.45789,475.8
823.57642,481.6
823.69495,474.8
823.81342,477.8
823.93195,477.6
824.05042,483.0
824.16895,481.2
824.28741,482.0
824.40594,481.6
824.52441,474.6
824.64288,482.4
824.76141,477.6
824.87988,475.4
824.99835,474.0
825.11682,475.6
825.23529,480.0
825.35376,475.8
825.47223,472.2
825.5907,475.2
825.70917,473.6
825.82764,475.8
825.94611,476.6
826.06458,475.2
826.18304,475.6
826.30145,477.2
826.41992,474.0
826.53839,477.2
826.6568,473.6
826.77527,473.8
826.89368,476.4
827.01215,474.2
827.13055,472.2
827.24902,473.0
827.36743,472.0
827.48584,469.0
827.60431,472.8
827.72272,472.4
827.84113,470.0
827.95953,467.4
828.07794,471.4
828.19635,470.0
828.31476,472.2
828.43317,476.0
828.55157,475.2
828.66998,469.8
828.78839,478.0
828.90674,477.4
829.02515,468.2
829.14355,474.4
829.2619,475.0
829.38031,472.8
829.49872,472.6
829.61707,470.4
829.73547,476.0
829.85382,471.8
829.97217,471.2
830.09058,471.2
830.20892,469.8
830.32727,470.6
830.44562,479.2
830.56403,469.0
830.68237,469.2
830.80072,470.0
830.91907,470.4
831.03741,466.8
831.15576,478.0
831.27411,473.4
831.3924,468.8
831.51074,477.6
831.62909,466.8
831.74744,468.0
831.86572,474.4
831.98407,468.4
832.10242,470.8
832.2207,472.4
832.33905,470.6
832.45734,471.4
832.57562,471.2
832.69397,468.4
832.81226,476.4
832.93054,469.8
833.04889,471.6
833.16718,470.2
833.28546,468.8
833.40375,477.4
833.52203,472.6
833.64032,466.6
833.75861,470.8
833.87689,470.8
833.99518,475.6
834.1134,469.0
834.23169,473.4
834.34998,474.0
834.46826,466.0
834.58649,470.6
834.70477,475.0
834.823,465.2
834.94128,473.2
835.05951,473.8
835.1778,476.2
835.29602,470.4
835.41425,469.6
835.53253,473.2
835.65076,473.4
835.76898,476.8
835.88721,478.8
836.00543,479.4
836.12366,479.0
836.24188,474.8
836.36011,478.6
836.47833,470.8
836.59656,479.2
836.71478,475.8
836.83295,478.2
836.95117,473.6
837.0694,476.4
837.18756,473.6
837.30579,474.8
837.42401,474.0
837.54218,471.8
837.66034,479.4
837.77856,478.4
837.89673,477.4
838.01489,480.6
838.13312,476.6
838.25128,475.2
838.36945,475.6
838.48761,480.0
838.60577,476.6
838.72394,478.2
838.8421,479.0
838.96027,478.2
839.07843,478.6
839.19659,473.8
839.31476,475.6
839.43286,484.0
839.55103,475.6
839.66919,474.6
839.78729,477.4
839.90546,473.2
840.02356,471.6
840.14172,476.6
840.25983,471.0
840.37793,471.8
840.49609,477.8
840.6142,473.6
840.7323,478.2
840.8504,474.8
840.96851,471.4
841.08661,471.4
841.20471,476.6
841.32281,477.0
841.44092,472.2
841.55902,477.2
841.67712,471.0
841.79523,474.6
841.91327,471.6
842.03137,473.2
842.14948,476.8
842.26752,473.8
842.38562,468.6
842.50366,472.8
842.62177,474.6
842.73981,473.6
842.85791,470.8
842.97595,472.4
843.09399,471.6
843.21204,474.0
843.33008,470.2
843.44818,471.4
843.56622,469.8
843.68427,474.6
843.80231,471.8
843.92029,466.4
844.03833,469.4
844.15637,473.8
844.27441,470.8
844.39246,475.0
844.51044,472.0
844.62848,469.6
844.74646,472.6
844.8645,468.0
844.98248,473.0
845.10052,468.8
845.21851,470.2
845.33649,470.4
845.45453,469.0
845.57251,473.4
845.69049,472.8
845.80847,474.2
845.92645,470.0
846.04443,471.0
846.16241,470.0
846.2804,471.6
846.39838,468.6
846.51636,473.2
846.63434,467.2
846.75226,471.4
846.87024,472.6
846.98822,472.2
847.10614,469.4
847.22412,475.8
847.34204,472.4
847.46002,470.4
847.57794,470.6
847.69586,473.0
847.81384,467.0
847.93176,471.0
848.04968,467.6
848.1676,470.2
848.28552,472.4
848.40344,472.4
848.52136,466.0
848.63928,469.0
848.7572,471.2
848.87512,474.2
848.99304,469.2
849.1109,468.0
849.22882,467.8
849.34674,471.2
849.4646,468.2
849.58252,472.2
849.70038,471.0
849.8183,473.4
849.93616,470.0
850.05402,474.4
850.17194,474.4
850.28979,473.0
850.40765,472.6
850.52551,465.8
850.64337,474.4
850.76123,469.2
850.87909,468.0
850.99695,474.0
851.11481,467.2
851.23267,470.0
851.35046,473.0
851.46832,467.4
851.58618,472.8
851.70398,470.0
851.82184,472.0
851.93964,471.8
852.0575,472.4
852.17529,475.4
852.29315,478.2
852.41095,470.4
852.52875,474.4
852.64655,471.2
852.7644,469.6
852.8822,471.6
853.0,473.6
853.1178,473.4
853.2356,466.2
853.35333,471.0
853.47113,474.2
853.58893,469.2
853.70673,468.8
853.82446,477.8
853.94226,472.2
854.06006,471.2
854.1778,470.2
854.29559,476.4
854.41333,472.8
854.53107,468.8
854.64886,475.2
854.7666,476.6
854.88434,470.6
855.00208,478.4
855.11981,477.2
855.23761,473.6
855.35535,475.6
855.47302,478.2
855.59076,476.4
855.7085,472.6
855.82623,480.8
855.94397,479.0
856.06165,477.8
856.17938,475.2
856.29712,476.8
856.41479,473.0
856.53253,471.2
856.65021,478.6
856.76788,476.0
856.88562,475.0
857.0033,475.2
857.12097,476.6
857.23865,475.0
857.35632,470.0
857.474,473.6
857.59167,477.0
857.70935,472.2
857.82703,472.0
857.9447,476.4
858.06238,478.2
858.18005,475.2
858.29767,472.8
858.41534,473.6
858.53296,475.4
858.65063,475.0
858.76825,476.2
858.88593,472.2
859.00354,475.0
859.12115,469.2
859.23883,468.6
859.35645,469.8
859.47406,473.8
859.59167,466.8
859.70929,476.2
859.8269,472.0
859.94452,471.6
860.06213,476.2
860.17975,475.4
860.29736,470.4
860.41492,468.2
860.53253,471.8
860.65009,472.0
860.7677,470.0
860.88525,473.8
861.00287,472.6
861.12042,472.6
861.23804,471.0
861.35559,472.2
861.47314,476.8
861.5907,468.0
861.70825,468.4
861.82581,468.4
861.94336,468.2
862.06091,471.8
862.17847,469.4
862.29602,465.8
862.41357,468.8
862.53113,469.4
862.64862,467.4
862.76617,462.2
862.88367,466.4
863.00122,472.0
863.11871,470.0
863.23627,471.0
863.35376,466.6
863.47125,471.4
863.58881,466.6
863.7063,468.6
863.82379,469.0
863.94128,468.2
864.05878,474.4
864.17627,470.6
864.29376,466.4
864.41125,474.6
864.52869,468.0
864.64618,468.8
864.76367,471.4
864.8811,466.8
864.9986,468.8
865.11609,470.6
865.23352,468.0
865.35095,464.8
865.46844,465.0
865.58588,467.8
865.70331,469.8
865.82074,470.8
865.93823,470.0
866.05566,470.4
866.1731,469.4
866.29053,469.6
866.4079,470.0
866.52533,473.0
866.64276,468.4
866.76019,469.4
866.87756,469.0
866.995,467.8
867.11243,467.8
867.2298,470.2
867.34723,466.4
867.4646,468.0
867.58197,474.2
867.6994,470.2
867.81677,469.2
867.93414,469.6
868.05151,467.2
868.16888,470.8
868.28625,467.8
868.40363,473.2
868.521,472.4
868.63837,468.0
868.75568,466.2
868.87305,467.6
868.99042,468.6
869.10773,470.8
869.2251,474.6
869.34241,472.2
869.45978,471.0
869.57709,474.4
869.69446,470.4
869.81177,471.8
869.92908,471.6
870.04639,471.6
870.1637,471.2
870.28101,470.2
870.39832,469.2
870.51563,469.2
870.63293,469.2
870.75024,470.0
870.86749,471.6
870.9848,469.8
871.10211,473.0
871.21936,472.2
871.33667,472.0
871.45392,470.6
871.57123,470.6
871.68848,463.8
871.80573,471.8
871.92297,475.0
872.04028,467.0
872.15753,470.2
872.27478,468.8
872.39203,473.2
872.50928,467.2
872.62646,473.4
872.74371,469.8
872.86096,475.2
872.97821,472.8
873.0954,473.4
873.21265,473.0
873.32983,471.6
873.44708,468.4
873.56427,467.4
873.68152,471.6
873.79871,468.4
873.91589,471.6
874.03308,468.2
874.15027,470.6
874.26746,466.0
874.38464,468.0
874.50183,468.8
874.61902,471.6
874.73621,475.4
874.85339,467.6
874.97052,465.4
875.08771,469.0
875.2049,467.4
875.32202,469.4
875.43921,468.2
875.55634,471.6
875.67346,473.6
875.79065,465.0
875.90778,470.6
876.0249,466.6
876.14203,469.8
876.25916,467.6
876.37628,471.0
876.49341,470.0
876.61053,472.6
876.72766,468.6
876.84473,475.8
876.96185,470.0
877.07898,471.2
877.19604,473.8
877.31317,472.0
877.43024,469.0
877.54736,469.4
877.66443,471.0
877.78149,474.0
877.89856,475.6
878.01569,474.0
878.13275,468.0
878.24982,471.0
878.36688,472.4
878.48395,473.0
878.60095,474.0
878.71802,464.6
878.83508,470.2
878.95215,472.2
879.06915,464.2
879.18622,472.0
879.30322,471.2
879.42029,469.6
879.53729,477.0
879.6543,471.0
879.77136,464.8
879.88837,469.8
880.00537,471.4
880.12238,470.8
880.23938,466.2
880.35638,471.8
880.47339,466.8
880.59039,469.6
880.70734,466.6
880.82434,470.2
880.94135,468.0
881.05829,473.0
881.17529,466.6
881.29224,470.8
881.40924,469.4
881.52618,468.2
881.64313,465.4
881.76007,472.6
881.87701,474.4
881.99402,474.6
882.11096,474.8
882.22791,469.8
882.34479,469.6
882.46173,471.8
882.57867,473.6
882.69562,472.4
882.8125,471.6
882.92944,472.0
883.04639,470.2
883.16327,479.0
883.28015,470.4
883.39709,470.2
883.51398,469.0
883.63086,472.4
883.74774,469.6
883.86462,470.2
883.98157,473.2
884.09839,469.0
884.21527,470.0
884.33215,471.4
884.44904,474.0
884.56592,471.2
884.68274,472.2
884.79962,475.2
884.9165,470.2
885.03333,471.4
885.15015,470.6
885.26703,475.2
885.38385,469.0
885.50067,473.8
885.61749,472.2
885.73438,474.4
885.8512,473.6
885.96802,474.6
886.08478,476.2
886.2016,475.0
886.31842,473.6
886.43524,471.8
886.55206,471.6
886.66882,477.8
886.78564,471.4
886.9024,474.2
887.01923,474.6
887.13599,478.2
887.25275,475.8
887.36951,473.4
887.48633,471.8
887.60309,475.0
887.71985,474.4
887.83661,476.0
887.95337,474.8
888.07007,472.2
888.18683,473.2
888.30359,474.2
888.42035,470.4
888.53705,475.6
888.65381,467.8
888.77051,472.2
888.88721,473.6
889.00397,476.4
889.12067,475.4
889.23737,474.4
889.35406,479.0
889.47083,470.6
889.58752,472.6
889.70416,473.0
889.82086,473.0
889.93756,476.4
890.05426,471.4
890.17096,472.8
890.2876,473.8
890.4043,477.0
890.52094,473.6
890.63763,473.6
890.75427,478.4
890.87091,469.8
890.98761,471.2
891.10425,473.2
891.22089,474.2
891.33752,477.6
891.45416,474.6
891.5708,474.0
891.68744,473.0
891.80408,473.4
891.92065,474.8
892.03729,471.2
892.15393,472.2
892.27051,480.8
892.38715,472.8
892.50372,470.2
892.6203,473.4
892.73694,474.0
892.85352,475.2
892.97009,474.4
893.08667,477.8
893.20325,471.0
893.31982,477.2
893.4364,478.8
893.55298,475.4
893.66956,478.4
893.78607,479.8
893.90265,478.0
894.01917,476.8
894.13574,478.4
894.25226,475.8
894.36884,478.2
894.48535,476.8
894.60187,477.6
894.71838,478.6
894.8349,481.8
894.95148,476.2
895.06793,478.0
895.18445,478.2
895.30096,477.0
895.41748,472.0
895.534,475.0
895.65045,471.2
895.76697,475.4
895.88342,484.8
895.99994,472.0
896.11639,479.2
896.23291,478.2
896.34937,476.0
896.46582,477.2
896.58228,478.4
896.69873,476.2
896.81519,476.4
896.93164,478.8
897.0481,478.2
897.16455,483.0
897.28094,478.2
897.3974,472.8
897.51385,476.8
897.63025,479.0
897.7467,476.8
897.8631,474.6
897.97949,476.6
898.09595,476.6
898.21234,470.2
898.32874,474.6
898.44513,474.2
898.56152,475.6
898.67792,478.0
898.79431,472.8
898.91064,475.0
899.02704,470.2
899.14343,476.0
899.25977,469.2
899.37616,471.8
899.49249,473.2
899.60889,470.6
899.72522,467.6
899.84155,473.2
899.95789,475.4
900.07428,472.4
900.19061,473.2
900.30695,468.8
900.42322,473.8
900.53955,465.6
900.65588,472.0
900.77222,471.2
900.88849,469.8
901.00482,471.6
901.12109,470.8
901.23743,468.8
901.3537,471.0
901.47003,465.8
901.5863,469.4
901.70258,467.6
901.81885,468.6
901.93512,473.0
902.05139,470.4
902.16766,468.0
902.28394,468.0
902.40021,463.6
902.51642,474.2
902.63269,468.4
902.7489,476.2
902.86517,466.4
902.98138,466.8
903.09766,472.8
903.21387,468.8
903.33008,470.2
903.44629,471.8
903.5625,465.6
903.67871,471.2
903.79492,469.8
903.91113,468.6
904.02734,465.8
904.14355,468.2
904.2597,467.4
904.37592,465.8
904.49207,466.0
904.60828,466.6
904.72443,466.2
904.84064,467.8
904.95679,464.2
905.07294,471.4
905.18909,463.8
905.30524,462.2
905.42139,463.8
905.53754,465.2
905.65369,468.2
905.76984,463.0
905.88593,466.0
906.00208,469.0
906.11816,466.4
906.23431,466.6
906.3504,465.0
906.46655,465.6
906.58264,460.4
906.69873,466.2
906.81482,465.8
906.93091,465.2
907.047,462.4
907.16309,472.0
907.27917,465.0
907.39526,467.4
907.51135,466.8
907.62738,462.4
907.74347,471.2
907.8595,463.8
907.97559,468.0
908.09161,466.6
908.2077,465.2
908.32373,464.4
908.43976,463.0
908.55579,462.2
908.67181,464.8
908.78784,465.0
908.90387,468.2
909.0199,463.8
909.13586,470.6
909.25189,467.2
909.36792,466.0
909.48389,464.6
909.59991,468.8
909.71588,465.0
909.83185,468.4
909.94788,464.4
910.06384,470.6
910.17981,470.0
910.29578,469.0
910.41174,465.0
910.52771,465.6
910.64368,466.6
910.75958,460.4
910.87555,464.0
910.99152,469.2
911.10742,470.4
911.22339,465.8
911.33929,470.6
911.4552,465.0
911.57117,467.8
911.68707,469.6
911.80298,470.0
911.91888,464.8
912.03479,465.0
912.1507,472.2
912.2666,463.0
912.38245,466.8
912.49835,470.6
912.61426,468.2
912.7301,467.4
912.84601,470.4
792.4458,577.4
792.56488,572.4
792.68396,580.8
792.8031,581.8
792.92218,560.4
793.04126,558.4
793.16034,565.4
793.27942,566.4
793.3985,558.4
793.51758,552.0
793.63672,547.6
793.7558,554.4
793.87488,550.0
793.9939,550.2
794.11298,547.8
794.23206,541.2
794.35114,545.8
794.47021,535.2
794.58929,534.2
794.70831,536.0
794.82739,541.0
794.94647,533.4
795.06549,539.2
795.18457,530.8
795.30365,534.6
795.42267,530.4
795.54175,529.4
795.66077,526.0
795.77985,527.2
795.89886,530.0
796.01794,530.0
796.13696,528.0
796.25598,533.0
796.375,525.4
796.49408,526.6
796.6131,525.2
796.73212,526.8
796.85114,528.2
796.97015,525.6
797.08923,521.6
797.20825,523.0
797.32727,520.0
797.44629,523.0
797.56531,519.4
797.68427,522.2
797.80328,521.2
797.9223,521.2
798.04132,517.8
798.16034,521.2
798.27936,521.8
798.39832,523.2
798.51733,516.2
798.63635,518.4
798.75531,518.0
798.87433,515.0
798.99329,517.4
799.1123,515.6
799.23126,519.0
799.35028,521.4
799.46924,516.6
799.58826,519.4
799.70721,515.2
799.82617,518.2
799.94519,513.4
800.06415,519.8
800.18311,518.0
800.30206,517.8
800.42102,515.0
800.54004,518.0
800.659,516.8
800.77795,516.6
800.89691,517.8
801.01587,520.2
801.13483,516.6
801.25372,518.0
801.37268,518.4
801.49164,517.2
801.6106,522.4
801.72955,522.8
801.84845,520.6
801.96741,529.0
802.08636,524.4
802.20526,524.4
802.32422,520.2
802.44318,524.2
802.56207,519.8
802.68103,525.2
802.79993,525.2
802.91882,525.6
803.03778,519.2
803.15668,523.4
803.27557,523.8
803.39453,522.8
803.51343,520.4
803.63232,530.2
803.75122,525.8
803.87012,528.0
803.98907,524.6
804.10797,524.6
804.22687,525.2
804.34576,522.0
804.46466,523.0
804.58356,525.8
804.70239,523.2
804.82129,529.2
804.94019,523.8
805.05908,526.8
805.17798,522.6
805.29681,531.2
805.41571,529.2
805.53461,532.8
805.65344,530.0
805.77234,535.2
805.89117,528.2
806.01007,534.4
806.12891,529.0
806.2478,527.2
806.36664,533.8
806.48547,531.4
806.60437,531.6
806.72321,533.8
806.84204,528.8
806.96088,532.2
807.07971,531.2
807.19861,536.4
807.31744,537.0
807.43628,532.4
807.55511,533.8
807.67395,533.4
807.79279,534.2
807.91162,532.0
808.0304,539.6
808.14923,537.0
808.26807,532.0
808.3869,537.8
808.50568,540.0
808.62451,541.2
808.74335,538.6
808.86212,540.0
808.98096,544.4
809.09979,544.2
809.21857,539.2
809.33734,542.0
809.45618,536.0
809.57495,542.8
809.69379,544.6
809.81256,540.4
809.93134,542.0
810.05011,544.0
810.16895,541.0
810.28772,538.4
810.40649,544.0
810.52527,545.4
810.64404,539.4
810.76282,550.8
810.88159,544.8
811.00037,539.0
811.11914,541.4
811.23792,543.0
811.35663,544.6
811.4754,549.0
811.59418,547.0
811.71295,550.2
811.83167,547.0
811.95044,544.4
812.06921,545.2
812.18793,545.4
812.3067,543.0
812.42542,543.6
812.54419,542.2
812.6629,551.8
812.78162,540.2
812.90039,543.4
813.0191,542.6
813.13782,544.4
813.25653,536.2
813.37524,535.6
813.49402,542.6
813.61273,547.4
813.73145,536.6
813.85016,542.8
813.96887,538.0
814.08759,539.2
814.2063,543.8
814.32495,537.2
814.44366,539.2
814.56238,540.8
814.68109,540.4
814.79974,535.2
814.91846,538.4
815.03717,537.8
815.15582,537.8
815.27454,534.8
815.39319,530.2
815.5119,539.4
815.63055,531.6
815.74927,538.8
815.86792,533.2
815.98657,535.4
816.10529,538.0
816.22394,539.6
816.34259,531.0
816.46124,549.0
816.5799,542.0
816.69855,546.6
816.8172,540.2
816.93585,535.8
817.0545,538.0
817.17316,532.8
817.29181,522.8
817.41046,526.6
817.52911,521.0
817.64771,520.8
817.76636,514.2
817.88501,517.2
818.0036,508.2
818.12225,518.0
818.24091,507.2
818.3595,504.6
818.47815,500.8
818.59674,507.0
818.71533,501.2
818.83398,504.6
818.95258,498.6
819.07117,496.6
819.18976,496.4
819.30841,499.2
819.427,499.4
819.54559,496.2
819.66418,495.6
819.78278,499.2
819.90137,495.8
820.01996,496.8
820.13855,490.8
820.25714,492.8
820.37573,491.2
820.49426,491.6
820.61285,493.2
820.73145,492.4
820.84998,485.2
820.96857,489.6
821.08716,488.4
821.20569,487.0
821.32428,487.6
821.44281,488.4
821.56134,490.0
821.67993,484.4
821.79846,487.8
821.91699,487.8
822.03558,489.8
822.15411,493.2
822.27264,488.0
822.39117,488.2
822.5097,482.0
822.62823,487.8
822.74677,487.4
822.8653,481.4
822.98383,483.2
823.10236,485.8
823.22089,488.0
823.33942,488.4
823.45789,487.6
823.57642,487.8
823.69495,484.8
823.81342,489.4
823.93195,484.6
824.05042,488.2
824.16895,483.6
824.28741,489.2
824.40594,492.2
824.52441,485.4
824.64288,485.0
824.76141,485.4
824.87988,480.2
824.99835,484.6
825.11682,480.4
825.23529,482.2
825.35376,481.8
825.47223,480.0
825.5907,482.4
825.70917,480.8
825.82764,478.6
825.94611,481.8
826.06458,475.0
826.18304,482.0
826.30145,479.2
826.41992,478.6
826.53839,474.4
826.6568,477.4
826.77527,479.2
826.89368,478.6
827.01215,476.0
827.13055,475.6
827.24902,476.6
827.36743,482.6
827.48584,476.8
827.60431,475.2
827.72272,476.6
827.84113,476.4
827.95953,475.8
828.07794,471.8
828.19635,474.0
828.31476,475.0
828.43317,474.2
828.55157,477.2
828.66998,477.6
828.78839,471.4
828.90674,475.6
829.02515,479.8
829.14355,480.6
829.2619,476.0
829.38031,474.4
829.49872,476.4
829.61707,475.8
829.73547,477.4
829.85382,474.4
829.97217,475.8
830.09058,472.0
830.20892,472.8
830.32727,471.6
830.44562,479.0
830.56403,477.6
830.68237,478.8
830.80072,475.4
830.91907,478.4
831.03741,475.6
831.15576,480.4
831.27411,470.6
831.3924,473.0
831.51074,472.0
831.62909,475.0
831.74744,471.2
831.86572,478.2
831.98407,473.0
832.10242,477.6
832.2207,474.6
832.33905,474.0
832.45734,472.2
832.57562,473.8
832.69397,476.2
832.81226,475.6
832.93054,476.0
833.04889,471.4
833.16718,471.0
833.28546,472.2
833.40375,478.6
833.52203,474.4
833.64032,475.0
833.75861,478.2
833.87689,473.0
833.99518,476.6
834.1134,473.2
834.23169,475.8
834.34998,474.4
834.46826,476.6
834.58649,472.4
834.70477,475.6
834.823,471.6
834.94128,475.6
835.05951,476.2
835.1778,480.4
835.29602,474.2
835.41425,472.6
835.53253,473.4
835.65076,476.0
835.76898,478.2
835.88721,479.4
836.00543,476.0
836.12366,478.0
836.24188,479.6
836.36011,484.0
836.47833,482.0
836.59656,478.4
836.71478,481.6
836.83295,484.0
836.95117,478.0
837.0694,482.2
837.18756,480.4
837.30579,481.4
837.42401,479.0
837.54218,486.0
837.66034,479.8
837.77856,483.6
837.89673,479.6
838.01489,489.8
838.13312,480.2
838.25128,479.4
838.36945,482.4
838.48761,486.2
838.60577,489.8
838.72394,485.2
838.8421,486.8
838.96027,488.2
839.07843,480.6
839.19659,483.4
839.31476,482.4
839.43286,482.8
839.55103,484.6
839.66919,484.2
839.78729,472.4
839.90546,486.6
840.02356,480.8
840.14172,484.0
840.25983,476.6
840.37793,481.6
840.49609,484.0
840.6142,487.8
840.7323,481.4
840.8504,481.4
840.96851,483.4
841.08661,484.0
841.20471,485.6
841.32281,487.4
841.44092,484.2
841.55902,480.0
841.67712,483.8
841.79523,485.8
841.91327,482.0
842.03137,483.8
842.14948,481.6
842.26752,480.4
842.38562,479.8
842.50366,479.2
842.62177,475.2
842.73981,478.6
842.85791,476.0
842.97595,475.6
843.09399,475.6
843.21204,477.0
843.33008,477.0
843.44818,472.0
843.56622,474.4
843.68427,477.6
843.80231,469.4
843.92029,475.8
844.03833,480.8
844.15637,472.8
844.27441,476.8
844.39246,481.6
844.51044,475.2
844.62848,468.0
844.74646,477.4
844.8645,472.0
844.98248,476.0
845.10052,475.0
845.21851,474.8
845.33649,477.6
845.45453,474.4
845.57251,478.0
845.69049,473.6
845.80847,473.0
845.92645,478.4
846.04443,478.6
846.16241,474.4
846.2804,478.2
846.39838,474.4
846.51636,476.6
846.63434,479.6
846.75226,482.2
846.87024,475.8
846.98822,482.4
847.10614,476.0
847.22412,478.4
847.34204,475.2
847.46002,474.8
847.57794,474.4
847.69586,473.4
847.81384,475.6
847.93176,476.6
848.04968,474.2
848.1676,476.2
848.28552,472.6
848.40344,473.6
848.52136,473.6
848.63928,473.4
848.7572,474.0
848.87512,474.6
848.99304,474.4
849.1109,475.8
849.22882,471.0
849.34674,472.8
849.4646,478.0
849.58252,476.4
849.70038,475.4
849.8183,468.2
849.93616,476.6
850.05402,479.6
850.17194,476.8
850.28979,475.2
850.40765,479.6
850.52551,486.4
850.64337,472.4
850.76123,481.8
850.87909,477.8
850.99695,478.6
851.11481,476.4
851.23267,479.0
851.35046,479.6
851.46832,472.2
851.58618,476.8
851.70398,478.6
851.82184,474.0
851.93964,476.8
852.0575,472.0
852.17529,484.6
852.29315,471.6
852.41095,475.2
852.52875,473.6
852.64655,476.0
852.7644,479.6
852.8822,479.6
853.0,472.6
853.1178,476.6
853.2356,474.8
853.35333,475.0
853.47113,474.2
853.58893,475.2
853.70673,476.6
853.82446,478.4
853.94226,477.6
854.06006,479.6
854.1778,474.8
854.29559,476.0
854.41333,479.8
854.53107,478.6
854.64886,483.0
854.7666,481.4
854.88434,477.8
855.00208,483.0
855.11981,481.4
855.23761,484.0
855.35535,485.4
855.47302,481.4
855.59076,484.2
855.7085,486.4
855.82623,483.0
855.94397,487.4
856.06165,486.6
856.17938,483.2
856.29712,482.0
856.41479,489.2
856.53253,483.4
856.65021,482.4
856.76788,484.0
856.88562,484.4
857.0033,480.6
857.12097,486.8
857.23865,481.4
857.35632,481.6
857.474,479.2
857.59167,473.4
857.70935,480.0
857.82703,479.8
857.9447,478.2
858.06238,485.2
858.18005,478.0
858.29767,478.4
858.41534,478.8
858.53296,481.0
858.65063,482.6
858.76825,481.2
858.88593,479.6
859.00354,481.0
859.12115,476.2
859.23883,478.2
859.35645,478.8
859.47406,478.4
859.59167,477.6
859.70929,481.2
859.8269,476.8
859.94452,473.0
860.06213,480.4
860.17975,482.6
860.29736,476.0
860.41492,470.4
860.53253,480.8
860.65009,476.2
860.7677,474.2
860.88525,478.2
861.00287,475.4
861.12042,480.8
861.23804,476.0
861.35559,475.2
861.47314,475.6
861.5907,473.8
861.70825,473.2
861.82581,473.8
861.94336,469.2
862.06091,469.0
862.17847,473.2
862.29602,474.2
862.41357,474.2
862.53113,470.6
862.64862,472.4
862.76617,471.0
862.88367,471.6
863.00122,470.2
863.11871,475.8
863.23627,474.2
863.35376,470.8
863.47125,473.0
863.58881,468.4
863.7063,478.6
863.82379,470.0
863.94128,472.8
864.05878,469.4
864.17627,470.8
864.29376,470.4
864.41125,478.0
864.52869,467.2
864.64618,474.6
864.76367,474.0
864.8811,472.6
864.9986,469.8
865.11609,471.8
865.23352,468.8
865.35095,469.6
865.46844,474.4
865.58588,470.2
865.70331,473.6
865.82074,472.4
865.93823,468.2
866.05566,472.8
866.1731,468.8
866.29053,472.2
866.4079,470.4
866.52533,474.4
866.64276,475.8
866.76019,470.6
866.87756,471.0
866.995,475.0
867.11243,473.4
867.2298,477.8
867.34723,472.8
867.4646,474.6
867.58197,468.2
867.6994,474.6
867.81677,475.8
867.93414,475.0
868.05151,474.4
868.16888,474.2
868.28625,471.4
868.40363,477.4
868.521,479.2
868.63837,473.8
868.75568,478.4
868.87305,472.6
868.99042,477.2
869.10773,477.6
869.2251,473.6
869.34241,480.0
869.45978,473.8
869.57709,473.8
869.69446,470.0
869.81177,474.0
869.92908,471.4
870.04639,479.0
870.1637,470.6
870.28101,476.6
870.39832,478.6
870.51563,478.8
870.63293,477.8
870.75024,475.6
870.86749,476.8
870.9848,475.8
871.10211,471.2
871.21936,479.8
871.33667,479.4
871.45392,478.2
871.57123,476.0
871.68848,472.2
871.80573,480.0
871.92297,476.4
872.04028,474.0
872.15753,479.4
872.27478,474.0
872.39203,475.6
872.50928,471.0
872.62646,473.8
872.74371,473.2
872.86096,474.8
872.97821,471.8
873.0954,473.8
873.21265,470.4
873.32983,479.2
873.44708,479.6
873.56427,471.8
873.68152,468.2
873.79871,472.4
873.91589,474.6
874.03308,474.2
874.15027,470.8
874.26746,473.6
874.38464,473.0
874.50183,478.8
874.61902,474.0
874.73621,471.4
874.85339,472.8
874.97052,473.8
875.08771,478.6
875.2049,473.2
875.32202,469.6
875.43921,478.6
875.55634,473.8
875.67346,479.8
875.79065,472.4
875.90778,477.0
876.0249,473.6
876.14203,477.8
876.25916,476.0
876.37628,478.4
876.49341,476.2
876.61053,477.4
876.72766,475.8
876.84473,478.0
876.96185,476.2
877.07898,471.4
877.19604,481.0
877.31317,478.4
877.43024,477.2
877.54736,470.2
877.66443,474.4
877.78149,476.2
877.89856,477.2
878.01569,478.0
878.13275,476.8
878.24982,478.8
878.36688,473.4
878.48395,480.2
878.60095,472.8
878.71802,476.4
878.83508,475.8
878.95215,477.6
879.06915,470.4
879.18622,478.4
879.30322,473.0
879.42029,470.6
879.53729,470.6
879.6543,475.6
879.77136,470.4
879.88837,470.2
880.00537,472.6
880.12238,477.4
880.23938,470.8
880.35638,478.4
880.47339,470.2
880.59039,470.0
880.70734,472.4
880.82434,473.2
880.94135,472.6
881.05829,476.4
881.17529,467.0
881.29224,476.0
881.40924,469.8
881.52618,473.8
881.64313,472.2
881.76007,476.2
881.87701,475.4
881.99402,472.0
882.11096,475.4
882.22791,473.4
882.34479,472.8
882.46173,475.4
882.57867,469.2
882.69562,475.4
882.8125,477.2
882.92944,481.6
883.04639,474.6
883.16327,478.0
883.28015,473.0
883.39709,477.8
883.51398,475.0
883.63086,471.6
883.74774,476.0
883.86462,476.8
883.98157,475.2
884.09839,474.6
884.21527,477.4
884.33215,474.8
884.44904,475.8
884.56592,477.0
884.68274,470.6
884.79962,479.6
884.9165,473.6
885.03333,480.4
885.15015,477.0
885.26703,475.8
885.38385,471.6
885.50067,477.6
885.61749,478.8
885.73438,484.2
885.8512,474.0
885.96802,480.4
886.08478,481.2
886.2016,479.0
886.31842,479.2
886.43524,478.6
886.55206,479.0
886.66882,481.4
886.78564,481.0
886.9024,482.2
887.01923,480.2
887.13599,484.0
887.25275,477.2
887.36951,480.2
887.48633,478.8
887.60309,485.0
887.71985,478.0
887.83661,481.0
887.95337,481.4
888.07007,477.4
888.18683,480.4
888.30359,480.6
888.42035,474.0
888.53705,480.2
888.65381,477.2
888.77051,476.6
888.88721,475.2
889.00397,475.0
889.12067,477.2
889.23737,472.8
889.35406,474.4
889.47083,474.8
889.58752,470.4
889.70416,474.8
889.82086,473.4
889.93756,477.2
890.05426,473.2
890.17096,474.4
890.2876,476.0
890.4043,473.6
890.52094,475.0
890.63763,473.8
890.75427,475.8
890.87091,476.8
890.98761,474.4
891.10425,471.8
891.22089,471.4
891.33752,480.6
891.45416,476.8
891.5708,476.2
891.68744,473.2
891.80408,480.8
891.92065,475.2
892.03729,473.0
892.15393,475.4
892.27051,472.8
892.38715,479.0
892.50372,475.0
892.6203,475.0
892.73694,478.8
892.85352,477.8
892.97009,477.0
893.08667,476.6
893.20325,479.8
893.31982,477.8
893.4364,475.0
893.55298,475.4
893.66956,481.4
893.78607,474.6
893.90265,484.0
894.01917,478.0
894.13574,479.2
894.25226,477.8
894.36884,481.4
894.48535,476.4
894.60187,482.0
894.71838,479.6
894.8349,480.4
894.95148,477.6
895.06793,480.4
895.18445,475.8
895.30096,474.0
895.41748,479.0
895.534,480.2
895.65045,475.8
895.76697,477.0
895.88342,478.8
895.99994,477.2
896.11639,477.2
896.23291,481.8
896.34937,476.4
896.46582,477.6
896.58228,473.2
896.69873,478.2
896.81519,480.0
896.93164,478.6
897.0481,478.2
897.16455,476.8
897.28094,475.6
897.3974,478.2
897.51385,477.2
897.63025,481.0
897.7467,473.8
897.8631,475.6
897.97949,471.8
898.09595,477.6
898.21234,476.2
898.32874,478.8
898.44513,473.8
898.56152,479.8
898.67792,473.6
898.79431,476.2
898.91064,475.2
899.02704,472.0
899.14343,474.8
899.25977,475.6
899.37616,469.8
899.49249,476.6
899.60889,475.8
899.72522,476.8
899.84155,476.4
899.95789,476.2
900.07428,473.2
900.19061,476.0
900.30695,476.6
900.42322,476.2
900.53955,473.6
900.65588,478.0
900.77222,473.6
900.88849,473.6
901.00482,464.8
901.12109,472.8
901.23743,473.4
901.3537,472.2
901.47003,472.2
901.5863,471.6
901.70258,472.2
901.81885,466.8
901.93512,469.6
902.05139,470.0
902.16766,466.4
902.28394,472.2
902.40021,469.4
902.51642,473.4
902.63269,470.8
902.7489,477.6
902.86517,472.4
902.98138,468.6
903.09766,467.2
903.21387,476.4
903.33008,469.0
903.44629,471.8
903.5625,470.2
903.67871,472.4
903.79492,469.6
903.91113,469.4
904.02734,467.2
904.14355,472.0
904.2597,467.0
904.37592,471.8
904.49207,468.2
904.60828,465.8
904.72443,463.8
904.84064,467.0
904.95679,461.4
905.07294,471.4
905.18909,464.6
905.30524,470.0
905.42139,465.6
905.53754,466.0
905.65369,468.2
905.76984,472.0
905.88593,462.0
906.00208,471.2
906.11816,468.4
906.23431,463.6
906.3504,465.0
906.46655,468.8
906.58264,469.0
906.69873,470.8
906.81482,464.4
906.93091,470.8
907.047,468.8
907.16309,467.8
907.27917,469.4
907.39526,467.8
907.51135,464.8
907.62738,463.8
907.74347,465.0
907.8595,465.8
907.97559,471.4
908.09161,470.4
908.2077,465.4
908.32373,466.6
908.43976,465.8
908.55579,467.0
908.67181,468.4
908.78784,467.2
908.90387,466.6
909.0199,468.8
909.13586,461.6
909.25189,467.2
909.36792,465.6
909.48389,465.4
909.59991,467.4
909.71588,471.6
909.83185,469.2
909.94788,465.8
910.06384,466.6
910.17981,471.8
910.29578,467.6
910.41174,472.2
910.52771,468.4
910.64368,467.6
910.75958,463.8
910.87555,466.4
910.99152,466.6
911.10742,474.0
911.22339,463.8
911.33929,471.6
911.4552,465.8
911.57117,465.6
911.68707,466.6
911.80298,468.4
911.91888,468.6
912.03479,468.6
912.1507,471.2
912.2666,470.8
912.38245,465.8
912.49835,464.8
912.61426,467.0
912.7301,469.0
912.84601,468.8
792.4458,566.4
792.56488,565.6
792.68396,570.2
792.8031,569.2
792.92218,554.0
793.04126,556.0
793.16034,551.0
793.27942,552.8
793.3985,554.6
793.51758,543.6
793.63672,542.8
793.7558,544.4
793.87488,547.8
793.9939,544.2
794.11298,538.0
794.23206,539.2
794.35114,535.4
794.47021,538.2
794.58929,529.2
794.70831,532.4
794.82739,534.8
794.94647,527.8
795.06549,531.2
795.18457,526.8
795.30365,526.2
795.42267,524.2
795.54175,518.8
795.66077,529.2
795.77985,523.2
795.89886,523.8
796.01794,525.8
796.13696,519.2
796.25598,526.4
796.375,516.8
796.49408,520.8
796.6131,521.0
796.73212,520.6
796.85114,523.0
796.97015,522.8
797.08923,515.8
797.20825,520.8
797.32727,519.8
797.44629,524.2
797.56531,526.2
797.68427,516.2
797.80328,515.2
797.9223,523.6
798.04132,520.2
798.16034,512.6
798.27936,518.8
798.39832,516.2
798.51733,513.2
798.63635,518.4
798.75531,518.0
798.87433,510.2
798.99329,513.2
799.1123,514.8
799.23126,517.6
799.35028,514.2
799.46924,517.2
799.58826,521.6
799.70721,514.6
799.82617,515.6
799.94519,516.4
800.06415,519.4
800.18311,513.8
800.30206,519.0
800.42102,521.8
800.54004,519.8
800.659,517.8
800.77795,522.6
800.89691,517.6
801.01587,517.0
801.13483,518.4
801.25372,524.8
801.37268,519.2
801.49164,520.8
801.6106,521.0
801.72955,524.2
801.84845,517.6
801.96741,523.0
802.08636,523.2
802.20526,522.0
802.32422,519.6
802.44318,523.0
802.56207,523.6
802.68103,527.6
802.79993,524.8
802.91882,523.6
803.03778,521.4
803.15668,524.8
803.27557,526.8
803.39453,525.0
803.51343,525.6
803.63232,525.8
803.75122,522.4
803.87012,526.8
803.98907,526.2
804.10797,525.8
804.22687,523.2
804.34576,529.6
804.46466,531.4
804.58356,528.4
804.70239,530.4
804.82129,532.0
804.94019,525.4
805.05908,528.4
805.17798,529.2
805.29681,528.8
805.41571,532.8
805.53461,530.4
805.65344,530.0
805.77234,541.0
805.89117,532.4
806.01007,532.8
806.12891,534.2
806.2478,536.4
806.36664,537.0
806.48547,531.4
806.60437,534.6
806.72321,533.2
806.84204,535.8
806.96088,532.4
807.07971,536.2
807.19861,536.4
807.31744,539.4
807.43628,532.8
807.55511,536.6
807.67395,535.8
807.79279,536.2
807.91162,537.4
808.0304,539.0
808.14923,535.8
808.26807,538.2
808.3869,539.8
808.50568,538.6
808.62451,542.4
808.74335,538.2
808.86212,544.0
808.98096,541.6
809.09979,547.8
809.21857,545.4
809.33734,550.0
809.45618,539.4
809.57495,552.2
809.69379,547.0
809.81256,548.2
809.93134,547.6
810.05011,544.0
810.16895,550.8
810.28772,538.4
810.40649,546.6
810.52527,547.4
810.64404,545.6
810.76282,547.8
810.88159,545.6
811.00037,545.0
811.11914,545.0
811.23792,547.4
811.35663,540.8
811.4754,551.8
811.59418,544.0
811.71295,552.0
811.83167,548.6
811.95044,552.0
812.06921,551.0
812.18793,547.6
812.3067,546.6
812.42542,548.4
812.54419,548.0
812.6629,550.8
812.78162,550.8
812.90039,544.4
813.0191,542.4
813.13782,547.4
813.25653,542.4
813.37524,546.4
813.49402,543.2
813.61273,547.4
813.73145,545.8
813.85016,547.0
813.96887,541.8
814.08759,542.8
814.2063,543.4
814.32495,545.8
814.44366,538.6
814.56238,544.8
814.68109,539.0
814.79974,539.4
814.91846,538.8
815.03717,541.0
815.15582,538.0
815.27454,539.2
815.39319,533.6
815.5119,533.6
815.63055,538.8
815.74927,537.0
815.86792,533.6
815.98657,536.6
816.10529,542.8
816.22394,540.4
816.34259,538.2
816.46124,546.2
816.5799,540.0
816.69855,545.8
816.8172,544.0
816.93585,541.0
817.0545,537.4
817.17316,526.4
817.29181,530.4
817.41046,530.6
817.52911,525.4
817.64771,522.8
817.76636,514.2
817.88501,519.8
818.0036,510.2
818.12225,516.0
818.24091,507.0
818.3595,508.4
818.47815,508.0
818.59674,501.0
818.71533,507.0
818.83398,497.0
818.95258,497.6
819.07117,496.6
819.18976,497.0
819.30841,497.4
819.427,501.4
819.54559,496.2
819.66418,492.8
819.78278,495.2
819.90137,495.6
820.01996,495.2
820.13855,489.4
820.25714,493.2
820.37573,488.8
820.49426,491.2
820.61285,491.6
820.73145,492.6
820.84998,486.4
820.96857,484.8
821.08716,482.8
821.20569,488.0
821.32428,488.0
821.44281,483.8
821.56134,488.2
821.67993,485.4
821.79846,485.6
821.91699,485.8
822.03558,480.4
822.15411,487.4
822.27264,485.0
822.39117,484.8
822.5097,484.6
822.62823,485.4
822.74677,477.0
822.8653,482.6
822.98383,485.2
823.10236,484.4
823.22089,483.6
823.33942,481.8
823.45789,480.8
823.57642,485.0
823.69495,484.2
823.81342,487.8
823.93195,479.2
824.05042,491.4
824.16895,488.8
824.28741,487.0
824.40594,487.0
824.52441,491.0
824.64288,482.6
824.76141,482.2
824.87988,483.4
824.99835,481.8
825.11682,482.4
825.23529,482.8
825.35376,483.4
825.47223,479.6
825.5907,475.4
825.70917,480.4
825.82764,480.6
825.94611,476.0
826.06458,473.6
826.18304,472.8
826.30145,478.0
826.41992,479.0
826.53839,476.6
826.6568,475.0
826.77527,476.6
826.89368,478.6
827.01215,472.2
827.13055,479.6
827.24902,470.8
827.36743,476.6
827.48584,474.4
827.60431,476.0
827.72272,472.8
827.84113,477.2
827.95953,470.6
828.07794,476.4
828.19635,473.8
828.31476,471.8
828.43317,475.8
828.55157,475.2
828.66998,472.6
828.78839,475.0
828.90674,472.2
829.02515,478.6
829.14355,475.8
829.2619,476.4
829.38031,479.2
829.49872,472.2
829.61707,472.8
829.73547,472.4
829.85382,472.6
829.97217,473.2
830.09058,472.2
830.20892,475.4
830.32727,469.2
830.44562,480.8
830.56403,472.2
830.68237,473.8
830.80072,472.0
830.91907,470.4
831.03741,472.6
831.15576,468.6
831.27411,468.6
831.3924,468.4
831.51074,473.2
831.62909,475.6
831.74744,468.0
831.86572,476.0
831.98407,473.0
832.10242,472.4
832.2207,471.8
832.33905,469.0
832.45734,472.6
832.57562,473.0
832.69397,467.8
832.81226,473.6
832.93054,471.4
833.04889,473.4
833.16718,469.4
833.28546,472.0
833.40375,477.2
833.52203,471.0
833.64032,469.0
833.75861,470.2
833.87689,473.2
833.99518,472.6
834.1134,470.2
834.23169,468.0
834.34998,469.8
834.46826,472.2
834.58649,475.2
834.70477,475.4
834.823,472.0
834.94128,475.6
835.05951,468.6
835.1778,474.8
835.29602,469.0
835.41425,474.8
835.53253,470.2
835.65076,475.0
835.76898,475.4
835.88721,475.4
836.00543,479.0
836.12366,477.6
836.24188,476.6
836.36011,482.2
836.47833,484.4
836.59656,481.2
836.71478,479.4
836.83295,483.2
836.95117,475.8
837.0694,473.2
837.18756,482.4
837.30579,478.6
837.42401,480.0
837.54218,479.2
837.66034,479.4
837.77856,483.8
837.89673,479.4
838.01489,484.4
838.13312,474.4
838.25128,481.8
838.36945,483.4
838.48761,485.4
838.60577,479.6
838.72394,487.2
838.8421,479.8
838.96027,482.2
839.07843,478.2
839.19659,482.0
839.31476,482.0
839.43286,480.8
839.55103,485.2
839.66919,485.4
839.78729,480.2
839.90546,484.2
840.02356,477.6
840.14172,481.4
840.25983,478.4
840.37793,484.4
840.49609,477.0
840.6142,481.2
840.7323,478.8
840.8504,478.4
840.96851,476.4
841.08661,482.2
841.20471,477.0
841.32281,487.2
841.44092,481.4
841.55902,485.0
841.67712,476.6
841.79523,480.6
841.91327,476.0
842.03137,477.2
842.14948,477.4
842.26752,473.0
842.38562,479.2
842.50366,476.6
842.62177,471.8
842.73981,476.2
842.85791,476.8
842.97595,476.6
843.09399,473.6
843.21204,474.8
843.33008,476.6
843.44818,477.4
843.56622,470.0
843.68427,470.6
843.80231,473.2
843.92029,475.0
844.03833,474.6
844.15637,466.4
844.27441,470.8
844.39246,472.8
844.51044,476.6
844.62848,471.8
844.74646,471.8
844.8645,471.2
844.98248,468.2
845.10052,469.0
845.21851,472.0
845.33649,470.2
845.45453,471.2
845.57251,475.0
845.69049,474.2
845.80847,472.6
845.92645,470.8
846.04443,470.2
846.16241,469.6
846.2804,473.8
846.39838,474.4
846.51636,478.2
846.63434,476.2
846.75226,473.8
846.87024,477.6
846.98822,475.6
847.10614,471.4
847.22412,473.6
847.34204,476.8
847.46002,468.8
847.57794,473.0
847.69586,476.4
847.81384,469.0
847.93176,469.0
848.04968,470.8
848.1676,472.8
848.28552,476.2
848.40344,472.0
848.52136,467.8
848.63928,466.8
848.7572,471.4
848.87512,473.6
848.99304,473.6
849.1109,472.0
849.22882,468.6
849.34674,471.0
849.4646,472.6
849.58252,467.8
849.70038,468.0
849.8183,474.4
849.93616,468.6
850.05402,473.4
850.17194,472.0
850.28979,474.0
850.40765,471.4
850.52551,475.2
850.64337,478.2
850.76123,476.4
850.87909,470.8
850.99695,476.4
851.11481,466.2
851.23267,472.6
851.35046,474.8
851.46832,474.2
851.58618,471.2
851.70398,478.4
851.82184,477.6
851.93964,474.4
852.0575,478.6
852.17529,479.4
852.29315,474.6
852.41095,472.8
852.52875,472.8
852.64655,475.8
852.7644,474.0
852.8822,474.2
853.0,472.4
853.1178,473.0
853.2356,470.8
853.35333,471.4
853.47113,473.8
853.58893,469.8
853.70673,477.0
853.82446,474.8
853.94226,477.0
854.06006,477.8
854.1778,473.6
854.29559,473.4
854.41333,473.2
854.53107,473.6
854.64886,475.0
854.7666,476.8
854.88434,474.2
855.00208,480.6
855.11981,481.4
855.23761,481.6
855.35535,482.8
855.47302,483.6
855.59076,477.4
855.7085,480.0
855.82623,481.8
855.94397,482.6
856.06165,474.4
856.17938,475.0
856.29712,479.4
856.41479,486.4
856.53253,483.4
856.65021,477.8
856.76788,476.8
856.88562,479.0
857.0033,479.0
857.12097,479.8
857.23865,475.8
857.35632,478.0
857.474,473.8
857.59167,476.2
857.70935,476.4
857.82703,484.6
857.9447,477.0
858.06238,475.4
858.18005,480.4
858.29767,471.2
858.41534,478.2
858.53296,476.0
858.65063,478.2
858.76825,472.4
858.88593,475.6
859.00354,478.8
859.12115,477.0
859.23883,478.6
859.35645,473.2
859.47406,474.8
859.59167,475.4
859.70929,476.8
859.8269,474.8
859.94452,474.8
860.06213,473.6
860.17975,476.4
860.29736,477.8
860.41492,475.8
860.53253,470.8
860.65009,472.4
860.7677,471.0
860.88525,474.6
861.00287,468.6
861.12042,478.8
861.23804,466.8
861.35559,474.4
861.47314,470.6
861.5907,473.0
861.70825,466.2
861.82581,464.4
861.94336,471.2
862.06091,468.8
862.17847,471.6
862.29602,470.2
862.41357,470.0
862.53113,467.8
862.64862,471.2
862.76617,472.0
862.88367,475.0
863.00122,473.8
863.11871,475.2
863.23627,472.8
863.35376,469.0
863.47125,471.0
863.58881,469.8
863.7063,475.8
863.82379,464.8
863.94128,473.4
864.05878,466.4
864.17627,470.0
864.29376,466.4
864.41125,465.8
864.52869,468.2
864.64618,476.2
864.76367,468.8
864.8811,471.8
864.9986,465.2
865.11609,470.0
865.23352,467.4
865.35095,472.8
865.46844,470.4
865.58588,465.6
865.70331,471.2
865.82074,473.4
865.93823,470.2
866.05566,473.2
866.1731,470.2
866.29053,472.6
866.4079,470.8
866.52533,473.4
866.64276,471.8
866.76019,472.8
866.87756,466.6
866.995,474.0
867.11243,471.2
867.2298,472.2
867.34723,467.6
867.4646,470.4
867.58197,467.8
867.6994,475.0
867.81677,472.6
867.93414,469.2
868.05151,472.4
868.16888,477.8
868.28625,468.6
868.40363,474.4
868.521,477.4
868.63837,472.8
868.75568,471.0
868.87305,470.6
868.99042,475.2
869.10773,471.8
869.2251,471.8
869.34241,476.2
869.45978,475.2
869.57709,471.0
869.69446,470.8
869.81177,472.4
869.92908,476.6
870.04639,477.6
870.1637,465.8
870.28101,475.8
870.39832,472.8
870.51563,474.0
870.63293,474.8
870.75024,477.4
870.86749,472.6
870.9848,475.2
871.10211,473.4
871.21936,475.4
871.33667,470.4
871.45392,473.6
871.57123,476.2
871.68848,472.6
871.80573,473.2
871.92297,473.4
872.04028,471.2
872.15753,476.8
872.27478,473.6
872.39203,472.6
872.50928,470.8
872.62646,472.8
872.74371,466.8
872.86096,474.6
872.97821,476.2
873.0954,473.2
873.21265,473.4
873.32983,470.8
873.44708,470.6
873.56427,474.4
873.68152,466.8
873.79871,472.4
873.91589,466.6
874.03308,470.2
874.15027,472.0
874.26746,468.6
874.38464,470.2
874.50183,470.4
874.61902,470.6
874.73621,469.2
874.85339,473.4
874.97052,476.6
875.08771,472.6
875.2049,470.0
875.32202,467.4
875.43921,477.0
875.55634,469.4
875.67346,472.0
875.79065,467.8
875.90778,473.4
876.0249,474.2
876.14203,466.6
876.25916,468.2
876.37628,474.6
876.49341,473.4
876.61053,470.0
876.72766,470.0
876.84473,475.6
876.96185,473.8
877.07898,478.4
877.19604,475.0
877.31317,477.4
877.43024,473.6
877.54736,470.6
877.66443,469.2
877.78149,468.4
877.89856,468.4
878.01569,477.6
878.13275,470.8
878.24982,474.6
878.36688,472.4
878.48395,477.0
878.60095,467.8
878.71802,476.2
878.83508,471.4
878.95215,469.4
879.06915,469.0
879.18622,472.4
879.30322,470.2
879.42029,470.4
879.53729,472.4
879.6543,473.0
879.77136,466.8
879.88837,475.0
880.00537,474.4
880.12238,474.8
880.23938,469.4
880.35638,476.6
880.47339,470.4
880.59039,475.2
880.70734,474.4
880.82434,471.6
880.94135,471.8
881.05829,470.2
881.17529,470.2
881.29224,473.4
881.40924,469.6
881.52618,473.6
881.64313,473.4
881.76007,475.2
881.87701,471.2
881.99402,475.6
882.11096,473.6
882.22791,467.2
882.34479,469.0
882.46173,476.4
882.57867,471.8
882.69562,476.4
882.8125,474.4
882.92944,472.6
883.04639,473.4
883.16327,478.4
883.28015,473.4
883.39709,470.8
883.51398,478.0
883.63086,474.2
883.74774,476.0
883.86462,475.0
883.98157,476.2
884.09839,473.4
884.21527,474.2
884.33215,474.0
884.44904,471.8
884.56592,476.0
884.68274,468.4
884.79962,474.6
884.9165,471.4
885.03333,474.0
885.15015,474.2
885.26703,476.6
885.38385,473.6
885.50067,473.6
885.61749,476.6
885.73438,478.2
885.8512,475.4
885.96802,475.8
886.08478,474.4
886.2016,480.6
886.31842,477.4
886.43524,477.6
886.55206,478.6
886.66882,483.0
886.78564,481.6
886.9024,476.4
887.01923,479.8
887.13599,479.0
887.25275,477.0
887.36951,477.0
887.48633,478.0
887.60309,480.6
887.71985,475.2
887.83661,483.2
887.95337,472.4
888.07007,476.4
888.18683,474.0
888.30359,473.2
888.42035,473.0
888.53705,476.6
888.65381,472.8
888.77051,475.4
888.88721,471.2
889.00397,476.4
889.12067,470.6
889.23737,475.0
889.35406,471.6
889.47083,477.8
889.58752,469.6
889.70416,482.2
889.82086,471.6
889.93756,474.8
890.05426,474.2
890.17096,475.8
890.2876,473.2
890.4043,471.8
890.52094,472.2
890.63763,468.6
890.75427,470.4
890.87091,474.4
890.98761,478.0
891.10425,479.8
891.22089,472.4
891.33752,472.4
891.45416,474.6
891.5708,474.2
891.68744,475.4
891.80408,480.0
891.92065,473.6
892.03729,474.4
892.15393,476.8
892.27051,479.2
892.38715,475.6
892.50372,478.0
892.6203,477.0
892.73694,477.2
892.85352,479.4
892.97009,472.4
893.08667,474.4
893.20325,478.0
893.31982,477.8
893.4364,478.0
893.55298,477.0
893.66956,481.2
893.78607,480.0
893.90265,477.8
894.01917,476.4
894.13574,479.2
894.25226,479.0
894.36884,481.0
894.48535,479.2
894.60187,479.2
894.71838,478.0
894.8349,477.0
894.95148,477.4
895.06793,474.2
895.18445,472.6
895.30096,476.4
895.41748,474.2
895.534,475.8
895.65045,473.4
895.76697,480.4
895.88342,474.6
895.99994,474.0
896.11639,474.4
896.23291,483.4
896.34937,479.8
896.46582,476.8
896.58228,483.6
896.69873,478.6
896.81519,475.8
896.93164,479.2
897.0481,477.6
897.16455,474.0
897.28094,477.4
897.3974,476.0
897.51385,478.8
897.63025,476.8
897.7467,477.0
897.8631,473.2
897.97949,479.4
898.09595,471.8
898.21234,474.6
898.32874,479.6
898.44513,474.2
898.56152,478.0
898.67792,476.8
898.79431,474.0
898.91064,473.4
899.02704,471.8
899.14343,478.0
899.25977,470.2
899.37616,470.0
899.49249,473.2
899.60889,472.8
899.72522,475.6
899.84155,480.4
899.95789,472.6
900.07428,473.0
900.19061,474.4
900.30695,474.6
900.42322,476.0
900.53955,473.6
900.65588,474.0
900.77222,473.8
900.88849,475.0
901.00482,469.8
901.12109,475.6
901.23743,472.8
901.3537,471.4
901.47003,470.2
901.5863,474.4
901.70258,471.4
901.81885,465.8
901.93512,472.2
902.05139,475.4
902.16766,470.0
902.28394,472.2
902.40021,468.8
902.51642,472.2
902.63269,469.2
902.7489,472.6
902.86517,471.0
902.98138,470.8
903.09766,474.0
903.21387,467.8
903.33008,468.2
903.44629,472.6
903.5625,466.8
903.67871,472.6
903.79492,470.2
903.91113,470.8
904.02734,464.0
904.14355,472.2
904.2597,467.6
904.37592,469.2
904.49207,467.2
904.60828,466.0
904.72443,460.2
904.84064,466.4
904.95679,470.8
905.07294,460.6
905.18909,462.6
905.30524,465.0
905.42139,465.4
905.53754,467.8
905.65369,462.8
905.76984,465.6
905.88593,467.4
906.00208,466.6
906.11816,466.2
906.23431,465.8
906.3504,465.2
906.46655,468.0
906.58264,462.0
906.69873,471.0
906.81482,468.0
906.93091,459.8
907.047,466.0
907.16309,464.8
907.27917,470.0
907.39526,466.2
907.51135,464.8
907.62738,467.0
907.74347,465.4
907.8595,463.6
907.97559,467.0
908.09161,461.0
908.2077,468.4
908.32373,467.0
908.43976,465.2
908.55579,464.8
908.67181,464.8
908.78784,465.8
908.90387,464.6
909.0199,467.8
909.13586,468.4
909.25189,470.6
909.36792,465.0
909.48389,465.2
909.59991,466.8
909.71588,470.0
909.83185,470.8
909.94788,468.8
910.06384,465.0
910.17981,469.6
910.29578,466.0
910.41174,467.8
910.52771,465.4
910.64368,469.2
910.75958,464.4
910.87555,468.6
910.99152,467.4
911.10742,468.0
911.22339,466.8
911.33929,471.0
911.4552,465.4
911.57117,465.6
911.68707,465.6
911.80298,470.2
911.91888,464.2
912.03479,467.0
912.1507,470.0
912.2666,468.6
912.38245,468.2
912.49835,469.4
912.61426,464.2
912.7301,468.4
912.84601,465.6
792.4458,520.2
792.56488,523.8
792.68396,530.0
792.8031,529.8
792.92218,510.0
793.04126,513.2
793.16034,516.4
793.27942,518.6
793.3985,509.2
793.51758,511.2
793.63672,505.2
793.7558,510.6
793.87488,512.0
793.9939,507.4
794.11298,508.8
794.23206,506.4
794.35114,507.0
794.47021,504.6
794.58929,502.6
794.70831,502.8
794.82739,501.2
794.94647,499.6
795.06549,507.6
795.18457,500.8
795.30365,502.0
795.42267,498.2
795.54175,498.2
795.66077,495.0
795.77985,504.0
795.89886,500.0
796.01794,501.4
796.13696,500.0
796.25598,503.6
796.375,498.6
796.49408,499.2
796.6131,502.4
796.73212,499.2
796.85114,496.8
796.97015,495.8
797.08923,495.6
797.20825,498.2
797.32727,495.0
797.44629,495.4
797.56531,499.4
797.68427,492.0
797.80328,494.4
797.9223,496.2
798.04132,497.8
798.16034,499.4
798.27936,495.4
798.39832,492.0
798.51733,494.6
798.63635,500.0
798.75531,496.0
798.87433,492.6
798.99329,489.8
799.1123,490.2
799.23126,497.6
799.35028,492.8
799.46924,497.2
799.58826,500.4
799.70721,500.8
799.82617,495.4
799.94519,502.2
800.06415,500.8
800.18311,494.4
800.30206,500.2
800.42102,501.0
800.54004,496.8
800.659,498.2
800.77795,501.4
800.89691,497.2
801.01587,496.4
801.13483,499.2
801.25372,500.4
801.37268,497.4
801.49164,499.6
801.6106,499.4
801.72955,499.8
801.84845,499.8
801.96741,499.8
802.08636,496.4
802.20526,503.4
802.32422,499.8
802.44318,504.0
802.56207,500.0
802.68103,507.2
802.79993,501.8
802.91882,500.6
803.03778,501.2
803.15668,499.8
803.27557,512.8
803.39453,504.4
803.51343,503.2
803.63232,505.0
803.75122,507.2
803.87012,502.4
803.98907,507.2
804.10797,503.8
804.22687,507.4
804.34576,501.6
804.46466,507.4
804.58356,504.6
804.70239,504.6
804.82129,506.0
804.94019,508.6
805.05908,504.0
805.17798,509.4
805.29681,508.4
805.41571,510.8
805.53461,512.2
805.65344,509.8
805.77234,514.2
805.89117,509.2
806.01007,509.6
806.12891,514.4
806.2478,512.6
806.36664,508.0
806.48547,510.6
806.60437,509.8
806.72321,515.8
806.84204,512.0
806.96088,510.8
807.07971,507.4
807.19861,512.6
807.31744,513.8
807.43628,508.6
807.55511,514.2
807.67395,511.8
807.79279,512.2
807.91162,514.2
808.0304,519.8
808.14923,515.8
808.26807,511.6
808.3869,516.4
808.50568,517.0
808.62451,515.2
808.74335,511.6
808.86212,518.6
808.98096,519.0
809.09979,513.0
809.21857,515.6
809.33734,515.0
809.45618,515.6
809.57495,520.2
809.69379,520.0
809.81256,516.6
809.93134,522.2
810.05011,514.6
810.16895,516.0
810.28772,521.2
810.40649,516.4
810.52527,519.8
810.64404,521.6
810.76282,524.0
810.88159,524.6
811.00037,517.6
811.11914,517.4
811.23792,517.0
811.35663,523.4
811.4754,519.0
811.59418,518.2
811.71295,523.0
811.83167,518.4
811.95044,515.8
812.06921,521.6
812.18793,518.2
812.3067,516.8
812.42542,519.2
812.54419,518.8
812.6629,523.4
812.78162,518.2
812.90039,516.4
813.0191,517.6
813.13782,515.8
813.25653,514.4
813.37524,518.8
813.49402,517.0
813.61273,520.0
813.73145,513.6
813.85016,516.6
813.96887,516.8
814.08759,514.2
814.2063,511.0
814.32495,515.8
814.44366,513.4
814.56238,518.0
814.68109,514.0
814.79974,517.6
814.91846,512.4
815.03717,514.0
815.15582,512.4
815.27454,515.6
815.39319,508.4
815.5119,514.2
815.63055,513.0
815.74927,512.0
815.86792,512.2
815.98657,511.2
816.10529,514.2
816.22394,509.6
816.34259,509.2
816.46124,519.8
816.5799,514.6
816.69855,515.8
816.8172,521.0
816.93585,516.4
817.0545,512.0
817.17316,505.8
817.29181,501.4
817.41046,507.0
817.52911,503.6
817.64771,507.8
817.76636,498.8
817.88501,498.6
818.0036,498.0
818.12225,499.4
818.24091,490.6
818.3595,491.0
818.47815,490.4
818.59674,488.6
818.71533,487.6
818.83398,492.4
818.95258,484.2
819.07117,488.4
819.18976,484.4
819.30841,481.4
819.427,486.2
819.54559,483.6
819.66418,482.2
819.78278,485.2
819.90137,482.2
820.01996,483.2
820.13855,484.8
820.25714,482.4
820.37573,479.0
820.49426,481.8
820.61285,482.6
820.73145,480.0
820.84998,477.8
820.96857,481.6
821.08716,482.0
821.20569,483.8
821.32428,480.0
821.44281,480.4
821.56134,476.8
821.67993,479.2
821.79846,479.6
821.91699,476.6
822.03558,478.2
822.15411,484.6
822.27264,479.0
822.39117,477.2
822.5097,477.0
822.62823,484.6
822.74677,473.4
822.8653,478.4
822.98383,478.6
823.10236,480.6
823.22089,481.6
823.33942,480.4
823.45789,476.6
823.57642,479.0
823.69495,475.8
823.81342,482.4
823.93195,478.2
824.05042,487.2
824.16895,476.4
824.28741,478.6
824.40594,475.4
824.52441,480.4
824.64288,479.8
824.76141,476.8
824.87988,477.6
824.99835,472.2
825.11682,475.4
825.23529,478.8
825.35376,472.2
825.47223,475.4
825.5907,475.4
825.70917,472.4
825.82764,477.0
825.94611,471.2
826.06458,474.2
826.18304,470.2
826.30145,477.0
826.41992,474.8
826.53839,473.2
826.6568,471.6
826.77527,478.0
826.89368,472.8
827.01215,470.0
827.13055,475.4
827.24902,470.0
827.36743,474.8
827.48584,471.4
827.60431,474.6
827.72272,469.8
827.84113,470.4
827.95953,471.8
828.07794,470.6
828.19635,467.6
828.31476,469.4
828.43317,467.4
828.55157,473.2
828.66998,468.8
828.78839,469.8
828.90674,468.4
829.02515,469.4
829.14355,472.0
829.2619,471.0
829.38031,468.0
829.49872,470.4
829.61707,467.0
829.73547,470.8
829.85382,467.8
829.97217,474.8
830.09058,470.6
830.20892,469.8
830.32727,469.4
830.44562,471.4
830.56403,469.0
830.68237,472.4
830.80072,470.6
830.91907,468.0
831.03741,467.8
831.15576,471.8
831.27411,466.4
831.3924,470.6
831.51074,470.0
831.62909,470.4
831.74744,469.6
831.86572,469.0
831.98407,473.2
832.10242,468.0
832.2207,469.6
832.33905,473.2
832.45734,470.4
832.57562,471.2
832.69397,462.4
832.81226,473.2
832.93054,470.8
833.04889,470.8
833.16718,468.8
833.28546,472.2
833.40375,475.6
833.52203,468.8
833.64032,466.6
833.75861,470.4
833.87689,468.6
833.99518,472.4
834.1134,466.2
834.23169,473.2
834.34998,472.2
834.46826,474.8
834.58649,468.0
834.70477,467.4
834.823,467.4
834.94128,471.4
835.05951,469.0
835.1778,472.2
835.29602,466.2
835.41425,473.6
835.53253,471.6
835.65076,471.0
835.76898,470.4
835.88721,473.8
836.00543,479.2
836.12366,474.2
836.24188,468.4
836.36011,471.8
836.47833,473.0
836.59656,475.0
836.71478,474.2
836.83295,474.2
836.95117,474.2
837.0694,478.2
837.18756,471.0
837.30579,475.0
837.42401,474.6
837.54218,475.6
837.66034,475.4
837.77856,479.0
837.89673,478.0
838.01489,478.6
838.13312,471.8
838.25128,475.2
838.36945,473.4
838.48761,475.4
838.60577,476.0
838.72394,478.6
838.8421,471.2
838.96027,474.6
839.07843,470.0
839.19659,476.2
839.31476,475.2
839.43286,474.8
839.55103,473.8
839.66919,472.6
839.78729,470.8
839.90546,473.2
840.02356,473.0
840.14172,475.8
840.25983,470.2
840.37793,480.0
840.49609,472.2
840.6142,473.2
840.7323,473.4
840.8504,471.2
840.96851,470.0
841.08661,472.2
841.20471,472.4
841.32281,472.0
841.44092,471.4
841.55902,471.8
841.67712,466.4
841.79523,473.8
841.91327,468.8
842.03137,472.2
842.14948,474.8
842.26752,467.0
842.38562,467.0
842.50366,470.2
842.62177,468.2
842.73981,472.0
842.85791,466.2
842.97595,472.0
843.09399,470.4
843.21204,470.0
843.33008,464.4
843.44818,467.8
843.56622,467.6
843.68427,463.4
843.80231,469.4
843.92029,469.6
844.03833,469.8
844.15637,466.6
844.27441,469.6
844.39246,471.6
844.51044,466.4
844.62848,465.2
844.74646,470.4
844.8645,464.8
844.98248,464.6
845.10052,471.2
845.21851,470.4
845.33649,469.2
845.45453,471.2
845.57251,472.6
845.69049,467.8
845.80847,466.6
845.92645,468.0
846.04443,466.0
846.16241,469.0
846.2804,471.0
846.39838,468.6
846.51636,470.2
846.63434,468.8
846.75226,467.0
846.87024,467.8
846.98822,466.8
847.10614,470.6
847.22412,466.0
847.34204,466.8
847.46002,470.4
847.57794,464.8
847.69586,470.4
847.81384,466.6
847.93176,465.8
848.04968,466.4
848.1676,468.6
848.28552,467.0
848.40344,464.8
848.52136,465.2
848.63928,469.0
848.7572,466.0
848.87512,469.4
848.99304,469.4
849.1109,470.6
849.22882,469.2
849.34674,463.6
849.4646,469.6
849.58252,467.0
849.70038,465.0
849.8183,471.8
849.93616,466.6
850.05402,465.0
850.17194,471.0
850.28979,468.2
850.40765,465.8
850.52551,473.4
850.64337,471.2
850.76123,469.6
850.87909,465.8
850.99695,469.6
851.11481,469.0
851.23267,466.8
851.35046,470.2
851.46832,467.4
851.58618,471.6
851.70398,472.6
851.82184,468.4
851.93964,467.8
852.0575,472.8
852.17529,472.4
852.29315,470.0
852.41095,470.8
852.52875,470.4
852.64655,471.0
852.7644,472.2
852.8822,470.0
853.0,464.2
853.1178,478.0
853.2356,467.0
853.35333,471.0
853.47113,471.4
853.58893,471.2
853.70673,473.0
853.82446,469.4
853.94226,472.4
854.06006,474.6
854.1778,477.0
854.29559,471.8
854.41333,470.6
854.53107,473.2
854.64886,472.2
854.7666,471.6
854.88434,468.8
855.00208,475.2
855.11981,472.6
855.23761,473.0
855.35535,473.2
855.47302,474.2
855.59076,469.6
855.7085,471.8
855.82623,471.4
855.94397,475.4
856.06165,469.8
856.17938,470.8
856.29712,468.4
856.41479,474.2
856.53253,475.0
856.65021,472.8
856.76788,467.4
856.88562,480.0
857.0033,471.0
857.12097,475.2
857.23865,472.8
857.35632,469.4
857.474,469.6
857.59167,470.2
857.70935,471.8
857.82703,470.8
857.9447,467.4
858.06238,467.4
858.18005,475.2
858.29767,472.0
858.41534,470.4
858.53296,472.8
858.65063,476.0
858.76825,465.6
858.88593,468.8
859.00354,473.8
859.12115,464.0
859.23883,469.6
859.35645,470.0
859.47406,469.8
859.59167,473.6
859.70929,476.0
859.8269,465.8
859.94452,470.0
860.06213,469.6
860.17975,466.8
860.29736,471.0
860.41492,469.6
860.53253,468.2
860.65009,471.8
860.7677,464.8
860.88525,468.0
861.00287,467.4
861.12042,466.2
861.23804,473.4
861.35559,474.0
861.47314,465.0
861.5907,471.4
861.70825,464.0
861.82581,467.8
861.94336,463.8
862.06091,467.6
862.17847,472.6
862.29602,470.2
862.41357,468.4
862.53113,463.4
862.64862,469.8
862.76617,466.0
862.88367,471.6
863.00122,467.8
863.11871,466.6
863.23627,475.0
863.35376,470.2
863.47125,469.2
863.58881,467.4
863.7063,469.0
863.82379,466.6
863.94128,470.4
864.05878,472.2
864.17627,469.2
864.29376,464.8
864.41125,469.8
864.52869,466.8
864.64618,467.8
864.76367,468.8
864.8811,470.8
864.9986,463.8
865.11609,474.6
865.23352,466.0
865.35095,466.4
865.46844,465.6
865.58588,462.8
865.70331,470.2
865.82074,473.4
865.93823,465.4
866.05566,467.0
866.1731,468.6
866.29053,468.8
866.4079,467.2
866.52533,470.6
866.64276,476.2
866.76019,469.8
866.87756,470.2
866.995,466.0
867.11243,466.2
867.2298,468.4
867.34723,465.2
867.4646,466.0
867.58197,467.0
867.6994,472.8
867.81677,469.8
867.93414,471.4
868.05151,472.0
868.16888,469.4
868.28625,467.0
868.40363,467.6
868.521,472.0
868.63837,470.2
868.75568,471.8
868.87305,470.0
868.99042,468.8
869.10773,465.8
869.2251,468.2
869.34241,472.8
869.45978,468.0
869.57709,466.8
869.69446,464.0
869.81177,476.2
869.92908,470.6
870.04639,471.0
870.1637,468.2
870.28101,467.2
870.39832,468.6
870.51563,467.6
870.63293,470.2
870.75024,470.6
870.86749,471.8
870.9848,467.0
871.10211,464.0
871.21936,472.2
871.33667,468.6
871.45392,471.6
871.57123,466.4
871.68848,470.0
871.80573,468.4
871.92297,472.6
872.04028,470.0
872.15753,466.8
872.27478,467.8
872.39203,465.2
872.50928,468.0
872.62646,470.8
872.74371,467.6
872.86096,469.8
872.97821,469.8
873.0954,471.8
873.21265,466.0
873.32983,466.0
873.44708,470.0
873.56427,470.8
873.68152,464.6
873.79871,469.4
873.91589,465.0
874.03308,467.6
874.15027,469.4
874.26746,462.4
874.38464,463.8
874.50183,469.0
874.61902,467.8
874.73621,473.6
874.85339,465.2
874.97052,470.4
875.08771,467.2
875.2049,470.4
875.32202,467.8
875.43921,470.6
875.55634,468.6
875.67346,472.4
875.79065,467.0
875.90778,471.0
876.0249,475.0
876.14203,470.0
876.25916,469.6
876.37628,469.6
876.49341,471.6
876.61053,472.6
876.72766,468.4
876.84473,476.2
876.96185,470.4
877.07898,471.0
877.19604,473.4
877.31317,469.2
877.43024,468.4
877.54736,472.2
877.66443,472.0
877.78149,469.2
877.89856,470.0
878.01569,469.4
878.13275,471.0
878.24982,467.0
878.36688,461.0
878.48395,471.4
878.60095,465.4
878.71802,471.4
878.83508,470.8
878.95215,470.6
879.06915,466.6
879.18622,470.6
879.30322,467.6
879.42029,468.8
879.53729,466.2
879.6543,471.4
879.77136,468.4
879.88837,468.0
880.00537,471.2
880.12238,468.6
880.23938,462.0
880.35638,471.0
880.47339,466.0
880.59039,468.2
880.70734,470.0
880.82434,470.4
880.94135,471.2
881.05829,469.2
881.17529,466.8
881.29224,472.8
881.40924,471.4
881.52618,468.4
881.64313,469.0
881.76007,470.6
881.87701,471.4
881.99402,467.8
882.11096,474.6
882.22791,470.4
882.34479,468.6
882.46173,471.0
882.57867,471.0
882.69562,474.6
882.8125,469.4
882.92944,473.0
883.04639,465.2
883.16327,471.2
883.28015,472.2
883.39709,464.8
883.51398,468.6
883.63086,469.6
883.74774,468.4
883.86462,471.2
883.98157,474.2
884.09839,468.0
884.21527,471.2
884.33215,471.0
884.44904,468.6
884.56592,468.4
884.68274,467.6
884.79962,473.2
884.9165,468.0
885.03333,473.8
885.15015,467.6
885.26703,476.4
885.38385,466.8
885.50067,473.4
885.61749,472.6
885.73438,473.6
885.8512,472.6
885.96802,475.8
886.08478,468.6
886.2016,477.4
886.31842,472.2
886.43524,471.4
886.55206,474.2
886.66882,478.8
886.78564,467.6
886.9024,477.0
887.01923,477.4
887.13599,474.8
887.25275,474.6
887.36951,470.2
887.48633,471.4
887.60309,472.8
887.71985,474.2
887.83661,477.4
887.95337,469.4
888.07007,474.6
888.18683,470.0
888.30359,471.8
888.42035,473.8
888.53705,470.6
888.65381,466.6
888.77051,473.8
888.88721,472.4
889.00397,474.8
889.12067,473.4
889.23737,477.4
889.35406,473.2
889.47083,472.6
889.58752,472.0
889.70416,474.2
889.82086,475.2
889.93756,471.8
890.05426,473.4
890.17096,473.0
890.2876,474.0
890.4043,472.0
890.52094,473.8
890.63763,473.8
890.75427,476.0
890.87091,475.2
890.98761,473.2
891.10425,475.2
891.22089,473.6
891.33752,474.8
891.45416,472.4
891.5708,474.8
891.68744,473.4
891.80408,474.6
891.92065,470.0
892.03729,471.6
892.15393,472.8
892.27051,476.8
892.38715,478.2
892.50372,472.4
892.6203,471.2
892.73694,470.8
892.85352,475.0
892.97009,472.0
893.08667,476.4
893.20325,474.0
893.31982,475.2
893.4364,479.0
893.55298,476.0
893.66956,476.2
893.78607,476.4
893.90265,476.4
894.01917,480.8
894.13574,474.8
894.25226,476.2
894.36884,480.2
894.48535,476.4
894.60187,474.6
894.71838,474.4
894.8349,475.2
894.95148,476.4
895.06793,477.2
895.18445,473.2
895.30096,478.8
895.41748,470.2
895.534,476.8
895.65045,475.8
895.76697,471.6
895.88342,475.2
895.99994,472.2
896.11639,478.4
896.23291,474.8
896.34937,477.4
896.46582,477.4
896.58228,479.8
896.69873,475.2
896.81519,476.2
896.93164,475.4
897.0481,472.6
897.16455,477.2
897.28094,476.8
897.3974,473.6
897.51385,476.8
897.63025,473.4
897.7467,474.4
897.8631,471.2
897.97949,476.2
898.09595,472.4
898.21234,469.4
898.32874,480.0
898.44513,476.0
898.56152,474.2
898.67792,474.4
898.79431,470.0
898.91064,475.8
899.02704,471.0
899.14343,475.4
899.25977,475.0
899.37616,471.4
899.49249,473.2
899.60889,474.2
899.72522,473.2
899.84155,470.2
899.95789,479.0
900.07428,470.4
900.19061,473.8
900.30695,471.2
900.42322,471.6
900.53955,469.4
900.65588,474.0
900.77222,472.4
900.88849,475.8
901.00482,469.0
901.12109,472.0
901.23743,470.2
901.3537,470.8
901.47003,468.0
901.5863,471.0
901.70258,468.8
901.81885,471.4
901.93512,468.8
902.05139,471.0
902.16766,467.4
902.28394,469.8
902.40021,467.8
902.51642,469.6
902.63269,472.2
902.7489,469.6
902.86517,465.8
902.98138,470.4
903.09766,464.6
903.21387,467.4
903.33008,467.0
903.44629,471.6
903.5625,467.4
903.67871,474.2
903.79492,469.4
903.91113,470.0
904.02734,467.4
904.14355,468.8
904.2597,464.2
904.37592,467.6
904.49207,461.8
904.60828,467.8
904.72443,463.6
904.84064,467.8
904.95679,463.8
905.07294,468.0
905.18909,468.8
905.30524,462.2
905.42139,461.0
905.53754,465.0
905.65369,460.8
905.76984,461.0
905.88593,464.6
906.00208,466.4
906.11816,468.8
906.23431,464.8
906.3504,466.4
906.46655,468.8
906.58264,465.4
906.69873,464.6
906.81482,466.0
906.93091,463.8
907.047,466.4
907.16309,462.0
907.27917,467.2
907.39526,470.2
907.51135,469.2
907.62738,465.2
907.74347,463.6
907.8595,462.4
907.97559,471.2
908.09161,469.2
908.2077,466.8
908.32373,465.2
908.43976,466.0
908.55579,462.4
908.67181,468.4
908.78784,464.8
908.90387,467.6
909.0199,467.8
909.13586,465.6
909.25189,463.8
909.36792,462.6
909.48389,468.8
909.59991,469.4
909.71588,465.2
909.83185,472.4
909.94788,465.8
910.06384,468.4
910.17981,465.6
910.29578,471.0
910.41174,469.4
910.52771,467.0
910.64368,468.8
910.75958,466.0
910.87555,467.8
910.99152,463.6
911.10742,467.6
911.22339,465.4
911.33929,467.4
911.4552,468.6
911.57117,467.6
911.68707,465.2
911.80298,468.6
911.91888,468.4
912.03479,467.6
912.1507,466.6
912.2666,469.6
912.38245,467.4
912.49835,468.6
912.61426,465.6
912.7301,465.0
912.84601,471.2
792.4458,544.8
792.56488,542.2
792.68396,549.4
792.8031,544.4
792.92218,533.4
793.04126,532.8
793.16034,536.2
793.27942,535.2
793.3985,534.8
793.51758,523.4
793.63672,522.6
793.7558,528.6
793.87488,528.8
793.9939,527.6
794.11298,524.4
794.23206,520.8
794.35114,520.2
794.47021,518.2
794.58929,517.0
794.70831,515.4
794.82739,518.2
794.94647,515.2
795.06549,518.2
795.18457,515.0
795.30365,513.6
795.42267,508.4
795.54175,506.8
795.66077,509.0
795.77985,509.4
795.89886,506.6
796.01794,514.6
796.13696,514.6
796.25598,516.4
796.375,507.4
796.49408,512.4
796.6131,512.4
796.73212,508.6
796.85114,509.6
796.97015,509.2
797.08923,505.8
797.20825,502.8
797.32727,508.8
797.44629,512.2
797.56531,507.8
797.68427,507.2
797.80328,506.2
797.9223,508.6
798.04132,506.0
798.16034,508.8
798.27936,508.2
798.39832,510.0
798.51733,506.6
798.63635,506.2
798.75531,509.4
798.87433,507.2
798.99329,505.0
799.1123,505.2
799.23126,504.8
799.35028,505.6
799.46924,503.2
799.58826,510.2
799.70721,508.8
799.82617,507.6
799.94519,508.0
800.06415,511.0
800.18311,507.0
800.30206,514.8
800.42102,509.2
800.54004,509.6
800.659,507.4
800.77795,509.2
800.89691,508.8
801.01587,503.4
801.13483,514.8
801.25372,511.6
801.37268,510.8
801.49164,504.2
801.6106,511.6
801.72955,513.2
801.84845,509.6
801.96741,516.4
802.08636,516.8
802.20526,513.4
802.32422,512.8
802.44318,517.0
802.56207,515.4
802.68103,514.8
802.79993,514.6
802.91882,516.6
803.03778,512.4
803.15668,516.4
803.27557,516.6
803.39453,509.6
803.51343,509.2
803.63232,519.0
803.75122,514.4
803.87012,519.6
803.98907,518.4
804.10797,519.6
804.22687,514.8
804.34576,520.2
804.46466,515.4
804.58356,520.8
804.70239,521.8
804.82129,516.2
804.94019,520.6
805.05908,515.0
805.17798,523.0
805.29681,523.2
805.41571,521.6
805.53461,519.8
805.65344,523.2
805.77234,525.6
805.89117,525.6
806.01007,524.4
806.12891,523.8
806.2478,523.0
806.36664,522.2
806.48547,524.0
806.60437,526.8
806.72321,527.0
806.84204,530.2
806.96088,523.4
807.07971,519.6
807.19861,530.8
807.31744,527.8
807.43628,530.8
807.55511,524.6
807.67395,526.4
807.79279,530.2
807.91162,532.8
808.0304,528.4
808.14923,526.4
808.26807,528.2
808.3869,533.4
808.50568,529.6
808.62451,531.0
808.74335,532.4
808.86212,533.4
808.98096,533.6
809.09979,536.4
809.21857,536.2
809.33734,531.0
809.45618,535.6
809.57495,536.6
809.69379,537.0
809.81256,537.0
809.93134,534.6
810.05011,534.0
810.16895,540.2
810.28772,528.2
810.40649,532.8
810.52527,537.2
810.64404,533.2
810.76282,538.0
810.88159,534.8
811.00037,539.4
811.11914,530.2
811.23792,533.8
811.35663,541.2
811.4754,535.2
811.59418,538.6
811.71295,541.4
811.83167,538.6
811.95044,538.4
812.06921,538.0
812.18793,538.0
812.3067,535.4
812.42542,537.4
812.54419,536.6
812.6629,543.6
812.78162,537.8
812.90039,534.2
813.0191,533.6
813.13782,532.4
813.25653,526.4
813.37524,533.6
813.49402,539.6
813.61273,537.8
813.73145,531.0
813.85016,533.2
813.96887,530.0
814.08759,532.0
814.2063,529.8
814.32495,530.6
814.44366,534.6
814.56238,531.6
814.68109,528.2
814.79974,532.2
814.91846,529.0
815.03717,528.2
815.15582,527.8
815.27454,527.2
815.39319,523.2
815.5119,527.8
815.63055,528.8
815.74927,533.8
815.86792,528.4
815.98657,526.4
816.10529,533.2
816.22394,531.8
816.34259,532.8
816.46124,534.6
816.5799,533.4
816.69855,534.2
816.8172,529.2
816.93585,527.8
817.0545,524.6
817.17316,523.4
817.29181,517.4
817.41046,521.4
817.52911,515.4
817.64771,514.2
817.76636,511.0
817.88501,507.4
818.0036,509.4
818.12225,502.0
818.24091,503.4
818.3595,502.0
818.47815,499.2
818.59674,505.4
818.71533,496.6
818.83398,491.2
818.95258,495.8
819.07117,494.8
819.18976,490.2
819.30841,489.4
819.427,491.2
819.54559,489.4
819.66418,490.4
819.78278,489.4
819.90137,488.8
820.01996,485.4
820.13855,487.0
820.25714,487.4
820.37573,487.2
820.49426,480.8
820.61285,483.0
820.73145,485.0
820.84998,481.4
820.96857,479.0
821.08716,482.2
821.20569,482.8
821.32428,481.4
821.44281,483.6
821.56134,481.0
821.67993,485.4
821.79846,483.4
821.91699,479.6
822.03558,478.2
822.15411,483.8
822.27264,482.8
822.39117,473.0
822.5097,483.0
822.62823,483.2
822.74677,481.6
822.8653,485.0
822.98383,481.6
823.10236,482.0
823.22089,481.2
823.33942,478.4
823.45789,480.8
823.57642,482.2
823.69495,484.2
823.81342,483.2
823.93195,478.0
824.05042,483.0
824.16895,481.6
824.28741,483.4
824.40594,479.0
824.52441,477.8
824.64288,475.4
824.76141,481.4
824.87988,476.8
824.99835,479.0
825.11682,478.8
825.23529,479.4
825.35376,481.0
825.47223,477.2
825.5907,477.8
825.70917,477.2
825.82764,475.2
825.94611,477.2
826.06458,472.0
826.18304,474.2
826.30145,477.8
826.41992,478.8
826.53839,471.8
826.6568,477.6
826.77527,475.6
826.89368,475.8
827.01215,477.6
827.13055,471.4
827.24902,472.6
827.36743,473.0
827.48584,471.2
827.60431,475.4
827.72272,470.4
827.84113,471.0
827.95953,475.2
828.07794,469.0
828.19635,470.2
828.31476,475.8
828.43317,472.4
828.55157,471.0
828.66998,472.2
828.78839,475.4
828.90674,476.2
829.02515,471.2
829.14355,472.6
829.2619,474.2
829.38031,470.4
829.49872,467.8
829.61707,471.2
829.73547,468.4
829.85382,471.8
829.97217,471.0
830.09058,471.6
830.20892,471.2
830.32727,464.8
830.44562,473.6
830.56403,472.6
830.68237,472.4
830.80072,473.0
830.91907,469.2
831.03741,470.6
831.15576,473.2
831.27411,467.6
831.3924,476.4
831.51074,470.4
831.62909,470.4
831.74744,468.4
831.86572,464.8
831.98407,470.6
832.10242,472.0
832.2207,470.8
832.33905,470.2
832.45734,467.6
832.57562,465.8
832.69397,471.2
832.81226,472.6
832.93054,470.8
833.04889,468.6
833.16718,467.0
833.28546,469.8
833.40375,479.8
833.52203,469.8
833.64032,465.2
833.75861,472.2
833.87689,466.8
833.99518,470.0
834.1134,467.8
834.23169,470.2
834.34998,470.0
834.46826,468.6
834.58649,470.2
834.70477,472.8
834.823,468.8
834.94128,471.4
835.05951,472.2
835.1778,476.6
835.29602,469.0
835.41425,475.6
835.53253,471.0
835.65076,471.8
835.76898,473.6
835.88721,472.4
836.00543,477.8
836.12366,477.6
836.24188,477.8
836.36011,475.6
836.47833,476.2
836.59656,478.6
836.71478,476.4
836.83295,478.0
836.95117,469.6
837.0694,478.6
837.18756,479.4
837.30579,477.0
837.42401,478.8
837.54218,479.8
837.66034,479.8
837.77856,482.2
837.89673,478.6
838.01489,480.4
838.13312,472.4
838.25128,476.0
838.36945,472.8
838.48761,482.2
838.60577,478.8
838.72394,479.8
838.8421,478.8
838.96027,477.6
839.07843,478.0
839.19659,478.2
839.31476,477.2
839.43286,477.2
839.55103,479.4
839.66919,479.2
839.78729,474.6
839.90546,479.0
840.02356,476.0
840.14172,473.8
840.25983,474.0
840.37793,476.8
840.49609,475.8
840.6142,476.6
840.7323,476.4
840.8504,477.8
840.96851,472.2
841.08661,475.4
841.20471,473.8
841.32281,473.0
841.44092,475.8
841.55902,475.8
841.67712,472.6
841.79523,475.6
841.91327,477.8
842.03137,474.0
842.14948,477.6
842.26752,471.4
842.38562,472.0
842.50366,474.2
842.62177,469.2
842.73981,472.4
842.85791,468.6
842.97595,474.4
843.09399,468.2
843.21204,472.8
843.33008,471.2
843.44818,470.8
843.56622,466.6
843.68427,465.8
843.80231,472.8
843.92029,466.8
844.03833,477.0
844.15637,468.2
844.27441,471.0
844.39246,475.6
844.51044,467.4
844.62848,470.0
844.74646,467.8
844.8645,470.6
844.98248,467.4
845.10052,466.2
845.21851,470.8
845.33649,471.2
845.45453,471.0
845.57251,473.6
845.69049,466.4
845.80847,470.8
845.92645,468.8
846.04443,470.8
846.16241,467.0
846.2804,469.8
846.39838,467.4
846.51636,472.4
846.63434,468.4
846.75226,469.0
846.87024,469.4
846.98822,469.8
847.10614,472.6
847.22412,473.8
847.34204,472.6
847.46002,467.4
847.57794,471.4
847.69586,472.4
847.81384,464.8
847.93176,469.4
848.04968,468.4
848.1676,468.6
848.28552,472.2
848.40344,467.6
848.52136,471.6
848.63928,470.0
848.7572,472.0
848.87512,469.4
848.99304,469.6
849.1109,470.6
849.22882,463.4
849.34674,465.6
849.4646,468.4
849.58252,466.4
849.70038,465.6
849.8183,470.4
849.93616,466.4
850.05402,473.8
850.17194,472.4
850.28979,468.8
850.40765,471.2
850.52551,471.8
850.64337,470.0
850.76123,468.0
850.87909,472.0
850.99695,469.2
851.11481,474.6
851.23267,470.8
851.35046,470.2
851.46832,471.0
851.58618,469.4
851.70398,473.0
851.82184,473.0
851.93964,472.2
852.0575,472.8
852.17529,472.2
852.29315,472.4
852.41095,469.4
852.52875,472.4
852.64655,469.6
852.7644,476.2
852.8822,473.0
853.0,468.6
853.1178,468.4
853.2356,472.4
853.35333,473.2
853.47113,472.6
853.58893,470.0
853.70673,472.6
853.82446,473.4
853.94226,473.0
854.06006,471.8
854.1778,471.8
854.29559,468.8
854.41333,475.6
854.53107,470.0
854.64886,475.6
854.7666,475.8
854.88434,475.8
855.00208,475.2
855.11981,473.2
855.23761,474.0
855.35535,475.0
855.47302,479.0
855.59076,473.4
855.7085,474.0
855.82623,471.6
855.94397,477.8
856.06165,478.0
856.17938,474.8
856.29712,473.8
856.41479,477.6
856.53253,476.8
856.65021,474.6
856.76788,479.8
856.88562,476.0
857.0033,471.4
857.12097,474.0
857.23865,474.6
857.35632,471.6
857.474,475.2
857.59167,474.4
857.70935,474.2
857.82703,469.8
857.9447,470.0
858.06238,473.4
858.18005,471.6
858.29767,471.0
858.41534,470.6
858.53296,472.0
858.65063,475.8
858.76825,470.8
858.88593,475.0
859.00354,467.0
859.12115,467.6
859.23883,472.6
859.35645,473.8
859.47406,472.4
859.59167,467.2
859.70929,472.4
859.8269,470.0
859.94452,469.0
860.06213,476.0
860.17975,474.4
860.29736,468.6
860.41492,468.0
860.53253,472.8
860.65009,473.0
860.7677,466.8
860.88525,473.2
861.00287,466.8
861.12042,467.2
861.23804,471.4
861.35559,476.4
861.47314,472.0
861.5907,467.4
861.70825,466.6
861.82581,470.4
861.94336,465.4
862.06091,468.2
862.17847,473.2
862.29602,468.8
862.41357,468.0
862.53113,469.6
862.64862,470.6
862.76617,466.4
862.88367,462.2
863.00122,468.0
863.11871,470.4
863.23627,469.4
863.35376,468.4
863.47125,469.0
863.58881,466.6
863.7063,471.2
863.82379,469.4
863.94128,466.6
864.05878,469.4
864.17627,471.4
864.29376,466.0
864.41125,468.6
864.52869,469.0
864.64618,470.0
864.76367,468.6
864.8811,469.4
864.9986,466.6
865.11609,468.6
865.23352,467.2
865.35095,467.2
865.46844,465.2
865.58588,468.2
865.70331,472.0
865.82074,472.0
865.93823,468.6
866.05566,467.8
866.1731,467.2
866.29053,472.0
866.4079,466.4
866.52533,464.4
866.64276,466.6
866.76019,466.6
866.87756,470.0
866.995,470.2
867.11243,466.2
867.2298,468.8
867.34723,467.0
867.4646,469.0
867.58197,469.2
867.6994,472.4
867.81677,472.6
867.93414,473.0
868.05151,466.6
868.16888,471.0
868.28625,467.0
868.40363,474.4
868.521,470.4
868.63837,469.4
868.75568,466.2
868.87305,474.8
868.99042,470.8
869.10773,471.2
869.2251,468.6
869.34241,474.6
869.45978,474.2
869.57709,471.4
869.69446,467.4
869.81177,473.4
869.92908,470.8
870.04639,473.2
870.1637,465.2
870.28101,469.8
870.39832,475.2
870.51563,471.4
870.63293,473.0
870.75024,471.0
870.86749,473.2
870.9848,469.0
871.10211,469.8
871.21936,470.8
871.33667,471.2
871.45392,471.6
871.57123,468.2
871.68848,467.4
871.80573,470.8
871.92297,470.0
872.04028,468.2
872.15753,469.4
872.27478,467.2
872.39203,467.4
872.50928,468.2
872.62646,471.4
872.74371,470.4
872.86096,467.6
872.97821,468.6
873.0954,467.4
873.21265,472.4
873.32983,466.6
873.44708,473.2
873.56427,469.8
873.68152,465.4
873.79871,466.0
873.91589,462.2
874.03308,467.0
874.15027,472.0
874.26746,468.8
874.38464,469.6
874.50183,466.2
874.61902,466.0
874.73621,468.8
874.85339,468.4
874.97052,469.2
875.08771,466.8
875.2049,471.6
875.32202,468.8
875.43921,471.8
875.55634,469.4
875.67346,471.6
875.79065,467.4
875.90778,464.2
876.0249,464.8
876.14203,468.4
876.25916,464.8
876.37628,471.2
876.49341,467.6
876.61053,467.8
876.72766,470.6
876.84473,471.2
876.96185,469.4
877.07898,468.6
877.19604,471.6
877.31317,471.0
877.43024,464.6
877.54736,470.6
877.66443,472.2
877.78149,469.4
877.89856,467.8
878.01569,471.6
878.13275,466.2
878.24982,471.0
878.36688,474.0
878.48395,476.2
878.60095,467.6
878.71802,471.6
878.83508,471.0
878.95215,471.4
879.06915,465.2
879.18622,467.6
879.30322,466.4
879.42029,470.6
879.53729,470.8
879.6543,468.4
879.77136,467.2
879.88837,474.0
880.00537,468.6
880.12238,471.6
880.23938,464.8
880.35638,474.8
880.47339,468.4
880.59039,469.6
880.70734,472.4
880.82434,471.4
880.94135,472.0
881.05829,471.4
881.17529,470.2
881.29224,471.0
881.40924,462.0
881.52618,469.6
881.64313,470.6
881.76007,470.0
881.87701,467.0
881.99402,473.0
882.11096,472.8
882.22791,465.6
882.34479,464.8
882.46173,475.2
882.57867,470.2
882.69562,470.0
882.8125,469.0
882.92944,472.6
883.04639,471.6
883.16327,473.0
883.28015,467.2
883.39709,470.4
883.51398,465.6
883.63086,469.8
883.74774,476.0
883.86462,472.0
883.98157,468.4
884.09839,466.4
884.21527,474.6
884.33215,466.4
884.44904,469.0
884.56592,466.8
884.68274,470.0
884.79962,468.0
884.9165,468.4
885.03333,472.6
885.15015,469.4
885.26703,473.4
885.38385,472.0
885.50067,473.0
885.61749,476.4
885.73438,472.8
885.8512,470.4
885.96802,477.4
886.08478,477.2
886.2016,475.8
886.31842,473.4
886.43524,475.4
886.55206,476.2
886.66882,480.6
886.78564,469.8
886.9024,475.8
887.01923,476.8
887.13599,477.0
887.25275,474.2
887.36951,474.0
887.48633,474.2
887.60309,476.4
887.71985,477.0
887.83661,473.4
887.95337,471.2
888.07007,470.2
888.18683,474.2
888.30359,475.4
888.42035,474.0
888.53705,475.4
888.65381,474.4
888.77051,471.2
888.88721,471.0
889.00397,470.4
889.12067,472.6
889.23737,474.8
889.35406,473.0
889.47083,472.8
889.58752,470.8
889.70416,475.4
889.82086,468.2
889.93756,481.8
890.05426,467.8
890.17096,474.8
890.2876,469.6
890.4043,474.4
890.52094,471.6
890.63763,473.0
890.75427,474.4
890.87091,478.2
890.98761,475.0
891.10425,475.4
891.22089,474.6
891.33752,472.8
891.45416,472.6
891.5708,476.0
891.68744,474.8
891.80408,473.4
891.92065,467.6
892.03729,474.0
892.15393,475.8
892.27051,479.4
892.38715,478.0
892.50372,476.8
892.6203,475.8
892.73694,479.0
892.85352,479.8
892.97009,471.8
893.08667,472.8
893.20325,469.6
893.31982,478.4
893.4364,473.0
893.55298,471.6
893.66956,480.8
893.78607,476.0
893.90265,475.2
894.01917,476.6
894.13574,477.6
894.25226,478.0
894.36884,476.2
894.48535,480.8
894.60187,472.8
894.71838,474.2
894.8349,476.4
894.95148,476.6
895.06793,478.0
895.18445,473.8
895.30096,472.8
895.41748,474.4
895.534,471.4
895.65045,478.8
895.76697,477.0
895.88342,472.8
895.99994,475.8
896.11639,467.8
896.23291,471.8
896.34937,478.2
896.46582,475.4
896.58228,478.4
896.69873,479.2
896.81519,473.6
896.93164,478.0
897.0481,474.6
897.16455,473.2
897.28094,477.2
897.3974,465.0
897.51385,480.6
897.63025,474.8
897.7467,478.4
897.8631,471.6
897.97949,469.6
898.09595,472.0
898.21234,470.8
898.32874,475.8
898.44513,472.8
898.56152,475.0
898.67792,471.4
898.79431,474.6
898.91064,471.2
899.02704,469.2
899.14343,475.0
899.25977,477.4
899.37616,470.0
899.49249,474.8
899.60889,470.2
899.72522,475.0
899.84155,475.2
899.95789,476.2
900.07428,475.0
900.19061,473.2
900.30695,470.0
900.42322,472.8
900.53955,468.8
900.65588,474.4
900.77222,467.6
900.88849,476.6
901.00482,467.8
901.12109,471.8
901.23743,474.6
901.3537,471.2
901.47003,473.4
901.5863,467.8
901.70258,471.4
901.81885,469.8
901.93512,469.0
902.05139,469.8
902.16766,465.2
902.28394,471.6
902.40021,468.4
902.51642,464.0
902.63269,470.4
902.7489,470.4
902.86517,472.2
902.98138,465.6
903.09766,464.2
903.21387,467.8
903.33008,468.4
903.44629,467.0
903.5625,464.6
903.67871,466.8
903.79492,466.6
903.91113,462.0
904.02734,469.6
904.14355,468.8
904.2597,467.4
904.37592,464.2
904.49207,467.6
904.60828,463.6
904.72443,471.2
904.84064,464.6
904.95679,464.4
905.07294,469.4
905.18909,464.6
905.30524,463.6
905.42139,464.4
905.53754,466.0
905.65369,463.8
905.76984,467.4
905.88593,467.8
906.00208,470.8
906.11816,470.4
906.23431,460.0
906.3504,462.6
906.46655,469.2
906.58264,461.8
906.69873,469.0
906.81482,463.6
906.93091,466.0
907.047,467.2
907.16309,467.4
907.27917,463.8
907.39526,471.2
907.51135,468.2
907.62738,467.2
907.74347,469.8
907.8595,462.0
907.97559,463.6
908.09161,468.0
908.2077,463.2
908.32373,466.0
908.43976,462.2
908.55579,465.4
908.67181,466.4
908.78784,463.6
908.90387,464.0
909.0199,466.0
909.13586,460.8
909.25189,464.4
909.36792,466.8
909.48389,465.8
909.59991,465.4
909.71588,470.4
909.83185,466.8
909.94788,468.8
910.06384,465.2
910.17981,466.0
910.29578,464.6
910.41174,467.0
910.52771,468.4
910.64368,464.4
910.75958,466.4
910.87555,462.6
910.99152,470.4
911.10742,469.8
911.22339,465.6
911.33929,470.2
911.4552,464.8
911.57117,460.2
911.68707,465.0
911.80298,469.8
911.91888,469.0
912.03479,462.8
912.1507,471.8
912.2666,465.2
912.38245,471.6
912.49835,467.0
912.61426,465.4
912.7301,465.6
912.84601,463.6
792.4458,520.8
792.56488,521.4
792.68396,527.8
792.8031,523.0
792.92218,513.8
793.04126,508.6
793.16034,511.4
793.27942,514.4
793.3985,512.0
793.51758,501.2
793.63672,500.0
793.7558,504.6
793.87488,511.0
793.9939,512.2
794.11298,506.2
794.23206,508.0
794.35114,503.6
794.47021,503.4
794.58929,500.8
794.70831,497.6
794.82739,505.8
794.94647,499.2
795.06549,501.8
795.18457,495.6
795.30365,500.2
795.42267,497.6
795.54175,496.2
795.66077,500.2
795.77985,498.2
795.89886,497.2
796.01794,498.6
796.13696,492.4
796.25598,497.8
796.375,497.8
796.49408,493.8
796.6131,490.6
796.73212,496.0
796.85114,496.0
796.97015,496.8
797.08923,492.0
797.20825,495.4
797.32727,493.4
797.44629,494.0
797.56531,490.2
797.68427,495.6
797.80328,492.6
797.9223,492.4
798.04132,490.2
798.16034,495.4
798.27936,492.4
798.39832,496.2
798.51733,491.0
798.63635,492.8
798.75531,489.0
798.87433,492.8
798.99329,491.2
799.1123,492.2
799.23126,494.0
799.35028,497.0
799.46924,497.8
799.58826,495.4
799.70721,498.0
799.82617,489.8
799.94519,490.6
800.06415,491.4
800.18311,491.8
800.30206,496.4
800.42102,493.4
800.54004,495.2
800.659,490.6
800.77795,499.8
800.89691,487.2
801.01587,496.4
801.13483,499.8
801.25372,497.8
801.37268,495.0
801.49164,494.0
801.6106,497.8
801.72955,499.2
801.84845,498.6
801.96741,498.6
802.08636,498.4
802.20526,499.2
802.32422,500.8
802.44318,500.6
802.56207,501.8
802.68103,504.8
802.79993,500.8
802.91882,497.4
803.03778,493.4
803.15668,506.0
803.27557,502.6
803.39453,500.6
803.51343,502.2
803.63232,507.8
803.75122,500.2
803.87012,500.2
803.98907,501.2
804.10797,504.8
804.22687,504.4
804.34576,500.4
804.46466,503.4
804.58356,502.6
804.70239,504.4
804.82129,503.4
804.94019,505.6
805.05908,499.4
805.17798,505.4
805.29681,503.2
805.41571,505.6
805.53461,509.0
805.65344,502.4
805.77234,512.0
805.89117,505.8
806.01007,507.4
806.12891,506.8
806.2478,508.2
806.36664,507.2
806.48547,503.4
806.60437,510.4
806.72321,509.0
806.84204,512.2
806.96088,507.6
807.07971,508.2
807.19861,514.4
807.31744,505.6
807.43628,506.8
807.55511,510.2
807.67395,504.4
807.79279,508.0
807.91162,510.4
808.0304,508.0
808.14923,516.8
808.26807,510.2
808.3869,514.6
808.50568,515.0
808.62451,509.8
808.74335,513.6
808.86212,513.6
808.98096,518.2
809.09979,516.4
809.21857,518.4
809.33734,514.4
809.45618,513.6
809.57495,514.4
809.69379,518.6
809.81256,517.2
809.93134,513.6
810.05011,514.0
810.16895,520.2
810.28772,511.6
810.40649,511.0
810.52527,518.4
810.64404,514.2
810.76282,519.0
810.88159,514.8
811.00037,514.8
811.11914,512.6
811.23792,517.6
811.35663,518.6
811.4754,517.4
811.59418,517.2
811.71295,517.4
811.83167,520.4
811.95044,515.4
812.06921,515.2
812.18793,522.0
812.3067,519.6
812.42542,513.6
812.54419,515.0
812.6629,512.6
812.78162,515.2
812.90039,513.6
813.0191,511.6
813.13782,517.0
813.25653,512.0
813.37524,514.0
813.49402,511.0
813.61273,514.6
813.73145,518.8
813.85016,515.4
813.96887,513.4
814.08759,510.4
814.2063,515.4
814.32495,513.8
814.44366,515.0
814.56238,511.8
814.68109,512.0
814.79974,509.2
814.91846,507.0
815.03717,512.2
815.15582,509.6
815.27454,511.2
815.39319,507.0
815.5119,508.6
815.63055,511.0
815.74927,505.8
815.86792,510.6
815.98657,505.0
816.10529,507.6
816.22394,512.0
816.34259,512.2
816.46124,517.8
816.5799,513.0
816.69855,516.0
816.8172,512.8
816.93585,509.6
817.0545,507.2
817.17316,508.2
817.29181,503.4
817.41046,504.4
817.52911,500.6
817.64771,497.6
817.76636,495.8
817.88501,497.4
818.0036,498.6
818.12225,492.0
818.24091,494.2
818.3595,488.0
818.47815,484.2
818.59674,486.0
818.71533,487.8
818.83398,483.8
818.95258,480.4
819.07117,489.2
819.18976,483.4
819.30841,489.4
819.427,486.0
819.54559,483.8
819.66418,485.2
819.78278,486.8
819.90137,482.4
820.01996,485.6
820.13855,480.2
820.25714,485.0
820.37573,478.2
820.49426,481.2
820.61285,478.8
820.73145,484.8
820.84998,478.6
820.96857,478.0
821.08716,475.2
821.20569,482.8
821.32428,475.8
821.44281,478.6
821.56134,476.2
821.67993,479.4
821.79846,476.2
821.91699,480.8
822.03558,476.0
822.15411,480.2
822.27264,479.6
822.39117,481.0
822.5097,477.2
822.62823,479.2
822.74677,478.4
822.8653,479.4
822.98383,479.0
823.10236,474.0
823.22089,474.0
823.33942,473.8
823.45789,478.8
823.57642,475.8
823.69495,475.6
823.81342,480.0
823.93195,476.0
824.05042,481.4
824.16895,475.2
824.28741,482.4
824.40594,477.6
824.52441,476.2
824.64288,479.0
824.76141,474.6
824.87988,475.2
824.99835,475.6
825.11682,470.6
825.23529,472.0
825.35376,472.8
825.47223,471.0
825.5907,476.2
825.70917,472.0
825.82764,473.4
825.94611,470.8
826.06458,469.6
826.18304,474.0
826.30145,477.4
826.41992,476.2
826.53839,471.6
826.6568,474.2
826.77527,471.8
826.89368,473.4
827.01215,474.6
827.13055,471.2
827.24902,471.4
827.36743,467.2
827.48584,468.4
827.60431,471.6
827.72272,466.6
827.84113,470.8
827.95953,467.6
828.07794,468.8
828.19635,466.6
828.31476,459.6
828.43317,469.6
828.55157,470.6
828.66998,465.6
828.78839,465.6
828.90674,467.0
829.02515,470.4
829.14355,471.2
829.2619,469.4
829.38031,465.8
829.49872,468.8
829.61707,465.4
829.73547,468.0
829.85382,468.4
829.97217,466.4
830.09058,467.8
830.20892,471.6
830.32727,467.0
830.44562,469.0
830.56403,467.4
830.68237,471.6
830.80072,467.8
830.91907,470.8
831.03741,468.6
831.15576,471.4
831.27411,471.6
831.3924,472.2
831.51074,468.8
831.62909,467.0
831.74744,465.4
831.86572,467.6
831.98407,466.6
832.10242,470.4
832.2207,470.6
832.33905,465.6
832.45734,465.4
832.57562,468.0
832.69397,470.6
832.81226,470.2
832.93054,466.0
833.04889,469.6
833.16718,469.4
833.28546,469.8
833.40375,474.0
833.52203,465.4
833.64032,466.0
833.75861,473.4
833.87689,468.0
833.99518,467.0
834.1134,470.6
834.23169,472.8
834.34998,463.6
834.46826,473.8
834.58649,467.6
834.70477,471.6
834.823,468.6
834.94128,475.0
835.05951,469.2
835.1778,470.8
835.29602,468.6
835.41425,468.6
835.53253,470.4
835.65076,469.8
835.76898,472.4
835.88721,473.8
836.00543,474.2
836.12366,472.2
836.24188,467.6
836.36011,472.0
836.47833,478.2
836.59656,475.4
836.71478,472.6
836.83295,475.4
836.95117,471.0
837.0694,473.2
837.18756,474.2
837.30579,471.8
837.42401,475.4
837.54218,473.0
837.66034,479.2
837.77856,477.0
837.89673,471.0
838.01489,472.2
838.13312,473.2
838.25128,475.0
838.36945,474.8
838.48761,478.4
838.60577,476.8
838.72394,477.6
838.8421,476.2
838.96027,477.0
839.07843,468.6
839.19659,471.2
839.31476,471.0
839.43286,475.2
839.55103,472.2
839.66919,472.6
839.78729,470.8
839.90546,479.2
840.02356,475.6
840.14172,472.4
840.25983,469.6
840.37793,469.8
840.49609,472.8
840.6142,470.0
840.7323,469.2
840.8504,472.8
840.96851,467.2
841.08661,473.6
841.20471,472.8
841.32281,469.6
841.44092,468.4
841.55902,472.0
841.67712,468.4
841.79523,477.4
841.91327,467.2
842.03137,469.8
842.14948,469.2
842.26752,469.4
842.38562,467.6
842.50366,467.6
842.62177,469.4
842.73981,470.8
842.85791,464.4
842.97595,466.0
843.09399,466.8
843.21204,465.6
843.33008,470.6
843.44818,471.2
843.56622,464.8
843.68427,467.8
843.80231,465.8
843.92029,464.8
844.03833,472.0
844.15637,465.2
844.27441,467.2
844.39246,471.0
844.51044,463.8
844.62848,465.8
844.74646,465.4
844.8645,465.4
844.98248,457.8
845.10052,461.4
845.21851,470.4
845.33649,472.6
845.45453,469.8
845.57251,468.0
845.69049,462.8
845.80847,464.4
845.92645,464.4
846.04443,468.2
846.16241,466.6
846.2804,469.0
846.39838,468.4
846.51636,469.8
846.63434,470.6
846.75226,468.8
846.87024,464.0
846.98822,463.0
847.10614,470.6
847.22412,463.4
847.34204,463.6
847.46002,464.8
847.57794,467.4
847.69586,467.4
847.81384,466.6
847.93176,468.0
848.04968,468.0
848.1676,472.4
848.28552,466.8
848.40344,468.2
848.52136,464.8
848.63928,467.6
848.7572,469.0
848.87512,467.8
848.99304,469.2
849.1109,464.4
849.22882,462.0
849.34674,467.8
849.4646,468.4
849.58252,467.6
849.70038,461.4
849.8183,468.2
849.93616,465.2
850.05402,474.8
850.17194,467.6
850.28979,471.2
850.40765,468.6
850.52551,467.0
850.64337,467.8
850.76123,468.4
850.87909,463.4
850.99695,469.8
851.11481,464.0
851.23267,467.0
851.35046,468.2
851.46832,467.8
851.58618,471.2
851.70398,470.6
851.82184,465.2
851.93964,466.4
852.0575,468.0
852.17529,474.0
852.29315,473.0
852.41095,467.6
852.52875,466.8
852.64655,470.4
852.7644,471.4
852.8822,470.0
853.0,466.8
853.1178,474.0
853.2356,466.0
853.35333,468.6
853.47113,471.6
853.58893,470.2
853.70673,473.8
853.82446,472.8
853.94226,471.2
854.06006,470.4
854.1778,471.2
854.29559,465.4
854.41333,466.4
854.53107,468.4
854.64886,474.6
854.7666,470.2
854.88434,470.0
855.00208,469.4
855.11981,470.0
855.23761,474.6
855.35535,474.2
855.47302,473.2
855.59076,472.8
855.7085,470.6
855.82623,470.0
855.94397,472.4
856.06165,474.4
856.17938,470.2
856.29712,475.8
856.41479,475.8
856.53253,472.4
856.65021,472.0
856.76788,467.6
856.88562,478.8
857.0033,473.0
857.12097,474.6
857.23865,471.2
857.35632,470.0
857.474,470.2
857.59167,473.8
857.70935,471.4
857.82703,472.4
857.9447,465.2
858.06238,469.6
858.18005,470.2
858.29767,471.2
858.41534,468.2
858.53296,470.6
858.65063,477.8
858.76825,469.0
858.88593,473.8
859.00354,470.6
859.12115,467.4
859.23883,468.8
859.35645,466.6
859.47406,465.4
859.59167,469.8
859.70929,472.4
859.8269,470.6
859.94452,469.8
860.06213,469.4
860.17975,474.8
860.29736,467.0
860.41492,467.2
860.53253,463.8
860.65009,467.4
860.7677,460.2
860.88525,463.2
861.00287,465.6
861.12042,464.2
861.23804,466.0
861.35559,468.4
861.47314,464.2
861.5907,467.2
861.70825,464.2
861.82581,471.2
861.94336,466.2
862.06091,471.6
862.17847,468.2
862.29602,468.4
862.41357,466.0
862.53113,466.0
862.64862,463.6
862.76617,460.4
862.88367,467.8
863.00122,470.8
863.11871,469.8
863.23627,468.8
863.35376,462.4
863.47125,469.2
863.58881,468.6
863.7063,471.6
863.82379,464.2
863.94128,470.0
864.05878,469.2
864.17627,469.0
864.29376,463.8
864.41125,466.8
864.52869,463.8
864.64618,464.0
864.76367,467.2
864.8811,471.2
864.9986,466.0
865.11609,469.2
865.23352,463.8
865.35095,462.6
865.46844,467.6
865.58588,470.0
865.70331,471.6
865.82074,470.6
865.93823,468.6
866.05566,463.2
866.1731,468.2
866.29053,462.0
866.4079,468.6
866.52533,466.6
866.64276,474.6
866.76019,463.8
866.87756,468.4
866.995,465.4
867.11243,464.8
867.2298,465.4
867.34723,464.2
867.4646,464.8
867.58197,464.8
867.6994,468.6
867.81677,474.6
867.93414,464.4
868.05151,470.8
868.16888,463.2
868.28625,465.6
868.40363,470.2
868.521,464.2
868.63837,468.2
868.75568,462.6
868.87305,470.8
868.99042,468.8
869.10773,472.2
869.2251,466.4
869.34241,465.6
869.45978,466.8
869.57709,466.0
869.69446,467.8
869.81177,470.6
869.92908,467.0
870.04639,467.2
870.1637,465.0
870.28101,466.6
870.39832,468.6
870.51563,472.0
870.63293,469.2
870.75024,468.2
870.86749,466.8
870.9848,467.4
871.10211,465.2
871.21936,468.0
871.33667,466.6
871.45392,466.2
871.57123,468.2
871.68848,463.4
871.80573,468.4
871.92297,467.8
872.04028,465.2
872.15753,466.4
872.27478,467.6
872.39203,464.8
872.50928,464.8
872.62646,464.8
872.74371,468.4
872.86096,468.0
872.97821,466.6
873.0954,464.2
873.21265,467.2
873.32983,465.6
873.44708,465.6
873.56427,467.6
873.68152,466.6
873.79871,465.2
873.91589,459.8
874.03308,466.6
874.15027,463.0
874.26746,467.8
874.38464,466.2
874.50183,468.2
874.61902,461.4
874.73621,464.6
874.85339,465.2
874.97052,473.0
875.08771,470.4
875.2049,471.4
875.32202,466.4
875.43921,465.6
875.55634,465.2
875.67346,476.0
875.79065,467.6
875.90778,469.2
876.0249,466.6
876.14203,463.6
876.25916,470.4
876.37628,464.8
876.49341,468.0
876.61053,465.0
876.72766,467.2
876.84473,469.4
876.96185,468.8
877.07898,466.8
877.19604,466.8
877.31317,467.8
877.43024,467.6
877.54736,472.8
877.66443,467.8
877.78149,465.2
877.89856,469.8
878.01569,463.8
878.13275,468.0
878.24982,468.8
878.36688,471.4
878.48395,466.8
878.60095,470.6
878.71802,467.6
878.83508,470.0
878.95215,467.0
879.06915,464.4
879.18622,474.0
879.30322,466.6
879.42029,468.2
879.53729,468.2
879.6543,462.8
879.77136,466.2
879.88837,465.6
880.00537,467.6
880.12238,470.8
880.23938,469.2
880.35638,474.2
880.47339,467.0
880.59039,466.0
880.70734,469.2
880.82434,466.4
880.94135,468.0
881.05829,468.6
881.17529,467.4
881.29224,468.4
881.40924,470.2
881.52618,469.8
881.64313,465.6
881.76007,467.8
881.87701,470.6
881.99402,466.6
882.11096,464.4
882.22791,467.4
882.34479,463.0
882.46173,470.8
882.57867,466.6
882.69562,468.6
882.8125,473.4
882.92944,468.2
883.04639,469.2
883.16327,471.2
883.28015,473.8
883.39709,467.4
883.51398,472.6
883.63086,470.2
883.74774,467.2
883.86462,468.4
883.98157,470.8
884.09839,471.4
884.21527,466.2
884.33215,467.2
884.44904,472.8
884.56592,476.8
884.68274,467.0
884.79962,471.6
884.9165,465.4
885.03333,473.0
885.15015,469.8
885.26703,469.8
885.38385,469.6
885.50067,471.2
885.61749,472.0
885.73438,469.8
885.8512,469.8
885.96802,473.6
886.08478,468.2
886.2016,473.8
886.31842,472.0
886.43524,469.8
886.55206,471.4
886.66882,471.0
886.78564,466.4
886.9024,474.2
887.01923,474.8
887.13599,470.4
887.25275,471.6
887.36951,471.0
887.48633,472.6
887.60309,471.2
887.71985,467.8
887.83661,476.4
887.95337,475.0
888.07007,467.8
888.18683,472.6
888.30359,466.4
888.42035,471.4
888.53705,470.0
888.65381,468.6
888.77051,471.2
888.88721,468.8
889.00397,471.6
889.12067,470.4
889.23737,472.4
889.35406,473.8
889.47083,471.0
889.58752,472.2
889.70416,470.4
889.82086,471.8
889.93756,473.2
890.05426,472.4
890.17096,477.2
890.2876,469.6
890.4043,470.2
890.52094,467.8
890.63763,472.0
890.75427,472.0
890.87091,477.8
890.98761,474.0
891.10425,477.0
891.22089,468.4
891.33752,474.0
891.45416,476.2
891.5708,472.0
891.68744,470.8
891.80408,475.4
891.92065,475.4
892.03729,473.4
892.15393,473.0
892.27051,469.4
892.38715,476.6
892.50372,472.6
892.6203,475.8
892.73694,472.4
892.85352,470.4
892.97009,473.6
893.08667,475.4
893.20325,470.0
893.31982,473.2
893.4364,474.4
893.55298,475.4
893.66956,479.0
893.78607,474.4
893.90265,483.0
894.01917,482.2
894.13574,477.0
894.25226,476.2
894.36884,479.2
894.48535,473.2
894.60187,477.0
894.71838,479.4
894.8349,475.6
894.95148,474.4
895.06793,472.4
895.18445,477.6
895.30096,474.8
895.41748,476.8
895.534,475.2
895.65045,473.4
895.76697,477.0
895.88342,474.4
895.99994,472.8
896.11639,479.6
896.23291,471.0
896.34937,474.6
896.46582,474.8
896.58228,476.0
896.69873,479.4
896.81519,477.4
896.93164,475.4
897.0481,474.8
897.16455,475.4
897.28094,477.4
897.3974,473.0
897.51385,475.8
897.63025,474.4
897.7467,476.6
897.8631,474.8
897.97949,473.0
898.09595,474.8
898.21234,473.0
898.32874,472.6
898.44513,474.6
898.56152,473.6
898.67792,471.4
898.79431,465.6
898.91064,476.8
899.02704,474.4
899.14343,471.4
899.25977,471.8
899.37616,474.6
899.49249,469.4
899.60889,472.6
899.72522,469.0
899.84155,466.2
899.95789,476.2
900.07428,471.8
900.19061,472.8
900.30695,468.6
900.42322,469.0
900.53955,466.0
900.65588,466.0
900.77222,465.4
900.88849,470.2
901.00482,466.2
901.12109,467.4
901.23743,472.4
901.3537,468.4
901.47003,469.8
901.5863,468.4
901.70258,470.0
901.81885,466.6
901.93512,466.2
902.05139,467.2
902.16766,467.4
902.28394,466.6
902.40021,470.6
902.51642,472.0
902.63269,472.2
902.7489,470.8
902.86517,467.6
902.98138,467.2
903.09766,468.4
903.21387,463.0
903.33008,467.0
903.44629,465.8
903.5625,467.8
903.67871,468.0
903.79492,467.2
903.91113,468.0
904.02734,462.0
904.14355,472.0
904.2597,466.6
904.37592,470.4
904.49207,466.0
904.60828,462.8
904.72443,460.8
904.84064,468.8
904.95679,462.4
905.07294,464.8
905.18909,463.2
905.30524,461.8
905.42139,463.2
905.53754,468.0
905.65369,462.8
905.76984,464.6
905.88593,464.8
906.00208,461.0
906.11816,464.8
906.23431,466.0
906.3504,469.0
906.46655,461.0
906.58264,464.4
906.69873,462.6
906.81482,463.2
906.93091,460.6
907.047,465.0
907.16309,466.0
907.27917,467.4
907.39526,466.0
907.51135,466.4
907.62738,464.8
907.74347,462.4
907.8595,466.4
907.97559,465.6
908.09161,463.6
908.2077,463.0
908.32373,460.8
908.43976,465.4
908.55579,460.4
908.67181,465.4
908.78784,469.0
908.90387,465.8
909.0199,465.8
909.13586,467.0
909.25189,471.2
909.36792,465.4
909.48389,468.2
909.59991,464.4
909.71588,461.0
909.83185,467.4
909.94788,467.4
910.06384,467.0
910.17981,464.8
910.29578,462.0
910.41174,464.4
910.52771,464.6
910.64368,466.0
910.75958,465.8
910.87555,466.8
910.99152,461.6
911.10742,463.4
911.22339,463.4
911.33929,466.8
911.4552,465.4
911.57117,462.4
911.68707,469.2
911.80298,468.4
911.91888,464.0
912.03479,464.6
912.1507,465.2
912.2666,469.2
912.38245,465.4
912.49835,463.0
912.61426,468.2
912.7301,469.4
912.84601,467.6
792.4458,562.8
792.56488,564.8
792.68396,569.4
792.8031,568.2
792.92218,550.2
793.04126,551.0
793.16034,551.2
793.27942,554.2
793.3985,545.6
793.51758,538.0
793.63672,540.2
793.7558,539.6
793.87488,546.6
793.9939,539.8
794.11298,543.0
794.23206,535.2
794.35114,532.8
794.47021,533.8
794.58929,531.2
794.70831,529.4
794.82739,535.4
794.94647,530.6
795.06549,522.8
795.18457,528.8
795.30365,528.6
795.42267,522.2
795.54175,519.0
795.66077,517.6
795.77985,523.2
795.89886,522.8
796.01794,517.8
796.13696,523.0
796.25598,522.6
796.375,521.4
796.49408,517.8
796.6131,518.0
796.73212,518.6
796.85114,522.6
796.97015,525.8
797.08923,513.0
797.20825,517.6
797.32727,515.2
797.44629,516.4
797.56531,515.0
797.68427,521.2
797.80328,518.6
797.9223,518.2
798.04132,514.2
798.16034,516.6
798.27936,519.2
798.39832,514.8
798.51733,507.0
798.63635,513.2
798.75531,514.2
798.87433,509.0
798.99329,507.0
799.1123,509.6
799.23126,514.6
799.35028,515.4
799.46924,513.8
799.58826,518.6
799.70721,516.4
799.82617,516.2
799.94519,517.4
800.06415,512.8
800.18311,503.0
800.30206,521.4
800.42102,517.2
800.54004,518.4
800.659,516.8
800.77795,519.8
800.89691,515.0
801.01587,520.4
801.13483,516.4
801.25372,518.6
801.37268,518.4
801.49164,513.8
801.6106,519.0
801.72955,517.6
801.84845,521.4
801.96741,522.2
802.08636,519.2
802.20526,517.4
802.32422,515.4
802.44318,518.4
802.56207,522.6
802.68103,524.0
802.79993,516.4
802.91882,518.6
803.03778,518.0
803.15668,520.0
803.27557,522.4
803.39453,524.6
803.51343,517.0
803.63232,524.4
803.75122,519.8
803.87012,521.0
803.98907,523.0
804.10797,521.2
804.22687,517.2
804.34576,524.4
804.46466,527.4
804.58356,524.4
804.70239,521.4
804.82129,522.6
804.94019,521.4
805.05908,526.8
805.17798,522.6
805.29681,529.6
805.41571,529.2
805.53461,530.0
805.65344,527.2
805.77234,529.0
805.89117,527.8
806.01007,531.6
806.12891,532.2
806.2478,533.2
806.36664,522.8
806.48547,530.8
806.60437,523.4
806.72321,535.0
806.84204,532.8
806.96088,528.4
807.07971,532.6
807.19861,533.6
807.31744,531.2
807.43628,530.2
807.55511,525.8
807.67395,533.2
807.79279,539.4
807.91162,537.8
808.0304,530.6
808.14923,539.0
808.26807,533.6
808.3869,540.8
808.50568,534.6
808.62451,538.2
808.74335,536.6
808.86212,539.2
808.98096,543.6
809.09979,540.4
809.21857,543.0
809.33734,538.6
809.45618,537.0
809.57495,541.4
809.69379,543.0
809.81256,536.4
809.93134,538.8
810.05011,540.8
810.16895,535.8
810.28772,541.6
810.40649,540.4
810.52527,544.6
810.64404,548.0
810.76282,548.6
810.88159,541.8
811.00037,544.6
811.11914,531.4
811.23792,547.6
811.35663,544.6
811.4754,544.0
811.59418,546.2
811.71295,548.8
811.83167,539.6
811.95044,541.4
812.06921,543.0
812.18793,546.0
812.3067,544.2
812.42542,542.4
812.54419,538.0
812.6629,544.2
812.78162,541.4
812.90039,538.8
813.0191,540.6
813.13782,537.4
813.25653,546.8
813.37524,534.8
813.49402,545.0
813.61273,541.8
813.73145,541.2
813.85016,541.4
813.96887,532.6
814.08759,540.8
814.2063,538.8
814.32495,536.6
814.44366,538.2
814.56238,535.6
814.68109,531.8
814.79974,536.4
814.91846,532.2
815.03717,539.8
815.15582,537.4
815.27454,537.6
815.39319,533.0
815.5119,530.0
815.63055,536.6
815.74927,532.6
815.86792,539.4
815.98657,536.6
816.10529,532.4
816.22394,531.2
816.34259,536.4
816.46124,543.4
816.5799,540.8
816.69855,541.2
816.8172,538.8
816.93585,536.0
817.0545,533.6
817.17316,527.6
817.29181,523.8
817.41046,528.2
817.52911,524.4
817.64771,516.2
817.76636,515.8
817.88501,517.6
818.0036,515.2
818.12225,511.4
818.24091,506.6
818.3595,501.8
818.47815,503.6
818.59674,506.0
818.71533,500.0
818.83398,498.4
818.95258,496.8
819.07117,496.4
819.18976,498.4
819.30841,495.0
819.427,495.6
819.54559,492.4
819.66418,495.6
819.78278,500.0
819.90137,498.8
820.01996,490.0
820.13855,490.4
820.25714,489.0
820.37573,489.4
820.49426,486.8
820.61285,489.0
820.73145,485.8
820.84998,490.6
820.96857,486.8
821.08716,489.6
821.20569,485.0
821.32428,485.8
821.44281,490.6
821.56134,485.8
821.67993,484.0
821.79846,486.0
821.91699,487.4
822.03558,482.6
822.15411,481.6
822.27264,483.0
822.39117,483.4
822.5097,482.2
822.62823,491.2
822.74677,484.2
822.8653,484.8
822.98383,483.4
823.10236,485.8
823.22089,481.2
823.33942,486.0
823.45789,484.8
823.57642,487.8
823.69495,481.8
823.81342,485.6
823.93195,480.6
824.05042,488.4
824.16895,487.8
824.28741,489.0
824.40594,484.2
824.52441,481.8
824.64288,479.4
824.76141,487.0
824.87988,484.0
824.99835,482.8
825.11682,481.8
825.23529,483.8
825.35376,482.8
825.47223,478.2
825.5907,477.6
825.70917,479.4
825.82764,475.4
825.94611,482.6
826.06458,474.6
826.18304,476.0
826.30145,480.4
826.41992,481.2
826.53839,481.0
826.6568,482.8
826.77527,480.2
826.89368,480.6
827.01215,474.8
827.13055,478.2
827.24902,479.2
827.36743,478.2
827.48584,472.8
827.60431,477.4
827.72272,476.6
827.84113,476.4
827.95953,470.2
828.07794,477.8
828.19635,476.8
828.31476,475.8
828.43317,475.6
828.55157,472.4
828.66998,470.6
828.78839,476.0
828.90674,471.2
829.02515,475.6
829.14355,474.8
829.2619,482.8
829.38031,475.0
829.49872,472.4
829.61707,472.2
829.73547,474.2
829.85382,474.4
829.97217,474.6
830.09058,473.0
830.20892,468.8
830.32727,471.6
830.44562,473.6
830.56403,472.4
830.68237,468.2
830.80072,476.6
830.91907,473.4
831.03741,472.8
831.15576,474.0
831.27411,474.4
831.3924,473.2
831.51074,475.4
831.62909,468.8
831.74744,473.0
831.86572,471.2
831.98407,476.8
832.10242,475.2
832.2207,475.2
832.33905,472.0
832.45734,470.2
832.57562,469.0
832.69397,468.4
832.81226,474.6
832.93054,473.0
833.04889,474.2
833.16718,467.0
833.28546,472.2
833.40375,475.0
833.52203,471.2
833.64032,473.0
833.75861,475.2
833.87689,473.4
833.99518,478.8
834.1134,467.2
834.23169,472.0
834.34998,470.8
834.46826,477.2
834.58649,472.4
834.70477,475.4
834.823,475.4
834.94128,477.8
835.05951,476.2
835.1778,475.2
835.29602,472.6
835.41425,469.6
835.53253,477.2
835.65076,479.8
835.76898,474.6
835.88721,473.8
836.00543,478.4
836.12366,479.2
836.24188,475.4
836.36011,482.2
836.47833,481.4
836.59656,485.0
836.71478,480.0
836.83295,479.4
836.95117,477.6
837.0694,483.0
837.18756,477.6
837.30579,482.4
837.42401,480.6
837.54218,478.4
837.66034,482.2
837.77856,481.6
837.89673,482.2
838.01489,479.6
838.13312,476.0
838.25128,484.4
838.36945,478.2
838.48761,478.2
838.60577,482.8
838.72394,484.2
838.8421,484.0
838.96027,486.6
839.07843,480.8
839.19659,480.4
839.31476,483.0
839.43286,485.6
839.55103,482.6
839.66919,484.0
839.78729,481.6
839.90546,482.4
840.02356,479.2
840.14172,483.4
840.25983,479.0
840.37793,478.6
840.49609,475.6
840.6142,482.4
840.7323,487.0
840.8504,482.4
840.96851,479.0
841.08661,483.4
841.20471,478.4
841.32281,481.6
841.44092,477.2
841.55902,482.4
841.67712,478.6
841.79523,480.8
841.91327,479.6
842.03137,480.4
842.14948,480.8
842.26752,479.4
842.38562,477.6
842.50366,478.2
842.62177,475.4
842.73981,473.6
842.85791,477.6
842.97595,475.2
843.09399,474.2
843.21204,473.0
843.33008,473.8
843.44818,473.6
843.56622,471.2
843.68427,472.2
843.80231,471.8
843.92029,473.4
844.03833,476.0
844.15637,468.0
844.27441,473.4
844.39246,474.4
844.51044,468.2
844.62848,471.2
844.74646,470.6
844.8645,473.8
844.98248,472.0
845.10052,470.2
845.21851,473.0
845.33649,475.2
845.45453,475.2
845.57251,472.2
845.69049,466.6
845.80847,470.2
845.92645,478.0
846.04443,472.4
846.16241,472.8
846.2804,473.4
846.39838,471.0
846.51636,473.8
846.63434,475.6
846.75226,476.6
846.87024,475.2
846.98822,476.4
847.10614,474.6
847.22412,474.6
847.34204,474.0
847.46002,473.6
847.57794,466.8
847.69586,474.4
847.81384,468.6
847.93176,475.8
848.04968,469.0
848.1676,470.8
848.28552,473.4
848.40344,470.4
848.52136,475.0
848.63928,474.8
848.7572,470.4
848.87512,472.8
848.99304,469.2
849.1109,472.0
849.22882,469.0
849.34674,469.4
849.4646,472.2
849.58252,473.2
849.70038,471.0
849.8183,472.6
849.93616,472.4
850.05402,479.0
850.17194,471.8
850.28979,472.2
850.40765,471.6
850.52551,473.0
850.64337,476.6
850.76123,473.6
850.87909,471.8
850.99695,474.8
851.11481,473.0
851.23267,474.2
851.35046,473.0
851.46832,472.4
851.58618,475.6
851.70398,475.4
851.82184,472.4
851.93964,475.6
852.0575,473.8
852.17529,478.0
852.29315,480.4
852.41095,476.2
852.52875,475.4
852.64655,474.0
852.7644,474.0
852.8822,478.4
853.0,473.4
853.1178,476.4
853.2356,473.6
853.35333,470.2
853.47113,476.4
853.58893,471.0
853.70673,472.8
853.82446,480.4
853.94226,473.6
854.06006,474.8
854.1778,479.4
854.29559,476.2
854.41333,474.2
854.53107,472.4
854.64886,477.0
854.7666,476.8
854.88434,476.8
855.00208,481.2
855.11981,480.2
855.23761,477.8
855.35535,480.8
855.47302,482.8
855.59076,481.6
855.7085,480.8
855.82623,481.0
855.94397,481.0
856.06165,480.6
856.17938,478.8
856.29712,477.6
856.41479,486.2
856.53253,478.8
856.65021,479.4
856.76788,477.0
856.88562,483.6
857.0033,477.8
857.12097,475.4
857.23865,478.6
857.35632,476.8
857.474,477.0
857.59167,475.8
857.70935,479.0
857.82703,477.4
857.9447,472.0
858.06238,476.0
858.18005,473.6
858.29767,477.2
858.41534,473.4
858.53296,478.0
858.65063,480.6
858.76825,479.6
858.88593,480.6
859.00354,477.6
859.12115,476.2
859.23883,472.8
859.35645,474.6
859.47406,476.0
859.59167,475.2
859.70929,477.4
859.8269,474.0
859.94452,474.8
860.06213,476.0
860.17975,474.2
860.29736,468.8
860.41492,475.6
860.53253,472.8
860.65009,476.2
860.7677,470.8
860.88525,473.6
861.00287,472.0
861.12042,472.6
861.23804,472.6
861.35559,473.0
861.47314,469.4
861.5907,469.6
861.70825,465.2
861.82581,474.0
861.94336,467.6
862.06091,473.4
862.17847,472.4
862.29602,467.4
862.41357,471.0
862.53113,466.8
862.64862,470.2
862.76617,473.2
862.88367,468.6
863.00122,471.8
863.11871,473.2
863.23627,473.4
863.35376,470.8
863.47125,467.8
863.58881,469.8
863.7063,470.2
863.82379,468.4
863.94128,469.0
864.05878,470.8
864.17627,469.6
864.29376,470.8
864.41125,470.0
864.52869,468.6
864.64618,469.6
864.76367,470.2
864.8811,470.8
864.9986,470.2
865.11609,471.0
865.23352,469.0
865.35095,468.4
865.46844,471.8
865.58588,471.6
865.70331,467.8
865.82074,475.0
865.93823,472.4
866.05566,467.8
866.1731,467.0
866.29053,467.4
866.4079,468.8
866.52533,473.4
866.64276,474.2
866.76019,468.2
866.87756,469.0
866.995,474.0
867.11243,470.4
867.2298,472.4
867.34723,473.8
867.4646,473.8
867.58197,468.0
867.6994,474.0
867.81677,471.8
867.93414,470.2
868.05151,469.0
868.16888,472.8
868.28625,466.8
868.40363,474.0
868.521,474.8
868.63837,469.0
868.75568,472.0
868.87305,471.4
868.99042,472.4
869.10773,475.2
869.2251,470.0
869.34241,477.4
869.45978,473.2
869.57709,471.0
869.69446,469.0
869.81177,472.6
869.92908,474.4
870.04639,475.4
870.1637,474.8
870.28101,476.0
870.39832,472.2
870.51563,478.0
870.63293,474.4
870.75024,478.4
870.86749,469.4
870.9848,474.2
871.10211,469.8
871.21936,478.6
871.33667,475.4
871.45392,476.8
871.57123,470.4
871.68848,471.6
871.80573,474.4
871.92297,476.2
872.04028,474.6
872.15753,474.0
872.27478,475.6
872.39203,474.6
872.50928,469.4
872.62646,473.2
872.74371,469.8
872.86096,473.0
872.97821,474.2
873.0954,468.8
873.21265,473.2
873.32983,473.0
873.44708,473.2
873.56427,474.4
873.68152,468.6
873.79871,471.6
873.91589,468.0
874.03308,471.6
874.15027,471.0
874.26746,466.8
874.38464,468.6
874.50183,470.0
874.61902,473.8
874.73621,474.0
874.85339,469.8
874.97052,469.0
875.08771,469.6
875.2049,475.0
875.32202,467.8
875.43921,474.0
875.55634,470.0
875.67346,473.6
875.79065,469.0
875.90778,477.4
876.0249,471.6
876.14203,471.4
876.25916,471.8
876.37628,474.4
876.49341,469.4
876.61053,474.6
876.72766,468.2
876.84473,477.8
876.96185,473.0
877.07898,476.8
877.19604,471.6
877.31317,474.2
877.43024,471.2
877.54736,470.6
877.66443,475.6
877.78149,470.4
877.89856,473.8
878.01569,471.2
878.13275,467.8
878.24982,473.4
878.36688,476.2
878.48395,474.8
878.60095,471.8
878.71802,476.0
878.83508,471.2
878.95215,471.8
879.06915,472.2
879.18622,472.2
879.30322,469.4
879.42029,475.2
879.53729,472.4
879.6543,473.0
879.77136,470.4
879.88837,479.8
880.00537,471.4
880.12238,473.2
880.23938,472.6
880.35638,478.0
880.47339,466.2
880.59039,471.2
880.70734,471.2
880.82434,475.4
880.94135,474.0
881.05829,474.4
881.17529,474.0
881.29224,473.8
881.40924,468.2
881.52618,473.2
881.64313,473.2
881.76007,469.8
881.87701,474.8
881.99402,476.0
882.11096,472.4
882.22791,473.0
882.34479,470.2
882.46173,471.6
882.57867,469.4
882.69562,470.0
882.8125,474.0
882.92944,475.8
883.04639,472.2
883.16327,479.4
883.28015,470.0
883.39709,471.4
883.51398,471.0
883.63086,472.0
883.74774,474.8
883.86462,479.0
883.98157,470.8
884.09839,472.0
884.21527,471.2
884.33215,469.6
884.44904,473.6
884.56592,475.4
884.68274,470.0
884.79962,474.6
884.9165,471.8
885.03333,477.6
885.15015,474.2
885.26703,475.4
885.38385,475.0
885.50067,475.0
885.61749,479.6
885.73438,477.8
885.8512,478.2
885.96802,476.4
886.08478,476.0
886.2016,475.4
886.31842,479.2
886.43524,476.8
886.55206,477.8
886.66882,477.4
886.78564,478.2
886.9024,483.8
887.01923,475.0
887.13599,481.0
887.25275,478.2
887.36951,476.6
887.48633,478.8
887.60309,482.0
887.71985,473.8
887.83661,474.8
887.95337,477.0
888.07007,476.4
888.18683,475.6
888.30359,477.2
888.42035,476.4
888.53705,474.6
888.65381,475.4
888.77051,474.0
888.88721,476.4
889.00397,471.8
889.12067,476.6
889.23737,473.8
889.35406,476.0
889.47083,473.8
889.58752,471.2
889.70416,475.2
889.82086,474.4
889.93756,477.2
890.05426,473.8
890.17096,476.0
890.2876,473.0
890.4043,472.4
890.52094,473.6
890.63763,474.4
890.75427,474.8
890.87091,474.8
890.98761,468.0
891.10425,478.8
891.22089,475.2
891.33752,478.6
891.45416,473.2
891.5708,475.6
891.68744,476.0
891.80408,478.6
891.92065,476.0
892.03729,473.4
892.15393,476.4
892.27051,475.8
892.38715,475.4
892.50372,480.6
892.6203,476.8
892.73694,476.0
892.85352,471.6
892.97009,475.8
893.08667,478.4
893.20325,475.4
893.31982,479.0
893.4364,476.2
893.55298,476.4
893.66956,476.6
893.78607,475.4
893.90265,484.6
894.01917,481.2
894.13574,478.8
894.25226,478.0
894.36884,477.6
894.48535,478.2
894.60187,483.2
894.71838,476.0
894.8349,478.2
894.95148,477.6
895.06793,481.6
895.18445,479.2
895.30096,477.4
895.41748,475.4
895.534,476.8
895.65045,474.8
895.76697,479.6
895.88342,478.8
895.99994,481.2
896.11639,478.0
896.23291,482.0
896.34937,476.0
896.46582,476.8
896.58228,475.4
896.69873,477.0
896.81519,478.2
896.93164,476.2
897.0481,474.6
897.16455,482.2
897.28094,472.8
897.3974,475.2
897.51385,480.0
897.63025,479.6
897.7467,476.6
897.8631,474.6
897.97949,472.8
898.09595,473.0
898.21234,476.2
898.32874,477.4
898.44513,474.0
898.56152,476.2
898.67792,471.2
898.79431,476.2
898.91064,477.0
899.02704,471.8
899.14343,476.2
899.25977,472.8
899.37616,472.6
899.49249,474.4
899.60889,475.4
899.72522,478.0
899.84155,475.4
899.95789,475.6
900.07428,471.0
900.19061,470.8
900.30695,473.4
900.42322,473.8
900.53955,473.8
900.65588,473.0
900.77222,471.0
900.88849,475.0
901.00482,467.8
901.12109,473.2
901.23743,473.8
901.3537,472.0
901.47003,473.4
901.5863,470.0
901.70258,472.6
901.81885,473.2
901.93512,464.6
902.05139,470.8
902.16766,462.4
902.28394,471.8
902.40021,469.0
902.51642,473.4
902.63269,472.4
902.7489,471.0
902.86517,467.8
902.98138,469.6
903.09766,466.0
903.21387,472.4
903.33008,468.8
903.44629,474.2
903.5625,468.6
903.67871,468.6
903.79492,471.0
903.91113,467.6
904.02734,464.0
904.14355,473.2
904.2597,465.4
904.37592,469.0
904.49207,465.0
904.60828,468.0
904.72443,462.6
904.84064,467.0
904.95679,467.6
905.07294,468.0
905.18909,465.0
905.30524,465.8
905.42139,464.4
905.53754,463.0
905.65369,468.0
905.76984,467.6
905.88593,466.4
906.00208,463.8
906.11816,464.4
906.23431,465.2
906.3504,464.0
906.46655,467.0
906.58264,454.2
906.69873,467.2
906.81482,466.0
906.93091,466.2
907.047,468.6
907.16309,466.8
907.27917,468.2
907.39526,469.4
907.51135,465.6
907.62738,465.0
907.74347,467.4
907.8595,466.2
907.97559,467.4
908.09161,466.8
908.2077,464.0
908.32373,474.0
908.43976,465.2
908.55579,466.4
908.67181,467.4
908.78784,467.4
908.90387,467.4
909.0199,470.6
909.13586,464.6
909.25189,470.4
909.36792,469.0
909.48389,466.0
909.59991,464.0
909.71588,469.6
909.83185,468.4
909.94788,469.2
910.06384,465.4
910.17981,475.0
910.29578,467.0
910.41174,466.6
910.52771,470.8
910.64368,470.8
910.75958,468.8
910.87555,469.8
910.99152,463.2
911.10742,471.6
911.22339,469.6
911.33929,469.0
911.4552,468.8
911.57117,462.8
911.68707,468.2
911.80298,469.2
911.91888,465.2
912.03479,469.0
912.1507,470.6
912.2666,468.6
912.38245,466.2
912.49835,466.4
912.61426,467.8
912.7301,466.8
912.84601,470.0
792.4458,557.2
792.56488,556.6
792.68396,563.8
792.8031,557.0
792.92218,542.8
793.04126,543.8
793.16034,547.0
793.27942,548.0
793.3985,544.8
793.51758,534.6
793.63672,532.8
793.7558,542.4
793.87488,541.0
793.9939,542.2
794.11298,538.0
794.23206,538.0
794.35114,535.8
794.47021,530.0
794.58929,530.6
794.70831,533.0
794.82739,531.4
794.94647,525.6
795.06549,530.2
795.18457,523.4
795.30365,526.8
795.42267,523.8
795.54175,523.6
795.66077,521.6
795.77985,521.4
795.89886,519.0
796.01794,528.2
796.13696,521.8
796.25598,521.8
796.375,517.6
796.49408,523.6
796.6131,521.2
796.73212,525.2
796.85114,524.2
796.97015,524.2
797.08923,516.8
797.20825,523.2
797.32727,524.4
797.44629,523.4
797.56531,522.2
797.68427,518.0
797.80328,520.4
797.9223,517.0
798.04132,524.4
798.16034,522.4
798.27936,520.2
798.39832,522.0
798.51733,513.8
798.63635,516.4
798.75531,520.0
798.87433,517.2
798.99329,515.8
799.1123,515.4
799.23126,517.8
799.35028,513.2
799.46924,517.2
799.58826,521.2
799.70721,523.2
799.82617,524.4
799.94519,522.0
800.06415,522.4
800.18311,522.4
800.30206,521.6
800.42102,518.2
800.54004,527.0
800.659,523.2
800.77795,523.0
800.89691,524.8
801.01587,523.0
801.13483,523.8
801.25372,526.4
801.37268,523.4
801.49164,522.6
801.6106,529.0
801.72955,527.0
801.84845,525.0
801.96741,532.0
802.08636,524.2
802.20526,528.8
802.32422,528.4
802.44318,532.8
802.56207,527.2
802.68103,533.2
802.79993,529.8
802.91882,531.4
803.03778,530.4
803.15668,530.4
803.27557,538.6
803.39453,530.8
803.51343,532.8
803.63232,535.6
803.75122,536.4
803.87012,534.8
803.98907,529.0
804.10797,534.2
804.22687,531.0
804.34576,530.8
804.46466,534.0
804.58356,530.0
804.70239,539.4
804.82129,527.0
804.94019,537.6
805.05908,534.2
805.17798,538.2
805.29681,540.2
805.41571,537.6
805.53461,540.6
805.65344,536.0
805.77234,547.0
805.89117,537.0
806.01007,540.8
806.12891,542.6
806.2478,545.4
806.36664,542.0
806.48547,544.8
806.60437,540.2
806.72321,544.8
806.84204,547.6
806.96088,546.0
807.07971,543.8
807.19861,550.0
807.31744,551.4
807.43628,550.6
807.55511,545.6
807.67395,546.4
807.79279,547.8
807.91162,546.4
808.0304,556.8
808.14923,554.0
808.26807,548.4
808.3869,553.8
808.50568,557.2
808.62451,552.6
808.74335,556.6
808.86212,551.4
808.98096,558.4
809.09979,555.0
809.21857,555.8
809.33734,549.6
809.45618,552.8
809.57495,560.2
809.69379,558.6
809.81256,556.8
809.93134,557.0
810.05011,552.4
810.16895,553.2
810.28772,558.0
810.40649,554.6
810.52527,558.6
810.64404,556.4
810.76282,560.8
810.88159,559.2
811.00037,559.0
811.11914,555.0
811.23792,555.0
811.35663,559.4
811.4754,554.6
811.59418,559.2
811.71295,565.6
811.83167,555.6
811.95044,557.6
812.06921,557.0
812.18793,564.8
812.3067,555.4
812.42542,559.6
812.54419,558.8
812.6629,562.6
812.78162,555.8
812.90039,554.2
813.0191,555.2
813.13782,555.4
813.25653,555.8
813.37524,550.0
813.49402,554.2
813.61273,559.0
813.73145,559.2
813.85016,555.4
813.96887,548.6
814.08759,557.0
814.2063,555.4
814.32495,554.2
814.44366,556.4
814.56238,550.4
814.68109,549.6
814.79974,552.4
814.91846,548.2
815.03717,552.0
815.15582,547.6
815.27454,551.4
815.39319,542.6
815.5119,551.6
815.63055,542.4
815.74927,546.0
815.86792,551.2
815.98657,543.6
816.10529,547.4
816.22394,544.2
816.34259,548.4
816.46124,549.2
816.5799,555.2
816.69855,554.4
816.8172,550.8
816.93585,546.6
817.0545,544.4
817.17316,539.8
817.29181,536.8
817.41046,536.4
817.52911,529.4
817.64771,525.8
817.76636,523.8
817.88501,524.6
818.0036,520.4
818.12225,516.0
818.24091,512.6
818.3595,507.4
818.47815,507.8
818.59674,512.0
818.71533,504.4
818.83398,501.4
818.95258,498.4
819.07117,494.6
819.18976,496.4
819.30841,497.2
819.427,500.0
819.54559,500.4
819.66418,494.2
819.78278,494.8
819.90137,497.6
820.01996,495.2
820.13855,492.8
820.25714,491.6
820.37573,491.2
820.49426,494.2
820.61285,493.2
820.73145,492.0
820.84998,488.0
820.96857,484.8
821.08716,490.0
821.20569,492.0
821.32428,486.6
821.44281,484.8
821.56134,486.6
821.67993,491.8
821.79846,486.6
821.91699,486.0
822.03558,486.8
822.15411,487.0
822.27264,484.6
822.39117,482.0
822.5097,486.6
822.62823,485.0
822.74677,486.6
822.8653,487.0
822.98383,487.6
823.10236,486.8
823.22089,485.4
823.33942,485.2
823.45789,484.8
823.57642,487.8
823.69495,489.4
823.81342,480.6
823.93195,486.8
824.05042,486.2
824.16895,484.4
824.28741,486.6
824.40594,485.2
824.52441,483.2
824.64288,488.0
824.76141,481.0
824.87988,488.6
824.99835,483.0
825.11682,481.0
825.23529,483.0
825.35376,475.4
825.47223,476.0
825.5907,481.2
825.70917,480.4
825.82764,481.0
825.94611,477.6
826.06458,480.8
826.18304,476.6
826.30145,483.4
826.41992,480.8
826.53839,478.4
826.6568,479.0
826.77527,476.0
826.89368,478.2
827.01215,478.0
827.13055,475.6
827.24902,472.4
827.36743,474.0
827.48584,470.2
827.60431,476.6
827.72272,470.4
827.84113,472.0
827.95953,473.2
828.07794,473.6
828.19635,469.6
828.31476,473.4
828.43317,470.6
828.55157,474.8
828.66998,473.2
828.78839,470.6
828.90674,476.4
829.02515,471.8
829.14355,475.0
829.2619,471.0
829.38031,475.0
829.49872,470.0
829.61707,471.6
829.73547,474.0
829.85382,475.4
829.97217,471.0
830.09058,469.8
830.20892,467.4
830.32727,471.8
830.44562,474.0
830.56403,469.8
830.68237,473.4
830.80072,474.2
830.91907,473.0
831.03741,469.2
831.15576,472.2
831.27411,470.4
831.3924,469.4
831.51074,470.8
831.62909,469.0
831.74744,472.4
831.86572,472.6
831.98407,472.6
832.10242,475.4
832.2207,471.6
832.33905,471.4
832.45734,469.6
832.57562,471.6
832.69397,474.0
832.81226,473.2
832.93054,474.0
833.04889,472.0
833.16718,470.6
833.28546,470.4
833.40375,475.4
833.52203,469.4
833.64032,471.0
833.75861,472.4
833.87689,469.6
833.99518,475.0
834.1134,473.4
834.23169,467.0
834.34998,473.0
834.46826,472.0
834.58649,472.0
834.70477,476.2
834.823,468.8
834.94128,475.2
835.05951,470.8
835.1778,480.2
835.29602,469.4
835.41425,478.2
835.53253,472.4
835.65076,474.4
835.76898,476.6
835.88721,478.4
836.00543,478.4
836.12366,482.4
836.24188,475.8
836.36011,480.4
836.47833,481.6
836.59656,476.2
836.71478,475.8
836.83295,482.6
836.95117,478.4
837.0694,478.0
837.18756,480.8
837.30579,480.8
837.42401,480.8
837.54218,487.8
837.66034,482.2
837.77856,484.0
837.89673,477.4
838.01489,482.8
838.13312,479.0
838.25128,484.6
838.36945,481.0
838.48761,483.6
838.60577,485.8
838.72394,485.4
838.8421,480.2
838.96027,478.8
839.07843,480.8
839.19659,481.8
839.31476,479.8
839.43286,483.4
839.55103,479.6
839.66919,477.8
839.78729,479.0
839.90546,480.0
840.02356,474.4
840.14172,473.6
840.25983,480.0
840.37793,480.0
840.49609,477.0
840.6142,480.4
840.7323,479.0
840.8504,473.8
840.96851,472.2
841.08661,482.4
841.20471,477.2
841.32281,476.4
841.44092,477.0
841.55902,475.8
841.67712,469.0
841.79523,475.6
841.91327,472.0
842.03137,472.2
842.14948,473.6
842.26752,474.2
842.38562,472.8
842.50366,472.6
842.62177,472.0
842.73981,470.2
842.85791,471.8
842.97595,467.0
843.09399,473.4
843.21204,473.2
843.33008,472.0
843.44818,469.4
843.56622,470.8
843.68427,471.4
843.80231,470.6
843.92029,470.8
844.03833,473.8
844.15637,470.0
844.27441,471.4
844.39246,469.6
844.51044,468.8
844.62848,471.2
844.74646,471.4
844.8645,468.8
844.98248,474.6
845.10052,471.8
845.21851,474.0
845.33649,470.0
845.45453,468.6
845.57251,473.4
845.69049,466.0
845.80847,467.2
845.92645,470.8
846.04443,469.6
846.16241,466.8
846.2804,468.6
846.39838,466.8
846.51636,468.6
846.63434,473.6
846.75226,471.2
846.87024,467.6
846.98822,472.6
847.10614,468.0
847.22412,469.0
847.34204,469.4
847.46002,470.0
847.57794,465.6
847.69586,468.2
847.81384,466.6
847.93176,470.6
848.04968,466.2
848.1676,469.2
848.28552,472.4
848.40344,467.8
848.52136,465.8
848.63928,469.2
848.7572,472.0
848.87512,466.8
848.99304,468.2
849.1109,470.6
849.22882,466.8
849.34674,467.2
849.4646,466.0
849.58252,470.8
849.70038,461.6
849.8183,466.2
849.93616,471.2
850.05402,472.6
850.17194,468.0
850.28979,469.2
850.40765,471.2
850.52551,468.8
850.64337,473.6
850.76123,471.0
850.87909,467.6
850.99695,467.6
851.11481,473.2
851.23267,471.6
851.35046,467.6
851.46832,470.4
851.58618,467.4
851.70398,471.2
851.82184,475.0
851.93964,471.6
852.0575,470.6
852.17529,473.8
852.29315,473.8
852.41095,474.6
852.52875,470.6
852.64655,474.0
852.7644,468.6
852.8822,472.0
853.0,470.8
853.1178,473.0
853.2356,469.8
853.35333,470.0
853.47113,472.6
853.58893,469.6
853.70673,469.6
853.82446,473.0
853.94226,470.8
854.06006,474.8
854.1778,477.2
854.29559,469.0
854.41333,470.2
854.53107,471.8
854.64886,468.8
854.7666,476.4
854.88434,471.6
855.00208,474.2
855.11981,476.4
855.23761,474.8
855.35535,478.4
855.47302,473.0
855.59076,472.4
855.7085,472.2
855.82623,470.6
855.94397,478.6
856.06165,479.8
856.17938,475.4
856.29712,472.2
856.41479,475.0
856.53253,475.4
856.65021,473.4
856.76788,473.2
856.88562,477.2
857.0033,475.0
857.12097,480.6
857.23865,474.4
857.35632,473.0
857.474,475.0
857.59167,475.0
857.70935,472.0
857.82703,472.2
857.9447,473.2
858.06238,468.0
858.18005,477.6
858.29767,471.2
858.41534,472.0
858.53296,472.0
858.65063,472.8
858.76825,473.4
858.88593,477.2
859.00354,473.6
859.12115,471.0
859.23883,469.0
859.35645,468.4
859.47406,470.8
859.59167,470.6
859.70929,475.6
859.8269,470.8
859.94452,469.2
860.06213,471.0
860.17975,472.4
860.29736,470.2
860.41492,470.4
860.53253,469.2
860.65009,471.2
860.7677,469.6
860.88525,467.2
861.00287,469.0
861.12042,465.8
861.23804,469.6
861.35559,470.6
861.47314,472.8
861.5907,472.6
861.70825,466.6
861.82581,469.0
861.94336,465.0
862.06091,467.6
862.17847,469.6
862.29602,474.2
862.41357,467.8
862.53113,468.6
862.64862,467.2
862.76617,465.8
862.88367,464.2
863.00122,468.0
863.11871,468.8
863.23627,470.0
863.35376,467.6
863.47125,468.0
863.58881,472.4
863.7063,471.4
863.82379,466.0
863.94128,468.4
864.05878,474.2
864.17627,469.8
864.29376,469.6
864.41125,473.2
864.52869,467.0
864.64618,469.0
864.76367,469.0
864.8811,473.4
864.9986,467.0
865.11609,476.4
865.23352,468.0
865.35095,469.8
865.46844,472.0
865.58588,470.6
865.70331,470.8
865.82074,471.2
865.93823,468.0
866.05566,471.6
866.1731,474.2
866.29053,464.4
866.4079,470.6
866.52533,468.6
866.64276,470.2
866.76019,472.6
866.87756,468.6
866.995,473.2
867.11243,465.8
867.2298,474.4
867.34723,470.2
867.4646,471.2
867.58197,470.8
867.6994,472.8
867.81677,475.4
867.93414,469.6
868.05151,470.0
868.16888,466.4
868.28625,466.6
868.40363,474.8
868.521,464.4
868.63837,467.0
868.75568,472.6
868.87305,468.0
868.99042,470.0
869.10773,472.2
869.2251,466.8
869.34241,474.6
869.45978,470.4
869.57709,473.8
869.69446,466.0
869.81177,473.8
869.92908,475.0
870.04639,476.8
870.1637,467.4
870.28101,471.0
870.39832,471.8
870.51563,474.0
870.63293,467.8
870.75024,470.6
870.86749,468.8
870.9848,467.4
871.10211,470.0
871.21936,471.8
871.33667,474.0
871.45392,471.6
871.57123,466.8
871.68848,471.6
871.80573,473.2
871.92297,470.8
872.04028,463.2
872.15753,464.8
872.27478,467.4
872.39203,467.2
872.50928,467.2
872.62646,473.2
872.74371,463.4
872.86096,467.2
872.97821,469.2
873.0954,468.2
873.21265,467.4
873.32983,470.2
873.44708,467.2
873.56427,475.6
873.68152,468.8
873.79871,468.0
873.91589,464.4
874.03308,472.2
874.15027,471.6
874.26746,464.8
874.38464,465.4
874.50183,473.4
874.61902,471.0
874.73621,470.6
874.85339,466.2
874.97052,472.6
875.08771,468.0
875.2049,469.4
875.32202,467.8
875.43921,471.2
875.55634,468.2
875.67346,467.8
875.79065,463.6
875.90778,467.6
876.0249,469.2
876.14203,469.0
876.25916,467.0
876.37628,475.2
876.49341,466.6
876.61053,469.6
876.72766,467.4
876.84473,470.4
876.96185,466.0
877.07898,469.0
877.19604,468.0
877.31317,468.8
877.43024,466.2
877.54736,468.2
877.66443,471.2
877.78149,473.2
877.89856,470.0
878.01569,471.8
878.13275,471.2
878.24982,471.6
878.36688,464.6
878.48395,471.6
878.60095,471.4
878.71802,470.0
878.83508,474.0
878.95215,466.8
879.06915,468.0
879.18622,472.8
879.30322,469.0
879.42029,467.6
879.53729,471.0
879.6543,470.2
879.77136,468.2
879.88837,475.0
880.00537,473.2
880.12238,468.2
880.23938,465.0
880.35638,470.2
880.47339,467.4
880.59039,468.0
880.70734,468.0
880.82434,467.2
880.94135,470.4
881.05829,467.2
881.17529,469.8
881.29224,472.8
881.40924,468.6
881.52618,467.8
881.64313,469.6
881.76007,466.2
881.87701,472.8
881.99402,469.2
882.11096,471.8
882.22791,466.6
882.34479,470.0
882.46173,472.0
882.57867,468.8
882.69562,477.0
882.8125,472.6
882.92944,470.8
883.04639,474.6
883.16327,479.0
883.28015,471.2
883.39709,467.8
883.51398,470.0
883.63086,468.8
883.74774,471.8
883.86462,474.0
883.98157,469.0
884.09839,470.4
884.21527,471.8
884.33215,472.2
884.44904,466.6
884.56592,468.8
884.68274,474.2
884.79962,470.6
884.9165,471.8
885.03333,472.2
885.15015,470.4
885.26703,468.6
885.38385,475.0
885.50067,472.0
885.61749,472.2
885.73438,473.8
885.8512,474.8
885.96802,478.6
886.08478,475.8
886.2016,475.6
886.31842,478.6
886.43524,474.8
886.55206,475.0
886.66882,474.8
886.78564,470.0
886.9024,475.4
887.01923,480.4
887.13599,476.0
887.25275,476.2
887.36951,473.4
887.48633,474.6
887.60309,472.2
887.71985,475.6
887.83661,476.8
887.95337,469.2
888.07007,474.0
888.18683,471.6
888.30359,473.0
888.42035,473.6
888.53705,473.8
888.65381,468.6
888.77051,475.4
888.88721,471.6
889.00397,476.8
889.12067,473.0
889.23737,475.4
889.35406,475.0
889.47083,473.8
889.58752,468.4
889.70416,478.2
889.82086,467.4
889.93756,472.2
890.05426,470.0
890.17096,472.6
890.2876,476.0
890.4043,473.4
890.52094,472.6
890.63763,472.2
890.75427,469.4
890.87091,474.8
890.98761,470.6
891.10425,475.4
891.22089,472.2
891.33752,472.6
891.45416,470.8
891.5708,471.0
891.68744,473.4
891.80408,475.4
891.92065,472.0
892.03729,475.8
892.15393,473.0
892.27051,478.2
892.38715,480.4
892.50372,472.8
892.6203,472.8
892.73694,473.8
892.85352,475.8
892.97009,471.2
893.08667,484.0
893.20325,479.6
893.31982,477.6
893.4364,474.8
893.55298,475.0
893.66956,476.0
893.78607,480.4
893.90265,479.2
894.01917,478.4
894.13574,475.0
894.25226,477.6
894.36884,479.0
894.48535,477.2
894.60187,476.8
894.71838,477.0
894.8349,477.4
894.95148,478.0
895.06793,478.8
895.18445,480.4
895.30096,473.4
895.41748,475.8
895.534,474.2
895.65045,474.2
895.76697,472.0
895.88342,477.2
895.99994,478.4
896.11639,474.6
896.23291,478.6
896.34937,474.0
896.46582,476.0
896.58228,475.4
896.69873,481.4
896.81519,478.4
896.93164,473.6
897.0481,479.0
897.16455,480.4
897.28094,476.6
897.3974,477.2
897.51385,474.2
897.63025,478.0
897.7467,472.2
897.8631,473.6
897.97949,475.2
898.09595,476.4
898.21234,470.0
898.32874,479.6
898.44513,476.0
898.56152,473.6
898.67792,475.2
898.79431,474.8
898.91064,475.0
899.02704,476.8
899.14343,472.4
899.25977,479.2
899.37616,471.8
899.49249,474.6
899.60889,471.4
899.72522,472.2
899.84155,472.4
899.95789,475.8
900.07428,473.2
900.19061,474.4
900.30695,472.4
900.42322,472.4
900.53955,471.0
900.65588,468.6
900.77222,468.4
900.88849,475.6
901.00482,469.8
901.12109,466.2
901.23743,473.0
901.3537,469.0
901.47003,471.2
901.5863,472.2
901.70258,470.6
901.81885,472.6
901.93512,468.8
902.05139,468.8
902.16766,466.6
902.28394,472.8
902.40021,470.6
902.51642,471.4
902.63269,470.2
902.7489,471.0
902.86517,469.4
902.98138,474.6
903.09766,471.2
903.21387,471.2
903.33008,470.6
903.44629,472.2
903.5625,468.0
903.67871,469.4
903.79492,468.6
903.91113,467.8
904.02734,467.4
904.14355,475.6
904.2597,472.2
904.37592,468.8
904.49207,461.6
904.60828,469.4
904.72443,462.0
904.84064,462.8
904.95679,466.4
905.07294,467.0
905.18909,463.4
905.30524,462.6
905.42139,469.0
905.53754,471.4
905.65369,466.2
905.76984,464.2
905.88593,464.6
906.00208,465.4
906.11816,474.2
906.23431,459.4
906.3504,466.2
906.46655,470.0
906.58264,462.4
906.69873,468.6
906.81482,469.8
906.93091,465.4
907.047,465.4
907.16309,466.2
907.27917,462.2
907.39526,467.4
907.51135,465.8
907.62738,465.2
907.74347,466.2
907.8595,467.8
907.97559,467.2
908.09161,465.0
908.2077,464.6
908.32373,464.6
908.43976,466.0
908.55579,463.6
908.67181,464.8
908.78784,467.6
908.90387,465.8
909.0199,467.0
909.13586,463.0
909.25189,468.0
909.36792,465.8
909.48389,461.8
909.59991,464.4
909.71588,467.4
909.83185,465.6
909.94788,465.6
910.06384,462.6
910.17981,469.2
910.29578,463.0
910.41174,467.0
910.52771,466.2
910.64368,468.6
910.75958,465.8
910.87555,466.2
910.99152,466.2
911.10742,465.4
911.22339,467.0
911.33929,471.0
911.4552,460.6
911.57117,464.6
911.68707,469.6
911.80298,469.8
911.91888,466.6
912.03479,467.8
912.1507,469.2
912.2666,471.4
912.38245,467.0
912.49835,468.0
912.61426,469.4
912.7301,472.0
912.84601,466.8
792.4458,551.0
792.56488,548.4
792.68396,559.6
792.8031,551.6
792.92218,541.6
793.04126,541.6
793.16034,544.6
793.27942,539.6
793.3985,535.6
793.51758,530.2
793.63672,531.4
793.7558,533.4
793.87488,537.2
793.9939,527.8
794.11298,532.2
794.23206,522.8
794.35114,527.8
794.47021,521.6
794.58929,520.4
794.70831,522.2
794.82739,524.0
794.94647,522.8
795.06549,520.4
795.18457,518.0
795.30365,524.8
795.42267,517.2
795.54175,519.4
795.66077,514.8
795.77985,516.2
795.89886,516.8
796.01794,515.4
796.13696,518.8
796.25598,521.4
796.375,518.0
796.49408,518.2
796.6131,513.2
796.73212,518.6
796.85114,514.8
796.97015,517.4
797.08923,516.2
797.20825,516.4
797.32727,515.4
797.44629,516.8
797.56531,511.4
797.68427,515.2
797.80328,510.0
797.9223,514.8
798.04132,514.8
798.16034,515.6
798.27936,511.6
798.39832,513.4
798.51733,513.0
798.63635,514.6
798.75531,514.0
798.87433,513.8
798.99329,507.4
799.1123,512.4
799.23126,512.2
799.35028,516.0
799.46924,515.4
799.58826,516.2
799.70721,514.8
799.82617,516.4
799.94519,513.6
800.06415,515.0
800.18311,515.8
800.30206,516.4
800.42102,513.2
800.54004,515.8
800.659,515.8
800.77795,514.4
800.89691,515.4
801.01587,516.6
801.13483,518.0
801.25372,518.4
801.37268,516.4
801.49164,515.4
801.6106,519.6
801.72955,519.8
801.84845,522.0
801.96741,522.2
802.08636,518.0
802.20526,521.0
802.32422,520.0
802.44318,523.0
802.56207,518.2
802.68103,520.8
802.79993,523.6
802.91882,523.2
803.03778,518.4
803.15668,526.2
803.27557,526.2
803.39453,522.4
803.51343,523.8
803.63232,529.4
803.75122,530.6
803.87012,522.4
803.98907,530.2
804.10797,524.6
804.22687,523.8
804.34576,528.2
804.46466,526.0
804.58356,534.4
804.70239,527.4
804.82129,523.4
804.94019,531.2
805.05908,528.4
805.17798,532.6
805.29681,534.2
805.41571,526.6
805.53461,534.8
805.65344,532.6
805.77234,533.8
805.89117,528.4
806.01007,537.0
806.12891,535.0
806.2478,536.8
806.36664,532.2
806.48547,535.4
806.60437,533.8
806.72321,534.2
806.84204,542.0
806.96088,529.8
807.07971,533.6
807.19861,534.2
807.31744,536.8
807.43628,542.4
807.55511,535.2
807.67395,535.4
807.79279,538.8
807.91162,540.6
808.0304,534.8
808.14923,540.4
808.26807,539.2
808.3869,543.4
808.50568,544.6
808.62451,549.6
808.74335,540.2
808.86212,544.4
808.98096,545.8
809.09979,543.6
809.21857,546.8
809.33734,547.6
809.45618,544.4
809.57495,546.2
809.69379,544.6
809.81256,545.2
809.93134,546.6
810.05011,543.2
810.16895,541.8
810.28772,547.6
810.40649,544.4
810.52527,548.6
810.64404,545.4
810.76282,550.4
810.88159,547.4
811.00037,549.6
811.11914,550.4
811.23792,547.4
811.35663,547.8
811.4754,549.0
811.59418,546.8
811.71295,549.4
811.83167,550.2
811.95044,548.0
812.06921,549.8
812.18793,550.8
812.3067,547.2
812.42542,546.2
812.54419,544.0
812.6629,552.4
812.78162,549.2
812.90039,545.2
813.0191,546.6
813.13782,548.2
813.25653,544.0
813.37524,548.6
813.49402,548.2
813.61273,546.2
813.73145,545.0
813.85016,549.8
813.96887,538.0
814.08759,543.6
814.2063,542.6
814.32495,546.6
814.44366,541.6
814.56238,541.0
814.68109,540.6
814.79974,539.4
814.91846,535.6
815.03717,542.6
815.15582,538.4
815.27454,537.0
815.39319,536.4
815.5119,534.8
815.63055,538.4
815.74927,534.4
815.86792,536.0
815.98657,538.0
816.10529,536.2
816.22394,543.4
816.34259,541.4
816.46124,544.4
816.5799,540.4
816.69855,542.4
816.8172,543.6
816.93585,540.0
817.0545,537.8
817.17316,533.6
817.29181,527.8
817.41046,525.6
817.52911,523.4
817.64771,520.2
817.76636,515.4
817.88501,511.8
818.0036,514.6
818.12225,516.6
818.24091,509.2
818.3595,505.4
818.47815,502.8
818.59674,503.2
818.71533,505.6
818.83398,498.4
818.95258,499.0
819.07117,498.6
819.18976,494.6
819.30841,496.6
819.427,498.4
819.54559,498.0
819.66418,489.2
819.78278,493.6
819.90137,497.0
820.01996,493.4
820.13855,491.8
820.25714,487.8
820.37573,487.2
820.49426,488.0
820.61285,490.4
820.73145,485.0
820.84998,483.4
820.96857,487.2
821.08716,491.0
821.20569,488.6
821.32428,485.6
821.44281,488.4
821.56134,486.2
821.67993,483.2
821.79846,482.6
821.91699,486.4
822.03558,482.2
822.15411,485.4
822.27264,484.0
822.39117,481.4
822.5097,482.4
822.62823,488.4
822.74677,483.4
822.8653,483.4
822.98383,480.2
823.10236,485.4
823.22089,485.0
823.33942,488.4
823.45789,485.0
823.57642,485.2
823.69495,483.8
823.81342,488.8
823.93195,486.0
824.05042,487.4
824.16895,485.0
824.28741,483.8
824.40594,488.8
824.52441,486.6
824.64288,483.8
824.76141,482.0
824.87988,478.2
824.99835,479.6
825.11682,486.4
825.23529,483.8
825.35376,479.6
825.47223,481.0
825.5907,478.0
825.70917,480.8
825.82764,478.4
825.94611,475.0
826.06458,474.4
826.18304,480.2
826.30145,479.6
826.41992,479.6
826.53839,480.0
826.6568,477.2
826.77527,472.4
826.89368,477.8
827.01215,478.0
827.13055,478.0
827.24902,474.6
827.36743,472.8
827.48584,474.0
827.60431,475.4
827.72272,473.8
827.84113,474.6
827.95953,476.2
828.07794,473.2
828.19635,470.4
828.31476,469.4
828.43317,468.6
828.55157,473.4
828.66998,473.8
828.78839,476.8
828.90674,473.8
829.02515,473.8
829.14355,479.8
829.2619,472.6
829.38031,469.4
829.49872,472.8
829.61707,465.0
829.73547,475.4
829.85382,472.0
829.97217,470.2
830.09058,473.2
830.20892,474.2
830.32727,470.6
830.44562,473.8
830.56403,475.2
830.68237,472.4
830.80072,470.8
830.91907,475.6
831.03741,473.2
831.15576,472.6
831.27411,466.2
831.3924,475.2
831.51074,471.0
831.62909,470.2
831.74744,469.0
831.86572,476.4
831.98407,470.6
832.10242,472.4
832.2207,471.8
832.33905,471.8
832.45734,478.2
832.57562,469.6
832.69397,470.0
832.81226,474.0
832.93054,476.0
833.04889,472.0
833.16718,470.8
833.28546,471.2
833.40375,478.6
833.52203,471.6
833.64032,472.0
833.75861,473.8
833.87689,472.2
833.99518,474.0
834.1134,470.6
834.23169,474.0
834.34998,468.8
834.46826,473.2
834.58649,473.8
834.70477,476.4
834.823,469.0
834.94128,477.0
835.05951,471.6
835.1778,477.4
835.29602,467.0
835.41425,480.4
835.53253,472.6
835.65076,477.8
835.76898,472.4
835.88721,475.6
836.00543,478.4
836.12366,477.0
836.24188,475.0
836.36011,483.4
836.47833,481.4
836.59656,483.8
836.71478,481.8
836.83295,481.0
836.95117,472.4
837.0694,484.8
837.18756,481.6
837.30579,480.6
837.42401,484.6
837.54218,481.2
837.66034,477.8
837.77856,485.2
837.89673,481.2
838.01489,485.0
838.13312,476.0
838.25128,479.4
838.36945,478.8
838.48761,485.0
838.60577,482.6
838.72394,480.0
838.8421,480.8
838.96027,484.2
839.07843,482.0
839.19659,479.8
839.31476,485.0
839.43286,478.8
839.55103,482.6
839.66919,480.6
839.78729,475.6
839.90546,476.6
840.02356,478.6
840.14172,479.2
840.25983,472.0
840.37793,481.2
840.49609,477.6
840.6142,478.6
840.7323,477.8
840.8504,475.8
840.96851,473.0
841.08661,473.8
841.20471,477.8
841.32281,475.0
841.44092,473.4
841.55902,479.6
841.67712,477.8
841.79523,475.0
841.91327,473.6
842.03137,478.2
842.14948,481.0
842.26752,472.0
842.38562,471.6
842.50366,469.6
842.62177,474.8
842.73981,467.0
842.85791,474.8
842.97595,473.4
843.09399,467.6
843.21204,470.8
843.33008,472.0
843.44818,471.6
843.56622,466.8
843.68427,471.6
843.80231,471.8
843.92029,472.0
844.03833,471.4
844.15637,468.6
844.27441,470.2
844.39246,469.8
844.51044,468.4
844.62848,472.2
844.74646,469.4
844.8645,472.0
844.98248,467.8
845.10052,471.4
845.21851,469.4
845.33649,472.6
845.45453,471.4
845.57251,475.0
845.69049,468.0
845.80847,468.4
845.92645,468.2
846.04443,469.2
846.16241,469.6
846.2804,468.8
846.39838,472.2
846.51636,470.8
846.63434,473.2
846.75226,472.0
846.87024,467.0
846.98822,470.0
847.10614,473.2
847.22412,470.8
847.34204,466.6
847.46002,468.0
847.57794,469.2
847.69586,472.2
847.81384,466.6
847.93176,475.4
848.04968,471.2
848.1676,471.2
848.28552,470.8
848.40344,472.4
848.52136,463.4
848.63928,467.4
848.7572,472.4
848.87512,473.8
848.99304,473.2
849.1109,473.6
849.22882,467.2
849.34674,472.8
849.4646,468.6
849.58252,471.8
849.70038,468.2
849.8183,470.0
849.93616,471.6
850.05402,477.0
850.17194,470.2
850.28979,469.6
850.40765,470.0
850.52551,478.4
850.64337,473.8
850.76123,475.0
850.87909,469.2
850.99695,473.2
851.11481,468.6
851.23267,473.2
851.35046,466.8
851.46832,473.6
851.58618,471.0
851.70398,476.8
851.82184,471.0
851.93964,471.4
852.0575,472.0
852.17529,472.4
852.29315,474.4
852.41095,470.6
852.52875,474.6
852.64655,473.4
852.7644,467.0
852.8822,474.2
853.0,472.0
853.1178,472.6
853.2356,473.0
853.35333,469.0
853.47113,474.2
853.58893,466.8
853.70673,474.8
853.82446,478.0
853.94226,472.6
854.06006,468.8
854.1778,472.8
854.29559,472.0
854.41333,478.6
854.53107,470.4
854.64886,477.0
854.7666,473.4
854.88434,465.4
855.00208,475.8
855.11981,470.2
855.23761,473.8
855.35535,479.8
855.47302,476.8
855.59076,475.6
855.7085,476.4
855.82623,475.2
855.94397,480.2
856.06165,474.6
856.17938,477.2
856.29712,477.6
856.41479,476.6
856.53253,473.4
856.65021,478.2
856.76788,475.2
856.88562,480.0
857.0033,476.8
857.12097,478.4
857.23865,474.4
857.35632,475.6
857.474,472.0
857.59167,476.2
857.70935,473.2
857.82703,476.4
857.9447,476.2
858.06238,472.8
858.18005,475.2
858.29767,477.8
858.41534,475.4
858.53296,470.8
858.65063,477.0
858.76825,473.8
858.88593,475.6
859.00354,470.6
859.12115,469.2
859.23883,475.0
859.35645,471.2
859.47406,475.2
859.59167,470.2
859.70929,475.8
859.8269,473.4
859.94452,470.0
860.06213,472.4
860.17975,476.2
860.29736,469.6
860.41492,468.0
860.53253,468.6
860.65009,468.2
860.7677,472.6
860.88525,474.8
861.00287,472.6
861.12042,474.6
861.23804,474.0
861.35559,477.6
861.47314,468.0
861.5907,472.6
861.70825,472.6
861.82581,472.6
861.94336,469.6
862.06091,472.6
862.17847,471.2
862.29602,472.4
862.41357,464.2
862.53113,474.0
862.64862,466.6
862.76617,468.8
862.88367,471.0
863.00122,471.0
863.11871,471.2
863.23627,472.2
863.35376,470.2
863.47125,470.6
863.58881,467.2
863.7063,474.4
863.82379,470.4
863.94128,469.8
864.05878,466.8
864.17627,474.0
864.29376,469.2
864.41125,474.8
864.52869,469.0
864.64618,472.2
864.76367,470.0
864.8811,470.6
864.9986,465.2
865.11609,471.4
865.23352,467.2
865.35095,471.0
865.46844,472.4
865.58588,469.8
865.70331,467.6
865.82074,470.2
865.93823,471.0
866.05566,471.2
866.1731,474.0
866.29053,470.8
866.4079,470.2
866.52533,468.4
866.64276,467.8
866.76019,470.2
866.87756,468.6
866.995,470.8
867.11243,470.6
867.2298,469.2
867.34723,472.4
867.4646,471.6
867.58197,471.8
867.6994,471.2
867.81677,475.8
867.93414,469.2
868.05151,474.8
868.16888,475.4
868.28625,468.4
868.40363,473.2
868.521,472.0
868.63837,473.0
868.75568,467.0
868.87305,472.0
868.99042,475.0
869.10773,468.2
869.2251,471.4
869.34241,469.4
869.45978,469.0
869.57709,473.8
869.69446,467.6
869.81177,468.6
869.92908,467.8
870.04639,473.8
870.1637,468.4
870.28101,470.6
870.39832,469.2
870.51563,472.0
870.63293,469.4
870.75024,472.0
870.86749,467.0
870.9848,469.4
871.10211,473.4
871.21936,473.0
871.33667,468.0
871.45392,474.6
871.57123,472.0
871.68848,472.0
871.80573,469.0
871.92297,469.0
872.04028,470.2
872.15753,474.6
872.27478,467.4
872.39203,465.0
872.50928,468.0
872.62646,471.0
872.74371,471.8
872.86096,469.2
872.97821,471.2
873.0954,468.8
873.21265,467.0
873.32983,468.8
873.44708,468.6
873.56427,471.8
873.68152,469.0
873.79871,468.2
873.91589,469.8
874.03308,467.6
874.15027,470.4
874.26746,467.6
874.38464,468.8
874.50183,469.8
874.61902,466.8
874.73621,471.8
874.85339,467.6
874.97052,472.0
875.08771,469.8
875.2049,472.0
875.32202,474.0
875.43921,472.8
875.55634,471.4
875.67346,474.8
875.79065,470.2
875.90778,473.0
876.0249,473.4
876.14203,474.6
876.25916,471.6
876.37628,470.0
876.49341,467.8
876.61053,471.0
876.72766,469.2
876.84473,477.0
876.96185,466.4
877.07898,470.4
877.19604,474.0
877.31317,474.6
877.43024,473.6
877.54736,474.0
877.66443,469.0
877.78149,472.8
877.89856,472.2
878.01569,469.6
878.13275,470.2
878.24982,472.0
878.36688,474.8
878.48395,480.0
878.60095,470.2
878.71802,473.2
878.83508,465.0
878.95215,472.6
879.06915,471.2
879.18622,472.2
879.30322,466.6
879.42029,470.4
879.53729,473.6
879.6543,470.4
879.77136,466.4
879.88837,473.2
880.00537,473.2
880.12238,467.6
880.23938,469.4
880.35638,473.4
880.47339,467.6
880.59039,471.4
880.70734,469.8
880.82434,467.8
880.94135,470.8
881.05829,474.0
881.17529,471.0
881.29224,468.2
881.40924,473.6
881.52618,467.4
881.64313,471.8
881.76007,473.6
881.87701,472.2
881.99402,475.2
882.11096,473.8
882.22791,469.4
882.34479,472.4
882.46173,475.8
882.57867,473.2
882.69562,473.8
882.8125,474.8
882.92944,469.0
883.04639,475.0
883.16327,473.8
883.28015,471.6
883.39709,469.6
883.51398,475.4
883.63086,467.6
883.74774,470.6
883.86462,471.6
883.98157,467.8
884.09839,472.0
884.21527,466.2
884.33215,472.4
884.44904,471.0
884.56592,472.6
884.68274,466.0
884.79962,475.8
884.9165,470.6
885.03333,476.2
885.15015,470.0
885.26703,474.8
885.38385,474.0
885.50067,475.2
885.61749,470.8
885.73438,472.2
885.8512,474.2
885.96802,471.6
886.08478,471.2
886.2016,477.0
886.31842,474.6
886.43524,473.2
886.55206,472.8
886.66882,479.8
886.78564,476.4
886.9024,478.2
887.01923,473.8
887.13599,475.4
887.25275,474.2
887.36951,474.8
887.48633,477.8
887.60309,477.2
887.71985,474.2
887.83661,478.2
887.95337,475.4
888.07007,471.4
888.18683,476.8
888.30359,473.8
888.42035,476.4
888.53705,477.0
888.65381,470.6
888.77051,473.4
888.88721,470.2
889.00397,471.8
889.12067,474.2
889.23737,471.0
889.35406,477.4
889.47083,474.2
889.58752,475.0
889.70416,475.6
889.82086,473.6
889.93756,476.6
890.05426,471.8
890.17096,477.0
890.2876,473.0
890.4043,476.4
890.52094,473.4
890.63763,468.4
890.75427,473.8
890.87091,473.6
890.98761,475.4
891.10425,477.4
891.22089,473.6
891.33752,476.4
891.45416,470.4
891.5708,482.0
891.68744,470.6
891.80408,481.2
891.92065,471.0
892.03729,475.4
892.15393,474.4
892.27051,476.8
892.38715,475.6
892.50372,477.2
892.6203,473.6
892.73694,479.8
892.85352,475.8
892.97009,474.0
893.08667,475.0
893.20325,473.8
893.31982,478.2
893.4364,478.0
893.55298,473.2
893.66956,478.2
893.78607,478.8
893.90265,484.4
894.01917,479.6
894.13574,483.0
894.25226,474.0
894.36884,472.8
894.48535,482.6
894.60187,478.6
894.71838,480.2
894.8349,479.0
894.95148,474.2
895.06793,479.2
895.18445,477.8
895.30096,475.2
895.41748,474.6
895.534,476.0
895.65045,474.6
895.76697,477.8
895.88342,477.0
895.99994,480.8
896.11639,485.2
896.23291,476.0
896.34937,474.6
896.46582,478.8
896.58228,478.8
896.69873,476.2
896.81519,480.6
896.93164,476.0
897.0481,479.0
897.16455,483.4
897.28094,477.2
897.3974,474.4
897.51385,480.2
897.63025,474.0
897.7467,478.0
897.8631,476.0
897.97949,474.6
898.09595,475.4
898.21234,472.2
898.32874,476.8
898.44513,478.8
898.56152,478.0
898.67792,477.2
898.79431,476.4
898.91064,474.4
899.02704,473.4
899.14343,474.2
899.25977,473.8
899.37616,477.2
899.49249,474.8
899.60889,474.4
899.72522,476.2
899.84155,476.8
899.95789,477.0
900.07428,473.2
900.19061,473.0
900.30695,477.0
900.42322,475.6
900.53955,469.8
900.65588,474.8
900.77222,473.8
900.88849,476.6
901.00482,468.0
901.12109,472.6
901.23743,470.2
901.3537,470.6
901.47003,469.0
901.5863,473.4
901.70258,468.0
901.81885,470.4
901.93512,469.0
902.05139,469.6
902.16766,466.6
902.28394,467.4
902.40021,474.8
902.51642,475.6
902.63269,473.2
902.7489,470.4
902.86517,471.0
902.98138,472.8
903.09766,470.2
903.21387,472.2
903.33008,468.8
903.44629,474.4
903.5625,467.0
903.67871,463.6
903.79492,470.4
903.91113,468.6
904.02734,470.0
904.14355,471.6
904.2597,468.0
904.37592,467.6
904.49207,467.0
904.60828,467.2
904.72443,471.6
904.84064,470.6
904.95679,469.4
905.07294,467.4
905.18909,469.0
905.30524,468.0
905.42139,459.4
905.53754,467.8
905.65369,461.8
905.76984,464.8
905.88593,466.6
906.00208,461.6
906.11816,464.8
906.23431,464.4
906.3504,466.8
906.46655,469.8
906.58264,465.8
906.69873,463.2
906.81482,467.2
906.93091,467.8
907.047,469.0
907.16309,465.8
907.27917,467.8
907.39526,468.2
907.51135,470.8
907.62738,465.0
907.74347,466.6
907.8595,469.8
907.97559,469.8
908.09161,465.6
908.2077,465.8
908.32373,467.4
908.43976,469.0
908.55579,470.0
908.67181,469.6
908.78784,471.0
908.90387,467.4
909.0199,472.0
909.13586,465.4
909.25189,470.2
909.36792,463.0
909.48389,463.8
909.59991,468.2
909.71588,469.0
909.83185,466.2
909.94788,465.8
910.06384,469.6
910.17981,473.4
910.29578,470.0
910.41174,468.8
910.52771,469.4
910.64368,471.6
910.75958,467.6
910.87555,463.2
910.99152,465.6
911.10742,467.4
911.22339,466.2
911.33929,474.6
911.4552,467.2
911.57117,463.2
911.68707,473.6
911.80298,467.2
911.91888,470.0
912.03479,467.4
912.1507,474.2
912.2666,469.0
912.38245,468.0
912.49835,471.8
912.61426,466.4
912.7301,470.0
912.84601,474.0
792.4458,527.2
792.56488,529.0
792.68396,536.8
792.8031,532.0
792.92218,520.4
793.04126,517.8
793.16034,523.8
793.27942,521.8
793.3985,512.4
793.51758,514.8
793.63672,512.0
793.7558,512.6
793.87488,517.8
793.9939,513.4
794.11298,506.6
794.23206,508.2
794.35114,509.2
794.47021,508.0
794.58929,504.0
794.70831,502.6
794.82739,506.6
794.94647,502.2
795.06549,506.6
795.18457,507.2
795.30365,501.0
795.42267,497.6
795.54175,502.4
795.66077,500.8
795.77985,498.2
795.89886,498.4
796.01794,500.2
796.13696,501.6
796.25598,501.2
796.375,499.2
796.49408,499.2
796.6131,500.2
796.73212,499.4
796.85114,495.6
796.97015,502.2
797.08923,490.0
797.20825,496.2
797.32727,502.0
797.44629,498.4
797.56531,498.0
797.68427,499.4
797.80328,497.4
797.9223,498.0
798.04132,500.4
798.16034,501.6
798.27936,494.0
798.39832,497.8
798.51733,491.6
798.63635,500.2
798.75531,499.2
798.87433,497.0
798.99329,496.0
799.1123,492.2
799.23126,496.0
799.35028,491.0
799.46924,494.0
799.58826,495.8
799.70721,500.0
799.82617,498.0
799.94519,494.0
800.06415,495.8
800.18311,498.4
800.30206,496.2
800.42102,493.2
800.54004,503.4
800.659,496.0
800.77795,499.4
800.89691,496.0
801.01587,499.2
801.13483,503.2
801.25372,502.0
801.37268,493.2
801.49164,497.0
801.6106,503.4
801.72955,498.0
801.84845,501.8
801.96741,499.0
802.08636,501.0
802.20526,502.0
802.32422,504.8
802.44318,503.8
802.56207,503.0
802.68103,501.4
802.79993,501.2
802.91882,501.8
803.03778,501.6
803.15668,505.8
803.27557,508.2
803.39453,504.8
803.51343,505.2
803.63232,509.0
803.75122,505.4
803.87012,507.6
803.98907,503.6
804.10797,505.0
804.22687,502.8
804.34576,507.6
804.46466,507.4
804.58356,503.8
804.70239,509.4
804.82129,506.4
804.94019,513.4
805.05908,504.6
805.17798,504.2
805.29681,512.8
805.41571,502.6
805.53461,512.0
805.65344,511.8
805.77234,510.2
805.89117,508.2
806.01007,511.4
806.12891,511.4
806.2478,507.2
806.36664,512.0
806.48547,512.0
806.60437,512.0
806.72321,512.2
806.84204,511.4
806.96088,506.2
807.07971,507.8
807.19861,514.2
807.31744,516.4
807.43628,512.8
807.55511,510.8
807.67395,510.2
807.79279,515.4
807.91162,514.2
808.0304,512.0
808.14923,515.6
808.26807,512.0
808.3869,512.8
808.50568,512.2
808.62451,519.8
808.74335,518.6
808.86212,511.4
808.98096,516.6
809.09979,519.4
809.21857,515.8
809.33734,519.6
809.45618,517.0
809.57495,519.8
809.69379,521.0
809.81256,520.0
809.93134,515.8
810.05011,518.2
810.16895,513.2
810.28772,512.8
810.40649,519.6
810.52527,517.0
810.64404,518.2
810.76282,522.0
810.88159,518.8
811.00037,516.6
811.11914,520.6
811.23792,521.4
811.35663,520.4
811.4754,526.4
811.59418,520.0
811.71295,523.4
811.83167,519.6
811.95044,514.6
812.06921,519.0
812.18793,521.0
812.3067,518.2
812.42542,521.4
812.54419,517.6
812.6629,525.4
812.78162,518.6
812.90039,517.4
813.0191,517.2
813.13782,518.6
813.25653,514.8
813.37524,515.2
813.49402,517.2
813.61273,517.4
813.73145,515.2
813.85016,523.2
813.96887,515.0
814.08759,514.4
814.2063,518.6
814.32495,519.6
814.44366,515.2
814.56238,518.0
814.68109,512.8
814.79974,513.4
814.91846,514.8
815.03717,517.4
815.15582,516.0
815.27454,510.2
815.39319,512.6
815.5119,520.4
815.63055,511.6
815.74927,512.6
815.86792,511.6
815.98657,513.8
816.10529,515.4
816.22394,517.0
816.34259,514.2
816.46124,515.2
816.5799,514.2
816.69855,513.0
816.8172,516.4
816.93585,513.2
817.0545,514.4
817.17316,510.6
817.29181,505.2
817.41046,507.4
817.52911,504.6
817.64771,501.8
817.76636,499.6
817.88501,502.4
818.0036,497.2
818.12225,500.0
818.24091,495.2
818.3595,495.2
818.47815,494.4
818.59674,493.4
818.71533,492.6
818.83398,494.0
818.95258,490.2
819.07117,489.0
819.18976,484.2
819.30841,489.8
819.427,491.8
819.54559,487.2
819.66418,490.6
819.78278,483.4
819.90137,480.6
820.01996,483.2
820.13855,483.6
820.25714,485.2
820.37573,481.6
820.49426,479.8
820.61285,481.2
820.73145,478.2
820.84998,479.0
820.96857,484.6
821.08716,482.8
821.20569,479.4
821.32428,478.0
821.44281,475.2
821.56134,476.8
821.67993,480.8
821.79846,477.0
821.91699,478.8
822.03558,483.0
822.15411,482.2
822.27264,479.8
822.39117,477.6
822.5097,480.4
822.62823,480.2
822.74677,480.2
822.8653,478.4
822.98383,480.0
823.10236,483.6
823.22089,475.0
823.33942,479.8
823.45789,478.0
823.57642,478.6
823.69495,479.4
823.81342,480.6
823.93195,477.2
824.05042,479.2
824.16895,479.4
824.28741,478.8
824.40594,480.6
824.52441,477.0
824.64288,480.2
824.76141,477.0
824.87988,475.8
824.99835,477.6
825.11682,483.2
825.23529,479.6
825.35376,475.8
825.47223,474.0
825.5907,473.6
825.70917,478.2
825.82764,476.4
825.94611,475.4
826.06458,473.4
826.18304,468.6
826.30145,482.2
826.41992,475.0
826.53839,470.8
826.6568,468.2
826.77527,474.6
826.89368,473.6
827.01215,473.2
827.13055,469.4
827.24902,472.8
827.36743,473.2
827.48584,472.6
827.60431,474.0
827.72272,469.2
827.84113,473.0
827.95953,469.2
828.07794,473.0
828.19635,470.6
828.31476,472.2
828.43317,471.2
828.55157,467.0
828.66998,473.8
828.78839,469.8
828.90674,473.0
829.02515,469.8
829.14355,475.6
829.2619,469.6
829.38031,468.0
829.49872,469.8
829.61707,467.8
829.73547,467.0
829.85382,473.4
829.97217,469.2
830.09058,473.0
830.20892,471.8
830.32727,469.0
830.44562,471.4
830.56403,472.4
830.68237,470.4
830.80072,473.6
830.91907,469.8
831.03741,467.8
831.15576,474.6
831.27411,466.0
831.3924,470.6
831.51074,465.2
831.62909,473.4
831.74744,473.6
831.86572,472.4
831.98407,470.2
832.10242,468.8
832.2207,470.6
832.33905,468.6
832.45734,471.0
832.57562,466.0
832.69397,467.2
832.81226,474.0
832.93054,469.4
833.04889,470.6
833.16718,462.4
833.28546,469.0
833.40375,474.0
833.52203,472.6
833.64032,472.6
833.75861,473.2
833.87689,467.2
833.99518,469.8
834.1134,474.6
834.23169,476.4
834.34998,470.2
834.46826,476.0
834.58649,464.8
834.70477,473.4
834.823,469.4
834.94128,470.2
835.05951,469.8
835.1778,476.6
835.29602,468.2
835.41425,474.8
835.53253,468.6
835.65076,475.2
835.76898,468.2
835.88721,474.2
836.00543,472.8
836.12366,473.4
836.24188,468.8
836.36011,474.6
836.47833,474.0
836.59656,477.2
836.71478,475.0
836.83295,475.2
836.95117,471.4
837.0694,476.4
837.18756,477.0
837.30579,474.4
837.42401,475.0
837.54218,478.0
837.66034,472.8
837.77856,476.6
837.89673,474.4
838.01489,474.6
838.13312,477.0
838.25128,478.0
838.36945,473.4
838.48761,478.4
838.60577,476.6
838.72394,479.6
838.8421,478.0
838.96027,477.2
839.07843,475.6
839.19659,476.2
839.31476,474.4
839.43286,480.0
839.55103,472.4
839.66919,474.6
839.78729,476.4
839.90546,476.4
840.02356,473.4
840.14172,478.8
840.25983,472.8
840.37793,476.2
840.49609,473.8
840.6142,470.6
840.7323,476.6
840.8504,475.0
840.96851,473.4
841.08661,471.8
841.20471,473.2
841.32281,472.2
841.44092,465.6
841.55902,474.6
841.67712,471.4
841.79523,474.8
841.91327,470.0
842.03137,474.6
842.14948,475.4
842.26752,471.4
842.38562,473.2
842.50366,473.8
842.62177,469.0
842.73981,469.0
842.85791,468.0
842.97595,472.8
843.09399,468.0
843.21204,471.2
843.33008,473.0
843.44818,468.0
843.56622,468.2
843.68427,472.4
843.80231,470.0
843.92029,468.4
844.03833,471.2
844.15637,464.8
844.27441,470.4
844.39246,469.2
844.51044,466.6
844.62848,466.4
844.74646,469.0
844.8645,470.4
844.98248,464.4
845.10052,467.6
845.21851,473.4
845.33649,471.6
845.45453,473.0
845.57251,474.8
845.69049,469.4
845.80847,469.2
845.92645,469.4
846.04443,470.2
846.16241,467.4
846.2804,471.8
846.39838,468.2
846.51636,471.0
846.63434,469.6
846.75226,471.6
846.87024,469.4
846.98822,470.8
847.10614,474.4
847.22412,470.2
847.34204,470.0
847.46002,465.6
847.57794,470.6
847.69586,469.8
847.81384,469.4
847.93176,467.2
848.04968,470.4
848.1676,475.2
848.28552,470.0
848.40344,468.2
848.52136,468.8
848.63928,469.0
848.7572,469.8
848.87512,469.0
848.99304,469.8
849.1109,473.0
849.22882,465.8
849.34674,471.2
849.4646,466.2
849.58252,469.6
849.70038,465.6
849.8183,470.8
849.93616,470.8
850.05402,470.8
850.17194,471.2
850.28979,467.8
850.40765,470.8
850.52551,476.2
850.64337,472.2
850.76123,467.8
850.87909,468.8
850.99695,471.0
851.11481,467.4
851.23267,466.8
851.35046,473.4
851.46832,468.6
851.58618,468.8
851.70398,471.4
851.82184,473.0
851.93964,475.2
852.0575,473.6
852.17529,475.8
852.29315,470.8
852.41095,469.2
852.52875,470.4
852.64655,471.6
852.7644,472.8
852.8822,472.6
853.0,468.8
853.1178,474.4
853.2356,471.6
853.35333,472.0
853.47113,470.8
853.58893,473.0
853.70673,469.8
853.82446,468.8
853.94226,474.4
854.06006,472.2
854.1778,472.8
854.29559,470.2
854.41333,469.6
854.53107,471.8
854.64886,475.0
854.7666,474.6
854.88434,473.6
855.00208,472.0
855.11981,475.0
855.23761,474.2
855.35535,472.8
855.47302,474.4
855.59076,470.6
855.7085,474.8
855.82623,471.2
855.94397,468.8
856.06165,472.8
856.17938,477.4
856.29712,474.8
856.41479,478.6
856.53253,471.0
856.65021,471.0
856.76788,470.0
856.88562,473.2
857.0033,467.8
857.12097,472.2
857.23865,477.0
857.35632,473.2
857.474,471.6
857.59167,472.6
857.70935,469.8
857.82703,469.8
857.9447,473.4
858.06238,469.6
858.18005,469.6
858.29767,472.2
858.41534,468.4
858.53296,473.6
858.65063,472.4
858.76825,470.8
858.88593,473.4
859.00354,471.2
859.12115,469.0
859.23883,471.0
859.35645,471.8
859.47406,474.2
859.59167,472.0
859.70929,472.2
859.8269,470.2
859.94452,465.2
860.06213,474.0
860.17975,470.2
860.29736,471.2
860.41492,474.2
860.53253,466.2
860.65009,471.4
860.7677,465.6
860.88525,474.2
861.00287,470.2
861.12042,471.2
861.23804,474.2
861.35559,469.4
861.47314,467.6
861.5907,467.8
861.70825,468.2
861.82581,471.4
861.94336,467.8
862.06091,464.8
862.17847,473.4
862.29602,473.0
862.41357,469.6
862.53113,465.8
862.64862,473.2
862.76617,467.8
862.88367,471.0
863.00122,470.8
863.11871,473.6
863.23627,469.8
863.35376,469.2
863.47125,466.4
863.58881,468.8
863.7063,468.2
863.82379,468.0
863.94128,471.2
864.05878,469.4
864.17627,471.6
864.29376,469.2
864.41125,470.6
864.52869,465.8
864.64618,468.2
864.76367,467.6
864.8811,467.0
864.9986,466.6
865.11609,467.4
865.23352,466.6
865.35095,467.4
865.46844,468.8
865.58588,469.6
865.70331,464.2
865.82074,473.0
865.93823,470.6
866.05566,467.0
866.1731,465.8
866.29053,472.4
866.4079,470.4
866.52533,472.0
866.64276,469.4
866.76019,466.2
866.87756,467.8
866.995,474.0
867.11243,470.6
867.2298,471.4
867.34723,469.0
867.4646,469.2
867.58197,469.0
867.6994,470.4
867.81677,472.6
867.93414,472.2
868.05151,466.8
868.16888,468.8
868.28625,470.4
868.40363,467.2
868.521,471.6
868.63837,472.8
868.75568,466.6
868.87305,471.6
868.99042,473.8
869.10773,470.0
869.2251,468.8
869.34241,475.0
869.45978,467.8
869.57709,472.2
869.69446,468.2
869.81177,468.0
869.92908,466.8
870.04639,468.8
870.1637,464.8
870.28101,473.4
870.39832,469.4
870.51563,469.2
870.63293,469.6
870.75024,471.2
870.86749,472.2
870.9848,473.6
871.10211,469.4
871.21936,473.6
871.33667,469.4
871.45392,472.4
871.57123,467.2
871.68848,466.8
871.80573,466.6
871.92297,469.2
872.04028,467.0
872.15753,468.8
872.27478,469.2
872.39203,468.0
872.50928,471.6
872.62646,466.8
872.74371,466.8
872.86096,475.4
872.97821,470.6
873.0954,473.2
873.21265,467.4
873.32983,474.4
873.44708,472.0
873.56427,476.6
873.68152,469.8
873.79871,471.6
873.91589,467.8
874.03308,471.2
874.15027,468.2
874.26746,471.0
874.38464,468.0
874.50183,467.6
874.61902,470.6
874.73621,470.6
874.85339,471.8
874.97052,471.2
875.08771,468.0
875.2049,470.8
875.32202,465.8
875.43921,471.0
875.55634,468.6
875.67346,474.2
875.79065,467.0
875.90778,467.0
876.0249,468.8
876.14203,473.2
876.25916,468.4
876.37628,472.8
876.49341,475.6
876.61053,472.0
876.72766,464.6
876.84473,471.0
876.96185,474.8
877.07898,469.6
877.19604,472.0
877.31317,469.2
877.43024,469.0
877.54736,478.0
877.66443,469.2
877.78149,468.4
877.89856,470.6
878.01569,467.6
878.13275,470.2
878.24982,471.6
878.36688,473.0
878.48395,470.6
878.60095,463.2
878.71802,470.2
878.83508,472.4
878.95215,467.0
879.06915,468.0
879.18622,472.8
879.30322,466.8
879.42029,470.4
879.53729,472.8
879.6543,468.0
879.77136,462.2
879.88837,472.6
880.00537,470.0
880.12238,473.4
880.23938,467.6
880.35638,469.6
880.47339,470.0
880.59039,466.2
880.70734,470.8
880.82434,469.0
880.94135,469.4
881.05829,471.8
881.17529,473.0
881.29224,473.0
881.40924,470.4
881.52618,466.2
881.64313,467.0
881.76007,465.6
881.87701,475.0
881.99402,475.6
882.11096,472.4
882.22791,470.4
882.34479,466.4
882.46173,474.0
882.57867,470.2
882.69562,468.2
882.8125,474.6
882.92944,471.6
883.04639,472.0
883.16327,475.8
883.28015,472.4
883.39709,474.0
883.51398,469.6
883.63086,471.8
883.74774,479.2
883.86462,470.0
883.98157,470.2
884.09839,470.4
884.21527,469.2
884.33215,474.4
884.44904,471.0
884.56592,468.2
884.68274,471.6
884.79962,471.4
884.9165,471.0
885.03333,475.6
885.15015,470.6
885.26703,472.6
885.38385,470.6
885.50067,470.4
885.61749,469.6
885.73438,471.0
885.8512,473.0
885.96802,472.8
886.08478,468.8
886.2016,474.4
886.31842,472.8
886.43524,473.4
886.55206,473.6
886.66882,478.0
886.78564,472.8
886.9024,475.8
887.01923,472.6
887.13599,477.6
887.25275,477.2
887.36951,474.6
887.48633,470.8
887.60309,476.8
887.71985,475.4
887.83661,476.4
887.95337,474.0
888.07007,469.8
888.18683,474.4
888.30359,478.2
888.42035,470.4
888.53705,475.2
888.65381,469.0
888.77051,472.2
888.88721,473.4
889.00397,474.4
889.12067,471.4
889.23737,467.4
889.35406,475.2
889.47083,471.0
889.58752,469.0
889.70416,471.6
889.82086,472.4
889.93756,478.0
890.05426,470.4
890.17096,478.8
890.2876,471.2
890.4043,469.8
890.52094,468.6
890.63763,473.2
890.75427,476.0
890.87091,470.8
890.98761,467.6
891.10425,472.0
891.22089,473.4
891.33752,474.4
891.45416,470.8
891.5708,472.8
891.68744,474.6
891.80408,472.8
891.92065,471.0
892.03729,473.4
892.15393,479.2
892.27051,473.2
892.38715,476.8
892.50372,472.8
892.6203,477.6
892.73694,476.0
892.85352,480.4
892.97009,476.2
893.08667,473.4
893.20325,473.6
893.31982,478.0
893.4364,477.8
893.55298,472.4
893.66956,476.4
893.78607,474.8
893.90265,479.6
894.01917,479.2
894.13574,480.0
894.25226,482.6
894.36884,476.0
894.48535,479.2
894.60187,477.4
894.71838,479.2
894.8349,475.4
894.95148,472.0
895.06793,476.8
895.18445,482.4
895.30096,472.2
895.41748,476.0
895.534,476.0
895.65045,478.0
895.76697,479.4
895.88342,476.0
895.99994,475.6
896.11639,474.6
896.23291,472.8
896.34937,471.6
896.46582,477.0
896.58228,477.2
896.69873,479.8
896.81519,479.8
896.93164,474.0
897.0481,477.8
897.16455,476.8
897.28094,471.2
897.3974,469.6
897.51385,475.2
897.63025,476.2
897.7467,474.6
897.8631,475.6
897.97949,473.8
898.09595,474.2
898.21234,476.2
898.32874,476.8
898.44513,471.6
898.56152,472.2
898.67792,477.8
898.79431,469.0
898.91064,475.6
899.02704,471.8
899.14343,475.4
899.25977,475.4
899.37616,468.2
899.49249,472.2
899.60889,473.4
899.72522,477.2
899.84155,476.4
899.95789,473.8
900.07428,471.6
900.19061,472.6
900.30695,470.0
900.42322,471.0
900.53955,464.8
900.65588,473.2
900.77222,467.8
900.88849,470.0
901.00482,471.0
901.12109,471.2
901.23743,470.4
901.3537,473.2
901.47003,470.8
901.5863,469.0
901.70258,470.0
901.81885,471.2
901.93512,466.4
902.05139,467.6
902.16766,465.8
902.28394,468.0
902.40021,468.0
902.51642,469.6
902.63269,469.6
902.7489,469.4
902.86517,466.6
902.98138,466.4
903.09766,472.6
903.21387,468.6
903.33008,467.4
903.44629,472.8
903.5625,469.0
903.67871,469.0
903.79492,472.2
903.91113,470.0
904.02734,465.4
904.14355,468.2
904.2597,466.0
904.37592,467.4
904.49207,466.8
904.60828,466.0
904.72443,465.6
904.84064,467.4
904.95679,467.0
905.07294,468.2
905.18909,460.6
905.30524,464.2
905.42139,465.0
905.53754,470.6
905.65369,465.8
905.76984,463.2
905.88593,465.2
906.00208,469.2
906.11816,468.6
906.23431,467.6
906.3504,462.6
906.46655,463.6
906.58264,458.4
906.69873,469.8
906.81482,464.6
906.93091,463.0
907.047,468.0
907.16309,467.0
907.27917,469.4
907.39526,463.8
907.51135,464.4
907.62738,467.0
907.74347,463.8
907.8595,465.0
907.97559,468.0
908.09161,466.6
908.2077,462.6
908.32373,468.2
908.43976,466.2
908.55579,465.4
908.67181,467.6
908.78784,467.2
908.90387,466.2
909.0199,468.4
909.13586,466.0
909.25189,467.6
909.36792,464.4
909.48389,466.2
909.59991,465.8
909.71588,467.2
909.83185,470.8
909.94788,461.4
910.06384,464.4
910.17981,472.8
910.29578,469.6
910.41174,469.2
910.52771,468.2
910.64368,471.4
910.75958,463.6
910.87555,468.4
910.99152,465.2
911.10742,471.6
911.22339,463.8
911.33929,466.4
911.4552,466.4
911.57117,463.0
911.68707,470.4
911.80298,470.0
911.91888,467.2
912.03479,464.8
912.1507,468.6
912.2666,470.8
912.38245,470.4
912.49835,471.4
912.61426,473.4
912.7301,465.2
912.84601,466.6
792.4458,532.2
792.56488,529.8
792.68396,544.6
792.8031,538.2
792.92218,528.2
793.04126,526.0
793.16034,532.6
793.27942,529.6
793.3985,525.0
793.51758,520.6
793.63672,514.6
793.7558,519.2
793.87488,524.4
793.9939,522.0
794.11298,517.8
794.23206,512.6
794.35114,516.6
794.47021,508.8
794.58929,511.6
794.70831,505.6
794.82739,512.8
794.94647,508.4
795.06549,509.0
795.18457,511.6
795.30365,512.8
795.42267,504.6
795.54175,509.8
795.66077,506.2
795.77985,505.2
795.89886,505.8
796.01794,507.6
796.13696,500.8
796.25598,507.8
796.375,504.2
796.49408,505.6
796.6131,503.6
796.73212,507.0
796.85114,502.6
796.97015,506.8
797.08923,502.8
797.20825,502.4
797.32727,503.2
797.44629,508.6
797.56531,503.6
797.68427,502.4
797.80328,501.4
797.9223,509.4
798.04132,499.4
798.16034,505.2
798.27936,502.8
798.39832,505.6
798.51733,499.4
798.63635,502.0
798.75531,503.0
798.87433,498.8
798.99329,500.8
799.1123,498.0
799.23126,500.6
799.35028,501.6
799.46924,500.2
799.58826,504.6
799.70721,509.6
799.82617,501.2
799.94519,502.0
800.06415,505.0
800.18311,497.2
800.30206,506.4
800.42102,501.8
800.54004,502.4
800.659,505.4
800.77795,503.8
800.89691,510.6
801.01587,506.0
801.13483,506.4
801.25372,504.6
801.37268,505.2
801.49164,504.8
801.6106,506.2
801.72955,504.6
801.84845,510.6
801.96741,511.4
802.08636,509.0
802.20526,505.8
802.32422,506.6
802.44318,509.0
802.56207,510.2
802.68103,509.8
802.79993,507.4
802.91882,509.8
803.03778,503.8
803.15668,511.6
803.27557,513.0
803.39453,505.6
803.51343,507.2
803.63232,511.2
803.75122,506.6
803.87012,512.0
803.98907,509.6
804.10797,511.6
804.22687,511.6
804.34576,516.0
804.46466,519.4
804.58356,511.2
804.70239,516.4
804.82129,513.8
804.94019,512.4
805.05908,510.8
805.17798,513.8
805.29681,520.2
805.41571,518.6
805.53461,518.6
805.65344,514.4
805.77234,516.6
805.89117,513.8
806.01007,520.0
806.12891,515.2
806.2478,517.4
806.36664,511.6
806.48547,516.4
806.60437,513.8
806.72321,521.4
806.84204,524.6
806.96088,518.8
807.07971,517.0
807.19861,520.2
807.31744,521.4
807.43628,522.0
807.55511,521.6
807.67395,524.6
807.79279,520.2
807.91162,525.0
808.0304,528.6
808.14923,523.8
808.26807,524.0
808.3869,525.0
808.50568,521.2
808.62451,528.8
808.74335,524.6
808.86212,529.4
808.98096,528.6
809.09979,524.0
809.21857,527.2
809.33734,524.0
809.45618,526.8
809.57495,530.2
809.69379,526.8
809.81256,525.4
809.93134,530.0
810.05011,525.8
810.16895,529.6
810.28772,524.0
810.40649,526.0
810.52527,535.2
810.64404,523.4
810.76282,534.2
810.88159,529.2
811.00037,530.8
811.11914,527.6
811.23792,528.6
811.35663,530.2
811.4754,532.8
811.59418,527.8
811.71295,527.4
811.83167,529.6
811.95044,527.8
812.06921,529.4
812.18793,530.2
812.3067,528.2
812.42542,524.8
812.54419,524.8
812.6629,528.8
812.78162,524.4
812.90039,529.8
813.0191,523.2
813.13782,528.8
813.25653,523.0
813.37524,528.0
813.49402,531.4
813.61273,528.0
813.73145,531.2
813.85016,530.6
813.96887,526.8
814.08759,526.6
814.2063,522.0
814.32495,531.0
814.44366,528.8
814.56238,526.6
814.68109,523.4
814.79974,524.4
814.91846,518.6
815.03717,520.4
815.15582,519.6
815.27454,521.8
815.39319,520.2
815.5119,523.2
815.63055,518.8
815.74927,522.0
815.86792,521.2
815.98657,521.8
816.10529,526.0
816.22394,521.0
816.34259,522.0
816.46124,527.6
816.5799,525.4
816.69855,529.2
816.8172,524.6
816.93585,522.2
817.0545,520.2
817.17316,516.6
817.29181,516.4
817.41046,512.4
817.52911,510.8
817.64771,510.6
817.76636,502.6
817.88501,503.8
818.0036,505.6
818.12225,501.0
818.24091,498.2
818.3595,497.2
818.47815,496.4
818.59674,496.2
818.71533,498.4
818.83398,493.0
818.95258,492.8
819.07117,491.6
819.18976,490.6
819.30841,491.6
819.427,488.2
819.54559,488.4
819.66418,487.0
819.78278,487.2
819.90137,491.0
820.01996,490.6
820.13855,482.8
820.25714,489.0
820.37573,484.6
820.49426,488.4
820.61285,486.8
820.73145,482.4
820.84998,480.6
820.96857,479.4
821.08716,482.6
821.20569,478.4
821.32428,481.0
821.44281,482.6
821.56134,486.4
821.67993,481.6
821.79846,477.4
821.91699,480.6
822.03558,482.6
822.15411,479.4
822.27264,484.8
822.39117,479.4
822.5097,479.8
822.62823,479.2
822.74677,478.2
822.8653,482.0
822.98383,477.6
823.10236,480.8
823.22089,480.0
823.33942,478.0
823.45789,480.0
823.57642,478.6
823.69495,480.2
823.81342,478.6
823.93195,480.4
824.05042,482.6
824.16895,483.2
824.28741,486.4
824.40594,487.2
824.52441,478.0
824.64288,481.2
824.76141,475.4
824.87988,475.4
824.99835,474.0
825.11682,477.0
825.23529,479.6
825.35376,478.0
825.47223,472.4
825.5907,474.2
825.70917,483.0
825.82764,473.4
825.94611,475.2
826.06458,470.6
826.18304,473.8
826.30145,478.6
826.41992,473.4
826.53839,474.6
826.6568,471.0
826.77527,473.8
826.89368,475.0
827.01215,474.0
827.13055,473.0
827.24902,472.8
827.36743,473.6
827.48584,472.4
827.60431,471.8
827.72272,473.4
827.84113,473.4
827.95953,464.0
828.07794,469.4
828.19635,473.6
828.31476,471.0
828.43317,468.6
828.55157,472.8
828.66998,472.6
828.78839,466.6
828.90674,472.4
829.02515,470.4
829.14355,477.8
829.2619,475.0
829.38031,469.8
829.49872,472.8
829.61707,469.6
829.73547,473.0
829.85382,469.6
829.97217,469.4
830.09058,474.0
830.20892,464.8
830.32727,471.8
830.44562,475.2
830.56403,470.2
830.68237,473.8
830.80072,470.2
830.91907,471.6
831.03741,473.6
831.15576,478.8
831.27411,469.2
831.3924,473.6
831.51074,473.6
831.62909,473.0
831.74744,470.8
831.86572,471.2
831.98407,472.2
832.10242,470.2
832.2207,473.8
832.33905,467.0
832.45734,471.8
832.57562,471.4
832.69397,468.4
832.81226,468.6
832.93054,471.8
833.04889,474.6
833.16718,467.2
833.28546,472.0
833.40375,475.6
833.52203,467.0
833.64032,469.0
833.75861,467.0
833.87689,470.2
833.99518,469.8
834.1134,470.8
834.23169,474.8
834.34998,471.8
834.46826,475.2
834.58649,471.2
834.70477,471.6
834.823,471.6
834.94128,473.2
835.05951,473.6
835.1778,471.2
835.29602,464.6
835.41425,472.8
835.53253,475.4
835.65076,475.6
835.76898,471.2
835.88721,473.0
836.00543,477.2
836.12366,476.2
836.24188,472.8
836.36011,480.4
836.47833,476.6
836.59656,477.4
836.71478,475.4
836.83295,478.6
836.95117,472.6
837.0694,479.2
837.18756,476.2
837.30579,474.4
837.42401,473.2
837.54218,474.8
837.66034,469.6
837.77856,479.6
837.89673,476.8
838.01489,478.4
838.13312,471.4
838.25128,476.8
838.36945,474.4
838.48761,475.4
838.60577,476.8
838.72394,479.4
838.8421,477.4
838.96027,481.0
839.07843,473.0
839.19659,477.0
839.31476,475.2
839.43286,475.6
839.55103,480.0
839.66919,480.2
839.78729,476.8
839.90546,472.6
840.02356,473.8
840.14172,474.8
840.25983,473.8
840.37793,477.6
840.49609,478.8
840.6142,475.4
840.7323,475.4
840.8504,474.4
840.96851,473.8
841.08661,475.8
841.20471,466.4
841.32281,479.4
841.44092,470.6
841.55902,474.8
841.67712,472.4
841.79523,475.6
841.91327,470.4
842.03137,468.6
842.14948,470.8
842.26752,470.2
842.38562,471.8
842.50366,470.8
842.62177,467.2
842.73981,468.4
842.85791,469.4
842.97595,470.4
843.09399,469.0
843.21204,469.0
843.33008,474.0
843.44818,472.0
843.56622,471.6
843.68427,469.6
843.80231,470.6
843.92029,471.8
844.03833,471.2
844.15637,467.2
844.27441,472.2
844.39246,469.6
844.51044,468.2
844.62848,469.6
844.74646,466.8
844.8645,465.8
844.98248,469.0
845.10052,469.8
845.21851,468.4
845.33649,471.8
845.45453,471.0
845.57251,471.2
845.69049,465.4
845.80847,468.2
845.92645,468.8
846.04443,467.4
846.16241,467.2
846.2804,471.4
846.39838,466.0
846.51636,470.8
846.63434,471.8
846.75226,470.2
846.87024,469.8
846.98822,465.0
847.10614,472.2
847.22412,469.2
847.34204,472.0
847.46002,467.6
847.57794,468.2
847.69586,474.2
847.81384,467.4
847.93176,468.0
848.04968,470.4
848.1676,465.6
848.28552,469.4
848.40344,467.8
848.52136,467.4
848.63928,468.2
848.7572,468.2
848.87512,468.6
848.99304,467.2
849.1109,467.4
849.22882,464.6
849.34674,467.2
849.4646,467.0
849.58252,469.8
849.70038,468.6
849.8183,472.6
849.93616,474.2
850.05402,472.8
850.17194,468.6
850.28979,466.6
850.40765,475.2
850.52551,470.0
850.64337,470.0
850.76123,469.6
850.87909,466.4
850.99695,474.6
851.11481,472.0
851.23267,474.6
851.35046,472.0
851.46832,472.0
851.58618,471.0
851.70398,476.0
851.82184,470.4
851.93964,468.0
852.0575,470.0
852.17529,478.6
852.29315,476.2
852.41095,471.0
852.52875,469.8
852.64655,477.6
852.7644,476.2
852.8822,469.8
853.0,465.4
853.1178,470.2
853.2356,467.4
853.35333,470.2
853.47113,471.8
853.58893,466.4
853.70673,473.6
853.82446,475.8
853.94226,471.0
854.06006,468.8
854.1778,474.8
854.29559,468.0
854.41333,467.8
854.53107,476.0
854.64886,473.6
854.7666,472.4
854.88434,475.2
855.00208,475.6
855.11981,472.0
855.23761,476.0
855.35535,475.8
855.47302,476.0
855.59076,474.6
855.7085,473.0
855.82623,472.4
855.94397,477.4
856.06165,474.6
856.17938,471.4
856.29712,474.0
856.41479,476.8
856.53253,479.8
856.65021,476.2
856.76788,471.2
856.88562,473.6
857.0033,471.6
857.12097,479.6
857.23865,469.8
857.35632,472.4
857.474,470.4
857.59167,472.4
857.70935,473.6
857.82703,471.2
857.9447,474.6
858.06238,470.0
858.18005,469.6
858.29767,476.4
858.41534,476.0
858.53296,471.4
858.65063,471.6
858.76825,472.4
858.88593,474.8
859.00354,471.8
859.12115,469.4
859.23883,469.4
859.35645,468.0
859.47406,474.2
859.59167,473.8
859.70929,472.6
859.8269,468.4
859.94452,467.2
860.06213,472.6
860.17975,471.4
860.29736,471.6
860.41492,469.2
860.53253,470.6
860.65009,470.4
860.7677,466.6
860.88525,470.0
861.00287,471.8
861.12042,473.2
861.23804,463.8
861.35559,473.0
861.47314,469.4
861.5907,473.6
861.70825,464.2
861.82581,465.0
861.94336,465.4
862.06091,468.6
862.17847,469.8
862.29602,474.0
862.41357,472.4
862.53113,468.2
862.64862,470.6
862.76617,467.8
862.88367,469.0
863.00122,472.2
863.11871,472.2
863.23627,469.6
863.35376,467.0
863.47125,472.8
863.58881,469.4
863.7063,470.0
863.82379,469.0
863.94128,463.4
864.05878,471.2
864.17627,468.6
864.29376,468.2
864.41125,468.2
864.52869,468.2
864.64618,468.8
864.76367,469.4
864.8811,473.2
864.9986,465.6
865.11609,474.2
865.23352,467.2
865.35095,469.6
865.46844,468.8
865.58588,469.0
865.70331,471.4
865.82074,470.4
865.93823,473.2
866.05566,470.8
866.1731,468.8
866.29053,469.2
866.4079,474.2
866.52533,471.6
866.64276,473.0
866.76019,463.6
866.87756,473.0
866.995,469.8
867.11243,467.8
867.2298,471.2
867.34723,471.2
867.4646,469.2
867.58197,472.8
867.6994,472.6
867.81677,468.0
867.93414,467.0
868.05151,469.6
868.16888,469.6
868.28625,469.0
868.40363,471.0
868.521,475.0
868.63837,468.4
868.75568,467.6
868.87305,468.6
868.99042,470.8
869.10773,470.6
869.2251,472.2
869.34241,477.0
869.45978,467.8
869.57709,471.6
869.69446,466.6
869.81177,471.0
869.92908,468.8
870.04639,471.8
870.1637,470.2
870.28101,474.4
870.39832,472.8
870.51563,470.4
870.63293,466.6
870.75024,470.0
870.86749,469.0
870.9848,470.6
871.10211,466.6
871.21936,471.2
871.33667,470.0
871.45392,470.6
871.57123,471.2
871.68848,468.2
871.80573,475.2
871.92297,470.0
872.04028,467.0
872.15753,470.6
872.27478,470.0
872.39203,463.4
872.50928,469.4
872.62646,468.8
872.74371,468.0
872.86096,470.6
872.97821,468.6
873.0954,473.2
873.21265,473.8
873.32983,469.6
873.44708,468.6
873.56427,471.2
873.68152,469.8
873.79871,470.8
873.91589,466.0
874.03308,470.6
874.15027,473.0
874.26746,468.6
874.38464,472.2
874.50183,470.0
874.61902,472.2
874.73621,470.2
874.85339,466.8
874.97052,475.2
875.08771,472.0
875.2049,470.2
875.32202,467.0
875.43921,470.6
875.55634,470.2
875.67346,474.8
875.79065,470.0
875.90778,472.4
876.0249,472.0
876.14203,465.8
876.25916,466.0
876.37628,472.2
876.49341,470.6
876.61053,475.8
876.72766,470.6
876.84473,474.0
876.96185,470.6
877.07898,470.2
877.19604,471.6
877.31317,465.8
877.43024,468.2
877.54736,472.0
877.66443,476.4
877.78149,469.8
877.89856,468.4
878.01569,470.4
878.13275,469.0
878.24982,474.4
878.36688,470.8
878.48395,470.4
878.60095,472.6
878.71802,467.8
878.83508,469.8
878.95215,472.0
879.06915,471.0
879.18622,474.4
879.30322,472.8
879.42029,472.4
879.53729,473.8
879.6543,475.4
879.77136,465.8
879.88837,468.8
880.00537,471.4
880.12238,472.2
880.23938,469.8
880.35638,471.6
880.47339,467.6
880.59039,470.4
880.70734,468.8
880.82434,471.8
880.94135,469.4
881.05829,473.2
881.17529,469.6
881.29224,477.4
881.40924,469.4
881.52618,469.4
881.64313,474.0
881.76007,473.6
881.87701,474.0
881.99402,471.6
882.11096,473.4
882.22791,469.2
882.34479,471.2
882.46173,474.6
882.57867,472.4
882.69562,479.6
882.8125,471.6
882.92944,476.2
883.04639,473.6
883.16327,474.2
883.28015,477.2
883.39709,475.4
883.51398,474.0
883.63086,472.4
883.74774,471.8
883.86462,473.4
883.98157,470.2
884.09839,476.6
884.21527,473.6
884.33215,473.0
884.44904,472.8
884.56592,471.4
884.68274,473.6
884.79962,476.2
884.9165,473.2
885.03333,478.0
885.15015,471.6
885.26703,475.8
885.38385,472.2
885.50067,477.4
885.61749,475.2
885.73438,474.6
885.8512,478.6
885.96802,479.6
886.08478,474.4
886.2016,475.2
886.31842,474.6
886.43524,476.2
886.55206,477.6
886.66882,479.8
886.78564,477.4
886.9024,481.2
887.01923,479.0
887.13599,478.4
887.25275,478.0
887.36951,477.4
887.48633,479.0
887.60309,484.2
887.71985,478.0
887.83661,478.4
887.95337,476.2
888.07007,471.6
888.18683,473.6
888.30359,475.0
888.42035,481.6
888.53705,481.4
888.65381,479.2
888.77051,479.6
888.88721,472.2
889.00397,482.4
889.12067,470.4
889.23737,479.0
889.35406,483.2
889.47083,473.6
889.58752,472.2
889.70416,479.4
889.82086,478.0
889.93756,483.4
890.05426,477.8
890.17096,477.8
890.2876,478.6
890.4043,478.0
890.52094,478.4
890.63763,481.2
890.75427,479.2
890.87091,478.2
890.98761,481.0
891.10425,483.4
891.22089,480.6
891.33752,477.4
891.45416,480.0
891.5708,482.0
891.68744,479.8
891.80408,482.8
891.92065,475.4
892.03729,477.2
892.15393,478.2
892.27051,483.0
892.38715,482.8
892.50372,480.0
892.6203,475.0
892.73694,485.0
892.85352,482.6
892.97009,480.4
893.08667,484.8
893.20325,481.0
893.31982,489.0
893.4364,483.0
893.55298,480.8
893.66956,482.6
893.78607,484.4
893.90265,480.2
894.01917,484.4
894.13574,483.6
894.25226,485.6
894.36884,485.4
894.48535,482.4
894.60187,484.2
894.71838,480.6
894.8349,485.0
894.95148,484.8
895.06793,484.8
895.18445,481.8
895.30096,480.6
895.41748,485.8
895.534,482.0
895.65045,481.0
895.76697,479.6
895.88342,485.2
895.99994,482.4
896.11639,482.0
896.23291,481.0
896.34937,480.4
896.46582,483.0
896.58228,484.8
896.69873,482.4
896.81519,481.0
896.93164,483.4
897.0481,481.4
897.16455,483.4
897.28094,480.6
897.3974,480.8
897.51385,482.8
897.63025,487.8
897.7467,480.4
897.8631,480.6
897.97949,477.6
898.09595,479.8
898.21234,478.4
898.32874,482.2
898.44513,484.0
898.56152,483.6
898.67792,481.6
898.79431,481.4
898.91064,479.6
899.02704,476.2
899.14343,482.0
899.25977,483.0
899.37616,477.2
899.49249,480.0
899.60889,480.6
899.72522,478.2
899.84155,484.8
899.95789,483.6
900.07428,476.0
900.19061,483.6
900.30695,482.2
900.42322,484.0
900.53955,481.4
900.65588,478.2
900.77222,482.8
900.88849,479.0
901.00482,478.4
901.12109,480.8
901.23743,476.4
901.3537,475.6
901.47003,476.4
901.5863,476.8
901.70258,482.4
901.81885,477.4
901.93512,475.2
902.05139,481.0
902.16766,482.8
902.28394,484.2
902.40021,479.2
902.51642,481.8
902.63269,481.0
902.7489,481.6
902.86517,478.8
902.98138,475.6
903.09766,476.2
903.21387,478.8
903.33008,483.4
903.44629,482.4
903.5625,480.6
903.67871,480.4
903.79492,474.6
903.91113,480.8
904.02734,478.8
904.14355,478.4
904.2597,480.2
904.37592,476.4
904.49207,479.0
904.60828,481.2
904.72443,474.2
904.84064,481.6
904.95679,477.8
905.07294,479.8
905.18909,481.0
905.30524,473.4
905.42139,479.2
905.53754,478.2
905.65369,477.2
905.76984,475.4
905.88593,478.8
906.00208,479.4
906.11816,476.4
906.23431,471.2
906.3504,472.6
906.46655,475.8
906.58264,475.4
906.69873,479.6
906.81482,475.8
906.93091,476.8
907.047,477.0
907.16309,474.0
907.27917,478.2
907.39526,477.6
907.51135,476.8
907.62738,474.2
907.74347,477.0
907.8595,476.2
907.97559,480.6
908.09161,475.4
908.2077,477.2
908.32373,476.4
908.43976,474.4
908.55579,471.6
908.67181,476.0
908.78784,473.4
908.90387,476.4
909.0199,481.6
909.13586,474.8
909.25189,480.6
909.36792,472.2
909.48389,475.6
909.59991,476.0
909.71588,472.6
909.83185,474.2
909.94788,477.2
910.06384,468.6
910.17981,474.8
910.29578,476.6
910.41174,477.2
910.52771,470.0
910.64368,475.8
910.75958,471.4
910.87555,476.2
910.99152,470.8
911.10742,473.8
911.22339,469.6
911.33929,478.2
911.4552,471.0
911.57117,467.4
911.68707,474.2
911.80298,477.8
911.91888,470.8
912.03479,473.0
912.1507,475.2
912.2666,473.4
912.38245,479.8
912.49835,474.0
912.61426,474.6
912.7301,474.6
912.84601,475.0
792.4458,549.4
792.56488,550.0
792.68396,559.4
792.8031,556.2
792.92218,539.8
793.04126,540.4
793.16034,544.6
793.27942,540.6
793.3985,538.4
793.51758,535.2
793.63672,535.2
793.7558,533.6
793.87488,536.4
793.9939,538.2
794.11298,532.6
794.23206,531.0
794.35114,522.0
794.47021,532.6
794.58929,527.2
794.70831,524.6
794.82739,528.8
794.94647,519.8
795.06549,528.4
795.18457,523.8
795.30365,519.6
795.42267,522.8
795.54175,518.4
795.66077,521.0
795.77985,516.8
795.89886,517.0
796.01794,523.2
796.13696,512.4
796.25598,519.4
796.375,516.2
796.49408,518.8
796.6131,518.4
796.73212,516.6
796.85114,514.8
796.97015,522.0
797.08923,517.2
797.20825,513.0
797.32727,516.0
797.44629,515.6
797.56531,515.4
797.68427,513.6
797.80328,514.8
797.9223,516.0
798.04132,518.0
798.16034,514.2
798.27936,517.4
798.39832,519.2
798.51733,507.8
798.63635,514.4
798.75531,515.6
798.87433,516.6
798.99329,514.0
799.1123,512.6
799.23126,510.2
799.35028,513.0
799.46924,517.0
799.58826,517.2
799.70721,516.2
799.82617,520.2
799.94519,517.8
800.06415,521.0
800.18311,514.4
800.30206,521.4
800.42102,514.6
800.54004,524.0
800.659,516.0
800.77795,518.8
800.89691,517.4
801.01587,523.4
801.13483,519.6
801.25372,523.2
801.37268,523.2
801.49164,515.6
801.6106,525.6
801.72955,521.0
801.84845,524.8
801.96741,525.4
802.08636,523.0
802.20526,526.4
802.32422,522.2
802.44318,531.4
802.56207,525.2
802.68103,527.4
802.79993,525.0
802.91882,525.6
803.03778,527.2
803.15668,528.4
803.27557,524.8
803.39453,528.8
803.51343,526.2
803.63232,530.8
803.75122,525.2
803.87012,532.0
803.98907,526.8
804.10797,531.8
804.22687,531.6
804.34576,529.2
804.46466,529.8
804.58356,532.2
804.70239,533.4
804.82129,527.2
804.94019,531.2
805.05908,529.4
805.17798,535.4
805.29681,535.2
805.41571,536.2
805.53461,535.6
805.65344,533.6
805.77234,538.8
805.89117,536.2
806.01007,542.4
806.12891,532.6
806.2478,536.4
806.36664,535.0
806.48547,535.6
806.60437,537.0
806.72321,537.6
806.84204,543.6
806.96088,538.0
807.07971,535.0
807.19861,544.8
807.31744,537.6
807.43628,540.6
807.55511,544.2
807.67395,544.4
807.79279,539.2
807.91162,546.2
808.0304,546.8
808.14923,546.6
808.26807,546.0
808.3869,546.8
808.50568,546.8
808.62451,547.0
808.74335,548.8
808.86212,544.4
808.98096,555.0
809.09979,548.4
809.21857,551.2
809.33734,550.2
809.45618,548.4
809.57495,552.0
809.69379,549.0
809.81256,553.4
809.93134,550.8
810.05011,551.2
810.16895,552.0
810.28772,546.0
810.40649,551.2
810.52527,553.6
810.64404,546.4
810.76282,554.6
810.88159,554.0
811.00037,548.2
811.11914,547.2
811.23792,555.0
811.35663,542.8
811.4754,555.0
811.59418,553.0
811.71295,553.4
811.83167,550.8
811.95044,551.0
812.06921,557.2
812.18793,554.2
812.3067,553.2
812.42542,550.8
812.54419,555.6
812.6629,557.8
812.78162,555.0
812.90039,552.4
813.0191,546.6
813.13782,548.2
813.25653,546.6
813.37524,548.4
813.49402,547.8
813.61273,553.6
813.73145,545.6
813.85016,553.2
813.96887,551.6
814.08759,548.6
814.2063,549.2
814.32495,546.6
814.44366,550.8
814.56238,548.8
814.68109,546.2
814.79974,544.8
814.91846,545.0
815.03717,548.2
815.15582,546.6
815.27454,545.6
815.39319,538.0
815.5119,541.0
815.63055,538.0
815.74927,538.2
815.86792,548.4
815.98657,540.4
816.10529,545.2
816.22394,539.8
816.34259,542.2
816.46124,547.0
816.5799,553.8
816.69855,550.8
816.8172,548.8
816.93585,544.6
817.0545,541.4
817.17316,538.4
817.29181,528.4
817.41046,533.4
817.52911,523.8
817.64771,525.8
817.76636,513.4
817.88501,516.8
818.0036,516.0
818.12225,519.8
818.24091,509.0
818.3595,507.2
818.47815,505.6
818.59674,506.0
818.71533,511.2
818.83398,500.2
818.95258,495.8
819.07117,497.0
819.18976,497.8
819.30841,497.8
819.427,491.8
819.54559,493.8
819.66418,495.8
819.78278,494.8
819.90137,494.6
820.01996,486.8
820.13855,485.6
820.25714,494.0
820.37573,486.6
820.49426,485.8
820.61285,493.0
820.73145,485.8
820.84998,486.0
820.96857,488.2
821.08716,487.4
821.20569,486.2
821.32428,482.2
821.44281,481.0
821.56134,490.4
821.67993,484.8
821.79846,490.2
821.91699,487.4
822.03558,488.0
822.15411,483.8
822.27264,486.4
822.39117,485.8
822.5097,481.4
822.62823,484.4
822.74677,483.4
822.8653,483.4
822.98383,485.0
823.10236,487.2
823.22089,486.4
823.33942,483.4
823.45789,486.6
823.57642,488.4
823.69495,484.6
823.81342,489.0
823.93195,485.4
824.05042,485.2
824.16895,489.0
824.28741,490.8
824.40594,487.0
824.52441,487.6
824.64288,483.6
824.76141,482.4
824.87988,480.0
824.99835,483.2
825.11682,479.8
825.23529,483.2
825.35376,481.0
825.47223,480.8
825.5907,478.2
825.70917,480.4
825.82764,481.0
825.94611,477.0
826.06458,477.6
826.18304,479.8
826.30145,478.6
826.41992,481.0
826.53839,480.4
826.6568,476.0
826.77527,477.4
826.89368,477.0
827.01215,473.0
827.13055,476.0
827.24902,470.4
827.36743,474.2
827.48584,474.2
827.60431,481.2
827.72272,474.6
827.84113,473.0
827.95953,475.6
828.07794,473.8
828.19635,476.2
828.31476,473.8
828.43317,470.4
828.55157,476.6
828.66998,469.0
828.78839,473.8
828.90674,475.2
829.02515,473.2
829.14355,474.8
829.2619,473.6
829.38031,475.8
829.49872,469.4
829.61707,468.4
829.73547,475.0
829.85382,472.6
829.97217,475.2
830.09058,473.0
830.20892,470.2
830.32727,474.2
830.44562,467.8
830.56403,477.8
830.68237,468.4
830.80072,473.8
830.91907,471.8
831.03741,472.8
831.15576,472.8
831.27411,470.4
831.3924,471.8
831.51074,470.2
831.62909,467.6
831.74744,471.6
831.86572,471.6
831.98407,470.4
832.10242,476.4
832.2207,472.8
832.33905,470.2
832.45734,472.8
832.57562,471.4
832.69397,467.4
832.81226,477.8
832.93054,469.8
833.04889,468.4
833.16718,468.2
833.28546,471.6
833.40375,471.2
833.52203,473.0
833.64032,470.2
833.75861,472.2
833.87689,472.8
833.99518,474.8
834.1134,472.4
834.23169,475.2
834.34998,474.4
834.46826,472.0
834.58649,469.4
834.70477,477.6
834.823,474.2
834.94128,477.4
835.05951,471.8
835.1778,477.0
835.29602,475.0
835.41425,476.6
835.53253,472.0
835.65076,473.0
835.76898,478.6
835.88721,480.8
836.00543,478.0
836.12366,478.8
836.24188,477.2
836.36011,479.0
836.47833,477.0
836.59656,479.0
836.71478,481.0
836.83295,481.0
836.95117,482.6
837.0694,484.2
837.18756,481.4
837.30579,484.6
837.42401,481.2
837.54218,479.6
837.66034,478.6
837.77856,485.4
837.89673,483.2
838.01489,485.4
838.13312,477.2
838.25128,481.2
838.36945,480.2
838.48761,481.6
838.60577,488.6
838.72394,486.6
838.8421,476.4
838.96027,488.6
839.07843,479.4
839.19659,481.0
839.31476,476.0
839.43286,477.6
839.55103,481.4
839.66919,479.0
839.78729,481.4
839.90546,480.0
840.02356,481.8
840.14172,477.4
840.25983,480.8
840.37793,478.8
840.49609,479.2
840.6142,477.2
840.7323,474.6
840.8504,474.6
840.96851,467.0
841.08661,479.2
841.20471,474.2
841.32281,477.6
841.44092,476.4
841.55902,470.6
841.67712,468.0
841.79523,481.0
841.91327,470.6
842.03137,479.0
842.14948,470.6
842.26752,473.4
842.38562,476.2
842.50366,473.0
842.62177,469.4
842.73981,469.6
842.85791,467.6
842.97595,473.6
843.09399,471.6
843.21204,469.2
843.33008,470.2
843.44818,470.4
843.56622,468.6
843.68427,474.0
843.80231,467.4
843.92029,470.2
844.03833,473.8
844.15637,468.8
844.27441,468.4
844.39246,471.2
844.51044,471.6
844.62848,472.4
844.74646,470.6
844.8645,472.2
844.98248,466.0
845.10052,465.6
845.21851,473.6
845.33649,473.0
845.45453,475.0
845.57251,478.6
845.69049,466.8
845.80847,469.8
845.92645,472.4
846.04443,468.2
846.16241,466.8
846.2804,470.4
846.39838,464.4
846.51636,469.4
846.63434,468.8
846.75226,475.6
846.87024,467.8
846.98822,470.6
847.10614,466.6
847.22412,466.6
847.34204,472.4
847.46002,467.2
847.57794,468.0
847.69586,469.8
847.81384,470.2
847.93176,470.6
848.04968,470.0
848.1676,469.2
848.28552,470.0
848.40344,467.8
848.52136,466.4
848.63928,474.0
848.7572,471.0
848.87512,468.8
848.99304,467.6
849.1109,469.8
849.22882,470.0
849.34674,472.4
849.4646,467.6
849.58252,468.2
849.70038,465.2
849.8183,468.4
849.93616,466.2
850.05402,471.8
850.17194,473.4
850.28979,471.4
850.40765,475.4
850.52551,473.2
850.64337,469.4
850.76123,473.4
850.87909,465.8
850.99695,470.2
851.11481,470.4
851.23267,470.8
851.35046,479.0
851.46832,469.2
851.58618,466.4
851.70398,471.6
851.82184,470.6
851.93964,471.6
852.0575,471.6
852.17529,475.0
852.29315,472.8
852.41095,471.8
852.52875,469.4
852.64655,473.6
852.7644,472.6
852.8822,475.4
853.0,477.4
853.1178,474.0
853.2356,476.6
853.35333,471.2
853.47113,477.4
853.58893,472.2
853.70673,469.4
853.82446,472.6
853.94226,474.6
854.06006,472.4
854.1778,471.2
854.29559,471.6
854.41333,475.4
854.53107,472.2
854.64886,473.2
854.7666,479.4
854.88434,475.0
855.00208,477.4
855.11981,473.6
855.23761,472.2
855.35535,475.8
855.47302,474.2
855.59076,474.6
855.7085,476.0
855.82623,476.6
855.94397,475.8
856.06165,476.8
856.17938,480.8
856.29712,479.4
856.41479,477.6
856.53253,475.2
856.65021,472.2
856.76788,478.2
856.88562,476.6
857.0033,475.2
857.12097,477.0
857.23865,473.8
857.35632,472.0
857.474,473.8
857.59167,473.8
857.70935,475.0
857.82703,472.4
857.9447,478.0
858.06238,475.0
858.18005,468.2
858.29767,476.0
858.41534,476.0
858.53296,466.0
858.65063,474.4
858.76825,473.2
858.88593,473.0
859.00354,474.4
859.12115,473.2
859.23883,470.6
859.35645,465.0
859.47406,475.0
859.59167,469.6
859.70929,471.6
859.8269,471.4
859.94452,469.0
860.06213,474.0
860.17975,477.2
860.29736,471.2
860.41492,468.6
860.53253,474.2
860.65009,467.0
860.7677,467.4
860.88525,470.8
861.00287,466.6
861.12042,472.0
861.23804,469.8
861.35559,473.0
861.47314,477.6
861.5907,472.2
861.70825,470.2
861.82581,470.4
861.94336,471.4
862.06091,470.4
862.17847,471.2
862.29602,472.6
862.41357,474.6
862.53113,470.0
862.64862,470.0
862.76617,468.2
862.88367,474.8
863.00122,473.4
863.11871,475.4
863.23627,471.2
863.35376,471.8
863.47125,471.4
863.58881,471.0
863.7063,474.8
863.82379,465.6
863.94128,473.6
864.05878,476.0
864.17627,468.2
864.29376,471.0
864.41125,471.0
864.52869,473.4
864.64618,468.8
864.76367,469.2
864.8811,473.2
864.9986,473.8
865.11609,472.4
865.23352,469.2
865.35095,472.4
865.46844,474.8
865.58588,472.4
865.70331,470.2
865.82074,469.4
865.93823,471.6
866.05566,469.8
866.1731,474.6
866.29053,468.0
866.4079,472.0
866.52533,474.8
866.64276,468.2
866.76019,470.6
866.87756,471.6
866.995,469.8
867.11243,472.0
867.2298,472.8
867.34723,469.2
867.4646,469.6
867.58197,473.2
867.6994,475.4
867.81677,474.4
867.93414,466.8
868.05151,473.2
868.16888,472.4
868.28625,472.4
868.40363,475.2
868.521,473.2
868.63837,470.8
868.75568,472.8
868.87305,472.8
868.99042,470.6
869.10773,471.4
869.2251,471.6
869.34241,472.6
869.45978,467.6
869.57709,477.2
869.69446,468.8
869.81177,474.4
869.92908,476.6
870.04639,473.0
870.1637,467.6
870.28101,470.2
870.39832,467.6
870.51563,474.2
870.63293,472.0
870.75024,475.8
870.86749,473.8
870.9848,470.2
871.10211,474.0
871.21936,470.4
871.33667,473.0
871.45392,474.0
871.57123,476.6
871.68848,471.6
871.80573,468.8
871.92297,469.4
872.04028,472.0
872.15753,472.4
872.27478,469.2
872.39203,471.0
872.50928,475.4
872.62646,472.0
872.74371,472.6
872.86096,471.2
872.97821,472.8
873.0954,471.8
873.21265,468.0
873.32983,467.0
873.44708,472.0
873.56427,472.0
873.68152,471.2
873.79871,474.8
873.91589,467.8
874.03308,469.6
874.15027,468.2
874.26746,470.0
874.38464,468.2
874.50183,468.4
874.61902,470.8
874.73621,474.2
874.85339,469.6
874.97052,473.2
875.08771,470.0
875.2049,473.2
875.32202,475.6
875.43921,472.0
875.55634,472.4
875.67346,474.4
875.79065,471.0
875.90778,473.6
876.0249,468.8
876.14203,466.6
876.25916,470.4
876.37628,474.2
876.49341,472.0
876.61053,472.0
876.72766,473.2
876.84473,479.0
876.96185,475.6
877.07898,472.6
877.19604,477.0
877.31317,472.0
877.43024,469.6
877.54736,473.6
877.66443,468.0
877.78149,469.8
877.89856,472.0
878.01569,473.4
878.13275,468.2
878.24982,469.2
878.36688,471.4
878.48395,474.4
878.60095,473.8
878.71802,469.8
878.83508,473.2
878.95215,470.2
879.06915,470.2
879.18622,474.2
879.30322,469.6
879.42029,472.0
879.53729,474.8
879.6543,469.6
879.77136,467.6
879.88837,474.8
880.00537,475.2
880.12238,475.8
880.23938,471.8
880.35638,475.8
880.47339,475.2
880.59039,466.6
880.70734,474.8
880.82434,470.6
880.94135,470.2
881.05829,469.0
881.17529,474.2
881.29224,473.6
881.40924,471.6
881.52618,471.8
881.64313,469.8
881.76007,475.4
881.87701,468.6
881.99402,474.0
882.11096,476.8
882.22791,472.2
882.34479,475.2
882.46173,476.4
882.57867,471.8
882.69562,473.2
882.8125,471.4
882.92944,476.0
883.04639,471.0
883.16327,477.4
883.28015,473.4
883.39709,472.8
883.51398,475.0
883.63086,472.8
883.74774,473.2
883.86462,478.0
883.98157,475.0
884.09839,474.0
884.21527,476.2
884.33215,473.6
884.44904,477.4
884.56592,474.4
884.68274,472.4
884.79962,472.4
884.9165,476.0
885.03333,481.8
885.15015,477.0
885.26703,473.6
885.38385,470.8
885.50067,483.6
885.61749,476.0
885.73438,477.8
885.8512,472.8
885.96802,482.2
886.08478,480.2
886.2016,476.8
886.31842,477.2
886.43524,475.8
886.55206,479.4
886.66882,477.2
886.78564,480.6
886.9024,480.4
887.01923,479.0
887.13599,477.2
887.25275,478.0
887.36951,477.0
887.48633,479.0
887.60309,478.2
887.71985,478.4
887.83661,474.8
887.95337,480.6
888.07007,476.0
888.18683,473.4
888.30359,481.6
888.42035,478.6
888.53705,473.2
888.65381,477.8
888.77051,480.2
888.88721,475.4
889.00397,480.0
889.12067,476.2
889.23737,476.8
889.35406,480.0
889.47083,483.6
889.58752,474.8
889.70416,479.2
889.82086,474.8
889.93756,481.2
890.05426,477.4
890.17096,479.2
890.2876,478.8
890.4043,481.2
890.52094,474.2
890.63763,477.8
890.75427,481.0
890.87091,482.4
890.98761,479.2
891.10425,481.8
891.22089,478.6
891.33752,480.6
891.45416,482.2
891.5708,478.2
891.68744,477.8
891.80408,480.2
891.92065,476.0
892.03729,479.8
892.15393,477.0
892.27051,487.0
892.38715,478.0
892.50372,477.2
892.6203,484.0
892.73694,482.2
892.85352,478.2
892.97009,479.2
893.08667,480.2
893.20325,479.4
893.31982,480.8
893.4364,479.4
893.55298,475.8
893.66956,483.6
893.78607,483.2
893.90265,483.4
894.01917,482.0
894.13574,485.6
894.25226,487.6
894.36884,480.4
894.48535,486.0
894.60187,483.8
894.71838,483.4
894.8349,478.8
894.95148,483.0
895.06793,483.0
895.18445,482.6
895.30096,485.8
895.41748,480.0
895.534,479.8
895.65045,476.6
895.76697,478.8
895.88342,475.6
895.99994,481.4
896.11639,482.0
896.23291,481.8
896.34937,481.8
896.46582,481.4
896.58228,482.2
896.69873,484.0
896.81519,478.0
896.93164,481.6
897.0481,479.2
897.16455,480.4
897.28094,481.0
897.3974,477.6
897.51385,483.0
897.63025,478.6
897.7467,483.8
897.8631,475.8
897.97949,481.2
898.09595,476.2
898.21234,482.4
898.32874,479.0
898.44513,479.4
898.56152,484.6
898.67792,478.6
898.79431,479.8
898.91064,476.6
899.02704,477.6
899.14343,479.2
899.25977,478.6
899.37616,475.4
899.49249,477.6
899.60889,481.2
899.72522,481.4
899.84155,480.8
899.95789,478.6
900.07428,483.0
900.19061,483.6
900.30695,482.4
900.42322,482.6
900.53955,479.8
900.65588,480.6
900.77222,477.4
900.88849,480.0
901.00482,479.0
901.12109,478.2
901.23743,474.2
901.3537,476.2
901.47003,479.8
901.5863,484.6
901.70258,478.0
901.81885,477.8
901.93512,475.0
902.05139,477.8
902.16766,477.4
902.28394,475.6
902.40021,481.4
902.51642,482.6
902.63269,482.8
902.7489,475.6
902.86517,476.2
902.98138,475.2
903.09766,479.4
903.21387,479.2
903.33008,479.4
903.44629,482.4
903.5625,475.2
903.67871,475.8
903.79492,475.6
903.91113,476.0
904.02734,480.8
904.14355,478.0
904.2597,479.8
904.37592,475.4
904.49207,472.4
904.60828,476.2
904.72443,477.0
904.84064,479.2
904.95679,477.2
905.07294,477.4
905.18909,475.0
905.30524,479.8
905.42139,478.2
905.53754,480.6
905.65369,476.2
905.76984,474.4
905.88593,470.0
906.00208,472.4
906.11816,475.8
906.23431,472.2
906.3504,478.2
906.46655,476.6
906.58264,472.0
906.69873,473.8
906.81482,476.8
906.93091,472.6
907.047,474.6
907.16309,476.0
907.27917,479.4
907.39526,476.2
907.51135,474.2
907.62738,473.2
907.74347,471.4
907.8595,476.8
907.97559,476.8
908.09161,476.0
908.2077,473.6
908.32373,472.0
908.43976,472.4
908.55579,475.4
908.67181,477.8
908.78784,474.8
908.90387,472.8
909.0199,475.0
909.13586,475.2
909.25189,477.2
909.36792,475.6
909.48389,472.6
909.59991,472.6
909.71588,472.6
909.83185,479.0
909.94788,473.8
910.06384,473.0
910.17981,471.0
910.29578,471.2
910.41174,475.2
910.52771,473.2
910.64368,476.2
910.75958,476.2
910.87555,470.0
910.99152,471.6
911.10742,478.4
911.22339,470.4
911.33929,475.0
911.4552,474.6
911.57117,475.0
911.68707,479.2
911.80298,475.6
911.91888,474.6
912.03479,470.8
912.1507,475.8
912.2666,473.4
912.38245,476.6
912.49835,468.8
912.61426,475.2
912.7301,474.6
912.84601,471.2
792.4458,547.2
792.56488,553.0
792.68396,558.8
792.8031,547.6
792.92218,543.8
793.04126,542.4
793.16034,543.6
793.27942,541.0
793.3985,537.0
793.51758,535.0
793.63672,531.4
793.7558,532.0
793.87488,538.8
793.9939,539.4
794.11298,535.6
794.23206,532.2
794.35114,532.2
794.47021,524.4
794.58929,517.4
794.70831,520.6
794.82739,526.2
794.94647,519.8
795.06549,523.4
795.18457,519.2
795.30365,521.0
795.42267,521.6
795.54175,516.0
795.66077,518.2
795.77985,514.4
795.89886,519.6
796.01794,520.0
796.13696,521.4
796.25598,519.6
796.375,514.0
796.49408,514.8
796.6131,512.8
796.73212,519.0
796.85114,516.6
796.97015,521.0
797.08923,512.0
797.20825,515.2
797.32727,519.2
797.44629,523.6
797.56531,515.8
797.68427,511.6
797.80328,509.8
797.9223,515.0
798.04132,516.0
798.16034,515.2
798.27936,511.6
798.39832,518.0
798.51733,509.0
798.63635,518.0
798.75531,515.2
798.87433,514.4
798.99329,511.2
799.1123,510.6
799.23126,510.4
799.35028,515.0
799.46924,519.8
799.58826,517.6
799.70721,519.0
799.82617,515.0
799.94519,515.0
800.06415,513.8
800.18311,509.6
800.30206,513.8
800.42102,514.4
800.54004,517.2
800.659,511.4
800.77795,518.8
800.89691,516.0
801.01587,515.6
801.13483,515.6
801.25372,522.8
801.37268,517.0
801.49164,514.8
801.6106,520.6
801.72955,526.2
801.84845,521.6
801.96741,519.2
802.08636,518.2
802.20526,521.6
802.32422,523.0
802.44318,523.6
802.56207,525.0
802.68103,520.8
802.79993,523.2
802.91882,529.4
803.03778,522.8
803.15668,522.0
803.27557,527.6
803.39453,525.8
803.51343,517.0
803.63232,522.8
803.75122,523.8
803.87012,532.4
803.98907,523.6
804.10797,529.2
804.22687,525.4
804.34576,530.8
804.46466,529.0
804.58356,533.2
804.70239,529.4
804.82129,531.8
804.94019,528.6
805.05908,530.8
805.17798,530.4
805.29681,535.2
805.41571,529.4
805.53461,532.2
805.65344,529.8
805.77234,537.0
805.89117,532.4
806.01007,537.4
806.12891,531.6
806.2478,537.2
806.36664,534.4
806.48547,534.2
806.60437,537.4
806.72321,533.0
806.84204,537.0
806.96088,533.0
807.07971,534.6
807.19861,537.8
807.31744,540.2
807.43628,538.4
807.55511,535.4
807.67395,534.8
807.79279,536.8
807.91162,542.2
808.0304,542.6
808.14923,543.6
808.26807,540.4
808.3869,540.0
808.50568,544.0
808.62451,546.2
808.74335,541.6
808.86212,546.4
808.98096,544.8
809.09979,544.8
809.21857,545.6
809.33734,544.0
809.45618,543.6
809.57495,546.4
809.69379,549.0
809.81256,545.6
809.93134,546.4
810.05011,548.0
810.16895,543.0
810.28772,544.0
810.40649,545.2
810.52527,546.4
810.64404,540.4
810.76282,552.2
810.88159,546.6
811.00037,548.4
811.11914,544.8
811.23792,547.0
811.35663,550.2
811.4754,546.4
811.59418,550.2
811.71295,548.8
811.83167,550.0
811.95044,548.0
812.06921,547.0
812.18793,546.2
812.3067,548.8
812.42542,550.0
812.54419,546.4
812.6629,552.8
812.78162,547.2
812.90039,550.0
813.0191,544.6
813.13782,548.8
813.25653,542.4
813.37524,549.4
813.49402,546.4
813.61273,549.6
813.73145,540.4
813.85016,552.2
813.96887,543.6
814.08759,549.8
814.2063,542.0
814.32495,546.8
814.44366,547.6
814.56238,545.6
814.68109,548.0
814.79974,544.8
814.91846,538.6
815.03717,537.8
815.15582,536.4
815.27454,541.2
815.39319,532.2
815.5119,534.6
815.63055,533.8
815.74927,537.0
815.86792,537.4
815.98657,538.4
816.10529,538.6
816.22394,542.2
816.34259,539.0
816.46124,547.4
816.5799,548.4
816.69855,546.0
816.8172,541.4
816.93585,533.2
817.0545,533.6
817.17316,533.8
817.29181,531.4
817.41046,527.0
817.52911,521.4
817.64771,525.0
817.76636,516.8
817.88501,517.4
818.0036,511.8
818.12225,515.4
818.24091,509.0
818.3595,504.8
818.47815,504.2
818.59674,503.2
818.71533,499.0
818.83398,502.0
818.95258,498.0
819.07117,499.8
819.18976,499.0
819.30841,500.4
819.427,496.8
819.54559,491.2
819.66418,487.8
819.78278,498.8
819.90137,489.0
820.01996,493.0
820.13855,490.6
820.25714,492.4
820.37573,490.0
820.49426,495.0
820.61285,488.8
820.73145,486.2
820.84998,484.4
820.96857,490.6
821.08716,480.6
821.20569,484.0
821.32428,486.0
821.44281,486.6
821.56134,481.8
821.67993,482.8
821.79846,480.6
821.91699,487.6
822.03558,484.0
822.15411,489.0
822.27264,488.2
822.39117,485.8
822.5097,481.8
822.62823,487.0
822.74677,481.8
822.8653,480.8
822.98383,483.6
823.10236,486.8
823.22089,483.4
823.33942,485.0
823.45789,485.8
823.57642,488.2
823.69495,484.8
823.81342,490.4
823.93195,481.6
824.05042,482.0
824.16895,486.8
824.28741,485.0
824.40594,489.8
824.52441,481.8
824.64288,484.6
824.76141,485.0
824.87988,479.8
824.99835,477.8
825.11682,480.8
825.23529,483.4
825.35376,482.6
825.47223,478.0
825.5907,480.2
825.70917,480.2
825.82764,475.8
825.94611,475.6
826.06458,476.2
826.18304,478.4
826.30145,483.0
826.41992,481.4
826.53839,475.4
826.6568,475.8
826.77527,476.0
826.89368,478.8
827.01215,479.4
827.13055,478.4
827.24902,477.0
827.36743,476.2
827.48584,475.2
827.60431,473.6
827.72272,475.2
827.84113,475.0
827.95953,471.4
828.07794,475.6
828.19635,475.4
828.31476,474.0
828.43317,471.0
828.55157,473.6
828.66998,475.8
828.78839,474.2
828.90674,471.4
829.02515,471.0
829.14355,474.4
829.2619,474.8
829.38031,467.6
829.49872,473.6
829.61707,472.8
829.73547,478.2
829.85382,475.4
829.97217,476.6
830.09058,468.6
830.20892,475.8
830.32727,470.8
830.44562,473.4
830.56403,472.4
830.68237,475.8
830.80072,472.6
830.91907,474.8
831.03741,476.2
831.15576,476.8
831.27411,470.6
831.3924,472.0
831.51074,474.4
831.62909,469.6
831.74744,471.0
831.86572,474.2
831.98407,471.6
832.10242,474.2
832.2207,470.0
832.33905,471.0
832.45734,469.4
832.57562,472.4
832.69397,472.4
832.81226,471.8
832.93054,468.8
833.04889,474.6
833.16718,468.6
833.28546,474.8
833.40375,474.0
833.52203,476.4
833.64032,472.4
833.75861,468.6
833.87689,474.6
833.99518,477.8
834.1134,467.8
834.23169,474.2
834.34998,467.8
834.46826,472.6
834.58649,468.0
834.70477,474.2
834.823,469.2
834.94128,478.2
835.05951,472.4
835.1778,475.6
835.29602,471.0
835.41425,473.4
835.53253,473.4
835.65076,475.2
835.76898,475.0
835.88721,470.4
836.00543,478.6
836.12366,483.2
836.24188,472.8
836.36011,480.8
836.47833,474.6
836.59656,482.2
836.71478,478.4
836.83295,481.2
836.95117,478.6
837.0694,488.4
837.18756,483.4
837.30579,484.0
837.42401,482.8
837.54218,484.8
837.66034,478.2
837.77856,481.8
837.89673,480.4
838.01489,483.8
838.13312,478.2
838.25128,481.0
838.36945,482.6
838.48761,479.0
838.60577,480.8
838.72394,484.4
838.8421,482.6
838.96027,488.2
839.07843,482.2
839.19659,481.8
839.31476,482.6
839.43286,482.6
839.55103,475.8
839.66919,480.6
839.78729,478.6
839.90546,479.4
840.02356,478.6
840.14172,482.0
840.25983,474.6
840.37793,478.6
840.49609,476.4
840.6142,476.8
840.7323,477.0
840.8504,478.4
840.96851,479.6
841.08661,474.8
841.20471,478.0
841.32281,479.4
841.44092,470.8
841.55902,478.6
841.67712,472.6
841.79523,478.2
841.91327,475.0
842.03137,479.6
842.14948,477.2
842.26752,472.4
842.38562,475.2
842.50366,469.0
842.62177,470.2
842.73981,475.4
842.85791,469.8
842.97595,473.0
843.09399,472.2
843.21204,471.2
843.33008,473.0
843.44818,471.2
843.56622,472.2
843.68427,470.2
843.80231,471.0
843.92029,474.8
844.03833,467.6
844.15637,468.8
844.27441,473.4
844.39246,478.4
844.51044,468.8
844.62848,471.8
844.74646,471.0
844.8645,470.8
844.98248,474.2
845.10052,470.0
845.21851,472.6
845.33649,472.6
845.45453,471.4
845.57251,475.0
845.69049,468.2
845.80847,469.2
845.92645,471.2
846.04443,474.0
846.16241,470.2
846.2804,472.2
846.39838,467.0
846.51636,475.2
846.63434,474.2
846.75226,470.0
846.87024,474.8
846.98822,471.2
847.10614,474.2
847.22412,470.4
847.34204,469.2
847.46002,471.4
847.57794,468.6
847.69586,471.4
847.81384,470.4
847.93176,473.4
848.04968,470.6
848.1676,473.6
848.28552,471.4
848.40344,472.8
848.52136,470.4
848.63928,473.2
848.7572,467.2
848.87512,470.6
848.99304,467.8
849.1109,472.8
849.22882,463.4
849.34674,467.4
849.4646,469.6
849.58252,473.8
849.70038,468.6
849.8183,465.8
849.93616,470.4
850.05402,472.4
850.17194,474.0
850.28979,472.2
850.40765,470.4
850.52551,472.8
850.64337,473.8
850.76123,471.0
850.87909,470.4
850.99695,470.6
851.11481,470.8
851.23267,471.0
851.35046,473.8
851.46832,474.2
851.58618,473.0
851.70398,473.8
851.82184,468.8
851.93964,471.0
852.0575,473.2
852.17529,478.4
852.29315,469.2
852.41095,474.0
852.52875,471.0
852.64655,469.8
852.7644,472.6
852.8822,472.4
853.0,470.0
853.1178,475.4
853.2356,472.2
853.35333,469.6
853.47113,474.8
853.58893,473.6
853.70673,472.6
853.82446,472.4
853.94226,474.0
854.06006,474.0
854.1778,475.8
854.29559,471.8
854.41333,477.0
854.53107,474.4
854.64886,473.2
854.7666,475.8
854.88434,477.8
855.00208,474.0
855.11981,475.4
855.23761,474.8
855.35535,478.0
855.47302,480.6
855.59076,469.2
855.7085,480.4
855.82623,475.4
855.94397,478.8
856.06165,477.8
856.17938,476.4
856.29712,471.6
856.41479,480.6
856.53253,475.0
856.65021,474.2
856.76788,475.8
856.88562,477.6
857.0033,473.2
857.12097,482.0
857.23865,472.8
857.35632,478.2
857.474,475.0
857.59167,480.4
857.70935,475.8
857.82703,472.4
857.9447,473.4
858.06238,469.2
858.18005,477.6
858.29767,472.0
858.41534,474.0
858.53296,474.6
858.65063,474.2
858.76825,473.8
858.88593,470.2
859.00354,473.8
859.12115,471.8
859.23883,472.6
859.35645,472.6
859.47406,470.8
859.59167,472.6
859.70929,473.2
859.8269,471.6
859.94452,471.0
860.06213,475.4
860.17975,479.4
860.29736,473.8
860.41492,471.0
860.53253,469.6
860.65009,468.2
860.7677,466.4
860.88525,476.0
861.00287,467.4
861.12042,471.4
861.23804,469.8
861.35559,474.0
861.47314,471.6
861.5907,470.0
861.70825,469.0
861.82581,471.0
861.94336,470.2
862.06091,466.4
862.17847,473.4
862.29602,472.8
862.41357,468.8
862.53113,473.8
862.64862,472.2
862.76617,468.4
862.88367,472.0
863.00122,470.0
863.11871,467.8
863.23627,472.2
863.35376,473.6
863.47125,468.4
863.58881,467.2
863.7063,472.0
863.82379,469.2
863.94128,475.0
864.05878,473.8
864.17627,470.4
864.29376,474.2
864.41125,471.2
864.52869,468.6
864.64618,474.0
864.76367,471.6
864.8811,478.2
864.9986,468.0
865.11609,469.8
865.23352,466.2
865.35095,475.6
865.46844,471.0
865.58588,469.2
865.70331,468.8
865.82074,475.6
865.93823,469.4
866.05566,474.0
866.1731,470.6
866.29053,471.8
866.4079,479.6
866.52533,471.8
866.64276,474.2
866.76019,467.2
866.87756,469.4
866.995,472.6
867.11243,475.0
867.2298,474.6
867.34723,470.2
867.4646,472.4
867.58197,469.6
867.6994,474.4
867.81677,473.6
867.93414,467.6
868.05151,474.2
868.16888,472.8
868.28625,468.6
868.40363,473.8
868.521,470.4
868.63837,464.8
868.75568,469.0
868.87305,473.6
868.99042,474.8
869.10773,477.0
869.2251,472.8
869.34241,476.0
869.45978,467.0
869.57709,471.0
869.69446,465.4
869.81177,477.8
869.92908,471.8
870.04639,476.0
870.1637,473.0
870.28101,473.0
870.39832,471.4
870.51563,474.6
870.63293,471.6
870.75024,471.4
870.86749,471.6
870.9848,470.8
871.10211,472.8
871.21936,475.6
871.33667,474.6
871.45392,470.6
871.57123,473.8
871.68848,469.6
871.80573,474.2
871.92297,475.8
872.04028,464.6
872.15753,478.2
872.27478,474.2
872.39203,474.2
872.50928,471.4
872.62646,470.0
872.74371,473.2
872.86096,472.8
872.97821,463.8
873.0954,472.2
873.21265,467.2
873.32983,468.8
873.44708,471.2
873.56427,474.0
873.68152,471.8
873.79871,469.4
873.91589,464.4
874.03308,473.8
874.15027,465.8
874.26746,470.6
874.38464,470.8
874.50183,474.0
874.61902,471.6
874.73621,473.4
874.85339,471.2
874.97052,474.6
875.08771,468.4
875.2049,472.2
875.32202,465.2
875.43921,477.4
875.55634,471.6
875.67346,471.6
875.79065,470.2
875.90778,470.6
876.0249,472.0
876.14203,473.0
876.25916,472.4
876.37628,475.6
876.49341,470.8
876.61053,474.4
876.72766,471.4
876.84473,474.2
876.96185,472.0
877.07898,471.4
877.19604,473.2
877.31317,471.8
877.43024,470.6
877.54736,468.4
877.66443,469.8
877.78149,475.8
877.89856,468.4
878.01569,471.0
878.13275,471.8
878.24982,470.0
878.36688,472.0
878.48395,474.6
878.60095,471.2
878.71802,474.4
878.83508,471.8
878.95215,475.6
879.06915,466.2
879.18622,473.6
879.30322,472.6
879.42029,474.4
879.53729,466.8
879.6543,472.0
879.77136,469.0
879.88837,474.6
880.00537,471.2
880.12238,477.2
880.23938,468.4
880.35638,473.8
880.47339,470.2
880.59039,471.2
880.70734,475.0
880.82434,468.4
880.94135,475.0
881.05829,470.2
881.17529,469.6
881.29224,471.8
881.40924,470.0
881.52618,471.8
881.64313,471.4
881.76007,473.2
881.87701,471.2
881.99402,469.0
882.11096,473.0
882.22791,469.2
882.34479,467.4
882.46173,472.2
882.57867,474.8
882.69562,469.4
882.8125,469.4
882.92944,470.6
883.04639,469.8
883.16327,474.0
883.28015,469.2
883.39709,474.4
883.51398,474.8
883.63086,467.6
883.74774,475.2
883.86462,476.6
883.98157,469.8
884.09839,469.0
884.21527,470.0
884.33215,471.2
884.44904,469.4
884.56592,477.2
884.68274,474.4
884.79962,470.8
884.9165,473.6
885.03333,475.0
885.15015,472.2
885.26703,473.6
885.38385,469.8
885.50067,474.6
885.61749,474.2
885.73438,476.4
885.8512,474.4
885.96802,467.2
886.08478,478.4
886.2016,472.4
886.31842,473.6
886.43524,477.2
886.55206,470.2
886.66882,481.0
886.78564,475.8
886.9024,475.8
887.01923,473.6
887.13599,480.6
887.25275,477.4
887.36951,475.0
887.48633,475.6
887.60309,482.6
887.71985,476.0
887.83661,477.0
887.95337,473.2
888.07007,471.8
888.18683,474.8
888.30359,474.6
888.42035,473.8
888.53705,473.6
888.65381,471.8
888.77051,472.4
888.88721,471.6
889.00397,469.8
889.12067,472.2
889.23737,474.4
889.35406,479.4
889.47083,474.8
889.58752,469.4
889.70416,479.0
889.82086,475.2
889.93756,475.0
890.05426,472.2
890.17096,475.4
890.2876,471.6
890.4043,477.0
890.52094,465.6
890.63763,475.0
890.75427,473.6
890.87091,473.8
890.98761,472.6
891.10425,479.2
891.22089,475.8
891.33752,476.2
891.45416,474.4
891.5708,471.2
891.68744,472.6
891.80408,475.4
891.92065,476.4
892.03729,477.4
892.15393,475.0
892.27051,479.6
892.38715,475.6
892.50372,475.6
892.6203,481.2
892.73694,477.0
892.85352,474.2
892.97009,475.0
893.08667,477.2
893.20325,473.6
893.31982,477.6
893.4364,480.0
893.55298,476.6
893.66956,477.4
893.78607,480.4
893.90265,481.4
894.01917,479.4
894.13574,481.0
894.25226,480.4
894.36884,478.8
894.48535,474.2
894.60187,478.0
894.71838,482.0
894.8349,481.4
894.95148,478.0
895.06793,480.6
895.18445,482.0
895.30096,473.4
895.41748,481.8
895.534,475.6
895.65045,472.6
895.76697,481.4
895.88342,474.0
895.99994,477.8
896.11639,476.0
896.23291,477.6
896.34937,475.4
896.46582,478.4
896.58228,484.2
896.69873,482.4
896.81519,477.0
896.93164,479.2
897.0481,477.4
897.16455,479.2
897.28094,478.8
897.3974,475.0
897.51385,476.6
897.63025,474.6
897.7467,473.2
897.8631,475.8
897.97949,478.0
898.09595,474.8
898.21234,475.4
898.32874,479.0
898.44513,469.6
898.56152,478.0
898.67792,470.8
898.79431,473.4
898.91064,473.4
899.02704,472.6
899.14343,472.0
899.25977,472.4
899.37616,471.6
899.49249,476.0
899.60889,477.4
899.72522,473.6
899.84155,473.0
899.95789,477.8
900.07428,474.6
900.19061,472.4
900.30695,473.8
900.42322,473.6
900.53955,476.0
900.65588,473.6
900.77222,473.2
900.88849,474.2
901.00482,474.0
901.12109,471.8
901.23743,476.0
901.3537,470.0
901.47003,469.8
901.5863,469.6
901.70258,470.2
901.81885,473.2
901.93512,467.8
902.05139,473.0
902.16766,471.0
902.28394,470.8
902.40021,471.0
902.51642,474.6
902.63269,463.0
902.7489,470.6
902.86517,468.2
902.98138,470.0
903.09766,468.0
903.21387,473.0
903.33008,469.0
903.44629,472.6
903.5625,468.6
903.67871,467.4
903.79492,470.4
903.91113,470.8
904.02734,464.8
904.14355,470.2
904.2597,474.0
904.37592,470.4
904.49207,465.2
904.60828,468.8
904.72443,462.0
904.84064,468.6
904.95679,463.6
905.07294,468.2
905.18909,466.6
905.30524,468.2
905.42139,460.2
905.53754,469.6
905.65369,461.4
905.76984,464.4
905.88593,468.8
906.00208,470.2
906.11816,466.6
906.23431,468.8
906.3504,462.4
906.46655,467.0
906.58264,463.6
906.69873,469.8
906.81482,468.2
906.93091,466.6
907.047,465.8
907.16309,468.4
907.27917,469.6
907.39526,470.0
907.51135,467.0
907.62738,469.4
907.74347,466.8
907.8595,462.4
907.97559,468.8
908.09161,468.4
908.2077,464.2
908.32373,467.6
908.43976,468.0
908.55579,465.4
908.67181,468.8
908.78784,464.8
908.90387,467.4
909.0199,469.8
909.13586,463.8
909.25189,468.2
909.36792,466.8
909.48389,473.2
909.59991,464.6
909.71588,464.6
909.83185,467.4
909.94788,471.2
910.06384,463.8
910.17981,466.4
910.29578,473.6
910.41174,469.4
910.52771,466.2
910.64368,467.6
910.75958,462.4
910.87555,468.2
910.99152,467.2
911.10742,468.8
911.22339,471.0
911.33929,467.2
911.4552,467.0
911.57117,467.4
911.68707,468.6
911.80298,471.8
911.91888,465.0
912.03479,470.2
912.1507,469.0
912.2666,467.6
912.38245,467.8
912.49835,464.6
912.61426,472.0
912.7301,467.4
912.84601,468.2
792.4458,526.8
792.56488,527.4
792.68396,538.2
792.8031,537.6
792.92218,525.0
793.04126,519.0
793.16034,523.4
793.27942,522.6
793.3985,517.2
793.51758,520.4
793.63672,512.6
793.7558,521.4
793.87488,516.2
793.9939,519.6
794.11298,518.6
794.23206,513.2
794.35114,514.2
794.47021,504.0
794.58929,505.4
794.70831,507.6
794.82739,505.6
794.94647,509.8
795.06549,507.0
795.18457,505.6
795.30365,514.2
795.42267,509.6
795.54175,502.6
795.66077,499.8
795.77985,508.0
795.89886,502.4
796.01794,509.4
796.13696,504.6
796.25598,500.6
796.375,503.4
796.49408,506.6
796.6131,502.2
796.73212,502.8
796.85114,498.4
796.97015,501.2
797.08923,503.4
797.20825,496.6
797.32727,503.4
797.44629,502.0
797.56531,498.4
797.68427,504.0
797.80328,503.8
797.9223,507.2
798.04132,500.8
798.16034,505.6
798.27936,500.2
798.39832,504.0
798.51733,499.4
798.63635,501.6
798.75531,500.6
798.87433,498.4
798.99329,501.0
799.1123,499.4
799.23126,501.2
799.35028,501.0
799.46924,505.0
799.58826,506.2
799.70721,504.6
799.82617,504.2
799.94519,501.8
800.06415,501.8
800.18311,500.8
800.30206,505.2
800.42102,504.0
800.54004,502.2
800.659,503.0
800.77795,500.4
800.89691,504.0
801.01587,502.6
801.13483,503.4
801.25372,504.8
801.37268,505.0
801.49164,506.8
801.6106,508.6
801.72955,506.0
801.84845,504.6
801.96741,507.4
802.08636,505.0
802.20526,506.4
802.32422,508.0
802.44318,507.2
802.56207,510.0
802.68103,508.0
802.79993,506.8
802.91882,508.0
803.03778,505.8
803.15668,508.2
803.27557,507.6
803.39453,510.0
803.51343,509.4
803.63232,515.4
803.75122,511.0
803.87012,511.2
803.98907,507.6
804.10797,509.2
804.22687,514.0
804.34576,506.8
804.46466,516.2
804.58356,515.2
804.70239,508.4
804.82129,516.6
804.94019,517.4
805.05908,515.0
805.17798,514.6
805.29681,516.0
805.41571,514.2
805.53461,518.8
805.65344,513.2
805.77234,521.4
805.89117,514.0
806.01007,520.0
806.12891,516.6
806.2478,523.8
806.36664,515.0
806.48547,518.0
806.60437,515.2
806.72321,516.0
806.84204,523.0
806.96088,515.2
807.07971,517.2
807.19861,520.8
807.31744,527.4
807.43628,519.8
807.55511,520.4
807.67395,519.8
807.79279,527.8
807.91162,520.8
808.0304,518.8
808.14923,523.2
808.26807,527.6
808.3869,525.4
808.50568,525.8
808.62451,520.6
808.74335,520.8
808.86212,522.8
808.98096,532.2
809.09979,524.4
809.21857,529.8
809.33734,527.6
809.45618,528.2
809.57495,530.4
809.69379,527.6
809.81256,531.0
809.93134,528.0
810.05011,524.2
810.16895,526.0
810.28772,521.8
810.40649,522.4
810.52527,528.2
810.64404,522.4
810.76282,532.2
810.88159,526.8
811.00037,528.2
811.11914,528.4
811.23792,521.8
811.35663,526.0
811.4754,526.0
811.59418,528.8
811.71295,529.6
811.83167,526.0
811.95044,531.0
812.06921,534.2
812.18793,526.6
812.3067,527.8
812.42542,530.0
812.54419,531.8
812.6629,528.4
812.78162,527.4
812.90039,530.8
813.0191,521.2
813.13782,526.6
813.25653,523.4
813.37524,523.6
813.49402,528.0
813.61273,528.4
813.73145,525.4
813.85016,524.4
813.96887,525.4
814.08759,521.2
814.2063,525.8
814.32495,524.8
814.44366,529.6
814.56238,525.4
814.68109,522.4
814.79974,521.6
814.91846,521.2
815.03717,519.8
815.15582,522.6
815.27454,518.4
815.39319,515.8
815.5119,520.8
815.63055,519.4
815.74927,520.8
815.86792,520.2
815.98657,520.6
816.10529,517.6
816.22394,520.6
816.34259,520.8
816.46124,524.2
816.5799,523.4
816.69855,526.6
816.8172,520.2
816.93585,523.6
817.0545,515.8
817.17316,514.4
817.29181,519.6
817.41046,513.0
817.52911,511.8
817.64771,510.4
817.76636,508.2
817.88501,505.4
818.0036,506.0
818.12225,502.8
818.24091,499.6
818.3595,493.4
818.47815,497.4
818.59674,496.4
818.71533,494.2
818.83398,499.4
818.95258,487.2
819.07117,489.0
819.18976,488.8
819.30841,487.4
819.427,490.2
819.54559,493.8
819.66418,488.6
819.78278,488.8
819.90137,489.0
820.01996,487.2
820.13855,483.0
820.25714,485.0
820.37573,485.0
820.49426,483.8
820.61285,482.2
820.73145,486.8
820.84998,483.8
820.96857,481.0
821.08716,486.4
821.20569,483.8
821.32428,482.8
821.44281,480.8
821.56134,485.8
821.67993,478.4
821.79846,482.2
821.91699,481.4
822.03558,481.2
822.15411,484.4
822.27264,479.8
822.39117,481.6
822.5097,479.6
822.62823,482.8
822.74677,483.2
822.8653,479.4
822.98383,480.6
823.10236,485.0
823.22089,474.8
823.33942,483.6
823.45789,478.4
823.57642,482.6
823.69495,485.6
823.81342,482.2
823.93195,480.0
824.05042,488.6
824.16895,485.0
824.28741,482.4
824.40594,479.2
824.52441,481.8
824.64288,479.6
824.76141,480.4
824.87988,474.8
824.99835,481.0
825.11682,478.4
825.23529,481.4
825.35376,477.8
825.47223,472.4
825.5907,478.0
825.70917,479.8
825.82764,482.2
825.94611,476.2
826.06458,472.2
826.18304,474.2
826.30145,478.6
826.41992,479.8
826.53839,473.6
826.6568,474.0
826.77527,471.6
826.89368,476.6
827.01215,475.2
827.13055,473.2
827.24902,470.6
827.36743,474.0
827.48584,475.6
827.60431,474.4
827.72272,474.6
827.84113,473.2
827.95953,471.2
828.07794,471.4
828.19635,471.2
828.31476,470.4
828.43317,469.2
828.55157,470.2
828.66998,468.8
828.78839,472.8
828.90674,467.0
829.02515,473.4
829.14355,477.6
829.2619,469.8
829.38031,472.8
829.49872,466.6
829.61707,465.4
829.73547,470.6
829.85382,470.2
829.97217,467.6
830.09058,473.0
830.20892,472.2
830.32727,472.6
830.44562,469.2
830.56403,474.2
830.68237,473.4
830.80072,475.6
830.91907,473.2
831.03741,470.0
831.15576,476.8
831.27411,469.8
831.3924,474.6
831.51074,473.2
831.62909,467.0
831.74744,469.8
831.86572,470.4
831.98407,471.0
832.10242,469.8
832.2207,468.6
832.33905,471.2
832.45734,470.6
832.57562,471.2
832.69397,466.0
832.81226,472.0
832.93054,474.2
833.04889,475.2
833.16718,464.8
833.28546,470.8
833.40375,478.8
833.52203,470.0
833.64032,470.0
833.75861,468.0
833.87689,470.0
833.99518,474.0
834.1134,473.8
834.23169,476.4
834.34998,465.2
834.46826,473.0
834.58649,471.6
834.70477,475.0
834.823,467.0
834.94128,477.0
835.05951,469.2
835.1778,475.0
835.29602,469.0
835.41425,471.0
835.53253,471.4
835.65076,472.2
835.76898,473.8
835.88721,474.8
836.00543,474.4
836.12366,476.2
836.24188,472.4
836.36011,477.2
836.47833,472.8
836.59656,481.2
836.71478,477.4
836.83295,479.6
836.95117,474.4
837.0694,484.2
837.18756,477.6
837.30579,476.2
837.42401,479.4
837.54218,481.8
837.66034,476.4
837.77856,482.4
837.89673,477.4
838.01489,482.0
838.13312,477.4
838.25128,476.0
838.36945,477.4
838.48761,477.8
838.60577,477.8
838.72394,479.4
838.8421,474.0
838.96027,479.8
839.07843,475.4
839.19659,476.4
839.31476,477.2
839.43286,478.2
839.55103,478.8
839.66919,479.2
839.78729,476.0
839.90546,473.4
840.02356,475.2
840.14172,475.8
840.25983,469.6
840.37793,473.0
840.49609,472.6
840.6142,473.8
840.7323,471.2
840.8504,477.4
840.96851,477.4
841.08661,470.0
841.20471,473.2
841.32281,472.4
841.44092,471.2
841.55902,472.8
841.67712,471.6
841.79523,476.2
841.91327,472.0
842.03137,473.4
842.14948,476.4
842.26752,472.2
842.38562,471.0
842.50366,471.2
842.62177,466.2
842.73981,467.6
842.85791,471.0
842.97595,473.0
843.09399,476.4
843.21204,470.8
843.33008,468.2
843.44818,468.2
843.56622,469.4
843.68427,469.8
843.80231,470.2
843.92029,467.8
844.03833,473.8
844.15637,469.6
844.27441,475.8
844.39246,470.8
844.51044,468.4
844.62848,469.4
844.74646,476.4
844.8645,468.8
844.98248,468.0
845.10052,473.4
845.21851,472.6
845.33649,471.2
845.45453,470.4
845.57251,471.6
845.69049,468.0
845.80847,466.6
845.92645,468.0
846.04443,470.6
846.16241,472.6
846.2804,472.4
846.39838,465.2
846.51636,469.2
846.63434,468.0
846.75226,468.0
846.87024,469.2
846.98822,471.4
847.10614,471.0
847.22412,468.4
847.34204,472.6
847.46002,468.6
847.57794,469.6
847.69586,467.0
847.81384,467.4
847.93176,471.8
848.04968,472.2
848.1676,469.4
848.28552,471.4
848.40344,470.4
848.52136,468.2
848.63928,471.0
848.7572,473.2
848.87512,470.0
848.99304,473.6
849.1109,469.4
849.22882,468.4
849.34674,471.0
849.4646,469.2
849.58252,470.8
849.70038,471.8
849.8183,471.0
849.93616,469.2
850.05402,472.2
850.17194,470.6
850.28979,472.6
850.40765,470.0
850.52551,470.6
850.64337,471.2
850.76123,474.8
850.87909,467.8
850.99695,472.6
851.11481,469.2
851.23267,468.2
851.35046,470.2
851.46832,472.6
851.58618,473.4
851.70398,472.6
851.82184,471.8
851.93964,468.8
852.0575,472.0
852.17529,476.2
852.29315,473.2
852.41095,475.4
852.52875,468.8
852.64655,472.2
852.7644,475.4
852.8822,473.6
853.0,465.4
853.1178,475.4
853.2356,469.4
853.35333,471.6
853.47113,471.8
853.58893,473.4
853.70673,471.0
853.82446,478.4
853.94226,473.2
854.06006,469.0
854.1778,473.8
854.29559,475.6
854.41333,471.4
854.53107,474.2
854.64886,476.4
854.7666,477.6
854.88434,472.0
855.00208,476.4
855.11981,471.4
855.23761,476.2
855.35535,477.4
855.47302,473.6
855.59076,473.8
855.7085,478.8
855.82623,473.2
855.94397,478.6
856.06165,473.4
856.17938,473.0
856.29712,476.0
856.41479,475.4
856.53253,475.6
856.65021,474.6
856.76788,470.4
856.88562,476.2
857.0033,469.6
857.12097,480.0
857.23865,471.4
857.35632,474.8
857.474,470.4
857.59167,474.4
857.70935,476.6
857.82703,472.4
857.9447,471.2
858.06238,472.8
858.18005,473.6
858.29767,472.0
858.41534,473.4
858.53296,472.2
858.65063,473.8
858.76825,470.6
858.88593,476.0
859.00354,475.2
859.12115,471.6
859.23883,472.8
859.35645,469.2
859.47406,471.4
859.59167,471.8
859.70929,469.8
859.8269,470.6
859.94452,474.6
860.06213,472.8
860.17975,481.2
860.29736,471.6
860.41492,471.2
860.53253,475.8
860.65009,472.6
860.7677,474.4
860.88525,470.6
861.00287,472.2
861.12042,470.0
861.23804,470.6
861.35559,472.6
861.47314,471.4
861.5907,470.6
861.70825,469.4
861.82581,471.6
861.94336,474.0
862.06091,467.6
862.17847,472.6
862.29602,473.6
862.41357,470.4
862.53113,474.2
862.64862,471.6
862.76617,471.6
862.88367,470.4
863.00122,471.4
863.11871,471.2
863.23627,467.4
863.35376,471.4
863.47125,470.0
863.58881,469.6
863.7063,471.4
863.82379,467.4
863.94128,471.6
864.05878,467.8
864.17627,467.2
864.29376,469.8
864.41125,469.6
864.52869,471.4
864.64618,472.0
864.76367,471.6
864.8811,474.2
864.9986,468.0
865.11609,477.0
865.23352,468.6
865.35095,468.0
865.46844,471.4
865.58588,470.8
865.70331,471.6
865.82074,476.8
865.93823,468.4
866.05566,472.0
866.1731,474.6
866.29053,471.2
866.4079,469.0
866.52533,476.0
866.64276,469.6
866.76019,471.6
866.87756,470.6
866.995,474.0
867.11243,467.8
867.2298,475.0
867.34723,471.4
867.4646,472.0
867.58197,472.8
867.6994,473.6
867.81677,471.0
867.93414,473.6
868.05151,472.2
868.16888,469.0
868.28625,470.2
868.40363,473.8
868.521,474.6
868.63837,475.6
868.75568,470.2
868.87305,473.6
868.99042,475.6
869.10773,469.8
869.2251,474.2
869.34241,475.2
869.45978,469.4
869.57709,471.6
869.69446,469.0
869.81177,477.0
869.92908,475.6
870.04639,471.6
870.1637,468.6
870.28101,474.8
870.39832,477.2
870.51563,473.8
870.63293,473.2
870.75024,473.6
870.86749,471.6
870.9848,473.2
871.10211,471.6
871.21936,472.6
871.33667,473.8
871.45392,475.6
871.57123,471.2
871.68848,471.8
871.80573,474.0
871.92297,469.6
872.04028,472.4
872.15753,473.2
872.27478,473.8
872.39203,469.8
872.50928,472.4
872.62646,470.2
872.74371,467.4
872.86096,470.4
872.97821,468.2
873.0954,476.0
873.21265,470.4
873.32983,465.0
873.44708,474.4
873.56427,478.0
873.68152,469.6
873.79871,471.6
873.91589,468.4
874.03308,473.6
874.15027,471.0
874.26746,472.2
874.38464,470.8
874.50183,471.0
874.61902,473.4
874.73621,474.4
874.85339,466.4
874.97052,469.8
875.08771,467.4
875.2049,476.6
875.32202,473.8
875.43921,476.6
875.55634,468.2
875.67346,476.6
875.79065,471.4
875.90778,471.6
876.0249,472.2
876.14203,470.4
876.25916,471.0
876.37628,475.2
876.49341,470.2
876.61053,472.0
876.72766,472.2
876.84473,476.4
876.96185,472.6
877.07898,474.2
877.19604,478.0
877.31317,468.0
877.43024,476.0
877.54736,472.6
877.66443,471.0
877.78149,476.2
877.89856,471.2
878.01569,471.6
878.13275,472.0
878.24982,472.2
878.36688,472.8
878.48395,476.0
878.60095,471.4
878.71802,472.4
878.83508,473.0
878.95215,473.0
879.06915,473.6
879.18622,476.0
879.30322,472.6
879.42029,474.2
879.53729,473.8
879.6543,474.2
879.77136,472.2
879.88837,475.2
880.00537,473.8
880.12238,471.4
880.23938,469.0
880.35638,471.8
880.47339,469.0
880.59039,472.2
880.70734,476.4
880.82434,470.2
880.94135,478.4
881.05829,476.2
881.17529,472.6
881.29224,472.2
881.40924,472.4
881.52618,472.6
881.64313,467.4
881.76007,472.8
881.87701,473.4
881.99402,468.8
882.11096,472.0
882.22791,468.6
882.34479,474.6
882.46173,470.8
882.57867,472.6
882.69562,475.4
882.8125,474.8
882.92944,478.8
883.04639,476.8
883.16327,477.4
883.28015,470.8
883.39709,474.4
883.51398,474.0
883.63086,471.8
883.74774,476.8
883.86462,475.6
883.98157,477.0
884.09839,475.0
884.21527,477.4
884.33215,479.0
884.44904,474.4
884.56592,476.4
884.68274,471.4
884.79962,474.6
884.9165,470.8
885.03333,475.6
885.15015,475.4
885.26703,476.6
885.38385,473.8
885.50067,477.0
885.61749,477.0
885.73438,475.4
885.8512,473.2
885.96802,477.2
886.08478,471.2
886.2016,474.4
886.31842,480.4
886.43524,474.2
886.55206,476.8
886.66882,477.6
886.78564,477.0
886.9024,473.8
887.01923,475.0
887.13599,477.4
887.25275,477.6
887.36951,477.4
887.48633,474.4
887.60309,483.0
887.71985,476.8
887.83661,475.0
887.95337,473.2
888.07007,472.2
888.18683,477.6
888.30359,474.8
888.42035,472.6
888.53705,471.6
888.65381,475.2
888.77051,474.8
888.88721,478.0
889.00397,478.2
889.12067,478.0
889.23737,481.8
889.35406,479.4
889.47083,476.4
889.58752,476.0
889.70416,473.2
889.82086,479.0
889.93756,483.8
890.05426,473.8
890.17096,474.4
890.2876,477.4
890.4043,481.0
890.52094,479.4
890.63763,479.8
890.75427,475.8
890.87091,481.8
890.98761,474.4
891.10425,474.6
891.22089,478.4
891.33752,478.4
891.45416,474.8
891.5708,476.4
891.68744,478.6
891.80408,478.0
891.92065,476.6
892.03729,476.6
892.15393,475.8
892.27051,478.8
892.38715,481.6
892.50372,477.2
892.6203,479.6
892.73694,476.8
892.85352,476.4
892.97009,478.6
893.08667,482.2
893.20325,478.4
893.31982,479.0
893.4364,479.2
893.55298,480.2
893.66956,481.4
893.78607,485.6
893.90265,476.8
894.01917,483.0
894.13574,485.2
894.25226,480.8
894.36884,485.8
894.48535,480.4
894.60187,480.2
894.71838,480.4
894.8349,482.0
894.95148,480.0
895.06793,480.0
895.18445,482.2
895.30096,477.0
895.41748,475.0
895.534,478.2
895.65045,475.6
895.76697,479.6
895.88342,482.8
895.99994,476.4
896.11639,479.0
896.23291,480.6
896.34937,477.8
896.46582,479.2
896.58228,481.6
896.69873,479.8
896.81519,479.0
896.93164,477.2
897.0481,484.8
897.16455,479.8
897.28094,481.6
897.3974,476.0
897.51385,482.8
897.63025,477.6
897.7467,477.4
897.8631,478.8
897.97949,472.0
898.09595,479.6
898.21234,474.2
898.32874,481.4
898.44513,477.6
898.56152,480.4
898.67792,477.8
898.79431,477.6
898.91064,479.6
899.02704,481.2
899.14343,476.2
899.25977,476.6
899.37616,470.6
899.49249,475.8
899.60889,474.4
899.72522,475.8
899.84155,476.4
899.95789,477.6
900.07428,478.6
900.19061,478.4
900.30695,476.2
900.42322,477.4
900.53955,475.2
900.65588,475.8
900.77222,476.4
900.88849,474.6
901.00482,472.8
901.12109,473.6
901.23743,476.0
901.3537,473.6
901.47003,468.4
901.5863,473.6
901.70258,469.4
901.81885,475.8
901.93512,473.8
902.05139,471.4
902.16766,466.8
902.28394,468.6
902.40021,473.8
902.51642,475.8
902.63269,469.8
902.7489,473.6
902.86517,469.2
902.98138,472.4
903.09766,472.4
903.21387,470.4
903.33008,471.2
903.44629,476.6
903.5625,469.8
903.67871,466.8
903.79492,466.8
903.91113,468.0
904.02734,472.0
904.14355,472.8
904.2597,471.0
904.37592,470.8
904.49207,465.2
904.60828,469.6
904.72443,469.6
904.84064,467.4
904.95679,466.4
905.07294,469.8
905.18909,465.8
905.30524,470.0
905.42139,468.0
905.53754,469.4
905.65369,468.6
905.76984,468.4
905.88593,469.2
906.00208,470.2
906.11816,466.2
906.23431,472.8
906.3504,467.6
906.46655,464.4
906.58264,467.0
906.69873,470.8
906.81482,470.2
906.93091,474.6
907.047,465.0
907.16309,469.4
907.27917,474.6
907.39526,468.2
907.51135,467.4
907.62738,468.6
907.74347,469.2
907.8595,470.0
907.97559,471.4
908.09161,468.6
908.2077,464.2
908.32373,471.0
908.43976,470.2
908.55579,468.4
908.67181,467.8
908.78784,467.0
908.90387,469.8
909.0199,471.2
909.13586,467.4
909.25189,469.6
909.36792,461.2
909.48389,468.0
909.59991,465.0
909.71588,469.4
909.83185,468.8
909.94788,469.6
910.06384,470.8
910.17981,473.6
910.29578,469.0
910.41174,470.8
910.52771,466.4
910.64368,470.6
910.75958,466.4
910.87555,469.0
910.99152,468.6
911.10742,471.0
911.22339,469.2
911.33929,470.6
911.4552,470.2
911.57117,468.6
911.68707,470.4
911.80298,470.4
911.91888,473.8
912.03479,466.6
912.1507,473.4
912.2666,469.0
912.38245,471.4
912.49835,470.6
912.61426,472.8
912.7301,472.6
912.84601,472.2
792.4458,572.6
792.56488,567.4
792.68396,573.2
792.8031,571.2
792.92218,558.0
793.04126,552.4
793.16034,555.8
793.27942,556.0
793.3985,553.4
793.51758,542.6
793.63672,539.8
793.7558,543.8
793.87488,555.0
793.9939,550.4
794.11298,542.4
794.23206,539.4
794.35114,544.2
794.47021,532.4
794.58929,531.0
794.70831,530.2
794.82739,535.8
794.94647,531.2
795.06549,532.4
795.18457,527.0
795.30365,531.4
795.42267,528.0
795.54175,523.6
795.66077,526.2
795.77985,523.8
795.89886,526.4
796.01794,529.6
796.13696,524.4
796.25598,527.8
796.375,521.2
796.49408,522.2
796.6131,520.6
796.73212,525.6
796.85114,519.2
796.97015,517.0
797.08923,510.8
797.20825,521.0
797.32727,514.6
797.44629,523.8
797.56531,513.6
797.68427,517.8
797.80328,515.0
797.9223,519.8
798.04132,516.6
798.16034,521.8
798.27936,511.6
798.39832,521.6
798.51733,510.0
798.63635,515.6
798.75531,518.0
798.87433,509.4
798.99329,509.0
799.1123,510.4
799.23126,512.8
799.35028,509.4
799.46924,516.2
799.58826,518.0
799.70721,517.8
799.82617,515.4
799.94519,512.8
800.06415,514.2
800.18311,511.8
800.30206,508.6
800.42102,518.0
800.54004,515.0
800.659,512.2
800.77795,519.6
800.89691,513.6
801.01587,516.8
801.13483,516.4
801.25372,518.2
801.37268,512.4
801.49164,516.8
801.6106,516.8
801.72955,519.0
801.84845,519.4
801.96741,524.0
802.08636,514.8
802.20526,518.4
802.32422,517.6
802.44318,526.6
802.56207,516.4
802.68103,519.6
802.79993,519.0
802.91882,522.6
803.03778,520.8
803.15668,522.6
803.27557,519.8
803.39453,520.6
803.51343,517.6
803.63232,522.6
803.75122,524.2
803.87012,521.2
803.98907,520.2
804.10797,521.6
804.22687,523.8
804.34576,521.8
804.46466,522.6
804.58356,520.4
804.70239,523.6
804.82129,523.6
804.94019,524.8
805.05908,523.4
805.17798,522.2
805.29681,529.2
805.41571,526.0
805.53461,530.8
805.65344,526.2
805.77234,538.2
805.89117,532.6
806.01007,533.4
806.12891,530.8
806.2478,527.8
806.36664,523.8
806.48547,529.4
806.60437,525.2
806.72321,531.8
806.84204,535.4
806.96088,524.4
807.07971,525.2
807.19861,527.0
807.31744,535.6
807.43628,534.8
807.55511,527.4
807.67395,529.2
807.79279,526.6
807.91162,532.2
808.0304,536.6
808.14923,535.4
808.26807,526.8
808.3869,536.6
808.50568,534.0
808.62451,533.6
808.74335,534.0
808.86212,538.0
808.98096,539.4
809.09979,540.2
809.21857,538.0
809.33734,537.4
809.45618,539.4
809.57495,540.2
809.69379,538.2
809.81256,542.6
809.93134,538.6
810.05011,542.2
810.16895,540.2
810.28772,542.4
810.40649,535.2
810.52527,543.0
810.64404,537.4
810.76282,539.2
810.88159,541.4
811.00037,542.2
811.11914,536.6
811.23792,542.2
811.35663,543.0
811.4754,545.2
811.59418,539.8
811.71295,543.0
811.83167,539.6
811.95044,542.0
812.06921,542.8
812.18793,544.4
812.3067,544.0
812.42542,542.0
812.54419,541.0
812.6629,542.0
812.78162,536.0
812.90039,539.2
813.0191,539.4
813.13782,540.6
813.25653,536.4
813.37524,537.8
813.49402,540.2
813.61273,541.8
813.73145,535.0
813.85016,544.4
813.96887,537.6
814.08759,541.6
814.2063,537.2
814.32495,539.0
814.44366,540.4
814.56238,537.0
814.68109,537.4
814.79974,532.8
814.91846,528.2
815.03717,533.2
815.15582,527.6
815.27454,530.2
815.39319,526.2
815.5119,535.2
815.63055,535.0
815.74927,531.4
815.86792,526.2
815.98657,534.8
816.10529,531.0
816.22394,534.2
816.34259,529.2
816.46124,538.8
816.5799,541.4
816.69855,532.2
816.8172,535.2
816.93585,534.0
817.0545,530.6
817.17316,532.4
817.29181,528.2
817.41046,529.2
817.52911,517.8
817.64771,525.2
817.76636,512.6
817.88501,513.8
818.0036,513.4
818.12225,509.8
818.24091,508.6
818.3595,503.8
818.47815,502.4
818.59674,504.2
818.71533,502.6
818.83398,499.8
818.95258,502.2
819.07117,496.8
819.18976,499.8
819.30841,500.8
819.427,494.4
819.54559,503.2
819.66418,492.6
819.78278,499.8
819.90137,496.2
820.01996,493.2
820.13855,487.0
820.25714,498.2
820.37573,497.0
820.49426,493.6
820.61285,492.0
820.73145,493.4
820.84998,483.8
820.96857,494.2
821.08716,491.8
821.20569,485.0
821.32428,486.4
821.44281,487.6
821.56134,487.8
821.67993,491.4
821.79846,491.0
821.91699,490.0
822.03558,486.4
822.15411,488.2
822.27264,485.4
822.39117,487.8
822.5097,479.8
822.62823,490.0
822.74677,481.6
822.8653,488.0
822.98383,484.2
823.10236,490.2
823.22089,482.6
823.33942,485.8
823.45789,486.0
823.57642,491.4
823.69495,487.8
823.81342,490.8
823.93195,483.2
824.05042,487.2
824.16895,486.0
824.28741,484.0
824.40594,485.6
824.52441,488.0
824.64288,486.0
824.76141,485.2
824.87988,481.0
824.99835,483.2
825.11682,479.6
825.23529,493.4
825.35376,481.4
825.47223,478.0
825.5907,478.0
825.70917,485.8
825.82764,484.2
825.94611,479.0
826.06458,476.0
826.18304,480.0
826.30145,483.2
826.41992,483.8
826.53839,478.8
826.6568,485.2
826.77527,480.4
826.89368,477.8
827.01215,477.6
827.13055,482.0
827.24902,480.2
827.36743,479.6
827.48584,477.4
827.60431,480.4
827.72272,478.2
827.84113,481.2
827.95953,475.6
828.07794,480.4
828.19635,479.2
828.31476,480.4
828.43317,473.4
828.55157,479.4
828.66998,475.8
828.78839,478.6
828.90674,474.8
829.02515,482.8
829.14355,480.4
829.2619,482.6
829.38031,474.2
829.49872,479.4
829.61707,475.8
829.73547,475.0
829.85382,476.2
829.97217,477.2
830.09058,474.4
830.20892,475.8
830.32727,478.8
830.44562,479.4
830.56403,478.0
830.68237,476.8
830.80072,476.8
830.91907,474.4
831.03741,474.0
831.15576,476.8
831.27411,473.8
831.3924,478.0
831.51074,475.2
831.62909,474.2
831.74744,479.8
831.86572,480.0
831.98407,474.2
832.10242,479.6
832.2207,479.0
832.33905,472.2
832.45734,481.6
832.57562,472.8
832.69397,478.2
832.81226,474.6
832.93054,475.4
833.04889,478.6
833.16718,467.8
833.28546,474.8
833.40375,480.0
833.52203,475.2
833.64032,472.6
833.75861,476.2
833.87689,475.0
833.99518,476.8
834.1134,475.4
834.23169,477.4
834.34998,474.4
834.46826,475.8
834.58649,474.6
834.70477,476.6
834.823,471.0
834.94128,479.8
835.05951,480.0
835.1778,478.0
835.29602,473.0
835.41425,482.8
835.53253,476.4
835.65076,480.4
835.76898,478.4
835.88721,482.2
836.00543,481.4
836.12366,481.2
836.24188,477.4
836.36011,484.0
836.47833,483.8
836.59656,486.6
836.71478,484.6
836.83295,482.4
836.95117,480.4
837.0694,492.0
837.18756,483.8
837.30579,479.0
837.42401,486.4
837.54218,483.6
837.66034,480.0
837.77856,488.2
837.89673,482.8
838.01489,481.4
838.13312,482.6
838.25128,480.2
838.36945,486.0
838.48761,488.2
838.60577,482.2
838.72394,490.2
838.8421,483.0
838.96027,490.2
839.07843,485.2
839.19659,486.4
839.31476,487.6
839.43286,488.8
839.55103,485.0
839.66919,485.6
839.78729,485.2
839.90546,485.0
840.02356,485.4
840.14172,485.2
840.25983,482.4
840.37793,486.0
840.49609,482.4
840.6142,489.8
840.7323,482.6
840.8504,487.2
840.96851,479.6
841.08661,487.2
841.20471,483.2
841.32281,486.4
841.44092,484.2
841.55902,486.2
841.67712,479.6
841.79523,488.4
841.91327,483.4
842.03137,485.0
842.14948,486.0
842.26752,482.6
842.38562,482.2
842.50366,486.4
842.62177,479.8
842.73981,484.2
842.85791,480.8
842.97595,479.8
843.09399,482.8
843.21204,476.6
843.33008,481.4
843.44818,482.6
843.56622,476.0
843.68427,477.8
843.80231,479.6
843.92029,482.0
844.03833,476.4
844.15637,473.4
844.27441,480.8
844.39246,483.8
844.51044,475.8
844.62848,479.6
844.74646,476.4
844.8645,479.8
844.98248,471.6
845.10052,477.6
845.21851,479.8
845.33649,474.6
845.45453,478.6
845.57251,483.4
845.69049,475.8
845.80847,482.8
845.92645,472.0
846.04443,482.0
846.16241,475.2
846.2804,479.2
846.39838,481.6
846.51636,481.8
846.63434,481.2
846.75226,483.2
846.87024,479.4
846.98822,480.8
847.10614,481.8
847.22412,476.8
847.34204,476.4
847.46002,483.2
847.57794,477.0
847.69586,479.2
847.81384,479.4
847.93176,475.8
848.04968,483.2
848.1676,476.0
848.28552,477.8
848.40344,478.8
848.52136,477.2
848.63928,480.6
848.7572,478.0
848.87512,478.4
848.99304,479.0
849.1109,478.6
849.22882,476.2
849.34674,476.4
849.4646,477.2
849.58252,477.4
849.70038,478.8
849.8183,481.4
849.93616,471.6
850.05402,485.4
850.17194,481.8
850.28979,480.8
850.40765,481.6
850.52551,481.4
850.64337,483.0
850.76123,479.4
850.87909,480.4
850.99695,480.8
851.11481,480.0
851.23267,484.0
851.35046,480.4
851.46832,475.4
851.58618,476.4
851.70398,480.8
851.82184,474.6
851.93964,480.8
852.0575,479.2
852.17529,483.4
852.29315,481.2
852.41095,481.4
852.52875,475.6
852.64655,479.8
852.7644,473.4
852.8822,485.4
853.0,478.4
853.1178,482.6
853.2356,475.6
853.35333,482.2
853.47113,482.8
853.58893,478.0
853.70673,485.2
853.82446,481.8
853.94226,481.2
854.06006,477.6
854.1778,486.0
854.29559,483.0
854.41333,481.0
854.53107,484.4
854.64886,485.4
854.7666,482.6
854.88434,481.0
855.00208,485.2
855.11981,483.6
855.23761,486.8
855.35535,486.4
855.47302,491.8
855.59076,486.2
855.7085,485.4
855.82623,482.8
855.94397,491.4
856.06165,481.6
856.17938,487.2
856.29712,484.4
856.41479,482.2
856.53253,484.0
856.65021,486.6
856.76788,486.6
856.88562,487.2
857.0033,490.2
857.12097,487.4
857.23865,481.4
857.35632,485.8
857.474,479.6
857.59167,488.6
857.70935,486.0
857.82703,485.2
857.9447,481.0
858.06238,483.6
858.18005,483.0
858.29767,479.6
858.41534,480.4
858.53296,483.4
858.65063,483.4
858.76825,484.6
858.88593,480.0
859.00354,484.8
859.12115,484.8
859.23883,484.0
859.35645,486.6
859.47406,482.8
859.59167,478.4
859.70929,485.8
859.8269,478.4
859.94452,485.2
860.06213,481.0
860.17975,481.4
860.29736,481.2
860.41492,479.6
860.53253,480.6
860.65009,480.4
860.7677,476.8
860.88525,484.6
861.00287,482.0
861.12042,481.4
861.23804,482.6
861.35559,476.8
861.47314,478.0
861.5907,476.4
861.70825,473.0
861.82581,474.2
861.94336,476.4
862.06091,479.6
862.17847,479.4
862.29602,474.4
862.41357,472.4
862.53113,474.0
862.64862,476.4
862.76617,472.2
862.88367,476.4
863.00122,476.0
863.11871,476.6
863.23627,478.8
863.35376,474.8
863.47125,475.2
863.58881,477.0
863.7063,475.4
863.82379,471.0
863.94128,471.8
864.05878,475.0
864.17627,476.4
864.29376,478.6
864.41125,476.2
864.52869,470.8
864.64618,479.2
864.76367,473.0
864.8811,475.4
864.9986,472.4
865.11609,474.2
865.23352,473.8
865.35095,476.2
865.46844,471.0
865.58588,478.0
865.70331,474.2
865.82074,477.2
865.93823,472.8
866.05566,476.2
866.1731,473.6
866.29053,477.6
866.4079,473.2
866.52533,476.0
866.64276,476.4
866.76019,477.2
866.87756,473.4
866.995,480.4
867.11243,477.8
867.2298,481.8
867.34723,475.8
867.4646,476.2
867.58197,479.2
867.6994,475.6
867.81677,481.0
867.93414,479.6
868.05151,473.2
868.16888,477.8
868.28625,477.2
868.40363,480.8
868.521,478.6
868.63837,481.2
868.75568,479.0
868.87305,476.0
868.99042,476.2
869.10773,478.0
869.2251,478.6
869.34241,482.0
869.45978,475.6
869.57709,479.6
869.69446,479.6
869.81177,481.2
869.92908,483.0
870.04639,483.0
870.1637,471.2
870.28101,482.0
870.39832,476.4
870.51563,483.8
870.63293,480.4
870.75024,485.2
870.86749,480.0
870.9848,481.4
871.10211,478.6
871.21936,480.6
871.33667,486.6
871.45392,483.4
871.57123,481.8
871.68848,480.2
871.80573,480.0
871.92297,484.8
872.04028,475.2
872.15753,480.2
872.27478,483.2
872.39203,479.4
872.50928,477.4
872.62646,481.6
872.74371,480.6
872.86096,479.0
872.97821,478.2
873.0954,478.6
873.21265,472.6
873.32983,476.6
873.44708,479.0
873.56427,480.8
873.68152,474.4
873.79871,477.4
873.91589,472.8
874.03308,474.2
874.15027,477.6
874.26746,476.6
874.38464,479.6
874.50183,482.6
874.61902,479.4
874.73621,477.6
874.85339,476.4
874.97052,480.8
875.08771,480.8
875.2049,477.0
875.32202,474.8
875.43921,482.8
875.55634,477.2
875.67346,480.8
875.79065,476.8
875.90778,477.2
876.0249,481.2
876.14203,478.0
876.25916,477.8
876.37628,480.2
876.49341,480.2
876.61053,485.0
876.72766,474.8
876.84473,482.2
876.96185,475.2
877.07898,477.8
877.19604,483.2
877.31317,478.2
877.43024,474.4
877.54736,476.6
877.66443,478.2
877.78149,483.4
877.89856,478.4
878.01569,480.6
878.13275,478.4
878.24982,479.8
878.36688,485.8
878.48395,481.2
878.60095,476.2
878.71802,476.4
878.83508,478.6
878.95215,478.0
879.06915,477.0
879.18622,480.0
879.30322,479.4
879.42029,479.8
879.53729,476.2
879.6543,476.2
879.77136,475.4
879.88837,480.8
880.00537,478.4
880.12238,484.2
880.23938,475.4
880.35638,479.0
880.47339,476.6
880.59039,477.2
880.70734,474.6
880.82434,476.0
880.94135,479.4
881.05829,482.4
881.17529,477.8
881.29224,481.0
881.40924,475.8
881.52618,480.6
881.64313,479.4
881.76007,482.6
881.87701,477.6
881.99402,479.8
882.11096,476.2
882.22791,480.0
882.34479,478.4
882.46173,485.0
882.57867,479.8
882.69562,479.2
882.8125,476.4
882.92944,483.2
883.04639,479.6
883.16327,479.4
883.28015,481.2
883.39709,473.2
883.51398,479.6
883.63086,482.8
883.74774,479.8
883.86462,482.2
883.98157,482.4
884.09839,474.8
884.21527,479.0
884.33215,483.6
884.44904,479.4
884.56592,482.4
884.68274,478.6
884.79962,479.8
884.9165,481.2
885.03333,482.6
885.15015,483.2
885.26703,480.6
885.38385,482.2
885.50067,481.4
885.61749,479.6
885.73438,487.8
885.8512,481.4
885.96802,482.8
886.08478,479.6
886.2016,488.0
886.31842,486.6
886.43524,485.4
886.55206,484.2
886.66882,491.8
886.78564,486.6
886.9024,485.2
887.01923,485.0
887.13599,483.6
887.25275,487.2
887.36951,483.6
887.48633,486.8
887.60309,483.2
887.71985,485.8
887.83661,485.6
887.95337,483.8
888.07007,480.0
888.18683,481.8
888.30359,489.0
888.42035,480.4
888.53705,486.0
888.65381,477.2
888.77051,481.2
888.88721,477.0
889.00397,483.8
889.12067,480.2
889.23737,479.0
889.35406,483.2
889.47083,475.8
889.58752,476.8
889.70416,479.8
889.82086,476.6
889.93756,484.8
890.05426,475.0
890.17096,477.2
890.2876,477.6
890.4043,482.0
890.52094,479.6
890.63763,478.6
890.75427,480.8
890.87091,484.6
890.98761,477.6
891.10425,482.6
891.22089,480.6
891.33752,483.0
891.45416,478.0
891.5708,481.4
891.68744,476.8
891.80408,482.2
891.92065,481.2
892.03729,479.8
892.15393,484.6
892.27051,481.2
892.38715,479.2
892.50372,479.2
892.6203,482.2
892.73694,481.6
892.85352,481.8
892.97009,486.0
893.08667,480.6
893.20325,482.6
893.31982,479.0
893.4364,479.6
893.55298,483.0
893.66956,482.0
893.78607,486.6
893.90265,484.8
894.01917,484.0
894.13574,486.0
894.25226,487.8
894.36884,485.4
894.48535,488.2
894.60187,479.4
894.71838,484.4
894.8349,484.0
894.95148,484.4
895.06793,485.8
895.18445,483.2
895.30096,481.8
895.41748,482.4
895.534,476.4
895.65045,480.2
895.76697,484.2
895.88342,485.4
895.99994,482.0
896.11639,477.4
896.23291,481.6
896.34937,480.0
896.46582,483.8
896.58228,486.6
896.69873,488.4
896.81519,478.6
896.93164,483.0
897.0481,484.0
897.16455,484.8
897.28094,480.0
897.3974,482.4
897.51385,486.4
897.63025,489.4
897.7467,479.8
897.8631,481.0
897.97949,485.0
898.09595,483.0
898.21234,481.8
898.32874,482.6
898.44513,480.4
898.56152,480.6
898.67792,479.0
898.79431,476.2
898.91064,480.2
899.02704,476.8
899.14343,476.2
899.25977,482.4
899.37616,479.0
899.49249,479.4
899.60889,479.6
899.72522,480.4
899.84155,479.8
899.95789,481.8
900.07428,478.8
900.19061,484.2
900.30695,478.4
900.42322,481.4
900.53955,477.4
900.65588,479.4
900.77222,473.8
900.88849,483.2
901.00482,475.0
901.12109,480.0
901.23743,481.0
901.3537,473.2
901.47003,476.6
901.5863,478.8
901.70258,479.8
901.81885,481.6
901.93512,475.4
902.05139,477.8
902.16766,471.4
902.28394,478.4
902.40021,473.2
902.51642,483.4
902.63269,473.8
902.7489,478.2
902.86517,475.4
902.98138,477.0
903.09766,470.2
903.21387,474.6
903.33008,475.8
903.44629,476.8
903.5625,472.0
903.67871,480.4
903.79492,476.8
903.91113,473.4
904.02734,472.0
904.14355,471.2
904.2597,474.8
904.37592,478.0
904.49207,469.2
904.60828,476.8
904.72443,468.8
904.84064,474.6
904.95679,473.6
905.07294,475.6
905.18909,471.8
905.30524,473.8
905.42139,466.8
905.53754,471.6
905.65369,474.0
905.76984,473.6
905.88593,467.4
906.00208,471.0
906.11816,469.6
906.23431,472.8
906.3504,468.4
906.46655,474.6
906.58264,469.4
906.69873,475.0
906.81482,469.0
906.93091,470.0
907.047,466.8
907.16309,472.8
907.27917,473.0
907.39526,472.0
907.51135,470.8
907.62738,467.0
907.74347,475.4
907.8595,470.6
907.97559,472.4
908.09161,469.4
908.2077,468.8
908.32373,473.0
908.43976,472.0
908.55579,472.8
908.67181,472.2
908.78784,476.0
908.90387,475.0
909.0199,478.2
909.13586,474.4
909.25189,472.2
909.36792,467.8
909.48389,474.0
909.59991,468.8
909.71588,472.2
909.83185,475.4
909.94788,470.6
910.06384,474.0
910.17981,471.4
910.29578,475.2
910.41174,473.4
910.52771,469.4
910.64368,471.6
910.75958,470.0
910.87555,470.0
910.99152,468.2
911.10742,473.0
911.22339,475.6
911.33929,473.4
911.4552,466.4
911.57117,471.0
911.68707,473.8
911.80298,472.2
911.91888,473.8
912.03479,473.0
912.1507,470.8
912.2666,476.4
912.38245,473.6
912.49835,473.6
912.61426,471.4
912.7301,473.4
912.84601,471.4
792.4458,534.4
792.56488,539.6
792.68396,551.6
792.8031,542.8
792.92218,528.2
793.04126,524.2
793.16034,534.0
793.27942,528.6
793.3985,529.4
793.51758,524.0
793.63672,519.0
793.7558,525.0
793.87488,528.0
793.9939,529.2
794.11298,518.6
794.23206,520.0
794.35114,515.8
794.47021,511.8
794.58929,510.4
794.70831,510.6
794.82739,515.6
794.94647,512.8
795.06549,515.4
795.18457,509.4
795.30365,513.4
795.42267,503.4
795.54175,509.0
795.66077,512.0
795.77985,509.6
795.89886,509.8
796.01794,506.6
796.13696,504.6
796.25598,513.8
796.375,505.6
796.49408,502.2
796.6131,503.2
796.73212,511.6
796.85114,505.0
796.97015,506.4
797.08923,506.2
797.20825,509.0
797.32727,505.8
797.44629,503.2
797.56531,500.6
797.68427,504.8
797.80328,503.4
797.9223,502.2
798.04132,501.2
798.16034,507.4
798.27936,505.6
798.39832,503.0
798.51733,505.2
798.63635,504.6
798.75531,502.4
798.87433,504.8
798.99329,501.0
799.1123,502.8
799.23126,498.4
799.35028,506.2
799.46924,507.4
799.58826,504.2
799.70721,501.4
799.82617,503.4
799.94519,496.0
800.06415,506.4
800.18311,502.6
800.30206,510.8
800.42102,502.8
800.54004,503.4
800.659,504.4
800.77795,509.0
800.89691,507.6
801.01587,508.2
801.13483,510.2
801.25372,509.0
801.37268,506.4
801.49164,505.0
801.6106,511.6
801.72955,513.6
801.84845,507.8
801.96741,509.6
802.08636,508.0
802.20526,507.6
802.32422,510.0
802.44318,514.6
802.56207,514.8
802.68103,507.8
802.79993,513.6
802.91882,511.6
803.03778,509.0
803.15668,511.2
803.27557,510.0
803.39453,509.8
803.51343,510.0
803.63232,513.2
803.75122,506.8
803.87012,519.0
803.98907,508.2
804.10797,512.8
804.22687,510.4
804.34576,517.4
804.46466,515.2
804.58356,513.4
804.70239,510.6
804.82129,519.2
804.94019,516.6
805.05908,512.0
805.17798,513.8
805.29681,520.4
805.41571,521.0
805.53461,519.8
805.65344,516.6
805.77234,523.4
805.89117,519.6
806.01007,527.6
806.12891,520.8
806.2478,521.4
806.36664,520.2
806.48547,516.4
806.60437,517.6
806.72321,522.2
806.84204,521.4
806.96088,522.6
807.07971,519.6
807.19861,524.6
807.31744,522.4
807.43628,519.4
807.55511,517.8
807.67395,521.0
807.79279,525.2
807.91162,520.8
808.0304,522.8
808.14923,528.6
808.26807,525.0
808.3869,523.2
808.50568,527.6
808.62451,525.0
808.74335,528.2
808.86212,527.2
808.98096,526.0
809.09979,526.0
809.21857,528.6
809.33734,533.2
809.45618,528.6
809.57495,529.0
809.69379,530.4
809.81256,531.6
809.93134,532.4
810.05011,528.6
810.16895,526.2
810.28772,529.0
810.40649,527.6
810.52527,529.4
810.64404,526.2
810.76282,535.4
810.88159,527.8
811.00037,531.4
811.11914,522.4
811.23792,526.6
811.35663,531.6
811.4754,529.2
811.59418,535.4
811.71295,531.2
811.83167,532.4
811.95044,526.6
812.06921,533.2
812.18793,530.2
812.3067,528.8
812.42542,534.8
812.54419,526.8
812.6629,532.6
812.78162,526.0
812.90039,527.8
813.0191,528.0
813.13782,526.6
813.25653,529.8
813.37524,524.6
813.49402,528.8
813.61273,526.4
813.73145,527.6
813.85016,529.4
813.96887,524.0
814.08759,526.6
814.2063,528.4
814.32495,526.0
814.44366,525.2
814.56238,524.2
814.68109,520.2
814.79974,524.2
814.91846,519.6
815.03717,523.2
815.15582,523.0
815.27454,523.0
815.39319,516.4
815.5119,520.4
815.63055,519.0
815.74927,524.0
815.86792,517.6
815.98657,522.0
816.10529,524.6
816.22394,522.4
816.34259,519.2
816.46124,525.0
816.5799,527.4
816.69855,524.0
816.8172,527.8
816.93585,522.2
817.0545,521.0
817.17316,517.2
817.29181,514.8
817.41046,511.6
817.52911,508.0
817.64771,510.8
817.76636,501.2
817.88501,505.8
818.0036,498.2
818.12225,499.6
818.24091,499.8
818.3595,496.0
818.47815,497.6
818.59674,497.4
818.71533,489.8
818.83398,494.6
818.95258,490.6
819.07117,492.8
819.18976,491.4
819.30841,495.0
819.427,494.2
819.54559,494.4
819.66418,492.4
819.78278,493.0
819.90137,489.2
820.01996,485.2
820.13855,486.8
820.25714,486.2
820.37573,486.6
820.49426,487.8
820.61285,481.2
820.73145,483.2
820.84998,484.0
820.96857,481.4
821.08716,484.8
821.20569,485.0
821.32428,481.8
821.44281,482.6
821.56134,482.0
821.67993,484.0
821.79846,478.8
821.91699,485.6
822.03558,483.6
822.15411,478.8
822.27264,487.0
822.39117,476.8
822.5097,477.2
822.62823,479.8
822.74677,483.0
822.8653,483.6
822.98383,483.8
823.10236,484.4
823.22089,480.2
823.33942,477.4
823.45789,480.8
823.57642,481.6
823.69495,481.2
823.81342,481.8
823.93195,475.0
824.05042,480.0
824.16895,481.2
824.28741,485.2
824.40594,482.8
824.52441,485.0
824.64288,480.6
824.76141,476.6
824.87988,475.2
824.99835,477.8
825.11682,476.0
825.23529,478.8
825.35376,478.8
825.47223,477.2
825.5907,479.2
825.70917,476.2
825.82764,480.0
825.94611,474.4
826.06458,469.8
826.18304,473.8
826.30145,481.0
826.41992,479.8
826.53839,473.0
826.6568,479.8
826.77527,471.6
826.89368,478.2
827.01215,475.6
827.13055,480.2
827.24902,476.0
827.36743,477.0
827.48584,470.4
827.60431,476.4
827.72272,473.8
827.84113,471.8
827.95953,467.8
828.07794,474.0
828.19635,472.6
828.31476,473.6
828.43317,470.2
828.55157,471.4
828.66998,467.0
828.78839,473.2
828.90674,472.8
829.02515,475.6
829.14355,474.8
829.2619,470.8
829.38031,469.6
829.49872,469.4
829.61707,467.2
829.73547,475.0
829.85382,469.4
829.97217,468.8
830.09058,464.8
830.20892,471.4
830.32727,469.4
830.44562,475.4
830.56403,470.0
830.68237,473.0
830.80072,472.4
830.91907,471.6
831.03741,471.2
831.15576,469.6
831.27411,466.4
831.3924,471.0
831.51074,469.6
831.62909,467.6
831.74744,466.8
831.86572,472.2
831.98407,476.0
832.10242,463.8
832.2207,476.8
832.33905,468.8
832.45734,469.6
832.57562,468.0
832.69397,471.2
832.81226,474.8
832.93054,470.6
833.04889,470.6
833.16718,467.2
833.28546,468.6
833.40375,478.4
833.52203,465.2
833.64032,469.6
833.75861,473.2
833.87689,472.4
833.99518,468.4
834.1134,467.0
834.23169,469.6
834.34998,466.6
834.46826,469.6
834.58649,472.0
834.70477,476.6
834.823,469.6
834.94128,477.6
835.05951,472.6
835.1778,473.4
835.29602,467.0
835.41425,473.8
835.53253,473.0
835.65076,471.2
835.76898,473.6
835.88721,473.4
836.00543,476.6
836.12366,474.8
836.24188,474.6
836.36011,480.0
836.47833,478.8
836.59656,481.4
836.71478,477.2
836.83295,481.6
836.95117,471.0
837.0694,480.2
837.18756,477.8
837.30579,475.0
837.42401,476.6
837.54218,473.6
837.66034,474.6
837.77856,482.4
837.89673,473.8
838.01489,478.0
838.13312,476.2
838.25128,479.6
838.36945,475.6
838.48761,476.6
838.60577,478.6
838.72394,479.0
838.8421,474.8
838.96027,478.6
839.07843,470.8
839.19659,473.2
839.31476,476.6
839.43286,478.0
839.55103,479.8
839.66919,478.0
839.78729,472.4
839.90546,479.4
840.02356,479.0
840.14172,475.6
840.25983,471.0
840.37793,478.4
840.49609,476.2
840.6142,477.8
840.7323,473.8
840.8504,476.8
840.96851,475.6
841.08661,472.8
841.20471,474.4
841.32281,484.0
841.44092,470.2
841.55902,478.6
841.67712,473.8
841.79523,478.2
841.91327,469.0
842.03137,479.0
842.14948,469.8
842.26752,472.8
842.38562,469.8
842.50366,471.0
842.62177,476.6
842.73981,473.0
842.85791,463.0
842.97595,467.0
843.09399,467.8
843.21204,473.8
843.33008,473.8
843.44818,470.6
843.56622,468.8
843.68427,470.4
843.80231,471.2
843.92029,471.2
844.03833,472.0
844.15637,470.6
844.27441,470.4
844.39246,467.6
844.51044,473.8
844.62848,473.0
844.74646,471.0
844.8645,472.2
844.98248,467.2
845.10052,471.6
845.21851,471.0
845.33649,474.4
845.45453,470.0
845.57251,473.4
845.69049,464.4
845.80847,470.0
845.92645,470.2
846.04443,470.6
846.16241,469.2
846.2804,467.4
846.39838,469.2
846.51636,468.8
846.63434,468.4
846.75226,472.0
846.87024,469.0
846.98822,469.8
847.10614,467.2
847.22412,471.6
847.34204,468.6
847.46002,471.4
847.57794,470.8
847.69586,471.4
847.81384,468.0
847.93176,473.4
848.04968,467.0
848.1676,468.6
848.28552,470.8
848.40344,466.0
848.52136,471.4
848.63928,474.4
848.7572,469.6
848.87512,472.6
848.99304,470.6
849.1109,475.2
849.22882,465.0
849.34674,470.4
849.4646,466.8
849.58252,472.0
849.70038,468.8
849.8183,471.2
849.93616,469.8
850.05402,473.4
850.17194,474.0
850.28979,466.8
850.40765,473.2
850.52551,478.6
850.64337,471.2
850.76123,469.6
850.87909,465.2
850.99695,471.8
851.11481,469.6
851.23267,474.0
851.35046,470.0
851.46832,468.0
851.58618,471.0
851.70398,469.4
851.82184,473.8
851.93964,470.2
852.0575,474.4
852.17529,477.0
852.29315,474.0
852.41095,468.8
852.52875,470.2
852.64655,471.8
852.7644,470.0
852.8822,473.6
853.0,474.0
853.1178,472.8
853.2356,467.2
853.35333,470.4
853.47113,472.0
853.58893,470.2
853.70673,471.0
853.82446,475.8
853.94226,470.6
854.06006,470.4
854.1778,469.8
854.29559,474.0
854.41333,467.4
854.53107,473.4
854.64886,475.0
854.7666,476.0
854.88434,474.6
855.00208,473.8
855.11981,470.8
855.23761,478.2
855.35535,475.2
855.47302,476.8
855.59076,479.6
855.7085,472.6
855.82623,471.0
855.94397,475.0
856.06165,476.0
856.17938,475.4
856.29712,472.6
856.41479,476.2
856.53253,471.4
856.65021,478.2
856.76788,472.4
856.88562,475.6
857.0033,474.0
857.12097,476.2
857.23865,473.2
857.35632,474.4
857.474,474.6
857.59167,474.2
857.70935,471.2
857.82703,472.2
857.9447,469.6
858.06238,473.0
858.18005,480.0
858.29767,469.2
858.41534,469.4
858.53296,475.2
858.65063,473.4
858.76825,475.4
858.88593,470.0
859.00354,470.2
859.12115,469.8
859.23883,474.6
859.35645,472.0
859.47406,467.2
859.59167,471.4
859.70929,473.8
859.8269,471.0
859.94452,468.2
860.06213,472.6
860.17975,476.4
860.29736,473.6
860.41492,476.4
860.53253,466.2
860.65009,476.4
860.7677,463.8
860.88525,473.0
861.00287,469.4
861.12042,469.2
861.23804,469.0
861.35559,471.6
861.47314,473.2
861.5907,468.2
861.70825,468.4
861.82581,469.0
861.94336,466.0
862.06091,471.6
862.17847,469.6
862.29602,468.4
862.41357,463.2
862.53113,471.0
862.64862,468.8
862.76617,465.0
862.88367,470.4
863.00122,470.2
863.11871,468.0
863.23627,468.2
863.35376,469.2
863.47125,473.8
863.58881,468.8
863.7063,469.4
863.82379,464.2
863.94128,469.4
864.05878,469.2
864.17627,470.2
864.29376,468.2
864.41125,470.2
864.52869,469.0
864.64618,466.6
864.76367,470.4
864.8811,469.6
864.9986,469.2
865.11609,467.4
865.23352,464.0
865.35095,468.6
865.46844,471.6
865.58588,469.4
865.70331,471.6
865.82074,469.6
865.93823,469.0
866.05566,473.6
866.1731,468.6
866.29053,474.6
866.4079,468.6
866.52533,478.4
866.64276,466.6
866.76019,466.0
866.87756,467.2
866.995,472.8
867.11243,463.4
867.2298,474.0
867.34723,469.0
867.4646,468.4
867.58197,470.4
867.6994,470.4
867.81677,472.8
867.93414,474.2
868.05151,474.0
868.16888,471.8
868.28625,468.2
868.40363,474.2
868.521,469.0
868.63837,468.6
868.75568,469.0
868.87305,471.6
868.99042,470.6
869.10773,469.8
869.2251,468.4
869.34241,473.6
869.45978,469.4
869.57709,473.4
869.69446,472.2
869.81177,471.0
869.92908,471.6
870.04639,473.4
870.1637,465.0
870.28101,472.8
870.39832,468.0
870.51563,471.4
870.63293,471.2
870.75024,470.0
870.86749,469.4
870.9848,469.8
871.10211,464.4
871.21936,474.0
871.33667,470.2
871.45392,471.8
871.57123,467.4
871.68848,468.8
871.80573,475.2
871.92297,469.8
872.04028,469.2
872.15753,469.8
872.27478,467.4
872.39203,473.8
872.50928,468.2
872.62646,472.0
872.74371,472.4
872.86096,471.8
872.97821,471.2
873.0954,471.0
873.21265,469.8
873.32983,468.8
873.44708,474.6
873.56427,472.2
873.68152,471.0
873.79871,470.0
873.91589,469.0
874.03308,467.6
874.15027,468.2
874.26746,470.4
874.38464,468.2
874.50183,474.2
874.61902,468.0
874.73621,471.8
874.85339,467.6
874.97052,471.0
875.08771,472.2
875.2049,470.4
875.32202,466.2
875.43921,468.2
875.55634,470.6
875.67346,471.6
875.79065,465.0
875.90778,470.8
876.0249,464.6
876.14203,473.2
876.25916,472.2
876.37628,473.4
876.49341,466.4
876.61053,477.6
876.72766,467.0
876.84473,472.0
876.96185,464.8
877.07898,469.0
877.19604,470.6
877.31317,468.0
877.43024,472.6
877.54736,471.8
877.66443,466.4
877.78149,467.2
877.89856,471.2
878.01569,472.4
878.13275,470.4
878.24982,469.4
878.36688,468.2
878.48395,470.8
878.60095,471.0
878.71802,471.0
878.83508,472.0
878.95215,470.6
879.06915,462.6
879.18622,473.4
879.30322,474.4
879.42029,471.2
879.53729,469.2
879.6543,470.6
879.77136,464.4
879.88837,471.8
880.00537,472.2
880.12238,467.8
880.23938,468.6
880.35638,470.2
880.47339,465.6
880.59039,467.2
880.70734,468.4
880.82434,467.2
880.94135,468.2
881.05829,472.8
881.17529,464.8
881.29224,472.0
881.40924,468.8
881.52618,468.0
881.64313,469.8
881.76007,470.4
881.87701,469.0
881.99402,467.0
882.11096,470.0
882.22791,469.6
882.34479,464.0
882.46173,468.4
882.57867,470.4
882.69562,470.4
882.8125,472.4
882.92944,469.0
883.04639,470.2
883.16327,469.2
883.28015,471.6
883.39709,469.8
883.51398,471.4
883.63086,476.2
883.74774,468.6
883.86462,470.0
883.98157,472.8
884.09839,472.0
884.21527,471.4
884.33215,470.4
884.44904,473.8
884.56592,474.0
884.68274,472.4
884.79962,466.6
884.9165,474.6
885.03333,472.0
885.15015,467.0
885.26703,475.2
885.38385,466.6
885.50067,472.4
885.61749,470.2
885.73438,473.4
885.8512,472.2
885.96802,477.0
886.08478,474.2
886.2016,473.2
886.31842,475.4
886.43524,473.8
886.55206,474.6
886.66882,476.0
886.78564,473.8
886.9024,475.8
887.01923,477.6
887.13599,473.8
887.25275,476.4
887.36951,474.8
887.48633,471.6
887.60309,473.8
887.71985,473.8
887.83661,476.0
887.95337,471.6
888.07007,471.6
888.18683,471.8
888.30359,474.0
888.42035,473.2
888.53705,475.2
888.65381,475.4
888.77051,475.8
888.88721,466.0
889.00397,476.6
889.12067,472.6
889.23737,475.0
889.35406,476.4
889.47083,471.0
889.58752,473.6
889.70416,477.2
889.82086,473.4
889.93756,474.2
890.05426,471.2
890.17096,474.6
890.2876,474.8
890.4043,478.0
890.52094,472.6
890.63763,475.6
890.75427,471.0
890.87091,479.8
890.98761,470.6
891.10425,475.4
891.22089,470.4
891.33752,475.2
891.45416,477.0
891.5708,470.8
891.68744,469.2
891.80408,475.4
891.92065,474.6
892.03729,473.4
892.15393,471.4
892.27051,475.0
892.38715,474.6
892.50372,473.4
892.6203,472.4
892.73694,472.0
892.85352,476.0
892.97009,473.4
893.08667,473.4
893.20325,476.4
893.31982,476.0
893.4364,479.8
893.55298,477.2
893.66956,478.2
893.78607,477.2
893.90265,473.4
894.01917,476.6
894.13574,479.6
894.25226,474.8
894.36884,478.8
894.48535,476.2
894.60187,476.4
894.71838,476.2
894.8349,474.6
894.95148,475.4
895.06793,475.8
895.18445,480.0
895.30096,475.0
895.41748,470.0
895.534,474.6
895.65045,471.6
895.76697,472.8
895.88342,481.0
895.99994,474.0
896.11639,477.0
896.23291,479.8
896.34937,474.2
896.46582,474.8
896.58228,477.8
896.69873,479.0
896.81519,475.0
896.93164,473.4
897.0481,476.0
897.16455,480.2
897.28094,471.4
897.3974,473.2
897.51385,476.8
897.63025,477.8
897.7467,476.0
897.8631,475.8
897.97949,473.8
898.09595,477.2
898.21234,473.2
898.32874,472.0
898.44513,477.8
898.56152,479.0
898.67792,474.0
898.79431,471.4
898.91064,476.6
899.02704,468.4
899.14343,469.8
899.25977,474.0
899.37616,472.4
899.49249,477.0
899.60889,471.4
899.72522,477.4
899.84155,467.8
899.95789,477.0
900.07428,476.0
900.19061,474.2
900.30695,473.6
900.42322,469.6
900.53955,472.2
900.65588,472.8
900.77222,470.8
900.88849,474.6
901.00482,470.8
901.12109,474.4
901.23743,473.6
901.3537,471.6
901.47003,466.6
901.5863,474.0
901.70258,462.8
901.81885,472.4
901.93512,467.8
902.05139,466.6
902.16766,466.0
902.28394,473.8
902.40021,469.0
902.51642,472.0
902.63269,463.0
902.7489,468.0
902.86517,464.4
902.98138,467.0
903.09766,468.0
903.21387,468.2
903.33008,467.0
903.44629,471.2
903.5625,465.4
903.67871,466.0
903.79492,464.8
903.91113,468.2
904.02734,466.6
904.14355,468.2
904.2597,469.8
904.37592,465.8
904.49207,463.6
904.60828,464.8
904.72443,459.4
904.84064,463.8
904.95679,465.6
905.07294,464.8
905.18909,463.2
905.30524,468.6
905.42139,466.4
905.53754,468.0
905.65369,463.2
905.76984,462.6
905.88593,465.0
906.00208,467.0
906.11816,464.2
906.23431,464.2
906.3504,461.6
906.46655,468.4
906.58264,458.2
906.69873,465.2
906.81482,467.4
906.93091,463.2
907.047,467.4
907.16309,465.4
907.27917,469.2
907.39526,470.6
907.51135,462.8
907.62738,464.0
907.74347,467.6
907.8595,466.6
907.97559,469.8
908.09161,466.2
908.2077,463.4
908.32373,467.8
908.43976,466.6
908.55579,462.6
908.67181,463.0
908.78784,471.8
908.90387,466.0
909.0199,462.0
909.13586,464.6
909.25189,468.0
909.36792,464.0
909.48389,468.4
909.59991,466.6
909.71588,470.0
909.83185,466.8
909.94788,472.6
910.06384,463.2
910.17981,463.0
910.29578,463.0
910.41174,469.4
910.52771,464.4
910.64368,467.8
910.75958,464.4
910.87555,463.6
910.99152,464.6
911.10742,470.0
911.22339,467.2
911.33929,465.8
911.4552,467.8
911.57117,459.6
911.68707,464.4
911.80298,466.8
911.91888,466.2
912.03479,465.6
912.1507,469.0
912.2666,469.8
912.38245,466.8
912.49835,470.0
912.61426,468.8
912.7301,464.8
912.84601,466.2
792.4458,536.8
792.56488,536.6
792.68396,541.6
792.8031,537.4
792.92218,526.0
793.04126,524.6
793.16034,533.0
793.27942,524.6
793.3985,524.4
793.51758,517.8
793.63672,519.4
793.7558,515.4
793.87488,523.0
793.9939,524.0
794.11298,518.8
794.23206,510.8
794.35114,512.8
794.47021,508.2
794.58929,513.0
794.70831,510.6
794.82739,517.8
794.94647,507.6
795.06549,512.6
795.18457,509.8
795.30365,503.6
795.42267,502.8
795.54175,509.0
795.66077,506.2
795.77985,509.0
795.89886,507.2
796.01794,505.4
796.13696,506.2
796.25598,506.4
796.375,502.2
796.49408,504.6
796.6131,505.2
796.73212,497.6
796.85114,496.2
796.97015,503.2
797.08923,501.6
797.20825,505.2
797.32727,503.0
797.44629,502.2
797.56531,502.8
797.68427,503.4
797.80328,498.8
797.9223,500.4
798.04132,503.0
798.16034,497.8
798.27936,500.2
798.39832,504.2
798.51733,496.4
798.63635,501.2
798.75531,494.6
798.87433,500.0
798.99329,497.8
799.1123,492.8
799.23126,497.4
799.35028,502.0
799.46924,500.2
799.58826,504.0
799.70721,501.2
799.82617,505.4
799.94519,497.8
800.06415,496.8
800.18311,501.8
800.30206,509.0
800.42102,507.8
800.54004,507.0
800.659,502.0
800.77795,505.6
800.89691,501.0
801.01587,507.2
801.13483,503.4
801.25372,503.4
801.37268,502.4
801.49164,500.4
801.6106,508.0
801.72955,508.0
801.84845,510.6
801.96741,507.6
802.08636,503.6
802.20526,513.0
802.32422,504.8
802.44318,512.2
802.56207,509.0
802.68103,508.6
802.79993,508.6
802.91882,509.4
803.03778,504.0
803.15668,507.8
803.27557,509.0
803.39453,504.2
803.51343,510.0
803.63232,515.6
803.75122,508.4
803.87012,513.2
803.98907,511.8
804.10797,516.6
804.22687,510.2
804.34576,510.8
804.46466,511.4
804.58356,512.0
804.70239,512.4
804.82129,515.6
804.94019,510.2
805.05908,508.4
805.17798,510.8
805.29681,517.4
805.41571,514.2
805.53461,513.8
805.65344,517.4
805.77234,524.0
805.89117,513.6
806.01007,519.6
806.12891,517.4
806.2478,522.6
806.36664,514.0
806.48547,518.8
806.60437,515.6
806.72321,517.4
806.84204,523.8
806.96088,515.0
807.07971,520.6
807.19861,520.2
807.31744,518.2
807.43628,521.0
807.55511,522.0
807.67395,524.2
807.79279,521.4
807.91162,520.8
808.0304,523.2
808.14923,522.2
808.26807,525.8
808.3869,520.2
808.50568,522.6
808.62451,527.2
808.74335,522.8
808.86212,525.2
808.98096,524.4
809.09979,531.2
809.21857,520.6
809.33734,524.4
809.45618,522.2
809.57495,530.0
809.69379,528.0
809.81256,530.4
809.93134,527.2
810.05011,530.4
810.16895,522.6
810.28772,530.2
810.40649,524.8
810.52527,528.4
810.64404,525.2
810.76282,529.6
810.88159,523.6
811.00037,529.4
811.11914,523.0
811.23792,525.4
811.35663,528.0
811.4754,528.2
811.59418,529.2
811.71295,530.4
811.83167,527.8
811.95044,527.8
812.06921,525.4
812.18793,532.6
812.3067,528.4
812.42542,528.0
812.54419,522.8
812.6629,532.6
812.78162,531.0
812.90039,528.2
813.0191,526.8
813.13782,523.4
813.25653,521.8
813.37524,520.4
813.49402,524.6
813.61273,527.8
813.73145,525.8
813.85016,522.6
813.96887,527.0
814.08759,524.6
814.2063,527.4
814.32495,529.4
814.44366,528.8
814.56238,521.2
814.68109,521.6
814.79974,523.8
814.91846,519.0
815.03717,525.0
815.15582,523.6
815.27454,522.2
815.39319,515.0
815.5119,524.4
815.63055,519.4
815.74927,523.6
815.86792,518.8
815.98657,520.4
816.10529,516.4
816.22394,523.0
816.34259,521.4
816.46124,526.4
816.5799,526.4
816.69855,524.8
816.8172,523.4
816.93585,522.6
817.0545,518.8
817.17316,517.0
817.29181,512.2
817.41046,514.0
817.52911,512.4
817.64771,511.6
817.76636,501.4
817.88501,508.0
818.0036,507.8
818.12225,503.8
818.24091,495.2
818.3595,493.6
818.47815,495.6
818.59674,498.2
818.71533,489.6
818.83398,494.6
818.95258,492.2
819.07117,486.6
819.18976,485.8
819.30841,496.0
819.427,490.8
819.54559,487.6
819.66418,489.8
819.78278,491.6
819.90137,488.8
820.01996,485.8
820.13855,486.6
820.25714,489.0
820.37573,484.2
820.49426,482.4
820.61285,481.8
820.73145,485.0
820.84998,480.0
820.96857,479.2
821.08716,482.0
821.20569,483.0
821.32428,480.0
821.44281,485.4
821.56134,474.8
821.67993,482.4
821.79846,478.4
821.91699,485.4
822.03558,481.2
822.15411,477.8
822.27264,484.0
822.39117,476.6
822.5097,479.0
822.62823,478.2
822.74677,478.0
822.8653,483.6
822.98383,475.0
823.10236,483.8
823.22089,478.8
823.33942,479.0
823.45789,479.8
823.57642,480.6
823.69495,475.6
823.81342,477.4
823.93195,475.6
824.05042,481.8
824.16895,478.0
824.28741,483.2
824.40594,479.8
824.52441,476.8
824.64288,484.8
824.76141,481.4
824.87988,476.4
824.99835,478.2
825.11682,475.6
825.23529,474.6
825.35376,480.0
825.47223,475.4
825.5907,475.2
825.70917,473.6
825.82764,477.4
825.94611,476.6
826.06458,471.6
826.18304,479.2
826.30145,476.6
826.41992,477.0
826.53839,475.4
826.6568,477.2
826.77527,467.8
826.89368,473.4
827.01215,472.0
827.13055,477.0
827.24902,471.8
827.36743,473.2
827.48584,475.4
827.60431,473.8
827.72272,472.8
827.84113,474.4
827.95953,467.8
828.07794,471.6
828.19635,469.2
828.31476,469.8
828.43317,471.8
828.55157,474.6
828.66998,469.4
828.78839,472.8
828.90674,472.0
829.02515,471.6
829.14355,472.8
829.2619,470.6
829.38031,470.4
829.49872,468.6
829.61707,468.8
829.73547,472.2
829.85382,470.0
829.97217,473.6
830.09058,466.8
830.20892,468.8
830.32727,467.0
830.44562,468.2
830.56403,470.6
830.68237,471.6
830.80072,467.8
830.91907,473.6
831.03741,473.4
831.15576,472.8
831.27411,469.6
831.3924,474.6
831.51074,470.4
831.62909,473.6
831.74744,468.4
831.86572,473.0
831.98407,475.2
832.10242,467.6
832.2207,473.6
832.33905,468.8
832.45734,472.2
832.57562,473.8
832.69397,467.0
832.81226,466.8
832.93054,473.0
833.04889,470.0
833.16718,464.8
833.28546,469.2
833.40375,473.6
833.52203,470.6
833.64032,467.8
833.75861,467.6
833.87689,468.4
833.99518,469.4
834.1134,465.6
834.23169,472.4
834.34998,469.8
834.46826,474.4
834.58649,472.2
834.70477,470.8
834.823,464.6
834.94128,475.6
835.05951,468.4
835.1778,477.0
835.29602,465.2
835.41425,474.0
835.53253,474.2
835.65076,471.0
835.76898,472.0
835.88721,474.0
836.00543,474.8
836.12366,475.8
836.24188,475.4
836.36011,476.2
836.47833,477.2
836.59656,474.4
836.71478,476.4
836.83295,473.4
836.95117,472.4
837.0694,481.2
837.18756,473.8
837.30579,480.8
837.42401,474.4
837.54218,475.4
837.66034,473.6
837.77856,477.4
837.89673,479.4
838.01489,475.4
838.13312,473.0
838.25128,474.8
838.36945,475.2
838.48761,478.8
838.60577,473.8
838.72394,481.8
838.8421,478.2
838.96027,478.0
839.07843,474.6
839.19659,476.4
839.31476,475.8
839.43286,474.0
839.55103,477.8
839.66919,476.0
839.78729,473.8
839.90546,478.8
840.02356,475.4
840.14172,473.4
840.25983,476.0
840.37793,477.8
840.49609,475.4
840.6142,478.6
840.7323,474.6
840.8504,477.8
840.96851,473.2
841.08661,478.6
841.20471,470.4
841.32281,473.2
841.44092,470.4
841.55902,472.6
841.67712,469.4
841.79523,480.4
841.91327,470.4
842.03137,470.6
842.14948,475.8
842.26752,470.4
842.38562,473.2
842.50366,471.6
842.62177,468.4
842.73981,470.0
842.85791,469.0
842.97595,469.6
843.09399,469.2
843.21204,470.2
843.33008,471.2
843.44818,470.0
843.56622,468.8
843.68427,472.4
843.80231,469.4
843.92029,466.0
844.03833,474.2
844.15637,471.2
844.27441,469.8
844.39246,471.4
844.51044,467.2
844.62848,471.4
844.74646,474.6
844.8645,466.8
844.98248,467.8
845.10052,468.4
845.21851,470.6
845.33649,470.0
845.45453,467.6
845.57251,476.2
845.69049,466.0
845.80847,465.0
845.92645,470.8
846.04443,469.0
846.16241,468.2
846.2804,470.6
846.39838,466.8
846.51636,470.4
846.63434,467.6
846.75226,473.0
846.87024,469.8
846.98822,470.0
847.10614,468.6
847.22412,471.0
847.34204,472.2
847.46002,470.4
847.57794,468.8
847.69586,469.6
847.81384,465.8
847.93176,473.8
848.04968,465.4
848.1676,469.0
848.28552,468.2
848.40344,466.6
848.52136,466.6
848.63928,472.0
848.7572,464.2
848.87512,469.8
848.99304,466.6
849.1109,468.8
849.22882,466.8
849.34674,465.8
849.4646,466.6
849.58252,469.8
849.70038,461.8
849.8183,465.6
849.93616,468.8
850.05402,469.4
850.17194,469.6
850.28979,470.6
850.40765,469.4
850.52551,473.0
850.64337,470.2
850.76123,469.0
850.87909,471.6
850.99695,469.2
851.11481,474.6
851.23267,470.8
851.35046,469.6
851.46832,466.8
851.58618,477.2
851.70398,472.8
851.82184,470.6
851.93964,470.2
852.0575,471.0
852.17529,478.0
852.29315,475.2
852.41095,472.6
852.52875,470.2
852.64655,470.0
852.7644,465.4
852.8822,472.2
853.0,468.4
853.1178,471.4
853.2356,472.0
853.35333,478.4
853.47113,472.4
853.58893,470.4
853.70673,469.4
853.82446,475.6
853.94226,472.0
854.06006,474.0
854.1778,468.6
854.29559,472.8
854.41333,472.8
854.53107,471.0
854.64886,476.2
854.7666,475.2
854.88434,470.6
855.00208,471.2
855.11981,473.4
855.23761,472.4
855.35535,472.6
855.47302,476.0
855.59076,471.0
855.7085,474.4
855.82623,473.8
855.94397,471.2
856.06165,473.4
856.17938,477.4
856.29712,475.0
856.41479,475.2
856.53253,472.0
856.65021,475.0
856.76788,470.8
856.88562,476.2
857.0033,474.8
857.12097,475.2
857.23865,471.2
857.35632,471.4
857.474,472.2
857.59167,474.6
857.70935,471.4
857.82703,471.6
857.9447,469.8
858.06238,467.8
858.18005,470.8
858.29767,476.0
858.41534,466.8
858.53296,473.6
858.65063,468.2
858.76825,473.6
858.88593,465.6
859.00354,470.4
859.12115,468.8
859.23883,471.0
859.35645,467.0
859.47406,473.0
859.59167,474.0
859.70929,474.4
859.8269,470.4
859.94452,465.6
860.06213,474.0
860.17975,469.8
860.29736,469.4
860.41492,466.8
860.53253,472.4
860.65009,468.0
860.7677,468.4
860.88525,472.6
861.00287,469.2
861.12042,469.8
861.23804,469.2
861.35559,472.0
861.47314,473.0
861.5907,467.6
861.70825,465.4
861.82581,470.2
861.94336,466.2
862.06091,469.8
862.17847,470.4
862.29602,472.8
862.41357,471.2
862.53113,469.6
862.64862,465.0
862.76617,465.8
862.88367,468.8
863.00122,471.4
863.11871,465.6
863.23627,467.2
863.35376,469.4
863.47125,471.4
863.58881,469.0
863.7063,471.0
863.82379,463.4
863.94128,468.2
864.05878,471.8
864.17627,467.6
864.29376,468.2
864.41125,464.0
864.52869,464.8
864.64618,468.8
864.76367,464.0
864.8811,466.8
864.9986,469.0
865.11609,469.2
865.23352,462.2
865.35095,473.2
865.46844,471.4
865.58588,467.2
865.70331,468.4
865.82074,471.4
865.93823,469.4
866.05566,471.0
866.1731,468.2
866.29053,468.4
866.4079,464.0
866.52533,470.4
866.64276,469.6
866.76019,469.2
866.87756,476.8
866.995,472.4
867.11243,469.4
867.2298,468.0
867.34723,466.6
867.4646,470.8
867.58197,466.8
867.6994,476.2
867.81677,467.8
867.93414,470.8
868.05151,472.0
868.16888,466.2
868.28625,469.0
868.40363,469.4
868.521,470.2
868.63837,473.8
868.75568,472.2
868.87305,470.6
868.99042,468.2
869.10773,470.0
869.2251,469.6
869.34241,470.0
869.45978,469.8
869.57709,471.8
869.69446,467.4
869.81177,472.0
869.92908,471.0
870.04639,470.0
870.1637,466.2
870.28101,474.8
870.39832,468.0
870.51563,471.8
870.63293,468.0
870.75024,468.6
870.86749,469.6
870.9848,466.8
871.10211,472.6
871.21936,472.0
871.33667,467.2
871.45392,473.0
871.57123,473.6
871.68848,463.8
871.80573,468.0
871.92297,465.4
872.04028,464.8
872.15753,473.2
872.27478,463.6
872.39203,472.6
872.50928,463.4
872.62646,470.2
872.74371,467.6
872.86096,473.2
872.97821,472.6
873.0954,471.4
873.21265,470.8
873.32983,465.8
873.44708,468.6
873.56427,464.8
873.68152,469.0
873.79871,469.6
873.91589,465.8
874.03308,470.6
874.15027,469.0
874.26746,466.6
874.38464,467.0
874.50183,471.0
874.61902,465.4
874.73621,468.6
874.85339,466.0
874.97052,472.6
875.08771,467.2
875.2049,471.6
875.32202,463.0
875.43921,471.6
875.55634,464.0
875.67346,473.4
875.79065,467.2
875.90778,473.6
876.0249,468.6
876.14203,469.2
876.25916,468.2
876.37628,471.8
876.49341,471.4
876.61053,470.6
876.72766,467.4
876.84473,470.6
876.96185,468.4
877.07898,471.8
877.19604,466.8
877.31317,471.6
877.43024,471.0
877.54736,474.2
877.66443,465.2
877.78149,470.4
877.89856,466.4
878.01569,466.0
878.13275,467.0
878.24982,468.0
878.36688,474.4
878.48395,470.2
878.60095,466.0
878.71802,467.8
878.83508,471.6
878.95215,470.0
879.06915,464.6
879.18622,476.2
879.30322,473.2
879.42029,467.6
879.53729,470.0
879.6543,468.8
879.77136,463.4
879.88837,471.6
880.00537,468.6
880.12238,477.6
880.23938,467.8
880.35638,473.4
880.47339,466.2
880.59039,469.0
880.70734,466.6
880.82434,469.4
880.94135,463.0
881.05829,471.6
881.17529,465.4
881.29224,470.2
881.40924,468.6
881.52618,467.8
881.64313,469.6
881.76007,470.6
881.87701,469.2
881.99402,464.6
882.11096,467.8
882.22791,471.8
882.34479,468.4
882.46173,472.6
882.57867,468.2
882.69562,474.2
882.8125,467.6
882.92944,472.6
883.04639,469.2
883.16327,473.4
883.28015,467.6
883.39709,476.2
883.51398,471.4
883.63086,470.8
883.74774,467.8
883.86462,471.0
883.98157,469.0
884.09839,470.8
884.21527,469.2
884.33215,473.8
884.44904,467.0
884.56592,473.8
884.68274,475.4
884.79962,471.0
884.9165,468.8
885.03333,472.0
885.15015,474.2
885.26703,474.0
885.38385,472.4
885.50067,471.2
885.61749,468.2
885.73438,474.4
885.8512,473.4
885.96802,473.4
886.08478,469.6
886.2016,474.0
886.31842,471.4
886.43524,470.8
886.55206,470.6
886.66882,473.8
886.78564,474.0
886.9024,469.8
887.01923,475.2
887.13599,474.0
887.25275,470.2
887.36951,474.0
887.48633,473.0
887.60309,475.8
887.71985,469.8
887.83661,472.4
887.95337,468.8
888.07007,472.8
888.18683,470.2
888.30359,474.4
888.42035,474.0
888.53705,476.6
888.65381,470.2
888.77051,472.8
888.88721,474.2
889.00397,471.8
889.12067,474.2
889.23737,470.8
889.35406,477.6
889.47083,471.2
889.58752,470.4
889.70416,475.8
889.82086,471.4
889.93756,478.0
890.05426,470.4
890.17096,474.6
890.2876,476.2
890.4043,471.4
890.52094,472.2
890.63763,476.2
890.75427,479.2
890.87091,475.8
890.98761,473.0
891.10425,477.0
891.22089,470.0
891.33752,473.6
891.45416,471.0
891.5708,477.6
891.68744,475.8
891.80408,471.8
891.92065,473.2
892.03729,475.4
892.15393,475.0
892.27051,476.2
892.38715,472.2
892.50372,476.0
892.6203,472.6
892.73694,479.0
892.85352,477.0
892.97009,474.6
893.08667,477.8
893.20325,475.6
893.31982,472.6
893.4364,477.0
893.55298,474.6
893.66956,476.2
893.78607,476.2
893.90265,475.0
894.01917,475.8
894.13574,476.0
894.25226,481.0
894.36884,483.2
894.48535,475.8
894.60187,477.0
894.71838,478.4
894.8349,477.2
894.95148,475.4
895.06793,478.2
895.18445,479.0
895.30096,477.8
895.41748,473.2
895.534,480.2
895.65045,472.8
895.76697,478.2
895.88342,479.8
895.99994,473.0
896.11639,480.6
896.23291,477.6
896.34937,474.8
896.46582,475.0
896.58228,476.0
896.69873,479.6
896.81519,475.6
896.93164,476.8
897.0481,474.8
897.16455,475.2
897.28094,471.4
897.3974,473.8
897.51385,469.4
897.63025,474.6
897.7467,474.4
897.8631,474.2
897.97949,472.2
898.09595,469.8
898.21234,470.6
898.32874,472.2
898.44513,473.6
898.56152,477.0
898.67792,474.4
898.79431,469.6
898.91064,474.6
899.02704,474.8
899.14343,473.0
899.25977,472.0
899.37616,466.8
899.49249,474.8
899.60889,469.8
899.72522,472.2
899.84155,476.4
899.95789,471.8
900.07428,475.2
900.19061,473.2
900.30695,473.4
900.42322,472.8
900.53955,470.8
900.65588,469.8
900.77222,468.8
900.88849,475.8
901.00482,470.8
901.12109,468.6
901.23743,466.2
901.3537,470.8
901.47003,465.8
901.5863,472.0
901.70258,466.0
901.81885,471.2
901.93512,472.6
902.05139,474.6
902.16766,465.8
902.28394,466.4
902.40021,464.6
902.51642,470.4
902.63269,469.2
902.7489,468.2
902.86517,470.4
902.98138,465.6
903.09766,474.4
903.21387,468.6
903.33008,469.2
903.44629,472.0
903.5625,463.4
903.67871,470.8
903.79492,466.2
903.91113,465.4
904.02734,463.0
904.14355,463.6
904.2597,467.8
904.37592,467.2
904.49207,463.6
904.60828,465.2
904.72443,461.2
904.84064,466.0
904.95679,465.6
905.07294,466.8
905.18909,463.8
905.30524,464.4
905.42139,464.0
905.53754,466.0
905.65369,462.8
905.76984,462.4
905.88593,469.6
906.00208,462.8
906.11816,466.0
906.23431,466.0
906.3504,461.8
906.46655,466.6
906.58264,465.2
906.69873,467.2
906.81482,464.4
906.93091,464.2
907.047,459.8
907.16309,466.2
907.27917,465.0
907.39526,465.2
907.51135,461.8
907.62738,460.0
907.74347,465.0
907.8595,463.2
907.97559,464.4
908.09161,469.4
908.2077,463.8
908.32373,459.4
908.43976,465.6
908.55579,459.8
908.67181,464.2
908.78784,467.4
908.90387,464.8
909.0199,468.0
909.13586,466.0
909.25189,468.6
909.36792,462.0
909.48389,463.8
909.59991,471.0
909.71588,465.4
909.83185,470.2
909.94788,465.0
910.06384,465.0
910.17981,461.8
910.29578,472.0
910.41174,468.6
910.52771,467.2
910.64368,466.8
910.75958,465.2
910.87555,462.8
910.99152,470.0
911.10742,474.0
911.22339,466.8
911.33929,468.8
911.4552,462.0
911.57117,462.8
911.68707,473.4
911.80298,466.6
911.91888,463.6
912.03479,463.4
912.1507,467.8
912.2666,470.4
912.38245,472.8
912.49835,466.6
912.61426,470.0
912.7301,472.2
912.84601,465.4
792.4458,575.4
792.56488,573.4
792.68396,578.8
792.8031,570.0
792.92218,559.2
793.04126,555.4
793.16034,559.4
793.27942,557.2
793.3985,553.6
793.51758,545.0
793.63672,547.6
793.7558,546.0
793.87488,551.4
793.9939,547.6
794.11298,548.6
794.23206,538.6
794.35114,542.4
794.47021,533.2
794.58929,532.2
794.70831,535.4
794.82739,537.0
794.94647,536.0
795.06549,534.8
795.18457,527.0
795.30365,528.4
795.42267,521.6
795.54175,526.6
795.66077,520.2
795.77985,527.4
795.89886,523.6
796.01794,525.8
796.13696,524.2
796.25598,526.2
796.375,520.2
796.49408,524.6
796.6131,518.6
796.73212,522.2
796.85114,521.6
796.97015,519.8
797.08923,518.8
797.20825,514.2
797.32727,514.6
797.44629,520.8
797.56531,512.8
797.68427,519.0
797.80328,512.6
797.9223,515.4
798.04132,517.8
798.16034,516.4
798.27936,510.0
798.39832,521.8
798.51733,511.0
798.63635,514.0
798.75531,515.2
798.87433,516.0
798.99329,513.0
799.1123,509.8
799.23126,511.8
799.35028,515.2
799.46924,515.2
799.58826,512.4
799.70721,512.8
799.82617,518.8
799.94519,513.0
800.06415,518.0
800.18311,513.0
800.30206,514.2
800.42102,515.4
800.54004,511.6
800.659,516.8
800.77795,509.8
800.89691,508.8
801.01587,516.6
801.13483,513.2
801.25372,513.0
801.37268,511.4
801.49164,517.0
801.6106,516.4
801.72955,521.0
801.84845,513.2
801.96741,519.2
802.08636,515.2
802.20526,518.2
802.32422,513.8
802.44318,518.0
802.56207,518.6
802.68103,517.8
802.79993,517.8
802.91882,520.2
803.03778,513.0
803.15668,520.6
803.27557,518.2
803.39453,522.4
803.51343,525.2
803.63232,522.2
803.75122,520.2
803.87012,520.2
803.98907,519.0
804.10797,524.0
804.22687,519.2
804.34576,521.0
804.46466,523.0
804.58356,523.0
804.70239,519.8
804.82129,524.8
804.94019,528.4
805.05908,520.0
805.17798,520.4
805.29681,528.2
805.41571,521.6
805.53461,531.0
805.65344,522.6
805.77234,529.4
805.89117,528.0
806.01007,527.6
806.12891,525.0
806.2478,524.0
806.36664,526.6
806.48547,527.0
806.60437,523.8
806.72321,524.6
806.84204,526.4
806.96088,524.6
807.07971,532.4
807.19861,527.8
807.31744,535.6
807.43628,532.8
807.55511,523.4
807.67395,527.2
807.79279,530.6
807.91162,527.6
808.0304,526.2
808.14923,526.4
808.26807,530.2
808.3869,532.4
808.50568,535.4
808.62451,533.2
808.74335,533.4
808.86212,528.6
808.98096,537.8
809.09979,533.8
809.21857,531.4
809.33734,532.4
809.45618,535.0
809.57495,539.8
809.69379,539.2
809.81256,540.2
809.93134,534.2
810.05011,537.4
810.16895,534.8
810.28772,534.2
810.40649,535.8
810.52527,541.2
810.64404,531.2
810.76282,537.4
810.88159,534.4
811.00037,541.2
811.11914,531.4
811.23792,537.6
811.35663,538.2
811.4754,538.6
811.59418,539.6
811.71295,543.8
811.83167,535.2
811.95044,541.0
812.06921,540.0
812.18793,541.8
812.3067,539.6
812.42542,541.0
812.54419,536.8
812.6629,542.2
812.78162,535.8
812.90039,537.8
813.0191,534.2
813.13782,538.4
813.25653,534.0
813.37524,534.4
813.49402,539.0
813.61273,537.2
813.73145,532.8
813.85016,536.2
813.96887,532.8
814.08759,533.4
814.2063,530.4
814.32495,537.0
814.44366,529.8
814.56238,528.6
814.68109,527.8
814.79974,534.8
814.91846,534.4
815.03717,532.4
815.15582,530.4
815.27454,529.0
815.39319,524.6
815.5119,532.8
815.63055,529.8
815.74927,539.0
815.86792,528.8
815.98657,535.6
816.10529,527.8
816.22394,535.6
816.34259,527.4
816.46124,535.6
816.5799,537.2
816.69855,534.6
816.8172,532.2
816.93585,530.8
817.0545,533.6
817.17316,523.4
817.29181,519.0
817.41046,523.4
817.52911,517.0
817.64771,518.0
817.76636,515.0
817.88501,518.8
818.0036,510.4
818.12225,510.2
818.24091,506.2
818.3595,505.0
818.47815,504.4
818.59674,504.0
818.71533,498.4
818.83398,497.8
818.95258,498.2
819.07117,497.6
819.18976,497.0
819.30841,498.6
819.427,499.0
819.54559,494.0
819.66418,500.6
819.78278,499.0
819.90137,497.4
820.01996,491.6
820.13855,487.2
820.25714,493.0
820.37573,491.0
820.49426,492.4
820.61285,489.4
820.73145,492.6
820.84998,489.2
820.96857,491.8
821.08716,490.6
821.20569,489.8
821.32428,485.4
821.44281,486.8
821.56134,490.4
821.67993,488.4
821.79846,489.2
821.91699,487.4
822.03558,484.2
822.15411,489.8
822.27264,487.2
822.39117,486.4
822.5097,480.4
822.62823,484.6
822.74677,492.2
822.8653,487.6
822.98383,484.8
823.10236,486.4
823.22089,484.4
823.33942,483.0
823.45789,482.6
823.57642,487.6
823.69495,482.2
823.81342,486.4
823.93195,482.4
824.05042,488.6
824.16895,485.6
824.28741,484.6
824.40594,486.8
824.52441,487.0
824.64288,484.4
824.76141,485.6
824.87988,484.6
824.99835,481.0
825.11682,479.2
825.23529,486.4
825.35376,485.4
825.47223,481.6
825.5907,482.8
825.70917,483.4
825.82764,483.8
825.94611,480.0
826.06458,477.8
826.18304,480.4
826.30145,479.6
826.41992,485.0
826.53839,479.6
826.6568,484.4
826.77527,483.2
826.89368,480.2
827.01215,481.0
827.13055,482.0
827.24902,476.8
827.36743,478.0
827.48584,477.0
827.60431,482.2
827.72272,475.8
827.84113,478.4
827.95953,473.6
828.07794,477.4
828.19635,478.0
828.31476,479.8
828.43317,473.4
828.55157,479.4
828.66998,477.8
828.78839,479.4
828.90674,479.6
829.02515,477.4
829.14355,476.8
829.2619,479.2
829.38031,481.0
829.49872,477.8
829.61707,473.4
829.73547,478.4
829.85382,477.4
829.97217,473.6
830.09058,476.6
830.20892,474.0
830.32727,472.4
830.44562,481.8
830.56403,474.4
830.68237,476.6
830.80072,476.0
830.91907,474.2
831.03741,481.4
831.15576,477.0
831.27411,473.8
831.3924,477.4
831.51074,474.6
831.62909,475.0
831.74744,472.6
831.86572,474.4
831.98407,474.4
832.10242,475.0
832.2207,478.0
832.33905,472.6
832.45734,476.8
832.57562,470.8
832.69397,471.6
832.81226,476.2
832.93054,473.0
833.04889,476.0
833.16718,471.8
833.28546,475.6
833.40375,478.2
833.52203,475.0
833.64032,472.2
833.75861,480.8
833.87689,473.8
833.99518,475.8
834.1134,475.6
834.23169,480.6
834.34998,472.4
834.46826,479.4
834.58649,479.0
834.70477,479.0
834.823,471.8
834.94128,482.8
835.05951,474.6
835.1778,474.8
835.29602,474.8
835.41425,479.2
835.53253,478.8
835.65076,471.4
835.76898,477.8
835.88721,481.8
836.00543,483.4
836.12366,482.8
836.24188,475.6
836.36011,485.0
836.47833,484.4
836.59656,487.2
836.71478,483.0
836.83295,478.8
836.95117,479.8
837.0694,488.4
837.18756,483.6
837.30579,483.4
837.42401,482.2
837.54218,486.4
837.66034,480.4
837.77856,486.2
837.89673,485.6
838.01489,483.8
838.13312,483.4
838.25128,488.8
838.36945,481.0
838.48761,482.6
838.60577,482.2
838.72394,486.4
838.8421,487.0
838.96027,486.8
839.07843,484.8
839.19659,482.4
839.31476,487.6
839.43286,489.2
839.55103,486.4
839.66919,485.2
839.78729,486.0
839.90546,486.8
840.02356,482.4
840.14172,483.0
840.25983,481.8
840.37793,487.0
840.49609,483.8
840.6142,486.0
840.7323,483.2
840.8504,479.0
840.96851,482.8
841.08661,489.4
841.20471,487.6
841.32281,492.4
841.44092,483.0
841.55902,491.6
841.67712,484.0
841.79523,491.6
841.91327,483.6
842.03137,485.4
842.14948,485.4
842.26752,481.2
842.38562,485.8
842.50366,479.8
842.62177,475.4
842.73981,479.8
842.85791,478.2
842.97595,482.2
843.09399,475.2
843.21204,475.0
843.33008,480.8
843.44818,475.2
843.56622,478.4
843.68427,477.4
843.80231,478.0
843.92029,477.0
844.03833,478.4
844.15637,476.0
844.27441,477.0
844.39246,479.0
844.51044,477.2
844.62848,474.6
844.74646,479.6
844.8645,479.8
844.98248,475.8
845.10052,480.2
845.21851,476.2
845.33649,479.6
845.45453,481.0
845.57251,482.6
845.69049,474.8
845.80847,478.4
845.92645,479.6
846.04443,482.0
846.16241,482.4
846.2804,484.4
846.39838,477.2
846.51636,480.0
846.63434,484.0
846.75226,483.4
846.87024,481.6
846.98822,482.0
847.10614,479.0
847.22412,482.8
847.34204,476.2
847.46002,475.8
847.57794,474.8
847.69586,479.2
847.81384,476.2
847.93176,479.4
848.04968,480.4
848.1676,479.2
848.28552,475.4
848.40344,477.2
848.52136,476.4
848.63928,478.6
848.7572,479.6
848.87512,478.6
848.99304,476.8
849.1109,477.2
849.22882,474.8
849.34674,480.2
849.4646,477.4
849.58252,476.4
849.70038,474.2
849.8183,479.0
849.93616,479.8
850.05402,477.8
850.17194,479.0
850.28979,477.4
850.40765,480.6
850.52551,479.4
850.64337,486.2
850.76123,485.0
850.87909,476.6
850.99695,480.4
851.11481,482.2
851.23267,484.6
851.35046,481.4
851.46832,478.0
851.58618,478.4
851.70398,480.4
851.82184,480.0
851.93964,480.2
852.0575,480.2
852.17529,482.4
852.29315,478.8
852.41095,479.8
852.52875,477.4
852.64655,483.4
852.7644,476.4
852.8822,479.8
853.0,476.2
853.1178,483.6
853.2356,483.4
853.35333,474.4
853.47113,482.0
853.58893,481.6
853.70673,477.8
853.82446,482.8
853.94226,482.2
854.06006,480.6
854.1778,478.4
854.29559,478.8
854.41333,482.2
854.53107,478.2
854.64886,485.6
854.7666,480.6
854.88434,483.6
855.00208,486.8
855.11981,485.2
855.23761,487.2
855.35535,488.4
855.47302,488.4
855.59076,485.0
855.7085,490.6
855.82623,488.6
855.94397,489.8
856.06165,489.0
856.17938,493.2
856.29712,490.0
856.41479,489.6
856.53253,485.8
856.65021,485.8
856.76788,487.8
856.88562,488.8
857.0033,482.8
857.12097,489.6
857.23865,486.6
857.35632,484.0
857.474,485.2
857.59167,488.2
857.70935,485.8
857.82703,482.8
857.9447,485.2
858.06238,483.2
858.18005,481.2
858.29767,480.4
858.41534,481.8
858.53296,479.6
858.65063,482.2
858.76825,486.0
858.88593,482.8
859.00354,487.6
859.12115,481.4
859.23883,480.2
859.35645,483.4
859.47406,482.2
859.59167,480.0
859.70929,484.4
859.8269,480.2
859.94452,481.2
860.06213,483.8
860.17975,486.4
860.29736,477.2
860.41492,480.2
860.53253,480.0
860.65009,480.8
860.7677,475.4
860.88525,483.6
861.00287,478.8
861.12042,483.0
861.23804,478.0
861.35559,478.6
861.47314,479.6
861.5907,475.0
861.70825,479.2
861.82581,475.4
861.94336,478.4
862.06091,477.0
862.17847,477.0
862.29602,474.0
862.41357,473.4
862.53113,474.2
862.64862,479.0
862.76617,472.4
862.88367,476.2
863.00122,479.4
863.11871,477.6
863.23627,476.8
863.35376,477.0
863.47125,475.8
863.58881,476.2
863.7063,472.8
863.82379,474.8
863.94128,479.4
864.05878,475.2
864.17627,477.6
864.29376,477.4
864.41125,476.8
864.52869,471.6
864.64618,476.6
864.76367,473.8
864.8811,480.4
864.9986,475.6
865.11609,479.0
865.23352,475.4
865.35095,478.6
865.46844,479.4
865.58588,481.2
865.70331,479.4
865.82074,479.6
865.93823,475.4
866.05566,477.4
866.1731,480.2
866.29053,476.0
866.4079,482.6
866.52533,478.6
866.64276,478.2
866.76019,473.2
866.87756,471.6
866.995,481.4
867.11243,476.8
867.2298,477.6
867.34723,476.0
867.4646,473.4
867.58197,477.6
867.6994,478.0
867.81677,480.6
867.93414,475.8
868.05151,480.2
868.16888,480.0
868.28625,477.6
868.40363,478.2
868.521,477.4
868.63837,477.8
868.75568,479.8
868.87305,476.0
868.99042,484.2
869.10773,480.6
869.2251,482.2
869.34241,482.2
869.45978,483.0
869.57709,483.8
869.69446,478.6
869.81177,485.2
869.92908,480.6
870.04639,482.2
870.1637,477.2
870.28101,485.2
870.39832,477.2
870.51563,483.8
870.63293,478.0
870.75024,485.0
870.86749,478.0
870.9848,476.4
871.10211,477.2
871.21936,484.8
871.33667,478.0
871.45392,484.4
871.57123,478.2
871.68848,479.6
871.80573,481.0
871.92297,488.2
872.04028,477.4
872.15753,486.0
872.27478,480.2
872.39203,479.8
872.50928,479.6
872.62646,482.8
872.74371,483.0
872.86096,484.2
872.97821,478.8
873.0954,484.0
873.21265,476.8
873.32983,475.4
873.44708,479.4
873.56427,485.0
873.68152,478.0
873.79871,475.0
873.91589,476.8
874.03308,478.6
874.15027,477.0
874.26746,478.6
874.38464,477.4
874.50183,479.6
874.61902,482.2
874.73621,481.6
874.85339,479.4
874.97052,482.2
875.08771,477.2
875.2049,478.2
875.32202,479.8
875.43921,479.6
875.55634,478.8
875.67346,480.0
875.79065,478.2
875.90778,478.4
876.0249,480.4
876.14203,481.2
876.25916,481.8
876.37628,479.0
876.49341,478.2
876.61053,483.6
876.72766,479.6
876.84473,482.4
876.96185,479.6
877.07898,482.8
877.19604,482.2
877.31317,483.2
877.43024,476.8
877.54736,477.8
877.66443,481.8
877.78149,479.6
877.89856,479.8
878.01569,480.4
878.13275,479.4
878.24982,482.0
878.36688,482.2
878.48395,489.2
878.60095,481.0
878.71802,476.2
878.83508,480.2
878.95215,482.4
879.06915,479.6
879.18622,485.8
879.30322,481.8
879.42029,479.8
879.53729,478.4
879.6543,481.2
879.77136,474.0
879.88837,483.8
880.00537,479.8
880.12238,475.4
880.23938,482.6
880.35638,483.0
880.47339,474.0
880.59039,478.0
880.70734,480.4
880.82434,485.4
880.94135,479.2
881.05829,483.0
881.17529,476.6
881.29224,479.6
881.40924,475.4
881.52618,479.8
881.64313,479.6
881.76007,484.8
881.87701,480.0
881.99402,481.6
882.11096,478.4
882.22791,480.0
882.34479,475.4
882.46173,484.0
882.57867,480.0
882.69562,485.4
882.8125,480.6
882.92944,481.4
883.04639,488.0
883.16327,479.2
883.28015,484.2
883.39709,483.8
883.51398,480.2
883.63086,484.2
883.74774,480.4
883.86462,476.4
883.98157,484.0
884.09839,482.0
884.21527,478.2
884.33215,485.2
884.44904,484.2
884.56592,483.4
884.68274,482.4
884.79962,483.0
884.9165,478.4
885.03333,484.8
885.15015,481.0
885.26703,486.8
885.38385,477.2
885.50067,488.6
885.61749,484.2
885.73438,484.2
885.8512,486.6
885.96802,491.6
886.08478,483.4
886.2016,488.2
886.31842,483.0
886.43524,484.2
886.55206,485.6
886.66882,485.2
886.78564,488.0
886.9024,488.8
887.01923,488.4
887.13599,491.0
887.25275,480.8
887.36951,494.6
887.48633,489.8
887.60309,488.6
887.71985,488.8
887.83661,486.8
887.95337,480.6
888.07007,481.4
888.18683,485.6
888.30359,480.2
888.42035,486.0
888.53705,480.6
888.65381,479.2
888.77051,481.4
888.88721,484.0
889.00397,479.4
889.12067,477.8
889.23737,480.8
889.35406,482.4
889.47083,478.6
889.58752,476.0
889.70416,480.8
889.82086,481.2
889.93756,486.0
890.05426,481.0
890.17096,482.8
890.2876,479.8
890.4043,484.4
890.52094,481.4
890.63763,482.4
890.75427,479.6
890.87091,487.4
890.98761,477.0
891.10425,482.2
891.22089,481.0
891.33752,482.6
891.45416,481.0
891.5708,480.8
891.68744,475.4
891.80408,482.4
891.92065,478.2
892.03729,481.0
892.15393,481.6
892.27051,487.2
892.38715,484.2
892.50372,484.0
892.6203,481.0
892.73694,485.2
892.85352,478.8
892.97009,482.6
893.08667,484.2
893.20325,485.0
893.31982,485.0
893.4364,477.2
893.55298,481.0
893.66956,484.0
893.78607,485.4
893.90265,485.4
894.01917,487.4
894.13574,486.2
894.25226,485.6
894.36884,487.0
894.48535,483.4
894.60187,485.6
894.71838,487.2
894.8349,483.4
894.95148,484.6
895.06793,487.6
895.18445,483.2
895.30096,481.0
895.41748,484.2
895.534,483.4
895.65045,481.8
895.76697,485.4
895.88342,483.4
895.99994,482.6
896.11639,484.4
896.23291,484.8
896.34937,479.6
896.46582,483.8
896.58228,479.8
896.69873,483.8
896.81519,481.4
896.93164,481.4
897.0481,479.4
897.16455,489.4
897.28094,485.4
897.3974,480.2
897.51385,487.2
897.63025,486.4
897.7467,485.2
897.8631,481.8
897.97949,480.4
898.09595,481.2
898.21234,487.0
898.32874,486.0
898.44513,484.8
898.56152,484.2
898.67792,475.8
898.79431,477.8
898.91064,482.0
899.02704,482.2
899.14343,484.4
899.25977,483.4
899.37616,474.0
899.49249,480.4
899.60889,481.0
899.72522,479.6
899.84155,480.0
899.95789,480.4
900.07428,480.0
900.19061,480.8
900.30695,483.6
900.42322,481.6
900.53955,481.0
900.65588,482.6
900.77222,482.0
900.88849,484.6
901.00482,475.6
901.12109,486.2
901.23743,479.2
901.3537,484.8
901.47003,479.6
901.5863,479.0
901.70258,474.0
901.81885,476.2
901.93512,477.6
902.05139,481.8
902.16766,478.2
902.28394,475.6
902.40021,472.8
902.51642,480.0
902.63269,479.2
902.7489,474.6
902.86517,474.4
902.98138,477.0
903.09766,477.2
903.21387,472.6
903.33008,476.4
903.44629,479.8
903.5625,474.0
903.67871,473.8
903.79492,473.8
903.91113,475.8
904.02734,471.4
904.14355,478.4
904.2597,480.0
904.37592,473.2
904.49207,475.0
904.60828,474.8
904.72443,475.4
904.84064,475.8
904.95679,469.2
905.07294,475.4
905.18909,472.4
905.30524,474.6
905.42139,472.2
905.53754,471.6
905.65369,469.4
905.76984,474.2
905.88593,472.0
906.00208,472.6
906.11816,474.0
906.23431,468.6
906.3504,473.4
906.46655,478.6
906.58264,467.6
906.69873,473.0
906.81482,474.4
906.93091,470.8
907.047,475.4
907.16309,474.4
907.27917,473.0
907.39526,475.0
907.51135,470.8
907.62738,472.0
907.74347,475.6
907.8595,473.8
907.97559,472.8
908.09161,476.4
908.2077,470.6
908.32373,474.6
908.43976,472.8
908.55579,473.4
908.67181,470.4
908.78784,474.4
908.90387,469.0
909.0199,473.4
909.13586,470.6
909.25189,474.8
909.36792,470.6
909.48389,476.8
909.59991,474.6
909.71588,474.6
909.83185,478.6
909.94788,474.2
910.06384,472.4
910.17981,468.8
910.29578,475.0
910.41174,470.2
910.52771,471.8
910.64368,475.2
910.75958,472.2
910.87555,478.2
910.99152,470.8
911.10742,475.4
911.22339,471.4
911.33929,474.6
911.4552,476.2
911.57117,468.6
911.68707,472.0
911.80298,475.0
911.91888,472.0
912.03479,476.0
912.1507,477.0
912.2666,474.8
912.38245,476.6
912.49835,476.2
912.61426,472.0
912.7301,478.4
912.84601,475.2
792.4458,671.0
792.56488,658.0
792.68396,662.6
792.8031,658.4
792.92218,642.6
793.04126,642.0
793.16034,638.8
793.27942,635.4
793.3985,630.2
793.51758,619.2
793.63672,614.6
793.7558,613.8
793.87488,614.4
793.9939,612.2
794.11298,606.6
794.23206,607.4
794.35114,600.6
794.47021,596.0
794.58929,586.8
794.70831,584.4
794.82739,590.2
794.94647,580.6
795.06549,585.8
795.18457,576.4
795.30365,579.0
795.42267,569.6
795.54175,563.2
795.66077,565.2
795.77985,566.2
795.89886,567.4
796.01794,569.2
796.13696,563.6
796.25598,564.4
796.375,560.0
796.49408,560.8
796.6131,559.6
796.73212,560.8
796.85114,553.8
796.97015,557.8
797.08923,552.8
797.20825,556.6
797.32727,547.4
797.44629,553.2
797.56531,548.2
797.68427,545.8
797.80328,545.8
797.9223,545.4
798.04132,547.4
798.16034,542.8
798.27936,545.4
798.39832,548.8
798.51733,541.6
798.63635,544.4
798.75531,539.0
798.87433,540.4
798.99329,533.2
799.1123,538.0
799.23126,536.2
799.35028,542.0
799.46924,542.2
799.58826,541.0
799.70721,538.8
799.82617,538.4
799.94519,536.6
800.06415,534.2
800.18311,533.8
800.30206,536.2
800.42102,538.8
800.54004,537.4
800.659,535.2
800.77795,537.8
800.89691,533.0
801.01587,536.0
801.13483,532.2
801.25372,532.6
801.37268,537.0
801.49164,535.0
801.6106,533.0
801.72955,538.8
801.84845,533.0
801.96741,537.0
802.08636,536.0
802.20526,532.2
802.32422,534.4
802.44318,537.6
802.56207,532.0
802.68103,536.2
802.79993,535.0
802.91882,536.2
803.03778,527.4
803.15668,532.2
803.27557,536.6
803.39453,536.4
803.51343,534.8
803.63232,535.0
803.75122,533.8
803.87012,534.4
803.98907,532.4
804.10797,538.8
804.22687,531.2
804.34576,534.8
804.46466,533.8
804.58356,541.8
804.70239,538.8
804.82129,538.0
804.94019,532.0
805.05908,538.2
805.17798,540.6
805.29681,535.8
805.41571,538.0
805.53461,543.0
805.65344,535.6
805.77234,542.6
805.89117,541.6
806.01007,543.2
806.12891,536.0
806.2478,545.0
806.36664,538.4
806.48547,542.8
806.60437,538.2
806.72321,544.8
806.84204,539.8
806.96088,539.2
807.07971,539.2
807.19861,540.8
807.31744,539.6
807.43628,537.6
807.55511,540.8
807.67395,545.2
807.79279,543.0
807.91162,542.8
808.0304,544.8
808.14923,542.4
808.26807,540.6
808.3869,549.0
808.50568,544.4
808.62451,540.0
808.74335,547.2
808.86212,546.6
808.98096,549.2
809.09979,547.4
809.21857,543.0
809.33734,550.2
809.45618,542.2
809.57495,547.8
809.69379,544.6
809.81256,551.6
809.93134,550.6
810.05011,547.4
810.16895,546.0
810.28772,547.8
810.40649,546.8
810.52527,554.6
810.64404,550.8
810.76282,550.0
810.88159,550.8
811.00037,552.4
811.11914,552.4
811.23792,554.0
811.35663,554.0
811.4754,555.8
811.59418,554.2
811.71295,560.2
811.83167,556.4
811.95044,558.4
812.06921,556.8
812.18793,559.2
812.3067,556.6
812.42542,555.8
812.54419,550.4
812.6629,556.6
812.78162,545.2
812.90039,551.0
813.0191,546.4
813.13782,552.4
813.25653,543.4
813.37524,544.8
813.49402,550.0
813.61273,552.8
813.73145,547.4
813.85016,550.8
813.96887,548.4
814.08759,545.0
814.2063,545.4
814.32495,552.0
814.44366,544.2
814.56238,542.6
814.68109,543.2
814.79974,544.2
814.91846,538.2
815.03717,543.4
815.15582,545.4
815.27454,546.8
815.39319,540.8
815.5119,547.0
815.63055,540.8
815.74927,545.0
815.86792,549.8
815.98657,553.4
816.10529,549.6
816.22394,553.6
816.34259,557.4
816.46124,558.6
816.5799,550.6
816.69855,555.6
816.8172,555.6
816.93585,548.6
817.0545,544.6
817.17316,546.2
817.29181,536.4
817.41046,539.0
817.52911,537.2
817.64771,536.4
817.76636,527.6
817.88501,528.4
818.0036,529.2
818.12225,527.2
818.24091,515.4
818.3595,521.2
818.47815,520.6
818.59674,518.4
818.71533,514.4
818.83398,513.8
818.95258,512.4
819.07117,518.4
819.18976,515.0
819.30841,520.4
819.427,519.6
819.54559,515.6
819.66418,513.0
819.78278,511.2
819.90137,511.4
820.01996,514.0
820.13855,508.6
820.25714,512.4
820.37573,511.0
820.49426,510.4
820.61285,505.8
820.73145,509.6
820.84998,504.4
820.96857,505.0
821.08716,509.4
821.20569,506.8
821.32428,502.0
821.44281,506.4
821.56134,499.6
821.67993,507.2
821.79846,506.6
821.91699,505.2
822.03558,502.2
822.15411,501.0
822.27264,501.0
822.39117,502.6
822.5097,500.2
822.62823,502.2
822.74677,503.0
822.8653,504.4
822.98383,503.4
823.10236,504.4
823.22089,499.8
823.33942,498.6
823.45789,497.8
823.57642,498.8
823.69495,500.4
823.81342,499.6
823.93195,495.8
824.05042,507.4
824.16895,501.2
824.28741,504.2
824.40594,499.0
824.52441,505.2
824.64288,502.2
824.76141,501.0
824.87988,499.4
824.99835,500.0
825.11682,499.2
825.23529,503.4
825.35376,498.4
825.47223,499.6
825.5907,495.2
825.70917,497.8
825.82764,499.2
825.94611,494.2
826.06458,493.4
826.18304,492.0
826.30145,496.2
826.41992,499.8
826.53839,493.6
826.6568,499.4
826.77527,496.4
826.89368,498.6
827.01215,498.0
827.13055,498.4
827.24902,495.0
827.36743,498.6
827.48584,491.4
827.60431,496.8
827.72272,493.2
827.84113,495.6
827.95953,490.8
828.07794,493.8
828.19635,496.4
828.31476,493.2
828.43317,491.6
828.55157,498.4
828.66998,490.8
828.78839,494.0
828.90674,491.4
829.02515,496.2
829.14355,499.8
829.2619,495.6
829.38031,489.6
829.49872,496.6
829.61707,488.6
829.73547,494.4
829.85382,497.6
829.97217,495.4
830.09058,492.0
830.20892,493.0
830.32727,491.6
830.44562,491.6
830.56403,494.6
830.68237,494.4
830.80072,488.8
830.91907,491.4
831.03741,485.0
831.15576,491.8
831.27411,492.6
831.3924,494.6
831.51074,495.4
831.62909,492.4
831.74744,492.4
831.86572,494.2
831.98407,493.8
832.10242,493.8
832.2207,492.0
832.33905,489.2
832.45734,491.8
832.57562,493.0
832.69397,488.6
832.81226,492.0
832.93054,490.2
833.04889,492.4
833.16718,490.2
833.28546,488.6
833.40375,498.2
833.52203,490.6
833.64032,485.8
833.75861,495.8
833.87689,493.8
833.99518,495.8
834.1134,488.2
834.23169,497.0
834.34998,491.8
834.46826,493.0
834.58649,494.4
834.70477,498.0
834.823,496.8
834.94128,494.8
835.05951,490.2
835.1778,496.4
835.29602,490.6
835.41425,493.2
835.53253,493.8
835.65076,494.0
835.76898,491.4
835.88721,503.6
836.00543,496.0
836.12366,503.4
836.24188,492.4
836.36011,503.0
836.47833,498.4
836.59656,502.4
836.71478,500.2
836.83295,502.4
836.95117,499.8
837.0694,504.8
837.18756,499.4
837.30579,504.4
837.42401,503.6
837.54218,505.2
837.66034,500.6
837.77856,506.4
837.89673,501.6
838.01489,500.8
838.13312,497.0
838.25128,507.4
838.36945,501.8
838.48761,497.8
838.60577,509.6
838.72394,508.4
838.8421,507.2
838.96027,509.4
839.07843,507.6
839.19659,508.4
839.31476,511.2
839.43286,509.0
839.55103,510.6
839.66919,513.4
839.78729,510.4
839.90546,507.6
840.02356,504.6
840.14172,509.4
840.25983,504.2
840.37793,505.0
840.49609,510.8
840.6142,514.6
840.7323,517.2
840.8504,514.8
840.96851,513.2
841.08661,522.6
841.20471,517.4
841.32281,522.4
841.44092,516.6
841.55902,521.4
841.67712,514.6
841.79523,521.4
841.91327,510.6
842.03137,520.0
842.14948,520.8
842.26752,514.6
842.38562,518.2
842.50366,516.0
842.62177,509.4
842.73981,517.6
842.85791,508.8
842.97595,514.8
843.09399,509.2
843.21204,511.8
843.33008,505.6
843.44818,503.2
843.56622,501.6
843.68427,503.2
843.80231,498.2
843.92029,501.8
844.03833,504.0
844.15637,503.2
844.27441,501.6
844.39246,506.8
844.51044,502.8
844.62848,505.2
844.74646,504.8
844.8645,504.8
844.98248,504.0
845.10052,504.6
845.21851,505.0
845.33649,505.2
845.45453,511.0
845.57251,507.6
845.69049,507.0
845.80847,508.6
845.92645,507.2
846.04443,509.4
846.16241,509.8
846.2804,511.2
846.39838,504.2
846.51636,512.6
846.63434,512.6
846.75226,518.2
846.87024,515.0
846.98822,513.6
847.10614,509.8
847.22412,510.4
847.34204,509.8
847.46002,511.4
847.57794,510.4
847.69586,511.2
847.81384,503.2
847.93176,508.8
848.04968,502.6
848.1676,509.0
848.28552,505.0
848.40344,502.2
848.52136,506.0
848.63928,505.4
848.7572,509.2
848.87512,508.8
848.99304,505.6
849.1109,505.2
849.22882,502.8
849.34674,508.8
849.4646,501.6
849.58252,506.4
849.70038,500.6
849.8183,509.0
849.93616,507.2
850.05402,508.6
850.17194,505.8
850.28979,509.0
850.40765,518.0
850.52551,515.6
850.64337,513.2
850.76123,513.0
850.87909,508.0
850.99695,513.8
851.11481,511.2
851.23267,507.2
851.35046,509.8
851.46832,505.4
851.58618,504.4
851.70398,509.0
851.82184,507.0
851.93964,508.6
852.0575,514.2
852.17529,522.8
852.29315,516.0
852.41095,511.6
852.52875,504.4
852.64655,502.2
852.7644,507.6
852.8822,506.2
853.0,508.6
853.1178,504.0
853.2356,506.0
853.35333,502.2
853.47113,504.8
853.58893,507.8
853.70673,504.0
853.82446,511.2
853.94226,505.2
854.06006,504.2
854.1778,511.8
854.29559,506.0
854.41333,513.4
854.53107,511.2
854.64886,520.2
854.7666,519.0
854.88434,517.6
855.00208,523.0
855.11981,512.2
855.23761,523.0
855.35535,523.8
855.47302,527.0
855.59076,526.4
855.7085,525.6
855.82623,524.6
855.94397,525.2
856.06165,528.8
856.17938,523.8
856.29712,527.6
856.41479,528.8
856.53253,524.2
856.65021,528.2
856.76788,523.8
856.88562,527.4
857.0033,522.8
857.12097,526.0
857.23865,513.6
857.35632,517.8
857.474,515.2
857.59167,522.4
857.70935,515.8
857.82703,525.0
857.9447,517.2
858.06238,514.4
858.18005,517.4
858.29767,519.6
858.41534,519.0
858.53296,518.6
858.65063,519.0
858.76825,524.0
858.88593,519.6
859.00354,515.6
859.12115,514.0
859.23883,514.8
859.35645,518.2
859.47406,513.6
859.59167,518.8
859.70929,517.4
859.8269,514.8
859.94452,510.0
860.06213,517.2
860.17975,519.4
860.29736,514.4
860.41492,514.6
860.53253,512.8
860.65009,514.8
860.7677,512.0
860.88525,515.4
861.00287,514.8
861.12042,514.4
861.23804,510.4
861.35559,517.0
861.47314,510.2
861.5907,507.6
861.70825,504.6
861.82581,512.4
861.94336,506.4
862.06091,500.8
862.17847,505.4
862.29602,506.2
862.41357,497.6
862.53113,504.0
862.64862,502.4
862.76617,502.2
862.88367,503.6
863.00122,500.0
863.11871,503.2
863.23627,507.6
863.35376,500.4
863.47125,504.8
863.58881,499.8
863.7063,506.0
863.82379,499.4
863.94128,500.4
864.05878,502.0
864.17627,500.4
864.29376,498.6
864.41125,504.2
864.52869,499.6
864.64618,498.8
864.76367,500.8
864.8811,503.2
864.9986,501.0
865.11609,502.0
865.23352,500.0
865.35095,499.4
865.46844,505.0
865.58588,503.4
865.70331,503.4
865.82074,501.0
865.93823,500.0
866.05566,500.4
866.1731,498.4
866.29053,505.8
866.4079,506.2
866.52533,505.0
866.64276,505.0
866.76019,500.0
866.87756,504.2
866.995,506.0
867.11243,505.2
867.2298,506.0
867.34723,507.0
867.4646,503.8
867.58197,506.6
867.6994,511.2
867.81677,507.8
867.93414,510.4
868.05151,502.2
868.16888,509.8
868.28625,504.4
868.40363,508.8
868.521,509.0
868.63837,508.0
868.75568,507.2
868.87305,510.6
868.99042,511.6
869.10773,510.0
869.2251,510.4
869.34241,512.4
869.45978,509.4
869.57709,513.0
869.69446,508.8
869.81177,515.6
869.92908,519.6
870.04639,515.6
870.1637,517.4
870.28101,514.4
870.39832,517.2
870.51563,520.6
870.63293,519.4
870.75024,519.8
870.86749,513.6
870.9848,515.2
871.10211,515.2
871.21936,518.6
871.33667,521.8
871.45392,514.8
871.57123,512.0
871.68848,517.0
871.80573,514.4
871.92297,518.8
872.04028,513.2
872.15753,510.6
872.27478,516.4
872.39203,510.4
872.50928,511.6
872.62646,515.8
872.74371,515.4
872.86096,519.8
872.97821,517.0
873.0954,515.8
873.21265,511.4
873.32983,512.6
873.44708,515.6
873.56427,514.0
873.68152,512.2
873.79871,514.8
873.91589,512.6
874.03308,514.4
874.15027,512.2
874.26746,509.2
874.38464,514.6
874.50183,517.2
874.61902,518.0
874.73621,518.0
874.85339,515.8
874.97052,516.8
875.08771,516.2
875.2049,520.0
875.32202,509.0
875.43921,516.6
875.55634,515.0
875.67346,518.4
875.79065,513.6
875.90778,519.0
876.0249,513.0
876.14203,520.2
876.25916,516.8
876.37628,518.4
876.49341,516.0
876.61053,518.8
876.72766,519.8
876.84473,519.6
876.96185,514.4
877.07898,521.6
877.19604,524.6
877.31317,517.8
877.43024,522.6
877.54736,517.8
877.66443,519.8
877.78149,520.8
877.89856,515.2
878.01569,521.4
878.13275,517.6
878.24982,513.8
878.36688,516.2
878.48395,523.0
878.60095,512.6
878.71802,513.0
878.83508,514.0
878.95215,510.0
879.06915,515.0
879.18622,520.2
879.30322,516.8
879.42029,513.6
879.53729,516.0
879.6543,511.4
879.77136,513.6
879.88837,515.4
880.00537,515.8
880.12238,518.6
880.23938,511.2
880.35638,515.4
880.47339,512.2
880.59039,511.4
880.70734,518.0
880.82434,518.6
880.94135,516.2
881.05829,520.0
881.17529,516.2
881.29224,517.0
881.40924,512.0
881.52618,510.6
881.64313,512.2
881.76007,521.4
881.87701,519.8
881.99402,517.4
882.11096,514.6
882.22791,514.6
882.34479,518.8
882.46173,521.6
882.57867,514.2
882.69562,516.2
882.8125,515.6
882.92944,521.8
883.04639,518.6
883.16327,516.2
883.28015,520.2
883.39709,521.2
883.51398,518.6
883.63086,518.4
883.74774,518.4
883.86462,519.2
883.98157,520.6
884.09839,517.2
884.21527,521.2
884.33215,523.4
884.44904,516.2
884.56592,518.0
884.68274,519.8
884.79962,516.4
884.9165,514.8
885.03333,520.8
885.15015,514.8
885.26703,525.6
885.38385,519.2
885.50067,526.4
885.61749,523.8
885.73438,529.0
885.8512,528.4
885.96802,532.4
886.08478,522.4
886.2016,526.6
886.31842,527.4
886.43524,525.6
886.55206,529.2
886.66882,535.4
886.78564,528.8
886.9024,527.2
887.01923,533.0
887.13599,531.8
887.25275,526.2
887.36951,528.8
887.48633,528.8
887.60309,532.2
887.71985,530.8
887.83661,523.4
887.95337,520.4
888.07007,516.8
888.18683,520.4
888.30359,520.8
888.42035,514.6
888.53705,520.8
888.65381,514.8
888.77051,512.8
888.88721,511.0
889.00397,508.8
889.12067,507.6
889.23737,515.6
889.35406,512.6
889.47083,510.4
889.58752,501.0
889.70416,514.6
889.82086,505.6
889.93756,512.8
890.05426,510.6
890.17096,511.6
890.2876,508.2
890.4043,507.6
890.52094,510.4
890.63763,507.6
890.75427,509.0
890.87091,511.6
890.98761,512.2
891.10425,513.2
891.22089,511.2
891.33752,513.0
891.45416,513.6
891.5708,509.0
891.68744,507.0
891.80408,516.2
891.92065,504.6
892.03729,512.0
892.15393,510.8
892.27051,513.4
892.38715,508.6
892.50372,510.6
892.6203,516.4
892.73694,515.2
892.85352,512.8
892.97009,507.6
893.08667,511.4
893.20325,515.0
893.31982,515.4
893.4364,512.4
893.55298,514.2
893.66956,511.2
893.78607,517.0
893.90265,514.0
894.01917,514.4
894.13574,514.8
894.25226,518.4
894.36884,518.2
894.48535,513.8
894.60187,512.0
894.71838,512.4
894.8349,513.8
894.95148,513.4
895.06793,521.6
895.18445,513.2
895.30096,517.4
895.41748,512.4
895.534,508.2
895.65045,514.8
895.76697,517.8
895.88342,520.4
895.99994,516.6
896.11639,510.4
896.23291,514.2
896.34937,511.2
896.46582,509.0
896.58228,519.8
896.69873,518.4
896.81519,513.0
896.93164,520.4
897.0481,517.2
897.16455,520.0
897.28094,516.4
897.3974,514.4
897.51385,517.8
897.63025,517.4
897.7467,517.8
897.8631,518.2
897.97949,512.6
898.09595,517.4
898.21234,514.0
898.32874,517.4
898.44513,514.8
898.56152,514.4
898.67792,513.6
898.79431,510.2
898.91064,511.8
899.02704,509.6
899.14343,509.6
899.25977,514.4
899.37616,512.0
899.49249,513.6
899.60889,517.2
899.72522,516.0
899.84155,510.2
899.95789,515.2
900.07428,517.2
900.19061,514.8
900.30695,515.0
900.42322,513.8
900.53955,507.8
900.65588,517.6
900.77222,507.4
900.88849,511.8
901.00482,518.0
901.12109,511.0
901.23743,511.0
901.3537,517.0
901.47003,510.6
901.5863,514.6
901.70258,514.4
901.81885,511.2
901.93512,512.4
902.05139,511.2
902.16766,509.4
902.28394,514.8
902.40021,511.6
902.51642,514.4
902.63269,511.0
902.7489,510.8
902.86517,513.0
902.98138,511.6
903.09766,514.4
903.21387,510.4
903.33008,512.6
903.44629,514.6
903.5625,510.6
903.67871,506.2
903.79492,509.6
903.91113,507.0
904.02734,501.4
904.14355,513.6
904.2597,510.6
904.37592,503.8
904.49207,505.8
904.60828,508.2
904.72443,507.6
904.84064,503.0
904.95679,503.0
905.07294,510.2
905.18909,504.0
905.30524,508.4
905.42139,506.2
905.53754,507.6
905.65369,499.8
905.76984,508.0
905.88593,502.4
906.00208,505.6
906.11816,498.8
906.23431,501.6
906.3504,500.6
906.46655,500.0
906.58264,503.6
906.69873,500.4
906.81482,498.2
906.93091,500.8
907.047,498.8
907.16309,500.4
907.27917,502.6
907.39526,501.4
907.51135,501.4
907.62738,499.6
907.74347,502.4
907.8595,506.0
907.97559,503.6
908.09161,504.0
908.2077,497.6
908.32373,501.4
908.43976,501.6
908.55579,493.6
908.67181,500.8
908.78784,498.4
908.90387,503.6
909.0199,503.2
909.13586,501.4
909.25189,502.8
909.36792,493.0
909.48389,503.0
909.59991,500.0
909.71588,499.4
909.83185,503.4
909.94788,501.4
910.06384,502.8
910.17981,502.0
910.29578,500.0
910.41174,502.0
910.52771,500.8
910.64368,504.6
910.75958,498.2
910.87555,501.0
910.99152,501.0
911.10742,501.2
911.22339,505.6
911.33929,502.6
911.4552,499.8
911.57117,497.2
911.68707,501.4
911.80298,498.0
911.91888,499.6
912.03479,500.8
912.1507,502.2
912.2666,503.6
912.38245,505.2
912.49835,498.4
912.61426,504.6
912.7301,501.0
912.84601,502.8
792.4458,610.4
792.56488,600.4
792.68396,611.4
792.8031,601.6
792.92218,587.2
793.04126,588.6
793.16034,585.4
793.27942,590.8
793.3985,583.4
793.51758,571.8
793.63672,571.6
793.7558,573.4
793.87488,570.6
793.9939,581.0
794.11298,567.8
794.23206,567.4
794.35114,558.2
794.47021,555.4
794.58929,558.2
794.70831,551.0
794.82739,557.6
794.94647,559.6
795.06549,552.8
795.18457,547.0
795.30365,549.0
795.42267,544.0
795.54175,547.0
795.66077,549.8
795.77985,544.0
795.89886,546.6
796.01794,544.6
796.13696,541.6
796.25598,544.4
796.375,542.6
796.49408,538.2
796.6131,539.0
796.73212,541.6
796.85114,536.8
796.97015,538.2
797.08923,531.2
797.20825,534.0
797.32727,536.0
797.44629,538.2
797.56531,531.8
797.68427,530.6
797.80328,529.8
797.9223,535.4
798.04132,534.0
798.16034,533.4
798.27936,536.0
798.39832,535.6
798.51733,526.8
798.63635,530.4
798.75531,536.4
798.87433,530.4
798.99329,524.0
799.1123,526.6
799.23126,534.6
799.35028,534.0
799.46924,531.8
799.58826,532.6
799.70721,530.8
799.82617,528.4
799.94519,530.8
800.06415,535.0
800.18311,526.8
800.30206,531.8
800.42102,530.4
800.54004,529.6
800.659,532.6
800.77795,533.6
800.89691,526.4
801.01587,535.0
801.13483,529.2
801.25372,537.6
801.37268,534.4
801.49164,530.8
801.6106,534.8
801.72955,537.2
801.84845,532.4
801.96741,540.6
802.08636,533.8
802.20526,534.4
802.32422,534.2
802.44318,538.2
802.56207,537.8
802.68103,541.2
802.79993,535.2
802.91882,540.0
803.03778,532.6
803.15668,536.8
803.27557,540.8
803.39453,540.0
803.51343,541.2
803.63232,541.8
803.75122,532.4
803.87012,538.6
803.98907,536.6
804.10797,538.0
804.22687,537.0
804.34576,540.4
804.46466,541.8
804.58356,542.6
804.70239,544.8
804.82129,543.2
804.94019,543.8
805.05908,541.2
805.17798,538.4
805.29681,546.4
805.41571,544.2
805.53461,546.8
805.65344,544.8
805.77234,551.4
805.89117,548.6
806.01007,553.2
806.12891,547.8
806.2478,551.8
806.36664,548.2
806.48547,546.4
806.60437,551.8
806.72321,552.8
806.84204,553.4
806.96088,548.8
807.07971,550.6
807.19861,549.8
807.31744,550.8
807.43628,552.6
807.55511,552.6
807.67395,548.2
807.79279,552.8
807.91162,550.6
808.0304,550.8
808.14923,550.2
808.26807,550.6
808.3869,558.0
808.50568,559.0
808.62451,559.2
808.74335,553.6
808.86212,555.4
808.98096,563.2
809.09979,562.6
809.21857,562.4
809.33734,560.2
809.45618,556.4
809.57495,564.6
809.69379,564.0
809.81256,556.8
809.93134,560.2
810.05011,562.0
810.16895,559.8
810.28772,563.0
810.40649,558.8
810.52527,563.8
810.64404,564.0
810.76282,566.6
810.88159,567.0
811.00037,567.2
811.11914,557.4
811.23792,564.2
811.35663,564.4
811.4754,562.0
811.59418,566.4
811.71295,569.8
811.83167,565.0
811.95044,569.0
812.06921,567.0
812.18793,567.2
812.3067,567.2
812.42542,567.6
812.54419,568.6
812.6629,561.6
812.78162,565.2
812.90039,563.0
813.0191,564.2
813.13782,556.4
813.25653,557.0
813.37524,564.2
813.49402,562.6
813.61273,568.4
813.73145,564.8
813.85016,563.0
813.96887,563.6
814.08759,561.4
814.2063,555.4
814.32495,565.8
814.44366,558.4
814.56238,559.4
814.68109,556.6
814.79974,554.2
814.91846,556.6
815.03717,555.4
815.15582,555.8
815.27454,555.4
815.39319,550.4
815.5119,553.4
815.63055,554.2
815.74927,555.8
815.86792,555.4
815.98657,555.2
816.10529,555.8
816.22394,555.6
816.34259,559.0
816.46124,567.0
816.5799,569.8
816.69855,564.2
816.8172,561.2
816.93585,557.8
817.0545,561.2
817.17316,552.2
817.29181,543.6
817.41046,546.0
817.52911,539.8
817.64771,539.6
817.76636,528.4
817.88501,532.8
818.0036,529.8
818.12225,530.6
818.24091,520.2
818.3595,522.0
818.47815,520.0
818.59674,520.2
818.71533,519.8
818.83398,514.8
818.95258,511.2
819.07117,510.0
819.18976,509.2
819.30841,511.6
819.427,509.8
819.54559,512.0
819.66418,511.8
819.78278,511.2
819.90137,514.0
820.01996,509.2
820.13855,503.2
820.25714,508.6
820.37573,506.6
820.49426,507.8
820.61285,501.0
820.73145,504.2
820.84998,497.8
820.96857,502.8
821.08716,503.6
821.20569,502.4
821.32428,504.4
821.44281,503.6
821.56134,499.8
821.67993,500.8
821.79846,500.4
821.91699,501.8
822.03558,496.6
822.15411,498.8
822.27264,498.4
822.39117,501.0
822.5097,496.0
822.62823,497.0
822.74677,499.4
822.8653,498.4
822.98383,499.0
823.10236,497.6
823.22089,501.2
823.33942,497.6
823.45789,497.4
823.57642,495.2
823.69495,492.8
823.81342,499.4
823.93195,496.2
824.05042,499.8
824.16895,499.0
824.28741,496.8
824.40594,497.6
824.52441,497.8
824.64288,499.0
824.76141,494.2
824.87988,495.4
824.99835,499.0
825.11682,499.0
825.23529,497.8
825.35376,492.2
825.47223,496.0
825.5907,491.4
825.70917,493.6
825.82764,498.2
825.94611,493.4
826.06458,491.4
826.18304,492.6
826.30145,495.0
826.41992,496.0
826.53839,488.8
826.6568,493.8
826.77527,492.2
826.89368,490.0
827.01215,490.6
827.13055,495.6
827.24902,492.4
827.36743,492.2
827.48584,492.0
827.60431,494.6
827.72272,488.0
827.84113,491.4
827.95953,487.6
828.07794,489.0
828.19635,488.0
828.31476,494.6
828.43317,487.0
828.55157,495.0
828.66998,490.8
828.78839,491.2
828.90674,493.2
829.02515,490.6
829.14355,490.8
829.2619,492.4
829.38031,488.0
829.49872,490.0
829.61707,488.2
829.73547,486.6
829.85382,488.2
829.97217,493.6
830.09058,488.0
830.20892,488.0
830.32727,484.8
830.44562,485.8
830.56403,489.8
830.68237,488.8
830.80072,490.2
830.91907,492.4
831.03741,490.4
831.15576,488.2
831.27411,490.4
831.3924,489.2
831.51074,492.2
831.62909,490.6
831.74744,487.6
831.86572,492.8
831.98407,487.2
832.10242,487.2
832.2207,490.4
832.33905,488.4
832.45734,490.8
832.57562,489.0
832.69397,488.2
832.81226,491.6
832.93054,491.2
833.04889,492.0
833.16718,486.8
833.28546,488.2
833.40375,489.6
833.52203,488.8
833.64032,489.6
833.75861,490.8
833.87689,487.6
833.99518,486.6
834.1134,493.6
834.23169,493.4
834.34998,491.2
834.46826,496.6
834.58649,491.2
834.70477,488.0
834.823,485.2
834.94128,494.4
835.05951,489.2
835.1778,494.8
835.29602,489.6
835.41425,491.0
835.53253,490.8
835.65076,495.6
835.76898,495.2
835.88721,495.8
836.00543,501.0
836.12366,496.4
836.24188,495.4
836.36011,496.8
836.47833,498.0
836.59656,499.6
836.71478,501.6
836.83295,500.2
836.95117,497.0
837.0694,498.8
837.18756,500.6
837.30579,496.2
837.42401,501.2
837.54218,498.6
837.66034,502.2
837.77856,500.8
837.89673,500.4
838.01489,503.4
838.13312,497.8
838.25128,500.4
838.36945,499.6
838.48761,502.4
838.60577,506.8
838.72394,507.8
838.8421,505.0
838.96027,498.8
839.07843,507.0
839.19659,507.0
839.31476,503.4
839.43286,506.2
839.55103,502.0
839.66919,502.6
839.78729,503.0
839.90546,497.6
840.02356,497.4
840.14172,501.6
840.25983,498.0
840.37793,503.0
840.49609,506.0
840.6142,504.2
840.7323,504.2
840.8504,505.8
840.96851,502.4
841.08661,506.6
841.20471,504.6
841.32281,507.4
841.44092,508.0
841.55902,512.4
841.67712,504.8
841.79523,513.0
841.91327,503.4
842.03137,508.6
842.14948,508.4
842.26752,501.4
842.38562,505.0
842.50366,500.6
842.62177,503.8
842.73981,498.6
842.85791,495.6
842.97595,499.6
843.09399,496.8
843.21204,501.0
843.33008,499.6
843.44818,497.8
843.56622,497.0
843.68427,494.4
843.80231,496.4
843.92029,495.4
844.03833,500.4
844.15637,494.6
844.27441,497.2
844.39246,496.4
844.51044,494.0
844.62848,490.6
844.74646,499.2
844.8645,490.8
844.98248,493.0
845.10052,500.0
845.21851,499.2
845.33649,498.4
845.45453,498.2
845.57251,498.6
845.69049,496.4
845.80847,497.6
845.92645,500.8
846.04443,499.2
846.16241,498.0
846.2804,500.6
846.39838,492.2
846.51636,499.4
846.63434,498.8
846.75226,501.6
846.87024,502.4
846.98822,501.0
847.10614,500.4
847.22412,501.4
847.34204,497.0
847.46002,502.2
847.57794,496.8
847.69586,496.8
847.81384,497.2
847.93176,496.4
848.04968,496.2
848.1676,496.8
848.28552,502.2
848.40344,498.0
848.52136,497.6
848.63928,500.4
848.7572,499.4
848.87512,498.6
848.99304,501.2
849.1109,498.4
849.22882,496.0
849.34674,499.0
849.4646,496.8
849.58252,495.8
849.70038,502.6
849.8183,503.6
849.93616,501.0
850.05402,501.0
850.17194,502.4
850.28979,504.4
850.40765,506.6
850.52551,505.6
850.64337,503.0
850.76123,505.4
850.87909,502.2
850.99695,504.0
851.11481,504.8
851.23267,502.8
851.35046,506.2
851.46832,497.8
851.58618,498.8
851.70398,501.2
851.82184,501.2
851.93964,502.0
852.0575,501.6
852.17529,508.0
852.29315,502.6
852.41095,501.2
852.52875,498.6
852.64655,500.4
852.7644,504.6
852.8822,502.0
853.0,501.4
853.1178,500.2
853.2356,495.6
853.35333,501.6
853.47113,501.8
853.58893,497.4
853.70673,502.0
853.82446,499.2
853.94226,504.6
854.06006,506.4
854.1778,500.4
854.29559,502.8
854.41333,501.6
854.53107,508.4
854.64886,511.8
854.7666,509.0
854.88434,508.8
855.00208,508.8
855.11981,511.2
855.23761,513.4
855.35535,515.2
855.47302,510.2
855.59076,510.2
855.7085,515.2
855.82623,509.2
855.94397,510.2
856.06165,513.0
856.17938,509.6
856.29712,511.4
856.41479,514.0
856.53253,519.6
856.65021,510.0
856.76788,511.4
856.88562,514.2
857.0033,510.4
857.12097,511.0
857.23865,508.8
857.35632,513.2
857.474,507.0
857.59167,513.8
857.70935,508.8
857.82703,508.8
857.9447,509.6
858.06238,511.0
858.18005,506.2
858.29767,512.8
858.41534,509.6
858.53296,504.2
858.65063,510.4
858.76825,509.0
858.88593,507.0
859.00354,505.0
859.12115,507.8
859.23883,513.8
859.35645,504.2
859.47406,511.0
859.59167,506.2
859.70929,511.0
859.8269,509.2
859.94452,511.8
860.06213,513.8
860.17975,507.4
860.29736,507.2
860.41492,503.4
860.53253,505.0
860.65009,503.8
860.7677,505.4
860.88525,506.6
861.00287,504.4
861.12042,502.8
861.23804,502.6
861.35559,502.2
861.47314,502.2
861.5907,500.8
861.70825,502.0
861.82581,499.8
861.94336,501.2
862.06091,501.0
862.17847,505.6
862.29602,499.4
862.41357,497.6
862.53113,500.0
862.64862,496.6
862.76617,498.2
862.88367,500.0
863.00122,502.0
863.11871,502.4
863.23627,504.0
863.35376,498.6
863.47125,500.6
863.58881,499.6
863.7063,502.4
863.82379,499.6
863.94128,504.2
864.05878,498.4
864.17627,501.4
864.29376,496.2
864.41125,503.2
864.52869,502.4
864.64618,503.0
864.76367,500.8
864.8811,500.0
864.9986,499.0
865.11609,502.8
865.23352,499.0
865.35095,500.0
865.46844,504.2
865.58588,499.8
865.70331,501.6
865.82074,504.4
865.93823,503.0
866.05566,502.0
866.1731,505.6
866.29053,499.6
866.4079,504.0
866.52533,503.2
866.64276,498.6
866.76019,494.2
866.87756,504.6
866.995,511.2
867.11243,504.6
867.2298,505.6
867.34723,494.6
867.4646,503.2
867.58197,502.0
867.6994,504.8
867.81677,509.6
867.93414,506.0
868.05151,508.0
868.16888,508.8
868.28625,506.2
868.40363,505.6
868.521,503.0
868.63837,507.6
868.75568,505.0
868.87305,504.4
868.99042,507.6
869.10773,509.2
869.2251,502.2
869.34241,508.8
869.45978,502.4
869.57709,505.6
869.69446,509.2
869.81177,509.0
869.92908,508.8
870.04639,509.4
870.1637,505.6
870.28101,508.6
870.39832,512.6
870.51563,512.2
870.63293,511.0
870.75024,510.2
870.86749,509.6
870.9848,512.0
871.10211,510.6
871.21936,511.2
871.33667,517.6
871.45392,512.4
871.57123,509.6
871.68848,508.0
871.80573,509.4
871.92297,507.4
872.04028,507.8
872.15753,511.6
872.27478,510.8
872.39203,506.8
872.50928,507.8
872.62646,513.2
872.74371,510.0
872.86096,512.4
872.97821,505.4
873.0954,506.2
873.21265,507.8
873.32983,506.6
873.44708,507.2
873.56427,506.6
873.68152,505.0
873.79871,504.8
873.91589,505.0
874.03308,508.2
874.15027,508.4
874.26746,501.0
874.38464,507.6
874.50183,509.6
874.61902,512.8
874.73621,514.2
874.85339,508.8
874.97052,512.8
875.08771,508.2
875.2049,506.0
875.32202,507.6
875.43921,513.6
875.55634,509.6
875.67346,513.6
875.79065,508.2
875.90778,514.2
876.0249,510.4
876.14203,507.4
876.25916,505.0
876.37628,510.4
876.49341,508.6
876.61053,513.8
876.72766,510.4
876.84473,511.8
876.96185,508.0
877.07898,516.2
877.19604,513.4
877.31317,512.8
877.43024,513.6
877.54736,510.2
877.66443,512.0
877.78149,514.0
877.89856,509.6
878.01569,512.6
878.13275,513.2
878.24982,516.8
878.36688,512.8
878.48395,513.8
878.60095,512.4
878.71802,508.4
878.83508,507.0
878.95215,510.6
879.06915,510.8
879.18622,516.8
879.30322,507.6
879.42029,508.2
879.53729,509.4
879.6543,509.0
879.77136,508.4
879.88837,511.0
880.00537,512.2
880.12238,513.8
880.23938,507.4
880.35638,511.2
880.47339,509.0
880.59039,511.2
880.70734,510.6
880.82434,512.2
880.94135,515.0
881.05829,509.8
881.17529,513.2
881.29224,511.6
881.40924,510.0
881.52618,512.0
881.64313,513.0
881.76007,513.8
881.87701,512.2
881.99402,510.8
882.11096,516.0
882.22791,509.2
882.34479,509.2
882.46173,516.2
882.57867,514.0
882.69562,516.8
882.8125,514.6
882.92944,519.6
883.04639,516.6
883.16327,518.2
883.28015,514.4
883.39709,512.4
883.51398,516.2
883.63086,513.6
883.74774,513.0
883.86462,515.6
883.98157,516.8
884.09839,516.8
884.21527,515.8
884.33215,512.2
884.44904,511.8
884.56592,509.4
884.68274,516.0
884.79962,512.2
884.9165,513.2
885.03333,517.2
885.15015,516.0
885.26703,522.2
885.38385,518.8
885.50067,517.2
885.61749,516.0
885.73438,521.6
885.8512,519.6
885.96802,524.6
886.08478,514.6
886.2016,520.8
886.31842,522.4
886.43524,514.4
886.55206,521.0
886.66882,522.0
886.78564,518.8
886.9024,519.2
887.01923,522.2
887.13599,522.0
887.25275,519.8
887.36951,525.4
887.48633,518.8
887.60309,524.6
887.71985,520.4
887.83661,519.2
887.95337,517.2
888.07007,516.6
888.18683,518.6
888.30359,520.6
888.42035,512.8
888.53705,515.2
888.65381,514.2
888.77051,518.0
888.88721,509.0
889.00397,518.6
889.12067,511.2
889.23737,510.8
889.35406,512.2
889.47083,508.4
889.58752,509.4
889.70416,516.2
889.82086,514.4
889.93756,517.0
890.05426,508.6
890.17096,520.2
890.2876,515.6
890.4043,514.4
890.52094,515.6
890.63763,515.2
890.75427,518.4
890.87091,515.8
890.98761,518.2
891.10425,515.2
891.22089,515.8
891.33752,514.0
891.45416,518.4
891.5708,513.2
891.68744,510.4
891.80408,513.0
891.92065,508.4
892.03729,516.4
892.15393,517.2
892.27051,515.2
892.38715,516.4
892.50372,510.0
892.6203,513.4
892.73694,513.6
892.85352,518.0
892.97009,510.4
893.08667,512.4
893.20325,521.2
893.31982,515.2
893.4364,518.0
893.55298,516.6
893.66956,513.4
893.78607,520.2
893.90265,516.8
894.01917,521.0
894.13574,518.4
894.25226,519.8
894.36884,517.8
894.48535,521.4
894.60187,521.2
894.71838,518.6
894.8349,519.6
894.95148,518.0
895.06793,520.4
895.18445,516.2
895.30096,516.8
895.41748,520.6
895.534,515.4
895.65045,517.2
895.76697,520.8
895.88342,519.4
895.99994,511.8
896.11639,518.0
896.23291,519.4
896.34937,516.8
896.46582,519.2
896.58228,520.4
896.69873,520.0
896.81519,518.4
896.93164,516.6
897.0481,515.0
897.16455,518.8
897.28094,518.8
897.3974,517.6
897.51385,521.6
897.63025,515.8
897.7467,516.6
897.8631,514.4
897.97949,522.6
898.09595,517.4
898.21234,517.0
898.32874,520.2
898.44513,517.8
898.56152,515.2
898.67792,516.2
898.79431,513.0
898.91064,510.4
899.02704,511.4
899.14343,516.0
899.25977,517.8
899.37616,515.6
899.49249,515.0
899.60889,516.8
899.72522,515.8
899.84155,513.6
899.95789,515.4
900.07428,517.4
900.19061,515.0
900.30695,520.2
900.42322,514.4
900.53955,511.2
900.65588,512.2
900.77222,517.0
900.88849,515.6
901.00482,513.2
901.12109,512.0
901.23743,516.6
901.3537,506.8
901.47003,511.8
901.5863,512.4
901.70258,509.8
901.81885,515.8
901.93512,514.0
902.05139,510.4
902.16766,513.4
902.28394,512.4
902.40021,511.0
902.51642,516.2
902.63269,508.8
902.7489,514.6
902.86517,509.4
902.98138,517.4
903.09766,511.4
903.21387,512.8
903.33008,514.0
903.44629,513.2
903.5625,514.6
903.67871,508.4
903.79492,509.0
903.91113,513.2
904.02734,504.8
904.14355,514.2
904.2597,508.8
904.37592,508.0
904.49207,511.4
904.60828,508.6
904.72443,505.6
904.84064,510.8
904.95679,509.8
905.07294,510.2
905.18909,506.8
905.30524,510.4
905.42139,507.2
905.53754,508.2
905.65369,505.4
905.76984,507.4
905.88593,506.8
906.00208,506.6
906.11816,509.4
906.23431,509.2
906.3504,508.2
906.46655,510.0
906.58264,501.2
906.69873,506.0
906.81482,502.0
906.93091,506.6
907.047,508.0
907.16309,508.6
907.27917,507.2
907.39526,509.4
907.51135,508.0
907.62738,504.2
907.74347,501.4
907.8595,508.0
907.97559,510.8
908.09161,513.2
908.2077,504.6
908.32373,507.8
908.43976,506.6
908.55579,506.6
908.67181,507.4
908.78784,504.2
908.90387,503.4
909.0199,510.6
909.13586,506.2
909.25189,511.2
909.36792,503.2
909.48389,507.4
909.59991,498.0
909.71588,501.8
909.83185,509.6
909.94788,507.2
910.06384,502.6
910.17981,510.8
910.29578,510.6
910.41174,508.0
910.52771,511.0
910.64368,505.0
910.75958,500.4
910.87555,506.8
910.99152,509.4
911.10742,510.0
911.22339,506.8
911.33929,506.0
911.4552,505.0
911.57117,500.8
911.68707,511.2
911.80298,503.6
911.91888,507.0
912.03479,506.2
912.1507,507.0
912.2666,504.2
912.38245,506.0
912.49835,504.4
912.61426,508.6
912.7301,509.4
912.84601,505.8
