0.10287368	0.005631818	0.30823585	0.0	0.0	0.023799926	0.0	0.0	0.0	0.24704635	0.0	0.15222064	0.0	0.0	0.030938106	0.23571521	0.0	0.0	0.0	0.0	0.0	0.0	0.03256705	0.0	0.0	0.22634344	0.0	0.26289943	0.0	0.0	0.0	0.07413348	0.1492278	0.0	0.27891245	0.0	0.20019765	0.0	0.0	0.14199571	0.21227463	0.0	0.30099723	0.0	0.0056105815	0.336311	0.2784649	0.0	0.0	0.11584505	0.039525703	0.1668586	0.16054879	0.19403596	0.0	0.0	0.0	0.23261188	0.0	0.0	0.0	0.17914839	0.0	0.003555869	0.0	0.0	0.11901016	0.0	0.0	0.0	0.007665684	0.0	0.26633427	0.0	0.33617723	0.0	0.0	0.0	0.09264233	0.06863081	0.0	0.0	0.0	0.16786116	0.0	0.0	0.0	0.06828929	0.040993188	0.0	0.0	0.3944868	0.1502855	0.0	0.0	0.16689335	0.0	0.060940776	0.0	0.0	0.076524444	0.0	0.0	0.0	0.0	0.12139057	0.31249225	0.0	0.27611613	0.0	0.23448753	0.0	0.15636079	0.22322126	0.13462305	0.052828033	0.19207276	0.0	0.0	0.2512287	0.16678588	0.0	0.0	0.11016506	0.17590149	0.0	0.0	0.0
0.12662533	0.0	0.29773888	0.0	0.0	0.0071206056	0.0	0.0	0.0	0.2705857	0.0	0.19768511	0.0	0.0	0.028422916	0.23311543	0.0	0.0	0.0	0.0	0.0	0.0	0.021847164	0.0	0.0	0.19497146	0.0	0.28906885	0.0	0.0	0.0	0.07624125	0.13926482	0.0	0.2969962	0.0	0.1766954	0.0	0.0	0.15155937	0.2098434	0.0	0.33056903	0.0	0.0	0.33888075	0.2803849	0.0	0.0	0.14069872	0.03180405	0.185718	0.14239478	0.21276064	0.0	0.0	0.0	0.2513415	0.0	0.0	0.0	0.17330658	0.0	0.0007404995	0.0	0.0	0.14000362	0.0	0.0	0.0	0.0	0.0	0.24544144	0.0	0.3410689	0.0	0.0	0.0	0.09271676	0.07259593	0.0	0.0	0.0	0.18044369	0.0	0.0	0.0	0.06990741	0.044467237	0.0	0.0	0.42267892	0.1728542	0.0	0.0	0.18764235	0.0	0.037589446	0.0	0.0	0.07247186	0.0	0.0	0.0	0.0	0.14434549	0.32114562	0.0	0.29388332	0.0	0.24337287	0.0	0.1895291	0.23588024	0.1162748	0.039884288	0.18641873	0.0	0.0	0.24900995	0.17942803	0.0	0.0	0.09905124	0.19419824	0.0	0.0	0.0
0.15415007	0.004733203	0.29701218	0.0	0.0	0.018092217	0.0	0.0	0.0	0.2764238	0.0	0.18199511	0.0	0.0	0.027006686	0.27141842	0.0	0.0	0.0	0.0	0.0	0.0	0.013105427	0.0	0.0	0.23322052	0.0	0.30053398	0.0	0.0	0.0	0.07186648	0.14386088	0.0	0.27281407	0.0	0.19552098	0.0	0.0	0.12862651	0.22055443	0.0	0.3583347	0.0	0.0	0.34660733	0.24193305	0.0	0.0	0.16689654	0.054932687	0.16542786	0.11891163	0.19447304	0.0	0.0	0.0	0.22504729	0.0	0.0	0.0	0.17577815	0.0	0.002694942	0.0	0.0	0.15796429	0.0	0.0	0.0	0.0	0.0	0.25620165	0.0	0.32328373	0.0	0.0	0.0	0.103883594	0.07209085	0.0	0.0	0.0	0.19607215	0.0	0.0	0.0	0.11746494	0.018735081	0.0	0.0	0.45321426	0.14346947	0.0	0.0	0.1805939	0.0	0.061244607	0.0	0.0	0.0619757	0.0	0.0	0.0	0.0	0.10673201	0.32934266	0.0	0.27591324	0.0	0.2970405	0.0	0.16574852	0.2162509	0.19265886	0.069713205	0.21315353	0.0	0.0	0.2351207	0.17063832	0.0	0.0	0.10668225	0.19523336	0.0	0.0	0.0
0.099942006	0.016307823	0.3086944	0.0	0.0	0.04876547	0.0	0.0	0.0	0.26717648	0.0	0.15895687	0.0	0.0	0.041756842	0.2376271	0.0	0.0	0.0	0.0	0.0	0.0	0.033626456	0.0	0.0	0.2425185	0.0	0.27499107	0.0	0.0	0.0	0.07419649	0.15381597	0.0	0.28673413	0.0	0.20461355	0.0	0.0	0.13456821	0.21771824	0.0	0.31291798	0.0	0.008153916	0.3522277	0.28879517	0.0	0.0	0.1152984	0.05475166	0.16504441	0.15025143	0.20476389	0.0	0.0	0.0	0.23249924	0.0	0.0	0.0	0.17606843	0.0	0.0014507063	0.0	0.0	0.10893917	0.0	0.0	0.0	0.012592024	0.0	0.26604816	0.0	0.3469946	0.0	0.0	0.0	0.09774924	0.07599697	0.0	0.0	0.0	0.17781909	0.0	0.0	0.0	0.092736155	0.04879598	0.0	0.0	0.42672145	0.14396262	0.0	0.0	0.1799952	0.0	0.06335254	0.0	0.0	0.078721866	0.0	0.0	0.0	0.0	0.13525094	0.32528713	0.0	0.28164753	0.0	0.26305285	0.0	0.16132875	0.238903	0.15824185	0.059338838	0.20410651	0.0	0.0	0.2475531	0.1664008	0.0	0.0	0.13236073	0.1877668	0.0	0.0	0.0
0.07658162	0.040752232	0.30659735	0.0	0.0	0.08368703	0.0	0.0	0.0	0.27271685	0.0	0.13904682	0.0	0.0	0.05515496	0.23357058	0.0	0.0041642995	0.0	0.0	0.0	0.0	0.03540543	0.0	0.0	0.27446395	0.0	0.27254453	0.0	0.0	0.0	0.07879538	0.16636159	0.0	0.2907747	0.0	0.23061995	0.0	0.0	0.12865892	0.21330236	0.0020028313	0.30478725	0.0	0.009298055	0.35700703	0.3028066	0.0	0.0	0.09399402	0.0751735	0.15108134	0.17250557	0.21858995	0.0	0.0	0.0	0.23870425	0.0	0.0	0.0	0.18009472	0.0	0.0006838304	0.0	0.0	0.08583542	0.0	0.0	0.0	0.021575542	0.0	0.2852333	0.0	0.36954722	0.0	0.0	0.0	0.0896849	0.073992975	0.0	0.0	0.0	0.17378461	0.0	0.00017878786	0.0	0.10393554	0.05371568	0.0	0.0	0.43335536	0.14052837	0.0	0.0	0.17970778	0.0	0.07437245	0.0	0.0	0.08702893	0.0	0.0	0.0	0.0	0.14236203	0.34038898	0.0	0.2686561	0.0	0.27516794	0.0	0.14986217	0.2564512	0.16480082	0.07877446	0.2097842	0.0	0.0	0.24026446	0.15958156	0.0	0.0	0.16972922	0.18970007	0.0	0.0086504	0.0
0.094322406	0.0032471486	0.30517924	0.0	0.0	0.027037045	0.0	0.0	0.0	0.25001517	0.0	0.13917829	0.0	0.0	0.032144498	0.2282077	0.0	0.0	0.0	0.0	0.0	0.0	0.030783704	0.0	0.0	0.23162432	0.0	0.2566905	0.0	0.0	0.0	0.06920023	0.14765508	0.0	0.27263653	0.0	0.1936272	0.0	0.0	0.13699314	0.20816286	0.0	0.2968817	0.0	0.005765294	0.33839282	0.2746851	0.0	0.0	0.11348841	0.043818314	0.16634233	0.15611391	0.19222856	0.0	0.0	0.0	0.21763992	0.0	0.0	0.0	0.17555983	0.0	0.0	0.0	0.0	0.10989481	0.0	0.0	0.0	0.006436462	0.0	0.26316237	0.0	0.3324281	0.0	0.0	0.0	0.0968723	0.07117459	0.0	0.0	0.0	0.16235413	0.0	0.0	0.0	0.07710413	0.043123562	0.0	0.0	0.39591742	0.1403876	0.0	0.0	0.16413741	0.0	0.057749555	0.0	0.0	0.07307996	0.0	0.0	0.0	0.0	0.1151034	0.30976826	0.0	0.28055507	0.0	0.23921478	0.0	0.14611971	0.21451926	0.14291815	0.050056443	0.19668417	0.0	0.0	0.25250766	0.15875943	0.0	0.0	0.10980985	0.17940597	0.0	0.0	0.0
0.14038192	0.0	0.3063402	0.0	0.0	0.019001447	0.0	0.0	0.0	0.28646383	0.0	0.20493662	0.0	0.0	0.031521402	0.24241416	0.0	0.0	0.0	0.0	0.0	0.0	0.023768524	0.0	0.0	0.2196316	0.0	0.29614422	0.0	0.0	0.0	0.08106681	0.14258896	0.0	0.30524793	0.0	0.18414684	0.0	0.0	0.14651825	0.23033535	0.0	0.34849194	0.0	0.0	0.34993085	0.28136882	0.0	0.0	0.14198636	0.036579516	0.18944974	0.13939859	0.21830863	0.0	0.0	0.0	0.25175047	0.0	0.0	0.0	0.18085198	0.0	0.002998193	0.0	0.0	0.1418342	0.0	0.0	0.0	0.0	0.0	0.2604791	0.0	0.35139683	0.0	0.0	0.0	0.09858354	0.06965255	0.0	0.0	0.0	0.19753575	0.0	0.0	0.0	0.08570347	0.034323085	0.0	0.0	0.4458188	0.17007774	0.0	0.0	0.18864147	0.0	0.048344705	0.0	0.0	0.079732545	0.0	0.0	0.0	0.0	0.15247644	0.3313689	0.0	0.2990981	0.0	0.26788294	0.0	0.19434899	0.25168395	0.13510871	0.05781923	0.19114834	0.0	0.0	0.24575587	0.19375205	0.0	0.0	0.11625036	0.20519549	0.0	0.0	0.0
0.14732754	0.0	0.319828	0.0	0.0	0.02112274	0.0	0.0	0.0	0.3017509	0.0	0.20314194	0.0	0.0	0.04239093	0.22954993	0.0	0.0	0.0	0.0	0.0	0.0	0.039767865	0.0	0.0	0.2361689	0.0	0.29811326	0.0	0.0	0.0	0.0966025	0.14281546	0.0	0.31360838	0.0	0.19358242	0.0	0.0	0.14983594	0.2338748	0.0	0.34709358	0.0	0.0	0.35184035	0.2967234	0.0	0.0	0.12648147	0.026116638	0.20605238	0.14139013	0.23744081	0.0	0.0	0.0	0.25486407	0.0	0.0	0.0	0.18165784	0.0	0.008109671	0.0	0.0	0.13869838	0.0	0.0	0.0	0.0	0.0	0.2718285	0.0	0.36420843	0.0	0.0	0.0	0.095350884	0.07574095	0.0	0.0	0.0	0.20606576	0.0	0.0	0.0	0.0814467	0.03532448	0.0	0.0	0.4543194	0.17582615	0.0	0.0	0.18854196	0.0	0.06180584	0.0	0.0	0.084687375	0.0	0.0	0.0	0.0	0.1636443	0.35423383	0.0	0.31098938	0.0	0.2760883	0.0	0.20411427	0.2771759	0.1262887	0.062215578	0.18659325	0.0	0.0	0.25304785	0.202617	0.0	0.0	0.115195654	0.2056979	0.0	0.0	0.0
0.13569355	0.0	0.31861594	0.0	0.0	0.020842569	0.0	0.0	0.0	0.28016102	0.0	0.18467183	0.0	0.0	0.023683667	0.23688881	0.0	0.0	0.0	0.0	0.0	0.0	0.030523054	0.0	0.0	0.23397215	0.0	0.28604937	0.0	0.0	0.0	0.08270174	0.14315872	0.0	0.29683113	0.0	0.19598658	0.0	0.0	0.1456274	0.22619303	0.0	0.33957925	0.0	0.0028254117	0.3459741	0.27930614	0.0	0.0	0.1360786	0.038119923	0.18881254	0.14906955	0.21415602	0.0	0.0	0.0	0.24499793	0.0	0.0	0.0	0.17622481	0.0	0.0013183268	0.0	0.0	0.14190838	0.0	0.0	0.0	0.0063534714	0.0	0.26432398	0.0	0.34269086	0.0	0.0	0.0	0.09542193	0.07325692	0.0	0.0	0.0	0.19538032	0.0	0.0	0.0	0.085734695	0.038848296	0.0	0.0	0.43826553	0.16015498	0.0	0.0	0.18870871	0.0	0.059680235	0.0	0.0	0.084894545	0.0	0.0	0.0	0.0	0.14214265	0.3351078	0.0	0.29622886	0.0	0.26888898	0.0	0.18673074	0.25366893	0.14292419	0.05618683	0.19015045	0.0	0.0	0.2516525	0.18774813	0.0	0.0	0.09399638	0.18932416	0.0	0.0	0.0
0.23108697	0.001758034	0.32952264	0.0	0.0	0.00982321	0.0	0.0	0.0	0.34557918	0.0	0.27103993	0.0	0.0	0.021577029	0.34377596	0.0	0.0	0.0	0.0	0.0	0.0	0.016280416	0.0	0.0	0.25670013	0.0	0.39509866	0.0	0.0	0.0	0.08516237	0.16132067	0.0	0.30916414	0.0	0.22606336	0.0	0.0	0.15225117	0.26552278	0.0	0.46868268	0.0	0.0	0.37754926	0.24238639	0.0	0.0	0.2229789	0.064347215	0.18951784	0.087608285	0.252406	0.0	0.0	0.0	0.2759386	0.0	0.0	0.0	0.1891275	0.0	0.020622687	0.0	0.0	0.23348577	0.0	0.0	0.0	0.0	0.0	0.28800842	0.0	0.35887638	0.0	0.0	0.0	0.13117546	0.08260412	0.0	0.0	0.0	0.2725893	0.0	0.0	0.0	0.18439375	0.0162943	0.0	0.0	0.57201535	0.15571977	0.0	0.0	0.22184055	0.0	0.07444622	0.0	0.0	0.0734015	0.0	0.0	0.0	0.0	0.12212997	0.4059302	0.0	0.2967414	0.0	0.39673018	0.0	0.23456621	0.2726427	0.25867298	0.11380645	0.22002722	0.0	0.0	0.23506753	0.2167268	0.0	0.0	0.12520581	0.22072989	0.0	0.0	0.0
0.14681943	0.015510167	0.31497562	0.0	0.0	0.041608647	0.0	0.0	0.0	0.30661047	0.0	0.20740849	0.0	0.0	0.034797173	0.26689348	0.0	0.0	0.0	0.0	0.0	0.0	0.024268305	0.0	0.0	0.2606118	0.0	0.3186126	0.0	0.0	0.0	0.08586893	0.15475644	0.0	0.31123897	0.0	0.21106718	0.0	0.0	0.13479514	0.24742204	0.0	0.37226793	0.0	0.0002564316	0.3701239	0.28615174	0.0	0.0	0.1507579	0.056058634	0.1814636	0.12630096	0.22393586	0.0	0.0	0.0	0.25816014	0.0	0.0	0.0	0.18856885	0.0	0.0069629066	0.0	0.0	0.14319326	0.0	0.0	0.0	0.006177239	0.0	0.27907404	0.0	0.36393544	0.0	0.0	0.0	0.110969186	0.079657264	0.0	0.0	0.0	0.21545929	0.0	0.0	0.0	0.12847586	0.02794873	0.0	0.0	0.49908808	0.16045313	0.0	0.0	0.20304604	0.0	0.06896743	0.0	0.0	0.08052523	0.0	0.0	0.0	0.0	0.15468538	0.35817182	0.0	0.2955736	0.0	0.3210672	0.0	0.19679153	0.27485391	0.18894231	0.088002734	0.21501154	0.0	0.0	0.24065882	0.19592346	0.0	0.0	0.14821184	0.2142161	0.0	0.0	0.0
0.11454526	0.0	0.30451456	0.0	0.0	0.028582806	0.0	0.0	0.0	0.28234327	0.0	0.17270817	0.0	0.0	0.03780656	0.22762762	0.0	0.0	0.0	0.0	0.0	0.0	0.026314715	0.0	0.0	0.22940825	0.0	0.27864996	0.0	0.0	0.0	0.07337002	0.14689837	0.0	0.29740524	0.0	0.19213927	0.0	0.0	0.13797145	0.21383327	0.0	0.32055163	0.0	0.0026027572	0.34848964	0.28788432	0.0	0.0	0.12974438	0.03889431	0.17667152	0.14536966	0.21117838	0.0	0.0	0.0	0.23936617	0.0	0.0	0.0	0.18011083	0.0	0.00018031274	0.0	0.0	0.11792175	0.0	0.0	0.0	0.0003581544	0.0	0.26226643	0.0	0.34913316	0.0	0.0	0.0	0.09750113	0.071935974	0.0	0.0	0.0	0.176147	0.0	0.0	0.0	0.08814006	0.04219572	0.0	0.0	0.43201506	0.15990925	0.0	0.0	0.18277085	0.0	0.05129906	0.0	0.0	0.07934422	0.0	0.0	0.0	0.0	0.14484556	0.3294179	0.0	0.28925228	0.0	0.26152465	0.0	0.17464411	0.23880057	0.13517268	0.053907495	0.20310943	0.0	0.0	0.2508255	0.16923393	0.0	0.0	0.12468783	0.19394733	0.0	0.0	0.0
0.12825218	0.0	0.30322042	0.0	0.0	0.015110861	0.0	0.0	0.0	0.273553	0.0	0.18394972	0.0	0.0	0.029000513	0.23519313	0.0	0.0	0.0	0.0	0.0	0.0	0.025741175	0.0	0.0	0.21855442	0.0	0.28402314	0.0	0.0	0.0	0.077444606	0.13984741	0.0	0.29416108	0.0	0.18589193	0.0	0.0	0.14653799	0.22127382	0.0	0.33094102	0.0	0.0	0.34147862	0.27797258	0.0	0.0	0.1360823	0.03463755	0.18486708	0.1405138	0.20654146	0.0	0.0	0.0	0.23968418	0.0	0.0	0.0	0.18152285	0.0	0.0017083287	0.0	0.0	0.13807046	0.0	0.0	0.0	0.0	0.0	0.25639513	0.0	0.34007362	0.0	0.0	0.0	0.09635127	0.07054915	0.0	0.0	0.0	0.18522052	0.0	0.0	0.0	0.08111308	0.033808306	0.0	0.0	0.43068218	0.16153483	0.0	0.0	0.17984049	0.0	0.04785483	0.0	0.0	0.07373073	0.0	0.0	0.0	0.0	0.136572	0.3234621	0.0	0.29115096	0.0	0.25530228	0.0	0.17815952	0.23864521	0.13587661	0.05448435	0.19375609	0.0	0.0	0.2513552	0.18117929	0.0	0.0	0.10487609	0.19696367	0.0	0.0	0.0
0.108256854	0.0029887725	0.30621088	0.0	0.0	0.030807296	0.0	0.0	0.0	0.2741439	0.0	0.15926711	0.0	0.0	0.043580692	0.22799014	0.0	0.0	0.0	0.0	0.0	0.0	0.02704346	0.0	0.0	0.23022926	0.0	0.27166328	0.0	0.0	0.0	0.07654639	0.1456618	0.0	0.2826657	0.0	0.19401349	0.0	0.0	0.13755053	0.21519041	0.0	0.31517926	0.0	0.0035956304	0.34208897	0.2807698	0.0	0.0	0.12265632	0.043505143	0.17567839	0.14790823	0.20412926	0.0	0.0	0.0	0.23044427	0.0	0.0	0.0	0.17394908	0.0	0.0019756816	0.0	0.0	0.114366375	0.0	0.0	0.0	0.0034126937	0.0	0.2619024	0.0	0.33727887	0.0	0.0	0.0	0.09919962	0.077321924	0.0	0.0	0.0	0.17457628	0.0	0.0	0.0	0.08519056	0.041730303	0.0	0.0	0.42372677	0.15150686	0.0	0.0	0.1695581	0.0	0.05642261	0.0	0.0	0.07450425	0.0	0.0	0.0	0.0	0.13162088	0.3258554	0.0	0.286811	0.0	0.26065907	0.0	0.16266896	0.23018603	0.14318521	0.053386945	0.2018835	0.0	0.0	0.2504601	0.16439842	0.0	0.0	0.11915594	0.1908586	0.0	0.0	0.0
0.10200801	0.021001995	0.31228235	0.0	0.0	0.04911253	0.0	0.0	0.0	0.2811257	0.0	0.15432766	0.0	0.0	0.044283155	0.22908235	0.0	0.0	0.0	0.0	0.0	0.0	0.025939995	0.0	0.0	0.25559634	0.0	0.2716322	0.0	0.0	0.0	0.08131268	0.15182608	0.0	0.28771093	0.0	0.20962004	0.0	0.0	0.13682546	0.22814459	0.0	0.32262897	0.0	0.0015334748	0.34268364	0.28749803	0.0	0.0	0.10654811	0.052847713	0.1669528	0.15582407	0.21483074	0.0	0.0	0.0	0.22403753	0.0	0.0	0.0	0.17974345	0.0	0.00792065	0.0	0.0	0.106959544	0.0	0.0	0.0	0.009158631	0.0	0.27968922	0.0	0.34688666	0.0	0.0	0.0	0.09985759	0.08248321	0.0	0.0	0.0	0.17247474	0.0	0.0	0.0	0.08840593	0.040904164	0.0	0.0	0.42959416	0.1498784	0.0	0.0	0.16913997	0.0	0.06579871	0.0	0.0	0.08430448	0.0	0.0	0.0	0.0	0.13603902	0.3431255	0.0	0.28619882	0.0	0.27192953	0.0	0.16049807	0.24690239	0.15134674	0.06748489	0.19505383	0.0	0.0	0.24638532	0.17392589	0.0	0.0	0.14613663	0.19581103	0.0	0.0	0.0
0.24479032	0.0039034535	0.33392093	0.0	0.0	0.0059182406	0.0	0.0	0.0	0.3415343	0.0	0.26279482	0.0	0.0	0.015144814	0.35860977	0.0	0.0	0.0	0.0	0.0	0.0	0.013996239	0.0	0.0	0.25629556	0.0	0.39870808	0.0	0.0	0.0	0.08472725	0.15448684	0.0	0.29194048	0.0	0.22751004	0.0	0.0	0.15407296	0.27695653	0.0	0.47525528	0.0	0.0	0.37509322	0.21449201	0.0	0.0	0.24039601	0.064591	0.1884182	0.07719957	0.2386712	0.0	0.0	0.0	0.266466	0.0	0.0	0.0	0.18880089	0.0	0.0139988875	0.0	0.0	0.2510905	0.0	0.0	0.0	0.0	0.0	0.27669653	0.0	0.3397549	0.0	0.0	0.0	0.14085318	0.0772594	0.0	0.0	0.0	0.27851048	0.0	0.0	0.0	0.19927613	0.0023269306	0.0	0.0	0.5794259	0.13915965	0.0	0.0	0.20903023	0.0	0.076308586	0.0	0.0	0.056841582	0.0	0.0	0.0	0.0	0.09061917	0.4062444	0.0	0.29350808	0.0	0.41173717	0.0	0.22196752	0.25697327	0.2938639	0.11442182	0.24286981	0.0	0.0	0.23580135	0.20313646	0.0	0.0	0.10792252	0.22111243	0.0	0.0	0.0
0.11089659	0.0	0.30054498	0.0	0.0	0.026151583	0.0	0.0	0.0	0.2627376	0.0	0.16312137	0.0	0.0	0.036768798	0.23751737	0.0	0.0	0.0	0.0	0.0	0.0	0.031702757	0.0	0.0	0.22190373	0.0	0.2732276	0.0	0.0	0.0	0.077381246	0.15024234	0.0	0.2826139	0.0	0.18916832	0.0	0.0	0.14020547	0.2087902	0.0	0.31151107	0.0	0.0020738617	0.33635533	0.2804893	0.0	0.0	0.12363291	0.042554986	0.17496361	0.14648272	0.20369208	0.0	0.0	0.0	0.22897296	0.0	0.0	0.0	0.1719472	0.0	0.0019287294	0.0	0.0	0.11762724	0.0	0.0	0.0	0.0025809158	0.0	0.2614454	0.0	0.3433764	0.0	0.0	0.0	0.093953185	0.07162697	0.0	0.0	0.0	0.17157722	0.0	0.0	0.0	0.07596292	0.040491458	0.0	0.0	0.41371107	0.15094258	0.0	0.0	0.17354888	0.0	0.055795476	0.0	0.0	0.076329224	0.0	0.0	0.0	0.0	0.12621795	0.31890616	0.0	0.27959836	0.0	0.24734946	0.0	0.1613111	0.22640477	0.13943803	0.055064484	0.19507785	0.0	0.0	0.24868447	0.1658301	0.0	0.0	0.10722816	0.1866302	0.0	0.0	0.0
0.12770633	0.0	0.29950723	0.0	0.0	0.016731601	0.0	0.0	0.0	0.26799244	0.0	0.17211895	0.0	0.0	0.031543694	0.23639496	0.0	0.0	0.0	0.0	0.0	0.0	0.023055235	0.0	0.0	0.21778496	0.0	0.2769686	0.0	0.0	0.0	0.07288637	0.14076038	0.0	0.28571713	0.0	0.1896968	0.0	0.0	0.13859731	0.2159754	0.0	0.32612604	0.0	0.0	0.3361272	0.27111724	0.0	0.0	0.1415656	0.039101638	0.17887966	0.14254862	0.20353778	0.0	0.0	0.0	0.23218709	0.0	0.0	0.0	0.17794324	0.0	0.0014198534	0.0	0.0	0.13479958	0.0	0.0	0.0	0.0	0.0	0.25717506	0.0	0.32926837	0.0	0.0	0.0	0.09178401	0.067705	0.0	0.0	0.0	0.18078184	0.0	0.0	0.0	0.08124275	0.026648695	0.0	0.0	0.41916537	0.15659456	0.0	0.0	0.1735947	0.0	0.051634595	0.0	0.0	0.070458435	0.0	0.0	0.0	0.0	0.1247761	0.3194916	0.0	0.28407168	0.0	0.2550041	0.0	0.16691995	0.22415356	0.1373987	0.053028446	0.19729502	0.0	0.0	0.24885881	0.17110056	0.0	0.0	0.10316163	0.19007069	0.0	0.0	0.0
0.12022316	0.0	0.3101566	0.0	0.0	0.02319231	0.0	0.0	0.0	0.28143153	0.0	0.18267505	0.0	0.0	0.03035278	0.22709656	0.0	0.0	0.0	0.0	0.0	0.0	0.02779164	0.0	0.0	0.23021321	0.0	0.28467828	0.0	0.0	0.0	0.08379483	0.14400862	0.0	0.29753086	0.0	0.18722582	0.0	0.0	0.14654057	0.22322305	0.0	0.33207682	0.0	0.000103673585	0.34888104	0.281361	0.0	0.0	0.123449065	0.033305414	0.18513794	0.1450354	0.2092851	0.0	0.0	0.0	0.23971426	0.0	0.0	0.0	0.17892988	0.0	0.0036718983	0.0	0.0	0.12886198	0.0	0.0	0.0	0.0	0.0	0.262405	0.0	0.34986058	0.0	0.0	0.0	0.100680254	0.07460345	0.0	0.0	0.0	0.18630277	0.0	0.0	0.0	0.08181774	0.042380366	0.0	0.0	0.433664	0.16480526	0.0	0.0	0.18193702	0.0	0.049305636	0.0	0.0	0.08342969	0.0	0.0	0.0	0.0	0.14580567	0.32787284	0.0	0.29778254	0.0	0.2609109	0.0	0.18105255	0.24518012	0.13348	0.057013884	0.19179763	0.0	0.0	0.24961318	0.18546379	0.0	0.0	0.11535617	0.1980374	0.0	0.0	0.0
0.105679594	0.017047778	0.3189369	0.0	0.0	0.043989554	0.0	0.0	0.0	0.27557456	0.0	0.16533868	0.0	0.0	0.043114368	0.2316882	0.0	0.0	0.0	0.0	0.0	0.0	0.036268976	0.0	0.0	0.2519358	0.0	0.27626714	0.0	0.0	0.0	0.08263212	0.15122516	0.0	0.2932897	0.0	0.20637126	0.0	0.0	0.13580005	0.22630115	0.0	0.31819296	0.0	0.0041940897	0.35557786	0.28916463	0.0	0.0	0.108594514	0.04760513	0.17437817	0.15755622	0.21015012	0.0	0.0	0.0	0.23722087	0.0	0.0	0.0	0.18031895	0.0	0.0026885879	0.0	0.0	0.11183152	0.0	0.0	0.0	0.012785708	0.0	0.27205062	0.0	0.35399005	0.0	0.0	0.0	0.100774705	0.08018217	0.0	0.0	0.0	0.1828332	0.0	0.0	0.0	0.089433394	0.04640436	0.0	0.0	0.43276858	0.15314265	0.0	0.0	0.17970864	0.0	0.06611623	0.0	0.0	0.08555891	0.0	0.0	0.0	0.0	0.14665169	0.3308189	0.0	0.29024673	0.0	0.26842296	0.0	0.1709408	0.25176755	0.15022753	0.06761823	0.19920087	0.0	0.0	0.24865077	0.17814302	0.0	0.0	0.13766254	0.19412382	0.0	0.0	0.0
0.092046104	0.019341275	0.31374767	0.0	0.0	0.04823805	0.0	0.0	0.0	0.28553572	0.0	0.16361678	0.0	0.0	0.051237267	0.22474468	0.0	0.0	0.0	0.0	0.0	0.0	0.030605666	0.0	0.0	0.24205418	0.0	0.27564004	0.0	0.0	0.0	0.078832574	0.14870423	0.0	0.2887353	0.0	0.19070168	0.0	0.0	0.13692962	0.21725641	0.0	0.32260978	0.0	0.0095462715	0.35392758	0.28665733	0.0	0.0	0.10339727	0.050395418	0.17289992	0.15588652	0.20773934	0.0	0.0	0.0	0.2253815	0.0	0.0	0.0	0.17281441	0.0	0.0	0.0	0.0	0.103278756	0.0	0.0	0.0	0.00771735	0.0	0.26186168	0.0	0.34823608	0.0	0.0	0.0	0.111077	0.079770714	0.0	0.0	0.0	0.17213666	0.0	0.0	0.0	0.094869494	0.059856564	0.0	0.0	0.43076548	0.15207027	0.0	0.0	0.17986895	0.0	0.055614784	0.0	0.0	0.07839222	0.0	0.0	0.0	0.0	0.141057	0.32736167	0.0	0.29600286	0.0	0.27138403	0.0	0.16443293	0.24635728	0.153947	0.06434218	0.2048286	0.0	0.0	0.2464419	0.17238696	0.0	0.0008195906	0.13581973	0.1999969	0.0	0.0	0.0
0.07275981	0.012792091	0.30706653	0.0	0.0	0.040036973	0.0	0.0	0.0	0.24703555	0.0	0.12532663	0.0	0.0	0.04612504	0.22443843	0.0	0.0	0.0	0.0	0.0	0.0	0.034514625	0.0	0.0	0.2278754	0.0	0.25072238	0.0	0.0	0.0	0.06341473	0.1531207	0.0	0.26580486	0.0	0.20226157	0.0	0.0	0.13264205	0.19577189	0.0	0.2806523	0.0	0.009072498	0.33344328	0.28027263	0.0	0.0	0.106602125	0.0521823	0.15631409	0.16643572	0.19584583	0.0	0.0	0.0	0.21569185	0.0	0.0	0.0	0.1703074	0.0	0.0	0.0	0.0	0.09354631	0.0	0.0	0.0	0.011900852	0.0	0.26472545	0.0	0.33168784	0.0	0.0	0.0	0.096285395	0.07418218	0.0	0.0	0.0	0.15028541	0.0	0.0	0.0	0.07597508	0.05935055	0.0	0.0	0.3835576	0.13482936	0.0	0.0	0.16287683	0.0	0.056850825	0.0	0.0	0.07062803	0.0	0.0	0.0	0.0	0.10946823	0.3091421	0.0	0.27642503	0.0	0.2343868	0.0	0.130264	0.20381983	0.1437517	0.04522653	0.20444803	0.0	0.0	0.2544053	0.14481463	0.0	0.0	0.118242174	0.17168732	0.0	0.0	0.0
0.08959341	0.0070245173	0.30632615	0.0	0.0	0.036697492	0.0	0.0	0.0	0.25994465	0.0	0.14475207	0.0	0.0	0.044618964	0.22834182	0.0	0.0	0.0	0.0	0.0	0.0	0.031501766	0.0	0.0	0.23210543	0.0	0.26213938	0.0	0.0	0.0	0.06929281	0.15400828	0.0	0.27589092	0.0	0.20001912	0.0	0.0	0.13248587	0.20381151	0.0	0.29581413	0.0	0.005928123	0.3439012	0.28328726	0.0	0.0	0.1146807	0.049223226	0.16355969	0.15599068	0.19793348	0.0	0.0	0.0	0.22653194	0.0	0.0	0.0	0.17087686	0.0	0.0	0.0	0.0	0.10266113	0.0	0.0	0.0	0.008831415	0.0	0.26438203	0.0	0.3391513	0.0	0.0	0.0	0.09781817	0.07462958	0.0	0.0	0.0	0.16300218	0.0	0.0	0.0	0.08375502	0.050903738	0.0	0.0	0.40856752	0.14466399	0.0	0.0	0.17130856	0.0	0.059243124	0.0	0.0	0.074467115	0.0	0.0	0.0	0.0	0.12479939	0.31622124	0.0	0.28083727	0.0	0.24897783	0.0	0.15004146	0.21941268	0.14491142	0.052993644	0.20174247	0.0	0.0	0.24982266	0.15649453	0.0	0.0	0.119344436	0.18112421	0.0	0.0	0.0
0.097790726	0.008291515	0.30782017	0.0	0.0	0.042187754	0.0	0.0	0.0	0.26909804	0.0	0.16135782	0.0	0.0	0.039839085	0.23241849	0.0	0.0	0.0	0.0	0.0	0.0	0.031862337	0.0	0.0	0.23946059	0.0	0.2710981	0.0	0.0	0.0	0.075688854	0.15173249	0.0	0.28876784	0.0	0.19941406	0.0	0.0	0.13896982	0.21733947	0.0	0.3131179	0.0	0.0059252693	0.34667006	0.2918204	0.0	0.0	0.113172375	0.048292164	0.17098315	0.1514467	0.20667528	0.0	0.0	0.0	0.23456685	0.0	0.0	0.0	0.17733122	0.0	0.0011852197	0.0	0.0	0.1095137	0.0	0.0	0.0	0.007859695	0.0	0.26528057	0.0	0.34592912	0.0	0.0	0.0	0.10023364	0.07510934	0.0	0.0	0.0	0.17263909	0.0	0.0	0.0	0.08767953	0.047777	0.0	0.0	0.42815217	0.14642732	0.0	0.0	0.17579503	0.0	0.05926977	0.0	0.0	0.07662626	0.0	0.0	0.0	0.0	0.13504227	0.3271551	0.0	0.28703436	0.0	0.26073718	0.0	0.16426803	0.24197364	0.14844285	0.058441997	0.20201258	0.0	0.0	0.25078663	0.16867055	0.0	0.0	0.12812044	0.19052756	0.0	0.0	0.0
0.084085435	0.035193834	0.309852	0.0	0.0	0.07404698	0.0	0.0	0.0	0.2618594	0.0	0.13616297	0.0	0.0	0.04646966	0.24304074	0.0	0.0	0.0	0.0	0.0	0.0	0.036196273	0.0	0.0	0.27324405	0.0	0.27357242	4.2234857e-05	0.0	0.0	0.08201795	0.16437612	0.0	0.2805709	0.0	0.2263092	0.0	0.0	0.1263142	0.21827273	0.0	0.30874208	0.0	0.0096686995	0.35369158	0.2897224	0.0	0.0	0.09998531	0.07060243	0.14908639	0.15707073	0.20677043	0.0	0.0	0.0	0.2260905	0.0	0.0	0.0	0.18329841	0.0	0.0042382665	0.0	0.0	0.098105945	0.0	0.0	0.0	0.018961392	0.0	0.28080058	0.0	0.35600874	0.0	0.0	0.0	0.09663805	0.07976174	0.0	0.0	0.0	0.17763655	0.0	0.000273445	0.0	0.11002517	0.04731621	0.0	0.0	0.4334991	0.13339755	0.0	0.0	0.1762727	0.0	0.07653222	0.0	0.0	0.08165024	0.0	0.0	0.0	0.0	0.13155645	0.335495	0.0	0.27019587	0.0	0.2791604	0.0	0.14940591	0.2495051	0.17433947	0.08284346	0.21653597	0.0	0.0	0.24662161	0.16137193	0.0	0.0008513741	0.15491675	0.18567263	0.0	0.0030788805	0.0
0.2281102	0.0	0.37098062	0.0	0.0	0.013450074	0.0	0.0	0.0	0.46893215	0.0	0.39358997	0.0	0.0	0.056893785	0.24101543	0.0	0.0	0.0	0.0	0.0	0.0	0.03779941	0.0	0.0	0.21348129	0.0	0.44591224	0.0	0.0	0.0	0.12342673	0.16350843	0.0	0.43336508	0.0	0.19001321	0.0	0.0	0.21592306	0.2847519	0.0	0.4961791	0.0	0.0	0.41303888	0.36218452	0.0	0.0	0.16739726	0.024643146	0.31164333	0.13665037	0.35795912	0.0	0.0	0.0	0.38613057	0.0	0.0	0.0	0.16885607	0.0	0.007959054	0.0	0.0	0.1833456	0.0	0.0	0.0	0.0	0.0	0.29982457	0.0	0.44950712	0.0	0.0	0.0	0.11371056	0.11292583	0.0	0.0	0.0	0.3141064	0.0	0.0	0.0	0.12552102	0.08425868	0.0	0.0	0.61823845	0.27862418	0.0	0.0	0.28162703	0.0	0.024438014	0.0	0.0	0.12576218	0.0	0.0	0.0	0.0	0.29803145	0.477859	0.0	0.41045424	0.0	0.37723613	0.0	0.35292467	0.4206706	0.100131415	0.078109175	0.16747256	0.0	0.0	0.269232	0.30021286	0.0	0.0	0.13104837	0.29997203	0.0	0.0	0.0
0.2802192	0.0	0.37777257	0.0	0.0	0.0	0.0	0.0	0.0	0.46385083	0.0	0.43838838	0.0	0.0	0.031376645	0.29124042	0.0	0.0	0.0	0.0	0.0	0.0	0.038072705	0.0	0.0	0.19749129	0.0	0.49476108	0.0	0.0	0.0	0.12639266	0.15998544	0.0	0.44551444	0.0	0.20595968	0.0	0.0	0.2493332	0.3082061	0.0	0.5393674	0.0	0.0	0.4022713	0.34892032	0.0	0.0	0.20877063	0.016902277	0.3081746	0.11955693	0.37114775	0.0	0.0	0.0	0.42432117	0.0	0.0	0.0	0.1850323	0.0	0.016033726	0.0	0.0	0.24578972	0.0	0.0	0.0	0.0	0.0	0.29707786	0.0	0.45293143	0.0	0.0	0.0	0.09536403	0.112224735	0.0	0.0	0.0	0.35588086	0.0	0.0	0.0	0.13045412	0.053406373	0.0	0.0	0.6309786	0.28543195	0.0	0.0	0.30139387	0.0	0.029795453	0.0	0.0	0.13049142	0.0	0.0	0.0	0.0	0.29738116	0.492041	0.0	0.4092723	0.0	0.38339874	0.0	0.38185668	0.44142187	0.11275062	0.09113034	0.15678476	0.0	0.0	0.26439753	0.3185421	0.0	0.0	0.11925884	0.29980996	0.0	0.0	0.0
0.14988022	0.0	0.3104806	0.0	0.0	0.014753657	0.0	0.0	0.0	0.31993663	0.0	0.24536914	0.0	0.0	0.038711477	0.21531689	0.0	0.0	0.0	0.0	0.0	0.0	0.032691363	0.0	0.0	0.21320622	0.0	0.31772065	0.0	0.0	0.0	0.08721489	0.14251228	0.0	0.34529743	0.0	0.18181193	0.0	0.0	0.1577295	0.22308509	0.0	0.35145155	0.0	0.0	0.36152032	0.31002578	0.0	0.0	0.13917255	0.030165108	0.21856488	0.14685665	0.24870963	0.0	0.0	0.0	0.28824982	0.0	0.0	0.0	0.18070798	0.0	0.005697664	0.0	0.0	0.13765298	0.0	0.0	0.0	0.0	0.0	0.26542616	0.0	0.38315758	0.0	0.0	0.0	0.08697935	0.07598984	0.0	0.0	0.0	0.21068998	0.0	0.0	0.0	0.073187634	0.057263225	0.0	0.0	0.46609163	0.20987739	0.0	0.0	0.2102838	0.0	0.037039977	0.0	0.0	0.09697128	0.0	0.0	0.0	0.0	0.20374309	0.35466623	0.0	0.32000726	0.0	0.26399398	0.0	0.22862048	0.2842666	0.096283376	0.043679286	0.17244972	0.0	0.0	0.2510175	0.21016212	0.0	0.0	0.1262254	0.22736354	0.0	0.0	0.0
0.19540219	0.0	0.3298048	0.0	0.0	0.0	0.0	0.0	0.0	0.35735655	0.0	0.30087528	0.0	0.0	0.038997363	0.23587827	0.0	0.0	0.0	0.0	0.0	0.0	0.031488087	0.0	0.0	0.19321199	0.0	0.37001482	0.0	0.0	0.0	0.103398204	0.14607352	0.0	0.37055483	0.0	0.18800916	0.0	0.0	0.18614759	0.24741422	0.0	0.40425944	0.0	0.0	0.37827727	0.31502616	0.0	0.0	0.16312677	0.03607129	0.25589782	0.14636768	0.2868441	0.0	0.0	0.0	0.33496246	0.0	0.0	0.0	0.16908328	0.0	0.012104987	0.0	0.0	0.16842832	0.0	0.0	0.0	0.0	0.0	0.2720519	0.0	0.4000256	0.0	0.0	0.0	0.07041278	0.09174743	0.0	0.0	0.0	0.25458494	0.0	0.0	0.0	0.080949984	0.053839672	0.0	0.0	0.4967512	0.23783696	0.0	0.0	0.23935066	0.0	0.025162494	0.0	0.0	0.112384714	0.0	0.0	0.0	0.0	0.23424757	0.39374146	0.0	0.34992436	0.0	0.28744233	0.0	0.27292442	0.32591745	0.076453276	0.05267483	0.15059276	0.0	0.0	0.25732136	0.24703014	0.0	0.0	0.11136127	0.24918751	0.0	0.0	0.0
0.19514255	0.0	0.33781162	0.0	0.0	0.017038265	0.0	0.0	0.0	0.38224077	0.0	0.33478078	0.0	0.0	0.04393439	0.21914637	0.0	0.0	0.0	0.0	0.0	0.0	0.04349932	0.0	0.0	0.19838591	0.0	0.37731826	0.0	0.0	0.0	0.10071283	0.14629762	0.0	0.4105823	0.0	0.19110495	0.0	0.0	0.20145805	0.25343528	0.0	0.40252373	0.0	0.0	0.37785533	0.35668492	0.0	0.0	0.15584646	0.03128757	0.26055232	0.1590358	0.31332338	0.0	0.0	0.0	0.36425796	0.0	0.0	0.0	0.17565362	0.0	0.00680732	0.0	0.0	0.16695969	0.0	0.0	0.0	0.0	0.0	0.28038892	0.0	0.43115786	0.0	0.0	0.0	0.07635213	0.09829912	0.0	0.0	0.0	0.27611342	0.0	0.0	0.0	0.07106428	0.08124755	0.0	0.0	0.51449674	0.25978985	0.0	0.0	0.26069158	0.0	0.031463515	0.0	0.0	0.12395626	0.0	0.0	0.0	0.0	0.29341677	0.4017795	0.0	0.37085488	0.0	0.29523322	0.0	0.3082875	0.3666261	0.067295656	0.04922669	0.14417173	0.0	0.0	0.2583635	0.26799706	0.0	0.0	0.13141374	0.26032546	0.0	0.0	0.0
0.18883145	0.0	0.33889055	0.0	0.0	0.02201595	0.0	0.0	0.0	0.39745367	0.0	0.31922802	0.0	0.0	0.051716696	0.2208308	0.0	0.0	0.0	0.0	0.0	0.0	0.03639525	0.0	0.0	0.2179727	0.0	0.3766079	0.0	0.0	0.0	0.104604386	0.15576273	0.0	0.38399327	0.0	0.18471342	0.0	0.0	0.18393731	0.2553796	0.0	0.41852582	0.0	0.0	0.38564953	0.34028292	0.0	0.0	0.15351596	0.025665618	0.2688872	0.14291833	0.3053061	0.0	0.0	0.0	0.33161584	0.0	0.0	0.0	0.17227502	0.0	0.0077972286	0.0	0.0	0.15753634	0.0	0.0	0.0	0.0	0.0	0.28634772	0.0	0.4241263	0.0	0.0	0.0	0.09465828	0.09115531	0.0	0.0	0.0	0.25981817	0.0	0.0	0.0	0.09901928	0.06902135	0.0	0.0	0.53704256	0.2397473	0.0	0.0	0.24190354	0.0	0.035972957	0.0	0.0	0.11409712	0.0	0.0	0.0	0.0	0.26204026	0.41060576	0.0	0.37154815	0.0	0.31933472	0.0	0.28585777	0.35852167	0.09478486	0.06890346	0.17100559	0.0	0.0	0.25944972	0.26752618	0.0	0.0	0.13284086	0.26420054	0.0	0.0	0.0
0.21672726	0.0	0.33638754	0.0	0.0	0.0	0.0	0.0	0.0	0.3911409	0.0	0.32404932	0.0	0.0	0.039760575	0.22722448	0.0	0.0	0.0	0.0	0.0	0.0	0.016889352	0.0	0.0	0.18237208	0.0	0.3798659	0.0	0.0	0.0	0.09206489	0.14963047	0.0	0.39243993	0.0	0.18373168	0.0	0.0	0.19881427	0.24760848	0.0	0.4235784	0.0	0.0	0.37850273	0.31245473	0.0	0.0	0.17320208	0.018706659	0.27216414	0.14690645	0.29338172	0.0	0.0	0.0	0.35367966	0.0	0.0	0.0	0.17220418	0.0	0.0063635358	0.0	0.0	0.18076737	0.0	0.0	0.0	0.0	0.0	0.2804214	0.0	0.39681813	0.0	0.0	0.0	0.07818942	0.091944255	0.0	0.0	0.0	0.2576022	0.0	0.0	0.0	0.0755716	0.056098823	0.0	0.0	0.51140314	0.26495707	0.0	0.0	0.24165408	0.0	0.017662251	0.0	0.0	0.11916161	0.0	0.0	0.0	0.0	0.23930095	0.4073316	0.0	0.36474368	0.0	0.29411194	0.0	0.29631034	0.33463106	0.06987597	0.058284808	0.14455135	0.0	0.0	0.23700817	0.25388142	0.0	0.0	0.09957877	0.26233643	0.0	0.0	0.0
0.18660699	0.0	0.33704028	0.0	0.0	0.0	0.006033165	0.0	0.0	0.3843976	0.0	0.30363655	0.0	0.0	0.04918347	0.21571939	0.0	0.0	0.0	0.0	0.0	0.0	0.027967704	0.0	0.0	0.19971615	0.0	0.37427557	0.0	0.0	0.0	0.097517274	0.15045536	0.0	0.38008127	0.0	0.1912654	0.0	0.0	0.18613124	0.24330188	0.0	0.4062369	0.0	0.0	0.37827006	0.32401064	0.0	0.0	0.16687281	0.041058764	0.2623324	0.15365662	0.29634047	0.0	0.0	0.0	0.3451189	0.0	0.0	0.0	0.17645778	0.0	0.010039731	0.0	0.0	0.16522372	0.0	0.0	0.0	0.0	0.0	0.28483608	0.0	0.40674534	0.0	0.0	0.0	0.08705511	0.09426975	0.0	0.0	0.0	0.2565607	0.0	0.0	0.0	0.08306482	0.07101932	0.0	0.0	0.5159605	0.24929373	0.0	0.0	0.24629019	0.0	0.024601892	0.0	0.0	0.12406724	0.0	0.0	0.0	0.0	0.25007224	0.40493414	0.0	0.3589078	0.0	0.29703245	0.0	0.2838575	0.32874757	0.07681256	0.05142802	0.15909834	0.0	0.0	0.2561755	0.24595904	0.0	0.0	0.110336006	0.25572523	0.0	0.0	0.0
0.23815744	0.0	0.35385957	0.0	0.0	0.0086731175	0.0	0.0	0.0	0.41998526	0.0	0.39791152	0.0	0.0	0.044675916	0.25781056	0.0	0.0	0.0	0.0	0.0	0.0	0.04015096	0.0	0.0	0.2014452	0.0	0.44211212	0.0	0.0	0.0	0.11067239	0.15655954	0.0	0.4297556	0.0	0.19705856	0.0	0.0	0.21784191	0.2764401	0.0	0.47787252	0.0	0.0	0.3914462	0.35612842	0.0	0.0	0.18752311	0.027466664	0.28530827	0.13136789	0.34639487	0.0	0.0	0.0	0.39641306	0.0	0.0	0.0	0.1919915	0.0	0.01419469	0.0	0.0	0.208688	0.0	0.0	0.0	0.0	0.0	0.29496223	0.0	0.4559865	0.0	0.0	0.0	0.07895634	0.09563878	0.0	0.0	0.0	0.31132528	0.0	0.0	0.0	0.10742584	0.06639504	0.0	0.0	0.57710487	0.26972544	0.0	0.0	0.28247628	0.0	0.03571847	0.0	0.0	0.1311455	0.0	0.0	0.0	0.0	0.30033487	0.44683623	0.0	0.37941742	0.0	0.3339902	0.0	0.3472754	0.41069078	0.08599312	0.067657135	0.15226416	0.0	0.0	0.25663725	0.29888326	0.0	0.0	0.14313106	0.27687457	0.0	0.0	0.0
0.23294002	0.0	0.3594894	0.0	0.0	0.0	0.0	0.0	0.0	0.43155506	0.0	0.37523627	0.0	0.0	0.038455773	0.24739258	0.0	0.0	0.0	0.0	0.0	0.0	0.034094308	0.0	0.0	0.19792022	0.0	0.44000176	0.0	0.0	0.0	0.11137719	0.15650155	0.0	0.42438743	0.0	0.18922289	0.0	0.0	0.21552606	0.27645114	0.0	0.4750084	0.0	0.0	0.40984574	0.33386266	0.0	0.0	0.17918181	0.030540606	0.3001882	0.13743164	0.34245166	0.0	0.0	0.0	0.39391232	0.0	0.0	0.0	0.17825635	0.0	0.010598485	0.0	0.0	0.19166715	0.0	0.0	0.0	0.0	0.0	0.2893497	0.0	0.43850937	0.0	0.0	0.0	0.09003055	0.10911304	0.0	0.0	0.0	0.30931434	0.0	0.0	0.0	0.10758536	0.0651825	0.0	0.0	0.5785348	0.27676675	0.0	0.0	0.27610257	0.0	0.021278987	0.0	0.0	0.13383222	0.0	0.0	0.0	0.0	0.29007304	0.45641866	0.0	0.39929518	0.0	0.34282318	0.0	0.34015727	0.39148358	0.07931059	0.06528286	0.15097666	0.0	0.0	0.2617723	0.28890964	0.0	0.0	0.11718917	0.28743458	0.0	0.0	0.0
0.17039652	0.0	0.31526995	0.0	0.0	0.012172185	0.0	0.0	0.0	0.34345612	0.0	0.27161542	0.0	0.0	0.03578478	0.21874636	0.0	0.0	0.0	0.0	0.0	0.0	0.031425428	0.0	0.0	0.1961505	0.0	0.34055814	0.0	0.0	0.0	0.09817245	0.13861853	0.0	0.3555322	0.0	0.16840665	0.0	0.0	0.18299632	0.23008369	0.0	0.38360676	0.0	0.0	0.36192596	0.30662605	0.0	0.0	0.14112505	0.022123389	0.23393153	0.1416446	0.265339	0.0	0.0	0.0	0.29845354	0.0	0.0	0.0	0.17013378	0.0	0.0031829786	0.0	0.0	0.1541081	0.0	0.0	0.0	0.0	0.0	0.2577839	0.0	0.37981865	0.0	0.0	0.0	0.07958066	0.08727044	0.0	0.0	0.0	0.23562466	0.0	0.0	0.0	0.07231945	0.05787592	0.0	0.0	0.47174272	0.22255854	0.0	0.0	0.22317852	0.0	0.02515544	0.0	0.0	0.09979856	0.0	0.0	0.0	0.0	0.21492726	0.36566427	0.0	0.3409804	0.0	0.27733946	0.0	0.2503683	0.30460998	0.08418582	0.04416357	0.16540082	0.0	0.0	0.2508381	0.22884333	0.0	0.0	0.11124158	0.23855813	0.0	0.0	0.0
0.25778845	0.0	0.3663783	0.0	0.0	0.0	0.0	0.0	0.0	0.44042596	0.0	0.41062322	0.0	0.0	0.041855205	0.25831267	0.0	0.0	0.0	0.0	0.0	0.0	0.041813448	0.0	0.0	0.20503868	0.0	0.45335254	0.0	0.0	0.0	0.11987788	0.16281356	0.0	0.45707273	0.0	0.2063862	0.0	0.0	0.2401647	0.28257462	0.0	0.47950926	0.0	0.0	0.3928659	0.35957924	0.0	0.0	0.18484487	0.025228685	0.30546126	0.13934769	0.35648808	0.0	0.0	0.0	0.43488994	0.0	0.0	0.0	0.18633856	0.0	0.016498713	0.0	0.0	0.21915863	0.0	0.0	0.0	0.0	0.0	0.29922378	0.0	0.4602823	0.0	0.0	0.0	0.072209984	0.110235535	0.0	0.0	0.0	0.33486834	0.0	0.0	0.0	0.096823655	0.07011014	0.0	0.0	0.58699346	0.28953445	0.0	0.0	0.2877338	0.0	0.032665785	0.0	0.0	0.14530209	0.0	0.0	0.0	0.0	0.31993878	0.4644538	0.0	0.40532246	0.0	0.34147528	0.0	0.37091765	0.43195853	0.07878577	0.07222899	0.13234732	0.0	0.0	0.25293446	0.31469545	0.0	0.0	0.1313095	0.29444346	0.0	0.0	0.0
0.21593328	0.0	0.35528508	0.0	0.0	0.0	0.0	0.0	0.0	0.41493022	0.0	0.32693928	0.0	0.0	0.04845029	0.21102004	0.0	0.0	0.0	0.0	0.0	0.0	0.018009065	0.0	0.0	0.18813653	0.0	0.38851234	0.0	0.0	0.0	0.10166373	0.14781313	0.0	0.39666918	0.0	0.1920793	0.0	0.0	0.20210242	0.26464894	0.0	0.43608177	0.0	0.0	0.38211942	0.32401273	0.0	0.0	0.17684837	0.022152469	0.2921725	0.15658315	0.31432	0.0	0.0	0.0	0.36221018	0.0	0.0	0.0	0.17358947	0.0	0.0038074441	0.0	0.0	0.17836213	0.0	0.0	0.0	0.0	0.0	0.28811464	0.0	0.3983661	0.0	0.0	0.0	0.08341085	0.09428226	0.0	0.0	0.0	0.27308655	0.0	0.0	0.0	0.084773295	0.0655394	0.0	0.0	0.52790046	0.26666155	0.0	0.0	0.24714257	0.0	0.018048573	0.0	0.0	0.122747414	0.0	0.0	0.0	0.0	0.25128445	0.4269391	0.0	0.38606086	0.0	0.31186286	0.0	0.30322123	0.3532071	0.0662902	0.056049753	0.15799995	0.0	0.0	0.25646195	0.26582077	0.0	0.0	0.08490921	0.26725814	0.0	0.0	0.0
0.20929289	0.0	0.33371973	0.0	0.0	0.004812369	0.0	0.0	0.0	0.3742975	0.0	0.3576537	0.007922669	0.0	0.04461172	0.2273132	0.0	0.0	0.0	0.0	0.0	0.0	0.039089713	0.0	0.0	0.15941596	0.0	0.39947212	0.0	0.0	0.0	0.11091412	0.13406844	0.0	0.4159646	0.0	0.18009667	0.0	0.0	0.2222705	0.25503698	0.0	0.41751456	0.0	0.0	0.37170532	0.3517816	0.0	0.0	0.16360465	0.020207563	0.26865694	0.15233497	0.30959985	0.0	0.0	0.0	0.38709283	0.0	0.0	0.0	0.17885989	0.0	0.0043477253	0.0	0.0	0.17802466	0.0	0.0	0.0	0.0	0.0	0.26692334	0.0	0.4249599	0.0	0.0	0.0	0.043729495	0.10362655	0.0	0.0	0.0	0.27994767	0.0	0.0	0.0	0.04966314	0.09159908	0.0	0.0	0.49673948	0.271032	0.0	0.0	0.26939866	0.0	0.015265373	0.0	0.0	0.13159215	0.0	0.0	0.0	0.0	0.29307318	0.39180145	0.0	0.35594073	0.0	0.26157582	0.0	0.31775704	0.3752366	0.04415657	0.030858532	0.11869905	0.0	0.0	0.25269613	0.27178547	0.0	0.0	0.13702595	0.26280078	0.0	0.0	0.0
0.19284165	0.0	0.35935882	0.0	0.0	0.012687094	0.0	0.0	0.0	0.40379414	0.0	0.35787097	0.0047735977	0.0	0.04174484	0.22252412	0.0	0.0	0.0	0.0	0.0	0.0	0.044414014	0.0	0.0	0.20672387	0.0	0.40943456	0.0	0.0	0.0	0.12804781	0.15694882	0.0	0.41221404	0.0	0.18652362	0.0	0.0	0.21054769	0.27330098	0.0	0.44797418	0.0	0.0	0.3927741	0.3625803	0.0	0.0	0.12824729	0.022706905	0.2858102	0.15398838	0.3305248	0.0	0.0	0.0	0.3620101	0.0	0.0	0.0	0.17925535	0.0	0.019681914	0.0	0.0	0.16819493	0.0	0.0	0.0	0.0	0.0	0.290073	0.0	0.44033048	0.0	0.0	0.0	0.09349692	0.10267802	0.0	0.0	0.0	0.2782156	0.0	0.0	0.0	0.07104219	0.09203425	0.0	0.0	0.549384	0.26756215	0.0	0.0	0.26885325	0.0	0.024954228	0.0	0.0	0.13214321	0.0	0.0	0.0	0.0	0.28665176	0.43692684	0.0	0.37971875	0.0	0.3065801	0.0	0.32162791	0.3986639	0.06011771	0.06600972	0.13201721	0.0	0.0	0.26606002	0.29479164	0.0	0.0	0.13432743	0.271201	0.0	0.0	0.0
0.18566997	0.0	0.33098686	0.0	0.0	0.009717523	0.0	0.0	0.0	0.37651253	0.0	0.31165174	0.0020277028	0.0	0.051504944	0.2027386	0.0	0.0	0.0	0.0	0.0	0.0	0.03526096	0.0	0.0	0.18652064	0.0	0.37004176	0.0	0.0	0.0	0.10749499	0.14155619	0.0	0.38832584	0.0	0.17533183	0.0	0.0	0.19402874	0.24530669	0.0	0.3937931	0.0	6.293878e-05	0.37900153	0.34104192	0.0	0.0	0.14147304	0.02106378	0.26804683	0.15955603	0.3068029	0.0	0.0	0.0	0.34679246	0.0	0.0	0.0	0.17393045	0.0	0.005188763	0.0	0.0	0.14778863	0.0	0.0	0.0	0.0	0.0	0.2756311	0.0	0.42138422	0.0	0.0	0.0	0.067943975	0.09335139	0.0	0.0	0.0	0.25862157	0.0	0.0	0.0	0.058415517	0.08393992	0.0	0.0	0.48965546	0.25452846	0.0	0.0	0.2446167	0.0	0.020726286	0.0	0.0	0.12399881	0.0	0.0	0.0	0.0	0.27396393	0.3950123	0.0	0.36263052	0.0	0.27603462	0.0	0.29126367	0.347598	0.04474174	0.03961054	0.14595468	0.0	0.0	0.26057178	0.25775978	0.0	0.0	0.1299678	0.25724816	0.0	0.0	0.0
0.20785081	0.0	0.36267397	0.0	0.0	0.031631704	0.0	0.0	0.0	0.41011682	0.0	0.3628738	0.0017456696	0.0	0.057031002	0.23103845	0.0	0.0	0.0	0.0	0.0	0.0	0.05244091	0.0	0.0	0.2190245	0.0	0.4200945	0.0	0.0	0.0	0.12431397	0.15663207	0.0	0.43248892	0.0	0.20874149	0.0	0.0	0.21369708	0.28281283	0.0	0.44831514	0.0	0.0	0.3916684	0.36780223	0.0	0.0	0.15148799	0.028916007	0.28281334	0.1528724	0.34461474	0.0	0.0	0.0	0.38329443	0.0	0.0	0.0	0.18562205	0.0	0.012210514	0.0	0.0	0.17412679	0.0	0.0	0.0	0.0057471446	0.0	0.30402496	0.0	0.4605051	0.0	0.0	0.0	0.08039271	0.112128936	0.0	0.0	0.0	0.3132513	0.0	0.0	0.0	0.08916193	0.08331713	0.0	0.0	0.56018764	0.26510173	0.0	0.0	0.27298847	0.0	0.043684546	0.0	0.0	0.13466795	0.0	0.0	0.0	0.0	0.31105396	0.44429126	0.0	0.38658404	0.0	0.3194712	0.0	0.3307275	0.422047	0.07285392	0.06575629	0.15059918	0.0	0.0	0.2660046	0.29644656	0.0	0.0	0.16195618	0.27391577	0.0	0.0	0.0
0.1994161	0.0	0.33328286	0.0	0.0	0.0	0.0	0.0	0.0	0.3799989	0.0	0.3008155	0.0	0.0	0.03669635	0.22526626	0.0	0.0	0.0	0.0	0.0	0.0	0.025895894	0.0	0.0	0.19435035	0.0	0.38131723	0.0	0.0	0.0	0.10199683	0.14661634	0.0	0.37846148	0.0	0.19158046	0.0	0.0	0.19361044	0.24821563	0.0	0.41081607	0.0	0.0	0.3794787	0.3137999	0.0	0.0	0.1620804	0.034857336	0.2636014	0.14614536	0.3006101	0.0	0.0	0.0	0.34493318	0.0	0.0	0.0	0.17230742	0.0	0.007376112	0.0	0.0	0.16684063	0.0	0.0	0.0	0.0	0.0	0.27938685	0.0	0.39763168	0.0	0.0	0.0	0.07402354	0.09622117	0.0	0.0	0.0	0.26067558	0.0	0.0	0.0	0.07926176	0.05737016	0.0	0.0	0.5073438	0.2549142	0.0	0.0	0.2418897	0.0	0.023164317	0.0	0.0	0.11662694	0.0	0.0	0.0	0.0	0.24277054	0.41141438	0.0	0.36546567	0.0	0.30224422	0.0	0.28350183	0.32499468	0.07068696	0.052895978	0.15757908	0.0	0.0	0.25734904	0.24850048	0.0	0.0	0.11064605	0.25964049	0.0	0.0	0.0
0.20900857	0.0	0.3774418	0.0	0.0	0.024245778	0.0	0.0	0.0	0.4298838	0.0	0.37352955	0.0075965133	0.0	0.04536265	0.2383858	0.0	0.0	0.0	0.0	0.0	0.0	0.058379572	0.0	0.0	0.23950107	0.0	0.42018834	0.0	0.0	0.0	0.13206266	0.16882084	0.0	0.42357877	0.0	0.19996734	0.0	0.0	0.21017723	0.2945039	0.0	0.47178853	0.0	0.0	0.38833857	0.38293472	0.0	0.0	0.13551302	0.038217153	0.2924217	0.1381505	0.3622298	0.0	0.0	0.0	0.3663254	0.0	0.0	0.0	0.19051456	0.0	0.02940881	0.0	0.0	0.17692153	0.0	0.0	0.0	0.0011113608	0.0	0.32385033	0.0	0.45346215	0.0	0.0	0.0	0.10252652	0.11350886	0.0	0.0	0.0	0.30625215	0.0	0.0	0.0	0.09855765	0.08435119	0.0	0.0	0.58375144	0.26768395	0.0	0.0	0.27123204	0.0	0.040884454	0.0	0.0	0.13955097	0.0	0.0	0.0	0.0	0.31239507	0.4767277	0.0	0.39696154	0.0	0.34152865	0.0	0.34667632	0.43389264	0.076915324	0.08636399	0.13105889	0.0	0.0	0.2812914	0.31533054	0.0	0.0	0.16886966	0.2765448	0.0	0.0	0.0
0.22551386	0.0	0.373886	0.0	0.0	0.019783728	0.0	0.0	0.0	0.4645534	0.0	0.42220458	0.0	0.0	0.054983392	0.23034956	0.0	0.0	0.0	0.0	0.0	0.0	0.049857695	0.0	0.0	0.21695983	0.0	0.4549092	0.0	0.0	0.0	0.12260467	0.17034078	0.0	0.46560773	0.0	0.19362052	0.0	0.0	0.22056186	0.285982	0.0	0.48450652	0.0	0.0	0.41758308	0.3968035	0.0	0.0	0.16451062	0.029073529	0.3185595	0.14748175	0.37828913	0.0	0.0	0.0	0.41714337	0.0	0.0	0.0	0.17624581	0.0	0.011617061	0.0	0.0	0.17713754	0.0	0.0	0.0	0.0	0.0	0.30985972	0.0	0.48982826	0.0	0.0	0.0	0.09633722	0.10431164	0.0	0.0	0.0	0.32365608	0.0	0.0	0.0	0.11031518	0.10133281	0.0	0.0	0.6144674	0.29768136	0.0	0.0	0.30247626	0.0	0.032984585	0.0	0.0	0.14958777	0.0	0.0	0.0	0.0	0.35500157	0.4782295	0.0	0.42100897	0.0	0.3557763	0.0	0.37679744	0.4591936	0.063355684	0.077446416	0.14947127	0.0	0.0	0.26753178	0.3211911	0.0	0.0	0.15635486	0.3014417	0.0	0.0	0.0
0.17875677	0.0	0.3039642	0.0	0.0	0.0040761176	0.0	0.0	0.0	0.3238499	0.0	0.25766262	0.0	0.0	0.033367764	0.23789327	0.0	0.0	0.0	0.0	0.0	0.0	0.0117873065	0.0	0.0	0.18996704	0.0	0.3282031	0.0	0.0	0.0	0.07562296	0.13777748	0.0	0.32359603	0.0	0.17368488	0.0	0.0	0.15744399	0.2173918	0.0	0.37813553	0.0	0.0	0.35585582	0.27876803	0.0	0.0	0.17281158	0.035011623	0.2091697	0.13166748	0.24174051	0.0	0.0	0.0	0.27662262	0.0	0.0	0.0	0.17069201	0.0	0.0038507432	0.0	0.0	0.16888414	0.0	0.0	0.0	0.0	0.0	0.25401667	0.0	0.36121914	0.0	0.0	0.0	0.08270341	0.06477695	0.0	0.0	0.0	0.21587153	0.0	0.0	0.0	0.08537074	0.033815447	0.0	0.0	0.46302888	0.20444544	0.0	0.0	0.2088836	0.0	0.032504298	0.0	0.0	0.085629724	0.0	0.0	0.0	0.0	0.17686534	0.34720647	0.0	0.31094724	0.0	0.27662504	0.0	0.2225805	0.2576712	0.11747844	0.04026636	0.17658591	0.0	0.0	0.23804533	0.20739008	0.0	0.0	0.10537374	0.22224893	0.0	0.0	0.0
0.18565619	0.0	0.3336973	0.0	0.0	0.023106731	0.0	0.0	0.0	0.39395013	0.0	0.31444228	0.0	0.0	0.059937656	0.21707134	0.0	0.0	0.0	0.0	0.0	0.0	0.032991976	0.0	0.0	0.21209596	0.0	0.37168542	0.0	0.0	0.0	0.100219965	0.15434627	0.0	0.38850656	0.0	0.18477137	0.0	0.0	0.18123448	0.2515209	0.0	0.40321782	0.0	0.0	0.38537106	0.3453659	0.0	0.0	0.15219276	0.028746752	0.26241276	0.14490236	0.30924836	0.0	0.0	0.0	0.3374358	0.0	0.0	0.0	0.17367566	0.0	0.0031244494	0.0	0.0	0.14573462	0.0	0.0	0.0	0.0	0.0	0.28724644	0.0	0.4281335	0.0	0.0	0.0	0.08230107	0.08426187	0.0	0.0	0.0	0.25752544	0.0	0.0	0.0	0.08965548	0.07242593	0.0	0.0	0.52859163	0.24190855	0.0	0.0	0.23963289	0.0	0.034443844	0.0	0.0	0.11374229	0.0	0.0	0.0	0.0	0.26999506	0.40881586	0.0	0.36635423	0.0	0.3148161	0.0	0.28713036	0.35765004	0.084727466	0.058973104	0.17180538	0.0	0.0	0.2538234	0.25864223	0.0	0.0	0.13626488	0.2635438	0.0	0.0	0.0
0.21541595	0.0	0.3702357	0.0	0.0	0.025499204	0.0	0.0	0.0	0.44600737	0.0	0.37625036	0.00037913336	0.0	0.05664439	0.23261838	0.0	0.0	0.0	0.0	0.0	0.0	0.04700725	0.0	0.0	0.21969749	0.0	0.43641186	0.0	0.0	0.0	0.12871875	0.15873297	0.0	0.4357842	0.0	0.19597197	0.0	0.0	0.21896343	0.28750685	0.0	0.47853374	0.0	0.0	0.41092905	0.36191884	0.0	0.0	0.15646331	0.02707762	0.30550486	0.14417972	0.35887337	0.0	0.0	0.0	0.38165173	0.0	0.0	0.0	0.1712668	0.0	0.00705166	0.0	0.0	0.17334007	0.0	0.0	0.0	0.0	0.0	0.3007547	0.0	0.457974	0.0	0.0	0.0	0.096534885	0.11158105	0.0	0.0	0.0	0.31902954	0.0	0.0	0.0	0.114185035	0.08575412	0.0	0.0	0.59409666	0.27300355	0.0	0.0	0.28091034	0.0	0.03234182	0.0	0.0	0.1339799	0.0	0.0	0.0	0.0	0.30551302	0.46559203	0.0	0.40858126	0.0	0.35714296	0.0	0.34353343	0.42889154	0.08573643	0.07792986	0.16132471	0.0	0.0	0.2727212	0.29799375	0.0	0.0	0.14952105	0.29338694	0.0	0.0	0.0
0.2130573	0.0	0.3592349	0.0	0.0	0.028254122	0.0	0.0	0.0	0.41901675	0.0	0.37351	0.003847232	0.0	0.049280148	0.24249442	0.0	0.0	0.0	0.0	0.0	0.0	0.05227193	0.0	0.0	0.21625377	0.0	0.43047014	0.0	0.0	0.0	0.127384	0.15364283	0.0	0.4375951	0.0	0.1999389	0.0	0.0	0.2259231	0.28828153	0.0	0.46505246	0.0	0.0	0.3957142	0.37038255	0.0	0.0	0.15528895	0.02870442	0.28658032	0.14206429	0.3457836	0.0	0.0	0.0	0.38829628	0.0	0.0	0.0	0.18567562	0.0	0.006898895	0.0	0.0	0.17767335	0.0	0.0	0.0	0.0	0.0	0.29520515	0.0	0.46242508	0.0	0.0	0.0	0.07829479	0.109167725	0.0	0.0	0.0	0.31883126	0.0	0.0	0.0	0.10187375	0.081477046	0.0	0.0	0.5756345	0.2626352	0.0	0.0	0.27769092	0.0	0.038565412	0.0	0.0	0.13403349	0.0	0.0	0.0	0.0	0.3069137	0.44688532	0.0	0.38822845	0.0	0.33406428	0.0	0.33863345	0.42826304	0.08125351	0.074580215	0.15600024	0.0	0.0	0.26671973	0.2941219	0.0	0.0	0.15616955	0.2833993	0.0	0.0	0.0
0.19630368	0.0	0.3236893	0.0	0.0	0.0	0.0	0.0	0.0	0.3708801	0.0	0.30128607	0.0	0.0	0.03893663	0.22508766	0.0	0.0	0.0	0.0	0.0	0.0	0.01613838	0.0	0.0	0.19513161	0.0	0.36315277	0.0	0.0	0.0	0.09059971	0.1520315	0.0	0.38312697	0.0	0.1883352	0.0	0.0	0.18787067	0.23728852	0.0	0.4037913	0.0	0.0	0.37163198	0.31174102	0.0	0.0	0.17073478	0.024374688	0.25130785	0.14995702	0.2867932	0.0	0.0	0.0	0.34247196	0.0	0.0	0.0	0.17607932	0.0	0.007344179	0.0	0.0	0.1706506	0.0	0.0	0.0	0.0	0.0	0.27990428	0.0	0.40430567	0.0	0.0	0.0	0.0705539	0.083425224	0.0	0.0	0.0	0.24423613	0.0	0.0	0.0	0.0765183	0.05144766	0.0	0.0	0.49512076	0.25213835	0.0	0.0	0.23965295	0.0	0.021436444	0.0	0.0	0.121748604	0.0	0.0	0.0	0.0	0.23529494	0.3923448	0.0	0.35369062	0.0	0.28750983	0.0	0.27754268	0.3175049	0.07100885	0.056757558	0.1529923	0.0	0.0	0.23708576	0.24114494	0.0	0.0	0.10638517	0.24934085	0.0	0.0	0.0
0.134377	0.0	0.33855596	0.0	0.0	0.04710884	0.0	0.0	0.0	0.33738947	0.0	0.268731	0.008800723	0.0	0.0540522	0.2224489	0.0	0.0	0.0	0.0	0.0	0.0	0.0452397	0.0	0.0	0.22847788	0.0	0.33146223	0.0	0.0	0.0	0.10591545	0.14750342	0.0	0.36684665	0.0	0.1896979	0.0	0.0	0.17148632	0.25712588	0.0	0.38064107	0.0	0.0022325516	0.36896792	0.34315708	0.0	0.0	0.11825538	0.035104677	0.22235905	0.15729679	0.26707417	0.0	0.0	0.0	0.30095693	0.0	0.0	0.0	0.18400615	0.0	0.004380086	0.0	0.0	0.13540387	0.0	0.0	0.0	0.015966028	0.0	0.27637458	0.0	0.40877414	0.0	0.0	0.0	0.09356155	0.09392444	0.0	0.0	0.0	0.23432751	0.0	0.0	0.0	0.08697984	0.09193245	0.0	0.0	0.4899964	0.20293228	0.0	0.0	0.22924991	0.0	0.047223996	0.0	0.0	0.11309576	0.0	0.0	0.0	0.0	0.24008803	0.3643988	0.0	0.33520365	0.0	0.2829372	0.0	0.25299707	0.34593704	0.10675963	0.06519426	0.17356624	0.0	0.0	0.25301266	0.2379524	0.0	0.0	0.15415375	0.23309617	0.0	0.0	0.0
0.28334203	0.0	0.3536832	0.0	0.0	0.0002737753	0.0	0.0	0.0	0.39834133	0.0	0.3573815	0.0	0.0	0.020259758	0.3788564	0.0	0.0	0.0	0.0	0.0	0.0	0.018981554	0.0	0.0	0.23439693	0.0	0.46431866	0.0	0.0	0.0	0.09508323	0.15964496	0.0	0.34938073	0.0	0.23250411	0.0	0.0	0.18802893	0.30159712	0.0	0.5325763	0.0	0.0	0.3856125	0.26151302	0.0	0.0	0.26974863	0.05891447	0.23142134	0.071630575	0.29934168	0.0	0.0	0.0	0.33918694	0.0	0.0	0.0	0.1892211	0.0	0.015811872	0.0	0.0	0.2813895	0.0	0.0	0.0	0.0	0.0	0.28617287	0.0	0.3873128	0.0	0.0	0.0	0.13633268	0.09187118	0.0	0.0	0.0	0.33165178	0.0	0.0	0.0	0.21002774	0.008148697	0.0	0.0	0.6457851	0.18223299	0.0	0.0	0.25391787	0.0	0.06591667	0.0	0.0	0.07360918	0.0	0.0	0.0	0.0	0.16112672	0.45529208	0.0	0.33038905	0.0	0.44049406	0.0	0.2951278	0.33522272	0.26788273	0.11745893	0.22665013	0.0	0.0	0.24587457	0.25112122	0.0	0.0	0.11642831	0.2535121	0.0	0.0	0.0
0.15902257	0.0	0.3203577	0.0	0.0	0.021164557	0.0	0.0	0.0	0.31763387	0.0	0.25194415	0.0	0.0	0.038049523	0.2355702	0.0	0.0	0.0	0.0	0.0	0.0	0.03879719	0.0	0.0	0.20921212	0.0	0.3249289	0.0	0.0	0.0	0.1016208	0.13422662	0.0	0.34012341	0.0	0.18390389	0.0	0.0	0.16985898	0.24919476	0.0	0.37746835	0.0	0.0	0.34848893	0.3094921	0.0	0.0	0.14569466	0.024985174	0.21548803	0.14119181	0.25151333	0.0	0.0	0.0	0.2834769	0.0	0.0	0.0	0.18445563	0.0	0.003988596	0.0	0.0	0.15456413	0.0	0.0	0.0	0.0016202828	0.0	0.2641708	0.0	0.37127927	0.0	0.0	0.0	0.088922285	0.0907374	0.0	0.0	0.0	0.2351111	0.0	0.0	0.0	0.077391036	0.05587344	0.0	0.0	0.46971586	0.19280677	0.0	0.0	0.2093299	0.0	0.0439108	0.0	0.0	0.09437716	0.0	0.0	0.0	0.0	0.19833545	0.3549175	0.0	0.32080662	0.0	0.27618822	0.0	0.23525073	0.30456755	0.1101074	0.055003967	0.17510171	0.0	0.0	0.2523804	0.22033407	0.0	0.0	0.1196095	0.22417974	0.0	0.0	0.0
0.15389316	0.0	0.30857882	0.0	0.0	0.016034203	0.0	0.0	0.0	0.29300073	0.0	0.24259901	0.0	0.0	0.02719981	0.24275677	0.0	0.0	0.0	0.0	0.0	0.0	0.033400815	0.0	0.0	0.19698249	0.0	0.31844786	0.0	0.0	0.0	0.08967942	0.13629569	0.0	0.32990292	0.0	0.1865874	0.0	0.0	0.16645788	0.23706634	0.0	0.36141193	0.0	0.0	0.34343442	0.30308577	0.0	0.0	0.15366165	0.031043828	0.20234682	0.14099266	0.237571	0.0	0.0	0.0	0.2828245	0.0	0.0	0.0	0.1837427	0.0	0.0044611148	0.0	0.0	0.16074026	0.0	0.0	0.0	0.0032579277	0.0	0.25615248	0.0	0.3653088	0.0	0.0	0.0	0.080967724	0.08027849	0.0	0.0	0.0	0.22108905	0.0	0.0	0.0	0.071667336	0.049419988	0.0	0.0	0.4494451	0.18424292	0.0	0.0	0.20844768	0.0	0.04263201	0.0	0.0	0.0916515	0.0	0.0	0.0	0.0	0.18527025	0.33677593	0.0	0.30394453	0.0	0.2557951	0.0	0.22203048	0.2820497	0.11125829	0.046251655	0.17400461	0.0	0.0	0.2502122	0.2113568	0.0	0.0	0.11208216	0.20729744	0.0	0.0	0.0
0.14316872	0.0	0.32955185	0.0	0.0	0.028758124	0.0	0.0	0.0	0.29440495	0.0	0.22881643	0.0	0.0	0.02779992	0.24805136	0.0	0.0	0.0	0.0	0.0	0.0	0.04511426	0.0	0.0	0.2222737	0.0	0.31496164	0.0	0.0	0.0	0.09714622	0.13899776	0.0	0.32898358	0.0	0.20396255	0.0	0.0	0.17369433	0.25723767	0.0	0.36259875	0.0	0.0037588626	0.3461492	0.31239298	0.0	0.0	0.1332667	0.03309532	0.20003445	0.15163879	0.24195905	0.0	0.0	0.0	0.27626422	0.0	0.0	0.0	0.18636243	0.0	0.01005698	0.0	0.0	0.1561879	0.0	0.0	0.0	0.01385396	0.0	0.2601815	0.0	0.36054277	0.0	0.0	0.0	0.083324745	0.08413077	0.0	0.0	0.0	0.23204732	0.0	0.0	0.0	0.07694865	0.04780796	0.0	0.0	0.45232996	0.18137337	0.0	0.0	0.2128824	0.0	0.05515714	0.0	0.0	0.089122236	0.0	0.0	0.0	0.0	0.18190938	0.34523097	0.0	0.31762075	0.0	0.269905	0.0	0.21514869	0.29857692	0.12810421	0.062357068	0.17289688	0.0	0.0	0.26349887	0.21634835	0.0	0.0	0.12631434	0.20681004	0.0	0.0	0.0
0.13408782	0.0	0.30259544	0.0	0.0	0.020284897	0.0	0.0	0.0	0.27565244	0.0	0.22035794	0.0	0.0	0.035718307	0.24252816	0.0	0.0	0.0	0.0	0.0	0.0	0.03489122	0.0	0.0	0.21205007	0.0	0.29849085	0.0	0.0	0.0	0.077442355	0.14393263	0.0	0.3275228	0.0	0.19341595	0.0	0.0	0.1467995	0.21869619	0.0	0.33987442	0.0	0.0013029873	0.34845996	0.30895123	0.0	0.0	0.14505224	0.04052786	0.18000646	0.14417861	0.22240077	0.0	0.0	0.0	0.27346718	0.0	0.0	0.0	0.18707903	0.0	0.0052125715	0.0	0.0	0.14602931	0.0	0.0	0.0	0.0070730634	0.0	0.26049602	0.0	0.36632764	0.0	0.0	0.0	0.08363426	0.06865233	0.0	0.0	0.0	0.20186503	0.0	0.0	0.0	0.0810248	0.055612627	0.0	0.0	0.44492865	0.17259628	0.0	0.0	0.20767586	0.0	0.045831796	0.0	0.0	0.09337211	0.0	0.0	0.0	0.0	0.17512333	0.3294855	0.0	0.27584484	0.0	0.24377668	0.0	0.20257862	0.2632258	0.11840471	0.04608502	0.17454112	0.0	0.0	0.24884434	0.18451189	0.0	0.0	0.14062984	0.19259046	0.0	0.0	0.0
0.14919893	0.0	0.3181631	0.0	0.0	0.01939842	0.0	0.0	0.0	0.27574506	0.0	0.21419096	0.0	0.0	0.02569514	0.2421106	0.0	0.0	0.0	0.0	0.0	0.0	0.040641066	0.0	0.0	0.21079873	0.0	0.30555144	0.0	0.0	0.0	0.098237805	0.13642305	0.0	0.30850816	0.0	0.19754641	0.0	0.0	0.1666826	0.23812628	0.0	0.34936467	0.0	0.0	0.33809242	0.28866792	0.0	0.0	0.13013442	0.029802917	0.19993015	0.14960368	0.23516937	0.0	0.0	0.0	0.26493382	0.0	0.0	0.0	0.1876107	0.0	0.017930241	0.0	0.0	0.1570792	0.0	0.0	0.0	0.0065395595	0.0	0.2640715	0.0	0.3538693	0.0	0.0	0.0	0.08320196	0.08684313	0.0	0.0	0.0	0.21067937	0.0	0.0	0.0	0.059476633	0.04140466	0.0	0.0	0.4266698	0.17682345	0.0	0.0	0.18934242	0.0	0.05263245	0.0	0.0	0.089216314	0.0	0.0	0.0	0.0	0.16196568	0.33745965	0.0	0.29992542	0.0	0.2512028	0.0	0.2053109	0.2693644	0.11349649	0.050751913	0.17127001	0.0	0.0	0.25771943	0.21378948	0.0	0.0	0.11370512	0.19423354	0.0	0.0	0.0
0.10942811	0.0	0.30443263	0.0	0.0	0.02507017	0.0	0.0	0.0	0.2592198	0.0	0.1696914	0.0	0.0	0.034169734	0.23307234	0.0	0.0	0.0	0.0	0.0	0.0	0.034699805	0.0	0.0	0.21128362	0.0	0.2745274	0.0	0.0	0.0	0.07309327	0.1437549	0.0	0.28954533	0.0	0.19270436	0.0	0.0	0.14412199	0.20980203	0.0	0.31068027	0.0	0.0034535814	0.33640432	0.28724024	0.0	0.0	0.12972142	0.04242569	0.17152633	0.15108445	0.2067794	0.0	0.0	0.0	0.24012363	0.0	0.0	0.0	0.17576517	0.0	0.0	0.0	0.0	0.12568931	0.0	0.0	0.0	0.010677941	0.0	0.25784925	0.0	0.33804524	0.0	0.0	0.0	0.08276659	0.073600434	0.0	0.0	0.0	0.17953724	0.0	0.0	0.0	0.071927644	0.051731024	0.0	0.0	0.40508822	0.1529433	0.0	0.0	0.17972036	0.0	0.05108426	0.0	0.0	0.07604728	0.0	0.0	0.0	0.0	0.13522877	0.3133414	0.0	0.2798092	0.0	0.23557717	0.0	0.16624728	0.2304631	0.12907721	0.043033123	0.18683334	0.0	0.0	0.25316647	0.16670947	0.0	0.0	0.11006257	0.18214245	0.0	0.0	0.0
0.17543715	0.0	0.3057821	0.0	0.0	0.016606472	0.0	0.0	0.0	0.30443677	0.0	0.2301756	0.0	0.0	0.027852947	0.27557787	0.0	0.0	0.0	0.0	0.0	0.0	0.02012211	0.0	0.0	0.22600418	0.0	0.33212438	0.0	0.0	0.0	0.088773884	0.14089431	0.0	0.30760637	0.0	0.1961677	0.0	0.0	0.14737232	0.24232952	0.0	0.38904878	0.0	0.0	0.35040915	0.26939705	0.0	0.0	0.17220582	0.045914102	0.18883723	0.116306625	0.23108046	0.0	0.0	0.0	0.25688758	0.0	0.0	0.0	0.18168962	0.0	0.007402297	0.0	0.0	0.1766182	0.0	0.0	0.0	0.0	0.0	0.26241034	0.0	0.3494834	0.0	0.0	0.0	0.10275036	0.07989648	0.0	0.0	0.0	0.22369973	0.0	0.0	0.0	0.11657069	0.019797986	0.0	0.0	0.49007234	0.16324212	0.0	0.0	0.20295934	0.0	0.054549377	0.0	0.0	0.07184673	0.0	0.0	0.0	0.0	0.14292319	0.35327792	0.0	0.2930766	0.0	0.31196257	0.0	0.20610149	0.26340833	0.17328636	0.07381935	0.20674896	0.0	0.0	0.23930264	0.20149624	0.0	0.0	0.118063666	0.21219118	0.0	0.0	0.0
0.07770405	0.013003099	0.31383702	0.0	0.0	0.04719055	0.00092655915	0.0	0.0	0.25126138	0.0	0.14295478	0.0	0.0	0.054035213	0.23107238	0.0	0.0	0.0	0.0	0.0	0.0	0.040363144	0.0	0.0	0.23165496	0.0	0.26429334	0.0	0.0	0.0	0.0799879	0.15004374	0.0	0.27778807	0.0	0.2125205	0.0	0.0	0.1474881	0.21941383	0.0	0.29433712	0.0	0.0074302964	0.3293418	0.29691076	0.0	0.0	0.101316	0.055592526	0.15804173	0.15990542	0.20818903	0.0	0.0	0.0	0.23257916	0.0	0.0	0.0	0.18248801	0.0	0.0032690328	0.0	0.0	0.10441754	0.0	0.0	0.0	0.015521136	0.0	0.2677178	0.0	0.34185305	0.0	0.0	0.0	0.092350155	0.08389032	0.0	0.0	0.0	0.17031996	0.0	0.0	0.0	0.069371365	0.055407405	0.0	0.0	0.39772558	0.14192139	0.0	0.0	0.16731751	0.0	0.065006174	0.0	0.0	0.07482586	0.0	0.0	0.0	0.0	0.1258155	0.3260571	0.0	0.2782768	0.0	0.23814656	0.0	0.14917421	0.23487432	0.13804628	0.060382444	0.19875865	0.0	0.0	0.25892994	0.15646759	0.0	0.0	0.13046838	0.17754048	0.0	0.0	0.0
0.098413385	0.010011909	0.31540582	0.0	0.0	0.042055916	0.0	0.0	0.0	0.2641864	0.0	0.16621023	0.0	0.0	0.040266793	0.23024888	0.0	0.0	0.0	0.0	0.0	0.0	0.041311245	0.0	0.0	0.23209725	0.0	0.2707569	0.0	0.0	0.0	0.08593143	0.1456157	0.0	0.2909018	0.0	0.2031653	0.0	0.0	0.14534958	0.22744775	0.0	0.3106442	0.0	0.0077676415	0.33943757	0.29409435	0.0	0.0	0.10623941	0.04268611	0.17493097	0.1597172	0.2147054	0.0	0.0	0.0	0.23766623	0.0	0.0	0.0	0.18259518	0.0	0.0042473436	0.0	0.0	0.11400155	0.0	0.0	0.0	0.013483214	0.0	0.2680502	0.0	0.34676203	0.0	0.0	0.0	0.09323031	0.07998177	0.0	0.0	0.0	0.18211244	0.0	0.0	0.0	0.07594719	0.057437867	0.0	0.0	0.41048566	0.14851296	0.0	0.0	0.1741739	0.0	0.058890924	0.0	0.0	0.0807705	0.0	0.0	0.0	0.0	0.14325304	0.32143217	0.0	0.28764948	0.0	0.24789388	0.0	0.16751045	0.24894619	0.1354475	0.05418997	0.19238012	0.0	0.0	0.25823423	0.17657511	0.0	0.0	0.12915294	0.18974215	0.0	0.0	0.0
0.118975304	0.0015173549	0.31324902	0.0	0.0	0.031718556	0.0	0.0	0.0	0.2826077	0.0	0.19592775	0.0	0.0	0.036884252	0.22786553	0.0	0.0	0.0	0.0	0.0	0.0	0.034041688	0.0	0.0	0.22257547	0.0	0.2881526	0.0	0.0	0.0	0.086395465	0.14350002	0.0	0.31113154	0.0	0.19019778	0.0	0.0	0.14911377	0.22807641	0.0	0.3329433	0.0	0.0024920676	0.3472917	0.29892528	0.0	0.0	0.1244346	0.035454508	0.18797906	0.15095821	0.22070123	0.0	0.0	0.0	0.25225496	0.0	0.0	0.0	0.1803859	0.0	0.0021515738	0.0	0.0	0.12615037	0.0	0.0	0.0	0.0075388453	0.0	0.26524913	0.0	0.35863653	0.0	0.0	0.0	0.09391815	0.078773916	0.0	0.0	0.0	0.19334958	0.0	0.0	0.0	0.0770331	0.05662756	0.0	0.0	0.4323018	0.16815294	0.0	0.0	0.19044651	0.0	0.04940708	0.0	0.0	0.08935666	0.0	0.0	0.0	0.0	0.16193175	0.33004102	0.0	0.2965819	0.0	0.25515768	0.0	0.18873584	0.25947687	0.12475109	0.052306365	0.18823503	0.0	0.0	0.25131187	0.18961583	0.0	0.0	0.12186102	0.19936992	0.0	0.0	0.0
0.13698237	0.0	0.31298354	0.0	0.0	0.022314189	0.0	0.0	0.0	0.28813463	0.0	0.20922647	0.0	0.0	0.027631005	0.23718195	0.0	0.0	0.0	0.0	0.0	0.0	0.037502255	0.0	0.0	0.22094154	0.0	0.29896235	0.0	0.0	0.0	0.09370033	0.13975756	0.0	0.31354275	0.0	0.18932907	0.0	0.0	0.15724413	0.23743117	0.0	0.34749988	0.0	0.0	0.34502816	0.29641676	0.0	0.0	0.13275163	0.031711828	0.19542372	0.14112322	0.22568594	0.0	0.0	0.0	0.2590032	0.0	0.0	0.0	0.186352	0.0	0.0053161033	0.0	0.0	0.14432198	0.0	0.0	0.0	0.0030751403	0.0	0.26417089	0.0	0.3592714	0.0	0.0	0.0	0.091590025	0.080513254	0.0	0.0	0.0	0.20939551	0.0	0.0	0.0	0.0786548	0.044950966	0.0	0.0	0.4446609	0.17163752	0.0	0.0	0.18992835	0.0	0.04946816	0.0	0.0	0.08529755	0.0	0.0	0.0	0.0	0.16767877	0.33569178	0.0	0.30181053	0.0	0.26364064	0.0	0.20382611	0.27210867	0.12220017	0.056310087	0.18388103	0.0	0.0	0.25471792	0.20021717	0.0	0.0	0.11616144	0.20605145	0.0	0.0	0.0
0.11072171	0.0	0.30715582	0.0	0.0	0.022807604	0.0	0.0	0.0	0.26674068	0.0	0.18063305	0.0	0.0	0.033832192	0.23022486	0.0	0.0	0.0	0.0	0.0	0.0	0.03850613	0.0	0.0	0.21188493	0.0	0.27571324	0.0	0.0	0.0	0.08198175	0.14651023	0.0	0.2947093	0.0	0.19187193	0.0	0.0	0.15088068	0.21631233	0.0	0.31394577	0.0	0.0	0.3379419	0.293951	0.0	0.0	0.12323778	0.03787701	0.17494613	0.14866143	0.2117265	0.0	0.0	0.0	0.24721138	0.0	0.0	0.0	0.18040323	0.0	0.0031736977	0.0	0.0	0.12613612	0.0	0.0	0.0	0.0068473467	0.0	0.25884497	0.0	0.35425863	0.0	0.0	0.0	0.08763144	0.07443215	0.0	0.0	0.0	0.18646194	0.0	0.0	0.0	0.07079809	0.057281774	0.0	0.0	0.4094285	0.16048901	0.0	0.0	0.18332018	0.0	0.046286266	0.0	0.0	0.08268442	0.0	0.0	0.0	0.0	0.15281887	0.3167362	0.0	0.28729555	0.0	0.23690031	0.0	0.17778699	0.2418013	0.119337104	0.04421593	0.1853267	0.0	0.0	0.25537315	0.17491351	0.0	0.0	0.11574495	0.18538077	0.0	0.0	0.0
0.12374469	0.003451744	0.3149016	0.0	0.0	0.0345621	0.0	0.0	0.0	0.27818453	0.0	0.19180815	0.0	0.0	0.03499349	0.24262524	0.0	0.0	0.0	0.0	0.0	0.0	0.035315674	0.0	0.0	0.23226623	0.0	0.29033768	0.0	0.0	0.0	0.08732456	0.14523456	0.0	0.3032357	0.0	0.19940181	0.0	0.0	0.14655526	0.23178852	0.0	0.3354573	0.0	0.0038546857	0.35058475	0.2920169	0.0	0.0	0.12719995	0.044837695	0.17821966	0.14398953	0.21443212	0.0	0.0	0.0	0.25331298	0.0	0.0	0.0	0.18583809	0.0	0.0041807457	0.0	0.0	0.13343802	0.0	0.0	0.0	0.010597599	0.0	0.2675804	0.0	0.35371378	0.0	0.0	0.0	0.09120095	0.08023106	0.0	0.0	0.0	0.20045406	0.0	0.0	0.0	0.08626177	0.04561706	0.0	0.0	0.4385083	0.16200797	0.0	0.0	0.18778735	0.0	0.059008773	0.0	0.0	0.08475062	0.0	0.0	0.0	0.0	0.15820864	0.33129445	0.0	0.2904286	0.0	0.26308104	0.0	0.18752845	0.25994274	0.13970228	0.060460668	0.18831182	0.0	0.0	0.25120902	0.18792693	0.0	0.0	0.13126753	0.19631691	0.0	0.0	0.0
0.122487	0.009408598	0.31855306	0.0	0.0	0.046619207	0.0	0.0	0.0	0.28731218	0.0	0.19884986	0.0	0.0	0.039017975	0.24222367	0.0	0.0	0.0	0.0	0.0	0.0	0.035801772	0.0	0.0	0.23752002	0.0	0.2987301	0.0	0.0	0.0	0.092463374	0.14642404	0.0	0.31196117	0.0	0.2022568	0.0	0.0	0.14721309	0.23694646	0.0	0.34564033	0.0	0.007399677	0.35388485	0.29860252	0.0	0.0	0.124771446	0.050055448	0.18113847	0.14747882	0.22442937	0.0	0.0	0.0	0.25524488	0.0	0.0	0.0	0.18362243	0.0	0.0048162728	0.0	0.0	0.13231267	0.0	0.0	0.0	0.014279301	0.0	0.26844463	0.0	0.36309874	0.0	0.0	0.0	0.09198296	0.08261314	0.0	0.0	0.0	0.20634894	0.0	0.0	0.0	0.09522405	0.056119654	0.0	0.0	0.44999945	0.15997432	0.0	0.0	0.19645554	0.0	0.061437648	0.0	0.0	0.08802786	0.0	0.0	0.0	0.0	0.16782816	0.33905697	0.0	0.2943904	0.0	0.27420306	0.0	0.19551511	0.278177	0.14644788	0.0651614	0.19448203	0.0	0.0	0.24976361	0.19081207	0.0	0.0	0.13656974	0.20082779	0.0	0.0	0.0
0.17728202	0.0	0.31551054	0.0	0.0	0.014728185	0.0	0.0	0.0	0.31527364	0.0	0.23675328	0.0	0.0	0.02769584	0.2744066	0.0	0.0	0.0	0.0	0.0	0.0	0.019152826	0.0	0.0	0.22666077	0.0	0.337083	0.0	0.0	0.0	0.086439915	0.14210282	0.0	0.31026736	0.0	0.19233537	0.0	0.0	0.14803405	0.24308878	0.0	0.39872298	0.0	0.0	0.35912085	0.26619968	0.0	0.0	0.17466702	0.04618216	0.19451885	0.11796882	0.23120515	0.0	0.0	0.0	0.2608667	0.0	0.0	0.0	0.18136863	0.0	0.0035213046	0.0	0.0	0.17818896	0.0	0.0	0.0	0.0	0.0	0.2601473	0.0	0.34792426	0.0	0.0	0.0	0.10908922	0.07844288	0.0	0.0	0.0	0.22908555	0.0	0.0	0.0	0.122148685	0.021790503	0.0	0.0	0.49669245	0.16579784	0.0	0.0	0.20669638	0.0	0.05380849	0.0	0.0	0.07619356	0.0	0.0	0.0	0.0	0.14493681	0.35758004	0.0	0.2981638	0.0	0.31918198	0.0	0.21155031	0.2651571	0.18135925	0.06935897	0.20551042	0.0	0.0	0.24162261	0.1996659	0.0	0.0	0.1200887	0.21420145	0.0	0.0	0.0
0.096963815	0.0	0.30448803	0.0	0.0	0.029595846	0.0	0.0	0.0	0.2549204	0.0	0.1658296	0.0	0.0	0.039091084	0.23239785	0.0	0.0	0.0	0.0	0.0	0.0	0.03632072	0.0	0.0	0.2090507	0.0	0.27060974	0.0	0.0	0.0	0.07674032	0.14168355	0.0	0.28800893	0.0	0.19328368	0.0	0.0	0.14825276	0.21127228	0.0	0.3047311	0.0	0.0036961313	0.33317348	0.29059714	0.0	0.0	0.121094115	0.043106277	0.16802527	0.1549723	0.20912862	0.0	0.0	0.0	0.23895426	0.0	0.0	0.0	0.17729406	0.0	0.0013764972	0.0	0.0	0.11984363	0.0	0.0	0.0	0.008171555	0.0	0.25671613	0.0	0.34253418	0.0	0.0	0.0	0.08769354	0.07599043	0.0	0.0	0.0	0.17491682	0.0	0.0	0.0	0.07036816	0.05994986	0.0	0.0	0.3995503	0.1498099	0.0	0.0	0.17812896	0.0	0.048043314	0.0	0.0	0.07474107	0.0	0.0	0.0	0.0	0.13644554	0.3121545	0.0	0.28114876	0.0	0.23213516	0.0	0.16521107	0.23201163	0.12728648	0.04121619	0.19384713	0.0	0.0	0.25576365	0.16389437	0.0	0.0	0.11727094	0.18137664	0.0	0.0	0.0
0.09409901	0.0077896635	0.30956772	0.0	0.0	0.04236174	0.0	0.0	0.0	0.25256422	0.0	0.15021606	0.0	0.0	0.037473164	0.23130798	0.0	0.0	0.0	0.0	0.0	0.0	0.035662707	0.0	0.0	0.2291721	0.0	0.2655688	0.0	0.0	0.0	0.075805485	0.14625926	0.0	0.2835217	0.0	0.20439231	0.0	0.0	0.1398894	0.21120484	0.0	0.30094525	0.0	0.0086441785	0.33541068	0.2883688	0.0	0.0	0.115445286	0.04702195	0.16193281	0.15856549	0.20270348	0.0	0.0	0.0	0.22838445	0.0	0.0	0.0	0.17850186	0.0	0.0017404953	0.0	0.0	0.11528019	0.0	0.0	0.0	0.014238554	0.0	0.26300314	0.0	0.33667493	0.0	0.0	0.0	0.08884064	0.07974144	0.0	0.0	0.0	0.17193258	0.0	0.0	0.0	0.078926995	0.054146875	0.0	0.0	0.40249565	0.13987257	0.0	0.0	0.1745045	0.0	0.058510315	0.0	0.0	0.077001825	0.0	0.0	0.0	0.0	0.12610248	0.31531158	0.0	0.27462956	0.0	0.24181885	0.0	0.15335892	0.22977316	0.14132403	0.04864983	0.19674052	0.0	0.0	0.25444415	0.16121309	0.0	0.0	0.12317705	0.17722861	0.0	0.0	0.0
0.1057271	0.0076375906	0.31476787	0.0	0.0	0.0406751	0.0	0.0	0.0	0.27508292	0.0	0.17931294	0.0	0.0	0.041826982	0.23092334	0.0	0.0	0.0	0.0	0.0	0.0	0.0368751	0.0	0.0	0.22974615	0.0	0.28147852	0.0	0.0	0.0	0.08393838	0.14679642	0.0	0.30136943	0.0	0.19719477	0.0	0.0	0.14337729	0.22161674	0.0	0.3239299	0.0	0.008040736	0.3488172	0.29413766	0.0	0.0	0.11498908	0.045574736	0.17814904	0.15422416	0.21725358	0.0	0.0	0.0	0.24417384	0.0	0.0	0.0	0.1764754	0.0	0.0004938568	0.0	0.0	0.11694274	0.0	0.0	0.0	0.012158159	0.0	0.26563442	0.0	0.35159183	0.0	0.0	0.0	0.091962546	0.07937449	0.0	0.0	0.0	0.18708497	0.0	0.0	0.0	0.0802559	0.060568005	0.0	0.0	0.42578116	0.15868981	0.0	0.0	0.18408322	0.0	0.056954414	0.0	0.0	0.083613895	0.0	0.0	0.0	0.0	0.15148169	0.32871637	0.0	0.29170343	0.0	0.25692248	0.0	0.17809634	0.2528236	0.13553838	0.055166822	0.19092815	0.0	0.0	0.25181857	0.17789704	0.0	0.0	0.12980987	0.19372262	0.0	0.0	0.0
0.10005232	0.008876214	0.31286427	0.0	0.0	0.043422688	0.0	0.0	0.0	0.26638734	0.0	0.17622423	0.0	0.0	0.040610023	0.23304693	0.0	0.0	0.0	0.0	0.0	0.0	0.03989429	0.0	0.0	0.2227472	0.0	0.2819773	0.0	0.0	0.0	0.082249366	0.14698249	0.0	0.2996434	0.0	0.20360188	0.0	0.0	0.15065192	0.22257996	0.0	0.31736034	0.0	0.008006112	0.34316024	0.29787776	0.0	0.0	0.113684654	0.049963564	0.17101465	0.15976842	0.21723658	0.0	0.0	0.0	0.24733575	0.0	0.0	0.0	0.1839558	0.0	0.005439428	0.0	0.0	0.12263912	0.0	0.0	0.0	0.014929132	0.0	0.262907	0.0	0.35474738	0.0	0.0	0.0	0.08714647	0.077036075	0.0	0.0	0.0	0.18475991	0.0	0.0	0.0	0.07694205	0.06416073	0.0	0.0	0.41378006	0.15203899	0.0	0.0	0.18671899	0.0	0.055834074	0.0	0.0	0.082900666	0.0	0.0	0.0	0.0	0.14716521	0.3243978	0.0	0.28243017	0.0	0.24458164	0.0	0.17554112	0.25099695	0.13146228	0.055302635	0.19154131	0.0	0.0	0.2566176	0.17377086	0.0	0.0	0.13614066	0.18506952	0.0	0.0	0.0
0.1949237	0.0	0.32223758	0.0	0.0	0.0032455288	0.0	0.0	0.0	0.3234363	0.0	0.28136167	0.0	0.0	0.033639748	0.26554453	0.0	0.0	0.0	0.0	0.0	0.0	0.02533003	0.0	0.0	0.1934635	0.0	0.3538704	0.0	0.0	0.0	0.090209715	0.13295561	0.0	0.33985353	0.0	0.1898654	0.0	0.0	0.17647034	0.25365222	0.0	0.4042705	0.0	0.0	0.35158753	0.292589	0.0	0.0	0.18151994	0.028761491	0.21855016	0.124376304	0.2582861	0.0	0.0	0.0	0.3062262	0.0	0.0	0.0	0.1900448	0.0	0.0071131177	0.0	0.0	0.19483118	0.0	0.0	0.0	0.0	0.0	0.26380727	0.0	0.3709811	0.0	0.0	0.0	0.08664756	0.08147412	0.0	0.0	0.0	0.24676935	0.0	0.0	0.0	0.096161485	0.032959733	0.0	0.0	0.48759857	0.19828439	0.0	0.0	0.22108833	0.0	0.040276106	0.0	0.0	0.09031629	0.0	0.0	0.0	0.0	0.19302921	0.36958838	0.0	0.3182036	0.0	0.2871391	0.0	0.25058955	0.29962936	0.12696587	0.051188726	0.17560892	0.0	0.0	0.2512733	0.22991149	0.0	0.0	0.1126393	0.22455311	0.0	0.0	0.0
0.11911813	0.0	0.30974162	0.0	0.0	0.024547517	0.0	0.0	0.0	0.25767735	0.0	0.17260168	0.0	0.0	0.029336588	0.23256628	0.0	0.0	0.0	0.0	0.0	0.0	0.037247974	0.0	0.0	0.21874861	0.0	0.2745373	0.0	0.0	0.0	0.08921001	0.13836968	0.0	0.2901706	0.0	0.19919515	0.0	0.0	0.15106934	0.22623503	0.0	0.32015756	0.0	0.003023237	0.3310675	0.27992332	0.0	0.0	0.124103405	0.035575006	0.1777823	0.15470183	0.20744835	0.0	0.0	0.0	0.23735766	0.0	0.0	0.0	0.18059845	0.0	0.0024661433	0.0	0.0	0.13547309	0.0	0.0	0.0	0.008814056	0.0	0.2620184	0.0	0.334283	0.0	0.0	0.0	0.082315184	0.080248006	0.0	0.0	0.0	0.1919225	0.0	0.0	0.0	0.0666453	0.044624638	0.0	0.0	0.4043144	0.15355752	0.0	0.0	0.17259888	0.0	0.055795725	0.0	0.0	0.07905049	0.0	0.0	0.0	0.0	0.13422634	0.31683677	0.0	0.28492817	0.0	0.23879547	0.0	0.16952975	0.24012788	0.12874864	0.04825448	0.1840422	0.0	0.0	0.2533593	0.17693146	0.0	0.0	0.109017305	0.1860321	0.0	0.0	0.0
0.11765585	0.0	0.3141226	0.0	0.0	0.02639159	0.0	0.0	0.0	0.26816413	0.0	0.1923828	0.0	0.0	0.03201144	0.2277294	0.0	0.0	0.0	0.0	0.0	0.0	0.036805373	0.0	0.0	0.2134242	0.0	0.28412816	0.0	0.0	0.0	0.08830178	0.13807665	0.0	0.30580926	0.0	0.19150656	0.0	0.0	0.15533946	0.22608931	0.0	0.32522583	0.0	0.0037590861	0.33965448	0.2950483	0.0	0.0	0.12236616	0.034044188	0.18394177	0.15711989	0.21981025	0.0	0.0	0.0	0.250559	0.0	0.0	0.0	0.18005629	0.0	0.0037373689	0.0	0.0	0.13308169	0.0	0.0	0.0	0.011608511	0.0	0.260043	0.0	0.3524406	0.0	0.0	0.0	0.085409634	0.07876902	0.0	0.0	0.0	0.19227493	0.0	0.0	0.0	0.06417883	0.056535933	0.0	0.0	0.41504112	0.16481054	0.0	0.0	0.1878388	0.0	0.04996931	0.0	0.0	0.08627304	0.0	0.0	0.0	0.0	0.15456156	0.32219693	0.0	0.2927989	0.0	0.23889713	0.0	0.1864301	0.2546606	0.11747775	0.046592414	0.17858005	0.0	0.0	0.25448558	0.18868107	0.0	0.0	0.11641389	0.1925074	0.0	0.0	0.0
0.14517762	0.013138908	0.30964836	0.0	0.0	0.033057135	0.0	0.0	0.0	0.28653875	0.0	0.19843526	0.0	0.0	0.02721095	0.26696247	0.0	0.0	0.0	0.0	0.0	0.0	0.022580126	0.0	0.0	0.2404136	0.0	0.31051135	0.0	0.0	0.0	0.08650646	0.1448038	0.0	0.29470453	0.0	0.2038755	0.0	0.0	0.13756074	0.23801379	0.0	0.36747098	0.0	0.0047115535	0.3516377	0.2679082	0.0	0.0	0.15124823	0.058923308	0.1739335	0.12965642	0.21417332	0.0	0.0	0.0	0.24099915	0.0	0.0	0.0	0.18447192	0.0	0.0055557974	0.0	0.0	0.15414165	0.0	0.0	0.0	0.005805438	0.0	0.2651582	0.0	0.34370184	0.0	0.0	0.0	0.09884751	0.07827596	0.0	0.0	0.0	0.21327539	0.0	0.0	0.0	0.11572236	0.028731802	0.0	0.0	0.46459115	0.14924803	0.0	0.0	0.19370069	0.0	0.06528129	0.0	0.0	0.074669644	0.0	0.0	0.0	0.0	0.13767415	0.33986023	0.0	0.2852241	0.0	0.29756334	0.0	0.18430237	0.25830364	0.180951	0.076456875	0.20795216	0.0	0.0	0.24229534	0.18729298	0.0	0.0	0.13064691	0.20196247	0.0	0.0	0.0
0.17097318	0.0	0.3236644	0.0	0.0	0.020541554	0.0114312805	0.0	0.0	0.3846626	0.0	0.2689242	0.0	0.0	0.065992415	0.20962064	0.0	0.0	0.0	0.0	0.0	0.0	0.023164237	0.0	0.0	0.2247367	0.0	0.3389592	0.0	0.0	0.0	0.08990932	0.15933667	0.0	0.36429024	0.0	0.1999553	0.0	0.0	0.15545982	0.2299981	0.0	0.3735781	0.0	0.0013630079	0.37989295	0.33172753	0.0	0.0	0.15697221	0.033050258	0.24594973	0.15094145	0.28556213	0.0	0.0	0.0	0.31272912	0.0	0.0	0.0	0.16977298	0.0	0.008605824	0.0	0.0	0.12671936	0.0	0.0	0.0	0.0	0.0	0.29225838	0.0	0.41121784	0.0	0.0	0.0	0.08252735	0.08103855	0.0	0.0	0.0	0.22915359	0.0	0.0	0.0	0.10213587	0.06237686	0.0	0.0	0.512901	0.22671978	0.0	0.0	0.22382505	0.0	0.045012306	0.0	0.0	0.11099926	0.0	0.0	0.0	0.0	0.24312736	0.39576873	0.0	0.35017458	0.0	0.31485036	0.0	0.25509724	0.32095268	0.09991789	0.07257974	0.18637587	0.0	0.0	0.24796386	0.22965477	0.0	0.0	0.12735812	0.2556093	0.0	0.0	0.0
0.23364611	0.0	0.3846725	0.0	0.0	0.027202135	0.0	0.0	0.0	0.45436132	0.0	0.3574474	0.0	0.0	0.058531363	0.299778	0.0	0.0	0.0	0.0	0.0	0.0	0.032898307	0.0	0.0	0.2688027	0.0	0.45058584	0.0	0.0	0.0	0.118105955	0.17739825	0.0	0.39692262	0.0	0.24043019	0.0	0.0	0.19152522	0.3083757	0.0	0.50822884	0.0	0.0	0.4100176	0.33029982	0.0	0.0	0.20140696	0.04746409	0.27635297	0.118781745	0.34785172	0.0	0.0	0.0	0.36368454	0.0	0.0	0.0	0.18150926	0.0	0.021236239	0.0	0.0	0.21664669	0.0	0.0	0.0	0.0	0.0	0.3204664	0.0	0.45136562	0.0	0.0	0.0	0.12524986	0.10667384	0.0	0.0	0.0	0.3191309	0.0002697073	0.0	0.0	0.17965657	0.03314436	0.0	0.0	0.6487234	0.23136269	0.0	0.0	0.26854727	0.0	0.06526768	0.0	0.0	0.109462924	0.0	0.0	0.0	0.0	0.24499343	0.48872164	0.0	0.3824251	0.0	0.4352204	0.0	0.3284485	0.41227445	0.19006793	0.13037896	0.20567094	0.0	0.0	0.26497212	0.2813083	0.0	0.0	0.16711979	0.2810165	0.0	0.0	0.0
0.2736808	0.0	0.43768802	0.0	0.0	0.0035933636	0.0	0.0	0.0	0.5607872	0.0	0.5852186	0.0129901795	0.0	0.11897906	0.23027097	0.0	0.0	0.0	0.0	0.0	0.0	0.07436921	0.0	0.0	0.17251498	0.0	0.5257824	0.0	0.0	0.0	0.15557617	0.17608385	0.0	0.5667142	0.0	0.18353267	0.0	0.0	0.30964044	0.32291162	0.0	0.5627932	0.0	0.0	0.41189528	0.48641172	0.0	0.0	0.1526791	0.0	0.39721975	0.17278357	0.44238505	0.0	0.0	0.0	0.53218716	0.0	0.0	0.0	0.16883254	0.0	0.0024611044	0.0	0.0	0.21406601	0.0	0.0	0.0	0.0	0.0	0.28446832	0.0	0.55605316	0.0	0.0	0.0	0.08786786	0.14314322	0.0	0.0	0.0	0.3954669	0.0	0.0	0.0	0.07731139	0.16752416	0.0	0.0	0.6805782	0.36860093	0.0	0.0	0.3614761	0.0	0.010344238	0.0	0.0	0.17705582	0.0	0.0	0.0	0.0	0.47796488	0.51654774	0.0	0.49389443	0.0	0.35595563	0.0	0.48534322	0.6281894	0.021135276	0.07825964	0.087900974	0.0	0.0	0.25982246	0.41380915	0.0	0.0	0.15807718	0.36280572	0.0	0.0	0.0
0.19541104	0.0	0.35611534	0.0	0.0	0.0009854212	0.0004010511	0.0	0.0	0.4331089	0.0	0.32343805	0.0	0.0	0.06366057	0.1957284	0.0	0.0	0.0	0.0	0.0	0.0	0.014699277	0.0	0.0	0.20063104	0.0	0.379295	0.0	0.0	0.0	0.09453058	0.16117512	0.0	0.4104661	0.0	0.20031875	0.0	0.0	0.1857518	0.24743979	0.0	0.41326752	0.0	0.005140791	0.3945905	0.34374166	0.0	0.0	0.16545184	0.021011868	0.28933218	0.16575931	0.3241885	0.0	0.0	0.0	0.3616964	0.0	0.0	0.0	0.16988532	0.0	0.003656232	0.0	0.0	0.15119791	0.0	0.0	0.0	0.0	0.0	0.3000192	0.0	0.4277289	0.0	0.0	0.0	0.08221782	0.087824576	0.0	0.0	0.0	0.25102374	0.0	0.0	0.0	0.09016696	0.07869812	0.0	0.0	0.53789383	0.27680695	0.0	0.0	0.25352237	0.0	0.021584066	0.0	0.0	0.13428192	0.0	0.0	0.0	0.0	0.27225602	0.42897615	0.0	0.3840288	0.0	0.3225526	0.0	0.31083465	0.35648358	0.06146298	0.063575156	0.15330397	0.0	0.0	0.24763174	0.2563108	0.0	0.0	0.11022651	0.2746728	0.0	0.0	0.0
0.23592229	0.0	0.35308325	0.0	0.0	0.0	0.0	0.0	0.0	0.44010547	0.0	0.38244745	0.0	0.0	0.060248014	0.23876067	0.0	0.0	0.0	0.0	0.0	0.0	0.020381374	0.0	0.0	0.17523192	0.0	0.425323	0.0	0.0	0.0	0.10333996	0.15395288	0.0	0.41967872	0.0	0.18326974	0.0	0.0	0.21998656	0.26815176	0.0	0.46963176	0.0	0.0	0.38420388	0.33968842	0.0	0.0	0.19072902	0.012653958	0.29855642	0.13701724	0.33365655	0.0	0.0	0.0	0.38888457	0.0	0.0	0.0	0.1701385	0.0	0.00503172	0.0	0.0	0.19998156	0.0	0.0	0.0	0.0	0.0	0.27959064	0.0	0.42308888	0.0	0.0	0.0	0.09360844	0.105739824	0.0	0.0	0.0	0.2942172	0.0	0.0	0.0	0.09921829	0.07036129	0.0	0.0	0.5671322	0.28501496	0.0	0.0	0.2726053	0.0	0.00927738	0.0	0.0	0.12636451	0.0	0.0	0.0	0.0	0.2816468	0.44130132	0.0	0.39685476	0.0	0.32925025	0.0	0.33966112	0.3908571	0.07612802	0.066598706	0.15212052	0.0	0.0	0.24570738	0.27953303	0.0	0.0	0.099306636	0.2860876	0.0	0.0	0.0
0.19617037	0.0	0.32377195	0.0	0.0	0.0	0.0	0.0	0.0	0.36427554	0.0	0.29519573	0.0	0.0	0.033884536	0.22962046	0.0	0.0	0.0	0.0	0.0	0.0	0.010907705	0.0	0.0	0.18077803	0.0	0.3592918	0.0	0.0	0.0	0.087067485	0.14239347	0.0	0.36189023	0.0	0.18354005	0.0	0.0	0.18311651	0.23257507	0.0	0.40708724	0.0	0.0	0.3658316	0.2937591	0.0	0.0	0.18008482	0.0321461	0.24752718	0.13884108	0.27400148	0.0	0.0	0.0	0.32199988	0.0	0.0	0.0	0.17217775	0.0	0.008307438	0.0	0.0	0.18056436	0.0	0.0	0.0	0.0	0.0	0.2680392	0.0	0.3816379	0.0	0.0	0.0	0.080236964	0.08715278	0.0	0.0	0.0	0.24027205	0.0	0.0	0.0	0.08578815	0.046337504	0.0	0.0	0.48764238	0.2427671	0.0	0.0	0.23432983	0.0	0.017103225	0.0	0.0	0.1086204	0.0	0.0	0.0	0.0	0.20997514	0.38392484	0.0	0.34385386	0.0	0.2879741	0.0	0.2663998	0.29661465	0.082001865	0.048663765	0.15908258	0.0	0.0	0.24302213	0.22936536	0.0	0.0	0.09292593	0.24261178	0.0	0.0	0.0
0.18387629	0.0	0.35708818	0.0	0.0	0.01799793	0.012776054	0.0	0.0	0.4215156	0.0	0.3184109	0.0035602732	0.0	0.07257435	0.21762757	0.0	0.0	0.0	0.0	0.0	0.0	0.039954927	0.0	0.0	0.2191261	0.0	0.38354465	0.0	0.0	0.0	0.10899502	0.16615035	0.0	0.40779567	0.0	0.20725286	0.0	0.0	0.19992737	0.2606842	0.0	0.4231657	0.0	0.0061527365	0.38239995	0.3631934	0.0	0.0	0.14329994	0.042062383	0.27412823	0.1521367	0.34461507	0.0	0.0	0.0	0.3447957	0.0	0.0	0.0	0.16768698	0.0	0.011511501	0.0	0.0	0.14831513	0.0	0.0	0.0	0.0	0.0	0.30192122	0.0	0.43556473	0.0	0.0	0.0	0.09649422	0.09811276	0.0	0.0	0.0	0.28001156	0.0	0.0	0.0	0.09213739	0.07556297	0.0	0.0	0.5430086	0.2624582	0.0	0.0	0.25475195	0.0	0.027294824	0.0	0.0	0.12340555	0.0	0.0	0.0	0.0	0.27771044	0.44893542	0.0	0.39021406	0.0	0.33740607	0.0	0.31028154	0.380231	0.07987316	0.07581288	0.15865384	0.0	0.0	0.27065808	0.26269227	0.0	0.0	0.1483	0.26911184	0.0	0.0	0.0
0.1943507	0.0	0.34619367	0.0	0.0	0.0042149555	0.0049459636	0.0	0.0	0.3969009	0.0	0.3126001	0.0	0.0	0.05028147	0.2104611	0.0	0.0	0.0	0.0	0.0	0.0	0.020546256	0.0	0.0	0.20271832	0.0	0.371649	0.0	0.0	0.0	0.1064503	0.14858001	0.0	0.3851421	0.0	0.19801311	0.0	0.0	0.18305886	0.25180936	0.0	0.41263214	0.0	0.0043181465	0.38054982	0.32935655	0.0	0.0	0.16230564	0.03157166	0.2712001	0.15330544	0.31412816	0.0	0.0	0.0	0.33699393	0.0	0.0	0.0	0.17012084	0.0	0.006292137	0.0	0.0	0.15746228	0.0	0.0	0.0	0.0	0.0	0.2883658	0.0	0.4155372	0.0	0.0	0.0	0.086672895	0.09001697	0.0	0.0	0.0	0.25676796	0.0	0.0	0.0	0.09321911	0.07014588	0.0	0.0	0.5256421	0.24996777	0.0	0.0	0.24394862	0.0	0.022314593	0.0	0.0	0.116856396	0.0	0.0	0.0	0.0	0.25263295	0.4139566	0.0	0.36985198	0.0	0.31283703	0.0	0.28770542	0.34713495	0.07746012	0.05384463	0.16530187	0.0	0.0	0.26199982	0.25386944	0.0	0.0	0.109985866	0.26424935	0.0	0.0	0.0
0.1786272	0.0	0.3768133	0.0	0.0	0.018605689	0.036177985	0.0	0.0	0.4464558	0.0	0.29873458	0.0	0.0	0.084527254	0.16416974	0.0	0.0	0.0	0.0	0.0	0.0	0.024397098	0.0	0.0	0.23476952	0.0	0.35597637	0.0	0.0	0.0	0.0995288	0.1605875	0.0	0.40167865	0.0	0.21647613	0.0	0.0	0.16646637	0.2565052	0.0	0.3850297	0.0	0.0149566345	0.3994372	0.3687291	0.0	0.0	0.14227103	0.03645889	0.3046805	0.18177749	0.34129134	0.0	0.0	0.0	0.3451657	0.0	0.0	0.0	0.16482542	0.0	0.007883373	0.0	0.0	0.10679895	0.0	0.0	0.0	0.007905538	0.0	0.32847747	0.0	0.4344244	0.0	0.0	0.0	0.11182924	0.080937184	0.0070945085	0.0	0.0	0.2579311	0.01881448	0.0	0.0	0.09606248	0.08724254	0.0	0.0	0.54316807	0.2607209	0.0	0.0	0.23136301	0.0	0.034666065	0.0	0.0	0.1264565	0.0	0.0	0.0	0.0	0.28025427	0.4389803	0.0	0.39609668	0.0	0.32803097	0.0	0.2953323	0.37165532	0.0681009	0.07206557	0.17270853	0.0	0.0	0.271225	0.252714	0.0	0.0045820083	0.12296072	0.2853833	0.0	0.0	0.0
0.18768449	0.0	0.38938442	0.0	0.0	0.03523204	0.013745933	0.0	0.0	0.47839212	0.0	0.34808207	0.0	0.0	0.103551425	0.199836	0.0	0.0	0.0	0.0	0.0	0.0	0.042800616	0.0	0.0	0.2430768	0.0	0.40780643	0.0	0.0	0.0	0.11287216	0.17865984	0.0	0.43103787	0.0	0.22534592	0.0	0.0	0.17835307	0.2786984	0.0	0.4443009	0.0	0.0062904	0.4219536	0.39376786	0.0	0.0	0.15014677	0.041655257	0.3021797	0.16327603	0.35993552	0.0	0.0	0.0	0.3651179	0.0	0.0	0.0	0.16084278	0.0	0.01326538	0.0	0.0	0.124493025	0.0	0.0	0.0	0.0	0.0	0.32706872	0.0	0.47420892	0.0	0.0	0.0	0.124205865	0.09769418	0.0	0.0	0.0	0.29199323	0.012446456	0.0	0.0	0.13465945	0.09801161	0.0	0.0	0.60964733	0.26933876	0.0	0.0	0.2722796	0.0	0.04061451	0.0	0.0	0.12808128	0.0	0.0	0.0	0.0	0.31195492	0.47067404	0.0	0.40899137	0.0	0.3841778	0.0	0.32633176	0.42564383	0.10417521	0.098916404	0.19764371	0.0	0.0	0.27215567	0.2814713	0.0	0.0	0.17688467	0.29999983	0.0	0.0	0.0
0.24723776	0.0	0.35036826	0.0	0.0	0.0027653966	0.0	0.0	0.0	0.44694027	0.0	0.33302242	0.0	0.0	0.046745446	0.23661476	0.0	0.0	0.0	0.0	0.0	0.0	0.0	0.0	0.0	0.19844337	0.0	0.41191152	0.0	0.0	0.0	0.078133516	0.17061885	0.0	0.41055045	0.0	0.2191148	0.0	0.0	0.19209738	0.23910463	0.0	0.45568895	0.0	0.0	0.3993435	0.29539037	0.0	0.0	0.22079928	0.04295327	0.2775755	0.14268315	0.3200318	0.0	0.0	0.0	0.37873387	0.0	0.0	0.0	0.16001698	0.0	0.00066450733	0.0	0.0	0.19561148	0.0	0.0	0.0	0.0	0.0	0.30435666	0.0	0.40353236	0.0	0.0	0.0	0.06975931	0.08613131	0.0	0.0	0.0	0.27497098	0.0	0.0	0.0	0.12740378	0.03864411	0.0	0.0	0.5558197	0.2766501	0.0	0.0	0.26473978	0.0	0.02459152	0.0	0.0	0.12497247	0.0	0.0	0.0	0.0	0.24071233	0.4529302	0.0	0.37213674	0.0	0.36329743	0.0	0.30555135	0.32988408	0.09854863	0.06943538	0.16883181	0.0	0.0	0.22693883	0.23912816	0.0	0.007745174	0.12312633	0.27731296	0.0	0.0	0.0
0.21514077	0.0	0.3956239	0.0	0.0	0.026885636	0.03422767	0.0	0.0	0.50134283	0.0	0.31113112	0.0	0.0	0.10180115	0.17718892	0.0	0.0	0.0	0.0	0.0	0.0	0.014666689	0.0	0.0	0.26993358	0.0	0.39990798	0.0	0.0	0.0	0.120254695	0.17348857	0.0	0.43013737	0.0	0.25629392	0.0	0.0	0.17330123	0.2670016	0.0	0.42923245	0.0	0.018841265	0.4064959	0.37205443	0.0	0.0	0.16879833	0.03011825	0.3045062	0.18452138	0.38147247	0.0	0.0	0.0016227489	0.37425074	0.0	0.0	0.0	0.15585582	0.0	0.023550639	0.0	0.0	0.13757868	0.0	0.0	0.0	0.0017985106	0.0	0.35541448	0.0	0.4737754	0.0	0.0	0.0	0.08566717	0.07997843	0.012800557	0.0	0.0	0.27181587	0.016708575	0.0	0.0	0.123214714	0.06291041	0.0	0.0	0.5994893	0.28045335	0.0	0.0	0.2631836	0.0	0.05684203	0.0	0.0	0.15499462	0.0	0.0	0.0	0.0	0.29925656	0.5038121	0.0	0.4025629	0.0	0.3935926	0.0	0.30906984	0.41203573	0.10608084	0.10042236	0.18271314	0.0	0.0	0.25011745	0.2617595	0.0	0.016672185	0.11737961	0.2924911	0.0	0.0	0.0
0.19246729	0.0	0.3484218	0.0	0.0	0.027487362	0.0415221	0.0	0.0	0.45623603	0.0	0.28165343	0.0	0.0	0.09994492	0.18238978	0.0	0.0	0.0	0.0	0.0	0.0	0.013202481	0.0	0.0	0.24410613	0.0	0.36771658	0.0	0.0	0.0	0.08463634	0.18425082	0.0	0.41599622	0.0	0.24235864	0.0	0.0	0.17477693	0.2294033	0.0	0.38989604	0.0	0.024229148	0.4003882	0.3528819	0.0	0.0	0.17009641	0.03683115	0.27700168	0.1717635	0.33505842	0.0	0.0	0.022505542	0.36343026	0.0	0.0	0.0	0.15770696	0.0	0.006439589	0.0	0.0	0.11899557	0.0	0.0	0.0	0.004595816	0.0	0.33950615	0.0	0.45007983	0.0	0.0	0.0	0.06711298	0.07958646	0.015995825	0.0	0.0	0.2516769	0.016965799	0.0	0.0	0.10651839	0.063345246	0.0	0.0	0.53650355	0.27157465	0.0	0.0	0.24072409	0.0	0.047050938	0.0	0.0	0.13929304	0.0	0.0	0.0	0.0	0.28336307	0.45267728	0.0	0.3859557	0.0	0.35453066	0.0	0.2846276	0.35621247	0.10028785	0.09641945	0.18347126	0.0	0.0	0.24144496	0.23653485	0.0	0.020563664	0.12169816	0.2794557	0.0	0.0	0.0
0.19880728	0.0	0.3724704	0.0	0.0	0.03338421	0.01901037	0.0	0.0	0.4622265	0.0	0.3639605	0.0033786239	0.0	0.09988397	0.19296283	0.0	0.0	0.0	0.0	0.0	0.0	0.042194933	0.0	0.0	0.21683772	0.0	0.4056667	0.0	0.0	0.0	0.11120117	0.17037766	0.0	0.45766023	0.0	0.21534474	0.0	0.0	0.19743991	0.2598586	0.0	0.40928307	0.0	0.00018524875	0.42008618	0.410014	0.0	0.0	0.14598823	0.03480786	0.31432953	0.16870481	0.37351134	0.0	0.0	0.0	0.41122317	0.0	0.0	0.0	0.17060184	0.0	0.011875145	0.0	0.0	0.11753875	0.0	0.0	0.0	0.0	0.0	0.32967705	0.0	0.4942168	0.0	0.0	0.0	0.06751453	0.09200481	0.0	0.0	0.0	0.29131564	0.0032451164	0.0	0.0	0.08989941	0.11434499	0.0	0.0	0.574615	0.3001977	0.0	0.0	0.28703594	0.0	0.036169846	0.0	0.0	0.15346296	0.0	0.0	0.0	0.0	0.36099467	0.4597229	0.0	0.39702472	0.0	0.34404376	0.0	0.348776	0.4319528	0.058643777	0.07510983	0.1472553	0.0	0.0	0.2644899	0.28671086	0.0	0.0	0.16982652	0.29742217	0.0	0.0	0.0
0.19346945	0.0	0.37901798	0.0	0.0	0.034906406	0.030740684	0.0	0.0	0.4764943	0.0	0.3520504	0.0060473643	0.0	0.10452882	0.15351184	0.0	0.0	0.0	0.0	0.0	0.0	0.018148212	0.0	0.0	0.21761419	0.0	0.39110866	0.0015663827	0.0	0.0	0.09314546	0.18043518	0.0	0.46871778	0.0	0.22790457	0.0	0.0	0.18384854	0.23114067	0.0	0.39295247	0.0	0.013860776	0.41751766	0.41056493	0.0	0.0	0.15246747	0.036620136	0.30872196	0.19657485	0.36751214	0.0	0.0	0.0016999865	0.4195586	0.0	0.0	0.0	0.15365748	0.0	0.0040506325	0.0	0.0	0.108037345	0.0	0.0	0.0	0.010301511	0.0	0.34335947	0.0	0.49655893	0.0	0.0035553214	0.0	0.06513304	0.08288078	0.0027660269	0.0	0.0	0.264312	0.013090588	0.0	0.0	0.075220935	0.118944235	0.0	0.0	0.5506266	0.32390192	0.0	0.0	0.28616118	0.0	0.021067843	0.0	0.0	0.17001504	0.0	0.0	0.0	0.0	0.35953984	0.46041837	0.0	0.4028686	0.0	0.31867805	0.0	0.33658996	0.41030207	0.042258203	0.0777118	0.1354901	0.0	0.0	0.24204862	0.26432663	0.0	0.0050460603	0.13961211	0.29589358	0.0	0.0	0.0
0.18970545	0.0	0.34956405	0.0	0.0	0.008998696	0.019891704	0.0	0.0	0.43301293	0.0	0.29136467	0.0	0.0	0.06256354	0.17872863	0.0	0.0	0.0	0.0	0.0	0.0	0.0060305265	0.0	0.0	0.20264663	0.0	0.3694342	0.0	0.0	0.0	0.10004861	0.1716917	0.0	0.4041827	0.0	0.21553044	0.0	0.0	0.2019211	0.2528892	0.0	0.41178754	0.0	0.008886131	0.3760004	0.3295602	0.0	0.0	0.16781515	0.024723485	0.27564928	0.1764989	0.32895696	0.0	0.0	0.0	0.3741287	0.0	0.0	0.0	0.17027731	0.0	0.0091823265	0.0	0.0	0.14959134	0.0	0.0	0.0	0.0	0.0	0.3131618	0.0	0.42163238	0.0	0.0	0.0	0.06516435	0.088921405	0.0	0.0	0.0	0.2502442	0.0	0.0	0.0	0.07030923	0.0798871	0.0	0.0	0.5132768	0.2762253	0.0	0.0	0.24549794	0.0	0.017184844	0.0	0.0	0.14556473	0.0	0.0	0.0	0.0	0.2618455	0.44255957	0.0	0.37901202	0.0	0.31443432	0.0	0.29597723	0.34169105	0.0520028	0.067133814	0.14813365	0.0	0.0	0.24652947	0.2436728	0.0	0.0060177	0.10919706	0.2561003	0.0	0.0	0.0
0.16391508	0.0	0.3794602	0.0	0.0	0.037805524	0.020494899	0.0	0.0	0.46014833	0.0	0.34336427	0.008780336	0.0	0.09734121	0.1722511	0.0	0.0	0.0	0.0	0.0	0.0	0.04508685	0.0	0.0	0.23833187	0.0	0.36739823	0.0	0.0	0.0	0.11200082	0.17103046	0.0	0.42900693	0.0	0.20553827	0.0	0.0	0.17267852	0.2568519	0.0	0.40496352	0.0	0.0073228716	0.42191076	0.40727267	0.0	0.0	0.118272625	0.03841481	0.30948403	0.17096393	0.3522412	0.0	0.0	0.0	0.35587764	0.0	0.0	0.0	0.1659654	0.0	0.010042984	0.0	0.0	0.09585807	0.0	0.0	0.0	0.0	0.0	0.3287473	0.0	0.48331556	0.0	0.0	0.0	0.13489725	0.10681928	0.0	0.0	0.0	0.26578012	0.016205125	0.0	0.0	0.10196575	0.12269863	0.0	0.0	0.5730565	0.27748445	0.0	0.0	0.26115897	0.0	0.04204759	0.0	0.0	0.14112802	0.0	0.0	0.0	0.0	0.32812372	0.44479194	0.0	0.4019332	0.0	0.33897558	0.0	0.32154998	0.41502762	0.059084456	0.086174615	0.16602653	0.0	0.0	0.2772545	0.2756256	0.0	0.0	0.18481563	0.2937723	0.0	0.0	0.0
0.23771293	0.0	0.3861386	0.0	0.0	0.017404981	0.020061124	0.0	0.0	0.5088361	0.0	0.34266052	0.0	0.0	0.103016205	0.24349022	0.0	0.0	0.0	0.0	0.0	0.0	0.013641253	0.0	0.0	0.24512978	0.0	0.43532005	0.0	0.0	0.0	0.09664047	0.18821363	0.0	0.39958826	0.0	0.24459831	0.0	0.0	0.16742778	0.27142587	0.0	0.47989985	0.0	0.010798237	0.4260575	0.3393077	0.0	0.0	0.20652191	0.04263209	0.29853377	0.13974075	0.36595154	0.0	0.0	0.0	0.36232314	0.0	0.0	0.0	0.15406463	0.0	0.01752553	0.0	0.0	0.1658563	0.0	0.0	0.0	0.0	0.0	0.33798507	0.0	0.44370672	0.0	0.0	0.0	0.13225724	0.0867239	0.0064274333	0.0	0.0	0.301018	0.02026526	0.0	0.0	0.17872338	0.049368203	0.0	0.0	0.6285133	0.2573893	0.0	0.0	0.26122406	0.0	0.051453587	0.0	0.0	0.11412869	0.0	0.0	0.0	0.0	0.26114503	0.49908248	0.0	0.4085083	0.0	0.44444707	0.0	0.32239017	0.38546982	0.16115582	0.110482775	0.22627051	0.0	0.0	0.25217602	0.26382998	0.0	0.014609729	0.12351636	0.29771638	0.0	0.0	0.0
0.18847112	0.0	0.3420333	0.0	0.0	0.0062239724	0.0066215824	0.0	0.0	0.4106822	0.0	0.30822358	0.0	0.0	0.058310807	0.19672501	0.0	0.0	0.0	0.0	0.0	0.0	0.015476887	0.0	0.0	0.19920135	0.0	0.3689722	0.0	0.0	0.0	0.09546318	0.15345842	0.0	0.39607063	0.0	0.19263928	0.0	0.0	0.186113	0.24361841	0.0	0.4081001	0.0	0.00830194	0.38367864	0.3295134	0.0	0.0	0.16931705	0.031523235	0.2795047	0.16372612	0.31190553	0.0	0.0	0.0	0.3512883	0.0	0.0	0.0	0.15778491	0.0	0.0010320978	0.0	0.0	0.15140535	0.0	0.0	0.0	0.0	0.0	0.28701308	0.0	0.41496256	0.0	0.0	0.0	0.08074365	0.09213835	0.0	0.0	0.0	0.25176564	0.0	0.0	0.0	0.09168044	0.07544526	0.0	0.0	0.5200142	0.26415047	0.0	0.0	0.24642754	0.0	0.01806198	0.0	0.0	0.12797154	0.0	0.0	0.0	0.0	0.2583342	0.41691568	0.0	0.3772291	0.0	0.30936372	0.0	0.29214257	0.34021163	0.06274251	0.054807913	0.15945072	0.0	0.0	0.25496098	0.24309832	0.0	7.59062e-05	0.10631316	0.26769692	0.0	0.0	0.0
0.20184183	0.0	0.4170957	0.0	0.0	0.013221782	0.028494814	0.0	0.0	0.5032738	0.0	0.37219372	0.0	0.0	0.10295862	0.17380595	0.0	0.0	0.0	0.0	0.0	0.0	0.034211356	0.0	0.0	0.2308486	0.0	0.40210077	0.0	0.0	0.0	0.12061378	0.16527833	0.0	0.44966653	0.0	0.22410823	0.0	0.0	0.18746026	0.27768412	0.0	0.43753454	0.0	0.0048229196	0.43648484	0.4161804	0.0	0.0	0.14411636	0.033543516	0.35054222	0.17973898	0.3847077	0.0	0.0	0.0	0.39330602	0.0	0.0	0.0	0.15478173	0.0	0.014013116	0.0	0.0	0.12074468	0.0	0.0	0.0	0.0056283646	0.0	0.34340978	0.0	0.4838566	0.0	0.0	0.0	0.13359636	0.10014513	0.0	0.0	0.0	0.30263755	0.02373466	0.0	0.0	0.10730418	0.11542819	0.0	0.0	0.5976276	0.30413976	0.0	0.0	0.27603412	0.0	0.044903025	0.0	0.0	0.15386575	0.0	0.0	0.0	0.0	0.33802268	0.48777187	0.0	0.4315703	0.0	0.36553118	0.0	0.36217418	0.44551674	0.054697942	0.09016425	0.15899129	0.0	0.0	0.2831478	0.29126796	0.0	0.0038480002	0.13930272	0.3119117	0.0	0.0	0.0
0.16878939	0.0	0.34210935	0.0	0.0	0.044402298	0.01652192	0.0	0.0	0.3980221	0.0	0.2626096	0.0012373598	0.0	0.088388145	0.21099277	0.0	0.0	0.0	0.0	0.0	0.0	0.043567106	0.0	0.0	0.25031123	0.0	0.34157932	0.0	0.0	0.0	0.10463696	0.16294663	0.0	0.372046	0.0	0.21653521	0.0	0.0	0.15702827	0.24799259	0.0	0.3852667	0.0	0.0070056394	0.388711	0.34489635	0.0	0.0	0.1335361	0.042309295	0.25378737	0.15472464	0.30476066	0.0	0.0	0.0	0.3003688	0.0	0.0	0.0	0.16830884	0.0	0.014442283	0.0	0.0	0.11297784	0.0	0.0	0.0	0.0	0.0	0.29818863	0.0	0.4249468	0.0	0.0	0.0	0.099412225	0.09169384	0.0	0.0	0.0	0.2470723	0.0047970726	0.0	0.0	0.11704388	0.06914853	0.0	0.0	0.5346007	0.21766639	0.0	0.0	0.22164817	0.0	0.05870105	0.0	0.0	0.09944749	0.0	0.0	0.0	0.0	0.24450636	0.4115468	0.0	0.35854673	0.0	0.3470373	0.0	0.25572255	0.35334182	0.1230101	0.085109055	0.20480953	0.0	0.0	0.2587497	0.23223285	0.0	0.0019648399	0.15514264	0.25751397	0.0	0.0	0.0
0.15413477	0.0	0.38207448	0.0	0.0	0.025854513	0.026170945	0.0	0.0	0.44911027	0.0	0.31367478	0.0	0.0	0.097784065	0.15914793	0.0	0.0	0.0	0.0	0.0	0.0	0.033077624	0.0	0.0	0.23715138	0.0	0.35541674	0.0	0.0	0.0	0.10441756	0.17219202	0.0	0.41952315	0.0	0.21285157	0.0	0.0	0.16278267	0.25049868	0.0	0.38645944	0.0	0.00839999	0.41816065	0.39906785	0.0	0.0	0.120995246	0.037245918	0.2991791	0.19061796	0.34875786	0.0	0.0	0.0	0.3499093	0.0	0.0	0.0	0.15555222	0.0	0.0144627355	0.0	0.0	0.0856239	0.0	0.0	0.0	0.0052250125	0.0	0.32575297	0.0	0.4642447	0.0	0.0	0.0	0.13699147	0.085230924	0.0	0.0	0.0	0.24396999	0.018428246	0.0	0.0	0.09351268	0.113544576	0.0	0.0	0.5581395	0.27076855	0.0	0.0	0.2526966	0.0	0.036893237	0.0	0.0	0.13495684	0.0	0.0	0.0	0.0	0.30091807	0.4383138	0.0	0.3943958	0.0	0.32828498	0.0	0.3068114	0.39289442	0.05874224	0.08168105	0.16997321	0.0	0.0	0.27466813	0.24930988	0.0	0.0	0.164201	0.2832894	0.0	0.0	0.0
0.21343808	0.0	0.37626442	0.0	0.0	0.022489449	0.019901201	0.0	0.0	0.46294925	0.0	0.38373542	0.00044735087	0.0	0.08240192	0.20805822	0.0	0.0	0.0	0.0	0.0	0.0	0.050752748	0.0	0.0	0.2192174	0.0	0.42346558	0.0	0.0	0.0	0.12239777	0.16362797	0.0	0.45079604	0.0	0.21029942	0.0	0.0	0.20680837	0.2868476	0.0	0.44832683	0.0	0.0	0.40629402	0.40421963	0.0	0.0	0.15815319	0.03188816	0.31737456	0.15977	0.37358364	0.0	0.0	0.0	0.40483603	0.0	0.0	0.0	0.17730565	0.0	0.011878733	0.0	0.0	0.15379375	0.0	0.0	0.0	0.0	0.0	0.31456137	0.0	0.4793125	0.0	0.0	0.0	0.092957646	0.11264915	0.0	0.0	0.0	0.31951106	0.008563658	0.0	0.0	0.099407315	0.10163984	0.0	0.0	0.5936684	0.28910145	0.0	0.0	0.2795329	0.0	0.040642116	0.0	0.0	0.14292328	0.0	0.0	0.0	0.0	0.35472098	0.46807468	0.0	0.41541967	0.0	0.3494819	0.0	0.356905	0.4437718	0.06378484	0.06914934	0.15908748	0.0	0.0	0.27858403	0.30188504	0.0	0.0	0.15141957	0.29703608	0.0	0.0	0.0
0.20690434	0.0	0.36012807	0.0	0.0	0.00090826425	0.0	0.0	0.0	0.44472536	0.0	0.3485409	0.0	0.0	0.062342916	0.2080278	0.0	0.0	0.0	0.0	0.0	0.0	0.01098182	0.0	0.0	0.20082599	0.0	0.40182093	0.0	0.0	0.0	0.09819452	0.16640358	0.0	0.41979447	0.0	0.20160516	0.0	0.0	0.1971844	0.26358312	0.0	0.4441739	0.0	0.0	0.39135775	0.34781322	0.0	0.0	0.1779654	0.027848473	0.29339448	0.16420276	0.33770633	0.0	0.0	0.0	0.37952578	0.0	0.0	0.0	0.16617739	0.0	0.004242707	0.0	0.0	0.17075501	0.0	0.0	0.0	0.0	0.0	0.30266914	0.0	0.43577847	0.0	0.0	0.0	0.08992955	0.08851892	0.0	0.0	0.0	0.27093804	0.0	0.0	0.0	0.098820396	0.07959483	0.0	0.0	0.56021714	0.28171864	0.0	0.0	0.26524907	0.0	0.012868263	0.0	0.0	0.13665949	0.0	0.0	0.0	0.0	0.28238758	0.44400558	0.0	0.39412937	0.0	0.33394888	0.0	0.32239312	0.37310657	0.06806115	0.07044186	0.15836741	0.0	0.0	0.24795079	0.2736615	0.0	0.0	0.10015123	0.28211626	0.0	0.0	0.0
0.20006128	0.0	0.33427754	0.0	0.0	0.0	0.0	0.0	0.0	0.3862443	0.0	0.3025849	0.0	0.0	0.050370056	0.21152908	0.0	0.0	0.0	0.0	0.0	0.0	0.0112653235	0.0	0.0	0.18281321	0.0	0.3645475	0.0	0.0	0.0	0.09282587	0.1469496	0.0	0.37659812	0.0	0.18724793	0.0	0.0	0.18896568	0.24296395	0.0	0.4093869	0.0	0.0	0.36643806	0.31090316	0.0	0.0	0.16892181	0.012128576	0.26461077	0.1526391	0.2898225	0.0	0.0	0.0	0.33935246	0.0	0.0	0.0	0.17139716	0.0	0.0053613386	0.0	0.0	0.17144895	0.0	0.0	0.0	0.0	0.0	0.28007403	0.0	0.3892516	0.0	0.0	0.0	0.0740258	0.0881566	0.0	0.0	0.0	0.24180798	0.0	0.0	0.0	0.07031611	0.053462338	0.0	0.0	0.49169898	0.26348743	0.0	0.0	0.23641193	0.0	0.018532861	0.0	0.0	0.11959895	0.0	0.0	0.0	0.0	0.23627281	0.40426135	0.0	0.3618972	0.0	0.286019	0.0	0.27820516	0.32620132	0.06686228	0.05493735	0.15722296	0.0	0.0	0.23788035	0.2410263	0.0	0.0	0.099652626	0.2509224	0.0	0.0	0.0
0.112298846	0.017473595	0.3190878	0.0	0.0	0.041877028	0.0	0.0	0.0	0.2933704	0.0	0.17658103	0.0	0.0	0.04377544	0.22043546	0.0	0.0	0.0	0.0	0.0	0.0	0.030329043	0.0	0.0	0.25189355	0.0	0.28459272	0.0	0.0	0.0	0.08588006	0.15300232	0.0	0.30729815	0.0	0.20027202	0.0	0.0	0.13904552	0.22672705	0.0	0.32785332	0.0	0.0045789666	0.35855523	0.29746687	0.0	0.0	0.107815884	0.037107777	0.18316615	0.16182041	0.22091772	0.0	0.0	0.0	0.24373472	0.0	0.0	0.0	0.18447268	0.0	0.0038465362	0.0	0.0	0.11031715	0.0	0.0	0.0	0.0086002285	0.0	0.27967772	0.0	0.36764002	0.0	0.0	0.0	0.10170143	0.08183499	0.0	0.0	0.0	0.18403924	0.0	0.0	0.0	0.087188385	0.053833384	0.0	0.0	0.44297096	0.16535382	0.0	0.0	0.1847686	0.0	0.06137586	0.0	0.0	0.09429435	0.0	0.0	0.0	0.0	0.1629842	0.33972707	0.0	0.30086574	0.0	0.27310216	0.0	0.1815027	0.26126662	0.13815622	0.0672783	0.19583477	0.0	0.0	0.24893065	0.18984777	0.0	0.0	0.14013268	0.20557864	0.0	0.0	0.0
0.18944736	0.0	0.32378212	0.0	0.0	0.01806519	0.0	0.0	0.0	0.34865716	0.0	0.27011552	0.0	0.0	0.0354726	0.26930925	0.0	0.0	0.0	0.0	0.0	0.0	0.020807618	0.0	0.0	0.22549123	0.0	0.3595654	0.0	0.0	0.0	0.08889124	0.15083309	0.0	0.33452824	0.0	0.1932091	0.0	0.0	0.16193978	0.25189948	0.0	0.42039612	0.0	0.0	0.37274334	0.28629076	0.0	0.0	0.18159252	0.037992578	0.21453224	0.12066245	0.25630873	0.0	0.0	0.0	0.2906411	0.0	0.0	0.0	0.18109411	0.0	0.006087385	0.0	0.0	0.18135709	0.0	0.0	0.0	0.0	0.0	0.2693356	0.0	0.37563133	0.0	0.0	0.0	0.11318189	0.08678228	0.0	0.0	0.0	0.24627471	0.0	0.0	0.0	0.12289578	0.026119405	0.0	0.0	0.52463365	0.19203661	0.0	0.0	0.22313799	0.0	0.04935361	0.0	0.0	0.0888795	0.0	0.0	0.0	0.0	0.17897004	0.38052496	0.0	0.3229607	0.0	0.33231965	0.0	0.2433614	0.29440334	0.16816705	0.0777931	0.19800226	0.0	0.0	0.24211343	0.22156696	0.0	0.0	0.12804951	0.23072629	0.0	0.0	0.0
0.07649609	0.01700782	0.30897376	0.0	0.0	0.04808979	0.0	0.0	0.0	0.25859556	0.0	0.1280988	0.0	0.0	0.04894154	0.21994384	0.0	0.0	0.0	0.0	0.0	0.0	0.035534848	0.0	0.0	0.2382118	0.0	0.25533378	0.0	0.0	0.0	0.06934721	0.15541375	0.0	0.27308664	0.0	0.2087506	0.0	0.0	0.12942488	0.2000323	0.0	0.2828596	0.0	0.0102673955	0.3419597	0.2886731	0.0	0.0	0.10528561	0.05256781	0.15700112	0.1662945	0.20138566	0.0	0.0	0.0	0.21925904	0.0	0.0	0.0	0.17198563	0.0	0.0	0.0	0.0	0.08912057	0.0	0.0	0.0	0.015760152	0.0	0.26942423	0.0	0.3401046	0.0	0.0	0.0	0.095481	0.08098858	0.0	0.0	0.0	0.15629391	0.0	0.0	0.0	0.080164306	0.05943842	0.0	0.0	0.39590564	0.13765213	0.0	0.0	0.16860445	0.0	0.060526337	0.0	0.0	0.07761014	0.0	0.0	0.0	0.0	0.120926015	0.31473032	0.0	0.2759626	0.0	0.24365823	0.0	0.13591595	0.21435712	0.14611727	0.052018654	0.20398127	0.0	0.0	0.25259012	0.15080981	0.0	0.0	0.1280212	0.17682834	0.0	0.0	0.0
0.11496905	0.01530921	0.3177984	0.0	0.0	0.05267184	0.0	0.0	0.0	0.29598337	0.0	0.17262219	0.0	0.0	0.04679702	0.23297612	0.0	0.0	0.0	0.0	0.0	0.0	0.03614441	0.0	0.0	0.25555137	0.0	0.28481352	0.0	0.0	0.0	0.08507812	0.15092836	0.0	0.30003217	0.0	0.20297189	0.0	0.0	0.13310313	0.23352052	0.0	0.32938603	0.0	0.0022668254	0.36376488	0.2928865	0.0	0.0	0.11558064	0.052793134	0.18277073	0.14832395	0.22056969	0.0	0.0	0.0	0.2418	0.0	0.0	0.0	0.17853253	0.0	0.0	0.0	0.0	0.10658014	0.0	0.0	0.0	0.01024757	0.0	0.2748077	0.0	0.35793003	0.0	0.0	0.0	0.10291517	0.08764847	0.0	0.0	0.0	0.19632836	0.0	0.0	0.0	0.108580075	0.04980786	0.0	0.0	0.45294264	0.1504274	0.0	0.0	0.18156016	0.0	0.0650085	0.0	0.0	0.084144294	0.0	0.0	0.0	0.0	0.15470885	0.3410214	0.0	0.29794028	0.0	0.28946638	0.0	0.17654127	0.2629063	0.16374856	0.07325286	0.21051149	0.0	0.0	0.25165662	0.18231623	0.0	0.0	0.1399421	0.20860355	0.0	0.0	0.0
0.0980953	0.027896205	0.31912076	0.0	0.0	0.052938282	0.0	0.0	0.0	0.27842954	0.0	0.15651745	0.0	0.0	0.04527014	0.22191973	0.0	0.0	0.0	0.0	0.0	0.0	0.03722665	0.0	0.0	0.25687945	0.0	0.27314973	0.0	0.0	0.0	0.083556674	0.15392657	0.0	0.29249716	0.0	0.21011698	0.0	0.0	0.13622107	0.22526653	0.0	0.31289858	0.0	0.008956145	0.3530711	0.29372844	0.0	0.0	0.10183149	0.048026208	0.17287517	0.1625253	0.2150451	0.0	0.0	0.0	0.2276871	0.0	0.0	0.0	0.18082048	0.0	0.008713706	0.0	0.0	0.10170591	0.0	0.0	0.0	0.017105354	0.0	0.27823666	0.0	0.35794577	0.0	0.0	0.0	0.096703164	0.08135835	0.0	0.0	0.0	0.1776883	0.0	0.0	0.0	0.08927873	0.05237436	0.0	0.0	0.42411256	0.15048671	0.0	0.0	0.17819177	0.0	0.067743696	0.0	0.0	0.08718473	0.0	0.0	0.0	0.0	0.14519902	0.33477262	0.0	0.2897638	0.0	0.26687905	0.0	0.16338547	0.25152624	0.14727044	0.06826326	0.20029998	0.0	0.0	0.24970913	0.17672141	0.0	0.0	0.1431074	0.19457543	0.0	0.0	0.0
0.07742495	0.007707588	0.30320686	0.0	0.0	0.03794515	0.0	0.0	0.0	0.2483178	0.0	0.12790155	0.0	0.0	0.04614526	0.22585058	0.0	0.0	0.0	0.0	0.0	0.0	0.03316179	0.0	0.0	0.22608294	0.0	0.25289398	0.0	0.0	0.0	0.06184991	0.15203027	0.0	0.26565143	0.0	0.20238002	0.0	0.0	0.13481897	0.19437425	0.0	0.2814048	0.0	0.008839329	0.33425286	0.28188878	0.0	0.0	0.10910612	0.051136587	0.15448365	0.16275024	0.19492535	0.0	0.0	0.0	0.21927668	0.0	0.0	0.0	0.17137778	0.0	0.0	0.0	0.0	0.097207725	0.0	0.0	0.0	0.010336544	0.0	0.2618184	0.0	0.33191183	0.0	0.0	0.0	0.09535557	0.07574224	0.0	0.0	0.0	0.15152234	0.0	0.0	0.0	0.07710434	0.055591058	0.0	0.0	0.38608888	0.13668112	0.0	0.0	0.16463116	0.0	0.057835087	0.0	0.0	0.06866842	0.0	0.0	0.0	0.0	0.111813925	0.30831558	0.0	0.27530122	0.0	0.23502605	0.0	0.13419177	0.20467257	0.14422488	0.04635298	0.2048419	0.0	0.0	0.25319564	0.14779018	0.0	0.0	0.12017902	0.1724597	0.0	0.0	0.0
0.12075309	0.015947627	0.31587997	0.0	0.0	0.044507165	0.0	0.0	0.0	0.2946142	0.0	0.19254851	0.0	0.0	0.04553381	0.23624499	0.0	0.0	0.0	0.0	0.0	0.0	0.031315204	0.0	0.0	0.2489701	0.0	0.29725134	0.0	0.0	0.0	0.087361485	0.14994967	0.0	0.30912715	0.0	0.20499448	0.0	0.0	0.13960113	0.23525469	0.0	0.3392457	0.0	0.0	0.3591956	0.29782906	0.0	0.0	0.121104866	0.04324415	0.18290913	0.14653008	0.22480969	0.0	0.0	0.0	0.25252244	0.0	0.0	0.0	0.18570197	0.0	0.0071450076	0.0	0.0	0.11859121	0.0	0.0	0.0	0.0064547383	0.0	0.2785569	0.0	0.3663745	0.0	0.0	0.0	0.100421965	0.08240143	0.0	0.0	0.0	0.19546889	0.0	0.0	0.0	0.09753894	0.04429769	0.0	0.0	0.45924163	0.16699135	0.0	0.0	0.18859734	0.0	0.06286285	0.0	0.0	0.08599105	0.0	0.0	0.0	0.0	0.16283356	0.34671187	0.0	0.2988293	0.0	0.28360632	0.0	0.18729909	0.2705823	0.15196982	0.07329045	0.20265003	0.0	0.0	0.24564503	0.19344871	0.0	0.0	0.14717446	0.2128381	0.0	0.0	0.0
0.14278358	0.014635849	0.31989834	0.0	0.0	0.047935884	0.0	0.0	0.0	0.31944892	0.0	0.21756059	0.0	0.0	0.048900783	0.24421115	0.0	0.0	0.0	0.0	0.0	0.0	0.032603953	0.0	0.0	0.25686386	0.0	0.3169985	0.0	0.0	0.0	0.09268984	0.15696792	0.0	0.32160982	0.0	0.21239622	0.0	0.0	0.14607845	0.25122103	0.0	0.36087576	0.0	0.0	0.3719678	0.30304778	0.0	0.0	0.1291049	0.045114387	0.19816631	0.13997932	0.2407242	0.0	0.0	0.0	0.26820424	0.0	0.0	0.0	0.18598647	0.0	0.014281071	0.0	0.0	0.12867336	0.0	0.0	0.0	0.003767134	0.0	0.280766	0.0	0.3791717	0.0	0.0	0.0	0.10390174	0.087121285	0.0	0.0	0.0	0.21432243	0.0	0.0	0.0	0.11032394	0.043451235	0.0	0.0	0.49315655	0.1734935	0.0	0.0	0.19792968	0.0	0.0685318	0.0	0.0	0.08415299	0.0	0.0	0.0	0.0	0.18256949	0.36465833	0.0	0.3154678	0.0	0.30863985	0.0	0.20771481	0.30051765	0.16290748	0.08869367	0.20795238	0.0	0.0	0.24415495	0.21516772	0.0	0.0	0.14433526	0.22942226	0.0	0.0	0.0
0.10974929	0.021225072	0.32609168	0.0	0.0	0.064492464	0.0	0.0	0.0	0.3006675	0.0	0.18610163	0.0	0.0	0.048045453	0.22953553	0.0	0.0	0.0	0.0	0.0	0.0	0.03790499	0.0	0.0	0.26729402	0.0	0.28365088	0.0	0.0	0.0	0.08388692	0.15570968	0.0	0.31435212	0.0	0.21125396	0.0	0.0	0.13448401	0.23252098	0.0	0.33250722	0.0	0.011359497	0.36297914	0.3165361	0.0	0.0	0.10553771	0.04551741	0.18022521	0.1543837	0.23243715	0.0	0.0	0.0	0.24837188	0.0	0.0	0.0	0.1816159	0.0	0.005932351	0.0	0.0	0.10125316	0.0	0.0	0.0	0.015902855	0.0	0.27815756	0.0	0.37361977	0.0	0.0	0.0	0.10316131	0.08572807	0.0	0.0	0.0	0.19101024	0.0	1.4950832e-06	0.0	0.104271114	0.054684788	0.0	0.0	0.4657843	0.16026363	0.0	0.0	0.19433945	0.0	0.071889676	0.0	0.0	0.09322792	0.0	0.0	0.0	0.0	0.17345957	0.350741	0.0	0.2955501	0.0	0.29004848	0.0	0.18759628	0.28349528	0.15515581	0.074051805	0.20180614	0.0	0.0	0.25203478	0.18559533	0.0	0.0	0.15531126	0.20613234	0.0	0.0	0.0
0.16662408	0.016938396	0.32413608	0.0	0.0	0.031629365	0.0	0.0	0.0	0.3318518	0.0	0.22380076	0.0	0.0	0.031330418	0.2696142	0.0	0.0	0.0	0.0	0.0	0.0	0.020965701	0.0	0.0	0.26280022	0.0	0.34544864	0.0	0.0	0.0	0.091752015	0.1580053	0.0	0.31166068	0.0	0.21338099	0.0	0.0	0.14747876	0.2542826	0.0	0.40354764	0.0	0.0	0.37771198	0.2677463	0.0	0.0	0.15248466	0.051451158	0.19579363	0.12822516	0.24104573	0.0	0.0	0.0	0.26228526	0.0	0.0	0.0	0.18798585	0.0	0.013060664	0.0	0.0	0.16439356	0.0	0.0	0.0	0.0026206847	0.0	0.28531215	0.0	0.36475313	0.0	0.0	0.0	0.1207411	0.09357581	0.0	0.0	0.0	0.22769682	0.0	0.0	0.0	0.12777449	0.029304579	0.0	0.0	0.5158233	0.16600202	0.0	0.0	0.2062794	0.0	0.067535825	0.0	0.0	0.08743764	0.0	0.0	0.0	0.0	0.14851843	0.3792112	0.0	0.3060386	0.0	0.33954895	0.0	0.21211326	0.27849987	0.19068396	0.10200461	0.20090215	0.0	0.0	0.24199124	0.21558405	0.0	0.0	0.13947792	0.21978134	0.0	0.0	0.0
0.08901635	0.010029654	0.30653495	0.0	0.0	0.04091673	0.0	0.0	0.0	0.2776152	0.0	0.15099855	0.0	0.0	0.054326523	0.21771772	0.0	0.0	0.0	0.0	0.0	0.0	0.03113717	0.0	0.0	0.22879358	0.0	0.264645	0.0	0.0	0.0	0.06981553	0.14879021	0.0	0.28241238	0.0	0.19391532	0.0	0.0	0.13646798	0.20583391	0.0	0.30059758	0.0	0.0054819672	0.34332475	0.2902286	0.0	0.0	0.11209821	0.045794975	0.170947	0.15761296	0.2074558	0.0	0.0	0.0	0.22501554	0.0	0.0	0.0	0.1723135	0.0	0.0	0.0	0.0	0.09659014	0.0	0.0	0.0	0.008429722	0.0	0.26342916	0.0	0.3455316	0.0	0.0	0.0	0.0992741	0.07832244	0.0	0.0	0.0	0.16454527	0.0	0.0	0.0	0.08296235	0.059020653	0.0	0.0	0.40907577	0.15082358	0.0	0.0	0.17170738	0.0	0.05276959	0.0	0.0	0.0740241	0.0	0.0	0.0	0.0	0.13437794	0.3192235	0.0	0.2899991	0.0	0.25187704	0.0	0.15438081	0.22699702	0.13989867	0.0521035	0.20478916	0.0	0.0	0.2528706	0.16017236	0.0	0.0	0.1277873	0.19237392	0.0	0.0	0.0
0.1232784	0.0	0.30798364	0.0	0.0	0.018967938	0.0	0.0	0.0	0.26664194	0.0	0.16640072	0.0	0.0	0.024953997	0.23451042	0.0	0.0	0.0	0.0	0.0	0.0	0.029691992	0.0	0.0	0.22718447	0.0	0.27750757	0.0	0.0	0.0	0.08260361	0.14684762	0.0	0.2836332	0.0	0.19491996	0.0	0.0	0.14682068	0.22213288	0.0	0.32115644	0.0	0.0004927131	0.34087744	0.27048358	0.0	0.0	0.12495551	0.031314738	0.17602922	0.14999326	0.20311905	0.0	0.0	0.0	0.22967458	0.0	0.0	0.0	0.17436148	0.0	0.0037651013	0.0	0.0	0.13292925	0.0	0.0	0.0	0.00042325258	0.0	0.2601852	0.0	0.33629122	0.0	0.0	0.0	0.09444151	0.07337291	0.0	0.0	0.0	0.17993681	0.0	0.0	0.0	0.074764915	0.03216529	0.0	0.0	0.41528627	0.15511645	0.0	0.0	0.17349619	0.0	0.055717874	0.0	0.0	0.07710779	0.0	0.0	0.0	0.0	0.12630472	0.3231566	0.0	0.29208475	0.0	0.25513896	0.0	0.16838934	0.23076355	0.13942067	0.058915664	0.19095063	0.0	0.0	0.24977636	0.18078192	0.0	0.0	0.0997676	0.18948622	0.0	0.0	0.0
0.14595343	0.0	0.3235317	0.0	0.0	0.028602853	0.0	0.0	0.0	0.28973207	0.0	0.1875299	0.0	0.0	0.030857421	0.23250501	0.0	0.0	0.0	0.0	0.0	0.0	0.037481185	0.0	0.0	0.2447375	0.0	0.27898237	0.0	0.0	0.0	0.0931664	0.13952744	0.0	0.30426165	0.0	0.19491677	0.0	0.0	0.14400089	0.23657191	0.0	0.33823434	0.0	0.0	0.3508683	0.27731138	0.0	0.0	0.1268478	0.032150686	0.20402817	0.1479954	0.22018786	0.0	0.0	0.0	0.23991843	0.0	0.0	0.0	0.1758628	0.0	0.0041503995	0.0	0.0	0.13631809	0.0	0.0	0.0	5.203237e-05	0.0	0.26243365	0.0	0.34667298	0.0	0.0	0.0	0.09959624	0.07982404	0.0	0.0	0.0	0.20309891	0.0	0.0	0.0	0.09105232	0.026875267	0.0	0.0	0.44334376	0.1590035	0.0	0.0	0.1771066	0.0	0.06310263	0.0	0.0	0.074210174	0.0	0.0	0.0	0.0	0.14758436	0.33794153	0.0	0.3120025	0.0	0.28488714	0.0	0.18718742	0.2615514	0.14427942	0.063066505	0.2039728	0.0	0.0	0.25715265	0.19554321	0.0	0.0	0.097827405	0.20594041	0.0	0.0	0.0
0.1263646	0.013571712	0.3181711	0.0	0.0	0.052653972	0.0	0.0	0.0	0.3040134	0.0	0.1928765	0.0	0.0	0.040502846	0.23952234	0.0	0.0	0.0	0.0	0.0	0.0	0.032734618	0.0	0.0	0.26147774	0.0	0.2978876	0.0	0.0	0.0	0.08897097	0.15479095	0.0	0.31327477	0.0	0.20796108	0.0	0.0	0.1383812	0.24231593	0.0	0.3461177	0.0	0.0	0.3640498	0.30069938	0.0	0.0	0.12601101	0.04560307	0.1831579	0.14134675	0.22744639	0.0	0.0	0.0	0.25171262	0.0	0.0	0.0	0.18659191	0.0	0.008033025	0.0	0.0	0.11886678	0.0	0.0	0.0	0.0072009577	0.0	0.28509465	0.0	0.37157416	0.0	0.0	0.0	0.10090672	0.086996615	0.0	0.0	0.0	0.20358975	0.0	0.0	0.0	0.11016049	0.04142919	0.0	0.0	0.47475195	0.1650487	0.0	0.0	0.1918878	0.0	0.06656206	0.0	0.0	0.08907979	0.0	0.0	0.0	0.0	0.17211325	0.3534743	0.0	0.30379397	0.0	0.29597247	0.0	0.1909684	0.28133515	0.15971635	0.08042755	0.20321083	0.0	0.0	0.24553724	0.1973499	0.0	0.0	0.14355226	0.21755435	0.0	0.0	0.0
0.10828736	0.01845784	0.3119624	0.0	0.0	0.055565257	0.0	0.0	0.0	0.28928313	0.0	0.1658362	0.0	0.0	0.04981309	0.23440392	0.0	0.0	0.0	0.0	0.0	0.0	0.030030942	0.0	0.0	0.25643912	0.0	0.28293812	0.0	0.0	0.0	0.08193449	0.1562981	0.0	0.29343012	0.0	0.2087264	0.0	0.0	0.13082573	0.22828615	0.0	0.32653376	0.0	0.0052591846	0.35795054	0.28816912	0.0	0.0	0.11387998	0.052528303	0.171287	0.14708906	0.21643226	0.0	0.0	0.0	0.23375611	0.0	0.0	0.0	0.17793997	0.0	0.0027225725	0.0	0.0	0.10490391	0.0	0.0	0.0	0.010008354	0.0	0.2742528	0.0	0.35711393	0.0	0.0	0.0	0.10265297	0.088110775	0.0	0.0	0.0	0.18571518	0.0	0.0	0.0	0.10382404	0.046485245	0.0	0.0	0.4498899	0.1499849	0.0	0.0	0.18083423	0.0	0.06608773	0.0	0.0	0.078483306	0.0	0.0	0.0	0.0	0.1486966	0.33750257	0.0	0.29200387	0.0	0.28697473	0.0	0.16892044	0.25673828	0.16438134	0.0767007	0.21211849	0.0	0.0	0.24543934	0.17819679	0.0	0.0	0.14067246	0.20463233	0.0	0.0	0.0
0.109654345	0.022625206	0.32414183	0.0	0.0	0.06593693	0.0	0.0	0.0	0.3163326	0.0	0.19328207	0.0	0.0	0.056467995	0.22633837	0.0	0.0	0.0	0.0	0.0	0.0	0.036071178	0.0	0.0	0.2649805	0.0	0.29692885	0.0	0.0	0.0	0.087821424	0.16152312	0.0	0.32193056	0.0	0.2102086	0.0	0.0	0.1366369	0.23622145	0.0	0.3391925	0.0	0.004694262	0.3744557	0.31888697	0.0	0.0	0.11175078	0.050370514	0.18561302	0.15192977	0.23586033	0.0	0.0	0.0	0.2580298	0.0	0.0	0.0	0.18158293	0.0	0.0063287504	0.0	0.0	0.10029883	0.0	0.0	0.0	0.014915674	0.0	0.2838167	0.0	0.38301882	0.0	0.0	0.0	0.10684153	0.08977088	0.0	0.0	0.0	0.19810538	0.0	0.0	0.0	0.10948584	0.06256833	0.0	0.0	0.4790494	0.16907446	0.0	0.0	0.20011862	0.0	0.065660566	0.0	0.0	0.09404167	0.0	0.0	0.0	0.0	0.18425614	0.35932243	0.0	0.30638325	0.0	0.29981974	0.0	0.19498752	0.28974488	0.15523684	0.07988575	0.20425773	0.0	0.0	0.24611616	0.19343384	0.0	0.0	0.16050792	0.21744366	0.0	0.0	0.0
0.09277952	0.009532941	0.31426558	0.0	0.0	0.032913692	0.0	0.0	0.0	0.26166883	0.0	0.14255239	0.0	0.0	0.04258487	0.22009467	0.0	0.0	0.0	0.0	0.0	0.0	0.0361664	0.0	0.0	0.23947285	0.0	0.26123348	0.0	0.0	0.0	0.0799468	0.15045771	0.0	0.27744302	0.0	0.20333071	0.0	0.0	0.13799746	0.21725416	0.0	0.29622987	0.0	0.0019038543	0.3441418	0.2826842	0.0	0.0	0.1026955	0.039314326	0.1735145	0.15751657	0.20468517	0.0	0.0	0.0	0.22513771	0.0	0.0	0.0	0.17857225	0.0	0.005949151	0.0	0.0	0.09970202	0.0	0.0	0.0	0.0075648003	0.0	0.27058274	0.0	0.3422036	0.0	0.0	0.0	0.101745725	0.07815671	0.0	0.0	0.0	0.16722687	0.0	0.0	0.0	0.07908217	0.04842486	0.0	0.0	0.40634322	0.14369243	0.0	0.0	0.16456448	0.0	0.061001807	0.0	0.0	0.07459988	0.0	0.0	0.0	0.0	0.12838452	0.32355204	0.0	0.2904241	0.0	0.25282127	0.0	0.15666258	0.231257	0.13999192	0.05690239	0.20420176	0.0	0.0	0.25703183	0.16753967	0.0	0.0	0.12148523	0.18721628	0.0	0.0	0.0
0.14448239	0.002445573	0.32588288	0.0	0.0	0.043506134	0.0	0.0	0.0	0.32185277	0.0	0.21838899	0.0	0.0	0.03994112	0.24316585	0.0	0.0	0.0	0.0	0.0	0.0	0.034797255	0.0	0.0	0.26142058	0.0	0.30979338	0.0	0.0	0.0	0.096991	0.15778078	0.0	0.3266543	0.0	0.21110289	0.0	0.0	0.15194647	0.25282833	0.0	0.3681961	0.0	0.0	0.36016402	0.30588117	0.0	0.0	0.12237822	0.042388137	0.19865052	0.14081392	0.2513449	0.0	0.0	0.0	0.2648379	0.0	0.0	0.0	0.18813552	0.0	0.021039741	0.0	0.0	0.13730808	0.0	0.0	0.0	0.004162351	0.0	0.28964683	0.0	0.38122296	0.0	0.0	0.0	0.09866563	0.08955842	0.0	0.0	0.0	0.21286662	0.0	0.0	0.0	0.10253043	0.034548417	0.0	0.0	0.4862593	0.1805573	0.0	0.0	0.19582616	0.0	0.06576682	0.0	0.0	0.09762577	0.0	0.0	0.0	0.0	0.18597674	0.3745985	0.0	0.31761208	0.0	0.3058457	0.0	0.21772312	0.30278388	0.14343843	0.08972999	0.18206938	0.0	0.0	0.24675451	0.22049586	0.0	0.0	0.15289868	0.22581832	0.0	0.0	0.0
0.119711734	0.018476171	0.321005	0.0	0.0	0.054708436	0.0	0.0	0.0	0.29521382	0.0	0.17730312	0.0	0.0	0.04090394	0.2391959	0.0	0.0	0.0	0.0	0.0	0.0	0.0339188	0.0	0.0	0.2655274	0.0	0.28865698	0.0	0.0	0.0	0.08641728	0.15410298	0.0	0.30946645	0.0	0.21169047	0.0	0.0	0.13555638	0.24073108	0.0	0.339231	0.0	0.0047999434	0.36284724	0.2983611	0.0	0.0	0.12138888	0.049311828	0.17842692	0.14544632	0.21806121	0.0	0.0	0.0	0.242871	0.0	0.0	0.0	0.18666947	0.0	0.0044325776	0.0	0.0	0.117024876	0.0	0.0	0.0	0.013021893	0.0	0.28021038	0.0	0.36066318	0.0	0.0	0.0	0.10281047	0.08717701	0.0	0.0	0.0	0.2020623	0.0	0.0	0.0	0.10777149	0.03868156	0.0	0.0	0.46379375	0.15483342	0.0	0.0	0.1876878	0.0	0.07019632	0.0	0.0	0.089350164	0.0	0.0	0.0	0.0	0.15736581	0.34600925	0.0	0.2966111	0.0	0.29322556	0.0	0.18228269	0.27034047	0.16368555	0.080858946	0.20764224	0.0	0.0	0.2488519	0.18585049	0.0	0.0	0.14151175	0.20585799	0.0	0.0	0.0
0.11813155	0.02540533	0.32000622	0.0	0.0	0.06253085	0.0	0.0	0.0	0.31450748	0.0	0.18903346	0.0	0.0	0.051259834	0.23543073	0.0	0.0	0.0	0.0	0.0	0.0	0.032458737	0.0	0.0	0.26850253	0.0	0.2990068	0.0	0.0	0.0	0.08909295	0.1565517	0.0	0.315538	0.0	0.21147811	0.0	0.0	0.13614386	0.24144875	0.0	0.3482653	0.0	0.0021952428	0.37220454	0.3031172	0.0	0.0	0.116779685	0.053704247	0.18271576	0.1472194	0.23181333	0.0	0.0	0.0	0.24773593	0.0	0.0	0.0	0.18280995	0.0	0.0065338425	0.0	0.0	0.1092903	0.0	0.0	0.0	0.011655499	0.0	0.2826196	0.0	0.3736694	0.0	0.0	0.0	0.105387986	0.08898277	0.0	0.0	0.0	0.20144092	0.0	0.0	0.0	0.115539916	0.04956161	0.0	0.0	0.48029697	0.16125709	0.0	0.0	0.19421531	0.0	0.06870472	0.0	0.0	0.088021256	0.0	0.0	0.0	0.0	0.16957672	0.3579602	0.0	0.3036618	0.0	0.30835366	0.0	0.18847843	0.28609705	0.16773665	0.086281545	0.21168263	0.0	0.0	0.24319214	0.19315176	0.0	0.0	0.15985715	0.21909046	0.0	0.002443023	0.0
0.08135014	0.02307062	0.30896142	0.0	0.0	0.054109458	0.0	0.0	0.0	0.25918797	0.0	0.12623776	0.0	0.0	0.053852946	0.22917767	0.0	0.0	0.0	0.0	0.0	0.0	0.035630163	0.0	0.0	0.24535124	0.0	0.25753978	0.0	0.0	0.0	0.07235173	0.15438108	0.0	0.265587	0.0	0.21012591	0.0	0.0	0.13051489	0.20735675	0.0	0.2889681	0.0	0.0068619214	0.34139478	0.28095195	0.0	0.0	0.10361284	0.057616655	0.15480995	0.16130641	0.20121163	0.0	0.0	0.0	0.21813627	0.0	0.0	0.0	0.17278485	0.0	0.0009979531	0.0	0.0	0.094032764	0.0	0.0	0.0	0.0133332275	0.0	0.26676407	0.0	0.33524862	0.0	0.0	0.0	0.097413115	0.08284824	0.0	0.0	0.0	0.16200662	0.0	0.0	0.0	0.091372885	0.04997316	0.0	0.0	0.40459606	0.13125587	0.0	0.0	0.16385336	0.0	0.06720151	0.0	0.0	0.068680875	0.0	0.0	0.0	0.0	0.11571166	0.31828573	0.0	0.27875522	0.0	0.25816384	0.0	0.13617574	0.22244614	0.16000977	0.06122701	0.21255213	0.0	0.0	0.25179115	0.15388867	0.0	0.0	0.12732255	0.18339217	0.0	0.0	0.0
0.12204037	0.02162826	0.3233041	0.0	0.0	0.052995007	0.0	0.0	0.0	0.3001454	0.0	0.1793912	0.0	0.0	0.046681732	0.2366304	0.0	0.0	0.0	0.0	0.0	0.0	0.03396548	0.0	0.0	0.26115602	0.0	0.29402328	0.0	0.0	0.0	0.089864396	0.15314184	0.0	0.30482766	0.0	0.21040134	0.0	0.0	0.13960615	0.24297877	0.0	0.3420073	0.0	0.0038522966	0.36522797	0.29169968	0.0	0.0	0.118274756	0.049498986	0.18539388	0.14666013	0.22275734	0.0	0.0	0.0	0.24532138	0.0	0.0	0.0	0.18312466	0.0	0.0054402775	0.0	0.0	0.11552445	0.0	0.0	0.0	0.014052327	0.0	0.27951053	0.0	0.36024866	0.0	0.0	0.0	0.10399517	0.08998134	0.0	0.0	0.0	0.20135939	0.0	0.0	0.0	0.10382593	0.0423068	0.0	0.0	0.4602941	0.15616487	0.0	0.0	0.18634062	0.0	0.0704884	0.0	0.0	0.087654434	0.0	0.0	0.0	0.0	0.15823036	0.34988084	0.0	0.3019805	0.0	0.29652765	0.0	0.1839246	0.27320617	0.16340365	0.08117039	0.20635603	0.0	0.0	0.24827735	0.19353925	0.0	0.0	0.13865535	0.207727	0.0	0.0	0.0
0.10763732	0.023991583	0.31386992	0.0	0.0	0.06693169	0.0	0.0	0.0	0.2998499	0.0	0.17675662	0.0	0.0	0.05401416	0.23422778	0.0	0.0	0.0	0.0	0.0	0.0	0.031671267	0.0	0.0	0.26087514	0.0	0.2892498	0.0	0.0	0.0	0.083302855	0.15769257	0.0	0.30692315	0.0	0.21118958	0.0	0.0	0.13376315	0.2325403	0.0	0.3322148	0.0	0.0046156137	0.3642174	0.303692	0.0	0.0	0.115349375	0.05464826	0.17342027	0.14754128	0.22366877	0.0	0.0	0.0	0.24520683	0.0	0.0	0.0	0.1795253	0.0	0.0052028685	0.0	0.0	0.10334328	0.0	0.0	0.0	0.013504833	0.0	0.27764034	0.0	0.366935	0.0	0.0	0.0	0.10155917	0.08523166	0.0	0.0	0.0	0.19234492	0.0	0.0	0.0	0.107966565	0.051269025	0.0	0.0	0.4644331	0.1558439	0.0	0.0	0.18960707	0.0	0.06749428	0.0	0.0	0.08461524	0.0	0.0	0.0	0.0	0.16125263	0.34812137	0.0	0.29400885	0.0	0.293294	0.0	0.17906319	0.27291632	0.16462362	0.077633955	0.21194237	0.0	0.0	0.24195969	0.18162976	0.0	0.0	0.15368764	0.20864134	0.0	0.0	0.0
0.09745487	0.018025154	0.31556222	0.0	0.0	0.051133726	0.0	0.0	0.0	0.2758135	0.0	0.1492741	0.0	0.0	0.048823763	0.22393817	0.0	0.0	0.0	0.0	0.0	0.0	0.03511953	0.0	0.0	0.24994682	0.0	0.26979348	0.0	0.0	0.0	0.07934604	0.15317738	0.0	0.28511617	0.0	0.20627363	0.0	0.0	0.13587213	0.22017987	0.0	0.30635837	0.0	0.0072242296	0.34970912	0.28833428	0.0	0.0	0.106963664	0.04605416	0.17074738	0.15879394	0.21068718	0.0	0.0	0.0	0.22826898	0.0	0.0	0.0	0.17901246	0.0	0.0023837972	0.0	0.0	0.101289414	0.0	0.0	0.0	0.014216457	0.0	0.27557775	0.0	0.3488653	0.0	0.0	0.0	0.09628343	0.08428321	0.0	0.0	0.0	0.17447703	0.0	0.0	0.0	0.08575537	0.049977984	0.0	0.0	0.41840294	0.14773555	0.0	0.0	0.17244263	0.0	0.066431925	0.0	0.0	0.08267688	0.0	0.0	0.0	0.0	0.13757174	0.32977515	0.0	0.28814316	0.0	0.26399887	0.0	0.15735601	0.24228458	0.14829336	0.06493629	0.20255178	0.0	0.0	0.25097305	0.17050143	0.0	0.0	0.13100608	0.19036062	0.0	0.0	0.0
0.083406605	0.02882502	0.31427255	0.0	0.0	0.060498822	0.0	0.0	0.0	0.2538698	0.0	0.12154081	0.0	0.0	0.04921928	0.2335717	0.0	0.0	0.0	0.0	0.0	0.0	0.04460728	0.0	0.0	0.25928497	0.0	0.25407162	0.0	0.0	0.0	0.0776587	0.15818703	0.0	0.2653673	0.0	0.22008675	0.0	0.0	0.13024364	0.21333246	0.0	0.2852817	0.0	0.009578749	0.3438909	0.2824097	0.0	0.0	0.09670421	0.05983475	0.15463342	0.166604	0.2040654	0.0	0.0	0.0	0.21943446	0.0	0.0	0.0	0.17837639	0.0	0.0048556565	0.0	0.0	0.09520019	0.0	0.0	0.0	0.019526271	0.0	0.27550387	0.0	0.342186	0.0	0.0	0.0	0.091575466	0.08536915	0.0	0.0	0.0	0.16686046	0.0	0.0	0.0	0.08944581	0.04549688	0.0	0.0	0.39717677	0.12823041	0.0	0.0	0.16165228	0.0	0.078231715	0.0	0.0	0.078000486	0.0	0.0	0.0	0.0	0.12289735	0.32002035	0.0	0.27390254	0.0	0.25739914	0.0	0.13510226	0.22871935	0.15940674	0.06945791	0.20538235	0.0	0.0	0.2555511	0.15826468	0.0	0.0	0.13585752	0.17673661	0.0	0.0	0.0
0.21261875	0.0	0.3687837	0.0	0.0	0.041138694	0.0	0.0	0.0	0.46900198	0.0	0.50184923	0.074255764	0.0	0.11591654	0.18173824	0.0	0.0	0.0	0.0	0.0	0.0	0.062949434	0.0	0.0	0.15473376	0.0	0.4517261	0.0	0.0	0.0	0.123727344	0.15609813	0.0	0.5461281	0.0	0.17386536	0.0	0.0	0.26438257	0.26372087	0.0	0.44806048	0.0	0.0	0.39251685	0.48491135	0.0	0.0	0.14771692	0.008886865	0.325651	0.18646383	0.3921301	0.0	0.0	0.0	0.5078764	0.0	0.0	0.0	0.1820938	0.0	0.0028043885	0.0	0.0	0.15977485	0.0	0.0	0.0	0.006790176	0.0	0.28822845	0.0	0.55286986	0.0	0.0	0.0	0.025193328	0.10902571	0.0	0.0	0.0	0.31533822	0.0	0.0	0.0	0.018266145	0.18349522	0.0	0.0	0.5562051	0.3655901	0.0	0.0	0.3414617	0.0	0.002168841	0.0	0.0	0.19488071	0.0	0.0	0.0	0.0	0.47672543	0.43252286	0.0	0.41959628	0.0	0.25494444	0.0	0.4272929	0.5310316	0.0	0.029367203	0.06454852	0.0	0.0	0.2371239	0.35197273	0.0	0.0	0.20897312	0.31615195	0.0	0.0	0.0
0.19586861	0.0	0.41043898	0.0	0.0	0.031496964	0.0	0.0	0.0	0.51026744	0.0	0.5268458	0.08340326	0.0	0.14772116	0.16048172	0.0	0.0	0.0	0.0	0.0	0.0	0.0807214	0.0	0.0	0.17097671	0.0	0.4584554	0.0	0.0	0.0	0.15125217	0.16445844	0.0	0.56277376	0.0	0.16329204	0.0	0.0	0.28594074	0.29728404	0.0	0.4714683	0.0	0.0	0.3987002	0.5063245	0.0	0.0	0.10603375	0.0	0.36601248	0.20270897	0.41916475	0.0	0.0	0.0	0.5082927	0.0	0.0	0.0	0.17832004	0.0	0.0	0.0	0.0	0.14462967	0.0	0.0	0.0	0.0028117262	0.0	0.29412496	0.0	0.5660146	0.0	0.0	0.0	0.0470466	0.13207315	0.0	0.0	0.0	0.3340198	0.0	0.0	0.0	0.015978167	0.20873694	0.0	0.0	0.5869035	0.37817803	0.0	0.0	0.33323842	0.0	0.0	0.0	0.0	0.19665809	0.0	0.0	0.0	0.0	0.50693125	0.4633757	0.0	0.472862	0.0	0.2739847	0.0	0.45608413	0.5952868	0.0	0.045547735	0.06344361	0.0	0.0	0.25325227	0.38428345	0.0	0.0	0.1938579	0.34612408	0.0	0.0	0.0
0.160684	0.0	0.3770281	0.0	0.0	0.055658396	0.0	0.0	0.0	0.42257068	0.0	0.45890534	0.09411216	0.0	0.120693855	0.17406742	0.0	0.0	0.0	0.0	0.0	0.0	0.08410895	0.0	0.0	0.16613533	0.0	0.42139652	0.0006114294	0.0	0.0	0.13429944	0.16118926	0.0	0.5407115	0.0	0.18515693	0.0	0.0	0.2586463	0.2546753	0.0	0.39560506	0.0	0.0	0.38824657	0.4925815	0.0	0.0	0.10939517	0.0016781995	0.29517993	0.20934604	0.37944296	0.0	0.0	0.0	0.504348	0.0	0.0	0.0	0.18415572	0.0	0.0016503496	0.0	0.0	0.13136558	0.0	0.0	0.0	0.030533588	0.0	0.29380557	0.0	0.5633748	0.0	0.0	0.0	0.0069139195	0.10777646	0.0	0.0	0.0	0.2905483	0.0	0.0	0.0	0.0	0.20410903	0.0	0.0	0.5059182	0.3588051	0.0	0.0	0.32133645	0.0	0.0020608834	0.0	0.0	0.19956405	0.0	0.0	0.0	0.0	0.4706386	0.42052868	0.0	0.39830697	0.0	0.21571761	0.0	0.4177263	0.5156388	0.0	0.01668847	0.046364766	0.0	0.0	0.246468	0.31718415	0.0	0.0	0.23195583	0.29422468	0.0	0.0	0.0
0.27961722	0.0	0.43587324	0.0	0.0	0.0	0.0	0.0	0.0	0.5713391	0.0	0.60900676	0.013534947	0.0	0.12198213	0.23410922	0.0	0.0	0.0	0.0	0.0	0.0	0.07413786	0.0	0.0	0.16827212	0.0	0.5470454	0.0	0.0	0.0	0.14732419	0.18558335	0.0	0.57926613	0.0	0.18451953	0.0	0.0	0.3172513	0.32491684	0.0	0.5721619	0.0	0.0	0.41436782	0.49884057	0.0	0.0	0.16521886	0.0	0.3952326	0.16116983	0.45416716	0.0	0.0	0.0	0.54448366	0.0	0.0	0.0	0.17489783	0.0	0.0064597353	0.0	0.0	0.21436001	0.0	0.0	0.0	0.0	0.0	0.29476902	0.0	0.56500083	0.0	0.0	0.0	0.079573415	0.14430195	0.0	0.0	0.0	0.40951946	0.0	0.0	0.0	0.08084256	0.16796716	0.0	0.0	0.6900003	0.37934205	0.0	0.0	0.37426695	0.0	0.0	0.0	0.0	0.18565445	0.0	0.0	0.0	0.0	0.49835706	0.5262518	0.0	0.5028079	0.0	0.36073077	0.0	0.49795827	0.63485426	0.017965918	0.087267876	0.07803739	0.0	0.0	0.25408742	0.42823255	0.0	0.0	0.17202972	0.3742886	0.0	0.0	0.0
0.14954127	0.0	0.3042545	0.0	0.0	0.031903762	0.0	0.0	0.0	0.2728143	0.0	0.27774128	0.023943821	0.0	0.041992825	0.22978503	0.0	0.0	0.0	0.0	0.0	0.0	0.049975306	0.0	0.0	0.13929546	0.0	0.33323142	0.0	0.0	0.0	0.09430331	0.12622733	0.0	0.3808769	0.0	0.19628215	0.0	0.0	0.21407919	0.21656518	0.0	0.32094157	0.0	0.0	0.32581523	0.3521235	0.0	0.0	0.14884354	0.023615532	0.1815961	0.1743222	0.26244393	0.0	0.0	0.0	0.35916594	0.0	0.0	0.0	0.17912869	0.0	0.002152377	0.0	0.0	0.15360674	0.0	0.0	0.0	0.007068064	0.0	0.24734342	0.0	0.41722342	0.0	0.0	0.0	0.016488956	0.086785935	0.0	0.0	0.0	0.22754683	0.0	0.0	0.0	0.015670257	0.09841936	0.0	0.0	0.3920451	0.23313631	0.0	0.0	0.2330752	0.0	0.019474441	0.0	0.0	0.11337885	0.0	0.0	0.0	0.0	0.24723051	0.32118636	0.0	0.2930636	0.0	0.17822753	0.0	0.2543895	0.30627298	0.043848608	0.007971867	0.10557466	0.0	0.0	0.24428137	0.19778681	0.0	0.0	0.16879506	0.2029792	0.0	0.0	0.0
0.17970197	0.0	0.367759	0.0	0.0	0.05789289	0.0	0.0	0.0	0.4282336	0.0	0.4746137	0.088832594	0.0	0.120236516	0.17962141	0.0	0.0	0.0	0.0	0.0	0.0	0.073440574	0.0	0.0	0.15219282	0.0	0.43155017	0.0	0.0	0.0	0.122619815	0.15816914	0.0	0.5471215	0.0	0.18543132	0.0	0.0	0.26190978	0.2525859	0.0	0.40712094	0.0	0.0	0.38260618	0.491967	0.0	0.0	0.134039	0.0060780807	0.29163942	0.20411856	0.37964737	0.0	0.0	0.0	0.51283306	0.0	0.0	0.0	0.18293798	0.0	0.00060902414	0.0	0.0	0.14487624	0.0	0.0	0.0	0.017113017	0.0	0.28683123	0.0	0.5618654	0.0	0.0	0.0	0.0074034533	0.10070365	0.0	0.0	0.0	0.2959584	0.0	0.0	0.0	0.0	0.19418769	0.0	0.0	0.51268566	0.36353746	0.0	0.0	0.33221403	0.0	0.0027791765	0.0	0.0	0.19737013	0.0	0.0	0.0	0.0	0.47167113	0.41572937	0.0	0.3940575	0.0	0.218255	0.0	0.41680816	0.5123665	0.0	0.01463027	0.049947023	0.0	0.0	0.23645099	0.32020518	0.0	0.0	0.22928053	0.29373717	0.0	0.0	0.0
0.19952933	0.0	0.40486327	0.0	0.0	0.03761173	0.0	0.0	0.0	0.49706355	0.0	0.52575874	0.091431886	0.0	0.14246146	0.16718328	0.0	0.0	0.0	0.0	0.0	0.0	0.0805425	0.0	0.0	0.17034729	0.0	0.45871508	0.0	0.0	0.0	0.1486892	0.16559958	0.0	0.56706506	0.0	0.16689974	0.0	0.0	0.28437528	0.29192942	0.0	0.4666501	0.0	0.0	0.39668158	0.50847507	0.0	0.0	0.110692434	0.0	0.3562065	0.20237128	0.4113188	0.0	0.0	0.0	0.51435304	0.0	0.0	0.0	0.18183811	0.0	0.0	0.0	0.0	0.15013967	0.0	0.0	0.0	0.0012087846	0.0	0.2958468	0.0	0.5708201	0.0	0.0	0.0	0.035355803	0.12633388	0.0	0.0	0.0	0.3300114	0.0	0.0	0.0	0.010680781	0.20519046	0.0	0.0	0.5781681	0.3777392	0.0	0.0	0.33762443	0.0	0.0	0.0	0.0	0.20158744	0.0	0.0	0.0	0.0	0.5077802	0.45489812	0.0	0.45886946	0.0	0.2652506	0.0	0.45283362	0.5917384	0.0	0.045627814	0.055967867	0.0	0.0	0.24659681	0.38478133	0.0	0.0	0.20008485	0.33834293	0.0	0.0	0.0
0.21508396	0.0	0.3926538	0.0	0.0	0.027599	0.0	0.0	0.0	0.51185775	0.0	0.5376641	0.06422455	0.0	0.14504443	0.1851362	0.0	0.0	0.0	0.0	0.0	0.0	0.0703254	0.0	0.0	0.15100878	0.0	0.47197402	0.0	0.0	0.0	0.13384558	0.16079564	0.0	0.5570223	0.0	0.15409632	0.0	0.0	0.2821678	0.285713	0.0	0.4904922	0.0	0.0	0.39814278	0.49346173	0.0	0.0	0.13534866	0.0	0.35619637	0.18221603	0.40617478	0.0	0.0	0.0	0.50637645	0.0	0.0	0.0	0.17144175	0.0	0.0	0.0	0.0	0.16124137	0.0	0.0	0.0	0.0	0.0	0.2766823	0.0	0.5512844	0.0	0.0	0.0	0.053241458	0.1280593	0.0	0.0	0.0	0.33811894	0.0	0.0	0.0	0.032959867	0.19560182	0.0	0.0	0.59803796	0.37215474	0.0	0.0	0.3445382	0.0	0.0	0.0	0.0	0.1864074	0.0	0.0	0.0	0.0	0.48845354	0.45025733	0.0	0.45649114	0.0	0.28423268	0.0	0.44844976	0.5753416	0.0	0.04315406	0.07412266	0.0	0.0	0.24096994	0.37533763	0.0	0.0	0.18686314	0.3434274	0.0	0.0	0.0
0.29144004	0.0	0.37970337	0.0	0.0	0.0	0.0	0.0	0.0	0.46076214	0.0	0.52150583	0.017080056	0.0	0.059442382	0.26753995	0.0	0.0	0.0	0.0	0.0	0.0	0.047628623	0.0	0.0	0.15784581	0.0	0.5028458	0.0	0.0	0.0	0.11265322	0.15164472	0.0	0.5257802	0.0	0.20301948	0.0	0.0	0.2775781	0.2886405	0.0	0.51539886	0.0	0.0	0.38614225	0.42964146	0.0	0.0	0.21409051	0.009191018	0.3212099	0.14875029	0.39400065	0.0	0.0	0.0	0.5045238	0.0	0.0	0.0	0.18977897	0.0	0.008747413	0.0	0.0	0.25086617	0.0	0.0	0.0	0.0	0.0	0.28557372	0.0	0.5134333	0.0	0.0	0.0	0.03390001	0.10327209	0.0	0.0	0.0	0.36168525	0.0	0.0	0.0	0.06572642	0.105678104	0.0	0.0	0.60455257	0.33241493	0.0	0.0	0.35054442	0.0	0.019810189	0.0	0.0	0.16789539	0.0	0.0	0.0	0.0	0.39905742	0.46485934	0.0	0.40134773	0.0	0.31544593	0.0	0.4319817	0.5178365	0.045817625	0.05182821	0.09893212	0.0	0.0	0.22384079	0.36106905	0.0	0.0	0.16515478	0.30127606	0.0	0.0	0.0
0.14961849	0.0	0.30861494	0.0	0.0	0.0273132	0.0	0.0	0.0	0.27338922	0.0	0.2742869	0.020753102	0.0	0.04082578	0.22737505	0.0	0.0	0.0	0.0	0.0	0.0	0.04792866	0.0	0.0	0.13862169	0.0	0.3293858	0.0	0.0	0.0	0.095924534	0.12011689	0.0	0.3724924	0.0	0.19294357	0.0	0.0	0.20879835	0.2205488	0.0	0.3256311	0.0	0.0	0.32747042	0.34443545	0.0	0.0	0.14919148	0.022973357	0.18714713	0.17173453	0.25843123	0.0	0.0	0.0	0.3463271	0.0	0.0	0.0	0.17759825	0.0	0.003912809	0.0	0.0	0.15579621	0.0	0.0	0.0	0.006358786	0.0	0.24324608	0.0	0.4037054	0.0	0.0	0.0	0.018901898	0.08942912	0.0	0.0	0.0	0.22750594	0.0	0.0	0.0	0.019980611	0.094276	0.0	0.0	0.39341268	0.22598909	0.0	0.0	0.23130214	0.0	0.018719299	0.0	0.0	0.10967362	0.0	0.0	0.0	0.0	0.23616652	0.321174	0.0	0.2936907	0.0	0.1824687	0.0	0.24931182	0.30172417	0.044075165	0.0037100762	0.11321824	0.0	0.0	0.24960972	0.1990106	0.0	0.0	0.154676	0.20366962	0.0	0.0	0.0
0.14172451	0.0	0.30926898	0.0	0.0	0.037864093	0.0	0.0	0.0	0.2547043	0.0	0.25971138	0.018159356	0.0	0.03502256	0.23147678	0.0	0.0	0.0	0.0	0.0	0.0	0.05389753	0.0	0.0	0.14111978	0.0	0.32279578	0.0	0.0	0.0	0.08907259	0.12740767	0.0	0.36890462	0.0	0.20627494	0.0	0.0015333485	0.21171905	0.21418293	0.0	0.30555487	0.0	0.0	0.32123628	0.35008362	0.0	0.0	0.14514588	0.025874639	0.16681977	0.1789508	0.25491193	0.0	0.0	0.0	0.34803507	0.0	0.0	0.0	0.18230243	0.0	0.0025671993	0.0	0.0	0.15096392	0.0	0.0	0.0	0.015918856	0.0	0.24451451	0.0	0.40997124	0.0	0.0	0.0	0.008790674	0.080313765	0.0	0.0	0.0	0.22394942	0.0	0.0	0.0	0.017547363	0.09458295	0.0	0.0	0.37540615	0.21856229	0.0	0.0	0.22770102	0.0	0.027502472	0.0	0.0	0.106116444	0.0	0.0	0.0	0.0	0.22981246	0.314782	0.0	0.28410038	0.0	0.16986454	0.0	0.23663485	0.29027918	0.0494365	0.0063599185	0.11436486	0.0	0.0	0.25170043	0.1860525	0.0	0.0	0.17105184	0.1908815	0.0	0.0	0.0
0.22934265	0.0	0.36027813	0.0	0.0	0.025109753	0.0	0.0	0.0	0.41418496	0.0	0.46285948	0.060482036	0.0	0.07473033	0.20336194	0.0	0.0	0.0	0.0	0.0	0.0	0.05411856	0.0	0.0	0.15623946	0.0	0.43724346	0.0	0.0	0.0	0.11586857	0.15102798	0.0	0.5182826	0.0	0.19517225	0.0	0.0	0.25420007	0.26282552	0.0	0.43010056	0.0	0.0	0.37715754	0.44919848	0.0	0.0	0.16490382	0.009375706	0.2965062	0.18369834	0.3634244	0.0	0.0	0.0	0.48887885	0.0	0.0	0.0	0.200176	0.0	0.006833382	0.0	0.0	0.18253063	0.0	0.0	0.0	0.012131266	0.0	0.29131722	0.0	0.52097815	0.0	0.0	0.0	0.01605604	0.08905488	0.0	0.0	0.0	0.30768135	0.0	0.0	0.0	0.009346127	0.14161327	0.0	0.0	0.5172573	0.3404472	0.0	0.0	0.3220749	0.0	0.019229729	0.0	0.0	0.18611093	0.0	0.0	0.0	0.0	0.4227626	0.4140512	0.0	0.3811022	0.0	0.23468137	0.0	0.39531574	0.48262095	0.012609445	0.027409226	0.06478631	0.0	0.0	0.23275407	0.33533642	0.0	0.0	0.1964546	0.28151754	0.0	0.0	0.0
0.15424414	0.0	0.35839877	0.0	0.0	0.06961518	0.0	0.0	0.0	0.39944267	0.0	0.43888423	0.078646995	0.0	0.11975559	0.18507433	0.0	0.0	0.0	0.0	0.0	0.0	0.07823846	0.0	0.0	0.1497994	0.0	0.4087945	0.0009358575	0.0	0.0	0.113013126	0.16247821	0.0	0.5257881	0.0	0.19206971	0.0	0.0	0.24728195	0.23268187	0.0	0.37178874	0.0	0.0	0.37711167	0.49023822	0.0	0.0	0.13031588	0.012949921	0.25725293	0.20549256	0.36445698	0.0	0.0	0.0	0.49274722	0.0	0.0	0.0	0.17971008	0.0	0.0	0.0	0.0	0.13083895	0.0	0.0	0.0	0.033238485	0.0	0.28212842	0.0	0.5581317	0.0	0.0	0.0	0.011092993	0.09037343	0.0	0.0	0.0	0.2748788	0.0	0.0	0.0	0.0017262598	0.19659765	0.0	0.0	0.48785654	0.34311065	0.0	0.0	0.31876186	0.0	0.007322869	0.0	0.0	0.1871724	0.0	0.0	0.0	0.0	0.44705334	0.3972455	0.0	0.36596474	0.0	0.20499551	0.0	0.3915683	0.47474054	0.0036867491	0.008208334	0.060365546	0.0	0.0	0.2400729	0.2829428	0.0	0.0	0.2461257	0.26816335	0.0	0.0	0.0
0.21797764	0.0	0.407274	0.0	0.0	0.019220268	0.0	0.0	0.0	0.5173998	0.0	0.54417187	0.07992316	0.0	0.14205089	0.19087441	0.0	0.0	0.0	0.0	0.0	0.0	0.07547011	0.0	0.0	0.1606586	0.0	0.4871491	0.0	0.0	0.0	0.1532303	0.16597438	0.0	0.56389505	0.0	0.16582017	0.0	0.0	0.29550835	0.30978015	0.0	0.51112837	0.0	0.0	0.39624307	0.50770926	0.0	0.0	0.116486795	0.0	0.36496422	0.18944919	0.4194988	0.0	0.0	0.0	0.5078107	0.0	0.0	0.0	0.17882775	0.0	0.0046803043	0.0	0.0	0.16966231	0.0	0.0	0.0	0.0	0.0	0.2855043	0.0	0.55519754	0.0	0.0	0.0	0.06552227	0.14219433	0.0	0.0	0.0	0.35113358	0.0	0.0	0.0	0.025080765	0.19189008	0.0	0.0	0.61096364	0.37337565	0.0	0.0	0.34837258	0.0	0.0008927025	0.0	0.0	0.18668778	0.0	0.0	0.0	0.0	0.4915155	0.47182187	0.0	0.47284427	0.0	0.29501757	0.0	0.462356	0.6059801	0.0	0.06174733	0.067402996	0.0	0.0	0.24998792	0.39684483	0.0	0.0	0.18013781	0.3392974	0.0	0.0	0.0
0.17202227	0.0	0.372548	0.0	0.0	0.052266438	0.0	0.0	0.0	0.40623963	0.0	0.454111	0.086570196	0.0	0.103680976	0.18119271	0.0	0.0	0.0	0.0	0.0	0.0	0.0747169	0.0	0.0	0.15367968	0.0	0.42125785	0.0011926679	0.0	0.0	0.12088534	0.16015635	0.0	0.53411156	0.0	0.1976677	0.0	0.0	0.25571725	0.25151053	0.0	0.39229563	0.0	0.0	0.37980017	0.48371148	0.0	0.0	0.12860031	0.005580028	0.27742934	0.20774738	0.3714091	0.0	0.0	0.0	0.5024097	0.0	0.0	0.0	0.19237459	0.0	0.0036777544	0.0	0.0	0.14300121	0.0	0.0	0.0	0.022639634	0.0	0.2892759	0.0	0.54859143	0.0	0.0	0.0	0.0076413616	0.098121345	0.0	0.0	0.0	0.2919928	0.0	0.0	0.0	0.0	0.18622307	0.0	0.0	0.49616638	0.35426223	0.0	0.0	0.3238152	0.0	0.0070059705	0.0	0.0	0.19188856	0.0	0.0	0.0	0.0	0.4547703	0.41254926	0.0	0.38312054	0.0	0.21045	0.0	0.40417847	0.49456325	0.0	0.007713442	0.052348364	0.0	0.0	0.2444493	0.31000343	0.0	0.0	0.22945559	0.27840087	0.0	0.0	0.0
0.28863752	0.0	0.43076515	0.0	0.0	0.0	0.0	0.0	0.0	0.6057983	0.0	0.62771887	0.0047225477	0.0	0.12816192	0.26575854	0.0	0.0	0.0	0.0	0.0	0.0	0.069186516	0.0	0.0	0.16893135	0.0	0.59005475	0.0	0.0	0.0	0.14611952	0.202667	0.0	0.5876549	0.0	0.19019125	0.0	0.0	0.32442197	0.32951018	0.0	0.6164177	0.0	0.0	0.43191925	0.49774167	0.0	0.0	0.17957427	0.0	0.4008914	0.14925823	0.47294343	0.0	0.0	0.0	0.5574617	0.0	0.0	0.0	0.16946399	0.0	0.0108771445	0.0	0.0	0.23640786	0.0	0.0	0.0	0.0	0.0	0.29984838	0.0	0.5789561	0.0	0.0	0.0	0.10056263	0.15297626	0.0	0.0	0.0	0.42194453	0.0	0.0	0.0	0.110402085	0.16698551	0.0	0.0	0.7428115	0.3805803	0.0	0.0	0.3852068	0.0	0.0	0.0	0.0	0.17537546	0.0	0.0	0.0	0.0	0.49343917	0.5528641	0.0	0.5111882	0.0	0.40413436	0.0	0.5159245	0.6448991	0.049815256	0.10187229	0.0997589	0.0	0.0	0.25235027	0.4242374	0.0	0.0	0.17880265	0.3859569	0.0	0.0	0.0
0.21394575	0.0	0.4227588	0.0	0.0	0.022143492	0.0	0.0	0.0	0.5307963	0.0	0.5533537	0.076120794	0.0	0.13170317	0.18053871	0.0	0.0	0.0	0.0	0.0	0.0	0.08558532	0.0	0.0	0.17843413	0.0	0.48687276	0.0	0.0	0.0	0.1502124	0.17252882	0.0	0.5729443	0.0	0.18447125	0.0	0.0	0.30990505	0.3190264	0.0	0.50413626	0.0	0.0	0.4077002	0.5144567	0.0	0.0	0.10087001	0.0	0.37665215	0.2026545	0.44247046	0.0	0.0	0.0	0.51982594	0.0	0.0	0.0	0.17808878	0.0	0.012749333	0.0	0.0	0.16765416	0.0	0.0	0.0	0.0	0.0	0.29496744	0.0	0.5736831	0.0	0.0	0.0	0.05781622	0.14087707	0.0	0.0	0.0	0.36752832	0.0	0.0	0.0	0.01749804	0.2035836	0.0	0.0	0.61895305	0.37572983	0.0	0.0	0.35482493	0.0	0.0021090955	0.0	0.0	0.19260444	0.0	0.0	0.0	0.0	0.5090533	0.48672485	0.0	0.4894055	0.0	0.297222	0.0	0.4730017	0.61949086	0.0	0.068714656	0.047938194	0.0	0.0	0.25852108	0.41976655	0.0	0.0	0.19107018	0.35758662	0.0	0.0	0.0
0.33990464	0.0	0.45760524	0.0	0.0	0.0	0.0	0.0	0.0	0.64401513	0.0	0.68881744	0.0	0.0	0.11471852	0.31771827	0.0	0.0	0.0	0.0	0.0	0.0	0.070600785	0.0	0.0	0.17819561	0.0	0.6519849	0.0	0.0	0.0	0.15015642	0.21163434	0.0	0.60731375	0.0	0.20764811	0.0	0.0	0.33419776	0.35294044	0.0	0.6798876	0.0	0.0	0.452376	0.4975561	0.0	0.0	0.23067613	0.0	0.42131808	0.12846681	0.49943534	0.0	0.0	0.0	0.59425783	0.0	0.0	0.0	0.1676052	0.0	0.0078092837	0.0	0.0	0.27869165	0.0	0.0	0.0	0.0	0.0	0.30644408	0.0	0.59480906	0.0	0.0	0.0	0.112588845	0.15373035	0.0	0.0	0.0	0.4727887	0.0	0.0	0.0	0.16851951	0.14304452	0.0	0.0	0.8157874	0.38686752	0.0	0.0	0.41083255	0.0	0.006288192	0.0	0.0	0.17001365	0.0	0.0	0.0	0.0	0.49764535	0.6019024	0.0	0.5271868	0.0	0.46675324	0.0	0.55749625	0.68551254	0.103544235	0.12579979	0.120951	0.0	0.0	0.25890458	0.4393754	0.0	0.0	0.16906081	0.4055146	0.0	0.0	0.0
0.19839449	0.0	0.37095484	0.0	0.0	0.049580816	0.0	0.0	0.0	0.42332697	0.0	0.46545604	0.08739475	0.0	0.097302794	0.1784478	0.0	0.0	0.0	0.0	0.0	0.0	0.07345279	0.0	0.0	0.16747339	0.0	0.43067217	0.003095283	0.0	0.0	0.12876	0.16048937	0.0	0.5374201	0.0	0.20128323	0.0	0.0	0.2620457	0.26394844	0.0	0.4122157	0.0	0.0	0.38086173	0.48579243	0.0	0.0	0.13294946	0.013470415	0.3015388	0.20461202	0.38260183	0.0	0.0	0.0	0.5026614	0.0	0.0	0.0	0.19370778	0.0	0.0073053204	0.0	0.0	0.15686418	0.0	0.0	0.0	0.021462299	0.0	0.30300853	0.0	0.559129	0.0	0.0	0.0	0.016059784	0.09626933	0.0	0.0	0.0	0.30688587	0.0	0.0	0.0	0.0	0.1769038	0.0	0.0	0.5153799	0.35192928	0.0	0.0	0.32661432	0.0	0.01648494	0.0	0.0	0.19982706	0.0	0.0	0.0	0.0	0.460148	0.41988206	0.0	0.3945104	0.0	0.22203006	0.0	0.40680048	0.5124406	0.005193441	0.027663337	0.053672373	0.0	0.0	0.2421033	0.3405316	0.0	0.0	0.22113943	0.28733426	0.0	0.0	0.0
0.23424096	0.0	0.41479102	0.0	0.0	0.02154164	0.0	0.0	0.0	0.5441885	0.0	0.5708139	0.06353262	0.0	0.14971778	0.18832397	0.0	0.0	0.0	0.0	0.0	0.0	0.07509307	0.0	0.0	0.1587481	0.0	0.50029665	0.0	0.0	0.0	0.14467888	0.17010893	0.0	0.58065003	0.0	0.16316168	0.0	0.0	0.2982134	0.30443642	0.0	0.5203614	0.0	0.0	0.40651932	0.51185125	0.0	0.0	0.13393153	0.0	0.3817191	0.18382119	0.429751	0.0	0.0	0.0	0.52592444	0.0	0.0	0.0	0.17311104	0.0	0.0	0.0	0.0	0.1720113	0.0	0.0	0.0	0.0	0.0	0.28708747	0.0	0.56823957	0.0	0.0	0.0	0.061382864	0.13730311	0.0	0.0	0.0	0.36590302	0.0	0.0	0.0	0.040100235	0.19808818	0.0	0.0	0.6336097	0.38421774	0.0	0.0	0.35760474	0.0	0.0	0.0	0.0	0.19454837	0.0	0.0	0.0	0.0	0.5122035	0.4792341	0.0	0.4836124	0.0	0.3056884	0.0	0.4736693	0.61890167	0.0	0.058199923	0.0696912	0.0	0.0	0.24516399	0.40560994	0.0	0.0	0.18529354	0.36147168	0.0	0.0	0.0
0.21805914	0.0	0.40837702	0.0	0.0	0.02623222	0.0	0.0	0.0	0.5276565	0.0	0.552675	0.074368164	0.0	0.14926352	0.17651767	0.0	0.0	0.0	0.0	0.0	0.0	0.07599842	0.0	0.0	0.1608795	0.0	0.48284724	0.0	0.0	0.0	0.14468275	0.16724138	0.0	0.57345575	0.0	0.16365631	0.0	0.0	0.29299918	0.29694018	0.0	0.49796036	0.0	0.0	0.40126988	0.5092862	0.0	0.0	0.12525521	0.0	0.3713111	0.19081533	0.42223346	0.0	0.0	0.0	0.51979643	0.0	0.0	0.0	0.17275746	0.0	0.0	0.0	0.0	0.1612915	0.0	0.0	0.0	0.0	0.0	0.28808066	0.0	0.5663681	0.0	0.0	0.0	0.052936237	0.13486414	0.0	0.0	0.0	0.3500419	0.0	0.0	0.0	0.02598215	0.20563324	0.0	0.0	0.6115357	0.38202086	0.0	0.0	0.34991765	0.0	0.0	0.0	0.0	0.19541132	0.0	0.0	0.0	0.0	0.50898075	0.46793488	0.0	0.47382745	0.0	0.28994033	0.0	0.46446058	0.6036629	0.0	0.050943274	0.063303955	0.0	0.0	0.2452073	0.3961501	0.0	0.0	0.18917835	0.35277772	0.0	0.0	0.0
0.23127358	0.0	0.4169776	0.0	0.0	0.02649486	0.0	0.0	0.0	0.54256034	0.0	0.5681514	0.05791101	0.0	0.14206271	0.19146562	0.0	0.0	0.0	0.0	0.0	0.0	0.07994477	0.0	0.0	0.16522986	0.0	0.49730512	0.0	0.0	0.0	0.14675038	0.174325	0.0	0.58099735	0.0	0.15758722	0.0	0.0	0.29827258	0.3129604	0.0	0.5211528	0.0	0.0	0.40789637	0.50954807	0.0	0.0	0.1272802	0.0	0.3845117	0.18461132	0.43186894	0.0	0.0	0.0	0.52734685	0.0	0.0	0.0	0.17393148	0.0	0.0	0.0	0.0	0.17007607	0.0	0.0	0.0	0.0	0.0	0.28349248	0.0	0.56237036	0.0	0.0	0.0	0.068696834	0.14235084	0.0	0.0	0.0	0.37791267	0.0	0.0	0.0	0.048204284	0.19818604	0.0	0.0	0.6389204	0.38215682	0.0	0.0	0.35418665	0.0	0.0	0.0	0.0	0.18959744	0.0	0.0	0.0	0.0	0.5161143	0.4813253	0.0	0.5000619	0.0	0.3138376	0.0	0.47871515	0.622408	0.0	0.05788195	0.078659944	0.0	0.0	0.2535789	0.40498367	0.0	0.0	0.17777503	0.36620748	0.0	0.0	0.0
0.17758875	0.0	0.35765186	0.0	0.0	0.06051107	0.0	0.0	0.0	0.41602668	0.0	0.45570186	0.07762377	0.0	0.11079534	0.18440612	0.0	0.0	0.0	0.0	0.0	0.0	0.06986364	0.0	0.0	0.15351994	0.0	0.42352477	0.0027097836	0.0	0.0	0.11564273	0.15860434	0.0	0.52817774	0.0	0.18857811	0.0	0.0	0.2512411	0.24570702	0.0	0.39906445	0.0	0.0	0.381052	0.48160055	0.0	0.0	0.13915093	0.011459671	0.27921674	0.19765694	0.37019202	0.0	0.0	0.0	0.49371424	0.0	0.0	0.0	0.18306349	0.0	0.0014170358	0.0	0.0	0.14450373	0.0	0.0	0.0	0.02173384	0.0	0.28678477	0.0	0.5533806	0.0	0.0	0.0	0.0168332	0.09336082	0.0	0.0	0.0	0.28929254	0.0	0.0	0.0	0.0045946003	0.18489273	0.0	0.0	0.5049426	0.34757432	0.0	0.0	0.32604334	0.0	0.008230059	0.0	0.0	0.1898679	0.0	0.0	0.0	0.0	0.4517344	0.40643486	0.0	0.37909493	0.0	0.21838975	0.0	0.3979555	0.48951614	0.0053881127	0.013331029	0.065081775	0.0	0.0	0.23741822	0.3079665	0.0	0.0	0.23059869	0.27994192	0.0	0.0	0.0
0.19560689	0.0	0.365671	0.0	0.0	0.052563768	0.0	0.0	0.0	0.453253	0.0	0.4924079	0.08332145	0.0	0.115230344	0.17697303	0.0	0.0	0.0	0.0	0.0	0.0	0.067161106	0.0	0.0	0.15877928	0.0	0.44269165	0.0028004337	0.0	0.0	0.11956939	0.16232485	0.0	0.5500422	0.0	0.18029833	0.0	0.0	0.25806034	0.25582817	0.0	0.43008757	0.0	0.0	0.3916802	0.49632183	0.0	0.0	0.13998353	0.01206644	0.3111234	0.1955647	0.39210403	0.0	0.0	0.0	0.50989074	0.0	0.0	0.0	0.18657	0.0	0.0011052428	0.0	0.0	0.15063757	0.0	0.0	0.0	0.0166782	0.0	0.29390597	0.0	0.56745017	0.0	0.0	0.0	0.026533185	0.09894707	0.0	0.0	0.0	0.30669132	0.0	0.0	0.0	0.011491436	0.19022016	0.0	0.0	0.5410074	0.36565188	0.0	0.0	0.34192458	0.0	0.0077887266	0.0	0.0	0.1994185	0.0	0.0	0.0	0.0	0.48270452	0.4266428	0.0	0.40760365	0.0	0.23948492	0.0	0.42419016	0.5250789	0.0014170619	0.023623751	0.06367981	0.0	0.0	0.23720126	0.34093475	0.0	0.0	0.22599685	0.3034931	0.0	0.0	0.0
0.19659686	0.0	0.3961437	0.0	0.0	0.044118036	0.0	0.0	0.0	0.51479167	0.0	0.54085904	0.08065015	0.0	0.15866062	0.16899477	0.0	0.0	0.0	0.0	0.0	0.0	0.0770382	0.0	0.0	0.15547244	0.0	0.46600303	0.0	0.0	0.0	0.13849874	0.16232546	0.0	0.57350343	0.0	0.15413357	0.0	0.0	0.28311107	0.28492275	0.0	0.47702527	0.0	0.0	0.40019253	0.5125268	0.0	0.0	0.122399725	0.0	0.35529533	0.19256069	0.415596	0.0	0.0	0.0	0.51896495	0.0	0.0	0.0	0.17335612	0.0	0.0	0.0	0.0	0.14693762	0.0	0.0	0.0	0.0021788601	0.0	0.282526	0.0	0.57277435	0.0	0.0	0.0	0.04302746	0.12734288	0.0	0.0	0.0	0.33178538	0.0	0.0	0.0	0.023885513	0.21529122	0.0	0.0	0.5896081	0.38520646	0.0	0.0	0.3493322	0.0	0.0	0.0	0.0	0.19698775	0.0	0.0	0.0	0.0	0.5159538	0.45297316	0.0	0.46015608	0.0	0.27357557	0.0	0.4600197	0.5902833	0.0	0.037463497	0.065511	0.0	0.0	0.241924	0.37398183	0.0	0.0	0.20510383	0.34570345	0.0	0.0	0.0
0.16133682	0.0	0.31112534	0.0	0.0	0.022376886	0.0	0.0	0.0	0.30738023	0.0	0.24321382	0.0	0.0	0.031838976	0.25736225	0.0	0.0	0.0	0.0	0.0	0.0	0.0334369	0.0	0.0	0.22477329	0.0	0.32807246	0.0	0.0	0.0	0.09470325	0.14739566	0.0	0.3263598	0.0	0.19311874	0.0	0.0	0.16212483	0.24816974	0.0	0.37837592	0.0	0.0	0.35550752	0.2977954	0.0	0.0	0.15379243	0.033537596	0.20739853	0.12797946	0.24134539	0.0	0.0	0.0	0.2803985	0.0	0.0	0.0	0.18590045	0.0	0.013142061	0.0	0.0	0.1633481	0.0	0.0	0.0	0.0	0.0	0.26753405	0.0	0.3758416	0.0	0.0	0.0	0.09841769	0.07827974	0.0	0.0	0.0	0.23220403	0.0	0.0	0.0	0.096106745	0.034630787	0.0	0.0	0.4876852	0.18436849	0.0	0.0	0.2067492	0.0	0.051856935	0.0	0.0	0.08936709	0.0	0.0	0.0	0.0	0.1830522	0.3579831	0.0	0.315532	0.0	0.28993475	0.0	0.22706239	0.29500604	0.14041336	0.07339251	0.1924497	0.0	0.0	0.24579768	0.21442498	0.0	0.0	0.1187071	0.22163294	0.0	0.0	0.0
0.13992693	0.0	0.3108467	0.0	0.0	0.008955074	0.0	0.0	0.0	0.28036365	0.0	0.20948832	0.0	0.0	0.029596245	0.22664005	0.0	0.0	0.0	0.0	0.0	0.0	0.028922314	0.0	0.0	0.20975713	0.0	0.29291758	0.0	0.0	0.0	0.07882047	0.13442032	0.0	0.31236243	0.0	0.18305945	0.0	0.0	0.15295656	0.22280838	0.0	0.33941594	0.0	0.0	0.34497145	0.2862469	0.0	0.0	0.14057742	0.027490497	0.20067732	0.15342529	0.22383942	0.0	0.0	0.0	0.25910556	0.0	0.0	0.0	0.17243505	0.0	0.0012418367	0.0	0.0	0.14909033	0.0	0.0	0.0	0.0	0.0	0.25211582	0.0	0.3517581	0.0	0.0	0.0	0.08940936	0.068751566	0.0	0.0	0.0	0.19436274	0.0	0.0	0.0	0.07098476	0.042004477	0.0	0.0	0.43624476	0.17896728	0.0	0.0	0.19393915	0.0	0.043151278	0.0	0.0	0.08273845	0.0	0.0	0.0	0.0	0.15711266	0.32917616	0.0	0.3080857	0.0	0.2512268	0.0	0.20366727	0.25726244	0.11813047	0.04428473	0.1821218	0.0	0.0	0.2511042	0.19286764	0.0	0.0	0.096280955	0.20094438	0.0	0.0	0.0
0.12130656	1.3945004e-06	0.31077912	0.0	0.0	0.023348063	0.0	0.0	0.0	0.26375833	0.0	0.17038174	0.0	0.0	0.02805309	0.22959608	0.0	0.0	0.0	0.0	0.0	0.0	0.033416364	0.0	0.0	0.22703755	0.0	0.27416766	0.0	0.0	0.0	0.08348107	0.14638984	0.0	0.2929505	0.0	0.19591445	0.0	0.0	0.14516631	0.21734005	0.0	0.31871328	0.0	0.001422712	0.3385261	0.2837318	0.0	0.0	0.120296836	0.034549117	0.17968053	0.15313117	0.20638742	0.0	0.0	0.0	0.23097599	0.0	0.0	0.0	0.17740996	0.0	0.00831639	0.0	0.0	0.12786506	0.0	0.0	0.0	0.0075932234	0.0	0.26770523	0.0	0.34054402	0.0	0.0	0.0	0.09086895	0.07700378	0.0	0.0	0.0	0.1806827	0.0	0.0	0.0	0.06924945	0.041419495	0.0	0.0	0.4122864	0.1595199	0.0	0.0	0.17452495	0.0	0.056919206	0.0	0.0	0.083907306	0.0	0.0	0.0	0.0	0.13551888	0.32319394	0.0	0.289053	0.0	0.24724764	0.0	0.16846056	0.23453836	0.12921225	0.05337034	0.1838487	0.0	0.0	0.25001812	0.18392853	0.0	0.0	0.10990486	0.18636902	0.0	0.0	0.0
0.11685898	0.013977376	0.30507374	0.0	0.0	0.038278837	0.0	0.0	0.0	0.2825285	0.0	0.17850606	0.0	0.0	0.039975334	0.2361099	0.0	0.0	0.0	0.0	0.0	0.0	0.024716467	0.0	0.0	0.23590739	0.0	0.29119146	0.0	0.0	0.0	0.07904465	0.15058781	0.0	0.2978075	0.0	0.19960465	0.0	0.0	0.13902588	0.22123666	0.0	0.33590353	0.0	0.003691836	0.34734687	0.28736064	0.0	0.0	0.12906873	0.046021204	0.17390531	0.14701957	0.21239859	0.0	0.0	0.0	0.23535621	0.0	0.0	0.0	0.17807092	0.0	0.0072689527	0.0	0.0	0.12558739	0.0	0.0	0.0	0.0074585504	0.0	0.2668034	0.0	0.34973553	0.0	0.0	0.0	0.09696356	0.07879049	0.0	0.0	0.0	0.18637462	0.0	0.0	0.0	0.09273497	0.043853953	0.0	0.0	0.44098052	0.15625656	0.0	0.0	0.18723905	0.0	0.05632913	0.0	0.0	0.078572236	0.0	0.0	0.0	0.0	0.14012507	0.33412066	0.0	0.28715253	0.0	0.27131727	0.0	0.17263633	0.24723835	0.15128486	0.064521946	0.19951208	0.0	0.0	0.24277599	0.1772223	0.0	0.0	0.12896708	0.19827545	0.0	0.0	0.0
0.0869666	0.03420937	0.31239828	0.0	0.0	0.07743467	0.0	0.0	0.0	0.27575025	0.0	0.1533966	0.0	0.0	0.04745092	0.24203472	0.0	0.0	0.0	0.0	0.0	0.0	0.037521183	0.0	0.0	0.27298874	0.0	0.2782069	0.0	0.0	0.0	0.079425976	0.16600347	0.0	0.29353246	0.0	0.22693558	0.0	0.0	0.12995131	0.21859564	0.0013675686	0.31458065	0.0	0.013125639	0.36078134	0.30284736	0.0	0.0	0.10180504	0.06959628	0.15378337	0.15957688	0.21579933	0.0	0.0	0.0	0.23755215	0.0	0.0	0.0	0.18160021	0.0	0.004125266	0.0	0.0	0.09729443	0.0	0.0	0.0	0.022586474	0.0	0.28069475	0.0	0.36878833	0.0	0.0	0.0	0.09473174	0.07767585	0.0	0.0	0.0	0.18320702	0.0	0.0003284725	0.0	0.11095407	0.053038884	0.0	0.0	0.44214877	0.14385544	0.0	0.0	0.1863243	0.0	0.07663638	0.0	0.0	0.085582316	0.0	0.0	0.0	0.0	0.14814757	0.33789662	0.0	0.27673066	0.0	0.28145406	0.0	0.16118608	0.26056156	0.16875438	0.081132896	0.20892608	0.0	0.0	0.24434753	0.16779757	0.0	0.0	0.1614914	0.19194798	0.0	0.003855494	0.0
0.09814116	0.011828658	0.30657247	0.0	0.0	0.042096715	0.0	0.0	0.0	0.26700094	0.0	0.15411863	0.0	0.0	0.04390737	0.23096184	0.0	0.0	0.0	0.0	0.0	0.0	0.032535408	0.0	0.0	0.2351712	0.0	0.26778507	0.0	0.0	0.0	0.07158964	0.15134442	0.0	0.27824786	0.0	0.20411761	0.0	0.0	0.13429809	0.213112	0.0	0.30274194	0.0	0.0032072875	0.34304336	0.28585583	0.0	0.0	0.119556226	0.049276132	0.16474952	0.15118237	0.20230214	0.0	0.0	0.0	0.2297634	0.0	0.0	0.0	0.17540771	0.0	0.0024162394	0.0	0.0	0.1072998	0.0	0.0	0.0	0.008630645	0.0	0.2658855	0.0	0.34554002	0.0	0.0	0.0	0.09363362	0.075201474	0.0	0.0	0.0	0.17161553	0.0	0.0	0.0	0.08574432	0.044304874	0.0	0.0	0.41627118	0.14647654	0.0	0.0	0.17033958	0.0	0.062474716	0.0	0.0	0.07508786	0.0	0.0	0.0	0.0	0.13324429	0.3202188	0.0	0.28214988	0.0	0.25480744	0.0	0.15397535	0.2288552	0.15054916	0.054759342	0.20447421	0.0	0.0	0.24922214	0.1617161	0.0	0.0	0.12392687	0.18728423	0.0	0.0	0.0
0.10897148	0.0	0.29257375	0.0	0.0	0.034499433	0.0	0.0	0.0	0.2665681	0.0	0.14682363	0.0	0.0	0.034368604	0.23673296	0.0	0.0	0.0	0.0	0.0	0.0	0.026211292	0.0	0.0	0.23999727	0.0	0.2724304	0.0	0.0	0.0	0.07045225	0.15022694	0.0	0.27731267	0.0	0.20316897	0.0	0.0	0.14004995	0.20797326	0.0	0.3152336	0.0	0.0018291101	0.3352025	0.27635932	0.0	0.0	0.12547803	0.03663175	0.16573875	0.14877291	0.21950763	0.0	0.0	0.0	0.2389165	0.0	0.0	0.0	0.17938457	0.0	0.002772848	0.0	0.0	0.12241763	0.0	0.0	0.0	0.0022810027	0.0	0.27044356	0.0	0.3388001	0.0	0.0	0.0	0.08979845	0.06923779	0.0	0.0	0.0	0.17212032	0.0	0.0	0.0	0.09093378	0.03007297	0.0	0.0	0.42386433	0.13939597	0.0	0.0	0.16854163	0.0	0.05361959	0.0	0.0	0.073394276	0.0	0.0	0.0	0.0	0.11436983	0.33385646	0.0	0.2734312	0.0	0.2586983	0.0	0.16137819	0.22519147	0.14879905	0.05007474	0.20391111	0.0	0.0	0.249036	0.15661505	0.0	0.0	0.12079219	0.1841926	0.0	0.0	0.0
0.10862086	0.0	0.298026	0.0	0.0	0.023619398	0.0	0.0	0.0	0.2728563	0.0	0.16627318	0.0	0.0	0.035575632	0.2258482	0.0	0.0	0.0	0.0	0.0	0.0	0.027663827	0.0	0.0	0.22051686	0.0	0.27202293	0.0	0.0	0.0	0.06690868	0.14939824	0.0	0.2911426	0.0	0.18841164	0.0	0.0	0.14025663	0.20512615	0.0	0.3125887	0.0	0.0006753045	0.34127438	0.28676948	0.0	0.0	0.12822701	0.04165289	0.17697078	0.14750981	0.20725524	0.0	0.0	0.0	0.23584683	0.0	0.0	0.0	0.17374448	0.0	0.00046239296	0.0	0.0	0.11532781	0.0	0.0	0.0	0.0	0.0	0.2606484	0.0	0.34467626	0.0	0.0	0.0	0.09318814	0.068675585	0.0	0.0	0.0	0.17065108	0.0	0.0	0.0	0.08169823	0.043263715	0.0	0.0	0.41806808	0.15792005	0.0	0.0	0.1779825	0.0	0.05030203	0.0	0.0	0.076505765	0.0	0.0	0.0	0.0	0.13761894	0.32231224	0.0	0.28906754	0.0	0.24962766	0.0	0.1661039	0.22593534	0.1304623	0.050892863	0.19961546	0.0	0.0	0.24962784	0.16374181	0.0	0.0	0.11228909	0.18986695	0.0	0.0	0.0
0.12458954	0.0	0.3114266	0.0	0.0	0.028288102	0.0	0.0	0.0	0.28421262	0.0	0.18364787	0.0	0.0	0.028029472	0.23454565	0.0	0.0	0.0	0.0	0.0	0.0	0.0326487	0.0	0.0	0.24082236	0.0	0.2865723	0.0	0.0	0.0	0.08402833	0.15017545	0.0	0.30408108	0.0	0.19536376	0.0	0.0	0.14355415	0.22833692	0.0	0.3353305	0.0	0.0007772918	0.3554193	0.2889532	0.0	0.0	0.12385488	0.03829202	0.18789624	0.1448581	0.21306925	0.0	0.0	0.0	0.24413013	0.0	0.0	0.0	0.18283348	0.0	0.002630328	0.0	0.0	0.12586735	0.0	0.0	0.0	0.0037175778	0.0	0.27146867	0.0	0.35386345	0.0	0.0	0.0	0.099236764	0.07571205	0.0	0.0	0.0	0.19305211	0.0	0.0	0.0	0.08815163	0.0399766	0.0	0.0	0.44302258	0.16049686	0.0	0.0	0.18276155	0.0	0.058590326	0.0	0.0	0.08662715	0.0	0.0	0.0	0.0	0.14920305	0.33392307	0.0	0.2967813	0.0	0.27048525	0.0	0.18445165	0.25400537	0.13959827	0.065364294	0.19370852	0.0	0.0	0.2511803	0.1873073	0.0	0.0	0.11462142	0.20038597	0.0	0.0	0.0
0.110912256	0.019485516	0.3111584	0.0	0.0	0.05573192	0.0	0.0	0.0	0.2964835	0.0	0.1846991	0.0	0.0	0.04541099	0.2373343	0.0	0.0	0.0	0.0	0.0	0.0	0.029252058	0.0	0.0	0.2584139	0.0	0.29150954	0.0	0.0	0.0	0.081793725	0.1561342	0.0	0.30760136	0.0	0.2094074	0.0	0.0	0.13532718	0.23248482	0.0	0.33434334	0.0	0.0024292383	0.36373165	0.3014559	0.0	0.0	0.115698256	0.052756686	0.17434157	0.14985631	0.22259118	0.0	0.0	0.0	0.24725449	0.0	0.0	0.0	0.18418352	0.0	0.0059089498	0.0	0.0	0.11009047	0.0	0.0	0.0	0.008370935	0.0	0.27531806	0.0	0.36713067	0.0	0.0	0.0	0.10316592	0.07516948	0.0	0.0	0.0	0.18926203	0.0	0.0	0.0	0.10624779	0.046469297	0.0	0.0	0.46478567	0.15917327	0.0	0.0	0.18983512	0.0	0.06465068	0.0	0.0	0.08251128	0.0	0.0	0.0	0.0	0.15963875	0.3454578	0.0	0.29334983	0.0	0.29059157	0.0	0.18348186	0.2710596	0.15925755	0.07522415	0.20910285	0.0	0.0	0.24382694	0.18351376	0.0	0.0	0.15821938	0.2107575	0.0	0.0	0.0
0.10101247	0.0033869538	0.30777928	0.0	0.0	0.032117475	0.0	0.0	0.0	0.2759826	0.0	0.16707098	0.0	0.0	0.04396106	0.23679851	0.0	0.0	0.0	0.0	0.0	0.0	0.032397427	0.0	0.0	0.23292293	0.0	0.2780526	0.0	0.0	0.0	0.081525184	0.15435918	0.0	0.28855464	0.0	0.20126212	0.0	0.0	0.1515875	0.2184499	0.0	0.31913805	0.0	0.0014373598	0.3420143	0.29189277	0.0	0.0	0.11206353	0.04943444	0.1703776	0.14771278	0.21480583	0.0	0.0	0.0	0.24121045	0.0	0.0	0.0	0.17731781	0.0	0.0036878374	0.0	0.0	0.121103324	0.0	0.0	0.0	0.007406344	0.0	0.26488903	0.0	0.34945425	0.0	0.0	0.0	0.10089732	0.07820261	0.0	0.0	0.0	0.17983735	0.0	0.0	0.0	0.07864285	0.045805946	0.0	0.0	0.423347	0.16060416	0.0	0.0	0.17856169	0.0	0.057642385	0.0	0.0	0.08165266	0.0	0.0	0.0	0.0	0.1362226	0.33229825	0.0	0.2918103	0.0	0.2582899	0.0	0.16963275	0.23820496	0.13936833	0.064855896	0.1892147	0.0	0.0	0.25347403	0.17127122	0.0	0.0	0.12762494	0.18950863	0.0	0.0	0.0
0.15420274	0.0013889205	0.30029082	0.0	0.0	0.026928162	0.0	0.0	0.0	0.29385078	0.0	0.20377629	0.0	0.0	0.026017094	0.2731218	0.0	0.0	0.0	0.0	0.0	0.0	0.02018107	0.0	0.0	0.24354105	0.0	0.31460485	0.0	0.0	0.0	0.08334022	0.14904231	0.0	0.2951801	0.0	0.19723147	0.0	0.0	0.14012241	0.2373401	0.0	0.36994717	0.0	0.0	0.3590802	0.27008316	0.0	0.0	0.16009273	0.051025942	0.17893004	0.114370055	0.21570075	0.0	0.0	0.0	0.24628262	0.0	0.0	0.0	0.1822292	0.0	0.0066732117	0.0	0.0	0.1543489	0.0	0.0	0.0	0.0	0.0	0.26504233	0.0	0.35336268	0.0	0.0	0.0	0.109592415	0.07492719	0.0	0.0	0.0	0.21058305	0.0	0.0	0.0	0.12284926	0.020554027	0.0	0.0	0.48829588	0.15271892	0.0	0.0	0.19512676	0.0	0.06076723	0.0	0.0	0.07159614	0.0	0.0	0.0	0.0	0.13740505	0.34668207	0.0	0.29100838	0.0	0.31019	0.0	0.19152986	0.25592157	0.18815796	0.08085709	0.21467303	0.0	0.0	0.23933506	0.18889485	0.0	0.0	0.12255361	0.20936973	0.0	0.0	0.0
0.12419411	0.0	0.29645726	0.0	0.0	0.019820474	0.0	0.0	0.0	0.2719654	0.0	0.18222652	0.0	0.0	0.032042883	0.23557095	0.0	0.0	0.0	0.0	0.0	0.0	0.02602525	0.0	0.0	0.21809952	0.0	0.28358063	0.0	0.0	0.0	0.07251883	0.14683005	0.0	0.29275593	0.0	0.1899267	0.0	0.0	0.1432691	0.20955473	0.0	0.3253838	0.0	0.0	0.34269032	0.28163585	0.0	0.0	0.13582668	0.03917943	0.17465167	0.14151593	0.2069373	0.0	0.0	0.0	0.24043305	0.0	0.0	0.0	0.17416291	0.0	0.0031367317	0.0	0.0	0.13208574	0.0	0.0	0.0	0.0	0.0	0.25745007	0.0	0.3480347	0.0	0.0	0.0	0.0876931	0.064458676	0.0	0.0	0.0	0.1804595	0.0	0.0	0.0	0.07935607	0.03741987	0.0	0.0	0.4223217	0.16351177	0.0	0.0	0.18185623	0.0	0.051083192	0.0	0.0	0.07346027	0.0	0.0	0.0	0.0	0.14077538	0.3220909	0.0	0.2880064	0.0	0.2528967	0.0	0.1767195	0.23412937	0.13492067	0.052727778	0.19414611	0.0	0.0	0.2439061	0.17228581	0.0	0.0	0.11029502	0.19101743	0.0	0.0	0.0
0.15076573	0.00038189068	0.29020658	0.0	0.0	0.0132311685	0.0	0.0	0.0	0.27099785	0.0	0.16220467	0.0	0.0	0.021952128	0.26258132	0.0	0.0	0.0	0.0	0.0	0.0	0.011427432	0.0	0.0	0.22819829	0.0	0.28851175	0.0	0.0	0.0	0.06389781	0.13877033	0.0	0.25848845	0.0	0.19694452	0.0	0.0	0.124711156	0.21652673	0.0	0.34404764	0.0	0.0	0.33971086	0.23253392	0.0	0.0	0.17013942	0.056566507	0.16482888	0.11967733	0.19042976	0.0	0.0	0.0	0.21248893	0.0	0.0	0.0	0.17385562	0.0	0.0033847254	0.0	0.0	0.15227829	0.0	0.0	0.0	0.0	0.0	0.25447986	0.0	0.30795762	0.0	0.0	0.0	0.099660516	0.06547273	0.0	0.0	0.0	0.18601732	0.0	0.0	0.0	0.11046199	0.012750092	0.0	0.0	0.4375217	0.1374964	0.0	0.0	0.1673271	0.0	0.057849437	0.0	0.0	0.054068834	0.0	0.0	0.0	0.0	0.088063955	0.3231661	0.0	0.273044	0.0	0.29010227	0.0	0.14862435	0.19355603	0.18653607	0.06341667	0.2187593	0.0	0.0	0.23993093	0.16070588	0.0	0.0	0.09090755	0.19066954	0.0	0.0	0.0
0.13259478	0.01569444	0.28404215	0.0	0.0	0.021808624	0.0	0.0	0.0	0.2462933	0.0	0.123040654	0.0	0.0	0.023079509	0.26573086	0.0	0.0	0.0	0.0	0.0	0.0	0.010725989	0.0	0.0	0.24228774	0.0	0.2688955	0.0	0.0	0.0	0.061834138	0.14348562	0.0	0.23794079	0.0	0.20631512	0.0	0.0	0.11605134	0.20525897	0.0	0.32097557	0.0	0.0025984745	0.3310283	0.22085524	0.0	0.0	0.1580034	0.06822661	0.14534484	0.12768164	0.17490655	0.0	0.0	0.0	0.18991293	0.0	0.0	0.0	0.17646973	0.0	0.0040982575	0.0	0.0	0.13936405	0.0	0.0	0.0	0.0	0.0	0.2593684	0.0	0.30070662	0.0	0.0	0.0	0.09616571	0.06755193	0.0	0.0	0.0	0.16789706	0.0	0.0	0.0	0.109393924	0.010850464	0.0	0.0	0.4098982	0.11553531	0.0	0.0	0.15352355	0.0	0.06955693	0.0	0.0	0.048404634	0.0	0.0	0.0	0.0	0.06199159	0.31098697	0.0	0.25728685	0.0	0.27988288	0.0	0.115558006	0.17154574	0.19876559	0.06438583	0.22607209	0.0	0.0	0.23873024	0.14285752	0.0	0.0	0.09843007	0.1750834	0.0	0.0	0.0
0.08896497	0.020354355	0.30413404	0.0	0.0	0.05605853	0.0	0.0	0.0	0.253181	0.0	0.13621852	0.0	0.0	0.040817033	0.2403134	0.0	0.0	0.0	0.0	0.0	0.0	0.03458165	0.0	0.0	0.24910104	0.0	0.26280054	0.0	0.0	0.0	0.06937387	0.15878916	0.0	0.2744885	0.0	0.21384364	0.0	0.0	0.12864931	0.20561697	0.0	0.29469648	0.0	0.009288506	0.34701928	0.28581747	0.0	0.0	0.11128981	0.060769677	0.14988434	0.15639636	0.20019156	0.0	0.0	0.0	0.22498678	0.0	0.0	0.0	0.17852843	0.0	0.0004926336	0.0	0.0	0.101633824	0.0	0.0	0.0	0.015751803	0.0	0.2690824	0.0	0.34404656	0.0	0.0	0.0	0.0930641	0.07419568	0.0	0.0	0.0	0.16765642	0.0	0.0	0.0	0.09310722	0.04548638	0.0	0.0	0.4126874	0.13318782	0.0	0.0	0.17230104	0.0	0.069143966	0.0	0.0	0.07533378	0.0	0.0	0.0	0.0	0.121718235	0.31845698	0.0	0.2682549	0.0	0.25654423	0.0	0.1420884	0.225141	0.16259974	0.06189723	0.20854162	0.0	0.0	0.24837409	0.15430285	0.0	0.0	0.13383244	0.17737119	0.0	0.0	0.0
0.18941283	0.0012824243	0.3089771	0.0	0.0	0.016372861	0.0	0.0	0.0	0.30357644	0.0	0.2019671	0.0	0.0	0.019651107	0.3064237	0.0	0.0	0.0	0.0	0.0	0.0	0.016364083	0.0	0.0	0.2531984	0.0	0.3341991	0.0	0.0	0.0	0.07980873	0.1478491	0.0	0.27428222	0.0	0.20989287	0.0	0.0	0.13785438	0.24804793	0.0	0.40426102	0.0	0.0	0.3571272	0.22878201	0.0	0.0	0.18950085	0.058041353	0.17196836	0.0975627	0.20941289	0.0	0.0	0.0	0.23041387	0.0	0.0	0.0	0.18513931	0.0	0.007588768	0.0	0.0	0.1904425	0.0	0.0	0.0	0.0	0.0	0.2646927	0.0	0.32709125	0.0	0.0	0.0	0.1215381	0.07607619	0.0	0.0	0.0	0.22879826	0.0	0.0	0.0	0.15297632	0.0068610236	0.0	0.0	0.50670594	0.13529377	0.0	0.0	0.18263997	0.0	0.06915921	0.0	0.0	0.055440497	0.0	0.0	0.0	0.0	0.093845926	0.36071667	0.0	0.2842935	0.0	0.3520323	0.0	0.18412985	0.23299932	0.23910119	0.09527818	0.23194665	0.0	0.0	0.23700666	0.18126507	0.0	0.0	0.10634556	0.20850496	0.0	0.0	0.0
0.1441028	0.0	0.30926466	0.0	0.0	0.026822975	0.0	0.0	0.0	0.3103927	0.0	0.21808237	0.0	0.0	0.041529555	0.24479203	0.0	0.0	0.0	0.0	0.0	0.0	0.027664402	0.0	0.0	0.2268806	0.0	0.30792868	0.0	0.0	0.0	0.08300407	0.1493376	0.0	0.31064102	0.0	0.19045801	0.0	0.0	0.14588338	0.23148602	0.0	0.3586162	0.0	0.0	0.35341227	0.29166058	0.0	0.0	0.14832492	0.042676225	0.19418387	0.13272883	0.2261545	0.0	0.0	0.0	0.2619585	0.0	0.0	0.0	0.17619848	0.0	0.005822019	0.0	0.0	0.14085689	0.0	0.0	0.0	0.0	0.0	0.2653208	0.0	0.3624198	0.0	0.0	0.0	0.09774033	0.081052534	0.0	0.0	0.0	0.21155627	0.0	0.0	0.0	0.09984306	0.041677732	0.0	0.0	0.47142434	0.17360044	0.0	0.0	0.19607736	0.0	0.054970402	0.0	0.0	0.08211357	0.0	0.0	0.0	0.0	0.17218147	0.34517372	0.0	0.30454847	0.0	0.28967476	0.0	0.20243514	0.26973727	0.14783527	0.06395206	0.19696958	0.0	0.0	0.24428736	0.19617246	0.0	0.0	0.12002406	0.21507527	0.0	0.0	0.0
0.1519605	0.009336901	0.29464278	0.0	0.0	0.01538759	0.0	0.0	0.0	0.2555358	0.0	0.1364591	0.0	0.0	0.016993234	0.2722557	0.0	0.0	0.0	0.0	0.0	0.0	0.009195889	0.0	0.0	0.24420303	0.0	0.28168085	0.0	0.0	0.0	0.06828755	0.14120789	0.0	0.24350579	0.0	0.21112897	0.0	0.0	0.12355208	0.22365265	0.0	0.33785042	0.0	0.00030737495	0.33660397	0.21648426	0.0	0.0	0.16841228	0.06093018	0.15765482	0.12554385	0.17991912	0.0	0.0	0.0	0.20270662	0.0	0.0	0.0	0.18270934	0.0	0.0101191895	0.0	0.0	0.15830922	0.0	0.0	0.0	0.0	0.0	0.2655154	0.0	0.30055514	0.0	0.0	0.0	0.10127419	0.07429414	0.0	0.0	0.0	0.1854034	0.0	0.0	0.0	0.10958401	0.007781379	0.0	0.0	0.4287651	0.122160316	0.0	0.0	0.1539032	0.0	0.07047492	0.0	0.0	0.05764636	0.0	0.0	0.0	0.0	0.06514076	0.3232472	0.0	0.26301274	0.0	0.2911602	0.0	0.12997963	0.17604037	0.20177323	0.06789197	0.22299011	0.0	0.0	0.24291308	0.15513875	0.0	0.0	0.08998182	0.1789288	0.0	0.0	0.0
0.33206668	0.0	0.31106055	0.0	0.0	0.0	0.0	0.0	0.0	0.3143545	0.0	0.15119511	0.0	0.0	0.0	0.46017274	0.0	0.0	0.0	0.0	0.0	0.0	0.0	0.0	0.0	0.24941774	0.0	0.40876082	0.0	0.0	0.0	0.047234666	0.121503316	0.0	0.14769426	0.0	0.2697012	0.0	0.0	0.11947272	0.27665332	0.0	0.53370947	0.0	0.0	0.34069073	0.02764309	0.0	0.0	0.37157688	0.12502845	0.09195169	0.010880348	0.16518961	0.0022578898	0.0	0.0	0.13443016	0.0	0.0	0.0	0.17268546	0.0	0.0043314532	0.0	0.0	0.3476692	0.0	0.0	0.0	0.0	0.0	0.25271288	0.0	0.18689193	0.0	0.0	0.0	0.1633131	0.027356232	0.0	0.0	0.0	0.28338978	0.0	0.0	0.0	0.29022405	0.0	0.0	0.0	0.55368906	0.062647045	0.0	0.0	0.14846444	0.0	0.09944	0.0	0.0	0.0	0.0	0.0	0.0	0.0	0.0	0.39876893	0.0	0.22445972	0.0	0.51688546	0.0	0.110182285	0.06465155	0.48153257	0.12148792	0.34196174	0.0	0.0	0.20707238	0.09143772	0.0	0.04503015	0.0	0.17355768	0.0	0.0	0.0
0.08111363	0.034955252	0.31029597	0.0	0.0	0.072021164	0.0	0.0	0.0	0.26482326	0.0	0.13691752	0.0	0.0	0.051405028	0.23631561	0.0	0.0	0.0	0.0	0.0	0.0	0.036518674	0.0	0.0	0.26319826	0.0	0.26900008	0.0	0.0	0.0	0.075112455	0.16171096	0.0	0.27810082	0.0	0.22584347	0.0	0.0	0.12803103	0.21327299	0.0	0.30063102	0.0	0.009241634	0.34999812	0.29476964	0.0	0.0	0.103636175	0.0654586	0.1492655	0.15913688	0.20618594	0.0	0.0	0.0	0.22481817	0.0	0.0	0.0	0.17796922	0.0	0.007136987	0.0	0.0	0.09544184	0.0	0.0	0.0	0.019846136	0.0	0.27413252	0.0	0.35091564	0.0	0.0	0.0	0.094373405	0.078193635	0.0	0.0	0.0	0.17107205	0.0	0.0	0.0	0.10195428	0.0484489	0.0	0.0	0.4255221	0.13581793	0.0	0.0	0.17371088	0.0	0.07540233	0.0	0.0	0.07758819	0.0	0.0	0.0	0.0	0.12963127	0.3303485	0.0	0.27255967	0.0	0.2721306	0.0	0.14490753	0.2437361	0.17032373	0.07305186	0.20984817	0.0	0.0	0.24687724	0.15539688	0.0	0.0	0.15362148	0.18468748	0.0	0.0011777381	0.0
0.13541219	0.0	0.30699706	0.0	0.0	0.018591853	0.0	0.0	0.0	0.2808725	0.0	0.19321494	0.0	0.0	0.030541966	0.2422406	0.0	0.0	0.0	0.0	0.0	0.0	0.025429664	0.0	0.0	0.22902876	0.0	0.29512048	0.0	0.0	0.0	0.083167754	0.14213948	0.0	0.2993922	0.0	0.19051073	0.0	0.0	0.14046703	0.22849338	0.0	0.34557995	0.0	8.8751316e-05	0.3504844	0.27542022	0.0	0.0	0.14022543	0.041164104	0.18538035	0.13766778	0.2159612	0.0	0.0	0.0	0.24400012	0.0	0.0	0.0	0.18432032	0.0	0.0042472123	0.0	0.0	0.14240931	0.0	0.0	0.0	0.0	0.0	0.26327452	0.0	0.3452122	0.0	0.0	0.0	0.10046607	0.07041975	0.0	0.0	0.0	0.19727771	0.0	0.0	0.0	0.09214032	0.03042685	0.0	0.0	0.44485676	0.16154677	0.0	0.0	0.18724167	0.0	0.052200943	0.0	0.0	0.08008486	0.0	0.0	0.0	0.0	0.14233859	0.33420542	0.0	0.2917941	0.0	0.27138528	0.0	0.18632467	0.24535601	0.14367771	0.05767328	0.19808735	0.0	0.0	0.24750555	0.18482555	0.0	0.0	0.11966399	0.19850807	0.0	0.0	0.0
0.10838165	0.014765449	0.31332734	0.0	0.0	0.029496297	0.0	0.0	0.0	0.25841925	0.0	0.15257005	0.0	0.0	0.034866553	0.23266721	0.0	0.0	0.0	0.0	0.0	0.0	0.03040873	0.0	0.0	0.23540975	0.0	0.26825115	0.0	0.0	0.0	0.073642604	0.14177167	0.0	0.27973	0.0	0.19881666	0.0	0.0	0.12901793	0.21093209	0.0	0.30758986	0.0	0.00276291	0.3510479	0.27176794	0.0	0.0	0.118121065	0.049773067	0.17228317	0.15732561	0.20380074	0.0	0.0	0.0	0.2267967	0.0	0.0	0.0	0.17525035	0.0	0.0046810596	0.0	0.0	0.11664796	0.0	0.0	0.0	0.009065918	0.0	0.26130554	0.0	0.3384626	0.0	0.0	0.0	0.09405018	0.07168887	0.0	0.0	0.0	0.1737361	0.0	0.0	0.0	0.0813502	0.044451132	0.0	0.0	0.4162947	0.14328803	0.0	0.0	0.17400055	0.0	0.060871962	0.0	0.0	0.07228792	0.0	0.0	0.0	0.0	0.12220901	0.3140594	0.0	0.2818314	0.0	0.25476253	0.0	0.15802883	0.2258553	0.14833535	0.05021445	0.19760586	0.0	0.0	0.25222453	0.16793722	0.0	0.0	0.11543415	0.18387653	0.0	0.0	0.0
0.22503842	0.010674338	0.3178121	0.0	0.0	0.015949106	0.0	0.0	0.0	0.33199486	0.0	0.22707133	0.0	0.0	0.023188502	0.34045494	0.0	0.0	0.0	0.0	0.0	0.0	0.015996674	0.0	0.0	0.26404095	0.0	0.36956584	0.0	0.0	0.0	0.08560038	0.1484885	0.0	0.27936158	0.0	0.22555315	0.0	0.0	0.1342692	0.26003125	0.0	0.44799706	0.0	0.0	0.36582354	0.21171224	0.0	0.0	0.22457261	0.071987905	0.17695825	0.0821929	0.23031127	0.0	0.0	0.0	0.24074511	0.0	0.0	0.0	0.1861308	0.0	0.01543602	0.0	0.0	0.22135772	0.0	0.0	0.0	0.0	0.0	0.27670816	0.0	0.33683363	0.0	0.0	0.0	0.13009848	0.07625842	0.0	0.0	0.0	0.2469896	0.0	0.0	0.0	0.18723433	0.0	0.0	0.0	0.55054444	0.13660665	0.0	0.0	0.19302654	0.0	0.08267415	0.0	0.0	0.052562635	0.0	0.0	0.0	0.0	0.07736742	0.4016962	0.0	0.2796257	0.0	0.4011196	0.0	0.19888069	0.23512006	0.2808427	0.10794289	0.24675603	0.0	0.0	0.22963345	0.17705078	0.0	0.0	0.11477854	0.21463567	0.0	0.0	0.0
0.24073394	0.0	0.29414257	0.0	0.0	0.0	0.0	0.0	0.0	0.2727615	0.0	0.10507872	0.0	0.0	0.0	0.3525872	0.0	0.0	0.0	0.0	0.0	0.0	0.0	0.0	0.0	0.2231359	0.0	0.32784298	0.0	0.0	0.0	0.039908882	0.1171845	0.0	0.15561494	0.0	0.22596507	0.0	0.0	0.11405146	0.22955664	0.0	0.4303771	0.0	0.0	0.3212153	0.060370285	0.0	0.0	0.2751312	0.10116736	0.10812507	0.062024694	0.1454853	0.0	0.0	0.0	0.11563552	0.0	0.0	0.0	0.1649021	0.0	0.0013173061	0.0	0.0	0.25352612	0.0	0.0	0.0	0.0	0.0	0.24002393	0.0	0.1880397	0.0	0.0	0.0	0.14388065	0.03455851	0.0	0.0	0.0	0.20191395	0.0	0.0	0.0	0.19100106	0.0	0.0	0.0	0.4443644	0.08195933	0.0	0.007373186	0.13476719	0.0	0.074284635	0.0	0.0	0.010938627	0.0	0.0	0.0	0.0	0.0	0.3381615	0.0	0.23631561	0.0	0.39490137	0.0	0.08255752	0.058276955	0.3503256	0.07662317	0.29285654	0.0	0.0	0.20925216	0.10018259	0.0	0.032558206	0.0	0.1652392	0.0	0.0	0.0
0.17809069	0.0	0.3196753	0.0	0.0	0.0057243076	0.0	0.0	0.0	0.34450474	0.0	0.28923303	0.0	0.0	0.03515189	0.23219782	0.0	0.0	0.0	0.0	0.0	0.0	0.026521556	0.0	0.0	0.20399289	0.0	0.34834018	0.0	0.0	0.0	0.087591685	0.14580368	0.0	0.3640605	0.0	0.17885761	0.0	0.0	0.17425972	0.23594747	0.0	0.38838148	0.0	0.0	0.37028512	0.3165207	0.0	0.0	0.15507917	0.02741035	0.23875357	0.14074866	0.27653578	0.0	0.0	0.0	0.32123542	0.0	0.0	0.0	0.18948935	0.0	0.009267646	0.0	0.0	0.16094655	0.0	0.0	0.0	0.0	0.0	0.27644837	0.0	0.40124068	0.0	0.0	0.0	0.08262364	0.07699651	0.0	0.0	0.0	0.23386712	0.0	0.0	0.0	0.084039	0.055479735	0.0	0.0	0.49163547	0.22308278	0.0	0.0	0.22399843	0.0	0.03173786	0.0	0.0	0.10524317	0.0	0.0	0.0	0.0	0.22553496	0.3767356	0.0	0.33645615	0.0	0.2791048	0.0	0.26403466	0.3117173	0.085745335	0.05076611	0.1631748	0.0	0.0	0.25353068	0.23739551	0.0	0.0	0.12672631	0.2437001	0.0	0.0	0.0
0.24654	0.0	0.35464224	0.0	0.0	0.0	0.0	0.0	0.0	0.41595638	0.0	0.34725332	0.0	0.0	0.044625673	0.2529087	0.0	0.0	0.0	0.0	0.0	0.0	0.016701728	0.0	0.0	0.18710057	0.0	0.40241528	0.0	0.0	0.0	0.088207	0.15222715	0.0	0.40367302	0.0	0.1920374	0.0	0.0	0.20445566	0.25907376	0.0	0.4598972	0.0	0.0	0.3869052	0.30314162	0.0	0.0	0.20240112	0.030675232	0.2901896	0.13506393	0.30388814	0.0	0.0	0.0	0.3832803	0.0	0.0	0.0	0.18104906	0.0	0.0045458637	0.0	0.0	0.21467334	0.0	0.0	0.0	0.0	0.0	0.28720912	0.0	0.39319336	0.0	0.0	0.0	0.088002026	0.09302921	0.0	0.0	0.0	0.28580716	0.0	0.0	0.0	0.109273456	0.039470237	0.0	0.0	0.5455077	0.27019164	0.0	0.0	0.25972828	0.0	0.02567259	0.0	0.0	0.12598348	0.0	0.0	0.0	0.0	0.24092579	0.43624398	0.0	0.37482104	0.0	0.32338312	0.0	0.31627074	0.35089278	0.09175555	0.06417631	0.15722522	0.0	0.0	0.24193059	0.2576407	0.0	0.0	0.099969186	0.26467246	0.0	0.0	0.0
0.22771394	0.0	0.363808	0.0	0.0	0.0	0.0	0.0	0.0	0.42933473	0.0	0.3620731	0.0	0.0	0.05031222	0.22291708	0.0	0.0	0.0	0.0	0.0	0.0	0.018514598	0.0	0.0	0.18248408	0.0	0.4006118	0.0	0.0	0.0	0.096372016	0.15266389	0.0	0.41364518	0.0	0.1900515	0.0	0.0	0.21225114	0.26564428	0.0	0.45190004	0.0	0.0	0.38899446	0.33574602	0.0	0.0	0.17642397	0.021645918	0.30244613	0.15066932	0.31760812	0.0	0.0	0.0	0.38523814	0.0	0.0	0.0	0.17756182	0.0	0.002330148	0.0	0.0	0.18673003	0.0	0.0	0.0	0.0	0.0	0.29090834	0.0	0.41826412	0.0	0.0	0.0	0.08535919	0.098771505	0.0	0.0	0.0	0.28692126	0.0	0.0	0.0	0.0880844	0.069770396	0.0	0.0	0.54084367	0.28207347	0.0	0.0	0.260654	0.0	0.014579241	0.0	0.0	0.13161148	0.0	0.0	0.0	0.0	0.2757745	0.43375406	0.0	0.39300188	0.0	0.31043264	0.0	0.32527637	0.3748637	0.060749996	0.05936803	0.14429428	0.0	0.0	0.25210187	0.27936935	0.0	0.0	0.10610724	0.27921936	0.0	0.0	0.0
0.1817167	0.0	0.3337663	0.0	0.0	0.0	0.009043279	0.0	0.0	0.36754927	0.0	0.27213764	0.0	0.0	0.040076222	0.20279296	0.0	0.0	0.0	0.0	0.0	0.0	0.013152498	0.0	0.0	0.17702062	0.0	0.33302173	0.0	0.0	0.0	0.08877924	0.13293539	0.0	0.36243406	0.0	0.18489248	0.0	0.0	0.18291473	0.23930971	0.0	0.38556424	0.0	0.0006917839	0.35383868	0.3085751	0.0	0.0	0.16061266	0.02892223	0.25579476	0.16045414	0.27678853	0.0	0.0	0.0	0.31742847	0.0	0.0	0.0	0.16520225	0.0	0.005331617	0.0	0.0	0.15796793	0.0	0.0	0.0	0.0	0.0	0.2683078	0.0	0.3679597	0.0	0.0	0.0	0.072537355	0.091133244	0.0	0.0	0.0	0.23123188	0.0	0.0	0.0	0.06997934	0.052984253	0.0	0.0	0.46348834	0.24139726	0.0	0.0	0.22220135	0.0	0.019048512	0.0	0.0	0.10659057	0.0	0.0	0.0	0.0	0.21584614	0.3827456	0.0	0.35335955	0.0	0.2658699	0.0	0.25393155	0.29995462	0.060429957	0.033673584	0.15277655	0.0	0.0	0.26113418	0.22324137	0.0	0.0	0.081370465	0.24482517	0.0	0.0	0.0
0.22247256	0.0	0.33763465	0.0	0.0	0.0	0.0	0.0	0.0	0.41297016	0.0	0.32290125	0.0	0.0	0.048937913	0.22719693	0.0	0.0	0.0	0.0	0.0	0.0	0.010443958	0.0	0.0	0.17547452	0.0	0.3856186	0.0	0.0	0.0	0.08909714	0.14882727	0.0	0.39303532	0.0	0.18936527	0.0	0.0	0.19766468	0.24979617	0.0	0.43449637	0.0	0.0	0.3817962	0.3100773	0.0	0.0	0.19116183	0.029145261	0.27894664	0.14551502	0.3048115	0.0	0.0	0.0	0.36288404	0.0	0.0	0.0	0.16861482	0.0	0.0059379116	0.0	0.0	0.1843139	0.0	0.0	0.0	0.0	0.0	0.28081194	0.0	0.38872752	0.0	0.0	0.0	0.08064224	0.09164786	0.0	0.0	0.0	0.2659688	0.0	0.0	0.0	0.09190319	0.05030625	0.0	0.0	0.5257173	0.26717988	0.0	0.0	0.2455862	0.0	0.016698346	0.0	0.0	0.11602971	0.0	0.0	0.0	0.0	0.23694766	0.41960445	0.0	0.37409863	0.0	0.31354478	0.0	0.29842332	0.3325168	0.0768747	0.056943208	0.1587945	0.0	0.0	0.24370666	0.24405618	0.0	0.0	0.10056317	0.26888892	0.0	0.0	0.0
0.17695199	0.0	0.32548928	0.0	0.0	0.007354584	0.0079003945	0.0	0.0	0.36877415	0.0	0.27775088	0.0	0.0	0.045219388	0.22168575	0.0	0.0	0.0	0.0	0.0	0.0	0.03454687	0.0	0.0	0.2098376	0.0	0.36123076	0.0	0.0	0.0	0.09940826	0.14939605	0.0	0.3756204	0.0	0.18961342	0.0	0.0	0.18139748	0.25029156	0.0	0.39176738	0.0	0.0043313876	0.37246272	0.3210034	0.0	0.0	0.15544055	0.030714057	0.2503317	0.141686	0.29090738	0.0	0.0	0.0	0.32131234	0.0	0.0	0.0	0.18105876	0.0	0.007631976	0.0	0.0	0.14901991	0.0	0.0	0.0	0.0	0.0	0.28093895	0.0	0.40568838	0.0	0.0	0.0	0.075761616	0.0955973	0.0	0.0	0.0	0.2534485	0.0	0.0	0.0	0.091997564	0.054238338	0.0	0.0	0.50232404	0.23376219	0.0	0.0	0.23487122	0.0	0.031288613	0.0	0.0	0.11364096	0.0	0.0	0.0	0.0	0.24790163	0.402452	0.0	0.35824725	0.0	0.30242285	0.0	0.2675624	0.32935688	0.082775466	0.06299994	0.17472841	0.0	0.0	0.26484203	0.23186575	0.0	0.0	0.12839444	0.25129256	0.0	0.0	0.0
0.22717245	0.0	0.3369696	0.0	0.0	0.0	0.0	0.0	0.0	0.38791713	0.0	0.31849447	0.0	0.0	0.03185803	0.24367444	0.0	0.0	0.0	0.0	0.0	0.0	0.009575465	0.0	0.0	0.18246953	0.0	0.38409707	0.0	0.0	0.0	0.088034034	0.14410524	0.0	0.38034797	0.0	0.19141333	0.0	0.0	0.19624633	0.24876791	0.0	0.43612567	0.0	0.0	0.37393367	0.29574215	0.0	0.0	0.18460207	0.015511428	0.2649035	0.14142676	0.29989603	0.0	0.0	0.0	0.34975052	0.0	0.0	0.0	0.17954916	0.0	0.007867015	0.0	0.0	0.19756246	0.0	0.0	0.0	0.0	0.0	0.279276	0.0	0.38473663	0.0	0.0	0.0	0.08006294	0.0899283	0.0	0.0	0.0	0.26458892	0.0	0.0	0.0	0.08957823	0.033856217	0.0	0.0	0.5109157	0.2594986	0.0	0.0	0.23995681	0.0	0.023758994	0.0	0.0	0.11172014	0.0	0.0	0.0	0.0	0.22266106	0.41269985	0.0	0.36448503	0.0	0.30668095	0.0	0.28945458	0.3264969	0.08457136	0.05965669	0.16048639	0.0	0.0	0.23410459	0.24749649	0.0	0.0	0.09198543	0.25895765	0.0	0.0	0.0
0.26229486	0.0	0.34816337	0.0	0.0	0.0	0.0	0.0	0.0	0.43878365	0.0	0.35606933	0.0	0.0	0.03474609	0.2755421	0.0	0.0	0.0	0.0	0.0	0.0	0.003655101	0.0	0.0	0.18845858	0.0	0.43834186	0.0	0.0	0.0	0.09438791	0.16053945	0.0	0.39758816	0.0	0.2094915	0.0	0.0	0.21105064	0.2716409	0.0	0.4944214	0.0	0.0	0.3919629	0.29580352	0.0	0.0	0.22653757	0.03723179	0.27565286	0.12367443	0.3239162	0.0	0.0	0.0	0.37479243	0.0	0.0	0.0	0.17215367	0.0	0.009489972	0.0	0.0	0.23073988	0.0	0.0	0.0	0.0	0.0	0.2907946	0.0	0.3996919	0.0	0.0	0.0	0.097784884	0.098920725	0.0	0.0	0.0	0.30301416	0.0	0.0	0.0	0.13405085	0.023373693	0.0	0.0	0.5834597	0.26821592	0.0	0.0	0.2703762	0.0	0.024486406	0.0	0.0	0.114143826	0.0	0.0	0.0	0.0	0.22852266	0.45734158	0.0	0.3800149	0.0	0.37310386	0.0	0.32261622	0.34432885	0.12545379	0.08499805	0.17768025	0.0	0.0	0.23856789	0.25689843	0.0	0.0	0.10035947	0.2761047	0.0	0.0	0.0
0.22486281	0.0	0.31357223	0.0	0.0	0.0	0.0	0.0	0.0	0.33775476	0.0	0.25294444	0.0	0.0	0.013418053	0.29874143	0.0	0.0	0.0	0.0	0.0	0.0	0.0027465895	0.0	0.0	0.1959302	0.0	0.36708736	0.0	0.0	0.0	0.070750855	0.14317538	0.0	0.326686	0.0	0.19026272	0.0	0.0	0.18645632	0.23952766	0.0	0.43624315	0.0	0.0	0.35560575	0.22923069	0.0	0.0	0.2138551	0.050242286	0.2079374	0.11137729	0.26253247	0.0	0.0	0.0	0.2958691	0.0	0.0	0.0	0.17874329	0.0	0.009779277	0.0	0.0	0.22946365	0.0	0.0	0.0	0.0	0.0	0.25937143	0.0	0.32889283	0.0	0.0	0.0	0.09558172	0.07603307	0.0	0.0	0.0	0.26301134	0.0	0.0	0.0	0.12247763	0.0	0.0	0.0	0.49762586	0.20743549	0.0	0.0	0.2175895	0.0	0.039982103	0.0	0.0	0.08388835	0.0	0.0	0.0	0.0	0.1292278	0.3902409	0.0	0.32664263	0.0	0.33448648	0.0	0.24364631	0.2373901	0.15457289	0.062737405	0.19460005	0.0	0.0	0.2320904	0.1895988	0.0	0.0	0.06793382	0.22188193	0.0	0.0	0.0
0.2065103	0.0	0.35167852	0.0	0.0	0.0065368605	0.0	0.0	0.0	0.41158757	0.0	0.31307068	0.0	0.0	0.057754565	0.20765688	0.0	0.0	0.0	0.0	0.0	0.0	0.014859571	0.0	0.0	0.18823911	0.0	0.3751788	0.0	0.0	0.0	0.088261865	0.15655218	0.0	0.3989856	0.0	0.20490877	0.0	0.0	0.1972153	0.25217673	0.0	0.4146277	0.0	0.0	0.38566414	0.32287753	0.0	0.0	0.18476705	0.029029435	0.28803542	0.16717589	0.30105707	0.0	0.0	0.0	0.37230313	0.0	0.0	0.0	0.17208987	0.0	0.00645846	0.0	0.0	0.17007805	0.0	0.0	0.0	0.0	0.0	0.29574636	0.0	0.40149045	0.0	0.0	0.0	0.070818715	0.08873874	0.0	0.0	0.0	0.26032993	0.0	0.0	0.0	0.08001629	0.06565732	0.0	0.0	0.51590824	0.26850435	0.0	0.0	0.25230944	0.0	0.019289458	0.0	0.0	0.13024114	0.0	0.0	0.0	0.0	0.24575405	0.41906226	0.0	0.36884308	0.0	0.29895854	0.0	0.29682413	0.33746937	0.060984403	0.056664694	0.15335305	0.0	0.0	0.24351299	0.24555163	0.0	0.0	0.121534415	0.2580583	0.0	0.0	0.0
0.17730391	0.0	0.3276002	0.0	0.0	0.007324767	0.00838679	0.0	0.0	0.37730062	0.0	0.2625306	0.0013608299	0.0	0.05649616	0.18745822	0.0	0.0	0.0	0.0	0.0	0.0	0.008069516	0.0	0.0	0.1804055	0.0	0.33227742	0.0	0.0	0.0	0.07588514	0.15035336	0.0	0.3849406	0.0	0.20345084	0.0	0.0	0.19211455	0.22374761	0.0	0.36335254	0.0	0.0051182606	0.36838353	0.30844393	0.0	0.0	0.1695891	0.026139742	0.2608311	0.17376448	0.27690944	0.0	0.0	0.0	0.35217747	0.0	0.0	0.0	0.16507171	0.0	0.0065024607	0.0	0.0	0.14011623	0.0	0.0	0.0	0.0	0.0	0.29025283	0.0	0.37978423	0.0	0.0	0.0	0.04805335	0.08838353	0.0	0.0	0.0	0.22312184	0.0	0.0	0.0	0.052360713	0.05742748	0.0	0.0	0.45265925	0.26587665	0.0	0.0	0.22966637	0.0	0.01758443	0.0	0.0	0.124918036	0.0	0.0	0.0	0.0	0.23163849	0.3969119	0.0	0.35040292	0.0	0.257716	0.0	0.25780866	0.2983503	0.051136184	0.04680418	0.14131309	0.0	0.0	0.23934102	0.21118464	0.0	0.008013838	0.12743402	0.24398868	0.0	0.0	0.0
0.20463817	0.0	0.3373952	0.0	0.0	0.006924259	0.0	0.0	0.0	0.40273964	0.0	0.31205654	0.0	0.0	0.055645872	0.20679675	0.0	0.0	0.0	0.0	0.0	0.0	0.008590065	0.0	0.0	0.18008702	0.0	0.36342886	0.0	0.0	0.0	0.08619631	0.1452996	0.0	0.40403625	0.0	0.18827564	0.0	0.0	0.20076893	0.24506466	0.0	0.41070867	0.0	0.0	0.37651506	0.3179714	0.0	0.0	0.1731794	0.020074306	0.2823156	0.16974477	0.29911688	0.0	0.0	0.0	0.36850265	0.0	0.0	0.0	0.16835113	0.0	0.003588212	0.0	0.0	0.16328613	0.0	0.0	0.0	0.0	0.0	0.2855657	0.0	0.3963686	0.0	0.0	0.0	0.06176378	0.09371096	0.0	0.0	0.0	0.25266397	0.0	0.0	0.0	0.06860358	0.06380954	0.0	0.0	0.49572334	0.27378166	0.0	0.0	0.243859	0.0	0.015792245	0.0	0.0	0.12920152	0.0	0.0	0.0	0.0	0.25114855	0.40905392	0.0	0.3732929	0.0	0.2831954	0.0	0.29479215	0.33792195	0.05527998	0.054349583	0.1403002	0.0	0.0	0.23551057	0.24062717	0.0	0.0	0.11251225	0.26725245	0.0	0.0	0.0
0.21108186	0.0	0.34068105	0.0	0.0	0.0052847024	0.0	0.0	0.0	0.40775466	0.0	0.3341031	0.0	0.0	0.055744674	0.22054827	0.0	0.0	0.0	0.0	0.0	0.0	0.014804791	0.0	0.0	0.1801002	0.0	0.38640544	0.0	0.0	0.0	0.08792957	0.15694363	0.0	0.40826777	0.0	0.1861455	0.0	0.0	0.20561653	0.24696295	0.0	0.425679	0.0	0.0	0.38086426	0.32469356	0.0	0.0	0.17949164	0.023670688	0.28239712	0.15642369	0.30423602	0.0	0.0	0.0	0.37636742	0.0	0.0	0.0	0.17089152	0.0	0.006351415	0.0	0.0	0.17816824	0.0	0.0	0.0	0.0	0.0	0.28516558	0.0	0.4092451	0.0	0.0	0.0	0.07409968	0.09945074	0.0	0.0	0.0	0.26529297	0.0	0.0	0.0	0.07689989	0.066264786	0.0	0.0	0.5188375	0.27597517	0.0	0.0	0.25639883	0.0	0.014056898	0.0	0.0	0.13167214	0.0	0.0	0.0	0.0	0.2668021	0.41526103	0.0	0.3791543	0.0	0.29594162	0.0	0.30391756	0.35094157	0.06298522	0.057520792	0.14675285	0.0	0.0	0.23605748	0.258442	0.0	0.0	0.12001117	0.2685597	0.0	0.0	0.0
0.1208508	0.0	0.30079225	0.0	0.0	0.0	0.004326845	0.0	0.0	0.25720513	0.0	0.16667344	0.0	0.0	0.024476489	0.21278064	0.0	0.0	0.0	0.0	0.0	0.0	0.01819581	0.0	0.0	0.17467344	0.0	0.27440488	0.0	0.0	0.0	0.07298442	0.1270227	0.0	0.2827964	0.0	0.17838566	0.0	0.0	0.15937565	0.20623308	0.0	0.30774438	0.0	0.0041106143	0.31797662	0.2619836	0.0	0.0	0.13809146	0.023955852	0.18003583	0.16146417	0.20718865	0.0	0.0	0.0	0.23475246	0.0	0.0	0.0	0.17181985	0.0	0.0007630177	0.0	0.0	0.13506396	0.0	0.0	0.0	0.0	0.0	0.242873	0.0	0.31482175	0.0	0.0	0.0	0.07384152	0.071829565	0.0	0.0	0.0	0.17546213	0.0	0.0	0.0	0.044305086	0.040489193	0.0	0.0	0.36914042	0.18223406	0.0	0.0	0.17032349	0.0	0.029547965	0.0	0.0	0.07202335	0.0	0.0	0.0	0.0	0.12721917	0.31289828	0.0	0.29686946	0.0	0.2143731	0.0	0.16436754	0.20642345	0.09056064	0.02574893	0.18248685	0.0	0.0	0.2594613	0.16156445	0.0	0.0	0.07877483	0.18216757	0.0	0.0	0.0
0.1838419	0.0	0.3156289	0.0	0.0	0.0010894077	0.00430535	0.0	0.0	0.36052084	0.0	0.2607902	0.0	0.0	0.03996873	0.2013647	0.0	0.0	0.0	0.0	0.0	0.0	0.005807832	0.0	0.0	0.1840399	0.0	0.33532956	0.0	0.0	0.0	0.08063925	0.14540888	0.0	0.36660448	0.0	0.18968432	0.0	0.0	0.17529635	0.22040029	0.0	0.3688964	0.0	0.0	0.36453012	0.2957793	0.0	0.0	0.17224693	0.027968332	0.24300335	0.15888834	0.26817036	0.0	0.0	0.0	0.32746074	0.0	0.0	0.0	0.1687748	0.0	0.0037520851	0.0	0.0	0.15073104	0.0	0.0	0.0	0.0	0.0	0.28084782	0.0	0.38216817	0.0	0.0	0.0	0.054573927	0.07850238	0.0	0.0	0.0	0.2238686	0.0	0.0	0.0	0.063847825	0.053501766	0.0	0.0	0.4572034	0.24985419	0.0	0.0	0.22670208	0.0	0.017002346	0.0	0.0	0.11818633	0.0	0.0	0.0	0.0	0.2192917	0.37753224	0.0	0.34028292	0.0	0.26405668	0.0	0.24781452	0.28046766	0.058879983	0.04038631	0.15240566	0.0	0.0	0.23896903	0.2100209	0.0	0.0014137402	0.11241907	0.23949559	0.0	0.0	0.0
0.19233167	0.0	0.33813298	0.0	0.0	0.021631196	0.0	0.0	0.0	0.39947224	0.0	0.33131012	0.0	0.0	0.050340127	0.23888355	0.0	0.0	0.0	0.0	0.0	0.0	0.045851022	0.0	0.0	0.23068613	0.0	0.3802413	0.0	0.0	0.0	0.101312935	0.15994586	0.0	0.39696896	0.0	0.19540124	0.0	0.0	0.18338037	0.26518786	0.0	0.42346382	0.0	0.0	0.38513362	0.3564143	0.0	0.0	0.16413654	0.034255337	0.26465794	0.130159	0.30779985	0.0	0.0	0.0	0.34670022	0.0	0.0	0.0	0.1894765	0.0	0.009392817	0.0	0.0	0.16344424	0.0	0.0	0.0	0.0	0.0	0.2952637	0.0	0.43842015	0.0	0.0	0.0	0.0909639	0.09234849	0.0	0.0	0.0	0.27180856	0.0	0.0	0.0	0.11269484	0.06527377	0.0	0.0	0.55390686	0.2420543	0.0	0.0	0.250873	0.0	0.04559368	0.0	0.0	0.12058523	0.0	0.0	0.0	0.0	0.2806885	0.41543233	0.0	0.36725387	0.0	0.33032122	0.0	0.29909	0.3749926	0.10077381	0.081375346	0.16868496	0.0	0.0	0.26067674	0.2658463	0.0	0.0	0.14190806	0.26613072	0.0	0.0	0.0
0.2809346	0.0	0.36440197	0.0	0.0	0.0	0.0	0.0	0.0	0.438174	0.0	0.35956106	0.0	0.0	0.034975428	0.27260116	0.0	0.0	0.0	0.0	0.0	0.0	0.012929435	0.0	0.0	0.19839136	0.0	0.44056383	0.0	0.0	0.0	0.10602996	0.15466346	0.0	0.40243137	0.0	0.20801026	0.0	0.0	0.21210521	0.27546754	0.0	0.48904338	0.0	0.0	0.3899679	0.29625964	0.0	0.0	0.20715415	0.018393809	0.2986875	0.12867762	0.3333354	0.0	0.0	0.0	0.38245705	0.0	0.0	0.0	0.17771785	0.0	0.0046957247	0.0	0.0	0.23811774	0.0	0.0	0.0	0.0	0.0	0.29147324	0.0	0.40441406	0.0	0.0	0.0	0.086523496	0.09503323	0.0	0.0	0.0	0.30326828	0.0	0.0	0.0	0.12672426	0.024397135	0.0	0.0	0.57849365	0.26329383	0.0	0.0	0.26234734	0.0	0.04277931	0.0	0.0	0.113370456	0.0	0.0	0.0	0.0	0.23334958	0.46616936	0.0	0.37768805	0.0	0.36456466	0.0	0.33269238	0.376686	0.117738016	0.08042734	0.1612132	0.0	0.0	0.23537707	0.27245304	0.0	0.0	0.08678428	0.27709267	0.0	0.0	0.0
0.20637317	0.0	0.33399788	0.0	0.0	0.003754437	0.0	0.0	0.0	0.4040242	0.0	0.31244048	0.0	0.0	0.053821653	0.19964273	0.0	0.0	0.0	0.0	0.0	0.0	0.0073729814	0.0	0.0	0.17789376	0.0	0.36585966	0.0	0.0	0.0	0.08068183	0.1504332	0.0	0.40547743	0.0	0.19428127	0.0	0.0	0.19928896	0.23581506	0.0	0.39858505	0.0	0.00034480542	0.37976226	0.32460448	0.0	0.0	0.17471607	0.01853149	0.2773393	0.16219558	0.2976991	0.0	0.0	0.0	0.37492993	0.0	0.0	0.0	0.17567682	0.0	0.003320637	0.0	0.0	0.15537573	0.0	0.0	0.0	0.0	0.0	0.29330114	0.0	0.41059506	0.0	0.0	0.0	0.053128134	0.090694435	0.0	0.0	0.0	0.24828827	0.0	0.0	0.0	0.063356355	0.06384782	0.0	0.0	0.49123988	0.28237852	0.0	0.0	0.24608295	0.0	0.013520479	0.0	0.0	0.1344627	0.0	0.0	0.0	0.0	0.26610598	0.40890726	0.0	0.370301	0.0	0.27521643	0.0	0.29061064	0.33374175	0.052773964	0.053713333	0.13656625	0.0	0.0	0.23585902	0.24224587	0.0	0.00015714671	0.12024883	0.26610273	0.0	0.0	0.0
0.16649072	0.0	0.32080412	0.0	0.0	0.0023772195	0.0	0.0	0.0	0.3293494	0.0	0.23407388	0.0	0.0	0.029932067	0.20089112	0.0	0.0	0.0	0.0	0.0	0.0	0.013547897	0.0	0.0	0.18651319	0.0	0.30967876	0.0	0.0	0.0	0.064419806	0.1442262	0.0	0.36949578	0.0	0.1950243	0.0	0.0	0.18070316	0.19369774	0.0	0.33933696	0.0	0.0051869885	0.35626045	0.27986094	0.0	0.0	0.1648485	0.028621009	0.23419727	0.17378809	0.2686299	0.0	0.0	0.0	0.33935332	0.0	0.0	0.0	0.16540499	0.0	0.0029872246	0.0	0.0	0.1616363	0.0	0.0	0.0	0.0	0.0	0.27969882	0.0	0.3613483	0.0	0.0	0.0	0.048793167	0.0810597	0.0	0.0	0.0	0.21237297	0.0	0.0	0.0	0.054167856	0.037193086	0.0	0.0	0.4285901	0.25058797	0.0	0.0	0.21628796	0.0	0.028203115	0.0	0.0	0.12211851	0.0	0.0	0.0	0.0	0.20299037	0.36757517	0.0	0.3346993	0.0	0.2478633	0.0	0.23563503	0.2679678	0.05848074	0.03874006	0.13940486	0.0	0.0	0.23338604	0.19488974	0.0	0.00915169	0.11620402	0.23069216	0.0	0.0	0.0
0.24835944	0.0	0.34294257	0.0	0.0	0.0009023659	0.0055558346	0.0	0.0	0.4174129	0.0	0.33554158	0.0	0.0	0.043348312	0.29965007	0.0	0.0	0.0	0.0	0.0	0.0	0.025105506	0.0	0.0	0.23865502	0.0	0.42948183	0.0	0.0	0.0	0.09422543	0.16996486	0.0	0.3826803	0.0	0.22022702	0.0	0.0	0.19344704	0.27882648	0.0	0.47571146	0.0	0.0	0.4001378	0.30008033	0.0	0.0	0.22463311	0.050384607	0.26251754	0.09882029	0.31673208	0.0	0.0	0.0	0.36430657	0.0	0.0	0.0	0.1926992	0.0	0.014829542	0.0	0.0	0.21581165	0.0	0.0	0.0	0.0	0.0	0.30746138	0.0	0.42625847	0.0	0.0	0.0	0.098466754	0.08906115	0.0	0.0	0.0	0.3059517	0.0	0.0	0.0	0.16798252	0.022848448	0.0	0.0	0.599634	0.23228718	0.0	0.0	0.25625566	0.0	0.052954078	0.0	0.0	0.11315573	0.0	0.0	0.0	0.0	0.23315369	0.4612405	0.0	0.36280164	0.0	0.3893684	0.0	0.30464077	0.34393862	0.16201921	0.107793786	0.19288932	0.0	0.0	0.26132193	0.25294244	0.0	0.0	0.124349795	0.26900396	0.0	0.0	0.0
0.18845148	0.0	0.33032355	0.0	0.0	0.010199289	0.0	0.0	0.0	0.37672627	0.0	0.28061873	0.0	0.0	0.049245566	0.20167919	0.0	0.0	0.0	0.0	0.0	0.0	0.009019189	0.0	0.0	0.18256831	0.0	0.35427114	0.0	0.0	0.0	0.08062052	0.14862587	0.0	0.39273536	0.0	0.19569494	0.0	0.0	0.18480086	0.22565039	0.0	0.38437518	0.0	0.002038793	0.37476936	0.30810463	0.0	0.0	0.17378008	0.029596968	0.25616777	0.16782057	0.28182426	0.0	0.0	0.0	0.35129443	0.0	0.0	0.0	0.16437715	0.0	0.0	0.0	0.0	0.15198877	0.0	0.0	0.0	0.0	0.0	0.28215992	0.0	0.38331202	0.0	0.0	0.0	0.055106148	0.09146985	0.0	0.0	0.0	0.23582835	0.0	0.0	0.0	0.06592762	0.0542153	0.0	0.0	0.47631264	0.2647777	0.0	0.0	0.23703116	0.0	0.018254085	0.0	0.0	0.12728406	0.0	0.0	0.0	0.0	0.23691249	0.39554882	0.0	0.35452774	0.0	0.27722076	0.0	0.26635668	0.30761296	0.05800831	0.04544081	0.1463695	0.0	0.0	0.2337753	0.22020996	0.0	0.0041689165	0.12323981	0.24942388	0.0	0.0	0.0
0.18700033	0.0	0.32387176	0.0	0.0	0.0038192645	0.0	0.0	0.0	0.37365592	0.0	0.29279038	0.0	0.0	0.049437065	0.2089649	0.0	0.0	0.0	0.0	0.0	0.0	0.010546285	0.0	0.0	0.1778992	0.0	0.35016754	0.0	0.0	0.0	0.082615614	0.1488691	0.0	0.38064694	0.0	0.18558078	0.0	0.0	0.18396568	0.22651662	0.0	0.39093676	0.0	0.0	0.36887863	0.30933824	0.0	0.0	0.17353714	0.028085956	0.256598	0.16152063	0.27753457	0.0	0.0	0.0	0.34099033	0.0	0.0	0.0	0.16425472	0.0	0.005224587	0.0	0.0	0.16144903	0.0	0.0	0.0	0.0	0.0	0.2727848	0.0	0.38860235	0.0	0.0	0.0	0.06461221	0.08519966	0.0	0.0	0.0	0.23426443	0.0	0.0	0.0	0.07086847	0.061412334	0.0	0.0	0.47871432	0.2550195	0.0	0.0	0.23897485	0.0	0.014637436	0.0	0.0	0.12117811	0.0	0.0	0.0	0.0	0.23457831	0.38377818	0.0	0.3508946	0.0	0.2753648	0.0	0.26686314	0.30562913	0.059901755	0.04471585	0.1505233	0.0	0.0	0.23591745	0.2280156	0.0	0.0	0.11228778	0.24998832	0.0	0.0	0.0
0.1331485	0.0	0.30729434	0.0	0.0	0.0043207877	0.0010795532	0.0	0.0	0.295905	0.0	0.207446	0.0	0.0	0.044529032	0.20377155	0.0	0.0	0.0	0.0	0.0	0.0	0.013387007	0.0	0.0	0.16656263	0.0	0.28956518	0.0	0.0	0.0	0.06616092	0.13590878	0.0	0.32621685	0.0	0.17749943	0.0	0.0	0.16150586	0.19939297	0.0	0.326359	0.0	0.0011153519	0.33911958	0.28093588	0.0	0.0	0.14750814	0.02870583	0.20708048	0.1700235	0.22524601	0.0	0.0	0.0	0.27740315	0.0	0.0	0.0	0.16497143	0.0	0.0	0.0	0.0	0.13146776	0.0	0.0	0.0	0.0	0.0	0.2524325	0.0	0.33424258	0.0	0.0	0.0	0.06051463	0.07485045	0.0	0.0	0.0	0.18764096	0.0	0.0	0.0	0.047033634	0.05279393	0.0	0.0	0.39403924	0.22375141	0.0	0.0	0.19816099	0.0	0.017170703	0.0	0.0	0.09299735	0.0	0.0	0.0	0.0	0.17264296	0.33176348	0.0	0.31289023	0.0	0.2202239	0.0	0.19783026	0.23404916	0.06059584	0.031196056	0.1573941	0.0	0.0	0.2449029	0.1713943	0.0	0.00035538958	0.085090965	0.20604928	0.0	0.0	0.0
0.18380146	0.0	0.33063662	0.0	0.0	0.01216071	0.0	0.0	0.0	0.37497222	0.0	0.3001072	0.0	0.0	0.049246926	0.2222019	0.0	0.0	0.0	0.0	0.0	0.0	0.030774483	0.0	0.0	0.21238779	0.0	0.37136897	0.0	0.0	0.0	0.10292641	0.15254153	0.0	0.3863573	0.0	0.19319226	0.0	0.0	0.17948489	0.23960935	0.0	0.4038776	0.0	0.005998505	0.37583578	0.33351716	0.0	0.0	0.15409009	0.026204368	0.26482755	0.14861526	0.30553487	0.0	0.0	0.0	0.3435277	0.0	0.0	0.0	0.18447416	0.0	0.013470548	0.0	0.0	0.15786694	0.0	0.0	0.0	0.0	0.0	0.28796545	0.0	0.4175148	0.0	0.0	0.0	0.07726741	0.0977571	0.0	0.0	0.0	0.23733477	0.0	0.0	0.0	0.08788803	0.05536588	0.0	0.0	0.51957244	0.24727042	0.0	0.0	0.2394172	0.0	0.04129638	0.0	0.0	0.118983895	0.0	0.0	0.0	0.0	0.24885456	0.4219433	0.0	0.35841587	0.0	0.29816285	0.0	0.28250882	0.3445487	0.08161891	0.06554511	0.1570306	0.0	0.0	0.24978667	0.24548984	0.0	0.0	0.13352928	0.25619367	0.0	0.0	0.0
0.14657414	0.0	0.30872354	0.0	0.0	0.0	0.0	0.0	0.0	0.29121518	0.0	0.20729417	0.0	0.0	0.0226049	0.20606284	0.0	0.0	0.0	0.0	0.0	0.0	0.019385414	0.0	0.0	0.18000944	0.0	0.28809533	0.0	0.0	0.0	0.05399558	0.13519399	0.0	0.35316885	0.0	0.18395656	0.0	0.0	0.17871416	0.18568027	0.0	0.31552306	0.0	0.0075886473	0.33596098	0.26922175	0.0	0.0	0.15724021	0.029093334	0.2117933	0.16909166	0.24148661	0.0	0.0	0.0	0.30881786	0.0	0.0	0.0	0.16076289	0.0	0.0	0.0	0.0	0.14968713	0.0	0.0	0.0	0.0	0.0	0.2625074	0.0	0.34652117	0.0	0.0	0.0	0.048927438	0.074293576	0.0	0.0	0.0	0.20076442	0.0	0.0	0.0	0.04804306	0.033844937	0.0	0.0	0.39279643	0.2342611	0.0	0.0	0.20097528	0.0	0.029887585	0.0	0.0	0.10701802	0.0	0.0	0.0	0.0	0.18438578	0.33862293	0.0	0.3210602	0.0	0.22625637	0.0	0.20560455	0.2390257	0.06887994	0.025520934	0.15023316	0.0	0.0	0.24320792	0.17340666	0.0	0.007999145	0.10863439	0.2181002	0.0	0.0	0.0
0.18159993	0.0141858235	0.32291088	0.0	0.0	0.029553259	0.0	0.0	0.0	0.30814022	0.0	0.20600377	0.0	0.0	0.01648278	0.29014048	0.0	0.0	0.0	0.0	0.0	0.0	0.025279962	0.0	0.0	0.2730305	0.0	0.34495345	0.0	0.0	0.0	0.09549721	0.15342212	0.0	0.29884723	0.0	0.22282894	0.0	0.0	0.14804618	0.25975987	0.0	0.4082357	0.0	0.0	0.36558604	0.25503474	0.0	0.0	0.16419348	0.051371057	0.18521099	0.113584094	0.22918232	0.0	0.0	0.0	0.24565506	0.0	0.0	0.0	0.1974154	0.0	0.02007748	0.0	0.0	0.18578033	0.0	0.0	0.0	0.0004952724	0.0	0.2817627	0.0	0.34594974	0.0	0.0	0.0	0.1131577	0.082518734	0.0	0.0	0.0	0.23411937	0.0	0.0	0.0	0.13888572	0.018324872	0.0	0.0	0.51226944	0.14876017	0.0	0.0	0.19589205	0.0	0.07777689	0.0	0.0	0.07773616	0.0	0.0	0.0	0.0	0.11951212	0.37872347	0.0	0.29451013	0.0	0.3440679	0.0	0.19465923	0.27009502	0.21686499	0.10504219	0.20977233	0.0	0.0	0.2482804	0.20451361	0.0	0.0	0.12834466	0.20531428	0.0	0.0	0.0
0.13404374	0.0	0.30030558	0.0	0.0	0.028532729	0.0	0.0	0.0	0.29398847	0.0	0.2080794	0.0	0.0	0.038168617	0.24482222	0.0	0.0	0.0	0.0	0.0	0.0	0.025784934	0.0	0.0	0.22835247	0.0	0.30378804	0.0	0.0	0.0	0.07575273	0.15516625	0.0	0.31405827	0.0	0.19928597	0.0	0.0	0.15560268	0.2347552	0.0	0.3542913	0.0	0.0	0.35488132	0.29596093	0.0	0.0	0.13869889	0.045516755	0.18576728	0.14125828	0.23137017	0.0	0.0	0.0	0.2701349	0.0	0.0	0.0	0.17763114	0.0	0.0038141396	0.0	0.0	0.14380424	0.0	0.0	0.0	0.0022630629	0.0	0.26736107	0.0	0.35944927	0.0	0.0	0.0	0.089551575	0.081982285	0.0	0.0	0.0	0.20821066	0.0	0.0	0.0	0.08683517	0.03990548	0.0	0.0	0.45991233	0.17654411	0.0	0.0	0.19640012	0.0	0.05333011	0.0	0.0	0.0860391	0.0	0.0	0.0	0.0	0.16344146	0.35045275	0.0	0.3063558	0.0	0.27392963	0.0	0.20701896	0.26614943	0.13740213	0.06490949	0.19013251	0.0	0.0	0.24266835	0.19343823	0.0	0.0	0.12992437	0.20426865	0.0	0.0	0.0
0.01620656	0.0	0.2973549	0.0	0.0	0.0075803665	0.0036152776	0.0	0.0	0.1763425	0.0	0.063766405	0.0	0.0	0.046342153	0.22326773	0.0	0.0	0.0	0.0	0.0	0.0	0.058510393	0.0	0.0	0.18121393	0.0	0.21038938	0.0	0.0	0.0	0.028917193	0.16185717	0.0	0.22256248	0.0	0.2049946	0.0	0.0	0.13720533	0.14536367	0.0	0.20119071	0.0	0.00022266556	0.27027747	0.28260174	0.0	0.0	0.10364723	0.04493253	0.12944405	0.20619233	0.18009388	0.0	0.0	0.0	0.20103864	0.0	0.0	0.0	0.13977697	0.0	0.0	0.0	0.0	0.086293556	0.0008019532	0.0	0.0	0.0050144517	0.0	0.24798079	0.0	0.28695893	0.0	0.0	0.0	0.07805765	0.05086876	0.0	0.0	0.0	0.09344541	0.0	0.0	0.0	0.040157285	0.08191771	0.0	0.0	0.29015848	0.12764	0.0	0.0	0.12401092	0.0	0.042948633	0.0	0.0	0.02632974	0.0	0.0	0.0	0.0	0.03319971	0.2854748	0.0	0.26215148	0.0	0.16526449	0.0	0.07664244	0.14401053	0.1229692	0.0057907724	0.20162022	0.0	0.0	0.27295324	0.09025154	0.0	0.0	0.08420539	0.12448424	0.0	0.0	0.0
0.13854365	0.0	0.3068317	0.0	0.0	0.03055366	0.0	0.0	0.0	0.29439858	0.0	0.19977815	0.0	0.0	0.037519682	0.24219157	0.0	0.0	0.0	0.0	0.0	0.0	0.03135157	0.0	0.0	0.24084353	0.0	0.3059317	0.0	0.0	0.0	0.08655498	0.15558802	0.0	0.3091912	0.0	0.2011696	0.0	0.0	0.15004425	0.23617883	0.0	0.35248342	0.0	0.0	0.35087284	0.29131326	0.0	0.0	0.13274603	0.040529367	0.18654394	0.13887332	0.2345699	0.0	0.0	0.0	0.25855502	0.0	0.0	0.0	0.18109255	0.0	0.0063185617	0.0	0.0	0.14035223	0.0	0.0	0.0	0.0005669917	0.0	0.2753618	0.0	0.36317578	0.0	0.0	0.0	0.08852414	0.08310286	0.0	0.0	0.0	0.20395233	0.0	0.0	0.0	0.088911496	0.034777183	0.0	0.0	0.46084404	0.17128853	0.0	0.0	0.19138281	0.0	0.058306698	0.0	0.0	0.08275545	0.0	0.0	0.0	0.0	0.15992954	0.3524392	0.0	0.30293116	0.0	0.28000194	0.0	0.19664627	0.2717091	0.13983382	0.071345784	0.19048804	0.0	0.0	0.24246466	0.19809121	0.0	0.0	0.12673944	0.20557952	0.0	0.0	0.0
0.09367871	0.022084117	0.30329117	0.0	0.0	0.051961493	0.0	0.0	0.0	0.25864676	0.0	0.141367	0.0	0.0	0.044739276	0.24001412	0.0	0.0	0.0	0.0	0.0	0.0	0.034522627	0.0	0.0	0.24486107	0.0	0.26528725	0.0	0.0	0.0	0.07077521	0.15431572	0.0	0.2726954	0.0	0.21052687	0.0	0.0	0.12903556	0.20938893	0.0	0.3013778	0.0	0.0063413098	0.34271905	0.28358436	0.0	0.0	0.11611525	0.06064844	0.15486845	0.1535453	0.1998121	0.0	0.0	0.0	0.2202603	0.0	0.0	0.0	0.17651887	0.0	0.003705113	0.0	0.0	0.105865754	0.0	0.0	0.0	0.013062698	0.0	0.2679964	0.0	0.3418995	0.0	0.0	0.0	0.09218251	0.07648974	0.0	0.0	0.0	0.17019369	0.0	0.0	0.0	0.09552937	0.043400854	0.0	0.0	0.41027352	0.13569008	0.0	0.0	0.16994275	0.0	0.07070496	0.0	0.0	0.07229159	0.0	0.0	0.0	0.0	0.12269417	0.3199928	0.0	0.2744349	0.0	0.25847146	0.0	0.14272527	0.22808437	0.16394489	0.065135084	0.20960169	0.0	0.0	0.24862404	0.15729345	0.0	0.0	0.13143198	0.1828851	0.0	0.0	0.0
0.089105815	0.029637823	0.30915895	0.0	0.0	0.0582815	0.0	0.0	0.0	0.25542858	0.0	0.12536629	0.0	0.0	0.042827357	0.23974256	0.0	0.0	0.0	0.0	0.0	0.0	0.03887571	0.0	0.0	0.26149663	0.0	0.26306197	0.0	0.0	0.0	0.0808711	0.15813635	0.0	0.2632366	0.0	0.22098105	0.0	0.0	0.13155375	0.2150424	0.0	0.30303574	0.0	0.0066747405	0.34164825	0.2781354	0.0	0.0	0.09941881	0.062450174	0.15205099	0.15738513	0.20238976	0.0	0.0	0.0	0.21596058	0.0	0.0	0.0	0.18127613	0.0	0.008781175	0.0	0.0	0.10357519	0.0	0.0	0.0	0.016767757	0.0	0.2760496	0.0	0.3408769	0.0	0.0	0.0	0.095513694	0.08233967	0.0	0.0	0.0	0.16738653	0.0	0.0	0.0	0.09497813	0.042758036	0.0	0.0	0.40752044	0.12857467	0.0	0.0	0.1645368	0.0	0.07620967	0.0	0.0	0.07806387	0.0	0.0	0.0	0.0	0.11686615	0.3297555	0.0	0.27042988	0.0	0.26354095	0.0	0.1365803	0.23432629	0.16584419	0.07319372	0.20602345	0.0	0.0	0.25164986	0.16053039	0.0	0.0	0.13393253	0.17426984	0.0	0.0	0.0
0.12283471	0.019013138	0.3121455	0.0	0.0	0.04632211	0.0	0.0	0.0	0.26860997	0.0	0.1566258	0.0	0.0	0.040477004	0.25107157	0.0	0.0	0.0	0.0	0.0	0.0	0.03935277	0.0	0.0	0.25774935	0.0	0.2782594	0.0	0.0	0.0	0.08748355	0.1529662	0.0	0.281593	0.0	0.21611588	0.0	0.0	0.1353637	0.23056094	0.0	0.32750404	0.0	0.0035330132	0.34706327	0.27545425	0.0	0.0	0.12268084	0.054014582	0.16885252	0.14414993	0.20516467	0.0	0.0	0.0	0.22929795	0.0	0.0	0.0	0.1824342	0.0	0.0076867105	0.0	0.0	0.12204808	0.0	0.0	0.0	0.011298397	0.0	0.2756778	0.0	0.34400693	0.0	0.0	0.0	0.09200207	0.08205614	0.0	0.0	0.0	0.19228268	0.0	0.0	0.0	0.1023931	0.033623975	0.0	0.0	0.42849493	0.14171445	0.0	0.0	0.17142715	0.0	0.080972716	0.0	0.0	0.074397266	0.0	0.0	0.0	0.0	0.13284872	0.33533287	0.0	0.28479353	0.0	0.28234836	0.0	0.15953226	0.24976587	0.16819178	0.07823365	0.20931453	0.0	0.0	0.24888806	0.17680408	0.0	0.0	0.12029181	0.19040287	0.0	0.0	0.0
0.12537146	0.00020687345	0.3077596	0.0	0.0	0.035020605	0.0	0.0	0.0	0.2983956	0.0	0.19233306	0.0	0.0	0.04423155	0.23759745	0.0	0.0	0.0	0.0	0.0	0.0	0.027574874	0.0	0.0	0.23646949	0.0	0.2926422	0.0	0.0	0.0	0.07909141	0.14932476	0.0	0.30597374	0.0	0.1945316	0.0	0.0	0.14022028	0.22365125	0.0	0.34144258	0.0	0.0	0.3542049	0.29388586	0.0	0.0	0.1344855	0.044396605	0.18294384	0.14106466	0.21925719	0.0	0.0	0.0	0.24666898	0.0	0.0	0.0	0.17802103	0.0	0.0032722342	0.0	0.0	0.124580435	0.0	0.0	0.0	0.0020631936	0.0	0.2676473	0.0	0.35632673	0.0	0.0	0.0	0.0989041	0.08042394	0.0	0.0	0.0	0.19112599	0.0	0.0	0.0	0.10015424	0.04089022	0.0	0.0	0.453388	0.16691403	0.0	0.0	0.18902002	0.0	0.058164958	0.0	0.0	0.079322375	0.0	0.0	0.0	0.0	0.15867776	0.34104407	0.0	0.30135572	0.0	0.28235567	0.0	0.186772	0.25987622	0.14872105	0.06658006	0.20332246	0.0	0.0	0.24648313	0.18471998	0.0	0.0	0.12516671	0.2063334	0.0	0.0	0.0
0.10038071	0.0021908146	0.2998282	0.0	0.0	0.03444234	0.0	0.0	0.0	0.26354492	0.0	0.15456659	0.0	0.0	0.040253375	0.23178744	0.0	0.0	0.0	0.0	0.0	0.0	0.030521668	0.0	0.0	0.22605307	0.0	0.2655069	0.0	0.0	0.0	0.06709897	0.15097837	0.0	0.2817367	0.0	0.19641268	0.0	0.0	0.13611089	0.2036774	0.0	0.30367804	0.0	0.0036682226	0.33902565	0.28452078	0.0	0.0	0.12539388	0.048155576	0.16508487	0.15205705	0.19967292	0.0	0.0	0.0	0.22838885	0.0	0.0	0.0	0.17192738	0.0	7.27872e-05	0.0	0.0	0.11179513	0.0	0.0	0.0	0.006935661	0.0	0.26160264	0.0	0.34032473	0.0	0.0	0.0	0.089849345	0.073231466	0.0	0.0	0.0	0.16620848	0.0	0.0	0.0	0.08268923	0.04505089	0.0	0.0	0.40956607	0.14778586	0.0	0.0	0.1718377	0.0	0.05907017	0.0	0.0	0.07450777	0.0	0.0	0.0	0.0	0.12824865	0.31686202	0.0	0.27909863	0.0	0.24707483	0.0	0.15432827	0.2237199	0.14310165	0.05079515	0.19879538	0.0	0.0	0.24694353	0.15808155	0.0	0.0	0.11500484	0.18428068	0.0	0.0	0.0
0.108455755	0.019647835	0.31175897	0.0	0.0	0.050061453	0.0	0.0	0.0	0.27816632	0.0	0.16145213	0.0	0.0	0.041894216	0.24885333	0.0	0.0	0.0	0.0	0.0	0.0	0.03344156	0.0	0.0	0.2559502	0.0	0.285551	0.0	0.0	0.0	0.09031234	0.15954576	0.0	0.28294945	0.0	0.2188011	0.0	0.0	0.14853005	0.23733063	0.0	0.33082557	0.0	0.0	0.34475148	0.28877836	0.0	0.0	0.11267513	0.05620135	0.16013288	0.14205064	0.21687663	0.0	0.0	0.0	0.23440991	0.0	0.0	0.0	0.18935621	0.0	0.014356486	0.0	0.0	0.12357607	0.0	0.0	0.0	0.01169344	0.0	0.27637443	0.0	0.35018066	0.0	0.0	0.0	0.10277873	0.085746944	0.0	0.0	0.0	0.19002883	0.0	0.0	0.0	0.09613035	0.036828477	0.0	0.0	0.43761334	0.1499271	0.0	0.0	0.17591423	0.0	0.07036231	0.0	0.0	0.08151236	0.0	0.0	0.0	0.0	0.13882689	0.3485739	0.0	0.289533	0.0	0.28039122	0.0	0.16944943	0.2559642	0.1622514	0.081427656	0.19751035	0.0	0.0	0.25229612	0.17807609	0.0	0.0	0.1439007	0.1896563	0.0	0.0	0.0
0.16794722	0.025742829	0.31692907	0.0	0.0	0.047914844	0.0	0.0	0.0	0.3177038	0.0	0.20847887	0.0	0.0	0.032828234	0.2883484	0.0	0.0	0.0	0.0	0.0	0.0	0.02482144	0.0	0.0	0.27994087	0.0	0.3321731	0.0	0.0	0.0	0.090525925	0.16054274	0.0	0.30309007	0.0	0.22607918	0.0	0.0	0.1341887	0.25571164	0.0	0.39576983	0.0	0.0	0.37483656	0.26621184	0.0	0.0	0.16125162	0.066627085	0.17757912	0.11844814	0.2273879	0.0	0.0	0.0	0.24823833	0.0	0.0	0.0	0.18949501	0.0	0.012282311	0.0	0.0	0.15911561	0.0	0.0	0.0	0.0019804165	0.0	0.28453803	0.0	0.36326817	0.0	0.0	0.0	0.11274291	0.087783314	0.0	0.0	0.0	0.2316267	0.0	0.0	0.0	0.1562288	0.023847388	0.0	0.0	0.51711696	0.14999445	0.0	0.0	0.19706051	0.0	0.08449706	0.0	0.0	0.073907636	0.0	0.0	0.0	0.0	0.14541782	0.3728037	0.0	0.29747757	0.0	0.35144344	0.0	0.19500953	0.28119752	0.22448629	0.10958296	0.22580938	0.0	0.0	0.23418407	0.20145254	0.0	0.0	0.15138394	0.22232758	0.0	0.0044638873	0.0
0.13085991	0.005721284	0.3113909	0.0	0.0	0.04316066	0.0	0.0	0.0	0.31170174	0.0	0.20525698	0.0	0.0	0.04968522	0.23553462	0.0	0.0	0.0	0.0	0.0	0.0	0.028562067	0.0	0.0	0.24677747	0.0	0.30495307	0.0	0.0	0.0	0.08561232	0.15569523	0.0	0.31850818	0.0	0.19680889	0.0	0.0	0.1397997	0.22709663	0.0	0.34816	0.0	0.0	0.36670342	0.30010507	0.0	0.0	0.12994863	0.04547924	0.18676834	0.1438057	0.2317549	0.0	0.0	0.0	0.257712	0.0	0.0	0.0	0.17825973	0.0	0.0038701072	0.0	0.0	0.12021669	0.0	0.0	0.0	0.002873725	0.0	0.27204397	0.0	0.3778701	0.0	0.0	0.0	0.10231656	0.085525095	0.0	0.0	0.0	0.19989556	0.0	0.0	0.0	0.10514096	0.048613653	0.0	0.0	0.47354814	0.17310064	0.0	0.0	0.19846416	0.0	0.06176792	0.0	0.0	0.08619108	0.0	0.0	0.0	0.0	0.17679103	0.35385942	0.0	0.30645883	0.0	0.29674402	0.0	0.20224772	0.27948013	0.15037598	0.07452949	0.20379925	0.0	0.0	0.23769335	0.19490051	0.0	0.0	0.14335185	0.21835487	0.0	0.0	0.0
0.19318682	0.0	0.32466954	0.0	0.0	0.008722459	0.0	0.0	0.0	0.32294914	0.0	0.22570066	0.0	0.0	0.032297652	0.29183185	0.0	0.0	0.0	0.0	0.0	0.0	0.018766282	0.0	0.0	0.25052124	0.0	0.35288653	0.0	0.0	0.0	0.09101056	0.1491566	0.0	0.2967634	0.0	0.21699445	0.0	0.0	0.1566583	0.26000366	0.0	0.41306636	0.0	0.0	0.3570815	0.2562264	0.0	0.0	0.18296479	0.048283923	0.1945684	0.10367599	0.24134012	0.0	0.0	0.0	0.2666005	0.0	0.0	0.0	0.1955141	0.0	0.020028537	0.0	0.0	0.20148522	0.0	0.0	0.0	0.0	0.0	0.2827399	0.0	0.35190034	0.0	0.0	0.0	0.11795849	0.083069414	0.0	0.0	0.0	0.23849316	0.0	0.0	0.0	0.13382636	0.019629786	0.0	0.0	0.5136872	0.16480885	0.0	0.0	0.20196186	0.0	0.07019429	0.0	0.0	0.07914182	0.0	0.0	0.0	0.0	0.12838717	0.38824856	0.0	0.30313125	0.0	0.33878168	0.0	0.21070367	0.26652545	0.1960824	0.096535034	0.20671563	0.0	0.0	0.24774523	0.20301872	0.0	0.0001906675	0.11918968	0.20495303	0.0	0.0	0.0
0.10508558	0.0019091672	0.2985175	0.0	0.0	0.031085586	0.0	0.0	0.0	0.25909254	0.0	0.15223174	0.0	0.0	0.039127503	0.2333159	0.0	0.0	0.0	0.0	0.0	0.0	0.02781587	0.0	0.0	0.22470212	0.0	0.265399	0.0	0.0	0.0	0.06750462	0.15123731	0.0	0.27822483	0.0	0.20190088	0.0	0.0	0.13359435	0.20168044	0.0	0.3003428	0.0	0.0040314086	0.33812594	0.28136024	0.0	0.0	0.13168298	0.046205044	0.1615722	0.15170738	0.1995365	0.0	0.0	0.0	0.22631283	0.0	0.0	0.0	0.17253654	0.0	0.0030435175	0.0	0.0	0.115093954	0.0	0.0	0.0	0.0073392815	0.0	0.26313874	0.0	0.3402287	0.0	0.0	0.0	0.0874747	0.07489992	0.0	0.0	0.0	0.16798826	0.0	0.0	0.0	0.08266717	0.038673703	0.0	0.0	0.40606675	0.1480068	0.0	0.0	0.17175739	0.0	0.059132222	0.0	0.0	0.07267343	0.0	0.0	0.0	0.0	0.12705235	0.31559467	0.0	0.27773404	0.0	0.24438661	0.0	0.15169545	0.21804237	0.14267215	0.05099814	0.19895633	0.0	0.0	0.24755786	0.15802649	0.0	0.0	0.11344085	0.18276899	0.0	0.0	0.0
0.11783869	0.0	0.30179197	0.0	0.0	0.03172574	0.0	0.0	0.0	0.27458724	0.0	0.17374776	0.0	0.0	0.032101355	0.23886466	0.0	0.0	0.0	0.0	0.0	0.0	0.029796073	0.0	0.0	0.23156112	0.0	0.27971244	0.0	0.0	0.0	0.07426535	0.14633726	0.0	0.29144445	0.0	0.19204243	0.0	0.0	0.13921137	0.21438771	0.0	0.32517383	0.0	0.0033677022	0.3487192	0.2826548	0.0	0.0	0.13024925	0.046181817	0.1720985	0.14117734	0.2071562	0.0	0.0	0.0	0.23524503	0.0	0.0	0.0	0.17786543	0.0	0.00035498166	0.0	0.0	0.12482789	0.0	0.0	0.0	0.004102656	0.0	0.25944993	0.0	0.34623656	0.0	0.0	0.0	0.09418552	0.07266434	0.0	0.0	0.0	0.18403685	0.0	0.0	0.0	0.09072783	0.03828879	0.0	0.0	0.42885375	0.153686	0.0	0.0	0.18058766	0.0	0.057112228	0.0	0.0	0.07587933	0.0	0.0	0.0	0.0	0.14029853	0.3227681	0.0	0.28782663	0.0	0.26393905	0.0	0.171622	0.23734109	0.14663897	0.056283534	0.19959712	0.0	0.0	0.24668986	0.17312889	0.0	0.0	0.118453406	0.1937279	0.0	0.0	0.0
0.103945054	0.022122145	0.31337497	0.0	0.0	0.050909817	0.0	0.0	0.0	0.25804332	0.0	0.13784884	0.0	0.0	0.036616612	0.2445304	0.0	0.0	0.0	0.0	0.0	0.0	0.03526513	0.0	0.0	0.25962397	0.0	0.26875365	0.0	0.0	0.0	0.08194033	0.15056409	0.0	0.27049533	0.0	0.21422291	0.0	0.0	0.13190873	0.22653739	0.0	0.30996582	0.0	0.0075252256	0.34765282	0.27289566	0.0	0.0	0.10877318	0.05638392	0.16210906	0.15459394	0.20318307	0.0	0.0	0.0	0.220333	0.0	0.0	0.0	0.18500674	0.0	0.0064272173	0.0	0.0	0.11344713	0.0	0.0	0.0	0.013627869	0.0	0.27384758	0.0	0.34242797	0.0	0.0	0.0	0.09966377	0.080372095	0.0	0.0	0.0	0.17998756	0.0	0.0	0.0	0.096643426	0.031934425	0.0	0.0	0.4163513	0.13289998	0.0	0.0	0.16540594	0.0	0.07689973	0.0	0.0	0.073990606	0.0	0.0	0.0	0.0	0.12197411	0.3271044	0.0	0.28264397	0.0	0.2693314	0.0	0.14849521	0.23666835	0.16885419	0.076203644	0.21156786	0.0	0.0	0.25411788	0.17048599	0.0	0.0	0.12634166	0.18712425	0.0	0.0	0.0
0.10301143	0.0055948687	0.30553293	0.0	0.0	0.036307443	0.0	0.0	0.0	0.26567173	0.0	0.14166152	0.0	0.0	0.04340197	0.22976626	0.0	0.0	0.0	0.0	0.0	0.0	0.028994337	0.0	0.0	0.24036665	0.0	0.26545694	0.0	0.0	0.0	0.07859627	0.14732099	0.0	0.2719994	0.0	0.20411675	0.0	0.0	0.1369075	0.22064768	0.0	0.3071233	0.0	0.0029700883	0.3372564	0.27622136	0.0	0.0	0.1176912	0.04326913	0.16631438	0.14975254	0.2013021	0.0	0.0	0.0	0.218067	0.0	0.0	0.0	0.17402047	0.0	0.003924181	0.0	0.0	0.111286424	0.0	0.0	0.0	0.005327036	0.0	0.26419386	0.0	0.3305415	0.0	0.0	0.0	0.09713449	0.08073251	0.0	0.0	0.0	0.17248917	0.0	0.0	0.0	0.08831495	0.034084123	0.0	0.0	0.41475403	0.13990091	0.0	0.0	0.16299258	0.0	0.063704	0.0	0.0	0.06577114	0.0	0.0	0.0	0.0	0.1193718	0.3238845	0.0	0.28887758	0.0	0.26321152	0.0	0.15185414	0.23124413	0.15398638	0.06276543	0.20969063	0.0	0.0	0.25245094	0.16503967	0.0	0.0	0.111498915	0.19004525	0.0	0.0	0.0
0.21897833	0.0	0.32610556	0.0	0.0	0.009385292	0.0	0.0	0.0	0.35117853	0.0	0.2753727	0.0	0.0	0.030598417	0.31090358	0.0	0.0	0.0	0.0	0.0	0.0	0.020383663	0.0	0.0	0.24229284	0.0	0.38085458	0.0	0.0	0.0	0.08370361	0.15548655	0.0	0.32294455	0.0	0.21068074	0.0	0.0	0.1582045	0.25949025	0.0	0.44524464	0.0	0.0	0.38094747	0.2636956	0.0	0.0	0.21045892	0.048837736	0.20568381	0.0953208	0.25310776	0.0	0.0	0.0	0.287083	0.0	0.0	0.0	0.18414724	0.0	0.0093238875	0.0	0.0	0.20965628	0.0	0.0	0.0	0.0	0.0	0.279443	0.0	0.37133268	0.0	0.0	0.0	0.11984521	0.08219904	0.0	0.0	0.0	0.2630748	0.0	0.0	0.0	0.16286503	0.01718139	0.0	0.0	0.55825853	0.17594586	0.0	0.0	0.22419183	0.0	0.061184555	0.0	0.0	0.076924555	0.0	0.0	0.0	0.0	0.15417892	0.40061462	0.0	0.31456175	0.0	0.37230086	0.0	0.24255662	0.28543422	0.2193696	0.10015433	0.21580529	0.0	0.0	0.24168243	0.21965717	0.0	0.0	0.11586084	0.23099713	0.0	0.0	0.0
0.020040337	0.0	0.28255993	0.0	0.0	0.0008918904	0.024890373	0.0	0.0	0.115683116	0.0	0.009786971	0.0	0.0	0.023148952	0.2400788	0.0	0.0	0.0	0.0	0.0	0.0	0.07210338	0.0	0.0	0.20507896	0.0	0.18244064	0.0	0.0	0.0	0.015913485	0.18035682	0.0	0.19240706	0.0	0.23878665	0.0	0.0	0.0948036	0.11459088	0.0	0.1563755	0.0	0.005488818	0.23474897	0.26413283	0.0	0.0	0.09174191	0.041014943	0.09150094	0.22449808	0.15537232	0.0	0.0	0.0	0.19792236	0.0	0.0	0.0	0.14411293	0.0	0.0006415869	0.0	0.0	0.104246736	0.01023054	0.0	0.0	0.0005180712	0.0	0.26350883	0.0	0.23973112	0.0	0.0	0.0	0.06748345	0.023188775	0.0	0.0	0.0	0.0728187	0.0	0.0	0.0	0.04998691	0.060932323	0.0	0.0	0.26382998	0.10971624	0.0	0.0	0.10994952	0.0	0.056000125	0.0	0.0	0.0073186476	0.0	0.0	0.0	0.0	0.0	0.27870327	0.0	0.22602467	0.0	0.1470102	0.0	0.04210153	0.10010562	0.13981153	0.002989297	0.2115616	0.0	0.0	0.27466443	0.058523785	0.0	0.0	0.05283762	0.09068376	0.0	0.0	0.0
0.09942595	0.0011540595	0.29951587	0.0	0.0	0.033528894	0.0	0.0	0.0	0.25442502	0.0	0.13874392	0.0	0.0	0.04339156	0.23284118	0.0	0.0	0.0	0.0	0.0	0.0	0.032345872	0.0	0.0	0.23261738	0.0	0.26024333	0.0	0.0	0.0	0.06772072	0.14868079	0.0	0.27044174	0.0	0.20321052	0.0	0.0	0.13295986	0.20367764	0.0	0.29341495	0.0	0.0038011807	0.3359833	0.2789324	0.0	0.0	0.12491816	0.0489447	0.16018458	0.15063895	0.19612521	0.0	0.0	0.0	0.22462077	0.0	0.0	0.0	0.17513676	0.0	0.00015375514	0.0	0.0	0.10947513	0.0	0.0	0.0	0.008541034	0.0	0.26565424	0.0	0.33576587	0.0	0.0	0.0	0.09084654	0.07577818	0.0	0.0	0.0	0.16476665	0.0	0.0	0.0	0.08529993	0.036905855	0.0	0.0	0.39961812	0.1419453	0.0	0.0	0.16423996	0.0	0.06295212	0.0	0.0	0.069500126	0.0	0.0	0.0	0.0	0.11981616	0.3143662	0.0	0.27819148	0.0	0.24705835	0.0	0.14411756	0.21354587	0.14728194	0.055898797	0.20716578	0.0	0.0	0.25110146	0.15580207	0.0	0.0	0.11508328	0.17851265	0.0	0.0	0.0
0.10790944	0.02814118	0.31648985	0.0	0.0	0.06537384	0.0	0.0	0.0	0.28604016	0.0	0.16611466	0.0	0.0	0.042735755	0.24231261	0.0	0.0	0.0	0.0	0.0	0.0	0.034602415	0.0	0.0	0.2672645	0.0	0.2866957	0.0	0.0	0.0	0.08674401	0.15760945	0.0	0.2955828	0.0	0.21657407	0.0	0.0	0.13355047	0.23326755	0.0	0.33329394	0.0	0.008721132	0.3603014	0.29332075	0.0	0.0	0.11312753	0.059730757	0.16720982	0.15097864	0.21613948	0.0	0.0	0.0	0.2341243	0.0	0.0	0.0	0.18445422	0.0	0.006349215	0.0	0.0	0.11356884	0.0	0.0	0.0	0.017237358	0.0	0.27928385	0.0	0.3591467	0.0	0.0	0.0	0.098112196	0.08371175	0.0	0.0	0.0	0.19156341	0.0	0.0	0.0	0.11080563	0.04254586	0.0	0.0	0.45124686	0.14738221	0.0	0.0	0.18504047	0.0	0.07588118	0.0	0.0	0.08360652	0.0	0.0	0.0	0.0	0.14876713	0.3438342	0.0	0.28729323	0.0	0.2890545	0.0	0.170107	0.27027878	0.17117636	0.08617578	0.20702505	0.0	0.0	0.24475908	0.18178385	0.0	0.0	0.14778456	0.20136762	0.0	0.0	0.0
0.11256099	0.010742262	0.30834946	0.0	0.0	0.04169893	0.0	0.0	0.0	0.27027062	0.0	0.16957052	0.0	0.0	0.03817237	0.24142645	0.0	0.0	0.0	0.0	0.0	0.0	0.035166565	0.0	0.0	0.24409287	0.0	0.2793863	0.0	0.0	0.0	0.07797104	0.15193683	0.0	0.2918799	0.0	0.20500262	0.0	0.0	0.13707787	0.22087787	0.0	0.32033107	0.0	0.004257807	0.34999397	0.28931472	0.0	0.0	0.121210776	0.049835008	0.16977419	0.14748414	0.20952289	0.0	0.0	0.0	0.23932226	0.0	0.0	0.0	0.18292741	0.0	0.0051751323	0.0	0.0	0.119128786	0.0	0.0	0.0	0.009807974	0.0	0.26962245	0.0	0.35425988	0.0	0.0	0.0	0.09396737	0.075589396	0.0	0.0	0.0	0.18237185	0.0	0.0	0.0	0.092958264	0.038570546	0.0	0.0	0.42956305	0.14901848	0.0	0.0	0.17812736	0.0	0.06739844	0.0	0.0	0.081105955	0.0	0.0	0.0	0.0	0.14382432	0.32993713	0.0	0.2840921	0.0	0.26611808	0.0	0.1719655	0.24935319	0.15007697	0.06582276	0.20023946	0.0	0.0	0.2476511	0.17610638	0.0	0.0	0.12985684	0.19085898	0.0	0.0	0.0
0.113971315	0.0043136175	0.30310854	0.0	0.0	0.03179981	0.0	0.0	0.0	0.26810884	0.0	0.16413368	0.0	0.0	0.034712628	0.23643184	0.0	0.0	0.0	0.0	0.0	0.0	0.023873225	0.0	0.0	0.2316205	0.0	0.2763301	0.0	0.0	0.0	0.07382116	0.1481367	0.0	0.28536674	0.0	0.20030196	0.0	0.0	0.13561596	0.21281917	0.0	0.3173748	0.0	0.0030197538	0.34427214	0.28066376	0.0	0.0	0.13255806	0.04496662	0.16409358	0.14898638	0.20231885	0.0	0.0	0.0	0.23018746	0.0	0.0	0.0	0.1727287	0.0	0.0034121114	0.0	0.0	0.123568945	0.0	0.0	0.0	0.006937418	0.0	0.26193085	0.0	0.34105492	0.0	0.0	0.0	0.0932512	0.073486626	0.0	0.0	0.0	0.17544915	0.0	0.0	0.0	0.088323615	0.03696206	0.0	0.0	0.42427838	0.15025143	0.0	0.0	0.17823558	0.0	0.06000414	0.0	0.0	0.07464572	0.0	0.0	0.0	0.0	0.13008256	0.32301843	0.0	0.28337616	0.0	0.25963163	0.0	0.16407429	0.2341172	0.15246074	0.057551842	0.1993285	0.0	0.0	0.24342567	0.16765344	0.0	0.0	0.11817753	0.18816794	0.0	0.0	0.0
0.12404552	0.0	0.31294072	0.0	0.0	0.03272373	0.0	0.0	0.0	0.29767004	0.0	0.19152677	0.0	0.0	0.04187596	0.22718824	0.0	0.0	0.0	0.0	0.0	0.0	0.02769698	0.0	0.0	0.23253743	0.0	0.29183832	0.0	0.0	0.0	0.085163616	0.14484937	0.0	0.3047514	0.0	0.19071646	0.0	0.0	0.14221166	0.22824438	0.0	0.33942416	0.0	0.0	0.35413635	0.29110628	0.0	0.0	0.13042946	0.036280286	0.19129002	0.1447161	0.22206253	0.0	0.0	0.0	0.24511999	0.0	0.0	0.0	0.17574461	0.0	0.0034113477	0.0	0.0	0.12399743	0.0	0.0	0.0	0.003320587	0.0	0.26628956	0.0	0.3542883	0.0	0.0	0.0	0.102181785	0.083700664	0.0	0.0	0.0	0.19205944	0.0	0.0	0.0	0.09236481	0.04659478	0.0	0.0	0.45356807	0.16667707	0.0	0.0	0.18834586	0.0	0.052661266	0.0	0.0	0.08391762	0.0	0.0	0.0	0.0	0.15787326	0.33935714	0.0	0.30137232	0.0	0.27664027	0.0	0.18980408	0.26135612	0.14032963	0.059975687	0.19798227	0.0	0.0	0.24799849	0.18673496	0.0	0.0	0.124608964	0.20641631	0.0	0.0	0.0
0.12159202	0.01107614	0.31292808	0.0	0.0	0.04226859	0.0	0.0	0.0	0.28935966	0.0	0.18160273	0.0	0.0	0.040390134	0.23848958	0.0	0.0	0.0	0.0	0.0	0.0	0.030204812	0.0	0.0	0.25089872	0.0	0.29152548	0.0	0.0	0.0	0.08328589	0.15135506	0.0	0.30374888	0.0	0.20269354	0.0	0.0	0.13672414	0.22587381	0.0	0.33764473	0.0	0.0046270317	0.35744688	0.29202664	0.0	0.0	0.12884559	0.04735251	0.17533647	0.14688003	0.21498106	0.0	0.0	0.0	0.24197002	0.0	0.0	0.0	0.18109904	0.0	0.0028776315	0.0	0.0	0.12394526	0.0	0.0	0.0	0.01111428	0.0	0.27415988	0.0	0.3599105	0.0	0.0	0.0	0.0958257	0.08106614	0.0	0.0	0.0	0.19302194	0.0	0.0	0.0	0.09886167	0.03941865	0.0	0.0	0.44952652	0.16043472	0.0	0.0	0.19074883	0.0	0.06438679	0.0	0.0	0.08738571	0.0	0.0	0.0	0.0	0.15516451	0.33971152	0.0	0.2924522	0.0	0.28071478	0.0	0.18036443	0.26046845	0.15592898	0.07091337	0.2004082	0.0	0.0	0.24402015	0.18361883	0.0	0.0	0.14015473	0.1983793	0.0	0.0	0.0
0.25662646	0.0	0.40396085	0.0	0.0	0.0058199777	0.008919895	0.0	0.0	0.5229639	0.0	0.36517334	0.0	0.0	0.0870525	0.23679875	0.0	0.0	0.0	0.0	0.0	0.0	0.0060200295	0.0	0.0	0.23558666	0.0	0.46268275	0.0	0.0	0.0	0.093223535	0.18891971	0.0	0.4276475	0.0	0.24791224	0.0	0.0	0.18411855	0.28820565	0.0	0.51228267	0.0	0.0059656925	0.43532333	0.3262197	0.0	0.0	0.23079829	0.038280584	0.31922963	0.14918126	0.3742679	0.0	0.0	0.0	0.3908685	0.0	0.0	0.0	0.15680812	0.0	0.011512943	0.0	0.0	0.18771565	0.0	0.0	0.0	0.0	0.0	0.34820473	0.0	0.44049823	0.0	0.0	0.0	0.122476995	0.08301029	0.002441528	0.0	0.0	0.3190743	0.008743581	0.0	0.0	0.1784916	0.05392885	0.0	0.0	0.65591615	0.2754613	0.0	0.0	0.2807974	0.0	0.03388589	0.0	0.0	0.12795754	0.0	0.0	0.0	0.0	0.25885653	0.51801294	0.0	0.41110465	0.0	0.4448998	0.0	0.34455392	0.3940705	0.15783662	0.10186864	0.21583824	0.0	0.0	0.25139642	0.27584717	0.0	0.010360888	0.09943538	0.30366743	0.0	0.0	0.0
0.22107072	0.0	0.4283894	0.0	0.0	0.02138537	0.036786254	0.0	0.0	0.5396993	0.0	0.32393405	0.0	0.0	0.11903576	0.21634793	0.0	0.0	0.0	0.0	0.0	0.0	0.028222732	0.0	0.0	0.27519932	0.0	0.43178427	0.0	0.0	0.0	0.10020894	0.18999302	0.0	0.4116811	0.0	0.27103996	0.0	0.0	0.15537937	0.29218233	0.0	0.4839101	0.0	0.016374467	0.45161152	0.34590936	0.0	0.0	0.19678287	0.051432844	0.32237086	0.15436865	0.38415277	0.006314419	0.0	0.0	0.3636942	0.0	0.0	0.0	0.14728384	0.0	0.021175727	0.0	0.0	0.130849	0.0	0.0	0.0	0.0	0.0	0.36775264	0.0	0.44074106	0.0	0.0	0.0	0.14588267	0.08758947	0.018284969	0.0	0.0	0.3147592	0.025593638	0.0	0.0	0.20240717	0.05957231	0.0	0.0	0.6642104	0.25234675	0.0	0.0	0.25272647	0.0	0.05639146	0.0	0.0	0.10407227	0.0	0.0	0.0	0.0	0.2514984	0.5238308	0.0	0.41314635	0.0	0.47341514	0.0	0.31916964	0.4072853	0.17848194	0.11794746	0.23840809	0.0	0.0	0.27645168	0.25299034	0.0	0.021850804	0.14612079	0.31832013	0.0	0.0	0.0
0.13934831	0.0	0.39883503	0.0	0.0	0.030903274	0.042450473	0.0	0.0	0.45818797	0.0	0.2627755	0.0	0.0	0.13214137	0.11872119	0.0	0.0	0.0	0.0	0.0	0.0	0.01598134	0.0	0.0	0.22963195	0.0	0.32620832	0.0018955307	0.0	0.0	0.07596016	0.16985546	0.0	0.40667486	0.0	0.2295946	0.0	0.0	0.14875399	0.22333793	0.0	0.3470765	0.0	0.025333926	0.41373363	0.3830892	0.0	0.0	0.1251013	0.032477107	0.30240515	0.21035863	0.3460995	0.00071067485	0.0	0.0033338505	0.3285545	0.0	0.0	0.0	0.13598055	0.0	0.012958159	0.0	0.0	0.049466316	0.0	0.0	0.0	0.016509233	0.0	0.3473513	0.0	0.43077967	0.0	0.018247979	0.0	0.12325593	0.072104596	0.03142004	0.0	0.0	0.22169228	0.019083256	0.0	0.0	0.06913022	0.11955579	0.0	0.0	0.51050436	0.26993605	0.0	0.0	0.2245574	0.0	0.029979328	0.0	0.0	0.12554346	0.0	0.0	0.0	0.0	0.2664763	0.43642163	0.0	0.3901899	0.0	0.32037684	0.0	0.26670167	0.35017323	0.058367267	0.07714129	0.17781763	0.0	0.0	0.25912377	0.21963696	0.0	0.021704076	0.1253999	0.27797604	0.0	0.0	0.0
0.13390611	0.0	0.4092604	0.0	0.0	0.036959443	0.053108543	0.0	0.0	0.47798336	0.0	0.262538	0.0	0.0	0.14581543	0.110142075	0.0	0.0	0.0	0.0	0.0	0.0	0.013658826	0.0	0.0	0.23374479	0.0	0.32722685	0.002072363	0.0	0.0	0.07231451	0.1690116	0.0	0.40820047	0.0	0.2371643	0.0	0.0	0.14968747	0.22494698	0.0	0.34443617	0.0	0.02880033	0.4204621	0.39188075	0.0	0.0	0.12151631	0.030904815	0.31362095	0.21321815	0.35421452	0.00543233	0.0	0.012831226	0.33493122	0.0	0.0	0.0	0.13444124	0.0	0.014402506	0.0	0.0	0.04068404	0.0	0.0	0.0	0.020051368	0.0	0.3594319	0.0	0.4342371	0.0	0.028429633	0.0	0.13039798	0.07323862	0.040623266	0.0	0.0	0.2232541	0.02466005	0.0	0.0	0.06683451	0.12097379	0.0	0.0	0.5146423	0.2753968	0.0	0.0	0.21739931	0.0	0.033217024	0.0	0.0	0.12598075	0.0	0.0	0.0	0.0	0.27141997	0.4463589	0.0	0.39594755	0.0	0.32766837	0.0	0.26351854	0.35272852	0.06196661	0.078598864	0.1806814	0.0	0.0	0.2614917	0.22377722	0.0	0.028389394	0.12863675	0.28546858	0.0	0.0	0.0
0.14443833	0.0	0.41264454	0.0	0.0	0.034399692	0.045956314	0.0	0.0	0.47157466	0.0	0.25882122	0.0	0.0	0.13460673	0.11709962	0.0	0.0	0.0	0.0	0.0	0.0	0.021581346	0.0	0.0	0.25036266	0.0	0.33945665	0.0	0.0	0.0	0.08767399	0.17290898	0.0	0.4113303	0.0	0.24229427	0.0	0.0	0.14681073	0.2409609	0.0	0.36087942	0.0	0.030802572	0.42048988	0.38203177	0.0	0.0	0.11805161	0.029888086	0.3181391	0.21121182	0.35945952	0.0022621378	0.0	0.001707056	0.33102426	0.0	0.0	0.0	0.14504938	0.0	0.02225138	0.0	0.0	0.045740172	0.0	0.0	0.0	0.021283107	0.0	0.36489972	0.0	0.43380794	0.0	0.018044097	0.0	0.12564856	0.07526753	0.038002644	0.0	0.0	0.23447835	0.02166111	0.0	0.0	0.075454086	0.10800078	0.0	0.0	0.52093124	0.27073523	0.0	0.0	0.21954663	0.0	0.0437825	0.0	0.0	0.12707616	0.0	0.0	0.0	0.0	0.27132598	0.45952246	0.0	0.40018246	0.0	0.3342363	0.0	0.26733196	0.36590537	0.05824541	0.08739984	0.18279898	0.0	0.0	0.26686922	0.23323111	0.0	0.022509126	0.13208482	0.2864524	0.0	0.0	0.0
0.15897703	0.0	0.4077673	0.0	0.0	0.0346579	0.048745114	0.0	0.0	0.48539606	0.0	0.2793712	0.0	0.0	0.13385193	0.11874759	0.0	0.0	0.0	0.0	0.0	0.0	0.017863972	0.0	0.0	0.23248295	0.0	0.3538182	0.0	0.0	0.0	0.085151814	0.17016768	0.0	0.41399932	0.0	0.23597944	0.0	0.0	0.15297337	0.23825996	0.0	0.37756145	0.0	0.027193392	0.4213222	0.38513088	0.0	0.0	0.13051997	0.032927703	0.3185395	0.2080916	0.36260405	0.0	0.0	0.0031158093	0.34390536	0.0	0.0	0.0	0.13579638	0.0	0.01665944	0.0	0.0	0.054439336	0.0	0.0	0.0	0.01366512	0.0	0.35366783	0.0	0.43490386	0.0	0.01676241	0.0	0.12570994	0.07409151	0.028626265	0.0	0.0	0.23805374	0.021673923	0.0	0.0	0.07891666	0.11007673	0.0	0.0	0.5371804	0.27997553	0.0	0.0	0.231125	0.0	0.028944815	0.0	0.0	0.1252294	0.0	0.0	0.0	0.0	0.27162454	0.45923862	0.0	0.4012096	0.0	0.3377689	0.0	0.28003606	0.36589298	0.062495563	0.080178656	0.17572808	0.0	0.0	0.2667756	0.23235059	0.0	0.01810799	0.12697105	0.28722855	0.0	0.0	0.0
0.13970415	0.0	0.42105958	0.0	0.0	0.042268246	0.049898744	0.0	0.0	0.47899008	0.0	0.2416548	0.0	0.0	0.14300802	0.11422181	0.0	0.0	0.0	0.0	0.0	0.0	0.017816583	0.0	0.0	0.2517893	0.0	0.32198778	0.00562744	0.0	0.0	0.07984986	0.15538284	0.0	0.39914957	0.0	0.2500366	0.0	0.0	0.13901375	0.22530647	0.0	0.34761906	0.0	0.018956976	0.41080463	0.36979142	0.0	0.0	0.110548906	0.028984413	0.30390784	0.20820129	0.36493716	0.009912525	0.0	0.0027689487	0.3179897	0.0	0.0	0.0	0.1304638	0.0	0.025605187	0.0	0.0	0.045381393	0.0	0.0	0.0	0.019303676	0.0	0.35179916	0.0	0.4080701	0.0	0.022490496	0.0	0.13487478	0.07011208	0.042259682	0.0	0.0	0.22464456	0.019973336	0.0	0.0	0.0861269	0.091886856	0.0	0.0	0.51720613	0.2600737	0.0	0.0	0.20730168	0.0	0.06399267	0.0	0.0	0.10722444	0.0	0.0	0.0	0.0	0.24613054	0.45058572	0.0	0.39639997	0.0	0.34611502	0.0	0.2582316	0.36291257	0.069738515	0.09804816	0.18135273	0.0	0.0	0.27957273	0.2230884	0.0	0.028318504	0.12331736	0.29087004	0.0	0.0	0.0
0.15404277	0.0	0.42058662	0.0	0.0	0.041074395	0.047236983	0.0	0.0	0.4937996	0.0	0.28957883	0.0	0.0	0.14564788	0.11732634	0.0	0.0	0.0	0.0	0.0	0.0	0.014129204	0.0	0.0	0.24396253	0.0	0.35008034	0.004385838	0.0	0.0	0.08667464	0.17149122	0.0	0.42515	0.0	0.24461757	0.0	0.0	0.15150361	0.2380841	0.0	0.37044713	0.0	0.02815117	0.43063965	0.4020504	0.0	0.0	0.12696649	0.032020032	0.32608193	0.21284096	0.37434125	0.002670591	0.0	0.0037902805	0.34688532	0.0	0.0	0.0	0.13323803	0.0	0.015726566	0.0	0.0	0.047090095	0.0	0.0	0.0	0.018640554	0.0	0.36709258	0.0	0.4492502	0.0	0.0194436	0.0	0.13604422	0.08324172	0.0351638	0.0	0.0	0.23991357	0.025087647	0.0	0.0	0.07875137	0.11952442	0.0	0.0	0.5442707	0.2840045	0.0	0.0	0.2363745	0.0	0.041416038	0.0	0.0	0.12962215	0.0	0.0	0.0	0.0	0.2906488	0.4666758	0.0	0.40673184	0.0	0.3493255	0.0	0.2879311	0.38640606	0.06356726	0.089683406	0.18015383	0.0	0.0	0.2625843	0.24308814	0.0	0.021917738	0.13499224	0.29416624	0.0	0.0	0.0
0.15470247	0.0	0.41316614	0.0	0.0	0.038577408	0.060472816	0.0	0.0	0.47516522	0.0	0.26632854	0.0	0.0	0.13755406	0.11868694	0.0	0.0	0.0	0.0	0.0	0.0	0.0133583555	0.0	0.0	0.24873908	0.0	0.33797762	0.0015151277	0.0	0.0	0.08403989	0.1653518	0.0	0.4094034	0.0	0.25731993	0.0	0.0	0.14946784	0.24169843	0.0	0.36184946	0.0	0.030424869	0.41858682	0.38345984	0.0	0.0	0.13380398	0.03469303	0.31724378	0.21326087	0.36610898	0.0	0.0	0.004752395	0.33392367	0.0	0.0	0.0	0.1395763	0.0	0.016667204	0.0	0.0	0.04770319	0.0	0.0	0.0	0.01622377	0.0	0.36744797	0.0	0.4294428	0.0	0.022928894	0.0	0.124076225	0.07769154	0.04356635	0.0	0.0	0.2486276	0.026578838	0.0	0.0	0.07423803	0.10252825	0.0	0.0	0.52685213	0.26834533	0.0	0.0	0.21340239	0.0	0.052875955	0.0	0.0	0.12352524	0.0	0.0	0.0	0.0	0.26368898	0.45821798	0.0	0.40157613	0.0	0.34359372	0.0	0.26964006	0.3612183	0.070426345	0.08648779	0.18630286	0.0	0.0	0.26725498	0.23061788	0.0	0.029073177	0.12182949	0.28552336	0.0	0.0	0.0
0.142298	0.0	0.3968967	0.0	0.0	0.0302499	0.04882006	0.0	0.0	0.4560341	0.0	0.25637904	0.0	0.0	0.1252449	0.1203874	0.0	0.0	0.0	0.0	0.0	0.0	0.016002582	0.0	0.0	0.23366612	0.0	0.32394144	0.003766949	0.0	0.0	0.075759284	0.17122407	0.0	0.40068373	0.0	0.23936523	0.0	0.0	0.14439167	0.2259932	0.0	0.34383282	0.0	0.027759036	0.40981603	0.38335982	0.0	0.0	0.12758985	0.036772344	0.29883012	0.21116798	0.34364605	0.0	0.0	0.0010179343	0.3245766	0.0	0.0	0.0	0.1380197	0.0	0.017489327	0.0	0.0	0.04940031	0.0	0.0	0.0	0.017371425	0.0	0.35255352	0.0	0.4260188	0.0	0.0181615	0.0	0.12678765	0.070020795	0.031502154	0.0	0.0	0.22296357	0.020740425	0.0	0.0	0.07007756	0.10477554	0.0	0.0	0.5058002	0.264172	0.0	0.0	0.21710427	0.0	0.03499524	0.0	0.0	0.124556124	0.0	0.0	0.0	0.0	0.25994077	0.4387237	0.0	0.3818079	0.0	0.3193062	0.0	0.25833777	0.3436015	0.061099034	0.0769911	0.18471391	0.0	0.0	0.26184687	0.22056513	0.0	0.025404925	0.12982605	0.26856875	0.0	0.0	0.0
0.1326349	0.0	0.41704914	0.0	0.0	0.050295755	0.051620457	0.0	0.0	0.48584604	0.0	0.25128084	0.0024924832	0.0	0.16257595	0.11400085	0.0	0.0	0.0	0.0	0.0	0.0	0.016742283	0.0	0.0	0.25477767	0.0	0.33091673	0.0	0.0	0.0	0.073278576	0.1700538	0.0	0.40388897	0.0	0.25356865	0.0	0.0	0.1471264	0.22685003	0.00086608966	0.34529904	0.0	0.030199185	0.4244888	0.39229652	0.0	0.0	0.11943823	0.03343024	0.30761173	0.21436179	0.36462697	0.0084796725	0.0	0.008201095	0.324047	0.0	0.0	0.0	0.1282224	0.0	0.020450907	0.0	0.0	0.03647698	0.0	0.0	0.0	0.01626792	0.0	0.3613161	0.0	0.4322342	0.0	0.021732675	0.0	0.13434882	0.073119156	0.04368895	0.0	0.0	0.22774406	0.028878817	0.0	0.0	0.080131955	0.10702947	0.0	0.0	0.53007025	0.26428097	0.0	0.0	0.208821	0.0	0.052177433	0.0	0.0	0.11417293	0.0	0.0	0.0	0.0	0.26063266	0.4573984	0.0	0.40238157	0.0	0.35660136	0.0	0.25441632	0.36169192	0.07740935	0.09320227	0.20041673	0.0	0.0	0.26269892	0.21848397	0.0	0.031699806	0.13853353	0.2901815	0.0	0.0	0.0
0.19196244	0.0	0.41041788	0.0	0.0	0.023182483	0.042319924	0.0	0.0	0.49585924	0.0	0.29493487	0.0	0.0	0.11963582	0.17201851	0.0	0.0	0.0	0.0	0.0	0.0	0.016176384	0.0	0.0	0.24141102	0.0	0.38810173	0.0	0.0	0.0	0.08734819	0.17463775	0.0	0.40056524	0.0	0.24366343	0.0	0.0	0.15043728	0.2621723	0.0	0.42760253	0.0	0.023767969	0.43018922	0.3469194	0.0	0.0	0.1727504	0.042799044	0.3107612	0.17235206	0.35714886	0.008452562	0.0	0.0	0.34526435	0.0	0.0	0.0	0.14607395	0.0	0.016078113	0.0	0.0	0.09989507	0.0	0.0	0.0	0.0032050845	0.0	0.353676	0.0	0.42273483	0.0	0.0	0.0	0.13798426	0.077411346	0.027525479	0.0	0.0	0.26881382	0.02543973	0.0	0.0	0.1384735	0.08011745	0.0	0.0	0.5805569	0.2638972	0.0	0.0	0.24156864	0.0	0.037991676	0.0	0.0	0.11430734	0.0	0.0	0.0	0.0	0.25069064	0.4742562	0.0	0.39689735	0.0	0.39482966	0.0	0.2916408	0.3660182	0.11660984	0.0874173	0.20932436	0.0	0.0	0.26242414	0.23607165	0.0	0.021116467	0.12822688	0.29707706	0.0	0.0	0.0
0.20769258	0.0	0.43391287	0.0	0.0	0.0304773	0.05079661	0.0	0.0	0.52880335	0.0	0.29465717	0.0	0.0	0.13108158	0.1825347	0.0	0.0	0.0	0.0	0.0	0.0	0.017835937	0.0	0.0	0.26962373	0.0	0.40913984	0.0	0.0	0.0	0.095947705	0.18087609	0.0	0.4039178	0.0	0.2726446	0.0	0.0	0.14658098	0.280342	0.0	0.45438716	0.0	0.023873419	0.44474766	0.34459463	0.0	0.0	0.18320896	0.048460092	0.31919634	0.16926669	0.37891194	0.017034741	0.0	0.0	0.3446127	0.0	0.0	0.0	0.13975345	0.0	0.02515322	0.0	0.0	0.101227045	0.0	0.0	0.0	0.0	0.0	0.37335142	0.0	0.4241179	0.0	0.0	0.0	0.14807136	0.085400224	0.036165673	0.0	0.0	0.29177836	0.033319637	0.0	0.0	0.17122974	0.06608626	0.0	0.0	0.622961	0.2569439	0.0	0.0	0.23607834	0.0	0.059278388	0.0	0.0	0.106082864	0.0	0.0	0.0	0.0	0.24310999	0.50775915	0.0	0.40804577	0.0	0.44958365	0.0	0.294269	0.3866001	0.15728708	0.10802361	0.23096727	0.0	0.0	0.26925504	0.23558818	0.0	0.026813341	0.13627481	0.31044614	0.0	0.0	0.0
0.15141706	0.0	0.4400427	0.0	0.0	0.05028674	0.05580433	0.0	0.0	0.5175881	0.0	0.2663003	0.0	0.0	0.16463263	0.1302709	0.0	0.0	0.0	0.0	0.0	0.0	0.022825822	0.0	0.0	0.28826728	0.0	0.34976164	0.0	0.0	0.0	0.08946023	0.1723035	0.0	0.41234288	0.0	0.27008468	0.0	0.0	0.13793796	0.2488063	0.0	0.3809478	0.0	0.024769286	0.44617343	0.38765466	0.0	0.0	0.12796147	0.03965501	0.32269272	0.20205875	0.3895593	0.017920429	0.0	0.007767604	0.3288332	0.0	0.0	0.0	0.12751311	0.0	0.023902878	0.0	0.0	0.039605144	0.0	0.0	0.0	0.009731592	0.0	0.381804	0.0	0.44132185	0.0	0.022281455	0.0	0.14896035	0.08004867	0.049766064	0.0	0.0	0.25612298	0.039078727	0.0	0.0	0.121602155	0.09266757	0.0	0.0	0.58635527	0.2631831	0.0	0.0	0.20987368	0.0	0.07268115	0.0	0.0	0.10802134	0.0	0.0	0.0	0.0	0.26930806	0.4855627	0.0	0.41782996	0.0049618273	0.41160345	0.0	0.27146867	0.40238962	0.10562518	0.10797336	0.20766371	0.0	0.0	0.2695482	0.2282055	0.0	0.03294997	0.1512341	0.31239378	0.0	0.0	0.0
0.23656636	0.0	0.42677	0.0	0.0	0.010937546	0.036004703	0.0	0.0	0.5367694	0.0	0.3154598	0.0	0.0	0.11245457	0.21066757	0.0	0.0	0.0	0.0	0.0	0.0	0.0038921784	0.0	0.0	0.25822356	0.0	0.44136372	0.0	0.0	0.0	0.0860099	0.19071293	0.0	0.40454817	0.0	0.27313575	0.0	0.0	0.15251556	0.28348166	0.0	0.48856893	0.0	0.017487634	0.44950137	0.31531873	0.0	0.0	0.2252053	0.050712466	0.3123169	0.15810809	0.3783419	0.015847431	0.0	0.0	0.36694443	0.0	0.0	0.0	0.14175172	0.0	0.019516021	0.0	0.0	0.14233452	0.0	0.0	0.0	0.0	0.0	0.36968836	0.0	0.42445007	0.0	0.0	0.0	0.14269406	0.069421686	0.026711611	0.0	0.0	0.3014413	0.027917234	0.0	0.0	0.19220829	0.04871798	0.0	0.0	0.65077823	0.26299968	0.0	0.0	0.25392303	0.0	0.049246356	0.0	0.0	0.10766842	0.0	0.0	0.0	0.0	0.22228019	0.52223355	0.0	0.40591118	0.0	0.4728159	0.0	0.3105849	0.3689359	0.18056159	0.10491995	0.24138248	0.0	0.0	0.2581227	0.23509263	0.0	0.027566282	0.115347505	0.30731097	0.0	0.0	0.0
0.124129266	0.0	0.422323	0.0	0.0	0.044888955	0.050095994	0.0	0.0	0.48720407	0.0	0.2560759	0.0069955997	0.0	0.15712984	0.10397032	0.0	0.0	0.0	0.0	0.0	0.0	0.018255254	0.0	0.0	0.24988103	0.0	0.3276221	0.0050129048	0.0	0.0	0.07801236	0.17199527	0.0	0.4131088	0.0	0.24643521	0.0	0.0	0.14984739	0.2292506	0.0023156004	0.34364995	0.0	0.03102699	0.4253491	0.40084314	0.0	0.0	0.10536283	0.030192288	0.31714803	0.22417283	0.36947414	0.009382312	0.0	0.011639786	0.32858253	0.0	0.0	0.0	0.13088812	0.0	0.017584458	0.0	0.0	0.036193494	0.0	0.0	0.0	0.024706513	0.0	0.37114915	0.0	0.4404476	0.0	0.031113429	0.0	0.13769795	0.0750525	0.04678453	0.0	0.0	0.2264808	0.030470112	0.002639018	0.0008686508	0.06589825	0.11791748	0.0	0.0	0.51777536	0.27873698	0.0	0.0	0.21087913	0.0	0.048250467	0.0	0.0	0.12516534	0.0	0.0	0.0	0.0	0.27820873	0.4611714	0.0	0.41113403	0.0	0.34220806	0.0	0.2638001	0.3659002	0.06395451	0.09200746	0.18620618	0.0	0.0	0.2647538	0.22845757	0.0	0.029474081	0.13553561	0.29473647	0.0	0.0	0.0
0.11759969	0.0	0.42530012	0.0	0.0	0.049105998	0.04954973	0.0	0.0	0.48385525	0.0	0.24121827	0.006203681	0.0	0.16513659	0.105261765	0.0	0.0	0.0	0.0	0.0	0.0	0.023198063	0.0	0.0	0.25720105	0.0	0.31904343	0.0021414768	0.0	0.0	0.07697215	0.16515525	0.0	0.3996549	0.0	0.25088072	0.0	0.0	0.14527886	0.21987386	0.003411998	0.3349222	0.0	0.025683591	0.42270327	0.39174262	0.0	0.0	0.101323344	0.030941091	0.3113706	0.22058904	0.36911854	0.01274396	0.0	0.0093340315	0.3171228	0.0	0.0	0.0	0.12949233	0.0	0.020905947	0.0	0.0	0.031677146	0.0	0.0	0.0	0.020704566	0.0	0.3632702	0.0	0.4301292	0.0	0.02800388	0.0	0.14162917	0.07714092	0.047475982	0.0	0.0	0.2233262	0.02798964	0.0	6.8278364e-06	0.07855115	0.11463806	0.0	0.0	0.5234899	0.26076743	0.0	0.0	0.20190781	0.0	0.059239876	0.0	0.0	0.112031244	0.0	0.0	0.0	0.0	0.25992116	0.45514524	0.0	0.4032776	0.0	0.3493599	0.0	0.25136364	0.36785114	0.07499563	0.09035539	0.19349031	0.0	0.0	0.26881316	0.21957685	0.0	0.030773846	0.145966	0.29240814	0.0	0.0	0.0
0.0988236	0.0	0.4303143	0.0	0.0	0.05953477	0.053065967	0.0	0.0	0.48667964	0.0	0.21599108	0.0070112105	0.0	0.17588194	0.100775175	0.0	0.0	0.0	0.0	0.0	0.0	0.019640915	0.0	0.0	0.27561694	0.0	0.30239406	0.005613806	0.0	0.0	0.070099644	0.1590078	0.0	0.38444915	0.0	0.26261255	0.0	0.0	0.13306504	0.20770688	0.0030086713	0.31484196	0.0	0.02140293	0.4194591	0.3872187	0.0	0.0	0.09049254	0.03448362	0.29908815	0.22370024	0.37795815	0.018045066	0.0	0.018729502	0.30771035	0.0	0.0	0.0	0.123052396	0.0	0.019257644	0.0	0.0	0.029590046	0.0	0.0	0.0	0.016699629	0.0	0.3649409	0.0	0.42106283	0.0	0.032921378	0.0	0.15019155	0.07256119	0.05625497	0.0	0.0	0.21177392	0.034437723	0.00098447	0.0035964276	0.08328198	0.10247349	0.0	0.0	0.52769667	0.24876304	0.0	0.0	0.18514878	0.0	0.072744906	0.0	0.0	0.10182246	0.0	0.0	0.0	0.0	0.24323314	0.45301488	0.0	0.4000623	0.0016594665	0.36495364	0.0	0.23490112	0.36707577	0.086539544	0.09817306	0.19621299	0.0	0.0	0.26985815	0.20454274	0.0	0.034964997	0.15288128	0.29785094	0.0	0.0	0.0
0.12376959	0.0	0.4272106	0.0	0.0	0.051077098	0.049755543	0.0	0.0	0.47872043	0.0	0.24324685	0.007532828	0.0	0.15927742	0.10839859	0.0	0.0	0.0	0.0	0.0	0.0	0.022647396	0.0	0.0	0.26525724	0.0	0.31679437	0.00017653157	0.0	0.0	0.0817978	0.1691249	0.0	0.40401956	0.0	0.2588803	0.0	0.0	0.14347593	0.228302	0.00024035231	0.3410709	0.0	0.026195398	0.423798	0.39118204	0.0	0.0	0.09775204	0.031743556	0.31278646	0.22376545	0.3723894	0.008774832	0.0	0.00040410584	0.31637606	0.0	0.0	0.0	0.12924612	0.0	0.020124594	0.0	0.0	0.03476489	0.0	0.0	0.0	0.019144554	0.0	0.36970806	0.0	0.42893156	0.0	0.027691754	0.0	0.13998349	0.077233836	0.044615865	0.0	0.0	0.2257753	0.029608803	0.0	0.0	0.07938304	0.10672293	0.0	0.0	0.5232055	0.26150486	0.0	0.0	0.2018487	0.0	0.067389034	0.0	0.0	0.11346675	0.0	0.0	0.0	0.0	0.26174337	0.46054295	0.0	0.4030778	0.0	0.3544263	0.0	0.2529305	0.37440452	0.076744266	0.09699744	0.19045578	0.0	0.0	0.26904944	0.22538953	0.0	0.031011922	0.14156395	0.2907628	0.0	0.0	0.0
0.15292768	0.0	0.396616	0.0	0.0	0.030768491	0.039740477	0.0	0.0	0.4702886	0.0	0.27530622	0.0	0.0	0.11501774	0.12776905	0.0	0.0	0.0	0.0	0.0	0.0	0.019976573	0.0	0.0	0.23597126	0.0	0.34342837	0.0	0.0	0.0	0.092807	0.17009026	0.0	0.40458822	0.0	0.22273125	0.0	0.0	0.14758204	0.24727362	0.0	0.37884125	0.0	0.02284111	0.41392097	0.37293062	0.0	0.0	0.13367881	0.034281947	0.30442786	0.19405659	0.33809006	0.00035898885	0.0	0.0	0.32310727	0.0	0.0	0.0	0.14268993	0.0	0.016937548	0.0	0.0	0.06788642	0.0	0.0	0.0	0.009945188	0.0	0.3373429	0.0	0.4283905	0.0	0.0	0.0	0.12812914	0.07410515	0.023536945	0.0	0.0	0.2392341	0.015350836	0.0	0.0	0.09767542	0.109267004	0.0	0.0	0.5403908	0.2646439	0.0	0.0	0.23398493	0.0	0.024615085	0.0	0.0	0.1263057	0.0	0.0	0.0	0.0	0.269044	0.43868956	0.0	0.3911078	0.0	0.34009668	0.0	0.27567288	0.36568102	0.071511656	0.07898284	0.19042803	0.0	0.0	0.26791722	0.24026223	0.0	0.012232359	0.12801175	0.28173742	0.0	0.0	0.0
0.12537168	0.0	0.4255427	0.0	0.0	0.061722904	0.048465285	0.0	0.0	0.49814144	0.0	0.2531378	0.0059752404	0.0	0.16406538	0.13014899	0.0	0.0	0.0	0.0	0.0	0.0	0.035363264	0.0	0.0	0.28757647	0.0	0.3343779	0.0	0.0	0.0	0.09136347	0.17875595	0.0	0.40177277	0.0	0.26745415	0.0	0.0	0.14325882	0.24266386	0.0	0.36178753	0.0	0.023652175	0.4385564	0.3935976	0.0	0.0	0.10483193	0.040367175	0.311758	0.20523565	0.3722671	0.0106816115	0.0	0.003833094	0.3196018	0.0	0.0	0.0	0.13538323	0.0	0.025238454	0.0	0.0	0.033651616	0.0	0.0	0.0	0.008313579	0.0	0.3673499	0.0	0.44863692	0.0	0.013103522	0.0	0.14770666	0.08934611	0.040052358	0.0	0.0	0.24597476	0.032206476	0.0	0.0	0.11657658	0.1066131	0.0	0.0	0.5651904	0.25128067	0.0	0.0	0.20858763	0.0	0.06791943	0.0	0.0	0.10983043	0.0	0.0	0.0	0.0	0.27107152	0.47046098	0.0	0.4089063	0.0018742569	0.39243844	0.0	0.26283738	0.39874724	0.10541707	0.10421255	0.21457975	0.0	0.0	0.2703528	0.22897756	0.0	0.025173085	0.16589893	0.3016026	0.0	0.0	0.0
0.16120732	0.0	0.41380325	0.0	0.0	0.039413612	0.0475655	0.0	0.0	0.49377656	0.0	0.2803508	0.0004964893	0.0	0.13985412	0.12691496	0.0	0.0	0.0	0.0	0.0	0.0	0.025856629	0.0	0.0	0.2564511	0.0	0.3518552	0.0	0.0	0.0	0.0944615	0.17459865	0.0	0.41910657	0.0	0.24519415	0.0	0.0	0.15060861	0.25422892	0.0	0.3860867	0.0	0.027059486	0.42633697	0.39197698	0.0	0.0	0.12721062	0.036959853	0.32231373	0.20076753	0.3655696	0.004351349	0.0	0.0	0.3305631	0.0	0.0	0.0	0.13727044	0.0	0.022171952	0.0	0.0	0.04982638	0.0	0.0	0.0	0.012416215	0.0	0.362113	0.0	0.44430614	0.0	0.006126164	0.0	0.13324769	0.08288296	0.029859925	0.0	0.0	0.25688368	0.025264151	0.0	0.0	0.10424849	0.10736684	0.0	0.0	0.5570597	0.26710817	0.0	0.0	0.22994436	0.0	0.045083117	0.0	0.0	0.12548858	0.0	0.0	0.0	0.0	0.28336203	0.46498844	0.0	0.40962628	0.0	0.3687357	0.0	0.282797	0.38733566	0.083541214	0.09396732	0.20015915	0.0	0.0	0.26943877	0.24097146	0.0	0.020086855	0.13748096	0.29403368	0.0	0.0	0.0
0.13648222	0.0	0.38618037	0.0	0.0	0.036293637	0.04340501	0.0	0.0	0.45087758	0.0	0.25574183	0.0021065113	0.0	0.13507101	0.12588654	0.0	0.0	0.0	0.0	0.0	0.0	0.021654867	0.0	0.0	0.23389535	0.0	0.32401928	0.0	0.0	0.0	0.0779102	0.16881311	0.0	0.394292	0.0	0.22985525	0.0	0.0	0.14770572	0.22307964	0.0	0.34385288	0.0	0.02698949	0.40734735	0.37605205	0.0	0.0	0.120103955	0.032613326	0.2957535	0.20478107	0.34070477	0.0	0.0	0.0035355277	0.32030854	0.0	0.0	0.0	0.14293242	0.0	0.017542837	0.0	0.0	0.04912761	0.0	0.0	0.0	0.012908489	0.0	0.33815598	0.0	0.4286274	0.0	0.00884274	0.0	0.12288771	0.078959696	0.02766492	0.0	0.0	0.2193621	0.016349263	0.0	0.0	0.077562116	0.11499921	0.0	0.0	0.5062066	0.25437167	0.0	0.0	0.21550135	0.0	0.03337313	0.0	0.0	0.121001296	0.0	0.0	0.0	0.0	0.2628413	0.42994627	0.0	0.382388	0.0	0.32002792	0.0	0.25901994	0.34532323	0.06296347	0.07078063	0.18641503	0.0	0.0	0.25812265	0.22203998	0.0	0.019560197	0.13641787	0.2746071	0.0	0.0	0.0
0.16417778	0.0	0.4110955	0.0	0.0	0.039694935	0.0590522	0.0	0.0	0.5110468	0.0	0.30844387	0.0	0.0	0.13195898	0.12632953	0.0	0.0	0.0	0.0	0.0	0.0	0.014379273	0.0	0.0	0.25040194	0.0	0.3890581	0.0	0.0	0.0	0.1130516	0.16948909	0.0	0.4404327	0.0	0.26119986	0.0	0.0	0.1688896	0.26965967	0.0	0.415396	0.0	0.028380489	0.40617886	0.4244809	0.0	0.0	0.12732923	0.02857002	0.34030852	0.21888767	0.407593	0.0	0.0	0.005012891	0.36409676	0.0	0.0	0.0	0.13741042	0.0	0.02863595	0.0	0.0	0.077801935	0.0	0.0	0.0	0.011387455	0.0	0.35892925	0.0	0.46441904	0.0	0.0034085214	0.0	0.14098586	0.0936512	0.02333688	0.0	0.0	0.25808838	0.022712456	0.0	0.0	0.07678335	0.11011207	0.0	0.0	0.56148314	0.2916195	0.0	0.0	0.26227188	0.0	0.043952107	0.0	0.0	0.14961657	0.0	0.0	0.0	0.0	0.2882705	0.5015213	0.0	0.40638223	0.0	0.3560579	0.0	0.32220873	0.41843137	0.06428545	0.109704696	0.15143372	0.0	0.0	0.2863038	0.26411995	0.0	0.009411722	0.13812415	0.27848828	0.0	0.0	0.0
0.17308928	0.0	0.41874537	0.0	0.0	0.020583896	0.04488429	0.0	0.0	0.50251937	0.0	0.28596553	0.0	0.0	0.12390492	0.15036392	0.0	0.0	0.0	0.0	0.0	0.0	0.01379488	0.0	0.0	0.24854974	0.0	0.3765184	0.008888713	0.0	0.0	0.10025821	0.16878264	0.0	0.40561166	0.0	0.24182343	0.0	0.0	0.16643666	0.27022955	0.0	0.41513172	0.0	0.016191559	0.4177908	0.3663307	0.0	0.0	0.13970672	0.036494162	0.31897837	0.19102983	0.37804118	0.0	0.0	0.0	0.34365597	0.0	0.0	0.0	0.14129242	0.0	0.016914787	0.0	0.0	0.09981465	0.0	0.0	0.0	0.006253764	0.0	0.35194466	0.0	0.43010727	0.0	0.0	0.0	0.13611709	0.094317555	0.024141	0.0	0.0	0.2644245	0.02286165	0.0	0.0	0.11272353	0.09734157	0.0	0.0	0.5735436	0.26655418	0.0	0.0	0.2430983	0.0	0.04421307	0.0	0.0	0.12695126	0.0	0.0	0.0	0.0	0.27113232	0.48699996	0.0	0.41657916	0.0	0.3789631	0.0	0.3100162	0.38927746	0.07977824	0.083944775	0.18391234	0.0	0.0	0.28083858	0.2466081	0.0	0.015036159	0.12697533	0.28642395	0.0	0.0	0.0
0.12303444	0.031195037	0.33337614	0.0	0.0	0.06970359	0.0	0.0	0.0	0.36042938	0.0	0.21495706	0.0012006774	0.0	0.06401091	0.22839563	0.0	0.0	0.0	0.0	0.0	0.0	0.033386398	0.0	0.0	0.28015566	0.0	0.32049194	0.0	0.0	0.0	0.10099026	0.15578131	0.0	0.32529843	0.0	0.20576449	0.0	0.0	0.14663552	0.26574495	0.0	0.38783482	0.0	0.0	0.38271752	0.30733234	0.0	0.0	0.11116552	0.05152997	0.2082159	0.14293271	0.24855387	0.0	0.0	0.0	0.24851115	0.0	0.0	0.0	0.17850725	0.0	0.00847273	0.0	0.0	0.10961362	0.0	0.0	0.0	0.0055170157	0.0	0.28006706	0.0	0.38018116	0.0	0.0	0.0	0.13390653	0.094027616	0.0	0.0	0.0	0.22083735	0.0	0.0	0.0	0.1394357	0.059211135	0.0	0.0	0.52766365	0.17149098	0.0	0.0	0.1996544	0.0	0.061856676	0.0	0.0	0.082972914	0.0	0.0	0.0	0.0	0.18497758	0.3804978	0.0	0.33773923	0.0	0.3473318	0.0	0.20819567	0.3266975	0.18924113	0.10507997	0.21910131	0.0	0.0	0.24275534	0.21638961	0.0	0.0	0.16521241	0.25267628	0.0	0.0	0.0
0.13694775	0.0	0.31328118	0.0	0.0	0.02875582	0.0	0.0	0.0	0.29396987	0.0	0.19278784	0.0	0.0	0.034376174	0.23903477	0.0	0.0	0.0	0.0	0.0	0.0	0.031312365	0.0	0.0	0.23724563	0.0	0.29605725	0.0	0.0	0.0	0.0885506	0.14554629	0.0	0.30491278	0.0	0.19985235	0.0	0.0	0.14664258	0.23500235	0.0	0.3467393	0.0	0.0	0.35165188	0.28869078	0.0	0.0	0.1408053	0.038314577	0.18885899	0.1406401	0.21987467	0.0	0.0	0.0	0.24714911	0.0	0.0	0.0	0.18323569	0.0	0.005421302	0.0	0.0	0.13987125	0.0	0.0	0.0	0.0030713987	0.0	0.27003726	0.0	0.35474285	0.0	0.0	0.0	0.09645993	0.085138105	0.0	0.0	0.0	0.20431282	0.0	0.0	0.0	0.09334087	0.035291098	0.0	0.0	0.45397368	0.16504891	0.0	0.0	0.18708897	0.0	0.06024695	0.0	0.0	0.0851303	0.0	0.0	0.0	0.0	0.15667836	0.34139547	0.0	0.3000655	0.0	0.28139982	0.0	0.19061916	0.2645239	0.14580344	0.06702089	0.1969137	0.0	0.0	0.25062805	0.19278677	0.0	0.0	0.12025123	0.20261319	0.0	0.0	0.0
0.20577186	0.0086026285	0.3341271	0.0	0.0	0.018485121	0.0	0.0	0.0	0.3244688	0.0	0.23382942	0.0	0.0	0.02263779	0.30967483	0.0	0.0	0.0	0.0	0.0	0.0	0.029028261	0.0	0.0	0.26054457	0.0	0.36068282	0.0	0.0	0.0	0.106739454	0.15188186	0.0	0.30381235	0.0	0.21915884	0.0	0.0	0.1550229	0.269816	0.0	0.4342037	0.0	0.0	0.3621098	0.25750387	0.0	0.0	0.17881483	0.05095455	0.19514066	0.10243267	0.2524517	0.0	0.0	0.0	0.2548341	0.0	0.0	0.0	0.19309032	0.0	0.02533201	0.0	0.0	0.20732297	0.0	0.0	0.0	0.0	0.0	0.28731886	0.0	0.3536469	0.0	0.0	0.0	0.12249956	0.08832999	0.0	0.0	0.0	0.24867971	0.0	0.0	0.0	0.1450706	0.013394316	0.0	0.0	0.5289539	0.1542433	0.0	0.0	0.20374632	0.0	0.07964908	0.0	0.0	0.08143723	0.0	0.0	0.0	0.0	0.12241184	0.40221047	0.0	0.29866502	0.0	0.35979748	0.0	0.21994989	0.27966073	0.22056742	0.10301856	0.20399946	0.0	0.0	0.24317054	0.21580793	0.0	0.0	0.12593913	0.20765972	0.0	0.0	0.0
0.124131165	0.0	0.30595684	0.0	0.0	0.029149381	0.0	0.0	0.0	0.2869048	0.0	0.1865782	0.0	0.0	0.038578767	0.2318697	0.0	0.0	0.0	0.0	0.0	0.0	0.023798985	0.0	0.0	0.22785749	0.0	0.28971028	0.0	0.0	0.0	0.07697313	0.145635	0.0	0.3017173	0.0	0.18882847	0.0	0.0	0.1405301	0.21690214	0.0	0.33695436	0.0	0.0024029315	0.35132453	0.28513747	0.0	0.0	0.13415979	0.040961973	0.18160026	0.14482543	0.21114503	0.0	0.0	0.0	0.24029024	0.0	0.0	0.0	0.17387979	0.0	0.0009419608	0.0	0.0	0.12769349	0.0	0.0	0.0	0.004169365	0.0	0.26151425	0.0	0.34689942	0.0	0.0	0.0	0.09702953	0.077048086	0.0	0.0	0.0	0.18305288	0.0	0.0	0.0	0.08954837	0.0441204	0.0	0.0	0.43947807	0.16279514	0.0	0.0	0.18902753	0.0	0.053359523	0.0	0.0	0.08189585	0.0	0.0	0.0	0.0	0.14732398	0.32941523	0.0	0.2926281	0.0	0.26777792	0.0	0.18043615	0.24831717	0.1434524	0.05715719	0.19566047	0.0	0.0	0.24222481	0.1835817	0.0	0.0	0.12144504	0.19747806	0.0	0.0	0.0
0.09282965	0.015255466	0.31120184	0.0	0.0	0.04389322	0.0	0.0	0.0	0.25833035	0.0	0.1380627	0.0	0.0	0.040644705	0.22631703	0.0	0.0	0.0	0.0	0.0	0.0	0.033744965	0.0	0.0	0.24942678	0.0	0.2606555	0.0	0.0	0.0	0.07819027	0.15049309	0.0	0.27678382	0.0	0.20807235	0.0	0.0	0.13676299	0.2182709	0.0	0.30028138	0.0	0.007997162	0.3455275	0.28065023	0.0	0.0	0.10456971	0.045393284	0.16486967	0.15929924	0.19982779	0.0	0.0	0.0	0.21710491	0.0	0.0	0.0	0.1774245	0.0	0.003957464	0.0	0.0	0.10306633	0.0	0.0	0.0	0.01231746	0.0	0.2667692	0.0	0.33854917	0.0	0.0	0.0	0.09696147	0.078734085	0.0	0.0	0.0	0.16451567	0.0	0.0	0.0	0.084451795	0.039668936	0.0	0.0	0.40662876	0.1395349	0.0	0.0	0.16493665	0.0	0.06770321	0.0	0.0	0.07570177	0.0	0.0	0.0	0.0	0.1201089	0.32408398	0.0	0.28303087	0.0	0.25649428	0.0	0.14874576	0.2321163	0.15316992	0.063666314	0.20309694	0.0	0.0	0.2503303	0.16334128	0.0	0.0	0.12973563	0.18424763	0.0	0.0	0.0
0.08404854	0.014754658	0.3045086	0.0	0.0	0.04843828	0.0	0.0	0.0	0.26064333	0.0	0.13904086	0.0	0.0	0.045914214	0.22949405	0.0	0.0	0.0	0.0	0.0	0.0	0.03332839	0.0	0.0	0.2407013	0.0	0.26181582	0.0	0.0	0.0	0.069664866	0.15285556	0.0	0.2754629	0.0	0.20424943	0.0	0.0	0.13280407	0.20642371	0.0	0.2967464	0.0	0.007660559	0.34591934	0.2872585	0.0	0.0	0.10780027	0.05498748	0.15882075	0.15948533	0.20426507	0.0	0.0	0.0	0.22345167	0.0	0.0	0.0	0.1753536	0.0	0.003845483	0.0	0.0	0.09848199	0.0	0.0	0.0	0.011509732	0.0	0.26417068	0.0	0.3437662	0.0	0.0	0.0	0.09839495	0.07720972	0.0	0.0	0.0	0.16023473	0.0	0.0	0.0	0.088997334	0.049077958	0.0	0.0	0.40728807	0.13691868	0.0	0.0	0.17038196	0.0	0.062344972	0.0	0.0	0.07588131	0.0	0.0	0.0	0.0	0.12618215	0.31985733	0.0	0.27810326	0.0	0.25386322	0.0	0.14776914	0.22814332	0.1521144	0.058779955	0.2065975	0.0	0.0	0.25076124	0.15546314	0.0	0.0	0.13483648	0.18201292	0.0	0.0	0.0
0.12970273	0.0031611081	0.3040665	0.0	0.0	0.02963469	0.0	0.0	0.0	0.2860641	0.0	0.17973536	0.0	0.0	0.032855663	0.24457283	0.0	0.0	0.0	0.0	0.0	0.0	0.022565743	0.0	0.0	0.23759705	0.0	0.29187843	0.0	0.0	0.0	0.07684863	0.14924031	0.0	0.29500777	0.0	0.19466512	0.0	0.0	0.13394976	0.22146596	0.0	0.34279093	0.0	0.0019605074	0.3543767	0.2742163	0.0	0.0	0.14282687	0.048351873	0.17983134	0.13631663	0.21021068	0.0	0.0	0.0	0.23791535	0.0	0.0	0.0	0.17830189	0.0	0.0009968044	0.0	0.0	0.13006425	0.0	0.0	0.0	0.002954648	0.0	0.26795915	0.0	0.34259954	0.0	0.0	0.0	0.099411406	0.07959024	0.0	0.0	0.0	0.19290416	0.0	0.0	0.0	0.10146785	0.030802533	0.0	0.0	0.44852516	0.15579015	0.0	0.0	0.18376529	0.0	0.05913173	0.0	0.0	0.07919572	0.0	0.0	0.0	0.0	0.13868266	0.33374047	0.0	0.29058352	0.0	0.28231618	0.0	0.1754514	0.2414509	0.16016872	0.06484083	0.20401816	0.0	0.0	0.24378836	0.1771542	0.0	0.0	0.121549755	0.1988241	0.0	0.0	0.0
0.091314875	0.00766764	0.31083173	0.0	0.0	0.043421756	0.0	0.0	0.0	0.27311835	0.0	0.1548391	0.0	0.0	0.04645827	0.22337307	0.0	0.0	0.0	0.0	0.0	0.0	0.031264927	0.0	0.0	0.23773374	0.0	0.2695872	0.0	0.0	0.0	0.06979957	0.15547013	0.0	0.28955984	0.0	0.20046116	0.0	0.0	0.13278331	0.20865707	0.0	0.302472	0.0	0.007947706	0.35182038	0.29115903	0.0	0.0	0.11199805	0.04836111	0.16985981	0.15557903	0.20881654	0.0	0.0	0.0	0.23343402	0.0	0.0	0.0	0.17552276	0.0	0.0	0.0	0.0	0.09594224	0.0	0.0	0.0	0.011567056	0.0	0.2730668	0.0	0.35022748	0.0	0.0	0.0	0.09660673	0.0821636	0.0	0.0	0.0	0.16776486	0.0	0.0	0.0	0.08613182	0.058644842	0.0	0.0	0.4191862	0.1505466	0.0	0.0	0.1754086	0.0	0.059012298	0.0	0.0	0.08203033	0.0	0.0	0.0	0.0	0.14033379	0.32503387	0.0	0.28672847	0.0	0.2551839	0.0	0.1581433	0.23269595	0.14296429	0.055638175	0.19951208	0.0	0.0	0.2480017	0.16627355	0.0	0.0	0.13091753	0.1916471	0.0	0.0	0.0
0.07972995	0.028778568	0.3019713	0.0	0.0	0.07360306	0.0	0.0	0.0	0.25513858	0.0	0.11863181	0.0	0.0	0.04903477	0.24096166	0.0	0.0050141513	0.0	0.0	0.0	0.0	0.03786121	0.0	0.0	0.26751134	0.0	0.25668737	0.0	0.0	0.0	0.07298538	0.1626787	0.0	0.26693302	0.0	0.22787638	0.0	0.0	0.12599477	0.20736237	0.0	0.28972352	0.0	0.009260452	0.3476061	0.2879325	0.0	0.0	0.10313267	0.06807839	0.14159186	0.15911672	0.19697963	0.0	0.0	0.0	0.21545564	0.0	0.0	0.0	0.17824836	0.0	0.0017183796	0.0	0.0	0.092721105	0.0	0.0	0.0	0.017343573	0.0	0.27177775	0.0	0.34268606	0.0	0.0	0.0	0.09399743	0.081190825	0.0	0.0	0.0	0.16355193	0.0	0.0	0.0	0.10495611	0.040074658	0.0	0.0	0.4146231	0.12442172	0.0	0.0	0.16681659	0.0	0.07856794	0.0	0.0	0.071314305	0.0	0.0	0.0	0.0	0.11589653	0.32419416	0.0	0.2651774	0.0	0.27059162	0.0	0.13247474	0.23254335	0.17758703	0.07501625	0.21854742	0.0	0.0	0.24664813	0.14969434	0.0	0.0	0.14408697	0.1775455	0.0	0.0062470683	0.0
0.11218127	0.018239534	0.31329164	0.0	0.0	0.054455128	0.0	0.0	0.0	0.28325406	0.0	0.17069657	0.0	0.0	0.041076083	0.24213453	0.0	0.0	0.0	0.0	0.0	0.0	0.032414958	0.0	0.0	0.26035586	0.0	0.2863035	0.0	0.0	0.0	0.08313768	0.15596366	0.0	0.29648495	0.0	0.20871115	0.0	0.0	0.13424851	0.22966062	0.0	0.32988605	0.0	0.006061154	0.36280808	0.29177296	0.0	0.0	0.114925765	0.055336077	0.1699702	0.14698605	0.2138282	0.0	0.0	0.0	0.2386527	0.0	0.0	0.0	0.1819135	0.0	0.0037776802	0.0	0.0	0.11393839	0.0	0.0	0.0	0.013666745	0.0	0.2752585	0.0	0.3602825	0.0	0.0	0.0	0.10075847	0.080990784	0.0	0.0	0.0	0.18947099	0.0	0.0	0.0	0.10399213	0.043073863	0.0	0.0	0.45124936	0.1497959	0.0	0.0	0.18575467	0.0	0.06993843	0.0	0.0	0.08501047	0.0	0.0	0.0	0.0	0.150344	0.33845606	0.0	0.28951102	0.0	0.28439596	0.0	0.17367138	0.2617961	0.16712292	0.07743007	0.20644934	0.0	0.0	0.24443717	0.1826595	0.0	0.0	0.14369339	0.19830088	0.0	0.0	0.0
0.08824173	0.02658579	0.3123059	0.0	0.0	0.06731217	0.0	0.0	0.0	0.27013937	0.0	0.13940786	0.0	0.0	0.04839064	0.23919351	0.0	0.0	0.0	0.0	0.0	0.0	0.038275346	0.0	0.0	0.2681476	0.0	0.26805523	0.0	0.0	0.0	0.08002535	0.16161661	0.0	0.2782111	0.0	0.22223295	0.0	0.0	0.1301992	0.21705867	0.0	0.30545938	0.0	0.008761514	0.35640958	0.29061496	0.0	0.0	0.10159319	0.06155513	0.15428062	0.1556839	0.20623535	0.0	0.0	0.0	0.22500055	0.0	0.0	0.0	0.17881687	0.0	0.0021577503	0.0	0.0	0.09565258	0.0	0.0	0.0	0.01874397	0.0	0.2767856	0.0	0.35438418	0.0	0.0	0.0	0.10056483	0.08502785	0.0	0.0	0.0	0.17329927	0.0	0.0	0.0	0.101123214	0.046284292	0.0	0.0	0.42756608	0.13743223	0.0	0.0	0.17704892	0.0	0.07658052	0.0	0.0	0.082568325	0.0	0.0	0.0	0.0	0.13450892	0.33309042	0.0	0.27733633	0.0	0.27879688	0.0	0.15014194	0.24568939	0.16871516	0.07655171	0.20890899	0.0	0.0	0.24690835	0.16383864	0.0	0.0	0.14485711	0.18409632	0.0	0.0	0.0
0.15872851	0.008651323	0.31518972	0.0	0.0	0.03938261	0.0	0.0	0.0	0.28536978	0.0	0.17835486	0.0	0.0	0.026409926	0.26218715	0.0	0.0	0.0	0.0	0.0	0.0	0.017282201	0.0	0.0	0.27062115	0.0	0.29728714	0.0	0.0	0.0	0.08735851	0.14084423	0.0	0.29613554	0.0	0.2069693	0.0	0.0	0.1402591	0.25894937	0.0	0.36979902	0.0	0.0	0.37366557	0.24746011	0.0	0.0	0.1425971	0.060118783	0.19423948	0.13788235	0.23247589	0.0	0.0	0.0	0.24410658	0.0	0.0	0.0	0.1806498	0.0	0.00020905212	0.0	0.0	0.15610309	0.0	0.0	0.0	0.0049094693	0.0	0.28439566	0.0	0.34114885	0.0	0.0	0.0	0.09949559	0.08368071	0.0	0.0	0.0	0.21151006	0.0	0.0	0.0	0.11181807	0.023696879	0.0	0.0	0.4812242	0.13261718	0.0	0.0	0.17791767	0.0	0.079804935	0.0	0.0	0.07785887	0.0	0.0	0.0	0.0	0.113038935	0.3642436	0.0	0.2845509	0.0	0.3142272	0.0	0.18128715	0.26346493	0.18310891	0.08292084	0.19753247	0.0	0.0	0.24885648	0.19676019	0.0	0.0	0.11673025	0.20499724	0.0	0.0	0.0
0.12125665	0.007150967	0.3121744	0.0	0.0	0.03413707	0.0	0.0	0.0	0.28178748	0.0	0.17757905	0.0	0.0	0.032869745	0.23515278	0.0	0.0	0.0	0.0	0.0	0.0	0.03280707	0.0	0.0	0.24159753	0.0	0.2828571	0.0	0.0	0.0	0.082401805	0.14932941	0.0	0.29667214	0.0	0.19662249	0.0	0.0	0.14111057	0.22527981	0.0	0.3320227	0.0	0.0033120736	0.35648513	0.28341874	0.0	0.0	0.12181876	0.043670103	0.18031712	0.14686699	0.21219759	0.0	0.0	0.0	0.23861933	0.0	0.0	0.0	0.17966688	0.0	0.0014562408	0.0	0.0	0.12233105	0.0	0.0	0.0	0.010705317	0.0	0.26995838	0.0	0.35335362	0.0	0.0	0.0	0.095228024	0.0779411	0.0	0.0	0.0	0.19077362	0.0	0.0	0.0	0.085296005	0.042430177	0.0	0.0	0.43201828	0.15839134	0.0	0.0	0.18271868	0.0	0.06062108	0.0	0.0	0.08642972	0.0	0.0	0.0	0.0	0.14774148	0.32811037	0.0	0.2933826	0.0	0.26853278	0.0	0.17654538	0.24866043	0.14474253	0.061255034	0.19272451	0.0	0.0	0.24621534	0.18446119	0.0	0.0	0.12358018	0.19472224	0.0	0.0	0.0
0.18773091	0.0075094174	0.31132987	0.0	0.0	0.020536745	0.0	0.0	0.0	0.31812406	0.0	0.21943049	0.0	0.0	0.026338415	0.30023345	0.0	0.0	0.0	0.0	0.0	0.0	0.014031776	0.0	0.0	0.25061712	0.0	0.3458937	0.0	0.0	0.0	0.07743082	0.1533406	0.0	0.2929343	0.0	0.20862722	0.0	0.0	0.13740888	0.24465959	0.0	0.4116038	0.0	0.0	0.36950144	0.24262474	0.0	0.0	0.19154878	0.060968775	0.17761041	0.10525688	0.21912219	0.0	0.0	0.0	0.24696271	0.0	0.0	0.0	0.18088496	0.0	0.0056910403	0.0	0.0	0.18572767	0.0	0.0	0.0	0.0	0.0	0.26821932	0.0	0.34047687	0.0	0.0	0.0	0.1184726	0.0798698	0.0	0.0	0.0	0.23112714	0.0	0.0	0.0	0.15196519	0.0164399	0.0	0.0	0.5151358	0.14733052	0.0	0.0	0.19973536	0.0	0.06919923	0.0	0.0	0.06800885	0.0	0.0	0.0	0.0	0.11561098	0.36624917	0.0	0.28937852	0.0	0.35191497	0.0	0.19695145	0.24683811	0.23115347	0.090452336	0.22532658	0.0	0.0	0.2319867	0.18840313	0.0	0.0	0.12171558	0.21143019	0.0	0.0	0.0
0.12024381	0.022883834	0.3105321	0.0	0.0	0.047595713	0.0	0.0	0.0	0.28294596	0.0	0.16570747	0.0	0.0	0.03427768	0.2487622	0.0	0.0	0.0	0.0	0.0	0.0	0.023267783	0.0	0.0	0.2592183	0.0	0.2896389	0.0	0.0	0.0	0.078030534	0.15346903	0.0	0.2881824	0.0	0.20983481	0.0	0.0	0.13007234	0.22388299	0.0	0.3366016	0.0	0.0076283426	0.3627231	0.27821139	0.0	0.0	0.12799257	0.057565805	0.16222374	0.14077605	0.20471059	0.0	0.0	0.0	0.22958934	0.0	0.0	0.0	0.18233462	0.0	0.0051013776	0.0	0.0	0.12289161	0.0	0.0	0.0	0.011039413	0.0	0.2717055	0.0	0.34789336	0.0	0.0	0.0	0.10410585	0.07914272	0.0	0.0	0.0	0.18747532	0.0	0.0	0.0	0.11182106	0.031388845	0.0	0.0	0.4527367	0.14523694	0.0	0.0	0.18841636	0.0	0.069524504	0.0	0.0	0.0794996	0.0	0.0	0.0	0.0	0.13356905	0.33535397	0.0	0.28270188	0.0	0.29137018	0.0	0.1645964	0.24569379	0.17949748	0.07880086	0.21045415	0.0	0.0	0.24020272	0.17735069	0.0	0.0	0.14026053	0.19378048	0.0	0.0	0.0
0.09474778	0.026149346	0.31220755	0.0	0.0	0.06717082	0.0	0.0	0.0	0.2771565	0.0	0.14366132	0.0	0.0	0.05080174	0.2348214	0.0	0.0	0.0	0.0	0.0	0.0	0.03761167	0.0	0.0	0.26779887	0.0	0.2694559	0.0	0.0	0.0	0.078943595	0.16115724	0.0	0.28554776	0.0	0.21946901	0.0	0.0	0.1294653	0.21939826	0.0	0.30709717	0.0	0.009226336	0.35924545	0.29532307	0.0	0.0	0.10447679	0.060170162	0.15836196	0.15608144	0.2120872	0.0	0.0	0.0	0.2281193	0.0	0.0	0.0	0.18080755	0.0	0.003886927	0.0	0.0	0.09643384	0.0	0.0	0.0	0.017139765	0.0	0.27633712	0.0	0.35838604	0.0	0.0	0.0	0.09817799	0.08560271	0.0	0.0	0.0	0.17806171	0.0	0.0	0.0	0.1046649	0.046295986	0.0	0.0	0.43302056	0.14024344	0.0	0.0	0.17788987	0.0	0.0764857	0.0	0.0	0.08245551	0.0	0.0	0.0	0.0	0.14292234	0.3354915	0.0	0.2821693	0.0	0.28094563	0.0	0.15619768	0.25076225	0.16615611	0.076437265	0.21277189	0.0	0.0	0.24920087	0.16800153	0.0	0.0	0.14546879	0.19015728	0.0	0.0	0.0
0.089569174	0.019814119	0.30616415	0.0	0.0	0.05162299	0.0	0.0	0.0	0.25625253	0.0	0.1319607	0.0	0.0	0.04126374	0.23307014	0.0	0.0	0.0	0.0	0.0	0.0	0.033431508	0.0	0.0	0.2513996	0.0	0.2606189	0.0	0.0	0.0	0.070388965	0.15781291	0.0	0.27235818	0.0	0.21251029	0.0	0.0	0.12877215	0.20260997	0.0	0.29330692	0.0	0.008716352	0.3491076	0.28368416	0.0	0.0	0.10626042	0.05614386	0.15167916	0.15878356	0.19775122	0.0	0.0	0.0	0.22070014	0.0	0.0	0.0	0.1755596	0.0	0.0010006415	0.0	0.0	0.10069654	0.0	0.0	0.0	0.014717448	0.0	0.26871666	0.0	0.34378543	0.0	0.0	0.0	0.09496058	0.07819279	0.0	0.0	0.0	0.16232432	0.0	0.0	0.0	0.0908837	0.044265818	0.0	0.0	0.41079107	0.13562223	0.0	0.0	0.1713541	0.0	0.070617944	0.0	0.0	0.075891025	0.0	0.0	0.0	0.0	0.12151003	0.3195419	0.0	0.27339804	0.0	0.25789437	0.0	0.1410596	0.22461556	0.15841849	0.06350873	0.20556211	0.0	0.0	0.24687861	0.15938367	0.0	0.0	0.12623753	0.17788084	0.0	0.0	0.0
0.07164582	0.013813876	0.3034825	0.0	0.0	0.044136893	0.0	0.0	0.0	0.23355716	0.0	0.10682299	0.0	0.0	0.041243423	0.23127055	0.0	0.0	0.0	0.0	0.0	0.0	0.035032697	0.0	0.0	0.23405491	0.0	0.24405158	0.0	0.0	0.0	0.061629165	0.15641215	0.0	0.25264966	0.0	0.21178158	0.0	0.0	0.13304166	0.18604524	0.0	0.2686262	0.0	0.008493838	0.33178517	0.2760812	0.0	0.0	0.10668608	0.05812366	0.14284228	0.17029451	0.19009022	0.0	0.0	0.0	0.21163179	0.0	0.0	0.0	0.16975097	0.0	0.0	0.0	0.0	0.09772853	0.0	0.0	0.0	0.01459666	0.0	0.26232573	0.0	0.3263593	0.0	0.0	0.0	0.090236194	0.07490317	0.0	0.0	0.0	0.14637958	0.0	0.0	0.0	0.077042855	0.048703287	0.0	0.0	0.37760958	0.12368572	0.0	0.0	0.15697233	0.0	0.06690133	0.0	0.0	0.06807903	0.0	0.0	0.0	0.0	0.09646892	0.30470225	0.0	0.26466745	0.0	0.23411024	0.0	0.118118145	0.19393909	0.15198089	0.048441578	0.20399666	0.0	0.0	0.25323123	0.13981214	0.0	0.0	0.1110669	0.1624545	0.0	0.0	0.0
0.086018644	0.016981699	0.3002125	0.0	0.0	0.050105553	0.0	0.0	0.0	0.2502353	0.0	0.12522218	0.0	0.0	0.03798468	0.23420124	0.0	0.0	0.0	0.0	0.0	0.0	0.032651223	0.0	0.0	0.24548048	0.0	0.2596687	0.0	0.0	0.0	0.06955282	0.15529732	0.0	0.26862404	0.0	0.2128975	0.0	0.0	0.13501817	0.20208432	0.0	0.29349464	0.0	0.0077020363	0.34088328	0.28312927	0.0	0.0	0.10701879	0.05767527	0.14868307	0.1606365	0.19837616	0.0	0.0	0.0	0.21837966	0.0	0.0	0.0	0.17653362	0.0	0.00037307417	0.0	0.0	0.104271986	0.0	0.0	0.0	0.014740809	0.0	0.2645925	0.0	0.33553723	0.0	0.0	0.0	0.09214109	0.077552125	0.0	0.0	0.0	0.16060689	0.0	0.0	0.0	0.08611605	0.04150644	0.0	0.0	0.4007567	0.13286562	0.0	0.0	0.16802001	0.0	0.066380076	0.0	0.0	0.07471769	0.0	0.0	0.0	0.0	0.11080267	0.3177991	0.0	0.27014068	0.0	0.25030103	0.0	0.13681613	0.21351703	0.15668511	0.05998148	0.20445503	0.0	0.0	0.25301373	0.15048559	0.0	0.0	0.12538719	0.17336321	0.0	0.0	0.0
0.09202111	0.029200396	0.30755514	0.0	0.0	0.07288106	0.0	0.0	0.0	0.2723138	0.0	0.14922526	0.0	0.0	0.05012841	0.24254508	0.0	0.0	0.0	0.0	0.0	0.0	0.0354104	0.0	0.0	0.26963633	0.0	0.27097264	0.0	0.0	0.0	0.079462074	0.16262105	0.0	0.28676012	0.0	0.21964377	0.0	0.0	0.12946595	0.21555631	0.0	0.31036982	0.0	0.002493569	0.35749447	0.29571447	0.0	0.0	0.10868716	0.06669186	0.15225846	0.15502901	0.21089135	0.0	0.0	0.0	0.2345627	0.0	0.0	0.0	0.17936234	0.0	0.0031850946	0.0	0.0	0.10264484	0.0	0.0	0.0	0.017581232	0.0	0.2744731	0.0	0.3621982	0.0	0.0	0.0	0.09341345	0.07733736	0.0	0.0	0.0	0.1812609	0.0	0.0	0.0	0.11178774	0.04389738	0.0	0.0	0.4415034	0.13943948	0.0	0.0	0.17867993	0.0	0.07530843	0.0	0.0	0.08075166	0.0	0.0	0.0	0.0	0.14248453	0.33349964	0.0	0.2782431	0.0	0.28166255	0.0	0.15803425	0.25653443	0.17110159	0.078728996	0.21082813	0.0	0.0	0.24195689	0.16624023	0.0	0.0	0.15356095	0.194862	0.0	0.004211744	0.0
0.14764142	0.02373836	0.3084977	0.0	0.0	0.040703397	0.0	0.0	0.0	0.2974999	0.0	0.17364554	0.0	0.0	0.032636013	0.2709417	0.0	0.0	0.0	0.0	0.0	0.0	0.019141115	0.0	0.0	0.2676644	0.0	0.31024852	0.0	0.0	0.0	0.08116256	0.15626813	0.0	0.2826629	0.0	0.21245027	0.0	0.0	0.12564756	0.23407514	0.0	0.36683294	0.0	0.0038287193	0.36882332	0.25247195	0.0	0.0	0.1524223	0.064816415	0.16465952	0.12350991	0.20610626	0.0	0.0	0.0	0.22935353	0.0	0.0	0.0	0.18402089	0.0	0.0075231954	0.0	0.0	0.14217883	0.0	0.0	0.0	0.0048284084	0.0	0.27364227	0.0	0.3386424	0.0	0.0	0.0	0.11038127	0.07994182	0.0	0.0	0.0	0.20309742	0.0	0.0	0.0	0.1368704	0.023346966	0.0	0.0	0.48128343	0.13983615	0.0	0.0	0.18769883	0.0	0.07470659	0.0	0.0	0.07062885	0.0	0.0	0.0	0.0	0.11902243	0.35030124	0.0	0.28207353	0.0	0.32636285	0.0	0.16983797	0.24215905	0.21062545	0.09365279	0.22338307	0.0	0.0	0.23698652	0.17724834	0.0	0.0	0.14019471	0.20221138	0.0	0.0	0.0
0.08611838	0.02195671	0.30977777	0.0	0.0	0.058735725	0.0	0.0	0.0	0.26748392	0.0	0.13601892	0.0	0.0	0.047162246	0.22949515	0.0	0.0014803236	0.0	0.0	0.0	0.0	0.033929575	0.0	0.0	0.25733015	0.0	0.26425958	0.0	0.0	0.0	0.07398949	0.15911604	0.0	0.2798848	0.0	0.21310125	0.0	0.0	0.1272097	0.21002679	0.0	0.29874882	0.0	0.009493459	0.35604954	0.28986576	0.0	0.0	0.10480907	0.059594244	0.15679963	0.15851738	0.20618188	0.0	0.0	0.0	0.2238729	0.0	0.0	0.0	0.17695318	0.0	0.0	0.0	0.0	0.092004396	0.0	0.0	0.0	0.016926894	0.0	0.27255476	0.0	0.3476999	0.0	0.0	0.0	0.097211294	0.08290358	0.0	0.0	0.0	0.1661752	0.0	0.0	0.0	0.09635711	0.049141366	0.0	0.0	0.4193822	0.13657123	0.0	0.0	0.1744324	0.0	0.07020723	0.0	0.0	0.08101172	0.0	0.0	0.0	0.0	0.12930162	0.3281957	0.0	0.27769557	0.0	0.26779175	0.0	0.1458641	0.23523201	0.16203897	0.06785826	0.20843184	0.0	0.0	0.24814737	0.15997161	0.0	0.0	0.14149232	0.18415873	0.0	0.0	0.0
0.09284396	0.022874871	0.30676177	0.0	0.0	0.060958434	0.0	0.0	0.0	0.26508793	0.0	0.13629477	0.0	0.0	0.044668507	0.23517387	0.0	0.0	0.0	0.0	0.0	0.0	0.03304334	0.0	0.0	0.2612263	0.0	0.26826635	0.0	0.0	0.0	0.07663032	0.15682624	0.0	0.2772117	0.0	0.2144485	0.0	0.0	0.12708001	0.21472323	0.0	0.30401993	0.0	0.008032759	0.3521742	0.28581485	0.0	0.0	0.10978969	0.058417965	0.15543853	0.15321203	0.20467706	0.0	0.0	0.0	0.22070204	0.0	0.0	0.0	0.17804849	0.0	0.0022345472	0.0	0.0	0.099271454	0.0	0.0	0.0	0.014901895	0.0	0.2722102	0.0	0.34765634	0.0	0.0	0.0	0.097971946	0.083329916	0.0	0.0	0.0	0.17246337	0.0	0.0	0.0	0.10184821	0.042674154	0.0	0.0	0.42533842	0.13421108	0.0	0.0	0.17361301	0.0	0.071133636	0.0	0.0	0.078440286	0.0	0.0	0.0	0.0	0.12857136	0.32834113	0.0	0.2766596	0.0	0.27282196	0.0	0.14721428	0.23610222	0.16732673	0.07028582	0.21434458	0.0	0.0	0.24808632	0.16073726	0.0	0.0	0.13730459	0.18511514	0.0	0.0	0.0
0.08943615	0.02106843	0.30159044	0.0	0.0	0.06297869	0.0	0.0	0.0	0.26591325	0.0	0.1416164	0.0	0.0	0.045147404	0.24149616	0.0	0.0031561702	0.0	0.0	0.0	0.0	0.034298535	0.0	0.0	0.2657943	0.0	0.2634884	0.0	0.0	0.0	0.07280449	0.1607251	0.0	0.27985263	0.0	0.21809502	0.0	0.0	0.13146538	0.21289544	0.0	0.30613697	0.0	0.0041388907	0.3546727	0.28844047	0.0	0.0	0.10353597	0.061939377	0.15357363	0.15351973	0.20105463	0.0	0.0	0.0	0.2265637	0.0	0.0	0.0	0.17877837	0.0	0.0025469337	0.0	0.0	0.099106975	0.0	0.0	0.0	0.011963271	0.0	0.27152514	0.0	0.35571536	0.0	0.0	0.0	0.09806449	0.072816454	0.0	0.0	0.0	0.17018156	0.0	0.0	0.0	0.10386375	0.039349128	0.0	0.0	0.42785594	0.13751936	0.0	0.0	0.17178483	0.0	0.07267763	0.0	0.0	0.0774158	0.0	0.0	0.0	0.0	0.13168	0.32785413	0.0	0.2751541	0.0	0.27550447	0.0	0.15139703	0.24326368	0.1701895	0.0738135	0.21291299	0.0	0.0	0.24451602	0.15869333	0.0	0.0	0.1540248	0.18568778	0.0	0.0010618182	0.0
0.17858927	0.017598188	0.33819166	0.0	0.0	0.029736558	0.0	0.0	0.0	0.3445387	0.0	0.2154118	0.0	0.0	0.032376822	0.28239956	0.0	0.0	0.0	0.0	0.0	0.0	0.02726535	0.0	0.0	0.2763392	0.0	0.3415073	0.0	0.0	0.0	0.098466575	0.15215473	0.0	0.29690373	0.0	0.21227898	0.0	0.0	0.1472199	0.27021745	0.0	0.4239467	0.0	0.0	0.3781949	0.249883	0.0	0.0	0.15991932	0.054446887	0.19800667	0.118501	0.22839208	0.0	0.0	0.0	0.23606622	0.0	0.0	0.0	0.17525889	0.0	0.0050807134	0.0	0.0	0.1692713	0.0	0.0	0.0	0.0	0.0	0.2739406	0.0	0.3460443	0.0	0.0	0.0	0.14029197	0.09140939	0.0	0.0	0.0	0.24362646	0.0	0.0	0.0	0.16086127	0.020030247	0.0	0.0	0.53406507	0.14727007	0.0	0.0	0.19246131	0.0	0.07416278	0.0	0.0	0.069866404	0.0	0.0	0.0	0.0	0.13647352	0.38140753	0.0	0.32290113	0.0	0.3749292	0.0	0.20083676	0.28430352	0.24196632	0.10930733	0.22966467	0.0	0.0	0.2404389	0.20750855	0.0	0.0	0.122110404	0.22994965	0.0	0.0	0.0
0.21993719	0.0	0.35840878	0.0	0.0	0.0071914527	0.0	0.0	0.0	0.43632197	0.0	0.3784789	0.0	0.0	0.040754125	0.23519413	0.0	0.0	0.0	0.0	0.0	0.0	0.039539054	0.0	0.0	0.19985372	0.0	0.43471888	0.0	0.0	0.0	0.11850775	0.15479366	0.0	0.4269768	0.0	0.18102497	0.0	0.0	0.21579069	0.2727418	0.0	0.47289458	0.0	0.0	0.4101936	0.346351	0.0	0.0	0.15980066	0.023659892	0.30361053	0.13819712	0.34467185	0.0	0.0	0.0	0.38531518	0.0	0.0	0.0	0.1723442	0.0	0.0117157	0.0	0.0	0.1785525	0.0	0.0	0.0	0.0	0.0	0.2886561	0.0	0.44445726	0.0	0.0	0.0	0.09720864	0.10830977	0.0	0.0	0.0	0.3000345	0.0	0.0	0.0	0.10211361	0.07981463	0.0	0.0	0.5737876	0.28038737	0.0	0.0	0.27964464	0.0	0.020111129	0.0	0.0	0.13294254	0.0	0.0	0.0	0.0	0.29275468	0.4529508	0.0	0.40284324	0.0	0.34130725	0.0	0.33894882	0.40204576	0.073543556	0.066951565	0.15496694	0.0	0.0	0.26174888	0.29304954	0.0	0.0	0.122449	0.28920814	0.0	0.0	0.0
0.22468929	0.0	0.37229633	0.0	0.0	0.0	0.0	0.0	0.0	0.46201873	0.0	0.4128773	0.0	0.0	0.05601373	0.23336534	0.0	0.0	0.0	0.0	0.0	0.0	0.042387247	0.0	0.0	0.18741864	0.0	0.45925367	0.0	0.0	0.0	0.12858625	0.15941046	0.0	0.45418346	0.0	0.18774246	0.0	0.0	0.23589213	0.2846643	0.0	0.4876287	0.0	0.0	0.41483578	0.37290907	0.0	0.0	0.16022421	0.019136604	0.32467178	0.14801033	0.3730587	0.0	0.0	0.0	0.42150918	0.0	0.0	0.0	0.17101371	0.0	0.015967326	0.0	0.0	0.1808765	0.0	0.0	0.0	0.0	0.0	0.2985959	0.0	0.46505168	0.0	0.0	0.0	0.090473175	0.12209672	0.0	0.0	0.0	0.3187987	0.0	0.0	0.0	0.09211882	0.098968774	0.0	0.0	0.5922021	0.30556273	0.0	0.0	0.30165306	0.0	0.006209955	0.0	0.0	0.14619036	0.0	0.0	0.0	0.0	0.3287854	0.47521332	0.0	0.41649854	0.0	0.34453213	0.0	0.3737072	0.44023678	0.046195608	0.070991874	0.13087799	0.0	0.0	0.2652094	0.3105252	0.0	0.0	0.1305104	0.30501994	0.0	0.0	0.0
0.22861968	0.0	0.3646319	0.0	0.0	0.0	0.0	0.0	0.0	0.43965527	0.0	0.40242648	0.0	0.0	0.048132766	0.24887998	0.0	0.0	0.0	0.0	0.0	0.0	0.036301404	0.0	0.0	0.19223452	0.0	0.43433392	0.0	0.0	0.0	0.110060215	0.16255577	0.0	0.42364928	0.0	0.18356664	0.0	0.0	0.22121434	0.2728911	0.0	0.4734104	0.0	0.0	0.39684084	0.35784593	0.0	0.0	0.17330553	0.017359521	0.30361637	0.14048181	0.34067276	0.0	0.0	0.0	0.39941862	0.0	0.0	0.0	0.18133457	0.0	0.011891398	0.0	0.0	0.1973867	0.0	0.0	0.0	0.0	0.0	0.28857592	0.0	0.4489709	0.0	0.0	0.0	0.10570249	0.10625129	0.0	0.0	0.0	0.30111575	0.0	0.0	0.0	0.10203093	0.07993098	0.0	0.0	0.5849351	0.28245893	0.0	0.0	0.2732787	0.0	0.017253961	0.0	0.0	0.12531266	0.0	0.0	0.0	0.0	0.29956135	0.44639063	0.0	0.40365937	0.0	0.33978343	0.0	0.352415	0.4104031	0.08260042	0.075473316	0.14848842	0.0	0.0	0.25758442	0.30796328	0.0	0.0	0.11699047	0.2931657	0.0	0.0	0.0
0.23346092	0.0	0.35596594	0.0	0.0	0.012381859	0.0	0.0	0.0	0.43027675	0.0	0.37583795	0.0	0.0	0.051178712	0.24054925	0.0	0.0	0.0	0.0	0.0	0.0	0.03681515	0.0	0.0	0.19596441	0.0	0.42898634	0.0	0.0	0.0	0.12348786	0.1517404	0.0	0.42099968	0.0	0.19584727	0.0	0.0	0.23087156	0.27490988	0.0	0.46780226	0.0	0.0	0.3925817	0.34406123	0.0	0.0	0.16723238	0.019419614	0.29337153	0.1389714	0.3452328	0.0	0.0	0.0	0.38333824	0.0	0.0	0.0	0.17461868	0.0	0.008244456	0.0	0.0	0.19278061	0.0	0.0	0.0	0.0	0.0	0.28738314	0.0	0.44790927	0.0	0.0	0.0	0.07956394	0.10724153	0.0	0.0	0.0	0.3115947	0.0	0.0	0.0	0.0977856	0.07706991	0.0	0.0	0.5608061	0.27226368	0.0	0.0	0.2726229	0.0	0.028741121	0.0	0.0	0.12909527	0.0	0.0	0.0	0.0	0.29220188	0.44714633	0.0	0.39719263	0.0	0.33611235	0.0	0.3363807	0.40704882	0.080011815	0.06694583	0.15117341	0.0	0.0	0.25720373	0.29415098	0.0	0.0	0.12975809	0.28702798	0.0	0.0	0.0
0.22094512	0.0	0.37107036	0.0	0.0	0.017556107	0.0	0.0	0.0	0.4598156	0.0	0.4119034	0.0	0.0	0.05257262	0.22572307	0.0	0.0	0.0	0.0	0.0	0.0	0.045283437	0.0	0.0	0.21172924	0.0	0.44984862	0.0	0.0	0.0	0.12260052	0.1652127	0.0	0.45824826	0.0	0.183434	0.0	0.0	0.22034301	0.28342643	0.0	0.48511228	0.0	0.0	0.41831648	0.38135472	0.0	0.0	0.1623445	0.024057003	0.31912068	0.1480579	0.3668358	0.0	0.0	0.0	0.40615633	0.0	0.0	0.0	0.1767292	0.0	0.011065408	0.0	0.0	0.17612545	0.0	0.0	0.0	0.0	0.0	0.300455	0.0	0.47304273	0.0	0.0	0.0	0.104617536	0.11017984	0.0	0.0	0.0	0.31922784	0.0	0.0	0.0	0.10554633	0.10042367	0.0	0.0	0.60760045	0.2948534	0.0	0.0	0.297287	0.0	0.027458077	0.0	0.0	0.14932002	0.0	0.0	0.0	0.0	0.33798042	0.4706645	0.0	0.41891256	0.0	0.35083365	0.0	0.37342742	0.44340086	0.060525715	0.073989086	0.14772499	0.0	0.0	0.2647779	0.31238088	0.0	0.0	0.14775962	0.30131462	0.0	0.0	0.0
0.326777	0.0	0.44147208	0.0	0.0	0.0	0.0	0.0	0.0	0.5467489	0.0	0.44590154	0.0	0.0	0.030686706	0.3446107	0.0	0.0	0.0	0.0	0.0	0.0	0.034534577	0.0	0.0	0.26608273	0.0	0.55401444	0.0	0.0	0.0	0.13491867	0.18971469	0.0	0.44556388	0.0	0.2614344	0.0	0.0	0.24376853	0.3467678	0.0	0.6277644	0.0	0.0	0.44420752	0.3153299	0.0	0.0	0.25263068	0.03473259	0.34213296	0.10384164	0.41004384	0.0	0.0	0.0	0.4188722	0.0	0.0	0.0	0.16336875	0.0	0.017000802	0.0	0.0	0.29095766	0.0	0.0	0.0	0.0	0.0	0.32592568	0.0	0.4587655	0.0	0.0	0.0	0.14418611	0.11155776	0.0	0.0	0.0	0.397022	0.0	0.0	0.0	0.25097877	0.01820232	0.0	0.0	0.7491012	0.2654688	0.0	0.0	0.32376444	0.0	0.06861653	0.0	0.0	0.119598664	0.0	0.0	0.0	0.0	0.246772	0.5960116	0.0	0.44204846	0.0	0.52744913	0.0	0.40246633	0.46899566	0.23136513	0.15207659	0.21146612	0.0	0.0	0.29388908	0.3229879	0.0	0.0	0.11421908	0.31409135	0.0	0.0	0.0
0.2571145	0.0	0.36119437	0.0	0.0	6.47592e-05	0.0	0.0	0.0	0.4524382	0.0	0.40034795	0.0	0.0	0.041078217	0.27280518	0.0	0.0	0.0	0.0	0.0	0.0	0.028505368	0.0	0.0	0.1982472	0.0	0.4663829	0.0	0.0	0.0	0.10992355	0.15977088	0.0	0.4240903	0.0	0.19938439	0.0	0.0	0.2203544	0.27936998	0.0	0.5007739	0.0	0.0	0.41178134	0.33405602	0.0	0.0	0.2020259	0.025431557	0.29825535	0.119924806	0.35830426	0.0	0.0	0.0	0.39931116	0.0	0.0	0.0	0.17995758	0.0	0.011329681	0.0	0.0	0.21378277	0.0	0.0	0.0	0.0	0.0	0.29437026	0.0	0.447643	0.0	0.0	0.0	0.09872043	0.10342004	0.0	0.0	0.0	0.32552537	0.0	0.0	0.0	0.13424522	0.05427079	0.0	0.0	0.61044335	0.27805623	0.0	0.0	0.28864214	0.0	0.02735944	0.0	0.0	0.12440217	0.0	0.0	0.0	0.0	0.286118	0.47248825	0.0	0.39934	0.0	0.3785212	0.0	0.35259637	0.39755166	0.108141996	0.07877748	0.17087878	0.0	0.0	0.26003572	0.2934529	0.0	0.0	0.1257947	0.29562178	0.0	0.0	0.0
0.27827835	0.0	0.38171622	0.0	0.0	0.0	0.0	0.0	0.0	0.4642032	0.0	0.41578996	0.0	0.0	0.030148039	0.31033036	0.0	0.0	0.0	0.0	0.0	0.0	0.041124772	0.0	0.0	0.2328086	0.0	0.48703575	0.0	0.0	0.0	0.11711312	0.18016045	0.0	0.43745995	0.0	0.21389322	0.0	0.0	0.22798641	0.3011704	0.0	0.53798485	0.0	0.0	0.41045082	0.32911706	0.0	0.0	0.21358441	0.026459346	0.31157407	0.110524416	0.37137103	0.0	0.0	0.0	0.41156605	0.0	0.0	0.0	0.178302	0.0	0.019503133	0.0	0.0	0.24481769	0.0	0.0	0.0	0.0	0.0	0.31213614	0.0	0.45516112	0.0	0.0	0.0	0.11010075	0.11510998	0.0	0.0	0.0	0.34646073	0.0	0.0	0.0	0.16769552	0.023360012	0.0	0.0	0.64807636	0.27869165	0.0	0.0	0.2946411	0.0	0.04190078	0.0	0.0	0.13342382	0.0	0.0	0.0	0.0	0.28177133	0.51115596	0.0	0.4175179	0.0	0.4237961	0.0	0.37248287	0.42070016	0.13591413	0.12002186	0.1683802	0.0	0.0	0.26453516	0.31145635	0.0	0.0	0.107301764	0.29966807	0.0	0.0	0.0
0.29496816	0.0	0.3924534	0.0	0.0	0.0020140063	0.0	0.0	0.0	0.51049346	0.0	0.46376252	0.0	0.0	0.036812287	0.31725118	0.0	0.0	0.0	0.0	0.0	0.0	0.037887644	0.0	0.0	0.22340275	0.0	0.5300475	0.0	0.0	0.0	0.12206363	0.1841334	0.0	0.45348552	0.0	0.2146716	0.0	0.0	0.23710392	0.31048977	0.0	0.57772297	0.0	0.0	0.43429247	0.34654555	0.0	0.0	0.23229606	0.030293949	0.3285394	0.10032573	0.39041027	0.0	0.0	0.0	0.43005833	0.0	0.0	0.0	0.17111385	0.0	0.008820791	0.0	0.0	0.25241014	0.0	0.0	0.0	0.0	0.0	0.30803874	0.0	0.47322914	0.0	0.0	0.0	0.1268732	0.1116842	0.0	0.0	0.0	0.37580982	0.0	0.0	0.0	0.19559978	0.044193503	0.0	0.0	0.7049176	0.28188846	0.0	0.0	0.31441894	0.0	0.037834305	0.0	0.0	0.122840255	0.0	0.0	0.0	0.0	0.30035642	0.53220135	0.0	0.4299425	0.0	0.45575225	0.0	0.39717236	0.45819846	0.17080702	0.11872885	0.18946064	0.0	0.0	0.27235153	0.32341623	0.0	0.0	0.12778915	0.32175267	0.0	0.0	0.0
0.19900562	0.0	0.39076996	0.0	0.0	0.026249623	0.0	0.0	0.0	0.4656668	0.0	0.41779366	0.006857176	0.0	0.06662252	0.22319019	0.0	0.0	0.0	0.0	0.0	0.0	0.049953986	0.0	0.0	0.21849619	0.0	0.44962844	0.0	0.0	0.0	0.12772425	0.16742088	0.0	0.47025052	0.0	0.19221753	0.0	0.0	0.22639936	0.30160034	0.0	0.4836901	0.0	0.0	0.41367868	0.4011195	0.0	0.0	0.14221513	0.02881717	0.3217565	0.15672468	0.3861467	0.0	0.0	0.0	0.42105904	0.0	0.0	0.0	0.18474288	0.0	0.010819032	0.0	0.0	0.16779262	0.0	0.0	0.0	0.0	0.0	0.30657852	0.0	0.48958525	0.0	0.0	0.0	0.10386077	0.11501646	0.0	0.0	0.0	0.32730925	0.0	0.0	0.0	0.099876225	0.11148301	0.0	0.0	0.6157326	0.3069165	0.0	0.0	0.30259097	0.0	0.027103702	0.0	0.0	0.15006924	0.0	0.0	0.0	0.0	0.35676417	0.48746833	0.0	0.4324822	0.0	0.35421792	0.0	0.38203868	0.46894816	0.0516423	0.07958221	0.15242237	0.0	0.0	0.2816487	0.3215715	0.0	0.0	0.17411993	0.30511275	0.0	0.0	0.0
0.20629019	0.0	0.36750627	0.0	0.0	0.026748138	0.0	0.0	0.0	0.4565707	0.0	0.38075104	0.0011229006	0.0	0.06283011	0.23201287	0.0	0.0	0.0	0.0	0.0	0.0	0.045550805	0.0	0.0	0.22326028	0.0	0.44265553	0.0	0.0	0.0	0.12582098	0.16791523	0.0	0.4387654	0.0	0.1911022	0.0	0.0	0.21471447	0.28367135	0.0	0.48685142	0.0	0.0	0.41433427	0.36484078	0.0	0.0	0.15578456	0.026468122	0.30806604	0.1404496	0.3633692	0.0	0.0	0.0	0.38195705	0.0	0.0	0.0	0.17156206	0.0	0.004735066	0.0	0.0	0.16795981	0.0	0.0	0.0	0.0	0.0	0.30037025	0.0	0.46814203	0.0	0.0	0.0	0.11070307	0.11238972	0.0	0.0	0.0	0.31536025	0.0	0.0	0.0	0.12726007	0.08857188	0.0	0.0	0.6079185	0.27678627	0.0	0.0	0.2843876	0.0	0.028128961	0.0	0.0	0.13339733	0.0	0.0	0.0	0.0	0.31048295	0.47146663	0.0	0.41493794	0.0	0.36953473	0.0	0.3468213	0.4298298	0.09282788	0.085802816	0.17683206	0.0	0.0	0.2743978	0.29493794	0.0	0.0	0.15238433	0.29838344	0.0	0.0	0.0
0.25679466	0.0	0.4373683	0.0	0.0	0.029783087	0.0	0.0	0.0	0.61243105	0.0	0.60978365	0.03007851	0.0	0.1446943	0.20005988	0.0	0.0	0.0	0.0	0.0	0.0	0.085177936	0.0	0.0	0.19851525	0.0	0.5522836	0.0	0.0	0.0	0.1625777	0.19670738	0.0	0.60993034	0.0	0.18402404	0.0	0.0	0.30739334	0.33162424	0.0	0.57866925	0.0	0.0	0.44045857	0.5346539	0.0	0.0	0.1379938	0.00022020936	0.42227587	0.17426057	0.48290074	0.0	0.0	0.0	0.5517625	0.0	0.0	0.0	0.17169785	0.0	0.0033124287	0.0	0.0	0.18274301	0.0	0.0	0.0	0.0	0.0	0.32011	0.0	0.6134142	0.0	0.0	0.0	0.089256674	0.149924	0.0	0.0	0.0	0.4143971	0.0	0.0	0.0	0.09414505	0.20066386	0.0	0.0	0.72346383	0.39375106	0.0	0.0	0.38347933	0.0	0.006305902	0.0	0.0	0.20196997	0.0	0.0	0.0	0.0	0.5481451	0.5457732	0.0	0.53170663	0.0	0.3820945	0.0	0.51582044	0.67993855	0.008197654	0.09837534	0.09606475	0.0	0.0	0.26565436	0.442989	0.0	0.0	0.19311626	0.39418802	0.0	0.0	0.0
0.2103609	0.0	0.368363	0.0	0.0	0.025437683	0.0	0.0	0.0	0.44312778	0.0	0.36016095	0.0	0.0	0.054067243	0.23316462	0.0	0.0	0.0	0.0	0.0	0.0	0.040569656	0.0	0.0	0.232993	0.0	0.42504773	0.0	0.0	0.0	0.121442415	0.16254725	0.0	0.42172635	0.0	0.1960596	0.0	0.0	0.19573335	0.27797234	0.0	0.4723451	0.0	0.0	0.41651562	0.3478872	0.0	0.0	0.15888815	0.029874787	0.30034855	0.14120236	0.34645745	0.0	0.0	0.0	0.3615962	0.0	0.0	0.0	0.16808675	0.0	0.0060791373	0.0	0.0	0.16575597	0.0	0.0	0.0	0.0	0.0	0.30462193	0.0	0.44749093	0.0	0.0	0.0	0.10937679	0.104490854	0.0	0.0	0.0	0.30063927	0.0	0.0	0.0	0.12951289	0.07847032	0.0	0.0	0.595038	0.26490894	0.0	0.0	0.27203774	0.0	0.037094835	0.0	0.0	0.12735698	0.0	0.0	0.0	0.0	0.2841876	0.46055305	0.0	0.40025243	0.0	0.37105528	0.0	0.3266133	0.4016668	0.10570831	0.08109657	0.18045701	0.0	0.0	0.27189788	0.28469265	0.0	0.0	0.15171538	0.28696617	0.0	0.0	0.0
0.23373288	0.0	0.43048987	0.0	0.0	0.025025398	0.0	0.0	0.0	0.60102826	0.0	0.60770375	0.056000527	0.0	0.17015426	0.18295337	0.0	0.0	0.0	0.0	0.0	0.0	0.08336699	0.0	0.0	0.1731311	0.0	0.5274959	0.0	0.0	0.0	0.15329228	0.18711789	0.0	0.6050578	0.0	0.15434903	0.0	0.0	0.30591202	0.3150482	0.0	0.5576603	0.0	0.0	0.42618188	0.53842735	0.0	0.0	0.12501499	0.0	0.41684794	0.17785566	0.46322274	0.0	0.0	0.0	0.54055476	0.0	0.0	0.0	0.16811626	0.0	0.0	0.0	0.0	0.16618846	0.0	0.0	0.0	0.0	0.0	0.30008644	0.0	0.5985612	0.0	0.0	0.0	0.09135685	0.1528049	0.0	0.0	0.0	0.38989887	0.0	0.0	0.0	0.06865408	0.22050355	0.0	0.0	0.6914819	0.39942095	0.0	0.0	0.3759345	0.0	0.0	0.0	0.0	0.20139372	0.0	0.0	0.0	0.0	0.55441964	0.515245	0.0	0.5269177	0.0	0.34607673	0.0	0.5060075	0.66903836	0.0	0.07561723	0.08175267	0.0	0.0	0.25533983	0.43169555	0.0	0.0	0.19109865	0.3915054	0.0	0.0	0.0
0.17703672	0.0	0.3236767	0.0	0.0	0.0008925994	0.0	0.0	0.0	0.35567448	0.0	0.31642076	0.0	0.0	0.038468294	0.20564787	0.0	0.0	0.0	0.0	0.0	0.0	0.03352426	0.0	0.0	0.17839558	0.0	0.34937215	0.0	0.0	0.0	0.105347194	0.14551271	0.0	0.37775227	0.0	0.16209792	0.0	0.0	0.19269651	0.23582439	0.0	0.38701633	0.0	0.0	0.3736581	0.33179203	0.0	0.0	0.13657598	0.014121336	0.2563818	0.15693237	0.28291175	0.0	0.0	0.0	0.3392912	0.0	0.0	0.0	0.17644219	0.0	0.0062808595	0.0	0.0	0.15554045	0.0	0.0	0.0	0.0	0.0	0.26848695	0.0	0.4071554	0.0	0.0	0.0	0.0711511	0.089357376	0.0	0.0	0.0	0.24261749	0.0	0.0	0.0	0.043570783	0.09048466	0.0	0.0	0.47359037	0.2525635	0.0	0.0	0.23471673	0.0	0.020068802	0.0	0.0	0.11810783	0.0	0.0	0.0	0.0	0.25682935	0.37369457	0.0	0.3468716	0.0	0.2543962	0.0	0.2852516	0.3319305	0.037658338	0.033546858	0.13359968	0.0	0.0	0.24930705	0.25172916	0.0	0.0	0.119603	0.24663234	0.0	0.0	0.0
0.25492302	0.0	0.349979	0.0	0.0	1.30136805e-05	0.0	0.0	0.0	0.4294186	0.0	0.34031066	0.0	0.0	0.041836914	0.25816807	0.0	0.0	0.0	0.0	0.0	0.0	0.0060581355	0.0	0.0	0.19339061	0.0	0.41714835	0.0	0.0	0.0	0.0894725	0.15805489	0.0	0.3956803	0.0	0.20339288	0.0	0.0	0.19092135	0.25546706	0.0	0.47229683	0.0	0.0	0.39619336	0.29216942	0.0	0.0	0.2184814	0.037433017	0.28319377	0.13107981	0.31721577	0.0	0.0	0.0	0.36875853	0.0	0.0	0.0	0.17026131	0.0	0.0087267	0.0	0.0	0.21680415	0.0	0.0	0.0	0.0	0.0	0.2910191	0.0	0.38832453	0.0	0.0	0.0	0.093230836	0.088918634	0.0	0.0	0.0	0.28972372	0.0	0.0	0.0	0.12771791	0.025090069	0.0	0.0	0.5702519	0.26299793	0.0	0.0	0.25587878	0.0	0.028713798	0.0	0.0	0.112107314	0.0	0.0	0.0	0.0	0.21840848	0.44906184	0.0	0.37375954	0.0	0.35788104	0.0	0.30639175	0.33651116	0.118964344	0.07270084	0.17970766	0.0	0.0	0.23558636	0.24904048	0.0	0.0012838194	0.103214204	0.27154377	0.0	0.0	0.0
0.21050604	0.0	0.40100113	0.0	0.0	0.03130073	0.0	0.0	0.0	0.44734752	0.0	0.38142535	0.0	0.0	0.0630993	0.21757321	0.0	0.0	0.0	0.0	0.0	0.0	0.068449326	0.0	0.0	0.24734278	0.0	0.42354926	0.0	0.0	0.0	0.1470226	0.1504944	0.0	0.45379338	0.0	0.21604466	0.0	0.0	0.216105	0.3090475	0.0	0.46040067	0.0	0.0	0.40719464	0.40189242	0.0	0.0	0.12953822	0.017700948	0.3248704	0.16198379	0.36434636	0.0	0.0	0.0	0.3882605	0.0	0.0	0.0	0.1845272	0.0	0.021550076	0.0	0.0	0.16499881	0.0	0.0	0.0	0.0053393184	0.0	0.31604183	0.0	0.4894956	0.0	0.0	0.0	0.095792234	0.11123073	0.0	0.0	0.0	0.32134354	0.0	0.0	0.0	0.094820105	0.09378106	0.0	0.0	0.5876742	0.2801883	0.0	0.0	0.2874958	0.0	0.064034246	0.0	0.0	0.15425073	0.0	0.0	0.0	0.0	0.34127235	0.4741849	0.0	0.41879836	0.0	0.3427066	0.0	0.3485471	0.47103247	0.07289622	0.08614606	0.15110086	0.0	0.0	0.28869164	0.31782475	0.0	0.0	0.15970004	0.28948286	0.0	0.0	0.0
0.25427034	0.0	0.41318068	0.0	0.0	0.018788347	0.0	0.0	0.0	0.56744355	0.0	0.5705461	0.01631578	0.0	0.1289381	0.21429466	0.0	0.0	0.0	0.0	0.0	0.0	0.06854397	0.0	0.0	0.1768379	0.0	0.52470607	0.0	0.0	0.0	0.14486413	0.1840715	0.0	0.5680627	0.0	0.1727459	0.0	0.0	0.29257998	0.30782914	0.0	0.5509359	0.0	0.0	0.42652377	0.48611495	0.0	0.0	0.14827909	0.0	0.39532217	0.1665924	0.4442183	0.0	0.0	0.0	0.5212509	0.0	0.0	0.0	0.1677019	0.0	0.003478038	0.0	0.0	0.1863851	0.0	0.0	0.0	0.0	0.0	0.30063608	0.0	0.5686415	0.0	0.0	0.0	0.08655117	0.14322239	0.0	0.0	0.0	0.38291863	0.0	0.0	0.0	0.0866948	0.17886037	0.0	0.0	0.67273164	0.3743595	0.0	0.0	0.36113906	0.0	0.003330198	0.0	0.0	0.1859442	0.0	0.0	0.0	0.0	0.4925475	0.5119774	0.0	0.4982202	0.0	0.35493395	0.0	0.4782655	0.6102821	0.013351329	0.07852661	0.09801998	0.0	0.0	0.25506458	0.4062693	0.0	0.0	0.17526783	0.3718607	0.0	0.0	0.0
0.21681933	0.0	0.3556887	0.0	0.0	3.482774e-05	0.0	0.0	0.0	0.41918778	0.0	0.334133	0.0	0.0	0.04953137	0.20957328	0.0	0.0	0.0	0.0	0.0	0.0	0.019071752	0.0	0.0	0.19170187	0.0	0.3942928	0.0	0.0	0.0	0.10224862	0.1529671	0.0	0.4139137	0.0	0.19760199	0.0	0.0	0.20087712	0.2551855	0.0	0.43220267	0.0	0.0	0.3901151	0.33120033	0.0	0.0	0.17228429	0.026396459	0.2981873	0.15982758	0.3223419	0.0	0.0	0.0	0.3774589	0.0	0.0	0.0	0.17362623	0.0	0.009528901	0.0	0.0	0.17371327	0.0	0.0	0.0	0.0	0.0	0.29700842	0.0	0.4154617	0.0	0.0	0.0	0.07365199	0.09799481	0.0	0.0	0.0	0.2731319	0.0	0.0	0.0	0.08127237	0.06666118	0.0	0.0	0.5337338	0.28043163	0.0	0.0	0.25387266	0.0	0.020841578	0.0	0.0	0.13379972	0.0	0.0	0.0	0.0	0.26773575	0.43534103	0.0	0.38736734	0.0	0.311425	0.0	0.3130283	0.36269104	0.054045413	0.058407057	0.14541227	0.0	0.0	0.24992852	0.26788837	0.0	0.0	0.107522346	0.27345312	0.0	0.0	0.0
0.22235493	0.0	0.36630502	0.0	0.0	0.0	0.0	0.0	0.0	0.40604267	0.0	0.3381156	0.0	0.0	0.040911805	0.22621298	0.0	0.0	0.0	0.0	0.0	0.0	0.032359857	0.0	0.0	0.19567336	0.0	0.3966833	0.0	0.0	0.0	0.109413594	0.15607709	0.0	0.39584622	0.0	0.19994138	0.0	0.0	0.20434444	0.26773193	0.0	0.4385989	0.0	0.0	0.38650623	0.32457063	0.0	0.0	0.1593321	0.023358932	0.30255258	0.15740292	0.32367477	0.0	0.0	0.0	0.3650633	0.0	0.0	0.0	0.17531054	0.0	0.018179731	0.0	0.0	0.18439098	0.0	0.0	0.0	0.0	0.0	0.29338685	0.0	0.40940556	0.0	0.0	0.0	0.083191186	0.1059292	0.0	0.0	0.0	0.27134076	0.0	0.0	0.0	0.07487719	0.058379684	0.0	0.0	0.53180516	0.2655181	0.0	0.0	0.24858747	0.0	0.031708404	0.0	0.0	0.12941962	0.0	0.0	0.0	0.0	0.26197565	0.4433848	0.0	0.38522187	0.0	0.31035307	0.0	0.3127976	0.3750011	0.06659075	0.06903281	0.13589267	0.0	0.0	0.26019102	0.28673378	0.0	0.0	0.09362929	0.26440364	0.0	0.0	0.0
0.19301389	0.0	0.362787	0.0	0.0	0.0144227715	0.0	0.0	0.0	0.3809844	0.0	0.3007529	0.0	0.0	0.04734459	0.2401855	0.0	0.0	0.0	0.0	0.0	0.0	0.04959901	0.0	0.0	0.228794	0.0	0.37027213	0.0	0.0	0.0	0.1099344	0.14599659	0.0	0.38075337	0.0	0.19711144	0.0	0.0	0.18139525	0.27787215	0.0	0.41324607	0.0	0.0	0.39171967	0.32259598	0.0	0.0	0.15172209	0.027680648	0.28407285	0.14451708	0.3061777	0.0	0.0	0.0	0.32941532	0.0	0.0	0.0	0.17789753	0.0	0.0069582486	0.0	0.0	0.15971257	0.0	0.0	0.0	0.0	0.0	0.29179907	0.0	0.41619122	0.0	0.0	0.0	0.097643234	0.08722352	0.0	0.0	0.0	0.27594087	0.0	0.0	0.0	0.10854382	0.053235758	0.0	0.0	0.5342724	0.22896113	0.0	0.0	0.24311721	0.0	0.04617023	0.0	0.0	0.11408049	0.0	0.0	0.0	0.0	0.24323972	0.41518795	0.0	0.36989343	0.0	0.3333473	0.0	0.28505722	0.36145195	0.10474279	0.0805011	0.17550407	0.0	0.0	0.2727815	0.26199457	0.0	0.0	0.107651316	0.25762156	0.0	0.0	0.0
0.120890975	0.026387667	0.35860288	0.0	0.0	0.05255736	0.0	0.0	0.0	0.3634677	0.0	0.25427416	0.007726077	0.0	0.053870935	0.177139	0.0	0.0	0.0	0.0	0.0	0.0	0.026416214	0.0	0.0	0.24977146	0.0	0.32671	0.006200619	0.0	0.0	0.094352566	0.16008362	0.0	0.38885093	0.0	0.19889556	0.0	0.0	0.14069812	0.23562737	0.0011902452	0.3666917	0.0	0.018189585	0.39312527	0.3509468	0.0	0.0	0.118411966	0.03989064	0.23152405	0.18352328	0.28015617	0.0	0.0	0.0	0.3005027	0.0	0.0	0.0	0.17613228	0.0	0.00247741	0.0	0.0	0.09424933	0.0	0.0	0.0	0.03533882	0.0	0.30808452	0.0	0.4236708	0.0	0.0	0.0	0.10821753	0.087165	0.0	0.0	0.0	0.21374388	0.0	0.013997718	0.0	0.08469056	0.11339694	0.0	0.0	0.49334955	0.22555451	0.0	0.0	0.24069917	0.0	0.042516094	0.0	0.0	0.14376812	0.0	0.0	0.0	0.0	0.24278568	0.37985238	0.0	0.3278859	0.0	0.2817352	0.0	0.23994213	0.32525265	0.085879885	0.061799515	0.16195293	0.0	0.0	0.2545505	0.22050647	0.0	0.0	0.17433126	0.23388992	0.0	0.0	0.0
0.2783636	0.0	0.37834203	0.0	0.0	0.0024974614	0.0	0.0	0.0	0.4672203	0.0	0.37080023	0.0	0.0	0.037406776	0.299595	0.0	0.0	0.0	0.0	0.0	0.0	0.01811976	0.0	0.0	0.22421198	0.0	0.4750942	0.0	0.0	0.0	0.12258708	0.16530304	0.0	0.39045095	0.0	0.21920419	0.0	0.0	0.21914792	0.30102766	0.0	0.5438568	0.0	0.0	0.40966126	0.2830547	0.0	0.0	0.21734102	0.029368311	0.2899858	0.102071494	0.3527179	0.0	0.0	0.0	0.35161075	0.0	0.0	0.0	0.16505322	0.0	0.008881268	0.0	0.0	0.24465375	0.0	0.0	0.0	0.0	0.0	0.29527977	0.0	0.41020837	0.0	0.0	0.0	0.1317275	0.09566576	0.0	0.0	0.0	0.33940145	0.0	0.0	0.0	0.1806289	0.013468501	0.0	0.0	0.6360933	0.24626988	0.0	0.0	0.26982406	0.0	0.0392979	0.0	0.0	0.09326101	0.0	0.0	0.0	0.0	0.20967893	0.49966928	0.0	0.40086254	0.0	0.4397545	0.0	0.3287488	0.38291785	0.18918686	0.108120464	0.21291177	0.0	0.0	0.26807567	0.2792124	0.0	0.0	0.10339495	0.2873607	0.0	0.0	0.0
0.1890529	0.0	0.34867725	0.0	0.0	0.024593055	0.0	0.0	0.0	0.40551594	0.0	0.35475886	0.00020357098	0.0	0.05227143	0.2283675	0.0	0.0	0.0	0.0	0.0	0.0	0.04415326	0.0	0.0	0.21144456	0.0	0.40231338	0.0	0.0	0.0	0.10827742	0.16228257	0.0	0.42019057	0.0	0.18747674	0.0	0.0	0.19499917	0.26302525	0.0	0.4340147	0.0	0.0	0.39937147	0.36403975	0.0	0.0	0.1508442	0.031068183	0.28049475	0.14792919	0.32694224	0.0	0.0	0.0	0.36669073	0.0	0.0	0.0	0.18066792	0.0	0.007108984	0.0	0.0	0.15788965	0.0	0.0	0.0	0.0	0.0	0.2958449	0.0	0.4531741	0.0	0.0	0.0	0.08814264	0.09147778	0.0	0.0	0.0	0.28196165	0.0	0.0	0.0	0.09703978	0.08816136	0.0	0.0	0.551872	0.26527536	0.0	0.0	0.27366623	0.0	0.032969624	0.0	0.0	0.13400136	0.0	0.0	0.0	0.0	0.3003086	0.42777035	0.0	0.37592947	0.0	0.316913	0.0	0.31995443	0.39112255	0.07046395	0.06764228	0.15812768	0.0	0.0	0.26365212	0.27610388	0.0	0.0	0.15436779	0.27132145	0.0	0.0	0.0
0.2306816	0.0	0.34656537	0.0	0.0	0.0	0.0	0.0	0.0	0.41584802	0.0	0.31491628	0.0	0.0	0.04152894	0.23333092	0.0	0.0	0.0	0.0	0.0	0.0	0.0064783483	0.0	0.0	0.19617535	0.0	0.39156196	0.0	0.0	0.0	0.090784155	0.1554317	0.0	0.39425159	0.0	0.20817573	0.0	0.0	0.19565153	0.2521499	0.0	0.43626317	0.0	0.0	0.38273272	0.29958797	0.0	0.0	0.19226058	0.016715648	0.27527443	0.14785756	0.3050094	0.0	0.0	0.0	0.36403325	0.0	0.0	0.0	0.17163105	0.0	0.008842994	0.0	0.0	0.19341324	0.0	0.0	0.0	0.0	0.0	0.29066518	0.0	0.39557377	0.0	0.0	0.0	0.08249548	0.0879049	0.0	0.0	0.0	0.2658445	0.0	0.0	0.0	0.09032511	0.03687229	0.0	0.0	0.53429025	0.26558194	0.0	0.0	0.24975987	0.0	0.028547468	0.0	0.0	0.12260624	0.0	0.0	0.0	0.0	0.22642975	0.43934128	0.0	0.36249265	0.0	0.3259481	0.0	0.29494977	0.32894573	0.09063528	0.06875143	0.15986931	0.0	0.0	0.23633914	0.2435519	0.0	0.0011477737	0.11085481	0.2615237	0.0	0.0	0.0
0.10858937	0.0	0.29319596	0.0	0.0	0.010371859	0.0	0.0	0.0	0.25967184	0.0	0.17933406	0.0	0.0	0.03703739	0.22577782	0.0	0.0	0.0	0.0	0.0	0.0	0.03374293	0.0	0.0	0.19553737	0.0	0.270385	0.0	0.0	0.0	0.061297357	0.14428377	0.0	0.29803243	0.0	0.1877827	0.0	0.0	0.14263321	0.19041556	0.0	0.29978976	0.0	0.0	0.3351128	0.29848114	0.0	0.0	0.13731058	0.037316073	0.17043035	0.15592857	0.2078458	0.0	0.0	0.0	0.25289854	0.0	0.0	0.0	0.1764136	0.0	0.0010561297	0.0	0.0	0.12520368	0.0	0.0	0.0	0.0004509017	0.0	0.2573503	0.0	0.34881458	0.0	0.0	0.0	0.07940671	0.057286542	0.0	0.0	0.0	0.17210881	0.0	0.0	0.0	0.063851	0.053850155	0.0	0.0	0.39938188	0.16866022	0.0	0.0	0.18284743	0.0	0.03595602	0.0	0.0	0.07936346	0.0	0.0	0.0	0.0	0.14440913	0.30904117	0.0	0.27302825	0.0	0.21443355	0.0	0.167666	0.21829547	0.10759106	0.030702187	0.18020695	0.0	0.0	0.25569054	0.15881717	0.0	0.0	0.12365925	0.17853665	0.0	0.0	0.0
0.12802428	0.0	0.31166008	0.0	0.0	0.0203299	0.0	0.0	0.0	0.28080544	0.0	0.19052422	0.0	0.0	0.035517875	0.2204117	0.0	0.0	0.0	0.0	0.0	0.0	0.024741823	0.0	0.0	0.21770859	0.0	0.28681147	0.0	0.0	0.0	0.07808546	0.13936575	0.0	0.31026903	0.0	0.18746479	0.0	0.0	0.14010556	0.21537495	0.0	0.32798737	0.0	0.0	0.35271493	0.2847714	0.0	0.0	0.13644177	0.03455619	0.19492646	0.15930988	0.2189122	0.0	0.0	0.0	0.2552463	0.0	0.0	0.0	0.17702787	0.0	6.4484775e-05	0.0	0.0	0.13219665	0.0	0.0	0.0	0.006357917	0.0	0.26338077	0.0	0.35054076	0.0	0.0	0.0	0.092947535	0.07307052	0.0	0.0	0.0	0.18603444	0.0	0.0	0.0	0.07531735	0.050173134	0.0	0.0	0.4287708	0.16644858	0.0	0.0	0.18971825	0.0	0.0465149	0.0	0.0	0.087888144	0.0	0.0	0.0	0.0	0.14503564	0.32638136	0.0	0.28847268	0.0	0.25257665	0.0	0.18789117	0.23902933	0.123053215	0.04478733	0.18535662	0.0	0.0	0.2508445	0.18311894	0.0	0.0	0.11700765	0.19595647	0.0	0.0	0.0
0.15214652	0.006854547	0.32080606	0.0	0.0	0.029839898	0.0	0.0	0.0	0.29750028	0.0	0.19474715	0.0	0.0	0.031690147	0.24870984	0.0	0.0	0.0	0.0	0.0	0.0	0.025340205	0.0	0.0	0.25546274	0.0	0.30917597	0.0	0.0	0.0	0.09043598	0.14880155	0.0	0.3019162	0.0	0.2054735	0.0	0.0	0.14177938	0.2484333	0.0	0.36436915	0.0	0.0	0.36533698	0.27010867	0.0	0.0	0.14016879	0.03999631	0.19327839	0.13769834	0.21821155	0.0	0.0	0.0	0.24593242	0.0	0.0	0.0	0.18536167	0.0	0.007775806	0.0	0.0	0.1473127	0.0	0.0	0.0	0.0040133893	0.0	0.2761402	0.0	0.34705362	0.0	0.0	0.0	0.10532442	0.08362236	0.0	0.0	0.0	0.21030575	0.0	0.0	0.0	0.10599997	0.02476862	0.0	0.0	0.46953475	0.1586217	0.0	0.0	0.18756807	0.0	0.064897075	0.0	0.0	0.08419406	0.0	0.0	0.0	0.0	0.14297073	0.34983483	0.0	0.3026307	0.0	0.29981044	0.0	0.1897039	0.26343226	0.17339177	0.07583942	0.20385073	0.0	0.0	0.24698465	0.20334862	0.0	0.0	0.12792288	0.2040788	0.0	0.0	0.0
0.11796234	0.013482007	0.31609502	0.0	0.0	0.044221148	0.0	0.0	0.0	0.29779947	0.0	0.17876016	0.0	0.0	0.046699192	0.23165607	0.0	0.0	0.0	0.0	0.0	0.0	0.029315809	0.0	0.0	0.25066945	0.0	0.29071483	0.0	0.0	0.0	0.08428339	0.14830437	0.0	0.30290458	0.0	0.20266056	0.0	0.0	0.14162064	0.23558192	0.0	0.33717036	0.0	0.003455167	0.3589016	0.29446524	0.0	0.0	0.123155735	0.04484037	0.18144222	0.14584973	0.22045141	0.0	0.0	0.0	0.24066241	0.0	0.0	0.0	0.18363921	0.0	0.007828002	0.0	0.0	0.1171309	0.0	0.0	0.0	0.0074826963	0.0	0.27024356	0.0	0.35718322	0.0	0.0	0.0	0.105170555	0.08303689	0.0	0.0	0.0	0.19216542	0.0	0.0	0.0	0.09920039	0.03997822	0.0	0.0	0.45462802	0.15784214	0.0	0.0	0.18487938	0.0	0.061105683	0.0	0.0	0.0837604	0.0	0.0	0.0	0.0	0.15256846	0.3435924	0.0	0.30009648	0.0	0.28678182	0.0	0.1818874	0.2641907	0.15697977	0.06978643	0.20632668	0.0	0.0	0.24974114	0.1839366	0.0	0.0	0.14475833	0.20454605	0.0	0.0	0.0
0.116966315	0.02668783	0.30871272	0.0	0.0	0.05312288	0.0	0.0	0.0	0.26091933	0.0	0.14310275	0.0	0.0	0.03285441	0.25421962	0.0	0.0	0.0	0.0	0.0	0.0	0.033980023	0.0	0.0	0.28188398	0.0	0.27919623	0.0	0.0	0.0	0.085473984	0.15404983	0.0	0.28045622	0.0	0.21965802	0.0	0.0	0.13105232	0.2344472	0.0	0.3290564	0.0	0.0077934526	0.35838094	0.2703154	0.0	0.0	0.11123923	0.059398193	0.16424112	0.14250429	0.20681022	0.0	0.0	0.0	0.2238946	0.0	0.0	0.0	0.193411	0.0	0.008115684	0.0	0.0	0.12227422	0.0	0.0	0.0	0.013541195	0.0	0.28723326	0.0	0.34723154	0.0	0.0	0.0	0.10193128	0.07726242	0.0	0.0	0.0	0.18777096	0.0	0.0	0.0	0.11207134	0.02746774	0.0	0.0	0.44077635	0.13068964	0.0	0.0	0.17619137	0.0	0.0781316	0.0	0.0	0.085230015	0.0	0.0	0.0	0.0	0.11601722	0.33802232	0.0	0.26978645	0.0	0.28626406	0.0	0.15392077	0.24455269	0.18122642	0.08836282	0.21029939	0.0	0.0	0.24658088	0.17869957	0.0	0.00078661117	0.1525503	0.18351664	0.0	0.0	0.0
0.20523195	0.01928381	0.3243715	0.0	0.0	0.034623787	0.0	0.0	0.0	0.3502061	0.0	0.2457446	0.0	0.0	0.02661221	0.3313433	0.0	0.0	0.0	0.0	0.0	0.0	0.019365093	0.0	0.0	0.27926365	0.0	0.3768388	0.0	0.0	0.0	0.08082673	0.16584322	0.0	0.3076726	0.0	0.23089802	0.0	0.0	0.14299062	0.26711217	0.0	0.45014283	0.0	0.0	0.38252044	0.24391477	0.0	0.0	0.20805056	0.07572665	0.18076599	0.0974412	0.24433923	0.0	0.0	0.0	0.26148546	0.0	0.0	0.0	0.18847378	0.0	0.010957596	0.0	0.0	0.20201008	0.0	0.0	0.0	0.0	0.0	0.2834518	0.0	0.3606434	0.0	0.0	0.0	0.1290407	0.08346418	0.0	0.0	0.0	0.26722744	0.0	0.0	0.0	0.19596846	0.008861323	0.0	0.0	0.57262164	0.14716905	0.0	0.0	0.20919164	0.0	0.07941697	0.0	0.0	0.06115995	0.0	0.0	0.0	0.0	0.12579508	0.40021548	0.0	0.3047833	0.0	0.4075242	0.0	0.21574867	0.27751395	0.27531415	0.12256813	0.24534361	0.0	0.0	0.23317485	0.20048024	0.0	0.00061871856	0.15325302	0.2351894	0.0	0.0028563912	0.0
0.15595533	0.0025957308	0.29782987	0.0	0.0	0.021549603	0.0	0.0	0.0	0.28420004	0.0	0.1662334	0.0	0.0	0.028276086	0.26158035	0.0	0.0	0.0	0.0	0.0	0.0	0.016573953	0.0	0.0	0.24571972	0.0	0.29510126	0.0	0.0	0.0	0.07902833	0.14656438	0.0	0.27637717	0.0	0.20457183	0.0	0.0	0.1406178	0.22887039	0.0	0.35672626	0.0	0.0	0.34414807	0.24765094	0.0	0.0	0.15207265	0.047886804	0.17200565	0.12427356	0.20837624	0.0	0.0	0.0	0.21669416	0.0	0.0	0.0	0.18085074	0.0	0.011016481	0.0	0.0	0.15181898	0.0	0.0	0.0	0.0	0.0	0.26522246	0.0	0.32832804	0.0	0.0	0.0	0.10055372	0.07346975	0.0	0.0	0.0	0.1943403	0.0	0.0	0.0	0.10852182	0.013505451	0.0	0.0	0.44771227	0.14495988	0.0	0.0	0.16932018	0.0	0.066815734	0.0	0.0	0.062988795	0.0	0.0	0.0	0.0	0.10515517	0.3403121	0.0	0.28781387	0.0	0.30254316	0.0	0.16460365	0.22686498	0.18246813	0.08384064	0.21274678	0.0	0.0	0.24094868	0.17600244	0.0	0.0	0.106372796	0.19737954	0.0	0.0	0.0
0.123662174	0.0	0.3024859	0.0	0.0	0.037698522	0.018425243	0.0	0.0	0.3141208	0.0	0.17790644	0.0	0.0	0.051357437	0.20788439	0.0	0.0	0.0	0.0	0.0	0.0	0.020536663	0.0	0.0	0.23591472	0.0	0.2892647	0.0	0.0	0.0	0.07279634	0.1618697	0.0	0.33017227	0.0	0.21133286	0.0	0.0	0.14689814	0.20044076	0.0	0.31690693	0.0	0.0	0.36113963	0.30199376	0.0	0.0	0.13339101	0.040994417	0.19455492	0.15086617	0.23965561	0.0	0.0	0.0056142323	0.27393982	0.0	0.0	0.0	0.16859405	0.0	0.0028707844	0.0	0.0	0.10427409	0.0	0.0	0.0	0.0	0.0	0.2805101	0.0	0.36936024	0.0	0.0	0.0	0.06551469	0.066979356	0.0	0.0	0.0	0.17949903	0.0	0.0	0.0	0.0833812	0.051659886	0.0	0.0	0.445635	0.18739413	0.0	0.0	0.19124512	0.0	0.055795465	0.0	0.0	0.09184527	0.0	0.0	0.0	0.0	0.17493336	0.35976413	0.0	0.31022593	0.0	0.27700713	0.0	0.19081736	0.2617114	0.1143918	0.060333267	0.19268698	0.0	0.0	0.23685755	0.17224778	0.0	0.0071279756	0.12919408	0.21649222	0.0	0.0	0.0
0.11024382	0.012653197	0.30981532	0.0	0.0	0.044815134	0.0	0.0	0.0	0.28498358	0.0	0.17335789	0.0	0.0	0.038420085	0.23684104	0.0	0.0	0.0	0.0	0.0	0.0	0.032550663	0.0	0.0	0.24887545	0.0	0.28462362	0.0	0.0	0.0	0.08069503	0.15547031	0.0	0.2969021	0.0	0.20110013	0.0	0.0	0.1401435	0.22829928	0.0	0.32874024	0.0	0.003557425	0.35494912	0.2918549	0.0	0.0	0.1160846	0.047226444	0.17303745	0.14230718	0.21570121	0.0	0.0	0.0	0.24120587	0.0	0.0	0.0	0.18439461	0.0	0.006615413	0.0	0.0	0.11316552	0.0	0.0	0.0	0.008026135	0.0	0.2718717	0.0	0.35709986	0.0	0.0	0.0	0.10219944	0.07629936	0.0	0.0	0.0	0.18903549	0.0	0.0	0.0	0.09683595	0.044531554	0.0	0.0	0.44332805	0.15433164	0.0	0.0	0.18163995	0.0	0.05843855	0.0	0.0	0.08208337	0.0	0.0	0.0	0.0	0.14982401	0.33730018	0.0	0.29458618	0.0	0.27715063	0.0	0.17673892	0.2558489	0.15380752	0.06801123	0.20427246	0.0	0.0	0.24892364	0.18037744	0.0	0.0	0.14281207	0.19983608	0.0	0.0	0.0
0.08661575	0.03041871	0.31144282	0.0	0.0	0.07325336	0.0	0.0	0.0	0.28558135	0.0	0.14894924	0.0	0.0	0.056828137	0.22910874	0.0	0.00466626	0.0	0.0	0.0	0.0	0.034276906	0.0	0.0	0.26680204	0.0	0.27408898	0.0	0.0	0.0	0.0790359	0.162401	0.0	0.2941669	0.0	0.21813829	0.0	0.0	0.12597495	0.21789658	0.0	0.30826983	0.0	0.008507096	0.3629566	0.3014035	0.0	0.0	0.10377816	0.06303201	0.15946639	0.15997143	0.2184294	0.0	0.0	0.0	0.23399246	0.0	0.0	0.0	0.18064465	0.0	0.0006062053	0.0	0.0	0.08747578	0.0	0.0	0.0	0.017611189	0.0	0.27913833	0.0	0.3641756	0.0	0.0	0.0	0.10226739	0.082824975	0.0	0.0	0.0	0.1770838	0.0	0.0	0.0	0.10563273	0.055227578	0.0	0.0	0.44293007	0.14732501	0.0	0.0	0.1817655	0.0	0.070076495	0.0	0.0	0.08397752	0.0	0.0	0.0	0.0	0.14813446	0.3383454	0.0	0.28384188	0.0	0.28403676	0.0	0.15783887	0.25478628	0.16351663	0.07852812	0.21589816	0.0	0.0	0.24410523	0.1666919	0.0	0.0	0.16433309	0.19773138	0.0	0.0036149311	0.0
0.09759126	0.026498653	0.32343873	0.0	0.0	0.056017447	0.0	0.0	0.0	0.24982758	0.0	0.10486733	0.0	0.0	0.03327887	0.23502557	0.0	0.006405443	0.0	0.0	0.0	0.0	0.038270827	0.0	0.0	0.2781985	0.0	0.24980676	0.0	0.0	0.0	0.08542957	0.14577352	0.0	0.26612592	0.0	0.22605674	0.0	0.0	0.123754896	0.21544795	0.0	0.2926644	0.0	0.020480296	0.33871296	0.26939297	0.0	0.0	0.09207585	0.051206455	0.14985783	0.15819089	0.20803459	0.0	0.0	0.0	0.2029158	0.0	0.0	0.0	0.1769443	0.0	0.0104499385	0.0	0.0	0.11119627	0.0	0.0	0.0	0.019441133	0.0	0.26370308	0.0	0.32153162	0.0	0.0	0.0	0.088576145	0.078669146	0.0	0.0	0.0	0.16534884	0.0	0.0	0.0	0.09474676	0.03342614	0.0	0.0	0.40398717	0.12327687	0.0	0.0	0.16305257	0.0	0.084503114	0.0	0.0	0.07180625	0.0	0.0	0.0	0.0	0.09953954	0.32570556	0.0	0.27014753	0.0	0.2759056	0.0	0.13197604	0.23011804	0.16729403	0.069262065	0.2034394	0.0	0.0	0.2643483	0.15604289	0.0	0.0	0.12016002	0.16899095	0.0	0.0	0.0
0.1394295	0.019811166	0.31866544	0.0	0.0	0.056088854	0.0	0.0	0.0	0.33175516	0.0	0.20909023	0.0	0.0	0.0471462	0.25004923	0.0	0.0	0.0	0.0	0.0	0.0	0.024503872	0.0	0.0	0.26982078	0.0	0.3204306	0.0	0.0	0.0	0.08976481	0.1577431	0.0	0.31717476	0.0	0.21130814	0.0	0.0	0.13785885	0.25182155	0.0	0.37566218	0.0	0.0	0.37805948	0.29717302	0.0	0.0	0.13887931	0.05453444	0.18951344	0.13352649	0.23712938	0.0	0.0	0.0	0.2561655	0.0	0.0	0.0	0.18308444	0.0	0.007924001	0.0	0.0	0.12771931	0.0	0.0	0.0	0.004728947	0.0	0.2818806	0.0	0.37508985	0.0	0.0	0.0	0.11434732	0.0895516	0.0	0.0	0.0	0.21718247	0.0	0.0	0.0	0.13404705	0.039232414	0.0	0.0	0.5139787	0.16536687	0.0	0.0	0.20276487	0.0	0.067877546	0.0	0.0	0.084622145	0.0	0.0	0.0	0.0	0.17103004	0.3702618	0.0	0.3094268	0.0	0.33145216	0.0	0.20197548	0.29496145	0.189129	0.09456021	0.21898623	0.0	0.0	0.24015553	0.20231663	0.0	0.0	0.16143149	0.22897796	0.0	0.0004725059	0.0
0.09341671	0.014762908	0.30101648	0.0	0.0	0.052134182	0.0	0.0	0.0	0.2639009	0.0	0.13277541	0.0	0.0	0.04841763	0.23439448	0.0	0.0	0.0	0.0	0.0	0.0	0.02880401	0.0	0.0	0.24586292	0.0	0.26211122	0.0	0.0	0.0	0.07238977	0.15268534	0.0	0.26848403	0.0	0.209428	0.0	0.0	0.1315486	0.21430685	0.0	0.30036306	0.0	0.0030136034	0.34207222	0.2779765	0.0	0.0	0.11742672	0.055489972	0.1575757	0.14919099	0.19936825	0.0	0.0	0.0	0.2144376	0.0	0.0	0.0	0.17284338	0.0	0.0045649223	0.0	0.0	0.1016733	0.0	0.0	0.0	0.0069166995	0.0	0.26235607	0.0	0.33405867	0.0	0.0	0.0	0.09883439	0.07705846	0.0	0.0	0.0	0.16534145	0.0	0.0	0.0	0.096851826	0.03580044	0.0	0.0	0.41751254	0.1321552	0.0	0.0	0.16382813	0.0	0.06690343	0.0	0.0	0.06338975	0.0	0.0	0.0	0.0	0.11365905	0.32371676	0.0	0.28055838	0.0	0.269032	0.0	0.14091471	0.22735868	0.16657901	0.06557623	0.21818769	0.0	0.0	0.24859697	0.15518843	0.0	0.0	0.12678851	0.1867375	0.0	0.0	0.0
0.10604993	0.008398696	0.3084164	0.0	0.0	0.04974551	0.0	0.0	0.0	0.29482174	0.0	0.17671503	0.0	0.0	0.051004846	0.22950454	0.0	0.0	0.0	0.0	0.0	0.0	0.031004274	0.0	0.0	0.24952751	0.0	0.2832596	0.0	0.0	0.0	0.07884542	0.15619011	0.0	0.30174983	0.0	0.19918549	0.0	0.0	0.13625939	0.22248334	0.0	0.32369384	0.0	0.0013148896	0.36191416	0.30006	0.0	0.0	0.114807606	0.048824828	0.17546038	0.14761992	0.21874724	0.0	0.0	0.0	0.24331777	0.0	0.0	0.0	0.17586303	0.0	0.00012873858	0.0	0.0	0.1034711	0.0	0.0	0.0	0.007523867	0.0	0.269408	0.0	0.36569664	0.0	0.0	0.0	0.10208201	0.079265155	0.0	0.0	0.0	0.18096507	0.0	0.0	0.0	0.10084182	0.05069228	0.0	0.0	0.45187876	0.15837383	0.0	0.0	0.18557294	0.0	0.060962718	0.0	0.0	0.08025121	0.0	0.0	0.0	0.0	0.15794088	0.33823332	0.0	0.29767737	0.0	0.2813699	0.0	0.1792203	0.26272175	0.15320416	0.07126981	0.20703094	0.0	0.0	0.24405861	0.17824477	0.0	0.0	0.14645149	0.20641394	0.0	0.0	0.0
0.1002284	0.014180663	0.30542824	0.0	0.0	0.046708226	0.0	0.0	0.0	0.26897666	0.0	0.14947774	0.0	0.0	0.045049172	0.23532553	0.0	0.0	0.0	0.0	0.0	0.0	0.032110132	0.0	0.0	0.24272232	0.0	0.26982647	0.0	0.0	0.0	0.07351093	0.15186064	0.0	0.27897677	0.0	0.20348395	0.0	0.0	0.1341741	0.2147584	0.0	0.30863872	0.0	0.0066141947	0.35004234	0.28252724	0.0	0.0	0.1153334	0.054487478	0.16564997	0.14976375	0.20516884	0.0	0.0	0.0	0.22634995	0.0	0.0	0.0	0.17789936	0.0	0.004225029	0.0	0.0	0.10580733	0.0	0.0	0.0	0.009947974	0.0	0.26643836	0.0	0.34396097	0.0	0.0	0.0	0.09920529	0.07828761	0.0	0.0	0.0	0.17231186	0.0	0.0	0.0	0.09472894	0.044101655	0.0	0.0	0.42012694	0.14126287	0.0	0.0	0.17329572	0.0	0.0646788	0.0	0.0	0.07310161	0.0	0.0	0.0	0.0	0.12848942	0.32395568	0.0	0.28257772	0.0	0.26435316	0.0	0.15491207	0.23343222	0.15820293	0.06451281	0.20853889	0.0	0.0	0.24974488	0.16617684	0.0	0.0	0.13311003	0.18880552	0.0	0.0	0.0
0.10291162	0.036087282	0.31216455	0.0	0.0	0.07093752	0.0	0.0	0.0	0.30917597	0.0	0.16429986	0.0	0.0	0.055818822	0.2322561	0.0	0.0	0.0	0.0	0.0	0.0	0.030395063	0.0	0.0	0.2721373	0.0	0.28885308	0.0	0.0	0.0	0.08614683	0.15496899	0.0	0.2946593	0.0	0.20859595	0.0	0.0	0.12975058	0.2330124	0.0	0.3428767	0.0	0.00572725	0.3658711	0.2839881	0.0	0.0	0.1095554	0.06276206	0.17038785	0.14695878	0.21915637	0.0	0.0	0.0	0.2238874	0.0	0.0	0.0	0.17944269	0.0	0.0052489466	0.0	0.0	0.10162864	0.0	0.0	0.0	0.00760817	0.0	0.2766979	0.0	0.36064133	0.0	0.0	0.0	0.114138015	0.08479818	0.0	0.0	0.0	0.18876834	0.0	0.0	0.0	0.12487062	0.047036458	0.0	0.0	0.46669316	0.1506387	0.0	0.0	0.18463297	0.0	0.066669695	0.0	0.0	0.075322375	0.0	0.0	0.0	0.0	0.14651667	0.35006467	0.0	0.298732	0.0	0.30778667	0.0	0.16353802	0.27019754	0.18223636	0.09251086	0.22170924	0.0	0.0	0.23590188	0.18363495	0.0	0.0026186127	0.16000481	0.21796852	0.0	0.009203896	0.0
0.090201534	0.011425738	0.3243974	0.0	0.0	0.04936355	0.0	0.0	0.0	0.2735931	0.0	0.1339768	0.0	0.0	0.044606354	0.22027795	0.0	0.007368958	0.0	0.0	0.0	0.0	0.03907844	0.0	0.0	0.26407987	0.0	0.25638914	0.0	0.0	0.0	0.08568412	0.14939286	0.0	0.28716293	0.0	0.21405971	0.0	0.0	0.13146688	0.21214254	0.0	0.3024806	0.0	0.015993167	0.35260582	0.2910672	0.0	0.0	0.09070283	0.048482697	0.16761176	0.1656314	0.22060452	0.0	0.0	0.0	0.23186307	0.0	0.0	0.0	0.17588079	0.0	0.008719996	0.0	0.0	0.098045565	0.0	0.0	0.0	0.017066212	0.0	0.26461175	0.0	0.345046	0.0	0.0	0.0	0.10571147	0.082279705	0.0	0.0	0.0	0.16820092	0.0	0.0	0.0	0.09408582	0.05556168	0.0	0.0	0.41703376	0.13901812	0.0	0.0	0.17598534	0.0	0.072983086	0.0	0.0	0.084813334	0.0	0.0	0.0	0.0	0.1339772	0.33510658	0.0	0.28454497	0.0	0.27184764	0.0	0.16184068	0.24587882	0.14460376	0.058626194	0.1976748	0.0	0.0	0.26497862	0.1617042	0.0	0.0	0.13230462	0.18309958	0.0	0.0	0.0
0.08978892	0.01765605	0.3096705	0.0	0.0	0.049360305	0.0	0.0	0.0	0.27658358	0.0	0.15020944	0.0	0.0	0.053095315	0.22218324	0.0	0.0	0.0	0.0	0.0	0.0	0.033737075	0.0	0.0	0.2452352	0.0	0.26685047	0.0	0.0	0.0	0.076770335	0.1534202	0.0	0.28514218	0.0	0.20099612	0.0	0.0	0.13558608	0.21228158	0.0	0.30512723	0.0	0.0076729893	0.35313734	0.2909607	0.0	0.0	0.10434276	0.04902081	0.16881627	0.15827276	0.20912437	0.0	0.0	0.0	0.22917826	0.0	0.0	0.0	0.17510574	0.0	0.0013984106	0.0	0.0	0.09697191	0.0	0.0	0.0	0.011238552	0.0	0.26759806	0.0	0.35407606	0.0	0.0	0.0	0.101876825	0.08109078	0.0	0.0	0.0	0.16699487	0.0	0.0	0.0	0.08923149	0.055845138	0.0	0.0	0.4204383	0.14762531	0.0	0.0	0.17583716	0.0	0.06229411	0.0	0.0	0.079241045	0.0	0.0	0.0	0.0	0.1384435	0.3256321	0.0	0.2882872	0.0	0.2629788	0.0	0.15845536	0.240264	0.14853722	0.05940457	0.20586503	0.0	0.0	0.24877368	0.16524859	0.0	0.0	0.13666342	0.19035971	0.0	0.0	0.0
0.10674524	0.007176138	0.3043878	0.0	0.0	0.04055442	0.0	0.0	0.0	0.27835608	0.0	0.15853946	0.0	0.0	0.044176385	0.2314641	0.0	0.0	0.0	0.0	0.0	0.0	0.030119687	0.0	0.0	0.23883599	0.0	0.27267125	0.0	0.0	0.0	0.07432593	0.1504342	0.0	0.2856755	0.0	0.19850747	0.0	0.0	0.13692789	0.21626668	0.0	0.31536087	0.0	0.004112615	0.3493235	0.28537336	0.0	0.0	0.119606495	0.048087284	0.1719289	0.14859875	0.20871837	0.0	0.0	0.0	0.22973089	0.0	0.0	0.0	0.17571469	0.0	0.0007681114	0.0	0.0	0.10968286	0.0	0.0	0.0	0.007901728	0.0	0.26630124	0.0	0.34564784	0.0	0.0	0.0	0.09847251	0.079206266	0.0	0.0	0.0	0.1759225	0.0	0.0	0.0	0.09232775	0.045258265	0.0	0.0	0.4264721	0.14904548	0.0	0.0	0.17569421	0.0	0.060266826	0.0	0.0	0.07497524	0.0	0.0	0.0	0.0	0.13645643	0.3250481	0.0	0.28829172	0.0	0.26616013	0.0	0.16172086	0.2375962	0.15179227	0.05993383	0.20513237	0.0	0.0	0.24786036	0.17068808	0.0	0.0	0.12683232	0.19391446	0.0	0.0	0.0
0.09087626	0.02178075	0.3098995	0.0	0.0	0.062272977	0.0	0.0	0.0	0.2788192	0.0	0.14902559	0.0	0.0	0.050867926	0.22798477	0.0	0.0024878394	0.0	0.0	0.0	0.0	0.034290347	0.0	0.0	0.25909182	0.0	0.27122518	0.0	0.0	0.0	0.07548859	0.15931477	0.0	0.28899285	0.0	0.21288355	0.0	0.0	0.1287644	0.2148097	0.0	0.30658352	0.0	0.009918366	0.36006808	0.29705527	0.0	0.0	0.10509894	0.056989092	0.16214456	0.15690328	0.21411443	0.0	0.0	0.0	0.23011716	0.0	0.0	0.0	0.17690201	0.0	0.0010072788	0.0	0.0	0.09128938	0.0	0.0	0.0	0.016305035	0.0	0.27384683	0.0	0.35585403	0.0	0.0	0.0	0.101344265	0.08183509	0.0	0.0	0.0	0.17193902	0.0	0.0	0.0	0.09965101	0.051049393	0.0	0.0	0.43165424	0.14493716	0.0	0.0	0.17964695	0.0	0.06840867	0.0	0.0	0.08278273	0.0	0.0	0.0	0.0	0.14165492	0.33510518	0.0	0.28342116	0.0	0.2746497	0.0	0.15661658	0.2449054	0.15988395	0.06965016	0.20967686	0.0	0.0	0.24623269	0.16515253	0.0	0.0	0.15023875	0.19161464	0.0	0.0	0.0
0.09415767	0.030064866	0.30829853	0.0	0.0	0.059872445	0.0	0.0	0.0	0.2845233	0.0	0.14127088	0.0	0.0	0.053122472	0.23151766	0.0	0.0	0.0	0.0	0.0	0.0	0.03081251	0.0	0.0	0.25873467	0.0	0.27326226	0.0	0.0	0.0	0.07868987	0.15305781	0.0	0.27750176	0.0	0.20587905	0.0	0.0	0.13048826	0.2198721	0.0	0.31981048	0.0	0.008431733	0.35516873	0.27650455	0.0	0.0	0.10663432	0.061225515	0.16203226	0.15177082	0.20654762	0.0	0.0	0.0	0.21529885	0.0	0.0	0.0	0.17659695	0.0	0.00061130774	0.0	0.0	0.09950343	0.0	0.0	0.0	0.011028841	0.0	0.26887977	0.0	0.34231782	0.0	0.0	0.0	0.10735539	0.08292108	0.0	0.0	0.0	0.17440195	0.0	0.0	0.0	0.10801152	0.04546109	0.0	0.0	0.4311607	0.14037074	0.0	0.0	0.17322059	0.0	0.06693935	0.0	0.0	0.07103232	0.0	0.0	0.0	0.0	0.12625594	0.33283433	0.0	0.28865597	0.0	0.28493372	0.0	0.14729552	0.24262817	0.17318968	0.0771988	0.21796626	0.0	0.0	0.24246295	0.16610767	0.0	0.0010599004	0.14523622	0.19737095	0.0	0.0038350273	0.0
0.07838584	0.03739604	0.31144089	0.0	0.0	0.07979139	0.0	0.0	0.0	0.29004362	0.0	0.1488381	0.0	0.0	0.062311206	0.22239976	0.0	0.006562315	0.0	0.0	0.0	0.0	0.034474637	0.0	0.0	0.27012888	0.0	0.27250084	0.000543053	0.0	0.0	0.0804658	0.16301292	0.0	0.29727176	0.0	0.21873502	0.0	0.0	0.12653707	0.21606939	0.0	0.3100885	0.0	0.008555047	0.3628101	0.30543405	0.0	0.0	0.09656963	0.065747276	0.16125445	0.16585717	0.2236039	0.0	0.0	0.0	0.23458476	0.0	0.0	0.0	0.17761016	0.0	0.0022915092	0.0	0.0	0.08128279	0.0	0.0	0.0	0.017408142	0.0	0.28048262	0.0	0.36987305	0.0	0.0	0.0	0.10050058	0.08339938	0.0	0.0	0.0	0.1731946	0.0	0.0008952531	0.0	0.1089037	0.06176417	0.0	0.0	0.4440285	0.14981419	0.0	0.0	0.18321143	0.0	0.06765888	0.0	0.0	0.08587205	0.0	0.0	0.0	0.0	0.15387118	0.3432291	0.0	0.28529194	0.0	0.2849189	0.0	0.15836464	0.2612714	0.15882196	0.07761758	0.21391462	0.0	0.0	0.24384977	0.16564287	0.0	0.0	0.17144154	0.20291026	0.0	0.0064806715	0.0
0.0859045	0.033133622	0.3100215	0.0	0.0	0.076172315	0.0	0.0	0.0	0.28627023	0.0	0.1492084	0.0	0.0	0.059768464	0.22963797	0.0	0.00430257	0.0	0.0	0.0	0.0	0.03449114	0.0	0.0	0.26954803	0.0	0.2742662	0.0	0.0	0.0	0.07922147	0.16151224	0.0	0.2920043	0.0	0.22007357	0.0	0.0	0.12740596	0.21723182	0.0	0.31211329	0.0	0.0069223703	0.36123464	0.30067694	0.0	0.0	0.102333	0.0646727	0.15840934	0.16085534	0.21854162	0.0	0.0	0.0	0.23304968	0.0	0.0	0.0	0.17979681	0.0	0.004085455	0.0	0.0	0.09016442	0.0	0.0	0.0	0.01568912	0.0	0.2783507	0.0	0.36785364	0.0	0.0	0.0	0.09973583	0.08240808	0.0	0.0	0.0	0.17462802	0.0	0.0	0.0	0.1109392	0.05383965	0.0	0.0	0.44339895	0.14556694	0.0	0.0	0.18208428	0.0	0.071599126	0.0	0.0	0.083147146	0.0	0.0	0.0	0.0	0.15084219	0.34190702	0.0	0.28230083	0.0	0.28626013	0.0	0.16019525	0.2606531	0.16538465	0.078215145	0.21552159	0.0	0.0	0.24371304	0.16580604	0.0	0.0	0.16716747	0.19819044	0.0	0.0069943145	0.0
0.12122821	0.022764185	0.32393786	0.0	0.0	0.06421732	0.0	0.0	0.0	0.33785942	0.0	0.2155913	0.0	0.0	0.05569995	0.22841091	0.0	0.0	0.0	0.0	0.0	0.0	0.030378124	0.0	0.0	0.26854196	0.0	0.31559423	0.0	0.0	0.0	0.09129947	0.16001521	0.0	0.3335401	0.0	0.2068037	0.0	0.0	0.14259951	0.24552782	0.0	0.36527148	0.0	0.00295419	0.38412544	0.3173263	0.0	0.0	0.11680758	0.05135354	0.19540043	0.14635895	0.24766904	0.0	0.0	0.0	0.26336542	0.0	0.0	0.0	0.1847877	0.0	0.0077635944	0.0	0.0	0.10875964	0.0	0.0	0.0	0.010543264	0.0	0.28719893	0.0	0.39530066	0.0	0.0	0.0	0.111631595	0.089119285	0.0	0.0	0.0	0.21016562	0.0	0.0	0.0	0.12078408	0.061913878	0.0	0.0	0.5028744	0.17663199	0.0	0.0	0.2099496	0.0	0.061603382	0.0	0.0	0.09694451	0.0	0.0	0.0	0.0	0.19501238	0.37107214	0.0	0.31686544	0.0	0.31437755	0.0	0.21202655	0.31062493	0.16049053	0.08859108	0.20753618	0.0	0.0	0.2396223	0.20892401	0.0	0.0	0.1770546	0.2327516	0.0	0.0013599606	0.0
0.103928626	0.03603594	0.31554577	0.0	0.0	0.07732291	0.0	0.0	0.0	0.30585054	0.0	0.17298977	0.0	0.0	0.055355173	0.23229714	0.0	0.0	0.0	0.0	0.0	0.0	0.034504633	0.0	0.0	0.27810535	0.0	0.29090604	0.0	0.0	0.0	0.087502815	0.16263388	0.0	0.3099754	0.0	0.2207797	0.0	0.0	0.13143472	0.23548199	0.0	0.33702102	0.0	0.0062940666	0.36892304	0.30443373	0.0	0.0	0.10857602	0.06406399	0.17265613	0.15461476	0.2302745	0.0	0.0	0.0	0.24202609	0.0	0.0	0.0	0.18355443	0.0	0.007873662	0.0	0.0	0.098108076	0.0	0.0	0.0	0.01682421	0.0	0.28838488	0.0	0.37936434	0.0	0.0	0.0	0.10000154	0.08312429	0.0	0.0	0.0	0.19395764	0.0	0.00072815147	0.0	0.11823667	0.053688753	0.0	0.0	0.46878195	0.15707202	0.0	0.0	0.19098006	0.0	0.07263998	0.0	0.0	0.08954638	0.0	0.0	0.0	0.0	0.16673523	0.35564628	0.0	0.29408452	0.0	0.3008627	0.0	0.1761713	0.2832698	0.16926007	0.090462305	0.21237473	0.0	0.0	0.2399211	0.18588603	0.0	0.0	0.17339987	0.21245031	0.0	0.008227766	0.0
0.19049846	0.0	0.35579452	0.0	0.0	0.007892794	0.026167559	0.0	0.0	0.43747544	0.0	0.28648254	0.0	0.0	0.086748786	0.20160353	0.0	0.0	0.0	0.0	0.0	0.0	0.01755883	0.0	0.0	0.22887762	0.0	0.37171772	0.0	0.0	0.0	0.09306023	0.17066146	0.0	0.39438835	0.0	0.22479387	0.0	0.0	0.1747313	0.25299633	0.0	0.40993813	0.0	0.009424015	0.38490316	0.33713374	0.0	0.0	0.17259176	0.028204374	0.27857003	0.16155495	0.31737337	0.0	0.0	0.0	0.34227052	0.0	0.0	0.0	0.16984026	0.0	0.008772583	0.0	0.0	0.14429992	0.0	0.0	0.0	0.0	0.0	0.3190041	0.0	0.42054105	0.0	0.0	0.0	0.08183825	0.0909335	0.0	0.0	0.0	0.25905696	0.0007672198	0.0	0.0	0.111412406	0.06292545	0.0	0.0	0.54117507	0.2517762	0.0	0.0	0.2306553	0.0	0.040257316	0.0	0.0	0.12573491	0.0	0.0	0.0	0.0	0.2597606	0.44226107	0.0	0.37966228	0.0	0.3442359	0.0	0.2824036	0.35457134	0.09865787	0.07995982	0.18244493	0.0	0.0	0.25272113	0.25084695	0.0	0.009724896	0.100538485	0.27186775	0.0	0.0	0.0
0.21108562	0.0	0.36270735	0.0	0.0	0.007585767	0.008047514	0.0	0.0	0.44850573	0.0	0.3352414	0.0	0.0	0.06502435	0.19803892	0.0	0.0	0.0	0.0	0.0	0.0	0.015906142	0.0	0.0	0.2090819	0.0	0.4005023	0.0	0.0	0.0	0.10314753	0.16942938	0.0	0.41515946	0.0	0.21503647	0.0	0.0	0.19399263	0.26219916	0.0	0.4323175	0.0	0.0057000965	0.3934761	0.34847853	0.0	0.0	0.1772242	0.026045285	0.29159638	0.1638432	0.33513698	0.0	0.0	0.0	0.36905956	0.0	0.0	0.0	0.16386418	0.0	0.0071476013	0.0	0.0	0.15883346	0.0	0.0	0.0	0.0	0.0	0.31083843	0.0	0.4369055	0.0	0.0	0.0	0.07955633	0.091294326	0.0	0.0	0.0	0.27145365	0.0	0.0	0.0	0.09692975	0.085241646	0.0	0.0	0.5537217	0.27502635	0.0	0.0	0.25972596	0.0	0.022927145	0.0	0.0	0.13560796	0.0	0.0	0.0	0.0	0.28442785	0.44634965	0.0	0.39098755	0.0	0.34048474	0.0	0.31675023	0.37758398	0.07059222	0.070922524	0.16347851	0.0	0.0	0.24771176	0.2724184	0.0	0.0	0.104099184	0.27643523	0.0	0.0	0.0
0.21558376	0.0	0.38629755	0.0	0.0	0.0080457255	0.0200255	0.0	0.0	0.48627737	0.0	0.35084367	0.0	0.0	0.09324074	0.20249689	0.0	0.0	0.0	0.0	0.0	0.0	0.01413053	0.0	0.0	0.21861346	0.0	0.41610122	0.0	0.0	0.0	0.09701804	0.17702985	0.0	0.42829633	0.0	0.223585	0.0	0.0	0.18085794	0.26408854	0.0	0.45354334	0.0	0.0075919926	0.4207931	0.36055693	0.0	0.0	0.18882525	0.03849277	0.31861234	0.16107054	0.36078534	0.0	0.0	0.0	0.37776157	0.0	0.0	0.0	0.15740153	0.0	0.010618647	0.0	0.0	0.14575893	0.0	0.0	0.0	0.0	0.0	0.33043346	0.0	0.44610956	0.0	0.0	0.0	0.11625243	0.088557504	0.0016965779	0.0	0.0	0.28532448	0.012565312	0.0	0.0	0.13425113	0.08338094	0.0	0.0	0.59630996	0.28086075	0.0	0.0	0.26832595	0.0	0.03192496	0.0	0.0	0.13453442	0.0	0.0	0.0	0.0	0.290849	0.47808883	0.0	0.41257522	0.0	0.3814905	0.0	0.33034638	0.39283141	0.09565399	0.08456427	0.1889474	0.0	0.0	0.2598715	0.27284166	0.0	0.004377902	0.11727487	0.2972591	0.0	0.0	0.0
0.19423072	0.0	0.40128323	0.0	0.0	0.026163021	0.031060101	0.0	0.0	0.51033336	0.0	0.34797886	0.0	0.0	0.10744971	0.17566283	0.0	0.0	0.0	0.0	0.0	0.0	0.025002738	0.0	0.0	0.2519054	0.0	0.40859115	0.0	0.0	0.0	0.10390934	0.1767527	0.0	0.44910797	0.0	0.23067252	0.0	0.0	0.17193963	0.28377584	0.0	0.446324	0.0	0.009182901	0.43169686	0.4025741	0.0	0.0	0.16653723	0.038730927	0.34316912	0.18549125	0.38723525	0.0	0.0	0.0	0.38648367	0.0	0.0	0.0	0.15901814	0.0	0.013723265	0.0	0.0	0.11518418	0.0	0.0	0.0	0.0024963792	0.0	0.35023168	0.0	0.4739418	0.0	0.0	0.0	0.12841983	0.09936646	0.004464323	0.0	0.0	0.29129568	0.02189114	0.0	0.0	0.13415341	0.101409726	0.0	0.0	0.6205172	0.28260776	0.0	0.0	0.26696187	0.0	0.044103205	0.0	0.0	0.14659607	0.0	0.0	0.0	0.0	0.3215131	0.49743643	0.0	0.430456	0.0	0.38685498	0.0	0.33927634	0.4338083	0.086942315	0.09587207	0.19415767	0.0	0.0	0.28125218	0.27866486	0.0	0.0026013851	0.13669859	0.30512598	0.0	0.0	0.0
0.1825155	0.0	0.3294634	0.0	0.0	0.011059858	0.008839887	0.0	0.0	0.39725244	0.0	0.29604512	0.0	0.0	0.0676169	0.20774406	0.0	0.0	0.0	0.0	0.0	0.0	0.018327853	0.0	0.0	0.2117216	0.0	0.3621495	0.0	0.0	0.0	0.09257225	0.15459971	0.0	0.3841766	0.0	0.19455548	0.0	0.0	0.17146797	0.23865175	0.0	0.40023825	0.0	0.00965152	0.3778769	0.33915797	0.0	0.0	0.16613661	0.027988417	0.25893077	0.15148614	0.3067968	0.0	0.0	0.0	0.3275634	0.0	0.0	0.0	0.1691912	0.0	0.007173573	0.0	0.0	0.14673738	0.0	0.0	0.0	0.0	0.0	0.2855436	0.0	0.41733456	0.0	0.0	0.0	0.08593035	0.08566565	0.0	0.0	0.0	0.24474682	0.0	0.0	0.0	0.09868646	0.06412587	0.0	0.0	0.52771574	0.23849416	0.0	0.0	0.23500615	0.0	0.033362646	0.0	0.0	0.11316273	0.0	0.0	0.0	0.0	0.25461337	0.40913114	0.0	0.36641252	0.0	0.31904745	0.0	0.27665868	0.34075952	0.08918355	0.06141566	0.1851741	0.0	0.0	0.24609275	0.24517809	0.0	0.0	0.117699206	0.261108	0.0	0.0	0.0
0.19245642	0.0	0.43009767	0.0	0.0	0.036190104	0.047852874	0.0	0.0	0.5527037	0.0	0.3473394	0.0	0.0	0.1357616	0.16499476	0.0	0.0	0.0	0.0	0.0	0.0	0.030231172	0.0	0.0	0.26978993	0.0	0.4135542	0.0	0.0	0.0	0.106766395	0.19107442	0.0	0.45368433	0.0	0.25240377	0.0	0.0	0.1700911	0.28819442	0.0	0.45398566	0.0	0.018641008	0.45631966	0.40695247	0.0	0.0	0.15430938	0.043096095	0.35100627	0.18563235	0.40250877	0.0017147089	0.0	0.0	0.38608003	0.0	0.0	0.0	0.15032782	0.0	0.015307948	0.0	0.0	0.087501466	0.0	0.0	0.0	0.0010374164	0.0	0.37996015	0.0	0.48844823	0.0	0.0	0.0	0.15075298	0.09525621	0.02088734	0.0	0.0	0.3062881	0.03280693	0.0	0.0	0.15161481	0.10789677	0.0	0.0	0.6447272	0.29136345	0.0	0.0	0.26356015	0.0	0.041674707	0.0	0.0	0.14077707	0.0	0.0	0.0	0.0	0.3224955	0.51439697	0.0	0.4426261	0.0	0.4251193	0.0	0.3435736	0.4465278	0.10032993	0.11127788	0.20286815	0.0	0.0	0.28061745	0.27700493	0.0	0.015749546	0.15652281	0.32947293	0.0	0.0	0.0
0.15337819	0.0	0.35372332	0.0	0.0	0.013668277	0.028448403	0.0	0.0	0.39998055	0.0	0.23341568	0.0	0.0	0.08738636	0.14463077	0.0	0.0	0.0	0.0	0.0	0.0	0.01131999	0.0	0.0	0.20715432	0.0	0.31913832	0.0	0.0	0.0	0.074848466	0.16119677	0.0	0.37086144	0.0	0.21462522	0.0	0.0	0.15647626	0.22221321	0.0	0.34595168	0.0	0.019126672	0.3781859	0.3271208	0.0	0.0	0.14425053	0.027381971	0.26394948	0.19826375	0.29474267	0.0	0.0	0.0	0.3095257	0.0	0.0	0.0	0.15726517	0.0	0.008922897	0.0	0.0	0.094474934	0.0	0.0	0.0	0.005909478	0.0	0.31402493	0.0	0.394088	0.0	0.0	0.0	0.084302306	0.06574979	0.013573262	0.0	0.0	0.20974821	6.815791e-05	0.0	0.0	0.06320182	0.08688109	0.0	0.0	0.46723643	0.24441226	0.0	0.0	0.21336102	0.0	0.02545589	0.0	0.0	0.12103733	0.0	0.0	0.0	0.0	0.2270369	0.39857337	0.0	0.35663116	0.0	0.28641006	0.0	0.24531507	0.3016313	0.06209262	0.06127235	0.1751339	0.0	0.0	0.24758428	0.21240552	0.0	0.014916589	0.08907134	0.24394552	0.0	0.0	0.0
0.1282987	0.0	0.40725222	0.0	0.0	0.044433463	0.049992114	0.0	0.0	0.4628216	0.0	0.23895676	0.0013541024	0.0	0.1428721	0.11121104	0.0	0.0	0.0	0.0	0.0	0.0	0.01605693	0.0	0.0	0.24765293	0.0	0.32186264	0.0018653037	0.0	0.0	0.08242489	0.16903877	0.0	0.39533123	0.0	0.24659415	0.0	0.0	0.14126585	0.21900369	0.0	0.33751428	0.0	0.028609836	0.4125909	0.3837366	0.0	0.0	0.10864539	0.031289075	0.30321229	0.21744849	0.35332426	0.0034571688	0.0	0.005761647	0.31202468	0.0	0.0	0.0	0.13142954	0.0	0.016192427	0.0	0.0	0.040302422	0.0	0.0	0.0	0.023033353	0.0	0.3591831	0.0	0.42739972	0.0	0.021164978	0.0	0.13114059	0.07742058	0.039286707	0.0	0.0	0.2123549	0.022088176	0.0	0.0	0.06935223	0.11307301	0.0	0.0	0.50504994	0.26457047	0.0	0.0	0.21083744	0.0	0.046393514	0.0	0.0	0.115353286	0.0	0.0	0.0	0.0	0.2516215	0.44918808	0.0	0.38605472	0.0	0.33350086	0.0	0.250707	0.34531677	0.06596925	0.09164965	0.18146671	0.0	0.0	0.25672275	0.21477146	0.0	0.026257923	0.13235275	0.27694386	0.0	0.0	0.0
0.14298971	0.0003694333	0.4205822	0.0	0.0	0.048676684	0.0555934	0.0	0.0	0.48402905	0.0	0.26169202	0.0009989428	0.0	0.15148555	0.122290574	0.0	0.0	0.0	0.0	0.0	0.0	0.018297995	0.0	0.0	0.2605225	0.0	0.34135923	0.003429101	0.0	0.0	0.08139145	0.18036221	0.0	0.41053736	0.0	0.25805512	0.0	0.0	0.1528456	0.23349917	0.001236327	0.35785875	0.0	0.031095063	0.43126202	0.39118478	0.0	0.0	0.11391435	0.035570726	0.3204836	0.21262656	0.36837074	0.0050210804	0.0	0.010579714	0.32901558	0.0	0.0	0.0	0.13366193	0.0	0.017589884	0.0	0.0	0.040639788	0.0	0.0	0.0	0.024931468	0.0	0.37664735	0.0	0.44013444	0.0	0.027116867	0.0	0.1348484	0.08212217	0.04539481	0.0	0.0	0.24667048	0.027882831	0.003877975	0.0	0.080869295	0.1045132	0.0	0.0	0.52924424	0.2699322	0.0	0.0	0.21648812	0.0	0.06375579	0.0	0.0	0.121412605	0.0	0.0	0.0	0.0	0.27656737	0.46822488	0.0	0.4107209	0.0	0.35560405	0.0	0.26704308	0.37682948	0.07056122	0.100175194	0.19306445	0.0	0.0	0.266386	0.23643617	0.0	0.028615823	0.13696313	0.28733313	0.0	0.0	0.0
0.23570289	0.0	0.38285956	0.0	0.0	0.00214216	0.0	0.0	0.0	0.49583045	0.0	0.41398492	0.0	0.0	0.08421004	0.21648951	0.0	0.0	0.0	0.0	0.0	0.0	0.023756804	0.0	0.0	0.19184928	0.0	0.4522532	0.0	0.0	0.0	0.10912231	0.17351227	0.0	0.45293775	0.0	0.20346306	0.0	0.0	0.21874762	0.27973902	0.0	0.485068	0.0	0.0	0.40934685	0.3804938	0.0	0.0	0.18822493	0.021250093	0.3305978	0.15569647	0.37518975	0.0	0.0	0.0	0.4164571	0.0	0.0	0.0	0.16433711	0.0	0.004420037	0.0	0.0	0.18123503	0.0	0.0	0.0	0.0	0.0	0.30527508	0.0	0.46248707	0.0	0.0	0.0	0.10092505	0.10645222	0.0	0.0	0.0	0.31459072	0.0	0.0	0.0	0.111060284	0.09926638	0.0	0.0	0.61257035	0.30314264	0.0	0.0	0.28868267	0.0	0.015216246	0.0	0.0	0.14015363	0.0	0.0	0.0	0.0	0.33183008	0.48022196	0.0	0.4314723	0.0	0.37073502	0.0	0.3710166	0.4382397	0.072775126	0.07558004	0.16483806	0.0	0.0	0.25495514	0.31516206	0.0	0.0	0.10734027	0.30913886	0.0	0.0	0.0
0.15082647	0.0	0.4188231	0.0	0.0	0.04559204	0.048968364	0.0	0.0	0.49857047	0.0	0.26502445	0.0	0.0	0.1470031	0.14457181	0.0	0.0	0.0	0.0	0.0	0.0	0.029720536	0.0	0.0	0.2749049	0.0	0.35243085	0.0	0.0	0.0	0.08811162	0.18235123	0.0	0.40749684	0.0	0.25535038	0.0	0.0	0.1454893	0.2445507	0.0	0.38261428	0.0	0.025843749	0.44054255	0.38297406	0.0	0.0	0.12786013	0.04027995	0.31423333	0.19197996	0.36304894	0.0076358467	0.0	0.0058952905	0.33403143	0.0	0.0	0.0	0.14015932	0.0	0.014895573	0.0	0.0	0.049409673	0.0	0.0	0.0	0.006745172	0.0	0.37079343	0.0	0.4456483	0.0	0.009382603	0.0	0.13673897	0.08252441	0.03190218	0.0	0.0	0.2506393	0.028243214	0.0	0.0	0.12320888	0.09683558	0.0	0.0	0.5708508	0.26373827	0.0	0.0	0.22458233	0.0	0.054178458	0.0	0.0	0.1164436	0.0	0.0	0.0	0.0	0.27353296	0.47282	0.0	0.40325856	0.0	0.3887086	0.0	0.27170667	0.3856989	0.10373843	0.0994781	0.20640373	0.0	0.0	0.26802075	0.23407328	0.0	0.023102708	0.1467582	0.30204725	0.0	0.0	0.0
0.14008455	0.0	0.42072108	0.0	0.0	0.05616933	0.0562962	0.0	0.0	0.49511597	0.0	0.26409075	0.0028456573	0.0	0.1676458	0.11604018	0.0	0.0	0.0	0.0	0.0	0.0	0.016201107	0.0	0.0	0.26160705	0.0	0.33611798	0.00011899447	0.0	0.0	0.07586666	0.17735761	0.0	0.41378364	0.0	0.2552301	0.0	0.0	0.14788376	0.2242818	0.0027413955	0.35469517	0.0	0.030532697	0.43297276	0.3988985	0.0	0.0	0.11862751	0.03358944	0.3179445	0.2173652	0.37900078	0.008453071	0.0	0.010945217	0.33331203	0.0	0.0	0.0	0.12862918	0.0	0.020898648	0.0	0.0	0.042699825	0.0	0.0	0.0	0.020397302	0.0	0.37379226	0.0	0.44650015	0.0	0.028951228	0.0	0.13203177	0.08109953	0.04524578	0.0	0.0	0.23640825	0.030189889	0.00018159051	0.0	0.08613578	0.11165973	0.0	0.0	0.53959304	0.26980197	0.0	0.0	0.21478064	0.0	0.059022397	0.0	0.0	0.12031045	0.0	0.0	0.0	0.0	0.28286728	0.46954274	0.0	0.41314813	0.0	0.36413994	0.0	0.26597166	0.38030592	0.07338709	0.09481279	0.19538468	0.0	0.0	0.26096916	0.2308381	0.0	0.029821776	0.13650398	0.29761648	0.0	0.0	0.0
0.13309552	0.0	0.42350328	0.0	0.0	0.06346234	0.056161147	0.0	0.0	0.48532796	0.0	0.25974795	0.006956847	0.0	0.1677893	0.10755086	0.0	0.0	0.0	0.0	0.0	0.0	0.018563518	0.0	0.0	0.25193444	0.0	0.33522272	0.001333233	0.0	0.0	0.08316883	0.16574194	0.0	0.4106296	0.0	0.25687775	0.0	0.0	0.15047292	0.22949898	0.0051692906	0.35316715	0.0	0.028395176	0.42293248	0.4006945	0.0	0.0	0.113146484	0.033602707	0.31347468	0.22244458	0.37908962	0.006901664	0.0	0.0018849758	0.3252699	0.0	0.0	0.0	0.12688266	0.0	0.024499305	0.0	0.0	0.037008435	0.0	0.0	0.0	0.022763336	0.0	0.36493048	0.0	0.4377078	0.0	0.028060889	0.0	0.13570951	0.08643597	0.04553375	0.0	0.0	0.2424134	0.025901034	0.002900197	0.0	0.08245064	0.11401516	0.0	0.0	0.53226185	0.26387885	0.0	0.0	0.21656977	0.0	0.06271375	0.0	0.0	0.11593622	0.0	0.0	0.0	0.0	0.2779118	0.46361014	0.0	0.40547898	0.0	0.35593215	0.0	0.26408905	0.3843442	0.07421287	0.09276751	0.19998406	0.0	0.0	0.26844493	0.22877991	0.0	0.02867739	0.14188659	0.29058167	0.0	0.0	0.0
0.16237007	0.0	0.42826962	0.0	0.0	0.045451302	0.055602003	0.0	0.0	0.50542957	0.0	0.25912687	0.0	0.0	0.15180612	0.14638938	0.0	0.0	0.0	0.0	0.0	0.0	0.02101552	0.0	0.0	0.277223	0.0	0.35419407	0.0	0.0	0.0	0.08769999	0.18428934	0.0	0.40635785	0.0	0.26605847	0.0	0.0	0.14437869	0.24284922	0.0	0.38562348	0.0	0.026205039	0.44496456	0.3727102	0.0	0.0	0.13193674	0.039664656	0.32370007	0.20126355	0.37300244	0.0070311823	0.0	0.0111728795	0.33117235	0.0	0.0	0.0	0.13195671	0.0	0.015503265	0.0	0.0	0.05448589	0.0	0.0	0.0	0.010780222	0.0	0.38471353	0.0	0.43334886	0.0	0.017351115	0.0	0.13979922	0.07923292	0.04314618	0.0	0.0	0.251668	0.03263223	0.0	0.0	0.11862215	0.088291414	0.0	0.0	0.5657804	0.26805878	0.0	0.0	0.21865506	0.0	0.06916886	0.0	0.0	0.11511824	0.0	0.0	0.0	0.0	0.26277712	0.48461547	0.0	0.40654698	0.0	0.3975586	0.0	0.26882046	0.3845625	0.10619559	0.11247989	0.20205514	0.0	0.0	0.26720896	0.23516405	0.0	0.031161882	0.13079134	0.3019301	0.0	0.0	0.0
0.16756286	0.0	0.3670634	0.0	0.0	0.018612064	0.0356167	0.0	0.0	0.43520626	0.0	0.27204022	0.0	0.0	0.0992162	0.1467392	0.0	0.0	0.0	0.0	0.0	0.0	0.0065625473	0.0	0.0	0.2007782	0.0	0.3454039	0.0038106341	0.0	0.0	0.089560606	0.1588316	0.0	0.39648223	0.0	0.2128606	0.0	0.0	0.16272396	0.23878638	0.0	0.3790618	0.0	0.019009365	0.38754925	0.3397034	0.0	0.0	0.15869771	0.029437298	0.2954732	0.19097173	0.3203387	0.0	0.0	0.0	0.33873808	0.0	0.0	0.0	0.14719957	0.0	0.0016767755	0.0	0.0	0.10493442	0.0	0.0	0.0	0.0048624515	0.0	0.32001773	0.0	0.40603915	0.0	0.0	0.0	0.086710006	0.08568085	0.01373453	0.0	0.0	0.24088441	0.0023341365	0.0	0.0	0.07804835	0.096997164	0.0	0.0	0.50806576	0.26887318	0.0	0.0	0.23152225	0.0	0.016952964	0.0	0.0	0.1296682	0.0	0.0	0.0	0.0	0.257794	0.4282563	0.0	0.38177916	0.0	0.31012923	0.0	0.2768006	0.33492157	0.06022268	0.050739665	0.17711537	0.0	0.0	0.25367397	0.22837812	0.0	0.016480973	0.08940954	0.26782265	0.0	0.0	0.0
0.13749456	0.0	0.42452213	0.0	0.0	0.043577805	0.05562842	0.0	0.0	0.49524498	0.0	0.2674877	0.0041831126	0.0	0.15144415	0.112307034	0.0	0.0	0.0	0.0	0.0	0.0	0.017730221	0.0	0.0	0.2572809	0.0	0.33774567	0.0026576135	0.0	0.0	0.08238826	0.1792336	0.0	0.42854914	0.0	0.24752645	0.0	0.0	0.1522522	0.23631704	0.0	0.35435537	0.0	0.029639551	0.43292785	0.40271637	0.0	0.0	0.113137774	0.03394988	0.33000642	0.22352426	0.37244236	0.0022668391	0.0	0.009760545	0.347579	0.0	0.0	0.0	0.13810773	0.0	0.0139975	0.0	0.0	0.04695985	0.0	0.0	0.0	0.02015284	0.0	0.38458848	0.0	0.44604897	0.0	0.02960979	0.0	0.1260963	0.07875837	0.04215009	0.0	0.0	0.23897915	0.026618531	0.0	0.0	0.07450257	0.11860114	0.0	0.0	0.53860384	0.2849805	0.0	0.0	0.21732615	0.0	0.05016954	0.0	0.0	0.13323873	0.0	0.0	0.0	0.0	0.29315862	0.4735806	0.0	0.41754904	0.0	0.3463396	0.0	0.27509007	0.38721946	0.062728256	0.09174464	0.1813546	0.0	0.0	0.2668161	0.23928155	0.0	0.03083139	0.124491625	0.3016902	0.0	0.0	0.0
0.26520696	0.0	0.37232614	0.0	0.0	0.0	0.0	0.0	0.0	0.47468996	0.0	0.35757625	0.0	0.0	0.060771775	0.26354456	0.0	0.0	0.0	0.0	0.0	0.0	0.00077684346	0.0	0.0	0.21055484	0.0	0.44253823	0.0	0.0	0.0	0.085326485	0.1759097	0.0	0.40225825	0.0	0.23073375	0.0	0.0	0.18970184	0.2695015	0.0	0.49609116	0.0	0.0	0.40544546	0.2916588	0.0	0.0	0.24211828	0.030108556	0.29193357	0.12883323	0.33474633	0.0	0.0	0.0	0.37321815	0.0	0.0	0.0	0.16586553	0.0	0.0038891137	0.0	0.0	0.22063957	0.0	0.0	0.0	0.0	0.0	0.31009743	0.0	0.40747452	0.0	0.0	0.0	0.10368738	0.0777899	0.0	0.0	0.0	0.30358273	0.0	0.0	0.0	0.1651373	0.03492126	0.0	0.0	0.60313433	0.26745605	0.0	0.0	0.267676	0.0	0.03429715	0.0	0.0	0.11559269	0.0	0.0	0.0	0.0	0.2329011	0.4818345	0.0	0.38888648	0.0	0.41003165	0.0	0.321371	0.35012242	0.15225212	0.08716911	0.20691817	0.0	0.0	0.23666228	0.25536868	0.0	0.0037832216	0.08135671	0.28193572	0.0	0.0	0.0
0.13187166	0.0	0.41124097	0.0	0.0	0.043399837	0.055582244	0.0	0.0	0.46525612	0.0	0.25142667	0.0	0.0	0.14146297	0.10774735	0.0	0.0	0.0	0.0	0.0	0.0	0.017356304	0.0	0.0	0.24224675	0.0	0.32411876	0.0014566369	0.0	0.0	0.07611818	0.17038226	0.0	0.41212454	0.0	0.24311928	0.0	0.0	0.15089189	0.22644241	0.0	0.34172115	0.0	0.028654113	0.41576436	0.39413178	0.0	0.0	0.1141297	0.03270643	0.31348777	0.22101998	0.35875782	0.0	0.0	0.00553265	0.3315929	0.0	0.0	0.0	0.13298678	0.0	0.012833081	0.0	0.0	0.04003283	0.0	0.0	0.0	0.018159254	0.0	0.36483884	0.0	0.42691442	0.0	0.02343069	0.0	0.11906344	0.08044431	0.040827185	0.0	0.0	0.2273445	0.019702276	0.0	0.0	0.071811706	0.115505	0.0	0.0	0.511314	0.26778686	0.0	0.0	0.21427834	0.0	0.0474019	0.0	0.0	0.12029192	0.0	0.0	0.0	0.0	0.26841673	0.45460185	0.0	0.3988928	0.0	0.3311071	0.0	0.2647834	0.36318788	0.06694978	0.08450397	0.18225972	0.0	0.0	0.27402636	0.22203867	0.0	0.02967	0.115977824	0.28300777	0.0	0.0	0.0
0.23067884	0.0	0.4112376	0.0	0.0	0.019417563	0.04107598	0.0	0.0	0.5324268	0.0	0.35826936	0.0	0.0	0.11290016	0.18118443	0.0	0.0	0.0	0.0	0.0	0.0	0.0041523925	0.0	0.0	0.22707093	0.0	0.4397651	0.0	0.0	0.0	0.1008491	0.18391109	0.0	0.44939983	0.0	0.25142154	0.0	0.0	0.18227006	0.27367458	0.0	0.46718344	0.0	0.011516135	0.42953083	0.37118617	0.0	0.0	0.19692852	0.04298919	0.34381494	0.17581403	0.39273167	0.0	0.0	0.0	0.41116568	0.0	0.0	0.0	0.1525621	0.0	0.008931815	0.0	0.0	0.14288987	0.0	0.0	0.0	0.004724028	0.0	0.36407658	0.0	0.4603479	0.0	0.0	0.0	0.12111732	0.094507456	0.012122818	0.0	0.0	0.30984035	0.025935916	0.0	0.0	0.13302942	0.093346514	0.0	0.0	0.61505085	0.3072602	0.0	0.0	0.27610072	0.0	0.033532154	0.0	0.0	0.14826103	0.0	0.0	0.0	0.0	0.3083249	0.51180905	0.0	0.42399445	0.0	0.40535113	0.0	0.34922683	0.41090786	0.08488768	0.08545347	0.19044606	0.0	0.0	0.25573608	0.27423507	0.0	0.0164019	0.10967087	0.30993655	0.0	0.0	0.0
0.17653762	0.0	0.3543028	0.0	0.0	0.01047906	0.02538012	0.0	0.0	0.40449777	0.0	0.26026496	0.0	0.0	0.082356155	0.1603807	0.0	0.0	0.0	0.0	0.0	0.0	0.013067204	0.0	0.0	0.20110226	0.0	0.3313968	0.0	0.0	0.0	0.08282519	0.15949433	0.0	0.3874513	0.0	0.2111382	0.0	0.0	0.1692816	0.22532392	0.0	0.36551765	0.0	0.016321318	0.38180396	0.32576117	0.0	0.0	0.15266596	0.024370223	0.27857438	0.1867795	0.303569	0.0	0.0	0.0	0.33185115	0.0	0.0	0.0	0.1622607	0.0	0.0018341629	0.0	0.0	0.1119591	0.0	0.0	0.0	0.0	0.0	0.31346598	0.0	0.40047327	0.0	0.0	0.0	0.07072876	0.07600301	0.008871232	0.0	0.0	0.22159529	0.0	0.0	0.0	0.06889835	0.085873134	0.0	0.0	0.4789866	0.26018068	0.0	0.0	0.22494917	0.0	0.025250793	0.0	0.0	0.1263064	0.0	0.0	0.0	0.0	0.24345922	0.4077178	0.0	0.36252442	0.0	0.290843	0.0	0.26514375	0.32290533	0.056814775	0.06080532	0.1628886	0.0	0.0	0.24501842	0.2294088	0.0	0.013835918	0.08396745	0.25762987	0.0	0.0	0.0
0.15576106	0.0	0.38931766	0.0	0.0	0.03514653	0.042377453	0.0	0.0	0.470975	0.0	0.280406	0.0	0.0	0.117479436	0.14524114	0.0	0.0	0.0	0.0	0.0	0.0	0.02038021	0.0	0.0	0.24575102	0.0	0.3474082	0.0	0.0	0.0	0.08900467	0.17758222	0.0	0.40958455	0.0	0.22970527	0.0	0.0	0.1447148	0.24474384	0.0	0.37895444	0.0	0.023105746	0.4234405	0.37841746	0.0	0.0	0.13766704	0.036249414	0.30637297	0.19227926	0.339576	0.0026489794	0.0	9.905547e-05	0.33358368	0.0	0.0	0.0	0.15218464	0.0	0.012716	0.0	0.0	0.06985045	0.0	0.0	0.0	0.014537245	0.0	0.34759307	0.0	0.4433012	0.0	0.0	0.0	0.13717957	0.07710331	0.021722525	0.0	0.0	0.2433121	0.024523789	0.0	0.0	0.10745237	0.10632813	0.0	0.0	0.55399305	0.26338366	0.0	0.0	0.23170352	0.0	0.037923694	0.0	0.0	0.12998612	0.0	0.0	0.0	0.0	0.28377542	0.44757167	0.0	0.399269	0.0	0.34781435	0.0	0.28413582	0.37395152	0.08335028	0.086654685	0.19756734	0.0	0.0	0.25903425	0.23954009	0.0	0.013918388	0.13697498	0.28710675	0.0	0.0	0.0
0.1328082	0.0	0.41379306	0.0	0.0	0.056854684	0.054397702	0.0	0.0	0.48472118	0.0	0.27028295	0.0022435754	0.0	0.14648993	0.13129093	0.0	0.0	0.0	0.0	0.0	0.0	0.025530785	0.0	0.0	0.27072048	0.0	0.3397107	0.0009832047	0.0	0.0	0.087465115	0.17798425	0.0	0.4124774	0.0	0.256393	0.0	0.0	0.1426775	0.24530096	0.0	0.36005625	0.0	0.02803812	0.43208912	0.40548754	0.0	0.0	0.11773036	0.038519613	0.31205174	0.20290293	0.36360148	0.0036318824	0.0	0.0044524632	0.33058694	0.0	0.0	0.0	0.14282106	0.0	0.015398945	0.0	0.0	0.039522994	0.0	0.0	0.0	0.011060367	0.0	0.36738977	0.0	0.45538226	0.0	0.011588165	0.0	0.14656024	0.084521055	0.03659146	0.0	0.0	0.24603279	0.032752804	0.0	0.0	0.10506382	0.10649524	0.0	0.0	0.5603321	0.26663348	0.0	0.0	0.2251996	0.0	0.049524765	0.0	0.0	0.12252363	0.0	0.0	0.0	0.0	0.28510264	0.4619999	0.0	0.40174785	0.0	0.36620402	0.0	0.27447206	0.38710237	0.086809784	0.098849	0.20448792	0.0	0.0	0.27031645	0.23489268	0.0	0.024023704	0.15653728	0.29814634	0.0	0.0	0.0
0.194977	0.0	0.3625182	0.0	0.0	0.014703813	0.03819877	0.0	0.0	0.4517541	0.0	0.2832246	0.0	0.0	0.088100284	0.20626591	0.0	0.0	0.0	0.0	0.0	0.0	0.015781661	0.0	0.0	0.251232	0.0	0.36843935	0.0	0.0	0.0	0.083028406	0.17629834	0.0	0.38856825	0.0	0.23780079	0.0	0.0	0.15376341	0.2541155	0.0	0.41628018	0.0	0.011113615	0.40310982	0.33238712	0.0	0.0	0.19070716	0.047478016	0.27045622	0.1551374	0.32154992	0.0	0.0	0.0	0.34288558	0.0	0.0	0.0	0.16846001	0.0	0.009896477	0.0	0.0	0.13545537	0.0	0.0	0.0	0.0	0.0	0.33691975	0.0	0.43270683	0.0	0.0	0.0	0.09723556	0.067547046	0.013903551	0.0	0.0	0.2665743	0.0110420035	0.0	0.0	0.14364262	0.057275582	0.0	0.0	0.5696344	0.24080019	0.0	0.0	0.23695393	0.0	0.040031213	0.0	0.0	0.120084226	0.0	0.0	0.0	0.0	0.24243534	0.44767714	0.0	0.36686054	0.0	0.37797466	0.0	0.27671504	0.34001625	0.12582509	0.08949411	0.20865975	0.0	0.0	0.25275615	0.22730638	0.0	0.014655924	0.10996837	0.2718801	0.0	0.0	0.0
0.18045093	0.0	0.4006419	0.0	0.0	0.01737911	0.03388763	0.0	0.0	0.48654208	0.0	0.30063286	0.0	0.0	0.116086714	0.14160873	0.0	0.0	0.0	0.0	0.0	0.0	0.017542912	0.0	0.0	0.22379799	0.0	0.37407467	0.004546754	0.0	0.0	0.10218514	0.17416573	0.0	0.41927433	0.0	0.23514317	0.0	0.0	0.18716401	0.2667448	0.0	0.40700886	0.0	0.020373622	0.40664682	0.37026188	0.0	0.0	0.14094353	0.021516494	0.3258498	0.19521554	0.35939923	0.0	0.0	0.0	0.3596579	0.0	0.0	0.0	0.16669111	0.0	0.0142666	0.0	0.0	0.10462889	0.0	0.0	0.0	0.01017229	0.0	0.34915748	0.0	0.4428515	0.0	0.0	0.0	0.09967389	0.09168771	0.01653167	0.0	0.0	0.2621125	0.010477346	0.0	0.0	0.079741575	0.10439684	0.0	0.0	0.54296255	0.2863385	0.0	0.0	0.24491076	0.0	0.0316546	0.0	0.0	0.14556527	0.0	0.0	0.0	0.0	0.29609087	0.4706253	0.0	0.41705146	0.0	0.33733347	0.0	0.31517342	0.39046338	0.055773754	0.078800134	0.16453782	0.0	0.0	0.26431873	0.26195365	0.0	0.010952249	0.09735311	0.28087094	0.0	0.0	0.0
0.18963726	0.0	0.34963652	0.0	0.0	0.011159061	0.013777122	0.0	0.0	0.42655468	0.0	0.30228233	0.0	0.0	0.07687064	0.18790632	0.0	0.0	0.0	0.0	0.0	0.0	0.009465202	0.0	0.0	0.19079249	0.0	0.37164608	0.0	0.0	0.0	0.0919101	0.15920971	0.0	0.397931	0.0	0.20445383	0.0	0.0	0.18210822	0.23927492	0.0	0.40674356	0.0	0.008957491	0.3816719	0.33572292	0.0	0.0	0.17247719	0.02544335	0.2781733	0.1636598	0.31270394	0.0	0.0	0.0	0.3487871	0.0	0.0	0.0	0.16036174	0.0	0.0007601343	0.0	0.0	0.14276953	0.0	0.0	0.0	0.0	0.0	0.29732192	0.0	0.41094992	0.0	0.0	0.0	0.07839807	0.091905914	0.0	0.0	0.0	0.25051084	0.0	0.0	0.0	0.08577716	0.08103495	0.0	0.0	0.5166952	0.27047995	0.0	0.0	0.24773307	0.0	0.01673238	0.0	0.0	0.1288713	0.0	0.0	0.0	0.0	0.26056376	0.42507735	0.0	0.3761029	0.0	0.3159121	0.0	0.29140496	0.34306073	0.063248046	0.056874156	0.16338849	0.0	0.0	0.24513058	0.24415134	0.0	0.0035259891	0.0945996	0.2663541	0.0	0.0	0.0
0.21152271	0.0058887745	0.3334259	0.0	0.0	0.026831338	0.0	0.0	0.0	0.3584917	0.0	0.26980767	0.0	0.0	0.031848926	0.32019386	0.0	0.0	0.0	0.0	0.0	0.0	0.016312063	0.0	0.0	0.26176813	0.0	0.386598	0.0	0.0	0.0	0.09036392	0.15840009	0.0	0.3200085	0.0	0.22254963	0.0	0.0	0.14842413	0.27230766	0.0	0.45363352	0.0	0.0	0.3851713	0.26047656	0.0	0.0	0.2112213	0.061359983	0.19802149	0.09601774	0.25727126	0.0	0.0	0.0	0.28174183	0.0	0.0	0.0	0.18721187	0.0	0.011277447	0.0	0.0	0.20543702	0.0	0.0	0.0	0.0	0.0	0.28576505	0.0	0.37304488	0.0	0.0	0.0	0.13168168	0.09098834	0.0	0.0	0.0	0.26808167	0.0	0.0	0.0	0.18401317	0.016201137	0.0	0.0	0.5811061	0.16205229	0.0	0.0	0.22337174	0.0	0.06994624	0.0	0.0	0.07435498	0.0	0.0	0.0	0.0	0.14860858	0.40703854	0.0	0.31040654	0.0	0.3957294	0.0	0.23755254	0.29499444	0.2485352	0.107679926	0.23387267	0.0	0.0	0.23907661	0.2157652	0.0	0.0	0.14138888	0.23608144	0.0	0.0	0.0
0.10351831	0.0021882348	0.30464116	0.0	0.0	0.037387002	0.0	0.0	0.0	0.27996004	0.0	0.16471778	0.0	0.0	0.044530645	0.22378282	0.0	0.0	0.0	0.0	0.0	0.0	0.030530253	0.0	0.0	0.22763675	0.0	0.27431968	0.0	0.0	0.0	0.074356265	0.14826198	0.0	0.29135898	0.0	0.19566454	0.0	0.0	0.14118038	0.21755093	0.0	0.31058624	0.0	0.0043320186	0.34760335	0.2902656	0.0	0.0	0.12094345	0.042358983	0.1776791	0.15240444	0.21603231	0.0	0.0	0.0	0.23662603	0.0	0.0	0.0	0.17628072	0.0	0.0025882896	0.0	0.0	0.10715097	0.0	0.0	0.0	0.0066638975	0.0	0.26250878	0.0	0.3487109	0.0	0.0	0.0	0.09773054	0.07881635	0.0	0.0	0.0	0.17542796	0.0	0.0	0.0	0.0823009	0.051144958	0.0	0.0	0.4223235	0.15301304	0.0	0.0	0.17533799	0.0	0.054803953	0.0	0.0	0.07428344	0.0	0.0	0.0	0.0	0.14022027	0.32796338	0.0	0.2922424	0.0	0.2589983	0.0	0.17030175	0.23934579	0.13445312	0.05399251	0.20167792	0.0	0.0	0.25406516	0.16986434	0.0	0.0	0.11919421	0.19692634	0.0	0.0	0.0
0.13247024	0.0	0.3064433	0.0	0.0	0.025340632	0.0	0.0	0.0	0.29481184	0.0	0.20388067	0.0	0.0	0.042429134	0.23133753	0.0	0.0	0.0	0.0	0.0	0.0	0.02919125	0.0	0.0	0.2155813	0.0	0.29548737	0.0	0.0	0.0	0.0825939	0.1428379	0.0	0.3058085	0.0	0.1830803	0.0	0.0	0.14788072	0.22391616	0.0	0.34207162	0.0	0.0	0.34998992	0.2897584	0.0	0.0	0.1396798	0.03666244	0.19293065	0.13914104	0.22282319	0.0	0.0	0.0	0.25145283	0.0	0.0	0.0	0.17354728	0.0	0.0015701652	0.0	0.0	0.13186626	0.0	0.0	0.0	0.00042542318	0.0	0.25767255	0.0	0.35396478	0.0	0.0	0.0	0.09583186	0.07807976	0.0	0.0	0.0	0.19526394	0.0	0.0	0.0	0.08583524	0.046554353	0.0	0.0	0.44171003	0.1712852	0.0	0.0	0.19123584	0.0	0.047589332	0.0	0.0	0.0804404	0.0	0.0	0.0	0.0	0.16094196	0.33183572	0.0	0.30383033	0.0	0.26823375	0.0	0.19484083	0.25836506	0.13026689	0.053992268	0.19466358	0.0	0.0	0.24824588	0.19173908	0.0	0.0	0.115143396	0.20471436	0.0	0.0	0.0
0.13664098	0.0	0.322125	0.0	0.0	0.03027455	0.0	0.0	0.0	0.2989767	0.0	0.2012651	0.0	0.0	0.039654803	0.224752	0.0	0.0	0.0	0.0	0.0	0.0	0.029093275	0.0	0.0	0.23330633	0.0	0.29440692	0.0	0.0	0.0	0.08412772	0.14238644	0.0	0.307832	0.0	0.19272487	0.0	0.0	0.14463519	0.23220265	0.0	0.34102204	0.0	0.0017776638	0.35396433	0.28966776	0.0	0.0	0.13482958	0.031870455	0.19612896	0.14685783	0.22302186	0.0	0.0	0.0	0.24817173	0.0	0.0	0.0	0.17850804	0.0	0.0047234953	0.0	0.0	0.1321286	0.0	0.0	0.0	0.0024139013	0.0	0.26531085	0.0	0.35693455	0.0	0.0	0.0	0.09515657	0.08118445	0.0	0.0	0.0	0.1951623	0.0	0.0	0.0	0.087130964	0.039634675	0.0	0.0	0.45002496	0.17385109	0.0	0.0	0.18841612	0.0	0.058128122	0.0	0.0	0.0855586	0.0	0.0	0.0	0.0	0.16337474	0.3436357	0.0	0.30661798	0.0	0.2741693	0.0	0.1925952	0.26684734	0.13765208	0.059607923	0.19300972	0.0	0.0	0.251123	0.19635522	0.0	0.0	0.12219492	0.20757051	0.0	0.0	0.0
0.14302903	0.024939438	0.32072404	0.0	0.0	0.05305466	0.0	0.0	0.0	0.32656404	0.0	0.20866664	0.0	0.0	0.045627464	0.2550112	0.0	0.0	0.0	0.0	0.0	0.0	0.02344741	0.0	0.0	0.26614428	0.0	0.3235884	0.0	0.0	0.0	0.0901793	0.15559125	0.0	0.31803808	0.0	0.2161392	0.0	0.0	0.13685556	0.25175467	0.0	0.3805896	0.0	0.002487488	0.37546155	0.29067633	0.0	0.0	0.14401181	0.06139621	0.18740927	0.13680148	0.23946004	0.0	0.0	0.0	0.25269267	0.0	0.0	0.0	0.18652005	0.0	0.009400086	0.0	0.0	0.13379674	0.0	0.0	0.0	0.009066143	0.0	0.2835423	0.0	0.37157133	0.0	0.0	0.0	0.11064588	0.09114584	0.0	0.0	0.0	0.22221597	0.0	0.0	0.0	0.13675286	0.036104843	0.0	0.0	0.5039868	0.16219814	0.0	0.0	0.20517762	0.0	0.06952414	0.0	0.0	0.084161304	0.0	0.0	0.0	0.0	0.16712022	0.36956206	0.0	0.30620313	0.0	0.33027557	0.0	0.19978642	0.29271188	0.19057919	0.09476224	0.22032447	0.0	0.0	0.24101855	0.20200722	0.0	0.0	0.16412257	0.22475684	0.0	0.0028062426	0.0
0.17990118	0.0	0.3169113	0.0	0.0	0.004027887	0.0	0.0	0.0	0.3019831	0.0	0.18627204	0.0	0.0	0.025891105	0.2614789	0.0	0.0	0.0	0.0	0.0	0.0	0.025043944	0.0	0.0	0.23283082	0.0	0.31199777	0.0	0.0	0.0	0.09018449	0.13130175	0.0	0.2834711	0.0	0.19689202	0.0	0.0	0.14406556	0.2332434	0.0	0.38005397	0.0	0.0	0.34736145	0.24071689	0.0	0.0	0.17547417	0.042805687	0.19146495	0.12299322	0.22327243	0.0	0.0	0.0	0.2441144	0.0	0.0	0.0	0.17407148	0.0	0.0054546297	0.0	0.0	0.18211119	0.0	0.0	0.0	0.0	0.0	0.24785316	0.0	0.3133357	0.0	0.0	0.0	0.09843174	0.08358196	0.0	0.0	0.0	0.21815316	0.0	0.0	0.0	0.117806174	0.018607093	0.0	0.0	0.46464196	0.1500258	0.0	0.0	0.18599291	0.0	0.06310948	0.0	0.0	0.070409514	0.0	0.0	0.0	0.0	0.11304883	0.35246482	0.0	0.2961576	0.0	0.31676698	0.0	0.19259512	0.23758467	0.17517845	0.062835574	0.2032789	0.0	0.0	0.2598255	0.18911771	0.0	0.0	0.0722244	0.19668083	0.0	0.0	0.0
0.18336631	0.0	0.32271984	0.0	0.0	0.017033773	0.0	0.0	0.0	0.33944193	0.0	0.25724182	0.0	0.0	0.036416546	0.26098248	0.0	0.0	0.0	0.0	0.0	0.0	0.022007963	0.0	0.0	0.22506128	0.0	0.34348473	0.0	0.0	0.0	0.08748344	0.14465553	0.0	0.33181104	0.0	0.19220483	0.0	0.0	0.1580499	0.2536659	0.0	0.4071062	0.0	0.0	0.3675603	0.2863614	0.0	0.0	0.17542064	0.037009653	0.21805815	0.12489996	0.25291616	0.0	0.0	0.0	0.28237262	0.0	0.0	0.0	0.17985763	0.0	0.003982051	0.0	0.0	0.17216355	0.0	0.0	0.0	0.0	0.0	0.2683519	0.0	0.36777115	0.0	0.0	0.0	0.11114851	0.08444804	0.0	0.0	0.0	0.23517732	0.0	0.0	0.0	0.12090575	0.025445202	0.0	0.0	0.51409435	0.18113704	0.0	0.0	0.21382058	0.0	0.0486742	0.0	0.0	0.08617363	0.0	0.0	0.0	0.0	0.17211282	0.37344202	0.0	0.319854	0.0	0.32607117	0.0	0.23274772	0.28918406	0.16426443	0.072579406	0.20169075	0.0	0.0	0.2495048	0.21948628	0.0	0.0	0.122103274	0.22586578	0.0	0.0	0.0
0.10073769	0.0	0.297627	0.0	0.0	0.022366822	0.0	0.0	0.0	0.26161218	0.0	0.14855431	0.0	0.0	0.040392984	0.22369032	0.0	0.0	0.0	0.0	0.0	0.0	0.02566111	0.0	0.0	0.21194427	0.0	0.26323953	0.0	0.0	0.0	0.0645841	0.1457702	0.0	0.27515996	0.0	0.19345577	0.0	0.0	0.14044678	0.20197217	0.0	0.29872343	0.0	0.0029742531	0.33273494	0.27696136	0.0	0.0	0.13056423	0.041151453	0.16840722	0.15360934	0.20024562	0.0	0.0	0.0	0.22387767	0.0	0.0	0.0	0.1687888	0.0	0.0	0.0	0.0	0.11215516	0.0	0.0	0.0	0.003858257	0.0	0.25713715	0.0	0.33004597	0.0	0.0	0.0	0.090267636	0.07249417	0.0	0.0	0.0	0.16366494	0.0	0.0	0.0	0.07040832	0.043617547	0.0	0.0	0.39445245	0.15135579	0.0	0.0	0.16863734	0.0	0.048073318	0.0	0.0	0.07054462	0.0	0.0	0.0	0.0	0.118725084	0.31011927	0.0	0.28352952	0.0	0.23699242	0.0	0.14649965	0.20703387	0.13324715	0.043293092	0.19851124	0.0	0.0	0.25117522	0.15690248	0.0	0.0	0.10215085	0.18041308	0.0	0.0	0.0
0.121511795	0.0	0.3100768	0.0	0.0	0.024954548	0.0	0.0	0.0	0.29516208	0.0	0.19520575	0.0	0.0	0.043242633	0.21989936	0.0	0.0	0.0	0.0	0.0	0.0	0.027301284	0.0	0.0	0.21344413	0.0	0.28731424	0.0	0.0	0.0	0.07727326	0.14475656	0.0	0.3071932	0.0	0.18575524	0.0	0.0	0.14814878	0.21780132	0.0	0.33061156	0.0	0.0010625459	0.3488226	0.2943422	0.0	0.0	0.12991923	0.03451672	0.1906565	0.15300463	0.22065477	0.0	0.0	0.0	0.24957459	0.0	0.0	0.0	0.17034395	0.0	0.00075028586	0.0	0.0	0.12209471	0.0	0.0	0.0	0.0035454903	0.0	0.259455	0.0	0.35218522	0.0	0.0	0.0	0.09554247	0.07512925	0.0	0.0	0.0	0.18608628	0.0	0.0	0.0	0.076799534	0.057951134	0.0	0.0	0.43134955	0.17354934	0.0	0.0	0.19058745	0.0	0.04484579	0.0	0.0	0.08362651	0.0	0.0	0.0	0.0	0.15984063	0.3291859	0.0	0.30195343	0.0	0.2577581	0.0	0.18834962	0.24968247	0.12193731	0.04793015	0.18965779	0.0	0.0	0.24818611	0.18738574	0.0	0.0	0.11354361	0.2019972	0.0	0.0	0.0
0.14477134	0.008446982	0.3346784	0.0	0.0	0.046262253	0.0	0.0	0.0	0.34119412	0.0	0.23176093	0.0	0.0	0.051078558	0.23801251	0.0	0.0	0.0	0.0	0.0	0.0	0.035286736	0.0	0.0	0.25866708	0.0	0.32714367	0.0	0.0	0.0	0.10449403	0.14873512	0.0	0.33719644	0.0	0.20563142	0.0	0.0	0.15171663	0.2626845	0.0	0.37927964	0.0	0.0	0.38379213	0.31464878	0.0	0.0	0.12807076	0.03884113	0.21361671	0.14346807	0.2579753	0.0	0.0	0.0	0.27265653	0.0	0.0	0.0	0.18487918	0.0	0.010557044	0.0	0.0	0.126431	0.0	0.0	0.0	0.0040921643	0.0	0.28725502	0.0	0.3897169	0.0	0.0	0.0	0.11765847	0.0978998	0.0	0.0	0.0	0.22866178	0.0	0.0	0.0	0.11784162	0.05406776	0.0	0.0	0.5137012	0.18148358	0.0	0.0	0.2084889	0.0	0.06176536	0.0	0.0	0.094984494	0.0	0.0	0.0	0.0	0.19757362	0.3781778	0.0	0.32971048	0.0	0.32605937	0.0	0.23110133	0.32222998	0.15955363	0.08770961	0.20838873	0.0	0.0	0.2532455	0.22549222	0.0	0.0	0.15505846	0.23643504	0.0	0.0	0.0
0.13441326	0.0	0.32011142	0.0	0.0	0.03282674	0.0	0.0	0.0	0.3198326	0.0	0.22254024	0.0	0.0	0.051631734	0.23799144	0.0	0.0	0.0	0.0	0.0	0.0	0.024041196	0.0	0.0	0.23703855	0.0	0.3192958	0.0	0.0	0.0	0.090988494	0.15392159	0.0	0.32236993	0.0	0.19782667	0.0	0.0	0.1516022	0.24666329	0.0	0.36390877	0.0	0.0	0.36246812	0.3070858	0.0	0.0	0.13413541	0.03986428	0.1961487	0.13608368	0.24099429	0.0	0.0	0.0	0.26804173	0.0	0.0	0.0	0.18206187	0.0	0.010460857	0.0	0.0	0.13278905	0.0	0.0	0.0	0.0016012465	0.0	0.27051583	0.0	0.37279105	0.0	0.0	0.0	0.10999254	0.08646649	0.0	0.0	0.0	0.2075377	0.0	0.0	0.0	0.100187905	0.047636952	0.0	0.0	0.48628327	0.18056262	0.0	0.0	0.20990081	0.0	0.052877557	0.0	0.0	0.08472165	0.0	0.0	0.0	0.0	0.18225604	0.363219	0.0	0.3167104	0.0	0.2993901	0.0	0.21936606	0.29289043	0.14352651	0.0760394	0.20125662	0.0	0.0	0.24752124	0.20732145	0.0	0.0	0.14224334	0.22055082	0.0	0.0	0.0
0.13721107	0.0	0.3085618	0.0	0.0	0.02416546	0.0	0.0	0.0	0.2797978	0.0	0.18251942	0.0	0.0	0.030650983	0.23738106	0.0	0.0	0.0	0.0	0.0	0.0	0.028968446	0.0	0.0	0.22765994	0.0	0.28988114	0.0	0.0	0.0	0.08809828	0.14334406	0.0	0.29453945	0.0	0.19456144	0.0	0.0	0.14816803	0.23355435	0.0	0.33978924	0.0	0.0	0.34761944	0.2742833	0.0	0.0	0.13509566	0.03535679	0.19379546	0.1467657	0.21766233	0.0	0.0	0.0	0.24446213	0.0	0.0	0.0	0.17682815	0.0	0.0011497835	0.0	0.0	0.13920431	0.0	0.0	0.0	0.0034003768	0.0	0.26616126	0.0	0.3418908	0.0	0.0	0.0	0.09617113	0.0834047	0.0	0.0	0.0	0.19954889	0.0	0.0	0.0	0.0817899	0.032969195	0.0	0.0	0.43446967	0.16022807	0.0	0.0	0.17997241	0.0	0.05436695	0.0	0.0	0.079308145	0.0	0.0	0.0	0.0	0.14057124	0.33180895	0.0	0.30122185	0.0	0.26841202	0.0	0.1813926	0.24490307	0.14219141	0.057783503	0.19683385	0.0	0.0	0.25317162	0.190876	0.0	0.0	0.103566624	0.19886975	0.0	0.0	0.0
0.2799234	0.0	0.36277795	0.0	0.0	0.0	0.0	0.0	0.0	0.40050426	0.0	0.32479146	0.0	0.0	0.022858331	0.39057517	0.0	0.0	0.0	0.0	0.0	0.0	0.017926894	0.0	0.0	0.25331813	0.0	0.4651539	0.0	0.0	0.0	0.10040676	0.16247769	0.0	0.3137448	0.0	0.24572706	0.0	0.0	0.19723098	0.30932394	0.0	0.544616	0.0	0.0	0.3744389	0.2486595	0.0	0.0	0.25534058	0.068208836	0.2251663	0.0518551	0.303265	0.0	0.0	0.0	0.31610465	0.0	0.0	0.0	0.19986658	0.0	0.03252923	0.0	0.0	0.29531	0.0	0.0	0.0	0.0	0.0	0.30089596	0.0	0.37360105	0.0	0.0	0.0	0.15649585	0.09023646	0.0	0.0	0.0	0.3159964	0.0	0.0	0.0	0.21232341	0.008128402	0.0	0.0	0.64144784	0.17319266	0.0	0.0	0.245483	0.0	0.08084767	0.0	0.0	0.082244575	0.0	0.0	0.0	0.0	0.120935895	0.48507413	0.0	0.32794368	0.0	0.4468666	0.0	0.27847695	0.3168025	0.28773078	0.13824578	0.22146474	0.0	0.0	0.25519773	0.24151261	0.0	0.0	0.10189602	0.22455394	0.0	0.0	0.0
0.10923335	0.0	0.30924404	0.0	0.0	0.02957665	0.0	0.0	0.0	0.2881378	0.0	0.17287351	0.0	0.0	0.04729569	0.219137	0.0	0.0	0.0	0.0	0.0	0.0	0.027585924	0.0	0.0	0.22059505	0.0	0.27829763	0.0	0.0	0.0	0.0772394	0.14596845	0.0	0.29518715	0.0	0.19102287	0.0	0.0	0.14375359	0.21656014	0.0	0.31858054	0.0	0.0008914781	0.34758297	0.29059914	0.0	0.0	0.12593848	0.03519133	0.18148744	0.15134637	0.21393885	0.0	0.0	0.0	0.23911285	0.0	0.0	0.0	0.17309354	0.0	0.0	0.0	0.0	0.11218545	0.0	0.0	0.0	0.0028874576	0.0	0.26143488	0.0	0.3496662	0.0	0.0	0.0	0.09920284	0.08069388	0.0	0.0	0.0	0.17988281	0.0	0.0	0.0	0.08076178	0.052829903	0.0	0.0	0.42420474	0.16433732	0.0	0.0	0.18084894	0.0	0.047548607	0.0	0.0	0.080624945	0.0	0.0	0.0	0.0	0.14928013	0.3271785	0.0	0.29886806	0.0	0.25868022	0.0	0.17819583	0.24095184	0.12910314	0.05280171	0.19932169	0.0	0.0	0.251351	0.17234628	0.0	0.0	0.11820438	0.19663024	0.0	0.0	0.0
0.16621184	0.012240939	0.32077137	0.0	0.0	0.028123448	0.0	0.0	0.0	0.31200024	0.0	0.2166525	0.0	0.0	0.032272603	0.26230687	0.0	0.0	0.0	0.0	0.0	0.0	0.024783587	0.0	0.0	0.24763341	0.0	0.3297626	0.0	0.0	0.0	0.088806845	0.15308584	0.0	0.31377319	0.0	0.21021108	0.0	0.0	0.14471728	0.25288293	0.0	0.38365248	0.0	0.0	0.36922574	0.27581683	0.0	0.0	0.15724948	0.046964586	0.19702916	0.13055934	0.23974867	0.0	0.0	0.0	0.26409227	0.0	0.0	0.0	0.18529713	0.0	0.012443579	0.0	0.0	0.15456404	0.0	0.0	0.0	0.004268927	0.0	0.27914897	0.0	0.35755858	0.0	0.0	0.0	0.105042644	0.08696964	0.0	0.0	0.0	0.22380145	0.0	0.0	0.0	0.11737744	0.029654304	0.0	0.0	0.49306735	0.16544718	0.0	0.0	0.199978	0.0	0.06438353	0.0	0.0	0.08339265	0.0	0.0	0.0	0.0	0.14908457	0.36887205	0.0	0.3033571	0.0	0.31882098	0.0	0.20847332	0.26684368	0.17257647	0.079168044	0.20112823	0.0	0.0	0.25191835	0.20712395	0.0	0.0	0.12851287	0.2144763	0.0	0.0	0.0
0.11537828	0.0058957417	0.3085051	0.0	0.0	0.030927384	0.0	0.0	0.0	0.26937088	0.0	0.1624014	0.0	0.0	0.033197477	0.23892772	0.0	0.0	0.0	0.0	0.0	0.0	0.02941895	0.0	0.0	0.22961839	0.0	0.27637783	0.0	0.0	0.0	0.0823204	0.14544818	0.0	0.27762368	0.0	0.20351313	0.0	0.0	0.14447068	0.22324912	0.0	0.32236218	0.0	0.00370989	0.3409557	0.27344775	0.0	0.0	0.12460255	0.040979862	0.17393136	0.14747535	0.20514669	0.0	0.0	0.0	0.22988917	0.0	0.0	0.0	0.17876498	0.0	0.0067481906	0.0	0.0	0.12681346	0.0	0.0	0.0	0.009151284	0.0	0.2651948	0.0	0.33773825	0.0	0.0	0.0	0.09932218	0.083029896	0.0	0.0	0.0	0.18262982	0.0	0.0	0.0	0.080912046	0.038644552	0.0	0.0	0.41759333	0.14936297	0.0	0.0	0.17674042	0.0	0.0567179	0.0	0.0	0.076236166	0.0	0.0	0.0	0.0	0.12777376	0.3200542	0.0	0.28626117	0.0	0.26033732	0.0	0.16102147	0.2313218	0.14472602	0.0631754	0.19863172	0.0	0.0	0.2513726	0.18196343	0.0	0.0	0.10786927	0.18774234	0.0	0.0	0.0
0.1218332	0.0005684762	0.31258452	0.0	0.0	0.037415523	0.0	0.0	0.0	0.29694244	0.0	0.18620394	0.0	0.0	0.04695335	0.23328155	0.0	0.0	0.0	0.0	0.0	0.0	0.028331017	0.0	0.0	0.23595686	0.0	0.29181167	0.0	0.0	0.0	0.08309081	0.14747544	0.0	0.30352238	0.0	0.19813842	0.0	0.0	0.14356986	0.23321311	0.0	0.3364767	0.0	0.00025952607	0.35176805	0.29680443	0.0	0.0	0.13410108	0.040785916	0.1834958	0.14236045	0.2212135	0.0	0.0	0.0	0.24849875	0.0	0.0	0.0	0.18137002	0.0	0.0032358405	0.0	0.0	0.12190344	0.0	0.0	0.0	0.005420147	0.0	0.26723382	0.0	0.3571658	0.0	0.0	0.0	0.10335884	0.0838479	0.0	0.0	0.0	0.19531102	0.0	0.0	0.0	0.09722474	0.041121945	0.0	0.0	0.4542123	0.16316022	0.0	0.0	0.18941389	0.0	0.05579355	0.0	0.0	0.08217811	0.0	0.0	0.0	0.0	0.15872265	0.3396945	0.0	0.29973823	0.0	0.27967283	0.0	0.18617196	0.26089296	0.14802691	0.064850695	0.2054497	0.0	0.0	0.25072625	0.18324842	0.0	0.0	0.12958145	0.20514452	0.0	0.0	0.0
0.13160299	0.0	0.31983858	0.0	0.0	0.029044107	0.0	0.0	0.0	0.30782068	0.0	0.21006638	0.0	0.0	0.039515957	0.22391593	0.0	0.0	0.0	0.0	0.0	0.0	0.03569807	0.0	0.0	0.23028421	0.0	0.30229893	0.0	0.0	0.0	0.09250849	0.1509741	0.0	0.31817964	0.0	0.19921057	0.0	0.0	0.15614076	0.23923923	0.0	0.34739986	0.0	0.0	0.3591174	0.30556533	0.0	0.0	0.124575935	0.036699496	0.20352398	0.1458158	0.23984933	0.0	0.0	0.0	0.2607435	0.0	0.0	0.0	0.18066816	0.0	0.011771366	0.0	0.0	0.12529574	0.0	0.0	0.0	0.0054993615	0.0	0.27706364	0.0	0.36863673	0.0	0.0	0.0	0.09916333	0.08737749	0.0	0.0	0.0	0.2014241	0.0	0.0	0.0	0.08089886	0.05050501	0.0	0.0	0.45859584	0.17906624	0.0	0.0	0.19358723	0.0	0.051868815	0.0	0.0	0.09328744	0.0	0.0	0.0	0.0	0.1758544	0.3541757	0.0	0.31367257	0.0	0.27767357	0.0	0.20682138	0.2790056	0.12548679	0.066655464	0.18508828	0.0	0.0	0.2540985	0.20797311	0.0	0.0	0.12988292	0.21117997	0.0	0.0	0.0
0.13507791	0.0008869854	0.3245646	0.0	0.0	0.027726194	0.0	0.0	0.0	0.3171485	0.0	0.21480586	0.0	0.0	0.041921988	0.21938515	0.0	0.0	0.0	0.0	0.0	0.0	0.029509032	0.0	0.0	0.23785122	0.0	0.3088981	0.0	0.0	0.0	0.090893246	0.1463813	0.0	0.32850707	0.0	0.19667423	0.0	0.0	0.15414546	0.24376957	0.0	0.35302377	0.0	0.0	0.3676281	0.30397794	0.0	0.0	0.12777211	0.03854809	0.21067066	0.15417832	0.24526687	0.0	0.0	0.0	0.2703429	0.0	0.0	0.0	0.18236816	0.0	0.007966663	0.0	0.0	0.13179813	0.0	0.0	0.0	0.006193865	0.0	0.27577314	0.0	0.37664208	0.0	0.0	0.0	0.10195885	0.08422929	0.0	0.0	0.0	0.20907044	0.0	0.0	0.0	0.083787285	0.053499322	0.0	0.0	0.46906963	0.18157752	0.0	0.0	0.20102674	0.0	0.051295564	0.0	0.0	0.093215264	0.0	0.0	0.0	0.0	0.17890953	0.354225	0.0	0.3175135	0.0	0.28385118	0.0	0.21777552	0.28489903	0.12637855	0.062639795	0.18702532	0.0	0.0	0.2536916	0.20756568	0.0	0.0	0.1361645	0.2159927	0.0	0.0	0.0
0.12764567	0.012143165	0.31226543	0.0	0.0	0.048279613	0.0	0.0	0.0	0.3081039	0.0	0.2015156	0.0	0.0	0.05123912	0.2369765	0.0	0.0	0.0	0.0	0.0	0.0	0.029989148	0.0	0.0	0.2445231	0.0	0.3010218	0.0	0.0	0.0	0.08730823	0.15166824	0.0	0.31484887	0.0	0.2029954	0.0	0.0	0.14216262	0.23382652	0.0	0.34815797	0.0	0.0019997444	0.3616177	0.30113438	0.0	0.0	0.13039838	0.04827732	0.18780313	0.14361435	0.23492984	0.0	0.0	0.0	0.25522947	0.0	0.0	0.0	0.18210089	0.0	0.008097593	0.0	0.0	0.12168016	0.0	0.0	0.0	0.008664314	0.0	0.27320406	0.0	0.37134233	0.0	0.0	0.0	0.09976884	0.088551484	0.0	0.0	0.0	0.20085947	0.0	0.0	0.0	0.10486158	0.04731073	0.0	0.0	0.46786186	0.16673732	0.0	0.0	0.19628684	0.0	0.06290261	0.0	0.0	0.08347527	0.0	0.0	0.0	0.0	0.17250918	0.3509936	0.0	0.30388662	0.0	0.2942389	0.0	0.19747831	0.28158605	0.15046012	0.07205286	0.20690143	0.0	0.0	0.24629442	0.19512141	0.0	0.0	0.1456172	0.21462536	0.0	0.0	0.0
0.09733554	0.017323302	0.3109985	0.0	0.0	0.045593876	0.0	0.0	0.0	0.266449	0.0	0.1473273	0.0	0.0	0.046370123	0.22642656	0.0	0.0	0.0	0.0	0.0	0.0	0.033300355	0.0	0.0	0.23993532	0.0	0.2674556	0.0	0.0	0.0	0.077150874	0.14805551	0.0	0.2803849	0.0	0.2054249	0.0	0.0	0.13715862	0.21701932	0.0	0.3063763	0.0	0.008359802	0.34480393	0.28405038	0.0	0.0	0.1117253	0.051080465	0.16880858	0.15882485	0.21017466	0.0	0.0	0.0	0.22580244	0.0	0.0	0.0	0.17764115	0.0	0.0031891875	0.0	0.0	0.1050103	0.0	0.0	0.0	0.014467937	0.0	0.26784968	0.0	0.3413928	0.0	0.0	0.0	0.095926054	0.08325586	0.0	0.0	0.0	0.17344387	0.0	0.0	0.0	0.08472099	0.04825742	0.0	0.0	0.40895605	0.14207712	0.0	0.0	0.17226458	0.0	0.063067034	0.0	0.0	0.07908539	0.0	0.0	0.0	0.0	0.12914984	0.3240587	0.0	0.28444883	0.0	0.25770083	0.0	0.15203951	0.23164378	0.14855413	0.058219284	0.20604412	0.0	0.0	0.2518609	0.16584544	0.0	0.0	0.12997063	0.1844005	0.0	0.0	0.0
0.19411512	0.0	0.32622132	0.0	0.0	0.016611395	0.0	0.0	0.0	0.32413325	0.0	0.23551738	0.0	0.0	0.03605568	0.2998534	0.0	0.0	0.0	0.0	0.0	0.0	0.024875132	0.0	0.0	0.2529848	0.0	0.34931108	0.0	0.0	0.0	0.097076595	0.1484263	0.0	0.30717924	0.0	0.21119726	0.0	0.0	0.15405871	0.26495615	0.0	0.42412606	0.0	0.0	0.36430082	0.26132324	0.0	0.0	0.17879553	0.048050135	0.19531833	0.110448234	0.24015917	0.0	0.0	0.0	0.2562463	0.0	0.0	0.0	0.18482675	0.0	0.010432552	0.0	0.0	0.19433929	0.0	0.0	0.0	0.0	0.0	0.27482864	0.0	0.35237578	0.0	0.0	0.0	0.11731879	0.08718144	0.0	0.0	0.0	0.23886216	0.0	0.0	0.0	0.14487557	0.011060789	0.0	0.0	0.519098	0.16072102	0.0	0.0	0.2074902	0.0	0.07190827	0.0	0.0	0.07475351	0.0	0.0	0.0	0.0	0.13369294	0.3840661	0.0	0.30851033	0.0	0.35142267	0.0	0.2189167	0.2804672	0.2145224	0.10123234	0.21219277	0.0	0.0	0.24080943	0.21101141	0.0	0.0	0.114940904	0.21241319	0.0	0.0	0.0
0.11627448	0.0	0.31002164	0.0	0.0	0.026054868	0.0	0.0	0.0	0.27369484	0.0	0.17513585	0.0	0.0	0.0359038	0.2284739	0.0	0.0	0.0	0.0	0.0	0.0	0.034529503	0.0	0.0	0.22365446	0.0	0.27510992	0.0	0.0	0.0	0.08091701	0.14545201	0.0	0.2935151	0.0	0.19163452	0.0	0.0	0.14882223	0.22448128	0.0	0.32120296	0.0	0.00038172305	0.34187874	0.28452742	0.0	0.0	0.120235026	0.035345685	0.18561168	0.15210463	0.21500969	0.0	0.0	0.0	0.23943435	0.0	0.0	0.0	0.1812775	0.0	0.005393926	0.0	0.0	0.122104295	0.0	0.0	0.0	0.004008381	0.0	0.26447856	0.0	0.34743693	0.0	0.0	0.0	0.09528369	0.0771125	0.0	0.0	0.0	0.18267505	0.0	0.0	0.0	0.07526293	0.044089798	0.0	0.0	0.41446197	0.1590484	0.0	0.0	0.1748067	0.0	0.053170893	0.0	0.0	0.07763499	0.0	0.0	0.0	0.0	0.14460747	0.32369474	0.0	0.29774022	0.0	0.25242546	0.0	0.1736571	0.24372296	0.12809147	0.05382967	0.19524045	0.0	0.0	0.2563592	0.18485278	0.0	0.0	0.1167905	0.19326012	0.0	0.0	0.0
0.12400084	0.0114078	0.3162935	0.0	0.0	0.053839218	0.0	0.0	0.0	0.3099939	0.0	0.20168114	0.0	0.0	0.05088262	0.23549716	0.0	0.0	0.0	0.0	0.0	0.0	0.032660354	0.0	0.0	0.25219738	0.0	0.30364302	0.0	0.0	0.0	0.09193858	0.1512753	0.0	0.31846166	0.0	0.20713663	0.0	0.0	0.1407652	0.24061972	0.0	0.34843436	0.0	0.0006960531	0.3668113	0.3097099	0.0	0.0	0.12581958	0.04790181	0.18584605	0.14365332	0.23753804	0.0	0.0	0.0	0.2540547	0.0	0.0	0.0	0.18144365	0.0	0.0070237867	0.0	0.0	0.117781885	0.0	0.0	0.0	0.011765183	0.0	0.27740556	0.0	0.3738648	0.0	0.0	0.0	0.10175962	0.0938468	0.0	0.0	0.0	0.20501848	0.0	0.0	0.0	0.10749399	0.05313313	0.0	0.0	0.4767263	0.16618724	0.0	0.0	0.20103107	0.0	0.06163818	0.0	0.0	0.087946855	0.0	0.0	0.0	0.0	0.17776634	0.35418072	0.0	0.3055956	0.0	0.2981914	0.0	0.19879581	0.28907546	0.1550834	0.07781734	0.20691188	0.0	0.0	0.24502707	0.19777022	0.0	0.0	0.15482233	0.2164063	0.0	0.0	0.0
0.20636874	0.007059895	0.32034403	0.0	0.0	0.017683448	0.0	0.0	0.0	0.33571374	0.0	0.23657854	0.0	0.0	0.027917972	0.31520292	0.0	0.0	0.0	0.0	0.0	0.0	0.015804866	0.0	0.0	0.2502911	0.0	0.3676404	0.0	0.0	0.0	0.07965419	0.15163495	0.0	0.2939833	0.0	0.21516246	0.0	0.0	0.14294134	0.25487277	0.0	0.43667844	0.0	0.0	0.37347913	0.23256908	0.0	0.0	0.20846443	0.061250445	0.18216781	0.0978657	0.23167337	0.0	0.0	0.0	0.2524769	0.0	0.0	0.0	0.18105447	0.0	0.0065983185	0.0	0.0	0.20373726	0.0	0.0	0.0	0.0	0.0	0.27026525	0.0	0.3402995	0.0	0.0	0.0	0.12794498	0.08138449	0.0	0.0	0.0	0.24718042	0.0	0.0	0.0	0.1702178	0.0102584185	0.0	0.0	0.53845596	0.14881755	0.0	0.0	0.20567834	0.0	0.06590962	0.0	0.0	0.06155489	0.0	0.0	0.0	0.0	0.107902385	0.38369226	0.0	0.29542154	0.0	0.37853146	0.0	0.20721555	0.24885313	0.25216144	0.095567666	0.23661084	0.0	0.0	0.23510821	0.19246209	0.0	0.0	0.12646769	0.21896929	0.0	0.0	0.0
0.1898535	0.0	0.33565655	0.0	0.0	0.0006432186	0.0	0.0	0.0	0.39185452	0.0	0.3105851	0.0	0.0	0.048088197	0.20931496	0.0	0.0	0.0	0.0	0.0	0.0	0.015620303	0.0	0.0	0.18966652	0.0	0.3653365	0.0	0.0	0.0	0.08807814	0.15684216	0.0	0.40279305	0.0	0.18662767	0.0	0.0	0.18991524	0.22916569	0.0	0.40033934	0.0	0.0	0.38979468	0.31825456	0.0	0.0	0.16363154	0.02988338	0.27399048	0.15641387	0.29272842	0.0	0.0	0.0	0.365499	0.0	0.0	0.0	0.17636974	0.0	0.010597563	0.0	0.0	0.154481	0.0	0.0	0.0	0.0	0.0	0.2945348	0.0	0.4127705	0.0	0.0	0.0	0.060695056	0.09818391	0.0	0.0	0.0	0.24070537	0.0	0.0	0.0	0.07204359	0.065699466	0.0	0.0	0.4942673	0.28074512	0.0	0.0	0.25151002	0.0	0.016561225	0.0	0.0	0.13833755	0.0	0.0	0.0	0.0	0.26664278	0.40785155	0.0	0.36213243	0.0	0.2825877	0.0	0.29375824	0.33197233	0.0522546	0.056456804	0.1268565	0.0	0.0	0.2392603	0.24225791	0.0	0.0	0.11923387	0.26215553	0.0	0.0	0.0
0.22273278	0.0	0.3506216	0.0	0.0	0.0035599172	0.0	0.0	0.0	0.4403998	0.0	0.3528192	0.0	0.0	0.056493565	0.21787296	0.0	0.0	0.0	0.0	0.0	0.0	0.018204935	0.0	0.0	0.18778066	0.0	0.40975976	0.0	0.0	0.0	0.09576712	0.1587501	0.0	0.42319563	0.0	0.19810621	0.0	0.0	0.20469306	0.25332028	0.0	0.44434944	0.0	0.0	0.40028813	0.34185013	0.0	0.0	0.17880927	0.023293763	0.29902217	0.15210305	0.3336495	0.0	0.0	0.0	0.3900993	0.0	0.0	0.0	0.17586684	0.0	0.011113995	0.0	0.0	0.17134087	0.0	0.0	0.0	0.0	0.0	0.30285025	0.0	0.42794338	0.0	0.0	0.0	0.07510074	0.09847187	0.0	0.0	0.0	0.2820057	0.0	0.0	0.0	0.0882329	0.071962096	0.0	0.0	0.5452028	0.29395607	0.0	0.0	0.27142993	0.0	0.016608695	0.0	0.0	0.13745342	0.0	0.0	0.0	0.0	0.28977132	0.4435439	0.0	0.3927892	0.0	0.32596222	0.0	0.32593378	0.36757955	0.06315562	0.061240572	0.15273462	0.0	0.0	0.24360289	0.2726919	0.0	0.0	0.120827965	0.28317335	0.0	0.0	0.0
0.1949362	0.0	0.33293775	0.0	0.0	0.0020615298	0.0	0.0	0.0	0.39263463	0.0	0.3117469	0.0	0.0	0.04783008	0.2092971	0.0	0.0	0.0	0.0	0.0	0.0	0.009882293	0.0	0.0	0.17934354	0.0	0.36957392	0.0	0.0	0.0	0.08756337	0.15012676	0.0	0.389358	0.0	0.18608218	0.0	0.0	0.19117464	0.23713468	0.0	0.40454865	0.0	0.0	0.38383594	0.31697533	0.0	0.0	0.16719954	0.025743157	0.27166885	0.16256025	0.2994558	0.0	0.0	0.0	0.35783005	0.0	0.0	0.0	0.16951339	0.0	0.005484596	0.0	0.0	0.1614837	0.0	0.0	0.0	0.0	0.0	0.2780936	0.0	0.3994411	0.0	0.0	0.0	0.0671783	0.088191755	0.0	0.0	0.0	0.25164944	0.0	0.0	0.0	0.07413014	0.07068763	0.0	0.0	0.49635673	0.2688835	0.0	0.0	0.24632667	0.0	0.013041685	0.0	0.0	0.12405265	0.0	0.0	0.0	0.0	0.25409532	0.40286055	0.0	0.36719108	0.0	0.2887636	0.0	0.28918436	0.3222905	0.050972585	0.041163955	0.1539866	0.0	0.0	0.24271405	0.24081801	0.0	0.0	0.10486988	0.26124975	0.0	0.0	0.0
0.26693693	0.0	0.3435795	0.0	0.0	0.0	0.0	0.0	0.0	0.41617987	0.0	0.33724117	0.0	0.0	0.027323356	0.2838538	0.0	0.0	0.0	0.0	0.0	0.0	0.008223441	0.0	0.0	0.19397612	0.0	0.4246724	0.0	0.0	0.0	0.08429993	0.15295656	0.0	0.37911054	0.0	0.21025668	0.0	0.0	0.19663298	0.26314	0.0	0.48202047	0.0	0.0	0.39233586	0.27073577	0.0	0.0	0.23407793	0.04625264	0.2690906	0.11471671	0.30395234	0.0	0.0	0.0	0.36239195	0.0	0.0	0.0	0.18133847	0.0	0.013127866	0.0	0.0	0.23783831	0.0	0.0	0.0	0.0	0.0	0.28949943	0.0	0.38251027	0.0	0.0	0.0	0.09885966	0.091213726	0.0	0.0	0.0	0.29559198	0.0	0.0	0.0	0.1382433	0.019236108	0.0	0.0	0.5720802	0.24994965	0.0	0.0	0.2587522	0.0	0.030669933	0.0	0.0	0.1094685	0.0	0.0	0.0	0.0	0.20011719	0.4436778	0.0	0.35910988	0.0	0.36158022	0.0	0.30051446	0.3175043	0.1413256	0.08130857	0.17892885	0.0	0.0	0.23415594	0.24333473	0.0	0.0	0.09269378	0.26560214	0.0	0.0	0.0
0.18869734	0.0	0.32791916	0.0	0.0	0.0	0.0	0.0	0.0	0.34740698	0.0	0.25890574	0.0	0.0	0.032727297	0.21458481	0.0	0.0	0.0	0.0	0.0	0.0	0.010750917	0.0	0.0	0.17960589	0.0	0.3393524	0.0	0.0	0.0	0.085158445	0.14109264	0.0	0.35322106	0.0	0.20024063	0.0	0.0	0.18515421	0.23705886	0.0	0.3761638	0.0	0.0	0.35382876	0.283781	0.0	0.0	0.16245292	0.014114399	0.24396046	0.15928398	0.27221724	0.0	0.0	0.0	0.3148515	0.0	0.0	0.0	0.17334986	0.0	0.016461112	0.0	0.0	0.16355078	0.0	0.0	0.0	0.0	0.0	0.27538577	0.0	0.36142623	0.0	0.0	0.0	0.05974039	0.08203223	0.0	0.0	0.0	0.2272832	0.0	0.0	0.0	0.061349723	0.037751656	0.0	0.0	0.44763115	0.24327625	0.0	0.0	0.21272929	0.0	0.027654702	0.0	0.0	0.10301862	0.0	0.0	0.0	0.0	0.19661923	0.3894844	0.0	0.34249604	0.0	0.26495886	0.0	0.24581166	0.28384492	0.06388915	0.04649153	0.15573244	0.0	0.0	0.2471186	0.21680407	0.0	0.00029307045	0.08857727	0.23460023	0.0	0.0	0.0
0.22190593	0.0	0.34341118	0.0	0.0	0.0	0.0	0.0	0.0	0.41559875	0.0	0.33988538	0.0	0.0	0.05040087	0.22677974	0.0	0.0	0.0	0.0	0.0	0.0	0.017122367	0.0	0.0	0.18323421	0.0	0.3966894	0.0	0.0	0.0	0.09160558	0.15576547	0.0	0.40969613	0.0	0.18887256	0.0	0.0	0.20522511	0.25123805	0.0	0.43344298	0.0	0.0	0.38628694	0.32790837	0.0	0.0	0.1818583	0.026603907	0.29134437	0.14928538	0.31380332	0.0	0.0	0.0	0.38151893	0.0	0.0	0.0	0.17252064	0.0	0.0070059276	0.0	0.0	0.1791517	0.0	0.0	0.0	0.0	0.0	0.2901019	0.0	0.41400146	0.0	0.0	0.0	0.071462125	0.099400915	0.0	0.0	0.0	0.2695515	0.0	0.0	0.0	0.0866492	0.06050547	0.0	0.0	0.5276284	0.2800515	0.0	0.0	0.25631014	0.0	0.017291212	0.0	0.0	0.13073385	0.0	0.0	0.0	0.0	0.2705438	0.42701772	0.0	0.38552538	0.0	0.3064482	0.0	0.31027684	0.35642228	0.062424358	0.06104842	0.1486131	0.0	0.0	0.23985076	0.26398453	0.0	0.0	0.117040575	0.27462325	0.0	0.0	0.0
0.25811222	0.0	0.35379997	0.0	0.0	0.0	0.0	0.0	0.0	0.4373767	0.0	0.34790134	0.0	0.0	0.037384365	0.26024973	0.0	0.0	0.0	0.0	0.0	0.0	0.009467647	0.0	0.0	0.19549353	0.0	0.41775057	0.0	0.0	0.0	0.09030736	0.15721525	0.0	0.3997939	0.0	0.20226365	0.0	0.0	0.2002307	0.2620317	0.0	0.4775199	0.0	0.0	0.39428148	0.2962518	0.0	0.0	0.21918434	0.038458616	0.28473982	0.12267003	0.3106172	0.0	0.0	0.0	0.37186003	0.0	0.0	0.0	0.1746511	0.0	0.0020364113	0.0	0.0	0.21908994	0.0	0.0	0.0	0.0	0.0	0.2914656	0.0	0.39563394	0.0	0.0	0.0	0.09506181	0.09133174	0.0	0.0	0.0	0.2976973	0.0	0.0	0.0	0.13300015	0.026001662	0.0	0.0	0.57485294	0.26451945	0.0	0.0	0.2605389	0.0	0.024451898	0.0	0.0	0.11593765	0.0	0.0	0.0	0.0	0.22588766	0.4519831	0.0	0.3768426	0.0	0.36063382	0.0	0.31491247	0.34512582	0.11997211	0.08092769	0.17368634	0.0	0.0	0.24020071	0.24975853	0.0	0.0	0.098495625	0.27786437	0.0	0.0	0.0
0.21139503	0.0	0.3428181	0.0	0.0	0.0	0.0	0.0	0.0	0.38289592	0.0	0.30857	0.0	0.0	0.035866413	0.22366309	0.0	0.0	0.0	0.0	0.0	0.0	0.019932974	0.0	0.0	0.18679011	0.0	0.37255955	0.0	0.0	0.0	0.095940836	0.1430894	0.0	0.3855251	0.0	0.18700211	0.0	0.0	0.20229845	0.2463224	0.0	0.41312268	0.0	0.0	0.37978947	0.30051562	0.0	0.0	0.16402508	0.00077353633	0.27709654	0.15874597	0.3014544	0.0	0.0	0.0	0.35439858	0.0	0.0	0.0	0.17602564	0.0	0.0063982583	0.0	0.0	0.18314545	0.0	0.0	0.0	0.0	0.0	0.27521345	0.0	0.38906536	0.0	0.0	0.0	0.07583501	0.08842105	0.0	0.0	0.0	0.26059383	0.0	0.0	0.0	0.068263456	0.049904615	0.0	0.0	0.49534336	0.2602034	0.0	0.0	0.23681767	0.0	0.030482994	0.0	0.0	0.1164233	0.0	0.0	0.0	0.0	0.23670746	0.4109335	0.0	0.37054566	0.0	0.29349664	0.0	0.29530108	0.3398265	0.062424332	0.048683103	0.15298703	0.0	0.0	0.24050164	0.24581891	0.0	0.0	0.09404492	0.25157124	0.0	0.0	0.0
0.3150464	0.0	0.36748347	0.0	0.0	0.0	0.0	0.0	0.0	0.46399304	0.0	0.3848951	0.0	0.0	0.023536064	0.33695245	0.0	0.0	0.0	0.0	0.0	0.0	0.0018033087	0.0	0.0	0.20576836	0.0	0.4908041	0.0	0.0	0.0	0.090732545	0.16591358	0.0	0.3885528	0.0	0.23053004	0.0	0.0	0.21336846	0.29690596	0.0	0.55562854	0.0	0.0	0.40652037	0.25990945	0.0	0.0	0.27528134	0.040510625	0.274487	0.09160472	0.33758307	0.0	0.0	0.0	0.38104284	0.0	0.0	0.0	0.18163423	0.0	0.014414084	0.0	0.0	0.28285292	0.0	0.0	0.0	0.0	0.0	0.2997617	0.0	0.3945204	0.0	0.0	0.0	0.11862896	0.08866477	0.0	0.0	0.0	0.34201694	0.0	0.0	0.0	0.19337559	0.0006226301	0.0	0.0	0.6393886	0.25909656	0.0	0.0	0.27462426	0.0	0.042702194	0.0	0.0	0.09790673	0.0	0.0	0.0	0.0	0.19537675	0.49864826	0.0	0.38087472	0.0	0.44124258	0.0	0.34002092	0.34547946	0.19661939	0.11064317	0.207444	0.0	0.0	0.2400595	0.25842094	0.0	0.0	0.09165728	0.28172967	0.0	0.0	0.0
0.19941561	0.0	0.33356318	0.0	0.0	0.0007291585	0.0	0.0	0.0	0.3883352	0.0	0.30982974	0.0	0.0	0.052061155	0.2182488	0.0	0.0	0.0	0.0	0.0	0.0	0.014180034	0.0	0.0	0.1745863	0.0	0.371524	0.0	0.0	0.0	0.092426024	0.14428723	0.0	0.38636664	0.0	0.18240781	0.0	0.0	0.19634049	0.24398106	0.0	0.41507617	0.0	0.0	0.36953828	0.31262192	0.0	0.0	0.17430198	0.025986299	0.2655612	0.15031618	0.2893203	0.0	0.0	0.0	0.342486	0.0	0.0	0.0	0.16801049	0.0	0.008527804	0.0	0.0	0.17241092	0.0	0.0	0.0	0.0	0.0	0.27185586	0.0	0.38721812	0.0	0.0	0.0	0.07658469	0.09753954	0.0	0.0	0.0	0.25183734	0.0	0.0	0.0	0.074831784	0.05997931	0.0	0.0	0.49901128	0.2623123	0.0	0.0	0.24416882	0.0	0.010528657	0.0	0.0	0.11824321	0.0	0.0	0.0	0.0	0.23633213	0.40184	0.0	0.3605084	0.0	0.2860701	0.0	0.28389302	0.32571003	0.06428653	0.048978757	0.15046151	0.0	0.0	0.24084044	0.23698872	0.0	0.0	0.10451678	0.25661325	0.0	0.0	0.0
0.25111344	0.0	0.38465342	0.0	0.0	0.0	0.0	0.0	0.0	0.42862296	0.0	0.33264783	0.0	0.0	0.041998386	0.27167726	0.0	0.0	0.0	0.0	0.0	0.0	0.025654225	0.0	0.0	0.23194216	0.0	0.4237171	0.0	0.0	0.0	0.11736337	0.14593013	0.0	0.38746285	0.0	0.23199292	0.0	0.0	0.19864084	0.28066516	0.0	0.47910628	0.0	0.0	0.39917994	0.30353096	0.0	0.0	0.1921686	0.040077224	0.29461813	0.12916298	0.3526065	0.0	0.0	0.0	0.36804256	0.0	0.0	0.0	0.16934551	0.0	0.016188709	0.0	0.0	0.21967077	0.0	0.0	0.0	0.0	0.0	0.29630992	0.0	0.41288888	0.0	0.0	0.0	0.1042034	0.09904789	0.0	0.0	0.0	0.30166134	0.0	0.0	0.0	0.14918338	0.03208699	0.0	0.0	0.5969816	0.23993619	0.0	0.0	0.2551176	0.0	0.052946568	0.0	0.0	0.10175369	0.0	0.0	0.0	0.0	0.21798901	0.47706863	0.0	0.3833187	0.0	0.38662115	0.0	0.32266247	0.36847976	0.12406925	0.087903164	0.16863437	0.0	0.0	0.28356758	0.26294756	0.0	0.0	0.08408851	0.2813784	0.0	0.0	0.0
0.18697317	0.0	0.32521355	0.0	0.0	0.0012708157	0.0	0.0	0.0	0.3814652	0.0	0.2820668	0.0	0.0	0.046198662	0.20571993	0.0	0.0	0.0	0.0	0.0	0.0	0.009455164	0.0	0.0	0.17817359	0.0	0.35106373	0.0	0.0	0.0	0.0823443	0.14175302	0.0	0.37592462	0.0	0.18623446	0.0	0.0	0.1834352	0.23577313	0.0	0.39316383	0.0	0.0	0.3756831	0.2940037	0.0	0.0	0.17257856	0.022541106	0.26123488	0.15634835	0.29178137	0.0	0.0	0.0	0.34244967	0.0	0.0	0.0	0.17464049	0.0	0.005572827	0.0	0.0	0.15558147	0.0	0.0	0.0	0.0	0.0	0.27784428	0.0	0.38374314	0.0	0.0	0.0	0.06290207	0.09085587	0.0	0.0	0.0	0.24048615	0.0	0.0	0.0	0.06738955	0.05267625	0.0	0.0	0.47542366	0.26395312	0.0	0.0	0.22994052	0.0	0.017945977	0.0	0.0	0.11827835	0.0	0.0	0.0	0.0	0.23166351	0.40352774	0.0	0.36127242	0.0	0.2759132	0.0	0.27556816	0.30664623	0.048867267	0.04063962	0.1509772	0.0	0.0	0.24412017	0.21577121	0.0	0.0	0.10321683	0.25296125	0.0	0.0	0.0
0.18001516	0.0	0.31763384	0.0	0.0	0.0	0.0	0.0	0.0	0.3540037	0.0	0.27013913	0.0	0.0	0.038389016	0.21256562	0.0	0.0	0.0	0.0	0.0	0.0	0.012490149	0.0	0.0	0.18327604	0.0	0.3383676	0.0	0.0	0.0	0.0809657	0.14379007	0.0	0.3688128	0.0	0.18276472	0.0	0.0	0.17853542	0.22269692	0.0	0.38169846	0.0	0.0	0.36912417	0.29145324	0.0	0.0	0.16177715	0.028299144	0.24810319	0.15935737	0.27103338	0.0	0.0	0.0	0.33164966	0.0	0.0	0.0	0.17280023	0.0	0.0084845275	0.0	0.0	0.15961306	0.0	0.0	0.0	0.0	0.0	0.27625662	0.0	0.3737056	0.0	0.0	0.0	0.06581504	0.08532047	0.0	0.0	0.0	0.22525477	0.0	0.0	0.0	0.06571513	0.053664375	0.0	0.0	0.4615327	0.2550287	0.0	0.0	0.23186965	0.0	0.013918403	0.0	0.0	0.11898464	0.0	0.0	0.0	0.0	0.21753311	0.38123512	0.0	0.3457737	0.0	0.26589164	0.0	0.26027003	0.2855396	0.051836718	0.042706754	0.15034346	0.0	0.0	0.23865099	0.21498002	0.0	0.0	0.10302427	0.2409081	0.0	0.0	0.0
0.2796458	0.0	0.3677305	0.0	0.0	0.0	0.0	0.0	0.0	0.4596611	0.0	0.38041854	0.0	0.0	0.028302094	0.27734864	0.0	0.0	0.0	0.0	0.0	0.0	0.01200218	0.0	0.0	0.19193234	0.0	0.45446822	0.0	0.0	0.0	0.09771518	0.1573619	0.0	0.41150638	0.0	0.20525284	0.0	0.0	0.21609585	0.28348142	0.0	0.5094262	0.0	0.0	0.40523878	0.29967776	0.0	0.0	0.2225037	0.029645614	0.30836642	0.120321564	0.3447093	0.0	0.0	0.0	0.39517394	0.0	0.0	0.0	0.17928725	0.0	0.008564163	0.0	0.0	0.23317508	0.0	0.0	0.0	0.0	0.0	0.29784185	0.0	0.40766832	0.0	0.0	0.0	0.1006091	0.10250328	0.0	0.0	0.0	0.31995323	0.0	0.0	0.0	0.1413173	0.029599503	0.0	0.0	0.6063438	0.27532688	0.0	0.0	0.27625033	0.0	0.02545364	0.0	0.0	0.11638031	0.0	0.0	0.0	0.0	0.24494767	0.48131406	0.0	0.39408532	0.0	0.38294193	0.0	0.34405494	0.37414417	0.11670354	0.08504885	0.16525672	0.0	0.0	0.2540156	0.2753323	0.0	0.0	0.08908764	0.29292247	0.0	0.0	0.0
0.21206768	0.0	0.33463812	0.0	0.0	0.0	0.0	0.0	0.0	0.3902003	0.0	0.29862955	0.0	0.0	0.04382966	0.22857009	0.0	0.0	0.0	0.0	0.0	0.0	0.008053344	0.0	0.0	0.18177068	0.0	0.36625203	0.0	0.0	0.0	0.08668482	0.14616339	0.0	0.37805057	0.0	0.19153823	0.0	0.0	0.1886654	0.24712716	0.0	0.4202372	0.0	0.0	0.3711295	0.29112324	0.0	0.0	0.18616259	0.02223105	0.26279247	0.1471401	0.28394485	0.0	0.0	0.0	0.33649233	0.0	0.0	0.0	0.16870625	0.0	0.010036595	0.0	0.0	0.18352817	0.0	0.0	0.0	0.0	0.0	0.27695975	0.0	0.3677431	0.0	0.0	0.0	0.08346826	0.088658966	0.0	0.0	0.0	0.2525024	0.0	0.0	0.0	0.08917787	0.040287882	0.0	0.0	0.50630367	0.25356677	0.0	0.0	0.23668158	0.0	0.017023098	0.0	0.0	0.10896564	0.0	0.0	0.0	0.0	0.2091298	0.40954915	0.0	0.3562429	0.0	0.30333713	0.0	0.27784002	0.31022027	0.08447314	0.059218746	0.16267313	0.0	0.0	0.23726048	0.22681028	0.0	0.0	0.09150847	0.25480965	0.0	0.0	0.0
0.1922946	0.0	0.32892513	0.0	0.0	0.00048321733	0.0	0.0	0.0	0.38467827	0.0	0.2934804	0.0	0.0	0.04660523	0.20562465	0.0	0.0	0.0	0.0	0.0	0.0	0.014071897	0.0	0.0	0.18594192	0.0	0.36311468	0.0	0.0	0.0	0.086300634	0.15082543	0.0	0.39162537	0.0	0.19239835	0.0	0.0	0.18207063	0.2342125	0.0	0.39730456	0.0	0.0	0.3789909	0.3097494	0.0	0.0	0.16754006	0.031268187	0.26274365	0.15872805	0.29647145	0.0	0.0	0.0	0.34542742	0.0	0.0	0.0	0.16983016	0.0	0.010587345	0.0	0.0	0.15489686	0.0	0.0	0.0	0.0	0.0	0.28855902	0.0	0.3971287	0.0	0.0	0.0	0.05655368	0.08775487	0.0	0.0	0.0	0.23994736	0.0	0.0	0.0	0.06929815	0.06271811	0.0	0.0	0.48588777	0.269286	0.0	0.0	0.24364357	0.0	0.0130331265	0.0	0.0	0.12728995	0.0	0.0	0.0	0.0	0.24434127	0.40557304	0.0	0.35696927	0.0	0.2840853	0.0	0.27659	0.31371394	0.047196884	0.047732282	0.14224662	0.0	0.0	0.2433178	0.23532379	0.0	0.0	0.113372825	0.25649962	0.0	0.0	0.0
0.18873005	0.0	0.3283423	0.0	0.0	0.0046481825	0.0	0.0	0.0	0.381652	0.0	0.29143655	0.0	0.0	0.04638425	0.20529556	0.0	0.0	0.0	0.0	0.0	0.0	0.008687399	0.0	0.0	0.18629514	0.0	0.36009297	0.0	0.0	0.0	0.085903846	0.15600067	0.0	0.39141187	0.0	0.1945536	0.0	0.0	0.1886114	0.22817256	0.0	0.3934133	0.0	0.0	0.37198973	0.31423256	0.0	0.0	0.17272341	0.030706733	0.25821325	0.15938796	0.2905583	0.0	0.0	0.0	0.35452542	0.0	0.0	0.0	0.17312123	0.0	0.009656273	0.0	0.0	0.1607974	0.0	0.0	0.0	0.0	0.0	0.28929147	0.0	0.39750925	0.0	0.0	0.0	0.05702272	0.08793243	0.0	0.0	0.0	0.241334	0.0	0.0	0.0	0.06715774	0.062452722	0.0	0.0	0.48552892	0.2698852	0.0	0.0	0.24933279	0.0	0.016210416	0.0	0.0	0.13037306	0.0	0.0	0.0	0.0	0.24406786	0.40438083	0.0	0.35235372	0.0	0.27909836	0.0	0.2793239	0.31284782	0.050175637	0.049108583	0.14389239	0.0	0.0	0.23507296	0.22543119	0.0	0.0	0.12400138	0.24723025	0.0	0.0	0.0
0.17988674	0.0	0.3339481	0.0	0.0	0.005176354	0.0	0.0	0.0	0.3830104	0.0	0.27958813	0.0	0.0	0.057959437	0.1984735	0.0	0.0	0.0	0.0	0.0	0.0	0.008638954	0.0	0.0	0.18145347	0.0	0.34475264	0.0	0.0	0.0	0.08407118	0.14630662	0.0	0.38508222	0.0	0.18712194	0.0	0.0	0.18208963	0.23073672	0.0	0.38757285	0.0	0.00019068271	0.37321195	0.30787957	0.0	0.0	0.16580999	0.026526839	0.26672563	0.17124878	0.28230986	0.0	0.0	0.0	0.34189227	0.0	0.0	0.0	0.16400814	0.0	0.0016504762	0.0	0.0	0.14537457	0.0	0.0	0.0	0.0	0.0	0.28402233	0.0	0.3809553	0.0	0.0	0.0	0.06571815	0.09047679	0.0	0.0	0.0	0.2329629	0.0	0.0	0.0	0.06888313	0.0631665	0.0	0.0	0.47538736	0.26422656	0.0	0.0	0.2334733	0.0	0.013524036	0.0	0.0	0.1233893	0.0	0.0	0.0	0.0	0.23140503	0.39603606	0.0	0.35866523	0.0	0.27542937	0.0	0.2673461	0.30812827	0.049981058	0.04635853	0.1492222	0.0	0.0	0.24089259	0.21877669	0.0	0.001238456	0.11347186	0.25239098	0.0	0.0	0.0
0.27967206	0.0	0.3560547	0.0	0.0	0.0	0.0	0.0	0.0	0.44978985	0.0	0.3587729	0.0	0.0	0.037081536	0.28629008	0.0	0.0	0.0	0.0	0.0	0.0	0.004094407	0.0	0.0	0.19887276	0.0	0.4523584	0.0	0.0	0.0	0.08531562	0.16855001	0.0	0.40873304	0.0	0.21967943	0.0	0.0	0.207672	0.26514435	0.0	0.5063816	0.0	0.0	0.4034046	0.28161672	0.0	0.0	0.24144776	0.04052112	0.28362373	0.123980224	0.3294889	0.0	0.0	0.0	0.39551696	0.0	0.0	0.0	0.18310837	0.0	0.008620414	0.0	0.0	0.24447568	0.0	0.0	0.0	0.0	0.0	0.30866477	0.0	0.4016707	0.0	0.0	0.0	0.092595994	0.09439713	0.0	0.0	0.0	0.30900395	0.0	0.0	0.0	0.148138	0.019295862	0.0	0.0	0.5972416	0.27769062	0.0	0.0	0.2780192	0.0	0.028704135	0.0	0.0	0.12270796	0.0	0.0	0.0	0.0	0.23042238	0.47386786	0.0	0.37871552	0.0	0.3851262	0.0	0.3273642	0.34227708	0.12992421	0.088715136	0.17716272	0.0	0.0	0.23242801	0.2532388	0.0	0.0002923788	0.11804887	0.27903947	0.0	0.0	0.0
0.20978893	0.0	0.33968547	0.0	0.0	0.0006002933	0.0	0.0	0.0	0.40615854	0.0	0.33391836	0.0	0.0	0.05214655	0.23945504	0.0	0.0	0.0	0.0	0.0	0.0	0.026048824	0.0	0.0	0.19463913	0.0	0.403087	0.0	0.0	0.0	0.09972229	0.1538318	0.0	0.40719017	0.0	0.18484811	0.0	0.0	0.20169477	0.25270915	0.0	0.4379929	0.0	0.0	0.38778535	0.32878736	0.0	0.0	0.17257993	0.024701431	0.27419767	0.13735107	0.31424454	0.0	0.0	0.0	0.36419597	0.0	0.0	0.0	0.17784913	0.0	0.0032987855	0.0	0.0	0.17523102	0.0	0.0	0.0	0.0	0.0	0.28265068	0.0	0.4193934	0.0	0.0	0.0	0.07804864	0.10378057	0.0	0.0	0.0	0.2771684	0.0	0.0	0.0	0.09816978	0.054739814	0.0	0.0	0.5377627	0.26793396	0.0	0.0	0.2597362	0.0	0.022496322	0.0	0.0	0.12416587	0.0	0.0	0.0	0.0	0.2719822	0.4297825	0.0	0.3812282	0.0	0.32515237	0.0	0.3065466	0.35699916	0.07761862	0.06435242	0.15956989	0.0	0.0	0.25509444	0.26052204	0.0	0.0	0.120118916	0.27222553	0.0	0.0	0.0
0.21417694	0.0	0.3449076	0.0	0.0	0.009616743	0.0	0.0	0.0	0.42798397	0.0	0.3401053	0.0	0.0	0.06426678	0.21449871	0.0	0.0	0.0	0.0	0.0	0.0	0.013439014	0.0	0.0	0.19008519	0.0	0.396354	0.0	0.0	0.0	0.0909546	0.1607448	0.0	0.41769925	0.0	0.19776519	0.0	0.0	0.20211862	0.24871027	0.0	0.42749897	0.0	0.0	0.3864046	0.34006605	0.0	0.0	0.18005662	0.015325594	0.28799734	0.15687375	0.32052228	0.0	0.0	0.0	0.3876032	0.0	0.0	0.0	0.17705305	0.0	0.006312611	0.0	0.0	0.17051011	0.0	0.0	0.0	0.0	0.0	0.29876482	0.0	0.42755172	0.0	0.0	0.0	0.06576091	0.09752715	0.0	0.0	0.0	0.27093092	0.0	0.0	0.0	0.083110735	0.06947819	0.0	0.0	0.5298233	0.2912105	0.0	0.0	0.26765242	0.0	0.015909037	0.0	0.0	0.13749516	0.0	0.0	0.0	0.0	0.2918782	0.43689847	0.0	0.38557887	0.0	0.30552462	0.0	0.31627783	0.36513937	0.058873195	0.062532105	0.14419073	0.0	0.0	0.23991172	0.2583197	0.0	0.0	0.1255457	0.2705613	0.0	0.0	0.0
0.19215125	0.0	0.3234484	0.0	0.0	4.02915e-05	0.0	0.0	0.0	0.3652954	0.0	0.2828026	0.0	0.0	0.032183945	0.22169507	0.0	0.0	0.0	0.0	0.0	0.0	0.010860561	0.0	0.0	0.1788703	0.0	0.35784164	0.0	0.0	0.0	0.08634019	0.14097385	0.0	0.369311	0.0	0.18965946	0.0	0.0	0.18449986	0.23698382	0.0	0.3940028	0.0	0.0	0.36786208	0.2913165	0.0	0.0	0.1771177	0.029361121	0.25127307	0.14692749	0.2788978	0.0	0.0	0.0	0.33222505	0.0	0.0	0.0	0.17776413	0.0	0.00861479	0.0	0.0	0.17016222	0.0	0.0	0.0	0.0	0.0	0.278675	0.0	0.3828491	0.0	0.0	0.0	0.0668173	0.09519342	0.0	0.0	0.0	0.24032235	0.0	0.0	0.0	0.07661756	0.04840465	0.0	0.0	0.477241	0.25141513	0.0	0.0	0.23514242	0.0	0.017993758	0.0	0.0	0.11664947	0.0	0.0	0.0	0.0	0.22291477	0.38954505	0.0	0.34463656	0.0	0.28038308	0.0	0.2671971	0.29797113	0.065590195	0.04651838	0.15175478	0.0	0.0	0.24645954	0.22644746	0.0	0.0	0.10184318	0.24615997	0.0	0.0	0.0
0.2654122	0.0	0.35934702	0.0	0.0	0.0029451523	0.010369489	0.0	0.0	0.46458325	0.0	0.3226321	0.0	0.0	0.03923102	0.27109075	0.0	0.0	0.0	0.0	0.0	0.0	0.00491651	0.0	0.0	0.20888887	0.0	0.4379436	0.0	0.0	0.0	0.096488945	0.17136014	0.0	0.38009706	0.0	0.23998465	0.0	0.0	0.22518027	0.2897354	0.0	0.50300676	0.0	0.0	0.39045677	0.27160972	0.0	0.0	0.21837692	0.03693488	0.2742924	0.12654352	0.35325113	0.0	0.0	0.0	0.3801019	0.0	0.0	0.0	0.19322866	0.0	0.03197119	0.0	0.0	0.22714424	0.0	0.0	0.0	0.0	0.0	0.3125895	0.0	0.3994914	0.0	0.0	0.0	0.09066523	0.09093543	0.0	0.0	0.0	0.2964743	0.0	0.0	0.0	0.12829493	0.031555068	0.0	0.0	0.5726134	0.2681186	0.0	0.0	0.26160422	0.0	0.03445299	0.0	0.0	0.11953599	0.0	0.0	0.0	0.0	0.20102923	0.5007439	0.0	0.37159717	0.0	0.38633367	0.0	0.31781098	0.3274642	0.1062971	0.09183141	0.15771823	0.0	0.0	0.25465786	0.24056977	0.0	0.003266786	0.12530334	0.25915238	0.0	0.0	0.0
0.18965037	0.0	0.33659434	0.0	0.0	0.003082009	0.0	0.0	0.0	0.40180063	0.0	0.31112036	0.0	0.0	0.06087866	0.20011216	0.0	0.0	0.0	0.0	0.0	0.0	0.012404747	0.0	0.0	0.18379556	0.0	0.3675436	0.0	0.0	0.0	0.08622547	0.16009325	0.0	0.4024273	0.0	0.19300826	0.0	0.0	0.19094478	0.22868194	0.0	0.40333435	0.0	0.0	0.38180682	0.32409093	0.0	0.0	0.17212917	0.031038553	0.2723035	0.1642314	0.29859033	0.0	0.0	0.0	0.3646225	0.0	0.0	0.0	0.16919856	0.0	0.008560319	0.0	0.0	0.15907104	0.0	0.0	0.0	0.0	0.0	0.28619823	0.0	0.41132295	0.0	0.0	0.0	0.066627204	0.090206884	0.0	0.0	0.0	0.24480088	0.0	0.0	0.0	0.070783526	0.07263715	0.0	0.0	0.50270057	0.2788128	0.0	0.0	0.25114608	0.0	0.010843884	0.0	0.0	0.13408524	0.0	0.0	0.0	0.0	0.2597303	0.40880153	0.0	0.36694264	0.0	0.28746128	0.0	0.29024515	0.32741	0.045710206	0.047724586	0.14093505	0.0	0.0	0.23914413	0.23727293	0.0	0.0	0.12070763	0.25862798	0.0	0.0	0.0
0.19821279	0.0	0.33463457	0.0	0.0	0.0033183333	0.0	0.0	0.0	0.3695356	0.0	0.30950782	0.0	0.0	0.034641992	0.25236216	0.0	0.0	0.0	0.0	0.0	0.0	0.03425559	0.0	0.0	0.20618598	0.0	0.3786653	0.0	0.0	0.0	0.099210404	0.15161844	0.0	0.37482905	0.0	0.19136053	0.0	0.0	0.18706866	0.25625095	0.0	0.4172908	0.0	0.0	0.3833468	0.30887604	0.0	0.0	0.16269143	0.022820493	0.25532177	0.13532217	0.2901666	0.0	0.0	0.0	0.3314864	0.0	0.0	0.0	0.18654184	0.0	0.015739819	0.0	0.0	0.17905487	0.0	0.0	0.0	0.0	0.0	0.27753285	0.0	0.40713286	0.0	0.0	0.0	0.09031161	0.09314156	0.0	0.0	0.0	0.2596641	0.0	0.0	0.0	0.09425373	0.043044686	0.0	0.0	0.5149527	0.2354136	0.0	0.0	0.2411217	0.0	0.037890833	0.0	0.0	0.11181674	0.0	0.0	0.0	0.0	0.23799516	0.40397987	0.0	0.35933316	0.0	0.31041217	0.0	0.2817087	0.33246723	0.09636456	0.06815756	0.16261905	0.0	0.0	0.2555307	0.25439999	0.0	0.0	0.11594965	0.25108647	0.0	0.0	0.0
0.11038917	0.02522401	0.32884595	0.0	0.0	0.052273456	0.0	0.0	0.0	0.30832863	0.0	0.16374904	0.0	0.0	0.05438221	0.2166527	0.0	0.0	0.0	0.0	0.0	0.0	0.035589334	0.0	0.0	0.26330736	0.0	0.28360388	0.0	0.0	0.0	0.09479099	0.13973145	0.0	0.2863094	0.0	0.2018357	0.0	0.0	0.14325844	0.24791843	0.0	0.34479138	0.0	0.0	0.36198398	0.27632165	0.0	0.0	0.101362824	0.043864697	0.19273704	0.15770681	0.22162329	0.0	0.0	0.0	0.21966302	0.0	0.0	0.0	0.17145677	0.0	0.003205118	0.0	0.0	0.11071756	0.0	0.0	0.0	0.006103676	0.0	0.26621422	0.0	0.3518437	0.0	0.0	0.0	0.1187461	0.087765045	0.0	0.0	0.0	0.19259727	0.0	0.0	0.0	0.1059641	0.047638133	0.0	0.0	0.45467302	0.14608334	0.0	0.0	0.17734511	0.0	0.06353566	0.0	0.0	0.07044069	0.0	0.0	0.0	0.0	0.14306833	0.34778658	0.0	0.31754306	0.0	0.30199578	0.0	0.1717037	0.27865842	0.17166328	0.08046502	0.21767382	0.0	0.0	0.24974382	0.1892247	0.0	0.0	0.1287594	0.21869169	0.0	0.0	0.0
0.12747756	0.018860042	0.31734124	0.0	0.0	0.05305433	0.0	0.0	0.0	0.30936748	0.0	0.1955619	0.0	0.0	0.050002158	0.23715134	0.0	0.0	0.0	0.0	0.0	0.0	0.031377353	0.0	0.0	0.25160286	0.0	0.30193365	0.0	0.0	0.0	0.087776475	0.15242599	0.0	0.3144823	0.0	0.20990558	0.0	0.0	0.1392417	0.23756301	0.0	0.34878182	0.0	0.0043482534	0.36274812	0.30096245	0.0	0.0	0.1299798	0.051577896	0.18495958	0.14736307	0.23242062	0.0	0.0	0.0	0.2533513	0.0	0.0	0.0	0.18471877	0.0	0.0050062574	0.0	0.0	0.1197912	0.0	0.0	0.0	0.014088894	0.0	0.27856722	0.0	0.36884347	0.0	0.0	0.0	0.09937186	0.09090364	0.0	0.0	0.0	0.20576036	0.0	0.0	0.0	0.10784477	0.047368456	0.0	0.0	0.4681926	0.1638284	0.0	0.0	0.19513316	0.0	0.06554723	0.0	0.0	0.08846319	0.0	0.0	0.0	0.0	0.17070867	0.35121533	0.0	0.30064943	0.0	0.29563177	0.0	0.18938462	0.27713153	0.15852281	0.07938475	0.20548289	0.0	0.0	0.24567537	0.1958348	0.0	0.0	0.1520918	0.21469133	0.0	0.0	0.0
0.19532126	0.0	0.32284635	0.0	0.0	0.020859743	0.0	0.0	0.0	0.33542123	0.0	0.24000461	0.0	0.0	0.03360395	0.31065518	0.0	0.0	0.0	0.0	0.0	0.0	0.012319761	0.0	0.0	0.24628831	0.0	0.37009487	0.0	0.0	0.0	0.08582368	0.15822843	0.0	0.30419764	0.0	0.21959996	0.0	0.0	0.15219025	0.264613	0.0	0.4280862	0.0	0.0	0.37456608	0.2519404	0.0	0.0	0.19740617	0.055170957	0.18546967	0.10163667	0.24388516	0.0	0.0	0.0	0.27052608	0.0	0.0	0.0	0.18193918	0.0	0.012935777	0.0	0.0	0.19388957	0.0	0.0	0.0	0.0	0.0	0.27681768	0.0	0.3541522	0.0	0.0	0.0	0.12639405	0.092811525	0.0	0.0	0.0	0.2453984	0.0	0.0	0.0	0.15502599	0.012205285	0.0	0.0	0.5423938	0.16051911	0.0	0.0	0.21148974	0.0	0.06305119	0.0	0.0	0.06598631	0.0	0.0	0.0	0.0	0.12789033	0.39664805	0.0	0.3068203	0.0	0.3725879	0.0	0.22193821	0.26670125	0.22923303	0.100030966	0.23210895	0.0	0.0	0.23759268	0.20397083	0.0	0.0	0.12948711	0.22382899	0.0	0.0	0.0
0.14825477	0.007377122	0.3241097	0.0	0.0	0.033136506	0.0	0.0	0.0	0.3136355	0.0	0.21264489	0.0	0.0	0.044151023	0.24264069	0.0	0.0	0.0	0.0	0.0	0.0	0.033345368	0.0	0.0	0.24442871	0.0	0.3161671	0.0	0.0	0.0	0.0944682	0.14837885	0.0	0.31790748	0.0	0.20365578	0.0	0.0	0.14947037	0.25292343	0.0	0.365193	0.0	0.0	0.36513725	0.28962976	0.0	0.0	0.13512616	0.03863469	0.20271482	0.14096253	0.24146372	0.0	0.0	0.0	0.26289806	0.0	0.0	0.0	0.18602748	0.0	0.010111305	0.0	0.0	0.13709866	0.0	0.0	0.0	0.005275242	0.0	0.27920815	0.0	0.36575118	0.0	0.0	0.0	0.10327184	0.086874396	0.0	0.0	0.0	0.2200666	0.0	0.0	0.0	0.09758588	0.036816586	0.0	0.0	0.4706235	0.1737809	0.0	0.0	0.19522963	0.0	0.06248908	0.0	0.0	0.08826906	0.0	0.0	0.0	0.0	0.16937713	0.35887924	0.0	0.31627706	0.0	0.30071536	0.0	0.21098338	0.2831891	0.14807421	0.07236346	0.20336066	0.0	0.0	0.25093165	0.2094302	0.0	0.0	0.13942601	0.21517889	0.0	0.0	0.0
0.19798993	0.0	0.32729664	0.0	0.0	0.012950103	0.0	0.0	0.0	0.34941742	0.0	0.27655742	0.0	0.0	0.03517195	0.2774746	0.0	0.0	0.0	0.0	0.0	0.0	0.018135987	0.0	0.0	0.22813652	0.0	0.36937842	0.0	0.0	0.0	0.08509592	0.15174253	0.0	0.33380485	0.0	0.1983608	0.0	0.0	0.16005707	0.2556144	0.0	0.42623648	0.0	0.0	0.37795424	0.2801368	0.0	0.0	0.18969893	0.038102254	0.21783435	0.117913425	0.25663447	0.0	0.0	0.0	0.2950929	0.0	0.0	0.0	0.18356104	0.0	0.008181625	0.0	0.0	0.19199316	0.0	0.0	0.0	0.0	0.0	0.27655855	0.0	0.37795913	0.0	0.0	0.0	0.11707642	0.08206513	0.0	0.0	0.0	0.24731676	0.0	0.0	0.0	0.13186592	0.025099857	0.0	0.0	0.5327446	0.19057868	0.0	0.0	0.22570741	0.0	0.04925156	0.0	0.0	0.089322664	0.0	0.0	0.0	0.0	0.17408846	0.38604274	0.0	0.31940797	0.0	0.33874038	0.0	0.2462539	0.29011306	0.17809887	0.08336734	0.20316274	0.0	0.0	0.24480389	0.22921415	0.0	0.0	0.12982297	0.22986682	0.0	0.0	0.0
0.12137117	0.0	0.30349565	0.0	0.0	0.027028605	0.0	0.0	0.0	0.2799785	0.0	0.17338921	0.0	0.0	0.03665602	0.2340654	0.0	0.0	0.0	0.0	0.0	0.0	0.028832061	0.0	0.0	0.22334437	0.0	0.28807852	0.0	0.0	0.0	0.07466496	0.14814405	0.0	0.2963062	0.0	0.1955118	0.0	0.0	0.14626805	0.21903837	0.0	0.32675394	0.0	0.0027032208	0.34683862	0.27949598	0.0	0.0	0.13368553	0.042581167	0.18274532	0.14614691	0.22107275	0.0	0.0	0.0	0.24294579	0.0	0.0	0.0	0.17749698	0.0	0.0021918628	0.0	0.0	0.12588538	0.0	0.0	0.0	0.005315602	0.0	0.26354554	0.0	0.34353244	0.0	0.0	0.0	0.093494214	0.07671009	0.0	0.0	0.0	0.186366	0.0	0.0	0.0	0.07959684	0.038211595	0.0	0.0	0.4255154	0.15780431	0.0	0.0	0.17924397	0.0	0.050654452	0.0	0.0	0.07592616	0.0	0.0	0.0	0.0	0.13309442	0.33273172	0.0	0.29370221	0.0	0.26467195	0.0	0.17387943	0.23128171	0.13803561	0.05481686	0.20096673	0.0	0.0	0.2514244	0.17240576	0.0	0.0	0.12250382	0.19327748	0.0	0.0	0.0
0.1527939	0.0	0.31137076	0.0	0.0	0.0218334	0.0	0.0	0.0	0.30522227	0.0	0.22086549	0.0	0.0	0.0341209	0.23957045	0.0	0.0	0.0	0.0	0.0	0.0	0.027589098	0.0	0.0	0.22008793	0.0	0.31479275	0.0	0.0	0.0	0.08550894	0.14879389	0.0	0.3176193	0.0	0.19678445	0.0	0.0	0.1531368	0.23262168	0.0	0.35938647	0.0	0.0	0.35423017	0.2931702	0.0	0.0	0.15292354	0.036091115	0.19901462	0.13951434	0.23131229	0.0	0.0	0.0	0.268844	0.0	0.0	0.0	0.17793357	0.0	0.008625592	0.0	0.0	0.15017746	0.0	0.0	0.0	0.0018109878	0.0	0.26841813	0.0	0.3617883	0.0	0.0	0.0	0.090218864	0.08674487	0.0	0.0	0.0	0.21476667	0.0	0.0	0.0	0.08529672	0.039910886	0.0	0.0	0.4635518	0.18166386	0.0	0.0	0.20190708	0.0	0.051354527	0.0	0.0	0.091319405	0.0	0.0	0.0	0.0	0.17312132	0.34691322	0.0	0.30498537	0.0	0.27710333	0.0	0.20930152	0.26812673	0.13098896	0.059731554	0.18588077	0.0	0.0	0.24614118	0.20627542	0.0	0.0	0.11323705	0.20814355	0.0	0.0	0.0
0.09222504	0.0065632905	0.30614355	0.0	0.0	0.03956798	0.00014498085	0.0	0.0	0.270035	0.0	0.14756961	0.0	0.0	0.049053323	0.2222145	0.0	0.0	0.0	0.0	0.0	0.0	0.029644638	0.0	0.0	0.23203667	0.0	0.26814133	0.0	0.0	0.0	0.07281578	0.15110594	0.0	0.28007004	0.0	0.20009576	0.0	0.0	0.13693772	0.20866795	0.0	0.30121198	0.0	0.0060534924	0.3454565	0.28671265	0.0	0.0	0.11315068	0.046845242	0.1680878	0.1563824	0.20832194	0.0	0.0	0.0	0.22762455	0.0	0.0	0.0	0.17388792	0.0	0.0014068832	0.0	0.0	0.100180626	0.0	0.0	0.0	0.008844825	0.0	0.2654861	0.0	0.3433626	0.0	0.0	0.0	0.098244555	0.0846468	0.0	0.0	0.0	0.16554968	0.0	0.0	0.0	0.0848274	0.052770823	0.0	0.0	0.41129613	0.1457934	0.0	0.0	0.17231898	0.0	0.05757164	0.0	0.0	0.074499704	0.0	0.0	0.0	0.0	0.13165037	0.32363868	0.0	0.2866244	0.0	0.25550374	0.0	0.15586828	0.22805588	0.1429926	0.05296576	0.2055452	0.0	0.0	0.25211948	0.16339022	0.0	0.0	0.12608309	0.18811907	0.0	0.0	0.0
0.093348466	0.010310935	0.3147798	0.0	0.0	0.036501598	0.0	0.0	0.0	0.2722038	0.0	0.1498774	0.0	0.0	0.05469835	0.2224983	0.0	0.0	0.0	0.0	0.0	0.0	0.0326464	0.0	0.0	0.23588759	0.0	0.26011848	0.0	0.0	0.0	0.07474713	0.15054663	0.0	0.28259507	0.0	0.19895484	0.0	0.0	0.13934454	0.20924711	0.0	0.2988759	0.0	0.0059626414	0.346419	0.28983846	0.0	0.0	0.11062509	0.043132026	0.17049956	0.16054437	0.20935483	0.0	0.0	0.0	0.2250712	0.0	0.0	0.0	0.1724025	0.0	0.0015039904	0.0	0.0	0.10157073	0.0	0.0	0.0	0.01059224	0.0	0.26689693	0.0	0.3524647	0.0	0.0	0.0	0.098330766	0.077585354	0.0	0.0	0.0	0.1619978	0.0	0.0	0.0	0.08100997	0.05582106	0.0	0.0	0.40760043	0.15114051	0.0	0.0	0.17770827	0.0	0.061706934	0.0	0.0	0.081935875	0.0	0.0	0.0	0.0	0.13414289	0.32027134	0.0	0.2904763	0.0	0.25233766	0.0	0.15393919	0.23189063	0.14026615	0.05571683	0.19844711	0.0	0.0	0.25154635	0.16478308	0.0	0.0	0.12024685	0.18366927	0.0	0.0	0.0
0.105607726	0.01459761	0.312851	0.0	0.0	0.044747088	0.0	0.0	0.0	0.27273342	0.0	0.14766301	0.0	0.0	0.047069225	0.22934286	0.0	0.0	0.0	0.0	0.0	0.0	0.030618235	0.0	0.0	0.24948706	0.0	0.2711829	0.0	0.0	0.0	0.08394901	0.1473427	0.0	0.27791634	0.0	0.20454542	0.0	0.0	0.13745786	0.22541301	0.0	0.31258285	0.0	0.0058403746	0.34719086	0.27767387	0.0	0.0	0.108663976	0.04450501	0.17247881	0.15488715	0.20896716	0.0	0.0	0.0	0.2235664	0.0	0.0	0.0	0.18172763	0.0	0.0041193976	0.0	0.0	0.10807995	0.0	0.0	0.0	0.009311192	0.0	0.27245712	0.0	0.34477487	0.0	0.0	0.0	0.103034906	0.08711135	0.0	0.0	0.0	0.17721754	0.0	0.0	0.0	0.08896937	0.040871534	0.0	0.0	0.41986108	0.14344566	0.0	0.0	0.16719182	0.0	0.06747172	0.0	0.0	0.07496087	0.0	0.0	0.0	0.0	0.13103966	0.3295866	0.0	0.28989533	0.0	0.26997423	0.0	0.15910839	0.24113242	0.15508759	0.069334865	0.2083749	0.0	0.0	0.25063387	0.1749077	0.0	0.0	0.12630929	0.19470973	0.0	0.0	0.0
0.09543508	0.015417613	0.30630246	0.0	0.0	0.049097452	0.0	0.0	0.0	0.27737913	0.0	0.14647777	0.0	0.0	0.05173929	0.22564001	0.0	0.0	0.0	0.0	0.0	0.0	0.029867237	0.0	0.0	0.24044885	0.0	0.26890832	0.0	0.0	0.0	0.074036814	0.1523697	0.0	0.27944958	0.0	0.2015878	0.0	0.0	0.13547352	0.21339129	0.0	0.3073392	0.0	0.007833765	0.34932137	0.2840428	0.0	0.0	0.11356077	0.050888535	0.16651298	0.15406825	0.2050739	0.0	0.0	0.0	0.22343035	0.0	0.0	0.0	0.17283523	0.0	0.0012361271	0.0	0.0	0.10026326	0.0	0.0	0.0	0.011840065	0.0	0.26603353	0.0	0.34219304	0.0	0.0	0.0	0.100351475	0.08394257	0.0	0.0	0.0	0.16965522	0.0	0.0	0.0	0.09116999	0.049715538	0.0	0.0	0.41722873	0.14510162	0.0	0.0	0.1723581	0.0	0.060460854	0.0	0.0	0.07556278	0.0	0.0	0.0	0.0	0.12998493	0.32315162	0.0	0.2870718	0.0	0.26476356	0.0	0.15114787	0.23046307	0.15564601	0.06128077	0.20942815	0.0	0.0	0.24684556	0.16355582	0.0	0.0	0.13195796	0.19055264	0.0	0.0	0.0
0.12479239	0.009609974	0.32611796	0.0	0.0	0.050566684	0.004657011	0.0	0.0	0.320829	0.0	0.19709687	0.0	0.0	0.05091049	0.22624703	0.0	0.0	0.0	0.0	0.0	0.0	0.03504772	0.0	0.0	0.25967163	0.0	0.29951787	0.0	0.0	0.0	0.09250256	0.1561801	0.0	0.32036626	0.0	0.21106978	0.0	0.0	0.14130281	0.24994008	0.0	0.3460132	0.0	0.0	0.3719575	0.31037673	0.0	0.0	0.121040165	0.041945353	0.20268382	0.15190752	0.24076068	0.0	0.0	0.0	0.25859687	0.0	0.0	0.0	0.1800432	0.0	0.007646752	0.0	0.0	0.10920005	0.0	0.0	0.0	0.012496865	0.0	0.28679627	0.0	0.3757933	0.0	0.0	0.0	0.10845377	0.098408185	0.0	0.0	0.0	0.20769846	0.0	0.0	0.0	0.10375762	0.05226235	0.0	0.0	0.4768721	0.16847296	0.0	0.0	0.19263327	0.0	0.066043966	0.0	0.0	0.09461069	0.0	0.0	0.0	0.0	0.17989117	0.3595318	0.0	0.31699094	0.0	0.30284747	0.0	0.19977711	0.29014766	0.14839892	0.08096307	0.20671357	0.0	0.0	0.25549024	0.20336886	0.0	0.0	0.14108516	0.21867494	0.0	0.0	0.0
0.12903604	0.0	0.31431288	0.0	0.0	0.018783895	0.0	0.0	0.0	0.29293522	0.0	0.19309437	0.0	0.0	0.03370698	0.21992123	0.0	0.0	0.0	0.0	0.0	0.0	0.02342631	0.0	0.0	0.21787298	0.0	0.29144776	0.0	0.0	0.0	0.08320263	0.14440842	0.0	0.30609655	0.0	0.18731046	0.0	0.0	0.15081804	0.22489922	0.0	0.33814323	0.0	0.0	0.3514961	0.28650752	0.0	0.0	0.13288184	0.031818237	0.1978619	0.15369721	0.22280036	0.0	0.0	0.0	0.2489131	0.0	0.0	0.0	0.17430146	0.0	0.005219206	0.0	0.0	0.13068753	0.0	0.0	0.0	0.00081756216	0.0	0.2649059	0.0	0.34999442	0.0	0.0	0.0	0.10058332	0.08255641	0.0	0.0	0.0	0.19065167	0.0	0.0	0.0	0.07450337	0.046881568	0.0	0.0	0.43588892	0.17443477	0.0	0.0	0.18825309	0.0	0.042770002	0.0	0.0	0.0882654	0.0	0.0	0.0	0.0	0.15496874	0.33445254	0.0	0.31042627	0.0	0.2633148	0.0	0.19050045	0.2471177	0.12182858	0.054478753	0.18886544	0.0	0.0	0.25265303	0.19722681	0.0	0.0	0.10741079	0.20193584	0.0	0.0	0.0
0.11345639	0.0	0.30756322	0.0	0.0	0.028454304	0.0	0.0	0.0	0.29806063	0.0	0.18172725	0.0	0.0	0.050113868	0.21846955	0.0	0.0	0.0	0.0	0.0	0.0	0.023650825	0.0	0.0	0.22188427	0.0	0.28583995	0.0	0.0	0.0	0.076239474	0.14689916	0.0	0.30029514	0.0	0.18684633	0.0	0.0	0.14343865	0.2181965	0.0	0.3264448	0.0	0.0	0.35247707	0.29221553	0.0	0.0	0.12896405	0.03629597	0.18693297	0.15067281	0.21822198	0.0	0.0	0.0	0.24258046	0.0	0.0	0.0	0.16716246	0.0	0.0	0.0	0.0	0.11303768	0.0	0.0	0.0	0.002136983	0.0	0.26064017	0.0	0.35151216	0.0	0.0	0.0	0.10111757	0.08116082	0.0	0.0	0.0	0.18154146	0.0	0.0	0.0	0.08385829	0.054009367	0.0	0.0	0.43727812	0.16842204	0.0	0.0	0.18728732	0.0	0.045515433	0.0	0.0	0.0831014	0.0	0.0	0.0	0.0	0.15462093	0.33105686	0.0	0.3044777	0.0	0.26646864	0.0	0.18110035	0.24478292	0.13496895	0.053786367	0.19995339	0.0	0.0	0.24822319	0.17843103	0.0	0.0	0.11582816	0.20396233	0.0	0.0	0.0
0.1103554	0.010597234	0.31584367	0.0	0.0	0.050269615	0.0	0.0	0.0	0.3027964	0.0	0.17391373	0.0	0.0	0.057184055	0.22394615	0.0	0.0	0.0	0.0	0.0	0.0	0.029160393	0.0	0.0	0.2491781	0.0	0.28775445	0.0	0.0	0.0	0.0833412	0.15243219	0.0	0.300706	0.0	0.20208211	0.0	0.0	0.1365935	0.22933717	0.0	0.3294275	0.0	0.003525236	0.36099127	0.29863128	0.0	0.0	0.11884423	0.046333287	0.18303984	0.15127154	0.2247913	0.0	0.0	0.0	0.23999302	0.0	0.0	0.0	0.1766756	0.0	0.0033671483	0.0	0.0	0.1046355	0.0	0.0	0.0	0.010777254	0.0	0.2753676	0.0	0.35973755	0.0	0.0	0.0	0.106192194	0.09211711	0.0	0.0	0.0	0.18762167	0.0	0.0	0.0	0.10008333	0.052284524	0.0	0.0	0.45396996	0.15723781	0.0	0.0	0.18670082	0.0	0.062191356	0.0	0.0	0.083387345	0.0	0.0	0.0	0.0	0.15835202	0.34332797	0.0	0.30218717	0.0	0.28797615	0.0	0.18130155	0.26473507	0.15381071	0.07247422	0.21058667	0.0	0.0	0.2480311	0.18299715	0.0	0.0	0.13806678	0.20716555	0.0	0.0	0.0
0.10720768	0.013385296	0.31124604	0.0	0.0	0.040022004	0.0	0.0	0.0	0.27497563	0.0	0.16071935	0.0	0.0	0.04232702	0.22868814	0.0	0.0	0.0	0.0	0.0	0.0	0.032269526	0.0	0.0	0.24020366	0.0	0.27514803	0.0	0.0	0.0	0.07885503	0.1509242	0.0	0.28567111	0.0	0.2003756	0.0	0.0	0.13786574	0.21792825	0.0	0.31547794	0.0	0.006878992	0.3528686	0.28235492	0.0	0.0	0.11345396	0.046433687	0.17500125	0.15318231	0.21177866	0.0	0.0	0.0	0.2313168	0.0	0.0	0.0	0.17661054	0.0	0.004172781	0.0	0.0	0.10900883	0.0	0.0	0.0	0.0104528675	0.0	0.27108538	0.0	0.3488083	0.0	0.0	0.0	0.09944162	0.082770534	0.0	0.0	0.0	0.17604856	0.0	0.0	0.0	0.08693821	0.046785876	0.0	0.0	0.42045394	0.14973049	0.0	0.0	0.17804976	0.0	0.06173483	0.0	0.0	0.08161611	0.0	0.0	0.0	0.0	0.13935661	0.32820237	0.0	0.28911912	0.0	0.2636784	0.0	0.16437578	0.23800059	0.14876364	0.06008644	0.20027672	0.0	0.0	0.24767089	0.1763124	0.0	0.0	0.13004555	0.19080637	0.0	0.0	0.0
0.13803037	0.0031470414	0.3190946	0.0	0.0	0.033713	0.0	0.0	0.0	0.30920509	0.0	0.19581574	0.0	0.0	0.044142533	0.23510182	0.0	0.0	0.0	0.0	0.0	0.0	0.029558724	0.0	0.0	0.24159487	0.0	0.30125573	0.0	0.0	0.0	0.08910624	0.14864856	0.0	0.30791315	0.0	0.20245762	0.0	0.0	0.1496125	0.24091613	0.0	0.35242596	0.0	0.0	0.36109033	0.2877363	0.0	0.0	0.13416658	0.039461985	0.1936471	0.14272375	0.229685	0.0	0.0	0.0	0.25108108	0.0	0.0	0.0	0.18219946	0.0	0.006778645	0.0	0.0	0.13273564	0.0	0.0	0.0	0.0048378757	0.0	0.27566865	0.0	0.35961083	0.0	0.0	0.0	0.10166001	0.09100539	0.0	0.0	0.0	0.20761503	0.0	0.0	0.0	0.09696948	0.0404225	0.0	0.0	0.46113452	0.1679086	0.0	0.0	0.189218	0.0	0.05996755	0.0	0.0	0.08634763	0.0	0.0	0.0	0.0	0.16150136	0.3484569	0.0	0.31031653	0.0	0.29167506	0.0	0.1969949	0.26898798	0.14712004	0.07177674	0.1981826	0.0	0.0	0.25020674	0.20001821	0.0	0.0	0.12662375	0.21092379	0.0	0.0	0.0
0.16466786	0.0	0.31806484	0.0	0.0	0.016272848	0.0	0.0	0.0	0.30882952	0.0	0.19429044	0.0	0.0	0.027059982	0.2599978	0.0	0.0	0.0	0.0	0.0	0.0	0.022224903	0.0	0.0	0.24383783	0.0	0.3188708	0.0	0.0	0.0	0.08818674	0.14411752	0.0	0.29470828	0.0	0.20920914	0.0	0.0	0.15871294	0.25362292	0.0	0.38398394	0.0	0.0	0.34979835	0.2634879	0.0	0.0	0.15127496	0.04307357	0.19312848	0.13236208	0.23395807	0.0	0.0	0.0	0.24882738	0.0	0.0	0.0	0.18362375	0.0	0.009146783	0.0	0.0	0.17030923	0.0	0.0	0.0	0.0	0.0	0.27114612	0.0	0.33421072	0.0	0.0	0.0	0.107010394	0.08973902	0.0	0.0	0.0	0.22029097	0.0	0.0	0.0	0.1011244	0.022213822	0.0	0.0	0.47462726	0.16083968	0.0	0.0	0.18829393	0.0	0.06095344	0.0	0.0	0.08217477	0.0	0.0	0.0	0.0	0.11675384	0.36997667	0.0	0.3002009	0.0	0.30274877	0.0	0.1868364	0.25435707	0.17724526	0.08111764	0.19394405	0.0	0.0	0.24923034	0.19375007	0.0	0.001383402	0.110498965	0.20312703	0.0	0.0	0.0
0.13670325	0.0	0.31063184	0.0	0.0	0.028044248	0.0	0.0	0.0	0.3113578	0.0	0.20807368	0.0	0.0	0.044269215	0.23031004	0.0	0.0	0.0	0.0	0.0	0.0	0.025739135	0.0	0.0	0.22256963	0.0	0.30548236	0.0	0.0	0.0	0.08512113	0.14655828	0.0	0.3130213	0.0	0.18611829	0.0	0.0	0.1477595	0.23269188	0.0	0.35025346	0.0	0.0	0.3580508	0.29408476	0.0	0.0	0.14117302	0.03799045	0.20209795	0.13952501	0.23140281	0.0	0.0	0.0	0.25853416	0.0	0.0	0.0	0.17595088	0.0	0.0008675878	0.0	0.0	0.128013	0.0	0.0	0.0	0.00026030838	0.0	0.2668878	0.0	0.3603954	0.0	0.0	0.0	0.10463574	0.08713177	0.0	0.0	0.0	0.20424426	0.0	0.0	0.0	0.09291028	0.048978224	0.0	0.0	0.46570507	0.17434795	0.0	0.0	0.19576097	0.0	0.046855886	0.0	0.0	0.0859709	0.0	0.0	0.0	0.0	0.16967344	0.3459499	0.0	0.31019476	0.0	0.28469804	0.0	0.2030551	0.26645938	0.13676511	0.061377645	0.19984274	0.0	0.0	0.24932833	0.19646852	0.0	0.0	0.11658735	0.21639943	0.0	0.0	0.0
0.13372202	0.017922794	0.33474895	0.0	0.0	0.059408445	0.0	0.0	0.0	0.333102	0.0	0.21465313	0.0	0.0	0.051771227	0.23340358	0.0	0.0	0.0	0.0	0.0	0.0	0.035978932	0.0	0.0	0.27979317	0.0	0.31587133	0.0	0.0	0.0	0.10146589	0.16134237	0.0	0.3389947	0.0	0.2181652	0.0	0.0	0.14121594	0.25769463	0.0	0.3671519	0.0	0.0032519177	0.385049	0.3204665	0.0	0.0	0.11509786	0.04661421	0.20238619	0.1515736	0.25327525	0.0	0.0	0.0	0.26759854	0.0	0.0	0.0	0.18784596	0.0	0.011269152	0.0	0.0	0.11466849	0.0	0.0	0.0	0.0144732045	0.0	0.296474	0.0	0.39450428	0.0	0.0	0.0	0.116224885	0.10103929	0.0	0.0	0.0	0.21984899	0.0	0.0011686893	0.0	0.119341336	0.055683464	0.0	0.0	0.5075423	0.17714113	0.0	0.0	0.20804034	0.0	0.07421841	0.0	0.0	0.1032269	0.0	0.0	0.0	0.0	0.19906646	0.3798159	0.0	0.32269952	0.0	0.3218082	0.0	0.21653074	0.32059857	0.159926	0.09584976	0.2068383	0.0	0.0	0.246997	0.21781509	0.0	0.0	0.17164856	0.22733933	0.0	0.0	0.0
0.099718966	0.030545121	0.31219634	0.0	0.0	0.06943739	0.0	0.0	0.0	0.2895901	0.0	0.15144542	0.0	0.0	0.054743737	0.23601656	0.0	0.0	0.0	0.0	0.0	0.0	0.032083347	0.0	0.0	0.2665388	0.0	0.2800549	0.0	0.0	0.0	0.082494415	0.15780352	0.0	0.29057166	0.0	0.2159391	0.0	0.0	0.13035744	0.22843702	0.0	0.3211249	0.0	0.007453583	0.36332437	0.29423642	0.0	0.0	0.10933476	0.06303672	0.16416651	0.15162794	0.2187788	0.0	0.0	0.0	0.23012339	0.0	0.0	0.0	0.18237764	0.0	0.005756629	0.0	0.0	0.097326	0.0	0.0	0.0	0.015968138	0.0	0.2772275	0.0	0.35812068	0.0	0.0	0.0	0.10366824	0.086989515	0.0	0.0	0.0	0.18621646	0.0	0.0	0.0	0.11198574	0.045521904	0.0	0.0	0.4474152	0.14207727	0.0	0.0	0.18020588	0.0	0.073347695	0.0	0.0	0.07816923	0.0	0.0	0.0	0.0	0.14344412	0.34337237	0.0	0.28745773	0.0	0.2929013	0.0	0.16445981	0.26139858	0.17376184	0.08357742	0.21936564	0.0	0.0	0.24646127	0.17030948	0.0	0.0	0.15180182	0.20257552	0.0	0.0034128998	0.0
0.08836788	0.012291742	0.310429	0.0	0.0	0.04591321	0.0	0.0	0.0	0.26899073	0.0	0.14039566	0.0	0.0	0.043976683	0.22092085	0.0	0.0	0.0	0.0	0.0	0.0	0.029836303	0.0	0.0	0.2396761	0.0	0.2659465	0.0	0.0	0.0	0.07258722	0.15132709	0.0	0.2780472	0.0	0.20372792	0.0	0.0	0.1302352	0.21332903	0.0	0.29794708	0.0	0.0072818757	0.34643126	0.28295556	0.0	0.0	0.110872954	0.048285108	0.17098431	0.1624081	0.21092641	0.0	0.0	0.0	0.22531219	0.0	0.0	0.0	0.17322767	0.0	0.0	0.0	0.0	0.09532204	0.0	0.0	0.0	0.011424198	0.0	0.2700343	0.0	0.3407528	0.0	0.0	0.0	0.0984917	0.0845471	0.0	0.0	0.0	0.16584401	0.0	0.0	0.0	0.085911654	0.05346329	0.0	0.0	0.41231933	0.13927959	0.0	0.0	0.16960837	0.0	0.059108872	0.0	0.0	0.080012016	0.0	0.0	0.0	0.0	0.12491444	0.32495666	0.0	0.28416413	0.0	0.25567803	0.0	0.14569654	0.22430015	0.15250146	0.050894488	0.20795988	0.0	0.0	0.25291693	0.15952522	0.0	0.0	0.12711115	0.18943767	0.0	0.0	0.0
0.11309797	0.005791213	0.31279567	0.0	0.0	0.03593214	0.0	0.0	0.0	0.27211133	0.0	0.16796179	0.0	0.0	0.036504284	0.22931726	0.0	0.0	0.0	0.0	0.0	0.0	0.031512707	0.0	0.0	0.23886013	0.0	0.27827826	0.0	0.0	0.0	0.08233598	0.14918093	0.0	0.29422152	0.0	0.20228875	0.0	0.0	0.14022349	0.22276194	0.0	0.31857875	0.0	0.0031776477	0.34593353	0.28677642	0.0	0.0	0.12010312	0.0380777	0.17617297	0.15439497	0.21115124	0.0	0.0	0.0	0.23780169	0.0	0.0	0.0	0.18090951	0.0	0.005975902	0.0	0.0	0.11901922	0.0	0.0	0.0	0.010375411	0.0	0.27176315	0.0	0.3487905	0.0	0.0	0.0	0.09471029	0.081478186	0.0	0.0	0.0	0.18243904	0.0	0.0	0.0	0.081691034	0.042811614	0.0	0.0	0.4250585	0.15712929	0.0	0.0	0.17898734	0.0	0.05984105	0.0	0.0	0.084071	0.0	0.0	0.0	0.0	0.14228189	0.32852945	0.0	0.2908275	0.0	0.25898835	0.0	0.16947122	0.24430758	0.13873482	0.059503343	0.19382913	0.0	0.0	0.24884193	0.18035431	0.0	0.0	0.12320731	0.19217849	0.0	0.0	0.0
0.21504791	0.0	0.33925807	0.0	0.0	0.014321557	0.0	0.0	0.0	0.33992067	0.0	0.24551563	0.0	0.0	0.020919025	0.30812988	0.0	0.0	0.0	0.0	0.0	0.0	0.014095753	0.0	0.0	0.24847393	0.0	0.36222616	0.0	0.0	0.0	0.08618644	0.14447157	0.0	0.3003061	0.0	0.21750224	0.0	0.0	0.15196629	0.26890957	0.0	0.43942443	0.0	0.0	0.37508848	0.24163514	0.0	0.0	0.20679514	0.049562085	0.19960678	0.10874554	0.23584855	0.0	0.0	0.0	0.2582282	0.0	0.0	0.0	0.18228383	0.0	0.0077939243	0.0	0.0	0.21009922	0.0	0.0	0.0	0.0	0.0	0.27166364	0.0	0.34258118	0.0	0.0	0.0	0.13171203	0.08588783	0.0	0.0	0.0	0.25274253	0.0	0.0	0.0	0.1624668	0.0	0.0	0.0	0.5392406	0.1531578	0.0	0.0	0.20741756	0.0	0.07020402	0.0	0.0	0.0687988	0.0	0.0	0.0	0.0	0.11718487	0.3888637	0.0	0.31032792	0.0	0.37392664	0.0	0.2148483	0.26523682	0.24104731	0.09616476	0.229115	0.0	0.0	0.2504059	0.209499	0.0	0.0	0.1078131	0.21890993	0.0	0.0	0.0
0.09993744	0.028282782	0.32327208	0.0	0.0	0.070785426	0.0	0.0	0.0	0.31502864	0.0	0.17798644	0.0	0.0	0.063668475	0.21946903	0.0	0.0	0.0	0.0	0.0	0.0	0.032663662	0.0	0.0	0.26716164	0.0	0.29084286	0.0	0.0	0.0	0.08771646	0.15745294	0.0	0.31241044	0.0	0.2136728	0.0	0.0	0.13533986	0.23602015	0.0	0.33381867	0.0	0.0065281293	0.37121454	0.31378356	0.0	0.0	0.10500396	0.054344356	0.1818906	0.15634567	0.23630686	0.0	0.0	0.0	0.24429385	0.0	0.0	0.0	0.18158866	0.0	0.006771522	0.0	0.0	0.09221762	0.0	0.0	0.0	0.01700885	0.0	0.28184602	0.0	0.3761511	0.0	0.0	0.0	0.10781502	0.09353035	0.0	0.0	0.0	0.1932487	0.0	0.00052430975	0.0	0.110491276	0.061333757	0.0	0.0	0.46992877	0.15904081	0.0	0.0	0.19278313	0.0	0.066735215	0.0	0.0	0.091569245	0.0	0.0	0.0	0.0	0.17335548	0.3578712	0.0	0.30296066	0.0	0.30127707	0.0	0.18538903	0.2856551	0.15941359	0.081793696	0.21246386	0.0	0.0	0.24740346	0.18404691	0.0	0.0	0.16887121	0.21505654	0.0	0.00096382323	0.0
0.06946901	0.017910652	0.31152362	0.0	0.0	0.06234029	0.0	0.0	0.0	0.2724479	0.0	0.1141381	0.0	0.0	0.063417815	0.21401842	0.0	0.0	0.0	0.0	0.0	0.0	0.03415523	0.0	0.0	0.24970232	0.0	0.25145593	0.0	0.0	0.0	0.07439228	0.15187822	0.0	0.25878957	0.0	0.21430202	0.0	0.0	0.13857314	0.21731417	0.0	0.28709814	0.0	0.0044284947	0.33846912	0.28171232	0.0	0.0	0.094805986	0.051635712	0.15523137	0.16837128	0.20005183	0.0	0.0	0.0	0.2051435	0.0	0.0	0.0	0.17100163	0.0	0.0	0.0	0.0	0.08641852	0.0	0.0	0.0	0.011435018	0.0	0.2596555	0.0	0.3242565	0.0	0.0	0.0	0.104187556	0.089250356	0.0	0.0	0.0	0.15587015	0.0	0.0	0.0	0.09343008	0.045645107	0.0	0.0	0.4074507	0.1255606	0.0	0.0	0.15158708	0.0	0.06950844	0.0	0.0	0.06254913	0.0	0.0	0.0	0.0	0.11087513	0.32346487	0.0	0.28820464	0.0	0.26570264	0.0	0.13357417	0.24053569	0.16745198	0.07364138	0.21521838	0.0	0.0	0.24841703	0.15217575	0.0	0.0	0.1286081	0.19512321	0.0	0.0	0.0
0.08357822	0.018738585	0.3075405	0.0	0.0	0.06308375	0.0	0.0	0.0	0.25881207	0.0	0.11364335	0.0	0.0	0.054010823	0.23326193	0.0	0.0	0.0	0.0	0.0	0.0	0.03525686	0.0	0.0	0.25081396	0.0	0.25506064	0.0	0.0	0.0	0.07761031	0.15265535	0.0	0.25612962	0.0	0.22695273	0.0	0.0	0.13593693	0.22141187	0.0	0.2893657	0.0	0.00436982	0.3393	0.27754176	0.0	0.0	0.10577395	0.059951793	0.14550246	0.16073371	0.19726795	0.0	0.0	0.0	0.21217127	0.0	0.0	0.0	0.17661946	0.0	0.0018848715	0.0	0.0	0.10047507	0.0	0.0	0.0	0.0179147	0.0	0.26424482	0.0	0.32352802	0.0	0.0	0.0	0.093497664	0.092583954	0.0	0.0	0.0	0.16855843	0.0	0.0	0.0	0.09628868	0.0374774	0.0	0.0	0.40874553	0.11833113	0.0	0.0	0.15506817	0.0	0.075875364	0.0	0.0	0.062924035	0.0	0.0	0.0	0.0	0.10633447	0.31937027	0.0	0.27318403	0.0	0.265186	0.0	0.1330957	0.23545766	0.17807585	0.07551337	0.21378852	0.0	0.0	0.25123906	0.15356177	0.0	0.0	0.12407833	0.18513387	0.0	0.0	0.0
0.084914505	0.018016689	0.30749172	0.0	0.0	0.058178157	0.0	0.0	0.0	0.2562895	0.0	0.10835204	0.0	0.0	0.053664338	0.22773612	0.0	0.0	0.0	0.0	0.0	0.0	0.032787547	0.0	0.0	0.2591338	0.0	0.24476926	0.0	0.0	0.0	0.077556886	0.14772363	0.0	0.25431716	0.0	0.2281599	0.0	0.0	0.13553335	0.22392066	0.0	0.285828	0.0	0.0	0.3337803	0.27102247	0.0	0.0	0.100411616	0.05196026	0.14589357	0.16432314	0.19318853	0.0	0.0	0.0	0.20354979	0.0	0.0	0.0	0.18043633	0.0	0.0054406696	0.0	0.0	0.10262233	0.0	0.0	0.0	0.012739159	0.0	0.2656335	0.0	0.32095197	0.0	0.0	0.0	0.09341136	0.086296625	0.0	0.0	0.0	0.16229227	0.0	0.0	0.0	0.09443915	0.028823072	0.0	0.0	0.40002513	0.11930638	0.0	0.0	0.14310092	0.0	0.07792763	0.0	0.0	0.058027912	0.0	0.0	0.0	0.0	0.101757504	0.31753322	0.0	0.27588415	0.0	0.2637184	0.0	0.13118118	0.23498566	0.17448638	0.0761615	0.2141412	0.0	0.0	0.24916023	0.15474409	0.0	0.0	0.13100024	0.18775173	0.0	0.0	0.0
0.18683743	0.0	0.2652352	0.0	0.0	0.0	0.0	0.0	0.0	0.18088381	0.0	0.022436386	0.0	0.0	0.0	0.32458082	0.0	0.0	0.0	0.0	0.0	0.0	0.0	0.0	0.0	0.21745615	0.0	0.24939023	0.0	0.0	0.0	0.009951449	0.119383	0.0	0.090458505	0.0	0.24987274	0.0	0.0	0.08261284	0.18206199	0.0	0.31418106	0.0	0.0	0.24818476	0.031729873	0.0	0.0	0.26602292	0.10873052	0.06265872	0.10316288	0.105054796	0.0015578506	0.0	0.0	0.08387833	0.0	0.0	0.0	0.16880322	0.0	0.0011156487	0.000450174	0.0	0.22806984	0.0	0.0	0.0	0.0	0.0	0.253548	0.0	0.124085724	0.0	0.0	0.0	0.08272678	0.007840943	0.009823916	0.0	0.0	0.12356895	0.0	0.0	0.0	0.13295574	0.0	0.0	0.0	0.31555924	0.051129937	0.0	0.03236584	0.09437858	0.0	0.09880257	0.006218016	0.0	0.0012554644	0.0	0.0	0.0	0.0	0.0	0.28479782	0.0	0.182963	0.0	0.30963022	0.0	0.013462902	0.0	0.29055306	0.043985367	0.29690173	0.0	0.0	0.20219062	0.057292387	0.0	0.04012239	0.0	0.11486992	0.0	0.0	0.0
0.09444224	0.018812893	0.30252796	0.0	0.0	0.05753055	0.0002639933	0.0	0.0	0.26490518	0.0	0.10569412	0.0	0.0	0.051148433	0.2391359	0.0	0.0	0.0	0.0	0.0	0.0	0.027782075	0.0	0.0	0.26568797	0.0	0.25847796	0.0	0.0	0.0	0.07972101	0.14940329	0.0	0.24844842	0.0	0.228495	0.0	0.0	0.13130803	0.22954327	0.0	0.30065826	0.0	0.0	0.34077355	0.2590271	0.0	0.0	0.11301362	0.061678436	0.14550501	0.14856972	0.19324338	0.0	0.0	0.0	0.19866855	0.0	0.0	0.0	0.1799678	0.0	0.0045059063	0.0	0.0	0.1063835	0.0	0.0	0.0	0.01063425	0.0	0.26224235	0.0	0.3119781	0.0	0.0	0.0	0.102820635	0.092146575	0.0	0.0	0.0	0.17080699	0.0	0.0	0.0	0.10921932	0.024967685	0.0	0.0	0.4219334	0.11521117	0.0	0.0	0.14655252	0.0	0.079446875	0.0	0.0	0.05219856	0.0	0.0	0.0	0.0	0.095307894	0.32500002	0.0	0.278777	0.0	0.28944173	0.0	0.12650917	0.23200922	0.19553183	0.09090134	0.22681431	0.0	0.0	0.24828877	0.1565273	0.0	0.0	0.12766054	0.19222657	0.0	0.0	0.0
0.07995693	0.020781798	0.30750695	0.0	0.0	0.07191744	0.0019611001	0.0	0.0	0.2678543	0.0	0.11733391	0.0	0.0	0.06263387	0.23258495	0.0	0.0	0.0	0.0	0.0	0.0	0.033752084	0.0	0.0	0.25784817	0.0	0.25669658	0.0	0.0	0.0	0.079191804	0.15480171	0.0	0.26214638	0.0	0.23208876	0.0	0.0	0.1340064	0.22449432	0.0	0.2925444	0.0	0.0026136537	0.34163773	0.28674674	0.0	0.0	0.10436847	0.06331105	0.14468233	0.16232595	0.20471227	0.0	0.0	0.0	0.21656008	0.0	0.0	0.0	0.17697942	0.0	0.0014287481	0.0	0.0	0.094837524	0.0	0.0	0.0	0.017109003	0.0	0.26519778	0.0	0.3309741	0.0	0.0	0.0	0.09602755	0.09523979	0.0	0.0	0.0	0.17051987	0.0	0.0	0.0	0.104959965	0.037337773	0.0	0.0	0.42242542	0.12018373	0.0	0.0	0.15676148	0.0	0.077004224	0.0	0.0	0.063618936	0.0	0.0	0.0	0.0	0.11471162	0.32539842	0.0	0.27589038	0.0	0.2771493	0.0	0.13699971	0.2456079	0.1819432	0.08165592	0.21809141	0.0	0.0	0.250083	0.15369208	0.0	0.0	0.13805003	0.19307482	0.0	0.0	0.0
0.16352059	0.008511138	0.31722376	0.0	0.0	0.039151255	0.0	0.0	0.0	0.3223484	0.0	0.1939267	0.0	0.0	0.042308416	0.27189717	0.0	0.0	0.0	0.0	0.0	0.0	0.019785421	0.0	0.0	0.25845483	0.0	0.32406393	0.0	0.0	0.0	0.09069807	0.14754833	0.0	0.2871965	0.0	0.21315946	0.0	0.0	0.14470993	0.26340124	0.0	0.39107326	0.0	0.0	0.3659605	0.25795054	0.0	0.0	0.15763	0.054632705	0.18340147	0.122980386	0.21744269	0.0	0.0	0.0	0.22943264	0.0	0.0	0.0	0.17596722	0.0	0.004702224	0.0	0.0	0.15640749	0.0	0.0	0.0	0.0	0.0	0.26523706	0.0	0.32992402	0.0	0.0	0.0	0.123644836	0.09826487	0.0	0.0	0.0	0.22424527	0.0	0.0	0.0	0.14348881	0.021224767	0.0	0.0	0.50496155	0.1396813	0.0	0.0	0.18399481	0.0	0.07122138	0.0	0.0	0.060030114	0.0	0.0	0.0	0.0	0.12698407	0.3604331	0.0	0.3080435	0.0	0.3449038	0.0	0.18661769	0.2747486	0.22781569	0.10434339	0.22727664	0.0	0.0	0.23947352	0.20081443	0.0	0.0	0.12251965	0.22392826	0.0	0.0	0.0
0.09293127	0.013557804	0.30019644	0.0	0.0	0.06250872	0.0	0.0	0.0	0.25578055	0.0	0.12002084	0.0	0.0	0.05420317	0.24834667	0.0	0.0	0.0	0.0	0.0	0.0	0.034093577	0.0	0.0	0.2542064	0.0	0.2585672	0.0	0.0	0.0	0.07838971	0.15131153	0.0	0.25304914	0.0	0.22684348	0.0	0.0	0.13563442	0.22932303	0.0	0.29765776	0.0	0.0	0.33721125	0.27197418	0.0	0.0	0.113263704	0.06508986	0.14202708	0.15126888	0.19595943	0.0	0.0	0.0	0.2120316	0.0	0.0	0.0	0.17988484	0.0	0.0051179403	0.0	0.0	0.11011366	0.0	0.0	0.0	0.0118532935	0.0	0.26182732	0.0	0.3270686	0.0	0.0	0.0	0.09454342	0.09211755	0.0	0.0	0.0	0.17479086	0.0	0.0	0.0	0.10742184	0.031106161	0.0	0.0	0.41675022	0.11421734	0.0	0.0	0.15227409	0.0	0.08077218	0.0	0.0	0.056350857	0.0	0.0	0.0	0.0	0.106102966	0.31915078	0.0	0.27178875	0.0	0.2756097	0.0	0.13864614	0.2421807	0.18972902	0.086558424	0.22080187	0.0	0.0	0.24900258	0.15646562	0.0	0.0	0.12736315	0.19095726	0.0	0.0	0.0
0.16640039	0.01111127	0.30344373	0.0	0.0	0.046466812	0.0	0.0	0.0	0.30623066	0.0	0.17844963	0.0	0.0	0.036754597	0.29791453	0.0	0.0	0.0	0.0	0.0	0.0	0.020706387	0.0	0.0	0.26686662	0.0	0.32142147	0.0	0.0	0.0	0.0875498	0.15360908	0.0	0.27128172	0.0	0.23110235	0.0	0.0	0.14013517	0.26764938	0.0	0.38139403	0.0	0.0	0.36144617	0.24768023	0.0	0.0	0.16830504	0.07018596	0.16773938	0.109009184	0.2140116	0.0	0.0	0.0	0.22839628	0.0	0.0	0.0	0.18510298	0.0	0.010262209	0.0	0.0	0.16287227	0.0	0.0	0.0	0.00016730775	0.0	0.2702752	0.0	0.32446298	0.0	0.0	0.0	0.11298478	0.099481784	0.0	0.0	0.0	0.22565396	0.0	0.0	0.0	0.15857118	0.013098456	0.0	0.0	0.50342435	0.12359675	0.0	0.0	0.1758705	0.0	0.0838837	0.0	0.0	0.047845077	0.0	0.0	0.0	0.0	0.10893797	0.35764542	0.0	0.29234517	0.0	0.3539772	0.0	0.17184252	0.264464	0.25105712	0.11544853	0.23866953	0.0	0.0	0.24212468	0.19059318	0.0	0.0	0.12951516	0.22051413	0.0	0.0013590729	0.0
0.08626747	0.019072592	0.29669434	0.0	0.0	0.06543323	0.0	0.0	0.0	0.25613797	0.0	0.118053384	0.0	0.0	0.05463642	0.2450294	0.0	0.0	0.0	0.0	0.0	0.0	0.03223035	0.0	0.0	0.2498784	0.0	0.25659907	0.0	0.0	0.0	0.07746441	0.15291534	0.0	0.25380954	0.0	0.22786702	0.0	0.0	0.13588028	0.2266875	0.0	0.29562613	0.0	0.0	0.33462676	0.27272376	0.0	0.0	0.115454495	0.06635239	0.1415807	0.15195376	0.19303022	0.0	0.0	0.0	0.20643882	0.0	0.0	0.0	0.1771967	0.0	0.004820358	0.0	0.0	0.10595211	0.0	0.0	0.0	0.0118617425	0.0	0.2601364	0.0	0.32336047	0.0	0.0	0.0	0.09478416	0.08848306	0.0	0.0	0.0	0.17189528	0.0	0.0	0.0	0.10589361	0.03388795	0.0	0.0	0.4150103	0.11534673	0.0	0.0	0.1510566	0.0	0.07612383	0.0	0.0	0.052595753	0.0	0.0	0.0	0.0	0.09810164	0.3146758	0.0	0.27244362	0.0	0.27174535	0.0	0.12924819	0.23654051	0.19152243	0.08489209	0.22363234	0.0	0.0	0.24808212	0.15220918	0.0	0.0	0.12919128	0.19225639	0.0	0.0	0.0
0.10336163	0.015464532	0.31816277	0.0	0.0	0.07093835	0.0	0.0	0.0	0.31543756	0.0	0.17802246	0.0011868337	0.0	0.066723965	0.22986609	0.0	0.0	0.0	0.0	0.0	0.0	0.030916518	0.0	0.0	0.25744656	0.0	0.2907845	0.0	0.0	0.0	0.089752875	0.15233432	0.0	0.30402446	0.0	0.21566997	0.0	0.0	0.14559142	0.25414014	0.0	0.34088495	0.0	0.0	0.36287555	0.30389416	0.0	0.0	0.11260742	0.053578693	0.17659952	0.15235227	0.22809856	0.0	0.0	0.0	0.23937748	0.0	0.0	0.0	0.18068616	0.0	0.0039581046	0.0	0.0	0.105068184	0.0	0.0	0.0	0.010296271	0.0	0.2688062	0.0	0.3587245	0.0	0.0	0.0	0.11092931	0.09876656	0.0	0.0	0.0	0.1971	0.0	0.0	0.0	0.11696187	0.049719673	0.0	0.0	0.47451058	0.15048796	0.0	0.0	0.18207228	0.0	0.0660134	0.0	0.0	0.071399026	0.0	0.0	0.0	0.0	0.15777837	0.3503116	0.0	0.30899128	0.0	0.30525804	0.0	0.18583377	0.29905674	0.17664224	0.0963546	0.21612865	0.0	0.0	0.2455316	0.18993247	0.0	0.0	0.15553103	0.22877699	0.0	0.0	0.0
0.072569534	0.021360131	0.3068944	0.0	0.0	0.064048566	0.0	0.0	0.0	0.26072446	0.0	0.11784488	0.0	0.0	0.06084303	0.2260099	0.0	0.0	0.0	0.0	0.0	0.0	0.033525694	0.0	0.0	0.24906349	0.0	0.25202346	0.0	0.0	0.0	0.07258421	0.1545323	0.0	0.26011974	0.0	0.22315224	0.0	0.0	0.13617028	0.21794216	0.0	0.2826896	0.0	0.0025990072	0.33819124	0.28589246	0.0	0.0	0.10001257	0.060972463	0.14695607	0.16371703	0.19782549	0.0	0.0	0.0	0.21355766	0.0	0.0	0.0	0.17833422	0.0	0.0015067892	0.0	0.0	0.09121137	0.0	0.0	0.0	0.0147908805	0.0	0.26423416	0.0	0.33137733	0.0	0.0	0.0	0.09892299	0.08800409	0.0	0.0	0.0	0.1612628	0.0	0.0	0.0	0.093747854	0.040936116	0.0	0.0	0.4067353	0.12298142	0.0	0.0	0.15412958	0.0	0.07280143	0.0	0.0	0.061283316	0.0	0.0	0.0	0.0	0.10971633	0.3183898	0.0	0.2767893	0.0	0.25903317	0.0	0.13323796	0.23643567	0.17045741	0.07528072	0.2156207	0.0	0.0	0.2513712	0.15069601	0.0	0.0	0.13275416	0.18867372	0.0	0.0	0.0
0.07415821	0.015310253	0.30571786	0.0	0.0	0.058975298	0.0	0.0	0.0	0.2710652	0.0	0.12012383	0.0	0.0	0.060268044	0.22029586	0.0	0.0	0.0	0.0	0.0	0.0	0.030308107	0.0	0.0	0.24281834	0.0	0.2526299	0.0	0.0	0.0	0.074076705	0.1484705	0.0	0.25916252	0.0	0.20989877	0.0	0.0	0.13837637	0.21847992	0.0	0.29124168	0.0	0.0015753495	0.33821836	0.2795226	0.0	0.0	0.10279357	0.053839087	0.15503794	0.16194902	0.19842811	0.0	0.0	0.0	0.20635813	0.0	0.0	0.0	0.17341669	0.0	0.0	0.0	0.0	0.09183165	0.0	0.0	0.0	0.009373687	0.0	0.2571071	0.0	0.32589588	0.0	0.0	0.0	0.106105626	0.08845493	0.0	0.0	0.0	0.1605104	0.0	0.0	0.0	0.095446885	0.04690686	0.0	0.0	0.40948486	0.12623826	0.0	0.0	0.15343063	0.0	0.062981196	0.0	0.0	0.05835761	0.0	0.0	0.0	0.0	0.10973021	0.31673083	0.0	0.2870283	0.0	0.2642133	0.0	0.13543989	0.23648174	0.16894586	0.0715436	0.21692926	0.0	0.0	0.25077567	0.15445718	0.0	0.0	0.124290384	0.19742322	0.0	0.0	0.0
0.1406924	0.015003276	0.29522148	0.0	0.0	0.040934812	0.0	0.0	0.0	0.2791991	0.0	0.14970537	0.0	0.0	0.036516625	0.27456972	0.0	0.0	0.0	0.0	0.0	0.0	0.017864576	0.0	0.0	0.25530612	0.0	0.2927922	0.0	0.0	0.0	0.07984888	0.14778215	0.0	0.25834563	0.0	0.22064322	0.0	0.0	0.13140692	0.23539793	0.0	0.34660164	0.0	0.0	0.3496543	0.24485414	0.0	0.0	0.15318124	0.06537502	0.14931595	0.12408822	0.19248247	0.0	0.0	0.0	0.2069032	0.0	0.0	0.0	0.17748868	0.0	0.0072288797	0.0	0.0	0.14615019	0.0	0.0	0.0	0.001441372	0.0	0.26104042	0.0	0.31821534	0.0	0.0	0.0	0.10489567	0.08901608	0.0	0.0	0.0	0.19735263	0.0	0.0	0.0	0.12816885	0.013520111	0.0	0.0	0.45636258	0.1238583	0.0	0.0	0.16750683	0.0	0.07872253	0.0	0.0	0.053310174	0.0	0.0	0.0	0.0	0.09614381	0.33079252	0.0	0.27593657	0.0	0.31292793	0.0	0.14835651	0.23167266	0.21918869	0.097232156	0.22321565	0.0	0.0	0.2335223	0.1725802	0.0	0.0	0.12031915	0.19922562	0.0	0.0	0.0
0.20685248	0.008817113	0.34538472	0.0	0.0	0.042577144	0.0	0.0	0.0	0.37607023	0.0	0.2576918	0.0	0.0	0.044676933	0.31366143	0.0	0.0	0.0	0.0	0.0	0.0	0.027753897	0.0	0.0	0.27840117	0.0	0.38215002	0.0	0.0	0.0	0.10337628	0.16154398	0.0	0.31404415	0.0	0.23669736	0.0	0.0	0.162472	0.3014764	0.0	0.4572899	0.0	0.0	0.38753143	0.2672014	0.0	0.0	0.19128482	0.059759628	0.20324953	0.1062029	0.25742462	0.0	0.0	0.0	0.26810193	0.0	0.0	0.0	0.1843251	0.0	0.012012169	0.0	0.0	0.19626315	0.0	0.0	0.0	0.0	0.0	0.28784987	0.0	0.3665271	0.0	0.0	0.0	0.14182574	0.10445338	0.0	0.0	0.0	0.2799081	0.0	0.0	0.0	0.19113378	0.015405424	0.0	0.0	0.59145385	0.15436897	0.0	0.0	0.20906681	0.0	0.080032736	0.0	0.0	0.06525614	0.0	0.0	0.0	0.0	0.15194564	0.41375375	0.0	0.33125603	0.0	0.4120429	0.0	0.23211221	0.3274652	0.26947752	0.13929538	0.24081147	0.0	0.0	0.24136324	0.23441444	0.0	0.0	0.14193028	0.2540042	0.0	0.0	0.0
0.06654353	0.019567395	0.3028581	0.0	0.0	0.06125964	0.0	0.0	0.0	0.24608147	0.0	0.10382678	0.0	0.0	0.05705242	0.22600944	0.0	0.0	0.0	0.0	0.0	0.0	0.036628086	0.0	0.0	0.24369675	0.0	0.24497525	0.0	0.0	0.0	0.07364825	0.15413627	0.0	0.24707402	0.0	0.21946411	0.0	0.0	0.13370024	0.2081217	0.0	0.27153823	0.0	0.0045992746	0.33026072	0.27919355	0.0	0.0	0.09916975	0.059090108	0.14346988	0.16957855	0.19415103	0.0	0.0	0.0	0.20674591	0.0	0.0	0.0	0.17246723	0.0	0.0029095411	0.0	0.0	0.0901783	0.0	0.0	0.0	0.0148184225	0.0	0.26146665	0.0	0.3246404	0.0	0.0	0.0	0.09504744	0.08594326	0.0	0.0	0.0	0.1497313	0.0	0.0	0.0	0.08842734	0.0434833	0.0	0.0	0.39145485	0.11581858	0.0	0.0	0.14858483	0.0	0.07228624	0.0	0.0	0.060124364	0.0	0.0	0.0	0.0	0.097664535	0.3106915	0.0	0.2686433	0.0	0.2477663	0.0	0.12172428	0.22406091	0.17092074	0.065742046	0.21445231	0.0	0.0	0.25059572	0.14353915	0.0	0.0	0.1232635	0.1797749	0.0	0.0	0.0
0.09309765	0.028583655	0.31648752	0.0	0.0	0.0726081	0.0	0.0	0.0	0.28657344	0.0	0.1468784	0.0	0.0	0.05604947	0.22901596	0.0	0.0	0.0	0.0	0.0	0.0	0.033831462	0.0	0.0	0.27020526	0.0	0.2716247	0.0	0.0	0.0	0.08926634	0.15707119	0.0	0.28464922	0.0	0.23087533	0.0	0.0	0.13672458	0.2439295	0.0	0.3156394	0.0	0.00042956695	0.35496506	0.2928216	0.0	0.0	0.10143163	0.054759692	0.16531515	0.16369615	0.21584947	0.0	0.0	0.0	0.227416	0.0	0.0	0.0	0.1840908	0.0	0.009941383	0.0	0.0	0.09979963	0.0	0.0	0.0	0.015242949	0.0	0.2753229	0.0	0.35213614	0.0	0.0	0.0	0.101535834	0.09282919	0.0	0.0	0.0	0.18467832	0.0	0.0	0.0	0.1078712	0.038563266	0.0	0.0	0.44654766	0.13874836	0.0	0.0	0.16416694	0.0	0.07816637	0.0	0.0	0.074082084	0.0	0.0	0.0	0.0	0.13967443	0.34025827	0.0	0.2917758	0.0	0.28858244	0.0	0.16110784	0.27756774	0.17589293	0.09417504	0.20988773	0.0	0.0	0.24569754	0.17964701	0.0	0.0	0.15129282	0.21376282	0.0	0.0	0.0
0.109454416	0.026470788	0.32498577	0.0	0.0	0.073150486	0.0	0.0	0.0	0.32717684	0.0	0.17341876	0.001192742	0.0	0.065560006	0.22661866	0.0	0.0	0.0	0.0	0.0	0.0	0.033228442	0.0	0.0	0.27440953	0.0	0.29352584	0.0	0.0	0.0	0.09485829	0.15259813	0.0	0.30101445	0.0	0.22118457	0.0	0.0	0.145588	0.2591642	0.0	0.34955612	0.0	0.0	0.36644825	0.29819086	0.0	0.0	0.107896246	0.052036304	0.18065391	0.15079659	0.22861344	0.0	0.0	0.0	0.23110043	0.0	0.0	0.0	0.18089771	0.0	0.0081482725	0.0	0.0	0.10417187	0.0	0.0	0.0	0.009728421	0.0	0.27568376	0.0	0.35566208	0.0	0.0	0.0	0.1172685	0.10045994	0.0	0.0	0.0	0.20151429	0.0	0.0	0.0	0.12435552	0.047695145	0.0	0.0	0.4842699	0.1498258	0.0	0.0	0.17651121	0.0	0.07209772	0.0	0.0	0.072744004	0.0	0.0	0.0	0.0	0.15626113	0.36107817	0.0	0.31669694	0.0	0.3228632	0.0	0.18221772	0.30338618	0.1879229	0.10636094	0.21986963	0.0	0.0	0.24428082	0.19635637	0.0	0.0	0.1531061	0.23416705	0.0	0.0	0.0
0.19753897	0.010353683	0.32525742	0.0	0.0	0.031001335	0.0	0.0	0.0	0.3396431	0.0	0.21918179	0.0	0.0	0.0323766	0.30876815	0.0	0.0	0.0	0.0	0.0	0.0	0.017465122	0.0	0.0	0.26069042	0.0	0.35536098	0.0	0.0	0.0	0.08920455	0.15082093	0.0	0.28267744	0.0	0.2225215	0.0	0.0	0.14597021	0.27825025	0.0	0.42979375	0.0	0.0	0.37298885	0.23461701	0.0	0.0	0.19515182	0.06338912	0.18429653	0.10284543	0.22644536	0.0	0.0	0.0	0.23644322	0.0	0.0	0.0	0.177487	0.0	0.005326943	0.0	0.0	0.19131798	0.0	0.0	0.0	0.0	0.0	0.26703298	0.0	0.33016363	0.0	0.0	0.0	0.13589413	0.09414646	0.0	0.0	0.0	0.25205028	0.0	0.0	0.0	0.17736332	0.006946863	0.0	0.0	0.5454114	0.13388346	0.0	0.0	0.19076239	0.0	0.071644776	0.0	0.0	0.050592627	0.0	0.0	0.0	0.0	0.11873492	0.38148272	0.0	0.30829152	0.0	0.3846945	0.0	0.1972108	0.27098855	0.27125096	0.11371642	0.24392705	0.0	0.0	0.23747174	0.20118819	0.0	0.001884086	0.11947295	0.2330577	0.0	0.0	0.0
0.070287354	0.016366253	0.30099285	0.0	0.0	0.05912594	0.0	0.0	0.0	0.24629158	0.0	0.105913304	0.0	0.0	0.05852322	0.22888863	0.0	0.0	0.0	0.0	0.0	0.0	0.03596161	0.0	0.0	0.24186462	0.0	0.24315806	0.0	0.0	0.0	0.0705992	0.15200883	0.0	0.24633361	0.0	0.22109689	0.0	0.0	0.13523348	0.2069184	0.0	0.27056322	0.0	0.0	0.33011624	0.2791928	0.0	0.0	0.10359645	0.061270367	0.13998254	0.16691029	0.19315653	0.0	0.0	0.0	0.20853889	0.0	0.0	0.0	0.17402041	0.0	0.00044360137	0.0	0.0	0.09400768	0.0	0.0	0.0	0.014525299	0.0	0.26011616	0.0	0.32335642	0.0	0.0	0.0	0.092235215	0.08301167	0.0	0.0	0.0	0.1552356	0.0	0.0	0.0	0.09084704	0.040155258	0.0	0.0	0.39370036	0.11708972	0.0	0.0	0.14857288	0.0	0.07186534	0.0	0.0	0.05564003	0.0	0.0	0.0	0.0	0.09886294	0.30716616	0.0	0.26964402	0.0	0.24819781	0.0	0.12146997	0.2216212	0.16922803	0.068346284	0.2134381	0.0	0.0	0.25040117	0.1454867	0.0	0.0	0.1237002	0.18358119	0.0	0.0	0.0
0.07494632	0.020124963	0.3079121	0.0	0.0	0.06246225	0.0	0.0	0.0	0.27178124	0.0	0.119863115	0.0	0.0	0.06267033	0.22202735	0.0	0.0	0.0	0.0	0.0	0.0	0.03255025	0.0	0.0	0.24868579	0.0	0.25708717	0.0	0.0	0.0	0.07660423	0.14989583	0.0	0.26285672	0.0	0.21240897	0.0	0.0	0.13765006	0.2196929	0.0	0.29462525	0.0	0.0031126116	0.3417733	0.28069565	0.0	0.0	0.098889135	0.054806102	0.15493114	0.16268633	0.20039749	0.0	0.0	0.0	0.20670038	0.0	0.0	0.0	0.17413092	0.0	0.00044994056	0.0	0.0	0.090123326	0.0	0.0	0.0	0.011055421	0.0	0.26037762	0.0	0.32801026	0.0	0.0	0.0	0.10627181	0.08813146	0.0	0.0	0.0	0.16143568	0.0	0.0	0.0	0.094821565	0.0454666	0.0	0.0	0.41394854	0.12734254	0.0	0.0	0.15452321	0.0	0.06594504	0.0	0.0	0.06001005	0.0	0.0	0.0	0.0	0.11147803	0.32169768	0.0	0.28648505	0.0	0.26923966	0.0	0.13753377	0.24157934	0.17209965	0.07783067	0.21539564	0.0	0.0	0.24815004	0.15626217	0.0	0.001497011	0.13069908	0.1976525	0.0	0.0	0.0
0.07446808	0.016058229	0.30681145	0.0	0.0	0.056950852	0.0	0.0	0.0	0.27245125	0.0	0.1192422	9.4671734e-05	0.0	0.059816305	0.21866284	0.0	0.0	0.0	0.0	0.0	0.0	0.03057973	0.0	0.0	0.24675111	0.0	0.2572192	0.0	0.0	0.0	0.07732502	0.14978695	0.0	0.26101074	0.0	0.21297689	0.0	0.0	0.13988338	0.21908885	0.0	0.29454207	0.0	0.0014439846	0.33948246	0.27823496	0.0	0.0	0.09965325	0.053276796	0.15622298	0.16030924	0.20001139	0.0	0.0	0.0	0.20718016	0.0	0.0	0.0	0.17404528	0.0	0.0	0.0	0.0	0.093736984	0.0	0.0	0.0	0.010488573	0.0	0.26039544	0.0	0.32366994	0.0	0.0	0.0	0.105033815	0.09165335	0.0	0.0	0.0	0.16254678	0.0	0.0	0.0	0.094112456	0.04673755	0.0	0.0	0.411724	0.12620935	0.0	0.0	0.1536042	0.0	0.06395437	0.0	0.0	0.05995339	0.0	0.0	0.0	0.0	0.106898725	0.320877	0.0	0.28717616	0.0	0.26651552	0.0	0.13615565	0.23753202	0.16927278	0.07458546	0.21266241	0.0	0.0	0.24801628	0.15646686	0.0	0.0	0.12774499	0.19580407	0.0	0.0	0.0
0.12147048	0.014325206	0.29764238	0.0	0.0	0.044121787	0.0	0.0	0.0	0.26219627	0.0	0.121943854	0.0	0.0	0.040405322	0.25585806	0.0	0.0	0.0	0.0	0.0	0.0	0.019489497	0.0	0.0	0.25440988	0.0	0.26916268	0.0	0.0	0.0	0.07881954	0.1443863	0.0	0.2484095	0.0	0.22333461	0.0	0.0	0.13175286	0.23672007	0.0	0.3179019	0.0	0.0	0.33716953	0.24746871	0.0	0.0	0.13938689	0.0587455	0.14695205	0.13777496	0.18458927	0.0	0.0	0.0	0.1997054	0.0	0.0	0.0	0.18024535	0.0	0.0054098754	0.0	0.0	0.12995775	0.0	0.0	0.0	0.0060493946	0.0	0.26384532	0.0	0.30789676	0.0	0.0	0.0	0.09797317	0.08722312	0.0	0.0	0.0	0.18187284	0.0	0.0	0.0	0.11073727	0.015055399	0.0	0.0	0.42820725	0.116612494	0.0	0.0	0.15141736	0.0	0.07917632	0.0	0.0	0.051648427	0.0	0.0	0.0	0.0	0.086051725	0.31917197	0.0	0.2729421	0.0	0.28958637	0.0	0.13087915	0.22056872	0.20592202	0.087851375	0.22621591	0.0	0.0	0.24330395	0.16142829	0.0	0.0	0.11325922	0.19087295	0.0	0.0	0.0
0.09450739	0.017100124	0.32205936	0.0	0.0	0.078617565	0.0	0.0	0.0	0.31806126	0.0	0.16377316	0.0020001282	0.0	0.07600533	0.22290294	0.0	0.0	0.0	0.0	0.0	0.0	0.033816744	0.0016079206	0.0	0.26722232	0.0	0.28320763	0.0	0.0	0.0	0.09268204	0.15100206	0.0	0.29916492	0.0	0.22179508	0.0	0.0	0.14500557	0.25593206	0.0	0.33519742	0.0	0.0	0.36183366	0.3053071	0.0	0.0	0.10287557	0.053914186	0.17638741	0.15833306	0.22976999	0.0	0.0	0.0	0.23361754	0.0	0.0	0.0	0.18018252	0.0	0.0029480718	0.0	0.0	0.09589302	0.0	0.0	0.0	0.012046314	0.0	0.26941925	0.0	0.35487834	0.0	0.0	0.0	0.11412352	0.10529562	0.0	0.0	0.0	0.19429207	0.0	0.0	0.0	0.11954269	0.050439637	0.0	0.0	0.47503546	0.14648639	0.0	0.0	0.17452745	0.0	0.070006445	0.0	0.0	0.07020842	0.0	0.0	0.0	0.0	0.15274347	0.3533889	0.0	0.31177557	0.0	0.31109866	0.0	0.17827749	0.3030295	0.18095827	0.10147592	0.21892838	0.0	0.0	0.24768992	0.18696924	0.0	0.0	0.15933673	0.2297817	0.0	0.0	0.0
0.18931814	0.009401352	0.30974248	0.0	0.0	0.03225987	0.0	0.0	0.0	0.3096967	0.0	0.18697564	0.0	0.0	0.028682599	0.3129229	0.0	0.0	0.0	0.0	0.0	0.0	0.012550588	0.0	0.0	0.2624115	0.0	0.33812308	0.0	0.0	0.0	0.08242829	0.15029986	0.0	0.264832	0.0	0.23033075	0.0	0.0	0.13423179	0.26334694	0.0	0.4029785	0.0	0.0	0.36317626	0.22537382	0.0	0.0	0.19650114	0.07042178	0.16116981	0.10094752	0.20822532	0.0	0.0	0.0	0.22632258	0.0	0.0	0.0	0.18101478	0.0	0.009689085	0.0	0.0	0.18831599	0.0	0.0	0.0	0.0	0.0	0.2674565	0.0	0.31522366	0.0	0.0	0.0	0.12127989	0.09303851	0.0	0.0	0.0	0.23239319	0.0	0.0	0.0	0.17024888	0.00850298	0.0	0.0	0.51580614	0.120496504	0.0	0.0	0.18223393	0.0	0.08225269	0.0	0.0	0.050822843	0.0	0.0	0.0	0.0	0.09519831	0.3665447	0.0	0.28336772	0.0	0.36849654	0.0	0.1753567	0.24299717	0.26775825	0.11036684	0.2438227	0.0	0.0	0.23414032	0.18264924	0.0	0.0	0.11843682	0.21103619	0.0	0.0	0.0
0.18737142	0.0	0.33447328	0.0	0.0	0.017590724	0.0071561546	0.0	0.0	0.36693907	0.0	0.27008763	0.0018587732	0.0	0.052520152	0.20541842	0.0	0.0	0.0	0.0	0.0	0.0	0.012501297	0.0	0.0	0.17189984	0.0	0.3525881	0.0	0.0	0.0	0.09299377	0.14412574	0.0	0.37271157	0.0	0.20450763	0.0	0.0	0.19922431	0.2473706	0.0	0.39169812	0.0	0.0043150843	0.35599652	0.29748568	0.0	0.0	0.1701191	0.031257723	0.25583163	0.16971624	0.2788873	0.0	0.0	0.0	0.32923257	0.0	0.0	0.0	0.15823083	0.0	0.00024546683	0.0	0.0	0.16178662	0.0	0.0	0.0	0.0	0.0	0.27033588	0.0	0.3686054	0.0	0.0	0.0	0.06616651	0.10066522	0.0	0.0	0.0	0.2477761	0.0	0.0	0.0	0.060105596	0.061979726	0.0	0.0	0.4654038	0.25101054	0.0	0.0	0.23360048	0.0	0.022277303	0.0	0.0	0.114787556	0.0	0.0	0.0	0.0	0.21895212	0.38991597	0.0	0.36015812	0.0	0.27729884	0.0	0.25775447	0.3040448	0.060865823	0.046641957	0.15165168	0.0	0.0	0.24509066	0.22370903	0.0	0.008380089	0.109939754	0.24413772	0.0	0.0	0.0
0.08944636	0.0	0.28958964	0.0	0.0	0.013473158	0.020201983	0.0	0.0	0.21361767	0.0	0.12997226	0.0	0.0	0.040465135	0.2272559	0.0	0.0	0.0	0.0	0.0	0.0	0.038210485	0.0	0.0	0.15795475	0.0	0.2355978	0.0	0.0	0.0	0.05103876	0.13394037	0.0	0.26648673	0.0	0.20887755	0.0	0.0	0.1597628	0.1681694	0.0	0.2478102	0.0	0.0047689206	0.2929463	0.2847338	0.0	0.0	0.14414762	0.045600433	0.14891587	0.18085055	0.19374269	0.0	0.0	0.0	0.24219505	0.0	0.0	0.0	0.16582496	0.0	0.0	0.0	0.0	0.1246171	0.0	0.0	0.0	0.0042298175	0.0	0.24898855	0.0	0.31352708	0.0	0.0	0.0	0.049434084	0.06347711	0.0	0.0	0.0	0.15096052	0.0	0.0	0.0	0.033846032	0.053210005	0.0	0.0	0.32203344	0.14980528	0.0	0.0	0.15865754	0.0	0.04053233	0.0	0.0	0.05594458	0.0	0.0	0.0	0.0	0.09128628	0.28700423	0.0	0.2547144	0.0	0.1574526	0.0	0.11972233	0.17605753	0.09699986	0.013793733	0.17516346	0.0	0.0	0.2611628	0.11592376	0.0	0.0	0.10763615	0.14904505	0.0	0.0	0.0
0.07291707	0.0	0.3342367	0.0	0.0	0.04358129	0.03069064	0.0	0.0	0.2918775	0.0	0.108934455	0.0	0.0	0.05529486	0.18147175	0.0	0.0	0.0	0.0	0.0	0.0	0.027282601	0.0	0.0	0.25963995	0.0	0.25192177	0.0	0.0	0.0	0.0820753	0.15331803	0.0	0.2808776	0.0	0.22133248	0.0	0.0	0.14375593	0.21566038	0.0	0.28391445	0.0	0.015201379	0.34990057	0.28781065	0.0	0.0	0.0977425	0.048137564	0.18502758	0.18682192	0.22751313	0.0	0.0	0.0	0.2198	0.0	0.0	0.0	0.16424058	0.0	0.0	0.0	0.0	0.07032487	0.0044388403	0.0	0.0	0.019716993	0.0	0.2946991	0.0	0.3436798	0.0	0.0	0.0	0.11860297	0.113363445	0.0	0.0	0.0	0.17026043	0.0	0.010695715	0.0	0.080442816	0.07176133	0.0	0.0	0.41237664	0.14839052	0.0	0.00013609976	0.16119146	0.0	0.057978734	0.0	0.0	0.08932913	0.0	0.0	0.0	0.0	0.12677073	0.33463082	0.0	0.30199853	0.0	0.25759012	0.0	0.14192247	0.23641735	0.13198884	0.06299053	0.20231925	0.0	0.0	0.2697806	0.1507941	0.0	0.0	0.11699132	0.1948901	0.0	0.0	0.0
0.17486511	0.0	0.31449607	0.0	0.0	0.0091593815	0.011328667	0.0	0.0	0.3295872	0.0	0.2504513	0.00018859997	0.0	0.038060844	0.21759348	0.0	0.0	0.0	0.0	0.0	0.0	0.015375475	0.0	0.0	0.17008932	0.0	0.3327414	0.0	0.0	0.0	0.09051678	0.12818286	0.0	0.34049883	0.0	0.18895388	0.0	0.0	0.19029893	0.23813842	0.0	0.37285802	0.0	0.0020349908	0.3384541	0.29012358	0.0	0.0	0.17429332	0.03795102	0.2231095	0.15124029	0.24870914	0.0	0.0	0.0	0.29642454	0.0	0.0	0.0	0.16611515	0.0	0.0041907653	0.0	0.0	0.16838883	0.0	0.0	0.0	0.0	0.0	0.2511454	0.0	0.3537421	0.0	0.0	0.0	0.068950035	0.09743544	0.0	0.0	0.0	0.23154147	0.0	0.0	0.0	0.0628888	0.052272942	0.0	0.0	0.4510908	0.21389718	0.0	0.0	0.21383171	0.0	0.023014678	0.0	0.0	0.10072521	0.0	0.0	0.0	0.0	0.18865025	0.35001886	0.0	0.33220074	0.0	0.2561208	0.0	0.23099934	0.27696252	0.086965896	0.042469446	0.16395846	0.0	0.0	0.24407245	0.2154191	0.0	0.0	0.092061035	0.23005678	0.0	0.0	0.0
0.19116002	0.0	0.32388166	0.0	0.0	0.008519921	0.023219595	0.0	0.0	0.36069512	0.0	0.2640174	0.0	0.0	0.042280417	0.21269183	0.0	0.0	0.0	0.0	0.0	0.0	0.017918259	0.0	0.0	0.17547683	0.0	0.3505924	0.0	0.0	0.0	0.09727138	0.13454503	0.0	0.35454288	0.0	0.19638264	0.0	0.0	0.20146094	0.24719179	0.0	0.39691022	0.0	0.0032983993	0.35340562	0.2922481	0.0	0.0	0.17419948	0.03718258	0.24395747	0.15308857	0.278291	0.0	0.0	0.0	0.3132929	0.0	0.0	0.0	0.16603753	0.0	0.0023569241	0.0	0.0	0.1686439	0.0	0.0	0.0	0.0	0.0	0.26493797	0.0	0.36086082	0.0	0.0	0.0	0.072404854	0.100564755	0.0	0.0	0.0	0.24574411	0.0	0.0	0.0	0.065641575	0.06124841	0.0	0.0	0.4746666	0.22209017	0.0	0.0	0.2207549	0.0	0.024334684	0.0	0.0	0.105014436	0.0	0.0	0.0	0.0	0.20103097	0.37539366	0.0	0.35168028	0.0	0.2840574	0.0	0.25309896	0.29841936	0.08904075	0.042894423	0.16517974	0.0	0.0	0.24515527	0.22806115	0.0	0.0030326091	0.08737457	0.24115779	0.0	0.0	0.0
0.18704885	0.0	0.32149476	0.0	0.0	0.01716083	0.00915998	0.0	0.0	0.34763443	0.0	0.26868317	0.002525808	0.0	0.04184775	0.22689074	0.0	0.0	0.0	0.0	0.0	0.0	0.0142205395	0.0	0.0	0.17137392	0.0	0.3550342	0.0	0.0	0.0	0.09564669	0.13498338	0.0	0.35703996	0.0	0.19273801	0.0	0.0	0.2074963	0.25390723	0.0	0.39307657	0.0	0.0025671895	0.34523156	0.29529518	0.0	0.0	0.17668837	0.027230302	0.2383372	0.15518127	0.26471677	0.0	0.0	0.0	0.32056248	0.0	0.0	0.0	0.16807096	0.0	0.001889112	0.0	0.0	0.1739033	0.0	0.0	0.0	0.0	0.0	0.2617618	0.0	0.36557236	0.0	0.0	0.0	0.07127691	0.103942685	0.0	0.0	0.0	0.24737944	0.0	0.0	0.0	0.0654585	0.050467227	0.0	0.0	0.4640914	0.22420521	0.0	0.0	0.22447209	0.0	0.025607144	0.0	0.0	0.10687142	0.0	0.0	0.0	0.0	0.21108235	0.3714926	0.0	0.34626833	0.0	0.27132067	0.0	0.25453374	0.30685398	0.086937726	0.054027732	0.15970896	0.0	0.0	0.2432745	0.22560112	0.0	0.0015187543	0.09867659	0.23920627	0.0	0.0	0.0
0.16370986	0.0	0.30879462	0.0	0.0	0.011978351	0.015110027	0.0	0.0	0.32083985	0.0	0.2362399	0.005178319	0.0	0.03996669	0.21818943	0.0	0.0	0.0	0.0	0.0	0.0	0.015448704	0.0	0.0	0.17546685	0.0	0.32488376	0.0	0.0	0.0	0.084420204	0.13661651	0.0	0.34180295	0.0	0.19396603	0.0	0.0	0.18877919	0.22952454	0.0	0.35836014	0.0	0.0033854146	0.33726323	0.29418716	0.0	0.0	0.16921027	0.032792427	0.21476279	0.15410389	0.244875	0.0	0.0	0.0	0.30104974	0.0	0.0	0.0	0.16711468	0.0	0.0016269	0.0	0.0	0.1560245	0.0	0.0	0.0	0.0	0.0	0.25854403	0.0	0.3612632	0.0	0.0	0.0	0.060950916	0.090244174	0.0	0.0	0.0	0.22124682	0.0	0.0	0.0	0.058958363	0.04968625	0.0	0.0	0.43903747	0.21809725	0.0	0.0	0.21508606	0.0	0.025570592	0.0	0.0	0.101955265	0.0	0.0	0.0	0.0	0.1939566	0.35143664	0.0	0.32564357	0.0	0.24919808	0.0	0.22540955	0.27454463	0.08342304	0.048536625	0.16202167	0.0	0.0	0.23878746	0.20295374	0.0	0.0058764853	0.10319229	0.2271183	0.0	0.0	0.0
0.11511	0.0	0.29450986	0.0	0.0	0.03024663	0.018808767	0.0	0.0	0.2618523	0.0	0.15447095	0.0	0.0	0.034545247	0.2380994	0.0	0.0	0.0	0.0	0.0	0.0	0.03096483	0.0	0.0	0.21037823	0.0	0.26606205	0.0	0.0	0.0	0.07406395	0.1394101	0.0	0.28428498	0.0	0.20690326	0.0	0.0	0.15415655	0.22348209	0.0	0.30848694	0.0	0.0	0.327803	0.28440815	0.0	0.0	0.14520736	0.04715168	0.16809087	0.14850299	0.20316185	0.0	0.0	0.0	0.23457046	0.0	0.0	0.0	0.17953204	0.0	0.00039303923	0.0	0.0	0.12827967	0.0	0.0	0.0	0.008487449	0.0	0.25962865	0.0	0.32986322	0.0	0.0	0.0	0.074962854	0.086872816	0.0	0.0	0.0	0.18400533	0.0	0.0	0.0	0.07639902	0.03329057	0.0	0.0	0.40716612	0.14110188	0.0	0.0	0.16836543	0.0	0.05398582	0.0	0.0	0.07023385	0.0	0.0	0.0	0.0	0.1236645	0.3122492	0.0	0.27883437	0.0	0.23823982	0.0	0.15517558	0.2323721	0.13995102	0.057094008	0.19370522	0.0	0.0	0.2566962	0.16370249	0.0	0.0	0.100499004	0.18811762	0.0	0.0	0.0
0.12255945	0.0	0.31393316	0.0	0.0	0.033573255	0.036160644	0.0	0.0	0.29487792	0.0	0.16989906	0.0	0.0	0.04487617	0.2209398	0.0	0.0	0.0	0.0	0.0	0.0	0.028878115	0.0	0.0	0.22093292	0.0	0.28452277	0.0	0.0	0.0	0.089607686	0.13905416	0.0	0.30878887	0.0	0.21430327	0.0	0.0	0.16485871	0.2414999	0.0	0.32487294	0.0	0.0	0.34231868	0.30205676	0.0	0.0	0.14272338	0.045508817	0.19289738	0.15542577	0.23475313	0.0	0.0	0.0	0.2568091	0.0	0.0	0.0	0.17565624	0.0	0.0	0.0	0.0	0.118858196	0.0	0.0	0.0	0.008935443	0.0	0.27208248	0.0	0.34904015	0.0	0.0	0.0	0.0822499	0.106740914	0.0	0.0	0.0	0.20551085	0.0	0.0	0.0	0.08119931	0.049797785	0.0	0.0	0.44484508	0.15659086	0.0	0.0	0.1816131	0.0	0.054462638	0.0	0.0	0.08048397	0.0	0.0	0.0	0.0	0.15024002	0.33943787	0.0	0.30552283	0.0	0.2640827	0.0	0.18983467	0.2719098	0.13158129	0.061155874	0.19305027	0.0	0.0	0.26397642	0.1712948	0.0	0.0001807871	0.100252956	0.20819831	0.0	0.0	0.0
0.15199168	0.0	0.3085597	0.0	0.0	0.017841706	0.003039996	0.0	0.0	0.27424622	0.0	0.20692511	0.011061554	0.0	0.038269076	0.21530505	0.0	0.0	0.0	0.0	0.0	0.0	0.022405282	0.0	0.0	0.15408413	0.0	0.29059705	0.0	0.0	0.0	0.07310784	0.11998009	0.0	0.3240145	0.0	0.20110726	0.0	0.0	0.18938243	0.21881585	0.0	0.31997177	0.0	0.0021967515	0.3170713	0.28396106	0.0	0.0	0.15734392	0.026362123	0.1973734	0.17361142	0.23056562	0.0	0.0	0.0	0.29436263	0.0	0.0	0.0	0.177311	0.0	0.0015204934	0.0	0.0	0.15119831	0.0	0.0	0.0	0.0	0.0	0.25909707	0.0	0.3347592	0.0	0.0	0.0	0.051926523	0.07991176	0.0	0.0	0.0	0.20396698	0.0	0.0	0.0	0.022861933	0.043377936	0.0	0.0	0.36923435	0.21074021	0.0	0.0	0.1941285	0.0	0.031368412	0.0	0.0	0.09150422	0.0	0.0	0.0	0.0	0.16475774	0.32922646	0.0	0.29740846	0.0	0.19484352	0.0	0.19725776	0.24418336	0.05397761	0.026836572	0.14469004	0.0	0.0	0.24477477	0.18137676	0.0	0.004315246	0.10835034	0.19215481	0.0	0.0	0.0
0.25298548	0.0	0.33939767	0.0	0.0	0.0	0.0071176165	0.0	0.0	0.3737323	0.0	0.2941716	0.0	0.0	0.016603472	0.31740192	0.0	0.0	0.0	0.0	0.0	0.0	0.015713045	0.0	0.0	0.21659558	0.0	0.40960062	0.0	0.0	0.0	0.08880064	0.14383815	0.0	0.3359727	0.0	0.22764587	0.0	0.0	0.18364774	0.26916823	0.0	0.4705617	0.0	0.0	0.37067795	0.25093272	0.0	0.0	0.25457463	0.0676695	0.2257024	0.10133686	0.28131118	0.0	0.0	0.0	0.31927145	0.0	0.0	0.0	0.18239732	0.0	0.012821081	0.0	0.0	0.24518724	0.0	0.0	0.0	0.0	0.0	0.28566423	0.0	0.3586248	0.0	0.0	0.0	0.10296232	0.10025251	0.0	0.0	0.0	0.2968962	0.0	0.0	0.0	0.1659889	0.01946716	0.0	0.0	0.5771695	0.18832874	0.0	0.0	0.2361886	0.0	0.052101403	0.0	0.0	0.08656063	0.0	0.0	0.0	0.0	0.14775145	0.4208441	0.0	0.32050297	0.0	0.37649226	0.0	0.26309255	0.2868228	0.20738119	0.07890752	0.2023231	0.0	0.0	0.24696355	0.21249785	0.0	0.0	0.07467867	0.24265231	0.0	0.0	0.0
0.15212084	0.0	0.3173813	0.0	0.0	0.0	0.013254695	0.0	0.0	0.33591017	0.0	0.20617844	0.0	0.0	0.035821576	0.20948438	0.0	0.0	0.0	0.0	0.0	0.0	0.0073503978	0.0	0.0	0.1988601	0.0	0.30194116	0.0	0.0	0.0	0.083199434	0.14703743	0.0	0.31086668	0.0	0.19393468	0.0	0.0	0.16992958	0.22664313	0.0	0.3568165	0.0	0.0	0.36166415	0.26736334	0.0	0.0	0.14792603	0.03810912	0.22400665	0.1561914	0.24741535	0.0	0.0	0.0	0.26946235	0.0	0.0	0.0	0.16644679	0.0	0.013143066	0.0	0.0	0.14740889	0.0	0.0	0.0	0.0	0.0	0.26635647	0.0	0.34692392	0.0	0.0	0.0	0.09398439	0.07261681	0.0	0.0	0.0	0.20561016	0.0	0.0	0.0	0.070897065	0.046155784	0.0	0.0	0.44784936	0.19564869	0.0	0.0	0.19255407	0.0	0.028168052	0.0	0.0	0.08545763	0.0	0.0	0.0	0.0	0.13950218	0.36554328	0.0	0.32746902	0.0	0.27532542	0.0	0.21077885	0.23968081	0.09966584	0.044277985	0.17846513	0.0	0.0	0.25687507	0.18217015	0.0	0.0	0.07888838	0.21701294	0.0	0.0	0.0
0.18601532	0.0	0.3247107	0.0	0.0	0.0062944307	0.0	0.0	0.0	0.34046307	0.0	0.26190826	0.0	0.0	0.037140053	0.22291791	0.0	0.0	0.0	0.0	0.0	0.0	0.009847843	0.0	0.0	0.16493167	0.0	0.34214437	0.0	0.0	0.0	0.088374496	0.13146889	0.0	0.34891272	0.0	0.18735337	0.0	0.0	0.19776833	0.23576717	0.0	0.38655996	0.0	0.00014873843	0.34872532	0.27892247	0.0	0.0	0.17322719	0.030143907	0.23590918	0.15246882	0.2552915	0.0	0.0	0.0	0.31127647	0.0	0.0	0.0	0.16840605	0.0	0.0037600324	0.0	0.0	0.1727085	0.0	0.0	0.0	0.0	0.0	0.25693628	0.0	0.35185775	0.0	0.0	0.0	0.065722436	0.09751881	0.0	0.0	0.0	0.23788387	0.0	0.0	0.0	0.061533455	0.048899993	0.0	0.0	0.45151147	0.23495841	0.0	0.0	0.22337453	0.0	0.022639906	0.0	0.0	0.10593607	0.0	0.0	0.0	0.0	0.19314398	0.3667202	0.0	0.33829355	0.0	0.26369557	0.0	0.24617077	0.2830846	0.07279164	0.045064453	0.1562307	0.0	0.0	0.23893781	0.21669443	0.0	0.00061811163	0.09014628	0.23402697	0.0	0.0	0.0
0.1280207	0.0	0.29484177	0.0	0.0	0.026472216	0.028133413	0.0	0.0	0.26640236	0.0	0.15650584	0.0	0.0	0.04732427	0.23986234	0.0	0.0	0.0	0.0	0.0	0.0	0.031095736	0.0	0.0	0.20891862	0.0	0.27123976	0.0	0.0	0.0	0.07858828	0.13342448	0.0	0.27913263	0.0	0.21426623	0.0	0.0	0.1590174	0.23673053	0.0	0.31627643	0.0	0.009065934	0.32252845	0.27738413	0.0	0.0	0.1521086	0.0442436	0.16997771	0.14254762	0.21133395	0.0	0.0	0.0	0.23214167	0.0	0.0	0.0	0.17924674	0.0	0.00570068	0.0	0.0	0.1361046	0.0	0.0	0.0	0.0	0.0	0.25638232	0.0	0.32607388	0.0	0.0	0.0	0.07253956	0.08391976	0.0	0.0	0.0	0.19628073	0.0	0.0	0.0	0.08168455	0.023805657	0.0	0.0	0.40624633	0.14341915	0.0	0.0	0.16393223	0.0	0.059526753	0.0	0.0	0.058665633	0.0	0.0	0.0	0.0	0.12705116	0.32641923	0.0	0.29200503	0.0	0.25333992	0.0	0.16458327	0.24327178	0.14044896	0.061537534	0.21035437	0.0	0.0	0.25783405	0.16778094	0.0	0.006935189	0.10210974	0.18952435	0.0	0.0	0.0
0.19009788	0.0	0.31357548	0.0	0.0	0.009808033	0.011396311	0.0	0.0	0.34541813	0.0	0.24121481	0.0	0.0	0.034381106	0.22995389	0.0	0.0	0.0	0.0	0.0	0.0	0.0	0.0	0.0	0.17018054	0.0	0.34197447	0.0	0.0	0.0	0.07661193	0.13574986	0.0	0.3409914	0.0	0.20114976	0.0	0.0	0.19300254	0.23350698	0.0	0.3911176	0.0	0.000694866	0.3396708	0.26344663	0.0	0.0	0.19013049	0.0371878	0.22408468	0.1451788	0.25844786	0.0	0.0	0.0	0.30345526	0.0	0.0	0.0	0.17037095	0.0	0.0020567924	0.0	0.0	0.1816942	0.0	0.0	0.0	0.0	0.0	0.26434532	0.0	0.33966866	0.0	0.0	0.0	0.062314432	0.0891073	0.0	0.0	0.0	0.23381682	0.0	0.0	0.0	0.073541	0.029688006	0.0	0.0	0.44708672	0.22978555	0.0	0.0	0.21817096	0.0	0.026685799	0.0	0.0	0.103669226	0.0	0.0	0.0	0.0	0.17071353	0.375604	0.0	0.33057353	0.0	0.27842677	0.0	0.23482688	0.25936106	0.087847866	0.051073883	0.16344596	0.0	0.0	0.23371345	0.1990506	0.0	0.011052948	0.09340792	0.22676851	0.0	0.0	0.0
0.14352421	0.0	0.31320766	0.0	0.0	0.0020142023	0.030042103	0.0	0.0	0.28401643	0.0	0.17756025	0.0	0.0	0.041782986	0.22708179	0.0	0.0	0.0	0.0	0.0	0.0	0.026800858	0.0	0.0	0.17842661	0.0	0.28105655	0.0	0.0	0.0	0.09398612	0.12379485	0.0	0.28155053	0.0	0.20548518	0.0	0.0	0.16985637	0.24316837	0.0	0.32852444	0.0	0.0	0.30835244	0.25944063	0.0	0.0	0.15659197	0.03434751	0.19021827	0.14822386	0.21428306	0.0	0.0	0.0	0.23393793	0.0	0.0	0.0	0.1734517	0.0	0.013867053	0.0	0.0	0.15805799	0.0	0.0	0.0	0.0	0.0	0.24588425	0.0	0.29860282	0.0	0.0	0.0	0.06688767	0.09091284	0.0	0.0	0.0	0.21582673	0.0	0.0	0.0	0.062374935	0.029332891	0.0	0.0	0.40082827	0.16483779	0.0	0.0	0.16989803	0.0	0.041788656	0.0	0.0	0.06631129	0.0	0.0	0.0	0.0	0.1320784	0.3265623	0.0	0.2965403	0.0	0.2424326	0.0	0.17392923	0.2354693	0.11272711	0.038847726	0.18088697	0.0	0.0	0.2614394	0.17212908	0.0	0.0021297715	0.061019238	0.19672024	0.0	0.0	0.0
0.116404235	0.0	0.30749595	0.0	0.0	0.01363676	0.023632377	0.0	0.0	0.25866535	0.0	0.15628244	0.0	0.0	0.043615222	0.20450453	0.0	0.0	0.0	0.0	0.0	0.0	0.021933794	0.0	0.0	0.16420247	0.0	0.2628505	0.0	0.0	0.0	0.07245628	0.1233337	0.0	0.2862568	0.0	0.19695596	0.0	0.0	0.17161065	0.20675583	0.0	0.29207787	0.0	0.0041844933	0.31100544	0.26766625	0.0	0.0	0.14627105	0.030683583	0.18131544	0.17994817	0.21459456	0.0	0.0	0.0	0.24972476	0.0	0.0	0.0	0.16194478	0.0	0.0	0.0	0.0	0.12891568	0.0	0.0	0.0	0.0	0.0	0.2481991	0.0	0.31270763	0.0	0.0	0.0	0.057871535	0.077823944	0.0	0.0	0.0	0.17695063	0.0	0.0	0.0	0.035001025	0.058927577	0.0	0.0	0.35969627	0.17029087	0.0	0.0	0.1679038	0.0	0.03318785	0.0	0.0	0.07236024	0.0	0.0	0.0	0.0	0.12323513	0.30890688	0.0	0.2927493	0.0	0.20027702	0.0	0.1607584	0.2062607	0.08729315	0.01674996	0.17439733	0.0	0.0	0.25507143	0.15056363	0.0	0.007178791	0.080380954	0.18211381	0.0	0.0	0.0
0.14965577	0.0	0.30143157	0.0	0.0	0.008715429	0.010819186	0.0	0.0	0.29132292	0.0	0.21408047	0.0	0.0	0.02585142	0.23118632	0.0	0.0	0.0	0.0	0.0	0.0	0.021710752	0.0	0.0	0.18925756	0.0	0.2999008	0.0	0.0	0.0	0.08431836	0.13122754	0.0	0.3174533	0.0	0.19139902	0.0	0.0	0.17176668	0.23358713	0.0	0.3489782	0.0	0.0	0.33773625	0.2891435	0.0	0.0	0.1622075	0.036497932	0.19710346	0.14761291	0.22974445	0.0	0.0	0.0	0.27305737	0.0	0.0	0.0	0.1773489	0.0	0.0028746289	0.0	0.0	0.1530445	0.0	0.0	0.0	0.0	0.0	0.2541354	0.0	0.3473725	0.0	0.0	0.0	0.074467994	0.084036745	0.0	0.0	0.0	0.21104927	0.0	0.0	0.0	0.068028904	0.046236347	0.0	0.0	0.4351243	0.17834063	0.0	0.0	0.19557326	0.0	0.03561828	0.0	0.0	0.08634171	0.0	0.0	0.0	0.0	0.16065948	0.32875475	0.0	0.30284122	0.0	0.2441982	0.0	0.20391609	0.25645742	0.10828364	0.041687112	0.17284475	0.0	0.0	0.2516592	0.19462627	0.0	0.0	0.09276322	0.20870101	0.0	0.0	0.0
0.2558845	0.0	0.2831044	0.0	0.0	0.0	0.0	0.0	0.0	0.27809182	0.0	0.18083425	0.0	0.0	0.0	0.3416997	0.0	0.0	0.0	0.0	0.0	0.0	0.0	0.0	0.0	0.20020556	0.0	0.33861074	0.0	0.0	0.0	0.045161113	0.123247266	0.0	0.21933906	0.0	0.2205178	0.0	0.0	0.1299089	0.22285144	0.0	0.42390355	0.0	0.0	0.33936402	0.13371885	0.0	0.0	0.26413628	0.08073703	0.1467237	0.06241791	0.18150313	0.0	0.0	0.0	0.20495956	0.0	0.0	0.0	0.19125748	0.0	0.011381629	0.0	0.0	0.26146853	0.0	0.0	0.0	0.0	0.0	0.25852513	0.0	0.24977957	0.0	0.0	0.0	0.101916455	0.039155353	0.0	0.0	0.0	0.22673552	0.0	0.0	0.0	0.16114928	0.0	0.0	0.0	0.45860505	0.13515942	0.0	0.0	0.17009647	0.0	0.0648505	0.0	0.0	0.03185052	0.0	0.0	0.0	0.0	0.00697276	0.3551902	0.0	0.23813064	0.0	0.34157345	0.0	0.14612503	0.11914489	0.25281897	0.07201258	0.24393475	0.0	0.0	0.22371407	0.13797255	0.0	0.0049963	0.034001883	0.17141698	0.0	0.0	0.0
0.06421047	0.0	0.28468192	0.0	0.0	0.0	0.003210472	0.0	0.0	0.21173765	0.0	0.10424772	0.0	0.0	0.03374208	0.21622086	0.0	0.0	0.0	0.0	0.0	0.0	0.028249964	0.0	0.0	0.17471857	0.0	0.2293398	0.0	0.0	0.0	0.05365655	0.13900413	0.0	0.24472041	0.0	0.19061935	0.0	0.0	0.16733003	0.17330958	0.0	0.2589532	0.0	0.0	0.29512623	0.26868436	0.0	0.0	0.1140931	0.04875511	0.15025724	0.18244153	0.19388597	0.0	0.0	0.0	0.20955257	0.0	0.0	0.0	0.1594721	0.0	0.0003289804	0.0	0.0	0.11186578	0.0	0.0	0.0	0.00016187131	0.0	0.24632151	0.0	0.30347428	0.0	0.0	0.0	0.07318347	0.062613	0.0	0.0	0.0	0.13001372	0.0	0.0	0.0	0.034475654	0.052422862	0.0	0.0	0.3212687	0.13537693	0.0	0.0	0.14291511	0.0	0.03626578	0.0	0.0	0.048420563	0.0	0.0	0.0	0.0	0.06284987	0.28998312	0.0	0.2681505	0.0	0.17608403	0.0	0.110523395	0.16486152	0.1104333	0.010725168	0.19460233	0.0	0.0	0.26107946	0.12115269	0.0	0.0	0.09758695	0.15176062	0.0	0.0	0.0
0.17350791	0.0	0.31297946	0.0	0.0	0.0037316133	0.0066447244	0.0	0.0	0.32091358	0.0	0.24530548	0.0	0.0	0.030134527	0.22705019	0.0	0.0	0.0	0.0	0.0	0.0	0.023080138	0.0	0.0	0.18513095	0.0	0.3239554	0.0	0.0	0.0	0.09386104	0.1325589	0.0	0.3340012	0.0	0.19147454	0.0	0.0	0.18334506	0.24373448	0.0	0.37433758	0.0	0.006299158	0.33374453	0.29167238	0.0	0.0	0.16813397	0.025688613	0.22477578	0.14160885	0.24654768	0.0	0.0	0.0	0.27700794	0.0	0.0	0.0	0.16995752	0.0	0.0023850873	0.0	0.0	0.1649629	0.0	0.0	0.0	0.0	0.0	0.25287867	0.0	0.3546342	0.0	0.0	0.0	0.07330775	0.09411428	0.0	0.0	0.0	0.23206855	0.0	0.0	0.0	0.07557569	0.038850047	0.0	0.0	0.4481443	0.20002198	0.0	0.0	0.20363809	0.0	0.03710932	0.0	0.0	0.091926396	0.0	0.0	0.0	0.0	0.18565361	0.35452533	0.0	0.33393022	0.0	0.26303908	0.0	0.22548127	0.2891636	0.100936115	0.05547237	0.172017	0.0	0.0	0.24777292	0.21350323	0.0	0.0	0.080078356	0.22815578	0.0	0.0	0.0
0.2759432	0.0	0.34970024	0.0	0.0	0.0	0.0	0.0	0.0	0.39365247	0.0	0.33933613	0.0	0.0	0.0040690536	0.33418205	0.0	0.0	0.0	0.0	0.0	0.0	0.014793481	0.0	0.0	0.20034367	0.0	0.43621507	0.0	0.0	0.0	0.098152734	0.14209317	0.0	0.34477565	0.0	0.21282983	0.0	0.0	0.2133735	0.29274067	0.0	0.50456613	0.0	0.0	0.36714125	0.26330096	0.0	0.0	0.25282642	0.04786041	0.24295326	0.08622124	0.28542256	0.0	0.0	0.0	0.32921097	0.0	0.0	0.0	0.179605	0.0	0.009660403	0.0	0.0	0.26761627	0.0	0.0	0.0	0.0	0.0	0.27139875	0.0	0.36574516	0.0	0.0	0.0	0.12138974	0.09776906	0.0	0.0	0.0	0.3186178	0.0	0.0	0.0	0.16359909	0.0017511509	0.0	0.0	0.59478134	0.20240511	0.0	0.0	0.24026568	0.0	0.046276346	0.0	0.0	0.080591686	0.0	0.0	0.0	0.0	0.16524245	0.43390402	0.0	0.34874165	0.0	0.38842654	0.0	0.28377828	0.31746945	0.21789445	0.09769869	0.2025696	0.0	0.0	0.24976976	0.24980932	0.0	0.0	0.06440125	0.25705966	0.0	0.0	0.0
0.15504025	0.0	0.30532447	0.0	0.0	0.0067113484	0.006936792	0.0	0.0	0.3081704	0.0	0.19700499	0.0	0.0	0.04149079	0.20604135	0.0	0.0	0.0	0.0	0.0	0.0	0.0070395577	0.0	0.0	0.1754746	0.0	0.28968123	0.0	0.0	0.0	0.07199588	0.13303971	0.0	0.3002304	0.0	0.18963629	0.0	0.0	0.16061242	0.21121629	0.0	0.3408954	0.0	0.004384236	0.3350017	0.25877377	0.0	0.0	0.16400976	0.039090827	0.20901938	0.16272706	0.22360985	0.0	0.0	0.0	0.2529802	0.0	0.0	0.0	0.15477236	0.0	0.0007225424	0.0	0.0	0.14677703	0.0	0.0	0.0	0.0	0.0	0.25441185	0.0	0.32153082	0.0	0.0	0.0	0.072090656	0.06848755	0.0	0.0	0.0	0.19229285	0.0	0.0	0.0	0.05987366	0.04013096	0.0	0.0	0.40446398	0.1960683	0.0	0.0	0.18836312	0.0	0.02607797	0.0	0.0	0.07925781	0.0	0.0	0.0	0.0	0.13439637	0.33388484	0.0	0.30731705	0.0	0.24703276	0.0	0.18454258	0.21736138	0.09700038	0.036478568	0.17914183	0.0	0.0	0.24480307	0.17550255	0.0	0.0045640557	0.08730924	0.20626207	0.0	0.0	0.0
0.18103732	0.0	0.31028244	0.0	0.0	0.0	0.0036912963	0.0	0.0	0.3356109	0.0	0.23209582	0.0	0.0	0.030192347	0.22246988	0.0	0.0	0.0	0.0	0.0	0.0	0.019650718	0.0	0.0	0.18596683	0.0	0.3208729	0.0	0.0	0.0	0.08011068	0.13670813	0.0	0.3094562	0.0	0.19114845	0.0	0.0	0.16897202	0.22652853	0.0	0.37625515	0.0	0.0	0.35563824	0.26126555	0.0	0.0	0.16976571	0.041870385	0.22472155	0.14338696	0.24303971	0.0	0.0	0.0	0.26606506	0.0	0.0	0.0	0.15752268	0.0	0.007955569	0.0	0.0	0.16481327	0.0	0.0	0.0	0.0	0.0	0.26130292	0.0	0.33120936	0.0	0.0	0.0	0.08388275	0.071297	0.0	0.0	0.0	0.2152837	0.0	0.0	0.0	0.076325916	0.038190253	0.0	0.0	0.45456564	0.19556145	0.0	0.0	0.19491805	0.0	0.028340505	0.0	0.0	0.077851094	0.0	0.0	0.0	0.0	0.14175797	0.3586626	0.0	0.31825495	0.0	0.28495225	0.0	0.2156104	0.24099104	0.11981342	0.04529747	0.1807592	0.0	0.0	0.24823923	0.19805682	0.0	0.0	0.077989034	0.2231314	0.0	0.0	0.0
0.24651866	0.0	0.315649	0.0	0.0	0.0	0.005125405	0.0	0.0	0.32800075	0.0	0.22023751	0.0	0.0	0.012295894	0.3387755	0.0	0.0	0.0	0.0	0.0	0.0	0.010436635	0.0	0.0	0.23217635	0.0	0.37076566	0.0	0.0	0.0	0.07869465	0.13413872	0.0	0.26761654	0.0	0.23328476	0.0	0.0	0.16091974	0.2669448	0.0	0.44899616	0.0	0.0	0.35570285	0.19364835	0.0	0.0	0.25485048	0.072830185	0.18747866	0.08322701	0.23173846	0.0	0.0	0.0	0.24899594	0.0	0.0	0.0	0.18390466	0.0	0.011203922	0.0	0.0	0.24951017	0.0	0.0	0.0	0.0	0.0	0.27626768	0.0	0.304394	0.0	0.0	0.0	0.113895535	0.084029995	0.0	0.0	0.0	0.2657195	0.0	0.0	0.0	0.17418528	0.0	0.0	0.0	0.5312143	0.13482083	0.0	0.0	0.18799411	0.0	0.06962005	0.0	0.0	0.05235377	0.0	0.0	0.0	0.0	0.058109045	0.39280543	0.0	0.28704265	0.0	0.38039336	0.0	0.20145287	0.21391875	0.26202843	0.090703815	0.2314092	0.0	0.0	0.2436076	0.1795144	0.0	0.006685976	0.058855195	0.20839994	0.0	0.0	0.0
0.09297941	0.025015937	0.32267776	0.0	0.0	0.07407984	0.0	0.0	0.0	0.32193103	0.0	0.17570531	0.003495964	0.0	0.069408745	0.2236383	0.0	0.0	0.0	0.0	0.0	0.0	0.031878952	0.0	0.0	0.26994768	0.0	0.2922062	0.0	0.0	0.0	0.09261331	0.15464193	0.0	0.30451265	0.0	0.2134086	0.0	0.0	0.14402337	0.24844511	0.0	0.34572116	0.0	0.0	0.3661315	0.3027269	0.0	0.0	0.09885824	0.0536409	0.18088979	0.15644597	0.22868253	0.0	0.0	0.0	0.2335279	0.0	0.0	0.0	0.17585729	0.0	0.007093005	0.0	0.0	0.0985735	0.0	0.0	0.0	0.007866245	0.0	0.2690439	0.0	0.36134744	0.0	0.0	0.0	0.12299461	0.09373218	0.0	0.0	0.0	0.19363786	0.0	0.0	0.0	0.12052163	0.056048315	0.0	0.0	0.4836557	0.1555156	0.0	0.0	0.18135063	0.0	0.06554518	0.0	0.0	0.07392698	0.0	0.0	0.0	0.0	0.15699822	0.3569684	0.0	0.3171334	0.0	0.31437454	0.0	0.18510185	0.3059905	0.179242	0.099937685	0.21473558	0.0	0.0	0.2419426	0.19118835	0.0	0.0012429735	0.1602215	0.23358469	0.0	0.0	0.0
0.09966978	0.0086667435	0.3141105	0.0	0.0	0.04584295	0.0	0.0	0.0	0.27399826	0.0	0.15167716	0.0	0.0	0.045434017	0.23178865	0.0	0.0	0.0	0.0	0.0	0.0	0.033248946	0.0	0.0	0.24738182	0.0	0.2695695	0.0	0.0	0.0	0.08738535	0.14768861	0.0	0.2794918	0.0	0.20471232	0.0	0.0	0.14341967	0.23705506	0.0	0.31769097	0.0	0.0015531468	0.34972253	0.27865258	0.0	0.0	0.10784996	0.046101753	0.17046495	0.15589522	0.20333982	0.0	0.0	0.0	0.22163987	0.0	0.0	0.0	0.17739761	0.0	0.00075985864	0.0	0.0	0.11279917	0.0	0.0	0.0	0.009838898	0.0	0.26192153	0.0	0.33747482	0.0	0.0	0.0	0.104682356	0.08947861	0.0	0.0	0.0	0.17983896	0.0	0.0	0.0	0.09355068	0.041385543	0.0	0.0	0.42688343	0.1408624	0.0	0.0	0.16712196	0.0	0.06644564	0.0	0.0	0.07060218	0.0	0.0	0.0	0.0	0.12827872	0.32501546	0.0	0.29526326	0.0	0.2699426	0.0	0.16328545	0.25809625	0.16420288	0.077960275	0.20306899	0.0	0.0	0.24897504	0.17728795	0.0	0.0	0.1258039	0.20001304	0.0	0.0	0.0
0.12658651	0.009774225	0.30600008	0.0	0.0	0.04276833	0.0	0.0	0.0	0.28918552	0.0	0.16204861	0.0	0.0	0.042839307	0.25338438	0.0	0.0	0.0	0.0	0.0	0.0	0.018462265	0.0	0.0	0.25044405	0.0	0.29131913	0.0	0.0	0.0	0.08396119	0.14403492	0.0	0.27252248	0.0	0.20596649	0.0	0.0	0.1369799	0.24420393	0.0	0.350526	0.0	3.5590183e-05	0.35199127	0.25806728	0.0	0.0	0.13815217	0.05502735	0.16436346	0.1345474	0.19764133	0.0	0.0	0.0	0.21354394	0.0	0.0	0.0	0.17487109	0.0	0.00442812	0.0	0.0	0.13314229	0.0	0.0	0.0	0.0	0.0	0.25807348	0.0	0.3215896	0.0	0.0	0.0	0.115718044	0.08920917	0.0	0.0	0.0	0.19252534	0.0	0.0	0.0	0.121419914	0.02571181	0.0	0.0	0.4617215	0.13503984	0.0	0.0	0.17162378	0.0	0.06825722	0.0	0.0	0.057825606	0.0	0.0	0.0	0.0	0.11654226	0.33490786	0.0	0.29291075	0.0	0.30627063	0.0	0.1614039	0.25187916	0.20440309	0.09155787	0.22129326	0.0	0.0	0.23749189	0.17886162	0.0	0.0030307125	0.12438813	0.21015936	0.0	0.0	0.0
0.10537455	0.0034177266	0.3097445	0.0	0.0	0.04013583	0.0	0.0	0.0	0.23663814	0.0	0.12072036	0.0	0.0	0.028588561	0.24328412	0.0	0.0	0.0	0.0	0.0	0.0	0.03380321	0.0	0.0	0.24498288	0.0	0.2508715	0.0	0.0	0.0	0.08251055	0.1446645	0.0	0.2548034	0.0	0.21485633	0.0	0.0	0.13955343	0.23296763	0.0	0.29710504	0.0	0.004528006	0.33348235	0.2549038	0.0	0.0	0.11587288	0.048302393	0.15791614	0.15955476	0.18412821	0.0	0.0	0.0	0.20643778	0.0	0.0	0.0	0.1795689	0.0	0.00232591	0.0	0.0	0.12282691	0.0	0.0	0.0	0.010758542	0.0	0.26279506	0.0	0.31134728	0.0	0.0	0.0	0.09100952	0.08557434	0.0	0.0	0.0	0.17400528	0.0	0.0	0.0	0.08322156	0.024710804	0.0	0.0	0.39421716	0.1169928	0.0	0.0	0.14619614	0.0	0.07799006	0.0	0.0	0.062434997	0.0	0.0	0.0	0.0	0.09119791	0.30708933	0.0	0.27260557	0.0	0.2518274	0.0	0.13356526	0.22636263	0.17272614	0.0694189	0.20239381	0.0	0.0	0.25101689	0.16535139	0.0	0.0016363183	0.099350035	0.17884004	0.0	0.0	0.0
0.07902631	0.011325121	0.29654023	0.0	0.0	0.06764917	4.3833006e-05	0.0	0.0	0.24004783	0.0	0.11450263	0.0	0.0	0.052945066	0.2524087	0.0	0.0	0.0	0.0	0.0	0.0	0.0341658	0.0	0.0	0.25048062	0.0	0.25370252	0.0	0.0	0.0	0.07801884	0.15532188	0.0	0.25172564	0.0	0.23303084	0.0	0.0	0.13765766	0.22661762	0.0	0.29085985	0.0	0.0008705035	0.32862797	0.2763855	0.0	0.0	0.1137893	0.06854754	0.13453406	0.15511562	0.18960619	0.0	0.0	0.0	0.20948286	0.0	0.0	0.0	0.17868371	0.0	0.0070919334	0.0	0.0	0.108759485	0.0	0.0	0.0	0.012674309	0.0	0.26086763	0.0	0.32241818	0.0	0.0	0.0	0.091664694	0.08947366	0.0	0.0	0.0	0.16862781	0.0	0.0	0.0	0.10602552	0.031928103	0.0	0.0	0.4079677	0.11148361	0.0	0.0	0.15062423	0.0	0.0812506	0.0	0.0	0.053286344	0.0	0.0	0.0	0.0	0.09438165	0.31504542	0.0	0.26612496	0.0	0.26536214	0.0	0.13124172	0.24053149	0.1886841	0.08610049	0.22218268	0.0	0.0	0.24823956	0.14753254	0.0	0.0	0.1291681	0.18428649	0.0	0.0	0.0
0.08457609	0.0072779525	0.29958668	0.0	0.0	0.053353187	0.0	0.0	0.0	0.2505391	0.0	0.123614095	0.0	0.0	0.048840795	0.23955059	0.0	0.0	0.0	0.0	0.0	0.0	0.029951612	0.0	0.0	0.24009883	0.0	0.25534377	0.0	0.0	0.0	0.07424899	0.15012997	0.0	0.2573269	0.0	0.21816981	0.0	0.0	0.13840894	0.2219835	0.0	0.29313397	0.0	0.0006884436	0.33384654	0.27452302	0.0	0.0	0.11308012	0.058775734	0.14582968	0.1562921	0.19370806	0.0	0.0	0.0	0.21244206	0.0	0.0	0.0	0.17686303	0.0	0.0020887405	0.0	0.0	0.10813773	0.0	0.0	0.0	0.009857249	0.0	0.2576561	0.0	0.32450148	0.0	0.0	0.0	0.095650725	0.08632148	0.0	0.0	0.0	0.16662437	0.0	0.0	0.0	0.09615811	0.034711283	0.0	0.0	0.40790662	0.12057212	0.0	0.0	0.1559337	0.0	0.070031166	0.0	0.0	0.055543974	0.0	0.0	0.0	0.0	0.10319475	0.31287923	0.0	0.27567208	0.0	0.2590001	0.0	0.13706169	0.23367369	0.17443335	0.07250471	0.21569638	0.0	0.0	0.24918373	0.15463932	0.0	0.0	0.1207456	0.18819262	0.0	0.0	0.0
0.07567965	0.011199102	0.29711297	0.0	0.0	0.055823218	0.0	0.0	0.0	0.2423592	0.0	0.11258515	0.0	0.0	0.05906638	0.24805959	0.0	0.0	0.0	0.0	0.0	0.0	0.036715727	0.0	0.0	0.24708991	0.0	0.25336114	0.0	0.0	0.0	0.076147184	0.15964563	0.0	0.24662058	0.0	0.22591054	0.0	0.0	0.1421088	0.21475852	0.0	0.28415662	0.0	0.0	0.3278397	0.27620575	0.0	0.0	0.10396239	0.06851747	0.13779941	0.15638372	0.1935129	0.0	0.0	0.0	0.2187096	0.0	0.0	0.0	0.17915177	0.0	0.008210242	0.0	0.0	0.10723231	0.0	0.0	0.0	0.011607614	0.0	0.26238218	0.0	0.3270399	0.0	0.0	0.0	0.09707743	0.082411565	0.0	0.0	0.0	0.16133957	0.0	0.0	0.0	0.0964823	0.035945974	0.0	0.0	0.40514407	0.12127161	0.0	0.0	0.15259899	0.0	0.08108739	0.0	0.0	0.055161934	0.0	0.0	0.0	0.0	0.09883777	0.31757295	0.0	0.2720637	0.0	0.26024744	0.0	0.13342948	0.23520939	0.17348313	0.08550689	0.21329896	0.0	0.0	0.24871683	0.15219687	0.0	0.0	0.12365821	0.18234761	0.0	0.0	0.0
0.24099517	0.0	0.3210568	0.0	0.0	0.005710712	0.0	0.0	0.0	0.34951663	0.0	0.27320102	0.0	0.0	0.025398508	0.29111063	0.0	0.0	0.0	0.0	0.0	0.0	0.0023593951	0.0	0.0	0.1868586	0.0	0.3855172	0.0	0.0	0.0	0.06603167	0.14856511	0.0	0.3525324	0.0	0.2310382	0.0	0.0	0.18857436	0.24513404	0.0	0.42863187	0.0	0.0	0.35683239	0.24912335	0.0	0.0	0.24222302	0.056285817	0.21586283	0.11947426	0.26289412	0.0	0.0	0.0	0.33116105	0.0	0.0	0.0	0.1715107	0.0	0.0058788	0.0	0.0	0.22895391	0.0	0.0	0.0	0.0	0.0	0.27899957	0.0	0.3549497	0.0	0.0	0.0	0.06482025	0.08455742	0.0	0.0	0.0	0.26140174	0.0	0.0	0.0	0.11642701	0.017230617	0.0	0.0	0.49642453	0.21756732	0.0	0.0	0.23749562	0.0	0.04611377	0.0	0.0	0.10207402	0.0	0.0	0.0	0.0	0.17291804	0.40181127	0.0	0.32179624	0.0	0.32454997	0.0	0.24506311	0.26684597	0.1424405	0.07744828	0.17997174	0.0	0.0	0.21760614	0.20883079	0.0	0.010554048	0.09912797	0.22729838	0.0	0.0	0.0
0.096937716	0.0048752404	0.30804518	0.0	0.0	0.043076325	0.0	0.0	0.0	0.24350889	0.0	0.12066087	0.0	0.0	0.044932485	0.24109131	0.0	0.0	0.0	0.0	0.0	0.0	0.035992686	0.0	0.0	0.24851386	0.0	0.25026226	0.0	0.0	0.0	0.083716996	0.14360185	0.0	0.2568632	0.0	0.21705925	0.0	0.0	0.14520118	0.23022826	0.0	0.2951545	0.0	0.0	0.32889515	0.26480144	0.0	0.0	0.10970086	0.048903104	0.15293196	0.15907466	0.19189256	0.0	0.0	0.0	0.21250296	0.0	0.0	0.0	0.17791097	0.0	0.004083304	0.0	0.0	0.121447265	0.0	0.0	0.0	0.008514338	0.0	0.2574626	0.0	0.31781185	0.0	0.0	0.0	0.09235672	0.08399782	0.0	0.0	0.0	0.17800142	0.0	0.0	0.0	0.08762145	0.02942933	0.0	0.0	0.40639856	0.12262792	0.0	0.0	0.14826076	0.0	0.076823704	0.0	0.0	0.056454744	0.0	0.0	0.0	0.0	0.09860476	0.3118066	0.0	0.2806127	0.0	0.26071393	0.0	0.1435341	0.24006157	0.16812016	0.077224635	0.2080595	0.0	0.0	0.24906982	0.164126	0.0	0.0	0.10997882	0.18808948	0.0	0.0	0.0
0.08092593	0.0057696463	0.30248195	0.0	0.0	0.055270936	0.0	0.0	0.0	0.2441719	0.0	0.12045869	0.0	0.0	0.050216954	0.24073948	0.0	0.0	0.0	0.0	0.0	0.0	0.034540758	0.0	0.0	0.24059324	0.0	0.2542579	0.0	0.0	0.0	0.07545962	0.15279545	0.0	0.2566974	0.0	0.22348595	0.0	0.0	0.13907367	0.21892186	0.0	0.2877883	0.0	0.0036885303	0.3327494	0.27919766	0.0	0.0	0.11004535	0.06052837	0.14175527	0.16072197	0.19433872	0.0	0.0	0.0	0.21536572	0.0	0.0	0.0	0.17557585	0.0	0.004237453	0.0	0.0	0.10760877	0.0	0.0	0.0	0.014779493	0.0	0.25917253	0.0	0.3257955	0.0	0.0	0.0	0.09159655	0.08836769	0.0	0.0	0.0	0.16565241	0.0	0.0	0.0	0.09322434	0.036999434	0.0	0.0	0.4026513	0.11893967	0.0	0.0	0.15783231	0.0	0.07439348	0.0	0.0	0.059848007	0.0	0.0	0.0	0.0	0.10395589	0.3127814	0.0	0.26924983	0.0	0.25459847	0.0	0.13664998	0.23456967	0.17149742	0.072654046	0.2102354	0.0	0.0	0.24999304	0.15212579	0.0	0.0	0.12287266	0.18017824	0.0	0.0	0.0
0.07952734	0.011089723	0.30274615	0.0	0.0	0.050313573	0.0	0.0	0.0	0.22701555	0.0	0.10038698	0.0	0.0	0.046146348	0.2433811	0.0	0.0	0.0	0.0	0.0	0.0	0.0387949	0.0	0.0	0.24325098	0.0	0.24606907	0.0	0.0	0.0	0.07327884	0.15119785	0.0	0.2411269	0.0	0.22383936	0.0	0.0	0.13279025	0.20816071	0.0	0.275835	0.0	0.0036242132	0.32902852	0.26640412	0.0	0.0	0.10631526	0.06485161	0.13732205	0.16366632	0.18713045	0.0	0.0	0.0	0.20167112	0.0	0.0	0.0	0.17241144	0.0	0.008337971	0.0	0.0	0.107239746	0.0	0.0	0.0	0.01567665	0.0	0.2572811	0.0	0.31259695	0.0	0.0	0.0	0.08785179	0.08513699	0.0	0.0	0.0	0.15902255	0.0	0.0	0.0	0.09033074	0.034251917	0.0	0.0	0.38410512	0.104666	0.0	0.0	0.14834295	0.0	0.08013334	0.0	0.0	0.056819756	0.0	0.0	0.0	0.0	0.08435605	0.30598792	0.0	0.26145378	0.0	0.24839024	0.0	0.121316485	0.2179702	0.17794341	0.067842945	0.21291195	0.0	0.0	0.2523478	0.1418497	0.0	0.0	0.11051709	0.16666865	0.0	0.0	0.0
0.08439837	0.018740838	0.30981907	0.0	0.0	0.06354273	0.0	0.0	0.0	0.24578361	0.0	0.11435751	0.0	0.0	0.044207484	0.23699485	0.0	0.0	0.0	0.0	0.0	0.0	0.036766674	0.0	0.0	0.26161793	0.0	0.2495532	0.0	0.0	0.0	0.0790118	0.15484741	0.0	0.25820127	0.0	0.23121081	0.0	0.0	0.13469689	0.21979181	0.0	0.28703594	0.0	0.004502967	0.33473048	0.27545708	0.0	0.0	0.10451388	0.05618666	0.1409367	0.16700518	0.18992251	0.0	0.0	0.0	0.21107547	0.0	0.0	0.0	0.183888	0.0	0.006284859	0.0	0.0	0.10894618	0.0	0.0	0.0	0.017247753	0.0	0.26800123	0.0	0.33017635	0.0	0.0	0.0	0.08954912	0.084612675	0.0	0.0	0.0	0.16930588	0.0	0.0	0.0	0.09321213	0.032034367	0.0	0.0	0.4037026	0.12333363	0.0	0.0	0.15016085	0.0	0.082487196	0.0	0.0	0.06651152	0.0	0.0	0.0	0.0	0.10661463	0.3156067	0.0	0.26984337	0.0	0.2584819	0.0	0.13234414	0.23804498	0.17569478	0.079606146	0.20849085	0.0	0.0	0.2500434	0.15273847	0.0	0.00023472682	0.12868835	0.18076867	0.0	0.0	0.0
0.098134644	0.017243678	0.32227194	0.0	0.0	0.06833855	0.0	0.0	0.0	0.30802765	0.0	0.16786604	0.0	0.0	0.062264506	0.23140065	0.0	0.0	0.0	0.0	0.0	0.0	0.030613467	0.0	0.0	0.2647711	0.0	0.28810486	0.0	0.0	0.0	0.0922375	0.15426256	0.0	0.2994696	0.0	0.21542591	0.0	0.0	0.14347316	0.25016963	0.0	0.3412776	0.0	0.0029503244	0.36447608	0.29661462	0.0	0.0	0.10375953	0.055182222	0.17702703	0.15636802	0.22234946	0.0	0.0	0.0	0.23357745	0.0	0.0	0.0	0.17581451	0.0	0.0035615687	0.0	0.0	0.10356286	0.0	0.0	0.0	0.011518564	0.0	0.2690389	0.0	0.35335484	0.0	0.0	0.0	0.1153206	0.09881999	0.0	0.0	0.0	0.19270396	0.0	0.0	0.0	0.1167833	0.050865754	0.0	0.0	0.47048688	0.14746116	0.0	0.0	0.17950875	0.0	0.0697174	0.0	0.0	0.07361493	0.0	0.0	0.0	0.0	0.14917375	0.35154232	0.0	0.30947998	0.0	0.30653474	0.0	0.18218376	0.29670584	0.17996937	0.098427236	0.21330898	0.0	0.0	0.2450301	0.18829118	0.0	0.00018998266	0.1480125	0.22229111	0.0	0.0	0.0
0.11071732	0.0	0.31495574	0.0	0.0	0.03325263	0.018462991	0.0	0.0	0.25351632	0.0	0.16551703	0.012897511	0.0	0.057275634	0.19821076	0.0	0.0	0.0	0.0	0.0	0.0	0.030137716	0.0	0.0	0.17098571	0.0	0.27018595	0.0	0.0	0.0	0.04895419	0.14078301	0.0	0.34445748	0.0	0.22515677	0.0	0.0	0.17663072	0.17954284	0.0	0.26429677	0.0	0.010072841	0.32244658	0.30658188	0.0	0.0	0.137816	0.027471354	0.17824614	0.2021196	0.22613014	0.0	0.0	0.0	0.3133761	0.0	0.0	0.0	0.16939263	0.0	0.0	0.0	0.0	0.11382899	0.008605148	0.0	0.0	0.0021035944	0.0	0.29146114	0.004763134	0.35062024	0.0	0.0	0.0	0.03524248	0.07450572	0.0	0.0075050388	0.0	0.17473055	0.0	0.0	0.0	0.015965957	0.05334452	0.0	0.0	0.3422452	0.22181857	0.0	0.0	0.19225031	0.0	0.04136375	0.0	0.0	0.10404593	0.0	0.0	0.0	0.0	0.18734555	0.33634505	0.0	0.28448197	0.0	0.17365384	0.0	0.16965389	0.22559859	0.0584929	0.03745282	0.13709797	0.0	0.0	0.23914357	0.14864545	0.0	0.02189619	0.13264197	0.17360568	0.0	0.0	0.0
0.12600493	0.0	0.32222852	0.0	0.0	0.036365476	0.016951496	0.0	0.0	0.29200768	0.0	0.19648089	0.012139137	0.0	0.061543327	0.19313557	0.0	0.0	0.0	0.0	0.0	0.0	0.018353002	0.0	0.0	0.16726135	0.0	0.29162708	0.0	0.0	0.0	0.049627464	0.1466647	0.0	0.36400545	0.0	0.21971951	0.0	0.0	0.18398625	0.18958251	0.0	0.28562492	0.0	0.011738085	0.34113768	0.31421018	0.0	0.0	0.14500554	0.02718311	0.19433303	0.19790804	0.24134576	0.0	0.0	0.0	0.33366212	0.0	0.0	0.0	0.1717807	0.0	0.0	0.0	0.0	0.115377	0.00680849	0.0	0.0	0.0013597732	0.0	0.2967124	0.0023374397	0.36582756	0.0	0.0	0.0	0.04073911	0.07659008	0.0	0.010147222	0.0	0.19013993	0.0	0.0	0.0	0.019814404	0.059990223	0.0	0.0	0.37065816	0.24451017	0.0	0.0	0.21063173	0.0	0.029409414	0.0	0.0	0.11517199	0.0	0.0	0.0	0.0	0.21517831	0.35333434	0.0	0.29993996	0.0	0.19522639	0.0	0.19868964	0.24655549	0.052445102	0.043928426	0.13377552	0.0	0.0	0.23923422	0.16124423	0.0	0.022965467	0.14497508	0.19187284	0.0	0.0	0.0
0.09684817	0.0001079257	0.2926155	0.0	0.0	0.045256745	0.0	0.0	0.0	0.23974405	0.0	0.11436682	0.0	0.0	0.042313427	0.25259855	0.0	0.0	0.0	0.0	0.0	0.0	0.030488143	0.0	0.0	0.24300553	0.0	0.2573022	0.0	0.0	0.0	0.07599465	0.15117358	0.0	0.24672462	0.0	0.21733622	0.0	0.0	0.13741584	0.21963806	0.0	0.2973278	0.0	0.0	0.3274682	0.2599275	0.0	0.0	0.12057799	0.060314775	0.14137465	0.1455834	0.18665193	0.0	0.0	0.0	0.20357896	0.0	0.0	0.0	0.17611589	0.0	0.005900435	0.0	0.0	0.119334966	0.0	0.0	0.0	0.0049106353	0.0	0.25646186	0.0	0.31349227	0.0	0.0	0.0	0.09306926	0.08422747	0.0	0.0	0.0	0.1657437	0.0	0.0	0.0	0.10246736	0.02827776	0.0	0.0	0.40177763	0.11467078	0.0	0.0	0.1503261	0.0	0.07681977	0.0	0.0	0.047856566	0.0	0.0	0.0	0.0	0.091539584	0.31656066	0.0	0.27249515	0.0	0.2652237	0.0	0.13356441	0.22503357	0.18125288	0.07989151	0.22087307	0.0	0.0	0.24914472	0.15015665	0.0	0.0	0.10479026	0.18116923	0.0	0.0	0.0
0.10841473	0.015167795	0.32635805	0.0	0.0	0.068707734	0.0	0.0	0.0	0.3162504	0.0	0.18060811	4.8357374e-06	0.0	0.06456837	0.23773189	0.0	0.0	0.0	0.0	0.0	0.0	0.033293635	0.0	0.0	0.2680081	0.0	0.29785764	0.0	0.0	0.0	0.09656171	0.15874143	0.0	0.31076965	0.0	0.22186334	0.0	0.0	0.1463421	0.25815788	0.0	0.35095167	0.0	0.0033864714	0.36987087	0.30594644	0.0	0.0	0.1077692	0.055377495	0.18244834	0.15404046	0.23104183	0.0	0.0	0.0	0.24539645	0.0	0.0	0.0	0.1793164	0.0	0.003956873	0.0	0.0	0.10910622	0.0	0.0	0.0	0.01453537	0.0	0.27469125	0.0	0.36192748	0.0	0.0	0.0	0.112474285	0.102745324	0.0	0.0	0.0	0.2050569	0.0	0.0	0.0	0.118983425	0.049829934	0.0	0.0	0.4830092	0.1536532	0.0	0.0	0.18634434	0.0	0.07517814	0.0	0.0	0.07858213	0.0	0.0	0.0	0.0	0.16110063	0.36011067	0.0	0.31279254	0.0	0.31436512	0.0	0.19518965	0.31005326	0.17965323	0.10347405	0.21046157	0.0	0.0	0.24747825	0.19667657	0.0	0.0	0.15417422	0.22386126	0.0	0.0	0.0
0.12754776	0.022793574	0.33562732	0.0	0.0	0.06546458	0.0	0.0	0.0	0.35286412	0.0	0.21710037	0.0010040229	0.0	0.062308867	0.23834883	0.0	0.0	0.0	0.0	0.0	0.0	0.031448293	0.0	0.0	0.2764378	0.0	0.32478824	0.0	0.0	0.0	0.10232842	0.15874398	0.0	0.3246379	0.0	0.21580572	0.0	0.0	0.15194975	0.27674243	0.0	0.39174828	0.0	0.0	0.37797025	0.3043199	0.0	0.0	0.12153355	0.050481733	0.20180671	0.14351343	0.24320419	0.0	0.0	0.0	0.24951856	0.0	0.0	0.0	0.17911704	0.0	0.009659029	0.0	0.0	0.12387555	0.0	0.0	0.0	0.005223436	0.0	0.28022626	0.0	0.37196434	0.0	0.0	0.0	0.12902026	0.1004081	0.0	0.0	0.0	0.22633605	0.0	0.0	0.0	0.13877515	0.051828463	0.0	0.0	0.52806884	0.16735584	0.0	0.0	0.19713151	0.0	0.068418406	0.0	0.0	0.079191275	0.0	0.0	0.0	0.0	0.17743379	0.3805393	0.0	0.3351514	0.0	0.34489152	0.0	0.21175653	0.3353413	0.19847305	0.11344988	0.21485895	0.0	0.0	0.2418092	0.21990629	0.0	0.0015567305	0.16347007	0.25109896	0.0	0.0	0.0
0.09235378	0.008865048	0.30484268	0.0	0.0	0.047483563	0.0	0.0	0.0	0.24355459	0.0	0.12341615	0.0	0.0	0.04260772	0.24099636	0.0	0.0	0.0	0.0	0.0	0.0	0.035391957	0.0	0.0	0.24445428	0.0	0.25606516	0.0	0.0	0.0	0.07923465	0.15162784	0.0	0.25606215	0.0	0.21820565	0.0	0.0	0.13692541	0.22373335	0.0	0.29255703	0.0	0.0024474487	0.33519706	0.2697998	0.0	0.0	0.11159287	0.054608706	0.14878128	0.15724488	0.19098623	0.0	0.0	0.0	0.21129696	0.0	0.0	0.0	0.17981064	0.0	0.0045722127	0.0	0.0	0.11205711	0.0	0.0	0.0	0.012259811	0.0	0.26274958	0.0	0.3249201	0.0	0.0	0.0	0.09298753	0.08685837	0.0	0.0	0.0	0.16943161	0.0	0.0	0.0	0.092225574	0.032809976	0.0	0.0	0.40086186	0.12235892	0.0	0.0	0.15470146	0.0	0.07627375	0.0	0.0	0.05908236	0.0	0.0	0.0	0.0	0.10581124	0.3135564	0.0	0.27549845	0.0	0.25486827	0.0	0.13996224	0.234784	0.17022546	0.074981175	0.21144448	0.0	0.0	0.2516243	0.15938668	0.0	0.0	0.1155391	0.18222316	0.0	0.0	0.0
0.16591217	0.014803891	0.32110098	0.0	0.0	0.048241615	0.0	0.0	0.0	0.3237896	0.0	0.18950212	0.0	0.0	0.043695394	0.2909984	0.0	0.0	0.0	0.0	0.0	0.0	0.020930283	0.0	0.0	0.2775974	0.0	0.3331995	0.0	0.0	0.0	0.09492189	0.15616272	0.0	0.28485325	0.0	0.22753632	0.0	0.0	0.1389178	0.27021194	0.0	0.4012774	0.0	0.0	0.37303796	0.25239417	0.0	0.0	0.16213976	0.06575591	0.17365618	0.11760527	0.21741879	0.0	0.0	0.0	0.22988427	0.0	0.0	0.0	0.17806695	0.0	0.0077517233	0.0	0.0	0.16133477	0.0	0.0	0.0	0.0	0.0	0.2723132	0.0	0.33124325	0.0	0.0	0.0	0.12967864	0.10225913	0.0	0.0	0.0	0.23196547	0.0	0.0	0.0	0.16374157	0.0170744	0.0	0.0	0.52677053	0.1325742	0.0	0.0	0.18455966	0.0	0.085878015	0.0	0.0	0.060303528	0.0	0.0	0.0	0.0	0.12774242	0.37349606	0.0	0.30467984	0.0	0.368513	0.0	0.18582468	0.28399575	0.25518066	0.1224587	0.23697458	0.0	0.0	0.23299767	0.19773535	0.0	0.0021693949	0.13423704	0.22474903	0.0	0.0	0.0
0.08763409	0.023208616	0.31469387	0.0	0.0	0.06719009	0.0	0.0	0.0	0.29547384	0.0	0.15132983	0.0	0.0	0.061466675	0.22698884	0.0	0.0	0.0	0.0	0.0	0.0	0.030543953	0.0	0.0	0.26193598	0.0	0.27575722	0.0	0.0	0.0	0.08549868	0.15485059	0.0	0.28739512	0.0	0.21501489	0.0	0.0	0.13825665	0.2325268	0.0	0.32326606	0.0	0.0024976756	0.35731015	0.29167035	0.0	0.0	0.101930894	0.057263654	0.16415389	0.16015	0.21168618	0.0	0.0	0.0	0.22335847	0.0	0.0	0.0	0.17564721	0.0	0.0035156447	0.0	0.0	0.09689593	0.0	0.0	0.0	0.011601853	0.0	0.26850298	0.0	0.34840026	0.0	0.0	0.0	0.11068497	0.09103671	0.0	0.0	0.0	0.17928372	0.0	0.0	0.0	0.108969174	0.050661594	0.0	0.0	0.44974437	0.14280523	0.0	0.0	0.17260355	0.0	0.069269255	0.0	0.0	0.071399875	0.0	0.0	0.0	0.0	0.13776158	0.33910704	0.0	0.29771975	0.0	0.2946901	0.0	0.16501276	0.2725973	0.17429478	0.090771765	0.2114321	0.0	0.0	0.2406482	0.17389448	0.0	0.0007948273	0.14525588	0.2138562	0.0	0.0	0.0
0.22313876	0.0	0.34156165	0.0	0.0	0.016458705	0.0	0.0	0.0	0.3491129	0.0	0.24585025	0.0	0.0	0.019836	0.33380163	0.0	0.0	0.0	0.0	0.0	0.0	0.018269207	0.0	0.0	0.26250425	0.0	0.38187945	0.0	0.0	0.0	0.0933747	0.15295058	0.0	0.28469482	0.0	0.2275563	0.0	0.0	0.15885358	0.29266697	0.0	0.46262953	0.0	0.0	0.37336922	0.22928394	0.0	0.0	0.21204905	0.055627387	0.19297165	0.08928106	0.23340403	0.0	0.0	0.0	0.2446026	0.0	0.0	0.0	0.1773572	0.0	0.013809163	0.0	0.0	0.22273159	0.0	0.0	0.0	0.0	0.0	0.26840892	0.0	0.33136404	0.0	0.0	0.0	0.14874414	0.08834646	0.0	0.0	0.0	0.2651514	0.0	0.0	0.0	0.19220912	0.0002999554	0.0	0.0	0.57333064	0.13052565	0.0	0.0	0.20127453	0.0	0.07993948	0.0	0.0	0.053109612	0.0	0.0	0.0	0.0	0.110214464	0.40575734	0.0	0.3093157	0.0	0.40649006	0.0	0.21536021	0.28458795	0.29644537	0.1266668	0.24146302	0.0	0.0	0.23733282	0.21368231	0.0	0.00016514957	0.105155945	0.22942393	0.0	0.0	0.0
0.16229212	0.00809182	0.29989064	0.0	0.0	0.03830303	0.0	0.0	0.0	0.27238497	0.0	0.1638752	0.0	0.0	0.0264972	0.30331656	0.0	0.0	0.0	0.0	0.0	0.0	0.014286362	0.0	0.0	0.25768155	0.0	0.3097413	0.0	0.0	0.0	0.08476264	0.14781213	0.0	0.2600877	0.0	0.22679774	0.0	0.0	0.13362771	0.25532165	0.0	0.37014022	0.0	0.0	0.3524545	0.23492037	0.0	0.0	0.17086346	0.06984549	0.14662467	0.11238273	0.19236028	0.0	0.0	0.0	0.21782897	0.0	0.0	0.0	0.18094127	0.0	0.010376841	0.0	0.0	0.17059796	0.0	0.0	0.0	0.0	0.0	0.25987926	0.0	0.31123722	0.0	0.0	0.0	0.108568646	0.08799589	0.0	0.0	0.0	0.21259744	0.0	0.0	0.0	0.14540671	0.011444976	0.0	0.0	0.47991672	0.11672342	0.0	0.0	0.17269023	0.0	0.08649204	0.0	0.0	0.052791756	0.0	0.0	0.0	0.0	0.08792456	0.34141985	0.0	0.2732722	0.0	0.33165833	0.0	0.16213104	0.24251552	0.24444751	0.10508523	0.2323174	0.0	0.0	0.23235554	0.17630251	0.0	0.0	0.112474285	0.19868268	0.0	0.0	0.0
0.076586045	0.0054692184	0.29644337	0.0	0.0	0.054370176	0.0	0.0	0.0	0.22774978	0.0	0.09640055	0.0	0.0	0.048197437	0.24653299	0.0	0.0	0.0	0.0	0.0	0.0	0.032794163	0.0	0.0	0.24240851	0.0	0.24330612	0.0	0.0	0.0	0.06950018	0.15368754	0.0	0.23591375	0.0	0.22621898	0.0	0.0	0.13486052	0.2144059	0.0	0.27642795	0.0	0.0018938383	0.3208135	0.26540032	0.0	0.0	0.112402886	0.06489401	0.13129614	0.1596661	0.18337835	0.0	0.0	0.0	0.1986158	0.0	0.0	0.0	0.1729577	0.0	0.004124263	0.0	0.0	0.10740212	0.0	0.0	0.0	0.01075466	0.0	0.25631413	0.0	0.30832753	0.0	0.0	0.0	0.09103986	0.08649281	0.0	0.0	0.0	0.15766047	0.0	0.0	0.0	0.0971519	0.02944828	0.0	0.0	0.3885667	0.10348785	0.0	0.0	0.14356072	0.0	0.07885089	0.0	0.0	0.04826917	0.0	0.0	0.0	0.0	0.080613695	0.30712596	0.0	0.264312	0.0	0.25206885	0.0	0.11663396	0.21691132	0.18444902	0.07320362	0.222194	0.0	0.0	0.25223455	0.13928072	0.0	0.0	0.10920236	0.1733882	0.0	0.0	0.0
0.10310751	0.008285114	0.30334458	0.0	0.0	0.054960728	0.0	0.0	0.0	0.2516102	0.0	0.13068502	0.0	0.0	0.044219572	0.25589237	0.0	0.0	0.0	0.0	0.0	0.0	0.034032688	0.0	0.0	0.25370747	0.0	0.26511422	0.0	0.0	0.0	0.085336566	0.15392162	0.0	0.263693	0.0	0.22563474	0.0	0.0	0.13979794	0.23781522	0.0	0.3080231	0.0	0.0008462034	0.3404276	0.27032626	0.0	0.0	0.11593751	0.06092146	0.14851542	0.14878534	0.19370182	0.0	0.0	0.0	0.21785288	0.0	0.0	0.0	0.18115361	0.0	0.00558644	0.0	0.0	0.120557316	0.0	0.0	0.0	0.011418257	0.0	0.26330543	0.0	0.32655302	0.0	0.0	0.0	0.093860425	0.091446735	0.0	0.0	0.0	0.18094607	0.0	0.0	0.0	0.10624957	0.030840248	0.0	0.0	0.4226474	0.120666526	0.0	0.0	0.15718411	0.0	0.08331841	0.0	0.0	0.059166014	0.0	0.0	0.0	0.0	0.10632066	0.32267162	0.0	0.2757626	0.0	0.2776446	0.0	0.15139623	0.25203696	0.18556309	0.09178575	0.21456559	0.0	0.0	0.24897175	0.16653872	0.0	0.0	0.11893612	0.19081955	0.0	0.0	0.0
0.16460824	0.0	0.3473936	0.0	0.0	0.03572123	0.047117323	0.0	0.0	0.36476734	0.0	0.2198649	0.0	0.0	0.084485054	0.19722532	0.0	0.0	0.0	0.0	0.0	0.0	0.022017933	0.0	0.0	0.19451804	0.0	0.3197873	0.0	0.0	0.0	0.09092376	0.14180276	0.0	0.3432902	0.0	0.24241936	0.0	0.0	0.18320866	0.26222584	0.0	0.3548998	0.0	0.018854132	0.34320304	0.32145792	0.0	0.0	0.1651699	0.029933235	0.23507099	0.17390086	0.27896333	0.0	0.0	0.0	0.29346356	0.0	0.0	0.0	0.16727054	0.0	0.018362423	0.0	0.0	0.12670368	0.0	0.0	0.0	0.0	0.0	0.29490426	0.0	0.36824512	0.0	0.0	0.0	0.06793451	0.08752507	0.008336437	0.0	0.0	0.23881792	0.0	0.0	0.0	0.0741974	0.05344346	0.0	0.0	0.45712003	0.19999345	0.0	0.0	0.20097025	0.0	0.049391568	0.0	0.0	0.09435252	0.0	0.0	0.0	0.0	0.1962719	0.38015842	0.0	0.33679602	0.0	0.28700536	0.0	0.22543164	0.3146504	0.10349695	0.06601335	0.18924701	0.0	0.0	0.2610942	0.2169749	0.0	0.017505286	0.088628404	0.23238347	0.0	0.0	0.0
0.102337815	0.0	0.3313085	0.0	0.0	0.03421201	0.04033125	0.0	0.0	0.33614603	0.0	0.13639934	0.0	0.0	0.10579646	0.17415607	0.0	0.0	0.0	0.0	0.0	0.0	0.030852681	0.0	0.0	0.21807557	0.0	0.26695457	0.0	0.0	0.0	0.0691363	0.16507137	0.0	0.2842046	0.0	0.2398092	0.0	0.0	0.15434933	0.21415095	0.0	0.2989469	0.0	0.018386317	0.34479788	0.2933425	0.0	0.0	0.11614383	0.047758717	0.20176719	0.18625446	0.2455346	0.0	0.0	0.0	0.22572146	0.0	0.0	0.0	0.14663209	0.0	0.014591898	0.0	0.0	0.07608842	0.0	0.0	0.0	0.00017145772	0.0	0.2876611	0.0	0.33542344	0.0	0.0	0.0	0.09428352	0.07503886	0.019267377	0.0	0.0	0.17587443	0.0	0.0	0.0	0.07797984	0.058725763	0.0	0.0	0.41128072	0.16569598	0.0	0.0	0.1613919	0.0	0.055333585	0.0	0.0	0.05956602	0.0	0.0	0.0	0.0	0.12796707	0.36536255	0.0	0.31844774	0.0	0.2853264	0.0	0.15888071	0.24740754	0.13741414	0.07559745	0.21838327	0.0	0.0	0.25850198	0.16043642	0.0	0.02219055	0.11166692	0.21312197	0.0	0.0	0.0
0.1786414	0.0	0.36951247	0.0	0.0	0.03637569	0.05418241	0.0	0.0	0.42155775	0.0	0.22884984	0.0	0.0	0.10533447	0.21167964	0.0	0.0	0.0	0.0	0.0	0.0	0.02479817	0.0	0.0	0.25425765	0.0	0.34783664	0.0	0.0	0.0	0.08902029	0.16245094	0.0	0.35343874	0.0	0.2635356	0.0	0.0	0.15219091	0.2746112	0.0	0.39529777	0.0	0.024472773	0.3802401	0.32025754	0.0	0.0	0.17850386	0.04670054	0.2504477	0.15676199	0.30604658	0.0	0.0	0.0	0.2944078	0.0	0.0	0.0	0.16114946	0.0	0.017408373	0.0	0.0	0.12136295	0.0	0.0	0.0	0.0	0.0	0.33185583	0.0	0.38510203	0.0	0.0	0.0	0.10085774	0.08274355	0.02550597	0.0	0.0	0.2676989	0.010890993	0.0	0.0	0.1429806	0.038870756	0.0	0.0	0.5432094	0.20622468	0.0	0.0	0.20691292	0.0	0.06555051	0.0	0.0	0.088695265	0.0	0.0	0.0	0.0	0.20339997	0.43019632	0.0	0.36096832	0.0	0.37738872	0.0	0.23810954	0.33696023	0.15837878	0.10333412	0.2342809	0.0	0.0	0.26122302	0.21107376	0.0	0.028531527	0.11370175	0.26151717	0.0	0.0	0.0
0.1553698	0.0	0.30702367	0.0	0.0	0.015383292	0.025740504	0.0	0.0	0.30773017	0.0	0.20596921	0.0	0.0	0.049118172	0.2106355	0.0	0.0	0.0	0.0	0.0	0.0	0.011894584	0.0	0.0	0.1739041	0.0	0.30042922	0.0	0.0	0.0	0.06983231	0.13303898	0.0	0.3222282	0.0	0.21002112	0.0	0.0	0.17546415	0.22967082	0.0	0.33305773	0.0	0.016490858	0.3244129	0.29241127	0.0	0.0	0.17464596	0.030493533	0.1999517	0.16247721	0.24321277	0.0	0.0	0.0	0.27674526	0.0	0.0	0.0	0.17242903	0.0	0.00666447	0.0	0.0	0.14579666	0.0	0.0	0.0	0.0	0.0	0.2632499	0.0	0.34459472	0.0	0.0	0.0	0.05278322	0.072804056	0.0	0.0	0.0	0.20843232	0.0	0.0	0.0	0.059434738	0.04212806	0.0	0.0	0.41454288	0.19017947	0.0	0.0	0.19260113	0.0	0.037326183	0.0	0.0	0.08603164	0.0	0.0	0.0	0.0	0.16603321	0.34082463	0.0	0.30823338	0.0	0.24296923	0.0	0.1980865	0.25818622	0.095139176	0.04217176	0.18426593	0.0	0.0	0.24516739	0.19190715	0.0	0.009305635	0.0807403	0.20573173	0.0	0.0	0.0
0.08917737	0.0	0.3379055	0.0	0.0	0.06391984	0.022366978	0.0	0.0	0.36343375	0.0	0.17448117	0.0	0.0	0.10552415	0.18886344	0.0	0.0	0.0	0.0	0.0	0.0	0.04744677	0.0	0.0	0.2598771	0.0	0.27332836	0.0	0.0	0.0	0.07681789	0.1591148	0.0	0.30691782	0.0	0.23588789	0.0	0.0	0.14133479	0.22468762	0.0	0.31287107	0.0	0.008548721	0.37434116	0.33208328	0.0	0.0	0.0930183	0.05090641	0.20724021	0.17057477	0.25306478	0.0	0.0	0.0	0.24451621	0.0	0.0	0.0	0.16342807	0.0	0.010627282	0.0	0.0	0.06259211	0.0	0.0	0.0	0.0	0.0	0.2888377	0.0	0.3766179	0.0	0.0	0.0	0.12658322	0.08649641	0.0	0.0	0.0	0.18633859	0.0	0.0	0.0	0.12391142	0.06903181	0.0	0.0	0.48001274	0.16466029	0.0	0.0	0.17451529	0.0	0.061337758	0.0	0.0	0.073519826	0.0	0.0	0.0	0.0	0.17162676	0.3726044	0.0	0.3184568	0.0	0.32310763	0.0	0.18743391	0.30128276	0.16348052	0.08946518	0.22863561	0.0	0.0	0.26101872	0.17721139	0.0	0.0017147405	0.1749878	0.23698358	0.0	0.008296515	0.0
0.090123154	0.0	0.3524035	0.0	0.0	0.056635514	0.04162133	0.0	0.0	0.37898126	0.0	0.1625304	0.0	0.0	0.121391706	0.17166191	0.0	0.0	0.0	0.0	0.0	0.0	0.045862775	0.0	0.0	0.26290223	0.0	0.27126828	0.0	0.0	0.0	0.07572336	0.16195242	0.0	0.3066481	0.0	0.24883522	0.0	0.0	0.13943666	0.22018814	0.0	0.31059626	0.0	0.01833332	0.37343958	0.33415985	0.0	0.0	0.09339384	0.04819143	0.2253126	0.17428845	0.2747781	0.0	0.0	0.0	0.24154516	0.0	0.0	0.0	0.15170355	0.0	0.013527851	0.0	0.0	0.048725992	0.0	0.0	0.0	0.0	0.0	0.30741507	0.0	0.3733404	0.0	0.0	0.0	0.13294418	0.093898095	0.018849341	0.0	0.0	0.19571738	0.0030667682	0.0	0.0	0.12806672	0.07063746	0.0	0.0	0.47614238	0.16892861	0.0	0.0	0.16943447	0.0	0.0625811	0.0	0.0	0.073282905	0.0	0.0	0.0	0.0	0.16895173	0.38797483	0.0	0.3299637	0.0	0.333975	0.0	0.18610273	0.30245832	0.15566657	0.09426025	0.23448724	0.0	0.0	0.2732948	0.17448358	0.0	0.013464811	0.15868874	0.23715603	0.0	0.0073678396	0.0
0.11516913	0.0	0.37251186	0.0	0.0	0.06445336	0.049744505	0.0	0.0	0.40300485	0.0	0.18265636	0.0	0.0	0.13054639	0.1630817	0.0	0.0	0.0	0.0	0.0	0.0	0.042350415	0.0	0.0	0.27661535	0.0	0.29996768	0.0	0.0	0.0	0.08712536	0.16432662	0.0	0.32990816	0.0	0.27317274	0.0	0.0	0.14443684	0.24994974	0.0	0.3346691	0.0	0.026191399	0.38214564	0.34178218	0.0	0.0	0.10799012	0.043308854	0.24685626	0.18205576	0.3020561	0.0	0.0	0.0	0.2664759	0.0	0.0	0.0	0.15046139	0.0	0.021458792	0.0	0.0	0.059650805	0.0	0.0	0.0	0.0	0.0	0.3289511	0.0	0.38438997	0.0	0.0	0.0	0.120178364	0.09032033	0.028374583	0.0	0.0	0.22616024	0.009099604	0.0	0.0	0.12052232	0.060670625	0.0	0.0	0.5021782	0.182485	0.0	0.0	0.1737947	0.0	0.07199924	0.0	0.0	0.07953131	0.0	0.0	0.0	0.0	0.1877032	0.41807985	0.0	0.3512206	0.0	0.35517982	0.0	0.20412938	0.33626437	0.14796185	0.10422812	0.23915394	0.0	0.0	0.26938942	0.19791073	0.0	0.025081225	0.15070924	0.25497612	0.0	0.005030878	0.0
0.16799341	0.0	0.35239613	0.0	0.0	0.021467669	0.03462936	0.0	0.0	0.38876462	0.0	0.24879922	0.0	0.0	0.0828479	0.19818121	0.0	0.0	0.0	0.0	0.0	0.0	0.022559047	0.0	0.0	0.20064683	0.0	0.34351656	0.0	0.0	0.0	0.09056389	0.15103894	0.0	0.36388433	0.0	0.22579052	0.0	0.0	0.17757316	0.26239434	0.0	0.37988594	0.0	0.019509578	0.36211753	0.32791492	0.0	0.0	0.16178378	0.024752298	0.25229076	0.16290905	0.28769436	0.0	0.0	0.0	0.30824864	0.0	0.0	0.0	0.1663713	0.0	0.007240107	0.0	0.0	0.1278156	0.0	0.0	0.0	0.0	0.0	0.29867575	0.0	0.3822931	0.0	0.0	0.0	0.07839659	0.089397706	0.0022987004	0.0	0.0	0.25015834	0.0	0.0	0.0	0.08802837	0.065453365	0.0	0.0	0.4938151	0.22285242	0.0	0.0	0.2183383	0.0	0.034869242	0.0	0.0	0.10091714	0.0	0.0	0.0	0.0	0.22476737	0.40051988	0.0	0.35486302	0.0	0.3085394	0.0	0.25156775	0.33184657	0.09645351	0.067976035	0.18701907	0.0	0.0	0.2603121	0.23154318	0.0	0.0135658905	0.08658317	0.2539715	0.0	0.0	0.0
0.1426313	0.0	0.33782995	0.0	0.0	0.033150185	0.03902422	0.0	0.0	0.35900232	0.0	0.21152668	0.0	0.0	0.07773095	0.18862616	0.0	0.0	0.0	0.0	0.0	0.0	0.020958096	0.0	0.0	0.20847957	0.0	0.30613044	0.0	0.0	0.0	0.09016619	0.14614119	0.0	0.33650336	0.0	0.2273119	0.0	0.0	0.17252	0.25650895	0.0	0.34737182	0.0	0.02056889	0.3488002	0.3206808	0.0	0.0	0.149661	0.030003252	0.23092155	0.17329447	0.27139628	0.0	0.0	0.0	0.2774693	0.0	0.0	0.0	0.16381451	0.0	0.010171455	0.0	0.0	0.11943227	0.0	0.0	0.0	0.0	0.0	0.2918071	0.0	0.3708078	0.0	0.0	0.0	0.08195574	0.08288675	0.004327018	0.0	0.0	0.22169177	0.0	0.0	0.0	0.08136938	0.06216356	0.0	0.0	0.46464244	0.19476771	0.0	0.0	0.19833066	0.0	0.042306673	0.0	0.0	0.09343275	0.0	0.0	0.0	0.0	0.19201326	0.37457606	0.0	0.33325616	0.0	0.28793955	0.0	0.22080435	0.31133986	0.111605525	0.06823591	0.19371368	0.0	0.0	0.26006523	0.2060043	0.0	0.014328238	0.09762424	0.23462473	0.0	0.0	0.0
0.14739859	0.0	0.33042237	0.0	0.0	0.03721716	0.03508327	0.0	0.0	0.34668958	0.0	0.20651603	0.0	0.0	0.078671224	0.21229123	0.0	0.0	0.0	0.0	0.0	0.0	0.024015052	0.0	0.0	0.20960476	0.0	0.3088367	0.0	0.0	0.0	0.088554524	0.14113303	0.0	0.323646	0.0	0.22801809	0.0	0.0	0.16607247	0.25913635	0.0	0.35158035	0.0	0.016899621	0.34334505	0.31114283	0.0	0.0	0.15799798	0.037361484	0.2154205	0.16087042	0.26473996	0.0	0.0	0.0	0.26778483	0.0	0.0	0.0	0.16966276	0.0	0.011345548	0.0	0.0	0.12558164	0.0	0.0	0.0	0.0	0.0	0.2805715	0.0	0.36005363	0.0	0.0	0.0	0.08192326	0.078292236	0.0020487458	0.0	0.0	0.22325893	0.0	0.0	0.0	0.09560695	0.04278827	0.0	0.0	0.4699823	0.18148762	0.0	0.0	0.19251382	0.0	0.045264687	0.0	0.0	0.07725564	0.0	0.0	0.0	0.0	0.17577463	0.3683692	0.0	0.32707366	0.0	0.29880187	0.0	0.20915455	0.30062917	0.13051641	0.072616845	0.20976166	0.0	0.0	0.26240647	0.2030139	0.0	0.012241423	0.11165822	0.23312755	0.0	0.0	0.0
0.1409026	0.0	0.33919585	0.0	0.0	0.027419766	0.029991621	0.0	0.0	0.35570845	0.0	0.20421398	0.0	0.0	0.08282856	0.19921179	0.0	0.0	0.0	0.0	0.0	0.0	0.029612808	0.0	0.0	0.22476643	0.0	0.30584738	0.0	0.0	0.0	0.08869781	0.15150355	0.0	0.32976606	0.0	0.22669147	0.0	0.0	0.15694271	0.25185233	0.0	0.34576932	0.0	0.015180092	0.35484537	0.31748018	0.0	0.0	0.1431043	0.035188023	0.22249414	0.16156203	0.26234922	0.0	0.0	0.0	0.2678155	0.0	0.0	0.0	0.17325743	0.0	0.012497443	0.0	0.0	0.11525395	0.0	0.0	0.0	0.0	0.0	0.29022953	0.0	0.3655001	0.0	0.0	0.0	0.08784296	0.075593606	0.0	0.0	0.0	0.21853895	0.0	0.0	0.0	0.09693861	0.051997494	0.0	0.0	0.4729625	0.1901067	0.0	0.0	0.19217907	0.0	0.0472587	0.0	0.0	0.083179064	0.0	0.0	0.0	0.0	0.1862905	0.37806424	0.0	0.33146358	0.0	0.30162045	0.0	0.21096657	0.30502573	0.12459713	0.07492319	0.20889306	0.0	0.0	0.26083058	0.20608562	0.0	0.011144042	0.12213069	0.23441935	0.0	0.0	0.0
0.14484988	0.0	0.38387582	0.0	0.0	0.06846222	0.06188364	0.0	0.0	0.4274408	0.0	0.21940935	0.0	0.0	0.12537937	0.162678	0.0	0.0	0.0	0.0	0.0	0.0	0.028224507	0.0	0.0	0.24936281	0.0	0.32726336	0.0	0.0	0.0	0.086486064	0.16548489	0.0	0.37309065	0.0	0.27663657	0.0	0.0	0.16564506	0.26425144	0.0	0.35224566	0.0	0.027732313	0.3943775	0.35871682	0.0	0.0	0.13273083	0.04642676	0.2694094	0.1856755	0.32961953	0.0	0.0	0.0	0.3038515	0.0	0.0	0.0	0.15615161	0.0	0.026600463	0.0	0.0	0.07413595	0.0	0.0	0.0	0.009562987	0.0	0.33915982	0.0	0.40206113	0.0	0.011787295	0.0	0.10667705	0.086601675	0.032842234	0.0	0.0	0.24713565	0.0144160045	0.0	0.0	0.11090576	0.07129928	0.0	0.0	0.51554173	0.22020237	0.0	0.0	0.20198083	0.0	0.06779361	0.0	0.0	0.089936174	0.0	0.0	0.0	0.0	0.22300343	0.42226222	0.0	0.3692006	0.0	0.36078417	0.0	0.23053749	0.3543193	0.13330883	0.10854053	0.22801654	0.0	0.0	0.268818	0.22206718	0.0	0.026875645	0.13769728	0.26445457	0.0	0.0	0.0
0.1850192	0.0	0.3484502	0.0	0.0	0.032938916	0.04452682	0.0	0.0	0.38962007	0.0	0.24288076	0.0	0.0	0.071434714	0.22235821	0.0	0.0	0.0	0.0	0.0	0.0	0.012830083	0.0	0.0	0.2266699	0.0	0.3527514	0.0	0.0	0.0	0.10123543	0.14798701	0.0	0.3560106	0.0	0.25018668	0.0	0.0	0.19736876	0.2972256	0.0	0.40603006	0.0	0.016789848	0.35825396	0.32091108	0.0	0.0	0.17669992	0.04470602	0.2393349	0.15642947	0.31069258	0.0	0.0	0.0	0.3128567	0.0	0.0	0.0	0.17639242	0.0	0.01925647	0.0	0.0	0.15741657	0.0	0.0	0.0	0.0	0.0	0.32214317	0.0	0.39049348	0.0	0.0	0.0	0.08088134	0.084333204	0.0069997855	0.0	0.0	0.26137215	0.0	0.0	0.0	0.09965388	0.03632314	0.0	0.0	0.5191185	0.20432718	0.0	0.0	0.21663994	0.0	0.05298315	0.0	0.0	0.11657488	0.0	0.0	0.0	0.0	0.20146222	0.42814627	0.0	0.34781328	0.0	0.33275875	0.0	0.24933203	0.34365213	0.12661822	0.09506156	0.1919914	0.0	0.0	0.2614355	0.23455627	0.0	0.021129532	0.09638762	0.23995674	0.0	0.0	0.0
0.15841018	0.0	0.36209002	0.0	0.0	0.044793844	0.06298078	0.0	0.0	0.39659342	0.0	0.22074132	0.0	0.0	0.11147201	0.15930621	0.0	0.0	0.0	0.0	0.0	0.0	0.012994324	0.0	0.0	0.19837737	0.0	0.32506275	0.0	0.0	0.0	0.07826467	0.14474343	0.0	0.36776707	0.0	0.24907167	0.0	0.0	0.18679069	0.2540795	0.0	0.34689716	0.0	0.028442636	0.35084772	0.34220624	0.0	0.0	0.16362084	0.03378035	0.25490674	0.19089818	0.30470514	0.0	0.0	0.0	0.31612134	0.0	0.0	0.0	0.16957863	0.0	0.015667131	0.0	0.0	0.10609689	0.0	0.0	0.0	0.008548283	0.0	0.3250797	0.0	0.38729987	0.0	0.01129308	0.0	0.06779748	0.08210414	0.0270541	0.0	0.0	0.24157368	0.0	0.0	0.0	0.06665077	0.07032395	0.0	0.0	0.46743798	0.22205682	0.0	0.0	0.20274663	0.0	0.046317477	0.0	0.0	0.106112204	0.0	0.0	0.0	0.0	0.22385317	0.39366212	0.0	0.34521374	0.0	0.2879597	0.0	0.22854793	0.3252044	0.08326959	0.07449917	0.19246654	0.0	0.0	0.263364	0.21827297	0.0	0.028660605	0.09623527	0.2404886	0.0	0.0	0.0
0.17425017	0.0	0.34148666	0.0	0.0	0.019594884	0.021437803	0.0	0.0	0.3738176	0.0	0.24181013	0.0	0.0	0.06798921	0.19042654	0.0	0.0	0.0	0.0	0.0	0.0	0.00958831	0.0	0.0	0.18667807	0.0	0.33432183	0.0	0.0	0.0	0.090504944	0.14690895	0.0	0.354316	0.0	0.21826087	0.0	0.0	0.18535066	0.25444794	0.0	0.37490675	0.0	0.0180895	0.34887156	0.30943117	0.0	0.0	0.1675841	0.016044246	0.24753644	0.17132682	0.2766041	0.0	0.0	0.0	0.2978646	0.0	0.0	0.0	0.15794307	0.0	0.010713473	0.0	0.0	0.13613205	0.0	0.0	0.0	0.0	0.0	0.28470555	0.0	0.369576	0.0	0.0	0.0	0.07211673	0.086155474	0.0027871008	0.0	0.0	0.23499076	0.0	0.0	0.0	0.06957864	0.0633864	0.0	0.0	0.45986798	0.22636986	0.0	0.0	0.21541995	0.0	0.029952219	0.0	0.0	0.10714837	0.0	0.0	0.0	0.0	0.20935261	0.38564932	0.0	0.35462853	0.0	0.2867593	0.0	0.23732078	0.30603203	0.08818636	0.06325773	0.18489885	0.0	0.0	0.25267106	0.22701102	0.0	0.011952605	0.0751664	0.23869312	0.0	0.0	0.0
0.14539076	0.0	0.36954698	0.0	0.0	0.055023145	0.060122102	0.0	0.0	0.39199647	0.0	0.21471721	0.0	0.0	0.11225767	0.17736019	0.0	0.0	0.0	0.0	0.0	0.0	0.02310825	0.0	0.0	0.21338439	0.0	0.31739148	0.0	0.0	0.0	0.08686008	0.14518803	0.0	0.35131443	0.0	0.254249	0.0	0.0	0.17422087	0.26144752	0.0	0.34535125	0.0	0.02404128	0.3560715	0.34221157	0.0	0.0	0.15096343	0.037821572	0.24225955	0.17836362	0.29515266	0.0	0.0	0.0	0.29149875	0.0	0.0	0.0	0.16204254	0.0	0.01751308	0.0	0.0	0.10086843	0.0	0.0	0.0	0.0028445448	0.0	0.31643775	0.0	0.37771812	0.0	0.00095400587	0.0	0.08582298	0.088151276	0.020933628	0.0	0.0	0.24540554	0.0	0.0	0.0	0.08784618	0.069879465	0.0	0.0	0.47966513	0.2032072	0.0	0.0	0.2021628	0.0	0.049657393	0.0	0.0	0.08997799	0.0	0.0	0.0	0.0	0.20632575	0.3914174	0.0	0.34177247	0.0	0.31052154	0.0	0.22711325	0.3287985	0.1087803	0.07513399	0.20613432	0.0	0.0	0.26765737	0.206585	0.0	0.024461975	0.11427214	0.24413483	0.0	0.0	0.0
0.16359532	0.0	0.33775604	0.0	0.0	0.030914605	0.045768976	0.0	0.0	0.3689394	0.0	0.22270517	0.0	0.0	0.08284823	0.19479513	0.0	0.0	0.0	0.0	0.0	0.0	0.016304674	0.0	0.0	0.19644244	0.0	0.31992888	0.0	0.0	0.0	0.08464023	0.14066218	0.0	0.3480958	0.0	0.22998281	0.0	0.0	0.17622773	0.25692767	0.0	0.36156067	0.0	0.019474262	0.34601593	0.31821677	0.0	0.0	0.17435937	0.031846073	0.2331326	0.16861399	0.27894878	0.0	0.0	0.0	0.28840658	0.0	0.0	0.0	0.16564788	0.0	0.012540574	0.0	0.0	0.13025011	0.0	0.0	0.0	0.0	0.0	0.292587	0.0	0.3687261	0.0	0.0	0.0	0.07009952	0.082209	0.008754861	0.0	0.0	0.23750293	0.0	0.0	0.0	0.080630474	0.055691674	0.0	0.0	0.46705106	0.1989708	0.0	0.0	0.20510904	0.0	0.04086238	0.0	0.0	0.09784464	0.0	0.0	0.0	0.0	0.19588697	0.37795058	0.0	0.33454177	0.0	0.29237014	0.0	0.22437434	0.3069385	0.10810548	0.062084783	0.19779146	0.0	0.0	0.25622547	0.21019341	0.0	0.0147428885	0.0955756	0.22908455	0.0	0.0	0.0
0.15000881	0.0	0.38890135	0.0	0.0	0.04314569	0.051738072	0.0	0.0	0.42488202	0.0	0.2238353	0.0	0.0	0.11788115	0.16595258	0.0	0.0	0.0	0.0	0.0	0.0	0.028019749	0.0	0.0	0.2379632	0.0	0.3290209	0.0	0.0	0.0	0.09001928	0.15854539	0.0	0.3624045	0.0	0.25306994	0.0	0.0	0.16010487	0.26040486	0.0	0.3649818	0.0	0.025944367	0.3877852	0.34542498	0.0	0.0	0.13922745	0.037063923	0.27102172	0.17910792	0.31682396	0.0	0.0	0.0	0.2972336	0.0	0.0	0.0	0.15441991	0.0	0.016761892	0.0	0.0	0.082284175	0.0	0.0	0.0	0.0	0.0	0.33533716	0.0	0.39149237	0.0	0.00051729503	0.0	0.105540894	0.087554894	0.026213022	0.0	0.0	0.24402149	0.0039210203	0.0	0.0	0.10892626	0.07354143	0.0	0.0	0.51653606	0.22090912	0.0	0.0	0.20556574	0.0	0.054216485	0.0	0.0	0.08938342	0.0	0.0	0.0	0.0	0.2184521	0.42313305	0.0	0.36560145	0.0	0.34561574	0.0	0.24013872	0.34947932	0.11677923	0.08691079	0.2141118	0.0	0.0	0.2716458	0.2178166	0.0	0.024088413	0.11528826	0.26687384	0.0	0.0	0.0
0.16185428	0.0	0.32951793	0.0	0.0	0.018433088	0.026959619	0.0	0.0	0.34492168	0.0	0.22007066	0.0	0.0	0.06086724	0.21443634	0.0	0.0	0.0	0.0	0.0	0.0	0.013938528	0.0	0.0	0.19216113	0.0	0.32087722	0.0	0.0	0.0	0.088691086	0.13357574	0.0	0.32515013	0.0	0.21594428	0.0	0.0	0.1732104	0.2585795	0.0	0.3688276	0.0	0.0148423305	0.3399818	0.29364374	0.0	0.0	0.17028838	0.026262455	0.21974362	0.1549782	0.25637004	0.0	0.0	0.0	0.26925492	0.0	0.0	0.0	0.16729277	0.0	0.009220068	0.0	0.0	0.14582005	0.0	0.0	0.0	0.0	0.0	0.26985908	0.0	0.34566864	0.0	0.0	0.0	0.0854095	0.08220262	0.0	0.0	0.0	0.22772516	0.0	0.0	0.0	0.08791429	0.04220712	0.0	0.0	0.466637	0.1875395	0.0	0.0	0.19885933	0.0	0.036678266	0.0	0.0	0.07984709	0.0	0.0	0.0	0.0	0.16584744	0.3619211	0.0	0.328421	0.0	0.29503998	0.0	0.21372809	0.28780854	0.12810765	0.06300532	0.20122641	0.0	0.0	0.25382993	0.21258159	0.0	0.010571629	0.086583674	0.23167515	0.0	0.0	0.0
0.13010496	0.0	0.36656585	0.0	0.0	0.060614105	0.056575645	0.0	0.0	0.36791444	0.0	0.14695252	0.0	0.0	0.10902626	0.18779592	0.0	0.0	0.0	0.0	0.0	0.0	0.038147394	0.0	0.0	0.26837042	0.0	0.2981048	0.0	0.0	0.0	0.09483882	0.15044828	0.0	0.30675057	0.0	0.2752391	0.0	0.0	0.14592777	0.26045254	0.0	0.34342018	0.0	0.027961582	0.35612893	0.3082477	0.0	0.0	0.12930681	0.042014703	0.2296557	0.17477226	0.27991852	0.0	0.0	0.0	0.23385994	0.0	0.0	0.0	0.16175616	0.0	0.027450478	0.0	0.0	0.09538875	0.0	0.0	0.0	0.0	0.0	0.31362513	0.0	0.3452281	0.0	0.0	0.0	0.10920539	0.091127135	0.023527665	0.0	0.0	0.22525196	0.0027314536	0.0	0.0	0.12423877	0.030207256	0.0	0.0	0.48310086	0.16074531	0.0	0.0	0.17027478	0.0	0.09154708	0.0	0.0	0.07245485	0.0	0.0	0.0	0.0	0.14191173	0.40234923	0.0	0.32710662	0.0	0.348774	0.0	0.17919368	0.31162333	0.17186387	0.10496151	0.23700996	0.0	0.0	0.27870676	0.18467458	0.0	0.028683687	0.11991558	0.21833801	0.0	0.0	0.0
0.21671064	0.0	0.3454447	0.0	0.0	0.017889638	0.041817527	0.0	0.0	0.3871793	0.0	0.23608911	0.0	0.0	0.07175619	0.22364153	0.0	0.0	0.0	0.0	0.0	0.0	0.0021557894	0.0	0.0	0.20181979	0.0	0.3597978	0.0	0.0	0.0	0.06915576	0.15525766	0.0	0.34571138	0.0	0.24857509	0.0	0.0	0.16315521	0.2471285	0.0	0.4000604	0.0	0.01834215	0.36046448	0.2724569	0.0	0.0	0.22128947	0.04055185	0.23450857	0.15066095	0.28565028	0.0	0.0	0.0	0.30641815	0.0	0.0	0.0	0.16111729	0.0	0.010957713	0.0	0.0	0.16692376	0.0	0.0	0.0	0.0	0.0	0.3141267	0.0	0.35459003	0.0	0.0	0.0	0.06559073	0.06498629	0.017323188	0.0	0.0	0.24614172	0.0	0.0	0.0	0.11354973	0.024522632	0.0	0.0	0.49348745	0.2209961	0.0	0.0	0.21618521	0.0	0.051624577	0.0	0.0	0.09448067	0.0	0.0	0.0	0.0	0.18891966	0.41241014	0.0	0.33201128	0.0	0.33783254	0.0	0.23103438	0.27703694	0.13358553	0.07490764	0.20866992	0.0	0.0	0.2393161	0.20169467	0.0	0.027363248	0.07655891	0.23419635	0.0	0.0	0.0
0.09264392	0.0	0.31380087	0.0	0.0	0.015419327	0.028578172	0.0	0.0	0.29145336	0.0	0.13956144	0.0	0.0	0.067420416	0.18206215	0.0	0.0	0.0	0.0	0.0	0.0	0.023778632	0.0	0.0	0.18265848	0.0	0.25217822	0.0	0.0	0.0	0.05946319	0.14060752	0.0	0.27735883	0.0	0.2049612	0.0	0.0	0.1566255	0.19709498	0.0	0.27761367	0.0	0.015614458	0.32172263	0.28773308	0.0	0.0	0.12825452	0.031787176	0.19606654	0.18910326	0.22796412	0.0	0.0	0.0	0.23411898	0.0	0.0	0.0	0.16356178	0.0	0.0067665563	0.0	0.0	0.09180426	0.0	0.0	0.0	0.0028151982	0.0	0.27071193	0.0	0.32772896	0.0	0.0	0.0	0.07955131	0.06940654	0.0064516985	0.0	0.0	0.15363564	0.0	0.0	0.0	0.052867297	0.068858795	0.0	0.0	0.3662635	0.17050052	0.0	0.0	0.15743707	0.0	0.036458403	0.0	0.0	0.068974674	0.0	0.0	0.0	0.0	0.12522866	0.32661736	0.0	0.3008969	0.0	0.2224565	0.0	0.15184946	0.21165998	0.099214174	0.037928406	0.19968857	0.0	0.0	0.2632655	0.15567322	0.0	0.011746996	0.08614024	0.1914735	0.0	0.0	0.0
0.19544233	0.0	0.40217054	0.0	0.0	0.026507923	0.036668923	0.0	0.0	0.41665736	0.0	0.19822623	0.0	0.0	0.084432386	0.24573845	0.0	0.0	0.0	0.0	0.0	0.0	0.051184636	0.0	0.0	0.28625274	0.0	0.32914814	0.0	0.0	0.0	0.12876117	0.13667935	0.0	0.32203564	0.0	0.27650616	0.0	0.0	0.15010075	0.29402825	0.0	0.41150463	0.0	0.0018061189	0.36957684	0.2993238	0.0	0.0	0.16100225	0.038895365	0.26291907	0.15173112	0.29996443	0.0	0.0	0.0	0.2569319	0.0	0.0	0.0	0.15844707	0.0	0.03152401	0.0	0.0	0.16295905	0.0	0.0	0.0	0.0	0.0	0.31380907	0.0	0.35701117	0.0	0.0	0.0	0.12926471	0.09184772	0.0044514984	0.0	0.0	0.25330237	0.0	0.0	0.0	0.17189856	0.0029561284	0.0	0.0	0.55718654	0.17611073	0.0	0.0	0.19782995	0.0	0.099973656	0.0	0.0	0.07280459	0.0	0.0	0.0	0.0	0.14207298	0.45274496	0.0	0.33420625	0.0	0.40222475	0.0	0.22859406	0.3504006	0.20051843	0.13693897	0.21051638	0.0	0.0	0.30306146	0.21779947	0.0	0.020131396	0.110046804	0.25042957	0.0	0.0	0.0
0.12646203	0.0	0.32787496	0.0	0.0	0.042307075	0.050370395	0.0	0.0	0.34487545	0.0	0.14623326	0.0	0.0	0.08775643	0.20003915	0.0	0.0	0.0	0.0	0.0	0.0	0.026235359	0.0	0.0	0.23988824	0.0	0.28295627	0.0	0.0	0.0	0.07832463	0.1482748	0.0	0.28935987	0.0	0.24526204	0.0	0.0	0.15018773	0.24223578	0.0	0.32976818	0.0	0.020680558	0.34425044	0.2926088	0.0	0.0	0.13354051	0.044308066	0.2035106	0.16362141	0.25655085	0.0	0.0	0.0	0.23124343	0.0	0.0	0.0	0.16561875	0.0	0.016383132	0.0	0.0	0.1022706	0.0	0.0	0.0	0.0	0.0	0.2964406	0.0	0.332788	0.0	0.0	0.0	0.10262233	0.0835189	0.017356576	0.0	0.0	0.20485847	0.0	0.0	0.0	0.11274484	0.03428496	0.0	0.0	0.45721492	0.15417473	0.0	0.0	0.1638373	0.0	0.06048906	0.0	0.0	0.067043744	0.0	0.0	0.0	0.0	0.13458596	0.3652494	0.0	0.31279793	0.0	0.32100508	0.0	0.16872962	0.2730123	0.16603573	0.0863638	0.24028488	0.0	0.0	0.2627168	0.17650808	0.0	0.021364769	0.121587634	0.22016275	0.0	0.0	0.0
0.15944813	0.0	0.33932984	0.0	0.0	0.017209927	0.019276254	0.0	0.0	0.35477042	0.0	0.19300662	0.0	0.0	0.064180166	0.2132916	0.0	0.0	0.0	0.0	0.0	0.0	0.021570032	0.0	0.0	0.21568824	0.0	0.3047202	0.0	0.0	0.0	0.077012554	0.14789976	0.0	0.32109067	0.0	0.2281438	0.0	0.0	0.16943802	0.24971537	0.0	0.35024774	0.0	0.017834181	0.3522694	0.2878972	0.0	0.0	0.16085339	0.024352102	0.22057374	0.16732514	0.26152423	0.0	0.0	0.0	0.2726235	0.0	0.0	0.0	0.16705835	0.0	0.011093125	0.0	0.0	0.13265945	0.0	0.0	0.0	0.0	0.0	0.2920184	0.0	0.3470144	0.0	0.0	0.0	0.07781348	0.07046118	0.0043475083	0.0	0.0	0.225303	0.0	0.0	0.0	0.08904614	0.035526007	0.0	0.0	0.46450475	0.18058492	0.0	0.0	0.18802525	0.0	0.049820293	0.0	0.0	0.07564843	0.0	0.0	0.0	0.0	0.15989277	0.38052145	0.0	0.32753715	0.0	0.30174968	0.0	0.21555431	0.28865424	0.12840813	0.074181534	0.21124737	0.0	0.0	0.26347235	0.19885583	0.0	0.02018066	0.090156384	0.22965105	0.0	0.0	0.0
0.10842645	0.018490667	0.31588814	0.0	0.0	0.060925398	0.0	0.0	0.0	0.30340397	0.0	0.15651196	0.0	0.0	0.05863777	0.23071861	0.0	0.0	0.0	0.0	0.0	0.0	0.031223418	0.0	0.0	0.2578147	0.0	0.27958426	0.0	0.0	0.0	0.08712559	0.14989558	0.0	0.28359953	0.0	0.20980941	0.0	0.0	0.14011213	0.24200921	0.0	0.33171692	0.0	0.00034349164	0.35606804	0.28605917	0.0	0.0	0.115526885	0.049707476	0.17359608	0.14831065	0.21070373	0.0	0.0	0.0	0.21960507	0.0	0.0	0.0	0.17484812	0.0	0.0029063846	0.0	0.0	0.10753875	0.0	0.0	0.0	0.009306037	0.0	0.26425567	0.0	0.34149656	0.0	0.0	0.0	0.10966036	0.09366169	0.0	0.0	0.0	0.19024728	0.0	0.0	0.0	0.11057309	0.04131562	0.0	0.0	0.4523202	0.14415194	0.0	0.0	0.17052144	0.0	0.06953164	0.0	0.0	0.06735287	0.0	0.0	0.0	0.0	0.1398675	0.3396535	0.0	0.30395868	0.0	0.29957172	0.0	0.16528106	0.2702572	0.18093263	0.087665975	0.21634214	0.0	0.0	0.24706101	0.18082237	0.0	0.0	0.12730214	0.21444225	0.0	0.0	0.0
0.08354673	0.023654317	0.3060627	0.0	0.0	0.06560696	0.0	0.0	0.0	0.24436565	0.0	0.09943941	0.0	0.0	0.04521813	0.23721008	0.0	0.0	0.0	0.0	0.0	0.0	0.03967381	0.0	0.0	0.25980094	0.0	0.24699335	0.0	0.0	0.0	0.07840103	0.15633684	0.0	0.24845774	0.0	0.23409526	0.0	0.0	0.13458104	0.22187746	0.0	0.27838194	0.0	0.0057040267	0.33537152	0.2742233	0.0	0.0	0.10492823	0.05965203	0.13881469	0.16355611	0.18957424	0.0	0.0	0.0	0.20188014	0.0	0.0	0.0	0.18095191	0.0	0.004139293	0.0	0.0	0.10099102	0.0	0.0	0.0	0.02146645	0.0	0.2680601	0.0	0.32233682	0.0	0.0	0.0	0.0904211	0.09267966	0.0	0.0	0.0	0.16658145	0.0	0.0	0.0	0.093538344	0.030171255	0.0	0.0	0.39438626	0.11245766	0.0	0.0	0.14858668	0.0	0.084731154	0.0	0.0	0.06635234	0.0	0.0	0.0	0.0	0.09504474	0.31420034	0.0	0.26606166	0.0	0.2579738	0.0	0.12132335	0.22930987	0.18062188	0.08251225	0.21426296	0.0	0.0	0.25196922	0.15197004	0.0	0.0	0.11719338	0.17751746	0.0	0.0	0.0
0.090922154	0.0120208515	0.3147895	0.0	0.0	0.06285261	0.0059622345	0.0	0.0	0.25255176	0.0	0.085669525	0.0	0.0	0.048798155	0.23359959	0.0	0.0	0.0	0.0	0.0	0.0	0.042279527	0.0	0.0	0.27301648	0.0	0.24418862	0.0	0.0	0.0	0.086024165	0.1510113	0.0	0.24726363	0.0	0.23403044	0.0	0.0	0.1294164	0.23091505	0.0	0.28298593	0.0	0.008526389	0.32543856	0.27006838	0.0	0.0	0.10441647	0.052107304	0.14304107	0.16448043	0.20035632	0.0	0.0	0.0	0.20073234	0.0	0.0	0.0	0.17688124	0.0	0.0042578555	0.0	0.0	0.11160326	0.0	0.0	0.0	0.020332905	0.0	0.25813198	0.0	0.3092098	0.0	0.0	0.0	0.08614447	0.093140505	0.0	0.0	0.0	0.17213006	0.0	0.0	0.0	0.09989482	0.03118366	0.0	0.0	0.40372744	0.10950121	0.0	0.0	0.14248045	0.0	0.09675002	0.0	0.0	0.06687752	0.0	0.0	0.0	0.0	0.09273655	0.3253065	0.0	0.27541408	0.0	0.27751914	0.0	0.13006239	0.24315065	0.18025023	0.0841212	0.20888674	0.0	0.0	0.26902196	0.14926915	0.0	0.0	0.09558431	0.17744362	0.0	0.0	0.0
0.088532604	0.00374665	0.29698154	0.0	0.0	0.057125825	0.011961695	0.0	0.0	0.24444914	0.0	0.090088926	0.0	0.0	0.05827719	0.24309008	0.0	0.0	0.0	0.0	0.0	0.0	0.032956377	0.0	0.0	0.25070915	0.0	0.24325319	0.0	0.0	0.0	0.07249678	0.15143318	0.0	0.23398155	0.0	0.23093458	0.0	0.0	0.13465394	0.22138147	0.0	0.2827805	0.0	0.0	0.31940898	0.2629207	0.0	0.0	0.11851561	0.059100952	0.13637456	0.14991127	0.18324848	0.0	0.0	0.0	0.19074368	0.0	0.0	0.0	0.17076443	0.0	0.0045917607	0.0	0.0	0.10745258	0.0	0.0	0.0	0.008217379	0.0	0.25627923	0.0	0.3035479	0.0	0.0	0.0	0.09272925	0.0917804	0.0	0.0	0.0	0.1619496	0.0	0.0	0.0	0.1040319	0.030851215	0.0	0.0	0.39583316	0.10647247	0.0	0.0	0.13933145	0.0	0.084931254	0.0	0.0	0.044805046	0.0	0.0	0.0	0.0	0.08169729	0.31666353	0.0	0.2745206	0.0	0.2693806	0.0	0.116275705	0.22234339	0.19023804	0.08534941	0.22980173	0.0	0.0	0.25424883	0.14269505	0.0	0.0016291874	0.096590675	0.17920351	0.0	0.0	0.0
0.09266039	0.0016066035	0.29739523	0.0	0.0	0.048821416	0.01165865	0.0	0.0	0.23760597	0.0	0.08456275	0.0	0.0	0.04738615	0.24274302	0.0	0.0	0.0	0.0	0.0	0.0	0.032342732	0.0	0.0	0.25180992	0.0	0.24116045	0.0	0.0	0.0	0.0707576	0.15036316	0.0	0.22999959	0.0	0.2282167	0.0	0.0	0.13322546	0.22222877	0.0	0.28019843	0.0	0.0	0.31761834	0.25521216	0.0	0.0	0.12163965	0.055114243	0.13926299	0.1500064	0.1789013	0.0	0.0	0.0	0.18217099	0.0	0.0	0.0	0.17107654	0.0	0.0056822984	0.0	0.0	0.112310804	0.0	0.0	0.0	0.006922091	0.0	0.25867185	0.0	0.29730135	0.0	0.0	0.0	0.091982394	0.0902755	0.0	0.0	0.0	0.16108628	0.0	0.0	0.0	0.09983831	0.022033619	0.0	0.0	0.3899738	0.10509995	0.0	0.0	0.13649398	0.0	0.08291138	0.0	0.0	0.04018235	0.0	0.0	0.0	0.0	0.07310861	0.31240472	0.0	0.2753277	0.0	0.26514223	0.0	0.107684314	0.21100755	0.18867362	0.08630366	0.23046784	0.0	0.0	0.25529298	0.14660221	0.0	0.0062531307	0.08584156	0.17696877	0.0	0.0	0.0
0.08060796	0.004640806	0.29931778	0.0	0.0	0.055454552	0.010526913	0.0	0.0	0.2475373	0.0	0.087977864	0.0	0.0	0.061010886	0.23269539	0.0	0.0	0.0	0.0	0.0	0.0	0.02914725	0.0	0.0	0.24668382	0.0	0.23876493	0.0	0.0	0.0	0.06556272	0.15093331	0.0	0.23450899	0.0	0.22447604	0.0	0.0	0.13182084	0.21336716	0.0	0.2737044	0.0	0.0009899834	0.31933075	0.26495647	0.0	0.0	0.11568913	0.057880104	0.13834427	0.15920208	0.18490912	0.0	0.0	0.0	0.18977217	0.0	0.0	0.0	0.16945358	0.0	0.0006046842	0.0	0.0	0.10076699	0.0	0.0	0.0	0.0071025095	0.0	0.2552946	0.0	0.30527666	0.0	0.0	0.0	0.09565709	0.09093586	0.0	0.0	0.0	0.15470459	0.0	0.0	0.0	0.098972045	0.030217828	0.0	0.0	0.39362398	0.109068386	0.0	0.0	0.14037214	0.0	0.07789625	0.0	0.0	0.044152245	0.0	0.0	0.0	0.0	0.08299699	0.31122863	0.0	0.27609137	0.0	0.2617923	0.0	0.1110054	0.21379471	0.18163557	0.078427896	0.22938068	0.0	0.0	0.25596532	0.1407648	0.0	0.0003261858	0.096638136	0.18212484	0.0	0.0	0.0
0.08629045	0.01351317	0.31388277	0.0	0.0	0.06376463	0.00042570755	0.0	0.0	0.25459626	0.0	0.08698374	0.0	0.0	0.047550876	0.2318542	0.0	0.0	0.0	0.0	0.0	0.0	0.0378598	0.0	0.0	0.26325643	0.0	0.24431892	0.0	0.0	0.0	0.077814005	0.1449222	0.0	0.23949592	0.0	0.22822733	0.0	0.0	0.12999235	0.21779732	0.0	0.27865496	0.0	0.007638226	0.32488948	0.26671243	0.0	0.0	0.10541952	0.056681078	0.1431949	0.16409902	0.19584525	0.0	0.0	0.0	0.19550018	0.0	0.0	0.0	0.17265224	0.0	0.006050922	0.0	0.0	0.10755241	0.0	0.0	0.0	0.015534908	0.0	0.25442922	0.0	0.30900633	0.0	0.0	0.0	0.09104551	0.09340309	0.0	0.0	0.0	0.1646573	0.0	0.0	0.0	0.09834379	0.029083783	0.0	0.0	0.402638	0.10918411	0.0	0.0	0.14506698	0.0	0.08666712	0.0	0.0	0.060721815	0.0	0.0	0.0	0.0	0.08556805	0.32118937	0.0	0.27099374	0.0	0.2729011	0.0	0.11540285	0.22875793	0.18403035	0.074468225	0.21559064	0.0	0.0	0.26625726	0.15057372	0.0	0.0	0.104262196	0.18091075	0.0	0.0	0.0
0.095791064	0.012919198	0.30595315	0.0	0.0	0.049616907	0.00076003186	0.0	0.0	0.25465026	0.0	0.11231077	0.0	0.0	0.04982769	0.23626912	0.0	0.0	0.0	0.0	0.0	0.0	0.034713935	0.0	0.0	0.25593156	0.0	0.2525147	0.0	0.0	0.0	0.082829796	0.14897996	0.0	0.24875265	0.0	0.22233355	0.0	0.0	0.1387077	0.23521213	0.0	0.2946644	0.0	0.0	0.33118877	0.2644244	0.0	0.0	0.1106975	0.049977083	0.15297528	0.15387759	0.19131653	0.0	0.0	0.0	0.19895756	0.0	0.0	0.0	0.17909683	0.0	0.006550768	0.0	0.0	0.110562354	0.0	0.0	0.0	0.009843457	0.0	0.2668264	0.0	0.3198922	0.0	0.0	0.0	0.09909084	0.08891546	0.0	0.0	0.0	0.17102213	0.0	0.0	0.0	0.094480805	0.026606945	0.0	0.0	0.404482	0.11952665	0.0	0.0	0.14367275	0.0	0.077771455	0.0	0.0	0.053305928	0.0	0.0	0.0	0.0	0.09829386	0.31888634	0.0	0.2835549	0.0	0.26801407	0.0	0.13096683	0.2338366	0.18116848	0.085569076	0.21763176	0.0	0.0	0.2515528	0.16254953	0.0	0.0	0.113990195	0.18988653	0.0	0.0	0.0
0.091032065	0.01744934	0.30556858	0.0	0.0	0.057792913	0.0020749283	0.0	0.0	0.25099596	0.0	0.11019459	0.0	0.0	0.05440293	0.23565231	0.0	0.0	0.0	0.0	0.0	0.0	0.036284495	0.0	0.0	0.25062796	0.0	0.25183347	0.0	0.0	0.0	0.08018052	0.15114588	0.0	0.24928397	0.0	0.22738676	0.0	0.0	0.13825464	0.22830208	0.0	0.287391	0.0	0.0023532796	0.33360866	0.2729938	0.0	0.0	0.10604938	0.053978097	0.14830595	0.15914086	0.19574179	0.0	0.0	0.0	0.20793681	0.0	0.0	0.0	0.17892933	0.0	0.008967273	0.0	0.0	0.10475981	0.0	0.0	0.0	0.015103158	0.0	0.26389742	0.0	0.31977233	0.0	0.0	0.0	0.09343911	0.09166778	0.0	0.0	0.0	0.1687863	0.0	0.0	0.0	0.09217548	0.034006957	0.0	0.0	0.40397406	0.11712005	0.0	0.0	0.14631352	0.0	0.08040087	0.0	0.0	0.056235265	0.0	0.0	0.0	0.0	0.102704406	0.31762862	0.0	0.2760649	0.0	0.2627894	0.0	0.13362661	0.2357478	0.17552708	0.07866079	0.21519212	0.0	0.0	0.25287762	0.15717633	0.0	0.0	0.11513581	0.18600191	0.0	0.0	0.0
0.14230554	0.01173871	0.3026909	0.0	0.0	0.041970897	0.0	0.0	0.0	0.27212062	0.0	0.1450728	0.0	0.0	0.031731762	0.26653638	0.0	0.0	0.0	0.0	0.0	0.0	0.026688516	0.0	0.0	0.25354242	0.0	0.28391257	0.0	0.0	0.0	0.08621177	0.14363761	0.0	0.26044616	0.0	0.2234297	0.0	0.0	0.13801007	0.24978991	0.0	0.33937666	0.0	0.0	0.34174314	0.2527289	0.0	0.0	0.14962476	0.055594563	0.16152215	0.13035071	0.19280303	0.0	0.0	0.0	0.207898	0.0	0.0	0.0	0.17997731	0.0	0.008989871	0.0	0.0	0.14546417	0.0	0.0	0.0	0.008316678	0.0	0.2640899	0.0	0.3127402	0.0	0.0	0.0	0.09608084	0.09329268	0.0	0.0	0.0	0.20121956	0.0	0.0	0.0	0.11586998	0.015740404	0.0	0.0	0.44517818	0.12005975	0.0	0.0	0.16077237	0.0	0.080330715	0.0	0.0	0.05407108	0.0	0.0	0.0	0.0	0.09860889	0.32827598	0.0	0.2784892	0.0	0.29872295	0.0	0.14905725	0.24013142	0.20828974	0.09019958	0.2173875	0.0	0.0	0.2475545	0.17820124	0.0	0.0	0.10358617	0.19662912	0.0	0.0	0.0
0.08512203	0.0056747715	0.30464926	0.0	0.0	0.05231897	0.005851641	0.0	0.0	0.2665448	0.0	0.12288165	0.0	0.0	0.057063404	0.22626364	0.0	0.0	0.0	0.0	0.0	0.0	0.028955907	0.0	0.0	0.24684244	0.0	0.25293955	0.0	0.0	0.0	0.072004534	0.15089087	0.0	0.2624052	0.0	0.21799903	0.0	0.0	0.13531329	0.21821867	0.0	0.2903107	0.0	0.00033827996	0.33905575	0.28249586	0.0	0.0	0.11142821	0.053080693	0.15197302	0.15687971	0.19901937	0.0	0.0	0.0	0.21189718	0.0	0.0	0.0	0.17366047	0.0	0.0022444923	0.0	0.0	0.100782625	0.0	0.0	0.0	0.008772579	0.0	0.26095995	0.0	0.33004805	0.0	0.0	0.0	0.098727085	0.08649334	0.0	0.0	0.0	0.16168688	0.0	0.0	0.0	0.09736856	0.03387546	0.0	0.0	0.41547874	0.1275158	0.0	0.0	0.15772879	0.0	0.06814609	0.0	0.0	0.05965334	0.0	0.0	0.0	0.0	0.11520312	0.32094896	0.0	0.28066155	0.0	0.26666653	0.0	0.14197896	0.23549092	0.16607817	0.070587724	0.21588664	0.0	0.0	0.25280902	0.15401445	0.0	0.0	0.12243589	0.18991499	0.0	0.0	0.0
0.0973564	0.015458271	0.30457163	0.0	0.0	0.058935404	0.0	0.0	0.0	0.26601923	0.0	0.12858786	0.0	0.0	0.049650315	0.23887701	0.0	0.0	0.0	0.0	0.0	0.0	0.034071688	0.0	0.0	0.25222132	0.0	0.26179746	0.0	0.0	0.0	0.07666401	0.1539058	0.0	0.2632509	0.0	0.22197068	0.0	0.0	0.13584623	0.22356533	0.0	0.30200496	0.0	0.004402254	0.3394812	0.2793969	0.0	0.0	0.118062824	0.05586627	0.1492937	0.15387645	0.19715947	0.0	0.0	0.0	0.21085358	0.0	0.0	0.0	0.17884904	0.0	0.0034044434	0.0	0.0	0.10979717	0.0	0.0	0.0	0.013961509	0.0	0.26563346	0.0	0.33260834	0.0	0.0	0.0	0.09480056	0.09175419	0.0	0.0	0.0	0.17389928	0.0	0.0	0.0	0.1016708	0.03232813	0.0	0.0	0.41903886	0.12706058	0.0	0.0	0.1627693	0.0	0.076360844	0.0	0.0	0.06310453	0.0	0.0	0.0	0.0	0.11711579	0.3209332	0.0	0.2776434	0.0	0.27147877	0.0	0.14013617	0.24062508	0.17884545	0.07867921	0.2144528	0.0	0.0	0.2471338	0.16214217	0.0	0.0	0.12160379	0.18878597	0.0	0.0	0.0
0.09688922	0.0126289325	0.29715088	0.0	0.0	0.055506766	0.0	0.0	0.0	0.25984627	0.0	0.12484885	0.0	0.0	0.05418049	0.24446124	0.0	0.0	0.0	0.0	0.0	0.0	0.030977255	0.0	0.0	0.2453119	0.0	0.25954685	0.0	0.0	0.0	0.07300862	0.15373035	0.0	0.2545593	0.0	0.2189099	0.0	0.0	0.1360289	0.22045512	0.0	0.29969957	0.0	0.0010669729	0.33460054	0.27164903	0.0	0.0	0.12134703	0.060416665	0.14541133	0.1501379	0.190678	0.0	0.0	0.0	0.20615935	0.0	0.0	0.0	0.1745214	0.0	0.0038576908	0.0	0.0	0.11052346	0.0	0.0	0.0	0.008648999	0.0	0.25977084	0.0	0.32478452	0.0	0.0	0.0	0.09487414	0.08855676	0.0	0.0	0.0	0.17136727	0.0	0.0	0.0	0.1042665	0.03129226	0.0	0.0	0.41325855	0.12265277	0.0	0.0	0.15457326	0.0	0.07688947	0.0	0.0	0.053817015	0.0	0.0	0.0	0.0	0.10718081	0.3162653	0.0	0.27804124	0.0	0.27043706	0.0	0.136096	0.23328793	0.1850589	0.08087919	0.22186399	0.0	0.0	0.2458383	0.15557481	0.0	0.0	0.115600765	0.19045655	0.0	0.0	0.0
0.10166409	0.02556915	0.3094567	0.0	0.0	0.07626001	0.0	0.0	0.0	0.28285864	0.0	0.14176159	0.0	0.0	0.05961066	0.24668245	0.0	0.0	0.0	0.0	0.0	0.0	0.037083816	0.0	0.0	0.26914385	0.0	0.27356434	0.0	0.0	0.0	0.087129496	0.1577156	0.0	0.27544174	0.0	0.23391171	0.0	0.0	0.13556968	0.24315508	0.0	0.3183271	0.0	0.0022226486	0.35049018	0.2896395	0.0	0.0	0.11397823	0.062484104	0.15302809	0.14954953	0.20730813	0.0	0.0	0.0	0.22067599	0.0	0.0	0.0	0.18061347	0.0	0.0072908774	0.0	0.0	0.1066089	0.0	0.0	0.0	0.017161591	0.0	0.27228794	0.0	0.34363094	0.0	0.0	0.0	0.09845376	0.095318444	0.0	0.0	0.0	0.19093387	0.0	0.0	0.0	0.114485025	0.03858872	0.0	0.0	0.44716564	0.1309842	0.0	0.0	0.16492021	0.0	0.084844775	0.0	0.0	0.067205936	0.0	0.0	0.0	0.0	0.13090746	0.33706495	0.0	0.28573307	0.0	0.2975568	0.0	0.1553016	0.2688423	0.19495146	0.0975829	0.21986313	0.0	0.0	0.24394168	0.17118339	0.0	0.0	0.13728504	0.20459813	0.0	0.0022507857	0.0
0.09073377	0.018187417	0.30285963	0.0	0.0	0.06223314	0.0	0.0	0.0	0.2603233	0.0	0.11901686	0.0	0.0	0.05099289	0.241769	0.0	0.0	0.0	0.0	0.0	0.0	0.033787638	0.0	0.0	0.2537662	0.0	0.25914684	0.0	0.0	0.0	0.07489567	0.15366058	0.0	0.25879776	0.0	0.22498222	0.0	0.0	0.13395494	0.22102515	0.0	0.29757264	0.0	0.0052157626	0.34025273	0.27825966	0.0	0.0	0.11273552	0.06160267	0.14389153	0.15395498	0.19565052	0.0	0.0	0.0	0.20832966	0.0	0.0	0.0	0.17704868	0.0	0.002786332	0.0	0.0	0.105195254	0.0	0.0	0.0	0.01616962	0.0	0.26257142	0.0	0.3256617	0.0	0.0	0.0	0.09491422	0.09018632	0.0	0.0	0.0	0.17051883	0.0	0.0	0.0	0.10308329	0.032813873	0.0	0.0	0.41490102	0.11998752	0.0	0.0	0.1589951	0.0	0.077883385	0.0	0.0	0.061855096	0.0	0.0	0.0	0.0	0.10698071	0.3202608	0.0	0.27275255	0.0	0.27267787	0.0	0.13675055	0.2369035	0.18348944	0.08069391	0.21603303	0.0	0.0	0.24920528	0.15502512	0.0	0.0	0.12199855	0.18594517	0.0	0.0	0.0
0.0783859	0.00061862235	0.3369205	0.0	0.0	0.028903907	0.0	0.0	0.0	0.2706568	0.0	0.092794895	0.0	0.0	0.0447617	0.20388128	0.0	0.0	0.0	0.0	0.0	0.0	0.0153550645	0.0	0.0	0.24225378	0.0	0.25788322	0.0	0.0	0.0	0.09170266	0.12874255	0.0	0.22663347	0.0	0.21565819	0.0	0.0	0.151096	0.25020847	0.0	0.31131777	0.0	0.0046239793	0.33754036	0.26186147	0.0	0.0	0.07871314	0.040293857	0.16227295	0.16291921	0.19475752	0.0	0.0	0.0	0.15389465	0.0	0.0	0.0	0.15531664	0.0	0.011056241	0.0	0.0	0.103667535	0.0	0.0	0.0	0.0	0.0	0.2395945	0.0	0.28262833	0.0	0.0	0.0	0.15567964	0.08980093	0.0	0.0	0.0	0.1567991	0.0	0.0	0.0	0.1003426	0.0311979	0.0	0.0	0.43005922	0.07504056	0.0	0.0	0.14444399	0.0	0.065341316	0.0	0.0	0.0319747	0.0	0.0	0.0	0.0	0.07575751	0.32602823	0.0	0.29602492	0.0	0.28680253	0.0	0.12829427	0.23935926	0.20953958	0.072356075	0.23272575	0.0	0.0	0.2673796	0.17023885	0.0	0.012239742	0.049797297	0.19392426	0.0	0.0	0.0
0.0808371	0.022191158	0.30581322	0.0	0.0	0.06743055	0.0	0.0	0.0	0.25417945	0.0	0.10874949	0.0	0.0	0.055458754	0.23846078	0.0	0.0	0.0	0.0	0.0	0.0	0.038097594	0.0	0.0	0.2548042	0.0	0.25204468	0.0	0.0	0.0	0.07459486	0.1556839	0.0	0.25210008	0.0	0.22956188	0.0	0.0	0.13333465	0.21212888	0.0	0.2840227	0.0	0.005371783	0.33437833	0.28114372	0.0	0.0	0.10716347	0.06415904	0.13881435	0.16102576	0.19587028	0.0	0.0	0.0	0.20849325	0.0	0.0	0.0	0.17531432	0.0	0.0019994925	0.0	0.0	0.09900723	0.0	0.0	0.0	0.019471074	0.0	0.2659562	0.0	0.32516357	0.0	0.0	0.0	0.092925996	0.092037804	0.0	0.0	0.0	0.16561352	0.0	0.0	0.0	0.09888194	0.037976716	0.0	0.0	0.40444553	0.11599994	0.0	0.0	0.15490092	0.0	0.08015826	0.0	0.0	0.06390268	0.0	0.0	0.0	0.0	0.10502712	0.31870025	0.0	0.2677264	0.0	0.26540086	0.0	0.127207	0.22983348	0.17973083	0.07732687	0.21466231	0.0	0.0	0.25052086	0.14990838	0.0	0.0	0.124201976	0.17922707	0.0	0.0	0.0
0.07799985	0.020303182	0.30979034	0.0	0.0	0.063370414	0.0	0.0	0.0	0.28465366	0.0	0.12177769	0.0	0.0	0.06647051	0.21657962	0.0	0.0	0.0	0.0	0.0	0.0	0.028635243	0.0	0.0	0.24912043	0.0	0.25581753	0.0	0.0	0.0	0.07520412	0.1510749	0.0	0.26313987	0.0	0.21217395	0.0	0.0	0.13573693	0.22087288	0.0	0.29722103	0.0	0.002549852	0.34199622	0.2814233	0.0	0.0	0.10395286	0.052855935	0.15719806	0.1624573	0.20014668	0.0	0.0	0.0	0.20428205	0.0	0.0	0.0	0.17098035	0.0	0.0009433863	0.0	0.0	0.08903557	0.0	0.0	0.0	0.01045128	0.0	0.25953263	0.0	0.32712987	0.0	0.0	0.0	0.10838342	0.09110141	0.0	0.0	0.0	0.1647333	0.0	0.0	0.0	0.09866041	0.045391142	0.0	0.0	0.42176962	0.13287453	0.0	0.0	0.15525694	0.0	0.06429197	0.0	0.0	0.059029948	0.0	0.0	0.0	0.0	0.115225375	0.32167852	0.0	0.29343462	0.0	0.27585003	0.0	0.136285	0.24159403	0.17192888	0.077862136	0.2168683	0.0	0.0	0.24871814	0.15874015	0.0	0.0	0.12263101	0.20417811	0.0	0.0	0.0
0.11779576	0.015009259	0.2986047	0.0	0.0	0.0484278	0.0	0.0	0.0	0.26988816	0.0	0.1292832	0.0	0.0	0.042987037	0.25539303	0.0	0.0	0.0	0.0	0.0	0.0	0.021116987	0.0	0.0	0.25333235	0.0	0.2732073	0.0	0.0	0.0	0.07471445	0.14936371	0.0	0.25343332	0.0	0.22001164	0.0	0.0	0.12909137	0.22791167	0.0	0.32010812	0.0	0.0014151024	0.3422853	0.25649726	0.0	0.0	0.13831092	0.061459314	0.14635317	0.13653998	0.18754397	0.0	0.0	0.0	0.20362632	0.0	0.0	0.0	0.17591292	0.0	0.0035854578	0.0	0.0	0.12516195	0.0	0.0	0.0	0.0072932467	0.0	0.26078618	0.0	0.315663	0.0	0.0	0.0	0.1006633	0.08890163	0.0	0.0	0.0	0.18160701	0.0	0.0	0.0	0.11657172	0.02033125	0.0	0.0	0.43486246	0.120688975	0.0	0.0	0.16003594	0.0	0.077237956	0.0	0.0	0.054893594	0.0	0.0	0.0	0.0	0.09775725	0.32342997	0.0	0.27441943	0.0	0.2923815	0.0	0.1369618	0.22648223	0.20348366	0.08613702	0.22411527	0.0	0.0	0.24190825	0.16004221	0.0	0.0	0.114532925	0.19259389	0.0	0.0	0.0
0.09280177	0.015234922	0.30330136	0.0	0.0	0.05852284	0.0	0.0	0.0	0.26986003	0.0	0.12942125	0.0	0.0	0.05622074	0.233872	0.0	0.0	0.0	0.0	0.0	0.0	0.032712575	0.0	0.0	0.2480454	0.0	0.25975156	0.0	0.0	0.0	0.07273808	0.1552019	0.0	0.2645066	0.0	0.21642359	0.0	0.0	0.13349083	0.21881229	0.0	0.29910114	0.0	0.00382049	0.3397806	0.2821029	0.0	0.0	0.11642311	0.056198705	0.15137106	0.15535031	0.19647749	0.0	0.0	0.0	0.21016127	0.0	0.0	0.0	0.17324878	0.0	0.0010892227	0.0	0.0	0.1025696	0.0	0.0	0.0	0.01199899	0.0	0.26297668	0.0	0.3317579	0.0	0.0	0.0	0.09545129	0.08847632	0.0	0.0	0.0	0.16903155	0.0	0.0	0.0	0.10084202	0.0357829	0.0	0.0	0.41778466	0.13049853	0.0	0.0	0.16114448	0.0	0.074012496	0.0	0.0	0.06053244	0.0	0.0	0.0	0.0	0.1185398	0.32100293	0.0	0.28127533	0.0	0.27040008	0.0	0.14050238	0.23933022	0.17509519	0.07642359	0.2157728	0.0	0.0	0.24739678	0.1588012	0.0	0.0	0.11936524	0.19232015	0.0	0.0	0.0
0.08917918	0.020001138	0.31093642	0.0	0.0	0.06217724	0.0	0.0	0.0	0.28559625	0.0	0.12903176	0.0	0.0	0.06178989	0.21981926	0.0	0.0	0.0	0.0	0.0	0.0	0.029614413	0.0	0.0	0.2534067	0.0	0.26186848	0.0	0.0	0.0	0.08040233	0.15027523	0.0	0.26819095	0.0	0.21397698	0.0	0.0	0.13739665	0.2306263	0.0	0.30546072	0.0	0.0030948594	0.34457135	0.28203368	0.0	0.0	0.106897324	0.049735248	0.16256694	0.15717025	0.20289022	0.0	0.0	0.0	0.20684224	0.0	0.0	0.0	0.17503802	0.0	0.0026933216	0.0	0.0	0.09508687	0.0	0.0	0.0	0.011472012	0.0	0.2640666	0.0	0.32951304	0.0	0.0	0.0	0.10651948	0.09313891	0.0	0.0	0.0	0.17121106	0.0	0.0	0.0	0.100085646	0.04041191	0.0	0.0	0.42552194	0.13384964	0.0	0.0	0.15823045	0.0	0.06866996	0.0	0.0	0.061134983	0.0	0.0	0.0	0.0	0.1197639	0.32802376	0.0	0.2938296	0.0	0.28064078	0.0	0.14355825	0.24954408	0.17323422	0.08136981	0.21868098	0.0	0.0	0.24933423	0.1663865	0.0	0.0	0.12467053	0.20361626	0.0	0.0	0.0
0.22198482	0.006374665	0.32270905	0.0	0.0	0.033573736	0.0	0.0	0.0	0.33596268	0.0	0.21405303	0.0	0.0	0.02904798	0.35239825	0.0	0.0	0.0	0.0	0.0	0.0	0.017287973	0.0	0.0	0.2808582	0.0	0.3700972	0.0	0.0	0.0	0.0899984	0.1597238	0.0	0.27184513	0.0	0.24808359	0.0	0.0	0.14592403	0.2841419	0.0	0.44532585	0.0	0.0	0.36912408	0.22553718	0.0	0.0	0.22091629	0.07474641	0.16303167	0.084057026	0.22188266	0.0	0.0	0.0	0.23767358	0.0	0.0	0.0	0.18199544	0.0	0.01363448	0.0	0.0	0.21913745	0.0	0.0	0.0	0.0	0.0	0.27467093	0.0	0.32768467	0.0	0.0	0.0	0.1329585	0.09889111	0.0	0.0	0.0	0.26502243	0.0	0.0	0.0	0.20614405	0.00011495004	0.0	0.0	0.5704673	0.11879906	0.0	0.0	0.18972993	0.0	0.09617549	0.0	0.0	0.046628606	0.0	0.0	0.0	0.0	0.09218965	0.39890602	0.0	0.29234523	0.0	0.4193686	0.0	0.19584878	0.2715557	0.3150396	0.1388685	0.25913695	0.0	0.0	0.23067713	0.19433872	0.0	0.002144744	0.1129045	0.22248499	0.0	0.0	0.0
0.07826756	0.009991099	0.30099	0.0	0.0	0.057502273	0.00529913	0.0	0.0	0.25245607	0.0	0.10165451	0.0	0.0	0.06433452	0.23275018	0.0	0.0	0.0	0.0	0.0	0.0	0.03723247	0.0	0.0	0.24839465	0.0	0.24514286	0.0	0.0	0.0	0.07311404	0.15409352	0.0	0.24500073	0.0	0.22283266	0.0	0.0	0.13479364	0.2138216	0.0	0.27730516	0.0	0.0019943204	0.32885346	0.27550012	0.0	0.0	0.108086176	0.058419306	0.14343567	0.15869959	0.19332922	0.0	0.0	0.0	0.20100611	0.0	0.0	0.0	0.17339273	0.0	0.0023760933	0.0	0.0	0.096047156	0.0	0.0	0.0	0.010665339	0.0	0.26173815	0.0	0.32151547	0.0	0.0	0.0	0.09777516	0.09146818	0.0	0.0	0.0	0.15861967	0.0	0.0	0.0	0.098102175	0.03435678	0.0	0.0	0.39993766	0.11693945	0.0	0.0	0.14858802	0.0	0.078481555	0.0	0.0	0.053102475	0.0	0.0	0.0	0.0	0.09830675	0.3159177	0.0	0.27743295	0.0	0.2620907	0.0	0.123895556	0.22730677	0.1771798	0.07710734	0.22302829	0.0	0.0	0.25319988	0.14600004	0.0	0.0	0.11174995	0.18282263	0.0	0.0	0.0
0.08401847	0.0070298854	0.30025694	0.0	0.0	0.05352795	0.0071269274	0.0	0.0	0.2571967	0.0	0.10727862	0.0	0.0	0.056220856	0.23309712	0.0	0.0	0.0	0.0	0.0	0.0	0.032007646	0.0	0.0	0.24519873	0.0	0.24883866	0.0	0.0	0.0	0.0699783	0.15112187	0.0	0.24826331	0.0	0.21895587	0.0	0.0	0.13375229	0.21467371	0.0	0.28655568	0.0	0.0015844194	0.3282672	0.27128875	0.0	0.0	0.1164178	0.056021765	0.14702423	0.15331453	0.18849117	0.0	0.0	0.0	0.19768287	0.0	0.0	0.0	0.17008169	0.0	0.001379203	0.0	0.0	0.10196682	0.0	0.0	0.0	0.008189872	0.0	0.2580475	0.0	0.31526843	0.0	0.0	0.0	0.09798634	0.089124896	0.0	0.0	0.0	0.16098906	0.0	0.0	0.0	0.09863055	0.035083856	0.0	0.0	0.40152624	0.1189929	0.0	0.0	0.14958698	0.0	0.0726162	0.0	0.0	0.049672496	0.0	0.0	0.0	0.0	0.096390516	0.31407467	0.0	0.27946603	0.0	0.26435173	0.0	0.123938	0.22140695	0.1779605	0.07399491	0.22350262	0.0	0.0	0.2522048	0.14694135	0.0	0.0	0.10670615	0.18405633	0.0	0.0	0.0
0.07653821	0.010953638	0.31014648	0.0	0.0	0.065888196	0.0	0.0	0.0	0.24097939	0.0	0.08903261	0.0	0.0	0.056881607	0.23377196	0.0	0.0	0.0	0.0	0.0	0.0	0.038886562	0.0	0.0	0.25532982	0.0	0.23395629	0.0	0.0	0.0	0.069602475	0.15296714	0.0	0.24097407	0.0	0.2272249	0.0	0.0	0.13648291	0.21115172	0.0	0.26654324	0.0	0.0	0.32253376	0.2776481	0.0	0.0	0.107844435	0.059636336	0.1355853	0.16928905	0.19172986	0.0	0.0	0.0	0.20278989	0.0	0.0	0.0	0.17063673	0.0	0.0	0.0	0.0	0.10164428	0.0	0.0	0.0	0.019660367	0.0	0.26038992	0.0	0.31249544	0.0	0.0	0.0	0.08694474	0.0855602	0.0	0.0	0.0	0.15921654	0.0	0.0	0.0	0.09294393	0.03342838	0.0	0.0	0.3942878	0.10847726	0.0	0.0	0.14325418	0.0	0.082157165	0.0	0.0	0.059827816	0.0	0.0	0.0	0.0	0.08803868	0.31230724	0.0	0.26958275	0.0	0.25701633	0.0	0.11597536	0.22604199	0.17939132	0.07410828	0.21495175	0.0	0.0	0.25660774	0.14366086	0.0	0.0	0.104049504	0.17468135	0.0	0.0	0.0
0.18496348	0.0	0.32830083	0.0	0.0	0.014714303	0.013271739	0.0	0.0	0.35956168	0.0	0.26555887	0.0010569774	0.0	0.04602197	0.20741116	0.0	0.0	0.0	0.0	0.0	0.0	0.01350546	0.0	0.0	0.1742266	0.0	0.34533036	0.0	0.0	0.0	0.093739055	0.13948849	0.0	0.36694455	0.0	0.19446291	0.0	0.0	0.20030552	0.2481092	0.0	0.38905552	0.0	0.009454016	0.34845814	0.30163112	0.0	0.0	0.16851018	0.025917748	0.24403812	0.16505158	0.27001193	0.0	0.0	0.0	0.31785357	0.0	0.0	0.0	0.15892233	0.0	0.0	0.0	0.0	0.1595542	0.0	0.0	0.0	0.0	0.0	0.26784572	0.0	0.36572036	0.0	0.0	0.0	0.060684282	0.097275935	0.0	0.0	0.0	0.2453235	0.0	0.0	0.0	0.061121	0.05960698	0.0	0.0	0.4542352	0.2396289	0.0	0.0	0.22248815	0.0	0.027821241	0.0	0.0	0.11354151	0.0	0.0	0.0	0.0	0.21946788	0.37656462	0.0	0.35925826	0.0	0.27329797	0.0	0.25222138	0.3054456	0.06792818	0.051945914	0.15985142	0.0	0.0	0.24461289	0.22748642	0.0	0.009034175	0.088084035	0.24429679	0.0	0.0	0.0
0.15329795	0.0	0.32151732	0.0	0.0	0.014876463	0.019795448	0.0	0.0	0.33516756	0.0	0.2244215	0.0	0.0	0.062386718	0.18699615	0.0	0.0	0.0	0.0	0.0	0.0	0.0068268026	0.0	0.0	0.16423897	0.0	0.30979237	0.0	0.0	0.0	0.081246145	0.13486429	0.0	0.33211455	0.0	0.19504344	0.0	0.0	0.1802999	0.22247086	0.0	0.34775338	0.0	0.010951945	0.33107725	0.2913123	0.0	0.0	0.16030888	0.024499895	0.22623353	0.17459418	0.24969895	0.0	0.0	0.0	0.28693727	0.0	0.0	0.0	0.15517855	0.0	0.00022362173	0.0	0.0	0.13727884	0.0	0.0	0.0	0.0	0.0	0.2630187	0.0	0.34479603	0.0	0.0	0.0	0.064390264	0.08217887	0.0	0.0	0.0	0.20378526	0.0	0.0	0.0	0.047265947	0.064309746	0.0	0.0	0.4147515	0.22509289	0.0	0.0	0.20181064	0.0	0.022820294	0.0	0.0	0.10057825	0.0	0.0	0.0	0.0	0.18518412	0.3517475	0.0	0.3335338	0.0	0.24448776	0.0	0.2132662	0.26443437	0.069251806	0.037971165	0.16898973	0.0	0.0	0.24289967	0.20063172	0.0	0.009084349	0.08494454	0.21902557	0.0	0.0	0.0
0.056262244	0.0	0.32160768	0.0	0.0	0.012933367	0.017256372	0.0	0.0	0.27520776	0.0	0.11684599	0.0	0.0	0.07655062	0.17461853	0.0	0.0	0.0	0.0	0.0	0.0	0.027296057	0.0	0.0	0.18630816	0.0	0.24215584	0.0	0.0	0.0	0.057963103	0.14020063	0.0	0.2681136	0.0	0.20658867	0.0	0.0	0.15748575	0.18595254	0.0	0.2563159	0.0	0.014580461	0.3107755	0.2896274	0.0	0.0	0.09998816	0.031525474	0.18423903	0.19981408	0.22270884	0.0	0.0	0.0	0.20908491	0.0	0.0	0.0	0.14492148	0.0	0.0074514262	0.0	0.0	0.07812244	0.0	0.0	0.0	0.0	0.0	0.24983019	0.0	0.3188634	0.0	0.0	0.0	0.09914759	0.074828334	0.0	0.0	0.0	0.11785558	0.0	0.0	0.0	0.041930273	0.075108685	0.0	0.0	0.34985065	0.14926177	0.0	0.0	0.14738356	0.0	0.026838733	0.0	0.0	0.06316155	0.0	0.0	0.0	0.0	0.09331432	0.31996146	0.0	0.2981275	0.0	0.20577414	0.0	0.13042782	0.19693206	0.10790808	0.030999137	0.18805438	0.0	0.0	0.27372155	0.13374984	0.0	0.00023390912	0.10781187	0.17385066	0.0	0.0	0.0
0.10194838	0.0	0.3010222	0.0	0.0	0.022222713	0.018616248	0.0	0.0	0.23227485	0.0	0.15059878	0.0070098587	0.0	0.057321023	0.21438022	0.0	0.0	0.0	0.0	0.0	0.0	0.038496386	0.0	0.0	0.15076984	0.0	0.2537692	0.0	0.0	0.0	0.057784196	0.13405561	0.0	0.28951547	0.0	0.21069592	0.0	0.0	0.17639329	0.17936146	0.0	0.25625882	0.0	0.002626757	0.29479268	0.29226726	0.0	0.0	0.14452821	0.03417142	0.15692262	0.18999238	0.21169645	0.0	0.0	0.0	0.26802045	0.0	0.0	0.0	0.15888986	0.0	0.0	0.0	0.0	0.12685601	0.0	0.0	0.0	0.0047652298	0.0	0.25295308	0.0	0.32462537	0.0	0.0	0.0	0.04156922	0.06618835	0.0	0.0	0.0	0.16291608	0.0	0.0	0.0	0.021656608	0.062292803	0.0	0.0	0.32662097	0.1756437	0.0	0.0	0.17082028	0.0	0.039546087	0.0	0.0	0.06700548	0.0	0.0	0.0	0.0	0.12786765	0.30409792	0.0	0.2706064	0.0	0.16526246	0.0	0.14944552	0.20374346	0.07729331	0.015101462	0.16733332	0.0	0.0	0.25265375	0.13373566	0.0	0.007611538	0.106461965	0.15582284	0.0	0.0	0.0
0.15821792	0.0	0.33131602	0.0	0.0	0.013538559	0.034272347	0.0	0.0	0.35573724	0.0	0.23138215	0.0	0.0	0.06088464	0.18309222	0.0	0.0	0.0	0.0	0.0	0.0	0.004600752	0.0	0.0	0.17172678	0.0	0.32121179	0.0	0.0	0.0	0.091138504	0.13725287	0.0	0.3313444	0.0	0.20205753	0.0	0.0	0.18259339	0.23296897	0.0	0.35784563	0.0	0.012654949	0.34026456	0.29336664	0.0	0.0	0.16161849	0.02843078	0.23553	0.17226452	0.26592746	0.0	0.0	0.0	0.29117328	0.0	0.0	0.0	0.15638122	0.0	0.0019094646	0.0	0.0	0.13676076	0.0	0.0	0.0	0.0020476158	0.0	0.26891917	0.0	0.3521118	0.0	0.0	0.0	0.07610866	0.08743463	0.0	0.0	0.0	0.2178942	0.0	0.0	0.0	0.05533723	0.07143265	0.0	0.0	0.4415432	0.22049375	0.0	0.0	0.20002234	0.0	0.027263626	0.0	0.0	0.09798747	0.0	0.0	0.0	0.0	0.19116576	0.36121926	0.0	0.34298137	0.0	0.2680041	0.0	0.2268446	0.27756092	0.079346925	0.038154572	0.17489941	0.0	0.0	0.25211513	0.20764637	0.0	0.007843234	0.07506927	0.22905786	0.0	0.0	0.0
0.15203978	0.0	0.323338	0.0	0.0	0.016571505	0.02762095	0.0	0.0	0.3272493	0.0	0.22577746	0.0022853224	0.0	0.056392293	0.18344104	0.0	0.0	0.0	0.0	0.0	0.0	0.010675259	0.0	0.0	0.16610895	0.0	0.3079708	0.0	0.0	0.0	0.08423809	0.13079217	0.0	0.33109057	0.0	0.19929479	0.0	0.0	0.18074816	0.22783275	0.0	0.34412345	0.0	0.010745994	0.33317456	0.29895222	0.0	0.0	0.16123043	0.029144213	0.22834186	0.17532702	0.2633594	0.0	0.0	0.0	0.28678033	0.0	0.0	0.0	0.15061742	0.0	0.0	0.0	0.0	0.13525593	0.0	0.0	0.0	0.0	0.0	0.26410127	0.0	0.35128427	0.0	0.0	0.0	0.06458589	0.08543593	0.0	0.0	0.0	0.2074501	0.0	0.0	0.0	0.044646326	0.068940274	0.0	0.0	0.42254046	0.21383238	0.0	0.0	0.19631977	0.0	0.02505803	0.0	0.0	0.09345364	0.0	0.0	0.0	0.0	0.17919534	0.3457094	0.0	0.3342577	0.0	0.24478845	0.0	0.2184459	0.2727116	0.07028539	0.034738418	0.16435486	0.0	0.0	0.24823834	0.20251007	0.0	0.008922412	0.0807745	0.2227155	0.0	0.0	0.0
0.16670315	0.0	0.327722	0.0	0.0	0.009343502	0.017896757	0.0	0.0	0.35885167	0.0	0.25982097	0.0	0.0	0.05151182	0.19491608	0.0	0.0	0.0	0.0	0.0	0.0	0.011012373	0.0	0.0	0.17016806	0.0	0.33394384	0.0	0.0	0.0	0.09489268	0.13130486	0.0	0.3500832	0.0	0.18831255	0.0	0.0	0.18995838	0.2496628	0.0	0.3856252	0.0	0.011949242	0.34446406	0.29553878	0.0	0.0	0.16304043	0.019598449	0.24439538	0.1628408	0.27175108	0.0	0.0	0.0	0.29770818	0.0	0.0	0.0	0.16665617	0.0	0.0	0.0	0.0	0.15220185	0.0	0.0	0.0	0.0	0.0	0.26614797	0.0	0.35673618	0.0	0.0	0.0	0.07587879	0.09241391	0.0	0.0	0.0	0.23676461	0.0	0.0	0.0	0.058891144	0.07001405	0.0	0.0	0.45003048	0.23076493	0.0	0.0	0.21327923	0.0	0.01949976	0.0	0.0	0.10725882	0.0	0.0	0.0	0.0	0.20630229	0.37003538	0.0	0.35111895	0.0	0.26554573	0.0	0.24517296	0.29548612	0.06987457	0.032306604	0.16664709	0.0	0.0	0.2531672	0.22138989	0.0	0.0002119032	0.070222594	0.23769766	0.0	0.0	0.0
0.14552875	0.0	0.31848606	0.0	0.0	0.0166408	0.010252651	0.0	0.0	0.3260974	0.0	0.2200864	0.0003776215	0.0	0.06231534	0.19114168	0.0	0.0	0.0	0.0	0.0	0.0	0.0044195354	0.0	0.0	0.162351	0.0	0.30534145	0.0	0.0	0.0	0.074005246	0.13703789	0.0	0.34263906	0.0	0.19336791	0.0	0.0	0.18140519	0.21626914	0.0	0.33480206	0.0	0.010509207	0.33468843	0.29024398	0.0	0.0	0.1575884	0.018272555	0.21827088	0.18203686	0.24742357	0.0	0.0	0.0	0.29941848	0.0	0.0	0.0	0.15758367	0.0	0.0	0.0	0.0	0.1321097	0.0	0.0	0.0	0.0	0.0	0.26377875	0.0	0.34822753	0.0	0.0	0.0	0.051742826	0.08040584	0.0	0.0	0.0	0.19933824	0.0	0.0	0.0	0.039680675	0.06410276	0.0	0.0	0.40442905	0.23422615	0.0	0.0	0.20581281	0.0	0.023122096	0.0	0.0	0.10336777	0.0	0.0	0.0	0.0	0.19505297	0.34989658	0.0	0.32892194	0.0	0.23567331	0.0	0.21424979	0.2628932	0.05573854	0.035517823	0.16306384	0.0	0.0	0.23816727	0.1899058	0.0	0.011005945	0.092850685	0.21755217	0.0	0.0	0.0
0.1701256	0.0	0.32001758	0.0	0.0	0.017972862	0.0014701945	0.0	0.0	0.3349801	0.0	0.24788707	0.0026663013	0.0	0.05515511	0.20501757	0.0	0.0	0.0	0.0	0.0	0.0	0.008918255	0.0	0.0	0.15679197	0.0	0.32442465	0.0	0.0	0.0	0.07827112	0.13272178	0.0	0.34778717	0.0	0.19383316	0.0	0.0	0.19108574	0.22919059	0.0	0.3614448	0.0	0.0050951154	0.33859494	0.28913915	0.0	0.0	0.17022066	0.023038128	0.22754659	0.16632551	0.25288203	0.0	0.0	0.0	0.30619395	0.0	0.0	0.0	0.15892565	0.0	0.0	0.0	0.0	0.15109776	0.0	0.0	0.0	0.0	0.0	0.2586579	0.0	0.35043702	0.0	0.0	0.0	0.05983442	0.089036904	0.0	0.0	0.0	0.2198659	0.0	0.0	0.0	0.042869437	0.057462167	0.0	0.0	0.42375484	0.23611243	0.0	0.0	0.21500611	0.0	0.019578237	0.0	0.0	0.10157769	0.0	0.0	0.0	0.0	0.2001914	0.35398725	0.0	0.33278847	0.0	0.24580242	0.0	0.22860336	0.2781278	0.063485146	0.037789393	0.15211298	0.0	0.0	0.23463635	0.20873559	0.0	0.007685588	0.09963763	0.22793154	0.0	0.0	0.0
0.24789047	0.0	0.33827952	0.0	0.0	0.0	0.007534724	0.0	0.0	0.38025746	0.0	0.27180168	0.0	0.0	0.026842138	0.2933593	0.0	0.0	0.0	0.0	0.0	0.0	0.0	0.0	0.0	0.19669326	0.0	0.39971194	0.0	0.0	0.0	0.09128183	0.14346182	0.0	0.31265426	0.0	0.22933532	0.0	0.0	0.18198329	0.2684838	0.0	0.45994654	0.0	0.0	0.35515392	0.23307745	0.0	0.0	0.24358161	0.046727818	0.22740716	0.10772852	0.27144006	0.0	0.0	0.0	0.2891892	0.0	0.0	0.0	0.16352928	0.0	0.0127297295	0.0	0.0	0.23565896	0.0	0.0	0.0	0.0	0.0	0.2714878	0.0	0.33663294	0.0	0.0	0.0	0.10629725	0.083207935	0.0	0.0	0.0	0.27281782	0.0	0.0	0.0	0.14434682	0.0019917972	0.0	0.0	0.5414311	0.1914417	0.0	0.0	0.21831246	0.0	0.050023954	0.0	0.0	0.07581471	0.0	0.0	0.0	0.0	0.12674792	0.41938972	0.0	0.3297517	0.0	0.3733151	0.0	0.24219318	0.26564392	0.20260417	0.078222066	0.21289222	0.0	0.0	0.23988056	0.20805947	0.0	0.0076539093	0.066096745	0.23653239	0.0	0.0	0.0
0.021547405	0.0	0.31900612	0.0	0.0	0.0060588303	0.012037066	0.0	0.0	0.19344072	0.0	0.06453812	0.0	0.0	0.05658032	0.20803653	0.0	0.0	0.0	0.0	0.0	0.0	0.054071754	0.0	0.0	0.18759155	0.0	0.21404636	0.0	0.0	0.0	0.04035763	0.14954485	0.0	0.2247361	0.0	0.2003324	0.0	0.0	0.144207	0.1374202	0.0	0.19987433	0.0	0.0007511489	0.27749076	0.28052923	0.0	0.0	0.09224618	0.0373627	0.13342912	0.20805275	0.20159847	0.0	0.0	0.0	0.22883195	0.0	0.0	0.0	0.13980891	0.0	0.0	0.0	0.0	0.09066868	0.0038540885	0.0	0.0	0.013322237	0.0	0.25024644	0.0	0.28633466	0.0	0.0	0.0	0.07478293	0.0606868	0.0	0.0	0.0	0.1106925	0.0	0.0	0.0	0.051176358	0.10265703	0.0	0.0	0.31024614	0.1245235	0.0	0.0	0.1253417	0.0	0.044523936	0.0	0.0	0.039272204	0.0	0.0	0.0	0.0	0.046855986	0.29151228	0.0	0.25255558	0.0	0.17549737	0.0	0.107548155	0.1664894	0.11068114	0.0025806364	0.17506577	0.0	0.0	0.28540394	0.095605426	0.0	0.0	0.07762114	0.13254507	0.0	0.0	0.0
0.16103083	0.0	0.30124435	0.0	0.0	0.0051504914	0.022782454	0.0	0.0	0.3062964	0.0	0.20990331	0.0	0.0	0.038626052	0.21929055	0.0	0.0	0.0	0.0	0.0	0.0	0.002274974	0.0	0.0	0.16851144	0.0	0.30013335	0.0	0.0	0.0	0.0678786	0.12732683	0.0	0.29841784	0.0	0.19596533	0.0	0.0	0.16137753	0.21553029	0.0	0.34528866	0.0	0.0066414266	0.32942966	0.2640005	0.0	0.0	0.18194695	0.03645495	0.19976147	0.14905997	0.23062839	0.0	0.0	0.0	0.26542643	0.0	0.0	0.0	0.16877003	0.0	0.002823009	0.0	0.0	0.1590944	0.0	0.0	0.0	0.0	0.0	0.25668362	0.0	0.3277359	0.0	0.0	0.0	0.06961633	0.065616645	0.0	0.0	0.0	0.20060734	0.0	0.0	0.0	0.06543924	0.03886151	0.0	0.0	0.41474167	0.19188409	0.0	0.0	0.1894779	0.0	0.031299215	0.0	0.0	0.0792165	0.0	0.0	0.0	0.0	0.14141916	0.33249536	0.0	0.29877523	0.0	0.24664974	0.0	0.19243163	0.22379597	0.10505352	0.03158686	0.18392873	0.0	0.0	0.2434271	0.178418	0.0	0.0018797027	0.073711894	0.2030393	0.0	0.0	0.0
0.19907193	0.0	0.35510042	0.0	0.0	0.019316373	0.047786206	0.0	0.0	0.40060762	0.0	0.26022902	0.0	0.0	0.06721961	0.19167282	0.0	0.0	0.0	0.0	0.0	0.0	0.005529324	0.0	0.0	0.20069392	0.0	0.36182323	0.0	0.0	0.0	0.10439283	0.13671567	0.0	0.36317953	0.0	0.23555082	0.0	0.0	0.19005458	0.26223615	0.0	0.39980027	0.0	0.020063033	0.35572943	0.30955446	0.0	0.0	0.18662077	0.0344736	0.2713035	0.16681544	0.30354616	0.0	0.0	0.0	0.3201407	0.0	0.0	0.0	0.15347959	0.0	0.009410724	0.0	0.0	0.15933476	0.0	0.0	0.0	0.0	0.0	0.29723278	0.0	0.38059258	0.0	0.0	0.0	0.08309925	0.095120214	0.007019905	0.0	0.0	0.26112798	0.0	0.0	0.0	0.08351854	0.051386893	0.0	0.0	0.5014033	0.22560555	0.0	0.0	0.21868563	0.0	0.051148493	0.0	0.0	0.10619766	0.0	0.0	0.0	0.0	0.20269161	0.40980732	0.0	0.36454734	0.0	0.3144078	0.0	0.25491512	0.3276665	0.10059231	0.057518408	0.18282725	0.0	0.0	0.2570183	0.22637044	0.0	0.01816797	0.09329378	0.24921139	0.0	0.0	0.0
0.1318829	0.0	0.3080281	0.0	0.0	0.024453247	0.018167637	0.0	0.0	0.28468713	0.0	0.20205331	0.01073731	0.0	0.06040321	0.20289786	0.0	0.0	0.0	0.0	0.0	0.0	0.02590105	0.0	0.0	0.15097363	0.0	0.28972843	0.0	0.0	0.0	0.060163945	0.13667049	0.0	0.3359832	0.0	0.2090654	0.0	0.0	0.18657072	0.19932334	0.0	0.29765472	0.0	0.008962371	0.31842718	0.30813286	0.0	0.0	0.15755646	0.02796498	0.18982065	0.186354	0.23632598	0.0	0.0	0.0	0.30270484	0.0	0.0	0.0	0.16247581	0.0	0.0	0.0	0.0	0.1276385	0.0	0.0	0.0	0.0012851531	0.0	0.26484206	0.0	0.3540907	0.0	0.0	0.0	0.044831607	0.07303624	0.0	0.0	0.0	0.18943608	0.0	0.0	0.0	0.024378246	0.06455044	0.0	0.0	0.36717868	0.21791403	0.0	0.0	0.200027	0.0	0.027007403	0.0	0.0	0.09713141	0.0	0.0	0.0	0.0	0.18183832	0.33028537	0.0	0.29905868	0.0	0.1943063	0.0	0.19139452	0.24366981	0.06142338	0.029868292	0.1498881	0.0	0.0	0.24109101	0.1668095	0.0	0.013559337	0.11867032	0.18849586	0.0	0.0	0.0
0.16935557	0.0	0.29224497	0.0	0.0	0.0138781145	0.011286714	0.0	0.0	0.28322122	0.0	0.19876488	0.0009260454	0.0	0.027717741	0.2191599	0.0	0.0	0.0	0.0	0.0	0.0	0.0027745303	0.0	0.0	0.15173239	0.0	0.28641853	0.0	0.0	0.0	0.06228645	0.115501404	0.0	0.29835224	0.0	0.19220269	0.0	0.0	0.16774893	0.21100761	0.0	0.33084095	0.0	0.0063568377	0.31742552	0.25239635	0.0	0.0	0.17979772	0.032371942	0.19307901	0.15872712	0.22023647	0.0	0.0	0.0	0.27091488	0.0	0.0	0.0	0.17527558	0.0	0.0	0.0	0.0	0.16387431	0.0	0.0	0.0	0.0	0.0	0.2503174	0.0	0.30794933	0.0	0.0	0.0	0.052657276	0.06322103	0.0	0.0	0.0	0.19741102	0.0	0.0	0.0	0.04509908	0.02352623	0.0	0.0	0.38029897	0.19626242	0.0	0.0	0.18138297	0.0	0.033904936	0.0	0.0	0.07417966	0.0	0.0	0.0	0.0	0.13177072	0.321509	0.0	0.28739223	0.0	0.21477436	0.0	0.18373878	0.21386464	0.08550155	0.023220032	0.17521755	0.0	0.0	0.2386537	0.16745143	0.0	0.008549277	0.08068777	0.19585377	0.0	0.0	0.0
0.2127376	0.0	0.31419566	0.0	0.0	0.010832608	0.0015325857	0.0	0.0	0.3235626	0.0	0.24318136	0.0	0.0	0.022475153	0.23858629	0.0	0.0	0.0	0.0	0.0	0.0	0.0043822504	0.0	0.0	0.1656111	0.0	0.33578786	0.0	0.0	0.0	0.07329064	0.12735195	0.0	0.33153012	0.0	0.21412648	0.0	0.0	0.18818955	0.2391416	0.0	0.38077497	0.0	0.0027469185	0.33106622	0.25755367	0.0	0.0	0.20669645	0.036613505	0.22074465	0.1494797	0.2498358	0.0	0.0	0.0	0.3083118	0.0	0.0	0.0	0.17166121	0.0	0.004181625	0.0	0.0	0.1936502	0.0	0.0	0.0	0.0	0.0	0.27073577	0.0	0.33545884	0.0	0.0	0.0	0.057678908	0.07973262	0.0	0.0	0.0	0.24045543	0.0	0.0	0.0	0.07011051	0.017139712	0.0	0.0	0.43479398	0.21653193	0.0	0.0	0.20775773	0.0	0.042841922	0.0	0.0	0.09416995	0.0	0.0	0.0	0.0	0.16276334	0.36699796	0.0	0.3164458	0.0	0.26291993	0.0	0.22441228	0.252951	0.09691143	0.04412988	0.17214458	0.0	0.0	0.23251067	0.19898178	0.0	0.008269479	0.08955402	0.217954	0.0	0.0	0.0
0.13301028	0.0	0.31982553	0.0	0.0	0.008326084	0.010690324	0.0	0.0	0.2985007	0.0	0.20448549	0.0	0.0	0.04322067	0.19742286	0.0	0.0	0.0	0.0	0.0	0.0	0.014310036	0.0	0.0	0.16438591	0.0	0.29099718	0.0	0.0	0.0	0.08486158	0.12690024	0.0	0.30690184	0.0	0.19288974	0.0	0.0	0.17765872	0.23005559	0.0	0.33293232	0.0	0.008254395	0.32462776	0.27702	0.0	0.0	0.14544596	0.015194937	0.2081285	0.17232811	0.23465198	0.0	0.0	0.0	0.26237652	0.0	0.0	0.0	0.16701235	0.0	0.004138405	0.0	0.0	0.1442685	0.0	0.0	0.0	0.0004518181	0.0	0.25159487	0.0	0.33256617	0.0	0.0	0.0	0.07714808	0.077080406	0.0	0.0	0.0	0.19407861	0.0	0.0	0.0	0.036508635	0.061779946	0.0	0.0	0.3944259	0.19732909	0.0	0.0	0.18484445	0.0	0.025661154	0.0	0.0	0.085989654	0.0	0.0	0.0	0.0	0.15252696	0.32763055	0.0	0.31720674	0.0	0.22508563	0.0	0.1977367	0.24694383	0.0760195	0.025873492	0.16851766	0.0	0.0	0.2542371	0.19051468	0.0	0.0	0.075002775	0.20179515	0.0	0.0	0.0
0.15012532	0.0	0.31395212	0.0	0.0	0.013138236	0.008584458	0.0	0.0	0.31048813	0.0	0.22189279	0.0039069704	0.0	0.050397456	0.19835211	0.0	0.0	0.0	0.0	0.0	0.0	0.013959802	0.0	0.0	0.15730818	0.0	0.3033131	0.0	0.0	0.0	0.08386878	0.12473742	0.0	0.33068636	0.0	0.18779927	0.0	0.0	0.18459992	0.22681223	0.0	0.341177	0.0	0.005629023	0.32621115	0.28486297	0.0	0.0	0.15391985	0.023821414	0.21732235	0.17259872	0.24267618	0.0	0.0	0.0	0.28492114	0.0	0.0	0.0	0.15753505	0.0	0.0	0.0	0.0	0.13986492	0.0	0.0	0.0	0.0	0.0	0.25031963	0.0	0.3361962	0.0	0.0	0.0	0.055656645	0.08657501	0.0	0.0	0.0	0.20670207	0.0	0.0	0.0	0.03816487	0.061125457	0.0	0.0	0.39691052	0.21895482	0.0	0.0	0.19714008	0.0	0.021093816	0.0	0.0	0.09333242	0.0	0.0	0.0	0.0	0.17734313	0.34099331	0.0	0.32489765	0.0	0.22585006	0.0	0.21176885	0.2597514	0.06427085	0.028727412	0.16138184	0.0	0.0	0.24572901	0.19191723	0.0	0.0031232089	0.087230384	0.21607107	0.0	0.0	0.0
0.191101	0.0	0.36485723	0.0	0.0	0.0	0.006903267	0.0	0.0	0.3770951	0.0	0.28345567	0.0	0.0	0.047534138	0.2092493	0.0	0.0	0.0	0.0	0.0	0.0	0.03086227	0.0	0.0	0.17655008	0.0	0.33482933	0.0	0.0	0.0	0.105149835	0.13084261	0.0	0.35742927	0.0	0.1995353	0.0	0.0	0.21157712	0.26445308	0.0	0.39481667	0.0	0.0	0.34338963	0.3087677	0.0	0.0	0.14959331	0.015692322	0.28043863	0.1685815	0.28058377	0.0	0.0	0.0	0.31201598	0.0	0.0	0.0	0.15758309	0.0	0.007761059	0.0	0.0	0.17212707	0.0	0.0	0.0	0.0	0.0	0.25806227	0.0	0.356274	0.0	0.0	0.0	0.086316295	0.097583115	0.0	0.0	0.0	0.2579219	0.0	0.0	0.0	0.060858008	0.06444038	0.0	0.0	0.46674442	0.23616828	0.0	0.0	0.21965325	0.0	0.038982887	0.0	0.0	0.09677035	0.0	0.0	0.0	0.0	0.206742	0.38635096	0.0	0.36974886	0.0	0.2794285	0.0	0.26606408	0.33083257	0.08346828	0.044923652	0.1516261	0.0	0.0	0.27440605	0.24141793	0.0	0.0	0.05596074	0.24975252	0.0	0.0	0.0
0.16433601	0.0	0.32867324	0.0	0.0	0.026108796	0.024056172	0.0	0.0	0.33099735	0.0	0.23434675	0.0131363	0.0	0.052184347	0.19210015	0.0	0.0	0.0	0.0	0.0	0.0	0.010249704	0.0	0.0	0.17213213	0.0	0.31947324	0.0	0.0	0.0	0.08228296	0.14058505	0.0	0.3668853	0.0	0.21912344	0.0	0.0	0.19308855	0.23129082	0.0	0.3345314	0.0	0.010920913	0.33791164	0.30952558	0.0	0.0	0.1626497	0.018077396	0.23113531	0.18939102	0.26517782	0.0	0.0	0.0	0.3353611	0.0	0.0	0.0	0.17062478	0.0	0.0053554364	0.0	0.0	0.14731	0.0	0.0	0.0	0.0	0.0	0.28648898	0.0	0.377345	0.0	0.0	0.0	0.041963387	0.08307257	0.0	0.0	0.0	0.2203052	0.0	0.0	0.0	0.029876525	0.06258741	0.0	0.0	0.41618028	0.24324866	0.0	0.0	0.2165718	0.0	0.034609187	0.0	0.0	0.11982178	0.0	0.0	0.0	0.0	0.21760686	0.3645494	0.0	0.33064267	0.0	0.22919084	0.0	0.23781483	0.28939947	0.053717125	0.041036103	0.14073311	0.0	0.0	0.2404152	0.2075584	0.0	0.01734843	0.114736594	0.21852863	0.0	0.0	0.0
0.1483126	0.0	0.33153325	0.0	0.0	0.019553764	0.022223433	0.0	0.0	0.36217964	0.0	0.2627684	0.0056544035	0.0	0.07339161	0.17768498	0.0	0.0	0.0	0.0	0.0	0.0	0.013920486	0.0	0.0	0.16723704	0.0	0.32668713	0.0	0.0	0.0	0.08096819	0.14940609	0.0	0.37248746	0.0	0.19697346	0.0	0.0	0.17842133	0.2180195	0.0	0.3474846	0.0	0.0062392293	0.35439923	0.3291389	0.0	0.0	0.15114464	0.02825386	0.2471988	0.18290003	0.2795918	0.0	0.0	0.0	0.33112267	0.0	0.0	0.0	0.16076209	0.0	0.0021607007	0.0	0.0	0.12383733	0.0	0.0	0.0	0.008953571	0.0	0.2767036	0.0	0.38616002	0.0	0.0	0.0	0.061721515	0.082186125	0.0	0.0	0.0	0.21593307	0.0	0.0	0.0	0.048008043	0.09206167	0.0	0.0	0.44177392	0.25440562	0.0	0.0	0.22676222	0.0	0.016526036	0.0	0.0	0.11899167	0.0	0.0	0.0	0.0	0.23696406	0.37170434	0.0	0.34530208	0.0	0.24667734	0.0	0.25121877	0.30115888	0.045419212	0.03631612	0.1528827	0.0	0.0	0.24834108	0.21242869	0.0	0.0012296811	0.104234815	0.23315866	0.0	0.0	0.0
0.2212302	0.0	0.33205533	0.0	0.0	0.0069231805	0.0	0.0	0.0	0.35761395	0.0	0.26400355	0.0	0.0	0.026374096	0.24482135	0.0	0.0	0.0	0.0	0.0	0.0	0.0075490945	0.0	0.0	0.16669273	0.0	0.36582732	0.0	0.0	0.0	0.08799713	0.12845363	0.0	0.34161267	0.0	0.20772918	0.0	0.0	0.20014179	0.26268747	0.0	0.42004845	0.0	0.0	0.3420432	0.258198	0.0	0.0	0.20125628	0.026303438	0.23243386	0.1387204	0.26389816	0.0	0.0	0.0	0.3034859	0.0	0.0	0.0	0.16995184	0.0	0.00014860804	0.0	0.0	0.20318341	0.0	0.0	0.0	0.0	0.0	0.2586179	0.0	0.32801345	0.0	0.0	0.0	0.07463911	0.09153446	0.0	0.0	0.0	0.2623326	0.0	0.0	0.0	0.086865306	0.016300943	0.0	0.0	0.47108516	0.22264521	0.0	0.0	0.21643995	0.0	0.032204833	0.0	0.0	0.08909858	0.0	0.0	0.0	0.0	0.1642031	0.3874015	0.0	0.3407793	0.0	0.30176547	0.0	0.24577446	0.27803352	0.11428023	0.052968573	0.18123639	0.0	0.0	0.2398388	0.2161469	0.0	0.006868253	0.07516072	0.23561919	0.0	0.0	0.0
0.1549802	0.0	0.31402543	0.0	0.0	0.022436246	0.016059699	0.0	0.0	0.3120119	0.0	0.22855489	0.009096478	0.0	0.059594914	0.20038982	0.0	0.0	0.0	0.0	0.0	0.0	0.01093636	0.0	0.0	0.15061522	0.0	0.30394042	0.0	0.0	0.0	0.06478583	0.13102804	0.0	0.3463433	0.0	0.19930987	0.0	0.0	0.18316919	0.20947213	0.0	0.32620612	0.0	0.0061566285	0.331776	0.2999507	0.0	0.0	0.16852331	0.028024813	0.21085663	0.17700154	0.24755429	0.0	0.0	0.0	0.31370738	0.0	0.0	0.0	0.16275468	0.0	0.0	0.0	0.0	0.13690965	0.0	0.0	0.0	0.0	0.0	0.2662793	0.0	0.3543072	0.0	0.0	0.0	0.04602466	0.07669755	0.0	0.0	0.0	0.20306565	0.0	0.0	0.0	0.03454632	0.06170105	0.0	0.0	0.39575422	0.23106545	0.0	0.0	0.21046561	0.0	0.019778112	0.0	0.0	0.100423045	0.0	0.0	0.0	0.0	0.19568785	0.34381282	0.0	0.3096396	0.0	0.21583456	0.0	0.21246798	0.26037773	0.054839138	0.028982883	0.15115504	0.0	0.0	0.240314	0.18489183	0.0	0.0113964705	0.112627566	0.20941031	0.0	0.0	0.0
0.20102726	0.0	0.31997323	0.0	0.0	0.010733277	7.646158e-05	0.0	0.0	0.36998788	0.0	0.24678768	0.0	0.0	0.03231212	0.28830388	0.0	0.0	0.0	0.0	0.0	0.0	0.0	0.0	0.0	0.18101133	0.0	0.3921502	0.0	0.0	0.0	0.07862033	0.15485562	0.0	0.31847402	0.0	0.22712366	0.0	0.0	0.22838439	0.27063414	0.0	0.4437456	0.0	0.0	0.3415403	0.2481805	0.0	0.0	0.21300028	0.05207026	0.20097359	0.1261095	0.28116423	0.0	0.0	0.0	0.30804262	0.0	0.0	0.0	0.17569576	0.0	0.034229796	0.0	0.0	0.2263226	0.0	0.0	0.0	0.0	0.0	0.27334604	0.0	0.34695026	0.0	0.0	0.0	0.09757558	0.102133036	0.0	0.0	0.0	0.25360814	0.0	0.0	0.0	0.10013924	0.0049145683	0.0	0.0	0.4995806	0.20515923	0.0	0.0	0.2216286	0.0	0.03433066	0.0	0.0	0.08552059	0.0	0.0	0.0	0.0	0.14775594	0.42178583	0.0	0.33532712	0.0	0.3331273	0.0	0.25943062	0.2663834	0.15019546	0.08282602	0.18483473	0.0	0.0	0.24382071	0.19352831	0.0	0.0026390776	0.11060611	0.22246562	0.0	0.0	0.0
0.1019387	0.0	0.36170864	0.0	0.0	0.038388107	0.044462245	0.0	0.0	0.3527801	0.0	0.15597217	0.0	0.0	0.10094306	0.16325651	0.0	0.0	0.0	0.0	0.0	0.0	0.03565274	0.0	0.0	0.26122034	0.0	0.26180986	0.0	0.0	0.0	0.09155395	0.14723693	0.0	0.3087746	0.0	0.25452068	0.0	0.0	0.148826	0.23622663	0.0	0.30615097	0.0	0.013446581	0.35219476	0.31349027	0.0	0.0	0.11150342	0.041629273	0.22572577	0.19071366	0.26783076	0.0	0.0	0.0	0.23740153	0.0	0.0	0.0	0.1468804	0.0	0.016124962	0.0	0.0	0.08293126	0.0	0.0	0.0	0.0	0.0	0.29746014	0.0	0.3584381	0.0	0.0	0.0	0.11982793	0.10241785	0.00793831	0.0	0.0	0.19414388	0.0	0.0	0.0	0.10077125	0.05717839	0.0	0.0	0.44924518	0.1620588	0.0	0.0	0.16383177	0.0	0.06948223	0.0	0.0	0.07250739	0.0	0.0	0.0	0.0	0.15071777	0.36642596	0.0	0.3364428	0.0	0.30155644	0.0	0.17948711	0.29553893	0.12774782	0.07738293	0.20936914	0.0	0.0	0.27672553	0.17014037	0.0	0.014811587	0.12915017	0.22167742	0.0	0.0	0.0
0.075538576	0.015265842	0.30711678	0.0	0.0	0.056860533	0.0	0.0	0.0	0.2618378	0.0	0.11662201	0.0	0.0	0.057370644	0.22605853	0.0	0.0	0.0	0.0	0.0	0.0	0.031835597	0.0	0.0	0.24690531	0.0	0.25305343	0.0	0.0	0.0	0.073041625	0.15295525	0.0	0.25663787	0.0	0.21187747	0.0	0.0	0.1341003	0.21173261	0.0	0.2892142	0.0	0.0052858866	0.33732376	0.27714136	0.0	0.0	0.102236174	0.05649661	0.14928791	0.16290472	0.19241238	0.0	0.0	0.0	0.20247678	0.0	0.0	0.0	0.16971755	0.0	0.0	0.0	0.0	0.0960564	0.0	0.0	0.0	0.01092423	0.0	0.2582568	0.0	0.32528207	0.0	0.0	0.0	0.10330903	0.087079056	0.0	0.0	0.0	0.15852486	0.0	0.0	0.0	0.094903044	0.042205397	0.0	0.0	0.4073253	0.12601939	0.0	0.0	0.15525061	0.0	0.06960588	0.0	0.0	0.05888177	0.0	0.0	0.0	0.0	0.10655787	0.31656635	0.0	0.2823759	0.0	0.26195246	0.0	0.13246728	0.23185559	0.1717167	0.073558986	0.21389331	0.0	0.0	0.24781819	0.15102059	0.0	0.0	0.11957073	0.18912345	0.0	0.0	0.0
0.083336316	0.015141189	0.31123874	0.0	0.0	0.05305634	0.0	0.0	0.0	0.2575862	0.0	0.11290381	0.0	0.0	0.04598856	0.23139948	0.0	0.0	0.0	0.0	0.0	0.0	0.032851487	0.0	0.0	0.26111624	0.0	0.2540728	0.0	0.0	0.0	0.08128149	0.15280987	0.0	0.2557905	0.0	0.22000296	0.0	0.0	0.13672702	0.22894175	0.0	0.2945358	0.0	0.005900538	0.3409399	0.26953116	0.0	0.0	0.09570482	0.05264686	0.1511302	0.16426496	0.19492404	0.0	0.0	0.0	0.20416473	0.0	0.0	0.0	0.1815449	0.0	0.002918369	0.0	0.0	0.102805674	0.0	0.0	0.0	0.013005274	0.0	0.2669872	0.0	0.32318798	0.0	0.0	0.0	0.10619087	0.09482536	0.0	0.0	0.0	0.16677879	0.0	0.0	0.0	0.09261272	0.03121507	0.0	0.0	0.4086647	0.12293104	0.0	0.0	0.14953822	0.0	0.07774874	0.0	0.0	0.062321056	0.0	0.0	0.0	0.0	0.10568023	0.32225215	0.0	0.28388914	0.0	0.26934394	0.0	0.13685998	0.23745973	0.17533033	0.08463046	0.21265692	0.0	0.0	0.25096563	0.16227001	0.0	0.00097556785	0.12052015	0.1896645	0.0	0.0	0.0
0.09189374	0.013691853	0.29288432	0.0	0.0	0.05368635	0.0	0.0	0.0	0.2364371	0.0	0.0924485	0.0	0.0	0.045100898	0.25320363	0.0	0.0	0.0	0.0	0.0	0.0	0.02896543	0.0	0.0	0.25722548	0.0	0.24490027	0.0	0.0	0.0	0.06901886	0.15488355	0.0	0.23136379	0.0	0.22789223	0.0	0.0	0.12840949	0.21485512	0.0	0.28538212	0.0	0.000547645	0.32363674	0.25170654	0.0	0.0	0.12103983	0.06555175	0.1305709	0.1475634	0.17383622	0.0	0.0	0.0	0.18543571	0.0	0.0	0.0	0.17437287	0.0	0.0048155584	0.0	0.0	0.11369879	0.0	0.0	0.0	0.0068387426	0.0	0.25883532	0.0	0.3055553	0.0	0.0	0.0	0.094157696	0.08537477	0.0	0.0	0.0	0.16132928	0.0	0.0	0.0	0.10653674	0.020620426	0.0	0.0	0.3984811	0.10655687	0.0	0.0	0.13814224	0.0	0.08786336	0.0	0.0	0.046500552	0.0	0.0	0.0	0.0	0.0747179	0.31024328	0.0	0.26791108	0.0	0.26992592	0.0	0.10979424	0.21119058	0.19927697	0.08688453	0.22808193	0.0	0.0	0.24658263	0.14290683	0.0	0.0	0.10456893	0.17712557	0.0	0.0	0.0
0.09566608	0.00076219626	0.2931212	0.0	0.0	0.04989319	0.0087763565	0.0	0.0	0.21471958	0.0	0.07772705	0.0	0.0	0.040412012	0.26081464	0.0	0.0	0.0	0.0	0.0	0.0	0.03643003	0.0	0.0	0.25654992	0.0	0.23511024	0.0	0.0	0.0	0.07315357	0.15234365	0.0	0.22612874	0.0	0.23703079	0.0	0.0	0.13399406	0.2217902	0.0	0.27442658	0.0	0.0	0.3066856	0.2500533	0.0	0.0	0.12279993	0.057088662	0.13009967	0.15132408	0.17392178	0.0	0.0	0.0	0.18918963	0.0	0.0	0.0	0.17597699	0.0	0.007426206	0.0	0.0	0.12431676	0.0	0.0	0.0	0.0069848895	0.0	0.25674126	0.0	0.29643583	0.0	0.0	0.0	0.083372824	0.08116004	0.0	0.0	0.0	0.15986973	0.0	0.0	0.0	0.097908415	0.01664673	0.0	0.0	0.37949654	0.10052863	0.0	0.0	0.12967442	0.0	0.09482709	0.0	0.0	0.04145041	0.0	0.0	0.0	0.0	0.066178225	0.3081714	0.0	0.26439664	0.0	0.25978267	0.0	0.106964916	0.21123196	0.19209377	0.0880535	0.22673018	0.0	0.0	0.25641873	0.14026295	0.0	0.0045623197	0.08264541	0.16505545	0.0	0.0	0.0
0.11175009	0.0	0.29675037	0.0	0.0	0.0366358	0.008670415	0.0	0.0	0.24517506	0.0	0.11653123	0.0	0.0	0.03688422	0.2517414	0.0	0.0	0.0	0.0	0.0	0.0	0.032478217	0.0	0.0	0.24184866	0.0	0.2587902	0.0	0.0	0.0	0.08036239	0.14690973	0.0	0.25252292	0.0	0.21695225	0.0	0.0	0.13881086	0.22709417	0.0	0.30259648	0.0	0.0	0.32121477	0.26175034	0.0	0.0	0.1349736	0.050146352	0.15115689	0.13879816	0.185667	0.0	0.0	0.0	0.20663433	0.0	0.0	0.0	0.16942947	0.0	0.0011326683	0.0	0.0	0.13304599	0.0	0.0	0.0	0.0022743705	0.0	0.25383782	0.0	0.3077365	0.0	0.0	0.0	0.08654347	0.08374479	0.0	0.0	0.0	0.17894423	0.0	0.0	0.0	0.09369407	0.02483304	0.0	0.0	0.40687788	0.12552665	0.0	0.0	0.15167695	0.0	0.07849378	0.0	0.0	0.04989071	0.0	0.0	0.0	0.0	0.09639039	0.3159705	0.0	0.2818989	0.0	0.2661603	0.0	0.13677828	0.22685952	0.17391324	0.07919449	0.21227734	0.0	0.0	0.25251362	0.15910335	0.0	0.0028815598	0.0774327	0.18084653	0.0	0.0	0.0
0.076689295	0.0052570817	0.29836285	0.0	0.0	0.0538598	0.0047988505	0.0	0.0	0.23278065	0.0	0.086420335	0.0	0.0	0.052166123	0.24092942	0.0	0.0	0.0	0.0	0.0	0.0	0.034467865	0.0	0.0	0.24870002	0.0	0.2379889	0.0	0.0	0.0	0.0669806	0.15496619	0.0	0.23294525	0.0	0.22505198	0.0	0.0	0.13130593	0.20587187	0.0	0.26999828	0.0	0.003082998	0.31988057	0.26454753	0.0	0.0	0.112245165	0.061405033	0.13336016	0.15886639	0.1797721	0.0	0.0	0.0	0.19049104	0.0	0.0	0.0	0.168032	0.0	0.0014767833	0.0	0.0	0.10250651	0.0	0.0	0.0	0.0106566325	0.0	0.25772974	0.0	0.30762303	0.0	0.0	0.0	0.09191518	0.08768187	0.0	0.0	0.0	0.15221442	0.0	0.0	0.0	0.096085735	0.02967682	0.0	0.0	0.38500714	0.10691276	0.0	0.0	0.14151539	0.0	0.08226078	0.0	0.0	0.048716575	0.0	0.0	0.0	0.0	0.07976655	0.30844077	0.0	0.2681901	0.0	0.2548521	0.0	0.10913628	0.20872106	0.18186088	0.07400679	0.22247534	0.0	0.0	0.25397524	0.13649315	0.0	0.0	0.09724742	0.17034028	0.0	0.0	0.0
0.07643867	0.01934813	0.3061378	0.0	0.0	0.061763942	0.0	0.0	0.0	0.25926414	0.0	0.109760664	0.0	0.0	0.058540855	0.23229341	0.0	0.0	0.0	0.0	0.0	0.0	0.033675235	0.0	0.0	0.25487915	0.0	0.25176355	0.0	0.0	0.0	0.07318225	0.15656511	0.0	0.25367218	0.0	0.21901654	0.0	0.0	0.13055256	0.21212971	0.0	0.28749767	0.0	0.005098276	0.33695087	0.27536368	0.0	0.0	0.10397693	0.06136157	0.14325576	0.1613536	0.19084878	0.0	0.0	0.0	0.20256591	0.0	0.0	0.0	0.17271955	0.0	0.0003190463	0.0	0.0	0.09451672	0.0	0.0	0.0	0.012318674	0.0	0.2630413	0.0	0.32464418	0.0	0.0	0.0	0.10183036	0.08776188	0.0	0.0	0.0	0.15980466	0.0	0.0	0.0	0.10049364	0.037423346	0.0	0.0	0.40833548	0.12269256	0.0	0.0	0.15382376	0.0	0.0758534	0.0	0.0	0.059701398	0.0	0.0	0.0	0.0	0.104020946	0.31774744	0.0	0.27917323	0.0	0.26820529	0.0	0.12777096	0.23078854	0.17854457	0.07927515	0.2183895	0.0	0.0	0.24652229	0.14958233	0.0	0.0	0.12319511	0.18675226	0.0	0.0	0.0
0.15259439	0.017465586	0.28093722	0.0	0.0	0.040764075	0.0	0.0	0.0	0.26766536	0.0	0.13370855	0.0	0.0	0.029789785	0.292532	0.0	0.0	0.0	0.0	0.0	0.0	0.012302283	0.0	0.0	0.25953558	0.0	0.28663704	0.0	0.0	0.0	0.06995242	0.15053047	0.0	0.23223276	0.0	0.22631228	0.0	0.0	0.11777389	0.2280627	0.0	0.34527814	0.0	0.0	0.33978632	0.2167111	0.0	0.0	0.17299001	0.07842282	0.13133182	0.11090905	0.17349607	0.0	0.0	0.0	0.18371497	0.0	0.0	0.0	0.17220414	0.0	0.01117732	0.0	0.0	0.15405482	0.0	0.0	0.0	0.0	0.0	0.25852355	0.0	0.30015722	0.0	0.0	0.0	0.10063828	0.07980459	0.0	0.0	0.0	0.19066708	0.0	0.0	0.0	0.14679359	0.006929698	0.0	0.0	0.45482317	0.11045444	0.0	0.0	0.15096973	0.0	0.08646598	0.0	0.0	0.037875514	0.0	0.0	0.0	0.0	0.06391171	0.32735863	0.0	0.26226604	0.0	0.32441154	0.0	0.122681595	0.19870122	0.25067425	0.104255624	0.24573745	0.0	0.0	0.22628407	0.15143682	0.0	0.002078402	0.11038246	0.19828169	0.0	0.0057992763	0.0
0.11106729	0.0	0.29541817	0.0	0.0	0.04471569	0.0051688217	0.0	0.0	0.24043918	0.0	0.09667591	0.0	0.0	0.040609	0.25912228	0.0	0.0	0.0	0.0	0.0	0.0	0.028470257	0.0	0.0	0.24731185	0.0	0.25529596	0.0	0.0	0.0	0.08158264	0.15152462	0.0	0.23753072	0.0	0.22714143	0.0	0.0	0.13680619	0.23427732	0.0	0.30024374	0.0	0.0013263585	0.3155631	0.25356498	0.0	0.0	0.12591663	0.05536138	0.1388333	0.14010705	0.17912589	0.0	0.0	0.0	0.18837558	0.0	0.0	0.0	0.17060108	0.0	0.009042103	0.0	0.0	0.1294394	0.0	0.0	0.0	0.002760681	0.0	0.2536675	0.0	0.2938963	0.0	0.0	0.0	0.08515116	0.0894861	0.0	0.0	0.0	0.17074335	0.0	0.0	0.0	0.09803972	0.016463114	0.0	0.0	0.40268755	0.108071275	0.0	0.0	0.1401983	0.0	0.08549204	0.0	0.0	0.043610107	0.0	0.0	0.0	0.0	0.07299664	0.32025054	0.0	0.27241743	0.0	0.27088818	0.0	0.12577121	0.22569926	0.19042026	0.09261775	0.22175618	0.0	0.0	0.25517586	0.15177202	0.0	0.0016604358	0.073196284	0.17956607	0.0	0.0	0.0
0.065586634	0.018312596	0.30935326	0.0	0.0	0.06629948	0.0	0.0	0.0	0.25670633	0.0	0.09752647	0.0	0.0	0.062206194	0.225734	0.0	0.0	0.0	0.0	0.0	0.0	0.03531737	0.0	0.0	0.2553139	0.0	0.24098003	0.0	0.0	0.0	0.07377788	0.15407431	0.0	0.24713399	0.0	0.2234012	0.0	0.0	0.13352616	0.21122962	0.0	0.27673462	0.0	0.0043772818	0.3314202	0.27530348	0.0	0.0	0.09749373	0.058558326	0.14456396	0.16651611	0.18883125	0.0	0.0	0.0	0.19673292	0.0	0.0	0.0	0.16883062	0.0	0.0	0.0	0.0	0.08809477	0.0	0.0	0.0	0.012003132	0.0	0.26190707	0.0	0.3180522	0.0	0.0	0.0	0.102820195	0.08986706	0.0	0.0	0.0	0.15367474	0.0	0.0	0.0	0.09547303	0.039880265	0.0	0.0	0.39977896	0.11604247	0.0	0.0	0.1435531	0.0	0.07490418	0.0	0.0	0.055594582	0.0	0.0	0.0	0.0	0.09367766	0.31501123	0.0	0.27760684	0.0	0.2632691	0.0	0.11639186	0.22584723	0.17840302	0.07182015	0.21658917	0.0	0.0	0.2489944	0.14186826	0.0	0.0	0.11626232	0.1853633	0.0	0.0	0.0
0.21532945	0.0	0.3631442	0.0	0.0	0.035925467	0.0	0.0	0.0	0.48479202	0.0	0.34440136	0.0	0.0	0.14432456	0.23762345	0.0	0.0	0.0	0.0	0.0	0.0	0.03816251	0.0	0.0	0.18906172	0.0	0.41288832	0.0	0.0	0.0	0.13739072	0.15118493	0.0	0.39059594	0.0	0.22082521	0.0	0.0	0.24899022	0.31068823	0.0	0.48342732	0.0	0.0	0.3588777	0.3401231	0.0	0.0	0.16024414	0.025502428	0.2776168	0.1363762	0.3419684	0.0	0.0	0.0	0.33407834	0.0	0.0	0.0	0.14846098	0.0	0.006685911	0.0	0.0	0.1819008	0.0	0.0	0.0	0.0	0.0	0.2570774	0.0	0.42943868	0.0	0.0	0.0	0.1097643	0.13358258	0.0	0.0	0.0	0.33866346	0.0	0.0	0.0	0.14246322	0.07744583	0.0	0.0	0.5705789	0.23762377	0.0	0.0	0.2433123	0.0	0.03613436	0.0	0.0	0.06788689	0.0	0.0	0.0	0.0	0.27904734	0.45080745	0.0	0.43282565	0.0	0.3919359	0.0	0.30548528	0.44787812	0.1633962	0.11081209	0.22096461	0.0	0.0	0.2548751	0.2831594	0.0	0.0	0.08146217	0.31139967	0.0	0.0	0.0
0.0682382	0.01368006	0.29875112	0.0	0.0	0.0621966	9.987379e-05	0.0	0.0	0.22693539	0.0	0.08552533	0.0	0.0	0.053199757	0.24068506	0.0	0.0	0.0	0.0	0.0	0.0	0.03938651	0.0	0.0	0.25062916	0.0	0.23612855	0.0	0.0	0.0	0.06505617	0.15943186	0.0	0.23193973	0.0	0.23087056	0.0	0.0	0.12957077	0.20131187	0.0	0.26117077	0.0	0.0037990536	0.31884316	0.27193686	0.0	0.0	0.10712668	0.06702417	0.12632374	0.16695565	0.18100786	0.0	0.0	0.0	0.19430329	0.0	0.0	0.0	0.16911374	0.0	0.0029602062	0.0	0.0	0.09945474	0.0	0.0	0.0	0.014544162	0.0	0.25968587	0.0	0.31456724	0.0	0.0	0.0	0.088569045	0.08602011	0.0	0.0	0.0	0.14942537	0.0	0.0	0.0	0.09542793	0.03099533	0.0	0.0	0.3815284	0.10580152	0.0	0.0	0.14183427	0.0	0.08498337	0.0	0.0	0.053633202	0.0	0.0	0.0	0.0	0.08331178	0.30625203	0.0	0.26109543	0.0	0.24854319	0.0	0.106250465	0.2117215	0.18127967	0.0714182	0.22040175	0.0	0.0	0.25374532	0.13297437	0.0	0.0	0.109081425	0.16641153	0.0	0.0	0.0
0.07764731	0.018707493	0.30725285	0.0	0.0	0.061764464	0.0	0.0	0.0	0.26402983	0.0	0.110998005	0.0	0.0	0.05865352	0.23017645	0.0	0.0	0.0	0.0	0.0	0.0	0.032830086	0.0	0.0	0.25595507	0.0	0.2530817	0.0	0.0	0.0	0.074448295	0.15469286	0.0	0.25548664	0.0	0.21785314	0.0	0.0	0.13177308	0.21421175	0.0	0.2906582	0.0	0.0044938833	0.33840883	0.2753965	0.0	0.0	0.10207351	0.05915895	0.1466703	0.16048126	0.19338538	0.0	0.0	0.0	0.20139307	0.0	0.0	0.0	0.17164902	0.0	0.0	0.0	0.0	0.09525762	0.0	0.0	0.0	0.011609543	0.0	0.26164863	0.0	0.32410172	0.0	0.0	0.0	0.10316902	0.09018258	0.0	0.0	0.0	0.16072889	0.0	0.0	0.0	0.100638665	0.03847408	0.0	0.0	0.41130075	0.12380461	0.0	0.0	0.15393946	0.0	0.07505511	0.0	0.0	0.05874051	0.0	0.0	0.0	0.0	0.10572342	0.32111982	0.0	0.2809848	0.0	0.27199423	0.0	0.13074596	0.23545831	0.17721657	0.078906804	0.21570855	0.0	0.0	0.24762534	0.15201266	0.0	0.0	0.122179486	0.18986289	0.0	0.0	0.0
0.108273625	0.019787202	0.30446473	0.0	0.0	0.05893882	0.0	0.0	0.0	0.2689915	0.0	0.13621116	0.0	0.0	0.04734956	0.25204864	0.0	0.0	0.0	0.0	0.0	0.0	0.032990303	0.0	0.0	0.26095957	0.0	0.2699835	0.0	0.0	0.0	0.07952265	0.15524854	0.0	0.26420948	0.0	0.22388834	0.0	0.0	0.13161282	0.23326834	0.0	0.31542253	0.0	0.0026108746	0.34480286	0.2711228	0.0	0.0	0.12314548	0.06213197	0.15129916	0.14545754	0.19295193	0.0	0.0	0.0	0.20911564	0.0	0.0	0.0	0.17780526	0.0	0.0056975484	0.0	0.0	0.11807076	0.0	0.0	0.0	0.011614267	0.0	0.26706758	0.0	0.32955506	0.0	0.0	0.0	0.09696268	0.08857719	0.0	0.0	0.0	0.18353088	0.0	0.0	0.0	0.11030787	0.030370317	0.0	0.0	0.43191984	0.12778892	0.0	0.0	0.16013426	0.0	0.084321596	0.0	0.0	0.06271544	0.0	0.0	0.0	0.0	0.113902725	0.3259094	0.0	0.28019172	0.0	0.2877666	0.0	0.1460102	0.24664807	0.19443022	0.09064645	0.21756518	0.0	0.0	0.24446666	0.16694362	0.0	0.0	0.12142518	0.19349806	0.0	0.0	0.0
0.095756955	0.0031784556	0.31034955	0.0	0.0	0.042491894	0.0062489524	0.0	0.0	0.2571158	0.0	0.09872097	0.0	0.0	0.058123115	0.24542566	0.0	0.0	0.0	0.0	0.0	0.0	0.03789316	0.0	0.0	0.2622837	0.0	0.24394806	0.0	0.0	0.0	0.0775237	0.15381478	0.0	0.24277072	0.0	0.23161201	0.0	0.0	0.1344116	0.22981161	0.0	0.2866685	0.0	0.0	0.33505592	0.26844004	0.0	0.0	0.10623204	0.05363992	0.15002112	0.15634234	0.19786753	0.0	0.0	0.0	0.19409274	0.0	0.0	0.0	0.17507558	0.0	0.011413393	0.0	0.0	0.10500673	0.0	0.0	0.0	0.0037037954	0.0	0.26892284	0.0	0.31933227	0.0	0.0	0.0	0.10034851	0.08546763	0.0	0.0	0.0	0.16339986	0.0	0.0	0.0	0.10319629	0.021236802	0.0	0.0	0.4005401	0.11996687	0.0	0.0	0.14721206	0.0	0.089878894	0.0	0.0	0.05273996	0.0	0.0	0.0	0.0	0.097312234	0.32430026	0.0	0.2874666	0.0	0.27885732	0.0	0.12801339	0.2316681	0.18512626	0.09235078	0.22181593	0.0	0.0	0.26386628	0.15793365	0.0	0.0020188403	0.1026175	0.17847401	0.0	0.0	0.0
0.21688072	0.0059779133	0.3144295	0.0	0.0	0.025779748	0.0	0.0	0.0	0.3179085	0.0	0.21269882	0.0	0.0	0.020543078	0.3469731	0.0	0.0	0.0	0.0	0.0	0.0	0.014926296	0.0	0.0	0.26650918	0.0	0.3594612	0.0	0.0	0.0	0.083905734	0.15605064	0.0	0.26506707	0.0	0.23645826	0.0	0.0	0.14284931	0.2723597	0.0	0.43302628	0.0	0.0	0.36211744	0.21656132	0.0	0.0	0.22157367	0.07133534	0.15779594	0.08459649	0.21026824	0.0	0.0	0.0	0.23102741	0.0	0.0	0.0	0.1802907	0.0	0.013763229	0.0	0.0	0.21960668	0.0	0.0	0.0	0.0	0.0	0.26581243	0.0	0.32219997	0.0	0.0	0.0	0.12725328	0.08772389	0.0	0.0	0.0	0.25584045	0.0	0.0	0.0	0.18907738	0.0	0.0	0.0	0.54549706	0.120050706	0.0	0.0	0.18629728	0.0	0.09032925	0.0	0.0	0.04656588	0.0	0.0	0.0	0.0	0.082690194	0.3807095	0.0	0.2832349	0.0	0.39489672	0.0	0.18705869	0.25077954	0.2992308	0.12500733	0.24835332	0.0	0.0	0.22555375	0.18581413	0.0	0.0	0.104016624	0.21556334	0.0	0.0	0.0
0.06184982	0.018039593	0.3090013	0.0	0.0	0.061353784	0.0	0.0	0.0	0.25423932	0.0	0.09121414	0.0	0.0	0.063308805	0.22679774	0.0	0.0	0.0	0.0	0.0	0.0	0.03263488	0.0	0.0	0.25339788	0.0	0.24746056	0.0	0.0	0.0	0.07707358	0.15621799	0.0	0.24122317	0.0	0.22511001	0.0	0.0	0.14048415	0.21335788	0.0	0.2797125	0.0	0.0036264781	0.3242203	0.2756865	0.0	0.0	0.09411087	0.06024186	0.13643512	0.16518855	0.19001026	0.0	0.0	0.0	0.19714017	0.0	0.0	0.0	0.17115116	0.0	0.002406134	0.0	0.0	0.09492153	0.0	0.0	0.0	0.014220536	0.0	0.26031387	0.0	0.31627727	0.0	0.0	0.0	0.10643015	0.09349019	0.0	0.0	0.0	0.15010452	0.0	0.0	0.0	0.0878559	0.038282048	0.0	0.0	0.3950337	0.12088925	0.0	0.0	0.1479813	0.0	0.07490591	0.0	0.0	0.058490735	0.0	0.0	0.0	0.0	0.09131076	0.3213227	0.0	0.280067	0.0	0.2599447	0.0	0.115609944	0.22434461	0.17356248	0.078431845	0.21123843	0.0	0.0	0.25477815	0.14261337	0.0	0.0	0.119826436	0.17683421	0.0	0.0	0.0
0.21368027	0.014535862	0.33652195	0.0	0.0	0.033893105	0.0	0.0	0.0	0.36702642	0.0	0.23418899	0.0	0.0	0.038501784	0.32917038	0.0	0.0	0.0	0.0	0.0	0.0	0.018771935	0.0	0.0	0.2796892	0.0	0.37908888	0.0	0.0	0.0	0.09431973	0.16371563	0.0	0.28850535	0.0	0.23626192	0.0	0.0	0.14822169	0.28246427	0.0	0.4568667	0.0	0.0	0.3841118	0.23855262	0.0	0.0	0.20594203	0.06907307	0.18763272	0.09629744	0.23896791	0.0	0.0	0.0	0.24436659	0.0	0.0	0.0	0.17361718	0.0	0.009374251	0.0	0.0	0.20329253	0.0	0.0	0.0	0.0	0.0	0.27812824	0.0	0.340736	0.0	0.0	0.0	0.14772908	0.10195422	0.0	0.0	0.0	0.26988813	0.0	0.0	0.0	0.20217663	0.0053846315	0.0	0.0	0.5863886	0.13384126	0.0	0.0	0.20029096	0.0	0.08644253	0.0	0.0	0.053207885	0.0	0.0	0.0	0.0	0.123222314	0.40773037	0.0	0.3144416	0.0	0.4254079	0.0	0.20953965	0.2891835	0.3013595	0.1355973	0.24821258	0.0	0.0	0.2304734	0.2078892	0.0	0.0	0.12062622	0.24052769	0.0	0.0	0.0
0.0767814	0.015559177	0.30053678	0.0	0.0	0.05991539	0.0	0.0	0.0	0.23534024	0.0	0.101300634	0.0	0.0	0.051134948	0.24333477	0.0	0.0	0.0	0.0	0.0	0.0	0.038155645	0.0	0.0	0.24570657	0.0	0.24421047	0.0	0.0	0.0	0.06928369	0.15800454	0.0	0.24094789	0.0	0.22941606	0.0	0.0	0.13201751	0.20482178	0.0	0.27408925	0.0	0.0056319945	0.3257611	0.27334294	0.0	0.0	0.11165297	0.06519108	0.1317972	0.16199382	0.18290223	0.0	0.0	0.0	0.19880773	0.0	0.0	0.0	0.1722425	0.0	0.0014772365	0.0	0.0	0.103300415	0.0	0.0	0.0	0.01643168	0.0	0.26165316	0.0	0.31832984	0.0	0.0	0.0	0.08863127	0.08682016	0.0	0.0	0.0	0.15808843	0.0	0.0	0.0	0.09365592	0.03396326	0.0	0.0	0.389424	0.11133919	0.0	0.0	0.14865449	0.0	0.08230895	0.0	0.0	0.057335038	0.0	0.0	0.0	0.0	0.091590606	0.30724487	0.0	0.26280752	0.0	0.25033236	0.0	0.11484549	0.21529083	0.18087097	0.07240826	0.21602166	0.0	0.0	0.24901521	0.14031987	0.0	0.0	0.11199856	0.169686	0.0	0.0	0.0
0.103221856	0.013342679	0.30509552	0.0	0.0	0.04877068	0.00051024556	0.0	0.0	0.24169104	0.0	0.116942264	0.0	0.0	0.033906683	0.24992923	0.0	0.0	0.0	0.0	0.0	0.0	0.03064715	0.0	0.0	0.25268054	0.0	0.25862327	0.0	0.0	0.0	0.07983685	0.1474741	0.0	0.2451638	0.0	0.22472794	0.0	0.0	0.13632914	0.228755	0.0	0.30096936	0.0	0.0026170176	0.32999465	0.25856248	0.0	0.0	0.1137614	0.053810418	0.14421189	0.14734732	0.18614829	0.0	0.0	0.0	0.20292711	0.0	0.0	0.0	0.18075724	0.0	0.006546326	0.0	0.0	0.124577075	0.0	0.0	0.0	0.011733015	0.0	0.2625169	0.0	0.31231463	0.0	0.0	0.0	0.09254993	0.08621358	0.0	0.0	0.0	0.17060156	0.0	0.0	0.0	0.09389449	0.027139792	0.0	0.0	0.4101242	0.114147894	0.0	0.0	0.14994061	0.0	0.08080422	0.0	0.0	0.056818236	0.0	0.0	0.0	0.0	0.09032217	0.31390464	0.0	0.26852158	0.0	0.26122913	0.0	0.12716524	0.22842437	0.1873077	0.07980757	0.2053094	0.0	0.0	0.25381145	0.16319928	0.0	0.0	0.108769454	0.17770089	0.0	0.0	0.0
0.08549007	0.028535249	0.32075468	0.0	0.0	0.0821122	0.000861587	0.0	0.0	0.30108637	0.0	0.14343368	0.00071852934	0.0	0.062770456	0.22023638	0.0	0.0	0.0	0.0	0.0	0.0	0.032615975	0.0007060611	0.0	0.27683368	0.0	0.26698554	0.0	0.0	0.0	0.088290446	0.15500277	0.0	0.28347078	0.0	0.22192235	0.0	0.0	0.13200043	0.24188912	0.0	0.3163921	0.0	0.00028729686	0.355463	0.29088405	0.0	0.0	0.09778565	0.057697196	0.16938181	0.16341923	0.21488877	0.0	0.0	0.0	0.21873373	0.0	0.0	0.0	0.1754893	0.0	0.0046256357	0.0	0.0	0.08640242	0.0	0.0	0.0	0.011418679	0.0	0.2714192	0.0	0.34595695	0.0	0.0	0.0	0.109767	0.0943935	0.0	0.0	0.0	0.18505101	0.0	0.0	0.0	0.11837033	0.04713072	0.0	0.0	0.45649326	0.13731374	0.0	0.0	0.15853626	0.0	0.07454439	0.0	0.0	0.06877216	0.0	0.0	0.0	0.0	0.13728453	0.3424424	0.0	0.30063644	0.0	0.30206206	0.0	0.15458786	0.28010237	0.18338387	0.09484918	0.21630885	0.0	0.0	0.24744481	0.17404135	0.0	0.0022730262	0.14841622	0.22487871	0.0	0.0	0.0
0.079106785	0.01599805	0.29814577	0.0	0.0	0.061555043	0.0027136803	0.0	0.0	0.22166318	0.0	0.08263286	0.0	0.0	0.045572806	0.24871807	0.0	0.0	0.0	0.0	0.0	0.0	0.038930833	0.0	0.0	0.26108682	0.0	0.2359314	0.0	0.0	0.0	0.07000099	0.15815438	0.0	0.2303093	0.0	0.23932393	0.0	0.0	0.12770918	0.20862949	0.0	0.26620504	0.0	0.004071428	0.32025665	0.26386285	0.0	0.0	0.108451	0.06725843	0.12395566	0.16220714	0.17899406	0.0	0.0	0.0	0.19231461	0.0	0.0	0.0	0.17485572	0.0	0.006665653	0.0	0.0	0.107925326	0.0	0.0	0.0	0.01578191	0.0	0.2646853	0.0	0.31280422	0.0	0.0	0.0	0.083523996	0.08839575	0.0	0.0	0.0	0.15665062	0.0	0.0	0.0	0.09762896	0.02543988	0.0	0.0	0.38155174	0.1009318	0.0	0.0	0.13780443	0.0	0.09284767	0.0	0.0	0.05572768	0.0	0.0	0.0	0.0	0.080155596	0.3078462	0.0	0.25602654	0.0	0.2539276	0.0	0.10751418	0.2108196	0.18673436	0.07575431	0.21823414	0.0	0.0	0.25252196	0.13567533	0.0	0.0	0.11100855	0.16421649	0.0	0.0	0.0
0.084740855	0.0004328601	0.28915417	0.0	0.0	0.045853585	0.0011239238	0.0	0.0	0.20835118	0.0	0.08447051	0.0	0.0	0.03342146	0.24894214	0.0	0.0	0.0	0.0	0.0	0.0	0.030430662	0.0	0.0	0.23818034	0.0	0.24055125	0.0	0.0	0.0	0.06876636	0.14352258	0.0	0.2274514	0.0	0.22903757	0.0	0.0	0.14381818	0.21043877	0.0	0.2777504	0.0	0.00617105	0.31016526	0.2524397	0.0	0.0	0.11245056	0.059843022	0.13242985	0.1611247	0.17834027	0.0	0.0	0.0	0.19398586	0.0	0.0	0.0	0.17484993	0.0	0.005014895	0.0	0.0	0.12252047	0.0	0.0	0.0	0.012024214	0.0	0.25715357	0.0	0.2944186	0.0	0.0	0.0	0.08600578	0.08125911	0.0	0.0	0.0	0.15703504	0.0	0.0	0.0	0.076819256	0.018853994	0.0	0.0	0.36975965	0.09293669	0.0	0.0	0.13572408	0.0	0.078035004	0.0	0.0	0.050477896	0.0	0.0	0.0	0.0	0.055474	0.29668564	0.0	0.25068116	0.0	0.2360106	0.0	0.10758507	0.19432919	0.18063848	0.057905298	0.215364	0.0	0.0	0.25118735	0.13735999	0.0	0.0	0.092832915	0.15516561	0.0	0.0	0.0
0.06936911	0.0046501937	0.2971236	0.0	0.0	0.056450803	0.010127911	0.0	0.0	0.23264928	0.0	0.07791733	0.0	0.0	0.054053966	0.23660497	0.0	0.0	0.0	0.0	0.0	0.0	0.03431256	0.0	0.0	0.24685878	0.0	0.23402588	0.0	0.0	0.0	0.061534155	0.15641147	0.0	0.22972035	0.0	0.22870815	0.0	0.0	0.13167523	0.2048767	0.0	0.26344624	0.0	0.002227936	0.31560105	0.26641607	0.0	0.0	0.11145356	0.06135857	0.13298422	0.16076039	0.17953725	0.0	0.0	0.0	0.1885003	0.0	0.0	0.0	0.16710854	0.0	0.0	0.0	0.0	0.097266614	0.0	0.0	0.0	0.009762452	0.0	0.25719932	0.0	0.3022273	0.0	0.0	0.0	0.09280035	0.08686542	0.0	0.0	0.0	0.14557801	0.0	0.0	0.0	0.096281506	0.029325351	0.0	0.0	0.38142666	0.10339124	0.0	0.0	0.1371751	0.0	0.08015192	0.0	0.0	0.043797757	0.0	0.0	0.0	0.0	0.0729926	0.30827805	0.0	0.26867756	0.0	0.252295	0.0	0.101039566	0.20590436	0.18165295	0.07378142	0.22676444	0.0	0.0	0.25754485	0.13228017	0.0	0.0	0.0972693	0.16923125	0.0	0.0	0.0
0.077282734	0.006192077	0.29682195	0.0	0.0	0.051044434	0.0024067014	0.0	0.0	0.22442758	0.0	0.086437665	0.0	0.0	0.046883803	0.24626446	0.0	0.0	0.0	0.0	0.0	0.0	0.035267565	0.0	0.0	0.24124824	0.0	0.23783322	0.0	0.0	0.0	0.063738346	0.1550584	0.0	0.22861588	0.0	0.22496001	0.0	0.0	0.13207437	0.2029428	0.0	0.26796693	0.0	0.004809505	0.31734264	0.26298502	0.0	0.0	0.11599966	0.063489944	0.12948455	0.15877296	0.17481609	0.0	0.0	0.0	0.18915981	0.0	0.0	0.0	0.16873427	0.0	0.0015850054	0.0	0.0	0.10678049	0.0	0.0	0.0	0.012095224	0.0	0.2566044	0.0	0.30353677	0.0	0.0	0.0	0.089450486	0.08522895	0.0	0.0	0.0	0.15149562	0.0	0.0	0.0	0.09293934	0.028173843	0.0	0.0	0.37775597	0.102566145	0.0	0.0	0.14156313	0.0	0.08273944	0.0	0.0	0.04752549	0.0	0.0	0.0	0.0	0.07390095	0.30311906	0.0	0.26212278	0.0	0.2464176	0.0	0.10504985	0.20147681	0.18287675	0.06965004	0.22167742	0.0	0.0	0.25413075	0.13377163	0.0	0.0	0.09315383	0.1635813	0.0	0.0	0.0
0.15915512	0.0	0.33821425	0.0	0.0	0.0065994747	0.024234354	0.0	0.0	0.3254997	0.0	0.23187585	0.00173133	0.0	0.028696226	0.19840308	0.0	0.0	0.0	0.0	0.0	0.0	0.025951356	0.0	0.0	0.1955965	0.0	0.3202765	0.0	0.0	0.0	0.09642711	0.13696234	0.0	0.3474749	0.0	0.20611687	0.0	0.0	0.18879499	0.25991514	0.0	0.35734114	0.0	0.0	0.35035107	0.3033941	0.0	0.0	0.15122849	0.032798145	0.23541337	0.16954052	0.26202372	0.0	0.0	0.0	0.3016077	0.0	0.0	0.0	0.17486413	0.0	0.003976947	0.0	0.0	0.14245087	0.0	0.0	0.0	0.0	0.0	0.26912287	0.0	0.3614297	0.0	0.0	0.0	0.074207924	0.08913553	0.0	0.0	0.0	0.23916596	0.0	0.0	0.0	0.057297766	0.059353787	0.0	0.0	0.45203748	0.20708191	0.0	0.0	0.20871806	0.0	0.039516214	0.0	0.0	0.10861248	0.0	0.0	0.0	0.0	0.20255081	0.3690094	0.0	0.34782663	0.0	0.26078504	0.0	0.23625737	0.29814592	0.07959453	0.04294974	0.16859709	0.0	0.0	0.2690055	0.22553384	0.0	0.0	0.07915432	0.22715664	0.0	0.0	0.0
0.13246475	0.0	0.34291077	0.0	0.0	0.033722535	0.013220459	0.0	0.0	0.33849725	0.0	0.24951316	0.0	0.0	0.044933584	0.21466516	0.0	0.0	0.0	0.0	0.0	0.0	0.025519652	0.0	0.0	0.21887527	0.0	0.33256623	0.0	0.0	0.0	0.0964399	0.14710997	0.0	0.36209348	0.0	0.20999312	0.0	0.0	0.16750245	0.26449168	0.0	0.3640937	0.0	0.0	0.37870845	0.32693937	0.0	0.0	0.14056729	0.03837016	0.22070293	0.16071987	0.26207176	0.0	0.0	0.0	0.30074432	0.0	0.0	0.0	0.18706839	0.0	0.011652098	0.0	0.0	0.12293104	0.0	0.0	0.0	0.008278761	0.0	0.28324524	0.0	0.39757404	0.0	0.0	0.0	0.10653782	0.1045993	0.0	0.0	0.0	0.23555087	0.0	0.0	0.0	0.084863104	0.0736145	0.0	0.0	0.49622568	0.20848213	0.0	0.0	0.22998162	0.0	0.038437586	0.0	0.0	0.11940219	0.0	0.0	0.0	0.0	0.21796085	0.37472057	0.0	0.32582924	0.0	0.2776708	0.0	0.24095786	0.3142599	0.1019607	0.06449151	0.17568384	0.0	0.0	0.2644199	0.2131816	0.0	0.0	0.15291141	0.23601449	0.0	0.0	0.0
0.16359256	0.0	0.3076495	0.0	0.0	0.009539145	0.0067545976	0.0	0.0	0.30232474	0.0	0.23103356	0.0	0.0	0.029637488	0.22156031	0.0	0.0	0.0	0.0	0.0	0.0	0.01701442	0.0	0.0	0.15607251	0.0	0.30961052	0.0	0.0	0.0	0.08953924	0.11691702	0.0	0.3199114	0.0	0.17975108	0.0	0.0	0.19334714	0.23449148	0.0	0.3580234	0.0	0.005321787	0.32611385	0.2761124	0.0	0.0	0.16107626	0.029436931	0.20841807	0.15029556	0.23425518	0.0	0.0	0.0	0.27446488	0.0	0.0	0.0	0.17243831	0.0	0.00089332956	0.0	0.0	0.16259556	0.0	0.0	0.0	0.0	0.0	0.24223338	0.0	0.33590403	0.0	0.0	0.0	0.06580541	0.09673884	0.0	0.0	0.0	0.22374982	0.0	0.0	0.0	0.047383223	0.04776576	0.0	0.0	0.40766704	0.20463721	0.0	0.0	0.19769709	0.0	0.022111615	0.0	0.0	0.088553816	0.0	0.0	0.0	0.0	0.17103492	0.3299906	0.0	0.31814778	0.0	0.22892214	0.0	0.21511428	0.2569643	0.077531405	0.030234113	0.15623188	0.0	0.0	0.24988443	0.1970402	0.0	0.0	0.07531953	0.21728551	0.0	0.0	0.0
0.17448294	0.0	0.3128412	0.0	0.0	0.008659929	0.0	0.0	0.0	0.3191546	0.0	0.25433978	0.0	0.0	0.039954573	0.21605362	0.0	0.0	0.0	0.0	0.0	0.0	0.013526776	0.0	0.0	0.14677553	0.0	0.31650785	0.0	0.0	0.0	0.0870125	0.11746507	0.0	0.32910597	0.0	0.1794777	0.0	0.0	0.19517083	0.24211954	0.0	0.36978397	0.0	0.0	0.3268421	0.27934787	0.0	0.0	0.17185895	0.017953375	0.22552489	0.15429698	0.24487464	0.0	0.0	0.0	0.29336694	0.0	0.0	0.0	0.16608524	0.0	0.0	0.0	0.0	0.16741972	0.0	0.0	0.0	0.0	0.0	0.23977728	0.0	0.33647242	0.0	0.0	0.0	0.06700908	0.090547495	0.0	0.0	0.0	0.22592	0.0	0.0	0.0	0.048993174	0.05637065	0.0	0.0	0.41969848	0.2174433	0.0	0.0	0.20009775	0.0	0.01822205	0.0	0.0	0.08463407	0.0	0.0	0.0	0.0	0.17715098	0.33848462	0.0	0.33091056	0.0	0.23748605	0.0	0.23050989	0.27352908	0.07655407	0.028989581	0.1618352	0.0	0.0	0.24932271	0.21102427	0.0	0.0	0.070152625	0.22602849	0.0	0.0	0.0
0.13317855	0.0	0.2942553	0.0	0.0	0.02693285	0.033555117	0.0	0.0	0.2834392	0.0	0.17971575	0.0	0.0	0.047219962	0.23352581	0.0	0.0	0.0	0.0	0.0	0.0	0.029807514	0.0	0.0	0.19542252	0.0	0.28231856	0.0	0.0	0.0	0.08030505	0.13302004	0.0	0.2974496	0.0	0.2186812	0.0	0.0	0.175822	0.24179001	0.0	0.31710556	0.0	0.008022937	0.31962645	0.29135346	0.0	0.0	0.16057102	0.043613758	0.18079703	0.14611582	0.22362041	0.0	0.0	0.0	0.2607715	0.0	0.0	0.0	0.17830865	0.0	0.0073090545	0.0	0.0	0.13988681	0.0	0.0	0.0	0.0	0.0	0.2564588	0.0	0.34152007	0.0	0.0	0.0	0.05741328	0.07664222	0.0	0.0	0.0	0.20955141	0.0	0.0	0.0	0.07329886	0.032063175	0.0	0.0	0.4118755	0.15536036	0.0	0.0	0.1719063	0.0	0.051118713	0.0	0.0	0.06881783	0.0	0.0	0.0	0.0	0.14942914	0.3280444	0.0	0.297729	0.0	0.24436736	0.0	0.18001902	0.2559409	0.12385845	0.051149756	0.19967963	0.0	0.0	0.2603327	0.17067666	0.0	0.0049662995	0.10857984	0.2026192	0.0	0.0	0.0
0.098582685	0.0	0.27185127	0.0	0.0	0.0	0.0003615295	0.0	0.0	0.13068847	0.0	0.006571108	0.0	0.0	0.013101139	0.26593605	0.0	0.0	0.0	0.0	0.0	0.0	0.021647796	0.0	0.0	0.20872985	0.0	0.18496577	0.0	0.0	0.0	0.016168835	0.15111534	0.0	0.15772843	0.0	0.2396812	0.0	0.0	0.081862435	0.14784974	0.0	0.20296927	0.0	0.0009725566	0.25225994	0.17765085	0.0	0.0	0.17030275	0.05960184	0.09848389	0.16941476	0.12021452	0.0	0.0	0.0	0.15886629	0.0	0.0	0.0	0.17509921	0.0	0.006867112	0.0010154421	0.0	0.14971125	0.0	0.0	0.0	0.0	0.0	0.27123344	0.0	0.20022671	0.0	0.0	0.0	0.05523135	0.020872474	0.0	0.0	0.0	0.091663845	0.0	0.0	0.0	0.05080344	0.012104039	0.0	0.0	0.2585966	0.09099379	0.0	0.0	0.109892584	0.0	0.08528793	0.009350334	0.0	0.0047618737	0.0	0.0	0.0	0.0	0.0	0.27141666	0.0	0.19868116	0.0	0.16735415	0.0	0.009003774	0.06257949	0.16512744	0.023602813	0.2358154	0.0	0.0	0.25377357	0.071032576	0.0	0.0072152554	0.03209154	0.08532048	0.0	0.0	0.0
0.13992344	0.0	0.30285406	0.0	0.0	0.024144089	0.022546582	0.0	0.0	0.2877822	0.0	0.18228762	0.0	0.0	0.039731275	0.23700243	0.0	0.0	0.0	0.0	0.0	0.0	0.022570813	0.0	0.0	0.19913948	0.0	0.29355517	0.0	0.0	0.0	0.08824581	0.13024688	0.0	0.29332986	0.0	0.21807246	0.0	0.0	0.17608942	0.2574969	0.0	0.33417523	0.0	0.0029617685	0.32936597	0.27991518	0.0	0.0	0.15246232	0.03567941	0.18160532	0.14746241	0.22407669	0.0	0.0	0.0	0.24859142	0.0	0.0	0.0	0.17724025	0.0	0.00949777	0.0	0.0	0.1439156	0.0	0.0	0.0	0.0	0.0	0.2506734	0.0	0.33002117	0.0	0.0	0.0	0.07308739	0.088417776	0.0	0.0	0.0	0.20984536	0.0	0.0	0.0	0.07665066	0.023425078	0.0	0.0	0.4300808	0.15910624	0.0	0.0	0.175204	0.0	0.05057049	0.0	0.0	0.05891026	0.0	0.0	0.0	0.0	0.14066128	0.3342316	0.0	0.30679476	0.0	0.2633613	0.0	0.19046843	0.26547348	0.1400134	0.06460958	0.20017062	0.0	0.0	0.25770184	0.18444832	0.0	0.0023427792	0.08649691	0.2151159	0.0	0.0	0.0
0.15313643	0.0	0.30453527	0.0	0.0	0.00838297	0.0124327615	0.0	0.0	0.31532696	0.0	0.2240706	0.003824502	0.0	0.048193436	0.21582288	0.0	0.0	0.0	0.0	0.0	0.0	0.021259902	0.0	0.0	0.17798035	0.0	0.30894944	0.0	0.0	0.0	0.08904958	0.12918039	0.0	0.32593688	0.0	0.18723537	0.0	0.0	0.18458058	0.23583609	0.0	0.3510597	0.0	0.0053045736	0.32871744	0.29383326	0.0	0.0	0.15749653	0.021626765	0.20644164	0.15300153	0.23896985	0.0	0.0	0.0	0.27482936	0.0	0.0	0.0	0.16463836	0.0	0.0	0.0	0.0	0.14848416	0.0	0.0	0.0	0.0	0.0	0.24574804	0.0	0.3484355	0.0	0.0	0.0	0.06757271	0.088102125	0.0	0.0	0.0	0.21473916	0.0	0.0	0.0	0.05790739	0.04869977	0.0	0.0	0.42834294	0.20054035	0.0	0.0	0.1935095	0.0	0.028788686	0.0	0.0	0.085964926	0.0	0.0	0.0	0.0	0.18072295	0.33783922	0.0	0.3287355	0.0	0.24946164	0.0	0.21483487	0.27479616	0.096392035	0.045296658	0.17684937	0.0	0.0	0.24655752	0.19897445	0.0	0.0017012823	0.08673408	0.22290872	0.0	0.0	0.0
0.17061055	0.0	0.31798688	0.0	0.0	0.0096692415	0.00958114	0.0	0.0	0.32691833	0.0	0.23676401	0.0	0.0	0.026612932	0.23983479	0.0	0.0	0.0	0.0	0.0	0.0	0.029421011	0.0	0.0	0.2024215	0.0	0.3240945	0.0	0.0	0.0	0.10250023	0.13145404	0.0	0.32118437	0.0	0.20144314	0.0	0.0	0.18836547	0.26413348	0.0	0.379498	0.0	0.0	0.34173155	0.29292133	0.0	0.0	0.15790854	0.028527448	0.22189201	0.136721	0.24182469	0.0	0.0	0.0	0.27516088	0.0	0.0	0.0	0.17759423	0.0	0.0070859096	0.0	0.0	0.1641154	0.0	0.0	0.0	0.0	0.0	0.2566437	0.0	0.35210165	0.0	0.0	0.0	0.088423036	0.09454755	0.0	0.0	0.0	0.23900165	0.0	0.0	0.0	0.087208234	0.035150114	0.0	0.0	0.4717505	0.18143906	0.0	0.0	0.19346888	0.0	0.043388918	0.0	0.0	0.07781737	0.0	0.0	0.0	0.0	0.17174298	0.35451353	0.0	0.32967195	0.0	0.28685036	0.0	0.22453447	0.2983678	0.13480423	0.070754975	0.18317918	0.0	0.0	0.26224318	0.22167419	0.0	0.0	0.08559028	0.23464762	0.0	0.0	0.0
0.14148505	0.0	0.30872688	0.0	0.0	0.014014575	0.0032569189	0.0	0.0	0.2692967	0.0	0.19459583	0.003049773	0.0	0.03378567	0.21368288	0.0	0.0	0.0	0.0	0.0	0.0	0.018913524	0.0	0.0	0.15620513	0.0	0.28483692	0.0	0.0	0.0	0.084539495	0.10989306	0.0	0.31175455	0.0	0.19019233	0.0	0.0	0.18888582	0.23212223	0.0	0.3251785	0.0	0.0050846078	0.3121446	0.26775393	0.0	0.0	0.14954396	0.018468574	0.19182672	0.17164922	0.22389168	0.0	0.0	0.0	0.2629079	0.0	0.0	0.0	0.17025489	0.0	0.0	0.0	0.0	0.1509359	0.0	0.0	0.0	0.0	0.0	0.23758237	0.0	0.31706432	0.0	0.0	0.0	0.06078683	0.08558156	0.0	0.0	0.0	0.20141314	0.0	0.0	0.0	0.03184617	0.045658052	0.0	0.0	0.36917496	0.19434255	0.0	0.0	0.18272485	0.0	0.027214056	0.0	0.0	0.07723553	0.0	0.0	0.0	0.0	0.14259513	0.31565353	0.0	0.30507082	0.0	0.21007599	0.0	0.19575344	0.2409013	0.0753826	0.022725418	0.15817669	0.0	0.0	0.24912347	0.17876874	0.0	0.0020166785	0.069820255	0.19794255	0.0	0.0	0.0
0.069731474	0.0	0.2980679	0.0	0.0	0.010012311	0.014881658	0.0	0.0	0.2151006	0.0	0.12297734	0.0	0.0	0.05074218	0.21982884	0.0	0.0	0.0	0.0	0.0	0.0	0.03993461	0.0	0.0	0.15315843	0.0	0.23426418	0.0	0.0	0.0	0.05550695	0.13382363	0.0	0.25431073	0.0	0.20112813	0.0	0.0	0.17212005	0.1734889	0.0	0.24498539	0.0	0.004082244	0.28210506	0.28369832	0.0	0.0	0.13278116	0.044977617	0.14737792	0.18686342	0.19746399	0.0	0.0	0.0	0.2265382	0.0	0.0	0.0	0.15505327	0.0	0.0	0.0	0.0	0.11709272	0.0	0.0	0.0	0.004080102	0.0	0.24136896	0.0	0.3109924	0.0	0.0	0.0	0.057849873	0.07195518	0.0	0.0	0.0	0.13564478	0.0	0.0	0.0	0.030203527	0.07012509	0.0	0.0	0.31072676	0.14537428	0.0	0.0	0.14686029	0.0	0.03942342	0.0	0.0	0.047010735	0.0	0.0	0.0	0.0	0.08292559	0.2862369	0.0	0.2672997	0.0	0.16345616	0.0	0.11829662	0.17966346	0.103017546	0.008449991	0.18429302	0.0	0.0	0.26375213	0.120215096	0.0	3.6761787e-05	0.100596905	0.14948072	0.0	0.0	0.0
0.13051218	0.0	0.31204486	0.0	0.0	0.007838546	0.016699826	0.0	0.0	0.25836787	0.0	0.1777109	0.0067513236	0.0	0.019598812	0.21626996	0.0	0.0	0.0	0.0	0.0	0.0	0.028659528	0.0	0.0	0.17914586	0.0	0.28009903	0.0	0.0	0.0	0.08926583	0.123278715	0.0	0.2990096	0.0	0.20063691	0.0	0.0	0.18419485	0.24002828	0.0	0.32014918	0.0	0.0017600805	0.31447122	0.273226	0.0	0.0	0.1376733	0.031573594	0.19213112	0.17222913	0.22143571	0.0	0.0	0.0	0.25490597	0.0	0.0	0.0	0.1793995	0.0	0.0026044261	0.0	0.0	0.15229721	0.0	0.0	0.0	0.0	0.0	0.247351	0.0	0.31403998	0.0	0.0	0.0	0.06773957	0.093280576	0.0	0.0	0.0	0.20184545	0.0	0.0	0.0	0.036152303	0.04275242	0.0	0.0	0.38347414	0.171403	0.0	0.0	0.17423852	0.0	0.041911528	0.0	0.0	0.07770897	0.0	0.0	0.0	0.0	0.13604456	0.32043055	0.0	0.3073429	0.0	0.21377735	0.0	0.18520029	0.23918337	0.09184337	0.028820405	0.16713546	0.0	0.0	0.26399004	0.18741614	0.0	0.0	0.06854468	0.18951046	0.0	0.0	0.0
0.16856311	0.0	0.32249022	0.0	0.0	0.0	0.0	0.0	0.0	0.28705105	0.0	0.21094693	0.0	0.0	0.0007164888	0.25901654	0.0	0.0	0.0	0.0	0.0	0.0	0.019289583	0.0	0.0	0.18317448	0.0	0.32629183	0.0	0.0	0.0	0.09768193	0.123553075	0.0	0.2769224	0.0	0.20366883	0.0	0.0	0.18653286	0.2687587	0.0	0.38405812	0.0	0.0060999803	0.32331255	0.2546129	0.0	0.0	0.15535216	0.03414759	0.20208745	0.13632905	0.22865532	0.0	0.0	0.0	0.24392252	0.0	0.0	0.0	0.17416997	0.0	0.014753427	0.0	0.0	0.18262494	0.0	0.0	0.0	0.0	0.0	0.2410503	0.0	0.30596516	0.0	0.0	0.0	0.09975264	0.09591192	0.0	0.0	0.0	0.22793607	0.0	0.0	0.0	0.06895933	0.014413454	0.0	0.0	0.43002164	0.16510604	0.0	0.0	0.18458979	0.0	0.05244783	0.0	0.0	0.059655983	0.0	0.0	0.0	0.0	0.11467313	0.35792264	0.0	0.31932703	0.0	0.2682726	0.0	0.19691621	0.2536434	0.1492432	0.050258785	0.19017106	0.0	0.0	0.2660493	0.20334156	0.0	0.0	0.050065417	0.20298284	0.0	0.0	0.0
0.17039944	0.0	0.30186406	0.0	0.0	0.00069245946	0.0010145046	0.0	0.0	0.31443396	0.0	0.2523447	0.0	0.0	0.026694894	0.24232228	0.0	0.0	0.0	0.0	0.0	0.0	0.01976477	0.0	0.0	0.17384231	0.0	0.3297601	0.0	0.0	0.0	0.091974236	0.12778898	0.0	0.32098517	0.0	0.18008603	0.0	0.0	0.18823378	0.24673052	0.0	0.37395868	0.0	0.0	0.3365861	0.28875557	0.0	0.0	0.16858552	0.031132763	0.20896709	0.13373475	0.24425365	0.0	0.0	0.0	0.28267932	0.0	0.0	0.0	0.17612965	0.0	0.00646675	0.0	0.0	0.1689316	0.0	0.0	0.0	0.0	0.0	0.24623232	0.0	0.352316	0.0	0.0	0.0	0.07898379	0.09466305	0.0	0.0	0.0	0.232032	0.0	0.0	0.0	0.070611395	0.041454613	0.0	0.0	0.45784235	0.19653209	0.0	0.0	0.20251815	0.0	0.026726766	0.0	0.0	0.08176758	0.0	0.0	0.0	0.0	0.18609445	0.34284434	0.0	0.32179216	0.0	0.25908792	0.0	0.23000164	0.28247568	0.111376666	0.049758215	0.17140253	0.0	0.0	0.25100592	0.21529852	0.0	0.0	0.09213916	0.2333355	0.0	0.0	0.0
0.118305676	0.0	0.3197453	0.0	0.0	0.057696212	0.0132060805	0.0	0.0	0.295943	0.0	0.1687255	0.0	0.0	0.054779902	0.24037714	0.0	0.0	0.0	0.0	0.0	0.0	0.04073919	0.0	0.0	0.2431217	0.0	0.27800703	0.0	0.0	0.0	0.094018854	0.13898517	0.0	0.29464912	0.0	0.23132558	0.0	0.0	0.16372477	0.2712154	0.0	0.33280525	0.0	0.0	0.3434473	0.29176924	0.0	0.0	0.123515844	0.048659023	0.18190034	0.14883845	0.22415762	0.0	0.0	0.0	0.2346729	0.0	0.0	0.0	0.18822713	0.0	0.006914737	0.0	0.0	0.123419166	0.0	0.0	0.0	0.008148465	0.0	0.26843926	0.0	0.3369143	0.0	0.0	0.0	0.08709201	0.10357383	0.0	0.0	0.0	0.21204849	0.0	0.0	0.0	0.10059539	0.032535817	0.0	0.0	0.4460732	0.13679238	0.0	0.0	0.16493101	0.0	0.069987215	0.0	0.0	0.06201091	0.0	0.0	0.0	0.0	0.13648616	0.3401916	0.0	0.30091345	0.0	0.28939465	0.0	0.1762916	0.28637895	0.167966	0.084140085	0.20443003	0.0	0.0	0.26665577	0.18748045	0.0	0.0	0.13700826	0.21788152	0.0	0.0	0.0
0.1100978	0.0	0.3102727	0.0	0.0	0.015062925	0.028446695	0.0	0.0	0.27619016	0.0	0.16217525	0.0	0.0	0.046989854	0.20214804	0.0	0.0	0.0	0.0	0.0	0.0	0.026197905	0.0	0.0	0.18281518	0.0	0.2665089	0.0	0.0	0.0	0.08577969	0.12644969	0.0	0.29362217	0.0	0.20505631	0.0	0.0	0.17807586	0.22914898	0.0	0.30057856	0.0	0.007779146	0.31575269	0.2823368	0.0	0.0	0.13405003	0.027805751	0.18934774	0.17566794	0.22113149	0.0	0.0	0.0	0.24323265	0.0	0.0	0.0	0.17243862	0.0	0.0034744889	0.0	0.0	0.12443925	0.0	0.0	0.0	0.0	0.0	0.25967667	0.0	0.32779345	0.0	0.0	0.0	0.07000994	0.087631464	0.0	0.0	0.0	0.18669271	0.0	0.0	0.0	0.046631847	0.055120844	0.0	0.0	0.3774461	0.17116845	0.0	0.0	0.17189471	0.0	0.037316453	0.0	0.0	0.07824937	0.0	0.0	0.0	0.0	0.137432	0.3210025	0.0	0.30417445	0.0	0.21295007	0.0	0.1718616	0.2327937	0.08844712	0.03724137	0.17522454	0.0	0.0	0.26517442	0.16898306	0.0	0.0035748023	0.082525395	0.19771679	0.0	0.0	0.0
0.17092083	0.0	0.3117026	0.0	0.0	0.01198208	0.0014855178	0.0	0.0	0.3217832	0.0	0.23949568	0.0004012175	0.0	0.04673649	0.21164753	0.0	0.0	0.0	0.0	0.0	0.0	0.009456865	0.0	0.0	0.15469198	0.0	0.31794026	0.0	0.0	0.0	0.0774082	0.12533198	0.0	0.3400859	0.0	0.18484092	0.0	0.0	0.19157942	0.22587442	0.0	0.35983577	0.0	0.0052955933	0.3343717	0.28023008	0.0	0.0	0.16665484	0.02532232	0.22361387	0.16047095	0.24353343	0.0	0.0	0.0	0.29739153	0.0	0.0	0.0	0.16500266	0.0	0.0	0.0	0.0	0.15401404	0.0	0.0	0.0	0.0	0.0	0.25306854	0.0	0.34238303	0.0	0.0	0.0	0.061917286	0.09235078	0.0	0.0	0.0	0.21545792	0.0	0.0	0.0	0.044185698	0.051245183	0.0	0.0	0.41468573	0.22982985	0.0	0.0	0.20847814	0.0	0.021428913	0.0	0.0	0.098643266	0.0	0.0	0.0	0.0	0.19131683	0.34618804	0.0	0.32805333	0.0	0.23790817	0.0	0.22447914	0.26535144	0.06526547	0.03332177	0.15174426	0.0	0.0	0.2375053	0.20174782	0.0	0.0050561633	0.09254205	0.22552049	0.0	0.0	0.0
0.15553795	0.0	0.31331792	0.0	0.0	0.009590848	0.011089771	0.0	0.0	0.30566072	0.0	0.22041227	0.0	0.0	0.031489443	0.21334319	0.0	0.0	0.0	0.0	0.0	0.0	0.015830828	0.0	0.0	0.16793269	0.0	0.3007622	0.0	0.0	0.0	0.09368644	0.11806303	0.0	0.3149272	0.0	0.18619192	0.0	0.0	0.18775602	0.24487853	0.0	0.35675856	0.0	0.0074870735	0.32688078	0.2812802	0.0	0.0	0.15666117	0.025752746	0.21307085	0.1587121	0.23534484	0.0	0.0	0.0	0.2642055	0.0	0.0	0.0	0.1690358	0.0	0.0	0.0	0.0	0.15589133	0.0	0.0	0.0	0.0	0.0	0.24593489	0.0	0.33555797	0.0	0.0	0.0	0.074496865	0.090201974	0.0	0.0	0.0	0.21475351	0.0	0.0	0.0	0.05112706	0.051751595	0.0	0.0	0.41152418	0.19306047	0.0	0.0	0.1901517	0.0	0.02617418	0.0	0.0	0.083562404	0.0	0.0	0.0	0.0	0.16029002	0.3319932	0.0	0.32615462	0.0	0.23849292	0.0	0.20876664	0.263302	0.09221878	0.035557847	0.17171125	0.0	0.0	0.25600246	0.20438094	0.0	0.0	0.0693229	0.2161541	0.0	0.0	0.0
0.13736418	0.0	0.30108368	0.0	0.0	0.009407693	0.00048156455	0.0	0.0	0.2560924	0.0	0.18781511	0.0	0.0	0.033694096	0.22252254	0.0	0.0	0.0	0.0	0.0	0.0	0.014402428	0.0	0.0	0.14480035	0.0	0.27221867	0.0	0.0	0.0	0.07997256	0.11033225	0.0	0.2850984	0.0	0.18718152	0.0	0.0	0.1838792	0.22383125	0.0	0.31852755	0.0	0.0	0.29785058	0.26466206	0.0	0.0	0.15861024	0.03198466	0.18224251	0.16408929	0.208923	0.0	0.0	0.0	0.24906175	0.0	0.0	0.0	0.16458593	0.0	0.0	0.0	0.0	0.157775	0.0	0.0	0.0	0.0	0.0	0.23041339	0.0	0.3050145	0.0	0.0	0.0	0.060468566	0.08324054	0.0	0.0	0.0	0.19173038	0.0	0.0	0.0	0.036325682	0.046613526	0.0	0.0	0.36535242	0.17185386	0.0	0.0	0.17407727	0.0	0.02717264	0.0	0.0	0.06412518	0.0	0.0	0.0	0.0	0.121038474	0.29781798	0.0	0.29271162	0.0	0.19779004	0.0	0.17074776	0.22017907	0.09351229	0.01677713	0.17105645	0.0	0.0	0.25443697	0.17421119	0.0	0.0	0.062094864	0.18797398	0.0	0.0	0.0
0.18196821	0.0	0.32321915	0.0	0.0	0.0050460263	0.010552429	0.0	0.0	0.33606422	0.0	0.25373888	0.0	0.0	0.033306163	0.24124135	0.0	0.0	0.0	0.0	0.0	0.0	0.02753	0.0	0.0	0.19195227	0.0	0.34434733	0.0	0.0	0.0	0.10646104	0.12479182	0.0	0.3363862	0.0	0.20123093	0.0	0.0	0.19660997	0.27785268	0.0	0.3918439	0.0	0.0	0.3463584	0.29843667	0.0	0.0	0.16850793	0.026219266	0.2233509	0.13435026	0.2591249	0.0	0.0	0.0	0.28954265	0.0	0.0	0.0	0.17860508	0.0	0.0063403226	0.0	0.0	0.1717984	0.0	0.0	0.0	0.0	0.0	0.25782034	0.0	0.35359892	0.0	0.0	0.0	0.08442762	0.10385612	0.0	0.0	0.0	0.25467858	0.0	0.0	0.0	0.08119715	0.036994774	0.0	0.0	0.48321882	0.19636141	0.0	0.0	0.2093528	0.0	0.039727267	0.0	0.0	0.084931284	0.0	0.0	0.0	0.0	0.186839	0.36871824	0.0	0.3391646	0.0	0.291972	0.0	0.24339958	0.31082904	0.118131585	0.06759634	0.17628483	0.0	0.0	0.26087776	0.2312273	0.0	0.0	0.08432568	0.24107619	0.0	0.0	0.0
0.13756108	0.0	0.30166754	0.0	0.0	0.010806743	0.0	0.0	0.0	0.277391	0.0	0.18925649	0.0	0.0	0.040359735	0.2117349	0.0	0.0	0.0	0.0	0.0	0.0	0.016541474	0.0	0.0	0.15666282	0.0	0.28528902	0.0	0.0	0.0	0.0717552	0.12428737	0.0	0.30065477	0.0	0.18353526	0.0	0.0	0.17539947	0.21176274	0.0	0.31919727	0.0	0.0017410194	0.31518105	0.2667427	0.0	0.0	0.15180601	0.02916683	0.1934911	0.16643654	0.22030973	0.0	0.0	0.0	0.2583068	0.0	0.0	0.0	0.16119462	0.0	0.0	0.0	0.0	0.14205441	0.0	0.0	0.0	0.0	0.0	0.24629855	0.0	0.31897736	0.0	0.0	0.0	0.05989945	0.07941391	0.0	0.0	0.0	0.18482661	0.0	0.0	0.0	0.036734864	0.04847531	0.0	0.0	0.36915836	0.19701587	0.0	0.0	0.1822465	0.0	0.027431577	0.0	0.0	0.07795177	0.0	0.0	0.0	0.0	0.14601745	0.31861103	0.0	0.30259487	0.0	0.20899564	0.0	0.17766339	0.22553253	0.079094134	0.023456091	0.1676662	0.0	0.0	0.24584897	0.17504656	0.0	0.003251807	0.08713796	0.19626574	0.0	0.0	0.0
0.1712809	0.0	0.3162423	0.0	0.0	0.019394228	0.0	0.0	0.0	0.32891726	0.0	0.26026013	0.0	0.0	0.03447106	0.24299495	0.0	0.0	0.0	0.0	0.0	0.0	0.028347189	0.0	0.0	0.20364416	0.0	0.33659446	0.0	0.0	0.0	0.09626309	0.13797057	0.0	0.33303118	0.0	0.19318175	0.0	0.0	0.1786142	0.2608468	0.0	0.3779272	0.0	0.0	0.3551632	0.3073773	0.0	0.0	0.15526949	0.026119016	0.21521096	0.13600647	0.2538527	0.0	0.0	0.0	0.28920507	0.0	0.0	0.0	0.18285418	0.0	0.0055391327	0.0	0.0	0.16008724	0.0	0.0	0.0	0.0	0.0	0.2626743	0.0	0.3754319	0.0	0.0	0.0	0.0885447	0.085961126	0.0	0.0	0.0	0.23927481	0.0	0.0	0.0	0.08873091	0.042003367	0.0	0.0	0.48445228	0.20004542	0.0	0.0	0.21001834	0.0	0.037555408	0.0	0.0	0.08156771	0.0	0.0	0.0	0.0	0.2041195	0.35924754	0.0	0.3307834	0.0	0.28506124	0.0	0.23861893	0.31087473	0.12531245	0.070406675	0.18605267	0.0	0.0	0.25593045	0.23391367	0.0	0.0	0.103642605	0.24263175	0.0	0.0	0.0
0.13487576	0.0	0.30439845	0.0	0.0	0.0075552943	0.026912883	0.0	0.0	0.28939033	0.0	0.1815124	0.0	0.0	0.039809454	0.20873106	0.0	0.0	0.0	0.0	0.0	0.0	0.01764852	0.0	0.0	0.17088418	0.0	0.2864357	0.0	0.0	0.0	0.08499517	0.11628149	0.0	0.29737023	0.0	0.19645989	0.0	0.0	0.17914133	0.23761801	0.0	0.32958674	0.0	0.010682114	0.3178233	0.273767	0.0	0.0	0.15440823	0.033740606	0.19848298	0.15888588	0.22832797	0.0	0.0	0.0	0.24181657	0.0	0.0	0.0	0.16885932	0.0	0.00539049	0.0	0.0	0.14184427	0.0	0.0	0.0	0.0	0.0	0.24270086	0.0	0.31274045	0.0	0.0	0.0	0.06847659	0.08961171	0.0	0.0	0.0	0.19947197	0.0	0.0	0.0	0.05486931	0.041625176	0.0	0.0	0.3972579	0.1689077	0.0	0.0	0.17117114	0.0	0.033833798	0.0	0.0	0.07068392	0.0	0.0	0.0	0.0	0.13275303	0.32498232	0.0	0.31062865	0.0	0.23468383	0.0	0.17867541	0.2382145	0.10088644	0.031793024	0.18501252	0.0	0.0	0.261366	0.1782763	0.0	0.006460259	0.072135635	0.20795296	0.0	0.0	0.0
0.23120733	0.0	0.34848717	0.0	0.0	0.0	0.0040114187	0.0	0.0	0.39841077	0.0	0.28459337	0.0	0.0	0.038174614	0.29985297	0.0	0.0	0.0	0.0	0.0	0.0	0.00936157	0.0	0.0	0.21294272	0.0	0.41558972	0.0	0.0	0.0	0.10645219	0.15566233	0.0	0.327929	0.0	0.23495318	0.0	0.0	0.21349663	0.29537204	0.0	0.47026113	0.0	0.0	0.3578335	0.2648873	0.0	0.0	0.21978736	0.0381301	0.23097575	0.103123635	0.28862137	0.0	0.0	0.0	0.31371933	0.0	0.0	0.0	0.18305649	0.0	0.026471704	0.0	0.0	0.2345761	0.0	0.0	0.0	0.0	0.0	0.27046618	0.0	0.36715806	0.0	0.0	0.0	0.1226539	0.106902204	0.0	0.0	0.0	0.29557368	0.0	0.0	0.0	0.15016392	0.00068305683	0.0	0.0	0.56340474	0.20046489	0.0	0.0	0.22646363	0.0	0.055307683	0.0	0.0	0.08006072	0.0	0.0	0.0	0.0	0.1600702	0.4449425	0.0	0.36562815	0.0	0.38615084	0.0	0.27402958	0.317696	0.19100903	0.11726078	0.21330011	0.0	0.0	0.2626936	0.23441428	0.0	0.004152693	0.066087835	0.24545538	0.0	0.0	0.0
0.20453852	0.0	0.32718232	0.0	0.0	0.0010120074	0.0010088446	0.0	0.0	0.34948906	0.0	0.26131776	0.0	0.0	0.026569689	0.25536045	0.0	0.0	0.0	0.0	0.0	0.0	0.006454993	0.0	0.0	0.18373258	0.0	0.35964623	0.0	0.0	0.0	0.10192055	0.13310067	0.0	0.32322708	0.0	0.210684	0.0	0.0	0.2072776	0.2687851	0.0	0.4115894	0.0	0.0	0.33564702	0.26535702	0.0	0.0	0.19051959	0.022719854	0.22839339	0.1345746	0.26845464	0.0	0.0	0.0	0.29980713	0.0	0.0	0.0	0.17348433	0.0	0.016551968	0.0	0.0	0.20285986	0.0	0.0	0.0	0.0	0.0	0.26186934	0.0	0.3556113	0.0	0.0	0.0	0.08708614	0.09987792	0.0	0.0	0.0	0.25216803	0.0	0.0	0.0	0.08875924	0.020023854	0.0	0.0	0.47618473	0.20539628	0.0	0.0	0.20576048	0.0	0.04171221	0.0	0.0	0.08976149	0.0	0.0	0.0	0.0	0.1652183	0.38403296	0.0	0.34436667	0.0	0.30203995	0.0	0.24886708	0.2898556	0.1241791	0.07171821	0.18004747	0.0	0.0	0.24902083	0.22742166	0.0	0.0011756705	0.079223745	0.23616898	0.0	0.0	0.0
0.21931453	0.016313938	0.33061144	0.0	0.0	0.02436205	0.0	0.0	0.0	0.35660362	0.0	0.22475694	0.0	0.0	0.023521235	0.34172788	0.0	0.0	0.0	0.0	0.0	0.0	0.01645395	0.0	0.0	0.27146545	0.0	0.38256	0.0	0.0	0.0	0.093642615	0.15334201	0.0	0.27198324	0.0	0.23208766	0.0	0.0	0.14731906	0.2831206	0.0	0.46567282	0.0	0.0	0.3741666	0.21532099	0.0	0.0	0.22593641	0.07374918	0.1820672	0.08409042	0.23446102	0.0	0.0	0.0	0.225985	0.0	0.0	0.0	0.1765085	0.0	0.013027717	0.0	0.0	0.21612997	0.0	0.0	0.0	0.0	0.0	0.27040836	0.0	0.32366678	0.0	0.0	0.0	0.15086628	0.10127423	0.0	0.0	0.0	0.26910338	0.0	0.0	0.0	0.21203674	0.0013814928	0.0	0.0	0.57690924	0.12341985	0.0	0.0	0.19233228	0.0	0.08237312	0.0	0.0	0.04294933	0.0	0.0	0.0	0.0	0.102404274	0.40582955	0.0	0.3086934	0.0	0.43017545	0.0	0.19943297	0.26602188	0.31479976	0.13147521	0.26206368	0.0	0.0	0.238862	0.1930061	0.0	0.0044402084	0.10498398	0.23333675	0.0	0.0	0.0
0.12137785	0.022991395	0.30798188	0.0	0.0	0.050417926	0.0	0.0	0.0	0.27168792	0.0	0.13694638	0.0	0.0	0.038811814	0.2531426	0.0	0.0	0.0	0.0	0.0	0.0	0.025080204	0.0	0.0	0.2632766	0.0	0.27823365	0.0	0.0	0.0	0.09138889	0.14390679	0.0	0.26299903	0.0	0.21565603	0.0	0.0	0.1370772	0.24317098	0.0	0.33757225	0.0	0.00566206	0.34397158	0.25691935	0.0	0.0	0.12648201	0.055705655	0.16328318	0.1410354	0.19723885	0.0	0.0	0.0	0.20107806	0.0	0.0	0.0	0.18207945	0.0	0.009653269	0.0	0.0	0.12988465	0.0	0.0	0.0	0.005079889	0.0	0.26349148	0.0	0.31966075	0.0	0.0	0.0	0.11052891	0.09190496	0.0	0.0	0.0	0.1920443	0.0	0.0	0.0	0.11735859	0.024623029	0.0	0.0	0.4399623	0.124136776	0.0	0.0	0.15988202	0.0	0.07942783	0.0	0.0	0.05749595	0.0	0.0	0.0	0.0	0.10580945	0.3340492	0.0	0.28995958	0.0	0.30025315	0.0	0.15005326	0.24585962	0.1984088	0.08937868	0.22669983	0.0	0.0	0.24763386	0.17227376	0.0	0.003311393	0.11307213	0.19882734	0.0	0.0	0.0
0.11932278	0.02386804	0.31186298	0.0	0.0	0.06424356	0.0	0.0	0.0	0.28696737	0.0	0.14302653	0.0	0.0	0.04625067	0.2556096	0.0	0.0	0.0	0.0	0.0	0.0	0.024364106	0.0	0.0	0.270023	0.0	0.28513408	0.0	0.0	0.0	0.09061596	0.15130705	0.0	0.27327654	0.0	0.22300486	0.0	0.0	0.13627301	0.24506962	0.0	0.34449872	0.0	0.0069293045	0.35284925	0.27194706	0.0	0.0	0.12616569	0.06105153	0.16254067	0.13955474	0.2072259	0.0	0.0	0.0	0.20644648	0.0	0.0	0.0	0.180683	0.0	0.009190648	0.0	0.0	0.12385168	0.0	0.0	0.0	0.0093482025	0.0	0.2669799	0.0	0.32960582	0.0	0.0	0.0	0.11195985	0.0995506	0.0	0.0	0.0	0.19659126	0.0	0.0	0.0	0.12989236	0.02951658	0.0	0.0	0.46094748	0.1257237	0.0	0.0	0.17205684	0.0	0.08162062	0.0	0.0	0.05988429	0.0	0.0	0.0	0.0	0.114400744	0.3465209	0.0	0.29293656	0.0	0.3155731	0.0	0.15963347	0.26630357	0.20474619	0.098261155	0.22646038	0.0	0.0	0.24906678	0.17474228	0.0	0.0	0.119268954	0.20454401	0.0	0.0	0.0
0.09568835	0.014301623	0.29895	0.0	0.0	0.05847991	0.0037892435	0.0	0.0	0.24067044	0.0	0.09016802	0.0	0.0	0.04823199	0.25086972	0.0	0.0	0.0	0.0	0.0	0.0	0.028231723	0.0	0.0	0.25217488	0.0	0.24996197	0.0	0.0	0.0	0.07613856	0.1487602	0.0	0.23048182	0.0	0.22686787	0.0	0.0	0.1318902	0.22127414	0.0	0.29427844	0.0	0.0056956247	0.32071534	0.2563988	0.0	0.0	0.12633155	0.0663937	0.1393954	0.14881311	0.18635403	0.0	0.0	0.0	0.18011831	0.0	0.0	0.0	0.17292885	0.0	0.008048699	0.0	0.0	0.113694526	0.0	0.0	0.0	0.009282612	0.0	0.25919503	0.0	0.29810837	0.0	0.0	0.0	0.096490115	0.09884293	0.0	0.0	0.0	0.16638964	0.0	0.0	0.0	0.111963175	0.024878053	0.0	0.0	0.40363595	0.098019056	0.0	0.0	0.14357911	0.0	0.08564509	0.0	0.0	0.041553333	0.0	0.0	0.0	0.0	0.07143269	0.32129833	0.0	0.27057686	0.0	0.27886972	0.0	0.11602286	0.21746564	0.19622035	0.081164174	0.23171966	0.0	0.0	0.25884736	0.14092155	0.0	0.0	0.08550447	0.17716222	0.0	0.0	0.0
0.14142676	0.007329129	0.29238424	0.0	0.0	0.035023734	0.0010596979	0.0	0.0	0.26025116	0.0	0.12148616	0.0	0.0	0.03337714	0.27815083	0.0	0.0	0.0	0.0	0.0	0.0	0.017905105	0.0	0.0	0.2527316	0.0	0.27903858	0.0	0.0	0.0	0.08198855	0.14421396	0.0	0.23954618	0.0	0.22162752	0.0	0.0	0.12990575	0.23294716	0.0	0.3391608	0.0	0.0	0.3270168	0.23345506	0.0	0.0	0.16022475	0.06533725	0.14549531	0.11964192	0.18776597	0.0	0.0	0.0	0.18543796	0.0	0.0	0.0	0.17324	0.0	0.010220878	0.0	0.0	0.14970402	0.0	0.0	0.0	0.0	0.0	0.2575538	0.0	0.29691076	0.0	0.0	0.0	0.100005	0.092922896	0.0	0.0	0.0	0.18834247	0.0	0.0	0.0	0.1282507	0.00815225	0.0	0.0	0.43568453	0.10991944	0.0	0.0	0.1527885	0.0	0.08422343	0.0	0.0	0.040220704	0.0	0.0	0.0	0.0	0.07021532	0.33314887	0.0	0.27511653	0.0	0.31131646	0.0	0.13468724	0.21652032	0.21546131	0.09238394	0.23356342	0.0	0.0	0.24530275	0.15480302	0.0	0.0014723247	0.08258634	0.18478687	0.0	0.0	0.0
0.109633975	0.00300977	0.2918856	0.0	0.0	0.04729876	0.00594735	0.0	0.0	0.23522608	0.0	0.100668065	0.0	0.0	0.038204618	0.2605114	0.0	0.0	0.0	0.0	0.0	0.0	0.028672025	0.0	0.0	0.23966865	0.0	0.25491074	0.0	0.0	0.0	0.07776109	0.14336652	0.0	0.23297648	0.0	0.22341572	0.0	0.0	0.13903692	0.2249852	0.0	0.2999353	0.0	0.0	0.3175424	0.24942712	0.0	0.0	0.13825883	0.06337857	0.1416471	0.13772275	0.18187475	0.0	0.0	0.0	0.1880483	0.0	0.0	0.0	0.17632432	0.0	0.008984254	0.0	0.0	0.13000278	0.0	0.0	0.0	0.0029664598	0.0	0.25228164	0.0	0.29468998	0.0	0.0	0.0	0.092676766	0.09356431	0.0	0.0	0.0	0.17361712	0.0	0.0	0.0	0.107652046	0.021159425	0.0	0.0	0.40152422	0.10194093	0.0	0.0	0.14210181	0.0	0.08192898	0.0	0.0	0.037694454	0.0	0.0	0.0	0.0	0.07077823	0.31446657	0.0	0.2713512	0.0	0.27259648	0.0	0.12098966	0.21507399	0.19357203	0.07819865	0.22853053	0.0	0.0	0.25810897	0.1471342	0.0	0.0	0.0773696	0.1778872	0.0	0.0	0.0
0.08895736	0.022140304	0.30485544	0.0	0.0	0.05968444	0.0	0.0	0.0	0.25504956	0.0	0.09811008	0.0	0.0	0.0495676	0.2367047	0.0	0.0	0.0	0.0	0.0	0.0	0.024664277	0.0	0.0	0.25530663	0.0	0.25472856	0.0	0.0	0.0	0.0742984	0.1480828	0.0	0.24300067	0.0	0.21764128	0.0	0.0	0.12876123	0.21443026	0.0	0.2976413	0.0	0.00878321	0.3323964	0.26105878	0.0	0.0	0.11630368	0.060761083	0.14546613	0.15555944	0.18942834	0.0	0.0	0.0	0.18513341	0.0	0.0	0.0	0.17401634	0.0	0.0021361571	0.0	0.0	0.10437477	0.0	0.0	0.0	0.0110351555	0.0	0.26009104	0.0	0.30496535	0.0	0.0	0.0	0.104263954	0.09337453	0.0	0.0	0.0	0.16292503	0.0	0.0	0.0	0.10628704	0.029688051	0.0	0.0	0.40861475	0.11093544	0.0	0.0	0.15107809	0.0	0.07758375	0.0	0.0	0.052930187	0.0	0.0	0.0	0.0	0.08979961	0.3209211	0.0	0.2765952	0.0	0.278384	0.0	0.11847063	0.21947086	0.18777813	0.079179764	0.2253319	0.0	0.0	0.2518554	0.1471905	0.0	0.0013654884	0.10271901	0.18311483	0.0	0.0	0.0
0.1173388	0.018452367	0.31289402	0.0	0.0	0.05117907	0.0	0.0	0.0	0.27762696	0.0	0.14225076	0.0	0.0	0.043530673	0.2437778	0.0	0.0	0.0	0.0	0.0	0.0	0.028421173	0.0	0.0	0.26214018	0.0	0.27676067	0.0	0.0	0.0	0.09022045	0.14753056	0.0	0.2729746	0.0	0.21094818	0.0	0.0	0.13747977	0.23890035	0.0	0.3347195	0.0	0.0076182694	0.3490053	0.26676878	0.0	0.0	0.11926627	0.05222858	0.16839087	0.14773823	0.20096882	0.0	0.0	0.0	0.20866375	0.0	0.0	0.0	0.18064682	0.0	0.0049829534	0.0	0.0	0.12162203	0.0	0.0	0.0	0.007942278	0.0	0.26727045	0.0	0.3263421	0.0	0.0	0.0	0.10751426	0.094559334	0.0	0.0	0.0	0.18860304	0.0	0.0	0.0	0.1115784	0.031083703	0.0	0.0	0.4371191	0.13047661	0.0	0.0	0.16529377	0.0	0.07964299	0.0	0.0	0.06621684	0.0	0.0	0.0	0.0	0.1165159	0.33718047	0.0	0.2926545	0.0	0.29494688	0.0	0.15899278	0.25534984	0.1845857	0.08774856	0.21799381	0.0	0.0	0.24834214	0.17494814	0.0	0.0002204484	0.11457398	0.1977223	0.0	0.0	0.0
0.14806145	0.013691294	0.30981293	0.0	0.0	0.030950047	0.0	0.0	0.0	0.30172673	0.0	0.15904137	0.0	0.0	0.03766573	0.28459314	0.0	0.0	0.0	0.0	0.0	0.0	0.00979554	0.0	0.0	0.25978285	0.0	0.31420517	0.0	0.0	0.0	0.08942851	0.14899337	0.0	0.2522072	0.0	0.21731341	0.0	0.0	0.14403927	0.25706992	0.0	0.38290873	0.0	0.0006457244	0.3476757	0.23606093	0.0	0.0	0.15917921	0.062459927	0.16068389	0.11412386	0.20513545	0.0	0.0	0.0	0.20342779	0.0	0.0	0.0	0.18049924	0.0	0.015044369	0.0	0.0	0.16304365	0.0	0.0	0.0	0.0	0.0	0.26378408	0.0	0.31645367	0.0	0.0	0.0	0.13054915	0.10070851	0.0	0.0	0.0	0.20521884	0.0	0.0	0.0	0.1386597	0.010560065	0.0	0.0	0.4820788	0.12561926	0.0	0.0	0.17523186	0.0	0.07296745	0.0	0.0	0.0519587	0.0	0.0	0.0	0.0	0.093459465	0.36118898	0.0	0.29563928	0.0	0.33980784	0.0	0.17137706	0.24619722	0.22316332	0.110521995	0.23254067	0.0	0.0	0.24537362	0.17169838	0.0	0.0	0.105074205	0.20368339	0.0	0.0	0.0
0.13194571	0.012779266	0.3152839	0.0	0.0	0.03943127	0.0	0.0	0.0	0.28301513	0.0	0.13326883	0.0	0.0	0.04897374	0.2541741	0.0	0.0	0.0	0.0	0.0	0.0	0.024707943	0.0	0.0	0.26197267	0.0	0.27373183	0.0	0.0	0.0	0.09208194	0.13915604	0.0	0.2597928	0.0	0.21146195	0.0	0.0	0.13719286	0.24418862	0.0	0.34290114	0.0	0.0015306039	0.3399404	0.25796655	0.0	0.0	0.13279183	0.043297637	0.1712681	0.13643844	0.20130329	0.0	0.0	0.0	0.18994582	0.0	0.0	0.0	0.17506067	0.0	0.010952428	0.0	0.0	0.13176645	0.0	0.0	0.0	0.0002269422	0.0	0.26107666	0.0	0.3087655	0.0	0.0	0.0	0.110816896	0.09022617	0.0	0.0	0.0	0.18351674	0.0	0.0	0.0	0.121626616	0.017466016	0.0	0.0	0.437924	0.12779798	0.0	0.0	0.16470079	0.0	0.08211521	0.0	0.0	0.059185814	0.0	0.0	0.0	0.0	0.096595444	0.34219757	0.0	0.299893	0.0	0.30884114	0.0	0.14950371	0.24526896	0.20006406	0.09142932	0.22764552	0.0	0.0	0.25536755	0.16915321	0.0	0.0	0.09019915	0.19588728	0.0	0.0	0.0
0.09395362	0.02435069	0.30298707	0.0	0.0	0.056143273	0.0	0.0	0.0	0.2524687	0.0	0.09849802	0.0	0.0	0.040816247	0.24273516	0.0	0.0	0.0	0.0	0.0	0.0	0.023167001	0.0	0.0	0.2622796	0.0	0.25128028	0.0	0.0	0.0	0.08058105	0.14459325	0.0	0.23892947	0.0	0.2192731	0.0	0.0	0.13190986	0.22812659	0.0	0.30619538	0.0	0.0049293526	0.3310139	0.25116917	0.0	0.0	0.11513526	0.057012394	0.14954259	0.14827345	0.18403344	0.0	0.0	0.0	0.17560685	0.0	0.0	0.0	0.17756295	0.0	0.008266959	0.0	0.0	0.11214403	0.0	0.0	0.0	0.005764276	0.0	0.25900736	0.0	0.30224827	0.0	0.0	0.0	0.11183804	0.09154817	0.0	0.0	0.0	0.16604917	0.0	0.0	0.0	0.10906556	0.021498404	0.0	0.0	0.4105803	0.10813526	0.0	0.0	0.1421603	0.0	0.078526594	0.0	0.0	0.04827821	0.0	0.0	0.0	0.0	0.085633576	0.3205255	0.0	0.28183526	0.0	0.28467384	0.0	0.11786842	0.22117782	0.19645853	0.08465868	0.22903855	0.0	0.0	0.25292215	0.15259439	0.0	0.002768575	0.101918764	0.18794207	0.0	0.0	0.0
0.10355308	0.022891223	0.30934867	0.0	0.0	0.058895305	0.0	0.0	0.0	0.27130666	0.0	0.12803543	0.0	0.0	0.047488034	0.24402691	0.0	0.0	0.0	0.0	0.0	0.0	0.027502568	0.0	0.0	0.26067767	0.0	0.27101603	0.0	0.0	0.0	0.08597678	0.14900182	0.0	0.26316229	0.0	0.21664746	0.0	0.0	0.13467185	0.22942054	0.0	0.3219118	0.0	0.007535106	0.34587082	0.26904947	0.0	0.0	0.118256845	0.058231484	0.15810005	0.14874083	0.19818015	0.0	0.0	0.0	0.20157981	0.0	0.0	0.0	0.17754559	0.0	0.00577932	0.0	0.0	0.11521756	0.0	0.0	0.0	0.010263973	0.0	0.26436615	0.0	0.32209373	0.0	0.0	0.0	0.10903723	0.09421078	0.0	0.0	0.0	0.17861646	0.0	0.0	0.0	0.112892	0.031515613	0.0	0.0	0.4327401	0.1253284	0.0	0.0	0.16330218	0.0	0.078443885	0.0	0.0	0.06176935	0.0	0.0	0.0	0.0	0.10776514	0.33287147	0.0	0.2862281	0.0	0.29359707	0.0	0.14512472	0.24515148	0.18902527	0.08671216	0.21967785	0.0	0.0	0.24853419	0.16485348	0.0	0.0	0.1156468	0.19304518	0.0	0.0	0.0
0.09582015	0.021710746	0.30373454	0.0	0.0	0.05982564	0.0	0.0	0.0	0.25698212	0.0	0.11222232	0.0	0.0	0.046596024	0.24619804	0.0	0.0	0.0	0.0	0.0	0.0	0.026059726	0.0	0.0	0.26207116	0.0	0.2616696	0.0	0.0	0.0	0.07806283	0.15085126	0.0	0.25162983	0.0	0.21893989	0.0	0.0	0.12863941	0.21960847	0.0	0.3074637	0.0	0.007373599	0.33992875	0.2645171	0.0	0.0	0.117626764	0.06336679	0.14712517	0.14868017	0.1918544	0.0	0.0	0.0	0.1941355	0.0	0.0	0.0	0.1764365	0.0	0.0044352426	0.0	0.0	0.110029615	0.0	0.0	0.0	0.009440161	0.0	0.261911	0.0	0.31706533	0.0	0.0	0.0	0.10515705	0.09048244	0.0	0.0	0.0	0.17002344	0.0	0.0	0.0	0.11446532	0.027879143	0.0	0.0	0.4209745	0.115492284	0.0	0.0	0.15705186	0.0	0.08118795	0.0	0.0	0.05525598	0.0	0.0	0.0	0.0	0.09518602	0.32729372	0.0	0.27695334	0.0	0.28630364	0.0	0.1333629	0.23168994	0.19132908	0.08452503	0.22493832	0.0	0.0	0.24967806	0.15141852	0.0	0.0	0.113345385	0.18628852	0.0	0.0	0.0
0.098802686	0.021286732	0.30551973	0.0	0.0	0.05358236	0.0	0.0	0.0	0.27059218	0.0	0.11916679	0.0	0.0	0.05245884	0.2340522	0.0	0.0	0.0	0.0	0.0	0.0	0.022194758	0.0	0.0	0.25151792	0.0	0.26235914	0.0	0.0	0.0	0.078695975	0.14521617	0.0	0.25318825	0.0	0.2110645	0.0	0.0	0.13256063	0.22216173	0.0	0.3131807	0.0	0.004515119	0.33660546	0.2629443	0.0	0.0	0.12116218	0.055628493	0.15708853	0.15141127	0.19358563	0.0	0.0	0.0	0.191949	0.0	0.0	0.0	0.17253383	0.0	0.0042612418	0.0	0.0	0.10972146	0.0	0.0	0.0	0.0057254373	0.0	0.25912094	0.0	0.31382105	0.0	0.0	0.0	0.1084385	0.092091225	0.0	0.0	0.0	0.17207755	0.0	0.0	0.0	0.10747256	0.032866564	0.0	0.0	0.42136207	0.12318257	0.0	0.0	0.15551756	0.0	0.072375804	0.0	0.0	0.05496509	0.0	0.0	0.0	0.0	0.09916196	0.32536742	0.0	0.28765678	0.0	0.28604594	0.0	0.13374792	0.22865184	0.18371964	0.07713586	0.2250201	0.0	0.0	0.25027433	0.1540911	0.0	2.2055581e-05	0.1061837	0.19308011	0.0	0.0	0.0
0.09179109	0.01981221	0.30169126	0.0	0.0	0.055072337	0.0	0.0	0.0	0.25907454	0.0	0.11687147	0.0	0.0	0.047848538	0.23880713	0.0	0.0	0.0	0.0	0.0	0.0	0.023928309	0.0	0.0	0.25089973	0.0	0.259104	0.0	0.0	0.0	0.07597941	0.14729138	0.0	0.25134078	0.0	0.21109824	0.0	0.0	0.13147026	0.21698467	0.0	0.3063089	0.0	0.0060633854	0.33565232	0.2637571	0.0	0.0	0.11628773	0.057915565	0.14976472	0.1526985	0.1881936	0.0	0.0	0.0	0.1893106	0.0	0.0	0.0	0.17308746	0.0	0.0018529532	0.0	0.0	0.10925978	0.0	0.0	0.0	0.0055642747	0.0	0.25666553	0.0	0.3148322	0.0	0.0	0.0	0.107020415	0.08547922	0.0	0.0	0.0	0.16457628	0.0	0.0	0.0	0.105320625	0.030482553	0.0	0.0	0.41416988	0.12195024	0.0	0.0	0.15551351	0.0	0.073329486	0.0	0.0	0.052488282	0.0	0.0	0.0	0.0	0.09506784	0.32032967	0.0	0.28182492	0.0	0.27630958	0.0	0.12889683	0.22622591	0.1859573	0.077877164	0.22369194	0.0	0.0	0.24584134	0.15228428	0.0	0.0014783411	0.10914651	0.18974416	0.0	0.0	0.0
0.100848295	0.022621982	0.30618834	0.0	0.0	0.056618486	0.0	0.0	0.0	0.2543204	0.0	0.11191302	0.0	0.0	0.041899566	0.2465797	0.0	0.0	0.0	0.0	0.0	0.0	0.028594872	0.0	0.0	0.2638428	0.0	0.26242152	0.0	0.0	0.0	0.08185239	0.15046345	0.0	0.25172532	0.0	0.2209117	0.0	0.0	0.131787	0.22812168	0.0	0.30817404	0.0	0.008127323	0.34038606	0.26342556	0.0	0.0	0.115349114	0.058051746	0.14966124	0.14906994	0.19138546	0.0	0.0	0.0	0.19495715	0.0	0.0	0.0	0.1803571	0.0	0.007461609	0.0	0.0	0.11254319	0.0	0.0	0.0	0.011995193	0.0	0.26726973	0.0	0.31636497	0.0	0.0	0.0	0.10294884	0.09312108	0.0	0.0	0.0	0.17204964	0.0	0.0	0.0	0.10810668	0.02619269	0.0	0.0	0.41689014	0.117492415	0.0	0.0	0.15480691	0.0	0.08280014	0.0	0.0	0.058261957	0.0	0.0	0.0	0.0	0.0935292	0.3273837	0.0	0.2780825	0.0	0.28281596	0.0	0.13343441	0.23181169	0.18907303	0.08629791	0.22213566	0.0	0.0	0.2508134	0.15788166	0.0	0.0	0.11166034	0.18519503	0.0	0.0	0.0
0.11251817	0.021439964	0.31499672	0.0	0.0	0.05915755	0.0	0.0	0.0	0.28391114	0.0	0.1403728	0.0	0.0	0.050272405	0.24154735	0.0	0.0	0.0	0.0	0.0	0.0	0.026642382	0.0	0.0	0.26539794	0.0	0.27818146	0.0	0.0	0.0	0.09188243	0.14698155	0.0	0.2715838	0.0	0.215873	0.0	0.0	0.13756222	0.24381793	0.0	0.3349627	0.0	0.008189446	0.34940657	0.27210864	0.0	0.0	0.117011465	0.052285504	0.16680925	0.14588661	0.20495647	0.0	0.0	0.0	0.20484914	0.0	0.0	0.0	0.17962779	0.0	0.007590736	0.0	0.0	0.11770764	0.0	0.0	0.0	0.008937578	0.0	0.26451048	0.0	0.32536545	0.0	0.0	0.0	0.113960385	0.09712299	0.0	0.0	0.0	0.18762432	0.0	0.0	0.0	0.116216086	0.031491596	0.0	0.0	0.44786707	0.12930228	0.0	0.0	0.16697906	0.0	0.07825861	0.0	0.0	0.06229839	0.0	0.0	0.0	0.0	0.11823088	0.34217644	0.0	0.29614183	0.0	0.30337647	0.0	0.158666	0.261106	0.19247808	0.09121079	0.22156219	0.0	0.0	0.24890411	0.1740035	0.0	0.00093584694	0.11837413	0.20224269	0.0	0.0	0.0
0.21870048	0.013273549	0.32440588	0.0	0.0	0.015965784	0.0	0.0	0.0	0.3289872	0.0	0.20162018	0.0	0.0	0.012808417	0.3374108	0.0	0.0	0.0	0.0	0.0	0.0	0.01476963	0.0	0.0	0.26738635	0.0	0.36185694	0.0	0.0	0.0	0.090497695	0.14768535	0.0	0.25856254	0.0	0.23170595	0.0	0.0	0.14561263	0.27874103	0.0	0.44252577	0.0	0.0	0.36268982	0.20221804	0.0	0.0	0.22197199	0.06609888	0.17377007	0.08702878	0.21820022	0.0	0.0	0.0	0.2177399	0.0	0.0	0.0	0.18236798	0.0	0.013823661	0.0	0.0	0.21853967	0.0	0.0	0.0	0.0	0.0	0.27161166	0.0	0.30794606	0.0	0.0	0.0	0.1377974	0.09325889	0.0	0.0	0.0	0.25645718	0.0	0.0	0.0	0.18969573	0.0	0.0	0.0	0.5395525	0.11890005	0.0	0.0	0.17442973	0.0	0.08430018	0.0	0.0	0.042225223	0.0	0.0	0.0	0.0	0.08302157	0.38841787	0.0	0.29612735	0.0	0.40499368	0.0	0.18352175	0.23872511	0.29936984	0.12122377	0.25316486	0.0	0.0	0.24014783	0.18535088	0.0	0.004333321	0.09427916	0.21914315	0.0	0.0	0.0
0.090402536	0.024339704	0.30439153	0.0	0.0	0.056129366	0.0	0.0	0.0	0.24729097	0.0	0.09111523	0.0	0.0	0.04310557	0.23746777	0.0	0.0	0.0	0.0	0.0	0.0	0.028449675	0.0	0.0	0.25712726	0.0	0.24850397	0.0	0.0	0.0	0.078623086	0.14467235	0.0	0.23728211	0.0	0.21849322	0.0	0.0	0.12648973	0.21801181	0.0	0.294625	0.0	0.0053855493	0.33180955	0.2509929	0.0	0.0	0.11510378	0.061629016	0.15064812	0.15868933	0.18551458	0.0	0.0	0.0	0.17977375	0.0	0.0	0.0	0.17357688	0.0	0.0024809178	0.0	0.0	0.10479494	0.0	0.0	0.0	0.00786981	0.0	0.25787124	0.0	0.29699752	0.0	0.0	0.0	0.10341511	0.08964569	0.0	0.0	0.0	0.162686	0.0	0.0	0.0	0.10659432	0.029745638	0.0	0.0	0.40149912	0.10525476	0.0	0.0	0.14205264	0.0	0.08074292	0.0	0.0	0.047524106	0.0	0.0	0.0	0.0	0.083924115	0.31806687	0.0	0.27698386	0.0	0.27671555	0.0	0.11191964	0.21712893	0.1934564	0.07801085	0.23074274	0.0	0.0	0.2523642	0.14494826	0.0	0.003944484	0.10018596	0.18295746	0.0	0.0	0.0
0.102355845	0.022511445	0.30882812	0.0	0.0	0.059358437	0.0	0.0	0.0	0.27097705	0.0	0.12412181	0.0	0.0	0.04661003	0.24274285	0.0	0.0	0.0	0.0	0.0	0.0	0.0263614	0.0	0.0	0.2655389	0.0	0.26858214	0.0	0.0	0.0	0.087426	0.1477377	0.0	0.26226577	0.0	0.21725924	0.0	0.0	0.13529226	0.2341425	0.0	0.32143232	0.0	0.0057329894	0.3455429	0.2662326	0.0	0.0	0.11491489	0.05751927	0.15950967	0.14840023	0.1992737	0.0	0.0	0.0	0.20148598	0.0	0.0	0.0	0.18151157	0.0	0.005986806	0.0	0.0	0.113939166	0.0	0.0	0.0	0.008645964	0.0	0.26456863	0.0	0.32110918	0.0	0.0	0.0	0.11037918	0.09414586	0.0	0.0	0.0	0.17921059	0.0	0.0	0.0	0.114154	0.029124143	0.0	0.0	0.4323887	0.12337474	0.0	0.0	0.16002685	0.0	0.07949876	0.0	0.0	0.06023347	0.0	0.0	0.0	0.0	0.10709065	0.33501077	0.0	0.28761438	0.0	0.29563597	0.0	0.14596045	0.24729387	0.18757002	0.08960723	0.22223873	0.0	0.0	0.25148562	0.16479097	0.0	0.00024784543	0.118226446	0.19651489	0.0	0.0	0.0
0.10897406	0.025000839	0.30450696	0.0	0.0	0.05893205	0.0	0.0	0.0	0.28059563	0.0	0.112423986	0.0	0.0	0.05097295	0.24004775	0.0	0.0	0.0	0.0	0.0	0.0	0.015072937	0.0	0.0	0.2579429	0.0	0.2678188	0.0	0.0	0.0	0.08687853	0.13947617	0.0	0.24519296	0.0	0.21356826	0.0	0.0	0.13362265	0.23512566	0.0	0.32837784	0.0	0.0029245068	0.3365836	0.25040886	0.0	0.0	0.1298271	0.062278003	0.16073458	0.14266104	0.1966241	0.0	0.0	0.0	0.17868431	0.0	0.0	0.0	0.1723439	0.0	0.007042151	0.0	0.0	0.11321107	0.0	0.0	0.0	0.0026131037	0.0	0.25688604	0.0	0.30449376	0.0	0.0	0.0	0.11622188	0.099423386	0.0	0.0	0.0	0.1811624	0.0	0.0	0.0	0.12417078	0.028223595	0.0	0.0	0.4364047	0.11509317	0.0	0.0	0.15155864	0.0	0.07209175	0.0	0.0	0.046586636	0.0	0.0	0.0	0.0	0.09647415	0.33391038	0.0	0.292384	0.0	0.30835798	0.0	0.13222915	0.23158646	0.20279664	0.08751005	0.23787872	0.0	0.0	0.25476107	0.15436392	0.0	0.0035651524	0.09534667	0.20410258	0.0	0.0	0.0
0.098072074	0.024692856	0.3086342	0.0	0.0	0.064674236	0.0	0.0	0.0	0.26972356	0.0	0.11542085	0.0	0.0	0.051459182	0.23995817	0.0	0.0	0.0	0.0	0.0	0.0	0.025910264	0.0	0.0	0.26590064	0.0	0.26485252	0.0	0.0	0.0	0.082171686	0.14814506	0.0	0.25662994	0.0	0.21926506	0.0	0.0	0.1306327	0.22498088	0.0	0.3138757	0.0	0.0077998326	0.3418921	0.26673654	0.0	0.0	0.11506439	0.061888456	0.15168317	0.15062906	0.19935326	0.0	0.0	0.0	0.19418287	0.0	0.0	0.0	0.17745787	0.0	0.0041326717	0.0	0.0	0.109862566	0.0	0.0	0.0	0.010841972	0.0	0.26252416	0.0	0.31708026	0.0	0.0	0.0	0.107716985	0.095587075	0.0	0.0	0.0	0.17634279	0.0	0.0	0.0	0.11628461	0.031809412	0.0	0.0	0.43013844	0.11804932	0.0	0.0	0.15895857	0.0	0.079883315	0.0	0.0	0.05774877	0.0	0.0	0.0	0.0	0.1055187	0.3327683	0.0	0.2836702	0.0	0.29528394	0.0	0.13648956	0.24004059	0.19213551	0.08732819	0.22417468	0.0	0.0	0.24969478	0.15766622	0.0	0.002096235	0.11613504	0.19366896	0.0	0.0	0.0
0.17082226	0.01981282	0.3157165	0.0	0.0	0.037336763	0.0	0.0	0.0	0.28404185	0.0	0.15474816	0.0	0.0	0.025862107	0.3032888	0.0	0.0	0.0	0.0	0.0	0.0	0.019725	0.0	0.0	0.27540198	0.0	0.31441808	0.0	0.0	0.0	0.099633984	0.14759071	0.0	0.2606604	0.0	0.23493831	0.0	0.0	0.13412313	0.26267016	0.0	0.38482746	0.0	0.0006333105	0.35059226	0.23525758	0.0	0.0	0.17130888	0.060934424	0.16476835	0.113323785	0.20118028	0.0	0.0	0.0	0.20540655	0.0	0.0	0.0	0.1838811	0.0	0.019438976	0.0	0.0	0.17287052	0.0	0.0	0.0	0.0	0.0	0.2727702	0.0	0.30855596	0.0	0.0	0.0	0.115623325	0.09719833	0.0	0.0	0.0	0.21963741	0.0	0.0	0.0	0.15124877	0.0044952123	0.0	0.0	0.48950508	0.112959	0.0	0.0	0.16529955	0.0	0.0975612	0.0	0.0	0.04869688	0.0	0.0	0.0	0.0	0.082893595	0.36520672	0.0	0.28540537	0.0	0.351511	0.0	0.16324641	0.25155076	0.25102305	0.10949526	0.23764813	0.0	0.0	0.24552011	0.17737551	0.0	0.00031478144	0.09699053	0.1969649	0.0	0.0	0.0
0.09063993	0.021276148	0.29924092	0.0	0.0	0.0607093	0.0	0.0	0.0	0.23830651	0.0	0.090529375	0.0	0.0	0.03746013	0.24891365	0.0	0.0	0.0	0.0	0.0	0.0	0.027436724	0.0	0.0	0.2529307	0.0	0.25287187	0.0	0.0	0.0	0.07635894	0.14684443	0.0	0.22736877	0.0	0.22850461	0.0	0.0	0.13315366	0.22052564	0.0	0.2959071	0.0	0.005056149	0.32168132	0.26047888	0.0	0.0	0.11715078	0.06800434	0.13822003	0.1523092	0.1904347	0.0	0.0	0.0	0.18006022	0.0	0.0	0.0	0.17599963	0.0	0.010105557	0.0	0.0	0.11167034	0.0	0.0	0.0	0.012550072	0.0	0.26231524	0.0	0.29916576	0.0	0.0	0.0	0.099189274	0.09415092	0.0	0.0	0.0	0.16336977	0.0	0.0	0.0	0.10634158	0.027415952	0.0	0.0	0.39966628	0.09623488	0.0	0.0	0.14334862	0.0	0.07941608	0.0	0.0	0.04715282	0.0	0.0	0.0	0.0	0.07051988	0.32254535	0.0	0.26418132	0.0	0.27074885	0.0	0.111334056	0.21611078	0.19665529	0.07793031	0.22567141	0.0	0.0	0.2585778	0.14261872	0.0	0.0	0.09307543	0.17416255	0.0	0.0	0.0
0.09186088	0.019241093	0.3004589	0.0	0.0	0.05303442	0.0	0.0	0.0	0.25512996	0.0	0.10125291	0.0	0.0	0.048821878	0.23572648	0.0	0.0	0.0	0.0	0.0	0.0	0.020292027	0.0	0.0	0.24906768	0.0	0.2553606	0.0	0.0	0.0	0.07666477	0.14360516	0.0	0.23967707	0.0	0.21250306	0.0	0.0	0.13200107	0.21900876	0.0	0.30397293	0.0	0.0047659227	0.3279003	0.25425026	0.0	0.0	0.120885216	0.059354853	0.1491976	0.15410857	0.18946005	0.0	0.0	0.0	0.18120272	0.0	0.0	0.0	0.17350589	0.0	0.003403034	0.0	0.0	0.10895083	0.0	0.0	0.0	0.004189465	0.0	0.2557442	0.0	0.3022648	0.0	0.0	0.0	0.10945023	0.09250379	0.0	0.0	0.0	0.16264611	0.0	0.0	0.0	0.10691148	0.02851534	0.0	0.0	0.40976226	0.113730825	0.0	0.0	0.1475871	0.0	0.07205685	0.0	0.0	0.04703137	0.0	0.0	0.0	0.0	0.0873585	0.32090443	0.0	0.28377727	0.0	0.2796484	0.0	0.12066254	0.21649128	0.18762256	0.076240115	0.23158294	0.0	0.0	0.25337994	0.14619353	0.0	0.0010520475	0.09749945	0.18844454	0.0	0.0	0.0
0.18774551	0.0	0.327906	0.0	0.0	0.014690747	0.016696662	0.0	0.0	0.35455045	0.0	0.2577813	0.0	0.0	0.04806259	0.20154966	0.0	0.0	0.0	0.0	0.0	0.0	0.008933215	0.0	0.0	0.1664024	0.0	0.33809707	0.0	0.0	0.0	0.09711897	0.12800843	0.0	0.35026053	0.0	0.20256998	0.0	0.0	0.19831927	0.25556663	0.0	0.38335267	0.0	0.010363143	0.33508924	0.29241505	0.0	0.0	0.17428045	0.020016214	0.24537669	0.16518264	0.27476677	0.0	0.0	0.0	0.30412808	0.0	0.0	0.0	0.16307014	0.0	0.0047968053	0.0	0.0	0.16423388	0.0	0.0	0.0	0.0	0.0	0.26662245	0.0	0.35363337	0.0	0.0	0.0	0.06309375	0.097296715	0.0	0.0	0.0	0.24086504	0.0	0.0	0.0	0.056088682	0.052334208	0.0	0.0	0.4438878	0.22456343	0.0	0.0	0.20536159	0.0	0.032400746	0.0	0.0	0.100611545	0.0	0.0	0.0	0.0	0.19902058	0.3715099	0.0	0.35307267	0.0	0.26650405	0.0	0.24628691	0.29992107	0.075207345	0.042409163	0.1634385	0.0	0.0	0.24755748	0.22661074	0.0	0.008696764	0.076098196	0.24008405	0.0	0.0	0.0
0.11006665	0.0	0.378817	0.0	0.0	0.04176739	0.056239855	0.0	0.0	0.406859	0.0	0.203229	0.0	0.0	0.13099195	0.12803905	0.0	0.0	0.0	0.0	0.0	0.0	0.023069384	0.0	0.0	0.21725182	0.0	0.28576612	0.0	0.0	0.0	0.077484496	0.15674351	0.0	0.34681895	0.0	0.24441016	0.0	0.0	0.16119947	0.22734565	0.0038387785	0.3160719	0.0	0.023292035	0.36723033	0.35068536	0.0	0.0	0.11883181	0.03412217	0.26289943	0.20370193	0.31280252	0.0	0.0	0.0	0.2852316	0.0	0.0	0.0	0.1444437	0.0	0.0136548355	0.0	0.0	0.06045842	0.0	0.0	0.0	0.0135346325	0.0	0.31748843	0.0	0.37906286	0.0	0.008609563	0.0	0.12366205	0.079435	0.031674724	0.0	0.0	0.19863044	0.0012827665	0.0	0.0	0.069871716	0.09461174	0.0	0.0	0.45725283	0.21080893	0.0	0.0	0.18264113	0.0	0.04494581	0.0	0.0	0.09165964	0.0	0.0	0.0	0.0	0.19617517	0.390836	0.0	0.3596854	0.0	0.28905874	0.0	0.21661614	0.31823358	0.07941831	0.071547	0.18938167	0.0	0.0	0.26694545	0.19485669	0.0	0.02138109	0.119942136	0.24568914	0.0	0.0	0.0
0.055500478	0.0	0.26111096	0.0	0.0	0.00079345953	0.015837962	0.0	0.0	0.093768634	0.0	0.0	0.0	0.0	0.021112084	0.2637212	0.0	0.0	0.0	0.0	0.0	0.0	0.05380975	0.0	0.0	0.22206628	0.0	0.17397268	0.0	0.0	0.0	0.007707026	0.1794837	0.0	0.14992338	0.0	0.25963748	0.0	0.0	0.06770765	0.086671494	0.0073749684	0.1463324	0.0	0.0030253816	0.20297332	0.21151297	0.0	0.0	0.12294843	0.06847554	0.053413946	0.21468605	0.1290624	0.0	0.0	0.0	0.17530377	0.0	0.0	0.0	0.14352904	0.0	0.0010645998	0.0	0.0	0.13650614	0.0076714847	0.0	0.0	0.0	0.0	0.26864323	0.0	0.1906073	0.0	0.0	0.0	0.04387067	0.014519729	0.0	0.0	0.0	0.05991553	0.0	0.0	0.0	0.05750129	0.037649482	0.0	0.0	0.2521635	0.08628497	0.0	0.0	0.101049654	0.0	0.079618186	0.015864922	0.0	0.0	0.0	0.0	0.0	0.0	0.0	0.27014887	0.0	0.18618254	0.0	0.16198224	0.0	0.015059709	0.055557486	0.16806614	0.01407554	0.22576363	0.0	0.0	0.2515423	0.040755138	0.0	0.005141644	0.036791697	0.07334926	0.0	0.0	0.0
0.10877889	0.0	0.48673892	0.0	0.0	0.02085732	0.08053553	0.0	0.0	0.43177998	0.0	0.17972554	0.0	0.0	0.12286093	0.09169916	0.0	0.0	0.0	0.0	0.0	0.0	0.032165926	0.034563623	0.0	0.20767891	0.0	0.2721105	0.011519983	0.0	0.0	0.11790479	0.13910688	0.0	0.3707379	0.0	0.24571377	0.0074797124	0.0	0.17772622	0.23825686	0.0	0.29357383	0.0	0.01748631	0.36288133	0.37405872	0.0	0.0	0.12165729	0.026921673	0.31147823	0.23683278	0.3449265	0.0	0.0	0.0	0.28547657	0.0	0.0	0.0	0.13261414	0.0	0.021763796	0.0	0.0	0.09987811	0.0	0.0	0.0	0.048930347	0.0	0.32448438	0.0	0.3686436	0.0	0.019051133	0.0	0.15423234	0.08416745	0.038956527	0.0	0.0	0.21771145	0.009163532	0.0	0.0028699497	0.048355784	0.068714716	0.0	0.0	0.4462128	0.2609611	0.0	0.0	0.18104465	0.0	0.12091129	0.0	0.0	0.10399827	0.0	0.0	0.0	0.0	0.16855015	0.42593455	0.0	0.390743	0.0	0.28776637	0.0	0.24125265	0.35811535	0.08380286	0.10521052	0.14504603	0.0	0.0	0.3552606	0.1821254	0.0	0.020985143	0.08311034	0.24229975	0.0	0.0	0.0
0.066951565	0.0014104253	0.36957645	0.0	0.0	0.040105056	0.057483613	0.0	0.0	0.36794814	0.0	0.1421767	0.0	0.0	0.12581508	0.11156491	0.0	0.0	0.0	0.0	0.0	0.0	0.023578005	0.0	0.0	0.21596754	0.0	0.24924536	0.0005917959	0.0	0.0	0.058483656	0.14829822	0.0	0.30557474	0.0	0.23971741	0.0	0.0	0.14601249	0.18596588	0.0101370625	0.25803727	0.0	0.019451128	0.3502549	0.33442953	0.0	0.0	0.09460762	0.03392746	0.23406361	0.2187862	0.29728308	0.0003736938	0.0	0.000546135	0.2495087	0.0	0.0	0.0	0.12653266	0.0	0.009479147	0.0	0.0	0.03482813	0.0	0.0	0.0	0.01886596	0.0	0.30434266	0.0	0.3525187	0.0	0.011098534	0.0	0.12601213	0.07187266	0.04348399	0.0	0.0	0.15504967	0.0	0.0	0.0	0.06145883	0.09587861	0.0	0.0	0.4113375	0.18558724	0.0	0.0	0.15607367	0.0	0.050633285	0.0	0.0	0.077994995	0.0	0.0	0.0	0.0	0.1459559	0.36896384	0.0	0.34308282	0.0	0.26356402	0.0	0.17436965	0.2614987	0.082891285	0.06487976	0.19038562	0.0	0.0	0.27624896	0.15130891	0.0	0.02765975	0.116169	0.2266484	0.0	0.0	0.0
0.024417073	0.023043508	0.35240924	0.0	0.0	0.018022293	0.015666472	0.0	0.0	0.19861388	0.0	0.09360233	0.0	0.0	0.054505855	0.18671937	0.0	0.0	0.0	0.0	0.0	0.0	0.06992497	0.0	0.0	0.21747963	0.0	0.24137	0.0051217987	0.0	0.0	0.053308856	0.1722154	0.0	0.2986556	0.0	0.21403374	0.0	0.0	0.11563682	0.14395584	0.008461531	0.21228649	0.0	0.0056123435	0.33069977	0.31766215	0.0	0.0	0.05863808	0.045495417	0.15767646	0.2322735	0.24819113	0.0	0.0	0.017299013	0.26412162	0.0	0.0	0.0	0.13964148	0.0	0.005879909	0.0	0.0	0.0698824	0.004109656	0.0	0.0	0.032593995	0.0	0.2966831	0.0	0.3399383	0.0	0.0	0.0	0.06937487	0.04364276	0.0	0.0	0.0	0.12038729	0.0	0.0	0.0015965881	0.05272661	0.11940018	0.0	0.0	0.33972517	0.17769925	0.0	0.0	0.16565093	0.0	0.055407494	0.0	0.0	0.07543865	0.0	0.0	0.0	0.0	0.105003506	0.32373425	0.0	0.25510684	0.0	0.18865292	0.0	0.14344455	0.18851729	0.09801609	0.020464526	0.14302222	0.0	0.0	0.28261524	0.10670187	0.0	0.028337412	0.115143724	0.14268966	0.0	0.0	0.0
0.11092272	0.0044981185	0.36787316	0.0	0.0	0.03161609	0.062033772	0.0	0.0	0.37283373	0.0	0.19203901	0.0	0.0	0.11364487	0.12953302	0.0	0.0	0.0	0.0	0.0	0.0	0.01593112	0.0007108633	0.0	0.1918753	0.0	0.2800101	0.004570611	0.0	0.0	0.07689039	0.14618571	0.0	0.3388544	0.0	0.23515975	0.0	0.0	0.16408125	0.21547484	0.0047024963	0.29436693	0.0	0.025412207	0.34813747	0.33993188	0.0	0.0	0.1304203	0.030779528	0.24790426	0.21349902	0.29707944	0.0	0.0	0.0	0.28785086	0.0	0.0	0.0	0.14290543	0.0	0.008525193	0.0	0.0	0.067357115	0.0	0.0	0.0	0.024702841	0.0	0.30867437	0.0	0.3736198	0.0	0.012725346	0.0	0.098234266	0.07322937	0.033562914	0.0	0.0	0.19651264	0.0	0.0	0.0	0.04444918	0.100556664	0.0	0.0	0.4182314	0.21433331	0.0	0.0	0.18125351	0.0	0.03971051	0.0	0.0	0.098123156	0.0	0.0	0.0	0.0	0.18906105	0.37425184	0.0	0.34104845	0.0	0.2536199	0.0	0.2092226	0.2832699	0.060820412	0.051991988	0.17668498	0.0	0.0	0.2683102	0.17228548	0.0	0.026738234	0.1050261	0.22126277	0.0	0.0	0.0
0.18963856	0.0	0.3377187	0.0	0.0	0.009953201	0.033774544	0.0	0.0	0.3816717	0.0	0.24369001	0.0	0.0	0.061315	0.19859068	0.0	0.0	0.0	0.0	0.0	0.0	0.0015460675	0.0	0.0	0.17863412	0.0	0.3426423	0.0	0.0	0.0	0.08730645	0.13963981	0.0	0.33311677	0.0	0.2108684	0.0	0.0	0.17891431	0.25010133	0.0	0.39195904	0.0	0.014697933	0.349614	0.27988967	0.0	0.0	0.18955839	0.032651346	0.24844901	0.15381324	0.27545175	0.0	0.0	0.0	0.29015678	0.0	0.0	0.0	0.15407054	0.0	0.0060539	0.0	0.0	0.15799962	0.0	0.0	0.0	0.0	0.0	0.27695987	0.0	0.34330818	0.0	0.0	0.0	0.085763	0.087000966	0.0024558392	0.0	0.0	0.23402984	0.0	0.0	0.0	0.0888224	0.046541065	0.0	0.0	0.47813165	0.21230268	0.0	0.0	0.20376496	0.0	0.03328332	0.0	0.0	0.091839105	0.0	0.0	0.0	0.0	0.17444398	0.3853428	0.0	0.34698975	0.0	0.3062366	0.0	0.23642588	0.28186008	0.11118579	0.047413167	0.19047165	0.0	0.0	0.24666816	0.21208294	0.0	0.012721232	0.0681289	0.24239254	0.0	0.0	0.0
0.14762135	0.0	0.341697	0.0	0.0	0.02791438	0.045544606	0.0	0.0	0.3580638	0.0	0.2180685	0.0	0.0	0.08150378	0.16382682	0.0	0.0	0.0	0.0	0.0	0.0	0.0069160364	0.0	0.0	0.17127027	0.0	0.30473152	0.0	0.0	0.0	0.083411105	0.1374538	0.0	0.34403253	0.0	0.21469659	0.0	0.0	0.1781459	0.22253378	0.0	0.33522412	0.0	0.018306147	0.34331	0.314321	0.0	0.0	0.15322004	0.027591921	0.24033006	0.19174118	0.2786406	0.0	0.0	0.0	0.2992515	0.0	0.0	0.0	0.15289795	0.0	0.002083838	0.0	0.0	0.11252662	0.0	0.0	0.0	0.008835164	0.0	0.28670418	0.0	0.3644782	0.0	0.0	0.0	0.06435063	0.0824582	0.011940527	0.0	0.0	0.20951939	0.0	0.0	0.0	0.04776417	0.08416698	0.0	0.0	0.4281799	0.22364332	0.0	0.0	0.20125484	0.0	0.028694103	0.0	0.0	0.103433765	0.0	0.0	0.0	0.0	0.19728501	0.36624762	0.0	0.33765998	0.0	0.25422686	0.0	0.22678751	0.2831467	0.058522005	0.041690674	0.16729248	0.0	0.0	0.25362247	0.1940378	0.0	0.016664715	0.08791352	0.22644718	0.0	0.0	0.0
0.114265315	0.0	0.35853353	0.0	0.0	0.0282521	0.05020697	0.0	0.0	0.35024807	0.0	0.18600838	0.0	0.0	0.100682735	0.14471453	0.0	0.0	0.0	0.0	0.0	0.0	0.017766416	0.0	0.0	0.18240273	0.0	0.2761736	0.0	0.0	0.0	0.076921016	0.14030422	0.0	0.32706088	0.0	0.22497278	0.0	0.0	0.16880816	0.21421652	0.0	0.30167028	0.0	0.021084478	0.34141222	0.32167992	0.0	0.0	0.13133396	0.02580068	0.23815203	0.20819873	0.27999055	0.0	0.0	0.0	0.2760127	0.0	0.0	0.0	0.14532155	0.0	0.0074374676	0.0	0.0	0.08652443	0.0	0.0	0.0	0.016567988	0.0	0.29133222	0.0	0.35642883	0.0	0.0	0.0	0.09171716	0.07508626	0.020598486	0.0	0.0	0.18545939	0.0	0.0	0.0	0.046200555	0.09451246	0.0	0.0	0.40619966	0.20317371	0.0	0.0	0.18228583	0.0	0.035361346	0.0	0.0	0.09057658	0.0	0.0	0.0	0.0	0.17220165	0.36074367	0.0	0.33232498	0.0	0.24590035	0.0	0.20280957	0.27383843	0.065903984	0.045388043	0.17629528	0.0	0.0	0.26962313	0.17457037	0.0	0.020700136	0.09649106	0.21429253	0.0	0.0	0.0
0.09957308	0.00090971	0.37272033	0.0	0.0	0.032012384	0.05793898	0.0	0.0	0.37825274	0.0	0.18172102	0.0	0.0	0.12510744	0.11791003	0.0	0.0	0.0	0.0	0.0	0.0	0.016711324	0.0	0.0	0.19550471	0.0	0.27267393	0.004516937	0.0	0.0	0.06912232	0.14861111	0.0	0.33373857	0.0	0.22988586	0.0	0.0	0.15762743	0.20410286	0.004074072	0.28316882	0.0	0.020034645	0.35141894	0.34100425	0.0	0.0	0.11860365	0.029303608	0.2485445	0.21781223	0.3006369	0.0	0.0	0.0048903017	0.2819641	0.0	0.0	0.0	0.1347762	0.0	0.0063628196	0.0	0.0	0.0532053	0.0	0.0	0.0	0.022665188	0.0	0.31020638	0.0	0.3697373	0.0	0.017494265	0.0	0.10962274	0.069271944	0.037153814	0.0	0.0	0.1780185	0.0	0.0	0.0	0.046463143	0.10775656	0.0	0.0	0.41730866	0.21418345	0.0	0.0	0.1765018	0.0	0.038860876	0.0	0.0	0.090741046	0.0	0.0	0.0	0.0	0.18409282	0.37229696	0.0	0.34504595	0.0	0.25441328	0.0	0.20107137	0.27904657	0.06819197	0.056889597	0.17905915	0.0	0.0	0.27012825	0.17115128	0.0	0.02826932	0.10163077	0.22798002	0.0	0.0	0.0
0.08649381	0.0030748018	0.37536597	0.0	0.0	0.041429807	0.061065894	0.0	0.0	0.39705253	0.0	0.19028956	0.0	0.0	0.1227983	0.1258085	0.0	0.0	0.0	0.0	0.0	0.0	0.019173723	0.0007295196	0.0	0.22705142	0.0	0.2707199	0.0026597294	0.0	0.0	0.06950156	0.15491147	0.0	0.333807	0.0	0.25147817	0.0	0.0	0.15191682	0.21864085	0.006400974	0.2942363	0.0	0.02626731	0.36824974	0.36020184	0.0	0.0	0.10446986	0.03893902	0.2532594	0.20679794	0.31152788	0.0009979829	0.0	0.0	0.27413478	0.0	0.0	0.0	0.13959911	0.0	0.016271016	0.0	0.0	0.042029247	0.0	0.0	0.0	0.018170178	0.0	0.31491634	0.0	0.37552252	0.0	0.010846634	0.0	0.13929124	0.08013261	0.03920063	0.0	0.0	0.18891947	0.010172979	0.0	0.0039097006	0.073334396	0.091345586	0.0	0.0	0.4517198	0.19930698	0.0	0.0	0.17349815	0.0	0.04561962	0.0	0.0	0.086112596	0.0	0.0	0.0	0.0	0.18056364	0.38372627	0.0	0.35526493	0.0	0.28574526	0.0	0.20724918	0.30155376	0.08839183	0.07739959	0.1924964	0.0	0.0	0.27946526	0.1749949	0.0	0.021774001	0.13586418	0.24471287	0.0	0.0	0.0
0.20666076	0.0	0.36856723	0.0	0.0	0.018980488	0.041410793	0.0	0.0	0.4213116	0.0	0.26729837	0.0	0.0	0.08128134	0.19666101	0.0	0.0	0.0	0.0	0.0	0.0	0.0018988425	0.0	0.0	0.19798513	0.0	0.36671507	0.0	0.0	0.0	0.08845642	0.15134816	0.0	0.3680315	0.0	0.24162082	0.0	0.0	0.1716523	0.2581806	0.0	0.4127386	0.0	0.017381182	0.37227416	0.30785587	0.0	0.0	0.20013033	0.033318143	0.2666398	0.1668862	0.31031582	0.0	0.0	0.0	0.32628956	0.0	0.0	0.0	0.15465476	0.0	0.008846551	0.0	0.0	0.15430456	0.0	0.0	0.0	0.0	0.0	0.3158367	0.0	0.37747264	0.0	0.0	0.0	0.09311235	0.076421864	0.016183775	0.0	0.0	0.25293973	0.0003596209	0.0	0.0	0.1033327	0.048233885	0.0	0.0	0.511735	0.24044283	0.0	0.0	0.2304719	0.0	0.042468328	0.0	0.0	0.11256945	0.0	0.0	0.0	0.0	0.20944135	0.42886353	0.0	0.36250326	0.0	0.3341949	0.0	0.2630018	0.31814703	0.10586226	0.07032069	0.18945588	0.0	0.0	0.24779499	0.22299795	0.0	0.018968029	0.08822397	0.24935265	0.0	0.0	0.0
0.23150001	0.0	0.32506856	0.0	0.0	0.0	0.009712325	0.0	0.0	0.36509767	0.0	0.2717106	0.0	0.0	0.02854575	0.2853808	0.0	0.0	0.0	0.0	0.0	0.0	0.008164861	0.0	0.0	0.19896908	0.0	0.3845092	0.0	0.0	0.0	0.09768629	0.13126723	0.0	0.32282135	0.0	0.21695204	0.0	0.0	0.1946807	0.28022954	0.0	0.44049945	0.0	0.001331081	0.349707	0.26202402	0.0	0.0	0.22353546	0.040276673	0.22349018	0.111844	0.27715716	0.0	0.0	0.0	0.29259968	0.0	0.0	0.0	0.17724788	0.0	0.00910873	0.0	0.0	0.21786104	0.0	0.0	0.0	0.0	0.0	0.2657719	0.0	0.3501109	0.0	0.0	0.0	0.09530214	0.09076064	0.0	0.0	0.0	0.28287673	0.0	0.0	0.0	0.13203911	0.008427151	0.0	0.0	0.52692753	0.1824923	0.0	0.0	0.21007441	0.0	0.05068876	0.0	0.0	0.072564416	0.0	0.0	0.0	0.0	0.15585707	0.4000968	0.0	0.3399242	0.0	0.35153946	0.0	0.24561496	0.29409587	0.18059929	0.078459546	0.21317412	0.0	0.0	0.2533523	0.22400074	0.0	0.00584867	0.06788305	0.24365403	0.0	0.0	0.0
0.113812506	0.0	0.37436888	0.0	0.0	0.032940637	0.055932242	0.0	0.0	0.39796653	0.0	0.19751357	0.0	0.0	0.11890606	0.13490732	0.0	0.0	0.0	0.0	0.0	0.0	0.021806352	0.0	0.0	0.22259422	0.0	0.28302333	0.0	0.0	0.0	0.07993869	0.15374823	0.0	0.33983305	0.0	0.2395034	0.0	0.0	0.15752558	0.23368253	0.0024900178	0.3181115	0.0	0.02378577	0.35970187	0.3467447	0.0	0.0	0.12443232	0.03069637	0.25611436	0.20086248	0.30585715	0.0	0.0	0.0	0.270448	0.0	0.0	0.0	0.14548542	0.0	0.012866179	0.0	0.0	0.06842924	0.0	0.0	0.0	0.017350709	0.0	0.31505814	0.0	0.37490538	0.0	0.00058149797	0.0	0.12171253	0.07921899	0.031654205	0.0	0.0	0.203474	0.0015612555	0.0	0.0	0.07304813	0.0855732	0.0	0.0	0.45288625	0.20490348	0.0	0.0	0.17832027	0.0	0.049724847	0.0	0.0	0.09445999	0.0	0.0	0.0	0.0	0.19061513	0.3873863	0.0	0.36163235	0.0	0.29051626	0.0	0.2151792	0.31127575	0.084017605	0.07285583	0.19585608	0.0	0.0	0.27333924	0.18770508	0.0	0.021439731	0.113189824	0.23837423	0.0	0.0	0.0
0.140798	0.0	0.36443758	0.0	0.0	0.02738837	0.048910618	0.0	0.0	0.3912158	0.0	0.22420247	0.0	0.0	0.10009599	0.1418079	0.0	0.0	0.0	0.0	0.0	0.0	0.01285893	0.0	0.0	0.18706477	0.0	0.30347815	0.0	0.0	0.0	0.08663071	0.14262553	0.0	0.3581326	0.0	0.22173457	0.0	0.0	0.16691227	0.22937782	0.0	0.3401887	0.0	0.021893198	0.35852528	0.3361093	0.0	0.0	0.14279786	0.027190851	0.25938645	0.19965418	0.30580178	0.0	0.0	0.0	0.29788235	0.0	0.0	0.0	0.14410473	0.0	0.007561629	0.0	0.0	0.09454664	0.0	0.0	0.0	0.015238511	0.0	0.30120742	0.0	0.37875938	0.0	0.0015964309	0.0	0.09649593	0.075846374	0.020678567	0.0	0.0	0.20853771	0.0	0.0	0.0	0.055788353	0.09550177	0.0	0.0	0.44800475	0.2290231	0.0	0.0	0.2035638	0.0	0.028349368	0.0	0.0	0.1048477	0.0	0.0	0.0	0.0	0.2095284	0.38203788	0.0	0.35535488	0.0	0.270448	0.0	0.23546942	0.3090236	0.060741287	0.047950864	0.17189758	0.0	0.0	0.26119044	0.20053755	0.0	0.017412826	0.094712056	0.23958133	0.0	0.0	0.0
0.15350044	0.0	0.31566057	0.0	0.0	0.020246478	0.02467751	0.0	0.0	0.32681817	0.0	0.22370006	0.0021945664	0.0	0.06223594	0.18699647	0.0	0.0	0.0	0.0	0.0	0.0	0.010203811	0.0	0.0	0.15521266	0.0	0.3006109	0.0	0.0	0.0	0.076541394	0.12906462	0.0	0.32862025	0.0	0.19809498	0.0	0.0	0.1811934	0.22010106	0.0	0.3348277	0.0	0.012371971	0.32451752	0.29779258	0.0	0.0	0.16449209	0.019091075	0.2179658	0.17538421	0.25107822	0.0	0.0	0.0	0.2907875	0.0	0.0	0.0	0.16307075	0.0	0.0037928273	0.0	0.0	0.13895975	0.0	0.0	0.0	0.002199738	0.0	0.26207763	0.0	0.3458619	0.0	0.0	0.0	0.054561734	0.07435008	0.0	0.0	0.0	0.20417796	0.0	0.0	0.0	0.040894154	0.065763205	0.0	0.0	0.4035673	0.21651745	0.0	0.0	0.19667004	0.0	0.023294607	0.0	0.0	0.09308983	0.0	0.0	0.0	0.0	0.18456817	0.34050992	0.0	0.31833696	0.0	0.22830458	0.0	0.21161538	0.26243934	0.06690458	0.030655583	0.16851895	0.0	0.0	0.24569301	0.19366802	0.0	0.0075853965	0.084585875	0.21087243	0.0	0.0	0.0
0.16527635	0.0	0.3361995	0.0	0.0	0.016646035	0.031575795	0.0	0.0	0.3524104	0.0	0.23407638	0.0	0.0	0.059269045	0.18352795	0.0	0.0	0.0	0.0	0.0	0.0	0.0061107646	0.0	0.0	0.17143106	0.0	0.32060364	0.0	0.0	0.0	0.092969425	0.13163339	0.0	0.33581138	0.0	0.20516294	0.0	0.0	0.18487401	0.24660365	0.0	0.36319408	0.0	0.013171808	0.3385488	0.29578504	0.0	0.0	0.16211553	0.020835742	0.24081312	0.17161793	0.27136886	0.0	0.0	0.0	0.2890841	0.0	0.0	0.0	0.15484022	0.0	0.0007548059	0.0	0.0	0.13867547	0.0	0.0	0.0	0.0	0.0	0.27177826	0.0	0.3483133	0.0	0.0	0.0	0.07454556	0.090616755	0.0	0.0	0.0	0.2242394	0.0	0.0	0.0	0.052890196	0.06829191	0.0	0.0	0.44412795	0.21705003	0.0	0.0	0.19838405	0.0	0.030330596	0.0	0.0	0.09393773	0.0	0.0	0.0	0.0	0.18760574	0.36460093	0.0	0.34713712	0.0	0.2661489	0.0	0.23047583	0.2901065	0.07892403	0.038238455	0.1705982	0.0	0.0	0.25042847	0.21355295	0.0	0.009792487	0.06783882	0.23503642	0.0	0.0	0.0
0.07023046	0.0015800912	0.37607518	0.0	0.0	0.035547677	0.049400177	0.0	0.0	0.37221193	0.0	0.16239055	0.0	0.0	0.12837996	0.11555307	0.0	0.0	0.0	0.0	0.0	0.0	0.027699897	0.0	0.0	0.20974958	0.0	0.2554318	0.00041784844	0.0	0.0	0.066465616	0.15511762	0.0	0.3208414	0.0	0.23837316	0.0	0.0	0.15115853	0.19532801	0.009254067	0.26809782	0.0	0.019834848	0.35339323	0.3441571	0.0	0.0	0.097961664	0.028758153	0.2382981	0.22507827	0.29756758	0.0009239291	0.0	0.0	0.26238844	0.0	0.0	0.0	0.13082998	0.0	0.008873259	0.0	0.0	0.039729588	0.0	0.0	0.0	0.022131534	0.0	0.30602205	0.0	0.36586604	0.0	0.010606352	0.0	0.12813985	0.06686468	0.037622977	0.0	0.0	0.16063237	0.0	0.0	0.00011995869	0.056204658	0.106559515	0.0	0.0	0.41515648	0.20202106	0.0	0.0	0.16604817	0.0	0.04283983	0.0	0.0	0.08605376	0.0	0.0	0.0	0.0	0.16335338	0.37143013	0.0	0.34521648	0.0	0.2583687	0.0	0.1853742	0.27458373	0.075233154	0.06392925	0.18827333	0.0	0.0	0.27391723	0.15991293	0.0	0.024078092	0.12108004	0.22594075	0.0	0.0	0.0
0.12610199	0.0	0.37706816	0.0	0.0	0.030726789	0.054180343	0.0	0.0	0.4024004	0.0	0.22193533	0.0	0.0	0.11496672	0.13026802	0.0	0.0	0.0	0.0	0.0	0.0	0.02018273	0.0	0.0	0.20475297	0.0	0.29969165	0.0	0.0	0.0	0.087515146	0.1486073	0.0	0.3580049	0.0	0.23119253	0.0	0.0	0.16709585	0.23015891	0.00087591074	0.33570135	0.0	0.0232824	0.36724648	0.34480357	0.0	0.0	0.12963285	0.030484766	0.27035177	0.20274921	0.31057096	0.0	0.0	0.0	0.2922794	0.0	0.0	0.0	0.14019938	0.0	0.0069285086	0.0	0.0	0.07821158	0.0	0.0	0.0	0.016152028	0.0	0.30705714	0.0	0.38337126	0.0	0.00026333952	0.0	0.1140128	0.07909358	0.025332602	0.0	0.0	0.206688	0.0	0.0	0.0	0.06178789	0.1009334	0.0	0.0	0.45763573	0.2238357	0.0	0.0	0.19724202	0.0	0.033800293	0.0	0.0	0.10348648	0.0	0.0	0.0	0.0	0.20627399	0.39043632	0.0	0.36809206	0.0	0.28291044	0.0	0.23212981	0.3200816	0.06412945	0.061945707	0.17853177	0.0	0.0	0.26667616	0.20223181	0.0	0.017102249	0.106863976	0.24611454	0.0	0.0	0.0
0.27474383	0.0	0.37322828	0.0	0.0	0.0	0.019891456	0.0	0.0	0.46847835	0.0	0.3178805	0.0	0.0	0.061182957	0.29434136	0.0	0.0	0.0	0.0	0.0	0.0	0.0011875568	0.0	0.0	0.22001283	0.0	0.4470869	0.0	0.0	0.0	0.09487937	0.16406608	0.0	0.35032535	0.0	0.2565113	0.0	0.0	0.20007844	0.30481467	0.0	0.51676255	0.0	0.0017470842	0.37941167	0.26517725	0.0	0.0	0.26987264	0.038051203	0.26871938	0.11455528	0.32953635	0.0	0.0	0.0	0.32817394	0.0	0.0	0.0	0.15724275	0.0	0.015265301	0.0	0.0	0.24233592	0.0	0.0	0.0	0.0	0.0	0.30329242	0.0	0.36887202	0.0	0.0	0.0	0.119332105	0.08832551	0.0	0.0	0.0	0.3188148	0.0	0.0	0.0	0.1914454	0.0017970564	0.0	0.0	0.61110216	0.21011639	0.0	0.0	0.2387473	0.0	0.059364673	0.0	0.0	0.08716745	0.0	0.0	0.0	0.0	0.17098208	0.48067865	0.0	0.38218567	0.0	0.4475673	0.0	0.2887464	0.3346399	0.2238635	0.113206275	0.23771727	0.0	0.0	0.25771734	0.24224283	0.0	0.015640808	0.07484622	0.26741472	0.0	0.0	0.0
0.26233876	0.0	0.38071585	0.0	0.0	0.010316051	0.032786503	0.0	0.0	0.48153865	0.0	0.32258666	0.0	0.0	0.07464471	0.2600814	0.0	0.0	0.0	0.0	0.0	0.0	0.0	0.0	0.0	0.21150267	0.0	0.43436787	0.0	0.0	0.0	0.08989053	0.16518272	0.0	0.36795387	0.0	0.25858852	0.0	0.0	0.19034998	0.28607067	0.0	0.4976608	0.0	0.007026701	0.39005157	0.28306624	0.0	0.0	0.25570413	0.04303972	0.28005046	0.1313548	0.3380678	0.0	0.0	0.0	0.34488353	0.0	0.0	0.0	0.15240824	0.0	0.010232669	0.0	0.0	0.21474123	0.0	0.0	0.0	0.0	0.0	0.31631422	0.0	0.3833828	0.0	0.0	0.0	0.114875294	0.08433461	0.008030984	0.0	0.0	0.306651	0.0050070174	0.0	0.0	0.1734861	0.024768628	0.0	0.0	0.60004157	0.23479204	0.0	0.0	0.24484392	0.0	0.05044101	0.0	0.0	0.09906008	0.0	0.0	0.0	0.0	0.19463699	0.4775927	0.0	0.38348702	0.0	0.42861834	0.0	0.29836056	0.33639383	0.18546838	0.092219315	0.22488774	0.0	0.0	0.2481256	0.24017818	0.0	0.01798468	0.08942134	0.272634	0.0	0.0	0.0
0.15812288	0.0	0.3461717	0.0	0.0	0.02430814	0.03371763	0.0	0.0	0.37085462	0.0	0.23970886	0.0	0.0	0.08053826	0.16863187	0.0	0.0	0.0	0.0	0.0	0.0	0.0026017514	0.0	0.0	0.16796719	0.0	0.3148366	0.0	0.0	0.0	0.089154124	0.13233294	0.0	0.34884644	0.0	0.20606758	0.0	0.0	0.18521668	0.24432357	0.0	0.3603015	0.0	0.017717857	0.34147072	0.30789888	0.0	0.0	0.16355401	0.023959756	0.25308046	0.18776043	0.28035712	0.0	0.0	0.0	0.30219588	0.0	0.0	0.0	0.15333627	0.0	0.0	0.0	0.0	0.13029446	0.0	0.0	0.0	0.0026103023	0.0	0.28300926	0.0	0.35797986	0.0	0.0	0.0	0.07520041	0.087663025	0.0077569685	0.0	0.0	0.22000988	0.0	0.0	0.0	0.05546515	0.08169034	0.0	0.0	0.4414239	0.22896475	0.0	0.0	0.20622933	0.0	0.026054678	0.0	0.0	0.107121766	0.0	0.0	0.0	0.0	0.20402962	0.36969253	0.0	0.35267818	0.0	0.26402754	0.0	0.2382222	0.29811063	0.06709	0.04066306	0.17365474	0.0	0.0	0.25337324	0.21524334	0.0	0.015402217	0.08115444	0.23610097	0.0	0.0	0.0
0.10712093	0.0028903193	0.3701754	0.0	0.0	0.037828986	0.06287506	0.0	0.0	0.38149834	0.0	0.1917726	0.0	0.0	0.116390765	0.12663366	0.0	0.0	0.0	0.0	0.0	0.0	0.018143902	0.004107231	0.0	0.19671531	0.0	0.27827045	0.0026662473	0.0	0.0	0.07321958	0.14890783	0.0	0.33964896	0.0	0.2368077	0.0	0.0	0.15991592	0.21460406	0.0055039725	0.2925851	0.0	0.022370046	0.3569195	0.34938458	0.0	0.0	0.12443077	0.032221165	0.2484018	0.2133344	0.30427837	0.0	0.0	0.0	0.28644142	0.0	0.0	0.0	0.13787504	0.0	0.007254772	0.0	0.0	0.059809353	0.0	0.0	0.0	0.02427669	0.0	0.30869183	0.0	0.3753616	0.0	0.014729413	0.0	0.1095257	0.069024734	0.035462324	0.0	0.0	0.18952133	0.0	0.0	0.0	0.047905985	0.099643774	0.0	0.0	0.4254597	0.21269767	0.0	0.0	0.18022257	0.0	0.043795455	0.0	0.0	0.09398478	0.0	0.0	0.0	0.0	0.18749876	0.37247214	0.0	0.34562838	0.0	0.25933084	0.0	0.20935237	0.29089272	0.06371233	0.061460983	0.1758355	0.0	0.0	0.27195352	0.17591524	0.0	0.02755806	0.105298996	0.22863431	0.0	0.0	0.0
0.10398537	0.0	0.38218883	0.0	0.0	0.027387446	0.056351412	0.0	0.0	0.37658718	0.0	0.17586233	0.0	0.0	0.11816788	0.12600277	0.0	0.0	0.0	0.0	0.0	0.0	0.015259749	0.003317167	0.0	0.21022077	0.0	0.27670303	0.0116527	0.0	0.0	0.08107821	0.14675352	0.0	0.32276693	0.0	0.24639189	0.0	0.0	0.17044966	0.21804397	0.0012979532	0.28957823	0.0	0.018839743	0.3467847	0.33845112	0.0	0.0	0.11665588	0.023601873	0.25057107	0.20884688	0.2931631	0.0	0.0	0.0	0.27657786	0.0	0.0	0.0	0.14178902	0.0	0.017885203	0.0	0.0	0.06593899	0.0	0.0	0.0	0.023899615	0.0	0.3222973	0.0	0.37391964	0.0	0.0092019	0.0	0.110620685	0.07262095	0.038172364	0.0	0.0	0.18570499	0.0	0.0	0.0	0.04639082	0.0844447	0.0	0.0	0.41680574	0.21067834	0.0	0.0	0.17462938	0.0	0.05167389	0.0	0.0	0.09401522	0.0	0.0	0.0	0.0	0.17968823	0.38044873	0.0	0.34798113	0.0	0.26501557	0.0	0.2090017	0.28386918	0.068430655	0.08221082	0.1800042	0.0	0.0	0.2740356	0.17988007	0.0	0.03032622	0.09405545	0.21760128	0.0	0.0	0.0
0.1629074	0.019631254	0.32438838	0.0	0.0	0.060266286	0.0018419232	0.0	0.0	0.34535518	0.0	0.17486286	0.0	0.0	0.06287303	0.26871553	0.0	0.0	0.0	0.0	0.0	0.0	0.024507135	0.0	0.0	0.28706658	0.0	0.32156202	0.0	0.0	0.0	0.101502895	0.15633196	0.0	0.28540525	0.0	0.23709564	0.0	0.0	0.1394784	0.27567914	0.0	0.3933802	0.0	0.0	0.37045226	0.2652722	0.0	0.0	0.15364851	0.059706386	0.18344943	0.12626238	0.22567658	0.0	0.0	0.0	0.21935941	0.0	0.0	0.0	0.17310901	0.0	0.010633289	0.0	0.0	0.14105527	0.0	0.0	0.0	0.000617601	0.0	0.2817107	0.0	0.33332208	0.0	0.0	0.0	0.12421852	0.11605298	0.0	0.0	0.0	0.23032868	0.0	0.0	0.0	0.16077106	0.02426234	0.0	0.0	0.52560425	0.13478126	0.0	0.0	0.1743248	0.0	0.08795887	0.0	0.0	0.057449717	0.0	0.0	0.0	0.0	0.13127646	0.38170874	0.0	0.31583193	0.0	0.37667593	0.0	0.17695402	0.29009616	0.24967997	0.1293927	0.24023159	0.0	0.0	0.23916568	0.1990292	0.0	0.0033448588	0.13081636	0.23543881	0.0	0.0058382847	0.0
0.21419616	0.0	0.31546506	0.0	0.0	0.02695162	0.0	0.0	0.0	0.33612195	0.0	0.20451301	0.0	0.0	0.028577745	0.33063486	0.0	0.0	0.0	0.0	0.0	0.0	0.013279725	0.0	0.0	0.26252672	0.0	0.35922375	0.0	0.0	0.0	0.08243736	0.15463752	0.0	0.26547608	0.0	0.23749118	0.0	0.0	0.14262412	0.27333388	0.0	0.43215093	0.0	0.0	0.36351204	0.21978295	0.0	0.0	0.22300561	0.07209597	0.1687937	0.08852471	0.21839346	0.0	0.0	0.0	0.23000897	0.0	0.0	0.0	0.17327563	0.0	0.009569085	0.0	0.0	0.20913322	0.0	0.0	0.0	0.0	0.0	0.2698616	0.0	0.31589794	0.0	0.0	0.0	0.1274928	0.098268606	0.0	0.0	0.0	0.2540463	0.0	0.0	0.0	0.18989275	0.0017934516	0.0	0.0	0.547239	0.12300306	0.0	0.0	0.18597889	0.0	0.08103913	0.0	0.0	0.043222178	0.0	0.0	0.0	0.0	0.085649334	0.3864456	0.0	0.29313007	0.0	0.40154704	0.0	0.18446414	0.24679649	0.29249585	0.12201687	0.25485837	0.0	0.0	0.2357543	0.18659198	0.0	0.0055911937	0.09981444	0.22017525	0.0	0.0	0.0
0.16163589	0.006903931	0.3075314	0.0	0.0	0.034283966	0.0	0.0	0.0	0.31131497	0.0	0.16498499	0.0	0.0	0.040769994	0.2724918	0.0	0.0	0.0	0.0	0.0	0.0	0.016439756	0.0	0.0	0.25513387	0.0	0.3111009	0.0	0.0	0.0	0.082066484	0.14474109	0.0	0.26305535	0.0	0.21570687	0.0	0.0	0.1357532	0.24978292	0.0	0.37813437	0.0	0.0	0.35474312	0.23725903	0.0	0.0	0.16910528	0.060806762	0.17168438	0.118876316	0.2021601	0.0	0.0	0.0	0.2090183	0.0	0.0	0.0	0.16910557	0.0	0.0028240345	0.0	0.0	0.15557161	0.0	0.0	0.0	0.0	0.0	0.26116794	0.0	0.30819583	0.0	0.0	0.0	0.11904899	0.097844444	0.0	0.0	0.0	0.21304965	0.0	0.0	0.0	0.14346862	0.014359132	0.0	0.0	0.48433027	0.12799388	0.0	0.0	0.17129524	0.0	0.07060651	0.0	0.0	0.04964173	0.0	0.0	0.0	0.0	0.101067565	0.35034427	0.0	0.2956535	0.0	0.3426087	0.0	0.1600074	0.2376738	0.23697661	0.096279204	0.2355256	0.0	0.0	0.23907681	0.18030827	0.0	0.0	0.10335264	0.21247463	0.0	0.0	0.0
0.067178704	0.004845261	0.3057811	0.0	0.0	0.051309813	0.012854516	0.0	0.0	0.24833323	0.0	0.07876018	0.0	0.0	0.06073452	0.2155639	0.0	0.0	0.0	0.0	0.0	0.0	0.028332537	0.0	0.0	0.23871715	0.0	0.23404355	0.0	0.0	0.0	0.06730383	0.1464958	0.0	0.23648764	0.0	0.22338514	0.0	0.0	0.13466771	0.20393135	0.0	0.26651528	0.0	0.0061036623	0.31766507	0.2685738	0.0	0.0	0.10687711	0.056500535	0.14465256	0.17186351	0.19345349	0.0	0.0	0.0	0.19274627	0.0	0.0	0.0	0.16286351	0.0	0.0	0.0	0.0	0.08923105	0.0	0.0	0.0	0.012132104	0.0	0.25754806	0.0	0.2979002	0.0	0.0	0.0	0.094694525	0.09536458	0.0	0.0	0.0	0.14635986	0.0	0.0	0.0	0.08519089	0.03769354	0.0	0.0	0.38029042	0.10870996	0.0	0.0	0.13918076	0.0	0.06769889	0.0	0.0	0.048737604	0.0	0.0	0.0	0.0	0.07701982	0.3093211	0.0	0.27640894	0.0	0.24798168	0.0	0.10561109	0.20225465	0.16723259	0.05968831	0.21938445	0.0	0.0	0.25862595	0.1346697	0.0	0.0	0.0931044	0.1780715	0.0	0.0	0.0
0.08456846	0.0019622378	0.29944986	0.0	0.0	0.04499884	0.011525446	0.0	0.0	0.2554883	0.0	0.09658859	0.0	0.0	0.054240692	0.22400539	0.0	0.0	0.0	0.0	0.0	0.0	0.027185015	0.0	0.0	0.23546326	0.0	0.2427063	0.0	0.0	0.0	0.066724785	0.14822958	0.0	0.24364404	0.0	0.21794134	0.0	0.0	0.13747746	0.21377008	0.0	0.28100047	0.0	0.0011549791	0.32239577	0.26370087	0.0	0.0	0.11959091	0.05496527	0.15039223	0.15928845	0.18735635	0.0	0.0	0.0	0.19341475	0.0	0.0	0.0	0.1672886	0.0	0.0	0.0	0.0	0.10095054	0.0	0.0	0.0	0.0082669025	0.0	0.25754848	0.0	0.30502972	0.0	0.0	0.0	0.09333942	0.09075027	0.0	0.0	0.0	0.15636833	0.0	0.0	0.0	0.08831281	0.032303873	0.0	0.0	0.3879949	0.116570435	0.0	0.0	0.1439059	0.0	0.067575105	0.0	0.0	0.050007284	0.0	0.0	0.0	0.0	0.08693608	0.3099008	0.0	0.27945274	0.0	0.25364694	0.0	0.11537305	0.20710771	0.17136778	0.06755417	0.22084081	0.0	0.0	0.25352606	0.14404996	0.0	0.0	0.09299099	0.18261446	0.0	0.0	0.0
0.07248926	0.006607276	0.30704415	0.0	0.0	0.05628988	0.015030556	0.0	0.0	0.25572804	0.0	0.08225628	0.0	0.0	0.062115904	0.21796434	0.0	0.0	0.0	0.0	0.0	0.0	0.029166302	0.0	0.0	0.2470808	0.0	0.23576011	0.0	0.0	0.0	0.06840162	0.14886914	0.0	0.24003178	0.0	0.22548877	0.0	0.0	0.13129617	0.20748216	0.0	0.27108815	0.0	0.0055734366	0.32243392	0.2702419	0.0	0.0	0.106903486	0.056154236	0.1453032	0.16922766	0.19602321	0.0	0.0	0.0	0.19590181	0.0	0.0	0.0	0.16356678	0.0	0.0	0.0	0.0	0.0897688	0.0	0.0	0.0	0.012436778	0.0	0.25954098	0.0	0.3012267	0.0	0.0	0.0	0.093222074	0.09692651	0.0	0.0	0.0	0.14997183	0.0	0.0	0.0	0.09194157	0.036658272	0.0	0.0	0.38963473	0.11061877	0.0	0.0	0.14032067	0.0	0.07320862	0.0	0.0	0.05042019	0.0	0.0	0.0	0.0	0.084111154	0.31373855	0.0	0.27692354	0.0	0.25911382	0.0	0.110025905	0.21262361	0.17094405	0.06674209	0.21994632	0.0	0.0	0.2595557	0.1388359	0.0	0.0	0.09570721	0.18242304	0.0	0.0	0.0
0.08433173	2.7993694e-05	0.31024042	0.0	0.0	0.04605874	0.005611094	0.0	0.0	0.25761643	0.0	0.09219939	0.0	0.0	0.050311822	0.21797074	0.0	0.0	0.0	0.0	0.0	0.0	0.029665018	0.0	0.0	0.2403214	0.0	0.2419643	0.0	0.0	0.0	0.071750455	0.14311863	0.0	0.24515726	0.0	0.21412714	0.0	0.0	0.13560732	0.21291079	0.0	0.27915898	0.0	0.0062739053	0.3221101	0.2635533	0.0	0.0	0.11211431	0.04970481	0.15405747	0.16451816	0.19225053	0.0	0.0	0.0	0.19440198	0.0	0.0	0.0	0.16626213	0.0	0.0026273679	0.0	0.0	0.10380805	0.0	0.0	0.0	0.010870773	0.0	0.2528981	0.0	0.30219468	0.0	0.0	0.0	0.09285364	0.09174749	0.0	0.0	0.0	0.15569879	0.0	0.0	0.0	0.08465779	0.033499952	0.0	0.0	0.38681743	0.116872765	0.0	0.0	0.1450202	0.0	0.06804622	0.0	0.0	0.054144297	0.0	0.0	0.0	0.0	0.08557422	0.31186068	0.0	0.28005767	0.0	0.25350353	0.0	0.11852199	0.21522577	0.16563837	0.061917853	0.21096908	0.0	0.0	0.26306084	0.14889993	0.0	0.0	0.0881503	0.18021013	0.0	0.0	0.0
0.081139185	0.012233824	0.30509707	0.0	0.0	0.055074215	0.0026491396	0.0	0.0	0.27206907	0.0	0.10906619	0.0	0.0	0.06278127	0.21834469	0.0	0.0	0.0	0.0	0.0	0.0	0.027154682	0.0	0.0	0.24151301	0.0	0.2509266	0.0	0.0	0.0	0.07297665	0.14889644	0.0	0.2520999	0.0	0.21312459	0.0	0.0	0.13577504	0.21704267	0.0	0.2907673	0.0	0.0031031035	0.3318032	0.27022794	0.0	0.0	0.11210397	0.05187999	0.15530074	0.16221519	0.19507337	0.0	0.0	0.0	0.19646026	0.0	0.0	0.0	0.16711842	0.0	0.0	0.0	0.0	0.09349605	0.0	0.0	0.0	0.009774473	0.0	0.25752378	0.0	0.3132205	0.0	0.0	0.0	0.102441646	0.09440755	0.0	0.0	0.0	0.15930389	0.0	0.0	0.0	0.09372016	0.03887108	0.0	0.0	0.40443698	0.124160446	0.0	0.0	0.14960946	0.0	0.06468731	0.0	0.0	0.053271454	0.0	0.0	0.0	0.0	0.09872043	0.3164599	0.0	0.28799394	0.0	0.2672867	0.0	0.12437409	0.22412233	0.17316319	0.07158219	0.22130488	0.0	0.0	0.2502147	0.15195088	0.0	0.0	0.10782653	0.19354407	0.0	0.0	0.0
0.07316332	0.0022817284	0.30568305	0.0	0.0	0.044830773	0.0058538043	0.0	0.0	0.2521702	0.0	0.09705617	0.0	0.0	0.06079468	0.21758737	0.0	0.0	0.0	0.0	0.0	0.0	0.029863337	0.0	0.0	0.23316531	0.0	0.23844473	0.0	0.0	0.0	0.06497566	0.14743237	0.0	0.24741775	0.0	0.21313804	0.0	0.0	0.13602681	0.20485908	0.0	0.26909795	0.0	0.0024937429	0.3252407	0.27178803	0.0	0.0	0.107706726	0.050421376	0.15017204	0.16935535	0.19186886	0.0	0.0	0.0	0.20271933	0.0	0.0	0.0	0.16545919	0.0	0.0	0.0	0.0	0.09234947	0.0	0.0	0.0	0.009826169	0.0	0.25697473	0.0	0.3095403	0.0	0.0	0.0	0.09499445	0.088215284	0.0	0.0	0.0	0.14863165	0.0	0.0	0.0	0.08252754	0.04203282	0.0	0.0	0.3843995	0.119156115	0.0	0.0	0.14535111	0.0	0.064520374	0.0	0.0	0.052268866	0.0	0.0	0.0	0.0	0.092315674	0.30743727	0.0	0.27993503	0.0	0.2442467	0.0	0.11945721	0.20777081	0.1592699	0.057465833	0.21410109	0.0	0.0	0.2556618	0.1432371	0.0	0.0	0.09883358	0.18211709	0.0	0.0	0.0
0.18943048	0.0012420671	0.3104103	0.0	0.0	0.026082685	0.0	0.0	0.0	0.31228313	0.0	0.1754663	0.0	0.0	0.02876293	0.30563828	0.0	0.0	0.0	0.0	0.0	0.0	0.013513535	0.0	0.0	0.2580843	0.0	0.33043137	0.0	0.0	0.0	0.0810841	0.14782292	0.0	0.25834665	0.0	0.22821136	0.0	0.0	0.13919452	0.26210964	0.0	0.4007138	0.0	0.0	0.3553044	0.21993244	0.0	0.0	0.20206559	0.06585591	0.16751921	0.10284581	0.20402955	0.0	0.0	0.0	0.21964824	0.0	0.0	0.0	0.1751091	0.0	0.005537776	0.0	0.0	0.19006036	0.0	0.0	0.0	0.0	0.0	0.265943	0.0	0.306706	0.0	0.0	0.0	0.12078971	0.098031044	0.0	0.0	0.0	0.23411332	0.0	0.0	0.0	0.16399373	0.003939579	0.0	0.0	0.50667185	0.11977428	0.0	0.0	0.17492025	0.0	0.07719454	0.0	0.0	0.04516889	0.0	0.0	0.0	0.0	0.083378375	0.3608921	0.0	0.28859833	0.0	0.3657416	0.0	0.1682937	0.23197888	0.2625465	0.10618574	0.24456425	0.0	0.0	0.23951869	0.17768295	0.0	0.00509737	0.09303054	0.20924602	0.0	0.0	0.0
0.14394097	0.0061569666	0.30181718	0.0	0.0	0.035370465	0.00017019734	0.0	0.0	0.28704518	0.0	0.14729442	0.0	0.0	0.035282914	0.26136443	0.0	0.0	0.0	0.0	0.0	0.0	0.016753117	0.0	0.0	0.25002152	0.0	0.292988	0.0	0.0	0.0	0.07973596	0.14439577	0.0	0.26099417	0.0	0.21704884	0.0	0.0	0.13294558	0.23824771	0.0	0.3502287	0.0	0.0	0.34693193	0.24561656	0.0	0.0	0.15893953	0.06108694	0.1627699	0.12773989	0.19492745	0.0	0.0	0.0	0.20867084	0.0	0.0	0.0	0.17038737	0.0	0.0034426015	0.0	0.0	0.14457221	0.0	0.0	0.0	0.0038471718	0.0	0.2615867	0.0	0.3077202	0.0	0.0	0.0	0.104899146	0.0951199	0.0	0.0	0.0	0.19916244	0.0	0.0	0.0	0.12516107	0.016324172	0.0	0.0	0.4576923	0.12518835	0.0	0.0	0.16891396	0.0	0.07122605	0.0	0.0	0.05405332	0.0	0.0	0.0	0.0	0.095828675	0.33470663	0.0	0.28310594	0.0	0.3123701	0.0	0.14912802	0.22719324	0.21344547	0.08496513	0.22506173	0.0	0.0	0.24194638	0.1718819	0.0	0.0	0.100471616	0.19832729	0.0	0.0	0.0
0.0868698	0.015325129	0.30610454	0.0	0.0	0.06434286	0.0049325773	0.0	0.0	0.2716441	0.0	0.1138218	0.0	0.0	0.05864978	0.22863312	0.0	0.0	0.0	0.0	0.0	0.0	0.031009944	0.0	0.0	0.25211808	0.0	0.25669095	0.0	0.0	0.0	0.07746851	0.15358008	0.0	0.26017803	0.0	0.22619103	0.0	0.0	0.13508733	0.22098303	0.0	0.2940073	0.0	0.0055013136	0.34133497	0.2819887	0.0	0.0	0.11093364	0.05808432	0.1487058	0.16059034	0.20116746	0.0	0.0	0.0	0.20879419	0.0	0.0	0.0	0.17339952	0.0	0.0007348694	0.0	0.0	0.09746335	0.0	0.0	0.0	0.01711981	0.0	0.26435798	0.0	0.32375458	0.0	0.0	0.0	0.09618006	0.09849142	0.0	0.0	0.0	0.16901386	0.0	0.0	0.0	0.10031562	0.037162397	0.0	0.0	0.41797957	0.121642195	0.0	0.0	0.15808515	0.0	0.074501	0.0	0.0	0.06375942	0.0	0.0	0.0	0.0	0.10899166	0.32299152	0.0	0.27890018	0.0	0.27394435	0.0	0.1346926	0.23641878	0.17843534	0.079280294	0.2169577	0.0	0.0	0.2504253	0.15473174	0.0	0.0	0.11748221	0.1913533	0.0	0.0	0.0
0.08614311	0.010946917	0.30545822	0.0	0.0	0.05266324	0.0059554013	0.0	0.0	0.26466084	0.0	0.1130028	0.0	0.0	0.054214165	0.22218074	0.0	0.0	0.0	0.0	0.0	0.0	0.032177683	0.0	0.0	0.24561036	0.0	0.24944739	0.0	0.0	0.0	0.07390392	0.14903621	0.0	0.2569115	0.0	0.21754515	0.0	0.0	0.13633637	0.22152364	0.0	0.28916922	0.0	0.0031431417	0.33290732	0.27538484	0.0	0.0	0.11001579	0.048862875	0.15604629	0.1609679	0.19706272	0.0	0.0	0.0	0.20126338	0.0	0.0	0.0	0.17332928	0.0	0.0031729776	0.0	0.0	0.099170886	0.0	0.0	0.0	0.011550184	0.0	0.26331005	0.0	0.3213418	0.0	0.0	0.0	0.09566625	0.0917239	0.0	0.0	0.0	0.1629585	0.0	0.0	0.0	0.09051383	0.034867015	0.0	0.0	0.40174913	0.12456272	0.0	0.0	0.15096898	0.0	0.0684774	0.0	0.0	0.058281336	0.0	0.0	0.0	0.0	0.10582322	0.31629208	0.0	0.28351864	0.0	0.2604794	0.0	0.12927632	0.22727025	0.16732948	0.07154383	0.21583386	0.0	0.0	0.25399902	0.15763347	0.0	0.0	0.11280086	0.1906048	0.0	0.0	0.0
0.110818125	0.027009709	0.32969943	0.0	0.0	0.07829133	0.0015507806	0.0	0.0	0.3390132	0.0	0.15818298	0.0	0.0	0.07818685	0.21961726	0.0	0.0	0.0	0.0	0.0	0.0	0.034691628	0.011040193	0.0	0.275198	0.0	0.2879289	0.0	0.0	0.0	0.10013476	0.15220861	0.0	0.29424024	0.0	0.22562033	0.0	0.0	0.14082855	0.26408303	0.0	0.34550396	0.0	0.0	0.37141013	0.29825687	0.0	0.0	0.10810354	0.05243935	0.19093128	0.15483814	0.23323995	0.0	0.0	0.0	0.22443521	0.0	0.0	0.0	0.17280681	0.0	0.0049081915	0.0	0.0	0.09207759	0.0	0.0	0.0	0.014140706	0.0	0.2748792	0.0	0.34371695	0.0	0.0	0.0	0.11776354	0.116073035	0.0	0.0	0.0	0.20504439	0.0	0.0	0.0	0.12689227	0.055229846	0.0	0.0	0.48504648	0.14230436	0.0	0.0	0.17050345	0.0	0.075921394	0.0	0.0	0.06614313	0.0	0.0	0.0	0.0	0.15013938	0.3639548	0.0	0.32270262	0.0	0.33450532	0.0	0.17514406	0.30183676	0.19440675	0.10568237	0.22694927	0.0	0.0	0.25291786	0.19048218	0.0	0.0	0.13856773	0.233653	0.0	0.0008474675	0.0
0.092566036	0.019029057	0.31442013	0.0	0.0	0.0713323	0.0037187648	0.0	0.0	0.2938435	0.0	0.12668286	0.0	0.0	0.06581107	0.22480182	0.0	0.0	0.0	0.0	0.0	0.0	0.03205873	0.0	0.0	0.26408175	0.0	0.2654505	0.0	0.0	0.0	0.08545363	0.15355654	0.0	0.27020743	0.0	0.22495252	0.0	0.0	0.134952	0.2343411	0.0	0.31040367	0.0	0.0044327057	0.3503572	0.28714997	0.0	0.0	0.10688164	0.055356335	0.16035263	0.15992424	0.21141966	0.0	0.0	0.0	0.21168584	0.0	0.0	0.0	0.1732558	0.0	0.0016701147	0.0	0.0	0.09437253	0.0	0.0	0.0	0.016418615	0.0	0.2670579	0.0	0.3314264	0.0	0.0	0.0	0.103641324	0.10492539	0.0	0.0	0.0	0.17937768	0.0	0.0	0.0	0.11016347	0.042273104	0.0	0.0	0.43844393	0.12977718	0.0	0.0	0.1613835	0.0	0.07636198	0.0	0.0	0.06579408	0.0	0.0	0.0	0.0	0.124479614	0.3367524	0.0	0.29314896	0.0	0.29530576	0.0	0.14778979	0.25942865	0.18190654	0.09032121	0.21954505	0.0	0.0	0.25168344	0.16687101	0.0	0.0	0.12643713	0.2053657	0.0	0.0	0.0
0.074540816	0.010217761	0.30272835	0.0	0.0	0.056551825	0.0063384916	0.0	0.0	0.25591674	0.0	0.101080745	0.0	0.0	0.0612693	0.23529357	0.0	0.0	0.0	0.0	0.0	0.0	0.033429686	0.0	0.0	0.24589288	0.0	0.24999173	0.0	0.0	0.0	0.077455886	0.15577267	0.0	0.24392736	0.0	0.2263484	0.0	0.0	0.14946975	0.22495437	0.0	0.2852534	0.0	0.00554618	0.32062155	0.28096902	0.0	0.0	0.10558614	0.05458765	0.1448718	0.15728688	0.19704168	0.0	0.0	0.0	0.20262621	0.0	0.0	0.0	0.17751925	0.0	0.008945439	0.0	0.0	0.1041222	0.0	0.0	0.0	0.011975913	0.0	0.25827864	0.0	0.3201767	0.0	0.0	0.0	0.10680747	0.09440691	0.0	0.0	0.0	0.15865768	0.0	0.0	0.0	0.08897597	0.027527655	0.0	0.0	0.39881316	0.11922892	0.0	0.0	0.14960656	0.0	0.07745405	0.0	0.0	0.05674687	0.0	0.0	0.0	0.0	0.091312826	0.32307217	0.0	0.28144446	0.0	0.2596052	0.0	0.12674756	0.227283	0.17714389	0.083045535	0.21752761	0.0	0.0	0.26147765	0.1498123	0.0	0.0	0.114519544	0.17944002	0.0	0.0	0.0
0.09218997	0.021604434	0.3091254	0.0	0.0	0.07758459	0.0057811406	0.0	0.0	0.2974568	0.0	0.13110888	0.0	0.0	0.07078502	0.22802329	0.0	0.0	0.0	0.0	0.0	0.0	0.02793301	0.0015765605	0.0	0.26456347	0.0	0.26696262	0.0	0.0	0.0	0.084523804	0.15581071	0.0	0.2724227	0.0	0.22774701	0.0	0.0	0.13762935	0.24009208	0.0	0.31387436	0.0	0.00026806197	0.34888175	0.2895355	0.0	0.0	0.11058545	0.05678184	0.15871246	0.15775684	0.21088503	0.0	0.0	0.0	0.2138656	0.0	0.0	0.0	0.17567714	0.0	0.0051855645	0.0	0.0	0.094870575	0.0	0.0	0.0	0.012275907	0.0	0.26772812	0.0	0.33440423	0.0	0.0	0.0	0.10706702	0.101801105	0.0	0.0	0.0	0.17934461	0.0	0.0	0.0	0.11613196	0.041475054	0.0	0.0	0.44932827	0.13257656	0.0	0.0	0.15983862	0.0	0.076059386	0.0	0.0	0.06041516	0.0	0.0	0.0	0.0	0.12496164	0.33990586	0.0	0.2963689	0.0	0.30181044	0.0	0.148543	0.26699018	0.18971823	0.09789586	0.22681038	0.0	0.0	0.24848719	0.16887152	0.0	0.0	0.13436909	0.21379252	0.0	0.0020905037	0.0
0.108413704	0.028626263	0.32449508	0.0	0.0	0.073570766	0.003453131	0.0	0.0	0.31895182	0.0	0.14296709	0.0	0.0	0.068882965	0.22294281	0.0	0.0	0.0	0.0	0.0	0.0	0.03030668	0.004019491	0.0	0.28266212	0.0	0.27709898	0.0	0.0	0.0	0.09503693	0.15511072	0.0	0.2844034	0.0	0.23168439	0.0	0.0	0.13828915	0.25585374	0.0	0.3304994	0.0	0.0	0.36281684	0.2884126	0.0	0.0	0.10661232	0.05066742	0.17410956	0.15734233	0.22234543	0.0	0.0	0.0	0.2160006	0.0	0.0	0.0	0.18020292	0.0	0.008733153	0.0	0.0	0.09753287	0.0	0.0	0.0	0.012872792	0.0	0.27789894	0.0	0.34126365	0.0	0.0	0.0	0.11432787	0.108840585	0.0	0.0	0.0	0.19329815	0.0	0.0	0.0	0.122556955	0.0411491	0.0	0.0	0.4691927	0.13999122	0.0	0.0	0.16360065	0.0	0.08231745	0.0	0.0	0.067311525	0.0	0.0	0.0	0.0	0.13656129	0.3557054	0.0	0.3118968	0.0	0.3247098	0.0	0.1624903	0.28417084	0.18977399	0.10870513	0.22517376	0.0	0.0	0.24928159	0.18561994	0.0	0.0	0.13715845	0.22518456	0.0	0.0027382697	0.0
0.16441126	0.009575492	0.2968593	0.0	0.0	0.033190176	0.0	0.0	0.0	0.28931865	0.0	0.15077962	0.0	0.0	0.032284185	0.28496704	0.0	0.0	0.0	0.0	0.0	0.0	0.012230142	0.0	0.0	0.25323927	0.0	0.30409348	0.0	0.0	0.0	0.07624558	0.1465153	0.0	0.24934225	0.0	0.22239912	0.0	0.0	0.12956057	0.24180084	0.0	0.36594442	0.0	0.0	0.34687284	0.22554393	0.0	0.0	0.17974491	0.06778142	0.15382195	0.11422518	0.18864173	0.0	0.0	0.0	0.20453127	0.0	0.0	0.0	0.17256236	0.0	0.005196979	0.0	0.0	0.16361046	0.0	0.0	0.0	0.0	0.0	0.26115057	0.0	0.30130658	0.0	0.0	0.0	0.10754648	0.09229519	0.0	0.0	0.0	0.20791042	0.0	0.0	0.0	0.1421587	0.00962732	0.0	0.0	0.4686753	0.11910593	0.0	0.0	0.16650018	0.0	0.07648135	0.0	0.0	0.04951628	0.0	0.0	0.0	0.0	0.08105766	0.33864188	0.0	0.2766755	0.0	0.33218363	0.0	0.14549433	0.21580045	0.24082403	0.09441629	0.23729533	0.0	0.0	0.23575018	0.16849965	0.0	0.0011660941	0.09870199	0.19867004	0.0	0.0	0.0
0.086399615	0.013014088	0.3029137	0.0	0.0	0.053591028	0.0012089567	0.0	0.0	0.25422034	0.0	0.10320447	0.0	0.0	0.049702078	0.23013942	0.0	0.0	0.0	0.0	0.0	0.0	0.029698173	0.0	0.0	0.24525379	0.0	0.24934109	0.0	0.0	0.0	0.072170965	0.14878649	0.0	0.24640344	0.0	0.22030288	0.0	0.0	0.13425817	0.215802	0.0	0.2842171	0.0	0.0055234022	0.33102655	0.26792452	0.0	0.0	0.11239476	0.05497104	0.14555761	0.15892823	0.19027233	0.0	0.0	0.0	0.19703615	0.0	0.0	0.0	0.17247866	0.0	0.0018032627	0.0	0.0	0.102710046	0.0	0.0	0.0	0.013834302	0.0	0.26018015	0.0	0.3117887	0.0	0.0	0.0	0.09458246	0.09143293	0.0	0.0	0.0	0.1597473	0.0	0.0	0.0	0.09184746	0.031154826	0.0	0.0	0.39745602	0.11495667	0.0	0.0	0.14937986	0.0	0.07366689	0.0	0.0	0.05596529	0.0	0.0	0.0	0.0	0.09237651	0.3135402	0.0	0.27270195	0.0	0.258795	0.0	0.121711485	0.21807219	0.17763354	0.070307665	0.216594	0.0	0.0	0.2514505	0.14982958	0.0	0.0	0.10645775	0.18176496	0.0	0.0	0.0
0.1261495	0.021620683	0.33011973	0.0	0.0	0.074368745	0.0	0.0	0.0	0.35324654	0.0	0.19056888	0.0	0.0	0.07422843	0.23079765	0.0	0.0	0.0	0.0	0.0	0.0	0.029405877	0.0058799065	0.0	0.272194	0.0	0.30707857	0.0	0.0	0.0	0.09993443	0.15343082	0.0	0.3077812	0.0	0.2230084	0.0	0.0	0.1493991	0.27359462	0.0	0.36904392	0.0	0.0	0.37374237	0.3044747	0.0	0.0	0.12149152	0.04985338	0.19377027	0.14619401	0.2408071	0.0	0.0	0.0	0.23695268	0.0	0.0	0.0	0.17505568	0.0	0.008667153	0.0	0.0	0.10987591	0.0	0.0	0.0	0.008640636	0.0	0.27776682	0.0	0.35927784	0.0	0.0	0.0	0.121423446	0.11387619	0.0	0.0	0.0	0.21859224	0.0	0.0	0.0	0.1337754	0.05217464	0.0	0.0	0.51116973	0.15516351	0.0	0.0	0.1847722	0.0	0.07153345	0.0	0.0	0.067773305	0.0	0.0	0.0	0.0	0.16878688	0.37433138	0.0	0.33138698	0.0	0.34518084	0.0	0.19419515	0.3184214	0.20059331	0.110473625	0.22579537	0.0	0.0	0.24712221	0.20712696	0.0	0.0	0.14448006	0.24775903	0.0	0.0010567257	0.0
0.06114875	0.011769461	0.3008623	0.0	0.0	0.05800389	0.0097176945	0.0	0.0	0.24459225	0.0	0.08034572	0.0	0.0	0.06340558	0.2205743	0.0	0.0	0.0	0.0	0.0	0.0	0.030242244	0.0	0.0	0.24078526	0.0	0.2325067	0.0	0.0	0.0	0.065806724	0.15245958	0.0	0.23513691	0.0	0.22537212	0.0	0.0	0.13033088	0.19817859	0.0	0.25842202	0.0	0.004294244	0.31853405	0.27261975	0.0	0.0	0.10425186	0.060233075	0.1356904	0.17345114	0.18871962	0.0	0.0	0.0	0.1949001	0.0	0.0	0.0	0.16486867	0.0	0.0	0.0	0.0	0.086736985	0.0	0.0	0.0	0.011977597	0.0	0.25988707	0.0	0.30576357	0.0	0.0	0.0	0.09345434	0.08978682	0.0	0.0	0.0	0.13976444	0.0	0.0	0.0	0.087563656	0.03944027	0.0	0.0	0.38051558	0.10951465	0.0	0.0	0.14028412	0.0	0.0703364	0.0	0.0	0.051262274	0.0	0.0	0.0	0.0	0.081202835	0.3075355	0.0	0.26876324	0.0	0.24488409	0.0	0.102605544	0.20293392	0.17165112	0.06328502	0.21922044	0.0	0.0	0.25224373	0.13306819	0.0	0.0	0.10642872	0.17672296	0.0	0.0	0.0
0.091047384	0.005527982	0.307267	0.0	0.0	0.04946414	0.0057226927	0.0	0.0	0.2583623	0.0	0.10703618	0.0	0.0	0.04999471	0.22844823	0.0	0.0	0.0	0.0	0.0	0.0	0.0312438	0.0	0.0	0.24304463	0.0	0.25096628	0.0	0.0	0.0	0.07433781	0.14868872	0.0	0.25164708	0.0	0.21935673	0.0	0.0	0.13633665	0.21797514	0.0	0.28993097	0.0	0.0063316287	0.33139327	0.26950645	0.0	0.0	0.116168104	0.053298283	0.15356006	0.15921836	0.19516759	0.0	0.0	0.0	0.20216034	0.0	0.0	0.0	0.17051418	0.0	0.0021052212	0.0	0.0	0.10515273	0.0	0.0	0.0	0.013968393	0.0	0.26159367	0.0	0.31186783	0.0	0.0	0.0	0.09477264	0.0960548	0.0	0.0	0.0	0.16740052	0.0	0.0	0.0	0.09218848	0.034621794	0.0	0.0	0.40069425	0.117355056	0.0	0.0	0.15250994	0.0	0.0711888	0.0	0.0	0.056547496	0.0	0.0	0.0	0.0	0.09743615	0.3156782	0.0	0.27795708	0.0	0.26032418	0.0	0.1286775	0.2210778	0.17068048	0.06726534	0.21547769	0.0	0.0	0.255556	0.15133838	0.0	0.0	0.096461296	0.18294902	0.0	0.0	0.0
0.22772236	0.0	0.32150784	0.0	0.0	0.015656017	0.0	0.0	0.0	0.33469185	0.0	0.20657395	0.0	0.0	0.018926784	0.33837423	0.0	0.0	0.0	0.0	0.0	0.0	0.01322714	0.0	0.0	0.26293322	0.0	0.365469	0.0	0.0	0.0	0.08418647	0.15180577	0.0	0.2617179	0.0	0.2388647	0.0	0.0	0.14973773	0.28035066	0.0	0.44095662	0.0	0.0	0.36137417	0.20751226	0.0	0.0	0.22975208	0.066132866	0.17447555	0.08430786	0.21791565	0.0	0.0	0.0	0.2332309	0.0	0.0	0.0	0.18186074	0.0	0.011605945	0.0	0.0	0.22593318	0.0	0.0	0.0	0.0	0.0	0.27504793	0.0	0.31146386	0.0	0.0	0.0	0.13353525	0.092689954	0.0	0.0	0.0	0.26335886	0.0	0.0	0.0	0.18859386	0.0	0.0	0.0	0.5471373	0.12367835	0.0	0.0	0.18046077	0.0	0.0807419	0.0	0.0	0.04345053	0.0	0.0	0.0	0.0	0.07649997	0.38933071	0.0	0.29503393	0.0	0.40286526	0.0	0.185995	0.23532271	0.29558167	0.124046884	0.25362262	0.0	0.0	0.24058723	0.19198804	0.0	0.006388215	0.08963866	0.21683855	0.0	0.0	0.0
0.08432106	0.0	0.30215105	0.0	0.0	0.0430086	0.015122864	0.0	0.0	0.24802773	0.0	0.08550467	0.0	0.0	0.052716505	0.22205882	0.0	0.0	0.0	0.0	0.0	0.0	0.027978199	0.0	0.0	0.23726422	0.0	0.23580629	0.0	0.0	0.0	0.06496426	0.14479162	0.0	0.23541427	0.0	0.22007625	0.0	0.0	0.13500936	0.21155755	0.0	0.27207285	0.0	0.0004557433	0.31658572	0.2579293	0.0	0.0	0.119848944	0.052993808	0.1496888	0.16219397	0.18396877	0.0	0.0	0.0	0.18663304	0.0	0.0	0.0	0.1661167	0.0	7.536759e-05	0.0	0.0	0.10074275	0.0	0.0	0.0	0.005544239	0.0	0.2559954	0.0	0.29604128	0.0	0.0	0.0	0.0915898	0.08929533	0.0	0.0	0.0	0.15195127	0.0	0.0	0.0	0.087206535	0.030566217	0.0	0.0	0.38002047	0.11198703	0.0	0.0	0.13692838	0.0	0.07039043	0.0	0.0	0.045117576	0.0	0.0	0.0	0.0	0.076600224	0.3087011	0.0	0.27933985	0.0	0.25040072	0.0	0.10714486	0.20105886	0.1717689	0.06748983	0.22466175	0.0	0.0	0.25682533	0.14125882	0.0	0.0024557908	0.08229443	0.18037911	0.0	0.0	0.0
0.21707307	0.0	0.32614133	0.0	0.0	0.017824894	0.027145872	0.0	0.0	0.36573854	0.0	0.25017506	0.0	0.0	0.038392436	0.28486195	0.0	0.0	0.0	0.0	0.0	0.0	0.016514014	0.0	0.0	0.21774428	0.0	0.38170484	0.0	0.0	0.0	0.102207564	0.13351674	0.0	0.33344746	0.0	0.23819692	0.0	0.0	0.20103967	0.2973833	0.0	0.43795216	0.0	0.002454415	0.35741428	0.27134743	0.0	0.0	0.21580805	0.04811055	0.21559834	0.12903379	0.28590548	0.0	0.0	0.0	0.2974281	0.0	0.0	0.0	0.16826653	0.0	0.005290968	0.0	0.0	0.20465426	0.0	0.0	0.0	0.0	0.0	0.2729676	0.0	0.3498673	0.0	0.0	0.0	0.093630604	0.107197605	0.0	0.0	0.0	0.29194233	0.0	0.0	0.0	0.13285893	0.011794333	0.0	0.0	0.5371232	0.17390282	0.0	0.0	0.21281485	0.0	0.058743853	0.0	0.0	0.06980347	0.0	0.0	0.0	0.0	0.1491878	0.40174663	0.0	0.34236884	0.0	0.37488863	0.0	0.24779104	0.30225918	0.19722565	0.087249935	0.22120851	0.0	0.0	0.25745863	0.22087567	0.0	0.0107629625	0.096928686	0.23988537	0.0	0.0	0.0
0.1519183	0.0	0.3162171	0.0	0.0	0.016240353	0.02039742	0.0	0.0	0.3226172	0.0	0.21215653	0.0	0.0	0.04192179	0.20435648	0.0	0.0	0.0	0.0	0.0	0.0	0.015022747	0.0	0.0	0.18161833	0.0	0.30975237	0.0	0.0	0.0	0.09563854	0.12500595	0.0	0.32025293	0.0	0.19826585	0.0	0.0	0.18341543	0.24510777	0.0	0.35861337	0.0	0.009261758	0.33875945	0.28735778	0.0	0.0	0.15417403	0.03414279	0.21272932	0.16188955	0.24522857	0.0	0.0	0.0	0.25975063	0.0	0.0	0.0	0.16409588	0.0	0.002279386	0.0	0.0	0.14352985	0.0	0.0	0.0	0.0	0.0	0.25116834	0.0	0.34214485	0.0	0.0	0.0	0.07844991	0.09260073	0.0	0.0	0.0	0.21883027	0.0	0.0	0.0	0.0629889	0.05262403	0.0	0.0	0.4314476	0.18789478	0.0	0.0	0.19554688	0.0	0.03285415	0.0	0.0	0.08649104	0.0	0.0	0.0	0.0	0.16108538	0.3456985	0.0	0.3295654	0.0	0.26361567	0.0	0.2101664	0.2694388	0.101409115	0.043850396	0.1820332	0.0	0.0	0.25226265	0.20097846	0.0	0.00059136376	0.08368442	0.22020976	0.0	0.0	0.0
0.23437436	0.0	0.36162677	0.0	0.0	0.032764778	0.038773425	0.0	0.0	0.4273362	0.0	0.29621178	0.0	0.0	0.06930104	0.27124074	0.0	0.0	0.0	0.0	0.0	0.0	0.019414099	0.0	0.0	0.2430178	0.0	0.40887865	0.0	0.0	0.0	0.11682954	0.15988193	0.0	0.37947097	0.0	0.26013705	0.0	0.0	0.20443054	0.3265959	0.0	0.4716501	0.0	0.0	0.37951553	0.31960085	0.0	0.0	0.21676762	0.044600338	0.25199428	0.13580267	0.31534818	0.0	0.0	0.0	0.3286909	0.0	0.0	0.0	0.17930774	0.0	0.00897897	0.0	0.0	0.20030533	0.0	0.0	0.0	0.0	0.0	0.30253768	0.0	0.39178792	0.0	0.0	0.0	0.10912023	0.14029002	0.0	0.0	0.0	0.31244275	0.0041957633	0.0	0.0	0.15625139	0.018666176	0.0	0.0	0.5985542	0.19428228	0.0	0.0	0.23700081	0.0	0.07061782	0.0	0.0	0.098068275	0.0	0.0	0.0	0.0	0.20831303	0.44617203	0.0	0.3715218	0.0	0.4054432	0.0	0.2808638	0.3751501	0.19355011	0.115075625	0.2148083	0.0	0.0	0.26398107	0.25458845	0.0	0.0045363656	0.12948957	0.26927835	0.0	0.0	0.0
0.18282999	0.0	0.3340502	0.0	0.0	0.0072736493	0.024725378	0.0	0.0	0.3605751	0.0	0.26007715	0.0	0.0	0.03954984	0.2285978	0.0	0.0	0.0	0.0	0.0	0.0	0.030251145	0.0	0.0	0.20189695	0.0	0.3537868	0.0	0.0	0.0	0.11571594	0.14763515	0.0	0.3416606	0.0	0.21215041	0.0	0.0	0.2061892	0.26487008	0.0	0.40942177	0.0	0.0	0.34821627	0.30789003	0.0	0.0	0.16004258	0.032334108	0.24057724	0.15141228	0.28415498	0.0	0.0	0.0	0.30235448	0.0	0.0	0.0	0.17248155	0.0	0.015549286	0.0	0.0	0.17408991	0.0	0.0	0.0	0.0	0.0	0.27736184	0.0	0.36969182	0.0	0.0	0.0	0.08663615	0.111148775	0.0	0.0	0.0	0.25353628	0.0	0.0	0.0	0.06945459	0.05186517	0.0	0.0	0.4877583	0.20975567	0.0	0.0	0.21874072	0.0	0.04319884	0.0	0.0	0.107402675	0.0	0.0	0.0	0.0	0.19842272	0.39054203	0.0	0.35904905	0.0	0.30342337	0.0	0.25799036	0.32237354	0.10493698	0.07138493	0.16216135	0.0	0.0	0.2539165	0.24300905	0.0	0.00018489826	0.08335339	0.23164916	0.0	0.0	0.0
0.09963781	0.0	0.3104441	0.0	0.0	0.024393493	0.03134747	0.0	0.0	0.2943855	0.0	0.16767533	0.0	0.0	0.054872934	0.19637513	0.0	0.0	0.0	0.0	0.0	0.0	0.027453875	0.0	0.0	0.20165084	0.0	0.26560035	0.0	0.0	0.0	0.071647905	0.13963814	0.0	0.30756116	0.0	0.20572038	0.0	0.0	0.15801203	0.21474366	0.0	0.301806	0.0	0.0078877015	0.33278206	0.30732322	0.0	0.0	0.13628395	0.04276179	0.18918686	0.17290308	0.23053324	0.0	0.0	0.0	0.24474789	0.0	0.0	0.0	0.1693393	0.0	0.0	0.0	0.0	0.10691159	0.0	0.0	0.0	0.0034577313	0.0	0.26685467	0.0	0.3474225	0.0	0.0	0.0	0.089401126	0.08714259	0.0	0.0	0.0	0.17576338	0.0	0.0	0.0	0.0661478	0.06613087	0.0	0.0	0.4112732	0.16134872	0.0	0.0	0.18063124	0.0	0.03898413	0.0	0.0	0.08815893	0.0	0.0	0.0	0.0	0.14825651	0.32829696	0.0	0.29571143	0.0	0.23331107	0.0	0.17148344	0.24229653	0.11262662	0.038766965	0.18472557	0.0	0.0	0.2550508	0.16115989	0.0	0.0	0.11995234	0.1972603	0.0	0.0	0.0
0.14174007	0.0	0.33767307	0.0	0.0	0.04982634	0.03246062	0.0	0.0	0.35799828	0.0	0.21601616	0.0	0.0	0.07945577	0.21023048	0.0	0.0	0.0	0.0	0.0	0.0	0.031392682	0.0	0.0	0.23569901	0.0	0.31060377	0.0	0.0	0.0	0.10279801	0.14908177	0.0	0.34055224	0.0	0.22537048	0.0	0.0	0.16964185	0.2788858	0.0	0.36628106	0.0	0.0005576921	0.36197045	0.32941326	0.0	0.0	0.1412154	0.03621134	0.21999085	0.16466095	0.2647752	0.0	0.0	0.0	0.27179483	0.0	0.0	0.0	0.17458515	0.0	0.0028068349	0.0	0.0	0.11898271	0.0	0.0	0.0	0.008243254	0.0	0.28066555	0.0	0.36839166	0.0	0.0	0.0	0.103099264	0.12306949	0.0	0.0	0.0	0.22862756	0.0	0.0	0.0	0.09781748	0.061550003	0.0	0.0	0.49284217	0.17697014	0.0	0.0	0.20071901	0.0	0.06547264	0.0	0.0	0.092059486	0.0	0.0	0.0	0.0	0.19420516	0.37451258	0.0	0.34083807	0.0	0.3124908	0.0	0.223975	0.33009824	0.14247616	0.08253989	0.1987618	0.0	0.0	0.26221797	0.2126954	0.0	0.0	0.13224259	0.2369963	0.0	0.0	0.0
0.1340924	0.0	0.3445102	0.0	0.0	0.057703514	0.023266794	0.0	0.0	0.3758366	0.0	0.2220474	0.0010528442	0.0	0.09189317	0.2061102	0.0	0.0	0.0	0.0	0.0	0.0	0.034062773	0.0	0.0	0.24293637	0.0	0.31171334	0.0	0.0	0.0	0.10511915	0.15570003	0.0	0.34342432	0.0	0.22803147	0.0	0.0	0.16854711	0.27755794	0.0	0.3678174	0.0	0.00063680735	0.3724296	0.3353206	0.0	0.0	0.12784009	0.035733704	0.22377658	0.16174467	0.26971698	0.0	0.0	0.0	0.26913282	0.0	0.0	0.0	0.17842995	0.0	0.006251415	0.0	0.0	0.11060997	0.0	0.0	0.0	0.007056629	0.0	0.280453	0.0	0.37533584	0.0	0.0	0.0	0.11207203	0.124193095	0.0	0.0	0.0	0.22769721	0.0	0.0	0.0	0.11336956	0.06864107	0.0	0.0	0.5092189	0.1792235	0.0	0.0	0.20230365	0.0	0.06299674	0.0	0.0	0.08641612	0.0	0.0	0.0	0.0	0.19986151	0.3817048	0.0	0.34506473	0.0	0.32732177	0.0	0.22786252	0.3442098	0.1494508	0.092044316	0.20752724	0.0	0.0	0.26537767	0.21615136	0.0	0.0	0.15497297	0.2481287	0.0	0.0	0.0
0.13277309	0.0	0.31135777	0.0	0.0	0.01812662	0.024688303	0.0	0.0	0.2980132	0.0	0.19211918	0.0	0.0	0.037591353	0.20571218	0.0	0.0	0.0	0.0	0.0	0.0	0.018859234	0.0	0.0	0.18191004	0.0	0.29026887	0.0	0.0	0.0	0.09308851	0.11831229	0.0	0.31324252	0.0	0.20060481	0.0	0.0	0.18198521	0.23901014	0.0	0.33991408	0.0	0.010427519	0.32520664	0.28228238	0.0	0.0	0.1492241	0.037714962	0.20535785	0.16508438	0.23616447	0.0	0.0	0.0	0.24971658	0.0	0.0	0.0	0.16346821	0.0	0.00467987	0.0	0.0	0.13922723	0.0	0.0	0.0	0.0	0.0	0.25118625	0.0	0.33457848	0.0	0.0	0.0	0.073517434	0.09596858	0.0	0.0	0.0	0.20354456	0.0	0.0	0.0	0.059257925	0.05242151	0.0	0.0	0.4100556	0.17203705	0.0	0.0	0.18667878	0.0	0.03617323	0.0	0.0	0.08559003	0.0	0.0	0.0	0.0	0.14493196	0.33358112	0.0	0.31589296	0.0	0.24329071	0.0	0.19336404	0.25751308	0.10491297	0.04046237	0.18021768	0.0	0.0	0.25372714	0.18828474	0.0	0.0016739158	0.07638573	0.21233316	0.0	0.0	0.0
0.21126847	0.0	0.35431275	0.0	0.0	0.026874691	0.038409818	0.0	0.0	0.41156557	0.0	0.27319905	0.0	0.0	0.056126382	0.2507802	0.0	0.0	0.0	0.0	0.0	0.0	0.022432735	0.0	0.0	0.23989041	0.0	0.3873228	0.0	0.0	0.0	0.11399376	0.15500025	0.0	0.35889378	0.0	0.24023241	0.0	0.0	0.19493492	0.30463722	0.0	0.45690012	0.0	0.0	0.37582025	0.31042877	0.0	0.0	0.19276738	0.04687256	0.24455376	0.14090256	0.3023426	0.0	0.0	0.0	0.30637145	0.0	0.0	0.0	0.1760432	0.0	0.011406635	0.0	0.0	0.1834656	0.0	0.0	0.0	0.0	0.0	0.29796013	0.0	0.37891617	0.0	0.0	0.0	0.115572624	0.13619556	0.0	0.0	0.0	0.28518486	0.0028560807	0.0	0.0	0.13752373	0.033944175	0.0	0.0	0.56842905	0.19255848	0.0	0.0	0.2320457	0.0	0.06251045	0.0	0.0	0.10496795	0.0	0.0	0.0	0.0	0.19227862	0.4321681	0.0	0.35667124	0.0	0.37696937	0.0	0.2601136	0.34457815	0.1805175	0.10084674	0.19214775	0.0	0.0	0.26219383	0.24467923	0.0	0.0	0.12858832	0.25538936	0.0	0.0	0.0
0.17804421	0.0	0.32688808	0.0	0.0	0.022187391	0.035029806	0.0	0.0	0.35262275	0.0	0.21677126	0.0	0.0	0.04119788	0.23852865	0.0	0.0	0.0	0.0	0.0	0.0	0.019426415	0.0	0.0	0.22460712	0.0	0.34434608	0.0	0.0	0.0	0.10011891	0.132972	0.0	0.32342026	0.0	0.23035026	0.0	0.0	0.1898243	0.2935275	0.0	0.4035107	0.0	0.00846023	0.35864314	0.27248886	0.0	0.0	0.18102558	0.062844105	0.22907561	0.1514092	0.27865863	0.0	0.0	0.0	0.28244683	0.0	0.0	0.0	0.16638462	0.0	0.011671999	0.0	0.0	0.17271699	0.0	0.0	0.0	0.0	0.0	0.28592572	0.0	0.34312907	0.0	0.0	0.0	0.102680124	0.11977733	0.0	0.0	0.0	0.24951936	0.0	0.0	0.0	0.10262015	0.03056162	0.0	0.0	0.513429	0.1529469	0.0	0.0	0.20109196	0.0	0.059607398	0.0	0.0	0.09418971	0.0	0.0	0.0	0.0	0.13863832	0.40004635	0.0	0.32734942	0.0	0.32419917	0.0	0.22157139	0.29871914	0.1639105	0.07320263	0.18775952	0.0	0.0	0.25434306	0.21778917	0.0	0.002023166	0.095391564	0.22814707	0.0	0.0	0.0
0.1338883	0.0	0.31709096	0.0	0.0	0.025561625	0.025255956	0.0	0.0	0.3017034	0.0	0.18404435	0.0	0.0	0.048132915	0.20358537	0.0	0.0	0.0	0.0	0.0	0.0	0.025617367	0.0	0.0	0.19567908	0.0	0.28919616	0.0	0.0	0.0	0.09092767	0.120061934	0.0	0.31270397	0.0	0.21183725	0.0	0.0	0.18574423	0.2495051	0.0	0.33305195	0.0	0.0060560443	0.32871816	0.2948079	0.0	0.0	0.13888736	0.036468107	0.20216942	0.17222555	0.23760055	0.0	0.0	0.0	0.2525412	0.0	0.0	0.0	0.17175879	0.0	0.0025704156	0.0	0.0	0.13297255	0.0	0.0	0.0	0.0004268661	0.0	0.2553946	0.0	0.33340064	0.0	0.0	0.0	0.06957724	0.10180544	0.0	0.0	0.0	0.20598792	0.0	0.0	0.0	0.0565528	0.052250728	0.0	0.0	0.41701385	0.16438125	0.0	0.0	0.18197955	0.0	0.044166535	0.0	0.0	0.079030685	0.0	0.0	0.0	0.0	0.14767969	0.33502647	0.0	0.31891418	0.0	0.2506405	0.0	0.18993014	0.26834044	0.11321313	0.048670936	0.1801346	0.0	0.0	0.25661692	0.19308197	0.0	0.0	0.09320786	0.21183951	0.0	0.0	0.0
0.15632015	0.0	0.32621786	0.0	0.0	0.026679108	0.023105418	0.0	0.0	0.30214283	0.0	0.22007549	0.0065454864	0.0	0.039386734	0.19944902	0.0	0.0	0.0	0.0	0.0	0.0	0.027386859	0.0	0.0	0.1713832	0.0	0.30784443	0.0	0.0	0.0	0.10051903	0.114745475	0.0	0.33838296	0.0	0.21320574	0.0	0.0	0.20578767	0.25559044	0.0	0.340312	0.0	0.0071238144	0.3253764	0.3078083	0.0	0.0	0.14572184	0.031516094	0.21153261	0.17833118	0.24730481	0.0	0.0	0.0	0.28518197	0.0	0.0	0.0	0.1739285	0.0	0.005641479	0.0	0.0	0.14713494	0.0	0.0	0.0	0.0	0.0	0.25506464	0.0	0.35416338	0.0	0.0	0.0	0.051884145	0.09657357	0.0	0.0	0.0	0.22296403	0.0	0.0	0.0	0.043225873	0.063893095	0.0	0.0	0.40655306	0.19269282	0.0	0.0	0.20313235	0.0	0.030670382	0.0	0.0	0.09704626	0.0	0.0	0.0	0.0	0.17469992	0.33635285	0.0	0.32108405	0.0	0.22689009	0.0	0.216453	0.28405365	0.0761132	0.04157303	0.14807382	0.0	0.0	0.25616446	0.2104214	0.0	0.00013672157	0.08365897	0.21364497	0.0	0.0	0.0
0.14956684	0.0	0.33340552	0.0	0.0	0.042891476	0.034476567	0.0	0.0	0.33755812	0.0	0.21151777	0.0	0.0	0.07054039	0.22089446	0.0	0.0	0.0	0.0	0.0	0.0	0.037026778	0.0	0.0	0.21188907	0.0	0.31256744	0.0	0.0	0.0	0.10706997	0.13640781	0.0	0.33884797	0.0	0.22964616	0.0	0.0	0.18557091	0.27936414	0.0	0.3597097	0.0	0.009787116	0.3457048	0.32050058	0.0	0.0	0.13917802	0.033705328	0.21856837	0.16062964	0.2666661	0.0	0.0	0.0	0.27724147	0.0	0.0	0.0	0.17733526	0.0	0.0038506489	0.0	0.0	0.12996542	0.0	0.0	0.0	0.0	0.0	0.26925695	0.0	0.36065134	0.0	0.0	0.0	0.07562325	0.11603061	0.0	0.0	0.0	0.23778856	0.0	0.0	0.0	0.08485063	0.055010993	0.0	0.0	0.469973	0.17701708	0.0	0.0	0.19787346	0.0	0.056162026	0.0	0.0	0.08158258	0.0	0.0	0.0	0.0	0.18546854	0.3739078	0.0	0.33880636	0.0	0.2961994	0.0	0.22414903	0.32441926	0.12223419	0.07340517	0.19405468	0.0	0.0	0.270282	0.21447986	0.0	0.005100742	0.11751437	0.23502493	0.0	0.0	0.0
0.13959299	0.0	0.31609	0.0	0.0	0.029152548	0.021091925	0.0	0.0	0.26795602	0.0	0.20748748	0.016131109	0.0	0.04181761	0.20691065	0.0	0.0	0.0	0.0	0.0	0.0	0.03179719	0.0	0.0	0.14027993	0.0	0.2939388	0.0	0.0	0.0	0.08363489	0.10893122	0.0	0.34006765	0.0	0.21441074	0.0	0.0	0.21707638	0.23759179	0.0	0.30472553	0.0	0.007955759	0.30852273	0.311002	0.0	0.0	0.15010832	0.025127342	0.17911585	0.1947416	0.23774837	0.0	0.0	0.0	0.30142653	0.0	0.0	0.0	0.16398029	0.0	0.0	0.0	0.0	0.14532173	0.0	0.0	0.0	0.0	0.0	0.2322252	0.0	0.3485807	0.0	0.0	0.0	0.046374004	0.0919169	0.0	0.0	0.0	0.2176169	0.0	0.0	0.0	0.023906885	0.073679686	0.0	0.0	0.3653243	0.19806994	0.0	0.0	0.20368004	0.0	0.027745226	0.0	0.0	0.08310056	0.0	0.0	0.0	0.0	0.17370097	0.31265885	0.0	0.30789527	0.0	0.19389714	0.0	0.20975661	0.25969627	0.06296245	0.025666155	0.14323054	0.0	0.0	0.25313357	0.17570464	0.0	0.0057337037	0.09682319	0.19059734	0.0	0.0	0.0
0.14766635	0.0	0.3339988	0.0	0.0	0.05009812	0.043278843	0.0	0.0	0.33544287	0.0	0.20088029	0.0	0.0	0.067339726	0.22312824	0.0	0.0	0.0	0.0	0.0	0.0	0.026853792	0.0	0.0	0.22086048	0.0	0.30068564	0.0	0.0	0.0	0.10391674	0.13624057	0.0	0.32845446	0.0	0.2367279	0.0	0.0	0.18081968	0.28418937	0.0	0.36238828	0.0	0.0036374715	0.34314004	0.30941173	0.0	0.0	0.1515253	0.0494076	0.20422442	0.16032495	0.25091496	0.0	0.0	0.0	0.2610396	0.0	0.0	0.0	0.17533506	0.0	0.0051872395	0.0	0.0	0.13571866	0.0	0.0	0.0	0.0	0.0	0.27028823	0.0	0.35377416	0.0	0.0	0.0	0.07972059	0.12602639	0.0	0.0	0.0	0.24033302	0.0	0.0	0.0	0.0928384	0.04616806	0.0	0.0	0.4735454	0.16203566	0.0	0.0	0.18841505	0.0	0.060644966	0.0	0.0	0.082444064	0.0	0.0	0.0	0.0	0.16558965	0.3614464	0.0	0.3221846	0.0	0.29866037	0.0	0.20628832	0.3092037	0.14872192	0.07571287	0.19430329	0.0	0.0	0.26163164	0.20540352	0.0	0.00074345217	0.1158342	0.2327466	0.0	0.0	0.0
0.25447166	0.0	0.33800122	0.0	0.0	0.0045244396	0.008670097	0.0	0.0	0.36555886	0.0	0.29850718	0.0	0.0	0.024262568	0.29586148	0.0	0.0	0.0	0.0	0.0	0.0	0.013640203	0.0	0.0	0.1871723	0.0	0.40901217	0.0	0.0	0.0	0.10183489	0.124831975	0.0	0.35250986	0.0	0.23527204	0.0	0.0	0.21985495	0.30120906	0.0	0.46441522	0.0	0.0	0.3496572	0.2745721	0.0	0.0	0.23864271	0.050694097	0.2213369	0.11903123	0.2820184	0.0	0.0	0.0	0.31991878	0.0	0.0	0.0	0.17743929	0.0	0.008154643	0.0	0.0	0.24060774	0.0	0.0	0.0	0.0	0.0	0.2621679	0.0	0.3563883	0.0	0.0	0.0	0.0768182	0.1045866	0.0	0.0	0.0	0.30361506	0.0	0.0	0.0	0.1291328	0.0068632276	0.0	0.0	0.5406745	0.181929	0.0	0.0	0.23792142	0.0	0.050922673	0.0	0.0	0.08255555	0.0	0.0	0.0	0.0	0.16102278	0.40425336	0.0	0.33597755	0.0	0.35265315	0.0	0.26129034	0.31538466	0.18104088	0.08126727	0.19320762	0.0	0.0	0.2466191	0.23693494	0.0	0.0	0.080705166	0.24407716	0.0	0.0	0.0
0.21751402	0.0	0.3618028	0.0	0.0	0.0082100155	0.014502163	0.0	0.0	0.41411772	0.0	0.33643165	0.0	0.0	0.06589633	0.22381495	0.0	0.0	0.0	0.0	0.0	0.0	0.019814396	0.0	0.0	0.16875874	0.0	0.3977574	0.0	0.0	0.0	0.11078268	0.13525464	0.0	0.39958945	0.0	0.20085096	0.0	0.0	0.21889143	0.293102	0.0	0.4536604	0.0	0.0	0.364177	0.33062878	0.0	0.0	0.19092499	0.03057286	0.2754018	0.15036096	0.31258225	0.0	0.0	0.0	0.34652233	0.0	0.0	0.0	0.16479284	0.0	0.003691502	0.0	0.0	0.18519707	0.0	0.0	0.0	0.0	0.0	0.2716432	0.0	0.38576815	0.0	0.0	0.0	0.08656531	0.12379354	0.0	0.0	0.0	0.29773036	0.0	0.0	0.0	0.09034261	0.07373581	0.0	0.0	0.5384626	0.23991995	0.0	0.0	0.2568412	0.0	0.01870993	0.0	0.0	0.112482786	0.0	0.0	0.0	0.0	0.24754877	0.4204415	0.0	0.38395342	0.0	0.3257849	0.0	0.30442682	0.36940327	0.098286174	0.059375893	0.16154629	0.0	0.0	0.2610512	0.26734394	0.0	0.0	0.096144386	0.27240852	0.0	0.0	0.0
0.1288225	0.0	0.33179206	0.0	0.0	0.048236728	0.037890237	0.0	0.0	0.35729456	0.0	0.1909915	0.001531745	0.0	0.08544455	0.20015824	0.0	0.0	0.0	0.0	0.0	0.0	0.029672926	0.0	0.0	0.22515054	0.0	0.29719028	0.0	0.0	0.0	0.10212048	0.14247729	0.0	0.32863447	0.0	0.22800715	0.0	0.0	0.17582183	0.27209482	0.0	0.35104904	0.0	0.010852099	0.3577777	0.3210087	0.0	0.0	0.13204789	0.036974955	0.22347975	0.16600947	0.2621132	0.0	0.0	0.0	0.25418103	0.0	0.0	0.0	0.166416	0.0	0.0008344787	0.0	0.0	0.1078449	0.0	0.0	0.0	0.0	0.0	0.26928714	0.0	0.35196915	0.0	0.0	0.0	0.09514452	0.116037525	0.0	0.0	0.0	0.22285448	0.0	0.0	0.0	0.10020297	0.058676798	0.0	0.0	0.47755778	0.16297077	0.0	0.0	0.18462254	0.0	0.055667523	0.0	0.0	0.07693699	0.0	0.0	0.0	0.0	0.16746394	0.3709495	0.0	0.33952022	0.0	0.3139294	0.0	0.20708312	0.3153654	0.14493173	0.07786366	0.2171642	0.0	0.0	0.26847056	0.19662882	0.0	0.005080273	0.12417542	0.23839653	0.0	0.0	0.0
0.16032404	0.0	0.32600808	0.0	0.0	0.017651895	0.022730196	0.0	0.0	0.3354379	0.0	0.22847177	0.0	0.0	0.04850344	0.20673782	0.0	0.0	0.0	0.0	0.0	0.0	0.019755092	0.0	0.0	0.17957051	0.0	0.32307452	0.0	0.0	0.0	0.09961897	0.12176877	0.0	0.33248663	0.0	0.2022274	0.0	0.0	0.19160895	0.2544571	0.0	0.36847165	0.0	0.005699596	0.34025717	0.29965082	0.0	0.0	0.15856412	0.033954833	0.22566485	0.16387786	0.25671923	0.0	0.0	0.0	0.27421844	0.0	0.0	0.0	0.15994696	0.0	0.004717406	0.0	0.0	0.14718689	0.0	0.0	0.0	0.0	0.0	0.254997	0.0	0.3421074	0.0	0.0	0.0	0.07543677	0.10136541	0.0	0.0	0.0	0.23094513	0.0	0.0	0.0	0.064647734	0.06034862	0.0	0.0	0.44892573	0.18901585	0.0	0.0	0.20208669	0.0	0.033410784	0.0	0.0	0.089182116	0.0	0.0	0.0	0.0	0.17310703	0.35729527	0.0	0.3390503	0.0	0.27172837	0.0	0.2248228	0.2899362	0.107402444	0.043592576	0.17693138	0.0	0.0	0.25294328	0.21164943	0.0	0.0008654346	0.07529218	0.22882502	0.0	0.0	0.0
0.2399499	0.0	0.34652027	0.0	0.0	0.010442346	0.0071490635	0.0	0.0	0.3859904	0.0	0.30879584	0.0	0.0	0.04097412	0.2640046	0.0	0.0	0.0	0.0	0.0	0.0	0.017030327	0.0	0.0	0.1850468	0.0	0.39892292	0.0	0.0	0.0	0.10787993	0.12502502	0.0	0.36592102	0.0	0.23059408	0.0	0.0	0.22616176	0.30143428	0.0	0.44821784	0.0	0.0	0.3557165	0.30077335	0.0	0.0	0.21067955	0.031848047	0.24532898	0.13182716	0.29405454	0.0	0.0	0.0	0.33195874	0.0	0.0	0.0	0.17417276	0.0	0.005117096	0.0	0.0	0.21387683	0.0	0.0	0.0	0.0	0.0	0.26647422	0.0	0.379043	0.0	0.0	0.0	0.078369364	0.10561659	0.0	0.0	0.0	0.29619017	0.0	0.0	0.0	0.106785215	0.025946567	0.0	0.0	0.530385	0.20949948	0.0	0.0	0.23779751	0.0	0.04588996	0.0	0.0	0.089996405	0.0	0.0	0.0	0.0	0.2009211	0.4065397	0.0	0.36096215	0.0	0.3382422	0.0	0.27541545	0.34534073	0.14437371	0.07947842	0.18329819	0.0	0.0	0.2538093	0.2615811	0.0	0.0	0.08098229	0.25874293	0.0	0.0	0.0
0.24096173	0.0	0.33766904	0.0	0.0	0.0136157395	0.02082254	0.0	0.0	0.3816906	0.0	0.2853509	0.0	0.0	0.043237995	0.28123033	0.0	0.0	0.0	0.0	0.0	0.0	0.013337365	0.0	0.0	0.19344135	0.0	0.39581957	0.0	0.0	0.0	0.10539096	0.12470015	0.0	0.34636042	0.0	0.23829667	0.0	0.0	0.21580167	0.30121225	0.0	0.45158622	0.0	0.0	0.34621015	0.28170046	0.0	0.0	0.22561269	0.045070827	0.22472487	0.119329594	0.2838869	0.0	0.0	0.0	0.31107536	0.0	0.0	0.0	0.1729865	0.0	0.004764969	0.0	0.0	0.21785766	0.0	0.0	0.0	0.0	0.0	0.26452562	0.0	0.35780284	0.0	0.0	0.0	0.07906626	0.10768879	0.0	0.0	0.0	0.30044112	0.0	0.0	0.0	0.12731487	0.01382021	0.0	0.0	0.5352941	0.18679316	0.0	0.0	0.22493355	0.0	0.052871067	0.0	0.0	0.07775265	0.0	0.0	0.0	0.0	0.17093831	0.4068195	0.0	0.3477967	0.0	0.3586786	0.0	0.25752607	0.32468715	0.1775307	0.086962186	0.19826092	0.0	0.0	0.2493063	0.23599106	0.0	0.005457346	0.07270356	0.25319302	0.0	0.0	0.0
0.17944461	0.0	0.34866574	0.0	0.0	0.018434754	0.019186668	0.0	0.0	0.36745867	0.0	0.2564561	0.0	0.0	0.051012497	0.22538246	0.0	0.0	0.0	0.0	0.0	0.0	0.030724915	0.0	0.0	0.21171801	0.0	0.35198775	0.0	0.0	0.0	0.11318622	0.13558353	0.0	0.35272706	0.0	0.21864377	0.0	0.0	0.20054324	0.29157743	0.0	0.40370384	0.0	0.002166419	0.35612288	0.31786123	0.0	0.0	0.15748926	0.031786293	0.24627285	0.15323178	0.2877926	0.0	0.0	0.0	0.30753732	0.0	0.0	0.0	0.17881447	0.0	0.012040369	0.0	0.0	0.16389467	0.0	0.0	0.0	0.0	0.0	0.27496132	0.0	0.37119493	0.0	0.0	0.0	0.09444249	0.1142326	0.0	0.0	0.0	0.26320645	0.0	0.0	0.0	0.09142939	0.048169285	0.0	0.0	0.51086444	0.2018965	0.0	0.0	0.21572386	0.0	0.049383625	0.0	0.0	0.095581256	0.0	0.0	0.0	0.0	0.20190118	0.40130222	0.0	0.36305824	0.0	0.31721738	0.0	0.25750253	0.339504	0.12354628	0.07505855	0.1904813	0.0	0.0	0.2756522	0.24138276	0.0	0.00020991918	0.10485289	0.24866287	0.0	0.0	0.0
0.16727428	0.0	0.3213594	0.0	0.0	0.01684773	0.010875401	0.0	0.0	0.31640974	0.0	0.22813042	0.0	0.0	0.04175693	0.21174891	0.0	0.0	0.0	0.0	0.0	0.0	0.006107895	0.0	0.0	0.15618539	0.0	0.30856875	0.0	0.0	0.0	0.090182655	0.11114357	0.0	0.31284055	0.0	0.19345874	0.0	0.0	0.19278651	0.25007042	0.0	0.3673519	0.0	0.0057708374	0.32141504	0.27131355	0.0	0.0	0.17118527	0.023672903	0.21964423	0.16197036	0.24350841	0.0	0.0	0.0	0.2718492	0.0	0.0	0.0	0.16461872	0.0	0.0061318004	0.0	0.0	0.16539247	0.0	0.0	0.0	0.0	0.0	0.24392311	0.0	0.32518518	0.0	0.0	0.0	0.07236209	0.09380075	0.0	0.0	0.0	0.22240095	0.0	0.0	0.0	0.050870776	0.04651695	0.0	0.0	0.4152257	0.19501133	0.0	0.0	0.18885328	0.0	0.0282557	0.0	0.0	0.08362729	0.0	0.0	0.0	0.0	0.15459521	0.3380312	0.0	0.32995954	0.0	0.2437995	0.0	0.21346891	0.26483142	0.09343513	0.031662393	0.16743863	0.0	0.0	0.24997135	0.20422693	0.0	0.0018860592	0.061776698	0.2204593	0.0	0.0	0.0
0.14971106	0.0	0.32798547	0.0	0.0	0.026883498	0.026356364	0.0	0.0	0.32769227	0.0	0.2129038	0.0	0.0	0.048556324	0.20992924	0.0	0.0	0.0	0.0	0.0	0.0	0.019260226	0.0	0.0	0.2046708	0.0	0.31758615	0.0	0.0	0.0	0.104907	0.12735634	0.0	0.3336985	0.0	0.21415077	0.0	0.0	0.18637545	0.2682602	0.0	0.37028798	0.0	0.006313356	0.34690008	0.30200103	0.0	0.0	0.14976618	0.03942387	0.22155988	0.16188727	0.2591126	0.0	0.0	0.0	0.2732141	0.0	0.0	0.0	0.170919	0.0	0.005735667	0.0	0.0	0.14032672	0.0	0.0	0.0	0.0	0.0	0.26556653	0.0	0.3473561	0.0	0.0	0.0	0.088145934	0.10993192	0.0	0.0	0.0	0.2228257	0.0	0.0	0.0	0.07703636	0.053048085	0.0	0.0	0.46429443	0.17722249	0.0	0.0	0.20086424	0.0	0.043385867	0.0	0.0	0.09294338	0.0	0.0	0.0	0.0	0.16869937	0.3661357	0.0	0.33682108	0.0	0.28265014	0.0	0.2203433	0.29876795	0.118190736	0.05803752	0.18389022	0.0	0.0	0.25798568	0.21430595	0.0	0.0	0.09610677	0.2258491	0.0	0.0	0.0
0.16867526	0.0	0.3366072	0.0	0.0	0.036265355	0.030757004	0.0	0.0	0.3702105	0.0	0.23496066	0.0	0.0	0.065060206	0.22849071	0.0	0.0	0.0	0.0	0.0	0.0	0.022755338	0.0	0.0	0.23217595	0.0	0.3372505	0.0	0.0	0.0	0.10367962	0.14269581	0.0	0.34455386	0.0	0.22265594	0.0	0.0	0.17884915	0.27969083	0.0	0.39994553	0.0	0.0	0.36540315	0.31122217	0.0	0.0	0.1668467	0.044180393	0.22885859	0.14818689	0.26973185	0.0	0.0	0.0	0.2775569	0.0	0.0	0.0	0.16890602	0.0	0.0065281033	0.0	0.0	0.14763878	0.0	0.0	0.0	0.0	0.0	0.2787051	0.0	0.36566642	0.0	0.0	0.0	0.10461628	0.12663	0.0	0.0	0.0	0.2506058	0.0	0.0	0.0	0.11629617	0.048678428	0.0	0.0	0.5153119	0.17927897	0.0	0.0	0.21003802	0.0	0.058660194	0.0	0.0	0.093929194	0.0	0.0	0.0	0.0	0.18758602	0.38772616	0.0	0.34729597	0.0	0.33410278	0.0	0.23151861	0.32798535	0.16010372	0.083116315	0.20110221	0.0	0.0	0.25581357	0.22379024	0.0	0.0	0.12295633	0.24201863	0.0	0.0	0.0
0.09320527	0.020933367	0.31615958	0.0	0.0	0.057330046	0.0	0.0	0.0	0.29753888	0.0	0.14016218	0.0005260026	0.0	0.058261227	0.21447597	0.0	0.0	0.0	0.0	0.0	0.0	0.030727876	0.0	0.0	0.25714052	0.0	0.26613605	0.0	0.0	0.0	0.08406261	0.14766179	0.0	0.27857196	0.0	0.20734167	0.0	0.0	0.13899268	0.23636751	0.0	0.31609735	0.0	0.001616432	0.3528771	0.28097698	0.0	0.0	0.101402454	0.04496114	0.17419524	0.15825649	0.20740317	0.0	0.0	0.0	0.21065821	0.0	0.0	0.0	0.1745032	0.0	0.0023194626	0.0	0.0	0.09410697	0.0	0.0	0.0	0.008927041	0.0	0.26602948	0.0	0.33560124	0.0	0.0	0.0	0.111675836	0.09241519	0.0	0.0	0.0	0.17671649	0.0	0.0	0.0	0.099068075	0.046196032	0.0	0.0	0.43477103	0.14163361	0.0	0.0	0.16001326	0.0	0.06301	0.0	0.0	0.06822226	0.0	0.0	0.0	0.0	0.13017309	0.33252656	0.0	0.30473396	0.0	0.28523353	0.0	0.15485139	0.2570578	0.1692959	0.07965762	0.21172924	0.0	0.0	0.24837434	0.17537016	0.0	0.001545559	0.12989637	0.2130704	0.0	0.0	0.0
0.1121658	0.021910174	0.3257632	0.0	0.0	0.0700862	0.0	0.0	0.0	0.33208612	0.0	0.1815182	0.0	0.0	0.06398799	0.22860666	0.0	0.0	0.0	0.0	0.0	0.0	0.031779736	0.0	0.0	0.27367255	0.0	0.29877254	0.0	0.0	0.0	0.09355595	0.155639	0.0	0.30847943	0.0	0.21399975	0.0	0.0	0.14131512	0.25138137	0.0	0.35518706	0.0	0.0032913734	0.37473583	0.30299705	0.0	0.0	0.10970216	0.053141724	0.18581128	0.15159227	0.23092568	0.0	0.0	0.0	0.23536082	0.0	0.0	0.0	0.17696744	0.0	0.0036465016	0.0	0.0	0.10581762	0.0	0.0	0.0	0.01338469	0.0	0.27542698	0.0	0.36192438	0.0	0.0	0.0	0.11742408	0.10316461	0.0	0.0	0.0	0.20247899	0.0	0.0	0.0	0.12480297	0.05327797	0.0	0.0	0.4881539	0.15639852	0.0	0.0	0.18926214	0.0	0.06994693	0.0	0.0	0.07972659	0.0	0.0	0.0	0.0	0.1659213	0.36055186	0.0	0.3177201	0.0	0.32191598	0.0	0.18992816	0.30388176	0.18279535	0.102297045	0.21366026	0.0	0.0	0.24320889	0.19813411	0.0	0.0	0.15209393	0.22958256	0.0	0.0	0.0
0.1080038	0.02778775	0.33771813	0.0	0.0	0.07677711	0.0	0.0	0.0	0.3416581	0.0	0.17672704	0.0	0.0	0.073618434	0.2297857	0.0	0.0	0.0	0.0	0.0	0.0	0.044234723	0.002542953	0.0	0.2933325	0.0	0.29398504	0.0	0.0	0.0	0.10157782	0.1561048	0.0	0.30382678	0.0	0.22834642	0.0	0.0	0.14118604	0.2627756	0.0	0.3590926	0.0	0.0008758356	0.37373254	0.30362907	0.0	0.0	0.098517515	0.055166166	0.18993223	0.15167673	0.23750742	0.0	0.0	0.0	0.22958541	0.0	0.0	0.0	0.18188077	0.0	0.0067546978	0.0	0.0	0.10188381	0.0	0.0	0.0	0.01570457	0.0	0.28349674	0.0	0.36372137	0.0	0.0	0.0	0.12078828	0.10692817	0.0	0.0	0.0	0.20530371	0.0	0.0	0.0	0.13246003	0.048844364	0.0	0.0	0.4910845	0.15991177	0.0	0.0	0.18420798	0.0	0.08289667	0.0	0.0	0.082969435	0.0	0.0	0.0	0.0	0.16735367	0.37525392	0.0	0.324766	0.0	0.33402577	0.0	0.18628596	0.31799355	0.18749559	0.1159214	0.21363366	0.0	0.0	0.24590123	0.20325302	0.0	0.0	0.16046914	0.23266591	0.0	0.0023386888	0.0
0.109734416	0.019967979	0.32139397	0.0	0.0	0.065267235	0.0	0.0	0.0	0.3060479	0.0	0.16728066	0.0	0.0	0.053661224	0.2356003	0.0	0.0	0.0	0.0	0.0	0.0	0.037404414	0.0	0.0	0.27310312	0.0	0.28468475	0.0	0.0	0.0	0.08897688	0.15710679	0.0	0.29911318	0.0	0.22206604	0.0	0.0	0.1388043	0.24640666	0.0	0.33342278	0.0	0.002677355	0.36673978	0.30113903	0.0	0.0	0.10955898	0.05337392	0.17478706	0.15176322	0.22109847	0.0	0.0	0.0	0.23535328	0.0	0.0	0.0	0.18388349	0.0	0.0059092254	0.0	0.0	0.108096026	0.0	0.0	0.0	0.017253818	0.0	0.2795855	0.0	0.3603897	0.0	0.0	0.0	0.10523206	0.09860628	0.0	0.0	0.0	0.19604452	0.0	0.0	0.0	0.11218238	0.045374047	0.0	0.0	0.46141347	0.14912072	0.0	0.0	0.18181092	0.0	0.07623989	0.0	0.0	0.08167772	0.0	0.0	0.0	0.0	0.1595488	0.34766614	0.0	0.30228856	0.0	0.30352202	0.0	0.17876695	0.28552487	0.17374258	0.09417077	0.210537	0.0	0.0	0.25031668	0.19093175	0.0	0.0	0.14480844	0.21054298	0.0	0.0	0.0
0.08443183	0.017358636	0.31164184	0.0	0.0	0.05725965	0.0	0.0	0.0	0.28272715	0.0	0.12800512	0.0	0.0	0.060094167	0.21911895	0.0	0.0	0.0	0.0	0.0	0.0	0.030417537	0.0	0.0	0.24804284	0.0	0.26017782	0.0	0.0	0.0	0.07558816	0.1503439	0.0	0.26817557	0.0	0.20813791	0.0	0.0	0.13365953	0.21801798	0.0	0.2993748	0.0	0.0045832857	0.34777102	0.27987146	0.0	0.0	0.10429417	0.0527525	0.16175781	0.16032584	0.2026834	0.0	0.0	0.0	0.21067005	0.0	0.0	0.0	0.17178743	0.0	0.0	0.0	0.0	0.09296477	0.0	0.0	0.0	0.011594564	0.0	0.26159263	0.0	0.3294123	0.0	0.0	0.0	0.10522365	0.09142359	0.0	0.0	0.0	0.16671075	0.0	0.0	0.0	0.09677128	0.048502456	0.0	0.0	0.4203272	0.13313662	0.0	0.0	0.16092578	0.0	0.06456438	0.0	0.0	0.065689415	0.0	0.0	0.0	0.0	0.12024773	0.32358024	0.0	0.29036394	0.0	0.27232495	0.0	0.14302337	0.24023001	0.16763632	0.0717097	0.21152943	0.0	0.0	0.24894582	0.16212709	0.0	0.0	0.12500785	0.19919604	0.0	0.0	0.0
0.08976692	0.01667731	0.30948567	0.0	0.0	0.05735639	0.0	0.0	0.0	0.28645626	0.0	0.12917385	0.0	0.0	0.05804197	0.22027017	0.0	0.0	0.0	0.0	0.0	0.0	0.027214378	0.0	0.0	0.25197026	0.0	0.26340905	0.0	0.0	0.0	0.07653229	0.15062849	0.0	0.26858777	0.0	0.20932756	0.0	0.0	0.13359399	0.21958031	0.0	0.30553433	0.0	0.004378351	0.3475188	0.27827978	0.0	0.0	0.10891669	0.050595213	0.1608221	0.15696882	0.20310138	0.0	0.0	0.0	0.2093057	0.0	0.0	0.0	0.17314935	0.0	6.883219e-05	0.0	0.0	0.096819244	0.0	0.0	0.0	0.010200123	0.0	0.26161748	0.0	0.3300898	0.0	0.0	0.0	0.10577173	0.09094223	0.0	0.0	0.0	0.16791315	0.0	0.0	0.0	0.10106086	0.04399982	0.0	0.0	0.42676935	0.13532956	0.0	0.0	0.16240187	0.0	0.06489418	0.0	0.0	0.06469559	0.0	0.0	0.0	0.0	0.11997222	0.32678875	0.0	0.2914603	0.0	0.27889135	0.0	0.1444565	0.24164726	0.16983241	0.07420307	0.21480398	0.0	0.0	0.2468368	0.16374381	0.0	0.0	0.12566765	0.20068717	0.0	0.0	0.0
0.0915096	0.021223066	0.31288105	0.0	0.0	0.05916759	0.0	0.0	0.0	0.2893807	0.0	0.14085388	0.0	0.0	0.055959594	0.22204752	0.0	0.0	0.0	0.0	0.0	0.0	0.032595787	0.0	0.0	0.2610631	0.0	0.2683924	0.0	0.0	0.0	0.08029737	0.1542449	0.0	0.27844498	0.0	0.21157329	0.0	0.0	0.13698405	0.2293582	0.0	0.31293422	0.0	0.0053847157	0.3555934	0.28495738	0.0	0.0	0.10104462	0.05112282	0.16670485	0.15750502	0.20734935	0.0	0.0	0.0	0.21451747	0.0	0.0	0.0	0.17755242	0.0	0.002127502	0.0	0.0	0.095902175	0.0	0.0	0.0	0.012212194	0.0	0.26727536	0.0	0.3408359	0.0	0.0	0.0	0.10779899	0.09083436	0.0	0.0	0.0	0.17445381	0.0	0.0	0.0	0.10028704	0.043609988	0.0	0.0	0.433337	0.14197831	0.0	0.0	0.16536093	0.0	0.06949674	0.0	0.0	0.06840424	0.0	0.0	0.0	0.0	0.1308595	0.3336979	0.0	0.29807988	0.0	0.28328586	0.0	0.15387106	0.25720462	0.1702004	0.08502412	0.21149512	0.0	0.0	0.24666095	0.17434114	0.0	0.0	0.13679297	0.20555182	0.0	0.0	0.0
0.0897511	0.039184775	0.31570372	0.0	0.0	0.09662745	0.0072015417	0.0	0.0	0.32364964	0.0	0.15921898	0.002139114	0.0	0.062303115	0.22481598	0.0	0.0	0.0	0.0	0.0	0.0	0.027923273	0.0081476	0.0	0.28222534	0.0	0.2888408	0.0	0.0	0.0	0.09036324	0.15174055	0.0	0.29777786	0.0	0.22394939	0.0	0.0	0.15154155	0.2553915	0.0	0.34240833	0.0	0.0	0.36955953	0.30628324	0.0	0.0	0.09464639	0.07128757	0.17816834	0.1622052	0.24377353	0.0	0.0	0.0	0.24413638	0.0	0.0	0.0	0.18428461	0.0	0.0075464942	0.0	0.0	0.09077358	0.0	0.0	0.0	0.01840791	0.0	0.28038266	0.0	0.35858908	0.0	0.0	0.0	0.114378475	0.09088261	0.0	0.0	0.0	0.18732148	0.0	0.0	0.0	0.10983231	0.04233512	0.0	0.0	0.48150477	0.14501406	0.0	0.0	0.17471607	0.0	0.074682	0.0	0.0	0.08328774	0.0	0.0	0.0	0.0	0.13973825	0.37957048	0.0	0.29756406	0.0	0.31310615	0.0	0.1642012	0.30415955	0.17779087	0.11068654	0.20485012	0.0	0.0	0.23737007	0.18838485	0.0	0.0	0.1725597	0.22598624	0.0	0.0049701133	0.0
0.19715722	0.016344495	0.3275439	0.0	0.0	0.039790276	0.0	0.0	0.0	0.35342595	0.0	0.21597008	0.0	0.0	0.03515407	0.3106859	0.0	0.0	0.0	0.0	0.0	0.0	0.01942142	0.0	0.0	0.2813089	0.0	0.36274	0.0	0.0	0.0	0.09152019	0.16186918	0.0	0.29106063	0.0	0.23162293	0.0	0.0	0.1414979	0.27421653	0.0	0.4373609	0.0	0.0	0.38338265	0.24252252	0.0	0.0	0.19354625	0.06920833	0.183531	0.10511255	0.23018901	0.0	0.0	0.0	0.23868334	0.0	0.0	0.0	0.17669535	0.0	0.0065076933	0.0	0.0	0.18674387	0.0	0.0	0.0	0.0	0.0	0.27967063	0.0	0.3392935	0.0	0.0	0.0	0.13585721	0.102336966	0.0	0.0	0.0	0.25440422	0.0	0.0	0.0	0.19013524	0.010851602	0.0	0.0	0.5601508	0.13420774	0.0	0.0	0.19777413	0.0	0.08218566	0.0	0.0	0.059610326	0.0	0.0	0.0	0.0	0.12747037	0.39253068	0.0	0.3098223	0.0	0.40110493	0.0	0.19746144	0.280579	0.2824542	0.1260926	0.24469893	0.0	0.0	0.2328502	0.2039568	0.0	0.00051252666	0.13094355	0.23241441	0.0	0.0	0.0
0.08512077	0.017302513	0.30815622	0.0	0.0	0.058724795	0.0	0.0	0.0	0.28205332	0.0	0.13356169	0.0	0.0	0.057013184	0.21804994	0.0	0.0	0.0	0.0	0.0	0.0	0.028327843	0.0	0.0	0.25366434	0.0	0.2640337	0.0	0.0	0.0	0.07720155	0.15030384	0.0	0.27377638	0.0	0.2081822	0.0	0.0	0.13716598	0.22177398	0.0	0.30709547	0.0	0.005324369	0.34840408	0.28056285	0.0	0.0	0.10061333	0.050389778	0.16520207	0.16168934	0.20448971	0.0	0.0	0.0	0.2112995	0.0	0.0	0.0	0.16953735	0.0	0.00012982388	0.0	0.0	0.09484902	0.0	0.0	0.0	0.009401918	0.0	0.2639023	0.0	0.33563673	0.0	0.0	0.0	0.10823213	0.08867603	0.0	0.0	0.0	0.16290899	0.0	0.0	0.0	0.096163355	0.04481857	0.0	0.0	0.42509678	0.1336736	0.0	0.0	0.16169912	0.0	0.065218695	0.0	0.0	0.068338625	0.0	0.0	0.0	0.0	0.11891353	0.32889417	0.0	0.29071355	0.0	0.27569485	0.0	0.14725769	0.24795099	0.17048699	0.073634386	0.21236801	0.0	0.0	0.24271987	0.1651745	0.0	0.0	0.13345169	0.20103425	0.0	0.0	0.0
0.09741076	0.02960197	0.30438074	0.0	0.0	0.07707242	0.0	0.0	0.0	0.29134622	0.0	0.14847584	0.0019058475	0.0	0.05172838	0.23394196	0.0	0.0	0.0	0.0	0.0	0.0	0.027519232	0.0	0.0	0.27841887	0.0	0.28301772	0.0	0.0	0.0	0.09458212	0.15287995	0.0	0.29492784	0.0	0.23104711	0.0	0.0	0.14947553	0.24389406	0.0	0.3357806	0.0	0.0025835324	0.35498038	0.29323873	0.0	0.0	0.09297524	0.0605039	0.16756487	0.16697605	0.22824895	0.0	0.0	0.0	0.23128635	0.0	0.0	0.0	0.1840332	0.0	0.014216696	0.0	0.0	0.106989264	0.0	0.0	0.0	0.017511414	0.0	0.28053677	0.0	0.3565127	0.0	0.0	0.0	0.105268665	0.09421886	0.0	0.0	0.0	0.18760478	0.0	0.0	0.0	0.09926746	0.036119092	0.0	0.0	0.45311323	0.13896202	0.0	0.0	0.17131454	0.0	0.07268462	0.0	0.0	0.08280307	0.0	0.0	0.0	0.0	0.13241507	0.35073042	0.0	0.28293794	0.0	0.29883957	0.0	0.16510184	0.28097442	0.17673205	0.09880408	0.2044474	0.0	0.0	0.23311059	0.18265651	0.0	0.00012082234	0.16512561	0.20782125	0.0	0.0021556441	0.0
0.08968172	0.028323384	0.31646153	0.0	0.0	0.07483557	0.0	0.0	0.0	0.3081933	0.0	0.14974236	0.0	0.0	0.06603798	0.21880107	0.0	0.0	0.0	0.0	0.0	0.0	0.032443557	0.0	0.0	0.27014956	0.0	0.2744751	0.0	0.0	0.0	0.084061086	0.15503971	0.0	0.2876096	0.0	0.21781623	0.0	0.0	0.134395	0.2310137	0.0	0.3206143	0.0	0.0023470037	0.3604623	0.29340056	0.0	0.0	0.10213856	0.056169093	0.16616125	0.16027765	0.21747516	0.0	0.0	0.0	0.22102793	0.0	0.0	0.0	0.17724316	0.0	0.0040392093	0.0	0.0	0.09286958	0.0	0.0	0.0	0.013186425	0.0	0.26943934	0.0	0.35211805	0.0	0.0	0.0	0.1091226	0.09420413	0.0	0.0	0.0	0.18168755	0.0	0.0	0.0	0.11438873	0.050410688	0.0	0.0	0.45624444	0.14574651	0.0	0.0	0.17100585	0.0	0.0693306	0.0	0.0	0.071619466	0.0	0.0	0.0	0.0	0.14452098	0.3418273	0.0	0.30107254	0.0	0.29933202	0.0	0.1597362	0.2749255	0.17687844	0.09173393	0.21554065	0.0	0.0	0.2420227	0.17771411	0.0	0.0	0.15429007	0.2197197	0.0	0.0034624215	0.0
0.078344844	0.023059418	0.3112694	0.0	0.0	0.063844614	0.0	0.0	0.0	0.2794056	0.0	0.12631057	0.0	0.0	0.06238073	0.22011977	0.0	0.0	0.0	0.0	0.0	0.0	0.032124948	0.0	0.0	0.25485197	0.0	0.25925162	0.0	0.0	0.0	0.075778775	0.1543411	0.0	0.26759568	0.0	0.21421826	0.0	0.0	0.13237448	0.21372671	0.0	0.29621947	0.0	0.004410545	0.3473285	0.2825588	0.0	0.0	0.10082784	0.05677557	0.15421046	0.1640815	0.2023824	0.0	0.0	0.0	0.21224242	0.0	0.0	0.0	0.173588	0.0	0.0002757162	0.0	0.0	0.09123417	0.0	0.0	0.0	0.01248942	0.0	0.26449051	0.0	0.3346717	0.0	0.0	0.0	0.103336625	0.08863387	0.0	0.0	0.0	0.16479608	0.0	0.0	0.0	0.09906119	0.04881187	0.0	0.0	0.42161718	0.13541903	0.0	0.0	0.16110529	0.0	0.06844133	0.0	0.0	0.06554685	0.0	0.0	0.0	0.0	0.1221149	0.32450798	0.0	0.2888539	0.0	0.27345765	0.0	0.13893552	0.24281912	0.16856575	0.07691097	0.21267349	0.0	0.0	0.24551861	0.16130112	0.0	0.0	0.13613272	0.19864635	0.0	0.0	0.0
0.100710385	0.027742172	0.32827568	0.0	0.0	0.076437764	0.0	0.0	0.0	0.34808636	0.0	0.17511378	0.003729676	0.0	0.07641889	0.20985025	0.0	0.0	0.0	0.0	0.0	0.0	0.033167735	0.0037891148	0.0	0.27534118	0.0	0.2924007	0.0	0.0	0.0	0.09242517	0.15071641	0.0	0.3058468	0.0	0.2110101	0.0	0.0	0.14300154	0.25417313	0.0	0.35236692	0.0	0.0	0.37401116	0.30317208	0.0	0.0	0.10016187	0.04910771	0.19352399	0.15579966	0.23621707	0.0	0.0	0.0	0.22812743	0.0	0.0	0.0	0.17392075	0.0	0.0055815503	0.0	0.0	0.08875931	0.0	0.0	0.0	0.00796429	0.0	0.2723067	0.0	0.35757136	0.0	0.0	0.0	0.12716901	0.102867186	0.0	0.0	0.0	0.19682765	0.0	0.0	0.0	0.12520985	0.05839235	0.0	0.0	0.49482298	0.15853097	0.0	0.0	0.17843127	0.0	0.06305242	0.0	0.0	0.07346058	0.0	0.0	0.0	0.0	0.16433896	0.36563802	0.0	0.32979867	0.0	0.3305602	0.0	0.1833425	0.3074187	0.18193038	0.10022309	0.21955521	0.0	0.0	0.24582605	0.1970404	0.0	0.00034078895	0.15643586	0.24480104	0.0	0.0	0.0
0.19433641	0.020847343	0.33430764	0.0	0.0	0.03673907	0.0	0.0	0.0	0.3603091	0.0	0.21983176	0.0	0.0	0.036402926	0.29906157	0.0	0.0	0.0	0.0	0.0	0.0	0.022089714	0.0	0.0	0.2813064	0.0	0.36153498	0.0	0.0	0.0	0.09743202	0.15905744	0.0	0.29825547	0.0	0.23141773	0.0	0.0	0.1434204	0.27741733	0.0	0.43767485	0.0	0.0	0.38701478	0.24611168	0.0	0.0	0.18579888	0.06633853	0.19404264	0.11349735	0.23803757	0.0	0.0	0.0	0.2415133	0.0	0.0	0.0	0.17556013	0.0	0.0074024075	0.0	0.0	0.18451202	0.0	0.0	0.0	0.0	0.0	0.28370985	0.0	0.34611353	0.0	0.0	0.0	0.13434398	0.101146996	0.0	0.0	0.0	0.25635153	0.0	0.0	0.0	0.18359773	0.015634472	0.0	0.0	0.55720323	0.1377522	0.0	0.0	0.19903098	0.0	0.07918475	0.0	0.0	0.062407423	0.0	0.0	0.0	0.0	0.13606304	0.39146426	0.0	0.315215	0.0	0.39754453	0.0	0.2022795	0.28950524	0.27117416	0.12521313	0.2357496	0.0	0.0	0.23495054	0.21092443	0.0	0.0	0.1344501	0.23771806	0.0	0.0	0.0
0.09861825	0.021725597	0.3158492	0.0	0.0	0.057821203	0.0	0.0	0.0	0.2934406	0.0	0.15030508	0.00015968394	0.0	0.05424158	0.22304098	0.0	0.0	0.0	0.0	0.0	0.0	0.033009708	0.0	0.0	0.26303557	0.0	0.27230737	0.0	0.0	0.0	0.08722121	0.15005197	0.0	0.28368905	0.0	0.20952499	0.0	0.0	0.13870113	0.23719448	0.0	0.32177404	0.0	0.0019071003	0.35461104	0.28464547	0.0	0.0	0.10402968	0.046866078	0.17149286	0.1585892	0.20903735	0.0	0.0	0.0	0.21632636	0.0	0.0	0.0	0.17875387	0.0	0.0025075388	0.0	0.0	0.10460854	0.0	0.0	0.0	0.011848338	0.0	0.26970446	0.0	0.3443078	0.0	0.0	0.0	0.10738423	0.09129614	0.0	0.0	0.0	0.18193205	0.0	0.0	0.0	0.10028607	0.042782202	0.0	0.0	0.4383432	0.14656305	0.0	0.0	0.16623461	0.0	0.06817608	0.0	0.0	0.07244646	0.0	0.0	0.0	0.0	0.13852595	0.3329912	0.0	0.300135	0.0	0.28419182	0.0	0.1589989	0.26536337	0.17129792	0.08594927	0.20900358	0.0	0.0	0.24572182	0.18201645	0.0	0.0006116663	0.13766856	0.21041787	0.0	0.0	0.0
0.0941146	0.029039608	0.32356337	0.0	0.0	0.077282384	0.0	0.0	0.0	0.31244305	0.0	0.14915842	0.0	0.0	0.06772076	0.22164668	0.0	0.0	0.0	0.0	0.0	0.0	0.034270868	0.0	0.0	0.27908123	0.0	0.27967903	0.0	0.0	0.0	0.08909903	0.15541154	0.0	0.29272255	0.0	0.22255576	0.0	0.0	0.13262169	0.23985107	0.0	0.32700762	0.0	0.0035546843	0.368474	0.29915413	0.0	0.0	0.09965248	0.058222298	0.17057282	0.16130458	0.22341321	0.0	0.0	0.0	0.22717972	0.0	0.0	0.0	0.17811678	0.0	0.0014025569	0.0	0.0	0.09093294	0.0	0.0	0.0	0.018698571	0.0	0.27494538	0.0	0.35271075	0.0	0.0	0.0	0.10902279	0.09880874	0.0	0.0	0.0	0.18782152	0.0	0.0	0.0	0.11819611	0.05029468	0.0	0.0	0.46462855	0.14451347	0.0	0.0	0.17504008	0.0	0.07647192	0.0	0.0	0.0771392	0.0	0.0	0.0	0.0	0.1485682	0.3513104	0.0	0.30331123	0.0	0.3090743	0.0	0.16853206	0.28636357	0.17961645	0.09793749	0.21583585	0.0	0.0	0.24529974	0.17946832	0.0	0.0	0.15418378	0.21844125	0.0	0.0019133253	0.0
0.095906585	0.032524697	0.33160225	0.0	0.0	0.072734855	0.0	0.0	0.0	0.32749638	0.0	0.16320252	0.0045964927	0.0	0.06621568	0.21503477	0.0	0.0	0.0	0.0	0.0	0.0	0.036583304	0.0018977463	0.0	0.28075805	0.0	0.2842625	0.0	0.0	0.0	0.097034834	0.15239425	0.0	0.30124816	0.0	0.22216058	0.0	0.0	0.14531572	0.2524049	0.0	0.34131852	0.0	0.00035610297	0.3666998	0.2993088	0.0	0.0	0.092434615	0.047800202	0.18411349	0.16077565	0.22898073	0.0	0.0	0.0	0.22512893	0.0	0.0	0.0	0.18317576	0.0	0.008662954	0.0	0.0	0.09438037	0.0	0.0	0.0	0.0123815285	0.0	0.27925923	0.0	0.3579177	0.0	0.0	0.0	0.118125625	0.09935382	0.0	0.0	0.0	0.19416691	0.0	0.0	0.0	0.11460463	0.051576186	0.0	0.0	0.47200656	0.1577078	0.0	0.0	0.17192931	0.0	0.071540155	0.0	0.0	0.07661217	0.0	0.0	0.0	0.0	0.15686718	0.36051345	0.0	0.3181597	0.0	0.31302783	0.0	0.17618275	0.30149007	0.17227608	0.104635514	0.21038586	0.0	0.0	0.24652453	0.19521965	0.0	0.001315318	0.15819341	0.23339725	0.0	0.0	0.0
0.10379652	0.028398583	0.3310698	0.0	0.0	0.07293437	0.0	0.0	0.0	0.30811086	0.0	0.15868591	0.0	0.0	0.060343493	0.2277832	0.0	0.0	0.0	0.0	0.0	0.0	0.037486356	0.0	0.0	0.28418645	0.0	0.28424677	0.0	0.0	0.0	0.093549915	0.15800165	0.0	0.29553974	0.0	0.22496076	0.0	0.0	0.13817967	0.25230625	0.0	0.33493176	0.0	0.0042534336	0.3665119	0.29707673	0.0	0.0	0.09709977	0.050672535	0.17680995	0.1586507	0.22139925	0.0	0.0	0.0	0.22940297	0.0	0.0	0.0	0.18462503	0.0	0.0055628046	0.0	0.0	0.10258231	0.0	0.0	0.0	0.017573876	0.0	0.28327277	0.0	0.3559049	0.0	0.0	0.0	0.110864826	0.10040652	0.0	0.0	0.0	0.19599967	0.0	0.0	0.0	0.11354202	0.046533924	0.0	0.0	0.46506095	0.14746423	0.0	0.0	0.1743903	0.0	0.08106626	0.0	0.0	0.082360275	0.0	0.0	0.0	0.0	0.15347426	0.35594228	0.0	0.307353	0.0	0.30598184	0.0	0.17477626	0.29559308	0.17956643	0.10407717	0.21135521	0.0	0.0	0.247505	0.19262417	0.0	0.0	0.15254255	0.21575834	0.0	0.0	0.0
0.09658512	0.02842754	0.31819513	0.0	0.0	0.078570046	0.0	0.0	0.0	0.30475807	0.0	0.14635018	0.0	0.0	0.062863715	0.23041141	0.0	0.0	0.0	0.0	0.0	0.0	0.03349401	0.0	0.0	0.27648392	0.0	0.2779909	0.0	0.0	0.0	0.08755032	0.15683877	0.0	0.28667924	0.0	0.22524977	0.0	0.0	0.13358276	0.23714727	0.0	0.3244054	0.0	0.0041379086	0.36361566	0.29403162	0.0	0.0	0.10539041	0.06141192	0.16317987	0.15614198	0.21811177	0.0	0.0	0.0	0.22436814	0.0	0.0	0.0	0.1808515	0.0	0.0027987324	0.0	0.0	0.096770644	0.0	0.0	0.0	0.018809874	0.0	0.27437446	0.0	0.35056472	0.0	0.0	0.0	0.105723135	0.099075876	0.0	0.0	0.0	0.18938108	0.0	0.0	0.0	0.118933596	0.046085835	0.0	0.0	0.45897618	0.13943379	0.0	0.0	0.173325	0.0	0.07755693	0.0	0.0	0.076140754	0.0	0.0	0.0	0.0	0.14338453	0.34506908	0.0	0.29618728	0.0	0.30660614	0.0	0.16221581	0.27869758	0.1849767	0.099072866	0.2169255	0.0	0.0	0.24423522	0.17791688	0.0	0.0	0.15049137	0.213479	0.0	0.0048330375	0.0
0.13009167	0.02596908	0.32950386	0.0	0.0	0.06831586	0.0	0.0	0.0	0.3583837	0.0	0.20183142	0.0	0.0	0.071571656	0.23298681	0.0	0.0	0.0	0.0	0.0	0.0	0.030902715	0.0	0.0	0.2777636	0.0	0.3133928	0.0	0.0	0.0	0.09862771	0.15465626	0.0	0.31358626	0.0	0.21600099	0.0	0.0	0.14563985	0.2650477	0.0	0.37732586	0.0	0.0	0.37857595	0.29933736	0.0	0.0	0.11997229	0.053597834	0.1975926	0.14299329	0.24369453	0.0	0.0	0.0	0.24289437	0.0	0.0	0.0	0.17590146	0.0	0.00921033	0.0	0.0	0.1149433	0.0	0.0	0.0	0.005025172	0.0	0.2761828	0.0	0.36517414	0.0	0.0	0.0	0.12432519	0.10034504	0.0	0.0	0.0	0.22181721	0.0	0.0	0.0	0.14169161	0.052148055	0.0	0.0	0.5255713	0.16427876	0.0	0.0	0.19008417	0.0	0.06783459	0.0	0.0	0.07052434	0.0	0.0	0.0	0.0	0.17113602	0.37351665	0.0	0.3321298	0.0	0.35061952	0.0	0.19911623	0.32105374	0.19800152	0.11245832	0.220658	0.0	0.0	0.24018838	0.21342123	0.0	0.0	0.15898295	0.255883	0.0	0.0030401524	0.0
0.08692632	0.019928327	0.31325856	0.0	0.0	0.05979276	0.0	0.0	0.0	0.28964615	0.0	0.14046387	0.0	0.0	0.061259743	0.21864693	0.0	0.0	0.0	0.0	0.0	0.0	0.03188688	0.0	0.0	0.25196424	0.0	0.26644626	0.0	0.0	0.0	0.07769672	0.15190457	0.0	0.27801588	0.0	0.2072063	0.0	0.0	0.13516305	0.22035639	0.0	0.30782014	0.0	0.004932143	0.35214737	0.28618026	0.0	0.0	0.10404843	0.052510504	0.16409191	0.15989716	0.20623857	0.0	0.0	0.0	0.21564679	0.0	0.0	0.0	0.1736083	0.0	0.0	0.0	0.0	0.0947566	0.0	0.0	0.0	0.012042161	0.0	0.26364875	0.0	0.33953562	0.0	0.0	0.0	0.105873585	0.089424945	0.0	0.0	0.0	0.17113948	0.0	0.0	0.0	0.09930948	0.05141316	0.0	0.0	0.42935833	0.14168458	0.0	0.0	0.16744268	0.0	0.06411517	0.0	0.0	0.069937624	0.0	0.0	0.0	0.0	0.13188128	0.3279234	0.0	0.29444656	0.0	0.2758211	0.0	0.1514314	0.25170317	0.1652322	0.07601738	0.20918174	0.0	0.0	0.24548604	0.1676948	0.0	0.0	0.13559617	0.20357673	0.0	0.0	0.0
0.092297316	0.024071353	0.32019627	0.0	0.0	0.0629999	0.0	0.0	0.0	0.28244752	0.0	0.12609172	0.0	0.0	0.051340837	0.22419612	0.0	0.0	0.0	0.0	0.0	0.0	0.03563083	0.0	0.0	0.28046396	0.0	0.26526013	0.0	0.0	0.0	0.09051031	0.15400575	0.0	0.270689	0.0	0.2277031	0.0	0.0	0.13330075	0.23630835	0.0	0.3076706	0.0	0.004558094	0.35594347	0.28157863	0.0	0.0	0.09307867	0.05076517	0.16282862	0.16064017	0.20699261	0.0	0.0	0.0	0.21170461	0.0	0.0	0.0	0.18008466	0.0	0.00421473	0.0	0.0	0.0977267	0.0	0.0	0.0	0.017003283	0.0	0.27781972	0.0	0.3397325	0.0	0.0	0.0	0.10304629	0.101597995	0.0	0.0	0.0	0.1788261	0.0	0.0	0.0	0.10245683	0.038346652	0.0	0.0	0.43032357	0.13489671	0.0	0.0	0.15853179	0.0	0.08376733	0.0	0.0	0.07373034	0.0	0.0	0.0	0.0	0.12545386	0.33722106	0.0	0.29257295	0.0	0.28916112	0.0	0.147132	0.25877002	0.1756639	0.09292427	0.20824979	0.0	0.0	0.24709062	0.17696653	0.0	0.0	0.13286908	0.19990055	0.0	0.0	0.0
0.09274181	0.020490063	0.31726265	0.0	0.0	0.06560805	0.0	0.0	0.0	0.30370474	0.0	0.1451674	0.0	0.0	0.062220108	0.22023754	0.0	0.0	0.0	0.0	0.0	0.0	0.030031027	0.0	0.0	0.26344636	0.0	0.27343667	0.0	0.0	0.0	0.08297984	0.15304641	0.0	0.28474036	0.0	0.21208774	0.0	0.0	0.13577278	0.22959983	0.0	0.3211561	0.0	0.0044071735	0.36031985	0.28962636	0.0	0.0	0.10197011	0.052867454	0.16946734	0.15871316	0.21388471	0.0	0.0	0.0	0.22073461	0.0	0.0	0.0	0.174228	0.0	0.0003675098	0.0	0.0	0.09485724	0.0	0.0	0.0	0.013699907	0.0	0.2673422	0.0	0.34283665	0.0	0.0	0.0	0.110243686	0.09627533	0.0	0.0	0.0	0.17913543	0.0	0.0	0.0	0.10851762	0.051358044	0.0	0.0	0.4481981	0.14184736	0.0	0.0	0.17178993	0.0	0.06752372	0.0	0.0	0.07350318	0.0	0.0	0.0	0.0	0.13868397	0.3391452	0.0	0.30003715	0.0	0.2951487	0.0	0.16129698	0.26653382	0.17342012	0.08555031	0.21200228	0.0	0.0	0.24573033	0.17476039	0.0	0.0	0.13888519	0.2108528	0.0	0.0	0.0
0.08533559	0.019876987	0.31116813	0.0	0.0	0.060477246	0.0	0.0	0.0	0.2865494	0.0	0.13432	0.0	0.0	0.06029908	0.21787775	0.0	0.0	0.0	0.0	0.0	0.0	0.029909125	0.0	0.0	0.25129628	0.0	0.26289573	0.0	0.0	0.0	0.07638364	0.15251887	0.0	0.27425295	0.0	0.20822509	0.0	0.0	0.13308905	0.21930082	0.0	0.3025496	0.0	0.005147191	0.34978226	0.28464493	0.0	0.0	0.10500071	0.052106123	0.1630294	0.16137867	0.20535363	0.0	0.0	0.0	0.21308081	0.0	0.0	0.0	0.17239927	0.0	0.0	0.0	0.0	0.09232362	0.0	0.0	0.0	0.012086314	0.0	0.26380304	0.0	0.3366182	0.0	0.0	0.0	0.10588672	0.0901292	0.0	0.0	0.0	0.16753323	0.0	0.0	0.0	0.098875254	0.04996386	0.0	0.0	0.42512265	0.13764006	0.0	0.0	0.16477215	0.0	0.06406485	0.0	0.0	0.06883431	0.0	0.0	0.0	0.0	0.12696685	0.32552505	0.0	0.291762	0.0	0.27426636	0.0	0.14568338	0.24554849	0.16703917	0.07330165	0.21216758	0.0	0.0	0.24625556	0.16560356	0.0	0.0	0.13263828	0.20213819	0.0	0.0	0.0
0.1285684	0.0	0.29923627	0.0	0.0	0.020801095	0.018679358	0.0	0.0	0.25299743	0.0	0.1723467	0.0071739773	0.0	0.042886596	0.21815956	0.0	0.0	0.0	0.0	0.0	0.0	0.019241119	0.0	0.0	0.15086572	0.0	0.27290225	0.0	0.0	0.0	0.06704404	0.119731605	0.0	0.29984912	0.0	0.2004034	0.0	0.0	0.17918557	0.19841187	0.0	0.29394713	0.0	0.007565996	0.30310825	0.2758543	0.0	0.0	0.15963559	0.035681326	0.17156602	0.1761349	0.21855502	0.0	0.0	0.0	0.2716368	0.0	0.0	0.0	0.16880226	0.0	0.0	0.0	0.0	0.14262222	0.0	0.0	0.0	0.0	0.0	0.25258332	0.0	0.3233761	0.0	0.0	0.0	0.055005793	0.07647992	0.0	0.0	0.0	0.18512319	0.0	0.0	0.0	0.028447634	0.04551658	0.0	0.0	0.35184827	0.18867324	0.0	0.0	0.17957716	0.0	0.03557608	0.0	0.0	0.08098819	0.0	0.0	0.0	0.0	0.13783596	0.31019887	0.0	0.28221318	0.0	0.18748419	0.0	0.1682371	0.21587299	0.074521534	0.021106409	0.16643062	0.0	0.0	0.2454298	0.15395343	0.0	0.012070533	0.097765245	0.17728205	0.0	0.0	0.0
0.124756075	0.0	0.29999128	0.0	0.0	0.019227251	0.008321547	0.0	0.0	0.27421144	0.0	0.1804343	0.0	0.0	0.038604323	0.22703624	0.0	0.0	0.0	0.0	0.0	0.0	0.02537817	0.0	0.0	0.2001698	0.0	0.28077817	0.0	0.0	0.0	0.083001666	0.13458566	0.0	0.29462066	0.0	0.2061749	0.0	0.0	0.16549231	0.24125604	0.0	0.32232475	0.0	0.0043307035	0.3286677	0.2873317	0.0	0.0	0.14436358	0.0336475	0.18179071	0.1522363	0.21934323	0.0	0.0	0.0	0.24038482	0.0	0.0	0.0	0.17203216	0.0	0.008377407	0.0	0.0	0.1378184	0.0	0.0	0.0	0.0	0.0	0.24738258	0.0	0.33691037	0.0	0.0	0.0	0.08377212	0.08211535	0.0	0.0	0.0	0.19312195	0.0	0.0	0.0	0.07150666	0.034096386	0.0	0.0	0.42308745	0.15502487	0.0	0.0	0.17903356	0.0	0.044281337	0.0	0.0	0.06815316	0.0	0.0	0.0	0.0	0.13971014	0.32732755	0.0	0.3014265	0.0	0.24674065	0.0	0.17828207	0.25429025	0.12987347	0.056658503	0.19740605	0.0	0.0	0.25928843	0.18252109	0.0	0.0	0.10286502	0.19954701	0.0	0.0	0.0
0.1487255	0.0	0.31331244	0.0	0.0	0.011204402	0.008422441	0.0	0.0	0.31251034	0.0	0.20415185	0.0	0.0	0.04756708	0.201267	0.0	0.0	0.0	0.0	0.0	0.0	0.009752997	0.0	0.0	0.16583312	0.0	0.30067804	0.0	0.0	0.0	0.07498893	0.12890576	0.0	0.3286452	0.0	0.18876378	0.0	0.0	0.18585269	0.2184356	0.0	0.33520627	0.0	0.0127498545	0.3322761	0.2699461	0.0	0.0	0.15563624	0.026461327	0.21660514	0.16900861	0.23780845	0.0	0.0	0.0	0.2866083	0.0	0.0	0.0	0.16525811	0.0	0.0	0.0	0.0	0.13824515	0.0	0.0	0.0	0.0	0.0	0.26051795	0.0	0.32932922	0.0	0.0	0.0	0.064911015	0.09102514	0.0	0.0	0.0	0.19970341	0.0	0.0	0.0	0.038982656	0.048443854	0.0	0.0	0.39459142	0.22255075	0.0	0.0	0.19416042	0.0	0.027950404	0.0	0.0	0.09777672	0.0	0.0	0.0	0.0	0.17207427	0.3461732	0.0	0.32614672	0.0	0.23082268	0.0	0.20295666	0.24800771	0.06367154	0.033469986	0.16108502	0.0	0.0	0.23974365	0.18354873	0.0	0.014024424	0.09475088	0.21509695	0.0	0.0	0.0
0.1333149	0.0	0.30195665	0.0	0.0	0.010885327	0.014154407	0.0	0.0	0.28473553	0.0	0.1976337	0.0	0.0	0.0304368	0.22521766	0.0	0.0	0.0	0.0	0.0	0.0	0.020183397	0.0	0.0	0.18878616	0.0	0.28744817	0.0	0.0	0.0	0.08503734	0.13295129	0.0	0.29862162	0.0	0.1898651	0.0	0.0	0.17031936	0.2226444	0.0	0.33268514	0.0	0.0	0.33095273	0.27885473	0.0	0.0	0.14756513	0.03400436	0.18851066	0.15221989	0.22259313	0.0	0.0	0.0	0.25450683	0.0	0.0	0.0	0.17498569	0.0	0.0061266297	0.0	0.0	0.14433293	0.0	0.0	0.0	0.0	0.0	0.25032958	0.0	0.34139737	0.0	0.0	0.0	0.08111384	0.08190603	0.0	0.0	0.0	0.19863574	0.0	0.0	0.0	0.061920136	0.047953863	0.0	0.0	0.41873732	0.1797405	0.0	0.0	0.18650885	0.0	0.03520761	0.0	0.0	0.07974297	0.0	0.0	0.0	0.0	0.15248644	0.32551646	0.0	0.30322364	0.0	0.2402248	0.0	0.19211872	0.24622388	0.10716095	0.042222377	0.1813323	0.0	0.0	0.25169602	0.18289578	0.0	0.0	0.0904238	0.20575398	0.0	0.0	0.0
0.122179754	0.008461892	0.3250229	0.0	0.0	0.030752698	0.034562893	0.0	0.0	0.30556723	0.0	0.18944842	0.0	0.0	0.05174231	0.22024715	0.0	0.0	0.0	0.0	0.0	0.0	0.036811475	0.0	0.0	0.22054623	0.0	0.28958297	0.0	0.0	0.0	0.07850709	0.16154593	0.0	0.30835816	0.0	0.21998377	0.0	0.0	0.16589834	0.21705915	0.0	0.3261459	0.0	0.0	0.3527335	0.30250058	0.0	0.0	0.12826963	0.04444864	0.19642776	0.16666023	0.24448176	0.0	0.0	0.0	0.2635716	0.0	0.0	0.0	0.17981505	0.0	0.018292427	0.0	0.0	0.115824856	0.0	0.0	0.0	0.012830409	0.0	0.28953764	0.0	0.3707033	0.0	0.0	0.0	0.09924754	0.09752514	0.0	0.0	0.0	0.20446801	0.0	0.0	0.0	0.062339872	0.0814049	0.0	0.0	0.42791978	0.19033897	0.0	0.0	0.19152851	0.0	0.056451876	0.002979378	0.0	0.10144428	0.0	0.0	0.0	0.0	0.16877456	0.35663542	0.0	0.30917636	0.0	0.25714165	0.0	0.18878363	0.2500156	0.106675446	0.05684006	0.17109303	0.0	0.0	0.25864705	0.18559116	0.0	0.0	0.123943806	0.19727601	0.0	0.0	0.0
0.15876018	0.0	0.31592354	0.0	0.0	0.005662951	0.010013404	0.0	0.0	0.3149983	0.0	0.22216028	0.0040947604	0.0	0.032746717	0.21417977	0.0	0.0	0.0	0.0	0.0	0.0	0.026080599	0.0	0.0	0.1836968	0.0	0.3103115	0.0	0.0	0.0	0.099709295	0.13265347	0.0	0.31648192	0.0	0.19761096	0.0	0.0	0.18689986	0.23838584	0.0	0.3562325	0.0	0.003604509	0.3337643	0.28493896	0.0	0.0	0.15087868	0.024741644	0.21626306	0.15843163	0.24611378	0.0	0.0	0.0	0.26851046	0.0	0.0	0.0	0.16733526	0.0	0.007646347	0.0	0.0	0.15965895	0.0	0.0	0.0	0.0	0.0	0.2555847	0.0	0.3521265	0.0	0.0	0.0	0.07155993	0.09266459	0.0	0.0	0.0	0.21888264	0.0	0.0	0.0	0.053343143	0.048944604	0.0	0.0	0.42666087	0.1953088	0.0	0.0	0.19622554	0.0	0.037057336	0.0	0.0	0.09219261	0.0	0.0	0.0	0.0	0.17307341	0.3460205	0.0	0.32529745	0.0	0.25144175	0.0	0.21430302	0.27678028	0.09254394	0.0458923	0.16322882	0.0	0.0	0.24917722	0.2067616	0.0	0.0	0.08383421	0.21002018	0.0	0.0	0.0
0.18023987	0.0	0.31389108	0.0	0.0	0.0068926723	0.00091672875	0.0	0.0	0.32557407	0.0	0.25962368	0.0	0.0	0.026701963	0.2396987	0.0	0.0	0.0	0.0	0.0	0.0	0.028814994	0.0	0.0	0.20026655	0.0	0.34315717	0.0	0.0	0.0	0.098866105	0.13463558	0.0	0.33989635	0.0	0.19823726	0.0	0.0	0.18972905	0.2579941	0.0	0.38645932	0.0	0.0024827607	0.3430936	0.30027643	0.0	0.0	0.15915476	0.024584537	0.22191846	0.13431777	0.26305953	0.0	0.0	0.0	0.29198977	0.0	0.0	0.0	0.18636452	0.0	0.01199029	0.0	0.0	0.17246974	0.0	0.0	0.0	0.0	0.0	0.26401898	0.0	0.37057677	0.0	0.0	0.0	0.07699304	0.08968135	0.0	0.0	0.0	0.23901026	0.0	0.0	0.0	0.0781491	0.033541717	0.0	0.0	0.47171655	0.20011437	0.0	0.0	0.20590971	0.0	0.0409538	0.0	0.0	0.09002223	0.0	0.0	0.0	0.0	0.19423693	0.36607137	0.0	0.3361577	0.0	0.28128538	0.0	0.24017076	0.306878	0.112113394	0.06482325	0.1740485	0.0	0.0	0.253059	0.2352608	0.0	0.0	0.10380646	0.23522018	0.0	0.0	0.0
0.15181242	0.0	0.30912876	0.0	0.0	0.01720559	0.012675273	0.0	0.0	0.30580637	0.0	0.1957293	0.0	0.0	0.036970183	0.23329024	0.0	0.0	0.0	0.0	0.0	0.0	0.02642703	0.0	0.0	0.20700967	0.0	0.29603663	0.0	0.0	0.0	0.09470587	0.13410078	0.0	0.29843792	0.0	0.20552425	0.0	0.0	0.17971975	0.2524735	0.0	0.353906	0.0	0.0019807604	0.33530733	0.2792029	0.0	0.0	0.14565271	0.034239557	0.20204455	0.14243907	0.23090005	0.0	0.0	0.0	0.24935102	0.0	0.0	0.0	0.17501812	0.0	0.002316383	0.0	0.0	0.15117188	0.0	0.0	0.0	0.0	0.0	0.25438985	0.0	0.33641753	0.0	0.0	0.0	0.08817168	0.09074983	0.0	0.0	0.0	0.21760285	0.0	0.0	0.0	0.08287618	0.029730834	0.0	0.0	0.44201836	0.16529992	0.0	0.0	0.17890517	0.0	0.05077414	0.0	0.0	0.06499677	0.0	0.0	0.0	0.0	0.1435364	0.34242678	0.0	0.3220806	0.0	0.27683008	0.0	0.19552489	0.26809716	0.13496526	0.06831872	0.19620688	0.0	0.0	0.257979	0.20063154	0.0	0.0034741953	0.08298967	0.21939577	0.0	0.0	0.0
0.16836052	0.0	0.31074068	0.0	0.0	0.0054628775	0.014081158	0.0	0.0	0.33375716	0.0	0.2343751	0.0	0.0	0.04753047	0.20395315	0.0	0.0	0.0	0.0	0.0	0.0	0.01024646	0.0	0.0	0.1747811	0.0	0.3120719	0.0	0.0	0.0	0.08765957	0.12918729	0.0	0.32669863	0.0	0.18624692	0.0	0.0	0.18088764	0.23264249	0.0	0.3632652	0.0	0.008653452	0.3364282	0.28391993	0.0	0.0	0.16341121	0.019115454	0.22321612	0.15819396	0.2516391	0.0	0.0	0.0	0.27512106	0.0	0.0	0.0	0.16275983	0.0	0.0	0.0	0.0	0.15307201	0.0	0.0	0.0	0.0	0.0	0.25223994	0.0	0.34761629	0.0	0.0	0.0	0.07143751	0.08352829	0.0	0.0	0.0	0.21962649	0.0	0.0	0.0	0.05925128	0.050204854	0.0	0.0	0.431829	0.21125488	0.0	0.0	0.19558294	0.0	0.027492113	0.0	0.0	0.09200656	0.0	0.0	0.0	0.0	0.18094784	0.34566882	0.0	0.33427045	0.0	0.25943673	0.0	0.2210657	0.26762977	0.08602449	0.03874809	0.17371058	0.0	0.0	0.2453956	0.2057712	0.0	0.003567408	0.07225349	0.22712164	0.0	0.0	0.0
0.08979701	0.0015991764	0.31982213	0.0	0.0	0.040593967	0.031262938	0.0	0.0	0.324724	0.0	0.16079693	0.0	0.0	0.07008191	0.18930793	0.0	0.01693747	0.0	0.0	0.0	0.0	0.0315202	0.0	0.0	0.25093397	0.0	0.27170956	0.0	0.0	0.0	0.07329267	0.16220279	0.0	0.3077016	0.0	0.21958335	0.0	0.0	0.15140194	0.21706276	0.0	0.31601858	0.0	0.006839352	0.36872685	0.30472574	0.0	0.0	0.09864669	0.053934317	0.20565902	0.18177713	0.24064326	0.0	0.0	0.0	0.23974212	0.0	0.0	0.0	0.16641077	0.0	0.0065638297	0.0	0.0	0.08038359	0.0	0.0	0.0	0.004597597	0.0	0.2906033	0.0	0.3672593	0.0	0.0	0.0	0.13007002	0.09718472	0.0	0.0	0.0	0.17676397	0.0	0.0	0.0	0.08584251	0.07325019	0.0	0.0	0.44932827	0.16304056	0.0	0.0023213464	0.18040977	0.0	0.056732807	0.0	0.0	0.1001393	0.0	0.0	0.0	0.0	0.14894997	0.36038277	0.0	0.30753922	0.0	0.2803724	0.0	0.17102791	0.25937012	0.13952659	0.06712329	0.19546604	0.0	0.0	0.25313997	0.17245801	0.0	0.0	0.15679078	0.20824333	0.0	0.0	0.0
0.16722243	0.0	0.328629	0.0	0.0	0.004182872	0.00065949495	0.0	0.0	0.3316544	0.0	0.25341362	0.0	0.0	0.030443674	0.22899531	0.0	0.0	0.0	0.0	0.0	0.0	0.032568164	0.0	0.0	0.19859008	0.0	0.32782364	0.0	0.0	0.0	0.101716764	0.1414463	0.0	0.33285657	0.0	0.19753186	0.0	0.0	0.18996276	0.26256076	0.0	0.37793455	0.0	0.0	0.35499433	0.2988777	0.0	0.0	0.14631946	0.02400195	0.2309202	0.1506752	0.2542544	0.0	0.0	0.0	0.29213035	0.0	0.0	0.0	0.17753856	0.0	0.0072834915	0.0	0.0	0.15928276	0.0	0.0	0.0	0.0	0.0	0.26482296	0.0	0.366201	0.0	0.0	0.0	0.08623627	0.08799725	0.0	0.0	0.0	0.24019627	0.0	0.0	0.0	0.06954475	0.050206106	0.0	0.0	0.46269563	0.20464176	0.0	0.0	0.20500465	0.0	0.037209544	0.0	0.0	0.08950913	0.0	0.0	0.0	0.0	0.19320266	0.36656246	0.0	0.34018484	0.0	0.27492848	0.0	0.24165972	0.3016946	0.10172894	0.059793804	0.16867419	0.0	0.0	0.26434612	0.23042108	0.0	0.0	0.090952985	0.23251267	0.0	0.0	0.0
0.0752937	0.0	0.30707625	0.0	0.0	0.0051001473	0.015604514	0.0	0.0	0.23931785	0.0	0.11841778	0.0	0.0	0.04429117	0.19638081	0.0	0.0	0.0	0.0	0.0	0.0	0.036400273	0.0	0.0	0.18007104	0.0	0.23112857	0.0	0.0	0.0	0.06545282	0.13474399	0.0	0.25853288	0.0	0.19889332	0.0	0.0	0.16172493	0.18689239	0.0	0.2555264	0.0	0.005161699	0.30752826	0.2752572	0.0	0.0	0.11752239	0.033576515	0.17277199	0.18945181	0.20084246	0.0	0.0	0.0	0.21224046	0.0	0.0	0.0	0.15523551	0.0	0.0	0.0	0.0	0.10387603	0.0	0.0	0.0	0.0019821872	0.0	0.2499944	0.0	0.31206614	0.0	0.0	0.0	0.07283681	0.06769795	0.0	0.0	0.0	0.14340661	0.0	0.0	0.0	0.035786584	0.06626408	0.0	0.0	0.33159706	0.14177893	0.0	0.0	0.14659785	0.0	0.03952578	0.0	0.0	0.058683053	0.0	0.0	0.0	0.0	0.08734995	0.29709145	0.0	0.28539082	0.0	0.18999936	0.0	0.1229404	0.18438454	0.10532548	0.019149696	0.18465461	0.0	0.0	0.26952827	0.13275008	0.0	0.0033834644	0.08718748	0.16594897	0.0	0.0	0.0
0.1721217	0.0	0.31207576	0.0	0.0	0.013854672	0.01042309	0.0	0.0	0.33011183	0.0	0.24176772	0.0	0.0	0.043962006	0.21061476	0.0	0.0	0.0	0.0	0.0	0.0	0.009353653	0.0	0.0	0.16342194	0.0	0.32627586	0.0	0.0	0.0	0.08718941	0.12987433	0.0	0.33255294	0.0	0.19159412	0.0	0.0	0.18648611	0.23442908	0.0	0.3653303	0.0	0.009658248	0.33297768	0.28370136	0.0	0.0	0.16694729	0.024530435	0.22258373	0.15849666	0.24998824	0.0	0.0	0.0	0.28626895	0.0	0.0	0.0	0.16115732	0.0	0.0025806117	0.0	0.0	0.15842526	0.0	0.0	0.0	0.0	0.0	0.25135523	0.0	0.34514308	0.0	0.0	0.0	0.061497163	0.09223423	0.0	0.0	0.0	0.22250243	0.0	0.0	0.0	0.052411836	0.04859994	0.0	0.0	0.42583403	0.21869266	0.0	0.0	0.201447	0.0	0.026886432	0.0	0.0	0.094607554	0.0	0.0	0.0	0.0	0.18689384	0.34983644	0.0	0.3335679	0.0	0.25274205	0.0	0.22401905	0.2730944	0.076476	0.038839463	0.16534744	0.0	0.0	0.23879738	0.21060912	0.0	0.005595161	0.083189555	0.22582234	0.0	0.0	0.0
0.17669235	0.0	0.31713322	0.0	0.0	0.0015113304	0.013993017	0.0	0.0	0.33472276	0.0	0.2055785	0.0	0.0	0.030751953	0.25542566	0.0	0.0	0.0	0.0	0.0	0.0	0.017729798	0.0	0.0	0.22221468	0.0	0.32158282	0.0	0.0	0.0	0.07547831	0.1446252	0.0	0.29897532	0.0	0.21356142	0.0	0.0	0.15902905	0.24753864	0.0	0.39073315	0.0	0.0053636977	0.3619063	0.25653455	0.0	0.0	0.18003033	0.05004489	0.209024	0.12830521	0.23386824	0.0	0.0	0.0	0.2479316	0.0	0.0	0.0	0.17069376	0.0	0.0030054625	0.0	0.0	0.16395749	0.0	0.0	0.0	0.0	0.0	0.273249	0.0	0.32925177	0.0	0.0	0.0	0.107493974	0.071809836	0.0	0.0	0.0	0.2280782	0.0	0.0	0.0	0.12585174	0.0074729607	0.0	0.0	0.4846147	0.16602693	0.0	0.0	0.1892709	0.0	0.050990004	0.0	0.0	0.066208065	0.0	0.0	0.0	0.0	0.117391326	0.37524852	0.0	0.3169317	0.0	0.33247152	0.0	0.19955242	0.24227124	0.17684846	0.08054688	0.22080767	0.0	0.0	0.2580435	0.18748432	0.0	0.008128491	0.088173054	0.21841581	0.0	0.0	0.0
0.17496912	0.0	0.3190073	0.0	0.0	0.008045178	0.020479381	0.0	0.0	0.3535821	0.0	0.24004984	0.0	0.0	0.036896154	0.21438725	0.0	0.0	0.0	0.0	0.0	0.0	0.017517114	0.0	0.0	0.18982057	0.0	0.34278083	0.0	0.0	0.0	0.09524704	0.13926095	0.0	0.34216723	0.0	0.20228153	0.0	0.0	0.18631041	0.24827641	0.0	0.3826158	0.0	0.009004994	0.3507235	0.28545043	0.0	0.0	0.17150903	0.042182464	0.23782222	0.15259357	0.26946208	0.0	0.0	0.0	0.29065284	0.0	0.0	0.0	0.15991779	0.0	0.005205332	0.0	0.0	0.15622939	0.0	0.0	0.0	0.0	0.0	0.26766858	0.0	0.35640416	0.0	0.0	0.0	0.07461706	0.09726074	0.0	0.0	0.0	0.23438178	0.0	0.0	0.0	0.08128859	0.04669477	0.0	0.0	0.46818063	0.20904028	0.0	0.0	0.21419306	0.0	0.03371111	0.0	0.0	0.10075375	0.0	0.0	0.0	0.0	0.18508594	0.38166475	0.0	0.34429935	0.0	0.29435995	0.0	0.23601644	0.28538916	0.09906467	0.058821056	0.17923056	0.0	0.0	0.24859928	0.21238081	0.0	0.00677341	0.087404616	0.23842908	0.0	0.0	0.0
0.258389	0.0	0.3537047	0.0	0.0	0.0	0.004393105	0.0	0.0	0.42370465	0.0	0.3209028	0.0	0.0	0.03079685	0.2806169	0.0	0.0	0.0	0.0	0.0	0.0	0.0070049968	0.0	0.0	0.2011465	0.0	0.41734874	0.0	0.0	0.0	0.100593984	0.14455414	0.0	0.36181977	0.0	0.22246315	0.0	0.0	0.2031693	0.2857544	0.0	0.48546675	0.0	0.0	0.3718597	0.27424654	0.0	0.0	0.23360024	0.039728556	0.26094192	0.11742591	0.30829483	0.0	0.0	0.0	0.32848477	0.0	0.0	0.0	0.1661153	0.0	0.004417777	0.0	0.0	0.22891729	0.0	0.0	0.0	0.0	0.0	0.28180158	0.0	0.36882567	0.0	0.0	0.0	0.10668034	0.095232986	0.0	0.0	0.0	0.30892578	0.0	0.0	0.0	0.14691646	0.0102386335	0.0	0.0	0.5720849	0.22121787	0.0	0.0	0.23224859	0.0	0.047697008	0.0	0.0	0.09123125	0.0	0.0	0.0	0.0	0.18345512	0.44513986	0.0	0.37144843	0.0	0.3902879	0.0	0.28939703	0.323617	0.17311846	0.082565315	0.20079283	0.0	0.0	0.24960077	0.24335305	0.0	0.0045914394	0.07017117	0.2677588	0.0	0.0	0.0
0.1482877	0.0	0.3109574	0.0	0.0	0.013923186	0.017405232	0.0	0.0	0.32060474	0.0	0.21108432	0.0	0.0	0.045017738	0.19845395	0.0	0.0	0.0	0.0	0.0	0.0	0.0063623735	0.0	0.0	0.1719398	0.0	0.30475697	0.0	0.0	0.0	0.07578134	0.1370468	0.0	0.33005977	0.0	0.1951825	0.0	0.0	0.17518453	0.22044438	0.0	0.33880535	0.0	0.013799947	0.3372918	0.27957568	0.0	0.0	0.16023166	0.028722128	0.21630664	0.1701717	0.24189536	0.0	0.0	0.0	0.2775122	0.0	0.0	0.0	0.15846242	0.0	0.0	0.0	0.0	0.13382529	0.0	0.0	0.0	0.0	0.0	0.25793043	0.0	0.3443686	0.0	0.0	0.0	0.059026968	0.08737564	0.0	0.0	0.0	0.20321743	0.0	0.0	0.0	0.052122902	0.05254367	0.0	0.0	0.41163108	0.21441467	0.0	0.0	0.19913258	0.0	0.026564218	0.0	0.0	0.09845146	0.0	0.0	0.0	0.0	0.17975557	0.34473386	0.0	0.32719022	0.0	0.24562927	0.0	0.20374502	0.24977203	0.07448094	0.041279618	0.16831161	0.0	0.0	0.24258547	0.1914538	0.0	0.009909914	0.0909521	0.21791531	0.0	0.0	0.0
0.147271	0.0	0.31375954	0.0	0.0	0.007579317	0.01674674	0.0	0.0	0.31668416	0.0	0.20337968	0.0	0.0	0.043859065	0.20062427	0.0	0.0	0.0	0.0	0.0	0.0	0.01417425	0.0	0.0	0.18746673	0.0	0.29861283	0.0	0.0	0.0	0.08199056	0.14012389	0.0	0.32374188	0.0	0.1985178	0.0	0.0	0.17721541	0.22690141	0.0	0.33835152	0.0	0.0115914205	0.33271316	0.28314513	0.0	0.0	0.1504832	0.023707286	0.21254031	0.16471018	0.23842698	0.0	0.0	0.0	0.26900977	0.0	0.0	0.0	0.1669267	0.0	0.0	0.0	0.0	0.1369567	0.0	0.0	0.0	0.0	0.0	0.26761466	0.0	0.34465238	0.0	0.0	0.0	0.06446539	0.084071346	0.0	0.0	0.0	0.2035686	0.0	0.0	0.0	0.05199601	0.047950406	0.0	0.0	0.41406426	0.2048403	0.0	0.0	0.18870777	0.0	0.033586342	0.0	0.0	0.09693084	0.0	0.0	0.0	0.0	0.17229788	0.34857965	0.0	0.32863712	0.0	0.24736243	0.0	0.19993047	0.25578043	0.08117951	0.04716115	0.1710279	0.0	0.0	0.24443023	0.19505113	0.0	0.007649856	0.08632996	0.2148451	0.0	0.0	0.0
0.06480743	0.0	0.32539347	0.0	0.0	0.00014296919	0.01820275	0.0	0.0	0.24002416	0.0	0.099813424	0.0	0.0	0.06000015	0.19319533	0.0	0.0	0.0	0.0	0.0	0.0	0.037242837	0.0	0.0	0.17096256	0.0	0.22567402	0.0	0.0	0.0	0.05464797	0.13276081	0.0	0.24155481	0.0	0.20734872	0.0	0.0	0.16017759	0.16875227	0.0	0.23732542	0.0	0.00067149475	0.29031178	0.27605426	0.0	0.0	0.10668262	0.033307996	0.16913629	0.1938864	0.20679207	0.0	0.0	0.0	0.21118613	0.0	0.0	0.0	0.15007262	0.0	0.0018984862	0.0	0.0	0.094207115	0.0016511915	0.0	0.0	0.0047097667	0.0	0.24812682	0.0	0.2903491	0.0	0.0	0.0	0.07774157	0.0711028	0.0	0.0	0.0	0.123749435	0.0	0.0	0.0	0.039480668	0.067605115	0.0	0.0	0.3208367	0.15038139	0.0	0.0	0.13206334	0.0	0.04432245	0.0	0.0	0.03806037	0.0	0.0	0.0	0.0	0.06826259	0.30738527	0.0	0.2855294	0.0	0.18934412	0.0	0.11884114	0.17518939	0.09979022	0.023786591	0.1804601	0.0	0.0	0.28225884	0.12987286	0.0	0.007936493	0.07401006	0.15852614	0.0	0.0	0.0
0.19695772	0.0	0.31218144	0.0	0.0	0.0	0.0	0.0	0.0	0.30602753	0.0	0.21785651	0.0	0.0	0.01091138	0.26588425	0.0	0.0	0.0	0.0	0.0	0.0	0.004391501	0.0	0.0	0.16949445	0.0	0.32790443	0.0	0.0	0.0	0.08648196	0.12364268	0.0	0.273553	0.0	0.1954643	0.0	0.0	0.17679684	0.2402175	0.0	0.3963879	0.0	0.0	0.3319609	0.23230392	0.0	0.0	0.18899275	0.04291132	0.19156945	0.119321875	0.21643615	0.0	0.0	0.0	0.2405094	0.0	0.0	0.0	0.16702376	0.0	0.006986695	0.0	0.0	0.2046709	0.0	0.0	0.0	0.0	0.0	0.23678343	0.0	0.30167076	0.0	0.0	0.0	0.09561785	0.07264183	0.0	0.0	0.0	0.22070277	0.0	0.0	0.0	0.088716485	0.006160403	0.0	0.0	0.45202497	0.16996183	0.0	0.0	0.18718068	0.0	0.038919885	0.0	0.0	0.058069736	0.0	0.0	0.0	0.0	0.094294526	0.3461136	0.0	0.29103944	0.0	0.28820178	0.0	0.19242273	0.21897356	0.16436847	0.048956793	0.19282937	0.0	0.0	0.24460876	0.1875443	0.0	0.0	0.059843898	0.19922698	0.0	0.0	0.0
0.1755765	0.0	0.32825252	0.0	0.0	0.027907738	0.029968888	0.0	0.0	0.37184718	0.0	0.24511103	0.0	0.0	0.0674986	0.20725334	0.0	0.0	0.0	0.0	0.0	0.0	0.013155837	0.0	0.0	0.20787263	0.0	0.33556688	0.0	0.0	0.0	0.093195416	0.15314563	0.0	0.3598752	0.0	0.21457578	0.0	0.0	0.18113466	0.25088495	0.0	0.37551582	0.0	0.014365662	0.3583938	0.31759512	0.0	0.0	0.16904855	0.0295858	0.23954654	0.15979762	0.27705646	0.0	0.0	0.0	0.3017459	0.0	0.0	0.0	0.16517293	0.0	0.003751289	0.0	0.0	0.1422979	0.0	0.0	0.0	0.0	0.0	0.2808096	0.0	0.38148856	0.0	0.0	0.0	0.066813454	0.09115895	0.0	0.0	0.0	0.23781054	0.0	0.0	0.0	0.09155122	0.045539934	0.0	0.0	0.48815528	0.21584873	0.0	0.0	0.2151563	0.0	0.04559775	0.0	0.0	0.10816898	0.0	0.0	0.0	0.0	0.21929224	0.38892555	0.0	0.35896882	0.0	0.30385214	0.0	0.24322045	0.32078764	0.10714096	0.07475286	0.18910728	0.0	0.0	0.2450621	0.22960825	0.0	0.014054186	0.090900905	0.2433496	0.0	0.0	0.0
0.1353073	0.0	0.31923673	0.0	0.0	0.016335016	0.004385015	0.0	0.0	0.27479672	0.0	0.18849617	0.0	0.0	0.031802036	0.21615128	0.0	0.0	0.0	0.0	0.0	0.0	0.01976066	0.0	0.0	0.16829588	0.0	0.28144574	0.0	0.0	0.0	0.0815778	0.12393562	0.0	0.2950544	0.0	0.20315118	0.0	0.0	0.1861371	0.23230708	0.0	0.32839307	0.0	0.0059257224	0.3179182	0.27074087	0.0	0.0	0.14588134	0.028624149	0.19218634	0.17622615	0.21797343	0.0	0.0	0.0	0.25143063	0.0	0.0	0.0	0.15929736	0.0	0.0	0.0	0.0	0.1487308	0.0	0.0	0.0	0.0	0.0	0.239942	0.0	0.32173356	0.0	0.0	0.0	0.066387214	0.07811172	0.0	0.0	0.0	0.20214505	0.0	0.0	0.0	0.043203462	0.04677445	0.0	0.0	0.37872303	0.1770978	0.0	0.0	0.18239336	0.0	0.03914228	0.0	0.0	0.069314465	0.0	0.0	0.0	0.0	0.1260015	0.318492	0.0	0.31063005	0.0	0.23092711	0.0	0.17857921	0.23879544	0.10115064	0.037069816	0.17521197	0.0	0.0	0.25779876	0.18181174	0.0	0.0053909146	0.06935444	0.19260184	0.0	0.0	0.0
0.16353136	0.0	0.328952	0.0	0.0	0.01120159	0.023930604	0.0	0.0	0.3439034	0.0	0.23504406	0.0	0.0	0.059155762	0.2169565	0.0	0.0	0.0	0.0	0.0	0.0	0.022755459	0.0	0.0	0.20601948	0.0	0.32003716	0.0	0.0	0.0	0.10483905	0.14408644	0.0	0.33340302	0.0	0.21158536	0.0	0.0	0.1824544	0.25803187	0.0	0.3675181	0.0	0.004650846	0.34726527	0.30907297	0.0	0.0	0.15403034	0.024940407	0.2272067	0.15664905	0.25960752	0.0	0.0	0.0	0.2858673	0.0	0.0	0.0	0.17401218	0.0	0.0063875555	0.0	0.0	0.14947306	0.0	0.0	0.0	0.0	0.0	0.27989602	0.0	0.37178564	0.0	0.0	0.0	0.07722811	0.09145861	0.0	0.0	0.0	0.23191406	0.0	0.0	0.0	0.076841526	0.05176097	0.0	0.0	0.46307862	0.20419455	0.0	0.0	0.203261	0.0	0.045480695	0.0	0.0	0.100178204	0.0	0.0	0.0	0.0	0.19967757	0.36784425	0.0	0.33668813	0.0	0.28313044	0.0	0.23235917	0.30587575	0.099976726	0.06973074	0.17868234	0.0	0.0	0.2573914	0.22355415	0.0	0.005399806	0.08622515	0.22758026	0.0	0.0	0.0
0.20325308	0.0	0.34885547	0.0	0.0	0.0	0.0050938614	0.0	0.0	0.37028834	0.0	0.30154076	0.0	0.0	0.039165948	0.23732805	0.0	0.0	0.0	0.0	0.0	0.0	0.016413089	0.0	0.0	0.18703741	0.0	0.36831784	0.0	0.0	0.0	0.10139847	0.13661975	0.0	0.3604099	0.0	0.19992678	0.0	0.0	0.19838257	0.26888567	0.0	0.42989954	0.0	0.0	0.36011872	0.2967603	0.0	0.0	0.1807553	0.040872633	0.25010708	0.14363723	0.28125286	0.0	0.0	0.0	0.3161486	0.0	0.0	0.0	0.17278783	0.0	0.007779719	0.0	0.0	0.18799831	0.0	0.0	0.0	0.0	0.0	0.26757255	0.0	0.37107465	0.0	0.0	0.0	0.09458537	0.10231781	0.0	0.0	0.0	0.26814353	0.0	0.0	0.0	0.092454664	0.05450933	0.0	0.0	0.5106463	0.22405231	0.0	0.0	0.23346578	0.0	0.029159525	0.0	0.0	0.10335625	0.0	0.0	0.0	0.0	0.20123589	0.39419985	0.0	0.35278583	0.0	0.30803493	0.0	0.26823363	0.3180601	0.11366125	0.05492647	0.16214472	0.0	0.0	0.2550049	0.24459185	0.0	0.0	0.09468158	0.24988757	0.0	0.0	0.0
0.124103524	0.0	0.33528337	0.0	0.0	0.039455783	0.020250542	0.0	0.0	0.33744457	0.0	0.23656933	0.0	0.0	0.056542132	0.2091943	0.0	0.0	0.0	0.0	0.0	0.0	0.031516083	0.0	0.0	0.22575526	0.0	0.32081774	0.0	0.0	0.0	0.09310258	0.15391316	0.0	0.34706238	0.0	0.20878367	0.0	0.0	0.16179939	0.24880107	0.0	0.35331574	0.0	0.0	0.3716173	0.32857594	0.0	0.0	0.13105452	0.03911551	0.2141834	0.16341113	0.26004675	0.0	0.0	0.0	0.28976822	0.0	0.0	0.0	0.17842229	0.0	0.009924046	0.0	0.0	0.11318281	0.0	0.0	0.0	0.012389094	0.0	0.2852187	0.0	0.39095083	0.0	0.0	0.0	0.10907338	0.10732838	0.0	0.0	0.0	0.21990968	0.0	0.0	0.0	0.080588646	0.07896651	0.0	0.0	0.48495293	0.20592856	0.0	0.0	0.2220248	0.0	0.048049044	0.0	0.0	0.11018628	0.0	0.0	0.0	0.0	0.21210225	0.37236738	0.0	0.32543042	0.0	0.27862886	0.0	0.22722924	0.30776677	0.107981585	0.06947409	0.17501803	0.0	0.0	0.25609332	0.2109375	0.0	0.0	0.15661593	0.23098035	0.0	0.0	0.0
