124.86911	0.0	142.46599	0.0	0.0	3.0807517	0.0	0.0	0.0	256.46005	0.0	316.0907	0.0	0.0	16.065239	84.186165	0.0	0.0	0.0	0.0	0.0	0.0	35.36056	0.0	0.0	54.98836	0.0	272.9009	0.0	0.0	0.0	62.66078	74.05579	0.0	194.52333	0.0	61.531162	0.0	0.0	111.333015	124.99944	0.0	266.49475	0.0	0.0	87.93566	142.95406	0.0	0.0	76.9228	0.0	166.70918	0.0	238.2165	0.0	0.0	0.0	228.86736	0.0	0.0	0.0	0.0	0.0	29.165916	0.0	0.0	124.34009	0.0	0.0	0.0	0.0	0.0	73.4123	0.0	196.7755	0.0	0.0	0.0	39.86392	54.975082	0.0	0.0	0.0	218.88573	12.006516	0.0	0.0	141.67375	23.541397	0.0	0.0	340.15704	115.37116	0.0	0.0	166.13965	0.0	13.938407	0.0	0.0	64.76398	0.0	0.0	0.0	0.0	203.76428	253.34782	0.0	164.36232	26.331888	218.4887	0.0	255.19911	334.1335	37.98454	120.0064	0.0	0.0	0.0	58.178448	180.80403	0.0	0.0	34.863068	126.58777	0.0	0.0	0.0
124.12101	0.0	140.33218	0.0	0.0	2.2877414	0.0	0.0	0.0	252.80635	0.0	312.07797	0.0	0.0	15.10424	84.286835	0.0	0.0	0.0	0.0	0.0	0.0	34.32609	0.0	0.0	53.902332	0.0	270.62173	0.0	0.0	0.0	61.488438	73.20604	0.0	191.39679	0.0	60.902466	0.0	0.0	110.17361	123.4334	0.0	263.65695	0.0	0.0	86.55247	139.99203	0.0	0.0	77.32397	0.0	164.1383	0.0	235.04063	0.0	0.0	0.0	226.27014	0.0	0.0	0.0	0.0	0.0	28.9672	0.0	0.0	123.73809	0.0	0.0	0.0	0.0	0.0	72.17521	0.0	193.5001	0.0	0.0	0.0	39.19769	54.016277	0.0	0.0	0.0	216.22919	11.692196	0.0	0.0	140.30962	21.990013	0.0	0.0	336.42477	113.47225	0.0	0.0	164.0393	0.0	13.926951	0.0	0.0	63.200348	0.0	0.0	0.0	0.0	199.68251	250.82477	0.0	161.6714	25.753555	216.45085	0.0	252.22734	328.98013	38.56618	118.387505	0.0	0.0	0.0	57.52914	177.77205	0.0	0.0	34.211697	124.66859	0.0	0.0	0.0
127.19579	0.0	146.92645	0.0	0.0	3.1848078	0.0	0.0	0.0	263.8884	0.0	323.89365	0.0	0.0	16.657274	86.25192	0.0	0.0	0.0	0.0	0.0	0.0	37.182697	0.0	0.0	57.584553	0.0	279.24075	0.0	0.0	0.0	65.01285	76.33849	0.0	198.78229	0.0	62.635082	0.0	0.0	113.450806	128.60866	0.0	273.82462	0.0	0.0	90.52853	146.6043	0.0	0.0	77.82883	0.0	172.0131	0.0	244.33946	0.0	0.0	0.0	233.34546	0.0	0.0	0.0	0.0	0.0	29.855402	0.0	0.0	127.246735	0.0	0.0	0.0	0.0	0.0	75.79444	0.0	202.0105	0.0	0.0	0.0	42.667038	56.824295	0.0	0.0	0.0	224.85156	12.71005	0.0	0.0	146.76656	24.390724	0.0	0.0	349.70972	117.99171	0.0	0.0	169.94118	0.0	14.193474	0.0	0.0	66.52699	0.0	0.0	0.0	0.0	208.94287	259.93698	0.0	169.54317	26.45703	224.74957	0.0	261.27933	343.2285	39.853596	124.01644	0.0	0.0	0.0	60.345356	186.02089	0.0	0.0	35.34332	130.42871	0.0	0.0	0.0
130.10661	0.0	151.66272	0.0	0.0	4.1021676	0.0	0.0	0.0	271.7295	0.0	333.3707	0.0	0.0	17.630175	87.69955	0.0	0.0	0.0	0.0	0.0	0.0	38.823902	0.0	0.0	59.537525	0.0	286.32083	0.0	0.0	0.0	67.30831	78.25131	0.0	205.07372	0.0	64.46336	0.0	0.0	116.517555	132.68666	0.0	281.21262	0.0	0.0	93.47399	152.0013	0.0	0.0	78.80178	0.0	177.38098	0.0	251.60132	0.0	0.0	0.0	239.75258	0.0	0.0	0.0	0.0	0.0	30.55823	0.0	0.0	130.17908	0.0	0.0	0.0	0.0	0.0	78.116066	0.0	208.48097	0.0	0.0	0.0	44.125553	58.64162	0.0	0.0	0.0	231.31885	13.217602	0.0	0.0	150.54704	26.203718	0.0	0.0	359.2723	121.797844	0.0	0.0	174.90161	0.0	14.39475	0.0	0.0	68.97491	0.0	0.0	0.0	0.0	216.1615	266.53052	0.0	175.14203	27.271463	230.46259	0.0	268.57712	354.006	39.908863	127.85529	0.0	0.0	0.0	62.104977	192.10234	0.0	0.0	36.274532	134.51042	0.0	0.0	0.0
140.15901	0.0	168.35852	0.0	0.0	7.4919543	0.0	0.0	0.0	299.9098	0.0	364.7919	0.0	0.0	20.259628	94.233986	0.0	0.0	0.0	0.0	0.0	0.0	44.218372	0.0	0.0	69.6202	0.0	310.0789	0.0	0.0	0.0	74.90744	85.774895	0.0	225.52057	0.0	70.8529	0.0	0.0	125.543785	147.62727	0.0	308.698	0.0	0.0	103.82571	169.06279	0.0	0.0	82.23328	0.0	195.68489	0.0	276.0446	0.0	0.0	0.0	258.94238	0.0	0.0	0.0	0.0	0.0	33.253864	0.0	0.0	141.42613	0.0	0.0	0.0	0.0	0.0	89.23032	0.0	231.29005	0.0	0.0	0.0	51.722656	64.20251	0.0	0.0	0.0	254.47083	14.860268	0.0	0.0	167.53912	30.469133	0.0	0.0	395.2015	133.44676	0.0	0.0	191.62854	0.0	15.524697	0.0	0.0	77.33207	0.0	0.0	0.0	0.0	239.72534	290.80197	0.0	194.01158	29.137217	252.8996	0.0	292.7159	390.71887	44.238636	144.1523	0.0	0.0	0.0	68.89626	213.02373	0.0	0.0	39.21492	148.60881	0.0	0.0	0.0
126.91033	0.0	146.25703	0.0	0.0	3.2316425	0.0	0.0	0.0	262.85513	0.0	322.8845	0.0	0.0	16.554447	85.929016	0.0	0.0	0.0	0.0	0.0	0.0	36.977123	0.0	0.0	57.18811	0.0	278.4028	0.0	0.0	0.0	64.66952	75.96807	0.0	198.27986	0.0	62.51123	0.0	0.0	113.20809	128.09387	0.0	272.71487	0.0	0.0	90.218544	146.24452	0.0	0.0	77.61584	0.0	171.29604	0.0	243.66075	0.0	0.0	0.0	232.92877	0.0	0.0	0.0	0.0	0.0	29.838472	0.0	0.0	126.806175	0.0	0.0	0.0	0.0	0.0	75.53193	0.0	201.36017	0.0	0.0	0.0	42.085323	56.608982	0.0	0.0	0.0	224.08435	12.644356	0.0	0.0	145.87941	24.366766	0.0	0.0	348.33243	117.67324	0.0	0.0	169.45888	0.0	14.239324	0.0	0.0	66.30749	0.0	0.0	0.0	0.0	208.49724	258.9857	0.0	168.83395	26.48159	223.73885	0.0	260.52625	342.09863	39.36041	123.44568	0.0	0.0	0.0	60.04633	185.45885	0.0	0.0	35.46588	129.9575	0.0	0.0	0.0
125.30585	0.0	142.89256	0.0	0.0	2.5948718	0.0	0.0	0.0	257.43942	0.0	316.8856	0.0	0.0	15.859241	85.153694	0.0	0.0	0.0	0.0	0.0	0.0	35.52302	0.0	0.0	55.42306	0.0	274.25003	0.0	0.0	0.0	62.964214	74.50916	0.0	194.49779	0.0	61.40739	0.0	0.0	111.46281	125.49319	0.0	267.82602	0.0	0.0	88.2725	142.71764	0.0	0.0	77.44558	0.0	167.50932	0.0	239.11482	0.0	0.0	0.0	229.31816	0.0	0.0	0.0	0.0	0.0	29.435501	0.0	0.0	125.10919	0.0	0.0	0.0	0.0	0.0	73.74993	0.0	196.96162	0.0	0.0	0.0	40.707203	55.224518	0.0	0.0	0.0	219.80458	12.222346	0.0	0.0	143.08691	23.040514	0.0	0.0	341.95923	115.30789	0.0	0.0	166.51459	0.0	14.028358	0.0	0.0	64.52841	0.0	0.0	0.0	0.0	203.6111	254.61842	0.0	164.97758	26.060385	219.93929	0.0	256.0437	334.90784	39.016125	120.60671	0.0	0.0	0.0	58.692814	181.29768	0.0	0.0	34.780277	127.12647	0.0	0.0	0.0
123.639275	0.0	140.38945	0.0	0.0	2.629295	0.0	0.0	0.0	253.2187	0.0	311.97705	0.0	0.0	15.592613	83.62808	0.0	0.0	0.0	0.0	0.0	0.0	34.768383	0.0	0.0	54.17348	0.0	269.9171	0.0	0.0	0.0	61.718197	73.21597	0.0	191.68315	0.0	60.563137	0.0	0.0	109.86991	123.27383	0.0	263.30026	0.0	0.0	86.76339	140.68304	0.0	0.0	76.39288	0.0	164.70923	0.0	235.19905	0.0	0.0	0.0	226.06291	0.0	0.0	0.0	0.0	0.0	28.795359	0.0	0.0	123.047485	0.0	0.0	0.0	0.0	0.0	72.44854	0.0	193.92827	0.0	0.0	0.0	39.365414	54.272602	0.0	0.0	0.0	216.13051	11.894328	0.0	0.0	140.29236	22.715216	0.0	0.0	336.2344	113.656334	0.0	0.0	163.98727	0.0	13.799571	0.0	0.0	63.575745	0.0	0.0	0.0	0.0	200.62427	250.44936	0.0	162.14403	25.95459	216.09552	0.0	252.06389	329.4597	37.95477	118.538506	0.0	0.0	0.0	57.514973	178.25867	0.0	0.0	34.402096	125.06521	0.0	0.0	0.0
125.186134	0.0	142.81905	0.0	0.0	2.5705779	0.0	0.0	0.0	257.1179	0.0	316.25412	0.0	0.0	15.558721	85.55823	0.0	0.0	0.0	0.0	0.0	0.0	35.723713	0.0	0.0	55.745678	0.0	274.0211	0.0	0.0	0.0	63.15797	74.5829	0.0	193.61107	0.0	61.390686	0.0	0.0	111.334595	125.470375	0.0	267.92004	0.0	0.0	88.106995	141.96758	0.0	0.0	77.3837	0.0	167.37677	0.0	238.73811	0.0	0.0	0.0	228.55623	0.0	0.0	0.0	0.0	0.0	29.42566	0.0	0.0	125.255394	0.0	0.0	0.0	0.0	0.0	73.47185	0.0	196.46086	0.0	0.0	0.0	41.131466	55.475063	0.0	0.0	0.0	219.8344	12.129758	0.0	0.0	143.57848	22.665579	0.0	0.0	342.0463	114.60262	0.0	0.0	166.01367	0.0	14.2670355	0.0	0.0	64.166824	0.0	0.0	0.0	0.0	202.6606	254.5208	0.0	164.7425	25.786077	220.41316	0.0	255.69579	334.52673	39.89709	120.9213	0.0	0.0	0.0	58.721462	180.98718	0.0	0.0	34.380783	127.12606	0.0	0.0	0.0
130.00584	0.0	150.28606	0.0	0.0	3.4644299	0.0	0.0	0.0	269.3922	0.0	331.12183	0.0	0.0	16.764631	88.17047	0.0	0.0	0.0	0.0	0.0	0.0	38.06491	0.0	0.0	58.952362	0.0	285.31052	0.0	0.0	0.0	66.423096	77.82786	0.0	203.36415	0.0	64.08384	0.0	0.0	115.78592	131.57727	0.0	279.72946	0.0	0.0	92.63336	150.01173	0.0	0.0	79.44852	0.0	175.62398	0.0	249.69185	0.0	0.0	0.0	238.56494	0.0	0.0	0.0	0.0	0.0	30.461252	0.0	0.0	130.10663	0.0	0.0	0.0	0.0	0.0	77.51091	0.0	206.50291	0.0	0.0	0.0	43.424297	57.9769	0.0	0.0	0.0	229.75398	13.026673	0.0	0.0	149.85332	24.997887	0.0	0.0	357.32834	120.55884	0.0	0.0	173.76863	0.0	14.532924	0.0	0.0	68.00552	0.0	0.0	0.0	0.0	213.69893	265.22226	0.0	173.33972	26.97161	229.53316	0.0	267.02643	350.8247	40.561768	126.86442	0.0	0.0	0.0	61.684338	190.35474	0.0	0.0	36.20938	133.32924	0.0	0.0	0.0
127.59939	0.0	147.76674	0.0	0.0	3.4941914	0.0	0.0	0.0	265.31155	0.0	325.63144	0.0	0.0	17.144619	85.87476	0.0	0.0	0.0	0.0	0.0	0.0	37.45012	0.0	0.0	57.48006	0.0	280.24234	0.0	0.0	0.0	65.40012	76.40113	0.0	200.3495	0.0	62.92874	0.0	0.0	114.268555	129.25523	0.0	274.63702	0.0	0.0	91.13314	148.09123	0.0	0.0	77.799774	0.0	173.0927	0.0	245.73535	0.0	0.0	0.0	234.90723	0.0	0.0	0.0	0.0	0.0	29.874857	0.0	0.0	127.31278	0.0	0.0	0.0	0.0	0.0	76.081985	0.0	203.2229	0.0	0.0	0.0	42.540874	57.0683	0.0	0.0	0.0	225.84906	12.887881	0.0	0.0	146.54099	25.29077	0.0	0.0	350.8041	119.05384	0.0	0.0	170.93602	0.0	14.1305685	0.0	0.0	67.22943	0.0	0.0	0.0	0.0	210.89551	260.81442	0.0	170.67126	26.938423	225.08559	0.0	262.5892	345.3269	38.889805	124.20068	0.0	0.0	0.0	60.59201	187.24525	0.0	0.0	35.581158	131.22565	0.0	0.0	0.0
124.64246	0.0	142.14893	0.0	0.0	2.807359	0.0	0.0	0.0	256.15918	0.0	315.3268	0.0	0.0	15.743237	84.310646	0.0	0.0	0.0	0.0	0.0	0.0	35.297764	0.0	0.0	55.04663	0.0	272.61063	0.0	0.0	0.0	62.692944	73.96036	0.0	193.57109	0.0	61.17882	0.0	0.0	110.86459	124.68403	0.0	266.10718	0.0	0.0	87.87567	142.21725	0.0	0.0	76.905235	0.0	166.73668	0.0	237.83899	0.0	0.0	0.0	228.12639	0.0	0.0	0.0	0.0	0.0	29.290665	0.0	0.0	124.30319	0.0	0.0	0.0	0.0	0.0	73.30462	0.0	196.13924	0.0	0.0	0.0	40.20792	54.876225	0.0	0.0	0.0	218.49193	12.172394	0.0	0.0	141.90668	23.09028	0.0	0.0	339.7902	114.938225	0.0	0.0	165.6844	0.0	13.934395	0.0	0.0	64.539314	0.0	0.0	0.0	0.0	202.91905	253.05104	0.0	164.12926	25.95978	218.3485	0.0	254.68971	333.11847	38.068237	119.81522	0.0	0.0	0.0	58.30002	180.33305	0.0	0.0	34.78596	126.52892	0.0	0.0	0.0
123.90106	0.0	140.55736	0.0	0.0	2.5027869	0.0	0.0	0.0	252.90547	0.0	311.986	0.0	0.0	15.054642	84.365776	0.0	0.0	0.0	0.0	0.0	0.0	34.618042	0.0	0.0	54.289993	0.0	270.56546	0.0	0.0	0.0	61.738987	73.29789	0.0	191.24529	0.0	60.81978	0.0	0.0	109.99552	123.645424	0.0	263.8341	0.0	0.0	86.68839	139.97824	0.0	0.0	77.00175	0.0	164.41673	0.0	235.19044	0.0	0.0	0.0	226.06831	0.0	0.0	0.0	0.0	0.0	28.993105	0.0	0.0	123.78423	0.0	0.0	0.0	0.0	0.0	72.32944	0.0	193.61565	0.0	0.0	0.0	39.539307	54.249302	0.0	0.0	0.0	216.40508	11.806022	0.0	0.0	140.74797	22.071157	0.0	0.0	336.7455	113.26624	0.0	0.0	163.99646	0.0	13.881709	0.0	0.0	63.220524	0.0	0.0	0.0	0.0	199.64441	250.7719	0.0	161.92604	25.534645	216.70677	0.0	252.10078	329.22116	38.85868	118.72714	0.0	0.0	0.0	57.740467	178.02733	0.0	0.0	34.257343	124.94967	0.0	0.0	0.0
125.67336	0.0	143.28194	0.0	0.0	2.6126773	0.0	0.0	0.0	258.2947	0.0	317.54733	0.0	0.0	15.830119	85.59009	0.0	0.0	0.0	0.0	0.0	0.0	35.693024	0.0	0.0	55.694477	0.0	275.14746	0.0	0.0	0.0	63.45521	74.693214	0.0	194.44533	0.0	61.627796	0.0	0.0	111.89148	125.8691	0.0	268.75314	0.0	0.0	88.433784	142.70515	0.0	0.0	77.56855	0.0	168.15662	0.0	239.76518	0.0	0.0	0.0	229.5995	0.0	0.0	0.0	0.0	0.0	29.650925	0.0	0.0	125.577324	0.0	0.0	0.0	0.0	0.0	73.719505	0.0	197.24323	0.0	0.0	0.0	41.11217	55.623882	0.0	0.0	0.0	220.51884	12.320594	0.0	0.0	143.79604	22.838614	0.0	0.0	343.0992	115.22778	0.0	0.0	166.74779	0.0	14.101682	0.0	0.0	64.47404	0.0	0.0	0.0	0.0	203.5697	255.49535	0.0	165.41127	26.056902	220.95561	0.0	256.64905	335.84726	39.571625	121.237854	0.0	0.0	0.0	58.939697	181.68042	0.0	0.0	34.753586	127.69045	0.0	0.0	0.0
130.29774	0.0	150.13031	0.0	0.0	3.1971023	0.0	0.0	0.0	270.13315	0.0	331.1393	0.0	0.0	16.78367	89.16385	0.0	0.0	0.0	0.0	0.0	0.0	38.109463	0.0	0.0	59.416492	0.0	286.1244	0.0	0.0	0.0	66.68041	78.257904	0.0	202.72566	0.0	63.98534	0.0	0.0	115.99868	131.70558	0.0	280.84354	0.0	0.0	92.73358	149.33745	0.0	0.0	79.7456	0.0	175.99382	0.0	250.16774	0.0	0.0	0.0	238.30232	0.0	0.0	0.0	0.0	0.0	30.715775	0.0	0.0	130.61263	0.0	0.0	0.0	0.0	0.0	77.462555	0.0	206.49426	0.0	0.0	0.0	44.37569	58.265015	0.0	0.0	0.0	230.27992	13.016376	0.0	0.0	151.23975	24.527021	0.0	0.0	358.65372	120.073456	0.0	0.0	173.80656	0.0	14.607749	0.0	0.0	67.56242	0.0	0.0	0.0	0.0	212.97957	266.22726	0.0	173.50621	26.909098	231.12843	0.0	267.28836	351.1372	41.988102	127.5683	0.0	0.0	0.0	61.763477	190.34111	0.0	0.0	36.019245	133.61188	0.0	0.0	0.0
129.14972	0.0	150.32367	0.0	0.0	3.8985283	0.0	0.0	0.0	269.30737	0.0	330.2966	0.0	0.0	17.45325	87.02081	0.0	0.0	0.0	0.0	0.0	0.0	38.343052	0.0	0.0	58.82001	0.0	283.7766	0.0	0.0	0.0	66.62749	77.4504	0.0	203.17824	0.0	63.8343	0.0	0.0	115.48441	131.47978	0.0	278.61032	0.0	0.0	92.52157	150.40514	0.0	0.0	78.46009	0.0	175.82744	0.0	249.34644	0.0	0.0	0.0	237.8708	0.0	0.0	0.0	0.0	0.0	30.30987	0.0	0.0	129.12718	0.0	0.0	0.0	0.0	0.0	77.5318	0.0	206.38312	0.0	0.0	0.0	43.543377	58.10635	0.0	0.0	0.0	229.27248	13.201369	0.0	0.0	149.06964	25.79909	0.0	0.0	356.09476	120.75704	0.0	0.0	173.22475	0.0	14.365569	0.0	0.0	68.32013	0.0	0.0	0.0	0.0	214.19395	264.33987	0.0	173.39075	27.057913	228.40503	0.0	266.2659	350.7067	39.507786	126.43982	0.0	0.0	0.0	61.61848	190.3369	0.0	0.0	36.04436	133.35394	0.0	0.0	0.0
125.6308	0.0	143.63158	0.0	0.0	3.2550204	0.0	0.0	0.0	258.764	0.0	318.24228	0.0	0.0	16.388588	84.572426	0.0	0.0	0.0	0.0	0.0	0.0	36.02999	0.0	0.0	55.63445	0.0	274.62918	0.0	0.0	0.0	63.455982	74.62692	0.0	195.80011	0.0	61.76762	0.0	0.0	111.92754	126.00067	0.0	268.37308	0.0	0.0	88.722984	144.16696	0.0	0.0	77.06095	0.0	168.45241	0.0	240.16528	0.0	0.0	0.0	230.35234	0.0	0.0	0.0	0.0	0.0	29.372797	0.0	0.0	125.04772	0.0	0.0	0.0	0.0	0.0	74.16634	0.0	198.39624	0.0	0.0	0.0	40.504227	55.612003	0.0	0.0	0.0	220.58846	12.390149	0.0	0.0	142.93301	23.965591	0.0	0.0	342.7964	116.30231	0.0	0.0	167.24739	0.0	14.052497	0.0	0.0	65.41448	0.0	0.0	0.0	0.0	205.74084	255.10936	0.0	165.98125	26.468946	220.0733	0.0	256.98013	336.90475	38.139088	121.047646	0.0	0.0	0.0	58.75748	182.46106	0.0	0.0	35.230488	127.863976	0.0	0.0	0.0
124.25832	0.0	141.74687	0.0	0.0	3.108856	0.0	0.0	0.0	255.17159	0.0	314.22305	0.0	0.0	16.09955	83.603294	0.0	0.0	0.0	0.0	0.0	0.0	35.238373	0.0	0.0	54.456516	0.0	271.26334	0.0	0.0	0.0	62.41325	73.40339	0.0	193.28194	0.0	61.08853	0.0	0.0	110.69573	124.52302	0.0	264.9202	0.0	0.0	87.38889	142.09946	0.0	0.0	76.50866	0.0	166.1687	0.0	237.05444	0.0	0.0	0.0	227.54271	0.0	0.0	0.0	0.0	0.0	28.934189	0.0	0.0	123.65435	0.0	0.0	0.0	0.0	0.0	72.82946	0.0	195.42699	0.0	0.0	0.0	39.646526	54.82587	0.0	0.0	0.0	217.76428	12.2002535	0.0	0.0	140.80766	23.415924	0.0	0.0	338.2878	114.706215	0.0	0.0	165.08585	0.0	13.859383	0.0	0.0	64.23949	0.0	0.0	0.0	0.0	202.58992	251.88123	0.0	163.68567	26.155096	217.292	0.0	253.7817	332.3493	37.5977	119.32932	0.0	0.0	0.0	57.95706	179.8047	0.0	0.0	34.36085	126.15269	0.0	0.0	0.0
126.158104	0.0	143.97069	0.0	0.0	2.8001747	0.0	0.0	0.0	259.05872	0.0	318.84265	0.0	0.0	15.598923	85.81551	0.0	0.0	0.0	0.0	0.0	0.0	35.909595	0.0	0.0	55.97874	0.0	276.07266	0.0	0.0	0.0	63.60359	75.08704	0.0	195.38591	0.0	62.00296	0.0	0.0	112.177826	126.30346	0.0	269.48474	0.0	0.0	88.81092	143.52882	0.0	0.0	77.83163	0.0	168.52608	0.0	240.46265	0.0	0.0	0.0	230.64384	0.0	0.0	0.0	0.0	0.0	29.680197	0.0	0.0	125.99572	0.0	0.0	0.0	0.0	0.0	74.3124	0.0	198.28082	0.0	0.0	0.0	40.96829	55.68514	0.0	0.0	0.0	221.32433	12.236888	0.0	0.0	144.07841	22.999506	0.0	0.0	344.146	115.91483	0.0	0.0	167.40686	0.0	14.169734	0.0	0.0	65.009926	0.0	0.0	0.0	0.0	204.73787	256.23328	0.0	165.91591	26.155502	221.27846	0.0	257.48373	336.9693	39.397823	121.63656	0.0	0.0	0.0	59.11059	182.46167	0.0	0.0	35.294804	128.01276	0.0	0.0	0.0
131.52936	0.0	152.26369	0.0	0.0	3.6717145	0.0	0.0	0.0	273.06863	0.0	335.05054	0.0	0.0	16.97798	89.48826	0.0	0.0	0.0	0.0	0.0	0.0	38.66006	0.0	0.0	60.253998	0.0	288.8193	0.0	0.0	0.0	67.47599	78.92645	0.0	205.54094	0.0	64.86705	0.0	0.0	117.01739	133.58751	0.0	283.67593	0.0	0.0	93.78959	151.5948	0.0	0.0	80.33286	0.0	178.00104	0.0	252.9056	0.0	0.0	0.0	240.93471	0.0	0.0	0.0	0.0	0.0	30.916647	0.0	0.0	131.97337	0.0	0.0	0.0	0.0	0.0	78.73976	0.0	209.28984	0.0	0.0	0.0	44.72347	58.72582	0.0	0.0	0.0	232.89394	13.229256	0.0	0.0	152.58472	25.098793	0.0	0.0	362.32642	121.7933	0.0	0.0	175.90643	0.0	14.674564	0.0	0.0	68.78828	0.0	0.0	0.0	0.0	216.01622	268.78857	0.0	175.6701	26.990631	232.99556	0.0	270.14682	355.34982	41.79529	129.04005	0.0	0.0	0.0	62.571396	192.79616	0.0	0.0	36.34782	135.0879	0.0	0.0	0.0
138.62221	0.0	166.72198	0.0	0.0	7.265269	0.0	0.0	0.0	296.5432	0.0	361.38696	0.0	0.0	20.608633	92.094055	0.0	0.0	0.0	0.0	0.0	0.0	43.883877	0.0	0.0	67.715294	0.0	306.42282	0.0	0.0	0.0	74.282684	84.30773	0.0	223.88708	0.0	69.96948	0.0	0.0	124.7417	145.58617	0.0	304.46094	0.0	0.0	102.40943	168.33475	0.0	0.0	80.95543	0.0	193.9627	0.0	273.27722	0.0	0.0	0.0	257.2042	0.0	0.0	0.0	0.0	0.0	32.70695	0.0	0.0	139.33354	0.0	0.0	0.0	0.0	0.0	87.589264	0.0	228.8763	0.0	0.0	0.0	49.921112	63.722088	0.0	0.0	0.0	251.51239	14.781143	0.0	0.0	163.7227	31.10502	0.0	0.0	389.5249	132.93184	0.0	0.0	189.65698	0.0	15.384946	0.0	0.0	77.083626	0.0	0.0	0.0	0.0	238.48051	287.20566	0.0	192.23688	29.387802	248.50533	0.0	290.02267	387.15762	41.417618	141.23256	0.0	0.0	0.0	67.98942	210.94286	0.0	0.0	39.079845	146.90295	0.0	0.0	0.0
128.76584	0.0	149.5647	0.0	0.0	3.8688087	0.0	0.0	0.0	268.14417	0.0	329.26416	0.0	0.0	17.171236	86.663734	0.0	0.0	0.0	0.0	0.0	0.0	38.026028	0.0	0.0	58.43929	0.0	282.84998	0.0	0.0	0.0	66.248566	77.13169	0.0	202.54578	0.0	63.67934	0.0	0.0	115.06427	130.84499	0.0	277.5059	0.0	0.0	92.1661	149.96303	0.0	0.0	78.13952	0.0	174.92969	0.0	248.41957	0.0	0.0	0.0	237.13179	0.0	0.0	0.0	0.0	0.0	30.217981	0.0	0.0	128.67932	0.0	0.0	0.0	0.0	0.0	77.17863	0.0	205.74733	0.0	0.0	0.0	43.046783	57.751644	0.0	0.0	0.0	228.37633	13.059873	0.0	0.0	148.22984	25.672188	0.0	0.0	354.46167	120.41592	0.0	0.0	172.7191	0.0	14.264611	0.0	0.0	68.11491	0.0	0.0	0.0	0.0	213.51756	263.29077	0.0	172.76802	27.060663	227.25018	0.0	265.31857	349.29318	39.005856	125.88968	0.0	0.0	0.0	61.268055	189.4403	0.0	0.0	36.11832	132.69084	0.0	0.0	0.0
127.48145	0.0	147.29503	0.0	0.0	3.4021165	0.0	0.0	0.0	264.86557	0.0	325.13818	0.0	0.0	17.148657	85.876976	0.0	0.0	0.0	0.0	0.0	0.0	37.342335	0.0	0.0	57.35252	0.0	279.8265	0.0	0.0	0.0	65.23022	76.29111	0.0	199.94478	0.0	62.80502	0.0	0.0	113.88117	128.90332	0.0	274.12955	0.0	0.0	90.91693	147.80508	0.0	0.0	77.78085	0.0	172.79991	0.0	245.4071	0.0	0.0	0.0	234.57356	0.0	0.0	0.0	0.0	0.0	29.94678	0.0	0.0	127.101524	0.0	0.0	0.0	0.0	0.0	76.04037	0.0	202.78285	0.0	0.0	0.0	42.38516	56.973633	0.0	0.0	0.0	225.40039	12.930298	0.0	0.0	146.34901	25.150923	0.0	0.0	350.32388	118.87322	0.0	0.0	170.63898	0.0	14.1982155	0.0	0.0	67.09064	0.0	0.0	0.0	0.0	210.52556	260.42227	0.0	170.19827	26.859629	224.84552	0.0	262.30734	344.56873	38.860306	123.956116	0.0	0.0	0.0	60.339336	186.89485	0.0	0.0	35.606518	130.99274	0.0	0.0	0.0
128.47394	0.0	148.55956	0.0	0.0	3.4868705	0.0	0.0	0.0	267.0978	0.0	327.70126	0.0	0.0	17.064281	86.59618	0.0	0.0	0.0	0.0	0.0	0.0	37.704754	0.0	0.0	58.047455	0.0	282.15964	0.0	0.0	0.0	65.93292	76.9306	0.0	201.40742	0.0	63.28181	0.0	0.0	114.825005	129.9311	0.0	276.40317	0.0	0.0	91.72018	148.92635	0.0	0.0	78.200836	0.0	174.20613	0.0	247.37495	0.0	0.0	0.0	236.3838	0.0	0.0	0.0	0.0	0.0	30.17336	0.0	0.0	128.20526	0.0	0.0	0.0	0.0	0.0	76.72917	0.0	204.55267	0.0	0.0	0.0	42.953945	57.553814	0.0	0.0	0.0	227.2719	13.07018	0.0	0.0	147.66867	25.266459	0.0	0.0	353.2776	119.755486	0.0	0.0	171.99251	0.0	14.257428	0.0	0.0	67.69982	0.0	0.0	0.0	0.0	212.13928	262.5399	0.0	171.7228	27.036139	226.71281	0.0	264.354	347.48666	39.199486	125.19025	0.0	0.0	0.0	60.93413	188.52312	0.0	0.0	36.091625	132.0681	0.0	0.0	0.0
135.4637	0.0	160.96587	0.0	0.0	6.053103	0.0	0.0	0.0	286.9016	0.0	350.56528	0.0	0.0	18.912796	91.06481	0.0	0.0	0.0	0.0	0.0	0.0	41.735546	0.0	0.0	65.1117	0.0	299.28003	0.0	0.0	0.0	71.667	82.2259	0.0	216.36084	0.0	67.858665	0.0	0.0	121.5011	140.99738	0.0	296.15598	0.0	0.0	98.9688	161.41057	0.0	0.0	80.45092	0.0	187.21283	0.0	264.83173	0.0	0.0	0.0	250.22054	0.0	0.0	0.0	0.0	0.0	31.981222	0.0	0.0	136.39977	0.0	0.0	0.0	0.0	0.0	84.000694	0.0	221.08516	0.0	0.0	0.0	48.133835	61.635128	0.0	0.0	0.0	244.1038	14.10098	0.0	0.0	159.63733	28.572607	0.0	0.0	378.76352	128.17825	0.0	0.0	184.02985	0.0	14.916575	0.0	0.0	73.673195	0.0	0.0	0.0	0.0	229.05634	279.57642	0.0	185.53249	28.122782	242.35747	0.0	281.7524	374.19406	41.806408	136.65712	0.0	0.0	0.0	65.94344	203.53247	0.0	0.0	37.978527	142.14484	0.0	0.0	0.0
208.78938	0.0	247.92418	0.0	0.0	12.216599	0.0	0.0	0.0	448.66238	0.0	546.5142	0.0	0.0	37.99817	128.09389	0.0	0.0	0.0	0.0	0.0	0.0	64.714806	0.0	0.0	92.17985	0.0	457.40942	0.0	0.0	0.0	110.7706	123.612915	0.0	344.67618	0.0	104.83546	0.0	0.0	192.16852	214.53767	0.0	449.8829	0.0	0.0	152.70418	260.884	0.0	0.0	119.33432	0.0	294.16306	0.0	412.92508	0.0	0.0	0.0	394.72867	0.0	0.0	0.0	0.0	0.0	46.849228	0.0	0.0	202.00908	0.0	0.0	0.0	0.0	0.0	127.68012	0.0	346.79544	0.0	0.0	0.0	65.62198	96.15216	0.0	0.0	0.0	374.54367	23.251692	0.0	0.0	233.01363	54.86279	0.0	0.0	574.7327	208.60735	0.0	0.0	286.58234	0.0	21.434687	0.0	0.0	119.76584	0.0	0.0	0.0	0.0	370.4965	429.79892	0.0	290.0259	51.781677	362.8336	0.0	438.13297	586.07025	45.384174	202.43755	0.0	0.0	0.0	99.01584	317.34924	0.0	0.0	62.310658	221.43767	0.0	0.0	0.0
199.96808	0.0	241.24097	0.0	0.0	15.559737	0.0	0.0	0.0	433.65378	0.0	530.1233	0.0	0.0	39.65178	116.41251	0.0	0.0	0.0	0.0	0.0	0.0	63.171707	0.0	0.0	86.71683	0.0	436.2566	0.0	0.0	0.0	106.729675	117.17704	0.0	338.82468	0.0	102.07017	0.0	0.0	185.20293	206.99467	0.0	428.89758	0.0	0.0	147.68819	259.74194	0.0	0.0	111.58863	0.0	284.36093	0.0	399.01147	0.0	0.0	0.0	384.27213	0.0	0.0	0.0	0.0	0.0	43.638626	0.0	0.0	191.25948	0.0	0.0	0.0	0.0	0.0	124.955696	0.0	338.56418	0.0	0.0	0.0	58.988277	92.063354	0.0	0.0	0.0	360.40353	22.45429	0.0	0.0	217.69847	58.87811	0.0	0.0	548.8147	207.21397	0.0	0.0	278.09494	0.0	19.748045	0.0	0.0	120.59451	0.0	0.0	0.0	0.0	367.0967	410.97098	0.0	281.85068	52.309834	341.74905	0.0	423.11795	568.9551	32.917274	192.44133	0.0	0.0	0.0	94.443474	308.13098	0.0	0.0	62.22453	214.10966	0.0	0.0	0.0
135.64488	0.0	155.62825	0.0	0.0	4.7975764	0.0	0.0	0.0	280.96243	0.0	345.8856	0.0	0.0	19.338953	87.83661	0.0	0.0	0.0	0.0	0.0	0.0	38.79568	0.0	0.0	58.752087	0.0	295.33643	0.0	0.0	0.0	68.11376	79.83187	0.0	215.29779	0.0	67.2696	0.0	0.0	121.7287	135.83253	0.0	288.1362	0.0	0.0	96.29681	159.79384	0.0	0.0	81.951485	0.0	182.88976	0.0	260.35425	0.0	0.0	0.0	251.04893	0.0	0.0	0.0	0.0	0.0	30.781876	0.0	0.0	132.89067	0.0	0.0	0.0	0.0	0.0	80.43191	0.0	216.87598	0.0	0.0	0.0	41.218914	59.64906	0.0	0.0	0.0	237.71852	13.352761	0.0	0.0	151.00868	28.92766	0.0	0.0	368.1543	129.02547	0.0	0.0	181.85176	0.0	14.82063	0.0	0.0	72.894936	0.0	0.0	0.0	0.0	227.5547	274.83737	0.0	180.40337	30.483139	234.5169	0.0	278.52988	366.25198	35.79068	129.25523	0.0	0.0	0.0	62.904438	198.26686	0.0	0.0	39.309673	138.57832	0.0	0.0	0.0
147.19489	0.0	169.80315	0.0	0.0	6.8457646	0.0	0.0	0.0	305.87024	0.0	376.95544	0.0	0.0	22.818296	92.4697	0.0	0.0	0.0	0.0	0.0	0.0	42.68462	0.0	0.0	62.7652	0.0	318.78568	0.0	0.0	0.0	74.22744	85.75464	0.0	236.67897	0.0	73.58505	0.0	0.0	132.71947	147.68248	0.0	311.11636	0.0	0.0	104.31232	176.85423	0.0	0.0	87.491	0.0	199.277	0.0	283.49118	0.0	0.0	0.0	274.13364	0.0	0.0	0.0	0.0	0.0	32.785625	0.0	0.0	142.97646	0.0	0.0	0.0	0.0	0.0	87.72296	0.0	237.48828	0.0	0.0	0.0	42.849216	65.022575	0.0	0.0	0.0	258.1623	14.770779	0.0	0.0	161.20122	33.881744	0.0	0.0	397.74658	142.39897	0.0	0.0	198.13448	0.0	15.7986555	0.0	0.0	80.92443	0.0	0.0	0.0	0.0	251.44417	297.19946	0.0	196.79524	34.448925	251.70583	0.0	302.81653	400.2223	34.73432	139.42793	0.0	0.0	0.0	67.68802	216.713	0.0	0.0	43.353436	150.74623	0.0	0.0	0.0
158.59253	0.0	185.66609	0.0	0.0	9.0837555	0.0	0.0	0.0	334.52463	0.0	410.78018	0.0	0.0	26.808023	97.14032	0.0	0.0	0.0	0.0	0.0	0.0	47.19602	0.0	0.0	68.10131	0.0	344.34152	0.0	0.0	0.0	81.39743	92.67777	0.0	259.73163	0.0	79.77366	0.0	0.0	144.22673	160.58748	0.0	336.8638	0.0	0.0	114.2181	195.797	0.0	0.0	92.51281	0.0	218.32854	0.0	309.05215	0.0	0.0	0.0	298.54346	0.0	0.0	0.0	0.0	0.0	34.932545	0.0	0.0	152.96394	0.0	0.0	0.0	0.0	0.0	96.12026	0.0	260.29904	0.0	0.0	0.0	46.41762	71.010956	0.0	0.0	0.0	280.57455	16.531866	0.0	0.0	173.38318	40.041885	0.0	0.0	431.03775	157.24162	0.0	0.0	215.81822	0.0	16.595259	0.0	0.0	90.188934	0.0	0.0	0.0	0.0	277.92166	322.1001	0.0	215.91681	38.553802	271.34946	0.0	329.41785	437.69913	33.601074	150.98146	0.0	0.0	0.0	73.57965	237.16249	0.0	0.0	47.71751	164.95543	0.0	0.0	0.0
177.26735	0.0	210.25697	0.0	0.0	10.585264	0.0	0.0	0.0	380.61807	0.0	464.24997	0.0	0.0	32.15729	108.21638	0.0	0.0	0.0	0.0	0.0	0.0	54.73129	0.0	0.0	78.264275	0.0	387.9795	0.0	0.0	0.0	93.49384	105.21458	0.0	293.6719	0.0	89.05316	0.0	0.0	162.66553	181.41869	0.0	381.06543	0.0	0.0	130.04628	222.47758	0.0	0.0	101.630165	0.0	249.23889	0.0	350.25064	0.0	0.0	0.0	335.97934	0.0	0.0	0.0	0.0	0.0	39.578613	0.0	0.0	170.8723	0.0	0.0	0.0	0.0	0.0	109.043335	0.0	295.1845	0.0	0.0	0.0	54.898697	81.07846	0.0	0.0	0.0	317.27332	19.418253	0.0	0.0	197.0695	47.1998	0.0	0.0	487.59305	177.87248	0.0	0.0	243.7008	0.0	18.330507	0.0	0.0	102.632385	0.0	0.0	0.0	0.0	315.96655	364.26138	0.0	245.93022	44.083294	307.19754	0.0	372.1188	496.958	37.489346	171.34541	0.0	0.0	0.0	83.67059	269.61636	0.0	0.0	53.696655	187.68152	0.0	0.0	0.0
122.826256	0.0	137.44533	0.0	0.0	2.5266466	0.0	0.0	0.0	248.09186	0.0	307.19705	0.0	0.0	15.026474	82.03595	0.0	0.0	0.0	0.0	0.0	0.0	33.15407	0.0	0.0	51.872204	0.0	265.78418	0.0	0.0	0.0	59.660065	71.50732	0.0	189.22765	0.0	60.21887	0.0	0.0	108.575356	121.070625	0.0	258.0621	0.0	0.0	84.69332	138.38164	0.0	0.0	76.45985	0.0	160.8278	0.0	231.10774	0.0	0.0	0.0	223.74016	0.0	0.0	0.0	0.0	0.0	28.168467	0.0	0.0	121.4017	0.0	0.0	0.0	0.0	0.0	70.89495	0.0	190.56056	0.0	0.0	0.0	36.594727	52.86203	0.0	0.0	0.0	212.07509	11.379447	0.0	0.0	136.33192	21.913498	0.0	0.0	329.5883	112.52438	0.0	0.0	161.48715	0.0	13.645587	0.0	0.0	62.433056	0.0	0.0	0.0	0.0	197.41437	246.13869	0.0	158.51352	26.070978	211.46637	0.0	248.14503	323.17896	36.16711	115.57899	0.0	0.0	0.0	55.871258	174.41423	0.0	0.0	34.22514	122.40763	0.0	0.0	0.0
132.43382	0.0	151.01186	0.0	0.0	4.4268527	0.0	0.0	0.0	272.50455	0.0	336.06204	0.0	0.0	18.404116	86.08486	0.0	0.0	0.0	0.0	0.0	0.0	37.24251	0.0	0.0	56.725903	0.0	287.62064	0.0	0.0	0.0	65.967804	77.53733	0.0	208.77675	0.0	65.55289	0.0	0.0	118.592804	132.1471	0.0	280.23297	0.0	0.0	93.03997	154.44945	0.0	0.0	80.5507	0.0	177.16992	0.0	253.02321	0.0	0.0	0.0	244.28426	0.0	0.0	0.0	0.0	0.0	30.071306	0.0	0.0	130.01445	0.0	0.0	0.0	0.0	0.0	77.97915	0.0	210.24635	0.0	0.0	0.0	39.761494	57.980206	0.0	0.0	0.0	231.21594	12.829783	0.0	0.0	146.90468	27.198967	0.0	0.0	358.0653	124.90757	0.0	0.0	176.69267	0.0	14.538479	0.0	0.0	70.23305	0.0	0.0	0.0	0.0	220.07343	267.37927	0.0	174.72655	29.432955	228.28992	0.0	270.79495	355.4404	35.536438	125.59323	0.0	0.0	0.0	61.025375	192.18	0.0	0.0	38.005527	134.39832	0.0	0.0	0.0
188.40706	0.0	226.88312	0.0	0.0	14.947513	0.0	0.0	0.0	407.7096	0.0	499.4136	0.0	0.0	36.780453	109.35491	0.0	0.0	0.0	0.0	0.0	0.0	58.994217	0.0	0.0	81.49799	0.0	410.77893	0.0	0.0	0.0	99.734955	110.43804	0.0	319.82486	0.0	96.34726	0.0	0.0	173.87852	194.21277	0.0	403.17203	0.0	0.0	139.46234	245.28601	0.0	0.0	105.54004	0.0	266.9445	0.0	375.35364	0.0	0.0	0.0	362.56653	0.0	0.0	0.0	0.0	0.0	41.181255	0.0	0.0	179.71889	0.0	0.0	0.0	0.0	0.0	118.38263	0.0	319.49158	0.0	0.0	0.0	54.543507	85.943825	0.0	0.0	0.0	338.56934	20.651972	0.0	0.0	204.0659	55.598785	0.0	0.0	516.0707	195.80049	0.0	0.0	262.27798	0.0	18.626291	0.0	0.0	114.33624	0.0	0.0	0.0	0.0	346.50998	386.44644	0.0	264.64923	49.445114	320.74643	0.0	398.57895	534.9217	29.881083	180.66753	0.0	0.0	0.0	88.524956	289.99384	0.0	0.0	59.779083	201.10907	0.0	0.0	0.0
170.4649	0.0	201.59221	0.0	0.0	10.882522	0.0	0.0	0.0	363.6172	0.0	445.46683	0.0	0.0	30.861086	102.44242	0.0	0.0	0.0	0.0	0.0	0.0	51.794827	0.0	0.0	73.29896	0.0	370.82422	0.0	0.0	0.0	88.72903	99.865105	0.0	282.84473	0.0	86.17817	0.0	0.0	156.01465	173.93817	0.0	363.4044	0.0	0.0	123.96372	214.36897	0.0	0.0	98.03324	0.0	237.70891	0.0	335.35596	0.0	0.0	0.0	323.56506	0.0	0.0	0.0	0.0	0.0	37.46985	0.0	0.0	163.81651	0.0	0.0	0.0	0.0	0.0	104.51493	0.0	283.06546	0.0	0.0	0.0	50.211773	77.20678	0.0	0.0	0.0	303.54984	18.44835	0.0	0.0	186.22144	45.65446	0.0	0.0	465.00146	172.02344	0.0	0.0	233.83815	0.0	17.393747	0.0	0.0	99.06747	0.0	0.0	0.0	0.0	304.0851	347.94336	0.0	235.25636	42.75947	291.7438	0.0	356.62143	475.84277	33.111572	162.81471	0.0	0.0	0.0	79.53422	257.77844	0.0	0.0	51.963375	179.38928	0.0	0.0	0.0
245.75232	0.0	301.6985	0.0	0.0	22.37967	0.0	0.0	0.0	543.7847	0.0	660.6342	0.0	0.0	52.552853	138.23375	0.0	0.0	0.0	0.0	0.0	0.0	81.12044	0.0	0.0	109.07788	0.0	537.8333	0.0	0.0	0.0	134.84337	145.4017	0.0	425.60605	0.0	125.88096	0.0	0.0	229.4798	256.85263	0.0	530.19806	0.0	0.0	185.63507	329.98386	0.0	0.0	132.3136	0.0	357.62405	0.35556078	498.01614	0.0	0.0	0.0	478.3851	0.0	0.0	0.0	0.0	0.0	53.21754	0.0	0.0	232.49907	0.0	0.0	0.0	0.0	0.0	157.50566	0.0	425.59653	0.0	0.0	0.0	73.37985	115.31913	0.0	0.0	0.0	448.1377	29.198515	0.0	0.0	268.26254	79.20779	0.0	0.0	679.90314	262.23682	0.0	0.0	346.07153	0.0	23.907999	0.0	0.0	154.2733	0.0	0.0	0.0	0.0	466.0171	509.3657	0.0	355.2203	67.22929	420.92728	0.0	526.51587	712.79974	32.820713	239.04402	0.0	0.0	0.0	117.45454	386.73215	0.0	0.0	79.35897	269.2386	0.0	0.0	0.0
163.12595	0.0	191.52539	0.0	0.0	9.937221	0.0	0.0	0.0	345.23193	0.0	423.58255	0.0	0.0	28.390175	99.093346	0.0	0.0	0.0	0.0	0.0	0.0	48.969227	0.0	0.0	69.976944	0.0	353.98898	0.0	0.0	0.0	84.10363	95.23789	0.0	268.3143	0.0	82.3974	0.0	0.0	148.80235	165.59871	0.0	346.5607	0.0	0.0	117.64323	202.8758	0.0	0.0	94.55994	0.0	225.38277	0.0	318.72693	0.0	0.0	0.0	307.93698	0.0	0.0	0.0	0.0	0.0	35.879883	0.0	0.0	157.05916	0.0	0.0	0.0	0.0	0.0	99.15197	0.0	268.8336	0.0	0.0	0.0	47.5805	73.45303	0.0	0.0	0.0	289.133	17.249458	0.0	0.0	177.78943	42.190952	0.0	0.0	443.36697	162.7231	0.0	0.0	222.50645	0.0	17.00018	0.0	0.0	93.51481	0.0	0.0	0.0	0.0	287.76755	331.57822	0.0	223.13295	40.295208	278.75497	0.0	339.49072	451.88974	33.281773	155.50307	0.0	0.0	0.0	75.53842	244.80205	0.0	0.0	49.454487	170.22237	0.0	0.0	0.0
129.47261	0.0	146.24695	0.0	0.0	3.4988759	0.0	0.0	0.0	264.20114	0.0	326.09116	0.0	0.0	17.223263	85.174866	0.0	0.0	0.0	0.0	0.0	0.0	35.741352	0.0	0.0	54.957935	0.0	280.5432	0.0	0.0	0.0	63.844738	75.523445	0.0	201.73967	0.0	63.724075	0.0	0.0	115.32199	128.45093	0.0	273.00568	0.0	0.0	90.01371	148.46461	0.0	0.0	79.58882	0.0	171.64764	0.0	245.59291	0.0	0.0	0.0	237.26884	0.0	0.0	0.0	0.0	0.0	29.509256	0.0	0.0	127.420616	0.0	0.0	0.0	0.0	0.0	75.29266	0.0	203.0968	0.0	0.0	0.0	38.86974	56.379993	0.0	0.0	0.0	224.91646	12.445445	0.0	0.0	143.71124	24.868683	0.0	0.0	348.75803	120.35079	0.0	0.0	171.37384	0.0	14.202606	0.0	0.0	67.11344	0.0	0.0	0.0	0.0	211.63896	260.42673	0.0	169.13782	28.209055	223.1651	0.0	263.09613	344.2582	36.425747	122.32253	0.0	0.0	0.0	59.350403	185.96611	0.0	0.0	36.396206	130.2819	0.0	0.0	0.0
202.07996	0.0	245.70435	0.0	0.0	18.370543	0.0	0.0	0.0	440.17453	0.0	539.34106	0.0	0.0	41.95812	113.24744	0.0	0.0	0.0	0.0	0.0	0.0	64.2363	0.0	0.0	86.09253	0.0	439.28952	0.0	0.0	0.0	108.0169	117.17097	0.0	347.49817	0.0	104.177605	0.0	0.0	187.58319	209.74689	0.0	431.18924	0.0	0.0	150.01569	268.5216	0.0	0.0	111.14156	0.0	288.71655	0.12639852	404.87222	0.0	0.0	0.0	392.2693	0.0	0.0	0.0	0.0	0.0	43.34596	0.0	0.0	191.48639	0.0	0.0	0.0	0.0	0.0	127.82647	0.0	345.58826	0.0	0.0	0.0	56.6682	92.96353	0.0	0.0	0.0	364.45532	22.934845	0.0	0.0	215.58209	63.37851	0.0	0.0	552.6224	214.08366	0.0	0.0	283.0031	0.0	19.104042	0.0	0.0	125.47735	0.0	0.0	0.0	0.0	378.14163	414.12955	0.0	286.77448	54.88095	341.1477	0.0	429.44873	578.8543	25.818884	193.33337	0.0	0.0	0.0	94.99456	313.5751	0.0	0.0	64.746346	217.5743	0.0	0.0	0.0
197.10396	0.0	237.09984	0.0	0.0	14.257946	0.0	0.0	0.0	426.6522	0.0	521.6049	0.0	0.0	37.849888	116.75129	0.0	0.0	0.0	0.0	0.0	0.0	62.102436	0.0	0.0	86.59431	0.0	431.1663	0.0	0.0	0.0	105.108765	116.12794	0.0	332.38354	0.0	100.160866	0.0	0.0	182.12366	203.55518	0.0	423.9738	0.0	0.0	145.74281	253.97107	0.0	0.0	110.61148	0.0	279.75638	0.0	392.72226	0.0	0.0	0.0	377.43103	0.0	0.0	0.0	0.0	0.0	43.526672	0.0	0.0	189.10938	0.0	0.0	0.0	0.0	0.0	122.94156	0.0	332.79288	0.0	0.0	0.0	59.38119	90.579445	0.0	0.0	0.0	355.02258	21.847342	0.0	0.0	216.39558	56.558914	0.0	0.0	542.2657	202.44481	0.0	0.0	273.70047	0.0	19.798231	0.0	0.0	117.758545	0.0	0.0	0.0	0.0	359.09302	405.5901	0.0	276.80893	50.868286	338.8221	0.0	416.84372	559.38007	35.285557	190.48436	0.0	0.0	0.0	93.23126	303.21246	0.0	0.0	61.09287	210.56194	0.0	0.0	0.0
198.55676	0.0	237.91374	0.0	0.0	14.9385195	0.0	0.0	0.0	429.73972	0.0	524.6394	0.0	0.0	39.058426	116.16216	0.0	0.0	0.0	0.0	0.0	0.0	62.08198	0.0	0.0	86.03522	0.0	433.01077	0.0	0.0	0.0	105.50888	116.54073	0.0	335.09024	0.0	101.07246	0.0	0.0	183.32991	204.73293	0.0	425.16745	0.0	0.0	146.2928	256.2628	0.0	0.0	111.32656	0.0	281.5149	0.0	395.38724	0.0	0.0	0.0	380.9259	0.0	0.0	0.0	0.0	0.0	43.554546	0.0	0.0	189.6795	0.0	0.0	0.0	0.0	0.0	123.78446	0.0	335.20667	0.0	0.0	0.0	58.67741	91.373985	0.0	0.0	0.0	356.8517	22.383768	0.0	0.0	216.52501	57.442444	0.0	0.0	544.3304	204.85432	0.0	0.0	275.23068	0.0	19.706017	0.0	0.0	118.79065	0.0	0.0	0.0	0.0	362.85324	407.9197	0.0	278.96408	51.887615	339.81287	0.0	419.17944	562.96295	33.87834	191.08325	0.0	0.0	0.0	93.19225	304.82184	0.0	0.0	62.00415	212.33629	0.0	0.0	0.0
233.43178	0.0	285.48117	0.0	0.0	22.067154	0.0	0.0	0.0	512.0281	0.0	626.32526	0.0	0.0	48.87057	130.8595	0.0	0.0	0.0	0.0	0.0	0.0	75.50238	0.0	0.0	101.559135	0.0	509.34705	0.0	0.0	0.0	126.13662	136.61781	0.0	404.07016	0.0	120.56347	0.0	0.0	217.26173	243.3051	0.0	500.9769	0.0	0.0	175.06114	312.818	0.0	0.0	127.03619	0.0	336.00888	0.87499636	470.56628	0.0	0.0	0.0	454.6112	0.0	0.0	0.0	0.0	0.0	50.364548	0.0	0.0	221.23169	0.0	0.0	0.0	0.0	0.0	149.2629	0.0	402.9705	0.0	0.0	0.0	66.69968	108.0716	0.0	0.0	0.0	423.48154	26.527052	0.0	0.0	251.38985	74.554955	0.0	0.0	641.74585	248.75331	0.0	0.0	328.6255	0.0	22.444983	0.0	0.0	146.51555	0.0	0.0	0.0	0.0	440.9374	480.70737	0.0	333.95593	63.633728	395.82935	0.0	498.46463	673.4941	29.460754	225.16719	0.0	0.0	0.0	110.45219	365.21118	0.0	0.0	76.04507	253.1598	0.0	0.0	0.0
147.7347	0.0	170.00262	0.0	0.0	6.5421624	0.0	0.0	0.0	306.92978	0.0	377.77292	0.0	0.0	22.615023	93.07953	0.0	0.0	0.0	0.0	0.0	0.0	42.465073	0.0	0.0	62.907795	0.0	320.12927	0.0	0.0	0.0	74.25473	86.17504	0.0	236.94032	0.0	73.66526	0.0	0.0	133.12743	147.98532	0.0	312.22165	0.0	0.0	104.728424	176.907	0.0	0.0	88.12277	0.0	199.76384	0.0	284.32553	0.0	0.0	0.0	274.9756	0.0	0.0	0.0	0.0	0.0	32.866886	0.0	0.0	143.40718	0.0	0.0	0.0	0.0	0.0	87.9267	0.0	237.85417	0.0	0.0	0.0	43.308594	65.219376	0.0	0.0	0.0	258.90445	14.863517	0.0	0.0	162.04527	33.623814	0.0	0.0	399.3171	142.72816	0.0	0.0	198.51857	0.0	15.8384905	0.0	0.0	80.8773	0.0	0.0	0.0	0.0	251.62029	298.4574	0.0	197.47493	34.50095	253.01549	0.0	303.7345	400.83176	35.27973	139.86452	0.0	0.0	0.0	67.944244	216.96082	0.0	0.0	43.48883	151.32217	0.0	0.0	0.0
208.5157	0.0	252.81903	0.0	0.0	16.566582	0.0	0.0	0.0	454.2738	0.0	555.1286	0.0	0.0	41.167416	121.126884	0.0	0.0	0.0	0.0	0.0	0.0	66.579094	0.0	0.0	91.70423	0.0	456.22473	0.0	0.0	0.0	111.93662	122.98766	0.0	355.0975	0.0	106.24529	0.0	0.0	192.92613	216.38287	0.0	448.68552	0.0	0.0	155.3712	272.73825	0.0	0.0	115.86386	0.0	298.32687	0.0	417.52756	0.0	0.0	0.0	401.9335	0.0	0.0	0.0	0.0	0.0	45.60576	0.0	0.0	199.32274	0.0	0.0	0.0	0.0	0.0	131.53929	0.0	355.18576	0.0	0.0	0.0	61.993774	96.018524	0.0	0.0	0.0	376.9598	23.630308	0.0	0.0	227.96663	62.224964	0.0	0.0	574.46954	217.3398	0.0	0.0	291.15698	0.0	20.620165	0.0	0.0	127.266335	0.0	0.0	0.0	0.0	385.6189	429.73294	0.0	295.4314	54.56467	357.08496	0.0	443.09814	595.7685	33.29042	201.50873	0.0	0.0	0.0	99.22213	323.38828	0.0	0.0	65.72759	224.26701	0.0	0.0	0.0
206.02435	0.0	248.4812	0.0	0.0	15.6117525	0.0	0.0	0.0	448.07938	0.0	547.084	0.0	0.0	40.69698	120.39294	0.0	0.0	0.0	0.0	0.0	0.0	65.271996	0.0	0.0	90.30654	0.0	450.6506	0.0	0.0	0.0	110.030785	121.61326	0.0	349.67972	0.0	104.82474	0.0	0.0	190.40828	212.90936	0.0	442.93503	0.0	0.0	153.13351	268.02396	0.0	0.0	115.07325	0.0	293.8318	0.0	411.69336	0.0	0.0	0.0	396.21255	0.0	0.0	0.0	0.0	0.0	45.306152	0.0	0.0	196.63123	0.0	0.0	0.0	0.0	0.0	129.49847	0.0	349.85522	0.0	0.0	0.0	61.524845	94.67562	0.0	0.0	0.0	371.48282	23.166636	0.0	0.0	225.57127	60.69277	0.0	0.0	567.0073	213.87877	0.0	0.0	287.02347	0.0	20.440977	0.0	0.0	124.635704	0.0	0.0	0.0	0.0	379.152	424.4589	0.0	290.8325	53.938244	353.417	0.0	436.72192	586.79706	34.474823	198.86853	0.0	0.0	0.0	97.46439	318.415	0.0	0.0	64.82548	221.04842	0.0	0.0	0.0
166.22597	0.0	197.21556	0.0	0.0	10.916946	0.0	0.0	0.0	355.24985	0.0	435.71643	0.0	0.0	29.560005	99.64512	0.0	0.0	0.0	0.0	0.0	0.0	50.73883	0.0	0.0	72.63297	0.0	361.88477	0.0	0.0	0.0	86.67997	97.85134	0.0	276.9841	0.0	83.85415	0.0	0.0	151.53589	169.39413	0.0	354.5272	0.0	0.0	121.749596	210.58266	0.0	0.0	95.14959	0.0	232.4377	0.0	327.74945	0.0	0.0	0.0	316.2817	0.0	0.0	0.0	0.0	0.0	36.796017	0.0	0.0	159.46802	0.0	0.0	0.0	0.0	0.0	103.079254	0.0	277.59787	0.0	0.0	0.0	48.65549	74.7506	0.0	0.0	0.0	296.34708	17.70715	0.0	0.0	181.9604	44.89327	0.0	0.0	454.47766	168.59465	0.0	0.0	228.76695	0.0	17.387144	0.0	0.0	97.929115	0.0	0.0	0.0	0.0	298.34995	339.58737	0.0	229.76186	41.39015	284.34827	0.0	348.7003	464.93808	31.185501	159.16724	0.0	0.0	0.0	77.820564	252.45976	0.0	0.0	51.60808	175.38054	0.0	0.0	0.0
198.97798	0.0	237.35997	0.0	0.0	14.02077	0.0	0.0	0.0	429.06677	0.0	523.2357	0.0	0.0	37.679565	118.50354	0.0	0.0	0.0	0.0	0.0	0.0	62.343464	0.0	0.0	87.413025	0.0	434.14258	0.0	0.0	0.0	105.70307	117.27469	0.0	332.77475	0.0	100.52895	0.0	0.0	183.03528	204.55247	0.0	426.41385	0.0	0.0	146.28093	254.01836	0.0	0.0	111.865395	0.0	281.2541	0.0	394.82397	0.0	0.0	0.0	379.2325	0.0	0.0	0.0	0.0	0.0	44.11909	0.0	0.0	190.56438	0.0	0.0	0.0	0.0	0.0	123.62429	0.0	334.3112	0.0	0.0	0.0	59.720947	91.36218	0.0	0.0	0.0	357.12778	22.210602	0.0	0.0	218.73906	55.471386	0.0	0.0	545.929	202.53044	0.0	0.0	274.44577	0.0	20.43572	0.0	0.0	117.48263	0.0	0.0	0.0	0.0	360.1482	408.49854	0.0	278.11417	50.77965	341.86545	0.0	418.57132	561.665	37.369232	192.20433	0.0	0.0	0.0	93.364265	304.51212	0.0	0.0	61.672077	211.90234	0.0	0.0	0.0
309.57095	0.0	381.8573	0.0	0.0	28.42251	0.0	0.0	0.0	688.1744	0.0	836.2559	0.0	0.0	67.69768	174.48279	0.0	0.0	0.0	0.0	0.0	0.0	102.36249	0.0	0.0	138.0095	0.0	680.98956	0.0	0.0	0.0	171.12447	183.06609	0.0	537.7078	0.0	158.89413	0.0	0.0	290.48795	326.00723	0.0	672.06744	0.0	0.0	234.86577	416.5387	0.0	0.0	166.1899	0.0	453.38095	0.7243035	630.5821	0.0	0.0	0.0	604.03735	0.0	0.0	0.0	0.0	0.0	67.99816	0.0	0.0	294.03983	0.0	0.0	0.0	0.0	0.0	198.61737	0.0	537.7295	0.0	0.0	0.0	94.441414	146.05717	0.0	0.0	0.0	566.96796	37.413113	0.0	0.0	339.50726	100.574554	0.0	0.0	860.75507	330.59384	0.0	0.0	437.90833	0.0	29.287256	0.0	0.0	194.37671	0.0	0.0	0.0	0.0	587.6563	644.6895	0.0	448.86136	85.07471	533.0389	0.0	665.7729	902.71234	42.25645	302.8187	0.0	0.0	0.0	148.98814	489.6425	0.0	0.0	99.16158	340.51828	0.0	0.0	0.0
303.78137	0.0	378.69272	0.0	0.0	32.781708	0.0	0.0	0.0	679.36334	0.0	826.521	0.0	0.0	69.56786	165.22887	0.0	0.0	0.0	0.0	0.0	0.0	102.82266	0.0	0.0	134.58984	0.0	665.3645	0.0	0.0	0.0	169.4264	178.74205	0.0	536.3455	0.0	158.10533	0.0	0.0	286.6243	321.46704	0.0	657.52924	0.0	0.0	231.57674	419.1863	0.0	0.0	159.53856	0.0	447.21164	3.8728838	621.80115	0.0	0.0	0.0	598.23737	0.0	0.0	0.0	0.0	0.0	65.04561	0.0	0.0	286.53336	0.0	0.0	0.0	0.0	0.0	197.43457	0.0	535.26276	0.0	0.0	0.0	88.57706	144.0732	0.0	0.0	0.0	558.74365	36.522392	0.0	0.0	328.4097	105.22019	0.0	0.0	842.2187	331.38602	0.0	0.0	433.229	0.0	28.355555	0.0	0.0	196.80653	0.0	0.0	0.0	0.0	590.1887	631.13086	0.0	445.40842	86.39942	517.01385	0.0	656.19604	894.70465	31.437872	296.79333	0.0	0.0	0.0	145.57036	485.08725	0.0	0.0	100.752205	336.42957	0.0	0.0	0.0
131.85658	0.0	147.96799	0.0	0.0	2.811281	0.0	0.0	0.0	267.66663	0.0	330.4812	0.0	0.0	16.543646	88.01773	0.0	0.0	0.0	0.0	0.0	0.0	36.049686	0.0	0.0	56.30562	0.0	285.72067	0.0	0.0	0.0	64.592064	77.21753	0.0	203.63094	0.0	64.65508	0.0	0.0	116.75946	130.07906	0.0	277.81134	0.0	0.0	91.31913	149.31306	0.0	0.0	81.65429	0.0	173.56877	0.0	248.87398	0.0	0.0	0.0	240.45813	0.0	0.0	0.0	0.0	0.0	30.33657	0.0	0.0	130.13777	0.0	0.0	0.0	0.0	0.0	76.463066	0.0	205.55025	0.0	0.0	0.0	39.85744	56.98718	0.0	0.0	0.0	228.33069	12.289464	0.0	0.0	147.0803	23.847593	0.0	0.0	354.8203	121.205925	0.0	0.0	173.76758	0.0	14.714871	0.0	0.0	67.37963	0.0	0.0	0.0	0.0	213.09404	264.96603	0.0	171.05296	28.249847	227.76299	0.0	266.93457	348.33682	38.986923	124.65582	0.0	0.0	0.0	60.144123	188.01607	0.0	0.0	36.988113	132.0094	0.0	0.0	0.0
171.56502	0.0	214.03429	0.0	0.0	16.522665	0.0	0.0	0.0	380.58798	0.0	464.82755	0.0	0.0	35.343426	99.97048	0.0	0.0	0.0	0.0	0.0	0.0	58.091755	0.0	0.0	79.36989	0.0	379.58322	0.0	0.0	0.0	95.79382	102.84454	0.0	298.05627	0.0	88.88613	0.0	0.0	160.56354	182.19258	0.0	375.43985	0.0	0.0	131.26512	231.07953	0.0	0.0	92.72174	0.0	250.46114	0.0	349.7417	0.0	0.0	0.0	334.68546	0.0	0.0	0.0	0.0	0.0	38.59187	0.0	0.0	165.9553	0.0	0.0	0.0	0.0	0.0	111.85215	0.0	298.79465	0.0	0.0	0.0	54.265385	81.83485	0.0	0.0	0.0	316.9595	19.810991	0.0	0.0	191.30727	54.838165	0.0	0.0	481.37973	181.38715	0.0	0.0	243.71605	0.0	17.245485	0.0	0.0	108.17124	0.0	0.0	0.0	0.0	325.3251	357.56216	0.0	249.19641	44.94894	297.90622	0.0	370.67212	501.82944	27.112467	171.0409	0.0	0.0	0.0	83.81959	273.4272	0.0	0.0	54.736313	188.92296	0.0	0.0	0.0
143.78339	0.0	169.80591	0.0	0.0	8.617047	0.0	0.0	0.0	304.52505	0.0	373.94052	0.0	0.0	24.31485	88.75045	0.0	0.0	0.0	0.0	0.0	0.0	43.697956	0.0	0.0	62.752625	0.0	313.35306	0.0	0.0	0.0	74.99713	84.27996	0.0	235.89006	0.0	72.367226	0.0	0.0	131.09503	146.86365	0.0	307.3329	0.0	0.0	104.22994	178.17859	0.0	0.0	83.59521	0.0	199.22955	0.0	281.50226	0.0	0.0	0.0	271.12198	0.0	0.0	0.0	0.0	0.0	32.02049	0.0	0.0	139.70367	0.0	0.0	0.0	0.0	0.0	87.67286	0.0	236.71565	0.0	0.0	0.0	43.424786	65.13439	0.0	0.0	0.0	256.09708	15.168709	0.0	0.0	158.41545	36.592224	0.0	0.0	393.11816	142.31743	0.0	0.0	196.3763	0.0	15.221073	0.0	0.0	82.28939	0.0	0.0	0.0	0.0	252.60567	293.09155	0.0	196.98163	34.47772	247.4364	0.0	300.16583	399.11752	31.102732	138.05089	0.0	0.0	0.0	67.38071	216.51402	0.0	0.0	42.678593	150.28821	0.0	0.0	0.0
140.47095	0.0	164.34288	0.0	0.0	7.6040854	0.0	0.0	0.0	294.77194	0.0	362.66455	0.0	0.0	22.565786	87.69495	0.0	0.0	0.0	0.0	0.0	0.0	41.80786	0.0	0.0	60.667416	0.0	305.4036	0.0	0.0	0.0	72.2685	81.9184	0.0	228.11938	0.0	70.49732	0.0	0.0	127.6395	142.66634	0.0	299.0011	0.0	0.0	100.70512	171.40125	0.0	0.0	82.52616	0.0	192.5135	0.0	272.95068	0.0	0.0	0.0	263.2565	0.0	0.0	0.0	0.0	0.0	31.323057	0.0	0.0	136.881	0.0	0.0	0.0	0.0	0.0	84.56373	0.0	228.99886	0.0	0.0	0.0	41.884235	63.056244	0.0	0.0	0.0	248.78395	14.468295	0.0	0.0	154.43248	33.97774	0.0	0.0	382.0548	137.24377	0.0	0.0	190.61145	0.0	14.900371	0.0	0.0	78.75091	0.0	0.0	0.0	0.0	243.14856	285.16818	0.0	190.61293	33.18452	241.09753	0.0	291.23746	386.30954	31.810364	134.29187	0.0	0.0	0.0	65.3155	209.1613	0.0	0.0	41.36929	145.54335	0.0	0.0	0.0
140.95726	0.0	165.3382	0.0	0.0	7.9656024	0.0	0.0	0.0	296.35202	0.0	364.707	0.0	0.0	22.975283	87.5819	0.0	0.0	0.0	0.0	0.0	0.0	42.135063	0.0	0.0	60.983765	0.0	306.65872	0.0	0.0	0.0	72.62427	82.31515	0.0	229.7747	0.0	70.950714	0.0	0.0	128.2265	143.32196	0.0	300.2124	0.0	0.0	101.37851	172.90865	0.0	0.0	82.76413	0.0	193.50142	0.0	274.32358	0.0	0.0	0.0	264.81235	0.0	0.0	0.0	0.0	0.0	31.291132	0.0	0.0	137.23634	0.0	0.0	0.0	0.0	0.0	85.1545	0.0	230.47021	0.0	0.0	0.0	42.03137	63.316868	0.0	0.0	0.0	249.94868	14.523132	0.0	0.0	154.81995	34.718212	0.0	0.0	383.865	138.41261	0.0	0.0	191.68872	0.0	15.016632	0.0	0.0	79.67869	0.0	0.0	0.0	0.0	245.24225	286.2476	0.0	191.6678	33.33976	241.94244	0.0	292.83652	388.4983	31.426306	134.71782	0.0	0.0	0.0	65.64771	210.58315	0.0	0.0	41.6413	146.169	0.0	0.0	0.0
150.23436	0.0	179.71545	0.0	0.0	10.570416	0.0	0.0	0.0	321.4863	0.0	394.57687	0.0	0.0	26.783234	90.84351	0.0	0.0	0.0	0.0	0.0	0.0	46.800232	0.0	0.0	66.04867	0.0	328.1149	0.0	0.0	0.0	79.47867	88.243126	0.0	250.37172	0.0	76.203255	0.0	0.0	138.03331	154.74904	0.0	322.23502	0.0	0.0	110.18787	190.47487	0.0	0.0	85.760864	0.0	210.5	0.0	296.77734	0.0	0.0	0.0	285.92526	0.0	0.0	0.0	0.0	0.0	33.138813	0.0	0.0	145.48265	0.0	0.0	0.0	0.0	0.0	92.888	0.0	250.94751	0.0	0.0	0.0	45.13558	68.63366	0.0	0.0	0.0	269.63245	16.024412	0.0	0.0	165.14445	40.942307	0.0	0.0	412.31433	151.62425	0.0	0.0	207.20256	0.0	15.573903	0.0	0.0	88.35488	0.0	0.0	0.0	0.0	269.44626	307.40585	0.0	208.70209	37.076283	258.0505	0.0	315.99594	422.21594	29.31376	144.91194	0.0	0.0	0.0	71.010666	229.09596	0.0	0.0	45.71475	158.77843	0.0	0.0	0.0
150.48055	0.0	173.4435	0.0	0.0	6.4356556	0.0	0.0	0.0	309.16003	0.0	385.23096	0.0	0.0	19.999542	95.639336	0.0	0.0	0.0	0.0	0.0	0.0	42.173664	0.0	0.0	64.13082	0.0	326.10437	0.0	0.0	0.0	74.11099	87.2017	0.0	241.32353	0.0	75.02747	0.0	0.0	133.17104	149.8845	0.0	316.7384	0.0	0.0	107.39713	179.99675	0.0	0.0	91.577415	0.0	201.13501	0.0	287.70728	0.0	0.0	0.0	281.01242	0.0	0.0	0.0	0.0	0.0	33.98134	0.0	0.0	147.39919	0.0	0.0	0.0	0.0	0.0	91.25886	0.0	241.64777	0.0	0.0	0.0	42.81999	64.07724	0.0	0.0	0.0	262.2798	14.323407	0.0	0.0	163.59984	33.15906	0.0	0.0	405.89273	145.59482	0.0	0.0	203.14012	0.0	16.106874	0.0	0.0	84.23409	0.0	0.0	0.0	0.0	255.07817	302.3368	0.0	198.77257	33.69697	255.28941	0.0	309.37952	404.3821	34.241123	141.2289	0.0	0.0	0.0	69.05157	220.02136	0.0	0.0	45.356583	152.34003	0.0	0.0	0.0
138.58925	0.0	161.9319	0.0	0.0	7.1114044	0.0	0.0	0.0	291.01285	0.0	357.77438	0.0	0.0	22.258448	87.05595	0.0	0.0	0.0	0.0	0.0	0.0	41.16741	0.0	0.0	60.29062	0.0	301.9054	0.0	0.0	0.0	71.27987	81.372795	0.0	224.78284	0.0	69.4498	0.0	0.0	125.79016	140.5608	0.0	295.46826	0.0	0.0	99.5315	168.58858	0.0	0.0	81.80332	0.0	189.88756	0.0	269.32578	0.0	0.0	0.0	259.6024	0.0	0.0	0.0	0.0	0.0	30.999044	0.0	0.0	135.16173	0.0	0.0	0.0	0.0	0.0	83.57267	0.0	225.84747	0.0	0.0	0.0	41.885746	62.138264	0.0	0.0	0.0	245.45415	14.18776	0.0	0.0	153.29704	33.199116	0.0	0.0	377.82468	135.20857	0.0	0.0	187.99196	0.0	14.880824	0.0	0.0	77.51054	0.0	0.0	0.0	0.0	239.52681	281.81656	0.0	187.7771	32.385666	238.79352	0.0	287.43872	380.87817	32.54843	132.56645	0.0	0.0	0.0	64.61298	206.41711	0.0	0.0	40.765884	143.50645	0.0	0.0	0.0
136.77835	0.0	159.71956	0.0	0.0	6.2666306	0.0	0.0	0.0	286.5628	0.0	352.26538	0.0	0.0	20.802633	87.660835	0.0	0.0	0.0	0.0	0.0	0.0	40.719578	0.0	0.0	60.205616	0.0	298.73666	0.0	0.0	0.0	70.44797	80.69739	0.0	220.00981	0.0	68.20222	0.0	0.0	123.59009	138.76704	0.0	292.5065	0.0	0.0	98.26879	164.56372	0.0	0.0	81.28592	0.0	187.15332	0.0	265.37064	0.0	0.0	0.0	255.1627	0.0	0.0	0.0	0.0	0.0	31.007553	0.0	0.0	134.3243	0.0	0.0	0.0	0.0	0.0	82.41784	0.0	221.57733	0.0	0.0	0.0	42.460293	61.33318	0.0	0.0	0.0	242.4436	14.005197	0.0	0.0	153.0369	31.263529	0.0	0.0	373.96347	131.86078	0.0	0.0	185.04149	0.0	14.745177	0.0	0.0	75.478584	0.0	0.0	0.0	0.0	233.70673	278.46506	0.0	184.84431	31.02564	237.2011	0.0	283.31226	374.60202	34.47054	131.60973	0.0	0.0	0.0	64.27321	203.16998	0.0	0.0	39.766205	141.5597	0.0	0.0	0.0
140.54707	0.0	165.39369	0.0	0.0	7.3645153	0.0	0.0	0.0	296.8949	0.0	364.43478	0.0	0.0	22.53905	88.90301	0.0	0.0	0.0	0.0	0.0	0.0	42.464993	0.0	0.0	61.997166	0.0	307.46326	0.0	0.0	0.0	73.12217	82.97507	0.0	228.44966	0.0	70.43136	0.0	0.0	127.72159	143.3902	0.0	301.3672	0.0	0.0	101.78942	171.84236	0.0	0.0	82.59486	0.0	194.00732	0.0	274.3771	0.0	0.0	0.0	263.8726	0.0	0.0	0.0	0.0	0.0	31.80574	0.0	0.0	137.5718	0.0	0.0	0.0	0.0	0.0	85.46405	0.0	229.89699	0.0	0.0	0.0	43.62946	63.472107	0.0	0.0	0.0	250.31084	14.654855	0.0	0.0	156.85962	33.836132	0.0	0.0	385.27823	137.39494	0.0	0.0	191.4131	0.0	14.945222	0.0	0.0	78.963905	0.0	0.0	0.0	0.0	243.68782	287.1307	0.0	191.85808	32.754166	243.66158	0.0	292.76486	388.24844	33.41214	135.81642	0.0	0.0	0.0	66.18421	210.60149	0.0	0.0	41.50768	146.69418	0.0	0.0	0.0
147.8553	0.0	177.41174	0.0	0.0	9.751878	0.0	0.0	0.0	317.8441	0.0	389.06918	0.0	0.0	26.020697	91.16907	0.0	0.0	0.0	0.0	0.0	0.0	46.480846	0.0	0.0	66.41483	0.0	324.80533	0.0	0.0	0.0	78.89295	87.880684	0.0	245.69128	0.0	74.76148	0.0	0.0	135.6924	152.84908	0.0	319.45767	0.0	0.0	109.137	186.66277	0.0	0.0	84.6863	0.0	208.20604	0.0	293.08585	0.0	0.0	0.0	281.19455	0.0	0.0	0.0	0.0	0.0	33.355137	0.0	0.0	144.11757	0.0	0.0	0.0	0.0	0.0	92.01409	0.0	247.1557	0.0	0.0	0.0	46.538773	68.080956	0.0	0.0	0.0	266.63614	16.074564	0.0	0.0	165.25914	39.49266	0.0	0.0	408.8186	148.45833	0.0	0.0	204.19354	0.0	15.459534	0.0	0.0	86.47941	0.0	0.0	0.0	0.0	264.37448	304.34387	0.0	206.32574	35.797134	256.87933	0.0	311.8358	416.47855	31.479994	144.23987	0.0	0.0	0.0	70.54542	226.36986	0.0	0.0	44.822544	157.18886	0.0	0.0	0.0
153.8254	0.0	187.11714	0.0	0.0	11.398541	0.0	0.0	0.0	334.46	0.0	408.7771	0.0	0.0	28.377943	93.4895	0.0	0.0	0.0	0.0	0.0	0.0	49.615253	0.0	0.0	69.9087	0.0	339.00522	0.0	0.0	0.0	83.49673	91.80094	0.0	258.99905	0.0	78.232735	0.0	0.0	141.83083	160.5194	0.0	334.09256	0.0	0.0	115.10201	198.12549	0.0	0.0	86.78385	0.0	219.63245	0.0	308.04373	0.0	0.0	0.0	294.82114	0.0	0.0	0.0	0.0	0.0	34.90118	0.0	0.0	149.70612	0.0	0.0	0.0	0.0	0.0	97.206055	0.0	260.49805	0.0	0.0	0.0	48.97937	71.67319	0.0	0.0	0.0	279.7777	17.317093	0.0	0.0	172.35786	43.539	0.0	0.0	427.88818	156.97389	0.0	0.0	214.44847	0.0	15.812322	0.0	0.0	92.123634	0.0	0.0	0.0	0.0	280.07877	318.27383	0.0	217.74498	37.99893	267.87692	0.0	327.1858	438.61612	30.265158	151.15778	0.0	0.0	0.0	74.23043	238.65135	0.0	0.0	47.34575	165.64879	0.0	0.0	0.0
141.41129	0.0	167.35927	0.0	0.0	7.918469	0.0	0.0	0.0	300.10388	0.0	368.10007	0.0	0.0	23.125183	89.00181	0.0	0.0	0.0	0.0	0.0	0.0	43.219143	0.0	0.0	62.905598	0.0	309.7054	0.0	0.0	0.0	74.185524	83.737595	0.0	231.22322	0.0	70.93549	0.0	0.0	128.76863	144.82448	0.0	303.9852	0.0	0.0	102.93792	174.30908	0.0	0.0	82.616325	0.0	196.27498	0.0	277.22583	0.0	0.0	0.0	266.38043	0.0	0.0	0.0	0.0	0.0	31.966394	0.0	0.0	138.4254	0.0	0.0	0.0	0.0	0.0	86.55914	0.0	232.7481	0.0	0.0	0.0	44.215054	64.23965	0.0	0.0	0.0	252.83614	14.916514	0.0	0.0	158.11996	34.957035	0.0	0.0	388.78333	139.14668	0.0	0.0	193.36162	0.0	15.029721	0.0	0.0	80.420906	0.0	0.0	0.0	0.0	247.16449	289.6043	0.0	194.18872	33.16693	245.44478	0.0	295.68326	392.71817	32.730335	137.01616	0.0	0.0	0.0	66.93808	213.08453	0.0	0.0	42.011856	148.28598	0.0	0.0	0.0
137.55467	0.0	160.62529	0.0	0.0	6.7998166	0.0	0.0	0.0	288.46057	0.0	354.5951	0.0	0.0	21.30934	87.29656	0.0	0.0	0.0	0.0	0.0	0.0	40.837185	0.0	0.0	60.210186	0.0	300.07727	0.0	0.0	0.0	70.75867	80.795555	0.0	222.13934	0.0	68.70692	0.0	0.0	124.558876	139.58711	0.0	293.697	0.0	0.0	98.92297	166.45546	0.0	0.0	81.39416	0.0	188.406	0.0	267.0638	0.0	0.0	0.0	257.1517	0.0	0.0	0.0	0.0	0.0	31.053625	0.0	0.0	134.58983	0.0	0.0	0.0	0.0	0.0	82.96345	0.0	223.59985	0.0	0.0	0.0	42.069286	61.604336	0.0	0.0	0.0	243.62657	14.125691	0.0	0.0	152.71089	32.145542	0.0	0.0	375.4531	133.3173	0.0	0.0	186.38513	0.0	14.750918	0.0	0.0	76.538124	0.0	0.0	0.0	0.0	236.30371	279.85837	0.0	186.14058	31.769201	237.61145	0.0	285.14114	377.348	33.21934	132.11925	0.0	0.0	0.0	64.27427	204.56262	0.0	0.0	40.43506	142.42996	0.0	0.0	0.0
138.9052	0.0	162.70598	0.0	0.0	7.044832	0.0	0.0	0.0	291.94217	0.0	358.95557	0.0	0.0	21.878014	87.85086	0.0	0.0	0.0	0.0	0.0	0.0	41.590183	0.0	0.0	61.112152	0.0	303.04062	0.0	0.0	0.0	71.676506	81.84973	0.0	225.20433	0.0	69.52726	0.0	0.0	125.93494	141.06194	0.0	296.78458	0.0	0.0	100.05045	169.13074	0.0	0.0	81.931816	0.0	190.55437	0.0	270.063	0.0	0.0	0.0	260.21677	0.0	0.0	0.0	0.0	0.0	31.224367	0.0	0.0	135.86072	0.0	0.0	0.0	0.0	0.0	84.05799	0.0	226.55328	0.0	0.0	0.0	42.4529	62.21556	0.0	0.0	0.0	246.56664	14.211324	0.0	0.0	154.38545	33.050392	0.0	0.0	379.4907	135.34401	0.0	0.0	188.65752	0.0	15.000831	0.0	0.0	77.81033	0.0	0.0	0.0	0.0	240.04895	282.808	0.0	188.70393	32.150986	239.95805	0.0	288.46286	382.00302	33.122128	133.50203	0.0	0.0	0.0	64.979866	207.21577	0.0	0.0	40.950104	144.08484	0.0	0.0	0.0
145.33345	0.0	173.45337	0.0	0.0	9.05189	0.0	0.0	0.0	310.6431	0.0	380.85364	0.0	0.0	24.80021	89.98525	0.0	0.0	0.0	0.0	0.0	0.0	45.099762	0.0	0.0	64.829315	0.0	318.50513	0.0	0.0	0.0	76.81654	86.06619	0.0	240.15599	0.0	73.26151	0.0	0.0	132.80025	149.4399	0.0	312.89145	0.0	0.0	106.67063	182.08618	0.0	0.0	83.914	0.0	203.3535	0.0	286.63315	0.0	0.0	0.0	275.4391	0.0	0.0	0.0	0.0	0.0	32.69973	0.0	0.0	141.70299	0.0	0.0	0.0	0.0	0.0	89.92856	0.0	241.49919	0.0	0.0	0.0	45.234005	66.269554	0.0	0.0	0.0	260.93033	15.528928	0.0	0.0	161.95758	37.86293	0.0	0.0	400.38797	145.06078	0.0	0.0	199.98633	0.0	15.322438	0.0	0.0	84.45927	0.0	0.0	0.0	0.0	257.88565	298.18802	0.0	201.31114	34.77913	251.75298	0.0	305.4297	406.7767	31.32837	140.97137	0.0	0.0	0.0	68.99398	221.0284	0.0	0.0	43.781475	153.4839	0.0	0.0	0.0
162.92078	0.0	201.37102	0.0	0.0	13.908416	0.0	0.0	0.0	358.50143	0.0	437.88086	0.0	0.0	31.56662	97.45038	0.0	0.0	0.0	0.0	0.0	0.0	54.03122	0.0	0.0	75.35286	0.0	360.6085	0.0	0.0	0.0	90.11271	97.70521	0.0	278.82974	0.0	83.80245	0.0	0.0	151.51434	172.13843	0.0	356.2853	0.0	0.0	123.56726	214.70465	0.0	0.0	89.83097	0.0	235.75456	0.0	329.80814	0.0	0.0	0.0	315.08438	0.0	0.0	0.0	0.0	0.0	37.039486	0.0	0.0	158.60716	0.0	0.0	0.0	0.0	0.0	104.78248	0.0	280.079	0.0	0.0	0.0	52.491577	77.156456	0.0	0.0	0.0	299.50162	18.699852	0.0	0.0	183.00072	48.93157	0.0	0.0	456.59277	169.11177	0.0	0.0	229.49446	0.0	16.581692	0.0	0.0	100.10569	0.0	0.0	0.0	0.0	302.62387	339.00024	0.0	234.37451	41.22714	284.37326	0.0	349.9	471.43802	29.60409	162.25195	0.0	0.0	0.0	79.54635	256.64554	0.0	0.0	50.868633	177.99239	0.0	0.0	0.0
144.4306	0.0	172.64848	0.0	0.0	8.813392	0.0	0.0	0.0	308.82996	0.0	378.37146	0.0	0.0	24.335442	89.920555	0.0	0.0	0.0	0.0	0.0	0.0	44.98646	0.0	0.0	64.68746	0.0	316.89273	0.0	0.0	0.0	76.630135	85.698784	0.0	238.22876	0.0	72.68166	0.0	0.0	131.99413	148.91765	0.0	311.5199	0.0	0.0	106.13867	180.39583	0.0	0.0	83.40608	0.0	202.44426	0.0	285.08023	0.0	0.0	0.0	273.33652	0.0	0.0	0.0	0.0	0.0	32.59303	0.0	0.0	141.06956	0.0	0.0	0.0	0.0	0.0	89.1734	0.0	239.66765	0.0	0.0	0.0	45.42433	66.008606	0.0	0.0	0.0	259.69116	15.54966	0.0	0.0	161.77759	37.20213	0.0	0.0	398.50723	143.69887	0.0	0.0	198.56099	0.0	15.277268	0.0	0.0	83.39503	0.0	0.0	0.0	0.0	255.50288	296.725	0.0	200.23744	34.23941	250.9012	0.0	303.56284	404.42188	31.850815	140.42848	0.0	0.0	0.0	69.01002	219.61885	0.0	0.0	43.138107	152.8145	0.0	0.0	0.0
142.45265	0.0	168.29332	0.0	0.0	8.155	0.0	0.0	0.0	301.48422	0.0	370.19095	0.0	0.0	23.40758	89.15198	0.0	0.0	0.0	0.0	0.0	0.0	43.324963	0.0	0.0	62.81995	0.0	311.3088	0.0	0.0	0.0	74.376854	83.92863	0.0	232.83092	0.0	71.58308	0.0	0.0	129.77972	145.79874	0.0	305.33374	0.0	0.0	103.29724	175.47186	0.0	0.0	83.19947	0.0	197.07509	0.0	278.78873	0.0	0.0	0.0	268.22	0.0	0.0	0.0	0.0	0.0	31.955643	0.0	0.0	139.2584	0.0	0.0	0.0	0.0	0.0	86.870674	0.0	234.10677	0.0	0.0	0.0	43.856243	64.52194	0.0	0.0	0.0	254.17308	14.929128	0.0	0.0	158.29698	35.34915	0.0	0.0	390.45956	140.20496	0.0	0.0	194.46913	0.0	15.121594	0.0	0.0	80.87234	0.0	0.0	0.0	0.0	248.89375	290.92294	0.0	195.20781	33.490856	246.28395	0.0	297.26706	394.95837	32.504482	137.39352	0.0	0.0	0.0	67.11426	214.22527	0.0	0.0	42.228867	148.93744	0.0	0.0	0.0
143.16704	0.0	169.81197	0.0	0.0	8.143552	0.0	0.0	0.0	304.04114	0.0	373.17514	0.0	0.0	23.346472	90.00765	0.0	0.0	0.0	0.0	0.0	0.0	43.913593	0.0	0.0	63.78351	0.0	313.74194	0.0	0.0	0.0	75.182816	84.77021	0.0	234.40874	0.0	71.89683	0.0	0.0	130.41338	146.74232	0.0	307.9232	0.0	0.0	104.43893	176.81712	0.0	0.0	83.42878	0.0	198.9096	0.0	280.91812	0.0	0.0	0.0	269.8742	0.0	0.0	0.0	0.0	0.0	32.285595	0.0	0.0	140.15092	0.0	0.0	0.0	0.0	0.0	87.785255	0.0	235.82954	0.0	0.0	0.0	44.73788	65.0867	0.0	0.0	0.0	256.1945	15.036458	0.0	0.0	160.2039	35.72118	0.0	0.0	393.93863	141.04126	0.0	0.0	195.89192	0.0	15.240848	0.0	0.0	81.59047	0.0	0.0	0.0	0.0	250.61438	293.2191	0.0	196.75145	33.6058	248.5102	0.0	299.58835	398.109	33.03015	138.81964	0.0	0.0	0.0	67.94581	216.1309	0.0	0.0	42.541565	150.32256	0.0	0.0	0.0
152.91798	0.0	185.35474	0.0	0.0	10.746582	0.0	0.0	0.0	331.43613	0.0	405.19067	0.0	0.0	27.790564	93.59605	0.0	0.0	0.0	0.0	0.0	0.0	49.02023	0.0	0.0	69.379036	0.0	336.79272	0.0	0.0	0.0	82.667336	91.18533	0.0	256.28708	0.0	77.69416	0.0	0.0	140.82869	159.1771	0.0	331.81238	0.0	0.0	113.88669	195.5747	0.0	0.0	86.61208	0.0	217.53651	0.0	305.20984	0.0	0.0	0.0	292.18112	0.0	0.0	0.0	0.0	0.0	34.675343	0.0	0.0	148.96672	0.0	0.0	0.0	0.0	0.0	96.081474	0.0	257.73065	0.0	0.0	0.0	48.636	71.00186	0.0	0.0	0.0	277.47195	16.985449	0.0	0.0	171.56813	42.27733	0.0	0.0	424.72025	155.06667	0.0	0.0	212.44063	0.0	15.853794	0.0	0.0	90.578735	0.0	0.0	0.0	0.0	276.4698	316.05466	0.0	215.56435	37.45891	266.40506	0.0	324.35318	434.40408	31.30542	150.17107	0.0	0.0	0.0	73.61915	236.2672	0.0	0.0	46.706234	164.11513	0.0	0.0	0.0
157.30798	0.0	191.9895	0.0	0.0	12.325299	0.0	0.0	0.0	342.33682	0.0	419.18945	0.0	0.0	29.436768	94.65899	0.0	0.0	0.0	0.0	0.0	0.0	50.87408	0.0	0.0	71.3709	0.0	346.39023	0.0	0.0	0.0	85.35617	93.729095	0.0	266.35342	0.0	80.45913	0.0	0.0	145.39006	164.35321	0.0	341.37265	0.0	0.0	117.78021	204.09053	0.0	0.0	88.09582	0.0	224.70256	0.0	315.44125	0.0	0.0	0.0	302.2921	0.0	0.0	0.0	0.0	0.0	35.40544	0.0	0.0	152.87494	0.0	0.0	0.0	0.0	0.0	99.646706	0.0	267.5172	0.0	0.0	0.0	49.189213	73.09284	0.0	0.0	0.0	286.30786	17.37235	0.0	0.0	175.39668	45.366016	0.0	0.0	436.98447	161.61304	0.0	0.0	219.8539	0.0	16.203362	0.0	0.0	95.02853	0.0	0.0	0.0	0.0	288.2765	325.29324	0.0	223.05034	39.207943	272.70334	0.0	334.8755	449.8607	29.452301	154.37949	0.0	0.0	0.0	75.82319	244.70872	0.0	0.0	48.84338	169.43025	0.0	0.0	0.0
140.04263	0.0	164.15204	0.0	0.0	8.010529	0.0	0.0	0.0	294.52628	0.0	362.42917	0.0	0.0	23.156036	86.517555	0.0	0.0	0.0	0.0	0.0	0.0	41.656933	0.0	0.0	60.307842	0.0	304.32877	0.0	0.0	0.0	71.91068	81.66321	0.0	228.84685	0.0	70.442955	0.0	0.0	127.41415	142.23894	0.0	297.875	0.0	0.0	100.713196	172.30005	0.0	0.0	82.0886	0.0	192.2531	0.0	272.62085	0.0	0.0	0.0	263.4132	0.0	0.0	0.0	0.0	0.0	30.963333	0.0	0.0	135.92368	0.0	0.0	0.0	0.0	0.0	84.75803	0.0	229.37737	0.0	0.0	0.0	41.3123	62.711395	0.0	0.0	0.0	248.03264	14.447032	0.0	0.0	153.24825	34.918827	0.0	0.0	380.902	138.04811	0.0	0.0	190.58687	0.0	14.818814	0.0	0.0	79.441216	0.0	0.0	0.0	0.0	244.35858	284.33325	0.0	190.41576	33.417683	239.75873	0.0	290.96002	386.06055	30.41445	133.4268	0.0	0.0	0.0	65.06689	209.17671	0.0	0.0	41.702396	145.20622	0.0	0.0	0.0
142.07567	0.0	167.57404	0.0	0.0	8.079541	0.0	0.0	0.0	300.15186	0.0	368.91504	0.0	0.0	23.108765	88.78164	0.0	0.0	0.0	0.0	0.0	0.0	43.03412	0.0	0.0	62.268997	0.0	310.15347	0.0	0.0	0.0	73.936554	83.40211	0.0	232.07402	0.0	71.45098	0.0	0.0	129.2177	145.17848	0.0	303.94412	0.0	0.0	102.87598	174.86089	0.0	0.0	83.0532	0.0	196.14496	0.0	277.58005	0.0	0.0	0.0	267.3962	0.0	0.0	0.0	0.0	0.0	31.813248	0.0	0.0	138.64766	0.0	0.0	0.0	0.0	0.0	86.48502	0.0	233.04295	0.0	0.0	0.0	43.263927	64.20223	0.0	0.0	0.0	253.09656	14.908988	0.0	0.0	157.42804	35.25565	0.0	0.0	388.7499	139.73486	0.0	0.0	193.75746	0.0	14.985173	0.0	0.0	80.52127	0.0	0.0	0.0	0.0	247.84154	289.62473	0.0	194.2738	33.451893	245.11781	0.0	296.1064	393.15097	32.108124	136.69862	0.0	0.0	0.0	66.78095	213.28404	0.0	0.0	42.132442	148.33391	0.0	0.0	0.0
149.85529	0.0	179.89803	0.0	0.0	10.366086	0.0	0.0	0.0	321.76846	0.0	394.38712	0.0	0.0	26.883295	90.94804	0.0	0.0	0.0	0.0	0.0	0.0	47.060352	0.0	0.0	66.637	0.0	328.09842	0.0	0.0	0.0	79.76939	88.490295	0.0	249.9468	0.0	75.95085	0.0	0.0	137.85695	154.89548	0.0	322.55798	0.0	0.0	110.29401	190.21124	0.0	0.0	85.44779	0.0	210.91158	0.0	296.90167	0.0	0.0	0.0	285.42056	0.0	0.0	0.0	0.0	0.0	33.323208	0.0	0.0	145.52791	0.0	0.0	0.0	0.0	0.0	93.035065	0.0	250.91876	0.0	0.0	0.0	45.93571	68.784996	0.0	0.0	0.0	269.88837	16.2489	0.0	0.0	165.75049	40.867386	0.0	0.0	412.8787	151.23174	0.0	0.0	207.04846	0.0	15.671445	0.0	0.0	88.3464	0.0	0.0	0.0	0.0	269.2451	307.61014	0.0	208.98955	36.677902	258.51382	0.0	315.89966	422.36166	29.992281	145.32286	0.0	0.0	0.0	71.12409	229.4691	0.0	0.0	45.395584	158.87193	0.0	0.0	0.0
163.51167	0.0	203.07239	0.0	0.0	14.571006	0.0	0.0	0.0	361.59775	0.0	441.36197	0.0	0.0	32.525394	96.92398	0.0	0.0	0.0	0.0	0.0	0.0	54.714203	0.0	0.0	75.931	0.0	362.3584	0.0	0.0	0.0	90.81931	98.36436	0.0	281.85742	0.0	84.35323	0.0	0.0	152.5053	173.32643	0.0	358.25375	0.0	0.0	124.79275	217.5374	0.0	0.0	89.54559	0.0	237.89607	0.0	332.38647	0.0	0.0	0.0	317.6197	0.0	0.0	0.0	0.0	0.0	37.16796	0.0	0.0	158.87663	0.0	0.0	0.0	0.0	0.0	106.084526	0.0	283.0626	0.0	0.0	0.0	52.57237	77.58935	0.0	0.0	0.0	301.47675	18.85084	0.0	0.0	183.50578	50.336834	0.0	0.0	459.28183	171.11304	0.0	0.0	231.466	0.0	16.576864	0.0	0.0	101.72048	0.0	0.0	0.0	0.0	306.5181	341.06424	0.0	236.29768	41.99311	285.3499	0.0	352.47693	475.76114	28.36918	163.25269	0.0	0.0	0.0	79.98803	259.1704	0.0	0.0	51.591625	179.37779	0.0	0.0	0.0
128.305	0.0	145.443	0.0	0.0	3.4552414	0.0	0.0	0.0	263.75546	0.0	324.1947	0.0	0.0	17.401064	84.7673	0.0	0.0	0.0	0.0	0.0	0.0	36.013657	0.0	0.0	55.480145	0.0	278.94104	0.0	0.0	0.0	63.869648	75.64706	0.0	200.35341	0.0	63.080902	0.0	0.0	114.127686	127.45355	0.0	271.72485	0.0	0.0	90.079	147.85628	0.0	0.0	78.509285	0.0	171.45448	0.0	244.41554	0.0	0.0	0.0	235.52753	0.0	0.0	0.0	0.0	0.0	29.588385	0.0	0.0	126.169365	0.0	0.0	0.0	0.0	0.0	75.372246	0.0	202.52014	0.0	0.0	0.0	39.599335	56.18334	0.0	0.0	0.0	223.73235	12.550465	0.0	0.0	143.83067	25.038767	0.0	0.0	347.3834	119.68646	0.0	0.0	170.3662	0.0	14.105802	0.0	0.0	66.96374	0.0	0.0	0.0	0.0	211.04645	259.3452	0.0	168.92332	28.127304	222.61192	0.0	261.54703	342.73343	36.716118	122.26697	0.0	0.0	0.0	59.04935	185.31914	0.0	0.0	36.628696	130.23988	0.0	0.0	0.0
148.4576	0.0	174.41638	0.0	0.0	7.540615	0.0	0.0	0.0	315.32968	0.0	385.38174	0.0	0.0	24.603033	93.22288	0.0	0.0	0.0	0.0	0.0	0.0	44.93138	0.0	0.0	65.56726	0.0	324.8983	0.0	0.0	0.0	77.257774	88.08441	0.0	241.78912	0.0	74.17307	0.0	0.0	134.802	150.98497	0.0	318.43927	0.0	0.0	108.10458	182.19987	0.0	0.0	86.66156	0.0	206.165	0.0	290.57108	0.0	0.0	0.0	278.84277	0.0	0.0	0.0	0.0	0.0	33.80875	0.0	0.0	144.205	0.0	0.0	0.0	0.0	0.0	90.67324	0.0	243.72398	0.0	0.0	0.0	46.39333	66.96246	0.0	0.0	0.0	264.30927	15.687126	0.0	0.0	165.99051	36.33559	0.0	0.0	407.12076	146.02205	0.0	0.0	202.28044	0.0	15.569537	0.0	0.0	83.584435	0.0	0.0	0.0	0.0	258.78186	304.1175	0.0	203.33783	35.48454	257.69003	0.0	309.38577	410.9917	34.843616	143.38481	0.0	0.0	0.0	69.858604	222.86296	0.0	0.0	44.41647	155.82076	0.0	0.0	0.0
807.0867	0.0	1085.6136	0.0	0.0	181.1067	0.0	0.0	0.0	1883.0524	0.0	2337.3967	0.0	0.0	258.5791	287.06555	0.0	0.0	0.0	0.0	0.0	0.0	296.4285	0.0	0.0	317.20743	0.0	1715.917	0.0	0.0	0.0	468.07425	436.5681	0.0	1610.5709	0.0	456.32834	0.0	0.0	786.98	888.979	0.0	1686.3451	0.0	0.0	637.7739	1328.7188	0.0	0.0	353.2722	0.0	1240.6367	116.49533	1731.0166	0.0	0.0	0.0	1728.3915	0.0	0.0	0.0	0.0	0.0	148.13818	0.0	0.0	715.137	0.0	0.0	0.0	0.0	0.0	581.6978	0.0	1554.5343	0.0	0.0	0.0	143.98277	388.57565	0.0	0.0	0.0	1521.5724	104.75531	0.0	0.0	739.2688	415.1696	0.0	0.0	2187.343	1040.9154	0.0	0.0	1223.222	0.0	54.13503	0.0	0.0	651.6124	0.0	0.0	0.0	0.0	1828.8851	1652.769	0.0	1270.3044	291.05954	1232.8898	0.0	1814.206	2545.4224	0.0	759.8418	0.0	0.0	0.0	374.6569	1375.3467	0.0	0.0	321.54178	941.28424	0.0	0.0	0.0
120.45109	0.0	135.36235	0.0	0.0	2.3916094	0.0	0.0	0.0	244.87727	0.0	302.30984	0.0	0.0	15.103953	80.62841	0.0	0.0	0.0	0.0	0.0	0.0	32.788437	0.0	0.0	51.444134	0.0	261.48065	0.0	0.0	0.0	58.93692	70.63444	0.0	186.03288	0.0	59.020966	0.0	0.0	106.674904	119.007965	0.0	254.13655	0.0	0.0	83.64966	136.33165	0.0	0.0	74.80213	0.0	158.89088	0.0	227.68079	0.0	0.0	0.0	219.81244	0.0	0.0	0.0	0.0	0.0	27.954165	0.0	0.0	119.00301	0.0	0.0	0.0	0.0	0.0	69.9933	0.0	187.7171	0.0	0.0	0.0	36.66231	51.90967	0.0	0.0	0.0	208.69804	11.251683	0.0	0.0	134.59839	21.645828	0.0	0.0	324.56955	110.7698	0.0	0.0	158.89545	0.0	13.30785	0.0	0.0	61.461514	0.0	0.0	0.0	0.0	194.37727	242.49744	0.0	156.35948	25.71393	208.45198	0.0	244.1461	318.27692	35.730015	113.930176	0.0	0.0	0.0	55.13446	171.82391	0.0	0.0	33.775387	120.79288	0.0	0.0	0.0
123.61111	0.0	139.15105	0.0	0.0	3.0471714	0.0	0.0	0.0	251.05788	0.0	310.3293	0.0	0.0	15.890831	81.67728	0.0	0.0	0.0	0.0	0.0	0.0	33.730328	0.0	0.0	52.230213	0.0	267.60355	0.0	0.0	0.0	60.584354	71.87625	0.0	191.69965	0.0	60.8089	0.0	0.0	109.813515	122.32377	0.0	260.081	0.0	0.0	85.53442	140.74196	0.0	0.0	76.377556	0.0	163.00172	0.0	233.64809	0.0	0.0	0.0	225.96016	0.0	0.0	0.0	0.0	0.0	28.28315	0.0	0.0	121.862976	0.0	0.0	0.0	0.0	0.0	71.61296	0.0	192.93056	0.0	0.0	0.0	36.851467	53.481678	0.0	0.0	0.0	214.14635	11.6589	0.0	0.0	136.85802	23.016043	0.0	0.0	332.12408	114.26693	0.0	0.0	163.16682	0.0	13.650935	0.0	0.0	63.578583	0.0	0.0	0.0	0.0	200.54588	248.19855	0.0	160.61687	26.675613	212.66982	0.0	250.47893	327.21585	35.247	116.42512	0.0	0.0	0.0	56.466827	176.55646	0.0	0.0	34.591633	123.78149	0.0	0.0	0.0
121.58237	0.0	136.49254	0.0	0.0	2.4371207	0.0	0.0	0.0	246.27965	0.0	304.72012	0.0	0.0	14.911987	81.402435	0.0	0.0	0.0	0.0	0.0	0.0	33.028946	0.0	0.0	51.624836	0.0	263.6085	0.0	0.0	0.0	59.328384	70.99606	0.0	187.56728	0.0	59.739063	0.0	0.0	107.78672	120.126305	0.0	256.22385	0.0	0.0	84.08807	137.24211	0.0	0.0	75.637146	0.0	159.70949	0.0	229.2918	0.0	0.0	0.0	221.64568	0.0	0.0	0.0	0.0	0.0	27.934992	0.0	0.0	120.381325	0.0	0.0	0.0	0.0	0.0	70.25808	0.0	189.05379	0.0	0.0	0.0	36.68514	52.452576	0.0	0.0	0.0	210.43994	11.228615	0.0	0.0	135.51086	21.755	0.0	0.0	327.00095	111.52784	0.0	0.0	160.2524	0.0	13.572988	0.0	0.0	61.862026	0.0	0.0	0.0	0.0	195.7552	244.21716	0.0	157.47354	25.824524	209.95435	0.0	246.02498	320.74588	36.140797	114.77949	0.0	0.0	0.0	55.60541	173.1082	0.0	0.0	33.871174	121.46621	0.0	0.0	0.0
148.80023	0.0	173.03987	0.0	0.0	7.089941	0.0	0.0	0.0	312.8874	0.0	383.4716	0.0	0.0	24.301588	93.333305	0.0	0.0	0.0	0.0	0.0	0.0	43.84114	0.0	0.0	64.19097	0.0	323.90567	0.0	0.0	0.0	76.11413	87.37244	0.0	240.73303	0.0	74.35288	0.0	0.0	134.98529	150.36047	0.0	316.9347	0.0	0.0	106.690636	180.58342	0.0	0.0	87.63129	0.0	204.15027	0.0	289.08835	0.0	0.0	0.0	278.21582	0.0	0.0	0.0	0.0	0.0	33.49558	0.0	0.0	144.32896	0.0	0.0	0.0	0.0	0.0	89.52656	0.0	241.99107	0.0	0.0	0.0	45.14098	66.6507	0.0	0.0	0.0	262.96323	15.457795	0.0	0.0	164.5711	35.390896	0.0	0.0	404.90945	145.25049	0.0	0.0	201.37175	0.0	15.651944	0.0	0.0	82.507805	0.0	0.0	0.0	0.0	256.6556	302.8958	0.0	201.59346	35.441837	256.56937	0.0	308.03195	408.33792	35.043777	142.22368	0.0	0.0	0.0	69.11377	221.02028	0.0	0.0	43.898884	154.34038	0.0	0.0	0.0
140.48961	0.0	162.8806	0.0	0.0	6.8535857	0.0	0.0	0.0	293.84338	0.0	361.26205	0.0	0.0	22.560652	87.487816	0.0	0.0	0.0	0.0	0.0	0.0	40.98032	0.0	0.0	59.98872	0.0	304.74326	0.0	0.0	0.0	71.271576	82.09079	0.0	227.2137	0.0	70.43621	0.0	0.0	127.15409	141.36748	0.0	297.65073	0.0	0.0	100.19318	170.30261	0.0	0.0	83.121826	0.0	191.50218	0.0	271.88065	0.0	0.0	0.0	262.63046	0.0	0.0	0.0	0.0	0.0	31.30918	0.0	0.0	136.05428	0.0	0.0	0.0	0.0	0.0	84.25384	0.0	227.9889	0.0	0.0	0.0	41.285595	62.36082	0.0	0.0	0.0	247.11757	14.355423	0.0	0.0	153.917	33.323467	0.0	0.0	380.59872	137.18549	0.0	0.0	189.85542	0.0	14.895068	0.0	0.0	78.129234	0.0	0.0	0.0	0.0	242.041	284.59204	0.0	189.2122	33.38439	240.64502	0.0	290.09473	383.9371	32.125202	133.3466	0.0	0.0	0.0	64.8527	207.89723	0.0	0.0	41.68481	144.77298	0.0	0.0	0.0
129.5806	0.0	147.90472	0.0	0.0	3.9183767	0.0	0.0	0.0	268.19034	0.0	329.4607	0.0	0.0	18.453575	84.395515	0.0	0.0	0.0	0.0	0.0	0.0	36.528828	0.0	0.0	55.80263	0.0	282.10974	0.0	0.0	0.0	64.692375	76.34697	0.0	204.36273	0.0	63.898407	0.0	0.0	115.726616	129.12236	0.0	274.82297	0.0	0.0	91.738625	151.55486	0.0	0.0	78.68238	0.0	174.54395	0.0	248.31984	0.0	0.0	0.0	239.19312	0.0	0.0	0.0	0.0	0.0	29.84007	0.0	0.0	126.75568	0.0	0.0	0.0	0.0	0.0	76.79012	0.0	206.0172	0.0	0.0	0.0	39.73454	56.680355	0.0	0.0	0.0	226.48024	12.842109	0.0	0.0	144.65202	26.5743	0.0	0.0	351.2844	122.69733	0.0	0.0	173.05367	0.0	13.975972	0.0	0.0	68.810005	0.0	0.0	0.0	0.0	215.76323	262.61722	0.0	171.72243	28.981604	224.36804	0.0	265.45233	348.3232	34.98576	123.235756	0.0	0.0	0.0	59.86493	188.48897	0.0	0.0	37.36747	132.31279	0.0	0.0	0.0
156.28621	0.0	187.8985	0.0	0.0	10.789337	0.0	0.0	0.0	340.82254	0.0	415.30173	0.0	0.0	30.634737	92.4179	0.0	0.0	0.0	0.0	0.0	0.0	48.590282	0.0	0.0	68.75381	0.0	343.51535	0.0	0.0	0.0	82.9233	93.077545	0.0	264.31943	0.0	79.17394	0.0	0.0	143.55042	160.96507	0.0	336.65152	0.0	0.0	117.11666	202.89888	0.0	0.0	88.11466	0.0	223.35796	0.0	313.09778	0.0	0.0	0.0	301.18082	0.0	0.0	0.0	0.0	0.0	35.686497	0.0	0.0	149.19832	0.0	0.0	0.0	0.0	0.0	99.602684	0.0	265.00925	0.0	0.0	0.0	47.953625	71.13309	0.0	0.0	0.0	281.6061	17.612257	0.0	0.0	172.25446	45.06518	0.0	0.0	431.7479	162.32497	0.0	0.0	217.84148	0.0	15.193027	0.0	0.0	94.32766	0.0	0.0	0.0	0.0	286.53616	323.65695	0.0	220.28682	40.600998	269.63577	0.0	332.04233	443.87082	27.1848	151.36626	0.0	0.0	0.0	74.04172	241.32353	0.0	0.0	49.830082	168.39992	0.0	0.0	0.0
120.97097	0.0	134.59087	0.0	0.0	2.4661374	0.0	0.0	0.0	243.46907	0.0	301.53903	0.0	0.0	14.479037	80.70477	0.0	0.0	0.0	0.0	0.0	0.0	32.292706	0.0	0.0	50.767365	0.0	260.92087	0.0	0.0	0.0	58.309574	70.4573	0.0	185.59009	0.0	59.345676	0.0	0.0	106.28089	118.414986	0.0	252.72719	0.0	0.0	82.95214	135.73419	0.0	0.0	75.45463	0.0	157.41032	0.0	226.7719	0.0	0.0	0.0	220.15437	0.0	0.0	0.0	0.0	0.0	27.84622	0.0	0.0	119.27145	0.0	0.0	0.0	0.0	0.0	69.97332	0.0	186.93726	0.0	0.0	0.0	35.384674	51.74043	0.0	0.0	0.0	208.16325	10.937732	0.0	0.0	134.04288	20.954752	0.0	0.0	323.3234	110.74168	0.0	0.0	158.2785	0.0	13.533162	0.0	0.0	61.102146	0.0	0.0	0.0	0.0	193.80775	241.78302	0.0	155.35924	25.650442	207.46558	0.0	243.43193	316.60062	35.461544	113.44056	0.0	0.0	0.0	54.645245	170.73827	0.0	0.0	34.115597	120.37085	0.0	0.0	0.0
133.04596	0.0	152.0865	0.0	0.0	4.9383564	0.0	0.0	0.0	276.91165	0.0	338.93655	0.0	0.0	20.069576	85.23969	0.0	0.0	0.0	0.0	0.0	0.0	37.966717	0.0	0.0	57.260117	0.0	288.96268	0.0	0.0	0.0	66.94387	78.56524	0.0	210.95674	0.0	65.731575	0.0	0.0	118.915504	132.557	0.0	281.4281	0.0	0.0	94.35867	157.38374	0.0	0.0	79.889	0.0	180.07979	0.0	255.94945	0.0	0.0	0.0	246.65137	0.0	0.0	0.0	0.0	0.0	30.518198	0.0	0.0	129.31694	0.0	0.0	0.0	0.0	0.0	79.54807	0.0	212.8614	0.0	0.0	0.0	40.535923	58.81596	0.0	0.0	0.0	233.18677	13.481359	0.0	0.0	148.16943	28.458023	0.0	0.0	360.67245	127.345604	0.0	0.0	177.72108	0.0	14.3874445	0.0	0.0	71.659935	0.0	0.0	0.0	0.0	224.37769	269.85037	0.0	177.59167	30.418173	229.80194	0.0	273.0142	359.31375	34.21603	126.64313	0.0	0.0	0.0	61.200985	194.35571	0.0	0.0	38.987747	136.75761	0.0	0.0	0.0
133.57668	0.0	151.5705	0.0	0.0	5.348259	0.0	0.0	0.0	276.35916	0.0	338.91653	0.0	0.0	19.780588	85.138115	0.0	0.0	0.0	0.0	0.0	0.0	37.62945	0.0	0.0	56.873703	0.0	288.72473	0.0	0.0	0.0	66.36335	78.53498	0.0	211.47136	0.0	66.22815	0.0	0.0	118.7275	132.14276	0.0	280.46335	0.0	0.0	94.11883	157.8434	0.0	0.0	80.19515	0.0	179.15623	0.0	255.52705	0.0	0.0	0.0	247.44191	0.0	0.0	0.0	0.0	0.0	30.534563	0.0	0.0	129.35179	0.0	0.0	0.0	0.0	0.0	79.94581	0.0	213.34752	0.0	0.0	0.0	39.07074	58.508526	0.0	0.0	0.0	232.8318	13.193585	0.0	0.0	147.3766	28.268518	0.0	0.0	359.55896	128.00447	0.0	0.0	177.77794	0.0	14.355076	0.0	0.0	71.88749	0.0	0.0	0.0	0.0	224.98956	269.45157	0.0	177.15724	30.900774	228.68407	0.0	272.84702	358.65707	33.204117	126.510216	0.0	0.0	0.0	60.526886	193.82129	0.0	0.0	40.13966	136.6153	0.0	0.0	0.0
171.81197	0.0	204.47636	0.0	0.0	13.434246	0.0	0.0	0.0	369.81674	0.0	452.40796	0.0	0.0	33.380047	98.84076	0.0	0.0	0.0	0.0	0.0	0.0	52.86166	0.0	0.0	73.20925	0.0	372.30933	0.0	0.0	0.0	89.74639	100.31892	0.0	289.95126	0.0	87.16949	0.0	0.0	157.18126	175.15913	0.0	363.9399	0.0	0.0	126.278114	222.62671	0.0	0.0	96.29602	0.0	241.54944	0.038558114	340.0873	0.0	0.0	0.0	329.9275	0.0	0.0	0.0	0.0	0.0	37.557404	0.0	0.0	162.4305	0.0	0.0	0.0	0.0	0.0	107.89053	0.0	289.50925	0.0	0.0	0.0	48.029385	77.46006	0.0	0.0	0.0	306.31906	18.932587	0.0	0.0	184.55656	49.960102	0.0	0.0	467.37195	178.17018	0.0	0.0	237.35101	0.0	16.850088	0.0	0.0	103.644005	0.0	0.0	0.0	0.0	314.83884	350.4127	0.0	239.53468	45.212677	290.29346	0.0	361.11362	483.48807	26.287031	163.701	0.0	0.0	0.0	79.53042	262.31375	0.0	0.0	55.213787	182.7248	0.0	0.0	0.0
146.63054	0.0	170.84778	0.0	0.0	8.613862	0.0	0.0	0.0	310.48145	0.0	380.3727	0.0	0.0	25.482584	88.13159	0.0	0.0	0.0	0.0	0.0	0.0	43.101437	0.0	0.0	62.27382	0.0	317.369	0.0	0.0	0.0	74.442055	86.28705	0.0	240.86913	0.0	73.66013	0.0	0.0	132.03249	146.84755	0.0	309.11807	0.0	0.0	106.16059	182.87099	0.0	0.0	85.171974	0.0	202.09045	0.0	286.1769	0.0	0.0	0.0	277.37222	0.0	0.0	0.0	0.0	0.0	32.830433	0.0	0.0	139.55742	0.0	0.0	0.0	0.0	0.0	90.68164	0.0	241.3952	0.0	0.0	0.0	41.867844	64.97192	0.0	0.0	0.0	258.5413	15.288329	0.0	0.0	159.29024	37.55756	0.0	0.0	397.23325	147.64217	0.0	0.0	199.15778	0.0	15.201383	0.0	0.0	84.741295	0.0	0.0	0.0	0.0	259.55307	297.94498	0.0	199.55534	36.61383	249.20576	0.0	304.7093	403.80298	28.086943	138.75163	0.0	0.0	0.0	67.269844	218.97713	0.0	0.0	45.878662	153.28595	0.0	0.0	0.0
123.539825	0.0	138.39235	0.0	0.0	2.7733202	0.0	0.0	0.0	250.60176	0.0	309.4202	0.0	0.0	15.635892	82.075386	0.0	0.0	0.0	0.0	0.0	0.0	33.570885	0.0	0.0	52.358852	0.0	267.3074	0.0	0.0	0.0	60.372253	72.17597	0.0	190.64516	0.0	60.540096	0.0	0.0	109.199196	121.73956	0.0	259.5339	0.0	0.0	85.30547	139.8962	0.0	0.0	76.49926	0.0	162.51085	0.0	233.13416	0.0	0.0	0.0	225.48047	0.0	0.0	0.0	0.0	0.0	28.495405	0.0	0.0	121.783104	0.0	0.0	0.0	0.0	0.0	71.71338	0.0	192.26588	0.0	0.0	0.0	36.981876	53.370148	0.0	0.0	0.0	213.73071	11.590793	0.0	0.0	137.36565	22.278557	0.0	0.0	331.8245	113.71472	0.0	0.0	162.50372	0.0	13.743949	0.0	0.0	63.139893	0.0	0.0	0.0	0.0	199.66876	247.98625	0.0	160.13521	26.456528	212.80605	0.0	249.89711	325.97018	35.90437	116.52899	0.0	0.0	0.0	56.19257	175.90388	0.0	0.0	34.69067	123.63202	0.0	0.0	0.0
155.38489	0.0	184.89758	0.0	0.0	9.480908	0.0	0.0	0.0	335.83313	0.0	408.8439	0.0	0.0	28.731302	93.90646	0.0	0.0	0.0	0.0	0.0	0.0	47.77714	0.0	0.0	68.24667	0.0	340.50446	0.0	0.0	0.0	81.71354	92.52158	0.0	258.8627	0.0	78.25251	0.0	0.0	142.07019	158.75629	0.0	333.9448	0.0	0.0	115.120155	197.1407	0.0	0.0	88.85497	0.0	219.86713	0.0	308.10898	0.0	0.0	0.0	295.89102	0.0	0.0	0.0	0.0	0.0	35.108505	0.0	0.0	148.67421	0.0	0.0	0.0	0.0	0.0	96.98655	0.0	260.1489	0.0	0.0	0.0	47.914722	70.56768	0.0	0.0	0.0	278.1876	17.20553	0.0	0.0	172.38957	42.276615	0.0	0.0	427.61435	158.06134	0.0	0.0	214.35515	0.0	15.610291	0.0	0.0	91.13827	0.0	0.0	0.0	0.0	279.52783	320.2598	0.0	216.54866	39.435974	268.87955	0.0	327.2985	436.65335	30.696394	150.07149	0.0	0.0	0.0	73.405914	237.0825	0.0	0.0	48.350174	165.86005	0.0	0.0	0.0
129.90068	0.0	148.54681	0.0	0.0	4.1430798	0.0	0.0	0.0	270.34518	0.0	330.63736	0.0	0.0	19.3561	84.65089	0.0	0.0	0.0	0.0	0.0	0.0	37.070347	0.0	0.0	56.324795	0.0	283.11502	0.0	0.0	0.0	65.40594	76.89737	0.0	204.95833	0.0	64.02765	0.0	0.0	116.194756	129.8083	0.0	276.1959	0.0	0.0	92.17477	152.44093	0.0	0.0	78.31045	0.0	175.93707	0.0	249.88275	0.0	0.0	0.0	239.92473	0.0	0.0	0.0	0.0	0.0	30.283636	0.0	0.0	126.9126	0.0	0.0	0.0	0.0	0.0	77.54031	0.0	207.21577	0.0	0.0	0.0	40.746487	57.36189	0.0	0.0	0.0	228.10968	12.992419	0.0	0.0	145.96632	26.828455	0.0	0.0	353.0413	123.243935	0.0	0.0	173.42656	0.0	13.98737	0.0	0.0	68.75229	0.0	0.0	0.0	0.0	217.2467	264.23032	0.0	173.07056	29.287386	225.74483	0.0	266.4671	350.71005	35.534626	124.145546	0.0	0.0	0.0	60.070812	189.6742	0.0	0.0	37.478542	133.38596	0.0	0.0	0.0
127.129555	0.0	143.74281	0.0	0.0	3.5471077	0.0	0.0	0.0	260.16956	0.0	320.6461	0.0	0.0	17.121733	83.54251	0.0	0.0	0.0	0.0	0.0	0.0	35.310505	0.0	0.0	54.24579	0.0	275.6111	0.0	0.0	0.0	62.88341	74.41776	0.0	198.41785	0.0	62.666656	0.0	0.0	113.151794	126.097786	0.0	268.2691	0.0	0.0	88.62345	146.21747	0.0	0.0	77.898674	0.0	168.99867	0.0	241.62068	0.0	0.0	0.0	233.19794	0.0	0.0	0.0	0.0	0.0	29.065247	0.0	0.0	124.96206	0.0	0.0	0.0	0.0	0.0	74.245514	0.0	200.02753	0.0	0.0	0.0	38.321365	55.516994	0.0	0.0	0.0	221.11583	12.24334	0.0	0.0	141.50539	24.680712	0.0	0.0	342.78983	118.561035	0.0	0.0	168.45692	0.0	14.072955	0.0	0.0	66.14866	0.0	0.0	0.0	0.0	208.61646	256.13528	0.0	166.55162	27.863281	219.39288	0.0	258.6388	338.74338	35.655285	120.30758	0.0	0.0	0.0	58.22819	182.95113	0.0	0.0	36.041916	128.36499	0.0	0.0	0.0
138.83963	0.0	161.11278	0.0	0.0	6.0373597	0.0	0.0	0.0	292.0846	0.0	357.5504	0.0	0.0	22.387825	87.58813	0.0	0.0	0.0	0.0	0.0	0.0	40.48413	0.0	0.0	59.932377	0.0	302.66342	0.0	0.0	0.0	70.65275	81.91765	0.0	223.83388	0.0	69.090614	0.0	0.0	125.291115	139.85834	0.0	295.58105	0.0	0.0	99.87473	167.87938	0.0	0.0	82.3829	0.0	190.53221	0.0	269.58298	0.0	0.0	0.0	259.40076	0.0	0.0	0.0	0.0	0.0	31.669744	0.0	0.0	134.51842	0.0	0.0	0.0	0.0	0.0	83.78756	0.0	225.23372	0.0	0.0	0.0	42.39142	61.610447	0.0	0.0	0.0	244.9611	14.439223	0.0	0.0	154.10417	32.357914	0.0	0.0	378.15433	135.32635	0.0	0.0	187.64685	0.0	14.521886	0.0	0.0	76.65388	0.0	0.0	0.0	0.0	238.57396	282.9817	0.0	187.58154	32.724125	239.92598	0.0	287.30704	379.77258	33.32114	132.55229	0.0	0.0	0.0	64.54538	205.75792	0.0	0.0	41.05279	144.06447	0.0	0.0	0.0
157.47511	0.0	185.66814	0.0	0.0	9.178684	0.0	0.0	0.0	336.94644	0.0	410.58542	0.0	0.0	27.994415	96.722534	0.0	0.0	0.0	0.0	0.0	0.0	48.176678	0.0	0.0	69.31739	0.0	343.95145	0.0	0.0	0.0	82.43023	93.40914	0.0	259.19052	0.0	79.04025	0.0	0.0	143.57083	160.24236	0.0	337.34116	0.0	0.0	115.13999	196.61092	0.0	0.0	90.47418	0.0	220.2877	0.0	309.8242	0.0	0.0	0.0	297.4314	0.0	0.0	0.0	0.0	0.0	35.526096	0.0	0.0	151.48724	0.0	0.0	0.0	0.0	0.0	96.97158	0.0	261.18936	0.0	0.0	0.0	48.418427	71.45481	0.0	0.0	0.0	280.93536	17.024933	0.0	0.0	174.9012	40.810658	0.0	0.0	431.45007	157.44128	0.0	0.0	215.45471	0.0	16.353262	0.0	0.0	90.37586	0.0	0.0	0.0	0.0	279.29	322.87576	0.0	217.67395	38.968964	272.21613	0.0	329.1835	439.0098	33.869915	151.91359	0.0	0.0	0.0	73.70871	238.01117	0.0	0.0	48.253376	166.4264	0.0	0.0	0.0
130.01308	0.0	149.65096	0.0	0.0	4.2893906	0.0	0.0	0.0	271.64163	0.0	333.0084	0.0	0.0	19.270653	84.01301	0.0	0.0	0.0	0.0	0.0	0.0	37.290737	0.0	0.0	56.50658	0.0	284.05643	0.0	0.0	0.0	65.43985	77.170525	0.0	206.97546	0.0	64.3827	0.0	0.0	116.35467	130.1667	0.0	276.9305	0.0	0.0	93.18915	154.19037	0.0	0.0	78.43721	0.0	176.98376	0.0	250.85693	0.0	0.0	0.0	241.48216	0.0	0.0	0.0	0.0	0.0	30.175598	0.0	0.0	126.83502	0.0	0.0	0.0	0.0	0.0	78.21915	0.0	208.75505	0.0	0.0	0.0	40.388325	57.0693	0.0	0.0	0.0	228.44086	13.106	0.0	0.0	145.75179	27.895132	0.0	0.0	354.24625	124.736855	0.0	0.0	174.78178	0.0	13.870967	0.0	0.0	70.287254	0.0	0.0	0.0	0.0	219.38661	264.90463	0.0	173.9079	29.571463	225.8261	0.0	267.83762	352.22705	34.236034	124.34559	0.0	0.0	0.0	60.55072	191.01782	0.0	0.0	38.13162	134.04054	0.0	0.0	0.0
165.38649	0.0	196.2569	0.0	0.0	11.299575	0.0	0.0	0.0	354.76364	0.0	433.74524	0.0	0.0	30.949839	98.00721	0.0	0.0	0.0	0.0	0.0	0.0	50.504456	0.0	0.0	71.14654	0.0	359.77908	0.0	0.0	0.0	86.37649	96.90786	0.0	276.186	0.0	83.72225	0.0	0.0	151.41972	168.73265	0.0	352.34506	0.0	0.0	121.08613	210.61101	0.0	0.0	94.19698	0.0	232.01929	0.0	326.6712	0.0	0.0	0.0	315.3053	0.0	0.0	0.0	0.0	0.0	36.563587	0.0	0.0	157.90562	0.0	0.0	0.0	0.0	0.0	102.50533	0.0	276.47244	0.0	0.0	0.0	48.38228	74.91892	0.0	0.0	0.0	294.88916	18.196106	0.0	0.0	179.92139	45.81103	0.0	0.0	451.38754	168.76566	0.0	0.0	227.73389	0.0	16.59307	0.0	0.0	97.54291	0.0	0.0	0.0	0.0	298.24734	338.09927	0.0	229.5601	42.273952	282.45337	0.0	347.04556	463.6023	29.731237	158.09949	0.0	0.0	0.0	77.08847	251.42314	0.0	0.0	51.49123	175.09123	0.0	0.0	0.0
123.042336	0.0	138.92326	0.0	0.0	2.8019965	0.0	0.0	0.0	251.2422	0.0	310.04202	0.0	0.0	16.087894	81.53909	0.0	0.0	0.0	0.0	0.0	0.0	33.879215	0.0	0.0	52.608845	0.0	267.09573	0.0	0.0	0.0	60.52576	72.21472	0.0	191.36263	0.0	60.449665	0.0	0.0	109.15429	121.77427	0.0	259.8292	0.0	0.0	85.82169	140.66273	0.0	0.0	76.01599	0.0	163.18321	0.0	233.41919	0.0	0.0	0.0	225.37483	0.0	0.0	0.0	0.0	0.0	28.414793	0.0	0.0	121.232124	0.0	0.0	0.0	0.0	0.0	71.81985	0.0	192.86285	0.0	0.0	0.0	37.39696	53.225338	0.0	0.0	0.0	213.72815	11.730904	0.0	0.0	137.37462	23.107855	0.0	0.0	331.99033	114.23586	0.0	0.0	162.9682	0.0	13.54551	0.0	0.0	63.685623	0.0	0.0	0.0	0.0	200.61809	247.96544	0.0	160.60292	26.598572	212.80273	0.0	250.14142	326.73758	35.423107	116.43756	0.0	0.0	0.0	56.462463	176.6319	0.0	0.0	34.591827	123.90281	0.0	0.0	0.0
119.121315	0.0	132.62932	0.0	0.0	2.0278769	0.0	0.0	0.0	239.68678	0.0	296.8217	0.0	0.0	14.100911	80.21812	0.0	0.0	0.0	0.0	0.0	0.0	31.729156	0.0	0.0	50.209473	0.0	257.73715	0.0	0.0	0.0	57.547153	69.40838	0.0	182.24495	0.0	58.30244	0.0	0.0	105.019005	117.068245	0.0	249.98792	0.0	0.0	81.725624	132.98737	0.0	0.0	74.64591	0.0	155.15312	0.0	223.39607	0.0	0.0	0.0	216.43005	0.0	0.0	0.0	0.0	0.0	27.558044	0.0	0.0	118.04621	0.0	0.0	0.0	0.0	0.0	68.5048	0.0	183.78743	0.0	0.0	0.0	35.585987	50.91643	0.0	0.0	0.0	205.21907	10.765648	0.0	0.0	132.43852	20.19538	0.0	0.0	319.1509	108.33546	0.0	0.0	156.14612	0.0	13.309692	0.0	0.0	59.737865	0.0	0.0	0.0	0.0	189.75499	238.51802	0.0	153.01521	24.940516	205.18678	0.0	239.91783	311.91318	36.198967	112.02065	0.0	0.0	0.0	54.050404	168.1106	0.0	0.0	33.070892	118.2352	0.0	0.0	0.0
131.41014	0.0	153.48755	0.0	0.0	4.873652	0.0	0.0	0.0	275.95337	0.0	337.92838	0.0	0.0	18.736486	87.15931	0.0	0.0	0.0	0.0	0.0	0.0	39.32056	0.0	0.0	59.900623	0.0	288.93237	0.0	0.0	0.0	68.12159	78.90473	0.0	209.03233	0.0	65.22921	0.0	0.0	117.9183	133.90504	0.0	283.65927	0.0	0.0	94.87156	155.66309	0.0	0.0	78.75473	0.0	180.03304	0.0	255.04883	0.0	0.0	0.0	243.48576	0.0	0.0	0.0	0.0	0.0	30.692953	0.0	0.0	130.54979	0.0	0.0	0.0	0.0	0.0	79.70353	0.0	212.22113	0.0	0.0	0.0	43.74611	59.237366	0.0	0.0	0.0	233.87451	13.427537	0.0	0.0	151.09698	27.959612	0.0	0.0	362.50195	124.698875	0.0	0.0	177.34863	0.0	14.373173	0.0	0.0	70.85178	0.0	0.0	0.0	0.0	221.45204	269.41223	0.0	177.89514	28.556623	231.77132	0.0	272.06827	359.4103	37.923573	128.80232	0.0	0.0	0.0	62.604977	194.99205	0.0	0.0	37.820232	136.58809	0.0	0.0	0.0
126.4613	0.0	145.34062	0.0	0.0	3.825641	0.0	0.0	0.0	261.97604	0.0	321.82907	0.0	0.0	17.478012	83.8991	0.0	0.0	0.0	0.0	0.0	0.0	36.520157	0.0	0.0	55.731705	0.0	276.4515	0.0	0.0	0.0	64.202	74.98349	0.0	198.89738	0.0	62.46016	0.0	0.0	113.50721	127.216606	0.0	270.41016	0.0	0.0	89.71155	147.01743	0.0	0.0	76.924324	0.0	170.62431	0.0	242.81801	0.0	0.0	0.0	232.8886	0.0	0.0	0.0	0.0	0.0	29.23719	0.0	0.0	125.276276	0.0	0.0	0.0	0.0	0.0	74.768684	0.0	201.09149	0.0	0.0	0.0	40.492172	56.243793	0.0	0.0	0.0	222.67973	12.560596	0.0	0.0	143.24947	25.458664	0.0	0.0	345.17322	118.4422	0.0	0.0	169.08661	0.0	13.996949	0.0	0.0	66.73077	0.0	0.0	0.0	0.0	209.53957	257.20273	0.0	168.29018	27.352404	221.09007	0.0	259.6318	341.2528	36.64236	121.66482	0.0	0.0	0.0	59.22403	184.74586	0.0	0.0	35.533092	129.30798	0.0	0.0	0.0
128.3503	0.0	149.33504	0.0	0.0	4.2588086	0.0	0.0	0.0	267.9309	0.0	328.83594	0.0	0.0	17.358139	85.7355	0.0	0.0	0.0	0.0	0.0	0.0	37.985397	0.0	0.0	58.098408	0.0	282.01514	0.0	0.0	0.0	66.16097	76.83912	0.0	202.68571	0.0	63.60495	0.0	0.0	114.731834	130.53178	0.0	276.393	0.0	0.0	92.165	150.42299	0.0	0.0	77.70246	0.0	174.81865	0.0	247.9878	0.0	0.0	0.0	237.0331	0.0	0.0	0.0	0.0	0.0	30.07598	0.0	0.0	127.85323	0.0	0.0	0.0	0.0	0.0	77.23459	0.0	205.73004	0.0	0.0	0.0	42.554317	57.501575	0.0	0.0	0.0	227.69067	13.143996	0.0	0.0	147.30614	26.24112	0.0	0.0	353.21072	120.7973	0.0	0.0	172.52519	0.0	14.066196	0.0	0.0	68.40946	0.0	0.0	0.0	0.0	214.02913	262.5032	0.0	172.61174	27.318674	226.08424	0.0	264.85712	348.85776	37.8383	125.330864	0.0	0.0	0.0	61.141186	189.2393	0.0	0.0	36.46109	132.67601	0.0	0.0	0.0
131.48997	0.0	154.11528	0.0	0.0	5.1707187	0.0	0.0	0.0	276.66586	0.0	338.24783	0.0	0.0	18.827364	87.252266	0.0	0.0	0.0	0.0	0.0	0.0	39.74896	0.0	0.0	60.310867	0.0	288.99167	0.0	0.0	0.0	68.63607	78.8036	0.0	209.05882	0.0	65.44425	0.0	0.0	118.00106	134.67725	0.0	284.16907	0.0	0.0	94.99941	155.95317	0.0	0.0	78.58388	0.0	180.59052	0.0	255.42896	0.0	0.0	0.0	243.45032	0.0	0.0	0.0	0.0	0.0	30.646011	0.0	0.0	130.90302	0.0	0.0	0.0	0.0	0.0	79.8684	0.0	212.61797	0.0	0.0	0.0	44.31555	59.638927	0.0	0.0	0.0	234.69159	13.778378	0.0	0.0	151.64305	28.110445	0.0	0.0	363.21317	124.75332	0.0	0.0	177.50923	0.0	14.362054	0.0	0.0	70.96383	0.0	0.0	0.0	0.0	221.87146	269.65817	0.0	178.74184	28.319803	232.29744	0.0	272.2312	360.2826	38.230103	129.50233	0.0	0.0	0.0	62.841644	195.58891	0.0	0.0	37.577595	137.14912	0.0	0.0	0.0
140.5956	0.0	169.49771	0.0	0.0	7.9364567	0.0	0.0	0.0	302.09586	0.0	367.57394	0.0	0.0	21.706305	91.93564	0.0	0.0	0.0	0.0	0.0	0.0	44.6113	0.0	0.0	68.073586	0.0	310.69833	0.0	0.0	0.0	75.524635	85.29865	0.0	228.5406	0.0	71.213165	0.0	0.0	126.70514	147.70789	0.0	308.07346	0.0	0.0	104.411804	172.52483	0.0	0.0	81.495415	0.0	197.52574	0.0	277.87393	0.0	0.0	0.0	262.21475	0.0	0.0	0.0	0.0	0.0	32.926697	0.0	0.0	140.35059	0.0	0.0	0.0	0.0	0.0	89.17593	0.0	233.3136	0.0	0.0	0.0	49.97195	64.710815	0.0	0.0	0.0	255.3092	15.42231	0.0	0.0	164.8193	32.952465	0.0	0.0	394.5438	136.43494	0.0	0.0	192.87975	0.0	15.145337	0.0	0.0	79.054855	0.0	0.0	0.0	0.0	244.35645	291.20297	0.0	196.10698	30.507975	250.99147	0.0	294.59024	393.87387	39.763447	142.72609	0.0	0.0	0.0	68.92875	214.78523	0.0	0.0	40.391376	149.82997	0.0	0.0	0.0
129.70297	0.0	151.21684	0.0	0.0	4.6125426	0.0	0.0	0.0	271.66272	0.0	333.1054	0.0	0.0	18.410746	86.13776	0.0	0.0	0.0	0.0	0.0	0.0	38.687157	0.0	0.0	58.706417	0.0	285.11954	0.0	0.0	0.0	67.08369	77.74569	0.0	205.8665	0.0	64.363365	0.0	0.0	116.53754	131.95845	0.0	279.57162	0.0	0.0	93.367615	153.13536	0.0	0.0	77.987404	0.0	177.3174	0.0	251.35223	0.0	0.0	0.0	240.28615	0.0	0.0	0.0	0.0	0.0	30.342543	0.0	0.0	128.9037	0.0	0.0	0.0	0.0	0.0	78.177925	0.0	208.76683	0.0	0.0	0.0	42.94601	58.493496	0.0	0.0	0.0	230.55885	13.340909	0.0	0.0	148.61732	27.353155	0.0	0.0	357.25186	122.77122	0.0	0.0	174.82695	0.0	14.231861	0.0	0.0	69.66032	0.0	0.0	0.0	0.0	217.86095	265.64554	0.0	175.1331	28.037302	228.48772	0.0	268.29733	353.9761	37.542133	126.69253	0.0	0.0	0.0	61.66509	192.1027	0.0	0.0	37.01259	134.47444	0.0	0.0	0.0
128.92473	0.0	148.97038	0.0	0.0	3.909661	0.0	0.0	0.0	268.31653	0.0	329.13632	0.0	0.0	17.609434	86.462585	0.0	0.0	0.0	0.0	0.0	0.0	37.881588	0.0	0.0	58.02197	0.0	282.87827	0.0	0.0	0.0	66.07949	77.15319	0.0	202.82826	0.0	63.71599	0.0	0.0	115.39013	130.24792	0.0	277.12704	0.0	0.0	92.060646	150.28557	0.0	0.0	78.08771	0.0	174.80122	0.0	248.42632	0.0	0.0	0.0	237.61739	0.0	0.0	0.0	0.0	0.0	30.176575	0.0	0.0	128.28891	0.0	0.0	0.0	0.0	0.0	77.11099	0.0	205.97742	0.0	0.0	0.0	42.479843	57.759068	0.0	0.0	0.0	228.1046	12.98289	0.0	0.0	147.7748	26.009912	0.0	0.0	353.86703	120.787926	0.0	0.0	172.84087	0.0	14.226921	0.0	0.0	68.21909	0.0	0.0	0.0	0.0	214.12083	263.31485	0.0	172.61269	27.61743	226.8462	0.0	265.32016	349.23755	38.528606	125.44198	0.0	0.0	0.0	60.871426	189.28699	0.0	0.0	36.779873	132.7263	0.0	0.0	0.0
128.53639	0.0	148.8366	0.0	0.0	4.274547	0.0	0.0	0.0	268.10556	0.0	328.5616	0.0	0.0	18.11768	85.67069	0.0	0.0	0.0	0.0	0.0	0.0	37.986477	0.0	0.0	57.682392	0.0	282.04987	0.0	0.0	0.0	66.13671	76.8092	0.0	202.70561	0.0	63.714954	0.0	0.0	115.385704	130.19772	0.0	276.28726	0.0	0.0	91.8926	150.39001	0.0	0.0	77.57845	0.0	174.84175	0.0	248.17946	0.0	0.0	0.0	237.30872	0.0	0.0	0.0	0.0	0.0	30.01381	0.0	0.0	127.67832	0.0	0.0	0.0	0.0	0.0	76.83152	0.0	205.68683	0.0	0.0	0.0	42.265015	57.89356	0.0	0.0	0.0	227.71391	13.123123	0.0	0.0	146.96593	26.442383	0.0	0.0	352.94748	120.81074	0.0	0.0	172.43	0.0	14.136581	0.0	0.0	68.20405	0.0	0.0	0.0	0.0	214.33429	262.5458	0.0	172.57202	27.815954	226.09625	0.0	264.78375	349.1539	37.914944	125.10667	0.0	0.0	0.0	60.71225	189.30385	0.0	0.0	36.577583	132.70256	0.0	0.0	0.0
129.75284	0.0	151.11812	0.0	0.0	4.619072	0.0	0.0	0.0	271.99326	0.0	332.99817	0.0	0.0	18.172071	86.59412	0.0	0.0	0.0	0.0	0.0	0.0	38.657364	0.0	0.0	59.232334	0.0	285.3748	0.0	0.0	0.0	67.26469	77.964775	0.0	205.51247	0.0	64.31877	0.0	0.0	116.376595	131.9652	0.0	280.09433	0.0	0.0	93.41626	152.85785	0.0	0.0	77.89077	0.0	177.2332	0.0	251.37471	0.0	0.0	0.0	239.89827	0.0	0.0	0.0	0.0	0.0	30.43081	0.0	0.0	129.10625	0.0	0.0	0.0	0.0	0.0	78.37618	0.0	208.93953	0.0	0.0	0.0	43.383465	58.434063	0.0	0.0	0.0	230.66136	13.260728	0.0	0.0	149.47945	27.037611	0.0	0.0	357.7594	122.50448	0.0	0.0	174.88103	0.0	14.079122	0.0	0.0	69.511665	0.0	0.0	0.0	0.0	217.5216	265.86642	0.0	175.2112	28.101843	229.16737	0.0	268.19077	354.0194	38.190975	127.326256	0.0	0.0	0.0	61.68051	191.99731	0.0	0.0	37.25896	134.62633	0.0	0.0	0.0
132.92345	0.0	157.20355	0.0	0.0	5.705021	0.0	0.0	0.0	281.41898	0.0	343.70572	0.0	0.0	19.083694	87.83457	0.0	0.0	0.0	0.0	0.0	0.0	40.520386	0.0	0.0	61.95799	0.0	292.70956	0.0	0.0	0.0	69.79517	80.12927	0.0	212.4186	0.0	66.46227	0.0	0.0	119.163216	137.16766	0.0	288.45462	0.0	0.0	96.96035	158.9856	0.0	0.0	79.16944	0.0	183.7064	0.0	259.41162	0.0	0.0	0.0	246.51958	0.0	0.0	0.0	0.0	0.0	31.12694	0.0	0.0	132.51392	0.0	0.0	0.0	0.0	0.0	81.83396	0.0	216.44942	0.0	0.0	0.0	45.654232	60.1675	0.0	0.0	0.0	238.25209	14.002644	0.0	0.0	154.09737	28.69867	0.0	0.0	368.9999	126.984375	0.0	0.0	180.24187	0.0	14.295174	0.0	0.0	72.6692	0.0	0.0	0.0	0.0	225.6366	273.40588	0.0	181.87746	28.483728	235.57661	0.0	276.07898	365.96277	38.293903	132.12804	0.0	0.0	0.0	64.157326	199.08154	0.0	0.0	37.902634	139.28703	0.0	0.0	0.0
129.60388	0.0	150.96684	0.0	0.0	4.484241	0.0	0.0	0.0	271.51276	0.0	332.43185	0.0	0.0	18.036911	86.25962	0.0	0.0	0.0	0.0	0.0	0.0	38.459217	0.0	0.0	58.67053	0.0	284.7915	0.0	0.0	0.0	66.97516	77.50682	0.0	205.18477	0.0	64.26598	0.0	0.0	116.20481	131.97044	0.0	279.31775	0.0	0.0	93.33197	152.63239	0.0	0.0	78.09391	0.0	177.11238	0.0	250.91032	0.0	0.0	0.0	239.74861	0.0	0.0	0.0	0.0	0.0	30.31726	0.0	0.0	128.87822	0.0	0.0	0.0	0.0	0.0	78.203255	0.0	208.32414	0.0	0.0	0.0	43.09007	58.233616	0.0	0.0	0.0	230.28893	13.41954	0.0	0.0	148.77234	26.88502	0.0	0.0	356.8315	122.44303	0.0	0.0	174.56616	0.0	14.026447	0.0	0.0	69.36205	0.0	0.0	0.0	0.0	217.0116	265.39413	0.0	175.05193	27.866692	228.37598	0.0	267.74368	353.06116	37.62899	126.79571	0.0	0.0	0.0	61.69487	191.53337	0.0	0.0	37.038708	134.43993	0.0	0.0	0.0
126.653015	0.0	145.89789	0.0	0.0	3.641001	0.0	0.0	0.0	262.6366	0.0	322.6019	0.0	0.0	17.25318	84.69419	0.0	0.0	0.0	0.0	0.0	0.0	36.868206	0.0	0.0	56.445644	0.0	277.45078	0.0	0.0	0.0	64.40347	75.58376	0.0	199.01802	0.0	62.518192	0.0	0.0	113.31799	127.68768	0.0	271.3728	0.0	0.0	90.02865	147.13625	0.0	0.0	77.17744	0.0	171.06136	0.0	243.36449	0.0	0.0	0.0	233.30782	0.0	0.0	0.0	0.0	0.0	29.52773	0.0	0.0	125.83606	0.0	0.0	0.0	0.0	0.0	75.313515	0.0	201.49419	0.0	0.0	0.0	41.08125	56.350388	0.0	0.0	0.0	223.4803	12.710945	0.0	0.0	144.30452	25.199387	0.0	0.0	346.68954	118.495705	0.0	0.0	169.42104	0.0	14.058293	0.0	0.0	66.78452	0.0	0.0	0.0	0.0	209.71461	258.12234	0.0	168.88707	27.015116	222.2231	0.0	260.18082	341.9335	37.617558	122.51014	0.0	0.0	0.0	59.556904	185.35486	0.0	0.0	35.788662	129.76399	0.0	0.0	0.0
126.34962	0.0	145.33557	0.0	0.0	3.5804873	0.0	0.0	0.0	261.94177	0.0	321.31955	0.0	0.0	17.060274	84.657234	0.0	0.0	0.0	0.0	0.0	0.0	36.698914	0.0	0.0	56.259846	0.0	276.75668	0.0	0.0	0.0	64.440704	75.28214	0.0	197.84576	0.0	62.32739	0.0	0.0	113.154594	127.33545	0.0	270.78482	0.0	0.0	89.66459	146.06279	0.0	0.0	77.06057	0.0	170.71057	0.0	242.55101	0.0	0.0	0.0	232.23473	0.0	0.0	0.0	0.0	0.0	29.412477	0.0	0.0	125.61227	0.0	0.0	0.0	0.0	0.0	74.784546	0.0	200.58809	0.0	0.0	0.0	41.185215	56.414707	0.0	0.0	0.0	222.8361	12.676995	0.0	0.0	144.18701	24.742706	0.0	0.0	345.82788	117.628876	0.0	0.0	168.69994	0.0	14.015442	0.0	0.0	66.17642	0.0	0.0	0.0	0.0	208.33568	257.41473	0.0	168.20213	26.877777	221.9781	0.0	259.22757	340.82376	38.044212	122.32559	0.0	0.0	0.0	59.505108	184.60524	0.0	0.0	35.395008	129.45332	0.0	0.0	0.0
127.40688	0.0	147.1938	0.0	0.0	3.8986766	0.0	0.0	0.0	265.42276	0.0	325.27933	0.0	0.0	17.565207	85.3951	0.0	0.0	0.0	0.0	0.0	0.0	37.523983	0.0	0.0	57.377186	0.0	279.53824	0.0	0.0	0.0	65.41916	76.32403	0.0	200.51526	0.0	62.975727	0.0	0.0	114.14419	128.66566	0.0	273.86264	0.0	0.0	90.96103	148.51616	0.0	0.0	77.22262	0.0	172.94414	0.0	245.50536	0.0	0.0	0.0	234.84651	0.0	0.0	0.0	0.0	0.0	29.777197	0.0	0.0	126.70017	0.0	0.0	0.0	0.0	0.0	76.083275	0.0	203.55481	0.0	0.0	0.0	41.97705	57.205326	0.0	0.0	0.0	225.45747	12.865031	0.0	0.0	146.079	25.67803	0.0	0.0	349.8038	119.38357	0.0	0.0	170.77533	0.0	14.115697	0.0	0.0	67.41792	0.0	0.0	0.0	0.0	211.737	260.27676	0.0	170.7358	27.429892	224.44203	0.0	262.3134	345.35635	38.078327	124.08976	0.0	0.0	0.0	60.12236	187.133	0.0	0.0	36.234898	131.28247	0.0	0.0	0.0
130.81293	0.0	153.42668	0.0	0.0	5.022801	0.0	0.0	0.0	275.38528	0.0	336.5595	0.0	0.0	18.586195	87.099754	0.0	0.0	0.0	0.0	0.0	0.0	39.55801	0.0	0.0	60.410583	0.0	287.94937	0.0	0.0	0.0	68.38787	78.79966	0.0	207.75775	0.0	65.00649	0.0	0.0	117.36395	134.0084	0.0	283.21164	0.0	0.0	94.62415	154.85988	0.0	0.0	78.21462	0.0	179.83632	0.0	254.32683	0.0	0.0	0.0	241.93163	0.0	0.0	0.0	0.0	0.0	30.67765	0.0	0.0	130.39027	0.0	0.0	0.0	0.0	0.0	79.52109	0.0	211.50224	0.0	0.0	0.0	44.57397	59.31505	0.0	0.0	0.0	233.59013	13.627374	0.0	0.0	151.40747	27.527557	0.0	0.0	361.9183	123.8991	0.0	0.0	176.57515	0.0	14.32032	0.0	0.0	70.53405	0.0	0.0	0.0	0.0	220.26451	268.688	0.0	177.7849	27.990858	231.68343	0.0	270.9755	358.46692	38.566105	129.183	0.0	0.0	0.0	62.673847	194.64885	0.0	0.0	37.173717	136.40395	0.0	0.0	0.0
130.38512	0.0	152.49417	0.0	0.0	4.6575623	0.0	0.0	0.0	274.17953	0.0	335.40103	0.0	0.0	18.639505	86.87788	0.0	0.0	0.0	0.0	0.0	0.0	39.075024	0.0	0.0	59.606598	0.0	287.13843	0.0	0.0	0.0	67.78077	78.57363	0.0	207.00688	0.0	64.67594	0.0	0.0	117.1569	133.06265	0.0	282.05814	0.0	0.0	94.19534	154.11546	0.0	0.0	78.303856	0.0	178.88257	0.0	253.15149	0.0	0.0	0.0	241.44447	0.0	0.0	0.0	0.0	0.0	30.489782	0.0	0.0	129.82094	0.0	0.0	0.0	0.0	0.0	78.85128	0.0	210.39626	0.0	0.0	0.0	44.06809	58.991642	0.0	0.0	0.0	232.36438	13.445855	0.0	0.0	150.5002	27.53553	0.0	0.0	360.38156	123.50111	0.0	0.0	176.04012	0.0	14.109502	0.0	0.0	70.113625	0.0	0.0	0.0	0.0	219.2387	267.81482	0.0	176.72247	28.21457	230.71266	0.0	270.14993	356.76138	38.362957	128.17853	0.0	0.0	0.0	62.281506	193.4947	0.0	0.0	37.077908	135.66136	0.0	0.0	0.0
127.979706	0.0	148.41698	0.0	0.0	4.0598855	0.0	0.0	0.0	266.92664	0.0	327.4473	0.0	0.0	17.661728	85.39224	0.0	0.0	0.0	0.0	0.0	0.0	37.661743	0.0	0.0	57.487274	0.0	281.07913	0.0	0.0	0.0	65.69463	76.54647	0.0	202.01704	0.0	63.316517	0.0	0.0	114.61422	129.63344	0.0	275.17844	0.0	0.0	91.67398	149.82887	0.0	0.0	77.51264	0.0	174.11768	0.0	247.01831	0.0	0.0	0.0	236.4864	0.0	0.0	0.0	0.0	0.0	29.901209	0.0	0.0	127.25167	0.0	0.0	0.0	0.0	0.0	76.75378	0.0	204.80005	0.0	0.0	0.0	42.086136	57.3334	0.0	0.0	0.0	226.68591	13.050739	0.0	0.0	146.45586	26.182146	0.0	0.0	351.60532	120.51638	0.0	0.0	171.91444	0.0	13.99242	0.0	0.0	68.11805	0.0	0.0	0.0	0.0	213.32915	261.6709	0.0	171.78725	27.475044	225.10742	0.0	263.8709	347.36465	37.508392	124.47812	0.0	0.0	0.0	60.674786	188.3418	0.0	0.0	36.45955	132.08698	0.0	0.0	0.0
127.57151	0.0	146.67267	0.0	0.0	3.487714	0.0	0.0	0.0	264.4592	0.0	324.62186	0.0	0.0	17.100243	85.783325	0.0	0.0	0.0	0.0	0.0	0.0	37.080357	0.0	0.0	57.002136	0.0	279.5726	0.0	0.0	0.0	64.960365	76.181854	0.0	199.86931	0.0	62.91319	0.0	0.0	113.93517	128.3879	0.0	273.55612	0.0	0.0	90.7536	147.60664	0.0	0.0	77.78524	0.0	172.24884	0.0	244.95453	0.0	0.0	0.0	234.63982	0.0	0.0	0.0	0.0	0.0	29.798632	0.0	0.0	126.85496	0.0	0.0	0.0	0.0	0.0	75.79535	0.0	202.71477	0.0	0.0	0.0	41.69991	56.882618	0.0	0.0	0.0	224.90025	12.748633	0.0	0.0	145.9229	25.110847	0.0	0.0	349.40933	118.87366	0.0	0.0	170.48744	0.0	14.144774	0.0	0.0	66.93775	0.0	0.0	0.0	0.0	210.5083	259.97656	0.0	169.86176	27.212076	224.3288	0.0	261.87955	344.02164	38.575684	123.62963	0.0	0.0	0.0	59.97295	186.43956	0.0	0.0	36.073708	130.81236	0.0	0.0	0.0
128.4164	0.0	148.96512	0.0	0.0	4.156451	0.0	0.0	0.0	267.78488	0.0	328.35922	0.0	0.0	17.517153	85.94012	0.0	0.0	0.0	0.0	0.0	0.0	38.000965	0.0	0.0	58.093353	0.0	281.87338	0.0	0.0	0.0	66.119514	76.827	0.0	202.30653	0.0	63.504314	0.0	0.0	114.785805	130.15346	0.0	276.27774	0.0	0.0	91.9882	150.0243	0.0	0.0	77.84095	0.0	174.67072	0.0	247.73418	0.0	0.0	0.0	236.92778	0.0	0.0	0.0	0.0	0.0	30.038477	0.0	0.0	127.90234	0.0	0.0	0.0	0.0	0.0	77.1178	0.0	205.41191	0.0	0.0	0.0	42.72055	57.633236	0.0	0.0	0.0	227.56001	13.215545	0.0	0.0	147.38405	26.054161	0.0	0.0	353.12833	120.57816	0.0	0.0	172.3952	0.0	14.151662	0.0	0.0	68.35645	0.0	0.0	0.0	0.0	213.7769	262.41348	0.0	172.48601	27.398542	226.31584	0.0	264.66312	348.41504	38.183414	125.29182	0.0	0.0	0.0	60.898243	189.13257	0.0	0.0	36.391865	132.57765	0.0	0.0	0.0
130.99	0.0	154.12477	0.0	0.0	5.262685	0.0	0.0	0.0	277.07657	0.0	337.89963	0.0	0.0	18.917494	87.586464	0.0	0.0	0.0	0.0	0.0	0.0	39.922573	0.0	0.0	61.120453	0.0	288.97922	0.0	0.0	0.0	68.883644	79.20717	0.0	208.43463	0.0	65.25903	0.0	0.0	117.879326	134.87846	0.0	284.9049	0.0	0.0	95.23734	155.34044	0.0	0.0	78.11624	0.0	180.77861	0.0	255.47581	0.0	0.0	0.0	242.32759	0.0	0.0	0.0	0.0	0.0	30.76016	0.0	0.0	130.83376	0.0	0.0	0.0	0.0	0.0	79.817924	0.0	212.58119	0.0	0.0	0.0	45.514908	59.69911	0.0	0.0	0.0	234.66374	13.740687	0.0	0.0	152.81206	27.80516	0.0	0.0	363.9773	124.04812	0.0	0.0	177.36562	0.0	14.151642	0.0	0.0	70.51672	0.0	0.0	0.0	0.0	220.91724	269.8308	0.0	178.95818	28.09819	233.3348	0.0	271.82755	360.3287	39.471874	130.45642	0.0	0.0	0.0	63.03455	195.61366	0.0	0.0	37.069614	137.26688	0.0	0.0	0.0
134.50299	0.0	159.08537	0.0	0.0	5.816645	0.0	0.0	0.0	285.29947	0.0	348.0525	0.0	0.0	19.707724	89.02297	0.0	0.0	0.0	0.0	0.0	0.0	41.20784	0.0	0.0	62.744877	0.0	296.6465	0.0	0.0	0.0	71.018715	81.13134	0.0	215.132	0.0	67.17255	0.0	0.0	120.99731	139.12944	0.0	292.51892	0.0	0.0	98.14808	161.02022	0.0	0.0	79.70318	0.0	186.26593	0.0	262.936	0.0	0.0	0.0	249.54985	0.0	0.0	0.0	0.0	0.0	31.44918	0.0	0.0	134.15929	0.0	0.0	0.0	0.0	0.0	82.64585	0.0	219.18083	0.0	0.0	0.0	46.63208	61.392475	0.0	0.0	0.0	241.42128	14.354114	0.0	0.0	156.3503	29.432215	0.0	0.0	373.91382	128.3963	0.0	0.0	182.5337	0.0	14.374007	0.0	0.0	73.35297	0.0	0.0	0.0	0.0	228.57161	277.07803	0.0	184.57257	28.923065	238.9092	0.0	279.642	371.14084	39.147503	134.07355	0.0	0.0	0.0	65.06693	201.72417	0.0	0.0	38.25777	141.33968	0.0	0.0	0.0
130.35014	0.0	152.34007	0.0	0.0	4.799896	0.0	0.0	0.0	273.54102	0.0	334.6758	0.0	0.0	18.156057	87.14917	0.0	0.0	0.0	0.0	0.0	0.0	39.07322	0.0	0.0	59.790867	0.0	286.7617	0.0	0.0	0.0	67.79453	78.291954	0.0	206.42078	0.0	64.76547	0.0	0.0	116.82242	133.28716	0.0	281.83984	0.0	0.0	94.002556	153.49648	0.0	0.0	78.37698	0.0	178.41919	0.0	252.77667	0.0	0.0	0.0	240.81232	0.0	0.0	0.0	0.0	0.0	30.538275	0.0	0.0	130.05634	0.0	0.0	0.0	0.0	0.0	78.836845	0.0	209.96638	0.0	0.0	0.0	44.13235	58.84546	0.0	0.0	0.0	232.21867	13.459443	0.0	0.0	150.6651	27.074408	0.0	0.0	360.0687	122.965034	0.0	0.0	175.71819	0.0	14.178982	0.0	0.0	69.75744	0.0	0.0	0.0	0.0	218.29793	267.31677	0.0	176.46938	27.819036	230.67126	0.0	269.5321	355.98764	38.80238	128.41237	0.0	0.0	0.0	62.312687	193.12672	0.0	0.0	36.90666	135.48912	0.0	0.0	0.0
130.77133	0.0	152.83311	0.0	0.0	4.812829	0.0	0.0	0.0	274.35904	0.0	335.52927	0.0	0.0	18.279253	87.605156	0.0	0.0	0.0	0.0	0.0	0.0	39.267933	0.0	0.0	60.189823	0.0	287.64194	0.0	0.0	0.0	68.076454	78.62756	0.0	206.8012	0.0	65.01587	0.0	0.0	117.251305	133.65462	0.0	282.66666	0.0	0.0	94.27329	153.77454	0.0	0.0	78.63984	0.0	178.90239	0.0	253.47551	0.0	0.0	0.0	241.44518	0.0	0.0	0.0	0.0	0.0	30.695585	0.0	0.0	130.60524	0.0	0.0	0.0	0.0	0.0	79.11373	0.0	210.62012	0.0	0.0	0.0	44.40944	59.107914	0.0	0.0	0.0	233.04536	13.4483795	0.0	0.0	151.28815	26.997986	0.0	0.0	361.32254	123.12561	0.0	0.0	176.13155	0.0	14.353328	0.0	0.0	69.93052	0.0	0.0	0.0	0.0	218.86922	268.1524	0.0	176.8737	27.874376	231.55757	0.0	270.28677	357.14807	39.295353	128.88283	0.0	0.0	0.0	62.37807	193.84087	0.0	0.0	37.050106	135.77553	0.0	0.0	0.0
132.0892	0.0	155.66536	0.0	0.0	5.348858	0.0	0.0	0.0	278.95282	0.0	340.6904	0.0	0.0	18.793638	87.57916	0.0	0.0	0.0	0.0	0.0	0.0	40.074238	0.0	0.0	61.372646	0.0	290.70517	0.0	0.0	0.0	69.12967	79.54739	0.0	210.35693	0.0	65.793144	0.0	0.0	118.25787	135.94347	0.0	286.32773	0.0	0.0	96.03132	157.19618	0.0	0.0	78.82069	0.0	182.13159	0.0	257.34662	0.0	0.0	0.0	244.45024	0.0	0.0	0.0	0.0	0.0	30.948782	0.0	0.0	131.60924	0.0	0.0	0.0	0.0	0.0	80.99067	0.0	214.37274	0.0	0.0	0.0	45.333893	59.741165	0.0	0.0	0.0	236.25594	13.963226	0.0	0.0	153.14287	28.192375	0.0	0.0	366.22397	125.64551	0.0	0.0	178.7088	0.0	14.246938	0.0	0.0	71.676125	0.0	0.0	0.0	0.0	223.24382	271.4327	0.0	180.23146	28.214499	234.09668	0.0	273.8948	362.70312	38.531788	131.00311	0.0	0.0	0.0	63.60864	197.13643	0.0	0.0	37.539783	138.15858	0.0	0.0	0.0
136.1457	0.0	162.28355	0.0	0.0	6.765675	0.0	0.0	0.0	290.19254	0.0	353.51804	0.0	0.0	20.326729	89.83999	0.0	0.0	0.0	0.0	0.0	0.0	42.435833	0.0	0.0	64.92945	0.0	300.1887	0.0	0.0	0.0	72.37064	82.2788	0.0	219.05708	0.0	68.552315	0.0	0.0	122.21686	141.69331	0.0	296.8732	0.0	0.0	99.95754	164.54471	0.0	0.0	80.00622	0.0	189.58598	0.0	267.2825	0.0	0.0	0.0	252.91907	0.0	0.0	0.0	0.0	0.0	32.18757	0.0	0.0	136.02153	0.0	0.0	0.0	0.0	0.0	85.190674	0.0	223.74219	0.0	0.0	0.0	47.550983	62.232525	0.0	0.0	0.0	245.62349	14.704669	0.0	0.0	158.92198	30.434355	0.0	0.0	379.87878	130.78021	0.0	0.0	185.5495	0.0	14.839009	0.0	0.0	75.340576	0.0	0.0	0.0	0.0	233.71428	280.97147	0.0	187.90904	29.387857	242.31111	0.0	283.816	378.0829	39.311783	137.0172	0.0	0.0	0.0	66.033775	205.8792	0.0	0.0	39.237377	143.90906	0.0	0.0	0.0
300.1967	0.0	378.6692	0.0	0.0	39.430172	0.0	0.0	0.0	673.97516	0.0	823.78986	0.0	0.0	74.181145	150.68237	0.0	0.0	0.0	0.0	0.0	0.0	102.03485	0.0	0.0	126.93035	0.0	650.5619	0.0	0.0	0.0	167.20244	171.83928	0.0	541.56244	0.0	159.00078	0.0	0.0	284.68082	318.79514	0.0	641.0267	0.0	0.0	229.10443	428.68298	0.0	0.0	153.7771	0.0	443.73776	12.303121	617.30396	0.0	0.0	0.0	600.43176	0.0	0.0	0.0	0.0	0.0	61.63027	0.0	0.0	278.64853	0.0	0.0	0.0	0.0	0.0	197.77348	0.0	535.3794	0.0	0.0	0.0	78.85179	142.41853	0.0	0.0	0.0	551.70526	36.78062	0.0	0.0	310.7301	113.65281	0.0	0.0	823.7158	338.91324	0.0	0.0	431.73355	0.0	26.011625	0.0	0.0	203.2589	0.0	0.0	0.0	0.0	599.83673	618.5821	0.0	444.01462	90.34778	497.2843	0.0	651.14984	891.63336	10.559991	288.63193	0.0	0.0	0.0	142.04628	482.81348	0.0	0.0	102.711296	334.48294	0.0	0.0	0.0
526.7852	0.0	709.7178	0.0	0.0	120.371216	0.0	0.0	0.0	1230.5669	0.0	1528.0059	0.0	0.0	169.8205	184.36028	0.0	0.0	0.0	0.0	0.0	0.0	192.9493	0.0	0.0	202.87794	0.0	1118.3485	0.0	0.0	0.0	304.31296	283.76077	0.0	1053.9539	0.0	298.56412	0.0	0.0	513.2791	578.7713	0.0	1097.4669	0.0	0.0	418.36252	872.0317	0.0	0.0	232.58081	0.0	810.541	77.10933	1129.0988	0.0	0.0	0.0	1131.769	0.0	0.0	0.0	0.0	0.0	95.292305	0.0	0.0	463.9786	0.0	0.0	0.0	0.0	0.0	380.72012	0.0	1015.4987	0.0	0.0	0.0	91.84259	253.56438	0.0	0.0	0.0	990.8835	68.33714	0.0	0.0	477.1216	275.5026	0.0	0.0	1424.9502	684.3007	0.0	0.0	799.8006	0.0	33.91435	0.0	0.0	429.05045	0.0	0.0	0.0	0.0	1199.1418	1076.6322	0.0	829.13446	192.48883	800.7657	0.0	1186.7765	1660.036	0.0	492.05276	0.0	0.0	0.0	244.51111	897.46436	0.0	0.0	211.53038	615.2647	0.0	0.0	0.0
300.35574	0.0	388.22766	0.0	0.0	49.4433	0.0	0.0	0.0	682.9849	0.0	841.9336	0.0	0.0	81.486595	134.81993	0.0	0.0	0.0	0.0	0.0	0.0	104.36157	0.0	0.0	122.72263	0.0	646.2517	0.0	0.0	0.0	168.47661	168.67421	0.0	564.0847	0.0	163.06801	0.0	0.0	286.46005	322.0901	0.0	635.5427	0.0	0.0	232.88445	453.7632	0.0	0.0	147.46867	0.0	449.44736	23.701147	626.4505	0.0	0.0	0.0	617.51245	0.0	0.0	0.0	0.0	0.0	58.91641	0.0	0.0	273.86615	0.0	0.0	0.0	0.0	0.0	205.62642	0.0	551.1683	0.0	0.0	0.0	68.66312	142.15555	0.0	0.0	0.0	556.14404	36.692604	0.0	0.0	296.8782	129.18279	0.0	0.0	819.89703	358.1311	0.0	0.0	440.96597	0.0	23.923225	0.0	0.0	219.05658	0.0	0.0	0.0	0.0	630.553	616.828	0.0	453.4493	97.00964	482.13354	0.0	661.1526	910.23285	0.0	284.52206	0.0	0.0	0.0	141.16475	492.9742	0.0	0.0	109.320915	339.39572	0.0	0.0	0.0
562.44415	0.0	770.98663	0.0	0.0	138.61143	0.0	0.0	0.0	1332.4525	0.0	1656.3062	0.0	0.0	191.87598	180.08723	0.0	0.0	0.0	0.0	0.0	0.0	210.5472	0.0	0.0	214.87437	0.0	1194.2015	0.0	0.0	0.0	329.21216	301.99136	0.0	1152.3641	0.0	322.8306	0.0	0.0	552.17303	623.7878	0.0	1171.8282	0.0	0.0	453.5658	961.7386	0.0	0.0	239.8017	0.0	878.27167	94.46024	1220.6162	0.0	0.0	0.0	1228.6265	0.0	0.0	0.0	0.6170121	0.0	99.49076	0.0	0.0	489.54074	0.0	0.0	0.0	0.0	0.0	416.04562	0.0	1105.6232	0.0	0.0	0.0	91.57957	271.90598	0.0	0.0	0.0	1066.9054	74.37973	0.0	0.0	499.16635	313.13248	0.0	0.0	1524.5892	753.59235	0.0	0.0	866.7215	0.0	33.21542	0.0	0.0	475.82333	0.0	0.0	0.0	0.0	1318.6332	1153.6113	0.0	901.1047	213.61348	844.86066	0.0	1281.8402	1800.7555	0.0	524.38055	0.0	0.0	0.0	262.39853	974.3923	0.0	0.0	233.24121	666.3838	0.0	0.0	0.0
205.57703	0.0	253.75859	0.0	0.0	24.831144	0.0	0.0	0.0	450.0935	0.0	555.47833	0.0	0.0	46.508488	105.40112	0.0	0.0	0.0	0.0	0.0	0.0	66.11329	0.0	0.0	84.15259	0.0	441.76636	0.0	0.0	0.0	110.08551	116.17898	0.0	364.31552	0.0	108.249306	0.0	0.0	191.54622	214.3999	0.0	432.3646	0.0	0.0	153.14671	285.82706	0.0	0.0	109.2933	0.0	294.73514	6.7249207	414.72095	0.0	0.0	0.0	407.2151	0.0	0.0	0.0	0.0	0.0	42.019173	0.0	0.0	191.63501	0.0	0.0	0.0	0.0	0.0	133.25063	0.0	358.59244	0.0	0.0	0.0	50.448383	94.41503	0.0	0.0	0.0	371.561	23.44629	0.0	0.0	209.45305	72.62564	0.0	0.0	556.3751	227.42815	0.0	0.0	291.3425	0.0	18.340319	0.0	0.0	135.57553	0.0	0.0	0.0	0.0	400.14218	417.68457	0.0	295.7325	59.472534	336.14066	0.0	439.89902	596.2219	9.777442	193.55144	0.0	0.0	0.0	95.07571	322.57373	0.0	0.0	69.40461	223.1836	0.0	0.0	0.0
302.9164	0.0	389.57288	0.0	0.0	50.20754	0.0	0.0	0.0	684.27814	0.0	845.2961	0.0	0.0	81.13394	135.3136	0.0	0.0	0.0	0.0	0.0	0.0	104.36527	0.0	0.0	122.306885	0.0	649.1088	0.0	0.0	0.0	168.80412	168.52269	0.0	566.5726	0.0	164.6311	0.0	0.0	288.50308	324.1004	0.0	637.346	0.0	0.0	232.81245	455.31992	0.0	0.0	148.6604	0.0	449.8372	24.1632	628.88574	0.0	0.0	0.0	621.11914	0.0	0.0	0.0	0.0	0.0	59.07121	0.0	0.0	276.19983	0.0	0.0	0.0	0.0	0.0	205.8868	0.0	553.17236	0.0	0.0	0.0	66.86376	142.7566	0.0	0.0	0.0	558.65625	36.793808	0.0	0.0	296.64688	128.78546	0.0	0.0	822.17596	359.46997	0.0	0.0	442.90555	0.0	23.974815	0.0	0.0	219.30293	0.0	0.0	0.0	0.0	632.3963	618.65845	0.0	454.80264	97.32279	483.0022	0.0	663.61896	913.7061	0.0	285.6398	0.0	0.0	0.0	141.27603	494.2549	0.0	0.0	110.12951	340.52853	0.0	0.0	0.0
427.18588	0.0	567.4655	0.0	0.0	93.84777	0.0	0.0	0.0	981.53107	0.0	1225.06	0.0	0.0	130.696	154.85706	0.0	0.0	0.0	0.0	0.0	0.0	152.28743	0.0	0.0	162.70607	0.0	902.35205	0.0	0.0	0.0	240.93597	229.15686	0.0	843.1994	0.0	241.339	0.0	0.0	411.72025	463.60727	0.0	882.4543	0.0	0.0	334.23096	693.9206	0.0	0.0	193.70113	0.0	644.4407	58.696766	903.7928	0.0	0.0	0.0	909.1962	0.0	0.0	0.0	0.0	0.0	77.21911	0.0	0.0	377.7235	0.0	0.0	0.0	0.0	0.0	304.9018	0.0	811.90704	0.0	0.0	0.0	70.73673	201.3524	0.0	0.0	0.0	795.0961	52.36249	0.0	0.0	385.57227	214.13591	0.0	0.0	1145.8893	545.6141	0.0	0.0	641.3986	0.0	29.262796	0.0	0.0	340.70828	0.0	0.0	0.0	0.0	954.6928	864.80927	0.0	659.8248	151.69829	645.655	0.0	951.9402	1325.7211	0.0	394.9077	0.0	0.0	0.0	195.67204	716.79736	0.0	0.0	169.90875	490.2612	0.0	0.0	0.0
361.54343	0.0	476.30923	0.0	0.0	75.626396	0.0	0.0	0.0	823.7754	0.0	1029.2158	0.0	0.0	106.772896	137.13411	0.0	0.0	0.0	0.0	0.0	0.0	126.97086	0.0	0.0	137.54836	0.0	764.1811	0.0	0.0	0.0	202.25635	193.98613	0.0	704.79755	0.0	203.04042	0.0	0.0	347.3168	390.78174	0.0	747.23444	0.0	0.0	280.37955	576.7548	0.0	0.0	167.89777	0.0	540.5889	45.63798	759.85126	0.0	0.0	0.0	763.4467	0.0	0.0	0.0	0.0	0.0	66.02946	0.0	0.0	322.61206	0.0	0.0	0.0	0.0	0.0	254.6176	0.0	679.17334	0.0	0.0	0.0	62.383312	170.03032	0.0	0.0	0.0	670.2465	43.55643	0.0	0.0	329.37213	174.89464	0.0	0.0	968.9385	454.2949	0.0	0.0	539.20264	0.0	25.44925	0.0	0.0	282.45386	0.0	0.0	0.0	0.0	794.3692	730.70264	0.0	552.92017	125.63509	549.9776	0.0	801.632	1112.0972	0.0	333.78214	0.0	0.0	0.0	165.47571	600.8021	0.0	0.0	140.46223	411.3776	0.0	0.0	0.0
283.39218	0.0	364.79074	0.0	0.0	49.97996	0.0	0.0	0.0	636.79645	0.0	792.01105	0.0	0.0	76.093475	122.105934	0.0	0.0	0.0	0.0	0.0	0.0	96.69519	0.0	0.0	111.3006	0.0	603.36096	0.0	0.0	0.0	156.07158	155.44232	0.0	534.1005	0.0	155.52255	0.0	0.0	269.349	302.4564	0.0	590.5649	0.0	0.0	216.73271	430.64926	0.0	0.0	138.5855	0.0	417.50162	25.541466	586.7762	0.0	0.0	0.0	584.69403	0.0	0.0	0.0	0.0	0.0	53.941208	0.0	0.0	257.27588	0.0	0.0	0.0	0.0	0.0	193.81325	0.0	518.7046	0.0	0.0	0.0	56.648922	132.3134	0.0	0.0	0.0	520.7822	33.30245	0.0	0.0	270.50858	123.17033	0.0	0.0	763.0019	340.14	0.0	0.0	415.14224	0.0	21.89408	0.0	0.0	208.57402	0.0	0.0	0.0	0.0	596.3816	574.405	0.0	424.06747	92.355965	443.70947	0.0	620.53986	853.7756	0.0	264.18738	0.0	0.0	0.0	130.50087	461.56192	0.0	0.0	105.33134	317.10803	0.0	0.0	0.0
194.58736	0.0	237.36873	0.0	0.0	21.261168	0.0	0.0	0.0	421.4648	0.0	520.5749	0.0	0.0	41.416462	103.67767	0.0	0.0	0.0	0.0	0.0	0.0	61.57048	0.0	0.0	80.164696	0.0	418.54245	0.0	0.0	0.0	103.10331	110.291466	0.0	338.95407	0.0	101.8251	0.0	0.0	180.47925	201.69263	0.0	409.37878	0.0	0.0	143.47682	263.7668	0.0	0.0	105.59678	0.0	275.69	3.5352974	389.10416	0.0	0.0	0.0	381.18857	0.0	0.0	0.0	0.0	0.0	40.388554	0.0	0.0	182.97931	0.0	0.0	0.0	0.0	0.0	124.09567	0.0	334.7809	0.0	0.0	0.0	49.116337	88.86674	0.0	0.0	0.0	349.7999	21.55422	0.0	0.0	200.47908	64.53247	0.0	0.0	525.941	210.17561	0.0	0.0	273.33444	0.0	18.050505	0.0	0.0	124.44205	0.0	0.0	0.0	0.0	370.11038	394.4375	0.0	275.98584	54.3591	320.30984	0.0	413.1346	557.9293	15.918492	183.287	0.0	0.0	0.0	89.78021	301.8395	0.0	0.0	64.16221	208.724	0.0	0.0	0.0
239.89311	0.0	299.57846	0.0	0.0	32.492836	0.0	0.0	0.0	529.2848	0.0	654.42	0.0	0.0	56.39472	118.80279	0.0	0.0	0.0	0.0	0.0	0.0	78.73908	0.0	0.0	98.31791	0.0	515.405	0.0	0.0	0.0	129.74223	135.2181	0.0	432.22397	0.0	127.92721	0.0	0.0	224.9102	251.88379	0.0	504.72958	0.0	0.0	180.55371	341.4962	0.0	0.0	124.54888	0.0	346.58463	10.657107	487.7944	0.0	0.0	0.0	480.0625	0.0	0.0	0.0	0.0	0.0	48.548798	0.0	0.0	222.3326	0.0	0.0	0.0	0.0	0.0	158.07521	0.0	424.85913	0.0	0.0	0.0	56.58795	110.576416	0.0	0.0	0.0	435.98337	27.092306	0.0	0.0	241.69756	89.493195	0.0	0.0	649.4296	271.0299	0.0	0.0	343.39426	0.0	20.947725	0.0	0.0	162.74855	0.0	0.0	0.0	0.0	476.71915	487.9004	0.0	348.73398	71.524	388.95016	0.0	516.7413	703.633	4.1280894	225.9571	0.0	0.0	0.0	111.05646	380.55673	0.0	0.0	83.80075	262.72705	0.0	0.0	0.0
276.9685	0.0	351.5558	0.0	0.0	43.340313	0.0	0.0	0.0	617.34906	0.0	765.3941	0.0	0.0	70.016464	128.0431	0.0	0.0	0.0	0.0	0.0	0.0	92.92676	0.0	0.0	111.315094	0.0	592.37213	0.0	0.0	0.0	151.12427	154.32239	0.0	511.09158	0.0	149.9673	0.0	0.0	261.4971	293.27182	0.0	580.19885	0.0	0.0	210.66069	408.4595	0.0	0.0	139.14122	0.0	404.386	18.973333	568.6462	0.0	0.0	0.0	563.1222	0.0	0.0	0.0	0.0	0.0	54.247494	0.0	0.0	253.65417	0.0	0.0	0.0	0.0	0.0	186.3173	0.0	499.65646	0.0	0.0	0.0	60.32958	128.29614	0.0	0.0	0.0	506.49734	31.680971	0.0	0.0	271.74222	112.16571	0.0	0.0	747.7298	323.33078	0.0	0.0	401.34607	0.0	22.86344	0.0	0.0	196.09499	0.0	0.0	0.0	0.0	568.0406	562.44525	0.0	409.10034	86.65116	441.0707	0.0	601.6623	824.2732	0.0	259.5909	0.0	0.0	0.0	127.978325	445.7229	0.0	0.0	100.10667	306.7629	0.0	0.0	0.0
278.4241	0.0	354.56412	0.0	0.0	43.52744	0.0	0.0	0.0	622.8418	0.0	771.4238	0.0	0.0	70.98298	128.72517	0.0	0.0	0.0	0.0	0.0	0.0	94.05719	0.0	0.0	112.898834	0.0	597.0396	0.0	0.0	0.0	152.92082	155.45421	0.0	515.14557	0.0	150.63039	0.0	0.0	263.5128	295.87286	0.0	585.1943	0.0	0.0	212.47395	411.79553	0.0	0.0	139.2473	0.0	408.50504	19.061964	573.5798	0.0	0.0	0.0	566.8878	0.0	0.0	0.0	0.0	0.0	54.95506	0.0	0.0	255.29332	0.0	0.0	0.0	0.0	0.0	187.68335	0.0	503.62036	0.0	0.0	0.0	61.897186	129.49684	0.0	0.0	0.0	510.61105	32.47539	0.0	0.0	274.19016	113.49998	0.0	0.0	754.024	325.7235	0.0	0.0	404.56015	0.0	22.654373	0.0	0.0	197.7618	0.0	0.0	0.0	0.0	572.2603	567.09015	0.0	413.04916	87.503944	445.11978	0.0	606.53644	831.6362	0.0	262.1604	0.0	0.0	0.0	129.27487	449.80167	0.0	0.0	100.7634	309.60144	0.0	0.0	0.0
421.2725	0.0	552.9921	0.0	0.0	83.316185	0.0	0.0	0.0	962.98553	0.0	1195.431	0.0	0.0	121.39996	169.83116	0.0	0.0	0.0	0.0	0.0	0.0	149.43929	0.0	0.0	167.5486	0.0	898.03595	0.0	0.0	0.0	237.9409	230.84888	0.0	813.29474	0.0	234.52942	0.0	0.0	405.60117	455.94052	0.0	881.0052	0.0	0.0	328.236	663.12555	0.0	0.0	196.00941	0.0	632.3982	45.767002	885.70734	0.0	0.0	0.0	882.35187	0.0	0.0	0.0	0.0	0.0	79.167076	0.0	0.0	378.51254	0.0	0.0	0.0	0.0	0.0	295.07785	0.0	789.9903	0.0	0.0	0.0	81.47283	199.78938	0.0	0.0	0.0	783.64386	50.89992	0.0	0.0	396.98325	197.63982	0.0	0.0	1139.3662	520.78094	0.0	0.0	626.639	0.0	31.162909	0.0	0.0	322.28143	0.0	0.0	0.0	0.0	915.7503	858.2635	0.0	644.9133	143.76338	654.6448	0.0	933.3408	1295.7404	0.0	396.1934	0.0	0.0	0.0	195.04169	700.4091	0.0	0.0	162.7694	480.59866	0.0	0.0	0.0
297.52512	0.0	383.63696	0.0	0.0	50.85309	0.0	0.0	0.0	672.774	0.0	833.3333	0.0	0.0	80.47755	130.21684	0.0	0.0	0.0	0.0	0.0	0.0	102.057106	0.0	0.0	118.965965	0.0	636.63965	0.0	0.0	0.0	164.96094	165.26782	0.0	560.45667	0.0	162.5385	0.0	0.0	283.13614	317.8884	0.0	624.0579	0.0	0.0	229.3333	451.86465	0.0	0.0	145.51802	0.0	441.5349	25.468712	618.58136	0.0	0.0	0.0	613.528	0.0	0.0	0.0	0.0	0.0	57.71053	0.0	0.0	270.08716	0.0	0.0	0.0	0.0	0.0	204.16121	0.0	546.10345	0.0	0.0	0.0	63.16859	139.30676	0.0	0.0	0.0	548.49945	35.539425	0.0	0.0	288.21368	129.00385	0.0	0.0	805.8348	357.09756	0.0	0.0	436.77652	0.0	23.134918	0.0	0.0	218.50342	0.0	0.0	0.0	0.0	626.6795	607.0574	0.0	447.30374	96.94321	470.7134	0.0	653.3731	898.94464	0.0	279.20316	0.0	0.0	0.0	138.07219	486.3375	0.0	0.0	110.35441	334.7323	0.0	0.0	0.0
386.34567	0.0	501.89297	0.0	0.0	66.554695	0.0	0.0	0.0	883.25684	0.0	1088.7784	0.0	0.0	106.14746	170.77686	0.0	0.0	0.0	0.0	0.0	0.0	135.9732	0.0	0.0	160.80493	0.0	833.01715	0.0	0.0	0.0	218.0882	218.19641	0.0	732.19415	0.0	210.75287	0.0	0.0	369.56653	415.78915	0.0	819.21576	0.0	0.0	302.121	591.19904	0.0	0.0	185.651	0.0	580.88654	31.722952	809.9182	0.0	0.0	0.0	798.4086	0.0	0.0	0.0	0.0	0.0	76.39258	0.0	0.0	350.97665	0.0	0.0	0.0	0.0	0.0	268.15536	0.0	717.1394	0.0	0.0	0.0	86.61999	182.51642	0.0	0.0	0.0	718.05096	46.951473	0.0	0.0	381.21606	169.90666	0.0	0.0	1057.0	464.87833	0.0	0.0	570.9164	0.0	30.573431	0.0	0.0	285.61075	0.0	0.0	0.0	0.0	820.9956	795.04	0.0	587.2635	126.66331	618.806	0.0	853.4631	1179.3082	0.0	368.67252	0.0	0.0	0.0	181.49213	639.48804	0.0	0.0	145.47348	439.08426	0.0	0.0	0.0
505.67172	0.0	680.4177	0.0	0.0	116.71534	0.0	0.0	0.0	1172.8024	0.0	1465.4362	0.0	0.0	159.0892	176.6992	0.0	0.0	0.0	0.0	0.0	0.0	184.30396	0.0	0.0	194.90405	0.0	1071.2218	0.0	0.0	0.0	289.0764	271.84647	0.0	1013.3906	0.0	287.8361	0.0	0.0	490.06235	553.80817	0.0	1049.2106	0.0	0.0	400.62363	837.9329	0.0	0.0	222.90025	0.0	770.96674	74.27138	1079.8579	0.0	0.0	0.0	1086.3257	0.0	0.0	0.0	1.0234293	0.0	91.31303	0.0	0.0	445.59988	0.0	0.0	0.0	0.0	0.0	366.98776	0.0	974.9993	0.0	0.0	0.0	82.03181	239.41139	0.0	0.0	0.0	948.8618	62.283386	0.0	0.0	454.0624	262.9724	0.0	0.0	1361.653	656.9898	0.0	0.0	767.4414	0.0	33.50735	0.0	0.0	412.5039	0.0	0.0	0.0	0.0	1150.8408	1027.9901	0.0	791.06525	183.34125	761.38983	0.0	1136.4796	1588.7731	0.0	469.6884	0.0	0.0	0.0	233.42334	859.2036	0.0	0.0	205.83577	586.03546	0.0	0.0	0.0
502.75156	0.0	668.3623	0.0	0.0	104.20984	0.0	0.0	0.0	1163.1902	0.0	1442.986	0.0	0.0	151.34508	194.86432	0.0	0.0	0.0	0.0	0.0	0.0	182.0782	0.0	0.0	201.45369	0.0	1074.6437	0.0	0.0	0.0	287.44315	276.82877	0.0	986.7278	0.0	281.49323	0.0	0.0	486.15225	548.15326	0.0	1055.6754	0.0	0.0	397.2589	808.0947	0.0	0.0	228.55763	0.0	765.4393	60.622837	1068.6531	0.0	0.0	0.0	1063.9218	0.0	0.0	0.0	0.0	0.0	94.67362	0.0	0.0	449.04605	0.0	0.0	0.0	0.0	0.0	358.6512	0.0	956.92267	0.0	0.0	0.0	96.32383	239.52333	0.0	0.0	0.0	942.2142	62.138607	0.0	0.0	472.43213	245.8444	0.0	0.0	1366.089	633.9736	0.0	0.0	755.80975	0.0	36.425602	0.0	0.0	394.7347	0.0	0.0	0.0	0.0	1115.4194	1030.1323	0.0	780.4096	175.74818	779.64813	0.0	1123.5809	1566.3778	0.0	474.46582	0.0	0.0	0.0	234.383	847.79364	0.0	0.0	198.23523	580.34247	0.0	0.0	0.0
331.31332	0.0	425.1384	0.0	0.0	54.437042	0.0	0.0	0.0	747.3162	0.0	923.67365	0.0	0.0	86.78884	150.8517	0.0	0.0	0.0	0.0	0.0	0.0	114.12969	0.0	0.0	136.77525	0.0	711.97296	0.0	0.0	0.0	184.30687	186.29828	0.0	618.7655	0.0	180.08952	0.0	0.0	315.2011	353.9222	0.0	698.9948	0.0	0.0	255.22832	496.7473	0.0	0.0	162.59827	0.0	490.35486	24.110529	687.2793	0.0	0.0	0.0	678.2031	0.0	0.0	0.0	0.0	0.0	65.61127	0.0	0.0	302.94742	0.0	0.0	0.0	0.0	0.0	226.17693	0.0	606.4504	0.0	0.0	0.0	73.63035	155.04095	0.0	0.0	0.0	611.4507	38.82618	0.0	0.0	327.07263	138.93791	0.0	0.0	901.0954	391.40756	0.0	0.0	484.4669	0.0	27.19737	0.0	0.0	239.03954	0.0	0.0	0.0	0.0	690.46405	677.51263	0.0	496.35327	105.40809	530.0662	0.0	725.22345	998.6143	0.0	314.31723	0.0	0.0	0.0	154.26817	540.7341	0.0	0.0	122.39273	371.43692	0.0	0.0	0.0
398.26526	0.0	529.7077	0.0	0.0	83.46392	0.0	0.0	0.0	920.1999	0.0	1143.2964	0.0	0.0	121.54038	149.98445	0.0	0.0	0.0	0.0	0.0	0.0	142.43445	0.0	0.0	154.58925	0.0	847.2126	0.0	0.0	0.0	226.3755	216.55632	0.0	782.85406	0.0	223.12842	0.0	0.0	384.7605	433.39795	0.0	830.75244	0.0	0.0	313.0707	642.7552	0.0	0.0	182.4033	0.0	605.2816	51.059628	845.3089	0.0	0.0	0.0	845.34515	0.0	0.0	0.0	0.0	0.0	73.50961	0.0	0.0	354.29282	0.0	0.0	0.0	0.0	0.0	283.56015	0.0	755.8027	0.0	0.0	0.0	73.43064	189.26984	0.0	0.0	0.0	744.3711	49.971302	0.0	0.0	367.86038	196.61067	0.0	0.0	1076.924	505.93558	0.0	0.0	598.53174	0.0	27.300385	0.0	0.0	314.92313	0.0	0.0	0.0	0.0	885.6113	813.2598	0.0	617.542	140.25383	611.8537	0.0	890.2779	1238.0665	0.0	371.61752	0.0	0.0	0.0	184.85625	669.45465	0.0	0.0	155.80818	459.03983	0.0	0.0	0.0
957.4892	0.0	1328.3344	0.0	0.0	259.4067	0.0	0.0	0.0	2267.667	0.0	2846.4211	0.0	0.0	334.19928	270.26477	0.0	0.0	0.0	0.0	0.0	0.0	360.92197	0.0	0.0	356.478	0.0	2013.545	0.0	0.0	0.0	560.684	499.9921	0.0	2000.9938	0.0	557.80536	0.0	0.0	942.21454	1069.7374	0.0	1969.8544	0.0	0.0	770.887	1682.2184	0.0	0.0	390.11313	0.0	1495.9467	184.45775	2089.8723	0.0	0.0	0.0	2121.467	0.0	0.0	0.0	3.2225811	0.0	164.28792	0.0	0.0	827.2723	0.0	0.0	0.0	0.0	0.0	721.56805	0.0	1908.722	0.0	0.0	0.0	122.16812	458.20874	0.0	0.0	0.0	1820.418	125.98102	0.0	0.0	809.70197	556.7058	0.0	0.0	2572.538	1312.9814	0.0	0.0	1489.3727	0.0	54.12289	0.0	0.0	839.8774	0.0	0.0	0.0	0.0	2295.385	1947.7367	0.0	1543.5635	371.60117	1390.7281	0.0	2191.6594	3092.8525	0.0	885.49335	0.0	0.0	0.0	441.26443	1672.7562	0.0	0.0	411.17737	1138.275	0.0	0.0	0.0
603.91864	0.0	804.4904	0.0	0.0	124.059135	0.0	0.0	0.0	1401.8468	0.0	1732.6827	0.0	0.0	183.35722	235.5971	0.0	0.0	0.0	0.0	0.0	0.0	220.83452	0.0	0.0	244.06053	0.0	1293.277	0.0	0.0	0.0	349.96765	331.66562	0.0	1181.8644	0.0	336.36758	0.0	0.0	586.68207	663.0664	0.0	1273.589	0.0	0.0	476.5787	967.2048	0.0	0.0	272.20523	0.0	926.1279	72.14495	1287.4155	0.0	0.0	0.0	1274.9586	0.0	0.0	0.0	0.0	0.0	114.553345	0.0	0.0	541.3645	0.0	0.0	0.0	0.0	0.0	428.34216	0.0	1148.0353	0.0	0.0	0.0	120.85184	291.33377	0.0	0.0	0.0	1135.7261	78.225975	0.0	0.0	572.1448	292.9749	0.0	0.0	1647.0576	756.73486	0.0	0.0	906.9871	0.0	43.321198	0.0	0.0	470.97665	0.0	0.0	0.0	0.0	1334.9154	1241.1825	0.0	941.01227	210.09253	943.01776	0.0	1350.3646	1887.9623	0.0	575.1595	0.0	0.0	0.0	283.94284	1021.264	0.0	0.0	233.82039	700.2745	0.0	0.0	0.0
296.27142	0.0	377.73398	0.0	0.0	45.62215	0.0	0.0	0.0	665.69104	0.0	821.6442	0.0	0.0	75.7796	138.98518	0.0	0.0	0.0	0.0	0.0	0.0	100.80615	0.0	0.0	122.25394	0.0	637.95966	0.0	0.0	0.0	163.97278	167.07622	0.0	547.65485	0.0	160.04681	0.0	0.0	281.29294	315.56778	0.0	626.51666	0.0	0.0	227.20842	437.38992	0.0	0.0	148.11754	0.0	436.76657	18.891722	612.17017	0.0	0.0	0.0	602.4676	0.0	0.0	0.0	0.0	0.0	59.268	0.0	0.0	272.41098	0.0	0.0	0.0	0.0	0.0	200.01265	0.0	537.31415	0.0	0.0	0.0	68.73334	138.52007	0.0	0.0	0.0	545.1969	34.581135	0.0	0.0	295.61942	120.28756	0.0	0.0	806.3741	345.55234	0.0	0.0	431.10562	0.0	24.55203	0.0	0.0	209.70485	0.0	0.0	0.0	0.0	608.7929	606.427	0.0	440.98474	92.617455	477.7899	0.0	646.4908	887.3579	0.0	280.88712	0.0	0.0	0.0	138.36012	480.02274	0.0	0.0	107.111145	330.36584	0.0	0.0	0.0
280.93738	0.0	357.69604	0.0	0.0	41.32622	0.0	0.0	0.0	632.78357	0.0	778.9489	0.0	0.0	71.10999	135.13997	0.0	0.0	0.0	0.0	0.0	0.0	95.95126	0.0	0.0	118.21104	0.0	607.6828	0.0	0.0	0.0	155.84563	160.49431	0.0	517.3118	0.0	150.80284	0.0	0.0	266.14514	298.89038	0.0	597.5751	0.0	0.0	216.445	412.27332	0.0	0.0	141.22614	0.0	415.51572	15.594933	580.9047	0.0	0.0	0.0	569.418	0.0	0.0	0.0	0.0	0.0	57.21477	0.0	0.0	258.86053	0.0	0.0	0.0	0.0	0.0	189.94377	0.0	509.23682	0.0	0.0	0.0	68.28171	131.47902	0.0	0.0	0.0	517.73553	32.916416	0.0	0.0	284.92053	112.357056	0.0	0.0	768.5804	325.5926	0.0	0.0	408.56714	0.0	23.857874	0.0	0.0	197.43428	0.0	0.0	0.0	0.0	575.08966	577.81757	0.0	418.11557	86.76905	457.6788	0.0	613.3726	841.22174	1.6041894	268.15848	0.0	0.0	0.0	132.0085	455.9385	0.0	0.0	101.07803	313.6814	0.0	0.0	0.0
354.25732	0.0	466.38937	0.0	0.0	73.4948	0.0	0.0	0.0	808.92236	0.0	1008.8106	0.0	0.0	104.87972	134.59032	0.0	0.0	0.0	0.0	0.0	0.0	123.93796	0.0	0.0	135.05241	0.0	749.9744	0.0	0.0	0.0	198.32024	190.77364	0.0	690.3737	0.0	198.42114	0.0	0.0	339.97952	382.64368	0.0	732.7876	0.0	0.0	275.31058	565.3299	0.0	0.0	164.98647	0.0	530.77936	44.044987	744.8809	0.0	0.0	0.0	748.4028	0.0	0.0	0.0	0.0	0.0	64.96355	0.0	0.0	315.56284	0.0	0.0	0.0	0.0	0.0	249.92775	0.0	665.7331	0.0	0.0	0.0	62.022854	166.48877	0.0	0.0	0.0	656.7378	43.183304	0.0	0.0	323.63486	171.26411	0.0	0.0	950.73535	445.78232	0.0	0.0	528.4964	0.0	24.685057	0.0	0.0	276.7817	0.0	0.0	0.0	0.0	779.0195	717.70215	0.0	542.37665	123.0906	540.1104	0.0	786.26373	1089.5687	0.0	327.19608	0.0	0.0	0.0	162.45636	588.7601	0.0	0.0	138.06007	403.6886	0.0	0.0	0.0
124.32964	0.0	140.98885	0.0	0.0	2.7579715	0.0	0.0	0.0	253.95848	0.0	313.30664	0.0	0.0	15.63798	83.828094	0.0	0.0	0.0	0.0	0.0	0.0	34.8054	0.0	0.0	54.27394	0.0	270.96335	0.0	0.0	0.0	61.887756	73.41688	0.0	192.76408	0.0	61.027668	0.0	0.0	110.528015	123.82144	0.0	264.22238	0.0	0.0	86.95282	141.40297	0.0	0.0	76.81052	0.0	165.0691	0.0	236.10767	0.0	0.0	0.0	227.18953	0.0	0.0	0.0	0.0	0.0	28.855713	0.0	0.0	123.64518	0.0	0.0	0.0	0.0	0.0	72.64364	0.0	194.92615	0.0	0.0	0.0	39.14492	54.382935	0.0	0.0	0.0	216.96898	11.782577	0.0	0.0	140.4344	22.86663	0.0	0.0	337.26578	114.289	0.0	0.0	164.7465	0.0	13.968768	0.0	0.0	64.04015	0.0	0.0	0.0	0.0	201.68695	251.3189	0.0	162.68443	26.121363	216.54651	0.0	253.09552	330.83688	37.821186	118.7124	0.0	0.0	0.0	57.569317	178.9059	0.0	0.0	34.65329	125.26014	0.0	0.0	0.0
123.29305	0.0	139.92883	0.0	0.0	2.8569374	0.0	0.0	0.0	252.08916	0.0	311.11783	0.0	0.0	15.6565275	82.84965	0.0	0.0	0.0	0.0	0.0	0.0	34.483963	0.0	0.0	53.574665	0.0	268.73526	0.0	0.0	0.0	61.29517	72.692085	0.0	191.49933	0.0	60.643505	0.0	0.0	109.65975	122.897194	0.0	261.99716	0.0	0.0	86.34103	140.57808	0.0	0.0	76.22622	0.0	163.8853	0.0	234.37396	0.0	0.0	0.0	225.61247	0.0	0.0	0.0	0.0	0.0	28.631952	0.0	0.0	122.50168	0.0	0.0	0.0	0.0	0.0	72.05466	0.0	193.41223	0.0	0.0	0.0	38.552105	53.859432	0.0	0.0	0.0	215.18996	11.714723	0.0	0.0	139.00502	22.884066	0.0	0.0	334.40604	113.67498	0.0	0.0	163.55817	0.0	13.771904	0.0	0.0	63.63591	0.0	0.0	0.0	0.0	200.41054	249.24062	0.0	161.4253	26.007841	214.6012	0.0	251.22252	328.3586	37.02064	117.66651	0.0	0.0	0.0	57.153675	177.60266	0.0	0.0	34.354168	124.35675	0.0	0.0	0.0
124.78412	0.0	142.87512	0.0	0.0	3.092099	0.0	0.0	0.0	257.07175	0.0	316.3177	0.0	0.0	16.02719	84.175476	0.0	0.0	0.0	0.0	0.0	0.0	35.81272	0.0	0.0	55.330887	0.0	273.06253	0.0	0.0	0.0	63.10496	74.18006	0.0	194.57611	0.0	61.39414	0.0	0.0	111.16947	125.21524	0.0	266.83456	0.0	0.0	88.18088	143.08656	0.0	0.0	76.67266	0.0	167.46227	0.0	238.58852	0.0	0.0	0.0	228.8086	0.0	0.0	0.0	0.0	0.0	29.105494	0.0	0.0	124.37693	0.0	0.0	0.0	0.0	0.0	73.661865	0.0	197.02238	0.0	0.0	0.0	40.394604	55.313625	0.0	0.0	0.0	219.31474	12.261037	0.0	0.0	142.31732	23.696146	0.0	0.0	340.80054	115.46041	0.0	0.0	166.0754	0.0	14.039276	0.0	0.0	64.94024	0.0	0.0	0.0	0.0	204.18105	253.64313	0.0	165.03886	26.154417	218.86763	0.0	255.36554	334.74738	38.099514	120.29462	0.0	0.0	0.0	58.571472	181.30513	0.0	0.0	34.7755	127.09802	0.0	0.0	0.0
127.21334	0.0	146.3191	0.0	0.0	3.5770662	0.0	0.0	0.0	263.0625	0.0	323.49548	0.0	0.0	16.660795	85.61338	0.0	0.0	0.0	0.0	0.0	0.0	36.89435	0.0	0.0	56.73573	0.0	278.63052	0.0	0.0	0.0	64.63919	75.725494	0.0	199.21643	0.0	62.75706	0.0	0.0	113.659454	128.09511	0.0	272.68204	0.0	0.0	90.32739	146.95044	0.0	0.0	77.56807	0.0	171.3435	0.0	243.97795	0.0	0.0	0.0	233.73155	0.0	0.0	0.0	0.0	0.0	29.666712	0.0	0.0	126.71487	0.0	0.0	0.0	0.0	0.0	75.45242	0.0	201.82988	0.0	0.0	0.0	41.389214	56.633434	0.0	0.0	0.0	224.13928	12.523483	0.0	0.0	145.32648	24.80623	0.0	0.0	348.0498	118.282776	0.0	0.0	169.84592	0.0	14.123141	0.0	0.0	66.56496	0.0	0.0	0.0	0.0	209.37077	258.947	0.0	169.08846	26.97404	223.32176	0.0	260.9496	342.7184	38.377934	123.163246	0.0	0.0	0.0	59.946247	185.6378	0.0	0.0	35.86701	130.15895	0.0	0.0	0.0
135.74599	0.0	161.65247	0.0	0.0	6.8276024	0.0	0.0	0.0	287.97067	0.0	351.7958	0.0	0.0	18.92573	91.23246	0.0	0.0	0.0	0.0	0.0	0.0	42.00234	0.0	0.0	66.085594	0.0	299.7898	0.0	0.0	0.0	71.78066	82.485466	0.0	217.36317	0.0	68.47059	0.0	0.0	121.621284	141.43831	0.0	296.91553	0.0	0.0	99.68514	162.65674	0.0	0.0	80.38081	0.0	187.78523	0.0	265.8125	0.0	0.0	0.0	250.8514	0.0	0.0	0.0	0.0	0.0	32.30238	0.0	0.0	136.7994	0.0	0.0	0.0	0.0	0.0	85.374	0.0	222.53601	0.0	0.0	0.0	48.5036	61.64075	0.0	0.0	0.0	244.95898	14.014679	0.0	0.0	160.34328	28.804781	0.0	0.0	380.14755	128.77916	0.0	0.0	184.90901	0.0	15.076546	0.0	0.0	74.525314	0.0	0.0	0.0	0.0	230.64153	280.0925	0.0	186.10515	28.232325	243.00792	0.0	282.52176	375.6342	41.832092	137.7569	0.0	0.0	0.0	65.9973	204.8091	0.0	0.0	38.63388	142.6242	0.0	0.0	0.0
126.64237	0.0	145.34196	0.0	0.0	3.0104597	0.0	0.0	0.0	261.27658	0.0	321.1995	0.0	0.0	16.024088	85.95573	0.0	0.0	0.0	0.0	0.0	0.0	36.569492	0.0	0.0	56.90163	0.0	277.58636	0.0	0.0	0.0	64.28037	75.644806	0.0	196.8449	0.0	62.316975	0.0	0.0	112.74908	127.4602	0.0	271.49704	0.0	0.0	89.56555	144.90509	0.0	0.0	77.75584	0.0	170.22734	0.0	242.41066	0.0	0.0	0.0	231.8716	0.0	0.0	0.0	0.0	0.0	29.841003	0.0	0.0	126.70234	0.0	0.0	0.0	0.0	0.0	75.00373	0.0	200.1369	0.0	0.0	0.0	41.80324	56.19234	0.0	0.0	0.0	223.00183	12.560776	0.0	0.0	145.3105	23.57749	0.0	0.0	346.71658	116.850075	0.0	0.0	168.6454	0.0	14.242264	0.0	0.0	65.841385	0.0	0.0	0.0	0.0	206.74976	257.92227	0.0	167.73482	26.16076	222.94356	0.0	259.18515	339.964	39.658222	122.89869	0.0	0.0	0.0	59.677353	184.2871	0.0	0.0	35.293243	129.14635	0.0	0.0	0.0
125.53402	0.0	143.39195	0.0	0.0	2.950431	0.0	0.0	0.0	258.2645	0.0	317.68396	0.0	0.0	16.027704	84.893555	0.0	0.0	0.0	0.0	0.0	0.0	35.87441	0.0	0.0	55.621418	0.0	274.5773	0.0	0.0	0.0	63.346752	74.547844	0.0	195.16081	0.0	61.694828	0.0	0.0	111.819305	125.80656	0.0	268.19403	0.0	0.0	88.557556	143.51155	0.0	0.0	77.23246	0.0	168.1233	0.0	239.69629	0.0	0.0	0.0	229.96094	0.0	0.0	0.0	0.0	0.0	29.356676	0.0	0.0	125.13981	0.0	0.0	0.0	0.0	0.0	73.97198	0.0	197.84978	0.0	0.0	0.0	40.65854	55.526478	0.0	0.0	0.0	220.32141	12.360915	0.0	0.0	143.03137	23.507528	0.0	0.0	342.57275	115.83258	0.0	0.0	166.95409	0.0	14.041841	0.0	0.0	65.06408	0.0	0.0	0.0	0.0	204.72646	254.96788	0.0	165.63304	26.300222	220.15906	0.0	256.6202	336.05118	38.559566	120.9816	0.0	0.0	0.0	58.755444	182.02266	0.0	0.0	35.058193	127.67014	0.0	0.0	0.0
124.42408	0.0	141.5142	0.0	0.0	2.5838478	0.0	0.0	0.0	255.09766	0.0	314.1122	0.0	0.0	15.419815	84.36967	0.0	0.0	0.0	0.0	0.0	0.0	35.126816	0.0	0.0	54.979065	0.0	271.83612	0.0	0.0	0.0	62.281757	73.94457	0.0	192.73274	0.0	60.96399	0.0	0.0	110.33597	124.052345	0.0	265.17374	0.0	0.0	87.49945	141.51634	0.0	0.0	76.93537	0.0	165.9809	0.0	236.91298	0.0	0.0	0.0	227.50124	0.0	0.0	0.0	0.0	0.0	29.204542	0.0	0.0	123.962166	0.0	0.0	0.0	0.0	0.0	73.240265	0.0	195.35828	0.0	0.0	0.0	40.002583	54.67824	0.0	0.0	0.0	217.68523	12.092495	0.0	0.0	141.69006	22.643967	0.0	0.0	338.82883	114.46991	0.0	0.0	165.0311	0.0	13.971569	0.0	0.0	64.23971	0.0	0.0	0.0	0.0	201.91974	252.3348	0.0	163.35524	25.9098	217.86414	0.0	253.7638	331.6145	38.35283	119.5525	0.0	0.0	0.0	58.108204	179.62617	0.0	0.0	34.874943	126.021645	0.0	0.0	0.0
125.55538	0.0	143.70514	0.0	0.0	2.8467314	0.0	0.0	0.0	258.70926	0.0	318.17557	0.0	0.0	15.908006	85.18708	0.0	0.0	0.0	0.0	0.0	0.0	35.95872	0.0	0.0	55.934933	0.0	274.9821	0.0	0.0	0.0	63.399445	74.89318	0.0	195.33691	0.0	61.650486	0.0	0.0	111.69268	125.941795	0.0	268.71887	0.0	0.0	88.85706	143.67863	0.0	0.0	77.312904	0.0	168.42322	0.0	240.00432	0.0	0.0	0.0	230.13213	0.0	0.0	0.0	0.0	0.0	29.43757	0.0	0.0	125.28708	0.0	0.0	0.0	0.0	0.0	74.27429	0.0	198.11285	0.0	0.0	0.0	41.010136	55.54608	0.0	0.0	0.0	220.66264	12.353251	0.0	0.0	143.607	23.45411	0.0	0.0	343.27063	115.99404	0.0	0.0	167.11406	0.0	14.056335	0.0	0.0	65.172325	0.0	0.0	0.0	0.0	204.96199	255.4539	0.0	165.9945	26.230215	220.65405	0.0	256.9763	336.42593	38.79165	121.28947	0.0	0.0	0.0	58.95406	182.26917	0.0	0.0	35.148487	127.89451	0.0	0.0	0.0
129.66095	0.0	149.26778	0.0	0.0	3.2910564	0.0	0.0	0.0	268.26175	0.0	329.5629	0.0	0.0	16.479	88.577644	0.0	0.0	0.0	0.0	0.0	0.0	37.597946	0.0	0.0	58.87831	0.0	284.8225	0.0	0.0	0.0	66.07455	77.819275	0.0	201.85445	0.0	63.86826	0.0	0.0	115.38406	131.01009	0.0	279.09756	0.0	0.0	92.281525	148.69633	0.0	0.0	79.44024	0.0	174.6018	0.0	248.66765	0.0	0.0	0.0	237.39893	0.0	0.0	0.0	0.0	0.0	30.586538	0.0	0.0	129.93677	0.0	0.0	0.0	0.0	0.0	77.09107	0.0	205.50824	0.0	0.0	0.0	43.681686	57.667816	0.0	0.0	0.0	228.84381	12.812905	0.0	0.0	149.88835	24.315374	0.0	0.0	356.38657	119.68897	0.0	0.0	173.10643	0.0	14.37176	0.0	0.0	67.23123	0.0	0.0	0.0	0.0	211.89098	264.65634	0.0	172.34248	26.760336	229.38765	0.0	265.83096	348.95413	41.38992	126.633705	0.0	0.0	0.0	61.33653	189.13568	0.0	0.0	36.07924	132.625	0.0	0.0	0.0
128.14061	0.0	148.09906	0.0	0.0	3.47555	0.0	0.0	0.0	266.1766	0.0	326.8287	0.0	0.0	17.10193	86.42822	0.0	0.0	0.0	0.0	0.0	0.0	37.609802	0.0	0.0	57.84552	0.0	281.26913	0.0	0.0	0.0	65.479576	76.73725	0.0	201.0616	0.0	63.174927	0.0	0.0	114.38006	129.56042	0.0	275.56094	0.0	0.0	91.49896	148.57886	0.0	0.0	78.08935	0.0	173.62726	0.0	246.57668	0.0	0.0	0.0	235.81892	0.0	0.0	0.0	0.0	0.0	30.100515	0.0	0.0	127.80807	0.0	0.0	0.0	0.0	0.0	76.590294	0.0	204.02531	0.0	0.0	0.0	42.578846	57.270267	0.0	0.0	0.0	226.50053	12.998452	0.0	0.0	147.29042	25.141123	0.0	0.0	352.15613	119.47516	0.0	0.0	171.63208	0.0	14.231294	0.0	0.0	67.44785	0.0	0.0	0.0	0.0	211.65991	261.698	0.0	171.18129	27.006983	226.01863	0.0	263.55347	346.37732	39.14522	124.8641	0.0	0.0	0.0	60.63735	188.01079	0.0	0.0	36.039433	131.73775	0.0	0.0	0.0
126.05241	0.0	144.13403	0.0	0.0	3.097866	0.0	0.0	0.0	259.40842	0.0	319.19418	0.0	0.0	16.130243	85.22033	0.0	0.0	0.0	0.0	0.0	0.0	36.187687	0.0	0.0	56.10271	0.0	275.7267	0.0	0.0	0.0	63.692093	74.94933	0.0	196.23663	0.0	62.01302	0.0	0.0	112.385345	126.364685	0.0	269.45578	0.0	0.0	88.95692	144.39464	0.0	0.0	77.34507	0.0	168.83473	0.0	240.75468	0.0	0.0	0.0	230.92456	0.0	0.0	0.0	0.0	0.0	29.480988	0.0	0.0	125.68316	0.0	0.0	0.0	0.0	0.0	74.38126	0.0	199.024	0.0	0.0	0.0	40.75294	55.73416	0.0	0.0	0.0	221.33058	12.295994	0.0	0.0	143.691	23.711851	0.0	0.0	344.08334	116.35482	0.0	0.0	167.78493	0.0	14.205577	0.0	0.0	65.54247	0.0	0.0	0.0	0.0	205.9246	256.0386	0.0	166.41399	26.42379	221.03503	0.0	257.7551	337.84366	38.734478	121.68749	0.0	0.0	0.0	58.980053	183.00232	0.0	0.0	35.39584	128.16545	0.0	0.0	0.0
124.535515	0.0	141.13306	0.0	0.0	2.5487437	0.0	0.0	0.0	254.49031	0.0	313.6572	0.0	0.0	15.404163	84.68686	0.0	0.0	0.0	0.0	0.0	0.0	34.94436	0.0	0.0	54.77004	0.0	271.91714	0.0	0.0	0.0	62.074818	73.888054	0.0	192.40192	0.0	61.111942	0.0	0.0	110.632774	124.00202	0.0	265.15897	0.0	0.0	87.16385	141.05054	0.0	0.0	77.08944	0.0	165.29332	0.0	236.43675	0.0	0.0	0.0	227.20197	0.0	0.0	0.0	0.0	0.0	29.145264	0.0	0.0	124.14789	0.0	0.0	0.0	0.0	0.0	72.80689	0.0	194.96875	0.0	0.0	0.0	39.722248	54.553394	0.0	0.0	0.0	217.544	11.722946	0.0	0.0	141.56262	22.39157	0.0	0.0	338.4704	113.98757	0.0	0.0	164.83504	0.0	14.021915	0.0	0.0	63.666992	0.0	0.0	0.0	0.0	201.24577	252.10844	0.0	162.86714	25.889694	217.81792	0.0	253.3786	331.14636	39.088284	119.42222	0.0	0.0	0.0	57.843704	179.13097	0.0	0.0	34.71663	125.60555	0.0	0.0	0.0
129.35878	0.0	144.89632	0.0	0.0	1.2812116	0.0	0.0	0.0	260.8112	0.0	321.3801	0.0	0.0	12.888203	91.93708	0.0	0.0	0.0	0.0	0.0	0.0	35.466297	0.0	0.0	57.5793	0.0	282.75388	0.0	0.0	0.0	64.0223	76.89807	0.0	193.5338	0.0	62.78291	0.0	0.0	113.18527	128.48	0.0	275.79153	0.0	0.0	89.25021	139.79582	0.0	0.0	82.16155	0.0	169.31015	0.0	242.80577	0.0	0.0	0.0	231.77773	0.0	0.0	0.0	0.0	0.0	31.131823	0.0	0.0	131.05986	0.0	0.0	0.0	0.0	0.0	74.29343	0.0	197.57745	0.0	0.0	0.0	43.6075	56.325207	0.0	0.0	0.0	224.98427	12.140256	0.0	0.0	150.25014	18.525154	0.0	0.0	351.72864	113.593315	0.0	0.0	168.53796	0.0	14.8617525	0.0	0.0	62.282993	0.0	0.0	0.0	0.0	199.9552	261.51318	0.0	166.35687	24.42283	228.94319	0.0	260.2474	338.02704	46.956112	124.881935	0.0	0.0	0.0	60.601055	182.55214	0.0	0.0	33.99965	128.99622	0.0	0.0	0.0
161.20271	0.0	169.33136	0.0	0.0	0.0	0.0	0.0	0.0	303.68433	0.0	373.16992	0.0	0.0	2.0795195	129.79875	0.0	0.0	0.0	0.0	0.0	0.0	38.157658	0.0	0.0	75.028984	0.0	344.69873	0.0	0.0	0.0	74.77685	94.292786	0.0	211.96246	0.0	77.17159	0.0	0.0	129.86192	156.92625	0.0	339.65695	0.0	0.0	102.41178	142.6828	0.0	0.0	112.31281	0.0	191.98586	0.0	282.22287	0.0	0.0	0.0	263.70517	0.0	0.0	0.0	0.0	0.0	39.4539	0.0	0.0	171.20284	0.0	0.0	0.0	0.0	0.0	87.23968	0.0	223.56177	0.0	0.0	0.0	62.383587	63.663742	0.0	0.0	0.0	270.69336	12.21212	0.0	0.0	199.25208	1.8376955	0.0	0.0	430.04028	120.053246	0.0	0.0	195.84926	0.0	19.29999	0.0	0.0	60.7786	0.0	0.0	0.0	0.0	205.95537	316.77383	0.0	188.97412	17.997026	291.45016	0.0	302.1475	384.8243	87.44393	158.84538	0.0	0.0	0.0	74.93408	206.54742	0.0	0.0	31.848053	148.57552	0.0	0.0	0.0
131.67786	0.0	152.73201	0.0	0.0	4.1006417	0.0	0.0	0.0	273.24176	0.0	335.76828	0.0	0.0	16.743452	89.27753	0.0	0.0	0.0	0.0	0.0	0.0	38.730053	0.0	0.0	60.49655	0.0	288.8932	0.0	0.0	0.0	67.54211	78.95284	0.0	206.20709	0.0	65.16044	0.0	0.0	116.94344	133.80762	0.0	283.64963	0.0	0.0	94.15165	152.43016	0.0	0.0	80.25991	0.0	178.00056	0.0	253.20064	0.0	0.0	0.0	241.55675	0.0	0.0	0.0	0.0	0.0	30.994759	0.0	0.0	132.06197	0.0	0.0	0.0	0.0	0.0	79.270905	0.0	210.12633	0.0	0.0	0.0	44.393368	58.671417	0.0	0.0	0.0	233.16536	13.122426	0.0	0.0	152.27673	25.300308	0.0	0.0	362.63098	122.387024	0.0	0.0	176.36186	0.0	14.643631	0.0	0.0	69.41946	0.0	0.0	0.0	0.0	216.95221	268.69382	0.0	175.86177	27.013773	232.64156	0.0	270.49118	355.8811	40.953526	129.23595	0.0	0.0	0.0	62.607544	193.29095	0.0	0.0	36.90778	135.1795	0.0	0.0	0.0
128.6898	0.0	147.85542	0.0	0.0	3.2484334	0.0	0.0	0.0	266.37634	0.0	326.75818	0.0	0.0	16.699842	87.474915	0.0	0.0	0.0	0.0	0.0	0.0	37.44518	0.0	0.0	58.069683	0.0	282.27658	0.0	0.0	0.0	65.64865	76.949646	0.0	200.3112	0.0	63.301373	0.0	0.0	114.74133	129.70944	0.0	276.49863	0.0	0.0	91.32995	147.64117	0.0	0.0	78.66246	0.0	173.59749	0.0	246.81898	0.0	0.0	0.0	235.69289	0.0	0.0	0.0	0.0	0.0	30.35501	0.0	0.0	128.59985	0.0	0.0	0.0	0.0	0.0	76.391624	0.0	203.77785	0.0	0.0	0.0	42.883747	57.494045	0.0	0.0	0.0	227.0619	12.901393	0.0	0.0	148.2122	24.320498	0.0	0.0	353.00632	118.8457	0.0	0.0	171.53082	0.0	14.426402	0.0	0.0	66.83911	0.0	0.0	0.0	0.0	210.61473	262.51157	0.0	171.02448	26.832945	227.17278	0.0	263.7628	346.3727	40.43545	125.302734	0.0	0.0	0.0	60.708683	187.68254	0.0	0.0	36.04293	131.8138	0.0	0.0	0.0
127.235435	0.0	144.40865	0.0	0.0	2.2619455	0.0	0.0	0.0	260.16742	0.0	320.20285	0.0	0.0	15.151997	87.39265	0.0	0.0	0.0	0.0	0.0	0.0	35.820553	0.0	0.0	56.387325	0.0	278.25674	0.0	0.0	0.0	63.677753	75.72542	0.0	195.58107	0.0	62.27658	0.0	0.0	112.618774	126.94474	0.0	271.48343	0.0	0.0	89.132545	143.03293	0.0	0.0	79.16732	0.0	169.15593	0.0	241.60143	0.0	0.0	0.0	231.6942	0.0	0.0	0.0	0.0	0.0	29.99328	0.0	0.0	127.405785	0.0	0.0	0.0	0.0	0.0	74.469	0.0	198.62695	0.0	0.0	0.0	41.61877	55.98224	0.0	0.0	0.0	222.6617	12.297519	0.0	0.0	145.87395	22.134233	0.0	0.0	346.79288	115.77295	0.0	0.0	168.0649	0.0	14.388924	0.0	0.0	64.63557	0.0	0.0	0.0	0.0	204.33174	258.04013	0.0	166.53532	25.891548	223.70525	0.0	258.84195	337.9541	41.20674	122.54373	0.0	0.0	0.0	59.55717	182.88753	0.0	0.0	35.05669	128.61568	0.0	0.0	0.0
147.87837	0.0	158.69673	0.0	0.0	0.0	0.0	0.0	0.0	284.9411	0.0	351.0906	0.0	0.0	5.9008803	114.72495	0.0	0.0	0.0	0.0	0.0	0.0	36.535385	0.0	0.0	67.27158	0.0	319.57162	0.0	0.0	0.0	69.94687	87.250084	0.0	203.42494	0.0	70.79069	0.0	0.0	122.951294	144.65382	0.0	312.98596	0.0	0.0	96.632195	140.418	0.0	0.0	100.38291	0.0	182.02055	0.0	265.2423	0.0	0.0	0.0	250.56364	0.0	0.0	0.0	0.0	0.0	36.15953	0.0	0.0	154.78188	0.0	0.0	0.0	0.0	0.0	81.41581	0.0	211.55751	0.0	0.0	0.0	54.562984	60.58105	0.0	0.0	0.0	251.32288	12.069478	0.0	0.0	178.90593	7.3701477	0.0	0.0	397.36832	116.74317	0.0	0.0	184.11053	0.0	17.37543	0.0	0.0	60.55971	0.0	0.0	0.0	0.0	201.97166	293.95743	0.0	179.10918	20.623308	265.56976	0.0	284.67886	364.13156	71.30067	144.03365	0.0	0.0	0.0	69.0718	195.63301	0.0	0.0	32.67865	140.08955	0.0	0.0	0.0
218.26009	0.0	203.28755	0.0	0.0	0.0	0.0	0.0	0.0	363.07178	0.0	441.41147	0.0	0.0	0.0	199.37804	0.0	0.0	0.0	0.0	0.0	0.0	35.647243	0.0	0.0	103.56399	0.0	437.67465	0.0	0.0	0.0	86.441216	117.390015	0.0	225.60783	0.0	105.83242	0.0	0.0	148.92033	203.71318	0.0	440.8798	0.0	0.0	118.05957	128.20634	0.0	0.0	174.52586	0.0	213.0658	0.0	333.6218	0.0	0.0	0.0	299.9258	0.0	0.0	0.0	0.0	0.0	52.13619	0.0	0.0	244.86995	0.0	0.0	0.0	0.0	0.0	107.12429	0.0	250.94087	0.0	0.0	0.0	95.080475	65.29965	0.0	0.0	0.0	339.98135	10.661519	0.0	0.0	283.8857	0.0	0.0	0.0	547.3764	121.935646	0.0	0.0	234.30183	0.0	27.92745	0.0	0.0	51.789577	0.0	0.0	0.0	0.0	190.13947	400.34012	0.0	212.66602	2.5387008	397.80795	0.0	354.3292	433.69107	169.76439	216.60323	24.125544	0.0	0.0	98.01907	231.90837	0.0	0.0	18.074104	170.52936	0.0	0.0	0.0
134.62079	0.0	157.68687	0.0	0.0	4.949381	0.0	0.0	0.0	282.0516	0.0	345.25427	0.0	0.0	18.067377	90.74658	0.0	0.0	0.0	0.0	0.0	0.0	40.340565	0.0	0.0	62.785564	0.0	296.29788	0.0	0.0	0.0	70.02837	81.05247	0.0	212.45496	0.0	67.024414	0.0	0.0	120.29104	138.11641	0.0	291.73245	0.0	0.0	97.018	157.71614	0.0	0.0	81.13615	0.0	183.77425	0.0	260.62732	0.0	0.0	0.0	247.67403	0.0	0.0	0.0	0.0	0.0	31.605661	0.0	0.0	135.08128	0.0	0.0	0.0	0.0	0.0	81.812035	0.0	216.7292	0.0	0.0	0.0	46.450314	60.472248	0.0	0.0	0.0	240.12817	13.640648	0.0	0.0	156.7912	27.087029	0.0	0.0	372.89636	126.088585	0.0	0.0	181.36896	0.0	14.716361	0.0	0.0	71.83723	0.0	0.0	0.0	0.0	224.05048	276.09155	0.0	181.80464	27.990778	239.1494	0.0	277.79074	367.18546	41.770374	133.54695	0.0	0.0	0.0	64.551926	199.40712	0.0	0.0	37.64038	139.55904	0.0	0.0	0.0
126.86914	0.0	143.78148	0.0	0.0	2.4896924	0.0	0.0	0.0	258.71542	0.0	319.25687	0.0	0.0	15.48236	86.21674	0.0	0.0	0.0	0.0	0.0	0.0	35.471954	0.0	0.0	55.409557	0.0	276.7987	0.0	0.0	0.0	63.139233	74.92022	0.0	195.86487	0.0	62.27937	0.0	0.0	112.752846	126.4874	0.0	269.9442	0.0	0.0	88.61307	143.2918	0.0	0.0	78.720314	0.0	168.13603	0.0	240.5733	0.0	0.0	0.0	231.25627	0.0	0.0	0.0	0.0	0.0	29.494516	0.0	0.0	126.590904	0.0	0.0	0.0	0.0	0.0	73.80592	0.0	198.09145	0.0	0.0	0.0	40.267704	55.564747	0.0	0.0	0.0	221.43114	12.057765	0.0	0.0	143.86186	22.720016	0.0	0.0	344.3428	115.90012	0.0	0.0	167.81596	0.0	14.231828	0.0	0.0	64.60358	0.0	0.0	0.0	0.0	204.40367	256.5405	0.0	165.70306	26.346148	221.59772	0.0	257.94357	336.9752	39.66157	121.36593	0.0	0.0	0.0	58.965256	182.12779	0.0	0.0	34.97681	127.72503	0.0	0.0	0.0
127.42397	0.0	146.1569	0.0	0.0	2.8129804	0.0	0.0	0.0	262.51706	0.0	322.99005	0.0	0.0	16.005028	86.72265	0.0	0.0	0.0	0.0	0.0	0.0	36.596195	0.0	0.0	57.079296	0.0	279.28995	0.0	0.0	0.0	64.45611	76.10355	0.0	198.02858	0.0	62.642933	0.0	0.0	113.371765	128.23215	0.0	273.25903	0.0	0.0	90.159454	145.52596	0.0	0.0	78.50059	0.0	170.94572	0.0	243.5761	0.0	0.0	0.0	233.22087	0.0	0.0	0.0	0.0	0.0	29.888796	0.0	0.0	127.50464	0.0	0.0	0.0	0.0	0.0	75.34339	0.0	201.04427	0.0	0.0	0.0	42.003124	56.36491	0.0	0.0	0.0	224.19688	12.4537735	0.0	0.0	146.20766	23.54458	0.0	0.0	348.84427	117.37272	0.0	0.0	169.63786	0.0	14.288293	0.0	0.0	65.88573	0.0	0.0	0.0	0.0	207.51485	259.42624	0.0	168.42992	26.271627	224.31384	0.0	260.73657	341.64688	40.128517	123.49152	0.0	0.0	0.0	60.03984	185.06036	0.0	0.0	35.27572	129.71117	0.0	0.0	0.0
143.51276	0.0	157.75673	0.0	0.0	0.97330517	0.0	0.0	0.0	284.3491	0.0	349.12747	0.0	0.0	10.530847	106.4004	0.0	0.0	0.0	0.0	0.0	0.0	38.011105	0.0	0.0	65.40597	0.0	311.9592	0.0	0.0	0.0	69.967125	85.169426	0.0	206.59935	0.0	69.224205	0.0	0.0	122.61429	141.88399	0.0	305.74765	0.0	0.0	96.83631	146.36053	0.0	0.0	93.62696	0.0	183.28033	0.0	264.2354	0.0	0.0	0.0	249.96692	0.0	0.0	0.0	0.0	0.0	34.737183	0.0	0.0	147.60313	0.0	0.0	0.0	0.0	0.0	81.174706	0.0	213.44804	0.0	0.0	0.0	51.383602	61.009212	0.0	0.0	0.0	247.42793	12.830333	0.0	0.0	170.9506	14.476825	0.0	0.0	388.9231	119.890465	0.0	0.0	183.08186	0.0	16.794327	0.0	0.0	64.32966	0.0	0.0	0.0	0.0	210.36003	288.27536	0.0	180.2544	23.78285	256.70325	0.0	282.93738	365.86096	60.66879	139.96196	0.0	0.0	0.0	67.27163	197.19019	0.0	0.0	35.057053	140.20836	0.0	0.0	0.0
249.20598	0.0	227.63202	0.0	0.0	0.0	0.0	0.0	0.0	405.8564	0.0	490.94492	0.0	0.0	0.0	234.2365	0.0	0.0	0.0	0.0	0.0	0.0	38.479218	0.0	0.0	121.6964	0.0	494.0341	0.0	0.0	0.0	95.784645	132.79787	0.0	244.39357	0.0	120.80462	0.0	0.0	164.20253	231.83159	0.0	501.93704	0.0	0.0	132.46611	133.28131	0.0	0.0	202.53613	0.0	234.3977	0.0	371.77505	0.0	0.0	0.0	328.84415	0.0	0.0	0.0	0.0	0.0	58.991024	0.0	0.0	282.8267	0.0	0.0	0.0	0.0	0.0	122.028496	0.0	277.71048	0.0	0.0	0.0	113.95725	71.38613	0.0	0.0	0.0	383.59012	11.1875305	0.0	0.0	330.76694	0.0	0.0	0.0	621.9348	129.62138	0.0	0.0	261.9077	0.0	33.095875	0.0	0.0	53.694393	0.0	0.0	0.0	0.0	199.22363	452.19113	0.0	234.8007	1.1173222	457.96957	0.0	393.81885	478.09262	207.40002	250.41852	33.99499	0.0	0.0	111.7297	257.55594	0.0	0.0	17.773516	188.50044	0.0	0.0	0.0
127.93447	0.0	145.73354	0.0	0.0	3.915226	0.0	0.0	0.0	263.19986	0.0	324.46735	0.0	0.0	17.63006	83.62121	0.0	0.0	0.0	0.0	0.0	0.0	36.02486	0.0	0.0	55.083363	0.0	277.9789	0.0	0.0	0.0	63.603924	75.163765	0.0	201.55775	0.0	63.148815	0.0	0.0	114.39295	127.36499	0.0	271.04004	0.0	0.0	90.07671	148.97026	0.0	0.0	77.90252	0.0	171.07741	0.0	244.20695	0.0	0.0	0.0	235.70311	0.0	0.0	0.0	0.0	0.0	29.079634	0.0	0.0	125.62384	0.0	0.0	0.0	0.0	0.0	75.38855	0.0	203.11836	0.0	0.0	0.0	38.725597	55.818287	0.0	0.0	0.0	223.20793	12.304324	0.0	0.0	142.39342	26.041267	0.0	0.0	346.16455	120.41965	0.0	0.0	170.7036	0.0	14.044807	0.0	0.0	67.75241	0.0	0.0	0.0	0.0	212.29657	258.37387	0.0	168.75238	28.393288	220.90668	0.0	261.40826	343.0465	34.998135	121.48473	0.0	0.0	0.0	58.946033	185.64476	0.0	0.0	36.799953	129.73764	0.0	0.0	0.0
120.28164	0.0	134.58348	0.0	0.0	2.2501862	0.0	0.0	0.0	242.67035	0.0	300.5263	0.0	0.0	14.542422	80.56007	0.0	0.0	0.0	0.0	0.0	0.0	32.36436	0.0	0.0	50.77448	0.0	260.16672	0.0	0.0	0.0	58.376373	70.04218	0.0	184.9673	0.0	58.890636	0.0	0.0	106.25998	118.43676	0.0	252.66475	0.0	0.0	82.74706	135.14557	0.0	0.0	75.12684	0.0	157.32399	0.0	225.98657	0.0	0.0	0.0	218.89622	0.0	0.0	0.0	0.0	0.0	27.503769	0.0	0.0	119.0868	0.0	0.0	0.0	0.0	0.0	69.32734	0.0	186.24384	0.0	0.0	0.0	35.912685	51.623043	0.0	0.0	0.0	207.60793	11.047507	0.0	0.0	133.67195	21.054611	0.0	0.0	322.69733	109.951355	0.0	0.0	158.01501	0.0	13.456157	0.0	0.0	60.938023	0.0	0.0	0.0	0.0	192.7947	241.00458	0.0	155.06151	25.342133	207.07158	0.0	242.79968	316.02255	35.722324	113.068596	0.0	0.0	0.0	54.817432	170.46907	0.0	0.0	33.27472	119.65893	0.0	0.0	0.0
121.288605	0.0	135.73962	0.0	0.0	2.5884545	0.0	0.0	0.0	244.9837	0.0	303.3997	0.0	0.0	14.879733	80.909584	0.0	0.0	0.0	0.0	0.0	0.0	32.67294	0.0	0.0	51.030766	0.0	262.2758	0.0	0.0	0.0	58.830967	70.51922	0.0	186.88403	0.0	59.579132	0.0	0.0	107.27481	119.50009	0.0	254.6617	0.0	0.0	83.61598	136.83846	0.0	0.0	75.52576	0.0	158.76125	0.0	228.11906	0.0	0.0	0.0	221.05872	0.0	0.0	0.0	0.0	0.0	27.749403	0.0	0.0	119.79447	0.0	0.0	0.0	0.0	0.0	69.999275	0.0	188.23067	0.0	0.0	0.0	35.913498	52.101543	0.0	0.0	0.0	209.32312	11.161435	0.0	0.0	134.33878	21.751596	0.0	0.0	325.16678	111.2931	0.0	0.0	159.52551	0.0	13.399471	0.0	0.0	61.70102	0.0	0.0	0.0	0.0	195.115	242.9016	0.0	156.527	25.885015	208.49489	0.0	244.90761	319.02213	35.42812	113.98019	0.0	0.0	0.0	55.203922	172.13448	0.0	0.0	33.962185	120.87332	0.0	0.0	0.0
125.38543	0.0	141.55565	0.0	0.0	3.6353242	0.0	0.0	0.0	255.4586	0.0	315.7632	0.0	0.0	16.688826	81.85137	0.0	0.0	0.0	0.0	0.0	0.0	34.5164	0.0	0.0	52.89371	0.0	271.00757	0.0	0.0	0.0	61.481182	72.877686	0.0	195.88527	0.0	61.904053	0.0	0.0	111.57508	124.06722	0.0	263.58395	0.0	0.0	87.08362	144.28	0.0	0.0	77.0583	0.0	165.86884	0.0	237.50691	0.0	0.0	0.0	230.045	0.0	0.0	0.0	0.0	0.0	28.297956	0.0	0.0	123.06152	0.0	0.0	0.0	0.0	0.0	73.0473	0.0	197.02937	0.0	0.0	0.0	36.875088	54.365437	0.0	0.0	0.0	217.26385	11.965985	0.0	0.0	138.17084	24.54114	0.0	0.0	336.78598	117.06675	0.0	0.0	166.07053	0.0	13.793087	0.0	0.0	65.53614	0.0	0.0	0.0	0.0	205.72829	251.54997	0.0	163.61458	27.583876	215.03351	0.0	254.5483	333.11774	34.239178	117.989136	0.0	0.0	0.0	57.151165	180.03532	0.0	0.0	35.635082	125.94749	0.0	0.0	0.0
119.11889	0.0	132.85124	0.0	0.0	2.022153	0.0	0.0	0.0	239.69072	0.0	296.84204	0.0	0.0	14.176225	80.03486	0.0	0.0	0.0	0.0	0.0	0.0	31.907553	0.0	0.0	50.126606	0.0	257.5269	0.0	0.0	0.0	57.685806	69.17399	0.0	182.37422	0.0	58.239323	0.0	0.0	105.11733	117.27448	0.0	249.9461	0.0	0.0	81.6898	133.01964	0.0	0.0	74.49258	0.0	155.42563	0.0	223.43097	0.0	0.0	0.0	216.32222	0.0	0.0	0.0	0.0	0.0	27.282288	0.0	0.0	117.98468	0.0	0.0	0.0	0.0	0.0	68.28336	0.0	183.68333	0.0	0.0	0.0	35.573956	51.106693	0.0	0.0	0.0	205.31158	10.993819	0.0	0.0	132.33899	20.38778	0.0	0.0	319.13138	108.31011	0.0	0.0	156.05122	0.0	13.267795	0.0	0.0	59.71076	0.0	0.0	0.0	0.0	189.80437	238.33672	0.0	153.20732	24.965584	205.11652	0.0	239.87163	312.15488	35.957428	111.90969	0.0	0.0	0.0	54.222492	168.35307	0.0	0.0	32.702194	118.3191	0.0	0.0	0.0
143.54106	0.0	166.96071	0.0	0.0	7.9699655	0.0	0.0	0.0	301.36252	0.0	370.37302	0.0	0.0	23.77268	88.184166	0.0	0.0	0.0	0.0	0.0	0.0	42.247047	0.0	0.0	61.257748	0.0	311.04688	0.0	0.0	0.0	73.12487	83.78827	0.0	233.92775	0.0	72.040504	0.0	0.0	130.09007	144.72609	0.0	303.76285	0.0	0.0	102.79163	176.17155	0.0	0.0	84.06436	0.0	196.4115	0.0	278.69073	0.0	0.0	0.0	269.70554	0.0	0.0	0.0	0.0	0.0	31.729948	0.0	0.0	138.48517	0.0	0.0	0.0	0.0	0.0	86.74424	0.0	234.5753	0.0	0.0	0.0	41.614334	64.014366	0.0	0.0	0.0	253.0633	14.871635	0.0	0.0	156.43858	35.496914	0.0	0.0	388.7854	141.74088	0.0	0.0	194.65352	0.0	15.077812	0.0	0.0	81.113075	0.0	0.0	0.0	0.0	250.25899	290.84473	0.0	194.6579	34.793987	244.90291	0.0	297.2582	394.1045	30.55037	136.28323	0.0	0.0	0.0	66.15586	213.27016	0.0	0.0	43.4711	148.74234	0.0	0.0	0.0
120.028725	0.0	133.92485	0.0	0.0	2.2804887	0.0	0.0	0.0	241.72693	0.0	299.3658	0.0	0.0	14.357623	80.61932	0.0	0.0	0.0	0.0	0.0	0.0	32.229893	0.0	0.0	50.65623	0.0	259.55606	0.0	0.0	0.0	58.217854	69.82891	0.0	183.98067	0.0	58.803753	0.0	0.0	105.98626	118.1308	0.0	252.01994	0.0	0.0	82.37457	134.36653	0.0	0.0	74.87148	0.0	156.5622	0.0	225.34962	0.0	0.0	0.0	218.08858	0.0	0.0	0.0	0.0	0.0	27.595888	0.0	0.0	118.91217	0.0	0.0	0.0	0.0	0.0	69.05558	0.0	185.55725	0.0	0.0	0.0	35.812122	51.56903	0.0	0.0	0.0	207.12964	10.895429	0.0	0.0	133.52263	20.687773	0.0	0.0	321.7156	109.28251	0.0	0.0	157.39531	0.0	13.467194	0.0	0.0	60.366863	0.0	0.0	0.0	0.0	191.82619	240.29918	0.0	154.4164	25.154882	206.65541	0.0	241.88245	314.96518	36.140152	112.87548	0.0	0.0	0.0	54.54253	169.8194	0.0	0.0	33.222095	119.28631	0.0	0.0	0.0
121.808685	0.0	136.86183	0.0	0.0	2.8997805	0.0	0.0	0.0	247.24992	0.0	305.66306	0.0	0.0	15.512216	80.71693	0.0	0.0	0.0	0.0	0.0	0.0	33.118786	0.0	0.0	51.583324	0.0	263.77774	0.0	0.0	0.0	59.562115	71.018906	0.0	188.74092	0.0	59.844166	0.0	0.0	108.15802	120.46295	0.0	256.31546	0.0	0.0	84.28403	138.43001	0.0	0.0	75.33749	0.0	160.39209	0.0	230.09044	0.0	0.0	0.0	222.70044	0.0	0.0	0.0	0.0	0.0	27.829836	0.0	0.0	120.151634	0.0	0.0	0.0	0.0	0.0	70.585045	0.0	190.08357	0.0	0.0	0.0	36.34639	52.69697	0.0	0.0	0.0	210.92358	11.475532	0.0	0.0	135.1459	22.494299	0.0	0.0	327.4265	112.44357	0.0	0.0	160.71861	0.0	13.434455	0.0	0.0	62.50115	0.0	0.0	0.0	0.0	197.4251	244.65797	0.0	158.24709	26.2013	209.77637	0.0	246.83807	322.1265	35.001186	114.87908	0.0	0.0	0.0	55.587368	173.78723	0.0	0.0	34.22453	122.022316	0.0	0.0	0.0
123.555855	0.0	138.6967	0.0	0.0	3.0885909	0.0	0.0	0.0	249.6095	0.0	309.11096	0.0	0.0	15.590134	81.916176	0.0	0.0	0.0	0.0	0.0	0.0	33.586514	0.0	0.0	51.919445	0.0	266.73288	0.0	0.0	0.0	60.375553	71.48652	0.0	190.73814	0.0	60.85172	0.0	0.0	109.67822	122.24292	0.0	259.33896	0.0	0.0	84.78467	139.87148	0.0	0.0	76.441765	0.0	161.88268	0.0	232.60022	0.0	0.0	0.0	225.24306	0.0	0.0	0.0	0.0	0.0	28.053934	0.0	0.0	122.19327	0.0	0.0	0.0	0.0	0.0	71.03125	0.0	191.9422	0.0	0.0	0.0	36.53358	53.53005	0.0	0.0	0.0	213.83144	11.509168	0.0	0.0	136.47636	22.570251	0.0	0.0	331.0306	113.50033	0.0	0.0	162.50209	0.0	13.718861	0.0	0.0	62.956577	0.0	0.0	0.0	0.0	199.44444	247.26958	0.0	160.09827	26.414259	212.07964	0.0	249.58693	325.98822	35.583683	116.26392	0.0	0.0	0.0	56.201626	175.6284	0.0	0.0	34.12145	123.22031	0.0	0.0	0.0
119.11597	0.0	132.87582	0.0	0.0	2.1761062	0.0	0.0	0.0	239.7148	0.0	296.8615	0.0	0.0	14.199868	80.02216	0.0	0.0	0.0	0.0	0.0	0.0	31.888573	0.0	0.0	50.07977	0.0	257.49744	0.0	0.0	0.0	57.69949	69.21105	0.0	182.3192	0.0	58.406483	0.0	0.0	105.14456	117.22601	0.0	249.81355	0.0	0.0	81.70039	133.19283	0.0	0.0	74.55366	0.0	155.30913	0.0	223.4129	0.0	0.0	0.0	216.43007	0.0	0.0	0.0	0.0	0.0	27.405844	0.0	0.0	118.01431	0.0	0.0	0.0	0.0	0.0	68.339874	0.0	183.68294	0.0	0.0	0.0	35.52214	51.084927	0.0	0.0	0.0	205.36803	10.954556	0.0	0.0	132.16797	20.385336	0.0	0.0	319.01917	108.38794	0.0	0.0	156.06622	0.0	13.244306	0.0	0.0	59.80801	0.0	0.0	0.0	0.0	189.86299	238.2957	0.0	153.2348	24.97129	205.04681	0.0	239.95601	312.0505	35.799484	111.93598	0.0	0.0	0.0	54.12016	168.2474	0.0	0.0	32.81309	118.27951	0.0	0.0	0.0
118.97837	0.0	132.43752	0.0	0.0	2.1320393	0.0	0.0	0.0	239.26259	0.0	296.28687	0.0	0.0	14.1741	79.96487	0.0	0.0	0.0	0.0	0.0	0.0	31.73002	0.0	0.0	49.918278	0.0	257.0886	0.0	0.0	0.0	57.52008	69.19733	0.0	181.91595	0.0	58.29712	0.0	0.0	104.951485	116.886665	0.0	249.29143	0.0	0.0	81.419556	132.82076	0.0	0.0	74.5277	0.0	154.82043	0.0	222.88591	0.0	0.0	0.0	216.0898	0.0	0.0	0.0	0.0	0.0	27.359888	0.0	0.0	117.79596	0.0	0.0	0.0	0.0	0.0	68.24549	0.0	183.26826	0.0	0.0	0.0	35.329647	50.99416	0.0	0.0	0.0	204.93388	10.82808	0.0	0.0	132.06409	20.184631	0.0	0.0	318.4445	108.173164	0.0	0.0	155.66655	0.0	13.268434	0.0	0.0	59.57243	0.0	0.0	0.0	0.0	189.42053	237.9753	0.0	152.77087	24.983185	204.70436	0.0	239.46448	311.31543	35.905853	111.80338	0.0	0.0	0.0	53.934296	167.72484	0.0	0.0	32.907715	118.08963	0.0	0.0	0.0
119.085144	0.0	132.48918	0.0	0.0	2.1393826	0.0	0.0	0.0	239.07068	0.0	296.27158	0.0	0.0	13.961971	80.15732	0.0	0.0	0.0	0.0	0.0	0.0	31.745422	0.0	0.0	49.986958	0.0	257.10428	0.0	0.0	0.0	57.530975	69.15215	0.0	181.91164	0.0	58.303997	0.0	0.0	104.883995	116.95929	0.0	249.38509	0.0	0.0	81.35177	132.68646	0.0	0.0	74.56834	0.0	154.75526	0.0	222.83159	0.0	0.0	0.0	216.06104	0.0	0.0	0.0	0.0	0.0	27.372011	0.0	0.0	118.04543	0.0	0.0	0.0	0.0	0.0	68.21906	0.0	183.26106	0.0	0.0	0.0	35.177593	51.009144	0.0	0.0	0.0	204.9883	10.808284	0.0	0.0	132.15512	20.048182	0.0	0.0	318.47757	107.980415	0.0	0.0	155.69154	0.0	13.303246	0.0	0.0	59.559757	0.0	0.0	0.0	0.0	189.2802	237.94682	0.0	152.6523	24.917856	204.6886	0.0	239.48505	311.33572	35.98209	111.90939	0.0	0.0	0.0	53.933243	167.71541	0.0	0.0	32.87943	118.04663	0.0	0.0	0.0
118.527824	0.0	132.13297	0.0	0.0	2.203636	0.0	0.0	0.0	238.42644	0.0	295.3492	0.0	0.0	14.079208	79.766655	0.0	0.0	0.0	0.0	0.0	0.0	31.795782	0.0	0.0	50.0414	0.0	256.26514	0.0	0.0	0.0	57.43129	69.02161	0.0	181.41368	0.0	58.023075	0.0	0.0	104.57116	116.56925	0.0	248.7148	0.0	0.0	81.19903	132.36629	0.0	0.0	74.150314	0.0	154.4513	0.0	222.29924	0.0	0.0	0.0	215.26929	0.0	0.0	0.0	0.0	0.0	27.275345	0.0	0.0	117.58423	0.0	0.0	0.0	0.0	0.0	68.15149	0.0	182.94707	0.0	0.0	0.0	35.39343	50.895798	0.0	0.0	0.0	204.37878	10.753864	0.0	0.0	131.85765	20.165594	0.0	0.0	317.6285	107.67725	0.0	0.0	155.28362	0.0	13.342074	0.0	0.0	59.582516	0.0	0.0	0.0	0.0	189.00366	237.18776	0.0	152.28685	24.72421	204.07875	0.0	238.68468	310.63327	35.95113	111.535034	0.0	0.0	0.0	53.82667	167.51935	0.0	0.0	32.732235	117.62225	0.0	0.0	0.0
131.40175	0.0	149.78502	0.0	0.0	5.351654	0.0	0.0	0.0	269.2272	0.0	333.10464	0.0	0.0	18.899384	83.628075	0.0	0.0	0.0	0.0	0.0	0.0	36.911015	0.0	0.0	55.08759	0.0	283.50717	0.0	0.0	0.0	65.14227	75.84397	0.0	208.2586	0.0	65.41627	0.0	0.0	117.73106	130.98167	0.0	275.99008	0.0	0.0	91.648964	154.76447	0.0	0.0	79.29317	0.0	174.90283	0.0	250.47723	0.0	0.0	0.0	242.9652	0.0	0.0	0.0	0.0	0.0	29.269587	0.0	0.0	128.36649	0.0	0.0	0.0	0.0	0.0	77.24456	0.0	208.76605	0.0	0.0	0.0	37.84363	57.519836	0.0	0.0	0.0	228.96869	12.759892	0.0	0.0	143.03008	28.225813	0.0	0.0	352.7606	125.17173	0.0	0.0	175.16792	0.0	14.31396	0.0	0.0	70.594696	0.0	0.0	0.0	0.0	220.1382	263.68423	0.0	173.50517	29.828674	223.71373	0.0	268.10233	352.5872	32.442673	123.556465	0.0	0.0	0.0	59.82768	190.36487	0.0	0.0	37.89243	132.90855	0.0	0.0	0.0
122.94578	0.0	137.72374	0.0	0.0	3.0008907	0.0	0.0	0.0	248.73354	0.0	307.78458	0.0	0.0	15.59006	81.145256	0.0	0.0	0.0	0.0	0.0	0.0	33.313297	0.0	0.0	51.755917	0.0	265.4136	0.0	0.0	0.0	59.74361	71.45499	0.0	190.24867	0.0	60.5109	0.0	0.0	108.896385	121.11178	0.0	257.64844	0.0	0.0	84.66543	139.61354	0.0	0.0	76.06637	0.0	161.11487	0.0	231.50145	0.0	0.0	0.0	224.51848	0.0	0.0	0.0	0.0	0.0	27.90693	0.0	0.0	120.98023	0.0	0.0	0.0	0.0	0.0	71.12159	0.0	191.54903	0.0	0.0	0.0	35.97498	52.879078	0.0	0.0	0.0	212.2362	11.421574	0.0	0.0	135.64635	22.61538	0.0	0.0	329.26926	113.49329	0.0	0.0	161.87657	0.0	13.629771	0.0	0.0	63.0563	0.0	0.0	0.0	0.0	199.14555	246.03664	0.0	159.14551	26.550714	210.76009	0.0	248.31407	324.11752	34.97145	115.54981	0.0	0.0	0.0	55.688885	174.8975	0.0	0.0	34.77623	122.69525	0.0	0.0	0.0
133.0293	0.0	153.02043	0.0	0.0	5.122496	0.0	0.0	0.0	276.5883	0.0	339.8423	0.0	0.0	19.65619	85.658325	0.0	0.0	0.0	0.0	0.0	0.0	38.535305	0.0	0.0	57.741436	0.0	289.54898	0.0	0.0	0.0	67.25996	78.335396	0.0	211.89478	0.0	66.04103	0.0	0.0	119.56606	133.40024	0.0	282.68127	0.0	0.0	94.636116	157.81424	0.0	0.0	79.79055	0.0	180.17393	0.0	255.928	0.0	0.0	0.0	246.69994	0.0	0.0	0.0	0.0	0.0	30.125586	0.0	0.0	129.99434	0.0	0.0	0.0	0.0	0.0	79.180595	0.0	213.5542	0.0	0.0	0.0	40.44417	58.853527	0.0	0.0	0.0	233.62807	13.342423	0.0	0.0	148.03845	29.025873	0.0	0.0	361.31738	127.15798	0.0	0.0	178.65211	0.0	14.399807	0.0	0.0	71.97247	0.0	0.0	0.0	0.0	224.646	269.71164	0.0	177.85713	30.377739	229.99847	0.0	273.56198	360.5057	34.444653	127.08782	0.0	0.0	0.0	61.608204	195.20406	0.0	0.0	38.87129	136.53833	0.0	0.0	0.0
119.002846	0.0	132.25381	0.0	0.0	2.199102	0.0	0.0	0.0	238.80206	0.0	296.11945	0.0	0.0	13.969968	79.90579	0.0	0.0	0.0	0.0	0.0	0.0	31.536781	0.0	0.0	49.93599	0.0	256.96616	0.0	0.0	0.0	57.31135	69.12032	0.0	181.93434	0.0	58.217106	0.0	0.0	104.65597	116.7022	0.0	248.97887	0.0	0.0	81.41401	132.78447	0.0	0.0	74.50503	0.0	154.5468	0.0	222.79744	0.0	0.0	0.0	216.1294	0.0	0.0	0.0	0.0	0.0	27.418716	0.0	0.0	117.78547	0.0	0.0	0.0	0.0	0.0	68.501274	0.0	183.36537	0.0	0.0	0.0	35.063183	50.758987	0.0	0.0	0.0	204.64275	10.71948	0.0	0.0	131.77158	20.152815	0.0	0.0	318.2161	108.233055	0.0	0.0	155.6527	0.0	13.312705	0.0	0.0	59.748592	0.0	0.0	0.0	0.0	189.47571	237.74019	0.0	152.36717	24.936646	204.25598	0.0	239.32652	311.00375	35.63716	111.58297	0.0	0.0	0.0	53.811157	167.61714	0.0	0.0	33.17098	117.93972	0.0	0.0	0.0
118.504524	0.0	131.83647	0.0	0.0	2.2093737	0.0	0.0	0.0	238.32729	0.0	295.08417	0.0	0.0	14.05809	79.294075	0.0	0.0	0.0	0.0	0.0	0.0	31.52527	0.0	0.0	49.671055	0.0	255.77727	0.0	0.0	0.0	57.154552	68.899055	0.0	181.40508	0.0	58.063656	0.0	0.0	104.33189	116.133354	0.0	247.89427	0.0	0.0	81.141785	132.44867	0.0	0.0	74.23347	0.0	154.26057	0.0	222.04933	0.0	0.0	0.0	215.37465	0.0	0.0	0.0	0.0	0.0	27.218163	0.0	0.0	117.10434	0.0	0.0	0.0	0.0	0.0	68.10909	0.0	182.75188	0.0	0.0	0.0	34.988953	50.730755	0.0	0.0	0.0	203.90643	10.814533	0.0	0.0	131.38588	20.205324	0.0	0.0	316.92715	108.03461	0.0	0.0	155.04893	0.0	13.232421	0.0	0.0	59.667385	0.0	0.0	0.0	0.0	189.05756	236.83044	0.0	152.18279	24.92644	203.56178	0.0	238.42155	309.91928	35.202087	111.15862	0.0	0.0	0.0	53.66687	167.07803	0.0	0.0	33.01828	117.68717	0.0	0.0	0.0
120.261894	0.0	134.2389	0.0	0.0	2.4988272	0.0	0.0	0.0	242.25533	0.0	300.12875	0.0	0.0	14.618882	80.21453	0.0	0.0	0.0	0.0	0.0	0.0	32.234127	0.0	0.0	50.522644	0.0	259.7247	0.0	0.0	0.0	58.24715	69.864555	0.0	184.87866	0.0	59.001083	0.0	0.0	106.14557	118.20922	0.0	251.9173	0.0	0.0	82.53466	135.20837	0.0	0.0	75.008675	0.0	156.91318	0.0	225.82518	0.0	0.0	0.0	218.92485	0.0	0.0	0.0	0.0	0.0	27.590841	0.0	0.0	118.88407	0.0	0.0	0.0	0.0	0.0	69.32504	0.0	186.14172	0.0	0.0	0.0	35.451534	51.5984	0.0	0.0	0.0	207.2566	11.005811	0.0	0.0	133.08025	21.114426	0.0	0.0	321.93942	110.00503	0.0	0.0	157.79881	0.0	13.385671	0.0	0.0	60.971832	0.0	0.0	0.0	0.0	192.82631	240.49593	0.0	154.78722	25.459105	206.46513	0.0	242.4303	315.5657	35.2814	112.9051	0.0	0.0	0.0	54.45152	170.19618	0.0	0.0	33.540318	119.534065	0.0	0.0	0.0
129.34872	0.0	146.85033	0.0	0.0	4.4130006	0.0	0.0	0.0	265.50455	0.0	327.40512	0.0	0.0	18.01274	83.66804	0.0	0.0	0.0	0.0	0.0	0.0	36.336014	0.0	0.0	55.20908	0.0	279.9092	0.0	0.0	0.0	64.01631	75.59363	0.0	203.9059	0.0	63.999035	0.0	0.0	115.31728	128.29584	0.0	272.47623	0.0	0.0	90.7181	151.09267	0.0	0.0	78.54719	0.0	172.42732	0.0	246.2776	0.0	0.0	0.0	238.43591	0.0	0.0	0.0	0.0	0.0	29.175156	0.0	0.0	126.33457	0.0	0.0	0.0	0.0	0.0	76.222115	0.0	205.351	0.0	0.0	0.0	38.09322	56.313335	0.0	0.0	0.0	224.9395	12.512546	0.0	0.0	142.7034	26.653769	0.0	0.0	348.39334	122.222786	0.0	0.0	172.25958	0.0	14.165051	0.0	0.0	68.85098	0.0	0.0	0.0	0.0	215.29897	260.20456	0.0	170.35948	29.044394	221.93443	0.0	263.66678	346.06485	34.078823	122.31951	0.0	0.0	0.0	59.007793	187.25958	0.0	0.0	37.710285	130.99959	0.0	0.0	0.0
119.56393	0.0	132.67021	0.0	0.0	2.2474647	0.0	0.0	0.0	239.5088	0.0	297.13364	0.0	0.0	13.861355	80.26325	0.0	0.0	0.0	0.0	0.0	0.0	31.680822	0.0	0.0	50.048492	0.0	257.853	0.0	0.0	0.0	57.56996	69.335075	0.0	182.56287	0.0	58.57668	0.0	0.0	105.03574	117.089195	0.0	249.78194	0.0	0.0	81.55829	133.11382	0.0	0.0	74.91488	0.0	154.94539	0.0	223.47478	0.0	0.0	0.0	216.9577	0.0	0.0	0.0	0.0	0.0	27.448553	0.0	0.0	118.37845	0.0	0.0	0.0	0.0	0.0	68.60708	0.0	183.87605	0.0	0.0	0.0	34.976604	51.072926	0.0	0.0	0.0	205.47241	10.742682	0.0	0.0	132.33116	20.059599	0.0	0.0	319.27225	108.53998	0.0	0.0	156.09909	0.0	13.437558	0.0	0.0	59.885143	0.0	0.0	0.0	0.0	190.04936	238.50603	0.0	152.90582	24.972876	204.99565	0.0	240.13902	311.9802	35.80589	112.00311	0.0	0.0	0.0	53.971447	168.1159	0.0	0.0	33.24206	118.34348	0.0	0.0	0.0
122.10641	0.0	136.83316	0.0	0.0	2.912792	0.0	0.0	0.0	246.99007	0.0	305.7534	0.0	0.0	15.33491	80.87362	0.0	0.0	0.0	0.0	0.0	0.0	33.104824	0.0	0.0	51.403904	0.0	263.77234	0.0	0.0	0.0	59.52091	71.0295	0.0	188.7155	0.0	60.084393	0.0	0.0	108.06222	120.329796	0.0	256.05786	0.0	0.0	84.120895	138.3584	0.0	0.0	75.78384	0.0	160.07057	0.0	229.97627	0.0	0.0	0.0	222.95393	0.0	0.0	0.0	0.0	0.0	27.851679	0.0	0.0	120.47459	0.0	0.0	0.0	0.0	0.0	70.61845	0.0	189.9284	0.0	0.0	0.0	35.936184	52.63339	0.0	0.0	0.0	210.96655	11.330925	0.0	0.0	135.04439	22.195082	0.0	0.0	327.37482	112.46166	0.0	0.0	160.66982	0.0	13.63327	0.0	0.0	62.548965	0.0	0.0	0.0	0.0	197.38777	244.49757	0.0	157.93156	26.138077	209.65446	0.0	246.81006	321.8484	35.05444	114.82224	0.0	0.0	0.0	55.46442	173.69368	0.0	0.0	34.17741	121.86768	0.0	0.0	0.0
121.43542	0.0	135.95207	0.0	0.0	2.9130185	0.0	0.0	0.0	244.56944	0.0	303.51566	0.0	0.0	15.029195	80.46511	0.0	0.0	0.0	0.0	0.0	0.0	32.745	0.0	0.0	50.751858	0.0	261.8289	0.0	0.0	0.0	58.888783	70.27406	0.0	187.26332	0.0	59.73285	0.0	0.0	107.32977	119.54751	0.0	254.17513	0.0	0.0	83.21755	137.19366	0.0	0.0	75.42808	0.0	158.47679	0.0	228.14673	0.0	0.0	0.0	221.30316	0.0	0.0	0.0	0.0	0.0	27.614883	0.0	0.0	120.01035	0.0	0.0	0.0	0.0	0.0	70.00108	0.0	188.23067	0.0	0.0	0.0	35.482655	52.250317	0.0	0.0	0.0	209.60065	11.113616	0.0	0.0	133.79448	21.911936	0.0	0.0	324.7433	111.567474	0.0	0.0	159.42603	0.0	13.602315	0.0	0.0	62.046017	0.0	0.0	0.0	0.0	195.74329	242.5562	0.0	156.62173	25.873655	207.81635	0.0	244.98396	319.32852	34.717564	113.781456	0.0	0.0	0.0	55.01024	172.14888	0.0	0.0	33.683544	120.72692	0.0	0.0	0.0
127.35642	0.0	144.30916	0.0	0.0	4.104859	0.0	0.0	0.0	260.90332	0.0	321.9453	0.0	0.0	17.410608	82.75049	0.0	0.0	0.0	0.0	0.0	0.0	35.610447	0.0	0.0	54.391193	0.0	275.66846	0.0	0.0	0.0	62.88908	74.50319	0.0	200.11847	0.0	62.95415	0.0	0.0	113.350334	126.16805	0.0	268.3008	0.0	0.0	89.11089	147.98997	0.0	0.0	77.57224	0.0	169.45253	0.0	242.19275	0.0	0.0	0.0	234.36407	0.0	0.0	0.0	0.0	0.0	28.862844	0.0	0.0	124.66869	0.0	0.0	0.0	0.0	0.0	74.96166	0.0	201.61504	0.0	0.0	0.0	37.600388	55.377033	0.0	0.0	0.0	221.31853	12.199456	0.0	0.0	140.78374	25.715693	0.0	0.0	342.9597	119.87271	0.0	0.0	169.30783	0.0	14.079007	0.0	0.0	67.416466	0.0	0.0	0.0	0.0	211.07771	256.16055	0.0	167.22229	28.30516	218.6377	0.0	259.30594	340.0826	34.18924	120.41628	0.0	0.0	0.0	58.149555	183.99934	0.0	0.0	36.969555	128.72188	0.0	0.0	0.0
119.64597	0.0	133.31871	0.0	0.0	2.3931181	0.0	0.0	0.0	240.85622	0.0	298.2043	0.0	0.0	14.406028	80.087524	0.0	0.0	0.0	0.0	0.0	0.0	32.102413	0.0	0.0	50.341934	0.0	258.3502	0.0	0.0	0.0	57.95125	69.61347	0.0	183.40343	0.0	58.658283	0.0	0.0	105.55854	117.49143	0.0	250.62085	0.0	0.0	81.968254	134.06337	0.0	0.0	74.6144	0.0	155.90588	0.0	224.43427	0.0	0.0	0.0	217.49255	0.0	0.0	0.0	0.0	0.0	27.392504	0.0	0.0	118.32367	0.0	0.0	0.0	0.0	0.0	68.86838	0.0	184.86568	0.0	0.0	0.0	35.40804	51.430836	0.0	0.0	0.0	206.16377	10.888167	0.0	0.0	132.75482	20.689426	0.0	0.0	320.27927	109.1152	0.0	0.0	156.67218	0.0	13.437446	0.0	0.0	60.346222	0.0	0.0	0.0	0.0	191.36015	239.2187	0.0	153.87727	25.22902	205.60962	0.0	240.94707	313.60745	35.621174	112.45937	0.0	0.0	0.0	54.1868	169.04628	0.0	0.0	33.35174	118.95947	0.0	0.0	0.0
128.39755	0.0	148.29335	0.0	0.0	3.7001646	0.0	0.0	0.0	266.3486	0.0	327.09842	0.0	0.0	16.799957	86.66047	0.0	0.0	0.0	0.0	0.0	0.0	37.48984	0.0	0.0	57.872417	0.0	281.7462	0.0	0.0	0.0	65.57617	76.86102	0.0	201.19098	0.0	63.52365	0.0	0.0	114.569824	129.7593	0.0	275.9136	0.0	0.0	91.51534	148.49695	0.0	0.0	78.261314	0.0	173.49208	0.0	246.73395	0.0	0.0	0.0	235.9449	0.0	0.0	0.0	0.0	0.0	30.071943	0.0	0.0	128.17949	0.0	0.0	0.0	0.0	0.0	76.56458	0.0	204.28296	0.0	0.0	0.0	42.447433	57.32478	0.0	0.0	0.0	226.85907	12.784358	0.0	0.0	147.58452	24.969551	0.0	0.0	352.27856	119.49707	0.0	0.0	171.69336	0.0	14.178666	0.0	0.0	67.35134	0.0	0.0	0.0	0.0	211.58784	261.98636	0.0	171.25525	27.040604	226.13611	0.0	263.61368	346.74643	39.304752	125.042046	0.0	0.0	0.0	60.838776	187.90068	0.0	0.0	36.2449	131.77873	0.0	0.0	0.0
124.94822	0.0	142.09752	0.0	0.0	3.0217416	0.0	0.0	0.0	256.14536	0.0	315.61185	0.0	0.0	16.09397	84.17991	0.0	0.0	0.0	0.0	0.0	0.0	35.261463	0.0	0.0	54.7146	0.0	272.67715	0.0	0.0	0.0	62.549664	73.87779	0.0	194.23297	0.0	61.480564	0.0	0.0	111.3023	124.799416	0.0	266.13272	0.0	0.0	87.69399	142.69853	0.0	0.0	76.99115	0.0	166.46378	0.0	237.87825	0.0	0.0	0.0	228.6731	0.0	0.0	0.0	0.0	0.0	29.04659	0.0	0.0	124.27703	0.0	0.0	0.0	0.0	0.0	73.23752	0.0	196.46881	0.0	0.0	0.0	39.58864	54.94425	0.0	0.0	0.0	218.60852	11.994029	0.0	0.0	141.46574	23.406828	0.0	0.0	339.62625	115.269806	0.0	0.0	165.88441	0.0	13.958	0.0	0.0	64.55566	0.0	0.0	0.0	0.0	203.57014	253.04579	0.0	164.10078	26.383326	218.12952	0.0	254.86671	333.61636	37.972824	119.70228	0.0	0.0	0.0	58.039745	180.44926	0.0	0.0	34.909016	126.3986	0.0	0.0	0.0
123.58911	0.0	139.93953	0.0	0.0	2.6257899	0.0	0.0	0.0	252.44707	0.0	311.41132	0.0	0.0	15.524493	83.508644	0.0	0.0	0.0	0.0	0.0	0.0	34.41756	0.0	0.0	53.529377	0.0	268.90256	0.0	0.0	0.0	61.15025	72.69787	0.0	191.86005	0.0	60.629215	0.0	0.0	110.12152	123.08173	0.0	262.70972	0.0	0.0	86.36968	140.79301	0.0	0.0	76.35404	0.0	164.27611	0.0	234.91913	0.0	0.0	0.0	225.86438	0.0	0.0	0.0	0.0	0.0	28.574472	0.0	0.0	122.705475	0.0	0.0	0.0	0.0	0.0	72.17691	0.0	193.73262	0.0	0.0	0.0	38.7684	54.12244	0.0	0.0	0.0	215.39375	11.729302	0.0	0.0	139.37292	22.454588	0.0	0.0	334.45145	113.64582	0.0	0.0	163.85156	0.0	14.002277	0.0	0.0	63.478745	0.0	0.0	0.0	0.0	200.25279	250.04968	0.0	161.93484	25.884665	215.01701	0.0	251.81331	328.746	37.094177	117.826294	0.0	0.0	0.0	57.16409	177.63306	0.0	0.0	34.283295	124.463005	0.0	0.0	0.0
125.20341	0.0	142.32147	0.0	0.0	3.0515087	0.0	0.0	0.0	256.45007	0.0	315.86365	0.0	0.0	15.948234	84.486725	0.0	0.0	0.0	0.0	0.0	0.0	35.45629	0.0	0.0	54.939182	0.0	272.9545	0.0	0.0	0.0	62.591953	74.02017	0.0	194.28337	0.0	61.616028	0.0	0.0	111.36765	124.972786	0.0	266.4998	0.0	0.0	87.845825	142.71715	0.0	0.0	77.00165	0.0	166.75137	0.0	238.25304	0.0	0.0	0.0	228.83052	0.0	0.0	0.0	0.0	0.0	29.076874	0.0	0.0	124.42576	0.0	0.0	0.0	0.0	0.0	73.41958	0.0	196.76282	0.0	0.0	0.0	39.604805	55.09947	0.0	0.0	0.0	218.87758	11.963328	0.0	0.0	141.8745	23.251053	0.0	0.0	340.15347	115.26941	0.0	0.0	165.9331	0.0	14.10879	0.0	0.0	64.403114	0.0	0.0	0.0	0.0	203.6986	253.31519	0.0	164.29498	26.429838	218.56805	0.0	255.01082	334.08676	38.252995	120.102455	0.0	0.0	0.0	58.181095	180.7414	0.0	0.0	35.08327	126.74981	0.0	0.0	0.0
130.39867	0.0	151.7028	0.0	0.0	4.4785385	0.0	0.0	0.0	272.17908	0.0	334.0013	0.0	0.0	17.841175	87.298096	0.0	0.0	0.0	0.0	0.0	0.0	38.83144	0.0	0.0	59.394196	0.0	286.344	0.0	0.0	0.0	67.285484	78.21207	0.0	206.04118	0.0	64.679344	0.0	0.0	116.698875	132.68788	0.0	281.1405	0.0	0.0	93.42861	152.80746	0.0	0.0	78.61196	0.0	177.46613	0.0	251.8842	0.0	0.0	0.0	240.5247	0.0	0.0	0.0	0.0	0.0	30.388865	0.0	0.0	130.09697	0.0	0.0	0.0	0.0	0.0	78.39164	0.0	209.22066	0.0	0.0	0.0	43.279343	58.589203	0.0	0.0	0.0	231.51045	13.158001	0.0	0.0	150.20433	26.550423	0.0	0.0	358.92435	122.45994	0.0	0.0	175.38121	0.0	14.357997	0.0	0.0	69.38641	0.0	0.0	0.0	0.0	217.46428	266.68893	0.0	175.41447	27.754755	229.93047	0.0	268.87427	354.8632	39.011143	127.88671	0.0	0.0	0.0	61.953793	192.42244	0.0	0.0	36.911648	134.74261	0.0	0.0	0.0
132.73027	0.0	155.47478	0.0	0.0	5.217644	0.0	0.0	0.0	278.44693	0.0	340.6348	0.0	0.0	18.046206	89.22473	0.0	0.0	0.0	0.0	0.0	0.0	40.070965	0.0	0.0	62.189373	0.0	291.64008	0.0	0.0	0.0	69.22803	79.92797	0.0	209.82385	0.0	66.043304	0.0	0.0	118.57772	136.09535	0.0	287.5748	0.0	0.0	95.726326	155.99666	0.0	0.0	79.44421	0.0	181.47766	0.0	257.35153	0.0	0.0	0.0	244.16429	0.0	0.0	0.0	0.0	0.0	31.251936	0.0	0.0	133.01541	0.0	0.0	0.0	0.0	0.0	80.972176	0.0	214.279	0.0	0.0	0.0	45.561085	59.868164	0.0	0.0	0.0	236.88445	13.425166	0.0	0.0	154.59929	26.910149	0.0	0.0	367.3357	124.57284	0.0	0.0	178.84456	0.0	14.771057	0.0	0.0	71.074455	0.0	0.0	0.0	0.0	221.96991	272.09393	0.0	179.61523	27.769148	235.42213	0.0	274.05197	362.76733	40.488544	131.92882	0.0	0.0	0.0	63.515835	197.03413	0.0	0.0	37.558537	137.87976	0.0	0.0	0.0
128.17245	0.0	147.75542	0.0	0.0	3.7813861	0.0	0.0	0.0	265.5895	0.0	325.90857	0.0	0.0	16.891008	86.38275	0.0	0.0	0.0	0.0	0.0	0.0	37.39778	0.0	0.0	57.685284	0.0	280.5774	0.0	0.0	0.0	65.4256	76.435844	0.0	200.45967	0.0	63.35996	0.0	0.0	114.28658	129.39958	0.0	274.95047	0.0	0.0	90.94813	148.16347	0.0	0.0	78.021034	0.0	172.96071	0.0	246.09473	0.0	0.0	0.0	235.25542	0.0	0.0	0.0	0.0	0.0	30.021276	0.0	0.0	127.89962	0.0	0.0	0.0	0.0	0.0	76.463264	0.0	203.71944	0.0	0.0	0.0	42.17407	57.179333	0.0	0.0	0.0	226.33147	12.800602	0.0	0.0	146.96478	24.89135	0.0	0.0	350.9965	119.18536	0.0	0.0	171.133	0.0	14.254215	0.0	0.0	67.19857	0.0	0.0	0.0	0.0	211.18123	261.14844	0.0	170.82304	26.997635	225.39034	0.0	262.74948	345.72977	39.038548	124.738365	0.0	0.0	0.0	60.42526	187.30952	0.0	0.0	36.22728	131.44765	0.0	0.0	0.0
126.331	0.0	144.79272	0.0	0.0	3.2148113	0.0	0.0	0.0	260.902	0.0	320.48868	0.0	0.0	16.452072	85.332466	0.0	0.0	0.0	0.0	0.0	0.0	36.394928	0.0	0.0	56.264313	0.0	276.57983	0.0	0.0	0.0	63.995667	75.28359	0.0	196.97508	0.0	62.17639	0.0	0.0	112.53015	126.803535	0.0	270.38986	0.0	0.0	89.4436	145.17415	0.0	0.0	77.38424	0.0	169.83107	0.0	241.78136	0.0	0.0	0.0	231.73668	0.0	0.0	0.0	0.0	0.0	29.55783	0.0	0.0	125.84365	0.0	0.0	0.0	0.0	0.0	74.839485	0.0	199.78941	0.0	0.0	0.0	41.126427	56.131916	0.0	0.0	0.0	222.24115	12.532666	0.0	0.0	144.42168	24.144629	0.0	0.0	345.33963	117.07551	0.0	0.0	168.26825	0.0	14.045471	0.0	0.0	65.806435	0.0	0.0	0.0	0.0	207.1137	257.07593	0.0	167.40837	26.683989	221.86543	0.0	258.62912	339.32376	38.65251	122.1804	0.0	0.0	0.0	59.30762	183.79338	0.0	0.0	35.592068	128.99037	0.0	0.0	0.0
126.39619	0.0	144.88203	0.0	0.0	3.2685506	0.0	0.0	0.0	260.8776	0.0	320.6531	0.0	0.0	16.443413	85.4057	0.0	0.0	0.0	0.0	0.0	0.0	36.52344	0.0	0.0	56.36173	0.0	276.65677	0.0	0.0	0.0	64.10607	75.32116	0.0	197.09465	0.0	62.2263	0.0	0.0	112.66107	126.9386	0.0	270.57578	0.0	0.0	89.42661	145.17473	0.0	0.0	77.39036	0.0	169.91158	0.0	241.96016	0.0	0.0	0.0	231.76595	0.0	0.0	0.0	0.0	0.0	29.606842	0.0	0.0	125.979004	0.0	0.0	0.0	0.0	0.0	74.74823	0.0	199.82616	0.0	0.0	0.0	41.186047	56.215405	0.0	0.0	0.0	222.4027	12.472198	0.0	0.0	144.50256	24.181593	0.0	0.0	345.5825	116.9324	0.0	0.0	168.35448	0.0	14.217055	0.0	0.0	65.8678	0.0	0.0	0.0	0.0	207.10002	257.11353	0.0	167.40364	26.604723	222.04668	0.0	258.85263	339.5631	38.832886	122.2814	0.0	0.0	0.0	59.315247	183.9657	0.0	0.0	35.41291	129.03407	0.0	0.0	0.0
127.31484	0.0	146.69933	0.0	0.0	3.5252054	0.0	0.0	0.0	263.89648	0.0	324.41122	0.0	0.0	16.827675	85.800804	0.0	0.0	0.0	0.0	0.0	0.0	37.069782	0.0	0.0	57.23794	0.0	279.4336	0.0	0.0	0.0	64.90123	76.17872	0.0	199.6142	0.0	62.796764	0.0	0.0	113.71383	128.3927	0.0	273.41635	0.0	0.0	90.62197	147.49773	0.0	0.0	77.4701	0.0	171.91411	0.0	244.6913	0.0	0.0	0.0	234.19814	0.0	0.0	0.0	0.0	0.0	29.89139	0.0	0.0	126.95278	0.0	0.0	0.0	0.0	0.0	75.92367	0.0	202.56026	0.0	0.0	0.0	41.840733	56.747997	0.0	0.0	0.0	224.76778	12.609478	0.0	0.0	145.90375	24.984085	0.0	0.0	349.19443	118.61078	0.0	0.0	170.37254	0.0	14.137919	0.0	0.0	66.9201	0.0	0.0	0.0	0.0	210.09239	259.76633	0.0	169.58081	26.972696	223.98138	0.0	261.64285	343.7485	38.672985	123.78266	0.0	0.0	0.0	60.025562	186.28279	0.0	0.0	36.058193	130.53413	0.0	0.0	0.0
131.72017	0.0	153.67485	0.0	0.0	4.87526	0.0	0.0	0.0	275.91748	0.0	337.63663	0.0	0.0	17.87404	88.59939	0.0	0.0	0.0	0.0	0.0	0.0	39.49382	0.0	0.0	61.35133	0.0	289.42612	0.0	0.0	0.0	68.42572	79.48713	0.0	208.04207	0.0	65.51017	0.0	0.0	117.640594	134.4132	0.0	284.90588	0.0	0.0	94.769066	154.51451	0.0	0.0	79.07011	0.0	179.70256	0.0	254.98854	0.0	0.0	0.0	242.46088	0.0	0.0	0.0	0.0	0.0	30.981451	0.0	0.0	131.8009	0.0	0.0	0.0	0.0	0.0	80.10923	0.0	212.36835	0.0	0.0	0.0	44.9275	59.322662	0.0	0.0	0.0	234.64484	13.237892	0.0	0.0	153.12518	26.611155	0.0	0.0	363.97696	123.62675	0.0	0.0	177.2481	0.0	14.625031	0.0	0.0	70.436714	0.0	0.0	0.0	0.0	220.04626	269.96298	0.0	177.8477	27.79798	233.4182	0.0	271.7175	359.3057	40.273415	130.45483	0.0	0.0	0.0	62.81145	195.12065	0.0	0.0	37.527046	136.51111	0.0	0.0	0.0
126.516304	0.0	145.30891	0.0	0.0	3.3959353	0.0	0.0	0.0	262.22546	0.0	321.81842	0.0	0.0	16.89364	85.23965	0.0	0.0	0.0	0.0	0.0	0.0	36.66283	0.0	0.0	56.633617	0.0	277.36813	0.0	0.0	0.0	64.335335	75.70951	0.0	198.15733	0.0	62.360474	0.0	0.0	113.041954	127.21857	0.0	271.42667	0.0	0.0	89.9746	146.13072	0.0	0.0	77.19217	0.0	170.73296	0.0	242.92076	0.0	0.0	0.0	232.54408	0.0	0.0	0.0	0.0	0.0	29.630135	0.0	0.0	125.88645	0.0	0.0	0.0	0.0	0.0	75.15079	0.0	201.04597	0.0	0.0	0.0	41.47746	56.40857	0.0	0.0	0.0	223.05489	12.479888	0.0	0.0	144.93132	24.72161	0.0	0.0	346.56833	117.70123	0.0	0.0	168.96974	0.0	14.13893	0.0	0.0	66.29593	0.0	0.0	0.0	0.0	208.56445	258.05313	0.0	168.37395	26.932875	222.60603	0.0	259.67062	341.11234	38.562824	122.6532	0.0	0.0	0.0	59.461994	184.74321	0.0	0.0	35.707443	129.57397	0.0	0.0	0.0
124.55493	0.0	141.86989	0.0	0.0	3.0567045	0.0	0.0	0.0	255.69646	0.0	314.71777	0.0	0.0	16.065857	83.852135	0.0	0.0	0.0	0.0	0.0	0.0	35.305588	0.0	0.0	54.762035	0.0	271.88242	0.0	0.0	0.0	62.47789	73.678566	0.0	193.63385	0.0	61.203857	0.0	0.0	110.822945	124.57086	0.0	265.40872	0.0	0.0	87.55599	142.41881	0.0	0.0	76.62408	0.0	166.36183	0.0	237.4309	0.0	0.0	0.0	227.97809	0.0	0.0	0.0	0.0	0.0	29.009302	0.0	0.0	123.865845	0.0	0.0	0.0	0.0	0.0	73.11677	0.0	196.06055	0.0	0.0	0.0	39.645943	54.87381	0.0	0.0	0.0	218.14207	12.183957	0.0	0.0	141.25793	23.441696	0.0	0.0	338.8901	114.97236	0.0	0.0	165.45476	0.0	13.822978	0.0	0.0	64.40586	0.0	0.0	0.0	0.0	203.10846	252.38567	0.0	163.99832	26.201624	217.68622	0.0	254.12117	332.90518	37.794113	119.59231	0.0	0.0	0.0	57.999043	180.10432	0.0	0.0	34.86487	126.33212	0.0	0.0	0.0
124.85586	0.0	142.28804	0.0	0.0	3.0706155	0.0	0.0	0.0	256.6017	0.0	315.90262	0.0	0.0	16.147968	84.094925	0.0	0.0	0.0	0.0	0.0	0.0	35.441753	0.0	0.0	54.937668	0.0	272.74014	0.0	0.0	0.0	62.709538	74.0527	0.0	194.43156	0.0	61.48424	0.0	0.0	111.21574	124.797264	0.0	266.2258	0.0	0.0	87.86188	142.9521	0.0	0.0	76.83529	0.0	166.89153	0.0	238.1759	0.0	0.0	0.0	228.77745	0.0	0.0	0.0	0.0	0.0	29.118097	0.0	0.0	124.2276	0.0	0.0	0.0	0.0	0.0	73.447876	0.0	196.79431	0.0	0.0	0.0	39.851536	55.08194	0.0	0.0	0.0	218.69508	12.1395445	0.0	0.0	141.72234	23.589348	0.0	0.0	339.9139	115.45309	0.0	0.0	165.99507	0.0	13.90729	0.0	0.0	64.80424	0.0	0.0	0.0	0.0	203.9095	253.2325	0.0	164.4659	26.355707	218.29962	0.0	254.99457	333.96732	37.85915	119.960205	0.0	0.0	0.0	58.20926	180.78998	0.0	0.0	35.10848	126.73362	0.0	0.0	0.0
125.70101	0.0	144.26361	0.0	0.0	3.2383354	0.0	0.0	0.0	259.32614	0.0	318.87576	0.0	0.0	16.23832	84.926155	0.0	0.0	0.0	0.0	0.0	0.0	36.41614	0.0	0.0	56.111584	0.0	275.07144	0.0	0.0	0.0	63.736725	74.79822	0.0	195.98091	0.0	61.922424	0.0	0.0	112.12158	126.40667	0.0	269.15836	0.0	0.0	88.96402	144.39244	0.0	0.0	76.87371	0.0	168.98273	0.0	240.65424	0.0	0.0	0.0	230.34839	0.0	0.0	0.0	0.0	0.0	29.351877	0.0	0.0	125.33654	0.0	0.0	0.0	0.0	0.0	74.35084	0.0	198.85774	0.0	0.0	0.0	40.95222	55.832684	0.0	0.0	0.0	221.23885	12.384452	0.0	0.0	143.69029	23.888023	0.0	0.0	343.5387	116.27261	0.0	0.0	167.4491	0.0	14.209725	0.0	0.0	65.361595	0.0	0.0	0.0	0.0	205.98091	255.62047	0.0	166.59358	26.328848	220.65907	0.0	257.23788	337.77454	38.55564	121.5813	0.0	0.0	0.0	59.044834	183.0199	0.0	0.0	35.18643	128.26923	0.0	0.0	0.0
130.93419	0.0	153.37195	0.0	0.0	5.1061616	0.0	0.0	0.0	274.90506	0.0	336.00076	0.0	0.0	18.016336	87.74583	0.0	0.0	0.0	0.0	0.0	0.0	39.48769	0.0	0.0	61.148376	0.0	287.731	0.0	0.0	0.0	68.27536	78.91964	0.0	207.11433	0.0	65.112854	0.0	0.0	116.977844	134.23488	0.0	283.5425	0.0	0.0	94.484764	153.98582	0.0	0.0	78.48566	0.0	179.27077	0.0	253.86345	0.0	0.0	0.0	241.18208	0.0	0.0	0.0	0.0	0.0	30.730925	0.0	0.0	131.00722	0.0	0.0	0.0	0.0	0.0	79.82551	0.0	211.41197	0.0	0.0	0.0	44.920933	59.127705	0.0	0.0	0.0	233.65001	13.391563	0.0	0.0	152.35968	26.666763	0.0	0.0	362.2377	123.15466	0.0	0.0	176.4458	0.0	14.458512	0.0	0.0	70.158844	0.0	0.0	0.0	0.0	219.18176	268.6385	0.0	177.38245	27.51111	232.16399	0.0	270.38165	357.8978	39.74189	129.84972	0.0	0.0	0.0	62.70943	194.36382	0.0	0.0	37.05522	136.04631	0.0	0.0	0.0
126.39783	0.0	145.35243	0.0	0.0	3.3552983	0.0	0.0	0.0	261.6075	0.0	321.16052	0.0	0.0	16.652916	85.28003	0.0	0.0	0.0	0.0	0.0	0.0	36.722347	0.0	0.0	56.58185	0.0	277.03564	0.0	0.0	0.0	64.42862	75.31908	0.0	197.45576	0.0	62.309612	0.0	0.0	113.01412	127.420044	0.0	270.98935	0.0	0.0	89.630585	145.71977	0.0	0.0	77.10925	0.0	170.46983	0.0	242.50044	0.0	0.0	0.0	232.11177	0.0	0.0	0.0	0.0	0.0	29.63839	0.0	0.0	126.02765	0.0	0.0	0.0	0.0	0.0	74.94448	0.0	200.39384	0.0	0.0	0.0	41.432766	56.389782	0.0	0.0	0.0	222.91687	12.7157135	0.0	0.0	144.595	24.360018	0.0	0.0	346.12622	117.22439	0.0	0.0	168.65839	0.0	14.072563	0.0	0.0	65.98351	0.0	0.0	0.0	0.0	207.57463	257.55292	0.0	168.0738	26.595701	222.27888	0.0	259.13785	340.4739	38.676056	122.6636	0.0	0.0	0.0	59.511395	184.51514	0.0	0.0	35.540867	129.34715	0.0	0.0	0.0
122.81902	0.0	139.678	0.0	0.0	2.6926086	0.0	0.0	0.0	251.68054	0.0	310.08725	0.0	0.0	15.328801	83.37032	0.0	0.0	0.0	0.0	0.0	0.0	34.699383	0.0	0.0	54.07868	0.0	268.38242	0.0	0.0	0.0	61.480274	72.893616	0.0	190.36525	0.0	60.381	0.0	0.0	109.21231	122.613045	0.0	261.9267	0.0	0.0	86.31486	139.66174	0.0	0.0	75.84027	0.0	163.65126	0.0	233.7206	0.0	0.0	0.0	224.48566	0.0	0.0	0.0	0.0	0.0	28.652382	0.0	0.0	122.39988	0.0	0.0	0.0	0.0	0.0	72.042435	0.0	192.8266	0.0	0.0	0.0	39.28813	54.01262	0.0	0.0	0.0	214.91109	11.70618	0.0	0.0	139.73811	22.526808	0.0	0.0	334.31723	112.803925	0.0	0.0	162.92757	0.0	13.827732	0.0	0.0	63.16981	0.0	0.0	0.0	0.0	199.25981	248.98723	0.0	161.10191	25.722162	214.96614	0.0	250.41393	327.58884	38.0932	118.04652	0.0	0.0	0.0	57.261524	177.22282	0.0	0.0	34.298187	124.31937	0.0	0.0	0.0
134.56525	0.0	133.44637	0.0	0.0	0.0	0.0	0.0	0.0	238.14372	0.0	307.06784	0.0	0.0	5.2550597	100.43985	0.0	0.0	0.0	0.0	0.0	0.0	26.451792	0.0	0.0	54.128124	0.0	277.2944	0.0	0.0	0.0	54.431904	71.80297	0.0	179.75386	0.0	63.346462	0.0	0.0	102.08613	119.31722	0.0	265.84225	0.0	0.0	86.53077	120.1721	0.0	0.0	96.38239	0.0	153.71724	0.0	229.34767	0.0	0.0	0.0	226.40779	0.0	0.0	0.0	1.0278571	0.0	33.961544	0.0	0.0	140.86714	0.0	0.0	0.0	0.0	0.0	76.21524	0.0	185.17009	0.0	0.0	0.0	37.0398	47.015305	0.0	0.0	0.0	214.72884	8.487517	0.0	0.0	148.02089	8.369577	0.0	0.0	339.407	106.234825	0.0	0.0	164.9039	0.0	16.63457	0.0	0.0	59.81222	0.0	0.0	0.0	0.0	178.03601	251.84065	0.0	144.31612	17.00435	219.45598	0.0	249.81805	306.8005	48.24588	117.22351	0.0	0.0	0.0	54.192905	167.56046	0.0	0.0	34.55234	113.811455	0.0	0.0	0.0
124.45831	0.0	141.72267	0.0	0.0	3.0083828	0.0	0.0	0.0	255.43504	0.0	314.46045	0.0	0.0	16.028204	83.932556	0.0	0.0	0.0	0.0	0.0	0.0	35.32288	0.0	0.0	54.791004	0.0	271.7018	0.0	0.0	0.0	62.491085	73.73394	0.0	193.39787	0.0	61.202087	0.0	0.0	110.90084	124.46173	0.0	265.30502	0.0	0.0	87.371925	142.18513	0.0	0.0	76.51081	0.0	166.09593	0.0	237.14026	0.0	0.0	0.0	227.7747	0.0	0.0	0.0	0.0	0.0	28.95992	0.0	0.0	123.86753	0.0	0.0	0.0	0.0	0.0	73.0525	0.0	195.83044	0.0	0.0	0.0	39.70247	54.89802	0.0	0.0	0.0	217.99348	12.091817	0.0	0.0	141.23125	23.322989	0.0	0.0	338.62677	114.72489	0.0	0.0	165.26323	0.0	13.899058	0.0	0.0	64.26519	0.0	0.0	0.0	0.0	202.82695	252.26082	0.0	163.85234	26.262812	217.57997	0.0	253.86629	332.63864	38.076492	119.62803	0.0	0.0	0.0	57.976807	179.99727	0.0	0.0	34.79135	126.16372	0.0	0.0	0.0
135.98558	0.0	161.77946	0.0	0.0	6.7322774	0.0	0.0	0.0	288.8407	0.0	352.1865	0.0	0.0	19.50422	90.79006	0.0	0.0	0.0	0.0	0.0	0.0	42.209774	0.0	0.0	65.5104	0.0	300.11465	0.0	0.0	0.0	72.22194	82.52292	0.0	217.82805	0.0	68.44665	0.0	0.0	122.11442	141.61171	0.0	297.16138	0.0	0.0	99.57574	162.9148	0.0	0.0	80.221985	0.0	188.43114	0.0	266.19995	0.0	0.0	0.0	251.46355	0.0	0.0	0.0	0.0	0.0	32.040165	0.0	0.0	136.696	0.0	0.0	0.0	0.0	0.0	84.75645	0.0	222.698	0.0	0.0	0.0	48.107788	62.054615	0.0	0.0	0.0	245.31364	14.1901245	0.0	0.0	160.02484	29.220366	0.0	0.0	379.90366	129.24596	0.0	0.0	185.09802	0.0	14.917333	0.0	0.0	74.394135	0.0	0.0	0.0	0.0	231.27832	280.64978	0.0	186.86462	28.68753	242.9536	0.0	282.89136	376.69556	41.29586	137.58621	0.0	0.0	0.0	66.10488	204.9447	0.0	0.0	38.54639	143.14291	0.0	0.0	0.0
125.99246	0.0	145.03337	0.0	0.0	3.4620383	0.0	0.0	0.0	260.76822	0.0	320.75418	0.0	0.0	16.562006	85.01606	0.0	0.0	0.0	0.0	0.0	0.0	36.52808	0.0	0.0	56.37903	0.0	276.2052	0.0	0.0	0.0	63.97848	75.243645	0.0	197.39177	0.0	62.217987	0.0	0.0	112.44428	126.98252	0.0	270.35373	0.0	0.0	89.62821	145.62347	0.0	0.0	77.01147	0.0	169.89561	0.0	241.97154	0.0	0.0	0.0	231.6652	0.0	0.0	0.0	0.0	0.0	29.578272	0.0	0.0	125.67188	0.0	0.0	0.0	0.0	0.0	74.98759	0.0	200.11784	0.0	0.0	0.0	41.094955	56.007812	0.0	0.0	0.0	222.17798	12.368009	0.0	0.0	144.17914	24.404886	0.0	0.0	345.13058	117.246925	0.0	0.0	168.43617	0.0	14.070134	0.0	0.0	66.04386	0.0	0.0	0.0	0.0	207.43114	256.82443	0.0	167.40172	26.589142	221.44563	0.0	258.67477	339.70004	38.243176	122.21615	0.0	0.0	0.0	59.362812	184.06981	0.0	0.0	35.53805	128.9622	0.0	0.0	0.0
124.513695	0.0	142.3587	0.0	0.0	3.0288632	0.0	0.0	0.0	256.3236	0.0	315.5518	0.0	0.0	16.074394	83.973915	0.0	0.0	0.0	0.0	0.0	0.0	35.526875	0.0	0.0	55.134014	0.0	272.35867	0.0	0.0	0.0	62.771725	73.969215	0.0	194.16418	0.0	61.26621	0.0	0.0	111.04559	124.7594	0.0	266.1183	0.0	0.0	87.84753	142.79126	0.0	0.0	76.48142	0.0	166.73973	0.0	237.84566	0.0	0.0	0.0	228.2273	0.0	0.0	0.0	0.0	0.0	29.050184	0.0	0.0	124.01394	0.0	0.0	0.0	0.0	0.0	73.357994	0.0	196.47633	0.0	0.0	0.0	40.056347	55.012585	0.0	0.0	0.0	218.5732	12.060303	0.0	0.0	141.77278	23.671135	0.0	0.0	339.7844	115.12952	0.0	0.0	165.78851	0.0	13.897916	0.0	0.0	64.70339	0.0	0.0	0.0	0.0	203.51808	252.92558	0.0	164.31023	26.206244	218.21834	0.0	254.70116	333.7109	38.011337	119.93577	0.0	0.0	0.0	58.26602	180.68652	0.0	0.0	34.7767	126.572716	0.0	0.0	0.0
124.18876	0.0	141.8252	0.0	0.0	3.0727336	0.0	0.0	0.0	255.57155	0.0	314.36008	0.0	0.0	16.131926	83.7407	0.0	0.0	0.0	0.0	0.0	0.0	35.388424	0.0	0.0	54.700535	0.0	271.49783	0.0	0.0	0.0	62.59576	73.58672	0.0	193.30843	0.0	61.069458	0.0	0.0	110.80384	124.52436	0.0	265.258	0.0	0.0	87.58695	142.13548	0.0	0.0	76.33171	0.0	166.35962	0.0	237.23706	0.0	0.0	0.0	227.51074	0.0	0.0	0.0	0.0	0.0	28.913977	0.0	0.0	123.60016	0.0	0.0	0.0	0.0	0.0	72.972694	0.0	195.63359	0.0	0.0	0.0	39.986706	54.9922	0.0	0.0	0.0	217.90883	12.15189	0.0	0.0	141.31274	23.541534	0.0	0.0	338.63474	114.70935	0.0	0.0	165.13098	0.0	13.859448	0.0	0.0	64.24148	0.0	0.0	0.0	0.0	202.70146	252.14148	0.0	163.84947	26.21042	217.5933	0.0	253.86873	332.68362	37.88742	119.43009	0.0	0.0	0.0	58.05489	180.01036	0.0	0.0	34.528534	126.3147	0.0	0.0	0.0
126.08841	0.0	145.07143	0.0	0.0	3.278443	0.0	0.0	0.0	260.80066	0.0	320.6376	0.0	0.0	16.399164	85.10138	0.0	0.0	0.0	0.0	0.0	0.0	36.495193	0.0	0.0	56.475098	0.0	276.39957	0.0	0.0	0.0	64.09336	75.27245	0.0	197.1978	0.0	62.14564	0.0	0.0	112.55837	126.946815	0.0	270.46216	0.0	0.0	89.495445	145.38043	0.0	0.0	77.01869	0.0	169.8294	0.0	241.79047	0.0	0.0	0.0	231.52498	0.0	0.0	0.0	0.0	0.0	29.483076	0.0	0.0	125.80448	0.0	0.0	0.0	0.0	0.0	74.87396	0.0	199.97205	0.0	0.0	0.0	41.29331	56.043224	0.0	0.0	0.0	222.21751	12.435239	0.0	0.0	144.38531	24.293756	0.0	0.0	345.27307	117.036964	0.0	0.0	168.35338	0.0	14.041789	0.0	0.0	65.96162	0.0	0.0	0.0	0.0	207.18916	256.88443	0.0	167.47874	26.535181	221.62608	0.0	258.59097	339.54282	38.552933	122.21399	0.0	0.0	0.0	59.467907	184.00636	0.0	0.0	35.48932	128.8293	0.0	0.0	0.0
119.85361	0.0	135.62987	0.0	0.0	2.5306122	0.0	0.0	0.0	245.95245	0.0	302.27246	0.0	0.0	16.004103	80.047005	0.0	0.0	0.0	0.0	0.0	0.0	32.91908	0.0	0.0	51.433838	0.0	260.98203	0.0	0.0	0.0	59.2047	70.81891	0.0	185.74886	0.0	58.78424	0.0	0.0	106.02948	118.91769	0.0	253.8301	0.0	0.0	83.95726	136.8396	0.0	0.0	74.1789	0.0	159.67833	0.0	228.05476	0.0	0.0	0.0	219.47188	0.0	0.0	0.0	0.0	0.0	28.260092	0.0	0.0	118.25971	0.0	0.0	0.0	0.0	0.0	70.56049	0.0	187.55072	0.0	0.0	0.0	37.622707	51.962406	0.0	0.0	0.0	208.93962	11.489718	0.0	0.0	135.13037	22.016436	0.0	0.0	324.4791	111.261086	0.0	0.0	158.5064	0.0	12.909396	0.0	0.0	61.483356	0.0	0.0	0.0	0.0	194.89632	242.61449	0.0	156.88496	25.642908	208.48846	0.0	243.96077	318.5058	35.45454	113.85287	0.0	0.0	0.0	55.392406	172.12811	0.0	0.0	33.380184	121.38495	0.0	0.0	0.0
128.77571	0.0	150.0353	0.0	0.0	4.7558293	0.0	0.0	0.0	272.47415	0.0	331.8076	0.0	0.0	20.596193	82.079956	0.0	0.0	0.0	0.0	0.0	0.0	37.22202	0.0	0.0	56.04607	0.0	281.59293	0.0	0.0	0.0	65.006035	76.88659	0.0	206.39622	0.0	64.35105	0.0	0.0	114.75301	130.05487	0.0	274.8351	0.0	0.0	93.41964	155.12402	0.0	0.0	77.39303	0.0	177.45345	0.0	250.14476	0.0	0.0	0.0	240.4088	0.0	0.0	0.0	0.0	0.0	30.220964	0.0	0.0	124.8437	0.0	0.0	0.0	0.0	0.0	79.33737	0.0	208.21013	0.0	0.0	0.0	41.148823	56.43388	0.0	0.0	0.0	227.7309	13.417792	0.0	0.0	144.96156	28.735184	0.0	0.0	352.06543	125.95675	0.0	0.0	173.64705	0.0	12.858871	0.0	0.0	70.367966	0.0	0.0	0.0	0.0	219.79424	263.98297	0.0	174.22337	29.842718	224.36046	0.0	266.14993	351.05054	32.75452	123.980675	0.0	0.0	0.0	60.448322	190.57375	0.0	0.0	37.669567	134.72679	0.0	0.0	0.0
123.21902	0.0	141.05779	0.0	0.0	3.2427132	0.0	0.0	0.0	256.21518	0.0	313.57852	0.0	0.0	17.862352	80.3968	0.0	0.0	0.0	0.0	0.0	0.0	34.29	0.0	0.0	53.001614	0.0	268.53717	0.0	0.0	0.0	61.0083	73.27227	0.0	193.7918	0.0	60.97083	0.0	0.0	109.016815	122.89428	0.0	261.3015	0.0	0.0	87.58209	144.10204	0.0	0.0	75.49881	0.0	166.32458	0.0	236.28241	0.0	0.0	0.0	227.54451	0.0	0.0	0.0	0.0	0.0	28.972025	0.0	0.0	120.3176	0.0	0.0	0.0	0.0	0.0	74.245735	0.0	195.5035	0.0	0.0	0.0	38.784424	53.27516	0.0	0.0	0.0	215.66878	12.166047	0.0	0.0	138.66223	24.567923	0.0	0.0	334.58215	117.346535	0.0	0.0	164.16429	0.0	12.736995	0.0	0.0	65.061775	0.0	0.0	0.0	0.0	204.57127	250.71361	0.0	163.25493	27.40558	214.11389	0.0	252.23665	330.3392	33.936214	117.576195	0.0	0.0	0.0	57.240154	178.94496	0.0	0.0	35.164543	126.41912	0.0	0.0	0.0
122.09487	0.0	139.46611	0.0	0.0	2.8908942	0.0	0.0	0.0	253.40105	0.0	309.77554	0.0	0.0	17.294853	80.16462	0.0	0.0	0.0	0.0	0.0	0.0	33.749527	0.0	0.0	52.501125	0.0	266.06415	0.0	0.0	0.0	60.351887	72.62205	0.0	190.87048	0.0	60.307148	0.0	0.0	107.8764	121.77621	0.0	258.9081	0.0	0.0	86.56415	141.67873	0.0	0.0	75.12992	0.0	164.42891	0.0	233.56715	0.0	0.0	0.0	224.74684	0.0	0.0	0.0	0.0	0.0	28.794806	0.0	0.0	119.395164	0.0	0.0	0.0	0.0	0.0	73.22796	0.0	192.78516	0.0	0.0	0.0	38.817844	52.74046	0.0	0.0	0.0	213.55559	12.037551	0.0	0.0	137.83856	23.659363	0.0	0.0	331.46973	115.45856	0.0	0.0	162.11543	0.0	12.5410385	0.0	0.0	63.685825	0.0	0.0	0.0	0.0	201.11049	248.40332	0.0	161.34108	26.84001	212.67473	0.0	249.3127	326.26608	34.69116	116.62014	0.0	0.0	0.0	56.90852	176.56842	0.0	0.0	34.451267	125.15997	0.0	0.0	0.0
125.14468	0.0	143.65413	0.0	0.0	3.5480373	0.0	0.0	0.0	260.89304	0.0	318.8379	0.0	0.0	18.482443	81.524536	0.0	0.0	0.0	0.0	0.0	0.0	35.09339	0.0	0.0	53.975544	0.0	272.93552	0.0	0.0	0.0	62.381927	74.41904	0.0	197.1436	0.0	62.008133	0.0	0.0	111.099976	125.19241	0.0	265.93033	0.0	0.0	89.14453	146.68658	0.0	0.0	76.27102	0.0	169.53923	0.0	240.61653	0.0	0.0	0.0	231.20995	0.0	0.0	0.0	0.0	0.0	29.455645	0.0	0.0	122.17828	0.0	0.0	0.0	0.0	0.0	75.43865	0.0	198.92009	0.0	0.0	0.0	39.72871	54.53535	0.0	0.0	0.0	219.59467	12.455199	0.0	0.0	141.104	25.25431	0.0	0.0	340.18848	119.348976	0.0	0.0	166.88991	0.0	12.902283	0.0	0.0	66.14806	0.0	0.0	0.0	0.0	208.25542	255.01343	0.0	166.3242	28.007364	217.83655	0.0	256.5306	336.65976	34.379528	119.62686	0.0	0.0	0.0	58.326687	182.28084	0.0	0.0	35.592426	128.83067	0.0	0.0	0.0
123.095276	0.0	140.54582	0.0	0.0	3.053798	0.0	0.0	0.0	255.51176	0.0	312.6409	0.0	0.0	17.658201	80.68628	0.0	0.0	0.0	0.0	0.0	0.0	34.05756	0.0	0.0	52.85484	0.0	268.2575	0.0	0.0	0.0	60.796284	73.15127	0.0	192.9068	0.0	60.82767	0.0	0.0	108.84884	122.64624	0.0	261.01062	0.0	0.0	87.356804	143.2013	0.0	0.0	75.57822	0.0	165.844	0.0	235.70918	0.0	0.0	0.0	226.85999	0.0	0.0	0.0	0.0	0.0	28.981585	0.0	0.0	120.26855	0.0	0.0	0.0	0.0	0.0	73.87809	0.0	194.67029	0.0	0.0	0.0	38.972473	53.277637	0.0	0.0	0.0	215.2747	12.106037	0.0	0.0	138.72723	24.12886	0.0	0.0	334.03015	116.72482	0.0	0.0	163.63441	0.0	12.658581	0.0	0.0	64.47819	0.0	0.0	0.0	0.0	203.31671	250.31886	0.0	162.71754	27.256563	214.13446	0.0	251.54958	329.29196	34.52847	117.41277	0.0	0.0	0.0	57.184814	178.29845	0.0	0.0	34.923115	126.13284	0.0	0.0	0.0
127.69857	0.0	147.80025	0.0	0.0	4.189914	0.0	0.0	0.0	268.89844	0.0	327.07065	0.0	0.0	20.085632	81.5105	0.0	0.0	0.0	0.0	0.0	0.0	36.102665	0.0	0.0	55.228558	0.0	278.25217	0.0	0.0	0.0	63.69341	76.21671	0.0	203.01552	0.0	63.82234	0.0	0.0	113.00522	128.35252	0.0	271.2222	0.0	0.0	91.84428	152.3063	0.0	0.0	77.26966	0.0	174.48558	0.0	246.65575	0.0	0.0	0.0	237.21611	0.0	0.0	0.0	0.0	0.0	29.883482	0.0	0.0	123.60726	0.0	0.0	0.0	0.0	0.0	78.52612	0.0	204.95496	0.0	0.0	0.0	40.783695	55.33031	0.0	0.0	0.0	224.78242	13.159192	0.0	0.0	143.77214	27.291372	0.0	0.0	347.66797	124.06234	0.0	0.0	171.05249	0.0	12.609546	0.0	0.0	68.932106	0.0	0.0	0.0	0.0	215.7588	260.921	0.0	171.31384	29.181265	221.9881	0.0	262.31006	345.19742	33.331543	122.48832	0.0	0.0	0.0	59.66205	187.46686	0.0	0.0	36.841248	132.66632	0.0	0.0	0.0
123.984474	0.0	142.42128	0.0	0.0	3.2239447	0.0	0.0	0.0	258.64062	0.0	316.00964	0.0	0.0	18.215263	80.59643	0.0	0.0	0.0	0.0	0.0	0.0	34.464863	0.0	0.0	53.391537	0.0	270.31628	0.0	0.0	0.0	61.314697	73.88701	0.0	195.24396	0.0	61.47081	0.0	0.0	109.40665	123.91245	0.0	263.113	0.0	0.0	88.487305	145.48515	0.0	0.0	75.846466	0.0	167.78345	0.0	238.09814	0.0	0.0	0.0	229.05385	0.0	0.0	0.0	0.0	0.0	29.182947	0.0	0.0	120.76874	0.0	0.0	0.0	0.0	0.0	75.204216	0.0	196.9915	0.0	0.0	0.0	39.48113	53.484344	0.0	0.0	0.0	217.30255	12.3783655	0.0	0.0	139.79814	25.00855	0.0	0.0	336.99722	118.69671	0.0	0.0	165.25423	0.0	12.522899	0.0	0.0	65.632545	0.0	0.0	0.0	0.0	206.33495	252.68958	0.0	164.67387	27.668793	215.70354	0.0	253.87206	332.66418	33.99969	118.450554	0.0	0.0	0.0	57.844616	180.33357	0.0	0.0	35.259277	127.633545	0.0	0.0	0.0
124.87069	0.0	142.8352	0.0	0.0	3.5120907	0.0	0.0	0.0	259.2069	0.0	317.3835	0.0	0.0	18.01255	81.66616	0.0	0.0	0.0	0.0	0.0	0.0	34.91295	0.0	0.0	53.465206	0.0	272.06912	0.0	0.0	0.0	62.099396	73.913086	0.0	196.05193	0.0	61.87506	0.0	0.0	110.98203	124.660095	0.0	264.7965	0.0	0.0	88.518616	145.58829	0.0	0.0	76.41596	0.0	168.38011	0.0	239.32661	0.0	0.0	0.0	230.39264	0.0	0.0	0.0	0.0	0.0	29.265966	0.0	0.0	122.144966	0.0	0.0	0.0	0.0	0.0	74.66433	0.0	197.74861	0.0	0.0	0.0	39.151367	54.42754	0.0	0.0	0.0	218.75029	12.310079	0.0	0.0	140.29802	24.927896	0.0	0.0	338.7526	118.42651	0.0	0.0	166.16132	0.0	13.02827	0.0	0.0	65.580444	0.0	0.0	0.0	0.0	206.86505	253.7738	0.0	165.35265	27.84503	216.92046	0.0	255.44276	334.90634	34.528038	119.00887	0.0	0.0	0.0	57.99889	181.22675	0.0	0.0	35.53053	128.0248	0.0	0.0	0.0
121.92393	0.0	138.49605	0.0	0.0	2.7580864	0.0	0.0	0.0	251.40242	0.0	308.6199	0.0	0.0	16.619932	80.93394	0.0	0.0	0.0	0.0	0.0	0.0	33.61677	0.0	0.0	52.307972	0.0	265.89392	0.0	0.0	0.0	60.264942	72.226746	0.0	190.05113	0.0	59.993164	0.0	0.0	107.98193	121.16558	0.0	258.56384	0.0	0.0	85.99421	140.26659	0.0	0.0	75.23046	0.0	163.24715	0.0	232.65242	0.0	0.0	0.0	224.06468	0.0	0.0	0.0	0.0	0.0	28.72964	0.0	0.0	119.88102	0.0	0.0	0.0	0.0	0.0	72.379486	0.0	191.71623	0.0	0.0	0.0	38.278625	52.871353	0.0	0.0	0.0	212.85773	11.763024	0.0	0.0	137.44951	23.038946	0.0	0.0	330.5845	114.16276	0.0	0.0	161.73848	0.0	12.980381	0.0	0.0	63.134663	0.0	0.0	0.0	0.0	199.61931	247.48358	0.0	160.14024	26.566498	212.16443	0.0	248.83765	325.12964	35.244938	116.04986	0.0	0.0	0.0	56.519684	175.84657	0.0	0.0	34.39844	124.14982	0.0	0.0	0.0
125.586365	0.0	145.51851	0.0	0.0	3.9226487	0.0	0.0	0.0	264.85452	0.0	321.85394	0.0	0.0	19.699396	80.559235	0.0	0.0	0.0	0.0	0.0	0.0	35.531925	0.0	0.0	54.675335	0.0	274.25845	0.0	0.0	0.0	62.77544	75.25111	0.0	199.52197	0.0	62.58492	0.0	0.0	111.129616	126.57508	0.0	267.42752	0.0	0.0	90.56339	149.55505	0.0	0.0	76.191505	0.0	171.90247	0.0	242.87946	0.0	0.0	0.0	233.2472	0.0	0.0	0.0	0.0	0.0	29.542074	0.0	0.0	121.883446	0.0	0.0	0.0	0.0	0.0	77.23657	0.0	201.5774	0.0	0.0	0.0	40.634113	54.333668	0.0	0.0	0.0	221.36845	12.978047	0.0	0.0	141.96564	26.676025	0.0	0.0	342.85953	121.78524	0.0	0.0	168.4475	0.0	12.304703	0.0	0.0	67.625275	0.0	0.0	0.0	0.0	211.849	257.22592	0.0	168.81099	28.534567	219.23125	0.0	258.38034	339.78442	33.509205	120.945915	0.0	0.0	0.0	58.85121	184.3156	0.0	0.0	36.000595	130.67827	0.0	0.0	0.0
127.79209	0.0	148.31013	0.0	0.0	4.6540146	0.0	0.0	0.0	269.32718	0.0	328.43344	0.0	0.0	20.438574	81.467384	0.0	0.0	0.0	0.0	0.0	0.0	36.446712	0.0	0.0	55.12996	0.0	278.92197	0.0	0.0	0.0	64.1233	76.24198	0.0	204.27934	0.0	63.737396	0.0	0.0	113.77131	128.59558	0.0	271.9873	0.0	0.0	92.1857	153.30525	0.0	0.0	77.03913	0.0	175.12206	0.0	247.6366	0.0	0.0	0.0	238.21635	0.0	0.0	0.0	0.0	0.0	29.922846	0.0	0.0	123.84554	0.0	0.0	0.0	0.0	0.0	78.368034	0.0	205.78113	0.0	0.0	0.0	40.489628	55.841766	0.0	0.0	0.0	225.44072	13.059947	0.0	0.0	143.47328	28.04663	0.0	0.0	348.52737	124.580894	0.0	0.0	171.81963	0.0	12.7868185	0.0	0.0	69.51776	0.0	0.0	0.0	0.0	217.17949	261.40036	0.0	171.91809	29.56399	222.09727	0.0	263.6598	347.1543	32.521328	122.445595	0.0	0.0	0.0	59.72293	188.25584	0.0	0.0	37.05892	133.02568	0.0	0.0	0.0
138.92017	0.0	165.7215	0.0	0.0	7.547544	0.0	0.0	0.0	301.41534	0.0	363.8112	0.0	0.0	26.160192	83.60116	0.0	0.0	0.0	0.0	0.0	0.0	41.43993	0.0	0.0	60.55594	0.0	303.58817	0.0	0.0	0.0	71.51706	83.151344	0.0	229.08528	0.0	70.47515	0.0	0.0	124.54665	142.29741	0.0	297.0851	0.0	0.0	103.18744	175.27802	0.0	0.0	80.840485	0.0	196.30959	0.0030210763	274.50342	0.0	0.0	0.0	263.42722	0.0	0.0	0.0	0.0	0.0	32.16643	0.0	0.0	132.11464	0.0	0.0	0.0	0.0	0.0	88.776344	0.0	230.2668	0.0	0.0	0.0	44.570835	61.37467	0.0	0.0	0.0	248.4543	15.619685	0.0	0.0	155.17188	36.058414	0.0	0.0	381.6083	141.97902	0.0	0.0	189.98387	0.0	12.821231	0.0	0.0	80.326	0.0	0.0	0.0	0.0	247.19334	286.97134	0.0	192.87407	34.420837	241.14064	0.0	290.56555	386.53452	29.028595	134.51054	0.0	0.0	0.0	65.95812	210.52348	0.0	0.0	41.549088	148.77318	0.0	0.0	0.0
134.50873	0.0	160.72133	0.0	0.0	5.7825	0.0	0.0	0.0	292.72934	0.0	350.58826	0.0	0.0	24.630327	81.38125	0.0	0.0	0.0	0.0	0.0	0.0	39.28767	0.0	0.0	59.74562	0.0	293.55566	0.0	0.0	0.0	67.83912	81.21906	0.0	219.49762	0.0	68.3887	0.0	0.0	118.618744	138.00523	0.0	287.80838	0.0	0.0	100.93618	167.87521	0.0	0.0	79.12055	0.0	189.79765	0.0032380994	264.55545	0.0	0.0	0.0	253.17348	0.0	0.0	0.0	0.0	0.0	31.092035	0.0	0.0	127.699974	0.0	0.0	0.0	0.0	0.0	87.557396	0.0	221.64177	0.0	0.0	0.0	45.180965	58.03065	0.0	0.0	0.0	239.79932	15.537341	0.0	0.0	152.08809	33.41582	0.0	0.0	370.31436	136.73615	0.0	0.0	183.33203	0.0	12.037801	0.0	0.0	77.09611	0.0	0.0	0.0	0.0	236.829	278.5765	0.0	186.5262	32.45967	235.48189	0.0	279.50107	370.78665	30.969643	131.66357	0.0	0.0	0.0	64.28204	203.16026	0.0	0.0	38.97348	143.9471	0.0	0.0	0.0
123.42661	0.0	141.58528	0.0	0.0	3.1593068	0.0	0.0	0.0	257.42923	0.0	314.24667	0.0	0.0	18.042044	80.380104	0.0	0.0	0.0	0.0	0.0	0.0	34.197487	0.0	0.0	53.375946	0.0	269.28387	0.0	0.0	0.0	61.00699	73.652954	0.0	194.12756	0.0	61.15852	0.0	0.0	108.87081	123.46963	0.0	261.99557	0.0	0.0	88.09058	144.53123	0.0	0.0	75.74418	0.0	166.88307	0.0	236.98741	0.0	0.0	0.0	228.06383	0.0	0.0	0.0	0.0	0.0	29.20189	0.0	0.0	120.34446	0.0	0.0	0.0	0.0	0.0	74.91275	0.0	196.05061	0.0	0.0	0.0	39.471287	53.08528	0.0	0.0	0.0	216.24597	12.284084	0.0	0.0	139.37598	24.587402	0.0	0.0	335.77792	117.91193	0.0	0.0	164.5407	0.0	12.377141	0.0	0.0	65.17643	0.0	0.0	0.0	0.0	204.9128	251.65106	0.0	163.86925	27.337654	215.1153	0.0	252.65515	330.9288	34.41428	118.14721	0.0	0.0	0.0	57.530315	179.37068	0.0	0.0	35.11262	127.0527	0.0	0.0	0.0
125.52035	0.0	145.65479	0.0	0.0	3.9203842	0.0	0.0	0.0	265.56622	0.0	321.87112	0.0	0.0	20.026138	80.059746	0.0	0.0	0.0	0.0	0.0	0.0	35.54007	0.0	0.0	54.749756	0.0	273.7333	0.0	0.0	0.0	62.75108	75.19827	0.0	199.66316	0.0	62.54307	0.0	0.0	110.7716	126.443695	0.0	267.31027	0.0	0.0	90.651	149.9796	0.0	0.0	75.88871	0.0	172.2102	0.0	242.89796	0.0	0.0	0.0	232.97533	0.0	0.0	0.0	0.0	0.0	29.391489	0.0	0.0	121.36747	0.0	0.0	0.0	0.0	0.0	77.58869	0.0	201.72481	0.0	0.0	0.0	40.93833	54.30286	0.0	0.0	0.0	221.37152	13.209233	0.0	0.0	142.17632	26.908873	0.0	0.0	342.65128	122.19341	0.0	0.0	168.3626	0.0	12.226527	0.0	0.0	67.952995	0.0	0.0	0.0	0.0	212.47127	257.22867	0.0	169.16109	28.625734	219.23592	0.0	258.24292	339.84506	33.05976	120.96054	0.0	0.0	0.0	58.937183	184.55464	0.0	0.0	35.78798	130.91599	0.0	0.0	0.0
128.6263	0.0	151.01714	0.0	0.0	4.5393567	0.0	0.0	0.0	274.49338	0.0	331.84253	0.0	0.0	21.4999	80.674866	0.0	0.0	0.0	0.0	0.0	0.0	36.696564	0.0	0.0	56.1292	0.0	280.66772	0.0	0.0	0.0	64.242615	77.21275	0.0	206.52118	0.0	64.769035	0.0	0.0	113.65766	130.59712	0.0	274.31583	0.0	0.0	94.037254	156.10767	0.0	0.0	77.32267	0.0	177.91127	0.0	250.11043	0.0	0.0	0.0	240.10027	0.0	0.0	0.0	0.0	0.0	29.989416	0.0	0.0	123.73657	0.0	0.0	0.0	0.0	0.0	80.87942	0.0	208.34216	0.0	0.0	0.0	42.18501	55.375412	0.0	0.0	0.0	227.75163	13.805501	0.0	0.0	145.23683	28.99497	0.0	0.0	351.923	127.30784	0.0	0.0	173.50789	0.0	12.023662	0.0	0.0	70.95857	0.0	0.0	0.0	0.0	220.41339	264.50586	0.0	174.83864	29.94132	224.51088	0.0	265.43396	350.12772	32.37484	124.44503	0.0	0.0	0.0	60.856236	190.67572	0.0	0.0	36.88808	135.27705	0.0	0.0	0.0
136.30902	0.0	163.35413	0.0	0.0	6.1546826	0.0	0.0	0.0	297.70758	0.0	355.57382	0.0	0.0	25.37293	81.75784	0.0	0.0	0.0	0.0	0.0	0.0	39.88483	0.0	0.0	60.840897	0.0	297.30984	0.0	0.0	0.0	68.81197	82.31243	0.0	223.04604	0.0	69.42497	0.0	0.0	120.27126	140.0694	0.0	291.70352	0.0	0.0	102.656334	171.10303	0.0	0.0	79.66368	0.0	192.76656	0.2751749	268.44067	0.0	0.0	0.0	256.7158	0.0	0.0	0.0	0.0	0.0	31.38996	0.0	0.0	128.98267	0.0	0.0	0.0	0.0	0.0	89.40228	0.0	225.43176	0.0	0.0	0.0	46.02478	58.66461	0.0	0.0	0.0	243.32396	15.739307	0.0	0.0	154.11064	34.36339	0.0	0.0	375.3733	139.3125	0.0	0.0	186.02832	0.0	12.028305	0.0	0.0	78.748085	0.0	0.0	0.0	0.0	241.13155	282.6537	0.0	189.62752	33.112568	238.57173	0.0	283.45578	376.4956	30.747274	133.60394	0.0	0.0	0.0	65.23759	206.37984	0.0	0.0	39.67113	146.19366	0.0	0.0	0.0
133.37157	0.0	158.04286	0.0	0.0	5.566351	0.0	0.0	0.0	287.86847	0.0	345.9032	0.0	0.0	23.606215	81.59121	0.0	0.0	0.0	0.0	0.0	0.0	38.602795	0.0	0.0	58.615505	0.0	290.7367	0.0	0.0	0.0	66.98002	80.17994	0.0	216.32893	0.0	67.49777	0.0	0.0	117.81693	136.12141	0.0	284.65125	0.0	0.0	98.84625	164.87738	0.0	0.0	78.92193	0.0	186.53383	0.0	260.9989	0.0	0.0	0.0	250.15833	0.0	0.0	0.0	0.0	0.0	30.82664	0.0	0.0	126.90472	0.0	0.0	0.0	0.0	0.0	85.52707	0.0	218.2583	0.0	0.0	0.0	44.086365	57.4807	0.0	0.0	0.0	237.01424	14.9253645	0.0	0.0	150.43694	32.087444	0.0	0.0	365.6295	134.25624	0.0	0.0	180.90173	0.0	12.092822	0.0	0.0	75.23586	0.0	0.0	0.0	0.0	232.49965	275.2056	0.0	183.36766	31.90595	232.85402	0.0	276.3097	365.82385	31.427378	129.69324	0.0	0.0	0.0	63.48988	199.85536	0.0	0.0	38.57148	141.71042	0.0	0.0	0.0
123.33311	0.0	141.06201	0.0	0.0	3.2835639	0.0	0.0	0.0	255.92833	0.0	313.5221	0.0	0.0	17.589668	81.20499	0.0	0.0	0.0	0.0	0.0	0.0	34.53931	0.0	0.0	53.100586	0.0	269.1907	0.0	0.0	0.0	61.54642	73.15868	0.0	193.38202	0.0	60.942425	0.0	0.0	109.664314	123.19867	0.0	262.16196	0.0	0.0	87.419975	143.34808	0.0	0.0	75.53712	0.0	166.38637	0.0	236.48912	0.0	0.0	0.0	227.39693	0.0	0.0	0.0	0.0	0.0	29.027985	0.0	0.0	121.09249	0.0	0.0	0.0	0.0	0.0	73.63282	0.0	195.08467	0.0	0.0	0.0	39.04134	53.91788	0.0	0.0	0.0	216.19337	12.164369	0.0	0.0	139.12482	24.28414	0.0	0.0	335.14066	116.50886	0.0	0.0	164.22762	0.0	12.987068	0.0	0.0	64.58254	0.0	0.0	0.0	0.0	203.82983	250.92871	0.0	163.28328	27.231499	214.84267	0.0	252.51814	330.96756	34.781796	117.788055	0.0	0.0	0.0	57.44908	179.07845	0.0	0.0	34.895382	126.34223	0.0	0.0	0.0
133.48784	0.0	159.26118	0.0	0.0	5.8402667	0.0	0.0	0.0	290.4385	0.0	348.20932	0.0	0.0	24.225893	82.445076	0.0	0.0	0.0	0.0	0.0	0.0	39.676834	0.0	0.0	60.365253	0.0	292.64832	0.0	0.0	0.0	68.215576	81.170494	0.0	217.72719	0.0	67.65107	0.0	0.0	118.61976	137.4043	0.0	287.58575	0.0	0.0	99.87128	165.9223	0.0	0.0	78.43632	0.0	188.49934	0.0	262.94403	0.0	0.0	0.0	250.99446	0.0	0.0	0.0	0.0	0.0	31.126032	0.0	0.0	127.876076	0.0	0.0	0.0	0.0	0.0	86.16519	0.0	220.73413	0.0	0.0	0.0	45.48636	58.333378	0.0	0.0	0.0	239.112	15.052368	0.0	0.0	152.46863	32.649563	0.0	0.0	369.1741	134.62328	0.0	0.0	182.33235	0.0	12.2123575	0.0	0.0	75.80543	0.0	0.0	0.0	0.0	234.60527	277.15015	0.0	185.5139	32.148632	235.20375	0.0	277.98166	369.62808	32.606537	131.79616	0.0	0.0	0.0	63.786163	201.96143	0.0	0.0	39.069088	143.10048	0.0	0.0	0.0
126.55927	0.0	146.04102	0.0	0.0	4.0850177	0.0	0.0	0.0	265.65253	0.0	323.92258	0.0	0.0	19.447123	81.70844	0.0	0.0	0.0	0.0	0.0	0.0	36.0436	0.0	0.0	54.822052	0.0	276.33328	0.0	0.0	0.0	63.562164	75.488014	0.0	200.86061	0.0	62.92215	0.0	0.0	112.571754	127.049126	0.0	269.36923	0.0	0.0	90.78204	150.14099	0.0	0.0	76.53915	0.0	172.70319	0.0	244.32074	0.0	0.0	0.0	234.88033	0.0	0.0	0.0	0.0	0.0	29.737175	0.0	0.0	123.104004	0.0	0.0	0.0	0.0	0.0	76.94552	0.0	202.7039	0.0	0.0	0.0	40.245808	55.348232	0.0	0.0	0.0	222.83907	12.860494	0.0	0.0	142.68819	26.735838	0.0	0.0	344.8324	121.96932	0.0	0.0	169.51682	0.0	12.84158	0.0	0.0	67.86007	0.0	0.0	0.0	0.0	213.01178	258.59354	0.0	169.55846	28.880709	220.35976	0.0	260.2988	342.41928	33.71337	121.42704	0.0	0.0	0.0	59.098537	185.56093	0.0	0.0	36.564976	131.20798	0.0	0.0	0.0
122.5859	0.0	140.43394	0.0	0.0	3.217889	0.0	0.0	0.0	255.12415	0.0	312.1205	0.0	0.0	17.716957	80.20916	0.0	0.0	0.0	0.0	0.0	0.0	34.215164	0.0	0.0	52.892994	0.0	267.36206	0.0	0.0	0.0	60.81888	72.98606	0.0	192.66956	0.0	60.60258	0.0	0.0	108.37554	122.36793	0.0	260.35086	0.0	0.0	87.3659	143.27824	0.0	0.0	75.04783	0.0	165.78249	0.0	235.3124	0.0	0.0	0.0	226.29912	0.0	0.0	0.0	0.0	0.0	28.921186	0.0	0.0	119.813194	0.0	0.0	0.0	0.0	0.0	73.9369	0.0	194.6403	0.0	0.0	0.0	38.948162	53.149105	0.0	0.0	0.0	214.72984	12.128266	0.0	0.0	138.299	24.462576	0.0	0.0	333.33243	116.70214	0.0	0.0	163.35893	0.0	12.686116	0.0	0.0	64.7188	0.0	0.0	0.0	0.0	203.57436	249.63225	0.0	162.61157	27.216421	213.36426	0.0	251.08665	328.93103	34.073807	117.16381	0.0	0.0	0.0	57.04218	178.19835	0.0	0.0	34.97191	126.060585	0.0	0.0	0.0
126.38981	0.0	144.88281	0.0	0.0	4.099161	0.0	0.0	0.0	263.00195	0.0	322.26306	0.0	0.0	18.73136	81.8847	0.0	0.0	0.0	0.0	0.0	0.0	35.575363	0.0	0.0	54.091183	0.0	275.47647	0.0	0.0	0.0	63.2063	74.64163	0.0	199.69969	0.0	62.566647	0.0	0.0	112.82208	126.313354	0.0	268.17603	0.0	0.0	89.82184	148.70744	0.0	0.0	76.709984	0.0	171.07051	0.0	243.03839	0.0	0.0	0.0	233.97612	0.0	0.0	0.0	0.0	0.0	29.54828	0.0	0.0	123.42655	0.0	0.0	0.0	0.0	0.0	75.70029	0.0	201.22192	0.0	0.0	0.0	39.23982	55.329296	0.0	0.0	0.0	221.73103	12.591309	0.0	0.0	141.29912	26.168325	0.0	0.0	343.00833	120.601906	0.0	0.0	168.85881	0.0	13.219983	0.0	0.0	67.31945	0.0	0.0	0.0	0.0	211.30568	256.98764	0.0	168.08478	28.521027	219.02742	0.0	259.38184	340.54135	33.581726	120.377525	0.0	0.0	0.0	58.591434	184.28694	0.0	0.0	36.39036	129.82481	0.0	0.0	0.0
122.351814	0.0	139.76567	0.0	0.0	3.0928657	0.0	0.0	0.0	253.70305	0.0	310.70947	0.0	0.0	17.273954	80.51746	0.0	0.0	0.0	0.0	0.0	0.0	34.08794	0.0	0.0	52.511322	0.0	266.90048	0.0	0.0	0.0	60.728657	72.40764	0.0	191.58821	0.0	60.45094	0.0	0.0	108.5849	122.10687	0.0	259.73154	0.0	0.0	86.748405	142.0412	0.0	0.0	75.04496	0.0	164.95186	0.0	234.3269	0.0	0.0	0.0	225.44763	0.0	0.0	0.0	0.0	0.0	28.77787	0.0	0.0	119.901405	0.0	0.0	0.0	0.0	0.0	73.05893	0.0	193.25703	0.0	0.0	0.0	38.673702	53.3284	0.0	0.0	0.0	214.22737	12.13987	0.0	0.0	137.82817	23.955536	0.0	0.0	332.15848	115.576385	0.0	0.0	162.63664	0.0	12.786153	0.0	0.0	63.856884	0.0	0.0	0.0	0.0	201.78554	248.78923	0.0	161.8562	26.984823	212.98462	0.0	250.17278	327.61185	34.514027	116.72497	0.0	0.0	0.0	57.006245	177.37807	0.0	0.0	34.68021	125.39657	0.0	0.0	0.0
140.76231	0.0	170.6078	0.0	0.0	8.428083	0.0	0.0	0.0	305.67578	0.0	368.04312	0.0	0.0	21.591398	93.572975	0.0	0.0	0.0	0.0	0.0	0.0	45.544727	0.0	0.0	71.26685	0.0	312.73547	0.0	0.0	0.0	76.993614	86.43689	0.0	227.82988	0.0	71.52249	0.0	0.0	127.04366	150.16908	0.0	312.23837	0.0	0.0	105.66152	171.82202	0.0	0.0	81.62207	0.0	199.72218	0.0	279.70572	0.0	0.0	0.0	260.72214	0.0	0.0	0.0	0.0	0.0	33.46912	0.0	0.0	141.68031	0.0	0.0	0.0	0.0	0.0	90.71198	0.0	234.45985	0.0	0.0	0.0	53.9388	65.36714	0.0	0.0	0.0	258.0175	16.114225	0.0	0.0	169.5979	32.144913	0.0	0.0	400.2828	134.97125	0.0	0.0	193.6775	0.0	15.167638	0.0	0.0	78.53554	0.0	0.0	0.0	0.0	243.71199	294.10593	0.0	198.02808	29.8621	256.67126	0.0	295.5118	396.79776	44.579807	147.12675	0.0	0.0	0.0	69.92342	216.5627	0.0	0.0	39.059544	151.73119	0.0	0.0	0.0
125.69181	0.0	143.55147	0.0	0.0	3.221367	0.0	0.0	0.0	258.48508	0.0	318.2997	0.0	0.0	16.282492	84.560356	0.0	0.0	0.0	0.0	0.0	0.0	35.796154	0.0	0.0	55.27242	0.0	274.62598	0.0	0.0	0.0	63.28011	74.4163	0.0	196.01332	0.0	61.90276	0.0	0.0	112.26276	125.90576	0.0	268.30823	0.0	0.0	88.58631	144.15703	0.0	0.0	77.08963	0.0	168.25081	0.0	239.98338	0.0	0.0	0.0	230.45363	0.0	0.0	0.0	0.0	0.0	29.090914	0.0	0.0	125.052986	0.0	0.0	0.0	0.0	0.0	73.84751	0.0	198.21297	0.0	0.0	0.0	40.105785	55.61832	0.0	0.0	0.0	220.4848	12.161979	0.0	0.0	142.63036	23.981232	0.0	0.0	342.38272	116.25924	0.0	0.0	167.20409	0.0	14.064228	0.0	0.0	65.310425	0.0	0.0	0.0	0.0	205.54692	254.98668	0.0	165.82729	26.738022	219.73933	0.0	257.0139	336.80698	37.821293	120.81997	0.0	0.0	0.0	58.675846	182.20528	0.0	0.0	35.10174	127.709656	0.0	0.0	0.0
127.68734	0.0	146.91457	0.0	0.0	3.404865	0.0	0.0	0.0	264.13257	0.0	324.73456	0.0	0.0	16.652788	86.13464	0.0	0.0	0.0	0.0	0.0	0.0	37.09203	0.0	0.0	57.04466	0.0	279.85477	0.0	0.0	0.0	65.01465	76.11205	0.0	199.85594	0.0	62.83429	0.0	0.0	113.99704	128.6876	0.0	274.0012	0.0	0.0	90.69324	147.25667	0.0	0.0	78.06591	0.0	172.17558	0.0	244.92741	0.0	0.0	0.0	234.45312	0.0	0.0	0.0	0.0	0.0	29.748484	0.0	0.0	127.30665	0.0	0.0	0.0	0.0	0.0	75.59036	0.0	202.34094	0.0	0.0	0.0	41.820972	56.911392	0.0	0.0	0.0	225.1499	12.660976	0.0	0.0	146.22151	24.788172	0.0	0.0	349.7518	118.53242	0.0	0.0	170.49277	0.0	14.262565	0.0	0.0	66.681786	0.0	0.0	0.0	0.0	209.93022	260.1448	0.0	169.79303	26.87652	224.60786	0.0	262.07675	344.07822	38.955257	123.705505	0.0	0.0	0.0	60.300842	186.36926	0.0	0.0	35.567204	130.67395	0.0	0.0	0.0
127.3823	0.0	146.22765	0.0	0.0	3.3741596	0.0	0.0	0.0	263.04834	0.0	323.63495	0.0	0.0	16.79934	85.665306	0.0	0.0	0.0	0.0	0.0	0.0	36.73734	0.0	0.0	56.555683	0.0	278.8434	0.0	0.0	0.0	64.54278	75.77695	0.0	199.30878	0.0	62.78829	0.0	0.0	113.78519	128.02898	0.0	272.66544	0.0	0.0	90.26647	146.94044	0.0	0.0	77.87445	0.0	171.30731	0.0	243.99251	0.0	0.0	0.0	233.98366	0.0	0.0	0.0	0.0	0.0	29.635689	0.0	0.0	126.76672	0.0	0.0	0.0	0.0	0.0	75.39066	0.0	201.71587	0.0	0.0	0.0	41.197247	56.503616	0.0	0.0	0.0	224.0595	12.470305	0.0	0.0	145.16475	24.716833	0.0	0.0	348.14603	118.3209	0.0	0.0	169.99295	0.0	14.217807	0.0	0.0	66.55123	0.0	0.0	0.0	0.0	209.33545	259.13382	0.0	168.77449	26.996695	223.31975	0.0	261.11685	342.6387	38.44747	122.97931	0.0	0.0	0.0	59.80479	185.61238	0.0	0.0	35.73129	129.93858	0.0	0.0	0.0
130.594	0.0	152.49077	0.0	0.0	4.364741	0.0	0.0	0.0	273.39813	0.0	335.18396	0.0	0.0	17.771997	87.527306	0.0	0.0	0.0	0.0	0.0	0.0	38.96596	0.0	0.0	59.91746	0.0	287.43073	0.0	0.0	0.0	67.66831	78.56228	0.0	206.51575	0.0	64.72334	0.0	0.0	116.965546	133.16724	0.0	282.18314	0.0	0.0	94.023415	153.25398	0.0	0.0	78.74413	0.0	178.46391	0.0	252.87727	0.0	0.0	0.0	241.0709	0.0	0.0	0.0	0.0	0.0	30.609465	0.0	0.0	130.38548	0.0	0.0	0.0	0.0	0.0	78.88088	0.0	209.96545	0.0	0.0	0.0	44.100113	58.737988	0.0	0.0	0.0	232.40874	13.419244	0.0	0.0	150.87206	26.555473	0.0	0.0	360.66647	122.87784	0.0	0.0	175.84138	0.0	14.33503	0.0	0.0	69.788124	0.0	0.0	0.0	0.0	218.0591	267.7197	0.0	176.25853	27.646322	230.97386	0.0	269.84915	355.95096	39.081905	128.34618	0.0	0.0	0.0	62.411823	193.31105	0.0	0.0	36.918125	135.35785	0.0	0.0	0.0
129.79054	0.0	150.62502	0.0	0.0	3.8836765	0.0	0.0	0.0	270.51346	0.0	331.7113	0.0	0.0	17.544504	87.240845	0.0	0.0	0.0	0.0	0.0	0.0	38.34454	0.0	0.0	58.93977	0.0	285.20667	0.0	0.0	0.0	66.83262	77.84929	0.0	204.30853	0.0	64.17663	0.0	0.0	116.04956	131.7804	0.0	279.77637	0.0	0.0	92.97254	151.1081	0.0	0.0	78.78477	0.0	176.48222	0.0	250.4084	0.0	0.0	0.0	239.0155	0.0	0.0	0.0	0.0	0.0	30.423403	0.0	0.0	129.49994	0.0	0.0	0.0	0.0	0.0	77.830154	0.0	207.46631	0.0	0.0	0.0	43.482224	58.260773	0.0	0.0	0.0	230.08873	13.193036	0.0	0.0	149.52052	25.896845	0.0	0.0	357.37534	121.38026	0.0	0.0	174.1165	0.0	14.374629	0.0	0.0	68.66476	0.0	0.0	0.0	0.0	215.3341	265.4895	0.0	174.14333	27.450523	229.28426	0.0	267.41113	352.22818	39.49266	126.885216	0.0	0.0	0.0	61.682495	191.0655	0.0	0.0	36.44704	133.85828	0.0	0.0	0.0
128.25829	0.0	147.18268	0.0	0.0	3.4367268	0.0	0.0	0.0	264.73822	0.0	325.6344	0.0	0.0	16.718023	86.26782	0.0	0.0	0.0	0.0	0.0	0.0	37.016266	0.0	0.0	56.923023	0.0	280.5434	0.0	0.0	0.0	64.90619	76.30121	0.0	200.56245	0.0	63.20293	0.0	0.0	114.31378	128.77858	0.0	274.34735	0.0	0.0	90.90561	147.82088	0.0	0.0	78.57691	0.0	172.42854	0.0	245.53064	0.0	0.0	0.0	235.5237	0.0	0.0	0.0	0.0	0.0	29.838785	0.0	0.0	127.59298	0.0	0.0	0.0	0.0	0.0	76.02847	0.0	203.07886	0.0	0.0	0.0	41.458775	56.92226	0.0	0.0	0.0	225.52238	12.620873	0.0	0.0	146.13324	24.845222	0.0	0.0	350.4038	119.20577	0.0	0.0	170.97682	0.0	14.384632	0.0	0.0	67.13261	0.0	0.0	0.0	0.0	210.81712	260.7612	0.0	169.98526	27.211157	224.83075	0.0	262.76038	344.7263	38.65888	123.777504	0.0	0.0	0.0	60.195477	186.75447	0.0	0.0	36.097507	130.93245	0.0	0.0	0.0
130.76672	0.0	151.84377	0.0	0.0	4.1958194	0.0	0.0	0.0	272.8773	0.0	334.6205	0.0	0.0	17.851843	87.523384	0.0	0.0	0.0	0.0	0.0	0.0	38.724773	0.0	0.0	59.331783	0.0	287.26108	0.0	0.0	0.0	67.323204	78.36892	0.0	206.26941	0.0	64.65272	0.0	0.0	117.07792	132.73726	0.0	281.58582	0.0	0.0	93.7822	152.96294	0.0	0.0	79.008224	0.0	178.1225	0.0	252.65666	0.0	0.0	0.0	241.36967	0.0	0.0	0.0	0.0	0.0	30.643288	0.0	0.0	130.23253	0.0	0.0	0.0	0.0	0.0	78.65336	0.0	209.54109	0.0	0.0	0.0	43.458496	58.82092	0.0	0.0	0.0	231.98988	13.36218	0.0	0.0	150.26584	26.560106	0.0	0.0	359.92545	122.79484	0.0	0.0	175.56549	0.0	14.545651	0.0	0.0	69.554016	0.0	0.0	0.0	0.0	217.92871	267.54916	0.0	175.76347	27.846792	230.5103	0.0	269.69705	355.3868	38.88492	127.776245	0.0	0.0	0.0	62.07703	192.89467	0.0	0.0	37.20546	135.17174	0.0	0.0	0.0
134.6963	0.0	158.46037	0.0	0.0	5.57922	0.0	0.0	0.0	283.98166	0.0	346.8173	0.0	0.0	18.595812	90.74021	0.0	0.0	0.0	0.0	0.0	0.0	41.18021	0.0	0.0	64.01924	0.0	296.67715	0.0	0.0	0.0	70.75444	81.5528	0.0	213.71935	0.0	67.21155	0.0	0.0	120.51945	138.74263	0.0	292.92807	0.0	0.0	97.82678	159.23448	0.0	0.0	80.34632	0.0	185.27083	0.0	262.16788	0.0	0.0	0.0	248.19281	0.0	0.0	0.0	0.0	0.0	31.857141	0.0	0.0	135.11597	0.0	0.0	0.0	0.0	0.0	82.84974	0.0	218.61299	0.0	0.0	0.0	47.134735	61.094208	0.0	0.0	0.0	241.35689	13.84898	0.0	0.0	157.85048	27.85053	0.0	0.0	374.6829	126.7696	0.0	0.0	182.06108	0.0	15.054367	0.0	0.0	72.63735	0.0	0.0	0.0	0.0	226.53094	276.90512	0.0	183.30151	28.253656	240.12036	0.0	278.99118	369.8492	41.601894	134.95183	0.0	0.0	0.0	64.735466	201.2149	0.0	0.0	38.255177	140.7285	0.0	0.0	0.0
134.99748	0.0	160.12036	0.0	0.0	5.87367	0.0	0.0	0.0	286.35452	0.0	349.13028	0.0	0.0	18.850822	90.674995	0.0	0.0	0.0	0.0	0.0	0.0	41.64484	0.0	0.0	65.109764	0.0	298.13354	0.0	0.0	0.0	71.40722	82.12152	0.0	215.34944	0.0	67.426186	0.0	0.0	120.8191	140.18149	0.0	294.94547	0.0	0.0	99.06787	160.8111	0.0	0.0	80.26287	0.0	187.02948	0.0	263.8773	0.0	0.0	0.0	249.2436	0.0	0.0	0.0	0.0	0.0	31.873825	0.0	0.0	135.5411	0.0	0.0	0.0	0.0	0.0	83.94637	0.0	220.54948	0.0	0.0	0.0	48.29244	61.410603	0.0	0.0	0.0	242.95903	14.116475	0.0	0.0	159.28358	28.373856	0.0	0.0	377.68942	127.67866	0.0	0.0	183.19304	0.0	14.909126	0.0	0.0	73.391235	0.0	0.0	0.0	0.0	228.37898	278.54752	0.0	185.08308	28.168907	241.7356	0.0	280.6766	372.71298	41.84358	136.40352	0.0	0.0	0.0	65.51357	202.99121	0.0	0.0	38.020245	141.86488	0.0	0.0	0.0
132.53822	0.0	155.37648	0.0	0.0	4.917101	0.0	0.0	0.0	278.45096	0.0	340.2828	0.0	0.0	18.039608	89.3175	0.0	0.0	0.0	0.0	0.0	0.0	40.046803	0.0	0.0	62.188824	0.0	291.8414	0.0	0.0	0.0	69.29281	80.13354	0.0	209.36153	0.0	65.84134	0.0	0.0	118.63959	136.09322	0.0	287.61035	0.0	0.0	95.80246	155.57219	0.0	0.0	79.56732	0.0	181.57751	0.0	257.06686	0.0	0.0	0.0	243.90681	0.0	0.0	0.0	0.0	0.0	31.09722	0.0	0.0	132.79355	0.0	0.0	0.0	0.0	0.0	80.59237	0.0	213.9164	0.0	0.0	0.0	46.172474	59.917103	0.0	0.0	0.0	236.74707	13.587066	0.0	0.0	154.76324	26.860184	0.0	0.0	367.7562	124.18383	0.0	0.0	178.58437	0.0	14.65829	0.0	0.0	70.740746	0.0	0.0	0.0	0.0	221.294	272.17484	0.0	179.66895	27.623405	235.90869	0.0	273.88516	362.32315	41.216152	131.91905	0.0	0.0	0.0	63.624195	196.89308	0.0	0.0	37.08242	137.80548	0.0	0.0	0.0
130.15337	0.0	151.33226	0.0	0.0	4.0634503	0.0	0.0	0.0	271.88	0.0	333.38736	0.0	0.0	17.646294	87.40317	0.0	0.0	0.0	0.0	0.0	0.0	38.63204	0.0	0.0	59.168056	0.0	286.30673	0.0	0.0	0.0	67.13708	78.17009	0.0	205.34192	0.0	64.44275	0.0	0.0	116.64315	132.34363	0.0	280.8557	0.0	0.0	93.46942	152.16829	0.0	0.0	78.7121	0.0	177.42339	0.0	251.71257	0.0	0.0	0.0	240.07494	0.0	0.0	0.0	0.0	0.0	30.610155	0.0	0.0	129.81793	0.0	0.0	0.0	0.0	0.0	78.172615	0.0	208.57182	0.0	0.0	0.0	43.582523	58.618256	0.0	0.0	0.0	231.19579	13.22731	0.0	0.0	150.01646	26.371208	0.0	0.0	358.7312	122.108665	0.0	0.0	174.88953	0.0	14.396113	0.0	0.0	69.031525	0.0	0.0	0.0	0.0	216.65558	266.62164	0.0	175.16887	27.659937	230.0084	0.0	268.6907	354.03137	39.115776	127.44409	0.0	0.0	0.0	61.968975	191.98096	0.0	0.0	36.790844	134.64674	0.0	0.0	0.0
129.57921	0.0	150.27345	0.0	0.0	3.8096354	0.0	0.0	0.0	269.91245	0.0	331.08914	0.0	0.0	17.268911	87.34025	0.0	0.0	0.0	0.0	0.0	0.0	38.22453	0.0	0.0	58.89455	0.0	284.79697	0.0	0.0	0.0	66.62472	77.74958	0.0	203.66374	0.0	63.921223	0.0	0.0	115.93255	131.493	0.0	279.36777	0.0	0.0	92.787865	150.6032	0.0	0.0	78.67533	0.0	176.14061	0.0	249.88026	0.0	0.0	0.0	238.48131	0.0	0.0	0.0	0.0	0.0	30.245605	0.0	0.0	129.32533	0.0	0.0	0.0	0.0	0.0	77.49079	0.0	206.94981	0.0	0.0	0.0	43.463512	58.133442	0.0	0.0	0.0	229.70862	13.112706	0.0	0.0	149.51318	25.646929	0.0	0.0	357.00967	120.88688	0.0	0.0	173.69006	0.0	14.40332	0.0	0.0	68.25709	0.0	0.0	0.0	0.0	214.55267	265.01273	0.0	173.86092	27.284143	229.11806	0.0	266.96103	351.31155	39.659134	126.775475	0.0	0.0	0.0	61.602783	190.56287	0.0	0.0	36.27266	133.73267	0.0	0.0	0.0
130.58105	0.0	152.49149	0.0	0.0	4.343085	0.0	0.0	0.0	273.8298	0.0	335.30295	0.0	0.0	18.013575	87.596535	0.0	0.0	0.0	0.0	0.0	0.0	39.09564	0.0	0.0	60.044056	0.0	287.60666	0.0	0.0	0.0	67.76177	78.70078	0.0	206.63135	0.0	64.596504	0.0	0.0	117.093544	133.32268	0.0	282.58292	0.0	0.0	94.20588	153.36363	0.0	0.0	78.646904	0.0	178.82393	0.0	253.26685	0.0	0.0	0.0	241.18214	0.0	0.0	0.0	0.0	0.0	30.637482	0.0	0.0	130.34511	0.0	0.0	0.0	0.0	0.0	78.960396	0.0	210.16875	0.0	0.0	0.0	44.434345	59.051575	0.0	0.0	0.0	232.55211	13.467434	0.0	0.0	151.23116	26.781044	0.0	0.0	361.23538	122.88291	0.0	0.0	175.89111	0.0	14.433368	0.0	0.0	69.77334	0.0	0.0	0.0	0.0	218.36482	268.04666	0.0	176.56555	27.708681	231.49806	0.0	270.21777	356.49863	39.313107	128.56154	0.0	0.0	0.0	62.480694	193.59819	0.0	0.0	36.907703	135.59924	0.0	0.0	0.0
133.76338	0.0	157.76118	0.0	0.0	5.248031	0.0	0.0	0.0	281.9485	0.0	344.84085	0.0	0.0	18.528372	89.61373	0.0	0.0	0.0	0.0	0.0	0.0	40.636036	0.0	0.0	62.789917	0.0	294.88733	0.0	0.0	0.0	70.04957	80.982605	0.0	212.70305	0.0	66.654594	0.0	0.0	119.95642	137.87285	0.0	290.81934	0.0	0.0	97.27359	158.37894	0.0	0.0	80.1132	0.0	183.99315	0.0	260.2174	0.0	0.0	0.0	247.08739	0.0	0.0	0.0	0.0	0.0	31.211985	0.0	0.0	133.94702	0.0	0.0	0.0	0.0	0.0	81.80113	0.0	216.94542	0.0	0.0	0.0	46.527004	60.5697	0.0	0.0	0.0	239.49147	13.711827	0.0	0.0	156.07634	27.82635	0.0	0.0	371.8417	126.37507	0.0	0.0	180.97455	0.0	14.647632	0.0	0.0	72.17371	0.0	0.0	0.0	0.0	224.96794	275.1124	0.0	182.14618	28.153946	238.00195	0.0	277.3514	367.23648	40.618458	133.30055	0.0	0.0	0.0	64.54488	199.65608	0.0	0.0	37.497414	139.57115	0.0	0.0	0.0
134.45284	0.0	157.86787	0.0	0.0	5.2195854	0.0	0.0	0.0	283.22437	0.0	345.8464	0.0	0.0	18.503473	90.38217	0.0	0.0	0.0	0.0	0.0	0.0	40.7067	0.0	0.0	63.20753	0.0	296.0453	0.0	0.0	0.0	70.38956	81.30582	0.0	213.04814	0.0	66.97168	0.0	0.0	120.2461	138.31633	0.0	292.054	0.0	0.0	97.51174	158.47493	0.0	0.0	80.520966	0.0	184.63484	0.0	261.34732	0.0	0.0	0.0	247.7935	0.0	0.0	0.0	0.0	0.0	31.594759	0.0	0.0	134.67317	0.0	0.0	0.0	0.0	0.0	82.216156	0.0	217.68707	0.0	0.0	0.0	46.845486	60.921814	0.0	0.0	0.0	240.43175	13.860068	0.0	0.0	157.19946	27.611525	0.0	0.0	373.33646	126.57903	0.0	0.0	181.4828	0.0	14.712682	0.0	0.0	72.160126	0.0	0.0	0.0	0.0	225.40764	276.3985	0.0	182.77051	28.196465	239.40553	0.0	278.2006	368.36478	41.272167	134.12762	0.0	0.0	0.0	64.6821	200.1552	0.0	0.0	37.94904	140.27824	0.0	0.0	0.0
130.99811	0.0	152.4617	0.0	0.0	4.0742226	0.0	0.0	0.0	273.6241	0.0	335.27902	0.0	0.0	17.488716	88.65656	0.0	0.0	0.0	0.0	0.0	0.0	39.002167	0.0	0.0	60.275715	0.0	288.3182	0.0	0.0	0.0	67.67896	78.9977	0.0	205.95741	0.0	64.79166	0.0	0.0	117.12811	133.45856	0.0	283.3226	0.0	0.0	94.19034	152.47652	0.0	0.0	79.37745	0.0	178.61739	0.0	253.18065	0.0	0.0	0.0	240.97173	0.0	0.0	0.0	0.0	0.0	30.780867	0.0	0.0	131.13368	0.0	0.0	0.0	0.0	0.0	78.776886	0.0	209.8648	0.0	0.0	0.0	44.734543	59.073902	0.0	0.0	0.0	232.81569	13.2712755	0.0	0.0	152.12532	25.936136	0.0	0.0	362.11	122.235565	0.0	0.0	175.83289	0.0	14.603694	0.0	0.0	69.20489	0.0	0.0	0.0	0.0	217.22475	268.48557	0.0	176.2039	27.331522	232.45476	0.0	270.2334	356.1477	40.796253	129.0366	0.0	0.0	0.0	62.58795	193.36397	0.0	0.0	36.62267	135.50179	0.0	0.0	0.0
130.4646	0.0	151.74866	0.0	0.0	4.0773635	0.0	0.0	0.0	272.5336	0.0	334.07663	0.0	0.0	17.716797	87.591576	0.0	0.0	0.0	0.0	0.0	0.0	38.84044	0.0	0.0	59.600407	0.0	286.92194	0.0	0.0	0.0	67.38663	78.51821	0.0	205.8232	0.0	64.5386	0.0	0.0	117.007286	132.62288	0.0	281.6525	0.0	0.0	93.76263	152.47284	0.0	0.0	78.84924	0.0	177.90019	0.0	252.19539	0.0	0.0	0.0	240.55095	0.0	0.0	0.0	0.0	0.0	30.472128	0.0	0.0	130.10692	0.0	0.0	0.0	0.0	0.0	78.29303	0.0	209.2193	0.0	0.0	0.0	43.97755	58.839764	0.0	0.0	0.0	231.78035	13.202651	0.0	0.0	150.5539	26.432516	0.0	0.0	359.97684	122.23069	0.0	0.0	175.18556	0.0	14.556348	0.0	0.0	69.33567	0.0	0.0	0.0	0.0	217.11809	267.19852	0.0	175.6147	27.66886	230.74797	0.0	269.31494	354.96558	39.581722	127.920654	0.0	0.0	0.0	62.170956	192.5844	0.0	0.0	36.71614	134.91289	0.0	0.0	0.0
132.23128	0.0	154.21107	0.0	0.0	4.543345	0.0	0.0	0.0	276.68884	0.0	339.06094	0.0	0.0	17.882929	88.74402	0.0	0.0	0.0	0.0	0.0	0.0	39.549232	0.0	0.0	60.992733	0.0	290.7788	0.0	0.0	0.0	68.54113	79.477715	0.0	208.8554	0.0	65.451416	0.0	0.0	118.29364	134.86221	0.0	285.77615	0.0	0.0	95.231445	155.12125	0.0	0.0	79.56842	0.0	180.58357	0.0	255.98067	0.0	0.0	0.0	243.75081	0.0	0.0	0.0	0.0	0.0	31.027395	0.0	0.0	132.03828	0.0	0.0	0.0	0.0	0.0	79.95529	0.0	212.73332	0.0	0.0	0.0	44.73708	59.509357	0.0	0.0	0.0	235.30919	13.447385	0.0	0.0	152.95863	26.895697	0.0	0.0	365.2269	124.13584	0.0	0.0	177.95229	0.0	14.730136	0.0	0.0	70.59442	0.0	0.0	0.0	0.0	220.78157	270.9061	0.0	178.45442	27.92515	233.97377	0.0	273.12564	360.39987	39.816055	130.24953	0.0	0.0	0.0	63.039013	195.68504	0.0	0.0	37.452164	137.05754	0.0	0.0	0.0
137.79318	0.0	164.53983	0.0	0.0	6.8764033	0.0	0.0	0.0	294.2877	0.0	357.9944	0.0	0.0	20.142586	92.30375	0.0	0.0	0.0	0.0	0.0	0.0	43.234432	0.0	0.0	67.10519	0.0	305.05396	0.0	0.0	0.0	73.58163	84.14615	0.0	221.42957	0.0	69.43207	0.0	0.0	124.27771	144.04762	0.0	302.39618	0.0	0.0	101.61106	165.71391	0.0	0.0	81.16636	0.0	192.14793	0.0	270.80676	0.0	0.0	0.0	255.34717	0.0	0.0	0.0	0.0	0.0	32.52829	0.0	0.0	138.53383	0.0	0.0	0.0	0.0	0.0	86.44546	0.0	226.69415	0.0	0.0	0.0	49.793213	63.29307	0.0	0.0	0.0	249.61214	14.641964	0.0	0.0	163.16505	29.980492	0.0	0.0	387.06787	131.18028	0.0	0.0	188.04645	0.0	15.14565	0.0	0.0	75.6695	0.0	0.0	0.0	0.0	235.39825	285.47327	0.0	190.3933	29.373632	247.63231	0.0	287.64954	383.4883	42.452244	140.36261	0.0	0.0	0.0	67.17004	208.84688	0.0	0.0	39.090153	145.85649	0.0	0.0	0.0
137.58235	0.0	162.65344	0.0	0.0	5.8886237	0.0	0.0	0.0	290.51474	0.0	353.95236	0.0	0.0	18.442965	92.951454	0.0	0.0	0.0	0.0	0.0	0.0	42.22921	0.0	0.0	66.54215	0.0	303.0745	0.0	0.0	0.0	72.52173	83.365005	0.0	217.69446	0.0	68.782196	0.0	0.0	122.56766	142.78937	0.0	300.24588	0.0	0.0	100.32638	162.00182	0.0	0.0	82.08874	0.0	189.49774	0.0	267.57825	0.0	0.0	0.0	252.2769	0.0	0.0	0.0	0.0	0.0	32.332962	0.0	0.0	138.5269	0.0	0.0	0.0	0.0	0.0	85.256134	0.0	223.22066	0.0	0.0	0.0	49.554703	62.470215	0.0	0.0	0.0	247.07024	14.3871355	0.0	0.0	162.8937	27.785797	0.0	0.0	384.07468	128.79198	0.0	0.0	185.77057	0.0	15.284183	0.0	0.0	73.8355	0.0	0.0	0.0	0.0	230.42278	283.13034	0.0	187.65446	27.950638	246.58467	0.0	284.4084	377.8398	44.251995	139.17274	0.0	0.0	0.0	66.97147	205.84882	0.0	0.0	38.003117	143.83553	0.0	0.0	0.0
133.97992	0.0	156.70137	0.0	0.0	4.620128	0.0	0.0	0.0	281.03882	0.0	343.88907	0.0	0.0	18.043848	90.303185	0.0	0.0	0.0	0.0	0.0	0.0	40.189137	0.0	0.0	62.392742	0.0	294.9981	0.0	0.0	0.0	69.609886	80.97041	0.0	211.64983	0.0	66.50147	0.0	0.0	119.702095	137.28871	0.0	290.42508	0.0	0.0	96.81284	157.06323	0.0	0.0	80.75505	0.0	183.23589	0.0	259.58017	0.0	0.0	0.0	246.71391	0.0	0.0	0.0	0.0	0.0	31.358248	0.0	0.0	134.07603	0.0	0.0	0.0	0.0	0.0	81.40832	0.0	215.90065	0.0	0.0	0.0	46.275585	60.399845	0.0	0.0	0.0	238.77667	13.711769	0.0	0.0	156.12767	27.032454	0.0	0.0	371.31693	125.6466	0.0	0.0	180.42107	0.0	14.69529	0.0	0.0	71.44579	0.0	0.0	0.0	0.0	223.43958	274.9399	0.0	181.26122	27.941467	238.13374	0.0	276.69617	365.54337	41.49308	132.93596	0.0	0.0	0.0	64.30866	198.6819	0.0	0.0	37.61941	139.10945	0.0	0.0	0.0
132.51842	0.0	154.18994	0.0	0.0	4.2601233	0.0	0.0	0.0	276.89224	0.0	339.00677	0.0	0.0	17.670237	89.60129	0.0	0.0	0.0	0.0	0.0	0.0	39.401714	0.0	0.0	61.206585	0.0	291.59216	0.0	0.0	0.0	68.53694	79.836815	0.0	208.41663	0.0	65.430664	0.0	0.0	118.406136	135.05623	0.0	286.58127	0.0	0.0	95.30073	154.29659	0.0	0.0	80.156296	0.0	180.60246	0.0	256.00424	0.0	0.0	0.0	243.68095	0.0	0.0	0.0	0.0	0.0	31.009344	0.0	0.0	132.59044	0.0	0.0	0.0	0.0	0.0	79.90011	0.0	212.41573	0.0	0.0	0.0	45.469013	59.631012	0.0	0.0	0.0	235.57185	13.484192	0.0	0.0	153.97548	26.251657	0.0	0.0	366.29263	123.71661	0.0	0.0	177.89757	0.0	14.699248	0.0	0.0	70.132965	0.0	0.0	0.0	0.0	219.79236	271.57016	0.0	178.37166	27.699492	235.1425	0.0	273.2362	360.22095	41.14142	130.65874	0.0	0.0	0.0	63.315334	195.58293	0.0	0.0	37.17053	137.06754	0.0	0.0	0.0
134.74863	0.0	158.1591	0.0	0.0	5.1410823	0.0	0.0	0.0	283.7826	0.0	345.92325	0.0	0.0	17.903933	91.71277	0.0	0.0	0.0	0.0	0.0	0.0	41.09274	0.0	0.0	65.09063	0.0	296.94778	0.0	0.0	0.0	70.74838	81.72132	0.0	212.54218	0.0	66.979065	0.0	0.0	120.08524	138.98793	0.0	293.6355	0.0	0.0	97.89322	157.93202	0.0	0.0	80.87003	0.0	185.29472	0.0	261.89688	0.0	0.0	0.0	247.11658	0.0	0.0	0.0	0.0	0.0	32.20973	0.0	0.0	135.6559	0.0	0.0	0.0	0.0	0.0	83.249176	0.0	218.29594	0.0	0.0	0.0	48.231724	60.8399	0.0	0.0	0.0	241.40588	13.985787	0.0	0.0	159.31079	26.704285	0.0	0.0	375.8667	125.59268	0.0	0.0	181.69153	0.0	15.277421	0.0	0.0	72.18246	0.0	0.0	0.0	0.0	224.946	277.26352	0.0	182.89421	27.623568	241.57007	0.0	278.42685	369.03885	43.60602	135.83449	0.0	0.0	0.0	64.77241	200.9784	0.0	0.0	37.911915	140.51488	0.0	0.0	0.0
143.00389	0.0	173.625	0.0	0.0	8.650769	0.0	0.0	0.0	309.21555	0.0	373.37036	0.0	0.0	21.406374	94.81661	0.0	0.0	0.0	0.0	0.0	0.0	46.490917	0.0	0.0	72.827644	0.0	316.5674	0.0	0.0	0.0	78.291985	87.429405	0.0	231.17944	0.0	72.65585	0.0	0.0	128.5142	152.55211	0.0	316.36182	0.0	0.0	107.23818	174.41821	0.0	0.0	82.53976	0.0	202.57796	0.0	283.68405	0.0	0.0	0.0	264.4421	0.0	0.0	0.0	0.0	0.0	33.880497	0.0	0.0	144.01607	0.0	0.0	0.0	0.0	0.0	92.15558	0.0	237.9322	0.0	0.0	0.0	54.356815	66.39566	0.0	0.0	0.0	261.77155	16.21124	0.0	0.0	171.65431	32.559437	0.0	0.0	405.9469	136.7712	0.0	0.0	196.1959	0.0	16.053755	0.0	0.0	80.0112	0.0	0.0	0.0	0.0	247.52142	297.9183	0.0	200.91687	29.762756	259.6996	0.0	299.91724	402.71762	44.909836	149.09181	0.0	0.0	0.0	70.99999	219.99709	0.0	0.0	39.31145	153.46535	0.0	0.0	0.0
197.77211	0.0	234.5974	0.0	0.0	11.910335	0.0	0.0	0.0	424.02914	0.0	517.5955	0.0	0.0	36.049286	120.440636	0.0	0.0	0.0	0.0	0.0	0.0	60.955154	0.0	0.0	86.5693	0.0	432.40152	0.0	0.0	0.0	104.35413	116.62969	0.0	327.30075	0.0	99.55961	0.0	0.0	181.89014	202.86848	0.0	424.73975	0.0	0.0	144.31493	247.78175	0.0	0.0	113.187004	0.0	277.7276	0.0	390.5837	0.0	0.0	0.0	374.56616	0.0	0.0	0.0	0.0	0.0	44.025227	0.0	0.0	190.959	0.0	0.0	0.0	0.0	0.0	121.09702	0.0	328.65457	0.0	0.0	0.0	60.9243	90.67587	0.0	0.0	0.0	354.00513	21.778137	0.0	0.0	219.16602	52.496582	0.0	0.0	542.87775	198.33455	0.0	0.0	271.57523	0.0	20.286333	0.0	0.0	113.9729	0.0	0.0	0.0	0.0	351.73828	406.0914	0.0	274.2379	49.33916	341.96793	0.0	414.63492	554.45807	41.568394	190.77283	0.0	0.0	0.0	93.269844	300.2921	0.0	0.0	59.460297	209.16045	0.0	0.0	0.0
180.12146	0.0	213.43056	0.0	0.0	11.157059	0.0	0.0	0.0	385.26358	0.0	470.80197	0.0	0.0	32.86683	109.09402	0.0	0.0	0.0	0.0	0.0	0.0	55.12114	0.0	0.0	78.01145	0.0	392.90872	0.0	0.0	0.0	94.594734	105.6929	0.0	298.02182	0.0	90.82934	0.0	0.0	165.48174	184.54552	0.0	385.62704	0.0	0.0	131.03716	225.65717	0.0	0.0	103.43255	0.0	252.21016	0.0	355.02304	0.0	0.0	0.0	341.18906	0.0	0.0	0.0	0.0	0.0	39.871395	0.0	0.0	173.72705	0.0	0.0	0.0	0.0	0.0	110.00043	0.0	298.7538	0.0	0.0	0.0	54.62448	82.331726	0.0	0.0	0.0	321.7095	19.766031	0.0	0.0	198.35643	47.83313	0.0	0.0	493.05344	180.84114	0.0	0.0	247.1147	0.0	18.32685	0.0	0.0	103.863495	0.0	0.0	0.0	0.0	320.14877	368.8749	0.0	249.2101	44.997345	310.28833	0.0	377.1952	503.9755	36.845154	173.07594	0.0	0.0	0.0	84.63892	272.70966	0.0	0.0	54.075317	190.08557	0.0	0.0	0.0
138.31483	0.0	159.11314	0.0	0.0	5.318214	0.0	0.0	0.0	287.58545	0.0	353.31396	0.0	0.0	21.015305	88.51275	0.0	0.0	0.0	0.0	0.0	0.0	39.84403	0.0	0.0	59.60022	0.0	300.63245	0.0	0.0	0.0	69.80424	81.24222	0.0	220.63086	0.0	68.59066	0.0	0.0	124.73664	138.6831	0.0	293.7833	0.0	0.0	98.123474	164.1023	0.0	0.0	82.96087	0.0	187.37062	0.0	266.25797	0.0	0.0	0.0	256.40512	0.0	0.0	0.0	0.0	0.0	31.115906	0.0	0.0	134.94032	0.0	0.0	0.0	0.0	0.0	82.0517	0.0	221.97176	0.0	0.0	0.0	42.066753	61.3172	0.0	0.0	0.0	242.77533	13.879756	0.0	0.0	153.50604	30.448805	0.0	0.0	375.40817	132.32567	0.0	0.0	185.62578	0.0	15.00903	0.0	0.0	74.788124	0.0	0.0	0.0	0.0	233.73619	280.36508	0.0	184.6284	31.704422	238.85515	0.0	284.39816	375.13864	35.509476	131.61377	0.0	0.0	0.0	64.0395	203.10454	0.0	0.0	39.83793	141.61707	0.0	0.0	0.0
431.71793	0.0	537.5424	0.0	0.0	43.354946	0.0	0.0	0.0	968.6939	0.0	1174.2856	0.0	0.0	99.87087	237.17981	0.0	0.0	0.0	0.0	0.0	0.0	145.99768	0.0	0.0	192.61304	0.0	948.7698	0.0	0.0	0.0	241.66393	254.9449	0.0	759.0318	0.0	223.84642	0.0	0.0	408.5398	458.14722	0.0	938.3938	0.0	0.0	328.71085	591.42664	0.0	0.0	226.72737	0.0	638.9988	4.5665364	886.33057	0.0	0.0	0.0	847.92365	0.0	0.0	0.0	0.0	0.0	93.98477	0.0	0.0	408.3517	0.0	0.0	0.0	0.0	0.0	279.4484	0.0	758.9467	0.0	0.0	0.0	130.0877	206.12195	0.0	0.0	0.0	795.1419	53.541615	0.0	0.0	471.08655	146.43413	0.0	0.0	1201.0665	467.9467	0.0	0.0	614.8968	0.0	40.431114	0.0	0.0	276.55484	0.0	0.0	0.0	0.0	833.28546	901.72705	0.0	633.99493	122.20272	740.89325	0.0	932.2304	1272.8003	51.083096	424.84402	0.0	0.0	0.0	207.54602	689.603	0.0	0.0	141.07265	479.64743	0.0	0.0	0.0
176.3977	0.0	210.59288	0.0	0.0	11.498828	0.0	0.0	0.0	379.9847	0.0	464.24158	0.0	0.0	32.80571	105.95685	0.0	0.0	0.0	0.0	0.0	0.0	54.59215	0.0	0.0	77.11242	0.0	385.82532	0.0	0.0	0.0	93.10974	104.10382	0.0	294.7441	0.0	89.2093	0.0	0.0	162.39622	181.27156	0.0	378.96915	0.0	0.0	129.78369	224.09532	0.0	0.0	100.52033	0.0	248.82072	0.0	349.78296	0.0	0.0	0.0	336.07132	0.0	0.0	0.0	0.0	0.0	39.131634	0.0	0.0	169.60991	0.0	0.0	0.0	0.0	0.0	109.05017	0.0	295.34973	0.0	0.0	0.0	53.761524	80.68769	0.0	0.0	0.0	316.45456	19.472832	0.0	0.0	194.46562	48.62797	0.0	0.0	484.70657	179.2993	0.0	0.0	243.62312	0.0	17.875084	0.0	0.0	103.65133	0.0	0.0	0.0	0.0	317.63098	362.6201	0.0	246.14738	44.634045	304.1968	0.0	371.56552	496.8386	34.00055	169.99416	0.0	0.0	0.0	83.279106	269.32394	0.0	0.0	53.865906	187.4308	0.0	0.0	0.0
258.61313	0.0	317.6528	0.0	0.0	20.717436	0.0	0.0	0.0	573.88336	0.0	695.67267	0.0	0.0	54.347683	150.69519	0.0	0.0	0.0	0.0	0.0	0.0	85.25055	0.0	0.0	116.96171	0.0	571.29706	0.0	0.0	0.0	142.77614	154.98466	0.0	444.28662	0.0	131.96147	0.0	0.0	242.28151	271.6974	0.0	564.6319	0.0	0.0	196.00432	341.94702	0.0	0.0	141.33946	0.0	377.82693	0.0	525.34625	0.0	0.0	0.0	500.79056	0.0	0.0	0.0	0.0	0.0	57.782883	0.0	0.0	247.64552	0.0	0.0	0.0	0.0	0.0	164.71062	0.0	445.87186	0.0	0.0	0.0	82.914986	122.191895	0.0	0.0	0.0	473.6818	30.726843	0.0	0.0	289.06552	79.841225	0.0	0.0	722.1214	271.69894	0.0	0.0	364.34323	0.0	25.111465	0.0	0.0	158.84442	0.0	0.0	0.0	0.0	483.63232	540.54596	0.0	373.4309	69.02314	450.90186	0.0	555.00226	750.6507	43.793926	254.70415	0.0	0.0	0.0	125.51624	407.1615	0.0	0.0	81.13192	283.67398	0.0	0.0	0.0
170.20866	0.0	198.09642	0.0	0.0	8.2006	0.0	0.0	0.0	358.02054	0.0	438.65613	0.0	0.0	27.819624	106.60303	0.0	0.0	0.0	0.0	0.0	0.0	50.490494	0.0	0.0	73.67397	0.0	370.40585	0.0	0.0	0.0	87.57072	99.895805	0.0	275.47742	0.0	85.0324	0.0	0.0	154.69438	172.2865	0.0	362.72134	0.0	0.0	121.8425	206.38396	0.0	0.0	99.86444	0.0	233.67693	0.0	330.9229	0.0	0.0	0.0	318.01804	0.0	0.0	0.0	0.0	0.0	38.001617	0.0	0.0	165.30849	0.0	0.0	0.0	0.0	0.0	102.02276	0.0	276.9611	0.0	0.0	0.0	51.674633	76.585106	0.0	0.0	0.0	301.2031	17.890593	0.0	0.0	188.57677	40.616154	0.0	0.0	463.41635	165.90327	0.0	0.0	230.28584	0.0	17.987494	0.0	0.0	94.24911	0.0	0.0	0.0	0.0	293.66815	346.34232	0.0	230.89232	40.49919	293.64514	0.0	352.34708	467.7954	40.20596	162.77626	0.0	0.0	0.0	79.27024	253.02301	0.0	0.0	49.96005	176.58556	0.0	0.0	0.0
141.39796	0.0	162.80714	0.0	0.0	5.6186233	0.0	0.0	0.0	294.34265	0.0	361.6172	0.0	0.0	21.528679	90.18857	0.0	0.0	0.0	0.0	0.0	0.0	40.95772	0.0	0.0	60.96614	0.0	307.24866	0.0	0.0	0.0	71.582405	83.093925	0.0	225.99123	0.0	70.20147	0.0	0.0	127.3468	141.8069	0.0	300.1632	0.0	0.0	100.362946	168.29704	0.0	0.0	84.5337	0.0	191.83691	0.0	272.47043	0.0	0.0	0.0	262.46432	0.0	0.0	0.0	0.0	0.0	31.837545	0.0	0.0	137.80324	0.0	0.0	0.0	0.0	0.0	84.070335	0.0	227.28743	0.0	0.0	0.0	42.73193	62.820988	0.0	0.0	0.0	248.34245	14.386047	0.0	0.0	156.92479	31.39216	0.0	0.0	383.684	135.72995	0.0	0.0	189.88538	0.0	15.276702	0.0	0.0	76.79559	0.0	0.0	0.0	0.0	239.69377	286.6837	0.0	189.20854	32.558987	243.98299	0.0	290.99197	383.90518	35.557095	134.63521	0.0	0.0	0.0	65.48838	207.78621	0.0	0.0	41.057434	145.1786	0.0	0.0	0.0
192.1982	0.0	230.0226	0.0	0.0	12.946307	0.0	0.0	0.0	415.34805	0.0	506.1971	0.0	0.0	36.521595	115.14132	0.0	0.0	0.0	0.0	0.0	0.0	60.478333	0.0	0.0	84.54918	0.0	420.24118	0.0	0.0	0.0	102.4705	113.61436	0.0	321.57474	0.0	97.30261	0.0	0.0	177.27673	198.01607	0.0	413.50357	0.0	0.0	141.51428	244.78455	0.0	0.0	108.53533	0.0	272.33707	0.0	381.74316	0.0	0.0	0.0	366.03012	0.0	0.0	0.0	0.0	0.0	42.34525	0.0	0.0	184.58281	0.0	0.0	0.0	0.0	0.0	118.83353	0.0	322.63834	0.0	0.0	0.0	58.84538	88.64764	0.0	0.0	0.0	345.52457	21.495169	0.0	0.0	212.72496	53.538197	0.0	0.0	528.8006	195.43983	0.0	0.0	265.41342	0.0	19.58587	0.0	0.0	112.905876	0.0	0.0	0.0	0.0	347.22183	395.37485	0.0	269.17728	48.963284	331.99918	0.0	404.89908	543.3688	37.45657	185.98991	0.0	0.0	0.0	91.018456	294.51224	0.0	0.0	58.67804	205.11401	0.0	0.0	0.0
216.40532	0.0	265.19662	0.0	0.0	18.442812	0.0	0.0	0.0	478.02182	0.0	581.3774	0.0	0.0	46.03955	123.94259	0.0	0.0	0.0	0.0	0.0	0.0	70.635704	0.0	0.0	95.838295	0.0	475.30923	0.0	0.0	0.0	118.25364	128.37439	0.0	373.0682	0.0	110.93391	0.0	0.0	202.17369	226.41408	0.0	468.9175	0.0	0.0	163.29865	287.98715	0.0	0.0	118.400696	0.0	314.17776	0.0	438.03976	0.0	0.0	0.0	420.0952	0.0	0.0	0.0	0.0	0.0	47.494167	0.0	0.0	205.99901	0.0	0.0	0.0	0.0	0.0	137.83577	0.0	373.13354	0.0	0.0	0.0	66.161	101.21749	0.0	0.0	0.0	394.4855	25.32725	0.0	0.0	237.80579	68.11078	0.0	0.0	599.9549	229.05957	0.0	0.0	304.8417	0.0	20.847921	0.0	0.0	134.17505	0.0	0.0	0.0	0.0	406.85977	449.37094	0.0	311.3171	58.36018	372.8331	0.0	463.35095	626.2488	32.5941	210.58464	0.0	0.0	0.0	103.778404	339.6996	0.0	0.0	68.61826	236.01399	0.0	0.0	0.0
262.10474	0.0	323.8527	0.0	0.0	23.14855	0.0	0.0	0.0	585.59393	0.0	708.4426	0.0	0.0	58.152927	149.73424	0.0	0.0	0.0	0.0	0.0	0.0	87.69861	0.0	0.0	118.17694	0.0	578.286	0.0	0.0	0.0	146.1484	156.80693	0.0	454.88516	0.0	134.33539	0.0	0.0	246.63713	276.53934	0.0	572.5567	0.0	0.0	199.43254	351.84354	0.0	0.0	141.2505	0.0	385.7306	0.5655868	535.25336	0.0	0.0	0.0	510.41382	0.0	0.0	0.0	0.0	0.0	57.887768	0.0	0.0	249.82361	0.0	0.0	0.0	0.0	0.0	168.15245	0.0	456.111	0.0	0.0	0.0	83.347694	125.05506	0.0	0.0	0.0	481.84537	31.70752	0.0	0.0	291.61258	84.742424	0.0	0.0	731.9546	279.23383	0.0	0.0	371.18698	0.0	25.099783	0.0	0.0	163.89815	0.0	0.0	0.0	0.0	497.7915	548.5542	0.0	382.05405	71.74099	455.4003	0.0	564.597	766.90155	39.847977	257.99783	0.0	0.0	0.0	126.993034	415.6002	0.0	0.0	83.34556	289.3127	0.0	0.0	0.0
375.94418	0.0	476.8707	0.0	0.0	39.940754	0.0	0.0	0.0	861.1076	0.0	1036.0298	0.0	0.0	92.60248	205.64635	0.0	0.0	0.0	0.0	0.0	0.0	132.64131	0.0	0.0	173.43074	0.0	834.1504	0.0	0.0	0.0	217.7231	226.23161	0.0	670.2493	0.0	194.74042	0.0	0.0	359.83008	405.03964	0.0	829.9051	0.0	0.0	292.93582	525.2935	0.0	0.0	192.89104	0.0	569.77496	5.881773	784.07367	0.0	0.0	0.0	743.98	0.0	0.0	0.0	0.0	0.0	82.76238	0.0	0.0	355.92642	0.0	0.0	0.0	0.0	0.0	247.81128	0.0	672.08386	0.0	0.0	0.0	122.006905	184.29384	0.0	0.0	0.0	703.8828	48.81896	0.0	0.0	418.9493	134.40881	0.0	0.0	1061.8348	413.65405	0.0	0.0	541.6667	0.0	34.53935	0.0	0.0	245.83138	0.0	0.0	0.0	0.0	741.0513	796.10114	0.0	565.2475	108.33188	655.2353	0.0	822.8488	1130.0421	44.13667	376.39493	0.0	0.0	0.0	185.4831	612.8516	0.0	0.0	122.57901	426.36423	0.0	0.0	0.0
201.66412	0.0	239.9076	0.0	0.0	11.782527	0.0	0.0	0.0	433.84073	0.0	528.47516	0.0	0.0	36.254562	124.08663	0.0	0.0	0.0	0.0	0.0	0.0	62.886425	0.0	0.0	89.78838	0.0	442.4296	0.0	0.0	0.0	107.17218	119.938416	0.0	333.2651	0.0	101.31797	0.0	0.0	185.25256	207.38295	0.0	435.18613	0.0	0.0	148.20502	252.20671	0.0	0.0	115.080956	0.0	284.51392	0.0	399.13626	0.0	0.0	0.0	381.281	0.0	0.0	0.0	0.0	0.0	45.39385	0.0	0.0	195.05518	0.0	0.0	0.0	0.0	0.0	123.92288	0.0	335.59988	0.0	0.0	0.0	63.7473	92.71644	0.0	0.0	0.0	362.17032	22.35277	0.0	0.0	226.0789	52.9238	0.0	0.0	556.02386	201.51909	0.0	0.0	276.9644	0.0	20.818033	0.0	0.0	115.60166	0.0	0.0	0.0	0.0	358.31946	415.58804	0.0	280.47137	49.77687	351.03012	0.0	423.46054	566.613	44.312428	195.98955	0.0	0.0	0.0	96.05186	307.08997	0.0	0.0	60.54254	214.3003	0.0	0.0	0.0
330.85483	0.0	433.4994	0.0	0.0	52.30008	0.0	0.0	0.0	773.3885	0.0	939.0698	0.0	0.0	93.92472	152.92273	0.0	0.0	0.0	0.0	0.0	0.0	119.41968	0.0	0.0	144.4486	0.0	724.4698	0.0	0.0	0.0	192.95831	193.06584	0.0	627.1413	0.0	176.65327	0.0	0.0	318.84293	359.84033	0.0	719.05273	0.0	0.0	264.22385	504.63504	0.0	0.0	159.14442	0.0	511.76523	22.903275	704.2041	0.0	0.0	0.0	682.05255	0.0	0.0	0.0	0.0	0.0	68.12385	0.0	0.0	302.92526	0.0	0.0	0.0	0.0	0.0	231.30742	0.0	618.3891	0.0	0.0	0.0	89.55024	161.36208	0.0	0.0	0.0	623.93475	43.901653	0.0	0.0	343.52768	144.34111	0.0	0.0	924.56964	396.91714	0.0	0.0	491.58426	0.0	26.770437	0.0	0.0	243.67102	0.0	0.0	0.0	0.0	705.29346	696.0754	0.0	513.6928	107.32432	548.6795	0.0	739.4487	1023.76807	0.0	323.41577	0.0	0.0	0.0	160.80687	555.4786	0.0	0.0	120.93732	383.7238	0.0	0.0	0.0
213.20894	0.0	262.72647	0.0	0.0	19.600292	0.0	0.0	0.0	473.56137	0.0	577.161	0.0	0.0	47.112278	118.9035	0.0	0.0	0.0	0.0	0.0	0.0	69.34726	0.0	0.0	93.70481	0.0	468.6979	0.0	0.0	0.0	116.4935	125.78536	0.0	371.87122	0.0	109.387825	0.0	0.0	199.54109	223.7456	0.0	461.20828	0.0	0.0	161.90454	288.25497	0.0	0.0	115.775024	0.0	311.46863	0.54435486	434.04858	0.0	0.0	0.0	417.99893	0.0	0.0	0.0	0.0	0.0	46.62614	0.0	0.0	201.92883	0.0	0.0	0.0	0.0	0.0	137.23692	0.0	370.58432	0.0	0.0	0.0	63.72472	99.33578	0.0	0.0	0.0	389.3074	25.58402	0.0	0.0	231.54378	70.29908	0.0	0.0	591.6872	230.01357	0.0	0.0	302.51724	0.0	19.679314	0.0	0.0	135.32062	0.0	0.0	0.0	0.0	406.5652	443.4015	0.0	308.60764	59.04073	365.29263	0.0	459.1102	620.25885	26.250471	206.60146	0.0	0.0	0.0	102.160614	336.87677	0.0	0.0	68.86721	233.9077	0.0	0.0	0.0
119.59092	0.0	133.13834	0.0	0.0	1.8103939	0.0	0.0	0.0	240.26497	0.0	297.8414	0.0	0.0	13.942403	80.799835	0.0	0.0	0.0	0.0	0.0	0.0	31.901445	0.0	0.0	50.449055	0.0	258.7164	0.0	0.0	0.0	57.77657	69.65927	0.0	182.78522	0.0	58.4175	0.0	0.0	105.197365	117.47205	0.0	250.94914	0.0	0.0	81.94751	133.14778	0.0	0.0	75.15836	0.0	155.62604	0.0	224.02602	0.0	0.0	0.0	217.04443	0.0	0.0	0.0	0.0	0.0	27.582733	0.0	0.0	118.6907	0.0	0.0	0.0	0.0	0.0	68.71986	0.0	184.19563	0.0	0.0	0.0	35.80928	51.092915	0.0	0.0	0.0	205.98836	10.872659	0.0	0.0	133.17766	20.102541	0.0	0.0	320.47604	108.491516	0.0	0.0	156.64302	0.0	13.380397	0.0	0.0	59.867374	0.0	0.0	0.0	0.0	190.09882	239.32591	0.0	153.37386	24.818468	206.07678	0.0	240.70943	312.77417	36.64166	112.33261	0.0	0.0	0.0	54.339603	168.73717	0.0	0.0	32.91997	118.532684	0.0	0.0	0.0
190.72945	0.0	231.60034	0.0	0.0	16.077333	0.0	0.0	0.0	416.17017	0.0	508.7422	0.0	0.0	38.472843	109.49343	0.0	0.0	0.0	0.0	0.0	0.0	60.87845	0.0	0.0	83.40849	0.0	416.786	0.0	0.0	0.0	102.39927	112.20227	0.0	326.70886	0.0	97.75116	0.0	0.0	177.02657	197.88469	0.0	409.7401	0.0	0.0	142.33711	251.4983	0.0	0.0	105.30782	0.0	272.76633	0.0	382.45676	0.0	0.0	0.0	369.02258	0.0	0.0	0.0	0.0	0.0	41.380352	0.0	0.0	181.56166	0.0	0.0	0.0	0.0	0.0	120.68604	0.0	326.29807	0.0	0.0	0.0	55.83235	87.8977	0.0	0.0	0.0	344.90347	21.434168	0.0	0.0	207.27455	58.36696	0.0	0.0	524.7837	200.24635	0.0	0.0	267.0088	0.0	18.52064	0.0	0.0	117.309395	0.0	0.0	0.0	0.0	354.97476	392.72977	0.0	271.0151	50.825787	325.58093	0.0	405.73135	546.2094	28.450861	184.07283	0.0	0.0	0.0	90.351295	296.1761	0.0	0.0	61.00003	205.63985	0.0	0.0	0.0
460.8932	0.0	586.6415	0.0	0.0	53.121197	0.0	0.0	0.0	1056.7452	0.0	1276.5414	0.0	0.0	117.52885	242.68323	0.0	0.0	0.0	0.0	0.0	0.0	161.88373	0.0	0.0	206.85724	0.0	1016.8127	0.0	0.0	0.0	264.8645	273.84827	0.0	831.5466	0.0	241.14171	0.0	0.0	440.2046	495.23813	0.0	1009.48926	0.0	0.0	359.1893	654.585	0.0	0.0	235.09932	0.0	699.5667	13.18646	963.0743	0.0	0.0	0.0	919.5184	0.0	0.0	0.0	0.0	0.0	100.01459	0.0	0.0	431.99515	0.0	0.0	0.0	0.0	0.0	306.21628	0.0	829.2238	0.0	0.0	0.0	141.3167	224.0854	0.0	0.0	0.0	860.1657	59.993786	0.0	0.0	502.98502	171.6107	0.0	0.0	1293.1327	517.059	0.0	0.0	667.1718	0.0	41.200985	0.0	0.0	308.4428	0.0	0.0	0.0	0.0	921.2742	971.5183	0.0	693.83453	136.67084	791.643	0.0	1010.127	1388.3965	37.408665	455.62833	0.0	0.0	0.0	225.0027	753.22675	0.0	0.0	153.69249	523.42413	0.0	0.0	0.0
121.198395	0.0	135.76459	0.0	0.0	2.322487	0.0	0.0	0.0	245.40178	0.0	303.38058	0.0	0.0	14.902541	81.11988	0.0	0.0	0.0	0.0	0.0	0.0	32.798885	0.0	0.0	51.388153	0.0	262.59573	0.0	0.0	0.0	59.121708	70.72748	0.0	186.66594	0.0	59.304043	0.0	0.0	107.23346	119.562874	0.0	255.15813	0.0	0.0	83.73412	136.5088	0.0	0.0	75.450874	0.0	159.25264	0.0	228.48665	0.0	0.0	0.0	220.82048	0.0	0.0	0.0	0.0	0.0	27.899145	0.0	0.0	119.91346	0.0	0.0	0.0	0.0	0.0	70.057014	0.0	188.17181	0.0	0.0	0.0	36.603577	52.295635	0.0	0.0	0.0	209.57715	11.340267	0.0	0.0	135.10014	21.423958	0.0	0.0	325.90152	110.99406	0.0	0.0	159.45332	0.0	13.484554	0.0	0.0	61.56975	0.0	0.0	0.0	0.0	194.8432	243.30714	0.0	156.80833	25.63089	209.22417	0.0	245.13115	319.32162	35.966106	114.33533	0.0	0.0	0.0	55.378605	172.39699	0.0	0.0	33.675938	121.09045	0.0	0.0	0.0
133.16754	0.0	151.32481	0.0	0.0	4.2438684	0.0	0.0	0.0	273.4466	0.0	337.39975	0.0	0.0	18.56997	86.46398	0.0	0.0	0.0	0.0	0.0	0.0	37.225803	0.0	0.0	56.71457	0.0	288.65576	0.0	0.0	0.0	65.95215	77.924446	0.0	209.82698	0.0	65.79751	0.0	0.0	118.84177	132.3199	0.0	281.12436	0.0	0.0	93.37314	154.98973	0.0	0.0	81.14675	0.0	177.75441	0.0	253.94049	0.0	0.0	0.0	245.37312	0.0	0.0	0.0	0.0	0.0	30.215189	0.0	0.0	130.38487	0.0	0.0	0.0	0.0	0.0	78.279366	0.0	210.99272	0.0	0.0	0.0	39.676193	58.144886	0.0	0.0	0.0	231.85701	12.870662	0.0	0.0	147.45207	27.178307	0.0	0.0	359.3655	125.542885	0.0	0.0	177.26372	0.0	14.609543	0.0	0.0	70.528625	0.0	0.0	0.0	0.0	220.99422	268.434	0.0	175.12657	29.708344	229.20013	0.0	271.8409	356.5524	35.648746	125.8598	0.0	0.0	0.0	61.104538	192.8518	0.0	0.0	38.133556	134.82652	0.0	0.0	0.0
140.7009	0.0	161.45204	0.0	0.0	5.0545278	0.0	0.0	0.0	291.75745	0.0	358.65842	0.0	0.0	20.60317	91.01498	0.0	0.0	0.0	0.0	0.0	0.0	40.45447	0.0	0.0	60.958862	0.0	306.218	0.0	0.0	0.0	70.964935	82.8016	0.0	223.255	0.0	69.74517	0.0	0.0	126.54633	141.02536	0.0	299.03415	0.0	0.0	99.5853	165.66249	0.0	0.0	84.762505	0.0	189.9218	0.0	270.32248	0.0	0.0	0.0	260.18158	0.0	0.0	0.0	0.0	0.0	32.009457	0.0	0.0	137.87117	0.0	0.0	0.0	0.0	0.0	83.25721	0.0	225.0415	0.0	0.0	0.0	43.082886	62.234104	0.0	0.0	0.0	246.93312	13.965958	0.0	0.0	156.89449	30.016083	0.0	0.0	381.9847	133.59329	0.0	0.0	188.52003	0.0	15.324295	0.0	0.0	75.37151	0.0	0.0	0.0	0.0	236.10585	285.1855	0.0	187.36186	31.793097	243.54448	0.0	288.74173	380.53262	37.50398	134.26472	0.0	0.0	0.0	65.133675	205.8542	0.0	0.0	40.492485	143.82304	0.0	0.0	0.0
185.62805	0.0	229.62178	0.0	0.0	14.231509	0.0	0.0	0.0	411.5836	0.0	501.68033	0.0	0.0	35.77542	108.850525	0.0	0.0	0.0	0.0	0.0	0.0	60.320995	0.0	0.0	85.46322	0.0	411.41403	0.0	0.0	0.0	101.30073	112.60403	0.0	320.39362	0.0	94.187294	0.0	0.0	171.16795	194.78645	0.0	406.3898	0.0	0.0	142.89171	246.84552	0.0	0.0	102.94784	0.0	270.16687	0.0	376.43433	0.0	0.0	0.0	360.37708	0.0	0.0	0.0	0.0	0.0	41.081406	0.0	0.0	177.96765	0.0	0.0	0.0	0.0	0.0	120.94397	0.0	320.6195	0.0	0.0	0.0	59.911938	85.37396	0.0	0.0	0.0	339.56882	21.126122	0.0	0.0	209.1908	56.722717	0.0	0.0	521.11176	196.0575	0.0	0.0	263.08115	0.0	17.43781	0.0	0.0	115.81637	0.0	0.0	0.0	0.0	347.2394	388.27383	0.0	267.30692	47.847645	324.13403	0.0	400.1461	536.6135	30.64409	183.06013	0.0	0.0	0.0	92.00314	292.3247	0.0	0.0	58.44988	203.20744	0.0	0.0	0.0
422.93002	0.0	516.6896	0.0	0.0	30.850122	0.0	0.0	0.0	933.6402	0.0	1129.414	0.0	0.0	86.78787	251.28328	0.0	0.0	0.0	0.0	0.0	0.0	139.37926	0.0	0.0	191.79492	0.0	933.57294	0.0	0.0	0.0	234.1309	252.25615	0.0	716.64996	0.0	214.95549	0.0	0.0	396.55933	445.36356	0.0	924.1517	0.0	0.0	316.4978	548.13257	0.0	0.0	231.20662	0.0	615.6197	0.0	856.00806	0.0	0.0	0.0	810.87506	0.0	0.0	0.0	0.0	0.0	95.56112	0.0	0.0	408.11313	0.0	0.0	0.0	0.0	0.0	265.02292	0.0	721.4919	0.0	0.0	0.0	138.63196	201.12257	0.0	0.0	0.0	774.5966	50.976	0.0	0.0	476.99405	123.11905	0.0	0.0	1179.405	435.4697	0.0	0.0	590.26984	0.0	42.137207	0.0	0.0	251.77779	0.0	0.0	0.0	0.0	776.9279	883.55975	0.0	607.4948	109.95236	741.0052	0.0	901.3454	1222.1958	82.27091	418.36536	0.0	0.0	0.0	205.0862	661.5002	0.0	0.0	127.59408	461.85123	0.0	0.0	0.0
195.67372	0.0	235.57831	0.0	0.0	14.858353	0.0	0.0	0.0	424.486	0.0	518.62726	0.0	0.0	38.224857	114.85787	0.0	0.0	0.0	0.0	0.0	0.0	61.77104	0.0	0.0	85.807495	0.0	427.58658	0.0	0.0	0.0	104.29532	115.47929	0.0	331.30505	0.0	99.62286	0.0	0.0	180.69263	201.94537	0.0	420.37534	0.0	0.0	145.0077	253.74025	0.0	0.0	109.50669	0.0	278.12546	0.0	390.29318	0.0	0.0	0.0	375.73584	0.0	0.0	0.0	0.0	0.0	43.064785	0.0	0.0	187.11763	0.0	0.0	0.0	0.0	0.0	122.733185	0.0	331.6649	0.0	0.0	0.0	58.383106	89.8149	0.0	0.0	0.0	352.56018	21.694143	0.0	0.0	214.23946	57.121532	0.0	0.0	538.0176	202.35045	0.0	0.0	272.20767	0.0	19.525055	0.0	0.0	117.89136	0.0	0.0	0.0	0.0	358.96762	402.60245	0.0	275.49026	50.99275	335.57593	0.0	414.24887	556.24817	33.432137	188.89949	0.0	0.0	0.0	92.426094	301.64334	0.0	0.0	61.493927	209.48024	0.0	0.0	0.0
120.7272	0.0	134.38628	0.0	0.0	2.2326307	0.0	0.0	0.0	242.55243	0.0	300.54318	0.0	0.0	14.278844	81.12645	0.0	0.0	0.0	0.0	0.0	0.0	32.172653	0.0	0.0	50.776928	0.0	260.76028	0.0	0.0	0.0	58.321503	70.15772	0.0	184.6332	0.0	59.176956	0.0	0.0	106.35571	118.54754	0.0	252.90729	0.0	0.0	82.58572	134.65126	0.0	0.0	75.59925	0.0	156.97931	0.0	226.11061	0.0	0.0	0.0	219.13069	0.0	0.0	0.0	0.0	0.0	27.765335	0.0	0.0	119.585266	0.0	0.0	0.0	0.0	0.0	69.24662	0.0	186.10359	0.0	0.0	0.0	35.81411	51.659344	0.0	0.0	0.0	207.8822	10.95036	0.0	0.0	134.0363	20.482786	0.0	0.0	323.0056	109.7218	0.0	0.0	157.9964	0.0	13.558873	0.0	0.0	60.508255	0.0	0.0	0.0	0.0	192.29814	241.31123	0.0	154.88979	25.210554	207.6214	0.0	242.82137	315.85898	36.480618	113.30973	0.0	0.0	0.0	54.69104	170.22038	0.0	0.0	33.362186	119.73875	0.0	0.0	0.0
129.42584	0.0	141.39392	0.0	0.0	0.7067365	0.0	0.0	0.0	252.88826	0.0	317.3077	0.0	0.0	10.583592	90.10562	0.0	0.0	0.0	0.0	0.0	0.0	32.434677	0.0	0.0	54.18576	0.0	278.29126	0.0	0.0	0.0	59.915653	74.458145	0.0	192.9543	0.0	63.078083	0.0	0.0	110.50596	124.73148	0.0	268.33807	0.0	0.0	87.54636	138.70216	0.0	0.0	84.24819	0.0	163.11836	0.0	237.2353	0.0	0.0	0.0	232.12837	0.0	0.0	0.0	0.0	0.0	30.460754	0.0	0.0	130.18091	0.0	0.0	0.0	0.0	0.0	74.53158	0.0	195.17122	0.0	0.0	0.0	37.363758	52.494884	0.0	0.0	0.0	219.31096	10.727054	0.0	0.0	143.18121	17.519367	0.0	0.0	342.66037	114.45031	0.0	0.0	167.65013	0.0	14.679817	0.0	0.0	63.564545	0.0	0.0	0.0	0.0	198.415	255.52705	0.0	160.38777	24.561256	220.32951	0.0	256.39243	328.87744	41.477993	119.7385	0.0	0.0	0.0	57.76747	178.09816	0.0	0.0	36.284916	124.312744	0.0	0.0	0.0
123.162994	0.0	139.92735	0.0	0.0	2.8452988	0.0	0.0	0.0	251.93092	0.0	310.8234	0.0	0.0	15.561817	83.00375	0.0	0.0	0.0	0.0	0.0	0.0	34.52667	0.0	0.0	53.674286	0.0	268.63855	0.0	0.0	0.0	61.46312	72.68159	0.0	191.22107	0.0	60.599873	0.0	0.0	109.71859	122.97436	0.0	262.09253	0.0	0.0	86.25659	140.17784	0.0	0.0	76.129875	0.0	163.7738	0.0	234.19878	0.0	0.0	0.0	225.30983	0.0	0.0	0.0	0.0	0.0	28.601181	0.0	0.0	122.58863	0.0	0.0	0.0	0.0	0.0	71.90723	0.0	193.16878	0.0	0.0	0.0	38.762554	54.01784	0.0	0.0	0.0	215.17598	11.740275	0.0	0.0	139.26585	22.72782	0.0	0.0	334.4376	113.293465	0.0	0.0	163.38765	0.0	13.742596	0.0	0.0	63.35246	0.0	0.0	0.0	0.0	199.89305	249.17119	0.0	161.3034	25.906546	214.79341	0.0	250.97815	328.2792	37.434086	117.85233	0.0	0.0	0.0	57.27033	177.52928	0.0	0.0	34.191837	124.36697	0.0	0.0	0.0
127.54974	0.0	147.5547	0.0	0.0	3.5899982	0.0	0.0	0.0	264.96622	0.0	325.47025	0.0	0.0	16.830187	86.07434	0.0	0.0	0.0	0.0	0.0	0.0	37.367733	0.0	0.0	57.469604	0.0	280.2191	0.0	0.0	0.0	65.14877	76.36868	0.0	200.22144	0.0	63.09425	0.0	0.0	114.015495	129.23943	0.0	274.4703	0.0	0.0	91.049644	147.86523	0.0	0.0	77.69452	0.0	172.75513	0.0	245.58057	0.0	0.0	0.0	234.74634	0.0	0.0	0.0	0.0	0.0	29.90605	0.0	0.0	127.333984	0.0	0.0	0.0	0.0	0.0	76.161446	0.0	203.16609	0.0	0.0	0.0	42.143246	56.944584	0.0	0.0	0.0	225.60558	12.796617	0.0	0.0	146.58098	24.916916	0.0	0.0	350.44302	118.99298	0.0	0.0	170.8409	0.0	14.075444	0.0	0.0	66.95729	0.0	0.0	0.0	0.0	210.55328	260.5637	0.0	170.41226	26.904083	224.88121	0.0	262.3368	345.0138	38.9094	124.328514	0.0	0.0	0.0	60.531055	187.03896	0.0	0.0	36.004505	131.1847	0.0	0.0	0.0
129.66725	0.0	149.97516	0.0	0.0	3.8165123	0.0	0.0	0.0	269.68274	0.0	330.89304	0.0	0.0	17.342825	87.233284	0.0	0.0	0.0	0.0	0.0	0.0	37.937984	0.0	0.0	58.32318	0.0	284.8989	0.0	0.0	0.0	66.468864	77.51	0.0	203.7157	0.0	64.18631	0.0	0.0	116.14506	131.46812	0.0	279.0492	0.0	0.0	92.60626	150.54692	0.0	0.0	78.89703	0.0	175.73865	0.0	249.75154	0.0	0.0	0.0	238.8442	0.0	0.0	0.0	0.0	0.0	30.374395	0.0	0.0	129.44505	0.0	0.0	0.0	0.0	0.0	77.34397	0.0	206.73354	0.0	0.0	0.0	42.946	58.017773	0.0	0.0	0.0	229.48201	13.106949	0.0	0.0	148.79002	25.634293	0.0	0.0	356.14175	121.12323	0.0	0.0	173.81123	0.0	14.131154	0.0	0.0	68.262375	0.0	0.0	0.0	0.0	214.40099	264.91638	0.0	173.52263	27.510956	228.53827	0.0	266.79645	351.01077	39.16798	126.35059	0.0	0.0	0.0	61.479874	190.22084	0.0	0.0	36.596054	133.3976	0.0	0.0	0.0
135.44817	0.0	159.58205	0.0	0.0	5.771629	0.0	0.0	0.0	285.57816	0.0	348.81955	0.0	0.0	18.646269	90.97262	0.0	0.0	0.0	0.0	0.0	0.0	41.320904	0.0	0.0	64.26873	0.0	298.2183	0.0	0.0	0.0	71.15499	81.75325	0.0	215.09108	0.0	67.643684	0.0	0.0	121.19757	139.86943	0.0	294.6138	0.0	0.0	98.39379	160.27654	0.0	0.0	80.76075	0.0	186.19781	0.0	263.49686	0.0	0.0	0.0	249.51405	0.0	0.0	0.0	0.0	0.0	31.878515	0.0	0.0	135.91057	0.0	0.0	0.0	0.0	0.0	83.36424	0.0	219.87502	0.0	0.0	0.0	47.379395	61.337704	0.0	0.0	0.0	242.75427	13.989728	0.0	0.0	158.49828	28.062948	0.0	0.0	376.58926	127.57886	0.0	0.0	183.14323	0.0	14.932645	0.0	0.0	73.10045	0.0	0.0	0.0	0.0	227.77812	278.31824	0.0	184.4386	28.368546	241.20137	0.0	280.4445	371.88684	41.544117	135.70056	0.0	0.0	0.0	65.28918	202.24702	0.0	0.0	38.29536	141.39867	0.0	0.0	0.0
136.24374	0.0	160.88976	0.0	0.0	6.205242	0.0	0.0	0.0	288.57077	0.0	351.8112	0.0	0.0	19.121323	91.26414	0.0	0.0	0.0	0.0	0.0	0.0	41.81047	0.0	0.0	64.98965	0.0	300.36816	0.0	0.0	0.0	71.90501	82.499275	0.0	217.42908	0.0	68.260254	0.0	0.0	122.061	140.973	0.0	296.90298	0.0	0.0	99.38726	162.11546	0.0	0.0	80.8923	0.0	188.16382	0.0	266.06345	0.0	0.0	0.0	251.68506	0.0	0.0	0.0	0.0	0.0	32.20387	0.0	0.0	136.6637	0.0	0.0	0.0	0.0	0.0	84.37707	0.0	222.2939	0.0	0.0	0.0	47.64145	61.81894	0.0	0.0	0.0	244.78206	14.088372	0.0	0.0	159.84088	28.590645	0.0	0.0	379.53726	129.10245	0.0	0.0	184.76147	0.0	15.019116	0.0	0.0	74.08255	0.0	0.0	0.0	0.0	230.62427	280.65292	0.0	186.41365	28.865831	242.99648	0.0	282.74545	375.6888	41.200836	137.11845	0.0	0.0	0.0	65.79453	204.23384	0.0	0.0	39.014965	143.06636	0.0	0.0	0.0
131.5133	0.0	152.03954	0.0	0.0	4.3376365	0.0	0.0	0.0	273.9718	0.0	335.04575	0.0	0.0	17.644276	88.21764	0.0	0.0	0.0	0.0	0.0	0.0	38.942974	0.0	0.0	60.020847	0.0	287.98044	0.0	0.0	0.0	67.684456	78.68607	0.0	206.21117	0.0	65.054436	0.0	0.0	117.11621	133.04436	0.0	282.43542	0.0	0.0	93.94001	152.8387	0.0	0.0	79.55805	0.0	178.68028	0.0	253.26106	0.0	0.0	0.0	241.53203	0.0	0.0	0.0	0.0	0.0	31.045395	0.0	0.0	130.99092	0.0	0.0	0.0	0.0	0.0	79.10894	0.0	210.23161	0.0	0.0	0.0	43.81422	58.96706	0.0	0.0	0.0	232.87639	13.534332	0.0	0.0	151.35045	25.86773	0.0	0.0	361.09763	122.80343	0.0	0.0	175.8496	0.0	14.833099	0.0	0.0	69.71736	0.0	0.0	0.0	0.0	218.21397	268.42322	0.0	176.3485	27.741022	231.76494	0.0	270.0564	356.0459	39.694458	128.74664	0.0	0.0	0.0	62.05855	193.32594	0.0	0.0	37.5381	135.52602	0.0	0.0	0.0
127.571594	0.0	143.88072	0.0	0.0	3.1940644	0.0	0.0	0.0	260.51138	0.0	320.45572	0.0	0.0	16.197481	85.481834	0.0	0.0	0.0	0.0	0.0	0.0	35.660954	0.0	0.0	55.6292	0.0	276.9635	0.0	0.0	0.0	63.124523	75.4552	0.0	197.32735	0.0	62.592907	0.0	0.0	112.64844	126.258095	0.0	269.5419	0.0	0.0	89.07604	145.2314	0.0	0.0	78.44897	0.0	168.98366	0.0	241.61299	0.0	0.0	0.0	233.02722	0.0	0.0	0.0	0.0	0.0	29.518637	0.0	0.0	125.94495	0.0	0.0	0.0	0.0	0.0	74.96078	0.0	200.06328	0.0	0.0	0.0	39.43583	55.65622	0.0	0.0	0.0	221.88031	12.14063	0.0	0.0	143.70921	23.395462	0.0	0.0	344.9908	117.69468	0.0	0.0	168.30836	0.0	14.165497	0.0	0.0	65.69873	0.0	0.0	0.0	0.0	207.32123	257.20206	0.0	166.65253	27.251257	221.42598	0.0	258.87198	338.36246	38.081814	121.85322	0.0	0.0	0.0	58.457813	182.96112	0.0	0.0	36.449383	128.84157	0.0	0.0	0.0
129.3015	0.0	149.36694	0.0	0.0	3.732088	0.0	0.0	0.0	268.6008	0.0	329.46323	0.0	0.0	16.93545	87.59238	0.0	0.0	0.0	0.0	0.0	0.0	37.871246	0.0	0.0	58.859528	0.0	284.03934	0.0	0.0	0.0	66.190704	77.59988	0.0	202.46582	0.0	63.709522	0.0	0.0	115.307	130.93288	0.0	278.43356	0.0	0.0	92.38998	149.50677	0.0	0.0	78.82029	0.0	175.0272	0.0	248.64787	0.0	0.0	0.0	237.48975	0.0	0.0	0.0	0.0	0.0	30.38099	0.0	0.0	129.29262	0.0	0.0	0.0	0.0	0.0	77.315506	0.0	205.96278	0.0	0.0	0.0	43.385853	57.673397	0.0	0.0	0.0	228.71666	12.95129	0.0	0.0	149.25801	25.025774	0.0	0.0	355.76465	120.17777	0.0	0.0	173.09071	0.0	14.32241	0.0	0.0	67.84339	0.0	0.0	0.0	0.0	213.04378	264.20712	0.0	172.75128	26.997717	228.51457	0.0	265.77383	349.39734	40.22079	126.483055	0.0	0.0	0.0	61.251606	189.47693	0.0	0.0	36.340984	132.93852	0.0	0.0	0.0
132.92668	0.0	155.12988	0.0	0.0	4.9483175	0.0	0.0	0.0	278.391	0.0	340.75607	0.0	0.0	18.190863	89.502464	0.0	0.0	0.0	0.0	0.0	0.0	39.753113	0.0	0.0	61.599377	0.0	292.25943	0.0	0.0	0.0	68.9759	80.07172	0.0	210.0133	0.0	66.23273	0.0	0.0	118.88749	135.95764	0.0	287.52762	0.0	0.0	95.805695	155.89857	0.0	0.0	80.05024	0.0	181.15413	0.0	257.24008	0.0	0.0	0.0	244.92426	0.0	0.0	0.0	0.0	0.0	31.195948	0.0	0.0	133.00876	0.0	0.0	0.0	0.0	0.0	80.614845	0.0	214.1532	0.0	0.0	0.0	45.286102	59.77205	0.0	0.0	0.0	236.7347	13.379509	0.0	0.0	154.26805	26.961288	0.0	0.0	367.34726	124.785675	0.0	0.0	179.04915	0.0	14.596241	0.0	0.0	70.85557	0.0	0.0	0.0	0.0	221.90704	272.3563	0.0	179.39723	28.073837	235.60236	0.0	274.2993	362.4985	40.693302	131.4633	0.0	0.0	0.0	63.317764	196.81981	0.0	0.0	37.70561	137.69923	0.0	0.0	0.0
138.50398	0.0	165.20676	0.0	0.0	6.9559827	0.0	0.0	0.0	294.81232	0.0	359.11002	0.0	0.0	19.833094	92.55966	0.0	0.0	0.0	0.0	0.0	0.0	43.397663	0.0	0.0	67.44312	0.0	305.7977	0.0	0.0	0.0	73.87808	84.01208	0.0	221.9126	0.0	69.639496	0.0	0.0	124.287506	144.65558	0.0	303.10892	0.0	0.0	101.67263	166.31744	0.0	0.0	81.11514	0.0	192.64363	0.0	271.75183	0.0	0.0	0.0	255.91125	0.0	0.0	0.0	0.0	0.0	32.82484	0.0	0.0	139.2077	0.0	0.0	0.0	0.0	0.0	87.022026	0.0	227.48335	0.0	0.0	0.0	49.63329	63.398884	0.0	0.0	0.0	250.45555	14.763854	0.0	0.0	163.42482	29.945868	0.0	0.0	387.80624	131.66634	0.0	0.0	188.42865	0.0	15.420018	0.0	0.0	75.96203	0.0	0.0	0.0	0.0	236.25163	286.11765	0.0	190.9756	29.031164	247.7815	0.0	288.18994	384.49313	42.21162	140.60121	0.0	0.0	0.0	67.531006	209.54395	0.0	0.0	39.48631	146.23317	0.0	0.0	0.0
132.46373	0.0	154.99872	0.0	0.0	5.022845	0.0	0.0	0.0	278.6615	0.0	340.12482	0.0	0.0	18.57985	88.90182	0.0	0.0	0.0	0.0	0.0	0.0	40.014786	0.0	0.0	61.436523	0.0	291.69186	0.0	0.0	0.0	69.33423	79.7388	0.0	209.40254	0.0	65.88997	0.0	0.0	119.02246	135.7718	0.0	287.1239	0.0	0.0	95.70821	155.81575	0.0	0.0	79.3899	0.0	181.80475	0.0	257.31223	0.0	0.0	0.0	244.2453	0.0	0.0	0.0	0.0	0.0	31.227137	0.0	0.0	132.46118	0.0	0.0	0.0	0.0	0.0	80.272514	0.0	213.79616	0.0	0.0	0.0	45.78417	60.209034	0.0	0.0	0.0	236.52888	13.808895	0.0	0.0	153.92772	27.379007	0.0	0.0	366.8226	124.58252	0.0	0.0	178.54433	0.0	14.589966	0.0	0.0	70.848976	0.0	0.0	0.0	0.0	221.84712	272.01755	0.0	179.82344	28.082596	235.36858	0.0	273.91397	362.5315	40.338184	131.2686	0.0	0.0	0.0	63.390583	196.87207	0.0	0.0	37.453773	138.0208	0.0	0.0	0.0
130.02003	0.0	150.4032	0.0	0.0	3.93902	0.0	0.0	0.0	270.9241	0.0	331.65305	0.0	0.0	17.753386	87.464325	0.0	0.0	0.0	0.0	0.0	0.0	38.355354	0.0	0.0	58.857235	0.0	285.51712	0.0	0.0	0.0	66.91505	77.823425	0.0	204.14673	0.0	64.28919	0.0	0.0	116.5024	131.84492	0.0	279.9637	0.0	0.0	92.89935	151.02824	0.0	0.0	78.809044	0.0	176.62358	0.0	250.59569	0.0	0.0	0.0	239.23413	0.0	0.0	0.0	0.0	0.0	30.4516	0.0	0.0	129.58496	0.0	0.0	0.0	0.0	0.0	77.62384	0.0	207.53107	0.0	0.0	0.0	43.515766	58.473587	0.0	0.0	0.0	230.35103	13.280084	0.0	0.0	149.61995	25.841944	0.0	0.0	357.5868	121.25012	0.0	0.0	174.13551	0.0	14.394523	0.0	0.0	68.40623	0.0	0.0	0.0	0.0	215.23242	265.7976	0.0	174.32466	27.642807	229.68355	0.0	267.51193	352.4736	39.7637	127.11062	0.0	0.0	0.0	61.476654	191.076	0.0	0.0	36.557384	134.03674	0.0	0.0	0.0
131.15898	0.0	151.94481	0.0	0.0	3.8747165	0.0	0.0	0.0	273.33145	0.0	334.7969	0.0	0.0	17.58982	88.420685	0.0	0.0	0.0	0.0	0.0	0.0	38.74333	0.0	0.0	59.94011	0.0	288.12662	0.0	0.0	0.0	67.41987	78.825294	0.0	205.80663	0.0	64.824844	0.0	0.0	116.967094	133.03783	0.0	282.57144	0.0	0.0	93.86387	152.485	0.0	0.0	79.4815	0.0	178.24156	0.0	252.87828	0.0	0.0	0.0	241.162	0.0	0.0	0.0	0.0	0.0	30.905807	0.0	0.0	130.86218	0.0	0.0	0.0	0.0	0.0	78.9428	0.0	209.69408	0.0	0.0	0.0	44.14046	58.75108	0.0	0.0	0.0	232.41534	13.413226	0.0	0.0	151.37999	25.847643	0.0	0.0	361.1035	122.545685	0.0	0.0	175.76363	0.0	14.529854	0.0	0.0	69.279564	0.0	0.0	0.0	0.0	217.3625	268.28845	0.0	175.88368	27.614868	231.83301	0.0	269.81058	355.4357	40.291348	128.53093	0.0	0.0	0.0	62.26555	193.02162	0.0	0.0	37.23618	135.23651	0.0	0.0	0.0
132.28864	0.0	153.9182	0.0	0.0	4.4269648	0.0	0.0	0.0	276.43835	0.0	338.34006	0.0	0.0	17.863642	88.90326	0.0	0.0	0.0	0.0	0.0	0.0	39.403183	0.0	0.0	60.67648	0.0	290.6035	0.0	0.0	0.0	68.42791	79.34821	0.0	208.30217	0.0	65.53857	0.0	0.0	118.225464	134.84674	0.0	285.54764	0.0	0.0	94.99607	154.42284	0.0	0.0	79.88123	0.0	180.29744	0.0	255.58617	0.0	0.0	0.0	243.4799	0.0	0.0	0.0	0.0	0.0	31.024118	0.0	0.0	132.13539	0.0	0.0	0.0	0.0	0.0	79.76615	0.0	211.99811	0.0	0.0	0.0	44.807743	59.484722	0.0	0.0	0.0	235.04808	13.550389	0.0	0.0	153.01009	26.456411	0.0	0.0	364.75513	123.837135	0.0	0.0	177.59431	0.0	14.595738	0.0	0.0	70.13901	0.0	0.0	0.0	0.0	219.9041	270.7256	0.0	178.09735	27.760406	234.01518	0.0	272.5306	359.61386	40.306778	130.10484	0.0	0.0	0.0	63.07192	195.29744	0.0	0.0	37.22732	136.83699	0.0	0.0	0.0
139.48727	0.0	166.77629	0.0	0.0	7.5163784	0.0	0.0	0.0	298.12228	0.0	362.73352	0.0	0.0	20.481192	93.446434	0.0	0.0	0.0	0.0	0.0	0.0	43.74249	0.0	0.0	68.26706	0.0	308.67294	0.0	0.0	0.0	74.45367	85.14173	0.0	224.63261	0.0	70.677185	0.0	0.0	125.74774	146.18318	0.0	306.36618	0.0	0.0	102.957886	168.18895	0.0	0.0	81.89471	0.0	194.27727	0.0	274.3433	0.0	0.0	0.0	258.41873	0.0	0.0	0.0	0.0	0.0	33.08144	0.0	0.0	140.48361	0.0	0.0	0.0	0.0	0.0	88.06049	0.0	230.19301	0.0	0.0	0.0	50.333233	63.83316	0.0	0.0	0.0	252.95378	14.524886	0.0	0.0	165.4065	30.441492	0.0	0.0	391.67117	133.09207	0.0	0.0	190.7083	0.0	15.253293	0.0	0.0	76.77424	0.0	0.0	0.0	0.0	238.80652	289.02902	0.0	192.79515	29.767221	250.42683	0.0	291.03326	388.6674	42.891735	142.50386	0.0	0.0	0.0	67.94336	211.59688	0.0	0.0	39.95599	147.67049	0.0	0.0	0.0
135.46944	0.0	157.1867	0.0	0.0	4.206628	0.0	0.0	0.0	281.3975	0.0	345.25867	0.0	0.0	16.460966	92.15542	0.0	0.0	0.0	0.0	0.0	0.0	39.706127	0.0	0.0	63.167145	0.0	296.99655	0.0	0.0	0.0	69.3815	81.153496	0.0	211.66595	0.0	67.08272	0.0	0.0	119.51974	137.97627	0.0	292.19565	0.0	0.0	97.24593	156.55066	0.0	0.0	82.654686	0.0	183.22041	0.0	260.45352	0.0	0.0	0.0	247.63622	0.0	0.0	0.0	0.0	0.0	32.06452	0.0	0.0	136.1746	0.0	0.0	0.0	0.0	0.0	82.513824	0.0	216.51042	0.0	0.0	0.0	46.398724	59.862503	0.0	0.0	0.0	239.98077	13.491161	0.0	0.0	157.59839	25.439268	0.0	0.0	373.5608	125.67657	0.0	0.0	181.37312	0.0	15.165685	0.0	0.0	71.64965	0.0	0.0	0.0	0.0	222.88802	276.4247	0.0	181.05461	27.23701	239.75359	0.0	277.7897	365.60925	42.577995	133.82477	0.0	0.0	0.0	64.55108	198.91792	0.0	0.0	38.099133	139.07372	0.0	0.0	0.0
133.12248	0.0	155.85588	0.0	0.0	4.887209	0.0	0.0	0.0	279.55322	0.0	341.5709	0.0	0.0	18.361696	89.20994	0.0	0.0	0.0	0.0	0.0	0.0	40.109783	0.0	0.0	61.75015	0.0	292.6791	0.0	0.0	0.0	69.38607	80.09611	0.0	210.2666	0.0	66.20083	0.0	0.0	119.119446	136.3646	0.0	288.09775	0.0	0.0	96.07311	156.55855	0.0	0.0	79.84672	0.0	182.41045	0.0	258.17313	0.0	0.0	0.0	245.25928	0.0	0.0	0.0	0.0	0.0	31.303047	0.0	0.0	132.9888	0.0	0.0	0.0	0.0	0.0	80.96984	0.0	214.6494	0.0	0.0	0.0	45.724407	60.235493	0.0	0.0	0.0	237.46245	13.831626	0.0	0.0	154.5558	27.164177	0.0	0.0	368.24805	125.21873	0.0	0.0	179.1219	0.0	14.738503	0.0	0.0	71.21435	0.0	0.0	0.0	0.0	222.80702	272.98026	0.0	180.4054	28.005716	236.04944	0.0	274.85867	363.5599	40.302765	131.76453	0.0	0.0	0.0	63.71988	197.68883	0.0	0.0	37.634617	138.42885	0.0	0.0	0.0
131.13818	0.0	152.23767	0.0	0.0	4.0941825	0.0	0.0	0.0	273.7762	0.0	335.1211	0.0	0.0	17.84249	88.26986	0.0	0.0	0.0	0.0	0.0	0.0	38.940086	0.0	0.0	59.782063	0.0	288.16086	0.0	0.0	0.0	67.701385	78.66391	0.0	206.09282	0.0	64.805885	0.0	0.0	117.282585	133.36266	0.0	282.77203	0.0	0.0	93.99255	152.81453	0.0	0.0	79.33566	0.0	178.67305	0.0	253.1617	0.0	0.0	0.0	241.38521	0.0	0.0	0.0	0.0	0.0	30.779268	0.0	0.0	130.83708	0.0	0.0	0.0	0.0	0.0	78.747	0.0	209.7303	0.0	0.0	0.0	44.224396	59.04791	0.0	0.0	0.0	232.7111	13.537506	0.0	0.0	151.362	26.177038	0.0	0.0	361.2957	122.62144	0.0	0.0	175.89325	0.0	14.4931135	0.0	0.0	69.23447	0.0	0.0	0.0	0.0	217.6886	268.41312	0.0	176.3175	27.708036	231.92462	0.0	270.10184	356.09805	40.036396	128.62556	0.0	0.0	0.0	62.378067	193.2589	0.0	0.0	36.954655	135.5788	0.0	0.0	0.0
134.66573	0.0	157.11147	0.0	0.0	4.7149363	0.0	0.0	0.0	281.84946	0.0	344.72092	0.0	0.0	17.94446	91.12972	0.0	0.0	0.0	0.0	0.0	0.0	40.301098	0.0	0.0	62.81012	0.0	296.1249	0.0	0.0	0.0	69.845406	81.09226	0.0	211.81429	0.0	66.83516	0.0	0.0	120.03921	137.81317	0.0	291.5236	0.0	0.0	97.08434	157.13927	0.0	0.0	81.259796	0.0	183.70161	0.0	260.49878	0.0	0.0	0.0	247.20642	0.0	0.0	0.0	0.0	0.0	31.77372	0.0	0.0	135.02324	0.0	0.0	0.0	0.0	0.0	81.728676	0.0	216.45741	0.0	0.0	0.0	46.645817	60.58095	0.0	0.0	0.0	239.74365	13.774983	0.0	0.0	157.0129	26.677603	0.0	0.0	372.65274	125.68363	0.0	0.0	180.9716	0.0	14.888519	0.0	0.0	71.39982	0.0	0.0	0.0	0.0	223.61739	275.86533	0.0	181.67616	27.847479	239.23737	0.0	277.43063	366.53918	42.1947	133.6002	0.0	0.0	0.0	64.42282	199.24715	0.0	0.0	37.77855	139.41235	0.0	0.0	0.0
142.01012	0.0	170.59344	0.0	0.0	7.9782643	0.0	0.0	0.0	303.8412	0.0	368.94766	0.0	0.0	20.507982	94.61045	0.0	0.0	0.0	0.0	0.0	0.0	44.966797	0.0	0.0	70.50477	0.0	313.33704	0.0	0.0	0.0	76.22225	86.151024	0.0	228.52043	0.0	72.08334	0.0	0.0	127.177124	149.7159	0.0	311.89578	0.0	0.0	105.068115	171.62727	0.0	0.0	82.74255	0.0	198.31995	0.0	279.4395	0.0	0.0	0.0	262.1205	0.0	0.0	0.0	0.0	0.0	33.676704	0.0	0.0	143.02367	0.0	0.0	0.0	0.0	0.0	90.7441	0.0	234.48528	0.0	0.0	0.0	51.69499	64.91941	0.0	0.0	0.0	257.82068	15.19817	0.0	0.0	168.66277	31.016409	0.0	0.0	398.91812	135.3946	0.0	0.0	193.90315	0.0	15.821771	0.0	0.0	78.58152	0.0	0.0	0.0	0.0	243.49738	294.02118	0.0	196.81091	29.654852	254.96635	0.0	295.81485	396.07617	43.638653	145.7564	0.0	0.0	0.0	69.767746	215.98889	0.0	0.0	40.318584	150.42323	0.0	0.0	0.0
138.37604	0.0	164.7127	0.0	0.0	6.7714515	0.0	0.0	0.0	295.41003	0.0	359.13156	0.0	0.0	20.132248	92.868385	0.0	0.0	0.0	0.0	0.0	0.0	43.06184	0.0	0.0	67.27832	0.0	306.29538	0.0	0.0	0.0	73.74859	84.3852	0.0	222.04396	0.0	69.650154	0.0	0.0	124.499275	144.50569	0.0	303.71732	0.0	0.0	101.98581	166.05463	0.0	0.0	81.57441	0.0	192.59966	0.0	271.88766	0.0	0.0	0.0	256.0386	0.0	0.0	0.0	0.0	0.0	32.932343	0.0	0.0	139.11021	0.0	0.0	0.0	0.0	0.0	86.85034	0.0	227.54541	0.0	0.0	0.0	50.122463	63.30791	0.0	0.0	0.0	250.40869	14.584824	0.0	0.0	164.07469	29.815033	0.0	0.0	388.19897	131.69751	0.0	0.0	188.74754	0.0	15.069419	0.0	0.0	75.69065	0.0	0.0	0.0	0.0	235.91833	286.75195	0.0	191.02625	29.388231	248.70943	0.0	288.48343	384.48145	42.794006	140.90276	0.0	0.0	0.0	67.32069	209.19087	0.0	0.0	39.410175	146.38039	0.0	0.0	0.0
136.31303	0.0	160.78966	0.0	0.0	5.990397	0.0	0.0	0.0	288.36353	0.0	351.48694	0.0	0.0	19.190905	91.63554	0.0	0.0	0.0	0.0	0.0	0.0	41.662952	0.0	0.0	64.85714	0.0	300.49854	0.0	0.0	0.0	71.7539	82.661	0.0	216.92863	0.0	68.30399	0.0	0.0	122.1477	140.88585	0.0	296.9282	0.0	0.0	99.2013	161.69243	0.0	0.0	81.32877	0.0	187.8297	0.0	265.7092	0.0	0.0	0.0	251.47575	0.0	0.0	0.0	0.0	0.0	32.160973	0.0	0.0	136.80235	0.0	0.0	0.0	0.0	0.0	84.20733	0.0	221.9676	0.0	0.0	0.0	47.935715	61.792385	0.0	0.0	0.0	244.78673	13.980596	0.0	0.0	160.13191	28.332544	0.0	0.0	379.47495	128.84949	0.0	0.0	184.62056	0.0	14.996179	0.0	0.0	73.74085	0.0	0.0	0.0	0.0	230.037	280.8137	0.0	186.13054	28.791513	243.23973	0.0	282.5095	375.21518	41.913868	136.87889	0.0	0.0	0.0	65.63547	203.8794	0.0	0.0	38.778503	142.70496	0.0	0.0	0.0
136.945	0.0	161.56941	0.0	0.0	6.232241	0.0	0.0	0.0	290.21127	0.0	353.25488	0.0	0.0	19.237158	92.12961	0.0	0.0	0.0	0.0	0.0	0.0	41.793926	0.0	0.0	65.62849	0.0	302.3882	0.0	0.0	0.0	72.14626	83.01029	0.0	218.09773	0.0	68.759544	0.0	0.0	122.76245	142.01057	0.0	298.9153	0.0	0.0	100.125206	162.40318	0.0	0.0	81.545265	0.0	188.88623	0.0	267.36276	0.0	0.0	0.0	252.55122	0.0	0.0	0.0	0.0	0.0	32.472176	0.0	0.0	137.54512	0.0	0.0	0.0	0.0	0.0	85.05511	0.0	223.32764	0.0	0.0	0.0	48.78507	61.988613	0.0	0.0	0.0	246.26573	14.233563	0.0	0.0	161.33891	28.495367	0.0	0.0	382.1272	129.36383	0.0	0.0	185.71907	0.0	14.858396	0.0	0.0	74.02717	0.0	0.0	0.0	0.0	230.94334	282.44028	0.0	187.18193	28.745186	245.08826	0.0	283.94962	377.23135	42.572704	138.11421	0.0	0.0	0.0	66.085	205.23824	0.0	0.0	38.980442	143.66739	0.0	0.0	0.0
141.70866	0.0	168.41817	0.0	0.0	7.367033	0.0	0.0	0.0	301.93106	0.0	366.26376	0.0	0.0	19.989305	95.58329	0.0	0.0	0.0	0.0	0.0	0.0	44.163174	0.0	0.0	69.77781	0.0	312.7933	0.0	0.0	0.0	75.37371	86.25171	0.0	226.28712	0.0	71.58727	0.0	0.0	126.810844	148.25987	0.0	310.8257	0.0	0.0	104.11752	168.95189	0.0	0.0	83.5532	0.0	196.52565	0.0	277.5388	0.0	0.0	0.0	260.6284	0.0	0.0	0.0	0.0	0.0	33.652637	0.0	0.0	142.78741	0.0	0.0	0.0	0.0	0.0	89.4397	0.0	232.43542	0.0	0.0	0.0	51.704926	64.53018	0.0	0.0	0.0	256.1784	14.943507	0.0	0.0	168.89955	29.640318	0.0	0.0	397.42615	133.81285	0.0	0.0	192.6563	0.0	15.621597	0.0	0.0	77.00504	0.0	0.0	0.0	0.0	240.2924	292.99362	0.0	194.94844	29.5923	255.1512	0.0	294.04193	392.69077	45.327557	145.26636	0.0	0.0	0.0	68.97231	213.85844	0.0	0.0	40.20612	149.59938	0.0	0.0	0.0
120.81887	0.0	136.01312	0.0	0.0	2.61467	0.0	0.0	0.0	246.67293	0.0	303.6238	0.0	0.0	15.633152	80.97511	0.0	0.0	0.0	0.0	0.0	0.0	33.218708	0.0	0.0	51.79672	0.0	262.68448	0.0	0.0	0.0	59.638866	71.06635	0.0	186.57191	0.0	59.172012	0.0	0.0	107.1395	119.62567	0.0	255.49129	0.0	0.0	84.0875	137.10692	0.0	0.0	74.66497	0.0	160.13466	0.0	229.05927	0.0	0.0	0.0	220.62744	0.0	0.0	0.0	0.0	0.0	28.212652	0.0	0.0	119.43235	0.0	0.0	0.0	0.0	0.0	70.47669	0.0	188.58025	0.0	0.0	0.0	37.45689	52.639217	0.0	0.0	0.0	210.08583	11.452708	0.0	0.0	135.74677	21.964998	0.0	0.0	326.28482	111.26951	0.0	0.0	159.37523	0.0	13.295478	0.0	0.0	61.66577	0.0	0.0	0.0	0.0	195.60815	243.84352	0.0	157.57014	25.863022	209.69283	0.0	245.30656	320.30777	36.110783	114.73417	0.0	0.0	0.0	55.472355	172.88655	0.0	0.0	33.851498	121.79774	0.0	0.0	0.0
124.435814	0.0	140.59602	0.0	0.0	3.25395	0.0	0.0	0.0	254.39032	0.0	313.59595	0.0	0.0	16.612274	82.18865	0.0	0.0	0.0	0.0	0.0	0.0	34.40739	0.0	0.0	53.13541	0.0	270.07507	0.0	0.0	0.0	61.41277	72.915474	0.0	193.75153	0.0	61.202866	0.0	0.0	110.66785	123.376366	0.0	262.68948	0.0	0.0	86.77636	142.75325	0.0	0.0	76.42203	0.0	165.16753	0.0	236.29292	0.0	0.0	0.0	227.997	0.0	0.0	0.0	0.0	0.0	28.719206	0.0	0.0	122.45283	0.0	0.0	0.0	0.0	0.0	72.73697	0.0	195.34099	0.0	0.0	0.0	37.71083	54.081944	0.0	0.0	0.0	216.29987	11.869214	0.0	0.0	138.59674	23.757895	0.0	0.0	335.56046	115.69181	0.0	0.0	164.74985	0.0	13.63767	0.0	0.0	64.45572	0.0	0.0	0.0	0.0	203.45879	250.75441	0.0	162.73094	27.112165	214.95015	0.0	253.01917	331.04214	35.44578	117.85714	0.0	0.0	0.0	57.002636	178.83124	0.0	0.0	35.20789	125.42986	0.0	0.0	0.0
126.942894	0.0	145.26558	0.0	0.0	3.896185	0.0	0.0	0.0	263.6754	0.0	323.58398	0.0	0.0	18.622719	82.37347	0.0	0.0	0.0	0.0	0.0	0.0	35.882484	0.0	0.0	54.517548	0.0	276.47815	0.0	0.0	0.0	63.51895	74.99532	0.0	200.8904	0.0	62.62264	0.0	0.0	113.43484	126.56866	0.0	269.48718	0.0	0.0	90.12759	149.19801	0.0	0.0	77.089134	0.0	171.60162	0.0	243.83295	0.0	0.0	0.0	234.8864	0.0	0.0	0.0	0.0	0.0	29.31383	0.0	0.0	124.0075	0.0	0.0	0.0	0.0	0.0	75.6881	0.0	202.29053	0.0	0.0	0.0	39.19933	55.6551	0.0	0.0	0.0	222.36153	12.612259	0.0	0.0	141.85968	26.47362	0.0	0.0	344.59378	120.85623	0.0	0.0	169.70927	0.0	13.623515	0.0	0.0	67.76782	0.0	0.0	0.0	0.0	212.46584	257.8104	0.0	168.70961	28.692026	219.90826	0.0	260.63968	342.09372	33.829212	120.658745	0.0	0.0	0.0	58.787365	185.16884	0.0	0.0	36.541824	129.95442	0.0	0.0	0.0
122.60367	0.0	139.16231	0.0	0.0	2.8735664	0.0	0.0	0.0	252.18468	0.0	309.92233	0.0	0.0	16.400808	81.50245	0.0	0.0	0.0	0.0	0.0	0.0	34.05196	0.0	0.0	52.76474	0.0	267.0026	0.0	0.0	0.0	60.750477	72.42649	0.0	190.83907	0.0	60.332443	0.0	0.0	108.73589	121.85369	0.0	259.8549	0.0	0.0	86.21115	140.80788	0.0	0.0	75.49867	0.0	163.90546	0.0	233.65276	0.0	0.0	0.0	225.0124	0.0	0.0	0.0	0.0	0.0	28.710657	0.0	0.0	120.793945	0.0	0.0	0.0	0.0	0.0	72.40105	0.0	192.81099	0.0	0.0	0.0	38.198574	53.312332	0.0	0.0	0.0	213.90462	11.85569	0.0	0.0	137.9838	23.074995	0.0	0.0	332.0653	114.43357	0.0	0.0	162.57787	0.0	13.29195	0.0	0.0	63.5186	0.0	0.0	0.0	0.0	200.61324	248.34587	0.0	161.07272	26.596212	212.98183	0.0	249.92445	326.83408	35.491295	116.700096	0.0	0.0	0.0	56.713177	176.73753	0.0	0.0	34.698227	124.569984	0.0	0.0	0.0
126.40189	0.0	143.78362	0.0	0.0	3.8279493	0.0	0.0	0.0	260.28378	0.0	320.22092	0.0	0.0	17.62832	82.84063	0.0	0.0	0.0	0.0	0.0	0.0	35.621685	0.0	0.0	54.433483	0.0	274.65125	0.0	0.0	0.0	63.068142	74.29386	0.0	198.524	0.0	62.278732	0.0	0.0	112.79327	125.83273	0.0	267.8172	0.0	0.0	88.88376	146.74184	0.0	0.0	77.009476	0.0	169.3261	0.0	241.47377	0.0	0.0	0.0	232.56197	0.0	0.0	0.0	0.0	0.0	29.006731	0.0	0.0	124.093956	0.0	0.0	0.0	0.0	0.0	74.472176	0.0	200.25629	0.0	0.0	0.0	38.719128	55.468777	0.0	0.0	0.0	220.76659	12.332191	0.0	0.0	141.14825	25.421526	0.0	0.0	342.10913	118.75173	0.0	0.0	168.2325	0.0	13.951344	0.0	0.0	66.62536	0.0	0.0	0.0	0.0	209.34717	255.54424	0.0	166.7865	27.93837	218.74324	0.0	258.26297	338.87048	34.9446	120.03574	0.0	0.0	0.0	58.16586	183.23943	0.0	0.0	35.97717	128.3878	0.0	0.0	0.0
125.27869	0.0	144.17012	0.0	0.0	3.9324481	0.0	0.0	0.0	262.44638	0.0	320.0669	0.0	0.0	18.838234	81.299065	0.0	0.0	0.0	0.0	0.0	0.0	35.536037	0.0	0.0	54.41981	0.0	273.55112	0.0	0.0	0.0	62.7471	74.74686	0.0	198.21715	0.0	62.0665	0.0	0.0	111.40226	125.58419	0.0	266.6362	0.0	0.0	89.785805	148.05853	0.0	0.0	75.88476	0.0	170.62703	0.0	241.51152	0.0	0.0	0.0	232.18443	0.0	0.0	0.0	0.0	0.0	29.46654	0.0	0.0	122.04713	0.0	0.0	0.0	0.0	0.0	76.033356	0.0	200.38835	0.0	0.0	0.0	39.91021	54.770786	0.0	0.0	0.0	220.37805	12.653844	0.0	0.0	141.294	26.00408	0.0	0.0	341.27756	120.22559	0.0	0.0	167.59204	0.0	12.83831	0.0	0.0	66.9228	0.0	0.0	0.0	0.0	210.19751	255.84468	0.0	167.63202	28.465311	218.22911	0.0	257.4247	338.3696	33.815796	120.32601	0.0	0.0	0.0	58.430347	183.29651	0.0	0.0	36.39543	129.62965	0.0	0.0	0.0
119.6976	0.0	134.94531	0.0	0.0	2.3978431	0.0	0.0	0.0	244.76324	0.0	301.3234	0.0	0.0	15.628651	79.85868	0.0	0.0	0.0	0.0	0.0	0.0	32.603085	0.0	0.0	51.087925	0.0	260.23138	0.0	0.0	0.0	58.626114	70.58567	0.0	185.19267	0.0	58.700634	0.0	0.0	105.61035	118.29331	0.0	252.74182	0.0	0.0	83.65246	136.23555	0.0	0.0	74.251564	0.0	158.8249	0.0	227.1144	0.0	0.0	0.0	219.02869	0.0	0.0	0.0	0.0	0.0	28.222662	0.0	0.0	117.93372	0.0	0.0	0.0	0.0	0.0	70.40125	0.0	186.91321	0.0	0.0	0.0	37.05946	51.649296	0.0	0.0	0.0	207.92946	11.337159	0.0	0.0	134.44212	21.703468	0.0	0.0	323.20593	111.042786	0.0	0.0	158.02502	0.0	12.985745	0.0	0.0	61.381886	0.0	0.0	0.0	0.0	194.12343	241.79585	0.0	155.95067	25.628693	207.56303	0.0	243.14056	316.964	35.17056	113.3433	0.0	0.0	0.0	55.04529	171.33391	0.0	0.0	33.61588	120.81896	0.0	0.0	0.0
123.97583	0.0	142.56075	0.0	0.0	3.3470027	0.0	0.0	0.0	259.36087	0.0	315.92676	0.0	0.0	18.376982	80.09562	0.0	0.0	0.0	0.0	0.0	0.0	34.47224	0.0	0.0	53.63867	0.0	269.90308	0.0	0.0	0.0	61.11328	74.0859	0.0	195.48448	0.0	61.70075	0.0	0.0	109.01999	123.872925	0.0	262.83157	0.0	0.0	88.73297	146.0617	0.0	0.0	75.69518	0.0	167.9699	0.0	237.98438	0.0	0.0	0.0	229.0553	0.0	0.0	0.0	0.0	0.0	29.075974	0.0	0.0	120.247795	0.0	0.0	0.0	0.0	0.0	75.785645	0.0	197.50482	0.0	0.0	0.0	39.5188	53.154316	0.0	0.0	0.0	217.12257	12.394707	0.0	0.0	139.8321	25.13941	0.0	0.0	336.7863	119.33605	0.0	0.0	165.23387	0.0	12.285928	0.0	0.0	65.954475	0.0	0.0	0.0	0.0	206.94098	252.73836	0.0	164.99792	27.894882	215.63136	0.0	253.56743	332.58682	33.75261	118.84231	0.0	0.0	0.0	57.82152	180.39015	0.0	0.0	35.648457	128.03493	0.0	0.0	0.0
129.14479	0.0	150.05803	0.0	0.0	4.3397813	0.0	0.0	0.0	273.5457	0.0	331.27682	0.0	0.0	20.80834	81.56238	0.0	0.0	0.0	0.0	0.0	0.0	36.346878	0.0	0.0	56.133625	0.0	281.07138	0.0	0.0	0.0	64.09482	77.361664	0.0	205.88762	0.0	64.69865	0.0	0.0	113.66394	129.90063	0.0	274.11536	0.0	0.0	93.43106	155.25293	0.0	0.0	77.75754	0.0	177.0135	0.0	249.77129	0.0	0.0	0.0	240.00267	0.0	0.0	0.0	0.0	0.0	30.167974	0.0	0.0	124.196754	0.0	0.0	0.0	0.0	0.0	80.58431	0.0	208.08966	0.0	0.0	0.0	41.689583	55.476665	0.0	0.0	0.0	227.41118	13.494908	0.0	0.0	145.47191	28.164843	0.0	0.0	351.72836	126.723915	0.0	0.0	173.1006	0.0	12.378985	0.0	0.0	70.363556	0.0	0.0	0.0	0.0	219.61029	264.40247	0.0	174.04588	29.857183	224.55792	0.0	265.22345	349.339	33.026802	124.31132	0.0	0.0	0.0	60.533417	189.9561	0.0	0.0	37.54216	134.7915	0.0	0.0	0.0
127.59048	0.0	145.60393	0.0	0.0	4.351058	0.0	0.0	0.0	263.33585	0.0	324.34125	0.0	0.0	18.496529	82.45	0.0	0.0	0.0	0.0	0.0	0.0	35.850555	0.0	0.0	54.326065	0.0	277.0264	0.0	0.0	0.0	63.54777	74.729294	0.0	201.78218	0.0	63.20253	0.0	0.0	114.11399	127.17499	0.0	269.77072	0.0	0.0	89.86325	149.63896	0.0	0.0	77.5248	0.0	171.2231	0.0	244.29144	0.0	0.0	0.0	235.88591	0.0	0.0	0.0	0.0	0.0	29.22875	0.0	0.0	124.8215	0.0	0.0	0.0	0.0	0.0	75.51251	0.0	202.9228	0.0	0.0	0.0	38.323166	55.815228	0.0	0.0	0.0	222.85283	12.464635	0.0	0.0	141.22841	26.618088	0.0	0.0	344.88486	121.13271	0.0	0.0	170.35933	0.0	13.794896	0.0	0.0	68.0628	0.0	0.0	0.0	0.0	213.08687	257.8519	0.0	168.70099	28.720095	219.74469	0.0	261.22086	343.00073	33.478134	120.78124	0.0	0.0	0.0	58.577988	185.5293	0.0	0.0	36.71341	129.75238	0.0	0.0	0.0
125.530396	0.0	146.36238	0.0	0.0	3.7519891	0.0	0.0	0.0	266.41342	0.0	322.45328	0.0	0.0	19.811214	80.07445	0.0	0.0	0.0	0.0	0.0	0.0	35.57159	0.0	0.0	55.436726	0.0	273.9796	0.0	0.0	0.0	62.325794	75.762596	0.0	199.8437	0.0	62.86632	0.0	0.0	110.29354	126.77094	0.0	267.67557	0.0	0.0	91.413055	150.50337	0.0	0.0	75.917656	0.0	172.50676	0.0	242.85724	0.0	0.0	0.0	233.17397	0.0	0.0	0.0	0.0	0.0	29.415586	0.0	0.0	121.37265	0.0	0.0	0.0	0.0	0.0	78.80242	0.0	202.56169	0.0	0.0	0.0	41.42155	53.7901	0.0	0.0	0.0	221.59077	13.094997	0.0	0.0	142.59544	26.978806	0.0	0.0	343.3949	122.96618	0.0	0.0	168.74841	0.0	11.938965	0.0	0.0	68.29255	0.0	0.0	0.0	0.0	213.01227	257.8766	0.0	169.56874	28.750353	219.60393	0.0	258.04434	339.7334	33.41748	121.81272	0.0	0.0	0.0	59.13914	184.9287	0.0	0.0	36.353695	131.3918	0.0	0.0	0.0
128.2116	0.0	149.04521	0.0	0.0	4.3897243	0.0	0.0	0.0	271.58047	0.0	329.26584	0.0	0.0	20.72793	81.232994	0.0	0.0	0.0	0.0	0.0	0.0	36.32192	0.0	0.0	55.8969	0.0	279.36716	0.0	0.0	0.0	63.912907	76.93418	0.0	204.76067	0.0	64.06249	0.0	0.0	113.19144	129.06635	0.0	272.68277	0.0	0.0	92.81598	154.18289	0.0	0.0	77.21169	0.0	175.96492	0.0	248.30424	0.0	0.0	0.0	238.54802	0.0	0.0	0.0	0.0	0.0	29.988577	0.0	0.0	123.60726	0.0	0.0	0.0	0.0	0.0	79.77473	0.0	206.92668	0.0	0.0	0.0	41.44284	55.345753	0.0	0.0	0.0	226.13979	13.32027	0.0	0.0	144.73793	27.997086	0.0	0.0	349.74612	125.66235	0.0	0.0	172.23003	0.0	12.414269	0.0	0.0	69.8942	0.0	0.0	0.0	0.0	218.25761	262.77618	0.0	172.98491	29.654655	223.26842	0.0	263.87167	347.63477	32.84818	123.517006	0.0	0.0	0.0	60.020035	188.80049	0.0	0.0	37.167774	133.9129	0.0	0.0	0.0
158.56897	0.0	193.81519	0.0	0.0	12.99839	0.0	0.0	0.0	352.55325	0.0	424.81213	0.0	0.0	35.24161	88.8084	0.0	0.0	0.0	0.0	0.0	0.0	49.390167	0.0	0.0	68.40493	0.0	346.4697	0.0	0.0	0.0	83.75372	94.915855	0.0	272.2103	0.0	81.78328	0.0	0.0	144.65703	164.05367	0.0	339.4755	0.0	0.0	120.791695	212.23299	0.0	0.0	88.04829	0.0	230.22096	2.282425	320.16565	0.0	0.0	0.0	308.45358	0.0	0.0	0.0	0.0	0.0	36.039165	0.0	0.0	147.93591	0.0	0.0	0.0	0.0	0.0	104.955475	0.0	272.03235	0.0	0.0	0.0	48.68634	71.59775	0.0	0.0	0.0	287.44516	18.590355	0.0	0.0	173.3648	49.117832	0.0	0.0	437.06564	171.06378	0.0	0.0	221.70412	0.0	13.916104	0.0	0.0	98.81827	0.0	0.0	0.0	0.0	298.49487	329.83963	0.0	226.77943	43.455143	271.56155	0.0	337.67822	453.86264	21.727753	153.2788	0.0	0.0	0.0	75.21253	247.38593	0.0	0.0	50.726624	174.06593	0.0	0.0	0.0
130.51599	0.0	154.32927	0.0	0.0	4.6201234	0.0	0.0	0.0	281.57938	0.0	337.4907	0.0	0.0	22.633062	80.174614	0.0	0.0	0.0	0.0	0.0	0.0	37.164616	0.0	0.0	57.893414	0.0	284.05356	0.0	0.0	0.0	64.519066	79.088104	0.0	210.49724	0.0	65.98353	0.0	0.0	114.029884	132.43376	0.0	278.04663	0.0	0.0	96.996544	160.46046	0.0	0.0	77.3865	0.0	181.87138	0.0	254.49654	0.0	0.0	0.0	243.85638	0.0	0.0	0.0	0.0	0.0	30.130571	0.0	0.0	124.02302	0.0	0.0	0.0	0.0	0.0	84.626015	0.0	213.14757	0.0	0.0	0.0	43.71602	55.567383	0.0	0.0	0.0	231.07465	14.425181	0.0	0.0	147.96523	30.663492	0.0	0.0	357.65463	131.36339	0.0	0.0	176.34851	0.0	11.732731	0.0	0.0	73.323685	0.0	0.0	0.0	0.0	226.68962	269.44864	0.0	178.95958	30.846098	228.08112	0.0	269.16965	355.70053	31.824179	127.156044	0.0	0.0	0.0	62.086613	194.8031	0.0	0.0	37.9727	138.3557	0.0	0.0	0.0
121.19461	0.0	136.5625	0.0	0.0	2.5517087	0.0	0.0	0.0	247.51343	0.0	304.94363	0.0	0.0	15.856862	80.61697	0.0	0.0	0.0	0.0	0.0	0.0	33.021107	0.0	0.0	51.398724	0.0	263.19327	0.0	0.0	0.0	59.62438	71.072014	0.0	187.58583	0.0	59.373882	0.0	0.0	107.25082	119.86194	0.0	255.68376	0.0	0.0	84.315216	137.94429	0.0	0.0	75.10556	0.0	160.73216	0.0	229.79314	0.0	0.0	0.0	221.76062	0.0	0.0	0.0	0.0	0.0	28.240679	0.0	0.0	119.50845	0.0	0.0	0.0	0.0	0.0	70.81776	0.0	189.08228	0.0	0.0	0.0	37.142544	52.533672	0.0	0.0	0.0	210.57204	11.571973	0.0	0.0	135.56197	22.219215	0.0	0.0	326.83932	112.22085	0.0	0.0	159.92137	0.0	13.186999	0.0	0.0	62.101013	0.0	0.0	0.0	0.0	196.67189	244.49672	0.0	157.97449	26.008537	209.65935	0.0	246.14795	321.07333	35.1369	114.45093	0.0	0.0	0.0	55.68133	173.35957	0.0	0.0	33.788303	122.103645	0.0	0.0	0.0
122.905556	0.0	141.15446	0.0	0.0	2.9967463	0.0	0.0	0.0	256.89557	0.0	312.4279	0.0	0.0	18.029352	79.505226	0.0	0.0	0.0	0.0	0.0	0.0	33.86406	0.0	0.0	53.17008	0.0	267.15842	0.0	0.0	0.0	60.363754	73.3115	0.0	192.85583	0.0	61.007843	0.0	0.0	107.745514	122.773445	0.0	260.18323	0.0	0.0	87.63128	144.12566	0.0	0.0	75.23589	0.0	166.20256	0.0	235.44226	0.0	0.0	0.0	226.45491	0.0	0.0	0.0	0.0	0.0	28.80221	0.0	0.0	119.336876	0.0	0.0	0.0	0.0	0.0	75.227776	0.0	195.11464	0.0	0.0	0.0	39.52243	52.491657	0.0	0.0	0.0	215.13927	12.388504	0.0	0.0	138.77867	24.365747	0.0	0.0	333.63504	117.835266	0.0	0.0	163.32227	0.0	12.163872	0.0	0.0	65.0434	0.0	0.0	0.0	0.0	204.1742	250.46631	0.0	163.36163	27.32625	213.8291	0.0	250.75317	328.61066	33.90304	117.90774	0.0	0.0	0.0	57.32112	178.27971	0.0	0.0	34.87851	126.71006	0.0	0.0	0.0
120.721924	0.0	135.13895	0.0	0.0	2.273427	0.0	0.0	0.0	244.54878	0.0	302.24008	0.0	0.0	15.021194	80.96014	0.0	0.0	0.0	0.0	0.0	0.0	32.63957	0.0	0.0	51.188477	0.0	261.64032	0.0	0.0	0.0	58.83617	70.76056	0.0	185.6787	0.0	59.231243	0.0	0.0	106.57926	118.86685	0.0	253.99016	0.0	0.0	83.29425	136.02678	0.0	0.0	75.194984	0.0	158.48628	0.0	227.4829	0.0	0.0	0.0	219.93933	0.0	0.0	0.0	0.0	0.0	28.072517	0.0	0.0	119.35767	0.0	0.0	0.0	0.0	0.0	70.00695	0.0	187.3208	0.0	0.0	0.0	36.45311	51.886868	0.0	0.0	0.0	208.82104	11.067176	0.0	0.0	134.7372	21.182505	0.0	0.0	324.39767	110.70249	0.0	0.0	158.69719	0.0	13.37634	0.0	0.0	61.1257	0.0	0.0	0.0	0.0	194.05933	242.54266	0.0	156.03496	25.641882	208.3918	0.0	244.0035	317.8524	36.15056	113.832245	0.0	0.0	0.0	55.03323	171.468	0.0	0.0	33.737644	120.62455	0.0	0.0	0.0
123.76194	0.0	141.75401	0.0	0.0	3.4850664	0.0	0.0	0.0	257.31674	0.0	314.52368	0.0	0.0	18.035261	80.16765	0.0	0.0	0.0	0.0	0.0	0.0	34.301735	0.0	0.0	52.90161	0.0	268.874	0.0	0.0	0.0	61.067677	73.28603	0.0	194.45747	0.0	61.429928	0.0	0.0	109.12448	123.33544	0.0	261.60294	0.0	0.0	87.86056	144.94063	0.0	0.0	75.60254	0.0	166.93517	0.0	236.89934	0.0	0.0	0.0	228.31079	0.0	0.0	0.0	0.0	0.0	28.923035	0.0	0.0	120.40511	0.0	0.0	0.0	0.0	0.0	74.84767	0.0	196.13683	0.0	0.0	0.0	38.792484	53.483013	0.0	0.0	0.0	216.37361	12.267505	0.0	0.0	138.85184	24.81034	0.0	0.0	335.18457	118.30301	0.0	0.0	164.4	0.0	12.602756	0.0	0.0	65.41926	0.0	0.0	0.0	0.0	205.53722	251.41942	0.0	163.85127	27.711746	214.35175	0.0	252.68414	331.19662	33.446957	117.95049	0.0	0.0	0.0	57.46562	179.46019	0.0	0.0	35.239326	127.17045	0.0	0.0	0.0
124.336754	0.0	141.36903	0.0	0.0	3.9398935	0.0	0.0	0.0	256.73813	0.0	315.32065	0.0	0.0	17.888067	80.66149	0.0	0.0	0.0	0.0	0.0	0.0	34.50707	0.0	0.0	52.66067	0.0	269.9404	0.0	0.0	0.0	61.57634	72.98502	0.0	195.53564	0.0	61.424225	0.0	0.0	110.73858	123.51362	0.0	262.3842	0.0	0.0	87.51664	145.20773	0.0	0.0	75.75903	0.0	166.71619	0.0	237.67969	0.0	0.0	0.0	229.61469	0.0	0.0	0.0	0.0	0.0	28.759283	0.0	0.0	121.309204	0.0	0.0	0.0	0.0	0.0	73.88796	0.0	196.92346	0.0	0.0	0.0	37.559208	54.205273	0.0	0.0	0.0	216.9457	12.048097	0.0	0.0	138.06952	25.244726	0.0	0.0	335.6725	117.969734	0.0	0.0	165.32262	0.0	13.237325	0.0	0.0	65.585594	0.0	0.0	0.0	0.0	206.55145	251.5389	0.0	164.04091	27.993532	214.25348	0.0	253.99316	332.9358	33.03549	117.54602	0.0	0.0	0.0	57.059605	179.9128	0.0	0.0	35.955933	126.72562	0.0	0.0	0.0
120.316444	0.0	135.34474	0.0	0.0	2.484451	0.0	0.0	0.0	245.21051	0.0	302.17892	0.0	0.0	15.527787	80.16808	0.0	0.0	0.0	0.0	0.0	0.0	32.792145	0.0	0.0	51.193024	0.0	260.95486	0.0	0.0	0.0	58.86204	70.67315	0.0	185.83965	0.0	59.076294	0.0	0.0	106.31549	118.60025	0.0	253.61731	0.0	0.0	83.64796	136.62668	0.0	0.0	74.52891	0.0	159.05775	0.0	227.62639	0.0	0.0	0.0	219.60498	0.0	0.0	0.0	0.0	0.0	28.086584	0.0	0.0	118.45881	0.0	0.0	0.0	0.0	0.0	70.32521	0.0	187.58032	0.0	0.0	0.0	36.8699	51.9791	0.0	0.0	0.0	208.71497	11.235938	0.0	0.0	134.62553	21.861486	0.0	0.0	324.05124	111.20614	0.0	0.0	158.45477	0.0	13.218254	0.0	0.0	61.49362	0.0	0.0	0.0	0.0	194.85207	242.3633	0.0	156.37242	25.83731	208.06342	0.0	243.82066	318.06003	35.391697	113.710754	0.0	0.0	0.0	55.12439	171.79756	0.0	0.0	33.763504	121.07727	0.0	0.0	0.0
121.578125	0.0	138.61769	0.0	0.0	2.8618119	0.0	0.0	0.0	251.80151	0.0	308.55258	0.0	0.0	16.886621	80.54226	0.0	0.0	0.0	0.0	0.0	0.0	33.938976	0.0	0.0	52.645985	0.0	265.4188	0.0	0.0	0.0	60.425182	72.36488	0.0	190.18463	0.0	59.805008	0.0	0.0	107.77469	120.99073	0.0	258.41257	0.0	0.0	86.223145	140.73811	0.0	0.0	74.74124	0.0	163.65874	0.0	232.67555	0.0	0.0	0.0	223.8031	0.0	0.0	0.0	0.0	0.0	28.649622	0.0	0.0	119.3843	0.0	0.0	0.0	0.0	0.0	72.57645	0.0	192.16399	0.0	0.0	0.0	38.636776	52.95107	0.0	0.0	0.0	212.72481	11.867049	0.0	0.0	137.43983	23.498291	0.0	0.0	330.55035	114.40824	0.0	0.0	161.72768	0.0	12.975379	0.0	0.0	63.503483	0.0	0.0	0.0	0.0	200.37274	247.31847	0.0	160.65614	26.659225	212.02283	0.0	248.7008	325.43826	34.983593	116.09916	0.0	0.0	0.0	56.544186	176.1552	0.0	0.0	34.579792	124.31335	0.0	0.0	0.0
126.08691	0.0	145.49115	0.0	0.0	3.8648806	0.0	0.0	0.0	264.3339	0.0	322.62073	0.0	0.0	18.856148	82.15111	0.0	0.0	0.0	0.0	0.0	0.0	35.890717	0.0	0.0	54.874332	0.0	275.82697	0.0	0.0	0.0	63.250736	75.449295	0.0	199.55025	0.0	62.56042	0.0	0.0	112.01349	126.58915	0.0	268.8884	0.0	0.0	90.60022	148.9641	0.0	0.0	76.58672	0.0	171.9327	0.0	243.29265	0.0	0.0	0.0	233.78484	0.0	0.0	0.0	0.0	0.0	29.802229	0.0	0.0	123.09365	0.0	0.0	0.0	0.0	0.0	76.65968	0.0	201.70428	0.0	0.0	0.0	40.524555	55.24228	0.0	0.0	0.0	222.17049	12.713329	0.0	0.0	142.73454	26.184805	0.0	0.0	344.21252	121.0801	0.0	0.0	168.86555	0.0	12.886956	0.0	0.0	67.2888	0.0	0.0	0.0	0.0	211.48387	257.9264	0.0	168.77486	28.414038	220.16685	0.0	259.4394	340.8317	34.487232	121.24088	0.0	0.0	0.0	59.024166	184.68018	0.0	0.0	36.419453	130.7216	0.0	0.0	0.0
120.05776	0.0	135.10576	0.0	0.0	2.3765657	0.0	0.0	0.0	245.1562	0.0	301.65585	0.0	0.0	15.194572	80.60001	0.0	0.0	0.0	0.0	0.0	0.0	32.893616	0.0	0.0	51.75143	0.0	260.94748	0.0	0.0	0.0	58.96584	70.953674	0.0	185.2169	0.0	58.77206	0.0	0.0	105.926	118.489624	0.0	253.62598	0.0	0.0	83.74772	136.30223	0.0	0.0	74.39728	0.0	158.9607	0.0	227.35823	0.0	0.0	0.0	219.28493	0.0	0.0	0.0	0.0	0.0	28.19684	0.0	0.0	118.5019	0.0	0.0	0.0	0.0	0.0	70.549416	0.0	187.61336	0.0	0.0	0.0	37.202633	51.756237	0.0	0.0	0.0	208.56615	11.259166	0.0	0.0	135.15236	21.395105	0.0	0.0	324.21463	110.744255	0.0	0.0	158.40288	0.0	13.171982	0.0	0.0	61.440403	0.0	0.0	0.0	0.0	194.34334	242.3835	0.0	156.38599	25.601847	208.36443	0.0	243.529	317.5927	35.86854	114.13037	0.0	0.0	0.0	55.092884	171.623	0.0	0.0	34.073334	121.035576	0.0	0.0	0.0
120.342995	0.0	135.56499	0.0	0.0	2.5412757	0.0	0.0	0.0	246.12846	0.0	302.71875	0.0	0.0	15.788167	80.05377	0.0	0.0	0.0	0.0	0.0	0.0	32.660236	0.0	0.0	51.108196	0.0	261.3797	0.0	0.0	0.0	58.97575	70.81277	0.0	186.17847	0.0	59.068485	0.0	0.0	106.40839	118.89746	0.0	253.84755	0.0	0.0	83.9153	137.06294	0.0	0.0	74.59011	0.0	159.63124	0.0	228.14873	0.0	0.0	0.0	220.23413	0.0	0.0	0.0	0.0	0.0	28.19445	0.0	0.0	118.375145	0.0	0.0	0.0	0.0	0.0	70.608116	0.0	187.9203	0.0	0.0	0.0	37.0784	51.9872	0.0	0.0	0.0	209.00945	11.4450865	0.0	0.0	134.72517	21.953638	0.0	0.0	324.50192	111.6802	0.0	0.0	158.74318	0.0	12.967366	0.0	0.0	61.64442	0.0	0.0	0.0	0.0	195.27449	242.99365	0.0	156.90579	26.046011	208.3299	0.0	244.29858	318.62674	34.957798	113.8579	0.0	0.0	0.0	55.229603	172.05595	0.0	0.0	33.89152	121.45868	0.0	0.0	0.0
124.313545	0.0	140.41199	0.0	0.0	3.4972699	0.0	0.0	0.0	254.04524	0.0	313.33847	0.0	0.0	16.695772	81.61894	0.0	0.0	0.0	0.0	0.0	0.0	34.190083	0.0	0.0	52.65927	0.0	269.31152	0.0	0.0	0.0	61.192623	72.626236	0.0	193.93262	0.0	61.269955	0.0	0.0	110.4808	123.09077	0.0	261.86215	0.0	0.0	86.55839	143.05043	0.0	0.0	76.29621	0.0	164.80585	0.0	235.90436	0.0	0.0	0.0	228.09583	0.0	0.0	0.0	0.0	0.0	28.518835	0.0	0.0	122.07055	0.0	0.0	0.0	0.0	0.0	72.73316	0.0	195.23662	0.0	0.0	0.0	37.162647	53.983562	0.0	0.0	0.0	215.89891	11.779671	0.0	0.0	137.83812	24.060791	0.0	0.0	334.5738	116.06597	0.0	0.0	164.58064	0.0	13.579651	0.0	0.0	64.66478	0.0	0.0	0.0	0.0	203.79933	250.24278	0.0	162.52094	27.305498	213.98396	0.0	252.74626	330.59842	34.47102	117.35102	0.0	0.0	0.0	56.787872	178.44275	0.0	0.0	35.352993	125.28177	0.0	0.0	0.0
136.59126	0.0	159.7837	0.0	0.0	5.7835174	0.0	0.0	0.0	287.22116	0.0	352.04456	0.0	0.0	20.30805	89.09739	0.0	0.0	0.0	0.0	0.0	0.0	40.925705	0.0	0.0	61.239395	0.0	299.90222	0.0	0.0	0.0	70.9378	81.39044	0.0	218.82349	0.0	68.08771	0.0	0.0	123.49017	139.16788	0.0	294.04037	0.0	0.0	98.59497	163.38042	0.0	0.0	81.394035	0.0	187.47331	0.0	265.55316	0.0	0.0	0.0	254.37996	0.0	0.0	0.0	0.0	0.0	31.426336	0.0	0.0	135.04982	0.0	0.0	0.0	0.0	0.0	82.493034	0.0	221.33919	0.0	0.0	0.0	44.22231	61.69234	0.0	0.0	0.0	243.13707	14.016414	0.0	0.0	155.07353	30.359125	0.0	0.0	375.67343	130.83673	0.0	0.0	184.88991	0.0	14.830204	0.0	0.0	74.59141	0.0	0.0	0.0	0.0	232.22595	279.58102	0.0	185.31667	30.451895	239.25537	0.0	283.32132	374.7616	37.002197	132.88051	0.0	0.0	0.0	64.70444	203.21632	0.0	0.0	39.524227	141.9369	0.0	0.0	0.0
133.77953	0.0	155.31642	0.0	0.0	5.136051	0.0	0.0	0.0	279.88403	0.0	343.10947	0.0	0.0	19.597466	87.687935	0.0	0.0	0.0	0.0	0.0	0.0	39.514057	0.0	0.0	59.427795	0.0	293.20938	0.0	0.0	0.0	68.85422	79.54147	0.0	212.83302	0.0	66.42411	0.0	0.0	120.592674	135.65154	0.0	287.0585	0.0	0.0	95.96826	158.41316	0.0	0.0	80.37061	0.0	182.6111	0.0	259.01022	0.0	0.0	0.0	248.2303	0.0	0.0	0.0	0.0	0.0	30.998537	0.0	0.0	132.17265	0.0	0.0	0.0	0.0	0.0	80.208885	0.0	215.24303	0.0	0.0	0.0	43.037216	60.11905	0.0	0.0	0.0	237.08528	13.756719	0.0	0.0	151.54907	28.77521	0.0	0.0	366.73038	127.21839	0.0	0.0	180.23225	0.0	14.499997	0.0	0.0	72.13195	0.0	0.0	0.0	0.0	225.41774	273.23257	0.0	180.2324	29.584976	234.1308	0.0	276.4199	364.73062	36.921936	129.57281	0.0	0.0	0.0	63.032383	197.69025	0.0	0.0	38.441017	138.35493	0.0	0.0	0.0
133.69154	0.0	154.85567	0.0	0.0	4.960749	0.0	0.0	0.0	278.6407	0.0	342.0601	0.0	0.0	19.194838	87.708496	0.0	0.0	0.0	0.0	0.0	0.0	39.214024	0.0	0.0	59.03532	0.0	292.417	0.0	0.0	0.0	68.419075	79.146645	0.0	212.1978	0.0	66.38686	0.0	0.0	120.27474	135.31996	0.0	286.26138	0.0	0.0	95.46781	157.68112	0.0	0.0	80.57197	0.0	181.75993	0.0	258.02933	0.0	0.0	0.0	247.55309	0.0	0.0	0.0	0.0	0.0	30.863113	0.0	0.0	132.12856	0.0	0.0	0.0	0.0	0.0	79.87916	0.0	214.37622	0.0	0.0	0.0	42.498077	59.75427	0.0	0.0	0.0	236.36421	13.517704	0.0	0.0	150.9262	28.252058	0.0	0.0	365.45535	126.7006	0.0	0.0	179.69307	0.0	14.709648	0.0	0.0	71.75205	0.0	0.0	0.0	0.0	224.36665	272.41965	0.0	179.39653	29.472284	233.27747	0.0	275.63867	363.3785	36.922115	129.06165	0.0	0.0	0.0	62.709713	196.76387	0.0	0.0	38.20248	137.6418	0.0	0.0	0.0
133.51157	0.0	154.68614	0.0	0.0	4.715324	0.0	0.0	0.0	278.47372	0.0	341.54187	0.0	0.0	18.925678	88.112816	0.0	0.0	0.0	0.0	0.0	0.0	39.23402	0.0	0.0	59.370407	0.0	292.5897	0.0	0.0	0.0	68.47112	79.38198	0.0	211.50496	0.0	66.16328	0.0	0.0	120.08366	135.23251	0.0	286.39575	0.0	0.0	95.5119	157.02678	0.0	0.0	80.49371	0.0	181.62627	0.0	257.8488	0.0	0.0	0.0	247.00163	0.0	0.0	0.0	0.0	0.0	30.900602	0.0	0.0	132.2263	0.0	0.0	0.0	0.0	0.0	79.77188	0.0	214.05574	0.0	0.0	0.0	43.073975	59.836353	0.0	0.0	0.0	236.35724	13.567069	0.0	0.0	151.63557	27.962309	0.0	0.0	365.7405	126.223656	0.0	0.0	179.34338	0.0	14.620536	0.0	0.0	71.33059	0.0	0.0	0.0	0.0	223.58894	272.47964	0.0	179.37294	29.153841	233.78162	0.0	275.2013	362.92343	37.80482	129.2745	0.0	0.0	0.0	62.95721	196.56348	0.0	0.0	38.120834	137.70107	0.0	0.0	0.0
142.02995	0.0	168.94705	0.0	0.0	7.093851	0.0	0.0	0.0	302.83115	0.0	370.19254	0.0	0.0	22.25321	92.20538	0.0	0.0	0.0	0.0	0.0	0.0	43.844437	0.0	0.0	65.43757	0.0	313.7307	0.0	0.0	0.0	75.34391	85.57209	0.0	230.7099	0.0	71.37455	0.0	0.0	129.13051	147.12785	0.0	308.8998	0.0	0.0	104.1466	173.1804	0.0	0.0	83.2671	0.0	197.84819	0.0	279.32877	0.0	0.0	0.0	266.2983	0.0	0.0	0.0	0.0	0.0	32.890507	0.0	0.0	140.962	0.0	0.0	0.0	0.0	0.0	87.50837	0.0	233.80707	0.0	0.0	0.0	47.768387	65.303955	0.0	0.0	0.0	255.74298	15.070888	0.0	0.0	163.33423	33.378178	0.0	0.0	394.72018	137.92375	0.0	0.0	194.3938	0.0	14.887089	0.0	0.0	79.11237	0.0	0.0	0.0	0.0	245.5542	293.14258	0.0	196.26375	32.127777	250.94649	0.0	297.20914	395.55264	37.95435	140.88815	0.0	0.0	0.0	68.36326	214.69019	0.0	0.0	41.352936	150.02309	0.0	0.0	0.0
131.04433	0.0	151.0498	0.0	0.0	4.4577603	0.0	0.0	0.0	272.15164	0.0	334.0724	0.0	0.0	18.528105	86.24201	0.0	0.0	0.0	0.0	0.0	0.0	38.16897	0.0	0.0	57.605225	0.0	286.27982	0.0	0.0	0.0	66.83933	77.44216	0.0	206.91669	0.0	64.87881	0.0	0.0	117.91654	132.2071	0.0	280.13623	0.0	0.0	93.061714	153.2304	0.0	0.0	79.20566	0.0	177.52527	0.0	252.14117	0.0	0.0	0.0	241.81781	0.0	0.0	0.0	0.0	0.0	30.025444	0.0	0.0	129.53734	0.0	0.0	0.0	0.0	0.0	77.53218	0.0	209.02534	0.0	0.0	0.0	41.66147	58.65907	0.0	0.0	0.0	231.10957	13.304456	0.0	0.0	148.00282	27.082502	0.0	0.0	357.66208	123.292534	0.0	0.0	175.425	0.0	14.418202	0.0	0.0	69.56701	0.0	0.0	0.0	0.0	218.3769	266.4995	0.0	175.14313	28.711061	228.73994	0.0	269.35785	354.8048	36.910374	126.21832	0.0	0.0	0.0	61.409363	192.10368	0.0	0.0	36.946728	134.4576	0.0	0.0	0.0
129.99153	0.0	149.22914	0.0	0.0	4.1914325	0.0	0.0	0.0	268.67984	0.0	330.54962	0.0	0.0	17.899256	85.76529	0.0	0.0	0.0	0.0	0.0	0.0	37.437923	0.0	0.0	56.88323	0.0	283.54968	0.0	0.0	0.0	65.70579	76.7176	0.0	204.64537	0.0	64.32268	0.0	0.0	116.42041	130.67712	0.0	277.05542	0.0	0.0	92.02462	151.29591	0.0	0.0	79.029625	0.0	175.09003	0.0	249.171	0.0	0.0	0.0	239.64282	0.0	0.0	0.0	0.0	0.0	29.800806	0.0	0.0	128.48024	0.0	0.0	0.0	0.0	0.0	76.89634	0.0	206.67676	0.0	0.0	0.0	40.732655	57.65149	0.0	0.0	0.0	228.38727	12.906764	0.0	0.0	146.3329	26.325098	0.0	0.0	353.9099	121.919395	0.0	0.0	173.64919	0.0	14.370746	0.0	0.0	68.75182	0.0	0.0	0.0	0.0	215.64592	263.6577	0.0	172.6161	28.274422	226.23267	0.0	266.4259	350.31714	36.910625	124.71833	0.0	0.0	0.0	60.586548	189.81459	0.0	0.0	36.77466	132.6965	0.0	0.0	0.0
129.18755	0.0	148.02638	0.0	0.0	3.739787	0.0	0.0	0.0	266.70316	0.0	327.86862	0.0	0.0	17.319145	86.039345	0.0	0.0	0.0	0.0	0.0	0.0	37.06953	0.0	0.0	56.81943	0.0	282.2831	0.0	0.0	0.0	65.37256	76.43302	0.0	202.28426	0.0	63.784363	0.0	0.0	115.60446	129.82605	0.0	275.67456	0.0	0.0	91.29134	149.30229	0.0	0.0	78.864784	0.0	173.70508	0.0	247.35832	0.0	0.0	0.0	237.49995	0.0	0.0	0.0	0.0	0.0	29.936602	0.0	0.0	128.17429	0.0	0.0	0.0	0.0	0.0	76.137375	0.0	204.6292	0.0	0.0	0.0	41.12274	57.258484	0.0	0.0	0.0	227.07446	12.87426	0.0	0.0	146.15117	25.297716	0.0	0.0	352.0343	120.36326	0.0	0.0	172.23364	0.0	14.279611	0.0	0.0	67.673454	0.0	0.0	0.0	0.0	212.80707	262.28845	0.0	171.33952	27.682795	225.60693	0.0	264.58688	347.39514	37.876663	124.273766	0.0	0.0	0.0	60.391018	188.046	0.0	0.0	36.318348	131.71385	0.0	0.0	0.0
131.76851	0.0	152.53001	0.0	0.0	4.624268	0.0	0.0	0.0	274.57358	0.0	337.05652	0.0	0.0	18.816557	87.05665	0.0	0.0	0.0	0.0	0.0	0.0	38.513184	0.0	0.0	58.369045	0.0	288.75632	0.0	0.0	0.0	67.472115	78.26002	0.0	208.60425	0.0	65.29891	0.0	0.0	118.597466	133.46135	0.0	282.6683	0.0	0.0	94.06484	154.67224	0.0	0.0	79.707954	0.0	178.99156	0.0	254.36908	0.0	0.0	0.0	243.73149	0.0	0.0	0.0	0.0	0.0	30.56161	0.0	0.0	130.56602	0.0	0.0	0.0	0.0	0.0	78.4593	0.0	210.7979	0.0	0.0	0.0	42.462524	59.06184	0.0	0.0	0.0	233.12312	13.391132	0.0	0.0	149.49217	27.543669	0.0	0.0	360.97266	124.346375	0.0	0.0	177.0117	0.0	14.323914	0.0	0.0	70.13737	0.0	0.0	0.0	0.0	220.18861	268.84448	0.0	176.67137	28.81568	230.93858	0.0	271.704	357.90698	37.476734	127.45759	0.0	0.0	0.0	62.05615	193.80304	0.0	0.0	37.3088	135.70769	0.0	0.0	0.0
134.7462	0.0	156.94702	0.0	0.0	5.4043336	0.0	0.0	0.0	282.64847	0.0	346.2102	0.0	0.0	19.839838	88.505035	0.0	0.0	0.0	0.0	0.0	0.0	40.142666	0.0	0.0	60.109394	0.0	295.74896	0.0	0.0	0.0	69.79971	80.155876	0.0	214.8324	0.0	67.033356	0.0	0.0	121.731445	137.08687	0.0	289.99332	0.0	0.0	96.95786	159.89996	0.0	0.0	80.57547	0.0	184.43184	0.0	261.45096	0.0	0.0	0.0	250.13739	0.0	0.0	0.0	0.0	0.0	31.161024	0.0	0.0	133.36351	0.0	0.0	0.0	0.0	0.0	80.86846	0.0	217.3003	0.0	0.0	0.0	43.74713	60.967255	0.0	0.0	0.0	239.47566	13.863247	0.0	0.0	153.2481	29.32363	0.0	0.0	370.08286	128.24928	0.0	0.0	181.8178	0.0	14.594742	0.0	0.0	72.58608	0.0	0.0	0.0	0.0	227.5572	275.6381	0.0	182.28375	29.971872	236.35376	0.0	278.85294	368.65408	37.354565	130.96661	0.0	0.0	0.0	63.782627	199.61925	0.0	0.0	38.723484	139.85425	0.0	0.0	0.0
131.96376	0.0	152.52339	0.0	0.0	4.416698	0.0	0.0	0.0	274.76672	0.0	337.33743	0.0	0.0	18.65247	87.23037	0.0	0.0	0.0	0.0	0.0	0.0	38.517414	0.0	0.0	58.555405	0.0	289.06784	0.0	0.0	0.0	67.52268	78.46317	0.0	208.8836	0.0	65.28859	0.0	0.0	118.51309	133.2865	0.0	282.89282	0.0	0.0	94.208275	154.76012	0.0	0.0	79.85969	0.0	179.1179	0.0	254.55086	0.0	0.0	0.0	244.01921	0.0	0.0	0.0	0.0	0.0	30.520731	0.0	0.0	130.72429	0.0	0.0	0.0	0.0	0.0	78.702255	0.0	211.10832	0.0	0.0	0.0	42.48167	59.003906	0.0	0.0	0.0	233.20918	13.300302	0.0	0.0	149.7895	27.433477	0.0	0.0	361.42276	124.54871	0.0	0.0	177.16779	0.0	14.510613	0.0	0.0	70.383736	0.0	0.0	0.0	0.0	220.48824	269.1236	0.0	176.64716	28.749527	231.12056	0.0	271.9735	358.1022	37.543682	127.46787	0.0	0.0	0.0	62.09596	194.01154	0.0	0.0	37.43884	135.69067	0.0	0.0	0.0
129.87276	0.0	149.15625	0.0	0.0	4.284559	0.0	0.0	0.0	268.58188	0.0	330.3088	0.0	0.0	18.035604	85.851524	0.0	0.0	0.0	0.0	0.0	0.0	37.499832	0.0	0.0	56.92511	0.0	283.4722	0.0	0.0	0.0	65.82938	76.69348	0.0	204.44208	0.0	64.24645	0.0	0.0	116.5438	130.71411	0.0	277.1257	0.0	0.0	91.88514	151.226	0.0	0.0	78.86429	0.0	174.92815	0.0	249.12666	0.0	0.0	0.0	239.38904	0.0	0.0	0.0	0.0	0.0	29.82776	0.0	0.0	128.5605	0.0	0.0	0.0	0.0	0.0	76.768776	0.0	206.5534	0.0	0.0	0.0	40.95043	57.790813	0.0	0.0	0.0	228.47218	12.900158	0.0	0.0	146.40018	26.39779	0.0	0.0	353.84363	121.74811	0.0	0.0	173.57774	0.0	14.328044	0.0	0.0	68.58536	0.0	0.0	0.0	0.0	215.50655	263.61392	0.0	172.69753	28.271341	226.32314	0.0	266.4296	350.3828	37.104008	124.80837	0.0	0.0	0.0	60.574993	189.65991	0.0	0.0	36.69312	132.70387	0.0	0.0	0.0
128.57043	0.0	147.55249	0.0	0.0	4.044377	0.0	0.0	0.0	266.0766	0.0	327.27307	0.0	0.0	17.832716	84.90366	0.0	0.0	0.0	0.0	0.0	0.0	37.005978	0.0	0.0	56.430836	0.0	280.8474	0.0	0.0	0.0	65.07388	76.03632	0.0	202.61475	0.0	63.442127	0.0	0.0	115.20794	129.12386	0.0	274.33023	0.0	0.0	91.116325	149.95691	0.0	0.0	78.09568	0.0	173.2903	0.0	246.72697	0.0	0.0	0.0	237.16534	0.0	0.0	0.0	0.0	0.0	29.62713	0.0	0.0	127.13214	0.0	0.0	0.0	0.0	0.0	76.1869	0.0	204.62366	0.0	0.0	0.0	40.476933	56.967976	0.0	0.0	0.0	226.00325	12.77468	0.0	0.0	144.93745	26.161417	0.0	0.0	350.43582	120.787605	0.0	0.0	172.01112	0.0	14.140803	0.0	0.0	68.20948	0.0	0.0	0.0	0.0	213.63445	261.11374	0.0	170.96245	28.002808	224.03526	0.0	263.96606	346.7325	36.41782	123.40458	0.0	0.0	0.0	60.013348	187.81665	0.0	0.0	36.588547	131.30406	0.0	0.0	0.0
129.30128	0.0	148.96739	0.0	0.0	4.2181587	0.0	0.0	0.0	268.40732	0.0	329.6575	0.0	0.0	17.995878	85.61569	0.0	0.0	0.0	0.0	0.0	0.0	37.342236	0.0	0.0	56.99921	0.0	282.9653	0.0	0.0	0.0	65.84533	76.602486	0.0	203.7904	0.0	63.972412	0.0	0.0	116.1503	130.44511	0.0	276.66373	0.0	0.0	91.872894	150.91547	0.0	0.0	78.49215	0.0	174.87146	0.0	248.68517	0.0	0.0	0.0	238.65254	0.0	0.0	0.0	0.0	0.0	30.030722	0.0	0.0	128.19493	0.0	0.0	0.0	0.0	0.0	76.7162	0.0	206.08138	0.0	0.0	0.0	41.260773	57.581707	0.0	0.0	0.0	228.05017	12.908616	0.0	0.0	146.2794	26.252441	0.0	0.0	353.15714	121.42487	0.0	0.0	173.20905	0.0	14.123328	0.0	0.0	68.49451	0.0	0.0	0.0	0.0	214.8864	263.2994	0.0	172.52507	28.118383	225.94048	0.0	265.9403	349.69156	36.837345	124.735954	0.0	0.0	0.0	60.591465	189.16316	0.0	0.0	36.65926	132.5396	0.0	0.0	0.0
133.99214	0.0	155.7697	0.0	0.0	5.191516	0.0	0.0	0.0	279.98553	0.0	343.7225	0.0	0.0	19.288095	87.97891	0.0	0.0	0.0	0.0	0.0	0.0	39.57282	0.0	0.0	59.499878	0.0	293.64194	0.0	0.0	0.0	68.907196	79.5481	0.0	213.35002	0.0	66.63349	0.0	0.0	120.748505	136.00526	0.0	287.56497	0.0	0.0	96.05408	158.65785	0.0	0.0	80.550224	0.0	182.60048	0.0	259.30798	0.0	0.0	0.0	248.68053	0.0	0.0	0.0	0.0	0.0	30.893309	0.0	0.0	132.63943	0.0	0.0	0.0	0.0	0.0	80.35128	0.0	215.57253	0.0	0.0	0.0	42.970078	60.17918	0.0	0.0	0.0	237.5166	13.636864	0.0	0.0	151.74638	28.778976	0.0	0.0	367.29324	127.3692	0.0	0.0	180.57848	0.0	14.595208	0.0	0.0	72.18609	0.0	0.0	0.0	0.0	225.65385	273.4836	0.0	180.52954	29.591888	234.37444	0.0	276.90955	365.3501	36.955814	129.76941	0.0	0.0	0.0	63.19221	197.97847	0.0	0.0	38.439697	138.48615	0.0	0.0	0.0
135.411	0.0	156.77345	0.0	0.0	4.650501	0.0	0.0	0.0	281.69534	0.0	345.67883	0.0	0.0	18.819685	89.88544	0.0	0.0	0.0	0.0	0.0	0.0	39.852493	0.0	0.0	60.32445	0.0	296.5544	0.0	0.0	0.0	69.656395	80.36208	0.0	213.5577	0.0	67.059944	0.0	0.0	121.6625	137.28075	0.0	290.57278	0.0	0.0	96.45725	158.07103	0.0	0.0	81.90231	0.0	183.85193	0.0	261.0524	0.0	0.0	0.0	249.79448	0.0	0.0	0.0	0.0	0.0	31.351088	0.0	0.0	134.58684	0.0	0.0	0.0	0.0	0.0	80.440834	0.0	216.22359	0.0	0.0	0.0	43.97144	60.916794	0.0	0.0	0.0	239.60828	13.844662	0.0	0.0	154.21916	27.755919	0.0	0.0	371.07626	126.986244	0.0	0.0	181.49483	0.0	14.969766	0.0	0.0	71.65647	0.0	0.0	0.0	0.0	225.33287	276.00403	0.0	181.40306	29.171194	237.62065	0.0	278.6941	367.49258	39.431965	131.34483	0.0	0.0	0.0	63.972675	199.07721	0.0	0.0	37.976513	139.42754	0.0	0.0	0.0
131.64801	0.0	152.136	0.0	0.0	4.4701657	0.0	0.0	0.0	273.84265	0.0	336.1106	0.0	0.0	18.710342	86.911095	0.0	0.0	0.0	0.0	0.0	0.0	38.418415	0.0	0.0	58.248028	0.0	288.03946	0.0	0.0	0.0	67.32479	78.07424	0.0	208.1065	0.0	65.18987	0.0	0.0	118.4551	132.99803	0.0	281.89514	0.0	0.0	93.74618	154.27565	0.0	0.0	79.67577	0.0	178.48138	0.0	253.58574	0.0	0.0	0.0	243.29077	0.0	0.0	0.0	0.0	0.0	30.306627	0.0	0.0	130.42375	0.0	0.0	0.0	0.0	0.0	78.15832	0.0	210.32904	0.0	0.0	0.0	42.28665	58.870968	0.0	0.0	0.0	232.5069	13.362477	0.0	0.0	149.09021	27.338556	0.0	0.0	360.08606	124.06657	0.0	0.0	176.6072	0.0	14.412041	0.0	0.0	70.18122	0.0	0.0	0.0	0.0	219.6839	268.1348	0.0	176.27893	28.708145	230.28166	0.0	271.0164	356.88596	37.408463	127.07287	0.0	0.0	0.0	61.852264	193.29712	0.0	0.0	37.22668	135.23427	0.0	0.0	0.0
130.03474	0.0	150.03459	0.0	0.0	4.4116225	0.0	0.0	0.0	270.23425	0.0	331.90964	0.0	0.0	18.084932	85.7843	0.0	0.0	0.0	0.0	0.0	0.0	37.74213	0.0	0.0	57.35915	0.0	284.6268	0.0	0.0	0.0	66.209045	77.03702	0.0	205.46838	0.0	64.33961	0.0	0.0	116.73402	131.25916	0.0	278.1832	0.0	0.0	92.77117	152.30421	0.0	0.0	78.77093	0.0	176.1898	0.0	250.35847	0.0	0.0	0.0	240.37648	0.0	0.0	0.0	0.0	0.0	30.03797	0.0	0.0	128.60426	0.0	0.0	0.0	0.0	0.0	77.37595	0.0	207.67424	0.0	0.0	0.0	41.4307	57.899952	0.0	0.0	0.0	229.34123	13.129222	0.0	0.0	147.01633	26.88578	0.0	0.0	355.42282	122.56042	0.0	0.0	174.42236	0.0	14.152495	0.0	0.0	69.23814	0.0	0.0	0.0	0.0	216.75633	264.75992	0.0	173.80406	28.365921	227.18697	0.0	267.6107	351.99423	36.67351	125.384834	0.0	0.0	0.0	61.05589	190.68248	0.0	0.0	37.088703	133.633	0.0	0.0	0.0
132.04436	0.0	152.48201	0.0	0.0	4.586369	0.0	0.0	0.0	274.75345	0.0	337.36246	0.0	0.0	18.606722	86.951515	0.0	0.0	0.0	0.0	0.0	0.0	38.312206	0.0	0.0	58.20155	0.0	289.03152	0.0	0.0	0.0	67.293396	78.27261	0.0	209.0291	0.0	65.41993	0.0	0.0	118.589424	133.31476	0.0	282.5852	0.0	0.0	94.236046	154.99013	0.0	0.0	79.94178	0.0	179.0551	0.0	254.49574	0.0	0.0	0.0	244.31757	0.0	0.0	0.0	0.0	0.0	30.493174	0.0	0.0	130.52568	0.0	0.0	0.0	0.0	0.0	78.72327	0.0	211.23051	0.0	0.0	0.0	42.061314	58.825047	0.0	0.0	0.0	232.99059	13.352485	0.0	0.0	149.14417	27.514488	0.0	0.0	360.9207	124.835075	0.0	0.0	177.21814	0.0	14.350913	0.0	0.0	70.53787	0.0	0.0	0.0	0.0	220.65715	269.0032	0.0	176.75789	28.989756	230.6284	0.0	271.9037	357.92236	36.963924	127.264946	0.0	0.0	0.0	62.006607	193.82155	0.0	0.0	37.79139	135.76424	0.0	0.0	0.0
135.14674	0.0	157.54028	0.0	0.0	5.4946656	0.0	0.0	0.0	283.69128	0.0	347.7238	0.0	0.0	19.89115	88.51534	0.0	0.0	0.0	0.0	0.0	0.0	40.256023	0.0	0.0	60.3467	0.0	296.50064	0.0	0.0	0.0	69.92808	80.472046	0.0	215.91252	0.0	67.32598	0.0	0.0	121.94568	137.30922	0.0	290.75363	0.0	0.0	97.345215	160.87666	0.0	0.0	80.80713	0.0	185.0783	0.0	262.45395	0.0	0.0	0.0	251.17613	0.0	0.0	0.0	0.0	0.0	31.318909	0.0	0.0	133.59044	0.0	0.0	0.0	0.0	0.0	81.411125	0.0	218.3969	0.0	0.0	0.0	43.654118	61.044067	0.0	0.0	0.0	240.08446	13.840656	0.0	0.0	153.60243	29.578733	0.0	0.0	371.14194	129.03731	0.0	0.0	182.57726	0.0	14.705104	0.0	0.0	73.25149	0.0	0.0	0.0	0.0	228.8856	276.48782	0.0	182.84584	30.113062	236.88057	0.0	279.9177	369.9879	36.939945	131.34492	0.0	0.0	0.0	63.919003	200.47386	0.0	0.0	39.109924	140.32724	0.0	0.0	0.0
141.49416	0.0	167.03905	0.0	0.0	6.435449	0.0	0.0	0.0	299.20105	0.0	366.32126	0.0	0.0	21.218992	92.39077	0.0	0.0	0.0	0.0	0.0	0.0	43.172848	0.0	0.0	64.32565	0.0	311.48486	0.0	0.0	0.0	74.3085	84.71201	0.0	227.68237	0.0	70.831184	0.0	0.0	127.90963	145.63167	0.0	306.12003	0.0	0.0	102.780365	170.38185	0.0	0.0	83.82642	0.0	195.5586	0.0	276.4619	0.0	0.0	0.0	263.9983	0.0	0.0	0.0	0.0	0.0	32.759068	0.0	0.0	140.36247	0.0	0.0	0.0	0.0	0.0	86.29879	0.0	230.54279	0.0	0.0	0.0	46.877026	64.59687	0.0	0.0	0.0	253.29797	14.990808	0.0	0.0	161.98819	31.880568	0.0	0.0	391.11636	136.1031	0.0	0.0	192.21875	0.0	15.084335	0.0	0.0	77.54511	0.0	0.0	0.0	0.0	241.77168	290.65277	0.0	193.68195	31.408005	249.08968	0.0	294.4166	390.64478	38.591084	139.19241	0.0	0.0	0.0	67.82486	212.04047	0.0	0.0	40.813496	148.25256	0.0	0.0	0.0
136.08826	0.0	159.41388	0.0	0.0	5.7956243	0.0	0.0	0.0	286.37598	0.0	350.89636	0.0	0.0	20.17505	89.150566	0.0	0.0	0.0	0.0	0.0	0.0	40.80512	0.0	0.0	61.18994	0.0	299.17426	0.0	0.0	0.0	70.8356	81.19305	0.0	217.8325	0.0	67.91961	0.0	0.0	123.10183	138.99614	0.0	293.42783	0.0	0.0	98.30999	162.4977	0.0	0.0	81.177315	0.0	187.01479	0.0	264.81796	0.0	0.0	0.0	253.35463	0.0	0.0	0.0	0.0	0.0	31.535837	0.0	0.0	134.90025	0.0	0.0	0.0	0.0	0.0	82.15978	0.0	220.4282	0.0	0.0	0.0	44.412964	61.74289	0.0	0.0	0.0	242.67143	14.09916	0.0	0.0	155.01715	29.975586	0.0	0.0	374.78622	130.13493	0.0	0.0	184.18823	0.0	14.728366	0.0	0.0	74.07432	0.0	0.0	0.0	0.0	231.04271	278.90137	0.0	184.91719	30.14434	238.96825	0.0	282.4836	373.668	37.263577	132.81953	0.0	0.0	0.0	64.66895	202.59155	0.0	0.0	39.202225	141.74202	0.0	0.0	0.0
135.07664	0.0	156.6901	0.0	0.0	4.9871755	0.0	0.0	0.0	281.30643	0.0	345.85275	0.0	0.0	18.814867	88.99651	0.0	0.0	0.0	0.0	0.0	0.0	39.61868	0.0	0.0	59.929672	0.0	295.75284	0.0	0.0	0.0	69.09988	80.08131	0.0	214.24025	0.0	67.05158	0.0	0.0	121.107445	136.76071	0.0	289.41037	0.0	0.0	96.65271	159.09227	0.0	0.0	81.57839	0.0	183.49976	0.0	260.64148	0.0	0.0	0.0	250.26361	0.0	0.0	0.0	0.0	0.0	31.269012	0.0	0.0	133.8591	0.0	0.0	0.0	0.0	0.0	81.00628	0.0	216.57832	0.0	0.0	0.0	43.098347	60.267017	0.0	0.0	0.0	238.88936	13.704083	0.0	0.0	152.8663	28.32286	0.0	0.0	369.6859	127.94718	0.0	0.0	181.67436	0.0	14.777114	0.0	0.0	72.572365	0.0	0.0	0.0	0.0	226.44586	275.22256	0.0	181.2259	29.421022	235.89496	0.0	278.51297	366.83896	37.521587	130.57344	0.0	0.0	0.0	63.65391	198.92259	0.0	0.0	38.766647	139.21574	0.0	0.0	0.0
136.50677	0.0	159.21169	0.0	0.0	5.6816916	0.0	0.0	0.0	286.20755	0.0	351.01773	0.0	0.0	20.131666	89.31519	0.0	0.0	0.0	0.0	0.0	0.0	40.77412	0.0	0.0	60.878857	0.0	299.40976	0.0	0.0	0.0	70.75396	81.06136	0.0	217.96196	0.0	68.105774	0.0	0.0	123.295525	138.96008	0.0	293.42102	0.0	0.0	98.106834	162.55556	0.0	0.0	81.41801	0.0	186.71886	0.0	264.7565	0.0	0.0	0.0	253.7061	0.0	0.0	0.0	0.0	0.0	31.46721	0.0	0.0	135.01776	0.0	0.0	0.0	0.0	0.0	82.13697	0.0	220.38908	0.0	0.0	0.0	43.89745	61.671574	0.0	0.0	0.0	242.5483	14.030374	0.0	0.0	154.68027	30.006134	0.0	0.0	374.5509	130.26817	0.0	0.0	184.31299	0.0	14.743046	0.0	0.0	73.85122	0.0	0.0	0.0	0.0	231.09306	278.93936	0.0	184.66975	30.510765	238.81517	0.0	282.48306	373.63187	37.337505	132.66725	0.0	0.0	0.0	64.49228	202.45317	0.0	0.0	39.480114	141.61215	0.0	0.0	0.0
142.34395	0.0	169.53093	0.0	0.0	7.311291	0.0	0.0	0.0	303.4827	0.0	371.2673	0.0	0.0	22.399137	92.07023	0.0	0.0	0.0	0.0	0.0	0.0	44.020832	0.0	0.0	65.27055	0.0	314.19662	0.0	0.0	0.0	75.44988	85.54676	0.0	231.41353	0.0	71.62507	0.0	0.0	129.4495	147.2663	0.0	309.01547	0.0	0.0	104.44995	174.15617	0.0	0.0	83.351524	0.0	198.48688	0.0	280.13632	0.0	0.0	0.0	267.3217	0.0	0.0	0.0	0.0	0.0	33.144093	0.0	0.0	140.9822	0.0	0.0	0.0	0.0	0.0	87.786476	0.0	234.43123	0.0	0.0	0.0	47.28735	65.29387	0.0	0.0	0.0	256.22116	15.164932	0.0	0.0	162.8913	33.703735	0.0	0.0	395.00772	138.74634	0.0	0.0	194.80774	0.0	15.073443	0.0	0.0	79.576675	0.0	0.0	0.0	0.0	246.78772	293.58224	0.0	196.71564	32.256577	250.70746	0.0	298.08762	396.4941	37.078262	140.68704	0.0	0.0	0.0	68.47306	215.34534	0.0	0.0	41.896297	150.39526	0.0	0.0	0.0
128.36072	0.0	144.45166	0.0	0.0	3.3437355	0.0	0.0	0.0	261.28613	0.0	322.8674	0.0	0.0	16.632833	84.39465	0.0	0.0	0.0	0.0	0.0	0.0	35.156063	0.0	0.0	54.423542	0.0	277.5996	0.0	0.0	0.0	62.70511	75.091644	0.0	199.8834	0.0	63.131393	0.0	0.0	113.71171	126.51258	0.0	269.84476	0.0	0.0	89.27708	147.07965	0.0	0.0	79.07751	0.0	169.44489	0.0	242.79866	0.0	0.0	0.0	235.14203	0.0	0.0	0.0	0.0	0.0	29.246252	0.0	0.0	125.96816	0.0	0.0	0.0	0.0	0.0	74.96372	0.0	201.23836	0.0	0.0	0.0	37.99316	55.404774	0.0	0.0	0.0	222.18239	12.003491	0.0	0.0	142.16858	24.41702	0.0	0.0	344.96274	119.52711	0.0	0.0	169.67369	0.0	14.263817	0.0	0.0	66.77927	0.0	0.0	0.0	0.0	209.81494	257.80838	0.0	167.04582	28.07573	220.55713	0.0	260.41397	340.0883	35.78246	120.94175	0.0	0.0	0.0	58.507687	183.72856	0.0	0.0	36.699337	128.88985	0.0	0.0	0.0
122.65994	0.0	136.58208	0.0	0.0	2.1538067	0.0	0.0	0.0	246.86847	0.0	305.7199	0.0	0.0	14.528964	82.496666	0.0	0.0	0.0	0.0	0.0	0.0	32.761536	0.0	0.0	51.66412	0.0	265.26993	0.0	0.0	0.0	59.308414	71.36921	0.0	187.73376	0.0	60.07202	0.0	0.0	108.0386	120.53228	0.0	257.3232	0.0	0.0	84.19099	137.05476	0.0	0.0	76.79958	0.0	159.88503	0.0	230.0288	0.0	0.0	0.0	222.82854	0.0	0.0	0.0	0.0	0.0	28.345688	0.0	0.0	121.41903	0.0	0.0	0.0	0.0	0.0	70.558075	0.0	189.37352	0.0	0.0	0.0	36.509293	52.472958	0.0	0.0	0.0	211.30823	11.235306	0.0	0.0	136.3424	20.91905	0.0	0.0	328.5073	111.64509	0.0	0.0	160.8006	0.0	13.598029	0.0	0.0	61.538815	0.0	0.0	0.0	0.0	195.61726	245.47832	0.0	157.64247	25.709162	211.18678	0.0	246.99004	321.18042	36.94261	115.24282	0.0	0.0	0.0	55.662693	173.1906	0.0	0.0	34.15116	121.88943	0.0	0.0	0.0
131.85957	0.0	148.7464	0.0	0.0	3.5781078	0.0	0.0	0.0	268.69864	0.0	332.04422	0.0	0.0	17.503561	86.45841	0.0	0.0	0.0	0.0	0.0	0.0	36.33639	0.0	0.0	55.90146	0.0	285.3274	0.0	0.0	0.0	64.80356	76.926476	0.0	205.62141	0.0	64.98733	0.0	0.0	117.21635	130.51659	0.0	277.43088	0.0	0.0	91.6067	151.4234	0.0	0.0	81.009636	0.0	174.40166	0.0	249.8572	0.0	0.0	0.0	241.76347	0.0	0.0	0.0	0.0	0.0	29.990295	0.0	0.0	129.54424	0.0	0.0	0.0	0.0	0.0	76.786835	0.0	207.00957	0.0	0.0	0.0	39.031708	57.087677	0.0	0.0	0.0	228.72528	12.511677	0.0	0.0	145.86908	25.435957	0.0	0.0	354.61343	122.823555	0.0	0.0	174.51881	0.0	14.594928	0.0	0.0	68.573586	0.0	0.0	0.0	0.0	215.93428	264.89542	0.0	171.97755	28.7985	226.64287	0.0	267.74323	350.26038	36.693768	124.253235	0.0	0.0	0.0	60.153137	189.19478	0.0	0.0	37.31061	132.49641	0.0	0.0	0.0
125.32804	0.0	139.60558	0.0	0.0	2.1433327	0.0	0.0	0.0	251.87256	0.0	312.09238	0.0	0.0	14.618985	84.48817	0.0	0.0	0.0	0.0	0.0	0.0	33.467228	0.0	0.0	52.8161	0.0	271.08865	0.0	0.0	0.0	60.659973	72.83849	0.0	191.52979	0.0	61.360397	0.0	0.0	110.42623	123.21576	0.0	262.97275	0.0	0.0	85.93097	139.60638	0.0	0.0	78.58108	0.0	163.20406	0.0	234.78194	0.0	0.0	0.0	227.43011	0.0	0.0	0.0	0.0	0.0	28.852365	0.0	0.0	124.31623	0.0	0.0	0.0	0.0	0.0	71.91035	0.0	193.08026	0.0	0.0	0.0	37.439846	53.688126	0.0	0.0	0.0	215.90474	11.382924	0.0	0.0	139.35356	21.200422	0.0	0.0	335.79428	113.686	0.0	0.0	164.12376	0.0	13.998723	0.0	0.0	62.758427	0.0	0.0	0.0	0.0	199.23854	250.71596	0.0	160.71861	26.134087	215.83325	0.0	252.23389	327.95825	38.17714	117.800354	0.0	0.0	0.0	56.967808	176.85738	0.0	0.0	34.5331	124.30664	0.0	0.0	0.0
127.91229	0.0	142.44487	0.0	0.0	2.6499026	0.0	0.0	0.0	256.99344	0.0	318.58597	0.0	0.0	15.337808	85.69698	0.0	0.0	0.0	0.0	0.0	0.0	34.263073	0.0	0.0	53.73969	0.0	276.14706	0.0	0.0	0.0	61.827423	74.19463	0.0	196.03865	0.0	62.978558	0.0	0.0	113.04831	125.7389	0.0	267.89194	0.0	0.0	87.320496	143.12831	0.0	0.0	79.690025	0.0	166.24667	0.0	239.68471	0.0	0.0	0.0	232.30522	0.0	0.0	0.0	0.0	0.0	29.324728	0.0	0.0	126.59887	0.0	0.0	0.0	0.0	0.0	73.35928	0.0	197.60762	0.0	0.0	0.0	37.504498	54.87073	0.0	0.0	0.0	220.33488	11.448029	0.0	0.0	141.65926	22.026278	0.0	0.0	341.85733	116.467995	0.0	0.0	167.4878	0.0	14.346126	0.0	0.0	64.18041	0.0	0.0	0.0	0.0	204.21333	255.52881	0.0	164.1897	27.030584	219.52113	0.0	257.16287	335.18726	38.330227	120.203026	0.0	0.0	0.0	57.77979	180.549	0.0	0.0	35.76611	126.79266	0.0	0.0	0.0
119.51547	0.0	132.8268	0.0	0.0	1.7702588	0.0	0.0	0.0	239.96606	0.0	297.32532	0.0	0.0	13.813981	80.83874	0.0	0.0	0.0	0.0	0.0	0.0	31.815817	0.0	0.0	50.321075	0.0	258.46915	0.0	0.0	0.0	57.623974	69.609	0.0	182.35936	0.0	58.43982	0.0	0.0	105.07571	117.23724	0.0	250.61226	0.0	0.0	81.83602	132.83093	0.0	0.0	75.120155	0.0	155.40044	0.0	223.6073	0.0	0.0	0.0	216.78175	0.0	0.0	0.0	0.0	0.0	27.519455	0.0	0.0	118.51248	0.0	0.0	0.0	0.0	0.0	68.563576	0.0	183.83057	0.0	0.0	0.0	35.661243	51.052776	0.0	0.0	0.0	205.6195	10.831914	0.0	0.0	133.10107	19.835922	0.0	0.0	319.98056	108.3128	0.0	0.0	156.3583	0.0	13.346275	0.0	0.0	59.5941	0.0	0.0	0.0	0.0	189.55957	239.00801	0.0	153.17296	24.814949	205.86195	0.0	240.29472	312.11447	36.69954	112.266914	0.0	0.0	0.0	54.271606	168.32167	0.0	0.0	33.056377	118.460365	0.0	0.0	0.0
119.704796	0.0	132.8867	0.0	0.0	1.5566679	0.0	0.0	0.0	239.69865	0.0	297.30527	0.0	0.0	13.355145	81.33834	0.0	0.0	0.0	0.0	0.0	0.0	31.59569	0.0	0.0	50.341084	0.0	258.87558	0.0	0.0	0.0	57.58907	69.61481	0.0	182.07625	0.0	58.386707	0.0	0.0	105.07145	117.34677	0.0	250.93767	0.0	0.0	81.81356	132.36375	0.0	0.0	75.65147	0.0	155.16588	0.0	223.50775	0.0	0.0	0.0	216.75342	0.0	0.0	0.0	0.0	0.0	27.668425	0.0	0.0	119.004395	0.0	0.0	0.0	0.0	0.0	68.47846	0.0	183.50694	0.0	0.0	0.0	35.804485	50.912655	0.0	0.0	0.0	205.76042	10.790174	0.0	0.0	133.30139	19.408371	0.0	0.0	320.3738	107.99766	0.0	0.0	156.42502	0.0	13.3305855	0.0	0.0	59.424458	0.0	0.0	0.0	0.0	188.83873	239.26648	0.0	152.89503	24.618036	206.2699	0.0	240.50146	311.78513	37.108494	112.342125	0.0	0.0	0.0	54.368595	168.02728	0.0	0.0	32.838245	118.31531	0.0	0.0	0.0
120.14146	0.0	133.20503	0.0	0.0	1.5805882	0.0	0.0	0.0	240.27058	0.0	298.13974	0.0	0.0	13.366398	81.82224	0.0	0.0	0.0	0.0	0.0	0.0	31.593185	0.0	0.0	50.545475	0.0	259.90176	0.0	0.0	0.0	57.689514	69.87422	0.0	182.48097	0.0	58.6956	0.0	0.0	105.58311	117.79954	0.0	251.91212	0.0	0.0	81.95764	132.52321	0.0	0.0	75.90159	0.0	155.40599	0.0	224.27203	0.0	0.0	0.0	217.36674	0.0	0.0	0.0	0.0	0.0	27.864134	0.0	0.0	119.59458	0.0	0.0	0.0	0.0	0.0	68.630646	0.0	184.10754	0.0	0.0	0.0	35.984768	51.07815	0.0	0.0	0.0	206.5425	10.618154	0.0	0.0	133.83441	19.300371	0.0	0.0	321.36655	108.13288	0.0	0.0	156.88347	0.0	13.4734125	0.0	0.0	59.35782	0.0	0.0	0.0	0.0	189.20253	240.09637	0.0	153.3275	24.63904	206.9757	0.0	241.09187	312.7659	37.694397	112.70107	0.0	0.0	0.0	54.432606	168.42662	0.0	0.0	32.97288	118.545525	0.0	0.0	0.0
123.61593	0.0	137.21623	0.0	0.0	1.5840769	0.0	0.0	0.0	247.68501	0.0	306.86557	0.0	0.0	13.85982	84.53046	0.0	0.0	0.0	0.0	0.0	0.0	32.728405	0.0	0.0	52.239655	0.0	267.6926	0.0	0.0	0.0	59.653652	72.01425	0.0	187.56372	0.0	60.44286	0.0	0.0	108.871666	121.46992	0.0	259.7291	0.0	0.0	84.31885	136.11229	0.0	0.0	77.95498	0.0	160.20454	0.0	230.94319	0.0	0.0	0.0	223.39793	0.0	0.0	0.0	0.0	0.0	28.695017	0.0	0.0	123.22171	0.0	0.0	0.0	0.0	0.0	70.44789	0.0	189.3809	0.0	0.0	0.0	37.382145	52.853313	0.0	0.0	0.0	212.86919	10.979169	0.0	0.0	138.41815	19.641222	0.0	0.0	331.09613	110.96482	0.0	0.0	161.3297	0.0	13.877388	0.0	0.0	60.70712	0.0	0.0	0.0	0.0	194.33977	247.44527	0.0	158.00252	25.358955	213.6758	0.0	248.17244	322.3319	39.428013	116.4701	0.0	0.0	0.0	56.20135	173.43977	0.0	0.0	33.716938	122.2264	0.0	0.0	0.0
122.43414	0.0	136.19731	0.0	0.0	1.801247	0.0	0.0	0.0	245.67896	0.0	304.61642	0.0	0.0	14.0333605	82.95156	0.0	0.0	0.0	0.0	0.0	0.0	32.475094	0.0	0.0	51.538677	0.0	264.975	0.0	0.0	0.0	59.068134	71.20139	0.0	186.72319	0.0	59.866932	0.0	0.0	107.84193	120.27084	0.0	256.94055	0.0	0.0	83.790215	135.92169	0.0	0.0	77.02099	0.0	159.09908	0.0	229.06093	0.0	0.0	0.0	221.9295	0.0	0.0	0.0	0.0	0.0	28.278135	0.0	0.0	121.62775	0.0	0.0	0.0	0.0	0.0	70.08305	0.0	188.15344	0.0	0.0	0.0	36.704212	52.32071	0.0	0.0	0.0	210.75708	11.028137	0.0	0.0	136.30809	20.263176	0.0	0.0	327.92358	110.75598	0.0	0.0	160.197	0.0	13.689243	0.0	0.0	60.937527	0.0	0.0	0.0	0.0	193.83131	245.00539	0.0	156.8416	25.386963	211.03607	0.0	246.2458	319.77573	37.780895	115.06995	0.0	0.0	0.0	55.644505	172.31653	0.0	0.0	33.641117	121.23899	0.0	0.0	0.0
128.78224	0.0	145.48712	0.0	0.0	3.5062268	0.0	0.0	0.0	262.6808	0.0	324.32407	0.0	0.0	16.837759	84.96894	0.0	0.0	0.0	0.0	0.0	0.0	35.712177	0.0	0.0	54.954086	0.0	279.2119	0.0	0.0	0.0	63.49416	75.227905	0.0	200.70992	0.0	63.540348	0.0	0.0	114.58847	127.751854	0.0	271.70047	0.0	0.0	89.83144	147.6371	0.0	0.0	79.041084	0.0	170.56305	0.0	244.15465	0.0	0.0	0.0	235.96318	0.0	0.0	0.0	0.0	0.0	29.300398	0.0	0.0	126.71631	0.0	0.0	0.0	0.0	0.0	75.02726	0.0	202.31897	0.0	0.0	0.0	38.610992	55.98581	0.0	0.0	0.0	223.66449	12.212173	0.0	0.0	143.11508	24.79618	0.0	0.0	347.00952	119.63395	0.0	0.0	170.51302	0.0	14.189	0.0	0.0	66.71421	0.0	0.0	0.0	0.0	210.59178	258.9946	0.0	168.2293	28.063269	222.03748	0.0	261.56448	342.4125	36.526134	121.79712	0.0	0.0	0.0	58.984344	185.04411	0.0	0.0	36.493305	129.66689	0.0	0.0	0.0
122.514305	0.0	137.01662	0.0	0.0	2.2878435	0.0	0.0	0.0	247.42015	0.0	306.2965	0.0	0.0	14.837815	82.16303	0.0	0.0	0.0	0.0	0.0	0.0	32.924435	0.0	0.0	51.755108	0.0	265.30453	0.0	0.0	0.0	59.43471	71.44474	0.0	188.46088	0.0	60.036457	0.0	0.0	108.379875	120.79476	0.0	257.65433	0.0	0.0	84.31727	137.60976	0.0	0.0	76.491486	0.0	160.35924	0.0	230.594	0.0	0.0	0.0	223.08092	0.0	0.0	0.0	0.0	0.0	28.175894	0.0	0.0	121.361176	0.0	0.0	0.0	0.0	0.0	70.64411	0.0	189.89433	0.0	0.0	0.0	36.75131	52.71265	0.0	0.0	0.0	211.67973	11.228076	0.0	0.0	136.33102	21.412857	0.0	0.0	328.86935	112.05428	0.0	0.0	161.04163	0.0	13.706109	0.0	0.0	62.022724	0.0	0.0	0.0	0.0	196.44402	245.79688	0.0	158.15865	25.912918	211.20996	0.0	247.47844	322.21973	36.49542	115.32023	0.0	0.0	0.0	55.793167	173.70128	0.0	0.0	34.0346	122.04769	0.0	0.0	0.0
120.76754	0.0	134.5706	0.0	0.0	1.9440489	0.0	0.0	0.0	242.85722	0.0	300.83365	0.0	0.0	14.068874	81.674614	0.0	0.0	0.0	0.0	0.0	0.0	32.348576	0.0	0.0	51.061718	0.0	261.38272	0.0	0.0	0.0	58.479523	70.46694	0.0	184.54182	0.0	59.109936	0.0	0.0	106.46057	118.771614	0.0	253.67256	0.0	0.0	82.78357	134.44887	0.0	0.0	75.75326	0.0	157.2591	0.0	226.35844	0.0	0.0	0.0	219.1126	0.0	0.0	0.0	0.0	0.0	27.870066	0.0	0.0	119.92767	0.0	0.0	0.0	0.0	0.0	69.296165	0.0	186.156	0.0	0.0	0.0	36.27444	51.789127	0.0	0.0	0.0	208.24396	10.9239645	0.0	0.0	134.68361	20.360714	0.0	0.0	323.78955	109.53196	0.0	0.0	158.16634	0.0	13.528614	0.0	0.0	60.394867	0.0	0.0	0.0	0.0	192.02959	241.85974	0.0	155.13478	25.162626	208.34364	0.0	243.15985	316.13135	37.12262	113.62774	0.0	0.0	0.0	54.96992	170.37657	0.0	0.0	33.33942	119.87626	0.0	0.0	0.0
133.91338	0.0	152.27661	0.0	0.0	4.3432765	0.0	0.0	0.0	275.14185	0.0	339.09122	0.0	0.0	18.868437	86.720634	0.0	0.0	0.0	0.0	0.0	0.0	37.549557	0.0	0.0	56.803238	0.0	290.10458	0.0	0.0	0.0	66.45457	78.10046	0.0	210.84233	0.0	66.197975	0.0	0.0	119.81068	133.24919	0.0	282.6495	0.0	0.0	93.759674	155.90436	0.0	0.0	81.38816	0.0	178.92241	0.0	255.40271	0.0	0.0	0.0	246.58679	0.0	0.0	0.0	0.0	0.0	30.231672	0.0	0.0	131.01593	0.0	0.0	0.0	0.0	0.0	78.43365	0.0	211.89392	0.0	0.0	0.0	39.934784	58.69055	0.0	0.0	0.0	233.26591	13.137741	0.0	0.0	148.09401	27.500175	0.0	0.0	361.11105	126.22293	0.0	0.0	178.11829	0.0	14.550331	0.0	0.0	70.7335	0.0	0.0	0.0	0.0	222.0716	269.86002	0.0	176.34578	29.98633	230.39864	0.0	273.25876	358.7202	35.656742	126.50129	0.0	0.0	0.0	61.55811	193.87779	0.0	0.0	38.137157	135.64009	0.0	0.0	0.0
122.599205	0.0	136.6612	0.0	0.0	2.022535	0.0	0.0	0.0	246.55719	0.0	305.42673	0.0	0.0	14.467114	82.85682	0.0	0.0	0.0	0.0	0.0	0.0	32.68552	0.0	0.0	51.654125	0.0	265.37573	0.0	0.0	0.0	59.354187	71.28538	0.0	187.39429	0.0	60.03371	0.0	0.0	108.223785	120.75764	0.0	257.50473	0.0	0.0	83.942535	136.49365	0.0	0.0	76.96722	0.0	159.74492	0.0	229.84857	0.0	0.0	0.0	222.53825	0.0	0.0	0.0	0.0	0.0	28.350428	0.0	0.0	121.80817	0.0	0.0	0.0	0.0	0.0	70.2086	0.0	188.7622	0.0	0.0	0.0	36.83444	52.590656	0.0	0.0	0.0	211.4268	11.207726	0.0	0.0	136.45207	20.631884	0.0	0.0	328.6821	111.146355	0.0	0.0	160.58632	0.0	13.615666	0.0	0.0	61.192505	0.0	0.0	0.0	0.0	194.66927	245.5306	0.0	157.48174	25.571915	211.48164	0.0	246.95775	321.00894	37.539845	115.43964	0.0	0.0	0.0	55.72777	172.98029	0.0	0.0	33.619965	121.64745	0.0	0.0	0.0
121.99137	0.0	135.81952	0.0	0.0	2.2080252	0.0	0.0	0.0	245.27661	0.0	304.0881	0.0	0.0	14.322403	81.99175	0.0	0.0	0.0	0.0	0.0	0.0	32.536083	0.0	0.0	51.365173	0.0	263.77557	0.0	0.0	0.0	58.85545	71.015434	0.0	186.92921	0.0	59.847607	0.0	0.0	107.47358	119.77421	0.0	255.75098	0.0	0.0	83.624115	136.31187	0.0	0.0	76.36581	0.0	158.70497	0.0	228.63258	0.0	0.0	0.0	221.66609	0.0	0.0	0.0	0.0	0.0	28.128336	0.0	0.0	120.80241	0.0	0.0	0.0	0.0	0.0	70.15863	0.0	188.34302	0.0	0.0	0.0	36.070072	52.152447	0.0	0.0	0.0	210.04285	10.958707	0.0	0.0	135.49373	20.868704	0.0	0.0	326.5254	111.10636	0.0	0.0	159.8954	0.0	13.628731	0.0	0.0	61.324657	0.0	0.0	0.0	0.0	194.57317	244.06026	0.0	156.59888	25.676193	209.79529	0.0	245.53876	319.36703	36.711258	114.62582	0.0	0.0	0.0	55.30116	172.1128	0.0	0.0	34.10443	121.058205	0.0	0.0	0.0
122.46671	0.0	136.45006	0.0	0.0	2.2177527	0.0	0.0	0.0	246.33997	0.0	305.46408	0.0	0.0	14.517132	81.98603	0.0	0.0	0.0	0.0	0.0	0.0	32.619457	0.0	0.0	51.499737	0.0	264.6394	0.0	0.0	0.0	59.09389	71.21307	0.0	187.92426	0.0	60.002544	0.0	0.0	107.83355	120.18079	0.0	256.5582	0.0	0.0	84.01403	137.22859	0.0	0.0	76.72213	0.0	159.47389	0.0	229.59554	0.0	0.0	0.0	222.79765	0.0	0.0	0.0	0.0	0.0	28.095919	0.0	0.0	121.17337	0.0	0.0	0.0	0.0	0.0	70.552666	0.0	189.26253	0.0	0.0	0.0	36.172832	52.239765	0.0	0.0	0.0	210.79279	11.115312	0.0	0.0	135.63199	21.201586	0.0	0.0	327.8574	111.889656	0.0	0.0	160.68889	0.0	13.728889	0.0	0.0	61.944103	0.0	0.0	0.0	0.0	195.84917	244.91125	0.0	157.28857	25.74485	210.3621	0.0	246.74036	320.7037	36.33019	114.86819	0.0	0.0	0.0	55.507996	172.97728	0.0	0.0	34.181087	121.51249	0.0	0.0	0.0
119.80755	0.0	133.28787	0.0	0.0	1.815636	0.0	0.0	0.0	240.70752	0.0	298.0758	0.0	0.0	13.941147	81.0939	0.0	0.0	0.0	0.0	0.0	0.0	31.875353	0.0	0.0	50.480015	0.0	259.1725	0.0	0.0	0.0	57.990032	69.766685	0.0	182.61232	0.0	58.553757	0.0	0.0	105.52759	117.715965	0.0	251.40733	0.0	0.0	81.87261	132.99474	0.0	0.0	75.20843	0.0	155.91876	0.0	224.39478	0.0	0.0	0.0	217.1827	0.0	0.0	0.0	0.0	0.0	27.69174	0.0	0.0	119.0261	0.0	0.0	0.0	0.0	0.0	68.6498	0.0	184.16022	0.0	0.0	0.0	35.973244	51.413494	0.0	0.0	0.0	206.44267	10.910571	0.0	0.0	133.59541	19.732029	0.0	0.0	320.9973	108.40275	0.0	0.0	156.5801	0.0	13.377186	0.0	0.0	59.60991	0.0	0.0	0.0	0.0	189.83305	239.8527	0.0	153.65709	24.919641	206.57996	0.0	241.03554	313.17792	36.838154	112.75324	0.0	0.0	0.0	54.47102	168.67108	0.0	0.0	32.914814	118.81897	0.0	0.0	0.0
121.94529	0.0	135.92549	0.0	0.0	2.3032227	0.0	0.0	0.0	245.55531	0.0	304.1046	0.0	0.0	14.629918	81.78695	0.0	0.0	0.0	0.0	0.0	0.0	32.648827	0.0	0.0	51.359467	0.0	263.64105	0.0	0.0	0.0	59.033184	71.023994	0.0	187.04012	0.0	59.715076	0.0	0.0	107.547874	119.84356	0.0	255.7812	0.0	0.0	83.63066	136.58356	0.0	0.0	76.20572	0.0	158.9753	0.0	228.78255	0.0	0.0	0.0	221.7722	0.0	0.0	0.0	0.0	0.0	27.983389	0.0	0.0	120.73928	0.0	0.0	0.0	0.0	0.0	70.22108	0.0	188.4416	0.0	0.0	0.0	36.24478	52.272003	0.0	0.0	0.0	210.18654	11.07214	0.0	0.0	135.40656	21.07987	0.0	0.0	326.6822	111.2677	0.0	0.0	159.91858	0.0	13.557639	0.0	0.0	61.47514	0.0	0.0	0.0	0.0	194.95876	244.05452	0.0	156.85356	25.74214	209.7686	0.0	245.73608	319.70767	36.481663	114.5989	0.0	0.0	0.0	55.36883	172.35594	0.0	0.0	33.942142	121.14854	0.0	0.0	0.0
143.75468	0.0	164.68274	0.0	0.0	6.256906	0.0	0.0	0.0	297.39755	0.0	366.3063	0.0	0.0	21.662811	90.97775	0.0	0.0	0.0	0.0	0.0	0.0	41.12955	0.0	0.0	61.128887	0.0	310.85632	0.0	0.0	0.0	71.98217	83.78772	0.0	229.67406	0.0	71.58079	0.0	0.0	129.24733	143.5498	0.0	303.16797	0.0	0.0	101.21652	171.20349	0.0	0.0	85.81824	0.0	193.34312	0.0	275.67715	0.0	0.0	0.0	266.78455	0.0	0.0	0.0	0.0	0.0	31.934679	0.0	0.0	139.69868	0.0	0.0	0.0	0.0	0.0	85.28382	0.0	230.62373	0.0	0.0	0.0	41.830997	63.371094	0.0	0.0	0.0	251.36885	14.165624	0.0	0.0	157.59364	31.966742	0.0	0.0	387.56778	138.13075	0.0	0.0	192.47719	0.0	15.573871	0.0	0.0	78.09611	0.0	0.0	0.0	0.0	243.67989	289.80505	0.0	191.3785	33.394028	245.7994	0.0	294.6614	388.7109	34.947144	135.99677	0.0	0.0	0.0	65.814064	210.1288	0.0	0.0	42.284184	146.65016	0.0	0.0	0.0
125.70492	0.0	140.453	0.0	0.0	2.988058	0.0	0.0	0.0	253.45496	0.0	314.3038	0.0	0.0	15.585284	83.148415	0.0	0.0	0.0	0.0	0.0	0.0	33.688026	0.0	0.0	52.58237	0.0	271.10577	0.0	0.0	0.0	60.618664	72.92932	0.0	194.1654	0.0	61.864246	0.0	0.0	110.95989	123.48252	0.0	262.8983	0.0	0.0	86.41659	142.4985	0.0	0.0	78.10128	0.0	164.06789	0.0	236.10335	0.0	0.0	0.0	229.48991	0.0	0.0	0.0	0.0	0.0	28.630789	0.0	0.0	123.78916	0.0	0.0	0.0	0.0	0.0	72.790405	0.0	195.3103	0.0	0.0	0.0	36.38835	53.72125	0.0	0.0	0.0	216.54808	11.451306	0.0	0.0	138.16832	22.776182	0.0	0.0	335.8785	115.99935	0.0	0.0	165.3032	0.0	13.938004	0.0	0.0	64.39766	0.0	0.0	0.0	0.0	203.09349	251.18085	0.0	162.11668	27.084429	214.85738	0.0	253.5717	330.31406	35.519314	117.70634	0.0	0.0	0.0	56.762585	178.19527	0.0	0.0	35.64687	124.96393	0.0	0.0	0.0
138.48488	0.0	157.63454	0.0	0.0	5.172299	0.0	0.0	0.0	284.47794	0.0	350.82053	0.0	0.0	19.903479	88.96421	0.0	0.0	0.0	0.0	0.0	0.0	39.014835	0.0	0.0	58.58729	0.0	299.38226	0.0	0.0	0.0	68.87702	80.53901	0.0	218.73656	0.0	68.75808	0.0	0.0	124.16064	137.8962	0.0	291.7122	0.0	0.0	96.72091	162.00615	0.0	0.0	83.74215	0.0	184.86853	0.0	264.16873	0.0	0.0	0.0	255.37634	0.0	0.0	0.0	0.0	0.0	31.028692	0.0	0.0	135.35365	0.0	0.0	0.0	0.0	0.0	81.16154	0.0	219.78949	0.0	0.0	0.0	40.679123	60.914623	0.0	0.0	0.0	241.32152	13.49862	0.0	0.0	152.30663	29.025446	0.0	0.0	372.79822	131.01944	0.0	0.0	184.28534	0.0	15.127144	0.0	0.0	73.64773	0.0	0.0	0.0	0.0	230.8449	278.5918	0.0	182.56415	31.374434	237.37111	0.0	282.57114	371.61996	35.825047	130.77678	0.0	0.0	0.0	63.29156	200.70856	0.0	0.0	39.734776	140.25746	0.0	0.0	0.0
126.262146	0.0	141.0646	0.0	0.0	2.9356244	0.0	0.0	0.0	255.01178	0.0	315.52637	0.0	0.0	15.704576	83.83484	0.0	0.0	0.0	0.0	0.0	0.0	33.974873	0.0	0.0	53.070755	0.0	272.60095	0.0	0.0	0.0	61.290638	73.40826	0.0	194.60295	0.0	62.21316	0.0	0.0	111.71472	124.17886	0.0	264.5444	0.0	0.0	86.7604	142.61696	0.0	0.0	78.37831	0.0	165.00755	0.0	237.35738	0.0	0.0	0.0	230.16791	0.0	0.0	0.0	0.0	0.0	28.840052	0.0	0.0	124.47861	0.0	0.0	0.0	0.0	0.0	72.84109	0.0	196.10356	0.0	0.0	0.0	37.088295	54.30815	0.0	0.0	0.0	217.81401	11.526348	0.0	0.0	139.60963	22.647192	0.0	0.0	337.89114	116.07198	0.0	0.0	165.89203	0.0	13.999888	0.0	0.0	64.20576	0.0	0.0	0.0	0.0	203.42908	252.62187	0.0	162.98051	27.13012	216.67058	0.0	254.64177	332.08896	36.60409	118.65976	0.0	0.0	0.0	57.158447	179.00099	0.0	0.0	35.612667	125.79647	0.0	0.0	0.0
124.18354	0.0	139.45374	0.0	0.0	2.9091952	0.0	0.0	0.0	252.02556	0.0	311.71793	0.0	0.0	15.764445	82.28451	0.0	0.0	0.0	0.0	0.0	0.0	33.672836	0.0	0.0	52.478466	0.0	268.84317	0.0	0.0	0.0	60.555008	72.50182	0.0	192.48589	0.0	61.09316	0.0	0.0	110.05337	122.500755	0.0	261.12222	0.0	0.0	85.97424	141.15413	0.0	0.0	77.0505	0.0	163.3155	0.0	234.47346	0.0	0.0	0.0	227.14026	0.0	0.0	0.0	0.0	0.0	28.391687	0.0	0.0	122.42047	0.0	0.0	0.0	0.0	0.0	72.08865	0.0	193.77966	0.0	0.0	0.0	36.919918	53.55044	0.0	0.0	0.0	214.78557	11.525006	0.0	0.0	137.71571	22.902023	0.0	0.0	333.7348	114.84952	0.0	0.0	163.85156	0.0	13.760989	0.0	0.0	63.897354	0.0	0.0	0.0	0.0	201.35579	249.276	0.0	161.0681	26.768137	213.76622	0.0	251.59741	328.04736	35.598362	116.95028	0.0	0.0	0.0	56.570038	177.06612	0.0	0.0	35.062923	124.33492	0.0	0.0	0.0
133.22307	0.0	151.16899	0.0	0.0	4.163074	0.0	0.0	0.0	273.0889	0.0	337.02707	0.0	0.0	18.16948	87.17811	0.0	0.0	0.0	0.0	0.0	0.0	37.304455	0.0	0.0	57.106155	0.0	289.05777	0.0	0.0	0.0	66.01086	78.01531	0.0	209.23842	0.0	65.82069	0.0	0.0	118.79873	132.45844	0.0	281.50595	0.0	0.0	93.342415	154.46758	0.0	0.0	81.25024	0.0	177.38664	0.0	253.69482	0.0	0.0	0.0	245.04553	0.0	0.0	0.0	0.0	0.0	30.395517	0.0	0.0	130.85974	0.0	0.0	0.0	0.0	0.0	78.26036	0.0	210.79578	0.0	0.0	0.0	39.929752	58.074726	0.0	0.0	0.0	232.05727	12.721574	0.0	0.0	147.84245	26.736135	0.0	0.0	359.5784	124.992775	0.0	0.0	177.2217	0.0	14.6483	0.0	0.0	70.11051	0.0	0.0	0.0	0.0	220.24681	268.46793	0.0	175.07176	29.512426	229.57434	0.0	271.65344	356.20547	36.507275	126.21075	0.0	0.0	0.0	61.095364	192.55681	0.0	0.0	38.29864	134.68376	0.0	0.0	0.0
145.85504	0.0	178.35509	0.0	0.0	9.648646	0.0	0.0	0.0	317.7832	0.0	382.83765	0.0	0.0	23.560911	95.11698	0.0	0.0	0.0	0.0	0.0	0.0	47.89087	0.0	0.0	73.80129	0.0	322.8556	0.0	0.0	0.0	80.37733	89.05444	0.0	237.88628	0.0	74.80707	0.0	0.0	131.6391	156.23991	0.0	322.9462	0.0	0.0	109.92367	180.64644	0.0	0.0	83.025894	0.0	207.97646	0.0	290.8695	0.0	0.0	0.0	271.09967	0.0	0.0	0.0	0.0	0.0	34.473118	0.0	0.0	146.3607	0.0	0.0	0.0	0.0	0.0	94.7564	0.0	244.6685	0.0	0.0	0.0	55.28599	68.28672	0.0	0.0	0.0	268.0367	16.828783	0.0	0.0	174.25792	35.162445	0.0	0.0	413.77255	141.81238	0.0	0.0	201.14912	0.0	15.931348	0.0	0.0	82.89315	0.0	0.0	0.0	0.0	256.15982	304.5745	0.0	206.77443	31.158087	264.10043	0.0	306.7091	413.65173	43.591152	152.14575	0.0	0.0	0.0	72.71147	225.92737	0.0	0.0	40.677006	157.56244	0.0	0.0	0.0
130.41249	0.0	151.68097	0.0	0.0	4.490917	0.0	0.0	0.0	272.82922	0.0	334.40005	0.0	0.0	18.41458	86.95466	0.0	0.0	0.0	0.0	0.0	0.0	38.695736	0.0	0.0	58.755474	0.0	286.70465	0.0	0.0	0.0	67.35056	78.04785	0.0	206.62074	0.0	64.72797	0.0	0.0	117.33033	132.73676	0.0	281.29602	0.0	0.0	93.65872	153.2998	0.0	0.0	78.63665	0.0	177.88304	0.0	252.44908	0.0	0.0	0.0	241.26744	0.0	0.0	0.0	0.0	0.0	30.367273	0.0	0.0	129.78741	0.0	0.0	0.0	0.0	0.0	78.160164	0.0	209.40698	0.0	0.0	0.0	43.19427	58.87679	0.0	0.0	0.0	231.64085	13.354384	0.0	0.0	149.66402	27.168625	0.0	0.0	358.9609	122.96967	0.0	0.0	175.6184	0.0	14.086709	0.0	0.0	69.39693	0.0	0.0	0.0	0.0	218.12584	266.95547	0.0	175.94762	28.248123	230.00087	0.0	269.42578	355.51074	38.326004	127.43784	0.0	0.0	0.0	61.99902	192.63124	0.0	0.0	37.009686	135.04228	0.0	0.0	0.0
128.70816	0.0	148.79039	0.0	0.0	4.1473975	0.0	0.0	0.0	267.84283	0.0	328.7772	0.0	0.0	17.868597	85.4551	0.0	0.0	0.0	0.0	0.0	0.0	37.482456	0.0	0.0	57.173206	0.0	282.2225	0.0	0.0	0.0	65.861015	76.56095	0.0	203.10591	0.0	63.786938	0.0	0.0	115.716125	130.21521	0.0	276.1299	0.0	0.0	91.799355	150.3551	0.0	0.0	78.08758	0.0	174.58495	0.0	248.1121	0.0	0.0	0.0	237.71486	0.0	0.0	0.0	0.0	0.0	29.96816	0.0	0.0	127.86902	0.0	0.0	0.0	0.0	0.0	76.63602	0.0	205.66728	0.0	0.0	0.0	41.743378	57.544453	0.0	0.0	0.0	227.56248	13.004304	0.0	0.0	146.33546	26.27773	0.0	0.0	352.55368	120.99363	0.0	0.0	172.68604	0.0	14.151791	0.0	0.0	68.34417	0.0	0.0	0.0	0.0	214.22176	262.6981	0.0	172.23415	27.765749	225.60698	0.0	265.02252	348.93713	37.239357	124.53295	0.0	0.0	0.0	60.7151	189.02771	0.0	0.0	36.42247	132.24911	0.0	0.0	0.0
129.37215	0.0	149.72096	0.0	0.0	4.366238	0.0	0.0	0.0	269.61182	0.0	330.87332	0.0	0.0	18.239782	85.79529	0.0	0.0	0.0	0.0	0.0	0.0	37.88769	0.0	0.0	57.4698	0.0	283.7344	0.0	0.0	0.0	66.16386	77.01923	0.0	204.67662	0.0	64.21061	0.0	0.0	116.20642	131.06056	0.0	277.7341	0.0	0.0	92.518166	151.72408	0.0	0.0	78.37667	0.0	175.68452	0.0	249.6756	0.0	0.0	0.0	239.25208	0.0	0.0	0.0	0.0	0.0	30.090332	0.0	0.0	128.34102	0.0	0.0	0.0	0.0	0.0	77.342415	0.0	207.12523	0.0	0.0	0.0	41.854584	57.89197	0.0	0.0	0.0	228.89934	13.076215	0.0	0.0	147.2268	26.727495	0.0	0.0	354.462	122.06818	0.0	0.0	173.84285	0.0	14.054543	0.0	0.0	68.741936	0.0	0.0	0.0	0.0	216.01257	264.11514	0.0	173.4768	28.098993	226.84456	0.0	266.61478	351.21396	37.19491	125.2666	0.0	0.0	0.0	60.98999	190.26007	0.0	0.0	36.84847	133.29726	0.0	0.0	0.0
123.64148	0.0	140.94539	0.0	0.0	2.9335778	0.0	0.0	0.0	253.93523	0.0	312.75455	0.0	0.0	15.900147	83.384705	0.0	0.0	0.0	0.0	0.0	0.0	34.868866	0.0	0.0	54.24178	0.0	270.28708	0.0	0.0	0.0	61.93593	73.32407	0.0	192.4242	0.0	60.862904	0.0	0.0	110.28915	123.78184	0.0	263.81503	0.0	0.0	87.06353	141.26607	0.0	0.0	76.264	0.0	165.12453	0.0	235.8037	0.0	0.0	0.0	226.58723	0.0	0.0	0.0	0.0	0.0	28.772224	0.0	0.0	123.09084	0.0	0.0	0.0	0.0	0.0	72.55444	0.0	194.58092	0.0	0.0	0.0	39.53271	54.39903	0.0	0.0	0.0	216.6573	11.884154	0.0	0.0	140.33559	23.111177	0.0	0.0	336.7133	114.16314	0.0	0.0	164.33736	0.0	13.716962	0.0	0.0	63.83151	0.0	0.0	0.0	0.0	201.42586	250.83752	0.0	162.74364	26.059801	216.28157	0.0	252.55318	330.56894	37.703686	118.6662	0.0	0.0	0.0	57.75172	178.85164	0.0	0.0	34.422268	125.34149	0.0	0.0	0.0
126.73242	0.0	144.91637	0.0	0.0	3.363454	0.0	0.0	0.0	260.9087	0.0	321.03983	0.0	0.0	16.515036	85.02352	0.0	0.0	0.0	0.0	0.0	0.0	36.243008	0.0	0.0	55.760677	0.0	276.96628	0.0	0.0	0.0	63.851505	74.99198	0.0	197.75511	0.0	62.4783	0.0	0.0	113.12845	127.2283	0.0	270.4928	0.0	0.0	89.50631	145.57976	0.0	0.0	77.67838	0.0	169.88881	0.0	242.18958	0.0	0.0	0.0	232.537	0.0	0.0	0.0	0.0	0.0	29.410818	0.0	0.0	126.00757	0.0	0.0	0.0	0.0	0.0	74.628685	0.0	200.1054	0.0	0.0	0.0	40.548054	56.10146	0.0	0.0	0.0	222.38103	12.4760475	0.0	0.0	143.77724	24.267036	0.0	0.0	345.34122	117.47708	0.0	0.0	168.68425	0.0	14.065254	0.0	0.0	65.84725	0.0	0.0	0.0	0.0	207.55028	257.12048	0.0	167.51039	26.801727	221.5594	0.0	259.05875	339.82565	38.062977	121.871315	0.0	0.0	0.0	59.271454	184.05592	0.0	0.0	35.50389	128.94153	0.0	0.0	0.0
126.35925	0.0	143.85857	0.0	0.0	3.3556554	0.0	0.0	0.0	259.14783	0.0	319.33777	0.0	0.0	16.395569	84.69976	0.0	0.0	0.0	0.0	0.0	0.0	35.671253	0.0	0.0	54.996613	0.0	275.55963	0.0	0.0	0.0	63.21941	74.47619	0.0	196.75453	0.0	62.294556	0.0	0.0	112.78799	126.41876	0.0	268.90414	0.0	0.0	88.72131	144.71689	0.0	0.0	77.69784	0.0	168.45204	0.0	240.65717	0.0	0.0	0.0	231.5365	0.0	0.0	0.0	0.0	0.0	29.149336	0.0	0.0	125.45986	0.0	0.0	0.0	0.0	0.0	73.88604	0.0	198.7393	0.0	0.0	0.0	39.72581	55.650333	0.0	0.0	0.0	221.15651	12.124912	0.0	0.0	142.5425	24.058311	0.0	0.0	343.19724	116.82751	0.0	0.0	167.7582	0.0	14.027374	0.0	0.0	65.29887	0.0	0.0	0.0	0.0	206.2685	255.62016	0.0	166.22905	26.918503	220.20361	0.0	257.8865	337.6774	37.675648	120.92758	0.0	0.0	0.0	58.670345	182.56012	0.0	0.0	35.216084	127.99171	0.0	0.0	0.0
128.4952	0.0	149.04124	0.0	0.0	4.172937	0.0	0.0	0.0	268.17108	0.0	328.723	0.0	0.0	17.716139	85.96386	0.0	0.0	0.0	0.0	0.0	0.0	37.879116	0.0	0.0	57.72765	0.0	282.38937	0.0	0.0	0.0	66.203804	76.8046	0.0	202.67242	0.0	63.66096	0.0	0.0	115.379616	130.45827	0.0	276.6885	0.0	0.0	91.98966	150.18495	0.0	0.0	77.75966	0.0	175.0223	0.0	248.33672	0.0	0.0	0.0	237.21965	0.0	0.0	0.0	0.0	0.0	30.086557	0.0	0.0	128.02074	0.0	0.0	0.0	0.0	0.0	76.89057	0.0	205.58513	0.0	0.0	0.0	42.493694	57.989857	0.0	0.0	0.0	227.95485	13.1228285	0.0	0.0	147.35548	26.115614	0.0	0.0	353.24472	120.73395	0.0	0.0	172.42247	0.0	14.171607	0.0	0.0	68.11533	0.0	0.0	0.0	0.0	213.89111	262.9795	0.0	172.65001	27.532982	226.38258	0.0	265.02176	349.25412	37.95583	125.26516	0.0	0.0	0.0	61.011765	189.19475	0.0	0.0	36.415504	132.77538	0.0	0.0	0.0
131.15018	0.0	153.54462	0.0	0.0	4.501373	0.0	0.0	0.0	276.0466	0.0	337.51233	0.0	0.0	18.748894	87.19034	0.0	0.0	0.0	0.0	0.0	0.0	39.31366	0.0	0.0	59.723545	0.0	288.87082	0.0	0.0	0.0	68.18915	78.932755	0.0	208.28029	0.0	65.05371	0.0	0.0	117.94089	133.99622	0.0	283.6477	0.0	0.0	94.911644	155.02551	0.0	0.0	78.85846	0.0	180.29665	0.0	254.9301	0.0	0.0	0.0	242.97754	0.0	0.0	0.0	0.0	0.0	30.71048	0.0	0.0	130.37657	0.0	0.0	0.0	0.0	0.0	79.2952	0.0	211.57787	0.0	0.0	0.0	44.43855	59.392185	0.0	0.0	0.0	233.78548	13.735499	0.0	0.0	151.229	27.739649	0.0	0.0	362.5963	124.29533	0.0	0.0	176.91338	0.0	14.262212	0.0	0.0	70.48228	0.0	0.0	0.0	0.0	220.55046	269.45145	0.0	178.03938	28.288315	232.07343	0.0	271.8129	358.91235	38.430424	128.74754	0.0	0.0	0.0	62.819683	194.78528	0.0	0.0	37.141598	136.6252	0.0	0.0	0.0
135.66876	0.0	159.44026	0.0	0.0	5.2255692	0.0	0.0	0.0	286.2752	0.0	349.24976	0.0	0.0	19.380013	90.59915	0.0	0.0	0.0	0.0	0.0	0.0	41.108776	0.0	0.0	62.82024	0.0	298.82983	0.0	0.0	0.0	71.15524	81.77457	0.0	215.34575	0.0	67.477234	0.0	0.0	121.91138	139.66084	0.0	294.48502	0.0	0.0	98.26252	160.43077	0.0	0.0	81.088875	0.0	186.81805	0.0	263.99222	0.0	0.0	0.0	250.59694	0.0	0.0	0.0	0.0	0.0	31.714563	0.0	0.0	135.47194	0.0	0.0	0.0	0.0	0.0	82.40767	0.0	219.39552	0.0	0.0	0.0	46.9422	61.77669	0.0	0.0	0.0	242.74205	14.285713	0.0	0.0	157.78246	28.540232	0.0	0.0	376.02975	128.21802	0.0	0.0	183.09924	0.0	14.702304	0.0	0.0	72.740654	0.0	0.0	0.0	0.0	228.12154	279.13797	0.0	184.96637	28.918173	241.02148	0.0	280.99075	372.36755	40.83893	134.61473	0.0	0.0	0.0	65.35557	201.9596	0.0	0.0	38.033504	141.74646	0.0	0.0	0.0
133.30782	0.0	156.38121	0.0	0.0	5.1446567	0.0	0.0	0.0	281.09476	0.0	343.2413	0.0	0.0	19.227339	88.551476	0.0	0.0	0.0	0.0	0.0	0.0	40.324383	0.0	0.0	61.32078	0.0	293.57846	0.0	0.0	0.0	69.72351	80.184204	0.0	212.0168	0.0	66.24064	0.0	0.0	119.792755	136.86896	0.0	288.76138	0.0	0.0	96.59259	158.11792	0.0	0.0	79.631454	0.0	183.54541	0.0	259.4219	0.0	0.0	0.0	246.8227	0.0	0.0	0.0	0.0	0.0	31.213179	0.0	0.0	132.73387	0.0	0.0	0.0	0.0	0.0	81.00991	0.0	215.68982	0.0	0.0	0.0	45.426586	60.52541	0.0	0.0	0.0	238.09486	14.058087	0.0	0.0	154.18797	28.445848	0.0	0.0	368.96057	126.45756	0.0	0.0	180.14543	0.0	14.367183	0.0	0.0	71.783226	0.0	0.0	0.0	0.0	224.82478	273.97495	0.0	181.56769	28.729254	236.17628	0.0	276.24194	365.72763	39.21294	131.73187	0.0	0.0	0.0	63.935314	198.50842	0.0	0.0	37.924072	139.31523	0.0	0.0	0.0
128.1209	0.0	147.94064	0.0	0.0	3.9991786	0.0	0.0	0.0	266.94382	0.0	327.06433	0.0	0.0	17.922287	85.362114	0.0	0.0	0.0	0.0	0.0	0.0	37.439445	0.0	0.0	56.9451	0.0	281.02493	0.0	0.0	0.0	65.656136	76.36087	0.0	201.73576	0.0	63.333927	0.0	0.0	115.02203	129.57387	0.0	275.06833	0.0	0.0	91.47965	149.37624	0.0	0.0	77.77412	0.0	174.0307	0.0	246.97893	0.0	0.0	0.0	236.47844	0.0	0.0	0.0	0.0	0.0	29.807259	0.0	0.0	127.12741	0.0	0.0	0.0	0.0	0.0	76.28771	0.0	204.40938	0.0	0.0	0.0	41.9576	57.517803	0.0	0.0	0.0	226.56999	13.095165	0.0	0.0	146.19969	26.004251	0.0	0.0	351.32434	120.23181	0.0	0.0	171.6544	0.0	13.995961	0.0	0.0	67.70331	0.0	0.0	0.0	0.0	212.93135	261.60764	0.0	171.55086	27.737875	225.17175	0.0	263.81503	347.19876	37.601604	124.204124	0.0	0.0	0.0	60.436848	188.09114	0.0	0.0	36.181995	132.02364	0.0	0.0	0.0
125.06296	0.0	143.42223	0.0	0.0	3.5147007	0.0	0.0	0.0	258.7893	0.0	317.90182	0.0	0.0	16.968285	83.524055	0.0	0.0	0.0	0.0	0.0	0.0	35.832188	0.0	0.0	55.10782	0.0	273.7649	0.0	0.0	0.0	63.3343	74.2446	0.0	196.07501	0.0	61.64267	0.0	0.0	112.01165	125.79098	0.0	267.55838	0.0	0.0	88.61674	144.59752	0.0	0.0	76.46853	0.0	168.5382	0.0	239.88031	0.0	0.0	0.0	230.21642	0.0	0.0	0.0	0.0	0.0	28.997215	0.0	0.0	124.15382	0.0	0.0	0.0	0.0	0.0	73.94526	0.0	198.2669	0.0	0.0	0.0	40.27386	55.598064	0.0	0.0	0.0	220.12425	12.413406	0.0	0.0	142.04729	24.555937	0.0	0.0	341.6995	116.61291	0.0	0.0	166.92632	0.0	13.798541	0.0	0.0	65.4692	0.0	0.0	0.0	0.0	206.14418	254.52954	0.0	166.11206	26.826632	219.11621	0.0	256.65988	336.79587	37.00121	120.489784	0.0	0.0	0.0	58.633514	182.29771	0.0	0.0	35.042057	127.812096	0.0	0.0	0.0
126.659386	0.0	146.17412	0.0	0.0	3.576067	0.0	0.0	0.0	263.3942	0.0	322.94202	0.0	0.0	17.283558	84.79996	0.0	0.0	0.0	0.0	0.0	0.0	36.88802	0.0	0.0	56.49175	0.0	278.0627	0.0	0.0	0.0	64.78762	75.58823	0.0	198.80048	0.0	62.468994	0.0	0.0	113.45291	128.04646	0.0	271.88327	0.0	0.0	90.21966	147.0442	0.0	0.0	77.194336	0.0	171.77693	0.0	243.9682	0.0	0.0	0.0	233.42842	0.0	0.0	0.0	0.0	0.0	29.72998	0.0	0.0	126.09057	0.0	0.0	0.0	0.0	0.0	75.43099	0.0	201.50702	0.0	0.0	0.0	41.719738	56.703182	0.0	0.0	0.0	223.9715	12.985562	0.0	0.0	144.78812	25.081823	0.0	0.0	347.42697	118.50094	0.0	0.0	169.4649	0.0	13.922719	0.0	0.0	66.736664	0.0	0.0	0.0	0.0	209.55672	258.749	0.0	169.3391	26.947153	222.82198	0.0	260.6223	342.45834	37.72685	122.76279	0.0	0.0	0.0	59.92928	185.56854	0.0	0.0	35.62543	130.224	0.0	0.0	0.0
130.24	0.0	151.5093	0.0	0.0	4.3843093	0.0	0.0	0.0	272.76117	0.0	333.775	0.0	0.0	18.337667	86.70193	0.0	0.0	0.0	0.0	0.0	0.0	38.59822	0.0	0.0	58.830353	0.0	286.31714	0.0	0.0	0.0	67.24448	78.078186	0.0	206.04094	0.0	64.47065	0.0	0.0	116.84778	132.45752	0.0	280.70694	0.0	0.0	93.70768	153.04584	0.0	0.0	78.5335	0.0	177.98476	0.0	252.16272	0.0	0.0	0.0	240.88069	0.0	0.0	0.0	0.0	0.0	30.412428	0.0	0.0	129.40047	0.0	0.0	0.0	0.0	0.0	78.41941	0.0	209.04372	0.0	0.0	0.0	43.514133	58.77829	0.0	0.0	0.0	231.32764	13.467439	0.0	0.0	149.57193	26.959608	0.0	0.0	358.70316	122.95205	0.0	0.0	175.1258	0.0	14.182544	0.0	0.0	69.40427	0.0	0.0	0.0	0.0	217.89766	266.8198	0.0	175.75055	28.0394	229.7812	0.0	269.0507	354.79007	38.195423	127.27045	0.0	0.0	0.0	61.981327	192.50085	0.0	0.0	36.910385	134.99554	0.0	0.0	0.0
131.15627	0.0	153.7288	0.0	0.0	4.6887183	0.0	0.0	0.0	276.07614	0.0	337.79764	0.0	0.0	18.799463	87.31829	0.0	0.0	0.0	0.0	0.0	0.0	39.45722	0.0	0.0	60.051727	0.0	289.05624	0.0	0.0	0.0	68.26967	79.06884	0.0	208.57951	0.0	65.20301	0.0	0.0	117.930084	134.27391	0.0	284.04895	0.0	0.0	94.91138	155.27113	0.0	0.0	78.657104	0.0	180.34633	0.0	255.1921	0.0	0.0	0.0	242.99239	0.0	0.0	0.0	0.0	0.0	30.800726	0.0	0.0	130.62373	0.0	0.0	0.0	0.0	0.0	79.559586	0.0	212.00969	0.0	0.0	0.0	44.4624	59.52853	0.0	0.0	0.0	233.96663	13.695988	0.0	0.0	151.56511	27.70529	0.0	0.0	362.88586	124.36649	0.0	0.0	177.1936	0.0	14.243293	0.0	0.0	70.497246	0.0	0.0	0.0	0.0	220.82368	269.60217	0.0	178.1143	28.21112	232.2884	0.0	271.875	359.47537	38.690887	129.19026	0.0	0.0	0.0	62.896606	195.1815	0.0	0.0	37.30801	136.74272	0.0	0.0	0.0
126.91372	0.0	146.55272	0.0	0.0	3.8911736	0.0	0.0	0.0	264.1965	0.0	323.8134	0.0	0.0	17.466028	84.92861	0.0	0.0	0.0	0.0	0.0	0.0	37.0663	0.0	0.0	56.549137	0.0	278.50253	0.0	0.0	0.0	64.98933	75.69367	0.0	199.59834	0.0	62.71639	0.0	0.0	113.96616	128.4282	0.0	272.76343	0.0	0.0	90.54392	147.56035	0.0	0.0	77.159935	0.0	172.18388	0.0	244.59143	0.0	0.0	0.0	233.96594	0.0	0.0	0.0	0.0	0.0	29.634909	0.0	0.0	126.25605	0.0	0.0	0.0	0.0	0.0	75.451195	0.0	202.21202	0.0	0.0	0.0	41.648483	56.989925	0.0	0.0	0.0	224.533	12.883817	0.0	0.0	145.15105	25.475784	0.0	0.0	348.13437	118.75973	0.0	0.0	169.97458	0.0	13.91392	0.0	0.0	66.7483	0.0	0.0	0.0	0.0	210.3	259.24228	0.0	169.89171	27.25889	223.39629	0.0	261.26596	343.7733	37.739807	123.256386	0.0	0.0	0.0	60.031082	186.10815	0.0	0.0	35.71352	130.70757	0.0	0.0	0.0
125.194435	0.0	143.49782	0.0	0.0	3.5573895	0.0	0.0	0.0	258.60538	0.0	317.83597	0.0	0.0	16.797398	83.7001	0.0	0.0	0.0	0.0	0.0	0.0	35.959488	0.0	0.0	55.137695	0.0	273.72366	0.0	0.0	0.0	63.347717	74.27589	0.0	195.98479	0.0	61.831654	0.0	0.0	112.11559	125.8915	0.0	267.578	0.0	0.0	88.51404	144.46684	0.0	0.0	76.496544	0.0	168.35515	0.0	239.80467	0.0	0.0	0.0	230.04602	0.0	0.0	0.0	0.0	0.0	28.98317	0.0	0.0	124.311005	0.0	0.0	0.0	0.0	0.0	73.69539	0.0	198.2641	0.0	0.0	0.0	40.088924	55.638367	0.0	0.0	0.0	220.25047	12.406823	0.0	0.0	142.05939	24.4904	0.0	0.0	341.50208	116.48532	0.0	0.0	166.9282	0.0	13.840206	0.0	0.0	65.32977	0.0	0.0	0.0	0.0	206.0276	254.42479	0.0	166.1101	26.835205	219.13206	0.0	256.45566	336.83142	37.167587	120.60327	0.0	0.0	0.0	58.659077	182.22661	0.0	0.0	35.03529	127.748985	0.0	0.0	0.0
125.99752	0.0	144.40285	0.0	0.0	3.668582	0.0	0.0	0.0	260.46048	0.0	319.94705	0.0	0.0	16.870607	84.05204	0.0	0.0	0.0	0.0	0.0	0.0	36.111618	0.0	0.0	55.49283	0.0	275.58084	0.0	0.0	0.0	63.82439	74.70572	0.0	197.35909	0.0	62.039623	0.0	0.0	112.67771	126.66382	0.0	269.17725	0.0	0.0	89.26107	145.62148	0.0	0.0	76.977844	0.0	169.66576	0.0	241.47041	0.0	0.0	0.0	231.76463	0.0	0.0	0.0	0.0	0.0	29.304214	0.0	0.0	125.03305	0.0	0.0	0.0	0.0	0.0	74.49345	0.0	199.66725	0.0	0.0	0.0	40.469387	56.024006	0.0	0.0	0.0	221.60657	12.571973	0.0	0.0	142.78484	24.762465	0.0	0.0	343.84665	117.435646	0.0	0.0	168.05853	0.0	13.90203	0.0	0.0	66.07964	0.0	0.0	0.0	0.0	207.58965	256.22278	0.0	167.2665	27.051935	220.42577	0.0	258.3855	339.0621	36.982483	121.31335	0.0	0.0	0.0	58.997223	183.48181	0.0	0.0	35.4574	128.67241	0.0	0.0	0.0
129.05354	0.0	150.20683	0.0	0.0	4.3954797	0.0	0.0	0.0	270.45142	0.0	331.47247	0.0	0.0	18.287642	85.890465	0.0	0.0	0.0	0.0	0.0	0.0	38.17932	0.0	0.0	58.11928	0.0	283.91162	0.0	0.0	0.0	66.60634	77.34413	0.0	204.89629	0.0	63.99526	0.0	0.0	115.99786	131.16344	0.0	278.3921	0.0	0.0	93.00883	152.17792	0.0	0.0	77.78396	0.0	176.4067	0.0	250.10405	0.0	0.0	0.0	239.16347	0.0	0.0	0.0	0.0	0.0	30.162012	0.0	0.0	128.19846	0.0	0.0	0.0	0.0	0.0	77.67513	0.0	207.55884	0.0	0.0	0.0	42.664536	58.107513	0.0	0.0	0.0	229.24461	13.159576	0.0	0.0	147.97163	27.09471	0.0	0.0	355.49365	122.145325	0.0	0.0	173.99538	0.0	14.006015	0.0	0.0	69.012886	0.0	0.0	0.0	0.0	216.44055	264.55374	0.0	174.15718	28.15394	227.48584	0.0	267.1155	352.0944	37.32333	125.995995	0.0	0.0	0.0	61.33157	190.79144	0.0	0.0	36.913868	133.87267	0.0	0.0	0.0
134.35876	0.0	159.45372	0.0	0.0	6.0681133	0.0	0.0	0.0	285.72867	0.0	348.29224	0.0	0.0	19.958029	88.88543	0.0	0.0	0.0	0.0	0.0	0.0	41.318916	0.0	0.0	63.105408	0.0	296.75217	0.0	0.0	0.0	71.179955	81.3252	0.0	215.75464	0.0	67.28158	0.0	0.0	121.05996	139.36952	0.0	292.83707	0.0	0.0	98.289795	161.3879	0.0	0.0	79.579865	0.0	186.54028	0.0	263.30875	0.0	0.0	0.0	249.67285	0.0	0.0	0.0	0.0	0.0	31.525366	0.0	0.0	134.23952	0.0	0.0	0.0	0.0	0.0	82.91069	0.0	219.82497	0.0	0.0	0.0	46.816677	61.39525	0.0	0.0	0.0	241.84895	14.334933	0.0	0.0	156.53673	29.578691	0.0	0.0	374.2113	128.69513	0.0	0.0	182.88466	0.0	14.2435255	0.0	0.0	73.55358	0.0	0.0	0.0	0.0	229.0913	277.3999	0.0	184.96912	29.008982	239.11035	0.0	279.8972	372.02713	39.02138	134.31953	0.0	0.0	0.0	65.033226	202.0722	0.0	0.0	38.270344	141.58154	0.0	0.0	0.0
129.15602	0.0	150.26375	0.0	0.0	4.225581	0.0	0.0	0.0	270.21188	0.0	330.81427	0.0	0.0	18.037378	86.16729	0.0	0.0	0.0	0.0	0.0	0.0	38.391743	0.0	0.0	58.414715	0.0	284.0115	0.0	0.0	0.0	66.81437	77.352905	0.0	204.11963	0.0	63.912952	0.0	0.0	116.02657	131.50496	0.0	278.54007	0.0	0.0	92.85616	151.33012	0.0	0.0	77.929726	0.0	176.47717	0.0	250.0299	0.0	0.0	0.0	238.5838	0.0	0.0	0.0	0.0	0.0	30.096338	0.0	0.0	128.5223	0.0	0.0	0.0	0.0	0.0	77.40444	0.0	207.12001	0.0	0.0	0.0	43.234665	58.441944	0.0	0.0	0.0	229.38452	13.449578	0.0	0.0	148.5086	26.60109	0.0	0.0	355.92856	121.44492	0.0	0.0	173.55305	0.0	14.142491	0.0	0.0	68.593666	0.0	0.0	0.0	0.0	215.47217	264.49203	0.0	174.16704	27.632883	228.1049	0.0	266.6859	351.80344	38.420155	126.23187	0.0	0.0	0.0	61.612164	190.8125	0.0	0.0	36.354633	133.78871	0.0	0.0	0.0
127.58195	0.0	147.00005	0.0	0.0	3.9590368	0.0	0.0	0.0	264.7419	0.0	325.03027	0.0	0.0	17.430174	85.20359	0.0	0.0	0.0	0.0	0.0	0.0	37.18294	0.0	0.0	56.780945	0.0	279.38132	0.0	0.0	0.0	65.18792	75.98642	0.0	200.53853	0.0	63.0367	0.0	0.0	114.25437	128.6709	0.0	273.45352	0.0	0.0	90.66007	148.32228	0.0	0.0	77.5003	0.0	172.55133	0.0	245.33919	0.0	0.0	0.0	234.96907	0.0	0.0	0.0	0.0	0.0	29.659231	0.0	0.0	126.79419	0.0	0.0	0.0	0.0	0.0	75.88436	0.0	203.21648	0.0	0.0	0.0	41.33269	57.110806	0.0	0.0	0.0	225.21204	12.802236	0.0	0.0	145.40358	25.539167	0.0	0.0	349.11868	119.36106	0.0	0.0	170.68846	0.0	14.16656	0.0	0.0	67.31138	0.0	0.0	0.0	0.0	211.533	259.96985	0.0	170.16469	27.375147	223.70471	0.0	262.10147	344.94202	37.64373	123.44068	0.0	0.0	0.0	60.09418	186.83514	0.0	0.0	36.13319	130.8364	0.0	0.0	0.0
129.05724	0.0	150.23503	0.0	0.0	4.45594	0.0	0.0	0.0	269.85947	0.0	330.95023	0.0	0.0	18.057886	85.83167	0.0	0.0	0.0	0.0	0.0	0.0	38.240475	0.0	0.0	58.114048	0.0	283.7262	0.0	0.0	0.0	66.62611	77.14152	0.0	204.47868	0.0	63.943832	0.0	0.0	116.1102	131.39497	0.0	278.25732	0.0	0.0	92.70376	151.64296	0.0	0.0	77.815834	0.0	176.21582	0.0	249.79321	0.0	0.0	0.0	238.6657	0.0	0.0	0.0	0.0	0.0	29.94298	0.0	0.0	128.37958	0.0	0.0	0.0	0.0	0.0	77.28751	0.0	207.10297	0.0	0.0	0.0	42.647503	58.227142	0.0	0.0	0.0	229.24641	13.159921	0.0	0.0	147.88248	26.84295	0.0	0.0	355.2136	121.70985	0.0	0.0	173.65233	0.0	14.15116	0.0	0.0	68.787254	0.0	0.0	0.0	0.0	215.84431	264.21695	0.0	173.98851	27.79094	227.34753	0.0	266.65036	351.78336	37.67983	125.88201	0.0	0.0	0.0	61.46105	190.62877	0.0	0.0	36.396885	133.5863	0.0	0.0	0.0
135.41525	0.0	160.74066	0.0	0.0	6.2238345	0.0	0.0	0.0	288.65512	0.0	351.1696	0.0	0.0	20.290398	89.37405	0.0	0.0	0.0	0.0	0.0	0.0	41.71726	0.0	0.0	63.628315	0.0	299.312	0.0	0.0	0.0	72.014046	81.87859	0.0	217.58488	0.0	67.91464	0.0	0.0	122.3418	140.70589	0.0	295.4141	0.0	0.0	99.22872	162.8442	0.0	0.0	80.03269	0.0	188.40352	0.0	265.59506	0.0	0.0	0.0	251.756	0.0	0.0	0.0	0.0	0.0	31.593565	0.0	0.0	135.1519	0.0	0.0	0.0	0.0	0.0	83.52462	0.0	221.76216	0.0	0.0	0.0	47.44852	62.05905	0.0	0.0	0.0	244.06313	14.61473	0.0	0.0	157.93806	30.050705	0.0	0.0	377.5958	129.73866	0.0	0.0	184.4055	0.0	14.291992	0.0	0.0	74.21805	0.0	0.0	0.0	0.0	231.16353	279.80405	0.0	186.78584	29.353113	241.36833	0.0	282.2205	375.44583	39.401024	135.64627	0.0	0.0	0.0	65.61974	203.96338	0.0	0.0	38.487984	142.95045	0.0	0.0	0.0
773.0905	0.0	908.278	0.0	0.0	33.814632	0.0	0.0	0.0	1611.0658	0.0	1953.9244	0.0	0.0	90.174805	526.9382	0.0	0.0	0.0	0.0	0.0	0.0	235.53748	0.0	0.0	379.82068	0.0	1682.7474	0.0	0.0	0.0	409.52908	457.20816	0.0	1192.296	0.0	396.16562	0.0	0.0	676.9743	809.87823	0.0	1673.4835	0.0	0.0	557.9565	882.8355	0.0	0.0	466.90555	0.0	1050.1107	0.0	1486.9932	0.0	0.0	0.0	1389.7904	0.0	0.0	0.0	0.0	0.0	185.2592	0.0	0.0	789.3311	0.0	0.0	0.0	0.0	0.0	478.2015	0.0	1232.3231	0.0	0.0	0.0	285.31564	350.23447	0.0	0.0	0.0	1384.7238	86.30463	0.0	0.0	917.2693	141.20686	0.0	0.0	2142.2751	701.9982	0.0	0.0	1028.3212	0.0	94.38149	0.0	0.0	406.49304	0.0	0.0	0.0	0.0	1264.3949	1576.5756	0.0	1042.2148	141.05629	1385.4679	0.0	1574.3857	2097.9456	270.87643	793.02826	0.0	0.0	0.0	372.9164	1146.8121	0.0	0.0	195.25256	797.3252	0.0	0.0	0.0
770.5787	0.0	889.22504	0.0	0.0	26.201513	0.0	0.0	0.0	1577.7311	0.0	1927.9424	0.0	0.0	82.29477	528.92804	0.0	0.0	0.0	0.0	0.0	0.0	225.77397	0.0	0.0	363.44003	0.0	1671.0869	0.0	0.0	0.0	398.07446	449.21838	0.0	1171.7368	0.0	390.7296	0.0	0.0	672.8619	793.91693	0.0	1650.0914	0.0	0.0	543.26166	859.9048	0.0	0.0	473.90518	0.0	1026.0554	0.0	1463.209	0.0	0.0	0.0	1379.43	0.0	0.0	0.0	0.0	0.0	182.70009	0.0	0.0	786.7664	0.0	0.0	0.0	0.0	0.0	462.71582	0.0	1206.5348	0.0	0.0	0.0	271.6224	343.3546	0.0	0.0	0.0	1363.4071	79.949036	0.0	0.0	900.0244	129.65977	0.0	0.0	2110.2053	688.85986	0.0	0.0	1013.56635	0.0	92.61902	0.0	0.0	393.87216	0.0	0.0	0.0	0.0	1231.5275	1554.3802	0.0	1017.70465	137.88034	1365.8057	0.0	1553.4813	2054.7793	270.3573	772.4185	0.0	0.0	0.0	365.4982	1121.3798	0.0	0.0	194.42241	780.642	0.0	0.0	0.0
790.31586	0.0	908.9941	0.0	0.0	26.535643	0.0	0.0	0.0	1616.0912	0.0	1966.8248	0.0	0.0	78.96134	551.2504	0.0	0.0	0.0	0.0	0.0	0.0	231.03809	0.0	0.0	379.70532	0.0	1712.0566	0.0	0.0	0.0	407.86377	462.02307	0.0	1188.3782	0.0	399.3265	0.0	0.0	684.4235	815.8278	0.0	1697.0934	0.0	0.0	557.4906	868.2878	0.0	0.0	489.38016	0.0	1050.654	0.0	1495.7626	0.0	0.0	0.0	1401.1392	0.0	0.0	0.0	0.0	0.0	188.78992	0.0	0.0	810.50555	0.0	0.0	0.0	0.0	0.0	475.23038	0.0	1229.8486	0.0	0.0	0.0	288.92618	350.71738	0.0	0.0	0.0	1397.9176	82.30688	0.0	0.0	936.73535	122.638794	0.0	0.0	2169.107	695.94855	0.0	0.0	1034.0892	0.0	96.61997	0.0	0.0	396.6285	0.0	0.0	0.0	0.0	1246.523	1595.4556	0.0	1040.5092	135.2954	1411.2064	0.0	1586.1002	2097.1072	294.84036	799.79517	0.0	0.0	0.0	375.93753	1145.3228	0.0	0.0	193.14995	798.66583	0.0	0.0	0.0
1336.6832	0.0	1079.7142	0.0	0.0	0.0	0.0	0.0	0.0	1916.7626	0.0	2357.3027	0.0	0.0	0.0	1299.3107	0.0	0.0	0.0	0.0	0.0	0.0	137.0896	0.0	0.0	607.0317	0.0	2465.36	0.0	0.0	0.0	433.9967	626.4071	0.0	1086.1266	0.0	659.4253	0.0	0.0	768.8254	1140.0004	0.0	2503.3496	0.0	0.0	615.9865	482.6014	0.0	0.0	1153.3641	3.712265	1047.0894	0.0	1784.0253	0.0	0.0	0.0	1580.2391	0.0	0.0	0.0	0.0	0.0	321.93283	0.0	0.0	1547.3236	0.0	0.0	0.0	0.0	0.0	612.5147	0.0	1287.0175	0.0	0.0	0.0	542.9904	301.3005	0.0	0.0	0.0	1918.5029	32.547054	0.0	0.0	1714.5763	0.0	0.0	0.0	3060.7227	562.4506	0.0	0.0	1272.331	0.0	211.16296	0.0	0.0	213.83582	0.0	0.0	0.0	0.0	802.1081	2238.3813	0.0	1042.5988	0.0	2327.2756	0.0	1889.306	2192.6338	1161.9355	1261.6764	233.28526	0.0	0.0	528.64795	1185.8036	0.0	0.0	72.95148	851.8636	0.0	0.0	0.0
856.3792	0.0	932.8926	0.0	0.0	10.387364	0.0	0.0	0.0	1662.558	0.0	2035.2627	0.0	0.0	41.842632	645.4761	0.0	0.0	0.0	0.0	0.0	0.0	223.1396	0.0	0.0	401.57553	0.0	1832.7355	0.0	0.0	0.0	415.7285	493.0956	0.0	1189.4071	0.0	421.3361	0.0	0.0	711.8195	856.1866	0.0	1810.3218	0.0	0.0	565.54443	832.2817	0.0	0.0	568.4316	0.0	1065.7819	0.0	1545.6128	0.0	0.0	0.0	1446.1383	0.0	0.0	0.0	0.0	0.0	205.09767	0.0	0.0	896.831	0.0	0.0	0.0	0.0	0.0	482.63834	0.0	1243.7603	0.0	0.0	0.0	319.56467	358.44473	0.0	0.0	0.0	1467.0612	78.495224	0.0	0.0	1031.8264	59.408844	0.0	0.0	2301.9807	682.63916	0.0	0.0	1071.7795	0.0	107.18616	0.0	0.0	370.89645	0.0	0.0	0.0	0.0	1202.0077	1692.0443	0.0	1051.0511	114.984886	1533.3525	0.0	1646.225	2134.9592	398.90036	850.5325	0.0	0.0	0.0	398.02603	1160.4583	0.0	0.0	182.19307	815.239	0.0	0.0	0.0
784.2142	0.0	899.96747	0.0	0.0	25.644491	0.0	0.0	0.0	1600.9535	0.0	1954.4863	0.0	0.0	81.181694	543.7784	0.0	0.0	0.0	0.0	0.0	0.0	228.13441	0.0	0.0	369.30527	0.0	1698.7432	0.0	0.0	0.0	403.43896	456.94775	0.0	1183.575	0.0	396.4993	0.0	0.0	681.82684	805.71783	0.0	1679.2607	0.0	0.0	550.32056	866.32367	0.0	0.0	485.9039	0.0	1040.0424	0.0	1483.9326	0.0	0.0	0.0	1396.4784	0.0	0.0	0.0	0.0	0.0	186.53453	0.0	0.0	802.4905	0.0	0.0	0.0	0.0	0.0	468.7611	0.0	1220.4347	0.0	0.0	0.0	279.14224	348.42087	0.0	0.0	0.0	1384.8374	80.83835	0.0	0.0	919.8238	125.615456	0.0	0.0	2145.7202	694.705	0.0	0.0	1027.0385	0.0	94.59356	0.0	0.0	395.81067	0.0	0.0	0.0	0.0	1241.6616	1580.0186	0.0	1030.4779	139.18033	1392.581	0.0	1575.5917	2080.956	283.3223	786.8162	0.0	0.0	0.0	371.22055	1134.517	0.0	0.0	195.64856	791.2993	0.0	0.0	0.0
785.8814	0.0	912.8833	0.0	0.0	29.453384	0.0	0.0	0.0	1620.6152	0.0	1970.0856	0.0	0.0	85.61956	541.2447	0.0	0.0	0.0	0.0	0.0	0.0	234.16771	0.0	0.0	378.79507	0.0	1706.1807	0.0	0.0	0.0	410.91348	460.6398	0.0	1195.9838	0.0	399.37888	0.0	0.0	685.8748	816.8647	0.0	1693.3107	0.0	0.0	558.9527	879.0855	0.0	0.0	480.7579	0.0	1055.337	0.0	1498.7926	0.0	0.0	0.0	1403.2933	0.0	0.0	0.0	0.0	0.0	187.72473	0.0	0.0	804.25385	0.0	0.0	0.0	0.0	0.0	477.17062	0.0	1235.201	0.0	0.0	0.0	287.64462	353.41385	0.0	0.0	0.0	1397.81	83.79656	0.0	0.0	929.40765	132.65724	0.0	0.0	2165.1802	702.1032	0.0	0.0	1035.6759	0.0	95.10943	0.0	0.0	402.16055	0.0	0.0	0.0	0.0	1259.6403	1593.1528	0.0	1046.1349	139.02345	1404.2186	0.0	1588.1783	2106.9678	283.09998	798.28375	0.0	0.0	0.0	377.0381	1151.0603	0.0	0.0	194.26598	801.76685	0.0	0.0	0.0
768.9012	0.0	889.5461	0.0	0.0	26.874567	0.0	0.0	0.0	1583.5957	0.0	1930.9946	0.0	0.0	86.669556	527.4305	0.0	0.0	0.0	0.0	0.0	0.0	227.61421	0.0	0.0	363.26016	0.0	1670.4222	0.0	0.0	0.0	399.2302	450.52383	0.0	1175.0612	0.0	389.9633	0.0	0.0	673.2202	793.6436	0.0	1652.3203	0.0	0.0	545.5224	864.81366	0.0	0.0	470.605	0.0	1031.1039	0.0	1467.2363	0.0	0.0	0.0	1380.3208	0.0	0.0	0.0	0.0	0.0	183.56984	0.0	0.0	783.78564	0.0	0.0	0.0	0.0	0.0	464.19678	0.0	1210.3555	0.0	0.0	0.0	273.08707	345.68747	0.0	0.0	0.0	1364.6163	80.81303	0.0	0.0	900.7275	133.58502	0.0	0.0	2111.6438	691.716	0.0	0.0	1014.9453	0.0	92.29432	0.0	0.0	395.7125	0.0	0.0	0.0	0.0	1238.9293	1556.5314	0.0	1021.26825	141.58601	1365.9811	0.0	1556.7388	2061.7292	266.63602	773.59985	0.0	0.0	0.0	364.98486	1124.2589	0.0	0.0	195.87616	783.8122	0.0	0.0	0.0
799.6182	0.0	911.52606	0.0	0.0	24.67174	0.0	0.0	0.0	1622.5455	0.0	1978.0345	0.0	0.0	76.21932	559.83154	0.0	0.0	0.0	0.0	0.0	0.0	230.9239	0.0	0.0	377.05664	0.0	1728.151	0.0	0.0	0.0	408.51816	464.51126	0.0	1193.1703	0.0	404.97305	0.0	0.0	693.2339	819.7092	0.0	1708.1108	0.0	0.0	557.9798	868.4426	0.0	0.0	497.0808	0.0	1053.8158	0.0	1505.5708	0.0	0.0	0.0	1414.142	0.0	0.0	0.0	0.0	0.0	191.23938	0.0	0.0	819.1943	0.0	0.0	0.0	0.0	0.0	474.57706	0.0	1234.482	0.0	0.0	0.0	284.92905	353.97855	0.0	0.0	0.0	1406.9639	82.74093	0.0	0.0	941.2065	119.538185	0.0	0.0	2180.4465	698.6687	0.0	0.0	1040.5677	0.0	96.87836	0.0	0.0	394.1188	0.0	0.0	0.0	0.0	1247.9086	1606.7201	0.0	1043.7445	137.67041	1421.3553	0.0	1594.9946	2105.4915	299.6224	802.28546	0.0	0.0	0.0	379.14932	1149.7798	0.0	0.0	198.02843	803.1657	0.0	0.0	0.0
789.9155	0.0	902.29614	0.0	0.0	23.870386	0.0	0.0	0.0	1604.2789	0.0	1960.291	0.0	0.0	77.4112	554.34814	0.0	0.0	0.0	0.0	0.0	0.0	229.00294	0.0	0.0	373.23743	0.0	1710.2894	0.0	0.0	0.0	404.70724	460.04922	0.0	1182.4102	0.0	397.80154	0.0	0.0	684.52484	810.38916	0.0	1691.7656	0.0	0.0	551.78253	861.5679	0.0	0.0	491.3953	0.0	1041.5021	0.0	1488.7979	0.0	0.0	0.0	1398.6787	0.0	0.0	0.0	0.0	0.0	188.25597	0.0	0.0	811.0184	0.0	0.0	0.0	0.0	0.0	469.09885	0.0	1221.0005	0.0	0.0	0.0	283.26883	350.16684	0.0	0.0	0.0	1391.0952	80.70807	0.0	0.0	931.0996	120.02057	0.0	0.0	2160.1492	690.61566	0.0	0.0	1030.663	0.0	96.3774	0.0	0.0	391.66638	0.0	0.0	0.0	0.0	1235.6744	1589.1259	0.0	1031.3917	135.94743	1406.5624	0.0	1580.91	2085.1914	296.84695	793.3427	0.0	0.0	0.0	373.2216	1137.4303	0.0	0.0	193.03548	793.02075	0.0	0.0	0.0
778.9025	0.0	906.95355	0.0	0.0	29.5967	0.0	0.0	0.0	1612.1249	0.0	1963.733	0.0	0.0	90.697624	532.0695	0.0	0.0	0.0	0.0	0.0	0.0	232.89996	0.0	0.0	371.74097	0.0	1694.3441	0.0	0.0	0.0	406.4258	458.15234	0.0	1197.4347	0.0	396.07626	0.0	0.0	683.8903	808.32404	0.0	1678.6602	0.0	0.0	556.48706	883.274	0.0	0.0	474.2825	0.0	1049.2999	0.0	1491.6566	0.0	0.0	0.0	1401.9896	0.0	0.0	0.0	0.0	0.0	185.07147	0.0	0.0	794.32465	0.0	0.0	0.0	0.0	0.0	473.96655	0.0	1233.0138	0.0	0.0	0.0	280.44138	350.92163	0.0	0.0	0.0	1387.8717	82.42765	0.0	0.0	915.6086	139.74744	0.0	0.0	2147.4539	704.4126	0.0	0.0	1032.8832	0.0	92.83093	0.0	0.0	405.00668	0.0	0.0	0.0	0.0	1263.8853	1581.0345	0.0	1040.9569	144.25232	1387.3989	0.0	1582.0062	2099.2996	269.39444	788.33124	0.0	0.0	0.0	371.3187	1145.5527	0.0	0.0	197.25716	797.65063	0.0	0.0	0.0
774.8286	0.0	905.40753	0.0	0.0	30.254133	0.0	0.0	0.0	1606.4572	0.0	1952.5065	0.0	0.0	87.73911	529.6259	0.0	0.0	0.0	0.0	0.0	0.0	233.14241	0.0	0.0	376.569	0.0	1685.7397	0.0	0.0	0.0	407.85245	456.30655	0.0	1189.9772	0.0	395.3391	0.0	0.0	678.5512	807.1103	0.0	1671.4801	0.0	0.0	555.29095	878.218	0.0	0.0	471.39062	0.0	1047.6045	0.0	1485.0094	0.0	0.0	0.0	1392.4584	0.0	0.0	0.0	0.0	0.0	185.5981	0.0	0.0	791.60205	0.0	0.0	0.0	0.0	0.0	475.11508	0.0	1228.837	0.0	0.0	0.0	282.60544	349.35336	0.0	0.0	0.0	1383.5908	83.9631	0.0	0.0	915.89154	137.63763	0.0	0.0	2141.114	700.47687	0.0	0.0	1027.0438	0.0	93.928314	0.0	0.0	404.5236	0.0	0.0	0.0	0.0	1258.4264	1575.44	0.0	1038.3676	139.88298	1384.6642	0.0	1573.7426	2091.3564	270.93414	788.43695	0.0	0.0	0.0	371.88858	1143.735	0.0	0.0	196.06287	795.3239	0.0	0.0	0.0
784.0961	0.0	917.9528	0.0	0.0	32.800953	0.0	0.0	0.0	1630.2963	0.0	1975.88	0.0	0.0	90.16709	535.13934	0.0	0.0	0.0	0.0	0.0	0.0	238.12947	0.0	0.0	383.16	0.0	1705.3057	0.0	0.0	0.0	415.43613	460.87476	0.0	1203.4023	0.0	400.20932	0.0	0.0	686.76904	820.47845	0.0	1695.4375	0.0	0.0	562.7468	889.8982	0.0	0.0	474.01523	0.0	1063.6272	0.0	1505.1371	0.0	0.0	0.0	1405.8483	0.0	0.0	0.0	0.0	0.0	187.6263	0.0	0.0	800.9873	0.0	0.0	0.0	0.0	0.0	481.3812	0.0	1244.43	0.0	0.0	0.0	289.19095	355.82907	0.0	0.0	0.0	1402.9581	86.510704	0.0	0.0	929.2193	140.6562	0.0	0.0	2168.5222	707.8752	0.0	0.0	1039.1626	0.0	95.5561	0.0	0.0	408.6156	0.0	0.0	0.0	0.0	1274.9369	1596.2212	0.0	1055.0275	141.61877	1404.1039	0.0	1593.1122	2121.674	276.34354	801.87823	0.0	0.0	0.0	377.67514	1158.4523	0.0	0.0	196.81409	807.535	0.0	0.0	0.0
767.7474	0.0	888.5857	0.0	0.0	26.662226	0.0	0.0	0.0	1579.9277	0.0	1927.5342	0.0	0.0	83.82905	527.9377	0.0	0.0	0.0	0.0	0.0	0.0	227.0197	0.0	0.0	365.01358	0.0	1668.0522	0.0	0.0	0.0	398.661	450.09775	0.0	1172.1385	0.0	389.55225	0.0	0.0	671.3543	792.8138	0.0	1650.1816	0.0	0.0	544.2167	861.7503	0.0	0.0	470.96265	0.0	1028.3121	0.0	1462.8096	0.0	0.0	0.0	1376.5941	0.0	0.0	0.0	0.0	0.0	183.32109	0.0	0.0	783.9859	0.0	0.0	0.0	0.0	0.0	463.70255	0.0	1207.6211	0.0	0.0	0.0	272.55954	343.5411	0.0	0.0	0.0	1362.2909	79.90179	0.0	0.0	900.8398	130.94667	0.0	0.0	2108.7102	688.9532	0.0	0.0	1013.2663	0.0	92.922935	0.0	0.0	394.91544	0.0	0.0	0.0	0.0	1234.5978	1554.6973	0.0	1019.1169	140.04594	1364.8029	0.0	1553.4741	2056.8706	268.29797	773.9414	0.0	0.0	0.0	365.14993	1121.3892	0.0	0.0	196.08821	781.8942	0.0	0.0	0.0
779.71967	0.0	908.3135	0.0	0.0	30.472475	0.0	0.0	0.0	1617.8729	0.0	1965.3512	0.0	0.0	90.92696	533.9743	0.0	0.0	0.0	0.0	0.0	0.0	233.92732	0.0	0.0	375.14627	0.0	1696.784	0.0	0.0	0.0	408.02945	459.2666	0.0	1197.7366	0.0	398.05957	0.0	0.0	684.5552	810.9756	0.0	1683.2985	0.0	0.0	557.9195	884.0513	0.0	0.0	475.21045	0.0	1052.2134	0.0	1493.7225	0.0	0.0	0.0	1400.9196	0.0	0.0	0.0	0.0	0.0	186.2992	0.0	0.0	796.1584	0.0	0.0	0.0	0.0	0.0	476.4692	0.0	1235.3842	0.0	0.0	0.0	283.0137	350.9791	0.0	0.0	0.0	1391.7782	83.46566	0.0	0.0	920.2871	138.71141	0.0	0.0	2152.1826	704.82416	0.0	0.0	1034.379	0.0	92.98858	0.0	0.0	405.38278	0.0	0.0	0.0	0.0	1265.703	1584.6099	0.0	1044.1334	144.24377	1393.042	0.0	1582.6982	2102.7805	273.38766	793.2803	0.0	0.0	0.0	372.66223	1147.915	0.0	0.0	198.41687	799.8824	0.0	0.0	0.0
780.87427	0.0	911.3086	0.0	0.0	31.067755	0.0	0.0	0.0	1615.9326	0.0	1964.8541	0.0	0.0	88.09139	532.4515	0.0	0.0	0.0	0.0	0.0	0.0	234.64539	0.0	0.0	376.78226	0.0	1695.961	0.0	0.0	0.0	409.98618	458.68503	0.0	1196.643	0.0	399.0437	0.0	0.0	683.3255	812.8335	0.0	1682.4388	0.0	0.0	558.1466	883.284	0.0	0.0	474.58463	0.0	1052.8983	0.0	1494.1664	0.0	0.0	0.0	1400.4694	0.0	0.0	0.0	0.0	0.0	186.45789	0.0	0.0	796.5546	0.0	0.0	0.0	0.0	0.0	476.89197	0.0	1235.6271	0.0	0.0	0.0	282.52115	351.76962	0.0	0.0	0.0	1391.504	84.14546	0.0	0.0	919.6683	138.10713	0.0	0.0	2152.4075	704.6614	0.0	0.0	1033.136	0.0	95.10023	0.0	0.0	405.81583	0.0	0.0	0.0	0.0	1265.3961	1584.8086	0.0	1043.6815	141.15219	1392.0161	0.0	1583.2343	2104.4797	273.0071	793.0437	0.0	0.0	0.0	374.50378	1149.7423	0.0	0.0	196.15045	799.3584	0.0	0.0	0.0
783.04913	0.0	917.4174	0.0	0.0	33.594406	0.0	0.0	0.0	1635.0209	0.0	1982.4022	0.0	0.0	93.561554	535.1377	0.0	0.0	0.0	0.0	0.0	0.0	238.20198	0.0	0.0	381.92538	0.0	1709.275	0.0	0.0	0.0	413.7371	463.78564	0.0	1209.451	0.0	400.62576	0.0	0.0	688.00995	819.73663	0.0	1698.464	0.0	0.0	564.896	895.45575	0.0	0.0	473.22342	0.0	1063.9677	0.0	1508.5679	0.0	0.0	0.0	1409.8184	0.0	0.0	0.0	0.0	0.0	188.318	0.0	0.0	799.2537	0.0	0.0	0.0	0.0	0.0	483.32748	0.0	1248.8893	0.0	0.0	0.0	288.79852	354.9302	0.0	0.0	0.0	1404.1217	85.422386	0.0	0.0	929.79346	143.31897	0.0	0.0	2172.1516	711.24	0.0	0.0	1043.4921	0.0	93.62943	0.0	0.0	410.44092	0.0	0.0	0.0	0.0	1280.4873	1598.299	0.0	1055.2178	145.97667	1405.3251	0.0	1596.2783	2125.9863	274.50467	803.63165	0.0	0.0	0.0	375.86575	1160.7435	0.0	0.0	199.77673	809.2478	0.0	0.0	0.0
783.80585	0.0	917.6965	0.0	0.0	33.60503	0.0	0.0	0.0	1637.5946	0.0	1981.5293	0.0	0.0	92.38247	536.2195	0.0	0.0	0.0	0.0	0.0	0.0	238.0092	0.0	0.0	384.24936	0.0	1709.8813	0.0	0.0	0.0	414.29773	464.34775	0.0	1207.9845	0.0	401.00943	0.0	0.0	687.1595	820.054	0.0	1700.1473	0.0	0.0	566.013	894.20416	0.0	0.0	474.7482	0.0	1064.7518	0.0	1508.1232	0.0	0.0	0.0	1408.7643	0.0	0.0	0.0	0.0	0.0	188.39671	0.0	0.0	800.44415	0.0	0.0	0.0	0.0	0.0	485.1346	0.0	1248.7046	0.0	0.0	0.0	291.08212	354.3306	0.0	0.0	0.0	1404.7017	88.29056	0.0	0.0	932.72296	141.75322	0.0	0.0	2174.188	711.1092	0.0	0.0	1043.9532	0.0	93.595665	0.0	0.0	411.0402	0.0	0.0	0.0	0.0	1279.6556	1599.6937	0.0	1056.3507	144.94719	1409.2567	0.0	1595.9432	2124.5393	277.1718	805.9958	0.0	0.0	0.0	376.86734	1161.3475	0.0	0.0	199.3333	809.61127	0.0	0.0	0.0
772.23584	0.0	899.77246	0.0	0.0	29.769247	0.0	0.0	0.0	1596.5707	0.0	1942.0839	0.0	0.0	87.719765	526.421	0.0	0.0	0.0	0.0	0.0	0.0	231.00896	0.0	0.0	370.66733	0.0	1676.6825	0.0	0.0	0.0	404.16153	452.562	0.0	1183.4178	0.0	393.87488	0.0	0.0	676.2709	802.53754	0.0	1661.5121	0.0	0.0	550.72876	872.9331	0.0	0.0	469.95923	0.0	1039.6561	0.0	1476.4525	0.0	0.0	0.0	1386.6825	0.0	0.0	0.0	0.0	0.0	183.90608	0.0	0.0	787.80347	0.0	0.0	0.0	0.0	0.0	470.46692	0.0	1220.8668	0.0	0.0	0.0	277.90305	347.28342	0.0	0.0	0.0	1375.7604	82.226715	0.0	0.0	907.2421	136.67845	0.0	0.0	2126.0383	697.00165	0.0	0.0	1021.03906	0.0	93.34907	0.0	0.0	401.5812	0.0	0.0	0.0	0.0	1250.9917	1565.7441	0.0	1031.5419	140.41559	1374.2574	0.0	1565.5264	2078.3997	267.5001	781.83734	0.0	0.0	0.0	368.7355	1135.017	0.0	0.0	195.11842	789.77484	0.0	0.0	0.0
775.1198	0.0	902.15753	0.0	0.0	28.99774	0.0	0.0	0.0	1599.7587	0.0	1947.4961	0.0	0.0	86.649284	529.95764	0.0	0.0	0.0	0.0	0.0	0.0	231.24365	0.0	0.0	371.64285	0.0	1682.1548	0.0	0.0	0.0	403.95297	454.6605	0.0	1185.6532	0.0	395.5809	0.0	0.0	677.8844	804.27765	0.0	1666.9922	0.0	0.0	551.8775	874.1988	0.0	0.0	473.45728	0.0	1041.6471	0.0	1479.1932	0.0	0.0	0.0	1389.6185	0.0	0.0	0.0	0.0	0.0	184.27783	0.0	0.0	790.8936	0.0	0.0	0.0	0.0	0.0	471.33182	0.0	1222.8422	0.0	0.0	0.0	278.38278	347.42175	0.0	0.0	0.0	1378.525	82.045395	0.0	0.0	910.9629	134.86754	0.0	0.0	2131.9858	698.4451	0.0	0.0	1023.96967	0.0	93.82108	0.0	0.0	400.54446	0.0	0.0	0.0	0.0	1251.5848	1570.3419	0.0	1033.2662	139.92801	1379.1953	0.0	1568.5773	2082.0186	271.54672	784.44305	0.0	0.0	0.0	370.6525	1137.8275	0.0	0.0	195.12361	790.6582	0.0	0.0	0.0
782.29376	0.0	916.2141	0.0	0.0	33.31074	0.0	0.0	0.0	1624.9376	0.0	1971.4365	0.0	0.0	89.41079	534.85034	0.0	0.0	0.0	0.0	0.0	0.0	236.39323	0.0	0.0	382.89795	0.0	1700.8715	0.0	0.0	0.0	412.4976	461.44223	0.0	1201.7031	0.0	400.1825	0.0	0.0	684.8135	817.65796	0.0	1691.5859	0.0	0.0	562.1605	887.5076	0.0	0.0	474.66428	0.0	1058.333	0.0	1499.5688	0.0	0.0	0.0	1402.6903	0.0	0.0	0.0	0.0	0.0	186.73198	0.0	0.0	799.9355	0.0	0.0	0.0	0.0	0.0	481.13724	0.0	1241.8302	0.0	0.0	0.0	287.99277	353.0081	0.0	0.0	0.0	1398.7318	85.87024	0.0	0.0	927.7483	138.17744	0.0	0.0	2163.7751	706.62134	0.0	0.0	1038.0693	0.0	95.42182	0.0	0.0	408.20834	0.0	0.0	0.0	0.0	1271.3278	1591.9355	0.0	1050.4906	141.53032	1400.9276	0.0	1589.231	2115.0	276.78745	801.2994	0.0	0.0	0.0	376.4628	1155.9257	0.0	0.0	195.03426	803.52325	0.0	0.0	0.0
780.3558	0.0	908.4357	0.0	0.0	31.091661	0.0	0.0	0.0	1613.9342	0.0	1960.4711	0.0	0.0	86.859886	533.33124	0.0	0.0	0.0	0.0	0.0	0.0	233.98259	0.0	0.0	376.7582	0.0	1693.1328	0.0	0.0	0.0	408.74936	457.1676	0.0	1193.7803	0.0	397.6583	0.0	0.0	681.1289	811.65314	0.0	1680.2812	0.0	0.0	557.40173	880.7126	0.0	0.0	475.4923	0.0	1051.5366	0.0	1491.2065	0.0	0.0	0.0	1397.6901	0.0	0.0	0.0	0.0	0.0	186.19421	0.0	0.0	795.38916	0.0	0.0	0.0	0.0	0.0	477.19043	0.0	1232.3756	0.0	0.0	0.0	282.97797	350.75757	0.0	0.0	0.0	1389.3619	85.050125	0.0	0.0	920.2609	136.5916	0.0	0.0	2149.8928	702.3279	0.0	0.0	1031.0079	0.0	95.040344	0.0	0.0	403.94592	0.0	0.0	0.0	0.0	1262.0474	1582.482	0.0	1042.7067	140.86668	1391.893	0.0	1580.0106	2098.7988	274.007	792.5283	0.0	0.0	0.0	373.52383	1147.1649	0.0	0.0	196.62964	798.93896	0.0	0.0	0.0
802.3111	0.0	909.23065	0.0	0.0	23.195196	0.0	0.0	0.0	1619.17	0.0	1973.8281	0.0	0.0	70.952614	567.3278	0.0	0.0	0.0	0.0	0.0	0.0	227.95618	0.0	0.0	380.70322	0.0	1731.9457	0.0	0.0	0.0	408.49344	465.1827	0.0	1185.2645	0.0	402.4143	0.0	0.0	689.0784	820.53107	0.0	1712.7218	0.0	0.0	555.2617	858.9904	0.0	0.0	504.25003	0.0	1048.7953	0.0	1500.7921	0.0	0.0	0.0	1408.0948	0.0	0.0	0.0	0.0	0.0	190.98772	0.0	0.0	825.3448	0.0	0.0	0.0	0.0	0.0	473.96475	0.0	1228.5526	0.0	0.0	0.0	291.55017	351.28995	0.0	0.0	0.0	1406.9321	81.87551	0.0	0.0	949.79376	109.66201	0.0	0.0	2187.3064	691.95306	0.0	0.0	1038.2604	0.0	97.907814	0.0	0.0	390.51407	0.0	0.0	0.0	0.0	1233.3173	1608.6807	0.0	1038.0187	131.15804	1429.6006	0.0	1593.0679	2096.6565	312.31607	805.35645	0.0	0.0	0.0	378.7219	1144.113	0.0	0.0	192.15071	798.8774	0.0	0.0	0.0
797.4346	0.0	932.11127	0.0	0.0	32.00298	0.0	0.0	0.0	1657.7051	0.0	2012.6278	0.0	0.0	94.94689	544.2596	0.0	0.0	0.0	0.0	0.0	0.0	240.58911	0.0	0.0	383.04843	0.0	1735.6937	0.0	0.0	0.0	419.35898	468.82516	0.0	1226.5126	0.0	405.94946	0.0	0.0	701.75055	831.9854	0.0	1723.3604	0.0	0.0	571.26953	906.80524	0.0	0.0	484.50305	0.0	1080.0648	0.0	1530.728	0.0	0.0	0.0	1434.2816	0.0	0.0	0.0	0.0	0.0	189.36623	0.0	0.0	813.59204	0.0	0.0	0.0	0.0	0.0	486.26562	0.0	1263.826	0.0	0.0	0.0	292.0775	361.96436	0.0	0.0	0.0	1425.4932	86.56315	0.0	0.0	941.27826	144.61378	0.0	0.0	2204.4167	721.4659	0.0	0.0	1058.0693	0.0	94.79001	0.0	0.0	414.4144	0.0	0.0	0.0	0.0	1296.1119	1622.3969	0.0	1072.0702	147.53162	1426.2535	0.0	1621.7599	2156.0977	279.3027	811.37256	0.0	0.0	0.0	382.80142	1176.4674	0.0	0.0	199.8072	820.33844	0.0	0.0	0.0
776.8892	0.0	898.79767	0.0	0.0	27.316935	0.0	0.0	0.0	1594.6068	0.0	1945.622	0.0	0.0	83.889946	532.06104	0.0	0.0	0.0	0.0	0.0	0.0	228.25844	0.0	0.0	368.3226	0.0	1683.5824	0.0	0.0	0.0	402.1434	453.61386	0.0	1182.7191	0.0	394.48215	0.0	0.0	676.8582	802.27905	0.0	1665.2758	0.0	0.0	550.09906	868.8172	0.0	0.0	478.00696	0.0	1038.0731	0.0	1476.9717	0.0	0.0	0.0	1390.6338	0.0	0.0	0.0	0.0	0.0	184.74548	0.0	0.0	793.23267	0.0	0.0	0.0	0.0	0.0	469.4137	0.0	1218.5787	0.0	0.0	0.0	276.79712	346.64856	0.0	0.0	0.0	1376.0234	81.345	0.0	0.0	909.7635	131.7881	0.0	0.0	2130.6611	696.2078	0.0	0.0	1022.8652	0.0	93.55762	0.0	0.0	399.2173	0.0	0.0	0.0	0.0	1244.6686	1569.8213	0.0	1028.7899	138.97643	1378.4736	0.0	1568.0874	2074.9062	272.3944	780.71484	0.0	0.0	0.0	369.48557	1133.1094	0.0	0.0	194.30367	788.1418	0.0	0.0	0.0
691.41235	0.0	730.9266	0.0	0.0	3.2048893	0.0	0.0	0.0	1305.084	0.0	1645.1124	0.0	0.0	41.433964	494.8854	0.0	0.0	0.0	0.0	0.0	0.0	161.38452	0.0	0.0	274.5305	0.0	1468.576	0.0	0.0	0.0	309.90775	388.78723	0.0	984.094	0.0	339.2974	0.0	0.0	585.0972	656.17126	0.0	1407.1671	0.0	0.0	441.1398	692.2076	0.0	0.0	461.11612	0.0	835.2041	0.0	1231.7621	0.0	0.0	0.0	1211.2609	0.0	0.0	0.0	0.0	0.0	162.7416	0.0	0.0	703.40497	0.0	0.0	0.0	0.0	0.0	375.137	0.0	995.814	0.0	0.0	0.0	191.04762	278.7778	0.0	0.0	0.0	1153.1155	52.78502	0.0	0.0	759.2937	62.423557	0.0	0.0	1791.9088	576.914	0.0	0.0	865.8464	0.0	80.182655	0.0	0.0	306.07968	0.0	0.0	0.0	0.0	993.0569	1342.1119	0.0	824.4007	123.684044	1166.3364	0.0	1333.1332	1699.849	250.38847	632.1933	0.0	0.0	0.0	299.14386	910.11273	0.0	0.0	178.3474	642.7217	0.0	0.0	0.0
687.37164	0.0	722.4754	0.0	0.0	3.515671	0.0	0.0	0.0	1286.6959	0.0	1629.9064	0.0	0.0	36.02387	490.74243	0.0	0.0	0.0	0.0	0.0	0.0	159.37741	0.0	0.0	272.65222	0.0	1452.7025	0.0	0.0	0.0	304.9048	382.16568	0.0	976.4891	0.0	335.26562	0.0	0.0	575.5634	647.22534	0.0	1392.4125	0.0	0.0	439.4678	685.09576	0.0	0.0	459.42117	0.0	825.2304	0.0	1218.8003	0.0	0.0	0.0	1200.5718	0.0	0.0	0.0	0.0	0.0	161.68465	0.0	0.0	699.52313	0.0	0.0	0.0	0.0	0.0	375.0309	0.0	988.4209	0.0	0.0	0.0	185.33275	272.61404	0.0	0.0	0.0	1139.3784	51.026028	0.0	0.0	749.4235	60.655014	0.0	0.0	1773.2772	572.30084	0.0	0.0	860.4033	0.0	80.36901	0.0	0.0	307.66287	0.0	0.0	0.0	0.0	985.25275	1325.2928	0.0	810.9033	121.05976	1149.4901	0.0	1320.6871	1679.7086	241.86835	624.2024	0.0	0.0	0.0	293.38452	901.25146	0.0	0.0	179.4933	632.1707	0.0	0.0	0.0
812.7292	0.0	951.45703	0.0	0.0	31.944601	0.0	0.0	0.0	1709.7506	0.0	2086.586	0.0	0.0	106.912964	526.243	0.0	0.0	0.0	0.0	0.0	0.0	237.45729	0.0	0.0	367.27515	0.0	1775.9984	0.0	0.0	0.0	419.1708	479.68762	0.0	1289.9541	0.0	405.55502	0.0	0.0	722.92365	831.88556	0.0	1743.4701	0.0	0.0	586.9566	967.16064	0.0	0.0	488.3519	0.0	1111.4756	0.0	1571.1644	0.0	0.0	0.0	1504.0211	0.0	0.0	0.0	0.0	0.0	184.67043	0.0	0.0	800.93604	0.0	0.0	0.0	0.0	0.0	499.08447	0.0	1308.6561	0.0	0.0	0.0	269.5521	360.19003	0.0	0.0	0.0	1445.0568	86.311424	0.0	0.0	925.7344	173.35219	0.0	0.0	2233.3635	777.6911	0.0	0.0	1093.3131	0.0	84.898994	0.0	0.0	444.51718	0.0	0.0	0.0	0.0	1370.3143	1659.8907	0.0	1103.5518	173.30803	1423.8296	0.0	1677.482	2208.1384	217.57617	795.89276	0.0	0.0	0.0	390.42117	1199.708	0.0	0.0	231.89998	846.72095	0.0	0.0	0.0
685.8032	0.0	734.43506	0.0	0.0	4.5043287	0.0	0.0	0.0	1310.3716	0.0	1649.141	0.0	0.0	48.632793	484.19583	0.0	0.0	0.0	0.0	0.0	0.0	165.26433	0.0	0.0	275.7264	0.0	1462.9692	0.0	0.0	0.0	312.5381	386.86685	0.0	992.7993	0.0	336.0353	0.0	0.0	586.7857	657.09503	0.0	1405.1512	0.0	0.0	444.22855	705.2088	0.0	0.0	451.35153	0.0	841.3226	0.0	1235.2124	0.0	0.0	0.0	1211.7036	0.0	0.0	0.0	0.0	0.0	159.9958	0.0	0.0	694.94244	0.0	0.0	0.0	0.0	0.0	375.80078	0.0	1002.7922	0.0	0.0	0.0	191.54285	279.92642	0.0	0.0	0.0	1151.9335	54.286312	0.0	0.0	752.4102	75.04757	0.0	0.0	1790.4951	582.48035	0.0	0.0	868.56537	0.0	79.23825	0.0	0.0	313.1957	0.0	0.0	0.0	0.0	1008.85547	1338.5518	0.0	831.8245	126.72146	1160.66	0.0	1336.2006	1710.765	238.45561	630.8511	0.0	0.0	0.0	299.53546	917.57904	0.0	0.0	179.32576	645.8388	0.0	0.0	0.0
695.71875	0.0	742.6175	0.0	0.0	2.1217663	0.0	0.0	0.0	1329.1854	0.0	1665.9082	0.0	0.0	44.93921	503.15475	0.0	0.0	0.0	0.0	0.0	0.0	166.61536	0.0	0.0	282.2612	0.0	1490.0503	0.0	0.0	0.0	318.142	395.68164	0.0	993.8298	0.0	339.52774	0.0	0.0	594.29205	667.38855	0.0	1433.062	0.0	0.0	450.031	700.5078	0.0	0.0	462.8273	0.0	852.9304	0.0	1250.397	0.0	0.0	0.0	1220.4623	0.0	0.0	0.0	0.0	0.0	165.17729	0.0	0.0	709.4802	0.0	0.0	0.0	0.0	0.0	377.86148	0.0	1008.42096	0.0	0.0	0.0	204.4586	285.02423	0.0	0.0	0.0	1170.7025	55.42436	0.0	0.0	776.3386	65.419525	0.0	0.0	1822.7994	580.5999	0.0	0.0	876.8359	0.0	79.9289	0.0	0.0	307.696	0.0	0.0	0.0	0.0	1004.14276	1363.0126	0.0	841.4305	123.93145	1190.8208	0.0	1351.8055	1727.5131	261.04807	644.2935	0.0	0.0	0.0	306.8308	925.71924	0.0	0.0	176.40245	655.54504	0.0	0.0	0.0
684.24854	0.0	731.03925	0.0	0.0	4.8477297	0.0	0.0	0.0	1304.1276	0.0	1641.3715	0.0	0.0	47.59846	483.34348	0.0	0.0	0.0	0.0	0.0	0.0	164.16133	0.0	0.0	273.94284	0.0	1457.147	0.0	0.0	0.0	310.78018	385.31738	0.0	988.0683	0.0	335.2678	0.0	0.0	584.88965	654.4609	0.0	1399.2012	0.0	0.0	442.1058	701.1203	0.0	0.0	450.44482	0.0	836.70844	0.0	1229.6445	0.0	0.0	0.0	1207.2325	0.0	0.0	0.0	0.0	0.0	159.6593	0.0	0.0	692.81226	0.0	0.0	0.0	0.0	0.0	374.0513	0.0	997.9559	0.0	0.0	0.0	189.56335	278.6489	0.0	0.0	0.0	1147.402	53.25626	0.0	0.0	749.50726	72.57509	0.0	0.0	1782.7108	579.4227	0.0	0.0	864.27246	0.0	79.058495	0.0	0.0	310.68524	0.0	0.0	0.0	0.0	1002.68066	1333.2635	0.0	827.17554	126.18157	1155.9423	0.0	1330.351	1702.6957	238.42949	628.7872	0.0	0.0	0.0	297.6895	912.3828	0.0	0.0	178.53435	643.20917	0.0	0.0	0.0
678.97986	0.0	731.09735	0.0	0.0	6.698769	0.0	0.0	0.0	1306.8347	0.0	1641.7203	0.0	0.0	54.62256	471.1937	0.0	0.0	0.0	0.0	0.0	0.0	166.01231	0.0	0.0	273.1398	0.0	1447.2023	0.0	0.0	0.0	310.90805	383.7081	0.0	995.1706	0.0	333.234	0.0	0.0	583.35016	651.448	0.0	1390.3535	0.0	0.0	442.99277	713.0494	0.0	0.0	441.69064	0.0	838.721	0.0	1229.7344	0.0	0.0	0.0	1207.86	0.0	0.0	0.0	0.0	0.0	156.71254	0.0	0.0	682.52	0.0	0.0	0.0	0.0	0.0	376.17715	0.0	1003.77264	0.0	0.0	0.0	186.50826	278.41238	0.0	0.0	0.0	1143.2562	54.620045	0.0	0.0	740.46906	83.85406	0.0	0.0	1774.9955	586.76245	0.0	0.0	864.4104	0.0	78.2347	0.0	0.0	318.33185	0.0	0.0	0.0	0.0	1018.6027	1326.9252	0.0	831.3015	129.66235	1145.7201	0.0	1329.2269	1706.4126	223.6994	624.78375	0.0	0.0	0.0	296.14352	916.021	0.0	0.0	182.2425	644.9471	0.0	0.0	0.0
694.2932	0.0	762.76434	0.0	0.0	5.5546193	0.0	0.0	0.0	1367.0714	0.0	1704.2953	0.0	0.0	62.92032	481.81485	0.0	0.0	0.0	0.0	0.0	0.0	179.39284	0.0	0.0	291.1433	0.0	1495.8282	0.0	0.0	0.0	328.9034	399.0524	0.0	1034.7792	0.0	340.26962	0.0	0.0	603.12823	676.9289	0.0	1447.4039	0.0	0.0	467.11343	745.7654	0.0	0.0	445.5559	0.0	882.9221	0.0	1278.933	0.0	0.0	0.0	1244.0844	0.0	0.0	0.0	0.0	0.0	161.38176	0.0	0.0	698.1225	0.0	0.0	0.0	0.0	0.0	391.76065	0.0	1047.2255	0.0	0.0	0.0	205.94646	291.2289	0.0	0.0	0.0	1185.4467	60.885334	0.0	0.0	773.0147	97.5407	0.0	0.0	1845.7389	609.76276	0.0	0.0	897.8381	0.0	79.13359	0.0	0.0	335.81357	0.0	0.0	0.0	0.0	1066.1891	1375.8846	0.0	871.1738	135.099	1191.974	0.0	1379.1056	1780.6461	229.37907	651.7098	0.0	0.0	0.0	311.90732	961.0149	0.0	0.0	186.93657	674.16327	0.0	0.0	0.0
701.87836	0.0	773.30524	0.0	0.0	8.610455	0.0	0.0	0.0	1386.7574	0.0	1725.957	0.0	0.0	66.4396	482.82324	0.0	0.0	0.0	0.0	0.0	0.0	182.04736	0.0	0.0	293.25607	0.0	1511.07	0.0	0.0	0.0	333.67554	402.2678	0.0	1049.8961	0.0	344.29697	0.0	0.0	610.60284	685.19745	0.0	1461.7236	0.0	0.0	473.6064	760.5244	0.0	0.0	447.88818	0.0	896.0366	0.0	1295.8356	0.0	0.0	0.0	1260.7404	0.0	0.0	0.0	0.0	0.0	162.5295	0.0	0.0	703.3392	0.0	0.0	0.0	0.0	0.0	397.63184	0.0	1062.0332	0.0	0.0	0.0	207.7382	295.55124	0.0	0.0	0.0	1200.3928	62.549725	0.0	0.0	778.2539	103.43557	0.0	0.0	1865.2726	621.3089	0.0	0.0	908.7884	0.0	79.136284	0.0	0.0	342.74484	0.0	0.0	0.0	0.0	1085.652	1391.1484	0.0	885.12714	138.39558	1202.6666	0.0	1396.8281	1805.0708	224.72205	658.1707	0.0	0.0	0.0	315.62222	973.856	0.0	0.0	190.14307	684.3403	0.0	0.0	0.0
675.2179	0.0	722.5074	0.0	0.0	9.147291	0.0	0.0	0.0	1287.5092	0.0	1624.3636	0.0	0.0	51.663788	467.2457	0.0	0.0	0.0	0.0	0.0	0.0	162.72871	0.0	0.0	266.51636	0.0	1431.6176	0.0	0.0	0.0	305.84775	377.54465	0.0	984.62067	0.0	332.55753	0.0	0.0	577.88055	645.3404	0.0	1373.8594	0.0	0.0	435.4821	702.7292	0.0	0.0	440.0889	0.0	825.82587	0.0	1216.2108	0.0	0.0	0.0	1197.1738	0.0	0.0	0.0	0.0	0.0	155.78305	0.0	0.0	679.60895	0.0	0.0	0.0	0.0	0.0	371.4518	0.0	990.1618	0.0	0.0	0.0	178.75702	275.10062	0.0	0.0	0.0	1130.8348	52.669144	0.0	0.0	729.69336	79.20878	0.0	0.0	1751.8099	580.06134	0.0	0.0	854.51	0.0	78.0098	0.0	0.0	312.88242	0.0	0.0	0.0	0.0	1003.66113	1311.7046	0.0	817.82697	128.69322	1129.6196	0.0	1314.1576	1686.0826	220.00444	617.07874	0.0	0.0	0.0	291.5101	903.2028	0.0	0.0	179.71614	635.2705	0.0	0.0	0.0
681.42926	0.0	746.47144	0.0	0.0	5.9674573	0.0	0.0	0.0	1333.2024	0.0	1668.6586	0.0	0.0	58.19707	471.13205	0.0	0.0	0.0	0.0	0.0	0.0	172.14613	0.0	0.0	281.48465	0.0	1463.9263	0.0	0.0	0.0	318.44562	388.94775	0.0	1012.8006	0.0	333.5532	0.0	0.0	589.4751	660.93884	0.0	1412.2773	0.0	0.0	455.46033	730.5839	0.0	0.0	439.64688	0.0	860.0884	0.0	1249.8169	0.0	0.0	0.0	1220.6954	0.0	0.0	0.0	0.0	0.0	158.07916	0.0	0.0	684.4424	0.0	0.0	0.0	0.0	0.0	383.83667	0.0	1022.8425	0.0	0.0	0.0	196.92212	282.7084	0.0	0.0	0.0	1158.4487	58.565434	0.0	0.0	751.3855	94.422844	0.0	0.0	1802.6688	599.03436	0.0	0.0	878.915	0.0	76.98288	0.0	0.0	329.6537	0.0	0.0	0.0	0.0	1041.8265	1344.6132	0.0	849.97394	131.82985	1161.7477	0.0	1350.3715	1736.6508	219.18929	633.7849	0.0	0.0	0.0	304.81726	936.3405	0.0	0.0	184.49797	658.07446	0.0	0.0	0.0
797.83014	0.0	805.94946	0.0	0.0	0.0	0.0	0.0	0.0	1443.7181	0.0	1810.0135	0.0	0.0	3.5807884	637.29016	0.0	0.0	0.0	0.0	0.0	0.0	170.37622	0.0	0.0	335.7382	0.0	1674.3154	0.0	0.0	0.0	349.70914	443.9382	0.0	1024.9141	0.0	386.25748	0.0	0.0	633.88544	741.3806	0.0	1623.7494	0.0	0.0	486.60782	680.80066	0.0	0.0	568.28094	0.0	908.6348	0.0	1360.896	0.0	0.0	0.0	1302.7599	0.0	0.0	0.0	0.0	0.0	199.29549	0.0	0.0	846.126	0.0	0.0	0.0	0.0	0.0	417.12402	0.0	1068.3766	0.0	0.0	0.0	262.4916	301.2255	0.0	0.0	0.0	1306.1449	51.97722	0.0	0.0	935.69037	2.9895582	0.0	0.0	2049.5632	586.78815	0.0	0.0	951.2317	0.0	102.1499	0.0	0.0	296.2797	0.0	0.0	0.0	0.0	994.0234	1526.3174	0.0	888.7615	93.952965	1383.9156	0.0	1466.6138	1841.445	399.46094	743.6001	0.0	0.0	0.0	348.6957	985.30145	0.0	0.0	169.07619	703.3295	0.0	0.0	0.0
673.93146	0.0	726.2363	0.0	0.0	7.1546206	0.0	0.0	0.0	1297.2982	0.0	1631.9608	0.0	0.0	54.64481	465.2924	0.0	0.0	0.0	0.0	0.0	0.0	164.1579	0.0	0.0	269.17154	0.0	1435.1332	0.0	0.0	0.0	307.75397	380.18686	0.0	990.82416	0.0	331.18933	0.0	0.0	578.60187	646.1333	0.0	1378.9298	0.0	0.0	440.38272	709.489	0.0	0.0	438.5874	0.0	832.98773	0.0	1221.585	0.0	0.0	0.0	1200.4242	0.0	0.0	0.0	0.0	0.0	155.38747	0.0	0.0	676.38226	0.0	0.0	0.0	0.0	0.0	373.67807	0.0	996.9101	0.0	0.0	0.0	183.1936	275.34866	0.0	0.0	0.0	1133.4363	54.047012	0.0	0.0	732.1062	85.26294	0.0	0.0	1759.5367	585.31055	0.0	0.0	859.2011	0.0	77.23791	0.0	0.0	317.65463	0.0	0.0	0.0	0.0	1013.346	1316.6605	0.0	824.13116	130.22807	1134.0137	0.0	1320.3424	1694.4098	217.48712	617.8117	0.0	0.0	0.0	293.68057	909.03534	0.0	0.0	180.75096	639.64984	0.0	0.0	0.0
714.58026	0.0	777.71655	0.0	0.0	4.6690416	0.0	0.0	0.0	1392.8112	0.0	1739.5846	0.0	0.0	61.92036	500.2067	0.0	0.0	0.0	0.0	0.0	0.0	181.38013	0.0	0.0	296.40176	0.0	1533.6836	0.0	0.0	0.0	335.34378	407.8125	0.0	1052.9574	0.0	350.53427	0.0	0.0	618.89386	693.3154	0.0	1482.0234	0.0	0.0	472.56265	754.81573	0.0	0.0	461.01834	0.0	897.1307	0.0	1306.7657	0.0	0.0	0.0	1270.7771	0.0	0.0	0.0	0.0	0.0	167.06444	0.0	0.0	720.64886	0.0	0.0	0.0	0.0	0.0	397.7349	0.0	1066.202	0.0	0.0	0.0	209.08849	298.6069	0.0	0.0	0.0	1214.7626	59.914715	0.0	0.0	793.8404	92.272156	0.0	0.0	1887.3799	617.9626	0.0	0.0	915.8776	0.0	82.708885	0.0	0.0	336.21643	0.0	0.0	0.0	0.0	1079.7677	1408.972	0.0	886.7385	136.70601	1223.361	0.0	1408.3536	1817.681	244.74153	667.1663	0.0	0.0	0.0	317.0671	977.36115	0.0	0.0	189.45009	686.8816	0.0	0.0	0.0
677.5967	0.0	723.6851	0.0	0.0	5.9498153	0.0	0.0	0.0	1292.5675	0.0	1628.3828	0.0	0.0	49.85993	473.0233	0.0	0.0	0.0	0.0	0.0	0.0	162.03102	0.0	0.0	268.74057	0.0	1439.7726	0.0	0.0	0.0	306.5336	380.7731	0.0	984.37384	0.0	332.4258	0.0	0.0	578.87885	646.3582	0.0	1381.3143	0.0	0.0	437.38025	700.5266	0.0	0.0	444.52695	0.0	828.7326	0.0	1219.243	0.0	0.0	0.0	1199.5197	0.0	0.0	0.0	0.0	0.0	156.85205	0.0	0.0	683.05426	0.0	0.0	0.0	0.0	0.0	372.01407	0.0	991.7615	0.0	0.0	0.0	182.97194	275.60913	0.0	0.0	0.0	1134.7904	52.703125	0.0	0.0	736.9831	76.62607	0.0	0.0	1761.2314	579.63007	0.0	0.0	857.2098	0.0	78.11613	0.0	0.0	311.74307	0.0	0.0	0.0	0.0	1001.87335	1318.8627	0.0	820.19696	127.94335	1138.7445	0.0	1318.3239	1688.6191	227.17143	619.6457	0.0	0.0	0.0	293.4213	904.29297	0.0	0.0	179.52574	637.5223	0.0	0.0	0.0
727.07007	0.0	786.5319	0.0	0.0	3.408101	0.0	0.0	0.0	1403.8008	0.0	1762.7377	0.0	0.0	60.37792	506.15622	0.0	0.0	0.0	0.0	0.0	0.0	179.51979	0.0	0.0	293.05063	0.0	1553.6113	0.0	0.0	0.0	336.19888	410.20938	0.0	1066.646	0.0	357.3759	0.0	0.0	627.47516	701.89056	0.0	1495.9076	0.0	0.0	475.05057	763.2017	0.0	0.0	472.90576	0.0	902.81366	0.0	1320.1249	0.0	0.0	0.0	1292.2432	0.0	0.0	0.0	0.0	0.0	168.24556	0.0	0.0	732.28143	0.0	0.0	0.0	0.0	0.0	400.56497	0.0	1074.7385	0.0	0.0	0.0	203.52356	299.84436	0.0	0.0	0.0	1227.3214	59.904297	0.0	0.0	795.3107	91.07153	0.0	0.0	1906.3624	628.3305	0.0	0.0	927.94415	0.0	83.262184	0.0	0.0	339.28622	0.0	0.0	0.0	0.0	1090.0024	1424.2318	0.0	892.58105	139.77866	1232.8141	0.0	1426.5873	1834.3574	243.30939	671.07526	0.0	0.0	0.0	319.6394	984.4236	0.0	0.0	191.322	693.0026	0.0	0.0	0.0
678.69794	0.0	729.6906	0.0	0.0	6.00907	0.0	0.0	0.0	1302.1351	0.0	1637.9071	0.0	0.0	53.475758	472.44705	0.0	0.0	0.0	0.0	0.0	0.0	165.19664	0.0	0.0	270.3959	0.0	1446.0411	0.0	0.0	0.0	309.80392	381.54227	0.0	991.0656	0.0	333.49472	0.0	0.0	583.27106	652.16766	0.0	1389.1802	0.0	0.0	441.36765	707.8777	0.0	0.0	443.71878	0.0	836.6047	0.0	1226.647	0.0	0.0	0.0	1204.7992	0.0	0.0	0.0	0.0	0.0	156.92757	0.0	0.0	683.7207	0.0	0.0	0.0	0.0	0.0	373.11157	0.0	998.2868	0.0	0.0	0.0	186.03851	277.95145	0.0	0.0	0.0	1140.9738	54.63354	0.0	0.0	738.5264	81.48764	0.0	0.0	1770.9525	582.9836	0.0	0.0	862.65375	0.0	77.44192	0.0	0.0	314.62332	0.0	0.0	0.0	0.0	1010.87274	1324.2296	0.0	827.9749	128.83324	1144.4617	0.0	1326.0344	1701.4873	226.11943	623.1243	0.0	0.0	0.0	296.04147	912.7251	0.0	0.0	178.81541	642.23834	0.0	0.0	0.0
684.4676	0.0	749.5632	0.0	0.0	4.501781	0.0	0.0	0.0	1340.3599	0.0	1675.8412	0.0	0.0	60.170216	475.68604	0.0	0.0	0.0	0.0	0.0	0.0	174.20874	0.0	0.0	283.8279	0.0	1472.4883	0.0	0.0	0.0	321.78088	391.87598	0.0	1016.82715	0.0	335.92587	0.0	0.0	594.24725	665.5354	0.0	1422.4337	0.0	0.0	457.16727	731.04474	0.0	0.0	442.06924	0.0	865.0008	0.0	1256.673	0.0	0.0	0.0	1224.8359	0.0	0.0	0.0	0.0	0.0	159.12915	0.0	0.0	689.2356	0.0	0.0	0.0	0.0	0.0	383.49033	0.0	1027.2994	0.0	0.0	0.0	199.95656	285.54092	0.0	0.0	0.0	1165.6095	58.76414	0.0	0.0	758.2261	93.162964	0.0	0.0	1813.4635	598.75397	0.0	0.0	882.99677	0.0	78.08822	0.0	0.0	328.24167	0.0	0.0	0.0	0.0	1044.1779	1352.5328	0.0	854.10614	131.96803	1171.1807	0.0	1356.2389	1747.7588	226.59605	638.74457	0.0	0.0	0.0	305.85843	942.2243	0.0	0.0	182.68831	660.7369	0.0	0.0	0.0
845.2627	0.0	827.55743	0.0	0.0	0.0	0.0	0.0	0.0	1480.1776	0.0	1851.4371	0.0	0.0	0.0	698.9749	0.0	0.0	0.0	0.0	0.0	0.0	168.19958	0.0	0.0	359.44897	0.0	1743.4745	0.0	0.0	0.0	360.06912	457.0389	0.0	1023.1184	0.0	409.47623	0.0	0.0	644.8072	779.2299	0.0	1702.3483	0.0	0.0	492.26968	655.2893	0.0	0.0	621.36566	0.0	917.35864	0.0	1394.5513	0.0	0.0	0.0	1319.3248	0.0	0.0	0.0	0.0	0.0	210.30107	0.0	0.0	910.44824	0.0	0.0	0.0	0.0	0.0	429.3123	0.0	1078.9375	0.0	0.0	0.0	289.99118	300.6288	0.0	0.0	0.0	1359.9033	50.835682	0.0	0.0	1006.4619	0.0	0.0	0.0	2136.3674	577.1775	0.0	0.0	974.2886	0.0	111.66111	0.0	0.0	281.02737	0.0	0.0	0.0	0.0	964.5866	1585.9386	0.0	900.25616	72.03722	1470.0541	0.0	1497.085	1867.6139	476.82336	790.01764	4.4202523	0.0	0.0	366.50595	998.3506	0.0	0.0	153.47423	715.09467	0.0	0.0	0.0
707.7928	0.0	743.8608	0.0	0.0	0.0	0.0	0.0	0.0	1325.7218	0.0	1671.2008	0.0	0.0	29.087454	529.7563	0.0	0.0	0.0	0.0	0.0	0.0	165.51099	0.0	0.0	290.7301	0.0	1509.9453	0.0	0.0	0.0	320.32846	399.53723	0.0	985.35614	0.0	345.18384	0.0	0.0	594.87616	670.72406	0.0	1453.1403	0.0	0.0	450.035	683.0354	0.0	0.0	478.17935	0.0	846.8096	0.0	1254.5924	0.0	0.0	0.0	1221.9039	0.0	0.0	0.0	0.0	0.0	172.55847	0.0	0.0	733.9035	0.0	0.0	0.0	0.0	0.0	380.86752	0.0	1006.97577	0.0	0.0	0.0	209.45544	283.81546	0.0	0.0	0.0	1181.3688	51.57994	0.0	0.0	798.0012	45.114212	0.0	0.0	1843.1466	570.5281	0.0	0.0	881.222	0.0	84.13431	0.0	0.0	300.36166	0.0	0.0	0.0	0.0	982.74994	1375.371	0.0	833.511	115.074394	1210.9484	0.0	1356.8036	1724.772	287.25687	654.71155	0.0	0.0	0.0	308.329	924.2518	0.0	0.0	176.51909	651.55145	0.0	0.0	0.0
681.5691	0.0	732.7492	0.0	0.0	4.389858	0.0	0.0	0.0	1309.734	0.0	1644.7374	0.0	0.0	51.919132	479.86227	0.0	0.0	0.0	0.0	0.0	0.0	166.62117	0.0	0.0	275.42288	0.0	1455.7484	0.0	0.0	0.0	312.72336	385.65524	0.0	992.3713	0.0	334.22293	0.0	0.0	585.39435	655.2048	0.0	1400.9308	0.0	0.0	443.86914	706.5893	0.0	0.0	446.41	0.0	841.6624	0.0	1233.1199	0.0	0.0	0.0	1207.1063	0.0	0.0	0.0	0.0	0.0	159.13605	0.0	0.0	689.017	0.0	0.0	0.0	0.0	0.0	374.69604	0.0	1002.3222	0.0	0.0	0.0	191.77057	280.15195	0.0	0.0	0.0	1148.4147	54.337757	0.0	0.0	750.15576	78.07757	0.0	0.0	1784.7319	581.8968	0.0	0.0	865.8537	0.0	79.377205	0.0	0.0	313.5171	0.0	0.0	0.0	0.0	1010.82306	1334.0024	0.0	832.2822	127.589134	1157.2115	0.0	1332.5879	1709.8839	235.42104	629.43365	0.0	0.0	0.0	298.55737	917.0681	0.0	0.0	178.6332	646.33307	0.0	0.0	0.0
685.5862	0.0	740.6858	0.0	0.0	2.7187128	0.0	0.0	0.0	1322.9525	0.0	1661.1315	0.0	0.0	52.494244	483.26358	0.0	0.0	0.0	0.0	0.0	0.0	167.9598	0.0	0.0	279.34528	0.0	1469.4121	0.0	0.0	0.0	315.19922	390.257	0.0	1002.687	0.0	335.46985	0.0	0.0	589.5296	660.2869	0.0	1414.3981	0.0	0.0	450.05774	715.215	0.0	0.0	449.49536	0.0	850.9167	0.0	1243.1616	0.0	0.0	0.0	1217.5151	0.0	0.0	0.0	0.0	0.0	159.77708	0.0	0.0	692.9185	0.0	0.0	0.0	0.0	0.0	379.2422	0.0	1012.4189	0.0	0.0	0.0	195.41646	280.62875	0.0	0.0	0.0	1156.7067	55.32318	0.0	0.0	756.264	81.419785	0.0	0.0	1802.0436	589.07745	0.0	0.0	875.5618	0.0	78.41355	0.0	0.0	318.5688	0.0	0.0	0.0	0.0	1021.45184	1346.3846	0.0	839.9346	129.42546	1167.2168	0.0	1345.0469	1724.9354	236.63672	634.35547	0.0	0.0	0.0	302.80963	927.0349	0.0	0.0	181.3192	651.8923	0.0	0.0	0.0
763.68384	0.0	772.4775	0.0	0.0	0.0	0.0	0.0	0.0	1380.6401	0.0	1736.3348	0.0	0.0	5.8885283	600.4095	0.0	0.0	0.0	0.0	0.0	0.0	163.19041	0.0	0.0	313.66864	0.0	1599.2369	0.0	0.0	0.0	333.40005	421.17285	0.0	992.6193	0.0	371.67697	0.0	0.0	612.51953	710.35626	0.0	1547.0518	0.0	0.0	463.86362	663.0842	0.0	0.0	539.84625	0.0	869.93243	0.0	1304.0084	0.0	0.0	0.0	1257.0155	0.0	0.0	0.0	0.0	0.0	188.35376	0.0	0.0	805.79047	0.0	0.0	0.0	0.0	0.0	396.27283	0.0	1027.0624	0.0	0.0	0.0	239.3678	289.44278	0.0	0.0	0.0	1248.4053	50.064465	0.0	0.0	880.37305	4.455839	0.0	0.0	1952.0065	568.8211	0.0	0.0	913.97363	0.0	95.65644	0.0	0.0	287.43552	0.0	0.0	0.0	0.0	965.41583	1456.0626	0.0	852.9362	97.74469	1311.7487	0.0	1407.4019	1770.9545	366.23364	705.93427	0.0	0.0	0.0	329.509	946.50195	0.0	0.0	164.38733	672.9155	0.0	0.0	0.0
810.10425	0.0	808.1833	0.0	0.0	0.0	0.0	0.0	0.0	1445.9689	0.0	1812.6353	0.0	0.0	0.0	654.5938	0.0	0.0	0.0	0.0	0.0	0.0	169.17424	0.0	0.0	339.47504	0.0	1687.7251	0.0	0.0	0.0	350.96915	443.5356	0.0	1018.45575	0.0	393.14493	0.0	0.0	634.8406	750.9184	0.0	1639.357	0.0	0.0	484.6719	668.3049	0.0	0.0	583.01514	0.0	904.9595	0.0	1364.1277	0.0	0.0	0.0	1301.2827	0.0	0.0	0.0	0.0	0.0	202.08345	0.0	0.0	863.3196	0.0	0.0	0.0	0.0	0.0	417.48535	0.0	1064.3678	0.0	0.0	0.0	267.01062	299.06015	0.0	0.0	0.0	1316.7572	51.35504	0.0	0.0	951.4162	0.0	0.0	0.0	2063.948	579.262	0.0	0.0	953.0888	0.0	104.80196	0.0	0.0	287.99905	0.0	0.0	0.0	0.0	978.1608	1535.5127	0.0	886.0578	86.94675	1402.8983	0.0	1467.9092	1840.0835	422.76718	753.30707	0.0	0.0	0.0	351.77505	984.11914	0.0	0.0	163.09099	702.78485	0.0	0.0	0.0
731.30273	0.0	778.66925	0.0	0.0	0.0	0.0	0.0	0.0	1393.6537	0.0	1741.8651	0.0	0.0	37.744076	544.9585	0.0	0.0	0.0	0.0	0.0	0.0	176.13359	0.0	0.0	306.0528	0.0	1568.5375	0.0	0.0	0.0	337.5518	417.74146	0.0	1026.7928	0.0	355.30807	0.0	0.0	618.9609	702.1091	0.0	1516.0573	0.0	0.0	473.1948	717.3211	0.0	0.0	491.06265	0.0	893.55615	0.0	1309.1416	0.0	0.0	0.0	1266.2615	0.0	0.0	0.0	0.0	0.0	176.47992	0.0	0.0	754.5727	0.0	0.0	0.0	0.0	0.0	396.76547	0.0	1049.803	0.0	0.0	0.0	228.94633	299.2007	0.0	0.0	0.0	1231.9674	57.8578	0.0	0.0	835.48517	55.09526	0.0	0.0	1925.25	595.0655	0.0	0.0	915.8211	0.0	86.76804	0.0	0.0	314.31778	0.0	0.0	0.0	0.0	1031.1932	1435.0651	0.0	878.43964	120.73883	1267.2782	0.0	1414.2186	1804.3744	298.6831	685.78143	0.0	0.0	0.0	326.86548	968.5496	0.0	0.0	179.2552	686.212	0.0	0.0	0.0
809.0579	0.0	970.84766	0.0	0.0	39.469814	0.0	0.0	0.0	1720.297	0.0	2079.5996	0.0	0.0	106.22759	553.7037	0.0	0.0	0.0	0.0	0.0	0.0	256.84818	0.0	0.0	409.16675	0.0	1783.9492	0.0	0.0	0.0	437.58652	490.53955	0.0	1272.0627	0.0	415.3752	0.0	0.0	720.1148	863.3828	0.0	1782.6149	0.0	0.0	597.4368	949.6226	0.0	0.0	481.18298	0.0	1124.0908	0.0	1583.1852	0.0	0.0	0.0	1470.1766	0.0	0.0	0.0	0.0	0.0	195.00249	0.0	0.0	828.2217	0.0	0.0	0.0	0.0	0.0	510.8306	0.0	1313.5846	0.0	0.0	0.0	314.37308	375.5105	0.0	0.0	0.0	1474.1412	90.49412	0.0	0.0	978.83276	161.19106	0.0	0.0	2283.9578	746.0159	0.0	0.0	1093.8116	0.0	96.76014	0.0	0.0	433.95865	0.0	0.0	0.0	0.0	1351.5695	1676.0951	0.0	1115.3138	155.36565	1474.9087	0.0	1674.9297	2242.76	288.24194	848.862	0.0	0.0	0.0	396.62198	1225.0233	0.0	0.0	205.6645	852.77594	0.0	0.0	0.0
776.6392	0.0	908.2027	0.0	0.0	27.331999	0.0	0.0	0.0	1604.9287	0.0	1960.7007	0.0	0.0	88.37094	531.6735	0.0	0.0	0.0	0.0	0.0	0.0	234.32379	0.0	0.0	374.6232	0.0	1689.9938	0.0	0.0	0.0	406.73917	458.4697	0.0	1194.8986	0.0	393.104	0.0	0.0	680.69867	806.88916	0.0	1675.542	0.0	0.0	553.8055	881.6614	0.0	0.0	471.41672	0.0	1048.3342	0.0	1487.3141	0.0	0.0	0.0	1397.2806	0.0	0.0	0.0	0.0	0.0	183.97192	0.0	0.0	792.5267	0.0	0.0	0.0	0.0	0.0	473.86508	0.0	1230.4503	0.0	0.0	0.0	279.43784	350.2628	0.0	0.0	0.0	1384.9824	81.09324	0.0	0.0	915.78906	138.43095	0.0	0.0	2143.5867	701.61554	0.0	0.0	1029.0839	0.0	95.22756	0.0	0.0	404.98215	0.0	0.0	0.0	0.0	1261.2084	1578.2777	0.0	1038.2129	141.85992	1383.4336	0.0	1579.3744	2096.5264	269.87323	786.243	0.0	0.0	0.0	371.9528	1144.3168	0.0	0.0	196.22304	795.01465	0.0	0.0	0.0
773.6966	0.0	904.0254	0.0	0.0	26.511347	0.0	0.0	0.0	1599.1348	0.0	1954.0873	0.0	0.0	88.74622	529.2701	0.0	0.0	0.0	0.0	0.0	0.0	232.50545	0.0	0.0	370.71237	0.0	1685.7709	0.0	0.0	0.0	405.47226	456.8726	0.0	1190.5283	0.0	391.358	0.0	0.0	680.55255	803.1486	0.0	1669.0098	0.0	0.0	550.82855	877.4567	0.0	0.0	471.09708	0.0	1044.1826	0.0	1482.941	0.0	0.0	0.0	1394.3771	0.0	0.0	0.0	0.0	0.0	184.28712	0.0	0.0	790.17694	0.0	0.0	0.0	0.0	0.0	469.66074	0.0	1224.6552	0.0	0.0	0.0	277.8463	350.1119	0.0	0.0	0.0	1380.0186	81.584526	0.0	0.0	909.8907	138.71451	0.0	0.0	2136.2922	699.1902	0.0	0.0	1025.6841	0.0	93.864136	0.0	0.0	402.94946	0.0	0.0	0.0	0.0	1255.1407	1573.6744	0.0	1034.3434	142.42418	1378.3182	0.0	1575.5591	2088.589	267.21396	781.1269	0.0	0.0	0.0	370.1143	1138.9198	0.0	0.0	195.22151	791.8635	0.0	0.0	0.0
757.542	0.0	874.87164	0.0	0.0	20.66324	0.0	0.0	0.0	1548.8915	0.0	1901.2994	0.0	0.0	83.66715	518.7326	0.0	0.0	0.0	0.0	0.0	0.0	222.592	0.0	0.0	350.73862	0.0	1644.8242	0.0	0.0	0.0	390.63004	442.2927	0.0	1156.4985	0.0	380.44177	0.0	0.0	665.39264	776.88715	0.0	1620.4039	0.0	0.0	530.90155	848.9915	0.0	0.0	465.67532	0.0	1010.98193	0.0	1440.9105	0.0	0.0	0.0	1363.4701	0.0	0.0	0.0	0.0	0.0	179.19493	0.0	0.0	771.2514	0.0	0.0	0.0	0.0	0.0	450.68594	0.0	1185.138	0.0	0.0	0.0	260.48056	339.55966	0.0	0.0	0.0	1339.3761	77.66565	0.0	0.0	878.2442	129.49574	0.0	0.0	2071.8154	679.76074	0.0	0.0	996.54126	0.0	91.45755	0.0	0.0	388.17978	0.0	0.0	0.0	0.0	1213.4957	1529.6322	0.0	999.8865	140.95879	1336.5679	0.0	1533.229	2023.7194	256.08655	751.38544	0.0	0.0	0.0	357.73413	1101.1685	0.0	0.0	193.52916	767.58936	0.0	0.0	0.0
763.1016	0.0	876.3509	0.0	0.0	20.922167	0.0	0.0	0.0	1558.7363	0.0	1918.235	0.0	0.0	89.06306	523.2364	0.0	0.0	0.0	0.0	0.0	0.0	222.45906	0.0	0.0	347.6697	0.0	1658.3276	0.0	0.0	0.0	389.01328	446.64053	0.0	1170.0533	0.0	383.10495	0.0	0.0	672.7452	775.8315	0.0	1629.8037	0.0	0.0	532.5502	859.5566	0.0	0.0	469.22153	0.0	1014.3134	0.0	1451.3041	0.0	0.0	0.0	1379.3164	0.0	0.0	0.0	0.0	0.0	180.85817	0.0	0.0	774.855	0.0	0.0	0.0	0.0	0.0	452.7482	0.0	1195.4769	0.0	0.0	0.0	256.2689	340.97092	0.0	0.0	0.0	1346.4589	76.41271	0.0	0.0	878.7482	134.28236	0.0	0.0	2081.7346	689.3486	0.0	0.0	1006.95294	0.0	91.05853	0.0	0.0	392.545	0.0	0.0	0.0	0.0	1228.3579	1540.0394	0.0	1003.39594	148.67299	1341.8346	0.0	1545.7516	2038.0547	252.82288	751.2775	0.0	0.0	0.0	355.7405	1107.8329	0.0	0.0	202.07909	771.60175	0.0	0.0	0.0
757.3975	0.0	878.2722	0.0	0.0	21.62362	0.0	0.0	0.0	1557.701	0.0	1906.4229	0.0	0.0	86.43803	518.05475	0.0	0.0	0.0	0.0	0.0	0.0	223.68843	0.0	0.0	353.6389	0.0	1649.3506	0.0	0.0	0.0	392.4393	444.92517	0.0	1160.6862	0.0	380.7838	0.0	0.0	667.3736	781.1929	0.0	1626.7972	0.0	0.0	534.34247	853.04913	0.0	0.0	464.51147	0.0	1016.6726	0.0	1446.049	0.0	0.0	0.0	1366.3798	0.0	0.0	0.0	0.0	0.0	178.78984	0.0	0.0	770.76373	0.0	0.0	0.0	0.0	0.0	452.73148	0.0	1191.6077	0.0	0.0	0.0	265.68716	340.82373	0.0	0.0	0.0	1344.7875	78.97504	0.0	0.0	882.4714	132.75203	0.0	0.0	2081.5886	682.65533	0.0	0.0	999.3076	0.0	89.70602	0.0	0.0	388.65488	0.0	0.0	0.0	0.0	1219.6447	1535.4125	0.0	1007.0878	141.22308	1342.659	0.0	1537.7352	2032.3302	258.71344	755.14746	0.0	0.0	0.0	359.88342	1105.8721	0.0	0.0	193.18187	772.1443	0.0	0.0	0.0
767.2866	0.0	891.2504	0.0	0.0	23.486801	0.0	0.0	0.0	1577.4253	0.0	1930.807	0.0	0.0	87.698006	526.6912	0.0	0.0	0.0	0.0	0.0	0.0	228.36322	0.0	0.0	361.44803	0.0	1665.9745	0.0	0.0	0.0	396.03012	452.2286	0.0	1175.6948	0.0	387.92017	0.0	0.0	671.4875	790.63696	0.0	1646.0472	0.0	0.0	541.94037	866.5439	0.0	0.0	470.72754	0.0	1029.6232	0.0	1465.1637	0.0	0.0	0.0	1382.4092	0.0	0.0	0.0	0.0	0.0	184.46423	0.0	0.0	782.1115	0.0	0.0	0.0	0.0	0.0	464.14267	0.0	1209.5133	0.0	0.0	0.0	268.0374	344.25943	0.0	0.0	0.0	1361.4891	79.11431	0.0	0.0	896.09845	134.19974	0.0	0.0	2107.089	693.2781	0.0	0.0	1013.2437	0.0	93.977165	0.0	0.0	396.55063	0.0	0.0	0.0	0.0	1239.3147	1555.1661	0.0	1017.4409	142.16829	1359.6611	0.0	1556.9811	2060.7922	262.97046	768.53345	0.0	0.0	0.0	363.28784	1123.4617	0.0	0.0	197.98769	781.5616	0.0	0.0	0.0
698.5351	0.0	751.2681	0.0	0.0	12.012947	0.0	0.0	0.0	1343.3088	0.0	1691.5746	0.0	0.0	59.945755	474.73413	0.0	0.0	0.0	0.0	0.0	0.0	172.34503	0.0	0.0	278.4225	0.0	1479.9478	0.0	0.0	0.0	318.87778	392.77213	0.0	1032.109	0.0	343.45972	0.0	0.0	597.3183	667.2232	0.0	1419.5243	0.0	0.0	455.11264	744.2019	0.0	0.0	449.17032	0.0	861.59564	0.0	1266.1875	0.0	0.0	0.0	1247.4733	0.0	0.0	0.0	0.0	0.0	160.1249	0.0	0.0	696.4062	0.0	0.0	0.0	0.0	0.0	390.917	0.0	1037.5099	0.0	0.0	0.0	182.67046	286.18628	0.0	0.0	0.0	1173.8187	56.150135	0.0	0.0	752.4094	93.3639	0.0	0.0	1817.394	611.7691	0.0	0.0	888.7233	0.0	81.8597	0.0	0.0	335.07562	0.0	0.0	0.0	0.0	1063.44	1359.4025	0.0	855.15607	136.83269	1166.4471	0.0	1367.9313	1758.043	214.26501	639.1773	0.0	0.0	0.0	300.53128	944.27264	0.0	0.0	191.90105	664.2376	0.0	0.0	0.0
761.38165	0.0	881.64435	0.0	0.0	22.145912	0.0	0.0	0.0	1564.4781	0.0	1916.2261	0.0	0.0	87.52869	521.8955	0.0	0.0	0.0	0.0	0.0	0.0	224.7945	0.0	0.0	355.70102	0.0	1656.7181	0.0	0.0	0.0	393.90588	447.92822	0.0	1166.7924	0.0	382.4984	0.0	0.0	669.1077	782.7071	0.0	1634.46	0.0	0.0	536.96466	857.6736	0.0	0.0	467.73276	0.0	1020.4056	0.0	1452.8014	0.0	0.0	0.0	1372.794	0.0	0.0	0.0	0.0	0.0	180.99542	0.0	0.0	775.37396	0.0	0.0	0.0	0.0	0.0	456.04636	0.0	1196.8041	0.0	0.0	0.0	266.6283	342.3536	0.0	0.0	0.0	1349.942	78.85102	0.0	0.0	887.585	133.4538	0.0	0.0	2090.5576	686.54083	0.0	0.0	1005.21466	0.0	91.60728	0.0	0.0	392.81827	0.0	0.0	0.0	0.0	1227.1874	1543.059	0.0	1009.7016	142.52106	1349.372	0.0	1546.109	2041.6494	259.73288	758.6485	0.0	0.0	0.0	360.50815	1111.6093	0.0	0.0	194.566	774.2181	0.0	0.0	0.0
760.6118	0.0	880.69916	0.0	0.0	21.48323	0.0	0.0	0.0	1558.2041	0.0	1911.3678	0.0	0.0	85.37258	520.7747	0.0	0.0	0.0	0.0	0.0	0.0	224.06078	0.0	0.0	355.66992	0.0	1653.2075	0.0	0.0	0.0	393.3348	445.10007	0.0	1162.9303	0.0	382.74564	0.0	0.0	668.13306	783.19464	0.0	1630.5363	0.0	0.0	535.59686	854.81476	0.0	0.0	466.25778	0.0	1016.7989	0.0	1448.958	0.0	0.0	0.0	1369.4355	0.0	0.0	0.0	0.0	0.0	180.44783	0.0	0.0	775.4343	0.0	0.0	0.0	0.0	0.0	455.14914	0.0	1193.4899	0.0	0.0	0.0	265.46213	341.83386	0.0	0.0	0.0	1347.8658	78.4234	0.0	0.0	884.87695	132.37495	0.0	0.0	2086.1787	683.2412	0.0	0.0	1002.88873	0.0	91.58301	0.0	0.0	390.66867	0.0	0.0	0.0	0.0	1222.0778	1538.3248	0.0	1007.20605	140.53719	1345.6984	0.0	1541.6276	2036.7417	260.04913	758.1834	0.0	0.0	0.0	360.02975	1109.3888	0.0	0.0	193.01619	772.0789	0.0	0.0	0.0
764.5207	0.0	886.2933	0.0	0.0	22.995893	0.0	0.0	0.0	1569.418	0.0	1924.0382	0.0	0.0	85.26247	523.63354	0.0	0.0	0.0	0.0	0.0	0.0	225.87926	0.0	0.0	359.89108	0.0	1663.0648	0.0	0.0	0.0	395.35428	449.46597	0.0	1171.9403	0.0	385.2579	0.0	0.0	670.1668	786.8206	0.0	1640.812	0.0	0.0	540.6782	862.4077	0.0	0.0	468.4507	0.0	1023.784	0.0	1458.0312	0.0	0.0	0.0	1377.8145	0.0	0.0	0.0	0.0	0.0	181.31898	0.0	0.0	779.138	0.0	0.0	0.0	0.0	0.0	460.7662	0.0	1203.1901	0.0	0.0	0.0	267.15662	342.28336	0.0	0.0	0.0	1355.8258	78.04444	0.0	0.0	891.9646	133.6919	0.0	0.0	2098.8618	689.6682	0.0	0.0	1009.99005	0.0	92.72385	0.0	0.0	395.73502	0.0	0.0	0.0	0.0	1233.516	1548.444	0.0	1013.9953	140.96017	1353.5516	0.0	1551.6222	2049.4617	260.51355	763.42865	0.0	0.0	0.0	362.37943	1117.2196	0.0	0.0	195.96721	776.7261	0.0	0.0	0.0
775.90485	0.0	906.93	0.0	0.0	27.152077	0.0	0.0	0.0	1603.4126	0.0	1957.709	0.0	0.0	88.05057	531.9597	0.0	0.0	0.0	0.0	0.0	0.0	233.49458	0.0	0.0	374.3213	0.0	1689.209	0.0	0.0	0.0	406.4119	457.83716	0.0	1192.6108	0.0	392.56677	0.0	0.0	680.1272	806.7807	0.0	1674.8558	0.0	0.0	553.3378	879.6365	0.0	0.0	471.08304	0.0	1046.5996	0.0	1486.4943	0.0	0.0	0.0	1395.0997	0.0	0.0	0.0	0.0	0.0	184.57593	0.0	0.0	792.0774	0.0	0.0	0.0	0.0	0.0	473.4556	0.0	1228.6937	0.0	0.0	0.0	280.1108	349.97046	0.0	0.0	0.0	1383.944	80.8384	0.0	0.0	915.21436	138.1983	0.0	0.0	2142.7263	699.85376	0.0	0.0	1027.7694	0.0	94.77713	0.0	0.0	403.38797	0.0	0.0	0.0	0.0	1258.3595	1577.2443	0.0	1037.1155	141.46797	1383.3344	0.0	1577.9049	2094.2148	270.6218	785.8721	0.0	0.0	0.0	371.44644	1142.3007	0.0	0.0	195.73938	794.614	0.0	0.0	0.0
785.05	0.0	923.1502	0.0	0.0	30.94494	0.0	0.0	0.0	1634.0004	0.0	1992.3063	0.0	0.0	93.50509	538.26807	0.0	0.0	0.0	0.0	0.0	0.0	239.70659	0.0	0.0	383.3311	0.0	1715.038	0.0	0.0	0.0	413.52637	467.2416	0.0	1215.9193	0.0	400.08267	0.0	0.0	690.5207	820.96466	0.0	1703.71	0.0	0.0	565.237	899.33636	0.0	0.0	473.95493	0.0	1065.5371	0.0	1512.3652	0.0	0.0	0.0	1416.6714	0.0	0.0	0.0	0.0	0.0	187.30711	0.0	0.0	802.25946	0.0	0.0	0.0	0.0	0.0	484.31018	0.0	1252.107	0.0	0.0	0.0	287.7145	356.39926	0.0	0.0	0.0	1407.5338	82.29593	0.0	0.0	932.1477	144.17421	0.0	0.0	2180.7039	712.37775	0.0	0.0	1046.8912	0.0	95.41306	0.0	0.0	412.47876	0.0	0.0	0.0	0.0	1283.6141	1602.7562	0.0	1055.5205	146.15936	1407.3793	0.0	1604.0107	2133.717	275.8616	803.88153	0.0	0.0	0.0	376.7465	1164.9427	0.0	0.0	198.51668	808.98126	0.0	0.0	0.0
686.5379	0.0	730.167	0.0	0.0	13.259713	0.0	0.0	0.0	1304.108	0.0	1647.3351	0.0	0.0	53.89693	466.3917	0.0	0.0	0.0	0.0	0.0	0.0	164.65977	0.0	0.0	267.54935	0.0	1443.8793	0.0	0.0	0.0	308.36545	381.8912	0.0	1003.5288	0.0	338.0788	0.0	0.0	583.02936	649.94495	0.0	1381.8223	0.0	0.0	440.2643	719.4904	0.0	0.0	444.81625	0.0	834.2532	0.0	1232.1641	0.0	0.0	0.0	1219.2565	0.0	0.0	0.0	0.0	0.0	156.3065	0.0	0.0	684.94794	0.0	0.0	0.0	0.0	0.0	380.31128	0.0	1006.91034	0.0	0.0	0.0	172.04706	278.60342	0.0	0.0	0.0	1144.5573	52.817017	0.0	0.0	733.17694	83.751976	0.0	0.0	1769.5524	594.67535	0.0	0.0	864.66486	0.0	80.52987	0.0	0.0	322.68484	0.0	0.0	0.0	0.0	1029.0455	1325.2748	0.0	827.93805	132.92683	1136.1395	0.0	1331.9874	1707.5258	210.73302	622.6429	0.0	0.0	0.0	291.5887	915.0007	0.0	0.0	186.7324	645.3154	0.0	0.0	0.0
684.9344	0.0	726.88544	0.0	0.0	12.916362	0.0	0.0	0.0	1299.3447	0.0	1640.3956	0.0	0.0	52.41875	466.19162	0.0	0.0	0.0	0.0	0.0	0.0	162.5978	0.0	0.0	267.17575	0.0	1439.9886	0.0	0.0	0.0	306.1465	381.50964	0.0	998.04297	0.0	337.14896	0.0	0.0	579.575	647.5063	0.0	1377.4258	0.0	0.0	438.91122	714.79755	0.0	0.0	445.704	0.0	829.7832	0.0	1226.8531	0.0	0.0	0.0	1214.716	0.0	0.0	0.0	0.0	0.0	156.42732	0.0	0.0	683.91455	0.0	0.0	0.0	0.0	0.0	380.34384	0.0	1002.5041	0.0	0.0	0.0	173.53552	276.11572	0.0	0.0	0.0	1140.8936	52.681656	0.0	0.0	732.2292	81.42019	0.0	0.0	1764.2233	592.61224	0.0	0.0	862.0236	0.0	79.21674	0.0	0.0	321.09824	0.0	0.0	0.0	0.0	1022.49634	1321.8546	0.0	823.6424	131.45984	1133.3286	0.0	1326.3829	1697.9457	211.83887	621.01117	0.0	0.0	0.0	290.27463	910.10205	0.0	0.0	185.91377	641.56384	0.0	0.0	0.0
745.3038	0.0	846.09186	0.0	0.0	15.851323	0.0	0.0	0.0	1508.727	0.0	1857.6854	0.0	0.0	81.21836	514.4549	0.0	0.0	0.0	0.0	0.0	0.0	213.36554	0.0	0.0	337.52487	0.0	1613.0892	0.0	0.0	0.0	375.58267	435.84433	0.0	1128.6522	0.0	370.45908	0.0	0.0	651.4881	748.2185	0.0	1581.6564	0.0	0.0	514.91473	825.30426	0.0	0.0	462.68674	0.0	982.0008	0.0	1405.5771	0.0	0.0	0.0	1338.8066	0.0	0.0	0.0	0.0	0.0	177.39012	0.0	0.0	755.45776	0.0	0.0	0.0	0.0	0.0	438.32285	0.0	1156.0854	0.0	0.0	0.0	246.70862	329.72537	0.0	0.0	0.0	1305.2931	73.20206	0.0	0.0	856.98846	121.33035	0.0	0.0	2019.683	665.5413	0.0	0.0	974.66705	0.0	91.86169	0.0	0.0	377.3347	0.0	0.0	0.0	0.0	1185.4634	1498.1371	0.0	969.0676	142.12715	1305.4728	0.0	1499.6517	1969.4977	251.39111	726.5344	0.0	0.0	0.0	344.0286	1070.641	0.0	0.0	197.70317	745.7085	0.0	0.0	0.0
784.7432	0.0	921.35065	0.0	0.0	30.702768	0.0	0.0	0.0	1631.915	0.0	1990.1996	0.0	0.0	92.591034	537.64325	0.0	0.0	0.0	0.0	0.0	0.0	238.33125	0.0	0.0	382.35245	0.0	1713.4581	0.0	0.0	0.0	412.43216	466.269	0.0	1215.1027	0.0	398.56192	0.0	0.0	689.3758	819.0141	0.0	1701.0846	0.0	0.0	564.8477	898.9202	0.0	0.0	474.5289	0.0	1063.9238	0.0	1510.8107	0.0	0.0	0.0	1416.4154	0.0	0.0	0.0	0.0	0.0	187.53792	0.0	0.0	801.76935	0.0	0.0	0.0	0.0	0.0	484.38623	0.0	1251.1827	0.0	0.0	0.0	286.78363	354.93796	0.0	0.0	0.0	1405.4489	82.01717	0.0	0.0	930.48193	144.35672	0.0	0.0	2177.7024	712.6824	0.0	0.0	1046.0961	0.0	94.94412	0.0	0.0	412.9811	0.0	0.0	0.0	0.0	1283.236	1601.0693	0.0	1054.423	145.58238	1404.7726	0.0	1603.2609	2129.66	273.42078	800.88995	0.0	0.0	0.0	376.43954	1162.8442	0.0	0.0	199.64555	807.7414	0.0	0.0	0.0
821.75464	0.0	989.17035	0.0	0.0	40.37895	0.0	0.0	0.0	1751.0265	0.0	2115.0908	0.0	0.0	107.529076	558.14087	0.0	0.0	0.0	0.0	0.0	0.0	261.3884	0.0	0.0	415.77145	0.0	1810.8042	0.0	0.0	0.0	446.3998	496.80472	0.0	1293.4425	0.0	421.936	0.0	0.0	731.14166	880.10004	0.0	1811.228	0.0	0.0	608.6265	965.88654	0.0	0.0	488.23013	0.0	1145.7709	0.0	1610.4574	0.0	0.0	0.0	1493.5231	0.0	0.0	0.0	0.0	0.0	197.53589	0.0	0.0	839.33685	0.0	0.0	0.0	0.0	0.0	518.85767	0.0	1335.5033	0.0	0.0	0.0	320.52634	381.25967	0.0	0.0	0.0	1497.4938	93.501915	0.0	0.0	992.98804	165.46928	0.0	0.0	2321.8323	759.3011	0.0	0.0	1111.4978	0.0	98.11649	0.0	0.0	442.62778	0.0	0.0	0.0	0.0	1374.8511	1703.0573	0.0	1136.547	156.63976	1498.5182	0.0	1702.6866	2280.393	289.7009	863.06647	0.0	0.0	0.0	405.0088	1245.8851	0.0	0.0	209.14026	869.30145	0.0	0.0	0.0
766.83545	0.0	890.62286	0.0	0.0	24.188324	0.0	0.0	0.0	1578.1117	0.0	1929.3052	0.0	0.0	86.423676	525.455	0.0	0.0	0.0	0.0	0.0	0.0	228.38544	0.0	0.0	363.85074	0.0	1667.6232	0.0	0.0	0.0	399.22104	450.8311	0.0	1173.9614	0.0	386.22446	0.0	0.0	672.2773	791.99585	0.0	1648.9576	0.0	0.0	543.74335	863.7862	0.0	0.0	468.0625	0.0	1030.4968	0.0	1464.6334	0.0	0.0	0.0	1378.8258	0.0	0.0	0.0	0.0	0.0	182.05092	0.0	0.0	781.78613	0.0	0.0	0.0	0.0	0.0	462.12964	0.0	1207.4933	0.0	0.0	0.0	272.39255	345.488	0.0	0.0	0.0	1362.54	79.80178	0.0	0.0	898.79083	134.35703	0.0	0.0	2109.571	689.8483	0.0	0.0	1012.38983	0.0	93.2389	0.0	0.0	395.56168	0.0	0.0	0.0	0.0	1236.6699	1554.7616	0.0	1019.8089	140.26118	1362.182	0.0	1556.1217	2059.7874	265.3668	769.6457	0.0	0.0	0.0	364.99374	1123.2299	0.0	0.0	193.51727	781.8249	0.0	0.0	0.0
777.1243	0.0	904.8755	0.0	0.0	27.430922	0.0	0.0	0.0	1605.5377	0.0	1959.3011	0.0	0.0	88.94511	535.0847	0.0	0.0	0.0	0.0	0.0	0.0	232.7749	0.0	0.0	372.3304	0.0	1692.6486	0.0	0.0	0.0	405.84436	459.64072	0.0	1192.8129	0.0	393.90433	0.0	0.0	682.31915	805.396	0.0	1676.956	0.0	0.0	553.3259	878.18677	0.0	0.0	473.70352	0.0	1046.0005	0.0	1487.3887	0.0	0.0	0.0	1397.4723	0.0	0.0	0.0	0.0	0.0	185.10493	0.0	0.0	793.4797	0.0	0.0	0.0	0.0	0.0	471.31885	0.0	1228.3315	0.0	0.0	0.0	279.5026	351.34152	0.0	0.0	0.0	1385.2726	79.98136	0.0	0.0	916.861	137.18678	0.0	0.0	2144.3047	699.63654	0.0	0.0	1028.3041	0.0	94.54099	0.0	0.0	401.75974	0.0	0.0	0.0	0.0	1257.0305	1579.3599	0.0	1036.5665	143.62276	1386.3341	0.0	1579.8177	2094.133	273.2573	786.18317	0.0	0.0	0.0	370.4603	1140.913	0.0	0.0	196.70848	795.0892	0.0	0.0	0.0
790.9827	0.0	935.16846	0.0	0.0	33.352352	0.0	0.0	0.0	1658.11	0.0	2013.0806	0.0	0.0	95.54786	546.64404	0.0	0.0	0.0	0.0	0.0	0.0	244.8799	0.0	0.0	393.8843	0.0	1734.1241	0.0	0.0	0.0	420.50668	475.6765	0.0	1227.2666	0.0	403.9293	0.0	0.0	697.74725	833.05035	0.0	1728.4916	0.0	0.0	574.3726	909.2451	0.0	0.0	476.36026	0.0	1080.5312	0.0	1530.1515	0.0	0.0	0.0	1425.7118	0.0	0.0	0.0	0.0	0.0	189.58244	0.0	0.0	810.37775	0.0	0.0	0.0	0.0	0.0	490.8466	0.0	1267.5079	0.0	0.0	0.0	299.69974	360.96408	0.0	0.0	0.0	1426.3485	84.27529	0.0	0.0	950.7639	146.12231	0.0	0.0	2212.3328	717.7043	0.0	0.0	1058.6497	0.0	96.18466	0.0	0.0	415.72928	0.0	0.0	0.0	0.0	1296.6094	1624.0748	0.0	1071.2457	147.78319	1431.3529	0.0	1621.4868	2161.6472	287.06787	820.73517	0.0	0.0	0.0	381.97018	1179.2142	0.0	0.0	197.1121	821.30096	0.0	0.0	0.0
775.97736	0.0	906.64923	0.0	0.0	27.004045	0.0	0.0	0.0	1603.2832	0.0	1957.8168	0.0	0.0	87.76026	532.4399	0.0	0.0	0.0	0.0	0.0	0.0	234.05904	0.0	0.0	374.12503	0.0	1689.1724	0.0	0.0	0.0	406.5713	458.01172	0.0	1192.4767	0.0	393.22372	0.0	0.0	681.00665	805.5346	0.0	1673.9452	0.0	0.0	552.78864	879.1806	0.0	0.0	471.8311	0.0	1047.0659	0.0	1486.2899	0.0	0.0	0.0	1395.5187	0.0	0.0	0.0	0.0	0.0	185.21443	0.0	0.0	792.72705	0.0	0.0	0.0	0.0	0.0	472.865	0.0	1228.501	0.0	0.0	0.0	279.38937	350.6163	0.0	0.0	0.0	1383.9336	80.81429	0.0	0.0	915.2802	137.43332	0.0	0.0	2142.0974	699.36865	0.0	0.0	1027.1334	0.0	96.03033	0.0	0.0	403.73337	0.0	0.0	0.0	0.0	1257.9265	1577.3085	0.0	1036.3177	141.79724	1383.0326	0.0	1577.9281	2094.2048	271.01767	785.9394	0.0	0.0	0.0	371.2368	1142.4293	0.0	0.0	196.45135	794.30927	0.0	0.0	0.0
761.966	0.0	882.8513	0.0	0.0	21.26214	0.0	0.0	0.0	1561.0626	0.0	1915.8589	0.0	0.0	84.95374	522.72015	0.0	0.0	0.0	0.0	0.0	0.0	224.9439	0.0	0.0	357.01425	0.0	1656.4176	0.0	0.0	0.0	393.49545	447.8395	0.0	1166.0023	0.0	383.07748	0.0	0.0	668.55585	784.04877	0.0	1634.5709	0.0	0.0	536.36835	856.0975	0.0	0.0	467.8148	0.0	1018.71185	0.0	1452.0272	0.0	0.0	0.0	1371.7378	0.0	0.0	0.0	0.0	0.0	180.33235	0.0	0.0	777.19305	0.0	0.0	0.0	0.0	0.0	456.18774	0.0	1196.0739	0.0	0.0	0.0	266.13266	341.8258	0.0	0.0	0.0	1350.3738	77.871956	0.0	0.0	888.1951	131.6697	0.0	0.0	2090.739	684.9253	0.0	0.0	1005.1846	0.0	92.14521	0.0	0.0	391.87338	0.0	0.0	0.0	0.0	1224.2703	1542.1957	0.0	1008.52295	140.09425	1348.8516	0.0	1544.7539	2040.4125	261.78052	759.3195	0.0	0.0	0.0	360.9517	1111.3535	0.0	0.0	192.70271	772.89667	0.0	0.0	0.0
751.4251	0.0	860.534	0.0	0.0	17.48496	0.0	0.0	0.0	1526.9398	0.0	1877.3673	0.0	0.0	81.73504	516.7435	0.0	0.0	0.0	0.0	0.0	0.0	217.8712	0.0	0.0	344.31958	0.0	1628.2936	0.0	0.0	0.0	382.8795	439.01904	0.0	1140.8717	0.0	375.1461	0.0	0.0	658.0482	763.6372	0.0	1600.4567	0.0	0.0	522.4563	835.4057	0.0	0.0	464.9978	0.0	995.30634	0.0	1421.5394	0.0	0.0	0.0	1350.1382	0.0	0.0	0.0	0.0	0.0	177.04082	0.0	0.0	763.9865	0.0	0.0	0.0	0.0	0.0	443.23877	0.0	1168.911	0.0	0.0	0.0	254.91772	334.70694	0.0	0.0	0.0	1322.599	75.327324	0.0	0.0	867.8455	125.030846	0.0	0.0	2046.4688	671.36676	0.0	0.0	984.01373	0.0	91.661064	0.0	0.0	381.41757	0.0	0.0	0.0	0.0	1197.0981	1512.8359	0.0	984.9179	139.95757	1321.6348	0.0	1515.0254	1994.6465	256.6144	738.9202	0.0	0.0	0.0	351.23453	1085.121	0.0	0.0	192.90483	755.74774	0.0	0.0	0.0
761.3906	0.0	881.18994	0.0	0.0	21.845453	0.0	0.0	0.0	1562.956	0.0	1914.0028	0.0	0.0	86.78555	523.4665	0.0	0.0	0.0	0.0	0.0	0.0	225.79175	0.0	0.0	356.25668	0.0	1655.7213	0.0	0.0	0.0	394.09033	447.25452	0.0	1164.1337	0.0	383.7045	0.0	0.0	669.1175	783.2828	0.0	1634.6079	0.0	0.0	536.5343	855.64575	0.0	0.0	466.90833	0.0	1019.4885	0.0	1451.957	0.0	0.0	0.0	1370.0492	0.0	0.0	0.0	0.0	0.0	181.07556	0.0	0.0	775.80347	0.0	0.0	0.0	0.0	0.0	455.2915	0.0	1194.9974	0.0	0.0	0.0	266.7388	343.20752	0.0	0.0	0.0	1350.4193	78.65221	0.0	0.0	888.7701	133.18971	0.0	0.0	2089.5842	683.8689	0.0	0.0	1003.95874	0.0	92.45103	0.0	0.0	390.45865	0.0	0.0	0.0	0.0	1224.3785	1542.1328	0.0	1009.1597	142.02069	1350.6807	0.0	1543.8483	2041.0424	263.40146	760.20654	0.0	0.0	0.0	360.40524	1110.973	0.0	0.0	193.7348	774.47455	0.0	0.0	0.0
721.74164	0.0	791.0975	0.0	0.0	10.711148	0.0	0.0	0.0	1419.2572	0.0	1769.3387	0.0	0.0	72.2752	490.95084	0.0	0.0	0.0	0.0	0.0	0.0	183.68336	0.0	0.0	293.22656	0.0	1547.0497	0.0	0.0	0.0	338.63358	410.51175	0.0	1078.8102	0.0	357.17822	0.0	0.0	628.4809	702.93896	0.0	1492.107	0.0	0.0	480.59045	781.09845	0.0	0.0	460.55322	0.0	914.6347	0.0	1328.8036	0.0	0.0	0.0	1297.0387	0.0	0.0	0.0	0.0	0.0	167.59492	0.0	0.0	720.1882	0.0	0.0	0.0	0.0	0.0	406.5167	0.0	1087.3307	0.0	0.0	0.0	204.85179	302.6575	0.0	0.0	0.0	1229.538	62.31726	0.0	0.0	790.8701	104.99258	0.0	0.0	1903.0934	639.7868	0.0	0.0	930.31635	0.0	79.93786	0.0	0.0	348.29227	0.0	0.0	0.0	0.0	1113.0187	1424.485	0.0	904.1418	145.50574	1226.3597	0.0	1429.0511	1850.1373	226.67749	671.3714	0.0	0.0	0.0	319.67416	995.16437	0.0	0.0	195.55908	700.47406	0.0	0.0	0.0
743.26044	0.0	822.63965	0.0	0.0	10.727859	0.0	0.0	0.0	1484.5737	0.0	1832.7467	0.0	0.0	78.376076	508.89127	0.0	0.0	0.0	0.0	0.0	0.0	195.48543	0.0	0.0	315.44418	0.0	1600.6665	0.0	0.0	0.0	357.14926	429.13818	0.0	1114.4115	0.0	369.44522	0.0	0.0	644.74426	729.6689	0.0	1552.0905	0.0	0.0	502.2089	810.648	0.0	0.0	468.70044	0.0	956.2646	0.0	1381.8097	0.0	0.0	0.0	1333.9271	0.0	0.0	0.0	0.0	0.0	177.85657	0.0	0.0	741.5461	0.0	0.0	0.0	0.0	0.0	431.19156	0.0	1132.2667	0.0	0.0	0.0	226.41154	312.33112	0.0	0.0	0.0	1279.5311	66.53768	0.0	0.0	834.1629	109.252266	0.0	0.0	1978.0522	663.4349	0.0	0.0	962.48584	0.0	82.404045	0.0	0.0	361.33658	0.0	0.0	0.0	0.0	1156.442	1481.8472	0.0	941.8732	150.3561	1281.5345	0.0	1476.2406	1923.8428	243.20874	704.32635	0.0	0.0	0.0	335.0441	1038.3165	0.0	0.0	204.92822	732.4095	0.0	0.0	0.0
715.3028	0.0	782.1794	0.0	0.0	5.91406	0.0	0.0	0.0	1409.0033	0.0	1748.1998	0.0	0.0	69.72552	491.344	0.0	0.0	0.0	0.0	0.0	0.0	182.45209	0.0	0.0	297.23172	0.0	1531.588	0.0	0.0	0.0	336.45047	409.23166	0.0	1060.6459	0.0	353.01025	0.0	0.0	615.86774	694.11456	0.0	1479.3153	0.0	0.0	476.20715	769.0594	0.0	0.0	457.8104	0.0	906.1573	0.0	1314.585	0.0	0.0	0.0	1278.6444	0.0	0.0	0.0	0.0	0.0	168.54578	0.0	0.0	714.74396	0.0	0.0	0.0	0.0	0.0	409.08426	0.0	1075.3595	0.0	0.0	0.0	209.94366	296.6722	0.0	0.0	0.0	1219.5221	62.214325	0.0	0.0	793.3188	98.02761	0.0	0.0	1888.3627	631.4609	0.0	0.0	918.45966	0.0	80.57162	0.0	0.0	345.0979	0.0	0.0	0.0	0.0	1098.2043	1413.7311	0.0	893.60767	140.51445	1221.4484	0.0	1411.014	1825.8281	233.45763	668.987	0.0	0.0	0.0	316.93634	985.1968	0.0	0.0	194.61554	694.0843	0.0	0.0	0.0
696.35913	0.0	748.89746	0.0	0.0	4.904793	0.0	0.0	0.0	1339.4844	0.0	1681.297	0.0	0.0	55.36107	486.73697	0.0	0.0	0.0	0.0	0.0	0.0	170.72705	0.0	0.0	281.59964	0.0	1485.6797	0.0	0.0	0.0	319.35254	393.6722	0.0	1016.09674	0.0	341.1764	0.0	0.0	597.5491	668.8316	0.0	1428.8873	0.0	0.0	453.67996	726.01044	0.0	0.0	453.42422	0.0	860.86115	0.0	1261.1748	0.0	0.0	0.0	1234.0175	0.0	0.0	0.0	0.0	0.0	162.6693	0.0	0.0	701.2819	0.0	0.0	0.0	0.0	0.0	385.1246	0.0	1027.0764	0.0	0.0	0.0	194.5821	285.6809	0.0	0.0	0.0	1173.0198	55.86537	0.0	0.0	763.5826	82.12409	0.0	0.0	1821.607	597.5642	0.0	0.0	884.9756	0.0	80.88589	0.0	0.0	322.57092	0.0	0.0	0.0	0.0	1038.1368	1362.1425	0.0	850.499	131.47862	1178.8058	0.0	1360.965	1749.0952	236.42381	641.8414	0.0	0.0	0.0	304.10364	939.0677	0.0	0.0	184.65297	660.3413	0.0	0.0	0.0
911.9891	0.0	1089.2157	0.0	0.0	44.617825	0.0	0.0	0.0	1970.708	0.0	2368.5295	0.0	0.0	146.39977	589.21924	0.0	0.0	0.0	0.0	0.0	0.0	283.137	0.0	0.0	431.39627	0.0	2003.8701	0.0	0.0	0.0	483.41684	546.2036	0.0	1465.1553	0.0	471.20706	0.0	0.0	815.35895	952.0513	0.0	1980.6781	0.0	0.0	680.9265	1110.7047	0.0	0.0	534.5857	0.0	1287.809	0.0	1796.4808	0.0	0.0	0.0	1694.8423	0.0	0.0	0.0	0.0	0.0	221.96484	0.0	0.0	900.9345	0.0	0.0	0.0	0.0	0.0	583.8706	0.0	1504.7897	0.0	0.0	0.0	324.94925	413.17484	0.0	0.0	0.0	1648.871	105.16367	0.0	0.0	1063.8761	209.94194	0.0	0.0	2538.902	889.53705	0.0	0.0	1244.3727	0.0	96.45658	0.0	0.0	511.76486	0.0	0.0	0.0	0.0	1580.7123	1887.2164	0.0	1265.2709	204.70062	1626.4717	0.0	1893.1346	2534.6848	254.60857	926.0164	0.0	0.0	0.0	437.6329	1391.099	0.0	0.0	264.2941	977.37115	0.0	0.0	0.0
796.23096	0.0	911.91284	0.0	0.0	18.138407	0.0	0.0	0.0	1651.04	0.0	2012.956	0.0	0.0	102.288445	532.63544	0.0	0.0	0.0	0.0	0.0	0.0	225.30312	0.0	0.0	351.9196	0.0	1733.5824	0.0	0.0	0.0	399.32602	468.20227	0.0	1230.367	0.0	397.67953	0.0	0.0	698.9528	800.5489	0.0	1695.1074	0.0	0.0	564.44586	913.53766	0.0	0.0	488.7777	0.0	1072.2604	0.0	1520.3414	0.0	0.0	0.0	1452.6163	0.0	0.0	0.0	0.0	0.0	191.70784	0.0	0.0	788.76	0.0	0.0	0.0	0.0	0.0	481.89536	0.0	1255.0118	0.0	0.0	0.0	262.38306	345.36877	0.0	0.0	0.0	1400.3666	80.40308	0.0	0.0	910.2014	146.6504	0.0	0.0	2163.7039	742.67645	0.0	0.0	1054.9911	0.0	85.10893	0.0	0.0	412.39487	0.0	0.0	0.0	0.0	1301.0806	1618.352	0.0	1053.2338	168.74937	1394.8706	0.0	1617.266	2126.166	241.07251	772.8284	0.0	0.0	0.0	371.05276	1153.7168	0.0	0.0	224.96968	817.2891	0.0	0.0	0.0
731.73267	0.0	817.479	0.0	0.0	11.578838	0.0	0.0	0.0	1478.058	0.0	1813.0961	0.0	0.0	83.12081	495.6416	0.0	0.0	0.0	0.0	0.0	0.0	196.76372	0.0	0.0	315.71408	0.0	1575.528	0.0	0.0	0.0	354.51804	423.7025	0.0	1104.524	0.0	365.10464	0.0	0.0	630.8096	724.4152	0.0	1533.2072	0.0	0.0	502.1954	809.0557	0.0	0.0	460.4336	0.0	953.59576	0.0	1368.4951	0.0	0.0	0.0	1317.3452	0.0	0.0	0.0	0.0	0.0	174.27007	0.0	0.0	727.92523	0.0	0.0	0.0	0.0	0.0	433.22037	0.0	1124.0206	0.0	0.0	0.0	229.05891	307.62	0.0	0.0	0.0	1265.8506	69.26604	0.0	0.0	826.3669	115.08622	0.0	0.0	1957.5244	662.5551	0.0	0.0	952.6355	0.0	80.41221	0.0	0.0	364.71573	0.0	0.0	0.0	0.0	1155.6704	1463.2762	0.0	937.61273	146.65038	1267.0868	0.0	1458.5421	1905.1304	234.46828	698.9883	0.0	0.0	0.0	331.59122	1033.092	0.0	0.0	200.39009	729.3199	0.0	0.0	0.0
687.9883	0.0	743.6672	0.0	0.0	5.0484347	0.0	0.0	0.0	1330.7397	0.0	1667.3112	0.0	0.0	58.646084	478.0493	0.0	0.0	0.0	0.0	0.0	0.0	169.79497	0.0	0.0	277.70255	0.0	1469.1157	0.0	0.0	0.0	316.9548	389.22598	0.0	1008.52216	0.0	338.17908	0.0	0.0	592.30743	662.76324	0.0	1413.5278	0.0	0.0	450.60123	723.7888	0.0	0.0	445.97476	0.0	855.7134	0.0	1250.8121	0.0	0.0	0.0	1223.0397	0.0	0.0	0.0	0.0	0.0	161.29492	0.0	0.0	691.1369	0.0	0.0	0.0	0.0	0.0	382.3983	0.0	1018.7041	0.0	0.0	0.0	193.4774	283.48108	0.0	0.0	0.0	1162.0314	56.18162	0.0	0.0	754.1904	85.65729	0.0	0.0	1802.6771	595.3428	0.0	0.0	876.688	0.0	78.568665	0.0	0.0	321.11398	0.0	0.0	0.0	0.0	1033.2715	1348.7157	0.0	844.7697	131.8384	1165.5399	0.0	1348.4015	1735.3798	229.72302	635.51483	0.0	0.0	0.0	301.66846	932.4393	0.0	0.0	182.91747	656.69635	0.0	0.0	0.0
697.56036	0.0	758.1438	0.0	0.0	6.6256604	0.0	0.0	0.0	1357.9369	0.0	1699.2946	0.0	0.0	62.764202	480.86295	0.0	0.0	0.0	0.0	0.0	0.0	174.42517	0.0	0.0	283.3345	0.0	1492.4344	0.0	0.0	0.0	323.4857	395.34238	0.0	1031.4722	0.0	343.5693	0.0	0.0	602.7441	674.4687	0.0	1437.3776	0.0	0.0	461.39706	742.72363	0.0	0.0	449.52136	0.0	874.3379	0.0	1274.9905	0.0	0.0	0.0	1245.8685	0.0	0.0	0.0	0.0	0.0	163.1214	0.0	0.0	698.6418	0.0	0.0	0.0	0.0	0.0	390.22607	0.0	1041.4865	0.0	0.0	0.0	196.78972	288.9131	0.0	0.0	0.0	1181.8905	58.13181	0.0	0.0	764.55597	93.96946	0.0	0.0	1833.7882	609.77185	0.0	0.0	894.0466	0.0	79.08655	0.0	0.0	331.39258	0.0	0.0	0.0	0.0	1059.8583	1370.8599	0.0	863.0716	136.40155	1183.4513	0.0	1373.5612	1770.9423	226.9087	645.76874	0.0	0.0	0.0	306.80344	952.6128	0.0	0.0	187.95764	669.81586	0.0	0.0	0.0
699.83075	0.0	761.4942	0.0	0.0	4.7932105	0.0	0.0	0.0	1364.2465	0.0	1704.1304	0.0	0.0	62.45265	486.09457	0.0	0.0	0.0	0.0	0.0	0.0	176.70874	0.0	0.0	287.73294	0.0	1499.5497	0.0	0.0	0.0	326.89233	397.46158	0.0	1031.5887	0.0	344.11023	0.0	0.0	604.9614	678.58594	0.0	1446.8031	0.0	0.0	462.92545	742.1284	0.0	0.0	450.27075	0.0	879.2767	0.0	1280.6008	0.0	0.0	0.0	1247.0917	0.0	0.0	0.0	0.0	0.0	164.39369	0.0	0.0	703.60724	0.0	0.0	0.0	0.0	0.0	391.71005	0.0	1044.4463	0.0	0.0	0.0	202.28862	290.95108	0.0	0.0	0.0	1188.4044	58.899677	0.0	0.0	773.2288	91.12223	0.0	0.0	1844.4572	608.2514	0.0	0.0	896.7697	0.0	79.91732	0.0	0.0	330.30673	0.0	0.0	0.0	0.0	1059.8561	1377.6553	0.0	867.43066	134.50414	1192.8641	0.0	1377.5629	1778.7516	234.6491	651.4938	0.0	0.0	0.0	309.4822	957.7468	0.0	0.0	186.86052	673.07526	0.0	0.0	0.0
704.01483	0.0	767.3674	0.0	0.0	3.5071533	0.0	0.0	0.0	1378.0161	0.0	1715.4585	0.0	0.0	63.0581	489.49374	0.0	0.0	0.0	0.0	0.0	0.0	178.50471	0.0	0.0	292.3523	0.0	1509.8652	0.0	0.0	0.0	329.81064	402.2809	0.0	1037.8698	0.0	346.0507	0.0	0.0	605.7597	682.78784	0.0	1457.309	0.0	0.0	468.02353	746.96924	0.0	0.0	453.86594	0.0	887.26324	0.0	1289.2279	0.0	0.0	0.0	1253.9308	0.0	0.0	0.0	0.0	0.0	166.02173	0.0	0.0	706.8823	0.0	0.0	0.0	0.0	0.0	397.6985	0.0	1052.5597	0.0	0.0	0.0	207.13469	291.25748	0.0	0.0	0.0	1197.8397	59.991398	0.0	0.0	782.95435	91.846596	0.0	0.0	1858.9967	613.87823	0.0	0.0	902.31445	0.0	80.213524	0.0	0.0	333.34637	0.0	0.0	0.0	0.0	1068.492	1389.3505	0.0	874.42645	134.70787	1204.0684	0.0	1386.1112	1789.939	237.77022	656.6129	0.0	0.0	0.0	312.5018	964.89056	0.0	0.0	188.54805	679.52155	0.0	0.0	0.0
892.3167	0.0	1024.7782	0.0	0.0	45.607147	0.0	0.0	0.0	1850.3903	0.0	2266.9236	0.0	0.0	136.03448	556.9326	0.0	0.0	0.0	0.0	0.0	0.0	253.28468	0.0	0.0	375.8584	0.0	1923.5538	0.0	0.0	0.0	443.74905	515.2266	0.0	1417.7158	0.0	455.09586	0.0	0.0	790.0122	896.54297	0.0	1865.3756	0.0	0.0	628.8545	1067.5702	0.0	0.0	532.4294	0.0	1196.6417	0.0	1707.7201	0.0	0.0	0.0	1658.4869	0.0	0.0	0.0	0.0	0.0	204.73607	0.0	0.0	863.5786	0.0	0.0	0.0	0.0	0.0	543.13696	0.0	1427.0844	0.0	0.0	0.0	257.19812	384.72324	0.0	0.0	0.0	1562.9105	91.20095	0.0	0.0	973.35254	196.1186	0.0	0.0	2390.7986	864.2085	0.0	0.0	1189.7263	0.0	89.02576	0.0	0.0	483.0038	0.0	0.0	0.0	0.0	1511.3502	1793.724	0.0	1186.7461	205.99385	1518.6066	0.0	1814.5143	2401.5752	213.82915	848.4241	0.0	0.0	0.0	405.88315	1303.7616	0.0	0.0	266.1373	914.7707	0.0	0.0	0.0
702.25714	0.0	764.2974	0.0	0.0	7.3952556	0.0	0.0	0.0	1369.9271	0.0	1712.8077	0.0	0.0	65.49438	481.8431	0.0	0.0	0.0	0.0	0.0	0.0	176.73328	0.0	0.0	285.65347	0.0	1502.3003	0.0	0.0	0.0	326.968	398.26355	0.0	1041.5919	0.0	346.15894	0.0	0.0	607.1997	679.82526	0.0	1447.0507	0.0	0.0	464.63028	751.61017	0.0	0.0	450.91577	0.0	881.9414	0.0	1285.5065	0.0	0.0	0.0	1256.6578	0.0	0.0	0.0	0.0	0.0	163.63991	0.0	0.0	702.4528	0.0	0.0	0.0	0.0	0.0	394.34995	0.0	1050.9972	0.0	0.0	0.0	197.73944	291.35007	0.0	0.0	0.0	1191.0804	58.951008	0.0	0.0	769.1739	96.35901	0.0	0.0	1846.6158	616.606	0.0	0.0	901.41815	0.0	79.14277	0.0	0.0	335.1005	0.0	0.0	0.0	0.0	1072.1293	1380.6862	0.0	871.3044	138.22343	1190.9073	0.0	1384.3683	1787.0131	225.7531	650.5018	0.0	0.0	0.0	308.76712	961.6778	0.0	0.0	189.73956	675.8108	0.0	0.0	0.0
716.94116	0.0	781.17267	0.0	0.0	9.721432	0.0	0.0	0.0	1402.4747	0.0	1749.8558	0.0	0.0	69.742775	487.6758	0.0	0.0	0.0	0.0	0.0	0.0	179.60896	0.0	0.0	289.65738	0.0	1531.6217	0.0	0.0	0.0	334.0085	405.71924	0.0	1065.8324	0.0	354.27182	0.0	0.0	620.535	694.49194	0.0	1474.5306	0.0	0.0	474.348	772.0808	0.0	0.0	458.69376	0.0	901.63605	0.0	1314.2765	0.0	0.0	0.0	1285.2742	0.0	0.0	0.0	0.0	0.0	166.58307	0.0	0.0	714.7708	0.0	0.0	0.0	0.0	0.0	403.70496	0.0	1074.7539	0.0	0.0	0.0	200.81763	297.56116	0.0	0.0	0.0	1216.649	61.11168	0.0	0.0	782.86115	100.77161	0.0	0.0	1882.6581	633.5498	0.0	0.0	920.1607	0.0	79.40259	0.0	0.0	343.81894	0.0	0.0	0.0	0.0	1099.5591	1409.4551	0.0	892.66583	142.66412	1213.3846	0.0	1413.516	1826.183	224.78406	663.6806	0.0	0.0	0.0	315.3016	982.1604	0.0	0.0	194.58318	692.24243	0.0	0.0	0.0
680.86975	0.0	732.34015	0.0	0.0	6.492327	0.0	0.0	0.0	1309.5574	0.0	1645.0492	0.0	0.0	55.52598	473.6713	0.0	0.0	0.0	0.0	0.0	0.0	166.11127	0.0	0.0	272.6818	0.0	1451.4868	0.0	0.0	0.0	311.1803	384.04367	0.0	995.6365	0.0	335.15607	0.0	0.0	584.6496	653.66693	0.0	1394.7158	0.0	0.0	443.12668	712.1599	0.0	0.0	443.46634	0.0	840.7629	0.0	1232.5206	0.0	0.0	0.0	1208.7174	0.0	0.0	0.0	0.0	0.0	158.94855	0.0	0.0	684.7321	0.0	0.0	0.0	0.0	0.0	376.34412	0.0	1003.522	0.0	0.0	0.0	187.92113	278.8511	0.0	0.0	0.0	1145.9728	54.6541	0.0	0.0	743.4114	81.70143	0.0	0.0	1777.7103	586.7585	0.0	0.0	865.71747	0.0	77.5472	0.0	0.0	315.67468	0.0	0.0	0.0	0.0	1016.3001	1330.6154	0.0	831.41766	129.9409	1149.8861	0.0	1330.6532	1709.4242	227.92067	626.2004	0.0	0.0	0.0	296.98026	917.4385	0.0	0.0	180.83954	645.5994	0.0	0.0	0.0
759.92694	0.0	845.5571	0.0	0.0	19.678343	0.0	0.0	0.0	1518.4406	0.0	1885.5195	0.0	0.0	89.193474	503.53726	0.0	0.0	0.0	0.0	0.0	0.0	200.35364	0.0	0.0	311.34937	0.0	1631.9678	0.0	0.0	0.0	363.77197	433.30136	0.0	1158.0527	0.0	378.29977	0.0	0.0	666.4774	747.3111	0.0	1576.5846	0.0	0.0	514.34216	850.2151	0.0	0.0	474.56277	0.0	980.3794	0.0	1416.651	0.0	0.0	0.0	1381.3761	0.0	0.0	0.0	0.0	0.0	175.49579	0.0	0.0	751.9256	0.0	0.0	0.0	0.0	0.0	437.30334	0.0	1165.6183	0.0	0.0	0.0	215.92342	322.33887	0.0	0.0	0.0	1306.2179	69.5507	0.0	0.0	830.07965	129.21484	0.0	0.0	2014.6132	693.0594	0.0	0.0	990.5171	0.0	81.49653	0.0	0.0	381.03955	0.0	0.0	0.0	0.0	1208.2352	1508.028	0.0	970.3609	160.17607	1290.6763	0.0	1519.2653	1978.8011	218.88338	710.3309	0.0	0.0	0.0	338.94498	1066.6827	0.0	0.0	211.70064	750.5976	0.0	0.0	0.0
712.0524	0.0	777.1177	0.0	0.0	8.73797	0.0	0.0	0.0	1394.184	0.0	1740.7051	0.0	0.0	68.75833	487.1748	0.0	0.0	0.0	0.0	0.0	0.0	179.99486	0.0	0.0	289.255	0.0	1524.601	0.0	0.0	0.0	333.3545	404.0541	0.0	1059.5815	0.0	351.26257	0.0	0.0	617.29425	691.3147	0.0	1469.3578	0.0	0.0	472.30118	765.5905	0.0	0.0	456.8217	0.0	897.7587	0.0	1307.2772	0.0	0.0	0.0	1276.5592	0.0	0.0	0.0	0.0	0.0	166.17352	0.0	0.0	712.0218	0.0	0.0	0.0	0.0	0.0	399.94836	0.0	1068.3052	0.0	0.0	0.0	201.47679	296.63998	0.0	0.0	0.0	1210.0978	61.04457	0.0	0.0	780.10223	100.32202	0.0	0.0	1874.8895	627.8467	0.0	0.0	915.92267	0.0	79.58529	0.0	0.0	341.40756	0.0	0.0	0.0	0.0	1091.6083	1402.4448	0.0	887.6721	141.50815	1209.3138	0.0	1407.2572	1817.5068	226.34822	660.66254	0.0	0.0	0.0	313.91077	977.37085	0.0	0.0	192.13745	688.26373	0.0	0.0	0.0
709.7452	0.0	780.24615	0.0	0.0	7.5921073	0.0	0.0	0.0	1405.1908	0.0	1739.9198	0.0	0.0	71.8418	482.1582	0.0	0.0	0.0	0.0	0.0	0.0	181.2505	0.0	0.0	293.40604	0.0	1520.313	0.0	0.0	0.0	332.9214	405.78592	0.0	1058.0277	0.0	352.4668	0.0	0.0	609.99097	691.7265	0.0	1468.098	0.0	0.0	476.475	769.43317	0.0	0.0	453.46985	0.0	903.4602	0.0	1307.6782	0.0	0.0	0.0	1271.923	0.0	0.0	0.0	0.0	0.0	167.39265	0.0	0.0	705.3409	0.0	0.0	0.0	0.0	0.0	409.885	0.0	1070.5912	0.0	0.0	0.0	208.48033	292.3336	0.0	0.0	0.0	1211.3529	62.743908	0.0	0.0	785.45264	101.9934	0.0	0.0	1874.5029	633.45197	0.0	0.0	913.8476	0.0	77.46189	0.0	0.0	344.3027	0.0	0.0	0.0	0.0	1096.416	1404.6787	0.0	889.5961	140.9054	1210.9386	0.0	1401.3925	1815.692	226.22981	663.4195	0.0	0.0	0.0	316.7008	981.0244	0.0	0.0	193.27425	692.87964	0.0	0.0	0.0
714.009	0.0	779.73285	0.0	0.0	10.342724	0.0	0.0	0.0	1392.8594	0.0	1744.2311	0.0	0.0	68.300964	487.0454	0.0	0.0	0.0	0.0	0.0	0.0	180.27264	0.0	0.0	288.6755	0.0	1526.7838	0.0	0.0	0.0	333.2981	402.709	0.0	1062.9277	0.0	352.94482	0.0	0.0	620.6104	694.17487	0.0	1471.4805	0.0	0.0	471.79117	767.7907	0.0	0.0	456.82657	0.0	897.0049	0.0	1308.5087	0.0	0.0	0.0	1280.2655	0.0	0.0	0.0	0.0	0.0	164.74904	0.0	0.0	714.47455	0.0	0.0	0.0	0.0	0.0	399.10547	0.0	1070.4492	0.0	0.0	0.0	198.46233	297.76382	0.0	0.0	0.0	1212.1234	60.270382	0.0	0.0	778.03876	101.51762	0.0	0.0	1877.3365	628.31445	0.0	0.0	918.0666	0.0	80.06028	0.0	0.0	341.8921	0.0	0.0	0.0	0.0	1093.7881	1402.6333	0.0	888.0983	141.96606	1208.4703	0.0	1409.3959	1822.3759	225.5526	661.26764	0.0	0.0	0.0	314.10275	979.3916	0.0	0.0	192.3343	687.8906	0.0	0.0	0.0
752.9058	0.0	838.9051	0.0	0.0	16.041937	0.0	0.0	0.0	1508.4858	0.0	1864.6177	0.0	0.0	85.44181	505.81396	0.0	0.0	0.0	0.0	0.0	0.0	200.90845	0.0	0.0	315.11423	0.0	1618.576	0.0	0.0	0.0	363.98306	430.37527	0.0	1139.8815	0.0	374.57373	0.0	0.0	656.60394	742.87427	0.0	1569.6489	0.0	0.0	510.9226	834.9668	0.0	0.0	472.06723	0.0	974.2597	0.0	1403.914	0.0	0.0	0.0	1360.2963	0.0	0.0	0.0	0.0	0.0	176.05261	0.0	0.0	749.16486	0.0	0.0	0.0	0.0	0.0	436.15933	0.0	1152.2246	0.0	0.0	0.0	224.856	319.84116	0.0	0.0	0.0	1299.2555	69.88836	0.0	0.0	834.3995	122.84378	0.0	0.0	2003.3931	680.98846	0.0	0.0	979.2888	0.0	82.74081	0.0	0.0	374.71985	0.0	0.0	0.0	0.0	1189.9501	1498.3822	0.0	963.24225	153.87141	1290.392	0.0	1502.9462	1959.6534	229.81018	710.1587	0.0	0.0	0.0	338.4873	1057.7417	0.0	0.0	205.75606	745.2872	0.0	0.0	0.0
703.16724	0.0	753.4922	0.0	0.0	3.2018175	0.0	0.0	0.0	1353.3887	0.0	1693.7074	0.0	0.0	56.04475	491.2384	0.0	0.0	0.0	0.0	0.0	0.0	170.38486	0.0	0.0	283.29837	0.0	1497.5918	0.0	0.0	0.0	320.25452	398.51407	0.0	1021.1413	0.0	344.7722	0.0	0.0	598.80225	672.10956	0.0	1438.1764	0.0	0.0	457.28723	730.41943	0.0	0.0	459.27597	0.0	867.274	0.0	1270.5056	0.0	0.0	0.0	1242.8945	0.0	0.0	0.0	0.0	0.0	165.81287	0.0	0.0	705.2713	0.0	0.0	0.0	0.0	0.0	391.06223	0.0	1032.3038	0.0	0.0	0.0	198.22131	285.70044	0.0	0.0	0.0	1181.2637	56.631714	0.0	0.0	772.9993	80.02191	0.0	0.0	1835.2638	603.8618	0.0	0.0	889.50244	0.0	80.00253	0.0	0.0	324.02563	0.0	0.0	0.0	0.0	1043.1954	1374.6118	0.0	855.83936	132.34694	1190.6758	0.0	1369.3575	1756.8016	241.13031	647.7923	0.0	0.0	0.0	306.81735	944.14496	0.0	0.0	186.17906	667.5229	0.0	0.0	0.0
721.77423	0.0	792.0049	0.0	0.0	8.070897	0.0	0.0	0.0	1425.5411	0.0	1771.0721	0.0	0.0	72.102844	492.9774	0.0	0.0	0.0	0.0	0.0	0.0	184.58076	0.0	0.0	296.2648	0.0	1548.8441	0.0	0.0	0.0	339.36734	412.23657	0.0	1077.216	0.0	356.29007	0.0	0.0	624.517	702.5661	0.0	1495.8975	0.0	0.0	484.03946	781.5168	0.0	0.0	461.00684	0.0	920.01263	0.0	1332.2183	0.0	0.0	0.0	1295.5812	0.0	0.0	0.0	0.0	0.0	169.94994	0.0	0.0	719.6956	0.0	0.0	0.0	0.0	0.0	412.16953	0.0	1088.7993	0.0	0.0	0.0	210.85225	301.77145	0.0	0.0	0.0	1231.7711	63.758865	0.0	0.0	797.72577	103.25358	0.0	0.0	1907.4585	641.2148	0.0	0.0	930.4699	0.0	80.35915	0.0	0.0	349.27817	0.0	0.0	0.0	0.0	1114.1676	1429.3671	0.0	905.90497	143.32353	1231.0205	0.0	1430.1094	1850.3027	229.17918	672.7404	0.0	0.0	0.0	321.4624	997.86505	0.0	0.0	195.63857	703.23285	0.0	0.0	0.0
735.8194	0.0	821.06476	0.0	0.0	11.886489	0.0	0.0	0.0	1476.7242	0.0	1827.4108	0.0	0.0	81.27633	496.4742	0.0	0.0	0.0	0.0	0.0	0.0	196.1624	0.0	0.0	308.3024	0.0	1587.3658	0.0	0.0	0.0	354.3383	422.79324	0.0	1115.5256	0.0	364.84448	0.0	0.0	642.2819	724.522	0.0	1538.1036	0.0	0.0	503.65613	815.89874	0.0	0.0	463.13986	0.0	956.1369	0.0	1373.8018	0.0	0.0	0.0	1331.5563	0.0	0.0	0.0	0.0	0.0	172.57288	0.0	0.0	730.981	0.0	0.0	0.0	0.0	0.0	426.50186	0.0	1127.908	0.0	0.0	0.0	220.81404	311.50638	0.0	0.0	0.0	1267.8182	68.543175	0.0	0.0	817.4018	120.29832	0.0	0.0	1963.5825	666.2045	0.0	0.0	959.6838	0.0	81.10685	0.0	0.0	366.9185	0.0	0.0	0.0	0.0	1162.7396	1468.1172	0.0	940.5208	151.15842	1263.8954	0.0	1472.1783	1915.598	225.92102	693.3135	0.0	0.0	0.0	333.0232	1036.1156	0.0	0.0	203.02757	729.3574	0.0	0.0	0.0
748.30316	0.0	816.09064	0.0	0.0	3.4539785	0.0	0.0	0.0	1470.1705	0.0	1820.9108	0.0	0.0	66.79901	524.85455	0.0	0.0	0.0	0.0	0.0	0.0	192.3272	0.0	0.0	314.72913	0.0	1607.502	0.0	0.0	0.0	355.24976	427.67715	0.0	1096.8387	0.0	367.49597	0.0	0.0	644.5047	729.25714	0.0	1556.4032	0.0	0.0	497.7748	788.6678	0.0	0.0	480.92197	0.0	947.10077	0.0	1373.0752	0.0	0.0	0.0	1326.0328	0.0	0.0	0.0	0.0	0.0	177.98932	0.0	0.0	753.47894	0.0	0.0	0.0	0.0	0.0	421.86136	0.0	1115.7833	0.0	0.0	0.0	229.06165	312.85562	0.0	0.0	0.0	1277.0933	65.582	0.0	0.0	841.4067	94.26694	0.0	0.0	1982.044	646.8313	0.0	0.0	957.09406	0.0	85.60413	0.0	0.0	349.2079	0.0	0.0	0.0	0.0	1129.0558	1480.5	0.0	932.58514	141.10619	1290.2443	0.0	1472.1079	1905.8568	263.61325	704.62866	0.0	0.0	0.0	335.23822	1027.2455	0.0	0.0	196.70879	725.3204	0.0	0.0	0.0
713.6517	0.0	769.1035	0.0	0.0	1.4479852	0.0	0.0	0.0	1380.0834	0.0	1722.8126	0.0	0.0	55.50839	506.62817	0.0	0.0	0.0	0.0	0.0	0.0	176.17566	0.0	0.0	293.73047	0.0	1528.2794	0.0	0.0	0.0	330.01566	406.08456	0.0	1034.4557	0.0	349.0367	0.0	0.0	611.4886	688.1772	0.0	1473.9188	0.0	0.0	468.12173	737.4124	0.0	0.0	466.2693	0.0	886.9161	0.0	1294.5343	0.0	0.0	0.0	1259.1182	0.0	0.0	0.0	0.0	0.0	169.25885	0.0	0.0	721.2569	0.0	0.0	0.0	0.0	0.0	395.59146	0.0	1049.9604	0.0	0.0	0.0	210.8847	293.69147	0.0	0.0	0.0	1206.4215	58.49883	0.0	0.0	795.79193	79.52724	0.0	0.0	1877.0498	607.42847	0.0	0.0	906.0396	0.0	82.05346	0.0	0.0	325.81238	0.0	0.0	0.0	0.0	1054.9359	1402.3379	0.0	873.3831	131.81966	1221.8925	0.0	1394.5703	1792.7256	256.2614	664.5809	0.0	0.0	0.0	315.40088	964.21454	0.0	0.0	185.65802	680.3276	0.0	0.0	0.0
780.02783	0.0	911.11835	0.0	0.0	35.1908	0.0	0.0	0.0	1620.5347	0.0	1959.1195	0.0	0.0	87.45626	534.4836	0.0	0.0	0.0	0.0	0.0	0.0	236.63216	0.0	0.0	385.04483	0.0	1691.1959	0.0	0.0	0.0	413.32913	458.14523	0.0	1191.7523	0.0	401.07043	0.0	0.0	679.6149	815.5572	0.0	1684.129	0.0	0.0	559.5221	881.42456	0.0	0.0	472.64114	0.0	1054.0946	0.0	1493.1113	0.0	0.0	0.0	1391.7186	0.0	0.0	0.0	0.0	0.0	188.042	0.0	0.0	797.8369	0.0	0.0	0.0	0.0	0.0	481.2678	0.0	1236.1787	0.0	0.0	0.0	288.46655	351.88797	0.0	0.0	0.0	1393.9087	90.29069	0.0	0.0	927.28864	135.53554	0.0	0.0	2154.1982	700.7038	0.0	0.0	1031.7926	0.0	97.540855	0.0	0.0	405.92654	0.0	0.0	0.0	0.0	1264.5873	1585.0039	0.0	1046.2238	139.39879	1398.5039	0.0	1579.3036	2106.0642	280.31473	803.2661	0.0	0.0	0.0	374.63095	1151.2697	0.0	0.0	195.81683	801.95245	0.0	0.0	0.0
744.57666	0.0	856.209	0.0	0.0	24.363777	0.0	0.0	0.0	1522.6449	0.0	1862.8129	0.0	0.0	78.04837	516.2671	0.0	0.0	0.0	0.0	0.0	0.0	217.61731	0.0	0.0	350.64517	0.0	1614.9102	0.0	0.0	0.0	382.973	435.5789	0.0	1129.9677	0.0	377.13998	0.0	0.0	649.6446	763.6169	0.0	1596.2618	0.0	0.0	523.5489	827.98505	0.0	0.0	459.9026	0.0	988.6555	0.0	1412.1045	0.0	0.0	0.0	1330.2081	0.0	0.0	0.0	0.0	0.0	177.66998	0.0	0.0	760.65106	0.0	0.0	0.0	0.0	0.0	444.74036	0.0	1164.1499	0.0	0.0	0.0	261.29953	330.49503	0.0	0.0	0.0	1315.46	74.36721	0.0	0.0	872.6592	121.90507	0.0	0.0	2037.3917	662.9002	0.0	0.0	978.5749	0.0	90.24276	0.0	0.0	377.9812	0.0	0.0	0.0	0.0	1185.6434	1501.5663	0.0	979.83105	134.84373	1320.6447	0.0	1500.328	1982.0814	264.1059	746.6802	0.0	0.0	0.0	351.7374	1079.6526	0.0	0.0	189.93465	753.4274	0.0	0.0	0.0
748.99725	0.0	852.01807	0.0	0.0	21.195301	0.0	0.0	0.0	1521.0658	0.0	1859.3672	0.0	0.0	75.423645	522.968	0.0	0.0	0.0	0.0	0.0	0.0	215.41692	0.0	0.0	349.30533	0.0	1618.8405	0.0	0.0	0.0	381.66382	436.41748	0.0	1123.4376	0.0	375.7545	0.0	0.0	648.18317	760.18634	0.0	1596.6517	0.0	0.0	520.8056	821.34204	0.0	0.0	466.0115	0.0	987.1162	0.0	1412.2692	0.0	0.0	0.0	1331.0688	0.0	0.0	0.0	0.0	0.0	179.95587	0.0	0.0	764.5096	0.0	0.0	0.0	0.0	0.0	444.14572	0.0	1159.4357	0.0	0.0	0.0	261.10547	330.1891	0.0	0.0	0.0	1315.2723	75.04838	0.0	0.0	876.1125	115.22504	0.0	0.0	2038.7687	660.682	0.0	0.0	976.26105	0.0	91.97295	0.0	0.0	375.0983	0.0	0.0	0.0	0.0	1178.756	1504.6334	0.0	976.3776	134.14812	1324.963	0.0	1500.8252	1975.4584	269.01874	745.0993	0.0	0.0	0.0	350.496	1075.2219	0.0	0.0	191.45961	752.07025	0.0	0.0	0.0
736.02277	0.0	825.2215	0.0	0.0	14.290821	0.0	0.0	0.0	1477.063	0.0	1812.12	0.0	0.0	72.53758	515.7905	0.0	0.0	0.0	0.0	0.0	0.0	205.54773	0.0	0.0	330.92142	0.0	1585.1456	0.0	0.0	0.0	367.61588	426.37085	0.0	1092.0082	0.0	365.6808	0.0	0.0	637.31976	734.8718	0.0	1554.5548	0.0	0.0	502.26535	793.7404	0.0	0.0	464.06113	0.0	957.153	0.0	1373.9171	0.0	0.0	0.0	1305.556	0.0	0.0	0.0	0.0	0.0	175.8493	0.0	0.0	748.44867	0.0	0.0	0.0	0.0	0.0	425.96085	0.0	1122.491	0.0	0.0	0.0	246.57036	321.8854	0.0	0.0	0.0	1280.6971	71.39039	0.0	0.0	849.21295	105.65177	0.0	0.0	1982.8636	643.36346	0.0	0.0	950.71967	0.0	90.69236	0.0	0.0	360.22598	0.0	0.0	0.0	0.0	1141.0221	1470.8209	0.0	944.92303	134.2481	1291.3302	0.0	1465.0206	1918.1771	263.48404	717.01953	0.0	0.0	0.0	338.57346	1040.5785	0.0	0.0	188.24707	728.941	0.0	0.0	0.0
732.6274	0.0	827.264	0.0	0.0	17.582342	0.0	0.0	0.0	1483.2277	0.0	1814.2764	0.0	0.0	77.997475	507.6049	0.0	0.0	0.0	0.0	0.0	0.0	207.44975	0.0	0.0	331.3511	0.0	1580.3475	0.0	0.0	0.0	369.8761	424.3711	0.0	1098.1688	0.0	366.11423	0.0	0.0	638.5772	736.55096	0.0	1551.3241	0.0	0.0	504.45554	802.5013	0.0	0.0	456.88635	0.0	962.50555	0.0	1377.0763	0.0	0.0	0.0	1307.1423	0.0	0.0	0.0	0.0	0.0	174.69823	0.0	0.0	742.78076	0.0	0.0	0.0	0.0	0.0	428.4877	0.0	1128.8812	0.0	0.0	0.0	246.13728	323.43845	0.0	0.0	0.0	1281.4957	73.09377	0.0	0.0	844.09735	113.54822	0.0	0.0	1980.1582	648.186	0.0	0.0	951.8359	0.0	89.75872	0.0	0.0	365.0247	0.0	0.0	0.0	0.0	1153.1201	1468.7062	0.0	950.6281	137.44179	1286.3165	0.0	1465.8129	1926.6803	253.4605	717.61346	0.0	0.0	0.0	338.47195	1046.2719	0.0	0.0	191.13115	732.83057	0.0	0.0	0.0
735.5755	0.0	836.3281	0.0	0.0	19.31778	0.0	0.0	0.0	1496.3134	0.0	1828.2762	0.0	0.0	79.28845	507.61206	0.0	0.0	0.0	0.0	0.0	0.0	209.87628	0.0	0.0	336.38174	0.0	1588.8717	0.0	0.0	0.0	373.95682	427.38733	0.0	1107.1548	0.0	368.4495	0.0	0.0	641.58746	744.16437	0.0	1562.669	0.0	0.0	510.6266	811.1944	0.0	0.0	457.23587	0.0	972.3057	0.0	1388.3385	0.0	0.0	0.0	1315.1915	0.0	0.0	0.0	0.0	0.0	176.13147	0.0	0.0	746.7601	0.0	0.0	0.0	0.0	0.0	433.8221	0.0	1139.4702	0.0	0.0	0.0	251.57298	326.03085	0.0	0.0	0.0	1291.4829	74.506355	0.0	0.0	850.9358	116.8078	0.0	0.0	1996.4604	654.4333	0.0	0.0	958.9902	0.0	89.716545	0.0	0.0	370.38345	0.0	0.0	0.0	0.0	1164.7345	1478.8936	0.0	960.76904	136.36754	1295.0416	0.0	1477.1171	1942.8453	253.23253	725.1684	0.0	0.0	0.0	342.47055	1056.6053	0.0	0.0	190.03142	739.374	0.0	0.0	0.0
748.81085	0.0	858.53143	0.0	0.0	25.561142	0.0	0.0	0.0	1532.6606	0.0	1868.5566	0.0	0.0	79.281555	517.2955	0.0	0.0	0.0	0.0	0.0	0.0	218.29303	0.0	0.0	352.70334	0.0	1621.3246	0.0	0.0	0.0	386.13562	436.54578	0.0	1133.5693	0.0	378.9675	0.0	0.0	652.42737	766.8558	0.0	1602.8453	0.0	0.0	525.81757	831.0005	0.0	0.0	461.802	0.0	994.9624	0.0	1419.1874	0.0	0.0	0.0	1335.5371	0.0	0.0	0.0	0.0	0.0	179.12285	0.0	0.0	763.50714	0.0	0.0	0.0	0.0	0.0	447.92288	0.0	1169.9404	0.0	0.0	0.0	263.74023	332.7869	0.0	0.0	0.0	1322.2455	76.561584	0.0	0.0	876.9084	122.065834	0.0	0.0	2045.8915	666.2642	0.0	0.0	982.2619	0.0	91.36071	0.0	0.0	379.99332	0.0	0.0	0.0	0.0	1192.9818	1509.236	0.0	985.9598	136.0034	1327.6954	0.0	1506.7037	1991.7518	264.38132	750.4912	0.0	0.0	0.0	353.17978	1084.7822	0.0	0.0	191.87325	757.88104	0.0	0.0	0.0
743.1121	0.0	850.42426	0.0	0.0	22.858625	0.0	0.0	0.0	1519.5846	0.0	1853.359	0.0	0.0	79.31202	513.88983	0.0	0.0	0.0	0.0	0.0	0.0	215.87726	0.0	0.0	346.85275	0.0	1608.66	0.0	0.0	0.0	381.6637	433.82376	0.0	1123.2524	0.0	374.22305	0.0	0.0	647.9926	758.08545	0.0	1587.9785	0.0	0.0	520.07513	823.5417	0.0	0.0	459.34726	0.0	987.50397	0.0	1407.8042	0.0	0.0	0.0	1326.9058	0.0	0.0	0.0	0.0	0.0	178.17102	0.0	0.0	756.6114	0.0	0.0	0.0	0.0	0.0	442.3262	0.0	1158.1163	0.0	0.0	0.0	258.9468	330.51993	0.0	0.0	0.0	1310.1195	75.646904	0.0	0.0	868.43976	119.42701	0.0	0.0	2026.4501	661.7527	0.0	0.0	972.62885	0.0	90.94758	0.0	0.0	375.6085	0.0	0.0	0.0	0.0	1181.8461	1498.5033	0.0	977.2481	136.14899	1315.9869	0.0	1494.9501	1973.9761	260.50583	741.2243	0.0	0.0	0.0	349.95486	1073.9945	0.0	0.0	191.50456	751.6626	0.0	0.0	0.0
734.153	0.0	834.4178	0.0	0.0	19.030405	0.0	0.0	0.0	1487.419	0.0	1823.3011	0.0	0.0	75.291214	509.88306	0.0	0.0	0.0	0.0	0.0	0.0	209.93427	0.0	0.0	336.7736	0.0	1587.0856	0.0	0.0	0.0	372.55005	426.119	0.0	1102.9009	0.0	367.63028	0.0	0.0	639.6391	744.66034	0.0	1562.3939	0.0	0.0	508.514	805.26245	0.0	0.0	456.80948	0.0	966.37115	0.0	1383.5258	0.0	0.0	0.0	1308.5052	0.0	0.0	0.0	0.0	0.0	174.69179	0.0	0.0	747.94086	0.0	0.0	0.0	0.0	0.0	430.67212	0.0	1134.7432	0.0	0.0	0.0	251.61159	324.02255	0.0	0.0	0.0	1288.042	73.32318	0.0	0.0	851.1738	114.402466	0.0	0.0	1994.1388	648.25385	0.0	0.0	956.8864	0.0	89.409325	0.0	0.0	366.00455	0.0	0.0	0.0	0.0	1155.0485	1473.3579	0.0	956.07074	133.4433	1293.8369	0.0	1471.3593	1936.1107	259.1351	724.4891	0.0	0.0	0.0	342.54874	1052.7015	0.0	0.0	186.58838	735.45135	0.0	0.0	0.0
733.40814	0.0	834.5992	0.0	0.0	18.948614	0.0	0.0	0.0	1486.5184	0.0	1822.8737	0.0	0.0	74.51702	507.68723	0.0	0.0	0.0	0.0	0.0	0.0	209.89116	0.0	0.0	335.8107	0.0	1585.9062	0.0	0.0	0.0	372.88486	424.69595	0.0	1103.5192	0.0	367.13235	0.0	0.0	639.0667	744.08203	0.0	1560.6198	0.0	0.0	508.62195	805.68585	0.0	0.0	456.75296	0.0	966.2717	0.0	1381.8461	0.0	0.0	0.0	1308.3085	0.0	0.0	0.0	0.0	0.0	174.17113	0.0	0.0	746.3537	0.0	0.0	0.0	0.0	0.0	429.95508	0.0	1133.2142	0.0	0.0	0.0	250.203	323.30972	0.0	0.0	0.0	1285.8652	73.45318	0.0	0.0	849.19135	115.50553	0.0	0.0	1992.3407	648.21735	0.0	0.0	956.8133	0.0	88.8291	0.0	0.0	366.59494	0.0	0.0	0.0	0.0	1154.3344	1471.5309	0.0	955.20514	133.5855	1291.9612	0.0	1470.4781	1934.5978	256.74487	723.1326	0.0	0.0	0.0	343.421	1052.1971	0.0	0.0	186.73897	735.59735	0.0	0.0	0.0
760.6968	0.0	840.601	0.0	0.0	10.866834	0.0	0.0	0.0	1497.4336	0.0	1850.732	0.0	0.0	51.42137	539.7808	0.0	0.0	0.0	0.0	0.0	0.0	198.7541	0.0	0.0	344.2383	0.0	1625.8346	0.0	0.0	0.0	366.22534	433.9753	0.0	1107.4216	0.0	377.87354	0.0	0.0	637.3948	752.7111	0.0	1591.5146	0.0	0.0	519.6146	796.854	0.0	0.0	494.75024	0.0	968.305	0.0	1397.8241	0.0	0.0	0.0	1332.9967	0.0	0.0	0.0	0.0	0.0	184.0874	0.0	0.0	780.5092	0.0	0.0	0.0	0.0	0.0	446.9702	0.0	1144.847	0.0	0.0	0.0	253.04549	314.86453	0.0	0.0	0.0	1304.8794	69.86166	0.0	0.0	877.09204	88.65954	0.0	0.0	2034.994	653.51874	0.0	0.0	976.1086	0.0	95.39968	0.0	0.0	371.31607	0.0	0.0	0.0	0.0	1148.0289	1503.3888	0.0	951.56683	122.0571	1323.8046	0.0	1494.8322	1934.4725	276.65018	735.86163	0.0	0.0	0.0	346.5911	1057.1222	0.0	0.0	192.21904	735.6159	0.0	0.0	0.0
749.9534	0.0	857.00977	0.0	0.0	24.223207	0.0	0.0	0.0	1526.6312	0.0	1865.5332	0.0	0.0	75.521126	519.2209	0.0	0.0	0.0	0.0	0.0	0.0	217.33551	0.0	0.0	352.0371	0.0	1620.7628	0.0	0.0	0.0	384.92386	436.02896	0.0	1130.3878	0.0	377.981	0.0	0.0	652.2263	765.397	0.0	1600.5841	0.0	0.0	523.269	827.5086	0.0	0.0	462.8772	0.0	991.291	0.0	1416.227	0.0	0.0	0.0	1334.6274	0.0	0.0	0.0	0.0	0.0	178.69453	0.0	0.0	765.0327	0.0	0.0	0.0	0.0	0.0	446.25308	0.0	1166.2974	0.0	0.0	0.0	260.9014	332.08374	0.0	0.0	0.0	1320.8951	74.69137	0.0	0.0	875.34796	118.771996	0.0	0.0	2042.9554	663.51935	0.0	0.0	979.6589	0.0	92.213844	0.0	0.0	377.99277	0.0	0.0	0.0	0.0	1187.2091	1507.4027	0.0	982.2507	134.79704	1325.0605	0.0	1504.729	1986.6161	265.18332	748.5528	0.0	0.0	0.0	352.79904	1081.1073	0.0	0.0	192.33708	754.9797	0.0	0.0	0.0
750.7879	0.0	860.7629	0.0	0.0	24.17565	0.0	0.0	0.0	1535.0719	0.0	1873.4454	0.0	0.0	79.316505	520.601	0.0	0.0	0.0	0.0	0.0	0.0	219.16585	0.0	0.0	354.31018	0.0	1625.6398	0.0	0.0	0.0	386.558	439.47873	0.0	1135.7166	0.0	379.3013	0.0	0.0	653.5674	767.4858	0.0	1606.8007	0.0	0.0	526.9122	832.2111	0.0	0.0	462.64255	0.0	997.3347	0.0	1422.8239	0.0	0.0	0.0	1338.7391	0.0	0.0	0.0	0.0	0.0	180.35803	0.0	0.0	766.0713	0.0	0.0	0.0	0.0	0.0	448.81616	0.0	1171.7548	0.0	0.0	0.0	264.64127	334.8961	0.0	0.0	0.0	1325.3596	76.32416	0.0	0.0	880.5418	120.96018	0.0	0.0	2051.4495	667.75287	0.0	0.0	983.07935	0.0	92.63738	0.0	0.0	380.389	0.0	0.0	0.0	0.0	1194.5479	1513.9496	0.0	988.2182	135.94258	1331.9865	0.0	1511.0013	1996.5488	267.084	753.2863	0.0	0.0	0.0	353.84863	1087.7324	0.0	0.0	191.84236	759.56903	0.0	0.0	0.0
761.5717	0.0	883.3265	0.0	0.0	29.990416	0.0	0.0	0.0	1574.3174	0.0	1914.3629	0.0	0.0	85.822975	527.4043	0.0	0.0	0.0	0.0	0.0	0.0	227.92342	0.0	0.0	368.067	0.0	1655.9155	0.0	0.0	0.0	398.4016	448.4891	0.0	1163.183	0.0	389.27335	0.0	0.0	666.2967	788.97656	0.0	1642.8693	0.0	0.0	541.0882	857.78766	0.0	0.0	464.39062	0.0	1021.78094	0.0	1455.6493	0.0	0.0	0.0	1362.6361	0.0	0.0	0.0	0.0	0.0	184.3018	0.0	0.0	779.6988	0.0	0.0	0.0	0.0	0.0	463.99246	0.0	1202.7294	0.0	0.0	0.0	275.88098	342.06216	0.0	0.0	0.0	1356.707	80.624084	0.0	0.0	901.4339	130.39264	0.0	0.0	2099.0046	683.11017	0.0	0.0	1007.0832	0.0	92.68738	0.0	0.0	392.3522	0.0	0.0	0.0	0.0	1227.8788	1544.5446	0.0	1013.30884	139.3638	1361.6432	0.0	1541.8535	2047.5072	272.76697	777.219	0.0	0.0	0.0	362.0151	1116.6414	0.0	0.0	194.97408	779.59406	0.0	0.0	0.0
743.6233	0.0	851.29254	0.0	0.0	22.2413	0.0	0.0	0.0	1514.5887	0.0	1855.5797	0.0	0.0	75.33199	516.45013	0.0	0.0	0.0	0.0	0.0	0.0	215.26665	0.0	0.0	348.6301	0.0	1611.5641	0.0	0.0	0.0	380.20908	434.31714	0.0	1124.8549	0.0	374.58838	0.0	0.0	646.43555	759.25433	0.0	1590.3125	0.0	0.0	521.3738	823.2171	0.0	0.0	460.54068	0.0	983.72284	0.0	1406.3312	0.0	0.0	0.0	1327.1254	0.0	0.0	0.0	0.0	0.0	177.52632	0.0	0.0	759.22705	0.0	0.0	0.0	0.0	0.0	443.13638	0.0	1158.3461	0.0	0.0	0.0	258.5972	328.11636	0.0	0.0	0.0	1309.2867	73.88993	0.0	0.0	869.05316	118.75144	0.0	0.0	2029.9215	660.4489	0.0	0.0	975.39215	0.0	90.37389	0.0	0.0	376.08325	0.0	0.0	0.0	0.0	1179.0845	1497.1595	0.0	974.2068	134.03801	1315.8827	0.0	1495.8242	1971.8488	262.62045	742.2723	0.0	0.0	0.0	350.14893	1073.9077	0.0	0.0	190.53242	748.9922	0.0	0.0	0.0
724.9991	0.0	883.14044	0.0	0.0	12.352651	0.0	0.0	0.0	1506.5492	0.0	1835.8871	0.0	0.0	83.38055	514.22656	0.0	0.0	0.0	0.0	0.0	0.0	232.20079	0.0	0.0	365.09	0.0	1594.3379	0.0	0.0	0.0	410.76822	414.66885	0.0	1083.3867	0.0	391.57504	0.0	0.0	646.9895	789.3352	0.0	1597.6632	0.0	0.0	509.15982	815.3579	0.0	0.0	428.44034	0.0	989.7842	0.0	1397.0765	0.0	0.0	0.0	1275.3419	0.0	0.0	0.0	0.0	0.0	190.2885	0.0	0.0	755.1941	0.0	0.0	0.0	0.0	0.0	450.39566	0.0	1142.5304	0.0	0.0	0.0	299.41507	336.54257	0.0	0.0	0.0	1309.8717	80.09214	0.0	0.0	871.64355	115.22656	0.0	0.0	2024.1727	631.3249	0.0	0.0	956.3565	0.0	99.06677	0.0	0.0	373.43225	0.0	0.0	0.0	0.0	1140.5612	1490.9664	0.0	953.4506	110.07407	1318.5499	0.0	1456.3265	1978.124	304.82455	753.66534	0.0	0.0	0.0	364.6837	1101.4742	0.0	0.0	159.31795	732.55566	0.0	0.0	0.0
747.3548	0.0	860.11334	0.0	0.0	24.19297	0.0	0.0	0.0	1529.6945	0.0	1869.602	0.0	0.0	78.52006	517.86456	0.0	0.0	0.0	0.0	0.0	0.0	218.55037	0.0	0.0	353.57336	0.0	1621.2848	0.0	0.0	0.0	385.6038	437.29062	0.0	1134.3937	0.0	377.80362	0.0	0.0	651.933	767.47565	0.0	1603.3864	0.0	0.0	525.05945	831.68805	0.0	0.0	460.84488	0.0	993.3869	0.0	1418.7545	0.0	0.0	0.0	1334.9486	0.0	0.0	0.0	0.0	0.0	178.79427	0.0	0.0	764.4578	0.0	0.0	0.0	0.0	0.0	447.63638	0.0	1169.2197	0.0	0.0	0.0	263.9592	331.9708	0.0	0.0	0.0	1321.52	75.65655	0.0	0.0	876.54193	122.21865	0.0	0.0	2046.9844	665.8526	0.0	0.0	982.6238	0.0	90.34989	0.0	0.0	380.41272	0.0	0.0	0.0	0.0	1190.8085	1508.3802	0.0	985.0778	134.72612	1326.9105	0.0	1507.0973	1990.922	264.62613	750.7172	0.0	0.0	0.0	353.91196	1084.048	0.0	0.0	190.37675	756.5794	0.0	0.0	0.0
778.88696	0.0	916.43646	0.0	0.0	35.145382	0.0	0.0	0.0	1629.498	0.0	1966.0929	0.0	0.0	91.13741	532.08673	0.0	0.0	0.0	0.0	0.0	0.0	238.3043	0.0	0.0	384.82007	0.0	1694.0399	0.0	0.0	0.0	415.75143	459.05246	0.0	1196.2524	0.0	400.14365	0.0	0.0	681.6673	820.33954	0.0	1690.256	0.0	0.0	561.26404	886.3384	0.0	0.0	471.08878	0.0	1060.8961	0.0	1498.707	0.0	0.0	0.0	1393.9414	0.0	0.0	0.0	0.0	0.0	186.67168	0.0	0.0	796.30365	0.0	0.0	0.0	0.0	0.0	480.70874	0.0	1238.8564	0.0	0.0	0.0	293.2522	353.9551	0.0	0.0	0.0	1397.8131	91.96777	0.0	0.0	929.93115	138.98036	0.0	0.0	2162.193	703.8709	0.0	0.0	1034.308	0.0	94.84908	0.0	0.0	406.62112	0.0	0.0	0.0	0.0	1268.6372	1589.1471	0.0	1053.8276	139.22685	1403.8448	0.0	1584.2833	2113.8699	279.32324	805.83856	0.0	0.0	0.0	378.13962	1155.1074	0.0	0.0	191.73083	807.7283	0.0	0.0	0.0
743.69867	0.0	850.857	0.0	0.0	22.998901	0.0	0.0	0.0	1516.6896	0.0	1854.0231	0.0	0.0	76.04331	515.17194	0.0	0.0	0.0	0.0	0.0	0.0	215.03905	0.0	0.0	348.01352	0.0	1610.4552	0.0	0.0	0.0	381.1401	433.5131	0.0	1122.9884	0.0	375.08557	0.0	0.0	647.0395	759.71906	0.0	1589.2828	0.0	0.0	520.47614	822.2684	0.0	0.0	460.71497	0.0	985.1823	0.0	1406.882	0.0	0.0	0.0	1326.5337	0.0	0.0	0.0	0.0	0.0	177.96208	0.0	0.0	758.9343	0.0	0.0	0.0	0.0	0.0	443.34006	0.0	1158.1163	0.0	0.0	0.0	259.6774	329.12088	0.0	0.0	0.0	1310.5978	74.99897	0.0	0.0	868.33527	118.785706	0.0	0.0	2029.1118	660.33374	0.0	0.0	973.9019	0.0	90.50241	0.0	0.0	375.90616	0.0	0.0	0.0	0.0	1179.3341	1497.6147	0.0	975.2346	134.10088	1316.0121	0.0	1494.7562	1971.7574	262.3946	742.3289	0.0	0.0	0.0	350.3514	1073.597	0.0	0.0	190.4925	750.2869	0.0	0.0	0.0
759.6877	0.0	879.38947	0.0	0.0	29.015892	0.0	0.0	0.0	1568.3276	0.0	1903.1168	0.0	0.0	82.866066	524.1739	0.0	0.0	0.0	0.0	0.0	0.0	226.54834	0.0	0.0	367.12662	0.0	1646.3893	0.0	0.0	0.0	397.2025	446.1139	0.0	1155.9706	0.0	387.19504	0.0	0.0	661.6922	786.03644	0.0	1634.4193	0.0	0.0	539.7386	851.2437	0.0	0.0	463.9065	0.0	1018.92896	0.0	1448.3716	0.0	0.0	0.0	1355.7239	0.0	0.0	0.0	0.0	0.0	182.86273	0.0	0.0	775.78143	0.0	0.0	0.0	0.0	0.0	461.82083	0.0	1196.3926	0.0	0.0	0.0	274.85223	340.9784	0.0	0.0	0.0	1350.4474	82.25848	0.0	0.0	898.0747	127.89254	0.0	0.0	2088.1038	679.79614	0.0	0.0	1000.07086	0.0	93.991005	0.0	0.0	390.5376	0.0	0.0	0.0	0.0	1222.0181	1538.5938	0.0	1011.17285	137.10826	1355.6056	0.0	1534.8287	2037.0531	270.39783	773.6115	0.0	0.0	0.0	361.74655	1110.9232	0.0	0.0	193.45636	776.2319	0.0	0.0	0.0
774.50946	0.0	907.4732	0.0	0.0	35.58907	0.0	0.0	0.0	1615.2119	0.0	1948.3688	0.0	0.0	89.39267	529.4013	0.0	0.0	0.0	0.0	0.0	0.0	236.08014	0.0	0.0	382.26218	0.0	1681.4808	0.0	0.0	0.0	412.84805	454.8679	0.0	1186.4567	0.0	398.3204	0.0	0.0	677.51654	813.44464	0.0	1676.4312	0.0	0.0	556.7812	878.7654	0.0	0.0	468.37817	0.0	1050.4872	0.0	1486.3839	0.0	0.0	0.0	1383.2985	0.0	0.0	0.0	0.0	0.0	186.04866	0.0	0.0	791.74445	0.0	0.0	0.0	0.0	0.0	477.8534	0.0	1229.1301	0.0	0.0	0.0	290.06747	351.7274	0.0	0.0	0.0	1387.7612	91.89431	0.0	0.0	922.4236	136.85901	0.0	0.0	2143.4902	697.33636	0.0	0.0	1026.2992	0.0	94.99088	0.0	0.0	403.14542	0.0	0.0	0.0	0.0	1258.3463	1576.7142	0.0	1044.3563	138.94923	1392.0859	0.0	1571.4639	2097.2148	277.65543	800.07666	0.0	0.0	0.0	373.9889	1145.6232	0.0	0.0	192.59143	799.4163	0.0	0.0	0.0
747.7304	0.0	848.1919	0.0	0.0	19.837667	0.0	0.0	0.0	1516.4233	0.0	1854.8257	0.0	0.0	75.28016	524.2924	0.0	0.0	0.0	0.0	0.0	0.0	213.63452	0.0	0.0	348.1195	0.0	1617.1324	0.0	0.0	0.0	380.17862	436.89966	0.0	1120.2905	0.0	374.80896	0.0	0.0	648.95215	756.3269	0.0	1593.6974	0.0	0.0	519.2703	817.7083	0.0	0.0	465.88327	0.0	983.2078	0.0	1407.7731	0.0	0.0	0.0	1328.498	0.0	0.0	0.0	0.0	0.0	180.16875	0.0	0.0	763.9904	0.0	0.0	0.0	0.0	0.0	441.19766	0.0	1155.9371	0.0	0.0	0.0	260.06696	329.68655	0.0	0.0	0.0	1311.9199	73.39466	0.0	0.0	874.2878	113.16998	0.0	0.0	2033.3301	657.96466	0.0	0.0	974.39056	0.0	92.4942	0.0	0.0	372.58472	0.0	0.0	0.0	0.0	1174.1633	1503.2095	0.0	973.0547	135.0368	1322.8766	0.0	1498.2567	1970.3453	270.24164	743.06305	0.0	0.0	0.0	348.50467	1070.9525	0.0	0.0	191.4914	748.8779	0.0	0.0	0.0
744.3257	0.0	846.06274	0.0	0.0	19.30295	0.0	0.0	0.0	1511.0311	0.0	1846.7944	0.0	0.0	75.22133	519.1068	0.0	0.0	0.0	0.0	0.0	0.0	213.24207	0.0	0.0	345.09116	0.0	1608.3422	0.0	0.0	0.0	378.48776	433.5284	0.0	1114.8802	0.0	372.46664	0.0	0.0	645.719	754.99786	0.0	1585.3885	0.0	0.0	516.87476	815.02734	0.0	0.0	463.62332	0.0	981.19867	0.0	1401.9912	0.0	0.0	0.0	1323.3425	0.0	0.0	0.0	0.0	0.0	178.21216	0.0	0.0	758.99786	0.0	0.0	0.0	0.0	0.0	439.45874	0.0	1150.1945	0.0	0.0	0.0	258.9288	328.55148	0.0	0.0	0.0	1306.9994	74.78644	0.0	0.0	868.8	113.88776	0.0	0.0	2023.694	656.2902	0.0	0.0	968.97076	0.0	91.510376	0.0	0.0	371.29346	0.0	0.0	0.0	0.0	1170.2776	1496.1273	0.0	970.91046	133.56743	1315.6222	0.0	1491.2347	1961.5846	266.33035	738.2315	0.0	0.0	0.0	348.20132	1067.0232	0.0	0.0	189.29126	746.7972	0.0	0.0	0.0
738.7967	0.0	842.33746	0.0	0.0	20.106255	0.0	0.0	0.0	1506.1968	0.0	1838.0171	0.0	0.0	77.569214	512.8034	0.0	0.0	0.0	0.0	0.0	0.0	213.0779	0.0	0.0	342.2738	0.0	1598.3247	0.0	0.0	0.0	377.6368	430.204	0.0	1112.0245	0.0	370.35336	0.0	0.0	643.09875	750.5437	0.0	1575.4028	0.0	0.0	515.6085	814.6394	0.0	0.0	458.67056	0.0	978.85254	0.0	1395.8076	0.0	0.0	0.0	1317.9923	0.0	0.0	0.0	0.0	0.0	177.33061	0.0	0.0	751.9199	0.0	0.0	0.0	0.0	0.0	438.0957	0.0	1145.935	0.0	0.0	0.0	257.02396	328.0823	0.0	0.0	0.0	1300.3048	75.21124	0.0	0.0	861.44403	117.28622	0.0	0.0	2011.6156	655.4747	0.0	0.0	964.3409	0.0	90.677086	0.0	0.0	371.55667	0.0	0.0	0.0	0.0	1169.6781	1487.8314	0.0	968.0088	135.46126	1306.6888	0.0	1484.8237	1954.8804	259.6445	733.31635	0.0	0.0	0.0	346.53616	1063.3746	0.0	0.0	190.3042	745.25397	0.0	0.0	0.0
741.4228	0.0	847.1126	0.0	0.0	21.77028	0.0	0.0	0.0	1509.8978	0.0	1845.7778	0.0	0.0	77.901855	513.8328	0.0	0.0	0.0	0.0	0.0	0.0	214.60895	0.0	0.0	343.89233	0.0	1603.2448	0.0	0.0	0.0	379.4896	431.14206	0.0	1117.3932	0.0	372.8143	0.0	0.0	645.91064	755.2756	0.0	1581.4398	0.0	0.0	515.9528	819.22943	0.0	0.0	459.10254	0.0	980.501	0.0	1400.9244	0.0	0.0	0.0	1321.919	0.0	0.0	0.0	0.0	0.0	176.75346	0.0	0.0	755.7505	0.0	0.0	0.0	0.0	0.0	439.1991	0.0	1150.6143	0.0	0.0	0.0	257.33566	328.85422	0.0	0.0	0.0	1304.9194	74.80481	0.0	0.0	863.4202	118.13373	0.0	0.0	2018.2969	658.06714	0.0	0.0	968.4617	0.0	90.45313	0.0	0.0	373.3677	0.0	0.0	0.0	0.0	1173.6278	1491.0919	0.0	971.12616	135.1732	1309.841	0.0	1489.0552	1963.3304	261.18744	737.36914	0.0	0.0	0.0	347.99963	1067.7863	0.0	0.0	189.43068	747.0888	0.0	0.0	0.0
674.6602	0.0	727.11237	0.0	0.0	7.462253	0.0	0.0	0.0	1300.2148	0.0	1634.0394	0.0	0.0	55.888607	465.85068	0.0	0.0	0.0	0.0	0.0	0.0	164.87718	0.0	0.0	269.96854	0.0	1437.6312	0.0	0.0	0.0	308.9983	380.2877	0.0	992.3741	0.0	331.35446	0.0	0.0	580.64166	648.35364	0.0	1381.6588	0.0	0.0	440.33438	710.4778	0.0	0.0	438.33322	0.0	835.049	0.0	1224.4156	0.0	0.0	0.0	1202.0797	0.0	0.0	0.0	0.0	0.0	155.89207	0.0	0.0	677.2813	0.0	0.0	0.0	0.0	0.0	373.7028	0.0	998.8594	0.0	0.0	0.0	184.31012	276.88525	0.0	0.0	0.0	1135.8846	54.482986	0.0	0.0	734.0141	85.08651	0.0	0.0	1762.9136	585.2588	0.0	0.0	860.20074	0.0	77.39245	0.0	0.0	316.78333	0.0	0.0	0.0	0.0	1014.4886	1319.3081	0.0	826.9536	130.54437	1137.5963	0.0	1322.3287	1699.1064	219.21858	620.23804	0.0	0.0	0.0	294.0719	911.4422	0.0	0.0	180.41736	641.86865	0.0	0.0	0.0
674.36865	0.0	726.501	0.0	0.0	7.787043	0.0	0.0	0.0	1299.733	0.0	1632.6357	0.0	0.0	56.170696	466.31027	0.0	0.0	0.0	0.0	0.0	0.0	163.44435	0.0	0.0	268.38025	0.0	1437.2499	0.0	0.0	0.0	307.70428	380.72476	0.0	989.741	0.0	332.34335	0.0	0.0	579.7098	647.3586	0.0	1380.2611	0.0	0.0	439.9253	708.6342	0.0	0.0	439.6908	0.0	834.0716	0.0	1223.4327	0.0	0.0	0.0	1201.5679	0.0	0.0	0.0	0.0	0.0	156.69135	0.0	0.0	677.50793	0.0	0.0	0.0	0.0	0.0	374.0817	0.0	996.4151	0.0	0.0	0.0	184.88818	276.6632	0.0	0.0	0.0	1134.9574	54.360775	0.0	0.0	734.33466	83.56549	0.0	0.0	1761.1139	585.38104	0.0	0.0	858.9353	0.0	76.574005	0.0	0.0	315.76047	0.0	0.0	0.0	0.0	1011.61163	1319.0079	0.0	825.219	130.10356	1136.8011	0.0	1320.2622	1695.3478	220.13904	619.1289	0.0	0.0	0.0	294.23633	909.5701	0.0	0.0	180.59734	640.92236	0.0	0.0	0.0
709.41504	0.0	802.3782	0.0	0.0	8.438504	0.0	0.0	0.0	1448.3883	0.0	1780.7623	0.0	0.0	78.34167	473.92203	0.0	0.0	0.0	0.0	0.0	0.0	189.92412	0.0	0.0	303.5413	0.0	1546.0089	0.0	0.0	0.0	349.26392	411.38574	0.0	1086.6665	0.0	354.9476	0.0	0.0	623.52466	706.0931	0.0	1498.1722	0.0	0.0	495.1083	794.0882	0.0	0.0	444.76746	0.0	939.4886	0.0	1342.7894	0.0	0.0	0.0	1294.5546	0.0	0.0	0.0	0.0	0.0	169.94585	0.0	0.0	706.499	0.0	0.0	0.0	0.0	0.0	418.36734	0.0	1099.2461	0.0	0.0	0.0	226.08684	303.5997	0.0	0.0	0.0	1232.9966	73.409706	0.0	0.0	797.96454	119.26697	0.0	0.0	1911.2573	656.08075	0.0	0.0	934.18823	0.0	75.41136	0.0	0.0	364.30045	0.0	0.0	0.0	0.0	1134.3047	1432.0807	0.0	922.387	145.15627	1232.2632	0.0	1433.7418	1865.9302	209.2865	674.9283	0.0	0.0	0.0	330.9181	1015.1206	0.0	0.0	196.51184	713.3194	0.0	0.0	0.0
673.65204	0.0	719.02875	0.0	0.0	7.2024484	0.0	0.0	0.0	1283.0328	0.0	1618.9178	0.0	0.0	50.92465	467.62912	0.0	0.0	0.0	0.0	0.0	0.0	160.96515	0.0	0.0	265.90158	0.0	1428.8585	0.0	0.0	0.0	303.8101	377.44656	0.0	979.8813	0.0	330.92307	0.0	0.0	575.1855	642.1289	0.0	1369.455	0.0	0.0	433.91162	698.8979	0.0	0.0	440.85767	0.0	822.2703	0.0	1211.6328	0.0	0.0	0.0	1193.7968	0.0	0.0	0.0	0.0	0.0	155.99254	0.0	0.0	678.0701	0.0	0.0	0.0	0.0	0.0	370.69553	0.0	986.28314	0.0	0.0	0.0	179.33752	273.04535	0.0	0.0	0.0	1126.8539	52.25357	0.0	0.0	728.618	77.128624	0.0	0.0	1747.7114	577.8765	0.0	0.0	851.9262	0.0	77.80546	0.0	0.0	311.20102	0.0	0.0	0.0	0.0	998.7646	1308.5966	0.0	814.1114	127.18414	1127.7963	0.0	1310.0221	1677.959	222.06708	614.41364	0.0	0.0	0.0	290.09598	899.8257	0.0	0.0	179.19032	632.60443	0.0	0.0	0.0
681.19366	0.0	735.4617	0.0	0.0	4.770721	0.0	0.0	0.0	1318.6437	0.0	1650.7345	0.0	0.0	56.65388	474.9773	0.0	0.0	0.0	0.0	0.0	0.0	165.34558	0.0	0.0	273.95584	0.0	1457.8978	0.0	0.0	0.0	312.80472	386.6572	0.0	997.53143	0.0	335.1749	0.0	0.0	586.98444	656.17633	0.0	1401.3363	0.0	0.0	445.71936	713.0035	0.0	0.0	445.37576	0.0	846.71234	0.0	1238.2325	0.0	0.0	0.0	1212.1124	0.0	0.0	0.0	0.0	0.0	159.35457	0.0	0.0	685.7382	0.0	0.0	0.0	0.0	0.0	377.05417	0.0	1006.95776	0.0	0.0	0.0	193.05688	279.9636	0.0	0.0	0.0	1149.5206	56.138477	0.0	0.0	748.15106	82.09435	0.0	0.0	1786.4644	589.5041	0.0	0.0	868.80566	0.0	76.61865	0.0	0.0	316.68857	0.0	0.0	0.0	0.0	1018.5679	1337.6117	0.0	837.1301	130.44383	1157.31	0.0	1335.6707	1715.3866	229.67651	628.3671	0.0	0.0	0.0	299.87387	920.64874	0.0	0.0	180.82082	649.6994	0.0	0.0	0.0
677.2601	0.0	729.8118	0.0	0.0	5.2503867	0.0	0.0	0.0	1304.3907	0.0	1638.618	0.0	0.0	54.49411	471.94913	0.0	0.0	0.0	0.0	0.0	0.0	164.93816	0.0	0.0	271.6037	0.0	1446.2736	0.0	0.0	0.0	309.571	382.76663	0.0	991.8611	0.0	332.67773	0.0	0.0	582.3513	650.7164	0.0	1389.7621	0.0	0.0	442.50378	708.5384	0.0	0.0	442.49075	0.0	838.3311	0.0	1227.6266	0.0	0.0	0.0	1204.011	0.0	0.0	0.0	0.0	0.0	157.75768	0.0	0.0	681.5776	0.0	0.0	0.0	0.0	0.0	374.54575	0.0	999.77606	0.0	0.0	0.0	187.83952	276.78366	0.0	0.0	0.0	1139.8241	54.643246	0.0	0.0	740.199	81.57197	0.0	0.0	1771.7319	584.10516	0.0	0.0	863.00665	0.0	77.04917	0.0	0.0	315.2349	0.0	0.0	0.0	0.0	1011.1956	1325.5643	0.0	827.8533	129.1815	1145.4906	0.0	1325.7943	1701.9717	226.6014	623.10547	0.0	0.0	0.0	296.37155	914.0686	0.0	0.0	179.97968	642.6903	0.0	0.0	0.0
670.84344	0.0	726.3405	0.0	0.0	5.9550767	0.0	0.0	0.0	1300.0282	0.0	1630.7872	0.0	0.0	57.05937	464.7252	0.0	0.0	0.0	0.0	0.0	0.0	164.64528	0.0	0.0	270.06033	0.0	1435.2557	0.0	0.0	0.0	308.59387	380.40494	0.0	988.8455	0.0	329.66345	0.0	0.0	578.75275	646.7865	0.0	1381.6356	0.0	0.0	440.75977	707.81055	0.0	0.0	437.277	0.0	836.395	0.0	1222.4901	0.0	0.0	0.0	1196.7358	0.0	0.0	0.0	0.0	0.0	156.50002	0.0	0.0	674.84644	0.0	0.0	0.0	0.0	0.0	372.3715	0.0	996.27045	0.0	0.0	0.0	188.59605	276.2025	0.0	0.0	0.0	1133.212	55.295746	0.0	0.0	734.5944	85.927635	0.0	0.0	1760.3241	583.98535	0.0	0.0	859.364	0.0	75.921425	0.0	0.0	316.37732	0.0	0.0	0.0	0.0	1011.0283	1318.0361	0.0	826.3759	129.72049	1137.5024	0.0	1319.6676	1695.8427	220.3751	618.0938	0.0	0.0	0.0	295.24414	909.8169	0.0	0.0	178.54895	640.3381	0.0	0.0	0.0
674.02246	0.0	720.8613	0.0	0.0	8.03842	0.0	0.0	0.0	1289.2158	0.0	1622.6333	0.0	0.0	53.275085	465.8219	0.0	0.0	0.0	0.0	0.0	0.0	161.35852	0.0	0.0	266.56552	0.0	1430.6787	0.0	0.0	0.0	305.30356	378.41318	0.0	983.8239	0.0	330.72586	0.0	0.0	576.22876	643.75116	0.0	1372.192	0.0	0.0	435.72717	702.3711	0.0	0.0	440.16483	0.0	826.2066	0.0	1215.9886	0.0	0.0	0.0	1196.6595	0.0	0.0	0.0	0.0	0.0	155.61812	0.0	0.0	677.2393	0.0	0.0	0.0	0.0	0.0	372.08228	0.0	989.9312	0.0	0.0	0.0	180.93243	274.55612	0.0	0.0	0.0	1129.7472	53.294434	0.0	0.0	730.49274	79.78599	0.0	0.0	1752.0576	580.931	0.0	0.0	853.9629	0.0	77.170006	0.0	0.0	312.8428	0.0	0.0	0.0	0.0	1004.24316	1311.8707	0.0	818.5591	128.56392	1130.5209	0.0	1313.6873	1684.2245	219.96004	615.62354	0.0	0.0	0.0	291.1901	902.18585	0.0	0.0	179.3433	635.84216	0.0	0.0	0.0
674.5798	0.0	719.63837	0.0	0.0	8.77505	0.0	0.0	0.0	1283.3247	0.0	1619.049	0.0	0.0	50.865936	467.0288	0.0	0.0	0.0	0.0	0.0	0.0	161.0554	0.0	0.0	265.16214	0.0	1428.8131	0.0	0.0	0.0	304.02786	376.3127	0.0	980.6167	0.0	332.1245	0.0	0.0	576.1196	643.32477	0.0	1369.3812	0.0	0.0	434.18674	699.34125	0.0	0.0	440.8562	0.0	822.25275	0.0	1212.1718	0.0	0.0	0.0	1194.4637	0.0	0.0	0.0	0.0	0.0	155.74998	0.0	0.0	678.2258	0.0	0.0	0.0	0.0	0.0	370.5679	0.0	986.5354	0.0	0.0	0.0	177.80237	273.84268	0.0	0.0	0.0	1127.9552	52.150524	0.0	0.0	727.6089	77.40228	0.0	0.0	1747.2772	577.95337	0.0	0.0	851.76514	0.0	77.8188	0.0	0.0	310.68356	0.0	0.0	0.0	0.0	998.8383	1308.3075	0.0	814.31525	127.80729	1127.2607	0.0	1309.941	1679.1133	221.00511	614.84393	0.0	0.0	0.0	289.8584	899.368	0.0	0.0	179.13916	632.83417	0.0	0.0	0.0
682.8497	0.0	739.6341	0.0	0.0	6.201395	0.0	0.0	0.0	1324.506	0.0	1660.9951	0.0	0.0	59.069508	470.4653	0.0	0.0	0.0	0.0	0.0	0.0	167.50539	0.0	0.0	274.3104	0.0	1459.8698	0.0	0.0	0.0	314.07443	386.8821	0.0	1008.022	0.0	336.2992	0.0	0.0	588.36237	657.9184	0.0	1402.5114	0.0	0.0	449.38846	724.44684	0.0	0.0	443.9091	0.0	851.389	0.0	1243.7247	0.0	0.0	0.0	1220.7697	0.0	0.0	0.0	0.0	0.0	159.18987	0.0	0.0	684.2906	0.0	0.0	0.0	0.0	0.0	381.34842	0.0	1015.9869	0.0	0.0	0.0	189.80489	280.24026	0.0	0.0	0.0	1152.3263	56.565937	0.0	0.0	744.5782	89.172035	0.0	0.0	1790.4147	597.38635	0.0	0.0	874.63995	0.0	76.82623	0.0	0.0	323.87256	0.0	0.0	0.0	0.0	1033.6813	1340.0566	0.0	841.4946	132.90901	1154.8488	0.0	1342.6683	1725.8488	220.56964	628.6778	0.0	0.0	0.0	299.75644	928.0361	0.0	0.0	184.77864	652.9637	0.0	0.0	0.0
678.9165	0.0	754.1114	0.0	0.0	6.619181	0.0	0.0	0.0	1334.6656	0.0	1667.8716	0.0	0.0	59.28686	461.99472	0.0	0.0	0.0	0.0	0.0	0.0	168.73169	0.0	0.0	279.5872	0.0	1453.0175	0.0	0.0	0.0	318.21622	385.39255	0.0	1011.63763	0.0	335.41708	0.0	0.0	583.56744	666.8196	0.0	1407.6139	0.0	0.0	455.4573	729.9751	0.0	0.0	440.5519	0.0	861.1451	0.0	1247.7505	0.0	0.0	0.0	1220.1674	0.0	0.0	0.0	0.0	0.0	153.24828	0.0	0.0	679.0034	0.0	0.0	0.0	0.0	0.0	387.9072	0.0	1019.01117	0.0	0.0	0.0	200.588	281.8782	0.0	0.0	0.0	1154.3993	62.09245	0.0	0.0	746.7451	98.88312	0.0	0.0	1800.9589	603.7867	0.0	0.0	877.8057	0.0	75.8547	0.0	0.0	331.67294	0.0	0.0	0.0	0.0	1041.2115	1344.7694	0.0	851.77344	126.8866	1159.1761	0.0	1347.7865	1731.7291	213.59233	630.5783	0.0	0.0	0.0	310.43216	936.70245	0.0	0.0	174.46246	657.958	0.0	0.0	0.0
676.74054	0.0	733.8518	0.0	0.0	5.1789823	0.0	0.0	0.0	1313.9873	0.0	1646.9645	0.0	0.0	57.618076	469.18375	0.0	0.0	0.0	0.0	0.0	0.0	166.09932	0.0	0.0	274.03506	0.0	1449.0382	0.0	0.0	0.0	311.362	385.09717	0.0	997.7182	0.0	333.11673	0.0	0.0	582.4642	652.134	0.0	1393.4893	0.0	0.0	446.12808	716.2177	0.0	0.0	441.13232	0.0	844.92896	0.0	1233.6758	0.0	0.0	0.0	1208.7732	0.0	0.0	0.0	0.0	0.0	159.0733	0.0	0.0	679.9188	0.0	0.0	0.0	0.0	0.0	378.69934	0.0	1007.05786	0.0	0.0	0.0	191.03233	277.72534	0.0	0.0	0.0	1143.4153	56.373917	0.0	0.0	741.84503	86.255226	0.0	0.0	1777.7196	591.0616	0.0	0.0	867.48535	0.0	76.36378	0.0	0.0	320.84854	0.0	0.0	0.0	0.0	1021.9312	1330.9235	0.0	834.1609	130.67131	1148.2604	0.0	1331.482	1710.4596	222.27443	624.6713	0.0	0.0	0.0	298.13058	920.1175	0.0	0.0	182.71521	646.9661	0.0	0.0	0.0
689.31714	0.0	749.70044	0.0	0.0	5.316833	0.0	0.0	0.0	1348.2877	0.0	1681.0449	0.0	0.0	63.845272	473.37305	0.0	0.0	0.0	0.0	0.0	0.0	171.08385	0.0	0.0	279.049	0.0	1476.6576	0.0	0.0	0.0	319.99203	392.48624	0.0	1020.3588	0.0	339.71506	0.0	0.0	596.3395	666.5544	0.0	1420.9452	0.0	0.0	455.95483	735.395	0.0	0.0	445.0005	0.0	867.47845	0.0	1261.5704	0.0	0.0	0.0	1233.5138	0.0	0.0	0.0	0.0	0.0	160.77382	0.0	0.0	688.7287	0.0	0.0	0.0	0.0	0.0	386.24414	0.0	1029.5239	0.0	0.0	0.0	195.99744	286.10544	0.0	0.0	0.0	1167.8844	59.530277	0.0	0.0	756.5756	92.081535	0.0	0.0	1813.4147	605.5713	0.0	0.0	883.8525	0.0	76.43757	0.0	0.0	327.9252	0.0	0.0	0.0	0.0	1048.6244	1358.586	0.0	856.8228	136.40254	1171.9181	0.0	1358.6388	1751.103	222.80727	639.46454	0.0	0.0	0.0	304.87524	941.6694	0.0	0.0	186.34558	664.9659	0.0	0.0	0.0
675.1293	0.0	723.0332	0.0	0.0	9.019192	0.0	0.0	0.0	1294.4287	0.0	1627.683	0.0	0.0	54.904297	465.39365	0.0	0.0	0.0	0.0	0.0	0.0	163.16527	0.0	0.0	267.5619	0.0	1433.3229	0.0	0.0	0.0	306.4714	379.63022	0.0	987.7249	0.0	332.11667	0.0	0.0	577.97784	644.9344	0.0	1374.8864	0.0	0.0	437.3486	706.92505	0.0	0.0	439.30093	0.0	829.62573	0.0	1219.4648	0.0	0.0	0.0	1199.7806	0.0	0.0	0.0	0.0	0.0	156.03593	0.0	0.0	676.7654	0.0	0.0	0.0	0.0	0.0	373.44882	0.0	993.7837	0.0	0.0	0.0	180.62947	275.8215	0.0	0.0	0.0	1132.5679	53.542316	0.0	0.0	731.6311	81.93402	0.0	0.0	1755.6246	583.6621	0.0	0.0	855.934	0.0	77.376305	0.0	0.0	314.86655	0.0	0.0	0.0	0.0	1009.7446	1314.8638	0.0	821.8386	130.01079	1132.9022	0.0	1316.9287	1690.0468	218.87823	617.988	0.0	0.0	0.0	291.69772	906.23535	0.0	0.0	181.12256	638.61523	0.0	0.0	0.0
670.2785	0.0	719.7038	0.0	0.0	7.2816315	0.0	0.0	0.0	1286.7489	0.0	1617.6805	0.0	0.0	53.59871	465.08487	0.0	0.0	0.0	0.0	0.0	0.0	162.18839	0.0	0.0	267.32196	0.0	1427.231	0.0	0.0	0.0	305.73666	377.2009	0.0	979.71906	0.0	328.88712	0.0	0.0	574.94635	642.87823	0.0	1370.8584	0.0	0.0	435.78622	699.59357	0.0	0.0	437.08472	0.0	826.6795	0.0	1213.151	0.0	0.0	0.0	1190.5189	0.0	0.0	0.0	0.0	0.0	155.37544	0.0	0.0	674.29	0.0	0.0	0.0	0.0	0.0	369.8348	0.0	987.0891	0.0	0.0	0.0	183.11534	274.09467	0.0	0.0	0.0	1126.4376	53.69338	0.0	0.0	729.83716	80.3389	0.0	0.0	1748.6587	577.5827	0.0	0.0	851.6143	0.0	76.70141	0.0	0.0	311.1345	0.0	0.0	0.0	0.0	999.8449	1308.6229	0.0	817.103	127.93414	1129.3403	0.0	1309.7211	1681.2793	221.32643	614.7629	0.0	0.0	0.0	291.81104	900.94727	0.0	0.0	177.69249	634.612	0.0	0.0	0.0
677.8454	0.0	726.5447	0.0	0.0	8.612315	0.0	0.0	0.0	1297.7969	0.0	1633.6102	0.0	0.0	54.17564	467.3296	0.0	0.0	0.0	0.0	0.0	0.0	163.67107	0.0	0.0	268.201	0.0	1437.7012	0.0	0.0	0.0	307.73224	380.29483	0.0	990.88135	0.0	333.67215	0.0	0.0	579.9862	647.8903	0.0	1379.289	0.0	0.0	438.22733	708.4353	0.0	0.0	441.66342	0.0	832.4993	0.0	1223.4658	0.0	0.0	0.0	1204.1157	0.0	0.0	0.0	0.0	0.0	156.42609	0.0	0.0	680.32745	0.0	0.0	0.0	0.0	0.0	374.44138	0.0	996.50104	0.0	0.0	0.0	180.78748	277.10495	0.0	0.0	0.0	1136.9794	53.90387	0.0	0.0	734.05475	81.10995	0.0	0.0	1761.7562	585.0942	0.0	0.0	858.3909	0.0	78.32722	0.0	0.0	316.11746	0.0	0.0	0.0	0.0	1012.2596	1319.079	0.0	823.96185	130.04823	1136.6143	0.0	1321.6149	1695.7778	219.58362	620.3655	0.0	0.0	0.0	292.7554	909.38257	0.0	0.0	180.27686	640.6429	0.0	0.0	0.0
674.92896	0.0	733.9129	0.0	0.0	6.2404513	0.0	0.0	0.0	1311.5039	0.0	1645.0186	0.0	0.0	58.970997	466.40503	0.0	0.0	0.0	0.0	0.0	0.0	166.22137	0.0	0.0	272.89218	0.0	1446.1188	0.0	0.0	0.0	311.66125	383.0909	0.0	998.98926	0.0	332.15567	0.0	0.0	583.8426	653.1071	0.0	1392.694	0.0	0.0	445.31287	715.8039	0.0	0.0	438.9589	0.0	843.8504	0.0	1232.9067	0.0	0.0	0.0	1206.7162	0.0	0.0	0.0	0.0	0.0	157.12248	0.0	0.0	678.6824	0.0	0.0	0.0	0.0	0.0	375.99744	0.0	1006.17	0.0	0.0	0.0	190.37372	277.7744	0.0	0.0	0.0	1142.0803	55.65272	0.0	0.0	739.18536	88.631035	0.0	0.0	1775.4957	589.5754	0.0	0.0	866.9709	0.0	76.21917	0.0	0.0	320.2149	0.0	0.0	0.0	0.0	1021.48505	1327.9702	0.0	833.549	130.75436	1145.827	0.0	1330.4825	1711.9066	220.87898	623.1224	0.0	0.0	0.0	298.10977	919.1697	0.0	0.0	179.93867	645.80975	0.0	0.0	0.0
669.8256	0.0	717.8023	0.0	0.0	6.9461155	0.0	0.0	0.0	1279.8864	0.0	1612.9884	0.0	0.0	51.053177	465.05124	0.0	0.0	0.0	0.0	0.0	0.0	161.1421	0.0	0.0	265.20767	0.0	1423.7501	0.0	0.0	0.0	304.07788	375.0242	0.0	976.5179	0.0	329.32605	0.0	0.0	573.9692	641.7205	0.0	1366.3605	0.0	0.0	433.00464	695.99805	0.0	0.0	437.95547	0.0	821.45776	0.0	1207.9738	0.0	0.0	0.0	1187.8033	0.0	0.0	0.0	0.0	0.0	155.18434	0.0	0.0	674.94684	0.0	0.0	0.0	0.0	0.0	367.81277	0.0	982.27203	0.0	0.0	0.0	180.20662	272.88937	0.0	0.0	0.0	1123.5096	52.988117	0.0	0.0	726.66455	78.12667	0.0	0.0	1742.1842	574.8394	0.0	0.0	849.2403	0.0	76.5393	0.0	0.0	309.2028	0.0	0.0	0.0	0.0	993.71344	1304.169	0.0	813.06866	126.88382	1125.1649	0.0	1305.4716	1674.0394	221.40712	613.0009	0.0	0.0	0.0	290.69797	896.6623	0.0	0.0	177.04353	631.57184	0.0	0.0	0.0
669.17	0.0	724.6049	0.0	0.0	6.1274323	0.0	0.0	0.0	1295.5463	0.0	1626.2611	0.0	0.0	56.4958	462.5527	0.0	0.0	0.0	0.0	0.0	0.0	163.54738	0.0	0.0	268.10916	0.0	1430.3105	0.0	0.0	0.0	307.24265	378.6039	0.0	985.99774	0.0	329.76804	0.0	0.0	576.86304	644.90936	0.0	1375.438	0.0	0.0	439.0958	706.20966	0.0	0.0	436.142	0.0	833.335	0.0	1217.8394	0.0	0.0	0.0	1194.2659	0.0	0.0	0.0	0.0	0.0	155.81102	0.0	0.0	672.54065	0.0	0.0	0.0	0.0	0.0	371.76627	0.0	992.96924	0.0	0.0	0.0	185.93141	274.90146	0.0	0.0	0.0	1128.7538	55.279346	0.0	0.0	730.2656	85.37917	0.0	0.0	1753.5121	583.17816	0.0	0.0	856.5535	0.0	75.650856	0.0	0.0	315.66202	0.0	0.0	0.0	0.0	1007.9473	1313.3302	0.0	822.5755	129.92482	1131.8619	0.0	1314.7928	1689.6459	217.97005	616.1548	0.0	0.0	0.0	294.3468	906.8906	0.0	0.0	179.05244	638.34454	0.0	0.0	0.0
677.7077	0.0	728.0087	0.0	0.0	8.93348	0.0	0.0	0.0	1304.0934	0.0	1638.6808	0.0	0.0	56.673416	463.91995	0.0	0.0	0.0	0.0	0.0	0.0	164.00851	0.0	0.0	268.90793	0.0	1439.1676	0.0	0.0	0.0	308.30017	382.02917	0.0	995.3309	0.0	333.2346	0.0	0.0	579.5887	646.9514	0.0	1379.847	0.0	0.0	440.80814	714.9963	0.0	0.0	439.81152	0.0	836.3316	0.0	1227.4369	0.0	0.0	0.0	1208.0219	0.0	0.0	0.0	0.0	0.0	156.90251	0.0	0.0	677.4522	0.0	0.0	0.0	0.0	0.0	377.6222	0.0	1001.4136	0.0	0.0	0.0	181.59251	276.8616	0.0	0.0	0.0	1137.6986	54.887684	0.0	0.0	733.0765	85.40728	0.0	0.0	1764.2028	590.79596	0.0	0.0	861.2819	0.0	77.567154	0.0	0.0	320.61133	0.0	0.0	0.0	0.0	1021.25336	1321.7909	0.0	827.77734	131.75714	1136.1677	0.0	1324.9858	1700.6117	214.38062	620.293	0.0	0.0	0.0	293.67972	912.909	0.0	0.0	183.53716	643.3986	0.0	0.0	0.0
677.67	0.0	740.98926	0.0	0.0	8.558751	0.0	0.0	0.0	1330.8237	0.0	1664.8885	0.0	0.0	65.285286	459.33133	0.0	0.0	0.0	0.0	0.0	0.0	169.05385	0.0	0.0	274.57285	0.0	1451.6019	0.0	0.0	0.0	314.3505	387.57327	0.0	1015.22797	0.0	333.4293	0.0	0.0	584.806	654.2006	0.0	1396.7513	0.0	0.0	452.00684	734.76447	0.0	0.0	436.05692	0.0	857.1411	0.0	1247.1615	0.0	0.0	0.0	1221.2296	0.0	0.0	0.0	0.0	0.0	158.05348	0.0	0.0	674.92487	0.0	0.0	0.0	0.0	0.0	385.37405	0.0	1021.29736	0.0	0.0	0.0	189.59961	280.10342	0.0	0.0	0.0	1149.8971	58.3253	0.0	0.0	740.59985	97.422386	0.0	0.0	1786.1074	606.2409	0.0	0.0	874.9004	0.0	76.65501	0.0	0.0	332.30252	0.0	0.0	0.0	0.0	1048.4098	1338.5151	0.0	845.7918	135.65305	1147.9076	0.0	1343.9323	1730.8535	206.15178	625.3764	0.0	0.0	0.0	300.321	931.83844	0.0	0.0	186.49232	655.9736	0.0	0.0	0.0
669.82245	0.0	718.2554	0.0	0.0	7.895872	0.0	0.0	0.0	1281.859	0.0	1615.393	0.0	0.0	53.19328	463.31693	0.0	0.0	0.0	0.0	0.0	0.0	161.21114	0.0	0.0	264.6959	0.0	1423.7467	0.0	0.0	0.0	303.80124	375.2129	0.0	979.55316	0.0	329.50552	0.0	0.0	574.1086	641.6387	0.0	1366.4467	0.0	0.0	434.04367	699.3768	0.0	0.0	437.2892	0.0	822.62866	0.0	1209.7386	0.0	0.0	0.0	1189.9126	0.0	0.0	0.0	0.0	0.0	154.97168	0.0	0.0	673.78424	0.0	0.0	0.0	0.0	0.0	369.0698	0.0	984.5374	0.0	0.0	0.0	180.00923	273.02817	0.0	0.0	0.0	1123.5939	53.253857	0.0	0.0	725.21234	80.56156	0.0	0.0	1742.4608	577.7207	0.0	0.0	850.626	0.0	76.083	0.0	0.0	311.24268	0.0	0.0	0.0	0.0	998.50635	1304.5104	0.0	814.2114	128.04326	1123.9865	0.0	1307.115	1676.5402	218.36108	612.41534	0.0	0.0	0.0	290.2172	898.4998	0.0	0.0	177.87862	631.7673	0.0	0.0	0.0
675.00024	0.0	723.24506	0.0	0.0	10.622646	0.0	0.0	0.0	1292.5873	0.0	1627.5433	0.0	0.0	55.22058	461.80896	0.0	0.0	0.0	0.0	0.0	0.0	162.69728	0.0	0.0	265.48657	0.0	1430.0947	0.0	0.0	0.0	305.73917	377.8842	0.0	989.3028	0.0	332.66714	0.0	0.0	577.0736	644.5579	0.0	1370.8676	0.0	0.0	436.82724	708.5254	0.0	0.0	438.47226	0.0	828.6634	0.0	1218.8203	0.0	0.0	0.0	1201.0717	0.0	0.0	0.0	0.0	0.0	155.36638	0.0	0.0	675.59357	0.0	0.0	0.0	0.0	0.0	374.46085	0.0	993.85645	0.0	0.0	0.0	177.93813	275.11075	0.0	0.0	0.0	1131.2411	53.79228	0.0	0.0	727.7078	83.12637	0.0	0.0	1751.7897	585.7461	0.0	0.0	855.61993	0.0	77.18054	0.0	0.0	316.45944	0.0	0.0	0.0	0.0	1011.89716	1312.3722	0.0	820.15753	130.50996	1127.668	0.0	1315.5278	1689.0663	213.5778	616.1928	0.0	0.0	0.0	291.32126	905.93695	0.0	0.0	181.48975	638.2351	0.0	0.0	0.0
672.46185	0.0	717.5183	0.0	0.0	6.9726357	0.0	0.0	0.0	1279.4799	0.0	1612.2919	0.0	0.0	49.48929	470.05966	0.0	0.0	0.0	0.0	0.0	0.0	160.73991	0.0	0.0	265.5355	0.0	1426.9854	0.0	0.0	0.0	304.11588	376.4004	0.0	973.84375	0.0	330.61215	0.0	0.0	575.0766	642.5898	0.0	1368.7023	0.0	0.0	431.91574	692.5086	0.0	0.0	441.2238	0.0	819.9844	0.0	1207.6592	0.0	0.0	0.0	1188.5946	0.0	0.0	0.0	0.0	0.0	155.4366	0.0	0.0	678.9808	0.0	0.0	0.0	0.0	0.0	367.53568	0.0	980.8076	0.0	0.0	0.0	180.7498	274.19598	0.0	0.0	0.0	1125.8456	52.173275	0.0	0.0	730.7568	74.24035	0.0	0.0	1744.86	572.4126	0.0	0.0	848.24274	0.0	77.41861	0.0	0.0	306.06433	0.0	0.0	0.0	0.0	989.6164	1306.5297	0.0	812.4539	125.94448	1129.0431	0.0	1305.139	1672.8629	227.52235	615.0484	0.0	0.0	0.0	290.88135	895.4519	0.0	0.0	176.49806	631.58795	0.0	0.0	0.0
698.60956	0.0	782.6683	0.0	0.0	8.622991	0.0	0.0	0.0	1413.1195	0.0	1739.4606	0.0	0.0	74.923195	473.38876	0.0	0.0	0.0	0.0	0.0	0.0	186.16516	0.0	0.0	297.79163	0.0	1513.2115	0.0	0.0	0.0	337.85074	404.2809	0.0	1058.3594	0.0	346.87598	0.0	0.0	607.8287	691.0459	0.0	1468.5477	0.0	0.0	483.49637	772.26715	0.0	0.0	443.33737	0.0	915.0112	0.0	1309.8634	0.0	0.0	0.0	1263.9244	0.0	0.0	0.0	0.0	0.0	165.87689	0.0	0.0	695.6272	0.0	0.0	0.0	0.0	0.0	409.13205	0.0	1072.326	0.0	0.0	0.0	218.72302	294.7269	0.0	0.0	0.0	1206.9701	67.6214	0.0	0.0	786.2684	111.15488	0.0	0.0	1875.8441	633.8776	0.0	0.0	913.2414	0.0	76.044395	0.0	0.0	349.61783	0.0	0.0	0.0	0.0	1101.3589	1401.5162	0.0	897.6848	140.19511	1211.7511	0.0	1401.5488	1820.464	220.023	663.5776	0.0	0.0	0.0	321.28897	987.70825	0.0	0.0	191.81224	697.0119	0.0	0.0	0.0
766.94037	0.0	895.2785	0.0	0.0	30.757982	0.0	0.0	0.0	1585.1061	0.0	1929.4777	0.0	0.0	84.59348	528.7915	0.0	0.0	0.0	0.0	0.0	0.0	232.10356	0.0	0.0	376.3707	0.0	1665.2592	0.0	0.0	0.0	402.90262	453.27975	0.0	1174.3271	0.0	393.03687	0.0	0.0	668.5135	796.64996	0.0	1654.0112	0.0	0.0	549.0494	867.17645	0.0	0.0	464.887	0.0	1032.317	0.0	1466.0879	0.0	0.0	0.0	1372.5004	0.0	0.0	0.0	0.0	0.0	184.77223	0.0	0.0	784.9761	0.0	0.0	0.0	0.0	0.0	471.80997	0.0	1214.643	0.0	0.0	0.0	279.36234	345.89133	0.0	0.0	0.0	1367.6649	81.41694	0.0	0.0	909.8767	133.16765	0.0	0.0	2117.0793	689.4682	0.0	0.0	1014.044	0.0	97.213844	0.0	0.0	399.98083	0.0	0.0	0.0	0.0	1242.4379	1556.8799	0.0	1023.32	137.42604	1370.3135	0.0	1555.2799	2067.51	274.53494	785.47516	0.0	0.0	0.0	366.5139	1130.5068	0.0	0.0	194.23535	785.1442	0.0	0.0	0.0
763.41724	0.0	883.58075	0.0	0.0	28.290644	0.0	0.0	0.0	1565.986	0.0	1912.2767	0.0	0.0	79.80952	529.12164	0.0	0.0	0.0	0.0	0.0	0.0	226.8576	0.0	0.0	368.57614	0.0	1654.184	0.0	0.0	0.0	396.31735	448.19083	0.0	1161.1835	0.0	389.27722	0.0	0.0	664.0449	787.9351	0.0	1640.0026	0.0	0.0	540.759	853.7813	0.0	0.0	467.81192	0.0	1018.468	0.0	1451.5016	0.0	0.0	0.0	1361.8424	0.0	0.0	0.0	0.0	0.0	183.56262	0.0	0.0	781.87067	0.0	0.0	0.0	0.0	0.0	463.7125	0.0	1200.1686	0.0	0.0	0.0	273.0598	341.1218	0.0	0.0	0.0	1353.9867	77.937935	0.0	0.0	900.91016	126.87827	0.0	0.0	2097.1328	680.3543	0.0	0.0	1004.92706	0.0	96.02314	0.0	0.0	393.2291	0.0	0.0	0.0	0.0	1223.6405	1542.0514	0.0	1008.9654	136.28133	1358.4381	0.0	1541.1107	2041.919	273.91473	775.289	0.0	0.0	0.0	362.0109	1114.7352	0.0	0.0	193.5927	775.6499	0.0	0.0	0.0
809.1517	0.0	888.6177	0.0	0.0	12.437449	0.0	0.0	0.0	1582.9718	0.0	1937.9703	0.0	0.0	48.408447	600.3618	0.0	0.0	0.0	0.0	0.0	0.0	218.42891	0.0	0.0	382.66812	0.0	1729.4642	0.0	0.0	0.0	397.5585	468.05054	0.0	1142.0515	0.0	400.94345	0.0	0.0	677.9611	807.0716	0.0	1707.9867	0.0	0.0	539.43695	809.24005	0.0	0.0	525.9477	0.0	1019.30817	0.0	1471.8776	0.0	0.0	0.0	1380.2699	0.0	0.0	0.0	0.0	0.0	195.08311	0.0	0.0	841.71924	0.0	0.0	0.0	0.0	0.0	462.69907	0.0	1194.447	0.0	0.0	0.0	294.22354	344.06815	0.0	0.0	0.0	1393.7894	73.391174	0.0	0.0	967.6081	70.31383	0.0	0.0	2175.9795	658.90485	0.0	0.0	1017.7434	0.0	106.47744	0.0	0.0	365.69284	0.0	0.0	0.0	0.0	1170.4268	1601.4484	0.0	1004.9741	116.936554	1440.0405	0.0	1568.056	2042.9274	356.32437	805.7171	0.0	0.0	0.0	372.63876	1112.5966	0.0	0.0	183.4145	778.5312	0.0	0.0	0.0
722.03253	0.0	805.53375	0.0	0.0	10.846086	0.0	0.0	0.0	1440.6998	0.0	1777.5773	0.0	0.0	71.747314	502.96017	0.0	0.0	0.0	0.0	0.0	0.0	199.19383	0.0	0.0	319.08228	0.0	1553.3408	0.0	0.0	0.0	355.9597	417.5643	0.0	1075.9282	0.0	357.41953	0.0	0.0	625.7311	714.19965	0.0	1516.7867	0.0	0.0	490.03354	781.626	0.0	0.0	455.74915	0.0	933.91864	0.0	1344.0562	0.0	0.0	0.0	1287.7643	0.0	0.0	0.0	0.0	0.0	172.1512	0.0	0.0	731.2049	0.0	0.0	0.0	0.0	0.0	417.82175	0.0	1100.4078	0.0	0.0	0.0	231.72783	313.44315	0.0	0.0	0.0	1250.4738	68.00365	0.0	0.0	821.7609	105.50506	0.0	0.0	1936.8431	634.6741	0.0	0.0	932.965	0.0	89.02413	0.0	0.0	356.32803	0.0	0.0	0.0	0.0	1122.8597	1438.6422	0.0	920.262	135.71092	1255.8308	0.0	1437.4882	1875.9795	248.53563	695.09686	0.0	0.0	0.0	328.19922	1018.14435	0.0	0.0	190.95894	711.4556	0.0	0.0	0.0
717.59686	0.0	795.64874	0.0	0.0	8.71601	0.0	0.0	0.0	1421.3212	0.0	1758.6737	0.0	0.0	68.16392	499.87393	0.0	0.0	0.0	0.0	0.0	0.0	195.75085	0.0	0.0	313.15952	0.0	1539.8285	0.0	0.0	0.0	349.84146	412.7601	0.0	1064.8868	0.0	353.89246	0.0	0.0	620.3758	705.7793	0.0	1499.8265	0.0	0.0	482.59927	771.97064	0.0	0.0	454.39523	0.0	920.6968	0.0	1327.7208	0.0	0.0	0.0	1277.5697	0.0	0.0	0.0	0.0	0.0	168.89465	0.0	0.0	725.45734	0.0	0.0	0.0	0.0	0.0	411.9783	0.0	1086.6537	0.0	0.0	0.0	224.82983	309.1315	0.0	0.0	0.0	1237.3029	66.252884	0.0	0.0	811.42096	101.79139	0.0	0.0	1915.0702	627.6902	0.0	0.0	923.0661	0.0	88.59684	0.0	0.0	350.6907	0.0	0.0	0.0	0.0	1108.5819	1423.4502	0.0	908.6447	134.45152	1241.4938	0.0	1422.7534	1852.5731	246.83443	684.83545	0.0	0.0	0.0	323.90747	1004.74506	0.0	0.0	189.779	701.91437	0.0	0.0	0.0
741.56104	0.0	845.04346	0.0	0.0	19.220373	0.0	0.0	0.0	1507.0582	0.0	1845.0717	0.0	0.0	77.6708	512.96045	0.0	0.0	0.0	0.0	0.0	0.0	213.68242	0.0	0.0	342.9491	0.0	1600.8395	0.0	0.0	0.0	377.00916	432.53113	0.0	1118.2031	0.0	371.8002	0.0	0.0	644.54474	748.678	0.0	1575.7006	0.0	0.0	516.5636	820.2718	0.0	0.0	459.41992	0.0	980.0251	0.0	1398.766	0.0	0.0	0.0	1325.507	0.0	0.0	0.0	0.0	0.0	177.66852	0.0	0.0	753.1868	0.0	0.0	0.0	0.0	0.0	440.61526	0.0	1151.5458	0.0	0.0	0.0	252.7877	328.35657	0.0	0.0	0.0	1302.3627	73.65008	0.0	0.0	860.1667	118.55133	0.0	0.0	2014.1768	660.2756	0.0	0.0	967.5701	0.0	92.89031	0.0	0.0	376.41016	0.0	0.0	0.0	0.0	1178.0166	1490.4209	0.0	968.58026	137.17879	1305.0944	0.0	1490.0599	1960.1353	255.57184	732.91205	0.0	0.0	0.0	345.37476	1067.4092	0.0	0.0	193.84955	745.4096	0.0	0.0	0.0
767.2906	0.0	889.86456	0.0	0.0	28.746508	0.0	0.0	0.0	1575.1699	0.0	1920.7461	0.0	0.0	80.24763	531.97345	0.0	0.0	0.0	0.0	0.0	0.0	229.11914	0.0	0.0	374.67117	0.0	1660.0638	0.0	0.0	0.0	399.33432	451.8048	0.0	1166.3612	0.0	391.46167	0.0	0.0	664.88666	791.78143	0.0	1647.6832	0.0	0.0	544.44745	858.24347	0.0	0.0	468.82007	0.0	1025.104	0.0	1458.6866	0.0	0.0	0.0	1367.3246	0.0	0.0	0.0	0.0	0.0	184.87386	0.0	0.0	785.97577	0.0	0.0	0.0	0.0	0.0	468.8237	0.0	1207.732	0.0	0.0	0.0	276.194	342.75684	0.0	0.0	0.0	1361.8995	79.89788	0.0	0.0	908.71075	126.320465	0.0	0.0	2108.8777	684.69794	0.0	0.0	1009.0787	0.0	98.23771	0.0	0.0	396.11972	0.0	0.0	0.0	0.0	1231.7148	1551.3558	0.0	1015.57465	135.3295	1366.4738	0.0	1548.6039	2053.3594	276.2235	781.2906	0.0	0.0	0.0	364.07095	1122.1198	0.0	0.0	194.17836	779.8592	0.0	0.0	0.0
949.6677	0.0	968.41016	0.0	0.0	0.0	0.0	0.0	0.0	1725.6515	0.0	2118.7444	0.0	0.0	3.5626154	783.6805	0.0	0.0	0.0	0.0	0.0	0.0	214.73225	0.0	0.0	449.3451	0.0	1981.2095	0.0	0.0	0.0	426.66516	536.0258	0.0	1179.534	0.0	462.5559	0.0	0.0	733.1712	912.184	0.0	1963.6865	0.0	0.0	581.84766	775.51904	0.0	0.0	677.4822	0.0	1079.9022	0.0	1605.8252	0.0	0.0	0.0	1487.4069	0.0	0.0	0.0	0.0	0.0	231.72302	0.0	0.0	1023.4475	0.0	0.0	0.0	0.0	0.0	507.18576	0.0	1267.1664	0.0	0.0	0.0	371.96683	360.88608	0.0	0.0	0.0	1564.5156	67.75802	0.0	0.0	1180.4517	0.0	0.0	0.0	2482.8127	658.61285	0.0	0.0	1116.6437	0.0	128.83522	0.0	0.0	339.08875	0.0	0.0	0.0	0.0	1135.265	1818.1046	0.0	1062.1078	75.47197	1705.0033	0.0	1714.6012	2175.92	560.4677	941.4694	7.833652	0.0	0.0	425.38467	1180.1195	0.0	0.0	162.44589	834.5952	0.0	0.0	0.0
734.33203	0.0	816.82367	0.0	0.0	11.583157	0.0	0.0	0.0	1460.8473	0.0	1801.4095	0.0	0.0	69.66886	513.7395	0.0	0.0	0.0	0.0	0.0	0.0	202.31549	0.0	0.0	325.30338	0.0	1577.0145	0.0	0.0	0.0	362.14624	423.42905	0.0	1087.3864	0.0	363.88684	0.0	0.0	634.7868	726.0884	0.0	1540.6007	0.0	0.0	496.8181	788.0464	0.0	0.0	464.25827	0.0	946.2866	0.0	1362.7622	0.0	0.0	0.0	1303.6196	0.0	0.0	0.0	0.0	0.0	174.75043	0.0	0.0	744.8588	0.0	0.0	0.0	0.0	0.0	422.2703	0.0	1114.0798	0.0	0.0	0.0	237.0567	318.64233	0.0	0.0	0.0	1270.8934	69.08805	0.0	0.0	837.7957	103.86603	0.0	0.0	1966.8896	640.0722	0.0	0.0	944.75323	0.0	91.63632	0.0	0.0	358.2948	0.0	0.0	0.0	0.0	1134.2872	1459.9537	0.0	933.8638	135.04414	1277.9459	0.0	1456.858	1901.5338	258.54227	707.53564	0.0	0.0	0.0	333.5483	1032.2811	0.0	0.0	191.20557	721.5002	0.0	0.0	0.0
766.43475	0.0	888.0786	0.0	0.0	27.800585	0.0	0.0	0.0	1574.3877	0.0	1914.6224	0.0	0.0	79.94275	529.5761	0.0	0.0	0.0	0.0	0.0	0.0	228.0053	0.0	0.0	370.61935	0.0	1657.3529	0.0	0.0	0.0	400.49512	447.4778	0.0	1160.518	0.0	390.43484	0.0	0.0	666.4899	792.5749	0.0	1644.3615	0.0	0.0	540.9328	854.46844	0.0	0.0	469.5262	0.0	1025.2203	0.0	1455.3312	0.0	0.0	0.0	1363.9167	0.0	0.0	0.0	0.0	0.0	183.53014	0.0	0.0	783.35516	0.0	0.0	0.0	0.0	0.0	465.22678	0.0	1201.6816	0.0	0.0	0.0	277.13815	342.94763	0.0	0.0	0.0	1360.4723	81.95154	0.0	0.0	904.12695	125.80944	0.0	0.0	2105.6196	680.81354	0.0	0.0	1004.93317	0.0	96.824974	0.0	0.0	393.30405	0.0	0.0	0.0	0.0	1224.1891	1548.0504	0.0	1014.3597	135.4775	1365.4874	0.0	1544.9034	2047.4434	275.7398	778.6254	0.0	0.0	0.0	364.0515	1117.8145	0.0	0.0	190.94391	780.4414	0.0	0.0	0.0
4505.0337	0.0	5279.8784	0.0	0.0	465.39673	0.0	0.0	0.0	9798.475	0.0	11217.032	0.0	0.0	1382.0045	2625.2263	0.0	0.0	0.0	0.0	0.0	0.0	1437.161	0.0	0.0	1988.2172	0.0	9428.386	0.0	0.0	0.0	2580.988	2429.9543	0.0	7067.148	0.0	2608.5486	0.0	0.0	4281.9727	4980.819	0.0	9500.085	0.0	0.0	2940.9414	5395.4717	0.0	0.0	2333.4082	0.0	6183.8022	246.50397	8896.7705	0.0	0.0	0.0	8158.516	0.0	0.0	0.0	0.0	0.0	1051.2174	0.0	0.0	4541.287	0.0	0.0	0.0	0.0	0.0	2735.279	0.0	7267.761	0.0	0.0	0.0	1515.5885	2296.7922	0.0	0.0	0.0	8347.503	625.0315	0.0	0.0	5124.3535	1046.4564	0.0	0.0	11952.777	4283.627	0.0	0.0	5883.516	0.0	533.0317	0.0	0.0	2310.1965	0.0	0.0	0.0	0.0	7786.5195	9248.325	0.0	6462.444	1047.6445	7879.3354	0.0	8943.2295	12757.945	1352.0573	4711.3423	0.0	0.0	0.0	2017.6669	6678.939	0.0	0.0	1092.3844	4825.111	0.0	0.0	0.0
742.7363	0.0	850.01324	0.0	0.0	20.666128	0.0	0.0	0.0	1511.6299	0.0	1852.3799	0.0	0.0	77.027504	515.61884	0.0	0.0	0.0	0.0	0.0	0.0	215.7852	0.0	0.0	348.19604	0.0	1605.6078	0.0	0.0	0.0	379.17618	435.20865	0.0	1123.1537	0.0	374.5941	0.0	0.0	644.2493	753.70514	0.0	1583.994	0.0	0.0	519.56525	823.46796	0.0	0.0	459.9523	0.0	982.77655	0.0	1403.9669	0.0	0.0	0.0	1326.7235	0.0	0.0	0.0	0.0	0.0	178.37866	0.0	0.0	757.215	0.0	0.0	0.0	0.0	0.0	443.62466	0.0	1157.2606	0.0	0.0	0.0	256.43948	329.10208	0.0	0.0	0.0	1307.2821	73.2024	0.0	0.0	867.03217	119.345085	0.0	0.0	2023.5215	662.35284	0.0	0.0	972.17773	0.0	93.43686	0.0	0.0	378.8373	0.0	0.0	0.0	0.0	1182.2568	1495.25	0.0	972.4825	135.3	1311.8082	0.0	1495.1182	1969.2611	259.34268	739.1119	0.0	0.0	0.0	347.46072	1072.8087	0.0	0.0	192.35994	747.5883	0.0	0.0	0.0
771.5664	0.0	896.7885	0.0	0.0	30.344446	0.0	0.0	0.0	1590.268	0.0	1935.7875	0.0	0.0	82.79464	533.8677	0.0	0.0	0.0	0.0	0.0	0.0	231.58565	0.0	0.0	377.37314	0.0	1672.5195	0.0	0.0	0.0	403.19943	454.5552	0.0	1177.0527	0.0	394.50888	0.0	0.0	670.3656	799.6189	0.0	1661.1587	0.0	0.0	550.14795	867.9082	0.0	0.0	469.94766	0.0	1034.8966	0.0	1471.2484	0.0	0.0	0.0	1377.496	0.0	0.0	0.0	0.0	0.0	186.53206	0.0	0.0	789.73627	0.0	0.0	0.0	0.0	0.0	473.77664	0.0	1218.0868	0.0	0.0	0.0	279.48154	346.33786	0.0	0.0	0.0	1372.9838	81.4023	0.0	0.0	914.81415	130.5223	0.0	0.0	2125.3076	690.9842	0.0	0.0	1017.42303	0.0	97.85551	0.0	0.0	399.45883	0.0	0.0	0.0	0.0	1243.833	1563.6686	0.0	1025.6464	137.97644	1377.3375	0.0	1560.8053	2072.832	277.09235	788.66815	0.0	0.0	0.0	367.03036	1131.8843	0.0	0.0	196.55434	788.09503	0.0	0.0	0.0
830.8653	0.0	924.0921	0.0	0.0	19.806646	0.0	0.0	0.0	1643.7421	0.0	2001.61	0.0	0.0	53.772533	612.74664	0.0	0.0	0.0	0.0	0.0	0.0	229.92769	0.0	0.0	405.1082	0.0	1778.1144	0.0	0.0	0.0	414.4152	483.0953	0.0	1184.1289	0.0	415.9586	0.0	0.0	696.28564	840.09863	0.0	1766.7628	0.0	0.0	565.0306	843.51324	0.0	0.0	534.0438	0.0	1059.0795	0.0	1523.276	0.0	0.0	0.0	1417.6388	0.0	0.0	0.0	0.0	0.0	199.98042	0.0	0.0	865.33844	0.0	0.0	0.0	0.0	0.0	485.42307	0.0	1241.1229	0.0	0.0	0.0	312.85294	356.4901	0.0	0.0	0.0	1441.251	81.35391	0.0	0.0	1004.4714	81.49707	0.0	0.0	2252.751	682.80316	0.0	0.0	1053.7588	0.0	109.66927	0.0	0.0	384.10312	0.0	0.0	0.0	0.0	1220.0186	1652.7289	0.0	1045.6469	118.79639	1490.9794	0.0	1618.7148	2120.1658	368.3925	841.9776	0.0	0.0	0.0	387.98117	1158.3796	0.0	0.0	184.65417	808.05536	0.0	0.0	0.0
753.08185	0.0	867.01935	0.0	0.0	18.364548	0.0	0.0	0.0	1549.704	0.0	1881.423	0.0	0.0	84.19509	521.5118	0.0	0.0	0.0	0.0	0.0	0.0	219.64592	0.0	0.0	358.79117	0.0	1629.7192	0.0	0.0	0.0	388.27963	445.75244	0.0	1140.2627	0.0	378.68985	0.0	0.0	654.17096	769.5561	0.0	1613.3105	0.0	0.0	530.2432	838.0659	0.0	0.0	464.83218	0.0	1008.9707	0.0	1428.6481	0.0	0.0	0.0	1345.0264	0.0	0.0	0.0	0.0	0.0	180.41417	0.0	0.0	766.10504	0.0	0.0	0.0	0.0	0.0	453.50684	0.0	1177.8154	0.0	0.0	0.0	267.66547	332.01672	0.0	0.0	0.0	1330.2703	78.27005	0.0	0.0	888.7381	117.67074	0.0	0.0	2060.8528	675.1663	0.0	0.0	987.95386	0.0	92.26511	0.0	0.0	384.05542	0.0	0.0	0.0	0.0	1203.6809	1527.6359	0.0	996.4223	137.07924	1339.6349	0.0	1518.7065	2005.6299	265.0586	758.24725	0.0	0.0	0.0	357.10873	1093.0911	0.0	0.0	192.21442	763.8908	0.0	0.0	0.0
757.2978	0.0	872.71564	0.0	0.0	23.996492	0.0	0.0	0.0	1550.85	0.0	1893.3715	0.0	0.0	80.01419	526.23615	0.0	0.0	0.0	0.0	0.0	0.0	224.07368	0.0	0.0	361.7556	0.0	1641.0363	0.0	0.0	0.0	392.14664	445.83328	0.0	1147.3116	0.0	383.47104	0.0	0.0	659.59174	775.9251	0.0	1623.4281	0.0	0.0	533.5048	842.147	0.0	0.0	465.37924	0.0	1010.00323	0.0	1438.2084	0.0	0.0	0.0	1351.5621	0.0	0.0	0.0	0.0	0.0	182.73125	0.0	0.0	773.84296	0.0	0.0	0.0	0.0	0.0	455.08203	0.0	1186.052	0.0	0.0	0.0	268.79468	339.77344	0.0	0.0	0.0	1340.796	76.1959	0.0	0.0	891.9808	122.98783	0.0	0.0	2076.068	673.47943	0.0	0.0	992.66315	0.0	96.306175	0.0	0.0	386.76627	0.0	0.0	0.0	0.0	1209.0095	1530.538	0.0	998.5197	136.67442	1346.106	0.0	1528.3973	2020.9912	270.6516	763.2204	0.0	0.0	0.0	357.2418	1101.0541	0.0	0.0	192.79059	767.71796	0.0	0.0	0.0
767.2752	0.0	888.5013	0.0	0.0	28.17363	0.0	0.0	0.0	1575.4369	0.0	1920.3712	0.0	0.0	82.143745	530.65704	0.0	0.0	0.0	0.0	0.0	0.0	228.70093	0.0	0.0	370.212	0.0	1660.1261	0.0	0.0	0.0	399.04358	450.45273	0.0	1165.868	0.0	390.59875	0.0	0.0	666.38666	790.59015	0.0	1645.9457	0.0	0.0	542.98895	858.58575	0.0	0.0	469.37808	0.0	1025.2026	0.0	1457.8369	0.0	0.0	0.0	1368.6322	0.0	0.0	0.0	0.0	0.0	184.05818	0.0	0.0	784.26117	0.0	0.0	0.0	0.0	0.0	466.1765	0.0	1205.5211	0.0	0.0	0.0	274.5029	343.56168	0.0	0.0	0.0	1360.4883	80.167595	0.0	0.0	905.17755	127.51301	0.0	0.0	2105.4602	685.4183	0.0	0.0	1008.02704	0.0	97.41461	0.0	0.0	395.46213	0.0	0.0	0.0	0.0	1231.4565	1550.2308	0.0	1015.4466	137.15547	1364.6464	0.0	1548.3219	2052.4202	274.1628	778.45807	0.0	0.0	0.0	363.3837	1120.5441	0.0	0.0	194.2033	780.17426	0.0	0.0	0.0
793.97363	0.0	936.51447	0.0	0.0	38.497627	0.0	0.0	0.0	1663.6582	0.0	2010.7871	0.0	0.0	94.68511	542.7568	0.0	0.0	0.0	0.0	0.0	0.0	245.3726	0.0	0.0	396.2239	0.0	1727.515	0.0	0.0	0.0	423.72647	470.72318	0.0	1225.7721	0.0	408.66028	0.0	0.0	694.3921	834.57324	0.0	1723.5719	0.0	0.0	576.61804	912.10333	0.0	0.0	476.9363	0.0	1084.0977	0.0	1532.2465	0.0	0.0	0.0	1425.7648	0.0	0.0	0.0	0.0	0.0	192.01842	0.0	0.0	810.8115	0.0	0.0	0.0	0.0	0.0	496.55716	0.0	1270.4575	0.0	0.0	0.0	298.42462	361.50504	0.0	0.0	0.0	1427.5104	92.91657	0.0	0.0	949.4131	146.70154	0.0	0.0	2209.1091	721.38495	0.0	0.0	1058.1188	0.0	99.638115	0.0	0.0	421.16284	0.0	0.0	0.0	0.0	1305.3849	1622.0464	0.0	1074.9404	145.41954	1430.3442	0.0	1620.9518	2163.4216	281.35733	823.8079	0.0	0.0	0.0	382.71573	1183.5626	0.0	0.0	199.8864	824.5381	0.0	0.0	0.0
749.8801	0.0	863.0679	0.0	0.0	23.442726	0.0	0.0	0.0	1530.7256	0.0	1873.8329	0.0	0.0	77.960365	519.94946	0.0	0.0	0.0	0.0	0.0	0.0	220.55579	0.0	0.0	355.13754	0.0	1623.4293	0.0	0.0	0.0	386.1454	438.58902	0.0	1135.846	0.0	379.6263	0.0	0.0	652.5717	767.6362	0.0	1604.8793	0.0	0.0	526.84064	833.6893	0.0	0.0	461.3926	0.0	996.11786	0.0	1420.3527	0.0	0.0	0.0	1337.6604	0.0	0.0	0.0	0.0	0.0	179.57129	0.0	0.0	765.73615	0.0	0.0	0.0	0.0	0.0	449.4714	0.0	1171.6807	0.0	0.0	0.0	263.3218	333.9876	0.0	0.0	0.0	1324.39	74.67251	0.0	0.0	878.761	122.0068	0.0	0.0	2050.1824	666.6256	0.0	0.0	982.8618	0.0	94.240135	0.0	0.0	382.30347	0.0	0.0	0.0	0.0	1194.8248	1510.8492	0.0	985.67236	134.79968	1328.2762	0.0	1510.3529	1995.6735	266.17334	752.8636	0.0	0.0	0.0	353.24927	1088.3206	0.0	0.0	190.96458	757.8264	0.0	0.0	0.0
746.2471	0.0	852.0669	0.0	0.0	20.427984	0.0	0.0	0.0	1515.9873	0.0	1859.9053	0.0	0.0	76.217545	519.3549	0.0	0.0	0.0	0.0	0.0	0.0	215.33392	0.0	0.0	348.19812	0.0	1615.4049	0.0	0.0	0.0	379.6172	436.8373	0.0	1127.547	0.0	375.36246	0.0	0.0	648.2751	757.59546	0.0	1591.716	0.0	0.0	521.14374	824.74286	0.0	0.0	463.81595	0.0	985.09576	0.0	1408.6611	0.0	0.0	0.0	1333.0201	0.0	0.0	0.0	0.0	0.0	178.77832	0.0	0.0	761.5901	0.0	0.0	0.0	0.0	0.0	444.0977	0.0	1161.0863	0.0	0.0	0.0	256.95215	329.45535	0.0	0.0	0.0	1311.6083	73.48301	0.0	0.0	870.27545	118.56922	0.0	0.0	2033.4476	662.98804	0.0	0.0	977.00494	0.0	92.31671	0.0	0.0	377.7289	0.0	0.0	0.0	0.0	1182.9551	1501.4515	0.0	974.1013	135.57971	1317.3844	0.0	1500.5059	1974.8212	263.0489	741.1772	0.0	0.0	0.0	348.91565	1075.7897	0.0	0.0	192.96849	749.3476	0.0	0.0	0.0
790.67236	0.0	933.3547	0.0	0.0	37.48353	0.0	0.0	0.0	1653.0424	0.0	1999.1288	0.0	0.0	90.56173	543.5645	0.0	0.0	0.0	0.0	0.0	0.0	244.82304	0.0	0.0	398.25876	0.0	1719.979	0.0	0.0	0.0	422.4917	467.9869	0.0	1217.2124	0.0	407.2483	0.0	0.0	689.43866	834.0664	0.0	1718.643	0.0	0.0	574.0047	904.12494	0.0	0.0	475.30624	0.0	1077.9799	0.0	1523.7953	0.0	0.0	0.0	1414.5258	0.0	0.0	0.0	0.0	0.0	191.13208	0.0	0.0	809.8947	0.0	0.0	0.0	0.0	0.0	494.5455	0.0	1262.1925	0.0	0.0	0.0	299.8449	359.28052	0.0	0.0	0.0	1421.8824	92.60425	0.0	0.0	949.065	142.98936	0.0	0.0	2202.1292	713.1855	0.0	0.0	1052.4641	0.0	100.41736	0.0	0.0	417.06628	0.0	0.0	0.0	0.0	1292.7988	1615.0443	0.0	1069.0999	141.4695	1427.4967	0.0	1611.4867	2151.8362	286.83542	823.8789	0.0	0.0	0.0	381.7969	1177.4728	0.0	0.0	197.02412	819.5041	0.0	0.0	0.0
746.7656	0.0	851.32855	0.0	0.0	20.60453	0.0	0.0	0.0	1517.3773	0.0	1860.1489	0.0	0.0	75.84702	520.0937	0.0	0.0	0.0	0.0	0.0	0.0	215.91145	0.0	0.0	350.62418	0.0	1615.473	0.0	0.0	0.0	380.26196	437.86777	0.0	1127.1154	0.0	376.16373	0.0	0.0	647.9402	756.1538	0.0	1591.3589	0.0	0.0	522.0224	825.68915	0.0	0.0	461.77466	0.0	985.8213	0.0	1410.0581	0.0	0.0	0.0	1333.355	0.0	0.0	0.0	0.0	0.0	180.4626	0.0	0.0	761.792	0.0	0.0	0.0	0.0	0.0	446.47556	0.0	1163.1509	0.0	0.0	0.0	256.87308	330.24377	0.0	0.0	0.0	1312.6715	72.815125	0.0	0.0	871.20166	118.61208	0.0	0.0	2034.3047	663.2154	0.0	0.0	976.5014	0.0	94.27084	0.0	0.0	379.70273	0.0	0.0	0.0	0.0	1186.0973	1502.3998	0.0	974.80475	136.37177	1318.317	0.0	1501.4258	1976.5468	262.69962	744.1345	0.0	0.0	0.0	347.92273	1077.4897	0.0	0.0	196.08766	750.647	0.0	0.0	0.0
714.8474	0.0	797.5441	0.0	0.0	10.006724	0.0	0.0	0.0	1418.1904	0.0	1759.7173	0.0	0.0	66.31284	499.62833	0.0	0.0	0.0	0.0	0.0	0.0	195.76884	0.0	0.0	312.59164	0.0	1540.16	0.0	0.0	0.0	350.58804	411.18124	0.0	1064.273	0.0	354.42334	0.0	0.0	620.995	708.9385	0.0	1502.1945	0.0	0.0	484.0883	769.65594	0.0	0.0	453.20142	0.0	919.793	0.0	1327.5653	0.0	0.0	0.0	1274.5555	0.0	0.0	0.0	0.0	0.0	168.75728	0.0	0.0	726.57	0.0	0.0	0.0	0.0	0.0	408.57706	0.0	1084.5063	0.0	0.0	0.0	226.13054	308.50723	0.0	0.0	0.0	1235.8234	66.1608	0.0	0.0	810.489	102.83329	0.0	0.0	1915.69	624.0993	0.0	0.0	924.3894	0.0	86.94262	0.0	0.0	347.9879	0.0	0.0	0.0	0.0	1103.1134	1421.1361	0.0	907.86426	132.52365	1240.9928	0.0	1422.0983	1853.2109	248.3996	685.06537	0.0	0.0	0.0	326.00455	1004.1167	0.0	0.0	185.70268	701.01416	0.0	0.0	0.0
736.48236	0.0	830.58185	0.0	0.0	14.974996	0.0	0.0	0.0	1483.4874	0.0	1821.4054	0.0	0.0	73.05295	513.0854	0.0	0.0	0.0	0.0	0.0	0.0	208.13344	0.0	0.0	334.52948	0.0	1586.7474	0.0	0.0	0.0	369.87878	427.34384	0.0	1100.3652	0.0	366.7139	0.0	0.0	637.3213	736.8226	0.0	1556.809	0.0	0.0	507.2744	803.1198	0.0	0.0	460.86337	0.0	964.1496	0.0	1379.8802	0.0	0.0	0.0	1311.5259	0.0	0.0	0.0	0.0	0.0	176.25287	0.0	0.0	748.00757	0.0	0.0	0.0	0.0	0.0	431.71054	0.0	1131.6235	0.0	0.0	0.0	246.48785	323.4555	0.0	0.0	0.0	1284.2081	72.42565	0.0	0.0	849.39526	111.28878	0.0	0.0	1989.6827	649.0506	0.0	0.0	955.1504	0.0	92.27619	0.0	0.0	367.703	0.0	0.0	0.0	0.0	1154.4589	1473.7496	0.0	950.46875	135.48088	1290.9347	0.0	1471.4683	1928.8228	256.77252	720.4124	0.0	0.0	0.0	339.9302	1049.58	0.0	0.0	192.18616	733.5787	0.0	0.0	0.0
740.2194	0.0	839.7675	0.0	0.0	17.500933	0.0	0.0	0.0	1495.1235	0.0	1837.2386	0.0	0.0	74.069046	514.642	0.0	0.0	0.0	0.0	0.0	0.0	211.54192	0.0	0.0	340.44522	0.0	1596.6139	0.0	0.0	0.0	374.02353	431.25235	0.0	1112.086	0.0	370.3903	0.0	0.0	641.91266	744.31525	0.0	1569.5836	0.0	0.0	512.7069	813.0473	0.0	0.0	460.54837	0.0	971.41113	0.0	1390.933	0.0	0.0	0.0	1320.0308	0.0	0.0	0.0	0.0	0.0	177.18633	0.0	0.0	753.2837	0.0	0.0	0.0	0.0	0.0	436.795	0.0	1144.4774	0.0	0.0	0.0	250.07265	326.11154	0.0	0.0	0.0	1295.5062	71.75146	0.0	0.0	856.80176	114.99829	0.0	0.0	2005.6813	655.3155	0.0	0.0	963.4504	0.0	93.43806	0.0	0.0	373.2102	0.0	0.0	0.0	0.0	1168.1212	1483.6813	0.0	960.10065	135.39116	1299.6205	0.0	1483.4359	1947.9603	257.5647	728.55347	0.0	0.0	0.0	342.98706	1060.5531	0.0	0.0	192.51782	739.18976	0.0	0.0	0.0
681.7983	0.0	743.47534	0.0	0.0	5.2919064	0.0	0.0	0.0	1329.8475	0.0	1666.6818	0.0	0.0	60.333607	469.24106	0.0	0.0	0.0	0.0	0.0	0.0	169.92023	0.0	0.0	277.6046	0.0	1462.1782	0.0	0.0	0.0	315.83813	387.78342	0.0	1014.3029	0.0	335.3868	0.0	0.0	590.4786	660.29706	0.0	1408.5933	0.0	0.0	452.7654	729.5955	0.0	0.0	441.05676	0.0	856.462	0.0	1248.3947	0.0	0.0	0.0	1221.8523	0.0	0.0	0.0	0.0	0.0	158.1223	0.0	0.0	683.134	0.0	0.0	0.0	0.0	0.0	381.7902	0.0	1022.0236	0.0	0.0	0.0	191.92497	280.85913	0.0	0.0	0.0	1155.0997	57.190296	0.0	0.0	746.62994	93.285545	0.0	0.0	1796.5479	599.68066	0.0	0.0	878.66656	0.0	77.42102	0.0	0.0	327.3538	0.0	0.0	0.0	0.0	1041.0264	1342.9285	0.0	846.93164	133.42284	1158.1124	0.0	1347.3773	1734.9062	218.90984	631.13446	0.0	0.0	0.0	301.6639	933.394	0.0	0.0	184.76378	656.0085	0.0	0.0	0.0
714.69995	0.0	796.3851	0.0	0.0	11.053323	0.0	0.0	0.0	1423.5687	0.0	1777.0431	0.0	0.0	72.40772	485.1627	0.0	0.0	0.0	0.0	0.0	0.0	185.76643	0.0	0.0	298.1228	0.0	1545.0812	0.0	0.0	0.0	339.80557	412.13895	0.0	1087.4595	0.0	353.53513	0.0	0.0	625.62915	701.95123	0.0	1494.7979	0.0	0.0	487.7128	790.3415	0.0	0.0	455.63672	0.0	919.576	0.0	1330.8705	0.0	0.0	0.0	1297.9058	0.0	0.0	0.0	0.0	0.0	165.37422	0.0	0.0	715.0571	0.0	0.0	0.0	0.0	0.0	410.27945	0.0	1095.0404	0.0	0.0	0.0	210.04283	300.30466	0.0	0.0	0.0	1227.3119	63.605427	0.0	0.0	789.6507	114.8126	0.0	0.0	1908.0166	646.8077	0.0	0.0	936.81757	0.0	79.37033	0.0	0.0	358.6035	0.0	0.0	0.0	0.0	1125.3975	1424.2015	0.0	909.3247	144.82054	1224.29	0.0	1434.4525	1855.6278	217.20433	669.6064	0.0	0.0	0.0	324.06406	1001.79736	0.0	0.0	197.97913	701.92236	0.0	0.0	0.0
714.00366	0.0	781.1951	0.0	0.0	13.765854	0.0	0.0	0.0	1392.9375	0.0	1748.6608	0.0	0.0	70.002174	479.7584	0.0	0.0	0.0	0.0	0.0	0.0	180.68233	0.0	0.0	286.11917	0.0	1521.9193	0.0	0.0	0.0	332.35474	400.78543	0.0	1071.6387	0.0	352.99863	0.0	0.0	622.67267	693.8589	0.0	1467.896	0.0	0.0	471.61087	775.39276	0.0	0.0	454.98434	0.0	897.5363	0.0	1310.4656	0.0	0.0	0.0	1283.9059	0.0	0.0	0.0	0.0	0.0	161.41862	0.0	0.0	712.231	0.0	0.0	0.0	0.0	0.0	398.73538	0.0	1075.2079	0.0	0.0	0.0	193.41676	298.4001	0.0	0.0	0.0	1211.0634	60.68947	0.0	0.0	770.6006	107.56134	0.0	0.0	1873.2045	634.6912	0.0	0.0	920.84155	0.0	80.83964	0.0	0.0	348.29025	0.0	0.0	0.0	0.0	1104.7124	1399.7275	0.0	891.21967	144.05455	1201.3545	0.0	1412.3121	1826.8402	212.95222	658.34283	0.0	0.0	0.0	313.90625	981.0129	0.0	0.0	193.69325	688.61017	0.0	0.0	0.0
682.6569	0.0	736.76385	0.0	0.0	8.4945345	0.0	0.0	0.0	1312.8815	0.0	1652.4633	0.0	0.0	57.351322	470.11917	0.0	0.0	0.0	0.0	0.0	0.0	167.36694	0.0	0.0	271.215	0.0	1453.1533	0.0	0.0	0.0	312.15042	382.667	0.0	1003.8066	0.0	336.30527	0.0	0.0	589.3238	657.6476	0.0	1397.3009	0.0	0.0	444.2727	718.54926	0.0	0.0	443.39758	0.0	844.22235	0.0	1237.6171	0.0	0.0	0.0	1215.4364	0.0	0.0	0.0	0.0	0.0	156.47864	0.0	0.0	686.345	0.0	0.0	0.0	0.0	0.0	375.6586	0.0	1008.82306	0.0	0.0	0.0	185.03938	280.37524	0.0	0.0	0.0	1149.1611	55.126328	0.0	0.0	739.78375	86.48871	0.0	0.0	1781.0416	591.3149	0.0	0.0	870.679	0.0	77.632484	0.0	0.0	319.77164	0.0	0.0	0.0	0.0	1024.9047	1331.9586	0.0	836.1035	131.8155	1148.3926	0.0	1336.3085	1719.1244	220.99141	626.41547	0.0	0.0	0.0	297.8077	921.97345	0.0	0.0	180.55211	647.5075	0.0	0.0	0.0
703.2348	0.0	768.19147	0.0	0.0	7.8970795	0.0	0.0	0.0	1375.9535	0.0	1719.5416	0.0	0.0	66.253815	482.76865	0.0	0.0	0.0	0.0	0.0	0.0	179.49748	0.0	0.0	288.51645	0.0	1507.0055	0.0	0.0	0.0	329.4064	399.90552	0.0	1047.7769	0.0	346.41452	0.0	0.0	611.61426	683.3228	0.0	1454.3197	0.0	0.0	467.19058	756.3205	0.0	0.0	450.31766	0.0	886.81915	0.0	1290.2355	0.0	0.0	0.0	1260.3834	0.0	0.0	0.0	0.0	0.0	161.74684	0.0	0.0	703.9323	0.0	0.0	0.0	0.0	0.0	393.21896	0.0	1057.3444	0.0	0.0	0.0	199.42278	293.65292	0.0	0.0	0.0	1194.9003	60.16504	0.0	0.0	771.3747	100.07815	0.0	0.0	1854.9896	618.71173	0.0	0.0	906.3133	0.0	80.05962	0.0	0.0	337.93567	0.0	0.0	0.0	0.0	1079.3269	1384.9459	0.0	878.3106	139.3116	1196.2007	0.0	1390.2256	1797.1168	226.53654	654.3084	0.0	0.0	0.0	310.8176	967.27686	0.0	0.0	190.57043	679.22656	0.0	0.0	0.0
1003.9155	0.0	611.2049	0.0	0.0	0.0	0.0	0.0	0.0	1097.1078	0.0	1605.7223	0.0	0.0	2.7296896	933.7612	0.0	0.0	0.0	0.0	0.0	0.0	62.94702	0.0	0.0	412.24463	0.0	1594.3177	0.0	0.0	0.0	182.84901	388.31702	0.0	781.1614	0.0	490.91687	0.0	0.0	403.01132	615.7365	0.0	1549.2363	0.0	0.0	479.5248	343.38443	0.0	0.0	864.2766	77.98061	643.1443	0.0	1148.2555	0.0	0.0	0.0	1251.9991	0.0	0.0	0.0	121.76449	0.0	258.01724	0.0	0.0	1129.3551	0.0	0.0	0.0	0.0	0.0	529.7548	0.0	895.66315	0.0	0.0	0.0	156.66179	148.70131	0.0	0.0	0.0	1250.17	34.526245	0.0	0.0	1044.4335	0.0	0.0	0.0	1924.4052	455.16724	0.0	0.0	921.82855	0.0	219.21436	0.0	0.0	246.41368	0.0	0.0	0.0	0.0	629.0281	1441.2529	0.0	488.88205	27.079378	1324.1857	0.0	1281.8158	1374.5908	553.56537	760.2636	85.0797	0.0	0.0	243.07593	748.5953	0.0	0.0	181.30505	453.95068	0.0	0.0	0.0
702.72754	0.0	766.5052	0.0	0.0	8.088769	0.0	0.0	0.0	1370.3818	0.0	1715.4005	0.0	0.0	64.75796	483.1417	0.0	0.0	0.0	0.0	0.0	0.0	177.52019	0.0	0.0	286.39233	0.0	1505.7799	0.0	0.0	0.0	327.9373	397.93628	0.0	1044.1829	0.0	346.93716	0.0	0.0	611.50507	683.1738	0.0	1451.9478	0.0	0.0	465.3851	752.51514	0.0	0.0	451.4021	0.0	882.56305	0.0	1286.6349	0.0	0.0	0.0	1257.8706	0.0	0.0	0.0	0.0	0.0	162.15721	0.0	0.0	704.57104	0.0	0.0	0.0	0.0	0.0	391.44897	0.0	1053.275	0.0	0.0	0.0	197.99194	292.62396	0.0	0.0	0.0	1192.2855	59.54042	0.0	0.0	768.53516	97.73853	0.0	0.0	1850.5298	615.742	0.0	0.0	904.5967	0.0	79.19442	0.0	0.0	335.1969	0.0	0.0	0.0	0.0	1072.6558	1381.8966	0.0	874.0473	138.39854	1193.6691	0.0	1387.2335	1791.626	227.43597	652.41815	0.0	0.0	0.0	310.19095	963.56537	0.0	0.0	189.5816	676.00616	0.0	0.0	0.0
696.71783	0.0	758.3689	0.0	0.0	8.631422	0.0	0.0	0.0	1356.5896	0.0	1699.9258	0.0	0.0	64.13361	477.54407	0.0	0.0	0.0	0.0	0.0	0.0	174.82507	0.0	0.0	282.65134	0.0	1489.9625	0.0	0.0	0.0	323.41098	394.4353	0.0	1036.2413	0.0	342.9725	0.0	0.0	604.70087	675.0168	0.0	1435.7831	0.0	0.0	460.0153	746.9102	0.0	0.0	447.57895	0.0	873.1243	0.0	1274.5646	0.0	0.0	0.0	1247.6589	0.0	0.0	0.0	0.0	0.0	160.14131	0.0	0.0	697.7768	0.0	0.0	0.0	0.0	0.0	388.85855	0.0	1043.5079	0.0	0.0	0.0	193.17354	289.03638	0.0	0.0	0.0	1180.546	58.37617	0.0	0.0	759.95044	96.65543	0.0	0.0	1831.2413	612.1173	0.0	0.0	895.4353	0.0	79.318474	0.0	0.0	333.78555	0.0	0.0	0.0	0.0	1065.1671	1368.7148	0.0	865.3562	137.222	1179.4387	0.0	1374.9731	1773.557	221.44853	644.52905	0.0	0.0	0.0	306.63663	953.1819	0.0	0.0	188.72224	669.31635	0.0	0.0	0.0
713.95746	0.0	783.8882	0.0	0.0	9.01694	0.0	0.0	0.0	1403.9015	0.0	1751.2145	0.0	0.0	69.171165	489.02036	0.0	0.0	0.0	0.0	0.0	0.0	184.02916	0.0	0.0	293.87473	0.0	1533.6019	0.0	0.0	0.0	337.28836	406.29684	0.0	1066.8223	0.0	351.59924	0.0	0.0	623.2876	696.4727	0.0	1481.1183	0.0	0.0	477.6273	771.62067	0.0	0.0	455.2712	0.0	906.6663	0.0	1314.4918	0.0	0.0	0.0	1281.7871	0.0	0.0	0.0	0.0	0.0	164.19795	0.0	0.0	713.987	0.0	0.0	0.0	0.0	0.0	400.41187	0.0	1076.6788	0.0	0.0	0.0	205.66777	300.60507	0.0	0.0	0.0	1216.4624	62.81593	0.0	0.0	785.0615	104.737465	0.0	0.0	1889.4894	630.05316	0.0	0.0	922.3774	0.0	80.26826	0.0	0.0	344.9813	0.0	0.0	0.0	0.0	1100.1011	1410.0358	0.0	895.8057	142.62457	1218.0406	0.0	1415.7734	1832.3785	228.44817	666.60846	0.0	0.0	0.0	318.05954	987.38544	0.0	0.0	192.8957	693.21466	0.0	0.0	0.0
715.2651	0.0	784.6091	0.0	0.0	17.172174	0.0	0.0	0.0	1397.8633	0.0	1756.4313	0.0	0.0	73.86349	474.22202	0.0	0.0	0.0	0.0	0.0	0.0	181.4893	0.0	0.0	284.57416	0.0	1522.9625	0.0	0.0	0.0	333.0106	399.7662	0.0	1081.3774	0.0	355.13712	0.0	0.0	625.47174	696.649	0.0	1468.1217	0.0	0.0	473.83603	784.7798	0.0	0.0	453.00192	0.0	900.50214	0.0	1315.7872	0.0	0.0	0.0	1291.5658	0.0	0.0	0.0	0.0	0.0	160.81337	0.0	0.0	710.6018	0.0	0.0	0.0	0.0	0.0	401.28162	0.0	1082.328	0.0	0.0	0.0	189.38148	298.91025	0.0	0.0	0.0	1213.3895	61.08434	0.0	0.0	765.58026	113.337074	0.0	0.0	1874.4023	641.6555	0.0	0.0	925.1176	0.0	80.12192	0.0	0.0	353.17245	0.0	0.0	0.0	0.0	1116.5343	1401.1989	0.0	894.58813	147.34027	1198.0986	0.0	1417.4703	1836.389	203.98077	657.64557	0.0	0.0	0.0	313.32642	986.3354	0.0	0.0	196.1552	690.56793	0.0	0.0	0.0
714.15283	0.0	780.97394	0.0	0.0	11.896098	0.0	0.0	0.0	1396.5543	0.0	1749.0978	0.0	0.0	69.86398	483.29593	0.0	0.0	0.0	0.0	0.0	0.0	181.48102	0.0	0.0	288.84235	0.0	1526.1763	0.0	0.0	0.0	333.3722	403.6255	0.0	1070.1224	0.0	352.90445	0.0	0.0	622.5022	693.8838	0.0	1471.933	0.0	0.0	473.337	774.3711	0.0	0.0	455.36157	0.0	899.63306	0.0	1311.4486	0.0	0.0	0.0	1283.9985	0.0	0.0	0.0	0.0	0.0	162.7976	0.0	0.0	712.5417	0.0	0.0	0.0	0.0	0.0	400.36874	0.0	1076.2972	0.0	0.0	0.0	196.32898	298.49747	0.0	0.0	0.0	1212.1625	60.458523	0.0	0.0	775.5557	105.75418	0.0	0.0	1878.066	633.54395	0.0	0.0	921.47687	0.0	80.932236	0.0	0.0	346.86398	0.0	0.0	0.0	0.0	1103.457	1403.921	0.0	891.80975	144.45766	1206.654	0.0	1413.3522	1828.149	218.64862	661.2845	0.0	0.0	0.0	314.478	982.24347	0.0	0.0	195.17473	689.6246	0.0	0.0	0.0
696.5793	0.0	761.25494	0.0	0.0	9.714234	0.0	0.0	0.0	1357.9554	0.0	1704.5414	0.0	0.0	64.83826	473.69797	0.0	0.0	0.0	0.0	0.0	0.0	175.62538	0.0	0.0	281.77994	0.0	1489.4725	0.0	0.0	0.0	323.42514	393.43262	0.0	1041.8849	0.0	344.00308	0.0	0.0	605.3111	676.2869	0.0	1435.6217	0.0	0.0	462.43726	751.8542	0.0	0.0	447.05936	0.0	875.0622	0.0	1276.456	0.0	0.0	0.0	1251.5199	0.0	0.0	0.0	0.0	0.0	158.86092	0.0	0.0	696.67474	0.0	0.0	0.0	0.0	0.0	389.87357	0.0	1046.651	0.0	0.0	0.0	191.57642	288.948	0.0	0.0	0.0	1180.952	58.451847	0.0	0.0	756.2527	101.0199	0.0	0.0	1831.9723	615.9567	0.0	0.0	898.3872	0.0	79.13697	0.0	0.0	337.5463	0.0	0.0	0.0	0.0	1071.4907	1367.9388	0.0	867.0258	138.69794	1177.1569	0.0	1377.6947	1777.9564	215.45538	643.89594	0.0	0.0	0.0	306.75162	956.4997	0.0	0.0	188.43425	670.0439	0.0	0.0	0.0
711.9678	0.0	780.32764	0.0	0.0	10.6856165	0.0	0.0	0.0	1396.5065	0.0	1747.0884	0.0	0.0	69.542534	483.2141	0.0	0.0	0.0	0.0	0.0	0.0	181.8556	0.0	0.0	291.17807	0.0	1525.4224	0.0	0.0	0.0	333.82712	403.99487	0.0	1067.9635	0.0	351.38956	0.0	0.0	621.0384	693.1628	0.0	1472.7305	0.0	0.0	474.1289	772.3796	0.0	0.0	453.90527	0.0	900.6655	0.0	1310.5863	0.0	0.0	0.0	1280.0201	0.0	0.0	0.0	0.0	0.0	163.1822	0.0	0.0	711.0041	0.0	0.0	0.0	0.0	0.0	399.53452	0.0	1075.6791	0.0	0.0	0.0	199.51666	297.71774	0.0	0.0	0.0	1211.0803	61.082424	0.0	0.0	777.17145	106.098145	0.0	0.0	1878.227	631.99677	0.0	0.0	920.82495	0.0	81.13742	0.0	0.0	346.43723	0.0	0.0	0.0	0.0	1102.1339	1403.249	0.0	892.2497	142.77692	1208.2437	0.0	1411.6317	1826.6605	221.01826	660.8443	0.0	0.0	0.0	315.44522	982.68506	0.0	0.0	193.9165	689.1172	0.0	0.0	0.0
690.4617	0.0	751.0198	0.0	0.0	6.1329474	0.0	0.0	0.0	1342.7709	0.0	1683.641	0.0	0.0	61.334698	475.68832	0.0	0.0	0.0	0.0	0.0	0.0	172.40047	0.0	0.0	280.89426	0.0	1478.5409	0.0	0.0	0.0	319.6222	391.82516	0.0	1024.5093	0.0	339.7015	0.0	0.0	598.4465	668.6375	0.0	1424.5924	0.0	0.0	456.49667	736.76416	0.0	0.0	445.81473	0.0	864.4943	0.0	1261.5493	0.0	0.0	0.0	1235.3491	0.0	0.0	0.0	0.0	0.0	159.14276	0.0	0.0	692.34906	0.0	0.0	0.0	0.0	0.0	384.8644	0.0	1032.6492	0.0	0.0	0.0	193.5688	285.16513	0.0	0.0	0.0	1168.5927	57.4242	0.0	0.0	754.1684	94.12879	0.0	0.0	1816.4545	604.59467	0.0	0.0	887.9292	0.0	78.87134	0.0	0.0	329.62512	0.0	0.0	0.0	0.0	1051.3563	1357.1184	0.0	855.5747	135.72844	1171.0262	0.0	1361.8442	1754.8506	223.86359	639.2246	0.0	0.0	0.0	304.23532	943.5876	0.0	0.0	186.28894	662.17255	0.0	0.0	0.0
791.5983	0.0	896.73114	0.0	0.0	22.499964	0.0	0.0	0.0	1605.1566	0.0	1986.3999	0.0	0.0	95.24822	526.8735	0.0	0.0	0.0	0.0	0.0	0.0	220.6861	0.0	0.0	338.4514	0.0	1714.0844	0.0	0.0	0.0	391.87918	456.43362	0.0	1221.9753	0.0	394.2858	0.0	0.0	702.10614	790.137	0.0	1667.5895	0.0	0.0	548.34106	898.5953	0.0	0.0	488.7029	0.0	1042.108	0.0	1493.8583	0.0	0.0	0.0	1444.9824	0.0	0.0	0.0	0.0	0.0	181.6425	0.0	0.0	787.94025	0.0	0.0	0.0	0.0	0.0	459.1267	0.0	1234.0411	0.0	0.0	0.0	238.86497	343.4213	0.0	0.0	0.0	1376.5142	77.042595	0.0	0.0	879.5703	145.54308	0.0	0.0	2128.626	726.54315	0.0	0.0	1045.5743	0.0	87.11673	0.0	0.0	407.34555	0.0	0.0	0.0	0.0	1279.692	1585.6371	0.0	1031.2523	166.02954	1364.0986	0.0	1600.4601	2096.4482	232.30957	753.5699	0.0	0.0	0.0	362.30777	1134.6935	0.0	0.0	219.88289	793.2613	0.0	0.0	0.0
735.94305	0.0	813.97003	0.0	0.0	17.692324	0.0	0.0	0.0	1456.6881	0.0	1819.1119	0.0	0.0	81.3209	488.12793	0.0	0.0	0.0	0.0	0.0	0.0	191.4576	0.0	0.0	299.20258	0.0	1575.0099	0.0	0.0	0.0	348.56985	416.3627	0.0	1119.6974	0.0	365.09988	0.0	0.0	646.6797	720.3886	0.0	1522.6461	0.0	0.0	493.97165	816.25323	0.0	0.0	463.0289	0.0	940.7849	0.0	1364.5253	0.0	0.0	0.0	1333.7494	0.0	0.0	0.0	0.0	0.0	165.9243	0.0	0.0	729.697	0.0	0.0	0.0	0.0	0.0	416.26804	0.0	1124.5508	0.0	0.0	0.0	203.87299	311.2865	0.0	0.0	0.0	1256.9391	65.73919	0.0	0.0	797.1965	122.7629	0.0	0.0	1944.6471	665.90283	0.0	0.0	958.2156	0.0	82.04254	0.0	0.0	367.61044	0.0	0.0	0.0	0.0	1162.5977	1452.0446	0.0	932.92316	153.66243	1244.7352	0.0	1467.9769	1907.2128	211.76776	683.6174	0.0	0.0	0.0	326.36118	1026.7712	0.0	0.0	203.01831	719.5667	0.0	0.0	0.0
675.0098	0.0	720.22284	0.0	0.0	8.923802	0.0	0.0	0.0	1283.9376	0.0	1621.1915	0.0	0.0	50.72685	466.66464	0.0	0.0	0.0	0.0	0.0	0.0	161.38359	0.0	0.0	264.83105	0.0	1429.547	0.0	0.0	0.0	304.14615	376.30356	0.0	983.14813	0.0	332.42252	0.0	0.0	576.8818	643.8128	0.0	1370.2186	0.0	0.0	434.1825	701.12823	0.0	0.0	440.95474	0.0	823.4058	0.0	1213.5729	0.0	0.0	0.0	1196.5267	0.0	0.0	0.0	0.0	0.0	155.29353	0.0	0.0	678.812	0.0	0.0	0.0	0.0	0.0	370.80063	0.0	988.5345	0.0	0.0	0.0	176.70723	274.523	0.0	0.0	0.0	1128.067	52.57136	0.0	0.0	727.18146	78.26802	0.0	0.0	1747.8145	579.3657	0.0	0.0	853.32715	0.0	77.751884	0.0	0.0	312.28806	0.0	0.0	0.0	0.0	1001.5908	1308.629	0.0	815.7065	128.55821	1126.6956	0.0	1311.5192	1681.3955	218.93933	615.1532	0.0	0.0	0.0	290.22964	900.7332	0.0	0.0	180.57146	634.0486	0.0	0.0	0.0
721.2316	0.0	791.5423	0.0	0.0	13.489993	0.0	0.0	0.0	1413.4092	0.0	1770.8955	0.0	0.0	72.57447	486.10287	0.0	0.0	0.0	0.0	0.0	0.0	183.95166	0.0	0.0	291.50665	0.0	1542.516	0.0	0.0	0.0	337.93066	406.59277	0.0	1084.8663	0.0	356.74924	0.0	0.0	631.21625	704.06964	0.0	1489.111	0.0	0.0	479.16324	785.70074	0.0	0.0	458.54758	0.0	911.39667	0.0	1327.8727	0.0	0.0	0.0	1299.1298	0.0	0.0	0.0	0.0	0.0	163.933	0.0	0.0	719.7593	0.0	0.0	0.0	0.0	0.0	403.92932	0.0	1089.318	0.0	0.0	0.0	199.02733	302.5183	0.0	0.0	0.0	1226.7189	61.94652	0.0	0.0	782.04486	109.787926	0.0	0.0	1899.1381	641.68164	0.0	0.0	932.9429	0.0	80.87021	0.0	0.0	351.46826	0.0	0.0	0.0	0.0	1118.1554	1418.9697	0.0	904.11395	146.25616	1219.1836	0.0	1430.375	1852.391	218.42607	668.4595	0.0	0.0	0.0	318.58243	995.64667	0.0	0.0	195.74644	698.1081	0.0	0.0	0.0
713.3599	0.0	779.42236	0.0	0.0	12.51794	0.0	0.0	0.0	1386.9196	0.0	1744.2592	0.0	0.0	68.47994	481.82553	0.0	0.0	0.0	0.0	0.0	0.0	179.35255	0.0	0.0	285.1774	0.0	1521.5414	0.0	0.0	0.0	330.9823	399.6456	0.0	1067.5319	0.0	353.26004	0.0	0.0	622.3122	694.001	0.0	1466.2397	0.0	0.0	469.75867	770.584	0.0	0.0	456.38632	0.0	893.0039	0.0	1306.0166	0.0	0.0	0.0	1281.8705	0.0	0.0	0.0	0.0	0.0	161.37135	0.0	0.0	713.5427	0.0	0.0	0.0	0.0	0.0	397.00443	0.0	1070.263	0.0	0.0	0.0	192.42097	296.3579	0.0	0.0	0.0	1208.3195	59.4541	0.0	0.0	769.0452	104.539055	0.0	0.0	1870.6947	630.4593	0.0	0.0	919.1258	0.0	80.41294	0.0	0.0	344.38522	0.0	0.0	0.0	0.0	1096.5281	1396.859	0.0	886.59	143.05273	1200.3339	0.0	1408.7357	1820.799	217.63782	657.4287	0.0	0.0	0.0	312.8538	977.7746	0.0	0.0	191.97644	684.8023	0.0	0.0	0.0
711.5845	0.0	781.76025	0.0	0.0	11.181157	0.0	0.0	0.0	1397.8843	0.0	1747.7369	0.0	0.0	70.55584	482.27298	0.0	0.0	0.0	0.0	0.0	0.0	182.3012	0.0	0.0	289.61118	0.0	1526.139	0.0	0.0	0.0	334.76163	402.70425	0.0	1068.7915	0.0	351.18985	0.0	0.0	622.37585	695.2832	0.0	1473.1974	0.0	0.0	474.87256	773.3454	0.0	0.0	453.6918	0.0	902.25	0.0	1310.9713	0.0	0.0	0.0	1281.0332	0.0	0.0	0.0	0.0	0.0	162.47655	0.0	0.0	710.3591	0.0	0.0	0.0	0.0	0.0	398.66858	0.0	1074.8539	0.0	0.0	0.0	200.25792	298.64026	0.0	0.0	0.0	1211.614	62.304413	0.0	0.0	775.8506	107.81144	0.0	0.0	1878.9174	632.1879	0.0	0.0	921.0789	0.0	79.39416	0.0	0.0	345.81516	0.0	0.0	0.0	0.0	1101.4976	1403.2812	0.0	893.41046	143.74342	1208.2098	0.0	1412.4965	1828.3766	219.68715	661.0127	0.0	0.0	0.0	315.8591	983.812	0.0	0.0	192.62831	690.21606	0.0	0.0	0.0
670.1388	0.0	715.47906	0.0	0.0	7.8568215	0.0	0.0	0.0	1274.4473	0.0	1608.4225	0.0	0.0	49.42123	467.25687	0.0	0.0	0.0	0.0	0.0	0.0	160.44542	0.0	0.0	264.50198	0.0	1422.0137	0.0	0.0	0.0	302.6688	374.70132	0.0	973.082	0.0	329.83054	0.0	0.0	573.29144	640.42255	0.0	1363.8466	0.0	0.0	430.86703	692.35406	0.0	0.0	439.00558	0.0	816.70245	0.0	1204.0419	0.0	0.0	0.0	1185.809	0.0	0.0	0.0	0.0	0.0	154.55397	0.0	0.0	676.435	0.0	0.0	0.0	0.0	0.0	366.7307	0.0	979.1901	0.0	0.0	0.0	178.71497	272.51248	0.0	0.0	0.0	1121.4933	51.484226	0.0	0.0	726.0466	75.90834	0.0	0.0	1738.2794	571.87384	0.0	0.0	847.0157	0.0	77.03191	0.0	0.0	307.0839	0.0	0.0	0.0	0.0	988.9038	1301.1508	0.0	809.396	126.186806	1122.9073	0.0	1301.6206	1668.4747	224.48347	612.1959	0.0	0.0	0.0	289.45224	893.2614	0.0	0.0	177.08876	628.5086	0.0	0.0	0.0
693.7417	0.0	759.0149	0.0	0.0	6.4098935	0.0	0.0	0.0	1358.7828	0.0	1699.7987	0.0	0.0	64.47565	476.69934	0.0	0.0	0.0	0.0	0.0	0.0	176.17358	0.0	0.0	286.0136	0.0	1489.7725	0.0	0.0	0.0	324.001	396.28384	0.0	1035.5509	0.0	341.1315	0.0	0.0	601.87915	673.4155	0.0	1437.0062	0.0	0.0	463.45578	746.9886	0.0	0.0	445.42505	0.0	875.8719	0.0	1274.1129	0.0	0.0	0.0	1244.4968	0.0	0.0	0.0	0.0	0.0	160.60442	0.0	0.0	694.33417	0.0	0.0	0.0	0.0	0.0	390.27872	0.0	1045.5477	0.0	0.0	0.0	197.89894	287.3151	0.0	0.0	0.0	1178.9913	59.093018	0.0	0.0	762.6287	98.96279	0.0	0.0	1832.9283	612.0989	0.0	0.0	896.4168	0.0	78.57804	0.0	0.0	335.21222	0.0	0.0	0.0	0.0	1066.716	1368.734	0.0	865.61945	136.67433	1180.785	0.0	1373.4054	1773.556	223.27693	644.5393	0.0	0.0	0.0	308.0693	956.01654	0.0	0.0	188.87523	669.496	0.0	0.0	0.0
726.42206	0.0	798.283	0.0	0.0	13.936322	0.0	0.0	0.0	1427.3141	0.0	1783.8219	0.0	0.0	74.46905	488.78726	0.0	0.0	0.0	0.0	0.0	0.0	187.28862	0.0	0.0	294.58115	0.0	1554.7145	0.0	0.0	0.0	342.6311	409.67105	0.0	1092.8278	0.0	358.86768	0.0	0.0	636.71454	710.07935	0.0	1501.4469	0.0	0.0	483.66367	791.437	0.0	0.0	460.57507	0.0	921.8774	0.0	1339.3711	0.0	0.0	0.0	1307.8119	0.0	0.0	0.0	0.0	0.0	164.44435	0.0	0.0	723.94696	0.0	0.0	0.0	0.0	0.0	406.1105	0.0	1098.374	0.0	0.0	0.0	202.70831	306.7668	0.0	0.0	0.0	1237.3883	63.91342	0.0	0.0	789.72235	112.40994	0.0	0.0	1915.5527	646.4974	0.0	0.0	939.08057	0.0	81.62709	0.0	0.0	354.37204	0.0	0.0	0.0	0.0	1128.3662	1430.3937	0.0	913.5777	148.06436	1230.6146	0.0	1441.162	1869.5483	220.84235	674.2944	0.0	0.0	0.0	321.9286	1005.22076	0.0	0.0	196.15916	705.38116	0.0	0.0	0.0
706.5227	0.0	769.488	0.0	0.0	8.953405	0.0	0.0	0.0	1379.1372	0.0	1723.3066	0.0	0.0	67.23342	484.78406	0.0	0.0	0.0	0.0	0.0	0.0	179.01282	0.0	0.0	288.46066	0.0	1511.6426	0.0	0.0	0.0	330.79053	400.93857	0.0	1049.7974	0.0	347.19507	0.0	0.0	614.7719	686.18243	0.0	1458.9736	0.0	0.0	465.95178	756.34186	0.0	0.0	452.76498	0.0	888.3195	0.0	1294.7584	0.0	0.0	0.0	1263.6454	0.0	0.0	0.0	0.0	0.0	162.5727	0.0	0.0	708.2498	0.0	0.0	0.0	0.0	0.0	393.2239	0.0	1059.463	0.0	0.0	0.0	200.3253	296.5062	0.0	0.0	0.0	1200.6704	60.306244	0.0	0.0	774.4388	98.41766	0.0	0.0	1860.6454	619.0013	0.0	0.0	907.53656	0.0	80.80035	0.0	0.0	337.21225	0.0	0.0	0.0	0.0	1081.1929	1389.71	0.0	881.1833	139.02443	1200.6064	0.0	1394.6349	1803.2129	228.39311	656.30743	0.0	0.0	0.0	311.20273	968.7009	0.0	0.0	189.41052	680.7773	0.0	0.0	0.0
679.44476	0.0	731.26276	0.0	0.0	7.18865	0.0	0.0	0.0	1305.1346	0.0	1641.4633	0.0	0.0	54.97626	471.16016	0.0	0.0	0.0	0.0	0.0	0.0	165.80254	0.0	0.0	271.5485	0.0	1447.514	0.0	0.0	0.0	310.6376	381.54727	0.0	995.6289	0.0	334.29874	0.0	0.0	585.5412	653.65814	0.0	1391.3082	0.0	0.0	441.89087	711.7285	0.0	0.0	442.03442	0.0	838.21893	0.0	1230.2609	0.0	0.0	0.0	1207.8125	0.0	0.0	0.0	0.0	0.0	156.5868	0.0	0.0	683.8403	0.0	0.0	0.0	0.0	0.0	374.2129	0.0	1002.9205	0.0	0.0	0.0	185.23698	278.781	0.0	0.0	0.0	1142.8008	54.38588	0.0	0.0	738.65436	83.571106	0.0	0.0	1773.3525	585.6253	0.0	0.0	864.9673	0.0	77.86472	0.0	0.0	316.35352	0.0	0.0	0.0	0.0	1015.85297	1325.8807	0.0	830.5623	130.22792	1145.044	0.0	1328.5632	1707.6232	224.40984	624.5251	0.0	0.0	0.0	295.8705	915.79425	0.0	0.0	181.09106	643.97174	0.0	0.0	0.0
843.0599	0.0	987.8913	0.0	0.0	36.57955	0.0	0.0	0.0	1760.943	0.0	2124.3523	0.0	0.0	96.16605	578.99866	0.0	0.0	0.0	0.0	0.0	0.0	257.86856	0.0	0.0	413.944	0.0	1837.775	0.0	0.0	0.0	451.26212	494.68234	0.0	1293.3734	0.0	428.86545	0.0	0.0	744.18134	885.3011	0.0	1833.3828	0.0	0.0	602.1301	954.28827	0.0	0.0	507.26144	0.0	1147.2236	0.0	1621.7616	0.0	0.0	0.0	1504.0243	0.0	0.0	0.0	0.0	0.0	201.82141	0.0	0.0	862.20166	0.0	0.0	0.0	0.0	0.0	515.7326	0.0	1336.0093	0.0	0.0	0.0	319.2793	387.08463	0.0	0.0	0.0	1514.6112	94.58964	0.0	0.0	1009.1984	146.00914	0.0	0.0	2335.5457	755.83246	0.0	0.0	1115.9706	0.0	102.956	0.0	0.0	435.79617	0.0	0.0	0.0	0.0	1363.6372	1722.0161	0.0	1139.5477	151.62518	1519.1356	0.0	1713.5382	2287.8323	301.85013	869.4385	0.0	0.0	0.0	410.07724	1245.0526	0.0	0.0	209.73712	872.33966	0.0	0.0	0.0
804.1467	0.0	927.5015	0.0	0.0	27.382057	0.0	0.0	0.0	1650.6422	0.0	2009.456	0.0	0.0	82.5935	561.4998	0.0	0.0	0.0	0.0	0.0	0.0	238.42598	0.0	0.0	387.46085	0.0	1746.9453	0.0	0.0	0.0	418.75082	470.73914	0.0	1219.8729	0.0	405.8093	0.0	0.0	703.6575	830.13916	0.0	1734.8121	0.0	0.0	565.4694	891.9472	0.0	0.0	492.1973	0.0	1072.6844	0.0	1528.8092	0.0	0.0	0.0	1427.911	0.0	0.0	0.0	0.0	0.0	192.21687	0.0	0.0	824.6948	0.0	0.0	0.0	0.0	0.0	484.4862	0.0	1258.4878	0.0	0.0	0.0	293.87732	362.2413	0.0	0.0	0.0	1428.2944	82.20791	0.0	0.0	955.9218	127.7041	0.0	0.0	2209.7344	709.87866	0.0	0.0	1055.7676	0.0	99.33193	0.0	0.0	406.37476	0.0	0.0	0.0	0.0	1276.5157	1627.7079	0.0	1063.88	141.91968	1437.2262	0.0	1620.8075	2148.8284	294.1443	816.5378	0.0	0.0	0.0	384.0607	1169.7983	0.0	0.0	202.11604	816.58624	0.0	0.0	0.0
806.47833	0.0	933.37836	0.0	0.0	29.44368	0.0	0.0	0.0	1662.7109	0.0	2021.2133	0.0	0.0	86.04629	561.6608	0.0	0.0	0.0	0.0	0.0	0.0	240.62535	0.0	0.0	389.5607	0.0	1755.1476	0.0	0.0	0.0	422.4652	472.74854	0.0	1228.6416	0.0	408.03613	0.0	0.0	709.1474	835.51874	0.0	1743.8848	0.0	0.0	568.8393	900.2244	0.0	0.0	491.75217	0.0	1081.0459	0.0	1538.2432	0.0	0.0	0.0	1436.0101	0.0	0.0	0.0	0.0	0.0	192.52863	0.0	0.0	826.7124	0.0	0.0	0.0	0.0	0.0	486.65286	0.0	1267.3502	0.0	0.0	0.0	295.45798	364.812	0.0	0.0	0.0	1436.5107	83.62762	0.0	0.0	959.27716	131.71106	0.0	0.0	2221.5056	715.104	0.0	0.0	1062.0985	0.0	98.773315	0.0	0.0	409.8547	0.0	0.0	0.0	0.0	1287.4668	1636.1357	0.0	1072.666	144.3274	1443.9667	0.0	1630.2028	2164.593	292.71585	821.28564	0.0	0.0	0.0	386.54797	1177.4675	0.0	0.0	204.44771	823.2502	0.0	0.0	0.0
789.12604	0.0	901.3193	0.0	0.0	21.205158	0.0	0.0	0.0	1612.0436	0.0	1964.014	0.0	0.0	83.53064	546.60455	0.0	0.0	0.0	0.0	0.0	0.0	229.43596	0.0	0.0	365.60782	0.0	1707.7933	0.0	0.0	0.0	407.30014	456.76965	0.0	1190.7422	0.0	394.48624	0.0	0.0	692.48737	803.3265	0.0	1687.5411	0.0	0.0	547.3858	870.72003	0.0	0.0	486.00552	0.0	1048.7906	0.0	1494.2885	0.0	0.0	0.0	1404.2523	0.0	0.0	0.0	0.0	0.0	187.94392	0.0	0.0	803.9487	0.0	0.0	0.0	0.0	0.0	466.0673	0.0	1224.3456	0.0	0.0	0.0	278.16525	355.13925	0.0	0.0	0.0	1392.1823	81.98314	0.0	0.0	921.83514	125.08195	0.0	0.0	2148.889	697.7783	0.0	0.0	1029.4895	0.0	97.1012	0.0	0.0	397.3304	0.0	0.0	0.0	0.0	1248.2133	1590.6454	0.0	1037.8953	144.17206	1396.9808	0.0	1586.7396	2094.785	275.32376	785.0969	0.0	0.0	0.0	372.2422	1137.5411	0.0	0.0	201.68306	796.87134	0.0	0.0	0.0
769.2905	0.0	866.5866	0.0	0.0	15.676677	0.0	0.0	0.0	1554.5211	0.0	1903.8092	0.0	0.0	78.95988	535.62274	0.0	0.0	0.0	0.0	0.0	0.0	218.71985	0.0	0.0	346.43442	0.0	1660.9645	0.0	0.0	0.0	388.5292	444.74124	0.0	1152.589	0.0	380.4248	0.0	0.0	672.916	769.81415	0.0	1631.8861	0.0	0.0	526.8147	839.2303	0.0	0.0	478.97495	0.0	1010.64777	0.0	1445.5167	0.0	0.0	0.0	1369.3114	0.0	0.0	0.0	0.0	0.0	182.89922	0.0	0.0	780.3408	0.0	0.0	0.0	0.0	0.0	446.47018	0.0	1181.3475	0.0	0.0	0.0	259.32852	341.667	0.0	0.0	0.0	1344.5853	76.49996	0.0	0.0	888.43085	116.802025	0.0	0.0	2077.8145	676.8945	0.0	0.0	997.4919	0.0	95.2194	0.0	0.0	381.06885	0.0	0.0	0.0	0.0	1205.0721	1542.478	0.0	997.38934	143.88918	1351.0499	0.0	1539.248	2021.1527	266.47388	750.5622	0.0	0.0	0.0	356.6638	1096.2856	0.0	0.0	200.99648	768.1364	0.0	0.0	0.0
737.6884	0.0	818.2591	0.0	0.0	9.00727	0.0	0.0	0.0	1464.644	0.0	1808.8739	0.0	0.0	69.57069	516.7438	0.0	0.0	0.0	0.0	0.0	0.0	201.29578	0.0	0.0	320.47437	0.0	1587.2666	0.0	0.0	0.0	361.89346	423.19983	0.0	1094.215	0.0	364.15414	0.0	0.0	643.2673	728.7293	0.0	1549.7865	0.0	0.0	495.7268	788.7368	0.0	0.0	467.46118	0.0	948.62665	0.0	1367.9174	0.0	0.0	0.0	1309.7494	0.0	0.0	0.0	0.0	0.0	172.98553	0.0	0.0	748.25226	0.0	0.0	0.0	0.0	0.0	417.9625	0.0	1115.6088	0.0	0.0	0.0	234.63538	320.75455	0.0	0.0	0.0	1274.5039	69.282326	0.0	0.0	838.37225	103.435936	0.0	0.0	1972.1168	640.6359	0.0	0.0	949.5925	0.0	89.82847	0.0	0.0	355.49722	0.0	0.0	0.0	0.0	1133.0587	1466.8387	0.0	936.6909	137.7372	1282.2222	0.0	1463.5255	1909.1283	258.25497	705.7801	0.0	0.0	0.0	335.88745	1031.848	0.0	0.0	191.77654	723.2004	0.0	0.0	0.0
811.1946	0.0	937.1631	0.0	0.0	28.56234	0.0	0.0	0.0	1667.1123	0.0	2025.7552	0.0	0.0	84.48853	563.65497	0.0	0.0	0.0	0.0	0.0	0.0	241.4998	0.0	0.0	390.2811	0.0	1758.8905	0.0	0.0	0.0	424.35776	472.9163	0.0	1230.4213	0.0	410.01883	0.0	0.0	709.80225	839.0869	0.0	1748.6089	0.0	0.0	569.31964	900.43286	0.0	0.0	495.55396	0.0	1083.8325	0.0	1541.2706	0.0	0.0	0.0	1438.9121	0.0	0.0	0.0	0.0	0.0	192.47752	0.0	0.0	831.04767	0.0	0.0	0.0	0.0	0.0	487.8998	0.0	1268.4648	0.0	0.0	0.0	296.44052	366.22714	0.0	0.0	0.0	1441.5607	84.81902	0.0	0.0	962.65717	129.71599	0.0	0.0	2227.4912	716.86304	0.0	0.0	1063.526	0.0	99.99508	0.0	0.0	410.6188	0.0	0.0	0.0	0.0	1288.9551	1640.6304	0.0	1075.5645	142.54799	1449.1045	0.0	1633.8492	2168.873	294.93347	824.049	0.0	0.0	0.0	388.9888	1180.6768	0.0	0.0	202.27393	825.3422	0.0	0.0	0.0
797.63525	0.0	924.5992	0.0	0.0	29.025568	0.0	0.0	0.0	1642.1154	0.0	1999.2086	0.0	0.0	82.70417	555.45135	0.0	0.0	0.0	0.0	0.0	0.0	237.4882	0.0	0.0	387.22238	0.0	1732.9191	0.0	0.0	0.0	416.3097	468.7266	0.0	1215.59	0.0	404.4712	0.0	0.0	697.69727	825.4698	0.0	1722.6637	0.0	0.0	564.2904	890.6839	0.0	0.0	487.5118	0.0	1067.7279	0.0	1520.1036	0.0	0.0	0.0	1420.0883	0.0	0.0	0.0	0.0	0.0	191.21175	0.0	0.0	818.3226	0.0	0.0	0.0	0.0	0.0	484.99893	0.0	1254.6288	0.0	0.0	0.0	291.71082	359.12668	0.0	0.0	0.0	1420.0494	81.32542	0.0	0.0	949.45685	128.6887	0.0	0.0	2195.5889	709.06647	0.0	0.0	1050.4932	0.0	99.36002	0.0	0.0	408.41275	0.0	0.0	0.0	0.0	1275.0702	1617.9009	0.0	1058.8756	141.14363	1425.7764	0.0	1612.295	2139.0999	287.86557	812.2177	0.0	0.0	0.0	381.6992	1165.3324	0.0	0.0	201.78908	812.0112	0.0	0.0	0.0
808.23663	0.0	932.6882	0.0	0.0	26.80699	0.0	0.0	0.0	1663.3062	0.0	2020.0072	0.0	0.0	85.36675	559.7695	0.0	0.0	0.0	0.0	0.0	0.0	239.48193	0.0	0.0	386.32736	0.0	1752.6841	0.0	0.0	0.0	421.8309	470.6298	0.0	1226.1678	0.0	406.48727	0.0	0.0	706.7364	833.41284	0.0	1739.7267	0.0	0.0	568.38324	899.42017	0.0	0.0	494.06113	0.0	1083.3882	0.0	1537.9474	0.0	0.0	0.0	1436.879	0.0	0.0	0.0	0.0	0.0	192.83409	0.0	0.0	825.0025	0.0	0.0	0.0	0.0	0.0	487.2554	0.0	1264.7579	0.0	0.0	0.0	294.18192	364.18307	0.0	0.0	0.0	1434.9613	85.4342	0.0	0.0	955.8638	130.89366	0.0	0.0	2217.9092	716.8581	0.0	0.0	1059.682	0.0	99.60675	0.0	0.0	410.80948	0.0	0.0	0.0	0.0	1287.6154	1635.8848	0.0	1072.0941	144.26782	1441.1823	0.0	1629.8486	2160.6084	287.78244	817.38934	0.0	0.0	0.0	386.52173	1176.2753	0.0	0.0	204.38283	823.4829	0.0	0.0	0.0
803.0109	0.0	923.79034	0.0	0.0	25.066263	0.0	0.0	0.0	1651.038	0.0	2005.9481	0.0	0.0	85.72751	557.8891	0.0	0.0	0.0	0.0	0.0	0.0	237.09758	0.0	0.0	381.86133	0.0	1744.4625	0.0	0.0	0.0	418.9991	468.67578	0.0	1216.1361	0.0	402.5092	0.0	0.0	703.9036	825.4615	0.0	1728.7211	0.0	0.0	563.093	891.8032	0.0	0.0	490.3651	0.0	1074.7775	0.0	1528.5874	0.0	0.0	0.0	1428.7393	0.0	0.0	0.0	0.0	0.0	193.0061	0.0	0.0	820.2991	0.0	0.0	0.0	0.0	0.0	480.50137	0.0	1255.5277	0.0	0.0	0.0	290.38474	362.823	0.0	0.0	0.0	1424.5614	83.85592	0.0	0.0	949.20575	129.12427	0.0	0.0	2201.633	711.7864	0.0	0.0	1052.8462	0.0	98.593445	0.0	0.0	405.60547	0.0	0.0	0.0	0.0	1277.1564	1626.5396	0.0	1064.3158	144.04999	1431.8965	0.0	1620.0416	2146.2197	286.52298	810.21954	0.0	0.0	0.0	382.73276	1166.1708	0.0	0.0	204.73308	817.5168	0.0	0.0	0.0
806.8732	0.0	928.97	0.0	0.0	26.989862	0.0	0.0	0.0	1658.7379	0.0	2012.461	0.0	0.0	84.360535	562.4004	0.0	0.0	0.0	0.0	0.0	0.0	240.28961	0.0	0.0	387.5533	0.0	1751.7651	0.0	0.0	0.0	422.54745	470.61914	0.0	1220.2917	0.0	405.6831	0.0	0.0	707.3667	832.78815	0.0	1739.5004	0.0	0.0	565.1511	892.4875	0.0	0.0	493.42212	0.0	1079.8453	0.0	1534.7474	0.0	0.0	0.0	1431.1764	0.0	0.0	0.0	0.0	0.0	193.33215	0.0	0.0	826.08307	0.0	0.0	0.0	0.0	0.0	483.7996	0.0	1260.5454	0.0	0.0	0.0	295.5653	365.61783	0.0	0.0	0.0	1433.7289	85.33099	0.0	0.0	958.2732	128.0023	0.0	0.0	2215.9082	710.65967	0.0	0.0	1056.34	0.0	100.065056	0.0	0.0	406.45206	0.0	0.0	0.0	0.0	1279.4346	1634.0542	0.0	1068.8013	143.18866	1443.4574	0.0	1624.8358	2156.9954	295.30502	818.15796	0.0	0.0	0.0	385.6853	1173.19	0.0	0.0	203.23796	821.44244	0.0	0.0	0.0
802.10675	0.0	927.7492	0.0	0.0	27.920364	0.0	0.0	0.0	1647.2007	0.0	2007.6466	0.0	0.0	82.95706	559.5786	0.0	0.0	0.0	0.0	0.0	0.0	238.52568	0.0	0.0	387.1152	0.0	1742.3926	0.0	0.0	0.0	417.93155	470.16446	0.0	1218.7804	0.0	405.79752	0.0	0.0	701.4536	828.80096	0.0	1730.3226	0.0	0.0	565.55084	892.8923	0.0	0.0	490.2946	0.0	1071.5546	0.0	1526.3861	0.0	0.0	0.0	1426.6342	0.0	0.0	0.0	0.0	0.0	192.36926	0.0	0.0	823.0695	0.0	0.0	0.0	0.0	0.0	485.20035	0.0	1257.2548	0.0	0.0	0.0	292.7004	361.72095	0.0	0.0	0.0	1425.7174	81.50033	0.0	0.0	952.9567	128.97328	0.0	0.0	2205.1526	710.3011	0.0	0.0	1054.4364	0.0	99.77311	0.0	0.0	407.94626	0.0	0.0	0.0	0.0	1277.2935	1624.5258	0.0	1061.5073	141.70393	1432.3424	0.0	1619.2943	2146.868	291.28506	815.3846	0.0	0.0	0.0	383.49683	1169.4984	0.0	0.0	201.70216	814.7746	0.0	0.0	0.0
799.44305	0.0	914.03876	0.0	0.0	22.988754	0.0	0.0	0.0	1624.0558	0.0	1984.368	0.0	0.0	74.363594	562.2198	0.0	0.0	0.0	0.0	0.0	0.0	232.17145	0.0	0.0	383.08206	0.0	1728.0985	0.0	0.0	0.0	410.1962	465.33496	0.0	1201.244	0.0	402.71152	0.0	0.0	692.30597	816.9273	0.0	1712.8348	0.0	0.0	557.38824	875.31683	0.0	0.0	494.34756	0.0	1055.1991	0.0	1508.0127	0.0	0.0	0.0	1412.7778	0.0	0.0	0.0	0.0	0.0	192.72127	0.0	0.0	820.638	0.0	0.0	0.0	0.0	0.0	481.01743	0.0	1240.919	0.0	0.0	0.0	286.32462	354.64767	0.0	0.0	0.0	1409.3207	79.67598	0.0	0.0	946.4505	118.007385	0.0	0.0	2183.0906	699.65717	0.0	0.0	1042.8864	0.0	101.14985	0.0	0.0	401.6533	0.0	0.0	0.0	0.0	1254.997	1609.168	0.0	1043.7166	137.66234	1420.4595	0.0	1601.0586	2114.5745	294.0084	805.4611	0.0	0.0	0.0	378.15628	1152.5157	0.0	0.0	203.21399	802.69965	0.0	0.0	0.0
830.9577	0.0	967.8008	0.0	0.0	33.46503	0.0	0.0	0.0	1726.3042	0.0	2087.9937	0.0	0.0	89.78134	572.29315	0.0	0.0	0.0	0.0	0.0	0.0	249.599	0.0	0.0	406.31262	0.0	1808.8086	0.0	0.0	0.0	440.17667	486.04068	0.0	1270.8632	0.0	420.89722	0.0	0.0	729.5999	866.8116	0.0	1800.6881	0.0	0.0	590.7407	935.7326	0.0	0.0	503.27344	0.0	1124.0472	0.0	1593.0577	0.0	0.0	0.0	1481.9027	0.0	0.0	0.0	0.0	0.0	199.47365	0.0	0.0	849.2754	0.0	0.0	0.0	0.0	0.0	507.90488	0.0	1311.3218	0.0	0.0	0.0	310.76022	377.76273	0.0	0.0	0.0	1487.1967	92.35563	0.0	0.0	991.6235	139.87276	0.0	0.0	2296.428	743.647	0.0	0.0	1096.4594	0.0	102.32556	0.0	0.0	428.54526	0.0	0.0	0.0	0.0	1336.1688	1693.4818	0.0	1114.9218	148.22221	1493.3575	0.0	1686.0996	2241.5972	294.5765	851.8781	0.0	0.0	0.0	401.8402	1220.9672	0.0	0.0	208.12689	854.60034	0.0	0.0	0.0
798.342	0.0	924.72394	0.0	0.0	29.022749	0.0	0.0	0.0	1641.9854	0.0	2000.4688	0.0	0.0	82.573616	557.1566	0.0	0.0	0.0	0.0	0.0	0.0	237.56532	0.0	0.0	388.3809	0.0	1734.8345	0.0	0.0	0.0	416.10538	469.88428	0.0	1215.3888	0.0	404.9031	0.0	0.0	698.3779	825.27344	0.0	1723.3961	0.0	0.0	564.4629	890.88544	0.0	0.0	488.44083	0.0	1067.8419	0.0	1521.5294	0.0	0.0	0.0	1421.3832	0.0	0.0	0.0	0.0	0.0	192.58656	0.0	0.0	819.5381	0.0	0.0	0.0	0.0	0.0	484.56177	0.0	1255.3833	0.0	0.0	0.0	291.31882	358.89236	0.0	0.0	0.0	1421.085	80.72411	0.0	0.0	950.13086	128.4162	0.0	0.0	2197.938	708.45087	0.0	0.0	1051.2589	0.0	100.43792	0.0	0.0	407.89078	0.0	0.0	0.0	0.0	1275.1471	1619.5311	0.0	1059.0143	141.76845	1427.4756	0.0	1613.998	2140.6836	290.0072	813.75543	0.0	0.0	0.0	380.8374	1165.7598	0.0	0.0	202.34587	812.3408	0.0	0.0	0.0
802.18945	0.0	928.561	0.0	0.0	28.176453	0.0	0.0	0.0	1649.293	0.0	2008.3652	0.0	0.0	83.594185	558.15717	0.0	0.0	0.0	0.0	0.0	0.0	239.04655	0.0	0.0	389.44815	0.0	1742.0132	0.0	0.0	0.0	417.95566	469.6843	0.0	1220.3967	0.0	405.07193	0.0	0.0	700.1616	829.5735	0.0	1730.7119	0.0	0.0	566.85175	895.632	0.0	0.0	488.63477	0.0	1073.3243	0.0	1527.3828	0.0	0.0	0.0	1426.7256	0.0	0.0	0.0	0.0	0.0	192.16455	0.0	0.0	821.81396	0.0	0.0	0.0	0.0	0.0	488.49414	0.0	1260.2319	0.0	0.0	0.0	293.974	360.854	0.0	0.0	0.0	1425.8236	82.51421	0.0	0.0	953.5351	130.1498	0.0	0.0	2207.2834	711.78973	0.0	0.0	1055.161	0.0	99.69227	0.0	0.0	409.41843	0.0	0.0	0.0	0.0	1280.6287	1625.0262	0.0	1063.4587	141.4692	1432.5785	0.0	1619.4012	2148.7773	290.7886	816.4073	0.0	0.0	0.0	383.5073	1171.8405	0.0	0.0	203.20227	815.8726	0.0	0.0	0.0
801.4709	0.0	928.78253	0.0	0.0	29.221525	0.0	0.0	0.0	1649.8988	0.0	2007.8959	0.0	0.0	83.309235	556.347	0.0	0.0	0.0	0.0	0.0	0.0	238.24446	0.0	0.0	388.25082	0.0	1740.8605	0.0	0.0	0.0	418.41342	470.30533	0.0	1220.5073	0.0	406.26428	0.0	0.0	700.3759	829.24805	0.0	1729.4362	0.0	0.0	566.756	895.4697	0.0	0.0	489.82153	0.0	1072.6173	0.0	1526.48	0.0	0.0	0.0	1426.4076	0.0	0.0	0.0	0.0	0.0	191.25806	0.0	0.0	821.4571	0.0	0.0	0.0	0.0	0.0	486.90036	0.0	1259.2848	0.0	0.0	0.0	293.46893	360.85123	0.0	0.0	0.0	1425.8994	82.613625	0.0	0.0	952.81757	130.41887	0.0	0.0	2205.4143	712.6511	0.0	0.0	1055.1036	0.0	99.0987	0.0	0.0	410.31113	0.0	0.0	0.0	0.0	1280.8556	1624.3955	0.0	1063.8385	141.77	1431.8296	0.0	1619.0302	2147.7239	288.92264	815.6303	0.0	0.0	0.0	383.991	1170.703	0.0	0.0	201.46703	815.5245	0.0	0.0	0.0
848.65497	0.0	997.565	0.0	0.0	37.083218	0.0	0.0	0.0	1779.0292	0.0	2141.3132	0.0	0.0	98.87551	581.32056	0.0	0.0	0.0	0.0	0.0	0.0	261.17258	0.0	0.0	418.28732	0.0	1850.4521	0.0	0.0	0.0	456.37207	497.56042	0.0	1304.608	0.0	431.40878	0.0	0.0	750.07404	894.8686	0.0	1848.3529	0.0	0.0	608.00836	964.50665	0.0	0.0	509.26834	0.0	1159.9015	0.0	1637.0419	0.0	0.0	0.0	1515.5394	0.0	0.0	0.0	0.0	0.0	203.21864	0.0	0.0	867.32794	0.0	0.0	0.0	0.0	0.0	521.2089	0.0	1347.822	0.0	0.0	0.0	324.81863	390.9207	0.0	0.0	0.0	1527.9332	98.596375	0.0	0.0	1017.32465	149.65555	0.0	0.0	2356.027	762.8724	0.0	0.0	1125.2374	0.0	103.53889	0.0	0.0	441.01205	0.0	0.0	0.0	0.0	1376.8776	1736.8145	0.0	1152.869	153.10925	1532.9604	0.0	1727.8721	2309.429	303.17148	878.5839	0.0	0.0	0.0	414.07104	1257.552	0.0	0.0	209.98537	881.8775	0.0	0.0	0.0
798.1076	0.0	915.90845	0.0	0.0	26.031893	0.0	0.0	0.0	1632.1102	0.0	1986.0112	0.0	0.0	80.83076	558.2078	0.0	0.0	0.0	0.0	0.0	0.0	235.42351	0.0	0.0	381.8806	0.0	1729.5844	0.0	0.0	0.0	415.47867	465.12857	0.0	1203.1536	0.0	402.244	0.0	0.0	697.87665	820.5601	0.0	1715.4098	0.0	0.0	556.92334	878.4976	0.0	0.0	490.1016	0.0	1061.1975	0.0	1512.4442	0.0	0.0	0.0	1413.2147	0.0	0.0	0.0	0.0	0.0	191.27852	0.0	0.0	818.4448	0.0	0.0	0.0	0.0	0.0	476.63797	0.0	1242.8087	0.0	0.0	0.0	289.1605	359.38803	0.0	0.0	0.0	1413.641	82.06016	0.0	0.0	945.2161	123.93238	0.0	0.0	2185.6824	700.0883	0.0	0.0	1042.777	0.0	99.88859	0.0	0.0	400.61697	0.0	0.0	0.0	0.0	1260.3169	1611.3993	0.0	1051.1425	140.26039	1422.8746	0.0	1603.6895	2124.9712	293.193	806.23627	0.0	0.0	0.0	379.5165	1155.7565	0.0	0.0	200.79945	807.3942	0.0	0.0	0.0
805.8881	0.0	929.043	0.0	0.0	26.990465	0.0	0.0	0.0	1653.0596	0.0	2011.1694	0.0	0.0	81.30817	564.46136	0.0	0.0	0.0	0.0	0.0	0.0	238.72774	0.0	0.0	389.40195	0.0	1749.3649	0.0	0.0	0.0	418.97446	471.7106	0.0	1219.2499	0.0	406.76736	0.0	0.0	703.3154	831.8659	0.0	1737.6357	0.0	0.0	566.38824	891.393	0.0	0.0	494.812	0.0	1074.5532	0.0	1530.4447	0.0	0.0	0.0	1428.8312	0.0	0.0	0.0	0.0	0.0	193.04607	0.0	0.0	827.189	0.0	0.0	0.0	0.0	0.0	486.61978	0.0	1259.3721	0.0	0.0	0.0	295.23807	361.94156	0.0	0.0	0.0	1430.8385	83.094734	0.0	0.0	959.633	126.14252	0.0	0.0	2214.6829	709.5955	0.0	0.0	1056.9811	0.0	100.085106	0.0	0.0	407.00797	0.0	0.0	0.0	0.0	1276.6752	1630.8286	0.0	1064.5173	141.1407	1440.996	0.0	1622.5254	2150.3704	297.5958	818.8713	0.0	0.0	0.0	385.02634	1171.1471	0.0	0.0	202.42609	817.78326	0.0	0.0	0.0
876.38495	0.0	1026.8983	0.0	0.0	38.093987	0.0	0.0	0.0	1834.243	0.0	2203.0598	0.0	0.0	100.0171	600.5821	0.0	0.0	0.0	0.0	0.0	0.0	269.62555	0.0	0.0	429.60693	0.0	1908.3273	0.0	0.0	0.0	474.07275	509.8397	0.0	1340.2186	0.0	444.82986	0.0	0.0	776.54034	923.71893	0.0	1907.4141	0.0	0.0	623.28143	988.09393	0.0	0.0	525.01483	0.0	1196.1464	0.0	1687.4672	0.0	0.0	0.0	1557.7075	0.0	0.0	0.0	0.0	0.0	209.06787	0.0	0.0	896.42163	0.0	0.0	0.0	0.0	0.0	532.34467	0.0	1384.5509	0.0	0.0	0.0	336.5275	406.64786	0.0	0.0	0.0	1577.4271	102.42101	0.0	0.0	1050.655	150.9746	0.0	0.0	2427.2842	781.4699	0.0	0.0	1157.4985	0.0	106.84243	0.0	0.0	450.1218	0.0	0.0	0.0	0.0	1411.7242	1790.5986	0.0	1188.6486	154.98735	1582.9961	0.0	1778.7969	2379.4475	314.80728	905.353	0.0	0.0	0.0	429.2585	1293.6366	0.0	0.0	213.56215	909.9555	0.0	0.0	0.0
804.0737	0.0	931.6709	0.0	0.0	29.372223	0.0	0.0	0.0	1655.6362	0.0	2013.4279	0.0	0.0	83.12873	559.655	0.0	0.0	0.0	0.0	0.0	0.0	239.62254	0.0	0.0	389.86218	0.0	1746.9004	0.0	0.0	0.0	419.89023	470.19522	0.0	1223.231	0.0	407.0405	0.0	0.0	703.41864	833.843	0.0	1736.9689	0.0	0.0	568.105	896.8958	0.0	0.0	490.79306	0.0	1076.861	0.0	1532.3569	0.0	0.0	0.0	1429.6392	0.0	0.0	0.0	0.0	0.0	192.03105	0.0	0.0	824.6661	0.0	0.0	0.0	0.0	0.0	488.33435	0.0	1262.3112	0.0	0.0	0.0	295.865	362.64682	0.0	0.0	0.0	1431.4965	83.83076	0.0	0.0	957.40375	130.25584	0.0	0.0	2213.325	712.9379	0.0	0.0	1058.3109	0.0	99.17416	0.0	0.0	410.04504	0.0	0.0	0.0	0.0	1282.4108	1629.9923	0.0	1068.4985	141.44914	1438.6007	0.0	1623.7704	2154.5989	291.8932	819.3405	0.0	0.0	0.0	385.95117	1174.2672	0.0	0.0	202.30237	819.3235	0.0	0.0	0.0
803.6994	0.0	925.4968	0.0	0.0	26.120262	0.0	0.0	0.0	1651.058	0.0	2005.1562	0.0	0.0	84.95584	558.8579	0.0	0.0	0.0	0.0	0.0	0.0	238.1538	0.0	0.0	383.0754	0.0	1743.0458	0.0	0.0	0.0	419.7151	467.59494	0.0	1215.943	0.0	404.05936	0.0	0.0	704.42334	827.98016	0.0	1730.1855	0.0	0.0	562.91705	889.92914	0.0	0.0	492.07346	0.0	1074.6932	0.0	1528.1112	0.0	0.0	0.0	1426.8549	0.0	0.0	0.0	0.0	0.0	192.59111	0.0	0.0	822.154	0.0	0.0	0.0	0.0	0.0	480.20084	0.0	1254.2437	0.0	0.0	0.0	292.7042	363.5988	0.0	0.0	0.0	1426.555	84.779976	0.0	0.0	951.22	128.4195	0.0	0.0	2202.83	710.1052	0.0	0.0	1052.3177	0.0	99.621315	0.0	0.0	405.10474	0.0	0.0	0.0	0.0	1275.5103	1626.2362	0.0	1065.5652	142.82538	1434.9498	0.0	1619.2963	2146.6057	289.96597	812.26776	0.0	0.0	0.0	383.56323	1167.2667	0.0	0.0	201.2325	817.61676	0.0	0.0	0.0
802.52496	0.0	921.9692	0.0	0.0	24.345818	0.0	0.0	0.0	1643.8076	0.0	2000.7799	0.0	0.0	83.63624	557.6819	0.0	0.0	0.0	0.0	0.0	0.0	236.53876	0.0	0.0	378.90674	0.0	1741.7665	0.0	0.0	0.0	417.94766	466.75928	0.0	1213.1978	0.0	402.05728	0.0	0.0	704.5413	824.90326	0.0	1726.4562	0.0	0.0	559.8257	886.6257	0.0	0.0	491.7158	0.0	1069.8505	0.0	1523.4443	0.0	0.0	0.0	1425.0704	0.0	0.0	0.0	0.0	0.0	190.02794	0.0	0.0	819.8264	0.0	0.0	0.0	0.0	0.0	475.48087	0.0	1249.2015	0.0	0.0	0.0	289.58115	362.73148	0.0	0.0	0.0	1421.1581	83.89509	0.0	0.0	946.17706	127.503265	0.0	0.0	2196.7966	707.7537	0.0	0.0	1050.0729	0.0	97.58546	0.0	0.0	402.30627	0.0	0.0	0.0	0.0	1269.1309	1621.3663	0.0	1060.8365	142.94063	1429.6362	0.0	1615.5806	2139.051	288.21863	806.45795	0.0	0.0	0.0	383.15955	1161.8812	0.0	0.0	200.92226	813.6967	0.0	0.0	0.0
803.4534	0.0	925.20795	0.0	0.0	25.056864	0.0	0.0	0.0	1651.5209	0.0	2007.8783	0.0	0.0	86.64385	557.5185	0.0	0.0	0.0	0.0	0.0	0.0	237.36116	0.0	0.0	380.45544	0.0	1745.4342	0.0	0.0	0.0	419.40182	468.66043	0.0	1219.3018	0.0	403.20508	0.0	0.0	705.88654	826.2964	0.0	1730.334	0.0	0.0	562.3122	892.4675	0.0	0.0	491.96762	0.0	1074.7188	0.0	1529.1901	0.0	0.0	0.0	1430.4686	0.0	0.0	0.0	0.0	0.0	191.88652	0.0	0.0	821.4007	0.0	0.0	0.0	0.0	0.0	479.3915	0.0	1255.4113	0.0	0.0	0.0	291.23224	364.0331	0.0	0.0	0.0	1426.2627	84.39889	0.0	0.0	948.9898	130.48576	0.0	0.0	2202.803	712.62225	0.0	0.0	1053.7565	0.0	97.65463	0.0	0.0	406.33597	0.0	0.0	0.0	0.0	1277.9877	1627.3092	0.0	1066.3403	144.7177	1432.9971	0.0	1621.4867	2147.7373	286.13254	808.88055	0.0	0.0	0.0	383.58597	1166.8341	0.0	0.0	202.84969	817.50604	0.0	0.0	0.0
672.9021	0.0	723.06256	0.0	0.0	6.6844654	0.0	0.0	0.0	1291.9838	0.0	1624.8063	0.0	0.0	54.568195	466.2151	0.0	0.0	0.0	0.0	0.0	0.0	163.17078	0.0	0.0	267.25598	0.0	1432.582	0.0	0.0	0.0	306.7103	377.4446	0.0	984.539	0.0	331.0681	0.0	0.0	578.84	645.9892	0.0	1376.0425	0.0	0.0	436.91565	703.01605	0.0	0.0	438.38126	0.0	830.0983	0.0	1218.0371	0.0	0.0	0.0	1195.3158	0.0	0.0	0.0	0.0	0.0	155.66353	0.0	0.0	676.8913	0.0	0.0	0.0	0.0	0.0	370.07065	0.0	991.12225	0.0	0.0	0.0	183.39311	276.36975	0.0	0.0	0.0	1130.7437	54.366776	0.0	0.0	731.55695	81.19724	0.0	0.0	1754.2325	579.8851	0.0	0.0	855.404	0.0	76.778625	0.0	0.0	312.26505	0.0	0.0	0.0	0.0	1003.97345	1312.6909	0.0	821.2443	128.62964	1133.3234	0.0	1314.4215	1688.7935	221.71037	617.4768	0.0	0.0	0.0	292.87988	905.7155	0.0	0.0	178.07014	637.25397	0.0	0.0	0.0
693.5091	0.0	772.1297	0.0	0.0	8.500316	0.0	0.0	0.0	1395.3711	0.0	1721.5117	0.0	0.0	77.903496	467.17834	0.0	0.0	0.0	0.0	0.0	0.0	179.67064	0.0	0.0	288.9562	0.0	1498.108	0.0	0.0	0.0	330.4883	402.07275	0.0	1049.0607	0.0	343.298	0.0	0.0	602.1346	680.7574	0.0	1448.2289	0.0	0.0	474.35867	766.1163	0.0	0.0	441.64822	0.0	901.1248	0.0	1295.4161	0.0	0.0	0.0	1256.3829	0.0	0.0	0.0	0.0	0.0	164.85907	0.0	0.0	687.41364	0.0	0.0	0.0	0.0	0.0	404.10483	0.0	1059.5223	0.0	0.0	0.0	211.15443	291.0472	0.0	0.0	0.0	1192.8688	65.29751	0.0	0.0	773.2749	108.9891	0.0	0.0	1851.5009	629.7204	0.0	0.0	903.199	0.0	74.07556	0.0	0.0	344.7695	0.0	0.0	0.0	0.0	1090.7789	1387.7863	0.0	884.8934	141.62453	1194.4277	0.0	1387.4896	1798.8486	214.52687	652.1255	0.0	0.0	0.0	314.6304	973.1731	0.0	0.0	189.45634	687.3958	0.0	0.0	0.0
1126.3314	0.0	538.56354	0.0	0.0	0.0	0.0	0.0	0.0	984.3679	0.0	1520.1776	0.0	0.0	5.5930123	1140.9053	0.0	0.0	0.0	0.0	0.0	0.0	32.869865	0.0	0.0	496.37784	0.0	1589.4478	0.0	0.0	0.0	145.01562	396.19077	0.0	643.8311	0.0	579.49786	0.0	0.0	312.49838	586.4038	0.0	1574.161	0.0	0.0	464.1973	264.35175	0.0	0.0	1022.2278	139.7794	512.45087	0.0	1048.7684	0.0	0.0	0.0	1229.3715	0.0	3.5303898	0.0	190.44507	0.0	286.3674	0.0	0.0	1289.0098	0.0	0.0	0.0	0.0	0.0	601.2095	0.0	814.8791	0.0	0.0	0.0	163.72316	115.64274	0.0	0.0	0.0	1272.4043	47.73527	0.0	0.0	1172.1538	0.0	0.0	0.0	1915.7697	382.8978	0.0	0.0	899.92633	0.0	295.5427	0.0	0.0	198.25902	0.0	0.0	0.0	0.0	450.2511	1450.5062	0.0	431.10913	20.905293	1387.2695	0.0	1190.5782	1188.0348	729.3055	837.2132	159.22787	0.0	0.0	210.92781	640.6729	0.0	0.0063088187	174.50653	359.8492	0.0	0.0	0.0
688.3674	0.0	760.0533	0.0	0.0	8.979458	0.0	0.0	0.0	1374.7852	0.0	1696.3462	0.0	0.0	74.4656	461.5461	0.0	0.0	0.0	0.0	0.0	0.0	173.1804	0.0	0.0	280.45032	0.0	1478.7184	0.0	0.0	0.0	321.5475	394.71823	0.0	1033.1592	0.0	341.8291	0.0	0.0	592.4411	671.6513	0.0	1424.4379	0.0	0.0	466.0256	754.13715	0.0	0.0	440.58426	0.0	884.6761	0.0	1275.6508	0.0	0.0	0.0	1241.7163	0.0	0.0	0.0	0.0	0.0	162.79007	0.0	0.0	678.84973	0.0	0.0	0.0	0.0	0.0	400.10977	0.0	1041.8201	0.0	0.0	0.0	203.44057	283.8638	0.0	0.0	0.0	1174.4883	64.24355	0.0	0.0	760.3284	103.498146	0.0	0.0	1821.6713	622.7312	0.0	0.0	889.136	0.0	71.753075	0.0	0.0	338.04135	0.0	0.0	0.0	0.0	1071.1741	1368.3673	0.0	869.5422	139.44933	1175.9015	0.0	1365.4205	1765.9877	211.49721	641.66266	0.0	0.0	0.0	309.6724	955.43304	0.0	0.0	187.83093	677.20386	0.0	0.0	0.0
701.7368	0.0	795.70844	0.0	0.0	13.244865	0.0	0.0	0.0	1444.0742	0.0	1758.1	0.0	0.0	89.77453	456.83533	0.0	0.0	0.0	0.0	0.0	0.0	185.88301	0.0	0.0	296.16678	0.0	1515.2826	0.0	0.0	0.0	337.63074	407.99768	0.0	1077.0854	0.0	351.84692	0.0	0.0	605.31024	697.42694	0.0	1470.2887	0.0	0.0	492.58084	797.2873	0.0	0.0	440.82434	0.0	933.0	0.0	1325.9305	0.0	0.0	0.0	1279.6865	0.0	0.0	0.0	0.0	0.0	166.50153	0.0	0.0	684.7386	0.0	0.0	0.0	0.0	0.0	424.62265	0.0	1087.4752	0.0	0.0	0.0	220.90227	294.20947	0.0	0.0	0.0	1214.0607	73.591675	0.0	0.0	786.50555	123.53617	0.0	0.0	1883.6085	657.5166	0.0	0.0	920.5014	0.0	70.80447	0.0	0.0	362.07108	0.0	0.0	0.0	0.0	1131.1836	1414.774	0.0	913.4063	147.16533	1214.9829	0.0	1411.3973	1839.2705	203.13283	666.98126	0.0	0.0	0.0	324.91086	1001.94916	0.0	0.0	192.84937	710.7913	0.0	0.0	0.0
692.1577	0.0	840.44635	0.0	0.0	17.319456	0.0	0.0	0.0	1425.7125	0.0	1793.9381	0.0	0.0	56.918854	414.7991	0.0	0.0	0.0	0.0	0.0	0.0	183.13737	0.0	0.0	302.73373	0.0	1500.11	0.0	0.0	0.0	307.1422	410.94888	0.0	1145.5836	0.0	359.63394	0.0	0.0	559.0629	698.6586	0.0	1457.807	0.0	0.0	546.63776	831.264	0.0	0.0	418.14404	0.0	924.4458	6.422774	1330.227	0.0	0.0	0.0	1308.2568	0.0	0.0	0.0	8.788045	0.0	145.7092	0.0	0.0	652.9146	0.0	0.0	0.0	0.0	0.0	481.6512	0.0	1124.4415	0.0	0.0	0.0	191.83727	267.1389	0.0	0.0	0.0	1197.4315	53.13907	0.0	0.0	757.1712	155.10847	0.0	1.4722522	1884.816	712.28094	0.0	0.0	952.368	0.0	67.36587	0.0	0.0	408.88965	0.0	0.0	0.0	0.0	1183.2863	1411.7047	0.0	900.5534	143.63765	1165.4375	0.0	1428.085	1818.9355	131.92787	632.89355	0.0	0.0	0.0	343.97144	1013.3641	0.0	0.0	204.54778	698.5405	0.0	0.0	0.0
685.73566	0.0	747.1363	0.0	0.0	4.8336163	0.0	0.0	0.0	1344.8696	0.0	1674.3993	0.0	0.0	63.052143	468.94492	0.0	0.0	0.0	0.0	0.0	0.0	167.79637	0.0	0.0	276.69165	0.0	1467.9911	0.0	0.0	0.0	315.67557	390.4786	0.0	1015.1926	0.0	337.87402	0.0	0.0	587.079	662.22705	0.0	1411.773	0.0	0.0	456.0991	732.95386	0.0	0.0	445.93442	0.0	864.81525	0.0	1255.6615	0.0	0.0	0.0	1227.5822	0.0	0.0	0.0	0.0	0.0	162.11526	0.0	0.0	683.388	0.0	0.0	0.0	0.0	0.0	390.255	0.0	1023.54297	0.0	0.0	0.0	197.07886	279.52417	0.0	0.0	0.0	1161.1757	60.027195	0.0	0.0	753.9389	90.227165	0.0	0.0	1803.4086	607.00104	0.0	0.0	879.4693	0.0	74.089355	0.0	0.0	328.6483	0.0	0.0	0.0	0.0	1043.3671	1353.2286	0.0	850.9267	133.82478	1165.1798	0.0	1351.2638	1736.623	218.18188	633.419	0.0	0.0	0.0	304.1703	936.16754	0.0	0.0	184.54314	662.185	0.0	0.0	0.0
677.9222	0.0	735.3609	0.0	0.0	5.984058	0.0	0.0	0.0	1319.8016	0.0	1650.3463	0.0	0.0	61.18214	466.89212	0.0	0.0	0.0	0.0	0.0	0.0	167.18048	0.0	0.0	272.53418	0.0	1451.0186	0.0	0.0	0.0	313.57864	384.5402	0.0	1000.362	0.0	332.90103	0.0	0.0	584.92	654.4218	0.0	1395.4489	0.0	0.0	446.8978	719.2188	0.0	0.0	439.5743	0.0	849.81683	0.0	1238.7842	0.0	0.0	0.0	1211.4491	0.0	0.0	0.0	0.0	0.0	158.82347	0.0	0.0	678.96246	0.0	0.0	0.0	0.0	0.0	378.4622	0.0	1008.1359	0.0	0.0	0.0	191.63141	280.48224	0.0	0.0	0.0	1146.1144	57.954163	0.0	0.0	742.5606	88.5109	0.0	0.0	1781.0391	593.00323	0.0	0.0	867.96906	0.0	75.8367	0.0	0.0	320.80325	0.0	0.0	0.0	0.0	1026.2859	1333.5067	0.0	837.64087	132.16144	1150.3339	0.0	1334.806	1717.4105	220.02393	625.70013	0.0	0.0	0.0	299.04477	923.2752	0.0	0.0	181.21191	651.031	0.0	0.0	0.0
675.80475	0.0	733.0507	0.0	0.0	6.31749	0.0	0.0	0.0	1316.3711	0.0	1643.6256	0.0	0.0	61.480976	463.04697	0.0	0.0	0.0	0.0	0.0	0.0	165.6842	0.0	0.0	271.0144	0.0	1444.0111	0.0	0.0	0.0	310.92465	383.24524	0.0	997.5124	0.0	333.0358	0.0	0.0	581.4964	652.2425	0.0	1387.9528	0.0	0.0	444.78525	718.17633	0.0	0.0	437.96326	0.0	846.0537	0.0	1233.6931	0.0	0.0	0.0	1207.5026	0.0	0.0	0.0	0.0	0.0	158.10564	0.0	0.0	675.082	0.0	0.0	0.0	0.0	0.0	379.34402	0.0	1004.8325	0.0	0.0	0.0	190.16512	277.79114	0.0	0.0	0.0	1142.2793	57.91103	0.0	0.0	738.898	88.12766	0.0	0.0	1772.2465	592.73047	0.0	0.0	863.80615	0.0	74.519585	0.0	0.0	320.47	0.0	0.0	0.0	0.0	1023.2253	1328.5673	0.0	835.1324	132.0954	1144.6953	0.0	1328.4799	1708.8516	217.149	623.51447	0.0	0.0	0.0	297.73026	918.84735	0.0	0.0	181.13823	649.1939	0.0	0.0	0.0
678.2923	0.0	744.6745	0.0	0.0	5.8080983	0.0	0.0	0.0	1338.02	0.0	1664.2988	0.0	0.0	67.00056	462.5267	0.0	0.0	0.0	0.0	0.0	0.0	170.02602	0.0	0.0	275.34915	0.0	1456.5303	0.0	0.0	0.0	316.4414	387.5575	0.0	1010.7785	0.0	335.10312	0.0	0.0	586.24	659.716	0.0	1403.7064	0.0	0.0	453.6654	730.93604	0.0	0.0	437.36533	0.0	862.62915	0.0	1249.4376	0.0	0.0	0.0	1218.2736	0.0	0.0	0.0	0.0	0.0	159.4265	0.0	0.0	676.23505	0.0	0.0	0.0	0.0	0.0	384.78735	0.0	1017.69794	0.0	0.0	0.0	197.00946	281.24466	0.0	0.0	0.0	1154.5278	60.454678	0.0	0.0	748.2339	94.62308	0.0	0.0	1791.8373	602.69196	0.0	0.0	873.65936	0.0	73.6211	0.0	0.0	326.40747	0.0	0.0	0.0	0.0	1040.3586	1342.9786	0.0	848.705	134.37541	1157.5383	0.0	1342.9655	1732.7308	215.92694	629.9729	0.0	0.0	0.0	303.76364	933.9747	0.0	0.0	180.92938	659.97314	0.0	0.0	0.0
683.753	0.0	753.7443	0.0	0.0	6.1664968	0.0	0.0	0.0	1361.0479	0.0	1682.4923	0.0	0.0	72.57324	459.3479	0.0	0.0	0.0	0.0	0.0	0.0	170.65868	0.0	0.0	278.00528	0.0	1467.2181	0.0	0.0	0.0	318.209	392.02917	0.0	1023.52094	0.0	338.70306	0.0	0.0	586.92474	665.40875	0.0	1413.1869	0.0	0.0	461.21042	745.5408	0.0	0.0	439.4292	0.0	875.9439	0.0	1264.171	0.0	0.0	0.0	1231.1656	0.0	0.0	0.0	0.0	0.0	161.39919	0.0	0.0	675.4785	0.0	0.0	0.0	0.0	0.0	395.86108	0.0	1030.5992	0.0	0.0	0.0	201.77303	280.7417	0.0	0.0	0.0	1164.5576	63.421864	0.0	0.0	754.7163	99.66015	0.0	0.0	1808.0065	616.7807	0.0	0.0	881.55145	0.0	71.73313	0.0	0.0	334.84024	0.0	0.0	0.0	0.0	1058.8395	1357.3759	0.0	860.17645	137.41212	1167.1556	0.0	1355.0375	1748.8073	211.05681	635.97577	0.0	0.0	0.0	307.41373	945.8798	0.0	0.0	183.84892	670.1157	0.0	0.0	0.0
723.133	0.0	794.63116	0.0	0.0	5.468807	0.0	0.0	0.0	1436.1664	0.0	1777.9081	0.0	0.0	68.117386	488.65784	0.0	0.0	0.0	0.0	0.0	0.0	179.09058	0.0	0.0	299.24387	0.0	1549.8589	0.0	0.0	0.0	334.272	412.91245	0.0	1079.693	0.0	357.09988	0.0	0.0	610.10443	700.4245	0.0	1493.8094	0.0	0.0	492.95154	785.03735	0.0	0.0	470.23056	0.0	925.3657	0.0	1334.4615	0.0	0.0	0.0	1300.0856	0.0	0.0	0.0	0.0	0.0	173.88997	0.0	0.0	717.21893	0.0	0.0	0.0	0.0	0.0	428.6321	0.0	1092.4342	0.0	0.0	0.0	215.67308	289.9531	0.0	0.0	0.0	1228.9874	67.258125	0.0	0.0	800.7242	101.91388	0.0	0.0	1912.8105	653.65656	0.0	0.0	935.4739	0.0	76.59516	0.0	0.0	360.64072	0.0	0.0	0.0	0.0	1119.5787	1433.3379	0.0	904.2264	139.80109	1233.2094	0.0	1431.2906	1839.3014	219.85901	670.7515	0.0	0.0	0.0	324.21536	1000.7249	0.0	0.0	201.30798	704.53046	0.0	0.0	0.0
682.90814	0.0	741.4672	0.0	0.0	5.30722	0.0	0.0	0.0	1332.5096	0.0	1662.6093	0.0	0.0	62.44118	468.41626	0.0	0.0	0.0	0.0	0.0	0.0	167.12924	0.0	0.0	275.0592	0.0	1459.3707	0.0	0.0	0.0	313.39523	389.22238	0.0	1008.32983	0.0	336.67502	0.0	0.0	584.56744	657.52814	0.0	1402.7012	0.0	0.0	450.64868	726.3667	0.0	0.0	444.50864	0.0	855.7194	0.0	1246.5424	0.0	0.0	0.0	1220.7928	0.0	0.0	0.0	0.0	0.0	160.52852	0.0	0.0	681.99585	0.0	0.0	0.0	0.0	0.0	386.54794	0.0	1016.0005	0.0	0.0	0.0	193.58067	279.332	0.0	0.0	0.0	1154.1649	58.423504	0.0	0.0	749.53955	88.23618	0.0	0.0	1792.4989	601.26935	0.0	0.0	873.6683	0.0	75.073784	0.0	0.0	325.88797	0.0	0.0	0.0	0.0	1035.4564	1343.9869	0.0	842.96674	132.95905	1158.0353	0.0	1342.5385	1725.5548	220.16035	630.1966	0.0	0.0	0.0	301.24216	929.5004	0.0	0.0	183.71582	656.0673	0.0	0.0	0.0
698.00555	0.0	758.2702	0.0	0.0	8.16864	0.0	0.0	0.0	1355.5873	0.0	1699.2637	0.0	0.0	63.355206	477.2069	0.0	0.0	0.0	0.0	0.0	0.0	174.3795	0.0	0.0	281.22446	0.0	1490.4047	0.0	0.0	0.0	323.47153	393.16446	0.0	1035.3479	0.0	343.42673	0.0	0.0	605.1801	675.5611	0.0	1434.8544	0.0	0.0	459.5709	745.5703	0.0	0.0	448.74966	0.0	873.1284	0.0	1274.7599	0.0	0.0	0.0	1248.455	0.0	0.0	0.0	0.0	0.0	159.94312	0.0	0.0	698.44965	0.0	0.0	0.0	0.0	0.0	388.2229	0.0	1042.9603	0.0	0.0	0.0	192.82909	289.82712	0.0	0.0	0.0	1180.6288	58.793335	0.0	0.0	758.4065	96.18847	0.0	0.0	1830.787	611.4062	0.0	0.0	895.37726	0.0	79.05837	0.0	0.0	333.1163	0.0	0.0	0.0	0.0	1063.6034	1368.1445	0.0	864.76465	137.90465	1178.907	0.0	1374.5277	1773.3018	220.88762	643.8919	0.0	0.0	0.0	306.07483	952.4891	0.0	0.0	188.14594	669.3222	0.0	0.0	0.0
691.1475	0.0	765.7116	0.0	0.0	7.5707116	0.0	0.0	0.0	1382.8007	0.0	1708.5284	0.0	0.0	75.52563	466.2838	0.0	0.0	0.0	0.0	0.0	0.0	178.38435	0.0	0.0	286.20816	0.0	1487.4689	0.0	0.0	0.0	327.9036	398.118	0.0	1041.1508	0.0	341.67102	0.0	0.0	598.63385	675.95087	0.0	1437.6764	0.0	0.0	469.3754	759.3572	0.0	0.0	440.73453	0.0	892.68805	0.0	1285.1426	0.0	0.0	0.0	1248.1569	0.0	0.0	0.0	0.0	0.0	162.95811	0.0	0.0	685.2535	0.0	0.0	0.0	0.0	0.0	400.12576	0.0	1051.2347	0.0	0.0	0.0	206.43562	288.75708	0.0	0.0	0.0	1184.4364	64.06497	0.0	0.0	767.27075	106.10736	0.0	0.0	1837.4349	624.1726	0.0	0.0	896.7889	0.0	74.89154	0.0	0.0	341.67856	0.0	0.0	0.0	0.0	1081.4908	1376.9603	0.0	877.179	140.30637	1185.4202	0.0	1377.6377	1784.3402	213.50171	647.2604	0.0	0.0	0.0	311.36893	964.5738	0.0	0.0	188.09656	681.25446	0.0	0.0	0.0
676.0768	0.0	741.37524	0.0	0.0	5.9831576	0.0	0.0	0.0	1334.627	0.0	1659.1483	0.0	0.0	67.59324	460.48917	0.0	0.0	0.0	0.0	0.0	0.0	169.28755	0.0	0.0	274.80313	0.0	1451.9025	0.0	0.0	0.0	315.14624	386.78848	0.0	1008.95135	0.0	333.3815	0.0	0.0	583.6911	656.78357	0.0	1398.6146	0.0	0.0	452.6619	730.395	0.0	0.0	435.70126	0.0	860.17255	0.0	1246.4124	0.0	0.0	0.0	1215.3458	0.0	0.0	0.0	0.0	0.0	159.34712	0.0	0.0	673.4433	0.0	0.0	0.0	0.0	0.0	385.3345	0.0	1016.2832	0.0	0.0	0.0	195.98347	279.5382	0.0	0.0	0.0	1149.9413	60.128986	0.0	0.0	745.28516	94.790955	0.0	0.0	1786.0265	601.92145	0.0	0.0	871.8194	0.0	73.43179	0.0	0.0	326.91055	0.0	0.0	0.0	0.0	1039.4374	1338.9619	0.0	845.8779	134.45862	1153.0038	0.0	1339.5443	1727.9801	213.40698	627.9721	0.0	0.0	0.0	301.81772	931.53644	0.0	0.0	182.2834	657.6589	0.0	0.0	0.0
672.6009	0.0	726.29755	0.0	0.0	7.3568387	0.0	0.0	0.0	1301.3125	0.0	1629.681	0.0	0.0	58.01839	464.28915	0.0	0.0	0.0	0.0	0.0	0.0	164.1747	0.0	0.0	269.31094	0.0	1435.5006	0.0	0.0	0.0	308.82242	380.0142	0.0	987.8758	0.0	330.87457	0.0	0.0	578.751	647.72284	0.0	1379.7611	0.0	0.0	439.72318	707.76074	0.0	0.0	437.7738	0.0	836.4866	0.0	1223.1611	0.0	0.0	0.0	1197.9801	0.0	0.0	0.0	0.0	0.0	156.97394	0.0	0.0	675.28424	0.0	0.0	0.0	0.0	0.0	373.47305	0.0	995.2497	0.0	0.0	0.0	187.64424	276.458	0.0	0.0	0.0	1134.4504	55.882877	0.0	0.0	735.00684	83.921745	0.0	0.0	1760.0406	584.3565	0.0	0.0	857.71045	0.0	75.68694	0.0	0.0	315.10196	0.0	0.0	0.0	0.0	1010.4362	1318.3052	0.0	826.0573	129.47307	1137.6627	0.0	1318.6117	1695.3668	220.71608	619.0595	0.0	0.0	0.0	294.8066	910.1455	0.0	0.0	178.40527	641.28094	0.0	0.0	0.0
673.9161	0.0	728.2134	0.0	0.0	6.3377757	0.0	0.0	0.0	1301.8666	0.0	1633.0791	0.0	0.0	56.958393	466.30008	0.0	0.0	0.0	0.0	0.0	0.0	164.50163	0.0	0.0	269.01382	0.0	1438.7477	0.0	0.0	0.0	309.1238	379.98233	0.0	989.36865	0.0	331.27084	0.0	0.0	580.6408	649.62115	0.0	1382.8593	0.0	0.0	440.49063	708.3785	0.0	0.0	439.06528	0.0	837.2559	0.0	1224.7904	0.0	0.0	0.0	1200.204	0.0	0.0	0.0	0.0	0.0	156.78072	0.0	0.0	677.1123	0.0	0.0	0.0	0.0	0.0	372.83334	0.0	996.08	0.0	0.0	0.0	187.33	277.1426	0.0	0.0	0.0	1136.3107	55.791107	0.0	0.0	735.2287	84.28058	0.0	0.0	1763.9398	583.9825	0.0	0.0	859.3112	0.0	75.89674	0.0	0.0	315.13297	0.0	0.0	0.0	0.0	1010.67535	1319.9023	0.0	827.325	129.57826	1139.7178	0.0	1321.3458	1698.2181	221.6801	619.9101	0.0	0.0	0.0	295.50266	911.54706	0.0	0.0	177.96892	642.2827	0.0	0.0	0.0
693.9705	0.0	782.50104	0.0	0.0	9.558543	0.0	0.0	0.0	1415.9136	0.0	1736.4196	0.0	0.0	84.7553	460.2163	0.0	0.0	0.0	0.0	0.0	0.0	181.86414	0.0	0.0	291.22433	0.0	1502.7223	0.0	0.0	0.0	332.7966	405.10205	0.0	1060.2091	0.0	345.76953	0.0	0.0	602.0894	687.3096	0.0	1455.3256	0.0	0.0	481.25806	780.02045	0.0	0.0	439.634	0.0	914.70245	0.0	1307.0382	0.0	0.0	0.0	1264.1724	0.0	0.0	0.0	0.0	0.0	164.93604	0.0	0.0	683.6473	0.0	0.0	0.0	0.0	0.0	412.5499	0.0	1069.48	0.0	0.0	0.0	217.09831	290.8868	0.0	0.0	0.0	1200.4425	69.05296	0.0	0.0	777.8755	116.10224	0.0	0.0	1862.7745	642.31964	0.0	0.0	909.41144	0.0	71.17292	0.0	0.0	352.63046	0.0	0.0	0.0	0.0	1106.9852	1397.9518	0.0	897.1403	143.6711	1201.0209	0.0	1396.0219	1813.7023	208.34277	656.931	0.0	0.0	0.0	319.85892	984.4304	0.0	0.0	188.35449	696.5579	0.0	0.0	0.0
687.6108	0.0	761.9292	0.0	0.0	7.659206	0.0	0.0	0.0	1374.1132	0.0	1701.6803	0.0	0.0	74.2253	463.97046	0.0	0.0	0.0	0.0	0.0	0.0	176.11894	0.0	0.0	283.4966	0.0	1482.3478	0.0	0.0	0.0	325.0607	396.70963	0.0	1036.9602	0.0	340.58923	0.0	0.0	596.6467	671.987	0.0	1430.7373	0.0	0.0	466.54675	755.0229	0.0	0.0	439.21884	0.0	886.63605	0.0	1278.8612	0.0	0.0	0.0	1243.8585	0.0	0.0	0.0	0.0	0.0	162.39607	0.0	0.0	682.31036	0.0	0.0	0.0	0.0	0.0	397.36197	0.0	1045.1018	0.0	0.0	0.0	203.91963	287.56723	0.0	0.0	0.0	1178.2731	63.262867	0.0	0.0	762.7044	104.4739	0.0	0.0	1828.5883	621.34204	0.0	0.0	892.9661	0.0	74.50332	0.0	0.0	339.71936	0.0	0.0	0.0	0.0	1074.9401	1370.9165	0.0	871.5983	139.5059	1179.1898	0.0	1371.7904	1775.373	211.79405	643.0243	0.0	0.0	0.0	310.0424	959.4568	0.0	0.0	187.42548	677.1193	0.0	0.0	0.0
678.51526	0.0	738.4243	0.0	0.0	5.169301	0.0	0.0	0.0	1325.1484	0.0	1655.2393	0.0	0.0	62.72494	467.5935	0.0	0.0	0.0	0.0	0.0	0.0	168.90488	0.0	0.0	274.83273	0.0	1454.0458	0.0	0.0	0.0	315.1609	386.2064	0.0	1004.1801	0.0	333.76657	0.0	0.0	586.9058	656.6346	0.0	1399.7603	0.0	0.0	448.66272	723.0147	0.0	0.0	438.50085	0.0	853.67236	0.0	1242.4857	0.0	0.0	0.0	1213.7899	0.0	0.0	0.0	0.0	0.0	158.78333	0.0	0.0	679.6943	0.0	0.0	0.0	0.0	0.0	379.52417	0.0	1012.68506	0.0	0.0	0.0	193.09758	281.4614	0.0	0.0	0.0	1150.2488	57.998615	0.0	0.0	745.3084	90.17167	0.0	0.0	1785.8309	594.9594	0.0	0.0	870.5398	0.0	75.91755	0.0	0.0	321.94937	0.0	0.0	0.0	0.0	1031.2233	1337.181	0.0	842.43365	133.24371	1153.9603	0.0	1338.2548	1724.4	220.61543	628.40924	0.0	0.0	0.0	300.30463	927.17413	0.0	0.0	181.86967	653.6334	0.0	0.0	0.0
681.87134	0.0	746.636	0.0	0.0	5.902121	0.0	0.0	0.0	1345.9791	0.0	1671.1455	0.0	0.0	68.82322	463.194	0.0	0.0	0.0	0.0	0.0	0.0	169.90941	0.0	0.0	276.37122	0.0	1461.4414	0.0	0.0	0.0	317.50818	389.57895	0.0	1015.0415	0.0	337.31644	0.0	0.0	587.5879	661.81195	0.0	1407.1602	0.0	0.0	454.77832	735.91187	0.0	0.0	439.42175	0.0	865.8598	0.0	1255.4272	0.0	0.0	0.0	1224.5043	0.0	0.0	0.0	0.0	0.0	161.12152	0.0	0.0	678.1785	0.0	0.0	0.0	0.0	0.0	388.14908	0.0	1023.35126	0.0	0.0	0.0	197.31209	282.2582	0.0	0.0	0.0	1159.5067	61.391293	0.0	0.0	750.7341	95.31361	0.0	0.0	1798.3153	607.35925	0.0	0.0	876.582	0.0	73.84613	0.0	0.0	329.51672	0.0	0.0	0.0	0.0	1047.6603	1348.9427	0.0	853.27783	135.1942	1161.5804	0.0	1348.0304	1739.0234	215.14793	633.5976	0.0	0.0	0.0	303.24374	937.7134	0.0	0.0	183.26611	663.4849	0.0	0.0	0.0
671.68896	0.0	722.9597	0.0	0.0	6.415981	0.0	0.0	0.0	1294.0651	0.0	1623.476	0.0	0.0	55.355183	465.423	0.0	0.0	0.0	0.0	0.0	0.0	162.23262	0.0	0.0	267.9817	0.0	1431.0455	0.0	0.0	0.0	306.3167	378.8243	0.0	982.4253	0.0	330.15097	0.0	0.0	575.0876	644.1046	0.0	1374.986	0.0	0.0	438.0991	701.80035	0.0	0.0	439.89578	0.0	831.71533	0.0	1217.4141	0.0	0.0	0.0	1193.9735	0.0	0.0	0.0	0.0	0.0	157.00407	0.0	0.0	675.41284	0.0	0.0	0.0	0.0	0.0	372.51718	0.0	989.86847	0.0	0.0	0.0	186.66243	274.3584	0.0	0.0	0.0	1129.4498	55.572052	0.0	0.0	733.1032	80.551765	0.0	0.0	1753.8553	581.1421	0.0	0.0	854.7605	0.0	75.88707	0.0	0.0	313.6073	0.0	0.0	0.0	0.0	1003.00287	1313.8853	0.0	820.2198	128.15063	1134.0288	0.0	1313.6587	1685.2008	221.54457	616.1343	0.0	0.0	0.0	293.4171	904.8791	0.0	0.0	177.10844	636.82513	0.0	0.0	0.0
683.53204	0.0	751.2142	0.0	0.0	7.1654944	0.0	0.0	0.0	1355.8784	0.0	1680.2567	0.0	0.0	70.230385	461.66418	0.0	0.0	0.0	0.0	0.0	0.0	171.8532	0.0	0.0	278.1703	0.0	1467.3864	0.0	0.0	0.0	318.71826	391.25082	0.0	1022.02094	0.0	338.1435	0.0	0.0	588.489	664.90216	0.0	1413.2543	0.0	0.0	460.09875	743.1479	0.0	0.0	438.8204	0.0	873.533	0.0	1262.3147	0.0	0.0	0.0	1230.0814	0.0	0.0	0.0	0.0	0.0	161.10498	0.0	0.0	676.92737	0.0	0.0	0.0	0.0	0.0	392.82034	0.0	1030.535	0.0	0.0	0.0	199.16322	281.89175	0.0	0.0	0.0	1164.0424	62.32515	0.0	0.0	753.51276	99.1876	0.0	0.0	1806.5111	613.0038	0.0	0.0	881.66583	0.0	72.76721	0.0	0.0	333.1524	0.0	0.0	0.0	0.0	1056.9949	1354.89	0.0	858.57	137.12839	1165.642	0.0	1354.0485	1748.5985	212.45464	635.67084	0.0	0.0	0.0	305.81345	944.7629	0.0	0.0	185.43208	668.2985	0.0	0.0	0.0
689.2876	0.0	760.409	0.0	0.0	7.7248726	0.0	0.0	0.0	1373.7339	0.0	1699.0615	0.0	0.0	73.75398	464.64847	0.0	0.0	0.0	0.0	0.0	0.0	174.99846	0.0	0.0	282.3652	0.0	1481.6136	0.0	0.0	0.0	323.74286	396.00916	0.0	1034.1115	0.0	341.5919	0.0	0.0	594.551	671.92694	0.0	1428.0903	0.0	0.0	465.80408	753.79767	0.0	0.0	440.7207	0.0	885.1922	0.0	1277.6143	0.0	0.0	0.0	1243.0043	0.0	0.0	0.0	0.0	0.0	163.36052	0.0	0.0	682.1351	0.0	0.0	0.0	0.0	0.0	398.56046	0.0	1043.0591	0.0	0.0	0.0	203.713	286.2117	0.0	0.0	0.0	1176.8502	63.696003	0.0	0.0	762.45233	102.74131	0.0	0.0	1826.5269	621.21686	0.0	0.0	890.6946	0.0	73.3544	0.0	0.0	337.8499	0.0	0.0	0.0	0.0	1071.5945	1369.8053	0.0	869.6784	138.80394	1178.6035	0.0	1369.1	1770.0117	213.89046	643.54645	0.0	0.0	0.0	309.22546	957.35297	0.0	0.0	187.23102	677.41986	0.0	0.0	0.0
789.2478	0.0	908.58563	0.0	0.0	31.248482	0.0	0.0	0.0	1632.9633	0.0	1975.142	0.0	0.0	90.791046	543.78705	0.0	0.0	0.0	0.0	0.0	0.0	233.91797	0.0	0.0	375.48007	0.0	1710.7045	0.0	0.0	0.0	411.88333	460.9486	0.0	1198.7059	0.0	400.6362	0.0	0.0	688.5588	813.73145	0.0	1696.3906	0.0	0.0	557.29333	883.51587	0.0	0.0	483.265	0.0	1058.4923	0.0	1504.2552	0.0	0.0	0.0	1407.9761	0.0	0.0	0.0	0.0	0.0	189.02051	0.0	0.0	803.6514	0.0	0.0	0.0	0.0	0.0	476.5287	0.0	1239.2565	0.0	0.0	0.0	286.26846	353.91037	0.0	0.0	0.0	1401.6876	88.54096	0.0	0.0	931.3488	133.24011	0.0	0.0	2166.6296	706.6257	0.0	0.0	1037.8605	0.0	94.264854	0.0	0.0	402.92017	0.0	0.0	0.0	0.0	1266.6543	1596.6595	0.0	1049.3041	145.42741	1409.725	0.0	1591.0518	2111.5059	280.6127	800.3654	0.0	0.0	0.0	374.31168	1150.7379	0.0	0.0	201.22832	807.5002	0.0	0.0	0.0
755.8618	0.0	867.3283	0.0	0.0	25.138773	0.0	0.0	0.0	1552.5787	0.0	1890.0297	0.0	0.0	85.7772	516.9666	0.0	0.0	0.0	0.0	0.0	0.0	221.34523	0.0	0.0	350.4103	0.0	1636.3861	0.0	0.0	0.0	390.9493	439.27872	0.0	1147.9458	0.0	380.8334	0.0	0.0	660.7651	773.2928	0.0	1614.028	0.0	0.0	530.0361	845.7969	0.0	0.0	464.06033	0.0	1009.40753	0.0	1436.2443	0.0	0.0	0.0	1354.63	0.0	0.0	0.0	0.0	0.0	180.34389	0.0	0.0	766.0303	0.0	0.0	0.0	0.0	0.0	451.42993	0.0	1181.1198	0.0	0.0	0.0	263.24515	338.0981	0.0	0.0	0.0	1335.0798	79.61048	0.0	0.0	878.7105	128.79353	0.0	0.0	2062.139	678.5024	0.0	0.0	991.1082	0.0	90.23171	0.0	0.0	385.65933	0.0	0.0	0.0	0.0	1211.6356	1524.4858	0.0	999.2983	141.33952	1336.5775	0.0	1524.0365	2014.5059	257.5488	752.85815	0.0	0.0	0.0	356.4441	1096.821	0.0	0.0	196.2675	768.48584	0.0	0.0	0.0
762.9987	0.0	883.979	0.0	0.0	27.845514	0.0	0.0	0.0	1575.541	0.0	1912.601	0.0	0.0	86.64092	520.04767	0.0	0.0	0.0	0.0	0.0	0.0	226.30147	0.0	0.0	360.90674	0.0	1654.2646	0.0	0.0	0.0	399.428	444.15503	0.0	1162.8556	0.0	387.37024	0.0	0.0	667.7709	789.8465	0.0	1637.2416	0.0	0.0	540.0709	857.87286	0.0	0.0	466.11716	0.0	1025.5127	0.0	1454.9404	0.0	0.0	0.0	1366.4838	0.0	0.0	0.0	0.0	0.0	181.62915	0.0	0.0	775.00024	0.0	0.0	0.0	0.0	0.0	460.13696	0.0	1198.8802	0.0	0.0	0.0	272.7277	343.10535	0.0	0.0	0.0	1354.7075	83.59602	0.0	0.0	893.12274	131.90454	0.0	0.0	2092.4297	685.9666	0.0	0.0	1003.6375	0.0	91.01614	0.0	0.0	391.52347	0.0	0.0	0.0	0.0	1227.8823	1543.1621	0.0	1016.5457	139.04259	1355.9032	0.0	1542.2101	2044.9059	263.32547	768.4512	0.0	0.0	0.0	364.27808	1114.8959	0.0	0.0	193.65211	780.32697	0.0	0.0	0.0
745.1728	0.0	851.33813	0.0	0.0	20.247194	0.0	0.0	0.0	1519.7794	0.0	1855.1771	0.0	0.0	79.995	509.16275	0.0	0.0	0.0	0.0	0.0	0.0	213.94035	0.0	0.0	339.03296	0.0	1610.5698	0.0	0.0	0.0	381.7925	430.08334	0.0	1124.5653	0.0	372.42834	0.0	0.0	650.6911	759.09717	0.0	1584.6104	0.0	0.0	517.4865	825.3762	0.0	0.0	461.9767	0.0	988.40137	0.0	1408.649	0.0	0.0	0.0	1333.411	0.0	0.0	0.0	0.0	0.0	175.60107	0.0	0.0	754.3786	0.0	0.0	0.0	0.0	0.0	438.77927	0.0	1153.528	0.0	0.0	0.0	256.15192	330.69482	0.0	0.0	0.0	1310.692	78.33233	0.0	0.0	860.1857	121.68536	0.0	0.0	2024.2026	664.92206	0.0	0.0	971.8869	0.0	87.83968	0.0	0.0	375.2491	0.0	0.0	0.0	0.0	1181.3467	1498.0088	0.0	979.2469	136.74883	1312.0536	0.0	1497.3373	1971.5648	252.84758	733.26984	0.0	0.0	0.0	351.2955	1072.0306	0.0	0.0	189.38103	752.21796	0.0	0.0	0.0
750.93146	0.0	862.24365	0.0	0.0	22.36905	0.0	0.0	0.0	1542.0118	0.0	1877.4396	0.0	0.0	85.08266	509.62656	0.0	0.0	0.0	0.0	0.0	0.0	217.95595	0.0	0.0	344.95718	0.0	1626.334	0.0	0.0	0.0	387.54675	436.39575	0.0	1140.9159	0.0	375.8718	0.0	0.0	656.96014	766.8501	0.0	1600.5845	0.0	0.0	526.94354	840.11053	0.0	0.0	462.36295	0.0	1004.10596	0.0	1425.9688	0.0	0.0	0.0	1349.803	0.0	0.0	0.0	0.0	0.0	177.2135	0.0	0.0	758.1119	0.0	0.0	0.0	0.0	0.0	446.99573	0.0	1171.3701	0.0	0.0	0.0	260.56543	336.08133	0.0	0.0	0.0	1325.5687	79.674774	0.0	0.0	869.39307	127.77512	0.0	0.0	2047.3392	676.4558	0.0	0.0	982.96844	0.0	88.746155	0.0	0.0	384.07413	0.0	0.0	0.0	0.0	1203.605	1514.6963	0.0	993.3159	140.48003	1325.4242	0.0	1515.7775	1999.0555	250.55151	742.4248	0.0	0.0	0.0	354.5812	1088.639	0.0	0.0	192.71516	763.11835	0.0	0.0	0.0
754.60565	0.0	870.25714	0.0	0.0	25.310862	0.0	0.0	0.0	1553.9316	0.0	1886.4064	0.0	0.0	85.576355	510.87424	0.0	0.0	0.0	0.0	0.0	0.0	221.0384	0.0	0.0	350.25418	0.0	1631.0273	0.0	0.0	0.0	391.93332	437.05453	0.0	1146.6642	0.0	380.27905	0.0	0.0	658.2895	776.4221	0.0	1610.5995	0.0	0.0	531.6851	845.846	0.0	0.0	463.4204	0.0	1012.1441	0.0	1434.9093	0.0	0.0	0.0	1352.7178	0.0	0.0	0.0	0.0	0.0	177.58173	0.0	0.0	761.8538	0.0	0.0	0.0	0.0	0.0	452.3474	0.0	1179.1171	0.0	0.0	0.0	266.03967	337.67892	0.0	0.0	0.0	1335.0529	83.73771	0.0	0.0	876.3628	130.31674	0.0	0.0	2060.7532	680.0554	0.0	0.0	988.15155	0.0	89.356316	0.0	0.0	386.61804	0.0	0.0	0.0	0.0	1211.4769	1522.3263	0.0	1002.04834	138.65091	1335.0753	0.0	1521.9594	2012.1973	254.04817	751.6157	0.0	0.0	0.0	358.77402	1097.1559	0.0	0.0	190.28279	770.0732	0.0	0.0	0.0
751.8452	0.0	863.05426	0.0	0.0	23.383392	0.0	0.0	0.0	1538.9952	0.0	1876.7701	0.0	0.0	82.25933	512.643	0.0	0.0	0.0	0.0	0.0	0.0	218.7282	0.0	0.0	346.4371	0.0	1625.9922	0.0	0.0	0.0	388.12637	434.92737	0.0	1139.3239	0.0	377.4976	0.0	0.0	657.6121	769.46136	0.0	1602.8856	0.0	0.0	525.4577	837.19806	0.0	0.0	462.4127	0.0	1001.9843	0.0	1425.2269	0.0	0.0	0.0	1346.2949	0.0	0.0	0.0	0.0	0.0	177.02934	0.0	0.0	761.4697	0.0	0.0	0.0	0.0	0.0	445.45813	0.0	1170.1958	0.0	0.0	0.0	260.00223	335.37198	0.0	0.0	0.0	1326.0704	79.0108	0.0	0.0	871.1162	125.52667	0.0	0.0	2047.4977	672.8453	0.0	0.0	983.2468	0.0	89.58231	0.0	0.0	380.89658	0.0	0.0	0.0	0.0	1199.2533	1513.5856	0.0	992.2508	138.31342	1326.3971	0.0	1513.1432	1998.9535	255.21568	745.12885	0.0	0.0	0.0	355.8788	1088.4175	0.0	0.0	191.63051	762.08575	0.0	0.0	0.0
767.9006	0.0	889.98096	0.0	0.0	30.09874	0.0	0.0	0.0	1585.5819	0.0	1923.9438	0.0	0.0	86.83786	520.34015	0.0	0.0	0.0	0.0	0.0	0.0	228.68477	0.0	0.0	364.0326	0.0	1660.8829	0.0	0.0	0.0	402.5214	445.97714	0.0	1171.8837	0.0	389.71207	0.0	0.0	670.0097	794.93475	0.0	1644.7886	0.0	0.0	543.5817	865.20807	0.0	0.0	467.78467	0.0	1032.6359	0.0	1464.105	0.0	0.0	0.0	1375.1215	0.0	0.0	0.0	0.0	0.0	181.6215	0.0	0.0	779.0342	0.0	0.0	0.0	0.0	0.0	464.1802	0.0	1207.5428	0.0	0.0	0.0	273.04324	345.44077	0.0	0.0	0.0	1363.67	86.07551	0.0	0.0	898.33405	133.62209	0.0	0.0	2104.5042	691.7281	0.0	0.0	1009.36646	0.0	92.699745	0.0	0.0	396.48892	0.0	0.0	0.0	0.0	1239.1527	1550.5748	0.0	1024.1489	138.83418	1362.8857	0.0	1550.8291	2058.6162	261.95618	774.0075	0.0	0.0	0.0	366.64352	1123.5914	0.0	0.0	193.61646	786.2347	0.0	0.0	0.0
755.1755	0.0	870.53595	0.0	0.0	24.163187	0.0	0.0	0.0	1552.2407	0.0	1886.9507	0.0	0.0	84.933014	513.5594	0.0	0.0	0.0	0.0	0.0	0.0	220.42119	0.0	0.0	350.47238	0.0	1633.1796	0.0	0.0	0.0	391.0028	438.7559	0.0	1146.145	0.0	381.10022	0.0	0.0	659.4409	775.22345	0.0	1611.4985	0.0	0.0	531.2225	844.70557	0.0	0.0	464.82413	0.0	1010.2434	0.0	1434.4879	0.0	0.0	0.0	1354.1368	0.0	0.0	0.0	0.0	0.0	178.78545	0.0	0.0	764.26447	0.0	0.0	0.0	0.0	0.0	451.8999	0.0	1179.1052	0.0	0.0	0.0	265.79648	337.74643	0.0	0.0	0.0	1335.451	81.28039	0.0	0.0	877.43195	127.86918	0.0	0.0	2061.4412	679.77655	0.0	0.0	988.51764	0.0	89.82162	0.0	0.0	385.887	0.0	0.0	0.0	0.0	1209.7543	1523.9443	0.0	1000.4543	138.66357	1335.4713	0.0	1522.963	2012.0126	256.11227	751.3212	0.0	0.0	0.0	358.09448	1096.9398	0.0	0.0	190.90038	767.72144	0.0	0.0	0.0
755.62354	0.0	873.90137	0.0	0.0	25.136871	0.0	0.0	0.0	1556.9493	0.0	1891.924	0.0	0.0	84.67162	515.3475	0.0	0.0	0.0	0.0	0.0	0.0	221.7934	0.0	0.0	354.68808	0.0	1637.1139	0.0	0.0	0.0	393.27896	439.63998	0.0	1149.5557	0.0	382.25662	0.0	0.0	660.70703	780.0085	0.0	1618.5311	0.0	0.0	533.1716	846.7858	0.0	0.0	464.629	0.0	1012.88617	0.0	1437.8651	0.0	0.0	0.0	1354.4818	0.0	0.0	0.0	0.0	0.0	178.72388	0.0	0.0	767.43524	0.0	0.0	0.0	0.0	0.0	454.34628	0.0	1183.1154	0.0	0.0	0.0	269.51086	338.6639	0.0	0.0	0.0	1339.6754	81.65891	0.0	0.0	882.2647	128.55348	0.0	0.0	2070.1072	679.6114	0.0	0.0	992.0778	0.0	89.93148	0.0	0.0	387.48044	0.0	0.0	0.0	0.0	1211.7977	1527.6786	0.0	1004.38184	137.18614	1341.6104	0.0	1526.9293	2018.6807	259.27838	757.46045	0.0	0.0	0.0	360.0669	1100.1176	0.0	0.0	190.12018	771.01434	0.0	0.0	0.0
759.3106	0.0	871.87305	0.0	0.0	24.620089	0.0	0.0	0.0	1551.3907	0.0	1895.5184	0.0	0.0	79.5783	517.2425	0.0	0.0	0.0	0.0	0.0	0.0	219.65973	0.0	0.0	351.06137	0.0	1642.2574	0.0	0.0	0.0	390.1052	439.0853	0.0	1151.3694	0.0	382.5491	0.0	0.0	661.5747	777.6082	0.0	1617.5433	0.0	0.0	532.218	846.51117	0.0	0.0	468.43332	0.0	1008.49396	0.0	1437.6904	0.0	0.0	0.0	1360.0487	0.0	0.0	0.0	0.0	0.0	178.58215	0.0	0.0	769.59454	0.0	0.0	0.0	0.0	0.0	453.33594	0.0	1183.4414	0.0	0.0	0.0	262.28638	336.14352	0.0	0.0	0.0	1338.1825	78.99568	0.0	0.0	878.8738	127.14435	0.0	0.0	2068.4385	680.0901	0.0	0.0	994.68335	0.0	89.80029	0.0	0.0	387.3525	0.0	0.0	0.0	0.0	1211.3798	1526.3906	0.0	999.5029	137.90038	1337.3634	0.0	1527.333	2014.9647	256.8911	752.70135	0.0	0.0	0.0	359.02063	1099.0198	0.0	0.0	194.66418	767.9058	0.0	0.0	0.0
763.68555	0.0	882.1023	0.0	0.0	27.930544	0.0	0.0	0.0	1572.1852	0.0	1913.8021	0.0	0.0	84.98746	522.2573	0.0	0.0	0.0	0.0	0.0	0.0	225.23286	0.0	0.0	359.12106	0.0	1655.869	0.0	0.0	0.0	396.7771	444.92722	0.0	1163.996	0.0	388.1808	0.0	0.0	668.05865	788.0112	0.0	1637.0135	0.0	0.0	539.46893	857.4677	0.0	0.0	468.41794	0.0	1021.5612	0.0	1454.1797	0.0	0.0	0.0	1368.517	0.0	0.0	0.0	0.0	0.0	181.31892	0.0	0.0	776.7451	0.0	0.0	0.0	0.0	0.0	459.46463	0.0	1198.1875	0.0	0.0	0.0	270.5048	342.3881	0.0	0.0	0.0	1354.1313	80.86205	0.0	0.0	892.29834	130.83867	0.0	0.0	2092.01	686.0324	0.0	0.0	1004.5975	0.0	90.91803	0.0	0.0	391.48215	0.0	0.0	0.0	0.0	1226.4738	1541.9103	0.0	1013.81055	139.5707	1355.3394	0.0	1542.1246	2041.8208	263.43997	767.4819	0.0	0.0	0.0	362.85132	1113.347	0.0	0.0	194.16315	778.38055	0.0	0.0	0.0
763.7578	0.0	883.8901	0.0	0.0	28.385452	0.0	0.0	0.0	1578.3903	0.0	1915.1802	0.0	0.0	88.2313	518.8287	0.0	0.0	0.0	0.0	0.0	0.0	226.49585	0.0	0.0	360.75342	0.0	1654.6263	0.0	0.0	0.0	399.09482	445.03598	0.0	1165.0956	0.0	387.00815	0.0	0.0	667.6997	788.7705	0.0	1636.4401	0.0	0.0	541.5601	860.9655	0.0	0.0	465.8054	0.0	1027.6664	0.0	1457.4844	0.0	0.0	0.0	1370.5941	0.0	0.0	0.0	0.0	0.0	181.88843	0.0	0.0	773.9207	0.0	0.0	0.0	0.0	0.0	461.70804	0.0	1201.0997	0.0	0.0	0.0	272.243	343.66223	0.0	0.0	0.0	1356.0612	84.55241	0.0	0.0	893.0745	133.27425	0.0	0.0	2093.819	689.62646	0.0	0.0	1004.18823	0.0	91.3371	0.0	0.0	393.37497	0.0	0.0	0.0	0.0	1233.187	1544.4955	0.0	1018.5734	140.36406	1356.6508	0.0	1544.076	2047.0449	260.67813	768.64874	0.0	0.0	0.0	363.70566	1117.9752	0.0	0.0	194.55275	782.3615	0.0	0.0	0.0
797.08856	0.0	941.7415	0.0	0.0	40.627415	0.0	0.0	0.0	1688.7743	0.0	2025.25	0.0	0.0	103.80725	533.97784	0.0	0.0	0.0	0.0	0.0	0.0	247.57054	0.0	0.0	389.74878	0.0	1738.5044	0.0	0.0	0.0	429.37442	469.00882	0.0	1238.1666	0.0	411.3551	0.0	0.0	703.74896	843.8449	0.0	1733.3864	0.0	0.0	580.1424	925.416	0.0	0.0	475.83237	0.0	1097.7875	0.0	1545.8871	0.0	0.0	0.0	1437.8022	0.0	0.0	0.0	0.0	0.0	190.0481	0.0	0.0	807.2027	0.0	0.0	0.0	0.0	0.0	496.56094	0.0	1279.8647	0.0	0.0	0.0	300.76028	365.51465	0.0	0.0	0.0	1438.2408	101.57603	0.0	0.0	946.47186	156.27193	0.0	0.0	2217.697	733.15546	0.0	0.0	1065.2025	0.0	92.40631	0.0	0.0	423.65134	0.0	0.0	0.0	0.0	1321.4263	1631.0859	0.0	1091.3955	151.89394	1437.0297	0.0	1629.4131	2181.6375	271.5099	826.1917	0.0	0.0	0.0	387.70132	1192.3804	0.0	0.0	202.24547	836.91016	0.0	0.0	0.0
772.32587	0.0	897.91974	0.0	0.0	32.083828	0.0	0.0	0.0	1602.1895	0.0	1943.1855	0.0	0.0	89.73007	525.7939	0.0	0.0	0.0	0.0	0.0	0.0	231.20923	0.0	0.0	369.43094	0.0	1676.3893	0.0	0.0	0.0	406.08206	451.4296	0.0	1183.961	0.0	394.15015	0.0	0.0	676.0171	802.5601	0.0	1662.669	0.0	0.0	551.1133	875.67255	0.0	0.0	469.42923	0.0	1041.2104	0.0	1477.3419	0.0	0.0	0.0	1385.6061	0.0	0.0	0.0	0.0	0.0	184.0348	0.0	0.0	785.0882	0.0	0.0	0.0	0.0	0.0	470.87622	0.0	1220.701	0.0	0.0	0.0	278.83524	348.4628	0.0	0.0	0.0	1375.65	86.07891	0.0	0.0	908.2879	137.79897	0.0	0.0	2125.8503	697.7683	0.0	0.0	1020.73486	0.0	91.73371	0.0	0.0	400.6411	0.0	0.0	0.0	0.0	1251.9996	1564.7726	0.0	1033.451	142.29723	1376.8488	0.0	1565.4877	2079.095	266.4849	784.86554	0.0	0.0	0.0	369.37662	1134.6256	0.0	0.0	196.78972	793.5058	0.0	0.0	0.0
759.9235	0.0	876.8025	0.0	0.0	26.111952	0.0	0.0	0.0	1566.4469	0.0	1903.4098	0.0	0.0	87.30245	518.13007	0.0	0.0	0.0	0.0	0.0	0.0	224.55322	0.0	0.0	356.6212	0.0	1644.6803	0.0	0.0	0.0	395.8934	443.0266	0.0	1157.7325	0.0	384.39844	0.0	0.0	664.4551	780.03955	0.0	1625.5072	0.0	0.0	536.5957	854.12054	0.0	0.0	464.93198	0.0	1019.6672	0.0	1447.3214	0.0	0.0	0.0	1362.9183	0.0	0.0	0.0	0.0	0.0	181.27516	0.0	0.0	770.12445	0.0	0.0	0.0	0.0	0.0	456.92282	0.0	1192.8588	0.0	0.0	0.0	268.66232	341.90625	0.0	0.0	0.0	1346.2758	82.184044	0.0	0.0	886.4177	131.96626	0.0	0.0	2079.113	684.55273	0.0	0.0	998.05206	0.0	91.89689	0.0	0.0	391.31064	0.0	0.0	0.0	0.0	1225.0895	1535.1763	0.0	1010.149	141.12373	1346.7219	0.0	1535.6547	2032.9746	258.36884	760.7093	0.0	0.0	0.0	359.8878	1108.7792	0.0	0.0	195.23308	775.3892	0.0	0.0	0.0
768.4533	0.0	888.42	0.0	0.0	28.873335	0.0	0.0	0.0	1586.1068	0.0	1927.1542	0.0	0.0	89.39844	524.63824	0.0	0.0	0.0	0.0	0.0	0.0	228.13881	0.0	0.0	362.29654	0.0	1664.602	0.0	0.0	0.0	400.0834	448.77	0.0	1173.0175	0.0	390.5626	0.0	0.0	672.8183	791.63745	0.0	1646.5582	0.0	0.0	543.2559	866.3924	0.0	0.0	469.02103	0.0	1030.7037	0.0	1465.3901	0.0	0.0	0.0	1378.7611	0.0	0.0	0.0	0.0	0.0	183.22691	0.0	0.0	780.6594	0.0	0.0	0.0	0.0	0.0	464.0543	0.0	1209.2051	0.0	0.0	0.0	272.3689	345.72195	0.0	0.0	0.0	1364.1927	83.41575	0.0	0.0	898.00397	134.60017	0.0	0.0	2105.6797	692.89825	0.0	0.0	1011.2788	0.0	92.13389	0.0	0.0	396.38208	0.0	0.0	0.0	0.0	1241.1532	1552.8529	0.0	1022.5544	143.30617	1363.4058	0.0	1553.2539	2059.8335	263.61673	773.9262	0.0	0.0	0.0	363.9961	1123.1653	0.0	0.0	198.32304	785.1674	0.0	0.0	0.0
773.7531	0.0	898.226	0.0	0.0	33.056004	0.0	0.0	0.0	1611.4225	0.0	1946.4785	0.0	0.0	91.81833	529.0956	0.0	0.0	0.0	0.0	0.0	0.0	232.61804	0.0	0.0	372.23364	0.0	1680.9565	0.0	0.0	0.0	407.83313	453.91272	0.0	1184.3433	0.0	395.42517	0.0	0.0	678.31885	803.24005	0.0	1668.8339	0.0	0.0	551.4285	875.4155	0.0	0.0	469.64084	0.0	1045.4518	0.0	1482.4073	0.0	0.0	0.0	1386.038	0.0	0.0	0.0	0.0	0.0	185.48232	0.0	0.0	787.18536	0.0	0.0	0.0	0.0	0.0	471.7905	0.0	1224.3438	0.0	0.0	0.0	282.44925	349.1879	0.0	0.0	0.0	1380.9154	88.39504	0.0	0.0	914.7456	136.65666	0.0	0.0	2132.6675	698.40753	0.0	0.0	1022.69354	0.0	92.4576	0.0	0.0	400.4125	0.0	0.0	0.0	0.0	1254.8809	1571.0934	0.0	1036.8955	144.28044	1385.104	0.0	1567.3325	2085.4807	271.01956	789.991	0.0	0.0	0.0	369.25766	1137.3638	0.0	0.0	198.57353	797.3559	0.0	0.0	0.0
765.7336	0.0	888.3581	0.0	0.0	29.481613	0.0	0.0	0.0	1582.1923	0.0	1920.3688	0.0	0.0	86.83163	520.06024	0.0	0.0	0.0	0.0	0.0	0.0	226.53505	0.0	0.0	363.15967	0.0	1659.4698	0.0	0.0	0.0	400.91055	446.6542	0.0	1168.4419	0.0	388.7919	0.0	0.0	669.02954	793.8801	0.0	1642.8348	0.0	0.0	542.52106	862.7539	0.0	0.0	468.07034	0.0	1028.429	0.0	1459.377	0.0	0.0	0.0	1372.3828	0.0	0.0	0.0	0.0	0.0	180.65265	0.0	0.0	777.2392	0.0	0.0	0.0	0.0	0.0	463.3226	0.0	1204.5253	0.0	0.0	0.0	274.63898	343.26822	0.0	0.0	0.0	1360.2328	84.2803	0.0	0.0	896.2762	132.82765	0.0	0.0	2101.404	690.2635	0.0	0.0	1007.8737	0.0	90.490456	0.0	0.0	394.62057	0.0	0.0	0.0	0.0	1234.0721	1548.7894	0.0	1021.0508	138.88727	1360.9312	0.0	1548.2145	2051.8015	263.40323	771.91144	0.0	0.0	0.0	365.91455	1118.7948	0.0	0.0	192.88557	783.03986	0.0	0.0	0.0
764.2202	0.0	884.5289	0.0	0.0	28.717392	0.0	0.0	0.0	1576.6783	0.0	1916.3765	0.0	0.0	85.25096	520.26416	0.0	0.0	0.0	0.0	0.0	0.0	226.4814	0.0	0.0	361.89282	0.0	1656.9603	0.0	0.0	0.0	399.58926	445.41922	0.0	1166.7701	0.0	387.652	0.0	0.0	668.49445	789.9174	0.0	1639.5592	0.0	0.0	540.6871	859.85645	0.0	0.0	466.50674	0.0	1025.7223	0.0	1456.6198	0.0	0.0	0.0	1369.7399	0.0	0.0	0.0	0.0	0.0	180.73189	0.0	0.0	776.5415	0.0	0.0	0.0	0.0	0.0	460.96707	0.0	1201.7931	0.0	0.0	0.0	271.62698	343.49258	0.0	0.0	0.0	1356.5939	82.54764	0.0	0.0	894.4929	132.04887	0.0	0.0	2095.7808	687.8698	0.0	0.0	1005.7563	0.0	91.52718	0.0	0.0	393.57602	0.0	0.0	0.0	0.0	1231.3129	1544.7225	0.0	1017.5359	139.71533	1357.0713	0.0	1544.9824	2048.3162	261.81387	769.4196	0.0	0.0	0.0	364.49747	1116.4462	0.0	0.0	194.66972	780.9759	0.0	0.0	0.0
787.49335	0.0	924.42334	0.0	0.0	36.62774	0.0	0.0	0.0	1652.8159	0.0	1989.8805	0.0	0.0	97.20194	532.0854	0.0	0.0	0.0	0.0	0.0	0.0	241.46863	0.0	0.0	382.1145	0.0	1713.4347	0.0	0.0	0.0	421.02023	461.8369	0.0	1213.871	0.0	404.7277	0.0	0.0	693.9489	828.73615	0.0	1706.4489	0.0	0.0	566.2848	902.0052	0.0	0.0	473.74026	0.0	1074.0135	0.0	1517.6063	0.0	0.0	0.0	1414.1464	0.0	0.0	0.0	0.0	0.0	187.14131	0.0	0.0	800.071	0.0	0.0	0.0	0.0	0.0	483.3838	0.0	1253.8634	0.0	0.0	0.0	292.713	358.88733	0.0	0.0	0.0	1414.0524	94.57009	0.0	0.0	932.14746	146.90875	0.0	0.0	2180.7556	715.8818	0.0	0.0	1046.2914	0.0	92.21124	0.0	0.0	411.08813	0.0	0.0	0.0	0.0	1289.2897	1604.4186	0.0	1068.5496	147.279	1414.9269	0.0	1602.284	2140.5676	273.7893	810.4702	0.0	0.0	0.0	381.0189	1167.557	0.0	0.0	197.67494	818.6609	0.0	0.0	0.0
764.07056	0.0	881.73047	0.0	0.0	26.96314	0.0	0.0	0.0	1574.5908	0.0	1913.2515	0.0	0.0	86.39957	520.96124	0.0	0.0	0.0	0.0	0.0	0.0	224.84778	0.0	0.0	359.08878	0.0	1654.819	0.0	0.0	0.0	397.51584	445.81436	0.0	1163.1073	0.0	386.0217	0.0	0.0	666.6098	786.28644	0.0	1635.4994	0.0	0.0	539.46106	857.73895	0.0	0.0	468.87976	0.0	1023.86597	0.0	1453.437	0.0	0.0	0.0	1369.1611	0.0	0.0	0.0	0.0	0.0	181.02655	0.0	0.0	774.6509	0.0	0.0	0.0	0.0	0.0	460.01456	0.0	1198.2162	0.0	0.0	0.0	271.40024	342.01978	0.0	0.0	0.0	1353.7677	82.732155	0.0	0.0	893.03436	131.18346	0.0	0.0	2091.9192	687.83624	0.0	0.0	1003.3802	0.0	91.090546	0.0	0.0	392.5393	0.0	0.0	0.0	0.0	1228.8092	1543.6915	0.0	1014.8674	140.25154	1355.4299	0.0	1542.9808	2041.5078	262.19925	766.0967	0.0	0.0	0.0	362.6516	1112.9165	0.0	0.0	194.53546	779.6404	0.0	0.0	0.0
744.55756	0.0	851.92365	0.0	0.0	21.205866	0.0	0.0	0.0	1517.6611	0.0	1855.951	0.0	0.0	79.36291	509.32153	0.0	0.0	0.0	0.0	0.0	0.0	214.35913	0.0	0.0	341.03244	0.0	1610.6914	0.0	0.0	0.0	381.1169	430.5955	0.0	1126.4663	0.0	372.4619	0.0	0.0	650.40814	759.512	0.0	1585.25	0.0	0.0	519.1062	826.4406	0.0	0.0	460.69968	0.0	986.7798	0.0	1407.6847	0.0	0.0	0.0	1333.3998	0.0	0.0	0.0	0.0	0.0	174.74713	0.0	0.0	754.60767	0.0	0.0	0.0	0.0	0.0	439.94177	0.0	1155.4391	0.0	0.0	0.0	256.04514	330.09625	0.0	0.0	0.0	1310.0424	76.56899	0.0	0.0	860.3862	122.91796	0.0	0.0	2025.777	664.3017	0.0	0.0	973.21014	0.0	88.27024	0.0	0.0	375.9614	0.0	0.0	0.0	0.0	1182.6357	1496.3712	0.0	978.1657	136.80849	1311.4716	0.0	1497.5817	1972.1719	253.54051	734.32666	0.0	0.0	0.0	350.41275	1073.013	0.0	0.0	189.6209	751.3654	0.0	0.0	0.0
753.71967	0.0	871.082	0.0	0.0	25.4439	0.0	0.0	0.0	1553.0348	0.0	1886.1074	0.0	0.0	85.726166	510.10513	0.0	0.0	0.0	0.0	0.0	0.0	221.7207	0.0	0.0	352.16373	0.0	1630.9624	0.0	0.0	0.0	392.3939	437.95554	0.0	1146.5123	0.0	380.21658	0.0	0.0	658.1657	776.60736	0.0	1610.3115	0.0	0.0	531.5972	846.48895	0.0	0.0	461.82053	0.0	1011.6132	0.0	1433.6652	0.0	0.0	0.0	1352.0844	0.0	0.0	0.0	0.0	0.0	177.657	0.0	0.0	762.12787	0.0	0.0	0.0	0.0	0.0	452.73508	0.0	1179.9398	0.0	0.0	0.0	266.63504	337.99487	0.0	0.0	0.0	1335.32	82.80292	0.0	0.0	876.83527	130.23714	0.0	0.0	2060.9873	679.5425	0.0	0.0	988.0384	0.0	89.50286	0.0	0.0	386.84335	0.0	0.0	0.0	0.0	1212.0988	1521.8939	0.0	1002.31146	137.78247	1334.4774	0.0	1521.8344	2013.1019	255.0418	752.5584	0.0	0.0	0.0	358.68433	1098.2357	0.0	0.0	190.1051	769.0652	0.0	0.0	0.0
744.68726	0.0	847.54376	0.0	0.0	20.004679	0.0	0.0	0.0	1517.8774	0.0	1850.6025	0.0	0.0	82.54207	507.9819	0.0	0.0	0.0	0.0	0.0	0.0	213.35999	0.0	0.0	337.2054	0.0	1606.792	0.0	0.0	0.0	379.56625	430.1714	0.0	1123.1444	0.0	372.77682	0.0	0.0	650.4541	755.4546	0.0	1579.099	0.0	0.0	516.5776	823.85516	0.0	0.0	462.16577	0.0	986.64746	0.0	1405.5953	0.0	0.0	0.0	1333.2496	0.0	0.0	0.0	0.0	0.0	175.81047	0.0	0.0	751.6787	0.0	0.0	0.0	0.0	0.0	438.4994	0.0	1152.3375	0.0	0.0	0.0	252.92792	330.37393	0.0	0.0	0.0	1308.2435	77.7671	0.0	0.0	856.7534	121.50562	0.0	0.0	2018.3073	665.1503	0.0	0.0	969.65875	0.0	88.69157	0.0	0.0	375.12814	0.0	0.0	0.0	0.0	1181.8383	1495.0558	0.0	975.2697	139.40067	1308.8091	0.0	1493.9473	1967.2513	251.00407	731.0461	0.0	0.0	0.0	347.7251	1070.6006	0.0	0.0	191.24074	750.8597	0.0	0.0	0.0
886.3074	0.0	1017.0861	0.0	0.0	40.61938	0.0	0.0	0.0	1830.2826	0.0	2253.876	0.0	0.0	132.12427	561.814	0.0	0.0	0.0	0.0	0.0	0.0	253.53722	0.0	0.0	372.84708	0.0	1916.3763	0.0	0.0	0.0	446.5591	509.04382	0.0	1406.4136	0.0	444.23856	0.0	0.0	799.01337	892.47974	0.0	1868.0834	0.0	0.0	621.2058	1047.9459	0.0	0.0	530.27515	0.0	1191.6028	0.0	1698.6251	0.0	0.0	0.0	1642.4849	0.0	0.0	0.0	0.0	0.0	198.08258	0.0	0.0	866.32184	0.0	0.0	0.0	0.0	0.0	519.8354	0.0	1412.526	0.0	0.0	0.0	260.32507	394.48264	0.0	0.0	0.0	1553.3573	91.26941	0.0	0.0	970.37714	193.69106	0.0	0.0	2387.5994	844.375	0.0	0.0	1183.9071	0.0	93.9228	0.0	0.0	474.47202	0.0	0.0	0.0	0.0	1489.6943	1783.2301	0.0	1180.8312	203.1642	1517.4781	0.0	1813.0651	2394.5588	219.80469	841.5328	0.0	0.0	0.0	404.8918	1293.7695	0.0	0.0	252.23273	904.89886	0.0	0.0	0.0
832.45703	0.0	943.8047	0.0	0.0	34.818516	0.0	0.0	0.0	1691.0013	0.0	2096.5833	0.0	0.0	113.82035	531.1766	0.0	0.0	0.0	0.0	0.0	0.0	230.11238	0.0	0.0	343.04733	0.0	1789.1768	0.0	0.0	0.0	409.69214	472.6611	0.0	1305.3447	0.0	417.10635	0.0	0.0	745.8503	830.7554	0.0	1738.5441	0.0	0.0	572.58466	965.8814	0.0	0.0	505.4712	0.0	1097.116	0.0	1576.8182	0.0	0.0	0.0	1532.7748	0.0	0.0	0.0	0.0	0.0	184.80232	0.0	0.0	817.05835	0.0	0.0	0.0	0.0	0.0	481.37643	0.0	1308.4996	0.0	0.0	0.0	234.66325	364.6785	0.0	0.0	0.0	1444.8837	81.302765	0.0	0.0	901.0322	169.7	0.0	0.0	2221.8123	780.967	0.0	0.0	1102.0472	0.0	89.7059	0.0	0.0	437.58484	0.0	0.0	0.0	0.0	1372.6036	1659.6688	0.0	1089.3506	186.31606	1412.1029	0.0	1687.4761	2217.8528	210.52557	782.03754	0.0	0.0	0.0	374.85742	1195.5228	0.0	0.0	234.97359	835.8879	0.0	0.0	0.0
862.8017	0.0	990.6038	0.0	0.0	36.817856	0.0	0.0	0.0	1781.9398	0.0	2194.6328	0.0	0.0	123.78101	552.10284	0.0	0.0	0.0	0.0	0.0	0.0	246.17064	0.0	0.0	364.9673	0.0	1870.5619	0.0	0.0	0.0	434.9004	497.50525	0.0	1364.2603	0.0	431.56155	0.0	0.0	776.05817	868.86597	0.0	1822.5004	0.0	0.0	606.51666	1014.85864	0.0	0.0	520.1871	0.0	1161.3575	0.0	1654.0063	0.0	0.0	0.0	1598.4302	0.0	0.0	0.0	0.0	0.0	195.03662	0.0	0.0	846.97955	0.0	0.0	0.0	0.0	0.0	507.05478	0.0	1371.9077	0.0	0.0	0.0	257.77567	383.76065	0.0	0.0	0.0	1513.0787	89.166725	0.0	0.0	950.60626	183.12402	0.0	0.0	2330.515	818.2752	0.0	0.0	1152.4277	0.0	91.77178	0.0	0.0	461.32202	0.0	0.0	0.0	0.0	1442.4432	1738.9152	0.0	1148.7406	194.23248	1483.0851	0.0	1767.0043	2327.0806	219.68156	821.6086	0.0	0.0	0.0	396.59146	1258.436	0.0	0.0	244.60767	881.8935	0.0	0.0	0.0
730.7365	0.0	805.38995	0.0	0.0	11.254725	0.0	0.0	0.0	1443.1986	0.0	1798.1361	0.0	0.0	73.13711	498.10526	0.0	0.0	0.0	0.0	0.0	0.0	189.02563	0.0	0.0	300.6077	0.0	1571.4434	0.0	0.0	0.0	347.53867	416.15674	0.0	1096.1014	0.0	359.87326	0.0	0.0	639.0366	715.2246	0.0	1518.3276	0.0	0.0	489.93893	794.0859	0.0	0.0	465.1525	0.0	932.73566	0.0	1351.0048	0.0	0.0	0.0	1315.6772	0.0	0.0	0.0	0.0	0.0	168.46098	0.0	0.0	730.4546	0.0	0.0	0.0	0.0	0.0	411.29556	0.0	1104.9508	0.0	0.0	0.0	211.7942	310.00082	0.0	0.0	0.0	1249.5374	65.33045	0.0	0.0	805.1306	109.294495	0.0	0.0	1937.996	648.39874	0.0	0.0	945.5706	0.0	81.84527	0.0	0.0	354.99088	0.0	0.0	0.0	0.0	1131.8983	1446.3883	0.0	922.0596	146.41939	1248.7477	0.0	1454.4395	1882.6993	229.4677	682.6084	0.0	0.0	0.0	327.0209	1013.8164	0.0	0.0	196.6569	713.26245	0.0	0.0	0.0
758.09064	0.0	832.8464	0.0	0.0	8.071087	0.0	0.0	0.0	1491.1168	0.0	1863.5527	0.0	0.0	66.01393	521.3306	0.0	0.0	0.0	0.0	0.0	0.0	192.65923	0.0	0.0	314.772	0.0	1629.3527	0.0	0.0	0.0	356.09958	432.23245	0.0	1131.7206	0.0	372.32797	0.0	0.0	652.0711	736.3046	0.0	1573.2474	0.0	0.0	512.351	817.5046	0.0	0.0	489.4458	0.0	963.6718	0.0	1396.1476	0.0	0.0	0.0	1361.6786	0.0	0.0	0.0	0.0	0.0	177.89433	0.0	0.0	760.85114	0.0	0.0	0.0	0.0	0.0	433.5153	0.0	1144.2455	0.0	0.0	0.0	220.73859	313.375	0.0	0.0	0.0	1290.8358	66.82943	0.0	0.0	837.9864	107.00626	0.0	0.0	2009.2474	672.2701	0.0	0.0	981.8525	0.0	85.286316	0.0	0.0	372.77588	0.0	0.0	0.0	0.0	1167.9176	1498.2821	0.0	948.1802	146.42796	1293.1102	0.0	1505.9264	1937.6329	237.61401	705.5367	0.0	0.0	0.0	338.97836	1047.7618	0.0	0.0	207.83539	734.53864	0.0	0.0	0.0
841.94574	0.0	974.78033	0.0	0.0	37.056126	0.0	0.0	0.0	1750.5697	0.0	2152.4167	0.0	0.0	122.637024	539.49994	0.0	0.0	0.0	0.0	0.0	0.0	244.40443	0.0	0.0	360.8705	0.0	1831.558	0.0	0.0	0.0	429.06235	488.0283	0.0	1336.5201	0.0	422.3818	0.0	0.0	758.16437	853.1347	0.0	1787.2495	0.0	0.0	597.61816	997.51685	0.0	0.0	505.03198	0.0	1142.3822	0.0	1622.6343	0.0	0.0	0.0	1563.9271	0.0	0.0	0.0	0.0	0.0	192.04285	0.0	0.0	827.8497	0.0	0.0	0.0	0.0	0.0	499.25974	0.0	1345.7606	0.0	0.0	0.0	257.84683	376.91223	0.0	0.0	0.0	1484.7797	89.16556	0.0	0.0	934.311	182.26842	0.0	0.0	2286.2166	802.3965	0.0	0.0	1129.3153	0.0	88.73098	0.0	0.0	454.59546	0.0	0.0	0.0	0.0	1415.9713	1704.2386	0.0	1129.4707	188.4887	1454.2739	0.0	1731.5953	2283.9055	214.40547	807.712	0.0	0.0	0.0	390.65005	1237.3131	0.0	0.0	238.79182	866.9536	0.0	0.0	0.0
963.8511	0.0	1143.4478	0.0	0.0	57.535828	0.0	0.0	0.0	2057.9482	0.0	2511.5784	0.0	0.0	164.855	596.1894	0.0	0.0	0.0	0.0	0.0	0.0	295.89224	0.0	0.0	421.52124	0.0	2110.2036	0.0	0.0	0.0	509.4393	564.2371	0.0	1574.7943	0.0	488.25815	0.0	0.0	883.3149	993.7214	0.0	2069.1099	0.0	0.0	702.9627	1191.8562	0.0	0.0	558.2614	0.0	1348.545	0.0	1896.0907	0.0	0.0	0.0	1818.9061	0.0	0.0	0.0	0.0	0.0	217.44794	0.0	0.0	938.78033	0.0	0.0	0.0	0.0	0.0	586.21466	0.0	1584.9912	0.0	0.0	0.0	303.04413	443.88367	0.0	0.0	0.0	1727.4409	109.071815	0.0	0.0	1072.7103	243.47594	0.0	0.0	2647.7969	952.1802	0.0	0.0	1316.4067	0.0	98.28506	0.0	0.0	545.4371	0.0	0.0	0.0	0.0	1690.162	1973.9062	0.0	1334.6508	230.93575	1673.8976	0.0	2014.9766	2686.1868	216.67572	936.8475	0.0	0.0	0.0	455.7212	1457.9067	0.0	0.0	281.53104	1019.7165	0.0	0.0	0.0
806.9302	0.0	903.055	0.0	0.0	24.947327	0.0	0.0	0.0	1616.8112	0.0	2010.2266	0.0	0.0	97.55039	529.81903	0.0	0.0	0.0	0.0	0.0	0.0	217.40514	0.0	0.0	332.5137	0.0	1732.7902	0.0	0.0	0.0	391.4467	458.42374	0.0	1241.5016	0.0	401.6775	0.0	0.0	716.24994	797.9998	0.0	1680.7086	0.0	0.0	547.843	909.7436	0.0	0.0	499.80603	0.0	1047.0879	0.0	1511.1035	0.0	0.0	0.0	1470.0343	0.0	0.0	0.0	0.0	0.0	181.48907	0.0	0.0	798.63086	0.0	0.0	0.0	0.0	0.0	459.7557	0.0	1247.265	0.0	0.0	0.0	228.90685	348.92593	0.0	0.0	0.0	1390.5446	75.11087	0.0	0.0	879.4235	145.6318	0.0	0.0	2146.162	737.85126	0.0	0.0	1057.4625	0.0	89.444176	0.0	0.0	409.87463	0.0	0.0	0.0	0.0	1295.0199	1602.246	0.0	1037.8671	172.80835	1372.4147	0.0	1621.7734	2119.0764	226.29512	756.17847	0.0	0.0	0.0	361.60123	1140.9625	0.0	0.0	222.41106	799.11035	0.0	0.0	0.0
940.635	0.0	1105.3452	0.0	0.0	54.559887	0.0	0.0	0.0	1989.5958	0.0	2436.694	0.0	0.0	156.19041	581.1631	0.0	0.0	0.0	0.0	0.0	0.0	282.16815	0.0	0.0	404.85303	0.0	2049.1003	0.0	0.0	0.0	490.3743	545.658	0.0	1527.4888	0.0	474.51675	0.0	0.0	858.59393	962.6392	0.0	2006.0157	0.0	0.0	676.7072	1152.5542	0.0	0.0	548.8796	0.0	1302.2743	0.0	1838.5204	0.0	0.0	0.0	1768.5498	0.0	0.0	0.0	0.0	0.0	211.55458	0.0	0.0	915.50653	0.0	0.0	0.0	0.0	0.0	566.9017	0.0	1535.0902	0.0	0.0	0.0	286.46066	429.57495	0.0	0.0	0.0	1674.088	103.966156	0.0	0.0	1036.9436	230.28882	0.0	0.0	2566.9001	922.11066	0.0	0.0	1277.8497	0.0	97.20576	0.0	0.0	528.0246	0.0	0.0	0.0	0.0	1633.7589	1915.8057	0.0	1286.783	223.41985	1621.8754	0.0	1957.2017	2600.5159	208.8401	906.4883	0.0	0.0	0.0	439.58057	1408.962	0.0	0.0	273.55032	984.8381	0.0	0.0	0.0
765.4212	0.0	855.9929	0.0	0.0	20.603336	0.0	0.0	0.0	1534.9038	0.0	1906.0936	0.0	0.0	89.38485	508.069	0.0	0.0	0.0	0.0	0.0	0.0	204.78111	0.0	0.0	316.3448	0.0	1649.5732	0.0	0.0	0.0	371.00003	436.3267	0.0	1171.7942	0.0	379.833	0.0	0.0	677.86005	757.8359	0.0	1598.4908	0.0	0.0	520.884	857.4566	0.0	0.0	477.9467	0.0	994.468	0.0	1433.6234	0.0	0.0	0.0	1393.4122	0.0	0.0	0.0	0.0	0.0	174.4707	0.0	0.0	760.3589	0.0	0.0	0.0	0.0	0.0	436.52628	0.0	1178.8315	0.0	0.0	0.0	222.3388	330.55136	0.0	0.0	0.0	1320.3893	71.73349	0.0	0.0	839.966	133.16835	0.0	0.0	2041.4668	696.53076	0.0	0.0	1002.521	0.0	84.05189	0.0	0.0	385.67667	0.0	0.0	0.0	0.0	1220.2045	1523.2242	0.0	984.44183	160.86592	1308.3414	0.0	1539.295	2005.6888	221.90222	719.1252	0.0	0.0	0.0	344.79337	1080.7806	0.0	0.0	209.72578	758.832	0.0	0.0	0.0
896.988	0.0	1034.5963	0.0	0.0	46.57294	0.0	0.0	0.0	1852.4916	0.0	2286.8298	0.0	0.0	132.98131	561.7495	0.0	0.0	0.0	0.0	0.0	0.0	258.70102	0.0	0.0	376.75595	0.0	1935.8007	0.0	0.0	0.0	452.22372	512.1406	0.0	1430.5308	0.0	451.9586	0.0	0.0	810.7741	906.04376	0.0	1887.0586	0.0	0.0	629.693	1070.4858	0.0	0.0	532.36694	0.0	1207.0498	0.0	1721.9359	0.0	0.0	0.0	1667.3336	0.0	0.0	0.0	0.0	0.0	198.51488	0.0	0.0	875.4405	0.0	0.0	0.0	0.0	0.0	526.8372	0.0	1435.3551	0.0	0.0	0.0	256.8757	399.26514	0.0	0.0	0.0	1574.9254	93.29882	0.0	0.0	974.7714	200.723	0.0	0.0	2413.654	859.2082	0.0	0.0	1200.9277	0.0	94.39872	0.0	0.0	487.48154	0.0	0.0	0.0	0.0	1516.9093	1800.0729	0.0	1199.2582	205.76329	1527.9789	0.0	1837.2526	2429.8796	210.14595	852.4426	0.0	0.0	0.0	410.1548	1313.7893	0.0	0.0	257.72388	918.2327	0.0	0.0	0.0
892.42755	0.0	1024.7195	0.0	0.0	45.327717	0.0	0.0	0.0	1835.1383	0.0	2270.1248	0.0	0.0	133.04115	556.7669	0.0	0.0	0.0	0.0	0.0	0.0	254.2876	0.0	0.0	369.981	0.0	1920.8431	0.0	0.0	0.0	445.77145	508.24463	0.0	1422.6982	0.0	449.09	0.0	0.0	804.79	896.47266	0.0	1870.4302	0.0	0.0	623.4539	1062.0258	0.0	0.0	532.1032	0.0	1193.9745	0.0	1706.4722	0.0	0.0	0.0	1657.4545	0.0	0.0	0.0	0.0	0.0	195.86348	0.0	0.0	869.1255	0.0	0.0	0.0	0.0	0.0	523.31635	0.0	1423.2797	0.0	0.0	0.0	251.13298	395.1995	0.0	0.0	0.0	1558.7054	90.53945	0.0	0.0	963.126	200.57198	0.0	0.0	2392.622	855.0677	0.0	0.0	1192.6001	0.0	93.945	0.0	0.0	483.62256	0.0	0.0	0.0	0.0	1505.9371	1786.2764	0.0	1184.1298	207.30542	1513.1539	0.0	1824.1823	2408.3748	206.11122	841.48895	0.0	0.0	0.0	405.4144	1301.1558	0.0	0.0	256.6	907.46295	0.0	0.0	0.0
836.0776	0.0	957.20404	0.0	0.0	35.753693	0.0	0.0	0.0	1717.1898	0.0	2121.6687	0.0	0.0	118.13792	534.14813	0.0	0.0	0.0	0.0	0.0	0.0	237.15376	0.0	0.0	350.8527	0.0	1806.518	0.0	0.0	0.0	417.86157	479.82327	0.0	1321.326	0.0	419.31467	0.0	0.0	750.9002	839.9655	0.0	1759.8652	0.0	0.0	583.805	981.4936	0.0	0.0	504.68246	0.0	1117.5919	0.0	1596.2925	0.0	0.0	0.0	1546.1118	0.0	0.0	0.0	0.0	0.0	187.3749	0.0	0.0	820.6414	0.0	0.0	0.0	0.0	0.0	489.22818	0.0	1326.8776	0.0	0.0	0.0	243.19727	369.35367	0.0	0.0	0.0	1461.3297	84.513855	0.0	0.0	914.7618	176.89723	0.0	0.0	2248.049	791.7165	0.0	0.0	1114.9073	0.0	89.870155	0.0	0.0	446.12024	0.0	0.0	0.0	0.0	1395.1415	1678.7831	0.0	1107.3167	188.5323	1429.1215	0.0	1706.4552	2248.4902	211.3372	792.52594	0.0	0.0	0.0	381.4072	1214.6981	0.0	0.0	237.63013	849.23346	0.0	0.0	0.0
972.4607	0.0	1123.1223	0.0	0.0	58.765568	0.0	0.0	0.0	2009.7466	0.0	2484.7742	0.0	0.0	155.32033	589.1194	0.0	0.0	0.0	0.0	0.0	0.0	280.45065	0.0	0.0	398.52835	0.0	2085.826	0.0	0.0	0.0	489.0266	549.3332	0.0	1566.8984	0.0	493.68286	0.0	0.0	881.7768	980.2828	0.0	2030.3807	0.0	0.0	679.61035	1177.0192	0.0	0.0	571.253	0.0	1308.3512	0.0	1868.5488	0.0	0.0	0.0	1817.8014	0.0	0.0	0.0	0.0	0.0	210.76424	0.0	0.0	940.5705	0.0	0.0	0.0	0.0	0.0	573.2781	0.0	1563.835	0.0	0.0	0.0	264.7084	433.5939	0.0	0.0	0.0	1700.9296	101.27555	0.0	0.0	1035.8766	232.02466	0.0	0.0	2600.2126	946.7622	0.0	0.0	1304.8341	0.0	100.660255	0.0	0.0	538.2995	0.0	0.0	0.0	0.0	1666.3483	1943.5487	0.0	1299.9097	233.03944	1636.0068	0.0	1992.2764	2642.5598	201.26155	914.30853	0.0	0.0	0.0	439.9249	1426.8365	0.0	0.0	284.30392	994.4771	0.0	0.0	0.0
838.0903	0.0	956.8867	0.0	0.0	33.807034	0.0	0.0	0.0	1716.6364	0.0	2119.3723	0.0	0.0	115.09586	542.39545	0.0	0.0	0.0	0.0	0.0	0.0	237.63678	0.0	0.0	353.67123	0.0	1812.4178	0.0	0.0	0.0	419.72427	481.15793	0.0	1314.4377	0.0	419.7943	0.0	0.0	752.6504	841.6529	0.0	1766.3448	0.0	0.0	583.22687	973.5535	0.0	0.0	507.67764	0.0	1116.8584	0.0	1595.9435	0.0	0.0	0.0	1543.0946	0.0	0.0	0.0	0.0	0.0	188.97359	0.0	0.0	826.2961	0.0	0.0	0.0	0.0	0.0	486.8929	0.0	1322.5875	0.0	0.0	0.0	247.6826	371.35312	0.0	0.0	0.0	1464.3834	83.65636	0.0	0.0	922.92084	170.30177	0.0	0.0	2255.5076	783.7763	0.0	0.0	1113.581	0.0	90.77729	0.0	0.0	440.04532	0.0	0.0	0.0	0.0	1383.691	1682.1068	0.0	1105.4467	185.82112	1438.713	0.0	1706.6122	2247.2344	223.91656	798.07227	0.0	0.0	0.0	382.56863	1213.5552	0.0	0.0	234.58049	849.41406	0.0	0.0	0.0
884.1938	0.0	1018.20856	0.0	0.0	45.72455	0.0	0.0	0.0	1823.5304	0.0	2253.8684	0.0	0.0	133.82559	551.6256	0.0	0.0	0.0	0.0	0.0	0.0	254.59322	0.0	0.0	368.70825	0.0	1906.273	0.0	0.0	0.0	445.235	504.69528	0.0	1412.2324	0.0	445.73352	0.0	0.0	798.98773	891.1001	0.0	1857.8838	0.0	0.0	618.6469	1054.2362	0.0	0.0	526.7524	0.0	1187.5172	0.0	1695.4698	0.0	0.0	0.0	1644.2373	0.0	0.0	0.0	0.0	0.0	194.98865	0.0	0.0	862.9195	0.0	0.0	0.0	0.0	0.0	519.4799	0.0	1413.7725	0.0	0.0	0.0	252.08022	394.05307	0.0	0.0	0.0	1548.4454	90.6769	0.0	0.0	958.11084	200.22627	0.0	0.0	2376.537	847.9309	0.0	0.0	1184.142	0.0	93.84802	0.0	0.0	481.2124	0.0	0.0	0.0	0.0	1496.3843	1773.3363	0.0	1177.5927	204.93144	1503.7113	0.0	1811.0844	2394.1174	206.47237	836.618	0.0	0.0	0.0	402.9006	1293.8099	0.0	0.0	253.1959	901.83124	0.0	0.0	0.0
1480.7593	0.0	1872.768	0.0	0.0	173.24745	0.0	0.0	0.0	3347.679	0.0	4067.5906	0.0	0.0	374.3722	764.48285	0.0	0.0	0.0	0.0	0.0	0.0	504.20102	0.0	0.0	627.3755	0.0	3229.914	0.0	0.0	0.0	834.65594	850.9167	0.0	2649.6199	0.0	777.36005	0.0	0.0	1409.5248	1584.9922	0.0	3194.346	0.0	0.0	1130.5526	2085.1914	0.0	0.0	774.5279	0.0	2213.511	49.578037	3058.7874	0.0	0.0	0.0	2948.3076	0.0	0.0	0.0	0.0	0.0	313.23047	0.0	0.0	1387.2572	0.0	0.0	0.0	0.0	0.0	962.54034	0.0	2617.3584	0.0	0.0	0.0	427.86618	715.4244	0.0	0.0	0.0	2737.3157	195.71696	0.0	0.0	1568.1713	544.5008	0.0	0.0	4100.8267	1651.8734	0.0	0.0	2125.24	0.0	127.4585	0.0	0.0	984.27496	0.0	0.0	0.0	0.0	2925.156	3080.3818	0.0	2200.938	434.73105	2503.8167	0.0	3222.961	4405.683	95.01394	1437.4639	0.0	0.0	0.0	708.93774	2387.1465	0.0	0.0	471.13535	1658.3024	0.0	0.0	0.0
944.9207	0.0	1096.3711	0.0	0.0	45.66208	0.0	0.0	0.0	1974.4867	0.0	2420.3567	0.0	0.0	146.29744	599.0374	0.0	0.0	0.0	0.0	0.0	0.0	278.61313	0.0	0.0	405.46274	0.0	2054.1511	0.0	0.0	0.0	486.18423	547.3665	0.0	1509.1439	0.0	474.79337	0.0	0.0	857.5083	960.5882	0.0	2008.5289	0.0	0.0	670.93787	1128.606	0.0	0.0	559.56177	0.0	1289.5109	0.0	1826.5449	0.0	0.0	0.0	1757.6835	0.0	0.0	0.0	0.0	0.0	212.48573	0.0	0.0	924.65594	0.0	0.0	0.0	0.0	0.0	558.3289	0.0	1519.3097	0.0	0.0	0.0	288.24216	427.58115	0.0	0.0	0.0	1670.2399	101.52231	0.0	0.0	1046.4196	213.76788	0.0	0.0	2566.294	905.3824	0.0	0.0	1270.1405	0.0	99.43595	0.0	0.0	511.37402	0.0	0.0	0.0	0.0	1603.9459	1915.2428	0.0	1276.3489	218.7342	1632.8193	0.0	1946.1138	2580.0657	235.88562	908.4539	0.0	0.0	0.0	437.77222	1395.5923	0.0	0.0	268.60977	977.7027	0.0	0.0	0.0
817.2454	0.0	926.1934	0.0	0.0	31.927927	0.0	0.0	0.0	1659.2023	0.0	2055.4565	0.0	0.0	109.751656	524.8366	0.0	0.0	0.0	0.0	0.0	0.0	225.65979	0.0	0.0	337.0818	0.0	1758.4056	0.0	0.0	0.0	402.51285	464.368	0.0	1276.3531	0.0	408.24365	0.0	0.0	731.4058	815.47833	0.0	1708.3038	0.0	0.0	562.104	943.30493	0.0	0.0	498.2014	0.0	1077.4803	0.0	1546.5258	0.0	0.0	0.0	1501.3334	0.0	0.0	0.0	0.0	0.0	182.61897	0.0	0.0	803.4583	0.0	0.0	0.0	0.0	0.0	471.0118	0.0	1279.4781	0.0	0.0	0.0	233.34605	358.01834	0.0	0.0	0.0	1418.774	80.51352	0.0	0.0	888.1655	162.48885	0.0	0.0	2183.248	762.6697	0.0	0.0	1079.8853	0.0	87.9155	0.0	0.0	426.3633	0.0	0.0	0.0	0.0	1339.9017	1630.6171	0.0	1067.8903	180.50102	1390.3168	0.0	1655.8114	2173.6938	211.9458	768.37994	0.0	0.0	0.0	369.65356	1171.93	0.0	0.0	227.4511	820.21454	0.0	0.0	0.0
925.84344	0.0	1068.2081	0.0	0.0	49.083828	0.0	0.0	0.0	1916.211	0.0	2363.885	0.0	0.0	144.623	574.9378	0.0	0.0	0.0	0.0	0.0	0.0	267.44315	0.0	0.0	386.48257	0.0	1996.4454	0.0	0.0	0.0	467.8115	528.47205	0.0	1482.1683	0.0	467.4159	0.0	0.0	839.2348	934.61786	0.0	1946.5521	0.0	0.0	648.48145	1109.0302	0.0	0.0	548.7132	0.0	1248.208	0.0	1779.8745	0.0	0.0	0.0	1723.6729	0.0	0.0	0.0	0.0	0.0	205.09068	0.0	0.0	901.5332	0.0	0.0	0.0	0.0	0.0	544.93555	0.0	1485.3187	0.0	0.0	0.0	264.57336	413.65308	0.0	0.0	0.0	1624.4491	96.19341	0.0	0.0	1002.1369	212.13881	0.0	0.0	2489.4502	891.5276	0.0	0.0	1241.3954	0.0	97.519936	0.0	0.0	505.42465	0.0	0.0	0.0	0.0	1573.6239	1859.8656	0.0	1237.6143	216.7123	1574.7264	0.0	1898.1476	2514.36	212.68799	877.4121	0.0	0.0	0.0	421.2157	1358.7535	0.0	0.0	266.18005	946.7662	0.0	0.0	0.0
906.23846	0.0	1044.2192	0.0	0.0	48.641464	0.0	0.0	0.0	1875.0045	0.0	2309.4873	0.0	0.0	141.12367	564.2331	0.0	0.0	0.0	0.0	0.0	0.0	262.33386	0.0	0.0	378.69113	0.0	1953.152	0.0	0.0	0.0	458.8269	517.2278	0.0	1446.9224	0.0	457.2372	0.0	0.0	821.72266	915.47284	0.0	1905.4918	0.0	0.0	633.4063	1082.6246	0.0	0.0	536.5108	0.0	1221.2429	0.0	1740.5128	0.0	0.0	0.0	1684.789	0.0	0.0	0.0	0.0	0.0	199.8958	0.0	0.0	883.1375	0.0	0.0	0.0	0.0	0.0	531.891	0.0	1451.7667	0.0	0.0	0.0	260.2773	407.0414	0.0	0.0	0.0	1590.5742	94.68585	0.0	0.0	982.73486	206.73894	0.0	0.0	2436.2686	869.929	0.0	0.0	1213.0201	0.0	95.36788	0.0	0.0	492.18213	0.0	0.0	0.0	0.0	1536.9512	1820.2047	0.0	1212.2505	212.11914	1543.0795	0.0	1855.9899	2459.7373	211.10675	860.2277	0.0	0.0	0.0	412.31152	1327.4028	0.0	0.0	260.14578	927.4913	0.0	0.0	0.0
821.3387	0.0	927.87036	0.0	0.0	28.073011	0.0	0.0	0.0	1663.168	0.0	2062.2156	0.0	0.0	106.053986	533.4783	0.0	0.0	0.0	0.0	0.0	0.0	225.24915	0.0	0.0	340.78992	0.0	1770.0724	0.0	0.0	0.0	402.38916	469.05188	0.0	1277.539	0.0	409.499	0.0	0.0	732.2481	817.22046	0.0	1718.0787	0.0	0.0	565.242	941.35626	0.0	0.0	504.57413	0.0	1078.9886	0.0	1550.2035	0.0	0.0	0.0	1506.6324	0.0	0.0	0.0	0.0	0.0	184.39055	0.0	0.0	809.69653	0.0	0.0	0.0	0.0	0.0	473.9298	0.0	1282.9264	0.0	0.0	0.0	236.00502	356.82016	0.0	0.0	0.0	1422.8682	79.15304	0.0	0.0	896.2637	158.82452	0.0	0.0	2195.7598	762.6805	0.0	0.0	1084.5844	0.0	89.09014	0.0	0.0	425.90884	0.0	0.0	0.0	0.0	1338.79	1639.1914	0.0	1068.8451	179.38367	1400.2892	0.0	1661.3168	2176.346	221.34624	772.6011	0.0	0.0	0.0	371.12723	1174.2264	0.0	0.0	229.67273	821.7666	0.0	0.0	0.0
707.4536	0.0	771.28375	0.0	0.0	10.941152	0.0	0.0	0.0	1375.6595	0.0	1726.7577	0.0	0.0	66.65439	481.50803	0.0	0.0	0.0	0.0	0.0	0.0	177.1064	0.0	0.0	283.77835	0.0	1510.7172	0.0	0.0	0.0	328.401	397.4642	0.0	1053.2885	0.0	349.34805	0.0	0.0	616.58325	687.60913	0.0	1456.3853	0.0	0.0	465.33057	758.81525	0.0	0.0	454.43738	0.0	886.11163	0.0	1295.034	0.0	0.0	0.0	1267.7551	0.0	0.0	0.0	0.0	0.0	161.85211	0.0	0.0	709.1821	0.0	0.0	0.0	0.0	0.0	392.7131	0.0	1058.4185	0.0	0.0	0.0	194.75746	295.05173	0.0	0.0	0.0	1199.2074	59.38217	0.0	0.0	767.2255	99.36167	0.0	0.0	1856.8241	621.54034	0.0	0.0	909.57697	0.0	79.86198	0.0	0.0	338.90628	0.0	0.0	0.0	0.0	1080.5878	1387.7076	0.0	878.584	139.93503	1194.8799	0.0	1396.1285	1802.6696	221.31462	653.1826	0.0	0.0	0.0	310.92337	967.40497	0.0	0.0	188.88464	679.18646	0.0	0.0	0.0
772.03687	0.0	868.0485	0.0	0.0	22.334833	0.0	0.0	0.0	1554.8309	0.0	1929.9672	0.0	0.0	92.43304	509.62473	0.0	0.0	0.0	0.0	0.0	0.0	208.76015	0.0	0.0	320.75742	0.0	1665.4574	0.0	0.0	0.0	376.75864	440.6829	0.0	1188.7852	0.0	383.6498	0.0	0.0	685.49066	766.7382	0.0	1616.1876	0.0	0.0	528.88904	871.7725	0.0	0.0	479.46555	0.0	1008.8411	0.0	1451.4395	0.0	0.0	0.0	1408.9347	0.0	0.0	0.0	0.0	0.0	175.62907	0.0	0.0	766.1543	0.0	0.0	0.0	0.0	0.0	442.20422	0.0	1195.5715	0.0	0.0	0.0	225.69798	334.58347	0.0	0.0	0.0	1335.5123	73.63645	0.0	0.0	847.28467	139.05347	0.0	0.0	2063.71	707.19476	0.0	0.0	1015.211	0.0	84.56878	0.0	0.0	393.29663	0.0	0.0	0.0	0.0	1240.2445	1539.5682	0.0	998.6655	163.26111	1320.6227	0.0	1557.5396	2032.7318	218.85869	726.7852	0.0	0.0	0.0	349.62173	1096.44	0.0	0.0	211.89854	768.65454	0.0	0.0	0.0
851.99567	0.0	986.46436	0.0	0.0	38.20433	0.0	0.0	0.0	1773.9784	0.0	2178.4111	0.0	0.0	126.09795	544.5569	0.0	0.0	0.0	0.0	0.0	0.0	248.6352	0.0	0.0	366.0259	0.0	1853.1166	0.0	0.0	0.0	435.5664	494.59927	0.0	1355.1377	0.0	426.80908	0.0	0.0	770.4427	863.22217	0.0	1810.3685	0.0	0.0	603.8102	1011.2534	0.0	0.0	508.93497	0.0	1157.7985	0.0	1642.6932	0.0	0.0	0.0	1582.415	0.0	0.0	0.0	0.0	0.0	192.31487	0.0	0.0	836.77106	0.0	0.0	0.0	0.0	0.0	504.25638	0.0	1364.4122	0.0	0.0	0.0	260.59708	383.29514	0.0	0.0	0.0	1503.7301	89.303215	0.0	0.0	945.7995	186.20085	0.0	0.0	2314.0457	812.1924	0.0	0.0	1143.1841	0.0	90.982765	0.0	0.0	460.0648	0.0	0.0	0.0	0.0	1436.6251	1726.1635	0.0	1144.6154	193.43481	1472.1508	0.0	1753.3934	2316.7742	217.0446	818.486	0.0	0.0	0.0	394.89566	1253.6993	0.0	0.0	241.60173	877.7227	0.0	0.0	0.0
848.6889	0.0	1027.2382	0.0	0.0	51.079205	0.0	0.0	0.0	1819.0162	0.0	2176.9287	0.0	0.0	110.19802	568.605	0.0	0.0	0.0	0.0	0.0	0.0	274.1619	0.0	0.0	442.86893	0.0	1858.7666	0.0	0.0	0.0	468.19418	508.89087	0.0	1335.2761	0.0	442.65482	0.0	0.0	747.6489	917.6465	0.0	1868.4435	0.0	0.0	634.5113	1002.5581	0.0	0.0	497.8535	0.0	1189.694	0.0	1663.7988	0.0	0.0	0.0	1534.6724	0.0	0.0	0.0	0.0	0.0	202.7597	0.0	0.0	864.8746	0.0	0.0	0.0	0.0	0.0	547.9841	0.0	1386.1442	0.0	0.0	0.0	338.07574	393.75943	0.0	0.0	0.0	1549.6805	112.21649	0.0	0.0	1029.476	173.8864	0.0	0.0	2399.1936	786.8801	0.0	0.0	1148.2838	0.0	104.34116	0.0	0.0	464.29626	0.0	0.0	0.0	0.0	1430.9956	1758.0219	0.0	1182.6455	156.47607	1551.0284	0.0	1752.6348	2362.4458	298.70883	903.7207	0.0	0.0	0.0	421.94128	1297.8417	0.0	0.0	226.50652	901.71564	0.0	0.0	0.0
802.4825	0.0	957.55005	0.0	0.0	43.25229	0.0	0.0	0.0	1699.1299	0.0	2051.2712	0.0	0.0	98.05491	545.4161	0.0	0.0	0.0	0.0	0.0	0.0	251.39201	0.0	0.0	408.4957	0.0	1757.2445	0.0	0.0	0.0	431.1282	481.26816	0.0	1256.7324	0.0	415.11694	0.0	0.0	705.1092	854.59766	0.0	1758.3438	0.0	0.0	593.794	937.1799	0.0	0.0	478.17105	0.0	1106.438	0.0	1559.9811	0.0	0.0	0.0	1448.8993	0.0	0.0	0.0	0.0	0.0	191.66374	0.0	0.0	819.50336	0.0	0.0	0.0	0.0	0.0	510.99063	0.0	1300.0153	0.0	0.0	0.0	308.33118	365.97107	0.0	0.0	0.0	1452.8721	94.71887	0.0	0.0	967.6691	155.59332	0.0	0.0	2252.6965	737.877	0.0	0.0	1081.8605	0.0	96.904396	0.0	0.0	431.93033	0.0	0.0	0.0	0.0	1335.9436	1650.5953	0.0	1099.6569	149.07973	1455.4902	0.0	1649.1855	2208.6868	283.3069	844.00653	0.0	0.0	0.0	392.83603	1210.3506	0.0	0.0	213.1742	841.377	0.0	0.0	0.0
802.83496	0.0	955.24567	0.0	0.0	43.235825	0.0	0.0	0.0	1699.8278	0.0	2054.1897	0.0	0.0	99.13327	549.12024	0.0	0.0	0.0	0.0	0.0	0.0	250.0822	0.0	0.0	407.7756	0.0	1760.7031	0.0	0.0	0.0	428.78235	482.92422	0.0	1258.3599	0.0	415.30136	0.0	0.0	706.0156	852.7649	0.0	1761.2456	0.0	0.0	593.3469	938.3531	0.0	0.0	478.47726	0.0	1103.5729	0.0	1560.8999	0.0	0.0	0.0	1450.9341	0.0	0.0	0.0	0.0	0.0	192.94086	0.0	0.0	821.0457	0.0	0.0	0.0	0.0	0.0	512.2087	0.0	1301.6919	0.0	0.0	0.0	307.24985	364.6163	0.0	0.0	0.0	1453.6735	92.14053	0.0	0.0	969.27344	154.76793	0.0	0.0	2253.2097	738.8404	0.0	0.0	1084.7731	0.0	95.421906	0.0	0.0	431.45618	0.0	0.0	0.0	0.0	1336.9459	1651.9867	0.0	1098.0306	151.9059	1456.5553	0.0	1650.819	2208.3594	283.79514	844.67944	0.0	0.0	0.0	390.77396	1208.9781	0.0	0.0	217.20268	841.15796	0.0	0.0	0.0
770.1047	0.0	899.0363	0.0	0.0	30.816147	0.0	0.0	0.0	1602.8013	0.0	1944.921	0.0	0.0	88.53658	527.0368	0.0	0.0	0.0	0.0	0.0	0.0	231.02437	0.0	0.0	372.28317	0.0	1678.9546	0.0	0.0	0.0	403.38803	454.7963	0.0	1185.5079	0.0	390.8038	0.0	0.0	675.8151	802.1196	0.0	1666.8492	0.0	0.0	553.3406	874.77423	0.0	0.0	468.1356	0.0	1042.611	0.0	1477.6075	0.0	0.0	0.0	1384.6371	0.0	0.0	0.0	0.0	0.0	181.95439	0.0	0.0	783.89154	0.0	0.0	0.0	0.0	0.0	471.22513	0.0	1222.9874	0.0	0.0	0.0	282.1298	346.07547	0.0	0.0	0.0	1375.5826	81.777176	0.0	0.0	911.98975	137.60591	0.0	0.0	2131.536	697.00146	0.0	0.0	1021.9204	0.0	90.612366	0.0	0.0	399.58694	0.0	0.0	0.0	0.0	1251.0724	1567.0785	0.0	1034.7021	142.52246	1379.4751	0.0	1565.8639	2079.18	269.1406	784.59796	0.0	0.0	0.0	370.7374	1134.9181	0.0	0.0	196.61005	793.2136	0.0	0.0	0.0
785.45013	0.0	924.7248	0.0	0.0	34.66463	0.0	0.0	0.0	1642.8434	0.0	1987.8761	0.0	0.0	91.83723	533.01685	0.0	0.0	0.0	0.0	0.0	0.0	240.72978	0.0	0.0	386.74258	0.0	1709.3761	0.0	0.0	0.0	416.29196	464.18933	0.0	1213.5969	0.0	402.203	0.0	0.0	686.2424	824.85596	0.0	1702.4795	0.0	0.0	570.7813	899.5159	0.0	0.0	473.18323	0.0	1071.1627	0.0	1512.0985	0.0	0.0	0.0	1412.4961	0.0	0.0	0.0	0.0	0.0	185.92146	0.0	0.0	798.90607	0.0	0.0	0.0	0.0	0.0	488.158	0.0	1253.4493	0.0	0.0	0.0	292.45282	355.65906	0.0	0.0	0.0	1408.0576	90.3501	0.0	0.0	933.377	145.4446	0.0	0.0	2180.111	715.4991	0.0	0.0	1045.0737	0.0	95.44367	0.0	0.0	414.14664	0.0	0.0	0.0	0.0	1288.1782	1601.6022	0.0	1063.0702	143.05568	1410.1371	0.0	1600.505	2132.494	273.41003	807.999	0.0	0.0	0.0	380.6	1168.4818	0.0	0.0	197.28145	813.60443	0.0	0.0	0.0
783.1714	0.0	922.35187	0.0	0.0	35.60478	0.0	0.0	0.0	1640.5719	0.0	1982.723	0.0	0.0	91.37531	533.3633	0.0	0.0	0.0	0.0	0.0	0.0	239.55986	0.0	0.0	389.22876	0.0	1707.4323	0.0	0.0	0.0	416.69943	464.44662	0.0	1210.274	0.0	400.44092	0.0	0.0	684.7767	823.45264	0.0	1700.3585	0.0	0.0	569.1691	896.83954	0.0	0.0	472.51562	0.0	1069.6859	0.0	1509.0796	0.0	0.0	0.0	1407.7393	0.0	0.0	0.0	0.0	0.0	186.73486	0.0	0.0	797.88135	0.0	0.0	0.0	0.0	0.0	488.25574	0.0	1252.3221	0.0	0.0	0.0	294.50635	354.60742	0.0	0.0	0.0	1405.6571	89.832825	0.0	0.0	935.2493	142.86946	0.0	0.0	2178.4963	712.7464	0.0	0.0	1043.0906	0.0	94.31433	0.0	0.0	412.75546	0.0	0.0	0.0	0.0	1283.4751	1599.7314	0.0	1060.8917	141.84508	1409.9609	0.0	1596.4906	2128.908	275.39914	808.4951	0.0	0.0	0.0	380.3585	1165.9293	0.0	0.0	198.57349	812.639	0.0	0.0	0.0
797.7496	0.0	945.5901	0.0	0.0	39.60483	0.0	0.0	0.0	1675.5153	0.0	2026.4948	0.0	0.0	94.13834	544.5171	0.0	0.0	0.0	0.0	0.0	0.0	247.77686	0.0	0.0	403.13113	0.0	1740.1185	0.0	0.0	0.0	426.79617	475.94153	0.0	1238.212	0.0	411.26	0.0	0.0	697.7137	843.097	0.0	1738.0	0.0	0.0	583.0328	920.7473	0.0	0.0	476.45175	0.0	1091.8733	0.0	1542.9434	0.0	0.0	0.0	1434.6401	0.0	0.0	0.0	0.0	0.0	191.07283	0.0	0.0	814.26447	0.0	0.0	0.0	0.0	0.0	502.57132	0.0	1282.9795	0.0	0.0	0.0	301.44318	362.53564	0.0	0.0	0.0	1436.9395	92.210144	0.0	0.0	957.37994	149.69157	0.0	0.0	2226.0461	727.6618	0.0	0.0	1067.2806	0.0	98.3262	0.0	0.0	424.01456	0.0	0.0	0.0	0.0	1316.857	1634.2155	0.0	1084.7726	145.42853	1439.7035	0.0	1631.2365	2181.1287	282.60437	830.554	0.0	0.0	0.0	387.72107	1194.4873	0.0	0.0	205.22075	830.0262	0.0	0.0	0.0
810.10156	0.0	972.14307	0.0	0.0	45.480804	0.0	0.0	0.0	1722.4844	0.0	2077.8872	0.0	0.0	101.00082	549.9525	0.0	0.0	0.0	0.0	0.0	0.0	253.49878	0.0	0.0	415.08374	0.0	1775.8755	0.0	0.0	0.0	435.90637	486.66226	0.0	1274.266	0.0	421.49487	0.0	0.0	712.7544	868.2629	0.0	1780.7285	0.0	0.0	603.03546	950.7598	0.0	0.0	482.50748	0.0	1120.8754	0.0	1581.0826	0.0	0.0	0.0	1467.0016	0.0	0.0	0.0	0.0	0.0	193.27808	0.0	0.0	829.304	0.0	0.0	0.0	0.0	0.0	517.52264	0.0	1318.349	0.0	0.0	0.0	312.88895	368.21933	0.0	0.0	0.0	1473.2506	96.1896	0.0	0.0	979.46356	158.46007	0.0	0.0	2280.713	749.78784	0.0	0.0	1096.8041	0.0	96.80011	0.0	0.0	437.10104	0.0	0.0	0.0	0.0	1354.9242	1670.4557	0.0	1117.6255	150.90648	1474.6901	0.0	1669.48	2239.7273	285.52548	856.28705	0.0	0.0	0.0	397.9266	1225.7621	0.0	0.0	219.3061	854.5446	0.0	0.0	0.0
792.91376	0.0	940.0914	0.0	0.0	39.269417	0.0	0.0	0.0	1669.8115	0.0	2018.2427	0.0	0.0	95.36031	539.8343	0.0	0.0	0.0	0.0	0.0	0.0	245.87488	0.0	0.0	398.0647	0.0	1732.9043	0.0	0.0	0.0	423.19522	473.3922	0.0	1234.9706	0.0	407.67847	0.0	0.0	696.0093	839.0783	0.0	1730.5446	0.0	0.0	581.63226	918.11664	0.0	0.0	474.83572	0.0	1087.4423	0.0	1534.1676	0.0	0.0	0.0	1429.088	0.0	0.0	0.0	0.0	0.0	187.99487	0.0	0.0	808.5013	0.0	0.0	0.0	0.0	0.0	498.69205	0.0	1276.4476	0.0	0.0	0.0	301.35104	360.67368	0.0	0.0	0.0	1429.5543	90.70254	0.0	0.0	951.5555	150.19125	0.0	0.0	2215.8896	725.7513	0.0	0.0	1062.6663	0.0	95.64365	0.0	0.0	422.14795	0.0	0.0	0.0	0.0	1310.7828	1625.173	0.0	1081.431	146.06483	1432.652	0.0	1623.4513	2169.3367	280.4122	826.70355	0.0	0.0	0.0	386.52438	1188.1245	0.0	0.0	203.89134	827.17365	0.0	0.0	0.0
790.7586	0.0	934.3183	0.0	0.0	35.962906	0.0	0.0	0.0	1658.3511	0.0	2007.9598	0.0	0.0	94.48702	537.4282	0.0	0.0	0.0	0.0	0.0	0.0	243.34047	0.0	0.0	393.2192	0.0	1724.0155	0.0	0.0	0.0	419.8479	471.15088	0.0	1227.5992	0.0	404.64432	0.0	0.0	690.8537	830.1446	0.0	1717.5367	0.0	0.0	577.3816	912.3284	0.0	0.0	474.78995	0.0	1081.5762	0.0	1526.3452	0.0	0.0	0.0	1425.9404	0.0	0.0	0.0	0.0	0.0	187.74638	0.0	0.0	804.40265	0.0	0.0	0.0	0.0	0.0	495.4574	0.0	1268.4575	0.0	0.0	0.0	295.97754	358.70493	0.0	0.0	0.0	1419.1383	89.70025	0.0	0.0	943.67694	149.27916	0.0	0.0	2201.6885	724.39764	0.0	0.0	1056.4054	0.0	96.00415	0.0	0.0	420.96542	0.0	0.0	0.0	0.0	1304.9882	1616.976	0.0	1072.8934	145.58727	1422.1162	0.0	1616.6055	2154.7976	274.79196	816.2461	0.0	0.0	0.0	383.48837	1181.377	0.0	0.0	200.84517	821.253	0.0	0.0	0.0
777.0848	0.0	908.58545	0.0	0.0	32.863068	0.0	0.0	0.0	1617.6149	0.0	1967.8672	0.0	0.0	90.19043	531.3924	0.0	0.0	0.0	0.0	0.0	0.0	233.92131	0.0	0.0	377.44397	0.0	1694.0786	0.0	0.0	0.0	406.25708	460.28287	0.0	1201.8422	0.0	395.9279	0.0	0.0	680.4748	808.5523	0.0	1682.3717	0.0	0.0	560.7293	888.95844	0.0	0.0	471.64612	0.0	1051.5507	0.0	1492.6357	0.0	0.0	0.0	1399.8397	0.0	0.0	0.0	0.0	0.0	184.79912	0.0	0.0	791.64764	0.0	0.0	0.0	0.0	0.0	479.81406	0.0	1238.8091	0.0	0.0	0.0	282.88443	348.43225	0.0	0.0	0.0	1387.9501	82.46485	0.0	0.0	920.2537	141.81488	0.0	0.0	2151.874	706.6081	0.0	0.0	1036.0897	0.0	92.12388	0.0	0.0	408.62497	0.0	0.0	0.0	0.0	1269.7798	1581.5956	0.0	1042.4058	145.58003	1390.0582	0.0	1583.0199	2102.5554	268.95584	793.9748	0.0	0.0	0.0	372.37073	1148.6481	0.0	0.0	201.0072	799.9819	0.0	0.0	0.0
807.571	0.0	965.4104	0.0	0.0	43.531353	0.0	0.0	0.0	1711.351	0.0	2062.506	0.0	0.0	98.17435	547.25385	0.0	0.0	0.0	0.0	0.0	0.0	253.47774	0.0	0.0	413.28235	0.0	1765.7021	0.0	0.0	0.0	434.5773	483.52515	0.0	1263.317	0.0	418.52988	0.0	0.0	708.42456	861.0075	0.0	1768.1952	0.0	0.0	598.9338	942.978	0.0	0.0	480.02774	0.0	1115.7408	0.0	1570.0482	0.0	0.0	0.0	1457.6783	0.0	0.0	0.0	0.0	0.0	192.09583	0.0	0.0	823.82446	0.0	0.0	0.0	0.0	0.0	515.78436	0.0	1308.8485	0.0	0.0	0.0	311.8688	368.4705	0.0	0.0	0.0	1462.7594	96.55898	0.0	0.0	974.4411	157.4004	0.0	0.0	2266.759	743.85785	0.0	0.0	1087.3323	0.0	98.85254	0.0	0.0	435.2875	0.0	0.0	0.0	0.0	1346.5758	1661.7036	0.0	1109.9589	148.14217	1465.3231	0.0	1658.7582	2222.782	284.99542	849.3577	0.0	0.0	0.0	396.85324	1220.305	0.0	0.0	216.03705	847.866	0.0	0.0	0.0
796.9837	0.0	946.323	0.0	0.0	40.115864	0.0	0.0	0.0	1677.1227	0.0	2026.5375	0.0	0.0	94.8194	541.8279	0.0	0.0	0.0	0.0	0.0	0.0	247.08266	0.0	0.0	403.14743	0.0	1738.518	0.0	0.0	0.0	425.77658	475.79492	0.0	1239.2345	0.0	411.11877	0.0	0.0	696.7481	843.1431	0.0	1737.2197	0.0	0.0	584.7845	922.1739	0.0	0.0	476.28104	0.0	1092.7307	0.0	1541.852	0.0	0.0	0.0	1434.735	0.0	0.0	0.0	0.0	0.0	189.57964	0.0	0.0	813.3965	0.0	0.0	0.0	0.0	0.0	504.1422	0.0	1283.7084	0.0	0.0	0.0	302.9272	361.5851	0.0	0.0	0.0	1436.622	93.10813	0.0	0.0	957.03656	150.56989	0.0	0.0	2225.7986	729.7888	0.0	0.0	1067.8068	0.0	97.60846	0.0	0.0	425.33823	0.0	0.0	0.0	0.0	1318.9159	1633.8208	0.0	1086.2848	144.95546	1438.8516	0.0	1630.4061	2180.3286	281.88766	830.4905	0.0	0.0	0.0	388.53333	1195.5328	0.0	0.0	208.74042	829.83795	0.0	0.0	0.0
848.74677	0.0	1035.0062	0.0	0.0	54.915714	0.0	0.0	0.0	1848.7085	0.0	2203.5847	0.0	0.0	121.31888	564.4334	0.0	0.0	0.0	0.0	0.0	0.0	277.945	0.0	0.0	442.40146	0.0	1875.8632	0.0	0.0	0.0	471.65005	514.49225	0.0	1354.9316	0.0	442.94617	0.0	0.0	758.0241	924.7967	0.0	1886.6674	0.0	0.0	645.2204	1024.187	0.0	0.0	493.9625	0.0	1208.0438	0.0	1684.956	0.0	0.0	0.0	1550.9076	0.0	0.0	0.0	0.0	0.0	205.25398	0.0	0.0	861.5988	0.0	0.0	0.0	0.0	0.0	553.5407	0.0	1404.6371	0.0	0.0	0.0	343.98877	397.78482	0.0	0.0	0.0	1564.0859	113.80353	0.0	0.0	1035.3148	186.19124	0.0	0.0	2420.8499	800.7378	0.0	0.0	1162.4813	0.0	98.84518	0.0	0.0	470.95566	0.0	0.0	0.0	0.0	1456.5414	1774.0045	0.0	1201.4384	166.5789	1563.5216	0.0	1771.9565	2391.6409	291.1748	911.6739	0.0	0.0	0.0	425.22012	1312.161	0.0	0.0	234.61775	917.52386	0.0	0.0	0.0
813.7784	0.0	973.7041	0.0	0.0	44.86643	0.0	0.0	0.0	1724.9225	0.0	2077.673	0.0	0.0	98.83826	550.4124	0.0	0.0	0.0	0.0	0.0	0.0	256.39285	0.0	0.0	416.96848	0.0	1779.111	0.0	0.0	0.0	439.09558	485.76407	0.0	1271.6715	0.0	421.7667	0.0	0.0	713.384	870.4462	0.0	1782.5326	0.0	0.0	602.79956	949.6958	0.0	0.0	482.76212	0.0	1124.7012	0.0	1582.9337	0.0	0.0	0.0	1467.1821	0.0	0.0	0.0	0.0	0.0	193.61707	0.0	0.0	830.2729	0.0	0.0	0.0	0.0	0.0	519.6702	0.0	1317.7406	0.0	0.0	0.0	315.42392	371.68765	0.0	0.0	0.0	1474.5712	99.715904	0.0	0.0	981.8536	158.51738	0.0	0.0	2285.0764	748.2287	0.0	0.0	1095.6787	0.0	98.91964	0.0	0.0	437.44815	0.0	0.0	0.0	0.0	1355.2526	1674.185	0.0	1119.2787	147.77147	1477.5513	0.0	1670.2772	2240.4753	288.68637	856.8935	0.0	0.0	0.0	401.21106	1230.5223	0.0	0.0	216.09212	854.8304	0.0	0.0	0.0
802.3598	0.0	953.5799	0.0	0.0	40.727825	0.0	0.0	0.0	1689.5327	0.0	2042.9453	0.0	0.0	95.39112	546.16724	0.0	0.0	0.0	0.0	0.0	0.0	249.03345	0.0	0.0	405.26602	0.0	1752.1022	0.0	0.0	0.0	429.1539	478.99435	0.0	1249.4648	0.0	414.0692	0.0	0.0	701.93	850.3826	0.0	1751.0883	0.0	0.0	589.4582	930.18604	0.0	0.0	479.75537	0.0	1100.5245	0.0	1554.2135	0.0	0.0	0.0	1445.7296	0.0	0.0	0.0	0.0	0.0	191.4969	0.0	0.0	819.40533	0.0	0.0	0.0	0.0	0.0	507.5659	0.0	1292.9198	0.0	0.0	0.0	304.464	363.6517	0.0	0.0	0.0	1446.7611	93.53091	0.0	0.0	963.69824	151.9498	0.0	0.0	2242.3015	734.90796	0.0	0.0	1077.5563	0.0	97.457886	0.0	0.0	428.46817	0.0	0.0	0.0	0.0	1327.9044	1645.7308	0.0	1093.3788	146.7527	1449.02	0.0	1643.6364	2197.2537	282.5565	837.11285	0.0	0.0	0.0	391.52365	1204.0323	0.0	0.0	209.81995	835.886	0.0	0.0	0.0
800.8912	0.0	952.5931	0.0	0.0	41.519573	0.0	0.0	0.0	1691.8141	0.0	2044.7379	0.0	0.0	98.22464	543.7536	0.0	0.0	0.0	0.0	0.0	0.0	248.33278	0.0	0.0	404.73157	0.0	1752.3877	0.0	0.0	0.0	428.1066	479.3352	0.0	1252.0571	0.0	413.0363	0.0	0.0	702.2559	849.61475	0.0	1750.0514	0.0	0.0	590.5674	933.6096	0.0	0.0	478.62137	0.0	1101.4683	0.0	1555.1753	0.0	0.0	0.0	1447.5621	0.0	0.0	0.0	0.0	0.0	192.10193	0.0	0.0	817.1889	0.0	0.0	0.0	0.0	0.0	509.31888	0.0	1294.8799	0.0	0.0	0.0	304.7944	363.2941	0.0	0.0	0.0	1446.4369	94.43332	0.0	0.0	961.96704	154.13722	0.0	0.0	2242.9753	737.3081	0.0	0.0	1078.3992	0.0	95.91043	0.0	0.0	430.57138	0.0	0.0	0.0	0.0	1331.5153	1645.2545	0.0	1094.4203	148.75285	1448.1727	0.0	1644.9633	2197.973	279.28445	837.1104	0.0	0.0	0.0	390.12863	1204.9991	0.0	0.0	213.44548	837.27026	0.0	0.0	0.0
835.22943	0.0	1013.2204	0.0	0.0	53.102703	0.0	0.0	0.0	1804.1078	0.0	2159.5466	0.0	0.0	115.43569	560.2165	0.0	0.0	0.0	0.0	0.0	0.0	270.8354	0.0	0.0	434.41415	0.0	1840.703	0.0	0.0	0.0	460.29007	505.2587	0.0	1326.7201	0.0	435.8275	0.0	0.0	742.33813	904.62396	0.0	1849.1885	0.0	0.0	629.5595	999.98944	0.0	0.0	488.34546	0.0	1176.8531	0.0	1648.3717	0.0	0.0	0.0	1520.7944	0.0	0.0	0.0	0.0	0.0	201.89943	0.0	0.0	850.8935	0.0	0.0	0.0	0.0	0.0	541.8763	0.0	1375.799	0.0	0.0	0.0	333.5693	388.3915	0.0	0.0	0.0	1532.665	108.49529	0.0	0.0	1016.3603	177.53526	0.0	0.0	2371.4846	782.07794	0.0	0.0	1139.9487	0.0	98.72437	0.0	0.0	459.78247	0.0	0.0	0.0	0.0	1422.755	1737.6134	0.0	1171.4974	161.19263	1531.1328	0.0	1735.778	2340.1853	290.55054	893.35455	0.0	0.0	0.0	414.8962	1283.3341	0.0	0.0	229.62663	894.47754	0.0	0.0	0.0
800.07855	0.0	951.2961	0.0	0.0	41.42957	0.0	0.0	0.0	1687.2324	0.0	2041.6769	0.0	0.0	96.91688	545.32196	0.0	0.0	0.0	0.0	0.0	0.0	249.23096	0.0	0.0	405.4888	0.0	1747.8837	0.0	0.0	0.0	427.63492	479.37363	0.0	1250.8646	0.0	412.9163	0.0	0.0	701.5239	846.6254	0.0	1748.2924	0.0	0.0	589.20416	931.60223	0.0	0.0	477.1749	0.0	1097.9891	0.0	1550.806	0.0	0.0	0.0	1443.106	0.0	0.0	0.0	0.0	0.0	190.63802	0.0	0.0	816.6219	0.0	0.0	0.0	0.0	0.0	507.64267	0.0	1293.4005	0.0	0.0	0.0	303.77353	363.32968	0.0	0.0	0.0	1444.5459	91.15572	0.0	0.0	962.71173	153.22545	0.0	0.0	2239.1384	734.3326	0.0	0.0	1076.0865	0.0	97.670815	0.0	0.0	430.25305	0.0	0.0	0.0	0.0	1329.4165	1641.4496	0.0	1091.1796	148.69128	1445.9224	0.0	1641.4781	2195.0554	280.78	837.0261	0.0	0.0	0.0	388.9376	1202.6295	0.0	0.0	211.08223	834.80835	0.0	0.0	0.0
794.3559	0.0	936.5296	0.0	0.0	39.755478	0.0	0.0	0.0	1663.7852	0.0	2015.9756	0.0	0.0	92.37186	542.586	0.0	0.0	0.0	0.0	0.0	0.0	243.78804	0.0	0.0	396.66492	0.0	1732.8184	0.0	0.0	0.0	420.20792	472.37524	0.0	1232.6543	0.0	408.91837	0.0	0.0	695.34546	836.7476	0.0	1727.9473	0.0	0.0	580.12616	915.2137	0.0	0.0	476.61426	0.0	1081.1617	0.0	1531.9174	0.0	0.0	0.0	1429.2582	0.0	0.0	0.0	0.0	0.0	189.23651	0.0	0.0	810.4831	0.0	0.0	0.0	0.0	0.0	498.62387	0.0	1275.1461	0.0	0.0	0.0	296.40433	358.28262	0.0	0.0	0.0	1427.502	88.75242	0.0	0.0	949.3591	147.71979	0.0	0.0	2211.985	723.4038	0.0	0.0	1062.5972	0.0	96.32715	0.0	0.0	420.58057	0.0	0.0	0.0	0.0	1307.103	1622.0782	0.0	1075.1615	146.5481	1429.5424	0.0	1621.2162	2163.7917	281.06442	824.87054	0.0	0.0	0.0	383.8594	1184.4281	0.0	0.0	206.01814	824.0467	0.0	0.0	0.0
831.17163	0.0	1004.366	0.0	0.0	50.20819	0.0	0.0	0.0	1788.2167	0.0	2140.5012	0.0	0.0	110.3198	557.63916	0.0	0.0	0.0	0.0	0.0	0.0	268.14014	0.0	0.0	430.4995	0.0	1828.4467	0.0	0.0	0.0	456.3943	500.6118	0.0	1312.5377	0.0	432.95056	0.0	0.0	736.46564	898.63446	0.0	1835.3336	0.0	0.0	624.09515	987.09424	0.0	0.0	488.15036	0.0	1166.903	0.0	1634.7598	0.0	0.0	0.0	1507.9135	0.0	0.0	0.0	0.0	0.0	200.50066	0.0	0.0	846.4444	0.0	0.0	0.0	0.0	0.0	536.0953	0.0	1361.606	0.0	0.0	0.0	330.5368	385.14734	0.0	0.0	0.0	1520.6484	107.7452	0.0	0.0	1009.8216	172.29382	0.0	0.0	2353.8772	773.73413	0.0	0.0	1129.3182	0.0	98.62195	0.0	0.0	453.29813	0.0	0.0	0.0	0.0	1406.0967	1724.0953	0.0	1161.3202	157.31169	1522.0151	0.0	1720.5673	2317.7234	291.8184	886.4287	0.0	0.0	0.0	413.50317	1272.1183	0.0	0.0	226.96089	887.01373	0.0	0.0	0.0
810.8284	0.0	965.5424	0.0	0.0	42.332912	0.0	0.0	0.0	1708.1029	0.0	2064.1736	0.0	0.0	95.992805	550.22955	0.0	0.0	0.0	0.0	0.0	0.0	252.44812	0.0	0.0	412.12292	0.0	1768.1377	0.0	0.0	0.0	434.17093	483.2546	0.0	1263.2035	0.0	419.1223	0.0	0.0	708.15155	860.52057	0.0	1768.8832	0.0	0.0	596.62726	941.23834	0.0	0.0	483.15494	0.0	1113.2506	0.0	1570.142	0.0	0.0	0.0	1460.3341	0.0	0.0	0.0	0.0	0.0	192.58684	0.0	0.0	827.5983	0.0	0.0	0.0	0.0	0.0	515.25397	0.0	1307.7645	0.0	0.0	0.0	308.62057	367.86685	0.0	0.0	0.0	1463.1112	96.43105	0.0	0.0	974.3796	154.09053	0.0	0.0	2267.2004	743.4809	0.0	0.0	1088.2413	0.0	99.54722	0.0	0.0	434.9611	0.0	0.0	0.0	0.0	1344.317	1662.2015	0.0	1106.6742	147.08058	1464.3691	0.0	1660.1425	2221.4736	284.88458	847.99066	0.0	0.0	0.0	396.22183	1218.9927	0.0	0.0	214.7796	846.0101	0.0	0.0	0.0
785.0732	0.0	927.0871	0.0	0.0	36.374245	0.0	0.0	0.0	1650.9365	0.0	1996.9764	0.0	0.0	94.89432	534.1888	0.0	0.0	0.0	0.0	0.0	0.0	240.55241	0.0	0.0	389.91525	0.0	1716.7958	0.0	0.0	0.0	416.85837	468.3734	0.0	1220.4316	0.0	402.48422	0.0	0.0	690.1013	826.03876	0.0	1708.9005	0.0	0.0	573.9914	906.6152	0.0	0.0	472.0837	0.0	1075.6044	0.0	1518.4318	0.0	0.0	0.0	1417.9557	0.0	0.0	0.0	0.0	0.0	188.19977	0.0	0.0	799.5049	0.0	0.0	0.0	0.0	0.0	491.74588	0.0	1262.3735	0.0	0.0	0.0	294.50122	355.76636	0.0	0.0	0.0	1412.4395	88.82037	0.0	0.0	937.07306	147.80382	0.0	0.0	2188.4656	719.4788	0.0	0.0	1050.7441	0.0	94.10978	0.0	0.0	416.809	0.0	0.0	0.0	0.0	1296.2794	1608.9767	0.0	1067.5057	146.76207	1414.5729	0.0	1607.3986	2143.4612	273.24393	811.9556	0.0	0.0	0.0	380.48062	1173.3546	0.0	0.0	202.53981	816.8015	0.0	0.0	0.0
792.9788	0.0	941.1848	0.0	0.0	39.10431	0.0	0.0	0.0	1671.2393	0.0	2019.3213	0.0	0.0	95.18762	538.54913	0.0	0.0	0.0	0.0	0.0	0.0	245.29817	0.0	0.0	398.41782	0.0	1733.5934	0.0	0.0	0.0	423.6998	473.45218	0.0	1236.1195	0.0	407.42932	0.0	0.0	694.7929	839.5046	0.0	1730.3285	0.0	0.0	583.08923	919.1247	0.0	0.0	475.47403	0.0	1088.8607	0.0	1535.9362	0.0	0.0	0.0	1431.2383	0.0	0.0	0.0	0.0	0.0	188.3669	0.0	0.0	807.8133	0.0	0.0	0.0	0.0	0.0	500.5978	0.0	1277.7831	0.0	0.0	0.0	301.17657	360.0249	0.0	0.0	0.0	1428.8824	92.37253	0.0	0.0	950.753	151.66264	0.0	0.0	2217.8396	727.3198	0.0	0.0	1063.7074	0.0	94.93615	0.0	0.0	423.9163	0.0	0.0	0.0	0.0	1312.7607	1626.1299	0.0	1081.4628	146.18799	1433.0109	0.0	1625.2948	2169.9211	277.71884	825.23553	0.0	0.0	0.0	386.646	1189.5917	0.0	0.0	205.96948	827.5735	0.0	0.0	0.0
793.93207	0.0	942.8796	0.0	0.0	39.5427	0.0	0.0	0.0	1672.0948	0.0	2018.2457	0.0	0.0	94.44851	536.70233	0.0	0.0	0.0	0.0	0.0	0.0	245.57202	0.0	0.0	399.57068	0.0	1730.8375	0.0	0.0	0.0	423.26675	472.23892	0.0	1235.0463	0.0	408.23715	0.0	0.0	693.54987	840.9156	0.0	1728.7866	0.0	0.0	583.8936	918.6276	0.0	0.0	475.44458	0.0	1090.6783	0.0	1535.193	0.0	0.0	0.0	1430.9165	0.0	0.0	0.0	0.0	0.0	187.48897	0.0	0.0	807.5386	0.0	0.0	0.0	0.0	0.0	502.32858	0.0	1277.5336	0.0	0.0	0.0	302.0983	359.81393	0.0	0.0	0.0	1429.7856	93.91482	0.0	0.0	950.75415	150.49619	0.0	0.0	2217.179	728.55853	0.0	0.0	1062.4471	0.0	96.27842	0.0	0.0	424.12796	0.0	0.0	0.0	0.0	1313.4625	1626.5238	0.0	1083.103	144.14508	1432.7153	0.0	1623.5488	2169.3123	277.64172	825.9245	0.0	0.0	0.0	388.27234	1191.4722	0.0	0.0	205.59924	828.1893	0.0	0.0	0.0
682.95776	0.0	734.6714	0.0	0.0	7.60527	0.0	0.0	0.0	1311.8881	0.0	1649.4918	0.0	0.0	55.08756	473.70068	0.0	0.0	0.0	0.0	0.0	0.0	166.33008	0.0	0.0	272.9281	0.0	1454.068	0.0	0.0	0.0	312.48605	384.33276	0.0	1000.0535	0.0	335.24673	0.0	0.0	587.336	655.68854	0.0	1397.5869	0.0	0.0	443.85645	714.988	0.0	0.0	444.44418	0.0	842.2805	0.0	1236.3727	0.0	0.0	0.0	1213.4818	0.0	0.0	0.0	0.0	0.0	157.49986	0.0	0.0	687.2561	0.0	0.0	0.0	0.0	0.0	376.9243	0.0	1007.553	0.0	0.0	0.0	186.56792	280.5809	0.0	0.0	0.0	1149.3511	54.243855	0.0	0.0	743.3853	83.08422	0.0	0.0	1782.3219	588.90424	0.0	0.0	868.3212	0.0	78.93673	0.0	0.0	318.1351	0.0	0.0	0.0	0.0	1021.56976	1333.5939	0.0	834.35455	130.91699	1150.6208	0.0	1335.5834	1716.0038	225.11913	627.3586	0.0	0.0	0.0	297.10883	919.46533	0.0	0.0	181.14172	647.28827	0.0	0.0	0.0
713.2498	0.0	778.91486	0.0	0.0	5.4403043	0.0	0.0	0.0	1391.5504	0.0	1742.764	0.0	0.0	63.925	493.3182	0.0	0.0	0.0	0.0	0.0	0.0	180.92462	0.0	0.0	293.257	0.0	1530.711	0.0	0.0	0.0	333.13052	406.3287	0.0	1059.5958	0.0	351.24683	0.0	0.0	618.84283	692.75977	0.0	1476.3403	0.0	0.0	473.47488	761.4566	0.0	0.0	459.8339	0.0	897.06665	0.0	1306.1996	0.0	0.0	0.0	1276.1652	0.0	0.0	0.0	0.0	0.0	164.98384	0.0	0.0	717.0008	0.0	0.0	0.0	0.0	0.0	397.9786	0.0	1068.7886	0.0	0.0	0.0	203.88971	296.40396	0.0	0.0	0.0	1211.3158	60.318203	0.0	0.0	784.779	97.85141	0.0	0.0	1882.5889	624.0385	0.0	0.0	918.3421	0.0	81.705284	0.0	0.0	340.84576	0.0	0.0	0.0	0.0	1087.5375	1405.1777	0.0	887.25116	138.64478	1214.9836	0.0	1408.6206	1817.9302	234.94109	662.8422	0.0	0.0	0.0	316.1988	979.41754	0.0	0.0	190.8869	685.73267	0.0	0.0	0.0
676.4009	0.0	720.13617	0.0	0.0	6.537251	0.0	0.0	0.0	1285.0703	0.0	1620.424	0.0	0.0	48.553875	472.4374	0.0	0.0	0.0	0.0	0.0	0.0	161.08641	0.0	0.0	266.99374	0.0	1434.4369	0.0	0.0	0.0	305.4147	377.828	0.0	979.2231	0.0	331.50327	0.0	0.0	577.28827	645.0986	0.0	1375.2646	0.0	0.0	434.50595	696.0391	0.0	0.0	443.76346	0.0	823.658	0.0	1213.8716	0.0	0.0	0.0	1195.0018	0.0	0.0	0.0	0.0	0.0	156.24458	0.0	0.0	682.4876	0.0	0.0	0.0	0.0	0.0	369.86075	0.0	986.27435	0.0	0.0	0.0	180.91176	274.81122	0.0	0.0	0.0	1130.7128	52.42261	0.0	0.0	733.47174	74.46807	0.0	0.0	1753.6001	575.65283	0.0	0.0	853.2674	0.0	78.13064	0.0	0.0	308.72336	0.0	0.0	0.0	0.0	995.2861	1312.6793	0.0	815.9261	126.58543	1133.4829	0.0	1312.6094	1680.4784	226.80537	617.0727	0.0	0.0	0.0	291.44824	899.28955	0.0	0.0	178.54585	633.92084	0.0	0.0	0.0
700.3865	0.0	766.66705	0.0	0.0	6.4355187	0.0	0.0	0.0	1372.2467	0.0	1716.153	0.0	0.0	64.57488	482.63452	0.0	0.0	0.0	0.0	0.0	0.0	176.7685	0.0	0.0	288.14413	0.0	1505.0635	0.0	0.0	0.0	327.1492	400.42105	0.0	1044.3658	0.0	344.82617	0.0	0.0	609.30975	680.4184	0.0	1452.3169	0.0	0.0	467.17358	753.0276	0.0	0.0	450.9473	0.0	883.9666	0.0	1286.4698	0.0	0.0	0.0	1256.4218	0.0	0.0	0.0	0.0	0.0	162.3694	0.0	0.0	702.26984	0.0	0.0	0.0	0.0	0.0	393.2582	0.0	1054.109	0.0	0.0	0.0	201.01703	291.20242	0.0	0.0	0.0	1191.0819	59.190693	0.0	0.0	770.15753	98.82119	0.0	0.0	1851.6284	617.1517	0.0	0.0	904.51154	0.0	79.510185	0.0	0.0	337.8308	0.0	0.0	0.0	0.0	1074.2394	1383.544	0.0	874.59595	138.19476	1194.1641	0.0	1387.7316	1789.9877	226.63698	651.2442	0.0	0.0	0.0	311.34586	963.4421	0.0	0.0	189.93811	676.0029	0.0	0.0	0.0
698.04736	0.0	767.7094	0.0	0.0	8.388691	0.0	0.0	0.0	1376.777	0.0	1718.1832	0.0	0.0	63.76884	482.40494	0.0	0.0	0.0	0.0	0.0	0.0	178.24837	0.0	0.0	292.4921	0.0	1502.8516	0.0	0.0	0.0	327.55118	403.5795	0.0	1044.4254	0.0	344.40738	0.0	0.0	605.01245	676.7937	0.0	1453.1924	0.0	0.0	470.35617	754.5506	0.0	0.0	447.86417	0.0	886.5818	0.0	1286.3424	0.0	0.0	0.0	1253.6632	0.0	0.0	0.0	0.0	0.0	163.1465	0.0	0.0	699.8882	0.0	0.0	0.0	0.0	0.0	397.91028	0.0	1057.6738	0.0	0.0	0.0	203.68152	290.02658	0.0	0.0	0.0	1190.933	58.664867	0.0	0.0	775.48584	98.853966	0.0	0.0	1851.9379	619.76666	0.0	0.0	904.3012	0.0	79.39329	0.0	0.0	341.65457	0.0	0.0	0.0	0.0	1078.2108	1384.3359	0.0	875.0562	138.33568	1194.1134	0.0	1386.7964	1790.3168	224.93706	653.49896	0.0	0.0	0.0	312.98877	965.9122	0.0	0.0	193.88872	677.43097	0.0	0.0	0.0
681.35944	0.0	739.18585	0.0	0.0	5.534031	0.0	0.0	0.0	1321.8853	0.0	1658.5758	0.0	0.0	58.247295	472.38663	0.0	0.0	0.0	0.0	0.0	0.0	168.77812	0.0	0.0	276.54434	0.0	1458.6459	0.0	0.0	0.0	314.16052	387.1774	0.0	1006.7039	0.0	335.4199	0.0	0.0	588.6833	657.57886	0.0	1404.7031	0.0	0.0	449.0187	722.57513	0.0	0.0	441.96802	0.0	849.9885	0.0	1241.8514	0.0	0.0	0.0	1216.2617	0.0	0.0	0.0	0.0	0.0	158.07494	0.0	0.0	684.4963	0.0	0.0	0.0	0.0	0.0	379.76883	0.0	1015.2663	0.0	0.0	0.0	190.5464	280.46072	0.0	0.0	0.0	1151.6925	55.590427	0.0	0.0	746.1338	88.771706	0.0	0.0	1790.252	593.904	0.0	0.0	873.8074	0.0	77.58718	0.0	0.0	322.74033	0.0	0.0	0.0	0.0	1031.2224	1338.5211	0.0	840.618	132.56343	1155.8029	0.0	1341.3295	1725.5258	223.81148	630.1463	0.0	0.0	0.0	299.82724	927.376	0.0	0.0	183.84315	651.42865	0.0	0.0	0.0
711.5927	0.0	774.0454	0.0	0.0	5.931324	0.0	0.0	0.0	1384.6367	0.0	1735.6055	0.0	0.0	62.530396	490.70883	0.0	0.0	0.0	0.0	0.0	0.0	178.34685	0.0	0.0	290.39188	0.0	1524.9767	0.0	0.0	0.0	329.79172	404.15866	0.0	1056.2335	0.0	350.02734	0.0	0.0	616.8493	688.91095	0.0	1468.9253	0.0	0.0	471.0099	759.2544	0.0	0.0	458.68954	0.0	891.1865	0.0	1300.4694	0.0	0.0	0.0	1272.8718	0.0	0.0	0.0	0.0	0.0	163.91125	0.0	0.0	713.6182	0.0	0.0	0.0	0.0	0.0	397.2806	0.0	1065.2206	0.0	0.0	0.0	199.16026	294.25323	0.0	0.0	0.0	1204.7201	58.968563	0.0	0.0	779.0952	96.88678	0.0	0.0	1872.8232	622.93427	0.0	0.0	914.93475	0.0	81.12328	0.0	0.0	339.3077	0.0	0.0	0.0	0.0	1083.7708	1399.2572	0.0	882.3029	139.53955	1207.8248	0.0	1403.2155	1809.2203	231.24419	659.219	0.0	0.0	0.0	313.89584	973.1567	0.0	0.0	193.19795	682.74615	0.0	0.0	0.0
772.7593	0.0	845.70917	0.0	0.0	6.4658146	0.0	0.0	0.0	1516.6191	0.0	1887.9962	0.0	0.0	70.80618	540.4682	0.0	0.0	0.0	0.0	0.0	0.0	199.18199	0.0	0.0	322.04922	0.0	1664.1162	0.0	0.0	0.0	366.89246	442.67587	0.0	1142.5273	0.0	379.973	0.0	0.0	674.90985	754.86554	0.0	1609.482	0.0	0.0	513.91437	821.32	0.0	0.0	495.0557	0.0	977.9919	0.0	1420.0732	0.0	0.0	0.0	1378.4357	0.0	0.0	0.0	0.0	0.0	179.47656	0.0	0.0	778.5783	0.0	0.0	0.0	0.0	0.0	429.30017	0.0	1157.686	0.0	0.0	0.0	229.71504	327.1654	0.0	0.0	0.0	1319.5713	66.43641	0.0	0.0	862.3597	103.21084	0.0	0.0	2049.9312	670.3134	0.0	0.0	993.2292	0.0	88.42609	0.0	0.0	362.41293	0.0	0.0	0.0	0.0	1173.2256	1529.4401	0.0	967.08014	149.75989	1329.6796	0.0	1528.5101	1977.8838	265.78098	726.1372	0.0	0.0	0.0	345.94467	1063.508	0.0	0.0	203.87993	748.82196	0.0	0.0	0.0
696.1509	0.0	748.934	0.0	0.0	3.5294545	0.0	0.0	0.0	1341.5143	0.0	1681.3768	0.0	0.0	53.478085	492.04114	0.0	0.0	0.0	0.0	0.0	0.0	169.70757	0.0	0.0	282.55164	0.0	1490.6549	0.0	0.0	0.0	319.55423	396.1097	0.0	1012.6712	0.0	340.66507	0.0	0.0	598.4801	669.2491	0.0	1434.4081	0.0	0.0	454.42554	720.7614	0.0	0.0	456.285	0.0	862.1453	0.0	1261.0514	0.0	0.0	0.0	1232.2913	0.0	0.0	0.0	0.0	0.0	163.4624	0.0	0.0	703.45807	0.0	0.0	0.0	0.0	0.0	382.87988	0.0	1024.371	0.0	0.0	0.0	199.13203	286.03006	0.0	0.0	0.0	1173.7682	56.104954	0.0	0.0	769.4004	78.72825	0.0	0.0	1826.1176	594.4887	0.0	0.0	885.2044	0.0	79.79038	0.0	0.0	319.00772	0.0	0.0	0.0	0.0	1030.9426	1366.5677	0.0	851.2588	130.86176	1185.9695	0.0	1361.8889	1747.7085	243.87157	643.6822	0.0	0.0	0.0	306.60043	937.34125	0.0	0.0	182.76959	660.9683	0.0	0.0	0.0
908.967	0.0	1041.2705	0.0	0.0	15.383869	0.0	0.0	0.0	1879.5443	0.0	2306.177	0.0	0.0	109.556175	619.3486	0.0	0.0	0.0	0.0	0.0	0.0	257.0284	0.0	0.0	404.76303	0.0	1994.7521	0.0	0.0	0.0	458.22403	541.7684	0.0	1404.3849	0.0	449.70163	0.0	0.0	806.1153	913.5007	0.0	1949.5043	0.0	0.0	644.4085	1032.7467	0.0	0.0	562.88916	0.0	1222.9305	0.0	1738.1044	0.0	0.0	0.0	1661.3344	0.0	0.0	0.0	0.0	0.0	215.76106	0.0	0.0	907.7166	0.0	0.0	0.0	0.0	0.0	538.0461	0.0	1428.4707	0.0	0.0	0.0	303.57065	400.86447	0.0	0.0	0.0	1598.7328	90.96645	0.0	0.0	1048.315	163.29732	0.0	0.0	2489.9607	837.5782	0.0	0.0	1207.4681	0.0	100.64919	0.0	0.0	466.02832	0.0	0.0	0.0	0.0	1472.9628	1855.1338	0.0	1201.9532	188.86287	1605.9283	0.0	1858.2162	2430.3572	288.73434	883.1857	0.0	0.0	0.0	429.84634	1316.2607	0.0	0.0	251.9182	929.3083	0.0	0.0	0.0
691.35333	0.0	755.0162	0.0	0.0	3.9178991	0.0	0.0	0.0	1352.5651	0.0	1693.0748	0.0	0.0	61.813793	478.9468	0.0	0.0	0.0	0.0	0.0	0.0	173.28575	0.0	0.0	284.4415	0.0	1487.2142	0.0	0.0	0.0	321.44485	396.22415	0.0	1028.695	0.0	340.00134	0.0	0.0	599.4375	670.1097	0.0	1433.5831	0.0	0.0	461.1155	739.9682	0.0	0.0	447.3191	0.0	870.8699	0.0	1267.9006	0.0	0.0	0.0	1239.2944	0.0	0.0	0.0	0.0	0.0	161.3126	0.0	0.0	693.864	0.0	0.0	0.0	0.0	0.0	388.40918	0.0	1038.0297	0.0	0.0	0.0	198.49962	285.14444	0.0	0.0	0.0	1173.9985	57.81161	0.0	0.0	762.062	94.37787	0.0	0.0	1827.6729	607.61066	0.0	0.0	892.6189	0.0	77.98336	0.0	0.0	331.634	0.0	0.0	0.0	0.0	1055.3593	1366.2562	0.0	860.0938	135.18341	1179.6349	0.0	1368.5853	1762.2015	226.90218	642.3818	0.0	0.0	0.0	307.43784	949.054	0.0	0.0	187.59209	665.6172	0.0	0.0	0.0
865.0798	0.0	973.4008	0.0	0.0	26.621714	0.0	0.0	0.0	1746.9039	0.0	2163.4983	0.0	0.0	107.957245	567.79974	0.0	0.0	0.0	0.0	0.0	0.0	238.1498	0.0	0.0	362.4103	0.0	1863.3525	0.0	0.0	0.0	424.45523	495.96704	0.0	1335.4458	0.0	430.2413	0.0	0.0	768.97455	859.5961	0.0	1810.6207	0.0	0.0	591.4434	980.5422	0.0	0.0	531.04803	0.0	1134.0353	0.0	1628.3032	0.0	0.0	0.0	1578.0527	0.0	0.0	0.0	0.0	0.0	194.96437	0.0	0.0	854.0877	0.0	0.0	0.0	0.0	0.0	495.39493	0.0	1344.2626	0.0	0.0	0.0	250.20752	377.053	0.0	0.0	0.0	1497.6927	83.56763	0.0	0.0	951.73926	159.73283	0.0	0.0	2313.095	793.4143	0.0	0.0	1136.7627	0.0	95.54902	0.0	0.0	440.338	0.0	0.0	0.0	0.0	1396.9323	1725.659	0.0	1121.7896	186.48622	1481.0507	0.0	1743.62	2285.802	246.05278	817.7259	0.0	0.0	0.0	391.91516	1232.7394	0.0	0.0	239.41365	864.3713	0.0	0.0	0.0
687.5342	0.0	740.0945	0.0	0.0	6.8820376	0.0	0.0	0.0	1322.3287	0.0	1662.3099	0.0	0.0	55.94806	477.9846	0.0	0.0	0.0	0.0	0.0	0.0	168.01184	0.0	0.0	275.391	0.0	1465.8716	0.0	0.0	0.0	314.69876	387.3757	0.0	1007.05176	0.0	337.95627	0.0	0.0	591.55853	660.9763	0.0	1409.1969	0.0	0.0	447.25644	719.7564	0.0	0.0	447.3041	0.0	849.365	0.0	1245.8776	0.0	0.0	0.0	1221.3358	0.0	0.0	0.0	0.0	0.0	159.2064	0.0	0.0	691.9263	0.0	0.0	0.0	0.0	0.0	379.21603	0.0	1014.86816	0.0	0.0	0.0	189.01668	282.57956	0.0	0.0	0.0	1157.8583	55.19018	0.0	0.0	750.3099	83.71491	0.0	0.0	1796.0914	592.81354	0.0	0.0	874.75507	0.0	79.10316	0.0	0.0	319.67307	0.0	0.0	0.0	0.0	1028.4232	1343.7279	0.0	840.84406	131.29329	1160.8112	0.0	1345.0562	1728.9027	228.67151	632.12354	0.0	0.0	0.0	299.81625	927.24884	0.0	0.0	182.49695	652.31244	0.0	0.0	0.0
858.6316	0.0	923.7762	0.0	0.0	0.0	0.0	0.0	0.0	1660.1475	0.0	2065.8242	0.0	0.0	54.476147	632.0053	0.0	0.0	0.0	0.0	0.0	0.0	212.6748	0.0	0.0	363.9568	0.0	1851.4984	0.0	0.0	0.0	402.33276	496.25333	0.0	1223.7926	0.0	416.74844	0.0	0.0	733.10675	829.7955	0.0	1791.0367	0.0	0.0	563.4197	862.0227	0.0	0.0	567.9619	0.0	1066.7142	0.0	1554.826	0.0	0.0	0.0	1499.9127	0.0	0.0	0.0	0.0	0.0	207.13063	0.0	0.0	879.4842	0.0	0.0	0.0	0.0	0.0	471.63257	0.0	1250.3124	0.0	0.0	0.0	273.11826	356.0516	0.0	0.0	0.0	1457.4899	70.02267	0.0	0.0	986.132	77.17187	0.0	0.0	2277.4114	712.41425	0.0	0.0	1084.534	0.0	100.60876	0.0	0.0	376.73483	0.0	0.0	0.0	0.0	1237.4752	1698.3838	0.0	1048.6903	148.46924	1497.1617	0.0	1675.5049	2147.8816	342.72122	810.3489	0.0	0.0	0.0	387.6377	1154.0685	0.0	0.0	214.96574	819.0916	0.0	0.0	0.0
735.4658	0.0	782.6326	0.0	0.0	0.12486712	0.0	0.0	0.0	1401.7329	0.0	1756.8564	0.0	0.0	44.658802	536.55865	0.0	0.0	0.0	0.0	0.0	0.0	175.56105	0.0	0.0	300.23276	0.0	1575.087	0.0	0.0	0.0	336.98465	418.8053	0.0	1044.6538	0.0	358.25858	0.0	0.0	625.8711	704.1629	0.0	1515.4015	0.0	0.0	474.16553	733.43964	0.0	0.0	490.52402	0.0	898.8068	0.0	1319.1034	0.0	0.0	0.0	1285.1954	0.0	0.0	0.0	0.0	0.0	175.83012	0.0	0.0	752.19824	0.0	0.0	0.0	0.0	0.0	398.2443	0.0	1061.4274	0.0	0.0	0.0	218.45998	300.97336	0.0	0.0	0.0	1236.023	57.782288	0.0	0.0	825.3711	64.32395	0.0	0.0	1927.0878	608.6768	0.0	0.0	924.05646	0.0	85.55005	0.0	0.0	320.96823	0.0	0.0	0.0	0.0	1052.3469	1440.9288	0.0	885.9095	129.32097	1262.2487	0.0	1426.0026	1821.1996	283.10464	682.40326	0.0	0.0	0.0	324.57993	974.9194	0.0	0.0	184.93718	691.25665	0.0	0.0	0.0
743.5047	0.0	796.1369	0.0	0.0	1.001439	0.0	0.0	0.0	1426.9698	0.0	1785.506	0.0	0.0	49.521885	538.4077	0.0	0.0	0.0	0.0	0.0	0.0	179.48714	0.0	0.0	304.28177	0.0	1594.9037	0.0	0.0	0.0	342.3036	424.28784	0.0	1064.7277	0.0	361.49728	0.0	0.0	635.3904	714.18964	0.0	1536.6373	0.0	0.0	482.7994	750.70966	0.0	0.0	493.08786	0.0	916.9549	0.0	1341.2411	0.0	0.0	0.0	1304.7589	0.0	0.0	0.0	0.0	0.0	177.4551	0.0	0.0	758.10376	0.0	0.0	0.0	0.0	0.0	405.1613	0.0	1080.4696	0.0	0.0	0.0	222.58372	306.08905	0.0	0.0	0.0	1253.7953	60.176117	0.0	0.0	835.1323	71.14767	0.0	0.0	1954.6681	621.4932	0.0	0.0	938.66376	0.0	85.890465	0.0	0.0	329.4807	0.0	0.0	0.0	0.0	1075.6986	1461.8052	0.0	902.8719	132.8529	1278.209	0.0	1448.7577	1853.2725	280.0904	690.99164	0.0	0.0	0.0	330.08444	993.01874	0.0	0.0	187.55537	703.8249	0.0	0.0	0.0
691.80975	0.0	737.0018	0.0	0.0	4.112826	0.0	0.0	0.0	1317.6296	0.0	1657.9917	0.0	0.0	47.91405	489.4331	0.0	0.0	0.0	0.0	0.0	0.0	165.08826	0.0	0.0	277.1453	0.0	1472.5024	0.0	0.0	0.0	313.3695	390.55814	0.0	997.29785	0.0	339.04214	0.0	0.0	589.4969	659.57983	0.0	1413.33	0.0	0.0	445.6273	706.535	0.0	0.0	455.93506	0.0	844.613	0.0	1242.0548	0.0	0.0	0.0	1219.2883	0.0	0.0	0.0	0.0	0.0	161.86115	0.0	0.0	700.1924	0.0	0.0	0.0	0.0	0.0	378.65552	0.0	1007.934	0.0	0.0	0.0	191.982	281.7175	0.0	0.0	0.0	1158.9696	53.849102	0.0	0.0	759.2264	71.677246	0.0	0.0	1801.0831	585.4206	0.0	0.0	872.39526	0.0	80.30919	0.0	0.0	313.1129	0.0	0.0	0.0	0.0	1012.3894	1347.977	0.0	835.02435	127.58248	1169.2076	0.0	1343.0233	1718.435	242.60555	635.1748	0.0	0.0	0.0	300.40384	921.01447	0.0	0.0	181.05229	649.6279	0.0	0.0	0.0
692.0276	0.0	745.1987	0.0	0.0	5.575287	0.0	0.0	0.0	1333.9193	0.0	1673.4366	0.0	0.0	55.62642	483.38428	0.0	0.0	0.0	0.0	0.0	0.0	169.8278	0.0	0.0	279.6294	0.0	1478.1217	0.0	0.0	0.0	318.1185	392.0747	0.0	1012.4936	0.0	339.1997	0.0	0.0	595.648	665.8457	0.0	1421.5675	0.0	0.0	451.6464	723.74243	0.0	0.0	450.14127	0.0	856.9841	0.0	1254.6876	0.0	0.0	0.0	1228.811	0.0	0.0	0.0	0.0	0.0	160.77275	0.0	0.0	696.5745	0.0	0.0	0.0	0.0	0.0	381.84903	0.0	1022.03876	0.0	0.0	0.0	192.95001	285.10416	0.0	0.0	0.0	1166.7882	56.097416	0.0	0.0	758.9476	83.25935	0.0	0.0	1812.3011	595.23846	0.0	0.0	880.5252	0.0	79.51525	0.0	0.0	321.01877	0.0	0.0	0.0	0.0	1034.1332	1355.5477	0.0	848.3537	132.38844	1172.9935	0.0	1355.2153	1741.3466	233.4257	639.3176	0.0	0.0	0.0	303.03955	933.6711	0.0	0.0	184.40369	658.6189	0.0	0.0	0.0
725.74725	0.0	801.55225	0.0	0.0	6.683624	0.0	0.0	0.0	1436.0107	0.0	1784.5409	0.0	0.0	75.37702	490.93625	0.0	0.0	0.0	0.0	0.0	0.0	185.18715	0.0	0.0	297.07214	0.0	1555.6083	0.0	0.0	0.0	342.04276	414.79324	0.0	1089.0243	0.0	358.60587	0.0	0.0	633.6468	708.9766	0.0	1503.9473	0.0	0.0	484.00986	788.4112	0.0	0.0	465.07584	0.0	927.6628	0.0	1337.4424	0.0	0.0	0.0	1306.4105	0.0	0.0	0.0	0.0	0.0	165.4652	0.0	0.0	723.3376	0.0	0.0	0.0	0.0	0.0	408.43774	0.0	1096.4628	0.0	0.0	0.0	208.2428	303.55685	0.0	0.0	0.0	1237.17	66.73226	0.0	0.0	798.049	105.220924	0.0	0.0	1919.1295	647.56793	0.0	0.0	939.3369	0.0	79.327324	0.0	0.0	352.91714	0.0	0.0	0.0	0.0	1123.2567	1437.898	0.0	915.3382	146.55196	1237.7909	0.0	1439.331	1865.6466	225.44688	677.91	0.0	0.0	0.0	326.52332	1005.52704	0.0	0.0	194.14452	706.9251	0.0	0.0	0.0
675.81934	0.0	733.1689	0.0	0.0	6.102266	0.0	0.0	0.0	1299.2365	0.0	1636.2987	0.0	0.0	53.327682	471.76978	0.0	0.0	0.0	0.0	0.0	0.0	166.45177	0.0	0.0	273.02432	0.0	1444.6813	0.0	0.0	0.0	312.21	380.85776	0.0	987.9121	0.0	334.90823	0.0	0.0	582.842	653.98627	0.0	1388.7164	0.0	0.0	438.57266	706.3716	0.0	0.0	439.49072	0.0	834.9084	0.0	1223.2578	0.0	0.0	0.0	1199.6455	0.0	0.0	0.0	0.0	0.0	158.73706	0.0	0.0	684.06586	0.0	0.0	0.0	0.0	0.0	374.06247	0.0	996.60333	0.0	0.0	0.0	189.24568	277.07724	0.0	0.0	0.0	1140.6693	54.811275	0.0	0.0	737.5744	81.062256	0.0	0.0	1769.3076	580.392	0.0	0.0	861.15106	0.0	76.469826	0.0	0.0	314.4437	0.0	0.0	0.0	0.0	1005.0449	1322.2523	0.0	823.1741	127.58988	1142.9427	0.0	1321.5695	1701.4315	230.33376	624.7645	0.0	0.0	0.0	296.96762	916.1562	0.0	0.0	177.20988	638.0267	0.0	0.0	0.0
707.1976	0.0	768.4793	0.0	0.0	6.5332866	0.0	0.0	0.0	1381.3112	0.0	1723.2494	0.0	0.0	65.51142	488.2589	0.0	0.0	0.0	0.0	0.0	0.0	178.91026	0.0	0.0	289.9356	0.0	1514.7814	0.0	0.0	0.0	330.79422	403.53848	0.0	1046.7023	0.0	346.84952	0.0	0.0	612.5349	684.5245	0.0	1460.9238	0.0	0.0	467.21118	753.44293	0.0	0.0	453.63614	0.0	889.60785	0.0	1295.435	0.0	0.0	0.0	1263.3685	0.0	0.0	0.0	0.0	0.0	163.72417	0.0	0.0	708.6844	0.0	0.0	0.0	0.0	0.0	395.37256	0.0	1057.7074	0.0	0.0	0.0	202.29091	296.31497	0.0	0.0	0.0	1201.1552	60.041035	0.0	0.0	780.4009	94.60785	0.0	0.0	1864.151	617.60913	0.0	0.0	906.23956	0.0	81.40652	0.0	0.0	335.6564	0.0	0.0	0.0	0.0	1077.8722	1393.0565	0.0	879.8332	138.51602	1204.7322	0.0	1394.7949	1801.2203	232.83879	658.022	0.0	0.0	0.0	312.14984	968.3264	0.0	0.0	189.84254	681.82916	0.0	0.0	0.0
901.9659	0.0	1015.2085	0.0	0.0	32.8811	0.0	0.0	0.0	1816.7334	0.0	2258.087	0.0	0.0	116.61155	584.8702	0.0	0.0	0.0	0.0	0.0	0.0	246.90782	0.0	0.0	373.52527	0.0	1936.7867	0.0	0.0	0.0	439.92087	513.7395	0.0	1400.7914	0.0	452.17615	0.0	0.0	805.3691	895.6543	0.0	1881.0582	0.0	0.0	613.76733	1030.9698	0.0	0.0	551.34717	0.0	1175.5582	0.0	1697.1328	0.0	0.0	0.0	1650.0453	0.0	0.0	0.0	0.0	0.0	201.0305	0.0	0.0	889.44086	0.0	0.0	0.0	0.0	0.0	516.8493	0.0	1406.2251	0.0	0.0	0.0	253.11101	392.2756	0.0	0.0	0.0	1559.9805	83.76479	0.0	0.0	980.85815	172.3421	0.0	0.0	2401.719	833.8775	0.0	0.0	1187.1532	0.0	99.716576	0.0	0.0	463.8068	0.0	0.0	0.0	0.0	1465.9995	1793.7574	0.0	1167.7421	197.0714	1531.9686	0.0	1817.9185	2385.8066	244.87178	847.6323	0.0	0.0	0.0	404.46973	1284.7179	0.0	0.0	252.44902	896.8631	0.0	0.0	0.0
687.34985	0.0	746.5915	0.0	0.0	4.2102094	0.0	0.0	0.0	1336.4369	0.0	1675.4125	0.0	0.0	59.713734	475.20908	0.0	0.0	0.0	0.0	0.0	0.0	170.41405	0.0	0.0	279.92682	0.0	1472.8483	0.0	0.0	0.0	317.45554	391.14066	0.0	1017.7066	0.0	338.03067	0.0	0.0	594.2868	663.80597	0.0	1417.7521	0.0	0.0	454.67932	731.1025	0.0	0.0	445.47083	0.0	859.85596	0.0	1254.5361	0.0	0.0	0.0	1228.889	0.0	0.0	0.0	0.0	0.0	159.62975	0.0	0.0	689.50507	0.0	0.0	0.0	0.0	0.0	383.96094	0.0	1026.9843	0.0	0.0	0.0	193.06807	282.3951	0.0	0.0	0.0	1162.5099	56.42935	0.0	0.0	752.5341	91.20272	0.0	0.0	1808.1842	600.9172	0.0	0.0	883.1286	0.0	78.37069	0.0	0.0	327.4283	0.0	0.0	0.0	0.0	1043.7687	1351.9315	0.0	849.6159	134.1072	1166.5897	0.0	1354.503	1743.4404	224.74214	635.8392	0.0	0.0	0.0	302.68338	937.77094	0.0	0.0	185.92635	658.08	0.0	0.0	0.0
763.0892	0.0	851.9631	0.0	0.0	16.412169	0.0	0.0	0.0	1524.222	0.0	1900.3452	0.0	0.0	84.72648	510.4335	0.0	0.0	0.0	0.0	0.0	0.0	201.1877	0.0	0.0	316.55453	0.0	1645.0875	0.0	0.0	0.0	365.09927	437.16345	0.0	1168.1606	0.0	377.83847	0.0	0.0	673.1716	751.94196	0.0	1594.2516	0.0	0.0	519.29596	851.521	0.0	0.0	479.45117	0.0	985.88055	0.0	1425.0312	0.0	0.0	0.0	1387.416	0.0	0.0	0.0	0.0	0.0	174.06976	0.0	0.0	759.0948	0.0	0.0	0.0	0.0	0.0	435.83118	0.0	1173.9628	0.0	0.0	0.0	219.61572	324.0834	0.0	0.0	0.0	1311.9128	68.487595	0.0	0.0	838.0076	129.84105	0.0	0.0	2034.0392	693.56476	0.0	0.0	1000.4489	0.0	84.73086	0.0	0.0	384.4259	0.0	0.0	0.0	0.0	1211.828	1519.0967	0.0	975.17426	159.44106	1303.4843	0.0	1532.8729	1992.5498	223.79176	715.2012	0.0	0.0	0.0	344.28238	1073.6919	0.0	0.0	210.66222	752.0522	0.0	0.0	0.0
707.52435	0.0	785.3211	0.0	0.0	7.4246993	0.0	0.0	0.0	1407.7938	0.0	1754.5386	0.0	0.0	68.36488	486.4475	0.0	0.0	0.0	0.0	0.0	0.0	182.97926	0.0	0.0	298.04565	0.0	1531.7162	0.0	0.0	0.0	336.3303	410.0065	0.0	1068.1799	0.0	348.94507	0.0	0.0	616.6025	693.0705	0.0	1482.0094	0.0	0.0	482.56747	774.3575	0.0	0.0	453.426	0.0	908.7612	0.0	1315.632	0.0	0.0	0.0	1279.339	0.0	0.0	0.0	0.0	0.0	166.66412	0.0	0.0	710.11523	0.0	0.0	0.0	0.0	0.0	406.45914	0.0	1079.2482	0.0	0.0	0.0	212.3835	296.49728	0.0	0.0	0.0	1214.392	62.573452	0.0	0.0	788.814	107.525085	0.0	0.0	1890.8673	634.51996	0.0	0.0	924.55255	0.0	79.07394	0.0	0.0	350.81534	0.0	0.0	0.0	0.0	1103.6869	1411.7511	0.0	896.7498	140.1026	1217.8832	0.0	1417.1505	1830.2672	224.97453	665.05005	0.0	0.0	0.0	321.31445	988.5667	0.0	0.0	195.18304	693.2852	0.0	0.0	0.0
