0.0	68.6181	0.0	83.50057	0.0	0.0	5.6941705	0.0	0.0	0.0	0.0	9.627148	0.0	0.0	310.7515	0.0	151.0315	0.0	0.0	170.01833	0.0	0.0	0.0	96.83603	0.0	0.0	141.51341	0.0	0.0	91.44198	0.0	0.0	0.0	0.0	0.0	108.60199	0.0	27.10953	0.0	0.0	91.084236	12.094541	143.14674	0.0	0.0	0.0	88.566414	108.81629	64.43839	0.0	0.0	0.0	0.0	140.20421	0.0	0.0	9.333182	0.0	0.0	85.99932	49.230377	0.0	0.0	0.0	0.0	0.0	26.834848	112.283905	0.0	158.34602	93.95017	0.0	176.15422	0.0	89.82083	0.0	0.0	0.0	77.50416	0.0	0.0	80.318794	110.32658	0.0	329.16788	11.397677	0.0	0.0	105.96581	193.35779	0.0	0.0	30.11525	0.0	0.0	0.86269695	276.48477	0.0	0.0	0.0	39.360107	0.0	0.0	0.0	163.77602	265.38205	0.0	85.14803	0.0	0.0	38.714706	0.0	18.577875	0.0	0.0	0.0	0.0	0.0	0.0	0.0	88.07681	0.0	172.69	0.0	0.0	97.723305	0.0	0.0
0.0	68.6768	0.0	81.73849	0.0	0.0	5.5074654	0.0	0.0	0.0	0.0	9.359414	0.0	0.0	306.4247	0.0	149.27692	0.0	0.0	168.13727	0.0	0.0	0.0	95.25784	0.0	0.0	139.32336	0.0	0.0	89.97461	0.0	0.0	0.0	0.0	0.0	107.8133	0.0	26.427908	0.0	0.0	89.7439	11.270074	141.10863	0.0	0.0	0.0	87.69726	107.83431	63.563457	0.0	0.0	0.0	0.0	138.92683	0.0	0.0	9.863454	0.0	0.0	84.14847	48.855717	0.0	0.0	0.0	0.0	0.0	26.182997	110.87958	0.0	156.52261	92.85731	0.0	173.5794	0.0	89.748535	0.0	0.0	0.0	76.313896	0.0	0.0	78.72791	109.18673	0.0	324.8225	11.329189	0.0	0.0	105.281044	190.31679	0.0	0.0	29.784712	0.0	0.0	0.2573732	272.5392	0.0	0.0	0.0	39.19408	0.0	0.0	0.0	161.86903	262.01917	0.0	83.95441	0.0	0.0	37.910496	0.0	19.065859	0.0	0.0	0.0	0.0	0.0	0.0	0.0	87.37864	0.0	170.58115	0.0	0.0	96.08832	0.0	0.0
0.0	68.96374	0.0	85.66116	0.0	0.0	6.7738605	0.0	0.0	0.0	0.0	9.686282	0.0	0.0	320.68045	0.0	155.00584	0.0	0.0	173.2484	0.0	0.0	0.0	100.090706	0.0	0.0	145.18819	0.0	0.0	93.860405	0.0	0.0	0.0	0.0	0.0	110.696655	0.0	28.065557	0.0	0.0	94.03741	12.333697	146.53192	0.0	0.0	0.0	90.5723	111.84455	65.73225	0.0	0.0	0.0	0.0	144.09795	0.0	0.0	9.591737	0.0	0.0	88.4799	51.622818	0.0	0.0	0.0	0.0	0.0	28.139936	114.87079	0.0	162.35835	96.123146	0.0	182.14961	0.0	91.69794	0.0	0.0	0.0	78.91393	0.0	0.0	82.334984	113.265564	0.0	336.3848	11.64024	0.0	0.0	108.65216	199.4926	0.0	0.0	31.028358	0.0	0.0	1.9154001	281.8865	0.0	0.0	0.0	41.77878	0.0	0.0	0.0	168.3885	271.79385	0.0	87.58384	0.0	0.0	40.06863	0.0	18.93455	0.0	0.0	0.0	0.0	0.0	0.0	0.0	90.006775	0.0	176.40471	0.0	0.0	100.37839	0.0	0.0
0.0	70.068214	0.0	88.87855	0.0	0.0	7.5928693	0.0	0.0	0.0	0.0	10.127541	0.0	0.0	330.54984	0.0	159.61316	0.0	0.0	177.79848	0.0	0.0	0.0	103.620445	0.0	0.0	149.96349	0.0	0.0	97.05072	0.0	0.0	0.0	0.0	0.0	113.08628	0.0	28.98744	0.0	0.0	96.71523	13.100917	150.67914	0.0	0.0	0.0	92.74704	114.781624	67.859436	0.0	0.0	0.0	0.0	147.91808	0.0	0.0	9.331347	0.0	0.0	91.74737	53.116608	0.0	0.0	0.0	0.0	0.0	29.628897	118.21656	0.0	166.90204	98.80924	0.0	187.7392	0.0	93.28495	0.0	0.0	0.0	81.29761	0.0	0.0	85.21223	116.44637	0.0	345.94785	11.667408	0.0	0.0	111.4739	205.9494	0.0	0.0	31.783533	0.0	0.0	2.5689766	290.34927	0.0	0.0	0.0	42.609074	0.0	0.0	0.0	173.08812	279.61588	0.0	90.244995	0.0	0.0	41.87665	0.0	18.64332	0.0	0.0	0.0	0.0	0.0	0.0	0.0	92.267204	0.0	181.71167	0.0	0.0	103.47611	0.0	0.0
0.0	72.16892	0.0	99.2995	0.0	0.0	11.8909025	0.0	0.0	0.0	0.0	12.508399	0.0	0.0	366.72623	0.0	177.11113	0.0	0.0	191.22813	0.0	0.0	0.0	115.9172	0.0	0.0	165.40428	0.0	0.0	108.05143	0.0	0.0	0.0	0.0	0.0	121.722466	0.0	32.33369	0.0	0.0	105.2026	15.194272	163.6814	0.0	0.0	0.0	101.64399	126.615135	74.617	0.0	0.0	0.0	0.0	162.4911	0.0	0.0	11.356288	0.0	0.0	101.76386	60.061146	0.0	0.0	0.0	0.0	0.0	35.472797	129.79701	0.0	183.70067	108.38677	0.0	208.48024	0.0	99.367836	0.5854651	0.0	0.0	85.96157	0.0	0.0	93.17158	126.95102	0.0	375.73093	12.166751	0.0	0.0	121.71603	229.45442	0.0	0.0	34.559708	0.0	0.0	5.939383	315.02368	0.0	0.0	0.0	49.494385	0.0	0.0	0.0	188.74896	305.49246	0.0	100.06983	0.0	0.0	47.40315	0.0	18.38494	0.0	0.0	0.0	0.0	0.0	0.0	0.0	98.96781	0.0	200.37325	0.0	0.0	114.00394	0.0	0.0
0.0	68.931984	0.0	85.578636	0.0	0.0	6.446757	0.0	0.0	0.0	0.0	9.675819	0.0	0.0	319.2849	0.0	154.53806	0.0	0.0	172.83199	0.0	0.0	0.0	99.59766	0.0	0.0	144.89703	0.0	0.0	93.74634	0.0	0.0	0.0	0.0	0.0	110.33686	0.0	27.945465	0.0	0.0	93.586205	12.5508	146.1643	0.0	0.0	0.0	90.3059	111.29307	65.630455	0.0	0.0	0.0	0.0	143.40993	0.0	0.0	9.478427	0.0	0.0	88.196045	51.170918	0.0	0.0	0.0	0.0	0.0	27.964579	114.571526	0.0	161.8149	95.80996	0.0	181.29272	0.0	91.21665	0.0	0.0	0.0	78.703804	0.0	0.0	82.10074	112.88959	0.0	335.4966	11.551478	0.0	0.0	108.28485	198.69145	0.0	0.0	30.747816	0.0	0.0	1.5880495	281.40833	0.0	0.0	0.0	41.22765	0.0	0.0	0.0	167.73952	271.01242	0.0	87.28717	0.0	0.0	39.85879	0.0	18.846476	0.0	0.0	0.0	0.0	0.0	0.0	0.0	89.72653	0.0	175.95966	0.0	0.0	100.00494	0.0	0.0
0.0	68.81306	0.0	83.350235	0.0	0.0	6.051819	0.0	0.0	0.0	0.0	9.434411	0.0	0.0	312.48737	0.0	151.72157	0.0	0.0	170.2453	0.0	0.0	0.0	97.32278	0.0	0.0	141.79793	0.0	0.0	91.5447	0.0	0.0	0.0	0.0	0.0	108.818214	0.0	26.981974	0.0	0.0	91.69837	11.746857	143.48135	0.0	0.0	0.0	88.92478	109.448944	64.310745	0.0	0.0	0.0	0.0	140.98404	0.0	0.0	9.646203	0.0	0.0	86.05111	49.792545	0.0	0.0	0.0	0.0	0.0	26.782402	112.59384	0.0	159.00014	94.283485	0.0	177.13603	0.0	90.5713	0.0	0.0	0.0	77.59591	0.0	0.0	80.30505	110.84277	0.0	329.91086	11.481442	0.0	0.0	106.50947	194.22821	0.0	0.0	30.435991	0.0	0.0	0.9362189	276.49753	0.0	0.0	0.0	40.304993	0.0	0.0	0.0	164.6118	266.18512	0.0	85.547424	0.0	0.0	38.92554	0.0	18.86198	0.0	0.0	0.0	0.0	0.0	0.0	0.0	88.32084	0.0	173.03517	0.0	0.0	97.73106	0.0	0.0
0.0	68.17281	0.0	82.01541	0.0	0.0	5.803946	0.0	0.0	0.0	0.0	9.279702	0.0	0.0	306.68887	0.0	149.27043	0.0	0.0	168.06694	0.0	0.0	0.0	95.33804	0.0	0.0	139.48242	0.0	0.0	90.211205	0.0	0.0	0.0	0.0	0.0	107.18911	0.0	26.529795	0.0	0.0	90.156166	11.654541	141.33061	0.0	0.0	0.0	87.65023	107.61257	63.445526	0.0	0.0	0.0	0.0	138.47884	0.0	0.0	9.428341	0.0	0.0	84.61425	48.733032	0.0	0.0	0.0	0.0	0.0	26.125696	110.9823	0.0	156.2705	92.606224	0.0	173.79956	0.0	89.03473	0.0	0.0	0.0	76.60178	0.0	0.0	79.12974	109.04071	0.0	325.03732	11.306115	0.0	0.0	104.83318	190.64833	0.0	0.0	29.816473	0.0	0.0	0.57539564	272.67764	0.0	0.0	0.0	39.13551	0.0	0.0	0.0	161.74367	262.01578	0.0	84.23223	0.0	0.0	38.064854	0.0	18.812935	0.0	0.0	0.0	0.0	0.0	0.0	0.0	86.89626	0.0	170.3631	0.0	0.0	96.23886	0.0	0.0
0.0	68.42112	0.0	83.1008	0.0	0.0	6.1071067	0.0	0.0	0.0	0.0	9.274663	0.0	0.0	312.51175	0.0	151.73381	0.0	0.0	169.93517	0.0	0.0	0.0	97.33411	0.0	0.0	141.65056	0.0	0.0	91.4173	0.0	0.0	0.0	0.0	0.0	108.73687	0.0	27.130539	0.0	0.0	91.70463	11.691223	143.02455	0.0	0.0	0.0	89.1123	109.72262	64.06675	0.0	0.0	0.0	0.0	141.09392	0.0	0.0	9.944097	0.0	0.0	85.747284	50.44104	0.0	0.0	0.0	0.0	0.0	27.023764	112.12329	0.0	158.70186	94.368645	0.0	177.42497	0.0	90.61047	0.0	0.0	0.0	76.8868	0.0	0.0	79.955444	110.54475	0.0	329.01642	11.539501	0.0	0.0	106.73968	194.33284	0.0	0.0	30.24858	0.0	0.0	1.1189703	275.57962	0.0	0.0	0.0	41.008556	0.0	0.0	0.0	164.46065	265.79187	0.0	85.15918	0.0	0.0	38.645054	0.0	19.30991	0.0	0.0	0.0	0.0	0.0	0.0	0.0	88.203766	0.0	172.39632	0.0	0.0	97.65586	0.0	0.0
0.0	70.410805	0.0	88.029945	0.0	0.0	7.0066457	0.0	0.0	0.0	0.0	9.819397	0.0	0.0	327.50754	0.0	158.38695	0.0	0.0	177.09784	0.0	0.0	0.0	102.59186	0.0	0.0	148.5832	0.0	0.0	96.03424	0.0	0.0	0.0	0.0	0.0	113.17582	0.0	28.638124	0.0	0.0	95.81281	12.746196	149.71152	0.0	0.0	0.0	92.439156	114.324165	67.50941	0.0	0.0	0.0	0.0	147.31032	0.0	0.0	9.656801	0.0	0.0	90.61216	52.94871	0.0	0.0	0.0	0.0	0.0	28.837631	117.29301	0.0	166.0428	98.30902	0.0	186.11961	0.0	93.61491	0.0	0.0	0.0	80.59879	0.0	0.0	84.39234	115.870186	0.0	343.4086	11.637794	0.0	0.0	111.08954	203.9019	0.0	0.0	31.42985	0.0	0.0	2.220281	288.35193	0.0	0.0	0.0	42.299103	0.0	0.0	0.0	171.8003	277.80997	0.0	89.227325	0.0	0.0	41.08701	0.0	19.221706	0.0	0.0	0.0	0.0	0.0	0.0	0.0	92.14374	0.0	180.57683	0.0	0.0	102.580574	0.0	0.0
0.0	69.400246	0.0	86.36138	0.0	0.0	6.561999	0.0	0.0	0.0	0.0	9.833073	0.0	0.0	321.88403	0.0	155.74913	0.0	0.0	174.481	0.0	0.0	0.0	100.62858	0.0	0.0	146.30022	0.0	0.0	94.40191	0.0	0.0	0.0	0.0	0.0	111.01273	0.0	28.025675	0.0	0.0	94.481476	12.678467	147.6113	0.0	0.0	0.0	90.72762	111.97278	66.25939	0.0	0.0	0.0	0.0	144.23756	0.0	0.0	9.195365	0.0	0.0	89.40574	51.45285	0.0	0.0	0.0	0.0	0.0	28.10231	115.50889	0.0	163.10654	96.71771	0.0	182.77596	0.0	91.70642	0.0	0.0	0.0	79.98723	0.0	0.0	83.274895	113.66702	0.0	338.76706	11.395572	0.0	0.0	108.75519	200.492	0.0	0.0	31.008339	0.0	0.0	1.6418991	284.36124	0.0	0.0	0.0	41.163994	0.0	0.0	0.0	169.20497	273.62766	0.0	88.01428	0.0	0.0	40.607853	0.0	18.559301	0.0	0.0	0.0	0.0	0.0	0.0	0.0	90.32349	0.0	177.51074	0.0	0.0	101.02157	0.0	0.0
0.0	68.58012	0.0	82.901665	0.0	0.0	5.9788322	0.0	0.0	0.0	0.0	9.33299	0.0	0.0	310.34598	0.0	150.86446	0.0	0.0	169.71327	0.0	0.0	0.0	96.62158	0.0	0.0	141.16606	0.0	0.0	91.229004	0.0	0.0	0.0	0.0	0.0	108.274376	0.0	26.768957	0.0	0.0	91.20371	11.900269	142.99394	0.0	0.0	0.0	88.24593	108.74865	64.115326	0.0	0.0	0.0	0.0	140.00024	0.0	0.0	9.359646	0.0	0.0	85.833	49.36914	0.0	0.0	0.0	0.0	0.0	26.508215	112.26675	0.0	158.03526	93.68808	0.0	176.11696	0.0	89.88165	0.0	0.0	0.0	77.610954	0.0	0.0	80.12103	110.38297	0.0	328.46634	11.207324	0.0	0.0	105.63574	192.9384	0.0	0.0	30.191168	0.0	0.0	0.8223858	275.35123	0.0	0.0	0.0	39.654743	0.0	0.0	0.0	163.5284	264.87436	0.0	85.01942	0.0	0.0	38.649044	0.0	18.6663	0.0	0.0	0.0	0.0	0.0	0.0	0.0	87.91306	0.0	172.16866	0.0	0.0	97.24465	0.0	0.0
0.0	68.19697	0.0	81.90643	0.0	0.0	5.7145004	0.0	0.0	0.0	0.0	9.314099	0.0	0.0	306.8978	0.0	149.48299	0.0	0.0	167.88069	0.0	0.0	0.0	95.582275	0.0	0.0	139.52945	0.0	0.0	90.18528	0.0	0.0	0.0	0.0	0.0	107.58356	0.0	26.435148	0.0	0.0	89.84308	11.493863	141.1247	0.0	0.0	0.0	87.79708	107.928795	63.468006	0.0	0.0	0.0	0.0	139.02473	0.0	0.0	9.779607	0.0	0.0	84.39965	49.162746	0.0	0.0	0.0	0.0	0.0	26.374372	110.84211	0.0	156.57178	93.02976	0.0	174.11969	0.0	89.545876	0.0	0.0	0.0	76.18064	0.0	0.0	78.77084	109.22161	0.0	324.60556	11.254077	0.0	0.0	105.22727	190.85637	0.0	0.0	29.807001	0.0	0.0	0.71802074	272.26767	0.0	0.0	0.0	39.638393	0.0	0.0	0.0	161.91534	262.0488	0.0	83.990814	0.0	0.0	37.994373	0.0	18.916462	0.0	0.0	0.0	0.0	0.0	0.0	0.0	87.25248	0.0	170.49098	0.0	0.0	96.151726	0.0	0.0
0.0	68.81254	0.0	83.31524	0.0	0.0	6.079235	0.0	0.0	0.0	0.0	9.338898	0.0	0.0	313.4503	0.0	152.28584	0.0	0.0	170.68353	0.0	0.0	0.0	97.629845	0.0	0.0	142.21826	0.0	0.0	91.866486	0.0	0.0	0.0	0.0	0.0	109.15623	0.0	27.194464	0.0	0.0	91.96991	11.74947	143.76448	0.0	0.0	0.0	89.42438	109.95042	64.32626	0.0	0.0	0.0	0.0	141.32683	0.0	0.0	9.749642	0.0	0.0	86.13456	50.281124	0.0	0.0	0.0	0.0	0.0	26.952501	112.63663	0.0	159.33537	94.5552	0.0	177.96321	0.0	90.97501	0.0	0.0	0.0	77.42949	0.0	0.0	80.31975	110.95081	0.0	330.36606	11.598714	0.0	0.0	107.06006	194.9716	0.0	0.0	30.276924	0.0	0.0	0.98483974	276.89902	0.0	0.0	0.0	40.950863	0.0	0.0	0.0	165.18498	266.99414	0.0	85.767975	0.0	0.0	38.75761	0.0	19.349913	0.0	0.0	0.0	0.0	0.0	0.0	0.0	88.43209	0.0	173.17426	0.0	0.0	98.13306	0.0	0.0
0.0	70.21292	0.0	87.4806	0.0	0.0	7.009793	0.0	0.0	0.0	0.0	9.789297	0.0	0.0	328.8856	0.0	158.99037	0.0	0.0	177.13025	0.0	0.0	0.0	102.713615	0.0	0.0	148.43497	0.0	0.0	96.31979	0.0	0.0	0.0	0.0	0.0	113.18988	0.0	28.71383	0.0	0.0	96.15072	12.664327	149.6594	0.0	0.0	0.0	93.20254	114.85752	67.13798	0.0	0.0	0.0	0.0	147.70795	0.0	0.0	10.152705	0.0	0.0	90.29397	53.26303	0.0	0.0	0.0	0.0	0.0	28.982666	117.33246	0.0	166.33751	98.65326	0.0	186.7787	0.0	94.31974	0.0	0.0	0.0	79.88642	0.0	0.0	83.823074	115.7861	0.0	343.64075	12.089116	0.0	0.0	111.82221	204.53133	0.0	0.0	31.72883	0.0	0.0	2.141782	287.83078	0.0	0.0	0.0	43.720245	0.0	0.0	0.0	172.38069	277.9257	0.0	89.52543	0.0	0.0	40.99591	0.0	19.68824	0.0	0.0	0.0	0.0	0.0	0.0	0.0	91.94067	0.0	180.63277	0.0	0.0	102.37537	0.0	0.0
0.0	69.56174	0.0	88.13241	0.0	0.0	7.36702	0.0	0.0	0.0	0.0	9.970631	0.0	0.0	327.32324	0.0	158.19037	0.0	0.0	176.45667	0.0	0.0	0.0	102.390816	0.0	0.0	148.43974	0.0	0.0	96.237144	0.0	0.0	0.0	0.0	0.0	112.31193	0.0	28.583334	0.0	0.0	95.761475	13.157188	149.42336	0.0	0.0	0.0	91.98074	113.64731	67.195274	0.0	0.0	0.0	0.0	146.56035	0.0	0.0	9.087244	0.0	0.0	90.71704	52.57095	0.0	0.0	0.0	0.0	0.0	28.981386	117.15277	0.0	165.34897	97.90569	0.0	186.01758	0.0	92.683495	0.0	0.0	0.0	80.59359	0.0	0.0	84.32913	115.43708	0.0	343.0732	11.61584	0.0	0.0	110.47709	203.84587	0.0	0.0	31.314219	0.0	0.0	2.3677692	287.87802	0.0	0.0	0.0	42.047874	0.0	0.0	0.0	171.47534	277.27405	0.0	89.48769	0.0	0.0	41.545177	0.0	18.403227	0.0	0.0	0.0	0.0	0.0	0.0	0.0	91.41407	0.0	180.04071	0.0	0.0	102.5568	0.0	0.0
0.0	68.60764	0.0	84.24496	0.0	0.0	6.1985154	0.0	0.0	0.0	0.0	9.526853	0.0	0.0	313.75253	0.0	152.3091	0.0	0.0	171.0791	0.0	0.0	0.0	97.79502	0.0	0.0	142.68346	0.0	0.0	92.311646	0.0	0.0	0.0	0.0	0.0	108.85732	0.0	27.342348	0.0	0.0	92.00925	12.22881	144.29787	0.0	0.0	0.0	89.00596	109.61295	64.71771	0.0	0.0	0.0	0.0	140.93875	0.0	0.0	9.127319	0.0	0.0	86.971924	49.850906	0.0	0.0	0.0	0.0	0.0	27.14594	113.15623	0.0	159.4514	94.39331	0.0	177.90686	0.0	90.1863	0.0	0.0	0.0	78.23358	0.0	0.0	81.091866	111.28156	0.0	331.61206	11.353105	0.0	0.0	106.630615	195.19757	0.0	0.0	30.316565	0.0	0.0	1.0911592	278.31247	0.0	0.0	0.0	39.832897	0.0	0.0	0.0	164.90839	267.33838	0.0	86.16009	0.0	0.0	39.331154	0.0	18.5112	0.0	0.0	0.0	0.0	0.0	0.0	0.0	88.37088	0.0	173.73076	0.0	0.0	98.56351	0.0	0.0
0.0	68.41541	0.0	82.877525	0.0	0.0	6.0248475	0.0	0.0	0.0	0.0	9.44785	0.0	0.0	308.99686	0.0	150.44762	0.0	0.0	169.19936	0.0	0.0	0.0	96.18243	0.0	0.0	140.7606	0.0	0.0	90.96368	0.0	0.0	0.0	0.0	0.0	107.736084	0.0	26.83146	0.0	0.0	90.783714	11.902736	142.23369	0.0	0.0	0.0	88.012085	108.19521	63.95952	0.0	0.0	0.0	0.0	139.2425	0.0	0.0	9.112231	0.0	0.0	85.53693	49.083057	0.0	0.0	0.0	0.0	0.0	26.489645	111.717186	0.0	157.23448	93.31339	0.0	175.14722	0.0	89.309364	0.0	0.0	0.0	77.29066	0.0	0.0	79.96801	109.702415	0.0	327.56836	11.210701	0.0	0.0	105.36776	192.23279	0.0	0.0	29.763826	0.0	0.0	0.8883686	275.0409	0.0	0.0	0.0	39.049114	0.0	0.0	0.0	162.90189	264.1601	0.0	84.845695	0.0	0.0	38.703865	0.0	18.548996	0.0	0.0	0.0	0.0	0.0	0.0	0.0	87.409935	0.0	171.51945	0.0	0.0	97.211586	0.0	0.0
0.0	68.78266	0.0	84.15713	0.0	0.0	5.9390664	0.0	0.0	0.0	0.0	9.403525	0.0	0.0	314.42972	0.0	152.74614	0.0	0.0	171.29814	0.0	0.0	0.0	98.1569	0.0	0.0	142.92157	0.0	0.0	92.483154	0.0	0.0	0.0	0.0	0.0	109.59536	0.0	27.126043	0.0	0.0	92.03506	12.023323	144.39485	0.0	0.0	0.0	89.455284	110.1545	64.748985	0.0	0.0	0.0	0.0	141.94997	0.0	0.0	9.548498	0.0	0.0	86.542725	50.581112	0.0	0.0	0.0	0.0	0.0	27.199995	113.202484	0.0	159.91304	94.90591	0.0	178.60371	0.0	91.00427	0.0	0.0	0.0	77.74561	0.0	0.0	80.50257	111.76233	0.0	331.5085	11.399063	0.0	0.0	107.45713	195.52129	0.0	0.0	30.328753	0.0	0.0	1.3355376	278.084	0.0	0.0	0.0	40.665394	0.0	0.0	0.0	165.52467	267.7136	0.0	86.039345	0.0	0.0	39.01622	0.0	19.119823	0.0	0.0	0.0	0.0	0.0	0.0	0.0	88.95049	0.0	174.03345	0.0	0.0	98.4245	0.0	0.0
0.0	70.75517	0.0	88.80099	0.0	0.0	7.6320157	0.0	0.0	0.0	0.0	9.982879	0.0	0.0	332.60294	0.0	160.68872	0.0	0.0	178.80212	0.0	0.0	0.0	104.005615	0.0	0.0	150.34386	0.0	0.0	97.41465	0.0	0.0	0.0	0.0	0.0	114.36068	0.0	29.101088	0.0	0.0	97.183754	12.87766	151.18547	0.0	0.0	0.0	93.99882	116.10703	68.09707	0.0	0.0	0.0	0.0	149.45091	0.0	0.0	10.109454	0.0	0.0	91.64028	53.90006	0.0	0.0	0.0	0.0	0.0	29.697853	118.6719	0.0	168.17241	99.64044	0.0	188.84001	0.0	94.91575	0.0	0.0	0.0	80.9009	0.0	0.0	85.02062	117.24218	0.0	347.2864	12.094165	0.0	0.0	112.88279	207.00066	0.0	0.0	31.964087	0.0	0.0	2.6319568	291.12332	0.0	0.0	0.0	43.772083	0.0	0.0	0.0	174.16154	280.98526	0.0	90.53011	0.0	0.0	41.62706	0.0	19.52719	0.0	0.0	0.0	0.0	0.0	0.0	0.0	93.10821	0.0	182.8789	0.0	0.0	103.72799	0.0	0.0
0.0	72.13776	0.0	98.46961	0.0	0.0	11.038129	0.0	0.0	0.0	0.0	12.032982	0.0	0.0	361.63522	0.0	174.39595	0.0	0.0	190.23022	0.0	0.0	0.0	114.216835	0.0	0.0	163.98116	0.0	0.0	106.887245	0.0	0.0	0.0	0.0	0.0	120.63509	0.0	32.010204	0.0	0.0	104.56713	15.676178	162.94133	0.0	0.0	0.0	99.72468	124.542244	74.28122	0.0	0.0	0.0	0.0	159.97789	0.0	0.0	10.46477	0.0	0.0	101.53072	58.468964	0.0	0.0	0.0	0.0	0.0	34.84354	128.58302	0.0	181.36847	107.03271	0.0	205.53874	0.0	97.6921	0.41748807	0.0	0.0	87.033325	0.0	0.0	93.18683	125.73102	0.0	373.41092	11.692763	0.0	0.0	119.65504	226.2722	0.0	0.0	34.018993	0.0	0.0	5.147325	313.52063	0.0	0.0	0.0	47.161366	0.0	0.0	0.0	186.76295	303.05582	0.0	99.17919	0.0	0.0	47.048862	0.0	17.552723	0.0	0.0	0.0	0.0	0.0	0.0	0.0	98.11094	0.0	198.15155	0.0	0.0	113.19369	0.0	0.0
0.0	69.579865	0.0	87.75126	0.0	0.0	7.353792	0.0	0.0	0.0	0.0	9.836903	0.0	0.0	325.62326	0.0	157.42004	0.0	0.0	176.11995	0.0	0.0	0.0	101.75298	0.0	0.0	147.90056	0.0	0.0	95.8974	0.0	0.0	0.0	0.0	0.0	112.022644	0.0	28.365438	0.0	0.0	95.46624	13.086861	149.0367	0.0	0.0	0.0	91.54635	113.16497	67.125984	0.0	0.0	0.0	0.0	145.84132	0.0	0.0	9.096843	0.0	0.0	90.57838	52.254665	0.0	0.0	0.0	0.0	0.0	28.908188	116.985405	0.0	164.84135	97.51151	0.0	185.03294	0.0	92.3285	0.0	0.0	0.0	80.59497	0.0	0.0	84.10084	115.21875	0.0	342.03653	11.512611	0.0	0.0	109.932335	202.70525	0.0	0.0	31.308496	0.0	0.0	2.3176765	287.05972	0.0	0.0	0.0	41.515152	0.0	0.0	0.0	170.73073	276.11163	0.0	89.14202	0.0	0.0	41.30907	0.0	18.431063	0.0	0.0	0.0	0.0	0.0	0.0	0.0	91.14608	0.0	179.5686	0.0	0.0	102.09988	0.0	0.0
0.0	69.35639	0.0	86.227745	0.0	0.0	6.721911	0.0	0.0	0.0	0.0	9.766852	0.0	0.0	321.25766	0.0	155.49582	0.0	0.0	174.19305	0.0	0.0	0.0	100.392555	0.0	0.0	145.91815	0.0	0.0	94.27948	0.0	0.0	0.0	0.0	0.0	110.80539	0.0	28.034012	0.0	0.0	94.33085	12.63726	147.16812	0.0	0.0	0.0	90.66241	111.83672	66.01556	0.0	0.0	0.0	0.0	144.19214	0.0	0.0	9.14541	0.0	0.0	89.062195	51.453983	0.0	0.0	0.0	0.0	0.0	27.979273	115.524025	0.0	162.69746	96.406044	0.0	182.50835	0.0	91.706184	0.0	0.0	0.0	79.775604	0.0	0.0	83.049805	113.58323	0.0	338.21695	11.469035	0.0	0.0	108.54639	200.0706	0.0	0.0	31.08182	0.0	0.0	1.8384634	283.54727	0.0	0.0	0.0	41.13719	0.0	0.0	0.0	168.76	272.97617	0.0	87.88352	0.0	0.0	40.476574	0.0	18.466244	0.0	0.0	0.0	0.0	0.0	0.0	0.0	90.14044	0.0	177.09294	0.0	0.0	100.70219	0.0	0.0
0.0	69.610435	0.0	86.871284	0.0	0.0	6.9251056	0.0	0.0	0.0	0.0	9.739436	0.0	0.0	324.02652	0.0	156.78365	0.0	0.0	175.43286	0.0	0.0	0.0	101.44541	0.0	0.0	147.07968	0.0	0.0	95.14329	0.0	0.0	0.0	0.0	0.0	111.77477	0.0	28.233976	0.0	0.0	95.009865	12.637349	148.56143	0.0	0.0	0.0	91.3364	112.970116	66.70277	0.0	0.0	0.0	0.0	145.36421	0.0	0.0	9.128556	0.0	0.0	89.925285	52.027145	0.0	0.0	0.0	0.0	0.0	28.36852	116.34775	0.0	164.20528	97.20771	0.0	184.07817	0.0	92.410835	0.0	0.0	0.0	80.327934	0.0	0.0	83.68932	114.62586	0.0	340.4641	11.477081	0.0	0.0	109.48556	201.65306	0.0	0.0	31.120491	0.0	0.0	1.8810698	285.7588	0.0	0.0	0.0	41.603577	0.0	0.0	0.0	169.97826	275.0352	0.0	88.65032	0.0	0.0	40.6805	0.0	18.722383	0.0	0.0	0.0	0.0	0.0	0.0	0.0	90.95881	0.0	178.688	0.0	0.0	101.6155	0.0	0.0
0.0	71.15519	0.0	94.84897	0.0	0.0	9.837037	0.0	0.0	0.0	0.0	11.148509	0.0	0.0	350.58194	0.0	169.05894	0.0	0.0	185.1964	0.0	0.0	0.0	110.37549	0.0	0.0	158.40918	0.0	0.0	103.35366	0.0	0.0	0.0	0.0	0.0	117.67789	0.0	30.938425	0.0	0.0	101.962776	14.659465	158.18166	0.0	0.0	0.0	97.33225	121.21457	71.92748	0.0	0.0	0.0	0.0	155.91109	0.0	0.0	10.108289	0.0	0.0	97.57351	56.633038	0.0	0.0	0.0	0.0	0.0	33.092068	124.577446	0.0	176.03337	103.93167	0.0	198.92369	0.0	96.29165	0.0	0.0	0.0	84.219574	0.0	0.0	89.789894	122.26804	0.0	362.59583	12.06601	0.0	0.0	117.012535	218.51581	0.0	0.0	33.309425	0.0	0.0	4.1534634	304.16855	0.0	0.0	0.0	45.899914	0.0	0.0	0.0	181.61665	293.76993	0.0	95.680626	0.0	0.0	45.022076	0.0	18.23924	0.0	0.0	0.0	0.0	0.0	0.0	0.0	95.984314	0.0	191.94281	0.0	0.0	109.20047	0.0	0.0
0.0	114.052	0.0	147.05559	0.0	0.0	11.9870405	0.0	0.0	0.0	0.0	17.43055	0.0	0.0	534.71234	0.0	258.06503	0.0	0.0	294.20874	0.0	0.0	0.0	166.37257	0.0	0.0	247.67073	0.0	0.0	159.79141	0.0	0.0	0.0	0.0	0.0	180.31905	0.0	48.03169	0.0	0.0	161.49551	24.45777	251.17773	0.0	0.0	0.0	146.87666	182.31549	111.801384	0.0	0.0	0.0	0.0	232.06868	0.0	0.0	7.524887	0.0	0.0	155.33403	76.91964	0.0	0.0	0.0	0.0	0.0	45.818645	196.49443	0.0	270.52383	157.33772	0.0	301.698	0.0	145.09505	0.0	0.0	0.0	143.75464	0.0	0.0	146.30705	188.14485	0.0	575.3987	18.209742	0.0	0.0	173.05788	334.2783	0.0	0.0	51.717545	0.0	0.0	0.10251684	485.7809	0.0	0.0	0.0	57.140427	0.0	0.0	0.0	281.5444	459.9716	0.0	152.11943	0.0	0.0	70.86347	0.0	25.02624	0.0	0.0	0.0	0.0	0.0	0.0	0.0	146.766	0.0	298.66464	0.0	0.0	172.37578	0.0	0.0
0.0	109.58789	0.0	145.68605	0.0	0.0	11.13208	0.0	0.0	0.0	0.0	17.929972	0.0	0.0	513.12573	0.0	247.6938	0.0	0.0	285.6202	0.0	0.0	0.0	160.17827	0.0	0.0	240.58427	0.0	0.0	155.66171	0.0	0.0	0.0	0.0	0.0	172.89722	0.0	46.741642	0.0	0.0	155.07526	26.248045	244.66144	0.0	0.0	0.0	138.83589	172.65862	109.92252	0.0	0.0	0.0	0.0	220.5579	0.0	0.0	3.5851123	0.0	0.0	153.62395	70.511185	0.0	0.0	0.0	0.0	0.0	44.643482	191.71178	0.0	260.34622	150.71722	0.0	288.9319	0.0	135.28357	0.0	0.0	0.0	143.38632	0.0	0.0	144.7607	182.01372	0.0	560.2136	15.846928	0.0	0.0	163.3542	321.35367	0.0	0.0	49.281754	0.0	0.0	0.0	475.62842	0.0	0.0	0.0	47.665493	0.0	0.0	0.0	269.822	445.16895	0.0	148.08943	0.0	0.0	70.34863	0.0	19.853456	0.0	0.0	0.0	0.0	0.0	0.0	0.0	141.07588	0.0	290.17175	0.0	0.0	168.25887	0.0	0.0
0.0	75.12533	0.0	91.968956	0.0	0.0	6.2859116	0.0	0.0	0.0	0.0	10.824876	0.0	0.0	337.4942	0.0	164.14754	0.0	0.0	186.73277	0.0	0.0	0.0	104.80135	0.0	0.0	155.18091	0.0	0.0	100.53906	0.0	0.0	0.0	0.0	0.0	117.38819	0.0	29.258596	0.0	0.0	100.07467	14.008598	157.71269	0.0	0.0	0.0	95.03888	117.253365	71.158394	0.0	0.0	0.0	0.0	150.84082	0.0	0.0	8.064248	0.0	0.0	95.43179	51.31647	0.0	0.0	0.0	0.0	0.0	28.722992	124.14071	0.0	172.32765	101.34286	0.0	190.79668	0.0	95.830086	0.0	0.0	0.0	87.776215	0.0	0.0	89.5884	120.56076	0.0	362.1824	11.823989	0.0	0.0	113.07202	209.9076	0.0	0.0	32.767735	0.0	0.0	0.0	305.1036	0.0	0.0	0.0	39.095795	0.0	0.0	0.0	178.11812	290.21384	0.0	94.14382	0.0	0.0	43.038532	0.0	18.472809	0.0	0.0	0.0	0.0	0.0	0.0	0.0	95.458984	0.0	189.3018	0.0	0.0	107.22599	0.0	0.0
0.0	81.30594	0.0	101.55059	0.0	0.0	7.2208915	0.0	0.0	0.0	0.0	12.051788	0.0	0.0	365.8755	0.0	177.99602	0.0	0.0	203.88055	0.0	0.0	0.0	113.78303	0.0	0.0	169.36147	0.0	0.0	109.934296	0.0	0.0	0.0	0.0	0.0	127.06275	0.0	32.480183	0.0	0.0	108.44708	16.052355	172.15662	0.0	0.0	0.0	102.52337	126.12745	77.517265	0.0	0.0	0.0	0.0	162.1919	0.0	0.0	6.845262	0.0	0.0	105.07856	54.08739	0.0	0.0	0.0	0.0	0.0	31.346542	135.47864	0.0	187.19029	109.60779	0.0	206.62642	0.0	102.69196	0.0	0.0	0.0	97.16886	0.0	0.0	98.83915	130.8019	0.0	395.69678	12.487096	0.0	0.0	121.89288	228.17525	0.0	0.0	35.56778	0.0	0.0	0.0	334.53702	0.0	0.0	0.0	39.486805	0.0	0.0	0.0	193.03802	316.27872	0.0	103.39145	0.0	0.0	47.96194	0.0	18.665545	0.0	0.0	0.0	0.0	0.0	0.0	0.0	103.08436	0.0	206.7918	0.0	0.0	117.88833	0.0	0.0
0.0	87.33727	0.0	111.59619	0.0	0.0	7.887427	0.0	0.0	0.0	0.0	13.399853	0.0	0.0	398.55917	0.0	193.3308	0.0	0.0	222.0642	0.0	0.0	0.0	124.04386	0.0	0.0	185.39648	0.0	0.0	120.35497	0.0	0.0	0.0	0.0	0.0	136.93517	0.0	35.500546	0.0	0.0	118.89207	18.79457	188.549	0.0	0.0	0.0	110.25604	136.2107	84.97289	0.0	0.0	0.0	0.0	175.00417	0.0	0.0	5.7017727	0.0	0.0	116.118835	57.522434	0.0	0.0	0.0	0.0	0.0	34.249943	148.2215	0.0	203.13298	118.472435	0.0	224.80049	0.0	109.36213	0.0	0.0	0.0	107.6863	0.0	0.0	109.17129	142.27477	0.0	432.54077	13.200672	0.0	0.0	130.55766	248.7697	0.0	0.0	38.438976	0.0	0.0	0.0	366.1316	0.0	0.0	0.0	40.87422	0.0	0.0	0.0	209.8149	344.8055	0.0	113.26937	0.0	0.0	52.856983	0.0	18.42942	0.0	0.0	0.0	0.0	0.0	0.0	0.0	111.39899	0.0	225.14424	0.0	0.0	128.92413	0.0	0.0
0.0	97.064674	0.0	125.52218	0.0	0.0	9.852824	0.0	0.0	0.0	0.0	14.91509	0.0	0.0	453.18555	0.0	218.62703	0.0	0.0	249.865	0.0	0.0	0.0	141.34659	0.0	0.0	210.17928	0.0	0.0	135.60323	0.0	0.0	0.0	0.0	0.0	153.12129	0.0	40.875656	0.0	0.0	136.41339	21.130625	213.48509	0.0	0.0	0.0	124.19662	154.32764	95.32815	0.0	0.0	0.0	0.0	196.86841	0.0	0.0	6.0887513	0.0	0.0	132.49556	65.10636	0.0	0.0	0.0	0.0	0.0	39.015453	167.22731	0.0	229.52568	133.29362	0.0	255.63538	0.0	122.557274	0.0	0.0	0.0	122.649994	0.0	0.0	124.782585	160.17513	0.0	488.71133	15.050441	0.0	0.0	146.46544	283.2948	0.0	0.0	43.934795	0.0	0.0	0.15480998	412.9047	0.0	0.0	0.0	47.632095	0.0	0.0	0.0	238.11812	390.00815	0.0	128.77483	0.0	0.0	60.11392	0.0	20.512484	0.0	0.0	0.0	0.0	0.0	0.0	0.0	124.94244	0.0	253.75713	0.0	0.0	146.27863	0.0	0.0
0.0	68.52361	0.0	80.51177	0.0	0.0	5.3099174	0.0	0.0	0.0	0.0	9.292623	0.0	0.0	299.4193	0.0	146.64243	0.0	0.0	166.44836	0.0	0.0	0.0	92.54507	0.0	0.0	136.83746	0.0	0.0	88.8905	0.0	0.0	0.0	0.0	0.0	106.00223	0.0	25.718185	0.0	0.0	87.89832	11.170625	139.05147	0.0	0.0	0.0	86.280815	105.340004	62.600586	0.0	0.0	0.0	0.0	135.9486	0.0	0.0	9.016037	0.0	0.0	82.42048	46.7189	0.0	0.0	0.0	0.0	0.0	24.859184	109.74581	0.0	153.88179	90.93637	0.0	169.35786	0.0	88.3079	0.0	0.0	0.0	75.765434	0.0	0.0	77.47895	107.31425	0.0	320.81992	11.285584	0.0	0.0	103.035774	185.97313	0.0	0.0	29.387482	0.0	0.0	0.0	269.49808	0.0	0.0	0.0	36.700043	0.0	0.0	0.0	158.64047	257.82565	0.0	83.079834	0.0	0.0	37.507538	0.0	18.39922	0.0	0.0	0.0	0.0	0.0	0.0	0.0	85.626045	0.0	168.51108	0.0	0.0	94.443184	0.0	0.0
0.0	73.53414	0.0	89.11042	0.0	0.0	6.1077895	0.0	0.0	0.0	0.0	10.50414	0.0	0.0	327.50436	0.0	159.66156	0.0	0.0	181.70656	0.0	0.0	0.0	101.58793	0.0	0.0	150.43324	0.0	0.0	97.534454	0.0	0.0	0.0	0.0	0.0	114.47106	0.0	28.412943	0.0	0.0	96.86225	13.172035	152.90231	0.0	0.0	0.0	92.899254	114.043915	68.92814	0.0	0.0	0.0	0.0	146.84485	0.0	0.0	8.251693	0.0	0.0	92.037025	49.92909	0.0	0.0	0.0	0.0	0.0	27.675913	120.454	0.0	167.56335	98.61859	0.0	185.17302	0.0	93.96176	0.0	0.0	0.0	84.83367	0.0	0.0	86.517555	117.0554	0.0	351.86636	11.72981	0.0	0.0	110.52175	203.74458	0.0	0.0	31.96063	0.0	0.0	0.0	296.3518	0.0	0.0	0.0	38.185574	0.0	0.0	0.0	173.08264	282.02756	0.0	91.537575	0.0	0.0	41.76324	0.0	18.443012	0.0	0.0	0.0	0.0	0.0	0.0	0.0	92.88244	0.0	184.1291	0.0	0.0	104.16244	0.0	0.0
0.0	103.4239	0.0	137.87148	0.0	0.0	9.965285	0.0	0.0	0.0	0.0	17.066004	0.0	0.0	481.94482	0.0	232.67516	0.0	0.0	268.96326	0.0	0.0	0.0	150.57541	0.0	0.0	226.32515	0.0	0.0	146.64873	0.0	0.0	0.0	0.0	0.0	163.23424	0.0	43.83312	0.0	0.0	145.10706	25.236155	230.476	0.0	0.0	0.0	130.32819	162.07796	103.97813	0.0	0.0	0.0	0.0	207.8349	0.0	0.0	3.490678	0.0	0.0	144.91481	66.17661	0.0	0.0	0.0	0.0	0.0	42.190586	180.92848	0.0	244.89917	141.89325	0.0	271.39752	0.0	126.93847	0.0	0.0	0.0	135.18147	0.0	0.0	136.43959	171.75359	0.0	527.3568	14.646278	0.0	0.0	153.4165	301.80997	0.0	0.0	46.304855	0.0	0.0	0.18659024	448.22205	0.0	0.0	0.0	44.043518	0.0	0.0	0.0	252.97614	418.39218	0.0	138.78438	0.0	0.0	65.99679	0.0	18.012003	0.0	0.0	0.0	0.0	0.0	0.0	0.0	133.43361	0.0	273.3995	0.0	0.0	158.20958	0.0	0.0
0.0	93.88107	0.0	120.94222	0.0	0.0	9.190231	0.0	0.0	0.0	0.0	14.660708	0.0	0.0	431.63074	0.0	208.9724	0.0	0.0	240.37459	0.0	0.0	0.0	134.20488	0.0	0.0	201.15532	0.0	0.0	130.23582	0.0	0.0	0.0	0.0	0.0	147.13918	0.0	38.812923	0.0	0.0	129.60631	20.642687	204.53279	0.0	0.0	0.0	118.55143	146.83168	92.04	0.0	0.0	0.0	0.0	187.91377	0.0	0.0	5.049638	0.0	0.0	126.967186	61.150204	0.0	0.0	0.0	0.0	0.0	37.113758	160.85152	0.0	219.8164	127.64017	0.0	243.29652	0.0	117.05033	0.0	0.0	0.0	118.314606	0.0	0.0	119.71653	153.61354	0.0	469.51868	14.046672	0.0	0.0	139.87202	269.80814	0.0	0.0	41.733948	0.0	0.0	0.0	397.6455	0.0	0.0	0.0	42.858868	0.0	0.0	0.0	227.16982	373.89258	0.0	123.51534	0.0	0.0	58.213696	0.0	18.940077	0.0	0.0	0.0	0.0	0.0	0.0	0.0	119.895996	0.0	244.07515	0.0	0.0	140.41039	0.0	0.0
0.0	133.1075	0.0	183.17787	0.0	0.0	14.904614	0.0	0.0	0.0	0.0	22.043135	0.0	0.0	640.86896	0.0	307.55188	0.0	0.0	355.32065	0.0	0.0	0.0	200.2154	0.0	0.0	301.38132	0.0	0.0	195.6051	0.0	0.0	0.0	0.0	0.0	211.79297	0.0	59.337875	0.0	0.0	195.1283	34.67957	307.39804	0.0	0.0	0.0	170.35732	213.66237	137.55295	0.0	0.0	0.0	0.0	270.45004	0.0	0.0	3.3277302	0.0	0.0	195.22363	85.81512	0.0	0.0	0.0	0.0	0.0	56.20286	240.10925	0.0	323.62085	185.54128	0.0	360.5101	0.0	163.41039	0.0	0.0	0.0	182.49652	0.0	0.0	183.87166	226.25493	0.0	699.66583	18.929491	0.0	0.0	199.49078	401.62512	0.0	0.0	60.84361	0.0	0.0	0.0	595.334	0.0	0.0	0.0	56.246418	0.0	0.0	0.0	335.1333	554.6592	0.0	186.60542	0.0	0.0	89.40762	0.0	21.346048	0.0	0.0	0.0	0.0	0.0	0.0	0.0	173.27922	0.0	361.5984	0.0	0.0	211.41522	0.0	0.0
0.0	89.659706	0.0	115.159424	0.0	0.0	8.267106	0.0	0.0	0.0	0.0	13.955769	0.0	0.0	410.4185	0.0	199.22227	0.0	0.0	229.04716	0.0	0.0	0.0	127.81446	0.0	0.0	191.18355	0.0	0.0	124.077644	0.0	0.0	0.0	0.0	0.0	140.88634	0.0	36.71353	0.0	0.0	122.50904	19.470951	194.32219	0.0	0.0	0.0	113.56616	140.00317	87.5989	0.0	0.0	0.0	0.0	179.60292	0.0	0.0	5.152768	0.0	0.0	120.09307	58.949085	0.0	0.0	0.0	0.0	0.0	35.290913	152.78706	0.0	209.3315	122.141716	0.0	231.53413	0.0	112.20474	0.0	0.0	0.0	111.45581	0.0	0.0	112.94745	146.4027	0.0	446.28455	13.328864	0.0	0.0	134.19313	256.37262	0.0	0.0	39.370705	0.0	0.0	0.0	378.1948	0.0	0.0	0.0	41.462673	0.0	0.0	0.0	216.13704	355.60303	0.0	117.1271	0.0	0.0	54.89711	0.0	18.845787	0.0	0.0	0.0	0.0	0.0	0.0	0.0	114.59729	0.0	232.31807	0.0	0.0	133.47803	0.0	0.0
0.0	72.01234	0.0	85.83556	0.0	0.0	6.0089974	0.0	0.0	0.0	0.0	9.874244	0.0	0.0	317.98898	0.0	155.31987	0.0	0.0	176.65987	0.0	0.0	0.0	98.43734	0.0	0.0	145.71538	0.0	0.0	94.41986	0.0	0.0	0.0	0.0	0.0	111.83041	0.0	27.382355	0.0	0.0	93.79179	12.184753	147.90593	0.0	0.0	0.0	90.88723	111.178734	66.49873	0.0	0.0	0.0	0.0	143.37144	0.0	0.0	8.535798	0.0	0.0	88.29476	49.02826	0.0	0.0	0.0	0.0	0.0	26.38114	116.67805	0.0	163.06256	96.09853	0.0	179.89003	0.0	92.702095	0.0	0.0	0.0	81.55026	0.0	0.0	83.14986	113.74396	0.0	341.0714	11.722233	0.0	0.0	108.326744	197.73444	0.0	0.0	31.087877	0.0	0.0	0.0	286.79855	0.0	0.0	0.0	38.061386	0.0	0.0	0.0	168.39464	273.96823	0.0	88.650185	0.0	0.0	40.252686	0.0	18.794035	0.0	0.0	0.0	0.0	0.0	0.0	0.0	90.48434	0.0	178.68901	0.0	0.0	100.7427	0.0	0.0
0.0	111.108925	0.0	150.2473	0.0	0.0	11.633615	0.0	0.0	0.0	0.0	18.437172	0.0	0.0	517.6687	0.0	250.26698	0.0	0.0	291.05942	0.0	0.0	0.0	162.04207	0.0	0.0	245.13098	0.0	0.0	158.84784	0.0	0.0	0.0	0.0	0.0	174.82283	0.0	47.304462	0.0	0.0	156.40083	28.047943	249.3377	0.0	0.0	0.0	138.79602	173.04076	112.663124	0.0	0.0	0.0	0.0	221.63216	0.0	0.0	1.6149632	0.0	0.0	158.10733	69.41314	0.0	0.0	0.0	0.0	0.0	45.122417	195.93782	0.0	263.35458	151.92453	0.0	291.41537	0.0	134.70453	0.0	0.0	0.0	148.42395	0.0	0.0	148.9291	185.10822	0.0	570.79364	14.777299	0.0	0.0	163.30075	324.59543	0.0	0.0	49.204525	0.0	0.0	0.0	486.6439	0.0	0.0	0.0	43.040447	0.0	0.0	0.0	271.79575	452.15744	0.0	150.68456	0.0	0.0	72.722145	0.0	17.537058	0.0	0.0	0.0	0.0	0.0	0.0	0.0	142.81075	0.0	295.51498	0.0	0.0	171.75122	0.0	0.0
0.0	107.860146	0.0	143.14503	0.0	0.0	10.808278	0.0	0.0	0.0	0.0	17.408804	0.0	0.0	506.21457	0.0	243.92744	0.0	0.0	280.5354	0.0	0.0	0.0	158.20825	0.0	0.0	236.72978	0.0	0.0	152.84853	0.0	0.0	0.0	0.0	0.0	170.85071	0.0	46.02129	0.0	0.0	152.62474	25.48507	240.27995	0.0	0.0	0.0	137.1986	170.94948	107.95324	0.0	0.0	0.0	0.0	218.56038	0.0	0.0	4.485342	0.0	0.0	150.5197	70.929375	0.0	0.0	0.0	0.0	0.0	44.28653	188.15742	0.0	256.62704	148.79561	0.0	285.24948	0.0	134.34058	0.0	0.0	0.0	139.79987	0.0	0.0	141.62086	179.43394	0.0	549.7509	15.994396	0.0	0.0	161.83519	316.92307	0.0	0.0	48.64213	0.0	0.0	0.04849437	466.3013	0.0	0.0	0.0	48.894917	0.0	0.0	0.0	266.00208	437.7518	0.0	145.01251	0.0	0.0	68.66202	0.0	20.430676	0.0	0.0	0.0	0.0	0.0	0.0	0.0	139.4329	0.0	285.18726	0.0	0.0	165.0618	0.0	0.0
0.0	108.72018	0.0	143.28069	0.0	0.0	11.375455	0.0	0.0	0.0	0.0	17.349134	0.0	0.0	508.5695	0.0	245.66154	0.0	0.0	282.78024	0.0	0.0	0.0	158.17937	0.0	0.0	237.85374	0.0	0.0	154.25465	0.0	0.0	0.0	0.0	0.0	170.89679	0.0	46.507557	0.0	0.0	153.49115	25.52857	242.0222	0.0	0.0	0.0	138.2401	171.6275	108.17858	0.0	0.0	0.0	0.0	218.27708	0.0	0.0	3.998206	0.0	0.0	151.49052	69.66889	0.0	0.0	0.0	0.0	0.0	43.900284	189.81953	0.0	258.21057	148.884	0.0	286.12543	0.0	134.98999	0.0	0.0	0.0	141.43614	0.0	0.0	142.78917	180.18591	0.0	554.7384	16.429367	0.0	0.0	162.57684	318.368	0.0	0.0	49.18575	0.0	0.0	0.0	470.30637	0.0	0.0	0.0	48.02211	0.0	0.0	0.0	266.9823	440.61032	0.0	147.24379	0.0	0.0	69.67237	0.0	20.319874	0.0	0.0	0.0	0.0	0.0	0.0	0.0	139.28581	0.0	287.7308	0.0	0.0	166.3264	0.0	0.0
0.0	127.23698	0.0	175.27486	0.0	0.0	13.027794	0.0	0.0	0.0	0.0	21.61776	0.0	0.0	603.198	0.0	290.36618	0.0	0.0	336.938	0.0	0.0	0.0	189.11519	0.0	0.0	285.2728	0.0	0.0	185.05614	0.0	0.0	0.0	0.0	0.0	202.05254	0.0	55.501667	0.0	0.0	182.25377	33.608707	290.18326	0.0	0.0	0.0	160.78728	201.00874	131.21223	0.0	0.0	0.0	0.0	256.86096	0.0	0.0	3.124623	0.0	0.0	184.46753	80.76568	0.0	0.0	0.0	0.0	0.0	53.6758	227.36104	0.0	306.0726	176.22884	0.0	339.04684	0.0	154.88515	1.2403144	0.0	0.0	172.43825	0.0	0.0	173.4749	214.79626	0.0	662.5169	17.300543	0.0	0.0	189.16722	378.30966	0.0	0.0	57.30679	0.0	0.0	1.2195746	564.90717	0.0	0.0	0.0	50.57696	0.0	0.0	0.0	315.72418	524.5413	0.0	175.66943	0.0	0.0	84.447685	0.0	19.785635	0.0	0.0	0.0	0.0	0.0	0.0	0.0	165.21736	0.0	343.20825	0.0	0.0	199.56062	0.0	0.0
0.0	81.7707	0.0	101.30543	0.0	0.0	7.0577216	0.0	0.0	0.0	0.0	11.958951	0.0	0.0	366.85107	0.0	178.61824	0.0	0.0	204.5381	0.0	0.0	0.0	113.89907	0.0	0.0	169.71913	0.0	0.0	110.18518	0.0	0.0	0.0	0.0	0.0	127.42487	0.0	32.195904	0.0	0.0	108.917336	15.851795	172.64148	0.0	0.0	0.0	102.96722	126.681175	77.82237	0.0	0.0	0.0	0.0	162.82634	0.0	0.0	7.0376472	0.0	0.0	104.921906	54.30833	0.0	0.0	0.0	0.0	0.0	30.992956	135.99966	0.0	187.73836	109.79349	0.0	207.15758	0.0	103.39374	0.0	0.0	0.0	97.28779	0.0	0.0	98.74572	131.34389	0.0	396.85184	12.682312	0.0	0.0	122.258545	228.56218	0.0	0.0	35.56937	0.0	0.0	0.0	335.20975	0.0	0.0	0.0	39.922222	0.0	0.0	0.0	193.60371	317.1918	0.0	103.7407	0.0	0.0	47.766296	0.0	18.978952	0.0	0.0	0.0	0.0	0.0	0.0	0.0	103.480316	0.0	207.25018	0.0	0.0	117.808235	0.0	0.0
0.0	114.27069	0.0	153.41716	0.0	0.0	11.979275	0.0	0.0	0.0	0.0	18.61587	0.0	0.0	537.6363	0.0	259.01572	0.0	0.0	298.54794	0.0	0.0	0.0	168.27754	0.0	0.0	252.3582	0.0	0.0	163.1201	0.0	0.0	0.0	0.0	0.0	180.57074	0.0	48.677216	0.0	0.0	162.44267	28.075277	256.55798	0.0	0.0	0.0	144.35799	180.68803	115.521	0.0	0.0	0.0	0.0	231.04826	0.0	0.0	4.3342586	0.0	0.0	161.85289	74.388916	0.0	0.0	0.0	0.0	0.0	47.026997	201.11775	0.0	272.24506	157.60876	0.0	302.97513	0.0	140.9112	0.23971806	0.0	0.0	150.70056	0.0	0.0	152.31956	190.9922	0.0	586.20483	16.119661	0.0	0.0	170.02759	336.6907	0.0	0.0	51.543945	0.0	0.0	1.1719265	497.76807	0.0	0.0	0.0	49.486797	0.0	0.0	0.0	281.81107	465.6857	0.0	154.32079	0.0	0.0	73.945366	0.0	19.612513	0.0	0.0	0.0	0.0	0.0	0.0	0.0	147.70721	0.0	303.40277	0.0	0.0	175.90129	0.0	0.0
0.0	113.003746	0.0	150.09203	0.0	0.0	11.4539175	0.0	0.0	0.0	0.0	18.353243	0.0	0.0	530.3185	0.0	255.32391	0.0	0.0	294.33115	0.0	0.0	0.0	165.58006	0.0	0.0	248.31108	0.0	0.0	160.46758	0.0	0.0	0.0	0.0	0.0	178.23686	0.0	48.30424	0.0	0.0	160.32657	27.304987	252.74074	0.0	0.0	0.0	142.80605	178.51836	113.341736	0.0	0.0	0.0	0.0	227.81123	0.0	0.0	4.2764287	0.0	0.0	158.77563	72.87479	0.0	0.0	0.0	0.0	0.0	45.95177	198.16795	0.0	268.6602	155.05284	0.0	298.5137	0.0	139.63048	0.0	0.0	0.0	148.24388	0.0	0.0	149.64827	188.3062	0.0	577.8223	16.498281	0.0	0.0	168.34962	331.89365	0.0	0.0	51.27228	0.0	0.0	0.14151576	489.7793	0.0	0.0	0.0	49.77788	0.0	0.0	0.0	278.37558	458.93396	0.0	152.51234	0.0	0.0	72.34399	0.0	20.16857	0.0	0.0	0.0	0.0	0.0	0.0	0.0	145.67525	0.0	299.1775	0.0	0.0	173.11095	0.0	0.0
0.0	91.65464	0.0	119.20203	0.0	0.0	8.273689	0.0	0.0	0.0	0.0	14.593471	0.0	0.0	422.34253	0.0	203.8834	0.0	0.0	234.94116	0.0	0.0	0.0	131.67365	0.0	0.0	196.74512	0.0	0.0	127.52047	0.0	0.0	0.0	0.0	0.0	144.05858	0.0	38.377796	0.0	0.0	126.38155	20.9625	200.56963	0.0	0.0	0.0	115.27346	143.44713	90.4367	0.0	0.0	0.0	0.0	183.79375	0.0	0.0	4.952169	0.0	0.0	125.03577	59.557796	0.0	0.0	0.0	0.0	0.0	36.47861	157.80951	0.0	214.7486	124.590675	0.0	237.8833	0.0	113.53115	0.0	0.0	0.0	115.98834	0.0	0.0	117.750885	150.53888	0.0	459.38477	13.474629	0.0	0.0	136.09229	263.7667	0.0	0.0	41.04044	0.0	0.0	0.73197365	389.16483	0.0	0.0	0.0	41.68598	0.0	0.0	0.0	221.39087	365.1316	0.0	120.072266	0.0	0.0	56.518036	0.0	17.543924	0.0	0.0	0.0	0.0	0.0	0.0	0.0	117.61411	0.0	238.37239	0.0	0.0	137.2331	0.0	0.0
0.0	107.98708	0.0	143.00507	0.0	0.0	11.057624	0.0	0.0	0.0	0.0	17.055677	0.0	0.0	509.71603	0.0	245.81511	0.0	0.0	282.19498	0.0	0.0	0.0	158.92982	0.0	0.0	237.50407	0.0	0.0	154.2613	0.0	0.0	0.0	0.0	0.0	171.51799	0.0	46.74454	0.0	0.0	153.1326	25.646156	241.45186	0.0	0.0	0.0	138.96571	172.33752	107.7529	0.0	0.0	0.0	0.0	219.23195	0.0	0.0	5.0957246	0.0	0.0	150.62651	71.28025	0.0	0.0	0.0	0.0	0.0	44.161808	189.11086	0.0	258.22095	149.57854	0.0	286.83704	0.0	135.80278	0.0	0.0	0.0	139.6211	0.0	0.0	141.54988	180.18889	0.0	552.6457	16.540907	0.0	0.0	163.81711	318.8527	0.0	0.0	48.897114	0.0	0.0	0.13080409	468.0077	0.0	0.0	0.0	50.49921	0.0	0.0	0.0	267.03818	439.79337	0.0	146.4166	0.0	0.0	68.82169	0.0	21.166733	0.0	0.0	0.0	0.0	0.0	0.0	0.0	139.4497	0.0	286.7723	0.0	0.0	165.76704	0.0	0.0
0.0	168.69757	0.0	231.26164	0.0	0.0	19.300428	0.0	0.0	0.0	0.0	28.265562	0.0	0.0	811.1702	0.0	388.71402	0.0	0.0	448.8337	0.0	0.0	0.0	253.76013	0.0	0.0	381.9213	0.0	0.0	246.31682	0.0	0.0	0.0	0.0	0.0	268.0387	0.0	74.48895	0.0	0.0	247.9858	43.40419	387.6511	0.0	0.0	0.0	215.15529	270.6837	173.7678	0.0	0.0	0.0	0.0	343.90628	0.0	0.0	4.460989	0.0	0.0	246.39186	109.21555	0.0	0.0	0.0	0.0	0.0	70.83764	303.3018	0.0	409.18588	234.82213	0.0	456.55737	0.0	208.18628	0.0	0.0	0.0	230.31963	0.0	0.0	232.40694	286.06085	0.0	884.21875	24.69472	0.0	0.0	252.17378	509.1548	0.0	0.0	77.83679	0.0	0.0	0.7425518	751.1211	0.0	0.0	0.0	71.86199	0.0	0.0	0.0	425.25815	702.1533	0.0	235.43573	0.0	0.0	113.09744	0.0	27.006266	0.0	0.0	0.0	0.0	0.0	0.0	0.0	219.26538	0.0	456.71326	0.0	0.0	266.69482	0.0	0.0
0.0	163.6195	0.0	233.00383	0.0	0.0	18.806953	0.0	0.0	0.0	0.0	28.691793	0.0	0.0	798.0	0.0	382.43027	0.0	0.0	443.80655	0.0	0.0	0.0	250.67812	0.0	0.0	378.52335	0.0	0.0	246.0008	0.0	0.0	0.0	0.0	0.0	262.66415	0.0	75.07776	0.0	0.0	242.8094	46.355362	384.69052	0.0	0.0	0.0	210.24248	263.16458	172.92665	0.0	0.0	0.0	0.0	334.131	0.0	0.0	1.3379107	0.0	0.0	247.37785	104.41492	0.0	0.0	0.0	0.0	0.0	72.02337	300.33554	0.0	403.39197	231.227	0.0	448.10068	0.0	199.16866	1.5448545	0.0	0.0	230.32808	0.0	0.0	232.06258	281.81302	0.0	876.04315	22.21874	0.0	0.0	246.17061	501.72876	0.0	0.0	75.21714	0.0	0.0	0.7242387	748.477	0.0	0.0	0.0	63.90907	0.0	0.0	0.0	416.7418	692.95026	0.0	234.4052	0.0	0.0	113.6184	0.0	23.13057	0.0	0.0	0.0	0.0	0.0	0.0	0.0	214.57732	0.0	453.44116	0.0	0.0	266.20227	0.0	0.0
0.0	73.20245	0.0	86.56284	0.0	0.0	5.8038	0.0	0.0	0.0	0.0	10.03353	0.0	0.0	323.02115	0.0	157.73213	0.0	0.0	179.01611	0.0	0.0	0.0	99.6865	0.0	0.0	147.33525	0.0	0.0	95.86474	0.0	0.0	0.0	0.0	0.0	113.70514	0.0	27.916845	0.0	0.0	94.9813	12.152218	149.77365	0.0	0.0	0.0	92.94055	113.36483	67.28844	0.0	0.0	0.0	0.0	146.00456	0.0	0.0	9.566089	0.0	0.0	88.90097	50.26296	0.0	0.0	0.0	0.0	0.0	26.92826	118.14695	0.0	165.68494	97.736855	0.0	182.68306	0.0	94.73849	0.0	0.0	0.0	81.54923	0.0	0.0	83.53899	115.452354	0.0	345.33838	12.353775	0.0	0.0	110.769066	200.54597	0.0	0.0	31.75976	0.0	0.0	0.0	290.0211	0.0	0.0	0.0	39.85705	0.0	0.0	0.0	170.95003	277.44302	0.0	89.74825	0.0	0.0	40.295155	0.0	19.783428	0.0	0.0	0.0	0.0	0.0	0.0	0.0	91.88818	0.0	181.28265	0.0	0.0	101.879906	0.0	0.0
0.0	91.5329	0.0	131.96033	0.0	0.0	12.240607	0.0	0.0	0.0	0.0	15.736885	0.0	0.0	453.4047	0.0	217.61598	0.0	0.0	246.899	0.0	0.0	0.0	144.16547	0.0	0.0	212.92908	0.0	0.0	138.21507	0.0	0.0	0.0	0.0	0.0	150.3929	0.0	41.993214	0.0	0.0	134.41678	24.934326	213.93745	0.0	0.0	0.0	120.14481	150.527	97.31008	0.0	0.0	0.0	0.0	194.08092	0.0	0.0	5.0115495	0.0	0.0	137.49216	65.25837	0.0	0.0	0.0	0.0	0.0	43.46962	167.3739	0.0	228.6298	132.80943	0.0	255.59996	0.0	114.47665	2.0360425	0.0	0.0	123.97431	0.0	0.0	127.9016	159.58128	0.0	487.0946	12.177292	0.0	0.0	142.97638	285.2392	0.0	0.0	42.295383	0.0	0.0	4.3077006	415.30054	0.0	0.0	0.0	42.51773	0.0	0.0	0.0	234.75616	389.4624	0.0	129.38438	0.0	0.0	63.40449	0.0	14.168139	0.0	0.0	0.0	0.0	0.0	0.0	0.0	122.59939	0.0	254.51189	0.0	0.0	148.70107	0.0	0.0
0.0	78.61427	0.0	102.191216	0.0	0.0	7.6410866	0.0	0.0	0.0	0.0	11.979432	0.0	0.0	363.7562	0.0	176.26245	0.0	0.0	201.34142	0.0	0.0	0.0	114.2564	0.0	0.0	169.14021	0.0	0.0	109.09506	0.0	0.0	0.0	0.0	0.0	124.86349	0.0	32.53915	0.0	0.0	107.90787	17.275454	171.00887	0.0	0.0	0.0	100.388695	124.33018	77.304054	0.0	0.0	0.0	0.0	159.88992	0.0	0.0	5.2566786	0.0	0.0	106.39837	54.037777	0.0	0.0	0.0	0.0	0.0	32.04622	134.03607	0.0	184.76123	108.585724	0.0	205.64275	0.0	99.43064	0.0	0.0	0.0	97.241585	0.0	0.0	99.5801	129.39734	0.0	392.5331	11.374097	0.0	0.0	119.32108	227.62086	0.0	0.0	34.369278	0.0	0.0	1.0677637	332.54578	0.0	0.0	0.0	38.177647	0.0	0.0	0.0	190.78412	314.03555	0.0	102.21679	0.0	0.0	48.503143	0.0	16.738325	0.0	0.0	0.0	0.0	0.0	0.0	0.0	101.73093	0.0	204.394	0.0	0.0	117.67899	0.0	0.0
0.0	76.82325	0.0	98.556274	0.0	0.0	7.1693306	0.0	0.0	0.0	0.0	11.504695	0.0	0.0	352.64053	0.0	171.30989	0.0	0.0	195.6696	0.0	0.0	0.0	110.400795	0.0	0.0	163.7351	0.0	0.0	106.0733	0.0	0.0	0.0	0.0	0.0	121.75428	0.0	31.362015	0.0	0.0	104.300385	16.368109	165.79108	0.0	0.0	0.0	98.27316	121.00704	74.816605	0.0	0.0	0.0	0.0	155.61963	0.0	0.0	5.7877955	0.0	0.0	102.37638	52.456635	0.0	0.0	0.0	0.0	0.0	30.991156	129.93958	0.0	179.7199	105.71633	0.0	199.24866	0.0	97.59998	0.0	0.0	0.0	93.54545	0.0	0.0	95.56469	125.69409	0.0	380.5575	11.3824415	0.0	0.0	116.84481	220.39879	0.0	0.0	33.401836	0.0	0.0	0.5699279	322.31265	0.0	0.0	0.0	37.648357	0.0	0.0	0.0	185.34924	304.64792	0.0	99.31121	0.0	0.0	46.672775	0.0	17.19084	0.0	0.0	0.0	0.0	0.0	0.0	0.0	98.86913	0.0	198.80458	0.0	0.0	113.8649	0.0	0.0
0.0	77.22267	0.0	99.37638	0.0	0.0	7.090061	0.0	0.0	0.0	0.0	11.674039	0.0	0.0	354.37033	0.0	172.01091	0.0	0.0	196.53204	0.0	0.0	0.0	111.26099	0.0	0.0	164.76044	0.0	0.0	106.40795	0.0	0.0	0.0	0.0	0.0	122.2857	0.0	31.551607	0.0	0.0	104.769585	16.514463	166.659	0.0	0.0	0.0	98.299934	121.54662	75.40627	0.0	0.0	0.0	0.0	156.36098	0.0	0.0	5.6567836	0.0	0.0	103.18725	52.773617	0.0	0.0	0.0	0.0	0.0	31.276423	130.61821	0.0	180.56078	106.10788	0.0	200.29863	0.0	97.68893	0.0	0.0	0.0	94.42771	0.0	0.0	96.48226	126.48688	0.0	382.70334	11.238063	0.0	0.0	117.18931	221.59474	0.0	0.0	33.600803	0.0	0.0	0.5498244	324.23596	0.0	0.0	0.0	37.416645	0.0	0.0	0.0	186.12886	306.19937	0.0	99.67806	0.0	0.0	47.043594	0.0	16.900309	0.0	0.0	0.0	0.0	0.0	0.0	0.0	99.54447	0.0	199.82915	0.0	0.0	114.5617	0.0	0.0
0.0	81.77833	0.0	108.972435	0.0	0.0	8.290246	0.0	0.0	0.0	0.0	12.828332	0.0	0.0	383.33057	0.0	185.15526	0.0	0.0	211.97913	0.0	0.0	0.0	120.68301	0.0	0.0	179.03282	0.0	0.0	115.72585	0.0	0.0	0.0	0.0	0.0	130.53221	0.0	34.62126	0.0	0.0	113.90146	19.158943	181.11133	0.0	0.0	0.0	104.60989	129.85413	81.91747	0.0	0.0	0.0	0.0	166.98119	0.0	0.0	4.926361	0.0	0.0	113.6376	55.94134	0.0	0.0	0.0	0.0	0.0	34.401886	141.71254	0.0	194.61955	113.841515	0.0	216.5229	0.0	102.82519	0.0	0.0	0.0	103.800575	0.0	0.0	106.05062	136.35023	0.0	414.53076	11.586183	0.0	0.0	124.32304	240.1392	0.0	0.0	36.213673	0.0	0.0	1.4472879	351.96957	0.0	0.0	0.0	38.224293	0.0	0.0	0.0	200.78844	331.01868	0.0	108.56069	0.0	0.0	51.991776	0.0	16.079218	0.0	0.0	0.0	0.0	0.0	0.0	0.0	106.406334	0.0	215.91228	0.0	0.0	124.68632	0.0	0.0
0.0	84.67156	0.0	104.9444	0.0	0.0	6.281611	0.0	0.0	0.0	0.0	12.332775	0.0	0.0	369.77246	0.0	180.52623	0.0	0.0	208.18462	0.0	0.0	0.0	116.22024	0.0	0.0	172.1759	0.0	0.0	111.53818	0.0	0.0	0.0	0.0	0.0	131.7455	0.0	31.374075	0.0	0.0	107.86353	17.375776	175.58647	0.0	0.0	0.0	102.917595	128.415	81.10572	0.0	0.0	0.0	0.0	168.15602	0.0	0.0	7.5585694	0.0	0.0	107.513374	56.734898	0.0	0.0	0.0	0.0	0.0	31.952759	138.93538	0.0	190.56335	112.57154	0.0	209.89276	0.0	105.422325	0.0	0.0	0.0	98.74453	0.0	0.0	100.72528	135.368	0.0	401.86646	10.938274	0.0	0.0	123.59251	230.1794	0.0	0.0	35.61967	0.0	0.0	1.2871355	339.85193	0.0	0.0	0.0	38.78945	0.0	0.0	0.0	194.21631	321.34128	0.0	101.73423	0.0	0.0	48.165985	0.0	17.099112	0.0	0.0	0.0	0.0	0.0	0.0	0.0	107.75183	0.0	210.92537	0.0	0.0	118.22342	0.0	0.0
0.0	76.02374	0.0	96.81543	0.0	0.0	6.9242415	0.0	0.0	0.0	0.0	11.378803	0.0	0.0	348.47708	0.0	169.02895	0.0	0.0	192.66968	0.0	0.0	0.0	109.05666	0.0	0.0	161.38554	0.0	0.0	104.23865	0.0	0.0	0.0	0.0	0.0	120.16865	0.0	30.951147	0.0	0.0	103.26815	15.756902	163.42583	0.0	0.0	0.0	96.97614	119.77744	73.65589	0.0	0.0	0.0	0.0	154.02538	0.0	0.0	6.352585	0.0	0.0	100.62283	52.008606	0.0	0.0	0.0	0.0	0.0	30.484892	128.13306	0.0	177.42223	104.20684	0.0	196.98845	0.0	96.57908	0.0	0.0	0.0	92.15629	0.0	0.0	94.12769	124.13181	0.0	375.28622	11.576327	0.0	0.0	115.40496	217.72949	0.0	0.0	33.364124	0.0	0.0	0.54881227	317.27182	0.0	0.0	0.0	37.941998	0.0	0.0	0.0	183.22105	300.36746	0.0	97.86304	0.0	0.0	45.743317	0.0	17.231672	0.0	0.0	0.0	0.0	0.0	0.0	0.0	97.8321	0.0	195.8786	0.0	0.0	112.13029	0.0	0.0
0.0	74.76913	0.0	95.13285	0.0	0.0	6.975557	0.0	0.0	0.0	0.0	11.004916	0.0	0.0	344.387	0.0	166.99672	0.0	0.0	189.3843	0.0	0.0	0.0	108.01276	0.0	0.0	158.8222	0.0	0.0	102.59704	0.0	0.0	0.0	0.0	0.0	118.79968	0.0	30.416315	0.0	0.0	101.656	15.161382	160.63303	0.0	0.0	0.0	96.095634	118.69509	72.37185	0.0	0.0	0.0	0.0	152.90852	0.0	0.0	7.093891	0.0	0.0	98.69727	52.7003	0.0	0.0	0.0	0.0	0.0	30.284674	125.815315	0.0	175.14851	103.31756	0.0	195.15955	0.0	95.9553	0.0	0.0	0.0	89.62927	0.0	0.0	92.11451	122.53559	0.0	368.48593	11.306428	0.0	0.0	114.63952	215.10374	0.0	0.0	32.9602	0.0	0.0	1.151701	311.07895	0.0	0.0	0.0	39.176033	0.0	0.0	0.0	181.01625	295.87637	0.0	95.9512	0.0	0.0	44.74403	0.0	17.593784	0.0	0.0	0.0	0.0	0.0	0.0	0.0	96.69413	0.0	192.60555	0.0	0.0	110.11791	0.0	0.0
0.0	76.54401	0.0	99.003334	0.0	0.0	7.36962	0.0	0.0	0.0	0.0	11.400605	0.0	0.0	355.9445	0.0	172.30672	0.0	0.0	195.93019	0.0	0.0	0.0	111.66805	0.0	0.0	164.63634	0.0	0.0	106.56015	0.0	0.0	0.0	0.0	0.0	122.25713	0.0	31.564444	0.0	0.0	105.28556	16.34743	166.57611	0.0	0.0	0.0	98.59934	122.03928	75.08962	0.0	0.0	0.0	0.0	157.1096	0.0	0.0	6.2599645	0.0	0.0	102.82047	53.8159	0.0	0.0	0.0	0.0	0.0	31.345032	130.43736	0.0	180.72215	106.30358	0.0	201.5649	0.0	98.13352	0.0	0.0	0.0	93.59805	0.0	0.0	95.92806	126.56216	0.0	381.54785	11.426084	0.0	0.0	117.59424	222.35872	0.0	0.0	33.80201	0.0	0.0	1.4501768	322.50662	0.0	0.0	0.0	39.32044	0.0	0.0	0.0	186.80135	306.01233	0.0	99.73856	0.0	0.0	46.74867	0.0	17.338766	0.0	0.0	0.0	0.0	0.0	0.0	0.0	99.35925	0.0	199.05061	0.0	0.0	114.23877	0.0	0.0
0.0	80.036766	0.0	106.9202	0.0	0.0	8.448176	0.0	0.0	0.0	0.0	12.515735	0.0	0.0	380.09866	0.0	183.32043	0.0	0.0	208.21014	0.0	0.0	0.0	119.78699	0.0	0.0	176.44879	0.0	0.0	114.019035	0.0	0.0	0.0	0.0	0.0	128.89536	0.0	34.306915	0.0	0.0	112.594246	18.438688	178.30363	0.0	0.0	0.0	103.616356	129.01588	80.58546	0.0	0.0	0.0	0.0	165.81099	0.0	0.0	5.999705	0.0	0.0	111.843605	56.663544	0.0	0.0	0.0	0.0	0.0	34.42667	139.46477	0.0	192.47125	112.70511	0.0	215.00885	0.0	101.82324	0.08466843	0.0	0.0	101.38178	0.0	0.0	104.279564	134.55666	0.0	407.5411	11.483144	0.0	0.0	123.585075	238.01538	0.0	0.0	35.963474	0.0	0.0	2.050581	345.24463	0.0	0.0	0.0	40.18117	0.0	0.0	0.0	198.55772	326.35422	0.0	106.949196	0.0	0.0	51.078445	0.0	16.396849	0.0	0.0	0.0	0.0	0.0	0.0	0.0	105.103386	0.0	212.50545	0.0	0.0	122.906105	0.0	0.0
0.0	83.10833	0.0	113.415535	0.0	0.0	9.888485	0.0	0.0	0.0	0.0	13.384101	0.0	0.0	399.31125	0.0	192.30627	0.0	0.0	218.36153	0.0	0.0	0.0	125.99012	0.0	0.0	186.04742	0.0	0.0	120.55546	0.0	0.0	0.0	0.0	0.0	134.25598	0.0	35.9687	0.0	0.0	118.50596	20.20662	187.57812	0.0	0.0	0.0	107.70834	134.51593	84.97416	0.0	0.0	0.0	0.0	173.35034	0.0	0.0	5.8886433	0.0	0.0	118.466736	59.06718	0.0	0.0	0.0	0.0	0.0	36.568233	147.00282	0.0	201.74585	117.866646	0.0	225.92705	0.0	105.07849	0.6377849	0.0	0.0	107.34794	0.0	0.0	110.46942	141.20415	0.0	428.2107	11.635583	0.0	0.0	128.26064	250.3556	0.0	0.0	37.623295	0.0	0.0	3.0470855	363.08875	0.0	0.0	0.0	40.922237	0.0	0.0	0.0	208.141	342.80515	0.0	112.69409	0.0	0.0	54.40939	0.0	15.453486	0.0	0.0	0.0	0.0	0.0	0.0	0.0	109.54928	0.0	223.21985	0.0	0.0	129.38101	0.0	0.0
0.0	76.891	0.0	100.31247	0.0	0.0	7.609217	0.0	0.0	0.0	0.0	11.622337	0.0	0.0	359.83032	0.0	173.94511	0.0	0.0	197.78288	0.0	0.0	0.0	112.85842	0.0	0.0	166.46872	0.0	0.0	107.71249	0.0	0.0	0.0	0.0	0.0	122.99134	0.0	31.951492	0.0	0.0	106.51229	16.891403	168.43074	0.0	0.0	0.0	99.13752	122.93566	75.94994	0.0	0.0	0.0	0.0	158.32542	0.0	0.0	6.1688237	0.0	0.0	104.448235	54.281036	0.0	0.0	0.0	0.0	0.0	31.931147	131.87038	0.0	182.4388	107.277596	0.0	203.65428	0.0	98.51913	0.0	0.0	0.0	94.810455	0.0	0.0	97.31766	127.76217	0.0	385.6935	11.389422	0.0	0.0	118.18607	224.79393	0.0	0.0	34.163185	0.0	0.0	1.6196423	325.87003	0.0	0.0	0.0	39.271576	0.0	0.0	0.0	188.50916	308.93475	0.0	100.623924	0.0	0.0	47.677826	0.0	16.811663	0.0	0.0	0.0	0.0	0.0	0.0	0.0	100.19442	0.0	201.07466	0.0	0.0	115.47971	0.0	0.0
0.0	75.22281	0.0	96.11536	0.0	0.0	6.895981	0.0	0.0	0.0	0.0	11.103974	0.0	0.0	345.97742	0.0	167.88934	0.0	0.0	191.06635	0.0	0.0	0.0	108.34845	0.0	0.0	159.9951	0.0	0.0	103.58018	0.0	0.0	0.0	0.0	0.0	119.45978	0.0	30.492704	0.0	0.0	102.06251	15.749748	161.94537	0.0	0.0	0.0	96.3462	119.05951	73.15003	0.0	0.0	0.0	0.0	153.3014	0.0	0.0	6.479046	0.0	0.0	99.63382	52.47914	0.0	0.0	0.0	0.0	0.0	30.35266	126.915565	0.0	176.04523	103.75616	0.0	195.86702	0.0	96.1551	0.0	0.0	0.0	90.70429	0.0	0.0	93.02671	123.31803	0.0	371.4518	11.202868	0.0	0.0	114.979866	215.98418	0.0	0.0	32.809544	0.0	0.0	0.8996474	313.98367	0.0	0.0	0.0	38.380196	0.0	0.0	0.0	181.66884	297.8483	0.0	96.56774	0.0	0.0	45.232162	0.0	17.290075	0.0	0.0	0.0	0.0	0.0	0.0	0.0	97.19464	0.0	193.95802	0.0	0.0	110.92741	0.0	0.0
0.0	75.94991	0.0	97.59939	0.0	0.0	6.913115	0.0	0.0	0.0	0.0	11.392291	0.0	0.0	350.18973	0.0	169.71745	0.0	0.0	193.19356	0.0	0.0	0.0	109.751305	0.0	0.0	162.07466	0.0	0.0	104.81665	0.0	0.0	0.0	0.0	0.0	120.55902	0.0	31.155655	0.0	0.0	103.31049	16.194948	164.05748	0.0	0.0	0.0	97.189	120.15478	74.021	0.0	0.0	0.0	0.0	154.68306	0.0	0.0	6.445742	0.0	0.0	101.065956	52.735077	0.0	0.0	0.0	0.0	0.0	30.908707	128.43416	0.0	178.07404	104.667175	0.0	198.16008	0.0	96.801094	0.0	0.0	0.0	92.03775	0.0	0.0	94.377686	124.73373	0.0	376.25586	11.456368	0.0	0.0	116.12617	218.76433	0.0	0.0	33.387764	0.0	0.0	1.0065466	318.0393	0.0	0.0	0.0	38.401066	0.0	0.0	0.0	183.81657	301.2819	0.0	98.04919	0.0	0.0	45.988384	0.0	17.158695	0.0	0.0	0.0	0.0	0.0	0.0	0.0	98.146706	0.0	196.3329	0.0	0.0	112.39608	0.0	0.0
0.0	79.12411	0.0	104.451996	0.0	0.0	7.9921994	0.0	0.0	0.0	0.0	12.308597	0.0	0.0	371.50476	0.0	179.4272	0.0	0.0	204.22252	0.0	0.0	0.0	116.92393	0.0	0.0	172.49004	0.0	0.0	111.403206	0.0	0.0	0.0	0.0	0.0	126.70852	0.0	33.448353	0.0	0.0	110.07876	17.973078	174.52238	0.0	0.0	0.0	101.615944	126.39813	78.93383	0.0	0.0	0.0	0.0	162.73708	0.0	0.0	5.9224	0.0	0.0	108.95101	55.501892	0.0	0.0	0.0	0.0	0.0	33.29442	136.54529	0.0	188.31624	110.47015	0.0	210.17534	0.0	100.23718	0.0	0.0	0.0	99.07132	0.0	0.0	101.7833	131.77602	0.0	399.07632	11.312557	0.0	0.0	121.04486	232.4741	0.0	0.0	35.14809	0.0	0.0	1.9596945	337.9283	0.0	0.0	0.0	39.39757	0.0	0.0	0.0	194.30902	319.452	0.0	104.25149	0.0	0.0	49.497192	0.0	16.386068	0.0	0.0	0.0	0.0	0.0	0.0	0.0	103.29193	0.0	207.87378	0.0	0.0	119.98661	0.0	0.0
0.0	87.190575	0.0	123.00901	0.0	0.0	11.649713	0.0	0.0	0.0	0.0	14.545735	0.0	0.0	428.27267	0.0	205.94823	0.0	0.0	232.79497	0.0	0.0	0.0	135.79796	0.0	0.0	200.24608	0.0	0.0	129.92628	0.0	0.0	0.0	0.0	0.0	142.8119	0.0	39.0196	0.0	0.0	126.74418	22.303864	200.93463	0.0	0.0	0.0	114.30294	143.3379	91.37106	0.0	0.0	0.0	0.0	184.7873	0.0	0.0	5.894874	0.0	0.0	128.11058	63.084827	0.0	0.0	0.0	0.0	0.0	40.56925	157.56702	0.0	215.96944	125.83936	0.0	241.93486	0.0	110.26325	1.4379425	0.0	0.0	115.44828	0.0	0.0	119.13352	150.75964	0.0	457.9418	11.809434	0.0	0.0	136.49597	268.93875	0.0	0.0	40.032207	0.0	0.0	4.0546093	389.32455	0.0	0.0	0.0	42.72977	0.0	0.0	0.0	222.09845	367.0273	0.0	121.207115	0.0	0.0	59.110214	0.0	14.962917	0.0	0.0	0.0	0.0	0.0	0.0	0.0	116.30883	0.0	239.41315	0.0	0.0	139.40938	0.0	0.0
0.0	78.47012	0.0	103.66067	0.0	0.0	7.9834476	0.0	0.0	0.0	0.0	12.0791445	0.0	0.0	369.85263	0.0	178.62703	0.0	0.0	202.88416	0.0	0.0	0.0	116.34817	0.0	0.0	171.56783	0.0	0.0	110.88418	0.0	0.0	0.0	0.0	0.0	125.83941	0.0	32.90462	0.0	0.0	109.896324	17.838192	173.52489	0.0	0.0	0.0	101.19778	125.890076	78.38131	0.0	0.0	0.0	0.0	161.99135	0.0	0.0	6.1395288	0.0	0.0	108.220634	55.35666	0.0	0.0	0.0	0.0	0.0	33.01838	135.7451	0.0	187.37988	110.08216	0.0	209.38387	0.0	99.85791	0.0	0.0	0.0	98.363	0.0	0.0	100.933205	131.12862	0.0	396.60788	11.358689	0.0	0.0	120.49844	231.47194	0.0	0.0	35.005585	0.0	0.0	1.9662762	335.54935	0.0	0.0	0.0	39.717155	0.0	0.0	0.0	193.61931	317.7144	0.0	103.744865	0.0	0.0	49.310837	0.0	16.309435	0.0	0.0	0.0	0.0	0.0	0.0	0.0	102.557365	0.0	206.70369	0.0	0.0	119.0115	0.0	0.0
0.0	77.55311	0.0	101.04559	0.0	0.0	7.6200714	0.0	0.0	0.0	0.0	11.670503	0.0	0.0	361.2291	0.0	174.91315	0.0	0.0	198.99677	0.0	0.0	0.0	113.524025	0.0	0.0	167.43375	0.0	0.0	108.21574	0.0	0.0	0.0	0.0	0.0	123.81726	0.0	32.19176	0.0	0.0	106.81667	16.8985	169.40515	0.0	0.0	0.0	99.66662	123.56255	76.47833	0.0	0.0	0.0	0.0	158.85008	0.0	0.0	6.014876	0.0	0.0	104.99793	54.14958	0.0	0.0	0.0	0.0	0.0	32.001366	132.54243	0.0	183.45605	107.86207	0.0	204.40486	0.0	98.99062	0.0	0.0	0.0	95.657166	0.0	0.0	98.08047	128.40025	0.0	388.14236	11.335205	0.0	0.0	118.8938	225.94206	0.0	0.0	34.255367	0.0	0.0	1.4207121	328.38293	0.0	0.0	0.0	38.96392	0.0	0.0	0.0	189.31482	310.88553	0.0	101.37131	0.0	0.0	48.013264	0.0	16.910944	0.0	0.0	0.0	0.0	0.0	0.0	0.0	100.800606	0.0	202.46472	0.0	0.0	116.272095	0.0	0.0
0.0	77.886894	0.0	101.897285	0.0	0.0	7.520054	0.0	0.0	0.0	0.0	11.811924	0.0	0.0	364.35278	0.0	176.11298	0.0	0.0	200.22624	0.0	0.0	0.0	114.63203	0.0	0.0	168.77254	0.0	0.0	109.05491	0.0	0.0	0.0	0.0	0.0	124.816536	0.0	32.48907	0.0	0.0	107.82446	17.135178	170.76869	0.0	0.0	0.0	100.39707	124.568695	77.15592	0.0	0.0	0.0	0.0	160.49141	0.0	0.0	6.347896	0.0	0.0	105.967255	55.08549	0.0	0.0	0.0	0.0	0.0	32.550503	133.40059	0.0	184.89766	108.806274	0.0	206.37976	0.0	99.48853	0.0	0.0	0.0	96.03249	0.0	0.0	98.79425	129.43651	0.0	390.4536	11.381909	0.0	0.0	119.87414	227.89244	0.0	0.0	34.538185	0.0	0.0	1.7852345	330.33627	0.0	0.0	0.0	39.744267	0.0	0.0	0.0	191.05766	313.1322	0.0	101.8254	0.0	0.0	48.06345	0.0	17.108854	0.0	0.0	0.0	0.0	0.0	0.0	0.0	101.659386	0.0	203.82005	0.0	0.0	117.224464	0.0	0.0
0.0	82.52192	0.0	112.03164	0.0	0.0	9.501489	0.0	0.0	0.0	0.0	13.1486635	0.0	0.0	396.06674	0.0	190.79694	0.0	0.0	216.49872	0.0	0.0	0.0	125.10551	0.0	0.0	184.24707	0.0	0.0	119.22937	0.0	0.0	0.0	0.0	0.0	133.47887	0.0	35.669502	0.0	0.0	117.58016	19.698406	185.75108	0.0	0.0	0.0	107.282814	133.79814	84.02535	0.0	0.0	0.0	0.0	172.33281	0.0	0.0	6.0327516	0.0	0.0	116.980225	58.80829	0.0	0.0	0.0	0.0	0.0	35.988934	145.45149	0.0	200.15611	117.12028	0.0	224.11885	0.0	104.901665	0.51921713	0.0	0.0	106.08429	0.0	0.0	109.0442	139.96748	0.0	424.31552	11.687554	0.0	0.0	127.76581	248.26056	0.0	0.0	37.34108	0.0	0.0	2.8475437	359.65845	0.0	0.0	0.0	41.24834	0.0	0.0	0.0	206.79012	339.93274	0.0	111.7015	0.0	0.0	53.659252	0.0	16.14017	0.0	0.0	0.0	0.0	0.0	0.0	0.0	108.81027	0.0	221.26479	0.0	0.0	128.14224	0.0	0.0
0.0	84.89338	0.0	116.8071	0.0	0.0	9.561035	0.0	0.0	0.0	0.0	13.944709	0.0	0.0	408.53073	0.0	196.56236	0.0	0.0	223.60754	0.0	0.0	0.0	129.0929	0.0	0.0	190.7569	0.0	0.0	123.61135	0.0	0.0	0.0	0.0	0.0	137.54192	0.0	37.228672	0.0	0.0	121.322624	21.187569	192.60558	0.0	0.0	0.0	110.09296	137.24962	87.317085	0.0	0.0	0.0	0.0	177.00623	0.0	0.0	5.3534446	0.0	0.0	121.938194	59.489582	0.0	0.0	0.0	0.0	0.0	37.66745	150.72546	0.0	206.73936	120.61384	0.0	230.8138	0.0	106.83848	0.8693567	0.0	0.0	110.53366	0.0	0.0	113.66394	144.45256	0.0	439.24716	11.890663	0.0	0.0	130.85252	256.3637	0.0	0.0	38.67621	0.0	0.0	2.787526	373.1942	0.0	0.0	0.0	40.788937	0.0	0.0	0.0	213.0822	351.21603	0.0	115.70518	0.0	0.0	55.67934	0.0	15.399407	0.0	0.0	0.0	0.0	0.0	0.0	0.0	112.12732	0.0	229.04543	0.0	0.0	132.9424	0.0	0.0
0.0	76.91214	0.0	98.75504	0.0	0.0	6.837499	0.0	0.0	0.0	0.0	11.743159	0.0	0.0	351.7621	0.0	170.82466	0.0	0.0	195.51299	0.0	0.0	0.0	110.11939	0.0	0.0	163.62714	0.0	0.0	105.88529	0.0	0.0	0.0	0.0	0.0	121.492455	0.0	31.244455	0.0	0.0	104.11746	16.651443	165.98433	0.0	0.0	0.0	97.505005	120.3208	75.01554	0.0	0.0	0.0	0.0	155.0198	0.0	0.0	5.3731704	0.0	0.0	102.526375	51.56772	0.0	0.0	0.0	0.0	0.0	30.721159	130.11646	0.0	179.39148	105.28037	0.0	198.55725	0.0	96.88232	0.0	0.0	0.0	94.34192	0.0	0.0	95.94821	125.59005	0.0	380.96158	11.262245	0.0	0.0	116.05125	219.80992	0.0	0.0	33.417072	0.0	0.0	0.067887016	322.74057	0.0	0.0	0.0	36.534843	0.0	0.0	0.0	184.93025	304.40906	0.0	99.3782	0.0	0.0	46.800705	0.0	16.387968	0.0	0.0	0.0	0.0	0.0	0.0	0.0	98.78489	0.0	198.74892	0.0	0.0	113.7453	0.0	0.0
0.0	77.497696	0.0	100.806946	0.0	0.0	7.499822	0.0	0.0	0.0	0.0	11.691677	0.0	0.0	359.15076	0.0	174.04578	0.0	0.0	198.32228	0.0	0.0	0.0	113.03933	0.0	0.0	166.79611	0.0	0.0	107.893654	0.0	0.0	0.0	0.0	0.0	123.53284	0.0	31.985052	0.0	0.0	106.130424	16.711954	168.68411	0.0	0.0	0.0	99.245605	123.03397	76.28213	0.0	0.0	0.0	0.0	158.45807	0.0	0.0	5.7466006	0.0	0.0	104.53198	53.996403	0.0	0.0	0.0	0.0	0.0	31.848139	132.04968	0.0	182.69539	107.349236	0.0	203.36751	0.0	98.67745	0.0	0.0	0.0	95.260704	0.0	0.0	97.56	128.09766	0.0	386.3309	11.230126	0.0	0.0	118.49169	224.65758	0.0	0.0	33.981934	0.0	0.0	1.4683908	327.2435	0.0	0.0	0.0	38.39323	0.0	0.0	0.0	188.51775	309.60513	0.0	100.868866	0.0	0.0	47.647343	0.0	16.90328	0.0	0.0	0.0	0.0	0.0	0.0	0.0	100.53249	0.0	201.88878	0.0	0.0	115.99875	0.0	0.0
0.0	81.4563	0.0	108.76169	0.0	0.0	8.313229	0.0	0.0	0.0	0.0	12.800332	0.0	0.0	383.89514	0.0	185.33209	0.0	0.0	211.58215	0.0	0.0	0.0	121.16937	0.0	0.0	178.99286	0.0	0.0	115.42288	0.0	0.0	0.0	0.0	0.0	130.52438	0.0	34.7886	0.0	0.0	114.087524	19.028303	180.99512	0.0	0.0	0.0	104.70404	130.22507	81.829216	0.0	0.0	0.0	0.0	167.29399	0.0	0.0	5.3588653	0.0	0.0	113.67682	56.48467	0.0	0.0	0.0	0.0	0.0	34.596783	141.35632	0.0	194.58366	114.009056	0.0	217.03381	0.0	102.61749	0.06346825	0.0	0.0	103.6739	0.0	0.0	106.28066	136.19147	0.0	414.11496	11.490464	0.0	0.0	124.43209	240.75993	0.0	0.0	36.241028	0.0	0.0	1.6627115	351.38718	0.0	0.0	0.0	39.092327	0.0	0.0	0.0	200.82674	331.04736	0.0	108.48987	0.0	0.0	51.870052	0.0	16.100256	0.0	0.0	0.0	0.0	0.0	0.0	0.0	106.48011	0.0	215.60828	0.0	0.0	124.804405	0.0	0.0
0.0	87.548706	0.0	124.34904	0.0	0.0	11.504445	0.0	0.0	0.0	0.0	14.915605	0.0	0.0	431.4108	0.0	207.21541	0.0	0.0	234.53127	0.0	0.0	0.0	136.83064	0.0	0.0	201.87463	0.0	0.0	130.99867	0.0	0.0	0.0	0.0	0.0	143.61888	0.0	39.4586	0.0	0.0	127.750404	23.019196	202.70256	0.0	0.0	0.0	114.86721	143.8748	92.28555	0.0	0.0	0.0	0.0	185.71802	0.0	0.0	5.382368	0.0	0.0	129.6274	62.964386	0.0	0.0	0.0	0.0	0.0	40.919422	158.95288	0.0	217.6189	126.693054	0.0	243.61183	0.0	110.20907	1.557715	0.0	0.0	116.87573	0.0	0.0	120.59547	151.7867	0.0	461.99496	11.83854	0.0	0.0	136.80212	271.13028	0.0	0.0	40.440807	0.0	0.0	3.971389	393.02286	0.0	0.0	0.0	42.343567	0.0	0.0	0.0	223.64696	369.9982	0.0	122.30251	0.0	0.0	59.81508	0.0	14.235238	0.0	0.0	0.0	0.0	0.0	0.0	0.0	116.97721	0.0	241.48157	0.0	0.0	140.7572	0.0	0.0
0.0	70.739845	0.0	85.32322	0.0	0.0	6.157276	0.0	0.0	0.0	0.0	9.867344	0.0	0.0	317.7125	0.0	154.6697	0.0	0.0	175.27281	0.0	0.0	0.0	98.23511	0.0	0.0	144.96796	0.0	0.0	94.418495	0.0	0.0	0.0	0.0	0.0	110.632324	0.0	27.71604	0.0	0.0	93.77572	12.427132	147.386	0.0	0.0	0.0	90.54739	110.85319	65.89596	0.0	0.0	0.0	0.0	142.3243	0.0	0.0	8.368938	0.0	0.0	88.32075	48.912323	0.0	0.0	0.0	0.0	0.0	26.601767	116.23617	0.0	162.1535	95.34867	0.0	179.65208	0.0	91.61811	0.0	0.0	0.0	80.88345	0.0	0.0	82.782684	113.16375	0.0	339.17044	11.828503	0.0	0.0	107.72226	197.309	0.0	0.0	31.11098	0.0	0.0	0.22867525	284.83115	0.0	0.0	0.0	38.84257	0.0	0.0	0.0	167.61922	272.15176	0.0	88.61044	0.0	0.0	39.94844	0.0	18.764887	0.0	0.0	0.0	0.0	0.0	0.0	0.0	89.493614	0.0	177.39471	0.0	0.0	100.34446	0.0	0.0
0.0	81.136406	0.0	103.89434	0.0	0.0	7.9958854	0.0	0.0	0.0	0.0	12.212398	0.0	0.0	377.1055	0.0	182.21645	0.0	0.0	207.32137	0.0	0.0	0.0	117.37345	0.0	0.0	173.74231	0.0	0.0	112.89393	0.0	0.0	0.0	0.0	0.0	128.41232	0.0	33.793926	0.0	0.0	112.481285	17.115267	176.58763	0.0	0.0	0.0	104.40861	129.11183	79.07506	0.0	0.0	0.0	0.0	165.36928	0.0	0.0	6.3897076	0.0	0.0	108.833336	55.670574	0.0	0.0	0.0	0.0	0.0	32.49784	138.67555	0.0	191.20166	111.65835	0.0	212.91698	0.0	103.62189	0.0	0.0	0.0	99.59225	0.0	0.0	101.92571	133.47485	0.0	404.29678	12.918362	0.0	0.0	123.38983	235.09148	0.0	0.0	36.47537	0.0	0.0	1.4670391	341.172	0.0	0.0	0.0	41.76118	0.0	0.0	0.0	198.01233	323.41678	0.0	106.28785	0.0	0.0	49.16158	0.0	18.235552	0.0	0.0	0.0	0.0	0.0	0.0	0.0	104.460365	0.0	210.55257	0.0	0.0	120.79	0.0	0.0
0.0	454.66653	0.0	724.7631	0.0	0.0	55.30782	0.0	0.0	0.0	0.0	91.682076	0.0	0.0	2135.0354	0.0	1039.4603	0.0	0.0	1265.3927	0.0	0.0	0.0	694.392	0.0	0.0	1098.4376	0.0	0.0	718.4092	0.0	0.0	0.0	0.0	0.0	698.9716	0.0	212.02312	0.0	0.0	638.44415	173.50142	1091.933	0.0	0.0	0.0	511.8348	649.22815	515.55975	0.0	0.0	0.0	0.0	843.0434	0.0	0.0	0.0	0.0	0.0	738.8382	211.28902	0.0	0.0	0.0	0.0	0.0	208.39178	874.29047	0.0	1101.3312	610.9489	0.0	1172.4047	0.0	447.18497	68.282104	0.0	0.0	738.7874	0.0	0.0	701.57574	771.4537	0.0	2513.3162	24.937563	0.0	0.0	609.5498	1372.8516	0.0	0.0	182.7967	0.0	0.0	0.0	2206.7795	0.0	0.0	0.0	16.596748	0.0	0.0	0.0	1093.5385	1944.82	0.0	690.34326	0.0	0.0	354.2454	0.0	0.0	0.0	0.0	0.0	0.0	0.0	0.0	0.0	567.66595	0.0	1304.2324	0.0	0.0	773.9738	0.0	0.0
0.0	67.22082	0.0	78.951	0.0	0.0	5.344855	0.0	0.0	0.0	0.0	9.158486	0.0	0.0	295.36005	0.0	144.36737	0.0	0.0	163.71594	0.0	0.0	0.0	91.12058	0.0	0.0	134.60693	0.0	0.0	87.48582	0.0	0.0	0.0	0.0	0.0	104.06372	0.0	25.398218	0.0	0.0	87.074005	10.965205	136.99477	0.0	0.0	0.0	84.88993	103.71576	61.48665	0.0	0.0	0.0	0.0	133.75075	0.0	0.0	8.821988	0.0	0.0	81.21123	45.94528	0.0	0.0	0.0	0.0	0.0	24.266726	108.25402	0.0	151.38892	89.41819	0.0	167.1389	0.0	86.74763	0.0	0.0	0.0	74.814964	0.0	0.0	76.427216	105.60183	0.0	315.8623	11.193977	0.0	0.0	101.06493	183.31071	0.0	0.0	29.170004	0.0	0.0	0.0	264.9382	0.0	0.0	0.0	36.68427	0.0	0.0	0.0	156.49971	253.69722	0.0	81.904526	0.0	0.0	36.753162	0.0	18.107544	0.0	0.0	0.0	0.0	0.0	0.0	0.0	84.207146	0.0	165.49449	0.0	0.0	92.95001	0.0	0.0
0.0	68.925964	0.0	81.35955	0.0	0.0	5.536672	0.0	0.0	0.0	0.0	9.413327	0.0	0.0	302.56604	0.0	148.05402	0.0	0.0	168.22746	0.0	0.0	0.0	93.48956	0.0	0.0	138.38557	0.0	0.0	89.868835	0.0	0.0	0.0	0.0	0.0	106.60784	0.0	25.986841	0.0	0.0	89.14347	11.36472	140.82025	0.0	0.0	0.0	86.7984	106.1161	63.311584	0.0	0.0	0.0	0.0	136.66243	0.0	0.0	8.602623	0.0	0.0	83.84426	46.662098	0.0	0.0	0.0	0.0	0.0	25.116104	111.050804	0.0	155.29893	91.57517	0.0	171.03264	0.0	88.54795	0.0	0.0	0.0	77.38482	0.0	0.0	78.859	108.299934	0.0	324.67752	11.267529	0.0	0.0	103.443855	187.93872	0.0	0.0	29.673815	0.0	0.0	0.0	272.89224	0.0	0.0	0.0	36.52301	0.0	0.0	0.0	160.23332	260.6763	0.0	84.34799	0.0	0.0	38.181812	0.0	18.103487	0.0	0.0	0.0	0.0	0.0	0.0	0.0	86.19926	0.0	170.3024	0.0	0.0	95.7654	0.0	0.0
0.0	67.78492	0.0	79.7449	0.0	0.0	5.333426	0.0	0.0	0.0	0.0	9.206988	0.0	0.0	297.28067	0.0	145.33153	0.0	0.0	165.04701	0.0	0.0	0.0	91.91211	0.0	0.0	135.70808	0.0	0.0	88.077576	0.0	0.0	0.0	0.0	0.0	105.17898	0.0	25.447046	0.0	0.0	87.48771	10.854187	137.9242	0.0	0.0	0.0	85.62437	104.565155	62.128635	0.0	0.0	0.0	0.0	134.93977	0.0	0.0	8.982292	0.0	0.0	81.86185	46.522297	0.0	0.0	0.0	0.0	0.0	24.802046	108.8388	0.0	152.77582	90.327156	0.0	168.26985	0.0	87.553856	0.0	0.0	0.0	75.26731	0.0	0.0	76.91572	106.512825	0.0	318.03052	11.13358	0.0	0.0	102.140205	184.59546	0.0	0.0	29.21446	0.0	0.0	0.0	267.2437	0.0	0.0	0.0	36.71284	0.0	0.0	0.0	157.64288	255.70686	0.0	82.430275	0.0	0.0	37.091476	0.0	18.480515	0.0	0.0	0.0	0.0	0.0	0.0	0.0	85.070595	0.0	167.1568	0.0	0.0	93.81899	0.0	0.0
0.0	81.842285	0.0	102.76322	0.0	0.0	7.642372	0.0	0.0	0.0	0.0	12.251358	0.0	0.0	374.0265	0.0	181.45164	0.0	0.0	207.04065	0.0	0.0	0.0	116.03892	0.0	0.0	172.52965	0.0	0.0	112.11521	0.0	0.0	0.0	0.0	0.0	128.43185	0.0	33.570053	0.0	0.0	111.55884	16.542116	175.51117	0.0	0.0	0.0	104.42822	128.59541	78.60041	0.0	0.0	0.0	0.0	164.42662	0.0	0.0	6.606219	0.0	0.0	107.3626	54.558582	0.0	0.0	0.0	0.0	0.0	31.8421	137.94815	0.0	190.2807	111.139854	0.0	210.79121	0.0	103.90923	0.0	0.0	0.0	99.0734	0.0	0.0	100.98194	132.6983	0.0	403.02847	13.072006	0.0	0.0	123.532005	233.10445	0.0	0.0	36.25355	0.0	0.0	0.05154104	340.126	0.0	0.0	0.0	41.05289	0.0	0.0	0.0	197.04036	322.12744	0.0	105.94397	0.0	0.0	48.6277	0.0	18.867308	0.0	0.0	0.0	0.0	0.0	0.0	0.0	104.1506	0.0	210.00476	0.0	0.0	120.11732	0.0	0.0
0.0	77.774025	0.0	97.205376	0.0	0.0	6.9268975	0.0	0.0	0.0	0.0	11.743053	0.0	0.0	350.55106	0.0	170.40294	0.0	0.0	195.48442	0.0	0.0	0.0	108.9352	0.0	0.0	162.4024	0.0	0.0	105.38226	0.0	0.0	0.0	0.0	0.0	121.408936	0.0	31.097803	0.0	0.0	104.33939	15.458767	165.11246	0.0	0.0	0.0	97.98374	120.6428	74.48937	0.0	0.0	0.0	0.0	155.04872	0.0	0.0	6.082331	0.0	0.0	101.06808	51.39848	0.0	0.0	0.0	0.0	0.0	29.817917	130.22142	0.0	179.10982	104.77538	0.0	197.86487	0.0	97.85648	0.0	0.0	0.0	93.680504	0.0	0.0	95.12408	125.31176	0.0	379.67078	11.922368	0.0	0.0	115.95621	218.57146	0.0	0.0	33.970177	0.0	0.0	0.0	321.0547	0.0	0.0	0.0	37.442726	0.0	0.0	0.0	185.03613	303.18002	0.0	99.18014	0.0	0.0	45.891888	0.0	17.472513	0.0	0.0	0.0	0.0	0.0	0.0	0.0	98.69047	0.0	198.06972	0.0	0.0	113.11712	0.0	0.0
0.0	72.12542	0.0	86.68679	0.0	0.0	6.229286	0.0	0.0	0.0	0.0	10.203081	0.0	0.0	321.83316	0.0	156.65273	0.0	0.0	178.13731	0.0	0.0	0.0	99.43939	0.0	0.0	147.32745	0.0	0.0	95.63736	0.0	0.0	0.0	0.0	0.0	111.95819	0.0	28.08989	0.0	0.0	95.69617	12.759557	150.15248	0.0	0.0	0.0	91.08804	112.06516	67.31282	0.0	0.0	0.0	0.0	143.8887	0.0	0.0	7.91428	0.0	0.0	90.16848	48.624454	0.0	0.0	0.0	0.0	0.0	26.447088	118.5816	0.0	164.16792	96.21777	0.0	181.84052	0.0	92.22693	0.0	0.0	0.0	83.518585	0.0	0.0	85.12939	114.70295	0.0	345.0657	11.844795	0.0	0.0	107.819916	199.90248	0.0	0.0	31.634462	0.0	0.0	0.11580979	289.948	0.0	0.0	0.0	38.18352	0.0	0.0	0.0	170.0243	276.51437	0.0	89.989845	0.0	0.0	40.545975	0.0	18.036844	0.0	0.0	0.0	0.0	0.0	0.0	0.0	90.84567	0.0	179.9692	0.0	0.0	101.9372	0.0	0.0
0.0	86.63889	0.0	113.356804	0.0	0.0	8.828687	0.0	0.0	0.0	0.0	14.21582	0.0	0.0	403.6024	0.0	194.58073	0.0	0.0	223.15495	0.0	0.0	0.0	125.44712	0.0	0.0	187.77673	0.0	0.0	122.07711	0.0	0.0	0.0	0.0	0.0	135.23409	0.0	36.930923	0.0	0.0	121.7113	19.96271	191.46474	0.0	0.0	0.0	108.96311	135.83423	85.6983	0.0	0.0	0.0	0.0	173.91577	0.0	0.0	4.52492	0.0	0.0	119.24261	55.41045	0.0	0.0	0.0	0.0	0.0	33.987328	151.27411	0.0	204.05138	117.36564	0.0	227.05363	0.0	106.44773	0.0	0.0	0.0	112.06927	0.0	0.0	112.892494	142.64796	0.0	438.33304	13.1961355	0.0	0.0	127.806984	252.07172	0.0	0.0	39.81	0.0	0.0	2.1484852	370.4147	0.0	0.0	0.0	39.723297	0.0	0.0	0.0	211.35918	347.88843	0.0	116.24709	0.0	0.0	53.933857	0.0	15.011546	0.0	0.0	0.0	0.0	0.0	0.0	0.0	110.37307	0.0	226.351	0.0	0.0	130.68892	0.0	0.0
0.0	67.335495	0.0	78.956184	0.0	0.0	5.1404686	0.0	0.0	0.0	0.0	9.084783	0.0	0.0	293.69186	0.0	143.73906	0.0	0.0	163.6722	0.0	0.0	0.0	90.365974	0.0	0.0	133.90845	0.0	0.0	87.70627	0.0	0.0	0.0	0.0	0.0	103.88123	0.0	25.310488	0.0	0.0	86.063995	10.938106	136.46153	0.0	0.0	0.0	85.09587	103.3005	61.326477	0.0	0.0	0.0	0.0	133.18033	0.0	0.0	8.804363	0.0	0.0	80.33329	45.54553	0.0	0.0	0.0	0.0	0.0	24.08313	107.969666	0.0	151.1616	88.88673	0.0	165.94708	0.0	86.888054	0.0	0.0	0.0	74.13923	0.0	0.0	75.595436	105.47656	0.0	315.1235	11.551811	0.0	0.0	101.29944	182.13336	0.0	0.0	29.056616	0.0	0.0	0.0	264.67502	0.0	0.0	0.0	35.937668	0.0	0.0	0.0	155.53888	252.78381	0.0	82.198784	0.0	0.0	36.644566	0.0	18.346758	0.0	0.0	0.0	0.0	0.0	0.0	0.0	83.65155	0.0	165.54045	0.0	0.0	92.610085	0.0	0.0
0.0	73.412224	0.0	89.55051	0.0	0.0	6.6705155	0.0	0.0	0.0	0.0	10.659386	0.0	0.0	331.67	0.0	161.22778	0.0	0.0	183.56413	0.0	0.0	0.0	102.04914	0.0	0.0	151.57922	0.0	0.0	99.22662	0.0	0.0	0.0	0.0	0.0	114.06902	0.0	29.417181	0.0	0.0	98.438354	13.619827	154.71623	0.0	0.0	0.0	93.78815	114.67517	69.03197	0.0	0.0	0.0	0.0	146.64674	0.0	0.0	7.0503306	0.0	0.0	93.13554	49.08375	0.0	0.0	0.0	0.0	0.0	27.166597	122.31301	0.0	168.78893	98.30999	0.0	186.96968	0.0	93.886986	0.0	0.0	0.0	86.29159	0.0	0.0	87.80306	117.83203	0.0	356.48605	12.446828	0.0	0.0	110.55768	205.84712	0.0	0.0	32.554962	0.0	0.0	0.0	299.51257	0.0	0.0	0.0	38.464214	0.0	0.0	0.0	174.68292	284.66165	0.0	93.981384	0.0	0.0	42.429512	0.0	18.009306	0.0	0.0	0.0	0.0	0.0	0.0	0.0	92.36869	0.0	185.47107	0.0	0.0	105.439995	0.0	0.0
0.0	73.22124	0.0	90.18162	0.0	0.0	6.3512864	0.0	0.0	0.0	0.0	10.728194	0.0	0.0	330.6771	0.0	160.9164	0.0	0.0	184.01534	0.0	0.0	0.0	101.48154	0.0	0.0	151.54997	0.0	0.0	100.21369	0.0	0.0	0.0	0.0	0.0	113.98403	0.0	29.545687	0.0	0.0	97.62844	14.187595	154.8206	0.0	0.0	0.0	93.8549	114.19824	69.09974	0.0	0.0	0.0	0.0	146.1356	0.0	0.0	6.4150662	0.0	0.0	92.822716	48.40563	0.0	0.0	0.0	0.0	0.0	27.135462	122.71081	0.0	168.92986	97.96209	0.0	186.17683	0.0	93.61749	0.0	0.0	0.0	86.13503	0.0	0.0	87.127014	118.16274	0.0	356.73746	12.627171	0.0	0.0	110.65218	204.98822	0.0	0.0	32.430744	0.0	0.0	0.0	300.2059	0.0	0.0	0.0	37.33886	0.0	0.0	0.0	173.9244	284.20615	0.0	94.66852	0.0	0.0	42.344913	0.0	17.88053	0.0	0.0	0.0	0.0	0.0	0.0	0.0	91.901024	0.0	186.10033	0.0	0.0	105.44946	0.0	0.0
0.0	94.32168	0.0	124.86188	0.0	0.0	9.066983	0.0	0.0	0.0	0.0	15.627074	0.0	0.0	436.32626	0.0	211.01808	0.0	0.0	244.81775	0.0	0.0	0.0	135.57108	0.0	0.0	204.60498	0.0	0.0	134.21419	0.0	0.0	0.0	0.0	0.0	147.66826	0.0	39.983276	0.0	0.0	130.83989	22.916414	209.22365	0.0	0.0	0.0	118.38505	146.34247	93.88378	0.0	0.0	0.0	0.0	187.51747	0.0	0.0	2.4075992	0.0	0.0	130.4493	58.59316	0.0	0.0	0.0	0.0	0.0	36.823345	165.13554	0.0	222.09544	127.53617	0.0	244.89226	0.0	115.25431	0.0	0.0	0.0	122.86465	0.0	0.0	122.86658	156.04054	0.0	479.0018	13.912037	0.0	0.0	139.1809	272.33237	0.0	0.0	42.027172	0.0	0.0	0.27335426	406.84695	0.0	0.0	0.0	39.233486	0.0	0.0	0.0	228.58809	379.0494	0.0	127.22846	0.0	0.0	59.48401	0.0	16.074669	0.0	0.0	0.0	0.0	0.0	0.0	0.0	119.98169	0.0	248.26318	0.0	0.0	143.41083	0.0	0.0
0.0	81.18265	0.0	103.024055	0.0	0.0	7.215973	0.0	0.0	0.0	0.0	12.955524	0.0	0.0	368.06152	0.0	178.33667	0.0	0.0	206.2549	0.0	0.0	0.0	113.0781	0.0	0.0	170.52454	0.0	0.0	112.388145	0.0	0.0	0.0	0.0	0.0	125.61355	0.0	33.038166	0.0	0.0	110.05221	17.658226	174.70569	0.0	0.0	0.0	101.652885	124.87216	78.49894	0.0	0.0	0.0	0.0	160.6264	0.0	0.0	4.0034437	0.0	0.0	106.62347	51.255733	0.0	0.0	0.0	0.0	0.0	30.098211	138.81555	0.0	187.30046	107.96744	0.0	207.03276	0.0	100.26276	0.0	0.0	0.0	100.73789	0.0	0.0	100.97363	131.65755	0.0	401.973	12.981163	0.0	0.0	119.090126	228.69447	0.0	0.0	36.29629	0.0	0.0	0.0	339.37155	0.0	0.0	0.0	36.812782	0.0	0.0	0.0	193.5675	318.2571	0.0	106.39581	0.0	0.0	48.835724	0.0	15.903656	0.0	0.0	0.0	0.0	0.0	0.0	0.0	101.91073	0.0	207.77162	0.0	0.0	119.01468	0.0	0.0
0.0	68.63422	0.0	80.879814	0.0	0.0	5.475483	0.0	0.0	0.0	0.0	9.436788	0.0	0.0	302.2161	0.0	147.7664	0.0	0.0	167.77281	0.0	0.0	0.0	93.22235	0.0	0.0	137.77953	0.0	0.0	89.7949	0.0	0.0	0.0	0.0	0.0	106.324394	0.0	26.11815	0.0	0.0	88.81342	11.216644	140.22728	0.0	0.0	0.0	87.13352	106.039734	62.88429	0.0	0.0	0.0	0.0	136.40776	0.0	0.0	8.781208	0.0	0.0	83.159	46.690144	0.0	0.0	0.0	0.0	0.0	24.935722	110.720856	0.0	154.98097	91.31363	0.0	170.71895	0.0	88.61106	0.0	0.0	0.0	76.64654	0.0	0.0	78.18642	108.00779	0.0	323.72934	11.580663	0.0	0.0	103.58082	187.52722	0.0	0.0	29.715033	0.0	0.0	0.0	271.8844	0.0	0.0	0.0	37.114365	0.0	0.0	0.0	159.90135	259.85458	0.0	84.39557	0.0	0.0	37.85193	0.0	18.50506	0.0	0.0	0.0	0.0	0.0	0.0	0.0	85.83896	0.0	169.73862	0.0	0.0	95.413795	0.0	0.0
0.0	85.73637	0.0	110.57064	0.0	0.0	8.822459	0.0	0.0	0.0	0.0	13.5001135	0.0	0.0	398.1223	0.0	192.0699	0.0	0.0	220.12035	0.0	0.0	0.0	123.45764	0.0	0.0	184.62599	0.0	0.0	120.02355	0.0	0.0	0.0	0.0	0.0	134.31856	0.0	35.945072	0.0	0.0	120.34567	18.82391	188.13197	0.0	0.0	0.0	108.62267	134.94263	84.17286	0.0	0.0	0.0	0.0	172.84172	0.0	0.0	4.909582	0.0	0.0	116.658424	56.056976	0.0	0.0	0.0	0.0	0.0	33.43256	148.58333	0.0	201.5885	116.35413	0.0	224.37401	0.0	106.98935	0.0	0.0	0.0	108.976295	0.0	0.0	110.030464	141.03426	0.0	430.538	13.331632	0.0	0.0	127.24595	248.17836	0.0	0.0	38.81619	0.0	0.0	1.4913336	363.55728	0.0	0.0	0.0	41.01156	0.0	0.0	0.0	209.20958	342.72134	0.0	113.91946	0.0	0.0	52.53097	0.0	17.145166	0.0	0.0	0.0	0.0	0.0	0.0	0.0	109.506355	0.0	222.84697	0.0	0.0	128.58276	0.0	0.0
0.0	71.61392	0.0	86.916756	0.0	0.0	6.4604034	0.0	0.0	0.0	0.0	10.315706	0.0	0.0	324.9108	0.0	157.77753	0.0	0.0	178.55505	0.0	0.0	0.0	99.98051	0.0	0.0	147.79736	0.0	0.0	96.31898	0.0	0.0	0.0	0.0	0.0	111.77777	0.0	29.122688	0.0	0.0	96.63978	13.035636	150.70184	0.0	0.0	0.0	92.118416	112.70941	66.915924	0.0	0.0	0.0	0.0	143.82509	0.0	0.0	7.9278693	0.0	0.0	90.503746	48.33127	0.0	0.0	0.0	0.0	0.0	26.66536	118.78826	0.0	164.93022	96.30686	0.0	182.99477	0.0	92.35526	0.0	0.0	0.0	83.51365	0.0	0.0	85.4129	114.650696	0.0	347.15634	12.619431	0.0	0.0	108.62455	201.80792	0.0	0.0	32.07364	0.0	0.0	0.1901341	291.14725	0.0	0.0	0.0	39.25381	0.0	0.0	0.0	171.17027	277.91824	0.0	91.59571	0.0	0.0	40.852825	0.0	18.369608	0.0	0.0	0.0	0.0	0.0	0.0	0.0	90.32546	0.0	180.59904	0.0	0.0	102.72018	0.0	0.0
0.0	70.50948	0.0	84.27953	0.0	0.0	5.93449	0.0	0.0	0.0	0.0	9.822266	0.0	0.0	313.13608	0.0	152.76514	0.0	0.0	173.5147	0.0	0.0	0.0	96.77158	0.0	0.0	143.19104	0.0	0.0	93.04357	0.0	0.0	0.0	0.0	0.0	109.521065	0.0	27.279795	0.0	0.0	92.51363	12.092091	145.5768	0.0	0.0	0.0	89.493675	109.49243	65.397964	0.0	0.0	0.0	0.0	140.67888	0.0	0.0	8.436768	0.0	0.0	87.11179	47.970383	0.0	0.0	0.0	0.0	0.0	26.168013	114.87728	0.0	160.26765	94.26084	0.0	176.96826	0.0	90.7234	0.0	0.0	0.0	80.242035	0.0	0.0	81.95904	111.68277	0.0	335.54648	11.677875	0.0	0.0	106.31985	194.58952	0.0	0.0	30.730087	0.0	0.0	0.0	282.0564	0.0	0.0	0.0	37.684277	0.0	0.0	0.0	165.57036	269.1741	0.0	87.51339	0.0	0.0	39.511795	0.0	18.43347	0.0	0.0	0.0	0.0	0.0	0.0	0.0	88.59876	0.0	175.71132	0.0	0.0	99.24943	0.0	0.0
0.0	76.8762	0.0	95.273766	0.0	0.0	6.8880057	0.0	0.0	0.0	0.0	11.560299	0.0	0.0	348.8431	0.0	169.38257	0.0	0.0	193.27989	0.0	0.0	0.0	107.80649	0.0	0.0	160.54576	0.0	0.0	104.51212	0.0	0.0	0.0	0.0	0.0	119.93723	0.0	30.879858	0.0	0.0	104.27201	15.322347	163.8446	0.0	0.0	0.0	97.42588	119.84601	73.11945	0.0	0.0	0.0	0.0	153.86276	0.0	0.0	6.445682	0.0	0.0	99.57603	50.723866	0.0	0.0	0.0	0.0	0.0	28.805048	129.22026	0.0	177.26465	103.605774	0.0	196.83015	0.0	97.31156	0.0	0.0	0.0	92.60125	0.0	0.0	93.90241	123.85381	0.0	376.16818	12.42812	0.0	0.0	114.79313	217.14912	0.0	0.0	34.21287	0.0	0.0	0.48722145	316.62463	0.0	0.0	0.0	38.983658	0.0	0.0	0.0	184.08464	300.2638	0.0	98.692955	0.0	0.0	44.992554	0.0	17.446196	0.0	0.0	0.0	0.0	0.0	0.0	0.0	97.374146	0.0	195.25899	0.0	0.0	111.468475	0.0	0.0
0.0	85.77477	0.0	111.18732	0.0	0.0	8.715953	0.0	0.0	0.0	0.0	13.233211	0.0	0.0	401.4196	0.0	193.95634	0.0	0.0	221.40587	0.0	0.0	0.0	124.552086	0.0	0.0	185.47955	0.0	0.0	120.942566	0.0	0.0	0.0	0.0	0.0	135.64812	0.0	36.669357	0.0	0.0	120.233055	18.869555	188.74849	0.0	0.0	0.0	110.61979	136.6455	84.27502	0.0	0.0	0.0	0.0	173.99934	0.0	0.0	5.6404953	0.0	0.0	116.71142	57.48459	0.0	0.0	0.0	0.0	0.0	34.342083	148.55013	0.0	203.29262	117.87357	0.0	226.0318	0.0	108.55019	0.0	0.0	0.0	107.735634	0.0	0.0	109.625404	141.76521	0.0	432.5476	13.601112	0.0	0.0	130.15685	250.26624	0.0	0.0	38.783985	0.0	0.0	1.2351322	365.27115	0.0	0.0	0.0	42.731792	0.0	0.0	0.0	210.20068	344.66666	0.0	114.59853	0.0	0.0	52.710674	0.0	18.49985	0.0	0.0	0.0	0.0	0.0	0.0	0.0	110.22721	0.0	224.50569	0.0	0.0	129.36208	0.0	0.0
0.0	72.28356	0.0	87.892334	0.0	0.0	6.37937	0.0	0.0	0.0	0.0	10.502648	0.0	0.0	325.48676	0.0	157.91263	0.0	0.0	179.67816	0.0	0.0	0.0	100.52961	0.0	0.0	148.95824	0.0	0.0	96.788124	0.0	0.0	0.0	0.0	0.0	112.45109	0.0	28.625544	0.0	0.0	97.08007	13.231818	151.85101	0.0	0.0	0.0	91.46833	112.8467	68.024864	0.0	0.0	0.0	0.0	145.04373	0.0	0.0	7.627239	0.0	0.0	91.69571	48.718292	0.0	0.0	0.0	0.0	0.0	27.0189	120.06982	0.0	165.55226	96.73398	0.0	183.91809	0.0	92.2113	0.0	0.0	0.0	84.92977	0.0	0.0	86.5221	115.87494	0.0	348.79184	11.944958	0.0	0.0	108.12942	202.2029	0.0	0.0	32.264996	0.0	0.0	0.8802598	292.88342	0.0	0.0	0.0	38.28044	0.0	0.0	0.0	171.7465	279.01706	0.0	91.15218	0.0	0.0	41.06433	0.0	17.459017	0.0	0.0	0.0	0.0	0.0	0.0	0.0	91.44311	0.0	181.62878	0.0	0.0	103.14862	0.0	0.0
0.0	90.93386	0.0	118.36379	0.0	0.0	8.934338	0.0	0.0	0.0	0.0	14.42085	0.0	0.0	420.03537	0.0	203.29015	0.0	0.0	234.37776	0.0	0.0	0.0	130.63828	0.0	0.0	196.04259	0.0	0.0	127.46771	0.0	0.0	0.0	0.0	0.0	142.68784	0.0	38.051422	0.0	0.0	126.21448	20.846298	199.84276	0.0	0.0	0.0	114.853645	142.31787	89.71835	0.0	0.0	0.0	0.0	181.96495	0.0	0.0	3.9370663	0.0	0.0	124.31894	58.471985	0.0	0.0	0.0	0.0	0.0	35.764225	157.29854	0.0	213.34013	123.65655	0.0	236.41386	0.0	112.67255	0.0	0.0	0.0	116.239075	0.0	0.0	117.28039	149.50778	0.0	458.02676	13.471196	0.0	0.0	134.93715	262.32883	0.0	0.0	40.39149	0.0	0.0	0.564923	388.1534	0.0	0.0	0.0	40.66737	0.0	0.0	0.0	220.51848	363.87692	0.0	120.79275	0.0	0.0	56.464508	0.0	17.396952	0.0	0.0	0.0	0.0	0.0	0.0	0.0	116.28717	0.0	237.4297	0.0	0.0	136.84007	0.0	0.0
0.0	68.73046	0.0	81.18048	0.0	0.0	5.630296	0.0	0.0	0.0	0.0	9.546651	0.0	0.0	302.68628	0.0	147.70811	0.0	0.0	167.77428	0.0	0.0	0.0	93.376656	0.0	0.0	138.12537	0.0	0.0	89.67023	0.0	0.0	0.0	0.0	0.0	106.285736	0.0	26.233984	0.0	0.0	89.442345	11.434738	140.5733	0.0	0.0	0.0	86.61493	105.94952	63.09306	0.0	0.0	0.0	0.0	136.59514	0.0	0.0	8.725597	0.0	0.0	83.80012	46.583576	0.0	0.0	0.0	0.0	0.0	25.0801	111.092354	0.0	155.00734	91.33027	0.0	171.16759	0.0	88.22904	0.0	0.0	0.0	77.259514	0.0	0.0	79.01758	108.08295	0.0	324.10153	11.427133	0.0	0.0	102.924866	187.97711	0.0	0.0	29.963615	0.0	0.0	0.0	272.06772	0.0	0.0	0.0	36.959423	0.0	0.0	0.0	160.27763	260.11148	0.0	84.15194	0.0	0.0	37.94985	0.0	17.970295	0.0	0.0	0.0	0.0	0.0	0.0	0.0	86.062996	0.0	169.68677	0.0	0.0	95.55963	0.0	0.0
0.0	66.54348	0.0	77.32458	0.0	0.0	4.991903	0.0	0.0	0.0	0.0	8.959191	0.0	0.0	289.64993	0.0	141.89037	0.0	0.0	160.92865	0.0	0.0	0.0	89.32679	0.0	0.0	131.85349	0.0	0.0	85.77304	0.0	0.0	0.0	0.0	0.0	102.82318	0.0	24.770666	0.0	0.0	84.87424	10.352506	134.18687	0.0	0.0	0.0	83.88401	102.17514	60.372864	0.0	0.0	0.0	0.0	131.72536	0.0	0.0	9.237418	0.0	0.0	79.0764	45.40967	0.0	0.0	0.0	0.0	0.0	23.870611	106.031006	0.0	148.99	88.08515	0.0	163.73816	0.0	86.02252	0.0	0.0	0.0	72.81657	0.0	0.0	74.39394	103.82493	0.0	309.90903	11.167981	0.0	0.0	100.15159	179.64238	0.0	0.0	28.498285	0.0	0.0	0.0	260.17447	0.0	0.0	0.0	36.24355	0.0	0.0	0.0	153.48964	249.1038	0.0	80.36332	0.0	0.0	35.936657	0.0	18.362173	0.0	0.0	0.0	0.0	0.0	0.0	0.0	83.06635	0.0	162.88286	0.0	0.0	91.16718	0.0	0.0
0.0	70.565	0.0	90.55121	0.0	0.0	7.7820096	0.0	0.0	0.0	0.0	10.35078	0.0	0.0	334.41922	0.0	161.30725	0.0	0.0	180.42097	0.0	0.0	0.0	104.47547	0.0	0.0	152.02608	0.0	0.0	98.970406	0.0	0.0	0.0	0.0	0.0	114.124725	0.0	29.624556	0.0	0.0	98.16736	13.993594	153.57188	0.0	0.0	0.0	93.42397	115.526405	68.98789	0.0	0.0	0.0	0.0	148.56964	0.0	0.0	8.387546	0.0	0.0	93.67507	52.409515	0.0	0.0	0.0	0.0	0.0	29.855047	120.3736	0.0	168.99916	99.434	0.0	189.46198	0.0	93.41489	0.0	0.0	0.0	83.46389	0.0	0.0	86.95063	118.00531	0.0	351.56778	11.850423	0.0	0.0	111.81028	208.18282	0.0	0.0	32.14039	0.0	0.0	2.537691	295.51968	0.0	0.0	0.0	41.547882	0.0	0.0	0.0	174.9745	283.24677	0.0	92.36208	0.0	0.0	42.55346	0.0	18.197071	0.0	0.0	0.0	0.0	0.0	0.0	0.0	92.90664	0.0	184.46431	0.0	0.0	105.2074	0.0	0.0
0.0	69.32266	0.0	85.12383	0.0	0.0	6.231159	0.0	0.0	0.0	0.0	9.808183	0.0	0.0	316.58853	0.0	153.61354	0.0	0.0	173.02167	0.0	0.0	0.0	98.6174	0.0	0.0	144.47601	0.0	0.0	93.22302	0.0	0.0	0.0	0.0	0.0	109.705025	0.0	27.82615	0.0	0.0	93.40165	12.5274	146.13464	0.0	0.0	0.0	89.55064	110.31381	65.60178	0.0	0.0	0.0	0.0	141.61917	0.0	0.0	8.545268	0.0	0.0	88.53249	49.37724	0.0	0.0	0.0	0.0	0.0	27.386675	114.63865	0.0	160.99461	95.08944	0.0	179.2017	0.0	90.35264	0.0	0.0	0.0	80.06933	0.0	0.0	82.69358	112.16282	0.0	335.92944	11.349845	0.0	0.0	106.843025	197.07068	0.0	0.0	30.596598	0.0	0.0	0.86887044	282.3671	0.0	0.0	0.0	39.129536	0.0	0.0	0.0	166.70314	270.46082	0.0	87.36143	0.0	0.0	39.852962	0.0	18.328043	0.0	0.0	0.0	0.0	0.0	0.0	0.0	89.13303	0.0	175.84465	0.0	0.0	99.98193	0.0	0.0
0.0	69.466774	0.0	87.87124	0.0	0.0	7.616673	0.0	0.0	0.0	0.0	9.939391	0.0	0.0	324.7313	0.0	157.05359	0.0	0.0	175.7898	0.0	0.0	0.0	101.481346	0.0	0.0	147.80775	0.0	0.0	95.92965	0.0	0.0	0.0	0.0	0.0	111.51044	0.0	28.291899	0.0	0.0	95.25626	13.126117	149.07082	0.0	0.0	0.0	90.94433	112.67002	67.13722	0.0	0.0	0.0	0.0	145.13608	0.0	0.0	8.724755	0.0	0.0	90.819336	51.736477	0.0	0.0	0.0	0.0	0.0	28.900993	117.01194	0.0	164.36115	97.04937	0.0	184.41093	0.0	91.69967	0.0	0.0	0.0	81.02298	0.0	0.0	84.35511	115.00765	0.0	341.7028	11.314509	0.0	0.0	109.307106	202.19762	0.0	0.0	31.187103	0.0	0.0	2.5453098	287.08813	0.0	0.0	0.0	40.72139	0.0	0.0	0.0	170.23482	275.5505	0.0	89.19821	0.0	0.0	41.440052	0.0	18.02799	0.0	0.0	0.0	0.0	0.0	0.0	0.0	90.880775	0.0	179.34119	0.0	0.0	102.03036	0.0	0.0
0.0	70.10694	0.0	90.92681	0.0	0.0	8.873809	0.0	0.0	0.0	0.0	10.340294	0.0	0.0	335.42856	0.0	162.06209	0.0	0.0	180.40015	0.0	0.0	0.0	104.84728	0.0	0.0	152.43419	0.0	0.0	99.54874	0.0	0.0	0.0	0.0	0.0	113.98175	0.0	29.594162	0.0	0.0	98.112755	13.842204	153.46562	0.0	0.0	0.0	93.5662	115.74032	69.02192	0.0	0.0	0.0	0.0	148.91298	0.0	0.0	8.66195	0.0	0.0	94.06449	53.05847	0.0	0.0	0.0	0.0	0.0	30.389359	120.51816	0.0	169.39293	99.66409	0.0	190.38667	0.0	93.41096	0.0	0.0	0.0	83.284134	0.0	0.0	86.9592	118.17216	0.0	351.67554	11.666305	0.0	0.0	112.26575	208.81871	0.0	0.0	31.99098	0.0	0.0	3.0550582	295.66162	0.0	0.0	0.0	41.88252	0.0	0.0	0.0	175.10986	283.6415	0.0	92.79061	0.0	0.0	43.265087	0.0	18.045038	0.0	0.0	0.0	0.0	0.0	0.0	0.0	92.69152	0.0	184.86969	0.0	0.0	105.690956	0.0	0.0
0.0	73.19911	0.0	100.45489	0.0	0.0	12.00216	0.0	0.0	0.0	0.0	12.071269	0.0	0.0	367.0266	0.0	177.24724	0.0	0.0	193.6054	0.0	0.0	0.0	116.01504	0.0	0.0	167.1645	0.0	0.0	109.31399	0.0	0.0	0.0	0.0	0.0	121.86895	0.0	32.457928	0.0	0.0	106.30011	16.042086	166.32874	0.0	0.0	0.0	100.663574	126.00956	75.532616	0.0	0.0	0.0	0.0	161.42331	0.0	0.0	10.455295	0.0	0.0	103.890236	58.358627	0.0	0.0	0.0	0.0	0.0	35.325836	131.42726	0.0	184.28827	108.03242	0.0	208.445	0.0	98.48472	1.1127541	0.0	0.0	90.04386	0.0	0.0	95.43964	128.04659	0.0	380.37515	11.511104	0.0	0.0	120.81152	229.73438	0.0	0.0	34.495502	0.0	0.0	5.5541615	319.8816	0.0	0.0	0.0	46.3456	0.0	0.0	0.0	189.55151	308.05066	0.0	101.87298	0.0	0.0	48.343033	0.0	17.389124	0.0	0.0	0.0	0.0	0.0	0.0	0.0	99.468895	0.0	201.77946	0.0	0.0	115.40537	0.0	0.0
0.0	70.07255	0.0	89.078636	0.0	0.0	7.4599996	0.0	0.0	0.0	0.0	10.151401	0.0	0.0	328.98203	0.0	158.99608	0.0	0.0	178.2252	0.0	0.0	0.0	102.85104	0.0	0.0	149.87671	0.0	0.0	97.15814	0.0	0.0	0.0	0.0	0.0	112.74889	0.0	29.049204	0.0	0.0	96.6932	13.505132	151.28157	0.0	0.0	0.0	92.08457	113.915016	67.99416	0.0	0.0	0.0	0.0	146.38289	0.0	0.0	8.365663	0.0	0.0	92.27057	51.883453	0.0	0.0	0.0	0.0	0.0	29.146029	118.55029	0.0	166.41028	98.150566	0.0	186.63354	0.0	92.36178	0.0	0.0	0.0	82.58642	0.0	0.0	85.88842	116.217995	0.0	346.77097	11.425097	0.0	0.0	110.4094	205.04634	0.0	0.0	31.55503	0.0	0.0	2.1531296	291.48816	0.0	0.0	0.0	40.8855	0.0	0.0	0.0	172.3977	279.42664	0.0	90.75552	0.0	0.0	42.04005	0.0	18.133453	0.0	0.0	0.0	0.0	0.0	0.0	0.0	91.78744	0.0	181.70435	0.0	0.0	103.769035	0.0	0.0
0.0	69.59553	0.0	87.70283	0.0	0.0	7.077332	0.0	0.0	0.0	0.0	9.969607	0.0	0.0	325.27185	0.0	157.32756	0.0	0.0	176.35704	0.0	0.0	0.0	101.525475	0.0	0.0	147.78032	0.0	0.0	96.15564	0.0	0.0	0.0	0.0	0.0	111.92843	0.0	28.605665	0.0	0.0	95.35663	13.276645	149.39961	0.0	0.0	0.0	91.748726	112.86892	67.02192	0.0	0.0	0.0	0.0	145.18494	0.0	0.0	8.735678	0.0	0.0	90.565674	51.467205	0.0	0.0	0.0	0.0	0.0	28.658953	117.23908	0.0	164.88637	97.438385	0.0	184.39838	0.0	92.322105	0.0	0.0	0.0	80.820114	0.0	0.0	84.01131	114.993355	0.0	342.6998	11.655286	0.0	0.0	109.72477	202.4187	0.0	0.0	31.39668	0.0	0.0	1.8748837	287.75894	0.0	0.0	0.0	41.067665	0.0	0.0	0.0	170.55937	276.0754	0.0	89.70996	0.0	0.0	41.10487	0.0	18.608723	0.0	0.0	0.0	0.0	0.0	0.0	0.0	90.74761	0.0	179.72797	0.0	0.0	102.18545	0.0	0.0
0.0	69.46398	0.0	87.6	0.0	0.0	7.2988834	0.0	0.0	0.0	0.0	9.826234	0.0	0.0	324.57208	0.0	157.14629	0.0	0.0	176.09163	0.0	0.0	0.0	101.57226	0.0	0.0	147.75389	0.0	0.0	95.840614	0.0	0.0	0.0	0.0	0.0	111.49131	0.0	28.81098	0.0	0.0	95.267456	12.983559	149.14836	0.0	0.0	0.0	91.46612	112.66446	66.781685	0.0	0.0	0.0	0.0	144.49763	0.0	0.0	8.34701	0.0	0.0	90.653564	51.356388	0.0	0.0	0.0	0.0	0.0	28.576914	116.853516	0.0	164.38725	97.013115	0.0	184.11674	0.0	91.85995	0.0	0.0	0.0	81.10795	0.0	0.0	84.39321	114.59475	0.0	342.19943	11.528712	0.0	0.0	109.40536	202.24078	0.0	0.0	31.160906	0.0	0.0	1.9144026	287.6928	0.0	0.0	0.0	40.652378	0.0	0.0	0.0	170.16942	275.9089	0.0	89.75753	0.0	0.0	41.19133	0.0	18.641798	0.0	0.0	0.0	0.0	0.0	0.0	0.0	90.48731	0.0	179.26512	0.0	0.0	102.42678	0.0	0.0
0.0	69.76345	0.0	89.06149	0.0	0.0	7.907887	0.0	0.0	0.0	0.0	10.158198	0.0	0.0	329.78012	0.0	159.2461	0.0	0.0	177.94188	0.0	0.0	0.0	102.99708	0.0	0.0	149.7242	0.0	0.0	97.58481	0.0	0.0	0.0	0.0	0.0	112.661804	0.0	29.214525	0.0	0.0	96.61732	13.531756	151.19574	0.0	0.0	0.0	92.46814	114.046364	67.93198	0.0	0.0	0.0	0.0	146.67714	0.0	0.0	8.523263	0.0	0.0	92.316376	52.039204	0.0	0.0	0.0	0.0	0.0	29.484436	118.73328	0.0	166.79413	98.26276	0.0	186.93384	0.0	92.6636	0.0	0.0	0.0	81.8339	0.0	0.0	85.41917	116.25741	0.0	346.30664	11.697024	0.0	0.0	110.61739	205.1933	0.0	0.0	31.689713	0.0	0.0	2.5448563	291.10916	0.0	0.0	0.0	41.479076	0.0	0.0	0.0	172.5684	279.15137	0.0	90.944954	0.0	0.0	41.888584	0.0	18.441622	0.0	0.0	0.0	0.0	0.0	0.0	0.0	91.60516	0.0	181.89056	0.0	0.0	103.66534	0.0	0.0
0.0	70.62238	0.0	92.52303	0.0	0.0	9.69487	0.0	0.0	0.0	0.0	10.696561	0.0	0.0	341.27164	0.0	164.53664	0.0	0.0	182.72423	0.0	0.0	0.0	106.89725	0.0	0.0	154.89499	0.0	0.0	101.17658	0.0	0.0	0.0	0.0	0.0	115.44681	0.0	29.815529	0.0	0.0	99.888054	14.227899	155.81636	0.0	0.0	0.0	94.58645	117.65546	70.47099	0.0	0.0	0.0	0.0	151.54597	0.0	0.0	9.651028	0.0	0.0	95.74149	54.089314	0.0	0.0	0.0	0.0	0.0	31.063253	122.60053	0.0	171.64862	101.06769	0.0	193.82135	0.0	94.15151	0.28314522	0.0	0.0	84.60911	0.0	0.0	88.610535	120.200096	0.0	356.68765	11.606796	0.0	0.0	113.68255	212.43065	0.0	0.0	32.50592	0.0	0.0	4.1098537	299.70587	0.0	0.0	0.0	42.9138	0.0	0.0	0.0	177.88391	287.66373	0.0	93.91421	0.0	0.0	44.011383	0.0	17.760798	0.0	0.0	0.0	0.0	0.0	0.0	0.0	94.367065	0.0	187.60448	0.0	0.0	107.18115	0.0	0.0
0.0	69.83139	0.0	88.8059	0.0	0.0	8.054411	0.0	0.0	0.0	0.0	9.971517	0.0	0.0	328.55237	0.0	158.88548	0.0	0.0	177.92079	0.0	0.0	0.0	102.49912	0.0	0.0	149.54716	0.0	0.0	97.45481	0.0	0.0	0.0	0.0	0.0	112.579384	0.0	28.640417	0.0	0.0	96.526375	13.456407	151.11919	0.0	0.0	0.0	91.94317	113.73797	67.88998	0.0	0.0	0.0	0.0	146.3464	0.0	0.0	8.506623	0.0	0.0	92.06547	51.875507	0.0	0.0	0.0	0.0	0.0	29.085709	118.675385	0.0	166.40457	98.069695	0.0	186.55794	0.0	92.39535	0.0	0.0	0.0	82.26784	0.0	0.0	85.32423	116.37524	0.0	346.00424	11.299714	0.0	0.0	110.17448	204.4154	0.0	0.0	31.50812	0.0	0.0	2.5145073	290.6502	0.0	0.0	0.0	40.94237	0.0	0.0	0.0	172.26001	278.8601	0.0	90.83253	0.0	0.0	41.97081	0.0	18.173744	0.0	0.0	0.0	0.0	0.0	0.0	0.0	91.56422	0.0	181.53864	0.0	0.0	103.34336	0.0	0.0
0.0	69.010315	0.0	85.788	0.0	0.0	6.4066796	0.0	0.0	0.0	0.0	9.7836895	0.0	0.0	318.1873	0.0	154.13603	0.0	0.0	173.17442	0.0	0.0	0.0	99.25806	0.0	0.0	144.86859	0.0	0.0	93.75689	0.0	0.0	0.0	0.0	0.0	109.89335	0.0	27.945892	0.0	0.0	93.347466	12.695909	146.53804	0.0	0.0	0.0	89.68357	110.63449	65.69111	0.0	0.0	0.0	0.0	142.26991	0.0	0.0	8.69361	0.0	0.0	88.593666	50.13692	0.0	0.0	0.0	0.0	0.0	27.63753	114.83646	0.0	161.461	95.28864	0.0	180.38686	0.0	90.60345	0.0	0.0	0.0	79.827515	0.0	0.0	82.66421	112.72516	0.0	336.36545	11.37574	0.0	0.0	107.48522	198.03773	0.0	0.0	30.783514	0.0	0.0	1.4275411	282.43564	0.0	0.0	0.0	39.830364	0.0	0.0	0.0	167.14284	270.94016	0.0	87.72943	0.0	0.0	40.219578	0.0	18.21376	0.0	0.0	0.0	0.0	0.0	0.0	0.0	89.236786	0.0	176.00049	0.0	0.0	100.17502	0.0	0.0
0.0	68.84263	0.0	85.02261	0.0	0.0	6.5381684	0.0	0.0	0.0	0.0	9.632298	0.0	0.0	317.1141	0.0	153.82933	0.0	0.0	172.5558	0.0	0.0	0.0	98.94703	0.0	0.0	144.34137	0.0	0.0	93.28368	0.0	0.0	0.0	0.0	0.0	109.57589	0.0	27.795639	0.0	0.0	93.25421	12.204661	145.91939	0.0	0.0	0.0	89.57369	110.56964	65.304344	0.0	0.0	0.0	0.0	141.87816	0.0	0.0	8.748805	0.0	0.0	88.15487	50.139084	0.0	0.0	0.0	0.0	0.0	27.456446	114.34672	0.0	160.88232	95.00946	0.0	179.9774	0.0	90.56339	0.0	0.0	0.0	79.52219	0.0	0.0	82.22579	112.30273	0.0	334.91428	11.334514	0.0	0.0	107.33616	197.30554	0.0	0.0	30.637352	0.0	0.0	1.2065729	281.1442	0.0	0.0	0.0	40.126366	0.0	0.0	0.0	166.8514	270.08066	0.0	87.43252	0.0	0.0	39.898804	0.0	18.736624	0.0	0.0	0.0	0.0	0.0	0.0	0.0	89.00741	0.0	175.24644	0.0	0.0	99.918755	0.0	0.0
0.0	68.79609	0.0	86.62626	0.0	0.0	7.197748	0.0	0.0	0.0	0.0	9.716277	0.0	0.0	321.65344	0.0	155.52094	0.0	0.0	174.41692	0.0	0.0	0.0	100.32194	0.0	0.0	146.1252	0.0	0.0	94.92117	0.0	0.0	0.0	0.0	0.0	110.48245	0.0	28.448053	0.0	0.0	94.346596	12.879132	147.54459	0.0	0.0	0.0	90.650795	111.65613	66.13764	0.0	0.0	0.0	0.0	143.37657	0.0	0.0	8.612565	0.0	0.0	89.54758	51.037754	0.0	0.0	0.0	0.0	0.0	28.357649	115.79426	0.0	162.89412	96.03812	0.0	182.36647	0.0	91.31274	0.0	0.0	0.0	79.97852	0.0	0.0	83.1845	113.652504	0.0	338.61234	11.565404	0.0	0.0	108.459175	200.08398	0.0	0.0	30.97924	0.0	0.0	1.8808836	284.3237	0.0	0.0	0.0	40.536915	0.0	0.0	0.0	168.5778	272.8733	0.0	88.74841	0.0	0.0	40.701786	0.0	18.634943	0.0	0.0	0.0	0.0	0.0	0.0	0.0	89.69213	0.0	177.50673	0.0	0.0	101.11956	0.0	0.0
0.0	69.85754	0.0	90.21148	0.0	0.0	8.769304	0.0	0.0	0.0	0.0	10.188338	0.0	0.0	334.32907	0.0	161.31853	0.0	0.0	179.45764	0.0	0.0	0.0	104.59789	0.0	0.0	151.63509	0.0	0.0	98.735985	0.0	0.0	0.0	0.0	0.0	113.4369	0.0	29.581366	0.0	0.0	98.057396	13.696914	152.6671	0.0	0.0	0.0	93.2031	115.66279	68.67042	0.0	0.0	0.0	0.0	148.3506	0.0	0.0	9.107297	0.0	0.0	93.535164	53.107616	0.0	0.0	0.0	0.0	0.0	30.213911	119.8577	0.0	168.40617	99.1684	0.0	189.56812	0.0	93.043365	0.0	0.0	0.0	82.72996	0.0	0.0	86.66193	117.600334	0.0	349.95288	11.715053	0.0	0.0	111.81846	208.16302	0.0	0.0	32.02257	0.0	0.0	3.0479748	293.79758	0.0	0.0	0.0	42.352905	0.0	0.0	0.0	174.36731	282.21338	0.0	92.10099	0.0	0.0	42.81149	0.0	18.211151	0.0	0.0	0.0	0.0	0.0	0.0	0.0	92.409294	0.0	183.64662	0.0	0.0	104.86145	0.0	0.0
0.0	70.102486	0.0	89.60616	0.0	0.0	8.1224575	0.0	0.0	0.0	0.0	10.176335	0.0	0.0	332.52164	0.0	160.2736	0.0	0.0	179.05147	0.0	0.0	0.0	103.83468	0.0	0.0	150.91106	0.0	0.0	97.99569	0.0	0.0	0.0	0.0	0.0	113.29907	0.0	29.429827	0.0	0.0	97.66437	13.559392	152.31575	0.0	0.0	0.0	92.77123	114.91262	68.40137	0.0	0.0	0.0	0.0	147.74855	0.0	0.0	8.674327	0.0	0.0	92.94525	52.622528	0.0	0.0	0.0	0.0	0.0	29.605621	119.425995	0.0	167.69391	98.72463	0.0	188.5096	0.0	93.11218	0.0	0.0	0.0	82.713524	0.0	0.0	86.299706	117.10092	0.0	348.78964	11.775107	0.0	0.0	111.08915	206.82222	0.0	0.0	31.873068	0.0	0.0	2.6657455	292.92004	0.0	0.0	0.0	41.8952	0.0	0.0	0.0	173.95337	281.23654	0.0	91.57791	0.0	0.0	42.283688	0.0	18.381933	0.0	0.0	0.0	0.0	0.0	0.0	0.0	92.215126	0.0	182.59521	0.0	0.0	104.42032	0.0	0.0
0.0	69.440956	0.0	87.40177	0.0	0.0	7.1540294	0.0	0.0	0.0	0.0	9.879056	0.0	0.0	323.20212	0.0	156.39224	0.0	0.0	175.41777	0.0	0.0	0.0	100.88043	0.0	0.0	147.20381	0.0	0.0	95.54672	0.0	0.0	0.0	0.0	0.0	111.146996	0.0	28.216354	0.0	0.0	95.029816	13.175315	148.72516	0.0	0.0	0.0	90.74769	112.12317	66.81611	0.0	0.0	0.0	0.0	144.35808	0.0	0.0	8.481236	0.0	0.0	90.201866	51.048813	0.0	0.0	0.0	0.0	0.0	28.293371	116.66107	0.0	163.7185	96.662636	0.0	183.33607	0.0	91.422	0.0	0.0	0.0	80.93066	0.0	0.0	83.89771	114.43212	0.0	341.00452	11.405295	0.0	0.0	108.64402	201.14093	0.0	0.0	31.12361	0.0	0.0	1.9631761	286.3673	0.0	0.0	0.0	40.34037	0.0	0.0	0.0	169.66252	274.72183	0.0	89.10593	0.0	0.0	40.951004	0.0	18.11895	0.0	0.0	0.0	0.0	0.0	0.0	0.0	90.32601	0.0	178.5426	0.0	0.0	101.532555	0.0	0.0
0.0	69.42588	0.0	86.15444	0.0	0.0	6.627468	0.0	0.0	0.0	0.0	9.674623	0.0	0.0	320.31802	0.0	155.2777	0.0	0.0	174.23541	0.0	0.0	0.0	100.03613	0.0	0.0	145.6732	0.0	0.0	94.44376	0.0	0.0	0.0	0.0	0.0	110.6829	0.0	28.10613	0.0	0.0	93.996826	12.671668	147.27684	0.0	0.0	0.0	90.70846	111.57137	65.97393	0.0	0.0	0.0	0.0	143.47508	0.0	0.0	8.891559	0.0	0.0	89.03818	50.87039	0.0	0.0	0.0	0.0	0.0	27.897326	115.5319	0.0	162.70448	96.18551	0.0	181.77242	0.0	91.690796	0.0	0.0	0.0	79.78947	0.0	0.0	82.833336	113.384735	0.0	338.0059	11.545367	0.0	0.0	108.35096	199.36995	0.0	0.0	30.989492	0.0	0.0	1.6543598	283.78622	0.0	0.0	0.0	40.581356	0.0	0.0	0.0	168.27333	272.54266	0.0	88.143105	0.0	0.0	40.257076	0.0	18.759588	0.0	0.0	0.0	0.0	0.0	0.0	0.0	89.780914	0.0	177.24811	0.0	0.0	100.65984	0.0	0.0
0.0	69.42917	0.0	87.67869	0.0	0.0	7.8449383	0.0	0.0	0.0	0.0	9.903073	0.0	0.0	324.54712	0.0	157.02823	0.0	0.0	175.88768	0.0	0.0	0.0	101.36045	0.0	0.0	147.58199	0.0	0.0	95.79952	0.0	0.0	0.0	0.0	0.0	111.39356	0.0	28.41607	0.0	0.0	95.04188	12.946331	148.69206	0.0	0.0	0.0	91.11636	112.58361	66.932365	0.0	0.0	0.0	0.0	145.00905	0.0	0.0	8.60729	0.0	0.0	90.50314	52.02178	0.0	0.0	0.0	0.0	0.0	28.764399	116.8644	0.0	164.26564	97.095894	0.0	184.30273	0.0	91.89883	0.0	0.0	0.0	80.647804	0.0	0.0	84.0964	114.760765	0.0	341.40625	11.312085	0.0	0.0	109.37289	201.9579	0.0	0.0	31.087305	0.0	0.0	2.4640114	286.77982	0.0	0.0	0.0	40.914238	0.0	0.0	0.0	170.0002	275.34525	0.0	89.05015	0.0	0.0	41.421703	0.0	18.30737	0.0	0.0	0.0	0.0	0.0	0.0	0.0	90.65865	0.0	178.97758	0.0	0.0	102.03008	0.0	0.0
0.0	69.47882	0.0	90.46817	0.0	0.0	9.197531	0.0	0.0	0.0	0.0	10.29381	0.0	0.0	336.62762	0.0	162.26863	0.0	0.0	179.78485	0.0	0.0	0.0	105.45181	0.0	0.0	152.31293	0.0	0.0	99.418236	0.0	0.0	0.0	0.0	0.0	113.604	0.0	29.662447	0.0	0.0	98.80884	13.551663	153.04808	0.0	0.0	0.0	93.909966	116.30328	68.866844	0.0	0.0	0.0	0.0	149.23946	0.0	0.0	9.333613	0.0	0.0	93.957306	53.627426	0.0	0.0	0.0	0.0	0.0	30.6518	120.395	0.0	169.42809	99.85132	0.0	190.92482	0.0	93.45438	0.0	0.0	0.0	82.75183	0.0	0.0	86.77784	117.90399	0.0	350.8102	11.7866745	0.0	0.0	112.42231	209.5072	0.0	0.0	32.24982	0.0	0.0	3.3565586	294.51175	0.0	0.0	0.0	43.34204	0.0	0.0	0.0	175.49548	283.2546	0.0	92.72236	0.0	0.0	43.136032	0.0	18.476812	0.0	0.0	0.0	0.0	0.0	0.0	0.0	92.48809	0.0	184.60857	0.0	0.0	105.34205	0.0	0.0
0.0	71.037735	0.0	93.64905	0.0	0.0	10.023861	0.0	0.0	0.0	0.0	10.59683	0.0	0.0	346.1788	0.0	166.96187	0.0	0.0	184.79951	0.0	0.0	0.0	108.61051	0.0	0.0	157.03908	0.0	0.0	102.600006	0.0	0.0	0.0	0.0	0.0	116.658516	0.0	30.306677	0.0	0.0	101.44573	14.207347	157.64027	0.0	0.0	0.0	95.91921	119.34135	71.09232	0.0	0.0	0.0	0.0	153.30672	0.0	0.0	9.626649	0.0	0.0	97.187416	55.10208	0.0	0.0	0.0	0.0	0.0	31.903296	124.05845	0.0	174.08467	102.40094	0.0	196.67505	0.0	95.443054	0.043130826	0.0	0.0	85.674774	0.0	0.0	89.64178	121.71857	0.0	361.16333	11.646931	0.0	0.0	115.20512	215.62512	0.0	0.0	33.060757	0.0	0.0	3.9822915	303.2972	0.0	0.0	0.0	43.7113	0.0	0.0	0.0	180.28809	291.51724	0.0	95.74606	0.0	0.0	44.99023	0.0	18.10181	0.0	0.0	0.0	0.0	0.0	0.0	0.0	95.179344	0.0	190.22246	0.0	0.0	108.71525	0.0	0.0
0.0	69.67884	0.0	89.63682	0.0	0.0	8.50749	0.0	0.0	0.0	0.0	10.154189	0.0	0.0	332.04227	0.0	160.40752	0.0	0.0	178.57158	0.0	0.0	0.0	103.79376	0.0	0.0	150.56267	0.0	0.0	98.21755	0.0	0.0	0.0	0.0	0.0	113.009834	0.0	29.019121	0.0	0.0	97.24823	13.461323	151.61467	0.0	0.0	0.0	92.895775	114.92532	68.307335	0.0	0.0	0.0	0.0	147.82971	0.0	0.0	9.046033	0.0	0.0	92.64768	52.834576	0.0	0.0	0.0	0.0	0.0	29.883966	119.16083	0.0	167.56044	98.87185	0.0	188.40625	0.0	93.027794	0.0	0.0	0.0	82.004585	0.0	0.0	85.721565	117.08309	0.0	347.7289	11.691322	0.0	0.0	111.49285	206.56616	0.0	0.0	31.766273	0.0	0.0	3.019064	292.06424	0.0	0.0	0.0	42.051308	0.0	0.0	0.0	173.51941	280.47528	0.0	91.42347	0.0	0.0	42.579285	0.0	18.272034	0.0	0.0	0.0	0.0	0.0	0.0	0.0	92.103455	0.0	182.83418	0.0	0.0	104.040184	0.0	0.0
0.0	69.86496	0.0	89.82885	0.0	0.0	8.438857	0.0	0.0	0.0	0.0	10.184314	0.0	0.0	333.26743	0.0	161.02449	0.0	0.0	179.03784	0.0	0.0	0.0	104.35785	0.0	0.0	151.05377	0.0	0.0	98.44867	0.0	0.0	0.0	0.0	0.0	113.497185	0.0	29.374956	0.0	0.0	97.26357	13.417916	152.09465	0.0	0.0	0.0	93.35211	115.34641	68.38781	0.0	0.0	0.0	0.0	148.23444	0.0	0.0	9.066535	0.0	0.0	92.91049	53.055347	0.0	0.0	0.0	0.0	0.0	30.0411	119.418434	0.0	168.26648	99.298805	0.0	189.05957	0.0	93.45178	0.0	0.0	0.0	82.04768	0.0	0.0	85.90525	117.25347	0.0	348.75253	11.722192	0.0	0.0	112.05679	207.41487	0.0	0.0	31.9023	0.0	0.0	2.9306774	292.95633	0.0	0.0	0.0	42.482197	0.0	0.0	0.0	173.9433	281.50388	0.0	91.67435	0.0	0.0	42.61147	0.0	18.496435	0.0	0.0	0.0	0.0	0.0	0.0	0.0	92.348274	0.0	183.36993	0.0	0.0	104.52946	0.0	0.0
0.0	70.39777	0.0	91.59186	0.0	0.0	9.34866	0.0	0.0	0.0	0.0	10.545697	0.0	0.0	338.2865	0.0	163.29868	0.0	0.0	181.39278	0.0	0.0	0.0	105.90664	0.0	0.0	153.44293	0.0	0.0	100.270996	0.0	0.0	0.0	0.0	0.0	114.59034	0.0	29.447206	0.0	0.0	99.08557	14.055534	154.42094	0.0	0.0	0.0	94.059204	116.81989	69.75658	0.0	0.0	0.0	0.0	150.33861	0.0	0.0	9.595058	0.0	0.0	94.69104	53.72746	0.0	0.0	0.0	0.0	0.0	30.510818	121.58527	0.0	170.2397	100.411156	0.0	192.10608	0.0	93.70995	0.0	0.0	0.0	83.85189	0.0	0.0	87.70669	119.19409	0.0	353.89755	11.58669	0.0	0.0	112.82729	210.5813	0.0	0.0	32.31776	0.0	0.0	3.8753116	297.11044	0.0	0.0	0.0	42.76213	0.0	0.0	0.0	176.47633	285.444	0.0	93.2116	0.0	0.0	43.60382	0.0	17.773388	0.0	0.0	0.0	0.0	0.0	0.0	0.0	93.50486	0.0	186.00201	0.0	0.0	105.99691	0.0	0.0
0.0	71.45594	0.0	96.194885	0.0	0.0	10.844493	0.0	0.0	0.0	0.0	11.330638	0.0	0.0	352.51025	0.0	170.17119	0.0	0.0	187.24475	0.0	0.0	0.0	110.71702	0.0	0.0	160.02405	0.0	0.0	105.05954	0.0	0.0	0.0	0.0	0.0	117.903656	0.0	31.212244	0.0	0.0	102.30573	15.295235	159.85107	0.0	0.0	0.0	97.33544	121.27511	72.62171	0.0	0.0	0.0	0.0	155.61113	0.0	0.0	10.027058	0.0	0.0	99.00184	55.96343	0.0	0.0	0.0	0.0	0.0	33.24686	126.286995	0.0	176.99818	103.974945	0.0	199.99342	0.0	95.90414	0.5688635	0.0	0.0	86.27313	0.0	0.0	91.18688	123.35909	0.0	366.45142	11.666783	0.0	0.0	116.97271	219.83057	0.0	0.0	33.179237	0.0	0.0	4.909395	307.95163	0.0	0.0	0.0	44.48958	0.0	0.0	0.0	182.481	296.1553	0.0	97.55094	0.0	0.0	46.10359	0.0	17.330856	0.0	0.0	0.0	0.0	0.0	0.0	0.0	96.273125	0.0	193.76129	0.0	0.0	110.587105	0.0	0.0
0.0	162.81575	0.0	237.15633	0.0	0.0	18.864481	0.0	0.0	0.0	0.0	29.776796	0.0	0.0	783.09076	0.0	377.70337	0.0	0.0	444.94156	0.0	0.0	0.0	247.0399	0.0	0.0	378.3148	0.0	0.0	246.57721	0.0	0.0	0.0	0.0	0.0	259.01913	0.0	73.51013	0.0	0.0	237.51375	49.31903	384.07236	0.0	0.0	0.0	203.84863	254.5769	174.49358	0.0	0.0	0.0	0.0	325.0542	0.0	0.0	0.0	0.0	0.0	249.90588	97.20413	0.0	0.0	0.0	0.0	0.0	70.452156	301.0246	0.0	398.0183	227.33679	0.0	439.39877	0.0	190.80034	4.4366074	0.0	0.0	236.81923	0.0	0.0	235.03972	279.3303	0.0	876.65594	18.650131	0.0	0.0	238.64845	494.04092	0.0	0.0	71.64085	0.0	0.0	0.018433286	754.6372	0.0	0.0	0.0	49.455338	0.0	0.0	0.0	408.58975	690.1684	0.0	234.87288	0.0	0.0	116.27233	0.0	16.315363	0.0	0.0	0.0	0.0	0.0	0.0	0.0	211.60808	0.0	452.4894	0.0	0.0	267.42087	0.0	0.0
0.0	296.52325	0.0	475.4139	0.0	0.0	37.237537	0.0	0.0	0.0	0.0	60.732086	0.0	0.0	1387.2988	0.0	677.0745	0.0	0.0	828.3094	0.0	0.0	0.0	449.20322	0.0	0.0	716.2497	0.0	0.0	470.4459	0.0	0.0	0.0	0.0	0.0	456.8605	0.0	135.6428	0.0	0.0	416.41623	115.80701	714.88165	0.0	0.0	0.0	331.1914	420.50723	338.203	0.0	0.0	0.0	0.0	549.712	0.0	0.0	0.0	0.0	0.0	486.32162	137.62086	0.0	0.0	0.0	0.0	0.0	135.22148	573.86426	0.0	714.524	398.8484	0.0	765.60626	0.0	289.82227	48.254436	0.0	0.0	484.3163	0.0	0.0	460.8148	506.65112	0.0	1642.9266	12.551454	0.0	0.0	392.59216	889.8615	0.0	0.0	117.743774	0.0	0.0	0.0	1443.7072	0.0	0.0	0.0	6.6659813	0.0	0.0	0.0	711.4694	1269.0066	0.0	445.88693	0.0	0.0	233.2765	0.0	0.0	0.0	0.0	0.0	0.0	0.0	0.0	0.0	372.60342	0.0	848.6714	0.0	0.0	505.45224	0.0	0.0
0.0	164.97237	0.0	250.31487	0.0	0.0	18.245417	0.0	0.0	0.0	0.0	32.932228	0.0	0.0	784.59106	0.0	378.9475	0.0	0.0	454.93936	0.0	0.0	0.0	249.25134	0.0	0.0	387.3252	0.0	0.0	252.89601	0.0	0.0	0.0	0.0	0.0	260.23816	0.0	75.12741	0.0	0.0	237.68108	56.631588	392.93384	0.0	0.0	0.0	198.83716	249.41805	181.41963	0.0	0.0	0.0	0.0	322.25076	0.0	0.0	0.0	0.0	0.0	261.2861	89.88369	0.0	0.0	0.0	0.0	0.0	72.51539	310.0867	0.0	401.1888	227.90926	0.0	438.61728	0.0	181.72688	14.293725	0.0	0.0	250.54475	0.0	0.0	245.63667	283.72397	0.0	899.53375	14.602019	0.0	0.0	232.88924	497.0271	0.0	0.0	71.1347	0.0	0.0	0.0	779.90326	0.0	0.0	0.0	31.197151	0.0	0.0	0.0	407.74927	701.4875	0.0	239.43962	0.0	0.0	122.39248	0.0	5.280855	0.0	0.0	0.0	0.0	0.0	0.0	0.0	213.43932	0.0	463.1809	0.0	0.0	274.69284	0.0	0.0
0.0	322.3478	0.0	520.8942	0.0	0.0	42.72307	0.0	0.0	0.0	0.0	65.62454	0.0	0.0	1493.4137	0.0	730.6734	0.0	0.0	897.3462	0.0	0.0	0.0	486.3911	0.0	0.0	781.4163	0.0	0.0	512.5341	0.0	0.0	0.0	0.0	0.0	489.26108	0.0	146.70319	0.0	0.0	448.81717	129.13478	774.8392	0.0	0.0	0.0	346.95963	444.29257	368.24185	0.0	0.0	0.0	0.0	585.7276	0.0	0.0	0.0	0.0	0.0	530.09875	141.28415	0.0	0.0	0.0	0.0	0.0	147.17444	627.92737	0.0	769.38257	426.46375	0.0	820.7321	0.0	300.23007	60.393963	0.0	0.0	537.00165	0.0	0.0	505.27896	546.7292	0.0	1784.434	8.881193	0.0	0.0	412.8253	961.53644	0.0	0.0	126.59794	0.0	0.0	0.0	1570.71	0.0	0.0	0.0	0.0	0.0	0.0	0.0	762.81757	1372.9999	0.0	486.1581	0.0	0.0	255.44139	0.0	0.0	0.0	0.0	0.0	0.0	0.0	0.0	0.0	399.35965	0.0	921.216	0.0	0.0	548.3516	0.0	0.0
0.0	112.76702	0.0	159.53938	0.0	0.0	11.405983	0.0	0.0	0.0	0.0	20.002996	0.0	0.0	523.92993	0.0	253.99821	0.0	0.0	300.76785	0.0	0.0	0.0	164.95116	0.0	0.0	253.07549	0.0	0.0	165.24086	0.0	0.0	0.0	0.0	0.0	177.39948	0.0	48.79204	0.0	0.0	157.26491	32.810635	257.97717	0.0	0.0	0.0	138.31822	172.07002	117.69022	0.0	0.0	0.0	0.0	221.59595	0.0	0.0	0.0	0.0	0.0	166.52892	65.80837	0.0	0.0	0.0	0.0	0.0	46.818344	202.8077	0.0	268.2805	153.71239	0.0	294.0339	0.0	131.71956	2.854295	0.0	0.0	157.76897	0.0	0.0	156.47887	189.80351	0.0	590.3657	12.844752	0.0	0.0	162.65508	329.74606	0.0	0.0	48.63107	0.0	0.0	0.0	507.85718	0.0	0.0	0.0	32.33708	0.0	0.0	0.0	274.0323	463.98758	0.0	156.2228	0.0	0.0	77.5032	0.0	12.001615	0.0	0.0	0.0	0.0	0.0	0.0	0.0	144.93721	0.0	305.78735	0.0	0.0	178.5655	0.0	0.0
0.0	165.79214	0.0	251.78412	0.0	0.0	18.144602	0.0	0.0	0.0	0.0	32.761803	0.0	0.0	786.26654	0.0	380.54785	0.0	0.0	457.1625	0.0	0.0	0.0	250.31837	0.0	0.0	389.155	0.0	0.0	254.51799	0.0	0.0	0.0	0.0	0.0	261.8004	0.0	75.45072	0.0	0.0	237.07704	56.50778	394.68283	0.0	0.0	0.0	200.04616	250.48396	182.52702	0.0	0.0	0.0	0.0	322.9954	0.0	0.0	0.0	0.0	0.0	262.10413	89.645256	0.0	0.0	0.0	0.0	0.0	72.97654	311.0626	0.0	403.42587	228.77802	0.0	439.33347	0.0	182.93091	13.951775	0.0	0.0	251.47798	0.0	0.0	246.26147	284.95663	0.0	902.6741	14.6698885	0.0	0.0	234.8343	498.50125	0.0	0.0	70.615654	0.0	0.0	0.0	784.4006	0.0	0.0	0.0	29.998652	0.0	0.0	0.0	408.6991	704.6343	0.0	241.35864	0.0	0.0	122.98269	0.0	5.8378644	0.0	0.0	0.0	0.0	0.0	0.0	0.0	214.19978	0.0	466.47937	0.0	0.0	276.33627	0.0	0.0
0.0	240.33777	0.0	381.62088	0.0	0.0	26.575247	0.0	0.0	0.0	0.0	49.111755	0.0	0.0	1110.3844	0.0	542.25684	0.0	0.0	664.7541	0.0	0.0	0.0	360.3749	0.0	0.0	571.60455	0.0	0.0	375.66064	0.0	0.0	0.0	0.0	0.0	370.16443	0.0	108.99062	0.0	0.0	330.02536	92.67084	571.5528	0.0	0.0	0.0	268.83932	339.48135	271.37595	0.0	0.0	0.0	0.0	444.98026	0.0	0.0	0.0	0.0	0.0	387.7731	111.84011	0.0	0.0	0.0	0.0	0.0	108.4777	458.01157	0.0	574.04254	321.72476	0.0	613.2098	0.0	236.72993	37.425198	0.0	0.0	384.20718	0.0	0.0	366.269	407.71542	0.0	1315.9513	11.734616	0.0	0.0	319.6179	712.147	0.0	0.0	95.128426	0.0	0.0	0.0	1156.6654	0.0	0.0	0.0	5.401674	0.0	0.0	0.0	570.55084	1015.8532	0.0	355.6229	0.0	0.0	184.5341	0.0	0.30973458	0.0	0.0	0.0	0.0	0.0	0.0	0.0	302.05228	0.0	681.1245	0.0	0.0	403.96777	0.0	0.0
0.0	202.4419	0.0	318.10068	0.0	0.0	22.206549	0.0	0.0	0.0	0.0	40.963734	0.0	0.0	934.56494	0.0	455.9778	0.0	0.0	558.07886	0.0	0.0	0.0	302.431	0.0	0.0	477.88876	0.0	0.0	313.95374	0.0	0.0	0.0	0.0	0.0	313.4263	0.0	90.93946	0.0	0.0	277.73093	76.0793	479.811	0.0	0.0	0.0	229.06865	289.08826	226.98799	0.0	0.0	0.0	0.0	377.886	0.0	0.0	0.0	0.0	0.0	324.96753	97.01531	0.0	0.0	0.0	0.0	0.0	91.23672	382.75522	0.0	483.1464	272.4458	0.0	517.95447	0.0	204.42773	28.81845	0.0	0.0	318.3595	0.0	0.0	305.58807	344.04477	0.0	1103.789	10.999394	0.0	0.0	272.42847	598.0032	0.0	0.0	80.75065	0.0	0.0	0.0	968.84985	0.0	0.0	0.0	8.641818	0.0	0.0	0.0	481.77158	853.2669	0.0	296.13516	0.0	0.0	154.71658	0.0	0.40140685	0.0	0.0	0.0	0.0	0.0	0.0	0.0	256.285	0.0	571.6448	0.0	0.0	338.51505	0.0	0.0
0.0	156.03276	0.0	239.00838	0.0	0.0	15.900113	0.0	0.0	0.0	0.0	31.428732	0.0	0.0	729.1336	0.0	354.033	0.0	0.0	428.74844	0.0	0.0	0.0	233.31221	0.0	0.0	364.53467	0.0	0.0	239.00853	0.0	0.0	0.0	0.0	0.0	245.72284	0.0	70.06482	0.0	0.0	217.98083	54.814007	369.15796	0.0	0.0	0.0	184.54597	231.11882	172.34944	0.0	0.0	0.0	0.0	300.48172	0.0	0.0	0.0	0.0	0.0	246.25447	81.41019	0.0	0.0	0.0	0.0	0.0	68.80848	292.00195	0.0	376.33215	213.67586	0.0	406.87698	0.0	168.2853	16.334805	0.0	0.0	237.31969	0.0	0.0	230.75996	267.0641	0.0	845.7759	12.011528	0.0	0.0	217.74939	462.8442	0.0	0.0	64.6179	0.0	0.0	0.0	738.03827	0.0	0.0	0.0	21.004416	0.0	0.0	0.0	378.68192	658.2463	0.0	225.39137	0.0	0.0	115.83567	0.0	3.351024	0.0	0.0	0.0	0.0	0.0	0.0	0.0	200.90593	0.0	438.22427	0.0	0.0	259.0141	0.0	0.0
0.0	106.608604	0.0	148.28773	0.0	0.0	10.463004	0.0	0.0	0.0	0.0	18.49069	0.0	0.0	493.12366	0.0	239.19936	0.0	0.0	281.6631	0.0	0.0	0.0	155.0978	0.0	0.0	236.7098	0.0	0.0	154.32219	0.0	0.0	0.0	0.0	0.0	168.04335	0.0	45.731754	0.0	0.0	147.45299	29.268097	240.74951	0.0	0.0	0.0	131.79579	163.4717	109.860985	0.0	0.0	0.0	0.0	210.56537	0.0	0.0	0.3309653	0.0	0.0	154.16278	64.1754	0.0	0.0	0.0	0.0	0.0	44.437336	189.16467	0.0	252.67085	145.61351	0.0	277.16675	0.0	126.584656	0.91558313	0.0	0.0	144.94673	0.0	0.0	144.73438	178.22966	0.0	551.5214	12.9179535	0.0	0.0	155.45995	310.08835	0.0	0.0	45.966892	0.0	0.0	0.0	473.7046	0.0	0.0	0.0	34.275547	0.0	0.0	0.0	258.28995	434.9269	0.0	145.4012	0.0	0.0	71.491264	0.0	13.80354	0.0	0.0	0.0	0.0	0.0	0.0	0.0	137.12944	0.0	286.61072	0.0	0.0	166.91522	0.0	0.0
0.0	131.27235	0.0	190.7967	0.0	0.0	12.745117	0.0	0.0	0.0	0.0	24.32151	0.0	0.0	614.5568	0.0	297.56046	0.0	0.0	353.80643	0.0	0.0	0.0	194.15096	0.0	0.0	299.17563	0.0	0.0	195.65503	0.0	0.0	0.0	0.0	0.0	207.31294	0.0	58.015835	0.0	0.0	184.55766	40.569668	304.3489	0.0	0.0	0.0	160.53807	200.21094	140.06207	0.0	0.0	0.0	0.0	257.8996	0.0	0.0	0.0	0.0	0.0	198.04259	74.99082	0.0	0.0	0.0	0.0	0.0	56.43573	239.5006	0.0	315.30685	180.18144	0.0	344.12332	0.0	150.575	5.9369073	0.0	0.0	187.8159	0.0	0.0	185.90718	222.78174	0.0	695.9722	14.157852	0.0	0.0	188.88728	387.5763	0.0	0.0	56.623764	0.0	0.0	0.0	601.1373	0.0	0.0	0.0	33.499367	0.0	0.0	0.0	320.41678	545.54913	0.0	184.53197	0.0	0.0	91.85439	0.0	11.117104	0.0	0.0	0.0	0.0	0.0	0.0	0.0	169.43617	0.0	361.0107	0.0	0.0	211.16179	0.0	0.0
0.0	151.78246	0.0	227.61534	0.0	0.0	14.979901	0.0	0.0	0.0	0.0	29.761053	0.0	0.0	712.3138	0.0	345.17676	0.0	0.0	413.6888	0.0	0.0	0.0	226.34901	0.0	0.0	351.14368	0.0	0.0	230.00494	0.0	0.0	0.0	0.0	0.0	239.4377	0.0	68.46208	0.0	0.0	213.42188	50.358215	356.64282	0.0	0.0	0.0	182.7701	228.22363	165.29713	0.0	0.0	0.0	0.0	295.0317	0.0	0.0	0.0	0.0	0.0	235.07751	82.47238	0.0	0.0	0.0	0.0	0.0	66.24784	281.53183	0.0	366.6249	208.2386	0.0	397.53223	0.0	168.20595	11.79197	0.0	0.0	225.03593	0.0	0.0	220.96193	259.18228	0.0	816.2011	14.029307	0.0	0.0	215.48085	450.4376	0.0	0.0	64.88036	0.0	0.0	0.0	708.93353	0.0	0.0	0.0	29.497	0.0	0.0	0.0	370.16187	637.1433	0.0	217.52888	0.0	0.0	109.89392	0.0	7.454638	0.0	0.0	0.0	0.0	0.0	0.0	0.0	195.73396	0.0	422.72867	0.0	0.0	248.74763	0.0	0.0
0.0	152.78702	0.0	229.23308	0.0	0.0	15.632976	0.0	0.0	0.0	0.0	29.835724	0.0	0.0	718.7471	0.0	348.00467	0.0	0.0	416.7042	0.0	0.0	0.0	228.77864	0.0	0.0	354.4816	0.0	0.0	231.56596	0.0	0.0	0.0	0.0	0.0	240.92567	0.0	68.918785	0.0	0.0	215.7917	50.27916	359.34338	0.0	0.0	0.0	183.9565	230.69353	166.48712	0.0	0.0	0.0	0.0	297.65283	0.0	0.0	0.0	0.0	0.0	237.03267	83.49708	0.0	0.0	0.0	0.0	0.0	66.783226	283.49435	0.0	369.62125	209.82195	0.0	401.19116	0.0	169.65114	11.346008	0.0	0.0	227.10548	0.0	0.0	222.72424	261.0817	0.0	822.1325	14.177723	0.0	0.0	217.11723	454.73196	0.0	0.0	65.22965	0.0	0.0	0.0	714.07056	0.0	0.0	0.0	30.242682	0.0	0.0	0.0	373.4619	642.48114	0.0	219.25206	0.0	0.0	110.81601	0.0	7.429829	0.0	0.0	0.0	0.0	0.0	0.0	0.0	197.06548	0.0	426.04297	0.0	0.0	250.81416	0.0	0.0
0.0	233.04988	0.0	366.89246	0.0	0.0	25.413818	0.0	0.0	0.0	0.0	47.273952	0.0	0.0	1099.4222	0.0	534.93945	0.0	0.0	646.1961	0.0	0.0	0.0	355.03088	0.0	0.0	557.0193	0.0	0.0	365.9943	0.0	0.0	0.0	0.0	0.0	364.8291	0.0	107.4227	0.0	0.0	327.5215	86.080315	557.572	0.0	0.0	0.0	271.7708	341.6411	262.88596	0.0	0.0	0.0	0.0	443.92175	0.0	0.0	0.0	0.0	0.0	374.3518	118.719055	0.0	0.0	0.0	0.0	0.0	107.70692	443.9043	0.0	567.434	319.69504	0.0	609.052	0.0	240.97662	29.05793	0.0	0.0	364.9164	0.0	0.0	352.06992	399.38095	0.0	1279.0573	14.975272	0.0	0.0	322.9292	702.12823	0.0	0.0	94.957634	0.0	0.0	0.5309989	1120.3689	0.0	0.0	0.0	23.864885	0.0	0.0	0.0	566.166	994.0545	0.0	346.13058	0.0	0.0	176.6679	0.0	6.9530296	0.0	0.0	0.0	0.0	0.0	0.0	0.0	296.9425	0.0	664.37616	0.0	0.0	393.2225	0.0	0.0
0.0	164.02663	0.0	249.6615	0.0	0.0	17.036745	0.0	0.0	0.0	0.0	32.812748	0.0	0.0	771.10504	0.0	373.66763	0.0	0.0	451.00888	0.0	0.0	0.0	245.41406	0.0	0.0	383.53055	0.0	0.0	251.368	0.0	0.0	0.0	0.0	0.0	257.4359	0.0	73.97129	0.0	0.0	232.22418	57.117985	389.08362	0.0	0.0	0.0	195.06262	244.38216	180.47292	0.0	0.0	0.0	0.0	316.69543	0.0	0.0	0.0	0.0	0.0	258.62296	85.93775	0.0	0.0	0.0	0.0	0.0	71.627464	307.86282	0.0	396.3845	224.47258	0.0	430.19125	0.0	177.83601	15.998527	0.0	0.0	249.55135	0.0	0.0	243.10658	280.9687	0.0	890.95264	13.727992	0.0	0.0	228.93501	488.7986	0.0	0.0	69.57712	0.0	0.0	0.0	774.75836	0.0	0.0	0.0	25.550219	0.0	0.0	0.0	400.42276	693.1204	0.0	237.61308	0.0	0.0	121.177	0.0	3.7999384	0.0	0.0	0.0	0.0	0.0	0.0	0.0	210.86255	0.0	459.99158	0.0	0.0	271.6919	0.0	0.0
0.0	213.09727	0.0	327.29724	0.0	0.0	23.320297	0.0	0.0	0.0	0.0	43.161373	0.0	0.0	1016.21564	0.0	491.42722	0.0	0.0	586.22296	0.0	0.0	0.0	324.91678	0.0	0.0	505.32193	0.0	0.0	330.12256	0.0	0.0	0.0	0.0	0.0	334.82602	0.0	98.75366	0.0	0.0	305.03775	74.18714	507.90567	0.0	0.0	0.0	253.85126	320.19577	236.34288	0.0	0.0	0.0	0.0	414.28735	0.0	0.0	0.0	0.0	0.0	337.26266	114.8438	0.0	0.0	0.0	0.0	0.0	96.19009	403.1062	0.0	521.1934	293.7213	0.0	564.9318	0.0	229.36096	20.349436	0.0	0.0	326.9809	0.0	0.0	318.3569	365.25015	0.0	1161.441	18.02839	0.0	0.0	300.29965	645.13556	0.0	0.0	91.00272	0.0	0.0	1.2985998	1009.9222	0.0	0.0	0.0	39.644344	0.0	0.0	0.0	524.2253	907.01886	0.0	312.5866	0.0	0.0	157.19868	0.0	8.075955	0.0	0.0	0.0	0.0	0.0	0.0	0.0	273.49588	0.0	601.2608	0.0	0.0	355.76196	0.0	0.0
0.0	287.066	0.0	461.03323	0.0	0.0	32.77809	0.0	0.0	0.0	0.0	57.853962	0.0	0.0	1326.1495	0.0	647.7061	0.0	0.0	793.43286	0.0	0.0	0.0	433.14688	0.0	0.0	688.40094	0.0	0.0	451.38657	0.0	0.0	0.0	0.0	0.0	439.29236	0.0	129.93762	0.0	0.0	394.1274	113.5281	683.39746	0.0	0.0	0.0	314.458	400.99423	326.76974	0.0	0.0	0.0	0.0	527.21735	0.0	0.0	0.0	0.0	0.0	465.28244	131.75577	0.0	0.0	0.0	0.0	0.0	132.89977	550.1613	0.0	685.1573	382.9127	0.0	729.5041	0.0	274.4639	47.767654	0.0	0.0	464.7997	0.0	0.0	440.43787	486.48218	0.0	1574.9481	11.215813	0.0	0.0	377.52988	853.73956	0.0	0.0	112.94287	0.0	0.0	0.0	1385.3688	0.0	0.0	0.0	3.1186285	0.0	0.0	0.0	678.3676	1214.0577	0.0	427.49686	0.0	0.0	222.01994	0.0	1.2388728	0.0	0.0	0.0	0.0	0.0	0.0	0.0	358.49814	0.0	816.3096	0.0	0.0	482.30728	0.0	0.0
0.0	280.87473	0.0	444.50516	0.0	0.0	31.952188	0.0	0.0	0.0	0.0	56.933216	0.0	0.0	1325.56	0.0	643.68695	0.0	0.0	779.1259	0.0	0.0	0.0	428.62317	0.0	0.0	674.4357	0.0	0.0	441.70728	0.0	0.0	0.0	0.0	0.0	435.77652	0.0	129.92877	0.0	0.0	396.73535	105.85316	673.3042	0.0	0.0	0.0	322.18127	407.96884	317.9208	0.0	0.0	0.0	0.0	530.327	0.0	0.0	0.0	0.0	0.0	453.9773	138.96602	0.0	0.0	0.0	0.0	0.0	130.27592	538.05316	0.0	682.45624	381.78134	0.0	731.48364	0.0	283.8981	38.419613	0.0	0.0	447.6914	0.0	0.0	429.10104	480.06873	0.0	1546.1722	17.15162	0.0	0.0	383.0654	848.51227	0.0	0.0	115.40344	0.0	0.0	0.73365086	1353.246	0.0	0.0	0.0	23.357977	0.0	0.0	0.0	680.34174	1198.8557	0.0	420.2313	0.0	0.0	214.78198	0.0	6.001883	0.0	0.0	0.0	0.0	0.0	0.0	0.0	355.26157	0.0	801.80304	0.0	0.0	474.54306	0.0	0.0
0.0	181.31305	0.0	276.7655	0.0	0.0	18.427973	0.0	0.0	0.0	0.0	36.228035	0.0	0.0	863.03705	0.0	417.42648	0.0	0.0	498.2374	0.0	0.0	0.0	275.64575	0.0	0.0	426.7858	0.0	0.0	279.4043	0.0	0.0	0.0	0.0	0.0	286.72318	0.0	83.67899	0.0	0.0	258.03827	61.856567	430.76755	0.0	0.0	0.0	218.94844	274.38394	200.26106	0.0	0.0	0.0	0.0	354.1512	0.0	0.0	0.0	0.0	0.0	284.5925	99.32644	0.0	0.0	0.0	0.0	0.0	81.674385	340.50082	0.0	443.29288	250.9613	0.0	480.2548	0.0	199.00122	15.253757	0.0	0.0	273.58102	0.0	0.0	267.66513	311.32632	0.0	985.2885	16.433538	0.0	0.0	259.2288	546.9898	0.0	0.0	77.78081	0.0	0.0	0.6553479	856.6403	0.0	0.0	0.0	36.040417	0.0	0.0	0.0	446.21957	769.52216	0.0	264.63782	0.0	0.0	132.7941	0.0	9.780499	0.0	0.0	0.0	0.0	0.0	0.0	0.0	233.99702	0.0	511.0309	0.0	0.0	301.3103	0.0	0.0
0.0	223.15071	0.0	351.70303	0.0	0.0	25.645195	0.0	0.0	0.0	0.0	45.88011	0.0	0.0	1042.9908	0.0	507.38333	0.0	0.0	619.4028	0.0	0.0	0.0	335.6576	0.0	0.0	531.8052	0.0	0.0	348.82162	0.0	0.0	0.0	0.0	0.0	345.3955	0.0	101.37383	0.0	0.0	313.55396	84.52035	534.9069	0.0	0.0	0.0	253.60295	321.02847	251.35027	0.0	0.0	0.0	0.0	418.76212	0.0	0.0	0.0	0.0	0.0	361.63712	106.05222	0.0	0.0	0.0	0.0	0.0	99.31933	427.31787	0.0	536.92523	300.89908	0.0	577.34357	0.0	225.26387	32.337383	0.0	0.0	356.99814	0.0	0.0	341.71133	381.54626	0.0	1228.0854	12.626367	0.0	0.0	299.282	665.6766	0.0	0.0	91.05475	0.0	0.0	0.0	1075.4056	0.0	0.0	0.0	11.570611	0.0	0.0	0.0	537.3166	949.3775	0.0	330.6513	0.0	0.0	171.8344	0.0	0.0	0.0	0.0	0.0	0.0	0.0	0.0	0.0	282.66333	0.0	633.37604	0.0	0.0	375.84583	0.0	0.0
0.0	559.99066	2.493469	913.9831	0.0	0.0	72.55879	0.0	0.0	0.0	0.0	110.598045	0.0	0.0	2532.5566	0.0	1248.0752	0.0	0.0	1544.848	0.0	0.0	0.0	837.42944	0.0	0.0	1356.3212	0.0	0.0	890.73364	0.0	0.0	0.0	0.0	0.0	837.17676	0.0	249.11156	0.0	0.0	750.12665	235.40538	1329.3413	0.0	0.0	0.0	572.55365	737.6157	640.91815	0.0	0.0	0.0	0.0	985.8982	0.0	0.0	0.0	0.0	0.0	914.55	227.75291	0.0	0.0	0.0	0.0	0.0	257.75052	1086.3772	0.0	1312.5131	724.87616	0.0	1383.5361	0.0	489.09668	119.45495	0.0	0.0	943.7922	0.0	0.0	873.64777	935.66547	0.0	3072.3982	5.0972495	0.0	0.0	691.3799	1646.3383	0.0	0.0	208.30159	0.0	0.0	0.0	2717.2444	0.0	0.0	0.0	0.0	0.0	0.0	0.0	1287.4025	2354.591	0.0	843.9974	0.0	0.0	443.81973	0.0	0.0	0.0	0.0	0.0	0.0	0.0	0.0	0.0	679.3582	0.0	1593.812	0.0	0.0	944.1027	0.0	0.0
0.0	334.73935	0.0	530.8641	0.0	0.0	41.302082	0.0	0.0	0.0	0.0	67.40258	0.0	0.0	1600.1969	0.0	776.2591	0.0	0.0	934.603	0.0	0.0	0.0	517.8315	0.0	0.0	812.9047	0.0	0.0	530.0771	0.0	0.0	0.0	0.0	0.0	523.79193	0.0	157.15294	0.0	0.0	480.4362	123.88679	809.361	0.0	0.0	0.0	389.21802	493.67776	380.17175	0.0	0.0	0.0	0.0	638.6957	0.0	0.0	0.0	0.0	0.0	545.11615	169.21751	0.0	0.0	0.0	0.0	0.0	154.8972	644.5883	0.0	823.24335	459.44882	0.0	883.70435	0.0	344.05347	41.41841	0.0	0.0	537.2943	0.0	0.0	516.0114	575.9229	0.0	1855.3356	21.484324	0.0	0.0	463.58072	1024.4363	0.0	0.0	137.47588	0.0	0.0	0.0	1624.8129	0.0	0.0	0.0	33.550636	0.0	0.0	0.0	821.5874	1445.7324	0.0	507.68338	0.0	0.0	259.16977	0.0	5.0565658	0.0	0.0	0.0	0.0	0.0	0.0	0.0	425.55844	0.0	962.7143	0.0	0.0	572.33545	0.0	0.0
0.0	161.8763	0.0	243.01459	0.0	0.0	16.384995	0.0	0.0	0.0	0.0	31.832384	0.0	0.0	769.74164	0.0	371.77383	0.0	0.0	443.15793	0.0	0.0	0.0	244.81653	0.0	0.0	377.93872	0.0	0.0	246.78394	0.0	0.0	0.0	0.0	0.0	256.41647	0.0	74.040924	0.0	0.0	231.56987	53.229053	382.95886	0.0	0.0	0.0	197.14813	247.08704	177.26308	0.0	0.0	0.0	0.0	317.96042	0.0	0.0	0.0	0.0	0.0	252.10924	90.24125	0.0	0.0	0.0	0.0	0.0	71.881744	301.64697	0.0	394.81308	224.08192	0.0	429.31985	0.0	181.21468	10.988197	0.0	0.0	241.05243	0.0	0.0	237.00352	277.6829	0.0	875.52423	16.02653	0.0	0.0	232.40643	486.8911	0.0	0.0	70.175545	0.0	0.0	0.490085	759.2544	0.0	0.0	0.0	35.88782	0.0	0.0	0.0	399.6331	684.90936	0.0	234.20001	0.0	0.0	117.454185	0.0	9.249036	0.0	0.0	0.0	0.0	0.0	0.0	0.0	209.64049	0.0	453.70358	0.0	0.0	267.11893	0.0	0.0
0.0	153.48698	0.0	229.09346	0.0	0.0	15.812894	0.0	0.0	0.0	0.0	29.876074	0.0	0.0	733.6086	0.0	353.4246	0.0	0.0	419.41135	0.0	0.0	0.0	232.41835	0.0	0.0	357.67874	0.0	0.0	233.75543	0.0	0.0	0.0	0.0	0.0	243.32117	0.0	70.72154	0.0	0.0	221.38338	50.089863	363.35098	0.0	0.0	0.0	188.17188	235.67226	167.19867	0.0	0.0	0.0	0.0	303.31116	0.0	0.0	0.0	0.0	0.0	238.43587	86.916405	0.0	0.0	0.0	0.0	0.0	68.0911	286.1437	0.0	374.68347	212.70355	0.0	409.19788	0.0	173.29974	9.343926	0.0	0.0	226.98802	0.0	0.0	224.20203	263.5178	0.0	829.6543	16.151392	0.0	0.0	221.21602	463.26468	0.0	0.0	67.90203	0.0	0.0	1.0398184	716.9905	0.0	0.0	0.0	38.10176	0.0	0.0	0.0	380.83707	649.15753	0.0	221.85155	0.0	0.0	110.44993	0.0	10.519849	0.0	0.0	0.0	0.0	0.0	0.0	0.0	199.0494	0.0	429.0408	0.0	0.0	252.4397	0.0	0.0
0.0	198.77275	0.0	311.07425	0.0	0.0	21.53888	0.0	0.0	0.0	0.0	40.241306	0.0	0.0	916.85675	0.0	447.45578	0.0	0.0	547.59064	0.0	0.0	0.0	295.69525	0.0	0.0	468.5447	0.0	0.0	307.61035	0.0	0.0	0.0	0.0	0.0	306.84457	0.0	88.508354	0.0	0.0	273.38626	74.390594	471.00204	0.0	0.0	0.0	224.47823	283.5626	222.32124	0.0	0.0	0.0	0.0	371.01425	0.0	0.0	0.0	0.0	0.0	318.0117	94.52241	0.0	0.0	0.0	0.0	0.0	87.87922	376.29785	0.0	473.51962	266.38965	0.0	508.23422	0.0	200.84706	28.42533	0.0	0.0	313.3414	0.0	0.0	299.82083	337.71384	0.0	1082.9349	10.917172	0.0	0.0	266.13547	585.39386	0.0	0.0	79.34918	0.0	0.0	0.0	949.353	0.0	0.0	0.0	9.108744	0.0	0.0	0.0	472.59973	837.17975	0.0	290.15305	0.0	0.0	150.99944	0.0	0.2810379	0.0	0.0	0.0	0.0	0.0	0.0	0.0	251.23604	0.0	559.51447	0.0	0.0	331.1691	0.0	0.0
0.0	68.48648	0.0	82.410774	0.0	0.0	5.6152368	0.0	0.0	0.0	0.0	9.440061	0.0	0.0	307.61508	0.0	149.78233	0.0	0.0	168.88356	0.0	0.0	0.0	95.73217	0.0	0.0	140.11557	0.0	0.0	90.51968	0.0	0.0	0.0	0.0	0.0	107.84916	0.0	26.661005	0.0	0.0	90.29812	11.723839	141.9212	0.0	0.0	0.0	88.03336	107.96154	63.763294	0.0	0.0	0.0	0.0	139.01796	0.0	0.0	9.398793	0.0	0.0	85.015114	48.763103	0.0	0.0	0.0	0.0	0.0	26.382528	111.419624	0.0	157.1103	93.20388	0.0	174.23405	0.0	89.5065	0.0	0.0	0.0	76.94355	0.0	0.0	79.43339	109.41831	0.0	326.53543	11.329492	0.0	0.0	105.16547	191.35156	0.0	0.0	29.927963	0.0	0.0	0.44391572	274.1658	0.0	0.0	0.0	38.91989	0.0	0.0	0.0	162.28719	263.09744	0.0	84.466286	0.0	0.0	38.282272	0.0	18.671938	0.0	0.0	0.0	0.0	0.0	0.0	0.0	87.3879	0.0	171.48401	0.0	0.0	96.754845	0.0	0.0
0.0	68.25013	0.0	81.9208	0.0	0.0	5.567346	0.0	0.0	0.0	0.0	9.373836	0.0	0.0	305.00803	0.0	148.59096	0.0	0.0	167.68391	0.0	0.0	0.0	94.938324	0.0	0.0	139.14851	0.0	0.0	89.86628	0.0	0.0	0.0	0.0	0.0	107.0151	0.0	26.346323	0.0	0.0	89.636314	11.693085	140.89885	0.0	0.0	0.0	87.107704	106.96444	63.42435	0.0	0.0	0.0	0.0	137.91498	0.0	0.0	9.1329155	0.0	0.0	84.41532	48.14299	0.0	0.0	0.0	0.0	0.0	25.962729	110.777565	0.0	155.7402	92.295906	0.0	172.76807	0.0	88.67446	0.0	0.0	0.0	76.68105	0.0	0.0	79.00831	108.666084	0.0	324.3297	11.133996	0.0	0.0	104.136314	189.72466	0.0	0.0	29.614502	0.0	0.0	0.39196464	272.408	0.0	0.0	0.0	38.218117	0.0	0.0	0.0	161.05005	261.25427	0.0	83.85506	0.0	0.0	37.953915	0.0	18.436647	0.0	0.0	0.0	0.0	0.0	0.0	0.0	86.76122	0.0	170.01869	0.0	0.0	95.93801	0.0	0.0
0.0	68.24091	0.0	83.59183	0.0	0.0	6.230017	0.0	0.0	0.0	0.0	9.366395	0.0	0.0	311.79825	0.0	151.32652	0.0	0.0	169.87097	0.0	0.0	0.0	97.27772	0.0	0.0	141.81435	0.0	0.0	91.60562	0.0	0.0	0.0	0.0	0.0	108.3277	0.0	27.097353	0.0	0.0	91.57425	11.969902	143.2616	0.0	0.0	0.0	88.42642	109.20899	64.288155	0.0	0.0	0.0	0.0	140.39641	0.0	0.0	9.259586	0.0	0.0	86.46682	49.772507	0.0	0.0	0.0	0.0	0.0	27.158346	112.4255	0.0	158.55046	93.845	0.0	176.88556	0.0	89.74697	0.0	0.0	0.0	77.79138	0.0	0.0	80.5373	110.71383	0.0	329.2576	11.233113	0.0	0.0	105.9325	193.9776	0.0	0.0	30.25743	0.0	0.0	1.1975079	276.21835	0.0	0.0	0.0	39.66683	0.0	0.0	0.0	163.95708	265.6387	0.0	85.506355	0.0	0.0	38.995922	0.0	18.501501	0.0	0.0	0.0	0.0	0.0	0.0	0.0	87.98712	0.0	172.72792	0.0	0.0	97.821434	0.0	0.0
0.0	69.02313	0.0	86.06677	0.0	0.0	6.47127	0.0	0.0	0.0	0.0	9.634492	0.0	0.0	319.1855	0.0	154.58032	0.0	0.0	173.43622	0.0	0.0	0.0	99.62461	0.0	0.0	145.1936	0.0	0.0	94.105385	0.0	0.0	0.0	0.0	0.0	110.518135	0.0	27.956015	0.0	0.0	93.632774	12.637063	146.58295	0.0	0.0	0.0	90.29578	111.22643	65.823555	0.0	0.0	0.0	0.0	143.22514	0.0	0.0	8.917793	0.0	0.0	88.68051	50.84849	0.0	0.0	0.0	0.0	0.0	27.996756	115.02576	0.0	162.2024	95.872475	0.0	181.01416	0.0	91.3769	0.0	0.0	0.0	79.284676	0.0	0.0	82.31453	113.07964	0.0	336.36887	11.446084	0.0	0.0	108.12418	198.58417	0.0	0.0	30.75508	0.0	0.0	1.5894909	282.6335	0.0	0.0	0.0	40.347195	0.0	0.0	0.0	167.73653	271.4608	0.0	87.680885	0.0	0.0	40.096622	0.0	18.829845	0.0	0.0	0.0	0.0	0.0	0.0	0.0	89.66138	0.0	176.66093	0.0	0.0	100.35233	0.0	0.0
0.0	70.76273	0.0	95.78173	0.0	0.0	10.516392	0.0	0.0	0.0	0.0	11.64172	0.0	0.0	351.71658	0.0	169.97896	0.0	0.0	185.36334	0.0	0.0	0.0	111.324196	0.0	0.0	159.31712	0.0	0.0	103.96841	0.0	0.0	0.0	0.0	0.0	118.01763	0.0	31.134903	0.0	0.0	101.139824	14.82356	158.39551	0.0	0.0	0.0	97.73239	121.633705	72.33585	0.0	0.0	0.0	0.0	156.56886	0.0	0.0	10.418994	0.0	0.0	98.10233	57.325638	0.0	0.0	0.0	0.0	0.0	33.83566	125.15988	0.0	177.01013	104.690926	0.0	199.79195	0.0	96.23819	0.15063408	0.0	0.0	83.72807	0.0	0.0	89.945076	122.643005	0.0	362.67935	11.585347	0.0	0.0	117.27682	219.73967	0.0	0.0	33.08624	0.0	0.0	4.942555	304.6914	0.0	0.0	0.0	46.491226	0.0	0.0	0.0	181.44922	294.46585	0.0	96.043785	0.0	0.0	45.250698	0.0	17.960554	0.0	0.0	0.0	0.0	0.0	0.0	0.0	96.13812	0.0	193.06606	0.0	0.0	109.68826	0.0	0.0
0.0	69.02768	0.0	84.79316	0.0	0.0	6.536472	0.0	0.0	0.0	0.0	9.517618	0.0	0.0	317.39804	0.0	153.8946	0.0	0.0	172.24664	0.0	0.0	0.0	99.21677	0.0	0.0	144.01967	0.0	0.0	93.07715	0.0	0.0	0.0	0.0	0.0	110.073555	0.0	27.754427	0.0	0.0	92.92471	12.136208	145.39174	0.0	0.0	0.0	90.14547	111.08429	65.233795	0.0	0.0	0.0	0.0	142.87665	0.0	0.0	9.589313	0.0	0.0	87.64031	51.124054	0.0	0.0	0.0	0.0	0.0	27.675127	114.00016	0.0	161.27122	95.54804	0.0	180.31407	0.0	91.39985	0.0	0.0	0.0	78.217415	0.0	0.0	81.598404	112.37762	0.0	333.93457	11.474912	0.0	0.0	107.89172	197.55788	0.0	0.0	30.753763	0.0	0.0	1.7501024	280.05423	0.0	0.0	0.0	41.2673	0.0	0.0	0.0	166.76012	269.69983	0.0	86.74957	0.0	0.0	39.43364	0.0	19.073517	0.0	0.0	0.0	0.0	0.0	0.0	0.0	89.389626	0.0	175.2548	0.0	0.0	99.37637	0.0	0.0
0.0	68.68313	0.0	83.852974	0.0	0.0	6.238317	0.0	0.0	0.0	0.0	9.413273	0.0	0.0	313.10175	0.0	152.13571	0.0	0.0	170.8101	0.0	0.0	0.0	97.680275	0.0	0.0	142.3398	0.0	0.0	92.08683	0.0	0.0	0.0	0.0	0.0	108.94196	0.0	27.19079	0.0	0.0	91.808105	11.946187	143.95909	0.0	0.0	0.0	89.08955	109.70707	64.599884	0.0	0.0	0.0	0.0	141.08022	0.0	0.0	9.310075	0.0	0.0	86.691376	50.029438	0.0	0.0	0.0	0.0	0.0	27.101507	112.990135	0.0	159.33443	94.47268	0.0	177.74266	0.0	90.4217	0.0	0.0	0.0	77.88213	0.0	0.0	80.75094	111.13938	0.0	330.771	11.264363	0.0	0.0	106.63677	194.70589	0.0	0.0	30.320274	0.0	0.0	1.0779743	277.56674	0.0	0.0	0.0	40.081715	0.0	0.0	0.0	164.71175	266.9164	0.0	85.78851	0.0	0.0	39.099026	0.0	18.74692	0.0	0.0	0.0	0.0	0.0	0.0	0.0	88.39558	0.0	173.54265	0.0	0.0	98.264336	0.0	0.0
0.0	68.4122	0.0	82.73377	0.0	0.0	5.9289436	0.0	0.0	0.0	0.0	9.313577	0.0	0.0	309.16263	0.0	150.34729	0.0	0.0	169.12712	0.0	0.0	0.0	96.20071	0.0	0.0	140.52867	0.0	0.0	90.95416	0.0	0.0	0.0	0.0	0.0	107.984215	0.0	26.712074	0.0	0.0	90.61163	11.796472	142.21448	0.0	0.0	0.0	88.14514	108.4235	63.87854	0.0	0.0	0.0	0.0	139.79604	0.0	0.0	9.389632	0.0	0.0	85.22475	49.46159	0.0	0.0	0.0	0.0	0.0	26.416273	111.81082	0.0	157.49463	93.36249	0.0	175.53198	0.0	89.82229	0.0	0.0	0.0	76.86935	0.0	0.0	79.487816	110.041565	0.0	327.03763	11.275985	0.0	0.0	105.46616	192.07959	0.0	0.0	30.058535	0.0	0.0	1.0366745	274.16907	0.0	0.0	0.0	39.683025	0.0	0.0	0.0	162.83751	263.6824	0.0	84.57419	0.0	0.0	38.31574	0.0	18.75496	0.0	0.0	0.0	0.0	0.0	0.0	0.0	87.64979	0.0	171.47394	0.0	0.0	96.83393	0.0	0.0
0.0	68.605675	0.0	84.075134	0.0	0.0	6.150129	0.0	0.0	0.0	0.0	9.46115	0.0	0.0	313.7654	0.0	152.29158	0.0	0.0	170.93896	0.0	0.0	0.0	97.88633	0.0	0.0	142.53203	0.0	0.0	92.25498	0.0	0.0	0.0	0.0	0.0	109.12817	0.0	27.148117	0.0	0.0	91.94399	12.085225	144.09918	0.0	0.0	0.0	89.08786	109.799	64.721596	0.0	0.0	0.0	0.0	141.48602	0.0	0.0	9.325155	0.0	0.0	86.67452	50.34573	0.0	0.0	0.0	0.0	0.0	27.117651	113.12372	0.0	159.59761	94.68017	0.0	178.24017	0.0	90.54946	0.0	0.0	0.0	77.84971	0.0	0.0	80.7196	111.41528	0.0	331.0752	11.308095	0.0	0.0	106.71417	195.11867	0.0	0.0	30.444916	0.0	0.0	1.401364	277.5964	0.0	0.0	0.0	40.377728	0.0	0.0	0.0	165.07353	267.12775	0.0	85.88157	0.0	0.0	39.17235	0.0	18.660196	0.0	0.0	0.0	0.0	0.0	0.0	0.0	88.564644	0.0	173.59431	0.0	0.0	98.24569	0.0	0.0
0.0	70.04215	0.0	87.26474	0.0	0.0	6.958161	0.0	0.0	0.0	0.0	9.82222	0.0	0.0	326.7239	0.0	158.06396	0.0	0.0	176.12756	0.0	0.0	0.0	102.35679	0.0	0.0	147.7812	0.0	0.0	95.75135	0.0	0.0	0.0	0.0	0.0	112.73252	0.0	28.53482	0.0	0.0	95.40559	12.578916	149.03313	0.0	0.0	0.0	92.50232	114.20341	67.09076	0.0	0.0	0.0	0.0	146.99654	0.0	0.0	9.987147	0.0	0.0	89.94714	52.779877	0.0	0.0	0.0	0.0	0.0	28.875387	116.95083	0.0	165.58795	98.098694	0.0	185.55852	0.0	93.831505	0.0	0.0	0.0	79.75091	0.0	0.0	83.57862	115.3328	0.0	341.8079	11.861926	0.0	0.0	110.9499	203.19783	0.0	0.0	31.642586	0.0	0.0	2.1075459	286.55368	0.0	0.0	0.0	42.99779	0.0	0.0	0.0	171.25688	276.34848	0.0	88.95757	0.0	0.0	40.69908	0.0	19.313866	0.0	0.0	0.0	0.0	0.0	0.0	0.0	91.66154	0.0	179.94734	0.0	0.0	101.77134	0.0	0.0
0.0	69.51275	0.0	86.78152	0.0	0.0	6.86089	0.0	0.0	0.0	0.0	9.751223	0.0	0.0	322.9907	0.0	156.2917	0.0	0.0	175.01625	0.0	0.0	0.0	100.87626	0.0	0.0	146.64351	0.0	0.0	94.89487	0.0	0.0	0.0	0.0	0.0	111.42216	0.0	28.170057	0.0	0.0	94.74006	12.662117	147.90631	0.0	0.0	0.0	91.09205	112.475914	66.52717	0.0	0.0	0.0	0.0	144.92712	0.0	0.0	9.147378	0.0	0.0	89.62907	51.785503	0.0	0.0	0.0	0.0	0.0	28.247604	116.1681	0.0	163.70421	96.80222	0.0	183.48262	0.0	92.10165	0.0	0.0	0.0	80.1462	0.0	0.0	83.47064	114.34777	0.0	339.55994	11.478282	0.0	0.0	109.262276	201.00005	0.0	0.0	31.076157	0.0	0.0	1.8911304	284.92416	0.0	0.0	0.0	41.355083	0.0	0.0	0.0	169.52211	274.20413	0.0	88.44308	0.0	0.0	40.70081	0.0	18.653345	0.0	0.0	0.0	0.0	0.0	0.0	0.0	90.679504	0.0	178.17712	0.0	0.0	101.315895	0.0	0.0
0.0	68.753075	0.0	84.50161	0.0	0.0	6.1436157	0.0	0.0	0.0	0.0	9.455758	0.0	0.0	314.7341	0.0	152.75526	0.0	0.0	171.47827	0.0	0.0	0.0	98.30854	0.0	0.0	143.15471	0.0	0.0	92.60227	0.0	0.0	0.0	0.0	0.0	109.4528	0.0	27.530767	0.0	0.0	92.10538	12.20246	144.69417	0.0	0.0	0.0	89.4885	110.115845	64.996826	0.0	0.0	0.0	0.0	141.58382	0.0	0.0	9.352165	0.0	0.0	87.204384	50.34914	0.0	0.0	0.0	0.0	0.0	27.495592	113.375244	0.0	160.17458	94.830894	0.0	178.59106	0.0	90.7302	0.0	0.0	0.0	78.08718	0.0	0.0	81.14193	111.66589	0.0	332.07004	11.391273	0.0	0.0	107.156105	195.84126	0.0	0.0	30.394762	0.0	0.0	0.9957803	278.88452	0.0	0.0	0.0	40.189396	0.0	0.0	0.0	165.4583	268.08157	0.0	86.2598	0.0	0.0	39.21731	0.0	18.835299	0.0	0.0	0.0	0.0	0.0	0.0	0.0	88.79003	0.0	174.38489	0.0	0.0	98.85425	0.0	0.0
0.0	68.3981	0.0	82.44894	0.0	0.0	5.5255737	0.0	0.0	0.0	0.0	9.37366	0.0	0.0	308.7355	0.0	150.18842	0.0	0.0	168.78896	0.0	0.0	0.0	96.16689	0.0	0.0	140.26006	0.0	0.0	90.72347	0.0	0.0	0.0	0.0	0.0	108.11855	0.0	26.940268	0.0	0.0	90.34374	11.640064	141.99336	0.0	0.0	0.0	88.399925	108.427986	63.69749	0.0	0.0	0.0	0.0	139.50334	0.0	0.0	9.675893	0.0	0.0	84.79931	49.22913	0.0	0.0	0.0	0.0	0.0	26.496721	111.36407	0.0	157.41925	93.3596	0.0	175.034	0.0	89.85688	0.0	0.0	0.0	76.433044	0.0	0.0	79.16342	109.70471	0.0	326.49966	11.513074	0.0	0.0	105.89044	191.9259	0.0	0.0	30.077744	0.0	0.0	0.5753766	273.907	0.0	0.0	0.0	39.870937	0.0	0.0	0.0	162.83629	263.35794	0.0	84.62394	0.0	0.0	37.993958	0.0	19.224174	0.0	0.0	0.0	0.0	0.0	0.0	0.0	87.58688	0.0	171.4077	0.0	0.0	96.82929	0.0	0.0
0.0	70.62278	0.0	82.781136	0.0	0.0	6.060598	0.0	0.0	0.0	0.0	9.086537	0.0	0.0	319.3223	0.0	155.54124	0.0	0.0	172.52104	0.0	0.0	0.0	99.23862	0.0	0.0	143.26398	0.0	0.0	92.618935	0.0	0.0	0.0	0.0	0.0	112.08771	0.0	27.08001	0.0	0.0	92.958824	10.1911125	144.35234	0.0	0.0	0.0	92.65699	113.595604	64.47797	0.0	0.0	0.0	0.0	146.13918	0.0	0.0	12.5305605	0.0	0.0	84.86819	53.329113	0.0	0.0	0.0	0.0	0.0	27.246572	113.34925	0.0	162.52245	97.0019	0.0	181.62117	0.0	95.572136	0.0	0.0	0.0	75.382576	0.0	0.0	78.88619	113.00277	0.0	332.4028	12.613331	0.0	0.0	111.5455	197.9243	0.0	0.0	31.114286	0.0	0.0	1.2124106	277.3796	0.0	0.0	0.0	45.556	0.0	0.0	0.0	168.54718	269.9951	0.0	85.98765	0.0	0.0	38.206005	0.0	22.204361	0.0	0.0	0.0	0.0	0.0	0.0	0.0	90.850075	0.0	175.40453	0.0	0.0	98.23071	0.0	0.0
0.0	84.13999	0.0	88.7027	0.0	0.0	7.8717294	0.0	0.0	0.0	0.0	9.541099	0.0	0.0	384.37643	0.0	189.01299	0.0	0.0	198.67339	0.0	0.0	0.0	117.32235	0.0	0.0	162.43561	0.0	0.0	106.227905	0.0	0.0	0.0	0.0	0.0	136.0976	0.0	29.600088	0.0	0.0	109.25784	4.0389028	159.43248	0.0	1.8615099	0.0	119.38729	143.67903	71.93271	0.0	0.0	0.0	0.0	183.46576	0.0	0.0	28.392149	0.0	0.0	88.554146	73.80463	0.0	0.0	0.0	0.0	0.0	32.95345	128.9063	0.0	194.17241	118.71119	0.0	219.5692	0.0	127.15267	0.0	0.0	0.0	71.3446	0.0	0.0	79.95292	133.71637	0.0	376.8422	19.382456	0.0	0.0	145.19849	234.82173	0.0	0.0	38.330727	0.0	0.0	2.847541	307.29166	0.0	0.0	0.0	74.55013	0.0	0.0	0.0	202.48804	311.37967	0.0	96.91284	0.0	0.0	41.461933	0.0	38.783993	0.0	0.0	0.0	0.0	0.0	0.0	0.0	111.00649	0.0	205.23793	0.0	0.0	109.20382	0.0	0.0
0.0	70.60706	0.0	89.77145	0.0	0.0	7.8221555	0.0	0.0	0.0	0.0	10.183742	0.0	0.0	332.841	0.0	161.02254	0.0	0.0	178.92537	0.0	0.0	0.0	104.41575	0.0	0.0	150.75987	0.0	0.0	98.11923	0.0	0.0	0.0	0.0	0.0	114.45298	0.0	28.985826	0.0	0.0	96.85071	13.409575	151.71849	0.0	0.0	0.0	93.702515	116.03716	68.7132	0.0	0.0	0.0	0.0	149.75917	0.0	0.0	9.633074	0.0	0.0	92.19875	53.870853	0.0	0.0	0.0	0.0	0.0	29.965464	119.25222	0.0	168.58879	99.81051	0.0	189.07051	0.0	94.41223	0.0	0.0	0.0	81.14643	0.0	0.0	85.25988	117.68856	0.0	347.71512	11.754628	0.0	0.0	112.636086	207.06165	0.0	0.0	31.879486	0.0	0.0	2.8824234	291.80164	0.0	0.0	0.0	43.204845	0.0	0.0	0.0	173.8868	281.3003	0.0	90.66913	0.0	0.0	41.993	0.0	18.76347	0.0	0.0	0.0	0.0	0.0	0.0	0.0	93.167725	0.0	183.54765	0.0	0.0	103.841675	0.0	0.0
0.0	69.67063	0.0	86.33389	0.0	0.0	6.670921	0.0	0.0	0.0	0.0	9.692336	0.0	0.0	323.3729	0.0	156.67389	0.0	0.0	175.18462	0.0	0.0	0.0	100.923485	0.0	0.0	146.53838	0.0	0.0	95.072624	0.0	0.0	0.0	0.0	0.0	111.77933	0.0	28.312813	0.0	0.0	94.7712	12.549674	147.95952	0.0	0.0	0.0	91.77184	112.98429	66.355774	0.0	0.0	0.0	0.0	145.26604	0.0	0.0	9.560018	0.0	0.0	89.1958	52.058033	0.0	0.0	0.0	0.0	0.0	28.318079	115.99073	0.0	163.98712	97.256226	0.0	183.74968	0.0	92.721504	0.0	0.0	0.0	79.544334	0.0	0.0	82.86625	114.31366	0.0	339.71564	11.653501	0.0	0.0	109.943665	201.16814	0.0	0.0	31.204176	0.0	0.0	1.7039375	284.81018	0.0	0.0	0.0	42.218674	0.0	0.0	0.0	169.93721	274.44138	0.0	88.57517	0.0	0.0	40.21581	0.0	19.464964	0.0	0.0	0.0	0.0	0.0	0.0	0.0	90.660164	0.0	178.29138	0.0	0.0	101.29061	0.0	0.0
0.0	69.53777	0.0	83.968414	0.0	0.0	6.0779557	0.0	0.0	0.0	0.0	9.355343	0.0	0.0	316.2496	0.0	153.6787	0.0	0.0	172.15138	0.0	0.0	0.0	98.482796	0.0	0.0	143.25626	0.0	0.0	92.59768	0.0	0.0	0.0	0.0	0.0	110.44906	0.0	27.27034	0.0	0.0	92.41729	11.540128	144.62743	0.0	0.0	0.0	90.493164	111.22803	64.768196	0.0	0.0	0.0	0.0	143.2437	0.0	0.0	10.281413	0.0	0.0	86.29328	51.237885	0.0	0.0	0.0	0.0	0.0	27.200949	113.52976	0.0	160.90843	95.53976	0.0	179.65456	0.0	92.434715	0.0	0.0	0.0	77.420334	0.0	0.0	80.36701	112.25059	0.0	332.69302	11.804652	0.0	0.0	108.644966	196.50371	0.0	0.0	30.666113	0.0	0.0	1.3778108	278.59818	0.0	0.0	0.0	41.85654	0.0	0.0	0.0	166.52692	268.84903	0.0	86.19064	0.0	0.0	38.933735	0.0	19.968977	0.0	0.0	0.0	0.0	0.0	0.0	0.0	89.57043	0.0	174.71779	0.0	0.0	98.67599	0.0	0.0
0.0	79.33666	0.0	85.29505	0.0	0.0	6.777294	0.0	0.0	0.0	0.0	8.763395	0.0	0.0	356.46524	0.0	174.57942	0.0	0.0	187.43616	0.0	0.0	0.0	109.54525	0.0	0.0	154.16559	0.0	0.0	99.88278	0.0	0.0	0.0	0.0	0.0	126.44695	0.0	28.419199	0.0	0.0	102.46331	6.11166	153.19232	0.0	0.0	0.0	108.14739	131.19078	68.47265	0.0	0.0	0.0	0.0	168.12343	0.0	0.0	22.1363	0.0	0.0	86.64628	65.368286	0.0	0.0	0.0	0.0	0.0	30.297974	122.14215	0.0	181.02162	109.78653	0.0	203.04146	0.0	114.79364	0.0	0.0	0.0	73.29475	0.0	0.0	79.26459	125.03808	0.0	357.73596	16.660667	0.0	0.0	131.3633	218.79742	0.0	0.0	35.342747	0.0	0.0	1.9082317	294.14688	0.0	0.0	0.0	62.66473	0.0	0.0	0.0	188.36113	293.97885	0.0	91.771545	0.0	0.0	39.51853	0.0	32.411625	0.0	0.0	0.0	0.0	0.0	0.0	0.0	102.8119	0.0	192.2452	0.0	0.0	104.01858	0.0	0.0
0.0	108.83939	0.0	92.37427	0.0	0.0	12.115822	0.0	0.0	0.0	0.0	18.946642	0.0	0.0	474.81583	0.0	244.24162	0.0	0.0	236.37976	0.0	0.0	0.0	141.04164	0.0	0.0	180.11278	0.0	0.0	117.91978	0.0	0.0	0.0	0.0	0.0	176.0931	0.0	27.712708	0.0	0.0	128.13815	0.0	168.91232	0.0	60.28499	0.0	165.21147	197.35472	85.49551	0.0	0.0	0.0	0.0	237.62756	0.0	0.0	63.92508	0.0	0.0	80.22556	112.03419	0.0	0.0	0.0	0.0	0.0	33.817837	147.23842	0.0	237.98726	154.94572	0.0	271.75235	0.0	181.91783	0.0	0.0	0.0	44.99132	0.0	0.0	72.97366	161.71999	0.0	431.44553	30.653494	0.0	0.0	201.4674	285.0652	0.0	0.0	45.425854	0.0	0.0	2.197176	338.81546	0.0	0.0	0.0	127.807274	0.0	0.0	0.0	248.20735	363.43237	0.0	104.386536	0.0	0.0	48.290432	0.0	71.09573	0.0	0.0	0.0	0.0	0.0	0.0	0.0	143.02744	0.0	246.87231	0.0	0.0	117.66376	0.0	0.0
0.0	71.77025	0.0	92.516365	0.0	0.0	8.878852	0.0	0.0	0.0	0.0	10.6172285	0.0	0.0	343.56714	0.0	165.89882	0.0	0.0	183.42932	0.0	0.0	0.0	107.96237	0.0	0.0	155.5243	0.0	0.0	101.2757	0.0	0.0	0.0	0.0	0.0	117.125175	0.0	30.368757	0.0	0.0	100.03713	13.696057	155.99821	0.0	0.0	0.0	96.41083	119.32883	70.53864	0.0	0.0	0.0	0.0	153.83476	0.0	0.0	9.554156	0.0	0.0	95.33246	55.381794	0.0	0.0	0.0	0.0	0.0	31.490707	122.73749	0.0	173.60931	102.55302	0.0	194.94826	0.0	96.51715	0.0	0.0	0.0	83.26578	0.0	0.0	87.84144	120.67046	0.0	357.48535	12.150246	0.0	0.0	115.68014	213.83948	0.0	0.0	32.93637	0.0	0.0	3.375409	300.18112	0.0	0.0	0.0	44.88442	0.0	0.0	0.0	179.15833	289.42807	0.0	93.807045	0.0	0.0	43.28923	0.0	19.232885	0.0	0.0	0.0	0.0	0.0	0.0	0.0	95.24588	0.0	188.93266	0.0	0.0	107.33899	0.0	0.0
0.0	69.78891	0.0	83.96655	0.0	0.0	5.801754	0.0	0.0	0.0	0.0	9.524041	0.0	0.0	313.7877	0.0	152.80664	0.0	0.0	171.9362	0.0	0.0	0.0	97.72925	0.0	0.0	142.81996	0.0	0.0	92.288216	0.0	0.0	0.0	0.0	0.0	110.11261	0.0	26.962626	0.0	0.0	91.97599	11.599738	144.34561	0.0	0.0	0.0	89.90564	110.336784	64.98974	0.0	0.0	0.0	0.0	142.28746	0.0	0.0	9.852605	0.0	0.0	86.311485	50.30366	0.0	0.0	0.0	0.0	0.0	26.97287	113.37338	0.0	160.30318	95.26819	0.0	177.95789	0.0	91.67666	0.0	0.0	0.0	77.86166	0.0	0.0	80.4584	111.732056	0.0	332.17496	11.530614	0.0	0.0	107.73721	195.11879	0.0	0.0	30.47083	0.0	0.0	0.63636214	278.92535	0.0	0.0	0.0	40.269146	0.0	0.0	0.0	165.73624	268.12296	0.0	85.90686	0.0	0.0	38.937035	0.0	19.484682	0.0	0.0	0.0	0.0	0.0	0.0	0.0	89.1986	0.0	174.61678	0.0	0.0	98.48227	0.0	0.0
0.0	69.474434	0.0	85.28767	0.0	0.0	6.19059	0.0	0.0	0.0	0.0	9.652511	0.0	0.0	319.12537	0.0	154.67061	0.0	0.0	173.07007	0.0	0.0	0.0	99.75891	0.0	0.0	144.74834	0.0	0.0	93.413734	0.0	0.0	0.0	0.0	0.0	110.85093	0.0	27.668192	0.0	0.0	93.4494	12.157681	146.1105	0.0	0.0	0.0	90.53599	111.70144	65.66935	0.0	0.0	0.0	0.0	143.90639	0.0	0.0	9.888145	0.0	0.0	87.8988	51.34932	0.0	0.0	0.0	0.0	0.0	27.796194	114.534355	0.0	162.11728	96.19903	0.0	181.23828	0.0	91.953636	0.0	0.0	0.0	78.71328	0.0	0.0	81.89335	113.10712	0.0	335.67767	11.568799	0.0	0.0	108.64166	198.55098	0.0	0.0	30.952639	0.0	0.0	1.4741148	281.46948	0.0	0.0	0.0	41.58182	0.0	0.0	0.0	167.84337	271.18918	0.0	87.06702	0.0	0.0	39.65945	0.0	19.151114	0.0	0.0	0.0	0.0	0.0	0.0	0.0	90.13614	0.0	176.15605	0.0	0.0	99.75012	0.0	0.0
0.0	76.60605	0.0	87.93275	0.0	0.0	7.186079	0.0	0.0	0.0	0.0	9.387096	0.0	0.0	351.90073	0.0	171.45757	0.0	0.0	186.78026	0.0	0.0	0.0	108.78143	0.0	0.0	154.60844	0.0	0.0	100.77383	0.0	0.0	0.0	0.0	0.0	123.26905	0.0	29.19345	0.0	0.0	101.74142	8.950768	154.63483	0.0	0.0	0.0	104.091835	126.9542	69.06638	0.0	0.0	0.0	0.0	162.89632	0.0	0.0	17.285444	0.0	0.0	89.60864	61.521114	0.0	0.0	0.0	0.0	0.0	30.266745	122.5895	0.0	178.38287	107.14733	0.0	200.32997	0.0	108.51057	0.0	0.0	0.0	77.29348	0.0	0.0	82.31728	123.68188	0.0	358.55228	15.172386	0.0	0.0	125.679016	216.9895	0.0	0.0	34.589336	0.0	0.0	2.3496716	296.8584	0.0	0.0	0.0	56.124783	0.0	0.0	0.0	185.29716	292.7031	0.0	93.04243	0.0	0.0	40.834553	0.0	27.799734	0.0	0.0	0.0	0.0	0.0	0.0	0.0	99.99697	0.0	191.06203	0.0	0.0	105.410706	0.0	0.0
0.0	120.99762	0.0	101.95217	0.0	0.0	15.7139845	0.0	0.0	0.0	0.0	22.387934	0.0	0.0	537.2278	0.0	279.4254	0.0	0.0	261.6465	0.0	0.0	0.0	162.50453	0.0	0.0	198.3791	0.0	0.0	127.11426	0.0	0.0	0.0	0.0	0.0	199.91908	0.0	30.158762	0.0	0.0	143.22066	0.0	181.43324	0.0	79.29324	0.0	189.55287	232.34729	97.98405	0.0	0.0	0.0	0.0	267.81107	0.0	0.0	77.84588	0.0	0.0	86.99546	135.50598	0.0	0.0	0.0	0.0	0.0	37.65436	159.1805	0.0	269.5786	178.53908	0.0	306.3151	0.0	207.79216	0.0	0.0	0.0	37.48312	0.0	0.0	79.906944	183.40645	0.0	475.0079	33.738083	0.0	0.0	230.56915	321.6789	0.0	0.0	47.483234	0.0	0.0	4.849236	369.5873	0.0	0.0	0.0	154.25511	0.0	0.0	0.0	274.29706	402.49915	0.0	114.09762	0.0	0.0	54.54828	0.0	83.322334	0.0	0.0	0.0	0.0	0.0	0.0	0.0	161.74635	0.0	276.62003	0.0	0.0	127.49137	0.0	0.0
0.0	70.7671	0.0	86.039795	0.0	0.0	5.7413406	0.0	0.0	0.0	0.0	10.043817	0.0	0.0	316.663	0.0	154.16737	0.0	0.0	175.29193	0.0	0.0	0.0	98.272125	0.0	0.0	145.10431	0.0	0.0	94.264885	0.0	0.0	0.0	0.0	0.0	110.757484	0.0	27.596369	0.0	0.0	93.524284	12.874458	147.77951	0.0	0.0	0.0	89.94607	110.23443	66.49118	0.0	0.0	0.0	0.0	141.9074	0.0	0.0	7.9794807	0.0	0.0	88.97036	48.2688	0.0	0.0	0.0	0.0	0.0	26.782837	116.29308	0.0	162.12349	95.39889	0.0	179.00404	0.0	90.79468	0.0	0.0	0.0	81.64532	0.0	0.0	83.45045	113.198364	0.0	339.48813	11.42505	0.0	0.0	107.032616	196.98193	0.0	0.0	31.004717	0.0	0.0	0.0	285.86182	0.0	0.0	0.0	37.413155	0.0	0.0	0.0	167.24538	272.18994	0.0	88.33584	0.0	0.0	40.112293	0.0	18.003687	0.0	0.0	0.0	0.0	0.0	0.0	0.0	89.72742	0.0	177.9449	0.0	0.0	100.57346	0.0	0.0
0.0	67.10757	0.0	78.62571	0.0	0.0	5.2218575	0.0	0.0	0.0	0.0	9.015752	0.0	0.0	293.1155	0.0	143.47998	0.0	0.0	162.89758	0.0	0.0	0.0	90.550934	0.0	0.0	133.73808	0.0	0.0	86.826256	0.0	0.0	0.0	0.0	0.0	103.90035	0.0	25.013483	0.0	0.0	85.99285	10.782908	135.99901	0.0	0.0	0.0	84.542816	103.144005	61.24325	0.0	0.0	0.0	0.0	133.1842	0.0	0.0	8.947576	0.0	0.0	80.44239	45.90643	0.0	0.0	0.0	0.0	0.0	24.228067	107.34318	0.0	150.61006	89.07226	0.0	165.83678	0.0	86.69041	0.0	0.0	0.0	74.11805	0.0	0.0	75.72504	105.05902	0.0	313.8133	11.062329	0.0	0.0	100.93865	181.9582	0.0	0.0	28.776688	0.0	0.0	0.0	263.51535	0.0	0.0	0.0	36.13956	0.0	0.0	0.0	155.30798	252.2885	0.0	81.21923	0.0	0.0	36.624947	0.0	18.161434	0.0	0.0	0.0	0.0	0.0	0.0	0.0	83.91253	0.0	164.80351	0.0	0.0	92.36368	0.0	0.0
0.0	67.65728	0.0	79.69272	0.0	0.0	5.227774	0.0	0.0	0.0	0.0	9.212865	0.0	0.0	295.2803	0.0	144.70177	0.0	0.0	164.58047	0.0	0.0	0.0	91.22642	0.0	0.0	135.09222	0.0	0.0	87.94251	0.0	0.0	0.0	0.0	0.0	104.86208	0.0	25.190798	0.0	0.0	86.55894	11.09645	137.37096	0.0	0.0	0.0	85.17487	103.585945	61.87601	0.0	0.0	0.0	0.0	134.11748	0.0	0.0	8.5317955	0.0	0.0	81.27951	45.993412	0.0	0.0	0.0	0.0	0.0	24.324957	108.539314	0.0	151.96458	89.94827	0.0	167.19417	0.0	87.239044	0.0	0.0	0.0	74.87177	0.0	0.0	76.35425	106.02985	0.0	316.80423	11.035886	0.0	0.0	101.62271	183.34895	0.0	0.0	28.895262	0.0	0.0	0.0	266.35464	0.0	0.0	0.0	35.994602	0.0	0.0	0.0	156.68533	254.51508	0.0	82.0317	0.0	0.0	37.010975	0.0	18.24291	0.0	0.0	0.0	0.0	0.0	0.0	0.0	84.70428	0.0	166.34831	0.0	0.0	93.333534	0.0	0.0
0.0	69.77557	0.0	83.45597	0.0	0.0	5.721512	0.0	0.0	0.0	0.0	9.734842	0.0	0.0	306.99783	0.0	150.12338	0.0	0.0	171.25676	0.0	0.0	0.0	94.95014	0.0	0.0	140.96465	0.0	0.0	91.682365	0.0	0.0	0.0	0.0	0.0	108.210976	0.0	26.441996	0.0	0.0	90.45941	12.054497	143.35988	0.0	0.0	0.0	87.834816	107.27212	64.68134	0.0	0.0	0.0	0.0	138.4085	0.0	0.0	7.917917	0.0	0.0	85.82336	47.022095	0.0	0.0	0.0	0.0	0.0	25.639563	113.255974	0.0	157.73993	92.96386	0.0	173.61638	0.0	89.26174	0.0	0.0	0.0	79.18481	0.0	0.0	80.67983	110.17898	0.0	330.52347	11.126659	0.0	0.0	104.476074	190.85735	0.0	0.0	29.97445	0.0	0.0	0.0	278.34253	0.0	0.0	0.0	35.940548	0.0	0.0	0.0	162.50116	264.96503	0.0	85.79592	0.0	0.0	39.073483	0.0	17.91882	0.0	0.0	0.0	0.0	0.0	0.0	0.0	87.569374	0.0	173.32533	0.0	0.0	97.643135	0.0	0.0
0.0	66.40197	0.0	77.367165	0.0	0.0	5.2966537	0.0	0.0	0.0	0.0	8.813324	0.0	0.0	289.6732	0.0	142.01082	0.0	0.0	160.96645	0.0	0.0	0.0	89.471405	0.0	0.0	132.09808	0.0	0.0	85.76355	0.0	0.0	0.0	0.0	0.0	102.727455	0.0	24.799469	0.0	0.0	84.97471	10.328888	134.24886	0.0	0.0	0.0	83.89541	102.17624	60.34073	0.0	0.0	0.0	0.0	131.65215	0.0	0.0	8.9623	0.0	0.0	79.36051	45.405262	0.0	0.0	0.0	0.0	0.0	23.88817	105.99276	0.0	149.06995	88.14211	0.0	163.92842	0.0	86.02664	0.0	0.0	0.0	73.00565	0.0	0.0	74.63843	103.76302	0.0	309.84335	11.031384	0.0	0.0	100.13363	179.87543	0.0	0.0	28.439545	0.0	0.0	0.0	260.19742	0.0	0.0	0.0	36.154057	0.0	0.0	0.0	153.57231	249.30641	0.0	80.34673	0.0	0.0	36.134716	0.0	18.311735	0.0	0.0	0.0	0.0	0.0	0.0	0.0	82.918365	0.0	162.99602	0.0	0.0	91.33164	0.0	0.0
0.0	79.01271	0.0	100.21009	0.0	0.0	7.168003	0.0	0.0	0.0	0.0	11.943623	0.0	0.0	359.0084	0.0	174.46608	0.0	0.0	200.53392	0.0	0.0	0.0	111.392334	0.0	0.0	166.75948	0.0	0.0	108.77828	0.0	0.0	0.0	0.0	0.0	123.59133	0.0	31.90262	0.0	0.0	106.7724	16.73555	169.85432	0.0	0.0	0.0	99.82392	122.77865	76.46164	0.0	0.0	0.0	0.0	157.53827	0.0	0.0	5.1329017	0.0	0.0	104.396126	51.768047	0.0	0.0	0.0	0.0	0.0	30.686255	133.85033	0.0	183.32458	106.8931	0.0	202.38342	0.0	99.07119	0.0	0.0	0.0	96.80829	0.0	0.0	97.87698	128.51997	0.0	390.23917	11.924209	0.0	0.0	118.29081	223.73286	0.0	0.0	34.610683	0.0	0.0	0.0	330.16306	0.0	0.0	0.0	36.9467	0.0	0.0	0.0	188.97884	310.74088	0.0	102.43988	0.0	0.0	47.707912	0.0	17.091105	0.0	0.0	0.0	0.0	0.0	0.0	0.0	100.37025	0.0	203.36012	0.0	0.0	116.129234	0.0	0.0
0.0	66.77075	0.0	78.283394	0.0	0.0	5.1295	0.0	0.0	0.0	0.0	9.045651	0.0	0.0	292.28177	0.0	143.1369	0.0	0.0	162.24348	0.0	0.0	0.0	90.2255	0.0	0.0	133.21179	0.0	0.0	86.65606	0.0	0.0	0.0	0.0	0.0	103.5315	0.0	25.1412	0.0	0.0	85.75538	10.682172	135.36017	0.0	0.0	0.0	84.62515	103.00559	60.911907	0.0	0.0	0.0	0.0	132.72356	0.0	0.0	9.131759	0.0	0.0	79.995445	45.639923	0.0	0.0	0.0	0.0	0.0	24.2833	106.870964	0.0	150.252	88.85618	0.0	165.17851	0.0	86.44651	0.0	0.0	0.0	73.44845	0.0	0.0	75.1482	104.58911	0.0	312.69775	11.267066	0.0	0.0	100.871155	181.39955	0.0	0.0	28.701288	0.0	0.0	0.0	262.60764	0.0	0.0	0.0	36.382893	0.0	0.0	0.0	154.8076	251.32646	0.0	81.22156	0.0	0.0	36.357773	0.0	18.422945	0.0	0.0	0.0	0.0	0.0	0.0	0.0	83.48757	0.0	164.38039	0.0	0.0	92.024506	0.0	0.0
0.0	67.8126	0.0	80.164665	0.0	0.0	5.407561	0.0	0.0	0.0	0.0	9.301129	0.0	0.0	298.0166	0.0	145.85481	0.0	0.0	165.67322	0.0	0.0	0.0	92.04385	0.0	0.0	136.28264	0.0	0.0	88.59017	0.0	0.0	0.0	0.0	0.0	105.08257	0.0	25.506296	0.0	0.0	87.69155	11.21794	138.64792	0.0	0.0	0.0	85.63202	104.49073	62.383022	0.0	0.0	0.0	0.0	134.71227	0.0	0.0	8.521	0.0	0.0	82.46951	46.016678	0.0	0.0	0.0	0.0	0.0	24.752174	109.388725	0.0	153.09756	90.37876	0.0	168.5419	0.0	87.33441	0.0	0.0	0.0	76.05581	0.0	0.0	77.46961	106.71456	0.0	319.68607	11.081807	0.0	0.0	102.080444	185.08028	0.0	0.0	29.177362	0.0	0.0	0.0	268.71875	0.0	0.0	0.0	36.09814	0.0	0.0	0.0	157.89272	256.69397	0.0	83.08975	0.0	0.0	37.592182	0.0	18.038925	0.0	0.0	0.0	0.0	0.0	0.0	0.0	84.98774	0.0	167.8251	0.0	0.0	94.25138	0.0	0.0
0.0	68.65243	0.0	81.35784	0.0	0.0	5.5459366	0.0	0.0	0.0	0.0	9.465083	0.0	0.0	301.4834	0.0	147.6913	0.0	0.0	167.60358	0.0	0.0	0.0	93.18864	0.0	0.0	137.83522	0.0	0.0	89.7665	0.0	0.0	0.0	0.0	0.0	106.41849	0.0	26.168604	0.0	0.0	88.23679	11.512936	140.0885	0.0	0.0	0.0	86.832054	105.70875	63.02687	0.0	0.0	0.0	0.0	135.9586	0.0	0.0	8.529724	0.0	0.0	83.50583	46.60912	0.0	0.0	0.0	0.0	0.0	25.234755	110.36193	0.0	154.88641	91.50137	0.0	170.23482	0.0	88.334496	0.0	0.0	0.0	76.39233	0.0	0.0	78.23061	107.81716	0.0	323.4353	11.189439	0.0	0.0	103.80595	187.26764	0.0	0.0	29.291418	0.0	0.0	0.0	272.08762	0.0	0.0	0.0	36.39607	0.0	0.0	0.0	159.63861	259.83667	0.0	84.12892	0.0	0.0	38.289074	0.0	18.458357	0.0	0.0	0.0	0.0	0.0	0.0	0.0	85.77041	0.0	169.82356	0.0	0.0	95.5469	0.0	0.0
0.0	66.51708	0.0	77.53305	0.0	0.0	5.183375	0.0	0.0	0.0	0.0	8.940117	0.0	0.0	289.49887	0.0	142.00682	0.0	0.0	161.1377	0.0	0.0	0.0	89.51709	0.0	0.0	132.07384	0.0	0.0	85.79925	0.0	0.0	0.0	0.0	0.0	102.80078	0.0	24.688507	0.0	0.0	84.69396	10.335416	134.21252	0.0	0.0	0.0	83.78399	102.02064	60.422688	0.0	0.0	0.0	0.0	131.6324	0.0	0.0	8.891842	0.0	0.0	79.26891	45.559753	0.0	0.0	0.0	0.0	0.0	23.83254	105.984406	0.0	148.90273	88.226685	0.0	163.87773	0.0	85.95905	0.0	0.0	0.0	72.96696	0.0	0.0	74.627464	103.71993	0.0	309.9321	10.917224	0.0	0.0	100.09204	179.71259	0.0	0.0	28.292887	0.0	0.0	0.0	260.43777	0.0	0.0	0.0	36.042316	0.0	0.0	0.0	153.50209	249.32884	0.0	80.24862	0.0	0.0	36.21225	0.0	18.21918	0.0	0.0	0.0	0.0	0.0	0.0	0.0	83.01276	0.0	162.75713	0.0	0.0	91.329185	0.0	0.0
0.0	66.298195	0.0	77.275734	0.0	0.0	5.0400443	0.0	0.0	0.0	0.0	8.915828	0.0	0.0	288.9537	0.0	141.62355	0.0	0.0	160.76778	0.0	0.0	0.0	89.13851	0.0	0.0	131.6475	0.0	0.0	85.750885	0.0	0.0	0.0	0.0	0.0	102.575966	0.0	24.735014	0.0	0.0	84.44893	10.352609	133.88524	0.0	0.0	0.0	83.75535	101.7546	60.218594	0.0	0.0	0.0	0.0	131.34325	0.0	0.0	8.922738	0.0	0.0	78.86845	45.32259	0.0	0.0	0.0	0.0	0.0	23.761894	105.77366	0.0	148.63387	87.87429	0.0	163.50945	0.0	85.91821	0.0	0.0	0.0	72.63526	0.0	0.0	74.12765	103.59671	0.0	309.32367	11.134888	0.0	0.0	100.1746	179.23964	0.0	0.0	28.332441	0.0	0.0	0.0	259.77243	0.0	0.0	0.0	36.011875	0.0	0.0	0.0	153.31018	248.72443	0.0	80.35105	0.0	0.0	36.028366	0.0	18.381088	0.0	0.0	0.0	0.0	0.0	0.0	0.0	82.71871	0.0	162.53355	0.0	0.0	91.16818	0.0	0.0
0.0	66.29079	0.0	77.381905	0.0	0.0	5.0868583	0.0	0.0	0.0	0.0	8.862742	0.0	0.0	288.9597	0.0	141.6629	0.0	0.0	160.89452	0.0	0.0	0.0	89.07755	0.0	0.0	131.72598	0.0	0.0	85.93026	0.0	0.0	0.0	0.0	0.0	102.69288	0.0	24.712387	0.0	0.0	84.50472	10.441829	133.95605	0.0	0.0	0.0	83.86154	101.829384	60.248928	0.0	0.0	0.0	0.0	131.4513	0.0	0.0	8.9067	0.0	0.0	78.891785	45.349915	0.0	0.0	0.0	0.0	0.0	23.839966	105.81073	0.0	148.69716	88.00411	0.0	163.47972	0.0	85.91751	0.0	0.0	0.0	72.54748	0.0	0.0	74.08835	103.6103	0.0	309.31314	11.047225	0.0	0.0	100.13184	179.22014	0.0	0.0	28.242432	0.0	0.0	0.0	259.8656	0.0	0.0	0.0	35.98782	0.0	0.0	0.0	153.19545	248.8145	0.0	80.31964	0.0	0.0	35.984127	0.0	18.434841	0.0	0.0	0.0	0.0	0.0	0.0	0.0	82.71588	0.0	162.6208	0.0	0.0	91.13845	0.0	0.0
0.0	65.96219	0.0	77.10369	0.0	0.0	5.0928535	0.0	0.0	0.0	0.0	8.894292	0.0	0.0	288.40347	0.0	141.18567	0.0	0.0	160.08948	0.0	0.0	0.0	88.97982	0.0	0.0	131.34325	0.0	0.0	85.39896	0.0	0.0	0.0	0.0	0.0	102.1899	0.0	24.693314	0.0	0.0	84.43765	10.379931	133.40625	0.0	0.0	0.0	83.53289	101.65713	60.076794	0.0	0.0	0.0	0.0	131.0627	0.0	0.0	9.172901	0.0	0.0	78.8035	45.376022	0.0	0.0	0.0	0.0	0.0	23.99117	105.31785	0.0	148.25897	87.693016	0.0	163.01837	0.0	85.498955	0.0	0.0	0.0	72.33634	0.0	0.0	74.07546	103.25827	0.0	308.34262	11.095546	0.0	0.0	99.78174	178.97174	0.0	0.0	28.297121	0.0	0.0	0.0	258.9432	0.0	0.0	0.0	36.04697	0.0	0.0	0.0	152.73476	247.96358	0.0	80.00428	0.0	0.0	35.93158	0.0	18.302677	0.0	0.0	0.0	0.0	0.0	0.0	0.0	82.48057	0.0	162.08656	0.0	0.0	90.83274	0.0	0.0
0.0	72.687004	0.0	89.36581	0.0	0.0	5.9651475	0.0	0.0	0.0	0.0	10.511468	0.0	0.0	323.26892	0.0	157.8112	0.0	0.0	180.55347	0.0	0.0	0.0	100.31082	0.0	0.0	149.16339	0.0	0.0	97.25939	0.0	0.0	0.0	0.0	0.0	113.16757	0.0	28.503443	0.0	0.0	94.87726	14.060803	151.78278	0.0	0.0	0.0	91.46838	112.07477	68.619286	0.0	0.0	0.0	0.0	143.85889	0.0	0.0	6.8902907	0.0	0.0	92.050865	48.32593	0.0	0.0	0.0	0.0	0.0	27.609247	119.49108	0.0	165.76192	97.32327	0.0	181.99672	0.0	92.06531	0.0	0.0	0.0	84.588905	0.0	0.0	86.14713	116.01002	0.0	349.71167	11.248276	0.0	0.0	109.32294	201.0758	0.0	0.0	31.101837	0.0	0.0	0.0	295.35107	0.0	0.0	0.0	35.481503	0.0	0.0	0.0	170.43391	279.67386	0.0	91.207275	0.0	0.0	42.189083	0.0	17.428892	0.0	0.0	0.0	0.0	0.0	0.0	0.0	91.39499	0.0	183.16426	0.0	0.0	103.55143	0.0	0.0
0.0	68.33202	0.0	81.03416	0.0	0.0	5.300434	0.0	0.0	0.0	0.0	9.389233	0.0	0.0	299.5183	0.0	146.66878	0.0	0.0	167.04869	0.0	0.0	0.0	92.60513	0.0	0.0	137.15666	0.0	0.0	89.38068	0.0	0.0	0.0	0.0	0.0	105.91334	0.0	25.786459	0.0	0.0	87.85217	11.438046	139.6189	0.0	0.0	0.0	86.28177	104.942116	62.800632	0.0	0.0	0.0	0.0	135.44286	0.0	0.0	8.261733	0.0	0.0	82.92084	46.178173	0.0	0.0	0.0	0.0	0.0	24.805334	110.187386	0.0	154.18211	90.87952	0.0	169.40215	0.0	87.86313	0.0	0.0	0.0	76.49402	0.0	0.0	77.8662	107.60563	0.0	322.04373	11.175124	0.0	0.0	102.86413	186.07605	0.0	0.0	29.369934	0.0	0.0	0.0	270.9888	0.0	0.0	0.0	35.851074	0.0	0.0	0.0	158.69907	258.34567	0.0	83.81921	0.0	0.0	37.792343	0.0	18.190224	0.0	0.0	0.0	0.0	0.0	0.0	0.0	85.52991	0.0	169.1851	0.0	0.0	95.04369	0.0	0.0
0.0	73.25982	0.0	90.70624	0.0	0.0	6.5349336	0.0	0.0	0.0	0.0	10.566787	0.0	0.0	331.93054	0.0	161.28313	0.0	0.0	183.52812	0.0	0.0	0.0	103.10819	0.0	0.0	152.6181	0.0	0.0	99.197014	0.0	0.0	0.0	0.0	0.0	114.86566	0.0	29.176859	0.0	0.0	98.30541	14.042754	155.15404	0.0	0.0	0.0	93.27645	114.921745	69.7124	0.0	0.0	0.0	0.0	147.42384	0.0	0.0	7.2489047	0.0	0.0	94.27685	50.20668	0.0	0.0	0.0	0.0	0.0	28.382685	122.096886	0.0	169.20055	99.342735	0.0	187.69147	0.0	93.591774	0.0	0.0	0.0	86.49729	0.0	0.0	88.33929	118.44037	0.0	356.15775	11.506886	0.0	0.0	111.046486	206.46269	0.0	0.0	32.173244	0.0	0.0	0.23849428	300.20932	0.0	0.0	0.0	38.110886	0.0	0.0	0.0	174.89417	285.25012	0.0	92.95288	0.0	0.0	42.597546	0.0	17.962505	0.0	0.0	0.0	0.0	0.0	0.0	0.0	93.31782	0.0	186.04381	0.0	0.0	105.82904	0.0	0.0
0.0	66.376465	0.0	77.323326	0.0	0.0	5.0394835	0.0	0.0	0.0	0.0	8.962821	0.0	0.0	288.65143	0.0	141.49031	0.0	0.0	160.66518	0.0	0.0	0.0	88.92696	0.0	0.0	131.46767	0.0	0.0	85.78613	0.0	0.0	0.0	0.0	0.0	102.48591	0.0	24.722635	0.0	0.0	84.392914	10.405235	133.87428	0.0	0.0	0.0	83.67812	101.724815	60.242107	0.0	0.0	0.0	0.0	131.24945	0.0	0.0	9.05265	0.0	0.0	78.767555	45.10286	0.0	0.0	0.0	0.0	0.0	23.764582	105.806206	0.0	148.54771	87.81434	0.0	163.16103	0.0	85.74191	0.0	0.0	0.0	72.55978	0.0	0.0	74.12278	103.58612	0.0	309.2406	11.171052	0.0	0.0	99.95779	178.93867	0.0	0.0	28.409393	0.0	0.0	0.0	259.7194	0.0	0.0	0.0	35.766605	0.0	0.0	0.0	152.92677	248.39192	0.0	80.23543	0.0	0.0	35.93929	0.0	18.2604	0.0	0.0	0.0	0.0	0.0	0.0	0.0	82.71962	0.0	162.58144	0.0	0.0	90.9353	0.0	0.0
0.0	66.15913	0.0	76.88898	0.0	0.0	5.11733	0.0	0.0	0.0	0.0	8.875578	0.0	0.0	287.52814	0.0	140.90767	0.0	0.0	160.29277	0.0	0.0	0.0	88.569984	0.0	0.0	131.09604	0.0	0.0	85.55096	0.0	0.0	0.0	0.0	0.0	102.00471	0.0	24.471024	0.0	0.0	84.251495	10.308049	133.44072	0.0	0.0	0.0	83.30761	101.32373	60.084774	0.0	0.0	0.0	0.0	130.78926	0.0	0.0	8.676979	0.0	0.0	78.64566	44.910816	0.0	0.0	0.0	0.0	0.0	23.524317	105.66229	0.0	148.00508	87.350624	0.0	162.61491	0.0	85.42129	0.0	0.0	0.0	72.628174	0.0	0.0	73.93881	103.367424	0.0	308.3998	11.010901	0.0	0.0	99.321846	178.22008	0.0	0.0	28.292818	0.0	0.0	0.0	258.937	0.0	0.0	0.0	35.49284	0.0	0.0	0.0	152.47997	247.63373	0.0	80.07113	0.0	0.0	35.827404	0.0	18.185331	0.0	0.0	0.0	0.0	0.0	0.0	0.0	82.365555	0.0	162.09087	0.0	0.0	90.62873	0.0	0.0
0.0	67.02172	0.0	78.67411	0.0	0.0	5.211113	0.0	0.0	0.0	0.0	9.0697775	0.0	0.0	292.3472	0.0	143.23749	0.0	0.0	162.86717	0.0	0.0	0.0	90.29072	0.0	0.0	133.5273	0.0	0.0	86.98409	0.0	0.0	0.0	0.0	0.0	103.67581	0.0	25.131502	0.0	0.0	85.55243	10.810779	135.73335	0.0	0.0	0.0	84.61905	102.80689	61.106445	0.0	0.0	0.0	0.0	132.7594	0.0	0.0	8.7552595	0.0	0.0	80.3144	45.6127	0.0	0.0	0.0	0.0	0.0	24.195572	107.21786	0.0	150.43933	88.866035	0.0	165.29997	0.0	86.46116	0.0	0.0	0.0	73.82226	0.0	0.0	75.4686	104.880585	0.0	313.53738	11.147591	0.0	0.0	100.88773	181.5337	0.0	0.0	28.70581	0.0	0.0	0.0	263.59116	0.0	0.0	0.0	35.770607	0.0	0.0	0.0	154.82104	251.90312	0.0	81.35108	0.0	0.0	36.639492	0.0	18.182543	0.0	0.0	0.0	0.0	0.0	0.0	0.0	83.661415	0.0	164.77953	0.0	0.0	92.35769	0.0	0.0
0.0	71.38244	0.0	87.224	0.0	0.0	5.82415	0.0	0.0	0.0	0.0	10.220939	0.0	0.0	318.73312	0.0	155.38264	0.0	0.0	177.41772	0.0	0.0	0.0	98.64736	0.0	0.0	146.53374	0.0	0.0	95.62319	0.0	0.0	0.0	0.0	0.0	111.442635	0.0	27.861002	0.0	0.0	93.852325	13.345195	149.19191	0.0	0.0	0.0	90.49981	110.7167	67.22535	0.0	0.0	0.0	0.0	142.56651	0.0	0.0	7.427531	0.0	0.0	89.8901	48.315395	0.0	0.0	0.0	0.0	0.0	26.933939	117.64454	0.0	163.32484	95.94684	0.0	180.10176	0.0	91.22506	0.0	0.0	0.0	82.65917	0.0	0.0	84.25046	114.30973	0.0	343.0588	11.368852	0.0	0.0	107.73822	198.09552	0.0	0.0	30.955826	0.0	0.0	0.0	289.23984	0.0	0.0	0.0	36.61205	0.0	0.0	0.0	168.17691	274.6052	0.0	89.38336	0.0	0.0	40.681522	0.0	17.826517	0.0	0.0	0.0	0.0	0.0	0.0	0.0	90.31782	0.0	179.75945	0.0	0.0	101.6309	0.0	0.0
0.0	66.559	0.0	77.741455	0.0	0.0	5.102732	0.0	0.0	0.0	0.0	8.9106455	0.0	0.0	289.4714	0.0	141.86552	0.0	0.0	161.27907	0.0	0.0	0.0	89.25314	0.0	0.0	131.99768	0.0	0.0	86.16714	0.0	0.0	0.0	0.0	0.0	102.89618	0.0	24.76358	0.0	0.0	84.57018	10.504127	134.19301	0.0	0.0	0.0	84.040375	102.14529	60.519897	0.0	0.0	0.0	0.0	131.79897	0.0	0.0	8.998802	0.0	0.0	79.03058	45.504528	0.0	0.0	0.0	0.0	0.0	23.943048	106.15031	0.0	149.13152	88.10894	0.0	163.72679	0.0	86.135216	0.0	0.0	0.0	72.65444	0.0	0.0	74.238304	104.04374	0.0	310.19705	11.143909	0.0	0.0	100.437225	179.50421	0.0	0.0	28.42988	0.0	0.0	0.0	260.6212	0.0	0.0	0.0	35.783943	0.0	0.0	0.0	153.3883	249.21803	0.0	80.53378	0.0	0.0	36.142555	0.0	18.477968	0.0	0.0	0.0	0.0	0.0	0.0	0.0	82.93586	0.0	163.25404	0.0	0.0	91.256836	0.0	0.0
0.0	68.00323	0.0	80.29078	0.0	0.0	5.3769097	0.0	0.0	0.0	0.0	9.380198	0.0	0.0	297.74023	0.0	145.6737	0.0	0.0	165.81874	0.0	0.0	0.0	92.010475	0.0	0.0	136.14445	0.0	0.0	88.62353	0.0	0.0	0.0	0.0	0.0	105.23444	0.0	25.628508	0.0	0.0	87.35178	11.1947775	138.36502	0.0	0.0	0.0	85.773155	104.44485	62.35147	0.0	0.0	0.0	0.0	134.81323	0.0	0.0	8.526891	0.0	0.0	82.22585	46.24409	0.0	0.0	0.0	0.0	0.0	24.77894	109.36547	0.0	153.05247	90.32548	0.0	168.39687	0.0	87.45872	0.0	0.0	0.0	75.723816	0.0	0.0	77.251434	106.790855	0.0	319.7211	11.173	0.0	0.0	102.31067	184.90508	0.0	0.0	29.209076	0.0	0.0	0.0	268.85843	0.0	0.0	0.0	35.986805	0.0	0.0	0.0	157.71681	256.58603	0.0	83.037025	0.0	0.0	37.62618	0.0	18.102537	0.0	0.0	0.0	0.0	0.0	0.0	0.0	84.987465	0.0	167.79494	0.0	0.0	94.32587	0.0	0.0
0.0	67.69673	0.0	79.98193	0.0	0.0	5.3667016	0.0	0.0	0.0	0.0	9.311905	0.0	0.0	295.3746	0.0	144.60316	0.0	0.0	164.67361	0.0	0.0	0.0	91.12534	0.0	0.0	135.00433	0.0	0.0	88.05277	0.0	0.0	0.0	0.0	0.0	104.553825	0.0	25.565466	0.0	0.0	86.35708	11.263351	137.26866	0.0	0.0	0.0	85.086334	103.57214	61.907604	0.0	0.0	0.0	0.0	133.63167	0.0	0.0	8.452153	0.0	0.0	81.59971	45.846844	0.0	0.0	0.0	0.0	0.0	24.66507	108.47046	0.0	151.75612	89.62034	0.0	166.76526	0.0	86.82544	0.0	0.0	0.0	74.877716	0.0	0.0	76.62063	105.96466	0.0	317.4421	11.0253935	0.0	0.0	101.79014	183.2964	0.0	0.0	28.939817	0.0	0.0	0.0	266.94144	0.0	0.0	0.0	35.465633	0.0	0.0	0.0	156.32744	254.67467	0.0	82.317795	0.0	0.0	37.41139	0.0	18.04543	0.0	0.0	0.0	0.0	0.0	0.0	0.0	84.35862	0.0	166.47545	0.0	0.0	93.45887	0.0	0.0
0.0	70.428635	0.0	85.51407	0.0	0.0	5.7241073	0.0	0.0	0.0	0.0	10.074237	0.0	0.0	313.65872	0.0	152.80771	0.0	0.0	174.23035	0.0	0.0	0.0	97.04046	0.0	0.0	143.86249	0.0	0.0	93.80088	0.0	0.0	0.0	0.0	0.0	109.78576	0.0	27.403757	0.0	0.0	92.41355	12.807872	146.47987	0.0	0.0	0.0	89.18414	109.21023	66.079926	0.0	0.0	0.0	0.0	140.53192	0.0	0.0	7.751465	0.0	0.0	88.1079	47.703827	0.0	0.0	0.0	0.0	0.0	26.562914	115.63074	0.0	160.65929	94.42849	0.0	177.07155	0.0	89.94776	0.0	0.0	0.0	80.97496	0.0	0.0	82.63099	112.41807	0.0	337.12613	11.306188	0.0	0.0	106.13776	194.76819	0.0	0.0	30.64039	0.0	0.0	0.0	284.05307	0.0	0.0	0.0	36.474167	0.0	0.0	0.0	165.53325	269.88986	0.0	87.808876	0.0	0.0	39.79864	0.0	17.920256	0.0	0.0	0.0	0.0	0.0	0.0	0.0	88.9734	0.0	176.62877	0.0	0.0	99.725716	0.0	0.0
0.0	66.452354	0.0	77.98943	0.0	0.0	5.132067	0.0	0.0	0.0	0.0	9.013581	0.0	0.0	290.83505	0.0	142.46614	0.0	0.0	161.78542	0.0	0.0	0.0	89.69314	0.0	0.0	132.5869	0.0	0.0	86.54922	0.0	0.0	0.0	0.0	0.0	102.97367	0.0	25.007345	0.0	0.0	85.10862	10.65879	134.82086	0.0	0.0	0.0	84.30484	102.38325	60.68471	0.0	0.0	0.0	0.0	131.95158	0.0	0.0	8.782031	0.0	0.0	79.62973	45.475204	0.0	0.0	0.0	0.0	0.0	24.101776	106.50912	0.0	149.58948	88.394615	0.0	164.43181	0.0	86.00995	0.0	0.0	0.0	73.1392	0.0	0.0	74.78004	104.251625	0.0	311.55197	11.1305685	0.0	0.0	100.49212	180.43336	0.0	0.0	28.429138	0.0	0.0	0.0	261.82275	0.0	0.0	0.0	35.90138	0.0	0.0	0.0	154.0502	250.32587	0.0	81.056175	0.0	0.0	36.300495	0.0	18.44473	0.0	0.0	0.0	0.0	0.0	0.0	0.0	83.08584	0.0	163.78642	0.0	0.0	91.817345	0.0	0.0
0.0	69.27417	0.0	87.07337	0.0	0.0	7.121374	0.0	0.0	0.0	0.0	9.736487	0.0	0.0	323.49155	0.0	156.50798	0.0	0.0	175.00586	0.0	0.0	0.0	100.97958	0.0	0.0	146.81001	0.0	0.0	95.5293	0.0	0.0	0.0	0.0	0.0	111.53271	0.0	28.285353	0.0	0.0	94.72271	12.7239685	148.20016	0.0	0.0	0.0	91.30454	112.61472	66.5838	0.0	0.0	0.0	0.0	145.06035	0.0	0.0	9.090117	0.0	0.0	89.759125	51.680843	0.0	0.0	0.0	0.0	0.0	28.660767	116.42637	0.0	164.14162	96.8339	0.0	183.58208	0.0	92.202934	0.0	0.0	0.0	79.930504	0.0	0.0	83.15104	114.60555	0.0	339.64346	11.660942	0.0	0.0	109.420876	201.15654	0.0	0.0	31.233137	0.0	0.0	1.9813048	285.17587	0.0	0.0	0.0	41.334957	0.0	0.0	0.0	169.66267	274.1793	0.0	88.95095	0.0	0.0	40.704647	0.0	18.770117	0.0	0.0	0.0	0.0	0.0	0.0	0.0	90.57205	0.0	178.73413	0.0	0.0	101.385475	0.0	0.0
0.0	68.65189	0.0	83.39834	0.0	0.0	5.839432	0.0	0.0	0.0	0.0	9.504443	0.0	0.0	310.24643	0.0	150.87671	0.0	0.0	169.87439	0.0	0.0	0.0	96.625404	0.0	0.0	141.26248	0.0	0.0	91.399475	0.0	0.0	0.0	0.0	0.0	108.412605	0.0	27.06336	0.0	0.0	90.93213	11.937766	142.93494	0.0	0.0	0.0	88.492645	108.64877	64.19083	0.0	0.0	0.0	0.0	139.86668	0.0	0.0	9.180926	0.0	0.0	85.75468	49.13666	0.0	0.0	0.0	0.0	0.0	26.765121	112.179016	0.0	158.17645	93.747955	0.0	175.76775	0.0	89.84893	0.0	0.0	0.0	77.449394	0.0	0.0	80.094444	110.25004	0.0	328.89795	11.424552	0.0	0.0	105.99804	192.97762	0.0	0.0	30.069153	0.0	0.0	0.59144276	276.26898	0.0	0.0	0.0	39.14986	0.0	0.0	0.0	163.51968	265.02966	0.0	85.34365	0.0	0.0	38.67914	0.0	18.80245	0.0	0.0	0.0	0.0	0.0	0.0	0.0	87.86501	0.0	172.54655	0.0	0.0	97.59631	0.0	0.0
0.0	68.44284	0.0	81.65317	0.0	0.0	5.7587066	0.0	0.0	0.0	0.0	9.19097	0.0	0.0	305.40616	0.0	148.97734	0.0	0.0	168.2896	0.0	0.0	0.0	94.59064	0.0	0.0	139.24536	0.0	0.0	90.009186	0.0	0.0	0.0	0.0	0.0	107.37211	0.0	25.946053	0.0	0.0	89.81283	12.068019	140.96292	0.0	0.0	0.0	87.46097	107.00448	63.602337	0.0	0.0	0.0	0.0	138.3723	0.0	0.0	9.134391	0.0	0.0	84.01755	47.96005	0.0	0.0	0.0	0.0	0.0	25.534178	111.35796	0.0	156.34515	92.76412	0.0	172.50099	0.0	89.289986	0.0	0.0	0.0	76.70381	0.0	0.0	78.96785	108.49927	0.0	324.97626	11.2762	0.0	0.0	103.912926	189.86633	0.0	0.0	29.453934	0.0	0.0	0.23522763	272.4384	0.0	0.0	0.0	38.251476	0.0	0.0	0.0	161.063	261.7994	0.0	84.10473	0.0	0.0	38.29472	0.0	18.205664	0.0	0.0	0.0	0.0	0.0	0.0	0.0	86.90121	0.0	170.23637	0.0	0.0	95.3386	0.0	0.0
0.0	68.440865	0.0	83.63035	0.0	0.0	5.9214387	0.0	0.0	0.0	0.0	9.4293165	0.0	0.0	310.8566	0.0	151.19536	0.0	0.0	170.06618	0.0	0.0	0.0	96.84356	0.0	0.0	141.46594	0.0	0.0	91.69399	0.0	0.0	0.0	0.0	0.0	108.44164	0.0	27.188538	0.0	0.0	91.08744	12.071968	143.07701	0.0	0.0	0.0	88.852806	108.816734	64.17998	0.0	0.0	0.0	0.0	139.9561	0.0	0.0	9.115493	0.0	0.0	85.85523	49.336132	0.0	0.0	0.0	0.0	0.0	26.716927	112.28585	0.0	158.40587	93.88993	0.0	176.16655	0.0	89.8635	0.0	0.0	0.0	77.310356	0.0	0.0	80.07528	110.37803	0.0	329.20438	11.416585	0.0	0.0	106.211426	193.41228	0.0	0.0	30.096672	0.0	0.0	0.794391	276.55734	0.0	0.0	0.0	39.43582	0.0	0.0	0.0	163.71754	265.3649	0.0	85.60791	0.0	0.0	38.716793	0.0	19.064146	0.0	0.0	0.0	0.0	0.0	0.0	0.0	87.78638	0.0	172.66687	0.0	0.0	97.74914	0.0	0.0
0.0	70.04952	0.0	89.366295	0.0	0.0	7.5318866	0.0	0.0	0.0	0.0	10.129143	0.0	0.0	330.4864	0.0	159.54329	0.0	0.0	178.37794	0.0	0.0	0.0	103.33567	0.0	0.0	150.07271	0.0	0.0	97.683205	0.0	0.0	0.0	0.0	0.0	113.31653	0.0	29.224249	0.0	0.0	96.872345	13.395946	151.33003	0.0	0.0	0.0	92.99563	114.69571	68.00529	0.0	0.0	0.0	0.0	147.60634	0.0	0.0	8.898335	0.0	0.0	92.258514	52.530426	0.0	0.0	0.0	0.0	0.0	29.708975	118.64371	0.0	167.39551	98.8068	0.0	187.4869	0.0	93.09888	0.0	0.0	0.0	81.79963	0.0	0.0	85.40215	116.642784	0.0	346.92557	11.802066	0.0	0.0	111.31446	205.81108	0.0	0.0	31.897089	0.0	0.0	2.3285058	291.65964	0.0	0.0	0.0	41.818317	0.0	0.0	0.0	173.1488	279.96133	0.0	91.06376	0.0	0.0	41.925793	0.0	18.661522	0.0	0.0	0.0	0.0	0.0	0.0	0.0	92.02677	0.0	182.5464	0.0	0.0	103.9964	0.0	0.0
0.0	70.16268	0.0	91.70239	0.0	0.0	8.828979	0.0	0.0	0.0	0.0	10.442256	0.0	0.0	338.93765	0.0	163.50609	0.0	0.0	181.19873	0.0	0.0	0.0	106.299034	0.0	0.0	153.26152	0.0	0.0	100.36625	0.0	0.0	0.0	0.0	0.0	115.219215	0.0	30.000845	0.0	0.0	98.64517	14.034162	153.94081	0.0	0.0	0.0	95.120575	117.515114	69.63337	0.0	0.0	0.0	0.0	151.14333	0.0	0.0	9.557883	0.0	0.0	94.14386	54.60896	0.0	0.0	0.0	0.0	0.0	31.183146	120.917816	0.0	170.88531	100.972404	0.0	192.40627	0.0	94.46757	0.0	0.0	0.0	82.28895	0.0	0.0	86.82892	119.10317	0.0	353.0525	11.983947	0.0	0.0	114.03378	211.12459	0.0	0.0	32.41054	0.0	0.0	3.5442836	296.48886	0.0	0.0	0.0	43.928074	0.0	0.0	0.0	176.55128	285.376	0.0	93.118904	0.0	0.0	43.02187	0.0	18.886164	0.0	0.0	0.0	0.0	0.0	0.0	0.0	93.72079	0.0	186.37372	0.0	0.0	106.090515	0.0	0.0
0.0	69.002495	0.0	87.039085	0.0	0.0	7.247226	0.0	0.0	0.0	0.0	9.816561	0.0	0.0	322.2325	0.0	155.98082	0.0	0.0	174.80888	0.0	0.0	0.0	100.538124	0.0	0.0	146.16547	0.0	0.0	95.43216	0.0	0.0	0.0	0.0	0.0	111.27121	0.0	28.258184	0.0	0.0	94.036354	12.904992	147.55339	0.0	0.0	0.0	91.296265	112.01913	66.35861	0.0	0.0	0.0	0.0	144.41023	0.0	0.0	8.894326	0.0	0.0	89.118164	51.55457	0.0	0.0	0.0	0.0	0.0	28.404932	115.854164	0.0	163.466	96.786736	0.0	182.89784	0.0	91.84019	0.0	0.0	0.0	79.297844	0.0	0.0	82.63401	114.122375	0.0	338.9559	11.638629	0.0	0.0	109.36887	200.428	0.0	0.0	30.978281	0.0	0.0	2.2008724	284.77002	0.0	0.0	0.0	41.147892	0.0	0.0	0.0	169.01204	273.41913	0.0	88.79505	0.0	0.0	40.60664	0.0	18.818687	0.0	0.0	0.0	0.0	0.0	0.0	0.0	90.17301	0.0	178.104	0.0	0.0	101.15729	0.0	0.0
0.0	68.654686	0.0	84.999916	0.0	0.0	6.4525647	0.0	0.0	0.0	0.0	9.536422	0.0	0.0	316.28912	0.0	153.36052	0.0	0.0	172.12044	0.0	0.0	0.0	98.594666	0.0	0.0	143.72098	0.0	0.0	93.3444	0.0	0.0	0.0	0.0	0.0	109.70346	0.0	27.568207	0.0	0.0	92.567444	12.363998	145.30806	0.0	0.0	0.0	89.64459	110.27363	65.12594	0.0	0.0	0.0	0.0	142.11292	0.0	0.0	8.888464	0.0	0.0	87.35134	50.355083	0.0	0.0	0.0	0.0	0.0	27.356293	114.0347	0.0	160.71118	95.03735	0.0	179.52592	0.0	90.901794	0.0	0.0	0.0	78.45943	0.0	0.0	81.23513	112.26147	0.0	333.4901	11.446106	0.0	0.0	107.43986	196.58423	0.0	0.0	30.52269	0.0	0.0	1.5710983	279.83032	0.0	0.0	0.0	40.336197	0.0	0.0	0.0	166.28606	269.04892	0.0	87.01583	0.0	0.0	39.547596	0.0	18.806852	0.0	0.0	0.0	0.0	0.0	0.0	0.0	88.981255	0.0	174.94751	0.0	0.0	99.20777	0.0	0.0
0.0	68.84389	0.0	84.93407	0.0	0.0	6.2932076	0.0	0.0	0.0	0.0	9.540379	0.0	0.0	316.2679	0.0	153.39317	0.0	0.0	172.23256	0.0	0.0	0.0	98.74255	0.0	0.0	143.76083	0.0	0.0	93.07569	0.0	0.0	0.0	0.0	0.0	109.82191	0.0	27.753077	0.0	0.0	92.66043	12.287148	145.21173	0.0	0.0	0.0	89.91321	110.500084	65.18047	0.0	0.0	0.0	0.0	142.22789	0.0	0.0	9.251321	0.0	0.0	87.53074	50.657913	0.0	0.0	0.0	0.0	0.0	27.551956	113.7649	0.0	160.70073	95.28489	0.0	179.53365	0.0	90.90289	0.0	0.0	0.0	78.32662	0.0	0.0	81.51264	111.97766	0.0	333.47165	11.42269	0.0	0.0	107.56555	196.8745	0.0	0.0	30.46987	0.0	0.0	1.4354368	280.0652	0.0	0.0	0.0	40.535755	0.0	0.0	0.0	166.28969	269.29736	0.0	86.69842	0.0	0.0	39.445175	0.0	18.996996	0.0	0.0	0.0	0.0	0.0	0.0	0.0	89.06091	0.0	174.97002	0.0	0.0	99.425415	0.0	0.0
0.0	69.0265	0.0	86.30387	0.0	0.0	6.639588	0.0	0.0	0.0	0.0	9.691344	0.0	0.0	320.34213	0.0	155.0294	0.0	0.0	173.66943	0.0	0.0	0.0	100.140724	0.0	0.0	145.55206	0.0	0.0	94.334694	0.0	0.0	0.0	0.0	0.0	110.69922	0.0	28.282187	0.0	0.0	93.822105	12.68573	146.92224	0.0	0.0	0.0	90.60983	111.64257	65.99368	0.0	0.0	0.0	0.0	143.69353	0.0	0.0	9.168526	0.0	0.0	88.88552	51.096924	0.0	0.0	0.0	0.0	0.0	28.331335	115.14686	0.0	162.55064	95.98712	0.0	181.71465	0.0	91.47517	0.0	0.0	0.0	79.26678	0.0	0.0	82.594475	113.37613	0.0	337.05612	11.667928	0.0	0.0	108.51533	199.3697	0.0	0.0	30.952974	0.0	0.0	1.7347723	283.0953	0.0	0.0	0.0	40.777218	0.0	0.0	0.0	168.08766	271.97034	0.0	88.00494	0.0	0.0	40.084873	0.0	18.742018	0.0	0.0	0.0	0.0	0.0	0.0	0.0	89.82801	0.0	177.10039	0.0	0.0	100.57076	0.0	0.0
0.0	69.81175	0.0	90.61271	0.0	0.0	8.54857	0.0	0.0	0.0	0.0	10.25971	0.0	0.0	335.8541	0.0	161.82896	0.0	0.0	179.90984	0.0	0.0	0.0	105.14677	0.0	0.0	151.61775	0.0	0.0	99.31974	0.0	0.0	0.0	0.0	0.0	114.22562	0.0	29.920502	0.0	0.0	97.80594	13.500161	152.705	0.0	0.0	0.0	94.29572	116.51916	68.83399	0.0	0.0	0.0	0.0	149.7336	0.0	0.0	9.082115	0.0	0.0	93.308556	53.835155	0.0	0.0	0.0	0.0	0.0	30.833055	119.98771	0.0	169.61542	99.87502	0.0	190.4821	0.0	94.16058	0.0	0.0	0.0	81.754005	0.0	0.0	86.00182	118.23412	0.0	350.18674	12.12787	0.0	0.0	113.027214	208.81612	0.0	0.0	32.519817	0.0	0.0	3.0118663	293.99283	0.0	0.0	0.0	43.314697	0.0	0.0	0.0	174.95348	282.56058	0.0	92.448975	0.0	0.0	42.593616	0.0	18.95566	0.0	0.0	0.0	0.0	0.0	0.0	0.0	92.89957	0.0	184.91429	0.0	0.0	105.14439	0.0	0.0
0.0	68.720474	0.0	85.11399	0.0	0.0	6.453673	0.0	0.0	0.0	0.0	9.607347	0.0	0.0	317.94998	0.0	153.979	0.0	0.0	172.62018	0.0	0.0	0.0	98.9917	0.0	0.0	144.30103	0.0	0.0	93.565895	0.0	0.0	0.0	0.0	0.0	109.70697	0.0	28.06016	0.0	0.0	93.50466	12.4004135	145.88835	0.0	0.0	0.0	90.08262	110.92181	65.27572	0.0	0.0	0.0	0.0	142.31416	0.0	0.0	9.212632	0.0	0.0	88.15979	50.34369	0.0	0.0	0.0	0.0	0.0	27.867182	114.492516	0.0	161.32747	95.15762	0.0	180.1233	0.0	90.8392	0.0	0.0	0.0	79.03779	0.0	0.0	81.99904	112.35583	0.0	335.05884	11.673696	0.0	0.0	107.5733	197.70671	0.0	0.0	30.899237	0.0	0.0	1.3740864	280.98795	0.0	0.0	0.0	40.539883	0.0	0.0	0.0	166.91525	270.01736	0.0	87.58567	0.0	0.0	39.791916	0.0	18.762785	0.0	0.0	0.0	0.0	0.0	0.0	0.0	89.00974	0.0	175.78705	0.0	0.0	99.72584	0.0	0.0
0.0	68.31109	0.0	83.220436	0.0	0.0	5.8799415	0.0	0.0	0.0	0.0	9.488605	0.0	0.0	309.68677	0.0	150.70428	0.0	0.0	169.44572	0.0	0.0	0.0	96.47412	0.0	0.0	141.03873	0.0	0.0	91.35439	0.0	0.0	0.0	0.0	0.0	107.91563	0.0	26.965761	0.0	0.0	90.826546	12.15115	142.79724	0.0	0.0	0.0	88.267494	108.423645	64.00648	0.0	0.0	0.0	0.0	139.45088	0.0	0.0	9.118794	0.0	0.0	85.701775	48.90483	0.0	0.0	0.0	0.0	0.0	26.569422	111.97077	0.0	157.61699	93.41007	0.0	175.56267	0.0	89.365685	0.0	0.0	0.0	77.43399	0.0	0.0	79.967476	109.94534	0.0	328.17245	11.324337	0.0	0.0	105.52478	192.63014	0.0	0.0	29.904379	0.0	0.0	0.8391323	275.537	0.0	0.0	0.0	39.203953	0.0	0.0	0.0	163.11589	264.53366	0.0	85.24358	0.0	0.0	38.619164	0.0	18.597784	0.0	0.0	0.0	0.0	0.0	0.0	0.0	87.471985	0.0	172.0022	0.0	0.0	97.31356	0.0	0.0
0.0	68.34338	0.0	83.487724	0.0	0.0	6.0596924	0.0	0.0	0.0	0.0	9.450261	0.0	0.0	310.8236	0.0	150.95763	0.0	0.0	169.88896	0.0	0.0	0.0	96.80142	0.0	0.0	141.47888	0.0	0.0	91.58871	0.0	0.0	0.0	0.0	0.0	108.312935	0.0	27.15033	0.0	0.0	91.08087	11.907561	143.05339	0.0	0.0	0.0	88.423035	108.726585	64.2068	0.0	0.0	0.0	0.0	139.98088	0.0	0.0	9.075017	0.0	0.0	86.04128	49.343304	0.0	0.0	0.0	0.0	0.0	26.881212	112.3738	0.0	158.3155	93.58628	0.0	176.16675	0.0	89.777374	0.0	0.0	0.0	77.619095	0.0	0.0	80.23182	110.49612	0.0	328.85794	11.36015	0.0	0.0	105.86089	193.23943	0.0	0.0	30.135675	0.0	0.0	1.027216	276.14197	0.0	0.0	0.0	39.304264	0.0	0.0	0.0	163.63823	265.13504	0.0	85.58439	0.0	0.0	38.798325	0.0	18.762241	0.0	0.0	0.0	0.0	0.0	0.0	0.0	87.84302	0.0	172.49756	0.0	0.0	97.74868	0.0	0.0
0.0	68.221855	0.0	84.609436	0.0	0.0	6.2915406	0.0	0.0	0.0	0.0	9.452056	0.0	0.0	314.65958	0.0	152.61456	0.0	0.0	171.21684	0.0	0.0	0.0	98.2313	0.0	0.0	143.06476	0.0	0.0	92.74496	0.0	0.0	0.0	0.0	0.0	109.10547	0.0	27.489908	0.0	0.0	92.25644	12.365654	144.45271	0.0	0.0	0.0	89.46378	109.82086	64.82588	0.0	0.0	0.0	0.0	141.33003	0.0	0.0	9.137456	0.0	0.0	87.11837	50.3331	0.0	0.0	0.0	0.0	0.0	27.464302	113.18531	0.0	159.9843	94.90148	0.0	178.68146	0.0	90.21645	0.0	0.0	0.0	78.008766	0.0	0.0	81.14572	111.41547	0.0	331.7661	11.343999	0.0	0.0	106.95211	196.00743	0.0	0.0	30.395548	0.0	0.0	1.3547878	278.62833	0.0	0.0	0.0	40.326206	0.0	0.0	0.0	165.4778	267.8659	0.0	86.41589	0.0	0.0	39.40775	0.0	18.686619	0.0	0.0	0.0	0.0	0.0	0.0	0.0	88.459984	0.0	174.17114	0.0	0.0	98.82235	0.0	0.0
0.0	69.40919	0.0	90.32522	0.0	0.0	8.664958	0.0	0.0	0.0	0.0	10.314579	0.0	0.0	334.42807	0.0	161.1715	0.0	0.0	178.86113	0.0	0.0	0.0	104.52067	0.0	0.0	151.19731	0.0	0.0	98.92994	0.0	0.0	0.0	0.0	0.0	113.592445	0.0	29.466644	0.0	0.0	97.68829	13.763252	152.051	0.0	0.0	0.0	93.64318	115.76361	68.602875	0.0	0.0	0.0	0.0	149.00337	0.0	0.0	9.192081	0.0	0.0	92.89804	53.48998	0.0	0.0	0.0	0.0	0.0	30.482203	119.477104	0.0	168.61067	99.46676	0.0	189.76863	0.0	93.25201	0.0	0.0	0.0	81.64745	0.0	0.0	85.77433	117.557365	0.0	348.70578	11.943633	0.0	0.0	112.319756	208.10815	0.0	0.0	32.033283	0.0	0.0	3.2375457	292.77014	0.0	0.0	0.0	43.1555	0.0	0.0	0.0	174.46594	281.65634	0.0	91.963745	0.0	0.0	42.561707	0.0	18.47138	0.0	0.0	0.0	0.0	0.0	0.0	0.0	92.44637	0.0	183.78044	0.0	0.0	104.65204	0.0	0.0
0.0	68.4566	0.0	85.246025	0.0	0.0	6.4753056	0.0	0.0	0.0	0.0	9.517905	0.0	0.0	317.27112	0.0	153.82683	0.0	0.0	172.33594	0.0	0.0	0.0	99.19507	0.0	0.0	144.22559	0.0	0.0	93.53906	0.0	0.0	0.0	0.0	0.0	109.861046	0.0	27.813377	0.0	0.0	92.86666	12.264168	145.6558	0.0	0.0	0.0	89.85139	110.68762	65.243774	0.0	0.0	0.0	0.0	142.36397	0.0	0.0	8.844718	0.0	0.0	87.87461	50.68543	0.0	0.0	0.0	0.0	0.0	27.755533	114.12012	0.0	161.20064	95.34254	0.0	180.21782	0.0	90.82542	0.0	0.0	0.0	78.72778	0.0	0.0	81.62504	112.46201	0.0	334.1846	11.314911	0.0	0.0	107.790184	197.47551	0.0	0.0	30.574629	0.0	0.0	1.4573307	280.6008	0.0	0.0	0.0	40.62615	0.0	0.0	0.0	166.71678	269.78552	0.0	87.40879	0.0	0.0	39.867126	0.0	18.816935	0.0	0.0	0.0	0.0	0.0	0.0	0.0	89.070305	0.0	175.47026	0.0	0.0	99.80157	0.0	0.0
0.0	67.29343	0.0	81.82263	0.0	0.0	5.7402444	0.0	0.0	0.0	0.0	9.224092	0.0	0.0	305.19043	0.0	148.36769	0.0	0.0	166.7751	0.0	0.0	0.0	95.09983	0.0	0.0	138.78696	0.0	0.0	89.85791	0.0	0.0	0.0	0.0	0.0	106.59196	0.0	26.426489	0.0	0.0	89.46881	11.609965	140.43626	0.0	0.0	0.0	87.158264	107.01508	63.061283	0.0	0.0	0.0	0.0	137.84894	0.0	0.0	9.368831	0.0	0.0	84.161415	48.73705	0.0	0.0	0.0	0.0	0.0	26.307571	110.15805	0.0	155.54466	92.22479	0.0	173.13295	0.0	88.5003	0.0	0.0	0.0	75.80837	0.0	0.0	78.44166	108.5048	0.0	322.59546	11.21613	0.0	0.0	104.29719	189.7971	0.0	0.0	29.623657	0.0	0.0	0.6860358	270.78223	0.0	0.0	0.0	39.12401	0.0	0.0	0.0	160.90137	260.30765	0.0	83.77136	0.0	0.0	37.823376	0.0	18.741566	0.0	0.0	0.0	0.0	0.0	0.0	0.0	86.37496	0.0	169.37257	0.0	0.0	95.71645	0.0	0.0
0.0	82.203255	0.0	76.09124	0.0	0.0	5.4401574	0.0	0.0	0.0	0.0	8.863585	0.0	0.0	290.08838	0.0	148.01288	0.0	0.0	172.1629	0.0	0.0	0.0	90.306915	0.0	0.0	131.01663	0.0	0.0	85.126785	0.0	0.0	0.0	0.0	0.0	119.02557	0.0	18.766476	0.0	0.0	82.882286	7.212027	135.86534	0.0	5.939936	0.0	87.9242	114.28632	67.21284	0.0	0.0	0.0	0.0	151.39534	0.0	0.0	17.547857	0.0	0.0	77.40236	52.598385	0.0	0.0	0.0	0.0	0.0	19.893244	112.60801	0.0	155.04433	97.501686	0.0	163.29512	0.0	102.37841	0.0	0.0	0.0	68.04874	0.0	0.0	73.99488	112.80911	0.0	314.08066	10.309379	0.0	0.0	106.328285	175.90971	0.0	0.0	27.853493	0.0	0.0	3.1576931	257.79794	0.0	0.0	0.0	41.184517	0.0	0.0	0.0	150.72563	254.40508	0.0	71.98638	0.0	0.0	33.374836	0.0	19.52897	0.0	0.0	0.0	0.0	0.0	0.0	0.0	95.99374	0.0	169.53079	0.0	0.0	82.93106	0.0	0.0
0.0	68.03014	0.0	83.12733	0.0	0.0	5.9051795	0.0	0.0	0.0	0.0	9.41279	0.0	0.0	309.52725	0.0	150.44612	0.0	0.0	169.27136	0.0	0.0	0.0	96.45113	0.0	0.0	140.95636	0.0	0.0	91.28888	0.0	0.0	0.0	0.0	0.0	107.90649	0.0	27.049212	0.0	0.0	90.73333	11.890949	142.47052	0.0	0.0	0.0	88.356606	108.353645	63.88379	0.0	0.0	0.0	0.0	139.36354	0.0	0.0	9.059498	0.0	0.0	85.500404	49.089794	0.0	0.0	0.0	0.0	0.0	26.658972	111.68402	0.0	157.73285	93.41419	0.0	175.40547	0.0	89.420265	0.0	0.0	0.0	77.00531	0.0	0.0	79.70505	109.8963	0.0	327.55936	11.392276	0.0	0.0	105.684715	192.56514	0.0	0.0	29.87884	0.0	0.0	0.8154939	275.22263	0.0	0.0	0.0	39.253166	0.0	0.0	0.0	163.04572	264.16104	0.0	85.23692	0.0	0.0	38.54094	0.0	18.908539	0.0	0.0	0.0	0.0	0.0	0.0	0.0	87.387024	0.0	171.89839	0.0	0.0	97.38885	0.0	0.0
0.0	70.75457	0.0	95.851135	0.0	0.0	10.402317	0.0	0.0	0.0	0.0	11.244595	0.0	0.0	352.2992	0.0	169.70398	0.0	0.0	186.18108	0.0	0.0	0.0	111.06793	0.0	0.0	159.21156	0.0	0.0	104.46124	0.0	0.0	0.0	0.0	0.0	118.06007	0.0	31.212515	0.0	0.0	101.96891	14.817814	159.10617	0.0	0.0	0.0	97.99288	121.632416	72.300255	0.0	0.0	0.0	0.0	156.23726	0.0	0.0	9.95621	0.0	0.0	98.35409	56.763702	0.0	0.0	0.0	0.0	0.0	33.679657	125.25512	0.0	177.0402	104.314384	0.0	199.95833	0.0	96.52875	0.013297983	0.0	0.0	84.56244	0.0	0.0	90.16476	122.9078	0.0	364.17297	11.893524	0.0	0.0	117.42977	219.821	0.0	0.0	33.388195	0.0	0.0	4.522383	306.19882	0.0	0.0	0.0	45.83205	0.0	0.0	0.0	182.3986	294.99994	0.0	96.99759	0.0	0.0	45.529663	0.0	18.269615	0.0	0.0	0.0	0.0	0.0	0.0	0.0	96.17651	0.0	193.3944	0.0	0.0	110.3035	0.0	0.0
0.0	68.54185	0.0	85.1446	0.0	0.0	6.269625	0.0	0.0	0.0	0.0	9.681194	0.0	0.0	316.46658	0.0	153.2557	0.0	0.0	171.8994	0.0	0.0	0.0	98.727486	0.0	0.0	143.74261	0.0	0.0	93.24	0.0	0.0	0.0	0.0	0.0	109.582085	0.0	27.748085	0.0	0.0	92.81296	12.620307	145.28276	0.0	0.0	0.0	89.63421	110.26351	65.29596	0.0	0.0	0.0	0.0	142.09244	0.0	0.0	9.091658	0.0	0.0	87.74143	50.253815	0.0	0.0	0.0	0.0	0.0	27.65734	114.09573	0.0	160.74438	95.0958	0.0	179.51347	0.0	90.4611	0.0	0.0	0.0	78.5737	0.0	0.0	81.69488	112.081535	0.0	333.63144	11.510685	0.0	0.0	107.17373	196.96513	0.0	0.0	30.692396	0.0	0.0	1.4294428	280.0131	0.0	0.0	0.0	40.310547	0.0	0.0	0.0	166.2594	269.0501	0.0	86.896484	0.0	0.0	39.63178	0.0	18.41267	0.0	0.0	0.0	0.0	0.0	0.0	0.0	88.94143	0.0	175.06316	0.0	0.0	99.30804	0.0	0.0
0.0	68.182335	0.0	83.44578	0.0	0.0	5.865515	0.0	0.0	0.0	0.0	9.44679	0.0	0.0	310.69717	0.0	150.77425	0.0	0.0	169.38313	0.0	0.0	0.0	97.02902	0.0	0.0	141.45538	0.0	0.0	91.31954	0.0	0.0	0.0	0.0	0.0	108.291595	0.0	27.261229	0.0	0.0	91.10211	12.089046	143.00575	0.0	0.0	0.0	88.40023	108.717224	64.21441	0.0	0.0	0.0	0.0	140.02232	0.0	0.0	9.264443	0.0	0.0	86.08851	49.308384	0.0	0.0	0.0	0.0	0.0	26.980959	111.99033	0.0	158.16571	93.52346	0.0	176.13373	0.0	89.63314	0.0	0.0	0.0	77.36457	0.0	0.0	80.19638	110.215965	0.0	328.20746	11.417069	0.0	0.0	105.70855	193.34035	0.0	0.0	30.047913	0.0	0.0	0.95623463	275.67313	0.0	0.0	0.0	39.476387	0.0	0.0	0.0	163.62044	264.989	0.0	85.25024	0.0	0.0	38.527443	0.0	18.677773	0.0	0.0	0.0	0.0	0.0	0.0	0.0	87.79426	0.0	172.32219	0.0	0.0	97.65391	0.0	0.0
0.0	68.04436	0.0	82.93679	0.0	0.0	6.0504837	0.0	0.0	0.0	0.0	9.332994	0.0	0.0	309.61957	0.0	150.40768	0.0	0.0	169.08852	0.0	0.0	0.0	96.51708	0.0	0.0	140.90912	0.0	0.0	91.100945	0.0	0.0	0.0	0.0	0.0	107.8208	0.0	26.9346	0.0	0.0	90.98211	11.861278	142.5038	0.0	0.0	0.0	88.14954	108.3599	63.825512	0.0	0.0	0.0	0.0	139.4008	0.0	0.0	9.106567	0.0	0.0	85.69521	49.19946	0.0	0.0	0.0	0.0	0.0	26.652452	111.74862	0.0	157.61095	93.37029	0.0	175.59322	0.0	89.47405	0.0	0.0	0.0	77.23968	0.0	0.0	79.903435	109.845695	0.0	327.4233	11.316615	0.0	0.0	105.29578	192.69304	0.0	0.0	29.95978	0.0	0.0	0.8964901	274.84354	0.0	0.0	0.0	39.40138	0.0	0.0	0.0	163.09688	264.22278	0.0	85.08017	0.0	0.0	38.620113	0.0	18.621737	0.0	0.0	0.0	0.0	0.0	0.0	0.0	87.359344	0.0	171.69243	0.0	0.0	97.2956	0.0	0.0
0.0	68.46659	0.0	85.12946	0.0	0.0	6.2901387	0.0	0.0	0.0	0.0	9.646207	0.0	0.0	316.46338	0.0	153.20366	0.0	0.0	171.81207	0.0	0.0	0.0	98.813286	0.0	0.0	143.81715	0.0	0.0	93.164955	0.0	0.0	0.0	0.0	0.0	109.75919	0.0	27.68888	0.0	0.0	92.74816	12.329961	145.305	0.0	0.0	0.0	89.635414	110.307495	65.28194	0.0	0.0	0.0	0.0	142.23717	0.0	0.0	9.094922	0.0	0.0	87.64791	50.39746	0.0	0.0	0.0	0.0	0.0	27.720606	113.88141	0.0	160.92223	95.05831	0.0	179.5833	0.0	90.64085	0.0	0.0	0.0	78.38038	0.0	0.0	81.52167	112.200325	0.0	333.16153	11.441177	0.0	0.0	107.37588	196.89018	0.0	0.0	30.630709	0.0	0.0	1.4814516	279.9113	0.0	0.0	0.0	40.38609	0.0	0.0	0.0	166.39282	269.00488	0.0	86.79737	0.0	0.0	39.50883	0.0	18.715172	0.0	0.0	0.0	0.0	0.0	0.0	0.0	89.11999	0.0	175.1639	0.0	0.0	99.391624	0.0	0.0
0.0	66.82915	0.0	78.71543	0.0	0.0	5.714762	0.0	0.0	0.0	0.0	9.405776	0.0	0.0	296.66782	0.0	144.48497	0.0	0.0	163.33397	0.0	0.0	0.0	91.30006	0.0	0.0	134.42593	0.0	0.0	87.50823	0.0	0.0	0.0	0.0	0.0	103.296936	0.0	25.821457	0.0	0.0	87.72172	10.8542595	136.98882	0.0	0.0	0.0	84.94605	103.69287	61.073917	0.0	0.0	0.0	0.0	133.37941	0.0	0.0	8.831328	0.0	0.0	81.053154	45.51686	0.0	0.0	0.0	0.0	0.0	23.915255	108.228516	0.0	151.03477	88.81698	0.0	167.49803	0.0	86.405235	0.0	0.0	0.0	74.9219	0.0	0.0	76.8054	105.06211	0.0	316.25034	11.7985525	0.0	0.0	100.48026	184.0924	0.0	0.0	29.597343	0.0	0.0	0.28768227	264.73892	0.0	0.0	0.0	37.470043	0.0	0.0	0.0	156.94615	253.87688	0.0	82.82763	0.0	0.0	36.857304	0.0	17.791273	0.0	0.0	0.0	0.0	0.0	0.0	0.0	83.45681	0.0	164.71483	0.0	0.0	92.98999	0.0	0.0
0.0	71.22104	0.0	88.474815	0.0	0.0	7.2080293	0.0	0.0	0.0	0.0	11.323739	0.0	0.0	326.23026	0.0	157.88617	0.0	0.0	178.8003	0.0	0.0	0.0	100.02517	0.0	0.0	148.291	0.0	0.0	97.74912	0.0	0.0	0.0	0.0	0.0	110.4647	0.0	28.747686	0.0	0.0	97.085754	12.877659	150.56667	0.0	0.0	0.0	90.78638	111.76334	67.44002	0.0	0.0	0.0	0.0	144.3823	0.0	0.0	6.4004016	0.0	0.0	89.926674	47.497967	0.0	0.0	0.0	0.0	0.0	25.907152	120.23761	0.0	164.69676	95.260216	0.0	183.87708	0.0	90.724976	0.0	0.0	0.0	84.716515	0.0	0.0	85.77482	114.97724	0.0	348.08386	12.870125	0.0	0.0	106.74463	202.17744	0.0	0.0	32.416218	0.0	0.0	1.8291664	291.9276	0.0	0.0	0.0	38.665207	0.0	0.0	0.0	171.50586	278.2505	0.0	92.915184	0.0	0.0	41.659874	0.0	15.99187	0.0	0.0	0.0	0.0	0.0	0.0	0.0	89.64684	0.0	180.06494	0.0	0.0	102.98071	0.0	0.0
0.0	68.61378	0.0	82.2802	0.0	0.0	6.401506	0.0	0.0	0.0	0.0	10.277663	0.0	0.0	307.7977	0.0	149.46223	0.0	0.0	169.26735	0.0	0.0	0.0	94.093445	0.0	0.0	139.37639	0.0	0.0	91.48371	0.0	0.0	0.0	0.0	0.0	105.70807	0.0	26.814714	0.0	0.0	91.51944	11.4857435	141.89171	0.0	0.0	0.0	87.02319	106.446465	63.362762	0.0	0.0	0.0	0.0	137.48698	0.0	0.0	7.792469	0.0	0.0	84.1329	45.975204	0.0	0.0	0.0	0.0	0.0	24.36393	113.18932	0.0	155.96558	90.79483	0.0	173.56169	0.0	87.99945	0.0	0.0	0.0	78.841606	0.0	0.0	80.0798	108.86129	0.0	328.53763	12.451816	0.0	0.0	102.4752	190.65523	0.0	0.0	30.929998	0.0	0.0	0.86526805	274.8204	0.0	0.0	0.0	37.781048	0.0	0.0	0.0	162.57393	262.7039	0.0	86.994995	0.0	0.0	38.8618	0.0	16.993223	0.0	0.0	0.0	0.0	0.0	0.0	0.0	85.60525	0.0	170.32968	0.0	0.0	96.66648	0.0	0.0
0.0	67.87422	0.0	80.89202	0.0	0.0	6.248099	0.0	0.0	0.0	0.0	10.134123	0.0	0.0	304.6935	0.0	148.07884	0.0	0.0	167.38176	0.0	0.0	0.0	92.92347	0.0	0.0	137.69826	0.0	0.0	90.552956	0.0	0.0	0.0	0.0	0.0	104.63114	0.0	26.245878	0.0	0.0	90.58026	11.04567	140.09912	0.0	0.0	0.0	86.41503	105.469574	62.593433	0.0	0.0	0.0	0.0	136.29666	0.0	0.0	8.047334	0.0	0.0	82.64588	45.653538	0.0	0.0	0.0	0.0	0.0	23.917143	111.874626	0.0	154.38976	89.99066	0.0	171.86987	0.0	87.56075	0.0	0.0	0.0	77.47095	0.0	0.0	78.64217	107.640205	0.0	324.4995	12.538803	0.0	0.0	101.74523	188.49219	0.0	0.0	30.559675	0.0	0.0	0.66529787	271.1855	0.0	0.0	0.0	38.16142	0.0	0.0	0.0	161.11557	259.6868	0.0	85.99348	0.0	0.0	38.29362	0.0	17.188082	0.0	0.0	0.0	0.0	0.0	0.0	0.0	84.708305	0.0	168.32857	0.0	0.0	95.34109	0.0	0.0
0.0	69.41011	0.0	83.700874	0.0	0.0	6.689617	0.0	0.0	0.0	0.0	10.454616	0.0	0.0	313.4185	0.0	152.09242	0.0	0.0	172.1198	0.0	0.0	0.0	95.773834	0.0	0.0	141.86052	0.0	0.0	93.204155	0.0	0.0	0.0	0.0	0.0	107.313774	0.0	27.388983	0.0	0.0	93.37754	11.557323	144.3267	0.0	0.0	0.0	88.6084	108.40615	64.48944	0.0	0.0	0.0	0.0	139.70164	0.0	0.0	7.7948966	0.0	0.0	85.64643	46.640804	0.0	0.0	0.0	0.0	0.0	24.92354	115.0413	0.0	158.77917	92.451	0.0	176.68648	0.0	89.33085	0.0	0.0	0.0	80.15928	0.0	0.0	81.53391	110.611565	0.0	334.18665	12.782405	0.0	0.0	104.118324	194.21587	0.0	0.0	31.437593	0.0	0.0	0.69211006	279.7056	0.0	0.0	0.0	38.49687	0.0	0.0	0.0	165.48099	267.31674	0.0	88.74238	0.0	0.0	39.656494	0.0	17.166594	0.0	0.0	0.0	0.0	0.0	0.0	0.0	86.90661	0.0	173.41914	0.0	0.0	98.553185	0.0	0.0
0.0	68.53236	0.0	81.715614	0.0	0.0	6.344976	0.0	0.0	0.0	0.0	10.194565	0.0	0.0	307.06458	0.0	149.16629	0.0	0.0	168.8537	0.0	0.0	0.0	93.63424	0.0	0.0	138.88403	0.0	0.0	91.25772	0.0	0.0	0.0	0.0	0.0	105.49732	0.0	26.622763	0.0	0.0	91.39172	11.247174	141.3963	0.0	0.0	0.0	86.991844	106.306725	63.134777	0.0	0.0	0.0	0.0	137.22389	0.0	0.0	8.028867	0.0	0.0	83.50202	45.888428	0.0	0.0	0.0	0.0	0.0	24.175323	112.83212	0.0	155.68715	90.69471	0.0	173.08623	0.0	88.122215	0.0	0.0	0.0	78.2786	0.0	0.0	79.604645	108.54975	0.0	327.48877	12.585255	0.0	0.0	102.45282	190.10402	0.0	0.0	30.914217	0.0	0.0	0.5917632	273.7491	0.0	0.0	0.0	38.076565	0.0	0.0	0.0	162.35556	261.93134	0.0	86.78953	0.0	0.0	38.670933	0.0	17.29112	0.0	0.0	0.0	0.0	0.0	0.0	0.0	85.41608	0.0	169.81703	0.0	0.0	96.2189	0.0	0.0
0.0	70.59252	0.0	86.678375	0.0	0.0	7.1484985	0.0	0.0	0.0	0.0	11.302544	0.0	0.0	322.14053	0.0	156.08015	0.0	0.0	176.51195	0.0	0.0	0.0	98.23197	0.0	0.0	145.7447	0.0	0.0	96.403625	0.0	0.0	0.0	0.0	0.0	108.800606	0.0	28.108414	0.0	0.0	95.89709	11.822581	147.54613	0.0	0.0	0.0	90.1959	110.3545	66.088066	0.0	0.0	0.0	0.0	142.8267	0.0	0.0	6.784909	0.0	0.0	87.37542	46.963238	0.0	0.0	0.0	0.0	0.0	25.197716	118.7078	0.0	162.59647	93.99752	0.0	181.27266	0.0	90.145256	0.0	0.0	0.0	82.942245	0.0	0.0	83.54955	113.189964	0.0	343.29214	13.310952	0.0	0.0	105.90879	199.4668	0.0	0.0	32.332043	0.0	0.0	1.4866472	287.20462	0.0	0.0	0.0	39.128708	0.0	0.0	0.0	169.52007	274.00925	0.0	92.22013	0.0	0.0	41.153957	0.0	16.281597	0.0	0.0	0.0	0.0	0.0	0.0	0.0	88.293236	0.0	177.59828	0.0	0.0	101.31033	0.0	0.0
0.0	69.01556	0.0	83.02248	0.0	0.0	6.5404487	0.0	0.0	0.0	0.0	10.509438	0.0	0.0	310.6349	0.0	150.69972	0.0	0.0	170.43617	0.0	0.0	0.0	94.72764	0.0	0.0	140.4743	0.0	0.0	92.361694	0.0	0.0	0.0	0.0	0.0	106.04224	0.0	26.939383	0.0	0.0	92.45795	11.393383	142.69958	0.0	0.0	0.0	87.508	107.12475	63.837173	0.0	0.0	0.0	0.0	138.58234	0.0	0.0	7.737309	0.0	0.0	84.2919	46.09372	0.0	0.0	0.0	0.0	0.0	24.32547	114.2514	0.0	157.09248	91.11399	0.0	175.08873	0.0	88.45858	0.0	0.0	0.0	79.45373	0.0	0.0	80.555626	109.60541	0.0	330.96243	12.89988	0.0	0.0	103.07196	192.36037	0.0	0.0	31.34553	0.0	0.0	1.0651544	276.53885	0.0	0.0	0.0	38.381313	0.0	0.0	0.0	164.0095	264.57404	0.0	88.02041	0.0	0.0	39.240795	0.0	16.707611	0.0	0.0	0.0	0.0	0.0	0.0	0.0	86.01651	0.0	171.35797	0.0	0.0	97.28341	0.0	0.0
0.0	69.33428	0.0	83.37004	0.0	0.0	6.405317	0.0	0.0	0.0	0.0	10.183751	0.0	0.0	311.23007	0.0	151.2918	0.0	0.0	171.58221	0.0	0.0	0.0	95.47479	0.0	0.0	141.44693	0.0	0.0	92.68085	0.0	0.0	0.0	0.0	0.0	107.33251	0.0	27.060822	0.0	0.0	92.48535	11.771011	143.87843	0.0	0.0	0.0	88.29011	107.893425	64.261345	0.0	0.0	0.0	0.0	139.06891	0.0	0.0	7.8135505	0.0	0.0	85.44556	46.789383	0.0	0.0	0.0	0.0	0.0	24.941153	114.26803	0.0	157.98032	92.39868	0.0	175.63615	0.0	89.274315	0.0	0.0	0.0	79.68513	0.0	0.0	81.042915	110.20047	0.0	332.55313	12.3219385	0.0	0.0	104.07675	193.02283	0.0	0.0	30.958048	0.0	0.0	0.7768078	278.6432	0.0	0.0	0.0	38.01003	0.0	0.0	0.0	164.59462	266.2609	0.0	87.85254	0.0	0.0	39.219803	0.0	17.54827	0.0	0.0	0.0	0.0	0.0	0.0	0.0	86.72697	0.0	172.67754	0.0	0.0	97.97955	0.0	0.0
0.0	68.00425	0.0	80.48112	0.0	0.0	6.0359154	0.0	0.0	0.0	0.0	9.6447115	0.0	0.0	302.6298	0.0	147.19844	0.0	0.0	166.688	0.0	0.0	0.0	92.81729	0.0	0.0	137.19244	0.0	0.0	89.55637	0.0	0.0	0.0	0.0	0.0	105.12683	0.0	26.268072	0.0	0.0	89.79604	11.13264	139.83122	0.0	0.0	0.0	86.17942	105.49708	62.392673	0.0	0.0	0.0	0.0	136.01698	0.0	0.0	8.56887	0.0	0.0	82.843666	46.09219	0.0	0.0	0.0	0.0	0.0	24.274256	110.86887	0.0	154.04535	90.1099	0.0	170.92322	0.0	87.89608	0.0	0.0	0.0	76.97181	0.0	0.0	78.51329	107.43881	0.0	322.75674	12.120549	0.0	0.0	101.93421	187.62848	0.0	0.0	30.317656	0.0	0.0	0.33165172	270.01892	0.0	0.0	0.0	37.673603	0.0	0.0	0.0	160.17839	258.8668	0.0	84.87946	0.0	0.0	37.86601	0.0	17.723375	0.0	0.0	0.0	0.0	0.0	0.0	0.0	84.91058	0.0	167.98592	0.0	0.0	94.93926	0.0	0.0
0.0	69.63747	0.0	85.07731	0.0	0.0	7.043799	0.0	0.0	0.0	0.0	11.063312	0.0	0.0	317.52188	0.0	153.7895	0.0	0.0	173.68163	0.0	0.0	0.0	96.815346	0.0	0.0	143.467	0.0	0.0	94.793915	0.0	0.0	0.0	0.0	0.0	107.04665	0.0	27.699188	0.0	0.0	94.42843	11.738998	145.30089	0.0	0.0	0.0	88.852135	108.80499	65.019844	0.0	0.0	0.0	0.0	140.78261	0.0	0.0	7.0701632	0.0	0.0	85.882996	46.44907	0.0	0.0	0.0	0.0	0.0	24.693123	116.67926	0.0	159.91313	92.59025	0.0	178.81898	0.0	88.88361	0.0	0.0	0.0	81.436	0.0	0.0	82.202835	111.31858	0.0	337.83682	13.177281	0.0	0.0	104.47384	196.67064	0.0	0.0	31.851877	0.0	0.0	1.6599407	282.31894	0.0	0.0	0.0	39.08301	0.0	0.0	0.0	167.13109	269.8995	0.0	90.53248	0.0	0.0	40.364864	0.0	16.00648	0.0	0.0	0.0	0.0	0.0	0.0	0.0	86.94221	0.0	174.44489	0.0	0.0	99.50611	0.0	0.0
0.0	70.96576	0.0	87.197815	0.0	0.0	6.981383	0.0	0.0	0.0	0.0	11.203373	0.0	0.0	322.55484	0.0	156.28801	0.0	0.0	177.21669	0.0	0.0	0.0	98.650444	0.0	0.0	146.50365	0.0	0.0	96.403786	0.0	0.0	0.0	0.0	0.0	109.42254	0.0	28.28007	0.0	0.0	96.08256	12.570984	148.67522	0.0	0.0	0.0	90.17423	110.464874	66.68087	0.0	0.0	0.0	0.0	142.85155	0.0	0.0	6.6289883	0.0	0.0	88.61942	47.022717	0.0	0.0	0.0	0.0	0.0	25.34786	118.9874	0.0	162.77672	94.3392	0.0	181.50972	0.0	90.25553	0.0	0.0	0.0	83.69362	0.0	0.0	84.67832	113.575806	0.0	344.93887	12.948152	0.0	0.0	105.92542	199.96216	0.0	0.0	32.169003	0.0	0.0	1.3412203	288.97736	0.0	0.0	0.0	38.289845	0.0	0.0	0.0	169.84143	275.28348	0.0	91.94458	0.0	0.0	41.342556	0.0	16.148457	0.0	0.0	0.0	0.0	0.0	0.0	0.0	88.799225	0.0	178.12825	0.0	0.0	101.737274	0.0	0.0
0.0	77.27377	0.0	98.46325	0.0	0.0	9.175699	0.0	0.0	0.0	0.0	12.962956	0.0	0.0	357.85568	0.0	172.8803	0.0	0.0	196.46391	0.0	0.0	0.0	109.71549	0.0	0.0	163.36879	0.0	0.0	108.4923	0.0	0.0	0.0	0.0	0.0	118.01731	0.0	31.438066	0.0	0.0	106.893555	14.353877	164.63264	0.0	0.0	0.0	97.117516	120.0521	74.15704	0.0	0.0	0.0	0.0	155.41235	0.0	0.0	5.329647	0.0	0.0	98.73734	49.836853	0.0	0.0	0.0	0.0	0.0	27.766356	133.14873	0.0	179.00456	102.3126	0.0	200.51546	0.0	95.59378	0.0	0.0	0.0	95.64103	0.0	0.0	95.32795	124.98718	0.0	383.56665	13.974738	0.0	0.0	114.11454	222.39752	0.0	0.0	35.35393	0.0	0.0	2.2554023	321.77084	0.0	0.0	0.0	39.562336	0.0	0.0	0.0	187.3232	305.03235	0.0	104.33393	0.0	0.0	47.46799	0.0	14.0938835	0.0	0.0	0.0	0.0	0.0	0.0	0.0	96.02883	0.0	197.02574	0.0	0.0	113.59774	0.0	0.0
0.0	75.51249	0.0	94.351326	0.0	0.0	9.649715	0.0	0.0	0.0	0.0	12.926791	0.0	0.0	347.4441	0.0	168.22092	0.0	0.0	189.87474	0.0	0.0	0.0	106.8391	0.0	0.0	157.03459	0.0	0.0	105.33359	0.0	0.0	0.0	0.0	0.0	113.44926	0.0	29.024239	0.0	0.0	102.57779	11.971405	157.20294	0.0	0.0	0.0	94.19031	116.36578	71.52558	0.0	0.0	0.0	0.0	151.36551	0.0	0.0	6.509977	0.0	0.0	92.38482	49.723633	0.0	0.0	0.0	0.0	0.0	25.531683	129.11278	0.0	172.71284	98.51881	0.0	194.76257	0.0	92.785866	0.0	0.0	0.0	90.95745	0.0	0.0	90.45486	120.86802	0.0	369.57632	13.844848	0.0	0.0	110.90246	216.07086	0.0	0.0	35.039318	0.0	0.0	3.0501301	308.34256	0.0	0.0	0.0	41.203938	0.0	0.0	0.0	181.47363	294.1162	0.0	101.02344	0.0	0.0	45.468067	0.0	13.25779	0.0	0.0	0.0	0.0	0.0	0.0	0.0	92.40186	0.0	189.42102	0.0	0.0	108.5476	0.0	0.0
0.0	68.66033	0.0	82.36339	0.0	0.0	6.538418	0.0	0.0	0.0	0.0	10.414481	0.0	0.0	309.41995	0.0	150.15067	0.0	0.0	169.58629	0.0	0.0	0.0	94.40072	0.0	0.0	139.67204	0.0	0.0	91.94059	0.0	0.0	0.0	0.0	0.0	105.55288	0.0	26.808044	0.0	0.0	91.94092	11.158032	141.95815	0.0	0.0	0.0	87.32664	106.8999	63.467144	0.0	0.0	0.0	0.0	138.08852	0.0	0.0	7.897946	0.0	0.0	83.70914	45.85344	0.0	0.0	0.0	0.0	0.0	24.16651	113.65369	0.0	156.4269	90.80785	0.0	174.32385	0.0	88.19742	0.0	0.0	0.0	78.85712	0.0	0.0	79.996666	109.11017	0.0	329.27695	12.953453	0.0	0.0	102.7598	191.51503	0.0	0.0	31.17914	0.0	0.0	1.2140999	275.03583	0.0	0.0	0.0	38.540653	0.0	0.0	0.0	163.11964	263.27322	0.0	87.56995	0.0	0.0	38.90205	0.0	16.66948	0.0	0.0	0.0	0.0	0.0	0.0	0.0	85.68359	0.0	170.68256	0.0	0.0	96.71107	0.0	0.0
0.0	69.55804	0.0	84.84159	0.0	0.0	7.3070016	0.0	0.0	0.0	0.0	11.118794	0.0	0.0	318.0144	0.0	153.88524	0.0	0.0	173.7134	0.0	0.0	0.0	96.72125	0.0	0.0	143.29662	0.0	0.0	94.82968	0.0	0.0	0.0	0.0	0.0	106.61324	0.0	27.690239	0.0	0.0	94.84567	11.554738	145.17993	0.0	0.0	0.0	88.728455	108.74703	64.92117	0.0	0.0	0.0	0.0	140.40791	0.0	0.0	6.8560357	0.0	0.0	85.8985	46.2252	0.0	0.0	0.0	0.0	0.0	24.431005	116.940315	0.0	159.8867	92.11185	0.0	178.83185	0.0	88.79205	0.0	0.0	0.0	81.75425	0.0	0.0	82.38954	111.3753	0.0	338.02832	13.415672	0.0	0.0	104.06724	196.75208	0.0	0.0	32.06856	0.0	0.0	1.3484192	282.06638	0.0	0.0	0.0	39.172474	0.0	0.0	0.0	167.25194	269.75076	0.0	90.917	0.0	0.0	40.6297	0.0	15.796308	0.0	0.0	0.0	0.0	0.0	0.0	0.0	86.59893	0.0	174.36586	0.0	0.0	99.50455	0.0	0.0
0.0	71.59739	0.0	88.310234	0.0	0.0	7.7785544	0.0	0.0	0.0	0.0	11.741535	0.0	0.0	327.78464	0.0	158.61848	0.0	0.0	179.2528	0.0	0.0	0.0	100.16567	0.0	0.0	147.93971	0.0	0.0	98.54008	0.0	0.0	0.0	0.0	0.0	109.16735	0.0	28.041471	0.0	0.0	97.289795	11.704986	149.37642	0.0	0.0	0.0	90.61474	111.22964	67.273895	0.0	0.0	0.0	0.0	144.26369	0.0	0.0	6.5092335	0.0	0.0	87.918396	47.234802	0.0	0.0	0.0	0.0	0.0	24.738138	120.97535	0.0	164.33833	94.532005	0.0	184.00963	0.0	90.16425	0.0	0.0	0.0	84.71448	0.0	0.0	84.92741	114.63843	0.0	348.68295	13.551495	0.0	0.0	106.648994	203.1054	0.0	0.0	32.9181	0.0	0.0	1.9630026	291.36807	0.0	0.0	0.0	39.681767	0.0	0.0	0.0	172.1379	278.1025	0.0	94.25901	0.0	0.0	42.31017	0.0	15.003476	0.0	0.0	0.0	0.0	0.0	0.0	0.0	88.734955	0.0	179.48857	0.0	0.0	102.51263	0.0	0.0
0.0	76.378334	0.0	95.93445	0.0	0.0	9.765511	0.0	0.0	0.0	0.0	13.391486	0.0	0.0	353.10965	0.0	170.82027	0.0	0.0	192.76111	0.0	0.0	0.0	108.52942	0.0	0.0	159.52863	0.0	0.0	107.43582	0.0	0.0	0.0	0.0	0.0	114.68808	0.0	29.431162	0.0	0.0	104.18292	12.126804	159.52562	0.0	0.0	0.0	95.35385	117.87482	72.71183	0.0	0.0	0.0	0.0	152.93672	0.0	0.0	6.577154	0.0	0.0	93.45892	50.127117	0.0	0.0	0.0	0.0	0.0	26.018469	131.16957	0.0	175.25616	99.48794	0.0	197.37627	0.0	93.40506	0.0	0.0	0.0	92.30689	0.0	0.0	91.60425	122.386604	0.0	375.18835	14.414566	0.0	0.0	112.521614	219.5376	0.0	0.0	35.547977	0.0	0.0	3.0345714	313.10635	0.0	0.0	0.0	41.823887	0.0	0.0	0.0	184.0329	298.39767	0.0	102.991264	0.0	0.0	45.982235	0.0	13.364032	0.0	0.0	0.0	0.0	0.0	0.0	0.0	93.23026	0.0	192.38922	0.0	0.0	110.23226	0.0	0.0
0.0	74.43639	0.0	92.66268	0.0	0.0	8.720461	0.0	0.0	0.0	0.0	12.587735	0.0	0.0	342.29297	0.0	165.60309	0.0	0.0	187.32379	0.0	0.0	0.0	104.67329	0.0	0.0	154.61523	0.0	0.0	103.621735	0.0	0.0	0.0	0.0	0.0	112.6385	0.0	29.127401	0.0	0.0	101.49583	12.312343	155.61247	0.0	0.0	0.0	93.726295	115.12146	70.37965	0.0	0.0	0.0	0.0	149.35722	0.0	0.0	6.4458976	0.0	0.0	91.498955	48.64049	0.0	0.0	0.0	0.0	0.0	25.507889	126.82562	0.0	170.63423	97.72709	0.0	191.86548	0.0	92.44592	0.0	0.0	0.0	89.13421	0.0	0.0	89.00168	119.18427	0.0	364.41946	14.081184	0.0	0.0	110.09522	212.49799	0.0	0.0	34.281013	0.0	0.0	2.3333626	304.5168	0.0	0.0	0.0	40.57302	0.0	0.0	0.0	179.42497	289.97977	0.0	99.24442	0.0	0.0	44.614914	0.0	14.223971	0.0	0.0	0.0	0.0	0.0	0.0	0.0	91.595856	0.0	187.12715	0.0	0.0	107.225006	0.0	0.0
0.0	68.5454	0.0	82.154816	0.0	0.0	6.3121963	0.0	0.0	0.0	0.0	9.915837	0.0	0.0	307.8364	0.0	149.529	0.0	0.0	169.27106	0.0	0.0	0.0	94.5601	0.0	0.0	139.60838	0.0	0.0	91.15936	0.0	0.0	0.0	0.0	0.0	106.164795	0.0	26.7473	0.0	0.0	91.41021	11.421145	142.17168	0.0	0.0	0.0	87.23298	106.89515	63.506054	0.0	0.0	0.0	0.0	137.63976	0.0	0.0	8.160957	0.0	0.0	84.50227	46.596676	0.0	0.0	0.0	0.0	0.0	24.74972	112.65729	0.0	156.25175	91.3814	0.0	173.79845	0.0	88.467674	0.0	0.0	0.0	78.524574	0.0	0.0	80.207794	108.96738	0.0	328.22018	12.152646	0.0	0.0	103.06037	190.9199	0.0	0.0	30.683294	0.0	0.0	0.48049104	274.8457	0.0	0.0	0.0	37.963196	0.0	0.0	0.0	162.71577	263.07358	0.0	86.50898	0.0	0.0	38.750324	0.0	17.53998	0.0	0.0	0.0	0.0	0.0	0.0	0.0	85.964745	0.0	170.54588	0.0	0.0	96.712685	0.0	0.0
0.0	73.85972	0.0	93.564	0.0	0.0	9.383751	0.0	0.0	0.0	0.0	12.586612	0.0	0.0	346.25522	0.0	167.18208	0.0	0.0	187.62799	0.0	0.0	0.0	106.148	0.0	0.0	156.24342	0.0	0.0	104.58283	0.0	0.0	0.0	0.0	0.0	113.0984	0.0	30.057632	0.0	0.0	102.59296	12.5880575	156.86398	0.0	0.0	0.0	94.31895	116.45859	70.89585	0.0	0.0	0.0	0.0	150.58926	0.0	0.0	6.9852843	0.0	0.0	92.79157	49.717957	0.0	0.0	0.0	0.0	0.0	26.663801	127.645164	0.0	172.5857	98.59161	0.0	194.20001	0.0	92.33978	0.0	0.0	0.0	89.61671	0.0	0.0	89.9595	119.796875	0.0	366.18387	13.880249	0.0	0.0	110.97947	215.03548	0.0	0.0	34.791073	0.0	0.0	3.05746	305.75598	0.0	0.0	0.0	42.204838	0.0	0.0	0.0	180.61687	292.24808	0.0	100.21118	0.0	0.0	44.748474	0.0	14.1683655	0.0	0.0	0.0	0.0	0.0	0.0	0.0	91.71946	0.0	188.44391	0.0	0.0	108.26758	0.0	0.0
0.0	69.97076	0.0	85.57629	0.0	0.0	6.9554367	0.0	0.0	0.0	0.0	10.62169	0.0	0.0	318.60635	0.0	154.43657	0.0	0.0	174.70454	0.0	0.0	0.0	97.56339	0.0	0.0	144.60341	0.0	0.0	95.00177	0.0	0.0	0.0	0.0	0.0	108.39868	0.0	28.102896	0.0	0.0	94.86111	12.2334795	146.77504	0.0	0.0	0.0	89.47047	109.71653	65.45916	0.0	0.0	0.0	0.0	141.2874	0.0	0.0	7.1281524	0.0	0.0	87.477745	47.07079	0.0	0.0	0.0	0.0	0.0	25.422668	117.043945	0.0	161.1874	93.460884	0.0	179.57666	0.0	89.87269	0.0	0.0	0.0	82.05585	0.0	0.0	83.179474	112.2685	0.0	339.68454	12.782506	0.0	0.0	105.25409	197.56749	0.0	0.0	31.856543	0.0	0.0	0.9702918	284.38742	0.0	0.0	0.0	38.582676	0.0	0.0	0.0	167.78458	271.70255	0.0	90.55962	0.0	0.0	40.406666	0.0	16.754076	0.0	0.0	0.0	0.0	0.0	0.0	0.0	87.749596	0.0	175.9688	0.0	0.0	100.295006	0.0	0.0
0.0	68.18873	0.0	81.95586	0.0	0.0	6.4340553	0.0	0.0	0.0	0.0	10.085359	0.0	0.0	306.60767	0.0	148.82782	0.0	0.0	168.5071	0.0	0.0	0.0	93.89178	0.0	0.0	138.84883	0.0	0.0	91.103615	0.0	0.0	0.0	0.0	0.0	105.2547	0.0	26.72952	0.0	0.0	91.14547	11.539779	141.24306	0.0	0.0	0.0	86.70993	106.16154	63.175045	0.0	0.0	0.0	0.0	137.01591	0.0	0.0	7.802234	0.0	0.0	83.66809	45.996265	0.0	0.0	0.0	0.0	0.0	24.257483	112.58718	0.0	155.21333	90.51574	0.0	172.97194	0.0	87.626495	0.0	0.0	0.0	78.29192	0.0	0.0	79.75924	108.31159	0.0	326.9042	12.366962	0.0	0.0	102.016335	189.98828	0.0	0.0	30.669716	0.0	0.0	1.2345766	273.43658	0.0	0.0	0.0	37.90583	0.0	0.0	0.0	161.70998	261.6342	0.0	86.37393	0.0	0.0	38.43897	0.0	16.918287	0.0	0.0	0.0	0.0	0.0	0.0	0.0	85.2277	0.0	169.34212	0.0	0.0	96.07685	0.0	0.0
0.0	70.34282	0.0	84.92495	0.0	0.0	6.4585624	0.0	0.0	0.0	0.0	10.286092	0.0	0.0	315.3076	0.0	153.31323	0.0	0.0	174.26561	0.0	0.0	0.0	96.92979	0.0	0.0	143.84396	0.0	0.0	94.028534	0.0	0.0	0.0	0.0	0.0	108.8184	0.0	27.55982	0.0	0.0	93.80036	12.288356	146.45265	0.0	0.0	0.0	89.02573	109.110535	65.43508	0.0	0.0	0.0	0.0	140.55702	0.0	0.0	7.3133054	0.0	0.0	87.520744	47.108257	0.0	0.0	0.0	0.0	0.0	25.341324	116.1722	0.0	160.29881	93.56423	0.0	177.91753	0.0	89.98647	0.0	0.0	0.0	81.709015	0.0	0.0	82.932594	111.92527	0.0	338.04166	12.084455	0.0	0.0	105.0694	195.6971	0.0	0.0	31.32522	0.0	0.0	0.5595964	283.55356	0.0	0.0	0.0	37.483326	0.0	0.0	0.0	166.65987	270.45596	0.0	89.14926	0.0	0.0	40.020428	0.0	17.292225	0.0	0.0	0.0	0.0	0.0	0.0	0.0	87.97207	0.0	175.49463	0.0	0.0	99.7616	0.0	0.0
0.0	67.96963	0.0	81.32689	0.0	0.0	6.3162284	0.0	0.0	0.0	0.0	9.836269	0.0	0.0	304.93115	0.0	148.29192	0.0	0.0	167.7741	0.0	0.0	0.0	93.55712	0.0	0.0	138.45453	0.0	0.0	90.61869	0.0	0.0	0.0	0.0	0.0	105.265625	0.0	26.338865	0.0	0.0	90.598564	11.272927	140.77858	0.0	0.0	0.0	86.4646	105.88743	62.853962	0.0	0.0	0.0	0.0	136.57259	0.0	0.0	7.868604	0.0	0.0	83.43066	46.05277	0.0	0.0	0.0	0.0	0.0	24.306015	111.86875	0.0	154.89777	90.52401	0.0	172.16478	0.0	87.80933	0.0	0.0	0.0	77.86082	0.0	0.0	79.168495	108.010704	0.0	325.1473	12.042198	0.0	0.0	102.078636	189.06075	0.0	0.0	30.310083	0.0	0.0	0.6632773	272.20956	0.0	0.0	0.0	37.699062	0.0	0.0	0.0	161.30748	260.71432	0.0	85.954506	0.0	0.0	38.378902	0.0	17.418802	0.0	0.0	0.0	0.0	0.0	0.0	0.0	85.06963	0.0	168.95216	0.0	0.0	95.761444	0.0	0.0
0.0	72.222305	0.0	99.854	0.0	0.0	13.770496	0.0	0.0	0.0	0.0	12.859906	0.0	0.0	372.40634	0.0	181.05028	0.0	0.0	192.56549	0.0	0.0	0.0	118.774315	0.0	0.0	168.8634	0.0	0.0	109.70736	0.0	0.0	0.0	0.0	0.0	121.91697	0.0	32.436825	0.0	0.0	105.96847	14.526635	165.66673	0.0	0.0	0.0	102.71044	128.61906	74.79601	0.0	0.0	0.0	0.0	163.43169	0.0	0.0	11.850038	0.0	0.0	103.544	61.093586	0.0	0.0	0.0	0.0	0.0	36.45227	131.84517	0.0	187.03157	109.537994	0.0	211.69868	0.0	99.664246	0.07894257	0.0	0.0	87.41611	0.0	0.0	94.38535	128.15332	0.0	379.38916	11.469894	0.0	0.0	122.37402	233.78468	0.0	0.0	34.630917	0.0	0.0	6.476708	317.88538	0.0	0.0	0.0	51.479755	0.0	0.0	0.0	190.82025	310.1554	0.0	102.8497	0.0	0.0	47.935574	0.0	19.051973	0.0	0.0	0.0	0.0	0.0	0.0	0.0	98.59415	0.0	203.38737	0.0	0.0	115.48112	0.0	0.0
0.0	68.8388	0.0	84.17668	0.0	0.0	6.0184517	0.0	0.0	0.0	0.0	9.461061	0.0	0.0	312.94177	0.0	152.10551	0.0	0.0	171.2885	0.0	0.0	0.0	97.59702	0.0	0.0	142.70549	0.0	0.0	92.23392	0.0	0.0	0.0	0.0	0.0	109.25132	0.0	27.268118	0.0	0.0	91.91782	12.069146	144.2192	0.0	0.0	0.0	89.18863	109.508606	64.79937	0.0	0.0	0.0	0.0	140.94905	0.0	0.0	8.9759445	0.0	0.0	86.78939	49.66872	0.0	0.0	0.0	0.0	0.0	27.081179	113.03661	0.0	159.54652	94.55762	0.0	177.42017	0.0	90.40519	0.0	0.0	0.0	78.24453	0.0	0.0	80.91835	111.15061	0.0	331.37918	11.335594	0.0	0.0	106.6399	194.73439	0.0	0.0	30.139551	0.0	0.0	0.78472453	278.6006	0.0	0.0	0.0	39.4052	0.0	0.0	0.0	164.9473	267.3932	0.0	86.039696	0.0	0.0	39.01283	0.0	18.985147	0.0	0.0	0.0	0.0	0.0	0.0	0.0	88.489296	0.0	173.94885	0.0	0.0	98.619934	0.0	0.0
0.0	69.54755	0.0	86.19814	0.0	0.0	6.6179214	0.0	0.0	0.0	0.0	9.563723	0.0	0.0	320.60577	0.0	155.34857	0.0	0.0	174.06618	0.0	0.0	0.0	100.10497	0.0	0.0	145.86194	0.0	0.0	94.234795	0.0	0.0	0.0	0.0	0.0	110.90621	0.0	27.953905	0.0	0.0	94.21765	12.578972	147.1167	0.0	0.0	0.0	90.66215	111.89849	66.01221	0.0	0.0	0.0	0.0	143.97841	0.0	0.0	9.296562	0.0	0.0	89.0203	51.16617	0.0	0.0	0.0	0.0	0.0	28.08309	115.297905	0.0	162.7688	96.18802	0.0	181.77625	0.0	91.83188	0.0	0.0	0.0	79.6509	0.0	0.0	82.8083	113.50699	0.0	337.64877	11.551365	0.0	0.0	108.54004	199.53247	0.0	0.0	30.87149	0.0	0.0	1.4522012	283.46204	0.0	0.0	0.0	40.703655	0.0	0.0	0.0	168.41869	272.6918	0.0	87.857506	0.0	0.0	40.232185	0.0	18.813292	0.0	0.0	0.0	0.0	0.0	0.0	0.0	90.06207	0.0	177.27625	0.0	0.0	100.476906	0.0	0.0
0.0	69.58199	0.0	85.788635	0.0	0.0	6.250818	0.0	0.0	0.0	0.0	9.66365	0.0	0.0	318.73972	0.0	154.57199	0.0	0.0	173.73076	0.0	0.0	0.0	99.554634	0.0	0.0	145.13623	0.0	0.0	93.68628	0.0	0.0	0.0	0.0	0.0	110.780174	0.0	27.858948	0.0	0.0	93.590935	12.422088	146.68181	0.0	0.0	0.0	90.36581	111.27249	65.88917	0.0	0.0	0.0	0.0	143.30048	0.0	0.0	9.230049	0.0	0.0	88.54662	50.67638	0.0	0.0	0.0	0.0	0.0	27.726702	114.903595	0.0	162.12971	95.94677	0.0	180.81633	0.0	91.472374	0.0	0.0	0.0	79.58633	0.0	0.0	82.59534	113.06595	0.0	336.73633	11.489734	0.0	0.0	108.218056	198.4814	0.0	0.0	30.826958	0.0	0.0	1.3274307	282.89725	0.0	0.0	0.0	40.30651	0.0	0.0	0.0	167.69717	271.78372	0.0	87.47343	0.0	0.0	39.910084	0.0	18.784414	0.0	0.0	0.0	0.0	0.0	0.0	0.0	89.9271	0.0	176.64458	0.0	0.0	100.28976	0.0	0.0
0.0	70.28323	0.0	89.48218	0.0	0.0	7.8787074	0.0	0.0	0.0	0.0	10.031955	0.0	0.0	331.91254	0.0	160.19258	0.0	0.0	179.01225	0.0	0.0	0.0	103.87458	0.0	0.0	150.69066	0.0	0.0	98.004005	0.0	0.0	0.0	0.0	0.0	113.58787	0.0	29.21066	0.0	0.0	97.36758	13.324241	152.0598	0.0	0.0	0.0	92.968895	115.224976	68.34669	0.0	0.0	0.0	0.0	148.21826	0.0	0.0	8.859075	0.0	0.0	92.68679	52.96857	0.0	0.0	0.0	0.0	0.0	29.661787	119.258	0.0	167.87737	98.96576	0.0	188.47188	0.0	93.44122	0.0	0.0	0.0	82.31614	0.0	0.0	86.05279	117.29356	0.0	348.03696	11.659104	0.0	0.0	111.502495	206.66936	0.0	0.0	32.096924	0.0	0.0	2.5764523	292.15903	0.0	0.0	0.0	42.17426	0.0	0.0	0.0	173.74574	280.9445	0.0	91.134094	0.0	0.0	42.058834	0.0	18.500027	0.0	0.0	0.0	0.0	0.0	0.0	0.0	92.492645	0.0	182.98926	0.0	0.0	104.12783	0.0	0.0
0.0	70.12662	0.0	88.25021	0.0	0.0	7.3465314	0.0	0.0	0.0	0.0	9.857819	0.0	0.0	328.34372	0.0	158.61781	0.0	0.0	177.31409	0.0	0.0	0.0	102.64361	0.0	0.0	148.96252	0.0	0.0	96.49818	0.0	0.0	0.0	0.0	0.0	112.85306	0.0	28.820333	0.0	0.0	96.35026	12.8924	150.21815	0.0	0.0	0.0	92.36079	114.306274	67.53024	0.0	0.0	0.0	0.0	146.97076	0.0	0.0	9.284253	0.0	0.0	91.43298	52.6061	0.0	0.0	0.0	0.0	0.0	29.249743	117.80454	0.0	166.3094	98.14506	0.0	186.40186	0.0	93.1539	0.0	0.0	0.0	81.31424	0.0	0.0	84.98553	116.00976	0.0	344.50552	11.760325	0.0	0.0	110.680534	204.49927	0.0	0.0	31.670494	0.0	0.0	2.1766193	289.21695	0.0	0.0	0.0	41.944126	0.0	0.0	0.0	171.98396	278.3364	0.0	90.03628	0.0	0.0	41.54512	0.0	18.651697	0.0	0.0	0.0	0.0	0.0	0.0	0.0	91.80898	0.0	181.10716	0.0	0.0	102.997734	0.0	0.0
0.0	69.886665	0.0	86.46157	0.0	0.0	6.4887543	0.0	0.0	0.0	0.0	9.70913	0.0	0.0	320.8422	0.0	155.64786	0.0	0.0	174.95532	0.0	0.0	0.0	100.01096	0.0	0.0	145.977	0.0	0.0	94.60675	0.0	0.0	0.0	0.0	0.0	111.283356	0.0	27.971731	0.0	0.0	94.14001	12.621705	147.44427	0.0	0.0	0.0	90.905975	111.96597	66.34668	0.0	0.0	0.0	0.0	144.22394	0.0	0.0	9.089114	0.0	0.0	89.09536	51.172558	0.0	0.0	0.0	0.0	0.0	27.93215	115.83953	0.0	163.08846	96.491646	0.0	182.011	0.0	92.05573	0.0	0.0	0.0	79.95205	0.0	0.0	82.937675	113.91397	0.0	338.8817	11.5540495	0.0	0.0	108.8703	199.57904	0.0	0.0	30.949028	0.0	0.0	1.4882685	284.5533	0.0	0.0	0.0	40.46748	0.0	0.0	0.0	168.55577	273.25122	0.0	88.04557	0.0	0.0	40.408894	0.0	18.827913	0.0	0.0	0.0	0.0	0.0	0.0	0.0	90.31779	0.0	177.80232	0.0	0.0	100.850075	0.0	0.0
0.0	70.56953	0.0	89.24108	0.0	0.0	7.322803	0.0	0.0	0.0	0.0	10.011699	0.0	0.0	330.90604	0.0	160.1342	0.0	0.0	179.05064	0.0	0.0	0.0	103.455666	0.0	0.0	150.38097	0.0	0.0	97.64142	0.0	0.0	0.0	0.0	0.0	113.63196	0.0	29.060518	0.0	0.0	97.05371	13.4353485	151.98674	0.0	0.0	0.0	93.0365	114.927605	68.170235	0.0	0.0	0.0	0.0	147.71399	0.0	0.0	8.839572	0.0	0.0	92.35447	52.44025	0.0	0.0	0.0	0.0	0.0	29.164146	119.050415	0.0	167.54286	98.96005	0.0	187.84668	0.0	93.472435	0.0	0.0	0.0	82.43836	0.0	0.0	85.83856	116.928	0.0	348.23233	11.660319	0.0	0.0	111.38787	206.06763	0.0	0.0	31.829016	0.0	0.0	2.0446262	292.37534	0.0	0.0	0.0	41.758183	0.0	0.0	0.0	173.3196	280.82944	0.0	91.11456	0.0	0.0	41.995403	0.0	18.630476	0.0	0.0	0.0	0.0	0.0	0.0	0.0	92.40769	0.0	182.68272	0.0	0.0	103.92466	0.0	0.0
0.0	70.97867	0.0	93.46928	0.0	0.0	9.567399	0.0	0.0	0.0	0.0	10.802087	0.0	0.0	346.10693	0.0	166.97202	0.0	0.0	184.00859	0.0	0.0	0.0	108.91117	0.0	0.0	156.34889	0.0	0.0	102.16605	0.0	0.0	0.0	0.0	0.0	116.7752	0.0	30.888153	0.0	0.0	100.4624	14.080714	156.60547	0.0	0.0	0.0	96.60082	119.91584	70.9287	0.0	0.0	0.0	0.0	153.97874	0.0	0.0	9.779385	0.0	0.0	96.22698	56.069233	0.0	0.0	0.0	0.0	0.0	32.273335	123.23508	0.0	174.23352	102.76645	0.0	196.49797	0.0	95.94749	0.0	0.0	0.0	83.51632	0.0	0.0	88.68409	121.19413	0.0	359.00842	11.93654	0.0	0.0	116.10775	215.4964	0.0	0.0	32.946392	0.0	0.0	3.821661	301.38245	0.0	0.0	0.0	45.23779	0.0	0.0	0.0	179.55629	290.49646	0.0	94.81689	0.0	0.0	44.134903	0.0	19.00856	0.0	0.0	0.0	0.0	0.0	0.0	0.0	95.28481	0.0	189.856	0.0	0.0	108.16931	0.0	0.0
0.0	70.83787	0.0	94.10339	0.0	0.0	10.189883	0.0	0.0	0.0	0.0	11.017524	0.0	0.0	349.1184	0.0	168.37476	0.0	0.0	184.56688	0.0	0.0	0.0	109.948326	0.0	0.0	157.6029	0.0	0.0	102.823326	0.0	0.0	0.0	0.0	0.0	117.274666	0.0	30.73913	0.0	0.0	101.31071	14.259517	157.52611	0.0	0.0	0.0	97.00397	121.0397	71.50479	0.0	0.0	0.0	0.0	155.28651	0.0	0.0	10.367007	0.0	0.0	97.22022	56.758404	0.0	0.0	0.0	0.0	0.0	32.84806	124.14719	0.0	175.35497	103.332726	0.0	198.665	0.0	96.069435	0.0	0.0	0.0	83.978325	0.0	0.0	89.606834	122.09811	0.0	360.85904	11.801969	0.0	0.0	116.59078	217.76245	0.0	0.0	33.213955	0.0	0.0	4.563394	302.5062	0.0	0.0	0.0	46.22197	0.0	0.0	0.0	180.90569	292.44974	0.0	95.47254	0.0	0.0	44.759964	0.0	18.430931	0.0	0.0	0.0	0.0	0.0	0.0	0.0	95.77795	0.0	191.12209	0.0	0.0	108.91938	0.0	0.0
0.0	70.096436	0.0	91.020546	0.0	0.0	8.822963	0.0	0.0	0.0	0.0	10.306744	0.0	0.0	339.0883	0.0	163.42351	0.0	0.0	180.96788	0.0	0.0	0.0	106.45541	0.0	0.0	153.13889	0.0	0.0	99.81631	0.0	0.0	0.0	0.0	0.0	115.06989	0.0	29.853899	0.0	0.0	98.93506	13.41929	153.88628	0.0	0.0	0.0	94.88227	117.73374	69.40378	0.0	0.0	0.0	0.0	151.19312	0.0	0.0	9.556876	0.0	0.0	94.15092	54.844173	0.0	0.0	0.0	0.0	0.0	31.111435	120.74734	0.0	170.96614	100.93456	0.0	192.80627	0.0	94.836876	0.0	0.0	0.0	82.50503	0.0	0.0	86.87112	119.217896	0.0	352.6909	11.884416	0.0	0.0	114.03031	211.1015	0.0	0.0	32.61243	0.0	0.0	3.251819	295.78262	0.0	0.0	0.0	44.43719	0.0	0.0	0.0	176.85034	285.16483	0.0	93.00289	0.0	0.0	43.19157	0.0	18.984827	0.0	0.0	0.0	0.0	0.0	0.0	0.0	93.72881	0.0	186.15437	0.0	0.0	105.98524	0.0	0.0
0.0	70.26843	0.0	88.89218	0.0	0.0	7.4255404	0.0	0.0	0.0	0.0	9.999958	0.0	0.0	329.85797	0.0	159.4124	0.0	0.0	178.1886	0.0	0.0	0.0	103.14285	0.0	0.0	149.8012	0.0	0.0	97.265205	0.0	0.0	0.0	0.0	0.0	113.145	0.0	28.927774	0.0	0.0	96.88915	13.196624	151.21855	0.0	0.0	0.0	92.697266	114.675255	67.915955	0.0	0.0	0.0	0.0	147.44078	0.0	0.0	9.05039	0.0	0.0	91.91622	52.58428	0.0	0.0	0.0	0.0	0.0	29.266098	118.45734	0.0	166.94234	98.606026	0.0	187.3097	0.0	93.1558	0.0	0.0	0.0	81.93587	0.0	0.0	85.36688	116.523796	0.0	346.44162	11.732583	0.0	0.0	110.959496	205.3346	0.0	0.0	31.828821	0.0	0.0	2.1917412	290.89273	0.0	0.0	0.0	41.90693	0.0	0.0	0.0	172.91347	279.59647	0.0	90.71943	0.0	0.0	41.797176	0.0	18.582222	0.0	0.0	0.0	0.0	0.0	0.0	0.0	91.94973	0.0	181.94153	0.0	0.0	103.52918	0.0	0.0
0.0	70.09792	0.0	87.9291	0.0	0.0	7.215492	0.0	0.0	0.0	0.0	9.77599	0.0	0.0	327.5514	0.0	158.46811	0.0	0.0	177.21594	0.0	0.0	0.0	102.55301	0.0	0.0	148.746	0.0	0.0	96.386604	0.0	0.0	0.0	0.0	0.0	112.70504	0.0	28.547907	0.0	0.0	96.264	12.817661	150.08498	0.0	0.0	0.0	92.29452	114.154396	67.404366	0.0	0.0	0.0	0.0	146.73494	0.0	0.0	9.161054	0.0	0.0	91.07309	52.628067	0.0	0.0	0.0	0.0	0.0	28.943193	117.574104	0.0	165.93224	98.25356	0.0	186.25684	0.0	93.00306	0.0	0.0	0.0	81.21347	0.0	0.0	84.71451	115.88424	0.0	344.10507	11.54723	0.0	0.0	110.61319	204.07019	0.0	0.0	31.658867	0.0	0.0	2.1108959	288.72168	0.0	0.0	0.0	42.106167	0.0	0.0	0.0	171.94293	277.8779	0.0	89.77885	0.0	0.0	41.292454	0.0	18.931105	0.0	0.0	0.0	0.0	0.0	0.0	0.0	91.64179	0.0	180.70604	0.0	0.0	102.69523	0.0	0.0
0.0	70.178246	0.0	89.52496	0.0	0.0	7.7477803	0.0	0.0	0.0	0.0	10.079536	0.0	0.0	332.47195	0.0	160.52248	0.0	0.0	178.9547	0.0	0.0	0.0	104.10483	0.0	0.0	150.81386	0.0	0.0	97.94802	0.0	0.0	0.0	0.0	0.0	113.62246	0.0	29.12647	0.0	0.0	97.52018	13.408451	151.98405	0.0	0.0	0.0	93.18955	115.35293	68.39663	0.0	0.0	0.0	0.0	148.4394	0.0	0.0	8.83661	0.0	0.0	92.646324	53.05212	0.0	0.0	0.0	0.0	0.0	29.624758	119.27728	0.0	167.94006	99.241325	0.0	188.81952	0.0	93.46169	0.0	0.0	0.0	82.17916	0.0	0.0	86.02245	117.237885	0.0	348.37607	11.669083	0.0	0.0	111.664955	207.10432	0.0	0.0	31.942171	0.0	0.0	2.5725307	292.39255	0.0	0.0	0.0	42.494324	0.0	0.0	0.0	173.9793	281.32166	0.0	91.15145	0.0	0.0	42.160297	0.0	18.499582	0.0	0.0	0.0	0.0	0.0	0.0	0.0	92.577675	0.0	182.98793	0.0	0.0	104.14515	0.0	0.0
0.0	70.94359	0.0	92.6115	0.0	0.0	9.119151	0.0	0.0	0.0	0.0	10.594005	0.0	0.0	343.29672	0.0	165.29738	0.0	0.0	183.00421	0.0	0.0	0.0	107.77326	0.0	0.0	155.2517	0.0	0.0	101.07263	0.0	0.0	0.0	0.0	0.0	116.397194	0.0	30.259523	0.0	0.0	100.31196	13.862739	156.05132	0.0	0.0	0.0	95.615906	118.90005	70.50736	0.0	0.0	0.0	0.0	152.90105	0.0	0.0	9.662049	0.0	0.0	95.707985	55.202713	0.0	0.0	0.0	0.0	0.0	31.55394	122.46746	0.0	172.84875	101.83383	0.0	195.14539	0.0	95.311035	0.0	0.0	0.0	83.92211	0.0	0.0	88.54862	120.59182	0.0	357.11832	11.945488	0.0	0.0	114.88267	213.85219	0.0	0.0	32.864147	0.0	0.0	3.597515	299.87064	0.0	0.0	0.0	44.436382	0.0	0.0	0.0	178.86803	288.83496	0.0	94.01206	0.0	0.0	43.832623	0.0	18.608824	0.0	0.0	0.0	0.0	0.0	0.0	0.0	95.01559	0.0	188.25519	0.0	0.0	107.49619	0.0	0.0
0.0	71.06732	0.0	92.7005	0.0	0.0	9.435273	0.0	0.0	0.0	0.0	10.516676	0.0	0.0	344.69604	0.0	166.22928	0.0	0.0	183.73926	0.0	0.0	0.0	107.89236	0.0	0.0	155.66005	0.0	0.0	101.81541	0.0	0.0	0.0	0.0	0.0	116.61315	0.0	30.264503	0.0	0.0	100.61483	13.748366	156.33379	0.0	0.0	0.0	96.21668	119.43649	70.57595	0.0	0.0	0.0	0.0	153.51839	0.0	0.0	9.873534	0.0	0.0	95.75653	55.454514	0.0	0.0	0.0	0.0	0.0	31.683954	123.07246	0.0	173.55896	102.18151	0.0	195.89714	0.0	95.973236	0.0	0.0	0.0	83.86019	0.0	0.0	88.39853	121.12067	0.0	358.3151	12.157036	0.0	0.0	115.58622	214.42168	0.0	0.0	33.046227	0.0	0.0	3.6999652	300.56604	0.0	0.0	0.0	44.88441	0.0	0.0	0.0	179.4322	289.54037	0.0	94.668274	0.0	0.0	44.052402	0.0	18.9653	0.0	0.0	0.0	0.0	0.0	0.0	0.0	95.150024	0.0	189.07977	0.0	0.0	107.66494	0.0	0.0
0.0	70.23544	0.0	89.17327	0.0	0.0	7.776482	0.0	0.0	0.0	0.0	10.034279	0.0	0.0	332.9274	0.0	160.65837	0.0	0.0	178.82915	0.0	0.0	0.0	104.18209	0.0	0.0	150.5385	0.0	0.0	97.76502	0.0	0.0	0.0	0.0	0.0	113.98727	0.0	29.235527	0.0	0.0	97.46339	13.091603	151.83711	0.0	0.0	0.0	93.56483	115.79545	68.2636	0.0	0.0	0.0	0.0	148.89494	0.0	0.0	9.457048	0.0	0.0	92.33337	53.586445	0.0	0.0	0.0	0.0	0.0	29.80803	119.02023	0.0	168.15218	99.372734	0.0	189.2342	0.0	94.047	0.0	0.0	0.0	81.63329	0.0	0.0	85.65942	117.37107	0.0	347.8441	11.8191185	0.0	0.0	112.289345	207.18755	0.0	0.0	32.061146	0.0	0.0	2.4539967	291.68338	0.0	0.0	0.0	43.41506	0.0	0.0	0.0	174.22905	281.11917	0.0	91.102	0.0	0.0	41.97354	0.0	19.17974	0.0	0.0	0.0	0.0	0.0	0.0	0.0	92.821754	0.0	182.90472	0.0	0.0	104.12325	0.0	0.0
0.0	70.2363	0.0	88.98466	0.0	0.0	7.290691	0.0	0.0	0.0	0.0	9.980865	0.0	0.0	330.95694	0.0	159.74956	0.0	0.0	178.3478	0.0	0.0	0.0	103.5839	0.0	0.0	150.2207	0.0	0.0	97.26584	0.0	0.0	0.0	0.0	0.0	113.51047	0.0	29.127665	0.0	0.0	97.10339	13.190258	151.33861	0.0	0.0	0.0	92.95981	115.046776	68.0489	0.0	0.0	0.0	0.0	147.95204	0.0	0.0	9.142581	0.0	0.0	92.20121	53.06091	0.0	0.0	0.0	0.0	0.0	29.595673	118.61663	0.0	167.48491	98.834724	0.0	187.99431	0.0	93.50408	0.0	0.0	0.0	81.79503	0.0	0.0	85.58079	116.8561	0.0	346.9252	11.803657	0.0	0.0	111.35059	206.15776	0.0	0.0	31.902258	0.0	0.0	2.1862926	291.20874	0.0	0.0	0.0	42.31583	0.0	0.0	0.0	173.37456	280.1805	0.0	90.75232	0.0	0.0	41.788982	0.0	18.836042	0.0	0.0	0.0	0.0	0.0	0.0	0.0	92.36082	0.0	182.2699	0.0	0.0	103.82696	0.0	0.0
0.0	70.86115	0.0	90.73898	0.0	0.0	7.918043	0.0	0.0	0.0	0.0	10.223507	0.0	0.0	336.10574	0.0	162.38298	0.0	0.0	181.01459	0.0	0.0	0.0	105.31704	0.0	0.0	152.47533	0.0	0.0	99.26023	0.0	0.0	0.0	0.0	0.0	114.94342	0.0	29.539726	0.0	0.0	98.38537	13.820489	153.76143	0.0	0.0	0.0	94.313934	116.69129	69.3083	0.0	0.0	0.0	0.0	150.0682	0.0	0.0	9.012408	0.0	0.0	93.76431	53.843426	0.0	0.0	0.0	0.0	0.0	30.204626	120.5199	0.0	169.84737	100.46356	0.0	190.87689	0.0	94.312195	0.0	0.0	0.0	82.91265	0.0	0.0	86.906555	118.58191	0.0	352.20764	11.69991	0.0	0.0	113.022606	209.33354	0.0	0.0	32.2504	0.0	0.0	2.6718776	295.71878	0.0	0.0	0.0	42.970478	0.0	0.0	0.0	175.69981	284.35425	0.0	92.20257	0.0	0.0	42.54566	0.0	18.767466	0.0	0.0	0.0	0.0	0.0	0.0	0.0	93.55542	0.0	185.17201	0.0	0.0	105.30901	0.0	0.0
0.0	71.64933	0.0	97.08948	0.0	0.0	10.981229	0.0	0.0	0.0	0.0	11.478198	0.0	0.0	358.6338	0.0	173.17122	0.0	0.0	188.87459	0.0	0.0	0.0	113.5495	0.0	0.0	162.3372	0.0	0.0	105.935005	0.0	0.0	0.0	0.0	0.0	119.79413	0.0	31.741812	0.0	0.0	103.50565	14.694188	161.67511	0.0	0.0	0.0	99.55463	124.07541	73.29498	0.0	0.0	0.0	0.0	158.92137	0.0	0.0	10.386359	0.0	0.0	100.04551	58.194458	0.0	0.0	0.0	0.0	0.0	34.292896	127.377045	0.0	180.38246	106.27496	0.0	203.83073	0.0	97.97875	0.0	0.0	0.0	85.98055	0.0	0.0	91.81613	125.03324	0.0	369.70145	11.888565	0.0	0.0	119.40432	224.10042	0.0	0.0	33.77572	0.0	0.0	4.8224473	310.54553	0.0	0.0	0.0	47.372944	0.0	0.0	0.0	185.26552	300.08188	0.0	98.60248	0.0	0.0	46.164948	0.0	18.6332	0.0	0.0	0.0	0.0	0.0	0.0	0.0	97.48914	0.0	196.77702	0.0	0.0	112.04969	0.0	0.0
0.0	71.621635	0.0	95.41424	0.0	0.0	10.930725	0.0	0.0	0.0	0.0	11.299596	0.0	0.0	354.99545	0.0	171.3914	0.0	0.0	187.03365	0.0	0.0	0.0	111.74005	0.0	0.0	159.93915	0.0	0.0	104.615295	0.0	0.0	0.0	0.0	0.0	119.01783	0.0	30.898834	0.0	0.0	102.6144	13.768329	159.18648	0.0	0.0	0.0	98.848816	123.39603	72.458015	0.0	0.0	0.0	0.0	158.3214	0.0	0.0	11.073517	0.0	0.0	97.97336	58.239807	0.0	0.0	0.0	0.0	0.0	33.724648	125.9166	0.0	178.35321	105.10813	0.0	202.2605	0.0	98.15622	0.04253192	0.0	0.0	84.30523	0.0	0.0	89.934944	124.05789	0.0	365.1943	12.048934	0.0	0.0	119.02897	221.38466	0.0	0.0	33.77966	0.0	0.0	5.0332623	306.09454	0.0	0.0	0.0	47.93961	0.0	0.0	0.0	183.87953	296.4745	0.0	97.02125	0.0	0.0	45.508892	0.0	18.98459	0.0	0.0	0.0	0.0	0.0	0.0	0.0	97.24359	0.0	194.39696	0.0	0.0	110.415375	0.0	0.0
0.0	71.354065	0.0	91.78497	0.0	0.0	8.841119	0.0	0.0	0.0	0.0	10.335908	0.0	0.0	341.84622	0.0	164.96165	0.0	0.0	182.88493	0.0	0.0	0.0	107.171165	0.0	0.0	154.56685	0.0	0.0	100.696556	0.0	0.0	0.0	0.0	0.0	116.357666	0.0	29.841272	0.0	0.0	100.0626	13.459979	155.47842	0.0	0.0	0.0	95.68683	118.87356	70.15845	0.0	0.0	0.0	0.0	152.79512	0.0	0.0	9.623033	0.0	0.0	95.06854	55.11748	0.0	0.0	0.0	0.0	0.0	31.050543	122.29905	0.0	172.55965	101.76977	0.0	194.33331	0.0	95.88413	0.0	0.0	0.0	83.66178	0.0	0.0	87.93452	120.591705	0.0	356.19705	11.948871	0.0	0.0	114.944435	212.72437	0.0	0.0	32.918854	0.0	0.0	3.2309277	298.70514	0.0	0.0	0.0	44.443516	0.0	0.0	0.0	178.5006	287.89676	0.0	93.65186	0.0	0.0	43.489838	0.0	19.127878	0.0	0.0	0.0	0.0	0.0	0.0	0.0	95.01361	0.0	188.05293	0.0	0.0	106.69955	0.0	0.0
0.0	70.84214	0.0	90.28964	0.0	0.0	8.069804	0.0	0.0	0.0	0.0	9.969625	0.0	0.0	336.84088	0.0	162.76839	0.0	0.0	180.79475	0.0	0.0	0.0	105.53965	0.0	0.0	152.38002	0.0	0.0	99.06736	0.0	0.0	0.0	0.0	0.0	115.07848	0.0	29.401785	0.0	0.0	98.54495	13.256786	153.46707	0.0	0.0	0.0	94.61338	117.31055	68.99594	0.0	0.0	0.0	0.0	150.56383	0.0	0.0	9.566234	0.0	0.0	93.44161	54.346447	0.0	0.0	0.0	0.0	0.0	30.291466	120.40569	0.0	170.09784	100.48742	0.0	191.40788	0.0	95.153656	0.0	0.0	0.0	82.46561	0.0	0.0	86.512215	118.789635	0.0	351.71768	11.954117	0.0	0.0	113.670845	209.70906	0.0	0.0	32.516804	0.0	0.0	2.6465187	294.8254	0.0	0.0	0.0	43.917362	0.0	0.0	0.0	175.93372	284.20334	0.0	92.180626	0.0	0.0	42.633675	0.0	19.303778	0.0	0.0	0.0	0.0	0.0	0.0	0.0	93.7019	0.0	185.17818	0.0	0.0	105.11149	0.0	0.0
0.0	71.103615	0.0	92.7109	0.0	0.0	9.448636	0.0	0.0	0.0	0.0	11.103623	0.0	0.0	346.2461	0.0	167.60356	0.0	0.0	183.26758	0.0	0.0	0.0	108.97416	0.0	0.0	156.21477	0.0	0.0	101.75433	0.0	0.0	0.0	0.0	0.0	117.08552	0.0	30.602722	0.0	0.0	100.02231	13.7093315	155.91174	0.0	0.0	0.0	97.00165	120.58657	70.555786	0.0	0.0	0.0	0.0	154.7893	0.0	0.0	10.117826	0.0	0.0	95.53134	56.893707	0.0	0.0	0.0	0.0	0.0	32.10342	123.01166	0.0	174.72748	103.448265	0.0	196.88945	0.0	96.31384	0.0	0.0	0.0	82.40653	0.0	0.0	88.01298	121.00626	0.0	357.59653	12.15013	0.0	0.0	116.27297	215.72014	0.0	0.0	32.84616	0.0	0.0	3.888837	299.4378	0.0	0.0	0.0	47.09929	0.0	0.0	0.0	179.26814	290.3736	0.0	94.29371	0.0	0.0	43.536396	0.0	19.19914	0.0	0.0	0.0	0.0	0.0	0.0	0.0	95.010216	0.0	189.7491	0.0	0.0	107.49279	0.0	0.0
0.0	72.964035	0.0	101.900856	0.0	0.0	14.045577	0.0	0.0	0.0	0.0	13.097722	0.0	0.0	377.1753	0.0	183.26884	0.0	0.0	195.0251	0.0	0.0	0.0	120.14325	0.0	0.0	171.44551	0.0	0.0	111.46424	0.0	0.0	0.0	0.0	0.0	124.13378	0.0	32.960438	0.0	0.0	106.94695	15.35056	167.95335	0.0	0.0	0.0	103.79075	130.48134	75.97571	0.0	0.0	0.0	0.0	166.04301	0.0	0.0	12.092509	0.0	0.0	105.400795	62.372448	0.0	0.0	0.0	0.0	0.0	37.422695	133.507	0.0	189.43498	111.3317	0.0	214.99178	0.0	100.72553	0.52130824	0.0	0.0	88.51855	0.0	0.0	96.00717	130.1046	0.0	384.23257	11.4664545	0.0	0.0	124.19696	237.21303	0.0	0.0	34.652233	0.0	0.0	6.8930097	322.07816	0.0	0.0	0.0	51.81267	0.0	0.0	0.0	193.0814	314.60248	0.0	103.7157	0.0	0.0	49.091274	0.0	18.842941	0.0	0.0	0.0	0.0	0.0	0.0	0.0	100.39451	0.0	206.20558	0.0	0.0	117.42661	0.0	0.0
0.0	108.28829	0.0	139.63945	0.0	0.0	11.08112	0.0	0.0	0.0	0.0	16.630804	0.0	0.0	504.70102	0.0	243.73164	0.0	0.0	278.72977	0.0	0.0	0.0	157.20796	0.0	0.0	234.3546	0.0	0.0	151.20311	0.0	0.0	0.0	0.0	0.0	170.83284	0.0	45.403427	0.0	0.0	152.2309	23.29255	237.847	0.0	0.0	0.0	138.6451	171.9391	106.17362	0.0	0.0	0.0	0.0	219.30031	0.0	0.0	6.5780272	0.0	0.0	147.1524	72.0567	0.0	0.0	0.0	0.0	0.0	43.32306	186.17952	0.0	256.26657	148.79106	0.0	284.67932	0.0	137.00493	0.0	0.0	0.0	136.66335	0.0	0.0	138.7119	178.28886	0.0	545.07336	16.9899	0.0	0.0	163.40938	315.6638	0.0	0.0	48.99232	0.0	0.0	0.0	460.6691	0.0	0.0	0.0	52.50522	0.0	0.0	0.0	265.93588	435.3165	0.0	144.12167	0.0	0.0	67.21799	0.0	23.107172	0.0	0.0	0.0	0.0	0.0	0.0	0.0	139.04341	0.0	283.42184	0.0	0.0	163.24547	0.0	0.0
0.0	98.9671	0.0	127.119415	0.0	0.0	10.157368	0.0	0.0	0.0	0.0	15.24263	0.0	0.0	458.03	0.0	221.55669	0.0	0.0	253.90202	0.0	0.0	0.0	142.48048	0.0	0.0	212.98926	0.0	0.0	137.61504	0.0	0.0	0.0	0.0	0.0	155.51666	0.0	40.94073	0.0	0.0	137.90459	21.139206	216.20361	0.0	0.0	0.0	125.83072	156.0645	96.79175	0.0	0.0	0.0	0.0	199.3258	0.0	0.0	5.754764	0.0	0.0	133.8371	65.22973	0.0	0.0	0.0	0.0	0.0	39.265568	169.60773	0.0	232.66798	135.25694	0.0	258.2435	0.0	124.61486	0.0	0.0	0.0	124.60501	0.0	0.0	126.09408	162.24599	0.0	496.03293	15.233733	0.0	0.0	148.50858	286.27002	0.0	0.0	44.22652	0.0	0.0	0.0	419.54727	0.0	0.0	0.0	46.84979	0.0	0.0	0.0	241.37444	395.86343	0.0	130.85893	0.0	0.0	61.382046	0.0	20.723839	0.0	0.0	0.0	0.0	0.0	0.0	0.0	126.708885	0.0	257.8384	0.0	0.0	148.42824	0.0	0.0
0.0	76.48433	0.0	93.93146	0.0	0.0	6.6965523	0.0	0.0	0.0	0.0	11.139115	0.0	0.0	344.89542	0.0	167.58221	0.0	0.0	190.90526	0.0	0.0	0.0	106.89688	0.0	0.0	158.53221	0.0	0.0	102.568275	0.0	0.0	0.0	0.0	0.0	119.552185	0.0	30.314957	0.0	0.0	102.55552	14.332344	161.19237	0.0	0.0	0.0	97.06551	119.29887	72.33361	0.0	0.0	0.0	0.0	153.26552	0.0	0.0	7.7194877	0.0	0.0	97.68686	51.605057	0.0	0.0	0.0	0.0	0.0	29.05646	126.75586	0.0	175.9647	103.18851	0.0	194.76068	0.0	97.58463	0.0	0.0	0.0	90.242	0.0	0.0	92.07748	122.5701	0.0	370.6625	12.350624	0.0	0.0	115.06049	214.83	0.0	0.0	33.72377	0.0	0.0	0.0	312.2382	0.0	0.0	0.0	39.48964	0.0	0.0	0.0	182.18373	296.8922	0.0	96.74469	0.0	0.0	44.419296	0.0	18.52359	0.0	0.0	0.0	0.0	0.0	0.0	0.0	97.02466	0.0	193.40485	0.0	0.0	110.08621	0.0	0.0
0.0	232.71753	0.0	326.53427	0.0	0.0	27.940773	0.0	0.0	0.0	0.0	40.287323	0.0	0.0	1138.6359	0.0	545.35614	0.0	0.0	630.82007	0.0	0.0	0.0	356.1538	0.0	0.0	537.70844	0.0	0.0	348.30453	0.0	0.0	0.0	0.0	0.0	372.83737	0.0	106.504326	0.0	0.0	348.94308	62.893585	546.0824	0.0	0.0	0.0	301.99985	376.73828	243.5783	0.0	0.0	0.0	0.0	476.40634	0.0	0.0	3.6126451	0.0	0.0	349.08273	148.985	0.0	0.0	0.0	0.0	0.0	100.441795	426.02075	0.0	574.87024	328.2671	0.0	640.33307	0.0	287.22104	0.0	0.0	0.0	327.09445	0.0	0.0	329.03732	399.08102	0.0	1244.9392	34.444557	0.0	0.0	350.8729	716.1994	0.0	0.0	108.68857	0.0	0.0	0.0	1060.7633	0.0	0.0	0.0	96.512825	0.0	0.0	0.0	596.71686	986.9765	0.0	335.7004	0.0	0.0	161.2757	0.0	36.067307	0.0	0.0	0.0	0.0	0.0	0.0	0.0	304.10062	0.0	643.36676	0.0	0.0	378.56845	0.0	0.0
0.0	97.03727	0.0	126.07838	0.0	0.0	9.786557	0.0	0.0	0.0	0.0	15.1460495	0.0	0.0	451.15512	0.0	217.76825	0.0	0.0	249.93486	0.0	0.0	0.0	140.62657	0.0	0.0	210.23747	0.0	0.0	135.72061	0.0	0.0	0.0	0.0	0.0	152.66911	0.0	40.53806	0.0	0.0	136.1615	21.805273	213.5428	0.0	0.0	0.0	122.9632	153.17519	95.842224	0.0	0.0	0.0	0.0	195.72847	0.0	0.0	4.922986	0.0	0.0	133.07819	63.83961	0.0	0.0	0.0	0.0	0.0	38.829777	167.6214	0.0	228.83148	132.72685	0.0	254.3033	0.0	121.29395	0.0	0.0	0.0	123.82923	0.0	0.0	125.39127	160.03369	0.0	489.16345	14.563495	0.0	0.0	144.91359	282.12167	0.0	0.0	43.55737	0.0	0.0	0.11304159	413.8124	0.0	0.0	0.0	45.105682	0.0	0.0	0.0	237.3477	389.80692	0.0	128.77826	0.0	0.0	60.659275	0.0	19.142313	0.0	0.0	0.0	0.0	0.0	0.0	0.0	124.57305	0.0	253.8148	0.0	0.0	146.23923	0.0	0.0
0.0	140.45943	0.0	190.22668	0.0	0.0	16.369034	0.0	0.0	0.0	0.0	23.02839	0.0	0.0	679.5728	0.0	324.88528	0.0	0.0	372.44974	0.0	0.0	0.0	212.11916	0.0	0.0	316.97192	0.0	0.0	204.51909	0.0	0.0	0.0	0.0	0.0	223.85637	0.0	61.958385	0.0	0.0	207.79506	34.161926	321.92163	0.0	0.0	0.0	181.56511	227.84328	143.79185	0.0	0.0	0.0	0.0	289.21774	0.0	0.0	6.7738705	0.0	0.0	203.15038	93.57971	0.0	0.0	0.0	0.0	0.0	59.375324	251.36848	0.0	342.12027	196.56364	0.0	382.5878	0.0	176.19989	0.0	0.0	0.0	188.89412	0.0	0.0	191.54774	238.28778	0.0	733.8037	21.84285	0.0	0.0	212.6519	425.79507	0.0	0.0	65.779076	0.0	0.0	1.2369976	621.48016	0.0	0.0	0.0	65.83347	0.0	0.0	0.0	356.64587	584.4244	0.0	195.83015	0.0	0.0	92.9688	0.0	25.392405	0.0	0.0	0.0	0.0	0.0	0.0	0.0	183.20758	0.0	379.76816	0.0	0.0	221.24352	0.0	0.0
0.0	93.37085	0.0	117.643	0.0	0.0	8.950672	0.0	0.0	0.0	0.0	13.828387	0.0	0.0	428.0604	0.0	207.56061	0.0	0.0	236.75447	0.0	0.0	0.0	133.20471	0.0	0.0	197.81816	0.0	0.0	128.12279	0.0	0.0	0.0	0.0	0.0	146.68015	0.0	38.174	0.0	0.0	127.96643	18.649529	200.82808	0.0	0.0	0.0	119.536	147.32771	89.84403	0.0	0.0	0.0	0.0	188.16399	0.0	0.0	7.636083	0.0	0.0	122.90589	62.708073	0.0	0.0	0.0	0.0	0.0	36.629723	157.53725	0.0	218.17372	127.262566	0.0	241.57188	0.0	119.09727	0.0	0.0	0.0	113.49497	0.0	0.0	115.53745	151.88419	0.0	461.05295	14.977249	0.0	0.0	141.3386	267.2685	0.0	0.0	41.65468	0.0	0.0	0.0	389.28015	0.0	0.0	0.0	46.869648	0.0	0.0	0.0	225.6923	368.8534	0.0	121.48813	0.0	0.0	55.98528	0.0	21.72988	0.0	0.0	0.0	0.0	0.0	0.0	0.0	118.98759	0.0	240.82454	0.0	0.0	137.59303	0.0	0.0
0.0	78.08844	0.0	96.28367	0.0	0.0	7.086941	0.0	0.0	0.0	0.0	11.330995	0.0	0.0	352.66953	0.0	171.45354	0.0	0.0	195.4341	0.0	0.0	0.0	109.27775	0.0	0.0	162.35701	0.0	0.0	105.288475	0.0	0.0	0.0	0.0	0.0	121.89163	0.0	30.971018	0.0	0.0	104.986244	14.945438	165.03902	0.0	0.0	0.0	99.12151	121.9177	74.0248	0.0	0.0	0.0	0.0	156.47165	0.0	0.0	7.462223	0.0	0.0	100.23458	52.636536	0.0	0.0	0.0	0.0	0.0	29.786192	129.96976	0.0	179.93379	105.42383	0.0	199.25317	0.0	99.5188	0.0	0.0	0.0	92.6614	0.0	0.0	94.335365	125.58523	0.0	379.63077	12.4424715	0.0	0.0	117.497	219.74695	0.0	0.0	34.438843	0.0	0.0	0.0	319.74362	0.0	0.0	0.0	39.88462	0.0	0.0	0.0	186.19073	303.7903	0.0	99.352295	0.0	0.0	45.641766	0.0	18.769754	0.0	0.0	0.0	0.0	0.0	0.0	0.0	98.96085	0.0	198.06618	0.0	0.0	112.63043	0.0	0.0
0.0	104.61964	0.0	137.86607	0.0	0.0	11.104176	0.0	0.0	0.0	0.0	16.409761	0.0	0.0	493.4271	0.0	237.7723	0.0	0.0	272.36426	0.0	0.0	0.0	153.885	0.0	0.0	229.66954	0.0	0.0	148.52818	0.0	0.0	0.0	0.0	0.0	165.79872	0.0	44.827713	0.0	0.0	149.11913	23.759186	233.12459	0.0	0.0	0.0	134.61505	167.06677	104.14889	0.0	0.0	0.0	0.0	212.85254	0.0	0.0	4.953103	0.0	0.0	145.64445	69.7623	0.0	0.0	0.0	0.0	0.0	42.838215	182.5241	0.0	249.99751	144.73778	0.0	278.2378	0.0	131.74965	0.0	0.0	0.0	134.8802	0.0	0.0	136.91426	174.23383	0.0	533.6448	16.175955	0.0	0.0	158.33963	308.7993	0.0	0.0	47.69646	0.0	0.0	0.0	451.8705	0.0	0.0	0.0	49.66043	0.0	0.0	0.0	259.37643	425.4866	0.0	141.53624	0.0	0.0	66.482765	0.0	21.320826	0.0	0.0	0.0	0.0	0.0	0.0	0.0	135.0558	0.0	277.05832	0.0	0.0	160.42046	0.0	0.0
0.0	118.20847	0.0	160.31706	0.0	0.0	13.056802	0.0	0.0	0.0	0.0	19.754702	0.0	0.0	564.15625	0.0	270.82462	0.0	0.0	312.24377	0.0	0.0	0.0	176.11519	0.0	0.0	264.598	0.0	0.0	170.84392	0.0	0.0	0.0	0.0	0.0	187.47168	0.0	51.826656	0.0	0.0	171.89452	29.733896	268.9481	0.0	0.0	0.0	150.69667	188.49898	120.56876	0.0	0.0	0.0	0.0	240.10857	0.0	0.0	3.7915096	0.0	0.0	170.52309	76.465	0.0	0.0	0.0	0.0	0.0	49.37079	210.72241	0.0	284.79135	164.08961	0.0	317.48123	0.0	145.76675	0.0	0.0	0.0	159.11517	0.0	0.0	160.80565	199.0147	0.0	614.74493	17.376974	0.0	0.0	176.42816	353.63498	0.0	0.0	54.35758	0.0	0.0	0.5920671	521.80225	0.0	0.0	0.0	51.48485	0.0	0.0	0.0	295.84586	487.90628	0.0	163.03615	0.0	0.0	77.95483	0.0	19.709215	0.0	0.0	0.0	0.0	0.0	0.0	0.0	153.40509	0.0	317.3835	0.0	0.0	185.09407	0.0	0.0
0.0	141.76643	0.0	194.57573	0.0	0.0	17.248064	0.0	0.0	0.0	0.0	23.578484	0.0	0.0	691.8516	0.0	330.65488	0.0	0.0	379.261	0.0	0.0	0.0	215.8053	0.0	0.0	323.16797	0.0	0.0	208.75322	0.0	0.0	0.0	0.0	0.0	226.23991	0.0	64.23719	0.0	0.0	211.91566	36.09978	328.47232	0.0	0.0	0.0	184.05006	230.65271	146.25366	0.0	0.0	0.0	0.0	291.2789	0.0	0.0	4.7965207	0.0	0.0	208.91884	93.02816	0.0	0.0	0.0	0.0	0.0	60.96996	256.32083	0.0	347.5979	199.05505	0.0	388.44742	0.0	176.84448	0.0	0.0	0.0	194.17574	0.0	0.0	196.79018	241.79143	0.0	749.5744	21.962698	0.0	0.0	214.7898	433.83994	0.0	0.0	66.66506	0.0	0.0	0.15841232	635.38055	0.0	0.0	0.0	64.284325	0.0	0.0	0.0	361.9923	595.51324	0.0	201.03166	0.0	0.0	95.81016	0.0	24.423834	0.0	0.0	0.0	0.0	0.0	0.0	0.0	185.08977	0.0	387.27426	0.0	0.0	226.33748	0.0	0.0
0.0	200.96223	0.0	288.6178	0.0	0.0	27.9377	0.0	0.0	0.0	0.0	35.126884	0.0	0.0	1013.9514	0.0	482.62778	0.0	0.0	552.9349	0.0	0.0	0.0	318.00742	0.0	0.0	476.4968	0.0	0.0	308.1161	0.0	0.0	0.0	0.0	0.0	324.3315	0.0	96.0657	0.0	0.0	312.28482	55.021984	482.5492	0.0	0.0	0.0	264.8915	333.15805	214.51546	0.0	0.0	0.0	0.0	418.56143	0.0	0.0	4.872021	0.0	0.0	310.40466	132.54161	0.0	0.0	0.0	0.0	0.0	90.172386	375.75513	0.0	507.6373	287.9332	0.0	567.8474	0.0	249.20056	1.4664015	0.0	0.0	289.92374	0.0	0.0	293.03745	351.05484	0.0	1097.9985	30.562551	0.0	0.0	308.2436	637.8155	0.0	0.0	96.419495	0.0	0.0	2.2691147	934.35175	0.0	0.0	0.0	88.4309	0.0	0.0	0.0	528.1869	872.4711	0.0	299.16083	0.0	0.0	144.15208	0.0	29.480524	0.0	0.0	0.0	0.0	0.0	0.0	0.0	265.0754	0.0	566.6168	0.0	0.0	335.04102	0.0	0.0
0.0	109.64838	0.0	142.75432	0.0	0.0	11.502925	0.0	0.0	0.0	0.0	16.841595	0.0	0.0	517.8608	0.0	249.39006	0.0	0.0	283.86987	0.0	0.0	0.0	161.34416	0.0	0.0	239.73332	0.0	0.0	154.8555	0.0	0.0	0.0	0.0	0.0	173.95923	0.0	46.510666	0.0	0.0	156.40616	23.853216	242.94576	0.0	0.0	0.0	141.87764	176.46724	108.29273	0.0	0.0	0.0	0.0	224.65172	0.0	0.0	7.4009	0.0	0.0	150.53186	74.67738	0.0	0.0	0.0	0.0	0.0	44.75581	190.14764	0.0	261.90317	152.13405	0.0	292.09274	0.0	139.99525	0.0	0.0	0.0	138.93016	0.0	0.0	141.50752	182.2855	0.0	555.8577	17.703615	0.0	0.0	167.29845	323.772	0.0	0.0	50.28511	0.0	0.0	0.76489705	469.26913	0.0	0.0	0.0	55.603134	0.0	0.0	0.0	272.41977	444.39127	0.0	147.24603	0.0	0.0	68.53084	0.0	23.850466	0.0	0.0	0.0	0.0	0.0	0.0	0.0	141.6816	0.0	288.90247	0.0	0.0	166.43007	0.0	0.0
0.0	181.91266	0.0	274.24478	0.0	0.0	25.346014	0.0	0.0	0.0	0.0	34.672207	0.0	0.0	894.4017	0.0	428.7461	0.0	0.0	503.27734	0.0	0.0	0.0	282.00797	0.0	0.0	434.76114	0.0	0.0	283.50568	0.0	0.0	0.0	0.0	0.0	285.94354	0.0	86.255455	0.0	0.0	274.0189	60.104168	439.4669	0.0	0.0	0.0	223.10754	282.4501	200.84077	0.0	0.0	0.0	0.0	360.16895	0.0	0.0	0.0	0.0	0.0	290.90042	102.45419	0.0	0.0	0.0	0.0	0.0	81.23375	348.83362	0.0	452.20447	251.49373	0.0	494.6992	0.0	202.28711	12.368241	0.0	0.0	281.54953	0.0	0.0	276.1173	315.3431	0.0	1002.81274	18.989515	0.0	0.0	259.60483	564.75824	0.0	0.0	81.68363	0.0	0.0	0.0065772063	862.9834	0.0	0.0	0.0	47.310024	0.0	0.0	0.0	459.39902	786.7571	0.0	273.69434	0.0	0.0	135.86908	0.0	7.792404	0.0	0.0	0.0	0.0	0.0	0.0	0.0	233.9156	0.0	516.4261	0.0	0.0	306.00928	0.0	0.0
0.0	118.40433	0.0	159.40672	0.0	0.0	12.790992	0.0	0.0	0.0	0.0	19.900795	0.0	0.0	556.0548	0.0	267.36874	0.0	0.0	310.42807	0.0	0.0	0.0	173.65373	0.0	0.0	262.5529	0.0	0.0	169.01344	0.0	0.0	0.0	0.0	0.0	184.89632	0.0	49.935684	0.0	0.0	170.1554	30.279417	267.34692	0.0	0.0	0.0	146.71751	185.28648	120.14735	0.0	0.0	0.0	0.0	237.00444	0.0	0.0	2.200009	0.0	0.0	169.20906	74.08204	0.0	0.0	0.0	0.0	0.0	47.32623	210.25586	0.0	280.47934	161.31343	0.0	313.55026	0.0	143.25423	0.28807315	0.0	0.0	160.39275	0.0	0.0	160.6844	197.46873	0.0	611.595	16.72104	0.0	0.0	172.00781	348.7782	0.0	0.0	54.28368	0.0	0.0	0.0	518.3447	0.0	0.0	0.0	47.121784	0.0	0.0	0.0	292.1289	483.46643	0.0	161.01166	0.0	0.0	78.27696	0.0	16.611767	0.0	0.0	0.0	0.0	0.0	0.0	0.0	151.91022	0.0	314.13586	0.0	0.0	182.63666	0.0	0.0
0.0	66.8728	0.0	77.65825	0.0	0.0	5.185595	0.0	0.0	0.0	0.0	8.890103	0.0	0.0	290.64767	0.0	142.43706	0.0	0.0	161.41594	0.0	0.0	0.0	89.72623	0.0	0.0	132.37022	0.0	0.0	85.96409	0.0	0.0	0.0	0.0	0.0	103.14797	0.0	24.848206	0.0	0.0	85.14615	10.367783	134.5716	0.0	0.0	0.0	84.18052	102.61863	60.447647	0.0	0.0	0.0	0.0	132.42088	0.0	0.0	9.442456	0.0	0.0	79.36254	45.71423	0.0	0.0	0.0	0.0	0.0	23.978113	106.2803	0.0	149.45934	88.35845	0.0	164.36201	0.0	86.49655	0.0	0.0	0.0	72.92515	0.0	0.0	74.60464	104.18124	0.0	310.77795	11.252675	0.0	0.0	100.59426	180.33632	0.0	0.0	28.696503	0.0	0.0	0.0	260.69937	0.0	0.0	0.0	36.4459	0.0	0.0	0.0	153.99535	249.9116	0.0	80.43323	0.0	0.0	36.151962	0.0	18.426773	0.0	0.0	0.0	0.0	0.0	0.0	0.0	83.29025	0.0	163.39424	0.0	0.0	91.31771	0.0	0.0
0.0	104.15908	0.0	141.11232	0.0	0.0	10.726438	0.0	0.0	0.0	0.0	17.294966	0.0	0.0	491.56824	0.0	236.79607	0.0	0.0	273.54626	0.0	0.0	0.0	153.8889	0.0	0.0	231.12578	0.0	0.0	150.0902	0.0	0.0	0.0	0.0	0.0	165.02846	0.0	44.88564	0.0	0.0	148.38698	26.06357	235.34016	0.0	0.0	0.0	132.111	164.62376	106.01065	0.0	0.0	0.0	0.0	210.56514	0.0	0.0	3.175539	0.0	0.0	148.90668	67.030525	0.0	0.0	0.0	0.0	0.0	43.35367	184.56873	0.0	249.61865	144.08496	0.0	276.81348	0.0	127.95999	0.024365691	0.0	0.0	138.58632	0.0	0.0	139.75493	174.93605	0.0	537.41425	14.664788	0.0	0.0	155.30806	307.96094	0.0	0.0	47.16493	0.0	0.0	0.42801353	457.26077	0.0	0.0	0.0	43.948536	0.0	0.0	0.0	257.8937	426.3025	0.0	142.34834	0.0	0.0	68.08248	0.0	17.568073	0.0	0.0	0.0	0.0	0.0	0.0	0.0	134.82805	0.0	278.9207	0.0	0.0	161.74048	0.0	0.0
0.0	248.91425	0.0	357.7894	0.0	0.0	32.991734	0.0	0.0	0.0	0.0	44.799442	0.0	0.0	1235.9164	0.0	588.78986	0.0	0.0	683.6353	0.0	0.0	0.0	386.6877	0.0	0.0	586.184	0.0	0.0	378.0901	0.0	0.0	0.0	0.0	0.0	397.8339	0.0	117.03681	0.0	0.0	382.55197	71.31203	594.1387	0.0	0.0	0.0	320.9069	403.7041	265.12564	0.0	0.0	0.0	0.0	510.26074	0.0	0.0	1.7793779	0.0	0.0	384.57275	155.96725	0.0	0.0	0.0	0.0	0.0	108.75654	464.91092	0.0	620.72095	351.4492	0.0	692.7028	0.0	302.27817	2.5231857	0.0	0.0	363.31778	0.0	0.0	364.5127	431.20377	0.0	1356.2743	36.287434	0.0	0.0	371.49112	778.8186	0.0	0.0	118.61462	0.0	0.0	0.47961748	1155.7103	0.0	0.0	0.0	96.18812	0.0	0.0	0.0	645.84344	1071.8784	0.0	367.32898	0.0	0.0	179.07654	0.0	30.999975	0.0	0.0	0.0	0.0	0.0	0.0	0.0	325.88156	0.0	696.9953	0.0	0.0	412.19058	0.0	0.0
0.0	67.53977	0.0	79.26602	0.0	0.0	5.518715	0.0	0.0	0.0	0.0	9.071875	0.0	0.0	296.19318	0.0	144.85942	0.0	0.0	164.50282	0.0	0.0	0.0	91.498085	0.0	0.0	135.13649	0.0	0.0	87.69534	0.0	0.0	0.0	0.0	0.0	104.68752	0.0	25.227829	0.0	0.0	87.167694	10.789929	137.24971	0.0	0.0	0.0	85.29423	104.18893	61.725056	0.0	0.0	0.0	0.0	134.41219	0.0	0.0	8.838988	0.0	0.0	81.35673	46.413525	0.0	0.0	0.0	0.0	0.0	24.406885	108.49005	0.0	152.05116	89.94933	0.0	167.60295	0.0	87.41569	0.0	0.0	0.0	74.99069	0.0	0.0	76.57107	106.06705	0.0	316.89365	11.049885	0.0	0.0	101.71423	183.87343	0.0	0.0	29.08534	0.0	0.0	0.0	265.99417	0.0	0.0	0.0	36.65319	0.0	0.0	0.0	156.93295	254.7174	0.0	82.059975	0.0	0.0	37.064144	0.0	18.415197	0.0	0.0	0.0	0.0	0.0	0.0	0.0	84.65948	0.0	166.31078	0.0	0.0	93.25287	0.0	0.0
0.0	74.13944	0.0	89.26751	0.0	0.0	6.20075	0.0	0.0	0.0	0.0	10.48197	0.0	0.0	328.48987	0.0	160.06195	0.0	0.0	182.55852	0.0	0.0	0.0	101.57964	0.0	0.0	150.76794	0.0	0.0	97.79056	0.0	0.0	0.0	0.0	0.0	115.0566	0.0	28.630938	0.0	0.0	97.17295	13.204815	153.38252	0.0	0.0	0.0	93.26856	114.35473	69.02778	0.0	0.0	0.0	0.0	147.41125	0.0	0.0	8.229445	0.0	0.0	92.15737	49.781784	0.0	0.0	0.0	0.0	0.0	27.428808	121.0212	0.0	168.33498	98.75631	0.0	185.57428	0.0	94.66608	0.0	0.0	0.0	85.25589	0.0	0.0	86.86328	117.49976	0.0	353.30038	12.062851	0.0	0.0	110.92703	204.32298	0.0	0.0	32.31673	0.0	0.0	0.0	297.31482	0.0	0.0	0.0	38.13165	0.0	0.0	0.0	173.73976	283.1865	0.0	92.01566	0.0	0.0	41.92127	0.0	18.519953	0.0	0.0	0.0	0.0	0.0	0.0	0.0	93.13709	0.0	184.91809	0.0	0.0	104.43237	0.0	0.0
0.0	77.53907	0.0	95.325745	0.0	0.0	6.8454413	0.0	0.0	0.0	0.0	11.15818	0.0	0.0	350.65103	0.0	170.36035	0.0	0.0	193.6313	0.0	0.0	0.0	108.8447	0.0	0.0	161.00629	0.0	0.0	104.32072	0.0	0.0	0.0	0.0	0.0	121.48478	0.0	30.781425	0.0	0.0	103.98156	14.434193	163.4057	0.0	0.0	0.0	99.03146	121.65531	73.29328	0.0	0.0	0.0	0.0	156.15953	0.0	0.0	8.31356	0.0	0.0	98.92863	53.135113	0.0	0.0	0.0	0.0	0.0	29.880684	128.45172	0.0	178.92181	105.04218	0.0	198.16638	0.0	99.628235	0.0	0.0	0.0	90.83435	0.0	0.0	92.839134	124.755585	0.0	375.68765	12.6981125	0.0	0.0	117.62795	218.40096	0.0	0.0	34.256733	0.0	0.0	0.0	316.3966	0.0	0.0	0.0	40.886173	0.0	0.0	0.0	185.0685	301.1971	0.0	98.17472	0.0	0.0	44.92096	0.0	19.31028	0.0	0.0	0.0	0.0	0.0	0.0	0.0	98.509315	0.0	196.55855	0.0	0.0	111.601875	0.0	0.0
0.0	102.72101	0.0	138.30241	0.0	0.0	12.140935	0.0	0.0	0.0	0.0	16.917116	0.0	0.0	488.10208	0.0	233.20695	0.0	0.0	267.2224	0.0	0.0	0.0	152.48074	0.0	0.0	227.64996	0.0	0.0	147.45087	0.0	0.0	0.0	0.0	0.0	161.88788	0.0	42.46542	0.0	0.0	148.95409	24.929258	231.19621	0.0	0.0	0.0	128.55229	162.87181	105.305565	0.0	0.0	0.0	0.0	211.3346	0.0	0.0	5.8702226	0.0	0.0	146.35164	68.86829	0.0	0.0	0.0	0.0	0.0	42.557194	182.86299	0.0	246.16472	141.83449	0.0	275.6641	0.0	126.08042	1.8351969	0.0	0.0	135.91049	0.0	0.0	137.44092	173.08882	0.0	525.5834	14.584607	0.0	0.0	151.27357	305.00537	0.0	0.0	47.35944	0.0	0.0	4.17891	444.28516	0.0	0.0	0.0	47.517384	0.0	0.0	0.0	255.9403	418.63345	0.0	137.81844	0.0	0.0	66.247765	0.0	15.698581	0.0	0.0	0.0	0.0	0.0	0.0	0.0	133.76407	0.0	272.6444	0.0	0.0	157.27245	0.0	0.0
0.0	227.12657	0.0	305.9657	0.0	0.0	27.400925	0.0	0.0	0.0	0.0	36.329285	0.0	0.0	1111.4315	0.0	531.0889	0.0	0.0	604.69305	0.0	0.0	0.0	346.41904	0.0	0.0	515.3942	0.0	0.0	332.0182	0.0	0.0	0.0	0.0	0.0	364.62338	0.0	101.90079	0.0	0.0	339.75024	51.87679	521.03754	0.0	0.0	0.0	300.14365	375.17786	230.62793	0.0	0.0	0.0	0.0	472.67703	0.0	0.0	12.152787	0.0	0.0	325.93814	154.52393	0.0	0.0	0.0	0.0	0.0	96.74317	405.1919	0.0	559.4501	321.32596	0.0	625.31525	0.0	292.09418	0.0	0.0	0.0	302.47525	0.0	0.0	307.6659	385.93515	0.0	1190.8251	38.810684	0.0	0.0	351.74844	697.06836	0.0	0.0	107.72614	0.0	0.0	0.0	1007.1976	0.0	0.0	0.0	114.61439	0.0	0.0	0.0	584.2276	952.87885	0.0	321.1859	0.0	0.0	150.76103	0.0	46.58836	0.0	0.0	0.0	0.0	0.0	0.0	0.0	296.81863	0.0	618.22955	0.0	0.0	360.53	0.0	0.0
0.0	106.99042	0.0	142.67554	0.0	0.0	10.954654	0.0	0.0	0.0	0.0	17.324797	0.0	0.0	503.04025	0.0	242.12927	0.0	0.0	278.93088	0.0	0.0	0.0	156.99567	0.0	0.0	235.18251	0.0	0.0	152.36658	0.0	0.0	0.0	0.0	0.0	169.14223	0.0	46.06143	0.0	0.0	151.64105	25.816544	239.26253	0.0	0.0	0.0	135.95988	169.3126	107.40109	0.0	0.0	0.0	0.0	216.30626	0.0	0.0	4.3459244	0.0	0.0	150.32257	69.636475	0.0	0.0	0.0	0.0	0.0	43.99348	187.61015	0.0	254.97742	147.32005	0.0	283.136	0.0	132.65019	0.0	0.0	0.0	139.75374	0.0	0.0	141.38332	178.51161	0.0	547.31464	15.8714905	0.0	0.0	160.1488	314.70486	0.0	0.0	48.644196	0.0	0.0	0.24649878	464.20435	0.0	0.0	0.0	47.605183	0.0	0.0	0.0	263.86923	434.83423	0.0	144.73195	0.0	0.0	68.51723	0.0	19.615675	0.0	0.0	0.0	0.0	0.0	0.0	0.0	138.06148	0.0	283.808	0.0	0.0	164.21696	0.0	0.0
0.0	67.27587	0.0	78.46645	0.0	0.0	5.149016	0.0	0.0	0.0	0.0	8.984909	0.0	0.0	293.20145	0.0	143.68684	0.0	0.0	163.0658	0.0	0.0	0.0	90.47476	0.0	0.0	133.70192	0.0	0.0	86.99894	0.0	0.0	0.0	0.0	0.0	103.9899	0.0	25.122736	0.0	0.0	85.773964	10.547642	135.86559	0.0	0.0	0.0	85.00768	103.339966	61.101196	0.0	0.0	0.0	0.0	133.29552	0.0	0.0	9.222954	0.0	0.0	80.0531	45.911823	0.0	0.0	0.0	0.0	0.0	24.181025	107.28179	0.0	150.91237	89.09475	0.0	165.7741	0.0	87.18872	0.0	0.0	0.0	73.64204	0.0	0.0	75.327354	105.085686	0.0	313.8765	11.407376	0.0	0.0	101.49532	181.99199	0.0	0.0	28.872429	0.0	0.0	0.0	263.57034	0.0	0.0	0.0	36.443493	0.0	0.0	0.0	155.37311	252.3352	0.0	81.53908	0.0	0.0	36.565357	0.0	18.582275	0.0	0.0	0.0	0.0	0.0	0.0	0.0	83.84778	0.0	165.0544	0.0	0.0	92.33008	0.0	0.0
0.0	73.276634	0.0	83.27448	0.0	0.0	4.2240467	0.0	0.0	0.0	0.0	9.470313	0.0	0.0	306.91922	0.0	151.34747	0.0	0.0	172.38196	0.0	0.0	0.0	95.39666	0.0	0.0	139.88512	0.0	0.0	91.412994	0.0	0.0	0.0	0.0	0.0	112.76413	0.0	25.015442	0.0	0.0	87.86593	11.112746	142.91725	0.0	0.0	0.0	89.54345	110.17568	65.86489	0.0	0.0	0.0	0.0	144.34857	0.0	0.0	11.697427	0.0	0.0	83.270256	50.37679	0.0	0.0	0.0	0.0	0.0	25.338923	113.642525	0.0	159.66261	95.447685	0.0	174.31874	0.0	94.359985	0.0	0.0	0.0	75.76688	0.0	0.0	77.83541	112.90918	0.0	328.70303	11.039891	0.0	0.0	108.36292	189.58464	0.0	0.0	30.253672	0.0	0.0	0.7568633	275.7291	0.0	0.0	0.0	39.11009	0.0	0.0	0.0	162.0749	264.74158	0.0	82.571884	0.0	0.0	37.046215	0.0	19.668678	0.0	0.0	0.0	0.0	0.0	0.0	0.0	91.40908	0.0	174.41533	0.0	0.0	95.08155	0.0	0.0
0.0	67.85861	0.0	81.744286	0.0	0.0	5.7309394	0.0	0.0	0.0	0.0	9.293861	0.0	0.0	305.16537	0.0	148.51447	0.0	0.0	167.27235	0.0	0.0	0.0	94.89927	0.0	0.0	138.99788	0.0	0.0	89.83716	0.0	0.0	0.0	0.0	0.0	106.94684	0.0	26.375977	0.0	0.0	89.73989	11.459554	140.67662	0.0	0.0	0.0	87.28019	107.029274	63.229965	0.0	0.0	0.0	0.0	137.94061	0.0	0.0	9.260865	0.0	0.0	84.363594	48.374252	0.0	0.0	0.0	0.0	0.0	26.24936	110.49628	0.0	155.91899	92.33015	0.0	172.88542	0.0	88.750305	0.0	0.0	0.0	76.30903	0.0	0.0	78.76207	108.53046	0.0	323.569	11.28543	0.0	0.0	104.33783	189.82509	0.0	0.0	29.641504	0.0	0.0	0.50516194	271.86597	0.0	0.0	0.0	38.545193	0.0	0.0	0.0	161.11424	260.9518	0.0	83.93013	0.0	0.0	38.078716	0.0	18.706478	0.0	0.0	0.0	0.0	0.0	0.0	0.0	86.59195	0.0	170.01756	0.0	0.0	96.07957	0.0	0.0
0.0	69.13157	0.0	86.50701	0.0	0.0	6.933054	0.0	0.0	0.0	0.0	9.703483	0.0	0.0	321.63477	0.0	155.64648	0.0	0.0	174.19292	0.0	0.0	0.0	100.53146	0.0	0.0	146.11156	0.0	0.0	94.778534	0.0	0.0	0.0	0.0	0.0	110.9599	0.0	28.026632	0.0	0.0	94.483826	12.594401	147.59706	0.0	0.0	0.0	90.73586	112.03425	66.31176	0.0	0.0	0.0	0.0	144.19069	0.0	0.0	9.057636	0.0	0.0	89.257774	51.30173	0.0	0.0	0.0	0.0	0.0	28.188492	115.729004	0.0	163.21924	96.48581	0.0	182.64197	0.0	91.520226	0.0	0.0	0.0	79.86459	0.0	0.0	83.04607	113.931786	0.0	338.20935	11.465655	0.0	0.0	108.70902	200.14012	0.0	0.0	31.03501	0.0	0.0	2.02403	284.0553	0.0	0.0	0.0	41.028233	0.0	0.0	0.0	168.94858	273.08188	0.0	88.32456	0.0	0.0	40.432247	0.0	18.655342	0.0	0.0	0.0	0.0	0.0	0.0	0.0	90.15496	0.0	177.70062	0.0	0.0	100.91705	0.0	0.0
0.0	70.13724	0.0	87.851074	0.0	0.0	7.323418	0.0	0.0	0.0	0.0	9.766542	0.0	0.0	327.02576	0.0	158.34882	0.0	0.0	177.15901	0.0	0.0	0.0	102.198006	0.0	0.0	148.70946	0.0	0.0	96.44263	0.0	0.0	0.0	0.0	0.0	112.66986	0.0	28.518091	0.0	0.0	96.04522	12.709724	150.08778	0.0	0.0	0.0	92.1984	113.974205	67.397285	0.0	0.0	0.0	0.0	146.42072	0.0	0.0	9.068761	0.0	0.0	91.03256	52.171482	0.0	0.0	0.0	0.0	0.0	28.86199	117.74616	0.0	165.96974	97.9454	0.0	185.68913	0.0	93.078255	0.0	0.0	0.0	81.37584	0.0	0.0	84.52766	115.85266	0.0	343.8397	11.593575	0.0	0.0	110.482445	203.5803	0.0	0.0	31.52127	0.0	0.0	1.9777412	288.78964	0.0	0.0	0.0	41.624634	0.0	0.0	0.0	171.60875	277.6105	0.0	90.004616	0.0	0.0	41.294422	0.0	18.859146	0.0	0.0	0.0	0.0	0.0	0.0	0.0	91.5813	0.0	180.7762	0.0	0.0	102.67847	0.0	0.0
0.0	71.20338	0.0	94.23966	0.0	0.0	9.812222	0.0	0.0	0.0	0.0	10.852303	0.0	0.0	347.82132	0.0	167.87445	0.0	0.0	184.9905	0.0	0.0	0.0	109.343895	0.0	0.0	157.33835	0.0	0.0	102.964226	0.0	0.0	0.0	0.0	0.0	117.6055	0.0	30.589361	0.0	0.0	100.953	14.298042	157.44766	0.0	0.0	0.0	97.07206	120.38921	71.53706	0.0	0.0	0.0	0.0	154.92665	0.0	0.0	9.975517	0.0	0.0	96.75196	56.378567	0.0	0.0	0.0	0.0	0.0	32.440945	124.009544	0.0	175.1842	103.37382	0.0	197.60075	0.0	96.375305	0.0	0.0	0.0	83.967705	0.0	0.0	89.0438	122.002625	0.0	360.7728	11.844006	0.0	0.0	116.843666	216.74294	0.0	0.0	32.94121	0.0	0.0	4.0338626	303.07526	0.0	0.0	0.0	45.3452	0.0	0.0	0.0	180.65637	292.0419	0.0	95.32531	0.0	0.0	44.70479	0.0	18.83063	0.0	0.0	0.0	0.0	0.0	0.0	0.0	95.8851	0.0	191.08818	0.0	0.0	108.785805	0.0	0.0
0.0	71.44106	0.0	94.99026	0.0	0.0	10.239655	0.0	0.0	0.0	0.0	10.860602	0.0	0.0	351.40054	0.0	169.54369	0.0	0.0	186.63802	0.0	0.0	0.0	110.19918	0.0	0.0	158.7039	0.0	0.0	104.37447	0.0	0.0	0.0	0.0	0.0	118.04242	0.0	30.983221	0.0	0.0	102.22403	14.5538645	158.85419	0.0	0.0	0.0	97.85315	121.44983	72.13467	0.0	0.0	0.0	0.0	155.83766	0.0	0.0	9.966852	0.0	0.0	98.05418	56.496326	0.0	0.0	0.0	0.0	0.0	32.968044	125.61685	0.0	176.8855	104.0418	0.0	199.20811	0.0	96.93392	0.0	0.0	0.0	85.20175	0.0	0.0	90.059326	123.158325	0.0	364.34433	12.048309	0.0	0.0	117.58901	218.58142	0.0	0.0	33.464996	0.0	0.0	4.2874627	305.8588	0.0	0.0	0.0	45.466206	0.0	0.0	0.0	182.01729	294.5333	0.0	96.70041	0.0	0.0	45.291275	0.0	18.735926	0.0	0.0	0.0	0.0	0.0	0.0	0.0	96.19345	0.0	193.1032	0.0	0.0	109.667244	0.0	0.0
0.0	70.44415	0.0	89.28995	0.0	0.0	8.2001295	0.0	0.0	0.0	0.0	9.848615	0.0	0.0	332.02078	0.0	160.83965	0.0	0.0	179.66937	0.0	0.0	0.0	103.53671	0.0	0.0	150.47015	0.0	0.0	98.470726	0.0	0.0	0.0	0.0	0.0	113.78805	0.0	29.084715	0.0	0.0	96.96952	13.35559	151.9514	0.0	0.0	0.0	93.575294	115.520546	68.157906	0.0	0.0	0.0	0.0	148.20168	0.0	0.0	8.9766	0.0	0.0	92.42676	53.107708	0.0	0.0	0.0	0.0	0.0	29.575994	119.46262	0.0	168.06372	99.057304	0.0	188.66383	0.0	93.96549	0.0	0.0	0.0	82.14034	0.0	0.0	85.5477	117.57136	0.0	348.688	11.798787	0.0	0.0	112.15897	206.47192	0.0	0.0	32.029095	0.0	0.0	2.6895115	292.35495	0.0	0.0	0.0	42.369526	0.0	0.0	0.0	173.51118	281.08945	0.0	91.77892	0.0	0.0	42.255207	0.0	18.808363	0.0	0.0	0.0	0.0	0.0	0.0	0.0	92.3751	0.0	183.44104	0.0	0.0	104.172386	0.0	0.0
0.0	69.62055	0.0	84.70282	0.0	0.0	5.8725944	0.0	0.0	0.0	0.0	9.5796795	0.0	0.0	315.04752	0.0	153.33485	0.0	0.0	173.21043	0.0	0.0	0.0	97.52474	0.0	0.0	143.17952	0.0	0.0	93.77496	0.0	0.0	0.0	0.0	0.0	109.757545	0.0	27.592035	0.0	0.0	92.05674	12.484559	145.53021	0.0	0.0	0.0	90.15823	110.174255	65.156395	0.0	0.0	0.0	0.0	141.4421	0.0	0.0	8.709335	0.0	0.0	86.70706	49.451885	0.0	0.0	0.0	0.0	0.0	26.537094	114.618004	0.0	160.59055	94.68005	0.0	178.4931	0.0	91.14033	0.0	0.0	0.0	78.70251	0.0	0.0	80.91268	112.42474	0.0	334.83792	11.808099	0.0	0.0	107.77427	195.35722	0.0	0.0	30.610565	0.0	0.0	0.48420528	280.95193	0.0	0.0	0.0	39.51298	0.0	0.0	0.0	165.78314	269.01624	0.0	87.479225	0.0	0.0	39.231583	0.0	19.176685	0.0	0.0	0.0	0.0	0.0	0.0	0.0	88.65725	0.0	175.38892	0.0	0.0	99.08551	0.0	0.0
0.0	69.690094	0.0	87.38929	0.0	0.0	7.3634763	0.0	0.0	0.0	0.0	9.729789	0.0	0.0	326.55142	0.0	157.90092	0.0	0.0	176.18547	0.0	0.0	0.0	102.034935	0.0	0.0	147.82658	0.0	0.0	96.04181	0.0	0.0	0.0	0.0	0.0	112.39515	0.0	28.534586	0.0	0.0	95.64475	12.799981	149.35217	0.0	0.0	0.0	92.191864	113.88424	67.01171	0.0	0.0	0.0	0.0	146.30664	0.0	0.0	9.539741	0.0	0.0	90.46658	52.4017	0.0	0.0	0.0	0.0	0.0	28.921677	117.10403	0.0	165.38922	97.75003	0.0	185.39217	0.0	92.93789	0.0	0.0	0.0	80.36863	0.0	0.0	83.895805	115.437035	0.0	342.1925	11.756528	0.0	0.0	110.47086	203.12122	0.0	0.0	31.593498	0.0	0.0	2.0618808	287.00613	0.0	0.0	0.0	42.330532	0.0	0.0	0.0	171.07018	276.37064	0.0	89.43862	0.0	0.0	40.960438	0.0	19.059679	0.0	0.0	0.0	0.0	0.0	0.0	0.0	91.34162	0.0	179.9854	0.0	0.0	102.06388	0.0	0.0
0.0	70.641884	0.0	91.379005	0.0	0.0	8.589049	0.0	0.0	0.0	0.0	10.43472	0.0	0.0	338.78146	0.0	163.56612	0.0	0.0	181.39671	0.0	0.0	0.0	106.13934	0.0	0.0	153.21648	0.0	0.0	100.15237	0.0	0.0	0.0	0.0	0.0	115.304146	0.0	29.854227	0.0	0.0	98.634674	13.660469	154.1922	0.0	0.0	0.0	95.05569	117.36279	69.56479	0.0	0.0	0.0	0.0	150.98558	0.0	0.0	9.375142	0.0	0.0	94.13529	54.11998	0.0	0.0	0.0	0.0	0.0	30.84703	121.154335	0.0	171.10974	100.85492	0.0	192.0677	0.0	95.02755	0.0	0.0	0.0	82.6528	0.0	0.0	86.90918	119.24194	0.0	353.44296	12.122291	0.0	0.0	114.2111	210.78065	0.0	0.0	32.49155	0.0	0.0	3.1753476	296.9921	0.0	0.0	0.0	43.54765	0.0	0.0	0.0	176.6795	285.38953	0.0	93.04184	0.0	0.0	43.211502	0.0	18.896593	0.0	0.0	0.0	0.0	0.0	0.0	0.0	93.91744	0.0	186.5913	0.0	0.0	106.05445	0.0	0.0
0.0	71.694756	0.0	97.67843	0.0	0.0	11.193261	0.0	0.0	0.0	0.0	11.555233	0.0	0.0	359.84677	0.0	173.81818	0.0	0.0	189.30763	0.0	0.0	0.0	113.56455	0.0	0.0	162.94519	0.0	0.0	106.82119	0.0	0.0	0.0	0.0	0.0	120.00031	0.0	31.859583	0.0	0.0	103.762115	15.148525	162.0984	0.0	0.0	0.0	99.7205	124.20193	73.530785	0.0	0.0	0.0	0.0	158.96165	0.0	0.0	10.633808	0.0	0.0	100.46323	58.12025	0.0	0.0	0.0	0.0	0.0	34.627003	127.94071	0.0	180.81067	106.36361	0.0	204.39342	0.0	97.85974	0.48581055	0.0	0.0	86.29144	0.0	0.0	91.93	125.56632	0.0	370.9451	11.869281	0.0	0.0	120.00202	224.82605	0.0	0.0	33.799847	0.0	0.0	4.980686	311.5681	0.0	0.0	0.0	47.271576	0.0	0.0	0.0	185.82216	300.80054	0.0	99.28843	0.0	0.0	46.607056	0.0	18.424734	0.0	0.0	0.0	0.0	0.0	0.0	0.0	97.78781	0.0	197.51521	0.0	0.0	112.36137	0.0	0.0
0.0	70.292885	0.0	91.018555	0.0	0.0	8.944548	0.0	0.0	0.0	0.0	10.239795	0.0	0.0	338.69678	0.0	163.62251	0.0	0.0	181.25114	0.0	0.0	0.0	106.29523	0.0	0.0	153.35913	0.0	0.0	100.02172	0.0	0.0	0.0	0.0	0.0	114.85321	0.0	29.91433	0.0	0.0	98.79618	13.522594	154.1981	0.0	0.0	0.0	94.82278	117.36004	69.392815	0.0	0.0	0.0	0.0	150.41095	0.0	0.0	9.347337	0.0	0.0	94.291725	54.204174	0.0	0.0	0.0	0.0	0.0	30.782316	120.998924	0.0	170.87164	100.755066	0.0	192.19667	0.0	94.72113	0.0	0.0	0.0	82.902306	0.0	0.0	87.181175	118.80427	0.0	353.1703	11.828561	0.0	0.0	113.72837	210.96083	0.0	0.0	32.30739	0.0	0.0	3.1234303	296.59512	0.0	0.0	0.0	43.80951	0.0	0.0	0.0	176.42839	285.43356	0.0	93.25965	0.0	0.0	43.200764	0.0	18.903173	0.0	0.0	0.0	0.0	0.0	0.0	0.0	93.357155	0.0	186.00053	0.0	0.0	106.07209	0.0	0.0
0.0	69.94003	0.0	88.01386	0.0	0.0	7.4359517	0.0	0.0	0.0	0.0	9.799295	0.0	0.0	328.6522	0.0	158.95634	0.0	0.0	177.57788	0.0	0.0	0.0	102.792244	0.0	0.0	149.09082	0.0	0.0	96.77246	0.0	0.0	0.0	0.0	0.0	112.894745	0.0	28.977274	0.0	0.0	96.235115	12.835667	150.46074	0.0	0.0	0.0	92.736145	114.456696	67.35144	0.0	0.0	0.0	0.0	146.75197	0.0	0.0	9.044509	0.0	0.0	91.29437	52.438892	0.0	0.0	0.0	0.0	0.0	29.131021	117.79824	0.0	166.48878	98.29307	0.0	186.45528	0.0	93.38589	0.0	0.0	0.0	81.266304	0.0	0.0	84.69933	116.00153	0.0	344.87216	11.7863245	0.0	0.0	111.125145	204.60078	0.0	0.0	31.57387	0.0	0.0	2.0908172	289.5487	0.0	0.0	0.0	42.178112	0.0	0.0	0.0	172.21242	278.57742	0.0	90.516396	0.0	0.0	41.43565	0.0	19.103134	0.0	0.0	0.0	0.0	0.0	0.0	0.0	91.60961	0.0	181.31714	0.0	0.0	103.162285	0.0	0.0
0.0	70.50533	0.0	89.061455	0.0	0.0	7.6465945	0.0	0.0	0.0	0.0	10.00135	0.0	0.0	331.86752	0.0	160.42896	0.0	0.0	178.95905	0.0	0.0	0.0	103.76333	0.0	0.0	150.27971	0.0	0.0	97.8135	0.0	0.0	0.0	0.0	0.0	113.879234	0.0	29.23217	0.0	0.0	97.0751	13.1985235	151.80473	0.0	0.0	0.0	93.43673	115.56136	68.20226	0.0	0.0	0.0	0.0	148.35461	0.0	0.0	9.32057	0.0	0.0	92.02581	53.079865	0.0	0.0	0.0	0.0	0.0	29.443628	119.026695	0.0	167.8619	99.03738	0.0	188.45818	0.0	93.92733	0.0	0.0	0.0	81.797966	0.0	0.0	85.56897	117.23944	0.0	347.77896	11.896648	0.0	0.0	111.98452	206.45775	0.0	0.0	32.007515	0.0	0.0	2.3905175	291.73422	0.0	0.0	0.0	42.863342	0.0	0.0	0.0	173.65077	280.75214	0.0	91.218315	0.0	0.0	41.72458	0.0	19.006523	0.0	0.0	0.0	0.0	0.0	0.0	0.0	92.56134	0.0	182.74963	0.0	0.0	103.874504	0.0	0.0
0.0	70.70661	0.0	90.29797	0.0	0.0	8.214671	0.0	0.0	0.0	0.0	10.036815	0.0	0.0	335.8124	0.0	162.2536	0.0	0.0	180.56917	0.0	0.0	0.0	104.95276	0.0	0.0	152.13496	0.0	0.0	99.0958	0.0	0.0	0.0	0.0	0.0	114.82354	0.0	29.487707	0.0	0.0	98.36127	13.353615	153.22072	0.0	0.0	0.0	94.311226	116.70841	68.91623	0.0	0.0	0.0	0.0	149.84459	0.0	0.0	9.132733	0.0	0.0	93.35624	53.727398	0.0	0.0	0.0	0.0	0.0	30.107483	120.318596	0.0	169.81706	100.14728	0.0	190.57683	0.0	94.669685	0.0	0.0	0.0	82.616135	0.0	0.0	86.470726	118.45486	0.0	351.2485	11.898956	0.0	0.0	113.21371	209.04333	0.0	0.0	32.194878	0.0	0.0	2.7120388	294.80392	0.0	0.0	0.0	43.115997	0.0	0.0	0.0	175.53963	283.82877	0.0	92.372536	0.0	0.0	42.615723	0.0	19.0846	0.0	0.0	0.0	0.0	0.0	0.0	0.0	93.37812	0.0	184.97688	0.0	0.0	105.14029	0.0	0.0
0.0	71.87321	0.0	98.723335	0.0	0.0	11.323883	0.0	0.0	0.0	0.0	11.967603	0.0	0.0	363.9043	0.0	175.62715	0.0	0.0	190.94963	0.0	0.0	0.0	114.98879	0.0	0.0	164.35138	0.0	0.0	107.90164	0.0	0.0	0.0	0.0	0.0	121.1217	0.0	32.24115	0.0	0.0	104.62582	15.208511	163.59303	0.0	0.0	0.0	101.03274	125.4692	74.281685	0.0	0.0	0.0	0.0	160.6263	0.0	0.0	10.819679	0.0	0.0	101.44399	58.594013	0.0	0.0	0.0	0.0	0.0	35.224884	129.18369	0.0	182.91438	107.623405	0.0	206.32117	0.0	98.860374	0.4162413	0.0	0.0	86.635826	0.0	0.0	92.6474	126.55017	0.0	374.38074	12.086357	0.0	0.0	121.22922	227.34302	0.0	0.0	34.303307	0.0	0.0	5.134028	314.67178	0.0	0.0	0.0	48.0386	0.0	0.0	0.0	187.7199	303.57767	0.0	100.43173	0.0	0.0	47.127075	0.0	18.7864	0.0	0.0	0.0	0.0	0.0	0.0	0.0	98.576996	0.0	199.74504	0.0	0.0	113.628944	0.0	0.0
0.0	72.33744	0.0	92.41697	0.0	0.0	9.184521	0.0	0.0	0.0	0.0	10.691906	0.0	0.0	342.81567	0.0	166.12965	0.0	0.0	183.74023	0.0	0.0	0.0	107.41992	0.0	0.0	154.7703	0.0	0.0	101.34814	0.0	0.0	0.0	0.0	0.0	117.61127	0.0	29.481634	0.0	0.0	99.351135	13.638795	155.51634	0.0	0.0	0.0	96.27923	119.743645	71.05566	0.0	0.0	0.0	0.0	154.65108	0.0	0.0	10.346116	0.0	0.0	94.65388	56.02652	0.0	0.0	0.0	0.0	0.0	31.184807	123.12427	0.0	173.35054	102.59374	0.0	194.96992	0.0	96.956825	0.0	0.0	0.0	82.82552	0.0	0.0	87.40266	121.41824	0.0	356.8955	11.800374	0.0	0.0	115.94993	212.87325	0.0	0.0	32.789047	0.0	0.0	3.8988006	298.92508	0.0	0.0	0.0	45.22575	0.0	0.0	0.0	178.33934	288.61765	0.0	93.24524	0.0	0.0	43.28477	0.0	19.097956	0.0	0.0	0.0	0.0	0.0	0.0	0.0	96.03217	0.0	188.92761	0.0	0.0	106.34777	0.0	0.0
0.0	70.655945	0.0	91.46279	0.0	0.0	8.98787	0.0	0.0	0.0	0.0	10.40542	0.0	0.0	339.65268	0.0	164.02199	0.0	0.0	181.97487	0.0	0.0	0.0	106.42672	0.0	0.0	153.74945	0.0	0.0	100.48041	0.0	0.0	0.0	0.0	0.0	115.494415	0.0	29.816956	0.0	0.0	99.16256	13.748563	154.69202	0.0	0.0	0.0	95.13261	117.795296	69.752556	0.0	0.0	0.0	0.0	151.2531	0.0	0.0	9.525131	0.0	0.0	94.58027	54.428265	0.0	0.0	0.0	0.0	0.0	30.81013	121.53828	0.0	171.25435	101.1987	0.0	192.95941	0.0	94.864624	0.0	0.0	0.0	83.28699	0.0	0.0	87.39224	119.45359	0.0	354.6067	11.798676	0.0	0.0	114.067406	211.50562	0.0	0.0	32.4164	0.0	0.0	3.3475285	297.69803	0.0	0.0	0.0	43.87753	0.0	0.0	0.0	177.13899	286.4592	0.0	93.45657	0.0	0.0	43.328007	0.0	18.80178	0.0	0.0	0.0	0.0	0.0	0.0	0.0	93.97299	0.0	186.66725	0.0	0.0	106.39315	0.0	0.0
0.0	70.46329	0.0	89.28925	0.0	0.0	7.838344	0.0	0.0	0.0	0.0	9.970725	0.0	0.0	332.22394	0.0	160.7029	0.0	0.0	179.25874	0.0	0.0	0.0	103.79232	0.0	0.0	150.6405	0.0	0.0	98.04309	0.0	0.0	0.0	0.0	0.0	113.84498	0.0	29.101645	0.0	0.0	97.32623	13.226672	151.93846	0.0	0.0	0.0	93.52334	115.38507	68.2542	0.0	0.0	0.0	0.0	148.23317	0.0	0.0	9.052922	0.0	0.0	92.16038	53.09425	0.0	0.0	0.0	0.0	0.0	29.325953	119.09147	0.0	167.96922	99.2886	0.0	188.69006	0.0	93.9363	0.0	0.0	0.0	81.92771	0.0	0.0	85.65967	117.2062	0.0	348.24683	11.829719	0.0	0.0	112.16917	206.81114	0.0	0.0	31.747162	0.0	0.0	2.573899	292.40088	0.0	0.0	0.0	42.675537	0.0	0.0	0.0	174.02217	281.32205	0.0	91.33729	0.0	0.0	42.061077	0.0	19.052353	0.0	0.0	0.0	0.0	0.0	0.0	0.0	92.559135	0.0	182.89833	0.0	0.0	104.1087	0.0	0.0
0.0	71.37788	0.0	92.15436	0.0	0.0	9.087288	0.0	0.0	0.0	0.0	10.4791975	0.0	0.0	343.25708	0.0	165.8452	0.0	0.0	183.35158	0.0	0.0	0.0	107.57211	0.0	0.0	154.94054	0.0	0.0	101.3255	0.0	0.0	0.0	0.0	0.0	116.6972	0.0	29.975481	0.0	0.0	99.96549	13.530101	155.64217	0.0	0.0	0.0	96.30605	119.30969	70.364235	0.0	0.0	0.0	0.0	153.40381	0.0	0.0	10.036803	0.0	0.0	94.89962	55.36818	0.0	0.0	0.0	0.0	0.0	31.216196	122.52704	0.0	173.11061	102.1704	0.0	194.95705	0.0	96.42487	0.0	0.0	0.0	83.23425	0.0	0.0	87.70132	120.82574	0.0	356.98672	12.138318	0.0	0.0	115.85963	213.50677	0.0	0.0	32.889126	0.0	0.0	3.549134	299.42184	0.0	0.0	0.0	45.05425	0.0	0.0	0.0	178.92664	288.6143	0.0	94.04645	0.0	0.0	43.68375	0.0	19.393639	0.0	0.0	0.0	0.0	0.0	0.0	0.0	95.23411	0.0	188.67088	0.0	0.0	107.0006	0.0	0.0
0.0	72.57691	0.0	100.84674	0.0	0.0	12.6395235	0.0	0.0	0.0	0.0	12.396132	0.0	0.0	370.82748	0.0	179.52245	0.0	0.0	193.4231	0.0	0.0	0.0	117.34808	0.0	0.0	168.06392	0.0	0.0	110.40778	0.0	0.0	0.0	0.0	0.0	123.03898	0.0	32.49815	0.0	0.0	106.034935	15.620862	166.17426	0.0	0.0	0.0	102.5131	127.98331	75.53046	0.0	0.0	0.0	0.0	163.75415	0.0	0.0	11.413109	0.0	0.0	103.437035	60.232574	0.0	0.0	0.0	0.0	0.0	36.316635	131.78844	0.0	186.52252	109.41831	0.0	210.74953	0.0	99.94495	1.0428218	0.0	0.0	87.92683	0.0	0.0	94.25474	129.10869	0.0	380.1604	11.876961	0.0	0.0	123.179565	232.20927	0.0	0.0	34.65793	0.0	0.0	6.071195	319.15955	0.0	0.0	0.0	49.33629	0.0	0.0	0.0	190.81871	309.33347	0.0	102.56162	0.0	0.0	48.26681	0.0	18.855139	0.0	0.0	0.0	0.0	0.0	0.0	0.0	99.91873	0.0	203.81642	0.0	0.0	115.54312	0.0	0.0
0.0	71.81386	0.0	97.10272	0.0	0.0	11.184692	0.0	0.0	0.0	0.0	11.562261	0.0	0.0	360.40054	0.0	173.91594	0.0	0.0	189.61684	0.0	0.0	0.0	113.4264	0.0	0.0	162.4934	0.0	0.0	106.56475	0.0	0.0	0.0	0.0	0.0	119.878105	0.0	31.592422	0.0	0.0	104.20944	14.796188	161.86205	0.0	0.0	0.0	100.06246	124.41184	73.37495	0.0	0.0	0.0	0.0	159.2513	0.0	0.0	10.830216	0.0	0.0	100.21076	57.995895	0.0	0.0	0.0	0.0	0.0	34.369473	128.1558	0.0	180.98169	106.40973	0.0	204.35963	0.0	98.53217	0.10280413	0.0	0.0	86.234535	0.0	0.0	91.74401	125.37328	0.0	371.4044	12.260121	0.0	0.0	120.03638	224.78813	0.0	0.0	34.27157	0.0	0.0	4.859776	311.34824	0.0	0.0	0.0	47.76695	0.0	0.0	0.0	186.09538	300.77933	0.0	99.351135	0.0	0.0	46.667816	0.0	18.612867	0.0	0.0	0.0	0.0	0.0	0.0	0.0	97.66131	0.0	197.46214	0.0	0.0	111.96722	0.0	0.0
0.0	71.46854	0.0	94.63102	0.0	0.0	10.200607	0.0	0.0	0.0	0.0	10.858045	0.0	0.0	351.38736	0.0	169.52211	0.0	0.0	186.52809	0.0	0.0	0.0	110.36057	0.0	0.0	158.38617	0.0	0.0	103.98638	0.0	0.0	0.0	0.0	0.0	118.037964	0.0	30.944199	0.0	0.0	102.151955	14.136922	158.7437	0.0	0.0	0.0	97.97738	121.59663	71.84876	0.0	0.0	0.0	0.0	155.84697	0.0	0.0	10.298031	0.0	0.0	97.62729	56.39333	0.0	0.0	0.0	0.0	0.0	32.860043	125.3066	0.0	176.78786	104.09435	0.0	199.19554	0.0	97.141426	0.0	0.0	0.0	85.07093	0.0	0.0	89.71751	123.08881	0.0	364.2941	12.215393	0.0	0.0	117.67428	218.60747	0.0	0.0	33.767452	0.0	0.0	4.153873	305.48083	0.0	0.0	0.0	45.962223	0.0	0.0	0.0	182.0978	294.1645	0.0	96.8933	0.0	0.0	45.160778	0.0	18.936205	0.0	0.0	0.0	0.0	0.0	0.0	0.0	96.20707	0.0	192.98755	0.0	0.0	109.48043	0.0	0.0
0.0	71.52945	0.0	95.0119	0.0	0.0	10.498603	0.0	0.0	0.0	0.0	11.001545	0.0	0.0	353.65005	0.0	170.72783	0.0	0.0	186.88025	0.0	0.0	0.0	111.32312	0.0	0.0	159.43753	0.0	0.0	104.55738	0.0	0.0	0.0	0.0	0.0	118.51431	0.0	31.096445	0.0	0.0	102.651085	14.170228	159.53984	0.0	0.0	0.0	98.52706	122.78785	72.23902	0.0	0.0	0.0	0.0	156.96709	0.0	0.0	10.774011	0.0	0.0	98.16372	56.917805	0.0	0.0	0.0	0.0	0.0	33.376144	125.90012	0.0	177.94841	104.586586	0.0	200.52452	0.0	97.72843	0.0	0.0	0.0	85.1264	0.0	0.0	90.105736	123.79263	0.0	365.4263	12.285865	0.0	0.0	118.396706	220.2192	0.0	0.0	33.793404	0.0	0.0	4.546066	306.42047	0.0	0.0	0.0	46.736454	0.0	0.0	0.0	183.14632	295.63425	0.0	97.55726	0.0	0.0	45.30577	0.0	19.05969	0.0	0.0	0.0	0.0	0.0	0.0	0.0	96.655334	0.0	194.2075	0.0	0.0	109.95099	0.0	0.0
0.0	72.606094	0.0	99.29958	0.0	0.0	12.20219	0.0	0.0	0.0	0.0	11.945438	0.0	0.0	368.9309	0.0	178.55835	0.0	0.0	192.82689	0.0	0.0	0.0	116.45361	0.0	0.0	166.04106	0.0	0.0	109.35052	0.0	0.0	0.0	0.0	0.0	122.33667	0.0	32.464336	0.0	0.0	105.787384	14.755391	164.86714	0.0	0.0	0.0	102.70541	127.835335	74.773994	0.0	0.0	0.0	0.0	163.00609	0.0	0.0	11.549248	0.0	0.0	101.98405	60.0856	0.0	0.0	0.0	0.0	0.0	35.756584	130.76857	0.0	185.38428	108.79462	0.0	209.30847	0.0	100.82485	0.1626472	0.0	0.0	86.83294	0.0	0.0	92.970726	128.31013	0.0	377.69083	12.429925	0.0	0.0	123.183784	230.21312	0.0	0.0	34.784687	0.0	0.0	5.744229	316.7313	0.0	0.0	0.0	50.02185	0.0	0.0	0.0	189.70757	306.78308	0.0	101.96932	0.0	0.0	47.459183	0.0	19.428314	0.0	0.0	0.0	0.0	0.0	0.0	0.0	99.37778	0.0	202.33142	0.0	0.0	114.49375	0.0	0.0
0.0	66.99051	0.0	79.20566	0.0	0.0	5.6102576	0.0	0.0	0.0	0.0	9.196688	0.0	0.0	297.73746	0.0	145.34937	0.0	0.0	164.20996	0.0	0.0	0.0	91.78363	0.0	0.0	135.25331	0.0	0.0	88.0382	0.0	0.0	0.0	0.0	0.0	104.27711	0.0	25.91832	0.0	0.0	87.671295	10.990585	137.5472	0.0	0.0	0.0	85.56429	104.301186	61.415478	0.0	0.0	0.0	0.0	134.01881	0.0	0.0	8.689706	0.0	0.0	81.61228	46.19074	0.0	0.0	0.0	0.0	0.0	24.495636	108.52661	0.0	151.96983	89.720215	0.0	168.26067	0.0	87.008415	0.0	0.0	0.0	74.899864	0.0	0.0	76.77359	105.726295	0.0	317.28867	11.462817	0.0	0.0	101.69666	184.68495	0.0	0.0	29.169556	0.0	0.0	0.0	266.07123	0.0	0.0	0.0	37.500046	0.0	0.0	0.0	157.44765	255.06476	0.0	82.81599	0.0	0.0	36.940968	0.0	18.497347	0.0	0.0	0.0	0.0	0.0	0.0	0.0	84.193855	0.0	165.84344	0.0	0.0	93.665535	0.0	0.0
0.0	69.15653	0.0	82.4598	0.0	0.0	5.7271295	0.0	0.0	0.0	0.0	9.622091	0.0	0.0	306.50037	0.0	149.57588	0.0	0.0	169.80353	0.0	0.0	0.0	94.68066	0.0	0.0	139.9528	0.0	0.0	90.98779	0.0	0.0	0.0	0.0	0.0	107.36622	0.0	26.726685	0.0	0.0	90.34329	11.7858095	142.4396	0.0	0.0	0.0	87.61523	107.0615	63.77957	0.0	0.0	0.0	0.0	137.67426	0.0	0.0	8.38414	0.0	0.0	84.92045	46.952183	0.0	0.0	0.0	0.0	0.0	25.350164	112.26996	0.0	156.71089	92.24237	0.0	173.15582	0.0	88.99996	0.0	0.0	0.0	78.30338	0.0	0.0	80.01741	109.2313	0.0	328.14545	11.551456	0.0	0.0	104.2467	190.40825	0.0	0.0	30.070967	0.0	0.0	0.0	275.72784	0.0	0.0	0.0	37.13121	0.0	0.0	0.0	162.08437	263.36502	0.0	85.538445	0.0	0.0	38.54158	0.0	18.153002	0.0	0.0	0.0	0.0	0.0	0.0	0.0	86.840996	0.0	171.63112	0.0	0.0	96.92513	0.0	0.0
0.0	70.67161	0.0	85.033394	0.0	0.0	6.349729	0.0	0.0	0.0	0.0	10.119964	0.0	0.0	316.24487	0.0	153.69888	0.0	0.0	174.88463	0.0	0.0	0.0	97.39817	0.0	0.0	144.40068	0.0	0.0	93.894745	0.0	0.0	0.0	0.0	0.0	109.58808	0.0	27.780588	0.0	0.0	94.21841	12.583127	147.2373	0.0	0.0	0.0	89.38495	109.64041	65.69944	0.0	0.0	0.0	0.0	140.99947	0.0	0.0	7.6152344	0.0	0.0	88.536255	47.410873	0.0	0.0	0.0	0.0	0.0	25.885332	116.4882	0.0	161.00703	94.17639	0.0	178.44481	0.0	90.366264	0.0	0.0	0.0	82.174225	0.0	0.0	83.6834	112.3693	0.0	339.2051	11.850357	0.0	0.0	105.50466	196.46666	0.0	0.0	31.393442	0.0	0.0	0.37280723	284.54874	0.0	0.0	0.0	37.408432	0.0	0.0	0.0	167.0476	271.43576	0.0	88.80224	0.0	0.0	40.12443	0.0	17.514868	0.0	0.0	0.0	0.0	0.0	0.0	0.0	88.78656	0.0	176.4428	0.0	0.0	100.16227	0.0	0.0
0.0	68.00517	0.0	81.10775	0.0	0.0	5.948766	0.0	0.0	0.0	0.0	9.552051	0.0	0.0	303.9609	0.0	147.95485	0.0	0.0	167.37056	0.0	0.0	0.0	93.67953	0.0	0.0	138.11784	0.0	0.0	90.0806	0.0	0.0	0.0	0.0	0.0	105.759575	0.0	26.486277	0.0	0.0	89.9234	11.461621	140.63141	0.0	0.0	0.0	86.72628	106.08596	62.763157	0.0	0.0	0.0	0.0	136.53136	0.0	0.0	8.396365	0.0	0.0	83.764275	46.67288	0.0	0.0	0.0	0.0	0.0	24.933386	111.267204	0.0	154.90837	91.0212	0.0	171.78192	0.0	88.05072	0.0	0.0	0.0	77.159676	0.0	0.0	78.87989	108.011284	0.0	324.137	11.695203	0.0	0.0	102.62316	188.57259	0.0	0.0	30.154154	0.0	0.0	0.5617123	271.62927	0.0	0.0	0.0	37.793003	0.0	0.0	0.0	160.61873	260.03397	0.0	84.93475	0.0	0.0	37.858704	0.0	17.949442	0.0	0.0	0.0	0.0	0.0	0.0	0.0	85.51232	0.0	169.06877	0.0	0.0	95.60589	0.0	0.0
0.0	69.995766	0.0	84.53226	0.0	0.0	6.0319114	0.0	0.0	0.0	0.0	9.800302	0.0	0.0	313.32413	0.0	152.56627	0.0	0.0	173.15625	0.0	0.0	0.0	96.889305	0.0	0.0	143.22862	0.0	0.0	92.96435	0.0	0.0	0.0	0.0	0.0	109.0257	0.0	27.486008	0.0	0.0	92.70008	12.541276	145.58662	0.0	0.0	0.0	89.0556	109.25089	65.26702	0.0	0.0	0.0	0.0	140.12941	0.0	0.0	8.134135	0.0	0.0	87.48463	47.760014	0.0	0.0	0.0	0.0	0.0	26.258059	114.75033	0.0	159.78737	93.96847	0.0	176.8681	0.0	89.99523	0.0	0.0	0.0	80.37384	0.0	0.0	82.36651	111.399445	0.0	335.41663	11.637181	0.0	0.0	105.7087	194.79146	0.0	0.0	30.612734	0.0	0.0	0.0	281.77414	0.0	0.0	0.0	37.44922	0.0	0.0	0.0	165.19165	268.89868	0.0	87.36643	0.0	0.0	39.585682	0.0	17.894073	0.0	0.0	0.0	0.0	0.0	0.0	0.0	88.328705	0.0	175.18683	0.0	0.0	99.07578	0.0	0.0
0.0	69.098885	0.0	84.494286	0.0	0.0	6.6426253	0.0	0.0	0.0	0.0	10.5462265	0.0	0.0	315.0231	0.0	152.81767	0.0	0.0	172.70705	0.0	0.0	0.0	96.41413	0.0	0.0	142.88129	0.0	0.0	94.1105	0.0	0.0	0.0	0.0	0.0	107.41248	0.0	27.589403	0.0	0.0	93.51554	12.159808	145.25517	0.0	0.0	0.0	88.69474	108.49158	64.824	0.0	0.0	0.0	0.0	139.7469	0.0	0.0	7.057844	0.0	0.0	86.4334	46.55305	0.0	0.0	0.0	0.0	0.0	25.062365	115.706566	0.0	159.59958	92.75298	0.0	177.52034	0.0	88.99755	0.0	0.0	0.0	80.89587	0.0	0.0	81.8804	111.05186	0.0	335.64575	12.538568	0.0	0.0	104.322296	195.08394	0.0	0.0	31.296885	0.0	0.0	0.968977	281.1598	0.0	0.0	0.0	38.47238	0.0	0.0	0.0	165.8939	268.5107	0.0	89.46857	0.0	0.0	39.84699	0.0	16.84852	0.0	0.0	0.0	0.0	0.0	0.0	0.0	86.82596	0.0	174.14027	0.0	0.0	99.10653	0.0	0.0
0.0	66.96415	0.0	78.33801	0.0	0.0	5.6829276	0.0	0.0	0.0	0.0	9.290984	0.0	0.0	295.0963	0.0	143.86879	0.0	0.0	163.02557	0.0	0.0	0.0	90.4974	0.0	0.0	133.72795	0.0	0.0	87.23071	0.0	0.0	0.0	0.0	0.0	103.128365	0.0	25.634644	0.0	0.0	87.30963	10.71659	136.42108	0.0	0.0	0.0	84.53611	103.29312	60.953217	0.0	0.0	0.0	0.0	133.04024	0.0	0.0	8.783025	0.0	0.0	80.65742	45.23706	0.0	0.0	0.0	0.0	0.0	23.75055	108.15924	0.0	150.54384	88.274284	0.0	166.61763	0.0	86.37027	0.0	0.0	0.0	74.77653	0.0	0.0	76.41534	104.96572	0.0	315.14212	11.752614	0.0	0.0	100.011024	182.82408	0.0	0.0	29.544312	0.0	0.0	0.055952102	263.61255	0.0	0.0	0.0	36.89513	0.0	0.0	0.0	156.15016	252.71318	0.0	82.377266	0.0	0.0	36.65811	0.0	17.754076	0.0	0.0	0.0	0.0	0.0	0.0	0.0	83.34335	0.0	164.3249	0.0	0.0	92.5505	0.0	0.0
0.0	68.59708	0.0	83.18279	0.0	0.0	6.6928153	0.0	0.0	0.0	0.0	10.681409	0.0	0.0	311.2947	0.0	150.89421	0.0	0.0	170.53545	0.0	0.0	0.0	94.477356	0.0	0.0	140.3521	0.0	0.0	93.041374	0.0	0.0	0.0	0.0	0.0	105.62389	0.0	27.010561	0.0	0.0	92.61692	11.307967	142.55171	0.0	0.0	0.0	87.548454	107.03768	63.90799	0.0	0.0	0.0	0.0	138.38853	0.0	0.0	7.3568225	0.0	0.0	83.96663	45.727085	0.0	0.0	0.0	0.0	0.0	24.208778	114.668434	0.0	157.135	90.80984	0.0	175.25221	0.0	87.95496	0.0	0.0	0.0	79.51557	0.0	0.0	80.259964	109.663475	0.0	330.96387	13.212062	0.0	0.0	102.87329	192.24225	0.0	0.0	31.272253	0.0	0.0	1.2373327	276.58755	0.0	0.0	0.0	38.578136	0.0	0.0	0.0	163.91472	264.3005	0.0	88.7299	0.0	0.0	39.241776	0.0	16.52045	0.0	0.0	0.0	0.0	0.0	0.0	0.0	85.70627	0.0	171.34058	0.0	0.0	97.43934	0.0	0.0
0.0	71.39246	0.0	87.89881	0.0	0.0	7.364128	0.0	0.0	0.0	0.0	11.656053	0.0	0.0	327.11853	0.0	158.3308	0.0	0.0	179.0144	0.0	0.0	0.0	99.34683	0.0	0.0	147.44203	0.0	0.0	98.26767	0.0	0.0	0.0	0.0	0.0	109.41626	0.0	28.326271	0.0	0.0	97.26009	11.8786955	149.27057	0.0	0.0	0.0	91.11368	111.31888	67.01461	0.0	0.0	0.0	0.0	144.0244	0.0	0.0	6.6136165	0.0	0.0	87.81524	47.02939	0.0	0.0	0.0	0.0	0.0	24.908592	120.77301	0.0	164.45326	94.39316	0.0	183.52592	0.0	90.73698	0.0	0.0	0.0	84.367294	0.0	0.0	84.47721	114.576904	0.0	348.15494	13.911553	0.0	0.0	106.8942	202.16603	0.0	0.0	32.97946	0.0	0.0	1.7437738	290.86234	0.0	0.0	0.0	39.803123	0.0	0.0	0.0	171.77966	277.40756	0.0	94.37732	0.0	0.0	41.81174	0.0	15.8958025	0.0	0.0	0.0	0.0	0.0	0.0	0.0	88.74331	0.0	179.53825	0.0	0.0	102.36715	0.0	0.0
0.0	71.04355	0.0	85.80576	0.0	0.0	6.0648026	0.0	0.0	0.0	0.0	10.150327	0.0	0.0	316.06485	0.0	154.03484	0.0	0.0	175.49634	0.0	0.0	0.0	97.812904	0.0	0.0	144.92912	0.0	0.0	94.05428	0.0	0.0	0.0	0.0	0.0	110.167854	0.0	27.832705	0.0	0.0	93.60818	12.791118	147.59857	0.0	0.0	0.0	89.550514	109.78009	66.09939	0.0	0.0	0.0	0.0	141.14186	0.0	0.0	7.502304	0.0	0.0	88.864555	47.423878	0.0	0.0	0.0	0.0	0.0	26.227442	116.45995	0.0	161.39616	94.70304	0.0	178.34444	0.0	90.43403	0.0	0.0	0.0	82.31155	0.0	0.0	83.9046	112.674385	0.0	340.13058	11.55981	0.0	0.0	106.20019	196.57784	0.0	0.0	31.115417	0.0	0.0	0.0	286.07376	0.0	0.0	0.0	36.6443	0.0	0.0	0.0	166.87624	272.16617	0.0	88.640465	0.0	0.0	40.323105	0.0	17.423685	0.0	0.0	0.0	0.0	0.0	0.0	0.0	89.2893	0.0	177.42577	0.0	0.0	100.55265	0.0	0.0
0.0	69.36263	0.0	85.687706	0.0	0.0	7.1521697	0.0	0.0	0.0	0.0	11.581627	0.0	0.0	319.15744	0.0	154.29393	0.0	0.0	173.91614	0.0	0.0	0.0	97.02622	0.0	0.0	143.34145	0.0	0.0	95.86283	0.0	0.0	0.0	0.0	0.0	106.6333	0.0	27.431921	0.0	0.0	94.47317	11.571658	145.17311	0.0	0.0	0.0	88.76951	108.62695	65.523964	0.0	0.0	0.0	0.0	141.07614	0.0	0.0	7.064776	0.0	0.0	85.223015	46.580914	0.0	0.0	0.0	0.0	0.0	24.30467	117.5917	0.0	160.20819	92.31781	0.0	179.56117	0.0	88.24912	0.0	0.0	0.0	81.1818	0.0	0.0	81.88864	111.65902	0.0	338.3295	13.371671	0.0	0.0	104.28831	197.24245	0.0	0.0	32.266384	0.0	0.0	2.1757057	282.33456	0.0	0.0	0.0	39.83635	0.0	0.0	0.0	167.53105	269.85052	0.0	91.280556	0.0	0.0	40.537464	0.0	15.358634	0.0	0.0	0.0	0.0	0.0	0.0	0.0	86.63596	0.0	174.39345	0.0	0.0	99.36848	0.0	0.0
0.0	70.81141	0.0	87.31272	0.0	0.0	7.121568	0.0	0.0	0.0	0.0	11.483372	0.0	0.0	325.18674	0.0	157.21245	0.0	0.0	177.86328	0.0	0.0	0.0	98.66996	0.0	0.0	146.69238	0.0	0.0	97.443504	0.0	0.0	0.0	0.0	0.0	108.874176	0.0	28.442934	0.0	0.0	96.93195	12.255337	148.62018	0.0	0.0	0.0	90.61503	110.81018	66.57035	0.0	0.0	0.0	0.0	143.24998	0.0	0.0	6.5992494	0.0	0.0	87.71927	46.6998	0.0	0.0	0.0	0.0	0.0	25.011728	119.88132	0.0	163.40031	94.00238	0.0	182.50732	0.0	90.15644	0.0	0.0	0.0	83.856285	0.0	0.0	84.23925	113.809746	0.0	346.21338	13.846345	0.0	0.0	106.23019	201.07698	0.0	0.0	32.719166	0.0	0.0	1.7835897	289.07864	0.0	0.0	0.0	39.59596	0.0	0.0	0.0	170.74483	275.8665	0.0	93.46185	0.0	0.0	41.37556	0.0	15.805175	0.0	0.0	0.0	0.0	0.0	0.0	0.0	88.34812	0.0	178.43141	0.0	0.0	101.754875	0.0	0.0
0.0	89.02517	0.0	117.54621	0.0	0.0	11.0165825	0.0	0.0	0.0	0.0	15.40239	0.0	0.0	414.36243	0.0	200.48402	0.0	0.0	229.9922	0.0	0.0	0.0	127.57293	0.0	0.0	192.469	0.0	0.0	128.13893	0.0	0.0	0.0	0.0	0.0	134.6823	0.0	36.865555	0.0	0.0	124.39428	19.131033	193.04497	0.0	0.0	0.0	109.64335	135.80945	87.323456	0.0	0.0	0.0	0.0	176.23402	0.0	0.0	2.9823246	0.0	0.0	117.57148	53.94037	0.0	0.0	0.0	0.0	0.0	32.49608	157.342	0.0	207.12865	117.005585	0.0	230.6468	0.0	105.60919	0.20304419	0.0	0.0	117.02807	0.0	0.0	114.11893	144.5512	0.0	451.0804	14.9225235	0.0	0.0	127.977394	258.7828	0.0	0.0	40.648354	0.0	0.0	2.2885087	379.77603	0.0	0.0	0.0	39.627834	0.0	0.0	0.0	215.60847	355.97592	0.0	124.43925	0.0	0.0	56.70323	0.0	11.271683	0.0	0.0	0.0	0.0	0.0	0.0	0.0	109.25656	0.0	230.77435	0.0	0.0	133.75768	0.0	0.0
0.0	72.8892	0.0	90.36794	0.0	0.0	8.46063	0.0	0.0	0.0	0.0	12.753574	0.0	0.0	335.31638	0.0	162.27528	0.0	0.0	182.66365	0.0	0.0	0.0	102.05774	0.0	0.0	150.61649	0.0	0.0	101.76414	0.0	0.0	0.0	0.0	0.0	109.73893	0.0	28.073172	0.0	0.0	98.84959	11.946422	151.32129	0.0	0.0	0.0	91.79569	112.06821	68.73964	0.0	0.0	0.0	0.0	146.06645	0.0	0.0	6.8179855	0.0	0.0	87.97836	47.66139	0.0	0.0	0.0	0.0	0.0	24.157335	124.560616	0.0	166.56212	94.84485	0.0	187.5155	0.0	90.12036	0.0	0.0	0.0	86.23383	0.0	0.0	85.953026	116.338036	0.0	356.1598	14.217308	0.0	0.0	107.59202	207.9139	0.0	0.0	34.211746	0.0	0.0	2.4094303	296.34912	0.0	0.0	0.0	40.8988	0.0	0.0	0.0	175.39197	282.7414	0.0	97.65179	0.0	0.0	42.955032	0.0	14.033066	0.0	0.0	0.0	0.0	0.0	0.0	0.0	89.16915	0.0	182.23103	0.0	0.0	103.92524	0.0	0.0
0.0	67.77561	0.0	79.43324	0.0	0.0	5.8219438	0.0	0.0	0.0	0.0	9.255325	0.0	0.0	298.10538	0.0	145.66202	0.0	0.0	165.11891	0.0	0.0	0.0	91.734985	0.0	0.0	135.7069	0.0	0.0	88.1795	0.0	0.0	0.0	0.0	0.0	104.509514	0.0	25.691854	0.0	0.0	88.23374	10.945088	138.17265	0.0	0.0	0.0	85.4531	104.33521	61.659695	0.0	0.0	0.0	0.0	134.50243	0.0	0.0	8.535216	0.0	0.0	81.8709	45.81106	0.0	0.0	0.0	0.0	0.0	24.00146	109.403145	0.0	152.404	89.60671	0.0	168.46632	0.0	87.40665	0.0	0.0	0.0	75.97873	0.0	0.0	77.3241	106.217285	0.0	319.1198	11.5105715	0.0	0.0	101.22573	184.95708	0.0	0.0	29.655283	0.0	0.0	0.0	267.1785	0.0	0.0	0.0	36.80225	0.0	0.0	0.0	157.90471	256.05328	0.0	83.335144	0.0	0.0	37.332157	0.0	17.944733	0.0	0.0	0.0	0.0	0.0	0.0	0.0	84.38003	0.0	166.50569	0.0	0.0	93.70444	0.0	0.0
0.0	67.999565	0.0	81.94613	0.0	0.0	6.662464	0.0	0.0	0.0	0.0	10.629361	0.0	0.0	308.38727	0.0	149.62341	0.0	0.0	169.03273	0.0	0.0	0.0	93.38083	0.0	0.0	138.68944	0.0	0.0	92.12307	0.0	0.0	0.0	0.0	0.0	104.40397	0.0	26.358414	0.0	0.0	91.65722	10.840484	140.741	0.0	0.0	0.0	86.88346	105.88721	62.997574	0.0	0.0	0.0	0.0	137.13255	0.0	0.0	7.324913	0.0	0.0	82.39204	45.415466	0.0	0.0	0.0	0.0	0.0	23.510569	113.49664	0.0	155.54008	89.97232	0.0	173.54509	0.0	87.459045	0.0	0.0	0.0	78.54087	0.0	0.0	78.86692	108.44401	0.0	327.75333	13.152394	0.0	0.0	102.04391	190.21948	0.0	0.0	31.056696	0.0	0.0	1.194355	273.34946	0.0	0.0	0.0	38.772655	0.0	0.0	0.0	162.48875	261.63538	0.0	88.07505	0.0	0.0	38.937027	0.0	16.526083	0.0	0.0	0.0	0.0	0.0	0.0	0.0	84.69219	0.0	169.46568	0.0	0.0	96.11042	0.0	0.0
0.0	67.334236	0.0	78.94737	0.0	0.0	5.4248886	0.0	0.0	0.0	0.0	9.284009	0.0	0.0	295.29764	0.0	144.34886	0.0	0.0	163.72935	0.0	0.0	0.0	90.92397	0.0	0.0	134.27423	0.0	0.0	87.44483	0.0	0.0	0.0	0.0	0.0	104.01421	0.0	25.681746	0.0	0.0	86.86152	10.728066	136.57596	0.0	0.0	0.0	85.256516	103.6868	61.15681	0.0	0.0	0.0	0.0	133.72572	0.0	0.0	9.0085745	0.0	0.0	80.75817	45.944775	0.0	0.0	0.0	0.0	0.0	24.27033	108.10712	0.0	151.32121	89.27407	0.0	166.95483	0.0	86.95737	0.0	0.0	0.0	74.31692	0.0	0.0	76.106766	105.40045	0.0	315.89255	11.564576	0.0	0.0	101.349915	183.23814	0.0	0.0	29.477577	0.0	0.0	0.0	264.84497	0.0	0.0	0.0	36.84921	0.0	0.0	0.0	156.44972	253.42291	0.0	82.17269	0.0	0.0	36.74119	0.0	18.390387	0.0	0.0	0.0	0.0	0.0	0.0	0.0	83.97259	0.0	165.34985	0.0	0.0	92.970375	0.0	0.0
0.0	68.5885	0.0	82.85673	0.0	0.0	6.6250625	0.0	0.0	0.0	0.0	10.440749	0.0	0.0	308.95987	0.0	150.13922	0.0	0.0	170.12587	0.0	0.0	0.0	94.00675	0.0	0.0	139.85587	0.0	0.0	92.46371	0.0	0.0	0.0	0.0	0.0	105.70522	0.0	26.800056	0.0	0.0	91.78149	11.42255	141.90701	0.0	0.0	0.0	87.27909	106.512024	63.596664	0.0	0.0	0.0	0.0	137.83955	0.0	0.0	7.243271	0.0	0.0	83.86491	45.805286	0.0	0.0	0.0	0.0	0.0	24.286354	113.90165	0.0	156.5478	90.857994	0.0	173.99956	0.0	88.10784	0.0	0.0	0.0	78.964195	0.0	0.0	79.74868	109.22601	0.0	329.71863	12.708847	0.0	0.0	102.70348	191.02985	0.0	0.0	30.976606	0.0	0.0	0.9543527	275.76053	0.0	0.0	0.0	37.704865	0.0	0.0	0.0	162.98497	263.49484	0.0	87.908806	0.0	0.0	39.10623	0.0	16.764505	0.0	0.0	0.0	0.0	0.0	0.0	0.0	85.417725	0.0	170.9579	0.0	0.0	96.952	0.0	0.0
0.0	69.16996	0.0	82.809326	0.0	0.0	5.7350526	0.0	0.0	0.0	0.0	9.953727	0.0	0.0	307.77686	0.0	150.05583	0.0	0.0	170.85683	0.0	0.0	0.0	94.47781	0.0	0.0	140.45465	0.0	0.0	91.9085	0.0	0.0	0.0	0.0	0.0	107.03339	0.0	26.904366	0.0	0.0	91.433495	12.261376	143.53648	0.0	0.0	0.0	87.50168	106.89019	64.099686	0.0	0.0	0.0	0.0	137.36394	0.0	0.0	7.4486275	0.0	0.0	85.53555	45.74821	0.0	0.0	0.0	0.0	0.0	24.850737	113.611694	0.0	156.95128	91.89227	0.0	173.47041	0.0	88.33844	0.0	0.0	0.0	79.82389	0.0	0.0	80.86854	109.51434	0.0	331.13116	11.830825	0.0	0.0	103.22262	190.90074	0.0	0.0	30.442713	0.0	0.0	0.10282329	277.8507	0.0	0.0	0.0	36.33538	0.0	0.0	0.0	162.6844	264.57108	0.0	87.01499	0.0	0.0	38.927837	0.0	17.207602	0.0	0.0	0.0	0.0	0.0	0.0	0.0	86.41793	0.0	172.26727	0.0	0.0	97.445015	0.0	0.0
0.0	66.97504	0.0	78.92782	0.0	0.0	5.514731	0.0	0.0	0.0	0.0	9.311971	0.0	0.0	295.62744	0.0	144.21573	0.0	0.0	163.64174	0.0	0.0	0.0	90.80707	0.0	0.0	134.24272	0.0	0.0	87.596436	0.0	0.0	0.0	0.0	0.0	103.65842	0.0	25.777288	0.0	0.0	87.23472	11.010402	136.75159	0.0	0.0	0.0	85.04101	103.43482	61.218384	0.0	0.0	0.0	0.0	133.32698	0.0	0.0	8.754083	0.0	0.0	81.0183	45.61735	0.0	0.0	0.0	0.0	0.0	24.113401	108.20713	0.0	150.97813	88.84141	0.0	166.9998	0.0	86.48666	0.0	0.0	0.0	74.62624	0.0	0.0	76.46995	105.19587	0.0	315.86142	11.643848	0.0	0.0	100.72268	183.3614	0.0	0.0	29.364595	0.0	0.0	0.0	264.7255	0.0	0.0	0.0	36.86092	0.0	0.0	0.0	156.51704	253.44621	0.0	82.49121	0.0	0.0	36.670597	0.0	18.236185	0.0	0.0	0.0	0.0	0.0	0.0	0.0	83.68972	0.0	164.9209	0.0	0.0	93.03342	0.0	0.0
0.0	67.59039	0.0	80.63605	0.0	0.0	6.0945015	0.0	0.0	0.0	0.0	9.655415	0.0	0.0	303.1792	0.0	147.1525	0.0	0.0	166.4884	0.0	0.0	0.0	93.14187	0.0	0.0	137.32985	0.0	0.0	89.534676	0.0	0.0	0.0	0.0	0.0	104.83307	0.0	26.47238	0.0	0.0	89.85516	11.357085	140.01222	0.0	0.0	0.0	86.01734	105.42342	62.491055	0.0	0.0	0.0	0.0	135.67401	0.0	0.0	8.275292	0.0	0.0	83.28771	46.132374	0.0	0.0	0.0	0.0	0.0	24.373777	110.85962	0.0	154.0293	89.983734	0.0	171.12505	0.0	87.42355	0.0	0.0	0.0	77.19415	0.0	0.0	78.878136	107.421715	0.0	322.7817	11.959145	0.0	0.0	101.61035	187.84145	0.0	0.0	30.27262	0.0	0.0	0.50126207	270.04047	0.0	0.0	0.0	37.785416	0.0	0.0	0.0	160.0899	258.8171	0.0	84.83488	0.0	0.0	37.780888	0.0	17.549303	0.0	0.0	0.0	0.0	0.0	0.0	0.0	84.86019	0.0	167.82213	0.0	0.0	95.04656	0.0	0.0
0.0	69.71542	0.0	85.19595	0.0	0.0	6.7355995	0.0	0.0	0.0	0.0	10.603869	0.0	0.0	317.77798	0.0	153.90034	0.0	0.0	173.8813	0.0	0.0	0.0	97.26065	0.0	0.0	143.99026	0.0	0.0	94.612495	0.0	0.0	0.0	0.0	0.0	108.31476	0.0	27.819288	0.0	0.0	94.313866	12.309157	146.32104	0.0	0.0	0.0	89.15275	109.39741	65.41177	0.0	0.0	0.0	0.0	141.19893	0.0	0.0	7.439638	0.0	0.0	87.04978	47.226944	0.0	0.0	0.0	0.0	0.0	25.36757	116.57218	0.0	160.62953	93.37356	0.0	179.20534	0.0	89.80185	0.0	0.0	0.0	81.40034	0.0	0.0	82.59365	111.9786	0.0	337.98303	12.6790085	0.0	0.0	105.12989	196.74434	0.0	0.0	31.591019	0.0	0.0	1.3203831	282.81448	0.0	0.0	0.0	39.000046	0.0	0.0	0.0	167.32231	270.63116	0.0	89.8031	0.0	0.0	40.07811	0.0	16.81257	0.0	0.0	0.0	0.0	0.0	0.0	0.0	87.670044	0.0	175.08647	0.0	0.0	99.64496	0.0	0.0
0.0	66.51115	0.0	78.785385	0.0	0.0	5.421074	0.0	0.0	0.0	0.0	9.345395	0.0	0.0	295.8413	0.0	144.22911	0.0	0.0	163.31842	0.0	0.0	0.0	90.872	0.0	0.0	134.10399	0.0	0.0	87.8536	0.0	0.0	0.0	0.0	0.0	103.46219	0.0	25.572563	0.0	0.0	87.058235	11.176922	136.71419	0.0	0.0	0.0	85.01464	103.410164	61.112305	0.0	0.0	0.0	0.0	133.3748	0.0	0.0	8.6152	0.0	0.0	80.89111	45.820835	0.0	0.0	0.0	0.0	0.0	24.051287	108.29437	0.0	151.13356	89.05518	0.0	167.33931	0.0	86.44397	0.0	0.0	0.0	74.29276	0.0	0.0	76.010994	105.38928	0.0	315.4579	11.55952	0.0	0.0	100.7489	183.26515	0.0	0.0	29.388464	0.0	0.0	0.0	264.10657	0.0	0.0	0.0	37.416782	0.0	0.0	0.0	156.47517	252.96187	0.0	82.41153	0.0	0.0	36.64007	0.0	18.046556	0.0	0.0	0.0	0.0	0.0	0.0	0.0	83.51338	0.0	164.75977	0.0	0.0	92.80087	0.0	0.0
0.0	67.161995	0.0	78.70078	0.0	0.0	5.65094	0.0	0.0	0.0	0.0	9.328242	0.0	0.0	296.30127	0.0	144.66156	0.0	0.0	163.91533	0.0	0.0	0.0	90.90588	0.0	0.0	134.4522	0.0	0.0	87.801025	0.0	0.0	0.0	0.0	0.0	103.58387	0.0	25.605804	0.0	0.0	87.575356	10.838997	137.20238	0.0	0.0	0.0	84.95341	103.632996	61.253323	0.0	0.0	0.0	0.0	133.37952	0.0	0.0	8.493758	0.0	0.0	81.10824	45.312378	0.0	0.0	0.0	0.0	0.0	23.735159	108.69574	0.0	151.25623	88.74027	0.0	167.2566	0.0	86.69451	0.0	0.0	0.0	75.34349	0.0	0.0	76.68049	105.48684	0.0	316.84225	11.664823	0.0	0.0	100.528595	183.57286	0.0	0.0	29.492285	0.0	0.0	0.0	265.1953	0.0	0.0	0.0	36.807835	0.0	0.0	0.0	156.91045	254.05388	0.0	83.078186	0.0	0.0	36.90921	0.0	17.970247	0.0	0.0	0.0	0.0	0.0	0.0	0.0	83.64588	0.0	165.17053	0.0	0.0	93.063576	0.0	0.0
0.0	69.20448	0.0	82.42001	0.0	0.0	5.597422	0.0	0.0	0.0	0.0	9.671302	0.0	0.0	305.5325	0.0	149.27362	0.0	0.0	169.76381	0.0	0.0	0.0	94.24597	0.0	0.0	139.6767	0.0	0.0	90.94391	0.0	0.0	0.0	0.0	0.0	107.25446	0.0	26.624336	0.0	0.0	90.185455	11.907455	142.37657	0.0	0.0	0.0	87.36905	106.74179	63.841812	0.0	0.0	0.0	0.0	137.26985	0.0	0.0	8.09975	0.0	0.0	84.91596	46.466595	0.0	0.0	0.0	0.0	0.0	25.19654	112.32664	0.0	156.38737	91.96621	0.0	172.44768	0.0	88.63346	0.0	0.0	0.0	78.50757	0.0	0.0	79.955956	109.09615	0.0	328.1442	11.455864	0.0	0.0	103.765686	189.65942	0.0	0.0	29.91913	0.0	0.0	0.0	275.83432	0.0	0.0	0.0	36.44814	0.0	0.0	0.0	161.61385	263.0532	0.0	85.5701	0.0	0.0	38.46994	0.0	17.984568	0.0	0.0	0.0	0.0	0.0	0.0	0.0	86.69763	0.0	171.59978	0.0	0.0	96.815186	0.0	0.0
0.0	73.87476	0.0	94.67222	0.0	0.0	7.6681843	0.0	0.0	0.0	0.0	10.753882	0.0	0.0	346.54727	0.0	167.49617	0.0	0.0	188.64526	0.0	0.0	0.0	108.60773	0.0	0.0	158.73259	0.0	0.0	102.78417	0.0	0.0	0.0	0.0	0.0	118.802246	0.0	30.746725	0.0	0.0	102.02893	14.619777	160.41241	0.0	0.0	0.0	96.57049	119.640564	72.06838	0.0	0.0	0.0	0.0	153.5473	0.0	0.0	7.7981477	0.0	0.0	98.39191	53.83576	0.0	0.0	0.0	0.0	0.0	30.915878	125.555565	0.0	175.75844	103.32828	0.0	196.40344	0.0	96.77407	0.0	0.0	0.0	88.49996	0.0	0.0	91.499084	122.69568	0.0	367.24692	11.783023	0.0	0.0	115.51798	216.18352	0.0	0.0	33.228497	0.0	0.0	1.9255289	309.38025	0.0	0.0	0.0	41.28293	0.0	0.0	0.0	181.58052	295.4183	0.0	96.32487	0.0	0.0	44.77503	0.0	18.326822	0.0	0.0	0.0	0.0	0.0	0.0	0.0	96.53849	0.0	192.36537	0.0	0.0	110.09806	0.0	0.0
0.0	72.85366	0.0	91.6611	0.0	0.0	7.0342774	0.0	0.0	0.0	0.0	10.51797	0.0	0.0	337.5834	0.0	163.55615	0.0	0.0	184.30603	0.0	0.0	0.0	105.400734	0.0	0.0	154.47205	0.0	0.0	100.06006	0.0	0.0	0.0	0.0	0.0	116.119896	0.0	29.763338	0.0	0.0	99.50037	14.046967	156.2956	0.0	0.0	0.0	94.57785	116.813194	70.05343	0.0	0.0	0.0	0.0	149.95285	0.0	0.0	7.9548707	0.0	0.0	95.23618	52.264297	0.0	0.0	0.0	0.0	0.0	29.440893	122.45699	0.0	171.20518	100.897644	0.0	191.28252	0.0	94.949196	0.0	0.0	0.0	86.166145	0.0	0.0	88.82319	119.54443	0.0	358.42264	11.654151	0.0	0.0	112.96433	210.34566	0.0	0.0	32.404106	0.0	0.0	1.5012074	301.59293	0.0	0.0	0.0	40.651897	0.0	0.0	0.0	177.30727	288.28772	0.0	93.758766	0.0	0.0	43.25259	0.0	18.37723	0.0	0.0	0.0	0.0	0.0	0.0	0.0	94.36383	0.0	187.32417	0.0	0.0	107.006004	0.0	0.0
0.0	72.90965	0.0	91.39539	0.0	0.0	6.885527	0.0	0.0	0.0	0.0	10.38184	0.0	0.0	336.10852	0.0	163.06976	0.0	0.0	183.82744	0.0	0.0	0.0	105.01889	0.0	0.0	153.92346	0.0	0.0	99.610535	0.0	0.0	0.0	0.0	0.0	115.97138	0.0	29.642645	0.0	0.0	99.09756	13.94569	155.6633	0.0	0.0	0.0	94.45721	116.60551	69.8526	0.0	0.0	0.0	0.0	149.62608	0.0	0.0	8.01191	0.0	0.0	94.892365	52.14387	0.0	0.0	0.0	0.0	0.0	29.276514	121.98788	0.0	170.77893	100.680046	0.0	190.3268	0.0	94.81585	0.0	0.0	0.0	85.85281	0.0	0.0	88.474365	119.24048	0.0	357.27957	11.642102	0.0	0.0	112.77567	209.50792	0.0	0.0	32.190365	0.0	0.0	1.3926195	300.76236	0.0	0.0	0.0	40.357357	0.0	0.0	0.0	176.57658	287.4561	0.0	93.38871	0.0	0.0	43.010838	0.0	18.555285	0.0	0.0	0.0	0.0	0.0	0.0	0.0	94.14346	0.0	186.92369	0.0	0.0	106.658875	0.0	0.0
0.0	72.50573	0.0	91.20822	0.0	0.0	6.959894	0.0	0.0	0.0	0.0	10.267645	0.0	0.0	336.5214	0.0	162.99106	0.0	0.0	183.52136	0.0	0.0	0.0	105.08844	0.0	0.0	153.82745	0.0	0.0	99.69689	0.0	0.0	0.0	0.0	0.0	115.89847	0.0	29.621758	0.0	0.0	99.13151	13.9235115	155.57835	0.0	0.0	0.0	94.535614	116.70834	69.6834	0.0	0.0	0.0	0.0	149.65634	0.0	0.0	8.240397	0.0	0.0	94.47616	52.2878	0.0	0.0	0.0	0.0	0.0	29.315207	121.816376	0.0	170.82146	100.630615	0.0	190.58466	0.0	94.98202	0.0	0.0	0.0	85.2669	0.0	0.0	88.03745	119.214264	0.0	356.66635	11.816891	0.0	0.0	113.06107	209.72961	0.0	0.0	32.374943	0.0	0.0	1.4758066	299.92865	0.0	0.0	0.0	41.027637	0.0	0.0	0.0	176.64888	287.05502	0.0	93.34844	0.0	0.0	42.864796	0.0	18.677557	0.0	0.0	0.0	0.0	0.0	0.0	0.0	94.005104	0.0	186.66943	0.0	0.0	106.273865	0.0	0.0
0.0	75.50888	0.0	100.39523	0.0	0.0	9.711018	0.0	0.0	0.0	0.0	11.427685	0.0	0.0	366.40567	0.0	176.4024	0.0	0.0	196.99744	0.0	0.0	0.0	114.98858	0.0	0.0	167.34209	0.0	0.0	109.09336	0.0	0.0	0.0	0.0	0.0	123.605835	0.0	32.521244	0.0	0.0	107.72576	15.778609	168.42343	0.0	0.0	0.0	101.15933	125.659424	75.83842	0.0	0.0	0.0	0.0	161.519	0.0	0.0	8.438015	0.0	0.0	104.39013	56.732265	0.0	0.0	0.0	0.0	0.0	33.725758	132.10008	0.0	185.06639	108.38334	0.0	207.45544	0.0	100.270744	0.0	0.0	0.0	92.67539	0.0	0.0	96.42779	128.93187	0.0	385.10928	12.416095	0.0	0.0	120.994995	228.61517	0.0	0.0	35.10433	0.0	0.0	3.3693047	324.632	0.0	0.0	0.0	43.698532	0.0	0.0	0.0	191.03284	310.14258	0.0	102.07255	0.0	0.0	48.058563	0.0	18.12636	0.0	0.0	0.0	0.0	0.0	0.0	0.0	100.57824	0.0	202.75615	0.0	0.0	116.125175	0.0	0.0
0.0	71.44763	0.0	88.90107	0.0	0.0	6.8381896	0.0	0.0	0.0	0.0	10.005907	0.0	0.0	328.4321	0.0	159.49619	0.0	0.0	179.80803	0.0	0.0	0.0	102.4822	0.0	0.0	150.36913	0.0	0.0	97.22866	0.0	0.0	0.0	0.0	0.0	113.5148	0.0	28.706589	0.0	0.0	96.93154	13.175282	151.88698	0.0	0.0	0.0	92.64208	114.2234	68.12377	0.0	0.0	0.0	0.0	146.54233	0.0	0.0	8.047165	0.0	0.0	92.2656	51.1615	0.0	0.0	0.0	0.0	0.0	28.435389	119.15616	0.0	166.99274	98.50709	0.0	186.08862	0.0	93.38135	0.0	0.0	0.0	83.66868	0.0	0.0	86.04001	116.54233	0.0	348.9232	11.491253	0.0	0.0	110.57993	204.65309	0.0	0.0	31.46769	0.0	0.0	1.011563	293.55774	0.0	0.0	0.0	39.8429	0.0	0.0	0.0	172.86475	280.93228	0.0	91.22831	0.0	0.0	41.856323	0.0	18.751848	0.0	0.0	0.0	0.0	0.0	0.0	0.0	92.09498	0.0	182.6284	0.0	0.0	104.06234	0.0	0.0
0.0	71.24645	0.0	87.81207	0.0	0.0	6.4231224	0.0	0.0	0.0	0.0	10.065877	0.0	0.0	324.30505	0.0	157.63594	0.0	0.0	177.91895	0.0	0.0	0.0	101.14215	0.0	0.0	148.40446	0.0	0.0	95.94181	0.0	0.0	0.0	0.0	0.0	112.70469	0.0	28.396494	0.0	0.0	95.49536	12.955738	150.16658	0.0	0.0	0.0	91.77068	112.96979	67.436066	0.0	0.0	0.0	0.0	145.19348	0.0	0.0	8.350764	0.0	0.0	91.02246	50.569977	0.0	0.0	0.0	0.0	0.0	28.060118	117.8851	0.0	165.29944	97.63874	0.0	183.79002	0.0	92.52711	0.0	0.0	0.0	82.55237	0.0	0.0	84.98594	115.3079	0.0	345.0773	11.395719	0.0	0.0	109.5997	201.97437	0.0	0.0	31.28726	0.0	0.0	0.9223601	290.4117	0.0	0.0	0.0	39.407063	0.0	0.0	0.0	170.75964	277.7142	0.0	89.77545	0.0	0.0	41.194874	0.0	18.461014	0.0	0.0	0.0	0.0	0.0	0.0	0.0	91.50222	0.0	180.79341	0.0	0.0	102.82629	0.0	0.0
0.0	70.71914	0.0	86.848206	0.0	0.0	6.516127	0.0	0.0	0.0	0.0	9.777584	0.0	0.0	322.46826	0.0	156.74002	0.0	0.0	176.52412	0.0	0.0	0.0	100.593895	0.0	0.0	147.23622	0.0	0.0	95.132256	0.0	0.0	0.0	0.0	0.0	111.94931	0.0	28.149866	0.0	0.0	94.69806	12.558975	148.80632	0.0	0.0	0.0	91.40406	112.58689	66.7985	0.0	0.0	0.0	0.0	144.47644	0.0	0.0	8.80432	0.0	0.0	89.95502	50.769817	0.0	0.0	0.0	0.0	0.0	27.88532	116.713165	0.0	164.15588	96.95934	0.0	182.77808	0.0	92.51777	0.0	0.0	0.0	81.34882	0.0	0.0	83.96451	114.57688	0.0	341.96542	11.461205	0.0	0.0	109.44061	200.76105	0.0	0.0	31.015429	0.0	0.0	0.93451244	287.49838	0.0	0.0	0.0	40.034348	0.0	0.0	0.0	169.67107	275.58762	0.0	89.046875	0.0	0.0	40.74007	0.0	18.928953	0.0	0.0	0.0	0.0	0.0	0.0	0.0	90.92397	0.0	179.28105	0.0	0.0	101.820404	0.0	0.0
0.0	71.922516	0.0	89.88746	0.0	0.0	6.7210135	0.0	0.0	0.0	0.0	10.338678	0.0	0.0	331.7247	0.0	160.7498	0.0	0.0	180.95149	0.0	0.0	0.0	103.572044	0.0	0.0	151.6933	0.0	0.0	98.013245	0.0	0.0	0.0	0.0	0.0	114.48246	0.0	29.076162	0.0	0.0	97.7229	13.481586	153.22388	0.0	0.0	0.0	93.190796	115.1003	68.75437	0.0	0.0	0.0	0.0	147.9474	0.0	0.0	8.34147	0.0	0.0	92.89712	51.691578	0.0	0.0	0.0	0.0	0.0	28.777695	120.01968	0.0	168.25586	99.306496	0.0	187.99115	0.0	93.945465	0.0	0.0	0.0	84.17094	0.0	0.0	86.866005	117.412865	0.0	351.604	11.741608	0.0	0.0	111.51217	206.69879	0.0	0.0	31.782217	0.0	0.0	1.432951	295.82056	0.0	0.0	0.0	40.560318	0.0	0.0	0.0	174.5428	283.24704	0.0	91.81437	0.0	0.0	42.24411	0.0	18.514427	0.0	0.0	0.0	0.0	0.0	0.0	0.0	92.983315	0.0	183.75853	0.0	0.0	104.926476	0.0	0.0
0.0	72.643196	0.0	92.778076	0.0	0.0	7.5453625	0.0	0.0	0.0	0.0	10.396625	0.0	0.0	341.3707	0.0	165.15172	0.0	0.0	185.64966	0.0	0.0	0.0	106.62775	0.0	0.0	156.02391	0.0	0.0	101.432625	0.0	0.0	0.0	0.0	0.0	116.889	0.0	30.031641	0.0	0.0	100.66608	14.162353	157.7173	0.0	0.0	0.0	95.51774	117.9389	70.698204	0.0	0.0	0.0	0.0	151.25365	0.0	0.0	7.810718	0.0	0.0	96.330376	52.936718	0.0	0.0	0.0	0.0	0.0	30.211618	123.52195	0.0	173.09953	101.775696	0.0	193.28485	0.0	95.758354	0.0	0.0	0.0	86.71158	0.0	0.0	89.52224	120.663185	0.0	361.14114	11.883288	0.0	0.0	114.15322	212.72374	0.0	0.0	32.663242	0.0	0.0	1.648559	304.06534	0.0	0.0	0.0	41.134945	0.0	0.0	0.0	178.9941	290.68585	0.0	95.09246	0.0	0.0	43.99322	0.0	18.536001	0.0	0.0	0.0	0.0	0.0	0.0	0.0	94.82833	0.0	189.34723	0.0	0.0	108.11965	0.0	0.0
0.0	72.08042	0.0	89.749596	0.0	0.0	6.8528786	0.0	0.0	0.0	0.0	10.19119	0.0	0.0	332.1533	0.0	160.92358	0.0	0.0	181.14043	0.0	0.0	0.0	103.84812	0.0	0.0	151.6876	0.0	0.0	97.865776	0.0	0.0	0.0	0.0	0.0	114.538574	0.0	29.29448	0.0	0.0	97.91208	13.393417	153.46965	0.0	0.0	0.0	93.326256	115.47062	68.70914	0.0	0.0	0.0	0.0	148.1288	0.0	0.0	8.525656	0.0	0.0	93.23264	51.645096	0.0	0.0	0.0	0.0	0.0	28.811407	120.21057	0.0	168.55861	99.28031	0.0	188.04094	0.0	94.20345	0.0	0.0	0.0	84.38564	0.0	0.0	87.03448	117.64709	0.0	352.15976	11.729672	0.0	0.0	111.5658	206.90642	0.0	0.0	32.15528	0.0	0.0	1.2710947	295.9172	0.0	0.0	0.0	40.611908	0.0	0.0	0.0	174.44751	283.43396	0.0	91.884346	0.0	0.0	42.19237	0.0	18.58315	0.0	0.0	0.0	0.0	0.0	0.0	0.0	93.047646	0.0	184.2544	0.0	0.0	104.84207	0.0	0.0
0.0	71.016205	0.0	87.954765	0.0	0.0	6.4238257	0.0	0.0	0.0	0.0	10.063386	0.0	0.0	324.43118	0.0	157.67381	0.0	0.0	177.78996	0.0	0.0	0.0	101.22007	0.0	0.0	148.40324	0.0	0.0	95.98352	0.0	0.0	0.0	0.0	0.0	112.55454	0.0	28.498556	0.0	0.0	95.41784	13.093577	149.9589	0.0	0.0	0.0	91.87289	112.96818	67.3552	0.0	0.0	0.0	0.0	145.00783	0.0	0.0	8.458039	0.0	0.0	90.89944	50.689365	0.0	0.0	0.0	0.0	0.0	28.180353	117.59498	0.0	165.03773	97.6438	0.0	183.7315	0.0	92.450714	0.0	0.0	0.0	82.16604	0.0	0.0	84.824234	115.1005	0.0	344.88452	11.507485	0.0	0.0	109.84231	202.14076	0.0	0.0	31.065163	0.0	0.0	0.9857108	290.36154	0.0	0.0	0.0	39.558754	0.0	0.0	0.0	170.68062	277.64706	0.0	89.79665	0.0	0.0	41.219807	0.0	18.68777	0.0	0.0	0.0	0.0	0.0	0.0	0.0	91.32162	0.0	180.52954	0.0	0.0	102.78281	0.0	0.0
0.0	70.720985	0.0	86.90719	0.0	0.0	6.415629	0.0	0.0	0.0	0.0	9.929956	0.0	0.0	321.0863	0.0	156.04529	0.0	0.0	176.27812	0.0	0.0	0.0	100.088684	0.0	0.0	146.88652	0.0	0.0	94.91519	0.0	0.0	0.0	0.0	0.0	111.44851	0.0	27.979456	0.0	0.0	94.645134	12.891643	148.76068	0.0	0.0	0.0	90.68024	111.7438	66.79604	0.0	0.0	0.0	0.0	143.7299	0.0	0.0	8.325137	0.0	0.0	90.02537	50.040894	0.0	0.0	0.0	0.0	0.0	27.573393	116.77828	0.0	163.42378	96.47506	0.0	181.94153	0.0	91.66215	0.0	0.0	0.0	81.87991	0.0	0.0	84.21243	114.19034	0.0	341.87808	11.296903	0.0	0.0	108.401855	199.84834	0.0	0.0	31.017927	0.0	0.0	0.7170798	287.46103	0.0	0.0	0.0	38.94901	0.0	0.0	0.0	169.0633	274.92227	0.0	88.85178	0.0	0.0	40.78491	0.0	18.261843	0.0	0.0	0.0	0.0	0.0	0.0	0.0	90.54891	0.0	178.8105	0.0	0.0	101.56887	0.0	0.0
0.0	70.715034	0.0	87.529396	0.0	0.0	6.499218	0.0	0.0	0.0	0.0	10.003215	0.0	0.0	324.09848	0.0	157.44148	0.0	0.0	177.32042	0.0	0.0	0.0	101.007484	0.0	0.0	148.17802	0.0	0.0	95.90804	0.0	0.0	0.0	0.0	0.0	112.20936	0.0	28.283325	0.0	0.0	95.4679	13.066926	149.86276	0.0	0.0	0.0	91.492775	112.724396	67.202835	0.0	0.0	0.0	0.0	144.80095	0.0	0.0	8.277608	0.0	0.0	90.79705	50.484394	0.0	0.0	0.0	0.0	0.0	27.960869	117.542656	0.0	164.75642	97.31368	0.0	183.63582	0.0	92.27865	0.0	0.0	0.0	82.31957	0.0	0.0	84.7171	114.98879	0.0	344.2068	11.432011	0.0	0.0	109.30758	201.79137	0.0	0.0	31.133888	0.0	0.0	1.0727037	289.39682	0.0	0.0	0.0	39.70226	0.0	0.0	0.0	170.62395	277.06564	0.0	89.851814	0.0	0.0	41.1416	0.0	18.483232	0.0	0.0	0.0	0.0	0.0	0.0	0.0	91.02927	0.0	180.06413	0.0	0.0	102.45266	0.0	0.0
0.0	72.76855	0.0	92.210205	0.0	0.0	7.163336	0.0	0.0	0.0	0.0	10.444734	0.0	0.0	338.14172	0.0	163.81451	0.0	0.0	184.34473	0.0	0.0	0.0	105.79546	0.0	0.0	154.75917	0.0	0.0	100.31124	0.0	0.0	0.0	0.0	0.0	116.33094	0.0	29.826899	0.0	0.0	99.47825	14.080284	156.4688	0.0	0.0	0.0	94.68265	117.11594	70.31458	0.0	0.0	0.0	0.0	150.33582	0.0	0.0	8.0257	0.0	0.0	95.57572	52.616516	0.0	0.0	0.0	0.0	0.0	29.893293	122.53835	0.0	171.68579	101.096466	0.0	191.50542	0.0	95.089966	0.0	0.0	0.0	86.098976	0.0	0.0	88.95072	119.84205	0.0	358.60416	11.61877	0.0	0.0	113.258125	210.76143	0.0	0.0	32.400364	0.0	0.0	1.738685	302.05258	0.0	0.0	0.0	40.536716	0.0	0.0	0.0	177.37683	288.57385	0.0	93.946434	0.0	0.0	43.474552	0.0	18.3499	0.0	0.0	0.0	0.0	0.0	0.0	0.0	94.44674	0.0	187.91026	0.0	0.0	107.170296	0.0	0.0
0.0	73.36188	0.0	92.18246	0.0	0.0	7.374882	0.0	0.0	0.0	0.0	10.370769	0.0	0.0	341.03967	0.0	165.21812	0.0	0.0	185.56795	0.0	0.0	0.0	106.64194	0.0	0.0	155.63548	0.0	0.0	100.73519	0.0	0.0	0.0	0.0	0.0	117.41635	0.0	29.869064	0.0	0.0	100.31781	13.558743	156.964	0.0	0.0	0.0	96.04089	118.50919	70.52207	0.0	0.0	0.0	0.0	152.12982	0.0	0.0	8.80102	0.0	0.0	95.49174	53.961895	0.0	0.0	0.0	0.0	0.0	30.070152	122.877625	0.0	173.03412	102.21436	0.0	193.52966	0.0	96.66178	0.0	0.0	0.0	85.74204	0.0	0.0	88.94633	120.61804	0.0	360.18735	11.992869	0.0	0.0	114.98916	212.63043	0.0	0.0	32.60018	0.0	0.0	1.8815174	303.09164	0.0	0.0	0.0	42.25507	0.0	0.0	0.0	179.13495	290.53934	0.0	94.2147	0.0	0.0	43.55446	0.0	19.320166	0.0	0.0	0.0	0.0	0.0	0.0	0.0	95.307976	0.0	188.90648	0.0	0.0	107.8805	0.0	0.0
0.0	71.8139	0.0	89.47013	0.0	0.0	6.855854	0.0	0.0	0.0	0.0	10.170344	0.0	0.0	330.7914	0.0	160.44514	0.0	0.0	180.75008	0.0	0.0	0.0	103.281006	0.0	0.0	151.22746	0.0	0.0	97.70539	0.0	0.0	0.0	0.0	0.0	114.30265	0.0	29.046091	0.0	0.0	97.34188	13.269748	152.88924	0.0	0.0	0.0	93.04012	114.859276	68.519775	0.0	0.0	0.0	0.0	147.48259	0.0	0.0	8.243956	0.0	0.0	92.92895	51.619503	0.0	0.0	0.0	0.0	0.0	28.775316	119.80587	0.0	168.04732	99.13962	0.0	187.48787	0.0	93.968956	0.0	0.0	0.0	84.006744	0.0	0.0	86.6806	117.26114	0.0	350.9316	11.558385	0.0	0.0	111.31348	206.07304	0.0	0.0	31.75329	0.0	0.0	1.1957468	295.15976	0.0	0.0	0.0	40.349506	0.0	0.0	0.0	173.8973	282.5807	0.0	91.519104	0.0	0.0	42.234303	0.0	18.618351	0.0	0.0	0.0	0.0	0.0	0.0	0.0	92.787506	0.0	183.56386	0.0	0.0	104.78356	0.0	0.0
0.0	71.07886	0.0	88.34687	0.0	0.0	6.541434	0.0	0.0	0.0	0.0	10.034247	0.0	0.0	326.0586	0.0	158.29472	0.0	0.0	178.4561	0.0	0.0	0.0	101.847404	0.0	0.0	149.31346	0.0	0.0	96.57031	0.0	0.0	0.0	0.0	0.0	112.928535	0.0	28.425364	0.0	0.0	96.12323	13.237079	151.02464	0.0	0.0	0.0	91.789345	113.45154	67.89483	0.0	0.0	0.0	0.0	145.82375	0.0	0.0	8.188102	0.0	0.0	91.7208	50.889706	0.0	0.0	0.0	0.0	0.0	28.296251	118.49817	0.0	165.8532	97.88686	0.0	184.85706	0.0	92.64266	0.0	0.0	0.0	83.06461	0.0	0.0	85.49662	115.919945	0.0	346.31662	11.329196	0.0	0.0	109.733826	203.04558	0.0	0.0	31.30224	0.0	0.0	1.2502295	291.4022	0.0	0.0	0.0	39.624203	0.0	0.0	0.0	171.53572	278.8439	0.0	90.197975	0.0	0.0	41.394245	0.0	18.258501	0.0	0.0	0.0	0.0	0.0	0.0	0.0	91.73196	0.0	181.32259	0.0	0.0	103.15192	0.0	0.0
0.0	72.10907	0.0	89.77627	0.0	0.0	6.744541	0.0	0.0	0.0	0.0	10.249715	0.0	0.0	331.50034	0.0	160.78935	0.0	0.0	181.34789	0.0	0.0	0.0	103.46561	0.0	0.0	151.6312	0.0	0.0	98.2178	0.0	0.0	0.0	0.0	0.0	114.6348	0.0	29.038855	0.0	0.0	97.6769	13.4189825	153.59972	0.0	0.0	0.0	93.13691	115.23708	68.94788	0.0	0.0	0.0	0.0	147.894	0.0	0.0	8.092425	0.0	0.0	93.24054	51.471924	0.0	0.0	0.0	0.0	0.0	28.710356	120.5488	0.0	168.5358	99.18569	0.0	187.84056	0.0	94.05255	0.0	0.0	0.0	84.584625	0.0	0.0	87.016884	117.800026	0.0	352.11075	11.53514	0.0	0.0	111.304054	206.35834	0.0	0.0	31.947725	0.0	0.0	1.361569	296.18173	0.0	0.0	0.0	40.177708	0.0	0.0	0.0	174.226	283.228	0.0	91.971214	0.0	0.0	42.158295	0.0	18.480995	0.0	0.0	0.0	0.0	0.0	0.0	0.0	93.07958	0.0	184.23108	0.0	0.0	104.96676	0.0	0.0
0.0	73.23298	0.0	93.310875	0.0	0.0	7.345312	0.0	0.0	0.0	0.0	10.58137	0.0	0.0	342.23825	0.0	165.44164	0.0	0.0	186.44237	0.0	0.0	0.0	107.000465	0.0	0.0	156.58643	0.0	0.0	101.67477	0.0	0.0	0.0	0.0	0.0	117.430786	0.0	30.24407	0.0	0.0	100.944214	14.483623	158.2957	0.0	0.0	0.0	95.642395	118.293396	71.17117	0.0	0.0	0.0	0.0	151.92146	0.0	0.0	7.749006	0.0	0.0	96.84913	53.02399	0.0	0.0	0.0	0.0	0.0	30.250626	124.17989	0.0	173.72502	102.16442	0.0	193.74089	0.0	95.927666	0.0	0.0	0.0	87.15448	0.0	0.0	90.05197	121.16522	0.0	362.70554	11.80955	0.0	0.0	114.09623	213.23743	0.0	0.0	32.822166	0.0	0.0	1.8274225	305.4435	0.0	0.0	0.0	40.937946	0.0	0.0	0.0	179.44946	291.76303	0.0	95.13706	0.0	0.0	43.946133	0.0	18.342783	0.0	0.0	0.0	0.0	0.0	0.0	0.0	95.31262	0.0	190.0633	0.0	0.0	108.36083	0.0	0.0
0.0	75.59796	0.0	99.161476	0.0	0.0	9.296631	0.0	0.0	0.0	0.0	11.114221	0.0	0.0	361.68985	0.0	174.5636	0.0	0.0	195.5417	0.0	0.0	0.0	113.43051	0.0	0.0	165.40413	0.0	0.0	107.71277	0.0	0.0	0.0	0.0	0.0	123.03052	0.0	31.734558	0.0	0.0	106.31894	15.467143	166.42438	0.0	0.0	0.0	100.39994	124.5687	75.009224	0.0	0.0	0.0	0.0	160.27063	0.0	0.0	8.673735	0.0	0.0	102.5152	56.62029	0.0	0.0	0.0	0.0	0.0	32.704407	130.56187	0.0	183.00322	107.54883	0.0	205.21423	0.0	100.072876	0.0	0.0	0.0	91.441	0.0	0.0	95.000206	127.88724	0.0	381.09854	12.308671	0.0	0.0	120.34652	225.80559	0.0	0.0	34.468674	0.0	0.0	3.360136	321.15494	0.0	0.0	0.0	43.396008	0.0	0.0	0.0	189.06305	307.17838	0.0	100.54365	0.0	0.0	47.343853	0.0	18.336239	0.0	0.0	0.0	0.0	0.0	0.0	0.0	100.04604	0.0	200.36255	0.0	0.0	114.59354	0.0	0.0
0.0	73.536354	0.0	94.29825	0.0	0.0	7.98035	0.0	0.0	0.0	0.0	10.629407	0.0	0.0	345.81058	0.0	167.19289	0.0	0.0	187.93608	0.0	0.0	0.0	108.31185	0.0	0.0	158.28345	0.0	0.0	102.620575	0.0	0.0	0.0	0.0	0.0	118.427704	0.0	30.583624	0.0	0.0	101.808044	14.469096	159.79753	0.0	0.0	0.0	96.353935	119.44684	71.85142	0.0	0.0	0.0	0.0	153.37978	0.0	0.0	7.9678974	0.0	0.0	98.04514	53.871784	0.0	0.0	0.0	0.0	0.0	30.86059	125.15696	0.0	175.28737	103.07125	0.0	196.0185	0.0	96.51519	0.0	0.0	0.0	88.00916	0.0	0.0	91.062965	122.41379	0.0	365.87595	11.682958	0.0	0.0	115.3756	215.59349	0.0	0.0	33.054615	0.0	0.0	2.1509483	308.1194	0.0	0.0	0.0	41.46503	0.0	0.0	0.0	181.22081	294.52066	0.0	96.11924	0.0	0.0	44.699463	0.0	18.431793	0.0	0.0	0.0	0.0	0.0	0.0	0.0	96.241875	0.0	191.77449	0.0	0.0	109.720695	0.0	0.0
0.0	73.51431	0.0	92.736206	0.0	0.0	7.2707753	0.0	0.0	0.0	0.0	10.398673	0.0	0.0	339.5756	0.0	164.6493	0.0	0.0	185.78564	0.0	0.0	0.0	106.22361	0.0	0.0	155.53949	0.0	0.0	100.80314	0.0	0.0	0.0	0.0	0.0	117.47757	0.0	29.543564	0.0	0.0	99.78427	14.216088	157.29161	0.0	0.0	0.0	95.21876	117.769356	70.949554	0.0	0.0	0.0	0.0	151.66826	0.0	0.0	8.215917	0.0	0.0	95.80955	53.35034	0.0	0.0	0.0	0.0	0.0	29.789972	123.33356	0.0	172.65868	101.92209	0.0	192.756	0.0	95.96389	0.0	0.0	0.0	86.549225	0.0	0.0	89.31605	120.856895	0.0	360.41617	11.522454	0.0	0.0	114.12801	211.66339	0.0	0.0	32.465553	0.0	0.0	1.9642645	303.44006	0.0	0.0	0.0	40.87746	0.0	0.0	0.0	178.23662	290.15784	0.0	93.970985	0.0	0.0	43.611538	0.0	18.46303	0.0	0.0	0.0	0.0	0.0	0.0	0.0	95.48273	0.0	188.8755	0.0	0.0	107.55843	0.0	0.0
0.0	73.62932	0.0	94.49122	0.0	0.0	7.726974	0.0	0.0	0.0	0.0	10.537601	0.0	0.0	345.30582	0.0	167.17152	0.0	0.0	188.16039	0.0	0.0	0.0	108.38848	0.0	0.0	158.3465	0.0	0.0	102.712944	0.0	0.0	0.0	0.0	0.0	118.532524	0.0	30.538279	0.0	0.0	101.51243	14.524727	159.7712	0.0	0.0	0.0	96.5801	119.449974	71.80811	0.0	0.0	0.0	0.0	153.19402	0.0	0.0	7.785806	0.0	0.0	97.83781	53.867188	0.0	0.0	0.0	0.0	0.0	30.863012	124.96865	0.0	175.30428	103.19814	0.0	195.7678	0.0	96.80802	0.0	0.0	0.0	87.91457	0.0	0.0	90.91836	122.31622	0.0	365.7745	11.798748	0.0	0.0	115.605934	215.51775	0.0	0.0	32.864567	0.0	0.0	2.0444672	308.50174	0.0	0.0	0.0	41.161007	0.0	0.0	0.0	180.97339	294.55627	0.0	96.17151	0.0	0.0	44.61006	0.0	18.595839	0.0	0.0	0.0	0.0	0.0	0.0	0.0	96.16315	0.0	192.00981	0.0	0.0	109.72463	0.0	0.0
0.0	76.00412	0.0	100.90627	0.0	0.0	9.333668	0.0	0.0	0.0	0.0	11.530543	0.0	0.0	366.3888	0.0	176.54962	0.0	0.0	197.80003	0.0	0.0	0.0	115.11814	0.0	0.0	167.85626	0.0	0.0	109.39691	0.0	0.0	0.0	0.0	0.0	124.06495	0.0	32.51386	0.0	0.0	107.80823	16.305696	169.38115	0.0	0.0	0.0	100.966736	125.6032	76.28315	0.0	0.0	0.0	0.0	161.41545	0.0	0.0	8.339604	0.0	0.0	104.65897	56.52965	0.0	0.0	0.0	0.0	0.0	33.301056	132.48521	0.0	185.0489	108.576164	0.0	207.78526	0.0	99.83729	0.088626176	0.0	0.0	93.601295	0.0	0.0	97.13391	129.3202	0.0	386.65222	12.124389	0.0	0.0	120.84927	228.86797	0.0	0.0	34.861607	0.0	0.0	3.2315445	326.14307	0.0	0.0	0.0	43.138493	0.0	0.0	0.0	191.36247	311.22342	0.0	102.30026	0.0	0.0	47.97507	0.0	17.796705	0.0	0.0	0.0	0.0	0.0	0.0	0.0	101.028625	0.0	202.83801	0.0	0.0	116.54007	0.0	0.0
0.0	71.489	0.0	84.96842	0.0	0.0	5.594494	0.0	0.0	0.0	0.0	9.962565	0.0	0.0	314.3779	0.0	153.42435	0.0	0.0	175.02562	0.0	0.0	0.0	96.75421	0.0	0.0	143.75346	0.0	0.0	93.79516	0.0	0.0	0.0	0.0	0.0	110.717224	0.0	27.067093	0.0	0.0	92.69759	12.344143	146.6734	0.0	0.0	0.0	89.935585	109.81476	66.07987	0.0	0.0	0.0	0.0	141.73335	0.0	0.0	8.577668	0.0	0.0	87.30654	48.088764	0.0	0.0	0.0	0.0	0.0	25.976904	115.94459	0.0	161.41618	94.9531	0.0	177.63585	0.0	91.49075	0.0	0.0	0.0	80.69571	0.0	0.0	82.151955	112.77703	0.0	337.91348	11.774265	0.0	0.0	107.00112	195.01201	0.0	0.0	30.978125	0.0	0.0	0.0	284.02155	0.0	0.0	0.0	37.390476	0.0	0.0	0.0	166.42636	270.72806	0.0	87.875725	0.0	0.0	39.683105	0.0	18.499733	0.0	0.0	0.0	0.0	0.0	0.0	0.0	89.51434	0.0	177.04169	0.0	0.0	99.46216	0.0	0.0
0.0	68.432976	0.0	79.795815	0.0	0.0	5.270265	0.0	0.0	0.0	0.0	9.203773	0.0	0.0	298.1393	0.0	146.07771	0.0	0.0	165.83131	0.0	0.0	0.0	91.9878	0.0	0.0	135.97847	0.0	0.0	88.582214	0.0	0.0	0.0	0.0	0.0	105.67639	0.0	25.36477	0.0	0.0	87.44326	10.814644	138.29216	0.0	0.0	0.0	86.25671	105.07369	62.22183	0.0	0.0	0.0	0.0	135.62288	0.0	0.0	9.318288	0.0	0.0	81.52719	46.69515	0.0	0.0	0.0	0.0	0.0	24.590546	109.33854	0.0	153.3469	90.71402	0.0	168.6836	0.0	88.45572	0.0	0.0	0.0	75.12855	0.0	0.0	76.65896	106.98582	0.0	319.26685	11.377975	0.0	0.0	102.95695	184.96175	0.0	0.0	29.383436	0.0	0.0	0.0	267.9721	0.0	0.0	0.0	37.097126	0.0	0.0	0.0	158.0925	256.51086	0.0	82.82102	0.0	0.0	37.105484	0.0	18.75686	0.0	0.0	0.0	0.0	0.0	0.0	0.0	85.36503	0.0	167.8105	0.0	0.0	93.74753	0.0	0.0
0.0	73.38579	0.0	87.558876	0.0	0.0	5.8725777	0.0	0.0	0.0	0.0	10.348666	0.0	0.0	323.43033	0.0	157.98907	0.0	0.0	179.93048	0.0	0.0	0.0	99.938255	0.0	0.0	148.20143	0.0	0.0	96.32489	0.0	0.0	0.0	0.0	0.0	113.685974	0.0	27.998438	0.0	0.0	95.34835	12.591542	150.71312	0.0	0.0	0.0	92.45206	112.97112	67.789955	0.0	0.0	0.0	0.0	145.73973	0.0	0.0	8.720117	0.0	0.0	89.96743	49.551327	0.0	0.0	0.0	0.0	0.0	26.987839	119.05368	0.0	165.95064	97.814476	0.0	182.9168	0.0	93.92358	0.0	0.0	0.0	83.11182	0.0	0.0	84.72765	115.75104	0.0	347.71033	11.96862	0.0	0.0	110.079796	201.02934	0.0	0.0	31.884186	0.0	0.0	0.0	292.4618	0.0	0.0	0.0	38.4113	0.0	0.0	0.0	171.25044	278.6588	0.0	90.35143	0.0	0.0	41.03345	0.0	18.769077	0.0	0.0	0.0	0.0	0.0	0.0	0.0	92.03924	0.0	182.08441	0.0	0.0	102.605316	0.0	0.0
0.0	69.9326	0.0	81.4417	0.0	0.0	5.440357	0.0	0.0	0.0	0.0	9.364754	0.0	0.0	304.50638	0.0	149.17068	0.0	0.0	169.12515	0.0	0.0	0.0	94.027435	0.0	0.0	138.81805	0.0	0.0	90.21268	0.0	0.0	0.0	0.0	0.0	108.1356	0.0	25.972193	0.0	0.0	89.16746	10.845576	141.02615	0.0	0.0	0.0	88.1348	107.503174	63.505627	0.0	0.0	0.0	0.0	138.71063	0.0	0.0	9.79016	0.0	0.0	83.19172	48.07958	0.0	0.0	0.0	0.0	0.0	25.339197	111.3099	0.0	156.635	92.69041	0.0	172.3466	0.0	90.546776	0.0	0.0	0.0	76.36608	0.0	0.0	78.22494	109.224754	0.0	325.44827	11.642681	0.0	0.0	105.43644	188.92896	0.0	0.0	29.940376	0.0	0.0	0.0	273.32883	0.0	0.0	0.0	38.106277	0.0	0.0	0.0	161.42133	261.9131	0.0	84.2642	0.0	0.0	37.830246	0.0	19.41412	0.0	0.0	0.0	0.0	0.0	0.0	0.0	87.36863	0.0	171.24251	0.0	0.0	95.85203	0.0	0.0
0.0	70.944084	0.0	83.573494	0.0	0.0	5.214208	0.0	0.0	0.0	0.0	9.639822	0.0	0.0	310.60245	0.0	152.12498	0.0	0.0	172.72754	0.0	0.0	0.0	96.01649	0.0	0.0	141.82994	0.0	0.0	92.48519	0.0	0.0	0.0	0.0	0.0	110.26624	0.0	26.949438	0.0	0.0	90.730644	11.385453	144.03271	0.0	0.0	0.0	90.165565	109.40381	64.73694	0.0	0.0	0.0	0.0	141.04489	0.0	0.0	9.435806	0.0	0.0	84.963646	48.378937	0.0	0.0	0.0	0.0	0.0	25.957018	113.554596	0.0	160.01698	94.4679	0.0	175.54762	0.0	92.01849	0.0	0.0	0.0	77.90516	0.0	0.0	79.61821	111.343544	0.0	332.6628	12.086868	0.0	0.0	107.753395	192.87592	0.0	0.0	30.527884	0.0	0.0	0.0	279.82495	0.0	0.0	0.0	38.309216	0.0	0.0	0.0	164.6886	267.42557	0.0	86.692085	0.0	0.0	38.600956	0.0	19.846834	0.0	0.0	0.0	0.0	0.0	0.0	0.0	88.781334	0.0	175.22778	0.0	0.0	98.226105	0.0	0.0
0.0	66.67884	0.0	77.379875	0.0	0.0	5.1591363	0.0	0.0	0.0	0.0	8.768493	0.0	0.0	290.12463	0.0	142.1733	0.0	0.0	161.19377	0.0	0.0	0.0	89.52537	0.0	0.0	132.08125	0.0	0.0	85.90087	0.0	0.0	0.0	0.0	0.0	103.09848	0.0	24.69264	0.0	0.0	85.10736	10.256902	134.3657	0.0	0.0	0.0	84.15063	102.54833	60.474625	0.0	0.0	0.0	0.0	132.23204	0.0	0.0	9.364892	0.0	0.0	79.194916	45.743042	0.0	0.0	0.0	0.0	0.0	23.918686	106.21692	0.0	149.3824	88.30515	0.0	164.1834	0.0	86.38317	0.0	0.0	0.0	72.79905	0.0	0.0	74.40417	104.1428	0.0	310.11612	11.085935	0.0	0.0	100.46223	179.89876	0.0	0.0	28.572113	0.0	0.0	0.0	260.22992	0.0	0.0	0.0	36.514362	0.0	0.0	0.0	153.7571	249.4853	0.0	80.40866	0.0	0.0	35.878704	0.0	18.715776	0.0	0.0	0.0	0.0	0.0	0.0	0.0	83.203064	0.0	163.1494	0.0	0.0	91.13857	0.0	0.0
0.0	67.01745	0.0	77.25204	0.0	0.0	5.037716	0.0	0.0	0.0	0.0	8.830866	0.0	0.0	290.0086	0.0	142.19708	0.0	0.0	161.32812	0.0	0.0	0.0	89.37293	0.0	0.0	131.96404	0.0	0.0	85.900116	0.0	0.0	0.0	0.0	0.0	103.39051	0.0	24.341532	0.0	0.0	84.87716	10.223529	134.34645	0.0	0.0	0.0	84.13959	102.60428	60.568157	0.0	0.0	0.0	0.0	132.68114	0.0	0.0	9.626328	0.0	0.0	78.878334	46.023167	0.0	0.0	0.0	0.0	0.0	23.794807	106.188896	0.0	149.354	88.55319	0.0	164.18785	0.0	86.814064	0.0	0.0	0.0	72.563286	0.0	0.0	74.10333	104.27651	0.0	310.02237	11.096112	0.0	0.0	100.731346	179.659	0.0	0.0	28.527573	0.0	0.0	0.0	260.00952	0.0	0.0	0.0	36.66623	0.0	0.0	0.0	153.89452	249.46196	0.0	79.99273	0.0	0.0	35.911953	0.0	18.693726	0.0	0.0	0.0	0.0	0.0	0.0	0.0	83.46735	0.0	163.17012	0.0	0.0	90.91779	0.0	0.0
0.0	67.06502	0.0	77.4222	0.0	0.0	4.8623137	0.0	0.0	0.0	0.0	8.854768	0.0	0.0	291.1335	0.0	142.76776	0.0	0.0	161.59972	0.0	0.0	0.0	89.79477	0.0	0.0	132.3247	0.0	0.0	86.03464	0.0	0.0	0.0	0.0	0.0	103.71296	0.0	24.729073	0.0	0.0	85.03907	10.153155	134.57928	0.0	0.0	0.0	84.723236	103.064064	60.65037	0.0	0.0	0.0	0.0	132.97588	0.0	0.0	9.977235	0.0	0.0	79.04922	46.113377	0.0	0.0	0.0	0.0	0.0	24.16725	106.18879	0.0	149.97304	88.8292	0.0	164.65472	0.0	87.113075	0.0	0.0	0.0	72.52448	0.0	0.0	74.28329	104.408264	0.0	310.795	11.345885	0.0	0.0	101.38806	180.57146	0.0	0.0	28.690979	0.0	0.0	0.0	260.79214	0.0	0.0	0.0	37.121113	0.0	0.0	0.0	154.34242	250.24748	0.0	80.461555	0.0	0.0	35.919712	0.0	18.980812	0.0	0.0	0.0	0.0	0.0	0.0	0.0	83.6766	0.0	163.72548	0.0	0.0	91.352806	0.0	0.0
0.0	68.783646	0.0	79.56228	0.0	0.0	5.1254525	0.0	0.0	0.0	0.0	9.087415	0.0	0.0	300.26193	0.0	147.07451	0.0	0.0	166.2122	0.0	0.0	0.0	92.54901	0.0	0.0	136.3197	0.0	0.0	88.717834	0.0	0.0	0.0	0.0	0.0	106.73719	0.0	25.720566	0.0	0.0	87.81769	10.313933	138.46204	0.0	0.0	0.0	87.412025	106.357765	62.151844	0.0	0.0	0.0	0.0	136.98375	0.0	0.0	10.241901	0.0	0.0	81.2048	47.471897	0.0	0.0	0.0	0.0	0.0	24.944914	109.226074	0.0	154.54083	91.53592	0.0	169.78027	0.0	89.90347	0.0	0.0	0.0	74.29349	0.0	0.0	76.14149	107.3703	0.0	319.74963	11.874287	0.0	0.0	104.63867	186.17918	0.0	0.0	29.57585	0.0	0.0	0.0	268.17435	0.0	0.0	0.0	38.710407	0.0	0.0	0.0	159.33331	257.67783	0.0	83.01629	0.0	0.0	36.82581	0.0	19.934141	0.0	0.0	0.0	0.0	0.0	0.0	0.0	85.96456	0.0	168.52022	0.0	0.0	94.11967	0.0	0.0
0.0	68.4916	0.0	79.2506	0.0	0.0	5.2264633	0.0	0.0	0.0	0.0	8.979413	0.0	0.0	297.2253	0.0	145.68204	0.0	0.0	165.17976	0.0	0.0	0.0	91.73691	0.0	0.0	135.42934	0.0	0.0	87.9981	0.0	0.0	0.0	0.0	0.0	105.729034	0.0	25.231485	0.0	0.0	87.036224	10.442241	137.65062	0.0	0.0	0.0	86.17673	105.07371	61.929752	0.0	0.0	0.0	0.0	135.6435	0.0	0.0	9.705227	0.0	0.0	80.928276	46.925262	0.0	0.0	0.0	0.0	0.0	24.465027	108.679504	0.0	153.02399	90.48511	0.0	168.1505	0.0	88.84106	0.0	0.0	0.0	74.40806	0.0	0.0	76.055275	106.687965	0.0	317.681	11.503682	0.0	0.0	103.08729	184.36572	0.0	0.0	29.263657	0.0	0.0	0.0	266.5433	0.0	0.0	0.0	37.415447	0.0	0.0	0.0	157.66734	255.72522	0.0	82.252594	0.0	0.0	36.82838	0.0	19.116304	0.0	0.0	0.0	0.0	0.0	0.0	0.0	85.29928	0.0	167.17998	0.0	0.0	93.30074	0.0	0.0
0.0	71.237404	0.0	85.6044	0.0	0.0	5.7815094	0.0	0.0	0.0	0.0	9.9203	0.0	0.0	316.51218	0.0	154.47359	0.0	0.0	175.45293	0.0	0.0	0.0	98.08242	0.0	0.0	145.01965	0.0	0.0	94.25051	0.0	0.0	0.0	0.0	0.0	111.213806	0.0	27.440313	0.0	0.0	93.303215	12.317019	147.25874	0.0	0.0	0.0	90.47287	110.83164	66.26928	0.0	0.0	0.0	0.0	142.58147	0.0	0.0	8.554306	0.0	0.0	88.13842	48.87041	0.0	0.0	0.0	0.0	0.0	26.809357	116.09951	0.0	162.35802	95.806305	0.0	179.02167	0.0	91.81509	0.0	0.0	0.0	80.848015	0.0	0.0	82.60829	113.29092	0.0	338.99136	11.564481	0.0	0.0	107.924995	196.71338	0.0	0.0	30.891932	0.0	0.0	0.0	285.34854	0.0	0.0	0.0	38.029156	0.0	0.0	0.0	167.37161	272.15616	0.0	88.104515	0.0	0.0	39.86688	0.0	18.766794	0.0	0.0	0.0	0.0	0.0	0.0	0.0	89.97916	0.0	178.02167	0.0	0.0	100.31405	0.0	0.0
0.0	68.37635	0.0	79.82107	0.0	0.0	5.330953	0.0	0.0	0.0	0.0	9.161166	0.0	0.0	298.84012	0.0	146.24538	0.0	0.0	165.99072	0.0	0.0	0.0	92.17661	0.0	0.0	136.21265	0.0	0.0	88.57672	0.0	0.0	0.0	0.0	0.0	105.74699	0.0	25.554834	0.0	0.0	87.849144	10.906779	138.62637	0.0	0.0	0.0	86.34293	105.21957	62.319202	0.0	0.0	0.0	0.0	135.60974	0.0	0.0	9.254711	0.0	0.0	81.98466	46.50131	0.0	0.0	0.0	0.0	0.0	24.712328	109.44659	0.0	153.68164	90.73275	0.0	168.8559	0.0	88.36493	0.0	0.0	0.0	75.5021	0.0	0.0	77.06234	107.05249	0.0	320.02844	11.424728	0.0	0.0	102.88715	185.47534	0.0	0.0	29.522287	0.0	0.0	0.0	268.52298	0.0	0.0	0.0	36.990444	0.0	0.0	0.0	158.337	257.15405	0.0	83.09653	0.0	0.0	37.344807	0.0	18.624413	0.0	0.0	0.0	0.0	0.0	0.0	0.0	85.32835	0.0	168.19653	0.0	0.0	94.04532	0.0	0.0
0.0	67.311554	0.0	78.37432	0.0	0.0	5.237081	0.0	0.0	0.0	0.0	9.006761	0.0	0.0	293.76645	0.0	143.90764	0.0	0.0	163.05565	0.0	0.0	0.0	90.647095	0.0	0.0	133.80682	0.0	0.0	87.03866	0.0	0.0	0.0	0.0	0.0	104.14486	0.0	25.102045	0.0	0.0	86.14225	10.530678	135.89441	0.0	0.0	0.0	85.1664	103.690575	61.06982	0.0	0.0	0.0	0.0	133.71582	0.0	0.0	9.538047	0.0	0.0	80.177284	46.347622	0.0	0.0	0.0	0.0	0.0	24.40005	107.32244	0.0	151.07799	89.49229	0.0	166.24217	0.0	87.27999	0.0	0.0	0.0	73.526146	0.0	0.0	75.24401	105.190544	0.0	313.93076	11.318889	0.0	0.0	101.614845	182.30598	0.0	0.0	28.951956	0.0	0.0	0.0	263.42346	0.0	0.0	0.0	37.02253	0.0	0.0	0.0	155.7443	252.54407	0.0	81.32427	0.0	0.0	36.512722	0.0	18.72922	0.0	0.0	0.0	0.0	0.0	0.0	0.0	84.00687	0.0	165.0661	0.0	0.0	92.334015	0.0	0.0
0.0	74.367676	0.0	89.58199	0.0	0.0	6.355044	0.0	0.0	0.0	0.0	10.464089	0.0	0.0	330.25327	0.0	161.12204	0.0	0.0	183.52437	0.0	0.0	0.0	102.2872	0.0	0.0	151.68878	0.0	0.0	98.39933	0.0	0.0	0.0	0.0	0.0	115.58179	0.0	28.753311	0.0	0.0	97.823555	13.094101	154.30467	0.0	0.0	0.0	93.79278	115.02301	69.27358	0.0	0.0	0.0	0.0	148.08453	0.0	0.0	8.02493	0.0	0.0	92.70347	49.92923	0.0	0.0	0.0	0.0	0.0	27.570795	121.57962	0.0	169.20927	99.41451	0.0	186.60078	0.0	95.08851	0.0	0.0	0.0	85.8489	0.0	0.0	87.25678	118.01449	0.0	355.12048	11.98841	0.0	0.0	111.44988	205.44493	0.0	0.0	32.300343	0.0	0.0	0.0	299.0096	0.0	0.0	0.0	38.382652	0.0	0.0	0.0	174.80873	284.8447	0.0	92.65857	0.0	0.0	42.103195	0.0	18.682745	0.0	0.0	0.0	0.0	0.0	0.0	0.0	93.5873	0.0	185.9391	0.0	0.0	105.20342	0.0	0.0
0.0	68.479126	0.0	79.565285	0.0	0.0	5.341423	0.0	0.0	0.0	0.0	9.078236	0.0	0.0	298.17422	0.0	146.109	0.0	0.0	165.67162	0.0	0.0	0.0	92.042366	0.0	0.0	135.85217	0.0	0.0	88.215004	0.0	0.0	0.0	0.0	0.0	105.91868	0.0	25.36466	0.0	0.0	87.19571	10.572734	137.96211	0.0	0.0	0.0	86.3736	105.21993	62.03242	0.0	0.0	0.0	0.0	135.79034	0.0	0.0	9.5925865	0.0	0.0	81.301674	47.081913	0.0	0.0	0.0	0.0	0.0	24.61453	108.87478	0.0	153.2896	90.715576	0.0	168.68654	0.0	88.90503	0.0	0.0	0.0	74.75875	0.0	0.0	76.41916	106.83079	0.0	318.61313	11.463181	0.0	0.0	103.39381	185.00993	0.0	0.0	29.235415	0.0	0.0	0.0	267.4109	0.0	0.0	0.0	37.427296	0.0	0.0	0.0	158.12593	256.5298	0.0	82.564766	0.0	0.0	37.209045	0.0	19.08578	0.0	0.0	0.0	0.0	0.0	0.0	0.0	85.4537	0.0	167.50584	0.0	0.0	93.772896	0.0	0.0
0.0	68.04009	0.0	79.44318	0.0	0.0	5.0507812	0.0	0.0	0.0	0.0	9.151729	0.0	0.0	296.36255	0.0	145.04333	0.0	0.0	164.91391	0.0	0.0	0.0	91.382744	0.0	0.0	135.20244	0.0	0.0	88.14913	0.0	0.0	0.0	0.0	0.0	105.19086	0.0	25.371109	0.0	0.0	86.78747	10.777202	137.54535	0.0	0.0	0.0	85.81048	104.45548	61.890198	0.0	0.0	0.0	0.0	134.86963	0.0	0.0	9.337049	0.0	0.0	80.97675	46.258312	0.0	0.0	0.0	0.0	0.0	24.604273	108.5969	0.0	152.6076	90.00593	0.0	167.51978	0.0	88.05346	0.0	0.0	0.0	74.55385	0.0	0.0	76.04373	106.452415	0.0	317.35645	11.56363	0.0	0.0	102.52814	183.81975	0.0	0.0	29.270102	0.0	0.0	0.0	266.51184	0.0	0.0	0.0	36.635967	0.0	0.0	0.0	157.1422	255.07373	0.0	82.45597	0.0	0.0	36.77898	0.0	18.715258	0.0	0.0	0.0	0.0	0.0	0.0	0.0	84.8302	0.0	167.06865	0.0	0.0	93.275505	0.0	0.0
0.0	68.523674	0.0	79.85709	0.0	0.0	5.1388016	0.0	0.0	0.0	0.0	9.211314	0.0	0.0	297.39212	0.0	145.66002	0.0	0.0	165.72156	0.0	0.0	0.0	91.824425	0.0	0.0	135.78093	0.0	0.0	88.29553	0.0	0.0	0.0	0.0	0.0	105.64651	0.0	25.277021	0.0	0.0	87.14898	10.844383	138.19017	0.0	0.0	0.0	85.91259	104.810326	62.34547	0.0	0.0	0.0	0.0	135.40306	0.0	0.0	9.236445	0.0	0.0	81.573975	46.533398	0.0	0.0	0.0	0.0	0.0	24.525393	109.25005	0.0	153.13683	90.39038	0.0	168.15492	0.0	88.25527	0.0	0.0	0.0	75.26436	0.0	0.0	76.74767	106.9848	0.0	319.03467	11.320128	0.0	0.0	102.64834	184.44965	0.0	0.0	29.336662	0.0	0.0	0.0	267.88403	0.0	0.0	0.0	36.521652	0.0	0.0	0.0	157.59181	256.14456	0.0	82.603645	0.0	0.0	37.13911	0.0	18.51839	0.0	0.0	0.0	0.0	0.0	0.0	0.0	85.34995	0.0	167.68533	0.0	0.0	93.616425	0.0	0.0
0.0	66.72683	0.0	77.51318	0.0	0.0	5.2569275	0.0	0.0	0.0	0.0	8.84038	0.0	0.0	291.13696	0.0	142.61758	0.0	0.0	161.6998	0.0	0.0	0.0	89.76644	0.0	0.0	132.46472	0.0	0.0	86.23783	0.0	0.0	0.0	0.0	0.0	103.285645	0.0	24.749886	0.0	0.0	85.253845	10.221345	134.54732	0.0	0.0	0.0	84.570274	102.76531	60.45302	0.0	0.0	0.0	0.0	132.6294	0.0	0.0	9.320428	0.0	0.0	79.11543	45.964916	0.0	0.0	0.0	0.0	0.0	23.898262	106.3345	0.0	149.73187	88.693115	0.0	164.72742	0.0	86.87321	0.0	0.0	0.0	72.692665	0.0	0.0	74.33797	104.270294	0.0	311.05295	11.252831	0.0	0.0	100.98812	180.59813	0.0	0.0	28.688269	0.0	0.0	0.0	260.89975	0.0	0.0	0.0	36.84293	0.0	0.0	0.0	154.501	250.29716	0.0	80.70594	0.0	0.0	36.169632	0.0	18.84243	0.0	0.0	0.0	0.0	0.0	0.0	0.0	83.25272	0.0	163.51242	0.0	0.0	91.43786	0.0	0.0
0.0	67.97152	0.0	79.45053	0.0	0.0	5.2934775	0.0	0.0	0.0	0.0	9.147565	0.0	0.0	296.60483	0.0	145.17311	0.0	0.0	164.86632	0.0	0.0	0.0	91.47418	0.0	0.0	135.14626	0.0	0.0	87.96875	0.0	0.0	0.0	0.0	0.0	105.11969	0.0	25.390833	0.0	0.0	86.928986	10.73319	137.52045	0.0	0.0	0.0	85.77062	104.499306	61.911373	0.0	0.0	0.0	0.0	134.71645	0.0	0.0	9.245129	0.0	0.0	81.25552	46.442608	0.0	0.0	0.0	0.0	0.0	24.561417	108.63447	0.0	152.55981	90.14502	0.0	167.67422	0.0	87.81702	0.0	0.0	0.0	74.74331	0.0	0.0	76.389595	106.3854	0.0	317.54007	11.308621	0.0	0.0	102.382416	183.93977	0.0	0.0	29.250214	0.0	0.0	0.0	266.69778	0.0	0.0	0.0	36.778744	0.0	0.0	0.0	157.11923	255.13869	0.0	82.38388	0.0	0.0	36.975643	0.0	18.699642	0.0	0.0	0.0	0.0	0.0	0.0	0.0	84.881905	0.0	166.87677	0.0	0.0	93.46877	0.0	0.0
0.0	79.20691	0.0	98.22888	0.0	0.0	6.8764534	0.0	0.0	0.0	0.0	11.568436	0.0	0.0	356.21204	0.0	173.41951	0.0	0.0	198.42766	0.0	0.0	0.0	110.32291	0.0	0.0	164.32906	0.0	0.0	107.09159	0.0	0.0	0.0	0.0	0.0	123.63331	0.0	31.554735	0.0	0.0	105.496155	15.487058	167.34052	0.0	0.0	0.0	100.39776	123.022064	75.233955	0.0	0.0	0.0	0.0	157.79893	0.0	0.0	7.0355377	0.0	0.0	101.5376	52.66788	0.0	0.0	0.0	0.0	0.0	30.181274	131.76755	0.0	182.35027	106.61739	0.0	200.87776	0.0	100.4617	0.0	0.0	0.0	93.867645	0.0	0.0	95.351135	127.37882	0.0	385.06284	12.562802	0.0	0.0	119.2294	221.71873	0.0	0.0	34.63365	0.0	0.0	0.0	325.10028	0.0	0.0	0.0	39.04002	0.0	0.0	0.0	187.8213	307.5024	0.0	101.00314	0.0	0.0	46.358227	0.0	18.947363	0.0	0.0	0.0	0.0	0.0	0.0	0.0	100.13865	0.0	201.3274	0.0	0.0	114.31095	0.0	0.0
0.0	70.22749	0.0	82.738594	0.0	0.0	5.226696	0.0	0.0	0.0	0.0	9.664491	0.0	0.0	305.30872	0.0	149.66205	0.0	0.0	170.68365	0.0	0.0	0.0	94.22222	0.0	0.0	139.7229	0.0	0.0	91.15543	0.0	0.0	0.0	0.0	0.0	108.36947	0.0	26.236475	0.0	0.0	89.26609	11.726663	142.50145	0.0	0.0	0.0	87.94715	107.02682	64.29647	0.0	0.0	0.0	0.0	138.25104	0.0	0.0	8.553147	0.0	0.0	84.4051	47.02627	0.0	0.0	0.0	0.0	0.0	25.059647	112.63372	0.0	157.22722	92.67739	0.0	172.4812	0.0	89.858086	0.0	0.0	0.0	78.10966	0.0	0.0	79.438835	109.892845	0.0	328.84396	11.409279	0.0	0.0	104.990685	189.35535	0.0	0.0	29.99559	0.0	0.0	0.0	276.61963	0.0	0.0	0.0	36.424488	0.0	0.0	0.0	161.67026	263.5275	0.0	85.367615	0.0	0.0	38.51221	0.0	18.442757	0.0	0.0	0.0	0.0	0.0	0.0	0.0	87.50183	0.0	172.50305	0.0	0.0	96.73405	0.0	0.0
0.0	76.538246	0.0	93.31421	0.0	0.0	6.581697	0.0	0.0	0.0	0.0	10.877754	0.0	0.0	341.4387	0.0	166.54623	0.0	0.0	190.11342	0.0	0.0	0.0	105.755066	0.0	0.0	157.17195	0.0	0.0	102.19944	0.0	0.0	0.0	0.0	0.0	119.25253	0.0	29.939514	0.0	0.0	100.833015	13.962781	159.67194	0.0	0.0	0.0	96.96808	118.549805	71.73451	0.0	0.0	0.0	0.0	152.44226	0.0	0.0	7.7495675	0.0	0.0	96.23755	51.443417	0.0	0.0	0.0	0.0	0.0	28.795992	125.75332	0.0	174.95415	102.73403	0.0	192.82597	0.0	97.82723	0.0	0.0	0.0	88.85569	0.0	0.0	90.408226	121.99601	0.0	367.92697	12.305184	0.0	0.0	115.340126	212.55058	0.0	0.0	33.229023	0.0	0.0	0.0	310.26694	0.0	0.0	0.0	38.856163	0.0	0.0	0.0	180.48926	294.71732	0.0	96.19692	0.0	0.0	44.03281	0.0	19.112597	0.0	0.0	0.0	0.0	0.0	0.0	0.0	96.407776	0.0	192.6252	0.0	0.0	109.21069	0.0	0.0
0.0	70.138664	0.0	82.77554	0.0	0.0	5.2957153	0.0	0.0	0.0	0.0	9.6081085	0.0	0.0	307.29202	0.0	150.37929	0.0	0.0	171.27325	0.0	0.0	0.0	94.823906	0.0	0.0	140.49226	0.0	0.0	91.71551	0.0	0.0	0.0	0.0	0.0	108.78782	0.0	26.47901	0.0	0.0	90.111145	11.435014	142.98993	0.0	0.0	0.0	88.81689	107.932915	64.33347	0.0	0.0	0.0	0.0	139.14415	0.0	0.0	8.797383	0.0	0.0	84.59136	47.42787	0.0	0.0	0.0	0.0	0.0	25.479986	112.89688	0.0	158.30348	93.29638	0.0	173.6714	0.0	90.529755	0.0	0.0	0.0	77.96094	0.0	0.0	79.38937	110.28396	0.0	329.88675	11.739879	0.0	0.0	105.7819	190.68593	0.0	0.0	30.181139	0.0	0.0	0.0	277.55038	0.0	0.0	0.0	37.26678	0.0	0.0	0.0	162.89684	264.7726	0.0	85.99081	0.0	0.0	38.40944	0.0	19.051935	0.0	0.0	0.0	0.0	0.0	0.0	0.0	87.77017	0.0	173.52008	0.0	0.0	97.289894	0.0	0.0
0.0	69.29168	0.0	81.742424	0.0	0.0	5.4207015	0.0	0.0	0.0	0.0	9.493721	0.0	0.0	303.51227	0.0	148.35374	0.0	0.0	168.95174	0.0	0.0	0.0	93.751335	0.0	0.0	138.78087	0.0	0.0	90.21395	0.0	0.0	0.0	0.0	0.0	107.26996	0.0	25.98377	0.0	0.0	89.38778	11.397377	141.24025	0.0	0.0	0.0	87.24982	106.51178	63.662506	0.0	0.0	0.0	0.0	137.47987	0.0	0.0	8.695351	0.0	0.0	83.9028	47.01814	0.0	0.0	0.0	0.0	0.0	25.110336	111.6464	0.0	155.9894	91.99991	0.0	171.70186	0.0	89.0812	0.0	0.0	0.0	77.48397	0.0	0.0	78.959274	108.89863	0.0	325.7528	11.379364	0.0	0.0	103.84965	188.46788	0.0	0.0	29.847734	0.0	0.0	0.0	273.8215	0.0	0.0	0.0	36.710083	0.0	0.0	0.0	160.80125	261.45358	0.0	84.56241	0.0	0.0	38.088665	0.0	18.384165	0.0	0.0	0.0	0.0	0.0	0.0	0.0	86.727135	0.0	170.9176	0.0	0.0	95.99168	0.0	0.0
0.0	73.72605	0.0	89.375465	0.0	0.0	6.176805	0.0	0.0	0.0	0.0	10.337059	0.0	0.0	328.78067	0.0	160.1348	0.0	0.0	182.15813	0.0	0.0	0.0	101.86622	0.0	0.0	150.74042	0.0	0.0	97.93344	0.0	0.0	0.0	0.0	0.0	114.95834	0.0	28.737839	0.0	0.0	96.94538	13.290955	153.18678	0.0	0.0	0.0	93.451294	114.56778	68.929695	0.0	0.0	0.0	0.0	147.35814	0.0	0.0	8.528965	0.0	0.0	92.04356	50.259373	0.0	0.0	0.0	0.0	0.0	27.885263	120.640816	0.0	168.38899	98.95257	0.0	185.7187	0.0	94.64799	0.0	0.0	0.0	84.5451	0.0	0.0	86.44329	117.540985	0.0	352.54907	12.021182	0.0	0.0	111.43998	204.42	0.0	0.0	32.211742	0.0	0.0	0.0	296.77628	0.0	0.0	0.0	38.650063	0.0	0.0	0.0	173.5858	282.73758	0.0	91.86617	0.0	0.0	41.83414	0.0	18.857164	0.0	0.0	0.0	0.0	0.0	0.0	0.0	93.080444	0.0	184.84245	0.0	0.0	104.30448	0.0	0.0
0.0	73.891335	0.0	104.85775	0.0	0.0	15.365291	0.0	0.0	0.0	0.0	13.588662	0.0	0.0	387.0415	0.0	187.41681	0.0	0.0	200.05847	0.0	0.0	0.0	122.841835	0.0	1.253845	175.5722	0.0	0.0	115.00964	0.0	0.0	0.0	0.0	0.0	125.89353	0.0	33.81326	0.0	0.0	109.94907	16.075577	172.54291	0.0	0.0	0.0	105.699585	132.88219	78.2512	0.0	0.0	0.0	0.0	168.4919	0.0	0.0	12.638592	0.0	0.0	108.63611	62.568806	0.0	0.0	0.0	0.0	0.0	38.853474	137.07202	0.0	193.2043	112.69372	0.0	220.15239	0.0	101.87252	1.5864054	0.0	0.0	91.75985	0.0	0.0	99.01632	133.24425	0.0	395.3921	11.609009	0.0	0.0	126.871605	243.39369	0.0	0.0	35.945763	0.0	0.0	7.6916275	331.55038	0.0	0.0	0.0	51.396988	0.0	0.0	0.0	198.48938	322.10233	0.0	108.03538	0.0	0.0	51.434895	0.0	19.66765	0.0	0.0	0.0	0.0	0.0	0.0	0.0	102.33039	0.0	211.30354	0.0	0.0	121.108345	0.0	0.0
0.0	70.29806	0.0	89.28214	0.0	0.0	7.537106	0.0	0.0	0.0	0.0	10.122101	0.0	0.0	330.6677	0.0	159.76598	0.0	0.0	178.81963	0.0	0.0	0.0	103.296776	0.0	0.0	150.45222	0.0	0.0	97.68656	0.0	0.0	0.0	0.0	0.0	113.2172	0.0	29.083336	0.0	0.0	97.22544	13.253293	151.72185	0.0	0.0	0.0	92.76141	114.580055	68.1715	0.0	0.0	0.0	0.0	147.20235	0.0	0.0	8.512216	0.0	0.0	92.560974	52.18752	0.0	0.0	0.0	0.0	0.0	29.463305	119.01022	0.0	167.54195	98.64463	0.0	187.41533	0.0	93.21053	0.0	0.0	0.0	82.65002	0.0	0.0	85.93633	116.71162	0.0	347.77158	11.671794	0.0	0.0	111.04398	205.8523	0.0	0.0	31.678923	0.0	0.0	2.0566223	292.54922	0.0	0.0	0.0	41.283703	0.0	0.0	0.0	173.37675	280.52356	0.0	91.38737	0.0	0.0	42.25226	0.0	18.548716	0.0	0.0	0.0	0.0	0.0	0.0	0.0	91.99459	0.0	182.7115	0.0	0.0	104.19465	0.0	0.0
0.0	70.077705	0.0	87.26874	0.0	0.0	6.6347885	0.0	0.0	0.0	0.0	9.9253845	0.0	0.0	324.05353	0.0	157.02129	0.0	0.0	176.45058	0.0	0.0	0.0	101.194084	0.0	0.0	147.75465	0.0	0.0	95.59252	0.0	0.0	0.0	0.0	0.0	111.805336	0.0	28.416542	0.0	0.0	95.38787	12.7776375	149.60358	0.0	0.0	0.0	91.1593	112.67533	66.975945	0.0	0.0	0.0	0.0	144.53004	0.0	0.0	8.490213	0.0	0.0	90.717316	50.612087	0.0	0.0	0.0	0.0	0.0	28.345627	117.1045	0.0	164.56783	96.94857	0.0	183.62915	0.0	91.96578	0.0	0.0	0.0	81.94397	0.0	0.0	84.57565	114.7717	0.0	342.8777	11.486668	0.0	0.0	109.14502	201.8095	0.0	0.0	31.318445	0.0	0.0	1.22962	288.14456	0.0	0.0	0.0	40.133175	0.0	0.0	0.0	170.245	276.11014	0.0	89.72733	0.0	0.0	41.14841	0.0	18.313086	0.0	0.0	0.0	0.0	0.0	0.0	0.0	90.77767	0.0	179.64363	0.0	0.0	102.339836	0.0	0.0
0.0	70.29542	0.0	88.20597	0.0	0.0	6.7966275	0.0	0.0	0.0	0.0	10.014936	0.0	0.0	325.96875	0.0	157.9823	0.0	0.0	177.33345	0.0	0.0	0.0	101.78904	0.0	0.0	148.80473	0.0	0.0	96.44888	0.0	0.0	0.0	0.0	0.0	112.275566	0.0	28.659143	0.0	0.0	96.06198	13.252158	150.36833	0.0	0.0	0.0	91.76514	113.14807	67.459595	0.0	0.0	0.0	0.0	145.37988	0.0	0.0	8.31732	0.0	0.0	91.232796	50.776886	0.0	0.0	0.0	0.0	0.0	28.402908	117.961754	0.0	165.54077	97.51301	0.0	184.63374	0.0	92.27079	0.0	0.0	0.0	82.30763	0.0	0.0	85.099106	115.402954	0.0	344.90564	11.594762	0.0	0.0	109.58716	203.10484	0.0	0.0	31.433449	0.0	0.0	1.514185	290.01624	0.0	0.0	0.0	40.09499	0.0	0.0	0.0	171.26534	277.76413	0.0	90.36878	0.0	0.0	41.44321	0.0	18.229576	0.0	0.0	0.0	0.0	0.0	0.0	0.0	91.14266	0.0	180.82166	0.0	0.0	102.839516	0.0	0.0
0.0	68.0448	0.0	82.25384	0.0	0.0	5.8511963	0.0	0.0	0.0	0.0	9.327813	0.0	0.0	307.6412	0.0	149.56903	0.0	0.0	168.1513	0.0	0.0	0.0	95.77616	0.0	0.0	140.02112	0.0	0.0	90.36105	0.0	0.0	0.0	0.0	0.0	107.37635	0.0	26.7463	0.0	0.0	90.440254	11.572121	141.74805	0.0	0.0	0.0	87.62607	107.79431	63.667286	0.0	0.0	0.0	0.0	138.5955	0.0	0.0	9.278847	0.0	0.0	85.05755	48.63496	0.0	0.0	0.0	0.0	0.0	26.409212	111.1947	0.0	156.83028	92.720795	0.0	174.21863	0.0	89.11862	0.0	0.0	0.0	76.99408	0.0	0.0	79.567055	109.23946	0.0	325.71982	11.312953	0.0	0.0	104.85244	191.3438	0.0	0.0	29.892517	0.0	0.0	0.72557515	273.49323	0.0	0.0	0.0	39.049862	0.0	0.0	0.0	162.19873	262.64532	0.0	84.60642	0.0	0.0	38.28458	0.0	18.733034	0.0	0.0	0.0	0.0	0.0	0.0	0.0	87.062836	0.0	170.8452	0.0	0.0	96.71243	0.0	0.0
0.0	69.20542	0.0	84.88585	0.0	0.0	6.36838	0.0	0.0	0.0	0.0	9.481107	0.0	0.0	316.14096	0.0	153.59161	0.0	0.0	172.48279	0.0	0.0	0.0	98.62682	0.0	0.0	144.06804	0.0	0.0	93.050896	0.0	0.0	0.0	0.0	0.0	109.84518	0.0	27.45698	0.0	0.0	92.876564	12.118323	145.52577	0.0	0.0	0.0	89.715904	110.58085	65.32923	0.0	0.0	0.0	0.0	142.07256	0.0	0.0	9.0216675	0.0	0.0	87.87537	50.113968	0.0	0.0	0.0	0.0	0.0	27.465006	114.23215	0.0	161.02815	95.1401	0.0	179.18823	0.0	91.02658	0.0	0.0	0.0	79.25053	0.0	0.0	81.89607	112.28605	0.0	334.34424	11.394612	0.0	0.0	107.39667	196.77234	0.0	0.0	30.510195	0.0	0.0	1.02384	280.92496	0.0	0.0	0.0	39.740376	0.0	0.0	0.0	166.26848	269.7122	0.0	87.03854	0.0	0.0	39.782345	0.0	18.713072	0.0	0.0	0.0	0.0	0.0	0.0	0.0	89.1575	0.0	175.571	0.0	0.0	99.483734	0.0	0.0
0.0	69.398	0.0	84.39756	0.0	0.0	5.942015	0.0	0.0	0.0	0.0	9.53028	0.0	0.0	313.4418	0.0	152.65413	0.0	0.0	171.96025	0.0	0.0	0.0	97.77523	0.0	0.0	143.14911	0.0	0.0	92.4952	0.0	0.0	0.0	0.0	0.0	109.562035	0.0	27.246145	0.0	0.0	91.95461	12.051209	144.68378	0.0	0.0	0.0	89.320526	109.79264	65.13354	0.0	0.0	0.0	0.0	141.15643	0.0	0.0	8.976716	0.0	0.0	86.928795	49.6479	0.0	0.0	0.0	0.0	0.0	26.976166	113.48307	0.0	159.8595	94.66498	0.0	177.62708	0.0	90.70593	0.0	0.0	0.0	78.74778	0.0	0.0	81.26965	111.51035	0.0	332.7106	11.326577	0.0	0.0	107.03098	195.09248	0.0	0.0	30.101107	0.0	0.0	0.7432308	279.79538	0.0	0.0	0.0	39.109344	0.0	0.0	0.0	165.33441	268.27615	0.0	86.44065	0.0	0.0	39.292385	0.0	18.979498	0.0	0.0	0.0	0.0	0.0	0.0	0.0	88.766884	0.0	174.52979	0.0	0.0	98.91813	0.0	0.0
0.0	69.422386	0.0	87.503944	0.0	0.0	7.2168446	0.0	0.0	0.0	0.0	9.800381	0.0	0.0	325.00583	0.0	157.26546	0.0	0.0	176.04675	0.0	0.0	0.0	101.43218	0.0	0.0	147.86314	0.0	0.0	95.98177	0.0	0.0	0.0	0.0	0.0	111.68085	0.0	28.387321	0.0	0.0	95.57003	12.900609	149.21431	0.0	0.0	0.0	91.26095	112.93873	66.99235	0.0	0.0	0.0	0.0	144.95638	0.0	0.0	8.514391	0.0	0.0	90.52477	51.377033	0.0	0.0	0.0	0.0	0.0	28.595406	117.0538	0.0	164.59622	97.1402	0.0	184.33635	0.0	91.96438	0.0	0.0	0.0	81.23768	0.0	0.0	84.19821	114.93521	0.0	342.2449	11.463361	0.0	0.0	109.41852	202.23415	0.0	0.0	31.1897	0.0	0.0	1.97218	287.3622	0.0	0.0	0.0	40.86231	0.0	0.0	0.0	170.48451	275.98978	0.0	89.841064	0.0	0.0	41.2954	0.0	18.435957	0.0	0.0	0.0	0.0	0.0	0.0	0.0	90.65612	0.0	179.37798	0.0	0.0	102.077705	0.0	0.0
0.0	70.57033	0.0	89.920555	0.0	0.0	8.158064	0.0	0.0	0.0	0.0	10.203631	0.0	0.0	334.42355	0.0	161.34964	0.0	0.0	180.22943	0.0	0.0	0.0	104.435585	0.0	0.0	151.89764	0.0	0.0	98.51444	0.0	0.0	0.0	0.0	0.0	113.99186	0.0	29.282211	0.0	0.0	98.41412	13.391988	153.26442	0.0	0.0	0.0	93.19971	115.61692	68.77985	0.0	0.0	0.0	0.0	148.55647	0.0	0.0	8.847689	0.0	0.0	93.55442	52.808712	0.0	0.0	0.0	0.0	0.0	29.711143	120.24981	0.0	168.66527	99.264565	0.0	189.80037	0.0	93.56549	0.0	0.0	0.0	83.67224	0.0	0.0	87.04362	117.96524	0.0	351.10117	11.708833	0.0	0.0	111.8294	208.14912	0.0	0.0	32.065052	0.0	0.0	2.6188424	294.733	0.0	0.0	0.0	42.088165	0.0	0.0	0.0	175.07874	283.05493	0.0	92.25463	0.0	0.0	42.778107	0.0	18.311089	0.0	0.0	0.0	0.0	0.0	0.0	0.0	92.95526	0.0	183.88878	0.0	0.0	105.05785	0.0	0.0
0.0	71.7309	0.0	93.33197	0.0	0.0	9.292819	0.0	0.0	0.0	0.0	10.51734	0.0	0.0	347.90323	0.0	167.64175	0.0	0.0	185.83691	0.0	0.0	0.0	108.55782	0.0	0.0	157.31065	0.0	0.0	102.791664	0.0	0.0	0.0	0.0	0.0	117.57374	0.0	30.498606	0.0	0.0	102.02799	13.985088	158.29176	0.0	0.0	0.0	96.914894	120.209045	71.008514	0.0	0.0	0.0	0.0	154.1288	0.0	0.0	9.68385	0.0	0.0	96.88871	55.19652	0.0	0.0	0.0	0.0	0.0	31.64274	124.22641	0.0	175.01823	102.898705	0.0	197.43617	0.0	96.76318	0.0	0.0	0.0	85.57583	0.0	0.0	89.46313	122.21061	0.0	362.76733	12.3689165	0.0	0.0	116.40403	216.45068	0.0	0.0	33.259678	0.0	0.0	3.2949364	304.3098	0.0	0.0	0.0	44.572155	0.0	0.0	0.0	181.62256	292.83252	0.0	96.240295	0.0	0.0	44.7357	0.0	19.035622	0.0	0.0	0.0	0.0	0.0	0.0	0.0	95.77457	0.0	190.80298	0.0	0.0	108.97098	0.0	0.0
0.0	71.11501	0.0	91.90818	0.0	0.0	9.061997	0.0	0.0	0.0	0.0	10.336576	0.0	0.0	340.86215	0.0	164.45763	0.0	0.0	183.00873	0.0	0.0	0.0	106.45353	0.0	0.0	154.55074	0.0	0.0	100.882774	0.0	0.0	0.0	0.0	0.0	115.54916	0.0	29.961716	0.0	0.0	100.11542	13.819954	155.76312	0.0	0.0	0.0	95.06363	117.71087	69.98061	0.0	0.0	0.0	0.0	151.01746	0.0	0.0	9.264839	0.0	0.0	95.47766	53.86984	0.0	0.0	0.0	0.0	0.0	30.676	122.27881	0.0	171.75142	101.078804	0.0	193.35997	0.0	94.95727	0.0	0.0	0.0	84.60669	0.0	0.0	88.43789	119.95526	0.0	356.85995	11.991437	0.0	0.0	113.95983	212.1609	0.0	0.0	32.54948	0.0	0.0	3.30307	299.9046	0.0	0.0	0.0	42.93547	0.0	0.0	0.0	178.10893	287.85828	0.0	94.214714	0.0	0.0	43.892597	0.0	18.558783	0.0	0.0	0.0	0.0	0.0	0.0	0.0	94.15255	0.0	187.46541	0.0	0.0	107.11041	0.0	0.0
0.0	69.620224	0.0	86.65582	0.0	0.0	6.9900165	0.0	0.0	0.0	0.0	9.72952	0.0	0.0	322.7433	0.0	156.4909	0.0	0.0	175.48854	0.0	0.0	0.0	100.729095	0.0	0.0	146.99614	0.0	0.0	95.12905	0.0	0.0	0.0	0.0	0.0	111.09144	0.0	28.26584	0.0	0.0	95.0347	12.710464	148.53607	0.0	0.0	0.0	90.936424	112.21173	66.432816	0.0	0.0	0.0	0.0	143.81313	0.0	0.0	8.381988	0.0	0.0	90.10848	50.825134	0.0	0.0	0.0	0.0	0.0	28.014784	116.48071	0.0	163.62178	96.4869	0.0	183.07149	0.0	91.81692	0.0	0.0	0.0	81.25222	0.0	0.0	84.02176	114.06362	0.0	340.85794	11.465917	0.0	0.0	108.78631	201.00499	0.0	0.0	30.98043	0.0	0.0	1.5920779	286.257	0.0	0.0	0.0	40.422802	0.0	0.0	0.0	169.5389	274.7555	0.0	89.261536	0.0	0.0	41.039154	0.0	18.550116	0.0	0.0	0.0	0.0	0.0	0.0	0.0	90.12649	0.0	178.36916	0.0	0.0	101.787575	0.0	0.0
0.0	68.554695	0.0	83.78055	0.0	0.0	6.2419014	0.0	0.0	0.0	0.0	9.555885	0.0	0.0	312.91943	0.0	151.93431	0.0	0.0	170.90425	0.0	0.0	0.0	97.41693	0.0	0.0	142.59657	0.0	0.0	92.03271	0.0	0.0	0.0	0.0	0.0	108.55301	0.0	27.220236	0.0	0.0	92.28821	12.0011	144.24718	0.0	0.0	0.0	88.600716	109.311676	64.65668	0.0	0.0	0.0	0.0	140.35286	0.0	0.0	8.74913	0.0	0.0	86.99137	49.148846	0.0	0.0	0.0	0.0	0.0	26.885733	113.192085	0.0	159.13069	93.97869	0.0	177.30025	0.0	89.768005	0.0	0.0	0.0	78.93273	0.0	0.0	81.31893	110.952614	0.0	331.46936	11.315419	0.0	0.0	105.930916	194.67122	0.0	0.0	30.282303	0.0	0.0	0.91856194	278.239	0.0	0.0	0.0	39.22646	0.0	0.0	0.0	164.80733	267.0874	0.0	86.33514	0.0	0.0	39.363235	0.0	18.383642	0.0	0.0	0.0	0.0	0.0	0.0	0.0	88.0983	0.0	173.54883	0.0	0.0	98.543175	0.0	0.0
0.0	69.0748	0.0	85.406685	0.0	0.0	6.865227	0.0	0.0	0.0	0.0	9.600948	0.0	0.0	318.90738	0.0	154.67033	0.0	0.0	173.24162	0.0	0.0	0.0	99.489624	0.0	0.0	145.13857	0.0	0.0	93.79943	0.0	0.0	0.0	0.0	0.0	109.884674	0.0	27.812462	0.0	0.0	93.759575	12.343816	146.5898	0.0	0.0	0.0	89.81171	111.01791	65.54385	0.0	0.0	0.0	0.0	142.5022	0.0	0.0	8.677037	0.0	0.0	88.61997	50.419098	0.0	0.0	0.0	0.0	0.0	27.551605	114.95237	0.0	161.56732	95.247536	0.0	181.00426	0.0	90.969765	0.0	0.0	0.0	79.95879	0.0	0.0	82.75028	112.844765	0.0	336.5179	11.406075	0.0	0.0	107.67395	198.51607	0.0	0.0	30.736526	0.0	0.0	1.598168	282.27792	0.0	0.0	0.0	40.353672	0.0	0.0	0.0	167.56935	271.41992	0.0	87.9623	0.0	0.0	40.341526	0.0	18.364576	0.0	0.0	0.0	0.0	0.0	0.0	0.0	89.25177	0.0	175.94365	0.0	0.0	100.239784	0.0	0.0
0.0	70.20035	0.0	88.85316	0.0	0.0	8.011123	0.0	0.0	0.0	0.0	9.946656	0.0	0.0	330.57242	0.0	159.77946	0.0	0.0	178.5706	0.0	0.0	0.0	103.16238	0.0	0.0	150.10402	0.0	0.0	97.4343	0.0	0.0	0.0	0.0	0.0	112.94405	0.0	28.99794	0.0	0.0	97.30539	13.10186	151.66779	0.0	0.0	0.0	92.45236	114.69171	67.973	0.0	0.0	0.0	0.0	146.9721	0.0	0.0	8.686141	0.0	0.0	92.28739	52.069916	0.0	0.0	0.0	0.0	0.0	29.109114	119.00004	0.0	167.00945	98.23911	0.0	187.39209	0.0	93.02288	0.0	0.0	0.0	82.74053	0.0	0.0	85.89322	116.678	0.0	347.6912	11.695404	0.0	0.0	110.725945	205.66277	0.0	0.0	31.81376	0.0	0.0	2.4336205	291.7974	0.0	0.0	0.0	41.51872	0.0	0.0	0.0	172.91609	280.1168	0.0	91.37191	0.0	0.0	42.19665	0.0	18.345592	0.0	0.0	0.0	0.0	0.0	0.0	0.0	91.864746	0.0	182.05156	0.0	0.0	103.7778	0.0	0.0
0.0	70.26693	0.0	90.328735	0.0	0.0	8.283868	0.0	0.0	0.0	0.0	10.218003	0.0	0.0	334.9993	0.0	161.49026	0.0	0.0	180.06372	0.0	0.0	0.0	104.66708	0.0	0.0	151.95631	0.0	0.0	98.81616	0.0	0.0	0.0	0.0	0.0	113.92163	0.0	29.498428	0.0	0.0	98.553345	13.436358	153.08807	0.0	0.0	0.0	93.490944	115.861084	68.860146	0.0	0.0	0.0	0.0	148.85748	0.0	0.0	8.682166	0.0	0.0	93.57418	53.013947	0.0	0.0	0.0	0.0	0.0	29.958475	120.2519	0.0	168.96931	99.31903	0.0	190.09167	0.0	93.53072	0.0	0.0	0.0	83.33683	0.0	0.0	86.98685	118.06844	0.0	350.93176	11.946408	0.0	0.0	111.99869	208.61601	0.0	0.0	32.174133	0.0	0.0	2.8129075	294.79233	0.0	0.0	0.0	42.273346	0.0	0.0	0.0	175.18333	283.0745	0.0	92.52128	0.0	0.0	42.895306	0.0	18.274357	0.0	0.0	0.0	0.0	0.0	0.0	0.0	92.86096	0.0	184.20937	0.0	0.0	105.239525	0.0	0.0
0.0	68.866264	0.0	85.84579	0.0	0.0	6.8149877	0.0	0.0	0.0	0.0	9.77852	0.0	0.0	319.82083	0.0	154.9432	0.0	0.0	173.72505	0.0	0.0	0.0	99.64679	0.0	0.0	145.5041	0.0	0.0	94.39655	0.0	0.0	0.0	0.0	0.0	110.19767	0.0	27.943197	0.0	0.0	94.151276	12.621575	147.09065	0.0	0.0	0.0	90.220726	111.18359	65.89936	0.0	0.0	0.0	0.0	142.7779	0.0	0.0	8.563169	0.0	0.0	88.97036	50.325165	0.0	0.0	0.0	0.0	0.0	27.8646	115.267784	0.0	162.1334	95.73047	0.0	181.24889	0.0	90.9021	0.0	0.0	0.0	80.014305	0.0	0.0	82.75975	113.030556	0.0	337.42154	11.431625	0.0	0.0	107.9665	198.94885	0.0	0.0	30.62654	0.0	0.0	1.6564134	283.425	0.0	0.0	0.0	40.269405	0.0	0.0	0.0	168.10786	271.99414	0.0	88.384315	0.0	0.0	40.429188	0.0	18.611609	0.0	0.0	0.0	0.0	0.0	0.0	0.0	89.41049	0.0	176.78383	0.0	0.0	100.6787	0.0	0.0
0.0	68.431755	0.0	84.08059	0.0	0.0	6.2160096	0.0	0.0	0.0	0.0	9.551228	0.0	0.0	312.85825	0.0	151.9441	0.0	0.0	170.93523	0.0	0.0	0.0	97.48594	0.0	0.0	142.71248	0.0	0.0	92.33614	0.0	0.0	0.0	0.0	0.0	108.607605	0.0	27.304182	0.0	0.0	92.10217	12.147481	144.24623	0.0	0.0	0.0	88.74166	109.16886	64.694374	0.0	0.0	0.0	0.0	140.23239	0.0	0.0	8.62955	0.0	0.0	87.01419	49.145252	0.0	0.0	0.0	0.0	0.0	27.009645	113.16715	0.0	159.21278	94.06836	0.0	177.2697	0.0	89.73426	0.0	0.0	0.0	78.69514	0.0	0.0	81.165306	110.97034	0.0	331.33292	11.30634	0.0	0.0	106.11499	194.70027	0.0	0.0	30.170324	0.0	0.0	0.9918067	278.47043	0.0	0.0	0.0	39.159588	0.0	0.0	0.0	164.8614	267.03958	0.0	86.49869	0.0	0.0	39.35748	0.0	18.542328	0.0	0.0	0.0	0.0	0.0	0.0	0.0	88.034874	0.0	173.66347	0.0	0.0	98.65717	0.0	0.0
0.0	68.888176	0.0	84.623405	0.0	0.0	6.447235	0.0	0.0	0.0	0.0	9.525174	0.0	0.0	315.1028	0.0	153.08655	0.0	0.0	172.04456	0.0	0.0	0.0	98.086464	0.0	0.0	143.63647	0.0	0.0	92.87568	0.0	0.0	0.0	0.0	0.0	109.141945	0.0	27.384909	0.0	0.0	92.69984	12.236321	145.32666	0.0	0.0	0.0	88.99939	110.013245	65.16701	0.0	0.0	0.0	0.0	141.13332	0.0	0.0	8.628339	0.0	0.0	87.75833	49.59557	0.0	0.0	0.0	0.0	0.0	27.181444	114.030304	0.0	160.14261	94.43219	0.0	178.53754	0.0	90.316124	0.0	0.0	0.0	79.47943	0.0	0.0	81.889206	111.868965	0.0	333.67432	11.325436	0.0	0.0	106.63135	195.94505	0.0	0.0	30.347254	0.0	0.0	1.0189838	280.1748	0.0	0.0	0.0	39.25323	0.0	0.0	0.0	165.6461	268.78607	0.0	86.99926	0.0	0.0	39.840305	0.0	18.29878	0.0	0.0	0.0	0.0	0.0	0.0	0.0	88.64338	0.0	174.72034	0.0	0.0	99.27023	0.0	0.0
0.0	69.907715	0.0	88.43687	0.0	0.0	7.3410573	0.0	0.0	0.0	0.0	9.985835	0.0	0.0	327.27954	0.0	158.225	0.0	0.0	177.40303	0.0	0.0	0.0	102.18606	0.0	0.0	148.99347	0.0	0.0	96.68618	0.0	0.0	0.0	0.0	0.0	112.16803	0.0	28.777296	0.0	0.0	96.50428	13.336449	150.6318	0.0	0.0	0.0	91.663025	113.408264	67.62377	0.0	0.0	0.0	0.0	145.67711	0.0	0.0	8.3807335	0.0	0.0	91.70867	51.383327	0.0	0.0	0.0	0.0	0.0	28.806656	118.176125	0.0	165.65512	97.49709	0.0	185.52327	0.0	92.145935	0.0	0.0	0.0	82.318115	0.0	0.0	85.41033	115.64388	0.0	345.08176	11.504981	0.0	0.0	109.65467	203.74202	0.0	0.0	31.518614	0.0	0.0	2.0687675	289.91013	0.0	0.0	0.0	40.628185	0.0	0.0	0.0	171.6397	278.0061	0.0	90.43816	0.0	0.0	41.70174	0.0	18.206484	0.0	0.0	0.0	0.0	0.0	0.0	0.0	91.19401	0.0	180.80591	0.0	0.0	103.03796	0.0	0.0
0.0	70.893425	0.0	93.815834	0.0	0.0	10.012252	0.0	0.0	0.0	0.0	10.69822	0.0	0.0	347.20132	0.0	167.10973	0.0	0.0	184.8952	0.0	0.0	0.0	108.605064	0.0	0.0	157.11996	0.0	0.0	102.89618	0.0	0.0	0.0	0.0	0.0	116.527885	0.0	30.660059	0.0	0.0	101.730286	14.305999	157.96605	0.0	0.0	0.0	96.01226	119.599	71.23118	0.0	0.0	0.0	0.0	153.38326	0.0	0.0	9.483497	0.0	0.0	97.451965	54.79909	0.0	0.0	0.0	0.0	0.0	32.06135	124.26269	0.0	174.46782	102.293274	0.0	196.73515	0.0	95.35735	0.034754384	0.0	0.0	85.72294	0.0	0.0	89.94598	121.72681	0.0	361.5271	12.061353	0.0	0.0	115.18618	216.07784	0.0	0.0	33.199184	0.0	0.0	3.918937	303.61853	0.0	0.0	0.0	43.789234	0.0	0.0	0.0	180.46376	291.76968	0.0	96.03951	0.0	0.0	45.131542	0.0	17.834265	0.0	0.0	0.0	0.0	0.0	0.0	0.0	95.06347	0.0	190.57014	0.0	0.0	108.882164	0.0	0.0
0.0	69.59854	0.0	87.85972	0.0	0.0	7.6249576	0.0	0.0	0.0	0.0	9.796547	0.0	0.0	327.6011	0.0	158.41022	0.0	0.0	176.81714	0.0	0.0	0.0	102.31061	0.0	0.0	148.956	0.0	0.0	96.42678	0.0	0.0	0.0	0.0	0.0	112.008995	0.0	28.651316	0.0	0.0	96.55665	12.792287	150.08769	0.0	0.0	0.0	91.822914	113.83868	67.32908	0.0	0.0	0.0	0.0	145.95624	0.0	0.0	8.673599	0.0	0.0	91.562675	51.9803	0.0	0.0	0.0	0.0	0.0	29.095474	117.76597	0.0	165.76775	97.60778	0.0	185.92332	0.0	92.4115	0.0	0.0	0.0	81.88598	0.0	0.0	85.14291	115.61807	0.0	344.10928	11.561814	0.0	0.0	109.9787	204.06172	0.0	0.0	31.484941	0.0	0.0	2.201739	288.88223	0.0	0.0	0.0	41.383953	0.0	0.0	0.0	171.66292	277.75357	0.0	90.29038	0.0	0.0	41.814884	0.0	18.297178	0.0	0.0	0.0	0.0	0.0	0.0	0.0	91.18527	0.0	180.65216	0.0	0.0	103.03768	0.0	0.0
0.0	69.22795	0.0	86.51151	0.0	0.0	6.6361046	0.0	0.0	0.0	0.0	9.866715	0.0	0.0	320.74142	0.0	155.37778	0.0	0.0	174.41496	0.0	0.0	0.0	99.96231	0.0	0.0	146.00984	0.0	0.0	94.77128	0.0	0.0	0.0	0.0	0.0	110.59708	0.0	28.174467	0.0	0.0	94.201996	12.766416	147.56999	0.0	0.0	0.0	90.478065	111.44306	66.176056	0.0	0.0	0.0	0.0	143.30583	0.0	0.0	8.477021	0.0	0.0	89.34332	50.479084	0.0	0.0	0.0	0.0	0.0	28.033094	115.81431	0.0	162.69035	96.0057	0.0	181.69128	0.0	91.17468	0.0	0.0	0.0	80.27787	0.0	0.0	83.03912	113.52496	0.0	338.80017	11.483867	0.0	0.0	108.29574	199.48573	0.0	0.0	30.887049	0.0	0.0	1.4703102	284.66467	0.0	0.0	0.0	40.010345	0.0	0.0	0.0	168.45311	272.88257	0.0	88.57389	0.0	0.0	40.62384	0.0	18.48341	0.0	0.0	0.0	0.0	0.0	0.0	0.0	89.78729	0.0	177.46721	0.0	0.0	101.06913	0.0	0.0
0.0	69.879	0.0	88.15371	0.0	0.0	7.2587566	0.0	0.0	0.0	0.0	9.932555	0.0	0.0	327.03268	0.0	158.09889	0.0	0.0	176.94324	0.0	0.0	0.0	102.2586	0.0	0.0	149.03383	0.0	0.0	96.27535	0.0	0.0	0.0	0.0	0.0	112.19568	0.0	28.761541	0.0	0.0	96.417114	13.033626	150.31201	0.0	0.0	0.0	91.565704	113.46081	67.47039	0.0	0.0	0.0	0.0	145.61298	0.0	0.0	8.493415	0.0	0.0	91.578804	51.488617	0.0	0.0	0.0	0.0	0.0	28.906097	117.730896	0.0	165.57654	97.50372	0.0	185.40538	0.0	92.155785	0.0	0.0	0.0	82.15551	0.0	0.0	85.30002	115.443115	0.0	344.37314	11.45394	0.0	0.0	109.728264	203.71733	0.0	0.0	31.383698	0.0	0.0	1.7688974	289.43542	0.0	0.0	0.0	40.755848	0.0	0.0	0.0	171.5863	277.8489	0.0	90.18729	0.0	0.0	41.669445	0.0	18.307455	0.0	0.0	0.0	0.0	0.0	0.0	0.0	91.272804	0.0	180.49385	0.0	0.0	103.04478	0.0	0.0
0.0	71.50294	0.0	94.45529	0.0	0.0	10.475716	0.0	0.0	0.0	0.0	10.653321	0.0	0.0	350.25406	0.0	168.88826	0.0	0.0	186.51631	0.0	0.0	0.0	109.968994	0.0	0.0	158.82648	0.0	0.0	103.78362	0.0	0.0	0.0	0.0	0.0	117.45574	0.0	30.829382	0.0	0.0	102.71884	13.96914	159.28712	0.0	0.0	0.0	96.889496	120.8526	71.75731	0.0	0.0	0.0	0.0	154.74364	0.0	0.0	9.516654	0.0	0.0	98.32449	55.44784	0.0	0.0	0.0	0.0	0.0	32.399075	125.46635	0.0	176.3885	103.33234	0.0	198.70042	0.0	96.26638	0.0050785826	0.0	0.0	86.727295	0.0	0.0	90.67506	122.772766	0.0	364.61917	11.929818	0.0	0.0	116.08225	218.18127	0.0	0.0	33.54092	0.0	0.0	3.9770653	306.2383	0.0	0.0	0.0	44.409756	0.0	0.0	0.0	182.03462	294.56342	0.0	97.18667	0.0	0.0	45.475216	0.0	17.932045	0.0	0.0	0.0	0.0	0.0	0.0	0.0	95.612366	0.0	192.48749	0.0	0.0	109.90924	0.0	0.0
0.0	394.28955	0.0	531.1962	0.0	0.0	77.26281	0.0	0.0	0.0	0.0	68.87879	0.0	0.0	1976.4606	0.0	970.66925	0.0	0.0	1029.639	0.0	0.0	0.0	636.6008	0.0	0.0	889.79425	0.0	0.0	584.21014	0.0	0.0	0.0	0.0	0.0	664.7017	0.0	170.44098	0.0	0.0	539.4195	70.64204	869.55634	0.0	0.0	0.0	559.11304	703.0962	398.2716	0.0	0.0	0.0	0.0	886.1701	0.0	0.0	75.07038	0.0	0.0	539.146	341.05704	0.0	0.0	0.0	0.0	0.0	202.8603	689.67596	0.0	995.13385	591.60016	0.0	1127.1244	0.0	554.143	1.8173434	0.0	0.0	438.8621	0.0	0.0	486.05518	681.4394	0.0	2007.3555	58.2202	0.0	0.0	678.914	1243.9211	0.0	0.0	178.22493	0.0	0.0	39.184437	1683.2217	0.0	0.0	0.0	283.2296	0.0	0.0	0.0	1007.6951	1650.9762	0.0	540.46826	0.0	0.0	260.27673	0.0	113.611855	0.0	0.0	0.0	0.0	0.0	0.0	0.0	536.6695	0.0	1087.9204	0.0	0.0	615.78864	0.0	0.0
0.0	399.04764	0.0	520.85114	0.0	0.0	67.68288	0.0	0.0	0.0	0.0	62.222157	0.0	0.0	1936.3553	0.0	949.2131	0.0	0.0	1023.7496	0.0	0.0	0.0	619.0229	0.0	0.0	872.31464	0.0	0.0	572.83167	0.0	0.0	0.0	0.0	0.0	662.36017	0.0	167.63684	0.0	0.0	537.6863	65.74248	857.98	0.0	0.0	0.0	552.4769	690.6924	393.53494	0.0	0.0	0.0	0.0	879.26465	0.0	0.0	71.03118	0.0	0.0	525.78906	334.63565	0.0	0.0	0.0	0.0	0.0	192.01569	678.68744	0.0	978.89557	584.59784	0.0	1105.0695	0.0	556.8124	0.0	0.0	0.0	436.8308	0.0	0.0	477.92944	675.44775	0.0	1983.792	61.825085	0.0	0.0	673.9794	1212.9965	0.0	0.0	177.7895	0.0	0.0	31.515818	1664.8165	0.0	0.0	0.0	272.3692	0.0	0.0	0.0	996.76416	1624.7133	0.0	526.52423	0.0	0.0	251.46313	0.0	117.05552	0.0	0.0	0.0	0.0	0.0	0.0	0.0	537.4628	0.0	1068.8501	0.0	0.0	603.93115	0.0	0.0
0.0	406.97153	0.0	526.7349	0.0	0.0	71.62526	0.0	0.0	0.0	0.0	64.98696	0.0	0.0	1989.1167	0.0	978.5315	0.0	0.0	1041.7621	0.0	0.0	0.0	636.42676	0.0	0.0	889.8777	0.0	0.0	584.12646	0.0	0.0	0.0	0.0	0.0	676.3416	0.0	169.21747	0.0	0.0	549.4527	63.80427	871.9217	0.0	0.0	0.0	569.9974	713.80835	399.9795	0.0	0.0	0.0	0.0	903.5396	0.0	0.0	78.84698	0.0	0.0	532.40533	349.2017	0.0	0.0	0.0	0.0	0.0	196.2416	691.8748	0.0	1002.18744	600.4662	0.0	1135.0045	0.0	573.63495	0.0	0.0	0.0	437.48755	0.0	0.0	483.31226	689.79364	0.0	2020.2949	63.257217	0.0	0.0	693.6224	1244.7184	0.0	0.0	181.25623	0.0	0.0	34.54921	1688.8003	0.0	0.0	0.0	294.51	0.0	0.0	0.0	1019.6704	1660.4701	0.0	537.35034	0.0	0.0	255.40997	0.0	123.65269	0.0	0.0	0.0	0.0	0.0	0.0	0.0	547.8977	0.0	1091.746	0.0	0.0	612.6411	0.0	0.0
0.0	653.9569	0.0	471.088	0.0	0.0	88.87412	0.0	0.0	0.0	0.0	115.02787	0.0	0.0	2570.377	0.0	1409.0914	0.0	0.0	1299.2819	0.0	0.0	0.0	785.9414	0.0	0.0	906.81274	0.0	0.0	575.11053	0.0	0.0	0.0	0.0	0.0	1048.568	0.0	144.95256	0.0	0.0	648.6684	0.0	799.9309	0.0	604.9721	0.0	971.9695	1243.307	502.15112	0.0	0.0	0.0	0.0	1331.1989	0.0	0.0	452.8375	0.0	0.0	352.29233	735.73895	0.0	0.0	0.0	0.0	0.0	166.16347	753.46313	0.0	1318.9669	904.96234	0.0	1425.7583	0.0	1096.8339	0.0	0.0	0.0	43.903393	0.0	0.0	355.06967	927.2583	0.0	2256.2422	170.97517	0.0	0.0	1196.1022	1533.5674	0.0	0.0	210.18446	0.0	0.0	20.046434	1713.8711	0.0	0.0	0.0	784.91144	0.0	0.0	0.0	1266.5796	1900.0409	0.0	501.18924	0.0	0.0	263.9656	0.0	473.6608	0.0	0.0	0.0	0.0	0.0	0.0	0.0	826.60547	0.0	1345.9996	0.0	0.0	568.29047	0.0	0.0
0.0	442.0598	0.0	519.8986	0.0	0.0	65.28642	0.0	0.0	0.0	0.0	60.332775	0.0	0.0	2078.1172	0.0	1024.0758	0.0	0.0	1086.3785	0.0	0.0	0.0	655.02106	0.0	0.0	902.26434	0.0	0.0	594.74225	0.0	0.0	0.0	0.0	0.0	725.40674	0.0	170.40736	0.0	0.0	576.7803	40.07547	884.88086	0.0	0.0	0.0	622.8682	767.8796	408.70065	0.0	0.0	0.0	0.0	973.80145	0.0	0.0	114.860016	0.0	0.0	516.24176	389.50504	0.0	0.0	0.0	0.0	0.0	193.15668	705.6196	0.0	1046.8195	637.6689	0.0	1188.4205	0.0	649.48755	0.0	0.0	0.0	412.5557	0.0	0.0	468.1616	722.38983	0.0	2073.2307	81.835106	0.0	0.0	759.4585	1285.4729	0.0	0.0	197.05566	0.0	0.0	31.58391	1716.2177	0.0	0.0	0.0	355.07336	0.0	0.0	0.0	1075.9735	1710.3309	0.0	537.30365	0.0	0.0	248.37212	0.0	169.46843	0.0	0.0	0.0	0.0	0.0	0.0	0.0	589.34515	0.0	1126.9537	0.0	0.0	617.88947	0.0	0.0
0.0	405.73364	0.0	525.2327	0.0	0.0	69.48907	0.0	0.0	0.0	0.0	62.85071	0.0	0.0	1966.9053	0.0	966.1245	0.0	0.0	1038.777	0.0	0.0	0.0	628.2139	0.0	0.0	881.811	0.0	0.0	579.5524	0.0	0.0	0.0	0.0	0.0	672.3089	0.0	168.89784	0.0	0.0	544.62024	63.384617	866.51953	0.0	0.0	0.0	563.69086	703.0854	398.4646	0.0	0.0	0.0	0.0	893.33307	0.0	0.0	74.29337	0.0	0.0	529.16693	343.0398	0.0	0.0	0.0	0.0	0.0	193.71497	687.39154	0.0	993.26685	594.44196	0.0	1121.5939	0.0	568.8323	0.0	0.0	0.0	437.77866	0.0	0.0	480.78857	685.3491	0.0	2009.482	62.64388	0.0	0.0	687.9222	1229.7345	0.0	0.0	180.27809	0.0	0.0	32.2776	1682.9897	0.0	0.0	0.0	282.27316	0.0	0.0	0.0	1011.3545	1646.142	0.0	533.1939	0.0	0.0	254.89787	0.0	121.76028	0.0	0.0	0.0	0.0	0.0	0.0	0.0	545.46875	0.0	1083.6791	0.0	0.0	610.0668	0.0	0.0
0.0	402.9165	0.0	529.83716	0.0	0.0	73.71262	0.0	0.0	0.0	0.0	65.4705	0.0	0.0	1990.9769	0.0	976.987	0.0	0.0	1041.1158	0.0	0.0	0.0	637.86475	0.0	0.0	893.7089	0.0	0.0	586.5203	0.0	0.0	0.0	0.0	0.0	674.5557	0.0	170.10513	0.0	0.0	549.59125	66.488556	875.69977	0.0	0.0	0.0	566.6282	711.54254	400.76343	0.0	0.0	0.0	0.0	899.70197	0.0	0.0	76.2778	0.0	0.0	539.1559	345.96347	0.0	0.0	0.0	0.0	0.0	200.02063	693.6231	0.0	1003.4048	598.86017	0.0	1136.0973	0.0	568.23566	0.0	0.0	0.0	442.1963	0.0	0.0	487.8588	689.5083	0.0	2023.96	61.63888	0.0	0.0	690.2112	1248.7197	0.0	0.0	180.76184	0.0	0.0	34.83875	1694.8121	0.0	0.0	0.0	288.3807	0.0	0.0	0.0	1020.68744	1663.9131	0.0	540.8697	0.0	0.0	259.7887	0.0	118.83994	0.0	0.0	0.0	0.0	0.0	0.0	0.0	545.9051	0.0	1094.6759	0.0	0.0	617.4854	0.0	0.0
0.0	397.74695	0.0	521.4035	0.0	0.0	66.8052	0.0	0.0	0.0	0.0	62.683964	0.0	0.0	1941.3893	0.0	951.2662	0.0	0.0	1024.819	0.0	0.0	0.0	619.5295	0.0	0.0	873.65936	0.0	0.0	574.25104	0.0	0.0	0.0	0.0	0.0	660.66675	0.0	169.27202	0.0	0.0	540.49194	68.51158	860.8281	0.0	0.0	0.0	552.6563	690.6984	394.05518	0.0	0.0	0.0	0.0	877.0142	0.0	0.0	69.43618	0.0	0.0	527.7022	332.5919	0.0	0.0	0.0	0.0	0.0	191.5587	680.35754	0.0	978.86475	584.8045	0.0	1105.5577	0.0	553.58984	0.0	0.0	0.0	438.9595	0.0	0.0	480.92322	675.26263	0.0	1988.8539	62.013138	0.0	0.0	671.4148	1215.1445	0.0	0.0	177.45581	0.0	0.0	30.17893	1667.9032	0.0	0.0	0.0	272.73016	0.0	0.0	0.0	997.19354	1627.7661	0.0	529.3083	0.0	0.0	251.91182	0.0	114.7864	0.0	0.0	0.0	0.0	0.0	0.0	0.0	534.8967	0.0	1069.2886	0.0	0.0	604.40643	0.0	0.0
0.0	410.74597	0.0	532.788	0.0	0.0	69.96891	0.0	0.0	0.0	0.0	64.46085	0.0	0.0	1995.1566	0.0	983.82153	0.0	0.0	1053.722	0.0	0.0	0.0	638.78015	0.0	0.0	895.6137	0.0	0.0	590.0503	0.0	0.0	0.0	0.0	0.0	681.7768	0.0	168.46417	0.0	0.0	552.9139	60.911346	877.5623	0.0	0.0	0.0	579.1124	716.45087	403.44717	0.0	0.0	0.0	0.0	910.9222	0.0	0.0	75.89213	0.0	0.0	531.8211	350.3662	0.0	0.0	0.0	0.0	0.0	195.3881	696.5147	0.0	1010.36786	605.4683	0.0	1141.131	0.0	581.5698	0.0	0.0	0.0	437.86685	0.0	0.0	481.64517	695.4583	0.0	2033.8868	63.86655	0.0	0.0	699.8504	1248.0575	0.0	0.0	183.48451	0.0	0.0	30.95038	1707.3558	0.0	0.0	0.0	293.24698	0.0	0.0	0.0	1027.5884	1669.064	0.0	542.3689	0.0	0.0	253.03548	0.0	128.6609	0.0	0.0	0.0	0.0	0.0	0.0	0.0	551.3808	0.0	1101.3579	0.0	0.0	617.42596	0.0	0.0
0.0	407.84488	0.0	525.65967	0.0	0.0	68.175026	0.0	0.0	0.0	0.0	62.926983	0.0	0.0	1976.8954	0.0	970.0991	0.0	0.0	1040.4089	0.0	0.0	0.0	631.26666	0.0	0.0	884.1301	0.0	0.0	580.8487	0.0	0.0	0.0	0.0	0.0	676.6219	0.0	170.24576	0.0	0.0	547.8897	62.907124	868.1652	0.0	0.0	0.0	569.25104	709.57935	399.3291	0.0	0.0	0.0	0.0	902.4904	0.0	0.0	76.653114	0.0	0.0	527.841	348.34888	0.0	0.0	0.0	0.0	0.0	194.7232	687.5319	0.0	997.48224	598.9348	0.0	1128.2079	0.0	575.6014	0.0	0.0	0.0	432.57803	0.0	0.0	479.30118	687.11456	0.0	2011.7423	64.952614	0.0	0.0	693.69653	1235.5826	0.0	0.0	181.10683	0.0	0.0	32.233467	1684.3336	0.0	0.0	0.0	290.23373	0.0	0.0	0.0	1017.0947	1651.42	0.0	531.42206	0.0	0.0	253.0247	0.0	126.32169	0.0	0.0	0.0	0.0	0.0	0.0	0.0	548.79565	0.0	1086.1973	0.0	0.0	610.60864	0.0	0.0
0.0	401.50845	0.0	531.5198	0.0	0.0	70.531265	0.0	0.0	0.0	0.0	65.45617	0.0	0.0	1977.1447	0.0	969.3226	0.0	0.0	1038.6426	0.0	0.0	0.0	633.21063	0.0	0.0	890.43915	0.0	0.0	583.64355	0.0	0.0	0.0	0.0	0.0	669.8655	0.0	172.06258	0.0	0.0	547.32574	69.57173	874.78595	0.0	0.0	0.0	561.29584	702.4324	400.6371	0.0	0.0	0.0	0.0	891.16327	0.0	0.0	70.87025	0.0	0.0	539.3754	338.7114	0.0	0.0	0.0	0.0	0.0	197.73003	692.5136	0.0	997.4546	594.16156	0.0	1125.9863	0.0	559.8677	0.0	0.0	0.0	445.65842	0.0	0.0	489.62686	685.0057	0.0	2020.7926	61.767063	0.0	0.0	681.4918	1240.1855	0.0	0.0	180.81291	0.0	0.0	32.80279	1694.71	0.0	0.0	0.0	278.02225	0.0	0.0	0.0	1013.83514	1656.2695	0.0	540.09247	0.0	0.0	258.1477	0.0	113.73496	0.0	0.0	0.0	0.0	0.0	0.0	0.0	542.2428	0.0	1089.2498	0.0	0.0	615.85834	0.0	0.0
0.0	398.16357	0.0	529.41473	0.0	0.0	73.741875	0.0	0.0	0.0	0.0	66.75966	0.0	0.0	1969.8398	0.0	968.11426	0.0	0.0	1031.2428	0.0	0.0	0.0	633.1118	0.0	0.0	888.7602	0.0	0.0	582.68896	0.0	0.0	0.0	0.0	0.0	667.27264	0.0	169.16805	0.0	0.0	541.12494	68.932526	870.0363	0.0	0.0	0.0	558.0571	702.40594	397.33228	0.0	0.0	0.0	0.0	888.36206	0.0	0.0	72.76081	0.0	0.0	537.938	339.89426	0.0	0.0	0.0	0.0	0.0	199.57207	690.3301	0.0	995.5339	592.19995	0.0	1125.2755	0.0	557.3349	0.025966592	0.0	0.0	441.5839	0.0	0.0	485.2296	682.70557	0.0	2006.5645	59.49782	0.0	0.0	677.96313	1238.8184	0.0	0.0	178.78703	0.0	0.0	35.692852	1681.1764	0.0	0.0	0.0	281.4719	0.0	0.0	0.0	1007.79224	1650.0758	0.0	538.6273	0.0	0.0	257.84976	0.0	111.74032	0.0	0.0	0.0	0.0	0.0	0.0	0.0	538.9799	0.0	1086.459	0.0	0.0	613.8931	0.0	0.0
0.0	400.24295	0.0	535.2814	0.0	0.0	77.322716	0.0	0.0	0.0	0.0	68.85593	0.0	0.0	2000.8959	0.0	983.0857	0.0	0.0	1042.8403	0.0	0.0	0.0	641.8951	0.0	0.0	900.5449	0.0	0.0	591.6385	0.0	0.0	0.0	0.0	0.0	672.6196	0.0	172.51509	0.0	0.0	549.59314	70.09046	880.0783	0.0	0.0	0.0	566.6922	712.0191	402.22714	0.0	0.0	0.0	0.0	897.06525	0.0	0.0	74.88812	0.0	0.0	544.05023	345.62674	0.0	0.0	0.0	0.0	0.0	203.72966	697.2757	0.0	1006.9258	599.27264	0.0	1140.9198	0.0	562.5625	0.0	0.0	0.0	444.64963	0.0	0.0	491.03262	688.40607	0.0	2031.7262	60.424072	0.0	0.0	686.9643	1257.3053	0.0	0.0	179.55571	0.0	0.0	36.378513	1702.9281	0.0	0.0	0.0	287.5505	0.0	0.0	0.0	1021.5671	1671.5446	0.0	547.60236	0.0	0.0	263.1548	0.0	114.44987	0.0	0.0	0.0	0.0	0.0	0.0	0.0	542.14667	0.0	1098.7188	0.0	0.0	623.50775	0.0	0.0
0.0	398.05234	0.0	520.7075	0.0	0.0	67.1321	0.0	0.0	0.0	0.0	62.600376	0.0	0.0	1937.1823	0.0	949.4743	0.0	0.0	1023.0031	0.0	0.0	0.0	618.5072	0.0	0.0	871.9134	0.0	0.0	573.3042	0.0	0.0	0.0	0.0	0.0	661.0586	0.0	168.43007	0.0	0.0	538.57404	67.92596	859.6131	0.0	0.0	0.0	551.49713	690.2542	393.46252	0.0	0.0	0.0	0.0	876.85205	0.0	0.0	70.052414	0.0	0.0	526.8252	333.22318	0.0	0.0	0.0	0.0	0.0	191.53052	679.1564	0.0	978.12616	583.7546	0.0	1104.7682	0.0	554.8625	0.0	0.0	0.0	438.30942	0.0	0.0	479.3368	674.6745	0.0	1983.6088	61.428684	0.0	0.0	671.2634	1212.1058	0.0	0.0	177.82253	0.0	0.0	30.979338	1663.4594	0.0	0.0	0.0	272.9519	0.0	0.0	0.0	995.50934	1624.7067	0.0	526.7585	0.0	0.0	250.73466	0.0	116.10812	0.0	0.0	0.0	0.0	0.0	0.0	0.0	535.0301	0.0	1067.7316	0.0	0.0	603.5206	0.0	0.0
0.0	401.0697	0.0	531.8133	0.0	0.0	74.02335	0.0	0.0	0.0	0.0	66.607414	0.0	0.0	1982.8978	0.0	974.57275	0.0	0.0	1039.3329	0.0	0.0	0.0	637.12897	0.0	0.0	892.7456	0.0	0.0	586.0682	0.0	0.0	0.0	0.0	0.0	670.03204	0.0	171.59021	0.0	0.0	545.5549	68.26413	875.2767	0.0	0.0	0.0	563.7342	705.0164	400.71127	0.0	0.0	0.0	0.0	890.8322	0.0	0.0	72.817505	0.0	0.0	539.08527	340.9954	0.0	0.0	0.0	0.0	0.0	199.93428	694.18475	0.0	1001.37714	595.4802	0.0	1128.3807	0.0	560.25665	0.093069665	0.0	0.0	444.56204	0.0	0.0	488.24295	686.8261	0.0	2021.5747	60.099686	0.0	0.0	683.8431	1244.0468	0.0	0.0	181.02551	0.0	0.0	34.66967	1695.1085	0.0	0.0	0.0	282.22293	0.0	0.0	0.0	1014.868	1658.7627	0.0	543.7232	0.0	0.0	257.69174	0.0	114.38214	0.0	0.0	0.0	0.0	0.0	0.0	0.0	541.0294	0.0	1093.0164	0.0	0.0	616.4028	0.0	0.0
0.0	400.7643	0.0	531.8753	0.0	0.0	73.71029	0.0	0.0	0.0	0.0	66.39819	0.0	0.0	1981.689	0.0	971.82715	0.0	0.0	1038.3573	0.0	0.0	0.0	636.16187	0.0	0.0	893.0298	0.0	0.0	585.70087	0.0	0.0	0.0	0.0	0.0	671.3082	0.0	171.44373	0.0	0.0	546.40826	69.766785	875.86273	0.0	0.0	0.0	562.46094	705.7473	400.59387	0.0	0.0	0.0	0.0	893.4419	0.0	0.0	74.4215	0.0	0.0	540.2846	341.81827	0.0	0.0	0.0	0.0	0.0	199.91638	692.7444	0.0	998.6938	594.9924	0.0	1131.3386	0.0	561.6447	0.4138552	0.0	0.0	443.84824	0.0	0.0	489.38782	686.1665	0.0	2020.7587	60.905506	0.0	0.0	683.31805	1245.5226	0.0	0.0	180.43364	0.0	0.0	36.26782	1694.733	0.0	0.0	0.0	281.80432	0.0	0.0	0.0	1015.6826	1659.0532	0.0	540.333	0.0	0.0	258.82236	0.0	114.73017	0.0	0.0	0.0	0.0	0.0	0.0	0.0	542.65967	0.0	1091.2683	0.0	0.0	618.0926	0.0	0.0
0.0	400.49207	0.0	536.53766	0.0	0.0	76.22582	0.0	0.0	0.0	0.0	68.08311	0.0	0.0	2005.2002	0.0	984.58325	0.0	0.0	1044.643	0.0	0.0	0.0	645.1936	0.0	0.0	900.84814	0.0	0.0	591.0949	0.0	0.0	0.0	0.0	0.0	672.4113	0.0	173.63367	0.0	0.0	551.3509	70.3906	882.84296	0.0	0.0	0.0	568.46246	713.1992	403.78052	0.0	0.0	0.0	0.0	897.6164	0.0	0.0	75.233665	0.0	0.0	546.0049	345.05807	0.0	0.0	0.0	0.0	0.0	204.70618	699.37115	0.0	1009.8088	599.50525	0.0	1140.6456	0.0	562.2141	0.0	0.0	0.0	446.3562	0.0	0.0	493.80664	691.4622	0.0	2037.1862	60.922016	0.0	0.0	687.4362	1259.5675	0.0	0.0	182.27303	0.0	0.0	37.180515	1707.2062	0.0	0.0	0.0	287.13754	0.0	0.0	0.0	1023.3845	1673.4062	0.0	549.3904	0.0	0.0	260.79102	0.0	115.713806	0.0	0.0	0.0	0.0	0.0	0.0	0.0	542.8074	0.0	1103.0258	0.0	0.0	621.7016	0.0	0.0
0.0	400.4762	0.0	536.136	0.0	0.0	79.48575	0.0	0.0	0.0	0.0	68.90241	0.0	0.0	2007.7386	0.0	986.8609	0.0	0.0	1044.9674	0.0	0.0	0.0	646.72974	0.0	0.0	901.6123	0.0	0.0	592.4878	0.0	0.0	0.0	0.0	0.0	672.1677	0.0	172.44283	0.0	0.0	551.07086	68.39736	882.4744	0.0	0.0	0.0	568.7226	714.42865	403.82715	0.0	0.0	0.0	0.0	897.94183	0.0	0.0	76.548706	0.0	0.0	544.6983	346.36353	0.0	0.0	0.0	0.0	0.0	204.77246	701.55316	0.0	1011.6735	599.4961	0.0	1142.2036	0.0	562.0546	0.0	0.0	0.0	446.1467	0.0	0.0	492.48917	692.7493	0.0	2036.6732	59.389713	0.0	0.0	688.02325	1260.4698	0.0	0.0	183.18048	0.0	0.0	38.48567	1706.2203	0.0	0.0	0.0	289.8809	0.0	0.0	0.0	1023.81024	1673.3588	0.0	550.7563	0.0	0.0	260.80893	0.0	117.83753	0.0	0.0	0.0	0.0	0.0	0.0	0.0	542.9028	0.0	1103.193	0.0	0.0	621.8509	0.0	0.0
0.0	397.76553	0.0	526.84454	0.0	0.0	72.16206	0.0	0.0	0.0	0.0	65.57842	0.0	0.0	1956.6503	0.0	961.13654	0.0	0.0	1028.3185	0.0	0.0	0.0	627.25275	0.0	0.0	881.8635	0.0	0.0	579.0615	0.0	0.0	0.0	0.0	0.0	664.0313	0.0	169.84628	0.0	0.0	539.039	68.03879	864.7609	0.0	0.0	0.0	555.30396	696.5162	395.91846	0.0	0.0	0.0	0.0	881.8649	0.0	0.0	72.37926	0.0	0.0	532.6927	336.63834	0.0	0.0	0.0	0.0	0.0	196.76888	684.8693	0.0	987.3339	588.41364	0.0	1115.7462	0.0	554.5971	0.69584775	0.0	0.0	440.1417	0.0	0.0	483.3785	678.2418	0.0	1999.5494	59.75597	0.0	0.0	676.8095	1228.4318	0.0	0.0	177.95561	0.0	0.0	34.53389	1676.9049	0.0	0.0	0.0	276.13913	0.0	0.0	0.0	1002.38654	1640.3278	0.0	534.9026	0.0	0.0	256.70444	0.0	113.38498	0.0	0.0	0.0	0.0	0.0	0.0	0.0	536.97705	0.0	1078.8511	0.0	0.0	611.0584	0.0	0.0
0.0	398.93274	0.0	528.10455	0.0	0.0	70.79893	0.0	0.0	0.0	0.0	66.28097	0.0	0.0	1960.9694	0.0	961.87274	0.0	0.0	1030.9282	0.0	0.0	0.0	628.6211	0.0	0.0	884.2225	0.0	0.0	580.3139	0.0	0.0	0.0	0.0	0.0	666.7489	0.0	168.95946	0.0	0.0	540.77997	68.55406	867.8008	0.0	0.0	0.0	557.7803	698.1218	398.6228	0.0	0.0	0.0	0.0	886.7842	0.0	0.0	72.45772	0.0	0.0	532.8186	337.5782	0.0	0.0	0.0	0.0	0.0	195.28882	686.51074	0.0	989.85736	590.50275	0.0	1119.444	0.0	557.63654	1.1089286	0.0	0.0	439.74942	0.0	0.0	483.8936	680.3366	0.0	2003.6588	60.24413	0.0	0.0	678.0066	1231.2893	0.0	0.0	178.93463	0.0	0.0	34.52549	1681.1322	0.0	0.0	0.0	277.6837	0.0	0.0	0.0	1006.90314	1643.9545	0.0	534.77924	0.0	0.0	255.5166	0.0	114.22778	0.0	0.0	0.0	0.0	0.0	0.0	0.0	539.4997	0.0	1081.6744	0.0	0.0	611.4275	0.0	0.0
0.0	398.46555	0.0	534.69507	0.0	0.0	76.848976	0.0	0.0	0.0	0.0	69.06814	0.0	0.0	1996.123	0.0	979.2308	0.0	0.0	1039.8849	0.0	0.0	0.0	641.00714	0.0	0.0	897.3577	0.0	0.0	590.3614	0.0	0.0	0.0	0.0	0.0	672.1296	0.0	171.88708	0.0	0.0	546.9107	71.20883	878.667	0.0	0.0	0.0	565.97797	710.5704	402.2061	0.0	0.0	0.0	0.0	895.9444	0.0	0.0	75.63385	0.0	0.0	543.2674	344.32874	0.0	0.0	0.0	0.0	0.0	204.23462	696.04395	0.0	1005.30975	597.65204	0.0	1136.8092	0.0	561.8016	0.1840222	0.0	0.0	441.68192	0.0	0.0	489.69034	689.0217	0.0	2026.8076	60.422558	0.0	0.0	686.5877	1254.4591	0.0	0.0	180.95299	0.0	0.0	37.774998	1699.2823	0.0	0.0	0.0	286.80542	0.0	0.0	0.0	1019.26605	1666.3732	0.0	545.0066	0.0	0.0	260.9856	0.0	116.103004	0.0	0.0	0.0	0.0	0.0	0.0	0.0	541.7705	0.0	1097.6503	0.0	0.0	620.8359	0.0	0.0
0.0	400.6708	0.0	531.14545	0.0	0.0	74.660545	0.0	0.0	0.0	0.0	66.96848	0.0	0.0	1978.0575	0.0	972.97656	0.0	0.0	1037.3706	0.0	0.0	0.0	634.7206	0.0	0.0	891.6799	0.0	0.0	585.23285	0.0	0.0	0.0	0.0	0.0	669.9792	0.0	168.98244	0.0	0.0	544.55005	68.22997	871.99097	0.0	0.0	0.0	561.86285	705.0217	400.08072	0.0	0.0	0.0	0.0	893.1621	0.0	0.0	73.59749	0.0	0.0	537.25806	343.25156	0.0	0.0	0.0	0.0	0.0	198.38774	692.63983	0.0	997.6346	595.5022	0.0	1128.7338	0.0	560.70667	0.28045267	0.0	0.0	443.3779	0.0	0.0	486.59363	685.1282	0.0	2015.7089	59.185272	0.0	0.0	682.513	1241.3218	0.0	0.0	177.8737	0.0	0.0	37.16148	1690.0537	0.0	0.0	0.0	282.53964	0.0	0.0	0.0	1011.7198	1656.1908	0.0	539.1012	0.0	0.0	258.50504	0.0	114.519966	0.0	0.0	0.0	0.0	0.0	0.0	0.0	541.5004	0.0	1090.3877	0.0	0.0	615.831	0.0	0.0
0.0	413.95157	0.0	523.22565	0.0	0.0	70.09647	0.0	0.0	0.0	0.0	63.028625	0.0	0.0	1997.234	0.0	982.8447	0.0	0.0	1049.3081	0.0	0.0	0.0	636.3658	0.0	0.0	888.50714	0.0	0.0	584.53827	0.0	0.0	0.0	0.0	0.0	684.72394	0.0	168.67024	0.0	0.0	553.8451	57.692352	872.749	0.0	0.0	0.0	577.5584	721.938	400.79053	0.0	0.0	0.0	0.0	914.23047	0.0	0.0	83.298325	0.0	0.0	527.0672	354.79184	0.0	0.0	0.0	0.0	0.0	193.44476	692.0679	0.0	1007.8626	605.88745	0.0	1141.0732	0.0	588.3156	0.0	0.0	0.0	432.66516	0.0	0.0	478.64078	693.9057	0.0	2025.6011	67.106094	0.0	0.0	704.575	1245.8379	0.0	0.0	183.21167	0.0	0.0	33.279606	1690.851	0.0	0.0	0.0	302.47757	0.0	0.0	0.0	1027.4458	1665.2731	0.0	535.40594	0.0	0.0	253.68993	0.0	132.92418	0.0	0.0	0.0	0.0	0.0	0.0	0.0	555.06604	0.0	1094.9175	0.0	0.0	612.5366	0.0	0.0
0.0	410.10715	0.0	542.68646	0.0	0.0	75.25897	0.0	0.0	0.0	0.0	67.28643	0.0	0.0	2032.0687	0.0	996.63086	0.0	0.0	1063.9434	0.0	0.0	0.0	652.90045	0.0	0.0	914.42236	0.0	0.0	598.465	0.0	0.0	0.0	0.0	0.0	684.3203	0.0	175.5721	0.0	0.0	561.53375	69.2127	896.5317	0.0	0.0	0.0	576.08954	721.7797	410.44214	0.0	0.0	0.0	0.0	912.2115	0.0	0.0	74.16819	0.0	0.0	553.31537	348.75388	0.0	0.0	0.0	0.0	0.0	204.02545	708.78485	0.0	1023.6882	609.63495	0.0	1156.6459	0.0	572.9489	0.0	0.0	0.0	456.24292	0.0	0.0	501.62576	701.5215	0.0	2071.0652	61.810772	0.0	0.0	700.23663	1275.6655	0.0	0.0	183.73796	0.0	0.0	33.83169	1737.0332	0.0	0.0	0.0	288.68936	0.0	0.0	0.0	1041.7823	1700.5851	0.0	556.38666	0.0	0.0	266.24088	0.0	117.87382	0.0	0.0	0.0	0.0	0.0	0.0	0.0	554.0594	0.0	1117.7262	0.0	0.0	632.42664	0.0	0.0
0.0	403.61365	0.0	524.93365	0.0	0.0	69.583435	0.0	0.0	0.0	0.0	64.289085	0.0	0.0	1954.952	0.0	959.01715	0.0	0.0	1031.8668	0.0	0.0	0.0	625.7964	0.0	0.0	879.9514	0.0	0.0	577.083	0.0	0.0	0.0	0.0	0.0	668.3371	0.0	168.03429	0.0	0.0	540.65186	66.44849	865.4202	0.0	0.0	0.0	556.6132	698.156	397.8669	0.0	0.0	0.0	0.0	888.4576	0.0	0.0	72.309044	0.0	0.0	530.94196	337.91562	0.0	0.0	0.0	0.0	0.0	193.70277	685.3621	0.0	987.94916	589.8815	0.0	1116.161	0.0	561.23676	0.7164624	0.0	0.0	440.6289	0.0	0.0	482.71472	681.0898	0.0	2001.5951	61.06717	0.0	0.0	678.2884	1225.0757	0.0	0.0	179.5555	0.0	0.0	33.728016	1677.1934	0.0	0.0	0.0	276.18805	0.0	0.0	0.0	1004.9334	1641.0088	0.0	531.51495	0.0	0.0	255.26819	0.0	115.40531	0.0	0.0	0.0	0.0	0.0	0.0	0.0	541.97284	0.0	1079.6437	0.0	0.0	608.96783	0.0	0.0
0.0	387.53165	0.0	421.62503	0.0	0.0	19.95733	0.0	0.0	0.0	0.0	46.889236	0.0	0.0	1596.165	0.0	794.22217	0.0	0.0	899.46606	0.0	0.0	0.0	492.53873	0.0	0.0	722.4714	0.0	0.0	475.77164	0.0	0.0	0.0	0.0	0.0	595.4905	0.0	131.52808	0.0	0.0	448.67087	44.64987	731.5786	0.0	0.0	0.0	485.68765	583.6855	333.8501	0.0	0.0	0.0	0.0	756.4467	0.0	0.0	71.02311	0.0	0.0	412.74673	270.4764	0.0	0.0	0.0	0.0	0.0	132.7622	579.5691	0.0	837.9261	503.4137	0.0	904.8904	0.0	513.9699	0.0	0.0	0.0	372.13757	0.0	0.0	384.32483	581.9808	0.0	1700.5181	65.97974	0.0	0.0	590.8445	985.8797	0.0	0.0	155.82515	0.0	0.0	0.0	1429.5521	0.0	0.0	0.0	218.28468	0.0	0.0	0.0	849.4475	1378.9713	0.0	434.44315	0.0	0.0	189.11029	0.0	126.24288	0.0	0.0	0.0	0.0	0.0	0.0	0.0	474.45212	0.0	912.23346	0.0	0.0	496.5673	0.0	0.0
0.0	388.02612	0.0	421.3829	0.0	0.0	19.294363	0.0	0.0	0.0	0.0	45.824604	0.0	0.0	1572.4545	0.0	784.30206	0.0	0.0	894.01776	0.0	0.0	0.0	487.3629	0.0	0.0	714.3957	0.0	0.0	471.47375	0.0	0.0	0.0	0.0	0.0	594.23346	0.0	126.207954	0.0	0.0	439.58975	47.6768	725.81134	0.0	0.0	0.0	476.93674	577.21124	334.8219	0.0	0.0	0.0	0.0	753.49664	0.0	0.0	69.803764	0.0	0.0	410.98218	268.32437	0.0	0.0	0.0	0.0	0.0	128.88658	577.4871	0.0	827.93475	499.55344	0.0	892.7635	0.0	510.8186	0.0	0.0	0.0	371.08267	0.0	0.0	382.5967	580.587	0.0	1683.4576	61.068737	0.0	0.0	581.7148	970.4751	0.0	0.0	152.8856	0.0	0.0	0.0	1415.4655	0.0	0.0	0.0	209.49757	0.0	0.0	0.0	834.36005	1363.8569	0.0	422.3639	0.0	0.0	187.05269	0.0	119.50579	0.0	0.0	0.0	0.0	0.0	0.0	0.0	474.93982	0.0	904.1948	0.0	0.0	486.27463	0.0	0.0
0.0	440.86462	0.0	561.7924	0.0	0.0	56.214157	0.0	0.0	0.0	0.0	66.19427	0.0	0.0	2053.7952	0.0	997.8024	0.0	0.0	1122.2699	0.0	0.0	0.0	637.81396	0.0	0.0	939.6088	0.0	0.0	620.43256	0.0	0.0	0.0	0.0	0.0	701.2054	0.0	163.70372	0.0	0.0	601.1749	80.92483	945.35034	0.0	0.0	0.0	568.5909	709.9717	435.9629	0.0	0.0	0.0	0.0	919.8035	0.0	0.0	54.939377	0.0	0.0	575.95013	329.3354	0.0	0.0	0.0	0.0	0.0	177.94385	752.2158	0.0	1040.3604	612.49615	0.0	1169.3197	0.0	575.84235	1.3465589	0.0	0.0	519.9503	0.0	0.0	533.08905	733.3118	0.0	2171.1445	64.978806	0.0	0.0	683.8306	1271.1938	0.0	0.0	190.38428	0.0	0.0	17.602095	1827.4698	0.0	0.0	0.0	245.9211	0.0	0.0	0.0	1075.4459	1749.4263	0.0	570.64246	0.0	0.0	271.32166	0.0	104.94147	0.0	0.0	0.0	0.0	0.0	0.0	0.0	572.7789	0.0	1138.6959	0.0	0.0	644.5569	0.0	0.0
0.0	383.16714	0.0	427.78345	0.0	0.0	20.737833	0.0	0.0	0.0	0.0	47.60757	0.0	0.0	1599.9287	0.0	793.77435	0.0	0.0	900.1362	0.0	0.0	0.0	496.50098	0.0	0.0	728.0219	0.0	0.0	477.3264	0.0	0.0	0.0	0.0	0.0	593.05896	0.0	132.62209	0.0	0.0	450.5537	49.302887	735.9406	0.0	0.0	0.0	480.7258	580.83405	336.13513	0.0	0.0	0.0	0.0	753.2685	0.0	0.0	64.89068	0.0	0.0	420.66394	269.31662	0.0	0.0	0.0	0.0	0.0	135.14214	580.9654	0.0	836.8782	503.27603	0.0	907.2454	0.0	506.03085	0.0	0.0	0.0	378.29553	0.0	0.0	391.40884	582.47125	0.0	1706.0273	62.70669	0.0	0.0	585.25055	990.12335	0.0	0.0	153.78691	0.0	0.0	0.0	1437.3179	0.0	0.0	0.0	212.70842	0.0	0.0	0.0	849.2409	1383.1299	0.0	434.7367	0.0	0.0	191.90364	0.0	119.87073	0.0	0.0	0.0	0.0	0.0	0.0	0.0	473.94064	0.0	912.41095	0.0	0.0	500.43823	0.0	0.0
0.0	387.93564	0.0	425.2042	0.0	0.0	21.762766	0.0	0.0	0.0	0.0	46.795055	0.0	0.0	1627.6066	0.0	807.3735	0.0	0.0	907.69183	0.0	0.0	0.0	502.73898	0.0	0.0	734.30096	0.0	0.0	481.6564	0.0	0.0	0.0	0.0	0.0	600.8579	0.0	133.05171	0.0	0.0	460.0143	44.946014	742.0139	0.0	0.0	0.0	492.25003	594.2082	337.2646	0.0	0.0	0.0	0.0	768.052	0.0	0.0	73.532745	0.0	0.0	419.7633	278.40128	0.0	0.0	0.0	0.0	0.0	135.93666	585.0161	0.0	848.9659	511.38834	0.0	924.0388	0.0	519.4545	0.0	0.0	0.0	375.94287	0.0	0.0	390.52548	588.5186	0.0	1719.9283	67.0263	0.0	0.0	599.0789	1005.93604	0.0	0.0	157.03258	0.0	0.0	0.0	1443.4291	0.0	0.0	0.0	230.08073	0.0	0.0	0.0	865.6543	1399.7828	0.0	440.2595	0.0	0.0	191.75426	0.0	128.76265	0.0	0.0	0.0	0.0	0.0	0.0	0.0	479.56592	0.0	920.4971	0.0	0.0	503.80783	0.0	0.0
0.0	381.77274	0.0	425.21158	0.0	0.0	20.065948	0.0	0.0	0.0	0.0	47.582638	0.0	0.0	1593.3857	0.0	790.57355	0.0	0.0	896.7942	0.0	0.0	0.0	492.56332	0.0	0.0	723.7102	0.0	0.0	476.2146	0.0	0.0	0.0	0.0	0.0	590.7502	0.0	132.93497	0.0	0.0	448.63284	49.23174	732.5529	0.0	0.0	0.0	479.96365	578.58594	334.93344	0.0	0.0	0.0	0.0	749.74805	0.0	0.0	65.2007	0.0	0.0	418.20984	267.48642	0.0	0.0	0.0	0.0	0.0	134.49397	578.88715	0.0	833.6762	500.72766	0.0	902.951	0.0	504.22714	0.0	0.0	0.0	375.58096	0.0	0.0	388.9183	579.8044	0.0	1699.0117	63.471813	0.0	0.0	584.2835	985.279	0.0	0.0	153.03786	0.0	0.0	0.0	1431.4647	0.0	0.0	0.0	212.32074	0.0	0.0	0.0	845.58234	1377.1664	0.0	433.6821	0.0	0.0	190.63672	0.0	120.314964	0.0	0.0	0.0	0.0	0.0	0.0	0.0	471.49203	0.0	908.7441	0.0	0.0	498.89005	0.0	0.0
0.0	378.03152	0.0	428.80103	0.0	0.0	20.13272	0.0	0.0	0.0	0.0	49.183773	0.0	0.0	1591.1276	0.0	788.16925	0.0	0.0	896.47437	0.0	0.0	0.0	492.34036	0.0	0.0	725.12085	0.0	0.0	477.59888	0.0	0.0	0.0	0.0	0.0	585.8398	0.0	134.21916	0.0	0.0	449.0227	53.67903	735.7752	0.0	0.0	0.0	475.09048	572.89886	335.53296	0.0	0.0	0.0	0.0	742.06586	0.0	0.0	59.004288	0.0	0.0	423.68677	261.97827	0.0	0.0	0.0	0.0	0.0	134.80406	580.70435	0.0	830.58466	497.25607	0.0	900.92755	0.0	494.8784	0.0	0.0	0.0	381.9668	0.0	0.0	394.23648	578.6619	0.0	1704.1217	61.47113	0.0	0.0	576.62085	984.24677	0.0	0.0	152.87361	0.0	0.0	0.0	1437.1923	0.0	0.0	0.0	204.39441	0.0	0.0	0.0	842.8836	1376.6163	0.0	436.4539	0.0	0.0	193.05739	0.0	113.87948	0.0	0.0	0.0	0.0	0.0	0.0	0.0	468.2849	0.0	908.46783	0.0	0.0	500.94128	0.0	0.0
0.0	384.49326	0.0	446.8107	0.0	0.0	25.328074	0.0	0.0	0.0	0.0	50.738983	0.0	0.0	1663.2367	0.0	817.6167	0.0	0.0	924.44745	0.0	0.0	0.0	517.56396	0.0	0.0	756.7144	0.0	0.0	494.89502	0.0	0.0	0.0	0.0	0.0	602.95703	0.0	139.58134	0.0	0.0	474.03455	57.437283	766.23517	0.0	0.0	0.0	487.14096	595.77	349.55527	0.0	0.0	0.0	0.0	770.7788	0.0	0.0	59.586258	0.0	0.0	448.5267	275.48447	0.0	0.0	0.0	0.0	0.0	143.61273	602.7331	0.0	861.06396	515.52344	0.0	944.4965	0.0	506.46143	0.0	0.0	0.0	400.75528	0.0	0.0	416.75137	601.04486	0.0	1764.9994	60.77887	0.0	0.0	591.82184	1030.1837	0.0	0.0	158.79448	0.0	0.0	1.6452364	1486.9194	0.0	0.0	0.0	216.48445	0.0	0.0	0.0	878.7414	1430.2006	0.0	451.29443	0.0	0.0	202.82928	0.0	113.57294	0.0	0.0	0.0	0.0	0.0	0.0	0.0	485.39865	0.0	938.3249	0.0	0.0	521.13385	0.0	0.0
0.0	388.40665	0.0	453.88913	0.0	0.0	26.819565	0.0	0.0	0.0	0.0	51.521545	0.0	0.0	1683.3495	0.0	828.46124	0.0	0.0	937.03204	0.0	0.0	0.0	523.1063	0.0	0.0	767.4299	0.0	0.0	503.63232	0.0	0.0	0.0	0.0	0.0	607.654	0.0	140.51643	0.0	0.0	480.2522	60.053844	777.5096	0.0	0.0	0.0	490.98398	600.83057	354.646	0.0	0.0	0.0	0.0	777.137	0.0	0.0	56.353626	0.0	0.0	456.26382	276.79703	0.0	0.0	0.0	0.0	0.0	143.75414	612.72	0.0	870.35333	520.00494	0.0	955.4495	0.0	509.93237	0.0	0.0	0.0	409.07986	0.0	0.0	423.34268	608.7619	0.0	1791.0267	60.65482	0.0	0.0	595.2203	1041.913	0.0	0.0	159.73883	0.0	0.0	1.9289736	1508.8438	0.0	0.0	0.0	215.09753	0.0	0.0	0.0	888.76434	1449.2323	0.0	459.4813	0.0	0.0	207.54755	0.0	111.659424	0.0	0.0	0.0	0.0	0.0	0.0	0.0	489.1106	0.0	949.43506	0.0	0.0	528.03625	0.0	0.0
0.0	376.52164	0.0	424.6499	0.0	0.0	19.766373	0.0	0.0	0.0	0.0	48.55592	0.0	0.0	1568.1982	0.0	778.7663	0.0	0.0	888.8577	0.0	0.0	0.0	484.6805	0.0	0.0	715.833	0.0	0.0	472.3312	0.0	0.0	0.0	0.0	0.0	581.8323	0.0	132.186	0.0	0.0	441.53256	52.141796	725.1779	0.0	0.0	0.0	471.60046	565.68115	331.47778	0.0	0.0	0.0	0.0	734.53687	0.0	0.0	58.131744	0.0	0.0	415.85776	258.14066	0.0	0.0	0.0	0.0	0.0	131.96344	573.82605	0.0	822.2617	493.30502	0.0	887.3204	0.0	492.79153	0.0	0.0	0.0	376.45837	0.0	0.0	387.3325	571.73773	0.0	1685.3398	61.616657	0.0	0.0	572.3774	970.9078	0.0	0.0	151.01103	0.0	0.0	0.0	1423.0703	0.0	0.0	0.0	199.02998	0.0	0.0	0.0	832.9268	1361.3105	0.0	431.82986	0.0	0.0	191.72084	0.0	113.93308	0.0	0.0	0.0	0.0	0.0	0.0	0.0	463.53833	0.0	900.4863	0.0	0.0	495.3685	0.0	0.0
0.0	381.0377	0.0	438.7203	0.0	0.0	23.491598	0.0	0.0	0.0	0.0	49.931076	0.0	0.0	1619.632	0.0	799.05493	0.0	0.0	907.74677	0.0	0.0	0.0	502.4534	0.0	0.0	739.63934	0.0	0.0	485.93033	0.0	0.0	0.0	0.0	0.0	591.3422	0.0	131.2946	0.0	0.0	461.3739	56.559193	749.6805	0.0	0.0	0.0	475.29068	579.7841	344.85147	0.0	0.0	0.0	0.0	756.45166	0.0	0.0	57.14688	0.0	0.0	436.60684	269.3207	0.0	0.0	0.0	0.0	0.0	137.0386	593.1015	0.0	841.1308	504.47543	0.0	920.11835	0.0	497.3304	0.0	0.0	0.0	393.03918	0.0	0.0	405.43652	589.626	0.0	1729.0521	58.64348	0.0	0.0	575.39777	1001.27856	0.0	0.0	153.9768	0.0	0.0	1.9531536	1457.6403	0.0	0.0	0.0	205.96729	0.0	0.0	0.0	857.71704	1398.7607	0.0	439.96884	0.0	0.0	198.57121	0.0	108.58254	0.0	0.0	0.0	0.0	0.0	0.0	0.0	476.1571	0.0	918.081	0.0	0.0	506.95886	0.0	0.0
0.0	439.56714	0.0	433.97046	0.0	0.0	23.324686	0.0	0.0	0.0	0.0	45.402752	0.0	0.0	1804.6849	0.0	902.2995	0.0	0.0	982.84406	0.0	0.0	0.0	552.1485	0.0	0.0	779.0271	0.0	0.0	516.63885	0.0	0.0	0.0	0.0	0.0	679.0673	0.0	136.38606	0.0	0.0	503.25122	16.685675	779.97296	0.0	14.669906	0.0	574.15485	687.0739	357.37903	0.0	0.0	0.0	0.0	888.32086	0.0	0.0	131.62726	0.0	0.0	418.17896	344.06885	0.0	0.0	0.0	0.0	0.0	144.95207	628.43866	0.0	939.42773	577.62946	0.0	1025.4562	0.0	626.30817	0.0	0.0	0.0	358.05692	0.0	0.0	383.82388	650.16205	0.0	1835.6606	87.552895	0.0	0.0	701.4788	1101.0415	0.0	0.0	181.91713	0.0	0.0	0.0	1513.39	0.0	0.0	0.0	323.43265	0.0	0.0	0.0	961.4978	1508.1738	0.0	461.89822	0.0	0.0	193.19698	0.0	189.53308	0.0	0.0	0.0	0.0	0.0	0.0	0.0	545.7684	0.0	1000.6555	0.0	0.0	524.53766	0.0	0.0
0.0	377.88013	0.0	426.4838	0.0	0.0	19.165222	0.0	0.0	0.0	0.0	49.046764	0.0	0.0	1576.4102	0.0	780.98706	0.0	0.0	891.77997	0.0	0.0	0.0	487.23465	0.0	0.0	720.42065	0.0	0.0	473.8146	0.0	0.0	0.0	0.0	0.0	582.1775	0.0	131.10677	0.0	0.0	446.79654	53.84224	731.62524	0.0	0.0	0.0	469.55408	567.0097	334.6288	0.0	0.0	0.0	0.0	737.21875	0.0	0.0	57.934772	0.0	0.0	420.27713	257.9896	0.0	0.0	0.0	0.0	0.0	131.62422	578.25433	0.0	824.21826	493.36035	0.0	892.4717	0.0	491.42825	0.0	0.0	0.0	382.20972	0.0	0.0	392.62997	574.6569	0.0	1694.1483	61.009125	0.0	0.0	569.4379	975.6623	0.0	0.0	152.26454	0.0	0.0	0.0	1428.6332	0.0	0.0	0.0	198.80347	0.0	0.0	0.0	837.2834	1367.68	0.0	432.618	0.0	0.0	192.27092	0.0	110.72268	0.0	0.0	0.0	0.0	0.0	0.0	0.0	465.64612	0.0	902.2376	0.0	0.0	495.9075	0.0	0.0
0.0	394.25912	0.0	453.84348	0.0	0.0	24.62176	0.0	0.0	0.0	0.0	51.127277	0.0	0.0	1699.9928	0.0	837.3313	0.0	0.0	944.3332	0.0	0.0	0.0	528.1916	0.0	0.0	771.7781	0.0	0.0	505.6998	0.0	0.0	0.0	0.0	0.0	618.0547	0.0	146.34041	0.0	0.0	482.45847	57.04242	780.2481	0.0	0.0	0.0	503.97488	611.48236	353.2012	0.0	0.0	0.0	0.0	788.354	0.0	0.0	64.29935	0.0	0.0	452.68542	280.70383	0.0	0.0	0.0	0.0	0.0	146.7698	612.61475	0.0	881.9297	527.34796	0.0	962.85614	0.0	523.42096	0.0	0.0	0.0	402.92563	0.0	0.0	420.0466	611.7598	0.0	1801.8214	66.61042	0.0	0.0	611.44244	1053.7908	0.0	0.0	163.52495	0.0	0.0	0.0	1517.069	0.0	0.0	0.0	225.46498	0.0	0.0	0.0	898.85724	1461.0282	0.0	463.67978	0.0	0.0	204.5042	0.0	121.92645	0.0	0.0	0.0	0.0	0.0	0.0	0.0	494.5226	0.0	960.7143	0.0	0.0	532.6878	0.0	0.0
0.0	378.87085	0.0	422.39212	0.0	0.0	18.841848	0.0	0.0	0.0	0.0	48.109272	0.0	0.0	1574.8057	0.0	781.925	0.0	0.0	890.61523	0.0	0.0	0.0	485.6504	0.0	0.0	717.18085	0.0	0.0	473.03696	0.0	0.0	0.0	0.0	0.0	584.03076	0.0	131.09186	0.0	0.0	444.4663	50.774075	728.0713	0.0	0.0	0.0	473.9283	569.52106	332.03732	0.0	0.0	0.0	0.0	739.4768	0.0	0.0	61.470398	0.0	0.0	415.26334	259.6339	0.0	0.0	0.0	0.0	0.0	131.51471	575.5987	0.0	825.6421	494.6285	0.0	891.0002	0.0	496.64273	0.0	0.0	0.0	376.4227	0.0	0.0	386.68042	574.133	0.0	1689.1637	62.988953	0.0	0.0	575.08813	973.6618	0.0	0.0	152.58823	0.0	0.0	0.0	1423.2788	0.0	0.0	0.0	203.7144	0.0	0.0	0.0	836.95825	1365.3207	0.0	432.68445	0.0	0.0	190.33917	0.0	115.89625	0.0	0.0	0.0	0.0	0.0	0.0	0.0	465.18417	0.0	902.70074	0.0	0.0	494.67667	0.0	0.0
0.0	405.91672	0.0	459.96268	0.0	0.0	24.092056	0.0	0.0	0.0	0.0	51.904007	0.0	0.0	1709.7018	0.0	845.8879	0.0	0.0	960.23535	0.0	0.0	0.0	530.5664	0.0	0.0	779.836	0.0	0.0	510.36133	0.0	0.0	0.0	0.0	0.0	628.42944	0.0	143.47466	0.0	0.0	484.86942	54.871532	788.0923	0.0	0.0	0.0	508.4735	617.0399	359.536	0.0	0.0	0.0	0.0	798.7148	0.0	0.0	65.11244	0.0	0.0	454.65195	285.11026	0.0	0.0	0.0	0.0	0.0	146.00037	621.1615	0.0	890.04486	533.79877	0.0	969.4378	0.0	532.71356	0.0	0.0	0.0	409.7443	0.0	0.0	423.90762	620.08136	0.0	1824.766	66.089455	0.0	0.0	619.1627	1059.3448	0.0	0.0	163.72467	0.0	0.0	0.0	1539.3397	0.0	0.0	0.0	221.36858	0.0	0.0	0.0	907.34796	1478.4323	0.0	466.5696	0.0	0.0	207.79193	0.0	123.40592	0.0	0.0	0.0	0.0	0.0	0.0	0.0	502.97897	0.0	972.0986	0.0	0.0	538.1426	0.0	0.0
0.0	378.51587	0.0	427.4071	0.0	0.0	20.669876	0.0	0.0	0.0	0.0	48.443756	0.0	0.0	1585.6132	0.0	786.71466	0.0	0.0	894.65796	0.0	0.0	0.0	491.65726	0.0	0.0	724.0739	0.0	0.0	475.5525	0.0	0.0	0.0	0.0	0.0	586.11646	0.0	132.00874	0.0	0.0	447.48154	51.97218	732.3758	0.0	0.0	0.0	474.42078	572.049	334.40286	0.0	0.0	0.0	0.0	742.65375	0.0	0.0	59.724567	0.0	0.0	420.79282	262.93506	0.0	0.0	0.0	0.0	0.0	133.99106	578.0894	0.0	829.03033	498.03275	0.0	898.6285	0.0	496.3873	0.0	0.0	0.0	380.4238	0.0	0.0	391.98483	577.01215	0.0	1697.7559	60.785767	0.0	0.0	576.8503	982.3632	0.0	0.0	151.8637	0.0	0.0	0.0	1432.331	0.0	0.0	0.0	204.57118	0.0	0.0	0.0	842.1306	1374.504	0.0	434.27377	0.0	0.0	193.1253	0.0	114.656105	0.0	0.0	0.0	0.0	0.0	0.0	0.0	468.09607	0.0	906.31964	0.0	0.0	498.92776	0.0	0.0
0.0	381.44785	0.0	438.796	0.0	0.0	24.01098	0.0	0.0	0.0	0.0	50.042294	0.0	0.0	1631.2677	0.0	803.4519	0.0	0.0	910.3877	0.0	0.0	0.0	507.67798	0.0	0.0	743.1865	0.0	0.0	485.34448	0.0	0.0	0.0	0.0	0.0	594.34357	0.0	135.55328	0.0	0.0	464.6124	55.078297	751.9377	0.0	0.0	0.0	479.9111	585.8107	344.23254	0.0	0.0	0.0	0.0	759.5184	0.0	0.0	60.036194	0.0	0.0	439.01965	270.99658	0.0	0.0	0.0	0.0	0.0	139.78557	592.9624	0.0	846.59796	507.50308	0.0	925.8835	0.0	500.42337	0.0	0.0	0.0	393.44577	0.0	0.0	408.44376	590.8869	0.0	1736.0182	60.119244	0.0	0.0	582.6513	1010.7574	0.0	0.0	156.4925	0.0	0.0	0.43683183	1462.9244	0.0	0.0	0.0	211.43867	0.0	0.0	0.0	863.3659	1406.1187	0.0	442.4928	0.0	0.0	199.18958	0.0	112.304985	0.0	0.0	0.0	0.0	0.0	0.0	0.0	478.59094	0.0	923.4056	0.0	0.0	511.05826	0.0	0.0
0.0	456.82397	0.0	430.39502	0.0	0.0	28.29603	0.0	0.0	0.0	0.0	43.588657	0.0	0.0	1871.6578	0.0	944.46844	0.0	0.0	1004.4842	0.0	0.0	0.0	568.67676	0.0	0.0	789.11835	0.0	0.0	525.6901	0.0	0.0	0.0	0.0	0.0	707.89813	0.0	137.2648	0.0	0.0	517.845	1.4456917	777.42676	0.0	69.66789	0.0	613.7474	727.65607	357.85562	0.0	0.0	0.0	0.0	935.789	0.0	0.0	162.88582	0.0	0.0	408.22177	375.26453	0.0	0.0	0.0	0.0	0.0	151.37712	638.133	0.0	971.1424	605.25055	0.0	1060.8403	0.0	676.3393	0.0	0.0	0.0	332.88208	0.0	0.0	369.3724	669.2949	0.0	1861.416	98.30035	0.0	0.0	754.2561	1135.5128	0.0	0.0	189.65826	0.0	0.0	0.0	1520.581	0.0	0.0	0.0	372.5446	0.0	0.0	0.0	994.65186	1536.7266	0.0	465.7567	0.0	0.0	195.54578	0.0	224.92224	0.0	0.0	0.0	0.0	0.0	0.0	0.0	572.06146	0.0	1030.3219	0.0	0.0	526.9953	0.0	0.0
0.0	393.16968	0.0	424.5991	0.0	0.0	17.784235	0.0	0.0	0.0	0.0	45.41596	0.0	0.0	1636.4135	0.0	812.32916	0.0	0.0	910.061	0.0	0.0	0.0	508.07462	0.0	0.0	733.0742	0.0	0.0	481.6338	0.0	0.0	0.0	0.0	0.0	613.7244	0.0	133.15451	0.0	0.0	456.59763	42.403667	740.01984	0.0	0.0	0.0	502.7378	606.4748	338.93542	0.0	0.0	0.0	0.0	785.0632	0.0	0.0	86.0936	0.0	0.0	413.90823	289.12762	0.0	0.0	0.0	0.0	0.0	138.24779	583.5435	0.0	858.289	521.1184	0.0	930.5568	0.0	536.3796	0.0	0.0	0.0	362.7357	0.0	0.0	381.96094	594.4368	0.0	1714.7529	69.905205	0.0	0.0	614.58984	1010.6719	0.0	0.0	158.71288	0.0	0.0	0.0	1437.4279	0.0	0.0	0.0	244.16998	0.0	0.0	0.0	869.1364	1401.4403	0.0	433.14957	0.0	0.0	185.7749	0.0	138.01515	0.0	0.0	0.0	0.0	0.0	0.0	0.0	489.22787	0.0	927.16693	0.0	0.0	499.8557	0.0	0.0
0.0	379.12283	0.0	426.70654	0.0	0.0	21.017105	0.0	0.0	0.0	0.0	47.956543	0.0	0.0	1599.2803	0.0	791.64923	0.0	0.0	896.8643	0.0	0.0	0.0	494.80844	0.0	0.0	726.1724	0.0	0.0	477.5731	0.0	0.0	0.0	0.0	0.0	588.74255	0.0	135.20763	0.0	0.0	451.92465	51.702656	734.74835	0.0	0.0	0.0	479.8812	578.5139	334.26685	0.0	0.0	0.0	0.0	748.2933	0.0	0.0	63.648254	0.0	0.0	422.32193	266.30905	0.0	0.0	0.0	0.0	0.0	136.34673	580.0218	0.0	834.2905	500.61954	0.0	905.3752	0.0	501.04343	0.0	0.0	0.0	377.84146	0.0	0.0	392.18857	579.55615	0.0	1703.789	63.583424	0.0	0.0	582.53656	990.1087	0.0	0.0	154.4684	0.0	0.0	0.0	1433.9404	0.0	0.0	0.0	212.22003	0.0	0.0	0.0	847.8003	1379.7943	0.0	436.1503	0.0	0.0	192.0368	0.0	118.482605	0.0	0.0	0.0	0.0	0.0	0.0	0.0	470.08777	0.0	910.20526	0.0	0.0	500.53757	0.0	0.0
0.0	384.31482	0.0	431.27475	0.0	0.0	21.037369	0.0	0.0	0.0	0.0	49.139023	0.0	0.0	1613.3651	0.0	797.5329	0.0	0.0	904.46484	0.0	0.0	0.0	499.78073	0.0	0.0	733.2507	0.0	0.0	479.75974	0.0	0.0	0.0	0.0	0.0	595.28253	0.0	133.91115	0.0	0.0	457.03476	51.076523	743.42694	0.0	0.0	0.0	480.80673	582.83386	339.88803	0.0	0.0	0.0	0.0	757.709	0.0	0.0	64.597755	0.0	0.0	427.0615	270.07544	0.0	0.0	0.0	0.0	0.0	136.18262	586.4505	0.0	841.68134	504.9808	0.0	915.4295	0.0	505.10696	0.0	0.0	0.0	384.03088	0.0	0.0	397.98804	586.3635	0.0	1717.9565	62.642124	0.0	0.0	584.6828	998.0054	0.0	0.0	156.17242	0.0	0.0	0.0	1446.7318	0.0	0.0	0.0	213.72302	0.0	0.0	0.0	856.83136	1392.3813	0.0	436.86377	0.0	0.0	193.35039	0.0	117.61505	0.0	0.0	0.0	0.0	0.0	0.0	0.0	477.40747	0.0	916.53174	0.0	0.0	504.8335	0.0	0.0
0.0	422.0774	0.0	421.76147	0.0	0.0	22.152506	0.0	0.0	0.0	0.0	43.46114	0.0	0.0	1721.1449	0.0	862.5889	0.0	0.0	945.5384	0.0	0.0	0.0	528.2673	0.0	0.0	749.93335	0.0	0.0	496.5507	0.0	0.0	0.0	0.0	0.0	650.362	0.0	133.73782	0.0	0.0	477.41162	20.344198	750.3394	0.0	4.257387	0.0	548.40155	652.5962	343.1107	0.0	0.0	0.0	0.0	843.6953	0.0	0.0	118.07809	0.0	0.0	404.88754	322.28677	0.0	0.0	0.0	0.0	0.0	139.96692	602.2403	0.0	900.0689	552.10944	0.0	975.7496	0.0	595.75854	0.0	0.0	0.0	348.71365	0.0	0.0	371.8755	621.00665	0.0	1766.4941	82.506935	0.0	0.0	670.27563	1053.8604	0.0	0.0	171.44734	0.0	0.0	0.0	1464.4111	0.0	0.0	0.0	295.71582	0.0	0.0	0.0	916.74365	1449.3423	0.0	445.885	0.0	0.0	187.49243	0.0	176.98363	0.0	0.0	0.0	0.0	0.0	0.0	0.0	520.75977	0.0	964.04645	0.0	0.0	508.2344	0.0	0.0
0.0	442.9974	0.0	432.19516	0.0	0.0	24.818497	0.0	0.0	0.0	0.0	43.71007	0.0	0.0	1814.4701	0.0	912.12897	0.0	0.0	984.34717	0.0	0.0	0.0	555.5406	0.0	0.0	779.28546	0.0	0.0	517.3442	0.0	0.0	0.0	0.0	0.0	685.3083	0.0	138.60387	0.0	0.0	503.0748	10.861657	774.2692	0.0	28.889954	0.0	584.81036	696.15106	353.95877	0.0	0.0	0.0	0.0	897.64136	0.0	0.0	139.93224	0.0	0.0	413.33484	351.0205	0.0	0.0	0.0	0.0	0.0	147.83145	626.3674	0.0	944.4559	584.05133	0.0	1029.2614	0.0	639.458	0.0	0.0	0.0	346.97827	0.0	0.0	376.5792	651.2794	0.0	1832.9733	89.74143	0.0	0.0	716.5688	1106.6572	0.0	0.0	182.56921	0.0	0.0	0.0	1509.0293	0.0	0.0	0.0	335.98752	0.0	0.0	0.0	965.3321	1509.1469	0.0	460.61316	0.0	0.0	191.60478	0.0	201.36731	0.0	0.0	0.0	0.0	0.0	0.0	0.0	551.1877	0.0	1005.63916	0.0	0.0	524.13184	0.0	0.0
0.0	404.0958	0.0	440.87796	0.0	0.0	24.417807	0.0	0.0	0.0	0.0	47.437855	0.0	0.0	1716.6265	0.0	850.03076	0.0	0.0	944.2453	0.0	0.0	0.0	532.3632	0.0	0.0	766.75214	0.0	0.0	502.6937	0.0	0.0	0.0	0.0	0.0	632.4638	0.0	138.8423	0.0	0.0	483.54944	42.55025	771.63495	0.0	0.0	0.0	521.0969	631.01935	350.88623	0.0	0.0	0.0	0.0	815.3704	0.0	0.0	86.15339	0.0	0.0	435.06433	303.90466	0.0	0.0	0.0	0.0	0.0	144.27475	608.4527	0.0	891.31696	540.3918	0.0	976.92096	0.0	553.3143	0.0	0.0	0.0	381.69263	0.0	0.0	401.9136	617.70447	0.0	1787.5685	70.96737	0.0	0.0	636.1158	1059.0308	0.0	0.0	164.9972	0.0	0.0	0.0	1495.1725	0.0	0.0	0.0	259.95093	0.0	0.0	0.0	911.928	1462.5775	0.0	455.91226	0.0	0.0	197.42921	0.0	144.26714	0.0	0.0	0.0	0.0	0.0	0.0	0.0	506.18698	0.0	959.55206	0.0	0.0	523.471	0.0	0.0
0.0	409.97183	0.0	566.1557	0.0	0.0	80.298676	0.0	0.0	0.0	0.0	75.94462	0.0	0.0	2116.114	0.0	1038.249	0.0	0.0	1086.0951	0.0	0.0	0.0	686.6805	0.0	0.74735683	951.9113	0.0	0.0	617.0301	0.0	0.0	0.0	0.0	0.0	703.23047	0.0	184.60551	0.0	0.0	576.40094	78.56107	926.7371	0.0	0.0	0.0	596.4102	749.427	422.32645	0.0	0.0	0.0	0.0	939.2312	0.0	0.0	76.42604	0.0	0.0	576.5086	365.09888	0.0	0.0	0.0	0.0	0.0	219.17955	730.2447	0.0	1061.5648	631.0162	0.0	1204.1351	0.0	578.6551	0.0	0.0	0.0	461.37894	0.0	0.0	520.0763	719.8027	0.0	2133.3474	63.069843	0.0	0.0	714.3007	1337.4946	0.0	0.0	188.96297	0.0	0.0	39.058807	1786.1816	0.0	0.0	0.0	310.69687	0.0	0.0	0.0	1074.1631	1761.0013	0.0	578.642	0.0	0.0	273.91397	0.0	113.133766	0.0	0.0	0.0	0.0	0.0	0.0	0.0	562.432	0.0	1156.7687	0.0	0.0	655.59064	0.0	0.0
0.0	400.9794	0.0	531.71173	0.0	0.0	64.25298	0.0	0.0	0.0	0.0	66.280266	0.0	0.0	1972.7896	0.0	963.2822	0.0	0.0	1036.934	0.0	0.0	0.0	631.0307	0.0	0.0	887.72235	0.0	0.0	580.65875	0.0	0.0	0.0	0.0	0.0	670.94916	0.0	173.77553	0.0	0.0	547.37665	73.06313	874.21924	0.0	0.0	0.0	559.7773	700.0532	399.11157	0.0	0.0	0.0	0.0	890.23956	0.0	0.0	67.85129	0.0	0.0	538.1197	339.22952	0.0	0.0	0.0	0.0	0.0	197.60571	687.2222	0.0	993.3547	594.97797	0.0	1125.8563	0.0	557.8677	0.0	0.0	0.0	443.1451	0.0	0.0	489.39328	681.95953	0.0	2017.0709	62.975098	0.0	0.0	678.4188	1238.7411	0.0	0.0	180.6654	0.0	0.0	30.204882	1691.5962	0.0	0.0	0.0	278.41757	0.0	0.0	0.0	1012.49445	1654.3427	0.0	534.0507	0.0	0.0	256.4504	0.0	113.66306	0.0	0.0	0.0	0.0	0.0	0.0	0.0	541.3789	0.0	1084.329	0.0	0.0	616.70966	0.0	0.0
0.0	400.57272	0.0	529.76935	0.0	0.0	63.560863	0.0	0.0	0.0	0.0	64.13051	0.0	0.0	1963.652	0.0	959.2986	0.0	0.0	1034.88	0.0	0.0	0.0	628.5747	0.0	0.0	885.033	0.0	0.0	577.8771	0.0	0.0	0.0	0.0	0.0	669.95013	0.0	172.2275	0.0	0.0	546.5838	72.56085	872.28864	0.0	0.0	0.0	557.7656	697.65106	397.9039	0.0	0.0	0.0	0.0	888.122	0.0	0.0	66.77003	0.0	0.0	535.46173	337.60178	0.0	0.0	0.0	0.0	0.0	194.87566	685.12115	0.0	989.86475	593.0168	0.0	1121.1727	0.0	557.8671	0.0	0.0	0.0	442.79587	0.0	0.0	488.02682	680.5815	0.0	2011.2065	63.2036	0.0	0.0	674.99286	1233.102	0.0	0.0	180.05408	0.0	0.0	29.505074	1685.8307	0.0	0.0	0.0	275.8192	0.0	0.0	0.0	1008.8083	1649.0067	0.0	532.0632	0.0	0.0	254.727	0.0	112.845345	0.0	0.0	0.0	0.0	0.0	0.0	0.0	539.9014	0.0	1080.6665	0.0	0.0	613.1847	0.0	0.0
0.0	397.81754	0.0	513.13245	0.0	0.0	55.914917	0.0	0.0	0.0	0.0	58.87543	0.0	0.0	1898.8903	0.0	927.66864	0.0	0.0	1013.6595	0.0	0.0	0.0	604.40497	0.0	0.0	857.3228	0.0	0.0	561.00977	0.0	0.0	0.0	0.0	0.0	654.8609	0.0	167.1356	0.0	0.0	534.6434	68.01993	849.1663	0.0	0.0	0.0	542.32324	673.7135	388.1221	0.0	0.0	0.0	0.0	863.1536	0.0	0.0	60.354523	0.0	0.0	518.10724	325.07498	0.0	0.0	0.0	0.0	0.0	182.03426	667.0771	0.0	960.1418	575.71344	0.0	1082.4808	0.0	546.6883	0.0	0.0	0.0	436.3339	0.0	0.0	474.98584	663.96893	0.0	1960.9355	63.097637	0.0	0.0	659.4136	1187.6747	0.0	0.0	175.08925	0.0	0.0	22.919985	1647.457	0.0	0.0	0.0	259.76523	0.0	0.0	0.0	981.2128	1602.2301	0.0	513.94135	0.0	0.0	245.60313	0.0	114.39524	0.0	0.0	0.0	0.0	0.0	0.0	0.0	529.2599	0.0	1048.3588	0.0	0.0	595.2319	0.0	0.0
0.0	402.4497	0.0	518.77203	0.0	0.0	49.740788	0.0	0.0	0.0	0.0	60.173447	0.0	0.0	1908.1263	0.0	930.0256	0.0	0.0	1024.2538	0.0	0.0	0.0	606.9464	0.0	0.0	862.17365	0.0	0.0	564.64154	0.0	0.0	0.0	0.0	0.0	662.11084	0.0	172.03674	0.0	0.0	536.8239	71.69749	858.6914	0.0	0.0	0.0	546.9567	674.50287	392.05972	0.0	0.0	0.0	0.0	865.25116	0.0	0.0	57.26795	0.0	0.0	521.3638	320.8696	0.0	0.0	0.0	0.0	0.0	181.26604	672.40137	0.0	968.4077	580.0865	0.0	1083.1985	0.0	549.8203	0.0	0.0	0.0	441.57132	0.0	0.0	478.52103	668.0114	0.0	1980.7349	65.01873	0.0	0.0	661.8589	1191.5555	0.0	0.0	178.07483	0.0	0.0	18.696074	1667.4232	0.0	0.0	0.0	255.43732	0.0	0.0	0.0	987.55664	1614.2075	0.0	518.83734	0.0	0.0	243.20758	0.0	115.07306	0.0	0.0	0.0	0.0	0.0	0.0	0.0	532.65015	0.0	1056.5413	0.0	0.0	599.4724	0.0	0.0
0.0	396.74768	0.0	512.27936	0.0	0.0	57.53427	0.0	0.0	0.0	0.0	59.740875	0.0	0.0	1909.9628	0.0	932.2908	0.0	0.0	1014.0129	0.0	0.0	0.0	608.7044	0.0	0.0	861.04706	0.0	0.0	561.42	0.0	0.0	0.0	0.0	0.0	654.5923	0.0	167.6989	0.0	0.0	537.8805	67.48384	852.83136	0.0	0.0	0.0	543.26715	678.0495	388.42993	0.0	0.0	0.0	0.0	864.5283	0.0	0.0	62.78609	0.0	0.0	520.70886	325.49442	0.0	0.0	0.0	0.0	0.0	183.71996	668.51044	0.0	964.08356	577.3272	0.0	1089.0145	0.0	547.0105	0.0	0.0	0.0	439.26538	0.0	0.0	477.50912	665.17303	0.0	1967.0312	63.350956	0.0	0.0	659.87067	1194.8938	0.0	0.0	175.87236	0.0	0.0	23.825224	1650.5497	0.0	0.0	0.0	264.2958	0.0	0.0	0.0	986.30597	1608.4218	0.0	518.22345	0.0	0.0	246.73145	0.0	113.394325	0.0	0.0	0.0	0.0	0.0	0.0	0.0	529.5181	0.0	1051.1104	0.0	0.0	597.1497	0.0	0.0
0.0	401.3351	0.0	526.2061	0.0	0.0	58.48466	0.0	0.0	0.0	0.0	66.907295	0.0	0.0	1937.6202	0.0	944.10895	0.0	0.0	1026.6007	0.0	0.0	0.0	616.4773	0.0	0.0	870.5057	0.0	0.0	571.3219	0.0	0.0	0.0	0.0	0.0	664.63196	0.0	173.13171	0.0	0.0	534.2758	73.81604	861.82886	0.0	0.0	0.0	552.7732	684.4589	397.37015	0.0	0.0	0.0	0.0	878.55646	0.0	0.0	64.97606	0.0	0.0	521.132	328.99182	0.0	0.0	0.0	0.0	0.0	185.29047	676.79047	0.0	973.2004	584.7832	0.0	1103.7797	0.0	551.5833	1.026933	0.0	0.0	433.32578	0.0	0.0	478.79593	671.31683	0.0	1994.6573	66.181786	0.0	0.0	669.7239	1212.7584	0.0	0.0	177.88203	0.0	0.0	29.258354	1673.689	0.0	0.0	0.0	268.69412	0.0	0.0	0.0	996.9567	1628.7695	0.0	524.3777	0.0	0.0	249.70097	0.0	111.43679	0.0	0.0	0.0	0.0	0.0	0.0	0.0	536.1207	0.0	1065.0621	0.0	0.0	605.5241	0.0	0.0
0.0	388.35278	0.0	448.5375	0.0	0.0	21.425283	0.0	0.0	0.0	0.0	51.216248	0.0	0.0	1632.2845	0.0	808.13086	0.0	0.0	926.184	0.0	0.0	0.0	504.9703	0.0	0.0	746.86945	0.0	0.0	496.14755	0.0	0.0	0.0	0.0	0.0	598.5317	0.0	140.77933	0.0	0.0	458.23694	61.193073	758.3807	0.0	0.0	0.0	485.83365	583.0258	345.10278	0.0	0.0	0.0	0.0	757.53174	0.0	0.0	53.394993	0.0	0.0	437.90222	263.3828	0.0	0.0	0.0	0.0	0.0	137.23145	600.04645	0.0	852.3183	507.66196	0.0	922.36945	0.0	503.30954	0.0	0.0	0.0	396.29483	0.0	0.0	406.68918	595.4638	0.0	1762.2417	63.637844	0.0	0.0	589.634	1010.8256	0.0	0.0	157.66164	0.0	0.0	0.0	1486.7572	0.0	0.0	0.0	198.09346	0.0	0.0	0.0	862.77637	1416.8281	0.0	453.9955	0.0	0.0	202.60773	0.0	110.550354	0.0	0.0	0.0	0.0	0.0	0.0	0.0	476.58398	0.0	937.1363	0.0	0.0	516.6844	0.0	0.0
0.0	399.052	0.0	517.4621	0.0	0.0	57.605984	0.0	0.0	0.0	0.0	61.03684	0.0	0.0	1918.9615	0.0	935.3532	0.0	0.0	1020.9583	0.0	0.0	0.0	609.9959	0.0	0.0	863.2329	0.0	0.0	564.9124	0.0	0.0	0.0	0.0	0.0	659.06866	0.0	169.06615	0.0	0.0	539.7764	69.61261	855.7249	0.0	0.0	0.0	546.7968	679.84656	390.89505	0.0	0.0	0.0	0.0	870.4388	0.0	0.0	62.32564	0.0	0.0	521.8297	326.78226	0.0	0.0	0.0	0.0	0.0	184.0503	672.39716	0.0	967.39496	580.3882	0.0	1093.228	0.0	550.14484	0.0	0.0	0.0	438.69003	0.0	0.0	478.87415	668.4677	0.0	1978.581	64.83865	0.0	0.0	662.76337	1199.477	0.0	0.0	178.15431	0.0	0.0	24.652468	1659.1113	0.0	0.0	0.0	264.34247	0.0	0.0	0.0	989.7216	1615.1577	0.0	518.45795	0.0	0.0	248.44853	0.0	112.96287	0.0	0.0	0.0	0.0	0.0	0.0	0.0	532.5483	0.0	1056.3065	0.0	0.0	599.43994	0.0	0.0
0.0	397.89572	0.0	516.4517	0.0	0.0	56.49265	0.0	0.0	0.0	0.0	60.80371	0.0	0.0	1912.3602	0.0	934.2557	0.0	0.0	1016.5246	0.0	0.0	0.0	610.9008	0.0	0.0	863.15607	0.0	0.0	563.0973	0.0	0.0	0.0	0.0	0.0	658.0889	0.0	168.38063	0.0	0.0	535.85016	69.506256	853.76855	0.0	0.0	0.0	545.2417	679.44403	389.986	0.0	0.0	0.0	0.0	869.35077	0.0	0.0	62.461914	0.0	0.0	520.9297	327.4255	0.0	0.0	0.0	0.0	0.0	185.46016	668.476	0.0	965.6685	580.41376	0.0	1090.9978	0.0	548.8488	0.0	0.0	0.0	437.00406	0.0	0.0	477.51993	665.6878	0.0	1970.3291	63.40904	0.0	0.0	662.8853	1197.8698	0.0	0.0	175.58241	0.0	0.0	24.016329	1654.5599	0.0	0.0	0.0	264.40317	0.0	0.0	0.0	986.6194	1612.4889	0.0	517.2832	0.0	0.0	247.05193	0.0	113.61446	0.0	0.0	0.0	0.0	0.0	0.0	0.0	531.78357	0.0	1054.4639	0.0	0.0	598.38824	0.0	0.0
0.0	400.15915	0.0	520.717	0.0	0.0	58.020145	0.0	0.0	0.0	0.0	61.831726	0.0	0.0	1925.8063	0.0	939.91	0.0	0.0	1023.3361	0.0	0.0	0.0	614.3074	0.0	0.0	868.0793	0.0	0.0	567.10443	0.0	0.0	0.0	0.0	0.0	661.6089	0.0	169.35747	0.0	0.0	540.00397	71.310585	859.22394	0.0	0.0	0.0	547.35895	683.84375	393.27133	0.0	0.0	0.0	0.0	874.2719	0.0	0.0	64.11591	0.0	0.0	525.32184	329.44897	0.0	0.0	0.0	0.0	0.0	187.57446	675.12335	0.0	972.0149	583.2141	0.0	1098.0217	0.0	550.66113	0.0	0.0	0.0	440.75928	0.0	0.0	481.05728	671.8389	0.0	1985.1221	63.12105	0.0	0.0	665.143	1204.5634	0.0	0.0	178.4167	0.0	0.0	25.751177	1664.8295	0.0	0.0	0.0	265.7482	0.0	0.0	0.0	991.40753	1621.5951	0.0	520.4415	0.0	0.0	249.05322	0.0	112.20934	0.0	0.0	0.0	0.0	0.0	0.0	0.0	534.7255	0.0	1061.6129	0.0	0.0	600.8356	0.0	0.0
0.0	400.1305	0.0	531.21173	0.0	0.0	64.8845	0.0	0.0	0.0	0.0	66.47648	0.0	0.0	1971.2023	0.0	964.2918	0.0	0.0	1034.9457	0.0	0.0	0.0	631.36646	0.0	0.0	886.882	0.0	0.0	579.76404	0.0	0.0	0.0	0.0	0.0	670.72284	0.0	172.9926	0.0	0.0	546.05084	73.24325	873.30664	0.0	0.0	0.0	559.952	699.32306	398.57193	0.0	0.0	0.0	0.0	890.264	0.0	0.0	69.039085	0.0	0.0	535.7859	339.6134	0.0	0.0	0.0	0.0	0.0	195.95447	686.02637	0.0	991.39404	594.4289	0.0	1125.0863	0.0	557.8846	0.0	0.0	0.0	440.68338	0.0	0.0	487.98242	680.9469	0.0	2013.8696	63.69608	0.0	0.0	677.6536	1238.042	0.0	0.0	179.51881	0.0	0.0	30.710266	1688.6227	0.0	0.0	0.0	279.39316	0.0	0.0	0.0	1010.5096	1652.0045	0.0	533.16364	0.0	0.0	255.20317	0.0	114.30902	0.0	0.0	0.0	0.0	0.0	0.0	0.0	540.4065	0.0	1082.7109	0.0	0.0	615.0958	0.0	0.0
0.0	401.97342	0.0	541.7111	0.0	0.0	68.07187	0.0	0.0	0.0	0.0	68.958626	0.0	0.0	2009.939	0.0	982.77344	0.0	0.0	1049.1841	0.0	0.0	0.0	647.99554	0.0	0.0	903.10223	0.0	0.0	589.0015	0.0	0.0	0.0	0.0	0.0	679.638	0.0	176.60796	0.0	0.0	552.9407	73.54432	886.8491	0.0	0.0	0.0	571.02997	713.1084	405.0804	0.0	0.0	0.0	0.0	904.0093	0.0	0.0	69.91747	0.0	0.0	547.0476	346.97604	0.0	0.0	0.0	0.0	0.0	204.48474	697.8274	0.0	1011.73804	604.4742	0.0	1144.8168	0.0	563.49603	0.0	0.0	0.0	445.12216	0.0	0.0	496.14075	692.45197	0.0	2045.1188	62.74486	0.0	0.0	688.4539	1264.2146	0.0	0.0	183.64818	0.0	0.0	32.54727	1715.3981	0.0	0.0	0.0	287.22513	0.0	0.0	0.0	1027.6979	1680.3242	0.0	545.3045	0.0	0.0	259.73013	0.0	114.44358	0.0	0.0	0.0	0.0	0.0	0.0	0.0	547.2419	0.0	1104.6685	0.0	0.0	625.6845	0.0	0.0
0.0	382.67435	0.0	435.72192	0.0	0.0	20.009445	0.0	0.0	0.0	0.0	49.085644	0.0	0.0	1584.0576	0.0	786.7048	0.0	0.0	906.115	0.0	0.0	0.0	488.8423	0.0	0.0	725.09155	0.0	0.0	484.24362	0.0	0.0	0.0	0.0	0.0	586.158	0.0	134.51712	0.0	0.0	443.4241	56.64375	735.62964	0.0	0.0	0.0	476.98862	568.4805	336.34378	0.0	0.0	0.0	0.0	739.9114	0.0	0.0	53.5005	0.0	0.0	419.8234	257.06622	0.0	0.0	0.0	0.0	0.0	130.95067	584.38135	0.0	831.06976	496.01382	0.0	894.4047	0.0	495.26318	0.0	0.0	0.0	382.72928	0.0	0.0	390.43018	580.0607	0.0	1716.3004	63.323303	0.0	0.0	578.15204	981.0988	0.0	0.0	152.63728	0.0	0.0	0.0	1449.3667	0.0	0.0	0.0	191.94856	0.0	0.0	0.0	839.82935	1379.4683	0.0	443.5682	0.0	0.0	196.422	0.0	112.215324	0.0	0.0	0.0	0.0	0.0	0.0	0.0	464.8779	0.0	914.9102	0.0	0.0	501.66284	0.0	0.0
0.0	383.3223	0.0	432.18124	0.0	0.0	19.386099	0.0	0.0	0.0	0.0	49.419292	0.0	0.0	1577.9961	0.0	784.34344	0.0	0.0	903.05566	0.0	0.0	0.0	486.37344	0.0	0.0	720.4292	0.0	0.0	482.10776	0.0	0.0	0.0	0.0	0.0	584.5235	0.0	131.80034	0.0	0.0	440.38852	55.166515	732.6159	0.0	0.0	0.0	475.08347	566.3906	335.89746	0.0	0.0	0.0	0.0	738.4976	0.0	0.0	55.080982	0.0	0.0	416.44067	255.74837	0.0	0.0	0.0	0.0	0.0	128.44048	582.7514	0.0	827.722	494.0569	0.0	890.2299	0.0	495.78833	0.0	0.0	0.0	381.06116	0.0	0.0	387.35574	578.65564	0.0	1709.7383	63.48466	0.0	0.0	576.83295	975.7862	0.0	0.0	152.77971	0.0	0.0	0.0	1441.4315	0.0	0.0	0.0	192.64545	0.0	0.0	0.0	837.45166	1373.0762	0.0	441.54922	0.0	0.0	195.84355	0.0	111.347145	0.0	0.0	0.0	0.0	0.0	0.0	0.0	464.0992	0.0	911.25934	0.0	0.0	497.38574	0.0	0.0
0.0	395.51282	0.0	499.277	0.0	0.0	45.262638	0.0	0.0	0.0	0.0	56.83832	0.0	0.0	1847.0436	0.0	899.9151	0.0	0.0	996.7334	0.0	0.0	0.0	583.08997	0.0	0.0	832.3768	0.0	0.0	546.4037	0.0	0.0	0.0	0.0	0.0	643.8309	0.0	166.98589	0.0	0.0	521.56866	68.7217	832.3035	0.0	0.0	0.0	532.0131	655.0972	377.47012	0.0	0.0	0.0	0.0	839.74164	0.0	0.0	59.198227	0.0	0.0	501.33884	310.6669	0.0	0.0	0.0	0.0	0.0	171.75945	651.78827	0.0	937.58405	561.045	0.0	1049.2777	0.0	538.42303	0.0	0.0	0.0	428.73242	0.0	0.0	461.52933	649.85944	0.0	1923.8949	66.0108	0.0	0.0	644.0505	1150.7319	0.0	0.0	175.27055	0.0	0.0	16.689009	1614.945	0.0	0.0	0.0	249.38936	0.0	0.0	0.0	958.1904	1563.2402	0.0	502.00146	0.0	0.0	232.75044	0.0	115.06106	0.0	0.0	0.0	0.0	0.0	0.0	0.0	518.0678	0.0	1022.11304	0.0	0.0	578.2748	0.0	0.0
0.0	402.1157	0.0	540.8399	0.0	0.0	67.549736	0.0	0.0	0.0	0.0	69.11532	0.0	0.0	2006.956	0.0	980.69073	0.0	0.0	1049.1635	0.0	0.0	0.0	643.9463	0.0	0.0	901.2984	0.0	0.0	589.4322	0.0	0.0	0.0	0.0	0.0	678.325	0.0	175.62396	0.0	0.0	553.3963	75.29053	886.71576	0.0	0.0	0.0	568.95264	711.3653	405.02744	0.0	0.0	0.0	0.0	903.1748	0.0	0.0	69.74819	0.0	0.0	546.9534	344.52304	0.0	0.0	0.0	0.0	0.0	203.30042	697.91156	0.0	1009.5638	603.19464	0.0	1142.611	0.0	563.53375	0.01491923	0.0	0.0	445.78027	0.0	0.0	495.58505	692.3315	0.0	2045.3418	63.712296	0.0	0.0	687.09595	1260.4745	0.0	0.0	183.37675	0.0	0.0	32.604454	1714.1346	0.0	0.0	0.0	284.2537	0.0	0.0	0.0	1025.9796	1678.0074	0.0	543.6453	0.0	0.0	261.00732	0.0	112.973694	0.0	0.0	0.0	0.0	0.0	0.0	0.0	546.9642	0.0	1103.6898	0.0	0.0	624.20074	0.0	0.0
0.0	418.782	0.0	574.6186	0.0	0.0	84.42173	0.0	0.0	0.0	0.0	77.407524	0.0	0.0	2150.9922	0.0	1054.9658	0.0	0.0	1104.5436	0.0	0.0	0.0	697.2691	0.0	4.8112836	969.51495	0.0	0.0	627.23834	0.0	0.0	0.0	0.0	0.0	713.58905	0.0	186.42574	0.0	0.0	589.3	77.62185	941.32916	0.0	0.0	0.0	603.98846	760.9982	429.63156	0.0	0.0	0.0	0.0	956.2764	0.0	0.0	78.332	0.0	0.0	586.7873	373.3175	0.0	0.0	0.0	0.0	0.0	221.7264	744.0794	0.0	1077.3566	640.37555	0.0	1225.5494	0.0	588.1818	0.0	0.0	0.0	472.44174	0.0	0.0	530.95917	731.61163	0.0	2169.3782	62.977707	0.0	0.0	724.3112	1359.5724	0.0	0.0	192.1671	0.0	0.0	41.388294	1816.2847	0.0	0.0	0.0	314.2589	0.0	0.0	0.0	1093.583	1790.7267	0.0	585.1408	0.0	0.0	279.2009	0.0	114.68738	0.0	0.0	0.0	0.0	0.0	0.0	0.0	572.6902	0.0	1173.7982	0.0	0.0	667.5713	0.0	0.0
0.0	398.5684	0.0	521.49005	0.0	0.0	60.174393	0.0	0.0	0.0	0.0	62.799175	0.0	0.0	1938.1748	0.0	946.08057	0.0	0.0	1023.8696	0.0	0.0	0.0	618.1061	0.0	0.0	872.16016	0.0	0.0	569.78906	0.0	0.0	0.0	0.0	0.0	662.50116	0.0	170.8877	0.0	0.0	542.5612	71.07564	862.1198	0.0	0.0	0.0	550.95264	688.01056	392.8159	0.0	0.0	0.0	0.0	877.65436	0.0	0.0	65.44858	0.0	0.0	527.2	331.6202	0.0	0.0	0.0	0.0	0.0	189.13643	676.1977	0.0	976.45856	585.1563	0.0	1105.8851	0.0	552.32794	0.0	0.0	0.0	439.92172	0.0	0.0	482.662	672.22217	0.0	1989.2363	64.13568	0.0	0.0	668.262	1214.1101	0.0	0.0	178.42717	0.0	0.0	26.899172	1667.5624	0.0	0.0	0.0	271.88852	0.0	0.0	0.0	997.66113	1628.8209	0.0	525.13605	0.0	0.0	250.2238	0.0	114.11532	0.0	0.0	0.0	0.0	0.0	0.0	0.0	534.9168	0.0	1064.9552	0.0	0.0	605.0631	0.0	0.0
0.0	400.24463	0.0	530.6636	0.0	0.0	64.32464	0.0	0.0	0.0	0.0	64.715515	0.0	0.0	1974.1686	0.0	964.3348	0.0	0.0	1037.4613	0.0	0.0	0.0	631.32965	0.0	0.0	885.8801	0.0	0.0	580.59827	0.0	0.0	0.0	0.0	0.0	670.60645	0.0	174.03198	0.0	0.0	548.0989	71.91473	873.5633	0.0	0.0	0.0	562.2592	700.3508	398.44727	0.0	0.0	0.0	0.0	890.52997	0.0	0.0	69.17905	0.0	0.0	534.7602	339.5463	0.0	0.0	0.0	0.0	0.0	196.62209	686.5901	0.0	992.3379	593.8933	0.0	1124.4937	0.0	559.9622	0.0	0.0	0.0	440.97656	0.0	0.0	486.72183	683.42035	0.0	2017.8383	65.08639	0.0	0.0	681.1634	1236.9366	0.0	0.0	181.47717	0.0	0.0	29.762032	1690.9567	0.0	0.0	0.0	278.95474	0.0	0.0	0.0	1013.09424	1651.8651	0.0	535.1998	0.0	0.0	254.60143	0.0	116.76562	0.0	0.0	0.0	0.0	0.0	0.0	0.0	541.67633	0.0	1084.2769	0.0	0.0	614.3487	0.0	0.0
0.0	402.4188	0.0	546.03876	0.0	0.0	72.50416	0.0	0.0	0.0	0.0	71.48853	0.0	0.0	2043.0659	0.0	1000.54565	0.0	0.0	1056.3192	0.0	0.0	0.0	659.85724	0.0	0.0	915.55646	0.0	0.0	596.18915	0.0	0.0	0.0	0.0	0.0	685.1933	0.0	179.64445	0.0	0.0	558.1295	73.67359	895.26654	0.0	0.0	0.0	580.6961	725.655	407.9413	0.0	0.0	0.0	0.0	914.063	0.0	0.0	74.71818	0.0	0.0	552.6788	355.05115	0.0	0.0	0.0	0.0	0.0	209.22856	705.6634	0.0	1025.8324	612.3376	0.0	1163.184	0.0	568.882	0.0	0.0	0.0	444.06107	0.0	0.0	499.5183	698.7924	0.0	2064.946	63.86411	0.0	0.0	697.68243	1287.4105	0.0	0.0	185.92119	0.0	0.0	35.52586	1728.329	0.0	0.0	0.0	300.86786	0.0	0.0	0.0	1041.1494	1700.7173	0.0	554.4744	0.0	0.0	261.40048	0.0	116.57847	0.0	0.0	0.0	0.0	0.0	0.0	0.0	549.54846	0.0	1117.2672	0.0	0.0	632.40283	0.0	0.0
0.0	399.39914	0.0	531.39716	0.0	0.0	63.645035	0.0	0.0	0.0	0.0	65.71343	0.0	0.0	1970.308	0.0	963.44293	0.0	0.0	1036.0121	0.0	0.0	0.0	631.7463	0.0	0.0	886.6849	0.0	0.0	579.4294	0.0	0.0	0.0	0.0	0.0	671.2933	0.0	172.65096	0.0	0.0	544.96735	73.3671	873.1005	0.0	0.0	0.0	560.26294	700.9177	397.77963	0.0	0.0	0.0	0.0	889.94855	0.0	0.0	67.96199	0.0	0.0	536.1579	339.89304	0.0	0.0	0.0	0.0	0.0	197.52763	685.1399	0.0	992.7292	594.8718	0.0	1124.4688	0.0	558.7246	0.0	0.0	0.0	440.38712	0.0	0.0	487.45566	681.2962	0.0	2013.3414	63.27666	0.0	0.0	677.752	1237.812	0.0	0.0	179.18483	0.0	0.0	29.934319	1687.766	0.0	0.0	0.0	279.15878	0.0	0.0	0.0	1009.28156	1653.1322	0.0	533.5279	0.0	0.0	255.13342	0.0	114.371155	0.0	0.0	0.0	0.0	0.0	0.0	0.0	539.78656	0.0	1084.0767	0.0	0.0	614.79376	0.0	0.0
0.0	398.47754	0.0	518.43097	0.0	0.0	56.355026	0.0	0.0	0.0	0.0	61.261658	0.0	0.0	1918.9697	0.0	934.89935	0.0	0.0	1019.01495	0.0	0.0	0.0	611.45123	0.0	0.0	863.13947	0.0	0.0	563.4715	0.0	0.0	0.0	0.0	0.0	659.30585	0.0	168.89531	0.0	0.0	537.6253	69.88015	854.8392	0.0	0.0	0.0	546.5977	680.36725	390.99792	0.0	0.0	0.0	0.0	871.9636	0.0	0.0	62.903797	0.0	0.0	521.24164	327.97937	0.0	0.0	0.0	0.0	0.0	185.57613	670.5351	0.0	967.58405	580.8534	0.0	1094.1368	0.0	550.5983	0.0	0.0	0.0	436.70947	0.0	0.0	478.09195	667.811	0.0	1975.8358	64.63884	0.0	0.0	664.288	1200.7845	0.0	0.0	177.72713	0.0	0.0	23.973299	1657.309	0.0	0.0	0.0	265.35886	0.0	0.0	0.0	989.7156	1614.7074	0.0	517.7838	0.0	0.0	248.46803	0.0	113.19192	0.0	0.0	0.0	0.0	0.0	0.0	0.0	533.7708	0.0	1056.6311	0.0	0.0	598.9883	0.0	0.0
0.0	395.92343	0.0	505.59238	0.0	0.0	50.972614	0.0	0.0	0.0	0.0	57.504425	0.0	0.0	1873.3717	0.0	913.35077	0.0	0.0	1003.3538	0.0	0.0	0.0	594.72723	0.0	0.0	844.2465	0.0	0.0	552.0295	0.0	0.0	0.0	0.0	0.0	648.9954	0.0	167.47203	0.0	0.0	527.57526	67.61499	839.27106	0.0	0.0	0.0	536.98267	665.626	382.27518	0.0	0.0	0.0	0.0	851.47925	0.0	0.0	60.59059	0.0	0.0	509.2931	319.34354	0.0	0.0	0.0	0.0	0.0	178.02519	657.1962	0.0	947.6755	568.3575	0.0	1066.4385	0.0	542.64325	0.0	0.0	0.0	431.28003	0.0	0.0	468.02356	655.6913	0.0	1940.7028	64.11291	0.0	0.0	652.1851	1169.663	0.0	0.0	175.06676	0.0	0.0	20.133244	1629.1469	0.0	0.0	0.0	255.90387	0.0	0.0	0.0	968.9323	1582.0548	0.0	506.75912	0.0	0.0	240.00249	0.0	115.509346	0.0	0.0	0.0	0.0	0.0	0.0	0.0	523.5157	0.0	1033.3971	0.0	0.0	586.4029	0.0	0.0
0.0	397.91458	0.0	517.6921	0.0	0.0	56.38217	0.0	0.0	0.0	0.0	61.962616	0.0	0.0	1918.0322	0.0	935.7211	0.0	0.0	1018.7596	0.0	0.0	0.0	610.94403	0.0	0.0	863.08844	0.0	0.0	565.5477	0.0	0.0	0.0	0.0	0.0	658.495	0.0	170.1802	0.0	0.0	537.03735	69.895164	854.90753	0.0	0.0	0.0	547.6191	679.9191	390.5673	0.0	0.0	0.0	0.0	870.3382	0.0	0.0	62.509983	0.0	0.0	520.07367	327.35855	0.0	0.0	0.0	0.0	0.0	185.66362	670.055	0.0	966.6714	580.899	0.0	1093.2124	0.0	549.30914	0.0	0.0	0.0	434.84024	0.0	0.0	476.4476	666.32904	0.0	1974.7533	64.61405	0.0	0.0	664.36176	1199.7975	0.0	0.0	177.01698	0.0	0.0	23.912462	1657.8301	0.0	0.0	0.0	266.07474	0.0	0.0	0.0	989.9323	1614.4004	0.0	518.89655	0.0	0.0	246.38037	0.0	114.890114	0.0	0.0	0.0	0.0	0.0	0.0	0.0	531.7197	0.0	1055.2894	0.0	0.0	600.0921	0.0	0.0
0.0	399.2958	0.0	464.05518	0.0	0.0	26.543655	0.0	0.0	0.0	0.0	54.090656	0.0	0.0	1721.4395	0.0	848.5625	0.0	0.0	962.42426	0.0	0.0	0.0	532.9344	0.0	0.0	784.4367	0.0	0.0	516.4755	0.0	0.0	0.0	0.0	0.0	622.48444	0.0	148.71223	0.0	0.0	491.24075	59.19779	794.9934	0.0	0.0	0.0	507.10513	614.17847	359.9985	0.0	0.0	0.0	0.0	792.04517	0.0	0.0	56.00294	0.0	0.0	463.57584	275.47357	0.0	0.0	0.0	0.0	0.0	146.0081	626.99243	0.0	892.4744	530.01733	0.0	973.0532	0.0	523.37555	0.0	0.0	0.0	419.82117	0.0	0.0	432.94803	619.61273	0.0	1839.1611	67.01567	0.0	0.0	611.1152	1067.019	0.0	0.0	165.80984	0.0	0.0	0.0	1551.8595	0.0	0.0	0.0	216.5955	0.0	0.0	0.0	910.7449	1485.524	0.0	478.24585	0.0	0.0	211.84566	0.0	116.087135	0.0	0.0	0.0	0.0	0.0	0.0	0.0	497.90308	0.0	976.0229	0.0	0.0	545.0395	0.0	0.0
0.0	405.3334	0.0	482.6876	0.0	0.0	33.4412	0.0	0.0	0.0	0.0	58.878082	0.0	0.0	1802.9015	0.0	881.41254	0.0	0.0	994.1692	0.0	0.0	0.0	554.9165	0.0	0.0	811.4914	0.0	0.0	541.48004	0.0	0.0	0.0	0.0	0.0	637.4529	0.0	159.8853	0.0	0.0	516.3648	59.398407	821.84	0.0	0.0	0.0	529.58734	639.4858	369.86026	0.0	0.0	0.0	0.0	821.67596	0.0	0.0	60.286907	0.0	0.0	476.9318	285.38635	0.0	0.0	0.0	0.0	0.0	151.60689	650.4451	0.0	929.014	545.918	0.0	1019.7725	0.0	540.28906	0.0	0.0	0.0	428.48413	0.0	0.0	447.2679	640.40234	0.0	1902.5807	77.598076	0.0	0.0	632.29785	1117.4473	0.0	0.0	179.8938	0.0	0.0	8.393472	1601.3209	0.0	0.0	0.0	238.19295	0.0	0.0	0.0	951.07416	1537.9014	0.0	504.37207	0.0	0.0	219.76561	0.0	118.92344	0.0	0.0	0.0	0.0	0.0	0.0	0.0	508.90698	0.0	1010.18726	0.0	0.0	566.30084	0.0	0.0
0.0	393.30112	0.0	459.06204	0.0	0.0	28.020437	0.0	0.0	0.0	0.0	54.897038	0.0	0.0	1709.6201	0.0	841.1784	0.0	0.0	951.0	0.0	0.0	0.0	528.1189	0.0	0.0	772.97266	0.0	0.0	513.0469	0.0	0.0	0.0	0.0	0.0	614.3667	0.0	148.53528	0.0	0.0	485.27902	56.903393	781.8951	0.0	0.0	0.0	504.60474	609.29785	352.9647	0.0	0.0	0.0	0.0	788.15454	0.0	0.0	57.949352	0.0	0.0	452.56583	276.71194	0.0	0.0	0.0	0.0	0.0	142.59175	620.4732	0.0	882.4759	523.87897	0.0	967.58856	0.0	521.4813	0.0	0.0	0.0	408.16895	0.0	0.0	422.74316	613.7371	0.0	1817.4613	69.19277	0.0	0.0	606.53827	1058.064	0.0	0.0	167.68317	0.0	0.0	2.9797344	1527.5941	0.0	0.0	0.0	223.55432	0.0	0.0	0.0	902.38544	1465.7324	0.0	474.9034	0.0	0.0	209.42302	0.0	117.15183	0.0	0.0	0.0	0.0	0.0	0.0	0.0	491.11624	0.0	961.6299	0.0	0.0	536.84674	0.0	0.0
0.0	387.0248	0.0	438.1285	0.0	0.0	21.28946	0.0	0.0	0.0	0.0	50.017426	0.0	0.0	1634.7949	0.0	808.92236	0.0	0.0	917.1877	0.0	0.0	0.0	506.44095	0.0	0.0	742.65924	0.0	0.0	488.61765	0.0	0.0	0.0	0.0	0.0	600.85266	0.0	139.60571	0.0	0.0	461.5544	53.643826	752.1448	0.0	0.0	0.0	488.9828	589.7631	341.32114	0.0	0.0	0.0	0.0	763.30524	0.0	0.0	62.739796	0.0	0.0	432.25146	269.30823	0.0	0.0	0.0	0.0	0.0	137.96455	593.79395	0.0	852.51935	509.91513	0.0	924.7049	0.0	510.2274	0.0	0.0	0.0	388.46542	0.0	0.0	402.56226	591.9356	0.0	1743.959	65.52227	0.0	0.0	592.7448	1012.14404	0.0	0.0	158.67738	0.0	0.0	0.0	1468.4008	0.0	0.0	0.0	214.51982	0.0	0.0	0.0	865.8591	1411.1364	0.0	447.9609	0.0	0.0	196.6374	0.0	117.957245	0.0	0.0	0.0	0.0	0.0	0.0	0.0	479.27335	0.0	929.969	0.0	0.0	512.35175	0.0	0.0
0.0	492.7914	0.0	648.1579	0.0	0.0	85.08496	0.0	0.0	0.0	0.0	90.00886	0.0	0.0	2369.5059	0.0	1161.7556	0.0	0.0	1259.0024	0.0	0.0	0.0	749.1396	0.0	0.0	1084.6305	0.0	0.0	718.6006	0.0	0.0	0.0	0.0	0.0	778.7425	0.0	211.29268	0.0	0.0	672.3909	84.973656	1059.9122	0.0	0.0	0.0	647.86475	813.21564	487.36328	0.0	0.0	0.0	0.0	1042.3778	0.0	0.0	57.530895	0.0	0.0	649.07886	372.33456	0.0	0.0	0.0	0.0	0.0	219.9506	862.18536	0.0	1197.6475	691.88794	0.0	1339.2207	0.0	638.68353	0.7388521	0.0	0.0	580.5391	0.0	0.0	605.3698	817.29425	0.0	2455.5603	73.06331	0.0	0.0	776.0835	1480.8688	0.0	0.0	222.54616	0.0	0.0	32.606213	2064.9314	0.0	0.0	0.0	305.58942	0.0	0.0	0.0	1218.1033	1995.6051	0.0	675.43713	0.0	0.0	308.87875	0.0	112.69419	0.0	0.0	0.0	0.0	0.0	0.0	0.0	630.7811	0.0	1304.3542	0.0	0.0	745.83105	0.0	0.0
0.0	434.82608	0.0	536.96124	0.0	0.0	49.221554	0.0	0.0	0.0	0.0	68.409706	0.0	0.0	1993.048	0.0	971.1643	0.0	0.0	1085.4335	0.0	0.0	0.0	614.0399	0.0	0.0	900.08856	0.0	0.0	600.0692	0.0	0.0	0.0	0.0	0.0	682.91	0.0	172.92076	0.0	0.0	577.79095	69.36251	903.3911	0.0	0.0	0.0	564.03906	693.4139	410.16104	0.0	0.0	0.0	0.0	897.5616	0.0	0.0	50.384567	0.0	0.0	534.43365	311.46304	0.0	0.0	0.0	0.0	0.0	166.93494	724.87646	0.0	1013.38403	592.4692	0.0	1127.5912	0.0	571.0974	0.0	0.0	0.0	486.60498	0.0	0.0	500.94507	701.21405	0.0	2094.4277	77.37476	0.0	0.0	673.2094	1233.0099	0.0	0.0	194.69972	0.0	0.0	13.477401	1756.4463	0.0	0.0	0.0	257.8387	0.0	0.0	0.0	1043.2307	1689.0575	0.0	558.6729	0.0	0.0	250.32503	0.0	112.04537	0.0	0.0	0.0	0.0	0.0	0.0	0.0	551.25806	0.0	1101.3944	0.0	0.0	623.1149	0.0	0.0
0.0	398.87344	0.0	481.22177	0.0	0.0	38.48187	0.0	0.0	0.0	0.0	60.101185	0.0	0.0	1791.0001	0.0	876.6758	0.0	0.0	981.34357	0.0	0.0	0.0	553.6347	0.0	0.0	806.09595	0.0	0.0	537.29517	0.0	0.0	0.0	0.0	0.0	624.91895	0.0	157.23653	0.0	0.0	512.1236	58.8279	809.3836	0.0	0.0	0.0	517.5053	631.0186	366.92386	0.0	0.0	0.0	0.0	815.22235	0.0	0.0	53.818554	0.0	0.0	473.4685	285.7587	0.0	0.0	0.0	0.0	0.0	149.89726	648.43964	0.0	915.25616	539.0656	0.0	1012.8167	0.0	528.0739	0.0	0.0	0.0	428.91995	0.0	0.0	444.31796	633.6484	0.0	1885.9258	71.75083	0.0	0.0	620.6152	1108.7042	0.0	0.0	176.1427	0.0	0.0	9.754556	1581.6816	0.0	0.0	0.0	237.2416	0.0	0.0	0.0	938.1232	1521.6346	0.0	500.29184	0.0	0.0	222.63771	0.0	110.61556	0.0	0.0	0.0	0.0	0.0	0.0	0.0	502.2257	0.0	994.7197	0.0	0.0	559.40063	0.0	0.0
0.0	382.0574	0.0	435.44156	0.0	0.0	22.295935	0.0	0.0	0.0	0.0	50.55811	0.0	0.0	1620.711	0.0	801.7286	0.0	0.0	908.87225	0.0	0.0	0.0	501.6268	0.0	0.0	736.4908	0.0	0.0	485.45993	0.0	0.0	0.0	0.0	0.0	593.44354	0.0	138.32918	0.0	0.0	458.8492	53.699818	746.17377	0.0	0.0	0.0	483.94083	582.1933	338.51	0.0	0.0	0.0	0.0	754.61444	0.0	0.0	59.922913	0.0	0.0	428.99686	265.344	0.0	0.0	0.0	0.0	0.0	135.95187	588.8904	0.0	843.34863	504.39185	0.0	917.40594	0.0	503.10693	0.0	0.0	0.0	386.79648	0.0	0.0	400.19827	585.2302	0.0	1729.9673	65.15658	0.0	0.0	584.56885	1003.9405	0.0	0.0	156.96165	0.0	0.0	0.0	1457.6787	0.0	0.0	0.0	211.36128	0.0	0.0	0.0	859.6252	1399.206	0.0	446.68604	0.0	0.0	195.9958	0.0	115.81193	0.0	0.0	0.0	0.0	0.0	0.0	0.0	473.2192	0.0	920.58765	0.0	0.0	509.59946	0.0	0.0
0.0	388.18686	0.0	444.4036	0.0	0.0	22.724115	0.0	0.0	0.0	0.0	51.771496	0.0	0.0	1649.7354	0.0	815.1268	0.0	0.0	925.70166	0.0	0.0	0.0	511.41406	0.0	0.0	752.1873	0.0	0.0	494.53897	0.0	0.0	0.0	0.0	0.0	603.14777	0.0	140.79926	0.0	0.0	468.75003	56.355816	762.0783	0.0	0.0	0.0	489.50327	591.83997	346.0609	0.0	0.0	0.0	0.0	766.9902	0.0	0.0	58.339306	0.0	0.0	441.05542	268.2427	0.0	0.0	0.0	0.0	0.0	139.56676	601.4886	0.0	858.3234	512.7957	0.0	934.2754	0.0	508.81168	0.0	0.0	0.0	397.84473	0.0	0.0	411.1902	596.6066	0.0	1763.3602	64.453514	0.0	0.0	591.17267	1022.62427	0.0	0.0	159.24556	0.0	0.0	0.0	1486.5713	0.0	0.0	0.0	211.65306	0.0	0.0	0.0	874.395	1425.6041	0.0	453.56192	0.0	0.0	199.90218	0.0	114.083305	0.0	0.0	0.0	0.0	0.0	0.0	0.0	482.32364	0.0	938.1086	0.0	0.0	519.9814	0.0	0.0
0.0	386.5389	0.0	445.1506	0.0	0.0	25.051355	0.0	0.0	0.0	0.0	51.102352	0.0	0.0	1662.0973	0.0	819.7153	0.0	0.0	926.2644	0.0	0.0	0.0	516.195	0.0	0.0	755.23004	0.0	0.0	496.14053	0.0	0.0	0.0	0.0	0.0	604.57025	0.0	143.01347	0.0	0.0	471.77026	54.757847	763.5076	0.0	0.0	0.0	493.39847	596.34	345.4891	0.0	0.0	0.0	0.0	771.16534	0.0	0.0	60.084644	0.0	0.0	442.49255	272.14053	0.0	0.0	0.0	0.0	0.0	141.68771	601.88354	0.0	863.4065	515.58234	0.0	941.7427	0.0	512.3325	0.0	0.0	0.0	396.42996	0.0	0.0	411.84927	598.6653	0.0	1766.7006	65.202446	0.0	0.0	596.08	1030.8763	0.0	0.0	161.04631	0.0	0.0	0.0	1488.3602	0.0	0.0	0.0	218.24164	0.0	0.0	0.0	879.8129	1430.8693	0.0	456.72266	0.0	0.0	200.96538	0.0	117.383675	0.0	0.0	0.0	0.0	0.0	0.0	0.0	483.36523	0.0	941.04004	0.0	0.0	522.5446	0.0	0.0
0.0	388.656	0.0	448.011	0.0	0.0	25.474985	0.0	0.0	0.0	0.0	52.243073	0.0	0.0	1677.979	0.0	826.20605	0.0	0.0	931.93994	0.0	0.0	0.0	519.9436	0.0	0.0	759.1263	0.0	0.0	500.70435	0.0	0.0	0.0	0.0	0.0	606.90796	0.0	144.88165	0.0	0.0	476.8563	55.6427	769.31146	0.0	0.0	0.0	496.86435	601.7405	347.44522	0.0	0.0	0.0	0.0	776.96436	0.0	0.0	62.353283	0.0	0.0	445.781	273.7692	0.0	0.0	0.0	0.0	0.0	142.05922	607.503	0.0	868.302	517.5667	0.0	950.44183	0.0	515.06195	0.0	0.0	0.0	398.8745	0.0	0.0	414.95276	603.0597	0.0	1780.3159	67.35261	0.0	0.0	598.74097	1039.192	0.0	0.0	164.57318	0.0	0.0	1.7529837	1496.7526	0.0	0.0	0.0	222.9387	0.0	0.0	0.0	886.31445	1439.6879	0.0	460.66904	0.0	0.0	202.30663	0.0	116.81301	0.0	0.0	0.0	0.0	0.0	0.0	0.0	485.55273	0.0	945.6486	0.0	0.0	524.8333	0.0	0.0
0.0	487.99515	0.0	625.29974	0.0	0.0	48.686398	0.0	0.0	0.0	0.0	80.24329	0.0	0.0	2214.848	0.0	1081.934	0.0	0.0	1229.6505	0.0	0.0	0.0	689.5195	0.0	0.0	1019.70917	0.0	0.0	682.23035	0.0	0.0	0.0	0.0	0.0	758.46967	0.0	200.09045	0.0	0.0	635.5737	87.8404	1023.40265	0.0	0.0	0.0	620.478	759.91864	464.94406	0.0	0.0	0.0	0.0	978.9727	0.0	0.0	32.48759	0.0	0.0	610.8894	324.9825	0.0	0.0	0.0	0.0	0.0	186.29109	818.4318	0.0	1134.8721	656.5181	0.0	1246.6642	0.0	615.77997	0.0	0.0	0.0	570.36554	0.0	0.0	576.87946	783.89746	0.0	2377.8943	81.96824	0.0	0.0	746.2989	1379.835	0.0	0.0	213.97076	0.0	0.0	5.7616353	2016.0073	0.0	0.0	0.0	245.3253	0.0	0.0	0.0	1157.8912	1904.518	0.0	644.7255	0.0	0.0	292.83853	0.0	105.93054	0.0	0.0	0.0	0.0	0.0	0.0	0.0	608.0132	0.0	1247.8756	0.0	0.0	712.5346	0.0	0.0
0.0	390.11633	0.0	449.243	0.0	0.0	24.197977	0.0	0.0	0.0	0.0	52.19902	0.0	0.0	1664.3046	0.0	821.56836	0.0	0.0	932.34796	0.0	0.0	0.0	516.17554	0.0	0.0	758.3203	0.0	0.0	498.24887	0.0	0.0	0.0	0.0	0.0	605.8686	0.0	143.48999	0.0	0.0	472.6606	56.951977	768.2134	0.0	0.0	0.0	492.76767	596.2942	348.7455	0.0	0.0	0.0	0.0	770.7392	0.0	0.0	57.62265	0.0	0.0	446.19565	269.35556	0.0	0.0	0.0	0.0	0.0	140.6745	606.4976	0.0	865.19794	515.1105	0.0	941.8577	0.0	510.9263	0.0	0.0	0.0	402.59018	0.0	0.0	416.74924	601.14484	0.0	1778.9893	65.067314	0.0	0.0	594.6347	1031.6725	0.0	0.0	161.22252	0.0	0.0	0.0	1500.0895	0.0	0.0	0.0	211.85152	0.0	0.0	0.0	880.59235	1437.4645	0.0	459.31348	0.0	0.0	202.79195	0.0	114.000854	0.0	0.0	0.0	0.0	0.0	0.0	0.0	484.9539	0.0	945.5127	0.0	0.0	524.9108	0.0	0.0
0.0	396.63095	0.0	459.6477	0.0	0.0	25.666916	0.0	0.0	0.0	0.0	54.080082	0.0	0.0	1700.37	0.0	839.83405	0.0	0.0	954.37085	0.0	0.0	0.0	525.4493	0.0	0.0	774.642	0.0	0.0	512.656	0.0	0.0	0.0	0.0	0.0	615.9609	0.0	146.08208	0.0	0.0	483.50012	58.245747	784.6992	0.0	0.0	0.0	503.6317	606.5041	355.48178	0.0	0.0	0.0	0.0	784.323	0.0	0.0	54.982143	0.0	0.0	454.83878	271.96982	0.0	0.0	0.0	0.0	0.0	141.99063	621.5562	0.0	883.1983	524.77704	0.0	961.63324	0.0	520.1436	0.0	0.0	0.0	412.41687	0.0	0.0	424.7648	613.86847	0.0	1821.5133	67.779816	0.0	0.0	605.85767	1053.5205	0.0	0.0	164.87619	0.0	0.0	0.0	1536.2286	0.0	0.0	0.0	214.03662	0.0	0.0	0.0	899.8138	1468.3018	0.0	474.14462	0.0	0.0	209.46074	0.0	114.87384	0.0	0.0	0.0	0.0	0.0	0.0	0.0	492.10767	0.0	966.7016	0.0	0.0	537.66705	0.0	0.0
0.0	379.49863	0.0	428.60556	0.0	0.0	21.70752	0.0	0.0	0.0	0.0	49.25249	0.0	0.0	1595.7006	0.0	790.07715	0.0	0.0	897.353	0.0	0.0	0.0	493.25488	0.0	0.0	726.13055	0.0	0.0	477.94553	0.0	0.0	0.0	0.0	0.0	586.8554	0.0	135.87053	0.0	0.0	451.53162	51.80231	735.2027	0.0	0.0	0.0	477.55045	574.58496	333.94925	0.0	0.0	0.0	0.0	745.02954	0.0	0.0	60.20741	0.0	0.0	422.15347	261.20715	0.0	0.0	0.0	0.0	0.0	134.09956	581.4251	0.0	833.3855	497.37155	0.0	902.47784	0.0	498.9772	0.0	0.0	0.0	381.27603	0.0	0.0	393.6946	578.5877	0.0	1705.9213	64.52238	0.0	0.0	578.57745	988.19867	0.0	0.0	155.4712	0.0	0.0	0.0	1437.5254	0.0	0.0	0.0	206.61792	0.0	0.0	0.0	847.1831	1379.4103	0.0	439.65408	0.0	0.0	193.16646	0.0	115.68093	0.0	0.0	0.0	0.0	0.0	0.0	0.0	467.91147	0.0	909.9165	0.0	0.0	501.958	0.0	0.0
0.0	419.12204	0.0	501.61636	0.0	0.0	30.778006	0.0	0.0	0.0	0.0	60.333797	0.0	0.0	1832.2495	0.0	901.32764	0.0	0.0	1024.4683	0.0	0.0	0.0	568.9058	0.0	0.0	839.7841	0.0	0.0	553.98834	0.0	0.0	0.0	0.0	0.0	654.3599	0.0	160.26064	0.0	0.0	524.9163	69.39246	850.24194	0.0	0.0	0.0	533.15717	646.13513	384.45663	0.0	0.0	0.0	0.0	833.7515	0.0	0.0	49.09688	0.0	0.0	500.86465	285.82367	0.0	0.0	0.0	0.0	0.0	154.55414	671.0898	0.0	945.8295	560.09344	0.0	1036.0134	0.0	544.9524	0.0	0.0	0.0	455.27942	0.0	0.0	468.18262	657.59045	0.0	1966.899	69.38031	0.0	0.0	639.2348	1138.021	0.0	0.0	175.85811	0.0	0.0	1.7411379	1662.9569	0.0	0.0	0.0	219.55342	0.0	0.0	0.0	968.2886	1583.734	0.0	514.5112	0.0	0.0	230.64262	0.0	113.5198	0.0	0.0	0.0	0.0	0.0	0.0	0.0	523.71466	0.0	1038.1383	0.0	0.0	583.95	0.0	0.0
0.0	395.39157	0.0	455.81836	0.0	0.0	25.702118	0.0	0.0	0.0	0.0	52.42287	0.0	0.0	1691.5944	0.0	835.3359	0.0	0.0	948.0882	0.0	0.0	0.0	523.8332	0.0	0.0	771.1618	0.0	0.0	507.27426	0.0	0.0	0.0	0.0	0.0	613.97723	0.0	145.6592	0.0	0.0	481.8256	58.552204	781.6927	0.0	0.0	0.0	499.9916	604.7176	353.4596	0.0	0.0	0.0	0.0	780.81934	0.0	0.0	56.971817	0.0	0.0	454.96872	272.56735	0.0	0.0	0.0	0.0	0.0	142.57735	617.10345	0.0	878.1784	522.5622	0.0	957.4274	0.0	517.9268	0.0	0.0	0.0	411.18384	0.0	0.0	424.68936	609.94666	0.0	1809.3197	65.74923	0.0	0.0	602.91235	1048.9684	0.0	0.0	163.78795	0.0	0.0	0.0	1524.9283	0.0	0.0	0.0	214.31975	0.0	0.0	0.0	894.9002	1461.4581	0.0	467.7795	0.0	0.0	207.76709	0.0	114.39636	0.0	0.0	0.0	0.0	0.0	0.0	0.0	490.96536	0.0	960.2714	0.0	0.0	534.0547	0.0	0.0
0.0	391.10703	0.0	458.38464	0.0	0.0	28.798517	0.0	0.0	0.0	0.0	56.346817	0.0	0.0	1701.6573	0.0	837.19556	0.0	0.0	946.1467	0.0	0.0	0.0	523.43884	0.0	0.0	769.02106	0.0	0.0	512.89105	0.0	0.0	0.0	0.0	0.0	607.2531	0.0	145.23946	0.0	0.0	485.68082	55.427906	777.61285	0.0	0.0	0.0	498.65738	603.7695	353.17447	0.0	0.0	0.0	0.0	782.9111	0.0	0.0	55.829197	0.0	0.0	449.22498	271.25415	0.0	0.0	0.0	0.0	0.0	139.91458	620.7141	0.0	876.6204	518.3055	0.0	962.0717	0.0	514.1259	0.0	0.0	0.0	409.9318	0.0	0.0	422.1879	610.3714	0.0	1809.2172	69.320595	0.0	0.0	599.05676	1051.6444	0.0	0.0	167.01173	0.0	0.0	3.87718	1521.1503	0.0	0.0	0.0	220.13646	0.0	0.0	0.0	898.73517	1457.6035	0.0	475.52234	0.0	0.0	210.20854	0.0	111.40091	0.0	0.0	0.0	0.0	0.0	0.0	0.0	487.31094	0.0	956.79736	0.0	0.0	533.2424	0.0	0.0
0.0	395.2855	0.0	459.21887	0.0	0.0	24.317495	0.0	0.0	0.0	0.0	53.493008	0.0	0.0	1692.224	0.0	836.366	0.0	0.0	949.0976	0.0	0.0	0.0	526.6961	0.0	0.0	773.61285	0.0	0.0	507.85165	0.0	0.0	0.0	0.0	0.0	616.9876	0.0	145.8026	0.0	0.0	479.88345	58.874355	782.7806	0.0	0.0	0.0	501.30786	605.5336	355.66223	0.0	0.0	0.0	0.0	782.65753	0.0	0.0	56.303364	0.0	0.0	456.77695	273.44247	0.0	0.0	0.0	0.0	0.0	145.5156	616.1026	0.0	880.46674	526.4059	0.0	958.2261	0.0	517.6374	0.0	0.0	0.0	411.06873	0.0	0.0	425.28592	611.0283	0.0	1811.4283	64.317635	0.0	0.0	606.4887	1051.0157	0.0	0.0	162.17834	0.0	0.0	0.0	1531.3187	0.0	0.0	0.0	212.43896	0.0	0.0	0.0	896.1911	1464.5029	0.0	467.26065	0.0	0.0	208.35956	0.0	114.98212	0.0	0.0	0.0	0.0	0.0	0.0	0.0	493.33804	0.0	964.7148	0.0	0.0	537.2404	0.0	0.0
0.0	412.51004	0.0	496.85587	0.0	0.0	34.31426	0.0	0.0	0.0	0.0	59.53343	0.0	0.0	1826.5594	0.0	896.1302	0.0	0.0	1012.208	0.0	0.0	0.0	566.78656	0.0	0.0	831.012	0.0	0.0	550.4166	0.0	0.0	0.0	0.0	0.0	646.6555	0.0	160.2149	0.0	0.0	521.2571	65.17301	836.667	0.0	0.0	0.0	529.4013	644.4688	378.94083	0.0	0.0	0.0	0.0	831.6306	0.0	0.0	51.390244	0.0	0.0	492.8517	290.2348	0.0	0.0	0.0	0.0	0.0	154.83209	664.0209	0.0	938.9759	554.8909	0.0	1032.8759	0.0	542.0487	0.0	0.0	0.0	444.71866	0.0	0.0	459.817	652.2149	0.0	1942.147	69.66584	0.0	0.0	637.61035	1132.5973	0.0	0.0	176.30475	0.0	0.0	6.19323	1636.4681	0.0	0.0	0.0	229.22522	0.0	0.0	0.0	960.99384	1567.5415	0.0	509.86768	0.0	0.0	228.96321	0.0	113.748985	0.0	0.0	0.0	0.0	0.0	0.0	0.0	517.934	0.0	1025.0217	0.0	0.0	576.54675	0.0	0.0
0.0	390.3466	0.0	438.25073	0.0	0.0	23.621246	0.0	0.0	0.0	0.0	50.528553	0.0	0.0	1648.6504	0.0	816.0445	0.0	0.0	924.1292	0.0	0.0	0.0	506.76163	0.0	0.0	744.84106	0.0	0.0	493.5258	0.0	0.0	0.0	0.0	0.0	602.5971	0.0	140.3989	0.0	0.0	467.43555	50.524525	755.0611	0.0	0.0	0.0	494.70837	594.1186	341.03574	0.0	0.0	0.0	0.0	768.6941	0.0	0.0	64.38306	0.0	0.0	430.74008	270.52356	0.0	0.0	0.0	0.0	0.0	136.2829	599.5352	0.0	857.1546	510.2909	0.0	932.3321	0.0	516.4084	0.0	0.0	0.0	389.75497	0.0	0.0	402.55606	595.7696	0.0	1756.3397	69.49521	0.0	0.0	597.1048	1018.6558	0.0	0.0	162.60713	0.0	0.0	0.0	1474.9473	0.0	0.0	0.0	219.89856	0.0	0.0	0.0	873.8504	1418.1595	0.0	455.37463	0.0	0.0	198.09387	0.0	121.87174	0.0	0.0	0.0	0.0	0.0	0.0	0.0	480.70474	0.0	934.65314	0.0	0.0	515.3043	0.0	0.0
0.0	398.7678	0.0	463.42545	0.0	0.0	28.037577	0.0	0.0	0.0	0.0	54.352535	0.0	0.0	1728.166	0.0	849.7287	0.0	0.0	963.90497	0.0	0.0	0.0	532.28406	0.0	0.0	784.793	0.0	0.0	518.14667	0.0	0.0	0.0	0.0	0.0	622.2871	0.0	146.89403	0.0	0.0	495.00284	60.20287	793.8794	0.0	0.0	0.0	507.79517	615.2805	359.91336	0.0	0.0	0.0	0.0	797.3969	0.0	0.0	56.840363	0.0	0.0	460.99692	276.83383	0.0	0.0	0.0	0.0	0.0	143.54002	631.241	0.0	893.72266	531.5118	0.0	976.8554	0.0	525.7641	0.0	0.0	0.0	418.20932	0.0	0.0	431.8596	620.7568	0.0	1842.5026	68.99798	0.0	0.0	608.1951	1070.2518	0.0	0.0	168.27559	0.0	0.0	1.4854412	1548.2611	0.0	0.0	0.0	221.5852	0.0	0.0	0.0	913.4086	1486.2836	0.0	479.0269	0.0	0.0	212.14856	0.0	113.74078	0.0	0.0	0.0	0.0	0.0	0.0	0.0	497.97562	0.0	973.6692	0.0	0.0	540.6836	0.0	0.0
0.0	406.36563	0.0	483.45346	0.0	0.0	32.908367	0.0	0.0	0.0	0.0	57.637814	0.0	0.0	1784.1758	0.0	875.1528	0.0	0.0	990.8569	0.0	0.0	0.0	553.7387	0.0	0.0	813.0791	0.0	0.0	536.05255	0.0	0.0	0.0	0.0	0.0	635.4799	0.0	153.03996	0.0	0.0	513.3099	63.098434	822.0217	0.0	0.0	0.0	516.7322	630.69403	372.33786	0.0	0.0	0.0	0.0	817.8934	0.0	0.0	52.188416	0.0	0.0	484.20605	284.61685	0.0	0.0	0.0	0.0	0.0	149.53775	651.68994	0.0	919.4634	544.76855	0.0	1012.2027	0.0	532.4553	0.0	0.0	0.0	438.12744	0.0	0.0	452.28482	640.5865	0.0	1899.6244	66.252754	0.0	0.0	620.1011	1106.4307	0.0	0.0	173.60555	0.0	0.0	5.9093914	1599.9722	0.0	0.0	0.0	224.08067	0.0	0.0	0.0	942.74756	1533.3823	0.0	494.23022	0.0	0.0	221.98415	0.0	111.4979	0.0	0.0	0.0	0.0	0.0	0.0	0.0	510.90527	0.0	1003.15985	0.0	0.0	562.78595	0.0	0.0
0.0	408.33932	0.0	473.15366	0.0	0.0	31.858847	0.0	0.0	0.0	0.0	53.715626	0.0	0.0	1793.0409	0.0	881.53467	0.0	0.0	987.84845	0.0	0.0	0.0	555.77856	0.0	0.0	807.0335	0.0	0.0	532.58905	0.0	0.0	0.0	0.0	0.0	642.74725	0.0	154.71553	0.0	0.0	510.78955	54.429768	814.2078	0.0	0.0	0.0	531.05505	644.42633	366.35776	0.0	0.0	0.0	0.0	827.8024	0.0	0.0	68.235146	0.0	0.0	472.0258	296.6295	0.0	0.0	0.0	0.0	0.0	152.21965	642.7698	0.0	924.30194	550.33966	0.0	1016.69904	0.0	551.03687	0.0	0.0	0.0	419.74667	0.0	0.0	438.6514	640.38416	0.0	1886.0182	73.01525	0.0	0.0	640.2585	1110.2734	0.0	0.0	174.9316	0.0	0.0	3.1318748	1583.4854	0.0	0.0	0.0	246.67305	0.0	0.0	0.0	946.2043	1530.0272	0.0	492.30566	0.0	0.0	216.623	0.0	129.11353	0.0	0.0	0.0	0.0	0.0	0.0	0.0	514.4278	0.0	1003.4392	0.0	0.0	558.64404	0.0	0.0
0.0	394.3221	0.0	444.72623	0.0	0.0	25.117651	0.0	0.0	0.0	0.0	50.62581	0.0	0.0	1686.3317	0.0	833.10284	0.0	0.0	936.0603	0.0	0.0	0.0	521.8121	0.0	0.0	760.36835	0.0	0.0	500.75424	0.0	0.0	0.0	0.0	0.0	615.30023	0.0	143.59187	0.0	0.0	477.74002	50.66391	768.9856	0.0	0.0	0.0	504.95496	609.3737	347.12228	0.0	0.0	0.0	0.0	787.3621	0.0	0.0	68.88101	0.0	0.0	440.75198	281.08313	0.0	0.0	0.0	0.0	0.0	141.76587	607.2581	0.0	875.7933	523.9174	0.0	956.0008	0.0	528.1291	0.0	0.0	0.0	393.39136	0.0	0.0	409.76254	606.60645	0.0	1782.0375	69.23349	0.0	0.0	610.93677	1043.7203	0.0	0.0	165.03072	0.0	0.0	0.0	1496.1514	0.0	0.0	0.0	232.93217	0.0	0.0	0.0	893.978	1446.1606	0.0	460.77942	0.0	0.0	201.0022	0.0	126.18412	0.0	0.0	0.0	0.0	0.0	0.0	0.0	491.10898	0.0	950.7175	0.0	0.0	524.95215	0.0	0.0
0.0	394.75012	0.0	531.9405	0.0	0.0	81.48519	0.0	0.0	0.0	0.0	71.29856	0.0	0.0	1989.1768	0.0	980.8872	0.0	0.0	1034.0737	0.0	0.0	0.0	640.947	0.0	0.0	891.7578	0.0	0.0	589.8289	0.0	0.0	0.0	0.0	0.0	667.68805	0.0	171.66264	0.0	0.0	538.434	68.938835	870.6445	0.0	0.0	0.0	566.6864	709.7925	397.9932	0.0	0.0	0.0	0.0	889.7386	0.0	0.0	79.01301	0.0	0.0	537.417	345.62973	0.0	0.0	0.0	0.0	0.0	205.79387	691.4609	0.0	1001.11255	595.89575	0.0	1132.8917	0.0	558.07947	0.7237968	0.0	0.0	434.45297	0.0	0.0	482.8018	682.2049	0.0	2012.3883	58.298214	0.0	0.0	686.312	1250.7537	0.0	0.0	176.65967	0.0	0.0	42.135693	1687.7725	0.0	0.0	0.0	291.23068	0.0	0.0	0.0	1010.9371	1657.941	0.0	545.30304	0.0	0.0	260.30066	0.0	122.045525	0.0	0.0	0.0	0.0	0.0	0.0	0.0	537.1148	0.0	1093.0582	0.0	0.0	620.6197	0.0	0.0
0.0	385.99234	0.0	501.80786	0.0	0.0	62.098072	0.0	0.0	0.0	0.0	59.549496	0.0	0.0	1867.799	0.0	913.8445	0.0	0.0	989.6827	0.0	0.0	0.0	594.502	0.0	0.0	838.9421	0.0	0.0	552.38983	0.0	0.0	0.0	0.0	0.0	641.2393	0.0	163.49387	0.0	0.0	520.53107	65.61631	828.60284	0.0	0.0	0.0	535.98834	665.2212	380.19052	0.0	0.0	0.0	0.0	848.5525	0.0	0.0	68.838585	0.0	0.0	505.4172	322.9995	0.0	0.0	0.0	0.0	0.0	182.89656	653.2471	0.0	943.0749	564.5015	0.0	1066.772	0.0	539.40704	0.0	0.0	0.0	418.49792	0.0	0.0	459.99536	651.9334	0.0	1913.9716	61.680904	0.0	0.0	651.13306	1168.1388	0.0	0.0	171.4353	0.0	0.0	29.572014	1606.9598	0.0	0.0	0.0	264.1572	0.0	0.0	0.0	964.16113	1565.8578	0.0	506.4174	0.0	0.0	239.63159	0.0	117.328	0.0	0.0	0.0	0.0	0.0	0.0	0.0	520.24335	0.0	1029.2555	0.0	0.0	582.3916	0.0	0.0
0.0	390.11694	0.0	497.81754	0.0	0.0	60.142776	0.0	0.0	0.0	0.0	58.382298	0.0	0.0	1866.0634	0.0	914.2334	0.0	0.0	993.2137	0.0	0.0	0.0	591.41864	0.0	0.0	835.389	0.0	0.0	551.0556	0.0	0.0	0.0	0.0	0.0	642.36456	0.0	164.31517	0.0	0.0	520.5843	63.954082	827.66876	0.0	0.0	0.0	538.46936	665.9355	378.25485	0.0	0.0	0.0	0.0	847.7339	0.0	0.0	69.95498	0.0	0.0	499.8478	322.2103	0.0	0.0	0.0	0.0	0.0	177.85783	652.72906	0.0	941.8286	564.8239	0.0	1063.3793	0.0	543.7737	0.0	0.0	0.0	417.46426	0.0	0.0	457.61853	652.08295	0.0	1915.3099	63.70985	0.0	0.0	652.7171	1163.3137	0.0	0.0	172.28401	0.0	0.0	28.38375	1605.0669	0.0	0.0	0.0	267.0842	0.0	0.0	0.0	961.84247	1564.4088	0.0	505.09122	0.0	0.0	236.5874	0.0	119.54238	0.0	0.0	0.0	0.0	0.0	0.0	0.0	519.9167	0.0	1026.3854	0.0	0.0	578.9267	0.0	0.0
0.0	388.05313	0.0	479.74048	0.0	0.0	49.120632	0.0	0.0	0.0	0.0	53.82115	0.0	0.0	1809.6084	0.0	884.85065	0.0	0.0	975.2774	0.0	0.0	0.0	567.95966	0.0	0.0	810.1687	0.0	0.0	534.3709	0.0	0.0	0.0	0.0	0.0	632.56573	0.0	160.72456	0.0	0.0	509.33447	60.364056	808.9549	0.0	0.0	0.0	526.26825	645.63873	366.2687	0.0	0.0	0.0	0.0	824.6992	0.0	0.0	64.1009	0.0	0.0	482.1732	308.86026	0.0	0.0	0.0	0.0	0.0	165.90668	635.5717	0.0	916.7729	549.4982	0.0	1030.0756	0.0	536.7491	0.0	0.0	0.0	412.29898	0.0	0.0	443.2627	636.856	0.0	1874.7638	66.41303	0.0	0.0	638.8752	1124.0243	0.0	0.0	169.91081	0.0	0.0	19.72259	1570.3462	0.0	0.0	0.0	255.21057	0.0	0.0	0.0	940.81177	1525.621	0.0	491.24792	0.0	0.0	226.03899	0.0	122.4714	0.0	0.0	0.0	0.0	0.0	0.0	0.0	509.44174	0.0	996.9456	0.0	0.0	563.3733	0.0	0.0
0.0	383.8225	0.0	483.1317	0.0	0.0	52.20096	0.0	0.0	0.0	0.0	53.630024	0.0	0.0	1811.9268	0.0	886.47266	0.0	0.0	976.51825	0.0	0.0	0.0	570.5851	0.0	0.0	813.6739	0.0	0.0	538.1678	0.0	0.0	0.0	0.0	0.0	629.94403	0.0	160.913	0.0	0.0	510.23096	62.28485	813.1928	0.0	0.0	0.0	523.9744	644.33734	367.63525	0.0	0.0	0.0	0.0	821.1384	0.0	0.0	60.998882	0.0	0.0	487.51306	305.8995	0.0	0.0	0.0	0.0	0.0	167.12102	638.5223	0.0	918.0881	549.4101	0.0	1030.773	0.0	531.42194	0.0	0.0	0.0	417.8396	0.0	0.0	447.6654	637.4783	0.0	1880.2769	63.033764	0.0	0.0	635.109	1126.5924	0.0	0.0	169.46468	0.0	0.0	20.695753	1576.626	0.0	0.0	0.0	250.72139	0.0	0.0	0.0	939.5432	1529.0537	0.0	495.8707	0.0	0.0	228.98988	0.0	119.13273	0.0	0.0	0.0	0.0	0.0	0.0	0.0	506.85803	0.0	1000.2456	0.0	0.0	566.1269	0.0	0.0
0.0	385.24057	0.0	488.25864	0.0	0.0	55.718475	0.0	0.0	0.0	0.0	55.47968	0.0	0.0	1829.7734	0.0	894.98785	0.0	0.0	981.64923	0.0	0.0	0.0	576.7142	0.0	0.0	820.9589	0.0	0.0	541.9112	0.0	0.0	0.0	0.0	0.0	631.9207	0.0	161.62273	0.0	0.0	514.2474	64.36646	818.43896	0.0	0.0	0.0	526.6065	649.7679	370.7295	0.0	0.0	0.0	0.0	828.1309	0.0	0.0	63.08086	0.0	0.0	493.51282	308.92224	0.0	0.0	0.0	0.0	0.0	169.56488	644.4134	0.0	923.89813	552.6233	0.0	1041.5916	0.0	533.15765	0.0	0.0	0.0	420.71335	0.0	0.0	452.88452	641.88214	0.0	1894.8761	62.8579	0.0	0.0	638.40875	1138.456	0.0	0.0	170.15941	0.0	0.0	23.067457	1586.8903	0.0	0.0	0.0	253.81828	0.0	0.0	0.0	946.2639	1541.4829	0.0	499.17404	0.0	0.0	233.53857	0.0	116.67782	0.0	0.0	0.0	0.0	0.0	0.0	0.0	510.5663	0.0	1007.28595	0.0	0.0	570.05084	0.0	0.0
0.0	386.24265	0.0	502.54428	0.0	0.0	63.848934	0.0	0.0	0.0	0.0	59.329865	0.0	0.0	1878.2822	0.0	920.2539	0.0	0.0	994.7531	0.0	0.0	0.0	597.285	0.0	0.0	842.7251	0.0	0.0	556.3059	0.0	0.0	0.0	0.0	0.0	642.92255	0.0	163.5952	0.0	0.0	524.0826	64.39825	832.9213	0.0	0.0	0.0	538.8566	669.6136	380.6218	0.0	0.0	0.0	0.0	849.7701	0.0	0.0	69.59689	0.0	0.0	507.06027	323.37976	0.0	0.0	0.0	0.0	0.0	184.11592	657.34106	0.0	948.4995	566.8531	0.0	1070.613	0.0	540.48517	0.0	0.0	0.0	423.0978	0.0	0.0	462.42737	655.4821	0.0	1924.4564	61.049057	0.0	0.0	654.0339	1172.9623	0.0	0.0	172.42073	0.0	0.0	29.868391	1614.833	0.0	0.0	0.0	266.4713	0.0	0.0	0.0	967.3769	1573.5225	0.0	511.8453	0.0	0.0	239.92426	0.0	118.10266	0.0	0.0	0.0	0.0	0.0	0.0	0.0	520.9207	0.0	1034.5542	0.0	0.0	584.94366	0.0	0.0
0.0	385.3458	0.0	496.06387	0.0	0.0	60.031277	0.0	0.0	0.0	0.0	57.71429	0.0	0.0	1861.9434	0.0	909.9326	0.0	0.0	990.12726	0.0	0.0	0.0	587.8115	0.0	0.0	833.7085	0.0	0.0	551.48737	0.0	0.0	0.0	0.0	0.0	638.00854	0.0	163.81908	0.0	0.0	522.2516	64.82039	827.74286	0.0	0.0	0.0	534.16187	661.4763	376.53625	0.0	0.0	0.0	0.0	840.538	0.0	0.0	67.31611	0.0	0.0	501.7543	316.52347	0.0	0.0	0.0	0.0	0.0	177.92442	652.95233	0.0	938.5822	560.2752	0.0	1059.8683	0.0	537.5103	0.0	0.0	0.0	422.97098	0.0	0.0	458.85324	650.0184	0.0	1914.1006	63.042355	0.0	0.0	648.82587	1160.3997	0.0	0.0	172.38496	0.0	0.0	27.564665	1603.9908	0.0	0.0	0.0	262.77176	0.0	0.0	0.0	960.98724	1560.9917	0.0	507.76074	0.0	0.0	238.2487	0.0	117.43097	0.0	0.0	0.0	0.0	0.0	0.0	0.0	516.3566	0.0	1023.5262	0.0	0.0	579.83514	0.0	0.0
0.0	384.29196	0.0	487.4795	0.0	0.0	55.213383	0.0	0.0	0.0	0.0	55.560852	0.0	0.0	1824.8193	0.0	892.207	0.0	0.0	974.5306	0.0	0.0	0.0	577.7286	0.0	0.0	819.63715	0.0	0.0	538.49835	0.0	0.0	0.0	0.0	0.0	631.25806	0.0	161.43645	0.0	0.0	512.3247	62.30658	813.39813	0.0	0.0	0.0	526.3346	650.63776	371.1597	0.0	0.0	0.0	0.0	829.3787	0.0	0.0	64.992096	0.0	0.0	491.5247	312.62173	0.0	0.0	0.0	0.0	0.0	173.32275	639.8467	0.0	922.96564	552.3549	0.0	1039.121	0.0	532.584	0.0	0.0	0.0	413.92203	0.0	0.0	450.68198	639.5139	0.0	1880.8555	62.85728	0.0	0.0	639.3886	1138.0438	0.0	0.0	169.25003	0.0	0.0	24.168526	1578.9037	0.0	0.0	0.0	256.25327	0.0	0.0	0.0	944.3877	1534.6476	0.0	494.4857	0.0	0.0	231.08601	0.0	117.59442	0.0	0.0	0.0	0.0	0.0	0.0	0.0	510.7621	0.0	1005.53046	0.0	0.0	568.4316	0.0	0.0
0.0	385.7715	0.0	486.66983	0.0	0.0	55.280125	0.0	0.0	0.0	0.0	54.838306	0.0	0.0	1821.5254	0.0	890.3247	0.0	0.0	973.89777	0.0	0.0	0.0	576.96387	0.0	0.0	819.99677	0.0	0.0	537.85895	0.0	0.0	0.0	0.0	0.0	631.98584	0.0	160.78041	0.0	0.0	513.78186	61.21341	814.0539	0.0	0.0	0.0	524.4633	649.31586	371.66135	0.0	0.0	0.0	0.0	829.16974	0.0	0.0	63.366016	0.0	0.0	493.21085	312.74582	0.0	0.0	0.0	0.0	0.0	172.5335	640.1969	0.0	922.8138	552.12164	0.0	1037.5435	0.0	531.9917	0.0	0.0	0.0	416.23416	0.0	0.0	452.13156	639.5068	0.0	1878.0892	61.679733	0.0	0.0	637.0449	1135.5565	0.0	0.0	168.51016	0.0	0.0	23.11423	1578.306	0.0	0.0	0.0	254.31665	0.0	0.0	0.0	944.0432	1534.4502	0.0	491.7313	0.0	0.0	230.23901	0.0	117.87549	0.0	0.0	0.0	0.0	0.0	0.0	0.0	511.83505	0.0	1004.2779	0.0	0.0	569.0423	0.0	0.0
0.0	411.06528	0.0	489.97476	0.0	0.0	54.023468	0.0	0.0	0.0	0.0	59.45785	0.0	0.0	1835.6249	0.0	906.83527	0.0	0.0	997.1118	0.0	0.0	0.0	580.3717	0.0	0.0	820.9865	0.0	0.0	540.4734	0.0	0.0	0.0	0.0	0.0	655.132	0.0	152.93655	0.0	0.0	510.3346	58.093212	820.71606	0.0	0.0	0.0	531.71844	668.9887	384.51782	0.0	0.0	0.0	0.0	860.99854	0.0	0.0	74.782166	0.0	0.0	487.2123	322.47598	0.0	0.0	0.0	0.0	0.0	166.91966	656.66284	0.0	938.0515	565.5305	0.0	1047.8931	0.0	556.091	0.0	0.0	0.0	416.13925	0.0	0.0	450.8993	658.2836	0.0	1904.1381	60.55272	0.0	0.0	650.2422	1135.5538	0.0	0.0	173.50667	0.0	0.0	26.705025	1586.3418	0.0	0.0	0.0	265.7146	0.0	0.0	0.0	946.7601	1551.9166	0.0	485.65756	0.0	0.0	226.26915	0.0	117.45925	0.0	0.0	0.0	0.0	0.0	0.0	0.0	533.0741	0.0	1020.0161	0.0	0.0	559.8504	0.0	0.0
0.0	387.4928	0.0	501.61365	0.0	0.0	62.315903	0.0	0.0	0.0	0.0	57.90205	0.0	0.0	1872.2456	0.0	917.99243	0.0	0.0	994.8193	0.0	0.0	0.0	595.1051	0.0	0.0	840.5149	0.0	0.0	554.6085	0.0	0.0	0.0	0.0	0.0	643.9465	0.0	163.81703	0.0	0.0	521.6468	64.70686	832.14166	0.0	0.0	0.0	538.9152	668.7769	380.588	0.0	0.0	0.0	0.0	848.5218	0.0	0.0	69.11437	0.0	0.0	505.64053	323.82422	0.0	0.0	0.0	0.0	0.0	182.78192	654.8883	0.0	946.69293	565.6788	0.0	1068.2891	0.0	542.4317	0.0	0.0	0.0	421.09204	0.0	0.0	460.988	654.9432	0.0	1920.6113	61.47347	0.0	0.0	653.8759	1169.18	0.0	0.0	171.31834	0.0	0.0	29.345741	1611.8505	0.0	0.0	0.0	264.93573	0.0	0.0	0.0	964.6202	1570.7627	0.0	509.92886	0.0	0.0	238.86073	0.0	119.635925	0.0	0.0	0.0	0.0	0.0	0.0	0.0	520.64105	0.0	1032.6528	0.0	0.0	583.991	0.0	0.0
0.0	387.2745	0.0	504.03564	0.0	0.0	63.151306	0.0	0.0	0.0	0.0	59.55562	0.0	0.0	1884.5194	0.0	922.2407	0.0	0.0	997.45526	0.0	0.0	0.0	597.53705	0.0	0.0	842.68585	0.0	0.0	557.87256	0.0	0.0	0.0	0.0	0.0	645.02026	0.0	165.83418	0.0	0.0	524.60516	65.85259	834.3863	0.0	0.0	0.0	541.741	671.733	380.4507	0.0	0.0	0.0	0.0	852.5432	0.0	0.0	69.111725	0.0	0.0	507.61987	323.49667	0.0	0.0	0.0	0.0	0.0	183.0445	659.056	0.0	950.3599	567.52167	0.0	1073.3405	0.0	543.4782	0.0	0.0	0.0	422.506	0.0	0.0	462.6708	656.3666	0.0	1930.7513	63.28661	0.0	0.0	657.2789	1176.329	0.0	0.0	173.70715	0.0	0.0	29.513672	1617.7916	0.0	0.0	0.0	268.1725	0.0	0.0	0.0	969.5346	1577.8678	0.0	513.27954	0.0	0.0	241.70064	0.0	119.24076	0.0	0.0	0.0	0.0	0.0	0.0	0.0	521.52997	0.0	1036.5028	0.0	0.0	586.7555	0.0	0.0
0.0	387.76938	0.0	517.8156	0.0	0.0	70.53215	0.0	0.0	0.0	0.0	64.59167	0.0	0.0	1933.5499	0.0	948.6071	0.0	0.0	1013.4563	0.0	0.0	0.0	619.5612	0.0	0.0	866.43	0.0	0.0	571.66437	0.0	0.0	0.0	0.0	0.0	654.2093	0.0	169.74216	0.0	0.0	531.13135	68.23879	852.49243	0.0	0.0	0.0	553.69257	688.3171	388.92978	0.0	0.0	0.0	0.0	867.8167	0.0	0.0	73.803185	0.0	0.0	522.18726	333.8944	0.0	0.0	0.0	0.0	0.0	195.4372	672.6236	0.0	973.85785	580.7045	0.0	1100.8774	0.0	548.6194	0.0	0.0	0.0	425.41818	0.0	0.0	472.73984	668.33844	0.0	1966.5206	61.07672	0.0	0.0	669.5863	1212.4375	0.0	0.0	175.4882	0.0	0.0	34.397964	1650.7085	0.0	0.0	0.0	279.031	0.0	0.0	0.0	989.78827	1613.7955	0.0	528.0342	0.0	0.0	248.22827	0.0	117.07369	0.0	0.0	0.0	0.0	0.0	0.0	0.0	527.45776	0.0	1062.7437	0.0	0.0	601.5759	0.0	0.0
0.0	387.6671	0.0	499.09708	0.0	0.0	59.767628	0.0	0.0	0.0	0.0	58.70398	0.0	0.0	1860.0319	0.0	909.6866	0.0	0.0	987.4842	0.0	0.0	0.0	590.4626	0.0	0.0	835.5256	0.0	0.0	549.6141	0.0	0.0	0.0	0.0	0.0	640.2979	0.0	162.95616	0.0	0.0	520.3261	66.010704	827.53143	0.0	0.0	0.0	532.68744	662.643	379.8063	0.0	0.0	0.0	0.0	845.9446	0.0	0.0	67.65449	0.0	0.0	503.61917	319.907	0.0	0.0	0.0	0.0	0.0	179.97241	653.0564	0.0	940.2828	562.30426	0.0	1060.2954	0.0	538.12646	0.0	0.0	0.0	420.27206	0.0	0.0	459.42	650.72577	0.0	1909.3833	61.694477	0.0	0.0	647.93335	1160.4393	0.0	0.0	171.57133	0.0	0.0	27.55696	1601.8617	0.0	0.0	0.0	262.40674	0.0	0.0	0.0	959.89435	1560.5107	0.0	503.33804	0.0	0.0	237.18031	0.0	115.88392	0.0	0.0	0.0	0.0	0.0	0.0	0.0	519.09503	0.0	1024.5728	0.0	0.0	578.0019	0.0	0.0
0.0	357.32724	0.0	530.5022	0.0	0.0	53.124844	0.0	0.0	0.0	0.0	95.241	0.0	0.0	1875.3239	0.0	915.35065	0.0	0.0	982.52325	0.0	0.0	0.0	600.65424	0.0	0.0	849.6431	0.0	0.0	547.0514	0.0	0.0	0.0	0.0	0.0	633.55743	0.0	154.58041	0.0	0.0	517.35175	55.189083	772.7509	0.0	0.0	0.0	531.466	670.136	374.40808	0.0	0.0	0.0	0.0	856.3499	0.0	0.0	76.09721	0.0	0.0	485.48788	354.38806	0.0	0.0	0.0	0.0	0.0	202.29051	614.15985	0.0	927.02026	601.46405	0.0	1089.9077	0.0	526.99994	0.0	0.0	0.0	367.97372	0.0	0.0	438.20993	621.4428	0.0	1875.9551	65.521126	0.0	0.0	667.54535	1204.8353	0.0	0.0	157.61388	0.0	0.0	17.392214	1562.8676	0.0	0.0	0.0	288.2953	0.0	0.0	0.0	973.5612	1565.1201	0.0	481.94067	0.0	0.0	267.2185	0.0	97.110466	0.0	0.0	0.0	0.0	0.0	0.0	0.0	511.07837	0.0	1015.4672	0.0	0.0	585.09845	0.0	0.0
0.0	387.51907	0.0	503.63074	0.0	0.0	63.663574	0.0	0.0	0.0	0.0	59.524433	0.0	0.0	1878.2106	0.0	919.2602	0.0	0.0	993.8775	0.0	0.0	0.0	597.8217	0.0	0.0	842.784	0.0	0.0	554.41864	0.0	0.0	0.0	0.0	0.0	642.7562	0.0	164.33908	0.0	0.0	523.6467	65.087135	832.25244	0.0	0.0	0.0	537.9056	668.5849	381.74338	0.0	0.0	0.0	0.0	850.8901	0.0	0.0	69.40569	0.0	0.0	507.54407	324.93726	0.0	0.0	0.0	0.0	0.0	183.84538	656.2527	0.0	947.6245	566.1236	0.0	1071.2548	0.0	541.5766	0.0	0.0	0.0	420.55533	0.0	0.0	462.8834	654.73615	0.0	1922.6104	62.027073	0.0	0.0	653.54755	1174.0894	0.0	0.0	172.64612	0.0	0.0	30.066187	1612.9283	0.0	0.0	0.0	266.11707	0.0	0.0	0.0	967.16	1572.6688	0.0	508.8431	0.0	0.0	241.1952	0.0	116.547424	0.0	0.0	0.0	0.0	0.0	0.0	0.0	520.75195	0.0	1033.3906	0.0	0.0	584.3902	0.0	0.0
0.0	395.04968	0.0	530.99945	0.0	0.0	82.74915	0.0	0.0	0.0	0.0	69.91104	0.0	0.0	1998.0221	0.0	983.30096	0.0	0.0	1036.9432	0.0	0.0	0.0	643.15015	0.0	0.0	895.70605	0.0	0.0	589.6433	0.0	0.0	0.0	0.0	0.0	667.64996	0.0	171.03333	0.0	0.0	545.63385	68.3839	874.34326	0.0	0.0	0.0	567.01154	711.16376	398.38388	0.0	0.0	0.0	0.0	891.2952	0.0	0.0	79.13401	0.0	0.0	540.93134	346.71655	0.0	0.0	0.0	0.0	0.0	203.85136	693.2663	0.0	1002.48193	596.5449	0.0	1139.5917	0.0	559.6521	0.4858309	0.0	0.0	438.51913	0.0	0.0	488.01987	682.9078	0.0	2019.3438	57.82477	0.0	0.0	686.39404	1257.485	0.0	0.0	176.57661	0.0	0.0	41.482044	1693.181	0.0	0.0	0.0	293.25317	0.0	0.0	0.0	1018.51825	1665.9906	0.0	545.64325	0.0	0.0	262.5599	0.0	119.12802	0.0	0.0	0.0	0.0	0.0	0.0	0.0	538.40106	0.0	1093.0024	0.0	0.0	623.1581	0.0	0.0
0.0	386.16895	0.0	497.10367	0.0	0.0	61.72876	0.0	0.0	0.0	0.0	58.03081	0.0	0.0	1859.122	0.0	910.06366	0.0	0.0	988.1154	0.0	0.0	0.0	589.7624	0.0	0.0	834.5127	0.0	0.0	550.50446	0.0	0.0	0.0	0.0	0.0	639.804	0.0	162.00058	0.0	0.0	519.2703	65.066	827.113	0.0	0.0	0.0	534.253	663.49243	378.1089	0.0	0.0	0.0	0.0	843.9244	0.0	0.0	68.49581	0.0	0.0	502.82047	319.68457	0.0	0.0	0.0	0.0	0.0	180.24135	651.9704	0.0	939.5726	561.9344	0.0	1060.3497	0.0	539.6386	0.0	0.0	0.0	419.85385	0.0	0.0	458.18472	650.24066	0.0	1908.9893	61.564983	0.0	0.0	648.1465	1160.1481	0.0	0.0	171.28569	0.0	0.0	28.327868	1601.1124	0.0	0.0	0.0	263.26123	0.0	0.0	0.0	959.148	1559.8739	0.0	504.61548	0.0	0.0	237.10596	0.0	117.746155	0.0	0.0	0.0	0.0	0.0	0.0	0.0	517.93884	0.0	1024.4692	0.0	0.0	578.7091	0.0	0.0
0.0	388.34595	0.0	514.8476	0.0	0.0	71.55066	0.0	0.0	0.0	0.0	64.00198	0.0	0.0	1923.4371	0.0	945.46747	0.0	0.0	1009.87445	0.0	0.0	0.0	614.13226	0.0	0.0	860.8586	0.0	0.0	569.742	0.0	0.0	0.0	0.0	0.0	651.3505	0.0	168.33997	0.0	0.0	529.0622	67.55549	846.7185	0.0	0.0	0.0	549.58704	685.42804	386.21118	0.0	0.0	0.0	0.0	863.3714	0.0	0.0	73.83113	0.0	0.0	517.5899	333.17496	0.0	0.0	0.0	0.0	0.0	191.92012	669.76184	0.0	967.28876	576.7268	0.0	1096.4408	0.0	546.19946	0.0	0.0	0.0	426.01868	0.0	0.0	470.85507	665.57245	0.0	1958.2428	60.14072	0.0	0.0	666.7945	1204.1376	0.0	0.0	173.34367	0.0	0.0	35.415943	1641.3462	0.0	0.0	0.0	277.7043	0.0	0.0	0.0	982.7898	1606.4014	0.0	525.61914	0.0	0.0	248.47302	0.0	117.441956	0.0	0.0	0.0	0.0	0.0	0.0	0.0	525.5329	0.0	1055.1703	0.0	0.0	599.19604	0.0	0.0
0.0	390.10355	0.0	528.43964	0.0	0.0	82.42108	0.0	0.0	0.0	0.0	69.16904	0.0	0.0	1979.8551	0.0	976.44745	0.0	0.0	1028.8823	0.0	0.0	0.0	639.25433	0.0	0.0	888.5224	0.0	0.0	586.2319	0.0	0.0	0.0	0.0	0.0	662.8559	0.0	168.83058	0.0	0.0	537.6491	68.15368	866.7912	0.0	0.0	0.0	562.95306	707.1164	395.6913	0.0	0.0	0.0	0.0	883.61444	0.0	0.0	79.11849	0.0	0.0	535.3547	344.854	0.0	0.0	0.0	0.0	0.0	204.61882	686.3916	0.0	994.98584	592.2053	0.0	1128.1979	0.0	554.4441	0.4369621	0.0	0.0	433.36533	0.0	0.0	482.15112	679.6936	0.0	2000.8198	56.086514	0.0	0.0	682.1126	1245.7832	0.0	0.0	173.98918	0.0	0.0	41.97679	1679.5718	0.0	0.0	0.0	289.90527	0.0	0.0	0.0	1006.9836	1650.9906	0.0	543.7322	0.0	0.0	259.47226	0.0	119.49273	0.0	0.0	0.0	0.0	0.0	0.0	0.0	533.773	0.0	1086.9117	0.0	0.0	617.27423	0.0	0.0
0.0	388.0587	0.0	494.98837	0.0	0.0	57.24359	0.0	0.0	0.0	0.0	57.351215	0.0	0.0	1862.3804	0.0	910.67816	0.0	0.0	991.56903	0.0	0.0	0.0	588.2321	0.0	0.0	831.70966	0.0	0.0	550.3769	0.0	0.0	0.0	0.0	0.0	643.1064	0.0	164.83427	0.0	0.0	520.4349	63.886326	827.0349	0.0	0.0	0.0	538.5309	664.6201	376.27478	0.0	0.0	0.0	0.0	845.9922	0.0	0.0	67.760315	0.0	0.0	498.90005	319.0727	0.0	0.0	0.0	0.0	0.0	177.62749	652.0674	0.0	941.41034	563.2715	0.0	1060.065	0.0	543.9734	0.0	0.0	0.0	417.693	0.0	0.0	455.41736	651.74493	0.0	1913.2236	64.83827	0.0	0.0	653.02795	1159.563	0.0	0.0	174.56946	0.0	0.0	24.850441	1601.1896	0.0	0.0	0.0	267.0067	0.0	0.0	0.0	961.41425	1560.9564	0.0	505.71265	0.0	0.0	235.07744	0.0	121.40922	0.0	0.0	0.0	0.0	0.0	0.0	0.0	519.1503	0.0	1024.7805	0.0	0.0	577.59955	0.0	0.0
0.0	387.69522	0.0	493.1376	0.0	0.0	58.280598	0.0	0.0	0.0	0.0	56.950558	0.0	0.0	1853.1434	0.0	905.8018	0.0	0.0	988.0467	0.0	0.0	0.0	584.7144	0.0	0.0	828.98346	0.0	0.0	547.61273	0.0	0.0	0.0	0.0	0.0	639.3233	0.0	163.12775	0.0	0.0	519.1993	63.65684	824.7474	0.0	0.0	0.0	534.03937	660.2287	375.20975	0.0	0.0	0.0	0.0	841.33325	0.0	0.0	67.93613	0.0	0.0	496.79623	317.1665	0.0	0.0	0.0	0.0	0.0	175.10132	649.0937	0.0	935.1923	560.0352	0.0	1056.1483	0.0	541.2807	0.0	0.0	0.0	418.0753	0.0	0.0	454.48685	648.1771	0.0	1907.1088	63.78052	0.0	0.0	648.1426	1153.8683	0.0	0.0	172.57295	0.0	0.0	25.083773	1596.4271	0.0	0.0	0.0	263.88718	0.0	0.0	0.0	958.0645	1555.0858	0.0	503.2766	0.0	0.0	235.32051	0.0	119.86749	0.0	0.0	0.0	0.0	0.0	0.0	0.0	516.743	0.0	1018.2708	0.0	0.0	575.711	0.0	0.0
0.0	385.91333	0.0	491.7015	0.0	0.0	58.41023	0.0	0.0	0.0	0.0	56.558853	0.0	0.0	1843.4205	0.0	902.91504	0.0	0.0	983.47394	0.0	0.0	0.0	581.9201	0.0	0.0	826.7581	0.0	0.0	545.9991	0.0	0.0	0.0	0.0	0.0	635.0481	0.0	162.3018	0.0	0.0	517.241	64.082115	821.226	0.0	0.0	0.0	529.72784	655.111	373.55026	0.0	0.0	0.0	0.0	834.5695	0.0	0.0	65.51804	0.0	0.0	496.52988	314.55334	0.0	0.0	0.0	0.0	0.0	173.37506	647.7217	0.0	930.4492	557.09546	0.0	1050.1641	0.0	534.90704	0.0	0.0	0.0	419.0935	0.0	0.0	454.39432	644.56464	0.0	1899.1978	62.248646	0.0	0.0	643.80695	1147.6869	0.0	0.0	170.12932	0.0	0.0	25.346596	1591.1674	0.0	0.0	0.0	260.36298	0.0	0.0	0.0	951.792	1549.2563	0.0	501.3064	0.0	0.0	235.12627	0.0	117.57766	0.0	0.0	0.0	0.0	0.0	0.0	0.0	513.0336	0.0	1013.26605	0.0	0.0	573.7758	0.0	0.0
0.0	384.99796	0.0	494.3674	0.0	0.0	60.33991	0.0	0.0	0.0	0.0	56.74381	0.0	0.0	1851.3872	0.0	905.3237	0.0	0.0	986.48785	0.0	0.0	0.0	585.4709	0.0	0.0	829.967	0.0	0.0	547.5114	0.0	0.0	0.0	0.0	0.0	636.71466	0.0	163.59538	0.0	0.0	518.3649	63.42276	822.7649	0.0	0.0	0.0	532.846	658.28906	375.3113	0.0	0.0	0.0	0.0	837.66095	0.0	0.0	68.08145	0.0	0.0	498.5004	317.75815	0.0	0.0	0.0	0.0	0.0	177.65363	647.5712	0.0	933.4385	559.03687	0.0	1054.708	0.0	536.8069	0.0	0.0	0.0	417.68857	0.0	0.0	456.08667	646.857	0.0	1903.5361	62.768234	0.0	0.0	647.0557	1154.6035	0.0	0.0	170.26646	0.0	0.0	27.377022	1597.4054	0.0	0.0	0.0	260.7891	0.0	0.0	0.0	955.6917	1553.2441	0.0	503.11697	0.0	0.0	236.96104	0.0	118.22036	0.0	0.0	0.0	0.0	0.0	0.0	0.0	515.1749	0.0	1018.2368	0.0	0.0	577.6987	0.0	0.0
0.0	376.9885	0.0	425.7994	0.0	0.0	20.44636	0.0	0.0	0.0	0.0	48.71176	0.0	0.0	1581.9503	0.0	783.4135	0.0	0.0	892.133	0.0	0.0	0.0	488.62485	0.0	0.0	721.42365	0.0	0.0	474.8524	0.0	0.0	0.0	0.0	0.0	581.8359	0.0	133.84682	0.0	0.0	448.2227	53.152943	732.6001	0.0	0.0	0.0	472.26477	569.13995	333.09848	0.0	0.0	0.0	0.0	736.48535	0.0	0.0	58.22032	0.0	0.0	421.61084	257.16754	0.0	0.0	0.0	0.0	0.0	133.1295	578.073	0.0	826.37305	493.1249	0.0	894.3684	0.0	492.30957	0.0	0.0	0.0	381.96997	0.0	0.0	393.3678	574.5356	0.0	1696.7124	62.594013	0.0	0.0	572.38605	979.6284	0.0	0.0	153.00569	0.0	0.0	0.0	1430.6705	0.0	0.0	0.0	201.16072	0.0	0.0	0.0	839.059	1370.3597	0.0	435.94327	0.0	0.0	192.95268	0.0	112.323845	0.0	0.0	0.0	0.0	0.0	0.0	0.0	464.66357	0.0	904.643	0.0	0.0	498.6753	0.0	0.0
0.0	377.54147	0.0	423.94763	0.0	0.0	19.601181	0.0	0.0	0.0	0.0	49.197712	0.0	0.0	1579.351	0.0	782.8443	0.0	0.0	892.01904	0.0	0.0	0.0	487.48874	0.0	0.0	719.47	0.0	0.0	473.6166	0.0	0.0	0.0	0.0	0.0	582.6114	0.0	132.62248	0.0	0.0	447.88647	51.523006	730.6626	0.0	0.0	0.0	472.75684	568.40405	332.6185	0.0	0.0	0.0	0.0	737.5086	0.0	0.0	57.818317	0.0	0.0	419.02197	257.0973	0.0	0.0	0.0	0.0	0.0	130.82298	578.134	0.0	825.7412	493.49655	0.0	892.97296	0.0	493.38406	0.0	0.0	0.0	381.15872	0.0	0.0	391.32446	573.8381	0.0	1695.5114	62.753326	0.0	0.0	571.212	977.3267	0.0	0.0	153.34978	0.0	0.0	0.0	1428.7906	0.0	0.0	0.0	202.36194	0.0	0.0	0.0	839.06244	1368.8516	0.0	435.54538	0.0	0.0	191.58284	0.0	113.188805	0.0	0.0	0.0	0.0	0.0	0.0	0.0	464.98743	0.0	902.8289	0.0	0.0	497.50867	0.0	0.0
0.0	396.13757	0.0	461.5598	0.0	0.0	37.23715	0.0	0.0	0.0	0.0	54.341442	0.0	0.0	1741.98	0.0	854.75287	0.0	0.0	964.2249	0.0	0.0	0.0	538.0136	0.0	0.0	795.7408	0.0	0.0	519.3296	0.0	0.0	0.0	0.0	0.0	613.5712	0.0	138.85725	0.0	0.0	512.13025	48.472885	799.4267	0.0	0.0	0.0	492.5958	620.3381	364.80917	0.0	0.0	0.0	0.0	797.9309	0.0	0.0	47.838238	0.0	0.0	472.13535	280.52515	0.0	0.0	0.0	0.0	0.0	146.33618	642.05927	0.0	899.3169	527.72144	0.0	993.7867	0.0	516.0512	0.0	0.0	0.0	443.31763	0.0	0.0	446.85852	628.8503	0.0	1847.4225	61.87418	0.0	0.0	595.6946	1079.2856	0.0	0.0	172.16454	0.0	0.0	9.567732	1547.1768	0.0	0.0	0.0	220.85057	0.0	0.0	0.0	920.0703	1495.1903	0.0	483.76498	0.0	0.0	218.3808	0.0	98.8726	0.0	0.0	0.0	0.0	0.0	0.0	0.0	498.94205	0.0	978.357	0.0	0.0	544.5461	0.0	0.0
0.0	377.3488	0.0	422.07382	0.0	0.0	19.02858	0.0	0.0	0.0	0.0	48.522106	0.0	0.0	1563.317	0.0	776.85077	0.0	0.0	885.84357	0.0	0.0	0.0	482.90878	0.0	0.0	712.0451	0.0	0.0	469.57053	0.0	0.0	0.0	0.0	0.0	580.64355	0.0	132.70724	0.0	0.0	439.5702	50.730244	722.65985	0.0	0.0	0.0	470.8759	564.96014	329.84552	0.0	0.0	0.0	0.0	732.9113	0.0	0.0	59.48163	0.0	0.0	413.36856	257.12036	0.0	0.0	0.0	0.0	0.0	130.69246	572.2281	0.0	818.97394	490.30518	0.0	884.21466	0.0	492.42496	0.0	0.0	0.0	374.43774	0.0	0.0	386.33765	569.8019	0.0	1679.9371	62.45323	0.0	0.0	571.1586	967.28784	0.0	0.0	151.62878	0.0	0.0	0.0	1417.1852	0.0	0.0	0.0	200.3319	0.0	0.0	0.0	829.57056	1356.2211	0.0	429.86108	0.0	0.0	189.16508	0.0	114.59619	0.0	0.0	0.0	0.0	0.0	0.0	0.0	462.77258	0.0	896.30975	0.0	0.0	493.20447	0.0	0.0
0.0	381.17325	0.0	425.86392	0.0	0.0	21.211578	0.0	0.0	0.0	0.0	48.61209	0.0	0.0	1603.3549	0.0	793.3169	0.0	0.0	900.49274	0.0	0.0	0.0	495.20645	0.0	0.0	728.3444	0.0	0.0	478.2347	0.0	0.0	0.0	0.0	0.0	588.448	0.0	133.78477	0.0	0.0	456.2828	49.230267	738.92596	0.0	0.0	0.0	478.9285	579.0688	336.48233	0.0	0.0	0.0	0.0	747.85626	0.0	0.0	61.178574	0.0	0.0	423.01627	263.04135	0.0	0.0	0.0	0.0	0.0	133.00453	584.32404	0.0	836.0599	498.8861	0.0	907.2498	0.0	501.2526	0.0	0.0	0.0	384.79013	0.0	0.0	396.1559	581.2947	0.0	1712.2006	64.23055	0.0	0.0	579.4372	991.7247	0.0	0.0	155.65977	0.0	0.0	0.0	1440.9349	0.0	0.0	0.0	210.72423	0.0	0.0	0.0	851.42334	1384.7191	0.0	440.37094	0.0	0.0	192.68011	0.0	116.54461	0.0	0.0	0.0	0.0	0.0	0.0	0.0	470.62497	0.0	912.15625	0.0	0.0	502.4919	0.0	0.0
0.0	379.05713	0.0	425.59473	0.0	0.0	20.366968	0.0	0.0	0.0	0.0	48.738956	0.0	0.0	1587.6725	0.0	786.26904	0.0	0.0	893.53296	0.0	0.0	0.0	491.7705	0.0	0.0	723.1591	0.0	0.0	474.23685	0.0	0.0	0.0	0.0	0.0	585.93097	0.0	133.04285	0.0	0.0	449.8628	51.02595	733.0164	0.0	0.0	0.0	474.54504	573.3364	334.5081	0.0	0.0	0.0	0.0	743.49506	0.0	0.0	60.69896	0.0	0.0	421.12952	261.61356	0.0	0.0	0.0	0.0	0.0	132.9929	579.49097	0.0	829.6101	496.84604	0.0	899.2238	0.0	496.92685	0.0	0.0	0.0	381.52432	0.0	0.0	393.6351	577.07733	0.0	1697.7806	62.273804	0.0	0.0	575.2253	983.2277	0.0	0.0	153.92195	0.0	0.0	0.0	1430.8331	0.0	0.0	0.0	206.46129	0.0	0.0	0.0	843.17694	1373.7711	0.0	434.27698	0.0	0.0	191.39111	0.0	114.260284	0.0	0.0	0.0	0.0	0.0	0.0	0.0	468.59256	0.0	906.0551	0.0	0.0	498.78842	0.0	0.0
0.0	377.4872	0.0	422.06528	0.0	0.0	20.538208	0.0	0.0	0.0	0.0	49.181675	0.0	0.0	1580.107	0.0	781.30804	0.0	0.0	889.09357	0.0	0.0	0.0	487.6002	0.0	0.0	719.69147	0.0	0.0	471.2687	0.0	0.0	0.0	0.0	0.0	580.6217	0.0	131.21191	0.0	0.0	450.68295	51.764805	730.55145	0.0	0.0	0.0	469.35025	569.04395	333.6429	0.0	0.0	0.0	0.0	738.31964	0.0	0.0	60.188446	0.0	0.0	421.00366	257.56046	0.0	0.0	0.0	0.0	0.0	131.91612	578.14435	0.0	823.74347	492.82687	0.0	893.73236	0.0	491.48386	0.0	0.0	0.0	383.37308	0.0	0.0	393.9534	573.35443	0.0	1692.6671	61.63872	0.0	0.0	567.65845	977.7422	0.0	0.0	153.66435	0.0	0.0	0.0	1424.186	0.0	0.0	0.0	203.33002	0.0	0.0	0.0	839.62335	1367.2812	0.0	432.24893	0.0	0.0	191.76826	0.0	110.68351	0.0	0.0	0.0	0.0	0.0	0.0	0.0	465.35007	0.0	900.4632	0.0	0.0	495.27063	0.0	0.0
0.0	377.4397	0.0	422.1368	0.0	0.0	19.562693	0.0	0.0	0.0	0.0	48.540745	0.0	0.0	1569.1644	0.0	778.22833	0.0	0.0	888.12396	0.0	0.0	0.0	483.49496	0.0	0.0	714.4158	0.0	0.0	471.73935	0.0	0.0	0.0	0.0	0.0	579.82465	0.0	132.05183	0.0	0.0	443.16357	51.379795	726.3074	0.0	0.0	0.0	470.77347	566.0229	331.16663	0.0	0.0	0.0	0.0	733.3438	0.0	0.0	58.66154	0.0	0.0	414.9889	255.37788	0.0	0.0	0.0	0.0	0.0	129.80376	574.9664	0.0	821.6368	490.0007	0.0	886.2684	0.0	492.67676	0.0	0.0	0.0	378.08826	0.0	0.0	387.95126	571.69476	0.0	1686.8766	63.309734	0.0	0.0	570.25934	970.2312	0.0	0.0	152.64696	0.0	0.0	0.0	1421.7711	0.0	0.0	0.0	199.34857	0.0	0.0	0.0	832.6133	1360.8055	0.0	433.43323	0.0	0.0	190.92535	0.0	112.83958	0.0	0.0	0.0	0.0	0.0	0.0	0.0	462.20508	0.0	899.628	0.0	0.0	493.87265	0.0	0.0
0.0	376.83102	0.0	422.50235	0.0	0.0	18.609472	0.0	0.0	0.0	0.0	48.316288	0.0	0.0	1562.4497	0.0	776.853	0.0	0.0	886.62555	0.0	0.0	0.0	483.408	0.0	0.0	713.4328	0.0	0.0	470.5988	0.0	0.0	0.0	0.0	0.0	580.8127	0.0	131.6338	0.0	0.0	439.18127	51.351437	723.3549	0.0	0.0	0.0	470.71448	564.86786	330.32422	0.0	0.0	0.0	0.0	732.93634	0.0	0.0	58.779194	0.0	0.0	413.51282	256.5225	0.0	0.0	0.0	0.0	0.0	130.50883	572.2309	0.0	819.7746	490.9609	0.0	883.74493	0.0	492.74014	0.0	0.0	0.0	375.5566	0.0	0.0	385.66818	570.3051	0.0	1680.7369	62.256805	0.0	0.0	571.47095	967.3357	0.0	0.0	150.9406	0.0	0.0	0.0	1418.604	0.0	0.0	0.0	198.51695	0.0	0.0	0.0	829.7498	1357.3984	0.0	430.86343	0.0	0.0	190.14001	0.0	113.67313	0.0	0.0	0.0	0.0	0.0	0.0	0.0	462.5461	0.0	898.0305	0.0	0.0	493.02942	0.0	0.0
0.0	383.14774	0.0	432.36063	0.0	0.0	21.14002	0.0	0.0	0.0	0.0	50.35022	0.0	0.0	1607.5905	0.0	795.2408	0.0	0.0	905.416	0.0	0.0	0.0	497.59998	0.0	0.0	733.4963	0.0	0.0	481.63455	0.0	0.0	0.0	0.0	0.0	590.31757	0.0	134.9533	0.0	0.0	456.52466	53.008068	744.82666	0.0	0.0	0.0	476.51196	578.1119	339.8284	0.0	0.0	0.0	0.0	749.42584	0.0	0.0	58.06294	0.0	0.0	429.84668	261.87375	0.0	0.0	0.0	0.0	0.0	134.48036	589.2837	0.0	838.3537	499.89307	0.0	909.96124	0.0	498.5529	0.0	0.0	0.0	391.2028	0.0	0.0	401.90903	584.7732	0.0	1723.5651	62.059814	0.0	0.0	577.3345	994.60724	0.0	0.0	155.88316	0.0	0.0	0.0	1452.9281	0.0	0.0	0.0	204.25739	0.0	0.0	0.0	852.858	1391.686	0.0	441.68237	0.0	0.0	195.43556	0.0	111.33175	0.0	0.0	0.0	0.0	0.0	0.0	0.0	473.38028	0.0	917.03156	0.0	0.0	506.1296	0.0	0.0
0.0	383.32712	0.0	442.9149	0.0	0.0	23.779894	0.0	0.0	0.0	0.0	55.332157	0.0	0.0	1617.8951	0.0	799.66455	0.0	0.0	909.78204	0.0	0.0	0.0	501.09683	0.0	0.0	739.0562	0.0	0.0	489.1735	0.0	0.0	0.0	0.0	0.0	587.84576	0.0	109.82186	0.0	0.0	460.19153	52.900898	742.4985	0.0	0.0	0.0	467.1709	573.9341	351.04434	0.0	0.0	0.0	0.0	764.6538	0.0	0.0	53.98379	0.0	0.0	428.2012	274.50052	0.0	0.0	0.0	0.0	0.0	128.758	594.6282	0.0	834.9424	506.51895	0.0	923.6255	0.0	493.66895	0.0	0.0	0.0	396.71323	0.0	0.0	397.98706	590.1901	0.0	1732.4248	55.621338	0.0	0.0	572.1557	1000.0073	0.0	0.0	145.97987	0.0	0.0	9.910621	1455.183	0.0	0.0	0.0	203.29958	0.0	0.0	0.0	862.1575	1400.665	0.0	440.03152	0.0	0.0	210.08647	0.0	102.702934	0.0	0.0	0.0	0.0	0.0	0.0	0.0	476.95944	0.0	913.67236	0.0	0.0	505.6802	0.0	0.0
0.0	380.5377	0.0	427.09595	0.0	0.0	20.347155	0.0	0.0	0.0	0.0	49.83846	0.0	0.0	1595.7471	0.0	789.0417	0.0	0.0	897.81445	0.0	0.0	0.0	493.60388	0.0	0.0	726.3045	0.0	0.0	476.72183	0.0	0.0	0.0	0.0	0.0	586.42365	0.0	133.26335	0.0	0.0	454.00656	52.49336	738.0379	0.0	0.0	0.0	474.06296	575.1645	337.64996	0.0	0.0	0.0	0.0	745.69684	0.0	0.0	59.696503	0.0	0.0	425.61108	260.47528	0.0	0.0	0.0	0.0	0.0	132.69362	584.7573	0.0	831.9033	496.89426	0.0	903.1255	0.0	495.99496	0.0	0.0	0.0	386.68384	0.0	0.0	398.31836	579.86066	0.0	1708.4059	62.102367	0.0	0.0	572.63776	986.74115	0.0	0.0	155.04195	0.0	0.0	0.0	1438.1959	0.0	0.0	0.0	205.83672	0.0	0.0	0.0	846.05743	1379.5127	0.0	436.28564	0.0	0.0	192.42847	0.0	110.80482	0.0	0.0	0.0	0.0	0.0	0.0	0.0	470.46143	0.0	909.0789	0.0	0.0	500.251	0.0	0.0
0.0	384.13193	0.0	435.8297	0.0	0.0	24.503336	0.0	0.0	0.0	0.0	50.334095	0.0	0.0	1633.6841	0.0	806.9472	0.0	0.0	917.0866	0.0	0.0	0.0	504.05704	0.0	0.0	743.6587	0.0	0.0	489.62427	0.0	0.0	0.0	0.0	0.0	594.1525	0.0	137.31194	0.0	0.0	467.1028	52.72157	753.9987	0.0	0.0	0.0	483.76602	585.7867	342.30435	0.0	0.0	0.0	0.0	756.6995	0.0	0.0	55.707653	0.0	0.0	435.47623	264.61392	0.0	0.0	0.0	0.0	0.0	134.73997	597.86365	0.0	848.9702	504.4984	0.0	924.4565	0.0	503.98413	0.0	0.0	0.0	397.12582	0.0	0.0	407.06754	591.4915	0.0	1746.6782	63.886322	0.0	0.0	583.27936	1010.16846	0.0	0.0	157.69281	0.0	0.0	0.0	1470.4952	0.0	0.0	0.0	209.85498	0.0	0.0	0.0	866.5188	1410.2499	0.0	452.23044	0.0	0.0	198.99194	0.0	114.73196	0.0	0.0	0.0	0.0	0.0	0.0	0.0	475.68106	0.0	927.26807	0.0	0.0	514.08514	0.0	0.0
0.0	376.98413	0.0	424.69373	0.0	0.0	20.048986	0.0	0.0	0.0	0.0	49.041767	0.0	0.0	1573.8304	0.0	780.37494	0.0	0.0	890.40137	0.0	0.0	0.0	484.91806	0.0	0.0	717.4733	0.0	0.0	474.45493	0.0	0.0	0.0	0.0	0.0	580.4975	0.0	133.20953	0.0	0.0	444.5	52.293533	728.32	0.0	0.0	0.0	471.817	566.6517	331.75778	0.0	0.0	0.0	0.0	734.53485	0.0	0.0	57.045383	0.0	0.0	417.08044	255.67818	0.0	0.0	0.0	0.0	0.0	130.72452	577.21484	0.0	823.6351	490.57303	0.0	889.45575	0.0	492.3671	0.0	0.0	0.0	379.06226	0.0	0.0	389.0455	573.3153	0.0	1691.7728	63.33994	0.0	0.0	570.8725	973.0146	0.0	0.0	152.97845	0.0	0.0	0.0	1426.3109	0.0	0.0	0.0	199.22563	0.0	0.0	0.0	835.2961	1364.276	0.0	435.99655	0.0	0.0	191.72704	0.0	113.0646	0.0	0.0	0.0	0.0	0.0	0.0	0.0	462.42368	0.0	901.81104	0.0	0.0	496.23398	0.0	0.0
0.0	375.61023	0.0	419.94467	0.0	0.0	20.266912	0.0	0.0	0.0	0.0	48.27333	0.0	0.0	1566.3102	0.0	776.80255	0.0	0.0	883.96844	0.0	0.0	0.0	483.39474	0.0	0.0	713.531	0.0	0.0	468.98837	0.0	0.0	0.0	0.0	0.0	577.9052	0.0	131.32874	0.0	0.0	444.19498	50.692173	723.82404	0.0	0.0	0.0	468.84366	565.3912	330.0011	0.0	0.0	0.0	0.0	732.5643	0.0	0.0	59.417816	0.0	0.0	414.98694	256.3983	0.0	0.0	0.0	0.0	0.0	130.30354	573.00867	0.0	818.8379	489.86618	0.0	886.22784	0.0	490.801	0.0	0.0	0.0	377.1154	0.0	0.0	388.1639	569.37286	0.0	1679.9536	62.21053	0.0	0.0	568.0621	969.5435	0.0	0.0	152.12798	0.0	0.0	0.0	1414.9459	0.0	0.0	0.0	201.63246	0.0	0.0	0.0	831.88605	1357.0382	0.0	430.19174	0.0	0.0	190.03209	0.0	112.70306	0.0	0.0	0.0	0.0	0.0	0.0	0.0	461.64136	0.0	895.18286	0.0	0.0	492.30978	0.0	0.0
0.0	378.96558	0.0	426.02673	0.0	0.0	20.86431	0.0	0.0	0.0	0.0	48.89278	0.0	0.0	1578.5814	0.0	783.4797	0.0	0.0	894.8355	0.0	0.0	0.0	486.6091	0.0	0.0	720.23175	0.0	0.0	475.70752	0.0	0.0	0.0	0.0	0.0	582.74524	0.0	133.63771	0.0	0.0	445.59598	51.9375	729.863	0.0	0.0	0.0	474.19888	568.4371	332.18	0.0	0.0	0.0	0.0	737.5042	0.0	0.0	57.488144	0.0	0.0	418.2798	257.7076	0.0	0.0	0.0	0.0	0.0	131.37953	578.4788	0.0	826.07715	493.3683	0.0	892.5239	0.0	495.05322	0.0	0.0	0.0	379.52625	0.0	0.0	390.6119	574.4657	0.0	1697.8759	63.317215	0.0	0.0	573.7861	977.1983	0.0	0.0	153.08745	0.0	0.0	0.0	1431.57	0.0	0.0	0.0	199.72502	0.0	0.0	0.0	838.0184	1370.0776	0.0	436.10202	0.0	0.0	193.0998	0.0	113.920815	0.0	0.0	0.0	0.0	0.0	0.0	0.0	464.11182	0.0	904.61053	0.0	0.0	498.2183	0.0	0.0
0.0	379.5059	0.0	427.1377	0.0	0.0	20.043814	0.0	0.0	0.0	0.0	49.969746	0.0	0.0	1594.1493	0.0	787.41876	0.0	0.0	895.6826	0.0	0.0	0.0	493.86038	0.0	0.0	726.913	0.0	0.0	474.6218	0.0	0.0	0.0	0.0	0.0	585.6899	0.0	133.37903	0.0	0.0	454.54346	52.53018	737.4283	0.0	0.0	0.0	472.54532	573.6861	336.92453	0.0	0.0	0.0	0.0	744.22626	0.0	0.0	59.82927	0.0	0.0	425.85388	259.50305	0.0	0.0	0.0	0.0	0.0	133.884	582.09656	0.0	831.39276	497.04858	0.0	901.70685	0.0	494.45703	0.0	0.0	0.0	387.34482	0.0	0.0	398.64575	578.3098	0.0	1706.9326	61.931713	0.0	0.0	572.2093	987.50635	0.0	0.0	155.10313	0.0	0.0	0.0	1437.7025	0.0	0.0	0.0	204.04619	0.0	0.0	0.0	846.6927	1379.6573	0.0	435.59366	0.0	0.0	193.35387	0.0	110.064964	0.0	0.0	0.0	0.0	0.0	0.0	0.0	469.81885	0.0	909.05347	0.0	0.0	500.69727	0.0	0.0
0.0	375.14175	0.0	419.5734	0.0	0.0	19.31278	0.0	0.0	0.0	0.0	47.95926	0.0	0.0	1558.7924	0.0	774.0164	0.0	0.0	881.925	0.0	0.0	0.0	481.683	0.0	0.0	711.26447	0.0	0.0	468.1766	0.0	0.0	0.0	0.0	0.0	578.1231	0.0	130.09766	0.0	0.0	440.46094	50.000042	721.4522	0.0	0.0	0.0	467.8418	563.2488	329.2499	0.0	0.0	0.0	0.0	731.25244	0.0	0.0	59.37409	0.0	0.0	412.94193	255.97688	0.0	0.0	0.0	0.0	0.0	130.69075	570.49884	0.0	817.21533	489.5084	0.0	882.2939	0.0	490.52686	0.0	0.0	0.0	374.6398	0.0	0.0	385.18277	568.3589	0.0	1673.0938	61.355526	0.0	0.0	568.30585	964.81976	0.0	0.0	150.94331	0.0	0.0	0.0	1411.2638	0.0	0.0	0.0	199.75807	0.0	0.0	0.0	829.06836	1352.6185	0.0	428.20093	0.0	0.0	189.38884	0.0	113.13911	0.0	0.0	0.0	0.0	0.0	0.0	0.0	461.33762	0.0	894.3566	0.0	0.0	491.08322	0.0	0.0
0.0	377.08286	0.0	421.5284	0.0	0.0	20.277008	0.0	0.0	0.0	0.0	48.67337	0.0	0.0	1572.922	0.0	778.6362	0.0	0.0	887.471	0.0	0.0	0.0	486.1962	0.0	0.0	717.62695	0.0	0.0	470.25784	0.0	0.0	0.0	0.0	0.0	579.2615	0.0	130.02693	0.0	0.0	448.14893	50.750927	728.9512	0.0	0.0	0.0	467.51318	566.90216	333.15366	0.0	0.0	0.0	0.0	735.48193	0.0	0.0	58.917156	0.0	0.0	419.1714	256.50424	0.0	0.0	0.0	0.0	0.0	130.67195	576.3985	0.0	821.3938	490.5553	0.0	890.01953	0.0	490.62338	0.0	0.0	0.0	382.6796	0.0	0.0	392.50308	572.321	0.0	1687.3143	61.150085	0.0	0.0	566.26514	973.10034	0.0	0.0	152.57881	0.0	0.0	0.0	1421.4652	0.0	0.0	0.0	200.50945	0.0	0.0	0.0	835.8665	1363.229	0.0	431.30945	0.0	0.0	190.93172	0.0	110.553185	0.0	0.0	0.0	0.0	0.0	0.0	0.0	464.295	0.0	898.4158	0.0	0.0	493.9512	0.0	0.0
0.0	379.31458	0.0	427.72397	0.0	0.0	20.589334	0.0	0.0	0.0	0.0	49.770233	0.0	0.0	1582.9791	0.0	784.54144	0.0	0.0	896.99756	0.0	0.0	0.0	487.19922	0.0	0.0	721.43115	0.0	0.0	477.25577	0.0	0.0	0.0	0.0	0.0	582.44025	0.0	133.68413	0.0	0.0	447.93005	53.460827	733.778	0.0	0.0	0.0	472.6294	567.97723	334.51993	0.0	0.0	0.0	0.0	737.15424	0.0	0.0	55.504425	0.0	0.0	421.34042	256.38168	0.0	0.0	0.0	0.0	0.0	130.382	582.2369	0.0	826.7802	491.9989	0.0	894.331	0.0	492.86313	0.0	0.0	0.0	384.64902	0.0	0.0	393.97507	576.81335	0.0	1704.5414	62.760098	0.0	0.0	571.00665	977.9517	0.0	0.0	153.82271	0.0	0.0	0.0	1436.5765	0.0	0.0	0.0	198.30846	0.0	0.0	0.0	839.3133	1372.6182	0.0	439.11252	0.0	0.0	193.54657	0.0	111.50417	0.0	0.0	0.0	0.0	0.0	0.0	0.0	464.97867	0.0	905.94824	0.0	0.0	499.4216	0.0	0.0
0.0	383.44373	0.0	432.4238	0.0	0.0	22.033274	0.0	0.0	0.0	0.0	51.622726	0.0	0.0	1609.8802	0.0	793.2072	0.0	0.0	907.9471	0.0	0.0	0.0	494.40466	0.0	0.0	733.96387	0.0	0.0	482.22122	0.0	0.0	0.0	0.0	0.0	584.94696	0.0	134.47586	0.0	0.0	463.20053	55.9381	748.9787	0.0	0.0	0.0	471.9207	574.1638	341.36694	0.0	0.0	0.0	0.0	744.7238	0.0	0.0	54.164967	0.0	0.0	433.3038	254.9972	0.0	0.0	0.0	0.0	0.0	130.442	595.31036	0.0	836.5395	494.5201	0.0	909.1298	0.0	492.61954	0.0	0.0	0.0	400.45288	0.0	0.0	408.46774	585.12134	0.0	1734.3994	63.16617	0.0	0.0	567.6117	994.35785	0.0	0.0	159.39594	0.0	0.0	0.0	1456.9746	0.0	0.0	0.0	198.39941	0.0	0.0	0.0	853.77563	1392.9645	0.0	445.38663	0.0	0.0	198.1432	0.0	104.40348	0.0	0.0	0.0	0.0	0.0	0.0	0.0	470.24722	0.0	915.9539	0.0	0.0	505.51334	0.0	0.0
0.0	375.69083	0.0	420.5879	0.0	0.0	19.813208	0.0	0.0	0.0	0.0	48.099075	0.0	0.0	1559.9547	0.0	774.4905	0.0	0.0	883.02374	0.0	0.0	0.0	482.6708	0.0	0.0	712.18	0.0	0.0	468.06665	0.0	0.0	0.0	0.0	0.0	578.0466	0.0	130.7533	0.0	0.0	440.8673	51.066082	722.30664	0.0	0.0	0.0	467.19543	563.4334	329.74753	0.0	0.0	0.0	0.0	731.0975	0.0	0.0	58.32078	0.0	0.0	414.40146	255.23811	0.0	0.0	0.0	0.0	0.0	130.28102	571.6261	0.0	816.83124	488.76767	0.0	882.0945	0.0	489.98624	0.0	0.0	0.0	377.16928	0.0	0.0	387.07626	569.1226	0.0	1676.4761	61.157547	0.0	0.0	567.23145	965.7622	0.0	0.0	151.20744	0.0	0.0	0.0	1413.6373	0.0	0.0	0.0	197.80682	0.0	0.0	0.0	828.5823	1354.2539	0.0	428.84805	0.0	0.0	189.80396	0.0	111.85193	0.0	0.0	0.0	0.0	0.0	0.0	0.0	461.54346	0.0	895.064	0.0	0.0	491.41928	0.0	0.0
0.0	377.09668	0.0	425.70798	0.0	0.0	21.056025	0.0	0.0	0.0	0.0	49.058685	0.0	0.0	1570.71	0.0	779.0162	0.0	0.0	891.3742	0.0	0.0	0.0	483.78592	0.0	0.0	717.02374	0.0	0.0	474.4879	0.0	0.0	0.0	0.0	0.0	579.25745	0.0	132.36339	0.0	0.0	443.75696	52.85138	727.8859	0.0	0.0	0.0	470.163	564.2276	331.81412	0.0	0.0	0.0	0.0	732.6777	0.0	0.0	55.695934	0.0	0.0	417.35446	254.68901	0.0	0.0	0.0	0.0	0.0	130.08553	577.7041	0.0	822.28973	489.39487	0.0	887.49786	0.0	491.60873	0.0	0.0	0.0	381.09195	0.0	0.0	390.00772	573.2897	0.0	1692.6725	62.815235	0.0	0.0	569.4236	971.71625	0.0	0.0	153.3468	0.0	0.0	0.0	1427.1586	0.0	0.0	0.0	195.44237	0.0	0.0	0.0	833.584	1363.5511	0.0	436.48108	0.0	0.0	193.55377	0.0	111.22871	0.0	0.0	0.0	0.0	0.0	0.0	0.0	461.27933	0.0	901.9229	0.0	0.0	495.85168	0.0	0.0
0.0	374.11398	0.0	419.06577	0.0	0.0	19.426432	0.0	0.0	0.0	0.0	47.052593	0.0	0.0	1561.0739	0.0	775.84576	0.0	0.0	882.35455	0.0	0.0	0.0	482.61032	0.0	0.0	710.6906	0.0	0.0	468.6244	0.0	0.0	0.0	0.0	0.0	579.0517	0.0	131.1595	0.0	0.0	439.3977	49.506298	719.9243	0.0	0.0	0.0	471.96115	564.9573	327.6051	0.0	0.0	0.0	0.0	732.1596	0.0	0.0	60.695896	0.0	0.0	410.55014	258.04	0.0	0.0	0.0	0.0	0.0	130.80577	568.6122	0.0	818.2596	491.0299	0.0	883.1009	0.0	493.4017	0.0	0.0	0.0	370.82846	0.0	0.0	382.03906	567.75616	0.0	1672.6855	62.613384	0.0	0.0	572.73145	966.67303	0.0	0.0	150.84291	0.0	0.0	0.0	1410.6113	0.0	0.0	0.0	203.36989	0.0	0.0	0.0	828.98944	1352.9962	0.0	429.6221	0.0	0.0	188.67284	0.0	117.09574	0.0	0.0	0.0	0.0	0.0	0.0	0.0	460.7316	0.0	894.7044	0.0	0.0	491.04666	0.0	0.0
0.0	388.39603	0.0	453.1271	0.0	0.0	36.335316	0.0	0.0	0.0	0.0	54.063416	0.0	0.0	1703.6393	0.0	834.59064	0.0	0.0	941.8723	0.0	0.0	0.0	528.0096	0.0	0.0	772.6497	0.0	0.0	507.39413	0.0	0.0	0.0	0.0	0.0	604.231	0.0	141.62471	0.0	0.0	494.89352	52.465454	780.74274	0.0	0.0	0.0	489.86392	606.8313	356.163	0.0	0.0	0.0	0.0	784.23926	0.0	0.0	53.17436	0.0	0.0	460.02722	275.54175	0.0	0.0	0.0	0.0	0.0	141.22757	623.9219	0.0	874.3437	517.281	0.0	968.80225	0.0	508.931	0.0	0.0	0.0	421.28174	0.0	0.0	432.29678	612.4671	0.0	1803.8829	61.44939	0.0	0.0	588.29877	1053.5228	0.0	0.0	165.96747	0.0	0.0	12.821801	1514.2953	0.0	0.0	0.0	221.86491	0.0	0.0	0.0	899.0651	1457.485	0.0	467.61716	0.0	0.0	210.36247	0.0	107.084435	0.0	0.0	0.0	0.0	0.0	0.0	0.0	490.70383	0.0	952.23486	0.0	0.0	533.546	0.0	0.0
0.0	389.31186	0.0	526.4649	0.0	0.0	71.16818	0.0	0.0	0.0	0.0	67.62529	0.0	0.0	1950.0586	0.0	956.2581	0.0	0.0	1018.28326	0.0	0.0	0.0	626.9284	0.0	0.0	874.6336	0.0	0.0	576.0756	0.0	0.0	0.0	0.0	0.0	660.9672	0.0	172.31389	0.0	0.0	531.08307	72.13999	856.66406	0.0	0.0	0.0	556.3127	695.1851	392.05078	0.0	0.0	0.0	0.0	878.0166	0.0	0.0	72.271286	0.0	0.0	528.7375	340.2803	0.0	0.0	0.0	0.0	0.0	201.42778	677.733	0.0	981.7845	585.91016	0.0	1113.0809	0.0	550.7714	0.061239827	0.0	0.0	425.59988	0.0	0.0	477.10873	672.37866	0.0	1979.081	59.750446	0.0	0.0	674.1879	1226.254	0.0	0.0	175.69331	0.0	0.0	36.401516	1660.5072	0.0	0.0	0.0	282.01767	0.0	0.0	0.0	993.8	1628.4901	0.0	529.85645	0.0	0.0	253.30865	0.0	115.70632	0.0	0.0	0.0	0.0	0.0	0.0	0.0	532.215	0.0	1071.5966	0.0	0.0	609.58	0.0	0.0
0.0	389.88464	0.0	520.1433	0.0	0.0	68.23795	0.0	0.0	0.0	0.0	65.312706	0.0	0.0	1925.8008	0.0	945.0324	0.0	0.0	1012.469	0.0	0.0	0.0	617.58905	0.0	0.0	865.05005	0.0	0.0	570.4304	0.0	0.0	0.0	0.0	0.0	658.2491	0.0	169.43898	0.0	0.0	526.9924	70.16772	849.5545	0.0	0.0	0.0	552.1552	687.3401	389.29422	0.0	0.0	0.0	0.0	872.31104	0.0	0.0	70.91372	0.0	0.0	520.943	336.8823	0.0	0.0	0.0	0.0	0.0	195.33093	670.76025	0.0	972.1325	582.8471	0.0	1099.6278	0.0	550.7629	0.0	0.0	0.0	421.71045	0.0	0.0	470.6818	667.7698	0.0	1960.7534	59.78236	0.0	0.0	668.77136	1208.5006	0.0	0.0	173.64069	0.0	0.0	34.54573	1646.6387	0.0	0.0	0.0	277.39758	0.0	0.0	0.0	984.6337	1610.7777	0.0	520.0493	0.0	0.0	247.75256	0.0	117.89154	0.0	0.0	0.0	0.0	0.0	0.0	0.0	530.3755	0.0	1060.4917	0.0	0.0	601.7942	0.0	0.0
0.0	413.92505	0.0	505.03653	0.0	0.0	60.529613	0.0	0.0	0.0	0.0	58.57073	0.0	0.0	1973.7051	0.0	970.53467	0.0	0.0	1036.9669	0.0	0.0	0.0	622.8724	0.0	0.0	860.3884	0.0	0.0	570.56244	0.0	0.0	0.0	0.0	0.0	687.3262	0.0	170.09265	0.0	0.0	542.4195	49.840366	847.3867	0.0	0.0	0.0	589.5406	723.3357	388.18973	0.0	0.0	0.0	0.0	916.1792	0.0	0.0	98.77723	0.0	0.0	498.95752	364.32507	0.0	0.0	0.0	0.0	0.0	188.16142	671.0947	0.0	993.39374	603.95807	0.0	1128.7207	0.0	604.8123	0.0	0.0	0.0	399.71054	0.0	0.0	451.55405	685.19574	0.0	1982.6293	75.819984	0.0	0.0	717.0137	1223.4259	0.0	0.0	185.02258	0.0	0.0	29.928331	1646.0028	0.0	0.0	0.0	325.17633	0.0	0.0	0.0	1016.09766	1630.2836	0.0	518.7454	0.0	0.0	239.03062	0.0	156.06964	0.0	0.0	0.0	0.0	0.0	0.0	0.0	555.4065	0.0	1073.3063	0.0	0.0	596.5298	0.0	0.0
0.0	385.7264	0.0	473.3959	0.0	0.0	40.866665	0.0	0.0	0.0	0.0	52.336395	0.0	0.0	1761.7109	0.0	862.6377	0.0	0.0	959.7966	0.0	0.0	0.0	554.2732	0.0	0.0	793.44385	0.0	0.0	521.8711	0.0	0.0	0.0	0.0	0.0	622.2986	0.0	157.05818	0.0	0.0	495.14084	62.772106	795.3816	0.0	0.0	0.0	513.0269	628.1049	360.22266	0.0	0.0	0.0	0.0	805.94904	0.0	0.0	59.628513	0.0	0.0	473.56274	298.74844	0.0	0.0	0.0	0.0	0.0	159.23805	623.50854	0.0	898.17926	538.6086	0.0	1001.81274	0.0	524.9985	0.0	0.0	0.0	408.36136	0.0	0.0	436.1582	624.9954	0.0	1841.8677	63.878315	0.0	0.0	623.36115	1094.9398	0.0	0.0	166.46156	0.0	0.0	14.16932	1545.2183	0.0	0.0	0.0	240.20158	0.0	0.0	0.0	917.0591	1496.038	0.0	478.73984	0.0	0.0	219.67769	0.0	117.45838	0.0	0.0	0.0	0.0	0.0	0.0	0.0	500.0214	0.0	977.937	0.0	0.0	550.7044	0.0	0.0
0.0	384.3596	0.0	467.8948	0.0	0.0	36.875927	0.0	0.0	0.0	0.0	51.029007	0.0	0.0	1737.3353	0.0	852.18994	0.0	0.0	951.8443	0.0	0.0	0.0	546.0341	0.0	0.0	785.13043	0.0	0.0	514.9039	0.0	0.0	0.0	0.0	0.0	618.86115	0.0	154.59698	0.0	0.0	488.58377	61.69586	786.99725	0.0	0.0	0.0	508.24036	620.7964	356.35098	0.0	0.0	0.0	0.0	796.97	0.0	0.0	59.330845	0.0	0.0	466.8755	294.68695	0.0	0.0	0.0	0.0	0.0	156.1298	616.63385	0.0	889.8951	533.89594	0.0	988.45636	0.0	521.9143	0.0	0.0	0.0	404.35037	0.0	0.0	429.9669	619.0784	0.0	1822.5104	62.85805	0.0	0.0	618.08905	1079.5319	0.0	0.0	163.7348	0.0	0.0	10.884017	1530.8315	0.0	0.0	0.0	234.63481	0.0	0.0	0.0	906.3428	1480.4303	0.0	472.2889	0.0	0.0	215.60138	0.0	118.261986	0.0	0.0	0.0	0.0	0.0	0.0	0.0	496.5376	0.0	968.6323	0.0	0.0	544.3665	0.0	0.0
0.0	387.66586	0.0	496.63193	0.0	0.0	55.408855	0.0	0.0	0.0	0.0	57.63812	0.0	0.0	1844.6158	0.0	901.8459	0.0	0.0	989.04364	0.0	0.0	0.0	582.9766	0.0	0.0	828.2293	0.0	0.0	547.47015	0.0	0.0	0.0	0.0	0.0	639.1143	0.0	164.18411	0.0	0.0	515.66626	67.172676	825.1823	0.0	0.0	0.0	531.16046	655.29755	376.06827	0.0	0.0	0.0	0.0	837.50934	0.0	0.0	61.84668	0.0	0.0	498.19107	313.95377	0.0	0.0	0.0	0.0	0.0	174.09608	649.3952	0.0	933.08075	559.0754	0.0	1051.1027	0.0	535.54047	0.0	0.0	0.0	420.9686	0.0	0.0	456.62778	647.1527	0.0	1907.5453	62.979477	0.0	0.0	643.90356	1148.6146	0.0	0.0	171.43945	0.0	0.0	23.715055	1599.7095	0.0	0.0	0.0	256.09882	0.0	0.0	0.0	951.5405	1553.5234	0.0	501.27444	0.0	0.0	234.5244	0.0	115.870056	0.0	0.0	0.0	0.0	0.0	0.0	0.0	515.1216	0.0	1017.4349	0.0	0.0	576.44934	0.0	0.0
0.0	390.86386	0.0	523.14307	0.0	0.0	70.189926	0.0	0.0	0.0	0.0	66.88355	0.0	0.0	1940.5035	0.0	951.92163	0.0	0.0	1016.4598	0.0	0.0	0.0	622.0054	0.0	0.0	868.98584	0.0	0.0	573.5086	0.0	0.0	0.0	0.0	0.0	659.37067	0.0	171.01982	0.0	0.0	528.8278	71.139656	852.9306	0.0	0.0	0.0	555.40216	691.60205	390.17456	0.0	0.0	0.0	0.0	875.60834	0.0	0.0	73.05623	0.0	0.0	523.51074	338.41357	0.0	0.0	0.0	0.0	0.0	197.26941	674.55194	0.0	977.0208	584.1311	0.0	1107.694	0.0	551.8343	0.68755203	0.0	0.0	423.57944	0.0	0.0	472.75858	670.99115	0.0	1973.2173	61.090374	0.0	0.0	672.59174	1217.8071	0.0	0.0	176.30621	0.0	0.0	36.379032	1653.5189	0.0	0.0	0.0	280.9935	0.0	0.0	0.0	989.8545	1619.693	0.0	526.1325	0.0	0.0	250.84485	0.0	116.67295	0.0	0.0	0.0	0.0	0.0	0.0	0.0	531.2343	0.0	1066.8496	0.0	0.0	604.31805	0.0	0.0
0.0	479.05374	0.0	517.4993	0.0	0.0	63.234882	0.0	0.0	0.0	0.0	67.32464	0.0	0.0	2204.3552	0.0	1102.1907	0.0	0.0	1134.8384	0.0	0.0	0.0	690.1345	0.0	0.0	912.9328	0.0	0.0	602.25946	0.0	0.0	0.0	0.0	0.0	792.18085	0.0	178.0988	0.0	0.0	595.61127	16.881443	885.30475	0.0	57.15832	0.0	702.1482	854.6582	417.08762	0.0	0.0	0.0	0.0	1064.1439	0.0	0.0	181.15303	0.0	0.0	489.0859	458.29062	0.0	0.0	0.0	0.0	0.0	196.8586	717.46454	0.0	1109.7875	694.25635	0.0	1263.8127	0.0	746.91486	0.0	0.0	0.0	349.05338	0.0	0.0	441.3092	759.3367	0.0	2123.5242	104.55444	0.0	0.0	854.36554	1350.3423	0.0	0.0	209.19518	0.0	0.0	31.552626	1727.2467	0.0	0.0	0.0	457.62552	0.0	0.0	0.0	1133.5833	1772.3439	0.0	540.1055	0.0	0.0	241.84474	0.0	236.93867	0.0	0.0	0.0	0.0	0.0	0.0	0.0	637.45465	0.0	1175.0327	0.0	0.0	621.0249	0.0	0.0
0.0	390.06677	0.0	479.47485	0.0	0.0	44.148746	0.0	0.0	0.0	0.0	52.26256	0.0	0.0	1788.4921	0.0	876.31805	0.0	0.0	972.3947	0.0	0.0	0.0	562.9148	0.0	0.0	804.408	0.0	0.0	530.2915	0.0	0.0	0.0	0.0	0.0	631.6778	0.0	159.58086	0.0	0.0	501.6753	61.112522	804.2776	0.0	0.0	0.0	522.2425	639.1542	364.27933	0.0	0.0	0.0	0.0	818.7891	0.0	0.0	61.86771	0.0	0.0	478.9812	306.11026	0.0	0.0	0.0	0.0	0.0	163.44878	631.6268	0.0	911.84937	546.33075	0.0	1017.63947	0.0	534.8838	0.0	0.0	0.0	410.76773	0.0	0.0	439.8771	635.15643	0.0	1864.8912	64.94435	0.0	0.0	635.7528	1111.2887	0.0	0.0	168.86475	0.0	0.0	16.247343	1564.3096	0.0	0.0	0.0	246.46452	0.0	0.0	0.0	930.70483	1515.2135	0.0	486.35083	0.0	0.0	223.76208	0.0	122.37783	0.0	0.0	0.0	0.0	0.0	0.0	0.0	507.81387	0.0	993.08026	0.0	0.0	558.9184	0.0	0.0
0.0	391.4742	0.0	518.2955	0.0	0.0	70.4454	0.0	0.0	0.0	0.0	65.03557	0.0	0.0	1931.8004	0.0	949.21484	0.0	0.0	1016.5195	0.0	0.0	0.0	619.052	0.0	0.0	867.4375	0.0	0.0	571.85474	0.0	0.0	0.0	0.0	0.0	661.3618	0.0	168.83015	0.0	0.0	528.9774	67.82128	851.87396	0.0	0.0	0.0	554.71387	689.16895	388.99902	0.0	0.0	0.0	0.0	874.7879	0.0	0.0	73.622246	0.0	0.0	520.5615	339.94815	0.0	0.0	0.0	0.0	0.0	193.70508	671.88763	0.0	973.7459	586.0302	0.0	1105.6664	0.0	553.6868	0.0	0.0	0.0	423.6921	0.0	0.0	470.62863	668.7509	0.0	1966.6967	59.296173	0.0	0.0	672.136	1211.8009	0.0	0.0	172.81282	0.0	0.0	34.71751	1650.8639	0.0	0.0	0.0	282.09384	0.0	0.0	0.0	989.7696	1616.8506	0.0	521.41986	0.0	0.0	247.63628	0.0	120.90265	0.0	0.0	0.0	0.0	0.0	0.0	0.0	532.00476	0.0	1061.0338	0.0	0.0	604.6064	0.0	0.0
0.0	2097.0283	0.0	2971.2117	0.0	0.0	535.24976	0.0	0.0	0.0	0.0	478.3662	0.0	0.0	11911.224	0.0	5954.3813	0.0	0.0	6112.728	0.0	0.0	0.0	3762.7913	0.0	0.0	5235.673	0.0	0.0	3677.587	0.0	0.0	0.0	0.0	0.0	3485.8008	0.0	1362.994	0.0	0.0	3217.6409	178.28778	4909.897	0.0	0.0	0.0	3485.838	3968.8738	2011.9056	0.0	0.0	0.0	0.0	4491.397	0.0	0.0	278.87094	0.0	0.0	2804.3418	1449.4865	0.0	0.0	0.0	0.0	0.0	1079.034	4019.013	0.0	6086.2515	3297.9707	0.0	6198.723	0.0	3066.7449	0.0	0.0	0.0	2683.8335	0.0	0.0	2581.3706	3598.0176	0.0	12271.161	700.05786	0.0	0.0	4295.918	7541.7227	0.0	0.0	1071.8578	0.0	0.0	0.0	10399.731	0.0	0.0	0.0	1496.0264	0.0	0.0	0.0	6002.2417	9794.54	0.0	4314.1406	0.0	0.0	1948.4395	0.0	820.5966	0.0	0.0	0.0	0.0	0.0	0.0	0.0	2511.9768	0.0	6757.2266	0.0	0.0	3869.8274	0.0	0.0
0.0	387.2393	0.0	501.01517	0.0	0.0	56.387676	0.0	0.0	0.0	0.0	59.637608	0.0	0.0	1855.4458	0.0	906.19165	0.0	0.0	989.6626	0.0	0.0	0.0	588.1213	0.0	0.0	831.4302	0.0	0.0	548.84894	0.0	0.0	0.0	0.0	0.0	640.90063	0.0	165.47661	0.0	0.0	516.10297	69.21964	826.07275	0.0	0.0	0.0	533.3837	659.2673	378.5818	0.0	0.0	0.0	0.0	842.572	0.0	0.0	64.40698	0.0	0.0	500.21558	318.5385	0.0	0.0	0.0	0.0	0.0	178.12903	650.864	0.0	936.19214	561.4473	0.0	1057.4752	0.0	536.25226	0.0	0.0	0.0	417.4852	0.0	0.0	457.8622	649.0279	0.0	1911.6265	62.889755	0.0	0.0	646.11414	1156.9922	0.0	0.0	172.06047	0.0	0.0	26.214323	1602.1188	0.0	0.0	0.0	260.24686	0.0	0.0	0.0	955.0838	1558.7079	0.0	501.8351	0.0	0.0	235.61017	0.0	115.30572	0.0	0.0	0.0	0.0	0.0	0.0	0.0	517.36786	0.0	1020.7297	0.0	0.0	578.2736	0.0	0.0
0.0	391.5332	0.0	528.01825	0.0	0.0	71.781815	0.0	0.0	0.0	0.0	68.00675	0.0	0.0	1957.4883	0.0	961.06036	0.0	0.0	1023.8996	0.0	0.0	0.0	627.7674	0.0	0.0	875.9265	0.0	0.0	579.89996	0.0	0.0	0.0	0.0	0.0	664.0898	0.0	172.12598	0.0	0.0	532.7756	71.94489	860.1628	0.0	0.0	0.0	559.3326	697.76483	393.40698	0.0	0.0	0.0	0.0	882.53876	0.0	0.0	73.737236	0.0	0.0	527.6932	340.0919	0.0	0.0	0.0	0.0	0.0	199.4342	680.4358	0.0	984.3464	588.9859	0.0	1115.8507	0.0	554.2277	0.2548891	0.0	0.0	427.0538	0.0	0.0	475.86893	675.7917	0.0	1988.7144	61.425022	0.0	0.0	678.1244	1227.8628	0.0	0.0	176.45793	0.0	0.0	36.965324	1666.5367	0.0	0.0	0.0	283.40146	0.0	0.0	0.0	996.8283	1632.9691	0.0	531.8984	0.0	0.0	253.28764	0.0	117.67643	0.0	0.0	0.0	0.0	0.0	0.0	0.0	534.41925	0.0	1075.6154	0.0	0.0	609.4675	0.0	0.0
0.0	419.58398	0.0	527.07275	0.0	0.0	72.45067	0.0	0.0	0.0	0.0	65.86606	0.0	0.0	2051.1787	0.0	1011.3955	0.0	0.0	1063.1259	0.0	0.0	0.0	653.84375	0.0	0.0	893.9521	0.0	0.0	593.1257	0.0	0.0	0.0	0.0	0.0	705.16583	0.0	175.08253	0.0	0.0	556.59875	53.551914	874.7303	0.0	0.0	0.0	608.1584	750.59015	402.08585	0.0	0.0	0.0	0.0	945.9199	0.0	0.0	98.047386	0.0	0.0	521.54407	381.06595	0.0	0.0	0.0	0.0	0.0	201.6285	695.2253	0.0	1029.7443	623.99304	0.0	1173.1388	0.0	618.5537	0.0	0.0	0.0	407.2389	0.0	0.0	468.8706	705.8535	0.0	2043.002	73.50307	0.0	0.0	736.1208	1276.7012	0.0	0.0	189.72664	0.0	0.0	37.617462	1696.6158	0.0	0.0	0.0	341.1604	0.0	0.0	0.0	1047.8278	1687.0703	0.0	537.80963	0.0	0.0	251.8206	0.0	155.03838	0.0	0.0	0.0	0.0	0.0	0.0	0.0	568.8563	0.0	1112.5586	0.0	0.0	620.02094	0.0	0.0
0.0	393.5723	0.0	507.45047	0.0	0.0	59.22087	0.0	0.0	0.0	0.0	63.382496	0.0	0.0	1901.9899	0.0	930.6733	0.0	0.0	1007.7692	0.0	0.0	0.0	597.45166	0.0	0.0	849.78595	0.0	0.0	565.0392	0.0	0.0	0.0	0.0	0.0	644.2663	0.0	162.0515	0.0	0.0	531.4999	63.55338	838.9616	0.0	0.0	0.0	539.42725	668.70654	381.91476	0.0	0.0	0.0	0.0	856.82733	0.0	0.0	61.319366	0.0	0.0	500.4435	317.42715	0.0	0.0	0.0	0.0	0.0	171.83156	672.41284	0.0	958.5034	568.99445	0.0	1082.5414	0.0	543.8892	0.3935559	0.0	0.0	436.3484	0.0	0.0	462.51892	662.0801	0.0	1954.963	63.357716	0.0	0.0	656.55005	1181.3267	0.0	0.0	180.89287	0.0	0.0	20.985996	1628.7451	0.0	0.0	0.0	273.64505	0.0	0.0	0.0	980.7512	1591.7969	0.0	524.2865	0.0	0.0	244.25487	0.0	111.09903	0.0	0.0	0.0	0.0	0.0	0.0	0.0	519.78217	0.0	1040.1754	0.0	0.0	586.16797	0.0	0.0
0.0	389.53308	0.0	510.8778	0.0	0.0	61.469772	0.0	0.0	0.0	0.0	62.50954	0.0	0.0	1907.0514	0.0	932.6953	0.0	0.0	1006.5879	0.0	0.0	0.0	606.4571	0.0	0.0	853.2133	0.0	0.0	562.4584	0.0	0.0	0.0	0.0	0.0	653.19824	0.0	169.63988	0.0	0.0	527.37683	68.81728	843.7768	0.0	0.0	0.0	547.9886	679.16034	384.0005	0.0	0.0	0.0	0.0	863.0884	0.0	0.0	68.75301	0.0	0.0	513.51105	329.4674	0.0	0.0	0.0	0.0	0.0	187.42717	664.16144	0.0	960.56586	576.5027	0.0	1087.9581	0.0	547.35944	0.0	0.0	0.0	423.16525	0.0	0.0	467.60538	661.5201	0.0	1950.2872	63.803894	0.0	0.0	662.9414	1192.1732	0.0	0.0	175.0816	0.0	0.0	28.554457	1633.2358	0.0	0.0	0.0	274.60196	0.0	0.0	0.0	978.74005	1596.7528	0.0	516.39526	0.0	0.0	243.19334	0.0	118.667336	0.0	0.0	0.0	0.0	0.0	0.0	0.0	525.79395	0.0	1046.3945	0.0	0.0	594.11127	0.0	0.0
0.0	391.4225	0.0	522.1946	0.0	0.0	68.80035	0.0	0.0	0.0	0.0	65.42649	0.0	0.0	1937.4619	0.0	949.07104	0.0	0.0	1019.2341	0.0	0.0	0.0	619.36865	0.0	0.0	867.10596	0.0	0.0	573.6027	0.0	0.0	0.0	0.0	0.0	660.11237	0.0	171.18584	0.0	0.0	530.53	71.32633	854.8413	0.0	0.0	0.0	554.5274	689.9922	390.08243	0.0	0.0	0.0	0.0	874.00616	0.0	0.0	72.58694	0.0	0.0	522.8163	335.26038	0.0	0.0	0.0	0.0	0.0	194.67859	674.0403	0.0	974.8277	583.9077	0.0	1104.7646	0.0	552.55927	0.0	0.0	0.0	426.0168	0.0	0.0	473.65552	670.3216	0.0	1975.2793	61.773624	0.0	0.0	672.8953	1213.878	0.0	0.0	175.39952	0.0	0.0	34.65669	1656.9498	0.0	0.0	0.0	278.39697	0.0	0.0	0.0	990.4199	1619.6703	0.0	525.2514	0.0	0.0	250.5541	0.0	117.99109	0.0	0.0	0.0	0.0	0.0	0.0	0.0	531.93494	0.0	1064.0382	0.0	0.0	604.6829	0.0	0.0
0.0	400.9	0.0	549.4052	0.0	0.0	84.481995	0.0	0.0	0.0	0.0	74.88499	0.0	0.0	2041.5941	0.0	1006.82245	0.0	0.0	1058.0206	0.0	0.0	0.0	660.4846	0.0	0.2937206	917.24243	0.0	0.0	602.70105	0.0	0.0	0.0	0.0	0.0	683.71045	0.0	176.26196	0.0	0.0	551.0491	74.10635	893.563	0.0	0.0	0.0	578.8787	725.38354	407.8138	0.0	0.0	0.0	0.0	911.25415	0.0	0.0	78.544136	0.0	0.0	553.9199	354.181	0.0	0.0	0.0	0.0	0.0	210.43018	710.6939	0.0	1026.8501	611.71246	0.0	1163.2872	0.0	565.96735	1.8057772	0.0	0.0	445.08798	0.0	0.0	497.60898	698.896	0.0	2064.6143	58.16696	0.0	0.0	697.2324	1286.6835	0.0	0.0	180.00879	0.0	0.0	43.293594	1731.0634	0.0	0.0	0.0	298.55966	0.0	0.0	0.0	1034.5547	1701.9286	0.0	559.32446	0.0	0.0	267.12677	0.0	119.76702	0.0	0.0	0.0	0.0	0.0	0.0	0.0	548.8468	0.0	1120.4502	0.0	0.0	636.32135	0.0	0.0
0.0	387.47293	0.0	506.58115	0.0	0.0	60.563885	0.0	0.0	0.0	0.0	60.737194	0.0	0.0	1881.519	0.0	920.15796	0.0	0.0	996.978	0.0	0.0	0.0	600.32227	0.0	0.0	844.4802	0.0	0.0	554.778	0.0	0.0	0.0	0.0	0.0	646.8217	0.0	167.15068	0.0	0.0	521.6427	67.3834	833.84155	0.0	0.0	0.0	539.8241	669.97046	382.01987	0.0	0.0	0.0	0.0	853.22656	0.0	0.0	67.50565	0.0	0.0	508.17532	327.01764	0.0	0.0	0.0	0.0	0.0	185.48334	655.90186	0.0	948.951	569.6906	0.0	1073.253	0.0	542.16846	0.0	0.0	0.0	420.4434	0.0	0.0	463.46082	654.80414	0.0	1927.0035	61.18898	0.0	0.0	655.7437	1176.1442	0.0	0.0	171.8706	0.0	0.0	28.477106	1617.7892	0.0	0.0	0.0	267.52463	0.0	0.0	0.0	967.01984	1577.3829	0.0	507.82553	0.0	0.0	240.8679	0.0	117.34727	0.0	0.0	0.0	0.0	0.0	0.0	0.0	522.0711	0.0	1034.7491	0.0	0.0	587.83716	0.0	0.0
0.0	389.3804	0.0	502.19284	0.0	0.0	55.268555	0.0	0.0	0.0	0.0	59.55403	0.0	0.0	1860.9619	0.0	909.59424	0.0	0.0	992.19916	0.0	0.0	0.0	590.93036	0.0	0.0	835.6592	0.0	0.0	550.70636	0.0	0.0	0.0	0.0	0.0	644.1966	0.0	163.71465	0.0	0.0	518.88153	68.429985	829.1533	0.0	0.0	0.0	535.5155	663.12744	379.9943	0.0	0.0	0.0	0.0	849.4892	0.0	0.0	64.48114	0.0	0.0	502.33548	318.95404	0.0	0.0	0.0	0.0	0.0	178.36494	653.0947	0.0	941.81256	565.6015	0.0	1060.4447	0.0	541.1613	0.0	0.0	0.0	418.67908	0.0	0.0	458.08875	651.3765	0.0	1916.8271	63.435642	0.0	0.0	649.8599	1160.9954	0.0	0.0	172.67516	0.0	0.0	25.978178	1607.5038	0.0	0.0	0.0	261.14487	0.0	0.0	0.0	959.46747	1564.6725	0.0	502.04092	0.0	0.0	236.8173	0.0	116.01593	0.0	0.0	0.0	0.0	0.0	0.0	0.0	520.1062	0.0	1027.0259	0.0	0.0	578.3964	0.0	0.0
0.0	397.2124	0.0	546.72614	0.0	0.0	84.310936	0.0	0.0	0.0	0.0	74.45596	0.0	0.0	2033.5122	0.0	1004.6181	0.0	0.0	1049.2855	0.0	0.0	0.0	660.0869	0.0	2.0375788	914.0599	0.0	0.0	599.30115	0.0	0.0	0.0	0.0	0.0	681.6338	0.0	174.8209	0.0	0.0	546.9224	73.75036	886.9178	0.0	0.0	0.0	577.3136	725.0779	405.07812	0.0	0.0	0.0	0.0	909.07666	0.0	0.0	79.0877	0.0	0.0	550.7649	357.55945	0.0	0.0	0.0	0.0	0.0	211.68623	704.7529	0.0	1023.4204	610.39923	0.0	1159.9847	0.0	564.52924	0.61345035	0.0	0.0	437.99036	0.0	0.0	493.64188	695.64667	0.0	2048.09	56.423016	0.0	0.0	695.1678	1283.4648	0.0	0.0	177.46214	0.0	0.0	43.052395	1716.5768	0.0	0.0	0.0	302.3539	0.0	0.0	0.0	1028.5339	1692.8475	0.0	554.644	0.0	0.0	265.51285	0.0	119.687775	0.0	0.0	0.0	0.0	0.0	0.0	0.0	546.2723	0.0	1115.2184	0.0	0.0	632.2178	0.0	0.0
0.0	389.31506	0.0	502.18387	0.0	0.0	56.124645	0.0	0.0	0.0	0.0	59.258503	0.0	0.0	1862.7632	0.0	910.4392	0.0	0.0	993.9274	0.0	0.0	0.0	591.197	0.0	0.0	834.78314	0.0	0.0	551.68604	0.0	0.0	0.0	0.0	0.0	643.7561	0.0	166.44807	0.0	0.0	517.64404	68.31412	830.0412	0.0	0.0	0.0	536.3801	663.5581	379.54507	0.0	0.0	0.0	0.0	846.91925	0.0	0.0	64.99835	0.0	0.0	502.87198	320.34714	0.0	0.0	0.0	0.0	0.0	180.12556	653.18365	0.0	942.3672	564.20874	0.0	1061.6274	0.0	540.2088	0.0	0.0	0.0	419.45377	0.0	0.0	459.2109	652.93964	0.0	1918.6217	62.721684	0.0	0.0	651.0173	1160.8628	0.0	0.0	173.65956	0.0	0.0	26.092363	1608.965	0.0	0.0	0.0	261.8339	0.0	0.0	0.0	959.09625	1564.5098	0.0	504.4716	0.0	0.0	236.26039	0.0	117.757286	0.0	0.0	0.0	0.0	0.0	0.0	0.0	519.80865	0.0	1027.8429	0.0	0.0	580.6883	0.0	0.0
0.0	383.94702	0.0	469.19064	0.0	0.0	38.590206	0.0	0.0	0.0	0.0	51.6414	0.0	0.0	1737.8375	0.0	851.0027	0.0	0.0	947.43	0.0	0.0	0.0	549.8504	0.0	0.0	786.97736	0.0	0.0	513.8625	0.0	0.0	0.0	0.0	0.0	619.0064	0.0	153.07382	0.0	0.0	489.74118	59.490086	786.4467	0.0	0.0	0.0	507.80298	622.75305	358.46628	0.0	0.0	0.0	0.0	801.39746	0.0	0.0	61.688507	0.0	0.0	468.56625	297.875	0.0	0.0	0.0	0.0	0.0	159.72108	615.45734	0.0	890.69586	535.28436	0.0	989.0823	0.0	521.62427	0.0	0.0	0.0	402.94153	0.0	0.0	431.27176	618.3723	0.0	1816.0635	61.64406	0.0	0.0	617.1171	1082.559	0.0	0.0	163.46423	0.0	0.0	12.568475	1530.0292	0.0	0.0	0.0	235.58311	0.0	0.0	0.0	908.21356	1479.7233	0.0	468.06778	0.0	0.0	215.1925	0.0	117.29125	0.0	0.0	0.0	0.0	0.0	0.0	0.0	498.17978	0.0	969.111	0.0	0.0	544.8467	0.0	0.0
0.0	387.97134	0.0	487.95114	0.0	0.0	50.983475	0.0	0.0	0.0	0.0	55.519634	0.0	0.0	1816.1138	0.0	888.85956	0.0	0.0	979.2785	0.0	0.0	0.0	572.8945	0.0	0.0	815.9097	0.0	0.0	538.37885	0.0	0.0	0.0	0.0	0.0	634.79156	0.0	161.40416	0.0	0.0	508.2682	64.13879	813.79443	0.0	0.0	0.0	525.399	646.3876	370.98807	0.0	0.0	0.0	0.0	828.86505	0.0	0.0	59.977306	0.0	0.0	487.9956	310.85086	0.0	0.0	0.0	0.0	0.0	168.30602	640.9121	0.0	921.24	552.0555	0.0	1035.0066	0.0	534.28754	0.0	0.0	0.0	414.53076	0.0	0.0	448.16312	640.2724	0.0	1883.0449	63.01083	0.0	0.0	637.4154	1129.1554	0.0	0.0	169.66496	0.0	0.0	20.732222	1578.435	0.0	0.0	0.0	252.33794	0.0	0.0	0.0	939.875	1533.4594	0.0	492.5054	0.0	0.0	228.3609	0.0	117.56095	0.0	0.0	0.0	0.0	0.0	0.0	0.0	511.16	0.0	1002.89557	0.0	0.0	566.62445	0.0	0.0
0.0	387.37183	0.0	494.31668	0.0	0.0	52.265717	0.0	0.0	0.0	0.0	56.673496	0.0	0.0	1833.9951	0.0	895.11554	0.0	0.0	984.91473	0.0	0.0	0.0	579.2365	0.0	0.0	822.96875	0.0	0.0	543.1716	0.0	0.0	0.0	0.0	0.0	639.03094	0.0	163.552	0.0	0.0	512.73145	66.25443	820.06085	0.0	0.0	0.0	529.4101	652.865	375.0746	0.0	0.0	0.0	0.0	836.2557	0.0	0.0	61.89394	0.0	0.0	494.5725	314.10257	0.0	0.0	0.0	0.0	0.0	173.82422	645.035	0.0	928.9412	557.4244	0.0	1044.2125	0.0	535.8056	0.0	0.0	0.0	417.01697	0.0	0.0	453.27084	644.8121	0.0	1896.9655	63.17127	0.0	0.0	643.6578	1141.3356	0.0	0.0	171.3004	0.0	0.0	22.627241	1591.5458	0.0	0.0	0.0	254.78815	0.0	0.0	0.0	947.6392	1544.9943	0.0	495.62784	0.0	0.0	231.8797	0.0	117.40283	0.0	0.0	0.0	0.0	0.0	0.0	0.0	515.2308	0.0	1012.70557	0.0	0.0	572.50885	0.0	0.0
0.0	382.15295	0.0	435.62442	0.0	0.0	21.376642	0.0	0.0	0.0	0.0	49.886845	0.0	0.0	1615.1528	0.0	796.77985	0.0	0.0	907.9788	0.0	0.0	0.0	500.66238	0.0	0.0	737.99225	0.0	0.0	482.98203	0.0	0.0	0.0	0.0	0.0	591.2632	0.0	134.97713	0.0	0.0	460.87228	55.940563	749.2746	0.0	0.0	0.0	476.30984	579.5688	342.23694	0.0	0.0	0.0	0.0	751.33844	0.0	0.0	57.811024	0.0	0.0	434.55762	262.94168	0.0	0.0	0.0	0.0	0.0	136.05682	591.56335	0.0	840.8403	501.567	0.0	914.6877	0.0	497.51492	0.0	0.0	0.0	394.6052	0.0	0.0	406.19498	586.95593	0.0	1730.06	61.622784	0.0	0.0	576.9936	1000.4644	0.0	0.0	156.27112	0.0	0.0	0.0	1457.7728	0.0	0.0	0.0	203.83186	0.0	0.0	0.0	856.1082	1397.3086	0.0	441.88208	0.0	0.0	197.08667	0.0	109.4248	0.0	0.0	0.0	0.0	0.0	0.0	0.0	474.52747	0.0	920.0301	0.0	0.0	507.334	0.0	0.0
0.0	400.98413	0.0	467.23013	0.0	0.0	24.832178	0.0	0.0	0.0	0.0	55.024628	0.0	0.0	1724.2739	0.0	845.0612	0.0	0.0	962.6324	0.0	0.0	0.0	535.9949	0.0	0.0	789.0322	0.0	0.0	514.6174	0.0	0.0	0.0	0.0	0.0	623.4253	0.0	141.79509	0.0	0.0	495.306	63.082424	802.26715	0.0	0.0	0.0	498.25366	612.34845	368.7136	0.0	0.0	0.0	0.0	796.5679	0.0	0.0	56.06003	0.0	0.0	472.7134	277.74292	0.0	0.0	0.0	0.0	0.0	146.67735	633.08636	0.0	894.00494	531.7231	0.0	977.5132	0.0	519.2662	0.0	0.0	0.0	428.87183	0.0	0.0	441.1544	625.88336	0.0	1844.5521	61.83724	0.0	0.0	602.9035	1068.0131	0.0	0.0	166.92839	0.0	0.0	0.7244752	1554.9777	0.0	0.0	0.0	212.17274	0.0	0.0	0.0	912.69775	1488.5605	0.0	470.7048	0.0	0.0	214.54433	0.0	106.52996	0.0	0.0	0.0	0.0	0.0	0.0	0.0	503.6268	0.0	977.61005	0.0	0.0	542.0031	0.0	0.0
0.0	397.2682	0.0	462.7246	0.0	0.0	24.582687	0.0	0.0	0.0	0.0	53.00658	0.0	0.0	1688.212	0.0	834.3752	0.0	0.0	953.9907	0.0	0.0	0.0	524.2002	0.0	0.0	776.69635	0.0	0.0	509.59415	0.0	0.0	0.0	0.0	0.0	616.52765	0.0	143.19044	0.0	0.0	480.95248	62.061356	786.19037	0.0	0.0	0.0	496.99393	601.5107	358.90134	0.0	0.0	0.0	0.0	779.87823	0.0	0.0	52.33839	0.0	0.0	460.08328	270.49252	0.0	0.0	0.0	0.0	0.0	144.2158	619.8392	0.0	879.68475	524.8486	0.0	954.6469	0.0	514.70074	0.0	0.0	0.0	417.90567	0.0	0.0	428.7273	613.0183	0.0	1819.1544	62.300976	0.0	0.0	601.634	1048.3911	0.0	0.0	160.47496	0.0	0.0	0.0	1539.454	0.0	0.0	0.0	201.94933	0.0	0.0	0.0	894.84906	1467.4562	0.0	468.02182	0.0	0.0	211.58531	0.0	111.54449	0.0	0.0	0.0	0.0	0.0	0.0	0.0	493.72543	0.0	967.035	0.0	0.0	537.4191	0.0	0.0
0.0	381.36105	0.0	432.01285	0.0	0.0	21.149511	0.0	0.0	0.0	0.0	49.295746	0.0	0.0	1596.8234	0.0	791.6912	0.0	0.0	902.69574	0.0	0.0	0.0	495.47446	0.0	0.0	730.8211	0.0	0.0	479.03894	0.0	0.0	0.0	0.0	0.0	589.99225	0.0	133.88287	0.0	0.0	452.7362	52.98514	739.78595	0.0	0.0	0.0	477.0288	575.24	337.67807	0.0	0.0	0.0	0.0	746.52954	0.0	0.0	57.662777	0.0	0.0	426.9974	261.23245	0.0	0.0	0.0	0.0	0.0	134.57152	583.9936	0.0	836.1529	501.03967	0.0	904.00995	0.0	498.17807	0.0	0.0	0.0	387.52136	0.0	0.0	398.43765	581.0588	0.0	1714.7848	61.341656	0.0	0.0	577.99567	990.6795	0.0	0.0	153.8341	0.0	0.0	0.0	1448.3691	0.0	0.0	0.0	201.80022	0.0	0.0	0.0	848.76544	1386.6862	0.0	439.11996	0.0	0.0	195.50002	0.0	113.30004	0.0	0.0	0.0	0.0	0.0	0.0	0.0	471.11942	0.0	915.6953	0.0	0.0	504.9816	0.0	0.0
0.0	388.90292	0.0	451.56815	0.0	0.0	24.714853	0.0	0.0	0.0	0.0	51.46828	0.0	0.0	1671.9835	0.0	824.49457	0.0	0.0	935.9764	0.0	0.0	0.0	520.12933	0.0	0.0	763.64276	0.0	0.0	500.6757	0.0	0.0	0.0	0.0	0.0	608.0931	0.0	142.75887	0.0	0.0	475.25842	58.28218	773.4266	0.0	0.0	0.0	493.50095	598.0634	351.27457	0.0	0.0	0.0	0.0	772.4211	0.0	0.0	56.379456	0.0	0.0	451.43396	272.3876	0.0	0.0	0.0	0.0	0.0	143.41988	608.6663	0.0	869.58105	519.1744	0.0	947.7397	0.0	510.84058	0.0	0.0	0.0	406.07654	0.0	0.0	420.1151	604.59155	0.0	1785.6019	62.53125	0.0	0.0	597.4754	1037.2552	0.0	0.0	160.22588	0.0	0.0	0.0	1507.5741	0.0	0.0	0.0	212.01337	0.0	0.0	0.0	884.6399	1444.0312	0.0	459.85376	0.0	0.0	205.56789	0.0	114.23642	0.0	0.0	0.0	0.0	0.0	0.0	0.0	487.36093	0.0	950.811	0.0	0.0	528.58386	0.0	0.0
0.0	629.28125	0.0	351.7867	0.0	0.0	61.399323	0.0	0.0	0.0	0.0	43.693157	0.0	0.0	1379.3218	0.0	846.2601	0.0	0.0	1053.3151	0.0	0.0	0.0	442.53528	22.87619	0.0	628.3494	0.0	0.0	390.52115	0.0	0.0	0.0	0.0	0.0	898.39716	0.0	52.38885	0.0	0.0	355.11765	0.0	566.17126	0.0	486.332	0.0	577.1271	897.576	463.3567	26.033133	0.0	0.0	0.0	1011.51733	0.0	0.0	257.83435	0.0	0.0	394.85574	461.7565	0.0	0.0	0.0	0.0	0.0	147.91188	580.17487	0.0	842.75586	676.05023	0.0	643.94604	0.0	712.674	0.0	0.0	0.0	184.06935	0.0	0.0	374.3656	687.6369	0.0	1480.3942	79.102394	0.0	0.0	716.80646	814.0833	0.0	0.0	79.54882	0.0	0.0	67.78673	1192.2869	0.0	0.0	0.0	298.39697	0.0	0.0	0.0	548.0601	1249.4899	0.0	230.57178	0.0	0.0	121.23667	0.0	198.47998	0.0	0.0	0.0	0.0	0.0	0.0	0.0	650.28766	0.0	933.6568	0.0	0.0	300.7324	0.0	0.0
0.0	389.18497	0.0	450.68826	0.0	0.0	23.516962	0.0	0.0	0.0	0.0	51.735302	0.0	0.0	1666.4015	0.0	822.7098	0.0	0.0	933.1211	0.0	0.0	0.0	519.10895	0.0	0.0	762.00116	0.0	0.0	499.48715	0.0	0.0	0.0	0.0	0.0	608.3918	0.0	141.80893	0.0	0.0	472.88358	57.23401	770.70636	0.0	0.0	0.0	492.64697	597.68805	351.27426	0.0	0.0	0.0	0.0	772.50055	0.0	0.0	57.692932	0.0	0.0	449.1687	271.75897	0.0	0.0	0.0	0.0	0.0	144.06789	606.4209	0.0	867.5218	518.9047	0.0	944.11456	0.0	510.83826	0.0	0.0	0.0	403.57852	0.0	0.0	417.49146	603.2446	0.0	1779.5458	62.588337	0.0	0.0	597.7542	1034.0065	0.0	0.0	159.10442	0.0	0.0	0.0	1504.0885	0.0	0.0	0.0	211.4436	0.0	0.0	0.0	882.4536	1440.2618	0.0	457.50928	0.0	0.0	203.98755	0.0	114.765045	0.0	0.0	0.0	0.0	0.0	0.0	0.0	487.32397	0.0	949.06146	0.0	0.0	526.7668	0.0	0.0
0.0	387.345	0.0	446.3801	0.0	0.0	22.670858	0.0	0.0	0.0	0.0	51.285797	0.0	0.0	1648.8218	0.0	814.50244	0.0	0.0	926.3024	0.0	0.0	0.0	511.11172	0.0	0.0	753.7111	0.0	0.0	495.16708	0.0	0.0	0.0	0.0	0.0	602.0686	0.0	140.2642	0.0	0.0	468.8434	58.609066	764.2742	0.0	0.0	0.0	487.42163	590.43756	347.99228	0.0	0.0	0.0	0.0	763.21747	0.0	0.0	56.316334	0.0	0.0	443.96387	266.58426	0.0	0.0	0.0	0.0	0.0	140.19337	602.3221	0.0	858.2874	512.2052	0.0	932.33673	0.0	505.66452	0.0	0.0	0.0	401.53662	0.0	0.0	413.62003	597.44995	0.0	1767.018	62.866364	0.0	0.0	590.4869	1022.0427	0.0	0.0	157.7682	0.0	0.0	0.0	1491.5211	0.0	0.0	0.0	206.50606	0.0	0.0	0.0	872.712	1426.7755	0.0	454.62012	0.0	0.0	202.34972	0.0	112.93115	0.0	0.0	0.0	0.0	0.0	0.0	0.0	481.67822	0.0	939.7609	0.0	0.0	520.6965	0.0	0.0
0.0	394.64066	0.0	459.63406	0.0	0.0	26.620026	0.0	0.0	0.0	0.0	51.974567	0.0	0.0	1703.6733	0.0	839.8553	0.0	0.0	952.08984	0.0	0.0	0.0	531.25616	0.0	0.0	779.3133	0.0	0.0	509.79724	0.0	0.0	0.0	0.0	0.0	618.4986	0.0	144.57452	0.0	0.0	485.48767	59.03355	788.3984	0.0	0.0	0.0	500.60922	609.2285	358.03763	0.0	0.0	0.0	0.0	786.61127	0.0	0.0	55.977264	0.0	0.0	461.6161	278.34366	0.0	0.0	0.0	0.0	0.0	146.1992	619.4159	0.0	884.60815	528.6157	0.0	967.16583	0.0	519.0262	0.0	0.0	0.0	415.1298	0.0	0.0	429.14883	615.47864	0.0	1816.4609	62.167904	0.0	0.0	606.7749	1057.4169	0.0	0.0	161.7708	0.0	0.0	0.0	1534.285	0.0	0.0	0.0	216.19182	0.0	0.0	0.0	902.148	1472.0082	0.0	467.7191	0.0	0.0	209.66328	0.0	115.62823	0.0	0.0	0.0	0.0	0.0	0.0	0.0	496.11377	0.0	966.78925	0.0	0.0	538.86505	0.0	0.0
0.0	398.1202	0.0	466.7515	0.0	0.0	23.524195	0.0	0.0	0.0	0.0	54.139847	0.0	0.0	1690.5172	0.0	836.17017	0.0	0.0	957.89746	0.0	0.0	0.0	525.80054	0.0	0.0	780.7688	0.0	0.0	511.92	0.0	0.0	0.0	0.0	0.0	617.5442	0.0	144.143	0.0	0.0	481.99796	64.272194	790.7347	0.0	0.0	0.0	496.33826	600.9951	361.8103	0.0	0.0	0.0	0.0	779.0772	0.0	0.0	48.99333	0.0	0.0	464.5753	266.91116	0.0	0.0	0.0	0.0	0.0	144.68262	623.21533	0.0	882.70953	525.5175	0.0	955.3904	0.0	512.5772	0.0	0.0	0.0	423.7495	0.0	0.0	433.53882	614.92487	0.0	1829.1753	61.677692	0.0	0.0	600.7984	1051.252	0.0	0.0	160.85423	0.0	0.0	0.0	1550.332	0.0	0.0	0.0	196.03607	0.0	0.0	0.0	896.32355	1473.7041	0.0	470.92642	0.0	0.0	214.01274	0.0	107.57822	0.0	0.0	0.0	0.0	0.0	0.0	0.0	494.20163	0.0	972.92804	0.0	0.0	541.0761	0.0	0.0
0.0	396.47934	0.0	461.2081	0.0	0.0	24.279165	0.0	0.0	0.0	0.0	52.87083	0.0	0.0	1692.9095	0.0	835.63654	0.0	0.0	953.7639	0.0	0.0	0.0	525.547	0.0	0.0	776.45044	0.0	0.0	509.4646	0.0	0.0	0.0	0.0	0.0	617.4915	0.0	144.13094	0.0	0.0	482.58322	60.98839	786.8234	0.0	0.0	0.0	499.3665	603.94794	358.47842	0.0	0.0	0.0	0.0	781.60205	0.0	0.0	53.777843	0.0	0.0	459.7152	272.02283	0.0	0.0	0.0	0.0	0.0	144.36328	619.8549	0.0	881.80804	525.93976	0.0	958.02466	0.0	516.2947	0.0	0.0	0.0	416.5148	0.0	0.0	428.3826	613.5308	0.0	1818.8097	63.12322	0.0	0.0	603.645	1050.4526	0.0	0.0	161.59604	0.0	0.0	0.0	1538.016	0.0	0.0	0.0	207.2334	0.0	0.0	0.0	896.81805	1468.0464	0.0	468.2145	0.0	0.0	209.88588	0.0	113.32241	0.0	0.0	0.0	0.0	0.0	0.0	0.0	494.04495	0.0	967.3591	0.0	0.0	537.89557	0.0	0.0
0.0	389.17188	0.0	449.4109	0.0	0.0	22.666962	0.0	0.0	0.0	0.0	51.82634	0.0	0.0	1647.9795	0.0	813.9063	0.0	0.0	928.98315	0.0	0.0	0.0	512.643	0.0	0.0	756.3521	0.0	0.0	494.54773	0.0	0.0	0.0	0.0	0.0	603.80194	0.0	138.67415	0.0	0.0	469.03745	58.576595	765.93207	0.0	0.0	0.0	485.0327	589.92084	351.18472	0.0	0.0	0.0	0.0	765.11993	0.0	0.0	54.749958	0.0	0.0	447.6411	267.61032	0.0	0.0	0.0	0.0	0.0	140.96465	604.292	0.0	859.42645	513.7897	0.0	933.2199	0.0	504.56384	0.0	0.0	0.0	405.58334	0.0	0.0	417.60086	599.71063	0.0	1770.549	60.19035	0.0	0.0	588.40625	1022.0899	0.0	0.0	157.64069	0.0	0.0	0.0	1496.8593	0.0	0.0	0.0	201.87006	0.0	0.0	0.0	873.15265	1429.9537	0.0	451.8768	0.0	0.0	204.02728	0.0	109.5153	0.0	0.0	0.0	0.0	0.0	0.0	0.0	484.74368	0.0	942.30347	0.0	0.0	521.9255	0.0	0.0
0.0	396.1534	0.0	459.7737	0.0	0.0	24.75863	0.0	0.0	0.0	0.0	52.720264	0.0	0.0	1694.4087	0.0	835.22906	0.0	0.0	951.2302	0.0	0.0	0.0	526.5496	0.0	0.0	776.49774	0.0	0.0	507.71082	0.0	0.0	0.0	0.0	0.0	615.40796	0.0	143.93512	0.0	0.0	484.03897	60.299774	786.38446	0.0	0.0	0.0	497.76294	604.7255	358.55957	0.0	0.0	0.0	0.0	781.59985	0.0	0.0	55.740173	0.0	0.0	460.18234	272.84525	0.0	0.0	0.0	0.0	0.0	144.9777	619.1062	0.0	881.2282	524.719	0.0	958.80743	0.0	515.44977	0.0	0.0	0.0	416.90234	0.0	0.0	429.56763	613.34454	0.0	1816.7504	63.365986	0.0	0.0	602.0718	1051.5028	0.0	0.0	162.69234	0.0	0.0	0.0	1534.2788	0.0	0.0	0.0	209.05188	0.0	0.0	0.0	897.0363	1466.4742	0.0	467.16614	0.0	0.0	209.77321	0.0	112.50657	0.0	0.0	0.0	0.0	0.0	0.0	0.0	494.0537	0.0	965.6054	0.0	0.0	535.9892	0.0	0.0
0.0	385.184	0.0	440.6648	0.0	0.0	22.293573	0.0	0.0	0.0	0.0	50.895935	0.0	0.0	1632.7545	0.0	806.43365	0.0	0.0	916.79376	0.0	0.0	0.0	506.3595	0.0	0.0	745.3921	0.0	0.0	488.14188	0.0	0.0	0.0	0.0	0.0	597.88525	0.0	137.91377	0.0	0.0	463.8729	55.51427	755.8601	0.0	0.0	0.0	483.0963	586.1052	345.36197	0.0	0.0	0.0	0.0	758.61395	0.0	0.0	58.998444	0.0	0.0	439.3326	267.00974	0.0	0.0	0.0	0.0	0.0	139.64825	595.74384	0.0	850.8581	508.51132	0.0	924.50995	0.0	502.81485	0.0	0.0	0.0	396.09155	0.0	0.0	409.9292	592.2128	0.0	1746.507	61.86027	0.0	0.0	586.00073	1011.82587	0.0	0.0	156.94794	0.0	0.0	0.0	1474.2635	0.0	0.0	0.0	207.41463	0.0	0.0	0.0	864.76495	1411.9585	0.0	446.91415	0.0	0.0	199.82562	0.0	112.650696	0.0	0.0	0.0	0.0	0.0	0.0	0.0	479.39853	0.0	930.36346	0.0	0.0	515.2439	0.0	0.0
0.0	432.58505	0.0	531.22925	0.0	0.0	38.370663	0.0	0.0	0.0	0.0	61.411236	0.0	0.0	1941.9623	0.0	948.9677	0.0	0.0	1073.2721	0.0	0.0	0.0	609.2518	0.0	0.0	891.5407	0.0	0.0	581.6093	0.0	0.0	0.0	0.0	0.0	687.14844	0.0	169.88792	0.0	0.0	558.22266	75.42878	900.04205	0.0	0.0	0.0	554.63544	683.6284	408.16324	0.0	0.0	0.0	0.0	879.1431	0.0	0.0	51.038147	0.0	0.0	542.2331	309.71872	0.0	0.0	0.0	0.0	0.0	172.46626	705.8809	0.0	998.0212	592.80804	0.0	1102.525	0.0	566.5004	0.0	0.0	0.0	483.4152	0.0	0.0	503.06998	695.3142	0.0	2064.8567	65.37805	0.0	0.0	671.0739	1208.5067	0.0	0.0	183.35725	0.0	0.0	6.941786	1747.2031	0.0	0.0	0.0	235.61168	0.0	0.0	0.0	1021.3001	1669.7133	0.0	533.93207	0.0	0.0	246.0423	0.0	115.37189	0.0	0.0	0.0	0.0	0.0	0.0	0.0	555.32104	0.0	1092.4772	0.0	0.0	617.93524	0.0	0.0
0.0	408.88538	0.0	482.06503	0.0	0.0	27.542389	0.0	0.0	0.0	0.0	56.02875	0.0	0.0	1759.4932	0.0	866.8964	0.0	0.0	990.13983	0.0	0.0	0.0	547.75336	0.0	0.0	810.2949	0.0	0.0	529.95807	0.0	0.0	0.0	0.0	0.0	635.72375	0.0	150.56288	0.0	0.0	504.6422	65.814285	820.87274	0.0	0.0	0.0	512.8117	623.88605	374.4742	0.0	0.0	0.0	0.0	805.4787	0.0	0.0	49.709366	0.0	0.0	485.2373	277.89493	0.0	0.0	0.0	0.0	0.0	150.57776	646.6183	0.0	913.8547	542.7974	0.0	995.2536	0.0	527.8332	0.0	0.0	0.0	441.77853	0.0	0.0	453.4277	636.8555	0.0	1895.172	63.08164	0.0	0.0	618.8238	1093.3588	0.0	0.0	167.48578	0.0	0.0	0.0	1604.4258	0.0	0.0	0.0	207.56837	0.0	0.0	0.0	931.5012	1527.4828	0.0	489.48074	0.0	0.0	222.2079	0.0	111.17225	0.0	0.0	0.0	0.0	0.0	0.0	0.0	510.67392	0.0	1005.0456	0.0	0.0	561.6796	0.0	0.0
0.0	376.5502	0.0	423.83078	0.0	0.0	19.36703	0.0	0.0	0.0	0.0	48.11558	0.0	0.0	1563.4154	0.0	777.7845	0.0	0.0	888.0796	0.0	0.0	0.0	483.25027	0.0	0.0	714.5345	0.0	0.0	472.06238	0.0	0.0	0.0	0.0	0.0	580.9551	0.0	131.59093	0.0	0.0	439.4497	52.119843	723.95996	0.0	0.0	0.0	471.2908	564.79956	331.22516	0.0	0.0	0.0	0.0	732.9899	0.0	0.0	57.911556	0.0	0.0	414.75198	256.96555	0.0	0.0	0.0	0.0	0.0	131.74486	573.22186	0.0	820.3908	491.49768	0.0	883.8582	0.0	492.2687	0.0	0.0	0.0	375.6777	0.0	0.0	386.36353	571.0234	0.0	1682.3129	61.4612	0.0	0.0	572.14703	967.9432	0.0	0.0	150.30556	0.0	0.0	0.0	1421.2408	0.0	0.0	0.0	197.31354	0.0	0.0	0.0	829.53534	1358.5662	0.0	431.296	0.0	0.0	190.56987	0.0	114.24188	0.0	0.0	0.0	0.0	0.0	0.0	0.0	462.5441	0.0	899.6467	0.0	0.0	493.969	0.0	0.0
0.0	400.46432	0.0	467.02896	0.0	0.0	25.133398	0.0	0.0	0.0	0.0	53.71817	0.0	0.0	1712.8008	0.0	845.8553	0.0	0.0	964.353	0.0	0.0	0.0	532.835	0.0	0.0	787.3125	0.0	0.0	515.3132	0.0	0.0	0.0	0.0	0.0	624.46136	0.0	145.89214	0.0	0.0	488.60825	61.84496	796.91754	0.0	0.0	0.0	504.0281	610.13434	362.7953	0.0	0.0	0.0	0.0	789.8555	0.0	0.0	52.800213	0.0	0.0	466.76028	273.769	0.0	0.0	0.0	0.0	0.0	146.23991	626.91095	0.0	892.9084	532.91974	0.0	969.2513	0.0	521.2434	0.0	0.0	0.0	423.48526	0.0	0.0	435.22855	620.12683	0.0	1841.1869	62.894	0.0	0.0	609.5503	1064.4248	0.0	0.0	163.14983	0.0	0.0	0.0	1557.9481	0.0	0.0	0.0	207.59142	0.0	0.0	0.0	908.63226	1487.3497	0.0	474.5079	0.0	0.0	214.19405	0.0	113.22113	0.0	0.0	0.0	0.0	0.0	0.0	0.0	499.99756	0.0	980.1094	0.0	0.0	545.42865	0.0	0.0
0.0	397.37338	0.0	461.547	0.0	0.0	23.181458	0.0	0.0	0.0	0.0	53.17541	0.0	0.0	1682.3395	0.0	832.3357	0.0	0.0	951.2912	0.0	0.0	0.0	524.866	0.0	0.0	774.4836	0.0	0.0	506.26855	0.0	0.0	0.0	0.0	0.0	618.1639	0.0	142.57173	0.0	0.0	477.5341	59.386475	782.62524	0.0	0.0	0.0	497.67563	601.45074	358.21106	0.0	0.0	0.0	0.0	780.4612	0.0	0.0	53.80834	0.0	0.0	457.16824	271.92575	0.0	0.0	0.0	0.0	0.0	144.23206	616.09155	0.0	879.66016	526.1251	0.0	952.7068	0.0	516.4505	0.0	0.0	0.0	414.4343	0.0	0.0	426.37268	611.65985	0.0	1811.4169	61.8403	0.0	0.0	603.51385	1046.0116	0.0	0.0	160.14973	0.0	0.0	0.0	1535.306	0.0	0.0	0.0	203.3535	0.0	0.0	0.0	893.4003	1464.0922	0.0	464.75952	0.0	0.0	210.23427	0.0	113.115265	0.0	0.0	0.0	0.0	0.0	0.0	0.0	494.4817	0.0	966.0957	0.0	0.0	536.88495	0.0	0.0
0.0	395.2615	0.0	460.15152	0.0	0.0	24.862457	0.0	0.0	0.0	0.0	52.554977	0.0	0.0	1694.4503	0.0	836.30444	0.0	0.0	950.9453	0.0	0.0	0.0	527.75806	0.0	0.0	777.7199	0.0	0.0	508.27002	0.0	0.0	0.0	0.0	0.0	616.065	0.0	142.42473	0.0	0.0	483.87912	60.716938	787.68854	0.0	0.0	0.0	496.83188	605.16473	358.80276	0.0	0.0	0.0	0.0	782.1136	0.0	0.0	54.65855	0.0	0.0	461.58774	273.2112	0.0	0.0	0.0	0.0	0.0	145.01128	619.11774	0.0	881.2005	526.28235	0.0	959.9463	0.0	515.18494	0.0	0.0	0.0	418.23526	0.0	0.0	430.14197	613.3493	0.0	1816.1128	61.659363	0.0	0.0	602.0903	1052.436	0.0	0.0	161.11853	0.0	0.0	0.0	1535.2367	0.0	0.0	0.0	208.79456	0.0	0.0	0.0	897.696	1468.6659	0.0	466.98853	0.0	0.0	211.13023	0.0	111.13248	0.0	0.0	0.0	0.0	0.0	0.0	0.0	494.2927	0.0	966.0799	0.0	0.0	536.6445	0.0	0.0
0.0	373.7373	0.0	419.46326	0.0	0.0	19.04099	0.0	0.0	0.0	0.0	47.322857	0.0	0.0	1554.057	0.0	772.4063	0.0	0.0	879.7502	0.0	0.0	0.0	481.3771	0.0	0.0	709.239	0.0	0.0	467.14697	0.0	0.0	0.0	0.0	0.0	577.8462	0.0	130.63277	0.0	0.0	437.11026	49.912724	718.14044	0.0	0.0	0.0	469.14645	562.6154	327.62244	0.0	0.0	0.0	0.0	730.15106	0.0	0.0	60.333317	0.0	0.0	410.46664	256.94363	0.0	0.0	0.0	0.0	0.0	131.30478	566.8633	0.0	815.85187	489.337	0.0	879.0662	0.0	490.80493	0.0	0.0	0.0	370.43063	0.0	0.0	381.66806	566.6855	0.0	1667.1053	62.018208	0.0	0.0	569.9631	962.63104	0.0	0.0	149.83588	0.0	0.0	0.0	1407.7008	0.0	0.0	0.0	199.88176	0.0	0.0	0.0	825.4438	1348.4489	0.0	427.21744	0.0	0.0	188.35585	0.0	115.4168	0.0	0.0	0.0	0.0	0.0	0.0	0.0	459.96762	0.0	892.9445	0.0	0.0	490.18042	0.0	0.0
0.0	386.1738	0.0	446.53284	0.0	0.0	22.59996	0.0	0.0	0.0	0.0	52.179432	0.0	0.0	1651.9253	0.0	813.06934	0.0	0.0	923.77124	0.0	0.0	0.0	513.393	0.0	0.0	754.03937	0.0	0.0	493.43445	0.0	0.0	0.0	0.0	0.0	601.6574	0.0	140.23668	0.0	0.0	470.5045	58.186005	765.26196	0.0	0.0	0.0	484.8008	590.5762	348.48154	0.0	0.0	0.0	0.0	764.77936	0.0	0.0	57.798847	0.0	0.0	446.1561	267.36404	0.0	0.0	0.0	0.0	0.0	141.16011	602.8757	0.0	858.5124	512.1799	0.0	935.638	0.0	503.9357	0.0	0.0	0.0	402.78494	0.0	0.0	416.17163	598.314	0.0	1764.7047	61.967968	0.0	0.0	587.96875	1024.0122	0.0	0.0	160.46098	0.0	0.0	0.0	1487.9952	0.0	0.0	0.0	209.63672	0.0	0.0	0.0	874.3255	1425.359	0.0	452.13364	0.0	0.0	201.90674	0.0	110.29132	0.0	0.0	0.0	0.0	0.0	0.0	0.0	483.32443	0.0	937.95905	0.0	0.0	519.8331	0.0	0.0
0.0	401.87955	0.0	470.18588	0.0	0.0	26.935379	0.0	0.0	0.0	0.0	53.501232	0.0	0.0	1729.5938	0.0	853.46515	0.0	0.0	971.49194	0.0	0.0	0.0	538.6315	0.0	0.0	794.7824	0.0	0.0	519.92694	0.0	0.0	0.0	0.0	0.0	627.06055	0.0	146.8126	0.0	0.0	494.69092	61.715183	802.9995	0.0	0.0	0.0	507.79614	616.6371	365.3033	0.0	0.0	0.0	0.0	795.8139	0.0	0.0	52.930206	0.0	0.0	471.79288	277.81448	0.0	0.0	0.0	0.0	0.0	148.7301	631.5776	0.0	899.16876	536.44855	0.0	978.9905	0.0	524.6326	0.0	0.0	0.0	427.25342	0.0	0.0	439.08688	625.1516	0.0	1855.6891	63.30667	0.0	0.0	614.659	1074.9669	0.0	0.0	163.88689	0.0	0.0	0.0	1569.8773	0.0	0.0	0.0	210.79811	0.0	0.0	0.0	916.1878	1499.6556	0.0	478.72372	0.0	0.0	216.51476	0.0	114.12701	0.0	0.0	0.0	0.0	0.0	0.0	0.0	502.72342	0.0	987.0215	0.0	0.0	550.1337	0.0	0.0
0.0	389.4409	0.0	451.6832	0.0	0.0	25.55137	0.0	0.0	0.0	0.0	50.950237	0.0	0.0	1679.2936	0.0	828.0125	0.0	0.0	938.3741	0.0	0.0	0.0	520.7316	0.0	0.0	765.36127	0.0	0.0	502.35208	0.0	0.0	0.0	0.0	0.0	608.92145	0.0	144.59232	0.0	0.0	476.61548	57.968445	774.4971	0.0	0.0	0.0	496.62366	600.45386	350.69418	0.0	0.0	0.0	0.0	772.7878	0.0	0.0	57.374725	0.0	0.0	451.62448	272.05167	0.0	0.0	0.0	0.0	0.0	144.42511	609.1348	0.0	871.8377	518.989	0.0	949.08203	0.0	513.4915	0.0	0.0	0.0	405.94104	0.0	0.0	419.90536	605.01196	0.0	1791.9237	64.80183	0.0	0.0	601.832	1041.1986	0.0	0.0	160.74423	0.0	0.0	0.0	1511.6182	0.0	0.0	0.0	213.59741	0.0	0.0	0.0	886.9199	1448.6888	0.0	464.0784	0.0	0.0	207.33215	0.0	116.55297	0.0	0.0	0.0	0.0	0.0	0.0	0.0	486.5773	0.0	953.4487	0.0	0.0	530.34894	0.0	0.0
0.0	377.60547	0.0	429.27808	0.0	0.0	20.368551	0.0	0.0	0.0	0.0	48.38966	0.0	0.0	1589.0311	0.0	788.20636	0.0	0.0	896.13715	0.0	0.0	0.0	493.8289	0.0	0.0	725.94147	0.0	0.0	477.14365	0.0	0.0	0.0	0.0	0.0	587.04224	0.0	133.90596	0.0	0.0	448.1527	52.655018	734.31274	0.0	0.0	0.0	476.30972	573.68713	335.2441	0.0	0.0	0.0	0.0	743.3007	0.0	0.0	58.480743	0.0	0.0	423.12585	261.87955	0.0	0.0	0.0	0.0	0.0	135.2122	579.0844	0.0	831.74677	499.1079	0.0	899.6805	0.0	496.45654	0.0	0.0	0.0	381.28098	0.0	0.0	393.3346	577.90283	0.0	1702.0884	61.18828	0.0	0.0	577.9303	985.4214	0.0	0.0	152.05406	0.0	0.0	0.0	1437.9819	0.0	0.0	0.0	203.568	0.0	0.0	0.0	842.6411	1377.4305	0.0	436.2609	0.0	0.0	193.08862	0.0	114.71679	0.0	0.0	0.0	0.0	0.0	0.0	0.0	468.71964	0.0	910.4988	0.0	0.0	501.43262	0.0	0.0
0.0	419.26016	0.0	574.6325	0.0	0.0	83.94116	0.0	0.0	0.0	0.0	70.96798	0.0	0.0	2162.7588	0.0	1064.8682	0.0	0.0	1124.9106	0.0	0.0	0.0	689.3547	0.0	0.0	966.92773	0.0	0.0	639.8726	0.0	0.0	0.0	0.0	0.0	724.9351	0.0	180.09785	0.0	0.0	602.7403	72.48902	946.9409	0.0	0.0	0.0	615.8558	770.4626	428.2976	0.0	0.0	0.0	0.0	965.4406	0.0	0.0	79.830894	0.0	0.0	581.58057	373.56046	0.0	0.0	0.0	0.0	0.0	216.81671	748.6885	0.0	1087.5668	647.9178	0.0	1231.3962	0.0	607.4991	0.0	0.0	0.0	476.6389	0.0	0.0	524.8378	743.6447	0.0	2186.0151	68.22871	0.0	0.0	739.86115	1353.8033	0.0	0.0	191.62206	0.0	0.0	37.161335	1829.2441	0.0	0.0	0.0	315.24402	0.0	0.0	0.0	1102.3196	1803.1332	0.0	595.26074	0.0	0.0	280.4454	0.0	130.35602	0.0	0.0	0.0	0.0	0.0	0.0	0.0	576.6636	0.0	1184.9248	0.0	0.0	668.9913	0.0	0.0
0.0	403.31058	0.0	542.40936	0.0	0.0	68.456505	0.0	0.0	0.0	0.0	64.51396	0.0	0.0	2033.3984	0.0	997.1716	0.0	0.0	1065.942	0.0	0.0	0.0	644.92224	0.0	0.0	907.1147	0.0	0.0	599.7618	0.0	0.0	0.0	0.0	0.0	693.80133	0.0	172.1339	0.0	0.0	567.538	70.972534	893.86786	0.0	0.0	0.0	584.06616	727.2551	406.6454	0.0	0.0	0.0	0.0	920.1179	0.0	0.0	73.97189	0.0	0.0	545.55115	353.6157	0.0	0.0	0.0	0.0	0.0	202.09558	704.56696	0.0	1026.0997	615.61096	0.0	1159.3091	0.0	582.7394	0.0	0.0	0.0	445.2487	0.0	0.0	492.76175	705.9512	0.0	2063.9583	68.662544	0.0	0.0	704.9205	1269.843	0.0	0.0	183.49475	0.0	0.0	30.230742	1726.1681	0.0	0.0	0.0	295.99152	0.0	0.0	0.0	1041.1935	1697.6107	0.0	553.09033	0.0	0.0	260.09775	0.0	128.78484	0.0	0.0	0.0	0.0	0.0	0.0	0.0	554.34204	0.0	1118.3795	0.0	0.0	626.6882	0.0	0.0
0.0	404.822	0.0	546.1733	0.0	0.0	69.23094	0.0	0.0	0.0	0.0	65.50487	0.0	0.0	2045.0986	0.0	1003.92755	0.0	0.0	1071.6075	0.0	0.0	0.0	651.0039	0.0	0.0	914.8775	0.0	0.0	604.3094	0.0	0.0	0.0	0.0	0.0	696.48553	0.0	173.43758	0.0	0.0	570.01227	69.95966	899.7391	0.0	0.0	0.0	586.9495	730.2158	410.03662	0.0	0.0	0.0	0.0	923.5053	0.0	0.0	73.040245	0.0	0.0	549.67554	355.1018	0.0	0.0	0.0	0.0	0.0	203.53773	709.3501	0.0	1033.4185	619.77563	0.0	1165.4398	0.0	583.1308	0.0	0.0	0.0	450.50967	0.0	0.0	496.51648	709.5057	0.0	2075.4675	66.539764	0.0	0.0	708.3737	1277.9714	0.0	0.0	183.34167	0.0	0.0	29.502138	1739.193	0.0	0.0	0.0	297.5469	0.0	0.0	0.0	1048.0938	1708.9161	0.0	558.79364	0.0	0.0	261.14377	0.0	128.81221	0.0	0.0	0.0	0.0	0.0	0.0	0.0	556.13165	0.0	1125.1943	0.0	0.0	632.55	0.0	0.0
0.0	403.36475	0.0	525.2321	0.0	0.0	62.541256	0.0	0.0	0.0	0.0	57.72467	0.0	0.0	1973.8525	0.0	967.11053	0.0	0.0	1053.376	0.0	0.0	0.0	622.13324	0.0	0.0	882.24884	0.0	0.0	585.0949	0.0	0.0	0.0	0.0	0.0	680.0858	0.0	166.18718	0.0	0.0	557.26776	66.1069	876.5723	0.0	0.0	0.0	568.20306	703.56104	397.59583	0.0	0.0	0.0	0.0	893.825	0.0	0.0	67.8891	0.0	0.0	531.39984	338.39108	0.0	0.0	0.0	0.0	0.0	187.24365	690.7575	0.0	997.3116	598.4235	0.0	1123.1454	0.0	573.0942	0.0	0.0	0.0	448.0378	0.0	0.0	484.1803	691.9822	0.0	2029.2533	66.95168	0.0	0.0	688.4322	1226.9503	0.0	0.0	180.26692	0.0	0.0	23.901787	1698.2479	0.0	0.0	0.0	276.82022	0.0	0.0	0.0	1018.05	1658.8955	0.0	540.5649	0.0	0.0	254.276	0.0	127.408775	0.0	0.0	0.0	0.0	0.0	0.0	0.0	544.8167	0.0	1088.3896	0.0	0.0	611.988	0.0	0.0
0.0	401.20547	0.0	504.5459	0.0	0.0	50.06017	0.0	0.0	0.0	0.0	52.556503	0.0	0.0	1900.4521	0.0	928.9326	0.0	0.0	1026.1908	0.0	0.0	0.0	596.6145	0.0	0.0	852.48016	0.0	0.0	564.19525	0.0	0.0	0.0	0.0	0.0	662.4161	0.0	165.10707	0.0	0.0	540.6698	65.22553	852.8826	0.0	0.0	0.0	550.42896	677.38116	383.95068	0.0	0.0	0.0	0.0	862.89087	0.0	0.0	60.37566	0.0	0.0	512.7901	321.4114	0.0	0.0	0.0	0.0	0.0	175.10011	669.0241	0.0	965.1176	578.28253	0.0	1079.9269	0.0	559.9327	0.0	0.0	0.0	438.99927	0.0	0.0	468.30545	670.84784	0.0	1970.986	67.78105	0.0	0.0	666.99585	1180.8175	0.0	0.0	178.15582	0.0	0.0	15.712401	1650.461	0.0	0.0	0.0	262.96353	0.0	0.0	0.0	987.13617	1604.4672	0.0	520.76025	0.0	0.0	240.0331	0.0	127.08344	0.0	0.0	0.0	0.0	0.0	0.0	0.0	531.10583	0.0	1051.9135	0.0	0.0	591.18097	0.0	0.0
0.0	391.76425	0.0	477.6548	0.0	0.0	38.859295	0.0	0.0	0.0	0.0	50.754208	0.0	0.0	1791.6699	0.0	878.3039	0.0	0.0	978.25464	0.0	0.0	0.0	562.5917	0.0	0.0	808.6816	0.0	0.0	531.51764	0.0	0.0	0.0	0.0	0.0	637.5392	0.0	155.04062	0.0	0.0	507.57748	59.112946	809.6435	0.0	0.0	0.0	524.7437	641.6275	365.6837	0.0	0.0	0.0	0.0	822.59717	0.0	0.0	61.54712	0.0	0.0	480.474	303.72733	0.0	0.0	0.0	0.0	0.0	162.57008	634.3115	0.0	918.99805	551.48224	0.0	1018.8433	0.0	539.58984	0.0	0.0	0.0	416.68033	0.0	0.0	439.3732	638.56244	0.0	1872.0717	65.4128	0.0	0.0	637.73486	1113.2487	0.0	0.0	168.5308	0.0	0.0	9.002333	1573.1432	0.0	0.0	0.0	244.96521	0.0	0.0	0.0	937.7049	1523.4482	0.0	489.2186	0.0	0.0	222.25017	0.0	125.63309	0.0	0.0	0.0	0.0	0.0	0.0	0.0	510.57083	0.0	999.79834	0.0	0.0	560.47876	0.0	0.0
0.0	406.5574	0.0	547.60547	0.0	0.0	71.88387	0.0	0.0	0.0	0.0	64.22228	0.0	0.0	2050.907	0.0	1006.73834	0.0	0.0	1075.9043	0.0	0.0	0.0	651.3885	0.0	0.0	915.62866	0.0	0.0	605.79767	0.0	0.0	0.0	0.0	0.0	698.1612	0.0	173.3503	0.0	0.0	572.97015	68.99345	900.8008	0.0	0.0	0.0	588.4094	733.05493	410.28336	0.0	0.0	0.0	0.0	925.9334	0.0	0.0	74.52399	0.0	0.0	550.52496	357.6492	0.0	0.0	0.0	0.0	0.0	203.23515	710.8859	0.0	1033.8556	620.3359	0.0	1169.2296	0.0	586.6924	0.0	0.0	0.0	451.47595	0.0	0.0	498.2185	711.8726	0.0	2081.3923	66.98042	0.0	0.0	712.8453	1280.211	0.0	0.0	183.07054	0.0	0.0	31.851988	1743.0098	0.0	0.0	0.0	297.56992	0.0	0.0	0.0	1050.4707	1713.1552	0.0	558.81146	0.0	0.0	264.70554	0.0	130.93958	0.0	0.0	0.0	0.0	0.0	0.0	0.0	559.3826	0.0	1127.3737	0.0	0.0	634.4787	0.0	0.0
0.0	401.60666	0.0	541.14264	0.0	0.0	68.836075	0.0	0.0	0.0	0.0	65.92373	0.0	0.0	2022.0951	0.0	991.9487	0.0	0.0	1059.3153	0.0	0.0	0.0	641.6577	0.0	0.0	903.0931	0.0	0.0	597.2247	0.0	0.0	0.0	0.0	0.0	688.9302	0.0	173.18744	0.0	0.0	562.6796	71.501785	888.63525	0.0	0.0	0.0	578.7082	721.61816	405.88168	0.0	0.0	0.0	0.0	913.5297	0.0	0.0	73.1949	0.0	0.0	543.29034	350.98608	0.0	0.0	0.0	0.0	0.0	201.56062	702.5612	0.0	1019.47845	610.8974	0.0	1152.2389	0.0	575.1398	0.0	0.0	0.0	444.41553	0.0	0.0	492.18985	702.41406	0.0	2053.3757	66.926155	0.0	0.0	700.04987	1263.0892	0.0	0.0	182.6787	0.0	0.0	31.704079	1717.2684	0.0	0.0	0.0	293.31052	0.0	0.0	0.0	1034.0016	1687.5035	0.0	550.0525	0.0	0.0	259.0338	0.0	125.027405	0.0	0.0	0.0	0.0	0.0	0.0	0.0	551.8871	0.0	1111.6144	0.0	0.0	624.50775	0.0	0.0
0.0	408.7145	0.0	545.32513	0.0	0.0	71.48739	0.0	0.0	0.0	0.0	64.75063	0.0	0.0	2041.1705	0.0	1003.8205	0.0	0.0	1076.5176	0.0	0.0	0.0	646.8388	0.0	0.0	912.2908	0.0	0.0	604.0241	0.0	0.0	0.0	0.0	0.0	695.12085	0.0	170.66174	0.0	0.0	571.3433	69.247986	898.68085	0.0	0.0	0.0	585.2868	728.1839	410.10852	0.0	0.0	0.0	0.0	921.2326	0.0	0.0	73.19399	0.0	0.0	547.1836	353.8599	0.0	0.0	0.0	0.0	0.0	197.77832	711.58905	0.0	1028.5592	616.7229	0.0	1163.6796	0.0	583.72534	0.0	0.0	0.0	453.8701	0.0	0.0	497.51807	710.11346	0.0	2080.3108	66.2765	0.0	0.0	706.25055	1272.9803	0.0	0.0	182.87958	0.0	0.0	32.1565	1740.3842	0.0	0.0	0.0	293.87482	0.0	0.0	0.0	1045.7946	1708.1334	0.0	557.7247	0.0	0.0	262.8661	0.0	126.88639	0.0	0.0	0.0	0.0	0.0	0.0	0.0	556.81177	0.0	1122.0764	0.0	0.0	630.5621	0.0	0.0
0.0	407.31653	0.0	539.60046	0.0	0.0	65.76461	0.0	0.0	0.0	0.0	62.14839	0.0	0.0	2028.7686	0.0	993.9883	0.0	0.0	1069.3136	0.0	0.0	0.0	640.6504	0.0	0.0	905.5197	0.0	0.0	600.80255	0.0	0.0	0.0	0.0	0.0	689.90717	0.0	171.96184	0.0	0.0	570.21783	70.1964	895.1206	0.0	0.0	0.0	582.0788	721.7885	405.54062	0.0	0.0	0.0	0.0	915.2222	0.0	0.0	71.2102	0.0	0.0	542.78906	347.86337	0.0	0.0	0.0	0.0	0.0	196.23872	705.2674	0.0	1022.2994	611.07806	0.0	1155.118	0.0	581.393	0.0	0.0	0.0	452.18896	0.0	0.0	492.3773	705.09845	0.0	2070.7856	70.603645	0.0	0.0	701.86444	1264.1849	0.0	0.0	185.63269	0.0	0.0	26.417229	1731.3802	0.0	0.0	0.0	291.23743	0.0	0.0	0.0	1042.9924	1696.954	0.0	557.0368	0.0	0.0	258.69028	0.0	127.121605	0.0	0.0	0.0	0.0	0.0	0.0	0.0	551.67267	0.0	1113.0869	0.0	0.0	625.8414	0.0	0.0
0.0	405.80713	0.0	540.62067	0.0	0.0	70.06672	0.0	0.0	0.0	0.0	62.981197	0.0	0.0	2039.4535	0.0	1001.88666	0.0	0.0	1070.6997	0.0	0.0	0.0	646.8254	0.0	0.0	910.62213	0.0	0.0	602.39484	0.0	0.0	0.0	0.0	0.0	694.7446	0.0	173.28548	0.0	0.0	570.3831	67.76014	896.5207	0.0	0.0	0.0	586.622	729.43915	405.67972	0.0	0.0	0.0	0.0	920.24774	0.0	0.0	73.55006	0.0	0.0	546.1101	354.421	0.0	0.0	0.0	0.0	0.0	200.72803	706.81177	0.0	1029.5933	617.3776	0.0	1162.3934	0.0	585.3992	0.0	0.0	0.0	449.1527	0.0	0.0	493.803	707.56146	0.0	2070.1914	68.15152	0.0	0.0	707.6267	1272.9835	0.0	0.0	182.93182	0.0	0.0	29.39752	1732.0626	0.0	0.0	0.0	298.74216	0.0	0.0	0.0	1044.4574	1703.9354	0.0	557.3007	0.0	0.0	260.47693	0.0	130.65668	0.0	0.0	0.0	0.0	0.0	0.0	0.0	554.1527	0.0	1120.7733	0.0	0.0	630.3847	0.0	0.0
0.0	403.87744	0.0	543.3909	0.0	0.0	67.97304	0.0	0.0	0.0	0.0	65.55923	0.0	0.0	2029.1947	0.0	994.89844	0.0	0.0	1064.3251	0.0	0.0	0.0	644.7935	0.0	0.0	906.5351	0.0	0.0	598.5378	0.0	0.0	0.0	0.0	0.0	693.3267	0.0	173.11876	0.0	0.0	564.2381	71.86149	892.43335	0.0	0.0	0.0	581.9365	724.09015	407.08994	0.0	0.0	0.0	0.0	919.7436	0.0	0.0	73.95978	0.0	0.0	544.50195	352.82065	0.0	0.0	0.0	0.0	0.0	201.58667	703.241	0.0	1023.055	614.87256	0.0	1157.5851	0.0	579.71387	0.0	0.0	0.0	444.11307	0.0	0.0	492.5729	704.2261	0.0	2061.4734	67.589165	0.0	0.0	704.3662	1268.3187	0.0	0.0	183.32219	0.0	0.0	31.420774	1725.1053	0.0	0.0	0.0	294.79733	0.0	0.0	0.0	1039.5553	1695.6943	0.0	550.95544	0.0	0.0	259.55408	0.0	126.41335	0.0	0.0	0.0	0.0	0.0	0.0	0.0	554.7549	0.0	1115.6978	0.0	0.0	626.8682	0.0	0.0
0.0	404.756	0.0	536.73334	0.0	0.0	65.34918	0.0	0.0	0.0	0.0	65.65461	0.0	0.0	2001.5576	0.0	984.3045	0.0	0.0	1055.5729	0.0	0.0	0.0	635.29785	0.0	0.0	893.502	0.0	0.0	592.2707	0.0	0.0	0.0	0.0	0.0	689.6289	0.0	169.63062	0.0	0.0	554.79333	69.32661	880.88965	0.0	0.0	0.0	578.0372	717.5605	403.88477	0.0	0.0	0.0	0.0	913.9991	0.0	0.0	72.54972	0.0	0.0	533.8909	349.702	0.0	0.0	0.0	0.0	0.0	196.02556	697.73016	0.0	1012.9339	610.514	0.0	1141.8423	0.0	578.4781	0.0	0.0	0.0	436.66086	0.0	0.0	482.7833	699.1434	0.0	2037.2637	66.71844	0.0	0.0	698.5493	1247.8242	0.0	0.0	181.1402	0.0	0.0	30.298235	1704.6088	0.0	0.0	0.0	292.83224	0.0	0.0	0.0	1024.8829	1673.6583	0.0	541.33856	0.0	0.0	253.10063	0.0	128.02602	0.0	0.0	0.0	0.0	0.0	0.0	0.0	552.3123	0.0	1104.647	0.0	0.0	616.7653	0.0	0.0
0.0	416.29758	0.0	564.6307	0.0	0.0	78.23187	0.0	0.0	0.0	0.0	69.61003	0.0	0.0	2119.7297	0.0	1045.1571	0.0	0.0	1107.8027	0.0	0.0	0.0	674.85065	0.0	0.0	948.70294	0.0	0.0	627.52783	0.0	0.0	0.0	0.0	0.0	717.62274	0.0	174.03857	0.0	0.0	590.04584	72.57218	929.7005	0.0	0.0	0.0	605.513	758.0019	421.8533	0.0	0.0	0.0	0.0	955.31415	0.0	0.0	77.510506	0.0	0.0	567.86597	367.8124	0.0	0.0	0.0	0.0	0.0	209.07384	738.2888	0.0	1067.3998	639.1149	0.0	1208.0863	0.0	600.0677	0.0	0.0	0.0	468.47128	0.0	0.0	512.1584	733.675	0.0	2149.9727	68.03614	0.0	0.0	726.37134	1325.1385	0.0	0.0	189.03566	0.0	0.0	35.631683	1795.3617	0.0	0.0	0.0	309.42038	0.0	0.0	0.0	1079.5278	1770.4257	0.0	579.0981	0.0	0.0	272.52145	0.0	126.64282	0.0	0.0	0.0	0.0	0.0	0.0	0.0	570.20123	0.0	1164.3184	0.0	0.0	652.17	0.0	0.0
0.0	403.14453	0.0	541.4145	0.0	0.0	67.29234	0.0	0.0	0.0	0.0	66.07954	0.0	0.0	2022.9487	0.0	992.486	0.0	0.0	1060.2549	0.0	0.0	0.0	643.48663	0.0	0.0	903.86914	0.0	0.0	597.18353	0.0	0.0	0.0	0.0	0.0	690.36816	0.0	174.89421	0.0	0.0	560.06683	73.01791	890.2703	0.0	0.0	0.0	580.56665	721.4323	404.98035	0.0	0.0	0.0	0.0	914.2724	0.0	0.0	73.91943	0.0	0.0	543.78876	350.2958	0.0	0.0	0.0	0.0	0.0	201.73401	702.0613	0.0	1020.2474	611.8282	0.0	1153.2928	0.0	576.80914	0.0	0.0	0.0	443.6885	0.0	0.0	491.49265	701.892	0.0	2055.278	67.35593	0.0	0.0	701.84033	1264.9949	0.0	0.0	183.19478	0.0	0.0	31.045311	1719.4069	0.0	0.0	0.0	295.24576	0.0	0.0	0.0	1034.6371	1689.0582	0.0	550.2067	0.0	0.0	257.5831	0.0	125.97196	0.0	0.0	0.0	0.0	0.0	0.0	0.0	552.4709	0.0	1112.4486	0.0	0.0	625.537	0.0	0.0
0.0	402.52042	0.0	543.8579	0.0	0.0	69.844955	0.0	0.0	0.0	0.0	66.28536	0.0	0.0	2032.5741	0.0	997.426	0.0	0.0	1063.6465	0.0	0.0	0.0	646.5961	0.0	0.0	907.89453	0.0	0.0	599.4996	0.0	0.0	0.0	0.0	0.0	690.9116	0.0	172.65935	0.0	0.0	564.92914	71.82992	893.07196	0.0	0.0	0.0	581.30145	725.9563	407.4017	0.0	0.0	0.0	0.0	918.47626	0.0	0.0	74.20197	0.0	0.0	546.2227	352.84683	0.0	0.0	0.0	0.0	0.0	202.71814	705.1857	0.0	1024.651	614.0113	0.0	1158.5065	0.0	577.9141	0.0	0.0	0.0	446.15332	0.0	0.0	494.15323	705.72266	0.0	2062.7585	66.22473	0.0	0.0	702.89276	1270.447	0.0	0.0	183.21288	0.0	0.0	32.034863	1725.3795	0.0	0.0	0.0	295.64523	0.0	0.0	0.0	1038.8391	1696.1969	0.0	553.1296	0.0	0.0	260.35043	0.0	124.5066	0.0	0.0	0.0	0.0	0.0	0.0	0.0	553.50586	0.0	1117.602	0.0	0.0	626.5325	0.0	0.0
0.0	404.05945	0.0	542.7134	0.0	0.0	70.77374	0.0	0.0	0.0	0.0	64.961266	0.0	0.0	2030.0326	0.0	996.5093	0.0	0.0	1064.0536	0.0	0.0	0.0	647.0473	0.0	0.0	907.49805	0.0	0.0	598.84863	0.0	0.0	0.0	0.0	0.0	691.95966	0.0	172.05171	0.0	0.0	564.4853	70.866135	893.46606	0.0	0.0	0.0	581.5186	725.50977	407.30383	0.0	0.0	0.0	0.0	918.29175	0.0	0.0	75.069695	0.0	0.0	547.3572	352.88663	0.0	0.0	0.0	0.0	0.0	202.59033	705.2487	0.0	1024.1647	613.38257	0.0	1158.2452	0.0	579.05145	0.0	0.0	0.0	447.67014	0.0	0.0	494.70944	705.7151	0.0	2062.796	65.46853	0.0	0.0	702.028	1269.6317	0.0	0.0	184.43007	0.0	0.0	33.752186	1725.6752	0.0	0.0	0.0	294.92697	0.0	0.0	0.0	1038.5162	1695.3522	0.0	552.6113	0.0	0.0	259.69656	0.0	125.33077	0.0	0.0	0.0	0.0	0.0	0.0	0.0	554.25464	0.0	1117.4232	0.0	0.0	627.076	0.0	0.0
0.0	422.2338	0.0	579.4941	0.0	0.0	86.97766	0.0	0.0	0.0	0.0	73.43203	0.0	0.0	2181.8513	0.0	1076.7616	0.0	0.0	1134.4482	0.0	0.0	0.0	696.409	0.0	0.0	975.8763	0.0	0.0	645.11816	0.0	0.0	0.0	0.0	0.0	729.9118	0.0	179.76204	0.0	0.0	606.41504	71.53809	953.3403	0.0	0.0	0.0	620.932	777.9092	431.3474	0.0	0.0	0.0	0.0	972.4578	0.0	0.0	80.4405	0.0	0.0	586.2895	377.3977	0.0	0.0	0.0	0.0	0.0	218.27202	754.708	0.0	1097.3934	655.30493	0.0	1242.5834	0.0	610.2054	0.0	0.0	0.0	480.88846	0.0	0.0	529.2961	747.9287	0.0	2203.5706	67.61873	0.0	0.0	744.78107	1367.3613	0.0	0.0	191.073	0.0	0.0	38.61002	1844.1802	0.0	0.0	0.0	319.75333	0.0	0.0	0.0	1110.3428	1821.4165	0.0	600.72986	0.0	0.0	284.68674	0.0	129.03877	0.0	0.0	0.0	0.0	0.0	0.0	0.0	579.18036	0.0	1195.8429	0.0	0.0	675.2233	0.0	0.0
0.0	401.87125	0.0	534.96027	0.0	0.0	67.98659	0.0	0.0	0.0	0.0	62.854794	0.0	0.0	2009.173	0.0	986.9251	0.0	0.0	1055.8524	0.0	0.0	0.0	637.3391	0.0	0.0	896.96387	0.0	0.0	594.1938	0.0	0.0	0.0	0.0	0.0	687.261	0.0	172.19356	0.0	0.0	559.93463	67.74903	882.87134	0.0	0.0	0.0	579.51697	718.6136	400.83218	0.0	0.0	0.0	0.0	909.56445	0.0	0.0	72.705086	0.0	0.0	538.5351	350.1055	0.0	0.0	0.0	0.0	0.0	198.9422	697.0098	0.0	1014.47845	609.669	0.0	1145.5825	0.0	578.5346	0.0	0.0	0.0	440.45688	0.0	0.0	486.02832	698.17303	0.0	2041.953	67.12705	0.0	0.0	700.571	1253.8644	0.0	0.0	181.31372	0.0	0.0	29.61547	1709.1927	0.0	0.0	0.0	293.25198	0.0	0.0	0.0	1030.3834	1678.9371	0.0	547.34644	0.0	0.0	256.94467	0.0	130.99666	0.0	0.0	0.0	0.0	0.0	0.0	0.0	549.81354	0.0	1105.2648	0.0	0.0	621.7974	0.0	0.0
0.0	405.21323	0.0	543.8471	0.0	0.0	69.797646	0.0	0.0	0.0	0.0	67.29182	0.0	0.0	2036.1582	0.0	1001.2463	0.0	0.0	1066.3829	0.0	0.0	0.0	647.8311	0.0	0.0	909.0171	0.0	0.0	601.95703	0.0	0.0	0.0	0.0	0.0	695.2415	0.0	172.66106	0.0	0.0	563.5125	69.62214	892.9834	0.0	0.0	0.0	585.9975	728.04156	407.03262	0.0	0.0	0.0	0.0	923.4638	0.0	0.0	73.7247	0.0	0.0	543.1695	354.8557	0.0	0.0	0.0	0.0	0.0	201.75073	706.3919	0.0	1028.3091	618.05505	0.0	1161.1661	0.0	583.6262	0.0	0.0	0.0	442.32712	0.0	0.0	490.1605	705.5954	0.0	2063.6995	66.76742	0.0	0.0	707.91144	1272.2125	0.0	0.0	182.979	0.0	0.0	31.680214	1727.1283	0.0	0.0	0.0	300.08188	0.0	0.0	0.0	1041.4266	1699.8295	0.0	552.2881	0.0	0.0	258.94632	0.0	128.99258	0.0	0.0	0.0	0.0	0.0	0.0	0.0	555.4699	0.0	1119.8658	0.0	0.0	628.801	0.0	0.0
0.0	430.40842	0.0	595.69684	0.0	0.0	90.895966	0.0	0.0	0.0	0.0	72.71697	0.0	0.0	2251.0735	0.0	1111.5002	0.0	0.0	1169.6757	0.0	0.0	0.0	714.8999	0.0	0.0	1005.8416	0.0	0.0	666.6487	0.0	0.0	0.0	0.0	0.0	750.93195	0.0	182.59131	0.0	0.0	632.29034	70.41677	981.38446	0.0	0.0	0.0	639.986	804.1657	441.92197	0.0	0.0	0.0	0.0	1001.0983	0.0	0.0	81.3969	0.0	0.0	604.0129	391.77954	0.0	0.0	0.0	0.0	0.0	226.47876	777.9211	0.0	1133.35	674.70734	0.0	1282.0492	0.0	631.3359	0.0	0.0	0.0	495.48557	0.0	0.0	544.0437	773.56354	0.0	2268.734	72.4283	0.0	0.0	767.5896	1408.0365	0.0	0.0	195.65453	0.0	0.0	35.856255	1896.4141	0.0	0.0	0.0	328.79623	0.0	0.0	0.0	1146.7185	1876.8877	0.0	625.36017	0.0	0.0	296.626	0.0	135.8844	0.0	0.0	0.0	0.0	0.0	0.0	0.0	593.8217	0.0	1232.858	0.0	0.0	695.0938	0.0	0.0
0.0	404.17285	0.0	545.6702	0.0	0.0	71.8507	0.0	0.0	0.0	0.0	67.26008	0.0	0.0	2037.515	0.0	1002.39923	0.0	0.0	1067.4027	0.0	0.0	0.0	648.65204	0.0	0.0	911.647	0.0	0.0	602.1631	0.0	0.0	0.0	0.0	0.0	693.25507	0.0	172.06099	0.0	0.0	567.1014	70.48589	894.01776	0.0	0.0	0.0	584.4085	727.5911	408.72708	0.0	0.0	0.0	0.0	921.5533	0.0	0.0	74.31113	0.0	0.0	547.14496	354.57925	0.0	0.0	0.0	0.0	0.0	202.2783	707.7973	0.0	1027.9801	617.5188	0.0	1161.3588	0.0	580.1758	0.0	0.0	0.0	446.20056	0.0	0.0	493.9592	706.0539	0.0	2067.8037	65.57676	0.0	0.0	705.32965	1273.6592	0.0	0.0	181.91632	0.0	0.0	33.103966	1731.8156	0.0	0.0	0.0	296.99295	0.0	0.0	0.0	1041.536	1701.7504	0.0	553.98004	0.0	0.0	261.71286	0.0	127.05106	0.0	0.0	0.0	0.0	0.0	0.0	0.0	554.89307	0.0	1120.4335	0.0	0.0	629.081	0.0	0.0
0.0	406.77084	0.0	539.0899	0.0	0.0	68.77318	0.0	0.0	0.0	0.0	62.51356	0.0	0.0	2028.749	0.0	995.8592	0.0	0.0	1069.444	0.0	0.0	0.0	641.8059	0.0	0.0	905.78094	0.0	0.0	599.43097	0.0	0.0	0.0	0.0	0.0	691.4611	0.0	172.23271	0.0	0.0	569.2027	68.87	893.824	0.0	0.0	0.0	582.81445	724.07306	405.0743	0.0	0.0	0.0	0.0	914.4226	0.0	0.0	72.56304	0.0	0.0	543.5406	349.99988	0.0	0.0	0.0	0.0	0.0	196.6014	704.1806	0.0	1022.99054	613.16016	0.0	1154.674	0.0	582.28076	0.0	0.0	0.0	450.11072	0.0	0.0	493.79337	703.986	0.0	2066.872	68.970474	0.0	0.0	703.6785	1265.1152	0.0	0.0	182.35887	0.0	0.0	28.388618	1728.9751	0.0	0.0	0.0	292.9015	0.0	0.0	0.0	1041.0328	1698.1167	0.0	554.79456	0.0	0.0	260.67288	0.0	129.10355	0.0	0.0	0.0	0.0	0.0	0.0	0.0	552.1246	0.0	1113.6362	0.0	0.0	626.77844	0.0	0.0
0.0	407.19302	0.0	537.104	0.0	0.0	65.06533	0.0	0.0	0.0	0.0	59.563038	0.0	0.0	2019.389	0.0	989.81464	0.0	0.0	1066.5985	0.0	0.0	0.0	639.09106	0.0	0.0	904.4722	0.0	0.0	596.6407	0.0	0.0	0.0	0.0	0.0	690.0788	0.0	169.84431	0.0	0.0	571.01825	67.40195	891.57904	0.0	0.0	0.0	579.7554	720.47406	405.24033	0.0	0.0	0.0	0.0	913.5433	0.0	0.0	70.35996	0.0	0.0	543.27246	350.59824	0.0	0.0	0.0	0.0	0.0	195.95569	702.3369	0.0	1020.5808	611.27423	0.0	1150.9279	0.0	582.18365	0.0	0.0	0.0	451.2135	0.0	0.0	492.95654	704.13525	0.0	2060.0234	68.717186	0.0	0.0	701.13916	1259.6195	0.0	0.0	183.09229	0.0	0.0	25.137016	1724.8466	0.0	0.0	0.0	289.40463	0.0	0.0	0.0	1040.5726	1691.911	0.0	552.15826	0.0	0.0	259.00424	0.0	129.51353	0.0	0.0	0.0	0.0	0.0	0.0	0.0	552.5739	0.0	1110.1704	0.0	0.0	623.7941	0.0	0.0
0.0	407.81152	0.0	539.85376	0.0	0.0	67.30338	0.0	0.0	0.0	0.0	61.09651	0.0	0.0	2028.0912	0.0	994.2214	0.0	0.0	1071.3065	0.0	0.0	0.0	640.36084	0.0	0.0	906.2234	0.0	0.0	599.9727	0.0	0.0	0.0	0.0	0.0	691.70776	0.0	170.90852	0.0	0.0	571.55743	68.90204	894.4744	0.0	0.0	0.0	581.8538	722.13043	405.51013	0.0	0.0	0.0	0.0	915.9041	0.0	0.0	70.711296	0.0	0.0	544.7459	348.8772	0.0	0.0	0.0	0.0	0.0	196.60234	706.10516	0.0	1023.05634	611.788	0.0	1154.8813	0.0	583.0933	0.0	0.0	0.0	452.97427	0.0	0.0	493.89404	706.8535	0.0	2071.541	69.57656	0.0	0.0	702.99805	1264.0145	0.0	0.0	185.06105	0.0	0.0	26.888674	1731.6161	0.0	0.0	0.0	289.09915	0.0	0.0	0.0	1043.1597	1697.9984	0.0	556.1787	0.0	0.0	260.97006	0.0	128.31105	0.0	0.0	0.0	0.0	0.0	0.0	0.0	553.9316	0.0	1115.3302	0.0	0.0	625.88104	0.0	0.0
0.0	375.8252	0.0	422.72913	0.0	0.0	21.211847	0.0	0.0	0.0	0.0	47.748257	0.0	0.0	1572.3965	0.0	779.8748	0.0	0.0	887.863	0.0	0.0	0.0	486.58035	0.0	0.0	717.73615	0.0	0.0	471.49084	0.0	0.0	0.0	0.0	0.0	580.5315	0.0	131.9533	0.0	0.0	445.6465	50.5125	726.5179	0.0	0.0	0.0	471.37473	567.87006	331.44006	0.0	0.0	0.0	0.0	735.9013	0.0	0.0	58.786926	0.0	0.0	417.49097	257.6932	0.0	0.0	0.0	0.0	0.0	131.96019	574.46027	0.0	823.04913	491.95285	0.0	889.486	0.0	492.85947	0.0	0.0	0.0	378.8578	0.0	0.0	389.38394	571.6956	0.0	1685.5273	61.792812	0.0	0.0	570.73175	974.028	0.0	0.0	151.85838	0.0	0.0	0.0	1422.0361	0.0	0.0	0.0	201.48193	0.0	0.0	0.0	835.21924	1363.5568	0.0	433.11588	0.0	0.0	191.13625	0.0	114.26952	0.0	0.0	0.0	0.0	0.0	0.0	0.0	463.22766	0.0	900.2722	0.0	0.0	495.26706	0.0	0.0
0.0	388.21924	0.0	447.1135	0.0	0.0	29.049734	0.0	0.0	0.0	0.0	55.50226	0.0	0.0	1681.7559	0.0	824.47925	0.0	0.0	934.3801	0.0	0.0	0.0	516.24243	0.0	0.0	760.9476	0.0	0.0	501.07065	0.0	0.0	0.0	0.0	0.0	597.76276	0.0	141.54175	0.0	0.0	487.41568	54.21773	771.9077	0.0	0.0	0.0	487.6049	596.0728	351.00232	0.0	0.0	0.0	0.0	771.8415	0.0	0.0	53.631046	0.0	0.0	449.1399	265.76056	0.0	0.0	0.0	0.0	0.0	134.9193	616.3461	0.0	863.3777	508.99838	0.0	951.8123	0.0	504.6733	0.0	0.0	0.0	414.72702	0.0	0.0	426.41006	602.606	0.0	1791.0533	67.169106	0.0	0.0	582.82355	1039.6364	0.0	0.0	165.35616	0.0	0.0	5.5572696	1502.6991	0.0	0.0	0.0	216.41911	0.0	0.0	0.0	890.04224	1442.8947	0.0	466.45743	0.0	0.0	207.40063	0.0	105.60602	0.0	0.0	0.0	0.0	0.0	0.0	0.0	482.84286	0.0	941.1091	0.0	0.0	527.1337	0.0	0.0
0.0	681.3394	0.0	314.8295	0.0	0.0	67.062325	0.0	0.0	0.0	0.0	37.551357	0.0	0.0	1257.0104	59.964207	877.6853	0.0	0.0	1091.5985	0.0	0.0	0.0	409.5636	63.29486	0.0	575.7317	0.0	0.0	328.70505	0.0	0.0	0.0	0.0	0.0	997.37823	0.0	57.702545	0.0	0.0	311.1103	0.0	415.4535	0.0	762.83563	0.0	643.7669	1070.9178	511.35873	100.78199	0.0	0.0	0.0	1048.7546	0.0	0.0	349.78647	0.0	0.0	363.08322	584.5381	0.0	0.0	0.0	0.0	0.0	178.72078	526.12177	0.0	824.6712	743.4467	0.0	495.39453	0.0	738.5004	0.0	0.0	0.0	118.02148	0.0	0.0	350.5592	714.53253	0.0	1312.7285	73.810555	0.0	0.0	800.84686	756.22577	0.0	0.0	45.858738	0.0	0.0	77.24966	1049.0892	0.0	0.0	0.0	349.40115	0.0	0.0	0.0	432.87692	1128.0325	0.0	185.77632	0.0	0.0	113.78359	0.0	252.34526	0.0	0.0	0.0	0.0	0.0	0.0	0.0	670.738	0.0	911.71094	0.0	0.0	225.14734	0.0	0.0
0.0	385.29605	0.0	439.9904	0.0	0.0	29.204346	0.0	0.0	0.0	0.0	54.51819	0.0	0.0	1653.8193	0.0	814.9676	0.0	0.0	923.68475	0.0	0.0	0.0	505.9039	0.0	0.0	748.8684	0.0	0.0	496.99692	0.0	0.0	0.0	0.0	0.0	588.7661	0.0	136.98505	0.0	0.0	479.25156	49.99354	757.95605	0.0	0.0	0.0	482.32663	586.4908	344.6648	0.0	0.0	0.0	0.0	760.6753	0.0	0.0	50.965225	0.0	0.0	436.17624	259.72705	0.0	0.0	0.0	0.0	0.0	129.7849	609.5347	0.0	850.88257	500.8479	0.0	934.6584	0.0	499.16946	0.0	0.0	0.0	408.81796	0.0	0.0	415.1211	594.0321	0.0	1766.3375	67.10303	0.0	0.0	576.57245	1020.9727	0.0	0.0	162.57074	0.0	0.0	5.110558	1481.899	0.0	0.0	0.0	212.10522	0.0	0.0	0.0	876.25885	1420.5074	0.0	464.48373	0.0	0.0	204.55591	0.0	106.11071	0.0	0.0	0.0	0.0	0.0	0.0	0.0	474.39078	0.0	929.3433	0.0	0.0	518.5002	0.0	0.0
0.0	394.1625	0.0	459.48584	0.0	0.0	38.790916	0.0	0.0	0.0	0.0	59.403927	0.0	0.0	1727.3024	0.0	846.4702	0.0	0.0	956.3304	0.0	0.0	0.0	528.32837	0.0	0.0	779.9201	0.0	0.0	518.46045	0.0	0.0	0.0	0.0	0.0	596.8047	0.0	141.21606	0.0	0.0	505.8046	50.18559	783.73663	0.0	0.0	0.0	490.08325	605.06586	358.72116	0.0	0.0	0.0	0.0	785.2695	0.0	0.0	44.916122	0.0	0.0	455.78198	267.1637	0.0	0.0	0.0	0.0	0.0	132.63908	638.61005	0.0	875.9104	511.63303	0.0	976.4677	0.0	503.3784	0.0	0.0	0.0	434.6024	0.0	0.0	439.01962	614.68945	0.0	1835.1002	67.77744	0.0	0.0	584.4754	1066.082	0.0	0.0	169.55537	0.0	0.0	14.23298	1535.352	0.0	0.0	0.0	220.5562	0.0	0.0	0.0	909.6838	1473.743	0.0	486.036	0.0	0.0	217.74779	0.0	96.16919	0.0	0.0	0.0	0.0	0.0	0.0	0.0	486.37582	0.0	956.61395	0.0	0.0	538.92255	0.0	0.0
0.0	443.4053	0.0	500.70715	0.0	0.0	38.465305	0.0	0.0	0.0	0.0	74.77776	0.0	0.0	1726.0287	0.0	823.11554	0.0	0.0	951.6507	0.0	0.0	0.0	537.4848	0.0	52.715527	810.31323	0.0	0.0	532.53076	0.0	0.0	0.0	0.0	0.0	603.53375	0.0	95.62314	0.0	0.0	497.47256	84.070076	795.361	0.0	0.0	0.0	435.73325	588.75653	413.58304	0.0	0.0	0.0	0.0	826.5964	0.0	0.0	57.67221	0.0	0.0	489.92502	279.58127	0.0	0.0	0.0	0.0	0.0	135.00066	667.75323	0.0	884.15594	504.3976	0.0	954.88983	0.0	472.42783	15.553066	0.0	0.0	454.15244	0.0	0.0	446.82333	665.90814	0.0	1877.8761	59.667164	0.0	0.0	544.6545	1066.7437	0.0	0.0	177.76573	0.0	0.0	28.543365	1551.854	0.0	0.0	0.0	161.40706	0.0	0.0	0.0	902.8047	1485.8917	0.0	450.599	0.0	0.0	225.29889	0.0	69.36237	0.0	0.0	0.0	0.0	0.0	0.0	0.0	522.6798	0.0	1010.77594	0.0	0.0	514.28864	0.0	0.0
0.0	386.0586	0.0	431.93286	0.0	0.0	25.050797	0.0	0.0	0.0	0.0	51.963734	0.0	0.0	1624.729	0.0	802.4627	0.0	0.0	914.2869	0.0	0.0	0.0	497.2123	0.0	0.0	736.4455	0.0	0.0	487.15732	0.0	0.0	0.0	0.0	0.0	590.4345	0.0	133.08864	0.0	0.0	467.41553	50.564457	748.3498	0.0	0.0	0.0	479.0476	582.0774	341.37015	0.0	0.0	0.0	0.0	756.5451	0.0	0.0	57.15642	0.0	0.0	429.65396	261.19394	0.0	0.0	0.0	0.0	0.0	129.5435	599.9572	0.0	842.1538	499.86948	0.0	919.75385	0.0	502.58774	0.0	0.0	0.0	398.10733	0.0	0.0	405.59354	589.6438	0.0	1740.7456	65.174126	0.0	0.0	575.08374	1002.3879	0.0	0.0	160.64851	0.0	0.0	0.942503	1459.5494	0.0	0.0	0.0	209.20491	0.0	0.0	0.0	862.8979	1400.6959	0.0	449.55783	0.0	0.0	199.27388	0.0	108.889595	0.0	0.0	0.0	0.0	0.0	0.0	0.0	474.42764	0.0	920.2417	0.0	0.0	507.35733	0.0	0.0
0.0	380.27737	0.0	427.08365	0.0	0.0	23.335587	0.0	0.0	0.0	0.0	49.369186	0.0	0.0	1601.292	0.0	792.66046	0.0	0.0	900.4108	0.0	0.0	0.0	493.93423	0.0	0.0	728.5784	0.0	0.0	478.0459	0.0	0.0	0.0	0.0	0.0	584.7225	0.0	134.16072	0.0	0.0	457.84888	51.505993	739.5261	0.0	0.0	0.0	475.23325	575.4937	335.73038	0.0	0.0	0.0	0.0	744.2793	0.0	0.0	57.529224	0.0	0.0	426.2482	259.82227	0.0	0.0	0.0	0.0	0.0	131.77795	585.9915	0.0	832.3388	496.5192	0.0	906.1958	0.0	496.21265	0.0	0.0	0.0	389.257	0.0	0.0	400.22974	579.3598	0.0	1715.2096	62.830536	0.0	0.0	573.2658	991.1955	0.0	0.0	155.63069	0.0	0.0	0.0	1442.5306	0.0	0.0	0.0	205.9012	0.0	0.0	0.0	849.6536	1384.7383	0.0	441.09488	0.0	0.0	195.20789	0.0	111.38462	0.0	0.0	0.0	0.0	0.0	0.0	0.0	468.5288	0.0	910.0202	0.0	0.0	502.93686	0.0	0.0
0.0	377.30576	0.0	425.73886	0.0	0.0	23.918854	0.0	0.0	0.0	0.0	49.66563	0.0	0.0	1595.0609	0.0	788.9595	0.0	0.0	897.41595	0.0	0.0	0.0	490.56284	0.0	0.0	724.7644	0.0	0.0	478.1896	0.0	0.0	0.0	0.0	0.0	581.68976	0.0	133.39574	0.0	0.0	456.27194	50.620724	735.446	0.0	0.0	0.0	473.68784	572.2461	333.79245	0.0	0.0	0.0	0.0	740.9638	0.0	0.0	55.914215	0.0	0.0	422.95773	257.84427	0.0	0.0	0.0	0.0	0.0	130.66899	584.6634	0.0	828.736	493.22922	0.0	902.4658	0.0	494.09836	0.0	0.0	0.0	387.91934	0.0	0.0	397.184	577.5059	0.0	1707.8973	63.491047	0.0	0.0	570.14594	986.48486	0.0	0.0	155.35085	0.0	0.0	0.0	1436.186	0.0	0.0	0.0	204.84447	0.0	0.0	0.0	846.7692	1377.7728	0.0	442.5403	0.0	0.0	194.96867	0.0	111.26458	0.0	0.0	0.0	0.0	0.0	0.0	0.0	465.5626	0.0	906.3444	0.0	0.0	501.49985	0.0	0.0
0.0	380.2654	0.0	430.4561	0.0	0.0	26.585495	0.0	0.0	0.0	0.0	51.580402	0.0	0.0	1618.374	0.0	797.75494	0.0	0.0	906.2049	0.0	0.0	0.0	497.17953	0.0	0.0	734.438	0.0	0.0	483.08463	0.0	0.0	0.0	0.0	0.0	584.742	0.0	134.83943	0.0	0.0	467.23657	50.114315	744.2962	0.0	0.0	0.0	476.00854	578.709	338.62634	0.0	0.0	0.0	0.0	750.3216	0.0	0.0	55.510773	0.0	0.0	430.5029	259.9519	0.0	0.0	0.0	0.0	0.0	131.87578	593.60626	0.0	837.6057	496.84982	0.0	916.2627	0.0	496.3755	0.0	0.0	0.0	396.42343	0.0	0.0	406.22336	583.87256	0.0	1729.5702	64.54943	0.0	0.0	570.77515	1001.19727	0.0	0.0	159.03584	0.0	0.0	1.2548199	1452.7745	0.0	0.0	0.0	208.20758	0.0	0.0	0.0	859.634	1394.5195	0.0	448.3246	0.0	0.0	198.91835	0.0	108.57428	0.0	0.0	0.0	0.0	0.0	0.0	0.0	470.17444	0.0	914.69354	0.0	0.0	508.21628	0.0	0.0
0.0	385.09277	0.0	434.4193	0.0	0.0	29.269587	0.0	0.0	0.0	0.0	53.76715	0.0	0.0	1639.0894	0.0	808.0996	0.0	0.0	917.06885	0.0	0.0	0.0	500.5896	0.0	0.0	740.9522	0.0	0.0	490.76675	0.0	0.0	0.0	0.0	0.0	584.48004	0.0	135.08423	0.0	0.0	475.20248	48.57107	750.0651	0.0	0.0	0.0	478.72974	582.1507	341.87744	0.0	0.0	0.0	0.0	755.5484	0.0	0.0	52.68275	0.0	0.0	432.00082	258.75235	0.0	0.0	0.0	0.0	0.0	127.94521	604.87396	0.0	842.8064	496.40018	0.0	925.8171	0.0	498.27628	0.0	0.0	0.0	404.32492	0.0	0.0	411.24377	589.74164	0.0	1752.8408	67.19674	0.0	0.0	572.61694	1011.3906	0.0	0.0	162.57994	0.0	0.0	3.6022575	1468.0243	0.0	0.0	0.0	210.4743	0.0	0.0	0.0	868.9865	1408.0868	0.0	458.4822	0.0	0.0	202.96906	0.0	106.2481	0.0	0.0	0.0	0.0	0.0	0.0	0.0	471.69162	0.0	920.95044	0.0	0.0	512.30804	0.0	0.0
0.0	412.5619	0.0	462.77402	0.0	0.0	31.516357	0.0	0.0	0.0	0.0	58.703823	0.0	0.0	1725.0098	0.0	852.4842	0.0	0.0	969.08636	0.0	0.0	0.0	529.9872	0.0	0.0	780.70514	0.0	0.0	518.0889	0.0	0.0	0.0	0.0	0.0	621.61597	0.0	138.03935	0.0	0.0	497.2562	53.255707	793.40656	0.0	0.0	0.0	498.6215	617.1333	368.33475	0.0	0.0	0.0	0.0	808.27106	0.0	0.0	57.856842	0.0	0.0	457.8881	276.42538	0.0	0.0	0.0	0.0	0.0	132.58817	645.357	0.0	889.822	525.3326	0.0	977.7871	0.0	526.5403	0.0	0.0	0.0	430.19833	0.0	0.0	437.104	628.5267	0.0	1846.9049	63.88547	0.0	0.0	597.7308	1060.724	0.0	0.0	171.94713	0.0	0.0	10.419513	1543.5424	0.0	0.0	0.0	221.07329	0.0	0.0	0.0	908.8339	1483.5635	0.0	473.31216	0.0	0.0	212.39833	0.0	102.77157	0.0	0.0	0.0	0.0	0.0	0.0	0.0	505.81445	0.0	971.8118	0.0	0.0	533.0931	0.0	0.0
0.0	383.75488	0.0	430.1063	0.0	0.0	23.46699	0.0	0.0	0.0	0.0	51.42241	0.0	0.0	1613.8379	0.0	797.72095	0.0	0.0	907.4567	0.0	0.0	0.0	494.87784	0.0	0.0	731.11646	0.0	0.0	483.12582	0.0	0.0	0.0	0.0	0.0	587.7644	0.0	134.60103	0.0	0.0	461.77023	51.200268	743.1506	0.0	0.0	0.0	478.11707	578.2632	338.19943	0.0	0.0	0.0	0.0	750.6489	0.0	0.0	57.73303	0.0	0.0	426.92825	259.7087	0.0	0.0	0.0	0.0	0.0	130.49782	593.4678	0.0	836.91766	497.07397	0.0	912.2749	0.0	499.44986	0.0	0.0	0.0	392.25345	0.0	0.0	401.94797	584.8444	0.0	1728.8754	65.336296	0.0	0.0	575.0923	996.0837	0.0	0.0	158.99205	0.0	0.0	0.0	1451.1094	0.0	0.0	0.0	207.89113	0.0	0.0	0.0	856.1868	1391.6344	0.0	446.29636	0.0	0.0	196.88428	0.0	111.0516	0.0	0.0	0.0	0.0	0.0	0.0	0.0	471.49466	0.0	914.9614	0.0	0.0	505.19824	0.0	0.0
0.0	387.35568	0.0	445.89087	0.0	0.0	23.602732	0.0	0.0	0.0	0.0	50.693935	0.0	0.0	1646.623	0.0	814.58905	0.0	0.0	927.08203	0.0	0.0	0.0	511.4362	0.0	0.0	753.9975	0.0	0.0	495.3208	0.0	0.0	0.0	0.0	0.0	602.4085	0.0	139.31966	0.0	0.0	466.95303	57.161957	763.87866	0.0	0.0	0.0	487.8102	590.28094	347.44766	0.0	0.0	0.0	0.0	763.1485	0.0	0.0	55.713196	0.0	0.0	443.64493	266.81088	0.0	0.0	0.0	0.0	0.0	140.36635	601.71045	0.0	858.8674	513.3007	0.0	932.0901	0.0	506.88754	0.0	0.0	0.0	401.1481	0.0	0.0	413.34717	597.3511	0.0	1765.3678	61.885345	0.0	0.0	591.22015	1021.6274	0.0	0.0	157.63458	0.0	0.0	0.0	1491.2544	0.0	0.0	0.0	205.94148	0.0	0.0	0.0	871.97064	1426.9105	0.0	453.91525	0.0	0.0	203.01143	0.0	112.4328	0.0	0.0	0.0	0.0	0.0	0.0	0.0	482.00525	0.0	941.01337	0.0	0.0	520.67645	0.0	0.0
0.0	386.27603	0.0	444.3208	0.0	0.0	29.133444	0.0	0.0	0.0	0.0	54.103893	0.0	0.0	1666.7308	0.0	819.4971	0.0	0.0	929.57544	0.0	0.0	0.0	512.82996	0.0	0.0	756.02435	0.0	0.0	497.98233	0.0	0.0	0.0	0.0	0.0	594.5645	0.0	140.26062	0.0	0.0	482.20667	54.35263	765.7752	0.0	0.0	0.0	485.81595	591.5787	347.1973	0.0	0.0	0.0	0.0	766.1111	0.0	0.0	52.308117	0.0	0.0	445.65872	264.83667	0.0	0.0	0.0	0.0	0.0	134.45589	611.5506	0.0	857.53046	507.67383	0.0	943.78046	0.0	502.37622	0.0	0.0	0.0	410.8949	0.0	0.0	421.25095	598.1707	0.0	1779.5127	65.354225	0.0	0.0	580.3247	1031.1593	0.0	0.0	163.88153	0.0	0.0	4.3873935	1493.4227	0.0	0.0	0.0	213.65623	0.0	0.0	0.0	881.88153	1432.9092	0.0	462.7306	0.0	0.0	205.75238	0.0	105.85433	0.0	0.0	0.0	0.0	0.0	0.0	0.0	478.9869	0.0	936.07855	0.0	0.0	522.9024	0.0	0.0
0.0	379.8402	0.0	428.54065	0.0	0.0	26.091782	0.0	0.0	0.0	0.0	51.356033	0.0	0.0	1613.9458	0.0	795.40826	0.0	0.0	903.9629	0.0	0.0	0.0	495.06656	0.0	0.0	731.99835	0.0	0.0	481.4056	0.0	0.0	0.0	0.0	0.0	582.5276	0.0	134.91798	0.0	0.0	466.35336	51.555756	743.0904	0.0	0.0	0.0	474.13583	576.459	337.83792	0.0	0.0	0.0	0.0	745.9002	0.0	0.0	55.21379	0.0	0.0	430.33072	257.47543	0.0	0.0	0.0	0.0	0.0	130.32968	593.1574	0.0	834.4799	494.4279	0.0	912.07074	0.0	494.0175	0.0	0.0	0.0	396.7112	0.0	0.0	406.63016	582.1591	0.0	1726.3898	64.38853	0.0	0.0	568.5742	997.56006	0.0	0.0	158.67778	0.0	0.0	0.13605057	1449.3325	0.0	0.0	0.0	206.72575	0.0	0.0	0.0	855.8103	1390.434	0.0	446.7565	0.0	0.0	198.20235	0.0	107.65754	0.0	0.0	0.0	0.0	0.0	0.0	0.0	468.36606	0.0	911.53766	0.0	0.0	505.7335	0.0	0.0
0.0	377.07056	0.0	422.13254	0.0	0.0	22.276611	0.0	0.0	0.0	0.0	49.006878	0.0	0.0	1581.5812	0.0	782.9714	0.0	0.0	889.6302	0.0	0.0	0.0	487.8994	0.0	0.0	719.1774	0.0	0.0	472.12827	0.0	0.0	0.0	0.0	0.0	579.7986	0.0	133.1038	0.0	0.0	450.07974	49.83051	729.50055	0.0	0.0	0.0	471.2183	569.64374	331.6868	0.0	0.0	0.0	0.0	736.8474	0.0	0.0	58.418125	0.0	0.0	419.14206	256.7817	0.0	0.0	0.0	0.0	0.0	130.49297	577.8547	0.0	823.97235	490.8571	0.0	893.7427	0.0	493.17465	0.0	0.0	0.0	382.4183	0.0	0.0	393.2383	572.8344	0.0	1693.3129	63.505554	0.0	0.0	569.2915	978.6504	0.0	0.0	153.79124	0.0	0.0	0.0	1425.3529	0.0	0.0	0.0	203.75075	0.0	0.0	0.0	839.37726	1368.0791	0.0	436.00867	0.0	0.0	191.93439	0.0	112.28754	0.0	0.0	0.0	0.0	0.0	0.0	0.0	463.7667	0.0	900.2036	0.0	0.0	496.85385	0.0	0.0
0.0	377.12442	0.0	423.7749	0.0	0.0	21.385687	0.0	0.0	0.0	0.0	48.546246	0.0	0.0	1582.7427	0.0	784.4136	0.0	0.0	891.1159	0.0	0.0	0.0	490.3003	0.0	0.0	721.3413	0.0	0.0	473.17566	0.0	0.0	0.0	0.0	0.0	581.96857	0.0	133.10344	0.0	0.0	448.95242	51.060013	731.3962	0.0	0.0	0.0	472.37827	570.4594	332.72098	0.0	0.0	0.0	0.0	738.4876	0.0	0.0	58.6246	0.0	0.0	420.89957	258.78024	0.0	0.0	0.0	0.0	0.0	132.04997	577.465	0.0	825.6792	493.6206	0.0	895.7679	0.0	493.77646	0.0	0.0	0.0	382.04666	0.0	0.0	393.8722	573.85077	0.0	1694.5109	62.072308	0.0	0.0	571.4495	980.88995	0.0	0.0	152.85413	0.0	0.0	0.0	1427.8569	0.0	0.0	0.0	203.9981	0.0	0.0	0.0	840.00104	1371.1548	0.0	434.84924	0.0	0.0	192.00958	0.0	112.379875	0.0	0.0	0.0	0.0	0.0	0.0	0.0	465.36496	0.0	902.45026	0.0	0.0	498.15005	0.0	0.0
0.0	390.7506	0.0	450.68558	0.0	0.0	33.89228	0.0	0.0	0.0	0.0	58.413708	0.0	0.0	1701.2617	0.0	832.88055	0.0	0.0	942.43536	0.0	0.0	0.0	519.8934	0.0	0.0	767.98193	0.0	0.0	506.59756	0.0	0.0	0.0	0.0	0.0	594.87213	0.0	140.56181	0.0	0.0	497.7898	50.14714	775.1948	0.0	0.0	0.0	487.5096	598.4983	353.74466	0.0	0.0	0.0	0.0	777.1633	0.0	0.0	49.808056	0.0	0.0	450.58798	264.84268	0.0	0.0	0.0	0.0	0.0	131.9984	626.4056	0.0	867.91705	508.27377	0.0	961.7132	0.0	503.1251	0.0	0.0	0.0	424.8573	0.0	0.0	431.8655	606.33563	0.0	1809.7684	68.27005	0.0	0.0	580.8996	1050.1943	0.0	0.0	168.81183	0.0	0.0	8.241412	1514.5414	0.0	0.0	0.0	218.96596	0.0	0.0	0.0	899.5962	1454.7968	0.0	475.74243	0.0	0.0	212.75526	0.0	100.60797	0.0	0.0	0.0	0.0	0.0	0.0	0.0	483.45956	0.0	945.6589	0.0	0.0	531.50336	0.0	0.0
0.0	385.67883	0.0	440.75186	0.0	0.0	26.873175	0.0	0.0	0.0	0.0	54.350677	0.0	0.0	1656.9342	0.0	813.76904	0.0	0.0	925.37335	0.0	0.0	0.0	508.76987	0.0	0.0	751.1665	0.0	0.0	494.6014	0.0	0.0	0.0	0.0	0.0	593.67664	0.0	139.02727	0.0	0.0	480.96704	53.30081	763.4333	0.0	0.0	0.0	482.95947	589.5567	347.03958	0.0	0.0	0.0	0.0	763.26056	0.0	0.0	53.24939	0.0	0.0	443.19165	262.21194	0.0	0.0	0.0	0.0	0.0	133.82338	608.95514	0.0	853.7806	505.1038	0.0	938.0491	0.0	499.69205	0.0	0.0	0.0	410.1237	0.0	0.0	419.87747	596.1863	0.0	1771.1967	65.54795	0.0	0.0	577.1418	1024.32	0.0	0.0	163.37856	0.0	0.0	3.1437511	1487.1049	0.0	0.0	0.0	211.50182	0.0	0.0	0.0	878.5845	1425.6693	0.0	459.74753	0.0	0.0	203.54518	0.0	105.65353	0.0	0.0	0.0	0.0	0.0	0.0	0.0	478.50497	0.0	932.7458	0.0	0.0	520.7248	0.0	0.0
0.0	379.61057	0.0	429.7976	0.0	0.0	24.340637	0.0	0.0	0.0	0.0	49.761044	0.0	0.0	1607.9103	0.0	794.45483	0.0	0.0	902.0261	0.0	0.0	0.0	496.32864	0.0	0.0	731.72284	0.0	0.0	480.1312	0.0	0.0	0.0	0.0	0.0	585.686	0.0	136.56868	0.0	0.0	459.67203	52.061268	741.4905	0.0	0.0	0.0	477.01266	576.6125	336.4905	0.0	0.0	0.0	0.0	746.0381	0.0	0.0	56.962948	0.0	0.0	428.77945	260.6715	0.0	0.0	0.0	0.0	0.0	133.1754	587.592	0.0	835.924	497.319	0.0	910.1473	0.0	496.86282	0.0	0.0	0.0	389.8241	0.0	0.0	401.5608	581.0485	0.0	1719.2836	63.767353	0.0	0.0	574.44934	995.65924	0.0	0.0	156.73088	0.0	0.0	0.0	1447.1376	0.0	0.0	0.0	207.07774	0.0	0.0	0.0	852.93036	1388.6617	0.0	443.82773	0.0	0.0	195.75484	0.0	112.14319	0.0	0.0	0.0	0.0	0.0	0.0	0.0	468.93954	0.0	912.41144	0.0	0.0	506.05576	0.0	0.0
0.0	381.6376	0.0	431.56644	0.0	0.0	26.0952	0.0	0.0	0.0	0.0	51.851837	0.0	0.0	1625.3717	0.0	802.387	0.0	0.0	911.5771	0.0	0.0	0.0	497.93582	0.0	0.0	736.6257	0.0	0.0	486.70166	0.0	0.0	0.0	0.0	0.0	585.7288	0.0	135.90387	0.0	0.0	467.83505	51.62453	747.25806	0.0	0.0	0.0	478.6685	580.1436	339.5192	0.0	0.0	0.0	0.0	750.0456	0.0	0.0	54.108704	0.0	0.0	431.33047	259.5038	0.0	0.0	0.0	0.0	0.0	130.84012	597.14935	0.0	838.86426	497.22586	0.0	919.10547	0.0	497.73892	0.0	0.0	0.0	397.79703	0.0	0.0	407.51035	586.0774	0.0	1739.7916	65.60386	0.0	0.0	574.53906	1004.0297	0.0	0.0	158.68272	0.0	0.0	1.6456941	1460.1094	0.0	0.0	0.0	208.63586	0.0	0.0	0.0	861.614	1400.2109	0.0	452.0607	0.0	0.0	200.13647	0.0	109.326744	0.0	0.0	0.0	0.0	0.0	0.0	0.0	470.78735	0.0	917.801	0.0	0.0	510.32584	0.0	0.0
0.0	378.25064	0.0	419.5215	0.0	0.0	21.577536	0.0	0.0	0.0	0.0	48.479187	0.0	0.0	1572.4575	0.0	780.0772	0.0	0.0	887.377	0.0	0.0	0.0	484.68027	0.0	0.0	714.93024	0.0	0.0	469.63562	0.0	0.0	0.0	0.0	0.0	579.4675	0.0	130.25914	0.0	0.0	447.23535	49.462452	725.7585	0.0	0.0	0.0	470.05222	567.28143	330.9701	0.0	0.0	0.0	0.0	736.4309	0.0	0.0	59.96764	0.0	0.0	416.5519	256.74295	0.0	0.0	0.0	0.0	0.0	128.78065	576.59503	0.0	821.0786	490.76694	0.0	889.5034	0.0	493.51416	0.0	0.0	0.0	379.9186	0.0	0.0	390.5532	571.34894	0.0	1686.3652	62.301025	0.0	0.0	567.6279	972.7688	0.0	0.0	153.48357	0.0	0.0	0.0	1418.2655	0.0	0.0	0.0	203.47331	0.0	0.0	0.0	835.03217	1361.6344	0.0	431.4994	0.0	0.0	191.1613	0.0	111.79193	0.0	0.0	0.0	0.0	0.0	0.0	0.0	463.7079	0.0	896.95435	0.0	0.0	492.6487	0.0	0.0
0.0	383.38394	0.0	434.97522	0.0	0.0	27.016794	0.0	0.0	0.0	0.0	53.25066	0.0	0.0	1633.983	0.0	805.5384	0.0	0.0	915.3474	0.0	0.0	0.0	500.96838	0.0	0.0	741.3431	0.0	0.0	490.02466	0.0	0.0	0.0	0.0	0.0	587.2741	0.0	135.91551	0.0	0.0	472.54105	51.267605	751.76855	0.0	0.0	0.0	478.82654	582.1679	341.9895	0.0	0.0	0.0	0.0	754.74585	0.0	0.0	53.075607	0.0	0.0	434.25937	259.33948	0.0	0.0	0.0	0.0	0.0	130.26527	602.20337	0.0	843.28534	498.6412	0.0	924.5965	0.0	497.16257	0.0	0.0	0.0	402.62402	0.0	0.0	411.1594	589.64154	0.0	1748.4362	65.28797	0.0	0.0	573.14777	1009.35614	0.0	0.0	160.75438	0.0	0.0	2.561303	1467.9346	0.0	0.0	0.0	209.08331	0.0	0.0	0.0	866.7624	1407.1173	0.0	455.03955	0.0	0.0	201.03102	0.0	107.178505	0.0	0.0	0.0	0.0	0.0	0.0	0.0	472.72876	0.0	921.52606	0.0	0.0	512.7437	0.0	0.0
0.0	385.4424	0.0	441.3334	0.0	0.0	29.758184	0.0	0.0	0.0	0.0	53.794033	0.0	0.0	1656.5267	0.0	814.937	0.0	0.0	924.7034	0.0	0.0	0.0	508.64078	0.0	0.0	750.06964	0.0	0.0	495.83496	0.0	0.0	0.0	0.0	0.0	591.4349	0.0	139.53952	0.0	0.0	478.50574	51.100067	758.9018	0.0	0.0	0.0	483.60605	589.3948	345.212	0.0	0.0	0.0	0.0	762.7675	0.0	0.0	52.394943	0.0	0.0	438.7545	263.267	0.0	0.0	0.0	0.0	0.0	132.56982	608.3602	0.0	851.9361	502.9955	0.0	936.96014	0.0	501.35547	0.0	0.0	0.0	407.08752	0.0	0.0	416.48706	595.04376	0.0	1767.985	66.64379	0.0	0.0	578.9944	1023.8433	0.0	0.0	162.84758	0.0	0.0	5.455646	1483.4702	0.0	0.0	0.0	212.96686	0.0	0.0	0.0	876.3465	1422.7832	0.0	462.12296	0.0	0.0	204.12059	0.0	107.19458	0.0	0.0	0.0	0.0	0.0	0.0	0.0	476.28857	0.0	930.2164	0.0	0.0	519.7185	0.0	0.0
0.0	405.63052	0.0	529.21674	0.0	0.0	78.137566	0.0	0.0	0.0	0.0	64.10429	0.0	0.0	1997.3223	0.0	982.9888	0.0	0.0	1051.8815	0.0	0.0	0.0	636.86523	0.0	0.0	892.4107	0.0	0.0	589.6928	0.0	0.0	0.0	0.0	0.0	671.5944	0.0	172.25728	0.0	0.0	553.95746	63.45969	877.6263	0.0	0.0	0.0	571.0088	711.5749	399.91064	0.0	0.0	0.0	0.0	892.51984	0.0	0.0	78.5483	0.0	0.0	535.46783	343.73645	0.0	0.0	0.0	0.0	0.0	196.02153	696.0583	0.0	1004.11066	596.94904	0.0	1135.4639	0.0	569.74347	0.0	0.0	0.0	446.72775	0.0	0.0	488.63425	690.4139	0.0	2034.729	63.41718	0.0	0.0	691.4729	1247.3883	0.0	0.0	180.33386	0.0	0.0	37.947483	1704.5815	0.0	0.0	0.0	288.27817	0.0	0.0	0.0	1022.23145	1666.4141	0.0	549.7162	0.0	0.0	258.53513	0.0	122.95078	0.0	0.0	0.0	0.0	0.0	0.0	0.0	543.4756	0.0	1094.7997	0.0	0.0	619.8007	0.0	0.0
0.0	391.4171	0.0	507.59396	0.0	0.0	65.59108	0.0	0.0	0.0	0.0	58.37735	0.0	0.0	1895.5695	0.0	928.91797	0.0	0.0	1010.32404	0.0	0.0	0.0	599.8025	0.0	0.0	852.05884	0.0	0.0	563.39954	0.0	0.0	0.0	0.0	0.0	646.7806	0.0	165.19359	0.0	0.0	531.837	65.62091	844.3477	0.0	0.0	0.0	541.8454	671.3029	383.7677	0.0	0.0	0.0	0.0	852.18976	0.0	0.0	67.7991	0.0	0.0	514.0256	321.64163	0.0	0.0	0.0	0.0	0.0	180.65791	667.09564	0.0	955.0132	569.65234	0.0	1080.5175	0.0	544.8491	0.0	0.0	0.0	435.3137	0.0	0.0	470.36368	662.93805	0.0	1952.6293	60.79674	0.0	0.0	658.3305	1181.6161	0.0	0.0	173.01317	0.0	0.0	29.518782	1638.5376	0.0	0.0	0.0	262.57245	0.0	0.0	0.0	977.78595	1592.368	0.0	520.4941	0.0	0.0	246.57744	0.0	116.6829	0.0	0.0	0.0	0.0	0.0	0.0	0.0	524.64276	0.0	1043.6495	0.0	0.0	592.3238	0.0	0.0
0.0	393.7649	0.0	515.10913	0.0	0.0	70.71677	0.0	0.0	0.0	0.0	60.614178	0.0	0.0	1926.6373	0.0	945.2188	0.0	0.0	1018.9092	0.0	0.0	0.0	613.48926	0.0	0.0	867.6109	0.0	0.0	570.77606	0.0	0.0	0.0	0.0	0.0	652.6379	0.0	166.10191	0.0	0.0	538.6223	66.29574	853.9019	0.0	0.0	0.0	547.1202	683.21094	389.67172	0.0	0.0	0.0	0.0	865.09064	0.0	0.0	72.22175	0.0	0.0	522.296	330.23923	0.0	0.0	0.0	0.0	0.0	187.42256	674.1363	0.0	967.987	578.05817	0.0	1098.8849	0.0	549.0613	0.0	0.0	0.0	438.08456	0.0	0.0	477.55872	669.20807	0.0	1973.1222	60.012802	0.0	0.0	667.27374	1205.2323	0.0	0.0	172.7464	0.0	0.0	32.790386	1656.0087	0.0	0.0	0.0	270.71243	0.0	0.0	0.0	991.6396	1615.2697	0.0	526.9465	0.0	0.0	251.49512	0.0	116.842735	0.0	0.0	0.0	0.0	0.0	0.0	0.0	529.93646	0.0	1057.0763	0.0	0.0	601.05743	0.0	0.0
0.0	389.9504	0.0	494.5275	0.0	0.0	60.842518	0.0	0.0	0.0	0.0	54.868607	0.0	0.0	1855.2946	0.0	907.51904	0.0	0.0	994.82404	0.0	0.0	0.0	583.826	0.0	0.0	835.7795	0.0	0.0	550.143	0.0	0.0	0.0	0.0	0.0	638.30994	0.0	159.89674	0.0	0.0	525.67017	62.209927	829.4414	0.0	0.0	0.0	530.1927	658.27515	376.92404	0.0	0.0	0.0	0.0	838.1142	0.0	0.0	66.27604	0.0	0.0	503.0869	316.18716	0.0	0.0	0.0	0.0	0.0	173.52448	653.8465	0.0	935.3804	558.70026	0.0	1057.5372	0.0	539.6697	0.0	0.0	0.0	429.6886	0.0	0.0	461.92514	651.99884	0.0	1917.6859	61.534245	0.0	0.0	646.0642	1154.9028	0.0	0.0	169.49583	0.0	0.0	25.323088	1609.3226	0.0	0.0	0.0	254.29335	0.0	0.0	0.0	961.8455	1562.9111	0.0	505.51498	0.0	0.0	240.92525	0.0	116.94385	0.0	0.0	0.0	0.0	0.0	0.0	0.0	517.94073	0.0	1020.4101	0.0	0.0	579.44165	0.0	0.0
0.0	394.41846	0.0	501.30225	0.0	0.0	63.51929	0.0	0.0	0.0	0.0	55.175663	0.0	0.0	1880.4774	0.0	919.64105	0.0	0.0	1006.5291	0.0	0.0	0.0	592.0789	0.0	0.0	847.57	0.0	0.0	557.4156	0.0	0.0	0.0	0.0	0.0	642.533	0.0	163.83012	0.0	0.0	533.64636	63.479626	839.8388	0.0	0.0	0.0	534.8315	665.6774	380.71375	0.0	0.0	0.0	0.0	845.51074	0.0	0.0	65.25329	0.0	0.0	511.3049	318.1733	0.0	0.0	0.0	0.0	0.0	175.45348	663.8057	0.0	946.8784	563.37427	0.0	1071.1007	0.0	542.482	0.0	0.0	0.0	438.96167	0.0	0.0	470.56238	659.30035	0.0	1944.2162	62.28018	0.0	0.0	651.0447	1171.3484	0.0	0.0	172.58372	0.0	0.0	27.191734	1629.3278	0.0	0.0	0.0	256.72617	0.0	0.0	0.0	972.362	1583.296	0.0	514.4295	0.0	0.0	244.87459	0.0	114.63431	0.0	0.0	0.0	0.0	0.0	0.0	0.0	522.0356	0.0	1032.8212	0.0	0.0	586.94226	0.0	0.0
0.0	393.13077	0.0	505.72348	0.0	0.0	69.9331	0.0	0.0	0.0	0.0	58.246395	0.0	0.0	1894.8112	0.0	930.3851	0.0	0.0	1010.2363	0.0	0.0	0.0	598.48285	0.0	0.0	853.5489	0.0	0.0	562.5381	0.0	0.0	0.0	0.0	0.0	643.7099	0.0	161.10597	0.0	0.0	533.6022	63.23802	842.0795	0.0	0.0	0.0	537.89813	670.46094	383.45377	0.0	0.0	0.0	0.0	851.12286	0.0	0.0	70.45046	0.0	0.0	513.1665	323.02103	0.0	0.0	0.0	0.0	0.0	178.87805	667.30865	0.0	951.6589	567.8073	0.0	1080.8306	0.0	542.68353	0.0	0.0	0.0	438.36063	0.0	0.0	471.57248	661.5708	0.0	1952.3433	60.000813	0.0	0.0	656.1262	1182.0485	0.0	0.0	171.13127	0.0	0.0	31.743614	1635.6649	0.0	0.0	0.0	262.30606	0.0	0.0	0.0	977.22894	1592.9974	0.0	519.4826	0.0	0.0	249.14258	0.0	113.72129	0.0	0.0	0.0	0.0	0.0	0.0	0.0	523.13257	0.0	1039.7662	0.0	0.0	591.06946	0.0	0.0
0.0	391.6449	0.0	502.42636	0.0	0.0	63.955395	0.0	0.0	0.0	0.0	55.896244	0.0	0.0	1879.9252	0.0	920.32715	0.0	0.0	1003.37305	0.0	0.0	0.0	594.4046	0.0	0.0	847.1465	0.0	0.0	557.449	0.0	0.0	0.0	0.0	0.0	643.8026	0.0	163.48195	0.0	0.0	531.25775	62.962566	839.03394	0.0	0.0	0.0	536.10425	667.76544	381.24704	0.0	0.0	0.0	0.0	847.0208	0.0	0.0	66.573395	0.0	0.0	511.52002	320.49338	0.0	0.0	0.0	0.0	0.0	178.94118	661.3213	0.0	948.43555	565.3244	0.0	1072.2628	0.0	542.15656	0.0	0.0	0.0	435.34286	0.0	0.0	469.39124	658.9992	0.0	1937.8096	60.70107	0.0	0.0	653.2082	1172.3315	0.0	0.0	171.66917	0.0	0.0	27.77888	1627.5431	0.0	0.0	0.0	258.8133	0.0	0.0	0.0	972.5278	1582.2277	0.0	514.05005	0.0	0.0	244.32684	0.0	116.52054	0.0	0.0	0.0	0.0	0.0	0.0	0.0	522.5628	0.0	1035.1439	0.0	0.0	588.2739	0.0	0.0
0.0	395.17618	0.0	520.6391	0.0	0.0	75.29955	0.0	0.0	0.0	0.0	62.21878	0.0	0.0	1940.172	0.0	953.80786	0.0	0.0	1024.8867	0.0	0.0	0.0	617.6171	0.0	0.0	872.38934	0.0	0.0	576.6397	0.0	0.0	0.0	0.0	0.0	654.4531	0.0	165.88153	0.0	0.0	540.2699	66.02344	857.4473	0.0	0.0	0.0	550.6592	688.4034	390.9408	0.0	0.0	0.0	0.0	870.4996	0.0	0.0	72.530304	0.0	0.0	526.41327	332.20386	0.0	0.0	0.0	0.0	0.0	190.46819	680.2265	0.0	974.7082	580.7078	0.0	1106.173	0.0	550.83765	0.4577471	0.0	0.0	441.58304	0.0	0.0	480.21457	673.3243	0.0	1986.4775	60.02843	0.0	0.0	670.7453	1213.4285	0.0	0.0	173.78954	0.0	0.0	36.702183	1666.2599	0.0	0.0	0.0	271.10245	0.0	0.0	0.0	994.5488	1625.7238	0.0	532.9329	0.0	0.0	256.46188	0.0	114.79952	0.0	0.0	0.0	0.0	0.0	0.0	0.0	531.5301	0.0	1066.6136	0.0	0.0	605.85913	0.0	0.0
0.0	393.6412	0.0	505.70987	0.0	0.0	67.22155	0.0	0.0	0.0	0.0	58.453327	0.0	0.0	1895.4843	0.0	928.63605	0.0	0.0	1009.5752	0.0	0.0	0.0	598.8889	0.0	0.0	852.5002	0.0	0.0	561.49835	0.0	0.0	0.0	0.0	0.0	645.8492	0.0	163.88884	0.0	0.0	532.4308	64.03489	842.88916	0.0	0.0	0.0	538.6731	671.9188	383.8679	0.0	0.0	0.0	0.0	852.01514	0.0	0.0	69.988525	0.0	0.0	512.7087	322.39893	0.0	0.0	0.0	0.0	0.0	179.4447	666.04663	0.0	952.4348	567.8869	0.0	1081.0864	0.0	544.50256	0.0	0.0	0.0	436.1277	0.0	0.0	471.20227	661.2711	0.0	1951.8896	61.68147	0.0	0.0	656.8362	1183.2032	0.0	0.0	172.0677	0.0	0.0	30.426786	1635.2294	0.0	0.0	0.0	263.28085	0.0	0.0	0.0	977.9097	1592.8491	0.0	519.2225	0.0	0.0	247.89595	0.0	114.2694	0.0	0.0	0.0	0.0	0.0	0.0	0.0	523.84906	0.0	1039.7736	0.0	0.0	591.75934	0.0	0.0
0.0	392.3346	0.0	507.8989	0.0	0.0	69.6554	0.0	0.0	0.0	0.0	58.49618	0.0	0.0	1903.8213	0.0	933.0908	0.0	0.0	1010.341	0.0	0.0	0.0	602.3857	0.0	0.0	855.75653	0.0	0.0	563.36176	0.0	0.0	0.0	0.0	0.0	646.7183	0.0	162.82014	0.0	0.0	534.5922	64.1158	843.2557	0.0	0.0	0.0	540.4025	674.4624	385.4867	0.0	0.0	0.0	0.0	855.66547	0.0	0.0	71.64626	0.0	0.0	515.0993	327.6992	0.0	0.0	0.0	0.0	0.0	182.93001	668.19604	0.0	955.61993	570.73096	0.0	1085.8182	0.0	545.5149	0.0	0.0	0.0	434.94275	0.0	0.0	472.04147	663.7971	0.0	1954.3866	59.870594	0.0	0.0	659.99854	1187.6162	0.0	0.0	171.33777	0.0	0.0	31.94604	1637.4655	0.0	0.0	0.0	266.1267	0.0	0.0	0.0	980.66534	1596.6338	0.0	519.20844	0.0	0.0	249.53868	0.0	115.76205	0.0	0.0	0.0	0.0	0.0	0.0	0.0	525.8228	0.0	1042.6765	0.0	0.0	592.48785	0.0	0.0
0.0	397.17896	0.0	509.14026	0.0	0.0	65.738914	0.0	0.0	0.0	0.0	57.904263	0.0	0.0	1895.0011	0.0	929.02106	0.0	0.0	1012.6785	0.0	0.0	0.0	601.95605	0.0	0.0	855.9156	0.0	0.0	562.8681	0.0	0.0	0.0	0.0	0.0	651.0502	0.0	162.20004	0.0	0.0	531.518	64.37501	846.38135	0.0	0.0	0.0	538.6439	673.95856	388.38687	0.0	0.0	0.0	0.0	857.50635	0.0	0.0	69.39618	0.0	0.0	516.2815	325.71622	0.0	0.0	0.0	0.0	0.0	183.28369	667.56683	0.0	957.5908	571.751	0.0	1081.674	0.0	547.1795	0.0	0.0	0.0	437.01157	0.0	0.0	472.48697	666.9419	0.0	1953.4082	59.17647	0.0	0.0	659.39014	1182.7972	0.0	0.0	171.42986	0.0	0.0	29.561968	1641.1149	0.0	0.0	0.0	260.17572	0.0	0.0	0.0	979.0422	1595.5972	0.0	516.1016	0.0	0.0	246.50398	0.0	115.16457	0.0	0.0	0.0	0.0	0.0	0.0	0.0	529.97516	0.0	1046.1857	0.0	0.0	591.9244	0.0	0.0
0.0	394.73633	0.0	516.4192	0.0	0.0	70.58159	0.0	0.0	0.0	0.0	60.54707	0.0	0.0	1923.7152	0.0	944.40594	0.0	0.0	1018.80273	0.0	0.0	0.0	613.01605	0.0	0.0	866.0131	0.0	0.0	570.09393	0.0	0.0	0.0	0.0	0.0	653.0911	0.0	165.07132	0.0	0.0	536.1814	65.83346	851.91473	0.0	0.0	0.0	547.7431	683.95386	390.7616	0.0	0.0	0.0	0.0	867.0181	0.0	0.0	72.05914	0.0	0.0	521.59064	331.91455	0.0	0.0	0.0	0.0	0.0	188.67834	673.83136	0.0	968.63605	578.1418	0.0	1096.9794	0.0	550.5119	0.0	0.0	0.0	435.86612	0.0	0.0	475.81558	670.2653	0.0	1971.1631	60.288208	0.0	0.0	667.1704	1203.1776	0.0	0.0	172.81975	0.0	0.0	33.725727	1654.456	0.0	0.0	0.0	268.87894	0.0	0.0	0.0	989.3659	1613.0137	0.0	526.02496	0.0	0.0	251.15022	0.0	116.84131	0.0	0.0	0.0	0.0	0.0	0.0	0.0	531.13086	0.0	1058.1163	0.0	0.0	599.4889	0.0	0.0
0.0	394.97348	0.0	516.4224	0.0	0.0	72.30442	0.0	0.0	0.0	0.0	61.313625	0.0	0.0	1929.0262	0.0	947.30975	0.0	0.0	1020.9402	0.0	0.0	0.0	613.0744	0.0	0.0	867.28314	0.0	0.0	572.2004	0.0	0.0	0.0	0.0	0.0	651.5447	0.0	166.67044	0.0	0.0	537.7515	65.68964	853.2568	0.0	0.0	0.0	548.22974	683.5965	389.0375	0.0	0.0	0.0	0.0	864.54913	0.0	0.0	72.237404	0.0	0.0	522.21625	329.31003	0.0	0.0	0.0	0.0	0.0	186.64253	675.8134	0.0	968.78766	577.35516	0.0	1099.9395	0.0	548.6887	0.0	0.0	0.0	440.06516	0.0	0.0	478.13232	669.3846	0.0	1978.0698	60.8913	0.0	0.0	668.21216	1206.244	0.0	0.0	173.7075	0.0	0.0	34.726925	1658.6735	0.0	0.0	0.0	270.55594	0.0	0.0	0.0	990.927	1617.5519	0.0	530.16095	0.0	0.0	253.5316	0.0	114.95221	0.0	0.0	0.0	0.0	0.0	0.0	0.0	529.06226	0.0	1058.4579	0.0	0.0	602.08154	0.0	0.0
0.0	405.1683	0.0	548.2613	0.0	0.0	93.45239	0.0	0.0	0.0	0.0	72.090324	0.0	0.0	2056.573	0.0	1016.9026	0.0	0.0	1071.1178	0.0	0.0	0.0	664.3537	0.0	0.0	926.2941	0.0	0.0	609.8094	0.0	0.0	0.0	0.0	0.0	678.4849	0.0	173.63722	0.0	0.0	564.0293	65.53978	900.5813	0.0	0.0	0.0	577.5523	729.38385	411.36124	0.0	0.0	0.0	0.0	907.1027	0.0	0.0	80.72995	0.0	0.0	558.3887	352.0505	0.0	0.0	0.0	0.0	0.0	210.63399	717.685	0.0	1031.3019	609.89844	0.0	1168.7782	0.0	565.9576	1.0773836	0.0	0.0	462.4502	0.0	0.0	506.34958	703.26434	0.0	2083.8271	56.92206	0.0	0.0	701.41095	1293.6136	0.0	0.0	179.72331	0.0	0.0	46.011703	1749.7797	0.0	0.0	0.0	294.69482	0.0	0.0	0.0	1046.2391	1716.1505	0.0	572.44293	0.0	0.0	272.67398	0.0	122.47932	0.0	0.0	0.0	0.0	0.0	0.0	0.0	548.6106	0.0	1127.1132	0.0	0.0	642.74884	0.0	0.0
0.0	396.2101	0.0	526.15356	0.0	0.0	76.91357	0.0	0.0	0.0	0.0	64.1379	0.0	0.0	1959.7965	0.0	962.9886	0.0	0.0	1032.0336	0.0	0.0	0.0	626.4598	0.0	0.0	880.6109	0.0	0.0	580.9373	0.0	0.0	0.0	0.0	0.0	660.17065	0.0	167.98419	0.0	0.0	543.3909	67.07898	864.4866	0.0	0.0	0.0	555.87866	695.3837	396.2653	0.0	0.0	0.0	0.0	878.42816	0.0	0.0	74.70771	0.0	0.0	531.85394	337.92822	0.0	0.0	0.0	0.0	0.0	195.85857	684.75146	0.0	984.3042	586.7226	0.0	1117.4242	0.0	553.6773	1.0102373	0.0	0.0	441.2777	0.0	0.0	483.76587	679.2563	0.0	2000.4008	58.89806	0.0	0.0	677.65845	1226.6522	0.0	0.0	174.82153	0.0	0.0	37.866024	1679.181	0.0	0.0	0.0	275.91486	0.0	0.0	0.0	1004.65674	1639.0737	0.0	537.57733	0.0	0.0	257.30103	0.0	116.48989	0.0	0.0	0.0	0.0	0.0	0.0	0.0	536.373	0.0	1076.4288	0.0	0.0	611.45514	0.0	0.0
0.0	392.67447	0.0	512.8173	0.0	0.0	68.168945	0.0	0.0	0.0	0.0	59.63596	0.0	0.0	1912.9122	0.0	936.88574	0.0	0.0	1015.73724	0.0	0.0	0.0	606.5915	0.0	0.0	861.03253	0.0	0.0	567.70215	0.0	0.0	0.0	0.0	0.0	650.77814	0.0	167.78142	0.0	0.0	534.5898	67.560905	849.98486	0.0	0.0	0.0	544.5234	678.2058	386.75656	0.0	0.0	0.0	0.0	859.0638	0.0	0.0	68.585144	0.0	0.0	519.8134	326.90738	0.0	0.0	0.0	0.0	0.0	185.00899	671.65985	0.0	962.81976	573.62384	0.0	1090.569	0.0	547.4356	0.0	0.0	0.0	437.23605	0.0	0.0	476.04776	666.99585	0.0	1964.5361	60.446198	0.0	0.0	662.5815	1194.755	0.0	0.0	173.08907	0.0	0.0	30.898252	1648.0052	0.0	0.0	0.0	265.74777	0.0	0.0	0.0	984.1889	1605.4049	0.0	523.99725	0.0	0.0	249.72798	0.0	115.750694	0.0	0.0	0.0	0.0	0.0	0.0	0.0	527.7158	0.0	1051.2286	0.0	0.0	598.19904	0.0	0.0
0.0	394.87527	0.0	520.7722	0.0	0.0	71.59046	0.0	0.0	0.0	0.0	62.66455	0.0	0.0	1939.6034	0.0	951.84717	0.0	0.0	1026.5685	0.0	0.0	0.0	617.5987	0.0	0.0	871.2502	0.0	0.0	576.0853	0.0	0.0	0.0	0.0	0.0	657.4536	0.0	169.27	0.0	0.0	537.2507	66.9726	859.1993	0.0	0.0	0.0	552.62164	687.8464	391.94687	0.0	0.0	0.0	0.0	869.12695	0.0	0.0	71.45918	0.0	0.0	525.76105	330.36087	0.0	0.0	0.0	0.0	0.0	190.4363	679.176	0.0	976.5661	581.6008	0.0	1104.1149	0.0	552.06537	1.0435803	0.0	0.0	438.9717	0.0	0.0	479.3484	674.98016	0.0	1987.6647	60.78217	0.0	0.0	672.8196	1212.7103	0.0	0.0	174.83667	0.0	0.0	33.14751	1668.9105	0.0	0.0	0.0	270.54938	0.0	0.0	0.0	995.7187	1625.0092	0.0	533.95703	0.0	0.0	253.87805	0.0	116.29467	0.0	0.0	0.0	0.0	0.0	0.0	0.0	533.1966	0.0	1068.0247	0.0	0.0	606.45776	0.0	0.0
0.0	395.5992	0.0	524.33154	0.0	0.0	78.95389	0.0	0.0	0.0	0.0	65.19744	0.0	0.0	1968.6654	0.0	969.6831	0.0	0.0	1034.5746	0.0	0.0	0.0	630.6048	0.0	0.0	882.54865	0.0	0.0	582.8076	0.0	0.0	0.0	0.0	0.0	660.57904	0.0	169.75081	0.0	0.0	544.2777	63.178486	865.7651	0.0	0.0	0.0	560.1294	700.40436	394.97647	0.0	0.0	0.0	0.0	877.4844	0.0	0.0	76.4589	0.0	0.0	531.07153	337.60428	0.0	0.0	0.0	0.0	0.0	196.14845	687.44507	0.0	991.33136	588.6197	0.0	1119.0469	0.0	555.782	0.0	0.0	0.0	442.87305	0.0	0.0	483.3077	679.83527	0.0	2004.5504	59.367306	0.0	0.0	679.45715	1231.6467	0.0	0.0	177.43599	0.0	0.0	38.458256	1680.6611	0.0	0.0	0.0	282.32217	0.0	0.0	0.0	1006.64215	1643.8947	0.0	543.93146	0.0	0.0	255.92119	0.0	119.687744	0.0	0.0	0.0	0.0	0.0	0.0	0.0	533.63654	0.0	1081.6353	0.0	0.0	612.658	0.0	0.0
0.0	395.4474	0.0	517.2054	0.0	0.0	73.94511	0.0	0.0	0.0	0.0	60.589962	0.0	0.0	1934.7982	0.0	949.8068	0.0	0.0	1022.87335	0.0	0.0	0.0	615.97485	0.0	0.0	870.9057	0.0	0.0	572.285	0.0	0.0	0.0	0.0	0.0	653.84467	0.0	165.45857	0.0	0.0	540.7235	64.51483	855.3459	0.0	0.0	0.0	548.4262	686.3841	391.06766	0.0	0.0	0.0	0.0	867.9766	0.0	0.0	74.98159	0.0	0.0	524.6954	333.89566	0.0	0.0	0.0	0.0	0.0	189.45934	676.73944	0.0	971.8112	579.2807	0.0	1104.4574	0.0	550.72577	1.0789171	0.0	0.0	440.682	0.0	0.0	479.93433	672.9875	0.0	1981.3403	59.98058	0.0	0.0	668.9185	1210.5206	0.0	0.0	174.49727	0.0	0.0	35.987812	1660.7417	0.0	0.0	0.0	271.71506	0.0	0.0	0.0	994.4594	1620.7018	0.0	529.7635	0.0	0.0	254.05452	0.0	115.11426	0.0	0.0	0.0	0.0	0.0	0.0	0.0	531.686	0.0	1061.5289	0.0	0.0	602.8912	0.0	0.0
0.0	394.0206	0.0	516.2834	0.0	0.0	71.19195	0.0	0.0	0.0	0.0	59.508495	0.0	0.0	1928.2028	0.0	946.31055	0.0	0.0	1019.804	0.0	0.0	0.0	614.42926	0.0	0.0	868.3942	0.0	0.0	571.93195	0.0	0.0	0.0	0.0	0.0	654.2641	0.0	166.17027	0.0	0.0	539.0251	65.8014	854.8032	0.0	0.0	0.0	548.1293	686.4571	390.6356	0.0	0.0	0.0	0.0	866.5359	0.0	0.0	71.517204	0.0	0.0	525.1958	332.02145	0.0	0.0	0.0	0.0	0.0	190.11023	675.406	0.0	971.5989	579.02386	0.0	1099.6189	0.0	550.0576	0.0	0.0	0.0	439.8922	0.0	0.0	479.18896	671.8148	0.0	1974.3917	59.395416	0.0	0.0	667.4848	1206.3263	0.0	0.0	173.55891	0.0	0.0	33.795017	1656.9244	0.0	0.0	0.0	270.318	0.0	0.0	0.0	990.37384	1616.8932	0.0	527.94995	0.0	0.0	251.21942	0.0	116.33048	0.0	0.0	0.0	0.0	0.0	0.0	0.0	530.654	0.0	1061.1493	0.0	0.0	601.9913	0.0	0.0
0.0	401.73825	0.0	538.1249	0.0	0.0	87.045555	0.0	0.0	0.0	0.0	68.15642	0.0	0.0	2017.5762	0.0	994.9202	0.0	0.0	1053.8375	0.0	0.0	0.0	650.36346	0.0	0.0	907.90845	0.0	0.0	597.23126	0.0	0.0	0.0	0.0	0.0	671.68964	0.0	172.34473	0.0	0.0	554.7673	64.5924	885.29803	0.0	0.0	0.0	570.1223	716.7714	404.92603	0.0	0.0	0.0	0.0	895.16406	0.0	0.0	79.11759	0.0	0.0	547.29083	348.053	0.0	0.0	0.0	0.0	0.0	205.36201	702.0595	0.0	1013.32245	600.5905	0.0	1148.2394	0.0	562.2664	0.19413878	0.0	0.0	451.6379	0.0	0.0	496.54102	693.25	0.0	2046.9893	57.474247	0.0	0.0	693.0046	1267.6086	0.0	0.0	178.25887	0.0	0.0	42.024494	1720.1459	0.0	0.0	0.0	288.60223	0.0	0.0	0.0	1030.4415	1684.89	0.0	558.57025	0.0	0.0	265.71744	0.0	121.77661	0.0	0.0	0.0	0.0	0.0	0.0	0.0	542.9417	0.0	1106.8424	0.0	0.0	630.608	0.0	0.0
0.0	395.94116	0.0	514.0992	0.0	0.0	70.32345	0.0	0.0	0.0	0.0	59.35104	0.0	0.0	1924.6471	0.0	943.36896	0.0	0.0	1021.4738	0.0	0.0	0.0	609.9327	0.0	0.0	864.507	0.0	0.0	570.1141	0.0	0.0	0.0	0.0	0.0	652.89264	0.0	166.06422	0.0	0.0	538.23627	66.05244	853.04095	0.0	0.0	0.0	546.9545	681.99316	388.86557	0.0	0.0	0.0	0.0	863.7822	0.0	0.0	72.4303	0.0	0.0	521.4489	329.39517	0.0	0.0	0.0	0.0	0.0	185.81319	674.68353	0.0	966.89996	576.3261	0.0	1097.3043	0.0	550.96954	0.0	0.0	0.0	439.75183	0.0	0.0	477.1392	671.3077	0.0	1975.8823	61.44684	0.0	0.0	667.227	1201.4761	0.0	0.0	174.36964	0.0	0.0	32.92082	1654.9863	0.0	0.0	0.0	269.0977	0.0	0.0	0.0	989.97284	1613.0465	0.0	527.20703	0.0	0.0	252.15025	0.0	115.87374	0.0	0.0	0.0	0.0	0.0	0.0	0.0	530.4351	0.0	1056.6157	0.0	0.0	599.2915	0.0	0.0
0.0	390.41785	0.0	496.8099	0.0	0.0	60.900776	0.0	0.0	0.0	0.0	54.88509	0.0	0.0	1855.5988	0.0	907.79126	0.0	0.0	993.0122	0.0	0.0	0.0	586.7282	0.0	0.0	837.04486	0.0	0.0	549.18524	0.0	0.0	0.0	0.0	0.0	637.79486	0.0	160.57646	0.0	0.0	525.08124	62.823643	829.28253	0.0	0.0	0.0	529.9841	658.2325	378.50223	0.0	0.0	0.0	0.0	839.2137	0.0	0.0	65.87446	0.0	0.0	504.94443	318.05948	0.0	0.0	0.0	0.0	0.0	175.43042	653.3838	0.0	936.79364	559.5862	0.0	1057.5142	0.0	538.4487	0.0	0.0	0.0	428.8794	0.0	0.0	463.26416	651.9625	0.0	1916.0189	60.707977	0.0	0.0	646.0505	1156.7759	0.0	0.0	169.31688	0.0	0.0	25.771593	1609.8004	0.0	0.0	0.0	254.13057	0.0	0.0	0.0	961.05255	1562.7812	0.0	504.23132	0.0	0.0	240.85199	0.0	116.61845	0.0	0.0	0.0	0.0	0.0	0.0	0.0	518.6107	0.0	1021.47144	0.0	0.0	579.2536	0.0	0.0
0.0	392.33618	0.0	505.97693	0.0	0.0	69.29934	0.0	0.0	0.0	0.0	58.703	0.0	0.0	1896.8236	0.0	929.8754	0.0	0.0	1008.4743	0.0	0.0	0.0	600.637	0.0	0.0	854.0572	0.0	0.0	561.503	0.0	0.0	0.0	0.0	0.0	643.20654	0.0	162.09958	0.0	0.0	532.82745	63.73216	842.6751	0.0	0.0	0.0	537.17505	671.2504	383.64493	0.0	0.0	0.0	0.0	851.5256	0.0	0.0	70.80065	0.0	0.0	514.7885	323.27612	0.0	0.0	0.0	0.0	0.0	180.74599	666.11163	0.0	952.2264	568.12274	0.0	1082.1449	0.0	542.48535	0.0	0.0	0.0	437.72348	0.0	0.0	472.05142	661.0611	0.0	1952.006	60.145504	0.0	0.0	656.12695	1184.2794	0.0	0.0	171.59204	0.0	0.0	31.654274	1635.4103	0.0	0.0	0.0	263.04578	0.0	0.0	0.0	977.6916	1593.183	0.0	519.3554	0.0	0.0	250.08405	0.0	113.39686	0.0	0.0	0.0	0.0	0.0	0.0	0.0	523.3731	0.0	1040.0793	0.0	0.0	591.8429	0.0	0.0
0.0	390.73917	0.0	493.54825	0.0	0.0	59.054554	0.0	0.0	0.0	0.0	54.908993	0.0	0.0	1849.7964	0.0	906.8587	0.0	0.0	995.10626	0.0	0.0	0.0	581.47485	0.0	0.0	832.8488	0.0	0.0	550.1783	0.0	0.0	0.0	0.0	0.0	636.7153	0.0	160.80183	0.0	0.0	523.454	62.200558	828.01434	0.0	0.0	0.0	530.731	655.7579	375.32043	0.0	0.0	0.0	0.0	834.5623	0.0	0.0	64.21665	0.0	0.0	500.7141	312.7119	0.0	0.0	0.0	0.0	0.0	170.5739	653.44775	0.0	932.92303	557.291	0.0	1053.8207	0.0	537.4106	0.0	0.0	0.0	430.89978	0.0	0.0	460.61182	649.6879	0.0	1918.1664	62.465916	0.0	0.0	645.45953	1151.2646	0.0	0.0	169.76181	0.0	0.0	24.90413	1609.318	0.0	0.0	0.0	253.07684	0.0	0.0	0.0	958.5005	1560.7236	0.0	506.47778	0.0	0.0	239.74817	0.0	116.691795	0.0	0.0	0.0	0.0	0.0	0.0	0.0	515.4702	0.0	1018.73004	0.0	0.0	579.1648	0.0	0.0
0.0	485.14236	0.0	604.9331	0.0	0.0	43.885906	0.0	0.0	0.0	0.0	70.708565	0.0	0.0	2192.9392	0.0	1071.5868	0.0	0.0	1220.3427	0.0	0.0	0.0	685.66095	0.0	0.0	1016.00824	0.0	0.0	661.41077	0.0	0.0	0.0	0.0	0.0	764.5611	0.0	194.97212	0.0	0.0	641.82074	92.9144	1026.8947	0.0	0.0	0.0	620.5927	763.26514	462.36386	0.0	0.0	0.0	0.0	973.69415	0.0	0.0	40.803574	0.0	0.0	625.04706	330.03763	0.0	0.0	0.0	0.0	0.0	190.52309	804.19574	0.0	1124.0646	661.03436	0.0	1239.412	0.0	623.60065	0.0	0.0	0.0	569.62866	0.0	0.0	584.40356	780.8039	0.0	2361.3906	74.03786	0.0	0.0	742.00446	1369.1016	0.0	0.0	205.9684	0.0	0.0	0.30409563	2001.6051	0.0	0.0	0.0	242.66997	0.0	0.0	0.0	1154.9581	1899.2803	0.0	619.22577	0.0	0.0	286.8519	0.0	118.40333	0.0	0.0	0.0	0.0	0.0	0.0	0.0	616.3875	0.0	1240.7129	0.0	0.0	707.4473	0.0	0.0
0.0	456.82727	0.0	562.5264	0.0	0.0	36.453033	0.0	0.0	0.0	0.0	65.97999	0.0	0.0	2029.7833	0.0	995.5913	0.0	0.0	1138.4678	0.0	0.0	0.0	634.89453	0.0	0.0	942.002	0.0	0.0	614.8586	0.0	0.0	0.0	0.0	0.0	719.12726	0.0	177.5918	0.0	0.0	589.24396	84.322655	952.3654	0.0	0.0	0.0	580.76324	709.55	431.0145	0.0	0.0	0.0	0.0	911.4595	0.0	0.0	40.51949	0.0	0.0	574.32477	308.61716	0.0	0.0	0.0	0.0	0.0	175.84505	747.02423	0.0	1047.503	619.65985	0.0	1147.3463	0.0	587.5844	0.0	0.0	0.0	524.5877	0.0	0.0	535.62494	728.64374	0.0	2193.8943	68.44908	0.0	0.0	696.77545	1266.5604	0.0	0.0	190.4815	0.0	0.0	0.0	1861.919	0.0	0.0	0.0	223.9792	0.0	0.0	0.0	1072.4781	1764.5175	0.0	572.56854	0.0	0.0	264.50937	0.0	114.61895	0.0	0.0	0.0	0.0	0.0	0.0	0.0	578.3864	0.0	1157.9775	0.0	0.0	655.74274	0.0	0.0
0.0	473.79745	0.0	586.1614	0.0	0.0	43.35986	0.0	0.0	0.0	0.0	67.833374	0.0	0.0	2135.8992	0.0	1043.425	0.0	0.0	1187.6835	0.0	0.0	0.0	668.27203	0.0	0.0	988.3674	0.0	0.0	641.8626	0.0	0.0	0.0	0.0	0.0	746.43774	0.0	186.49016	0.0	0.0	625.1279	87.91839	997.5318	0.0	0.0	0.0	604.064	745.4219	450.95737	0.0	0.0	0.0	0.0	953.858	0.0	0.0	42.604916	0.0	0.0	606.8383	328.03342	0.0	0.0	0.0	0.0	0.0	185.37184	783.29767	0.0	1093.9191	645.8222	0.0	1210.0814	0.0	610.93085	0.0	0.0	0.0	552.6778	0.0	0.0	567.73846	762.1203	0.0	2294.3037	70.20943	0.0	0.0	723.41437	1332.9424	0.0	0.0	199.68193	0.0	0.0	4.2148876	1942.208	0.0	0.0	0.0	241.77672	0.0	0.0	0.0	1124.7426	1847.9897	0.0	597.9259	0.0	0.0	277.90097	0.0	117.07882	0.0	0.0	0.0	0.0	0.0	0.0	0.0	604.1386	0.0	1204.7048	0.0	0.0	686.2495	0.0	0.0
0.0	404.95035	0.0	471.3411	0.0	0.0	28.402933	0.0	0.0	0.0	0.0	53.2612	0.0	0.0	1748.6583	0.0	862.20996	0.0	0.0	977.9158	0.0	0.0	0.0	544.6269	0.0	0.0	800.6812	0.0	0.0	522.7365	0.0	0.0	0.0	0.0	0.0	632.5593	0.0	147.63982	0.0	0.0	500.9957	60.4921	808.6386	0.0	0.0	0.0	512.91266	624.90204	367.42886	0.0	0.0	0.0	0.0	806.44696	0.0	0.0	55.918884	0.0	0.0	474.10205	285.10748	0.0	0.0	0.0	0.0	0.0	148.86739	636.4003	0.0	905.8597	541.38226	0.0	992.40704	0.0	531.34076	0.0	0.0	0.0	428.55356	0.0	0.0	442.08554	630.7633	0.0	1867.5299	63.732235	0.0	0.0	620.22076	1086.0503	0.0	0.0	165.59698	0.0	0.0	1.5071596	1575.9869	0.0	0.0	0.0	220.31673	0.0	0.0	0.0	925.78345	1511.6084	0.0	480.37192	0.0	0.0	216.5061	0.0	117.14704	0.0	0.0	0.0	0.0	0.0	0.0	0.0	508.0186	0.0	991.16455	0.0	0.0	553.0569	0.0	0.0
0.0	426.8146	0.0	488.32877	0.0	0.0	28.651594	0.0	0.0	0.0	0.0	55.35684	0.0	0.0	1804.3512	0.0	890.10126	0.0	0.0	1013.43896	0.0	0.0	0.0	562.3784	0.0	0.0	825.0931	0.0	0.0	539.56323	0.0	0.0	0.0	0.0	0.0	659.5696	0.0	147.37802	0.0	0.0	515.79016	63.343464	837.40985	0.0	0.0	0.0	526.1103	648.6448	386.0769	0.0	0.0	0.0	0.0	844.9483	0.0	0.0	62.875996	0.0	0.0	491.27283	299.28342	0.0	0.0	0.0	0.0	0.0	151.4759	665.2249	0.0	936.43976	560.5358	0.0	1026.8077	0.0	553.93964	0.0	0.0	0.0	444.54074	0.0	0.0	458.55612	659.3588	0.0	1929.4806	62.21645	0.0	0.0	636.3387	1116.4906	0.0	0.0	173.429	0.0	0.0	5.7701144	1623.209	0.0	0.0	0.0	227.63983	0.0	0.0	0.0	952.7612	1559.6456	0.0	487.14987	0.0	0.0	221.20898	0.0	116.11676	0.0	0.0	0.0	0.0	0.0	0.0	0.0	533.35785	0.0	1023.5249	0.0	0.0	563.8449	0.0	0.0
0.0	460.43726	0.0	576.6713	0.0	0.0	46.13947	0.0	0.0	0.0	0.0	67.264656	0.0	0.0	2099.448	0.0	1023.5295	0.0	0.0	1162.5308	0.0	0.0	0.0	658.7176	0.0	0.0	970.51	0.0	0.0	630.6425	0.0	0.0	0.0	0.0	0.0	730.92285	0.0	184.88031	0.0	0.0	613.95685	87.47592	979.85956	0.0	0.0	0.0	589.98505	730.66156	442.23392	0.0	0.0	0.0	0.0	935.72656	0.0	0.0	42.7198	0.0	0.0	598.30304	323.9877	0.0	0.0	0.0	0.0	0.0	183.41673	768.78735	0.0	1071.8387	633.539	0.0	1191.3805	0.0	595.41315	0.0	0.0	0.0	542.0385	0.0	0.0	559.10974	747.64056	0.0	2248.0212	66.39336	0.0	0.0	707.04254	1310.7041	0.0	0.0	196.34685	0.0	0.0	10.676528	1902.1434	0.0	0.0	0.0	239.91164	0.0	0.0	0.0	1103.797	1811.6954	0.0	585.8514	0.0	0.0	273.5221	0.0	112.19636	0.0	0.0	0.0	0.0	0.0	0.0	0.0	592.0872	0.0	1179.1438	0.0	0.0	674.4644	0.0	0.0
0.0	523.8785	0.0	680.4312	0.0	0.0	62.226772	0.0	0.0	0.0	0.0	79.70125	0.0	0.0	2456.4492	0.0	1191.9835	0.0	0.0	1350.8882	0.0	0.0	0.0	774.18146	0.0	0.0	1141.0844	0.0	0.0	738.9262	0.0	0.0	0.0	0.0	0.0	836.01044	0.0	222.16695	0.0	0.0	725.63007	106.90313	1148.61	0.0	0.0	0.0	676.2824	842.9307	517.11066	0.0	0.0	0.0	0.0	1072.8505	0.0	0.0	42.301956	0.0	0.0	715.3049	368.8163	0.0	0.0	0.0	0.0	0.0	218.34554	900.8772	0.0	1247.6721	729.8278	0.0	1390.8507	0.0	670.59106	0.0	0.0	0.0	650.9002	0.0	0.0	669.21173	866.3083	0.0	2629.5479	72.92347	0.0	0.0	807.0871	1537.7777	0.0	0.0	228.63518	0.0	0.0	13.492766	2230.2986	0.0	0.0	0.0	267.0339	0.0	0.0	0.0	1285.219	2116.758	0.0	694.5213	0.0	0.0	327.52466	0.0	116.813965	0.0	0.0	0.0	0.0	0.0	0.0	0.0	678.70703	0.0	1374.7108	0.0	0.0	795.89825	0.0	0.0
0.0	443.92557	0.0	534.69806	0.0	0.0	33.062332	0.0	0.0	0.0	0.0	61.67509	0.0	0.0	1950.351	0.0	958.22504	0.0	0.0	1092.9747	0.0	0.0	0.0	608.1553	0.0	0.0	899.7876	0.0	0.0	587.4868	0.0	0.0	0.0	0.0	0.0	697.4151	0.0	169.0529	0.0	0.0	562.39307	75.75162	908.4211	0.0	0.0	0.0	565.3181	687.65717	411.97107	0.0	0.0	0.0	0.0	885.40826	0.0	0.0	49.805405	0.0	0.0	541.9161	306.2977	0.0	0.0	0.0	0.0	0.0	169.52394	713.19305	0.0	1008.8188	599.44763	0.0	1104.2235	0.0	577.0725	0.0	0.0	0.0	490.64902	0.0	0.0	504.76343	700.514	0.0	2096.3372	69.365074	0.0	0.0	680.6362	1215.3087	0.0	0.0	183.89058	0.0	0.0	0.0	1775.9493	0.0	0.0	0.0	228.45752	0.0	0.0	0.0	1031.3795	1690.9961	0.0	543.3784	0.0	0.0	248.9959	0.0	119.28715	0.0	0.0	0.0	0.0	0.0	0.0	0.0	559.96356	0.0	1110.0181	0.0	0.0	625.6702	0.0	0.0
0.0	513.6114	0.0	658.7653	0.0	0.0	52.961582	0.0	0.0	0.0	0.0	77.6804	0.0	0.0	2372.232	0.0	1153.3281	0.0	0.0	1315.2196	0.0	0.0	0.0	744.4382	0.0	0.0	1102.7465	0.0	0.0	715.5096	0.0	0.0	0.0	0.0	0.0	815.0214	0.0	210.62488	0.0	0.0	700.7286	105.906006	1113.5846	0.0	0.0	0.0	659.0388	815.97003	502.7966	0.0	0.0	0.0	0.0	1042.7721	0.0	0.0	37.42577	0.0	0.0	688.6538	355.09653	0.0	0.0	0.0	0.0	0.0	207.09009	872.28516	0.0	1207.2686	709.30054	0.0	1343.4965	0.0	656.5298	0.0	0.0	0.0	628.31476	0.0	0.0	644.76996	841.0676	0.0	2554.3926	73.60318	0.0	0.0	784.4695	1483.5996	0.0	0.0	219.92464	0.0	0.0	7.846256	2166.2273	0.0	0.0	0.0	253.77531	0.0	0.0	0.0	1247.2516	2052.5188	0.0	670.9605	0.0	0.0	316.97842	0.0	115.429955	0.0	0.0	0.0	0.0	0.0	0.0	0.0	660.70557	0.0	1334.1294	0.0	0.0	769.1218	0.0	0.0
0.0	423.6035	0.0	503.32828	0.0	0.0	32.13515	0.0	0.0	0.0	0.0	57.879025	0.0	0.0	1851.811	0.0	910.4873	0.0	0.0	1035.0809	0.0	0.0	0.0	578.3295	0.0	0.0	852.65656	0.0	0.0	554.9434	0.0	0.0	0.0	0.0	0.0	662.4899	0.0	157.72072	0.0	0.0	534.96674	68.22586	860.1434	0.0	0.0	0.0	536.6534	656.4318	391.15848	0.0	0.0	0.0	0.0	845.1298	0.0	0.0	50.799896	0.0	0.0	511.37125	295.02213	0.0	0.0	0.0	0.0	0.0	159.12016	676.2337	0.0	956.31177	568.9601	0.0	1049.2386	0.0	551.3428	0.0	0.0	0.0	463.9629	0.0	0.0	477.43985	665.78534	0.0	1984.9033	65.3562	0.0	0.0	646.2287	1152.4906	0.0	0.0	173.81087	0.0	0.0	2.0063865	1678.6888	0.0	0.0	0.0	221.96007	0.0	0.0	0.0	979.4012	1603.5985	0.0	512.9216	0.0	0.0	234.09285	0.0	115.817566	0.0	0.0	0.0	0.0	0.0	0.0	0.0	533.4798	0.0	1050.4906	0.0	0.0	590.23785	0.0	0.0
0.0	488.67307	0.0	621.08563	0.0	0.0	43.545177	0.0	0.0	0.0	0.0	73.87691	0.0	0.0	2216.9148	0.0	1084.7191	0.0	0.0	1239.7533	0.0	0.0	0.0	697.6426	0.0	0.0	1034.0555	0.0	0.0	674.8536	0.0	0.0	0.0	0.0	0.0	776.25446	0.0	196.7791	0.0	0.0	644.99	97.53416	1042.8428	0.0	0.0	0.0	626.4978	768.3252	472.8674	0.0	0.0	0.0	0.0	985.4712	0.0	0.0	32.951065	0.0	0.0	638.4477	334.02512	0.0	0.0	0.0	0.0	0.0	194.85664	817.0935	0.0	1138.809	672.5029	0.0	1256.5935	0.0	626.7104	0.0	0.0	0.0	580.136	0.0	0.0	594.8181	793.4756	0.0	2395.6543	69.1429	0.0	0.0	749.7198	1385.8037	0.0	0.0	204.72174	0.0	0.0	0.3806032	2039.2632	0.0	0.0	0.0	236.74886	0.0	0.0	0.0	1169.0244	1926.9884	0.0	627.05597	0.0	0.0	292.50897	0.0	117.273415	0.0	0.0	0.0	0.0	0.0	0.0	0.0	626.38525	0.0	1260.551	0.0	0.0	721.9453	0.0	0.0
0.0	489.3669	0.0	615.591	0.0	0.0	41.719418	0.0	0.0	0.0	0.0	72.79847	0.0	0.0	2194.0396	0.0	1073.9598	0.0	0.0	1231.1691	0.0	0.0	0.0	687.7715	0.0	0.0	1023.05194	0.0	0.0	666.56915	0.0	0.0	0.0	0.0	0.0	771.5017	0.0	193.03255	0.0	0.0	640.3903	96.9053	1034.7904	0.0	0.0	0.0	619.50995	760.6495	469.63855	0.0	0.0	0.0	0.0	977.83466	0.0	0.0	34.998337	0.0	0.0	630.85925	329.30032	0.0	0.0	0.0	0.0	0.0	190.87837	811.0589	0.0	1128.7399	666.2465	0.0	1241.4664	0.0	623.2341	0.0	0.0	0.0	577.9866	0.0	0.0	589.8173	786.771	0.0	2377.6553	70.233864	0.0	0.0	742.055	1370.5697	0.0	0.0	204.51324	0.0	0.0	0.0	2022.0531	0.0	0.0	0.0	231.28764	0.0	0.0	0.0	1158.1613	1909.5221	0.0	620.55884	0.0	0.0	290.25574	0.0	114.41515	0.0	0.0	0.0	0.0	0.0	0.0	0.0	622.16144	0.0	1250.1082	0.0	0.0	713.37384	0.0	0.0
0.0	458.2341	0.0	569.82404	0.0	0.0	39.56998	0.0	0.0	0.0	0.0	66.74813	0.0	0.0	2061.012	0.0	1007.7746	0.0	0.0	1148.8087	0.0	0.0	0.0	645.1929	0.0	0.0	954.7078	0.0	0.0	622.0576	0.0	0.0	0.0	0.0	0.0	724.0598	0.0	182.09135	0.0	0.0	600.02936	87.31924	965.05566	0.0	0.0	0.0	584.94025	718.24567	435.73172	0.0	0.0	0.0	0.0	921.05304	0.0	0.0	40.39552	0.0	0.0	586.6309	313.14233	0.0	0.0	0.0	0.0	0.0	180.59148	756.7951	0.0	1058.8541	625.64124	0.0	1166.0724	0.0	590.1635	0.0	0.0	0.0	533.0406	0.0	0.0	546.74243	736.5164	0.0	2219.088	68.54827	0.0	0.0	701.03125	1286.39	0.0	0.0	193.698	0.0	0.0	0.9092083	1881.1553	0.0	0.0	0.0	229.33209	0.0	0.0	0.0	1085.8256	1785.4896	0.0	578.86865	0.0	0.0	268.8138	0.0	112.71537	0.0	0.0	0.0	0.0	0.0	0.0	0.0	584.1547	0.0	1168.953	0.0	0.0	664.42737	0.0	0.0
0.0	532.2618	0.0	677.3167	0.0	0.0	47.462704	0.0	0.0	0.0	0.0	80.8686	0.0	0.0	2391.533	0.0	1171.3817	0.0	0.0	1349.2708	0.0	0.0	0.0	750.7266	0.0	0.0	1121.8953	0.0	0.0	731.3344	0.0	0.0	0.0	0.0	0.0	838.0469	0.0	213.3031	0.0	0.0	699.9611	107.78873	1134.2129	0.0	0.0	0.0	673.2582	825.00854	513.9101	0.0	0.0	0.0	0.0	1058.2231	0.0	0.0	28.157202	0.0	0.0	696.4168	350.47958	0.0	0.0	0.0	0.0	0.0	208.60664	889.5712	0.0	1232.7782	723.5975	0.0	1352.4995	0.0	672.07404	0.0	0.0	0.0	642.18475	0.0	0.0	652.0175	858.3016	0.0	2608.4421	75.33973	0.0	0.0	803.19916	1497.5625	0.0	0.0	222.40186	0.0	0.0	0.0	2225.2234	0.0	0.0	0.0	237.47064	0.0	0.0	0.0	1262.7076	2090.6968	0.0	685.27704	0.0	0.0	322.29013	0.0	118.27637	0.0	0.0	0.0	0.0	0.0	0.0	0.0	676.27844	0.0	1371.5931	0.0	0.0	787.17725	0.0	0.0
0.0	456.49954	0.0	568.017	0.0	0.0	39.90015	0.0	0.0	0.0	0.0	65.504616	0.0	0.0	2065.4492	0.0	1009.36743	0.0	0.0	1146.4955	0.0	0.0	0.0	647.377	0.0	0.0	954.304	0.0	0.0	621.1404	0.0	0.0	0.0	0.0	0.0	725.88257	0.0	182.30779	0.0	0.0	600.12006	84.587166	961.3449	0.0	0.0	0.0	589.13446	722.3663	434.59415	0.0	0.0	0.0	0.0	925.38776	0.0	0.0	44.266155	0.0	0.0	583.7055	320.86887	0.0	0.0	0.0	0.0	0.0	182.59544	753.0098	0.0	1060.1437	627.9273	0.0	1170.1501	0.0	594.53766	0.0	0.0	0.0	525.69476	0.0	0.0	542.69366	736.1889	0.0	2211.1072	69.47809	0.0	0.0	706.96893	1289.3984	0.0	0.0	192.13194	0.0	0.0	3.1654236	1874.9567	0.0	0.0	0.0	238.59627	0.0	0.0	0.0	1088.4009	1784.8549	0.0	577.127	0.0	0.0	266.69705	0.0	119.18574	0.0	0.0	0.0	0.0	0.0	0.0	0.0	584.6249	0.0	1166.0812	0.0	0.0	664.8566	0.0	0.0
0.0	484.2731	0.0	610.6228	0.0	0.0	44.016876	0.0	0.0	0.0	0.0	71.69349	0.0	0.0	2181.4392	0.0	1065.9015	0.0	0.0	1220.7026	0.0	0.0	0.0	685.21533	0.0	0.0	1016.90985	0.0	0.0	660.3075	0.0	0.0	0.0	0.0	0.0	764.34625	0.0	193.29231	0.0	0.0	637.5835	94.41856	1025.0026	0.0	0.0	0.0	615.4445	756.8816	464.3569	0.0	0.0	0.0	0.0	971.7097	0.0	0.0	35.920807	0.0	0.0	628.31696	329.50928	0.0	0.0	0.0	0.0	0.0	192.81093	803.9993	0.0	1120.694	661.26764	0.0	1234.6549	0.0	618.3159	0.0	0.0	0.0	572.8885	0.0	0.0	586.77496	780.7129	0.0	2359.5261	69.61065	0.0	0.0	737.3842	1364.6328	0.0	0.0	203.7665	0.0	0.0	0.0	2006.1332	0.0	0.0	0.0	231.42247	0.0	0.0	0.0	1149.6	1895.9957	0.0	615.3475	0.0	0.0	289.47653	0.0	113.6607	0.0	0.0	0.0	0.0	0.0	0.0	0.0	617.71826	0.0	1241.192	0.0	0.0	709.4688	0.0	0.0
0.0	815.8869	0.0	1146.39	0.0	0.0	109.34188	0.0	0.0	0.0	0.0	144.96205	0.0	0.0	3899.6306	0.0	1882.1167	0.0	0.0	2190.6409	0.0	0.0	0.0	1224.9823	0.0	0.0	1869.643	0.0	0.0	1204.016	0.0	0.0	0.0	0.0	0.0	1282.4341	0.0	363.80917	0.0	0.0	1186.3629	223.58833	1880.4137	0.0	0.0	0.0	1011.98834	1272.5891	844.13916	0.0	0.0	0.0	0.0	1625.6309	0.0	0.0	16.021948	0.0	0.0	1220.3402	493.10422	0.0	0.0	0.0	0.0	0.0	337.85117	1483.0664	0.0	1968.1117	1123.6792	0.0	2188.6455	0.0	970.25653	24.284737	0.0	0.0	1164.1361	0.0	0.0	1154.2264	1372.9828	0.0	4324.945	95.339195	0.0	0.0	1190.757	2456.8108	0.0	0.0	357.81677	0.0	0.0	0.0	3695.594	0.0	0.0	0.0	280.5289	0.0	0.0	0.0	2040.9125	3428.7334	0.0	1157.9897	0.0	0.0	577.44525	0.0	90.57491	0.0	0.0	0.0	0.0	0.0	0.0	0.0	1045.5507	0.0	2218.7788	0.0	0.0	1316.5345	0.0	0.0
0.0	513.6622	0.0	649.4097	0.0	0.0	52.544632	0.0	0.0	0.0	0.0	74.606544	0.0	0.0	2364.4807	0.0	1152.455	0.0	0.0	1307.6559	0.0	0.0	0.0	741.6192	0.0	0.0	1094.5557	0.0	0.0	711.41376	0.0	0.0	0.0	0.0	0.0	816.1663	0.0	211.53113	0.0	0.0	694.7945	99.91473	1104.4335	0.0	0.0	0.0	665.4063	820.1031	495.2849	0.0	0.0	0.0	0.0	1043.567	0.0	0.0	40.738743	0.0	0.0	677.5987	358.76416	0.0	0.0	0.0	0.0	0.0	207.44856	863.4079	0.0	1207.2584	710.05	0.0	1340.0493	0.0	665.7255	0.0	0.0	0.0	613.7741	0.0	0.0	632.2674	837.5451	0.0	2533.6355	77.21046	0.0	0.0	794.5295	1478.3871	0.0	0.0	221.06624	0.0	0.0	3.1111584	2147.1174	0.0	0.0	0.0	265.90677	0.0	0.0	0.0	1244.0897	2041.5475	0.0	666.92554	0.0	0.0	310.88004	0.0	126.81913	0.0	0.0	0.0	0.0	0.0	0.0	0.0	659.1978	0.0	1330.4603	0.0	0.0	763.3847	0.0	0.0
0.0	450.0934	0.0	548.90186	0.0	0.0	36.630783	0.0	0.0	0.0	0.0	64.102264	0.0	0.0	1993.2416	0.0	978.47723	0.0	0.0	1115.8114	0.0	0.0	0.0	623.09845	0.0	0.0	923.3406	0.0	0.0	601.38995	0.0	0.0	0.0	0.0	0.0	705.79767	0.0	173.14723	0.0	0.0	578.7874	80.45356	933.2165	0.0	0.0	0.0	570.09357	697.8655	422.17444	0.0	0.0	0.0	0.0	896.6823	0.0	0.0	42.136505	0.0	0.0	561.79706	305.61423	0.0	0.0	0.0	0.0	0.0	171.27177	731.90326	0.0	1027.0643	607.59424	0.0	1127.7089	0.0	579.5173	0.0	0.0	0.0	513.3826	0.0	0.0	524.74896	714.6718	0.0	2149.7078	67.75666	0.0	0.0	685.3674	1243.0737	0.0	0.0	186.60303	0.0	0.0	0.0	1822.2904	0.0	0.0	0.0	224.06824	0.0	0.0	0.0	1053.905	1731.6554	0.0	560.2548	0.0	0.0	258.95148	0.0	113.76154	0.0	0.0	0.0	0.0	0.0	0.0	0.0	568.1294	0.0	1133.4501	0.0	0.0	642.3066	0.0	0.0
0.0	506.50134	0.0	639.8902	0.0	0.0	45.468197	0.0	0.0	0.0	0.0	76.47947	0.0	0.0	2289.9114	0.0	1118.9379	0.0	0.0	1280.7471	0.0	0.0	0.0	718.0975	0.0	0.0	1066.8746	0.0	0.0	694.37476	0.0	0.0	0.0	0.0	0.0	799.59015	0.0	204.59737	0.0	0.0	669.8101	100.28034	1077.0504	0.0	0.0	0.0	645.7327	792.5048	485.61755	0.0	0.0	0.0	0.0	1014.92706	0.0	0.0	34.674908	0.0	0.0	659.4166	340.6335	0.0	0.0	0.0	0.0	0.0	200.3772	844.2039	0.0	1175.4512	691.8113	0.0	1294.6841	0.0	646.0886	0.0	0.0	0.0	602.591	0.0	0.0	616.40924	817.1706	0.0	2478.9805	74.657745	0.0	0.0	771.9146	1432.2826	0.0	0.0	214.28658	0.0	0.0	0.0	2107.339	0.0	0.0	0.0	242.39775	0.0	0.0	0.0	1207.5459	1990.4574	0.0	649.95795	0.0	0.0	304.05173	0.0	118.34841	0.0	0.0	0.0	0.0	0.0	0.0	0.0	645.0197	0.0	1301.7523	0.0	0.0	745.706	0.0	0.0
0.0	492.71753	0.0	624.8997	0.0	0.0	45.765533	0.0	0.0	0.0	0.0	73.59028	0.0	0.0	2241.5398	0.0	1096.2123	0.0	0.0	1252.0708	0.0	0.0	0.0	702.666	0.0	0.0	1043.3657	0.0	0.0	680.458	0.0	0.0	0.0	0.0	0.0	780.8787	0.0	200.04369	0.0	0.0	654.5433	98.12094	1052.6157	0.0	0.0	0.0	633.647	776.2427	474.50708	0.0	0.0	0.0	0.0	991.58417	0.0	0.0	33.737366	0.0	0.0	644.2024	335.07358	0.0	0.0	0.0	0.0	0.0	196.71704	824.0359	0.0	1149.614	677.5491	0.0	1267.357	0.0	632.6314	0.0	0.0	0.0	587.36475	0.0	0.0	600.4303	798.5425	0.0	2422.9612	72.70095	0.0	0.0	757.31006	1401.2379	0.0	0.0	207.52538	0.0	0.0	0.0	2059.5613	0.0	0.0	0.0	239.05658	0.0	0.0	0.0	1181.0536	1946.9088	0.0	637.3484	0.0	0.0	297.82785	0.0	118.49692	0.0	0.0	0.0	0.0	0.0	0.0	0.0	629.09644	0.0	1273.174	0.0	0.0	729.60693	0.0	0.0
0.0	452.43274	0.0	550.4376	0.0	0.0	35.565296	0.0	0.0	0.0	0.0	64.32277	0.0	0.0	2001.0688	0.0	981.45953	0.0	0.0	1118.8209	0.0	0.0	0.0	625.55865	0.0	0.0	924.2858	0.0	0.0	602.4534	0.0	0.0	0.0	0.0	0.0	710.95306	0.0	173.34431	0.0	0.0	579.646	79.320175	935.43756	0.0	0.0	0.0	573.67535	702.1819	423.4032	0.0	0.0	0.0	0.0	903.7376	0.0	0.0	46.62438	0.0	0.0	561.73285	310.40665	0.0	0.0	0.0	0.0	0.0	173.29956	734.18085	0.0	1032.0583	612.4014	0.0	1133.5391	0.0	583.6675	0.0	0.0	0.0	511.2111	0.0	0.0	524.15826	718.4761	0.0	2153.2412	67.74383	0.0	0.0	690.22577	1246.6376	0.0	0.0	189.38515	0.0	0.0	0.0	1824.2076	0.0	0.0	0.0	230.193	0.0	0.0	0.0	1057.3287	1734.3485	0.0	558.73285	0.0	0.0	257.69522	0.0	116.11495	0.0	0.0	0.0	0.0	0.0	0.0	0.0	572.9135	0.0	1136.7911	0.0	0.0	642.23944	0.0	0.0
0.0	393.81345	0.0	453.56894	0.0	0.0	23.120667	0.0	0.0	0.0	0.0	52.292847	0.0	0.0	1669.9756	0.0	826.5069	0.0	0.0	941.1579	0.0	0.0	0.0	519.4519	0.0	0.0	766.1843	0.0	0.0	501.36508	0.0	0.0	0.0	0.0	0.0	612.2246	0.0	141.23636	0.0	0.0	475.0797	58.269176	774.1416	0.0	0.0	0.0	495.30884	598.24615	353.51718	0.0	0.0	0.0	0.0	775.49414	0.0	0.0	56.073376	0.0	0.0	450.6044	270.7186	0.0	0.0	0.0	0.0	0.0	142.36703	609.8267	0.0	871.4595	521.79834	0.0	945.17365	0.0	513.7968	0.0	0.0	0.0	407.77335	0.0	0.0	420.1659	604.6719	0.0	1793.1044	62.93578	0.0	0.0	599.071	1037.6439	0.0	0.0	159.03578	0.0	0.0	0.0	1516.3662	0.0	0.0	0.0	207.2478	0.0	0.0	0.0	886.4714	1450.0547	0.0	460.5538	0.0	0.0	206.76042	0.0	114.09649	0.0	0.0	0.0	0.0	0.0	0.0	0.0	489.28223	0.0	955.11066	0.0	0.0	530.0905	0.0	0.0
0.0	426.55698	0.0	511.475	0.0	0.0	33.140217	0.0	0.0	0.0	0.0	58.689587	0.0	0.0	1874.6963	0.0	920.6711	0.0	0.0	1047.2355	0.0	0.0	0.0	586.7553	0.0	0.0	864.4572	0.0	0.0	561.95337	0.0	0.0	0.0	0.0	0.0	669.57513	0.0	159.90453	0.0	0.0	541.8178	70.97874	872.512	0.0	0.0	0.0	540.7188	662.60443	396.88095	0.0	0.0	0.0	0.0	853.60724	0.0	0.0	49.165356	0.0	0.0	521.84235	297.44107	0.0	0.0	0.0	0.0	0.0	162.02501	685.08856	0.0	968.1235	575.86566	0.0	1063.0187	0.0	554.18066	0.0	0.0	0.0	472.77597	0.0	0.0	486.45822	674.0841	0.0	2010.1093	64.130165	0.0	0.0	651.3493	1167.6362	0.0	0.0	176.31224	0.0	0.0	0.07385066	1700.9769	0.0	0.0	0.0	222.82964	0.0	0.0	0.0	991.0744	1624.164	0.0	519.393	0.0	0.0	238.66582	0.0	113.5235	0.0	0.0	0.0	0.0	0.0	0.0	0.0	539.5179	0.0	1063.4845	0.0	0.0	598.4574	0.0	0.0
0.0	464.91873	0.0	583.3808	0.0	0.0	45.323177	0.0	0.0	0.0	0.0	67.62478	0.0	0.0	2127.6758	0.0	1036.5211	0.0	0.0	1176.6329	0.0	0.0	0.0	667.0586	0.0	0.0	982.071	0.0	0.0	638.4612	0.0	0.0	0.0	0.0	0.0	738.4954	0.0	188.15831	0.0	0.0	623.3636	88.15078	992.1113	0.0	0.0	0.0	599.6567	740.1048	447.44547	0.0	0.0	0.0	0.0	945.6419	0.0	0.0	40.723972	0.0	0.0	607.0161	327.21573	0.0	0.0	0.0	0.0	0.0	186.66504	777.14496	0.0	1086.7054	641.04034	0.0	1205.8633	0.0	602.45013	0.0	0.0	0.0	549.07275	0.0	0.0	565.93604	755.62744	0.0	2276.9866	69.27481	0.0	0.0	716.4053	1327.5684	0.0	0.0	199.21729	0.0	0.0	6.6814456	1927.7543	0.0	0.0	0.0	242.87018	0.0	0.0	0.0	1118.7273	1835.121	0.0	595.83685	0.0	0.0	277.55908	0.0	114.8697	0.0	0.0	0.0	0.0	0.0	0.0	0.0	597.28815	0.0	1196.02	0.0	0.0	684.4681	0.0	0.0
0.0	424.17276	0.0	595.8714	0.0	0.0	105.59281	0.0	0.0	0.0	0.0	85.939125	0.0	0.0	2228.2258	0.0	1103.5568	0.0	0.0	1132.4913	0.0	0.0	0.0	729.7663	0.0	20.56022	1007.41583	0.0	0.0	657.8638	0.0	0.0	0.0	0.0	0.0	730.19867	0.0	185.72664	0.0	0.0	595.3181	79.110756	967.1346	0.0	0.0	0.0	621.0813	793.5869	443.9042	0.0	0.0	0.0	0.0	981.46576	0.0	0.0	89.875145	0.0	0.0	610.6991	390.29846	0.0	0.0	0.0	0.0	0.0	239.62611	770.3542	0.0	1117.2887	661.36676	0.0	1271.3553	0.0	599.9982	2.8836124	0.0	0.0	486.2889	0.0	0.0	546.09564	754.5058	0.0	2228.2117	60.824173	0.0	0.0	750.5594	1414.9479	0.0	0.0	188.87492	0.0	0.0	55.131626	1868.9689	0.0	0.0	0.0	332.7634	0.0	0.0	0.0	1121.7397	1849.0248	0.0	613.2232	0.0	0.0	297.39993	0.0	131.95349	0.0	0.0	0.0	0.0	0.0	0.0	0.0	587.22565	0.0	1220.6971	0.0	0.0	694.57367	0.0	0.0
0.0	403.9083	0.0	561.7578	0.0	0.0	89.101616	0.0	0.0	0.0	0.0	75.97014	0.0	0.0	2087.782	0.0	1028.018	0.0	0.0	1070.8973	0.0	0.0	0.0	678.7082	0.0	12.978062	938.7448	0.0	0.0	615.56934	0.0	0.0	0.0	0.0	0.0	689.81055	0.0	177.19453	0.0	0.0	565.19995	76.03425	911.0253	0.0	0.0	0.0	585.74066	741.36945	421.63345	0.0	0.0	0.0	0.0	926.03644	0.0	0.0	82.08671	0.0	0.0	570.5619	364.92126	0.0	0.0	0.0	0.0	0.0	220.24263	724.503	0.0	1046.6444	620.57806	0.0	1187.776	0.0	569.74976	4.4159737	0.0	0.0	456.4545	0.0	0.0	512.74786	716.2825	0.0	2099.7625	57.00197	0.0	0.0	708.76074	1316.5265	0.0	0.0	182.94653	0.0	0.0	47.30722	1761.3473	0.0	0.0	0.0	304.65726	0.0	0.0	0.0	1055.9	1729.7704	0.0	570.83905	0.0	0.0	274.10995	0.0	123.289375	0.0	0.0	0.0	0.0	0.0	0.0	0.0	558.2812	0.0	1144.7751	0.0	0.0	645.6556	0.0	0.0
0.0	404.8217	0.0	562.3427	0.0	0.0	87.52859	0.0	0.0	0.0	0.0	76.17048	0.0	0.0	2089.2705	0.0	1028.1385	0.0	0.0	1071.65	0.0	0.0	0.0	678.4002	0.0	12.014068	937.13043	0.0	0.0	615.566	0.0	0.0	0.0	0.0	0.0	690.28876	0.0	180.62175	0.0	0.0	565.68146	76.357155	911.6381	0.0	0.0	0.0	588.48	740.7605	421.87878	0.0	0.0	0.0	0.0	924.9402	0.0	0.0	81.47163	0.0	0.0	569.81146	363.49744	0.0	0.0	0.0	0.0	0.0	219.9331	725.2795	0.0	1048.1263	620.5845	0.0	1185.6808	0.0	570.57513	3.9481342	0.0	0.0	455.21518	0.0	0.0	512.4233	716.6921	0.0	2101.9656	57.941586	0.0	0.0	709.4925	1315.2208	0.0	0.0	185.93599	0.0	0.0	46.05073	1764.1654	0.0	0.0	0.0	304.72696	0.0	0.0	0.0	1056.6731	1728.8837	0.0	572.18195	0.0	0.0	272.34366	0.0	125.6518	0.0	0.0	0.0	0.0	0.0	0.0	0.0	557.46246	0.0	1145.2535	0.0	0.0	645.3264	0.0	0.0
0.0	397.13208	0.0	523.80273	0.0	0.0	72.3485	0.0	0.0	0.0	0.0	64.226395	0.0	0.0	1963.332	0.0	962.7451	0.0	0.0	1028.753	0.0	0.0	0.0	628.47955	0.0	0.0	882.867	0.0	0.0	578.44415	0.0	0.0	0.0	0.0	0.0	660.415	0.0	168.12553	0.0	0.0	547.88446	66.76786	866.8574	0.0	0.0	0.0	555.91675	696.5618	398.4716	0.0	0.0	0.0	0.0	880.06683	0.0	0.0	73.97311	0.0	0.0	533.3504	338.38556	0.0	0.0	0.0	0.0	0.0	193.65993	686.62256	0.0	987.58716	587.2274	0.0	1118.5607	0.0	553.45667	0.37812674	0.0	0.0	444.05765	0.0	0.0	486.7894	682.0057	0.0	2001.3893	59.432507	0.0	0.0	675.30096	1228.9878	0.0	0.0	178.97112	0.0	0.0	35.07783	1678.1885	0.0	0.0	0.0	279.68057	0.0	0.0	0.0	1007.8069	1639.4785	0.0	535.38983	0.0	0.0	253.33861	0.0	115.27717	0.0	0.0	0.0	0.0	0.0	0.0	0.0	536.67755	0.0	1077.0865	0.0	0.0	608.07904	0.0	0.0
0.0	400.5902	0.0	540.1855	0.0	0.0	82.13674	0.0	0.0	0.0	0.0	70.29232	0.0	0.0	2014.4152	0.0	990.18604	0.0	0.0	1046.6527	0.0	0.0	0.0	648.5777	0.0	0.8066296	905.29755	0.0	0.0	595.05	0.0	0.0	0.0	0.0	0.0	671.5628	0.0	170.2857	0.0	0.0	554.1181	68.94598	883.6149	0.0	0.0	0.0	566.6446	715.2243	406.31714	0.0	0.0	0.0	0.0	900.65643	0.0	0.0	77.64362	0.0	0.0	548.7226	349.6123	0.0	0.0	0.0	0.0	0.0	205.10204	703.7658	0.0	1010.9131	599.6479	0.0	1147.4423	0.0	560.24146	2.2539585	0.0	0.0	450.21558	0.0	0.0	497.6519	695.1353	0.0	2042.486	57.247875	0.0	0.0	689.84015	1264.2395	0.0	0.0	180.89099	0.0	0.0	41.606068	1712.9952	0.0	0.0	0.0	288.18954	0.0	0.0	0.0	1025.7347	1678.3867	0.0	548.5546	0.0	0.0	266.27304	0.0	116.1319	0.0	0.0	0.0	0.0	0.0	0.0	0.0	545.5341	0.0	1104.4679	0.0	0.0	625.1983	0.0	0.0
0.0	398.6001	0.0	537.32086	0.0	0.0	81.712036	0.0	0.0	0.0	0.0	70.12516	0.0	0.0	2012.7451	0.0	990.42334	0.0	0.0	1044.5493	0.0	0.0	0.0	647.55444	0.0	0.0	903.4409	0.0	0.0	594.06305	0.0	0.0	0.0	0.0	0.0	670.0726	0.0	169.84792	0.0	0.0	553.1484	69.40551	882.70825	0.0	0.0	0.0	566.3505	714.951	404.39005	0.0	0.0	0.0	0.0	897.44183	0.0	0.0	78.68564	0.0	0.0	546.967	349.03604	0.0	0.0	0.0	0.0	0.0	204.05656	701.521	0.0	1008.82135	599.5097	0.0	1148.1776	0.0	559.32166	1.2847964	0.0	0.0	448.35904	0.0	0.0	496.1306	692.9033	0.0	2036.9684	56.981503	0.0	0.0	687.5659	1264.1881	0.0	0.0	179.4818	0.0	0.0	42.612476	1706.1167	0.0	0.0	0.0	292.07452	0.0	0.0	0.0	1024.3546	1675.6088	0.0	548.87604	0.0	0.0	263.7167	0.0	115.3478	0.0	0.0	0.0	0.0	0.0	0.0	0.0	544.1387	0.0	1101.3456	0.0	0.0	623.4661	0.0	0.0
0.0	401.80386	0.0	554.11774	0.0	0.0	84.08981	0.0	0.0	0.0	0.0	75.54922	0.0	0.0	2057.3767	0.0	1012.76776	0.0	0.0	1061.3871	0.0	0.0	0.0	665.6328	0.0	6.743662	926.3137	0.0	0.0	609.3306	0.0	0.0	0.0	0.0	0.0	686.69214	0.0	176.5652	0.0	0.0	557.3836	76.14469	901.03656	0.0	0.0	0.0	580.9221	731.70465	413.47473	0.0	0.0	0.0	0.0	917.96576	0.0	0.0	79.69662	0.0	0.0	561.5303	357.51843	0.0	0.0	0.0	0.0	0.0	214.3606	715.5293	0.0	1033.9758	615.1877	0.0	1174.6079	0.0	568.0612	3.960738	0.0	0.0	450.56406	0.0	0.0	504.03928	706.2051	0.0	2076.4863	56.73415	0.0	0.0	701.75977	1298.0781	0.0	0.0	182.86736	0.0	0.0	44.649975	1742.2656	0.0	0.0	0.0	301.30295	0.0	0.0	0.0	1044.7412	1711.0177	0.0	561.8553	0.0	0.0	269.27704	0.0	121.88708	0.0	0.0	0.0	0.0	0.0	0.0	0.0	553.107	0.0	1129.9454	0.0	0.0	640.5596	0.0	0.0
0.0	411.10132	0.0	570.63727	0.0	0.0	91.76981	0.0	0.0	0.0	0.0	80.921165	0.0	0.0	2115.378	0.0	1042.4225	0.0	0.0	1084.5569	0.0	0.0	0.0	689.8205	0.0	12.982693	950.7097	0.0	0.0	623.5291	0.0	0.0	0.0	0.0	0.0	698.01044	0.0	181.94507	0.0	0.0	568.24756	75.49276	922.00275	0.0	0.0	0.0	595.39996	749.75165	428.88733	0.0	0.0	0.0	0.0	934.9961	0.0	0.0	84.06922	0.0	0.0	575.18176	368.35196	0.0	0.0	0.0	0.0	0.0	221.36804	734.211	0.0	1060.9662	627.77313	0.0	1204.1385	0.0	573.3442	5.3791413	0.0	0.0	459.29565	0.0	0.0	519.76434	721.68555	0.0	2128.8835	58.77414	0.0	0.0	717.1768	1338.9073	0.0	0.0	188.2915	0.0	0.0	51.98021	1788.4526	0.0	0.0	0.0	310.84454	0.0	0.0	0.0	1071.2421	1754.4703	0.0	580.6031	0.0	0.0	276.8825	0.0	128.71729	0.0	0.0	0.0	0.0	0.0	0.0	0.0	563.3267	0.0	1158.6467	0.0	0.0	657.0767	0.0	0.0
0.0	400.81564	0.0	549.7486	0.0	0.0	84.65031	0.0	0.0	0.0	0.0	71.93629	0.0	0.0	2050.551	0.0	1007.64325	0.0	0.0	1057.7498	0.0	0.0	0.0	662.7248	0.0	7.435284	921.014	0.0	0.0	604.0489	0.0	0.0	0.0	0.0	0.0	679.9385	0.0	175.07263	0.0	0.0	560.8168	72.772575	896.5186	0.0	0.0	0.0	576.8209	727.4717	412.56613	0.0	0.0	0.0	0.0	911.3037	0.0	0.0	79.77513	0.0	0.0	559.26556	357.59424	0.0	0.0	0.0	0.0	0.0	213.15941	712.4448	0.0	1028.1083	609.2905	0.0	1167.9386	0.0	565.25964	3.8384335	0.0	0.0	451.8729	0.0	0.0	505.06143	705.10565	0.0	2068.4885	56.863102	0.0	0.0	700.03906	1290.4232	0.0	0.0	182.62138	0.0	0.0	44.012344	1734.8887	0.0	0.0	0.0	297.03754	0.0	0.0	0.0	1041.8475	1702.6793	0.0	559.9123	0.0	0.0	269.45886	0.0	119.50301	0.0	0.0	0.0	0.0	0.0	0.0	0.0	551.3157	0.0	1123.0026	0.0	0.0	635.22296	0.0	0.0
0.0	403.1681	0.0	546.3585	0.0	0.0	81.7334	0.0	0.0	0.0	0.0	71.686485	0.0	0.0	2034.6835	0.0	998.05975	0.0	0.0	1055.0421	0.0	0.0	0.0	654.3674	0.0	3.8592443	914.9515	0.0	0.0	600.6878	0.0	0.0	0.0	0.0	0.0	678.47186	0.0	174.26613	0.0	0.0	558.79156	74.21839	894.2295	0.0	0.0	0.0	571.27045	720.9322	409.6902	0.0	0.0	0.0	0.0	908.8645	0.0	0.0	77.951515	0.0	0.0	556.26636	351.21494	0.0	0.0	0.0	0.0	0.0	207.60999	711.15796	0.0	1020.049	605.0491	0.0	1159.994	0.0	563.9456	3.7791126	0.0	0.0	453.9225	0.0	0.0	503.5366	700.8108	0.0	2061.8337	58.359875	0.0	0.0	693.8196	1279.0698	0.0	0.0	182.95128	0.0	0.0	42.18707	1727.4242	0.0	0.0	0.0	292.22708	0.0	0.0	0.0	1035.8059	1694.517	0.0	553.5552	0.0	0.0	266.87943	0.0	116.20279	0.0	0.0	0.0	0.0	0.0	0.0	0.0	550.3719	0.0	1114.0282	0.0	0.0	631.2869	0.0	0.0
0.0	400.49838	0.0	533.35675	0.0	0.0	73.70724	0.0	0.0	0.0	0.0	66.68386	0.0	0.0	1982.081	0.0	971.05884	0.0	0.0	1037.8827	0.0	0.0	0.0	636.8064	0.0	0.0	891.8562	0.0	0.0	584.5709	0.0	0.0	0.0	0.0	0.0	668.32434	0.0	171.55684	0.0	0.0	547.6187	71.53033	876.6683	0.0	0.0	0.0	561.36115	703.3073	403.83023	0.0	0.0	0.0	0.0	890.561	0.0	0.0	74.1515	0.0	0.0	541.5896	341.90903	0.0	0.0	0.0	0.0	0.0	199.78392	694.03326	0.0	998.4649	593.13794	0.0	1128.5509	0.0	557.1179	2.2556775	0.0	0.0	444.75476	0.0	0.0	491.66513	689.1901	0.0	2019.9291	59.825836	0.0	0.0	679.66296	1243.1005	0.0	0.0	181.37141	0.0	0.0	36.913437	1694.8433	0.0	0.0	0.0	280.2187	0.0	0.0	0.0	1014.7173	1655.1859	0.0	540.0453	0.0	0.0	255.7582	0.0	114.283455	0.0	0.0	0.0	0.0	0.0	0.0	0.0	541.769	0.0	1090.9808	0.0	0.0	614.45044	0.0	0.0
0.0	407.38174	0.0	565.0549	0.0	0.0	92.44601	0.0	0.0	0.0	0.0	77.62072	0.0	0.0	2100.9983	0.0	1036.396	0.0	0.0	1076.5985	0.0	0.0	0.0	684.18756	0.0	15.320022	946.0295	0.0	0.0	620.2061	0.0	0.0	0.0	0.0	0.0	693.6194	0.0	176.9834	0.0	0.0	567.0531	75.534424	915.5928	0.0	0.0	0.0	588.9747	746.2891	423.67007	0.0	0.0	0.0	0.0	931.3113	0.0	0.0	83.24691	0.0	0.0	573.90674	367.53308	0.0	0.0	0.0	0.0	0.0	221.32863	729.7056	0.0	1054.5675	623.98535	0.0	1197.0938	0.0	573.23566	5.0934052	0.0	0.0	460.66113	0.0	0.0	516.02814	719.1546	0.0	2112.8308	57.030605	0.0	0.0	712.9649	1326.5997	0.0	0.0	184.12755	0.0	0.0	48.67777	1771.9471	0.0	0.0	0.0	308.11783	0.0	0.0	0.0	1062.1606	1742.4961	0.0	575.7581	0.0	0.0	277.45053	0.0	125.30775	0.0	0.0	0.0	0.0	0.0	0.0	0.0	560.6016	0.0	1151.927	0.0	0.0	650.8719	0.0	0.0
0.0	402.10452	0.0	553.19617	0.0	0.0	85.778786	0.0	0.0	0.0	0.0	75.67029	0.0	0.0	2059.862	0.0	1012.613	0.0	0.0	1061.0858	0.0	0.0	0.0	666.8816	0.0	10.888561	925.67334	0.0	0.0	608.1555	0.0	0.0	0.0	0.0	0.0	684.70624	0.0	175.23103	0.0	0.0	558.04956	74.14541	900.7087	0.0	0.0	0.0	579.53644	732.21484	415.1627	0.0	0.0	0.0	0.0	916.606	0.0	0.0	81.88856	0.0	0.0	561.13306	357.6123	0.0	0.0	0.0	0.0	0.0	214.99123	716.24396	0.0	1034.031	613.3105	0.0	1173.599	0.0	566.362	5.5274262	0.0	0.0	452.14258	0.0	0.0	505.84888	707.45605	0.0	2078.3862	56.523945	0.0	0.0	702.62134	1298.4337	0.0	0.0	184.06	0.0	0.0	45.749054	1742.8492	0.0	0.0	0.0	300.56842	0.0	0.0	0.0	1045.1267	1710.7233	0.0	563.0555	0.0	0.0	270.62607	0.0	122.19385	0.0	0.0	0.0	0.0	0.0	0.0	0.0	553.60394	0.0	1130.3522	0.0	0.0	638.47437	0.0	0.0
0.0	428.06967	0.0	600.3305	0.0	0.0	107.252655	0.0	0.0	0.0	0.0	85.15581	0.0	0.0	2255.9158	0.0	1115.0825	0.0	0.0	1145.7003	0.0	0.0	0.0	738.6927	0.0	20.798193	1020.54266	0.0	0.0	663.58417	0.0	0.0	0.0	0.0	0.0	730.1616	0.0	189.8416	0.0	0.0	610.2678	77.540955	980.70197	0.0	0.0	0.0	625.40967	797.74554	450.07858	0.0	0.0	0.0	0.0	983.2903	0.0	0.0	88.04398	0.0	0.0	619.6021	389.31992	0.0	0.0	0.0	0.0	0.0	239.3504	783.0833	0.0	1129.6583	664.6126	0.0	1280.8597	0.0	598.9047	2.5284183	0.0	0.0	500.3927	0.0	0.0	558.39764	762.9375	0.0	2258.279	61.7	0.0	0.0	751.6985	1430.0819	0.0	0.0	194.35901	0.0	0.0	53.501266	1894.4515	0.0	0.0	0.0	333.5404	0.0	0.0	0.0	1137.419	1869.771	0.0	625.45325	0.0	0.0	297.57336	0.0	130.6826	0.0	0.0	0.0	0.0	0.0	0.0	0.0	587.4722	0.0	1231.5815	0.0	0.0	699.5778	0.0	0.0
0.0	409.74692	0.0	568.5669	0.0	0.0	95.04791	0.0	0.0	0.0	0.0	78.91452	0.0	0.0	2117.9016	0.0	1045.9525	0.0	0.0	1083.5985	0.0	0.0	0.0	690.5549	0.0	15.974133	954.4429	0.0	0.0	624.96063	0.0	0.0	0.0	0.0	0.0	697.2963	0.0	176.74385	0.0	0.0	571.51886	73.761665	920.1976	0.0	0.0	0.0	593.4487	753.59393	426.99777	0.0	0.0	0.0	0.0	938.52203	0.0	0.0	85.089134	0.0	0.0	578.19617	371.79825	0.0	0.0	0.0	0.0	0.0	223.99287	734.5892	0.0	1062.7614	629.5961	0.0	1207.119	0.0	577.199	4.3849525	0.0	0.0	463.11215	0.0	0.0	519.39685	723.64526	0.0	2126.1357	57.42667	0.0	0.0	718.7784	1338.6882	0.0	0.0	183.90417	0.0	0.0	50.941776	1784.1547	0.0	0.0	0.0	312.2312	0.0	0.0	0.0	1070.51	1756.1168	0.0	579.7576	0.0	0.0	281.06873	0.0	126.69167	0.0	0.0	0.0	0.0	0.0	0.0	0.0	564.2646	0.0	1161.8695	0.0	0.0	656.5476	0.0	0.0
0.0	406.46204	0.0	558.7968	0.0	0.0	86.143074	0.0	0.0	0.0	0.0	76.2079	0.0	0.0	2074.7205	0.0	1020.8039	0.0	0.0	1068.3451	0.0	0.0	0.0	671.6735	0.0	11.42331	933.7436	0.0	0.0	612.9477	0.0	0.0	0.0	0.0	0.0	690.9173	0.0	176.45685	0.0	0.0	562.7898	75.62292	907.5015	0.0	0.0	0.0	583.94257	736.9952	419.13858	0.0	0.0	0.0	0.0	924.9595	0.0	0.0	81.42086	0.0	0.0	565.8945	360.7585	0.0	0.0	0.0	0.0	0.0	215.74341	722.1987	0.0	1042.0126	619.01636	0.0	1182.628	0.0	570.77594	4.8305297	0.0	0.0	455.12964	0.0	0.0	509.27808	712.2873	0.0	2092.876	56.779247	0.0	0.0	706.61835	1308.4877	0.0	0.0	184.0393	0.0	0.0	45.693577	1755.5127	0.0	0.0	0.0	303.06918	0.0	0.0	0.0	1052.6501	1723.873	0.0	566.0184	0.0	0.0	272.0739	0.0	122.43374	0.0	0.0	0.0	0.0	0.0	0.0	0.0	558.1723	0.0	1138.9045	0.0	0.0	643.3321	0.0	0.0
0.0	406.59384	0.0	558.52106	0.0	0.0	87.27793	0.0	0.0	0.0	0.0	76.154335	0.0	0.0	2075.2747	0.0	1021.7424	0.0	0.0	1068.9946	0.0	0.0	0.0	673.143	0.0	11.474003	933.9793	0.0	0.0	612.1118	0.0	0.0	0.0	0.0	0.0	689.0285	0.0	177.2368	0.0	0.0	562.8077	75.55584	908.00024	0.0	0.0	0.0	583.2564	736.405	419.26242	0.0	0.0	0.0	0.0	923.2046	0.0	0.0	81.08767	0.0	0.0	566.4217	359.78983	0.0	0.0	0.0	0.0	0.0	214.92268	722.93195	0.0	1041.8353	618.5908	0.0	1181.1871	0.0	569.3056	5.0588417	0.0	0.0	456.88574	0.0	0.0	511.08487	712.35065	0.0	2095.2522	56.89688	0.0	0.0	705.7751	1308.7089	0.0	0.0	184.44421	0.0	0.0	46.883743	1756.9701	0.0	0.0	0.0	301.72748	0.0	0.0	0.0	1052.3927	1724.627	0.0	567.0193	0.0	0.0	272.41452	0.0	122.12018	0.0	0.0	0.0	0.0	0.0	0.0	0.0	557.15594	0.0	1138.7375	0.0	0.0	642.8553	0.0	0.0
0.0	418.58084	0.0	590.9423	0.0	0.0	102.048645	0.0	0.0	0.0	0.0	83.54952	0.0	0.0	2208.2356	0.0	1091.1641	0.0	0.0	1120.9463	0.0	0.0	0.0	723.61847	0.0	19.00817	997.3089	0.0	0.0	649.2488	0.0	0.0	0.0	0.0	0.0	719.3343	0.0	188.17085	0.0	0.0	593.12036	79.43391	959.6901	0.0	0.0	0.0	615.9881	781.855	441.54187	0.0	0.0	0.0	0.0	965.2004	0.0	0.0	86.25867	0.0	0.0	606.6199	382.27823	0.0	0.0	0.0	0.0	0.0	236.36055	764.6779	0.0	1107.2959	652.8134	0.0	1253.9547	0.0	590.5593	3.6138878	0.0	0.0	483.8816	0.0	0.0	544.5207	747.23126	0.0	2210.3289	59.59987	0.0	0.0	739.8096	1400.2965	0.0	0.0	190.44751	0.0	0.0	51.84048	1855.9745	0.0	0.0	0.0	326.3433	0.0	0.0	0.0	1112.3649	1828.4629	0.0	611.39984	0.0	0.0	291.85782	0.0	129.94724	0.0	0.0	0.0	0.0	0.0	0.0	0.0	578.3139	0.0	1208.5889	0.0	0.0	684.9624	0.0	0.0
0.0	403.04477	0.0	559.4299	0.0	0.0	85.32679	0.0	0.0	0.0	0.0	75.24453	0.0	0.0	2073.3132	0.0	1019.072	0.0	0.0	1067.0444	0.0	0.0	0.0	671.70905	0.0	11.800279	931.98663	0.0	0.0	611.5759	0.0	0.0	0.0	0.0	0.0	688.4165	0.0	179.35054	0.0	0.0	562.1814	76.63521	906.299	0.0	0.0	0.0	582.82495	735.4282	418.03574	0.0	0.0	0.0	0.0	920.89453	0.0	0.0	78.44979	0.0	0.0	567.02655	361.7147	0.0	0.0	0.0	0.0	0.0	217.8407	721.0728	0.0	1041.4066	616.9247	0.0	1179.3773	0.0	568.7758	5.19198	0.0	0.0	454.0482	0.0	0.0	510.2583	712.6931	0.0	2089.095	56.07378	0.0	0.0	704.7955	1305.9696	0.0	0.0	184.33069	0.0	0.0	44.282314	1752.392	0.0	0.0	0.0	300.15137	0.0	0.0	0.0	1049.8373	1719.5797	0.0	565.3138	0.0	0.0	271.52393	0.0	121.05044	0.0	0.0	0.0	0.0	0.0	0.0	0.0	556.42896	0.0	1137.5249	0.0	0.0	642.929	0.0	0.0
0.0	401.9309	0.0	550.61053	0.0	0.0	82.5856	0.0	0.0	0.0	0.0	72.844124	0.0	0.0	2043.6056	0.0	1005.5075	0.0	0.0	1056.9032	0.0	0.0	0.0	661.9405	0.0	5.1473556	918.4721	0.0	0.0	604.10205	0.0	0.0	0.0	0.0	0.0	681.6486	0.0	175.42885	0.0	0.0	555.61566	73.40669	896.144	0.0	0.0	0.0	578.25446	726.2554	414.14938	0.0	0.0	0.0	0.0	911.97345	0.0	0.0	79.41354	0.0	0.0	557.0825	356.19424	0.0	0.0	0.0	0.0	0.0	213.17627	710.8701	0.0	1026.9364	610.22876	0.0	1162.8984	0.0	565.67487	3.5209694	0.0	0.0	448.82886	0.0	0.0	501.8313	704.49023	0.0	2065.4893	57.132294	0.0	0.0	699.8342	1285.2257	0.0	0.0	182.17494	0.0	0.0	43.167202	1735.651	0.0	0.0	0.0	295.14346	0.0	0.0	0.0	1038.33	1697.5645	0.0	557.4069	0.0	0.0	266.01498	0.0	123.439995	0.0	0.0	0.0	0.0	0.0	0.0	0.0	551.65045	0.0	1123.6361	0.0	0.0	633.92926	0.0	0.0
0.0	418.0807	0.0	585.6106	0.0	0.0	102.4517	0.0	0.0	0.0	0.0	82.68957	0.0	0.0	2188.9453	0.0	1083.5719	0.0	0.0	1114.4175	0.0	0.0	0.0	717.8843	0.0	17.975523	988.9517	0.0	0.0	644.61865	0.0	0.0	0.0	0.0	0.0	712.6994	0.0	183.44153	0.0	0.0	589.36774	74.924126	950.2576	0.0	0.0	0.0	611.2878	777.25415	438.78403	0.0	0.0	0.0	0.0	960.5809	0.0	0.0	86.77814	0.0	0.0	598.9924	381.74426	0.0	0.0	0.0	0.0	0.0	233.09631	759.34375	0.0	1097.6367	647.323	0.0	1245.2169	0.0	587.1126	2.6675224	0.0	0.0	480.37387	0.0	0.0	538.4464	742.5815	0.0	2191.8594	59.677013	0.0	0.0	735.8052	1387.4171	0.0	0.0	189.08391	0.0	0.0	53.633602	1839.893	0.0	0.0	0.0	325.1533	0.0	0.0	0.0	1103.8011	1814.0143	0.0	605.0476	0.0	0.0	288.48325	0.0	129.4945	0.0	0.0	0.0	0.0	0.0	0.0	0.0	574.38116	0.0	1198.3286	0.0	0.0	678.04877	0.0	0.0
0.0	408.9631	0.0	566.0721	0.0	0.0	90.79772	0.0	0.0	0.0	0.0	78.377785	0.0	0.0	2098.9592	0.0	1034.1064	0.0	0.0	1077.872	0.0	0.0	0.0	681.091	0.0	14.428573	944.0567	0.0	0.0	620.327	0.0	0.0	0.0	0.0	0.0	696.19305	0.0	178.74597	0.0	0.0	567.0536	75.545555	915.8081	0.0	0.0	0.0	589.80975	746.8347	423.338	0.0	0.0	0.0	0.0	934.7165	0.0	0.0	82.610085	0.0	0.0	573.1955	366.9912	0.0	0.0	0.0	0.0	0.0	220.81726	730.1672	0.0	1053.317	625.36884	0.0	1196.457	0.0	575.462	5.4573936	0.0	0.0	459.13977	0.0	0.0	515.0462	719.1672	0.0	2113.0117	57.196293	0.0	0.0	713.70026	1323.7896	0.0	0.0	184.74321	0.0	0.0	48.658585	1773.3203	0.0	0.0	0.0	306.71603	0.0	0.0	0.0	1061.402	1741.9916	0.0	572.5218	0.0	0.0	277.2124	0.0	124.72028	0.0	0.0	0.0	0.0	0.0	0.0	0.0	563.0694	0.0	1151.704	0.0	0.0	652.05206	0.0	0.0
0.0	401.28317	0.0	542.1137	0.0	0.0	79.254	0.0	0.0	0.0	0.0	71.03333	0.0	0.0	2022.7008	0.0	993.26166	0.0	0.0	1051.1519	0.0	0.0	0.0	651.55975	0.0	0.87435573	909.6059	0.0	0.0	597.5649	0.0	0.0	0.0	0.0	0.0	674.1608	0.0	172.36128	0.0	0.0	555.792	71.72518	889.5183	0.0	0.0	0.0	569.51685	716.4499	409.15637	0.0	0.0	0.0	0.0	902.478	0.0	0.0	77.528404	0.0	0.0	550.6706	347.44034	0.0	0.0	0.0	0.0	0.0	204.49776	706.7692	0.0	1015.4393	602.68994	0.0	1151.9976	0.0	560.5738	3.5403786	0.0	0.0	453.0581	0.0	0.0	499.51205	699.0669	0.0	2054.34	57.976643	0.0	0.0	691.3599	1270.6544	0.0	0.0	183.30493	0.0	0.0	41.2998	1721.3887	0.0	0.0	0.0	289.91455	0.0	0.0	0.0	1032.4203	1684.7993	0.0	553.1927	0.0	0.0	263.64722	0.0	117.18438	0.0	0.0	0.0	0.0	0.0	0.0	0.0	547.3145	0.0	1110.1818	0.0	0.0	626.13043	0.0	0.0
0.0	403.30444	0.0	550.3466	0.0	0.0	85.69822	0.0	0.0	0.0	0.0	73.29023	0.0	0.0	2049.5964	0.0	1009.1035	0.0	0.0	1058.9271	0.0	0.0	0.0	663.4526	0.0	8.349688	922.3807	0.0	0.0	604.56396	0.0	0.0	0.0	0.0	0.0	680.74457	0.0	173.18779	0.0	0.0	559.5341	72.82672	897.239	0.0	0.0	0.0	575.3913	727.39716	414.08914	0.0	0.0	0.0	0.0	912.5628	0.0	0.0	80.54609	0.0	0.0	559.52924	357.50632	0.0	0.0	0.0	0.0	0.0	211.2795	714.48	0.0	1027.7699	609.9661	0.0	1168.7244	0.0	564.60724	3.8195915	0.0	0.0	453.6549	0.0	0.0	505.96005	705.73395	0.0	2070.9836	56.51383	0.0	0.0	698.48944	1291.1786	0.0	0.0	182.03041	0.0	0.0	45.012257	1735.975	0.0	0.0	0.0	297.43655	0.0	0.0	0.0	1040.9517	1703.9918	0.0	557.95044	0.0	0.0	268.8223	0.0	118.59748	0.0	0.0	0.0	0.0	0.0	0.0	0.0	552.06976	0.0	1123.3477	0.0	0.0	634.7407	0.0	0.0
0.0	403.69937	0.0	549.9506	0.0	0.0	87.58839	0.0	0.0	0.0	0.0	74.631134	0.0	0.0	2051.7737	0.0	1010.14703	0.0	0.0	1058.3033	0.0	0.0	0.0	662.842	0.0	10.269007	921.8343	0.0	0.0	606.1406	0.0	0.0	0.0	0.0	0.0	679.2125	0.0	170.01935	0.0	0.0	558.8999	71.47707	895.36053	0.0	0.0	0.0	574.3178	727.0822	414.03674	0.0	0.0	0.0	0.0	914.69745	0.0	0.0	81.61082	0.0	0.0	558.5303	357.19736	0.0	0.0	0.0	0.0	0.0	211.20709	715.4578	0.0	1027.9644	609.3207	0.0	1169.2107	0.0	565.1342	4.6684456	0.0	0.0	454.60037	0.0	0.0	504.49796	704.747	0.0	2071.5342	57.706844	0.0	0.0	700.0197	1290.7972	0.0	0.0	181.27568	0.0	0.0	47.23067	1735.9288	0.0	0.0	0.0	297.04123	0.0	0.0	0.0	1040.9764	1705.21	0.0	558.86163	0.0	0.0	273.25388	0.0	119.70971	0.0	0.0	0.0	0.0	0.0	0.0	0.0	552.43243	0.0	1123.9625	0.0	0.0	634.9339	0.0	0.0
0.0	380.354	0.0	430.3827	0.0	0.0	20.610794	0.0	0.0	0.0	0.0	48.72475	0.0	0.0	1598.935	0.0	792.5151	0.0	0.0	901.15576	0.0	0.0	0.0	494.3795	0.0	0.0	728.729	0.0	0.0	479.7419	0.0	0.0	0.0	0.0	0.0	588.75665	0.0	134.92372	0.0	0.0	452.19797	53.70077	738.9614	0.0	0.0	0.0	478.89926	575.87634	335.99268	0.0	0.0	0.0	0.0	745.53955	0.0	0.0	59.387127	0.0	0.0	424.56128	261.5109	0.0	0.0	0.0	0.0	0.0	134.51881	583.0561	0.0	834.99365	499.62796	0.0	903.9047	0.0	498.7554	0.0	0.0	0.0	383.06412	0.0	0.0	394.978	580.18097	0.0	1713.6523	63.55576	0.0	0.0	580.3665	990.14185	0.0	0.0	154.12834	0.0	0.0	0.0	1444.5127	0.0	0.0	0.0	205.15169	0.0	0.0	0.0	847.5127	1384.3766	0.0	439.91943	0.0	0.0	194.56783	0.0	114.952995	0.0	0.0	0.0	0.0	0.0	0.0	0.0	469.30777	0.0	913.6966	0.0	0.0	502.86154	0.0	0.0
0.0	396.38562	0.0	456.77832	0.0	0.0	24.730993	0.0	0.0	0.0	0.0	51.541233	0.0	0.0	1694.5117	0.0	834.5662	0.0	0.0	946.7006	0.0	0.0	0.0	528.7032	0.0	0.0	773.6465	0.0	0.0	504.29947	0.0	0.0	0.0	0.0	0.0	618.63947	0.0	144.28548	0.0	0.0	481.13464	56.95802	782.43195	0.0	0.0	0.0	499.21313	608.95624	356.44394	0.0	0.0	0.0	0.0	787.22015	0.0	0.0	61.233166	0.0	0.0	455.9806	278.80298	0.0	0.0	0.0	0.0	0.0	146.18854	615.2299	0.0	881.6652	526.02515	0.0	960.7869	0.0	521.284	0.0	0.0	0.0	410.42966	0.0	0.0	425.35898	613.7553	0.0	1804.8862	63.747345	0.0	0.0	606.98785	1051.4385	0.0	0.0	163.60388	0.0	0.0	0.0	1522.7955	0.0	0.0	0.0	217.39119	0.0	0.0	0.0	896.437	1462.2275	0.0	462.4744	0.0	0.0	206.71803	0.0	116.08425	0.0	0.0	0.0	0.0	0.0	0.0	0.0	496.479	0.0	962.43976	0.0	0.0	533.56494	0.0	0.0
0.0	377.14978	0.0	421.40543	0.0	0.0	19.047693	0.0	0.0	0.0	0.0	46.85464	0.0	0.0	1566.75	0.0	779.20233	0.0	0.0	887.1756	0.0	0.0	0.0	484.91873	0.0	0.0	714.38477	0.0	0.0	471.12158	0.0	0.0	0.0	0.0	0.0	582.3254	0.0	130.46593	0.0	0.0	440.67847	50.179577	724.2514	0.0	0.0	0.0	472.81873	567.71027	330.16135	0.0	0.0	0.0	0.0	735.9633	0.0	0.0	60.860218	0.0	0.0	412.75882	259.59384	0.0	0.0	0.0	0.0	0.0	131.12633	571.93176	0.0	822.2308	492.95413	0.0	886.66	0.0	496.05087	0.0	0.0	0.0	374.00406	0.0	0.0	383.8745	572.0135	0.0	1681.3011	62.28093	0.0	0.0	574.817	969.7834	0.0	0.0	150.65211	0.0	0.0	0.0	1418.0151	0.0	0.0	0.0	202.26811	0.0	0.0	0.0	831.78314	1359.876	0.0	431.32846	0.0	0.0	189.97246	0.0	116.49405	0.0	0.0	0.0	0.0	0.0	0.0	0.0	463.45605	0.0	899.9517	0.0	0.0	492.4833	0.0	0.0
0.0	390.52365	0.0	449.6189	0.0	0.0	22.438446	0.0	0.0	0.0	0.0	52.368042	0.0	0.0	1666.7894	0.0	821.1927	0.0	0.0	933.19415	0.0	0.0	0.0	517.1174	0.0	0.0	760.884	0.0	0.0	497.92935	0.0	0.0	0.0	0.0	0.0	608.1492	0.0	139.52977	0.0	0.0	474.86783	57.802807	771.00775	0.0	0.0	0.0	490.99185	596.5543	352.8826	0.0	0.0	0.0	0.0	773.92456	0.0	0.0	59.127087	0.0	0.0	448.49036	272.71826	0.0	0.0	0.0	0.0	0.0	142.03407	607.96893	0.0	866.55054	517.9975	0.0	944.43604	0.0	510.86026	0.0	0.0	0.0	404.938	0.0	0.0	417.92517	603.638	0.0	1780.3168	63.01601	0.0	0.0	593.85754	1032.6083	0.0	0.0	160.19185	0.0	0.0	0.0	1501.578	0.0	0.0	0.0	212.26526	0.0	0.0	0.0	883.30096	1439.2643	0.0	455.73276	0.0	0.0	203.43153	0.0	112.957245	0.0	0.0	0.0	0.0	0.0	0.0	0.0	488.4205	0.0	946.3515	0.0	0.0	524.3067	0.0	0.0
0.0	388.41446	0.0	451.3666	0.0	0.0	21.395773	0.0	0.0	0.0	0.0	53.32703	0.0	0.0	1670.9585	0.0	819.32306	0.0	0.0	931.8448	0.0	0.0	0.0	516.36945	0.0	0.0	759.23956	0.0	0.0	500.5348	0.0	0.0	0.0	0.0	0.0	607.21564	0.0	138.98254	0.0	0.0	477.84103	58.809574	772.2993	0.0	0.0	0.0	490.05005	596.01215	355.2139	0.0	0.0	0.0	0.0	775.7874	0.0	0.0	58.40251	0.0	0.0	449.7175	272.7532	0.0	0.0	0.0	0.0	0.0	141.27296	611.6482	0.0	867.34717	516.58417	0.0	946.749	0.0	508.31967	0.0	0.0	0.0	405.6746	0.0	0.0	418.07178	606.2084	0.0	1779.4541	63.798004	0.0	0.0	589.6774	1031.3613	0.0	0.0	161.94316	0.0	0.0	3.5626354	1499.7997	0.0	0.0	0.0	214.23082	0.0	0.0	0.0	885.2172	1436.2637	0.0	457.46695	0.0	0.0	201.6165	0.0	113.03198	0.0	0.0	0.0	0.0	0.0	0.0	0.0	488.21582	0.0	944.63477	0.0	0.0	523.5535	0.0	0.0
0.0	380.62234	0.0	434.31113	0.0	0.0	21.02067	0.0	0.0	0.0	0.0	49.586346	0.0	0.0	1606.881	0.0	793.76056	0.0	0.0	902.741	0.0	0.0	0.0	498.71756	0.0	0.0	733.34357	0.0	0.0	480.4755	0.0	0.0	0.0	0.0	0.0	590.74164	0.0	135.4857	0.0	0.0	456.2747	54.558746	743.0715	0.0	0.0	0.0	477.1827	577.99695	339.79166	0.0	0.0	0.0	0.0	749.9777	0.0	0.0	58.974415	0.0	0.0	429.64798	264.69217	0.0	0.0	0.0	0.0	0.0	136.25061	586.3775	0.0	837.8703	501.27628	0.0	910.84955	0.0	497.60095	0.0	0.0	0.0	388.0148	0.0	0.0	400.91196	583.624	0.0	1717.9547	61.789703	0.0	0.0	578.32684	995.7312	0.0	0.0	154.96736	0.0	0.0	0.0	1449.401	0.0	0.0	0.0	206.07057	0.0	0.0	0.0	852.57666	1389.4219	0.0	439.60275	0.0	0.0	194.4778	0.0	113.63445	0.0	0.0	0.0	0.0	0.0	0.0	0.0	473.0845	0.0	915.0524	0.0	0.0	505.938	0.0	0.0
0.0	396.1376	0.0	454.47623	0.0	0.0	22.550222	0.0	0.0	0.0	0.0	51.94556	0.0	0.0	1683.2635	0.0	831.2207	0.0	0.0	944.01935	0.0	0.0	0.0	523.62	0.0	0.0	769.3078	0.0	0.0	503.83264	0.0	0.0	0.0	0.0	0.0	615.93427	0.0	141.70793	0.0	0.0	478.86447	57.61041	779.7529	0.0	0.0	0.0	497.95737	605.3177	356.09595	0.0	0.0	0.0	0.0	782.698	0.0	0.0	60.341236	0.0	0.0	452.90512	275.02524	0.0	0.0	0.0	0.0	0.0	144.18895	614.14594	0.0	877.8801	524.3591	0.0	953.8247	0.0	517.9087	0.0	0.0	0.0	409.19644	0.0	0.0	421.6768	611.45807	0.0	1800.1095	63.631763	0.0	0.0	603.89825	1043.4575	0.0	0.0	162.34431	0.0	0.0	0.0	1519.6439	0.0	0.0	0.0	213.59167	0.0	0.0	0.0	891.8475	1455.497	0.0	461.4725	0.0	0.0	205.29436	0.0	116.24206	0.0	0.0	0.0	0.0	0.0	0.0	0.0	493.8987	0.0	960.507	0.0	0.0	530.4607	0.0	0.0
0.0	424.02673	0.0	491.8123	0.0	0.0	29.150518	0.0	0.0	0.0	0.0	54.972656	0.0	0.0	1849.0553	0.0	910.33527	0.0	0.0	1023.638	0.0	0.0	0.0	576.8504	0.0	0.0	840.6653	0.0	0.0	548.96674	0.0	0.0	0.0	0.0	0.0	668.3706	0.0	158.65996	0.0	0.0	527.6949	59.642002	847.41473	0.0	0.0	0.0	547.5667	664.58563	382.35397	0.0	0.0	0.0	0.0	854.0413	0.0	0.0	67.23989	0.0	0.0	492.9231	306.19388	0.0	0.0	0.0	0.0	0.0	159.59642	664.2486	0.0	958.36115	573.5992	0.0	1049.4635	0.0	566.4995	0.0	0.0	0.0	439.71475	0.0	0.0	457.2332	662.9925	0.0	1955.7949	71.17332	0.0	0.0	662.84644	1147.9601	0.0	0.0	176.67604	0.0	0.0	0.0	1648.6249	0.0	0.0	0.0	247.09827	0.0	0.0	0.0	979.8049	1588.3438	0.0	506.47485	0.0	0.0	223.53783	0.0	133.8383	0.0	0.0	0.0	0.0	0.0	0.0	0.0	534.91675	0.0	1042.6417	0.0	0.0	581.084	0.0	0.0
0.0	388.52588	0.0	433.5909	0.0	0.0	21.432623	0.0	0.0	0.0	0.0	49.055862	0.0	0.0	1637.016	0.0	809.6179	0.0	0.0	916.0493	0.0	0.0	0.0	505.2954	0.0	0.0	741.783	0.0	0.0	486.83505	0.0	0.0	0.0	0.0	0.0	601.7935	0.0	137.15282	0.0	0.0	464.8132	50.807465	751.74835	0.0	0.0	0.0	490.651	592.2979	341.79434	0.0	0.0	0.0	0.0	765.95465	0.0	0.0	66.82813	0.0	0.0	429.9845	271.64038	0.0	0.0	0.0	0.0	0.0	137.47205	593.2221	0.0	853.8689	511.22983	0.0	926.95605	0.0	513.5253	0.0	0.0	0.0	387.15714	0.0	0.0	400.86624	592.15216	0.0	1740.8364	66.38279	0.0	0.0	594.68085	1012.55865	0.0	0.0	159.10638	0.0	0.0	0.0	1463.9814	0.0	0.0	0.0	220.29814	0.0	0.0	0.0	869.41034	1411.0065	0.0	446.44394	0.0	0.0	195.12917	0.0	122.13727	0.0	0.0	0.0	0.0	0.0	0.0	0.0	480.77005	0.0	928.90234	0.0	0.0	510.88248	0.0	0.0
0.0	501.69363	0.0	600.85156	0.0	0.0	45.995564	0.0	0.0	0.0	0.0	70.324974	0.0	0.0	2272.7102	0.0	1101.7357	0.0	0.0	1237.8362	0.0	0.0	0.0	707.125	0.0	0.0	1028.8286	0.0	0.0	668.4074	0.0	0.0	0.0	0.0	0.0	791.26154	0.0	192.87971	0.0	0.0	667.2071	78.063225	1041.4877	0.0	0.0	0.0	646.55255	800.89716	471.01404	0.0	0.0	0.0	0.0	1030.3942	0.0	0.0	69.67095	0.0	0.0	621.6738	368.6381	0.0	0.0	0.0	0.0	0.0	191.94191	820.893	0.0	1157.4636	683.63666	0.0	1293.8833	0.0	664.3003	0.0	0.0	0.0	559.33545	0.0	0.0	582.10254	806.2659	0.0	2389.138	83.268745	0.0	0.0	772.6501	1409.2148	0.0	0.0	221.6389	0.0	0.0	9.207934	2003.4528	0.0	0.0	0.0	299.17368	0.0	0.0	0.0	1200.6691	1934.5133	0.0	621.17303	0.0	0.0	280.56665	0.0	140.67586	0.0	0.0	0.0	0.0	0.0	0.0	0.0	642.56116	0.0	1254.5552	0.0	0.0	709.7825	0.0	0.0
0.0	387.9047	0.0	441.1141	0.0	0.0	21.313446	0.0	0.0	0.0	0.0	51.757343	0.0	0.0	1643.1324	0.0	809.0485	0.0	0.0	919.85333	0.0	0.0	0.0	509.46262	0.0	0.0	749.2078	0.0	0.0	489.55115	0.0	0.0	0.0	0.0	0.0	600.95386	0.0	137.63371	0.0	0.0	469.4797	55.341187	760.7688	0.0	0.0	0.0	483.66867	589.4912	347.56693	0.0	0.0	0.0	0.0	765.40314	0.0	0.0	60.742752	0.0	0.0	440.8634	268.0778	0.0	0.0	0.0	0.0	0.0	138.90297	600.4366	0.0	855.2006	510.6342	0.0	931.21655	0.0	505.32324	0.0	0.0	0.0	399.88998	0.0	0.0	412.17606	596.41974	0.0	1754.7086	62.434826	0.0	0.0	586.1347	1016.9655	0.0	0.0	160.2741	0.0	0.0	0.0	1477.889	0.0	0.0	0.0	211.17969	0.0	0.0	0.0	872.46484	1417.9731	0.0	448.05615	0.0	0.0	198.3715	0.0	112.37406	0.0	0.0	0.0	0.0	0.0	0.0	0.0	483.4877	0.0	933.4255	0.0	0.0	515.34686	0.0	0.0
0.0	474.89694	0.0	573.8001	0.0	0.0	38.203445	0.0	0.0	0.0	0.0	67.48087	0.0	0.0	2106.1145	0.0	1031.8214	0.0	0.0	1173.1865	0.0	0.0	0.0	656.6158	0.0	0.0	969.60236	0.0	0.0	632.2984	0.0	0.0	0.0	0.0	0.0	746.4478	0.0	183.88918	0.0	0.0	611.68176	79.88162	979.9377	0.0	0.0	0.0	607.6349	741.785	441.63174	0.0	0.0	0.0	0.0	951.917	0.0	0.0	53.496094	0.0	0.0	586.36566	329.28174	0.0	0.0	0.0	0.0	0.0	182.36842	768.41504	0.0	1086.1766	643.5351	0.0	1193.9795	0.0	617.7271	0.0	0.0	0.0	531.898	0.0	0.0	546.4014	753.34625	0.0	2256.242	74.853615	0.0	0.0	729.79755	1312.2625	0.0	0.0	200.6686	0.0	0.0	0.0	1909.7653	0.0	0.0	0.0	250.41907	0.0	0.0	0.0	1115.0228	1821.0343	0.0	588.0515	0.0	0.0	268.63846	0.0	129.27773	0.0	0.0	0.0	0.0	0.0	0.0	0.0	600.49805	0.0	1193.3107	0.0	0.0	676.1291	0.0	0.0
0.0	383.01172	0.0	433.68265	0.0	0.0	20.812124	0.0	0.0	0.0	0.0	49.244446	0.0	0.0	1611.5511	0.0	798.1831	0.0	0.0	906.9289	0.0	0.0	0.0	499.00204	0.0	0.0	734.7321	0.0	0.0	482.51688	0.0	0.0	0.0	0.0	0.0	593.3554	0.0	136.81146	0.0	0.0	455.7932	53.240368	743.6645	0.0	0.0	0.0	482.26135	581.0772	338.05307	0.0	0.0	0.0	0.0	752.0642	0.0	0.0	60.47406	0.0	0.0	427.02945	264.0538	0.0	0.0	0.0	0.0	0.0	135.90869	586.71173	0.0	841.7336	503.5747	0.0	911.1911	0.0	502.97202	0.0	0.0	0.0	385.85733	0.0	0.0	397.9989	584.3322	0.0	1724.6207	64.227425	0.0	0.0	584.7668	998.30414	0.0	0.0	155.8208	0.0	0.0	0.0	1453.7958	0.0	0.0	0.0	207.73427	0.0	0.0	0.0	854.89795	1394.4396	0.0	443.1884	0.0	0.0	195.35675	0.0	116.69623	0.0	0.0	0.0	0.0	0.0	0.0	0.0	473.2694	0.0	920.13007	0.0	0.0	506.73267	0.0	0.0
0.0	473.56238	0.0	521.6115	0.0	0.0	31.220861	0.0	0.0	0.0	0.0	56.997787	0.0	0.0	2041.0049	0.0	1005.201	0.0	0.0	1117.0634	0.0	0.0	0.0	631.87823	0.0	0.0	911.20685	0.0	0.0	595.6259	0.0	0.0	0.0	0.0	0.0	742.176	0.0	169.84732	0.0	0.0	582.3702	51.804546	919.7828	0.0	0.0	0.0	613.8509	744.9917	413.28772	0.0	0.0	0.0	0.0	958.617	0.0	0.0	96.99151	0.0	0.0	522.4467	352.19418	0.0	0.0	0.0	0.0	0.0	170.98817	723.9151	0.0	1057.6471	634.75055	0.0	1161.1216	0.0	647.58435	0.0	0.0	0.0	461.407	0.0	0.0	483.83035	729.6606	0.0	2124.8303	86.527565	0.0	0.0	744.0335	1260.62	0.0	0.0	201.00317	0.0	0.0	0.0	1775.1007	0.0	0.0	0.0	305.85284	0.0	0.0	0.0	1084.8099	1735.3473	0.0	547.67316	0.0	0.0	235.51715	0.0	165.3793	0.0	0.0	0.0	0.0	0.0	0.0	0.0	593.8003	0.0	1137.5735	0.0	0.0	624.9991	0.0	0.0
0.0	409.72876	0.0	445.87292	0.0	0.0	23.490381	0.0	0.0	0.0	0.0	48.220886	0.0	0.0	1720.3998	0.0	852.36615	0.0	0.0	956.1023	0.0	0.0	0.0	531.5523	0.0	0.0	773.7195	0.0	0.0	506.6665	0.0	0.0	0.0	0.0	0.0	634.70917	0.0	142.05937	0.0	0.0	486.4738	45.759357	782.0373	0.0	0.0	0.0	521.56635	630.0616	353.65427	0.0	0.0	0.0	0.0	812.33496	0.0	0.0	81.24168	0.0	0.0	441.07547	295.32672	0.0	0.0	0.0	0.0	0.0	143.89346	615.61426	0.0	897.43256	539.5217	0.0	976.4278	0.0	551.9257	0.0	0.0	0.0	393.72153	0.0	0.0	410.07828	620.6149	0.0	1811.2369	72.506004	0.0	0.0	634.544	1063.0577	0.0	0.0	167.64781	0.0	0.0	0.0	1517.7689	0.0	0.0	0.0	247.80672	0.0	0.0	0.0	914.68353	1475.751	0.0	464.1421	0.0	0.0	200.46349	0.0	138.85133	0.0	0.0	0.0	0.0	0.0	0.0	0.0	506.14746	0.0	971.1784	0.0	0.0	530.22003	0.0	0.0
0.0	414.9868	0.0	453.0182	0.0	0.0	24.25467	0.0	0.0	0.0	0.0	49.703815	0.0	0.0	1748.2921	0.0	864.9321	0.0	0.0	971.16943	0.0	0.0	0.0	539.4395	0.0	0.0	787.20166	0.0	0.0	514.5068	0.0	0.0	0.0	0.0	0.0	642.5378	0.0	143.9829	0.0	0.0	497.4332	47.876064	795.8675	0.0	0.0	0.0	527.0728	637.14014	359.26718	0.0	0.0	0.0	0.0	823.2212	0.0	0.0	78.89942	0.0	0.0	450.15695	296.921	0.0	0.0	0.0	0.0	0.0	144.50877	627.23895	0.0	910.7571	546.65656	0.0	991.4665	0.0	557.3943	0.0	0.0	0.0	403.98288	0.0	0.0	419.3337	629.81793	0.0	1843.2734	73.39231	0.0	0.0	639.3388	1080.6143	0.0	0.0	170.42236	0.0	0.0	0.0	1543.2192	0.0	0.0	0.0	249.04822	0.0	0.0	0.0	930.77954	1500.4678	0.0	473.2501	0.0	0.0	204.73395	0.0	138.05379	0.0	0.0	0.0	0.0	0.0	0.0	0.0	512.8574	0.0	985.8628	0.0	0.0	539.29974	0.0	0.0
0.0	386.12234	0.0	427.8131	0.0	0.0	21.261389	0.0	0.0	0.0	0.0	47.510773	0.0	0.0	1609.8441	0.0	798.23346	0.0	0.0	905.14526	0.0	0.0	0.0	497.1377	0.0	0.0	729.9658	0.0	0.0	480.7393	0.0	0.0	0.0	0.0	0.0	595.49945	0.0	134.82881	0.0	0.0	453.9099	48.47964	739.31366	0.0	0.0	0.0	485.63242	585.1634	336.73026	0.0	0.0	0.0	0.0	756.97284	0.0	0.0	66.97349	0.0	0.0	420.9753	269.4127	0.0	0.0	0.0	0.0	0.0	135.23264	584.88983	0.0	843.0632	503.86142	0.0	911.15967	0.0	511.11548	0.0	0.0	0.0	379.05844	0.0	0.0	391.9047	585.8935	0.0	1715.9965	65.86721	0.0	0.0	590.25446	995.06744	0.0	0.0	156.98827	0.0	0.0	0.0	1443.4323	0.0	0.0	0.0	215.27869	0.0	0.0	0.0	854.436	1390.0283	0.0	440.56766	0.0	0.0	192.41895	0.0	122.67999	0.0	0.0	0.0	0.0	0.0	0.0	0.0	474.64383	0.0	918.8035	0.0	0.0	502.39294	0.0	0.0
0.0	384.2937	0.0	435.2964	0.0	0.0	21.643717	0.0	0.0	0.0	0.0	48.883892	0.0	0.0	1625.4648	0.0	804.92206	0.0	0.0	913.40485	0.0	0.0	0.0	502.98703	0.0	0.0	740.17584	0.0	0.0	486.82568	0.0	0.0	0.0	0.0	0.0	596.8357	0.0	137.47571	0.0	0.0	459.83337	53.88042	749.195	0.0	0.0	0.0	486.40564	585.5295	340.06406	0.0	0.0	0.0	0.0	757.3235	0.0	0.0	60.986904	0.0	0.0	430.33994	268.1816	0.0	0.0	0.0	0.0	0.0	136.90118	590.6855	0.0	848.28094	507.6332	0.0	920.52246	0.0	507.4456	0.0	0.0	0.0	387.80774	0.0	0.0	400.3677	589.2652	0.0	1735.8057	64.30387	0.0	0.0	590.3825	1006.8039	0.0	0.0	156.65721	0.0	0.0	0.0	1461.9938	0.0	0.0	0.0	212.007	0.0	0.0	0.0	862.4661	1404.725	0.0	446.2645	0.0	0.0	196.98193	0.0	118.5781	0.0	0.0	0.0	0.0	0.0	0.0	0.0	476.25064	0.0	926.55035	0.0	0.0	510.54916	0.0	0.0
0.0	402.99033	0.0	466.8912	0.0	0.0	29.60526	0.0	0.0	0.0	0.0	56.451115	0.0	0.0	1737.7476	0.0	856.6994	0.0	0.0	971.9988	0.0	0.0	0.0	535.1469	0.0	0.0	791.91486	0.0	0.0	522.8542	0.0	0.0	0.0	0.0	0.0	623.8569	0.0	140.7969	0.0	0.0	500.55295	55.033062	802.3172	0.0	0.0	0.0	506.8854	614.67596	363.69467	0.0	0.0	0.0	0.0	801.50775	0.0	0.0	51.483753	0.0	0.0	466.41602	277.79407	0.0	0.0	0.0	0.0	0.0	140.28937	639.0822	0.0	903.32184	533.7754	0.0	986.08185	0.0	527.45953	0.0	0.0	0.0	431.5623	0.0	0.0	435.78555	629.1368	0.0	1860.1644	65.31986	0.0	0.0	609.6009	1074.8643	0.0	0.0	171.20229	0.0	0.0	0.0	1564.8326	0.0	0.0	0.0	217.93805	0.0	0.0	0.0	926.363	1499.0851	0.0	488.20084	0.0	0.0	221.4099	0.0	113.67261	0.0	0.0	0.0	0.0	0.0	0.0	0.0	499.939	0.0	985.1153	0.0	0.0	548.3962	0.0	0.0
0.0	374.70007	0.0	430.3153	0.0	0.0	21.783487	0.0	0.0	0.0	0.0	49.48866	0.0	0.0	1587.1403	0.0	785.75775	0.0	0.0	887.8392	0.0	0.0	0.0	496.80884	0.0	0.0	723.09717	0.0	0.0	472.41055	0.0	0.0	0.0	0.0	0.0	587.75116	0.0	135.17523	0.0	0.0	446.28214	45.992184	728.7287	0.0	0.0	0.0	471.97702	573.9681	332.80185	0.0	0.0	0.0	0.0	746.4926	0.0	0.0	61.03897	0.0	0.0	421.07947	266.49158	0.0	0.0	0.0	0.0	0.0	138.54643	573.0801	0.0	829.7951	496.56015	0.0	902.7815	0.0	498.02554	0.0	0.0	0.0	378.84277	0.0	0.0	391.5504	576.05133	0.0	1685.0679	61.73061	0.0	0.0	576.6118	984.19116	0.0	0.0	153.88548	0.0	0.0	0.0	1424.8304	0.0	0.0	0.0	207.38393	0.0	0.0	0.0	843.087	1369.4639	0.0	434.009	0.0	0.0	193.03618	0.0	113.36139	0.0	0.0	0.0	0.0	0.0	0.0	0.0	469.3822	0.0	904.5068	0.0	0.0	503.65625	0.0	0.0
0.0	390.7703	0.0	449.13327	0.0	0.0	26.012314	0.0	0.0	0.0	0.0	50.51814	0.0	0.0	1680.7311	0.0	828.29706	0.0	0.0	938.229	0.0	0.0	0.0	520.44714	0.0	0.0	763.5007	0.0	0.0	501.39624	0.0	0.0	0.0	0.0	0.0	608.687	0.0	144.93375	0.0	0.0	478.97635	55.582703	773.09326	0.0	0.0	0.0	498.37952	602.945	349.39603	0.0	0.0	0.0	0.0	774.85565	0.0	0.0	59.105274	0.0	0.0	448.5269	273.9326	0.0	0.0	0.0	0.0	0.0	142.17836	609.4765	0.0	871.9436	518.3904	0.0	950.36084	0.0	516.09784	0.0	0.0	0.0	404.23022	0.0	0.0	418.22586	605.5262	0.0	1791.0234	66.45657	0.0	0.0	602.3174	1040.9722	0.0	0.0	162.67897	0.0	0.0	0.0	1507.8345	0.0	0.0	0.0	217.51091	0.0	0.0	0.0	888.18097	1447.6305	0.0	464.10715	0.0	0.0	204.58833	0.0	119.42926	0.0	0.0	0.0	0.0	0.0	0.0	0.0	486.6577	0.0	951.8465	0.0	0.0	528.7176	0.0	0.0
0.0	494.375	0.0	604.3427	0.0	0.0	35.753098	0.0	0.0	0.0	0.0	72.00959	0.0	0.0	2189.5215	0.0	1073.1099	0.0	0.0	1224.3942	0.0	0.0	0.0	684.1618	0.0	0.0	1012.13165	0.0	0.0	659.7776	0.0	0.0	0.0	0.0	0.0	779.25415	0.0	193.30952	0.0	0.0	634.1201	87.06174	1021.9631	0.0	0.0	0.0	631.75195	768.9017	463.24686	0.0	0.0	0.0	0.0	988.39215	0.0	0.0	52.646133	0.0	0.0	612.19775	337.43124	0.0	0.0	0.0	0.0	0.0	191.85303	800.8533	0.0	1132.8802	670.74475	0.0	1238.1273	0.0	639.36176	0.0	0.0	0.0	556.73486	0.0	0.0	570.9106	784.2656	0.0	2357.4841	78.09473	0.0	0.0	758.8343	1365.6705	0.0	0.0	208.49336	0.0	0.0	0.0	2000.5223	0.0	0.0	0.0	250.90944	0.0	0.0	0.0	1159.7075	1898.4276	0.0	615.66034	0.0	0.0	280.9037	0.0	131.22533	0.0	0.0	0.0	0.0	0.0	0.0	0.0	625.4943	0.0	1247.8885	0.0	0.0	706.1872	0.0	0.0
0.0	384.6677	0.0	437.69577	0.0	0.0	20.9923	0.0	0.0	0.0	0.0	50.72394	0.0	0.0	1624.1488	0.0	802.06885	0.0	0.0	912.7898	0.0	0.0	0.0	503.39453	0.0	0.0	740.8024	0.0	0.0	485.68262	0.0	0.0	0.0	0.0	0.0	595.8992	0.0	136.73476	0.0	0.0	461.39493	54.85681	752.0916	0.0	0.0	0.0	481.14087	583.42773	343.10568	0.0	0.0	0.0	0.0	756.57623	0.0	0.0	59.34653	0.0	0.0	435.15	265.36218	0.0	0.0	0.0	0.0	0.0	137.37633	593.56854	0.0	846.6392	505.9277	0.0	919.93604	0.0	501.80667	0.0	0.0	0.0	393.84506	0.0	0.0	406.24307	589.97076	0.0	1738.38	62.445423	0.0	0.0	583.1579	1005.7956	0.0	0.0	157.93874	0.0	0.0	0.0	1465.4537	0.0	0.0	0.0	207.71013	0.0	0.0	0.0	861.0869	1404.058	0.0	444.2562	0.0	0.0	197.1327	0.0	112.39289	0.0	0.0	0.0	0.0	0.0	0.0	0.0	477.80582	0.0	925.1009	0.0	0.0	510.82767	0.0	0.0
0.0	425.84583	0.0	502.037	0.0	0.0	27.350067	0.0	0.0	0.0	0.0	59.172245	0.0	0.0	1841.5172	0.0	904.1197	0.0	0.0	1031.0983	0.0	0.0	0.0	572.7686	0.0	0.0	846.3296	0.0	0.0	551.1425	0.0	0.0	0.0	0.0	0.0	664.18317	0.0	155.12006	0.0	0.0	532.2511	68.99769	858.14404	0.0	0.0	0.0	533.729	651.85706	391.7487	0.0	0.0	0.0	0.0	845.3239	0.0	0.0	54.12198	0.0	0.0	506.9137	292.05835	0.0	0.0	0.0	0.0	0.0	156.24153	675.49506	0.0	954.38605	568.0689	0.0	1043.1056	0.0	550.52106	0.0	0.0	0.0	461.88858	0.0	0.0	474.28598	664.9654	0.0	1976.6857	66.28135	0.0	0.0	642.5241	1144.2915	0.0	0.0	176.851	0.0	0.0	0.0	1670.0397	0.0	0.0	0.0	221.7148	0.0	0.0	0.0	977.0198	1594.5092	0.0	507.9536	0.0	0.0	230.1444	0.0	114.92814	0.0	0.0	0.0	0.0	0.0	0.0	0.0	534.9106	0.0	1045.8647	0.0	0.0	584.50836	0.0	0.0
0.0	396.49524	0.0	458.59995	0.0	0.0	24.273573	0.0	0.0	0.0	0.0	54.767044	0.0	0.0	1707.0308	0.0	836.0828	0.0	0.0	949.12866	0.0	0.0	0.0	530.7222	0.0	0.0	778.13525	0.0	0.0	507.10886	0.0	0.0	0.0	0.0	0.0	617.5938	0.0	140.91785	0.0	0.0	490.17468	59.762985	790.12836	0.0	0.0	0.0	494.96103	609.0251	362.90164	0.0	0.0	0.0	0.0	792.05536	0.0	0.0	60.32358	0.0	0.0	462.9974	277.7453	0.0	0.0	0.0	0.0	0.0	145.14708	623.77216	0.0	883.83075	526.79694	0.0	967.68945	0.0	516.93036	0.0	0.0	0.0	419.51257	0.0	0.0	432.1262	618.05273	0.0	1817.8595	62.497467	0.0	0.0	597.6528	1055.9918	0.0	0.0	165.64311	0.0	0.0	4.350594	1530.0692	0.0	0.0	0.0	217.56079	0.0	0.0	0.0	903.7285	1468.9471	0.0	464.11572	0.0	0.0	208.12483	0.0	109.08393	0.0	0.0	0.0	0.0	0.0	0.0	0.0	499.40442	0.0	963.7373	0.0	0.0	533.3612	0.0	0.0
