0.0	0.2719343	0.0	0.16512764	0.0	0.0	0.26085213	0.0	0.0	0.0	0.0	0.0	0.0	0.0	0.3536648	0.0	0.5079803	0.0	0.0	0.24495256	0.0	0.0	0.0	0.18438083	0.0	0.08709393	0.13208668	0.0	0.0	0.114833266	0.0	0.0	0.0	0.0	0.0	0.15652575	0.0	0.0	0.0	0.0	0.22682114	0.0	0.12412998	0.0	0.22044373	0.0	0.36913553	0.21036832	0.12227502	0.16105263	0.0	0.0	0.0	0.23914413	0.0	0.0	0.24349941	0.0	0.0	0.3106363	0.17236368	0.0	0.0	0.0	0.0	0.0	0.074494086	0.2877719	0.0	0.28998372	0.24641629	0.0	0.1904614	0.0	0.0	0.0	0.0	0.0	0.32919553	0.0	0.0	0.050275695	0.5108018	0.0	0.56457174	0.0	0.0	0.0	0.20485191	0.2876234	0.0	0.0	0.0	0.0	0.0	0.0	0.32789174	0.0	0.0	0.0	0.24326696	0.0	0.0	0.0	0.35149625	0.3238907	0.0	0.39334658	0.0	0.0	0.1933202	0.0	0.22168376	0.0	0.0	0.0	0.0	0.0	0.0	0.0	0.1979224	0.0	0.49472117	0.0468267	0.0	0.16003169	0.0	0.0
0.0	0.2705454	0.0	0.1519177	0.0	0.0	0.255612	0.0	0.0	0.0	0.0	0.0	0.0	0.0	0.362583	0.0	0.49831152	0.0	0.0	0.25404468	0.0	0.0	0.0	0.16588624	0.0	0.06383315	0.109469116	0.0	0.0	0.10770061	0.0	0.0	0.0	0.0	0.0	0.17156082	0.0	0.0	0.0	0.0	0.24020366	0.0	0.118836544	0.0	0.25627896	0.0	0.37611416	0.18639892	0.11940674	0.1530204	0.0	0.0	0.0	0.27947763	0.0	0.0	0.25200817	0.0	0.0	0.31406784	0.14577828	0.0	0.0	0.0	0.0	0.0	0.05492671	0.30746442	0.0	0.28623703	0.26748845	0.0	0.16931449	0.0	0.0	0.0	0.0	0.0	0.3353517	0.0	0.0	0.025582647	0.53663725	0.0	0.61006564	0.0	0.0	0.0	0.23843765	0.2814938	0.0	0.0	0.0	0.0	0.0	0.0	0.35247925	0.0	0.0	0.0	0.22437172	0.0	0.0	0.0	0.35775578	0.32340297	0.0	0.4084357	0.0	0.0	0.21928424	0.0	0.24749012	0.0	0.0	0.0	0.0	0.0	0.0	0.0	0.22609787	0.0	0.4879907	0.032028962	0.0	0.16213028	0.0	0.0
0.0	0.26791295	0.0	0.17113458	0.0	0.0	0.26521945	0.0	0.0	0.0	0.0	0.0	0.0	0.0	0.3504968	0.0	0.5093212	0.0	0.0	0.24778278	0.0	0.0	0.0	0.1815369	0.0	0.088729195	0.11075282	0.0	0.0	0.11142149	0.0	0.0	0.0	0.0	0.0	0.14290132	0.0	0.0	0.0	0.0	0.22584344	0.0	0.103734255	0.0	0.27213055	0.0	0.37188813	0.22048731	0.12132377	0.17174332	0.0	0.0	0.0	0.24843056	0.0	0.0	0.2699246	0.0	0.0	0.30248132	0.1881897	0.0	0.0	0.0	0.0	0.0	0.08132792	0.28010154	0.0	0.27090558	0.24998264	0.0	0.17774118	0.0	0.0	0.0	0.0	0.0	0.29416376	0.0	0.0	0.023821792	0.51253295	0.0	0.5450568	0.0	0.0	0.0	0.21009035	0.26910642	0.0	0.0	0.0	0.0	0.0	0.0	0.32398322	0.0	0.0	0.0	0.2483906	0.0036141127	0.0	0.0	0.34928763	0.30348977	0.0	0.39164758	0.0	0.0	0.2050259	0.0	0.23653845	0.0	0.0	0.0	0.0	0.0	0.0	0.0	0.19629657	0.0	0.4994415	0.042285208	0.0	0.17019464	0.0	0.0
0.0	0.27789557	0.0	0.17567986	0.0	0.0	0.2862235	0.0	0.0	0.0	0.0	0.0	0.0	0.0	0.36842096	0.0	0.5352841	0.0	0.0	0.24440731	0.0	0.0	0.0	0.20196505	0.0	0.10464979	0.13311456	0.0	0.0	0.122785896	0.0	0.0	0.0	0.0	0.0	0.14234076	0.0	0.0	0.0	0.0	0.22903223	0.0	0.11466688	0.0	0.23996465	0.0	0.37319002	0.2540973	0.117532045	0.17038636	0.0	0.0	0.0	0.22430372	0.0	0.0	0.24686746	0.0	0.0	0.31064543	0.20175059	0.0	0.0	0.0	0.0	0.0	0.096203394	0.27746472	0.0	0.2809547	0.23757605	0.002733684	0.18477349	0.0	0.0	0.0	0.0	0.0	0.29793105	0.0	0.0	0.0465221	0.49858367	0.0	0.5362218	0.0	0.0	0.0	0.1988175	0.2902088	0.0	0.0	0.0	0.0	0.0	0.0	0.3251265	0.0	0.0	0.0	0.27078494	0.017893763	0.0	0.0	0.3477974	0.3069303	0.0	0.3927813	0.0	0.0	0.19310367	0.0	0.22986871	0.0	0.0	0.0	0.0	0.0	0.0	0.0	0.18132825	0.0	0.5254797	0.05433583	0.0	0.1681834	0.0	0.0
0.0	0.25019297	0.0	0.17308502	0.0	0.0	0.32371756	0.0	0.0	0.0	0.0	0.0	0.0	0.0	0.42680573	0.0	0.56697947	0.0	0.0	0.21175973	0.0	0.0	0.0	0.2329408	0.0	0.13539152	0.16862155	0.0	0.0	0.11371714	0.0	0.0	0.0	0.0	0.0	0.15895994	0.0	0.0	0.0	0.0	0.233095	0.0	0.11489207	0.0	0.21159716	0.0	0.37962094	0.30437028	0.11905661	0.19866328	0.0	0.0	0.0	0.20286864	0.0	0.0	0.24165191	0.0	0.0	0.34570464	0.22578864	0.0	0.0	0.0	0.0	0.014491637	0.10848699	0.28193095	0.0	0.31881693	0.19889493	0.014574035	0.18402289	0.0	0.0	0.0	0.0	0.0	0.28503454	0.0	0.0	0.09696174	0.50042164	0.0	0.50634205	0.0	0.0	0.0	0.1955431	0.304881	0.0	0.0	0.0	0.0	0.0	0.0	0.29678676	0.0	0.0	0.0	0.29281905	0.050543025	0.0	0.0	0.3181646	0.315076	0.0	0.40059885	0.0	0.0	0.17652898	0.0	0.24485607	0.0	0.0	0.0	0.0	0.0	0.0	0.0	0.17809014	0.0	0.53241706	0.061538253	0.0	0.15336026	0.0	0.0
0.0	0.2696562	0.0	0.1633051	0.0	0.0	0.27136675	0.0	0.0	0.0	0.0	0.0	0.0	0.0	0.33551762	0.0	0.51918036	0.0	0.0	0.24432003	0.0	0.0	0.0	0.17191462	0.0	0.08681112	0.1086515	0.0	0.0	0.12064604	0.0	0.0	0.0	0.0	0.0	0.13614993	0.0	0.0	0.0	0.0	0.22327207	0.0	0.097911894	0.0	0.27006656	0.0	0.37005892	0.21223734	0.119796075	0.17534137	0.0	0.0	0.0	0.23096769	0.0	0.0	0.27345195	0.0	0.0	0.29863408	0.18725824	0.0	0.0	0.0	0.0	0.0	0.08878537	0.27572793	0.0	0.26481536	0.260272	0.0	0.19419013	0.0	0.0	0.0	0.0	0.0	0.29389328	0.0	0.0	0.022418337	0.5028789	0.0	0.53143626	0.0	0.0	0.0	0.20486753	0.2717897	0.0	0.0	0.0	0.0	0.0	0.0	0.3136877	0.0	0.0	0.0	0.25890985	0.013836606	0.0	0.0	0.36101833	0.3098871	0.0	0.38183928	0.0	0.0	0.19881904	0.0	0.23103802	0.0	0.0	0.0	0.0	0.0	0.0	0.0	0.19937038	0.0	0.49714795	0.043098237	0.0	0.16324371	0.0	0.0
0.0	0.26903006	0.0	0.15558241	0.0	0.0	0.26008815	0.0	0.0	0.0	0.0	0.0	0.0	0.0	0.36348304	0.0	0.5041943	0.0	0.0	0.24317439	0.0	0.0	0.0	0.17905329	0.0	0.0814536	0.1179528	0.0	0.0	0.10691943	0.0	0.0	0.0	0.0	0.0	0.16057998	0.0	0.0	0.0	0.0	0.23108338	0.0	0.118893586	0.0	0.24498363	0.0	0.37556675	0.20367722	0.119527616	0.15566523	0.0	0.0	0.0	0.2582611	0.0	0.0	0.2539171	0.0	0.0	0.3172061	0.16505975	0.0	0.0	0.0	0.0	0.0	0.06405697	0.2998015	0.0	0.2863071	0.25165045	0.0	0.17677422	0.0	0.0	0.0	0.0	0.0	0.32934102	0.0	0.0	0.03909383	0.5211102	0.0	0.58981633	0.0	0.0	0.0	0.22112165	0.2811138	0.0	0.0	0.0	0.0	0.0	0.0	0.34317258	0.0	0.0	0.0	0.23501682	0.0	0.0	0.0	0.35281038	0.3292878	0.0	0.39816293	0.0	0.0	0.20512562	0.0	0.237679	0.0	0.0	0.0	0.0	0.0	0.0	0.0	0.20806158	0.0	0.4847797	0.040905837	0.0	0.16257776	0.0	0.0
0.0	0.26195958	0.0	0.14756875	0.0	0.0	0.27475724	0.0	0.0	0.0	0.0	0.0	0.0	0.0	0.38783202	0.0	0.5186594	0.0	0.0	0.25085962	0.0	0.0	0.0	0.17306767	0.0	0.07573997	0.12913692	0.0	0.0	0.116916955	0.0	0.0	0.0	0.0	0.0	0.15819803	0.0	0.0	0.0	0.0	0.22486763	0.0	0.12858124	0.0	0.22054024	0.0	0.39130214	0.21427776	0.11619242	0.14391561	0.0	0.0	0.0	0.25485674	0.0	0.0	0.2306543	0.0	0.0	0.3240428	0.16473709	0.0	0.0	0.0	0.0	0.0	0.07494077	0.31456015	0.0	0.29707012	0.23842078	0.0	0.1926667	0.0	0.0	0.0	0.0	0.0	0.32858714	0.0	0.0	0.045157116	0.5169038	0.0	0.60068923	0.0	0.0	0.0	0.22536738	0.2986101	0.0	0.0	0.0	0.0	0.0	0.0	0.35385498	0.0	0.0	0.0	0.2350996	0.0	0.0	0.0	0.36001304	0.3381691	0.0	0.40239415	0.0	0.0	0.20374624	0.0	0.23592418	0.0	0.0	0.0	0.0	0.0	0.0	0.0	0.2039239	0.0	0.48336768	0.055837687	0.0	0.17031892	0.0	0.0
0.0	0.27619502	0.0	0.16733979	0.0	0.0	0.2698498	0.0	0.0	0.0	0.0	0.0	0.0	0.0	0.348292	0.0	0.5098385	0.0	0.0	0.25466487	0.0	0.0	0.0	0.17977364	0.0	0.07786175	0.10749378	0.0	0.0	0.11010802	0.0	0.0	0.0	0.0	0.0	0.143005	0.0	0.0	0.0	0.0	0.22759616	0.0	0.1082865	0.0	0.2706999	0.0	0.37517193	0.21960108	0.11755341	0.16915111	0.0	0.0	0.0	0.2408945	0.0	0.0	0.2662318	0.0	0.0	0.30475652	0.18540265	0.0	0.0	0.0	0.0	0.0	0.07665248	0.28216472	0.0	0.27290252	0.25058785	0.0	0.17676236	0.0	0.0	0.0	0.0	0.0	0.29944482	0.0	0.0	0.022293426	0.51667	0.0	0.55072564	0.0	0.0	0.0	0.20490336	0.272573	0.0	0.0	0.0	0.0	0.0	0.0	0.32725933	0.0	0.0	0.0	0.24662618	0.00088147697	0.0	0.0	0.3511959	0.30983183	0.0	0.39598906	0.0	0.0	0.20705861	0.0	0.235076	0.0	0.0	0.0	0.0	0.0	0.0	0.0	0.19116108	0.0	0.49792394	0.04012656	0.0	0.17070647	0.0	0.0
0.0	0.2636918	0.0	0.17351942	0.0	0.0	0.28181612	0.0	0.0	0.0	0.0	0.0	0.0	0.0	0.3701398	0.0	0.5302034	0.0	0.0	0.24850012	0.0	0.0	0.0	0.20454697	0.0	0.1027565	0.12980707	0.0	0.0	0.1182897	0.0	0.0	0.0	0.0	0.0	0.15124895	0.0	0.0	0.0	0.0	0.2375595	0.0	0.11130629	0.0	0.23953654	0.0	0.36977038	0.2397058	0.13366117	0.17372446	0.0	0.0	0.0	0.23673947	0.0	0.0	0.24050392	0.0	0.0	0.3199918	0.19940014	0.0	0.0	0.0	0.0	0.0	0.08476936	0.2888185	0.0	0.28682142	0.23542134	0.0	0.18823244	0.0	0.0	0.0	0.0	0.0	0.30250484	0.0	0.0	0.04821371	0.51450527	0.0	0.5389361	0.0	0.0	0.0	0.21016537	0.28150338	0.0	0.0	0.0	0.0	0.0	0.0	0.3265891	0.0	0.0	0.0	0.2562515	0.011785618	0.0	0.0	0.34698913	0.30919507	0.0	0.38537145	0.0	0.0	0.2009104	0.0	0.22879131	0.0	0.0	0.0	0.0	0.0	0.0	0.0	0.19853204	0.0	0.5161235	0.057491478	0.0	0.1594084	0.0	0.0
0.0	0.2800962	0.0	0.18077064	0.0	0.0	0.30514878	0.0	0.0	0.0	0.0	0.0	0.0	0.0	0.37460098	0.0	0.55065274	0.0	0.0	0.24750388	0.0	0.0	0.0	0.21194768	0.0	0.104840256	0.14392032	0.0	0.0	0.12303948	0.0	0.0	0.0	0.0	0.0	0.13901047	0.0	0.0	0.0	0.0	0.23286389	0.0	0.12023598	0.0	0.23454726	0.0	0.3782003	0.27073082	0.11873791	0.17475706	0.0	0.0	0.0	0.20762819	0.0	0.0	0.23909406	0.0	0.0	0.32518396	0.20446551	0.0	0.0	0.0	0.0	0.0	0.10618218	0.27121028	0.0	0.28929862	0.22732757	0.007232742	0.17671792	0.0	0.0	0.0	0.0	0.0	0.29794148	0.0	0.0	0.062374722	0.49183694	0.0	0.52654076	0.0	0.0	0.0	0.18767484	0.2947701	0.0	0.0	0.0	0.0	0.0	0.0	0.31997427	0.0	0.0	0.0	0.27269617	0.023056203	0.0	0.0	0.33411935	0.31114045	0.0	0.39477658	0.0	0.0	0.1901284	0.0	0.23682219	0.0	0.0	0.0	0.0	0.0	0.0	0.0	0.17321157	0.0	0.5352916	0.056313824	0.0	0.16950077	0.0	0.0
0.0	0.27389935	0.0	0.15943341	0.0	0.0	0.2823861	0.0	0.0	0.0	0.0	0.0	0.0	0.0	0.3621359	0.0	0.52407247	0.0	0.0	0.25281358	0.0	0.0	0.0	0.19493262	0.0	0.08341352	0.13492298	0.0	0.0	0.11356739	0.0	0.0	0.0	0.0	0.0	0.14462245	0.0	0.0	0.0	0.0	0.22969198	0.0	0.124415874	0.0	0.24684499	0.0	0.3812729	0.24656582	0.11571904	0.17333543	0.0	0.0	0.0	0.23371796	0.0	0.0	0.23883505	0.0	0.0	0.3195157	0.17658423	0.0	0.0	0.0	0.0	0.0	0.09048661	0.29018506	0.0	0.29003942	0.2409066	0.009747025	0.17280091	0.0	0.0	0.0	0.0	0.0	0.3172568	0.0	0.0	0.04159299	0.51219845	0.0	0.55040866	0.0	0.0	0.0	0.20133917	0.28788868	0.0	0.0	0.0	0.0	0.0	0.0	0.3245253	0.0	0.0	0.0	0.2547507	0.0013250448	0.0	0.0	0.34825096	0.3133242	0.0	0.40509066	0.0	0.0	0.19911826	0.0	0.23514827	0.0	0.0	0.0	0.0	0.0	0.0	0.0	0.19533014	0.0	0.5159665	0.045787916	0.0	0.16794108	0.0	0.0
0.0	0.2755526	0.0	0.15120205	0.0	0.0	0.26340196	0.0	0.0	0.0	0.0	0.0	0.0	0.0	0.35293326	0.0	0.50582075	0.0	0.0	0.24786657	0.0	0.0	0.0	0.17271107	0.0	0.08062106	0.115087904	0.0	0.0	0.10647603	0.0	0.0	0.0	0.0	0.0	0.15999536	0.0	0.0	0.0	0.0	0.22616678	0.0	0.11568729	0.0	0.24554284	0.0	0.37195107	0.20844965	0.1194625	0.15885343	0.0	0.0	0.0	0.25805044	0.0	0.0	0.25594953	0.0	0.0	0.315452	0.16646774	0.0	0.0	0.0	0.0	0.0	0.06286499	0.29887304	0.0	0.2816765	0.25362518	0.0	0.17752855	0.0	0.0	0.0	0.0	0.0	0.32569334	0.0	0.0	0.038121793	0.5163732	0.0	0.5760004	0.0	0.0	0.0	0.21820407	0.28062668	0.0	0.0	0.0	0.0	0.0	0.0	0.33624637	0.0	0.0	0.0	0.2376299	0.0	0.0	0.0	0.3505508	0.3261778	0.0	0.3937308	0.0	0.0	0.20570011	0.0	0.2375927	0.0	0.0	0.0	0.0	0.0	0.0	0.0	0.20940946	0.0	0.48333415	0.03981724	0.0	0.16293494	0.0	0.0
0.0	0.25587156	0.0	0.14527832	0.0	0.0	0.28314298	0.0	0.0	0.0	0.0	0.0	0.0	0.0	0.37492195	0.0	0.52108234	0.0	0.0	0.23819213	0.0	0.0	0.0	0.18718682	0.0	0.08393461	0.11799001	0.0	0.0	0.10686853	0.0	0.0	0.0	0.0	0.0	0.15189023	0.0	0.0	0.0	0.0	0.21563752	0.0	0.109559976	0.0	0.24014567	0.0	0.37919125	0.23928	0.11736784	0.18108678	0.0	0.0	0.0	0.23628275	0.0	0.0	0.24457853	0.0	0.0	0.3182458	0.18555577	0.0	0.0	0.0	0.0	0.0	0.0806521	0.29929122	0.0	0.28701225	0.2231027	0.0005618793	0.18763949	0.0	0.0	0.0	0.0	0.0	0.30335626	0.0	0.0	0.035495084	0.51225716	0.0	0.53832155	0.0	0.0	0.0	0.21142215	0.28348324	0.0	0.0	0.0	0.0	0.0	0.0	0.32028913	0.0	0.0	0.0	0.25471228	0.0016229438	0.0	0.0	0.34575698	0.31287715	0.0	0.40063748	0.0	0.0	0.20444243	0.0	0.23303783	0.0	0.0	0.0	0.0	0.0	0.0	0.0	0.19364195	0.0	0.4913514	0.05776168	0.0	0.16647446	0.0	0.0
0.0	0.26373014	0.0	0.16180027	0.0	0.0	0.2987832	0.0	0.0	0.0	0.0	0.0	0.0	0.0	0.3737915	0.0	0.5474294	0.0	0.0	0.23589051	0.0	0.0	0.0	0.19633155	0.0	0.1012421	0.1496902	0.0	0.0	0.118448555	0.0	0.0	0.0	0.0	0.0	0.1319775	0.0	0.0	0.0	0.0	0.22827166	0.0	0.124593705	0.0	0.20827174	0.0	0.37604916	0.2598379	0.1111359	0.17667441	0.0	0.0	0.0	0.19994648	0.0	0.0	0.22744419	0.0	0.0	0.30972067	0.19316883	0.0	0.0	0.0	0.0	0.0	0.098353684	0.2748562	0.0	0.28912207	0.21773688	0.005205291	0.19988912	0.0	0.0	0.0	0.0	0.0	0.30126086	0.0	0.0	0.0637754	0.47909132	0.0	0.5315501	0.0	0.0	0.0	0.1796897	0.29794565	0.0	0.0	0.0	0.0	0.0	0.0	0.31103262	0.0	0.0	0.0	0.27387884	0.020414988	0.0	0.0	0.34859166	0.31333455	0.0	0.40192017	0.0	0.0	0.1879483	0.0	0.22290446	0.0	0.0	0.0	0.0	0.0	0.0	0.0	0.17021751	0.0	0.51075727	0.055114377	0.0	0.15963915	0.0	0.0
0.0	0.28479403	0.0	0.17439151	0.0	0.0	0.28462413	0.0	0.0	0.0	0.0	0.0	0.0	0.0	0.33936095	0.0	0.5301139	0.0	0.0	0.24892825	0.0	0.0	0.0	0.18208641	0.0	0.089608006	0.10809318	0.0	0.0	0.12185153	0.0	0.0	0.0	0.0	0.0	0.12707622	0.0	0.0	0.0	0.0	0.23179407	0.0	0.1054691	0.0	0.27262047	0.0	0.3665967	0.2308315	0.11576292	0.17611612	0.0	0.0	0.0	0.21982266	0.0	0.0	0.26171926	0.0	0.0	0.297925	0.19867484	0.0	0.0	0.0	0.0	0.0	0.088775516	0.27136073	0.0	0.2647302	0.24161874	0.0	0.18111326	0.0	0.0	0.0	0.0	0.0	0.29399738	0.0	0.0	0.027492722	0.5042982	0.0	0.5308613	0.0	0.0	0.0	0.19448511	0.26705942	0.0	0.0	0.0	0.0	0.0	0.0	0.3169408	0.0	0.0	0.0	0.2586231	0.019700106	0.0	0.0	0.35015234	0.3060705	0.0	0.38779065	0.0	0.0	0.20032968	0.0	0.22912829	0.0	0.0	0.0	0.0	0.0	0.0	0.0	0.1814274	0.0	0.5186978	0.046921086	0.0	0.1697659	0.0	0.0
0.0	0.26986912	0.0	0.16600847	0.0	0.0	0.27159527	0.0	0.0	0.0	0.0	0.0	0.0	0.0	0.36691856	0.0	0.51955795	0.0	0.0	0.25106752	0.0	0.0	0.0	0.1847055	0.0	0.08638076	0.12442925	0.0	0.0	0.118525565	0.0	0.0	0.0	0.0	0.0	0.1434382	0.0	0.0	0.0	0.0	0.22956045	0.0	0.12006674	0.0	0.23611848	0.0	0.37340346	0.22390582	0.113901116	0.1566784	0.0	0.0	0.0	0.24469858	0.0	0.0	0.24136512	0.0	0.0	0.31115815	0.17623521	0.0	0.0	0.0	0.0	0.0	0.070900425	0.29734775	0.0	0.27875772	0.23996411	0.001284223	0.18536209	0.0	0.0	0.0	0.0	0.0	0.3192686	0.0	0.0	0.04541996	0.50796556	0.0	0.5637381	0.0	0.0	0.0	0.20900035	0.28350815	0.0	0.0	0.0	0.0	0.0	0.0	0.34005666	0.0	0.0	0.0	0.248245	0.0034652203	0.0	0.0	0.35121015	0.32235986	0.0	0.39583516	0.0	0.0	0.2053678	0.0	0.22563557	0.0	0.0	0.0	0.0	0.0	0.0	0.0	0.19487478	0.0	0.49898252	0.0440391	0.0	0.16155995	0.0	0.0
0.0	0.283837	0.0	0.15925275	0.0	0.0	0.26001346	0.0	0.0	0.0	0.0	0.0	0.0	0.0	0.32824245	0.0	0.5045333	0.0	0.0	0.25436065	0.0	0.0	0.0	0.16156602	0.0	0.071567826	0.096939005	0.0	0.0	0.11312732	0.0	0.0	0.0	0.0	0.0	0.13916509	0.0	0.0	0.0	0.0	0.23162395	0.0	0.10820144	0.0	0.2752701	0.0	0.36880255	0.20182145	0.11557668	0.16507308	0.0	0.0	0.0	0.24284327	0.0	0.0	0.26666117	0.0	0.0	0.2983615	0.17526563	0.0	0.0	0.0	0.0	0.0	0.07155839	0.2886916	0.0	0.26426816	0.25890115	0.0	0.17649145	0.0	0.0	0.0	0.0	0.0	0.3062779	0.0	0.0	0.016085913	0.515618	0.0	0.56036544	0.0	0.0	0.0	0.21174173	0.2616628	0.0	0.0	0.0	0.0	0.0	0.0	0.32948616	0.0	0.0	0.0	0.23450215	0.0	0.0	0.0	0.35620156	0.31785437	0.0	0.39762345	0.0	0.0	0.21104527	0.0	0.23184156	0.0	0.0	0.0	0.0	0.0	0.0	0.0	0.19532001	0.0	0.49315822	0.04166096	0.0	0.1668256	0.0	0.0
0.0	0.2699109	0.0	0.16768187	0.0	0.0	0.2671783	0.0	0.0	0.0	0.0	0.0	0.0	0.0	0.34856054	0.0	0.51322263	0.0	0.0	0.24800873	0.0	0.0	0.0	0.18374264	0.0	0.08592903	0.11377597	0.0	0.0	0.115296066	0.0	0.0	0.0	0.0	0.0	0.13880736	0.0	0.0	0.0	0.0	0.22644739	0.0	0.11736533	0.0	0.24515043	0.0	0.3621702	0.2207756	0.12590955	0.16762646	0.0	0.0	0.0	0.23741393	0.0	0.0	0.24969935	0.0	0.0	0.30598435	0.18445463	0.0	0.0	0.0	0.0	0.0	0.07956001	0.2843795	0.0	0.27444136	0.24125655	0.0	0.19025533	0.0	0.0	0.0	0.0	0.0	0.30594203	0.0	0.0	0.030661112	0.50634915	0.0	0.54161775	0.0	0.0	0.0	0.20128293	0.27136207	0.0	0.0	0.0	0.0	0.0	0.0	0.33202502	0.0	0.0	0.0	0.24440074	0.007612996	0.0	0.0	0.3518485	0.31432542	0.0	0.38832173	0.0	0.0	0.20041437	0.0	0.22412877	0.0	0.0	0.0	0.0	0.0	0.0	0.0	0.19187017	0.0	0.49565256	0.043064818	0.0	0.16525732	0.0	0.0
0.0	0.27320266	0.0	0.17831206	0.0	0.0	0.2993213	0.0	0.0	0.0	0.0	0.0	0.0	0.0	0.37345907	0.0	0.54254144	0.0	0.0	0.2476809	0.0	0.0	0.0	0.20599507	0.0	0.1110346	0.14221264	0.0	0.0	0.12242284	0.0	0.0	0.0	0.0	0.0	0.13422306	0.0	0.0	0.0	0.0	0.24282609	0.0	0.117711596	0.0	0.2330699	0.0	0.36885262	0.2558453	0.12363506	0.17109102	0.0	0.0	0.0	0.2176681	0.0	0.0	0.2395926	0.0	0.0	0.32113275	0.2015589	0.0	0.0	0.0	0.0	0.0	0.09380921	0.27782157	0.0	0.28867897	0.22572641	0.0033129554	0.18576442	0.0	0.0	0.0	0.0	0.0	0.30525926	0.0	0.0	0.05596146	0.4986861	0.0	0.5373399	0.0	0.0	0.0	0.19125521	0.2873858	0.0	0.0	0.0	0.0	0.0	0.0	0.3210146	0.0	0.0	0.0	0.26174852	0.020159876	0.0	0.0	0.3454783	0.3129604	0.0	0.392742	0.0	0.0	0.19544327	0.0	0.22484393	0.0	0.0	0.0	0.0	0.0	0.0	0.0	0.18248086	0.0	0.5251847	0.054080844	0.0	0.16070239	0.0	0.0
0.0	0.26541144	0.0	0.17603545	0.0	0.0	0.29664302	0.0	0.0	0.0	0.0	0.0	0.0	0.0	0.37539577	0.0	0.5540623	0.0	0.0	0.22992031	0.0	0.0	0.0	0.21735556	0.0	0.112562336	0.1433909	0.0	0.0	0.11739733	0.0	0.0	0.0	0.0	0.0	0.13271919	0.0	0.0	0.0	0.0	0.26041052	0.0	0.11898413	0.0	0.23581882	0.0	0.37392712	0.26321247	0.11747742	0.17999113	0.0	0.0	0.0	0.2198052	0.0	0.0	0.24705017	0.0	0.0	0.31423792	0.2107042	0.0	0.0	0.0	0.0	0.00084476295	0.08410564	0.2777269	0.0	0.2890565	0.22663432	0.011205093	0.179597	0.0	0.0	0.0	0.0	0.0	0.30280605	0.0	0.0	0.038617227	0.50484115	0.0	0.53964144	0.0	0.0	0.0	0.18736254	0.28999618	0.0	0.0	0.0	0.0	0.0	0.0	0.30033243	0.0	0.0	0.0	0.28259936	0.039249446	0.0	0.0	0.3508503	0.29890314	0.0	0.40294823	0.0	0.0	0.18970199	0.0	0.2255143	0.0	0.0	0.0	0.0	0.0	0.0	0.0	0.17942627	0.0	0.52777267	0.048491027	0.0	0.16089614	0.0	0.0
0.0	0.27557778	0.0	0.17062385	0.0	0.0	0.27775276	0.0	0.0	0.0	0.0	0.0	0.0	0.0	0.34849432	0.0	0.5258557	0.0	0.0	0.2460578	0.0	0.0	0.0	0.18356816	0.0	0.09540334	0.11549634	0.0	0.0	0.118658505	0.0	0.0	0.0	0.0	0.0	0.13053177	0.0	0.0	0.0	0.0	0.23407894	0.0	0.10736504	0.0	0.26029846	0.0	0.36461917	0.22684543	0.11872348	0.17554283	0.0	0.0	0.0	0.22751494	0.0	0.0	0.26118556	0.0	0.0	0.3060304	0.19395943	0.0	0.0	0.0	0.0	0.0	0.0864316	0.2792488	0.0	0.27183643	0.24179977	0.0	0.18841456	0.0	0.0	0.0	0.0	0.0	0.29960957	0.0	0.0	0.030444438	0.50448567	0.0	0.5344375	0.0	0.0	0.0	0.19595176	0.27083007	0.0	0.0	0.0	0.0	0.0	0.0	0.32101703	0.0	0.0	0.0	0.25653318	0.018168177	0.0	0.0	0.3528323	0.30996284	0.0	0.38808	0.0	0.0	0.19690605	0.0	0.22508252	0.0	0.0	0.0	0.0	0.0	0.0	0.0	0.1847852	0.0	0.50810164	0.044237867	0.0	0.16261613	0.0	0.0
0.0	0.25619805	0.0	0.15331165	0.0	0.0	0.28396085	0.0	0.0	0.0	0.0	0.0	0.0	0.0	0.39021814	0.0	0.5198434	0.0	0.0	0.23985393	0.0	0.0	0.0	0.19470246	0.0	0.0956778	0.12143254	0.0	0.0	0.111593045	0.0	0.0	0.0	0.0	0.0	0.16222937	0.0	0.0	0.0	0.0	0.22377853	0.0	0.107313156	0.0	0.24202104	0.0	0.37707615	0.2383128	0.116859056	0.17509836	0.0	0.0	0.0	0.24025673	0.0	0.0	0.25197282	0.0	0.0	0.32427248	0.18969934	0.0	0.0	0.0	0.0	0.0	0.076556675	0.30332586	0.0	0.2883438	0.23006023	0.0	0.18698014	0.0	0.0	0.0	0.0	0.0	0.30434287	0.0	0.0	0.04874363	0.5183592	0.0	0.5554198	0.0	0.0	0.0	0.21336325	0.2851145	0.0	0.0	0.0	0.0	0.0	0.0	0.32377198	0.0	0.0	0.0	0.25888142	0.0053926534	0.0	0.0	0.34005558	0.31363177	0.0	0.38564387	0.0	0.0	0.20164911	0.0	0.24023944	0.0	0.0	0.0	0.0	0.0	0.0	0.0	0.20408185	0.0	0.4960091	0.05404599	0.0	0.16813582	0.0	0.0
0.0	0.27710932	0.0	0.17333388	0.0	0.0	0.29013637	0.0	0.0	0.0	0.0	0.0	0.0	0.0	0.35740033	0.0	0.53207886	0.0	0.0	0.25185582	0.0	0.0	0.0	0.19612427	0.0	0.09374407	0.12456266	0.0	0.0	0.11975268	0.0	0.0	0.0	0.0	0.0	0.1344009	0.0	0.0	0.0	0.0	0.23434977	0.0	0.115339644	0.0	0.25288892	0.0	0.36851254	0.24302185	0.12062528	0.17628388	0.0	0.0	0.0	0.2220735	0.0	0.0	0.24808328	0.0	0.0	0.30732098	0.19317663	0.0	0.0	0.0	0.0	0.0	0.08975073	0.27822527	0.0	0.27568167	0.23610003	0.0024900064	0.1836173	0.0	0.0	0.0	0.0	0.0	0.30014575	0.0	0.0	0.037439857	0.5018934	0.0	0.53293556	0.0	0.0	0.0	0.19129248	0.28012773	0.0	0.0	0.0	0.0	0.0	0.0	0.31970322	0.0	0.0	0.0	0.2617841	0.014359484	0.0	0.0	0.34811428	0.30566484	0.0	0.3917656	0.0	0.0	0.19673498	0.0	0.2296621	0.0	0.0	0.0	0.0	0.0	0.0	0.0	0.18652539	0.0	0.5185988	0.049294923	0.0	0.17033337	0.0	0.0
0.0	0.26770905	0.0	0.1865428	0.0	0.0	0.3140894	0.0	0.0	0.0	0.0	0.0	0.0	0.0	0.39900613	0.0	0.5651153	0.0	0.0	0.22773741	0.0	0.0	0.0	0.23119684	0.0	0.12645505	0.17095971	0.0	0.0	0.12407726	0.0	0.0	0.0	0.0	0.0	0.1424279	0.0	0.0	0.0	0.0	0.23105757	0.0	0.12338666	0.0	0.21648781	0.0	0.37739125	0.2891001	0.11835992	0.17993774	0.0	0.0	0.0	0.20351256	0.0	0.0	0.23570073	0.0	0.0	0.33136567	0.21601112	0.0	0.0	0.0	0.0	0.008034407	0.12108749	0.26496488	0.0	0.30218264	0.21496081	0.011103838	0.17005436	0.0	0.0	0.0	0.0	0.0	0.2873601	0.0	0.0	0.079733215	0.48305976	0.0	0.51251006	0.0	0.0	0.0	0.18698682	0.30557805	0.0	0.0	0.0	0.0	0.0	0.0	0.31183994	0.0	0.0	0.0	0.28542742	0.04477346	0.0	0.0	0.32585046	0.30856425	0.0	0.40162718	0.0	0.0	0.18305294	0.0	0.23941009	0.0	0.0	0.0	0.0	0.0	0.0	0.0	0.16982798	0.0	0.54350114	0.052179545	0.0	0.1601742	0.0	0.0
0.0	0.2622398	0.0	0.16618867	0.0	0.0	0.27449214	0.0	0.0	0.0	0.0	0.0	0.0	0.0	0.48392436	0.0	0.5357627	0.0	0.0	0.28668198	0.0	0.0	0.0	0.19762035	0.0	0.054951668	0.15007886	0.0	0.0	0.15743367	0.0	0.0	0.0	0.0	0.0	0.18369292	0.0	0.0	0.0	0.0	0.31205338	0.0	0.19231452	0.0	0.13625638	0.0	0.39688912	0.16065823	0.15431072	0.09594879	0.0	0.0	0.0	0.28637525	0.0	0.0	0.17912512	0.0	0.0	0.36149278	0.121593125	0.0	0.0	0.0	0.0	0.0	0.005844711	0.3975031	0.0	0.33891502	0.25248957	0.0	0.23741126	0.0	0.0	0.0	0.0	0.0	0.45254585	0.0	0.0	0.10324916	0.5558623	0.0	0.78833634	0.0	0.0	0.0	0.22225611	0.32091355	0.0	0.0	0.0	0.0	0.0	0.0	0.4804523	0.0	0.0	0.0	0.21251924	0.0	0.0	0.0	0.3958114	0.45706606	0.0	0.4287521	0.0	0.0	0.18784589	0.0	0.25249168	0.0	0.0	0.0	0.0	0.0	0.0	0.0	0.23723245	0.0	0.48843515	0.044355113	0.0	0.16794229	0.0	0.0
0.0	0.2783967	0.0	0.17484927	0.0	0.0	0.25682047	0.0	0.0	0.0	0.0	0.0	0.0	0.0	0.45820215	0.0	0.5321246	0.0	0.0	0.28394523	0.0	0.0	0.0	0.18256454	0.0	0.043715578	0.15723313	0.0	0.0	0.15465759	0.0	0.0	0.0	0.0	0.0	0.21344681	0.0	0.0	0.0	0.0	0.31191882	0.0	0.18208759	0.0	0.1404611	0.0	0.40462533	0.1354962	0.15852982	0.07916279	0.0	0.0	0.0	0.2941167	0.0	0.0	0.20361997	0.0	0.0	0.36905256	0.11387867	0.0	0.0	0.0	0.0	0.0	0.006065181	0.38255215	0.0	0.34355	0.2745832	0.0	0.202774	0.0	0.0	0.0	0.0	0.0	0.4525785	0.0	0.0	0.10565207	0.557847	0.0	0.80119705	0.0	0.0	0.0	0.2490315	0.3102479	0.0	0.0	0.0	0.0	0.0	0.0	0.48505116	0.0	0.0	0.0	0.19028687	0.0	0.0	0.0	0.3834071	0.46201518	0.0	0.44550407	0.0	0.0	0.1906883	0.0	0.2807678	0.0	0.0	0.0	0.0	0.0	0.0	0.0	0.23621617	0.0	0.4936327	0.02291052	0.0	0.16560541	0.0	0.0
0.0	0.2796524	0.0	0.15347968	0.0	0.0	0.2496881	0.0	0.0	0.0	0.0	0.0	0.0	0.0	0.37190175	0.0	0.5035172	0.0	0.0	0.26704654	0.0	0.0	0.0	0.15723164	0.0	0.05909413	0.13003004	0.0	0.0	0.12319692	0.0	0.0	0.0	0.0	0.0	0.15900142	0.0	0.0	0.0	0.0	0.2578211	0.0	0.1441356	0.0	0.20984806	0.0	0.38059607	0.1889689	0.13120228	0.13790017	0.0	0.0	0.0	0.26005116	0.0	0.0	0.23366904	0.0	0.0	0.3289165	0.1376183	0.0	0.0	0.0	0.0	0.0	0.056257825	0.32659104	0.0	0.3020135	0.2620285	0.0	0.17699341	0.0	0.0	0.0	0.0	0.0	0.37072098	0.0	0.0	0.061219007	0.5366052	0.0	0.6416838	0.0	0.0	0.0	0.2201248	0.2850734	0.0	0.0	0.0	0.0	0.0	0.0	0.37551153	0.0	0.0	0.0	0.22637933	0.0	0.0	0.0	0.3699535	0.35473153	0.0	0.41752937	0.0	0.0	0.19985455	0.0	0.24201792	0.0	0.0	0.0	0.0	0.0	0.0	0.0	0.21733926	0.0	0.4912349	0.03606613	0.0	0.15585677	0.0	0.0
0.0	0.27941108	0.0	0.1762728	0.0	0.0	0.2722567	0.0	0.0	0.0	0.0	0.0	0.0	0.0	0.4131653	0.0	0.5156317	0.0	0.0	0.28200755	0.0	0.0	0.0	0.16561985	0.0	0.042678773	0.13169385	0.0	0.0	0.15528743	0.0	0.0	0.0	0.0	0.0	0.18659388	0.0	0.0	0.0	0.0	0.2942567	0.0	0.16236861	0.0	0.17876084	0.0	0.38586888	0.14873509	0.14895123	0.10995344	0.0	0.0	0.0	0.27055076	0.0	0.0	0.19702359	0.0	0.0	0.34464654	0.14339553	0.0	0.0	0.0	0.0	0.0	0.020362467	0.36393484	0.0	0.32112178	0.24391353	0.0	0.1926878	0.0	0.0	0.0	0.0	0.0	0.4241706	0.0	0.0	0.076459095	0.55054957	0.0	0.744252	0.0	0.0	0.0	0.24699545	0.27822593	0.0	0.0	0.0	0.0	0.0	0.0	0.4423233	0.0	0.0	0.0	0.1920783	0.0	0.0	0.0	0.3656503	0.41999617	0.0	0.4260193	0.0	0.0	0.20355766	0.0	0.26888695	0.0	0.0	0.0	0.0	0.0	0.0	0.0	0.21539186	0.0	0.48397508	0.047395352	0.0	0.16055007	0.0	0.0
0.0	0.28327492	0.0	0.17087646	0.0	0.0	0.25532046	0.0	0.0	0.0	0.0	0.0	0.0	0.0	0.45618165	0.0	0.5354971	0.0	0.0	0.29420835	0.0	0.0	0.0	0.19042094	0.0	0.047765326	0.15507646	0.0	0.0	0.15619223	0.0	0.0	0.0	0.0	0.0	0.2015674	0.0	0.0	0.0	0.0	0.28661314	0.0	0.1780342	0.0	0.15386964	0.0	0.4117104	0.15695702	0.16291611	0.07711113	0.0	0.0	0.0	0.29055938	0.0	0.0	0.20699598	0.0	0.0	0.36165413	0.11080873	0.0	0.0	0.0	0.0	0.0	0.027569303	0.37320814	0.0	0.33503917	0.27725688	0.0	0.19515574	0.0	0.0	0.0	0.0	0.0	0.44889143	0.0	0.0	0.111564554	0.5481697	0.0	0.77993435	0.0	0.0	0.0	0.24136086	0.31029174	0.0	0.0	0.0	0.0	0.0	0.0	0.47909725	0.0	0.0	0.0	0.19863077	0.0	0.0	0.0	0.37071547	0.43643335	0.0	0.43141642	0.0	0.0	0.18309103	0.0	0.2634966	0.0	0.0	0.0	0.0	0.0	0.0	0.0	0.24157642	0.0	0.50347567	0.033819288	0.0	0.16756462	0.0	0.0
0.0	0.25431883	0.0	0.1666767	0.0	0.0	0.26361057	0.0	0.0	0.0	0.0	0.0	0.0	0.0	0.46541992	0.0	0.5166233	0.0	0.0	0.26539472	0.0	0.0	0.0	0.20245893	0.0	0.044963818	0.14114489	0.0	0.0	0.14077008	0.0	0.0	0.0	0.0	0.0	0.1825018	0.0	0.0	0.0	0.0	0.27804866	0.0	0.17993559	0.0	0.15999673	0.0	0.40262344	0.17280568	0.143691	0.12772425	0.0	0.0	0.0	0.29524606	0.0	0.0	0.1958078	0.0	0.0	0.34937063	0.1333822	0.0	0.0	0.0	0.0	0.0	0.027732989	0.37389767	0.0	0.32024506	0.23853786	0.0	0.23760891	0.0	0.0	0.0	0.0	0.0	0.42138854	0.0	0.0	0.08092096	0.5538526	0.0	0.74923295	0.0	0.0	0.0	0.23646729	0.31320208	0.0	0.0	0.0	0.0	0.0	0.0	0.45445713	0.0	0.0	0.0	0.2222522	0.0	0.0	0.0	0.39782688	0.434191	0.0	0.4152776	0.0	0.0	0.17531754	0.0	0.26067212	0.0	0.0	0.0	0.0	0.0	0.0	0.0	0.24577338	0.0	0.47609052	0.04249258	0.0	0.16230556	0.0	0.0
0.0	0.27411202	0.0	0.13962026	0.0	0.0	0.2716012	0.0	0.0	0.0	0.0	0.0	0.0	0.0	0.44342527	0.0	0.49033204	0.0	0.0	0.3005779	0.0	0.0	0.0	0.1545869	0.0	0.033716258	0.08238322	0.0	0.0	0.14315748	0.0	0.0	0.0	0.0	0.0	0.19255811	0.0	0.0	0.0	0.0	0.30998543	0.0	0.17858987	0.0	0.19677776	0.0	0.40712106	0.14037843	0.13489567	0.121736534	0.0	0.0	0.0	0.27671936	0.0	0.0	0.23502152	0.0	0.0	0.32769915	0.10402497	0.0	0.0	0.0	0.0	0.0	0.0	0.40416828	0.0	0.29392806	0.22669113	0.0	0.23469563	0.0	0.0	0.0	0.0	0.0	0.43307865	0.0	0.0	0.08499286	0.54312724	0.0	0.7757279	0.0	0.0	0.0	0.22639167	0.2687897	0.0	0.0	0.0	0.0	0.0	0.0	0.44030055	0.0	0.0	0.0	0.18799968	0.0	0.0	0.0	0.39534518	0.40030932	0.0	0.4140451	0.0	0.0	0.21817577	0.0	0.28244153	0.0	0.0	0.0	0.0	0.0	0.0	0.0	0.2243619	0.0	0.45649502	0.038907286	0.0	0.17490135	0.0	0.0
0.0	0.2758194	0.0	0.15018058	0.0	0.0	0.2598851	0.0	0.0	0.0	0.0	0.0	0.0	0.0	0.41014382	0.0	0.49872494	0.0	0.0	0.2826166	0.0	0.0	0.0	0.16684242	0.0	0.050634984	0.11326134	0.0	0.0	0.13680436	0.0	0.0	0.0	0.0	0.0	0.17780685	0.0	0.0	0.0	0.0	0.27984276	0.0	0.15950327	0.0	0.18148273	0.0	0.38134933	0.15998058	0.13974737	0.1269959	0.0	0.0	0.0	0.26500258	0.0	0.0	0.20897835	0.0	0.0	0.33769584	0.12926997	0.0	0.0	0.0	0.0	0.0	0.022859698	0.36544704	0.0	0.30916795	0.24259114	0.0	0.20003383	0.0	0.0	0.0	0.0	0.0	0.40919793	0.0	0.0	0.05048439	0.5573538	0.0	0.7228876	0.0	0.0	0.0	0.23196472	0.27080554	0.0	0.0	0.0	0.0	0.0	0.0	0.4187441	0.0	0.0	0.0	0.20202959	0.0035341308	0.0	0.0	0.37514648	0.3902656	0.0	0.41979182	0.0	0.0	0.20581909	0.0	0.24788089	0.0	0.0	0.0	0.0	0.0	0.0	0.0	0.22735685	0.0	0.48266104	0.04220435	0.0	0.15504326	0.0	0.0
0.0	0.28799677	0.0	0.17849131	0.0	0.0	0.25686148	0.0	0.0	0.0	0.0	0.0	0.0	0.0	0.4471712	0.0	0.533958	0.0	0.0	0.2809739	0.0	0.0	0.0	0.1918358	0.0	0.06845712	0.16996008	0.0	0.0	0.15408467	0.0	0.0	0.0	0.0	0.0	0.212341	0.0	0.0	0.0	0.0	0.29159546	0.0	0.1802764	0.0	0.14833014	0.0	0.40488115	0.15984224	0.15751763	0.080714	0.0	0.0	0.0	0.29602095	0.0	0.0	0.20934744	0.0	0.0	0.372583	0.12226536	0.0	0.0	0.0	0.0	0.0	0.026607929	0.36141744	0.0	0.351287	0.28288472	0.0	0.17785244	0.0	0.0	0.0	0.0	0.0	0.44457093	0.0	0.0	0.1111747	0.56103677	0.0	0.7704852	0.0	0.0	0.0	0.24232487	0.30985907	0.0	0.0	0.0	0.0	0.0	0.0	0.47113642	0.0	0.0	0.0	0.19975352	0.0	0.0	0.0	0.3670214	0.44553244	0.0	0.43801388	0.0	0.0	0.1781228	0.0	0.27213064	0.0	0.0	0.0	0.0	0.0	0.0	0.0	0.23258205	0.0	0.50910336	0.025465846	0.0	0.1623792	0.0	0.0
0.0	0.2691997	0.0	0.16225095	0.0	0.0	0.28002778	0.0	0.0	0.0	0.0	0.0	0.0	0.0	0.47236124	0.0	0.5106482	0.0	0.0	0.29670092	0.0	0.0	0.0	0.18086177	0.0	0.01998654	0.11553937	0.0	0.0	0.15861118	0.0	0.0	0.0	0.0	0.0	0.1747439	0.0	0.0	0.0	0.0	0.31239936	0.0	0.18807559	0.0	0.17762327	0.0	0.39294973	0.13642855	0.14868005	0.108100384	0.0	0.0	0.0	0.281201	0.0	0.0	0.19185905	0.0	0.0	0.3481706	0.12057513	0.0	0.0	0.0	0.0	0.0	0.00079818006	0.40595317	0.0	0.32975152	0.22899544	0.0	0.22423051	0.0	0.0	0.0	0.0	0.0	0.44165394	0.0	0.0	0.088892736	0.57291216	0.0	0.7903843	0.0	0.0	0.0	0.23488533	0.28109238	0.0	0.0	0.0	0.0	0.0	0.0	0.46650386	0.0	0.0	0.0	0.19425364	0.0	0.0	0.0	0.4009317	0.43188453	0.0	0.425568	0.0	0.0	0.20882791	0.0	0.26711348	0.0	0.0	0.0	0.0	0.0	0.0	0.0	0.23509724	0.0	0.4984516	0.039247584	0.0	0.16915524	0.0	0.0
0.0	0.27333215	0.0	0.1614464	0.0	0.0	0.24813354	0.0	0.0	0.0	0.0	0.0	0.0	0.0	0.37049475	0.0	0.5026705	0.0	0.0	0.24911988	0.0	0.0	0.0	0.1546091	0.0	0.050850768	0.11746719	0.0	0.0	0.1176517	0.0	0.0	0.0	0.0	0.0	0.16867006	0.0	0.0	0.0	0.0	0.2988809	0.0	0.14063247	0.0	0.22274756	0.0	0.37954554	0.16176768	0.13354242	0.13508503	0.0	0.0	0.0	0.26267743	0.0	0.0	0.22952823	0.0	0.0	0.33305928	0.14640029	0.0	0.0	0.0	0.0	0.0	0.043220837	0.32777372	0.0	0.31160912	0.26338112	0.0	0.16302778	0.0	0.0	0.0	0.0	0.0	0.3590252	0.0	0.0	0.039082978	0.55811214	0.0	0.6659887	0.0	0.0	0.0	0.24616338	0.26727188	0.0	0.0	0.0	0.0	0.0	0.0	0.38631502	0.0	0.0	0.0	0.21152443	0.0	0.0	0.0	0.36790982	0.3807229	0.0	0.43749753	0.0	0.0	0.21161915	0.0	0.25849354	0.0	0.0	0.0	0.0	0.0	0.0	0.0	0.2079172	0.0	0.47553632	0.029473552	0.0	0.16488571	0.0	0.0
0.0	0.27988625	0.0	0.16373344	0.0	0.0	0.25417376	0.0	0.0	0.0	0.0	0.0	0.0	0.0	0.45702764	0.0	0.5301664	0.0	0.0	0.30577552	0.0	0.0	0.0	0.18113835	0.0	0.020644838	0.15060925	0.0	0.0	0.1712773	0.0	0.0	0.0	0.0	0.0	0.21053882	0.0	0.0	0.0	0.0	0.29126838	0.0	0.17774683	0.0	0.1514747	0.0	0.41409287	0.13027875	0.1581693	0.06990478	0.0	0.0	0.0	0.28952813	0.0	0.0	0.1979955	0.0	0.0	0.36229387	0.11089802	0.0	0.0	0.0	0.0	0.0	0.012297109	0.3968215	0.0	0.33505538	0.28467047	0.0	0.20803285	0.0	0.0	0.0	0.0	0.0	0.46031046	0.0	0.0	0.107158504	0.5589117	0.0	0.8092523	0.0	0.0	0.0	0.25206956	0.30397022	0.0	0.0	0.0	0.0	0.0	0.0	0.4975036	0.0	0.0	0.0	0.18431598	0.0	0.0	0.0	0.38312438	0.4478906	0.0	0.43427014	0.0	0.0	0.18488811	0.0	0.28245857	0.0	0.0	0.0	0.0	0.0	0.0	0.0	0.24574079	0.0	0.5105998	0.033656254	0.0	0.17171657	0.0	0.0
0.0	0.28082702	0.0	0.16135938	0.0	0.0	0.26683977	0.0	0.0	0.0	0.0	0.0	0.0	0.0	0.44168663	0.0	0.51047397	0.0	0.0	0.29941997	0.0	0.0	0.0	0.15227687	0.0	0.038116988	0.11719277	0.0	0.0	0.14763497	0.0	0.0	0.0	0.0	0.0	0.18701875	0.0	0.0	0.0	0.0	0.32855698	0.0	0.17580684	0.0	0.16071057	0.0	0.3869578	0.12824196	0.15686567	0.094190955	0.0	0.0	0.0	0.2711573	0.0	0.0	0.20613329	0.0	0.0	0.34241876	0.115619265	0.0	0.0	0.0	0.0	0.0	0.012395203	0.40150666	0.0	0.3193808	0.24114992	0.0	0.21141516	0.0	0.0	0.0	0.0	0.0	0.42223075	0.0	0.0	0.07508287	0.54305965	0.0	0.80476	0.0079249665	0.0	0.0	0.23661526	0.2688827	0.0	0.0	0.0	0.0	0.0	0.0	0.46144626	0.0	0.0	0.0	0.17925076	0.0018573714	0.0	0.0	0.38293478	0.45055237	0.0	0.43549788	0.0	0.0	0.21429609	0.0	0.27271238	0.0	0.0	0.0	0.0	0.0	0.0	0.0	0.21957202	0.0	0.46513233	0.051863194	0.0	0.16353051	0.0	0.0
0.0	0.28371772	0.0	0.18194199	0.0	0.0	0.2570305	0.0	0.0	0.0	0.0	0.0	0.0	0.0	0.44194734	0.0	0.5234489	0.0	0.0	0.29721758	0.0	0.0	0.0	0.1797239	0.0	0.026034795	0.14896534	0.0	0.0	0.15822221	0.0	0.0	0.0	0.0	0.0	0.2259273	0.0	0.0	0.0	0.0	0.30534992	0.0	0.17566317	0.0	0.15077177	0.0	0.40019712	0.1236194	0.17319368	0.07504129	0.0	0.0	0.0	0.30690983	0.0	0.0	0.20753913	0.0	0.0	0.3664354	0.12423947	0.0	0.0	0.0	0.0	0.0	0.0	0.3866085	0.0	0.3355085	0.28023136	0.0	0.19820644	0.0	0.0	0.0	0.0	0.0	0.44737586	0.0	0.0	0.096839406	0.5605783	0.0	0.807991	0.0	0.0	0.0	0.26625517	0.28641197	0.0	0.0	0.0	0.0	0.0	0.0	0.4986621	0.0	0.0	0.0	0.1663389	0.0	0.0	0.0	0.37330532	0.46480882	0.0	0.44435024	0.0	0.0	0.1912843	0.0	0.30082402	0.0	0.0	0.0	0.0	0.0	0.0	0.0	0.24118741	0.0	0.5012359	0.018886546	0.0	0.17597081	0.0	0.0
0.0	0.2648552	0.0	0.18142541	0.0	0.0	0.2632287	0.0	0.0	0.0	0.0	0.0	0.0	0.0	0.47508374	0.0	0.5329519	0.0	0.0	0.2776921	0.0	0.0	0.0	0.18822856	0.0	0.0638976	0.17192392	0.0	0.0	0.15342121	0.0	0.0	0.0	0.0	0.0	0.1988699	0.0	0.0	0.0	0.0	0.3125845	0.0	0.19255923	0.0	0.13866274	0.0	0.39821777	0.14643039	0.16211332	0.08167479	0.0	0.0	0.0	0.29933286	0.0	0.0	0.19611947	0.0	0.0	0.378853	0.12061935	0.0	0.0	0.0	0.0	0.0	0.02566217	0.3817903	0.0	0.34818748	0.27145672	0.0	0.21584614	0.0	0.0	0.0	0.0	0.0	0.44700372	0.0	0.0	0.11361864	0.5643551	0.0	0.78280026	0.0	0.0	0.0	0.23867612	0.31734958	0.0	0.0	0.0	0.0	0.0	0.0	0.47307765	0.0	0.0	0.0	0.20661671	0.0	0.0	0.0	0.39274487	0.45281085	0.0	0.42514732	0.0	0.0	0.18238468	0.0	0.26177597	0.0	0.0	0.0	0.0	0.0	0.0	0.0	0.24655433	0.0	0.49253488	0.041409213	0.0	0.17262773	0.0	0.0
0.0	0.2838312	0.0	0.17140858	0.0	0.0	0.2585813	0.0	0.0	0.0	0.0	0.0	0.0	0.0	0.4433267	0.0	0.52344775	0.0	0.0	0.27691793	0.0	0.0	0.0	0.1746373	0.0	0.047767375	0.1400379	0.0	0.0	0.14580195	0.0	0.0	0.0	0.0	0.0	0.19101696	0.0	0.0	0.0	0.0	0.3209516	0.0	0.1694513	0.0	0.16049337	0.0	0.39995506	0.15073909	0.14499795	0.09112767	0.0	0.0	0.0	0.27663502	0.0	0.0	0.20083745	0.0	0.0	0.35886326	0.11524596	0.0	0.0	0.0	0.0	0.0	0.022841746	0.37104702	0.0	0.34633875	0.2641357	0.0	0.17620213	0.0	0.0	0.0	0.0	0.0	0.4295244	0.0	0.0	0.07338718	0.5662348	0.0	0.77737117	0.0	0.0	0.0	0.24528623	0.2946022	0.0	0.0	0.0	0.0	0.0	0.0	0.4631033	0.0	0.0	0.0	0.19583301	0.0	0.0	0.0	0.37802163	0.44046664	0.0	0.45657328	0.0	0.0	0.20150644	0.0	0.26937518	0.0	0.0	0.0	0.0	0.0	0.0	0.0	0.21053505	0.0	0.492659	0.026279338	0.0	0.15899302	0.0	0.0
0.0	0.2702377	0.0	0.18572865	0.0	0.0	0.25986925	0.0	0.0	0.0	0.0	0.0	0.0	0.0	0.4721543	0.0	0.54903466	0.0	0.0	0.2820403	0.0	0.0	0.0	0.2156946	0.0	0.090687506	0.17946957	0.0	0.0	0.1604075	0.0	0.0	0.0	0.0	0.0	0.20047712	0.0	0.0	0.0	0.0	0.28068563	0.0	0.18635494	0.0	0.14359428	0.0	0.40212527	0.1716487	0.17182355	0.08009177	0.0	0.0	0.0	0.29048634	0.0	0.0	0.18439418	0.0	0.0	0.3816873	0.13532971	0.0	0.0	0.0	0.0	0.0	0.040135548	0.36088768	0.0	0.35114768	0.27258953	0.0	0.18865128	0.0	0.0	0.0	0.0	0.0	0.4294341	0.0	0.0	0.12393764	0.5625971	0.0	0.76904374	0.0	0.0	0.0	0.25273693	0.31350133	0.0	0.0	0.0	0.0	0.0	0.0	0.4912839	0.0	0.0	0.0	0.20429134	0.007854843	0.0004625842	0.0	0.37488282	0.45151576	0.0	0.44138893	0.0	0.0	0.17285378	0.0	0.2659402	0.0	0.0	0.0	0.0	0.0	0.0	0.0	0.23591495	0.0	0.52333885	0.04000916	0.0	0.17192334	0.0	0.0
0.0	0.33084655	0.0	0.18918912	0.0	0.0	0.28095284	0.0	0.0	0.0	0.0	0.0	0.0	0.0	0.50316876	0.0	0.5472104	0.0	0.0	0.31753713	0.0	0.0	0.0	0.20507342	0.0	0.012977324	0.13187023	0.0	0.0	0.15646099	0.0	0.0	0.0	0.0	0.0	0.18661141	0.0	0.0	0.0	0.0	0.26401976	0.0	0.19514947	0.0	0.21863689	0.0	0.39046934	0.21684264	0.17180802	0.16139062	0.0	0.0	0.0	0.34840038	0.0	0.0	0.20432156	0.0	0.0	0.28268886	0.1825071	0.0	0.0	0.0	0.0	0.0	0.0	0.40330932	0.0	0.32606465	0.24489605	0.0	0.24885525	0.0	0.0	0.0	0.0	0.0	0.39771914	0.0	0.0	0.021588003	0.59597784	0.0	0.77936524	0.0	0.0	0.0	0.20000601	0.24608712	0.0	0.0	0.0	0.0	0.0	0.0	0.48068777	0.0	0.0	0.0	0.22544132	0.04203528	0.0	0.0	0.37533155	0.4250919	0.0	0.39555344	0.0	0.0	0.19671708	0.0	0.23920798	0.0	0.0	0.0	0.0	0.0	0.0	0.0	0.2677591	0.0	0.49445292	0.06544187	0.0	0.18267207	0.0	0.0
0.0	0.25927985	0.0	0.17978702	0.0	0.0	0.28178632	0.0	0.0	0.0	0.0	0.0	0.0	0.0	0.4979583	0.0	0.53326255	0.0	0.0	0.2766791	0.0	0.0	0.0	0.21081235	0.0	0.080189206	0.15914471	0.0	0.0	0.15553516	0.0	0.0	0.0	0.0	0.0	0.18999289	0.0	0.0	0.0	0.0	0.2849803	0.0	0.2047204	0.0	0.14448641	0.0	0.39947236	0.16900091	0.15876366	0.111335725	0.0	0.0	0.0	0.29674038	0.0	0.0	0.19198757	0.0	0.0	0.37852797	0.1327567	0.0	0.0	0.0	0.0	0.0	0.023448452	0.39335668	0.0	0.34966788	0.2421592	0.0	0.23307864	0.0	0.0	0.0	0.0	0.0	0.44623694	0.0	0.0	0.11731905	0.57013696	0.0	0.7629861	0.0	0.0	0.0	0.22429939	0.3088596	0.0	0.0	0.0	0.0	0.0	0.0	0.47120115	0.0	0.0	0.0	0.21311444	0.0032030244	0.0	0.0	0.38870397	0.4393475	0.0	0.41704568	0.0	0.0	0.17797633	0.0	0.26278993	0.0	0.0	0.0	0.0	0.0	0.0	0.0	0.24333362	0.0	0.499055	0.04318866	0.0	0.17779684	0.0	0.0
0.0	0.26632258	0.0	0.18231712	0.0	0.0	0.2712768	0.0	0.0	0.0	0.0	0.0	0.0	0.0	0.50756264	0.0	0.537491	0.0	0.0	0.2886639	0.0	0.0	0.0	0.21486457	0.0	0.05808797	0.16024797	0.0	0.0	0.16202964	0.0	0.0	0.0	0.0	0.0	0.18917604	0.0	0.0	0.0	0.0	0.30854702	0.0	0.21541013	0.0	0.13052271	0.0	0.4129556	0.16378741	0.16411294	0.09017587	0.0	0.0	0.0	0.29652366	0.0	0.0	0.18011451	0.0	0.0	0.38021	0.11652261	0.0	0.0	0.0	0.0	0.0	0.012915722	0.4039785	0.0	0.36193883	0.23812842	0.0	0.22887588	0.0	0.0	0.0	0.0	0.0	0.47050023	0.0	0.0	0.12590279	0.5736756	0.0	0.80471635	0.0	0.0	0.0	0.2261604	0.31543702	0.0	0.0	0.0	0.0	0.0	0.0	0.50411254	0.0	0.0	0.0	0.20703925	0.0	0.0	0.0	0.39867878	0.46316364	0.0	0.43378147	0.0	0.0	0.16909857	0.0	0.256439	0.0	0.0	0.0	0.0	0.0	0.0	0.0	0.23023744	0.0	0.50195456	0.03653504	0.0	0.17373054	0.0	0.0
0.0	0.29874077	0.0	0.17101325	0.0	0.0	0.2425369	0.0	0.0	0.0	0.0	0.0	0.0	0.0	0.359265	0.0	0.4964608	0.0	0.0	0.25641865	0.0	0.0	0.0	0.14877571	0.0	0.057260234	0.105024576	0.0	0.0	0.11070782	0.0	0.0	0.0	0.0	0.0	0.16020657	0.0	0.0	0.0	0.0	0.29650265	0.0	0.13534851	0.0	0.24739058	0.0	0.37926766	0.16712129	0.12858345	0.139601	0.0	0.0	0.0	0.27270135	0.0	0.0	0.26427975	0.0	0.0	0.31464732	0.14046489	0.0	0.0	0.0	0.0	0.0	0.038066987	0.32085377	0.0	0.2999306	0.27774432	0.0	0.16263328	0.0	0.0	0.0	0.0	0.0	0.36014557	0.0	0.0	0.035443272	0.548912	0.0	0.6613602	0.0	0.0	0.0	0.22410685	0.26211843	0.0	0.0	0.0	0.0	0.0	0.0	0.37080327	0.0	0.0	0.0	0.21136837	0.0	0.0	0.0	0.3664979	0.36295176	0.0	0.43144926	0.0	0.0	0.21568777	0.0	0.25060606	0.0	0.0	0.0	0.0	0.0	0.0	0.0	0.2020468	0.0	0.4752514	0.027288638	0.0	0.1615206	0.0	0.0
0.0	0.25598252	0.0	0.15669744	0.0	0.0	0.271813	0.0	0.0	0.0	0.0	0.0	0.0	0.0	0.47003207	0.0	0.5172168	0.0	0.0	0.26369452	0.0	0.0	0.0	0.19802475	0.0	0.033326503	0.12305436	0.0	0.0	0.14617789	0.0	0.0	0.0	0.0	0.0	0.18028466	0.0	0.0	0.0	0.0	0.27055874	0.0	0.18069918	0.0	0.17055188	0.0	0.42528948	0.17690863	0.12583703	0.13096403	0.0	0.0	0.0	0.27679697	0.0	0.0	0.20821147	0.0	0.0	0.3505189	0.121506214	0.0	0.0	0.0	0.0	0.0	0.02209037	0.3802147	0.0	0.33418593	0.2318346	0.0	0.22420628	0.0	0.0	0.0	0.0	0.0	0.4289941	0.0	0.0	0.0869065	0.55382246	0.0	0.7318714	0.0	0.0	0.0	0.22992487	0.30702665	0.0	0.0	0.0	0.0	0.0	0.0	0.4435619	0.0	0.0	0.0	0.2219183	0.0	0.0	0.0	0.3834076	0.4167496	0.0	0.4354919	0.0	0.0	0.18134974	0.0	0.26727417	0.0	0.0	0.0	0.0	0.0	0.0	0.0	0.20989649	0.0	0.4767803	0.028870404	0.0	0.16283487	0.0	0.0
0.0	0.25767383	0.0	0.18515356	0.0	0.0	0.27063185	0.0	0.0	0.0	0.0	0.0	0.0	0.0	0.4894252	0.0	0.544874	0.0	0.0	0.27156794	0.0	0.0	0.0	0.21250431	0.0	0.0735408	0.16859038	0.0	0.0	0.15903945	0.0	0.0	0.0	0.0	0.0	0.18538825	0.0	0.0	0.0	0.0	0.3041744	0.0	0.19998862	0.0	0.13329332	0.0	0.39787903	0.16652319	0.16193114	0.09440696	0.0	0.0	0.0	0.27947426	0.0	0.0	0.17125688	0.0	0.0	0.38092646	0.13406731	0.0	0.0	0.0	0.0	0.0	0.028118037	0.37953043	0.0	0.3546234	0.24900772	0.0	0.21311317	0.0	0.0	0.0	0.0	0.0	0.4378532	0.0	0.0	0.10413239	0.56798977	0.0	0.7806367	0.0	0.0	0.0	0.24240088	0.3178254	0.0	0.0	0.0	0.0	0.0	0.0	0.4929526	0.0	0.0	0.0	0.21409185	0.00061581907	0.0	0.0	0.3881909	0.46631622	0.0	0.44803563	0.0	0.0	0.1762927	0.0	0.25966358	0.0	0.0	0.0	0.0	0.0	0.0	0.0	0.2227716	0.0	0.50271475	0.038698535	0.0	0.16988914	0.0	0.0
0.0	0.2560825	0.0	0.18186164	0.0	0.0	0.2661737	0.0	0.0	0.0	0.0	0.0	0.0	0.0	0.48858094	0.0	0.5560845	0.0	0.0	0.27749443	0.0	0.0	0.0	0.21723056	0.0	0.07045639	0.182106	0.0	0.0	0.17186517	0.0	0.0	0.0	0.0	0.0	0.19587599	0.0	0.0	0.0	0.0	0.27121773	0.0	0.19768274	0.0	0.124648236	0.0	0.41570207	0.16839397	0.15761472	0.080664724	0.0	0.0	0.0	0.2829294	0.0	0.0	0.17328013	0.0	0.0	0.37983432	0.1272602	0.0	0.0	0.0	0.0	0.0	0.03750203	0.37172815	0.0	0.36133465	0.26294434	0.0	0.20975113	0.0	0.0	0.0	0.0	0.0	0.43926215	0.0	0.0	0.12195226	0.553163	0.0	0.7727452	0.0	0.0	0.0	0.24376257	0.33100373	0.0	0.0	0.0	0.0	0.0	0.0	0.5026056	0.0	0.0	0.0	0.20776145	0.003661548	0.0	0.0	0.3783641	0.46047878	0.0	0.45204437	0.0	0.0	0.17307256	0.0	0.26632798	0.0	0.0	0.0	0.0	0.0	0.0	0.0	0.22466987	0.0	0.516875	0.025757844	0.0	0.17384155	0.0	0.0
0.0	0.28487208	0.0	0.15504465	0.0	0.0	0.25925025	0.0	0.0	0.0	0.0	0.0	0.0	0.0	0.40649948	0.0	0.5012806	0.0	0.0	0.2810897	0.0	0.0	0.0	0.13168095	0.0	0.05433598	0.11184877	0.0	0.0	0.14338748	0.0	0.0	0.0	0.0	0.0	0.17938398	0.0	0.0	0.0	0.0	0.30716273	0.0	0.15746976	0.0	0.20284148	0.0	0.39256454	0.1404386	0.13705434	0.113358505	0.0	0.0	0.0	0.2609994	0.0	0.0	0.23493324	0.0	0.0	0.33744693	0.11484593	0.0	0.0	0.0	0.0	0.0	0.022892697	0.37081113	0.0	0.31904468	0.2521854	0.0	0.18449318	0.0	0.0	0.0	0.0	0.0	0.40228656	0.0	0.0	0.049957987	0.5583766	0.0	0.74955875	0.0	0.0	0.0	0.23417406	0.26079664	0.0	0.0	0.0	0.0	0.0	0.0	0.4171271	0.0	0.0	0.0	0.18934162	0.00042018294	0.0	0.0	0.36622623	0.40537778	0.0	0.42898783	0.0	0.0	0.20693104	0.0	0.2603803	0.0	0.0	0.0	0.0	0.0	0.0	0.0	0.20893838	0.0	0.467495	0.056975365	0.0	0.16032809	0.0	0.0
0.0	0.2653888	0.0	0.17501634	0.0	0.0	0.28459084	0.0	0.0	0.0	0.0	0.0	0.0	0.0	0.4308474	0.0	0.5530692	0.0	0.0	0.247069	0.0	0.0	0.0	0.22350354	0.0	0.11346089	0.17040187	0.0	0.0	0.13062622	0.0	0.0	0.0	0.0	0.0	0.18104136	0.0	0.0	0.0	0.0	0.24154066	0.0	0.1487789	0.0	0.16937006	0.0	0.3908225	0.20999998	0.13814813	0.113100655	0.0	0.0	0.0	0.25719026	0.0	0.0	0.20194234	0.0	0.0	0.3505892	0.16816552	0.0	0.0	0.0	0.0	0.0	0.06526734	0.3104503	0.0	0.3232913	0.26297453	0.0	0.18299754	0.0	0.0	0.0	0.0	0.0	0.36537454	0.0	0.0	0.086738385	0.51816726	0.0	0.6482007	0.0	0.0	0.0	0.23066758	0.32943013	0.0	0.0	0.0	0.0	0.0	0.0	0.40579405	0.0	0.0	0.0	0.24288853	0.0118067125	0.0	0.0	0.36174378	0.37916836	0.0	0.41389441	0.0	0.0	0.18988526	0.0	0.24697524	0.0	0.0	0.0	0.0	0.0	0.0	0.0	0.21886675	0.0	0.5167255	0.041547317	0.0	0.16949783	0.0	0.0
0.0	0.27997875	0.0	0.16977125	0.0	0.0	0.2794915	0.0	0.0	0.0	0.0	0.0	0.0	0.0	0.37412855	0.0	0.52998686	0.0	0.0	0.2532552	0.0	0.0	0.0	0.20427077	0.0	0.08960525	0.1410826	0.0	0.0	0.1250513	0.0	0.0	0.0	0.0	0.0	0.17721915	0.0	0.0	0.0	0.0	0.21635193	0.0	0.12644373	0.0	0.21230777	0.0	0.38828525	0.21045594	0.12568462	0.13038643	0.0	0.0	0.0	0.26400128	0.0	0.0	0.22575767	0.0	0.0	0.32762542	0.17236193	0.0	0.0	0.0	0.0	0.0	0.06899945	0.29131275	0.0	0.29140922	0.26515272	0.0	0.17588793	0.0	0.0	0.0	0.0	0.0	0.34330785	0.0	0.0	0.06320285	0.5125008	0.0	0.60512006	0.0	0.0	0.0	0.23778723	0.30647326	0.0	0.0	0.0	0.0	0.0	0.0	0.37498793	0.0	0.0	0.0	0.22819583	0.0	0.0	0.0	0.3408663	0.35956547	0.0	0.39856517	0.0	0.0	0.19794323	0.0	0.25313577	0.0	0.0	0.0	0.0	0.0	0.0	0.0	0.2129966	0.0	0.5085335	0.039433066	0.0	0.1678639	0.0	0.0
0.0	0.2655768	0.0	0.15645188	0.0	0.0	0.27484366	0.0	0.0	0.0	0.0	0.0	0.0	0.0	0.38955095	0.0	0.52152056	0.0	0.0	0.24453105	0.0	0.0	0.0	0.1919201	0.0	0.08285394	0.12811375	0.0	0.0	0.11900106	0.0	0.0	0.0	0.0	0.0	0.19399607	0.0	0.0	0.0	0.0	0.22675395	0.0	0.12459149	0.0	0.20997588	0.0	0.39469695	0.1953156	0.12542062	0.13710153	0.0	0.0	0.0	0.27441394	0.0	0.0	0.23390985	0.0	0.0	0.33680877	0.16021484	0.0	0.0	0.0	0.0	0.0	0.052250993	0.30916885	0.0	0.30106565	0.2631085	0.0	0.18216772	0.0	0.0	0.0	0.0	0.0	0.3562328	0.0	0.0	0.05809675	0.5244741	0.0	0.6259609	0.0	0.0	0.0	0.2527617	0.3024576	0.0	0.0	0.0	0.0	0.0	0.0	0.3752598	0.0	0.0	0.0	0.22317965	0.0	0.0	0.0	0.34543857	0.36774454	0.0	0.40825215	0.0	0.0	0.19656678	0.0	0.2626544	0.0	0.0	0.0	0.0	0.0	0.0	0.0	0.21977472	0.0	0.48895487	0.03241429	0.0	0.16675366	0.0	0.0
0.0	0.28476807	0.0	0.16535495	0.0	0.0	0.25562704	0.0	0.0	0.0	0.0	0.0	0.0	0.0	0.35092676	0.0	0.50534874	0.0	0.0	0.25467533	0.0	0.0	0.0	0.1882842	0.0	0.07800206	0.11445119	0.0	0.0	0.11337196	0.0	0.0	0.0	0.0	0.0	0.1818975	0.0	0.0	0.0	0.0	0.22770226	0.0	0.113850795	0.0	0.255456	0.0	0.3854611	0.19781367	0.12732811	0.14241414	0.0	0.0	0.0	0.27805102	0.0	0.0	0.25693724	0.0	0.0	0.31680635	0.1671886	0.0	0.0	0.0	0.0	0.0	0.058951348	0.28806517	0.0	0.28897107	0.2813351	0.0	0.1586156	0.0	0.0	0.0	0.0	0.0	0.3392479	0.0	0.0	0.042096507	0.5330334	0.0	0.6092822	0.0	0.0	0.0	0.24850786	0.28386298	0.0	0.0	0.0	0.0	0.0	0.0	0.36694396	0.0	0.0	0.0	0.21618922	0.0	0.0	0.0	0.34261394	0.33979037	0.0	0.4068263	0.0	0.0	0.20832111	0.0	0.2551761	0.0	0.0	0.0	0.0	0.0	0.0	0.0	0.21876097	0.0	0.50377965	0.02661035	0.0	0.16413336	0.0	0.0
0.0	0.27600864	0.0	0.17344725	0.0	0.0	0.27338636	0.0	0.0	0.0	0.0	0.0	0.0	0.0	0.38145614	0.0	0.53285927	0.0	0.0	0.23975909	0.0	0.0	0.0	0.20603593	0.0	0.1022369	0.14898944	0.0	0.0	0.124504305	0.0	0.0	0.0	0.0	0.0	0.16948538	0.0	0.0	0.0	0.0	0.21388364	0.0	0.12799466	0.0	0.20240277	0.0	0.3856313	0.22634594	0.12985744	0.1375256	0.0	0.0	0.0	0.25775564	0.0	0.0	0.22612374	0.0	0.0	0.3312799	0.177261	0.0	0.0	0.0	0.0	0.0	0.077590264	0.28908193	0.0	0.30327985	0.25257245	0.0	0.17568706	0.0	0.0	0.0	0.0	0.0	0.34395877	0.0	0.0	0.07653486	0.50583524	0.0	0.59232914	0.0	0.0	0.0	0.23505078	0.30533156	0.0	0.0	0.0	0.0	0.0	0.0	0.37035775	0.0	0.0	0.0	0.24002899	0.005117327	0.0	0.0	0.34024024	0.35810724	0.0	0.40178955	0.0	0.0	0.19447583	0.0	0.24627034	0.0	0.0	0.0	0.0	0.0	0.0	0.0	0.19978027	0.0	0.51160496	0.036986537	0.0	0.16139086	0.0	0.0
0.0	0.27735895	0.0	0.14910878	0.0	0.0	0.2870362	0.0	0.0	0.0	0.0	0.0	0.0	0.0	0.39704728	0.0	0.50205106	0.0	0.0	0.2661497	0.0	0.0	0.0	0.19415915	0.0	0.07749075	0.11803717	0.0	0.0	0.12542185	0.0	0.0	0.0	0.0	0.0	0.19781761	0.0	0.0	0.0	0.0	0.2173268	0.0	0.11970533	0.0	0.23030585	0.0	0.3893429	0.21162422	0.12515704	0.1684475	0.0	0.0	0.0	0.2788262	0.0	0.0	0.24759762	0.0	0.0	0.34714484	0.17530651	0.0	0.0	0.0	0.0	0.0	0.043488994	0.33972874	0.0	0.3014219	0.26108587	0.0	0.19151781	0.0	0.0	0.0	0.0	0.0	0.36476693	0.0	0.0	0.07241037	0.5441516	0.0	0.5988919	0.0	0.0	0.0	0.233746	0.2825276	0.0	0.0	0.0	0.0	0.0	0.0	0.35156623	0.0	0.0	0.0	0.23108494	0.0	0.0	0.0	0.341097	0.3402803	0.0	0.37224248	0.0	0.0	0.20438714	0.0	0.2675749	0.0	0.0	0.0	0.0	0.0	0.0	0.0	0.24174023	0.0	0.497419	0.044803962	0.0	0.16416569	0.0	0.0
0.0	0.27510172	0.0	0.15760563	0.0	0.0	0.2477534	0.0	0.0	0.0	0.0	0.0	0.0	0.0	0.3593414	0.0	0.49906015	0.0	0.0	0.24602194	0.0	0.0	0.0	0.17609824	0.0	0.07535854	0.11724267	0.0	0.0	0.11188695	0.0	0.0	0.0	0.0	0.0	0.1834811	0.0	0.0	0.0	0.0	0.23925619	0.0	0.11783326	0.0	0.2452934	0.0	0.384636	0.18633525	0.12326205	0.13998194	0.0	0.0	0.0	0.28484574	0.0	0.0	0.25606534	0.0	0.0	0.32236007	0.15245025	0.0	0.0	0.0	0.0	0.0	0.055071186	0.2993687	0.0	0.29391336	0.27885112	0.0	0.16480772	0.0	0.0	0.0	0.0	0.0	0.345647	0.0	0.0	0.041361272	0.53766555	0.0	0.6249449	0.0	0.0	0.0	0.2510147	0.2882618	0.0	0.0	0.0	0.0	0.0	0.0	0.37047777	0.0	0.0	0.0	0.22059788	0.0	0.0	0.0	0.35065594	0.34619847	0.0	0.40710354	0.0	0.0	0.20690544	0.0	0.25470343	0.0	0.0	0.0	0.0	0.0	0.0	0.0	0.22601455	0.0	0.4903365	0.029459259	0.0	0.1609209	0.0	0.0
0.0	0.27622572	0.0	0.16698827	0.0	0.0	0.26460147	0.0	0.0	0.0	0.0	0.0	0.0	0.0	0.36070287	0.0	0.51334065	0.0	0.0	0.25042626	0.0	0.0	0.0	0.1907295	0.0	0.09243529	0.120811015	0.0	0.0	0.11244882	0.0	0.0	0.0	0.0	0.0	0.16683036	0.0	0.0	0.0	0.0	0.22225837	0.0	0.1141212	0.0	0.24816032	0.0	0.38035217	0.21198249	0.12890184	0.14973655	0.0	0.0	0.0	0.266292	0.0	0.0	0.24894305	0.0	0.0	0.31521845	0.17591657	0.0	0.0	0.0	0.0	0.0	0.06977257	0.2893073	0.0	0.28469303	0.26488963	0.0	0.17193608	0.0	0.0	0.0	0.0	0.0	0.32299563	0.0	0.0	0.0402477	0.51975113	0.0	0.5884332	0.0	0.0	0.0	0.23333752	0.28353	0.0	0.0	0.0	0.0	0.0	0.0	0.35127184	0.0	0.0	0.0	0.23532176	0.0	0.0	0.0	0.34954798	0.33147773	0.0	0.39523673	0.0	0.0	0.19707716	0.0	0.24441421	0.0	0.0	0.0	0.0	0.0	0.0	0.0	0.21330006	0.0	0.4989395	0.040803835	0.0	0.1686356	0.0	0.0
0.0	0.25324437	0.0	0.14744653	0.0	0.0	0.27608147	0.0	0.0	0.0	0.0	0.0	0.0	0.0	0.38313648	0.0	0.50297534	0.0	0.0	0.23363753	0.0	0.0	0.0	0.19142658	0.0	0.08162144	0.10560847	0.0	0.0	0.1082366	0.0	0.0	0.0	0.0	0.0	0.18235646	0.0	0.0	0.0	0.0	0.20830248	0.0	0.10887996	0.0	0.24957722	0.0	0.38674054	0.2229632	0.12132891	0.17833741	0.0	0.0	0.0	0.25767544	0.0	0.0	0.25332606	0.0	0.0	0.32739866	0.1809081	0.0	0.0	0.0	0.0	0.0	0.06136551	0.31243	0.0	0.2858391	0.23889525	0.0	0.18519561	0.0	0.0	0.0	0.0	0.0	0.31765023	0.0	0.0	0.04878743	0.53213495	0.0	0.5641677	0.0	0.0	0.0	0.23525976	0.28141832	0.0	0.0	0.0	0.0	0.0	0.0	0.3301364	0.0	0.0	0.0	0.24107315	0.0	0.0	0.0	0.344097	0.3167102	0.0	0.3963964	0.0	0.0	0.20135319	0.0	0.2597855	0.0	0.0	0.0	0.0	0.0	0.0	0.0	0.21479599	0.0	0.48934352	0.046037868	0.0	0.17085402	0.0	0.0
0.0	0.27727664	0.0	0.17086945	0.0	0.0	0.27381048	0.0	0.0	0.0	0.0	0.0	0.0	0.0	0.35490057	0.0	0.52497774	0.0	0.0	0.24307851	0.0	0.0	0.0	0.20014381	0.0	0.102098756	0.1267641	0.0	0.0	0.11445198	0.0	0.0	0.0	0.0	0.0	0.15383266	0.0	0.0	0.0	0.0	0.21690603	0.0	0.11358609	0.0	0.24230953	0.0	0.37747058	0.23064125	0.12774885	0.15905859	0.0	0.0	0.0	0.24302073	0.0	0.0	0.2419522	0.0	0.0	0.31076464	0.18320388	0.0	0.0	0.0	0.0	0.0	0.085185744	0.2739627	0.0	0.27821442	0.2531867	0.0	0.17427267	0.0	0.0	0.0	0.0	0.0	0.31163797	0.0	0.0	0.046443347	0.5010956	0.0	0.5590538	0.0	0.0	0.0	0.21974711	0.28271577	0.0	0.0	0.0	0.0	0.0	0.0	0.34228685	0.0	0.0	0.0	0.24279404	0.004016993	0.0	0.0	0.34683168	0.3187106	0.0	0.39690948	0.0	0.0	0.19923556	0.0	0.23588002	0.0	0.0	0.0	0.0	0.0	0.0	0.0	0.1944899	0.0	0.5153506	0.04085153	0.0	0.16690187	0.0	0.0
0.0	0.28556353	0.0	0.17135839	0.0	0.0	0.28688332	0.0	0.0	0.0	0.0	0.0	0.0	0.0	0.35682997	0.0	0.5457465	0.0	0.0	0.24275815	0.0	0.0	0.0	0.1877443	0.0	0.10463824	0.1264927	0.0	0.0	0.118721195	0.0	0.0	0.0	0.0	0.0	0.1385125	0.0	0.0	0.0	0.0	0.21897167	0.0	0.11028314	0.0	0.2551327	0.0	0.37168288	0.22838521	0.12667707	0.16032802	0.0	0.0	0.0	0.24284922	0.0	0.0	0.23962386	0.0	0.0	0.30299023	0.19336283	0.0	0.0	0.0	0.0	0.0	0.08880947	0.27566114	0.0	0.28300384	0.24821126	0.0	0.17682298	0.0	0.0	0.0	0.0	0.0	0.3072522	0.0	0.0	0.0380595	0.50274974	0.0	0.5461326	0.0	0.0	0.0	0.21975528	0.28097746	0.0	0.0	0.0	0.0	0.0	0.0	0.33806887	0.0	0.0	0.0	0.24554361	0.011186067	0.0	0.0	0.350379	0.3153451	0.0	0.39520407	0.0	0.0	0.20363681	0.0	0.2262935	0.0	0.0	0.0	0.0	0.0	0.0	0.0	0.19099678	0.0	0.52922875	0.041664105	0.0	0.16888504	0.0	0.0
0.0	0.2774901	0.0	0.17241955	0.0	0.0	0.27394566	0.0	0.0	0.0	0.0	0.0	0.0	0.0	0.3686656	0.0	0.5252263	0.0	0.0	0.25626025	0.0	0.0	0.0	0.19487946	0.0	0.094008185	0.12642895	0.0	0.0	0.11560351	0.0	0.0	0.0	0.0	0.0	0.15374534	0.0	0.0	0.0	0.0	0.23164989	0.0	0.12311721	0.0	0.24859615	0.0	0.37681755	0.22002764	0.12807731	0.1547585	0.0	0.0	0.0	0.24774034	0.0	0.0	0.24942176	0.0	0.0	0.32146612	0.17717962	0.0	0.0	0.0	0.0	0.0	0.07313115	0.28996325	0.0	0.2892656	0.25715217	0.0	0.17667232	0.0	0.0	0.0	0.0	0.0	0.3217864	0.0	0.0	0.046090454	0.51778	0.0	0.57970095	0.0	0.0	0.0	0.21033995	0.2874073	0.0	0.0	0.0	0.0	0.0	0.0	0.35083726	0.0	0.0	0.0	0.24044801	0.0002445504	0.0	0.0	0.35280836	0.33085346	0.0	0.4008672	0.0	0.0	0.20205028	0.0	0.23346923	0.0	0.0	0.0	0.0	0.0	0.0	0.0	0.19860196	0.0	0.50886756	0.04004981	0.0	0.16780472	0.0	0.0
0.0	0.2701601	0.0	0.16279732	0.0	0.0	0.2740445	0.0	0.0	0.0	0.0	0.0	0.0	0.0	0.3548611	0.0	0.5259922	0.0	0.0	0.24664187	0.0	0.0	0.0	0.17986612	0.0	0.08503431	0.12335229	0.0	0.0	0.11596105	0.0	0.0	0.0	0.0	0.0	0.14954135	0.0	0.0	0.0	0.0	0.20802088	0.0	0.11875749	0.0	0.24634202	0.0	0.37514856	0.20361559	0.11974309	0.15864284	0.0	0.0	0.0	0.24851978	0.0	0.0	0.22105809	0.0	0.0	0.3034251	0.16464733	0.0	0.0	0.0	0.0	0.0	0.07948328	0.28759536	0.0	0.28461662	0.25907764	0.0	0.17971903	0.0	0.0	0.0	0.0	0.0	0.3249201	0.0	0.0	0.03959438	0.51274484	0.0	0.56956667	0.0	0.0	0.0	0.22739123	0.28470013	0.0	0.0	0.0	0.0	0.0	0.0	0.3564776	0.0	0.0	0.0	0.22881866	0.0	0.0	0.0	0.3556079	0.32033005	0.0	0.41542616	0.0	0.0	0.21682481	0.0	0.22805147	0.0	0.0	0.0	0.0	0.0	0.0	0.0	0.2029293	0.0	0.5077419	0.030572062	0.0	0.16459821	0.0	0.0
0.0	0.28299674	0.0	0.17262964	0.0	0.0	0.2601279	0.0	0.0	0.0	0.0	0.0	0.0	0.0	0.35125247	0.0	0.5100312	0.0	0.0	0.25611988	0.0	0.0	0.0	0.18459503	0.0	0.07961121	0.113168634	0.0	0.0	0.112518676	0.0	0.0	0.0	0.0	0.0	0.15722479	0.0	0.0	0.0	0.0	0.22317336	0.0	0.11959958	0.0	0.26241425	0.0	0.37568054	0.20435488	0.125831	0.15233527	0.0	0.0	0.0	0.26012588	0.0	0.0	0.26023635	0.0	0.0	0.3122051	0.16974187	0.0	0.0	0.0	0.0	0.0	0.06975015	0.2859143	0.0	0.28276682	0.26705852	0.0	0.16624315	0.0	0.0	0.0	0.0	0.0	0.32203516	0.0	0.0	0.039238375	0.5227198	0.0	0.58347154	0.0	0.0	0.0	0.22401941	0.28007087	0.0	0.0	0.0	0.0	0.0	0.0	0.35655597	0.0	0.0	0.0	0.2276324	0.0	0.0	0.0	0.3491921	0.32692274	0.0	0.40532812	0.0	0.0	0.20987348	0.0	0.23887026	0.0	0.0	0.0	0.0	0.0	0.0	0.0	0.20471947	0.0	0.5034959	0.031688396	0.0	0.16745378	0.0	0.0
0.0	0.26903707	0.0	0.16839974	0.0	0.0	0.27662215	0.0	0.0	0.0	0.0	0.0	0.0	0.0	0.3793031	0.0	0.52737015	0.0	0.0	0.24283145	0.0	0.0	0.0	0.20013487	0.0	0.103948	0.13535444	0.0	0.0	0.11789813	0.0	0.0	0.0	0.0	0.0	0.1683114	0.0	0.0	0.0	0.0	0.22413038	0.0	0.11524285	0.0	0.22994258	0.0	0.38569275	0.23454197	0.12667225	0.15480088	0.0	0.0	0.0	0.25275862	0.0	0.0	0.24160846	0.0	0.0	0.32691482	0.18098111	0.0	0.0	0.0	0.0	0.0	0.08444304	0.2899154	0.0	0.29528734	0.25244907	0.0044696727	0.1784236	0.0	0.0	0.0	0.0	0.0	0.31551984	0.0	0.0	0.055840153	0.5119752	0.0	0.5682358	0.0	0.0	0.0	0.22477989	0.29712132	0.0	0.0	0.0	0.0	0.0	0.0	0.3443404	0.0	0.0	0.0	0.24796696	0.002377114	0.0	0.0	0.34330967	0.32610494	0.0	0.3957263	0.0	0.0	0.1943388	0.0	0.24306877	0.0	0.0	0.0	0.0	0.0	0.0	0.0	0.20150729	0.0	0.5112086	0.046727944	0.0	0.16693497	0.0	0.0
0.0	0.2850763	0.0	0.18053275	0.0	0.0	0.2882736	0.0	0.0	0.0	0.0	0.0	0.0	0.0	0.35352823	0.0	0.5380083	0.0	0.0	0.24262278	0.0	0.0	0.0	0.20837219	0.0	0.11536739	0.12404808	0.0	0.0	0.12212721	0.0	0.0	0.0	0.0	0.0	0.14274502	0.0	0.0	0.0	0.0	0.22626902	0.0	0.11007497	0.0	0.25846532	0.0	0.3718631	0.24217777	0.12701532	0.16945833	0.0	0.0	0.0	0.22918151	0.0	0.0	0.25098184	0.0	0.0	0.3102264	0.20518778	0.0	0.0	0.0	0.0	0.0	0.09762625	0.26588023	0.0	0.28055707	0.25008875	0.0028683704	0.17220557	0.0	0.0	0.0	0.0	0.0	0.2962757	0.0	0.0	0.04590686	0.505773	0.0	0.53384715	0.0	0.0	0.0	0.20626326	0.2774447	0.0	0.0	0.0	0.0	0.0	0.0	0.33040693	0.0	0.0	0.0	0.2537923	0.02254311	0.0	0.0	0.34297767	0.3118318	0.0	0.39085922	0.0	0.0	0.19229181	0.0	0.23436074	0.0	0.0	0.0	0.0	0.0	0.0	0.0	0.18724239	0.0	0.5305991	0.0398021	0.0	0.17048003	0.0	0.0
0.0	0.2794666	0.0	0.17293833	0.0	0.0	0.27103674	0.0	0.0	0.0	0.0	0.0	0.0	0.0	0.3518716	0.0	0.52531606	0.0	0.0	0.2531775	0.0	0.0	0.0	0.18919285	0.0	0.09808647	0.11662346	0.0	0.0	0.11977467	0.0	0.0	0.0	0.0	0.0	0.14582123	0.0	0.0	0.0	0.0	0.23553775	0.0	0.11850065	0.0	0.25962403	0.0	0.3700849	0.21343036	0.12815309	0.16192204	0.0	0.0	0.0	0.24477203	0.0	0.0	0.25421888	0.0	0.0	0.3122232	0.18175478	0.0	0.0	0.0	0.0	0.0	0.07574075	0.2851099	0.0	0.28140804	0.26204064	0.0	0.1807316	0.0	0.0	0.0	0.0	0.0	0.3139611	0.0	0.0	0.03641095	0.5179345	0.0	0.56574446	0.0	0.0	0.0	0.20751464	0.27575287	0.0	0.0	0.0	0.0	0.0	0.0	0.34136677	0.0	0.0	0.0	0.2427303	0.009081404	0.0	0.0	0.35542598	0.3213668	0.0	0.39252642	0.0	0.0	0.19865198	0.0	0.2293746	0.0	0.0	0.0	0.0	0.0	0.0	0.0	0.19999574	0.0	0.51041216	0.039550383	0.0	0.16966872	0.0	0.0
0.0	0.28295317	0.0	0.17186783	0.0	0.0	0.26996815	0.0	0.0	0.0	0.0	0.0	0.0	0.0	0.3498973	0.0	0.52028424	0.0	0.0	0.25332728	0.0	0.0	0.0	0.18934326	0.0	0.090973	0.11449792	0.0	0.0	0.11534753	0.0	0.0	0.0	0.0	0.0	0.15523122	0.0	0.0	0.0	0.0	0.22240733	0.0	0.11646607	0.0	0.26389807	0.0	0.37330684	0.2128702	0.1284859	0.15884377	0.0	0.0	0.0	0.25505567	0.0	0.0	0.25346807	0.0	0.0	0.3099842	0.17604165	0.0	0.0	0.0	0.0	0.0	0.072434545	0.28157583	0.0	0.28169754	0.26440012	0.0	0.16800004	0.0	0.0	0.0	0.0	0.0	0.3204068	0.0	0.0	0.037644975	0.5182145	0.0	0.5757715	0.0	0.0	0.0	0.22252446	0.27901784	0.0	0.0	0.0	0.0	0.0	0.0	0.35222402	0.0	0.0	0.0	0.23222227	0.0	0.0	0.0	0.34985864	0.3238226	0.0	0.40320894	0.0	0.0	0.2084906	0.0	0.23765719	0.0	0.0	0.0	0.0	0.0	0.0	0.0	0.20246816	0.0	0.5127849	0.032781977	0.0	0.16662389	0.0	0.0
0.0	0.2738385	0.0	0.17201655	0.0	0.0	0.27368763	0.0	0.0	0.0	0.0	0.0	0.0	0.0	0.35524237	0.0	0.52634805	0.0	0.0	0.24543945	0.0	0.0	0.0	0.19913055	0.0	0.103271216	0.1286337	0.0	0.0	0.1183758	0.0	0.0	0.0	0.0	0.0	0.15619622	0.0	0.0	0.0	0.0	0.22986734	0.0	0.11570018	0.0	0.24226232	0.0	0.37350568	0.22637092	0.12953193	0.16130376	0.0	0.0	0.0	0.24838354	0.0	0.0	0.2469395	0.0	0.0	0.31673273	0.18838926	0.0	0.0	0.0	0.0	0.0	0.086458646	0.28008506	0.0	0.28172863	0.2546073	5.5632245e-05	0.18230237	0.0	0.0	0.0	0.0	0.0	0.31409523	0.0	0.0	0.04580617	0.50751513	0.0	0.55588454	0.0	0.0	0.0	0.21744077	0.28341317	0.0	0.0	0.0	0.0	0.0	0.0	0.3390932	0.0	0.0	0.0	0.24696581	0.007277737	0.0	0.0	0.3486321	0.32144347	0.0	0.38794506	0.0	0.0	0.19451384	0.0	0.23275407	0.0	0.0	0.0	0.0	0.0	0.0	0.0	0.20090437	0.0	0.51179105	0.044615656	0.0	0.16356154	0.0	0.0
0.0	0.2696302	0.0	0.16995424	0.0	0.0	0.27516007	0.0	0.0	0.0	0.0	0.0	0.0	0.0	0.35532603	0.0	0.5233569	0.0	0.0	0.22934401	0.0	0.0	0.0	0.19430745	0.0	0.10682812	0.13209851	0.0	0.0	0.11942908	0.0	0.0	0.0	0.0	0.0	0.15256615	0.0	0.0	0.0	0.0	0.22212197	0.0	0.11842551	0.0	0.23046505	0.0	0.3687565	0.2341836	0.12587398	0.16132241	0.0	0.0	0.0	0.24153952	0.0	0.0	0.23568453	0.0	0.0	0.31696093	0.18608469	0.0	0.0	0.0	0.0	0.0	0.08940109	0.28208244	0.0	0.28386915	0.24602602	0.0032205135	0.18372828	0.0	0.0	0.0	0.0	0.0	0.31334177	0.0	0.0	0.047704954	0.5013898	0.0	0.55470014	0.0	0.0	0.0	0.21757884	0.28304717	0.0	0.0	0.0	0.0	0.0	0.0	0.3338833	0.0	0.0	0.0	0.24971189	0.008890703	0.0	0.0	0.3463461	0.32591233	0.0	0.39318165	0.0	0.0	0.19000708	0.0	0.23627011	0.0	0.0	0.0	0.0	0.0	0.0	0.0	0.19705515	0.0	0.5103658	0.0464984	0.0	0.16293944	0.0	0.0
0.0	0.28206906	0.0	0.17952184	0.0	0.0	0.28118047	0.0	0.0	0.0	0.0	0.0	0.0	0.0	0.36535272	0.0	0.52959424	0.0	0.0	0.24125384	0.0	0.0	0.0	0.21368825	0.0	0.11904749	0.1419386	0.0	0.0	0.119774334	0.0	0.0	0.0	0.0	0.0	0.16710837	0.0	0.0	0.0	0.0	0.22687782	0.0	0.11911514	0.0	0.23741134	0.0	0.3759205	0.23876184	0.13175942	0.15895212	0.0	0.0	0.0	0.24653774	0.0	0.0	0.24720322	0.0	0.0	0.32576182	0.19930035	0.0	0.0	0.0	0.0	0.0	0.0893705	0.27272132	0.0	0.29684922	0.25532642	0.0	0.16976784	0.0	0.0	0.0	0.0	0.0	0.3132451	0.0	0.0	0.060452063	0.5116519	0.0	0.56324834	0.0	0.0	0.0	0.22128077	0.2864413	0.0	0.0	0.0	0.0	0.0	0.0	0.34459746	0.0	0.0	0.0	0.24770957	0.01657627	0.0	0.0	0.34071508	0.33501306	0.0	0.39731	0.0	0.0	0.19106998	0.0	0.24282385	0.0	0.0	0.0	0.0	0.0	0.0	0.0	0.19719064	0.0	0.5232529	0.03867046	0.0	0.16573076	0.0	0.0
0.0	0.28272617	0.0	0.16126283	0.0	0.0	0.25364658	0.0	0.0	0.0	0.0	0.0	0.0	0.0	0.37524804	0.0	0.51302594	0.0	0.0	0.26053	0.0	0.0	0.0	0.18236054	0.0	0.068447284	0.1309373	0.0	0.0	0.12656781	0.0	0.0	0.0	0.0	0.0	0.2063588	0.0	0.0	0.0	0.0	0.24014823	0.0	0.12408167	0.0	0.23059236	0.0	0.3933175	0.17659707	0.12936841	0.11903479	0.0	0.0	0.0	0.29384091	0.0	0.0	0.25054356	0.0	0.0	0.32987258	0.14564213	0.0	0.0	0.0	0.0	0.0	0.044189945	0.30846843	0.0	0.30631188	0.29434684	0.0	0.15744907	0.0	0.0	0.0	0.0	0.0	0.37497354	0.0	0.0	0.058793336	0.5388076	0.0	0.6612968	0.0	0.0	0.0	0.26151705	0.29910365	0.0	0.0	0.0	0.0	0.0	0.0	0.39649627	0.0	0.0	0.0	0.20303078	0.0	0.0	0.0	0.34442392	0.3660713	0.0	0.41667473	0.0	0.0	0.20426743	0.0	0.2710671	0.0	0.0	0.0	0.0	0.0	0.0	0.0	0.23631775	0.0	0.50383806	0.01804495	0.0	0.16176279	0.0	0.0
0.0	0.27921712	0.0	0.1676759	0.0	0.0	0.26482722	0.0	0.0	0.0	0.0	0.0	0.0	0.0	0.3594525	0.0	0.5165947	0.0	0.0	0.24851866	0.0	0.0	0.0	0.18587174	0.0	0.09748448	0.12079844	0.0	0.0	0.116244845	0.0	0.0	0.0	0.0	0.0	0.16036628	0.0	0.0	0.0	0.0	0.2180054	0.0	0.117582984	0.0	0.24731581	0.0	0.37558332	0.21441896	0.122155756	0.14516218	0.0	0.0	0.0	0.26067677	0.0	0.0	0.24823545	0.0	0.0	0.31100103	0.17517352	0.0	0.0	0.0	0.0	0.0	0.07035059	0.28725767	0.0	0.27873918	0.25912204	0.0	0.17039698	0.0	0.0	0.0	0.0	0.0	0.32075956	0.0	0.0	0.044282343	0.515014	0.0	0.58210653	0.0	0.0	0.0	0.22881003	0.28213933	0.0	0.0	0.0	0.0	0.0	0.0	0.3578565	0.0	0.0	0.0	0.2316163	0.0	0.0	0.0	0.34764147	0.3316082	0.0	0.3982545	0.0	0.0	0.20773138	0.0	0.23974748	0.0	0.0	0.0	0.0	0.0	0.0	0.0	0.20364912	0.0	0.5027271	0.036090333	0.0	0.16769683	0.0	0.0
0.0	0.27476963	0.0	0.17006099	0.0	0.0	0.26051566	0.0	0.0	0.0	0.0	0.0	0.0	0.0	0.3589979	0.0	0.51404494	0.0	0.0	0.24680991	0.0	0.0	0.0	0.19201605	0.0	0.09585457	0.12233198	0.0	0.0	0.11392728	0.0	0.0	0.0	0.0	0.0	0.16599168	0.0	0.0	0.0	0.0	0.22571592	0.0	0.116538905	0.0	0.2494628	0.0	0.3796514	0.20495892	0.12836313	0.14834423	0.0	0.0	0.0	0.2654629	0.0	0.0	0.25602043	0.0	0.0	0.3162783	0.17278703	0.0	0.0	0.0	0.0	0.0	0.069840625	0.28549734	0.0	0.28502473	0.2747282	0.0	0.17134015	0.0	0.0	0.0	0.0	0.0	0.32346064	0.0	0.0	0.04212943	0.52084917	0.0	0.5903236	0.0	0.0	0.0	0.23154658	0.2865	0.0	0.0	0.0	0.0	0.0	0.0	0.3536055	0.0	0.0	0.0	0.23368013	0.0	0.0	0.0	0.35041782	0.33206475	0.0	0.39762554	0.0	0.0	0.20244493	0.0	0.24342124	0.0	0.0	0.0	0.0	0.0	0.0	0.0	0.21369068	0.0	0.5001977	0.0336852	0.0	0.16802554	0.0	0.0
0.0	0.2615526	0.0	0.16560705	0.0	0.0	0.28693148	0.0	0.0	0.0	0.0	0.0	0.0	0.0	0.37747344	0.0	0.5316499	0.0	0.0	0.2263552	0.0	0.0	0.0	0.21171345	0.0	0.12264526	0.13047548	0.0	0.0	0.108878456	0.0	0.0	0.0	0.0	0.0	0.16917218	0.0	0.0	0.0	0.0	0.2227837	0.0	0.10106785	0.0	0.25671536	0.0	0.37983572	0.25543737	0.12850821	0.18399572	0.0	0.0	0.0	0.24393272	0.0	0.0	0.26429787	0.0	0.0	0.33087897	0.2132663	0.0	0.0	0.0	0.0	0.0	0.09568361	0.27954713	0.0	0.29487482	0.23730426	0.0	0.17085351	0.0	0.0	0.0	0.0	0.0	0.28706804	0.0	0.0	0.05278462	0.5207462	0.0	0.5258873	0.0	0.0	0.0	0.22427337	0.2814797	0.0	0.0	0.0	0.0	0.0	0.0	0.31431025	0.0	0.0	0.0	0.2617127	0.021410095	0.0	0.0	0.3294309	0.31078237	0.0	0.39284196	0.0	0.0	0.19324897	0.0	0.2501089	0.0	0.0	0.0	0.0	0.0	0.0	0.0	0.19687307	0.0	0.51546365	0.041943103	0.0	0.16478162	0.0	0.0
0.0	0.27794603	0.0	0.17199673	0.0	0.0	0.28652218	0.0	0.0	0.0	0.0	0.0	0.0	0.0	0.4328482	0.0	0.53228	0.0	0.0	0.28016216	0.0	0.0	0.0	0.18007655	0.0	0.035860125	0.13753471	0.0	0.0	0.13400386	0.0	0.0	0.0	0.0	0.0	0.15461577	0.0	0.0	0.0	0.0	0.269842	0.0	0.16039093	0.0	0.1882608	0.0	0.39481878	0.22236688	0.13620774	0.13746756	0.0	0.0	0.0	0.22550441	0.0	0.0	0.19633563	0.0	0.0	0.34076676	0.1469764	0.0	0.0	0.0	0.0	0.0	0.074530296	0.34149417	0.0	0.32104668	0.21514477	0.0	0.17033207	0.0	0.0	0.0	0.0	0.0	0.3691062	0.0	0.0	0.06001976	0.53627783	0.0	0.67728114	0.0	0.0	0.0	0.2030521	0.27575573	0.0	0.0	0.0	0.0	0.0	0.0	0.41075942	0.0	0.0	0.0	0.22960632	0.0049796314	0.0	0.0	0.35578513	0.38390055	0.0	0.45012912	0.0	0.0	0.19323444	0.0	0.24291761	0.0	0.0	0.0	0.0	0.0	0.0	0.0	0.17267816	0.0	0.4986018	0.0701606	0.0	0.17095721	0.0	0.0
0.0	0.25320664	0.0	0.18487394	0.0	0.0	0.3118752	0.0	0.0	0.0	0.0	0.0	0.0	0.0	0.5163281	0.0	0.5645408	0.0	0.0	0.25943	0.0	0.0	0.0	0.23865217	0.0	0.095434844	0.1564835	0.0	0.0	0.140367	0.0	0.0	0.0	0.0	0.0	0.17120762	0.0	0.0	0.0	0.0	0.23724641	0.0	0.17481889	0.0	0.1537284	0.0	0.4165304	0.24195464	0.13139176	0.14693807	0.0	0.0	0.0	0.25010106	0.0	0.0	0.1841381	0.0	0.0	0.3747325	0.1696384	0.0	0.0	0.0	0.0	0.0	0.068799175	0.37043858	0.0	0.3498199	0.20560299	0.0	0.2149897	0.0	0.0	0.0	0.0	0.0	0.37544215	0.0	0.0	0.09573871	0.5486934	0.0	0.6811206	0.0	0.0	0.0	0.20706554	0.32350472	0.0	0.0	0.0	0.0	0.0	0.0	0.42484376	0.0	0.0	0.0	0.26044098	0.021726245	0.0	0.0	0.36705068	0.40841508	0.0	0.43086812	0.0	0.0	0.17480254	0.0	0.25829068	0.0	0.0	0.0	0.0	0.0	0.0	0.0	0.1998304	0.0	0.50479615	0.050401315	0.0	0.17447168	0.0	0.0
0.0	0.2436391	0.0	0.19753921	0.0	0.0	0.26327235	0.0	0.0	0.0	0.0	0.0	0.0	0.0	0.62949115	0.0	0.6180716	0.0	0.0	0.33344102	0.0	0.0	0.0	0.224914	0.0	0.024028035	0.25430557	0.0	0.0	0.1777904	0.0	0.0	0.0	0.0	0.0	0.24335404	0.0	0.0	0.0	0.0	0.35840312	0.0	0.24386902	0.0	0.029204354	0.0	0.4651363	0.10510071	0.1963867	0.0	0.0	0.0	0.0	0.3662994	0.0	0.0	0.19118993	0.0	0.0	0.4464595	0.038855262	0.0	0.0	0.0	0.0	0.0	0.0	0.44165254	0.0	0.3941516	0.34499696	0.0	0.26691607	0.0	0.0	0.0	0.0	0.0	0.5183243	0.0	0.0	0.2099415	0.5337577	0.0	0.9975267	0.0	0.0	0.0	0.25424075	0.42773297	0.0	0.0	0.0	0.0	0.0	0.0	0.6498762	0.0	0.0	0.0	0.1740418	0.0	0.0	0.0	0.4349669	0.57945764	0.0	0.48152292	0.0	0.0	0.19476368	0.0	0.3107303	0.0	0.0	0.0	0.0	0.0	0.0	0.0	0.29306313	0.0	0.50371945	0.0032552516	0.0	0.22854882	0.0	0.0
0.0	0.28432116	0.0	0.1661502	0.0	0.0	0.27661264	0.0	0.0	0.0	0.0	0.0	0.0	0.0	0.48384047	0.0	0.52565104	0.0	0.0	0.31268215	0.0	0.0	0.0	0.16866817	0.0	0.04772378	0.127171	0.0	0.0	0.1602485	0.0	0.0	0.0	0.0	0.0	0.16568227	0.0	0.0	0.0	0.0	0.33274385	0.0	0.1955967	0.0	0.13326429	0.0	0.3888706	0.14989944	0.15203232	0.090710334	0.0	0.0	0.0	0.25217038	0.0	0.0	0.17047246	0.0	0.0	0.34637418	0.11498445	0.0	0.0	0.0	0.0	0.0	0.031177824	0.4165852	0.0	0.33554557	0.23222925	0.0	0.21025331	0.0	0.0	0.0	0.0	0.0	0.44065094	0.0	0.0	0.07738492	0.55719495	0.0	0.816305	0.0	0.0	0.0	0.20572893	0.28360423	0.0	0.0	0.0	0.0	0.0	0.0	0.47583786	0.0	0.0	0.0	0.20203942	0.018360065	0.0	0.0	0.39647123	0.44954243	0.0	0.44064006	0.0	0.0	0.20341547	0.0	0.2439044	0.0	0.0	0.0	0.0	0.0	0.0	0.0	0.20540065	0.0	0.47361255	0.07620407	0.0	0.16387723	0.0	0.0
0.0	0.26834485	0.0	0.13866103	0.0	0.0	0.26737937	0.0	0.0	0.0	0.0	0.0	0.0	0.0	0.4824916	0.0	0.50996834	0.0	0.0	0.3106812	0.0	0.0	0.0	0.15985326	0.0	0.02914021	0.10799376	0.0	0.0	0.14499779	0.0	0.0	0.0	0.0	0.0	0.18967646	0.0	0.0	0.0	0.0	0.32173997	0.0	0.1927572	0.0	0.15507217	0.0	0.41795936	0.13184512	0.14858256	0.09305551	0.0	0.0	0.0	0.2991594	0.0	0.0	0.2185574	0.0	0.0	0.33944988	0.08869692	0.0	0.0	0.0	0.0	0.0	0.008424152	0.4152886	0.0	0.30861104	0.2345485	0.0	0.24521403	0.0	0.0	0.0	0.0	0.0	0.4582151	0.0	0.0	0.10518517	0.54188395	0.0	0.8240574	0.0	0.0	0.0	0.23629117	0.29732	0.0	0.0	0.0	0.0	0.0	0.0	0.4782305	0.0	0.0	0.0	0.18374379	0.0	0.0	0.0	0.40892997	0.44431677	0.0	0.43020725	0.0	0.0	0.20826606	0.0	0.278041	0.0	0.0	0.0	0.0	0.0	0.0	0.0	0.23505843	0.0	0.4612602	0.04018544	0.0	0.17708655	0.0	0.0
0.0	0.28564516	0.0	0.13862227	0.0	0.0	0.258786	0.0	0.0	0.0	0.0	0.0	0.0	0.0	0.4167098	0.0	0.48474586	0.0	0.0	0.28396234	0.0	0.0	0.0	0.15227203	0.0	0.033374052	0.07825262	0.0	0.0	0.12797987	0.0	0.0	0.0	0.0	0.0	0.1863948	0.0	0.0	0.0	0.0	0.30809602	0.0	0.1612618	0.0	0.20339517	0.0	0.38832244	0.13866474	0.1349388	0.13447785	0.0	0.0	0.0	0.2653267	0.0	0.0	0.23537987	0.0	0.0	0.31830218	0.1205296	0.0	0.0	0.0	0.0	0.0	0.0	0.38968518	0.0	0.3015888	0.23402822	0.0	0.20974815	0.0	0.0	0.0	0.0	0.0	0.41636637	0.0	0.0	0.05748716	0.5557322	0.0	0.74339247	0.0	0.0	0.0	0.22120567	0.25508592	0.0	0.0	0.0	0.0	0.0	0.0	0.41718474	0.0	0.0	0.0	0.19293477	0.0	0.0	0.0	0.38299707	0.39545906	0.0	0.41383985	0.0	0.0	0.21218568	0.0	0.27838704	0.0	0.0	0.0	0.0	0.0	0.0	0.0	0.21933742	0.0	0.46344814	0.03693794	0.0	0.1678195	0.0	0.0
0.0	0.28514946	0.0	0.17569594	0.0	0.0	0.27849814	0.0	0.0	0.0	0.0	0.0	0.0	0.0	0.48313892	0.0	0.54803663	0.0	0.0	0.28645253	0.0	0.0	0.0	0.20096739	0.0	0.07650861	0.14478397	0.0	0.0	0.14273663	0.0	0.0	0.0	0.0	0.0	0.17857476	0.0	0.0	0.0	0.0	0.29854152	0.0	0.18039249	0.0	0.14284384	0.0	0.4060328	0.18045068	0.14169759	0.098701745	0.0	0.0	0.0	0.26216182	0.0	0.0	0.17438252	0.0	0.0	0.35370278	0.13094419	0.0	0.0	0.0	0.0	0.0	0.04089393	0.37366438	0.0	0.34358183	0.23856433	0.0	0.18303181	0.0	0.0	0.0	0.0	0.0	0.41689372	0.0	0.0	0.06833858	0.55823797	0.0	0.76006645	0.0	0.0	0.0	0.22052526	0.3060744	0.0	0.0	0.0	0.0	0.0	0.0	0.4669368	0.0	0.0	0.0	0.22210686	0.014283884	0.0	0.0	0.37829947	0.4390335	0.0	0.4543167	0.0	0.0	0.18321182	0.0	0.2527199	0.0	0.0	0.0	0.0	0.0	0.0	0.0	0.1925565	0.0	0.4900925	0.03791136	0.0	0.16969907	0.0	0.0
0.0	0.27594697	0.0	0.15978898	0.0	0.0	0.2802743	0.0	0.0	0.0	0.0	0.0	0.0	0.0	0.48099032	0.0	0.5209286	0.0	0.0	0.29459494	0.0	0.0	0.0	0.19139047	0.0	0.038189825	0.11735394	0.0	0.0	0.14783703	0.0	0.0	0.0	0.0	0.0	0.18095656	0.0	0.0	0.0	0.0	0.2907215	0.0	0.17085634	0.0	0.16112463	0.0	0.40414068	0.16478796	0.14243375	0.11681819	0.0	0.0	0.0	0.28211442	0.0	0.0	0.18962409	0.0	0.0	0.34300968	0.1280313	0.0	0.0	0.0	0.0	0.0	0.004567629	0.3961866	0.0	0.32671186	0.23113807	0.0	0.22674908	0.0	0.0	0.0	0.0	0.0	0.43715397	0.0	0.0	0.07579888	0.5607608	0.0	0.7629252	0.0	0.0	0.0	0.22722752	0.29407227	0.0	0.0	0.0	0.0	0.0	0.0	0.45579264	0.0	0.0	0.0	0.20756693	0.016507974	0.0	0.0	0.39463308	0.42042398	0.0	0.42130938	0.0	0.0	0.19437931	0.0	0.26608834	0.0	0.0	0.0	0.0	0.0	0.0	0.0	0.22990596	0.0	0.48451412	0.049570516	0.0	0.16817518	0.0	0.0
0.0	0.28926924	0.0	0.17844951	0.0	0.0	0.2900733	0.0	0.0	0.0	0.0	0.0	0.0	0.0	0.47161683	0.0	0.56619424	0.0	0.0	0.2923411	0.0	0.0	0.0	0.1983128	0.0	0.08712232	0.16114925	0.0	0.0	0.13968803	0.0	0.0	0.0	0.0	0.0	0.15050608	0.0	0.0	0.0	0.0	0.2916347	0.0	0.1904407	0.0	0.10893335	0.0	0.38842455	0.22713639	0.14133541	0.1203248	0.0	0.0	0.0	0.24114709	0.0	0.0	0.1584866	0.0	0.0	0.35583448	0.13911149	0.0	0.0	0.0	0.0	0.0	0.061894912	0.3837742	0.0	0.3384775	0.19713378	0.0	0.21521418	0.0	0.0	0.0	0.0	0.0	0.42097974	0.0	0.0	0.07550601	0.51568455	0.0	0.74579245	0.0	0.0	0.0	0.19066037	0.29600358	0.0	0.0	0.0	0.0	0.0	0.0	0.47155467	0.0	0.0	0.0	0.2313594	0.042772066	0.0	0.0	0.36718318	0.45652652	0.0	0.44246984	0.0	0.0	0.18693727	0.0	0.23641849	0.0	0.0	0.0	0.0	0.0	0.0	0.0	0.1875139	0.0	0.4774828	0.088003606	0.0	0.15178624	0.0	0.0
0.0	0.2803053	0.0	0.18901324	0.0	0.0	0.29886043	0.0	0.0	0.0	0.0	0.0	0.0	0.0	0.5277311	0.0	0.57437706	0.0	0.0	0.28516313	0.0	0.0	0.0	0.24167617	0.0	0.09236806	0.17330985	0.0	0.0	0.13483582	0.0	0.0	0.0	0.0	0.0	0.16940649	0.0	0.0	0.0	0.0	0.28555903	0.0	0.18817681	0.0	0.12264422	0.0	0.40350652	0.22470987	0.14299457	0.113275796	0.0	0.0	0.0	0.23480092	0.0	0.0	0.15134102	0.0	0.0	0.36324954	0.15151031	0.0	0.0	0.0	0.0	0.0	0.06674003	0.3682183	0.0	0.3557867	0.20709498	0.0	0.1782857	0.0	0.0	0.0	0.0	0.0	0.3961576	0.0	0.0	0.07669807	0.54607797	0.0	0.7481062	0.0	0.0	0.0	0.19557941	0.33224526	0.0	0.0	0.0	0.0	0.0	0.0	0.47267357	0.0	0.0	0.0	0.25829253	0.025345227	0.0	0.0	0.3801968	0.43660244	0.0	0.46672082	0.0	0.0	0.17315869	0.0	0.24017906	0.0	0.0	0.0	0.0	0.0	0.0	0.0	0.16967984	0.0	0.50165886	0.061073605	0.0	0.17208998	0.0	0.0
0.0	0.30146158	0.0	0.18144323	0.0	0.0	0.27656102	0.0	0.0	0.0	0.0	0.0	0.0	0.0	0.46357623	0.0	0.54066026	0.0	0.0	0.32619002	0.0	0.0	0.0	0.15418072	0.0	0.100056	0.11704119	0.0	0.0	0.15967241	0.0	0.0	0.0	0.0	0.0	0.17796393	0.0	0.0	0.0	0.0	0.35369685	0.0	0.19342576	0.0	0.16739623	0.0	0.37727726	0.15165253	0.17430246	0.08812872	0.0	0.0	0.0	0.2433669	0.0	0.0	0.20041208	0.0	0.0	0.34589162	0.123137176	0.0	0.0	0.0	0.0	0.0	0.0356653	0.41272768	0.0	0.32814133	0.21931247	0.0	0.18253088	0.0	0.0	0.0	0.0	0.0	0.4044344	0.0	0.0	0.045002922	0.555604	0.0	0.8407609	0.0	0.0	0.0	0.2084188	0.23084523	0.0	0.0	0.0	0.0	0.0	0.0	0.48866978	0.0	0.0	0.0	0.18446906	0.027959079	0.0	0.0	0.3685861	0.46094963	0.0	0.45269895	0.0	0.0	0.21479715	0.0	0.2651542	0.0	0.0	0.0	0.0	0.0	0.0	0.0	0.19599943	0.0	0.484624	0.084600866	0.0	0.1695288	0.0	0.0
0.0	0.30240306	0.0	0.19950789	0.0	0.0	0.30647996	0.0	0.0	0.0	0.0	0.0	0.0	0.0	0.52745676	0.0	0.5879126	0.0	0.0	0.32394788	0.0	0.0	0.0	0.21850275	0.0	0.0607525	0.16669504	0.0	0.0	0.16582304	0.0	0.0	0.0	0.0	0.0	0.1573975	0.006825184	0.0	0.0	0.0	0.28255355	0.0	0.2107079	0.0	0.12660576	0.0	0.39426127	0.23636536	0.1615314	0.10008645	0.0	0.0	0.0	0.20525311	0.0	0.0	0.14156197	0.0	0.0	0.36396018	0.14895253	0.0	0.0	0.0	0.0	0.0	0.078845784	0.3909297	0.0	0.3598498	0.17019536	0.0	0.1747629	0.0	0.0	0.0	0.0	0.0	0.4046429	0.0	0.0	0.067329116	0.533698	0.0	0.79817456	0.0	0.0	0.0	0.19133224	0.27707115	0.0	0.0	0.0	0.0	0.007572923	0.0	0.52109367	0.0	0.0	0.0	0.23042308	0.053952392	0.0	0.0	0.35576785	0.47467718	0.0	0.47641778	0.0	0.0	0.17774813	0.0	0.23577802	0.0	0.0	0.0	0.0	0.0	0.0	0.0	0.15296406	0.0	0.51549834	0.09847441	0.0	0.16685557	0.0	0.0
0.0	0.3046375	0.0	0.1975528	0.0	0.0	0.30474228	0.0	0.0	0.0	0.0	0.0	0.0	0.0	0.49605203	0.0	0.59241164	0.0	0.0	0.3166367	0.0	0.0	0.0	0.19604667	0.0	0.063270025	0.14400394	0.0	0.0	0.160082	0.0	0.0	0.0	0.0	0.0	0.14094004	0.006126558	0.0	0.0	0.0	0.27537414	0.0	0.20067753	0.0	0.14993104	0.0	0.3953905	0.24278902	0.1528241	0.112279855	0.0	0.0	0.0	0.17771186	0.0	0.0	0.15153402	0.0	0.0	0.33692417	0.15796995	0.0	0.0	0.0	0.0	0.0	0.082447834	0.36764467	0.0	0.3387945	0.1434069	0.0	0.17230628	0.0	0.0	0.0	0.0	0.0	0.37359318	0.0	0.0	0.043627348	0.5253244	0.0	0.77061486	0.0	0.0	0.0	0.19221754	0.25418872	0.0	0.0	0.0	0.0	0.018065644	0.0	0.49904934	0.0	0.0	0.0	0.2151096	0.049612507	0.0	0.0	0.3507792	0.4460279	0.0	0.49876186	0.0	0.0	0.187997	0.0	0.2325718	0.0	0.0	0.0	0.0	0.0	0.0	0.0	0.122946374	0.0	0.52507186	0.10080067	0.0	0.1644705	0.0	0.0
0.0	0.30176908	0.0	0.21770144	0.0	0.0	0.27893913	0.0	0.0	0.0	0.0	0.0	0.0	0.0	0.5287529	0.0	0.58466405	0.0	0.0	0.31958577	0.0	0.0	0.0	0.22371013	0.0	0.02616415	0.18053372	0.0	0.0	0.1800826	0.0	0.0	0.0	0.0	0.0	0.17923588	0.0	0.0	0.0	0.0	0.2952606	0.0	0.2263298	0.0	0.119426064	0.0	0.41853878	0.1821372	0.16052131	0.070726305	0.0	0.0	0.0	0.2713883	0.0	0.0	0.13283798	0.0	0.0	0.3657482	0.12746944	0.0	0.0	0.0	0.0	0.0	0.05914407	0.39219627	0.0	0.3814874	0.22442573	0.0	0.16950928	0.0	0.0	0.0	0.0	0.0	0.44823274	0.0	0.0	0.085326314	0.5706792	0.0	0.8377964	0.0	0.0	0.0	0.22103119	0.30493036	0.0	0.0	0.0	0.0	0.0	0.0	0.5467027	0.0	0.0	0.0	0.22446823	0.02066491	0.0	0.0	0.37630537	0.4856973	0.0	0.4811081	0.0	0.0	0.16879487	0.0	0.25513062	0.0	0.0	0.0	0.0	0.0	0.0	0.0	0.18093975	0.0	0.5331766	0.061097395	0.0	0.18137562	0.0	0.0
0.0	0.32210055	0.0	0.21602124	0.0	0.0	0.27815363	0.0	0.0	0.0	0.0	0.0	0.0	0.0	0.5285493	0.0	0.58452266	0.0	0.0	0.36521593	0.0	0.0	0.0	0.20114958	0.0	0.084124945	0.16474195	0.0	0.0	0.17831571	0.0	0.0	0.0	0.0	0.0	0.18742786	0.005252225	0.0	0.0	0.0	0.3337784	0.0	0.23476179	0.0	0.12617855	0.0	0.3887628	0.18077117	0.18194413	0.065026335	0.0	0.0	0.0	0.24299388	0.0	0.0	0.15592226	0.0	0.0	0.3814887	0.13565336	0.0	0.0	0.0	0.0	0.0	0.05803485	0.42068985	0.0	0.36457673	0.2064925	0.0	0.18000247	0.0	0.0	0.0	0.0	0.0	0.4416484	0.0	0.0	0.07122622	0.5657062	0.0	0.90546066	0.0065395846	0.0	0.0	0.1967233	0.2723035	0.0	0.0	0.0	0.0	0.0	0.0	0.5712685	0.0	0.0	0.0	0.20408076	0.05537486	0.0	0.0	0.36549285	0.5031728	0.0	0.4729178	0.0	0.0	0.19567282	0.0	0.25668022	0.0	0.0	0.0	0.0	0.0	0.0	0.0	0.18633336	0.0	0.51496106	0.08737501	0.0	0.1718558	0.0	0.0
0.0	0.30824107	0.0	0.17263828	0.0	0.0	0.2825674	0.0	0.0	0.0	0.0	0.0	0.0	0.0	0.46301904	0.0	0.5462645	0.0	0.0	0.3171166	0.0	0.0	0.0	0.16500838	0.0	0.08157199	0.11707253	0.0	0.0	0.1445275	0.0	0.0	0.0	0.0	0.0	0.16948938	0.0	0.0	0.0	0.0	0.32953414	0.0	0.18314838	0.0	0.15622212	0.0	0.37961972	0.18201078	0.15996753	0.10427249	0.0	0.0	0.0	0.255307	0.0	0.0	0.18947111	0.0	0.0	0.35362086	0.12338227	0.0	0.0	0.0	0.0	0.0	0.043464616	0.39819834	0.0	0.33063143	0.21584316	0.0	0.18909706	0.0	0.0	0.0	0.0	0.0	0.41569075	0.0	0.0	0.050435435	0.55025285	0.0	0.8132486	0.0	0.0	0.0	0.21447946	0.24172027	0.0	0.0	0.0	0.0	0.0	0.0	0.48424682	0.0	0.0	0.0	0.20094271	0.042818878	0.0	0.0	0.36179414	0.45956007	0.0	0.4427344	0.0	0.0	0.1947096	0.0	0.24647589	0.0	0.0	0.0	0.0	0.0	0.0	0.0	0.18982582	0.0	0.48174432	0.084422916	0.0	0.14851068	0.0	0.0
0.0	0.28197828	0.0	0.19313352	0.0	0.0	0.29362896	0.0	0.0	0.0	0.0	0.0	0.0	0.0	0.5418501	0.0	0.57485265	0.0	0.0	0.29476702	0.0	0.0	0.0	0.22343959	0.0	0.0967314	0.184105	0.0	0.0	0.15074645	0.0	0.0	0.0	0.0	0.0	0.1597568	0.0	0.0	0.0	0.0	0.3211458	0.0	0.20882839	0.0	0.107621886	0.0	0.40587965	0.2047352	0.1515426	0.08088421	0.0	0.0	0.0	0.25931993	0.0	0.0	0.13742451	0.0	0.0	0.3727027	0.13029905	0.0	0.0	0.0	0.0	0.0	0.05932303	0.39829078	0.0	0.36409497	0.21517456	0.0	0.20058675	0.0	0.0	0.0	0.0	0.0	0.43616024	0.0	0.0	0.101154625	0.5634032	0.0	0.79080933	0.0	0.0	0.0	0.18652004	0.33099058	0.0	0.0	0.0	0.0	0.0	0.0	0.4974657	0.0	0.0	0.0	0.24514194	0.017647522	0.0	0.0	0.39607707	0.45574299	0.0	0.45416582	0.0	0.0	0.17178954	0.0	0.23274422	0.0	0.0	0.0	0.0	0.0	0.0	0.0	0.18865716	0.0	0.49756077	0.06319163	0.0	0.1776449	0.0	0.0
0.0	0.2935751	0.0	0.19292133	0.0	0.0	0.3093588	0.0	0.0	0.0	0.0	0.0	0.0	0.0	0.53538454	0.0	0.58345896	0.0	0.0	0.30549034	0.0	0.0	0.0	0.2116886	0.0	0.0972484	0.14610668	0.0	0.0	0.13813685	0.0	0.0	0.0	0.0	0.0	0.14769673	0.0	0.0	0.0	0.0	0.30370453	0.0	0.19875602	0.0	0.14082563	0.0	0.39251408	0.23166645	0.15106665	0.10687225	0.0	0.0	0.0	0.21195816	0.0	0.0	0.15478732	0.0	0.0	0.34154308	0.13748027	0.0	0.0	0.0	0.0	0.0	0.06033485	0.36688057	0.0	0.34012532	0.17104407	0.0	0.1786893	0.0	0.0	0.0	0.0	0.0	0.37551853	0.0	0.0	0.05206333	0.5374054	0.0	0.7857819	0.009395615	0.0	0.0	0.1833437	0.28816754	0.0	0.0	0.0	0.0	0.0	0.0	0.48392317	0.0	0.0	0.0	0.24630503	0.038137823	0.0	0.0	0.36282173	0.44927847	0.0	0.4784021	0.0	0.0	0.17903398	0.0	0.2194496	0.0	0.0	0.0	0.0	0.0	0.0	0.0	0.14473674	0.0	0.4929687	0.06704862	0.0	0.16777225	0.0	0.0
0.0	0.28521895	0.0	0.15654068	0.0	0.0	0.27463993	0.0	0.0	0.0	0.0	0.0	0.0	0.0	0.44666466	0.0	0.5263917	0.0	0.0	0.2895079	0.0	0.0	0.0	0.16481453	0.0	0.0643891	0.11948303	0.0	0.0	0.13808917	0.0	0.0	0.0	0.0	0.0	0.1760164	0.0	0.0	0.0	0.0	0.31606996	0.0	0.172072	0.0	0.16577825	0.0	0.3917276	0.17078336	0.13853604	0.10997949	0.0	0.0	0.0	0.257704	0.0	0.0	0.19560309	0.0	0.0	0.34645	0.11841919	0.0	0.0	0.0	0.0	0.0	0.02797045	0.3844986	0.0	0.3241731	0.23666196	0.0	0.19074164	0.0	0.0	0.0	0.0	0.0	0.41997838	0.0	0.0	0.06690327	0.5479741	0.0	0.764798	0.0	0.0	0.0	0.21562767	0.27535802	0.0	0.0	0.0	0.0	0.0	0.0	0.4506676	0.0	0.0	0.0	0.21141464	0.02035368	0.0	0.0	0.37926874	0.43267158	0.0	0.43932876	0.0	0.0	0.20649968	0.0	0.25637648	0.0	0.0	0.0	0.0	0.0	0.0	0.0	0.2103637	0.0	0.4809009	0.054718006	0.0	0.16216116	0.0	0.0
0.0	0.29323676	0.0	0.18787348	0.0	0.0	0.29556683	0.0	0.0	0.0	0.0	0.0	0.0	0.0	0.53355783	0.0	0.57166237	0.0	0.0	0.31650615	0.0	0.0	0.0	0.20828588	0.0	0.094512105	0.16005294	0.0	0.0	0.15811372	0.0	0.0	0.0	0.0	0.0	0.17005642	0.0	0.0	0.0	0.0	0.31564847	0.0	0.21631789	0.0	0.10760481	0.0	0.3947104	0.19327359	0.15045786	0.09184924	0.0	0.0	0.0	0.24631621	0.0	0.0	0.14419675	0.0	0.0	0.355284	0.1231241	0.0	0.0	0.0	0.0	0.0	0.04146258	0.4035885	0.0	0.35443306	0.21178286	0.0	0.20025031	0.0	0.0	0.0	0.0	0.0	0.43410853	0.0	0.0	0.072903894	0.55665463	0.0	0.81442636	0.0	0.0	0.0	0.18066625	0.31564143	0.0	0.0	0.0	0.0	0.0	0.0	0.5015981	0.0	0.0	0.0	0.24543591	0.035203744	0.0	0.0	0.3830221	0.46766147	0.0	0.4568117	0.0	0.0	0.17754644	0.0	0.22804503	0.0	0.0	0.0	0.0	0.0	0.0	0.0	0.17988622	0.0	0.49135852	0.074955046	0.0	0.16851902	0.0	0.0
0.0	0.2744682	0.0	0.18054576	0.0	0.0	0.30990335	0.0	0.0	0.0	0.0	0.0	0.0	0.0	0.47353998	0.0	0.56280434	0.0	0.0	0.26225495	0.0	0.0	0.0	0.210921	0.0	0.07680487	0.15782335	0.0	0.0	0.12841131	0.0	0.0	0.0	0.0	0.0	0.14104038	0.0	0.0	0.0	0.0	0.244855	0.0	0.16203934	0.0	0.16243854	0.0	0.40517727	0.2503722	0.12246346	0.13994057	0.0	0.0	0.0	0.21296082	0.0	0.0	0.16411172	0.0	0.0	0.34311533	0.16418524	0.0	0.0	0.0	0.0	0.0	0.096935876	0.33006564	0.0	0.33296493	0.19029291	0.0035188396	0.16612266	0.0	0.0	0.0	0.0	0.0	0.3559389	0.0	0.0	0.074794225	0.52103114	0.0	0.65232253	0.0	0.0	0.0	0.20265312	0.31220517	0.0	0.0	0.0	0.0	0.0	0.0	0.41247264	0.0	0.0	0.0	0.2539095	0.0063459463	0.0	0.0	0.36001363	0.389099	0.0	0.464013	0.0	0.0	0.18903655	0.0	0.23968582	0.0	0.0	0.0	0.0	0.0	0.0	0.0	0.14523731	0.0	0.5042437	0.053094734	0.0	0.16831593	0.0	0.0
0.0	0.29299366	0.0	0.18832143	0.0	0.0	0.2964168	0.0	0.0	0.0	0.0	0.0	0.0	0.0	0.5117951	0.0	0.5655169	0.0	0.0	0.30727294	0.0	0.0	0.0	0.21339218	0.0	0.10717849	0.16241218	0.0	0.0	0.13794939	0.0	0.0	0.0	0.0	0.0	0.15274255	0.0	0.0	0.0	0.0	0.30683976	0.0	0.19689232	0.0	0.12964723	0.0	0.3770542	0.22305669	0.15354705	0.1265131	0.0	0.0	0.0	0.23678891	0.0	0.0	0.16689505	0.0	0.0	0.3567108	0.13611826	0.0	0.0	0.0	0.0	0.0	0.059322786	0.38267016	0.0	0.3471348	0.19846946	0.0	0.20206153	0.0	0.0	0.0	0.0	0.0	0.40654337	0.0	0.0	0.06136733	0.553612	0.0	0.7509885	0.0	0.0	0.0	0.17409796	0.29315174	0.0	0.0	0.0	0.0	0.0	0.0	0.46113792	0.0	0.0	0.0	0.24844359	0.041334778	0.0	0.0	0.37964737	0.43348518	0.0	0.4342835	0.0	0.0	0.1781732	0.0	0.21863492	0.0	0.0	0.0	0.0	0.0	0.0	0.0	0.18059663	0.0	0.48992667	0.08582541	0.0	0.16281238	0.0	0.0
0.0	0.29213598	0.0	0.18372901	0.0	0.0	0.2787666	0.0	0.0	0.0	0.0	0.0	0.0	0.0	0.4927782	0.0	0.56648344	0.0	0.0	0.30026132	0.0	0.0	0.0	0.20264404	0.0	0.06638546	0.1644602	0.0	0.0	0.16224307	0.0	0.0	0.0	0.0	0.0	0.17600894	0.0	0.0	0.0	0.0	0.28971323	0.0	0.18375783	0.0	0.12596945	0.0	0.40718946	0.18354972	0.15151827	0.0784952	0.0	0.0	0.0	0.27395234	0.0	0.0	0.14919797	0.0	0.0	0.3503206	0.12263358	0.0	0.0	0.0	0.0	0.0	0.050586116	0.3773397	0.0	0.34391055	0.24344678	0.0	0.1915067	0.0	0.0	0.0	0.0	0.0	0.43020117	0.0	0.0	0.084972896	0.55210656	0.0	0.7902146	0.0	0.0	0.0	0.22468273	0.3152332	0.0	0.0	0.0	0.0	0.0	0.0	0.4942964	0.0	0.0	0.0	0.22434364	0.017976176	0.0	0.0	0.37810174	0.46247125	0.0	0.45111814	0.0	0.0	0.17476593	0.0	0.24642889	0.0	0.0	0.0	0.0	0.0	0.0	0.0	0.20177646	0.0	0.5031895	0.05478288	0.0	0.16542478	0.0	0.0
0.0	0.2841222	0.0	0.15986198	0.0	0.0	0.27349782	0.0	0.0	0.0	0.0	0.0	0.0	0.0	0.46872547	0.0	0.5185388	0.0	0.0	0.2951225	0.0	0.0	0.0	0.16194259	0.0	0.059306424	0.12782021	0.0	0.0	0.14126313	0.0	0.0	0.0	0.0	0.0	0.17122345	0.0	0.0	0.0	0.0	0.3351451	0.0	0.1839484	0.0	0.13836163	0.0	0.39121762	0.15078294	0.14781694	0.10037	0.0	0.0	0.0	0.25810575	0.0	0.0	0.19154374	0.0	0.0	0.35628203	0.11449962	0.0	0.0	0.0	0.0	0.0	0.021669386	0.40448192	0.0	0.3344129	0.23330712	0.0	0.2122268	0.0	0.0	0.0	0.0	0.0	0.43164122	0.0	0.0	0.08121214	0.5509362	0.0	0.7956938	0.0	0.0	0.0	0.21531321	0.2878645	0.0	0.0	0.0	0.0	0.0	0.0	0.45372233	0.0	0.0	0.0	0.20734768	0.017158521	0.0	0.0	0.3928037	0.4460442	0.0	0.43121305	0.0	0.0	0.20156817	0.0	0.2514094	0.0	0.0	0.0	0.0	0.0	0.0	0.0	0.2061088	0.0	0.45996407	0.063594125	0.0	0.16067086	0.0	0.0
0.0	0.28893518	0.0	0.14039896	0.0	0.0	0.2504395	0.0	0.0	0.0	0.0	0.0	0.0	0.0	0.4162096	0.0	0.5062463	0.0	0.0	0.28581402	0.0	0.0	0.0	0.12935084	0.0	0.058621828	0.10387287	0.0	0.0	0.13046794	0.0	0.0	0.0	0.0	0.0	0.18179108	0.0	0.0	0.0	0.0	0.33677992	0.0	0.15830742	0.0	0.1886195	0.0	0.38975504	0.13447036	0.15513791	0.11127746	0.0	0.0	0.0	0.25923035	0.0	0.0	0.22719477	0.0	0.0	0.32541817	0.10712888	0.0	0.0	0.0	0.0	0.0	0.027379276	0.3900287	0.0	0.3066276	0.24956053	0.0	0.1972428	0.0	0.0	0.0	0.0	0.0	0.4104843	0.0	0.0	0.058647227	0.54116607	0.0	0.7815694	0.0	0.0	0.0	0.23033158	0.25630274	0.0	0.0	0.0	0.0	0.0	0.0	0.4284149	0.0	0.0	0.0	0.18658607	0.0035884008	0.0	0.0	0.37445036	0.42025825	0.0	0.4423312	0.0	0.0	0.21087883	0.0	0.26087597	0.0	0.0	0.0	0.0	0.0	0.0	0.0	0.20769739	0.0	0.4529163	0.051104546	0.0	0.16201113	0.0	0.0
0.0	0.26875713	0.0	0.17870046	0.0	0.0	0.29320338	0.0	0.0	0.0	0.0	0.0	0.0	0.0	0.39024076	0.0	0.5387015	0.0	0.0	0.24713707	0.0	0.0	0.0	0.20211999	0.0	0.11206016	0.14206375	0.0	0.0	0.11931852	0.0	0.0	0.0	0.0	0.0	0.13754474	0.0	0.0	0.0	0.0	0.24248241	0.0	0.12188715	0.0	0.21402228	0.0	0.36771664	0.2561934	0.12358842	0.16038291	0.0	0.0	0.0	0.2128588	0.0	0.0	0.23905058	0.0	0.0	0.32714006	0.19294207	0.0	0.0	0.0	0.0	0.0046618753	0.09082105	0.28687897	0.0	0.28991646	0.21716593	0.006819962	0.18845318	0.0	0.0	0.0	0.0	0.0	0.3106694	0.0	0.0	0.06717842	0.49308214	0.0	0.549054	0.0	0.0	0.0	0.18581854	0.2917774	0.0	0.0	0.0	0.0	0.0	0.0	0.33155426	0.0	0.0	0.0	0.26490605	0.022270793	0.0	0.0	0.3442537	0.31847742	0.0	0.39719364	0.0	0.0	0.19262034	0.0	0.22122175	0.0	0.0	0.0	0.0	0.0	0.0	0.0	0.17360874	0.0	0.5095496	0.055094182	0.0	0.15873237	0.0	0.0
0.0	0.2698138	0.0	0.14882672	0.0	0.0	0.27335984	0.0	0.0	0.0	0.0	0.0	0.0	0.0	0.36090335	0.0	0.52480626	0.0	0.0	0.24841326	0.0	0.0	0.0	0.17613661	0.0	0.0953019	0.12729432	0.0	0.0	0.11538228	0.0	0.0	0.0	0.0	0.0	0.1544109	0.0	0.0	0.0	0.0	0.2242402	0.0	0.11593682	0.0	0.2226292	0.0	0.3805091	0.22311787	0.13448805	0.16282827	0.0	0.0	0.0	0.23977196	0.0	0.0	0.2438458	0.0	0.0	0.31738505	0.17279772	0.0	0.0	0.0	0.0	0.0	0.07748094	0.29777095	0.0	0.27881506	0.25483847	0.0	0.20590736	0.0	0.0	0.0	0.0	0.0	0.3187994	0.0	0.0	0.045116644	0.50565773	0.0	0.5719302	0.0	0.0	0.0	0.20191197	0.2816156	0.0	0.0	0.0	0.0	0.0	0.0	0.33599976	0.0	0.0	0.0	0.25373033	0.0	0.0	0.0	0.36968815	0.3398999	0.0	0.38970947	0.0	0.0	0.18695213	0.0	0.22807781	0.0	0.0	0.0	0.0	0.0	0.0	0.0	0.21737604	0.0	0.49921098	0.05540572	0.0	0.16514577	0.0	0.0
0.0	0.28140363	0.0	0.17740534	0.0	0.0	0.28766468	0.0	0.0	0.0	0.0	0.0	0.0	0.0	0.35432732	0.0	0.5368405	0.0	0.0	0.25643095	0.0	0.0	0.0	0.19844095	0.0	0.10160628	0.117339015	0.0	0.0	0.1234923	0.0	0.0	0.0	0.0	0.0	0.12861796	0.0	0.0	0.0	0.0	0.24075405	0.0	0.11377392	0.0	0.25610974	0.0	0.36527506	0.24446362	0.1268632	0.17416076	0.0	0.0	0.0	0.21359265	0.0	0.0	0.2563823	0.0	0.0	0.31280032	0.2052619	0.0	0.0	0.0	0.0	0.0	0.09074375	0.2754232	0.0	0.27636358	0.23576184	0.0	0.18920636	0.0	0.0	0.0	0.0	0.0	0.3002859	0.0	0.0	0.04292242	0.5034788	0.0	0.5273784	0.0	0.0	0.0	0.1837924	0.2710422	0.0	0.0	0.0	0.0	0.0	0.0	0.3277746	0.0	0.0	0.0	0.26006794	0.025245076	0.0	0.0	0.3493133	0.3094905	0.0	0.38361296	0.0	0.0	0.19007988	0.0	0.220885	0.0	0.0	0.0	0.0	0.0	0.0	0.0	0.17952962	0.0	0.5222693	0.049756076	0.0	0.16989769	0.0	0.0
0.0	0.2723925	0.0	0.180914	0.0	0.0	0.30181053	0.0	0.0	0.0	0.0	0.0	0.0	0.0	0.38610235	0.0	0.547864	0.0	0.0	0.24790096	0.0	0.0	0.0	0.21681206	0.0	0.10836708	0.13915889	0.0	0.0	0.12148967	0.0	0.0	0.0	0.0	0.0	0.13963722	0.0	0.0	0.0	0.0	0.23199975	0.0	0.11919079	0.0	0.23123412	0.0	0.3750507	0.26930174	0.12053109	0.16793875	0.0	0.0	0.0	0.21232855	0.0	0.0	0.23481058	0.0	0.0	0.3311882	0.20774011	0.0	0.0	0.0	0.0	0.0	0.101891376	0.278092	0.0	0.2919325	0.22386725	0.007503034	0.17768033	0.0	0.0	0.0	0.0	0.0	0.29710153	0.0	0.0	0.05828457	0.49704275	0.0	0.5366491	0.0	0.0	0.0	0.1903706	0.29510894	0.0	0.0	0.0	0.0	0.0	0.0	0.33682802	0.0	0.0	0.0	0.26802906	0.021981357	0.0	0.0	0.3386427	0.3201109	0.0	0.40003237	0.0	0.0	0.19459213	0.0	0.23482363	0.0	0.0	0.0	0.0	0.0	0.0	0.0	0.1776408	0.0	0.53014857	0.056173887	0.0	0.17494296	0.0	0.0
0.0	0.2841241	0.0	0.17846924	0.0	0.0	0.29933122	0.0	0.0	0.0	0.0	0.0	0.0	0.0	0.36007118	0.0	0.5435583	0.0	0.0	0.24182566	0.0	0.0	0.0	0.2026021	0.0	0.106277384	0.12447691	0.0	0.0	0.12548918	0.0	0.0	0.0	0.0	0.0	0.12277516	0.0	0.0	0.0	0.0	0.24467455	0.0	0.11337917	0.0	0.2492822	0.0	0.36759615	0.25851694	0.11643214	0.17611057	0.0	0.0	0.0	0.19324769	0.0	0.0	0.253539	0.0	0.0	0.31580055	0.21507804	0.0	0.0	0.0	0.0	0.0053301435	0.095128946	0.2697735	0.0	0.2797329	0.226108	0.004750868	0.18240191	0.0	0.0	0.0	0.0	0.0	0.2945136	0.0	0.0	0.05226977	0.5005643	0.0	0.51759917	0.0	0.0	0.0	0.17663278	0.27606896	0.0	0.0	0.0	0.0	0.0	0.0	0.31303158	0.0	0.0	0.0	0.27091962	0.038826946	0.0	0.0	0.34757924	0.3069876	0.0	0.38996986	0.0	0.0	0.18250613	0.0	0.22578137	0.0	0.0	0.0	0.0	0.0	0.0	0.0	0.16644423	0.0	0.5277218	0.05020264	0.0	0.16878438	0.0	0.0
0.0	0.27434087	0.0	0.16908665	0.0	0.0	0.2765725	0.0	0.0	0.0	0.0	0.0	0.0	0.0	0.34111392	0.0	0.5185383	0.0	0.0	0.24503528	0.0	0.0	0.0	0.18459707	0.0	0.09170603	0.11162897	0.0	0.0	0.11638209	0.0	0.0	0.0	0.0	0.0	0.12611084	0.0	0.0	0.0	0.0	0.23196274	0.0	0.10884992	0.0	0.25360107	0.0	0.3593491	0.2290669	0.11674569	0.17250593	0.0	0.0	0.0	0.2244602	0.0	0.0	0.2598087	0.0	0.0	0.30650792	0.1918327	0.0	0.0	0.0	0.0	0.0	0.085136265	0.2748697	0.0	0.26541224	0.2382166	0.0	0.18593216	0.0	0.0	0.0	0.0	0.0	0.3032849	0.0	0.0	0.030319728	0.49709153	0.0	0.5314186	0.0	0.0	0.0	0.1963058	0.26633072	0.0	0.0	0.0	0.0	0.0	0.0	0.31844437	0.0	0.0	0.0	0.25289264	0.016455451	0.0	0.0	0.3485463	0.30880955	0.0	0.38557562	0.0	0.0	0.19749607	0.0	0.2223865	0.0	0.0	0.0	0.0	0.0	0.0	0.0	0.18126921	0.0	0.50161326	0.04446214	0.0	0.1577981	0.0	0.0
0.0	0.27290258	0.0	0.17438161	0.0	0.0	0.30082503	0.0	0.0	0.0	0.0	0.0	0.0	0.0	0.39617053	0.0	0.5480967	0.0	0.0	0.25138378	0.0	0.0	0.0	0.21033733	0.0	0.10278646	0.14512455	0.0	0.0	0.12058864	0.0	0.0	0.0	0.0	0.0	0.14535405	0.0	0.0	0.0	0.0	0.23700358	0.0	0.12772793	0.0	0.2279011	0.0	0.381093	0.26293296	0.11997154	0.16577119	0.0	0.0	0.0	0.2108429	0.0	0.0	0.23531352	0.0	0.0	0.331216	0.1930988	0.0	0.0	0.0	0.0	0.0	0.09294054	0.2882868	0.0	0.29558733	0.2231127	0.0054786117	0.17253004	0.0	0.0	0.0	0.0	0.0	0.3104996	0.0	0.0	0.06575983	0.5025646	0.0	0.5511156	0.0	0.0	0.0	0.18324976	0.29645506	0.0	0.0	0.0	0.0	0.0	0.0	0.3388671	0.0	0.0	0.0	0.2628521	0.01651604	0.0	0.0	0.34225622	0.31776392	0.0	0.41075483	0.0	0.0	0.1924666	0.0	0.23453896	0.0	0.0	0.0	0.0	0.0	0.0	0.0	0.17683716	0.0	0.52712727	0.049905326	0.0	0.17328262	0.0	0.0
0.0	0.27390763	0.0	0.1725291	0.0	0.0	0.30715474	0.0	0.0	0.0	0.0	0.0	0.0	0.0	0.38698283	0.0	0.56072146	0.0	0.0	0.25538865	0.0	0.0	0.0	0.21737386	0.0	0.09026754	0.14455627	0.0	0.0	0.117565416	0.0	0.0	0.0	0.0	0.0	0.1460251	0.0	0.0	0.0	0.0	0.20437753	0.0	0.1174998	0.0	0.21372207	0.0	0.3898172	0.2732227	0.12557684	0.16180365	0.0	0.0	0.0	0.21347524	0.0	0.0	0.22621395	0.0	0.0	0.3296962	0.20223872	0.0	0.0	0.0	0.0	0.0	0.1164938	0.28370765	0.0	0.29009488	0.21510465	0.007964071	0.19014263	0.0	0.0	0.0	0.0	0.0	0.30584082	0.0	0.0	0.0675134	0.47282842	0.0	0.53650814	0.0	0.0	0.0	0.18905552	0.30974942	0.0	0.0	0.0	0.0	0.0	0.0	0.34850597	0.0	0.0	0.0	0.27230713	0.011015002	0.0	0.0	0.33056095	0.3359979	0.0	0.3956809	0.0	0.0	0.19205578	0.0	0.23436618	0.0	0.0	0.0	0.0	0.0	0.0	0.0	0.18397863	0.0	0.5221928	0.0684362	0.0	0.18330467	0.0	0.0
0.0	0.24777763	0.0	0.16139705	0.0	0.0	0.3186281	0.0	0.0	0.0	0.0	0.0	0.0	0.0	0.4303546	0.0	0.56924844	0.0	0.0	0.23458557	0.0	0.0	0.0	0.22255297	0.0	0.11309752	0.16203208	0.0	0.0	0.11524901	0.0	0.0	0.0	0.0	0.0	0.1597816	0.0	0.0	0.0	0.0	0.23142092	0.0	0.11819133	0.0	0.1979878	0.0	0.38552484	0.2952985	0.11943484	0.18791346	0.0	0.0	0.0	0.20988543	0.0	0.0	0.2269311	0.0	0.0	0.3552518	0.2112178	0.0	0.0	0.0	0.0	0.006032406	0.10706406	0.30300024	0.0	0.31641072	0.19688785	0.009457063	0.18444516	0.0	0.0	0.0	0.0	0.0	0.3007755	0.0	0.0	0.08230554	0.49912795	0.0	0.52703506	0.0	0.0	0.0	0.1947562	0.3117448	0.0	0.0	0.0	0.0	0.0	0.0	0.31826755	0.0	0.0	0.0	0.27797464	0.028429082	0.0	0.0	0.33232167	0.3200185	0.0	0.40868893	0.0	0.0	0.19110237	0.0	0.24402408	0.0	0.0	0.0	0.0	0.0	0.0	0.0	0.18311961	0.0	0.52088577	0.06772817	0.0	0.15760174	0.0	0.0
0.0	0.27584404	0.0	0.17904831	0.0	0.0	0.29098177	0.0	0.0	0.0	0.0	0.0	0.0	0.0	0.376532	0.0	0.54125774	0.0	0.0	0.25693068	0.0	0.0	0.0	0.2058421	0.0	0.109375924	0.12959854	0.0	0.0	0.12606424	0.0	0.0	0.0	0.0	0.0	0.13418202	0.0	0.0	0.0	0.0	0.25155145	0.0	0.12312141	0.0	0.22913349	0.0	0.36295295	0.2463563	0.13330758	0.16424762	0.0	0.0	0.0	0.21091191	0.0	0.0	0.24518307	0.0	0.0	0.32448626	0.19832622	0.0	0.0	0.0	0.0	0.0033474825	0.08551994	0.28755304	0.0	0.2853913	0.23220484	0.0023433503	0.19413404	0.0	0.0	0.0	0.0	0.0	0.31215003	0.0	0.0	0.05278718	0.50573486	0.0	0.5526258	0.0	0.0	0.0	0.17831145	0.2800236	0.0	0.0	0.0	0.0	0.0	0.0	0.3359876	0.0	0.0	0.0	0.26558352	0.028131602	0.0	0.0	0.35242137	0.32169452	0.0	0.38575232	0.0	0.0	0.1843822	0.0	0.21931736	0.0	0.0	0.0	0.0	0.0	0.0	0.0	0.18457122	0.0	0.5193681	0.058916077	0.0	0.16868746	0.0	0.0
0.0	0.2745887	0.0	0.16946565	0.0	0.0	0.28141376	0.0	0.0	0.0	0.0	0.0	0.0	0.0	0.36498618	0.0	0.5281511	0.0	0.0	0.2537515	0.0	0.0	0.0	0.19316037	0.0	0.09253904	0.11703372	0.0	0.0	0.11787761	0.0	0.0	0.0	0.0	0.0	0.13371547	0.0	0.0	0.0	0.0	0.23948573	0.0	0.11983425	0.0	0.24896558	0.0	0.37130615	0.23701334	0.12272525	0.16653918	0.0	0.0	0.0	0.2176943	0.0	0.0	0.24951036	0.0	0.0	0.31970465	0.18998516	0.0	0.0	0.0	0.0	0.0	0.07893842	0.28904453	0.0	0.28018793	0.2383269	0.0007596165	0.18415074	0.0	0.0	0.0	0.0	0.0	0.30823508	0.0	0.0	0.042215448	0.5111176	0.0	0.550796	0.0	0.0	0.0	0.18753426	0.2787519	0.0	0.0	0.0	0.0	0.0	0.0	0.3351295	0.0	0.0	0.0	0.2537698	0.0153750265	0.0	0.0	0.3567529	0.31716582	0.0	0.40213013	0.0	0.0	0.19461803	0.0	0.22773902	0.0	0.0	0.0	0.0	0.0	0.0	0.0	0.18349726	0.0	0.51209724	0.046250705	0.0	0.17200167	0.0	0.0
0.0	0.27921	0.0	0.16167985	0.0	0.0	0.27743873	0.0	0.0	0.0	0.0	0.0	0.0	0.0	0.34279934	0.0	0.51850677	0.0	0.0	0.23719144	0.0	0.0	0.0	0.1890102	0.0	0.0810276	0.13316423	0.0	0.0	0.109228194	0.0	0.0	0.0	0.0	0.0	0.13775943	0.0	0.0	0.0	0.0	0.21378803	0.0	0.12748915	0.0	0.22827214	0.0	0.37554297	0.24231227	0.10080881	0.17554696	0.0	0.0	0.0	0.23060267	0.0	0.0	0.23933367	0.0	0.0	0.29922768	0.18988614	0.0	0.0	0.0	0.0	0.0	0.08493955	0.2741455	0.0	0.27824512	0.22672616	0.0029675972	0.1814605	0.0	0.0	0.0	0.0	0.0	0.30585316	0.0	0.0	0.0355778	0.49050605	0.0	0.54337126	0.0	0.0	0.0	0.20268762	0.28553388	0.0	0.0	0.0	0.0	0.0	0.0	0.3123999	0.0	0.0	0.0	0.26008353	0.006705776	0.0	0.0	0.3477148	0.31346992	0.0	0.40050706	0.0	0.0	0.20056109	0.0	0.22570495	0.0	0.0	0.0	0.0	0.0	0.0	0.0	0.18589683	0.0	0.4970986	0.04828255	0.0	0.15969604	0.0	0.0
0.0	0.25658837	0.0	0.15330595	0.0	0.0	0.26529732	0.0	0.0	0.0	0.0	0.0	0.0	0.0	0.36027575	0.0	0.5137004	0.0	0.0	0.23589228	0.0	0.0	0.0	0.1759022	0.0	0.0841791	0.11984936	0.0	0.0	0.10925728	0.0	0.0	0.0	0.0	0.0	0.13459983	0.0	0.0	0.0	0.0	0.2093017	0.0	0.115769684	0.0	0.23277093	0.0	0.3715502	0.2308759	0.11782759	0.15917622	0.0	0.0	0.0	0.24232525	0.0	0.0	0.2351218	0.0	0.0	0.30879295	0.18307562	0.0	0.0	0.0	0.0	0.0	0.08847038	0.29116508	0.0	0.2711911	0.23181488	0.0	0.19288726	0.0	0.0	0.0	0.0	0.0	0.29785332	0.0	0.0	0.029596562	0.497221	0.0	0.55245954	0.0	0.0	0.0	0.20950894	0.283335	0.0	0.0	0.0	0.0	0.0	0.0	0.33819306	0.0	0.0	0.0	0.2470042	0.0030295365	0.0	0.0	0.3590552	0.3173073	0.0	0.3979472	0.0	0.0	0.20884883	0.0	0.2270497	0.0	0.0	0.0	0.0	0.0	0.0	0.0	0.19721563	0.0	0.4910204	0.05153751	0.0	0.17299862	0.0	0.0
0.0	0.2731385	0.0	0.17846711	0.0	0.0	0.30788383	0.0	0.0	0.0	0.0	0.0	0.0	0.0	0.3920709	0.0	0.546593	0.0	0.0	0.254734	0.0	0.0	0.0	0.2150764	0.0	0.098627985	0.14140002	0.0	0.0	0.121288665	0.0	0.0	0.0	0.0	0.0	0.13498981	0.0	0.0	0.0	0.0	0.23425768	0.0	0.1238558	0.0	0.232185	0.0	0.37879017	0.27379557	0.12059757	0.17170703	0.0	0.0	0.0	0.20674837	0.0	0.0	0.23404668	0.0	0.0	0.33161724	0.20372379	0.0	0.0	0.0	0.0	0.0	0.103865005	0.28057578	0.0	0.2899324	0.2177949	0.008292172	0.1755843	0.0	0.0	0.0	0.0	0.0	0.30139047	0.0	0.0	0.059361797	0.4968904	0.0	0.53358907	0.0	0.0	0.0	0.18155067	0.29031596	0.0	0.0	0.0	0.0	0.0	0.0	0.3297954	0.0	0.0	0.0	0.26213798	0.014781512	0.0	0.0	0.33854032	0.31050757	0.0	0.40348208	0.0	0.0	0.19534688	0.0	0.23569648	0.0	0.0	0.0	0.0	0.0	0.0	0.0	0.17087011	0.0	0.5313645	0.05583446	0.0	0.17134877	0.0	0.0
0.0	0.26547316	0.0	0.17811036	0.0	0.0	0.30657688	0.0	0.0	0.0	0.0	0.0	0.0	0.0	0.38964304	0.0	0.55246574	0.0	0.0	0.2447843	0.0	0.0	0.0	0.2185195	0.0	0.115403116	0.14688843	0.0	0.0	0.119016536	0.0	0.0	0.0	0.0	0.0	0.13328111	0.0	0.0	0.0	0.0	0.2322709	0.0	0.11814471	0.0	0.21895373	0.0	0.37178946	0.27879038	0.12605844	0.17493589	0.0	0.0	0.0	0.20766433	0.0	0.0	0.22409905	0.0	0.0	0.32818136	0.21010394	0.0	0.0	0.0	0.0	0.0	0.10547186	0.27417955	0.0	0.2916412	0.20707071	0.0062809237	0.1846212	0.0	0.0	0.0	0.0	0.0	0.29751578	0.0	0.0	0.06594542	0.48758945	0.0	0.5208426	0.0	0.0	0.0	0.18991293	0.29312697	0.0	0.0	0.0	0.0	0.0	0.0	0.3282732	0.0	0.0	0.0	0.2644633	0.023087287	0.0	0.0	0.3364122	0.31055376	0.0	0.4000187	0.0	0.0	0.1963002	0.0	0.22436719	0.0	0.0	0.0	0.0	0.0	0.0	0.0	0.16962679	0.0	0.52735966	0.058481514	0.0	0.1631547	0.0	0.0
0.0	0.26875874	0.0	0.18418443	0.0	0.0	0.31779438	0.0	0.0	0.0	0.0	0.0	0.0	0.0	0.43151772	0.0	0.5692784	0.0	0.0	0.25872323	0.0	0.0	0.0	0.23400547	0.0	0.118916966	0.1697228	0.0	0.0	0.12980808	0.0	0.0	0.0	0.0	0.0	0.14866115	0.0	0.0	0.0	0.0	0.23686938	0.0	0.13322842	0.0	0.18919392	0.0	0.3785894	0.2824679	0.13163984	0.15763949	0.0	0.0	0.0	0.20599093	0.0	0.0	0.21451546	0.0	0.0	0.3464409	0.19925998	0.0	0.0	0.0	0.0	0.0021077823	0.103814594	0.29717752	0.0	0.30931026	0.21364267	0.012596119	0.1858862	0.0	0.0	0.0	0.0	0.0	0.31953892	0.0	0.0	0.087261915	0.49307546	0.0	0.5584629	0.0	0.0	0.0	0.17571306	0.3191859	0.0	0.0	0.0	0.0	0.0	0.0	0.35039547	0.0	0.0	0.0	0.27801776	0.023174187	0.0	0.0	0.33804402	0.33398935	0.0	0.4048157	0.0	0.0	0.1909238	0.0	0.2291616	0.0	0.0	0.0	0.0	0.0	0.0	0.0	0.17843121	0.0	0.5376872	0.06910111	0.0	0.16991551	0.0	0.0
0.0	0.2802843	0.0	0.17320918	0.0	0.0	0.2846433	0.0	0.0	0.0	0.0	0.0	0.0	0.0	0.3563875	0.0	0.5316455	0.0	0.0	0.2556152	0.0	0.0	0.0	0.19144054	0.0	0.09333827	0.1142601	0.0	0.0	0.12188399	0.0	0.0	0.0	0.0	0.0	0.12945427	0.0	0.0	0.0	0.0	0.23505823	0.0	0.11559212	0.0	0.25875106	0.0	0.36354592	0.2386502	0.122395195	0.17364849	0.0	0.0	0.0	0.21846014	0.0	0.0	0.25180188	0.0	0.0	0.30903643	0.19505416	0.0	0.0	0.0	0.0	0.0	0.087213844	0.27977607	0.0	0.27254692	0.23578312	0.0017506456	0.182972	0.0	0.0	0.0	0.0	0.0	0.2994863	0.0	0.0	0.03473888	0.506399	0.0	0.53406423	0.0	0.0	0.0	0.18718791	0.27108136	0.0	0.0	0.0	0.0	0.0	0.0	0.33154857	0.0	0.0	0.0	0.25714472	0.018220643	0.0	0.0	0.35138455	0.30831	0.0	0.39176846	0.0	0.0	0.19482343	0.0	0.22407739	0.0	0.0	0.0	0.0	0.0	0.0	0.0	0.18245374	0.0	0.5192445	0.048709303	0.0	0.17288367	0.0	0.0
0.0	0.26957628	0.0	0.1728512	0.0	0.0	0.3008726	0.0	0.0	0.0	0.0	0.0	0.0	0.0	0.40328613	0.0	0.5455156	0.0	0.0	0.24932116	0.0	0.0	0.0	0.21411212	0.0	0.09524375	0.1519829	0.0	0.0	0.11769233	0.0	0.0	0.0	0.0	0.0	0.15248838	0.0	0.0	0.0	0.0	0.2365173	0.0	0.12915641	0.0	0.2105844	0.0	0.3886892	0.26154032	0.12136677	0.15859269	0.0	0.0	0.0	0.22017796	0.0	0.0	0.22499792	0.0	0.0	0.34194288	0.18809049	0.0	0.0	0.0	0.0	0.0	0.09515309	0.295733	0.0	0.30511513	0.22251344	0.007905286	0.17419295	0.0	0.0	0.0	0.0	0.0	0.3246088	0.0	0.0	0.070528395	0.5016818	0.0	0.5675721	0.0	0.0	0.0	0.19363303	0.30515593	0.0	0.0	0.0	0.0	0.0	0.0	0.34324622	0.0	0.0	0.0	0.25895667	0.003117123	0.0	0.0	0.34072396	0.33412167	0.0	0.41020072	0.0	0.0	0.18959963	0.0	0.24091725	0.0	0.0	0.0	0.0	0.0	0.0	0.0	0.17862737	0.0	0.5181213	0.057902724	0.0	0.17040575	0.0	0.0
0.0	0.24543679	0.0	0.15880741	0.0	0.0	0.3158141	0.0	0.0	0.0	0.0	0.0	0.0	0.0	0.42233363	0.0	0.5471836	0.0	0.0	0.22984274	0.0	0.0	0.0	0.23135173	0.0	0.100948416	0.13799347	0.0	0.0	0.11047932	0.0	0.0	0.0	0.0	0.0	0.15550825	0.0	0.0	0.0	0.0	0.21688677	0.0	0.10882416	0.0	0.21523245	0.0	0.38842106	0.28466102	0.11997799	0.18881351	0.0	0.0	0.0	0.2152227	0.0	0.0	0.23058493	0.0	0.0	0.3442315	0.21867378	0.0	0.0	0.0	0.0	0.0	0.09998956	0.30133876	0.0	0.30359444	0.20632403	0.0056024394	0.19297294	0.0	0.0	0.0	0.0	0.0	0.29631796	0.0	0.0	0.074353576	0.503396	0.0	0.52811474	0.0	0.0	0.0	0.20629005	0.30916324	0.0	0.0	0.0	0.0	0.0	0.0	0.32304665	0.0	0.0	0.0	0.27474988	0.015916513	0.0	0.0	0.3292738	0.31836158	0.0	0.39879858	0.0	0.0	0.19352233	0.0	0.2478592	0.0	0.0	0.0	0.0	0.0	0.0	0.0	0.18555462	0.0	0.5061204	0.064283155	0.0	0.16707228	0.0	0.0
0.0	0.26122144	0.0	0.18110494	0.0	0.0	0.3177701	0.0	0.0	0.0	0.0	0.0	0.0	0.0	0.42673934	0.0	0.5673718	0.0	0.0	0.24163306	0.0	0.0	0.0	0.23643394	0.0	0.12048707	0.169858	0.0	0.0	0.12001606	0.0	0.0	0.0	0.0	0.0	0.14766486	0.0	0.0	0.0	0.0	0.23941892	0.0	0.13255353	0.0	0.19479108	0.0	0.37971982	0.28661105	0.1287279	0.16518216	0.0	0.0	0.0	0.20941909	0.0	0.0	0.21572976	0.0	0.0	0.3482611	0.2038045	0.0	0.0	0.0	0.0	0.003307918	0.10444355	0.29104322	0.0	0.31400868	0.21013884	0.012838229	0.17765827	0.0	0.0	0.0	0.0	0.0	0.31158552	0.0	0.0	0.08175828	0.49330533	0.0	0.5502995	0.0	0.0	0.0	0.18473901	0.31265095	0.0	0.0	0.0	0.0	0.0	0.0	0.336615	0.0	0.0	0.0	0.27475873	0.027071312	0.0	0.0	0.33658135	0.3298371	0.0	0.41096154	0.0	0.0	0.18796378	0.0	0.23659068	0.0	0.0	0.0	0.0	0.0	0.0	0.0	0.1766537	0.0	0.53293735	0.06165287	0.0	0.16966826	0.0	0.0
0.0	0.27866983	0.0	0.17516436	0.0	0.0	0.2953234	0.0	0.0	0.0	0.0	0.0	0.0	0.0	0.3566239	0.0	0.541882	0.0	0.0	0.24364763	0.0	0.0	0.0	0.20219852	0.0	0.10518249	0.11622584	0.0	0.0	0.12252358	0.0	0.0	0.0	0.0	0.0	0.12344458	0.0	0.0	0.0	0.0	0.23498672	0.0	0.10731048	0.0	0.25957087	0.0	0.3674132	0.26187634	0.118631236	0.17981501	0.0	0.0	0.0	0.20017731	0.0	0.0	0.25315455	0.0	0.0	0.313471	0.21640389	0.0	0.0	0.0	0.0	0.0	0.10304636	0.26675776	0.0	0.27294225	0.2253447	0.003447519	0.18312162	0.0	0.0	0.0	0.0	0.0	0.28513	0.0	0.0	0.0427546	0.49862513	0.0	0.50850314	0.0	0.0	0.0	0.18554275	0.27186546	0.0	0.0	0.0	0.0	0.0	0.0	0.3184285	0.0	0.0	0.0	0.2682573	0.034695517	0.0	0.0	0.3451241	0.30202112	0.0	0.38879824	0.0	0.0	0.18791546	0.0	0.22709143	0.0	0.0	0.0	0.0	0.0	0.0	0.0	0.16891484	0.0	0.52932626	0.051248703	0.0	0.17126524	0.0	0.0
0.0	0.24375178	0.0	0.15715766	0.0	0.0	0.31758922	0.0	0.0	0.0	0.0	0.0	0.0	0.0	0.43020582	0.0	0.54747844	0.0	0.0	0.22737528	0.0	0.0	0.0	0.2284276	0.0	0.10888999	0.12488762	0.0	0.0	0.113211475	0.0	0.0	0.0	0.0	0.0	0.15823756	0.0	0.0	0.0	0.0	0.2236769	0.0	0.10921077	0.0	0.22929953	0.0	0.37808704	0.27879325	0.11615657	0.20127308	0.0	0.0	0.0	0.22089134	0.0	0.0	0.24016966	0.0	0.0	0.33840582	0.21227133	0.0	0.0	0.0	0.0	0.0	0.07412083	0.31270322	0.0	0.30205768	0.2010628	0.010809147	0.19823198	0.0	0.0	0.0	0.0	0.0	0.29747602	0.0	0.0	0.071757846	0.51909417	0.0	0.5314298	0.0	0.0	0.0	0.19915907	0.29403	0.0	0.0	0.0	0.0	0.0	0.0	0.31700134	0.0	0.0	0.0	0.27883127	0.028711684	0.0	0.0	0.33279923	0.3043892	0.0	0.39999714	0.0	0.0	0.19430698	0.0	0.24196295	0.0	0.0	0.0	0.0	0.0	0.0	0.0	0.19504552	0.0	0.51302767	0.062385622	0.0	0.15946585	0.0	0.0
0.0	0.27240318	0.0	0.18336712	0.0	0.0	0.3144751	0.0	0.0	0.0	0.0	0.0	0.0	0.0	0.3964548	0.0	0.5614709	0.0	0.0	0.24761897	0.0	0.0	0.0	0.2300462	0.0	0.11081516	0.1507016	0.0	0.0	0.12205124	0.0	0.0	0.0	0.0	0.0	0.14047173	0.0	0.0	0.0	0.0	0.23572655	0.0	0.12281638	0.0	0.22080821	0.0	0.38059738	0.28687355	0.12544627	0.17249592	0.0	0.0	0.0	0.20148052	0.0	0.0	0.22841364	0.0	0.0	0.33340058	0.21079792	0.0	0.0	0.0	0.0	0.0016244525	0.104341246	0.27724466	0.0	0.2952504	0.21651691	0.011687427	0.17641987	0.0	0.0	0.0	0.0	0.0	0.3017677	0.0	0.0	0.069784485	0.48992452	0.0	0.533018	0.0	0.0	0.0	0.18186367	0.30155325	0.0	0.0	0.0	0.0	0.0	0.0	0.32878372	0.0	0.0	0.0	0.27540597	0.030172111	0.0	0.0	0.33235887	0.3170378	0.0	0.40228447	0.0	0.0	0.18617512	0.0	0.23512436	0.0	0.0	0.0	0.0	0.0	0.0	0.0	0.16879809	0.0	0.5393161	0.06153297	0.0	0.16838574	0.0	0.0
0.0	0.27838883	0.0	0.17436378	0.0	0.0	0.28978887	0.0	0.0	0.0	0.0	0.0	0.0	0.0	0.35442796	0.0	0.5357816	0.0	0.0	0.24732326	0.0	0.0	0.0	0.19763373	0.0	0.1016018	0.11813698	0.0	0.0	0.121112496	0.0	0.0	0.0	0.0	0.0	0.12504311	0.0	0.0	0.0	0.0	0.23569088	0.0	0.1109772	0.0	0.24736476	0.0	0.3658452	0.25165284	0.123618126	0.17254354	0.0	0.0	0.0	0.20829903	0.0	0.0	0.24708539	0.0	0.0	0.3063772	0.20273514	0.0	0.0	0.0	0.0	0.0	0.09155495	0.2739556	0.0	0.2688934	0.23095493	0.0028134596	0.18961401	0.0	0.0	0.0	0.0	0.0	0.29519206	0.0	0.0	0.042917605	0.49345627	0.0	0.5238861	0.0	0.0	0.0	0.18569417	0.2743325	0.0	0.0	0.0	0.0	0.0	0.0	0.32014084	0.0	0.0	0.0	0.2616749	0.024614638	0.0	0.0	0.348714	0.30311283	0.0	0.386824	0.0	0.0	0.19175088	0.0	0.22254102	0.0	0.0	0.0	0.0	0.0	0.0	0.0	0.17681234	0.0	0.51990825	0.053282708	0.0	0.168871	0.0	0.0
0.0	0.26154208	0.0	0.174326	0.0	0.0	0.29950914	0.0	0.0	0.0	0.0	0.0	0.0	0.0	0.39464402	0.0	0.54790086	0.0	0.0	0.2371021	0.0	0.0	0.0	0.21636581	0.0	0.11766716	0.14329714	0.0	0.0	0.11573213	0.0	0.0	0.0	0.0	0.0	0.15134718	0.0	0.0	0.0	0.0	0.23333842	0.0	0.10652862	0.0	0.23971574	0.0	0.3793187	0.28343603	0.12487466	0.18342638	0.0	0.0	0.0	0.21939234	0.0	0.0	0.2529855	0.0	0.0	0.3349551	0.2198808	0.0	0.0	0.0	0.0	0.0	0.10778076	0.27983984	0.0	0.29702508	0.21551049	0.0072754733	0.1762975	0.0	0.0	0.0	0.0	0.0	0.2818928	0.0	0.0	0.061677556	0.5059597	0.0	0.51811856	0.0	0.0	0.0	0.1989414	0.28894794	0.0	0.0	0.0	0.0	0.0	0.0	0.31643963	0.0	0.0	0.0	0.27617204	0.030161843	0.0	0.0	0.33073625	0.30930033	0.0	0.40253353	0.0	0.0	0.18907209	0.0	0.23803008	0.0	0.0	0.0	0.0	0.0	0.0	0.0	0.17868261	0.0	0.52660567	0.060486134	0.0	0.16506363	0.0	0.0
0.0	0.28475556	0.0	0.21000408	0.0	0.0	0.24168439	0.0	0.0	0.0	0.0	0.0	0.0	0.0	0.5433204	0.0	0.59182876	0.0	0.0	0.34758627	0.0	0.0	0.0	0.21858425	0.0	0.0138865	0.2361005	0.0	0.0	0.19080049	0.0	0.0	0.0	0.0	0.0	0.26227424	0.0	0.0	0.0	0.0	0.31692138	0.0	0.22637618	0.0	0.09434836	0.0	0.44855976	0.106047325	0.20270781	0.0056823655	0.0	0.0	0.0	0.3591278	0.0	0.0	0.2027247	0.0	0.0	0.433743	0.06154087	0.0	0.0	0.0	0.0	0.0	0.0035638558	0.4188321	0.0	0.3977808	0.34925094	0.0	0.20832585	0.0	0.0	0.0	0.0	0.0	0.5152938	0.0	0.0	0.18292527	0.55407995	0.0	0.95682293	0.0	0.0	0.0	0.25710428	0.3646377	0.0	0.0	0.0	0.0	0.0	0.0	0.6327949	0.0	0.0	0.0	0.14896955	0.0	0.009422738	0.0	0.3823824	0.5519106	0.0	0.46761048	0.0	0.0	0.1778061	0.0	0.3086767	0.0	0.0	0.0	0.0	0.0	0.0	0.0	0.28893915	0.0	0.53403974	0.016092738	0.0	0.21013747	0.0	0.0
0.0	0.254899	0.0	0.19636089	0.0	0.0	0.2667831	0.0	0.0	0.0	0.0	0.0	0.0	0.0	0.6275883	0.0	0.6227382	0.0	0.0	0.33961484	0.0	0.0	0.0	0.22636478	0.0	0.029802695	0.25684738	0.0	0.0	0.17972462	0.0	0.0	0.0	0.0	0.0	0.2479782	0.0	0.0	0.0	0.0	0.36151984	0.0	0.24581313	0.0	0.03614271	0.0	0.4651177	0.10731789	0.19767125	0.0	0.0	0.0	0.0	0.3661313	0.0	0.0	0.19339927	0.0	0.0	0.45204413	0.039218258	0.0	0.0	0.0	0.0	0.0	0.0	0.4428035	0.0	0.40370557	0.34929666	0.0	0.24347253	0.0	0.0	0.0	0.0	0.0	0.5265425	0.0	0.0	0.21417241	0.53813094	0.0	1.0078158	0.0	0.0	0.0	0.25090352	0.42399225	0.0	0.0	0.0	0.0	0.0	0.0	0.6525611	0.0	0.0	0.0	0.17096925	0.0	0.0008550696	0.0	0.4215701	0.5859541	0.0	0.48366952	0.0	0.0	0.19392817	0.0	0.3112431	0.0	0.0	0.0	0.0	0.0	0.0	0.0	0.29138443	0.0	0.5110066	0.0051241894	0.0	0.225305	0.0	0.0
0.0	0.30051342	0.0	0.2100875	0.0	0.0	0.24938275	0.0	0.0	0.0	0.0	0.0	0.0	0.0	0.54184633	0.0	0.5900031	0.0	0.0	0.3479555	0.0	0.0	0.0	0.21164922	0.0	0.01873359	0.23453353	0.0	0.0	0.19856383	0.0	0.0	0.0	0.0	0.0	0.2542882	0.0	0.0	0.0	0.0	0.32910222	0.0	0.22605912	0.0	0.098278426	0.0	0.4383955	0.10002812	0.20392425	0.0066074184	0.0	0.0	0.0	0.36399555	0.0	0.0	0.20872067	0.0	0.0	0.4223794	0.056291226	0.0	0.0	0.0	0.0	0.0	0.0	0.41554165	0.0	0.40710807	0.3568999	0.0	0.18456332	0.0	0.0	0.0	0.0	0.0	0.52920914	0.0	0.0	0.17878258	0.5514255	0.0	0.9705675	0.0	0.0	0.0	0.25510082	0.36258078	0.0	0.0	0.0	0.0	0.0	0.0	0.6243666	0.0	0.0	0.0	0.14321677	0.0	0.010836928	0.0	0.3774972	0.5503734	0.0	0.47088513	0.0	0.0	0.18933104	0.0	0.29752603	0.0	0.0	0.0	0.0	0.0	0.0	0.0	0.2809097	0.0	0.53776556	0.008257989	0.0	0.19191821	0.0	0.0
0.0	0.23922296	0.0	0.19825763	0.0	0.0	0.2608892	0.0	0.0	0.0	0.0	0.0	0.0	0.0	0.63542503	0.0	0.60689956	0.0	0.0	0.35776678	0.0	0.0	0.0	0.21367587	0.0	0.0043324903	0.24159606	0.0	0.0	0.18642205	0.0	0.0	0.0	0.0	0.0	0.23652108	0.0	0.0	0.0	0.0	0.36580524	0.0	0.2650217	0.0	0.023085862	0.0	0.45307478	0.09928187	0.20350415	0.0	0.0	0.0	0.0	0.38487688	0.0	0.0	0.18169703	0.0	0.0	0.43928555	0.032468665	0.0	0.0	0.0	0.0	0.0	0.0	0.4679643	0.0	0.3852429	0.31970784	0.0	0.30937946	0.0	0.0	0.0	0.0	0.0	0.54016757	0.0	0.0	0.21156633	0.5380801	0.0	1.013884	0.0	0.0	0.0	0.24624617	0.41170684	0.0	0.0	0.0	0.0	0.0	0.0	0.66439337	0.0	0.0	0.0	0.16498165	0.0	0.0	0.0	0.46509203	0.5722854	0.0	0.4597336	0.0	0.0	0.19995673	0.0	0.29491767	0.0	0.0	0.0	0.0	0.0	0.0	0.0	0.30590865	0.0	0.5025334	0.016006984	0.0	0.22875698	0.0	0.0
0.0	0.30550924	0.0	0.19057421	0.0	0.0	0.23651159	0.0	0.0	0.0	0.0	0.0	0.0	0.0	0.36992803	0.0	0.5143882	0.0	0.0	0.29088095	0.0	0.0	0.0	0.17776932	0.0	0.017706705	0.13499676	0.0	0.0	0.16122343	0.0	0.0	0.0	0.0	0.0	0.2445636	0.0	0.0	0.0	0.0	0.27148685	0.0	0.12730794	0.0	0.22477923	0.0	0.4089009	0.1165423	0.16999285	0.07488827	0.0	0.0	0.0	0.32474402	0.0	0.0	0.2542498	0.0	0.0	0.3434743	0.13548005	0.0	0.0	0.0	0.0	0.0	0.017879492	0.33839926	0.0	0.31866428	0.32945693	0.0	0.1359718	0.0	0.0	0.0	0.0	0.0	0.40791926	0.0	0.0	0.049819708	0.563544	0.0	0.77941674	0.0	0.0	0.0	0.30513608	0.25898677	0.0	0.0	0.0	0.0	0.0	0.0	0.47862306	0.0	0.0	0.0	0.14074187	0.0	0.0	0.0	0.329374	0.42412153	0.0	0.45278183	0.0	0.0	0.20768268	0.0	0.31857803	0.0	0.0	0.0	0.0	0.0	0.0	0.0	0.23953241	0.0	0.51844805	0.003715285	0.0	0.16618021	0.0	0.0
0.0	0.31519404	0.0	0.20417386	0.0	0.0	0.23293628	0.0	0.0	0.0	0.0	0.0	0.0	0.0	0.49145415	0.0	0.57252336	0.0	0.0	0.34348926	0.0	0.0	0.0	0.20522237	0.0	0.018117936	0.21171887	0.0	0.0	0.20093326	0.0	0.0	0.0	0.0	0.0	0.25105977	0.0	0.0	0.0	0.0	0.30817637	0.0	0.2138986	0.0	0.11668388	0.0	0.42398345	0.092546165	0.1949997	0.017464394	0.0	0.0	0.0	0.3497294	0.0	0.0	0.20392549	0.0	0.0	0.39479256	0.06364799	0.0	0.0	0.0	0.0	0.0	0.0	0.398681	0.0	0.39336875	0.35416976	0.0	0.16921175	0.0	0.0	0.0	0.0	0.0	0.5176247	0.0	0.0	0.15159516	0.55619055	0.0	0.9380681	0.0	0.0	0.0	0.26737377	0.33492067	0.0	0.0	0.0	0.0	0.0	0.0	0.60544205	0.0	0.0	0.0	0.13256182	0.0	0.012940981	0.0	0.36517456	0.5255261	0.0	0.46843013	0.0	0.0	0.19324358	0.0	0.29331157	0.0	0.0	0.0	0.0	0.0	0.0	0.0	0.27109793	0.0	0.5435319	0.008062928	0.0	0.17985995	0.0	0.0
0.0	0.26146558	0.0	0.19491172	0.0	0.0	0.26513126	0.0	0.0	0.0	0.0	0.0	0.0	0.0	0.6163211	0.0	0.61904794	0.0	0.0	0.33508444	0.0	0.0	0.0	0.22470032	0.0	0.03033595	0.25011215	0.0	0.0	0.17849822	0.0	0.0	0.0	0.0	0.0	0.250106	0.0	0.0	0.0	0.0	0.35881236	0.0	0.23643516	0.0	0.051338628	0.0	0.46526977	0.10872551	0.19363578	0.0	0.0	0.0	0.0	0.36373806	0.0	0.0	0.20213175	0.0	0.0	0.44732532	0.04497714	0.0	0.0	0.0	0.0	0.0	0.0	0.43661332	0.0	0.40477303	0.35257944	0.0	0.22742946	0.0	0.0	0.0	0.0	0.0	0.5207276	0.0	0.0	0.20458536	0.5436226	0.0	0.9971455	0.0	0.0	0.0	0.25433397	0.4163088	0.0	0.0	0.0	0.0	0.0	0.0	0.64147234	0.0	0.0	0.0	0.17056994	0.0	0.0013496019	0.0	0.41324618	0.57616025	0.0	0.48639342	0.0	0.0	0.19389977	0.0	0.31434497	0.0	0.0	0.0	0.0	0.0	0.0	0.0	0.28889683	0.0	0.5160915	0.00022549865	0.0	0.22139664	0.0	0.0
0.0	0.26200083	0.0	0.19263983	0.0	0.0	0.26074317	0.0	0.0	0.0	0.0	0.0	0.0	0.0	0.5754482	0.0	0.5959076	0.0	0.0	0.32040176	0.0	0.0	0.0	0.20793337	0.0	0.03250521	0.23372634	0.0	0.0	0.17850094	0.0	0.0	0.0	0.0	0.0	0.24101035	0.0	0.0	0.0	0.0	0.34470883	0.0	0.22036828	0.0	0.05381435	0.0	0.44466624	0.102510214	0.18675162	0.0	0.0	0.0	0.0	0.35536292	0.0	0.0	0.20124257	0.0	0.0	0.42205593	0.054440156	0.0	0.0	0.0	0.0	0.0	0.0	0.42381033	0.0	0.38653567	0.3393849	0.0	0.22632192	0.0	0.0	0.0	0.0	0.0	0.5103309	0.0	0.0	0.1820647	0.5318461	0.0	0.9540004	0.0	0.0	0.0	0.25809264	0.39617932	0.0	0.0	0.0	0.0	0.0	0.0	0.609851	0.0	0.0	0.0	0.16760565	0.0	0.0	0.0	0.40423167	0.5563664	0.0	0.47618285	0.0	0.0	0.19741185	0.0	0.30689538	0.0	0.0	0.0	0.0	0.0	0.0	0.0	0.27709427	0.0	0.50537896	0.011316127	0.0	0.20508844	0.0	0.0
0.0	0.33183932	0.0	0.20188792	0.0	0.0	0.24519658	0.0	0.0	0.0	0.0	0.0	0.0	0.0	0.48730215	0.0	0.57681245	0.0	0.0	0.3558661	0.0	0.0	0.0	0.20069225	0.0	0.011874127	0.19912124	0.0	0.0	0.21757631	0.0	0.0	0.0	0.0	0.0	0.24677747	0.0	0.0	0.0	0.0	0.319647	0.0	0.21271347	0.0	0.1349823	0.0	0.42267236	0.0963063	0.19261275	0.020497143	0.0	0.0	0.0	0.33841893	0.0	0.0	0.20606415	0.0	0.0	0.39060196	0.074713245	0.0	0.0	0.0	0.0	0.0	0.0	0.40621516	0.0	0.39179015	0.36388388	0.0	0.14820887	0.0	0.0	0.0	0.0	0.0	0.52489215	0.0	0.0	0.14206497	0.5751652	0.0	0.9461854	0.0	0.0	0.0	0.27344775	0.32912135	0.0	0.0	0.0	0.0	0.0	0.0	0.6029624	0.0	0.0	0.0	0.13052815	0.0	0.013750046	0.0	0.37272644	0.5147716	0.0	0.48299274	0.0	0.0	0.20213766	0.0	0.2952373	0.0	0.0	0.0	0.0	0.0	0.0	0.0	0.2616311	0.0	0.5697103	0.006528811	0.0	0.18401413	0.0	0.0
0.0	0.30106297	0.0	0.1832759	0.0	0.0	0.23343758	0.0	0.0	0.0	0.0	0.0	0.0	0.0	0.35341385	0.0	0.5199402	0.0	0.0	0.2797736	0.0	0.0	0.0	0.16956788	0.0	0.020173391	0.14133172	0.0	0.0	0.16092569	0.0	0.0	0.0	0.0	0.0	0.22321807	0.0	0.0	0.0	0.0	0.26265314	0.0	0.12722008	0.0	0.21720795	0.0	0.39662352	0.11835907	0.16663906	0.08236806	0.0	0.0	0.0	0.31467426	0.0	0.0	0.24256647	0.0	0.0	0.3270323	0.13149545	0.0	0.0	0.0	0.0	0.0	0.02537643	0.3215636	0.0	0.3136171	0.32423034	0.0	0.14453198	0.0	0.0	0.0	0.0	0.0	0.4069914	0.0	0.0	0.04869147	0.54606366	0.0	0.7562497	0.0	0.0	0.0	0.30494842	0.26860157	0.0	0.0	0.0	0.0	0.0	0.0	0.46514234	0.0	0.0	0.0	0.14949307	0.0	0.0	0.0	0.3411524	0.41986382	0.0	0.454385	0.0	0.0	0.21301787	0.0	0.29288363	0.0	0.0	0.0	0.0	0.0	0.0	0.0	0.23534381	0.0	0.5144844	0.005366765	0.0	0.15302093	0.0	0.0
0.0	0.31533465	0.0	0.19535418	0.0	0.0	0.23553701	0.0	0.0	0.0	0.0	0.0	0.0	0.0	0.3372542	0.0	0.52093774	0.0	0.0	0.28415	0.0	0.0	0.0	0.17299068	0.0	0.020023206	0.13697569	0.0	0.0	0.16920996	0.0	0.0	0.0	0.0	0.0	0.21219587	0.0	0.0	0.0	0.0	0.2528367	0.0	0.13408439	0.0	0.22459678	0.0	0.39460948	0.12863506	0.16422202	0.08452058	0.0	0.0	0.0	0.30201146	0.0	0.0	0.23720016	0.0	0.0	0.32027408	0.14889348	0.0	0.0	0.0	0.0	0.0	0.03222343	0.31354213	0.0	0.31400403	0.32665658	0.0	0.13794284	0.0	0.0	0.0	0.0	0.0	0.39752185	0.0	0.0	0.053666886	0.54933745	0.0	0.73081446	0.0	0.0	0.0	0.29731774	0.25525284	0.0	0.0	0.0	0.0	0.0	0.0	0.46223202	0.0	0.0	0.0	0.14469802	0.0	0.00025463352	0.0	0.34066117	0.40708444	0.0	0.46066394	0.0	0.0	0.2191597	0.0	0.29018936	0.0	0.0	0.0	0.0	0.0	0.0	0.0	0.21980031	0.0	0.5392468	0.0	0.0	0.15616576	0.0	0.0
0.0	0.333167	0.0	0.21395846	0.0	0.0	0.23815995	0.0	0.0	0.0	0.0	0.0	0.0	0.0	0.48141694	0.0	0.57177037	0.0	0.0	0.35263422	0.0	0.0	0.0	0.20776056	0.0	0.029461795	0.20378895	0.0	0.0	0.2131543	0.0	0.0	0.0	0.0	0.0	0.25451317	0.0	0.0	0.0	0.0	0.3083321	0.0	0.2066896	0.0	0.14533104	0.0	0.4228351	0.10142162	0.19990353	0.024207368	0.0	0.0	0.0	0.34982267	0.0	0.0	0.2139951	0.0	0.0	0.39232674	0.077457495	0.0	0.0	0.0	0.0	0.0	0.0018839622	0.3957672	0.0	0.3930125	0.3615758	0.0	0.1520407	0.0	0.0	0.0	0.0	0.0	0.5129233	0.0	0.0	0.14394099	0.5720863	0.0	0.93235976	0.0	0.0	0.0	0.26764038	0.32585093	0.0	0.0	0.0	0.0	0.0	0.0	0.599382	0.0	0.0	0.0	0.13306515	0.0	0.01731387	0.0	0.36622882	0.5153126	0.0	0.47160885	0.0	0.0	0.18865699	0.0	0.29634747	0.0	0.0	0.0	0.0	0.0	0.0	0.0	0.27422953	0.0	0.5663276	0.011346117	0.0	0.18355648	0.0	0.0
0.0	0.31430453	0.0	0.21217959	0.0	0.0	0.24017346	0.0	0.0	0.0	0.0	0.0	0.0	0.0	0.51009864	0.0	0.57902956	0.0	0.0	0.3472232	0.0	0.0	0.0	0.21083204	0.0	0.02430825	0.22291726	0.0	0.0	0.20005037	0.0	0.0	0.0	0.0	0.0	0.25702533	0.0	0.0	0.0	0.0	0.3188189	0.0	0.21787447	0.0	0.12306487	0.0	0.43278015	0.10376257	0.20291328	0.015642067	0.0	0.0	0.0	0.3564435	0.0	0.0	0.2145103	0.0	0.0	0.41208088	0.06598815	0.0	0.0	0.0	0.0	0.0	0.003105403	0.40378273	0.0	0.4028273	0.35763296	0.0	0.16446157	0.0	0.0	0.0	0.0	0.0	0.5235653	0.0	0.0	0.16000795	0.56368655	0.0	0.9508162	0.0	0.0	0.0	0.26213196	0.34005734	0.0	0.0	0.0	0.0	0.0	0.0	0.61284465	0.0	0.0	0.0	0.13977759	0.0	0.013787206	0.0	0.36870173	0.53118986	0.0	0.47313523	0.0	0.0	0.18544249	0.0	0.29827484	0.0	0.0	0.0	0.0	0.0	0.0	0.0	0.27534798	0.0	0.54889524	0.009542499	0.0	0.18525207	0.0	0.0
0.0	0.24947661	0.0	0.19376947	0.0	0.0	0.26600626	0.0	0.0	0.0	0.0	0.0	0.0	0.0	0.6176259	0.0	0.6142908	0.0	0.0	0.32703528	0.0	0.0	0.0	0.2215193	0.0	0.02804161	0.24881403	0.0	0.0	0.17467849	0.0	0.0	0.0	0.0	0.0	0.24620707	0.0	0.0	0.0	0.0	0.3573989	0.0	0.23431677	0.0	0.046408813	0.0	0.46534383	0.11155524	0.18968208	0.0	0.0	0.0	0.0	0.36152986	0.0	0.0	0.20296209	0.0	0.0	0.44704184	0.04742657	0.0	0.0	0.0	0.0	0.0	0.0	0.43577886	0.0	0.39612797	0.34592068	0.0	0.24573535	0.0	0.0	0.0	0.0	0.0	0.51210207	0.0	0.0	0.20211883	0.5424233	0.0	0.981824	0.0	0.0	0.0	0.2546688	0.41899094	0.0	0.0	0.0	0.0	0.0	0.0	0.63234156	0.0	0.0	0.0	0.17639685	0.0	0.0	0.0	0.42228723	0.56968045	0.0	0.48487234	0.0	0.0	0.19343184	0.0	0.31581545	0.0	0.0	0.0	0.0	0.0	0.0	0.0	0.28853092	0.0	0.5078591	0.0047010067	0.0	0.22500508	0.0	0.0
0.0	0.33093366	0.0	0.20127356	0.0	0.0	0.24721394	0.0	0.0	0.0	0.0	0.0	0.0	0.0	0.5026833	0.0	0.5809668	0.0	0.0	0.3591484	0.0	0.0	0.0	0.20142587	0.0	0.014359777	0.20514412	0.0	0.0	0.21876532	0.0	0.0	0.0	0.0	0.0	0.24407934	0.0	0.0	0.0	0.0	0.3276535	0.0	0.22143207	0.0	0.12779552	0.0	0.42396685	0.09706525	0.19445246	0.01756991	0.0	0.0	0.0	0.3374031	0.0	0.0	0.20131518	0.0	0.0	0.3963963	0.06780841	0.0	0.0	0.0	0.0	0.0	0.0	0.41451657	0.0	0.397392	0.36059034	0.0	0.15194856	0.0	0.0	0.0	0.0	0.0	0.5345072	0.0	0.0	0.1517364	0.5752056	0.0	0.9602087	0.0	0.0	0.0	0.26636848	0.33451077	0.0	0.0	0.0	0.0	0.0	0.0	0.61232835	0.0	0.0	0.0	0.13287795	0.0	0.015337039	0.0	0.37678266	0.5232255	0.0	0.4849421	0.0	0.0	0.19969463	0.0	0.29089618	0.0	0.0	0.0	0.0	0.0	0.0	0.0	0.26199248	0.0	0.568899	0.00821443	0.0	0.18430202	0.0	0.0
0.0	0.23183875	0.0	0.19501472	0.0	0.0	0.26684263	0.0	0.0	0.0	0.0	0.0	0.0	0.0	0.6461282	0.0	0.611618	0.0	0.0	0.35252187	0.0	0.0	0.0	0.22487418	0.0	0.014238293	0.23839784	0.0	0.0	0.18119685	0.0	0.0	0.0	0.0	0.0	0.231515	0.0	0.0	0.0	0.0	0.3695631	0.0	0.2619442	0.0	0.035554633	0.0	0.46906877	0.112226605	0.19157875	0.0	0.0	0.0	0.0	0.3785744	0.0	0.0	0.19351292	0.0	0.0	0.44679704	0.038708277	0.0	0.0	0.0	0.0	0.0	0.0	0.4638141	0.0	0.38647518	0.32016703	0.0	0.30152267	0.0	0.0	0.0	0.0	0.0	0.5289065	0.0	0.0	0.20491631	0.5494339	0.0	1.0065864	0.0	0.0	0.0	0.24703045	0.4192249	0.0	0.0	0.0	0.0	0.0	0.0	0.6549538	0.0	0.0	0.0	0.17672865	0.0	0.0	0.0	0.46675423	0.56123686	0.0	0.46507907	0.0	0.0	0.20014195	0.0	0.30908123	0.0	0.0	0.0	0.0	0.0	0.0	0.0	0.3003021	0.0	0.5039721	0.011439621	0.0	0.2354693	0.0	0.0
0.0	0.25317478	0.0	0.20601825	0.0	0.0	0.2570852	0.0	0.0	0.0	0.0	0.0	0.0	0.0	0.6145987	0.0	0.6133986	0.0	0.0	0.3346438	0.0	0.0	0.0	0.2227606	0.0	0.0242565	0.25688836	0.0	0.0	0.18662453	0.0	0.0	0.0	0.0	0.0	0.24088977	0.0	0.0	0.0	0.0	0.35343602	0.0	0.2435144	0.0	0.03114368	0.0	0.45349613	0.10159112	0.20148933	0.0	0.0	0.0	0.0	0.36506835	0.0	0.0	0.18548994	0.0	0.0	0.44508514	0.044799805	0.0	0.0	0.0	0.0	0.0	0.003135453	0.4379332	0.0	0.39888036	0.34225246	0.0	0.25904274	0.0	0.0	0.0	0.0	0.0	0.5246098	0.0	0.0	0.20995545	0.5311694	0.0	0.98911715	0.0	0.0	0.0	0.25073424	0.4183327	0.0	0.0	0.0	0.0	0.0	0.0	0.6509065	0.0	0.0	0.0	0.17187698	0.0	0.0	0.0	0.42552605	0.5798786	0.0	0.47347292	0.0	0.0	0.19027598	0.0	0.2964191	0.0	0.0	0.0	0.0	0.0	0.0	0.0	0.2900894	0.0	0.5096757	0.0043637897	0.0	0.21512802	0.0	0.0
0.0	0.24286143	0.0	0.19640385	0.0	0.0	0.26218307	0.0	0.0	0.0	0.0	0.0	0.0	0.0	0.6207836	0.0	0.60976315	0.0	0.0	0.33311167	0.0	0.0	0.0	0.21704154	0.0	0.02003302	0.24988918	0.0	0.0	0.17772411	0.0	0.0	0.0	0.0	0.0	0.23706584	0.0	0.0	0.0	0.0	0.35382771	0.0	0.24235356	0.0	0.029508904	0.0	0.45988068	0.102272056	0.1917034	0.0	0.0	0.0	0.0	0.36350515	0.0	0.0	0.19005807	0.0	0.0	0.44121638	0.040545464	0.0	0.0	0.0	0.0	0.0	0.0	0.4397507	0.0	0.39071822	0.33788586	0.0	0.2716896	0.0	0.0	0.0	0.0	0.0	0.5173908	0.0	0.0	0.20630457	0.53084904	0.0	0.98687583	0.0	0.0	0.0	0.2513613	0.42347744	0.0	0.0	0.0	0.0	0.0	0.0	0.64092904	0.0	0.0	0.0	0.17439075	0.0	0.0	0.0	0.4342006	0.57544583	0.0	0.47421464	0.0	0.0	0.19479479	0.0	0.30463126	0.0	0.0	0.0	0.0	0.0	0.0	0.0	0.29057464	0.0	0.49781573	0.006085314	0.0	0.22214067	0.0	0.0
0.0	0.3219367	0.0	0.21505183	0.0	0.0	0.23325224	0.0	0.0	0.0	0.0	0.0	0.0	0.0	0.50884837	0.0	0.5868907	0.0	0.0	0.35217857	0.0	0.0	0.0	0.22135103	0.0	0.030587135	0.22454514	0.0	0.0	0.19326544	0.0	0.0	0.0	0.0	0.0	0.2667986	0.0	0.0	0.0	0.0	0.3004452	0.0	0.2119376	0.0	0.12862031	0.0	0.44352493	0.11198435	0.19959462	0.014816265	0.0	0.0	0.0	0.36131072	0.0	0.0	0.22316717	0.0	0.0	0.41480005	0.07002609	0.0	0.0	0.0	0.0	0.0	0.010447645	0.39366165	0.0	0.40101096	0.36310533	0.0	0.1641041	0.0	0.0	0.0	0.0	0.0	0.5119503	0.0	0.0	0.16225469	0.5631195	0.0	0.9496551	0.0	0.0	0.0	0.25963762	0.35288215	0.0	0.0	0.0	0.0	0.0	0.0	0.6216024	0.0	0.0	0.0	0.14780462	0.0	0.010361449	0.0	0.36693025	0.5317441	0.0	0.46531844	0.0	0.0	0.17841108	0.0	0.30044118	0.0	0.0	0.0	0.0	0.0	0.0	0.0	0.2872487	0.0	0.5496301	0.00702457	0.0	0.18938063	0.0	0.0
0.0	0.2552916	0.0	0.19708204	0.0	0.0	0.24891227	0.0	0.0	0.0	0.0	0.0	0.0	0.0	0.60126823	0.0	0.6154132	0.0	0.0	0.3453643	0.0	0.0	0.0	0.2296757	0.0	0.0152774425	0.2540719	0.0	0.0	0.17800952	0.0	0.0	0.0	0.0	0.0	0.2704377	0.0	0.0	0.0	0.0	0.34897658	0.0	0.24772985	0.0	0.040181812	0.0	0.4668479	0.11147511	0.19849457	0.0	0.0	0.0	0.0	0.37591982	0.0	0.0	0.19477661	0.0	0.0	0.45410022	0.054495443	0.0	0.0	0.0	0.0	0.0	0.0	0.4431335	0.0	0.4000533	0.3556819	0.0	0.26234037	0.0	0.0	0.0	0.0	0.0	0.52049744	0.0	0.0	0.2045031	0.53430265	0.0	1.0010718	0.0	0.0	0.0	0.25817227	0.42297602	0.0	0.0	0.0	0.0	0.0	0.0	0.6660152	0.0	0.0	0.0	0.16190198	0.0	0.0014202744	0.0	0.42984962	0.5882051	0.0	0.48258767	0.0	0.0	0.19853483	0.0	0.33267927	0.0	0.0	0.0	0.0	0.0	0.0	0.0	0.3009731	0.0	0.5141104	0.0014192434	0.0	0.25259557	0.0	0.0
0.0	0.25762695	0.0	0.19423737	0.0	0.0	0.26346886	0.0	0.0	0.0	0.0	0.0	0.0	0.0	0.606734	0.0	0.61252236	0.0	0.0	0.32661903	0.0	0.0	0.0	0.22129571	0.0	0.03277565	0.24438377	0.0	0.0	0.17368698	0.0	0.0	0.0	0.0	0.0	0.2510966	0.0	0.0	0.0	0.0	0.3556393	0.0	0.22983281	0.0	0.051893234	0.0	0.46476722	0.11045676	0.19011705	0.0	0.0	0.0	0.0	0.36485735	0.0	0.0	0.20878594	0.0	0.0	0.44123223	0.048230737	0.0	0.0	0.0	0.0	0.0	0.0	0.43178177	0.0	0.39711058	0.35020828	0.0	0.23391847	0.0	0.0	0.0	0.0	0.0	0.5126108	0.0	0.0	0.19642164	0.543503	0.0	0.9814159	0.0	0.0	0.0	0.2555242	0.41249004	0.0	0.0	0.0	0.0	0.0	0.0	0.6276302	0.0	0.0	0.0	0.17332639	0.0	0.0	0.0	0.41489697	0.56913143	0.0	0.48512352	0.0	0.0	0.19393401	0.0	0.31700757	0.0	0.0	0.0	0.0	0.0	0.0	0.0	0.28663817	0.0	0.5090038	0.0	0.0	0.22193861	0.0	0.0
0.0	0.24014376	0.0	0.19602537	0.0	0.0	0.2685814	0.0	0.0	0.0	0.0	0.0	0.0	0.0	0.63588005	0.0	0.6196875	0.0	0.0	0.33302525	0.0	0.0	0.0	0.22653852	0.0	0.023939734	0.25412628	0.0	0.0	0.17623025	0.0	0.0	0.0	0.0	0.0	0.2421815	0.0	0.0	0.0	0.0	0.36564466	0.0	0.24484128	0.0	0.031352475	0.0	0.46953955	0.11222092	0.19317146	0.0	0.0	0.0	0.0	0.3667797	0.0	0.0	0.19442134	0.0	0.0	0.45148396	0.041325476	0.0	0.0	0.0	0.0	0.0	0.0	0.44430566	0.0	0.39610207	0.34165195	0.0	0.26669073	0.0	0.0	0.0	0.0	0.0	0.51745534	0.0	0.0	0.20995401	0.5402244	0.0	0.99794084	0.0	0.0	0.0	0.25244668	0.4293779	0.0	0.0	0.0	0.0	0.0	0.0	0.64679193	0.0	0.0	0.0	0.17781346	0.0	0.0	0.0	0.43718314	0.57780105	0.0	0.4847642	0.0	0.0	0.19519491	0.0	0.31481057	0.0	0.0	0.0	0.0	0.0	0.0	0.0	0.29055354	0.0	0.50444907	0.005946394	0.0	0.23142064	0.0	0.0
0.0	0.30707335	0.0	0.20885088	0.0	0.0	0.23304933	0.0	0.0	0.0	0.0	0.0	0.0	0.0	0.5005675	0.0	0.57361233	0.0	0.0	0.33628795	0.0	0.0	0.0	0.20868696	0.0	0.030939035	0.21902013	0.0	0.0	0.19269335	0.0	0.0	0.0	0.0	0.0	0.25464487	0.0	0.0	0.0	0.0	0.30825534	0.0	0.20563565	0.0	0.115723245	0.0	0.43527484	0.10031692	0.19883668	0.0140608875	0.0	0.0	0.0	0.3617301	0.0	0.0	0.21787369	0.0	0.0	0.40480256	0.06951644	0.0	0.0	0.0	0.0	0.0	0.01105073	0.3905406	0.0	0.39114097	0.3597078	0.0	0.1809871	0.0	0.0	0.0	0.0	0.0	0.5052721	0.0	0.0	0.15255097	0.5529569	0.0	0.9278853	0.0	0.0	0.0	0.26619196	0.3451155	0.0	0.0	0.0	0.0	0.0	0.0	0.60066533	0.0	0.0	0.0	0.14176077	0.0	0.013147489	0.0	0.3678145	0.5261379	0.0	0.46076882	0.0	0.0	0.18601799	0.0	0.2970176	0.0	0.0	0.0	0.0	0.0	0.0	0.0	0.27881166	0.0	0.5368922	0.0094573125	0.0	0.18617262	0.0	0.0
0.0	0.27795413	0.0	0.20028865	0.0	0.0	0.24889262	0.0	0.0	0.0	0.0	0.0	0.0	0.0	0.5678275	0.0	0.5749656	0.0	0.0	0.36511776	0.0	0.0	0.0	0.2183582	0.0	0.022244953	0.20135015	0.0	0.0	0.18407805	0.0	0.0	0.0	0.0	0.0	0.25667784	0.0	0.0	0.0	0.0	0.31804565	0.0	0.2489168	0.0	0.10867765	0.0	0.45500636	0.108982325	0.20130897	0.013732709	0.0	0.0	0.0	0.37193725	0.0	0.0	0.22056548	0.0	0.0	0.42356095	0.06359057	0.0	0.0	0.0	0.0	0.0	0.0	0.44422758	0.0	0.38158002	0.3103801	0.0	0.25832146	0.0	0.0	0.0	0.0	0.0	0.51692647	0.0	0.0	0.18219803	0.572467	0.0	0.9515223	0.0	0.0	0.0	0.24941568	0.3480073	0.0	0.0	0.0	0.0	0.0	0.0	0.6267181	0.0	0.0	0.0	0.14753722	0.0	0.0	0.0	0.41819504	0.5211573	0.0	0.44146836	0.0	0.0	0.18334317	0.0	0.31006292	0.0	0.0	0.0	0.0	0.0	0.0	0.0	0.29267874	0.0	0.53298694	0.019837018	0.0	0.22522537	0.0	0.0
0.0	0.24723475	0.0	0.19892347	0.0	0.0	0.26445815	0.0	0.0	0.0	0.0	0.0	0.0	0.0	0.62596774	0.0	0.62805766	0.0	0.0	0.34436807	0.0	0.0	0.0	0.21933055	0.0	0.016694602	0.25799137	0.0	0.0	0.18843246	0.0	0.0	0.0	0.0	0.0	0.23948629	0.0	0.0	0.0	0.0	0.3536493	0.0	0.2342382	0.0	0.030482024	0.0	0.4721048	0.09228027	0.21289988	0.0	0.0	0.0	0.0	0.3623043	0.0	0.0	0.18572213	0.0	0.0	0.4249244	0.038181998	0.0	0.0	0.0	0.0	0.0	0.0	0.43190885	0.0	0.40372944	0.36208928	0.0	0.27173018	0.0	0.0	0.0	0.0	0.0	0.52560395	0.0	0.0	0.21022336	0.5214716	0.0	1.0117012	0.0	0.0	0.0	0.26223445	0.43259564	0.0	0.0	0.0	0.0	0.0	0.0	0.6590962	0.0	0.0	0.0	0.17598136	0.0	0.0	0.0	0.43809047	0.5890381	0.0	0.48663247	0.0	0.0	0.20186408	0.0	0.29790616	0.0	0.0	0.0	0.0	0.0	0.0	0.0	0.29466268	0.0	0.51021296	0.0002309677	0.0	0.20848012	0.0	0.0
0.0	0.24743442	0.0	0.13760185	0.0	0.0	0.28191623	0.0	0.0	0.0	0.0	0.0	0.0	0.0	0.4038492	0.0	0.4996778	0.0	0.0	0.2350765	0.0	0.0	0.0	0.19120038	0.0	0.04568681	0.118001424	0.0	0.0	0.12346127	0.0	0.0	0.0	0.0	0.0	0.18607034	0.0	0.0	0.0	0.0	0.20045464	0.0	0.12305745	0.0	0.23186754	0.0	0.40954685	0.20636062	0.09903687	0.17821069	0.0	0.0	0.0	0.2598167	0.0	0.0	0.24252309	0.0	0.0	0.3305246	0.15460075	0.0	0.0	0.0	0.0	0.0	0.055779073	0.3226638	0.0	0.30295402	0.24939775	0.0	0.19777103	0.0	0.0	0.0	0.0	0.0	0.35806653	0.0	0.0	0.06257451	0.526702	0.0	0.59172183	0.0	0.0	0.0	0.23927553	0.30863017	0.0	0.0	0.0	0.0	0.0	0.0	0.34990668	0.0	0.0	0.0	0.24560507	0.0	0.0	0.0	0.3484691	0.3421134	0.0	0.40903655	0.0	0.0	0.19764864	0.0	0.2720138	0.0	0.0	0.0	0.0	0.0	0.0	0.0	0.2176125	0.0	0.48361722	0.031008007	0.0	0.16528143	0.0	0.0
0.0	0.27462012	0.0	0.14878726	0.0	0.0	0.2535869	0.0	0.0	0.0	0.0	0.0	0.0	0.0	0.37991285	0.0	0.5124006	0.0	0.0	0.25607887	0.0	0.0	0.0	0.16496405	0.0	0.051265303	0.11795584	0.0	0.0	0.11620835	0.0	0.0	0.0	0.0	0.0	0.17694701	0.0	0.0	0.0	0.0	0.23383684	0.0	0.12675935	0.0	0.23696655	0.0	0.38199317	0.17288427	0.11873826	0.14230071	0.0	0.0	0.0	0.2697223	0.0	0.0	0.25052485	0.0	0.0	0.31133664	0.13760746	0.0	0.0	0.0	0.0	0.0	0.05474187	0.3139694	0.0	0.28433475	0.26621854	0.0	0.1832639	0.0	0.0	0.0	0.0	0.0	0.34267506	0.0	0.0	0.040170614	0.5204138	0.0	0.640654	0.0	0.0	0.0	0.23328967	0.2996301	0.0	0.0	0.0	0.0	0.0	0.0	0.3717257	0.0	0.0	0.0	0.22589111	0.0	0.0	0.0	0.35821998	0.35365477	0.0	0.407029	0.0	0.0	0.20992558	0.0	0.24988969	0.0	0.0	0.0	0.0	0.0	0.0	0.0	0.23184693	0.0	0.47510397	0.037430312	0.0	0.15954831	0.0	0.0
0.0	0.27421975	0.0	0.16292378	0.0	0.0	0.26323307	0.0	0.0	0.0	0.0	0.0	0.0	0.0	0.35841736	0.0	0.5091097	0.0	0.0	0.24912654	0.0	0.0	0.0	0.18304665	0.0	0.08622841	0.11543346	0.0	0.0	0.105187505	0.0	0.0	0.0	0.0	0.0	0.15559275	0.0	0.0	0.0	0.0	0.23470569	0.0	0.11198432	0.0	0.252217	0.0	0.37566376	0.2139935	0.12445628	0.15964854	0.0	0.0	0.0	0.2549862	0.0	0.0	0.2624804	0.0	0.0	0.31462106	0.172731	0.0	0.0	0.0	0.0	0.0	0.06969208	0.2899304	0.0	0.28189895	0.25362852	0.0	0.17798615	0.0	0.0	0.0	0.0	0.0	0.32031924	0.0	0.0	0.039254114	0.5167799	0.0	0.5778604	0.0	0.0	0.0	0.21475191	0.2823911	0.0	0.0	0.0	0.0	0.0	0.0	0.3373425	0.0	0.0	0.0	0.2418145	0.0	0.0	0.0	0.35285005	0.325969	0.0	0.3974154	0.0	0.0	0.2018026	0.0	0.23696911	0.0	0.0	0.0	0.0	0.0	0.0	0.0	0.2037831	0.0	0.48797598	0.03934791	0.0	0.16394423	0.0	0.0
0.0	0.26287574	0.0	0.1683914	0.0	0.0	0.2927619	0.0	0.0	0.0	0.0	0.0	0.0	0.0	0.38553298	0.0	0.5349135	0.0	0.0	0.23770396	0.0	0.0	0.0	0.20422566	0.0	0.10230639	0.13763364	0.0	0.0	0.114241295	0.0	0.0	0.0	0.0	0.0	0.15710907	0.0	0.0	0.0	0.0	0.23303099	0.0	0.12105584	0.0	0.23006113	0.0	0.3823347	0.25136364	0.12471422	0.16453135	0.0	0.0	0.0	0.22311838	0.0	0.0	0.23690152	0.0	0.0	0.33359873	0.19494812	0.0	0.0	0.0	0.0	0.0	0.08596019	0.28662807	0.0	0.29912135	0.23137403	0.0029055674	0.17608511	0.0	0.0	0.0	0.0	0.0	0.305573	0.0	0.0	0.060007107	0.5103597	0.0	0.5503915	0.0	0.0	0.0	0.2081178	0.29450402	0.0	0.0	0.0	0.0	0.0	0.0	0.32744542	0.0	0.0	0.0	0.25662398	0.0127597945	0.0	0.0	0.34314522	0.32151037	0.0	0.4069612	0.0	0.0	0.19563235	0.0	0.24479918	0.0	0.0	0.0	0.0	0.0	0.0	0.0	0.1833545	0.0	0.511389	0.04875253	0.0	0.17178464	0.0	0.0
0.0	0.27777508	0.0	0.19017841	0.0	0.0	0.320634	0.0	0.0	0.0	0.0	0.0	0.0	0.0	0.4041722	0.0	0.5703408	0.0	0.0	0.23504156	0.0	0.0	0.0	0.23746817	0.0	0.13199972	0.1667095	0.0	0.0	0.13021784	0.0	0.0	0.0	0.0	0.0	0.13416608	0.0	0.0	0.0	0.0	0.24036884	0.0	0.12611772	0.0	0.21711163	0.0	0.3705596	0.2916309	0.12179635	0.16898656	0.0	0.0	0.0	0.19767743	0.0	0.0	0.23307115	0.0	0.0	0.33453047	0.219873	0.0	0.0	0.0	0.0	0.009057556	0.11951821	0.27053759	0.0	0.30419853	0.21555191	0.014570992	0.17175709	0.0	0.0	0.0	0.0	0.0	0.29335037	0.0	0.0	0.08258871	0.48859224	0.0	0.52236	0.0	0.0	0.0	0.18176155	0.30191705	0.0	0.0	0.0	0.0	0.0	0.0	0.31559458	0.0	0.0	0.0	0.28523782	0.04853027	0.0	0.0	0.3289622	0.31222135	0.0	0.39414397	0.0	0.0	0.1812117	0.0	0.23415549	0.0	0.0	0.0	0.0	0.0	0.0	0.0	0.17101867	0.0	0.5516698	0.059331324	0.0	0.16204914	0.0	0.0
0.0	0.28314075	0.0	0.17322959	0.0	0.0	0.28399077	0.0	0.0	0.0	0.0	0.0	0.0	0.0	0.34915057	0.0	0.524309	0.0	0.0	0.25130415	0.0	0.0	0.0	0.19237931	0.0	0.08672487	0.11863061	0.0	0.0	0.11654505	0.0	0.0	0.0	0.0	0.0	0.13352627	0.0	0.0	0.0	0.0	0.22964884	0.0	0.112682484	0.0	0.26021245	0.0	0.37570682	0.24761193	0.11847409	0.17705436	0.0	0.0	0.0	0.21993999	0.0	0.0	0.2579151	0.0	0.0	0.3097316	0.19583921	0.0	0.0	0.0	0.0	0.0	0.091975845	0.27527717	0.0	0.27463818	0.23867702	0.0019206764	0.17999792	0.0	0.0	0.0	0.0	0.0	0.29995027	0.0	0.0	0.039880294	0.5012661	0.0	0.5331696	0.0	0.0	0.0	0.18988638	0.27748567	0.0	0.0	0.0	0.0	0.0	0.0	0.3209908	0.0	0.0	0.0	0.25868642	0.011444036	0.0	0.0	0.34656134	0.30793485	0.0	0.39440396	0.0	0.0	0.19490133	0.0	0.23224282	0.0	0.0	0.0	0.0	0.0	0.0	0.0	0.1803128	0.0	0.51729625	0.046923254	0.0	0.1703174	0.0	0.0
0.0	0.24712496	0.0	0.1463295	0.0	0.0	0.28290188	0.0	0.0	0.0	0.0	0.0	0.0	0.0	0.38513196	0.0	0.49861225	0.0	0.0	0.23439594	0.0	0.0	0.0	0.18702948	0.0	0.07076242	0.10729319	0.0	0.0	0.10669062	0.0	0.0	0.0	0.0	0.0	0.16685669	0.0	0.0	0.0	0.0	0.20845436	0.0	0.10959066	0.0	0.24128735	0.0	0.3798763	0.23832178	0.10797279	0.19040394	0.0	0.0	0.0	0.24130659	0.0	0.0	0.24230312	0.0	0.0	0.32962456	0.18373919	0.0	0.0	0.0	0.0	0.0	0.07302633	0.31309825	0.0	0.2851102	0.2198714	0.0	0.19550192	0.0	0.0	0.0	0.0	0.0	0.31127277	0.0	0.0	0.047035884	0.520474	0.0	0.54441375	0.0	0.0	0.0	0.21863486	0.2780309	0.0	0.0	0.0	0.0	0.0	0.0	0.3176166	0.0	0.0	0.0	0.252544	0.0	0.0	0.0	0.3379544	0.3135924	0.0	0.38803282	0.0	0.0	0.19604886	0.0	0.25048077	0.0	0.0	0.0	0.0	0.0	0.0	0.0	0.20517726	0.0	0.48064962	0.06112367	0.0	0.17071958	0.0	0.0
0.0	0.2740122	0.0	0.16000235	0.0	0.0	0.27248764	0.0	0.0	0.0	0.0	0.0	0.0	0.0	0.35823223	0.0	0.5087988	0.0	0.0	0.25650796	0.0	0.0	0.0	0.17506398	0.0	0.074071266	0.120776914	0.0	0.0	0.11659517	0.0	0.0	0.0	0.0	0.0	0.14707889	0.0	0.0	0.0	0.0	0.22904082	0.0	0.122822344	0.0	0.24537732	0.0	0.3739042	0.2161557	0.12068229	0.1568671	0.0	0.0	0.0	0.24221192	0.0	0.0	0.24607979	0.0	0.0	0.31284037	0.16818875	0.0	0.0	0.0	0.0	0.0	0.076867394	0.29454947	0.0	0.27991554	0.24549969	0.0	0.1810983	0.0	0.0	0.0	0.0	0.0	0.3213568	0.0	0.0	0.037162285	0.51179606	0.0	0.57542294	0.0	0.0	0.0	0.20713949	0.27698183	0.0	0.0	0.0	0.0	0.0	0.0	0.33654237	0.0	0.0	0.0	0.24287467	0.0	0.0	0.0	0.35229492	0.32503396	0.0	0.39316893	0.0	0.0	0.20189218	0.0	0.23461337	0.0	0.0	0.0	0.0	0.0	0.0	0.0	0.19779961	0.0	0.49300456	0.049201	0.0	0.16470331	0.0	0.0
0.0	0.2793586	0.0	0.17155568	0.0	0.0	0.2819529	0.0	0.0	0.0	0.0	0.0	0.0	0.0	0.36778104	0.0	0.52538306	0.0	0.0	0.2629292	0.0	0.0	0.0	0.19542281	0.0	0.08616888	0.12193831	0.0	0.0	0.117099345	0.0	0.0	0.0	0.0	0.0	0.14580102	0.0	0.0	0.0	0.0	0.23226477	0.0	0.1225377	0.0	0.25090125	0.0	0.372983	0.22817223	0.12275716	0.16346906	0.0	0.0	0.0	0.23583548	0.0	0.0	0.2456218	0.0	0.0	0.31539965	0.18323708	0.0	0.0	0.0	0.0	0.0	0.078729965	0.28927293	0.0	0.2837821	0.24255984	0.0012470806	0.1783002	0.0	0.0	0.0	0.0	0.0	0.31421596	0.0	0.0	0.042857796	0.5132955	0.0	0.561935	0.0	0.0	0.0	0.19972475	0.28043947	0.0	0.0	0.0	0.0	0.0	0.0	0.34177366	0.0	0.0	0.0	0.24802084	0.0032268502	0.0	0.0	0.34796694	0.3207589	0.0	0.39359164	0.0	0.0	0.20319964	0.0	0.23119657	0.0	0.0	0.0	0.0	0.0	0.0	0.0	0.19271278	0.0	0.5107103	0.04906434	0.0	0.17168124	0.0	0.0
0.0	0.2761657	0.0	0.17727067	0.0	0.0	0.30564824	0.0	0.0	0.0	0.0	0.0	0.0	0.0	0.37554738	0.0	0.54700845	0.0	0.0	0.23614182	0.0	0.0	0.0	0.2160191	0.0	0.10646719	0.1509326	0.0	0.0	0.117635585	0.0	0.0	0.0	0.0	0.0	0.13600013	0.0	0.0	0.0	0.0	0.23494965	0.0	0.123535156	0.0	0.22982435	0.0	0.3731343	0.27657655	0.11165384	0.18325149	0.0	0.0	0.0	0.20019792	0.0	0.0	0.2386297	0.0	0.0	0.32699326	0.20675798	0.0	0.0	0.0	0.0	0.0021585256	0.104795404	0.27019796	0.0	0.29169142	0.2175961	0.0075095557	0.17278986	0.0	0.0	0.0	0.0	0.0	0.30132887	0.0	0.0	0.06497077	0.49306357	0.0	0.519144	0.0	0.0	0.0	0.1794399	0.29305443	0.0	0.0	0.0	0.0	0.0	0.0	0.3103476	0.0	0.0	0.0	0.27199805	0.02814225	0.0	0.0	0.333275	0.30744195	0.0	0.40331182	0.0	0.0	0.18671136	0.0	0.2353555	0.0	0.0	0.0	0.0	0.0	0.0	0.0	0.16511907	0.0	0.5305016	0.051288743	0.0	0.16387059	0.0	0.0
0.0	0.27501878	0.0	0.17487256	0.0	0.0	0.27825844	0.0	0.0	0.0	0.0	0.0	0.0	0.0	0.35596237	0.0	0.5205381	0.0	0.0	0.24885945	0.0	0.0	0.0	0.193973	0.0	0.09140239	0.1198622	0.0	0.0	0.11675969	0.0	0.0	0.0	0.0	0.0	0.14256625	0.0	0.0	0.0	0.0	0.23180795	0.0	0.11190059	0.0	0.2617652	0.0	0.3733121	0.24059914	0.12059636	0.17250133	0.0	0.0	0.0	0.23347755	0.0	0.0	0.25676635	0.0	0.0	0.31722206	0.19367075	0.0	0.0	0.0	0.0	0.0	0.09018579	0.2793124	0.0	0.2821814	0.24166946	0.0	0.17506915	0.0	0.0	0.0	0.0	0.0	0.29736188	0.0	0.0	0.03386204	0.51278645	0.0	0.5423088	0.0	0.0	0.0	0.20258993	0.27480432	0.0	0.0	0.0	0.0	0.0	0.0	0.32518506	0.0	0.0	0.0	0.25449318	0.009220217	0.0	0.0	0.34576812	0.31308624	0.0	0.39357653	0.0	0.0	0.19788837	0.0	0.23696637	0.0	0.0	0.0	0.0	0.0	0.0	0.0	0.18825446	0.0	0.5123975	0.04852101	0.0	0.1712469	0.0	0.0
0.0	0.25945613	0.0	0.15835804	0.0	0.0	0.28571215	0.0	0.0	0.0	0.0	0.0	0.0	0.0	0.3717812	0.0	0.527046	0.0	0.0	0.23427121	0.0	0.0	0.0	0.1998928	0.0	0.08449077	0.13638693	0.0	0.0	0.110592455	0.0	0.0	0.0	0.0	0.0	0.15674295	0.0	0.0	0.0	0.0	0.21651417	0.0	0.11295575	0.0	0.24537341	0.0	0.3853456	0.2520536	0.11385117	0.18533756	0.0	0.0	0.0	0.2356723	0.0	0.0	0.24303646	0.0	0.0	0.32472232	0.18644631	0.0	0.0	0.0	0.0	0.0	0.09824584	0.283372	0.0	0.28931257	0.22999668	0.0	0.17561321	0.0	0.0	0.0	0.0	0.0	0.30238506	0.0	0.0	0.04963048	0.5059618	0.0	0.5271267	0.0	0.0	0.0	0.21355768	0.293327	0.0	0.0	0.0	0.0	0.0	0.0	0.31865618	0.0	0.0	0.0	0.26072273	0.0040491484	0.0	0.0	0.3346412	0.30261555	0.0	0.40111056	0.0	0.0	0.19833432	0.0	0.24789214	0.0	0.0	0.0	0.0	0.0	0.0	0.0	0.19287284	0.0	0.50964636	0.04527745	0.0	0.16728322	0.0	0.0
0.0	0.27633545	0.0	0.16279666	0.0	0.0	0.25935283	0.0	0.0	0.0	0.0	0.0	0.0	0.0	0.35130993	0.0	0.5044487	0.0	0.0	0.24931316	0.0	0.0	0.0	0.18052799	0.0	0.067669235	0.11374566	0.0	0.0	0.10949445	0.0	0.0	0.0	0.0	0.0	0.1564091	0.0	0.0	0.0	0.0	0.22401406	0.0	0.11423903	0.0	0.26041874	0.0	0.38231942	0.21805336	0.117521405	0.16543601	0.0	0.0	0.0	0.24722059	0.0	0.0	0.2600769	0.0	0.0	0.31163242	0.16776974	0.0	0.0	0.0	0.0	0.0	0.078519605	0.28964546	0.0	0.2806479	0.25625324	0.0	0.17155117	0.0	0.0	0.0	0.0	0.0	0.31684682	0.0	0.0	0.034454983	0.51935744	0.0	0.5710184	0.0	0.0	0.0	0.21516354	0.2775844	0.0	0.0	0.0	0.0	0.0	0.0	0.33153066	0.0	0.0	0.0	0.24311309	0.0	0.0	0.0	0.34998155	0.31742713	0.0	0.4060001	0.0	0.0	0.19671299	0.0	0.2424968	0.0	0.0	0.0	0.0	0.0	0.0	0.0	0.19650853	0.0	0.4939324	0.041470468	0.0	0.16618834	0.0	0.0
0.0	0.24741052	0.0	0.13300942	0.0	0.0	0.2778194	0.0	0.0	0.0	0.0	0.0	0.0	0.0	0.3656688	0.0	0.4799522	0.0	0.0	0.2278632	0.0	0.0	0.0	0.18250936	0.0	0.059109975	0.08279091	0.0	0.0	0.097783655	0.0	0.0	0.0	0.0	0.0	0.1721427	0.0	0.0	0.0	0.0	0.20143294	0.0	0.099495806	0.0	0.26381484	0.0	0.3769823	0.23013562	0.105244726	0.2125641	0.0	0.0	0.0	0.2370352	0.0	0.0	0.26682588	0.0	0.0	0.31757936	0.18640177	0.0	0.0	0.0	0.0	0.0	0.053731445	0.31252372	0.0	0.27379465	0.22262375	0.0	0.20051269	0.0	0.0	0.0	0.0	0.0	0.3087557	0.0	0.0	0.037761103	0.53105634	0.0	0.5287426	0.0	0.0	0.0	0.21596418	0.2635785	0.0	0.0	0.0	0.0	0.0	0.0	0.2961462	0.0	0.0	0.0	0.2518246	0.0	0.0	0.0	0.34168002	0.29295444	0.0	0.38315487	0.0	0.0	0.2008571	0.0	0.25115028	0.0	0.0	0.0	0.0	0.0	0.0	0.0	0.21108711	0.0	0.4710504	0.0527309	0.0	0.16688508	0.0	0.0
0.0	0.25512785	0.0	0.1440401	0.0	0.0	0.26918125	0.0	0.0	0.0	0.0	0.0	0.0	0.0	0.3313427	0.0	0.51408374	0.0	0.0	0.22172253	0.0	0.0	0.0	0.17124434	0.0	0.0812756	0.10439867	0.0	0.0	0.10401252	0.0	0.0	0.0	0.0	0.0	0.1380787	0.0	0.0	0.0	0.0	0.21443813	0.0	0.084929	0.0	0.27676418	0.0	0.37789452	0.25924715	0.11627806	0.2134641	0.0	0.0	0.0	0.22689827	0.0	0.0	0.2761825	0.0	0.0	0.30527282	0.20680875	0.0	0.0	0.0	0.0	0.0	0.097520925	0.27407745	0.0	0.26443955	0.22227292	0.002352522	0.19462673	0.0	0.0	0.0	0.0	0.0	0.26956066	0.0	0.0	0.030461764	0.5058285	0.0	0.48000002	0.0	0.0	0.0	0.19762875	0.25482005	0.0	0.0	0.0	0.0	0.0	0.0	0.2753925	0.0	0.0	0.0	0.26569733	0.017896358	0.0	0.0	0.34354532	0.28311366	0.0	0.39107013	0.0	0.0	0.18806125	0.0	0.23286577	0.0	0.0	0.0	0.0	0.0	0.0	0.0	0.18370676	0.0	0.4968545	0.04737163	0.0	0.15161127	0.0	0.0
0.0	0.25234428	0.0	0.15568905	0.0	0.0	0.29994103	0.0	0.0	0.0	0.0	0.0	0.0	0.0	0.39380643	0.0	0.53624433	0.0	0.0	0.22450788	0.0	0.0	0.0	0.20861156	0.0	0.10496104	0.12293444	0.0	0.0	0.11155241	0.0	0.0	0.0	0.0	0.0	0.16010618	0.0	0.0	0.0	0.0	0.22112441	0.0	0.09714684	0.0	0.2511387	0.0	0.3749064	0.26624987	0.12087422	0.20393674	0.0	0.0	0.0	0.22626698	0.0	0.0	0.2532793	0.0	0.0	0.32841802	0.20602775	0.0	0.0	0.0	0.0	0.0	0.084684394	0.29673576	0.0	0.29543117	0.22288984	0.007767234	0.18999349	0.0	0.0	0.0	0.0	0.0	0.29470274	0.0	0.0	0.06422077	0.52152365	0.0	0.5121272	0.0	0.0	0.0	0.21364851	0.28213707	0.0	0.0	0.0	0.0	0.0	0.0	0.30054978	0.0	0.0	0.0	0.27616608	0.020618798	0.0	0.0	0.3326031	0.29322335	0.0	0.39085233	0.0	0.0	0.19134015	0.0	0.23712699	0.0	0.0	0.0	0.0	0.0	0.0	0.0	0.20064513	0.0	0.5135331	0.059987362	0.0	0.15167896	0.0	0.0
0.0	0.27264866	0.0	0.16748415	0.0	0.0	0.28602457	0.0	0.0	0.0	0.0	0.0	0.0	0.0	0.3491461	0.0	0.5266603	0.0	0.0	0.24483013	0.0	0.0	0.0	0.19426005	0.0	0.0854919	0.11623404	0.0	0.0	0.11794936	0.0	0.0	0.0	0.0	0.0	0.12556167	0.0	0.0	0.0	0.0	0.22952342	0.0	0.10649397	0.0	0.26607737	0.0	0.3739692	0.24991691	0.11449518	0.18069422	0.0	0.0	0.0	0.21565084	0.0	0.0	0.2522054	0.0	0.0	0.30629143	0.19956689	0.0	0.0	0.0	0.0	0.0	0.09963716	0.27278116	0.0	0.26930502	0.23407124	0.004407792	0.18153805	0.0	0.0	0.0	0.0	0.0	0.28908655	0.0	0.0	0.030430986	0.49986306	0.0	0.5181697	0.0	0.0	0.0	0.1920834	0.2773448	0.0	0.0	0.0	0.0	0.0	0.0	0.31146756	0.0	0.0	0.0	0.26202542	0.011466139	0.0	0.0	0.348866	0.29722187	0.0	0.39551306	0.0	0.0	0.19442773	0.0	0.2318842	0.0	0.0	0.0	0.0	0.0	0.0	0.0	0.17704387	0.0	0.51630193	0.04812783	0.0	0.172629	0.0	0.0
0.0	0.2507274	0.0	0.14459246	0.0	0.0	0.28658846	0.0	0.0	0.0	0.0	0.0	0.0	0.0	0.41240564	0.0	0.50275826	0.0	0.0	0.24354255	0.0	0.0	0.0	0.19965403	0.0	0.07191881	0.105975576	0.0	0.0	0.11412409	0.0	0.0	0.0	0.0	0.0	0.16525072	0.0	0.0	0.0	0.0	0.21455537	0.0	0.1198586	0.0	0.23367514	0.0	0.39166746	0.22067785	0.10707715	0.18019156	0.0	0.0	0.0	0.26140258	0.0	0.0	0.23990972	0.0	0.0	0.32270658	0.17599219	0.0	0.0	0.0	0.0	0.0	0.04619141	0.33055964	0.0	0.295527	0.2317413	0.0	0.20655654	0.0	0.0	0.0	0.0	0.0	0.33988908	0.0	0.0	0.051250238	0.53821236	0.0	0.5920853	0.0	0.0	0.0	0.23314881	0.28244358	0.0	0.0	0.0	0.0	0.0	0.0	0.3381163	0.0	0.0	0.0	0.24683149	0.0	0.0	0.0	0.35638833	0.32821915	0.0	0.39307287	0.0	0.0	0.2154876	0.0	0.2551007	0.0	0.0	0.0	0.0	0.0	0.0	0.0	0.22165625	0.0	0.47928262	0.049644303	0.0	0.16098796	0.0	0.0
0.0	0.2707204	0.0	0.14963564	0.0	0.0	0.26803362	0.0	0.0	0.0	0.0	0.0	0.0	0.0	0.30820927	0.0	0.49742272	0.0	0.0	0.22944815	0.0	0.0	0.0	0.18336283	0.0	0.07613883	0.08186238	0.0	0.0	0.093426324	0.0	0.0	0.0	0.0	0.0	0.13289462	0.0	0.0	0.0	0.0	0.21547341	0.0	0.07925377	0.0	0.3017045	0.0	0.3690896	0.26308712	0.109997176	0.22142725	0.0	0.0	0.0	0.22520049	0.0	0.0	0.290684	0.0	0.0	0.29728672	0.2274609	0.0	0.0	0.0	0.0	0.0	0.08925275	0.2612075	0.0	0.25701812	0.2203257	0.00033234557	0.18450634	0.0	0.0	0.0	0.0	0.0	0.26301372	0.0	0.0	0.012643944	0.5111922	0.0	0.4607526	0.0	0.0	0.0	0.19971363	0.24495928	0.0	0.0	0.0	0.0	0.0	0.0	0.27255824	0.0	0.0	0.0	0.26563385	0.020308448	0.0	0.0	0.33187333	0.2756324	0.0	0.3831865	0.0	0.0	0.19441509	0.0	0.23302524	0.0	0.0	0.0	0.0	0.0	0.0	0.0	0.17323186	0.0	0.49671784	0.0402256	0.0	0.15593354	0.0	0.0
0.0	0.25588202	0.0	0.09943131	0.0	0.0	0.24365008	0.0	0.0	0.0	0.0	0.0	0.0	0.0	0.24629968	0.0	0.43000054	0.0	0.0	0.18856274	0.0	0.0	0.0	0.15570612	0.0	0.031735625	0.0	0.0	0.0	0.05171768	0.007942553	0.0	0.0	0.0	0.0	0.13132246	0.0	0.0	0.0	0.0	0.24134189	0.0	0.026225211	0.0	0.4130639	0.0	0.3509494	0.22794844	0.093309104	0.30923802	0.0	0.0	0.0	0.19571678	0.0	0.0	0.39062145	0.0	0.0	0.22592688	0.2778671	0.0	0.0	0.0	0.0	0.0	0.045437206	0.25994855	0.0	0.17590721	0.16578089	0.0	0.213673	0.0	0.0	0.0	0.0	0.0	0.17810965	0.0	0.0	0.0	0.53512675	0.0	0.3791808	0.0	0.0045998557	0.0	0.19370194	0.16003586	0.0	0.0	0.0	0.0	0.0	0.0	0.18069728	0.0	0.0	0.0	0.25273386	0.034689914	0.0	0.0	0.33500743	0.19187665	0.0	0.34382308	0.0	0.0	0.19718932	0.0	0.25651097	0.0	0.0	0.0	0.0	0.0	0.0	0.0	0.15665887	0.0	0.42949963	0.03472248	0.0	0.16067852	0.0	0.0
0.0	0.28136608	0.0	0.18105234	0.0	0.0	0.31401083	0.0	0.0	0.0	0.0	0.0	0.0	0.0	0.37412402	0.0	0.5568516	0.0	0.0	0.23113686	0.0	0.0	0.0	0.22000617	0.0	0.11633453	0.1489325	0.0	0.0	0.122736625	0.0	0.0	0.0	0.0	0.0	0.13039319	0.0	0.0	0.0	0.0	0.23016143	0.0	0.11507223	0.0	0.22885291	0.0	0.3771915	0.29288045	0.12297658	0.18930721	0.0	0.0	0.0	0.18680973	0.0	0.0	0.23549111	0.0	0.0	0.3219529	0.22077219	0.0	0.0	0.0	0.0	0.0026810449	0.11708337	0.26129958	0.0	0.28927782	0.21423721	0.011135994	0.17816515	0.0	0.0	0.0	0.0	0.0	0.28943238	0.0	0.0	0.06643126	0.48361886	0.0	0.5046355	0.0	0.0	0.0	0.1818965	0.29197752	0.0	0.0	0.0	0.0	0.0	0.0	0.2981732	0.0	0.0	0.0	0.2867691	0.03496251	0.0	0.0	0.3350755	0.30347034	0.0	0.3961608	0.0	0.0	0.17200391	0.0	0.23869915	0.0	0.0	0.0	0.0	0.0	0.0	0.0	0.16396834	0.0	0.5404882	0.060032967	0.0	0.16769914	0.0	0.0
0.0	0.28821483	0.0	0.16069807	0.0	0.0	0.27854308	0.0	0.0	0.0	0.0	0.0	0.0	0.0	0.35491705	0.0	0.52010125	0.0	0.0	0.2525802	0.0	0.0	0.0	0.17536849	0.0	0.07984573	0.11880257	0.0	0.0	0.115122445	0.0	0.0	0.0	0.0	0.0	0.17028119	0.0	0.0	0.0	0.0	0.21185057	0.0	0.110103816	0.0	0.2572604	0.0	0.3693707	0.22211103	0.113976575	0.1619371	0.0	0.0	0.0	0.24801446	0.0	0.0	0.26195613	0.0	0.0	0.3117353	0.17974298	0.0	0.0	0.0	0.0	0.0	0.0795031	0.28480923	0.0	0.27762634	0.25220522	0.0	0.16431415	0.0	0.0	0.0	0.0	0.0	0.30440962	0.0	0.0	0.037642725	0.5107418	0.0	0.57111	0.0	0.0	0.0	0.2152884	0.28352007	0.0	0.0	0.0	0.0	0.0	0.0	0.33400097	0.0	0.0	0.0	0.2527276	0.004428173	0.0	0.0	0.338395	0.3310107	0.0	0.3869795	0.0	0.0	0.20325457	0.0	0.25271896	0.0	0.0	0.0	0.0	0.0	0.0	0.0	0.20752425	0.0	0.5076916	0.05033253	0.0	0.16563974	0.0	0.0
0.0	0.26735175	0.0	0.17416136	0.0	0.0	0.2742531	0.0	0.0	0.0	0.0	0.0	0.0	0.0	0.36769608	0.0	0.5200122	0.0	0.0	0.24719334	0.0	0.0	0.0	0.19720869	0.0	0.09910956	0.12676089	0.0	0.0	0.1130093	0.0	0.0	0.0	0.0	0.0	0.15325512	0.0	0.0	0.0	0.0	0.23110647	0.0	0.11530345	0.0	0.2460979	0.0	0.37009513	0.2274899	0.12956865	0.16716027	0.0	0.0	0.0	0.24359643	0.0	0.0	0.25296807	0.0	0.0	0.31942162	0.18308747	0.0	0.0	0.0	0.0	0.0	0.08140079	0.28561196	0.0	0.28822792	0.24453664	0.0	0.18083881	0.0	0.0	0.0	0.0	0.0	0.3105239	0.0	0.0	0.043233354	0.5141737	0.0	0.55569303	0.0	0.0	0.0	0.20727408	0.28269443	0.0	0.0	0.0	0.0	0.0	0.0	0.3366972	0.0	0.0	0.0	0.25129664	0.006076885	0.0	0.0	0.346177	0.31569943	0.0	0.39452565	0.0	0.0	0.19914879	0.0	0.23127443	0.0	0.0	0.0	0.0	0.0	0.0	0.0	0.200267	0.0	0.5051531	0.045573562	0.0	0.16921943	0.0	0.0
0.0	0.25102478	0.0	0.15000135	0.0	0.0	0.28824612	0.0	0.0	0.0	0.0	0.0	0.0	0.0	0.37023082	0.0	0.5198886	0.0	0.0	0.21829371	0.0	0.0	0.0	0.19087751	0.0	0.090418816	0.12783302	0.0	0.0	0.10232029	0.0	0.0	0.0	0.0	0.0	0.14928581	0.0	0.0	0.0	0.0	0.21808487	0.0	0.10662814	0.0	0.23645116	0.0	0.3751613	0.27547413	0.10523782	0.20235114	0.0	0.0	0.0	0.20880723	0.0	0.0	0.24181877	0.0	0.0	0.32878983	0.20169695	0.0	0.0	0.0	0.0	0.0	0.10334893	0.28701615	0.0	0.29251736	0.20440269	0.006380316	0.18014872	0.0	0.0	0.0	0.0	0.0	0.28921136	0.0	0.0	0.05161677	0.5029349	0.0	0.49881196	0.0	0.0	0.0	0.20061986	0.2760722	0.0	0.0	0.0	0.0	0.0	0.0	0.29127756	0.0	0.0	0.0	0.27110496	0.012085528	0.0	0.0	0.32946882	0.30036676	0.0	0.40439752	0.0	0.0	0.19032218	0.0	0.24021208	0.0	0.0	0.0	0.0	0.0	0.0	0.0	0.17017949	0.0	0.50035137	0.054457933	0.0	0.16300863	0.0	0.0
0.0	0.2466246	0.0	0.0983971	0.0	0.0	0.24375887	0.0	0.0	0.0	0.0	0.0	0.0	0.0	0.2528791	0.0	0.41760755	0.0	0.0	0.18634367	0.0	0.0	0.0	0.1526527	0.0	0.036066804	0.0	0.0	0.0	0.04968707	0.0	0.0	0.0	0.0	0.0	0.13384385	0.0	0.0	0.0	0.0	0.23841947	0.0	0.032996953	0.0	0.3764147	0.0	0.33303222	0.22649114	0.09535646	0.30895	0.0	0.0	0.0	0.18859488	0.0	0.0	0.37445855	0.0	0.0	0.22600965	0.26087403	0.0	0.0	0.0	0.0	0.0	0.034434497	0.26215455	0.0	0.17784065	0.15399791	0.0	0.2216003	0.0	0.0	0.0	0.0	0.0	0.19735074	0.0	0.0	0.0	0.5203521	0.0	0.38567635	0.0	0.004264228	0.0	0.18611749	0.16358857	0.0	0.0	0.0	0.0	0.0	0.0	0.17854857	0.0	0.0	0.0	0.25475165	0.028057009	0.0	0.0	0.33419156	0.19338654	0.0	0.3330671	0.0	0.0	0.19717221	0.0	0.24417333	0.0	0.0	0.0	0.0	0.0	0.0	0.0	0.15907662	0.0	0.4029634	0.031803574	0.0	0.14908892	0.0	0.0
0.0	0.26549795	0.0	0.13592397	0.0	0.0	0.27232715	0.0	0.0	0.0	0.0	0.0	0.0	0.0	0.4109969	0.0	0.49096212	0.0	0.0	0.25454953	0.0	0.0	0.0	0.16594888	0.0	0.0298383	0.10739837	0.0	0.0	0.12564163	0.0	0.0	0.0	0.0	0.0	0.18646352	0.0	0.0	0.0	0.0	0.2574757	0.0	0.1609981	0.0	0.19811904	0.0	0.39953414	0.1780424	0.11012735	0.15025976	0.0	0.0	0.0	0.2666717	0.0	0.0	0.23124711	0.0	0.0	0.34235606	0.12819141	0.0	0.0	0.0	0.0	0.0	0.020913003	0.35937595	0.0	0.31364962	0.24300463	0.0	0.20282996	0.0	0.0	0.0	0.0	0.0	0.40754032	0.0	0.0	0.06839523	0.54736066	0.0	0.6667113	0.0	0.0	0.0	0.22526723	0.28024006	0.0	0.0	0.0	0.0	0.0	0.0	0.38559464	0.0	0.0	0.0	0.22442377	0.0	0.0	0.0	0.3746346	0.37593427	0.0	0.41731706	0.0	0.0	0.19808216	0.0	0.27270162	0.0	0.0	0.0	0.0	0.0	0.0	0.0	0.21890931	0.0	0.46956182	0.0322849	0.0	0.16161074	0.0	0.0
0.0	0.27952686	0.0	0.14628442	0.0	0.0	0.26982224	0.0	0.0	0.0	0.0	0.0	0.0	0.0	0.43661237	0.0	0.49725533	0.0	0.0	0.30182898	0.0	0.0	0.0	0.12550336	0.0	0.050967734	0.111170076	0.0	0.0	0.14990647	0.0	0.0	0.0	0.0	0.0	0.18109123	0.0	0.0	0.0	0.0	0.33849517	0.0	0.17183451	0.0	0.17027867	0.0	0.38707677	0.1310975	0.15761156	0.09938433	0.0	0.0	0.0	0.27603853	0.0	0.0	0.21976554	0.0	0.0	0.33605257	0.10728296	0.0	0.0	0.0	0.0	0.0	0.009397689	0.40730777	0.0	0.3106428	0.2395591	0.0	0.21902032	0.0	0.0	0.0	0.0	0.0	0.4211187	0.0	0.0	0.08655123	0.5314591	0.0	0.7921352	0.0	0.0	0.0	0.23457421	0.26201102	0.0	0.0	0.0	0.0	0.0	0.0	0.44119838	0.0	0.0	0.0	0.1812138	0.0	0.0	0.0	0.38387474	0.4304829	0.0	0.41217235	0.0	0.0	0.21256442	0.0	0.27318606	0.0	0.0	0.0	0.0	0.0	0.0	0.0	0.22168867	0.0	0.45604548	0.057083428	0.0	0.16410875	0.0	0.0
0.0	0.28181612	0.0	0.1533981	0.0	0.0	0.2564047	0.0	0.0	0.0	0.0	0.0	0.0	0.0	0.44639292	0.0	0.5118006	0.0	0.0	0.2975358	0.0	0.0	0.0	0.14838956	0.0	0.051770512	0.12089457	0.0	0.0	0.14879239	0.0	0.0	0.0	0.0	0.0	0.19298083	0.0	0.0	0.0	0.0	0.33294168	0.0	0.17135103	0.0	0.1590005	0.0	0.39867195	0.120350026	0.1537459	0.08597096	0.0	0.0	0.0	0.27952927	0.0	0.0	0.21442604	0.0	0.0	0.33925465	0.09916258	0.0	0.0	0.0	0.0	0.0	0.007976851	0.4094437	0.0	0.31041142	0.2711754	0.0	0.21494187	0.0	0.0	0.0	0.0	0.0	0.4409974	0.0	0.0	0.085980594	0.5443231	0.0	0.8111849	0.0	0.0	0.0	0.23064981	0.2850676	0.0	0.0	0.0	0.0	0.0	0.0	0.4665587	0.0	0.0	0.0	0.18527998	0.0	0.0	0.0	0.39417028	0.44153833	0.0	0.43575886	0.0	0.0	0.20575167	0.0	0.2743622	0.0	0.0	0.0	0.0	0.0	0.0	0.0	0.22653975	0.0	0.4579536	0.035962973	0.0	0.16321178	0.0	0.0
0.0	0.29270452	0.0	0.14987892	0.0	0.0	0.2622748	0.0	0.0	0.0	0.0	0.0	0.0	0.0	0.40489244	0.0	0.50490636	0.0	0.0	0.2828798	0.0	0.0	0.0	0.14006105	0.0	0.045346927	0.10314414	0.0	0.0	0.12428188	0.0	0.0	0.0	0.0	0.0	0.17355748	0.0	0.0	0.0	0.0	0.3320254	0.0	0.14400333	0.0	0.19877212	0.0	0.38501313	0.1458144	0.14005964	0.1090661	0.0	0.0	0.0	0.26929745	0.0	0.0	0.2281727	0.0	0.0	0.33344534	0.11210028	0.0	0.0	0.0	0.0	0.0	0.02710904	0.37209067	0.0	0.30903247	0.26476642	0.0	0.172801	0.0	0.0	0.0	0.0	0.0	0.39989284	0.0	0.0	0.046326447	0.5527962	0.0	0.7525513	0.0017973781	0.0	0.0	0.23493803	0.2621474	0.0	0.0	0.0	0.0	0.0	0.0	0.41472176	0.0	0.0	0.0	0.18822753	0.0008502615	0.0	0.0	0.3679888	0.40497565	0.0	0.43742633	0.0	0.0	0.22250508	0.0	0.27461147	0.0	0.0	0.0	0.0	0.0	0.0	0.0	0.21196413	0.0	0.46696785	0.053188052	0.0	0.15940912	0.0	0.0
0.0	0.28291848	0.0	0.13575818	0.0	0.0	0.293444	0.0	0.0	0.0	0.0	0.0	0.0	0.0	0.49564025	0.0	0.5272966	0.0	0.0	0.30436957	0.0	0.0	0.0	0.17589922	0.0	0.043662995	0.08458703	0.0	0.0	0.14347844	0.0	0.0	0.0	0.0	0.0	0.17031412	0.0	0.0	0.0	0.0	0.30923727	0.0	0.2160496	0.0	0.16482037	0.0	0.4189922	0.16149919	0.14178707	0.13332367	0.0	0.0	0.0	0.26833498	0.0	0.0	0.21119578	0.0	0.0	0.3175827	0.09497887	0.0	0.0	0.0	0.0	0.0	0.012615312	0.42423794	0.0	0.31509775	0.20922548	0.0	0.25899997	0.0	0.0	0.0	0.0	0.0	0.4531941	0.0	0.0	0.10079641	0.5470483	0.0	0.82361513	0.0	0.0	0.0	0.20263915	0.27554932	0.0	0.0	0.0	0.0	0.0	0.0	0.47458133	0.0	0.0	0.0	0.2104332	0.0021281044	0.0	0.0	0.41003904	0.4227216	0.0	0.43907213	0.0	0.0	0.206684	0.0	0.26404452	0.0	0.0	0.0	0.0	0.0	0.0	0.0	0.21677406	0.0	0.46333194	0.029299458	0.0	0.16143854	0.0	0.0
0.0	0.27617422	0.0	0.16121392	0.0	0.0	0.2797813	0.0	0.0	0.0	0.0	0.0	0.0	0.0	0.40977296	0.0	0.5179836	0.0	0.0	0.27108347	0.0	0.0	0.0	0.16750194	0.0	0.037662253	0.13329805	0.0	0.0	0.14311111	0.0	0.0	0.0	0.0	0.0	0.16243035	0.0	0.0	0.0	0.0	0.25961253	0.0	0.1595924	0.0	0.17653745	0.0	0.38716784	0.17839257	0.123664975	0.13372064	0.0	0.0	0.0	0.23317899	0.0	0.0	0.18550138	0.0	0.0	0.32474205	0.14084755	0.0	0.0	0.0	0.0	0.0	0.06214736	0.32906672	0.0	0.3242352	0.22728111	0.0	0.1624416	0.0	0.0	0.0	0.0	0.0	0.3785874	0.0	0.0	0.040225387	0.5393612	0.0	0.6920454	0.0	0.0	0.0	0.23630886	0.28001997	0.0	0.0	0.0	0.0	0.0	0.0	0.4180604	0.0	0.0	0.0	0.22400117	0.0054383464	0.0	0.0	0.35558686	0.4079109	0.0	0.45596814	0.0	0.0	0.20204927	0.0	0.25564596	0.0	0.0	0.0	0.0	0.0	0.0	0.0	0.18195307	0.0	0.48697552	0.04817058	0.0	0.16058737	0.0	0.0
0.0	0.28145245	0.0	0.14742674	0.0	0.0	0.25257352	0.0	0.0	0.0	0.0	0.0	0.0	0.0	0.440693	0.0	0.5041087	0.0	0.0	0.283313	0.0	0.0	0.0	0.12965094	0.0	0.051117938	0.11100664	0.0	0.0	0.14060836	0.0	0.0	0.0	0.0	0.0	0.18045676	0.0	0.0	0.0	0.0	0.33597088	0.0	0.16018009	0.0	0.17319445	0.0	0.40136266	0.12851317	0.14172222	0.09466443	0.0	0.0	0.0	0.27506956	0.0	0.0	0.23540248	0.0	0.0	0.33905602	0.091778465	0.0	0.0	0.0	0.0	0.0	0.014653499	0.39940074	0.0	0.31022367	0.25827906	0.0	0.21124613	0.0	0.0	0.0	0.0	0.0	0.41858932	0.0	0.0	0.07742628	0.53836185	0.0	0.7942572	0.0	0.0	0.0	0.23401582	0.2809456	0.0	0.0	0.0	0.0	0.0	0.0	0.4409512	0.0	0.0	0.0	0.19081013	0.0	0.0	0.0	0.38993657	0.42846346	0.0	0.43785325	0.0	0.0	0.2151628	0.0	0.27226946	0.0	0.0	0.0	0.0	0.0	0.0	0.0	0.21379729	0.0	0.4597398	0.032216158	0.0	0.15620616	0.0	0.0
0.0	0.28112695	0.0	0.14969409	0.0	0.0	0.25389156	0.0	0.0	0.0	0.0	0.0	0.0	0.0	0.44628322	0.0	0.5111014	0.0	0.0	0.3003577	0.0	0.0	0.0	0.15278235	0.0	0.051766366	0.112178825	0.0	0.0	0.14307052	0.0	0.0	0.0	0.0	0.0	0.18812525	0.0	0.0	0.0	0.0	0.32771483	0.0	0.17765594	0.0	0.15356424	0.0	0.39706123	0.14105761	0.14955549	0.09038959	0.0	0.0	0.0	0.2758119	0.0	0.0	0.20574641	0.0	0.0	0.35093603	0.10316185	0.0	0.0	0.0	0.0	0.0	0.013732388	0.40460858	0.0	0.32335028	0.24388401	0.0	0.21502542	0.0	0.0	0.0	0.0	0.0	0.43646893	0.0	0.0	0.08593363	0.5444636	0.0	0.8064646	0.0	0.0	0.0	0.2357	0.2819731	0.0	0.0	0.0	0.0	0.0	0.0	0.46735588	0.0	0.0	0.0	0.18182062	0.0042648413	0.0	0.0	0.38561884	0.44625092	0.0	0.43694592	0.0	0.0	0.20726764	0.0	0.27111658	0.0	0.0	0.0	0.0	0.0	0.0	0.0	0.21643512	0.0	0.46867815	0.05146273	0.0	0.16479142	0.0	0.0
0.0	0.2817613	0.0	0.13201939	0.0	0.0	0.24920304	0.0	0.0	0.0	0.0	0.0	0.0	0.0	0.35348538	0.0	0.4717773	0.0	0.0	0.24570028	0.0	0.0	0.0	0.12145301	0.0	0.049945414	0.06253751	0.0	0.0	0.098646425	0.0	0.0	0.0	0.0	0.0	0.16650333	0.0	0.0	0.0	0.0	0.29880488	0.0	0.10989345	0.0	0.25437197	0.0	0.37278995	0.13845888	0.12520838	0.16166013	0.0	0.0	0.0	0.26357308	0.0	0.0	0.26801035	0.0	0.0	0.29374635	0.13747941	0.0	0.0	0.0	0.0	0.0	0.018836742	0.3473368	0.0	0.2669731	0.24825399	0.0	0.18896325	0.0	0.0	0.0	0.0	0.0	0.34586814	0.0	0.0	0.014115684	0.5460615	0.0	0.65518445	0.0	0.0	0.0	0.24726212	0.23910789	0.0	0.0	0.0	0.0	0.0	0.0	0.34571907	0.0	0.0	0.0	0.19352366	0.0	0.0	0.0	0.3689362	0.35332432	0.0	0.41909742	0.0	0.0	0.22430432	0.0	0.259405	0.0	0.0	0.0	0.0	0.0	0.0	0.0	0.20505238	0.0	0.44034445	0.04039204	0.0	0.15493967	0.0	0.0
0.0	0.29133224	0.0	0.16557212	0.0	0.0	0.27076253	0.0	0.0	0.0	0.0	0.0	0.0	0.0	0.4371251	0.0	0.5161316	0.0	0.0	0.30481365	0.0	0.0	0.0	0.16102485	0.0	0.07977068	0.12975253	0.0	0.0	0.13780773	0.0	0.0	0.0	0.0	0.0	0.18524541	0.0	0.0	0.0	0.0	0.32776722	0.0	0.18547429	0.0	0.1421028	0.0	0.37940797	0.16385905	0.16478707	0.1088492	0.0	0.0	0.0	0.25785282	0.0	0.0	0.19210114	0.0	0.0	0.362059	0.12790543	0.0	0.0	0.0	0.0	0.0	0.016670762	0.39448357	0.0	0.3257394	0.23758256	0.0	0.19729115	0.0	0.0	0.0	0.0	0.0	0.41766036	0.0	0.0	0.0754059	0.5425398	0.0	0.7992075	0.0	0.0	0.0	0.22149666	0.25987738	0.0	0.0	0.0	0.0	0.0	0.0	0.4543893	0.0	0.0	0.0	0.19083977	0.008798062	0.0	0.0	0.36618003	0.4524357	0.0	0.44549045	0.0	0.0	0.19805114	0.0	0.26307106	0.0	0.0	0.0	0.0	0.0	0.0	0.0	0.20134795	0.0	0.4598976	0.058350038	0.0	0.15368159	0.0	0.0
0.0	0.2958651	0.0	0.14571543	0.0	0.0	0.25874397	0.0	0.0	0.0	0.0	0.0	0.0	0.0	0.41642284	0.0	0.52572745	0.0	0.0	0.32147518	0.0	0.0	0.0	0.13784158	0.0	0.0680173	0.11208781	0.0	0.0	0.15141024	0.0	0.0	0.0	0.0	0.0	0.17936003	0.0	0.0	0.0	0.0	0.3305887	0.0	0.16358782	0.0	0.18255286	0.0	0.38273022	0.14013784	0.17648835	0.097329766	0.0	0.0	0.0	0.2513565	0.0	0.0	0.2056952	0.0	0.0	0.33316723	0.12303317	0.0	0.0	0.0	0.0	0.0	0.037500523	0.39989457	0.0	0.2987847	0.24596532	0.0	0.18624355	0.0	0.0	0.0	0.0	0.0	0.4137101	0.0	0.0	0.05513859	0.543071	0.0	0.8189261	0.0	0.0	0.0	0.2397942	0.23491113	0.0	0.0	0.0	0.0	0.0	0.0	0.45916128	0.0	0.0	0.0	0.17807525	0.014765955	0.0	0.0	0.3726233	0.43661675	0.0	0.4565691	0.0	0.0	0.2129863	0.0	0.26066282	0.0	0.0	0.0	0.0	0.0	0.0	0.0	0.20370327	0.0	0.4741148	0.06585283	0.0	0.15936083	0.0	0.0
0.0	0.28354526	0.0	0.14767654	0.0	0.0	0.2643976	0.0	0.0	0.0	0.0	0.0	0.0	0.0	0.44210923	0.0	0.5228379	0.0	0.0	0.31420386	0.0	0.0	0.0	0.13805276	0.0	0.07261056	0.11804529	0.0	0.0	0.15433083	0.0	0.0	0.0	0.0	0.0	0.18653502	0.0	0.0	0.0	0.0	0.3441547	0.0	0.17608209	0.0	0.1654109	0.0	0.38900805	0.13102575	0.17095657	0.08405149	0.0	0.0	0.0	0.2577308	0.0	0.0	0.20558108	0.0	0.0	0.35012734	0.11194301	0.0	0.0	0.0	0.0	0.0	0.027059318	0.41598177	0.0	0.3144502	0.24804418	0.0	0.20575885	0.0	0.0	0.0	0.0	0.0	0.43215945	0.0	0.0	0.07961156	0.53945184	0.0	0.8277519	0.00101671	0.0	0.0	0.23106249	0.26160726	0.0	0.0	0.0	0.0	0.0	0.0	0.4733348	0.0	0.0	0.0	0.18019165	0.011578009	0.0	0.0	0.37771526	0.44740853	0.0	0.44704795	0.0	0.0	0.21109237	0.0	0.26628098	0.0	0.0	0.0	0.0	0.0	0.0	0.0	0.21296494	0.0	0.4685022	0.060176384	0.0	0.16783349	0.0	0.0
0.0	0.278421	0.0	0.15905046	0.0	0.0	0.2633541	0.0	0.0	0.0	0.0	0.0	0.0	0.0	0.45256925	0.0	0.51052237	0.0	0.0	0.30160233	0.0	0.0	0.0	0.13966244	0.0	0.070145875	0.12363735	0.0	0.0	0.14964338	0.0	0.0	0.0	0.0	0.0	0.17932934	0.0	0.0	0.0	0.0	0.33175406	0.0	0.17622627	0.0	0.15542166	0.0	0.39552343	0.1301462	0.15923971	0.089823075	0.0	0.0	0.0	0.27278498	0.0	0.0	0.2116819	0.0	0.0	0.34886947	0.10934183	0.0	0.0	0.0	0.0	0.0	0.020307733	0.40017226	0.0	0.32192928	0.24533708	0.0	0.21984105	0.0	0.0	0.0	0.0	0.0	0.42237136	0.0	0.0	0.08469182	0.5392359	0.0	0.817655	0.0	0.0	0.0	0.24102132	0.2789952	0.0	0.0	0.0	0.0	0.0	0.0	0.46108964	0.0	0.0	0.0	0.18567075	0.0033885837	0.0	0.0	0.38202822	0.44758013	0.0	0.4374809	0.0	0.0	0.20938759	0.0	0.26614463	0.0	0.0	0.0	0.0	0.0	0.0	0.0	0.21614134	0.0	0.45641932	0.050953846	0.0	0.15843423	0.0	0.0
0.0	0.29260066	0.0	0.14639443	0.0	0.0	0.23886192	0.0	0.0	0.0	0.0	0.0	0.0	0.0	0.3218042	0.0	0.48624578	0.0	0.0	0.2524601	0.0	0.0	0.0	0.122521125	0.0	0.047314275	0.06835124	0.0	0.0	0.10932467	0.0	0.0	0.0	0.0	0.0	0.13707753	0.0	0.0	0.0	0.0	0.28880134	0.0	0.09825709	0.0	0.3050525	0.0	0.3724176	0.14954238	0.11352757	0.16733412	0.0	0.0	0.0	0.26393017	0.0	0.0	0.2892839	0.0	0.0	0.28229013	0.1470557	0.0	0.0	0.0	0.0	0.0	0.035517335	0.3113011	0.0	0.26702902	0.28119168	0.0	0.15446486	0.0	0.0	0.0	0.0	0.0	0.32345703	0.0	0.0	0.0	0.5484209	0.0	0.6171872	0.0	0.0	0.0	0.24178521	0.2360514	0.0	0.0	0.0	0.0	0.0	0.0	0.34346616	0.0	0.0	0.0	0.20351559	0.0	0.0	0.0	0.37180364	0.33470953	0.0	0.4383655	0.0	0.0	0.2377289	0.0	0.24806376	0.0	0.0	0.0	0.0	0.0	0.0	0.0	0.19963841	0.0	0.47199857	0.026456544	0.0	0.15483736	0.0	0.0
0.0	0.29465976	0.0	0.156146	0.0	0.0	0.2599086	0.0	0.0	0.0	0.0	0.0	0.0	0.0	0.39229453	0.0	0.5036405	0.0	0.0	0.29057696	0.0	0.0	0.0	0.13719325	0.0	0.05701671	0.10348221	0.0	0.0	0.14041546	0.0	0.0	0.0	0.0	0.0	0.17428689	0.0	0.0	0.0	0.0	0.32116458	0.0	0.15629555	0.0	0.19578676	0.0	0.3768463	0.14402924	0.15089144	0.12490656	0.0	0.0	0.0	0.2521536	0.0	0.0	0.2192328	0.0	0.0	0.32237515	0.12269654	0.0	0.0	0.0	0.0	0.0	0.02243755	0.37424842	0.0	0.3083082	0.23937277	0.0	0.17583571	0.0	0.0	0.0	0.0	0.0	0.40018865	0.0	0.0	0.038090125	0.54804254	0.0	0.75752425	0.0	0.0	0.0	0.23036365	0.2316253	0.0	0.0	0.0	0.0	0.0	0.0	0.4233264	0.0	0.0	0.0	0.18773162	0.0077396445	0.0	0.0	0.36283544	0.41436243	0.0	0.44468024	0.0	0.0	0.21380532	0.0	0.2636051	0.0	0.0	0.0	0.0	0.0	0.0	0.0	0.19325876	0.0	0.4692069	0.05661844	0.0	0.15502046	0.0	0.0
0.0	0.26442745	0.0	0.16514854	0.0	0.0	0.2927728	0.0	0.0	0.0	0.0	0.0	0.0	0.0	0.42570373	0.0	0.5450577	0.0	0.0	0.2607168	0.0	0.0	0.0	0.17665212	0.0	0.04318102	0.15992415	0.0	0.0	0.13470547	0.0	0.0	0.0	0.0	0.0	0.14859962	0.0	0.0	0.0	0.0	0.24388617	0.0	0.16943973	0.0	0.1506932	0.0	0.4158045	0.22363324	0.12719303	0.12100953	0.0	0.0	0.0	0.24570566	0.0	0.0	0.18118723	0.0	0.0	0.3555312	0.15823965	0.0	0.0	0.0	0.0	0.0	0.08557866	0.3430047	0.0	0.3355776	0.22037376	0.0	0.20338716	0.0	0.0	0.0	0.0	0.0	0.3811401	0.0	0.0	0.0782773	0.5080108	0.0	0.66609734	0.0	0.0	0.0	0.21512234	0.30797756	0.0	0.0	0.0	0.0	0.0	0.0	0.41319546	0.0	0.0	0.0	0.23092568	0.0	0.0	0.0	0.3609713	0.40294334	0.0	0.44494	0.0	0.0	0.19778769	0.0	0.24730761	0.0	0.0	0.0	0.0	0.0	0.0	0.0	0.18108106	0.0	0.48959985	0.06769215	0.0	0.167931	0.0	0.0
0.0	0.2810023	0.0	0.15237294	0.0	0.0	0.2574328	0.0	0.0	0.0	0.0	0.0	0.0	0.0	0.42738307	0.0	0.49761844	0.0	0.0	0.28770813	0.0	0.0	0.0	0.13059556	0.0	0.054541368	0.104962505	0.0	0.0	0.14530107	0.0	0.0	0.0	0.0	0.0	0.19029331	0.0	0.0	0.0	0.0	0.3287179	0.0	0.16629432	0.0	0.18054175	0.0	0.39484408	0.12555586	0.14454608	0.099004515	0.0	0.0	0.0	0.2644113	0.0	0.0	0.22767039	0.0	0.0	0.33913788	0.10737356	0.0	0.0	0.0	0.0	0.0	0.025325777	0.39707276	0.0	0.30935994	0.25000665	0.0	0.20243777	0.0	0.0	0.0	0.0	0.0	0.41087297	0.0	0.0	0.0649268	0.5429596	0.0	0.7925593	0.0	0.0	0.0	0.24527065	0.2633917	0.0	0.0	0.0	0.0	0.0	0.0	0.44389978	0.0	0.0	0.0	0.17997646	0.0	0.0	0.0	0.3762667	0.43172762	0.0	0.44508216	0.0	0.0	0.21170856	0.0	0.2837479	0.0	0.0	0.0	0.0	0.0	0.0	0.0	0.20620322	0.0	0.45232472	0.052664533	0.0	0.16804214	0.0	0.0
0.0	0.28479296	0.0	0.14437771	0.0	0.0	0.271075	0.0	0.0	0.0	0.0	0.0	0.0	0.0	0.4503663	0.0	0.5192725	0.0	0.0	0.32070398	0.0	0.0	0.0	0.1328016	0.0	0.06402301	0.11596378	0.0	0.0	0.15415461	0.0	0.0	0.0	0.0	0.0	0.17903425	0.0	0.0	0.0	0.0	0.34712264	0.0	0.17163062	0.0	0.15968727	0.0	0.3891767	0.14351928	0.16512588	0.09283283	0.0	0.0	0.0	0.25735596	0.0	0.0	0.20165205	0.0	0.0	0.34902668	0.103974275	0.0	0.0	0.0	0.0	0.0	0.030556062	0.4188033	0.0	0.31522235	0.23641308	0.0	0.20465666	0.0	0.0	0.0	0.0	0.0	0.43529356	0.0	0.0	0.072327316	0.5491922	0.0	0.83200234	0.005382811	0.0	0.0	0.22884525	0.25068733	0.0	0.0	0.0	0.0	0.0	0.0	0.4645538	0.0	0.0	0.0	0.18818408	0.014475233	0.0	0.0	0.3825015	0.44551715	0.0	0.44885898	0.0	0.0	0.21004687	0.0	0.27330598	0.0	0.0	0.0	0.0	0.0	0.0	0.0	0.21030726	0.0	0.4741664	0.06411084	0.0	0.15944569	0.0	0.0
0.0	0.29084337	0.0	0.16500376	0.0	0.0	0.2634704	0.0	0.0	0.0	0.0	0.0	0.0	0.0	0.40698704	0.0	0.51284504	0.0	0.0	0.30233654	0.0	0.0	0.0	0.1343563	0.0	0.07019749	0.1058021	0.0	0.0	0.15306178	0.0	0.0	0.0	0.0	0.0	0.17436022	0.0	0.0	0.0	0.0	0.32607716	0.0	0.16349877	0.0	0.20662053	0.0	0.3779818	0.13719498	0.15883397	0.11110637	0.0	0.0	0.0	0.24755907	0.0	0.0	0.22044855	0.0	0.0	0.3358784	0.12502562	0.0	0.0	0.0	0.0	0.0	0.029067865	0.3836019	0.0	0.312615	0.23325337	0.0	0.17584212	0.0	0.0	0.0	0.0	0.0	0.3878115	0.0	0.0	0.04074064	0.5477466	0.0	0.7799323	0.0	0.0	0.0	0.23748417	0.23301649	0.0	0.0	0.0	0.0	0.0	0.0	0.43814376	0.0	0.0	0.0	0.18028094	0.0068052695	0.0	0.0	0.35747036	0.4236382	0.0	0.44554433	0.0	0.0	0.21532829	0.0	0.2640052	0.0	0.0	0.0	0.0	0.0	0.0	0.0	0.1984239	0.0	0.47621706	0.06874853	0.0	0.15995726	0.0	0.0
0.0	0.269126	0.0	0.16813529	0.0	0.0	0.28313103	0.0	0.0	0.0	0.0	0.0	0.0	0.0	0.43779084	0.0	0.5316047	0.0	0.0	0.27890524	0.0	0.0	0.0	0.17434132	0.0	0.02562891	0.14603575	0.0	0.0	0.15618782	0.0	0.0	0.0	0.0	0.0	0.16153066	0.0	0.0	0.0	0.0	0.24922764	0.0	0.16930135	0.0	0.16702895	0.0	0.40401402	0.19718874	0.13247065	0.121334665	0.0	0.0	0.0	0.23390369	0.0	0.0	0.18316697	0.0	0.0	0.3583273	0.13775304	0.0	0.0	0.0	0.0	0.0	0.07161755	0.35694608	0.0	0.3371005	0.22313718	0.0	0.17435817	0.0	0.0	0.0	0.0	0.0	0.3962953	0.0	0.0	0.07142455	0.5318413	0.0	0.7030034	0.0	0.0	0.0	0.22573674	0.28505123	0.0	0.0	0.0	0.0	0.0	0.0	0.42955408	0.0	0.0	0.0	0.21397412	0.0045515485	0.0	0.0	0.3578064	0.40641046	0.0	0.45136046	0.0	0.0	0.19250123	0.0	0.25603426	0.0	0.0	0.0	0.0	0.0	0.0	0.0	0.18599568	0.0	0.49999103	0.05516177	0.0	0.16006328	0.0	0.0
0.0	0.28578007	0.0	0.15892084	0.0	0.0	0.2635658	0.0	0.0	0.0	0.0	0.0	0.0	0.0	0.4204369	0.0	0.5172571	0.0	0.0	0.29977357	0.0	0.0	0.0	0.14120299	0.0	0.07493296	0.10832604	0.0	0.0	0.1494344	0.0	0.0	0.0	0.0	0.0	0.18178983	0.0	0.0	0.0	0.0	0.33319485	0.0	0.1593001	0.0	0.19100356	0.0	0.38269392	0.13702697	0.16222964	0.099315256	0.0	0.0	0.0	0.24500854	0.0	0.0	0.21908633	0.0	0.0	0.3367238	0.12214055	0.0	0.0	0.0	0.0	0.0	0.026755303	0.38986278	0.0	0.3128794	0.23873048	0.0	0.17956395	0.0	0.0	0.0	0.0	0.0	0.3961124	0.0	0.0	0.051025677	0.54310846	0.0	0.7911715	0.0	0.0	0.0	0.23863995	0.24569643	0.0	0.0	0.0	0.0	0.0	0.0	0.44498408	0.0	0.0	0.0	0.1844968	0.008239533	0.0	0.0	0.36577627	0.43447328	0.0	0.44558668	0.0	0.0	0.21705802	0.0	0.27305865	0.0	0.0	0.0	0.0	0.0	0.0	0.0	0.202042	0.0	0.47114265	0.06021324	0.0	0.16199899	0.0	0.0
0.0	0.28112456	0.0	0.16332483	0.0	0.0	0.24965365	0.0	0.0	0.0	0.0	0.0	0.0	0.0	0.42603073	0.0	0.5113095	0.0	0.0	0.30330798	0.0	0.0	0.0	0.14615902	0.0	0.059789818	0.10986033	0.0	0.0	0.15077892	0.0	0.0	0.0	0.0	0.0	0.18694292	0.0	0.0	0.0	0.0	0.32249925	0.0	0.17327976	0.0	0.1771781	0.0	0.38004884	0.11228814	0.15778336	0.09850017	0.0	0.0	0.0	0.2597206	0.0	0.0	0.20430274	0.0	0.0	0.32502472	0.11911348	0.0	0.0	0.0	0.0	0.0	0.007999598	0.39665976	0.0	0.31428352	0.2436235	0.0	0.21574974	0.0	0.0	0.0	0.0	0.0	0.4188865	0.0	0.0	0.063775115	0.5387288	0.0	0.8052137	0.0	0.0	0.0	0.23876476	0.25852773	0.0	0.0	0.0	0.0	0.0	0.0	0.46360883	0.0	0.0	0.0	0.18336426	0.0	0.0	0.0	0.38060474	0.44074014	0.0	0.4427121	0.0	0.0	0.21447879	0.0	0.2615972	0.0	0.0	0.0	0.0	0.0	0.0	0.0	0.21378534	0.0	0.47078684	0.053616505	0.0	0.16444269	0.0	0.0
0.0	0.29207918	0.0	0.1564881	0.0	0.0	0.25217688	0.0	0.0	0.0	0.0	0.0	0.0	0.0	0.38045648	0.0	0.49497962	0.0	0.0	0.27011576	0.0	0.0	0.0	0.12783231	0.0	0.066761315	0.09018979	0.0	0.0	0.12670037	0.0	0.0	0.0	0.0	0.0	0.16133058	0.0	0.0	0.0	0.0	0.33040288	0.0	0.13215171	0.0	0.22718072	0.0	0.37666306	0.12674962	0.13749617	0.12059772	0.0	0.0	0.0	0.2692354	0.0	0.0	0.2460305	0.0	0.0	0.30870822	0.12804194	0.0	0.0	0.0	0.0	0.0	0.026262395	0.36185965	0.0	0.2878437	0.25870168	0.0	0.16999479	0.0	0.0	0.0	0.0	0.0	0.37159887	0.0	0.0	0.019108577	0.5408134	0.0	0.7372308	0.0	0.0	0.0	0.24445856	0.23867851	0.0	0.0	0.0	0.0	0.0	0.0	0.39522585	0.0	0.0	0.0	0.18514228	0.0031590909	0.0	0.0	0.36543044	0.39559135	0.0	0.43564972	0.0	0.0	0.22878693	0.0	0.26529023	0.0	0.0	0.0	0.0	0.0	0.0	0.0	0.20180237	0.0	0.45214114	0.049730867	0.0	0.15413375	0.0	0.0
0.0	0.27300635	0.0	0.16097741	0.0	0.0	0.28424883	0.0	0.0	0.0	0.0	0.0	0.0	0.0	0.45334098	0.0	0.5244697	0.0	0.0	0.28483543	0.0	0.0	0.0	0.17492528	0.0	0.015307763	0.13800776	0.0	0.0	0.15486747	0.0	0.0	0.0	0.0	0.0	0.1720047	0.0	0.0	0.0	0.0	0.27514374	0.0	0.17251153	0.0	0.16161576	0.0	0.40374795	0.17273164	0.13667981	0.11206136	0.0	0.0	0.0	0.24226578	0.0	0.0	0.18958986	0.0	0.0	0.35896575	0.1313636	0.0	0.0	0.0	0.0	0.0	0.04977718	0.37312555	0.0	0.33732975	0.22785826	0.0	0.18818183	0.0	0.0	0.0	0.0	0.0	0.41191855	0.0	0.0	0.08182747	0.5480535	0.0	0.73410684	0.0	0.0	0.0	0.22996217	0.28880122	0.0	0.0	0.0	0.0	0.0	0.0	0.44141778	0.0	0.0	0.0	0.21133636	0.0	0.0	0.0	0.37178853	0.4172957	0.0	0.44915918	0.0	0.0	0.19598222	0.0	0.27201766	0.0	0.0	0.0	0.0	0.0	0.0	0.0	0.20447607	0.0	0.4915588	0.053741235	0.0	0.16903134	0.0	0.0
0.0	0.29117784	0.0	0.15535957	0.0	0.0	0.2476697	0.0	0.0	0.0	0.0	0.0	0.0	0.0	0.37551466	0.0	0.4993058	0.0	0.0	0.28330907	0.0	0.0	0.0	0.1261488	0.0	0.07457701	0.09503283	0.0	0.0	0.1353646	0.0	0.0	0.0	0.0	0.0	0.16510665	0.0	0.0	0.0	0.0	0.321284	0.0	0.1383058	0.0	0.23264204	0.0	0.3790383	0.14692919	0.14933547	0.1247161	0.0	0.0	0.0	0.25204065	0.0	0.0	0.24501348	0.0	0.0	0.32220033	0.12798376	0.0	0.0	0.0	0.0	0.0	0.032119535	0.36221924	0.0	0.2986742	0.25296697	0.0	0.16223018	0.0	0.0	0.0	0.0	0.0	0.3706464	0.0	0.0	0.016654313	0.5486596	0.0	0.73957413	0.0	0.0	0.0	0.23510142	0.22343288	0.0	0.0	0.0	0.0	0.0	0.0	0.4070386	0.0	0.0	0.0	0.18707924	0.007255404	0.0	0.0	0.3607174	0.39732966	0.0	0.44059238	0.0	0.0	0.2208773	0.0	0.26937953	0.0	0.0	0.0	0.0	0.0	0.0	0.0	0.20004022	0.0	0.4689834	0.054975692	0.0	0.15633552	0.0	0.0
0.0	0.2834868	0.0	0.18032913	0.0	0.0	0.3027935	0.0	0.0	0.0	0.0	0.0	0.0	0.0	0.36672306	0.0	0.54385835	0.0	0.0	0.24433963	0.0	0.0	0.0	0.20862867	0.0	0.106562264	0.13137527	0.0	0.0	0.12209374	0.0	0.0	0.0	0.0	0.0	0.13190436	0.0	0.0	0.0	0.0	0.23288672	0.0	0.11999357	0.0	0.24666543	0.0	0.36945724	0.2703379	0.1205463	0.17781895	0.0	0.0	0.0	0.20063919	0.0	0.0	0.24248242	0.0	0.0	0.32189575	0.2089444	0.0	0.0	0.0	0.0	0.0	0.10372389	0.26770952	0.0	0.28526723	0.22096963	0.0041175648	0.17697446	0.0	0.0	0.0	0.0	0.0	0.29309514	0.0	0.0	0.05787393	0.49799952	0.0	0.5128255	0.0	0.0	0.0	0.18420811	0.2784686	0.0	0.0	0.0	0.0	0.0	0.0	0.31627092	0.0	0.0	0.0	0.26604447	0.027743563	0.0	0.0	0.33649158	0.30509079	0.0	0.395363	0.0	0.0	0.18944812	0.0	0.23252256	0.0	0.0	0.0	0.0	0.0	0.0	0.0	0.16906095	0.0	0.53325534	0.05052117	0.0	0.1738803	0.0	0.0
0.0	0.272547	0.0	0.15746355	0.0	0.0	0.27616188	0.0	0.0	0.0	0.0	0.0	0.0	0.0	0.37786236	0.0	0.5149639	0.0	0.0	0.24508147	0.0	0.0	0.0	0.18524186	0.0	0.08742776	0.13641259	0.0	0.0	0.11599407	0.0	0.0	0.0	0.0	0.0	0.15554072	0.0	0.0	0.0	0.0	0.21418475	0.0	0.12398673	0.0	0.22440045	0.0	0.3813527	0.23420036	0.111016214	0.15545185	0.0	0.0	0.0	0.24317841	0.0	0.0	0.23858273	0.0	0.0	0.32188138	0.17077233	0.0	0.0	0.0	0.0	0.0	0.08594147	0.2923077	0.0	0.2920285	0.2383337	0.0	0.17752542	0.0	0.0	0.0	0.0	0.0	0.32722798	0.0	0.0	0.063335516	0.5019965	0.0	0.56472576	0.0	0.0	0.0	0.20996344	0.29425526	0.0	0.0	0.0	0.0	0.0	0.0	0.34347844	0.0	0.0	0.0	0.24534531	0.0	0.0	0.0	0.34146	0.32586664	0.0	0.39775386	0.0	0.0	0.20097895	0.0	0.2331363	0.0	0.0	0.0	0.0	0.0	0.0	0.0	0.19617033	0.0	0.50040317	0.043743964	0.0	0.1628648	0.0	0.0
0.0	0.31112385	0.0	0.11599492	0.0	0.0	0.26325122	0.0	0.0	0.0	0.0	0.0	0.0	0.0	0.27266642	0.0	0.5152176	0.0	0.0	0.22574373	0.0	0.0	0.0	0.086628646	0.0	0.008867034	0.048493665	0.0	0.0	0.13339207	0.007233776	0.0	0.0056716143	0.0	0.0	0.08568587	0.0	0.0	0.0	0.0	0.27955577	0.0	0.06311183	0.0	0.3160845	0.0	0.39777958	0.15196532	0.08589522	0.18727733	0.0	0.0	0.0	0.19192867	0.040514342	0.0	0.3276175	0.0	0.0	0.25457886	0.1928956	0.0	0.0	0.0	0.0	0.0	0.019188011	0.31437698	0.0	0.23380442	0.29657528	0.0	0.2560908	0.0	0.0	0.0	0.0	0.0	0.30634013	0.0	0.0	0.0	0.49555245	0.0	0.5268833	0.0	0.01716353	0.0	0.21402003	0.24071814	0.0	0.0	0.0	0.0	0.0	0.0	0.2704339	0.0	0.0	0.0	0.23877724	0.0034980513	0.0	0.0	0.43297315	0.34643957	0.0	0.40787983	0.0	0.0	0.20828749	0.0	0.23694213	0.0	0.0	0.0	0.0	0.0	0.0	0.0	0.15462089	0.0	0.47520247	0.048837554	0.0	0.15065289	0.0	0.0
0.0	0.2665334	0.0	0.15615438	0.0	0.0	0.27528295	0.0	0.0	0.0	0.0	0.0	0.0	0.0	0.34882537	0.0	0.51796526	0.0	0.0	0.23754258	0.0	0.0	0.0	0.1724518	0.0	0.078089006	0.12467591	0.0	0.0	0.11877677	0.0	0.0	0.0	0.0	0.0	0.14320916	0.0	0.0	0.0	0.0	0.21269459	0.0	0.12251297	0.0	0.2261147	0.0	0.37326145	0.22625093	0.11082079	0.16021648	0.0	0.0	0.0	0.22926565	0.0	0.0	0.22128314	0.0	0.0	0.2977843	0.17677338	0.0	0.0	0.0	0.0	0.0	0.08969357	0.28202763	0.0	0.27226123	0.23016109	0.0	0.19190621	0.0	0.0	0.0	0.0	0.0	0.29968908	0.0	0.0	0.043996405	0.49232516	0.0	0.55251557	0.0	0.0	0.0	0.22356415	0.28526282	0.0	0.0	0.0	0.0	0.0	0.0	0.33168224	0.0	0.0	0.0	0.2415247	0.0027322036	0.0	0.0	0.35337138	0.31749412	0.0	0.4044656	0.0	0.0	0.20281951	0.0	0.22709976	0.0	0.0	0.0	0.0	0.0	0.0	0.0	0.18745957	0.0	0.49674943	0.05282168	0.0	0.16100632	0.0	0.0
0.0	0.27455428	0.0	0.17683572	0.0	0.0	0.29314017	0.0	0.0	0.0	0.0	0.0	0.0	0.0	0.36115417	0.0	0.5365529	0.0	0.0	0.23268996	0.0	0.0	0.0	0.20460665	0.0	0.11171413	0.13229622	0.0	0.0	0.11420063	0.0	0.0	0.0	0.0	0.0	0.14050515	0.0	0.0	0.0	0.0	0.22511208	0.0	0.105883606	0.0	0.24833839	0.0	0.37497267	0.264565	0.12233398	0.17482889	0.0	0.0	0.0	0.21847536	0.0	0.0	0.25484982	0.0	0.0	0.3180319	0.21570063	0.0	0.0	0.0	0.0	0.0	0.10621246	0.26271743	0.0	0.2835828	0.22807562	0.0032547067	0.17463048	0.0	0.0	0.0	0.0	0.0	0.28378773	0.0	0.0	0.05485338	0.49417853	0.0	0.5120922	0.0	0.0	0.0	0.20616078	0.28065702	0.0	0.0	0.0	0.0	0.0	0.0	0.30849814	0.0	0.0	0.0	0.26256236	0.025454285	0.0	0.0	0.33446932	0.30374873	0.0	0.39283165	0.0	0.0	0.18882854	0.0	0.23612918	0.0	0.0	0.0	0.0	0.0	0.0	0.0	0.1749456	0.0	0.5215194	0.047612578	0.0	0.16811343	0.0	0.0
0.0	0.27255425	0.0	0.1786256	0.0	0.0	0.2950422	0.0	0.0	0.0	0.0	0.0	0.0	0.0	0.37143302	0.0	0.53941774	0.0	0.0	0.2393737	0.0	0.0	0.0	0.21052821	0.0	0.108515	0.13736087	0.0	0.0	0.12419287	0.0	0.0	0.0	0.0	0.0	0.13867664	0.0	0.0	0.0	0.0	0.23555662	0.0	0.11289813	0.0	0.24147701	0.0	0.3720189	0.2653595	0.12082683	0.1763771	0.0	0.0	0.0	0.20433915	0.0	0.0	0.24791549	0.0	0.0	0.31966725	0.21250339	0.0	0.0	0.0	0.0	0.001975489	0.10629341	0.26854163	0.0	0.28736562	0.22612588	0.0063687526	0.17981227	0.0	0.0	0.0	0.0	0.0	0.28752896	0.0	0.0	0.056659658	0.4997526	0.0	0.51291746	0.0	0.0	0.0	0.18917328	0.28542474	0.0	0.0	0.0	0.0	0.0	0.0	0.3127794	0.0	0.0	0.0	0.27086362	0.03428309	0.0	0.0	0.33773956	0.29903823	0.0	0.39440963	0.0	0.0	0.18453152	0.0	0.22890605	0.0	0.0	0.0	0.0	0.0	0.0	0.0	0.17210989	0.0	0.5309039	0.05136249	0.0	0.16838713	0.0	0.0
0.0	0.2869439	0.0	0.18118955	0.0	0.0	0.3105791	0.0	0.0	0.0	0.0	0.0	0.0	0.0	0.36386895	0.0	0.5458841	0.0	0.0	0.24293695	0.0	0.0	0.0	0.1995513	0.0	0.095212765	0.11314424	0.0	0.0	0.11775836	0.0	0.0	0.0	0.0	0.0	0.12501597	0.0	0.0	0.0	0.0	0.22540998	0.0	0.101148136	0.0	0.26641533	0.0	0.37781754	0.27152553	0.1103597	0.17525327	0.0	0.0	0.0	0.19341512	0.0	0.0	0.24683046	0.0	0.0	0.29984906	0.21847482	0.0	0.0	0.0	0.0	0.0	0.10291434	0.26019874	0.0	0.26517072	0.2178576	0.0032684754	0.17068847	0.0	0.0	0.0	0.0	0.0	0.27520576	0.0	0.0	0.051456153	0.4925407	0.0	0.5102324	0.0	0.0	0.0	0.19225669	0.27237466	0.0	0.0	0.0	0.0	0.0	0.0	0.30702806	0.0	0.0	0.0	0.26694524	0.02285035	0.0	0.0	0.3321161	0.2875695	0.0	0.40414926	0.0	0.0	0.20546894	0.0	0.23701705	0.0	0.0	0.0	0.0	0.0	0.0	0.0	0.15638946	0.0	0.5342724	0.052742135	0.0	0.17131597	0.0	0.0
0.0	0.2668995	0.0	0.15715358	0.0	0.0	0.2808386	0.0	0.0	0.0	0.0	0.0	0.0	0.0	0.36854815	0.0	0.52045757	0.0	0.0	0.2426198	0.0	0.0	0.0	0.19690956	0.0	0.08638043	0.12953031	0.0	0.0	0.11079655	0.0	0.0	0.0	0.0	0.0	0.14847612	0.0	0.0	0.0	0.0	0.21851905	0.0	0.122985564	0.0	0.23251314	0.0	0.37323895	0.23946528	0.1153199	0.16691883	0.0	0.0	0.0	0.22278257	0.0	0.0	0.23864448	0.0	0.0	0.31587794	0.18048239	0.0	0.0	0.0	0.0	0.0	0.083620526	0.28660938	0.0	0.28412417	0.23051257	0.0	0.1791478	0.0	0.0	0.0	0.0	0.0	0.31521836	0.0	0.0	0.049253326	0.501391	0.0	0.5517642	0.0	0.0	0.0	0.20133094	0.29041645	0.0	0.0	0.0	0.0	0.0	0.0	0.3328855	0.0	0.0	0.0	0.25403368	0.0021570015	0.0	0.0	0.34401035	0.3206252	0.0	0.4035605	0.0	0.0	0.19729853	0.0	0.22980285	0.0	0.0	0.0	0.0	0.0	0.0	0.0	0.18851463	0.0	0.5009892	0.046915542	0.0	0.16808487	0.0	0.0
0.0	0.27690822	0.0	0.1715282	0.0	0.0	0.27776602	0.0	0.0	0.0	0.0	0.0	0.0	0.0	0.3530209	0.0	0.5164045	0.0	0.0	0.2532222	0.0	0.0	0.0	0.18735771	0.0	0.081875294	0.11484214	0.0	0.0	0.11502355	0.0	0.0	0.0	0.0	0.0	0.14159127	0.0	0.0	0.0	0.0	0.23173414	0.0	0.11383761	0.0	0.26408228	0.0	0.38133752	0.23199022	0.12142926	0.16718942	0.0	0.0	0.0	0.23354393	0.0	0.0	0.26074016	0.0	0.0	0.31221774	0.19244961	0.0	0.0	0.0	0.0	0.0	0.083904244	0.28178152	0.0	0.27841944	0.24633078	0.0	0.17793636	0.0	0.0	0.0	0.0	0.0	0.30138376	0.0	0.0	0.034453843	0.5127875	0.0	0.5471485	0.0	0.0	0.0	0.20139508	0.27775964	0.0	0.0	0.0	0.0	0.0	0.0	0.32647148	0.0	0.0	0.0	0.2473818	0.0031005617	0.0	0.0	0.34986344	0.31258833	0.0	0.39789477	0.0	0.0	0.19827978	0.0	0.23838086	0.0	0.0	0.0	0.0	0.0	0.0	0.0	0.18822984	0.0	0.5073809	0.04435939	0.0	0.1766169	0.0	0.0
0.0	0.25521532	0.0	0.15812983	0.0	0.0	0.2964836	0.0	0.0	0.0	0.0	0.0	0.0	0.0	0.39586854	0.0	0.5346862	0.0	0.0	0.22887802	0.0	0.0	0.0	0.20826101	0.0	0.10168555	0.1383096	0.0	0.0	0.105858214	0.0	0.0	0.0	0.0	0.0	0.16238573	0.0	0.0	0.0	0.0	0.22100662	0.0	0.10723233	0.0	0.24083407	0.0	0.38497177	0.27149534	0.11487458	0.18853939	0.0	0.0	0.0	0.22524588	0.0	0.0	0.25101265	0.0	0.0	0.33441398	0.20580356	0.0	0.0	0.0	0.0	0.0	0.09737902	0.28954723	0.0	0.2986412	0.21621676	0.0026399966	0.17518292	0.0	0.0	0.0	0.0	0.0	0.29060933	0.0	0.0	0.06179574	0.5122876	0.0	0.51982385	0.0	0.0	0.0	0.20857759	0.29200587	0.0	0.0	0.0	0.0	0.0	0.0	0.3106307	0.0	0.0	0.0	0.26870388	0.01611313	0.0	0.0	0.3285365	0.30440727	0.0	0.40551773	0.0	0.0	0.19322391	0.0	0.24668002	0.0	0.0	0.0	0.0	0.0	0.0	0.0	0.18632193	0.0	0.5140801	0.052172948	0.0	0.16685425	0.0	0.0
0.0	0.25682864	0.0	0.17189209	0.0	0.0	0.31664136	0.0	0.0	0.0	0.0	0.0	0.0	0.0	0.4140029	0.0	0.56013465	0.0	0.0	0.22553928	0.0	0.0	0.0	0.21951729	0.0	0.11927458	0.15919282	0.0	0.0	0.11274383	0.0	0.0	0.0	0.0	0.0	0.14999482	0.0	0.0	0.0	0.0	0.22589453	0.0	0.113066554	0.0	0.22972547	0.0	0.38602707	0.30521175	0.11578238	0.18975611	0.0	0.0	0.0	0.20760465	0.0	0.0	0.2434691	0.0	0.0	0.34279445	0.21785064	0.0	0.0	0.0	0.0	0.0036152888	0.12132309	0.27745757	0.0	0.30652696	0.20238304	0.009824269	0.17104258	0.0	0.0	0.0	0.0	0.0	0.28108308	0.0	0.0	0.08024781	0.49864364	0.0	0.50822115	0.0	0.0	0.0	0.19922674	0.29892588	0.0	0.0	0.0	0.0	0.0	0.0	0.30374947	0.0	0.0	0.0	0.2819467	0.032430023	0.0	0.0	0.3212826	0.30361053	0.0	0.41080496	0.0	0.0	0.18918125	0.0	0.24915652	0.0	0.0	0.0	0.0	0.0	0.0	0.0	0.17133252	0.0	0.5354511	0.05616464	0.0	0.1644668	0.0	0.0
0.0	0.26770854	0.0	0.16930604	0.0	0.0	0.2946098	0.0	0.0	0.0	0.0	0.0	0.0	0.0	0.40894008	0.0	0.5411746	0.0	0.0	0.2517414	0.0	0.0	0.0	0.20880878	0.0	0.10299512	0.15010901	0.0	0.0	0.11508888	0.0	0.0	0.0	0.0	0.0	0.15317945	0.0	0.0	0.0	0.0	0.23793398	0.0	0.12788838	0.0	0.21719031	0.0	0.3870139	0.25932512	0.12306184	0.16310702	0.0	0.0	0.0	0.2200469	0.0	0.0	0.2317875	0.0	0.0	0.33848175	0.1836168	0.0	0.0	0.0	0.0	0.0	0.09473088	0.29532254	0.0	0.30469915	0.22059233	0.004394719	0.17599767	0.0	0.0	0.0	0.0	0.0	0.32027605	0.0	0.0	0.07492558	0.5055965	0.0	0.5668425	0.0	0.0	0.0	0.19361402	0.30321735	0.0	0.0	0.0	0.0	0.0	0.0	0.34144542	0.0	0.0	0.0	0.25786546	0.006120262	0.0	0.0	0.3460579	0.32571608	0.0	0.41476616	0.0	0.0	0.19333768	0.0	0.23416257	0.0	0.0	0.0	0.0	0.0	0.0	0.0	0.18257885	0.0	0.51758313	0.051514473	0.0	0.16898043	0.0	0.0
0.0	0.2771004	0.0	0.16277783	0.0	0.0	0.27753833	0.0	0.0	0.0	0.0	0.0	0.0	0.0	0.36811164	0.0	0.52494544	0.0	0.0	0.2534472	0.0	0.0	0.0	0.1875119	0.0	0.07796719	0.1254496	0.0	0.0	0.11528958	0.0	0.0	0.0	0.0	0.0	0.14830823	0.0	0.0	0.0	0.0	0.2198367	0.0	0.11994177	0.0	0.2469608	0.0	0.38131955	0.2340843	0.11532352	0.16073556	0.0	0.0	0.0	0.24058819	0.0	0.0	0.24535699	0.0	0.0	0.31821322	0.1735424	0.0	0.0	0.0	0.0	0.0	0.088176765	0.2914146	0.0	0.2827287	0.23955335	0.0020265493	0.17251343	0.0	0.0	0.0	0.0	0.0	0.31565526	0.0	0.0	0.04343435	0.5101145	0.0	0.56461674	0.0	0.0	0.0	0.2085263	0.28510526	0.0	0.0	0.0	0.0	0.0	0.0	0.34106502	0.0	0.0	0.0	0.2436326	0.0	0.0	0.0	0.34587717	0.31970116	0.0	0.40330818	0.0	0.0	0.19921245	0.0	0.23566262	0.0	0.0	0.0	0.0	0.0	0.0	0.0	0.19440877	0.0	0.50858545	0.048529048	0.0	0.16867743	0.0	0.0
0.0	0.27291894	0.0	0.15793966	0.0	0.0	0.26701117	0.0	0.0	0.0	0.0	0.0	0.0	0.0	0.3526517	0.0	0.50963736	0.0	0.0	0.23884565	0.0	0.0	0.0	0.17877257	0.0	0.087547064	0.117625706	0.0	0.0	0.1111856	0.0	0.0	0.0	0.0	0.0	0.14348322	0.0	0.0	0.0	0.0	0.21968515	0.0	0.111925155	0.0	0.24986438	0.0	0.37544432	0.23415506	0.1156114	0.16311343	0.0	0.0	0.0	0.23992617	0.0	0.0	0.24620764	0.0	0.0	0.305235	0.18006782	0.0	0.0	0.0	0.0	0.0	0.080185145	0.28579226	0.0	0.27490914	0.23495002	0.0	0.17855515	0.0	0.0	0.0	0.0	0.0	0.31173164	0.0	0.0	0.043582167	0.5022581	0.0	0.5502441	0.0	0.0	0.0	0.21962468	0.27702025	0.0	0.0	0.0	0.0	0.0	0.0	0.32472587	0.0	0.0	0.0	0.24082673	0.0	0.0	0.0	0.34977007	0.3113267	0.0	0.401014	0.0	0.0	0.20097582	0.0	0.2370735	0.0	0.0	0.0	0.0	0.0	0.0	0.0	0.18803354	0.0	0.49819395	0.043006275	0.0	0.16154863	0.0	0.0
0.0	0.24506177	0.0	0.14130694	0.0	0.0	0.28778347	0.0	0.0	0.0	0.0	0.0	0.0	0.0	0.3895487	0.0	0.50232923	0.0	0.0	0.22782254	0.0	0.0	0.0	0.19668104	0.0	0.07768455	0.10539042	0.0	0.0	0.107150935	0.0	0.0	0.0	0.0	0.0	0.17494221	0.0	0.0	0.0	0.0	0.21414138	0.0	0.10340779	0.0	0.25338903	0.0	0.38620052	0.23595922	0.104276486	0.1996979	0.0	0.0	0.0	0.24063367	0.0	0.0	0.2628325	0.0	0.0	0.33041993	0.18920624	0.0	0.0	0.0	0.0	0.0	0.0622499	0.31351444	0.0	0.29100013	0.2290078	0.0	0.197541	0.0	0.0	0.0	0.0	0.0	0.31261405	0.0	0.0	0.052749734	0.5302398	0.0	0.5387853	0.0	0.0	0.0	0.22125208	0.2837736	0.0	0.0	0.0	0.0	0.0	0.0	0.30671966	0.0	0.0	0.0	0.25972256	0.003869896	0.0	0.0	0.33994564	0.30572492	0.0	0.3890144	0.0	0.0	0.19971935	0.0	0.25546813	0.0	0.0	0.0	0.0	0.0	0.0	0.0	0.21024702	0.0	0.48381472	0.042480465	0.0	0.1669624	0.0	0.0
0.0	0.27279565	0.0	0.17777288	0.0	0.0	0.29105094	0.0	0.0	0.0	0.0	0.0	0.0	0.0	0.3662071	0.0	0.53774613	0.0	0.0	0.23660009	0.0	0.0	0.0	0.20226566	0.0	0.10574341	0.13244562	0.0	0.0	0.119478434	0.0	0.0	0.0	0.0	0.0	0.14056349	0.0	0.0	0.0	0.0	0.22215323	0.0	0.11026665	0.0	0.24832933	0.0	0.37290677	0.2667396	0.11984223	0.17412551	0.0	0.0	0.0	0.20847142	0.0	0.0	0.24565019	0.0	0.0	0.31190935	0.20609517	0.0	0.0	0.0	0.0	0.0	0.11002773	0.26289162	0.0	0.28366867	0.22632508	0.0073331506	0.17213811	0.0	0.0	0.0	0.0	0.0	0.27606258	0.0	0.0	0.055297654	0.49323788	0.0	0.512403	0.0	0.0	0.0	0.20488901	0.28122857	0.0	0.0	0.0	0.0	0.0	0.0	0.31911457	0.0	0.0	0.0	0.26865518	0.028649315	0.0	0.0	0.33263004	0.302749	0.0	0.39669418	0.0	0.0	0.19009875	0.0	0.23353763	0.0	0.0	0.0	0.0	0.0	0.0	0.0	0.17130549	0.0	0.52360624	0.051289782	0.0	0.16912842	0.0	0.0
0.0	0.27257863	0.0	0.16556907	0.0	0.0	0.2812271	0.0	0.0	0.0	0.0	0.0	0.0	0.0	0.34671763	0.0	0.5207782	0.0	0.0	0.24319553	0.0	0.0	0.0	0.1945631	0.0	0.08053127	0.10917795	0.0	0.0	0.11088226	0.0	0.0	0.0	0.0	0.0	0.13112678	0.0	0.0	0.0	0.0	0.21807379	0.0	0.10583934	0.0	0.26984468	0.0	0.37550214	0.24512057	0.11595284	0.1793481	0.0	0.0	0.0	0.22342141	0.0	0.0	0.25486597	0.0	0.0	0.30363175	0.19678865	0.0	0.0	0.0	0.0	0.0	0.0924269	0.27284312	0.0	0.26606634	0.23434275	0.0	0.17708635	0.0	0.0	0.0	0.0	0.0	0.29204866	0.0	0.0	0.031550273	0.4997979	0.0	0.52042365	0.0	0.0	0.0	0.19821672	0.27400413	0.0	0.0	0.0	0.0	0.0	0.0	0.3184063	0.0	0.0	0.0	0.2551624	0.004479243	0.0	0.0	0.34592447	0.29820165	0.0	0.40066767	0.0	0.0	0.20078124	0.0	0.23546289	0.0	0.0	0.0	0.0	0.0	0.0	0.0	0.1811604	0.0	0.5130478	0.043311298	0.0	0.17651539	0.0	0.0
0.0	0.2693155	0.0	0.16392241	0.0	0.0	0.2757076	0.0	0.0	0.0	0.0	0.0	0.0	0.0	0.37664035	0.0	0.5193248	0.0	0.0	0.2543564	0.0	0.0	0.0	0.18997425	0.0	0.079497784	0.1310532	0.0	0.0	0.11454307	0.0	0.0	0.0	0.0	0.0	0.15708494	0.0	0.0	0.0	0.0	0.22770704	0.0	0.1260853	0.0	0.24111481	0.0	0.38028717	0.22805835	0.121727765	0.16584973	0.0	0.0	0.0	0.24327236	0.0	0.0	0.24434145	0.0	0.0	0.3226794	0.1755421	0.0	0.0	0.0	0.0	0.0	0.08225546	0.29555055	0.0	0.29296738	0.24124263	0.0	0.17386371	0.0	0.0	0.0	0.0	0.0	0.31874985	0.0	0.0	0.046710413	0.51664954	0.0	0.56624454	0.0	0.0	0.0	0.20840937	0.28880098	0.0	0.0	0.0	0.0	0.0	0.0	0.34496439	0.0	0.0	0.0	0.24503648	0.0	0.0	0.0	0.3501241	0.3220247	0.0	0.40659904	0.0	0.0	0.19683136	0.0	0.23897178	0.0	0.0	0.0	0.0	0.0	0.0	0.0	0.19937038	0.0	0.503385	0.043500155	0.0	0.17212345	0.0	0.0
0.0	0.33024135	0.0	0.11855618	0.0	0.0	0.24650037	0.0	0.0	0.0	0.0	0.0	0.0	0.0	0.2187862	0.0	0.48012295	0.0	0.0	0.24701023	0.0	0.0	0.0	0.076139994	0.0	0.011886972	0.052556366	0.0	0.0	0.116733424	0.0011125082	0.0	0.0	0.0	0.0	0.09548441	0.0	0.0	0.0	0.0	0.25322607	0.0	0.046731364	0.0	0.3275372	0.0	0.38762078	0.19194102	0.10951316	0.20732157	0.0	0.0	0.0	0.2086538	0.028631644	0.0	0.35099986	0.0	0.0	0.25251016	0.20554323	0.0	0.0	0.0	0.0	0.0	0.040614147	0.2820201	0.0	0.21176402	0.2816056	0.0	0.23608227	0.0	0.0	0.0	0.0	0.0	0.2861394	0.0	0.0	0.0	0.47099915	0.0	0.471547	0.0	0.015669968	0.0	0.20226388	0.2080992	0.0	0.0	0.0	0.0	0.0	0.0	0.22699393	0.0	0.0	0.0	0.22797996	0.0	0.0	0.0	0.3993636	0.30805102	0.0	0.3706888	0.0	0.0	0.20185888	0.0	0.23380066	0.0	0.0	0.0	0.0	0.0	0.0	0.0	0.14489326	0.0	0.4636686	0.058241785	0.0	0.13771148	0.0	0.0
0.0	0.2748631	0.0	0.1623367	0.0	0.0	0.27376536	0.0	0.0	0.0	0.0	0.0	0.0	0.0	0.3487961	0.0	0.51292324	0.0	0.0	0.2488883	0.0	0.0	0.0	0.18020093	0.0	0.079976045	0.11372665	0.0	0.0	0.11217499	0.0	0.0	0.0	0.0	0.0	0.13508052	0.0	0.0	0.0	0.0	0.21583597	0.0	0.11385897	0.0	0.25338697	0.0	0.3727064	0.24096406	0.1182973	0.1711727	0.0	0.0	0.0	0.2244399	0.0	0.0	0.25060803	0.0	0.0	0.30726692	0.18519394	0.0	0.0	0.0	0.0	0.0	0.08984066	0.28012165	0.0	0.27034122	0.23360682	0.0002697669	0.18066905	0.0	0.0	0.0	0.0	0.0	0.30074036	0.0	0.0	0.03977638	0.49829233	0.0	0.5336739	0.0	0.0	0.0	0.20458789	0.2734677	0.0	0.0	0.0	0.0	0.0	0.0	0.33212557	0.0	0.0	0.0	0.24675888	0.0012194142	0.0	0.0	0.3446196	0.3126506	0.0	0.39969423	0.0	0.0	0.2011564	0.0	0.22729842	0.0	0.0	0.0	0.0	0.0	0.0	0.0	0.17926075	0.0	0.50110364	0.044368174	0.0	0.16799168	0.0	0.0
0.0	0.2812358	0.0	0.18586905	0.0	0.0	0.3120359	0.0	0.0	0.0	0.0	0.0	0.0	0.0	0.38502225	0.0	0.5580591	0.0	0.0	0.23401356	0.0	0.0	0.0	0.22623627	0.0	0.120710574	0.14962892	0.0	0.0	0.12222991	0.0	0.0	0.0	0.0	0.0	0.13515854	0.0	0.0	0.0	0.0	0.22832577	0.0	0.11860999	0.0	0.23425436	0.0	0.37035432	0.28593293	0.120521136	0.1768139	0.0	0.0	0.0	0.19653146	0.0	0.0	0.24226268	0.0	0.0	0.32443514	0.22350155	0.0	0.0	0.0	0.0	0.00793061	0.11517014	0.26237255	0.0	0.29391953	0.21356647	0.008814093	0.1713885	0.0	0.0	0.0	0.0	0.0	0.28488085	0.0	0.0	0.07252938	0.48929253	0.0	0.511379	0.0	0.0	0.0	0.18411647	0.29099917	0.0	0.0	0.0	0.0	0.0	0.0	0.31410432	0.0	0.0	0.0	0.27816996	0.04243058	0.0	0.0	0.32703757	0.30752456	0.0	0.40166607	0.0	0.0	0.18545096	0.0	0.23407035	0.0	0.0	0.0	0.0	0.0	0.0	0.0	0.16638565	0.0	0.5445952	0.053965133	0.0	0.16702807	0.0	0.0
0.0	0.2840179	0.0	0.1738621	0.0	0.0	0.29347506	0.0	0.0	0.0	0.0	0.0	0.0	0.0	0.35491136	0.0	0.529537	0.0	0.0	0.24603276	0.0	0.0	0.0	0.1933889	0.0	0.09612561	0.12044889	0.0	0.0	0.120491706	0.0	0.0	0.0	0.0	0.0	0.13730524	0.0	0.0	0.0	0.0	0.23294693	0.0	0.1110692	0.0	0.25714454	0.0	0.37524804	0.25422403	0.11368134	0.17548566	0.0	0.0	0.0	0.21854876	0.0	0.0	0.25294182	0.0	0.0	0.31119046	0.19967179	0.0	0.0	0.0	0.0	0.0	0.08968935	0.27383944	0.0	0.2793179	0.2342463	0.0041100136	0.17264785	0.0	0.0	0.0	0.0	0.0	0.29886734	0.0	0.0	0.04820162	0.5051907	0.0	0.5282385	0.0	0.0	0.0	0.20016974	0.2761977	0.0	0.0	0.0	0.0	0.0	0.0	0.31371513	0.0	0.0	0.0	0.2547888	0.017384684	0.0	0.0	0.34090185	0.30255783	0.0	0.39800534	0.0	0.0	0.1980866	0.0	0.23717459	0.0	0.0	0.0	0.0	0.0	0.0	0.0	0.18051066	0.0	0.5262421	0.045198143	0.0	0.16632761	0.0	0.0
0.0	0.26044977	0.0	0.14554995	0.0	0.0	0.27522373	0.0	0.0	0.0	0.0	0.0	0.0	0.0	0.3718458	0.0	0.50971085	0.0	0.0	0.23078267	0.0	0.0	0.0	0.19192953	0.0	0.088832736	0.11896008	0.0	0.0	0.10250082	0.0	0.0	0.0	0.0	0.0	0.16999833	0.0	0.0	0.0	0.0	0.2138961	0.0	0.105953984	0.0	0.25241205	0.0	0.38539854	0.24333851	0.116175614	0.18579024	0.0	0.0	0.0	0.2422318	0.0	0.0	0.26413465	0.0	0.0	0.32211685	0.18860902	0.0	0.0	0.0	0.0	0.0	0.07793387	0.2954012	0.0	0.28571454	0.23274548	0.0	0.17941596	0.0	0.0	0.0	0.0	0.0	0.30586383	0.0	0.0	0.050821364	0.51678735	0.0	0.5340051	0.0	0.0	0.0	0.2176938	0.28259823	0.0	0.0	0.0	0.0	0.0	0.0	0.3136568	0.0	0.0	0.0	0.25582477	0.0011335524	0.0	0.0	0.33859542	0.3036368	0.0	0.39693975	0.0	0.0	0.19568849	0.0	0.24757783	0.0	0.0	0.0	0.0	0.0	0.0	0.0	0.20567457	0.0	0.49934772	0.043274585	0.0	0.16525158	0.0	0.0
0.0	0.27105746	0.0	0.16055216	0.0	0.0	0.28465593	0.0	0.0	0.0	0.0	0.0	0.0	0.0	0.3737525	0.0	0.5273697	0.0	0.0	0.25027522	0.0	0.0	0.0	0.19605096	0.0	0.09113532	0.1294228	0.0	0.0	0.11471707	0.0	0.0	0.0	0.0	0.0	0.14978659	0.0	0.0	0.0	0.0	0.22767079	0.0	0.1236461	0.0	0.2340161	0.0	0.37698245	0.23707229	0.12013162	0.16507606	0.0	0.0	0.0	0.23060536	0.0	0.0	0.23954706	0.0	0.0	0.3207672	0.18133438	0.0	0.0	0.0	0.0	0.0	0.077803805	0.29177615	0.0	0.28844208	0.23701696	0.0003027556	0.18218994	0.0	0.0	0.0	0.0	0.0	0.3157629	0.0	0.0	0.04934594	0.5056396	0.0	0.5588565	0.0	0.0	0.0	0.19863959	0.2919797	0.0	0.0	0.0	0.0	0.0	0.0	0.33670458	0.0	0.0	0.0	0.254248	0.004766736	0.0	0.0	0.3490899	0.32758394	0.0	0.4000061	0.0	0.0	0.19847262	0.0	0.23193383	0.0	0.0	0.0	0.0	0.0	0.0	0.0	0.19342463	0.0	0.5037665	0.047075182	0.0	0.17071281	0.0	0.0
0.0	0.28203478	0.0	0.17770843	0.0	0.0	0.291392	0.0	0.0	0.0	0.0	0.0	0.0	0.0	0.3635112	0.0	0.5306052	0.0	0.0	0.24591456	0.0	0.0	0.0	0.20228668	0.0	0.10357821	0.128445	0.0	0.0	0.11845597	0.0	0.0	0.0	0.0	0.0	0.14144652	0.0	0.0	0.0	0.0	0.23333775	0.0	0.119555406	0.0	0.2509452	0.0	0.3715719	0.25744942	0.12369176	0.17574985	0.0	0.0	0.0	0.21711157	0.0	0.0	0.25611123	0.0	0.0	0.319881	0.20098108	0.0	0.0	0.0	0.0	0.0	0.09359163	0.2737022	0.0	0.2863896	0.23190518	0.001754423	0.17651635	0.0	0.0	0.0	0.0	0.0	0.3009195	0.0	0.0	0.058334336	0.501643	0.0	0.5259252	0.0	0.0	0.0	0.1912086	0.27949473	0.0	0.0	0.0	0.0	0.0	0.0	0.3165681	0.0	0.0	0.0	0.26112208	0.018848319	0.0	0.0	0.33974925	0.3060818	0.0	0.3959608	0.0	0.0	0.19124372	0.0	0.23330869	0.0	0.0	0.0	0.0	0.0	0.0	0.0	0.18004882	0.0	0.5270992	0.045773696	0.0	0.16799188	0.0	0.0
0.0	0.32090744	0.0	0.21126246	0.0	0.0	0.30116025	0.0	0.0	0.0	0.0	0.0	0.0	0.0	0.51769847	0.0	0.60693175	0.0	0.0	0.33725047	0.0	0.0	0.0	0.20399599	0.0	0.11041535	0.15136796	0.0	0.0	0.14821963	0.0	0.0	0.0	0.0	0.0	0.1741817	0.0	0.0	0.0	0.0	0.3138168	0.0	0.19200473	0.0	0.1504854	0.0	0.35401642	0.17878771	0.17332847	0.11428771	0.0	0.0	0.0	0.230835	0.0	0.0	0.17227422	0.0	0.0	0.32849255	0.15566725	0.0	0.0	0.0	0.0	0.0	0.056357	0.38011408	0.0	0.34095535	0.18351726	0.0	0.17052178	0.0	0.0	0.0	0.0	0.0	0.36154222	0.0	0.0	0.037876576	0.5482015	0.0	0.84361905	0.04811336	0.0	0.0	0.17055213	0.2688037	0.0	0.0	0.0	0.0	0.0073738075	0.0	0.5023047	0.0	0.0	0.0	0.23775522	0.04713441	0.0	0.0	0.36886486	0.48300445	0.0	0.43735707	0.0	0.0	0.19296433	0.0	0.2107089	0.0	0.0	0.0	0.0	0.0	0.0	0.0	0.19990854	0.0	0.48522273	0.095532715	0.0	0.16250797	0.0	0.0
0.0	0.30978593	0.0	0.2308784	0.0	0.0	0.33589944	0.0	0.0	0.0	0.0	0.0	0.0	0.0	0.58268267	0.0	0.64639986	0.0	0.003822893	0.32856682	0.0	0.0	0.0	0.26037088	0.0	0.11497981	0.168208	0.0	0.0	0.13962226	0.0	0.0	0.0	0.0	0.0	0.16037151	0.0	0.0	0.0	0.0	0.2722549	0.0	0.19695473	0.0	0.1260754	0.0	0.3470317	0.2495579	0.1631846	0.12552685	0.0	0.0	0.0	0.2040239	0.0	0.0	0.13066797	0.0	0.0	0.32687962	0.17995022	0.0	0.0	0.0	0.0	0.0	0.085123904	0.36901543	0.0	0.33941293	0.15517487	0.0	0.18909182	0.0	0.0	0.0	0.0	0.0	0.33557364	0.0	0.0	0.010025042	0.53395486	0.0	0.81724197	0.024704203	0.0	0.0	0.17863107	0.30352935	0.0	0.0	0.0	0.0	0.008152187	0.0	0.5184231	0.0	0.0	0.0	0.2774733	0.061203104	0.0	0.0	0.35995516	0.4912994	0.0	0.46662775	0.0	0.0	0.18547605	0.0	0.22921205	0.0	0.0	0.0	0.0	0.0	0.0	0.0	0.17587292	0.0	0.51188105	0.11849487	0.0	0.16068582	0.0	0.0
0.0	0.30861023	0.0	0.23201652	0.0	0.0	0.32556784	0.0	0.0	0.0	0.0	0.0	0.0	0.0	0.5638145	0.0	0.6222654	0.0	0.0	0.33425978	0.0	0.0	0.0	0.21062183	0.0	0.12779628	0.15334776	0.0	0.0	0.1561159	0.0	0.0	0.0	0.0	0.0	0.14683132	0.0	0.0	0.0	0.0	0.32941806	0.0	0.21588592	0.0	0.1214053	0.0	0.34548178	0.21697326	0.17294788	0.12415534	0.0	0.0	0.0	0.2046601	0.0	0.0	0.142808	0.0	0.0	0.3286309	0.1523371	0.0	0.0	0.0	0.0	0.0	0.06502278	0.37975445	0.0	0.34031975	0.15585978	0.0	0.18123001	0.0	0.0	0.0	0.0	0.0	0.3654522	0.0	0.0	0.021756569	0.5548795	0.0	0.8469487	0.034331445	0.0	0.0	0.15700254	0.25494754	0.0	0.0	0.0	0.0	0.0061676353	0.0	0.5117329	0.0	0.0	0.0	0.25514996	0.05642577	0.0	0.0	0.37347603	0.48721412	0.0	0.45452818	0.0	0.0	0.19119354	0.0	0.21176498	0.0	0.0	0.0	0.0	0.0	0.0	0.0	0.16605675	0.0	0.49507067	0.1163291	0.0	0.15683274	0.0	0.0
0.0	0.32450613	0.0	0.24504785	0.0	0.0	0.33251372	0.0	0.0	0.0	0.0	0.0	0.0	0.0	0.57055956	0.0	0.63888127	0.0	0.00097494136	0.3432261	0.0	0.0	0.0	0.2231251	0.0	0.14173837	0.14895757	0.0	0.0	0.149978	0.0	0.0	0.0	0.0	0.0	0.14702414	0.0	0.0	0.0	0.0	0.3348545	0.0	0.22165708	0.0	0.117059655	0.0	0.3340502	0.23016948	0.18351509	0.13494703	0.0	0.0	0.0	0.19607109	0.0	0.0	0.13579501	0.0	0.0	0.33554077	0.15445502	0.0	0.0	0.0	0.0	0.0	0.07424269	0.37863478	0.0	0.3440818	0.14902107	0.0	0.17533173	0.0	0.0	0.0	0.0	0.0	0.353035	0.0	0.0	0.02215953	0.5575877	0.0	0.84408903	0.031367674	0.0	0.0	0.15141124	0.24782471	0.0	0.0	0.0	0.0	0.024881316	0.0	0.5261585	0.0	0.0	0.0	0.25927493	0.072053194	0.0	0.0	0.36456904	0.50561243	0.0	0.44867596	0.0	0.0	0.18564449	0.0	0.2199437	0.0	0.0	0.0	0.0	0.0	0.0	0.0	0.16352631	0.0	0.5033739	0.13686712	0.0	0.16030075	0.0	0.0
0.0	0.3226398	0.0	0.2477497	0.0	0.0	0.3332572	0.0	0.0	0.0	0.0	0.0	0.0	0.0	0.59074765	0.0	0.64830464	0.0	0.00018522267	0.34648442	0.0	0.0	0.0	0.23954837	0.0	0.13270326	0.15542789	0.0	0.0	0.14575918	0.0	0.0	0.0	0.0	0.0	0.1542572	0.0	0.0	0.0	0.0	0.31887484	0.0	0.2277698	0.0	0.11525939	0.0	0.3333714	0.22831084	0.17764033	0.12040923	0.0	0.0	0.0	0.21098077	0.0	0.0	0.11745271	0.0	0.0	0.3323758	0.16507119	0.0	0.0	0.0	0.0	0.0	0.072754495	0.38435408	0.0	0.34283486	0.1431091	0.0	0.17802878	0.0	0.0	0.0	0.0	0.0	0.35292387	0.0	0.0	0.02421849	0.55566096	0.0	0.8664076	0.031346202	0.0	0.0	0.15941848	0.2565106	0.0	0.0	0.0	0.0	0.026331475	0.0	0.5521767	0.0	0.0	0.0	0.25908062	0.07376605	0.0	0.0	0.35669193	0.5053385	0.0	0.45966002	0.0	0.0	0.18688188	0.0	0.21661429	0.0	0.0	0.0	0.0	0.0	0.0	0.0	0.17407346	0.0	0.514339	0.13603513	0.0	0.15979834	0.0	0.0
0.0	0.32414708	0.0	0.23924346	0.0	0.0	0.32577586	0.0	0.0	0.0	0.0	0.0	0.0	0.0	0.55380803	0.0	0.6256327	0.0	0.0	0.34210977	0.0	0.0	0.0	0.2124241	0.0	0.13811977	0.13851891	0.0	0.0	0.14834611	0.0	0.0	0.0	0.0	0.0	0.15199889	0.0	0.0	0.0	0.0	0.3437276	0.0	0.21427317	0.0	0.13071631	0.0	0.3385348	0.22376744	0.17657231	0.13166519	0.0	0.0	0.0	0.20200987	0.0	0.0	0.1482438	0.0	0.0	0.33101097	0.15121216	0.0	0.0	0.0	0.0	0.0	0.06749605	0.38129863	0.0	0.34417582	0.15197451	0.0	0.17313959	0.0	0.0	0.0	0.0	0.0	0.3577932	0.0	0.0	0.021252105	0.5570952	0.0	0.83898574	0.03237972	0.0	0.0	0.15482087	0.24095201	0.0	0.0	0.0	0.0	0.019711047	0.0	0.51498693	0.0	0.0	0.0	0.25257882	0.06620801	0.0	0.0	0.36479864	0.48998788	0.0	0.44424117	0.0	0.0	0.18773119	0.0	0.2191271	0.0	0.0	0.0	0.0	0.0	0.0	0.0	0.16267619	0.0	0.49957585	0.12708421	0.0	0.15973486	0.0	0.0
0.0	0.32149622	0.0	0.2509757	0.0	0.0	0.33264574	0.0	0.0	0.0	0.0	0.0	0.0	0.0	0.5495057	0.0	0.63397455	0.0	0.0045317435	0.32748756	0.0	0.0	0.0	0.22038376	0.0	0.13786717	0.1334663	0.0	0.0	0.14000946	0.0	0.0	0.0	0.0	0.0	0.14838758	0.0	0.0	0.0	0.0	0.3135765	0.0	0.20420146	0.0	0.13215186	0.0	0.32908285	0.22786176	0.16593295	0.13996424	0.0	0.0	0.0	0.1895253	0.0	0.0	0.13337006	0.0	0.0	0.31827292	0.16587251	0.0	0.0	0.0	0.0	0.0	0.075813375	0.35556188	0.0	0.3322744	0.14075725	0.0	0.17421675	0.0	0.0	0.0	0.0	0.0	0.3263843	0.0	0.0	0.009838156	0.548217	0.0	0.81405497	0.026725844	0.0	0.0	0.16296153	0.2446012	0.0	0.0	0.0	0.0	0.028793583	0.0	0.508748	0.0	0.0	0.0	0.26077288	0.06579803	0.0	0.0	0.36025998	0.4859039	0.0	0.44338155	0.0	0.0	0.19270612	0.0	0.22519396	0.0	0.0	0.0	0.0	0.0	0.0	0.0	0.16237031	0.0	0.51118445	0.13886063	0.0	0.16295178	0.0	0.0
0.0	0.32595173	0.0	0.25657538	0.0	0.0	0.3331818	0.0	0.0	0.0	0.0	0.0	0.0	0.0	0.56988585	0.0	0.6513447	0.0	0.0051256255	0.33912838	0.0	0.0	0.0	0.22400117	0.0	0.14957474	0.15812889	0.0	0.0	0.15625337	0.0	0.0	0.0	0.0	0.0	0.15141584	0.0	0.0	0.0	0.0	0.3283924	0.0	0.22227912	0.0	0.11300733	0.0	0.33253226	0.22882587	0.18120825	0.14199592	0.0	0.0	0.0	0.19867937	0.0	0.0	0.12929873	0.0	0.0	0.3290362	0.15910684	0.0	0.0	0.0	0.0	0.0	0.06983826	0.37288436	0.0	0.34911335	0.14386155	0.0	0.18068965	0.0	0.0	0.0	0.0	0.0	0.35515118	0.0	0.0	0.028871948	0.5600316	0.0	0.84254646	0.036436725	0.0	0.0	0.1614459	0.2523348	0.0	0.0	0.0	0.0	0.02206765	0.0	0.5384401	0.0	0.0	0.0	0.262031	0.06972099	0.0	0.0	0.3696561	0.5126671	0.0	0.44318876	0.0	0.0	0.18461339	0.0	0.21697782	0.0	0.0	0.0	0.0	0.0	0.0	0.0	0.16711979	0.0	0.51008064	0.14798655	0.0	0.15930292	0.0	0.0
0.0	0.32496926	0.0	0.24206352	0.0	0.0	0.32821003	0.0	0.0	0.0	0.0	0.0	0.0	0.0	0.5510124	0.0	0.6357603	0.0	0.009293982	0.32950208	0.0	0.0	0.0	0.22142224	0.0	0.13974027	0.1476582	0.0	0.0	0.15539925	0.0	0.0	0.0	0.0	0.0	0.14484413	0.0	0.0	0.0	0.0	0.31725398	0.0	0.21270247	0.0	0.11814817	0.0	0.33406448	0.23361485	0.17715591	0.13711207	0.0	0.0	0.0	0.20124394	0.0	0.0	0.13515767	0.0	0.0	0.3277121	0.16978832	0.0	0.0	0.0	0.0	0.0	0.06783291	0.3703214	0.0	0.33544978	0.14590064	0.0	0.18072565	0.0	0.0	0.0	0.0	0.0	0.35132194	0.0	0.0	0.020792445	0.5513912	0.0	0.8222564	0.02392892	0.0	0.0	0.1632761	0.24905999	0.0	0.0	0.0	0.0	0.019248707	0.0	0.5212825	0.0	0.0	0.0	0.26253211	0.07365609	0.0	0.0	0.3603954	0.49693403	0.0	0.43590474	0.0	0.0	0.18635042	0.0	0.21910109	0.0	0.0	0.0	0.0	0.0	0.0	0.0	0.16394798	0.0	0.5066449	0.13775255	0.0	0.16108096	0.0	0.0
0.0	0.32875264	0.0	0.2331214	0.0	0.0	0.32802656	0.0	0.0	0.0	0.0	0.0	0.0	0.0	0.54411954	0.0	0.61834854	0.0	0.0	0.34488475	0.0	0.0	0.0	0.21591558	0.0	0.13405575	0.15134346	0.0	0.0	0.14856023	0.0	0.0	0.0	0.0	0.0	0.14868341	0.0	0.0	0.0	0.0	0.33997384	0.0	0.2169743	0.0	0.12409827	0.0	0.3423666	0.23626341	0.17657264	0.12872963	0.0	0.0	0.0	0.20660388	0.0	0.0	0.14605448	0.0	0.0	0.34080687	0.15839113	0.0	0.0	0.0	0.0	0.0	0.062191952	0.37529722	0.0	0.34715542	0.14839096	0.0	0.17833173	0.0	0.0	0.0	0.0	0.0	0.37286913	0.0	0.0	0.033559296	0.5522005	0.0	0.8255882	0.027533809	0.0	0.0	0.15899454	0.24847889	0.0	0.0	0.0	0.0	0.014279778	0.0	0.5097785	0.0	0.0	0.0	0.24815261	0.060801417	0.0	0.0	0.36491266	0.48833755	0.0	0.4409008	0.0	0.0	0.18487687	0.0	0.21538334	0.0	0.0	0.0	0.0	0.0	0.0	0.0	0.15533291	0.0	0.5002793	0.12246259	0.0	0.15244411	0.0	0.0
0.0	0.32526436	0.0	0.26299104	0.0	0.0	0.34257546	0.0	0.0	0.0	0.0	0.0	0.0	0.0	0.5894918	0.0	0.653269	0.0	0.00896898	0.3344091	0.0	0.0	0.0	0.24231559	0.0	0.13996257	0.15302198	0.0	0.0	0.14215986	0.0	0.0	0.0	0.0	0.0	0.15394865	0.0	0.0	0.0	0.0	0.2957425	0.0	0.20800948	0.0	0.13583992	0.0	0.32655084	0.267536	0.17037648	0.15094645	0.0	0.0	0.0	0.192517	0.0	0.0	0.14046161	0.0	0.0	0.3261374	0.20479155	0.0	0.0	0.0	0.0	0.0	0.08233455	0.36818326	0.0	0.33922768	0.13195483	0.0	0.1690743	0.0	0.0	0.0	0.0	0.0	0.31618676	0.0	0.0	0.0022917662	0.5516934	0.0	0.8187962	0.033196416	0.0	0.0	0.15530562	0.24565633	0.0	0.0	0.0	0.0	0.03081189	0.0	0.52489394	0.0	0.0	0.0	0.28103963	0.08217469	0.0	0.0	0.34654155	0.49890327	0.0	0.45878705	0.0	0.0	0.1882414	0.0	0.21900119	0.0	0.0	0.0	0.0	0.0	0.0	0.0	0.15673766	0.0	0.52188706	0.15095197	0.0	0.16244516	0.0	0.0
0.0	0.31200996	0.0	0.2329995	0.0	0.0	0.32798108	0.0	0.0	0.0	0.0	0.0	0.0	0.0	0.55237836	0.0	0.62553763	0.0	0.0	0.3293717	0.0	0.0	0.0	0.21734329	0.0	0.13508083	0.148483	0.0	0.0	0.14471723	0.0	0.0	0.0	0.0	0.0	0.15567161	0.0	0.0	0.0	0.0	0.3209337	0.0	0.20849739	0.0	0.12372258	0.0	0.3439853	0.21647935	0.17253132	0.1252976	0.0	0.0	0.0	0.2064411	0.0	0.0	0.13966183	0.0	0.0	0.33038685	0.16461396	0.0	0.0	0.0	0.0	0.0	0.06800071	0.3723116	0.0	0.33892834	0.15437408	0.0	0.17943424	0.0	0.0	0.0	0.0	0.0	0.34893152	0.0	0.0	0.023996994	0.55001765	0.0	0.82944417	0.03213394	0.0	0.0	0.17025141	0.2598916	0.0	0.0	0.0	0.0	0.010181795	0.0	0.51350415	0.0	0.0	0.0	0.25374815	0.059316244	0.0	0.0	0.3611844	0.4948962	0.0	0.4498489	0.0	0.0	0.19197564	0.0	0.22185893	0.0	0.0	0.0	0.0	0.0	0.0	0.0	0.16891877	0.0	0.4978315	0.1225231	0.0	0.1650955	0.0	0.0
0.0	0.31804582	0.0	0.25928545	0.0	0.0	0.3410819	0.0	0.0	0.0	0.0	0.0	0.0	0.0	0.57384217	0.0	0.6536569	0.0	0.0035080302	0.3204899	0.0	0.0	0.0	0.24094832	0.0	0.14864491	0.14615469	0.0	0.0	0.14184953	0.0	0.0	0.0	0.0	0.0	0.1492305	0.0	0.0	0.0	0.0	0.29006475	0.0	0.19957495	0.0	0.13707684	0.0	0.33280218	0.2564336	0.17146504	0.1525821	0.0	0.0	0.0	0.1952365	0.0	0.0	0.14145096	0.0	0.0	0.32192174	0.19992523	0.0	0.0	0.0	0.0	0.0	0.08560917	0.3568499	0.0	0.3376104	0.13618405	0.0	0.1715206	0.0	0.0	0.0	0.0	0.0	0.31132832	0.0	0.0	0.005417259	0.55402	0.0	0.80017185	0.029922316	0.0	0.0	0.1681643	0.25423577	0.0	0.0	0.0	0.0	0.02853837	0.0	0.5179453	0.0	0.0	0.0	0.2739719	0.08390707	0.0	0.0	0.351923	0.4850935	0.0	0.45121333	0.0	0.0	0.19209182	0.0	0.22465529	0.0	0.0	0.0	0.0	0.0	0.0	0.0	0.16260977	0.0	0.52831525	0.14583181	0.0	0.16901056	0.0	0.0
0.0	0.33564177	0.0	0.2866238	0.0	0.0036309038	0.36513877	0.0	0.0	0.0	0.0	0.0	0.0	0.0	0.5843777	0.0	0.69716376	0.0	0.028964477	0.3388181	0.0	0.0	0.0	0.2591983	0.0	0.14946996	0.1612796	0.0	0.0	0.15067706	0.0008357093	0.0	0.0	0.0	0.0	0.13444094	0.0	0.0	0.0	0.0	0.28919402	0.0	0.21752107	0.0	0.110921614	0.0	0.31347355	0.27237594	0.180008	0.15888895	0.0	0.0	0.0	0.1768791	0.0	0.0	0.13249858	0.0	0.0	0.3104459	0.195063	0.0	0.0	0.0	0.0	0.0	0.10806158	0.3479785	0.0	0.3360553	0.13000384	0.0	0.17369206	0.0	0.0	0.0	0.0	0.0051894295	0.3134838	0.0	0.0	0.012867239	0.5286365	0.0	0.8074642	0.022187343	0.0	0.0	0.1439953	0.25782496	0.0	0.0	0.0	0.0	0.04706223	0.0	0.534185	0.0	0.0	0.0	0.29746804	0.09669519	0.0	0.0	0.36050668	0.5042202	0.0	0.43496123	0.0	0.0	0.19472523	0.0	0.2221903	0.0	0.0	0.0	0.0	0.0	0.0	0.0	0.15027046	0.0	0.5498791	0.17035449	0.0	0.17142373	0.0	0.0
0.0	0.3199671	0.0	0.2405981	0.0	0.0	0.33044693	0.0	0.0	0.0	0.0	0.0	0.0	0.0	0.5630929	0.0	0.62410074	0.0	0.00033832528	0.33330986	0.0	0.0	0.0	0.22385663	0.0	0.13778801	0.13170573	0.0	0.0	0.13648432	0.0	0.0	0.0	0.0	0.0	0.1559451	0.0	0.0	0.0	0.0	0.3112963	0.0	0.19769442	0.0	0.15497197	0.0	0.32257012	0.2529151	0.16608985	0.15610783	0.0	0.0	0.0	0.19784515	0.0	0.0	0.1573434	0.0	0.0	0.32467827	0.19040656	0.0	0.0	0.0	0.0	0.0	0.0665492	0.3790028	0.0	0.3308978	0.13747159	0.0	0.17933887	0.0	0.0	0.0	0.0	0.0	0.3269138	0.0	0.0	0.0043459595	0.5627743	0.0	0.8103509	0.032216158	0.0	0.0	0.15599589	0.22954111	0.0	0.0	0.0	0.0	0.020821579	0.0	0.4954449	0.0	0.0	0.0	0.26661602	0.07500189	0.0	0.0	0.34770298	0.47401765	0.0	0.44961596	0.0	0.0	0.18290047	0.0	0.21550305	0.0	0.0	0.0	0.0	0.0	0.0	0.0	0.16572809	0.0	0.50591964	0.13527103	0.0	0.1539718	0.0	0.0
0.0	0.32547265	0.0	0.25938082	0.0	0.0	0.34943914	0.0	0.0	0.0	0.0	0.0	0.0	0.0	0.56900865	0.0	0.6583908	0.0	0.007930235	0.33669254	0.0	0.0	0.0	0.22974126	0.0	0.14697309	0.14789505	0.0	0.0	0.15261924	0.0	0.0	0.0	0.0	0.0	0.13549407	0.0	0.0	0.0	0.0	0.3254123	0.0	0.21681778	0.0	0.11476886	0.0	0.32564494	0.24723117	0.17051657	0.14712323	0.0	0.0	0.0	0.16789395	0.0	0.0	0.13187313	0.0	0.0	0.32801822	0.16341251	0.0	0.0	0.0	0.0	0.0	0.08229622	0.36427084	0.0	0.34088254	0.13743699	0.0	0.17317228	0.0	0.0	0.0	0.0	0.0054490385	0.34098879	0.0	0.0	0.020278594	0.5403322	0.0	0.81126827	0.031462956	0.0	0.0	0.13552752	0.25032476	0.0	0.0	0.0	0.0	0.0383888	0.0	0.51829755	0.0	0.0	0.0	0.27705243	0.08263675	0.0	0.0	0.36411214	0.49999046	0.0	0.43697485	0.0	0.0	0.18330093	0.0011398537	0.21648936	0.0	0.0	0.0	0.0	0.0	0.0	0.0	0.15265958	0.0	0.5154383	0.14627463	0.0	0.15972202	0.0	0.0
0.0	0.32862157	0.0	0.26409402	0.0	0.0018626055	0.3495032	0.0	0.0	0.0	0.0	0.0	0.0	0.0	0.564619	0.0	0.6634173	0.0	0.014931363	0.33484074	0.0	0.0	0.0	0.23550566	0.0	0.15216286	0.14739406	0.0	0.0	0.1484135	0.0	0.0	0.0	0.0	0.0	0.137697	0.0	0.0	0.0	0.0	0.30962047	0.0	0.21495233	0.0	0.11281255	0.0	0.31818125	0.25081566	0.1707301	0.1525021	0.0	0.0	0.0	0.17003803	0.0	0.0	0.13302402	0.0	0.0	0.31770048	0.17220758	0.0	0.0	0.0	0.0	0.0	0.08843702	0.35638702	0.0	0.3358761	0.13033485	0.0	0.17499316	0.0	0.0	0.0	0.0	0.0034393668	0.3299899	0.0	0.0	0.017183816	0.5375931	0.0	0.80424803	0.026052505	0.0	0.0	0.14311415	0.25327834	0.0	0.0	0.0	0.0	0.039519485	0.0	0.52165014	0.0	0.0	0.0	0.2817279	0.08467879	0.0	0.0	0.36534998	0.50121117	0.0	0.43289793	0.0	0.0	0.18956149	0.0	0.22068131	0.0	0.0	0.0	0.0	0.0	0.0	0.0	0.14981876	0.0	0.5250687	0.15326485	0.0	0.16362076	0.0	0.0
0.0	0.3239788	0.0	0.28940216	0.0	0.0051771426	0.3640599	0.0	0.0	0.0	0.0	0.0	0.0	0.0	0.61976403	0.0	0.7087303	0.0	0.021404272	0.32281503	0.0	0.0	0.0	0.25858083	0.0	0.16070484	0.17251925	0.0	0.0	0.15375225	0.0	0.0	0.0	0.0	0.0	0.13044311	0.0	0.0	0.0	0.0	0.25990143	0.0	0.20678276	0.0	0.11402386	0.0	0.3244176	0.28384236	0.1784879	0.1562221	0.0	0.0	0.0	0.17895554	0.0	0.0	0.13606328	0.0	0.0	0.32279682	0.21800798	0.0	0.0	0.0	0.0	0.0	0.115876466	0.35145128	0.0	0.34060732	0.1356679	0.0	0.1855252	0.0	0.0	0.0	0.0	0.0	0.29341173	0.0	0.0	0.0	0.5248369	0.0	0.8220263	0.023016587	0.0	0.0	0.15443756	0.2752893	0.0	0.0	0.0	0.0	0.04366721	0.0	0.541045	0.0	0.0	0.0	0.3102003	0.09954587	0.0	0.0	0.3504546	0.5098435	0.0	0.45520258	0.0	0.0	0.18974067	0.0	0.20946409	0.0	0.0	0.0	0.0	0.0	0.0	0.0	0.15202646	0.0	0.5454085	0.17609926	0.0	0.16319132	0.0	0.0
0.0	0.32996032	0.0	0.27833483	0.0	0.0029924065	0.3561901	0.0	0.0	0.0	0.0	0.0	0.0	0.0	0.56574446	0.0	0.6717701	0.0	0.021004898	0.33014873	0.0	0.0	0.0	0.23863895	0.0	0.14854355	0.14843707	0.0	0.0	0.1520682	0.0	0.0	0.0	0.0	0.0	0.1348676	0.0	0.0	0.0	0.0	0.30741438	0.0	0.21493073	0.0	0.10905399	0.0	0.31496936	0.2522118	0.17706734	0.15202503	0.0	0.0	0.0	0.17314227	0.0	0.0	0.13146482	0.0	0.0	0.316388	0.17809862	0.0	0.0	0.0	0.0	0.0	0.090800285	0.35567585	0.0	0.33447206	0.12919863	0.0	0.17616998	0.0	0.0	0.0	0.0	0.003912695	0.32553935	0.0	0.0	0.01265578	0.533923	0.0	0.8045109	0.026771748	0.0	0.0	0.14456373	0.2516277	0.0	0.0	0.0	0.0	0.04094463	0.0	0.5247526	0.0	0.0	0.0	0.28153715	0.09336677	0.0	0.0	0.36477816	0.49609002	0.0	0.42799053	0.0	0.0	0.19288374	0.0	0.21838586	0.0	0.0	0.0	0.0	0.0	0.0	0.0	0.15229975	0.0	0.5282187	0.16223091	0.0	0.16268262	0.0	0.0
0.0	0.30139363	0.0	0.21400557	0.0	0.0	0.31093732	0.0	0.0	0.0	0.0	0.0	0.0	0.0	0.54869473	0.0	0.60926396	0.0	0.0	0.3080693	0.0	0.0	0.0	0.2060601	0.0	0.12583709	0.14380085	0.0	0.0	0.13570225	0.0	0.0	0.0	0.0	0.0	0.15039493	0.0	0.0	0.0	0.0	0.31947997	0.0	0.2141275	0.0	0.113925435	0.0	0.3429111	0.21467622	0.16513315	0.13872842	0.0	0.0	0.0	0.19880177	0.0	0.0	0.14724195	0.0	0.0	0.3325441	0.15873395	0.0	0.0	0.0	0.0	0.0	0.053898096	0.3727255	0.0	0.3388017	0.14879435	0.0	0.1925516	0.0	0.0	0.0	0.0	0.0	0.35379007	0.0	0.0	0.032355335	0.5548187	0.0	0.8135874	0.0251443	0.0	0.0	0.16658652	0.2634419	0.0	0.0	0.0	0.0	0.0	0.0	0.49019453	0.0	0.0	0.0	0.25596085	0.058626216	0.0	0.0	0.37339792	0.48200107	0.0	0.4694898	0.0	0.0	0.18550809	0.0	0.20901234	0.0	0.0	0.0	0.0	0.0	0.0	0.0	0.15746576	0.0	0.48549104	0.11217774	0.0	0.15585929	0.0	0.0
0.0	0.31780553	0.0	0.26951668	0.0	0.0	0.36230955	0.0	0.0	0.0	0.0	0.0	0.0	0.0	0.58561593	0.0	0.6708483	0.0	0.015995717	0.31582934	0.0	0.0	0.0	0.25701275	0.0	0.13738374	0.16888225	0.0	0.0	0.13718753	0.0	0.0	0.0	0.0	0.0	0.12901874	0.0	0.0	0.0	0.0	0.27546507	0.0	0.214206	0.0	0.09847892	0.0	0.3253927	0.28006592	0.15948743	0.15208344	0.0	0.0	0.0	0.16927825	0.0	0.0	0.12921841	0.0	0.0	0.32163003	0.19214256	0.0	0.0	0.0	0.0	0.0	0.111845255	0.34183064	0.0	0.34278575	0.12562165	0.0	0.1769371	0.0	0.0	0.0	0.0	0.0	0.3148091	0.0	0.0	0.0072822548	0.5198879	0.0	0.7780576	0.019201566	0.0	0.0	0.14734405	0.28109586	0.0	0.0	0.0	0.0	0.031046508	0.0	0.5054725	0.0	0.0	0.0	0.30090776	0.08118289	0.0	0.0	0.35853305	0.48635718	0.0	0.4531834	0.0	0.0	0.1843621	0.0	0.22121732	0.0	0.0	0.0	0.0	0.0	0.0	0.0	0.13039143	0.0	0.53333783	0.14620112	0.0	0.16776085	0.0	0.0
0.0	0.30749443	0.0	0.24829571	0.0	0.0	0.34510732	0.0	0.0	0.0	0.0	0.0	0.0	0.0	0.58896923	0.0	0.6417462	0.0	0.0	0.32342505	0.0	0.0	0.0	0.24435554	0.0	0.13212912	0.16957526	0.0	0.0	0.14270806	0.0	0.0	0.0	0.0	0.0	0.15063354	0.0	0.0	0.0	0.0	0.31440684	0.0	0.2215036	0.0	0.10419146	0.0	0.3484696	0.25320724	0.16460313	0.12683569	0.0	0.0	0.0	0.2059211	0.0	0.0	0.116120584	0.0	0.0	0.34707072	0.1807688	0.0	0.0	0.0	0.0	0.0	0.0745193	0.36843014	0.0	0.35733733	0.13603966	0.0	0.17900224	0.0	0.0	0.0	0.0	0.0	0.35274243	0.0	0.0	0.021333767	0.55490786	0.0	0.83191675	0.019613724	0.0	0.0	0.16196227	0.28051934	0.0	0.0	0.0	0.0	0.01347848	0.0	0.53443	0.0	0.0	0.0	0.27294862	0.065350376	0.0	0.0	0.36250147	0.50607294	0.0	0.4665133	0.0	0.0	0.17869306	0.0	0.22137623	0.0	0.0	0.0	0.0	0.0	0.0	0.0	0.15641578	0.0	0.51008695	0.12445662	0.0	0.17612295	0.0	0.0
0.0	0.31676432	0.0	0.22634132	0.0	0.0	0.33294505	0.0	0.0	0.0	0.0	0.0	0.0	0.0	0.5345896	0.0	0.6179788	0.0	0.0	0.33225784	0.0	0.0	0.0	0.21111427	0.0	0.12306827	0.13853407	0.0	0.0	0.14576876	0.0	0.0	0.0	0.0	0.0	0.14387219	0.0	0.0	0.0	0.0	0.3202932	0.0	0.20703287	0.0	0.13281257	0.0	0.34889325	0.22615497	0.16778453	0.12864588	0.0	0.0	0.0	0.19191618	0.0	0.0	0.15129043	0.0	0.0	0.33254388	0.1562025	0.0	0.0	0.0	0.0	0.0	0.07107953	0.36364147	0.0	0.3333044	0.15644988	0.0	0.17404129	0.0	0.0	0.0	0.0	0.0	0.34820727	0.0	0.0	0.020494068	0.54645085	0.0	0.8045017	0.02142708	0.0	0.0	0.16028638	0.2503619	0.0	0.0	0.0	0.0	0.014843062	0.0	0.49364138	0.0	0.0	0.0	0.24876978	0.051673416	0.0	0.0	0.36405063	0.47265396	0.0	0.4415976	0.0	0.0	0.19364953	0.0	0.22111972	0.0	0.0	0.0	0.0	0.0	0.0	0.0	0.16232845	0.0	0.5034271	0.112987734	0.0	0.16576654	0.0	0.0
0.0	0.32188702	0.0	0.22725905	0.0	0.0	0.32314202	0.0	0.0	0.0	0.0	0.0	0.0	0.0	0.57299495	0.0	0.6236668	0.0	0.0	0.33982384	0.0	0.0	0.0	0.22502536	0.0	0.13192521	0.16704053	0.0	0.0	0.15584399	0.0	0.0	0.0	0.0	0.0	0.15567918	0.0	0.0	0.0	0.0	0.32178384	0.0	0.2315344	0.0	0.09574481	0.0	0.35804006	0.23172791	0.17785247	0.10967787	0.0	0.0	0.0	0.21576561	0.0	0.0	0.12403209	0.0	0.0	0.34907672	0.15119876	0.0	0.0	0.0	0.0	0.0	0.062667795	0.39262342	0.0	0.35304752	0.14882453	0.0	0.19767463	0.0	0.0	0.0	0.0	0.0	0.3893207	0.0	0.0	0.04568768	0.5553003	0.0	0.8532557	0.018299313	0.0	0.0	0.17408781	0.2774114	0.0	0.0	0.0	0.0	0.010889252	0.0	0.546941	0.0	0.0	0.0	0.250127	0.07044884	0.0	0.0	0.37428626	0.52090645	0.0	0.4513695	0.0	0.0	0.18063956	0.0	0.21446824	0.0	0.0	0.0	0.0	0.0	0.0	0.0	0.16299517	0.0	0.4989032	0.12349427	0.0	0.15974231	0.0	0.0
0.0	0.3133043	0.0	0.2232445	0.0	0.0	0.3313255	0.0	0.0	0.0	0.0	0.0	0.0	0.0	0.54901075	0.0	0.6196628	0.0	0.0	0.32546806	0.0	0.0	0.0	0.22098112	0.0	0.12987946	0.1425836	0.0	0.0	0.13848256	0.0	0.0	0.0	0.0	0.0	0.15089214	0.0	0.0	0.0	0.0	0.3268008	0.0	0.20916569	0.0	0.12861584	0.0	0.34849754	0.23448038	0.16927297	0.1343722	0.0	0.0	0.0	0.20411094	0.0	0.0	0.1408016	0.0	0.0	0.33414006	0.16307129	0.0	0.0	0.0	0.0	0.0	0.06476223	0.37086797	0.0	0.34204975	0.14474724	0.0	0.17461343	0.0	0.0	0.0	0.0	0.0	0.35993424	0.0	0.0	0.031177208	0.55390286	0.0	0.81398064	0.020913953	0.0	0.0	0.1688639	0.25793892	0.0	0.0	0.0	0.0	0.007143644	0.0	0.50616646	0.0	0.0	0.0	0.25231102	0.063022144	0.0	0.0	0.35979998	0.4837978	0.0	0.45230913	0.0	0.0	0.19032723	0.0	0.22858816	0.0	0.0	0.0	0.0	0.0	0.0	0.0	0.16464016	0.0	0.5002766	0.11642736	0.0	0.16751026	0.0	0.0
0.0	0.24258399	0.0	0.17521226	0.0	0.0	0.34557664	0.0	0.0	0.0	0.0	0.0	0.0	0.0	0.4438951	0.0	0.59222823	0.0	0.0	0.2185539	0.0	0.0	0.0	0.24754076	0.0	0.12649615	0.17524529	0.0	0.0	0.11521292	0.0	0.0	0.0	0.0	0.0	0.12848467	0.0	0.0	0.0	0.0	0.24845345	0.0	0.12375009	0.0	0.18198283	0.0	0.37464198	0.30779722	0.120826505	0.18314749	0.0	0.0	0.0	0.17659599	0.0	0.0	0.21399115	0.0	0.0	0.35050097	0.22301179	0.0	0.0	0.0	0.0	0.018248757	0.10763061	0.29026216	0.0	0.31005937	0.18322837	0.01648446	0.18729854	0.0	0.0	0.0	0.0	0.0	0.30056185	0.0	0.0	0.069958225	0.47990182	0.0	0.5325805	0.0	0.0	0.0	0.16272275	0.32776985	0.0	0.0	0.0	0.0	0.0	0.0	0.30870926	0.0	0.0	0.0	0.30687067	0.049774587	0.0	0.0	0.33383963	0.3239012	0.0	0.4146749	0.0	0.0	0.1822321	0.0	0.24213497	0.0	0.0	0.0	0.0	0.0	0.0	0.0	0.1629708	0.0	0.52993554	0.06401547	0.0	0.16991197	0.0	0.0
0.0	0.26818034	0.0	0.16127025	0.0	0.0	0.280978	0.0	0.0	0.0	0.0	0.0	0.0	0.0	0.36536372	0.0	0.5199613	0.0	0.0	0.24278975	0.0	0.0	0.0	0.19499014	0.0	0.085178204	0.12417221	0.0	0.0	0.10883308	0.0	0.0	0.0	0.0	0.0	0.15032183	0.0	0.0	0.0	0.0	0.21920393	0.0	0.113218434	0.0	0.25016904	0.0	0.38387704	0.23793697	0.11963623	0.16602017	0.0	0.0	0.0	0.23708181	0.0	0.0	0.24823248	0.0	0.0	0.31825933	0.18867089	0.0	0.0	0.0	0.0	0.0	0.086452864	0.28236076	0.0	0.29006508	0.24295883	0.0010767604	0.17337786	0.0	0.0	0.0	0.0	0.0	0.30724356	0.0	0.0	0.04447326	0.50992423	0.0	0.54825145	0.0	0.0	0.0	0.2137903	0.29067078	0.0	0.0	0.0	0.0	0.0	0.0	0.32811365	0.0	0.0	0.0	0.24464399	0.0	0.0	0.0	0.34457603	0.3153522	0.0	0.40547267	0.0	0.0	0.19913612	0.0	0.24034949	0.0	0.0	0.0	0.0	0.0	0.0	0.0	0.19209011	0.0	0.5057148	0.040224522	0.0	0.17408572	0.0	0.0
0.0	0.25673828	0.0	0.15781792	0.0	0.0	0.28548345	0.0	0.0	0.0	0.0	0.0	0.0	0.0	0.39174172	0.0	0.5244341	0.0	0.0	0.24086899	0.0	0.0	0.0	0.19994271	0.0	0.09319427	0.12658073	0.0	0.0	0.10964806	0.0	0.0	0.0	0.0	0.0	0.16532959	0.0	0.0	0.0	0.0	0.22339721	0.0	0.11130655	0.0	0.23763283	0.0	0.3783538	0.23926854	0.12593755	0.17500077	0.0	0.0	0.0	0.2456368	0.0	0.0	0.247808	0.0	0.0	0.3315239	0.19065589	0.0	0.0	0.0	0.0	0.0	0.07093152	0.302875	0.0	0.2950352	0.22949004	0.0	0.1844486	0.0	0.0	0.0	0.0	0.0	0.3100961	0.0	0.0	0.055670243	0.5200476	0.0	0.5535498	0.0	0.0	0.0	0.21487091	0.28762215	0.0	0.0	0.0	0.0	0.0	0.0	0.33247188	0.0	0.0	0.0	0.25133038	0.008385166	0.0	0.0	0.33940372	0.31681195	0.0	0.39576444	0.0	0.0	0.20010024	0.0	0.2402683	0.0	0.0	0.0	0.0	0.0	0.0	0.0	0.20637302	0.0	0.50185275	0.04705852	0.0	0.16566515	0.0	0.0
0.0	0.25395602	0.0	0.15428193	0.0	0.0	0.2783251	0.0	0.0	0.0	0.0	0.0	0.0	0.0	0.37982774	0.0	0.51338243	0.0	0.0	0.23484229	0.0	0.0	0.0	0.19572382	0.0	0.098338164	0.12606443	0.0	0.0	0.10823166	0.0	0.0	0.0	0.0	0.0	0.164194	0.0	0.0	0.0	0.0	0.22894502	0.0	0.1188494	0.0	0.22302312	0.0	0.37626803	0.2294966	0.12131539	0.17039828	0.0	0.0	0.0	0.24081026	0.0	0.0	0.24117114	0.0	0.0	0.32769445	0.1850894	0.0	0.0	0.0	0.0	0.0	0.072213195	0.30153105	0.0	0.2948408	0.22947927	0.0	0.19125724	0.0	0.0	0.0	0.0	0.0	0.31155244	0.0	0.0	0.05584504	0.51171106	0.0	0.55066246	0.0	0.0	0.0	0.21633376	0.28925523	0.0	0.0	0.0	0.0	0.0	0.0	0.32574657	0.0	0.0	0.0	0.24950399	0.009490546	0.0	0.0	0.34470603	0.32218197	0.0	0.3959687	0.0	0.0	0.19597487	0.0	0.23821576	0.0	0.0	0.0	0.0	0.0	0.0	0.0	0.19918658	0.0	0.48825613	0.04608045	0.0	0.1653468	0.0	0.0
0.0	0.27162	0.0	0.1741525	0.0	0.0	0.2924483	0.0	0.0	0.0	0.0	0.0	0.0	0.0	0.36252406	0.0	0.5361947	0.0	0.0	0.23999316	0.0	0.0	0.0	0.20637791	0.0	0.10443515	0.13168764	0.0	0.0	0.11747136	0.0	0.0	0.0	0.0	0.0	0.13412759	0.0	0.0	0.0	0.0	0.23398317	0.0	0.118379585	0.0	0.23553413	0.0	0.37315288	0.26240003	0.12450362	0.17751543	0.0	0.0	0.0	0.21073782	0.0	0.0	0.23873281	0.0	0.0	0.3204092	0.20077676	0.0	0.0	0.0	0.0	0.0	0.099692084	0.27358338	0.0	0.28548673	0.22394942	0.004482303	0.1878382	0.0	0.0	0.0	0.0	0.0	0.30122238	0.0	0.0	0.057914674	0.49299702	0.0	0.5205162	0.0	0.0	0.0	0.19389264	0.28510073	0.0	0.0	0.0	0.0	0.0	0.0	0.31666803	0.0	0.0	0.0	0.26397526	0.015696136	0.0	0.0	0.34122562	0.3082565	0.0	0.39476624	0.0	0.0	0.1876136	0.0	0.22924006	0.0	0.0	0.0	0.0	0.0	0.0	0.0	0.17437764	0.0	0.52058244	0.04976563	0.0	0.16989982	0.0	0.0
0.0	0.2838749	0.0	0.17661105	0.0	0.0	0.29669094	0.0	0.0	0.0	0.0	0.0	0.0	0.0	0.35660374	0.0	0.53561497	0.0	0.0	0.24888079	0.0	0.0	0.0	0.19599903	0.0	0.102893464	0.12642397	0.0	0.0	0.12236861	0.0	0.0	0.0	0.0	0.0	0.12755312	0.0	0.0	0.0	0.0	0.2400651	0.0	0.11599795	0.0	0.2548507	0.0	0.36700115	0.2509991	0.11794803	0.17805131	0.0	0.0	0.0	0.21187834	0.0	0.0	0.25198904	0.0	0.0	0.315051	0.20172203	0.0	0.0	0.0	0.0	0.0	0.092440285	0.2721812	0.0	0.28139925	0.22864908	0.0020303305	0.18039858	0.0	0.0	0.0	0.0	0.0	0.29999092	0.0	0.0	0.045260895	0.5017464	0.0	0.52499145	0.0	0.0	0.0	0.18677182	0.27652538	0.0	0.0	0.0	0.0	0.0	0.0	0.31408277	0.0	0.0	0.0	0.26065147	0.02218605	0.0	0.0	0.34562898	0.30585125	0.0	0.39120007	0.0	0.0	0.19420828	0.0	0.22782432	0.0	0.0	0.0	0.0	0.0	0.0	0.0	0.17759953	0.0	0.5254311	0.046919253	0.0	0.16680408	0.0	0.0
0.0	0.27215979	0.0	0.17174453	0.0	0.0	0.28721705	0.0	0.0	0.0	0.0	0.0	0.0	0.0	0.367474	0.0	0.5284876	0.0	0.0	0.2535831	0.0	0.0	0.0	0.19131078	0.0	0.09735037	0.12663023	0.0	0.0	0.11864597	0.0	0.0	0.0	0.0	0.0	0.13993236	0.0	0.0	0.0	0.0	0.23491724	0.0	0.11934463	0.0	0.25174165	0.0	0.37125984	0.23983741	0.12244013	0.1669612	0.0	0.0	0.0	0.23297565	0.0	0.0	0.25041473	0.0	0.0	0.3222556	0.18774992	0.0	0.0	0.0	0.0	0.0	0.08410812	0.28572288	0.0	0.28577945	0.23760293	0.0	0.17808895	0.0	0.0	0.0	0.0	0.0	0.30822474	0.0	0.0	0.04040466	0.5082021	0.0	0.547934	0.0	0.0	0.0	0.19826598	0.27785417	0.0	0.0	0.0	0.0	0.0	0.0	0.33195272	0.0	0.0	0.0	0.25135654	0.009536397	0.0	0.0	0.34623423	0.3157235	0.0	0.3930261	0.0	0.0	0.20243208	0.0	0.23414989	0.0	0.0	0.0	0.0	0.0	0.0	0.0	0.1873138	0.0	0.5140253	0.043560054	0.0	0.17052464	0.0	0.0
0.0	0.2795427	0.0	0.1745737	0.0	0.0	0.28681466	0.0	0.0	0.0	0.0	0.0	0.0	0.0	0.35559928	0.0	0.53127766	0.0	0.0	0.25545833	0.0	0.0	0.0	0.19422686	0.0	0.095291905	0.11825169	0.0	0.0	0.11927021	0.0	0.0	0.0	0.0	0.0	0.12940282	0.0	0.0	0.0	0.0	0.2423351	0.0	0.11701459	0.0	0.25735486	0.0	0.3685383	0.2421029	0.12292472	0.17336838	0.0	0.0	0.0	0.21768399	0.0	0.0	0.2538602	0.0	0.0	0.31180117	0.19614093	0.0	0.0	0.0	0.0	0.0	0.08491024	0.2801145	0.0	0.27720147	0.23457904	0.00014907245	0.18305641	0.0	0.0	0.0	0.0	0.0	0.30426806	0.0	0.0	0.04080452	0.50469404	0.0	0.53692013	0.0	0.0	0.0	0.18623488	0.27307072	0.0	0.0	0.0	0.0	0.0	0.0	0.32612255	0.0	0.0	0.0	0.2579948	0.017976549	0.0	0.0	0.35016036	0.30853513	0.0	0.39100656	0.0	0.0	0.19484128	0.0	0.22502787	0.0	0.0	0.0	0.0	0.0	0.0	0.0	0.18147726	0.0	0.518882	0.047057938	0.0	0.17043547	0.0	0.0
0.0	0.27841887	0.0	0.18629499	0.0	0.0	0.3199794	0.0	0.0	0.0	0.0	0.0	0.0	0.0	0.36436543	0.0	0.5598235	0.0	0.0	0.23823021	0.0	0.0	0.0	0.21785985	0.0	0.10662487	0.13429414	0.0	0.0	0.12625298	0.0	0.0	0.0	0.0	0.0	0.11377504	0.0	0.0	0.0	0.0	0.23507357	0.0	0.105759226	0.0	0.25502	0.0	0.37786746	0.29927057	0.11213889	0.19045621	0.0	0.0	0.0	0.18398285	0.0	0.0	0.24519537	0.0	0.0	0.3157534	0.2287579	0.0	0.0	0.0	0.0	0.0029615976	0.12521124	0.25100088	0.0	0.27937213	0.2119233	0.013448575	0.1735005	0.0	0.0	0.0	0.0	0.0	0.27600238	0.0	0.0	0.0562571	0.4851303	0.0	0.48315945	0.0	0.0	0.0	0.1844794	0.2879043	0.0	0.0	0.0	0.0	0.0	0.0	0.28666773	0.0	0.0	0.0	0.28439516	0.041716453	0.0	0.0	0.33166435	0.28442845	0.0	0.39455023	0.0	0.0	0.19490294	0.0	0.23868942	0.0	0.0	0.0	0.0	0.0	0.0	0.0	0.15349402	0.0	0.55293983	0.056089815	0.0	0.16655971	0.0	0.0
0.0	0.2724805	0.0	0.18009369	0.0	0.0	0.29547635	0.0	0.0	0.0	0.0	0.0	0.0	0.0	0.37508357	0.0	0.5407321	0.0	0.0	0.23299639	0.0	0.0	0.0	0.22088243	0.0	0.10930536	0.14541699	0.0	0.0	0.11458651	0.0	0.0	0.0	0.0	0.0	0.13782781	0.0	0.0	0.0	0.0	0.23371156	0.0	0.109537125	0.0	0.2265772	0.0	0.37373948	0.27217197	0.12523977	0.17627007	0.0	0.0	0.0	0.21369731	0.0	0.0	0.25222513	0.0	0.0	0.32168218	0.21168125	0.0	0.0	0.0	0.0	0.00049712136	0.10720083	0.26830178	0.0	0.28767264	0.22371547	0.005904349	0.183643	0.0	0.0	0.0	0.0	0.0	0.2986653	0.0	0.0	0.06626659	0.48781076	0.0	0.5227833	0.0	0.0	0.0	0.1918333	0.29657224	0.0	0.0	0.0	0.0	0.0	0.0	0.3091646	0.0	0.0	0.0	0.27198434	0.022822594	0.0	0.0	0.3354554	0.3123149	0.0	0.39492634	0.0	0.0	0.18423986	0.0	0.2354197	0.0	0.0	0.0	0.0	0.0	0.0	0.0	0.17851597	0.0	0.52110773	0.051636416	0.0	0.15931033	0.0	0.0
0.0	0.25254533	0.0	0.17252575	0.0	0.0	0.30585253	0.0	0.0	0.0	0.0	0.0	0.0	0.0	0.4033544	0.0	0.5540696	0.0	0.0	0.20742774	0.0	0.0	0.0	0.21901655	0.0	0.12992823	0.16719554	0.0	0.0	0.118964486	0.0	0.0	0.0	0.0	0.0	0.13788325	0.0	0.0	0.0	0.0	0.20769079	0.0	0.11006007	0.0	0.21955983	0.0	0.38337088	0.31011173	0.12396889	0.21165101	0.0	0.0	0.0	0.22716741	0.0	0.0	0.25294316	0.0	0.0	0.3222601	0.22535004	0.0	0.0	0.0	0.0	0.000561703	0.11839191	0.26345775	0.0	0.31209776	0.22354464	0.005874215	0.19698714	0.0	0.0	0.0	0.0	0.0	0.29878104	0.0	0.0	0.07238114	0.48645592	0.0	0.48952612	0.0	0.0	0.0	0.20479448	0.29010555	0.0	0.0	0.0	0.0	0.0	0.0	0.30449185	0.0	0.0	0.0	0.29770604	0.027480936	0.0	0.0	0.3228148	0.30800077	0.0	0.39313626	0.0	0.0	0.19067532	0.0	0.23144926	0.0	0.0	0.0	0.0	0.0	0.0	0.0	0.18394248	0.0	0.5316911	0.05220298	0.0	0.15186168	0.0	0.0
0.0	0.28714788	0.0	0.17599893	0.0	0.0	0.29163873	0.0	0.0	0.0	0.0	0.0	0.0	0.0	0.34378663	0.0	0.5361939	0.0	0.0	0.24615069	0.0	0.0	0.0	0.18764786	0.0	0.09168151	0.10950908	0.0	0.0	0.120336734	0.0	0.0	0.0	0.0	0.0	0.124797404	0.0	0.0	0.0	0.0	0.22957887	0.0	0.10499098	0.0	0.26716882	0.0	0.36515746	0.2538102	0.11817042	0.18296188	0.0	0.0	0.0	0.20827381	0.0	0.0	0.26054057	0.0	0.0	0.30143502	0.20452563	0.0	0.0	0.0	0.0	0.0	0.10005229	0.26601756	0.0	0.2649649	0.22901787	0.0	0.1811095	0.0	0.0	0.0	0.0	0.0	0.28503034	0.0	0.0	0.0370793	0.496941	0.0	0.50613207	0.0	0.0	0.0	0.1862117	0.26540098	0.0	0.0	0.0	0.0	0.0	0.0	0.30946437	0.0	0.0	0.0	0.2628192	0.026925007	0.0	0.0	0.34108993	0.29199544	0.0	0.38577855	0.0	0.0	0.19466382	0.0	0.22780223	0.0	0.0	0.0	0.0	0.0	0.0	0.0	0.17021711	0.0	0.527994	0.050669227	0.0	0.17032051	0.0	0.0
0.0	0.2680232	0.0	0.174608	0.0	0.0	0.28288493	0.0	0.0	0.0	0.0	0.0	0.0	0.0	0.3755282	0.0	0.52897185	0.0	0.0	0.24698968	0.0	0.0	0.0	0.20155825	0.0	0.10377712	0.13603646	0.0	0.0	0.11728129	0.0	0.0	0.0	0.0	0.0	0.14456493	0.0	0.0	0.0	0.0	0.23820801	0.0	0.12079806	0.0	0.22936916	0.0	0.37037167	0.23679678	0.12764119	0.16133223	0.0	0.0	0.0	0.23719466	0.0	0.0	0.2429126	0.0	0.0	0.32509634	0.18639679	0.0	0.0	0.0	0.0	0.0	0.08289186	0.28795624	0.0	0.29200256	0.23589726	0.00035885847	0.18890662	0.0	0.0	0.0	0.0	0.0	0.31863192	0.0	0.0	0.054184288	0.50405616	0.0	0.55788356	0.0	0.0	0.0	0.20259058	0.2875508	0.0	0.0	0.0	0.0	0.0	0.0	0.3356175	0.0	0.0	0.0	0.25280502	0.0069221593	0.0	0.0	0.34538674	0.3249199	0.0	0.39039734	0.0	0.0	0.19528496	0.0	0.22870941	0.0	0.0	0.0	0.0	0.0	0.0	0.0	0.19393528	0.0	0.50578135	0.04924209	0.0	0.16625072	0.0	0.0
0.0	0.23861225	0.0	0.14756338	0.0	0.0	0.29758108	0.0	0.0	0.0	0.0	0.0	0.0	0.0	0.4036673	0.0	0.5097371	0.0	0.0	0.22214083	0.0	0.0	0.0	0.21192153	0.0	0.09072384	0.109327614	0.0	0.0	0.107530214	0.0	0.0	0.0	0.0	0.0	0.16907565	0.0	0.0	0.0	0.0	0.21415786	0.0	0.10428088	0.0	0.24681795	0.0	0.3815881	0.25191534	0.10907799	0.21559517	0.0	0.0	0.0	0.22792344	0.0	0.0	0.26498583	0.0	0.0	0.32773545	0.20056422	0.0	0.0	0.0	0.0	0.0	0.0626477	0.31066066	0.0	0.29183802	0.21746276	0.0	0.21209836	0.0	0.0	0.0	0.0	0.0	0.3039386	0.0	0.0	0.06619996	0.52712923	0.0	0.5226597	0.0	0.0	0.0	0.2099613	0.28303793	0.0	0.0	0.0	0.0	0.0	0.0	0.2968448	0.0	0.0	0.0	0.26836294	0.016082266	0.0	0.0	0.3355699	0.29585603	0.0	0.38523746	0.0	0.0	0.19712873	0.0	0.24808235	0.0	0.0	0.0	0.0	0.0	0.0	0.0	0.20698357	0.0	0.48571238	0.045652125	0.0	0.15576471	0.0	0.0
0.0	0.2782659	0.0	0.18172647	0.0	0.0	0.3023481	0.0	0.0	0.0	0.0	0.0	0.0	0.0	0.36110616	0.0	0.54925007	0.0	0.0	0.24143064	0.0	0.0	0.0	0.20364787	0.0	0.10629988	0.1299444	0.0	0.0	0.12593801	0.0	0.0	0.0	0.0	0.0	0.12544887	0.0	0.0	0.0	0.0	0.23582555	0.0	0.10832757	0.0	0.24071164	0.0	0.36345255	0.26473927	0.12125981	0.1788342	0.0	0.0	0.0	0.20244622	0.0	0.0	0.24587183	0.0	0.0	0.31176826	0.21186395	0.0	0.0	0.0	0.0	0.0009768357	0.10933086	0.26562497	0.0	0.2815062	0.220048	0.004540985	0.18235485	0.0	0.0	0.0	0.0	0.0	0.2877107	0.0	0.0	0.050306097	0.49086717	0.0	0.51176697	0.0	0.0	0.0	0.18865816	0.28045377	0.0	0.0	0.0	0.0	0.0	0.0	0.30664265	0.0	0.0	0.0	0.27343997	0.03489745	0.0	0.0	0.33818102	0.29703745	0.0	0.386497	0.0	0.0	0.19150682	0.0	0.2256097	0.0	0.0	0.0	0.0	0.0	0.0	0.0	0.1719596	0.0	0.5351687	0.057216745	0.0	0.16370887	0.0	0.0
0.0	0.27854082	0.0	0.18453966	0.0	0.0	0.31220034	0.0	0.0	0.0	0.0	0.0	0.0	0.0	0.3825409	0.0	0.55880684	0.0	0.0	0.24948263	0.0	0.0	0.0	0.21799053	0.0	0.11590773	0.14101402	0.0	0.0	0.13060832	0.0	0.0	0.0	0.0	0.0	0.123812914	0.0	0.0	0.0	0.0	0.24113728	0.0	0.11946263	0.0	0.23932396	0.0	0.36640897	0.28142682	0.122551404	0.17854851	0.0	0.0	0.0	0.19643001	0.0	0.0	0.23703043	0.0	0.0	0.32468978	0.2136264	0.0	0.0	0.0	0.0	0.0029072762	0.11163279	0.26978457	0.0	0.2895458	0.21402265	0.008201526	0.17889643	0.0	0.0	0.0	0.0	0.0	0.2943752	0.0	0.0	0.062066425	0.49394608	0.0	0.517242	0.0	0.0	0.0	0.17889653	0.2838218	0.0	0.0	0.0	0.0	0.0	0.0	0.3188297	0.0	0.0	0.0	0.27405187	0.035839066	0.0	0.0	0.33597192	0.3035151	0.0	0.38975573	0.0	0.0	0.18762927	0.0	0.22686517	0.0	0.0	0.0	0.0	0.0	0.0	0.0	0.16779779	0.0	0.54709774	0.05951708	0.0	0.16732274	0.0	0.0
0.0	0.27477446	0.0	0.17504348	0.0	0.0	0.28896675	0.0	0.0	0.0	0.0	0.0	0.0	0.0	0.34258845	0.0	0.5286513	0.0	0.0	0.237915	0.0	0.0	0.0	0.20052749	0.0	0.09830412	0.12306279	0.0	0.0	0.12117425	0.0	0.0	0.0	0.0	0.0	0.13118361	0.0	0.0	0.0	0.0	0.23218465	0.0	0.10153651	0.0	0.2509458	0.0	0.36476752	0.2437635	0.121791124	0.18075691	0.0	0.0	0.0	0.22031985	0.0	0.0	0.24403487	0.0	0.0	0.299842	0.19672783	0.0	0.0	0.0	0.0	0.0	0.09944274	0.26491645	0.0	0.27332577	0.23298323	0.0012005605	0.18979354	0.0	0.0	0.0	0.0	0.0	0.2966815	0.0	0.0	0.04202907	0.49518895	0.0	0.5176301	0.0	0.0	0.0	0.19713826	0.2792482	0.0	0.0	0.0	0.0	0.0	0.0	0.30434063	0.0	0.0	0.0	0.2637042	0.01710051	0.0	0.0	0.3416853	0.29378986	0.0	0.38458195	0.0	0.0	0.19681406	0.0	0.227962	0.0	0.0	0.0	0.0	0.0	0.0	0.0	0.18284483	0.0	0.5212067	0.049148675	0.0	0.15945031	0.0	0.0
0.0	0.2841615	0.0	0.17039241	0.0	0.0	0.28113106	0.0	0.0	0.0	0.0	0.0	0.0	0.0	0.320685	0.0	0.52608967	0.0	0.0	0.24213147	0.0	0.0	0.0	0.17879397	0.0	0.08719205	0.10254917	0.0	0.0	0.11980071	0.0	0.0	0.0	0.0	0.0	0.11448681	0.0	0.0	0.0	0.0	0.22899173	0.0	0.09787086	0.0	0.2813804	0.0	0.36640945	0.23557793	0.11736834	0.19027378	0.0	0.0	0.0	0.20822604	0.0	0.0	0.26959231	0.0	0.0	0.29057473	0.20924379	0.0	0.0	0.0	0.0	0.0	0.09543371	0.26223516	0.0	0.26240307	0.24292882	0.0	0.19146924	0.0	0.0	0.0	0.0	0.0	0.28248808	0.0	0.0	0.026688753	0.5007344	0.0	0.49564102	0.0	0.0	0.0	0.1886215	0.25961766	0.0	0.0	0.0	0.0	0.0	0.0	0.29862344	0.0	0.0	0.0	0.2603216	0.024832794	0.0	0.0	0.3559718	0.29216042	0.0	0.38188776	0.0	0.0	0.19288327	0.0	0.22668391	0.0	0.0	0.0	0.0	0.0	0.0	0.0	0.17616613	0.0	0.5206507	0.044983704	0.0	0.17050298	0.0	0.0
0.0	0.27723873	0.0	0.17454685	0.0	0.0	0.2904766	0.0	0.0	0.0	0.0	0.0	0.0	0.0	0.33020565	0.0	0.5264323	0.0	0.0	0.22700898	0.0	0.0	0.0	0.19263285	0.0	0.097182274	0.11948049	0.0	0.0	0.11643354	0.0	0.0	0.0	0.0	0.0	0.12275681	0.0	0.0	0.0	0.0	0.22904056	0.0	0.09969794	0.0	0.24805808	0.0	0.36741173	0.25791454	0.115124874	0.18552963	0.0	0.0	0.0	0.20430751	0.0	0.0	0.2574777	0.0	0.0	0.30540362	0.21556436	0.0	0.0	0.0	0.0	0.0001448815	0.107972644	0.2579699	0.0	0.2712818	0.22813697	0.0067060157	0.18874739	0.0	0.0	0.0	0.0	0.0	0.28386596	0.0	0.0	0.045943964	0.48159945	0.0	0.48757502	0.0	0.0	0.0	0.19416833	0.27556565	0.0	0.0	0.0	0.0	0.0	0.0	0.2873701	0.0	0.0	0.0	0.26588187	0.028589174	0.0	0.0	0.3378655	0.29619393	0.0	0.38449618	0.0	0.0	0.18676741	0.0	0.22824323	0.0	0.0	0.0	0.0	0.0	0.0	0.0	0.1668834	0.0	0.51308864	0.046043184	0.0	0.16055444	0.0	0.0
0.0	0.28247422	0.0	0.19005573	0.0	0.0	0.32016477	0.0	0.0	0.0	0.0	0.0	0.0	0.0	0.37076703	0.0	0.5619796	0.0	0.0	0.23456116	0.0	0.0	0.0	0.22520834	0.0	0.11245856	0.1440187	0.0	0.0	0.12491418	0.0	0.0	0.0	0.0	0.0	0.120025106	0.0	0.0	0.0	0.0	0.24032657	0.0	0.11308774	0.0	0.24496283	0.0	0.37469706	0.29890865	0.118823715	0.19247334	0.0	0.0	0.0	0.18529992	0.0	0.0	0.24407376	0.0	0.0	0.32412288	0.22949553	0.0	0.0	0.0	0.0	0.0076318434	0.12074848	0.25544307	0.0	0.29091027	0.2119533	0.011583742	0.16913484	0.0	0.0	0.0	0.0	0.0	0.28546116	0.0	0.0	0.06578375	0.48746595	0.0	0.49380723	0.0	0.0	0.0	0.17728437	0.28716174	0.0	0.0	0.0	0.0	0.0	0.0	0.2974855	0.0	0.0	0.0	0.2829592	0.04516526	0.0	0.0	0.3293677	0.2944052	0.0	0.3974065	0.0	0.0	0.18349622	0.0	0.23878448	0.0	0.0	0.0	0.0	0.0	0.0	0.0	0.1555842	0.0	0.5563764	0.05287793	0.0	0.16884829	0.0	0.0
0.0	0.2789848	0.0	0.18468346	0.0	0.0	0.30630314	0.0	0.0	0.0	0.0	0.0	0.0	0.0	0.35913572	0.0	0.5488055	0.0	0.0	0.23198812	0.0	0.0	0.0	0.20934165	0.0	0.11703961	0.14283763	0.0	0.0	0.1295258	0.0	0.0	0.0	0.0	0.0	0.121583246	0.0	0.0	0.0	0.0	0.24045198	0.0	0.11318318	0.0	0.22723031	0.0	0.3551527	0.2714199	0.12194285	0.17845024	0.0	0.0	0.0	0.19666873	0.0	0.0	0.23677771	0.0	0.0	0.31823945	0.21326433	0.0	0.0	0.0	0.0	0.003141415	0.1151605	0.26219863	0.0	0.28443483	0.21756494	0.0061709173	0.18421417	0.0	0.0	0.0	0.0	0.0	0.29379478	0.0	0.0	0.058411967	0.4863422	0.0	0.5081876	0.0	0.0	0.0	0.18469624	0.28012395	0.0	0.0	0.0	0.0	0.0	0.0	0.30105793	0.0	0.0	0.0	0.27814063	0.040795904	0.0	0.0	0.33632722	0.30658963	0.0	0.3794416	0.0	0.0	0.18466294	0.0	0.22695811	0.0	0.0	0.0	0.0	0.0	0.0	0.0	0.17002039	0.0	0.53549576	0.06182386	0.0	0.1589752	0.0	0.0
0.0	0.28092617	0.0	0.1822602	0.0	0.0	0.3055791	0.0	0.0	0.0	0.0	0.0	0.0	0.0	0.3648183	0.0	0.5511656	0.0	0.0	0.2481171	0.0	0.0	0.0	0.2124535	0.0	0.11422131	0.1319836	0.0	0.0	0.1280487	0.0	0.0	0.0	0.0	0.0	0.12172386	0.0	0.0	0.0	0.0	0.24759184	0.0	0.11473823	0.0	0.24682768	0.0	0.36264133	0.27227765	0.12826253	0.18411599	0.0	0.0	0.0	0.20234011	0.0	0.0	0.24614185	0.0	0.0	0.3199756	0.21469171	0.0	0.0	0.0	0.0	0.00030568987	0.10695443	0.26765177	0.0	0.28479764	0.2219712	0.0039343946	0.185596	0.0	0.0	0.0	0.0	0.0	0.2978073	0.0	0.0	0.05491589	0.4967109	0.0	0.5117488	0.0	0.0	0.0	0.18263006	0.27501598	0.0	0.0	0.0	0.0	0.0	0.0	0.31333825	0.0	0.0	0.0	0.27271843	0.032385778	0.0	0.0	0.34073153	0.3026224	0.0	0.38261223	0.0	0.0	0.1855015	0.0	0.22555692	0.0	0.0	0.0	0.0	0.0	0.0	0.0	0.17343374	0.0	0.5412242	0.05604884	0.0	0.16433169	0.0	0.0
0.0	0.27058002	0.0	0.17555338	0.0	0.0	0.31079307	0.0	0.0	0.0	0.0	0.0	0.0	0.0	0.37006772	0.0	0.55968064	0.0	0.0	0.24198665	0.0	0.0	0.0	0.21286416	0.0	0.111549735	0.14260091	0.0	0.0	0.12890427	0.0	0.0	0.0	0.0	0.0	0.12450711	0.0	0.0	0.0	0.0	0.23350717	0.0	0.113928355	0.0	0.23591322	0.0	0.37366676	0.28289163	0.12598501	0.18607509	0.0	0.0	0.0	0.20324057	0.0	0.0	0.24392867	0.0	0.0	0.32519692	0.21684201	0.0	0.0	0.0	0.0	0.00025431192	0.11791607	0.26892048	0.0	0.28319588	0.22795288	0.010534392	0.19363797	0.0	0.0	0.0	0.0	0.0	0.2868911	0.0	0.0	0.060085673	0.48709586	0.0	0.5015103	0.0	0.0	0.0	0.17372687	0.28345835	0.0	0.0	0.0	0.0	0.0	0.0	0.30913532	0.0	0.0	0.0	0.27973723	0.041920137	0.0	0.0	0.3418802	0.30132094	0.0	0.38169965	0.0	0.0	0.18569203	0.0	0.227966	0.0	0.0	0.0	0.0	0.0	0.0	0.0	0.17670898	0.0	0.54594636	0.055489466	0.0	0.16716103	0.0	0.0
0.0	0.28165615	0.0	0.1818788	0.0	0.0	0.3151117	0.0	0.0	0.0	0.0	0.0	0.0	0.0	0.35689613	0.0	0.55707675	0.0	0.0	0.23338252	0.0	0.0	0.0	0.20758279	0.0	0.101242155	0.13452607	0.0	0.0	0.12453539	0.0	0.0	0.0	0.0	0.0	0.1092597	0.0	0.0	0.0	0.0	0.24848664	0.0	0.10469348	0.0	0.25241426	0.0	0.3772799	0.28546992	0.11152062	0.19371836	0.0	0.0	0.0	0.19330041	0.0	0.0	0.24111326	0.0	0.0	0.31307563	0.22300477	0.0	0.0	0.0	0.0	0.0	0.11617718	0.26141813	0.0	0.27688822	0.21185964	0.012624275	0.17552425	0.0	0.0	0.0	0.0	0.0	0.28642285	0.0	0.0	0.049700692	0.48877767	0.0	0.49828935	0.0	0.0	0.0	0.18113399	0.28393915	0.0	0.0	0.0	0.0	0.0	0.0	0.2896253	0.0	0.0	0.0	0.27694878	0.028436363	0.0	0.0	0.338169	0.28691092	0.0	0.396484	0.0	0.0	0.18907993	0.0	0.237094	0.0	0.0	0.0	0.0	0.0	0.0	0.0	0.15246458	0.0	0.5449807	0.051258665	0.0	0.16502418	0.0	0.0
0.0	0.24608292	0.0	0.16971616	0.0	0.0	0.31792453	0.0	0.0	0.0	0.0	0.0	0.0	0.0	0.4007736	0.0	0.56249744	0.0	0.0	0.22101344	0.0	0.0	0.0	0.21949409	0.0	0.12413011	0.1532374	0.0	0.0	0.11973897	0.0	0.0	0.0	0.0	0.0	0.11942941	0.0	0.0	0.0	0.0	0.23875828	0.0	0.11309085	0.0	0.21052563	0.0	0.36249748	0.27136362	0.11925906	0.17980683	0.0	0.0	0.0	0.20805965	0.0	0.0	0.23217301	0.0	0.0	0.3296604	0.21667762	0.0	0.0	0.0	0.0	0.004360527	0.10284698	0.28142762	0.0	0.29321936	0.2059714	0.0057187066	0.19748747	0.0	0.0	0.0	0.0	0.0	0.29901055	0.0	0.0	0.04678141	0.4850531	0.0	0.5274388	0.0	0.0	0.0	0.18191095	0.3001904	0.0	0.0	0.0	0.0	0.0	0.0	0.30804452	0.0	0.0	0.0	0.2868421	0.036855694	0.0	0.0	0.34177005	0.31626755	0.0	0.39336863	0.0	0.0	0.19368936	0.0	0.22579308	0.0	0.0	0.0	0.0	0.0	0.0	0.0	0.1805412	0.0	0.5157183	0.05684946	0.0	0.16602029	0.0	0.0
0.0	0.2607504	0.0	0.17729586	0.0	0.0	0.29207516	0.0	0.0	0.0	0.0	0.0	0.0	0.0	0.52061605	0.0	0.5248082	0.0	0.0	0.29293826	0.0	0.0	0.0	0.20552249	0.0	0.022340348	0.13067286	0.0	0.0	0.15162982	0.0	0.0	0.0	0.0	0.0	0.17293833	0.0	0.0	0.0	0.0	0.3161719	0.0	0.2278528	0.0	0.14805071	0.0	0.4006504	0.14461726	0.15352152	0.11419039	0.0	0.0	0.0	0.29661295	0.0	0.0	0.17486621	0.0	0.0	0.34182537	0.11098945	0.0	0.0	0.0	0.0	0.0	0.0	0.4179424	0.0	0.34558582	0.20879884	0.0	0.26337734	0.0	0.0	0.0	0.0	0.0	0.45463154	0.0	0.0	0.108151115	0.57399064	0.0	0.8210619	0.0	0.0	0.0	0.21483213	0.30164537	0.0	0.0	0.0	0.0	0.0	0.0	0.49308625	0.0	0.0	0.0	0.20546834	0.0	0.0	0.0	0.4183619	0.45414686	0.0	0.44144073	0.0	0.0	0.18990548	0.0	0.26427934	0.0	0.0	0.0	0.0	0.0	0.0	0.0	0.23002212	0.0	0.4887506	0.04084397	0.0	0.17630689	0.0	0.0
0.0	0.26941457	0.0	0.18655361	0.0	0.0	0.284648	0.0	0.0	0.0	0.0	0.0	0.0	0.0	0.52477115	0.0	0.5507326	0.0	0.0	0.32134286	0.0	0.0	0.0	0.20185447	0.0	0.02490873	0.15688305	0.0	0.0	0.1746152	0.0	0.0	0.0	0.0	0.0	0.18895645	0.0	0.0	0.0	0.0	0.33572772	0.0	0.21217315	0.0	0.11362057	0.0	0.39755765	0.12503493	0.18074746	0.062174264	0.0	0.0	0.0	0.30038843	0.0	0.0	0.15509047	0.0	0.0	0.37044585	0.10221309	0.0	0.0	0.0	0.0	0.0	0.0	0.42547432	0.0	0.3534511	0.2431974	0.0	0.23759365	0.0	0.0	0.0	0.0	0.0	0.48006728	0.0	0.0	0.12372508	0.5657036	0.0	0.87672645	0.0034872193	0.0	0.0	0.23669855	0.31824657	0.0	0.0	0.0	0.0	0.0	0.0	0.5397013	0.0	0.0	0.0	0.1826222	0.0	0.0	0.0	0.41283786	0.49464074	0.0	0.45252398	0.0	0.0	0.19659781	0.0	0.26244697	0.0	0.0	0.0	0.0	0.0	0.0	0.0	0.24406905	0.0	0.50918096	0.03795491	0.0	0.17478536	0.0	0.0
0.0	0.2643653	0.0	0.15811265	0.0	0.0	0.26549825	0.0	0.0	0.0	0.0	0.0	0.0	0.0	0.47956192	0.0	0.51259905	0.0	0.0	0.2844836	0.0	0.0	0.0	0.17069262	0.0	0.030005148	0.13729097	0.0	0.0	0.13868055	0.0	0.0	0.0	0.0	0.0	0.191126	0.0	0.0	0.0	0.0	0.31560686	0.0	0.19146033	0.0	0.13458723	0.0	0.40048918	0.13659877	0.14239024	0.09569454	0.0	0.0	0.0	0.27826774	0.0	0.0	0.19203489	0.0	0.0	0.3582218	0.1028178	0.0	0.0	0.0	0.0	0.0	0.005259125	0.39574662	0.0	0.33800673	0.24145396	0.0	0.23073156	0.0	0.0	0.0	0.0	0.0	0.44638506	0.0	0.0	0.10215399	0.5484907	0.0	0.7851538	0.0	0.0	0.0	0.23172279	0.3121033	0.0	0.0	0.0	0.0	0.0	0.0	0.46414116	0.0	0.0	0.0	0.2059505	0.0	0.0	0.0	0.40381226	0.45080557	0.0	0.44180548	0.0	0.0	0.19535768	0.0	0.26386592	0.0	0.0	0.0	0.0	0.0	0.0	0.0	0.2325424	0.0	0.47087646	0.030926691	0.0	0.1736052	0.0	0.0
0.0	0.2821155	0.0	0.19524527	0.0	0.0	0.24784844	0.0	0.0	0.0	0.0	0.0	0.0	0.0	0.46273437	0.0	0.541869	0.0	0.0	0.30641803	0.0	0.0	0.0	0.2012984	0.0	0.044178557	0.1345324	0.0	0.0	0.15702115	0.0	0.0	0.0	0.0	0.0	0.19124258	0.0	0.0	0.0	0.0	0.28726178	0.0	0.17584245	0.0	0.16234525	0.0	0.40000284	0.1289637	0.17474496	0.0870986	0.0	0.0	0.0	0.31868854	0.0	0.0	0.20169155	0.0	0.0	0.33634055	0.12777816	0.0	0.0	0.0	0.0	0.0	0.018744979	0.3867766	0.0	0.31632933	0.27662042	0.0	0.25503215	0.0	0.0	0.0	0.0	0.0	0.4281741	0.0	0.0	0.09202179	0.54423225	0.0	0.8098467	0.0	0.0	0.0	0.26037347	0.30023506	0.0	0.0	0.0	0.0	0.0	0.0	0.52442646	0.0	0.0	0.0	0.19669838	0.0005233151	0.0	0.0	0.39792883	0.46783102	0.0	0.43107268	0.0	0.0	0.21807249	0.0	0.2563502	0.0	0.0	0.0	0.0	0.0	0.0	0.0	0.25389966	0.0	0.49871278	0.019219832	0.0	0.1579005	0.0	0.0
0.0	0.26720318	0.0	0.17759933	0.0	0.0	0.27479288	0.0	0.0	0.0	0.0	0.0	0.0	0.0	0.50628203	0.0	0.5423732	0.0	0.0	0.2915626	0.0	0.0	0.0	0.20675921	0.0	0.067964055	0.17460562	0.0	0.0	0.16169399	0.0	0.0	0.0	0.0	0.0	0.19373529	0.0	0.0	0.0	0.0	0.31631553	0.0	0.20870383	0.0	0.11399003	0.0	0.4063336	0.15901072	0.16500211	0.07888519	0.0	0.0	0.0	0.2928646	0.0	0.0	0.17553394	0.0	0.0	0.3872427	0.114639245	0.0	0.0	0.0	0.0	0.0	0.01502585	0.39831266	0.0	0.3620635	0.25089487	0.0	0.22429395	0.0	0.0	0.0	0.0	0.0	0.46758354	0.0	0.0	0.13063563	0.56520253	0.0	0.8039155	0.0	0.0	0.0	0.22739474	0.3281075	0.0	0.0	0.0	0.0	0.0	0.0	0.5007629	0.0	0.0	0.0	0.20779382	0.0	0.0	0.0	0.39950275	0.47198585	0.0	0.43696252	0.0	0.0	0.17708825	0.0	0.25623226	0.0	0.0	0.0	0.0	0.0	0.0	0.0	0.23757362	0.0	0.50187224	0.03996645	0.0	0.17040843	0.0	0.0
0.0	0.2507204	0.0	0.19626378	0.0	0.0	0.29620695	0.0	0.0	0.0	0.0	0.0	0.0	0.0	0.54239196	0.0	0.53994036	0.0	0.0	0.27538887	0.0	0.0	0.0	0.23906447	0.0	0.07666728	0.15699168	0.0	0.0	0.14935662	0.0	0.0	0.0	0.0	0.0	0.17458065	0.0	0.0	0.0	0.0	0.29726598	0.0	0.22531061	0.0	0.13405968	0.0	0.3959801	0.18004638	0.15884098	0.11818398	0.0	0.0	0.0	0.29210606	0.0	0.0	0.18010789	0.0	0.0	0.375628	0.13647647	0.0	0.0	0.0	0.0	0.0	0.01652163	0.40563688	0.0	0.3563293	0.2126565	0.0	0.26205197	0.0	0.0	0.0	0.0	0.0	0.44410682	0.0	0.0	0.10978172	0.57986015	0.0	0.7935632	0.0	0.0	0.0	0.21257496	0.31529602	0.0	0.0	0.0	0.0	0.0	0.0	0.490738	0.0	0.0	0.0	0.22209077	0.004942858	0.0	0.0	0.40502214	0.45092383	0.0	0.4362882	0.0	0.0	0.17254274	0.0	0.26121458	0.0	0.0	0.0	0.0	0.0	0.0	0.0	0.23578747	0.0	0.49255347	0.040308505	0.0	0.17882971	0.0	0.0
0.0	0.2726981	0.0	0.1778897	0.0	0.0	0.27378014	0.0	0.0	0.0	0.0	0.0	0.0	0.0	0.48507586	0.0	0.5301257	0.0	0.0	0.29218772	0.0	0.0	0.0	0.19632865	0.0	0.030201515	0.13756032	0.0	0.0	0.15756874	0.0	0.0	0.0	0.0	0.0	0.18669419	0.0	0.0	0.0	0.0	0.3125023	0.0	0.20084606	0.0	0.15084083	0.0	0.40139917	0.14364804	0.15288332	0.097347684	0.0	0.0	0.0	0.2792512	0.0	0.0	0.18315578	0.0	0.0	0.36160412	0.11392536	0.0	0.0	0.0	0.0	0.0	0.0031301973	0.39612016	0.0	0.34487987	0.232737	0.0	0.21744226	0.0	0.0	0.0	0.0	0.0	0.45629254	0.0	0.0	0.102820255	0.5708096	0.0	0.8050738	0.0	0.0	0.0	0.23180234	0.30082753	0.0	0.0	0.0	0.0	0.0	0.0	0.49302936	0.0	0.0	0.0	0.19760619	0.0	0.0	0.0	0.39160952	0.4521319	0.0	0.44985154	0.0	0.0	0.19193716	0.0	0.26644492	0.0	0.0	0.0	0.0	0.0	0.0	0.0	0.22270495	0.0	0.49933696	0.030035071	0.0	0.17188387	0.0	0.0
0.0	0.26883152	0.0	0.1626882	0.0	0.0	0.27862874	0.0	0.0	0.0	0.0	0.0	0.0	0.0	0.4632121	0.0	0.5222795	0.0	0.0	0.29001567	0.0	0.0	0.0	0.16359305	0.0	0.028660685	0.14090301	0.0	0.0	0.16119799	0.0	0.0	0.0	0.0	0.0	0.17744243	0.0	0.0	0.0	0.0	0.31618443	0.0	0.18838005	0.0	0.14085421	0.0	0.39534473	0.14449918	0.1450908	0.09392307	0.0	0.0	0.0	0.25934815	0.0	0.0	0.17600496	0.0	0.0	0.36226523	0.11919791	0.0	0.0	0.0	0.0	0.0	0.022421867	0.39256713	0.0	0.34767357	0.23663147	0.0	0.20781982	0.0	0.0	0.0	0.0	0.0	0.4375887	0.0	0.0	0.09414195	0.55974454	0.0	0.7846257	0.0	0.0	0.0	0.23067795	0.29864588	0.0	0.0	0.0	0.0	0.0	0.0	0.46056476	0.0	0.0	0.0	0.20808506	0.0	0.0	0.0	0.39306888	0.45450845	0.0	0.43839076	0.0	0.0	0.19622928	0.0	0.25637433	0.0	0.0	0.0	0.0	0.0	0.0	0.0	0.21795426	0.0	0.4829929	0.057215746	0.0	0.16598924	0.0	0.0
0.0	0.24696894	0.0	0.1920032	0.0	0.0	0.27848825	0.0	0.0	0.0	0.0	0.0	0.0	0.0	0.5233992	0.0	0.54045314	0.0	0.0	0.28903905	0.0	0.0	0.0	0.20734228	0.0	0.051604584	0.1793266	0.0	0.0	0.16775186	0.0	0.0	0.0	0.0	0.0	0.18418477	0.0	0.0	0.0	0.0	0.32147956	0.0	0.21399009	0.0	0.103177465	0.0	0.41029862	0.14812486	0.16404067	0.08055108	0.0	0.0	0.0	0.29583406	0.0	0.0	0.1626925	0.0	0.0	0.38607776	0.11949799	0.0	0.0	0.0	0.0	0.0	0.015673915	0.40215668	0.0	0.36659893	0.24028778	0.0	0.24426192	0.0	0.0	0.0	0.0	0.0	0.4646254	0.0	0.0	0.12146636	0.56380373	0.0	0.82043666	0.0	0.0	0.0	0.23469375	0.33167997	0.0	0.0	0.0	0.0	0.0	0.0	0.5134329	0.0	0.0	0.0	0.21140401	0.0	0.0	0.0	0.41225135	0.48302612	0.0	0.44900095	0.0	0.0	0.18154825	0.0	0.2641542	0.0	0.0	0.0	0.0	0.0	0.0	0.0	0.23417349	0.0	0.48885646	0.032067105	0.0	0.17699826	0.0	0.0
0.0	0.2652621	0.0	0.19463702	0.0	0.0	0.27811992	0.0	0.0	0.0	0.0	0.0	0.0	0.0	0.53334457	0.0	0.5591579	0.0	0.0	0.2892829	0.0	0.0	0.0	0.21975832	0.0	0.09075583	0.19380112	0.0	0.0	0.17285776	0.0	0.0	0.0	0.0	0.0	0.18146904	0.0	0.0	0.0	0.0	0.30647638	0.0	0.23279685	0.0	0.08169488	0.0	0.39480028	0.15949924	0.16744252	0.06903327	0.0	0.0	0.0	0.29023832	0.0	0.0	0.14492862	0.0	0.0	0.39576855	0.112029344	0.0	0.0	0.0	0.0	0.0	0.025436237	0.4012835	0.0	0.3795029	0.2421811	0.0	0.2351709	0.0	0.0	0.0	0.0	0.0	0.46779695	0.0	0.0	0.13184771	0.5661643	0.0	0.8235178	0.0	0.0	0.0	0.21999598	0.34476867	0.0	0.0	0.0	0.0	0.0	0.0	0.52330476	0.0	0.0	0.0	0.2134087	0.005515933	0.0	0.0	0.4032315	0.49739504	0.0	0.44872895	0.0	0.0	0.17235167	0.0	0.23768991	0.0	0.0	0.0	0.0	0.0	0.0	0.0	0.22653419	0.0	0.5058806	0.046804477	0.0	0.16892028	0.0	0.0
0.0	0.2523246	0.0	0.18054344	0.0	0.0	0.28561306	0.0	0.0	0.0	0.0	0.0	0.0	0.0	0.52510244	0.0	0.54929453	0.0	0.0	0.26853392	0.0	0.0	0.0	0.21640491	0.0	0.078825146	0.17505932	0.0	0.0	0.16050659	0.0	0.0	0.0	0.0	0.0	0.17240222	0.0	0.0	0.0	0.0	0.30648568	0.0	0.21207596	0.0	0.12194147	0.0	0.40193447	0.17217036	0.15110229	0.0943594	0.0	0.0	0.0	0.27756613	0.0	0.0	0.16519186	0.0	0.0	0.38624445	0.12140866	0.0	0.0	0.0	0.0	0.0	0.024549855	0.3867344	0.0	0.36827278	0.2311452	0.0	0.21953487	0.0	0.0	0.0	0.0	0.0	0.44282696	0.0	0.0	0.109521836	0.5709603	0.0	0.7900875	0.0	0.0	0.0	0.23317997	0.3315132	0.0	0.0	0.0	0.0	0.0	0.0	0.494457	0.0	0.0	0.0	0.22168313	0.0	0.0	0.0	0.4007208	0.4662827	0.0	0.45994344	0.0	0.0	0.18410663	0.0	0.25441372	0.0	0.0	0.0	0.0	0.0	0.0	0.0	0.2197329	0.0	0.5034205	0.03538383	0.0	0.17176239	0.0	0.0
0.0	0.23071744	0.0	0.20434298	0.0	0.0	0.27659822	0.0	0.0	0.0	0.0	0.0	0.0	0.0	0.66211444	0.0	0.6251291	0.0	0.0	0.34548724	0.0	0.0	0.0	0.25161228	0.0	0.04560824	0.26013002	0.0	0.0	0.192347	0.0	0.0	0.0	0.0	0.0	0.21647169	0.0	0.0	0.0	0.0	0.3658824	0.0	0.2772855	0.0	0.031118998	0.0	0.46384096	0.1284886	0.198942	0.0	0.0	0.0	0.0	0.34746113	0.0	0.0	0.1469626	0.0	0.0	0.45954594	0.049321394	0.0	0.0	0.0	0.0	0.0	0.00627326	0.46018115	0.0	0.41167048	0.301066	0.0	0.28623855	0.0	0.0	0.0	0.0	0.0	0.5373816	0.0	0.0	0.21972656	0.5468048	0.0	1.0001407	0.0	0.0	0.0	0.23101775	0.4316518	0.0	0.0	0.0	0.0	0.0	0.0	0.6711388	0.0	0.0	0.0	0.18773156	0.0024455588	0.0	0.0	0.45270407	0.58080834	0.0	0.48516765	0.0	0.0	0.17969231	0.0	0.28431818	0.0	0.0	0.0	0.0	0.0	0.0	0.0	0.27950355	0.0	0.5168076	0.025873005	0.0	0.22379231	0.0	0.0
0.0	0.25527814	0.0	0.18326376	0.0	0.0	0.28315708	0.0	0.0	0.0	0.0	0.0	0.0	0.0	0.4857919	0.0	0.5440915	0.0	0.0	0.26080644	0.0	0.0	0.0	0.20558296	0.0	0.09029493	0.16694836	0.0	0.0	0.15180211	0.0	0.0	0.0	0.0	0.0	0.16651322	0.0	0.0	0.0	0.0	0.30969965	0.0	0.20764278	0.0	0.1254964	0.0	0.38789615	0.18505888	0.15404065	0.11466501	0.0	0.0	0.0	0.26416668	0.0	0.0	0.16544795	0.0	0.0	0.3739841	0.14489774	0.0	0.0	0.0	0.0	0.0	0.038238626	0.37583002	0.0	0.35605344	0.22945802	0.0	0.21829401	0.0	0.0	0.0	0.0	0.0	0.42317912	0.0	0.0	0.09313632	0.57129353	0.0	0.74885637	0.0	0.0	0.0	0.2273546	0.2998391	0.0	0.0	0.0	0.0	0.0	0.0	0.46005368	0.0	0.0	0.0	0.22995788	0.0024045531	0.0	0.0	0.3971163	0.45443368	0.0	0.4407558	0.0	0.0	0.18206815	0.0	0.24181533	0.0	0.0	0.0	0.0	0.0	0.0	0.0	0.20886473	0.0	0.48977113	0.054823082	0.0	0.1607059	0.0	0.0
0.0	0.22433273	0.0	0.20216878	0.0	0.0	0.26916102	0.0	0.0	0.0	0.0	0.0	0.0	0.0	0.67068654	0.0	0.62748426	0.0	0.0	0.34009686	0.0	0.0	0.0	0.22853155	0.0	0.023104817	0.2625978	0.0	0.0	0.18606807	0.0	0.0	0.0	0.0	0.0	0.21326922	0.0	0.0	0.0	0.0	0.38199773	0.0	0.2675098	0.0	0.00393288	0.0	0.46321866	0.1054388	0.19504213	0.0	0.0	0.0	0.0	0.363197	0.0	0.0	0.16305725	0.0	0.0	0.44869578	0.029344508	0.0	0.0	0.0	0.0	0.0	0.0	0.4636807	0.0	0.39686808	0.31956136	0.0	0.30782965	0.0	0.0	0.0	0.0	0.0	0.5355161	0.0	0.0	0.22012164	0.5259547	0.0	1.0157193	0.0	0.0	0.0	0.23145132	0.4477156	0.0	0.0	0.0	0.0	0.0	0.0	0.66715884	0.0	0.0	0.0	0.18583076	0.0011618038	0.0	0.0	0.4641551	0.58944637	0.0	0.4787139	0.0	0.0	0.19585781	0.0	0.28968313	0.0	0.0	0.0	0.0	0.0	0.0	0.0	0.28696826	0.0	0.48905376	0.011963776	0.0	0.22859752	0.0	0.0
0.0	0.29838124	0.0	0.1786498	0.0	0.0	0.25863618	0.0	0.0	0.0	0.0	0.0	0.0	0.0	0.44185174	0.0	0.5131965	0.0	0.0	0.27326086	0.0	0.0	0.0	0.17442165	0.0	0.047314744	0.13933368	0.0	0.0	0.12893428	0.0	0.0	0.0	0.0	0.0	0.20293622	0.0	0.0	0.0	0.0	0.33059335	0.0	0.1645874	0.0	0.16837515	0.0	0.39192572	0.14708644	0.15729256	0.09313056	0.0	0.0	0.0	0.31171605	0.0	0.0	0.23227686	0.0	0.0	0.3492051	0.10822628	0.0	0.0	0.0	0.0	0.0	0.006004676	0.37718856	0.0	0.3314494	0.26991096	0.0	0.18559015	0.0	0.0	0.0	0.0	0.0	0.43754962	0.0	0.0	0.08537668	0.56263494	0.0	0.7832026	0.0	0.0	0.0	0.24568363	0.28389302	0.0	0.0	0.0	0.0	0.0	0.0	0.4506053	0.0	0.0	0.0	0.19291823	0.0	0.0	0.0	0.37724948	0.43291536	0.0	0.43349203	0.0	0.0	0.20309241	0.0	0.2805926	0.0	0.0	0.0	0.0	0.0	0.0	0.0	0.23307042	0.0	0.4728663	0.022196734	0.0	0.1582709	0.0	0.0
0.0	0.29340628	0.0	0.16103631	0.0	0.0	0.26347393	0.0	0.0	0.0	0.0	0.0	0.0	0.0	0.41154113	0.0	0.51030827	0.0	0.0	0.29092786	0.0	0.0	0.0	0.13711558	0.0	0.06975662	0.11374398	0.0	0.0	0.13544528	0.0	0.0	0.0	0.0	0.0	0.17018594	0.0	0.0	0.0	0.0	0.32568428	0.0	0.15637796	0.0	0.17994909	0.0	0.38016972	0.15573594	0.15144694	0.10868844	0.0	0.0	0.0	0.25920978	0.0	0.0	0.2226659	0.0	0.0	0.33593574	0.12168131	0.0	0.0	0.0	0.0	0.0	0.023617238	0.3737667	0.0	0.3092272	0.24063559	0.0	0.19049007	0.0	0.0	0.0	0.0	0.0	0.3938732	0.0	0.0	0.05821243	0.5312048	0.0	0.76061183	0.0	0.0	0.0	0.23242335	0.25719845	0.0	0.0	0.0	0.0	0.0	0.0	0.41705278	0.0	0.0	0.0	0.18839437	0.008998695	0.0	0.0	0.36543834	0.4187452	0.0	0.43405667	0.0	0.0	0.21474247	0.0	0.25637743	0.0	0.0	0.0	0.0	0.0	0.0	0.0	0.19413817	0.0	0.46319684	0.053822678	0.0	0.14401662	0.0	0.0
0.0	0.27051163	0.0	0.20266424	0.0	0.0	0.280879	0.0	0.0	0.0	0.0	0.0	0.0	0.0	0.49534246	0.0	0.559328	0.0	0.0	0.275604	0.0	0.0	0.0	0.23144321	0.0	0.09120628	0.20096493	0.0	0.0	0.16892008	0.0	0.0	0.0	0.0	0.0	0.19176294	0.0	0.0	0.0	0.0	0.28113467	0.0	0.21454431	0.0	0.10999075	0.0	0.39526406	0.19083065	0.1690387	0.084308624	0.0	0.0	0.0	0.2761125	0.0	0.0	0.1545469	0.0	0.0	0.39853394	0.14827228	0.0	0.0	0.0	0.0	0.0	0.05440259	0.36343154	0.0	0.3777702	0.2432967	0.0	0.18285246	0.0	0.0	0.0	0.0	0.0	0.43200454	0.0	0.0	0.119224004	0.56760836	0.0	0.77494687	0.0	0.0	0.0	0.22896545	0.32425833	0.0	0.0	0.0	0.0	0.0	0.0	0.5054734	0.0	0.0	0.0	0.21464562	0.007064952	0.0	0.0	0.3750787	0.476905	0.0	0.4554174	0.0	0.0	0.16290103	0.0	0.2638298	0.0	0.0	0.0	0.0	0.0	0.0	0.0	0.21708798	0.0	0.5234292	0.04104815	0.0	0.18308206	0.0	0.0
0.0	0.24045837	0.0	0.20056541	0.0	0.0	0.2696273	0.0	0.0	0.0	0.0	0.0	0.0	0.0	0.62617165	0.0	0.5965064	0.0	0.0	0.34171084	0.0	0.0	0.0	0.22237356	0.0	0.027507758	0.2338446	0.0	0.0	0.18642038	0.0	0.0	0.0	0.0	0.0	0.21677284	0.0	0.0	0.0	0.0	0.37107086	0.0	0.25120506	0.0	0.048725516	0.0	0.45654607	0.113485254	0.19704051	0.0	0.0	0.0	0.0	0.35404608	0.0	0.0	0.17055435	0.0	0.0	0.43372288	0.054647535	0.0	0.0	0.0	0.0	0.0	0.0	0.45786682	0.0	0.38936636	0.30129275	0.0	0.28542006	0.0	0.0	0.0	0.0	0.0	0.52545744	0.0	0.0	0.19550614	0.54980797	0.0	0.98659825	0.0	0.0	0.0	0.24424891	0.3994099	0.0	0.0	0.0	0.0	0.0	0.0	0.6405299	0.0	0.0	0.0	0.17898093	0.0	0.0	0.0	0.45145527	0.5637868	0.0	0.47661462	0.0	0.0	0.19016314	0.0	0.29011455	0.0	0.0	0.0	0.0	0.0	0.0	0.0	0.2773376	0.0	0.5056822	0.025660945	0.0	0.21417533	0.0	0.0
0.0	0.271487	0.0	0.14576463	0.0	0.0	0.28223947	0.0	0.0	0.0	0.0	0.0	0.0	0.0	0.45931056	0.0	0.5038759	0.0	0.0	0.30749944	0.0	0.0	0.0	0.1600902	0.0	0.041302726	0.09989029	0.0	0.0	0.15266405	0.0	0.0	0.0	0.0	0.0	0.18056042	0.0	0.0	0.0	0.0	0.32199365	0.0	0.18547916	0.0	0.1710465	0.0	0.4025488	0.14170642	0.14594789	0.11132117	0.0	0.0	0.0	0.26934195	0.0	0.0	0.19995935	0.0	0.0	0.33999702	0.10791976	0.0	0.0	0.0	0.0	0.0	0.006572084	0.41618407	0.0	0.31601104	0.23005934	0.0	0.23360723	0.0	0.0	0.0	0.0	0.0	0.44104055	0.0	0.0	0.088351585	0.55204743	0.0	0.795731	0.00035447502	0.0	0.0	0.22596137	0.2657574	0.0	0.0	0.0	0.0	0.0	0.0	0.46247375	0.0	0.0	0.0	0.1838056	0.0	0.0	0.0	0.39426768	0.42607448	0.0	0.42784873	0.0	0.0	0.21396506	0.0	0.27334735	0.0	0.0	0.0	0.0	0.0	0.0	0.0	0.22214027	0.0	0.47001877	0.04721248	0.0	0.16756044	0.0	0.0
0.0	0.28270456	0.0	0.16932243	0.0	0.0	0.2695028	0.0	0.0	0.0	0.0	0.0	0.0	0.0	0.44823444	0.0	0.5035918	0.0	0.0	0.3007655	0.0	0.0	0.0	0.13841717	0.0	0.03729996	0.12219175	0.0	0.0	0.15642175	0.0	0.0	0.0	0.0	0.0	0.18755375	0.0	0.0	0.0	0.0	0.33660972	0.0	0.18243265	0.0	0.1573033	0.0	0.38900948	0.119197346	0.15944678	0.08882011	0.0	0.0	0.0	0.27498427	0.0	0.0	0.20473671	0.0	0.0	0.34626898	0.10626459	0.0	0.0	0.0	0.0	0.0	0.008454431	0.40554643	0.0	0.3336636	0.2422067	0.0	0.21332788	0.0	0.0	0.0	0.0	0.0	0.43438688	0.0	0.0	0.09005795	0.5530641	0.0	0.8124585	0.0	0.0	0.0	0.2344379	0.27170655	0.0	0.0	0.0	0.0	0.0	0.0	0.45550677	0.0	0.0	0.0	0.1820672	0.0	0.0	0.0	0.38847157	0.4536399	0.0	0.43357965	0.0	0.0	0.2060781	0.0	0.26792684	0.0	0.0	0.0	0.0	0.0	0.0	0.0	0.21878523	0.0	0.47167742	0.057065308	0.0	0.16279198	0.0	0.0
0.0	0.26882923	0.0	0.16532843	0.0	0.0	0.28155696	0.0	0.0	0.0	0.0	0.0	0.0	0.0	0.4333209	0.0	0.52893764	0.0	0.0	0.2563804	0.0	0.0	0.0	0.17592043	0.0	0.04476897	0.147728	0.0	0.0	0.14479661	0.0	0.0	0.0	0.0	0.0	0.15437533	0.0	0.0	0.0	0.0	0.25821105	0.0	0.1628228	0.0	0.17219736	0.0	0.3979548	0.19028701	0.12897168	0.13490827	0.0	0.0	0.0	0.24436511	0.0	0.0	0.18444653	0.0	0.0	0.331623	0.14602304	0.0	0.0	0.0	0.0	0.0	0.05652854	0.33372912	0.0	0.33420476	0.23466517	0.0	0.18561612	0.0	0.0	0.0	0.0	0.0	0.38485432	0.0	0.0	0.061338037	0.53939253	0.0	0.68195885	0.0	0.0	0.0	0.23189501	0.2942663	0.0	0.0	0.0	0.0	0.0	0.0	0.4126637	0.0	0.0	0.0	0.23397823	0.0	0.0	0.0	0.3588313	0.40721324	0.0	0.4480374	0.0	0.0	0.19507344	0.0	0.23881252	0.0	0.0	0.0	0.0	0.0	0.0	0.0	0.1930333	0.0	0.49593997	0.0553576	0.0	0.1567008	0.0	0.0
0.0	0.26750284	0.0	0.19004035	0.0	0.0	0.29597986	0.0	0.0	0.0	0.0	0.0	0.0	0.0	0.47717902	0.0	0.56084734	0.0	0.0	0.25087705	0.0	0.0	0.0	0.23449361	0.0	0.15422516	0.17283952	0.0	0.0	0.12931623	0.0	0.0	0.0	0.0	0.0	0.19147538	0.0	0.0	0.0	0.0	0.27039954	0.0	0.1810218	0.0	0.15420668	0.0	0.34960043	0.2395385	0.1676978	0.15513875	0.0	0.0	0.0	0.26013175	0.0	0.0	0.22167605	0.0	0.0	0.38403466	0.19713604	0.0	0.0	0.0	0.0	0.010761406	0.049587738	0.3540162	0.0	0.3447514	0.20878339	0.0	0.23748048	0.0	0.0	0.0	0.0	0.0	0.36304605	0.0	0.0	0.11332827	0.5427055	0.0	0.64286715	0.0	0.0	0.0	0.1875282	0.28735897	0.0	0.0	0.0	0.0	0.0	0.0	0.39808694	0.0	0.0	0.0	0.24905576	0.05204225	0.0	0.0	0.36642814	0.40480432	0.0	0.38896894	0.0	0.0	0.16939922	0.0	0.23922509	0.0	0.0	0.0	0.0	0.0	0.0	0.0	0.2327482	0.0	0.5083809	0.070471905	0.0	0.15989251	0.0	0.0
0.0	0.25929552	0.0	0.17217438	0.0	0.0	0.26876655	0.0	0.0	0.0	0.0	0.0	0.0	0.0	0.46774864	0.0	0.5172725	0.0	0.0	0.25862324	0.0	0.0	0.0	0.18649109	0.0	0.063158385	0.1139012	0.0	0.0	0.13220757	0.0	0.0	0.0	0.0	0.0	0.1774623	0.0	0.0	0.0	0.0	0.322269	0.0	0.18512183	0.0	0.1823039	0.0	0.38023758	0.156998	0.1436792	0.13291569	0.0	0.0	0.0	0.26605102	0.0	0.0	0.19472326	0.0	0.0	0.33603778	0.13658892	0.0	0.0	0.0	0.0	0.0	0.0025813477	0.3738226	0.0	0.32184485	0.21922243	0.0	0.21390414	0.0	0.0	0.0	0.0	0.0	0.40333226	0.0	0.0	0.06193489	0.5773489	0.0	0.7545352	0.0	0.0	0.0	0.24082528	0.27733672	0.0	0.0	0.0	0.0	0.0	0.0	0.45075122	0.0	0.0	0.0	0.21289183	0.0	0.0	0.0	0.3973935	0.43155944	0.0	0.4456065	0.0	0.0	0.19550914	0.0	0.2624403	0.0	0.0	0.0	0.0	0.0	0.0	0.0	0.20867224	0.0	0.47541928	0.0420136	0.0	0.17075817	0.0	0.0
0.0	0.27838966	0.0	0.18811409	0.0	0.0	0.2733307	0.0	0.0	0.0	0.0	0.0	0.0	0.0	0.47666582	0.0	0.53341544	0.0	0.0	0.27167314	0.0	0.0	0.0	0.20505136	0.0	0.07174116	0.17075188	0.0	0.0	0.15451162	0.0	0.0	0.0	0.0	0.0	0.18216658	0.0	0.0	0.0	0.0	0.29206476	0.0	0.20528133	0.0	0.1283587	0.0	0.38917777	0.17371607	0.15253042	0.09792361	0.0	0.0	0.0	0.2750624	0.0	0.0	0.17385535	0.0	0.0	0.3721194	0.13787244	0.0	0.0	0.0	0.0	0.0	0.041752648	0.3671627	0.0	0.36186278	0.23564613	0.0	0.18655388	0.0	0.0	0.0	0.0	0.0	0.4285307	0.0	0.0	0.10072214	0.5700473	0.0	0.75813216	0.0	0.0	0.0	0.22030725	0.3066873	0.0	0.0	0.0	0.0	0.0	0.0	0.46726504	0.0	0.0	0.0	0.22021537	0.0	0.0	0.0	0.37748337	0.4554306	0.0	0.44312856	0.0	0.0	0.17190917	0.0	0.25283584	0.0	0.0	0.0	0.0	0.0	0.0	0.0	0.20730539	0.0	0.50208145	0.040471267	0.0	0.17012547	0.0	0.0
0.0	0.28644451	0.0	0.16041172	0.0	0.0	0.26565254	0.0	0.0	0.0	0.0	0.0	0.0	0.0	0.42554823	0.0	0.5140541	0.0	0.0	0.30181608	0.0	0.0	0.0	0.13688602	0.0	0.06961299	0.10969204	0.0	0.0	0.14399774	0.0	0.0	0.0	0.0	0.0	0.18102323	0.0	0.0	0.0	0.0	0.3318443	0.0	0.16604616	0.0	0.17820366	0.0	0.38767385	0.14026675	0.16083165	0.10755668	0.0	0.0	0.0	0.25271204	0.0	0.0	0.22105806	0.0	0.0	0.3337152	0.11666652	0.0	0.0	0.0	0.0	0.0	0.03215711	0.38999343	0.0	0.31070313	0.22976859	0.0	0.18573748	0.0	0.0	0.0	0.0	0.0	0.40639648	0.0	0.0	0.059176326	0.5357998	0.0	0.8057937	0.0	0.0	0.0	0.23258609	0.24780339	0.0	0.0	0.0	0.0	0.0	0.0	0.44470266	0.0	0.0	0.0	0.18494745	0.009089359	0.0	0.0	0.36390328	0.4404895	0.0	0.4477603	0.0	0.0	0.21148294	0.0	0.26947853	0.0	0.0	0.0	0.0	0.0	0.0	0.0	0.19948727	0.0	0.46477306	0.06319771	0.0	0.15738781	0.0	0.0
0.0	0.3001	0.0	0.16105655	0.0	0.0	0.25018132	0.0	0.0	0.0	0.0	0.0	0.0	0.0	0.31224394	0.0	0.49667343	0.0	0.0	0.2676849	0.0	0.0	0.0	0.13918497	0.0	0.058338266	0.10068857	0.0	0.0	0.11679276	0.0	0.0	0.0	0.0	0.0	0.14570406	0.0	0.0	0.0	0.0	0.23730128	0.0	0.11761689	0.0	0.28133115	0.0	0.3725344	0.18272288	0.123515844	0.1616462	0.0	0.0	0.0	0.2521261	0.0	0.0	0.27007166	0.0	0.0	0.30033818	0.15937312	0.0	0.0	0.0	0.0	0.0	0.06258536	0.29490048	0.0	0.28022194	0.27992976	0.0	0.16764228	0.0	0.0	0.0	0.0	0.0	0.3255119	0.0	0.0	0.029218169	0.53436387	0.0	0.57301754	0.0	0.0	0.0	0.22383656	0.25764766	0.0	0.0	0.0	0.0	0.0	0.0	0.33111465	0.0	0.0	0.0	0.21026392	0.0	0.0	0.0	0.36433753	0.3143172	0.0	0.40909338	0.0	0.0	0.2215841	0.0	0.23591326	0.0	0.0	0.0	0.0	0.0	0.0	0.0	0.2021323	0.0	0.4964327	0.02859328	0.0	0.16043383	0.0	0.0
0.0	0.2673943	0.0	0.15690859	0.0	0.0	0.27345085	0.0	0.0	0.0	0.0	0.0	0.0	0.0	0.3817382	0.0	0.52522975	0.0	0.0	0.25369182	0.0	0.0	0.0	0.1842606	0.0	0.09071686	0.14209116	0.0	0.0	0.11840582	0.0	0.0	0.0	0.0	0.0	0.1631419	0.0	0.0	0.0	0.0	0.23198257	0.0	0.13496234	0.0	0.22158164	0.0	0.38083783	0.22042684	0.122651696	0.16427422	0.0	0.0	0.0	0.25454712	0.0	0.0	0.23013651	0.0	0.0	0.31924477	0.15674962	0.0	0.0	0.0	0.0	0.0	0.067936495	0.30644777	0.0	0.2979972	0.25104067	0.0005786705	0.18546307	0.0	0.0	0.0	0.0	0.0	0.33384684	0.0	0.0	0.061174948	0.51631194	0.0	0.5860423	0.0	0.0	0.0	0.21589422	0.2928698	0.0	0.0	0.0	0.0	0.0	0.0	0.33838248	0.0	0.0	0.0	0.25048953	0.0	0.0	0.0	0.3602549	0.33062002	0.0	0.4081291	0.0	0.0	0.20855604	0.0	0.22501051	0.0	0.0	0.0	0.0	0.0	0.0	0.0	0.21329279	0.0	0.5026797	0.044804875	0.0	0.15287489	0.0	0.0
0.0	0.24506392	0.0	0.15480019	0.0	0.0	0.29116046	0.0	0.0	0.0	0.0	0.0	0.0	0.0	0.40658143	0.0	0.5259211	0.0	0.0	0.2312833	0.0	0.0	0.0	0.2082727	0.0	0.102834515	0.13006355	0.0	0.0	0.11060003	0.0	0.0	0.0	0.0	0.0	0.16472091	0.0	0.0	0.0	0.0	0.23223425	0.0	0.115361445	0.0	0.22850816	0.0	0.3754849	0.2485327	0.12735137	0.18618791	0.0	0.0	0.0	0.237127	0.0	0.0	0.24724297	0.0	0.0	0.34262955	0.195228	0.0	0.0	0.0	0.0	0.0	0.07637845	0.31501278	0.0	0.3029488	0.22258456	0.0	0.19622403	0.0	0.0	0.0	0.0	0.0	0.31337366	0.0	0.0	0.06290078	0.5250251	0.0	0.55265236	0.0	0.0	0.0	0.21116896	0.2884001	0.0	0.0	0.0	0.0	0.0	0.0	0.31990826	0.0	0.0	0.0	0.26543212	0.013323964	0.0	0.0	0.34479025	0.3200148	0.0	0.3936483	0.0	0.0	0.19167584	0.0	0.24321075	0.0	0.0	0.0	0.0	0.0	0.0	0.0	0.20715213	0.0	0.49746314	0.056862067	0.0	0.16475588	0.0	0.0
0.0	0.25360954	0.0	0.16334318	0.0	0.0	0.29843986	0.0	0.0	0.0	0.0	0.0	0.0	0.0	0.4053392	0.0	0.5410445	0.0	0.0	0.237042	0.0	0.0	0.0	0.21358424	0.0	0.10812306	0.1449615	0.0	0.0	0.11077855	0.0	0.0	0.0	0.0	0.0	0.15682106	0.0	0.0	0.0	0.0	0.23136221	0.0	0.11828989	0.0	0.21700488	0.0	0.37930384	0.27045295	0.12633015	0.18234302	0.0	0.0	0.0	0.22671157	0.0	0.0	0.23463975	0.0	0.0	0.3450342	0.20166759	0.0	0.0	0.0	0.0	0.0	0.09312429	0.2991189	0.0	0.30713996	0.21244484	0.005805413	0.18169455	0.0	0.0	0.0	0.0	0.0	0.30559185	0.0	0.0	0.06525277	0.5112227	0.0	0.5377117	0.0	0.0	0.0	0.20355947	0.29788926	0.0	0.0	0.0	0.0	0.0	0.0	0.32621172	0.0	0.0	0.0	0.26366886	0.015285031	0.0	0.0	0.33831802	0.32489258	0.0	0.40972885	0.0	0.0	0.19331062	0.0	0.23966832	0.0	0.0	0.0	0.0	0.0	0.0	0.0	0.18852425	0.0	0.51313907	0.057403136	0.0	0.16635732	0.0	0.0
0.0	0.2611117	0.0	0.18548113	0.0	0.0	0.31604782	0.0	0.0	0.0	0.0	0.0	0.0	0.0	0.39529765	0.0	0.55726653	0.0	0.0	0.23421	0.0	0.0	0.0	0.22464001	0.0	0.118030034	0.16203819	0.0	0.0	0.1232492	0.0	0.0	0.0	0.0	0.0	0.14004947	0.0	0.0	0.0	0.0	0.22942252	0.0	0.11966568	0.0	0.20970953	0.0	0.37920603	0.28966075	0.12405687	0.17803872	0.0	0.0	0.0	0.20572723	0.0	0.0	0.23441283	0.0	0.0	0.33570418	0.21779394	0.0	0.0	0.0	0.0	0.0049592312	0.11962649	0.27099565	0.0	0.3023189	0.2139404	0.0132177165	0.18611754	0.0	0.0	0.0	0.0	0.0	0.29285035	0.0	0.0	0.07986171	0.47682086	0.0	0.5091232	0.0	0.0	0.0	0.18423778	0.30416945	0.0	0.0	0.0	0.0	0.0	0.0	0.31349888	0.0	0.0	0.0	0.28198177	0.03453625	0.0	0.0	0.32793334	0.315035	0.0	0.39720902	0.0	0.0	0.18533105	0.0	0.23640807	0.0	0.0	0.0	0.0	0.0	0.0	0.0	0.1726604	0.0	0.5329358	0.056601588	0.0	0.16373022	0.0	0.0
0.0	0.24407667	0.0	0.16336685	0.0	0.0	0.31754214	0.0	0.0	0.0	0.0	0.0	0.0	0.0	0.42301598	0.0	0.55998594	0.0	0.0	0.21692185	0.0	0.0	0.0	0.22418915	0.0	0.116838194	0.15898699	0.0	0.0	0.109732	0.0	0.0	0.0	0.0	0.0	0.15714864	0.0	0.0	0.0	0.0	0.23099208	0.0	0.11704465	0.0	0.21939576	0.0	0.3874034	0.3010716	0.11512665	0.19947684	0.0	0.0	0.0	0.20545165	0.0	0.0	0.24402332	0.0	0.0	0.3532753	0.21725357	0.0	0.0	0.0	0.0	0.0060467715	0.112457834	0.28901038	0.0	0.3193531	0.2003699	0.01222787	0.17677404	0.0	0.0	0.0	0.0	0.0	0.2877006	0.0	0.0	0.08241425	0.5075344	0.0	0.50801295	0.0	0.0	0.0	0.19546306	0.30481932	0.0	0.0	0.0	0.0	0.0	0.0	0.29891074	0.0	0.0	0.0	0.2857633	0.036688652	0.0	0.0	0.32590005	0.3091311	0.0	0.41609874	0.0	0.0	0.1869977	0.0	0.25178716	0.0	0.0	0.0	0.0	0.0	0.0	0.0	0.17471029	0.0	0.52583355	0.05741923	0.0	0.16571839	0.0	0.0
0.0	0.27401733	0.0	0.16268027	0.0	0.0	0.2739488	0.0	0.0	0.0	0.0	0.0	0.0	0.0	0.3342507	0.0	0.525969	0.0	0.0	0.24538827	0.0	0.0	0.0	0.17320621	0.0	0.07911716	0.11350194	0.0	0.0	0.12186708	0.0	0.0	0.0	0.0	0.0	0.121056736	0.0	0.0	0.0	0.0	0.22206785	0.0	0.10480201	0.0	0.25321266	0.0	0.35312876	0.24360995	0.116450526	0.17744285	0.0	0.0	0.0	0.22070271	0.0	0.0	0.24362887	0.0	0.0	0.28811488	0.19385839	0.0	0.0	0.0	0.0	0.0	0.10171607	0.27410385	0.0	0.24922347	0.23172472	0.0037447128	0.19354026	0.0	0.0	0.0	0.0	0.0	0.2903821	0.0	0.0	0.022247588	0.48199156	0.0	0.5248091	0.0	0.0	0.0	0.19686234	0.25857505	0.0	0.0	0.0	0.0	0.0	0.0	0.31407565	0.0	0.0	0.0	0.25743955	0.008278642	0.0	0.0	0.3448203	0.29623434	0.0	0.37855697	0.0	0.0	0.19625993	0.0	0.22414465	0.0	0.0	0.0	0.0	0.0	0.0	0.0	0.1830756	0.0	0.505961	0.055478573	0.0	0.16149072	0.0	0.0
0.0	0.2550585	0.0	0.16238081	0.0	0.0	0.2894426	0.0	0.0	0.0	0.0	0.0	0.0	0.0	0.40889403	0.0	0.5344405	0.0	0.0	0.26727954	0.0	0.0	0.0	0.18699338	0.0	0.0056500235	0.1313392	0.0	0.0	0.14502148	0.0	0.0	0.0	0.0	0.0	0.15347679	0.0	0.0	0.0	0.0	0.22193068	0.0	0.13970175	0.0	0.22717007	0.0	0.38887015	0.24084501	0.12882549	0.17165792	0.0	0.0	0.0	0.21341176	0.0	0.0	0.20466478	0.0	0.0	0.3323089	0.17407703	0.0	0.0	0.0	0.0	0.0	0.10112637	0.32576343	0.0	0.3046769	0.20898783	0.0	0.17098057	0.0	0.0	0.0	0.0	0.0	0.33463237	0.0	0.0	0.041911248	0.53325635	0.0	0.6201446	0.0	0.0	0.0	0.22128832	0.26077387	0.0	0.0	0.0	0.0	0.0	0.0	0.37628588	0.0	0.0	0.0	0.24516718	0.0027900029	0.0	0.0	0.3364884	0.34560105	0.0	0.44281387	0.0	0.0	0.18967462	0.0	0.25778097	0.0	0.0	0.0	0.0	0.0	0.0	0.0	0.17592613	0.0	0.51389647	0.07510823	0.0	0.16859622	0.0	0.0
0.0	0.2749656	0.0	0.17535011	0.0	0.0	0.28971577	0.0	0.0	0.0	0.0	0.0	0.0	0.0	0.3618813	0.0	0.53272736	0.0	0.0	0.24503146	0.0	0.0	0.0	0.20024319	0.0	0.098938785	0.1312809	0.0	0.0	0.119823165	0.0	0.0	0.0	0.0	0.0	0.13059425	0.0	0.0	0.0	0.0	0.24088031	0.0	0.12064264	0.0	0.23381276	0.0	0.36439338	0.25458202	0.12050071	0.17547722	0.0	0.0	0.0	0.21025288	0.0	0.0	0.24012752	0.0	0.0	0.31842837	0.19234121	0.0	0.0	0.0	0.0	0.0	0.093453966	0.2780645	0.0	0.28455243	0.22521944	0.006592635	0.18749551	0.0	0.0	0.0	0.0	0.0	0.30798873	0.0	0.0	0.053854484	0.4943333	0.0	0.5288232	0.0	0.0	0.0	0.18452448	0.28136036	0.0	0.0	0.0	0.0	0.0	0.0	0.31583688	0.0	0.0	0.0	0.26373687	0.018916992	0.0	0.0	0.34452227	0.30887362	0.0	0.39417577	0.0	0.0	0.19057666	0.0	0.22401893	0.0	0.0	0.0	0.0	0.0	0.0	0.0	0.17589128	0.0	0.51649255	0.050466638	0.0	0.16113459	0.0	0.0
0.0	0.28325105	0.0	0.18709366	0.0	0.0	0.32079172	0.0	0.0	0.0	0.0	0.0	0.0	0.0	0.39133498	0.0	0.56871986	0.0	0.0	0.24594395	0.0	0.0	0.0	0.23009993	0.0	0.123539954	0.15215118	0.0	0.0	0.12713414	0.0	0.0	0.0	0.0	0.0	0.12751156	0.0	0.0	0.0	0.0	0.2441656	0.0	0.12681694	0.0	0.22662179	0.0	0.3694323	0.29592636	0.11940557	0.18114688	0.0	0.0	0.0	0.18618993	0.0	0.0	0.2357133	0.0	0.0	0.33399785	0.22131737	0.0	0.0	0.0	0.0	0.011837506	0.112602435	0.26860216	0.0	0.29727843	0.20982617	0.0123692	0.17415096	0.0	0.0	0.0	0.0	0.0	0.2971662	0.0	0.0	0.07522243	0.4903156	0.0	0.51862425	0.0	0.0	0.0	0.16881573	0.29244095	0.0	0.0	0.0	0.0	0.0	0.0	0.3184693	0.0	0.0	0.0	0.28133795	0.044279646	0.0	0.0	0.33126718	0.31279084	0.0	0.39772034	0.0	0.0	0.18199432	0.0	0.23022819	0.0	0.0	0.0	0.0	0.0	0.0	0.0	0.1592231	0.0	0.5530388	0.05867839	0.0	0.16488694	0.0	0.0
0.0	0.2724642	0.0	0.17949247	0.0	0.0	0.30002132	0.0	0.0	0.0	0.0	0.0	0.0	0.0	0.35416046	0.0	0.54301596	0.0	0.0	0.23577845	0.0	0.0	0.0	0.21112108	0.0	0.105324335	0.13056584	0.0	0.0	0.122628786	0.0	0.0	0.0	0.0	0.0	0.12367227	0.0	0.0	0.0	0.0	0.22927892	0.0	0.10692296	0.0	0.24819733	0.0	0.3667842	0.28129753	0.11915183	0.19157456	0.0	0.0	0.0	0.19746275	0.0	0.0	0.24922366	0.0	0.0	0.31370646	0.2161929	0.0	0.0	0.0	0.0	0.0008093069	0.12034771	0.25672022	0.0	0.27706975	0.21930604	0.009688254	0.17957078	0.0	0.0	0.0	0.0	0.0	0.2793482	0.0	0.0	0.051202465	0.48520842	0.0	0.4861897	0.0	0.0	0.0	0.18923439	0.27663395	0.0	0.0	0.0	0.0	0.0	0.0	0.30123675	0.0	0.0	0.0	0.27495304	0.038261954	0.0	0.0	0.33134112	0.29130545	0.0	0.3892499	0.0	0.0	0.18287575	0.0	0.22905767	0.0	0.0	0.0	0.0	0.0	0.0	0.0	0.16418958	0.0	0.5357147	0.053206462	0.0	0.16299309	0.0	0.0
0.0	0.24833834	0.0	0.1667611	0.0	0.0	0.32348514	0.0	0.0	0.0	0.0	0.0	0.0	0.0	0.42716026	0.0	0.5638915	0.0	0.0	0.22907232	0.0	0.0	0.0	0.23618619	0.0	0.11137107	0.1612231	0.0	0.0	0.109856725	0.0	0.0	0.0	0.0	0.0	0.1514402	0.0	0.0	0.0	0.0	0.22734632	0.0	0.12126949	0.0	0.2044149	0.0	0.3844788	0.30491075	0.12025902	0.19610453	0.0	0.0	0.0	0.20280206	0.0	0.0	0.2304123	0.0	0.0	0.3514694	0.21636708	0.0	0.0	0.0	0.0	0.0053413766	0.10756415	0.29281417	0.0	0.31638828	0.19579686	0.012628733	0.17871298	0.0	0.0	0.0	0.0	0.0	0.29684672	0.0	0.0	0.07900975	0.49722853	0.0	0.5161581	0.0	0.0	0.0	0.18580122	0.3138336	0.0	0.0	0.0	0.0	0.0	0.0	0.31314304	0.0	0.0	0.0	0.28437176	0.032966625	0.0	0.0	0.3255246	0.3191741	0.0	0.41682908	0.0	0.0	0.19075699	0.0	0.24465458	0.0	0.0	0.0	0.0	0.0	0.0	0.0	0.17344718	0.0	0.52540195	0.061653197	0.0	0.16566475	0.0	0.0
0.0	0.2667382	0.0	0.16934837	0.0	0.0	0.29753807	0.0	0.0	0.0	0.0	0.0	0.0	0.0	0.37343124	0.0	0.53791934	0.0	0.0	0.23863883	0.0	0.0	0.0	0.2130553	0.0	0.09681215	0.13393062	0.0	0.0	0.11170923	0.0	0.0	0.0	0.0	0.0	0.13910572	0.0	0.0	0.0	0.0	0.22611296	0.0	0.11570393	0.0	0.24000151	0.0	0.3791333	0.27398154	0.1200077	0.18221994	0.0	0.0	0.0	0.21132125	0.0	0.0	0.23557709	0.0	0.0	0.32537842	0.20153177	0.0	0.0	0.0	0.0	0.0	0.10256824	0.27417266	0.0	0.2863299	0.21870369	0.005023355	0.17481948	0.0	0.0	0.0	0.0	0.0	0.29679862	0.0	0.0	0.050655734	0.49588194	0.0	0.5238827	0.0	0.0	0.0	0.19525029	0.2901641	0.0	0.0	0.0	0.0	0.0	0.0	0.3181781	0.0	0.0	0.0	0.26411572	0.011709238	0.0	0.0	0.33698145	0.30678415	0.0	0.40704012	0.0	0.0	0.19199622	0.0	0.23889644	0.0	0.0	0.0	0.0	0.0	0.0	0.0	0.17340487	0.0	0.52407104	0.05207254	0.0	0.17241246	0.0	0.0
0.0	0.2674295	0.0	0.17388742	0.0	0.0	0.2963986	0.0	0.0	0.0	0.0	0.0	0.0	0.0	0.39747652	0.0	0.544034	0.0	0.0	0.24746536	0.0	0.0	0.0	0.21109939	0.0	0.10497645	0.15025167	0.0	0.0	0.12015305	0.0	0.0	0.0	0.0	0.0	0.14387225	0.0	0.0	0.0	0.0	0.23705696	0.0	0.12735687	0.0	0.21776076	0.0	0.3798748	0.26142704	0.1222383	0.16564487	0.0	0.0	0.0	0.21852084	0.0	0.0	0.23470551	0.0	0.0	0.3317691	0.1874315	0.0	0.0	0.0	0.0	0.0	0.0979699	0.29043588	0.0	0.2977219	0.22457516	0.0068869926	0.18148245	0.0	0.0	0.0	0.0	0.0	0.3146095	0.0	0.0	0.068889834	0.49696222	0.0	0.5543449	0.0	0.0	0.0	0.19096673	0.30158493	0.0	0.0	0.0	0.0	0.0	0.0	0.33610407	0.0	0.0	0.0	0.26573166	0.013251495	0.0	0.0	0.3444499	0.32168844	0.0	0.4086012	0.0	0.0	0.19116896	0.0	0.23334569	0.0	0.0	0.0	0.0	0.0	0.0	0.0	0.18272752	0.0	0.52085	0.05274597	0.0	0.1685323	0.0	0.0
0.0	0.2719423	0.0	0.17319988	0.0	0.0	0.28687963	0.0	0.0	0.0	0.0	0.0	0.0	0.0	0.35191026	0.0	0.52903795	0.0	0.0	0.23838723	0.0	0.0	0.0	0.19512343	0.0	0.097064115	0.121643126	0.0	0.0	0.11581463	0.0	0.0	0.0	0.0	0.0	0.13525556	0.0	0.0	0.0	0.0	0.2299744	0.0	0.111215174	0.0	0.25001454	0.0	0.37174	0.25267732	0.117854394	0.1751958	0.0	0.0	0.0	0.21470268	0.0	0.0	0.2484744	0.0	0.0	0.31255332	0.20116854	0.0	0.0	0.0	0.0	0.0	0.0988335	0.27183148	0.0	0.27699295	0.23053072	0.007822182	0.17977452	0.0	0.0	0.0	0.0	0.0	0.28727853	0.0	0.0	0.0445157	0.4955922	0.0	0.5172221	0.0	0.0	0.0	0.19941624	0.2788743	0.0	0.0	0.0	0.0	0.0	0.0	0.31169546	0.0	0.0	0.0	0.26132816	0.018706787	0.0	0.0	0.34237874	0.3012123	0.0	0.39613867	0.0	0.0	0.19275463	0.0	0.23348244	0.0	0.0	0.0	0.0	0.0	0.0	0.0	0.17709357	0.0	0.5165027	0.04967178	0.0	0.1696912	0.0	0.0
0.0	0.25915924	0.0	0.17731988	0.0	0.0	0.32378408	0.0	0.0	0.0	0.0	0.0	0.0	0.0	0.40739992	0.0	0.5689859	0.0	0.0	0.22339554	0.0	0.0	0.0	0.23209596	0.0	0.12398157	0.15520918	0.0	0.0	0.11930863	0.0	0.0	0.0	0.0	0.0	0.13005155	0.0	0.0	0.0	0.0	0.24779505	0.0	0.11845994	0.0	0.22023977	0.0	0.36948502	0.30131876	0.11509276	0.19003658	0.0	0.0	0.0	0.181328	0.0	0.0	0.24147499	0.0	0.0	0.34199038	0.22816062	0.0	0.0	0.0	0.0	0.017889911	0.1150316	0.2721562	0.0	0.30339527	0.20022173	0.013849779	0.17313562	0.0	0.0	0.0	0.0	0.0	0.2852528	0.0	0.0	0.06514973	0.49313414	0.0	0.5098602	0.0	0.0	0.0	0.16922301	0.29818472	0.0	0.0	0.0	0.0	0.0	0.0	0.3036851	0.0	0.0	0.0	0.29625514	0.060468044	0.0	0.0	0.3313177	0.3085474	0.0	0.4108365	0.0	0.0	0.18097019	0.0	0.23851044	0.0	0.0	0.0	0.0	0.0	0.0	0.0	0.15793113	0.0	0.53747565	0.056857135	0.0	0.16481853	0.0	0.0
0.0	0.27470502	0.0	0.18340527	0.0	0.0	0.29978368	0.0	0.0	0.0	0.0	0.0	0.0	0.0	0.38300943	0.0	0.5500819	0.0	0.0	0.25474802	0.0	0.0	0.0	0.21119253	0.0	0.11261246	0.14166565	0.0	0.0	0.12936927	0.0	0.0	0.0	0.0	0.0	0.13385557	0.0	0.0	0.0	0.0	0.24643634	0.0	0.125133	0.0	0.2303906	0.0	0.36619696	0.2588021	0.12775542	0.16989596	0.0	0.0	0.0	0.21454816	0.0	0.0	0.23589213	0.0	0.0	0.32731605	0.1979071	0.0	0.0	0.0	0.0	0.0	0.100228876	0.28257903	0.0	0.29313436	0.22766648	0.0087359855	0.18398935	0.0	0.0	0.0	0.0	0.0	0.30635735	0.0	0.0	0.058862228	0.5009888	0.0	0.54167193	0.0	0.0	0.0	0.18560511	0.2875537	0.0	0.0	0.0	0.0	0.0	0.0	0.3302488	0.0	0.0	0.0	0.2654911	0.024502277	0.0	0.0	0.34574422	0.31421995	0.0	0.39245287	0.0	0.0	0.19035345	0.0	0.22669564	0.0	0.0	0.0	0.0	0.0	0.0	0.0	0.1833465	0.0	0.5346649	0.056416336	0.0	0.1675695	0.0	0.0
0.0	0.27207673	0.0	0.1781071	0.0	0.0	0.2932141	0.0	0.0	0.0	0.0	0.0	0.0	0.0	0.37837872	0.0	0.53926975	0.0	0.0	0.25107205	0.0	0.0	0.0	0.20698409	0.0	0.10437563	0.13360536	0.0	0.0	0.12098804	0.0	0.0	0.0	0.0	0.0	0.13531476	0.0	0.0	0.0	0.0	0.24228227	0.0	0.12217551	0.0	0.23557872	0.0	0.37033895	0.2513282	0.12365302	0.16688812	0.0	0.0	0.0	0.2144457	0.0	0.0	0.24117826	0.0	0.0	0.32282805	0.19658963	0.0	0.0	0.0	0.0	0.0	0.08949619	0.2836094	0.0	0.28808278	0.22774893	0.0050712116	0.18432601	0.0	0.0	0.0	0.0	0.0	0.30558094	0.0	0.0	0.053607564	0.50112253	0.0	0.54572415	0.0	0.0	0.0	0.18616967	0.2870231	0.0	0.0	0.0	0.0	0.0	0.0	0.33282658	0.0	0.0	0.0	0.26257142	0.019259539	0.0	0.0	0.34645966	0.31698993	0.0	0.39700827	0.0	0.0	0.1920477	0.0	0.22659276	0.0	0.0	0.0	0.0	0.0	0.0	0.0	0.18246013	0.0	0.5198995	0.05327521	0.0	0.1719151	0.0	0.0
0.0	0.27846807	0.0	0.17222321	0.0	0.0	0.28651857	0.0	0.0	0.0	0.0	0.0	0.0	0.0	0.3487966	0.0	0.53136796	0.0	0.0	0.25148824	0.0	0.0	0.0	0.19333519	0.0	0.087024935	0.112673245	0.0	0.0	0.11866238	0.0	0.0	0.0	0.0	0.0	0.1282591	0.0	0.0	0.0	0.0	0.23401105	0.0	0.11257691	0.0	0.26232722	0.0	0.37193754	0.24570727	0.11768073	0.17658596	0.0	0.0	0.0	0.21195515	0.0	0.0	0.25680768	0.0	0.0	0.30985674	0.20239522	0.0	0.0	0.0	0.0	0.0	0.092582814	0.2758932	0.0	0.27321962	0.23338293	0.004249122	0.17966504	0.0	0.0	0.0	0.0	0.0	0.29332578	0.0	0.0	0.034553755	0.5020731	0.0	0.5261623	0.0	0.0	0.0	0.18945962	0.27170804	0.0	0.0	0.0	0.0	0.0	0.0	0.32064894	0.0	0.0	0.0	0.25836846	0.017925205	0.0	0.0	0.3467197	0.30838895	0.0	0.3958281	0.0	0.0	0.19404502	0.0	0.22966324	0.0	0.0	0.0	0.0	0.0	0.0	0.0	0.1756043	0.0	0.5170217	0.047895644	0.0	0.17243813	0.0	0.0
0.0	0.24806683	0.0	0.16388172	0.0	0.0	0.30448937	0.0	0.0	0.0	0.0	0.0	0.0	0.0	0.40742365	0.0	0.5432832	0.0	0.0	0.22705334	0.0	0.0	0.0	0.21979797	0.0	0.11327165	0.14673072	0.0	0.0	0.111499645	0.0	0.0	0.0	0.0	0.0	0.15414138	0.0	0.0	0.0	0.0	0.22776997	0.0	0.11077845	0.0	0.22432685	0.0	0.37569794	0.2908627	0.12535132	0.19917803	0.0	0.0	0.0	0.22108407	0.0	0.0	0.24523826	0.0	0.0	0.34190676	0.21330218	0.0	0.0	0.0	0.0	0.00082278874	0.10348964	0.29329398	0.0	0.30448565	0.2072136	0.007962591	0.18666212	0.0	0.0	0.0	0.0	0.0	0.29207313	0.0	0.0	0.07374997	0.50803715	0.0	0.5132692	0.0	0.0	0.0	0.19934988	0.2908806	0.0	0.0	0.0	0.0	0.0	0.0	0.30774474	0.0	0.0	0.0	0.2811571	0.028171415	0.0	0.0	0.32633182	0.30768245	0.0	0.39811885	0.0	0.0	0.18475728	0.0	0.23816796	0.0	0.0	0.0	0.0	0.0	0.0	0.0	0.18758821	0.0	0.5160841	0.06433727	0.0	0.15841469	0.0	0.0
0.0	0.26427913	0.0	0.17401898	0.0	0.0	0.30634317	0.0	0.0	0.0	0.0	0.0	0.0	0.0	0.38539577	0.0	0.5560233	0.0	0.0	0.22949089	0.0	0.0	0.0	0.2176326	0.0	0.1165829	0.14084248	0.0	0.0	0.11976514	0.0	0.0	0.0	0.0	0.0	0.13011067	0.0	0.0	0.0	0.0	0.24319668	0.0	0.11421579	0.0	0.23522091	0.0	0.36804497	0.27851227	0.117206335	0.1873854	0.0	0.0	0.0	0.19332306	0.0	0.0	0.24968515	0.0	0.0	0.32921925	0.2202785	0.0	0.0	0.0	0.0	0.0106248325	0.109939195	0.27102518	0.0	0.29153445	0.21274595	0.009989104	0.18133514	0.0	0.0	0.0	0.0	0.0	0.283565	0.0	0.0	0.056575496	0.49616954	0.0	0.51234597	0.0	0.0	0.0	0.18059827	0.2880475	0.0	0.0	0.0	0.0	0.0	0.0	0.3083534	0.0	0.0	0.0	0.28566587	0.04923536	0.0	0.0	0.3400891	0.31086123	0.0	0.4050692	0.0	0.0	0.18035994	0.0	0.2317313	0.0	0.0	0.0	0.0	0.0	0.0	0.0	0.16603358	0.0	0.52675056	0.054138962	0.0	0.1654474	0.0	0.0
0.0	0.2571306	0.0	0.17644073	0.0	0.0	0.32494298	0.0	0.0	0.0	0.0	0.0	0.0	0.0	0.42932197	0.0	0.57536584	0.0	0.0	0.23144943	0.0	0.0	0.0	0.23406477	0.0	0.13226582	0.17350829	0.0	0.0	0.12006762	0.0	0.0	0.0	0.0	0.0	0.14999254	0.0	0.0	0.0	0.0	0.2428291	0.0	0.123160265	0.0	0.20284252	0.0	0.37837863	0.3128196	0.121738285	0.1894455	0.0	0.0	0.0	0.19772296	0.0	0.0	0.23835588	0.0	0.0	0.35573617	0.2182442	0.0	0.0	0.0	0.0	0.017615138	0.11381336	0.2847558	0.0	0.31863573	0.19641136	0.015488286	0.17828697	0.0	0.0	0.0	0.0	0.0	0.29672524	0.0	0.0	0.091893874	0.49303332	0.0	0.51976824	0.0	0.0	0.0	0.17823386	0.30763012	0.0	0.0	0.0	0.0	0.0	0.0	0.30750206	0.0	0.0	0.0	0.2890371	0.050238296	0.0	0.0	0.32493	0.31892928	0.0	0.4082152	0.0	0.0	0.18199599	0.0	0.24114537	0.0	0.0	0.0	0.0	0.0	0.0	0.0	0.17105778	0.0	0.54125834	0.06298596	0.0	0.1549138	0.0	0.0
0.0	0.27706173	0.0	0.18704276	0.0	0.0	0.32401237	0.0	0.0	0.0	0.0	0.0	0.0	0.0	0.39790165	0.0	0.5687589	0.0	0.0	0.23704429	0.0	0.0	0.0	0.2307409	0.0	0.12506929	0.1605893	0.0	0.0	0.12546343	0.0	0.0	0.0	0.0	0.0	0.12763862	0.0	0.0	0.0	0.0	0.24135107	0.0	0.12997647	0.0	0.21985547	0.0	0.37234882	0.30253932	0.11775891	0.18557863	0.0	0.0	0.0	0.18543296	0.0	0.0	0.22802036	0.0	0.0	0.33743012	0.21950643	0.0	0.0	0.0	0.0	0.011933184	0.11916911	0.26642045	0.0	0.3029042	0.2049132	0.015042619	0.1739444	0.0	0.0	0.0	0.0	0.0	0.29946664	0.0	0.0	0.08224585	0.48370388	0.0	0.51319325	0.0	0.0	0.0	0.17178284	0.29745325	0.0	0.0	0.0	0.0	0.0	0.0	0.31163725	0.0	0.0	0.0	0.28030765	0.04077417	0.0	0.0	0.3309797	0.30688906	0.0	0.4040813	0.0	0.0	0.18567026	0.0	0.23538359	0.0	0.0	0.0	0.0	0.0	0.0	0.0	0.15813604	0.0	0.5551302	0.055229094	0.0	0.16564961	0.0	0.0
0.0	0.26754627	0.0	0.18824042	0.0	0.0	0.33486128	0.0	0.0	0.0	0.0	0.0	0.0	0.0	0.42096564	0.0	0.59048265	0.0	0.0	0.23327959	0.0	0.0	0.0	0.23018467	0.0	0.12544394	0.17541915	0.0	0.0	0.1300051	0.0	0.0	0.0	0.0	0.0	0.11673326	0.0	0.0	0.0	0.0	0.25102141	0.0	0.14192194	0.0	0.19597538	0.0	0.37655362	0.2979209	0.12845176	0.17257905	0.0	0.0	0.0	0.18938638	0.0	0.0	0.20634383	0.0	0.0	0.33788803	0.2150497	0.0	0.0	0.0	0.0	0.008963087	0.114992045	0.2801698	0.0	0.32322904	0.19416338	0.012565778	0.18915729	0.0	0.0	0.0	0.0	0.0	0.31201962	0.0	0.0	0.08201134	0.4868761	0.0	0.5374439	0.0	0.0	0.0	0.17278874	0.30528545	0.0	0.0	0.0	0.0	0.0	0.0	0.32562175	0.0	0.0	0.0	0.2758902	0.039272774	0.0	0.0	0.3405905	0.3185968	0.0	0.41835418	0.0	0.0	0.19132066	0.0	0.22059369	0.0	0.0	0.0	0.0	0.0	0.0	0.0	0.15356883	0.0	0.5547736	0.058349516	0.0	0.16577859	0.0	0.0
0.0	0.27749848	0.0	0.18829614	0.0	0.0	0.3292247	0.0	0.0	0.0	0.0	0.0	0.0	0.0	0.40254512	0.0	0.5773725	0.0	0.0	0.23382242	0.0	0.0	0.0	0.23234403	0.0	0.12757044	0.16245987	0.0	0.0	0.12737145	0.0	0.0	0.0	0.0	0.0	0.12407899	0.0	0.0	0.0	0.0	0.24757938	0.0	0.12991904	0.0	0.21706152	0.0	0.37005687	0.30972782	0.11857303	0.18568428	0.0	0.0	0.0	0.1779371	0.0	0.0	0.2291281	0.0	0.0	0.34017113	0.22746976	0.0	0.0	0.0	0.0	0.016473621	0.11901926	0.26538095	0.0	0.30561313	0.19653802	0.015386886	0.17208283	0.0	0.0	0.0	0.0	0.0	0.29445913	0.0	0.0	0.082929514	0.48822936	0.0	0.5120354	0.0	0.0	0.0	0.16631655	0.2948986	0.0	0.0	0.0	0.0	0.0	0.0	0.30673185	0.0	0.0	0.0	0.28423086	0.051967334	0.0	0.0	0.33036858	0.3112855	0.0	0.4055281	0.0	0.0	0.18249558	0.0	0.23557132	0.0	0.0	0.0	0.0	0.0	0.0	0.0	0.15045549	0.0	0.5560377	0.058812704	0.0	0.16362666	0.0	0.0
0.0	0.2709889	0.0	0.16505647	0.0	0.0	0.3042134	0.0	0.0	0.0	0.0	0.0	0.0	0.0	0.5121255	0.0	0.53465486	0.0	0.0	0.3097216	0.0	0.0	0.0	0.19789334	0.0	0.038848907	0.11969111	0.0	0.0	0.15562189	0.0	0.0	0.0	0.0	0.0	0.16677542	0.0	0.0	0.0	0.0	0.27539322	0.0	0.19841032	0.0	0.15099551	0.0	0.39958867	0.18558924	0.13349317	0.12719302	0.0	0.0	0.0	0.22421278	0.0	0.0	0.16473903	0.0	0.0	0.34528026	0.13775578	0.0	0.0	0.0	0.0	0.0	0.048911687	0.40181175	0.0	0.33098587	0.19381565	0.0	0.21485275	0.0	0.0	0.0	0.0	0.0	0.39958784	0.0	0.0	0.062199503	0.5566873	0.0	0.79484177	0.0	0.0	0.0	0.20883417	0.28191406	0.0	0.0	0.0	0.0	0.0	0.0	0.4606327	0.0	0.0	0.0	0.21961373	0.019991096	0.0	0.0	0.3797542	0.43113884	0.0	0.4617661	0.0	0.0	0.19704437	0.0	0.2552004	0.0	0.0	0.0	0.0	0.0	0.0	0.0	0.19096334	0.0	0.46667504	0.07365512	0.0	0.16794997	0.0	0.0
0.0	0.28058666	0.0	0.16066469	0.0	0.0	0.28632787	0.0	0.0	0.0	0.0	0.0	0.0	0.0	0.48323202	0.0	0.52540773	0.0	0.0	0.2961415	0.0	0.0	0.0	0.19521208	0.0	0.051371828	0.10432712	0.0	0.0	0.13970025	0.0	0.0	0.0	0.0	0.0	0.17628531	0.0	0.0	0.0	0.0	0.2923998	0.0	0.18626957	0.0	0.15592217	0.0	0.40898332	0.18334055	0.14497663	0.12319013	0.0	0.0	0.0	0.2426461	0.0	0.0	0.1924363	0.0	0.0	0.3426714	0.13410814	0.0	0.0	0.0	0.0	0.0	0.02642865	0.39507425	0.0	0.32193482	0.20770204	0.0	0.2193401	0.0	0.0	0.0	0.0	0.0	0.41796103	0.0	0.0	0.07121142	0.54915184	0.0	0.77864575	0.0	0.0	0.0	0.21802433	0.2817235	0.0	0.0	0.0	0.0	0.0	0.0	0.45870027	0.0	0.0	0.0	0.20768784	0.023238251	0.0	0.0	0.38270792	0.42862192	0.0	0.4472514	0.0	0.0	0.18931411	0.0	0.2618474	0.0	0.0	0.0	0.0	0.0	0.0	0.0	0.19392116	0.0	0.4609969	0.05740072	0.0	0.1657999	0.0	0.0
0.0	0.2899634	0.0	0.1833653	0.0	0.0	0.31732348	0.0	0.0	0.0	0.0	0.0	0.0	0.0	0.53905904	0.0	0.55161524	0.0	0.0	0.30837524	0.0	0.0	0.0	0.20787363	0.0	0.08284724	0.11744338	0.0	0.0	0.14153965	0.0	0.0	0.0	0.0	0.0	0.16108222	0.0	0.0	0.0	0.0	0.3161185	0.0	0.20798592	0.0	0.15485284	0.0	0.384912	0.20412569	0.14046474	0.12942576	0.0	0.0	0.0	0.24491926	0.0	0.0	0.16880852	0.0	0.0	0.35369062	0.1435339	0.0	0.0	0.0	0.0	0.0	0.03418632	0.40891436	0.0	0.33939195	0.17436774	0.0	0.20485772	0.0	0.0	0.0	0.0	0.0	0.40617418	0.0	0.0	0.053354442	0.57686335	0.0	0.8116639	0.0057622246	0.0	0.0	0.18924826	0.27115026	0.0	0.0	0.0	0.0	0.0	0.0	0.47561702	0.0	0.0	0.0	0.22475195	0.03553869	0.0	0.0	0.38285556	0.44101024	0.0	0.45544454	0.0	0.0	0.19822131	0.0	0.2499541	0.0	0.0	0.0	0.0	0.0	0.0	0.0	0.18815035	0.0	0.4841585	0.07465523	0.0	0.1754419	0.0	0.0
0.0	0.28649318	0.0	0.1978954	0.0	0.0	0.34087983	0.0	0.0	0.0	0.0	0.0	0.0	0.0	0.5809911	0.0	0.5908658	0.0	0.0	0.31610197	0.0	0.0	0.0	0.24062674	0.0	0.091150366	0.14210308	0.0	0.0	0.15477283	0.0	0.0	0.0	0.0	0.0	0.15445296	0.0	0.0	0.0	0.0	0.30251125	0.0	0.22801428	0.0	0.11829448	0.0	0.38335738	0.22160488	0.14649236	0.118574984	0.0	0.0	0.0	0.23290725	0.0	0.0	0.12941594	0.0	0.0	0.36209884	0.15038155	0.0	0.0	0.0	0.0	0.0	0.04724002	0.42344785	0.0	0.3569777	0.15832229	0.0	0.21209204	0.0	0.0	0.0	0.0	0.0	0.4112421	0.0	0.0	0.06407782	0.5664547	0.0	0.8373738	0.0060956418	0.0	0.0	0.1901927	0.30077204	0.0	0.0	0.0	0.0	0.0	0.0	0.50833803	0.0	0.0	0.0	0.24858849	0.04036465	0.0	0.0	0.3769406	0.47070047	0.0	0.4685615	0.0	0.0	0.18955272	0.0	0.24602942	0.0	0.0	0.0	0.0	0.0	0.0	0.0	0.18439765	0.0	0.4913241	0.090020716	0.0	0.1735533	0.0	0.0
0.0	0.2709029	0.0	0.15860434	0.0	0.0	0.27677163	0.0	0.0	0.0	0.0	0.0	0.0	0.0	0.46336123	0.0	0.5379358	0.0	0.0	0.27829447	0.0	0.0	0.0	0.18100971	0.0	0.041401874	0.1305074	0.0	0.0	0.13699822	0.0	0.0	0.0	0.0	0.0	0.16836904	0.0	0.0	0.0	0.0	0.26615453	0.0	0.16538125	0.0	0.16258511	0.0	0.4134027	0.18972628	0.12045076	0.11662909	0.0	0.0	0.0	0.24732406	0.0	0.0	0.18675983	0.0	0.0	0.3393011	0.11904351	0.0	0.0	0.0	0.0	0.0	0.044615123	0.36201152	0.0	0.3224017	0.22862339	0.0	0.20102827	0.0	0.0	0.0	0.0	0.0	0.4057893	0.0	0.0	0.07388262	0.5242066	0.0	0.72755104	0.0	0.0	0.0	0.22273481	0.31653705	0.0	0.0	0.0	0.0	0.0	0.0	0.4363133	0.0	0.0	0.0	0.22342712	0.00903006	0.0	0.0	0.36221942	0.4036859	0.0	0.44988003	0.0	0.0	0.19834815	0.0	0.24819326	0.0	0.0	0.0	0.0	0.0	0.0	0.0	0.19220485	0.0	0.47562918	0.04483631	0.0	0.15533878	0.0	0.0
0.0	0.29595003	0.0	0.22995396	0.0	0.0	0.34786344	0.0	0.0	0.0	0.0	0.0	0.0	0.0	0.61613864	0.0	0.63642675	0.0	0.0	0.32601535	0.0	0.0	0.0	0.25475952	0.0	0.12095197	0.16958646	0.0	0.0	0.14784743	0.0	0.0	0.0	0.0	0.0	0.15524447	0.0	0.0	0.0	0.0	0.2958943	0.0	0.22318494	0.0	0.11481794	0.0	0.36189213	0.26201344	0.15239482	0.13341607	0.0	0.0	0.0	0.19955492	0.0	0.0	0.13038065	0.0	0.0	0.34994876	0.18504798	0.0	0.0	0.0	0.0	0.0	0.072917216	0.3973739	0.0	0.3612224	0.13515429	0.0	0.19574375	0.0	0.0	0.0	0.0	0.0	0.35869253	0.0	0.0	0.017659787	0.56268734	0.0	0.8242216	0.019357529	0.0	0.0	0.17042665	0.2885898	0.0	0.0	0.0	0.0	0.002281205	0.0	0.5208999	0.0	0.0	0.0	0.28214574	0.059942517	0.0	0.0	0.36597994	0.4968101	0.0	0.48456374	0.0	0.0	0.17565918	0.0	0.23414081	0.0	0.0	0.0	0.0	0.0	0.0	0.0	0.15325144	0.0	0.506576	0.12152946	0.0	0.17298444	0.0	0.0
0.0	0.3147399	0.0	0.18918778	0.0	0.0	0.29211515	0.0	0.0	0.0	0.0	0.0	0.0	0.0	0.45118615	0.0	0.57411355	0.0	0.0	0.31314784	0.0	0.0	0.0	0.16238312	0.0	0.08264214	0.12190553	0.0	0.0	0.13672139	0.0	0.0	0.0	0.0	0.0	0.14692721	0.0	0.0	0.0	0.0	0.28912327	0.0	0.1761824	0.0	0.17782795	0.0	0.34794417	0.17748457	0.15728544	0.13778667	0.0	0.0	0.0	0.2117181	0.0	0.0	0.2070368	0.0	0.0	0.32285535	0.15328716	0.0	0.0	0.0	0.0	0.0	0.059200574	0.35438135	0.0	0.31031367	0.17886244	0.0	0.18347879	0.0	0.0	0.0	0.0	0.0	0.33279115	0.0	0.0	0.0104768695	0.5182337	0.0	0.7704888	0.024652416	0.0	0.0	0.17711951	0.2362721	0.0	0.0	0.0	0.0	0.0044465265	0.0	0.44408312	0.0	0.0	0.0	0.22441094	0.037838843	0.0	0.0	0.3643959	0.4541715	0.0	0.425583	0.0	0.0	0.20223503	0.0	0.22184773	0.0	0.0	0.0	0.0	0.0	0.0	0.0	0.17724423	0.0	0.46008983	0.101337336	0.0	0.14319585	0.0	0.0
0.0	0.3164757	0.0	0.2482884	0.0	0.0	0.33360407	0.0	0.0	0.0	0.0	0.0	0.0	0.0	0.5797836	0.0	0.6417467	0.0	0.0017573604	0.3384063	0.0	0.0	0.0	0.23048614	0.0	0.14415202	0.15302573	0.0	0.0	0.14931658	0.0	0.0	0.0	0.0	0.0	0.14838044	0.0	0.0	0.0	0.0	0.32466748	0.0	0.22070771	0.0	0.115030535	0.0	0.32745132	0.22571988	0.1797396	0.133303	0.0	0.0	0.0	0.19047596	0.0	0.0	0.12469848	0.0	0.0	0.33290568	0.16167974	0.0	0.0	0.0	0.0	0.0	0.0704301	0.37888327	0.0	0.3436474	0.14668147	0.0	0.17997627	0.0	0.0	0.0	0.0	0.0	0.3470446	0.0	0.0	0.020459305	0.5588233	0.0	0.8426123	0.033119787	0.0	0.0	0.15613128	0.25390944	0.0	0.0	0.0	0.0	0.023245221	0.0	0.53006953	0.0	0.0	0.0	0.26221138	0.0720147	0.0	0.0	0.36379746	0.49873257	0.0	0.453423	0.0	0.0	0.18485248	0.0	0.21765201	0.0	0.0	0.0	0.0	0.0	0.0	0.0	0.16903591	0.0	0.50854	0.13875726	0.0	0.16185765	0.0	0.0
0.0	0.31541005	0.0	0.25185648	0.0	0.0	0.34201488	0.0	0.0	0.0	0.0	0.0	0.0	0.0	0.5625057	0.0	0.65168333	0.0	0.0063033556	0.33004665	0.0	0.0	0.0	0.22673464	0.0	0.14660297	0.14188185	0.0	0.0	0.1496675	0.0	0.0	0.0	0.0	0.0	0.1411237	0.0	0.0	0.0	0.0	0.30695626	0.0	0.20589848	0.0	0.12453427	0.0	0.3295125	0.22987616	0.18400808	0.15806429	0.0	0.0	0.0	0.18002099	0.0	0.0	0.12915534	0.0	0.0	0.31377292	0.16472353	0.0	0.0	0.0	0.0	0.0	0.07713147	0.359818	0.0	0.33421353	0.14599381	0.0	0.17451204	0.0	0.0	0.0	0.0	0.0	0.32976583	0.0	0.0	0.013239083	0.5475331	0.0	0.8077406	0.021180257	0.0	0.0	0.15228862	0.24757321	0.0	0.0	0.0	0.0	0.037158094	0.0	0.5138102	0.0	0.0	0.0	0.27393287	0.0720107	0.0	0.0	0.3640037	0.4875416	0.0	0.4405719	0.0	0.0	0.18251275	0.0034495026	0.22150476	0.0	0.0	0.0	0.0	0.0	0.0	0.0	0.16868246	0.0	0.5179412	0.14558059	0.0	0.16279848	0.0	0.0
0.0	0.27325824	0.0	0.16934669	0.0	0.0	0.28353453	0.0	0.0	0.0	0.0	0.0	0.0	0.0	0.5222179	0.0	0.5390257	0.0	0.0	0.30939552	0.0	0.0	0.0	0.19489354	0.0	0.058813434	0.13251482	0.0	0.0	0.15503068	0.0	0.0	0.0	0.0	0.0	0.1859055	0.0	0.0	0.0	0.0	0.33347407	0.0	0.19529879	0.0	0.12541635	0.0	0.41928706	0.15262026	0.14664775	0.07472203	0.0	0.0	0.0	0.28874752	0.0	0.0	0.17983103	0.0	0.0	0.36408052	0.0986872	0.0	0.0	0.0	0.0	0.0	0.022893317	0.4127126	0.0	0.3400118	0.24218409	0.0	0.22200309	0.0	0.0	0.0	0.0	0.0	0.4534832	0.0	0.0	0.097583584	0.5584387	0.0	0.84634084	0.0	0.0	0.0	0.22726555	0.32387716	0.0	0.0	0.0	0.0	0.0	0.0	0.5077645	0.0	0.0	0.0	0.20917343	0.016304454	0.0	0.0	0.4100398	0.46552363	0.0	0.44972405	0.0	0.0	0.1977127	0.0	0.26442507	0.0	0.0	0.0	0.0	0.0	0.0	0.0	0.21514349	0.0	0.47365156	0.03874586	0.0	0.17418255	0.0	0.0
0.0	0.30987445	0.0	0.26343122	0.0	0.0	0.35199237	0.0	0.0	0.0	0.0	0.0	0.0	0.0	0.58334345	0.0	0.65898055	0.0	0.013952387	0.33059934	0.0	0.0	0.0	0.23921323	0.0	0.1306188	0.1625243	0.0	0.0	0.14627995	0.0	0.0	0.0	0.0	0.0	0.14303415	0.0	0.0	0.0	0.0	0.29151878	0.0	0.22123654	0.0	0.11585301	0.0	0.32114694	0.24673402	0.17006183	0.14852642	0.0	0.0	0.0	0.17008357	0.0	0.0	0.12832041	0.0	0.0	0.32510188	0.18491828	0.0	0.0	0.0	0.0	0.0	0.09691317	0.3528571	0.0	0.34104812	0.13596453	0.0	0.16698188	0.0	0.0	0.0	0.0	0.0	0.31577966	0.0	0.0	0.0032851696	0.5458771	0.0	0.80996585	0.02650782	0.0	0.0	0.1506294	0.2615449	0.0	0.0	0.0	0.0	0.023705004	0.0	0.51563114	0.0	0.0	0.0	0.28233945	0.06730784	0.0	0.0	0.35603452	0.48587385	0.0	0.45671383	0.0	0.0	0.19062679	0.0	0.23000109	0.0	0.0	0.0	0.0	0.0	0.0	0.0	0.15827942	0.0	0.5269336	0.15187122	0.0	0.17350252	0.0	0.0
0.0	0.33696613	0.0	0.27345467	0.0	0.0	0.34652504	0.0	0.0	0.0	0.0	0.0	0.0	0.0	0.590793	0.0	0.67728823	0.0	0.014710828	0.35482702	0.0	0.0	0.0	0.24333467	0.0	0.15247141	0.15178366	0.0	0.0	0.15120146	0.0	0.0	0.0	0.0	0.0	0.15095937	0.0	0.0	0.0	0.0	0.31670657	0.0	0.21932082	0.0	0.10879725	0.0	0.3297043	0.24126388	0.18140392	0.14534828	0.0	0.0	0.0	0.18292479	0.0	0.0	0.12993522	0.0	0.0	0.31419125	0.1645769	0.0	0.0	0.0	0.0	0.0	0.085967325	0.36509034	0.0	0.34012583	0.13290249	0.0	0.18785536	0.0	0.0	0.0	0.0	0.0070087686	0.32810166	0.0	0.0	0.02165153	0.552097	0.0	0.85104376	0.029977864	0.0	0.0	0.14973253	0.25697663	0.0	0.0	0.0	0.0	0.04861812	0.0	0.5526608	0.0	0.0	0.0	0.2753734	0.08474707	0.0	0.0	0.37582827	0.5143821	0.0	0.45043612	0.0	0.0	0.18879099	0.0011067819	0.21615833	0.0	0.0	0.0	0.0	0.0	0.0	0.0	0.166086	0.0	0.5274567	0.15794252	0.0	0.17007363	0.0	0.0
0.0	0.3278581	0.0	0.26756814	0.0	0.0	0.34534177	0.0	0.0	0.0	0.0	0.0	0.0	0.0	0.57276535	0.0	0.66118485	0.0	0.005268737	0.32936215	0.0	0.0	0.0	0.24378525	0.0	0.15050049	0.1422715	0.0	0.0	0.14106357	0.0	0.0	0.0	0.0	0.0	0.14752294	0.0	0.0	0.0	0.0	0.30156884	0.0	0.20748425	0.0	0.12914349	0.0	0.3392148	0.2507724	0.1742115	0.14859293	0.0	0.0	0.0	0.18579024	0.0	0.0	0.13195546	0.0	0.0	0.3207461	0.16905117	0.0	0.0	0.0	0.0	0.0	0.08272647	0.34527612	0.0	0.33827814	0.13128759	0.0	0.16182114	0.0	0.0	0.0	0.0	0.0	0.32832614	0.0	0.0	0.014083798	0.54048836	0.0	0.8182054	0.024685234	0.0	0.0	0.16317786	0.26097324	0.0	0.0	0.0	0.0	0.038457055	0.0	0.53866893	0.0	0.0	0.0	0.26918617	0.08090309	0.0	0.0	0.3575417	0.49432978	0.0	0.4465935	0.0	0.0	0.18899678	0.0	0.22740935	0.0	0.0	0.0	0.0	0.0	0.0	0.0	0.15296088	0.0	0.5323541	0.13988368	0.0	0.1673915	0.0	0.0
0.0	0.32058236	0.0	0.2729101	0.0	0.0	0.3472453	0.0	0.0	0.0	0.0	0.0	0.0	0.0	0.56812507	0.0	0.6610445	0.0	0.01930169	0.3312984	0.0	0.0	0.0	0.2344587	0.0	0.14068535	0.14473587	0.0	0.0	0.14913355	0.0	0.0	0.0	0.0	0.0	0.1438893	0.0	0.0	0.0	0.0	0.2980797	0.0	0.21449625	0.0	0.12054595	0.0	0.31162947	0.23306017	0.17707379	0.15309852	0.0	0.0	0.0	0.169535	0.0	0.0	0.1274576	0.0	0.0	0.30885562	0.18162698	0.0	0.0	0.0	0.0	0.0	0.08446855	0.35334006	0.0	0.32942128	0.13308884	0.0	0.17883576	0.0	0.0	0.0	0.0	0.00024645962	0.31690833	0.0	0.0	0.0032230876	0.5450688	0.0	0.8205464	0.026521852	0.0	0.0	0.15242097	0.24675225	0.0	0.0	0.0	0.0	0.03406563	0.0	0.521365	0.0	0.0	0.0	0.27737957	0.07864356	0.0	0.0	0.36516738	0.48863614	0.0	0.44406533	0.0	0.0	0.19192785	0.0	0.22758365	0.0	0.0	0.0	0.0	0.0	0.0	0.0	0.16265102	0.0	0.52580404	0.15862395	0.0	0.16771848	0.0	0.0
0.0	0.31059203	0.0	0.1789819	0.0	0.0	0.303638	0.0	0.0	0.0	0.0	0.0	0.0	0.0	0.5053391	0.0	0.5652891	0.0	0.0	0.31595647	0.0	0.0	0.0	0.18100864	0.0	0.093654275	0.128839	0.0	0.0	0.1369045	0.0	0.0	0.0	0.0	0.0	0.16819453	0.0	0.0	0.0	0.0	0.33856273	0.0	0.2009064	0.0	0.14556795	0.0	0.37305012	0.18716611	0.15380247	0.113553405	0.0	0.0	0.0	0.22452503	0.0	0.0	0.17729239	0.0	0.0	0.34099868	0.13386498	0.0	0.0	0.0	0.0	0.0	0.0570346	0.39992437	0.0	0.33158723	0.1878065	0.0	0.17837559	0.0	0.0	0.0	0.0	0.0	0.3936254	0.0	0.0	0.049245786	0.5502448	0.0	0.8262064	0.0103223	0.0	0.0	0.18171377	0.2563841	0.0	0.0	0.0	0.0	0.0	0.0	0.47809067	0.0	0.0	0.0	0.21741344	0.038699273	0.0	0.0	0.37362954	0.4725933	0.0	0.4590653	0.0	0.0	0.19873808	0.0	0.2395374	0.0	0.0	0.0	0.0	0.0	0.0	0.0	0.17275567	0.0	0.4754881	0.08559223	0.0	0.16165651	0.0	0.0
0.0	0.3222849	0.0	0.26030412	0.0	0.0	0.34093156	0.0	0.0	0.0	0.0	0.0	0.0	0.0	0.5860648	0.0	0.66135985	0.0	0.011064333	0.35050544	0.0	0.0	0.0	0.23591763	0.0	0.14495766	0.15813853	0.0	0.0	0.15672831	0.0	0.0	0.0	0.0	0.0	0.14426869	0.0	0.0	0.0	0.0	0.32568452	0.0	0.21942246	0.0	0.11563879	0.0	0.3251026	0.23477806	0.18715431	0.14727573	0.0	0.0	0.0	0.18575783	0.0	0.0	0.12495535	0.0	0.0	0.3267345	0.16744769	0.0	0.0	0.0	0.0	0.0	0.080194205	0.3747666	0.0	0.34284738	0.14130752	0.0	0.18149883	0.0	0.0	0.0	0.0	0.0056079472	0.34347495	0.0	0.0	0.010538164	0.55591005	0.0	0.8463996	0.028028065	0.0	0.0	0.1469919	0.2522209	0.0	0.0	0.0	0.0	0.03677901	0.0	0.5388803	0.0	0.0	0.0	0.27314952	0.07782122	0.0	0.0	0.3650051	0.5111457	0.0	0.45248	0.0	0.0	0.18171068	0.0	0.21726751	0.0	0.0	0.0	0.0	0.0	0.0	0.0	0.16383736	0.0	0.5177696	0.15543723	0.0	0.1587087	0.0	0.0
0.0	0.30291426	0.0	0.18545878	0.0	0.0	0.28078118	0.0	0.0	0.0	0.0	0.0	0.0	0.0	0.47741404	0.0	0.5346842	0.0	0.0	0.30069533	0.0	0.0	0.0	0.15703346	0.0	0.082258224	0.12232467	0.0	0.0	0.14034943	0.0	0.0	0.0	0.0	0.0	0.16820525	0.0	0.0	0.0	0.0	0.3430139	0.0	0.18742736	0.0	0.15932266	0.0	0.3814169	0.16834112	0.15836717	0.10447509	0.0	0.0	0.0	0.25002635	0.0	0.0	0.19976307	0.0	0.0	0.3389338	0.12811418	0.0	0.0	0.0	0.0	0.0	0.041643996	0.39216343	0.0	0.32876983	0.21056892	0.0	0.17930305	0.0	0.0	0.0	0.0	0.0	0.394636	0.0	0.0	0.046856076	0.55285364	0.0	0.8239605	0.017314259	0.0	0.0	0.20638953	0.24374361	0.0	0.0	0.0	0.0	0.0	0.0	0.46978638	0.0	0.0	0.0	0.20591758	0.025081357	0.0	0.0	0.37406316	0.4568002	0.0	0.44723058	0.0	0.0	0.2018373	0.0	0.24791197	0.0	0.0	0.0	0.0	0.0	0.0	0.0	0.17875814	0.0	0.46268237	0.07275427	0.0	0.16317208	0.0	0.0
0.0	0.3244014	0.0	0.25413844	0.0	0.0	0.340595	0.0	0.0	0.0	0.0	0.0	0.0	0.0	0.5789372	0.0	0.63676983	0.0	0.00076034665	0.35173333	0.0	0.0	0.0	0.2298312	0.0	0.12516801	0.14324695	0.0	0.0	0.15442878	0.0	0.0	0.0	0.0	0.0	0.16661507	0.0	0.0	0.0	0.0	0.30417183	0.0	0.20920396	0.0	0.14812116	0.0	0.32886854	0.23288698	0.17718458	0.13975754	0.0	0.0	0.0	0.21084718	0.0	0.0	0.13063343	0.0	0.0	0.32774705	0.19424503	0.0	0.0	0.0	0.0	0.0	0.069690235	0.3798057	0.0	0.33796215	0.13739131	0.0	0.17702375	0.0	0.0	0.0	0.0	0.0	0.32774702	0.0	0.0	0.013531041	0.5714898	0.0	0.8475296	0.028291816	0.0	0.0	0.17472439	0.24067028	0.0	0.0	0.0	0.0	0.020420732	0.0	0.52546906	0.0	0.0	0.0	0.25236437	0.06774188	0.0	0.0	0.35018304	0.49211287	0.0	0.45962825	0.0	0.0	0.18483065	0.0	0.22747606	0.0	0.0	0.0	0.0	0.0	0.0	0.0	0.17635365	0.0	0.52079463	0.14051752	0.0	0.16507763	0.0	0.0
0.0	0.32317424	0.0	0.20452107	0.0	0.0	0.30390933	0.0	0.0	0.0	0.0	0.0	0.0	0.0	0.54616016	0.0	0.59390295	0.0	0.0	0.3434	0.0	0.0	0.0	0.2003696	0.0	0.11381111	0.13145578	0.0	0.0	0.15047891	0.0	0.0	0.0	0.0	0.0	0.16155984	0.0	0.0	0.0	0.0	0.34044507	0.0	0.21355756	0.0	0.13403057	0.0	0.36512747	0.19275887	0.1806699	0.10146415	0.0	0.0	0.0	0.2238756	0.0	0.0	0.15000038	0.0	0.0	0.3406315	0.13213854	0.0	0.0	0.0	0.0	0.0	0.061202835	0.4023761	0.0	0.33976224	0.17357235	0.0	0.16812234	0.0	0.0	0.0	0.0	0.0	0.3963914	0.0	0.0	0.030327154	0.5628815	0.0	0.8772156	0.00989629	0.0	0.0	0.17367987	0.2495774	0.0	0.0	0.0	0.0	0.0019658133	0.0	0.5326765	0.0	0.0	0.0	0.22631812	0.05915743	0.0	0.0	0.36490843	0.48672307	0.0	0.464698	0.0	0.0	0.19135576	0.0	0.21963137	0.0	0.0	0.0	0.0	0.0	0.0	0.0	0.16956694	0.0	0.5003998	0.09492329	0.0	0.15606652	0.0	0.0
0.0	0.2961409	0.0	0.1869626	0.0	0.0	0.2853048	0.0	0.0	0.0	0.0	0.0	0.0	0.0	0.48816156	0.0	0.54568297	0.0	0.0	0.3179671	0.0	0.0	0.0	0.16253297	0.0	0.070408486	0.11851761	0.0	0.0	0.14424817	0.0	0.0	0.0	0.0	0.0	0.16461125	0.0	0.0	0.0	0.0	0.32551542	0.0	0.18857956	0.0	0.15040354	0.0	0.37416673	0.15715845	0.1637911	0.11329114	0.0	0.0	0.0	0.23791151	0.0	0.0	0.18034129	0.0	0.0	0.33765998	0.13444461	0.0	0.0	0.0	0.0	0.0	0.04767771	0.38706866	0.0	0.319042	0.20249258	0.0	0.18567662	0.0	0.0	0.0	0.0	0.0	0.37904897	0.0	0.0	0.033498477	0.55689365	0.0	0.82538897	0.012434054	0.0	0.0	0.21014178	0.24247526	0.0	0.0	0.0	0.0	0.0	0.0	0.46772924	0.0	0.0	0.0	0.20681818	0.032277334	0.0	0.0	0.3714303	0.45874915	0.0	0.45613745	0.0	0.0	0.20001912	0.0	0.24683404	0.0	0.0	0.0	0.0	0.0	0.0	0.0	0.19009058	0.0	0.46786165	0.07991757	0.0	0.15670109	0.0	0.0
0.0	0.30909455	0.0	0.20788252	0.0	0.0	0.3400059	0.0	0.0	0.0	0.0	0.0	0.0	0.0	0.5533767	0.0	0.6057681	0.0	0.0	0.3259197	0.0	0.0	0.0	0.22106697	0.0	0.12653701	0.15618862	0.0	0.0	0.13822597	0.0	0.0	0.0	0.0	0.0	0.1468066	0.0	0.0	0.0	0.0	0.31673363	0.0	0.21705417	0.0	0.121167414	0.0	0.35400978	0.2422524	0.15607661	0.1327322	0.0	0.0	0.0	0.1882041	0.0	0.0	0.14276914	0.0	0.0	0.34703016	0.15648423	0.0	0.0	0.0	0.0	0.0	0.066382766	0.3736529	0.0	0.342167	0.13843907	0.0	0.18707001	0.0	0.0	0.0	0.0	0.0	0.3669512	0.0	0.0	0.049163204	0.54674107	0.0	0.7889679	0.02186949	0.0	0.0	0.15632196	0.26887617	0.0	0.0	0.0	0.0	0.0	0.0	0.48442814	0.0	0.0	0.0	0.25419274	0.050175767	0.0	0.0	0.3656591	0.4721903	0.0	0.4593313	0.0	0.0	0.18213846	0.0	0.22549237	0.0	0.0	0.0	0.0	0.0	0.0	0.0	0.15003465	0.0	0.4984553	0.10660813	0.0	0.16507275	0.0	0.0
0.0	0.29734173	0.0	0.24283354	0.0	0.0	0.35052714	0.0	0.0	0.0	0.0	0.0	0.0	0.0	0.6088486	0.0	0.6421416	0.0	0.0022853839	0.32392302	0.0	0.0	0.0	0.24083292	0.0	0.12500896	0.17702651	0.0	0.0	0.1505944	0.0	0.0	0.0	0.0	0.0	0.14868258	0.0	0.0	0.0	0.0	0.27312467	0.0	0.2173117	0.0	0.11757917	0.0	0.3467529	0.26675868	0.15198663	0.1506585	0.0	0.0	0.0	0.1927733	0.0	0.0	0.12702358	0.0	0.0	0.33702552	0.19410528	0.0	0.0	0.0	0.0	0.0	0.08390421	0.3715637	0.0	0.35117474	0.12641118	0.0	0.18643616	0.0	0.0	0.0	0.0	0.0	0.3369067	0.0	0.0	0.011248578	0.5457043	0.0	0.7987005	0.01780014	0.0	0.0	0.16941433	0.27872324	0.0	0.0	0.0	0.0	0.003544297	0.0	0.50948435	0.0	0.0	0.0	0.29066417	0.062077746	0.0	0.0	0.3547051	0.493744	0.0	0.47901896	0.0	0.0	0.18525736	0.0	0.23007222	0.0	0.0	0.0	0.0	0.0	0.0	0.0	0.15407215	0.0	0.5175697	0.1294895	0.0	0.16195743	0.0	0.0
0.0	0.28693405	0.0	0.198505	0.0	0.0	0.31761715	0.0	0.0	0.0	0.0	0.0	0.0	0.0	0.52045137	0.0	0.58915085	0.0	0.0	0.30613896	0.0	0.0	0.0	0.20362939	0.0	0.0877708	0.17047746	0.0	0.0	0.15098597	0.0	0.0	0.0	0.0	0.0	0.15405151	0.0	0.0	0.0	0.0	0.2757861	0.0	0.20636731	0.0	0.13003854	0.0	0.39376554	0.24550827	0.14028941	0.13002941	0.0	0.0	0.0	0.18970744	0.0	0.0	0.15971796	0.0	0.0	0.35767677	0.16486456	0.0	0.0	0.0	0.0	0.0	0.092223965	0.36633742	0.0	0.35331857	0.17153366	0.0	0.17782122	0.0	0.0	0.0	0.0	0.0	0.36157098	0.0	0.0	0.045861006	0.5335968	0.0	0.75568724	0.0033787165	0.0	0.0	0.17799032	0.2829157	0.0	0.0	0.0	0.0	0.000778161	0.0	0.46550822	0.0	0.0	0.0	0.2539827	0.044357702	0.0	0.0	0.35780957	0.45422208	0.0	0.4707167	0.0	0.0	0.17968059	0.0	0.24170373	0.0	0.0	0.0	0.0	0.0	0.0	0.0	0.14108598	0.0	0.49924207	0.099373005	0.0	0.17399184	0.0	0.0
0.0	0.29884467	0.0	0.18957411	0.0	0.0	0.3174323	0.0	0.0	0.0	0.0	0.0	0.0	0.0	0.5632746	0.0	0.58163226	0.0	0.0	0.32943675	0.0	0.0	0.0	0.1884228	0.0	0.090353094	0.11471167	0.0	0.0	0.15450008	0.0	0.0	0.0	0.0	0.0	0.17058466	0.0	0.0	0.0	0.0	0.327626	0.0	0.22754681	0.0	0.11292973	0.0	0.3747348	0.19675243	0.17612965	0.13159475	0.0	0.0	0.0	0.23944193	0.0	0.0	0.13080059	0.0	0.0	0.33006886	0.13286437	0.0	0.0	0.0	0.0	0.0	0.06264175	0.43236396	0.0	0.33116028	0.15987426	0.0	0.2327676	0.0	0.0	0.0	0.0	0.0	0.3914176	0.0	0.0	0.055380423	0.56651556	0.0	0.8760225	0.008101868	0.0	0.0	0.18238728	0.25408784	0.0	0.0	0.0	0.0	0.0	0.0	0.5089052	0.0	0.0	0.0	0.23373179	0.047093388	0.0	0.0	0.39652216	0.48183933	0.0	0.4731388	0.0	0.0	0.17851107	0.0	0.2344169	0.0	0.0	0.0	0.0	0.0	0.0	0.0	0.19796129	0.0	0.48363078	0.11093374	0.0	0.16993804	0.0	0.0
0.0	0.28865254	0.0	0.16458257	0.0	0.0	0.2737601	0.0	0.0	0.0	0.0	0.0	0.0	0.0	0.47935295	0.0	0.5350936	0.0	0.0	0.30110204	0.0	0.0	0.0	0.16750745	0.0	0.06260058	0.1138249	0.0	0.0	0.13681246	0.0	0.0	0.0	0.0	0.0	0.17997105	0.0	0.0	0.0	0.0	0.32856932	0.0	0.18879868	0.0	0.14891487	0.0	0.395888	0.15756623	0.15802568	0.10429305	0.0	0.0	0.0	0.25019845	0.0	0.0	0.18577121	0.0	0.0	0.34220886	0.11892363	0.0	0.0	0.0	0.0	0.0	0.037319496	0.40088868	0.0	0.32441774	0.21736224	0.0	0.19362052	0.0	0.0	0.0	0.0	0.0	0.41602984	0.0	0.0	0.06243454	0.55308837	0.0	0.81578106	0.0	0.0	0.0	0.21760376	0.2698287	0.0	0.0	0.0	0.0	0.0	0.0	0.47814572	0.0	0.0	0.0	0.200126	0.023290152	0.0	0.0	0.38330853	0.45304525	0.0	0.46323502	0.0	0.0	0.19604222	0.0	0.25901172	0.0	0.0	0.0	0.0	0.0	0.0	0.0	0.1943547	0.0	0.46520427	0.05606168	0.0	0.16588047	0.0	0.0
0.0	0.2391727	0.0	0.158309	0.0	0.0	0.32240772	0.0	0.0	0.0	0.0	0.0	0.0	0.0	0.4528276	0.0	0.53809786	0.0	0.0	0.22578752	0.0	0.0	0.0	0.24017704	0.0	0.09784654	0.13250847	0.0	0.0	0.1159145	0.0	0.0	0.0	0.0	0.0	0.16932459	0.0	0.0	0.0	0.0	0.21319866	0.0	0.12386441	0.0	0.22084117	0.0	0.38981184	0.27802396	0.11528319	0.2153214	0.0	0.0	0.0	0.24097753	0.0	0.0	0.24064656	0.0	0.0	0.3464512	0.19608672	0.0	0.0	0.0	0.0	0.0	0.06228241	0.32554388	0.0	0.31851733	0.22181134	0.0036054961	0.21131647	0.0	0.0	0.0	0.0	0.0	0.32850567	0.0	0.0	0.083395064	0.533881	0.0	0.55653566	0.0	0.0	0.0	0.20415485	0.3044804	0.0	0.0	0.0	0.0	0.0	0.0	0.3279027	0.0	0.0	0.0	0.2741388	0.015100063	0.0	0.0	0.3376052	0.32081127	0.0	0.40727225	0.0	0.0	0.19110662	0.0	0.25770006	0.0	0.0	0.0	0.0	0.0	0.0	0.0	0.21372543	0.0	0.5055464	0.052084714	0.0	0.15853752	0.0	0.0
0.0	0.27503887	0.0	0.1638752	0.0	0.0	0.27328837	0.0	0.0	0.0	0.0	0.0	0.0	0.0	0.37256512	0.0	0.526108	0.0	0.0	0.25447983	0.0	0.0	0.0	0.19135642	0.0	0.09024549	0.12135017	0.0	0.0	0.11397531	0.0	0.0	0.0	0.0	0.0	0.14831637	0.0	0.0	0.0	0.0	0.2236286	0.0	0.1183455	0.0	0.24038363	0.0	0.37567797	0.23060143	0.123430036	0.15598463	0.0	0.0	0.0	0.23764187	0.0	0.0	0.24587573	0.0	0.0	0.31822082	0.1754703	0.0	0.0	0.0	0.0	0.0	0.08072954	0.29264542	0.0	0.28015044	0.24398534	0.0	0.17903012	0.0	0.0	0.0	0.0	0.0	0.31441852	0.0	0.0	0.04430316	0.5077305	0.0	0.5711307	0.0	0.0	0.0	0.20445573	0.2867291	0.0	0.0	0.0	0.0	0.0	0.0	0.3473871	0.0	0.0	0.0	0.24907286	0.0028753083	0.0	0.0	0.35066214	0.32662058	0.0	0.39843908	0.0	0.0	0.19800739	0.0	0.23209894	0.0	0.0	0.0	0.0	0.0	0.0	0.0	0.19582994	0.0	0.50249606	0.048706546	0.0	0.17037944	0.0	0.0
0.0	0.25921458	0.0	0.14972298	0.0	0.0	0.26868597	0.0	0.0	0.0	0.0	0.0	0.0	0.0	0.39193693	0.0	0.50890064	0.0	0.0	0.23944204	0.0	0.0	0.0	0.18903124	0.0	0.08393592	0.118815385	0.0	0.0	0.10822022	0.0	0.0	0.0	0.0	0.0	0.17772453	0.0	0.0	0.0	0.0	0.22278917	0.0	0.11894894	0.0	0.23047912	0.0	0.3848975	0.20942084	0.12139998	0.15598856	0.0	0.0	0.0	0.2601945	0.0	0.0	0.2441119	0.0	0.0	0.33259997	0.16410579	0.0	0.0	0.0	0.0	0.0	0.06221639	0.31743	0.0	0.29540083	0.24672858	0.0	0.18523602	0.0	0.0	0.0	0.0	0.0	0.33421054	0.0	0.0	0.05427985	0.528011	0.0	0.59441596	0.0	0.0	0.0	0.23050934	0.2953324	0.0	0.0	0.0	0.0	0.0	0.0	0.35523257	0.0	0.0	0.0	0.23726135	0.0	0.0	0.0	0.3512673	0.33636224	0.0	0.40307465	0.0	0.0	0.20353638	0.0	0.25177065	0.0	0.0	0.0	0.0	0.0	0.0	0.0	0.21872063	0.0	0.4855093	0.039936744	0.0	0.17189677	0.0	0.0
0.0	0.26482296	0.0	0.15803778	0.0	0.0	0.27257875	0.0	0.0	0.0	0.0	0.0	0.0	0.0	0.37350085	0.0	0.5144845	0.0	0.0	0.24322625	0.0	0.0	0.0	0.1919254	0.0	0.09189934	0.11762927	0.0	0.0	0.10445305	0.0	0.0	0.0	0.0	0.0	0.15793358	0.0	0.0	0.0	0.0	0.22457407	0.0	0.115338266	0.0	0.25366572	0.0	0.38050988	0.24141864	0.12037122	0.1751047	0.0	0.0	0.0	0.24290538	0.0	0.0	0.25849733	0.0	0.0	0.32598102	0.1853475	0.0	0.0	0.0	0.0	0.0	0.077284165	0.29451343	0.0	0.2898091	0.23251317	0.0	0.17113739	0.0	0.0	0.0	0.0	0.0	0.30625537	0.0	0.0	0.045873504	0.5207124	0.0	0.55190676	0.0	0.0	0.0	0.2098246	0.2794539	0.0	0.0	0.0	0.0	0.0	0.0	0.3376677	0.0	0.0	0.0	0.24657995	0.004823132	0.0	0.0	0.3429706	0.31729966	0.0	0.4063809	0.0	0.0	0.20066214	0.0	0.2388199	0.0	0.0	0.0	0.0	0.0	0.0	0.0	0.1951381	0.0	0.49851212	0.042773347	0.0	0.16961467	0.0	0.0
0.0	0.2718583	0.0	0.18226707	0.0	0.0	0.31949493	0.0	0.0	0.0	0.0	0.0	0.0	0.0	0.41500533	0.0	0.56772465	0.0	0.0	0.23289566	0.0	0.0	0.0	0.2350753	0.0	0.13228028	0.17211585	0.0	0.0	0.121095	0.0	0.0	0.0	0.0	0.0	0.14831188	0.0	0.0	0.0	0.0	0.23257433	0.0	0.13555817	0.0	0.20035882	0.0	0.37244257	0.29664385	0.1256405	0.17566942	0.0	0.0	0.0	0.2021472	0.0	0.0	0.22255985	0.0	0.0	0.35105672	0.21298324	0.0	0.0	0.0	0.0	0.00705152	0.10947796	0.2771882	0.0	0.31577235	0.20690368	0.009738434	0.1694137	0.0	0.0	0.0	0.0	0.0	0.30889463	0.0	0.0	0.089909524	0.4930149	0.0	0.53282017	0.0	0.0	0.0	0.18368544	0.30540714	0.0	0.0	0.0	0.0	0.0	0.0	0.33174953	0.0	0.0	0.0	0.27117085	0.038616568	0.0	0.0	0.3290554	0.33113036	0.0	0.41317376	0.0	0.0	0.18609191	0.0	0.23748533	0.0	0.0	0.0	0.0	0.0	0.0	0.0	0.16912031	0.0	0.5457873	0.054819778	0.0	0.16233249	0.0	0.0
0.0	0.27129242	0.0	0.16068183	0.0	0.0	0.26363254	0.0	0.0	0.0	0.0	0.0	0.0	0.0	0.36095166	0.0	0.5090444	0.0	0.0	0.24743979	0.0	0.0	0.0	0.18185031	0.0	0.08321896	0.10997435	0.0	0.0	0.107625425	0.0	0.0	0.0	0.0	0.0	0.1592642	0.0	0.0	0.0	0.0	0.22741695	0.0	0.11704558	0.0	0.25443086	0.0	0.3751092	0.21560027	0.1286063	0.1566538	0.0	0.0	0.0	0.26027057	0.0	0.0	0.2487501	0.0	0.0	0.31642154	0.17000139	0.0	0.0	0.0	0.0	0.0	0.06723774	0.2966112	0.0	0.28280127	0.25588587	0.0	0.17404847	0.0	0.0	0.0	0.0	0.0	0.3186426	0.0	0.0	0.034375485	0.51999336	0.0	0.57907075	0.0	0.0	0.0	0.22803843	0.2750205	0.0	0.0	0.0	0.0	0.0	0.0	0.3535696	0.0	0.0	0.0	0.22888203	0.0	0.0	0.0	0.3495376	0.32456124	0.0	0.40143284	0.0	0.0	0.2093113	0.0	0.24182944	0.0	0.0	0.0	0.0	0.0	0.0	0.0	0.21112366	0.0	0.4984959	0.04001679	0.0	0.1718174	0.0	0.0
0.0	0.26879832	0.0	0.16239607	0.0	0.0	0.27461913	0.0	0.0	0.0	0.0	0.0	0.0	0.0	0.38881204	0.0	0.5219774	0.0	0.0	0.25342205	0.0	0.0	0.0	0.19030468	0.0	0.09163164	0.13197212	0.0	0.0	0.11328421	0.0	0.0	0.0	0.0	0.0	0.16403799	0.0	0.0	0.0	0.0	0.23647283	0.0	0.12649205	0.0	0.22160614	0.0	0.37866452	0.21066363	0.1342618	0.14408354	0.0	0.0	0.0	0.26118118	0.0	0.0	0.22868334	0.0	0.0	0.32732293	0.16398752	0.0	0.0	0.0	0.0	0.0	0.0663531	0.30966544	0.0	0.2952384	0.2509624	0.0	0.18456274	0.0	0.0	0.0	0.0	0.0	0.3402797	0.0	0.0	0.05114824	0.5185341	0.0	0.6100936	0.0	0.0	0.0	0.22493105	0.2959408	0.0	0.0	0.0	0.0	0.0	0.0	0.36743888	0.0	0.0	0.0	0.23694728	0.0	0.0	0.0	0.36021438	0.3481525	0.0	0.40005574	0.0	0.0	0.19981556	0.0	0.23702179	0.0	0.0	0.0	0.0	0.0	0.0	0.0	0.21379654	0.0	0.49400654	0.05031876	0.0	0.16690151	0.0	0.0
0.0	0.27724782	0.0	0.15738015	0.0	0.0	0.26304018	0.0	0.0	0.0	0.0	0.0	0.0	0.0	0.34556675	0.0	0.50378513	0.0	0.0	0.24687	0.0	0.0	0.0	0.17292862	0.0	0.077539034	0.107132465	0.0	0.0	0.10117257	0.0	0.0	0.0	0.0	0.0	0.14526194	0.0	0.0	0.0	0.0	0.2137323	0.0	0.11550915	0.0	0.23630668	0.0	0.36918655	0.21763283	0.12236968	0.16483504	0.0	0.0	0.0	0.24074513	0.0	0.0	0.2446581	0.0	0.0	0.304882	0.17132838	0.0	0.0	0.0	0.0	0.0	0.0703297	0.28533635	0.0	0.27248132	0.23761308	0.0	0.18660225	0.0	0.0	0.0	0.0	0.0	0.31649175	0.0	0.0	0.040452454	0.49912286	0.0	0.5523393	0.0	0.0	0.0	0.22327824	0.27409688	0.0	0.0	0.0	0.0	0.0	0.0	0.33567688	0.0	0.0	0.0	0.23477352	0.0	0.0	0.0	0.3501196	0.33052132	0.0	0.39863506	0.0	0.0	0.20585631	0.0	0.22672634	0.0	0.0	0.0	0.0	0.0	0.0	0.0	0.19044681	0.0	0.48044577	0.035663832	0.0	0.15377665	0.0	0.0
0.0	0.25354674	0.0	0.14010811	0.0	0.0	0.27170357	0.0	0.0	0.0	0.0	0.0	0.0	0.0	0.39640665	0.0	0.49400458	0.0	0.0	0.24012543	0.0	0.0	0.0	0.19347024	0.0	0.075970836	0.098124705	0.0	0.0	0.108625025	0.0	0.0	0.0	0.0	0.0	0.17883442	0.0	0.0	0.0	0.0	0.22460331	0.0	0.11783818	0.0	0.23906304	0.0	0.38027588	0.20962477	0.11745175	0.17809479	0.0	0.0	0.0	0.2543218	0.0	0.0	0.25752237	0.0	0.0	0.32568786	0.17398663	0.0	0.0	0.0	0.0	0.0	0.04119209	0.32869127	0.0	0.28683648	0.23378791	0.0	0.20075472	0.0	0.0	0.0	0.0	0.0	0.33237937	0.0	0.0	0.048466027	0.5393347	0.0	0.5879185	0.0	0.0	0.0	0.22104532	0.27949715	0.0	0.0	0.0	0.0	0.0	0.0	0.33889207	0.0	0.0	0.0	0.23969565	8.184711e-05	0.0	0.0	0.35755536	0.32617986	0.0	0.39032403	0.0	0.0	0.201398	0.0	0.2510203	0.0	0.0	0.0	0.0	0.0	0.0	0.0	0.22150576	0.0	0.4729878	0.04619859	0.0	0.17028327	0.0	0.0
0.0	0.25954068	0.0	0.17073566	0.0	0.0	0.31190073	0.0	0.0	0.0	0.0	0.0	0.0	0.0	0.42791855	0.0	0.56265575	0.0	0.0	0.24526061	0.0	0.0	0.0	0.2256106	0.0	0.11487538	0.16388288	0.0	0.0	0.12354093	0.0	0.0	0.0	0.0	0.0	0.15565224	0.0	0.0	0.0	0.0	0.22567241	0.0	0.14171086	0.0	0.19494611	0.0	0.38005757	0.27134028	0.124357074	0.16436218	0.0	0.0	0.0	0.21991818	0.0	0.0	0.20644517	0.0	0.0	0.3493512	0.18730526	0.0	0.0	0.0	0.0	0.0	0.095640026	0.29837412	0.0	0.3149685	0.21259548	0.004982984	0.17639232	0.0	0.0	0.0	0.0	0.0	0.32421243	0.0	0.0	0.079568096	0.50260013	0.0	0.5602841	0.0	0.0	0.0	0.1924554	0.3154057	0.0	0.0	0.0	0.0	0.0	0.0	0.35939527	0.0	0.0	0.0	0.25872314	0.019364523	0.0	0.0	0.3419759	0.3346238	0.0	0.4227635	0.0	0.0	0.20055126	0.0	0.2350599	0.0	0.0	0.0	0.0	0.0	0.0	0.0	0.18422316	0.0	0.5318163	0.05316149	0.0	0.17168593	0.0	0.0
0.0	0.24346243	0.0	0.15197124	0.0	0.0	0.2946584	0.0	0.0	0.0	0.0	0.0	0.0	0.0	0.43533123	0.0	0.52318996	0.0	0.0	0.23964775	0.0	0.0	0.0	0.21565044	0.0	0.08563649	0.12586193	0.0	0.0	0.12132453	0.0	0.0	0.0	0.0	0.0	0.1729763	0.0	0.0	0.0	0.0	0.21461636	0.0	0.12699293	0.0	0.22058813	0.0	0.39170465	0.22655542	0.11915853	0.18050219	0.0	0.0	0.0	0.2612984	0.0	0.0	0.23245792	0.0	0.0	0.33758536	0.16710083	0.0	0.0	0.0	0.0	0.0	0.05254516	0.3302393	0.0	0.30444565	0.23320226	0.0	0.21052742	0.0	0.0	0.0	0.0	0.0	0.35478702	0.0	0.0	0.073621504	0.53095365	0.0	0.60525316	0.0	0.0	0.0	0.22728728	0.31080273	0.0	0.0	0.0	0.0	0.0	0.0	0.3554592	0.0	0.0	0.0	0.2544144	0.00026458004	0.0	0.0	0.3557314	0.33476985	0.0	0.40009943	0.0	0.0	0.19703972	0.0	0.25117552	0.0	0.0	0.0	0.0	0.0	0.0	0.0	0.22957653	0.0	0.49709025	0.043373898	0.0	0.1567925	0.0	0.0
0.0	0.26692095	0.0	0.15113696	0.0	0.0	0.26720205	0.0	0.0	0.0	0.0	0.0	0.0	0.0	0.3652618	0.0	0.510922	0.0	0.0	0.24319021	0.0	0.0	0.0	0.17961462	0.0	0.08704948	0.11263141	0.0	0.0	0.107806	0.0	0.0	0.0	0.0	0.0	0.15782744	0.0	0.0	0.0	0.0	0.21462946	0.0	0.106343366	0.0	0.2426806	0.0	0.3788073	0.22036426	0.11951432	0.16349758	0.0	0.0	0.0	0.24928392	0.0	0.0	0.24908483	0.0	0.0	0.31332886	0.1760524	0.0	0.0	0.0	0.0	0.0	0.07289613	0.29717973	0.0	0.28270495	0.23942901	0.0	0.18327777	0.0	0.0	0.0	0.0	0.0	0.31046107	0.0	0.0	0.045179684	0.5127467	0.0	0.56108207	0.0	0.0	0.0	0.22466357	0.28109273	0.0	0.0	0.0	0.0	0.0	0.0	0.336668	0.0	0.0	0.0	0.23955508	0.0	0.0	0.0	0.34603643	0.31830132	0.0	0.39336023	0.0	0.0	0.20553106	0.0	0.23300378	0.0	0.0	0.0	0.0	0.0	0.0	0.0	0.20490819	0.0	0.48676166	0.045890912	0.0	0.15988787	0.0	0.0
0.0	0.2780858	0.0	0.15802993	0.0	0.0	0.26795253	0.0	0.0	0.0	0.0	0.0	0.0	0.0	0.37112978	0.0	0.5176955	0.0	0.0	0.25807747	0.0	0.0	0.0	0.18459888	0.0	0.076740436	0.12451527	0.0	0.0	0.114934705	0.0	0.0	0.0	0.0	0.0	0.1537829	0.0	0.0	0.0	0.0	0.22027205	0.0	0.12304328	0.0	0.23570861	0.0	0.37079406	0.21426101	0.12777656	0.15502183	0.0	0.0	0.0	0.2559584	0.0	0.0	0.23128198	0.0	0.0	0.31527212	0.16648817	0.0	0.0	0.0	0.0	0.0	0.07151999	0.301968	0.0	0.28618205	0.24095881	0.0	0.18178153	0.0	0.0	0.0	0.0	0.0	0.33789536	0.0	0.0	0.04513501	0.515046	0.0	0.5856824	0.0	0.0	0.0	0.22032727	0.27935874	0.0	0.0	0.0	0.0	0.0	0.0	0.36000678	0.0	0.0	0.0	0.23095225	0.0	0.0	0.0	0.35332623	0.33357024	0.0	0.39460197	0.0	0.0	0.20473798	0.0	0.22647798	0.0	0.0	0.0	0.0	0.0	0.0	0.0	0.20498264	0.0	0.49717513	0.04688381	0.0	0.15957168	0.0	0.0
0.0	0.27279598	0.0	0.16025417	0.0	0.0	0.2710677	0.0	0.0	0.0	0.0	0.0	0.0	0.0	0.37012538	0.0	0.5193105	0.0	0.0	0.24761325	0.0	0.0	0.0	0.18342678	0.0	0.09011156	0.11909423	0.0	0.0	0.11141185	0.0	0.0	0.0	0.0	0.0	0.14344555	0.0	0.0	0.0	0.0	0.22519636	0.0	0.121230714	0.0	0.22579305	0.0	0.36884987	0.22113319	0.122500755	0.15567218	0.0	0.0	0.0	0.23591317	0.0	0.0	0.23698592	0.0	0.0	0.31387675	0.17056485	0.0	0.0	0.0	0.0	0.0	0.07345932	0.29560986	0.0	0.28011945	0.23608379	0.0	0.18978111	0.0	0.0	0.0	0.0	0.0	0.32586446	0.0	0.0	0.048374135	0.5013588	0.0	0.5731227	0.0	0.0	0.0	0.20360214	0.28466138	0.0	0.0	0.0	0.0	0.0	0.0	0.34561607	0.0	0.0	0.0	0.24330916	0.0003149795	0.0	0.0	0.35449922	0.3339465	0.0	0.40006232	0.0	0.0	0.20175926	0.0	0.2233082	0.0	0.0	0.0	0.0	0.0	0.0	0.0	0.191233	0.0	0.4889307	0.04745513	0.0	0.16371813	0.0	0.0
0.0	0.2689431	0.0	0.17482425	0.0	0.0	0.29345918	0.0	0.0	0.0	0.0	0.0	0.0	0.0	0.36786357	0.0	0.54271126	0.0	0.0	0.25483352	0.0	0.0	0.0	0.1931601	0.0	0.10796677	0.13414519	0.0	0.0	0.1193076	0.0	0.0	0.0	0.0	0.0	0.13149534	0.0	0.0	0.0	0.0	0.22610529	0.0	0.12836954	0.0	0.2368623	0.0	0.36263952	0.2542739	0.1229885	0.17682928	0.0	0.0	0.0	0.23598011	0.0	0.0	0.22422035	0.0	0.0	0.31438705	0.20118885	0.0	0.0	0.0	0.0	0.0	0.09024528	0.27526653	0.0	0.28705874	0.22066253	0.0	0.18199144	0.0	0.0	0.0	0.0	0.0	0.30882385	0.0	0.0	0.046701968	0.50094897	0.0	0.53323746	0.0006947803	0.0	0.0	0.19824584	0.281468	0.0	0.0	0.0	0.0	0.0	0.0	0.34737968	0.0	0.0	0.0	0.24574196	0.0151485065	0.0	0.0	0.3613703	0.3118661	0.0	0.39509234	0.0	0.0	0.216471	0.0	0.2155474	0.0	0.0	0.0	0.0	0.0	0.0	0.0	0.19491704	0.0	0.5308707	0.057700615	0.0	0.16159599	0.0	0.0
0.0	0.28187913	0.0	0.17046797	0.0	0.0	0.27809665	0.0	0.0	0.0	0.0	0.0	0.0	0.0	0.36678824	0.0	0.529026	0.0	0.0	0.25569674	0.0	0.0	0.0	0.1980393	0.0	0.09165565	0.10950929	0.0	0.0	0.11097562	0.0	0.0	0.0	0.0	0.0	0.14553005	0.0	0.0	0.0	0.0	0.21698458	0.0	0.11189098	0.0	0.26160946	0.0	0.37251267	0.2373066	0.118965276	0.16103894	0.0	0.0	0.0	0.24119593	0.0	0.0	0.25390023	0.0	0.0	0.3063664	0.19451992	0.0	0.0	0.0	0.0	0.0	0.07566002	0.27940777	0.0	0.26965985	0.24318604	0.0	0.1704901	0.0	0.0	0.0	0.0	0.0	0.29645422	0.0	0.0	0.03768515	0.50646067	0.0	0.5540112	0.0	0.0	0.0	0.20707493	0.27390072	0.0	0.0	0.0	0.0	0.0	0.0	0.34407976	0.0	0.0	0.0	0.24821527	0.010821886	0.0	0.0	0.34058753	0.31356296	0.0	0.3982949	0.0	0.0	0.21278103	0.0	0.23835604	0.0	0.0	0.0	0.0	0.0	0.0	0.0	0.19270675	0.0	0.51228833	0.048888464	0.0	0.17023951	0.0	0.0
0.0	0.26245067	0.0	0.15814592	0.0	0.0	0.289421	0.0	0.0	0.0	0.0	0.0	0.0	0.0	0.3957723	0.0	0.5312999	0.0	0.0	0.24420016	0.0	0.0	0.0	0.20802595	0.0	0.09501157	0.13313891	0.0	0.0	0.1095214	0.0	0.0	0.0	0.0	0.0	0.15965521	0.0	0.0	0.0	0.0	0.21318506	0.0	0.11980149	0.0	0.22597809	0.0	0.38493744	0.25297165	0.12170068	0.16973948	0.0	0.0	0.0	0.23465325	0.0	0.0	0.23342647	0.0	0.0	0.3357009	0.18840647	0.0	0.0	0.0	0.0	0.0	0.08615198	0.29986367	0.0	0.2988911	0.22749132	0.00047815344	0.17852557	0.0	0.0	0.0	0.0	0.0	0.31431893	0.0	0.0	0.058946814	0.5089997	0.0	0.55576515	0.0	0.0	0.0	0.21045215	0.300149	0.0	0.0	0.0	0.0	0.0	0.0	0.34683713	0.0	0.0	0.0	0.25362667	0.00080961484	0.0	0.0	0.3390111	0.33016863	0.0	0.4041613	0.0	0.0	0.20225793	0.0	0.2410946	0.0	0.0	0.0	0.0	0.0	0.0	0.0	0.19425039	0.0	0.50494236	0.05484365	0.0	0.17282815	0.0	0.0
0.0	0.26254925	0.0	0.15857695	0.0	0.0	0.2672532	0.0	0.0	0.0	0.0	0.0	0.0	0.0	0.37805155	0.0	0.5205116	0.0	0.0	0.24474554	0.0	0.0	0.0	0.1930254	0.0	0.0870922	0.14026381	0.0	0.0	0.12019727	0.0	0.0	0.0	0.0	0.0	0.15730453	0.0	0.0	0.0	0.0	0.22836547	0.0	0.13493487	0.0	0.20871848	0.0	0.37752786	0.21124978	0.12629765	0.15190072	0.0	0.0	0.0	0.24490654	0.0	0.0	0.22148116	0.0	0.0	0.31871986	0.16138344	0.0	0.0	0.0	0.0	0.0	0.07341463	0.30178308	0.0	0.30124757	0.249034	0.0	0.1952886	0.0	0.0	0.0	0.0	0.0	0.33968973	0.0	0.0	0.05931559	0.5162907	0.0	0.58850116	0.0	0.0	0.0	0.21956204	0.30636814	0.0	0.0	0.0	0.0	0.0	0.0	0.3497642	0.0	0.0	0.0	0.24763836	0.0	0.0	0.0	0.36577347	0.3378855	0.0	0.40446886	0.0	0.0	0.2007521	0.0	0.22772892	0.0	0.0	0.0	0.0	0.0	0.0	0.0	0.20809883	0.0	0.49544	0.04770255	0.0	0.16221453	0.0	0.0
0.0	0.27595347	0.0	0.16463196	0.0	0.0	0.28345478	0.0	0.0	0.0	0.0	0.0	0.0	0.0	0.38882145	0.0	0.5272692	0.0	0.0	0.25579974	0.0	0.0	0.0	0.20440502	0.0	0.092501916	0.13780716	0.0	0.0	0.11648584	0.0	0.0	0.0	0.0	0.0	0.16225123	0.0	0.0	0.0	0.0	0.22647716	0.0	0.13712113	0.0	0.21531872	0.0	0.37648082	0.24177517	0.12578212	0.1562701	0.0	0.0	0.0	0.23906942	0.0	0.0	0.2258371	0.0	0.0	0.33371758	0.17124182	0.0	0.0	0.0	0.0	0.0	0.074687146	0.2998797	0.0	0.29802594	0.23545332	0.0	0.17746222	0.0	0.0	0.0	0.0	0.0	0.3340136	0.0	0.0	0.063428044	0.5114475	0.0	0.58085513	0.0	0.0	0.0	0.20233512	0.29824758	0.0	0.0	0.0	0.0	0.0	0.0	0.36177495	0.0	0.0	0.0	0.24468596	0.0026946117	0.0	0.0	0.34942687	0.33856753	0.0	0.40770316	0.0	0.0	0.19514187	0.0	0.23924033	0.0	0.0	0.0	0.0	0.0	0.0	0.0	0.19772048	0.0	0.50972986	0.05052721	0.0	0.1715707	0.0	0.0
0.0	0.2761278	0.0	0.16550712	0.0	0.0	0.29235837	0.0	0.0	0.0	0.0	0.0	0.0	0.0	0.39523134	0.0	0.5452333	0.0	0.0	0.2436016	0.0	0.0	0.0	0.20412897	0.0	0.10837007	0.14278626	0.0	0.0	0.12125053	0.0	0.0	0.0	0.0	0.0	0.15330239	0.0	0.0	0.0	0.0	0.22981898	0.0	0.13182159	0.0	0.22448523	0.0	0.37306294	0.2541706	0.116660975	0.16433509	0.0	0.0	0.0	0.22144298	0.0	0.0	0.22723569	0.0	0.0	0.3290255	0.18215974	0.0	0.0	0.0	0.0	0.0	0.084501214	0.29704082	0.0	0.3044468	0.22966564	0.0078049786	0.17568195	0.0	0.0	0.0	0.0	0.0	0.32252356	0.0	0.0	0.07038591	0.51117826	0.0	0.558851	0.0	0.0	0.0	0.19727314	0.29355425	0.0	0.0	0.0	0.0	0.0	0.0	0.3392981	0.0	0.0	0.0	0.2560629	0.014306423	0.0	0.0	0.34840238	0.31832644	0.0	0.4133685	0.0	0.0	0.19642587	0.0	0.23050965	0.0	0.0	0.0	0.0	0.0	0.0	0.0	0.1883483	0.0	0.53580564	0.052513357	0.0	0.16717727	0.0	0.0
0.0	0.26392224	0.0	0.17024994	0.0	0.0	0.29010573	0.0	0.0	0.0	0.0	0.0	0.0	0.0	0.3771462	0.0	0.53617156	0.0	0.0	0.23562026	0.0	0.0	0.0	0.20872271	0.0	0.114190765	0.12662183	0.0	0.0	0.109350055	0.0	0.0	0.0	0.0	0.0	0.15261714	0.0	0.0	0.0	0.0	0.23236538	0.0	0.10331216	0.0	0.2548345	0.0	0.3722789	0.2694913	0.12811293	0.18645401	0.0	0.0	0.0	0.23354876	0.0	0.0	0.2620187	0.0	0.0	0.3320541	0.21482347	0.0	0.0	0.0	0.0	0.0	0.09832046	0.27768043	0.0	0.2905464	0.22322159	0.0012318827	0.1742395	0.0	0.0	0.0	0.0	0.0	0.28725758	0.0	0.0	0.049753707	0.5125757	0.0	0.5215013	0.0	0.0	0.0	0.20801605	0.2763163	0.0	0.0	0.0	0.0	0.0	0.0	0.3189856	0.0	0.0	0.0	0.26334414	0.025958342	0.0	0.0	0.3319329	0.31080177	0.0	0.39439067	0.0	0.0	0.192868	0.0	0.23862934	0.0	0.0	0.0	0.0	0.0	0.0	0.0	0.18702888	0.0	0.51733035	0.05368741	0.0	0.16209964	0.0	0.0
0.0	0.27785143	0.0	0.17309433	0.0	0.0	0.2868446	0.0	0.0	0.0	0.0	0.0	0.0	0.0	0.35977054	0.0	0.53268105	0.0	0.0	0.2493697	0.0	0.0	0.0	0.20223399	0.0	0.0989258	0.120028816	0.0	0.0	0.117492735	0.0	0.0	0.0	0.0	0.0	0.1365344	0.0	0.0	0.0	0.0	0.22462809	0.0	0.116737515	0.0	0.25146484	0.0	0.36905646	0.24571224	0.12737785	0.17164947	0.0	0.0	0.0	0.22253709	0.0	0.0	0.24145013	0.0	0.0	0.31688413	0.19237304	0.0	0.0	0.0	0.0	0.0	0.09204172	0.27581933	0.0	0.2787751	0.23698072	0.00073774037	0.17924012	0.0	0.0	0.0	0.0	0.0	0.30205813	0.0	0.0	0.046814512	0.5021954	0.0	0.53061604	0.0	0.0	0.0	0.20181574	0.27766028	0.0	0.0	0.0	0.0	0.0	0.0	0.33336744	0.0	0.0	0.0	0.24864775	0.011557468	0.0	0.0	0.34724942	0.3075999	0.0	0.3964933	0.0	0.0	0.19791687	0.0	0.2293759	0.0	0.0	0.0	0.0	0.0	0.0	0.0	0.18750238	0.0	0.5261342	0.047851477	0.0	0.1722247	0.0	0.0
0.0	0.27551293	0.0	0.16849808	0.0	0.0	0.26450744	0.0	0.0	0.0	0.0	0.0	0.0	0.0	0.34978542	0.0	0.5141466	0.0	0.0	0.25421366	0.0	0.0	0.0	0.18484898	0.0	0.085965246	0.10800379	0.0	0.0	0.111929454	0.0	0.0	0.0	0.0	0.0	0.14718755	0.0	0.0	0.0	0.0	0.23109762	0.0	0.11521274	0.0	0.26892912	0.0	0.3733571	0.21401457	0.12562115	0.16123019	0.0	0.0	0.0	0.25046936	0.0	0.0	0.26167437	0.0	0.0	0.3124646	0.17977281	0.0	0.0	0.0	0.0	0.0	0.07319668	0.28589717	0.0	0.27929673	0.2580568	0.0	0.17542891	0.0	0.0	0.0	0.0	0.0	0.30853617	0.0	0.0	0.03005097	0.5209467	0.0	0.5645619	0.0	0.0	0.0	0.21561633	0.27358088	0.0	0.0	0.0	0.0	0.0	0.0	0.3436203	0.0	0.0	0.0	0.23540477	0.001530918	0.0	0.0	0.35420284	0.3190082	0.0	0.4002719	0.0	0.0	0.20722894	0.0	0.2343512	0.0	0.0	0.0	0.0	0.0	0.0	0.0	0.2016866	0.0	0.5033826	0.0392259	0.0	0.17148662	0.0	0.0
0.0	0.27446416	0.0	0.17490959	0.0	0.0	0.30920386	0.0	0.0	0.0	0.0	0.0	0.0	0.0	0.3929784	0.0	0.55818164	0.0	0.0	0.23908575	0.0	0.0	0.0	0.22755516	0.0	0.11333836	0.15469377	0.0	0.0	0.11784312	0.0	0.0	0.0	0.0	0.0	0.14787185	0.0	0.0	0.0	0.0	0.22753645	0.0	0.13224344	0.0	0.21143194	0.0	0.3757024	0.27498114	0.13000429	0.17321603	0.0	0.0	0.0	0.21393366	0.0	0.0	0.21967745	0.0	0.0	0.33733693	0.19705214	0.0	0.0	0.0	0.0	0.0	0.09888172	0.28040212	0.0	0.30310488	0.21769582	0.0062299655	0.1787579	0.0	0.0	0.0	0.0	0.0	0.31971204	0.0	0.0	0.07760706	0.49329725	0.0	0.54002494	0.0	0.0	0.0	0.19396867	0.3017514	0.0	0.0	0.0	0.0	0.0	0.0	0.34104633	0.0	0.0	0.0	0.25985166	0.0158416	0.0	0.0	0.3347889	0.32636538	0.0	0.41140863	0.0	0.0	0.19068305	0.0	0.2344693	0.0	0.0	0.0	0.0	0.0	0.0	0.0	0.17633156	0.0	0.5348572	0.05375844	0.0	0.16649085	0.0	0.0
0.0	0.25441262	0.0	0.16431552	0.0	0.0	0.28534576	0.0	0.0	0.0	0.0	0.0	0.0	0.0	0.38795432	0.0	0.5332493	0.0	0.0	0.23582745	0.0	0.0	0.0	0.2051096	0.0	0.108240396	0.13005787	0.0	0.0	0.11132088	0.0	0.0	0.0	0.0	0.0	0.15297405	0.0	0.0	0.0	0.0	0.2331733	0.0	0.109067045	0.0	0.242626	0.0	0.37123355	0.25746992	0.12509994	0.1851664	0.0	0.0	0.0	0.23192585	0.0	0.0	0.25299942	0.0	0.0	0.3304818	0.20375323	0.0	0.0	0.0	0.0	0.0	0.090103626	0.29222885	0.0	0.29365465	0.22090554	0.0008480524	0.1792028	0.0	0.0	0.0	0.0	0.0	0.2928591	0.0	0.0	0.049963254	0.5167396	0.0	0.5299533	0.0	0.0	0.0	0.20177354	0.28287587	0.0	0.0	0.0	0.0	0.0	0.0	0.32476655	0.0	0.0	0.0	0.2656493	0.022067005	0.0	0.0	0.3402708	0.30920112	0.0	0.4048351	0.0	0.0	0.19331829	0.0	0.23231785	0.0	0.0	0.0	0.0	0.0	0.0	0.0	0.19282623	0.0	0.51165867	0.053003233	0.0	0.16462444	0.0	0.0
0.0	0.2823516	0.0	0.15550674	0.0	0.0	0.25876418	0.0	0.0	0.0	0.0	0.0	0.0	0.0	0.43707302	0.0	0.5163963	0.0	0.0	0.3135972	0.0	0.0	0.0	0.13573675	0.0	0.05016634	0.11991302	0.0	0.0	0.16297342	0.0	0.0	0.0	0.0	0.0	0.17902589	0.0	0.0	0.0	0.0	0.34043515	0.0	0.17915721	0.0	0.16840585	0.0	0.3817439	0.11397785	0.16674519	0.08742073	0.0	0.0	0.0	0.24585946	0.0	0.0	0.19724937	0.0	0.0	0.3446344	0.10131029	0.0	0.0	0.0	0.0	0.0	0.019631382	0.4096876	0.0	0.32912084	0.24674706	0.0	0.19847484	0.0	0.0	0.0	0.0	0.0	0.42222843	0.0	0.0	0.071837984	0.55302835	0.0	0.8149993	0.0	0.0	0.0	0.22980525	0.26143205	0.0	0.0	0.0	0.0	0.0	0.0	0.46271828	0.0	0.0	0.0	0.18647659	0.00020247822	0.0	0.0	0.39260602	0.4471221	0.0	0.44445038	0.0	0.0	0.21615483	0.0	0.26021245	0.0	0.0	0.0	0.0	0.0	0.0	0.0	0.21546377	0.0	0.4757699	0.05765442	0.0	0.16361623	0.0	0.0
0.0	0.28830013	0.0	0.16867954	0.0	0.0	0.27317867	0.0	0.0	0.0	0.0	0.0	0.0	0.0	0.4477047	0.0	0.51827455	0.0	0.0	0.31651142	0.0	0.0	0.0	0.15100493	0.0	0.05905034	0.12546623	0.0	0.0	0.16795135	0.0	0.0	0.0	0.0	0.0	0.1776837	0.0	0.0	0.0	0.0	0.335044	0.0	0.18915029	0.0	0.15073062	0.0	0.38500524	0.12674469	0.16043995	0.08263144	0.0	0.0	0.0	0.25665808	0.0	0.0	0.19360976	0.0	0.0	0.3443006	0.11364642	0.0	0.0	0.0	0.0	0.0	0.022600628	0.41106334	0.0	0.32190347	0.23319168	0.0	0.22436751	0.0	0.0	0.0	0.0	0.0	0.4332895	0.0	0.0	0.084427536	0.54473644	0.0	0.8305147	0.0	0.0	0.0	0.227632	0.27355537	0.0	0.0	0.0	0.0	0.0	0.0	0.47412837	0.0	0.0	0.0	0.17629802	0.0016461909	0.0	0.0	0.38444057	0.4602271	0.0	0.43712178	0.0	0.0	0.20983548	0.0	0.2537855	0.0	0.0	0.0	0.0	0.0	0.0	0.0	0.205326	0.0	0.4665556	0.057740305	0.0	0.1582315	0.0	0.0
0.0	0.28700846	0.0	0.16093488	0.0	0.0	0.2617314	0.0	0.0	0.0	0.0	0.0	0.0	0.0	0.44018003	0.0	0.50959325	0.0	0.0	0.30301705	0.0	0.0	0.0	0.14252591	0.0	0.049511448	0.11830815	0.0	0.0	0.15209167	0.0	0.0	0.0	0.0	0.0	0.18370326	0.0	0.0	0.0	0.0	0.3420353	0.0	0.17146206	0.0	0.16463123	0.0	0.38643184	0.1220397	0.1538137	0.09068084	0.0	0.0	0.0	0.26623794	0.0	0.0	0.20319438	0.0	0.0	0.33543524	0.1052165	0.0	0.0	0.0	0.0	0.0	0.014030247	0.4008609	0.0	0.3226411	0.24447942	0.0	0.19823427	0.0	0.0	0.0	0.0	0.0	0.42134473	0.0	0.0	0.069152035	0.5514521	0.0	0.81217617	0.0	0.0	0.0	0.23065363	0.26741108	0.0	0.0	0.0	0.0	0.0	0.0	0.45732948	0.0	0.0	0.0	0.18485665	0.0012162067	0.0	0.0	0.38178548	0.43994048	0.0	0.43465292	0.0	0.0	0.21038048	0.0	0.26357707	0.0	0.0	0.0	0.0	0.0	0.0	0.0	0.20849435	0.0	0.46749476	0.055566344	0.0	0.16465779	0.0	0.0
0.0	0.2899675	0.0	0.14856772	0.0	0.0	0.26526234	0.0	0.0	0.0	0.0	0.0	0.0	0.0	0.40497422	0.0	0.50515646	0.0	0.0	0.30492568	0.0	0.0	0.0	0.13339798	0.0	0.05812179	0.10554429	0.0	0.0	0.15005489	0.0	0.0	0.0	0.0	0.0	0.16079889	0.0	0.0	0.0	0.0	0.32934433	0.0	0.16078337	0.0	0.19184251	0.0	0.37606868	0.13151652	0.14858957	0.10155461	0.0	0.0	0.0	0.2550635	0.0	0.0	0.21354061	0.0	0.0	0.3352323	0.1150073	0.0	0.0	0.0	0.0	0.0	0.017085792	0.3867081	0.0	0.30789027	0.2415448	0.0	0.2000699	0.0	0.0	0.0	0.0	0.0	0.40938225	0.0	0.0	0.06387675	0.54649657	0.0	0.7633012	0.0	0.0	0.0	0.23788758	0.2605772	0.0	0.0	0.0	0.0	0.0	0.0	0.41447064	0.0	0.0	0.0	0.18623574	0.0	0.0	0.0	0.37746176	0.4089122	0.0	0.42174086	0.0	0.0	0.22313982	0.0	0.252452	0.0	0.0	0.0	0.0	0.0	0.0	0.0	0.20985217	0.0	0.46603718	0.058980476	0.0	0.14548714	0.0	0.0
0.0	0.28269932	0.0	0.12566438	0.0	0.0	0.26926994	0.0	0.0	0.0	0.0	0.0	0.0	0.0	0.42719528	0.0	0.4875448	0.0	0.0	0.2924905	0.0	0.0	0.0	0.15581526	0.0	0.02329431	0.0506878	0.0	0.0	0.13163556	0.0	0.0	0.0	0.0	0.0	0.18758397	0.0	0.0	0.0	0.0	0.2917537	0.0	0.17061223	0.0	0.24744622	0.0	0.39989772	0.14657329	0.12691317	0.16155785	0.0	0.0	0.0	0.25699428	0.0	0.0	0.2392947	0.0	0.0	0.27971014	0.11225901	0.0	0.0	0.0	0.0	0.0	0.0063901558	0.39151406	0.0	0.2750987	0.19910876	0.0	0.206587	0.0	0.0	0.0	0.0	0.0	0.40168926	0.0	0.0	0.047841728	0.56064194	0.0	0.7655937	0.0	0.0	0.0	0.22589087	0.23465572	0.0	0.0	0.0	0.0	0.0	0.0	0.41999403	0.0	0.0	0.0	0.19138823	0.00022603199	0.0	0.0	0.38313106	0.3746973	0.0	0.43423763	0.0	0.0	0.20901807	0.0	0.28998375	0.0	0.0	0.0	0.0	0.0	0.0	0.0	0.22233169	0.0	0.4640193	0.031224402	0.0	0.16895407	0.0	0.0
0.0	0.27709126	0.0	0.13464056	0.0	0.0	0.2761339	0.0	0.0	0.0	0.0	0.0	0.0	0.0	0.46625578	0.0	0.49596313	0.0	0.0	0.32379743	0.0	0.0	0.0	0.15922068	0.0	0.03633443	0.08674083	0.0	0.0	0.14521731	0.0	0.0	0.0	0.0	0.0	0.1773474	0.0	0.0	0.0	0.0	0.31903246	0.0	0.19274141	0.0	0.19183396	0.0	0.40860203	0.14616121	0.14893624	0.12546371	0.0	0.0	0.0	0.27903286	0.0	0.0	0.2110257	0.0	0.0	0.32293203	0.10540742	0.0	0.0	0.0	0.0	0.0	0.0006737194	0.4258782	0.0	0.2950224	0.21812241	0.0	0.24562053	0.0	0.0	0.0	0.0	0.0	0.43642882	0.0	0.0	0.08901022	0.5562591	0.0	0.80650884	0.0014790172	0.0	0.0	0.22274637	0.25691274	0.0	0.0	0.0	0.0	0.0	0.0	0.45836875	0.0	0.0	0.0	0.19499774	0.002670601	0.0	0.0	0.4084389	0.40972388	0.0	0.41639078	0.0	0.0	0.21043587	0.0	0.2831273	0.0	0.0	0.0	0.0	0.0	0.0	0.0	0.24233782	0.0	0.46082082	0.047144935	0.0	0.17136712	0.0	0.0
0.0	0.28424144	0.0	0.1499856	0.0	0.0	0.26746097	0.0	0.0	0.0	0.0	0.0	0.0	0.0	0.4403499	0.0	0.5129326	0.0	0.0	0.30646804	0.0	0.0	0.0	0.13428617	0.0	0.06538689	0.11770878	0.0	0.0	0.1474077	0.0	0.0	0.0	0.0	0.0	0.17423874	0.0	0.0	0.0	0.0	0.34542075	0.0	0.16783316	0.0	0.17515992	0.0	0.3910996	0.13920581	0.15774842	0.08711586	0.0	0.0	0.0	0.265576	0.0	0.0	0.2191147	0.0	0.0	0.34820437	0.10802376	0.0	0.0	0.0	0.0	0.0	0.025603453	0.39974245	0.0	0.314257	0.25638497	0.0	0.19371635	0.0	0.0	0.0	0.0	0.0	0.41686368	0.0	0.0	0.07384219	0.54529744	0.0	0.80107087	0.0	0.0	0.0	0.23096955	0.26545957	0.0	0.0	0.0	0.0	0.0	0.0	0.44108668	0.0	0.0	0.0	0.18775427	0.004662736	0.0	0.0	0.37830254	0.4293525	0.0	0.430851	0.0	0.0	0.2178439	0.0	0.26897302	0.0	0.0	0.0	0.0	0.0	0.0	0.0	0.21185751	0.0	0.46391383	0.057857662	0.0	0.16106325	0.0	0.0
0.0	0.29015747	0.0	0.1390747	0.0	0.0	0.2597099	0.0	0.0	0.0	0.0	0.0	0.0	0.0	0.42781618	0.0	0.5063974	0.0	0.0	0.29001507	0.0	0.0	0.0	0.13218017	0.0	0.051432192	0.103621684	0.0	0.0	0.14016902	0.0	0.0	0.0	0.0	0.0	0.17557897	0.0	0.0	0.0	0.0	0.33377638	0.0	0.16068329	0.0	0.18309946	0.0	0.39477524	0.13727461	0.14230452	0.098073184	0.0	0.0	0.0	0.26344356	0.0	0.0	0.22846083	0.0	0.0	0.32873625	0.0931685	0.0	0.0	0.0	0.0	0.0	0.02137314	0.3872107	0.0	0.31064704	0.24628194	0.0	0.19578327	0.0	0.0	0.0	0.0	0.0	0.41897058	0.0	0.0	0.07178211	0.5356234	0.0	0.7825268	0.0	0.0	0.0	0.23919618	0.27591905	0.0	0.0	0.0	0.0	0.0	0.0	0.42991364	0.0	0.0	0.0	0.18694906	0.001439523	0.0	0.0	0.3775265	0.42129257	0.0	0.44816574	0.0	0.0	0.22426309	0.0	0.26683345	0.0	0.0	0.0	0.0	0.0	0.0	0.0	0.20330179	0.0	0.46181962	0.036308344	0.0	0.15633504	0.0	0.0
0.0	0.2969667	0.0	0.15199392	0.0	0.0	0.2609739	0.0	0.0	0.0	0.0	0.0	0.0	0.0	0.422225	0.0	0.5081449	0.0	0.0	0.28348753	0.0	0.0	0.0	0.14538649	0.0	0.0657179	0.094157316	0.0	0.0	0.13170622	0.0	0.0	0.0	0.0	0.0	0.17429675	0.0	0.0	0.0	0.0	0.33401892	0.0	0.16490416	0.0	0.18323608	0.0	0.370433	0.14036632	0.15090841	0.11363119	0.0	0.0	0.0	0.24937399	0.0	0.0	0.21338141	0.0	0.0	0.3225859	0.11446193	0.0	0.0	0.0	0.0	0.0	0.009938102	0.3935237	0.0	0.31044996	0.2298419	0.0	0.18950938	0.0	0.0	0.0	0.0	0.0	0.40634033	0.0	0.0	0.058447804	0.54955417	0.0	0.76782036	0.0	0.0	0.0	0.2269603	0.24961905	0.0	0.0	0.0	0.0	0.0	0.0	0.4300919	0.0	0.0	0.0	0.18132399	0.010682579	0.0	0.0	0.37190318	0.41641656	0.0	0.44542626	0.0	0.0	0.21459109	0.0	0.25567818	0.0	0.0	0.0	0.0	0.0	0.0	0.0	0.19279818	0.0	0.46719268	0.038767654	0.0	0.15156934	0.0	0.0
0.0	0.2820427	0.0	0.14778417	0.0	0.0	0.26607585	0.0	0.0	0.0	0.0	0.0	0.0	0.0	0.43448964	0.0	0.50968254	0.0	0.0	0.29507026	0.0	0.0	0.0	0.14836757	0.0	0.055544958	0.10851126	0.0	0.0	0.14313467	0.0	0.0	0.0	0.0	0.0	0.18993725	0.0	0.0	0.0	0.0	0.32823038	0.0	0.16359903	0.0	0.1707321	0.0	0.39593217	0.12475481	0.15220799	0.09761795	0.0	0.0	0.0	0.2724214	0.0	0.0	0.2183268	0.0	0.0	0.33988056	0.1103834	0.0	0.0	0.0	0.0	0.0	0.008855716	0.3963705	0.0	0.3104503	0.24756627	0.0	0.20543037	0.0	0.0	0.0	0.0	0.0	0.4278933	0.0	0.0	0.07538209	0.54274833	0.0	0.80137175	0.00030843416	0.0	0.0	0.24504447	0.28079048	0.0	0.0	0.0	0.0	0.0	0.0	0.45297658	0.0	0.0	0.0	0.17847551	0.0	0.0	0.0	0.3829323	0.4408706	0.0	0.4389638	0.0	0.0	0.21430694	0.0	0.27633235	0.0	0.0	0.0	0.0	0.0	0.0	0.0	0.21787815	0.0	0.46518123	0.0381847	0.0	0.16467835	0.0	0.0
0.0	0.28809905	0.0	0.15814964	0.0	0.0	0.27088916	0.0	0.0	0.0	0.0	0.0	0.0	0.0	0.40972665	0.0	0.5220185	0.0	0.0	0.276366	0.0	0.0	0.0	0.16398764	0.0	0.032446645	0.13318913	0.0	0.0	0.14584158	0.0	0.0	0.0	0.0	0.0	0.17307629	0.0	0.0	0.0	0.0	0.27463898	0.0	0.16487819	0.0	0.17681666	0.0	0.38399205	0.17240362	0.13709247	0.12190213	0.0	0.0	0.0	0.25351572	0.0	0.0	0.1848071	0.0	0.0	0.34063196	0.13849653	0.0	0.0	0.0	0.0	0.0	0.039036725	0.35173666	0.0	0.32668698	0.24634762	0.0	0.17841582	0.0	0.0	0.0	0.0	0.0	0.41030237	0.0	0.0	0.06771027	0.5573332	0.0	0.70619017	0.0	0.0	0.0	0.2286189	0.27767295	0.0	0.0	0.0	0.0	0.0	0.0	0.4259235	0.0	0.0	0.0	0.21488582	0.0	0.0	0.0	0.3693548	0.40899953	0.0	0.43023428	0.0	0.0	0.19497748	0.0	0.24886866	0.0	0.0	0.0	0.0	0.0	0.0	0.0	0.2094116	0.0	0.4976993	0.045016143	0.0	0.16099477	0.0	0.0
0.0	0.27760613	0.0	0.14525528	0.0	0.0	0.29078546	0.0	0.0	0.0	0.0	0.0	0.0	0.0	0.43944022	0.0	0.50424653	0.0	0.0	0.306759	0.0	0.0	0.0	0.13324441	0.0	0.04076298	0.08276749	0.0	0.0	0.15467584	0.0	0.0	0.0	0.0	0.0	0.16390775	0.0	0.0	0.0	0.0	0.30364457	0.0	0.1621726	0.0	0.20981543	0.0	0.39431295	0.14363712	0.14342152	0.14953859	0.0	0.0	0.0	0.25236383	0.0	0.0	0.2170177	0.0	0.0	0.3033839	0.103669405	0.0	0.0	0.0	0.0	0.0	0.009305484	0.39239752	0.0	0.30524388	0.20473446	0.0	0.21621281	0.0	0.0	0.0	0.0	0.0	0.40813386	0.0	0.0	0.059995726	0.532933	0.0	0.7873016	0.0	0.0	0.0	0.21896493	0.24959719	0.0	0.0	0.0	0.0	0.0	0.0	0.43748394	0.0	0.0	0.0	0.1793654	0.0	0.0	0.0	0.372915	0.41111913	0.0	0.4561871	0.0	0.0	0.24067356	0.0	0.2658558	0.0	0.0	0.0	0.0	0.0	0.0	0.0	0.19802494	0.0	0.47005343	0.045825664	0.0	0.14890364	0.0	0.0
0.0	0.2866685	0.0	0.14584152	0.0	0.0	0.25892898	0.0	0.0	0.0	0.0	0.0	0.0	0.0	0.41262642	0.0	0.509642	0.0	0.0	0.2981882	0.0	0.0	0.0	0.12644553	0.0	0.054531038	0.10887924	0.0	0.0	0.15558764	0.0	0.0	0.0	0.0	0.0	0.17033869	0.0	0.0	0.0	0.0	0.34356236	0.0	0.1571015	0.0	0.19542842	0.0	0.37990382	0.12214178	0.15278564	0.0975661	0.0	0.0	0.0	0.26094636	0.0	0.0	0.2217123	0.0	0.0	0.33153626	0.1146068	0.0	0.0	0.0	0.0	0.0	0.020419931	0.3993976	0.0	0.30883923	0.25899097	0.0	0.18689544	0.0	0.0	0.0	0.0	0.0	0.40679064	0.0	0.0	0.054199804	0.5514955	0.0	0.789229	0.0	0.0	0.0	0.23150022	0.253115	0.0	0.0	0.0	0.0	0.0	0.0	0.4332954	0.0	0.0	0.0	0.18403953	0.0	0.0	0.0	0.3773532	0.42218414	0.0	0.42791584	0.0	0.0	0.22232173	0.0	0.25877097	0.0	0.0	0.0	0.0	0.0	0.0	0.0	0.21291418	0.0	0.47061673	0.06149124	0.0	0.15846597	0.0	0.0
0.0	0.2749829	0.0	0.13871582	0.0	0.0	0.26851285	0.0	0.0	0.0	0.0	0.0	0.0	0.0	0.45372033	0.0	0.50943923	0.0	0.0	0.3270433	0.0	0.0	0.0	0.15612066	0.0	0.043098714	0.09762224	0.0	0.0	0.15823512	0.0	0.0	0.0	0.0	0.0	0.19789474	0.0	0.0	0.0	0.0	0.3240278	0.0	0.19127204	0.0	0.1674309	0.0	0.40360633	0.13307706	0.1606205	0.09357799	0.0	0.0	0.0	0.29861662	0.0	0.0	0.18533176	0.0	0.0	0.32196283	0.10678092	0.0	0.0	0.0	0.0	0.0	0.0052242256	0.4258882	0.0	0.3062838	0.2327755	0.0	0.24964148	0.0	0.0	0.0	0.0	0.0	0.44540545	0.0	0.0	0.08656901	0.5408303	0.0	0.8201528	0.004333352	0.0	0.0	0.22768421	0.27222267	0.0	0.0	0.0	0.0	0.0	0.0	0.4872096	0.0	0.0	0.0	0.18153518	0.0034437764	0.0	0.0	0.40673003	0.44347477	0.0	0.4182136	0.0	0.0	0.20401154	0.0	0.28393152	0.0	0.0	0.0	0.0	0.0	0.0	0.0	0.25068977	0.0	0.48131275	0.05527917	0.0	0.1909395	0.0	0.0
0.0	0.2890205	0.0	0.13927393	0.0	0.0	0.25760934	0.0	0.0	0.0	0.0	0.0	0.0	0.0	0.40353942	0.0	0.4996437	0.0	0.0	0.29153943	0.0	0.0	0.0	0.1312825	0.0	0.054720145	0.105108716	0.0	0.0	0.13796861	0.0	0.0	0.0	0.0	0.0	0.17614335	0.0	0.0	0.0	0.0	0.32863328	0.0	0.15367474	0.0	0.18222094	0.0	0.3821737	0.13004762	0.14978111	0.11070633	0.0	0.0	0.0	0.2613052	0.0	0.0	0.22221178	0.0	0.0	0.32272735	0.1193512	0.0	0.0	0.0	0.0	0.0	0.023339408	0.37989697	0.0	0.29847443	0.24960387	0.0	0.19127603	0.0	0.0	0.0	0.0	0.0	0.4066173	0.0	0.0	0.054788098	0.5345741	0.0	0.76791644	0.0	0.0	0.0	0.23951368	0.25805724	0.0	0.0	0.0	0.0	0.0	0.0	0.41911855	0.0	0.0	0.0	0.18299973	0.0	0.0	0.0	0.37387696	0.4251022	0.0	0.4318714	0.0	0.0	0.21523201	0.0	0.2655646	0.0	0.0	0.0	0.0	0.0	0.0	0.0	0.20528185	0.0	0.45350263	0.053993627	0.0	0.15661712	0.0	0.0
0.0	0.26811588	0.0	0.15036863	0.0	0.0	0.26047352	0.0	0.0	0.0	0.0	0.0	0.0	0.0	0.45853505	0.0	0.5123728	0.0	0.0	0.29752436	0.0	0.0	0.0	0.12436209	0.0	0.057386067	0.086092584	0.0	0.0	0.15924199	0.0	0.0	0.0	0.0	0.0	0.14864427	0.0	0.0	0.0	0.0	0.31384897	0.0	0.1759721	0.0	0.18495928	0.0	0.39756083	0.12981464	0.16944279	0.123939045	0.0	0.0	0.0	0.24462204	0.0	0.0	0.24227238	0.0	0.0	0.30519268	0.10425702	0.0	0.0	0.0	0.0	0.0	0.020135354	0.38099125	0.0	0.30322483	0.22153826	0.0	0.23987316	0.0	0.0	0.0	0.0	0.0	0.3977765	0.0	0.0	0.05472893	0.53475493	0.0	0.80145836	0.0	0.0	0.0	0.23406534	0.26635447	0.0	0.0	0.0	0.0	0.0	0.0	0.42636833	0.0	0.0	0.0	0.20053719	0.0013378871	0.0	0.0	0.4044732	0.40561593	0.0	0.42851362	0.0	0.0	0.22959845	0.0	0.24011004	0.0	0.0	0.0	0.0	0.0	0.0	0.0	0.20014851	0.0	0.46058664	0.049744215	0.0	0.1418336	0.0	0.0
0.0	0.2897141	0.0	0.15981807	0.0	0.0	0.26073876	0.0	0.0	0.0	0.0	0.0	0.0	0.0	0.44970164	0.0	0.5173819	0.0	0.0	0.31332707	0.0	0.0	0.0	0.15298937	0.0	0.06438514	0.11842501	0.0	0.0	0.14497985	0.0	0.0	0.0	0.0	0.0	0.18934864	0.0	0.0	0.0	0.0	0.33628216	0.0	0.1788475	0.0	0.16346432	0.0	0.3964921	0.13997138	0.16351767	0.0937069	0.0	0.0	0.0	0.26383817	0.0	0.0	0.21093054	0.0	0.0	0.35134912	0.10784498	0.0	0.0	0.0	0.0	0.0	0.022128673	0.4030997	0.0	0.32672724	0.23278575	0.0	0.19553448	0.0	0.0	0.0	0.0	0.0	0.43383515	0.0	0.0	0.081012964	0.548949	0.0	0.82931083	0.0	0.0	0.0	0.23184015	0.2655822	0.0	0.0	0.0	0.0	0.0	0.0	0.47087646	0.0	0.0	0.0	0.17962503	0.011630586	0.0	0.0	0.3759311	0.45394802	0.0	0.44810033	0.0	0.0	0.2039252	0.0	0.2698569	0.0	0.0	0.0	0.0	0.0	0.0	0.0	0.2072377	0.0	0.47660628	0.04944251	0.0	0.1614023	0.0	0.0
0.0	0.28309307	0.0	0.15004815	0.0	0.0	0.26441696	0.0	0.0	0.0	0.0	0.0	0.0	0.0	0.41403317	0.0	0.5158615	0.0	0.0	0.29737857	0.0	0.0	0.0	0.1396202	0.0	0.07312066	0.11825516	0.0	0.0	0.15295602	0.0	0.0	0.0	0.0	0.0	0.18094985	0.0	0.0	0.0	0.0	0.33356404	0.0	0.1719219	0.0	0.16009381	0.0	0.37756154	0.13465519	0.15634905	0.10259596	0.0	0.0	0.0	0.24244606	0.0	0.0	0.1945876	0.0	0.0	0.3237162	0.11178828	0.0	0.0	0.0	0.0	0.0	0.02106875	0.38999048	0.0	0.31393433	0.24400596	0.0	0.20161329	0.0	0.0	0.0	0.0	0.0	0.4155004	0.0	0.0	0.06630201	0.5307798	0.0	0.7900794	0.00026236972	0.0	0.0	0.22394	0.2556494	0.0	0.0	0.0	0.0	0.0	0.0	0.45330724	0.0	0.0	0.0	0.18241511	0.005832194	0.0	0.0	0.38289645	0.44769236	0.0	0.4446431	0.0	0.0	0.21846096	0.0	0.26316717	0.0	0.0	0.0	0.0	0.0	0.0	0.0	0.20334361	0.0	0.4711416	0.056999337	0.0	0.15976457	0.0	0.0
0.0	0.2878891	0.0	0.1579085	0.0	0.0	0.2671007	0.0	0.0	0.0	0.0	0.0	0.0	0.0	0.4397854	0.0	0.52196586	0.0	0.0	0.30568346	0.0	0.0	0.0	0.13928764	0.0	0.081054844	0.11781665	0.0	0.0	0.15077662	0.0	0.0	0.0	0.0	0.0	0.16876948	0.0	0.0	0.0	0.0	0.3438942	0.0	0.17658503	0.0	0.15832599	0.0	0.37425694	0.13497175	0.17194384	0.10046694	0.0	0.0	0.0	0.24102785	0.0	0.0	0.19826995	0.0	0.0	0.33617887	0.117468596	0.0	0.0	0.0	0.0	0.0	0.019787293	0.40476522	0.0	0.31790188	0.22457993	0.0	0.20330949	0.0	0.0	0.0	0.0	0.0	0.41174832	0.0	0.0	0.07015363	0.5378805	0.0	0.80517316	0.0	0.0	0.0	0.2246387	0.24685629	0.0	0.0	0.0	0.0	0.0	0.0	0.4535226	0.0	0.0	0.0	0.18794858	0.009589928	0.0	0.0	0.37625682	0.44870916	0.0	0.44451776	0.0	0.0	0.20925224	0.0	0.25396857	0.0	0.0	0.0	0.0	0.0	0.0	0.0	0.1975805	0.0	0.46539664	0.06368556	0.0	0.1501121	0.0	0.0
0.0	0.2715673	0.0	0.15787597	0.0	0.0	0.2673566	0.0	0.0	0.0	0.0	0.0	0.0	0.0	0.4597769	0.0	0.5184069	0.0	0.0	0.29361486	0.0	0.0	0.0	0.1646641	0.0	0.027801529	0.12159899	0.0	0.0	0.1548018	0.0	0.0	0.0	0.0	0.0	0.17592783	0.0	0.0	0.0	0.0	0.31555876	0.0	0.17854945	0.0	0.16684443	0.0	0.40378413	0.13420504	0.14594036	0.088714875	0.0	0.0	0.0	0.2568807	0.0	0.0	0.19785906	0.0	0.0	0.35278717	0.11091832	0.0	0.0	0.0	0.0	0.0	0.024551662	0.39144936	0.0	0.3347205	0.2406979	0.0	0.20247151	0.0	0.0	0.0	0.0	0.0	0.43293616	0.0	0.0	0.0842255	0.5585057	0.0	0.7911671	0.0	0.0	0.0	0.24050236	0.28760687	0.0	0.0	0.0	0.0	0.0	0.0	0.46641394	0.0	0.0	0.0	0.19031046	0.0	0.0	0.0	0.38540277	0.4423453	0.0	0.44822958	0.0	0.0	0.2101621	0.0	0.26967716	0.0	0.0	0.0	0.0	0.0	0.0	0.0	0.21081924	0.0	0.47955325	0.029106932	0.0	0.16566467	0.0	0.0
0.0	0.28562066	0.0	0.14256382	0.0	0.0	0.27948374	0.0	0.0	0.0	0.0	0.0	0.0	0.0	0.48837566	0.0	0.51536256	0.0	0.0	0.3327383	0.0	0.0	0.0	0.17574358	0.0	0.05211155	0.09058368	0.0	0.0	0.15385789	0.0	0.0	0.0	0.0	0.0	0.17899413	0.0	0.0	0.0	0.0	0.31473336	0.0	0.2095701	0.0	0.18240209	0.0	0.40946898	0.14294223	0.14877887	0.11019502	0.0	0.0	0.0	0.265183	0.0	0.0	0.20244412	0.0	0.0	0.3227601	0.1051363	0.0	0.0	0.0	0.0	0.0	0.021974491	0.43292865	0.0	0.30397496	0.20818977	0.0	0.2328761	0.0	0.0	0.0	0.0	0.0	0.44653854	0.0	0.0	0.08932594	0.56013894	0.0	0.847882	0.0	0.0	0.0	0.21954203	0.25974706	0.0	0.0	0.0	0.0	0.0	0.0	0.48549208	0.0	0.0	0.0	0.18571441	0.009195126	0.0	0.0	0.40299097	0.43157193	0.0	0.446702	0.0	0.0	0.20583336	0.0	0.28224573	0.0	0.0	0.0	0.0	0.0	0.0	0.0	0.22545867	0.0	0.46949255	0.040342	0.0	0.17233174	0.0	0.0
0.0	0.28405413	0.0	0.15189926	0.0	0.0	0.25864193	0.0	0.0	0.0	0.0	0.0	0.0	0.0	0.3994439	0.0	0.49626985	0.0	0.0	0.29586443	0.0	0.0	0.0	0.14260776	0.0	0.053416926	0.09730669	0.0	0.0	0.14815713	0.0	0.0	0.0	0.0	0.0	0.17119746	0.0	0.0	0.0	0.0	0.3105164	0.0	0.16110027	0.0	0.1862876	0.0	0.37478462	0.12546252	0.1503017	0.11352348	0.0	0.0	0.0	0.24550526	0.0	0.0	0.20573647	0.0	0.0	0.32351223	0.118944585	0.0	0.0	0.0	0.0	0.0	0.023017526	0.3774303	0.0	0.30585217	0.24372058	0.0	0.18543355	0.0	0.0	0.0	0.0	0.0	0.40169668	0.0	0.0	0.04494774	0.54640365	0.0	0.75799966	0.0	0.0	0.0	0.23784368	0.24929726	0.0	0.0	0.0	0.0	0.0	0.0	0.43490848	0.0	0.0	0.0	0.18824114	0.0011669025	0.0	0.0	0.3764132	0.42219988	0.0	0.43312395	0.0	0.0	0.21909386	0.0	0.25773755	0.0	0.0	0.0	0.0	0.0	0.0	0.0	0.20312034	0.0	0.46848264	0.04374391	0.0	0.15498386	0.0	0.0
0.0	0.3045648	0.0	0.16289712	0.0	0.0	0.2611095	0.0	0.0	0.0	0.0	0.0	0.0	0.0	0.43666756	0.0	0.5229694	0.0	0.0	0.30522832	0.0	0.0	0.0	0.15562494	0.0	0.08854384	0.110898994	0.0	0.0	0.14423075	0.0	0.0	0.0	0.0	0.0	0.1747862	0.0	0.0	0.0	0.0	0.321546	0.0	0.18003996	0.0	0.16204703	0.0	0.37642333	0.16020298	0.17270865	0.11183107	0.0	0.0	0.0	0.23472857	0.0	0.0	0.1909589	0.0	0.0	0.33643854	0.11952413	0.0	0.0	0.0	0.0	0.0	0.028867103	0.3956417	0.0	0.323454	0.21950686	0.0	0.18628776	0.0	0.0	0.0	0.0	0.0	0.4057982	0.0	0.0	0.05321142	0.554867	0.0	0.80699176	0.0	0.0	0.0	0.21294828	0.23395663	0.0	0.0	0.0	0.0	0.0	0.0	0.46395025	0.0	0.0	0.0	0.18064809	0.027765328	0.0	0.0	0.36549625	0.44259188	0.0	0.45801795	0.0	0.0	0.20064795	0.0	0.25167152	0.0	0.0	0.0	0.0	0.0	0.0	0.0	0.1869992	0.0	0.48976088	0.055065393	0.0	0.15028952	0.0	0.0
0.0	0.28920484	0.0	0.15889782	0.0	0.0	0.26324117	0.0	0.0	0.0	0.0	0.0	0.0	0.0	0.44984913	0.0	0.51603216	0.0	0.0	0.3113841	0.0	0.0	0.0	0.14286716	0.0	0.06766354	0.11795479	0.0	0.0	0.15029946	0.0	0.0	0.0	0.0	0.0	0.17964064	0.0	0.0	0.0	0.0	0.34664187	0.0	0.17932697	0.0	0.16783573	0.0	0.3842901	0.13340665	0.16631867	0.093302794	0.0	0.0	0.0	0.2617459	0.0	0.0	0.20393403	0.0	0.0	0.34331772	0.109156765	0.0	0.0	0.0	0.0	0.0	0.013938413	0.40757087	0.0	0.32626137	0.24533516	0.0	0.19797802	0.0	0.0	0.0	0.0	0.0	0.4281306	0.0	0.0	0.07169435	0.5612201	0.0	0.821912	0.0	0.0	0.0	0.22303683	0.2540305	0.0	0.0	0.0	0.0	0.0	0.0	0.46047178	0.0	0.0	0.0	0.18523298	0.011894257	0.0	0.0	0.38089037	0.44037196	0.0	0.43937072	0.0	0.0	0.2107933	0.0	0.26279232	0.0	0.0	0.0	0.0	0.0	0.0	0.0	0.21700287	0.0	0.48036513	0.0587624	0.0	0.1616243	0.0	0.0
0.0	0.2640386	0.0	0.16019547	0.0	0.0	0.29883638	0.0	0.0	0.0	0.0	0.0	0.0	0.0	0.458001	0.0	0.4981492	0.0	0.0	0.2682736	0.0	0.0	0.0	0.18215756	0.0	0.014169388	0.09412304	0.0	0.0	0.14159428	0.0	0.0	0.0	0.0	0.0	0.1630214	0.0	0.0	0.0	0.0	0.27162877	0.0	0.1819892	0.0	0.21844359	0.0	0.39528084	0.16102523	0.11723525	0.15733923	0.0	0.0	0.0	0.26689383	0.0	0.0	0.21552439	0.0	0.0	0.328885	0.1359545	0.0	0.0	0.0	0.0	0.0	0.004836367	0.37989378	0.0	0.31740233	0.20851953	0.0	0.2178787	0.0	0.0	0.0	0.0	0.0	0.40915728	0.0	0.0	0.06559218	0.57225734	0.0	0.7206853	0.0	0.0	0.0	0.21983652	0.2633777	0.0	0.0	0.0	0.0	0.0	0.0	0.41241983	0.0	0.0	0.0	0.20989402	0.0	0.0	0.0	0.37947	0.39314803	0.0	0.4306539	0.0	0.0	0.20263423	0.0	0.27057272	0.0	0.0	0.0	0.0	0.0	0.0	0.0	0.21641092	0.0	0.46973565	0.038791027	0.0	0.16366108	0.0	0.0
0.0	0.25328198	0.0	0.17055869	0.0	0.0	0.30989107	0.0	0.0	0.0	0.0	0.0	0.0	0.0	0.4069505	0.0	0.5564539	0.0	0.0	0.23230088	0.0	0.0	0.0	0.22184165	0.0	0.11945465	0.14166456	0.0	0.0	0.11478559	0.0	0.0	0.0	0.0	0.0	0.132075	0.0	0.0	0.0	0.0	0.2426716	0.0	0.10947525	0.0	0.22543436	0.0	0.37109098	0.27779293	0.12025633	0.17696424	0.0	0.0	0.0	0.20141093	0.0	0.0	0.24683832	0.0	0.0	0.33627605	0.21741657	0.0	0.0	0.0	0.0	0.008906974	0.0978379	0.28456378	0.0	0.2904833	0.20791508	0.0063472055	0.18315363	0.0	0.0	0.0	0.0	0.0	0.2910178	0.0	0.0	0.049221482	0.4965079	0.0	0.5349419	0.0	0.0	0.0	0.17940283	0.30021477	0.0	0.0	0.0	0.0	0.0	0.0	0.32245556	0.0	0.0	0.0	0.2875645	0.044459444	0.0	0.0	0.34145352	0.31648865	0.0	0.40706775	0.0	0.0	0.18766987	0.0	0.23387128	0.0	0.0	0.0	0.0	0.0	0.0	0.0	0.17492442	0.0	0.5150934	0.058870766	0.0	0.17031924	0.0	0.0
0.0	0.2752152	0.0	0.18073499	0.0	0.0	0.304688	0.0	0.0	0.0	0.0	0.0	0.0	0.0	0.38823792	0.0	0.55452704	0.0	0.0	0.24385114	0.0	0.0	0.0	0.21524335	0.0	0.11958576	0.14483571	0.0	0.0	0.12361255	0.0	0.0	0.0	0.0	0.0	0.13775961	0.0	0.0	0.0	0.0	0.23811652	0.0	0.12255307	0.0	0.22495027	0.0	0.37244716	0.27159515	0.12831785	0.16680968	0.0	0.0	0.0	0.21353382	0.0	0.0	0.23731165	0.0	0.0	0.33681473	0.20958364	0.0	0.0	0.0	0.0	0.0	0.10355938	0.27797273	0.0	0.29659763	0.22157975	0.0049031735	0.17750095	0.0	0.0	0.0	0.0	0.0	0.30153254	0.0	0.0	0.07069745	0.5001586	0.0	0.5337606	0.0	0.0	0.0	0.19341834	0.2896615	0.0	0.0	0.0	0.0	0.0	0.0	0.33268252	0.0	0.0	0.0	0.25947306	0.03001918	0.0	0.0	0.33860373	0.31884357	0.0	0.4012364	0.0	0.0	0.19271214	0.0	0.23170906	0.0	0.0	0.0	0.0	0.0	0.0	0.0	0.17666984	0.0	0.53706676	0.055563103	0.0	0.16436994	0.0	0.0
0.0	0.28031012	0.0	0.16800447	0.0	0.0	0.2871088	0.0	0.0	0.0	0.0	0.0	0.0	0.0	0.36023352	0.0	0.52918744	0.0	0.0	0.24977906	0.0	0.0	0.0	0.20149004	0.0	0.1017285	0.122113384	0.0	0.0	0.1150159	0.0	0.0	0.0	0.0	0.0	0.13735515	0.0	0.0	0.0	0.0	0.2214973	0.0	0.12282106	0.0	0.247975	0.0	0.36461315	0.25467107	0.121373214	0.18625712	0.0	0.0	0.0	0.21663274	0.0	0.0	0.24096604	0.0	0.0	0.31963846	0.18828039	0.0	0.0	0.0	0.0	0.0	0.09491063	0.27431598	0.0	0.28175876	0.2266022	0.0	0.17836611	0.0	0.0	0.0	0.0	0.0	0.30679733	0.0	0.0	0.051391527	0.5005582	0.0	0.52596444	0.0	0.0	0.0	0.19169946	0.2786108	0.0	0.0	0.0	0.0	0.0	0.0	0.33182496	0.0	0.0	0.0	0.25260738	0.01291151	0.0	0.0	0.34521285	0.30346638	0.0	0.4009061	0.0	0.0	0.19682653	0.0	0.2232284	0.0	0.0	0.0	0.0	0.0	0.0	0.0	0.18229139	0.0	0.52714306	0.04671449	0.0	0.16445692	0.0	0.0
0.0	0.26137158	0.0	0.16782196	0.0	0.0	0.2870377	0.0	0.0	0.0	0.0	0.0	0.0	0.0	0.4079013	0.0	0.5366754	0.0	0.0	0.24205577	0.0	0.0	0.0	0.20132445	0.0	0.10765191	0.14641738	0.0	0.0	0.11595755	0.0	0.0	0.0	0.0	0.0	0.16311471	0.0	0.0	0.0	0.0	0.23004349	0.0	0.12551686	0.0	0.2096142	0.0	0.37900114	0.23676467	0.12594138	0.15028457	0.0	0.0	0.0	0.24694526	0.0	0.0	0.22651434	0.0	0.0	0.33907577	0.17443995	0.0	0.0	0.0	0.0	0.0	0.079491615	0.30421552	0.0	0.3030512	0.22958507	0.0	0.17649937	0.0	0.0	0.0	0.0	0.0	0.32356134	0.0	0.0	0.06409837	0.5108107	0.0	0.5898325	0.0	0.0	0.0	0.21695906	0.30347124	0.0	0.0	0.0	0.0	0.0	0.0	0.36170396	0.0	0.0	0.0	0.2462321	0.012450309	0.0	0.0	0.3488764	0.34068885	0.0	0.4138012	0.0	0.0	0.1996935	0.0	0.23843114	0.0	0.0	0.0	0.0	0.0	0.0	0.0	0.201581	0.0	0.50445443	0.050635178	0.0	0.16346432	0.0	0.0
0.0	0.27497482	0.0	0.16364618	0.0	0.0	0.264523	0.0	0.0	0.0	0.0	0.0	0.0	0.0	0.38129047	0.0	0.5114379	0.0	0.0	0.25163203	0.0	0.0	0.0	0.18487425	0.0	0.09371083	0.12958023	0.0	0.0	0.1114318	0.0	0.0	0.0	0.0	0.0	0.16850805	0.0	0.0	0.0	0.0	0.23201059	0.0	0.13186088	0.0	0.22269692	0.0	0.3716656	0.21073842	0.12879755	0.14890689	0.0	0.0	0.0	0.25218466	0.0	0.0	0.24268569	0.0	0.0	0.33152154	0.16186626	0.0	0.0	0.0	0.0	0.0	0.06544974	0.3103305	0.0	0.30148098	0.24889988	0.0	0.18082829	0.0	0.0	0.0	0.0	0.0	0.34121993	0.0	0.0	0.06267942	0.5222159	0.0	0.6008369	0.0	0.0	0.0	0.2169586	0.28877887	0.0	0.0	0.0	0.0	0.0	0.0	0.35742322	0.0	0.0	0.0	0.23627652	0.0032828462	0.0	0.0	0.3515481	0.34379116	0.0	0.4024575	0.0	0.0	0.20012899	0.0	0.23261036	0.0	0.0	0.0	0.0	0.0	0.0	0.0	0.20870729	0.0	0.4917508	0.043562833	0.0	0.16265865	0.0	0.0
0.0	0.27914596	0.0	0.16678225	0.0	0.0	0.27993375	0.0	0.0	0.0	0.0	0.0	0.0	0.0	0.35913143	0.0	0.5213982	0.0	0.0	0.24914438	0.0	0.0	0.0	0.19198895	0.0	0.098592974	0.119416654	0.0	0.0	0.110742025	0.0	0.0	0.0	0.0	0.0	0.14599498	0.0	0.0	0.0	0.0	0.22529101	0.0	0.124630235	0.0	0.2527974	0.0	0.37105012	0.24056141	0.12113419	0.16800265	0.0	0.0	0.0	0.23762648	0.0	0.0	0.24715841	0.0	0.0	0.3245074	0.18993111	0.0	0.0	0.0	0.0	0.0	0.083346225	0.2814687	0.0	0.28691253	0.23633449	0.0	0.17417161	0.0	0.0	0.0	0.0	0.0	0.3080537	0.0	0.0	0.045648385	0.5151774	0.0	0.5515104	0.0	0.0	0.0	0.20823632	0.2737123	0.0	0.0	0.0	0.0	0.0	0.0	0.33910194	0.0	0.0	0.0	0.24472582	0.004473032	0.0	0.0	0.34509408	0.32436252	0.0	0.39682892	0.0	0.0	0.20404418	0.0	0.23524873	0.0	0.0	0.0	0.0	0.0	0.0	0.0	0.19222076	0.0	0.5130978	0.044611383	0.0	0.16940232	0.0	0.0
0.0	0.2783137	0.0	0.16451623	0.0	0.0	0.2618271	0.0	0.0	0.0	0.0	0.0	0.0	0.0	0.3638238	0.0	0.51173717	0.0	0.0	0.254272	0.0	0.0	0.0	0.18748103	0.0	0.082680576	0.11606368	0.0	0.0	0.108759664	0.0	0.0	0.0	0.0	0.0	0.1628528	0.0	0.0	0.0	0.0	0.21608855	0.0	0.124478556	0.0	0.23297997	0.0	0.3782991	0.21963148	0.12625915	0.15139495	0.0	0.0	0.0	0.25112477	0.0	0.0	0.24210604	0.0	0.0	0.3172504	0.17873263	0.0	0.0	0.0	0.0	0.0	0.07122869	0.2912372	0.0	0.28694293	0.24778622	0.0	0.17764638	0.0	0.0	0.0	0.0	0.0	0.32349515	0.0	0.0	0.044874	0.51592237	0.0	0.5881309	0.0	0.0	0.0	0.22429486	0.28006703	0.0	0.0	0.0	0.0	0.0	0.0	0.35944757	0.0	0.0	0.0	0.23100466	0.0	0.0	0.0	0.34411922	0.34067228	0.0	0.40028468	0.0	0.0	0.20403929	0.0	0.23982792	0.0	0.0	0.0	0.0	0.0	0.0	0.0	0.20280962	0.0	0.49368796	0.04749848	0.0	0.16667302	0.0	0.0
0.0	0.28142583	0.0	0.17015426	0.0	0.0	0.281808	0.0	0.0	0.0	0.0	0.0	0.0	0.0	0.35434914	0.0	0.53122216	0.0	0.0	0.2557149	0.0	0.0	0.0	0.18599416	0.0	0.0962754	0.10950935	0.0	0.0	0.12088865	0.0	0.0	0.0	0.0	0.0	0.12634675	0.0	0.0	0.0	0.0	0.23429967	0.0	0.116822176	0.0	0.25838643	0.0	0.36126626	0.23106284	0.12406311	0.1704521	0.0	0.0	0.0	0.22190411	0.0	0.0	0.24722427	0.0	0.0	0.30197608	0.19188027	0.0	0.0	0.0	0.0	0.0	0.08066102	0.2822596	0.0	0.27095458	0.23492108	0.0	0.18451886	0.0	0.0	0.0	0.0	0.0	0.30014032	0.0	0.0	0.033036932	0.5072283	0.0	0.5369596	0.0	0.0	0.0	0.19179694	0.26520193	0.0	0.0	0.0	0.0	0.0	0.0	0.33451203	0.0	0.0	0.0	0.24686247	0.01714987	0.0	0.0	0.3589524	0.3061972	0.0	0.3927207	0.0	0.0	0.20357676	0.0	0.22016299	0.0	0.0	0.0	0.0	0.0	0.0	0.0	0.18612695	0.0	0.520426	0.050880298	0.0	0.1693759	0.0	0.0
0.0	0.27644855	0.0	0.17351548	0.0	0.0	0.28142798	0.0	0.0	0.0	0.0	0.0	0.0	0.0	0.37433353	0.0	0.5312894	0.0	0.0	0.26144403	0.0	0.0	0.0	0.20053487	0.0	0.10064044	0.12280363	0.0	0.0	0.11958779	0.0	0.0	0.0	0.0	0.0	0.14003013	0.0	0.0	0.0	0.0	0.23901899	0.0	0.122246124	0.0	0.24535461	0.0	0.37030157	0.23887849	0.13145752	0.1614642	0.0	0.0	0.0	0.22773696	0.0	0.0	0.24969928	0.0	0.0	0.31970108	0.18775414	0.0	0.0	0.0	0.0	0.0	0.07967823	0.28932524	0.0	0.28171733	0.23964149	0.0	0.1833541	0.0	0.0	0.0	0.0	0.0	0.3118355	0.0	0.0	0.0476955	0.50922805	0.0	0.56079143	0.0	0.0	0.0	0.19300444	0.27867594	0.0	0.0	0.0	0.0	0.0	0.0	0.34646535	0.0	0.0	0.0	0.25271285	0.014177888	0.0	0.0	0.3539435	0.31941506	0.0	0.39339194	0.0	0.0	0.19519843	0.0	0.22531651	0.0	0.0	0.0	0.0	0.0	0.0	0.0	0.19377424	0.0	0.5173735	0.05263975	0.0	0.17248397	0.0	0.0
0.0	0.26092738	0.0	0.16967054	0.0	0.0	0.29145163	0.0	0.0	0.0	0.0	0.0	0.0	0.0	0.364283	0.0	0.5325513	0.0	0.0	0.23211162	0.0	0.0	0.0	0.20125528	0.0	0.111021966	0.12661834	0.0	0.0	0.11228844	0.0	0.0	0.0	0.0	0.0	0.12945262	0.0	0.0	0.0	0.0	0.22956102	0.0	0.10441182	0.0	0.24078454	0.0	0.36047316	0.2713366	0.11899817	0.18989305	0.0	0.0	0.0	0.21224745	0.0	0.0	0.25348118	0.0	0.0	0.3183589	0.2177848	0.0	0.0	0.0	0.0	0.00046945238	0.106173195	0.26855972	0.0	0.2792438	0.20693319	0.0038686048	0.18881346	0.0	0.0	0.0	0.0	0.0	0.28045395	0.0	0.0	0.046913277	0.49175906	0.0	0.49471593	0.0	0.0	0.0	0.19261865	0.2752947	0.0	0.0	0.0	0.0	0.0	0.0	0.30846682	0.0	0.0	0.0	0.27036336	0.03237091	0.0	0.0	0.33488628	0.2997557	0.0	0.39436492	0.0	0.0	0.19657855	0.0	0.21807909	0.0	0.0	0.0	0.0	0.0	0.0	0.0	0.16649629	0.0	0.5096733	0.054672237	0.0	0.15611325	0.0	0.0
0.0	0.26315847	0.0	0.1657393	0.0	0.0	0.28939682	0.0	0.0	0.0	0.0	0.0	0.0	0.0	0.3811256	0.0	0.53513783	0.0	0.0	0.23819047	0.0	0.0	0.0	0.20481443	0.0	0.105101444	0.12733802	0.0	0.0	0.11110995	0.0	0.0	0.0	0.0	0.0	0.15167469	0.0	0.0	0.0	0.0	0.23046601	0.0	0.10637366	0.0	0.24139504	0.0	0.37769017	0.26384342	0.119837046	0.17705102	0.0	0.0	0.0	0.22265203	0.0	0.0	0.25693628	0.0	0.0	0.33057564	0.20913835	0.0	0.0	0.0	0.0	0.0	0.09577518	0.28363296	0.0	0.29178026	0.22181462	0.0031614813	0.175467	0.0	0.0	0.0	0.0	0.0	0.28526506	0.0	0.0	0.05023345	0.50724214	0.0	0.53303057	0.0	0.0	0.0	0.20154661	0.28718528	0.0	0.0	0.0	0.0	0.0	0.0	0.32194293	0.0	0.0	0.0	0.26887897	0.023570782	0.0	0.0	0.3363317	0.3159342	0.0	0.40165472	0.0	0.0	0.19359656	0.0	0.23847568	0.0	0.0	0.0	0.0	0.0	0.0	0.0	0.18346934	0.0	0.5093146	0.058884364	0.0	0.16672695	0.0	0.0
0.0	0.27710697	0.0	0.17142218	0.0	0.0	0.31805113	0.0	0.0	0.0	0.0	0.0	0.0	0.0	0.4080396	0.0	0.5539958	0.0	0.0	0.25260502	0.0	0.0	0.0	0.22458857	0.0	0.112767674	0.14153354	0.0	0.0	0.11729046	0.0	0.0	0.0	0.0	0.0	0.13346735	0.0	0.0	0.0	0.0	0.22392446	0.0	0.13359179	0.0	0.1870132	0.0	0.371259	0.28358996	0.122680604	0.16578537	0.0	0.0	0.0	0.2042625	0.0	0.0	0.19872998	0.0	0.0	0.33072045	0.20030904	0.0	0.0	0.0	0.0	0.0	0.088474624	0.29067707	0.0	0.29523158	0.20225139	0.009414438	0.18993598	0.0	0.0	0.0	0.0	0.0	0.32209724	0.0	0.0	0.0751277	0.48635927	0.0	0.5445346	0.0	0.0	0.0	0.18764508	0.30206645	0.0	0.0	0.0	0.0	0.0	0.0	0.34278366	0.0	0.0	0.0	0.26497903	0.014938717	0.0	0.0	0.33782172	0.32598016	0.0	0.40633345	0.0	0.0	0.20897739	0.0	0.22000068	0.0	0.0	0.0	0.0	0.0	0.0	0.0	0.17306323	0.0	0.5268678	0.05994347	0.0	0.16656835	0.0	0.0
0.0	0.2735555	0.0	0.15422915	0.0	0.0	0.26127172	0.0	0.0	0.0	0.0	0.0	0.0	0.0	0.36626458	0.0	0.50479496	0.0	0.0	0.25426245	0.0	0.0	0.0	0.18100281	0.0	0.08249647	0.11026151	0.0	0.0	0.103245	0.0	0.0	0.0	0.0	0.0	0.15778232	0.0	0.0	0.0	0.0	0.23468798	0.0	0.12159721	0.0	0.25010517	0.0	0.37171665	0.21662523	0.12724231	0.16334386	0.0	0.0	0.0	0.25718376	0.0	0.0	0.25166145	0.0	0.0	0.32066905	0.17113777	0.0	0.0	0.0	0.0	0.0	0.06253547	0.30281302	0.0	0.28628665	0.24618256	0.0	0.17642456	0.0	0.0	0.0	0.0	0.0	0.32523552	0.0	0.0	0.0378203	0.52765185	0.0	0.5852153	0.0	0.0	0.0	0.21514642	0.2720426	0.0	0.0	0.0	0.0	0.0	0.0	0.35183334	0.0	0.0	0.0	0.2350338	0.0	0.0	0.0	0.3531336	0.32737425	0.0	0.39597034	0.0	0.0	0.20641272	0.0	0.23357983	0.0	0.0	0.0	0.0	0.0	0.0	0.0	0.2127744	0.0	0.49052992	0.04460759	0.0	0.1659293	0.0	0.0
0.0	0.2637568	0.0	0.15687726	0.0	0.0	0.2745024	0.0	0.0	0.0	0.0	0.0	0.0	0.0	0.38763908	0.0	0.51721394	0.0	0.0	0.24999101	0.0	0.0	0.0	0.19679928	0.0	0.08661082	0.11488179	0.0	0.0	0.102283746	0.0	0.0	0.0	0.0	0.0	0.15687932	0.0	0.0	0.0	0.0	0.22559063	0.0	0.11768838	0.0	0.24049531	0.0	0.37644812	0.23232472	0.12613691	0.16821705	0.0	0.0	0.0	0.24502717	0.0	0.0	0.2482173	0.0	0.0	0.3243754	0.18374781	0.0	0.0	0.0	0.0	0.0	0.06652069	0.30283824	0.0	0.2874312	0.22687149	0.0	0.17829001	0.0	0.0	0.0	0.0	0.0	0.3155691	0.0	0.0	0.042142868	0.5220368	0.0	0.5761186	0.0	0.0	0.0	0.20980549	0.2837744	0.0	0.0	0.0	0.0	0.0	0.0	0.35063013	0.0	0.0	0.0	0.24486391	0.0	0.0	0.0	0.34702	0.32871488	0.0	0.40312123	0.0	0.0	0.2041477	0.0	0.2359881	0.0	0.0	0.0	0.0	0.0	0.0	0.0	0.2018487	0.0	0.4872745	0.0483942	0.0	0.1708231	0.0	0.0
0.0	0.269407	0.0	0.17537938	0.0	0.0	0.30742547	0.0	0.0	0.0	0.0	0.0	0.0	0.0	0.40746808	0.0	0.5519784	0.0	0.0	0.25844896	0.0	0.0	0.0	0.22004865	0.0	0.11089813	0.14109682	0.0	0.0	0.11916753	0.0	0.0	0.0	0.0	0.0	0.13899606	0.0	0.0	0.0	0.0	0.23260273	0.0	0.12835507	0.0	0.211169	0.0	0.3681785	0.26389554	0.13199702	0.16341506	0.0	0.0	0.0	0.21315469	0.0	0.0	0.22116525	0.0	0.0	0.33106884	0.1985441	0.0	0.0	0.0	0.0	0.0	0.08831986	0.29033533	0.0	0.2956455	0.21219222	0.002334186	0.1843551	0.0	0.0	0.0	0.0	0.0	0.31248027	0.0	0.0	0.060780287	0.49795786	0.0	0.5566105	0.0	0.0	0.0	0.1853807	0.29690942	0.0	0.0	0.0	0.0	0.0	0.0	0.35333562	0.0	0.0	0.0	0.2604091	0.016073229	0.0	0.0	0.3395939	0.32872614	0.0	0.40049282	0.0	0.0	0.20121396	0.0	0.22025102	0.0	0.0	0.0	0.0	0.0	0.0	0.0	0.18358259	0.0	0.52205086	0.058868516	0.0	0.17078967	0.0	0.0
0.0	0.26834175	0.0	0.17590387	0.0	0.0	0.29300237	0.0	0.0	0.0	0.0	0.0	0.0	0.0	0.3601325	0.0	0.5428745	0.0	0.0	0.23207419	0.0	0.0	0.0	0.18499084	0.0	0.109502755	0.1297379	0.0	0.0	0.13225819	0.0	0.0	0.0	0.0	0.0	0.11243844	0.0	0.0	0.0	0.0	0.21285908	0.0	0.11680778	0.0	0.22753751	0.0	0.35224771	0.23448662	0.1327224	0.17215778	0.0	0.0	0.0	0.24158561	0.0	0.0	0.2316733	0.0	0.0	0.30099085	0.19630535	0.0	0.0	0.0	0.0	0.0	0.09892825	0.2766014	0.0	0.28037888	0.23134315	0.0	0.20763992	0.0019918324	0.0	0.0	0.0	0.0	0.30528104	0.0	0.0	0.038792532	0.48987404	0.0	0.5257512	0.0	0.0	0.0	0.20200686	0.26586327	0.0	0.0	0.0	0.0	0.0	0.0	0.33889446	0.0	0.0	0.0	0.24558799	0.011694639	0.0	0.0	0.34531793	0.31276974	0.0	0.3703699	0.0	0.0	0.20972143	0.0	0.20424931	0.0	0.0	0.0	0.0	0.0	0.0	0.0	0.20644061	0.0	0.5156307	0.06116188	0.0	0.16265346	0.0	0.0
0.0	0.26675594	0.0	0.16628134	0.0	0.0	0.27886513	0.0	0.0	0.0	0.0	0.0	0.0	0.0	0.38168982	0.0	0.5267779	0.0	0.0	0.24824245	0.0	0.0	0.0	0.20092316	0.0	0.093595065	0.13153826	0.0	0.0	0.11284091	0.0	0.0	0.0	0.0	0.0	0.1516545	0.0	0.0	0.0	0.0	0.21892051	0.0	0.121272385	0.0	0.22034605	0.0	0.37676868	0.2444147	0.12490239	0.16234994	0.0	0.0	0.0	0.23046856	0.0	0.0	0.23145342	0.0	0.0	0.32544217	0.19070883	0.0	0.0	0.0	0.0	0.0	0.08852606	0.28973782	0.0	0.2891529	0.22944248	0.00404623	0.17963676	0.0	0.0	0.0	0.0	0.0	0.30651528	0.0	0.0	0.049635496	0.50437295	0.0	0.55928606	0.0	0.0	0.0	0.20520516	0.2923304	0.0	0.0	0.0	0.0	0.0	0.0	0.3533853	0.0	0.0	0.0	0.25006917	0.0062149963	0.0	0.0	0.34638965	0.3325365	0.0	0.40995535	0.0	0.0	0.19915111	0.0	0.23016329	0.0	0.0	0.0	0.0	0.0	0.0	0.0	0.1887877	0.0	0.5060026	0.054815035	0.0	0.17037076	0.0	0.0
0.0	0.2628132	0.0	0.14675699	0.0	0.0	0.27287623	0.0	0.0	0.0	0.0	0.0	0.0	0.0	0.37119088	0.0	0.5090007	0.0	0.0	0.23553038	0.0	0.0	0.0	0.185142	0.0	0.0816619	0.114569806	0.0	0.0	0.100000896	0.0	0.0	0.0	0.0	0.0	0.15952717	0.0	0.0	0.0	0.0	0.20878534	0.0	0.11313483	0.0	0.2353251	0.0	0.38119915	0.24574876	0.1102654	0.18798387	0.0	0.0	0.0	0.24357142	0.0	0.0	0.25664002	0.0	0.0	0.32072774	0.18827915	0.0	0.0	0.0	0.0	0.0	0.07938319	0.29508072	0.0	0.28993067	0.23623025	0.0	0.18719846	0.0	0.0	0.0	0.0	0.0	0.29985455	0.0	0.0	0.038425375	0.5161863	0.0	0.54714894	0.0	0.0	0.0	0.21693496	0.2763319	0.0	0.0	0.0	0.0	0.0	0.0	0.3262254	0.0	0.0	0.0	0.25702566	0.0017961873	0.0	0.0	0.34347296	0.3197141	0.0	0.4022481	0.0	0.0	0.19742207	0.0	0.24100061	0.0	0.0	0.0	0.0	0.0	0.0	0.0	0.19449508	0.0	0.48789504	0.05353083	0.0	0.16040312	0.0	0.0
0.0	0.2706195	0.0	0.16321717	0.0	0.0	0.27570707	0.0	0.0	0.0	0.0	0.0	0.0	0.0	0.37831077	0.0	0.51966894	0.0	0.0	0.25828472	0.0	0.0	0.0	0.18882114	0.0	0.08760955	0.12148202	0.0	0.0	0.10874689	0.0	0.0	0.0	0.0	0.0	0.15192652	0.0	0.0	0.0	0.0	0.22486536	0.0	0.12791412	0.0	0.23703027	0.0	0.37543094	0.22917293	0.12521508	0.15803678	0.0	0.0	0.0	0.24344374	0.0	0.0	0.24266972	0.0	0.0	0.3262009	0.17630869	0.0	0.0	0.0	0.0	0.0	0.07357258	0.29682896	0.0	0.28707665	0.23767088	0.0	0.1762973	0.0	0.0	0.0	0.0	0.0	0.31783333	0.0	0.0	0.04438688	0.5136776	0.0	0.57725364	0.0	0.0	0.0	0.20614879	0.28169394	0.0	0.0	0.0	0.0	0.0	0.0	0.3566078	0.0	0.0	0.0	0.24062164	0.0	0.0	0.0	0.35022166	0.33488894	0.0	0.40351793	0.0	0.0	0.21012397	0.0	0.23542748	0.0	0.0	0.0	0.0	0.0	0.0	0.0	0.1978724	0.0	0.49755576	0.043830305	0.0	0.16797948	0.0	0.0
0.0	0.26716843	0.0	0.18069482	0.0	0.0	0.32066473	0.0	0.0	0.0	0.0	0.0	0.0	0.0	0.43245825	0.0	0.5748052	0.0	0.0	0.25094965	0.0	0.0	0.0	0.23474729	0.0	0.12907052	0.17054693	0.0	0.0	0.12673162	0.0	0.0	0.0	0.0	0.0	0.14216447	0.0	0.0	0.0	0.0	0.24385934	0.0	0.13484442	0.0	0.18844895	0.0	0.37485576	0.28934667	0.12652962	0.16217822	0.0	0.0	0.0	0.20855321	0.0	0.0	0.20691584	0.0	0.0	0.34797743	0.20234549	0.0	0.0	0.0	0.0	0.00047058487	0.10755395	0.29259905	0.0	0.31116942	0.20498292	0.012913219	0.18325615	0.0	0.0	0.0	0.0	0.0	0.31836283	0.0	0.0	0.089266814	0.49293742	0.0	0.55041546	0.0	0.0	0.0	0.17855006	0.31204954	0.0	0.0	0.0	0.0	0.0	0.0	0.34424797	0.0	0.0	0.0	0.2762154	0.02759642	0.0	0.0	0.33883175	0.32796273	0.0	0.40731677	0.0	0.0	0.18735246	0.0	0.22525729	0.0	0.0	0.0	0.0	0.0	0.0	0.0	0.17436516	0.0	0.5405999	0.06511507	0.0	0.1663793	0.0	0.0
0.0	0.28698602	0.0	0.18274777	0.0	0.0	0.32148078	0.0	0.0	0.0	0.0	0.0	0.0	0.0	0.39815667	0.0	0.5741866	0.0	0.01633747	0.24438132	0.0	0.0	0.0	0.22741495	0.0	0.13383017	0.15237913	0.0	0.0	0.13149	0.0	0.0	0.0	0.0	0.0	0.13554315	0.0	0.0	0.0	0.0	0.22682154	0.0	0.116078146	0.0	0.22947426	0.0	0.35741496	0.29925004	0.12202263	0.17372811	0.0	0.0	0.0	0.19841564	0.0	0.0	0.23955959	0.0	0.0	0.3324199	0.2266476	3.958121e-05	0.0	0.0	0.0	0.008725033	0.13219137	0.26303962	0.0	0.2880126	0.20861797	0.008030354	0.17459188	0.0	0.0	0.0	0.0	0.0	0.28044543	0.0	0.0	0.0742937	0.48212925	0.0	0.51399606	0.0	0.0	0.0	0.17649038	0.28960022	0.0	0.0	0.0	0.0	0.0	0.0	0.32093063	0.0	0.0	0.0	0.28343025	0.054773588	0.0	0.0	0.3259483	0.32101873	0.0	0.38242674	0.0	0.0	0.18700387	0.0	0.23335485	0.0	0.0	0.0	0.0	0.0	0.0	0.0	0.17476468	0.0	0.5558441	0.0653724	0.0	0.16739945	0.0	0.0
0.0	0.28327066	0.0	0.17068577	0.0	0.0	0.28803352	0.0	0.0	0.0	0.0	0.0	0.0	0.0	0.34874606	0.0	0.5323173	0.0	0.0	0.25094283	0.0	0.0	0.0	0.19241978	0.0	0.099915035	0.11669526	0.0	0.0	0.121242784	0.0	0.0	0.0	0.0	0.0	0.123512514	0.0	0.0	0.0	0.0	0.23793167	0.0	0.11537715	0.0	0.258219	0.0	0.36237606	0.2497015	0.1201081	0.18038173	0.0	0.0	0.0	0.21235937	0.0	0.0	0.25430173	0.0	0.0	0.3124998	0.20422481	0.0	0.0	0.0	0.0	0.0	0.08773002	0.27288422	0.0	0.27512833	0.22915249	0.0	0.18709321	0.0	0.0	0.0	0.0	0.0	0.29868758	0.0	0.0	0.04022169	0.50309527	0.0	0.5193015	0.0	0.0	0.0	0.18546401	0.26807177	0.0	0.0	0.0	0.0	0.0	0.0	0.3217782	0.0	0.0	0.0	0.25795195	0.023279825	0.0	0.0	0.35248843	0.30843806	0.0	0.38497368	0.0	0.0	0.19433127	0.0	0.2225448	0.0	0.0	0.0	0.0	0.0	0.0	0.0	0.17787223	0.0	0.52157426	0.05149558	0.0	0.16599835	0.0	0.0
0.0	0.26995227	0.0	0.15789914	0.0	0.0	0.27259	0.0	0.0	0.0	0.0	0.0	0.0	0.0	0.35900298	0.0	0.52045876	0.0	0.0	0.24096914	0.0	0.0	0.0	0.19527869	0.0	0.09999225	0.11990827	0.0	0.0	0.10537541	0.0	0.0	0.0	0.0	0.0	0.15533006	0.0	0.0	0.0	0.0	0.22162853	0.0	0.10688562	0.0	0.24781007	0.0	0.37203312	0.24006791	0.122775294	0.18178447	0.0	0.0	0.0	0.2348097	0.0	0.0	0.25955698	0.0	0.0	0.32002148	0.18965518	0.0	0.0	0.0	0.0	0.0	0.08301241	0.2848197	0.0	0.28039703	0.23590928	0.0	0.18371908	0.0	0.0	0.0	0.0	0.0	0.3059437	0.0	0.0	0.045936067	0.510904	0.0	0.5336695	0.0	0.0	0.0	0.20695592	0.27874494	0.0	0.0	0.0	0.0	0.0	0.0	0.32552776	0.0	0.0	0.0	0.2555383	0.008369311	0.0	0.0	0.3439195	0.31723356	0.0	0.3929805	0.0	0.0	0.19504006	0.0	0.22917761	0.0	0.0	0.0	0.0	0.0	0.0	0.0	0.19485502	0.0	0.5014909	0.046590626	0.0	0.15874882	0.0	0.0
0.0	0.26776886	0.0	0.17181455	0.0	0.0	0.2804971	0.0	0.0	0.0	0.0	0.0	0.0	0.0	0.37377515	0.0	0.52979237	0.0	0.0	0.2434715	0.0	0.0	0.0	0.19863246	0.0	0.103362195	0.13394387	0.0	0.0	0.11668386	0.0	0.0	0.0	0.0	0.0	0.14290448	0.0	0.0	0.0	0.0	0.2293968	0.0	0.11878488	0.0	0.21801417	0.0	0.3688027	0.24351454	0.12839457	0.162364	0.0	0.0	0.0	0.2326212	0.0	0.0	0.2389011	0.0	0.0	0.3252956	0.19043271	0.0	0.0	0.0	0.0	0.0	0.086136125	0.2868091	0.0	0.28585553	0.22788054	0.0	0.18877001	0.0	0.0	0.0	0.0	0.0	0.3159205	0.0	0.0	0.056759566	0.4990368	0.0	0.54503757	0.0	0.0	0.0	0.19727398	0.28567192	0.0	0.0	0.0	0.0	0.0	0.0	0.33935067	0.0	0.0	0.0	0.25272053	0.013881662	0.0	0.0	0.34699142	0.3206025	0.0	0.39264643	0.0	0.0	0.19133036	0.0	0.22347295	0.0	0.0	0.0	0.0	0.0	0.0	0.0	0.18814547	0.0	0.5053165	0.051570635	0.0	0.16253364	0.0	0.0
0.0	0.27524468	0.0	0.18907432	0.0	0.0	0.31634852	0.0	0.0	0.0	0.0	0.0	0.0	0.0	0.41858602	0.0	0.57717466	0.0	0.0022674613	0.23808669	0.0	0.0	0.0	0.2478952	0.0	0.1383314	0.17677437	0.0	0.0	0.117537856	0.0	0.0	0.0	0.0	0.0	0.142343	0.0	0.0	0.0	0.0	0.2297411	0.0	0.1393782	0.0	0.18568273	0.0	0.3601499	0.3058951	0.14028078	0.17979895	0.0	0.0	0.0	0.19800608	0.0	0.0	0.21310364	0.0	0.0	0.34900907	0.21700637	0.0	0.0	0.0	0.0	0.013300077	0.118169494	0.2815781	0.0	0.3087197	0.19884437	0.012588904	0.18748176	0.0	0.0	0.0	0.0	0.0	0.30998275	0.0	0.0	0.09575608	0.47967014	0.0	0.5336103	0.0	0.0	0.0	0.16838646	0.31030604	0.0	0.0	0.0	0.0	0.0	0.0	0.34526038	0.0	0.0	0.0	0.2756596	0.04977424	0.0	0.0	0.33037466	0.33730587	0.0	0.40435138	0.0	0.0	0.18430929	0.0	0.22450317	0.0	0.0	0.0	0.0	0.0	0.0	0.0	0.17509156	0.0	0.54933023	0.06292857	0.0	0.16539446	0.0	0.0
0.0	0.27890703	0.0	0.17214149	0.0	0.0	0.3197026	0.0	0.0	0.0	0.0	0.0	0.0	0.0	0.36777616	0.0	0.5538914	0.0	0.0	0.2343352	0.0	0.0	0.0	0.21035337	0.0	0.101195835	0.11610639	0.0	0.0	0.11281059	0.0	0.0	0.0	0.0	0.0	0.11292893	0.0	0.0	0.0	0.0	0.2295339	0.0	0.09983516	0.0	0.24938793	0.0	0.37957463	0.27672806	0.109618425	0.18219858	0.0	0.0	0.0	0.18651223	0.0	0.0	0.2436279	0.0	0.0	0.3081944	0.22173208	0.0	0.0	0.0	0.0	0.0	0.09659258	0.26581183	0.0	0.26771733	0.2062697	0.006461838	0.17637916	0.0	0.0	0.0	0.0	0.0	0.2823152	0.0	0.0	0.041958574	0.4804636	0.0	0.50919837	0.0	0.0	0.0	0.1785926	0.28910786	0.0	0.0	0.0	0.0	0.0	0.0	0.30487362	0.0	0.0	0.0	0.28135714	0.0304043	0.0	0.0	0.34036908	0.29597548	0.0	0.40229842	0.0	0.0	0.19475295	0.0	0.23735094	0.0	0.0	0.0	0.0	0.0	0.0	0.0	0.1532747	0.0	0.526906	0.052604463	0.0	0.177302	0.0	0.0
0.0	0.2915711	0.0	0.17746945	0.0	0.0	0.3199978	0.0	0.0	0.0	0.0	0.0	0.0	0.0	0.345232	0.0	0.55463046	0.0	0.0	0.23544276	0.0	0.0	0.0	0.21017687	0.0	0.09934047	0.10396155	0.0	0.0	0.112956665	0.0	0.0	0.0	0.0	0.0	0.10807476	0.0	0.0	0.0	0.0	0.21332581	0.0	0.086750306	0.0	0.2716951	0.0	0.38338304	0.28390217	0.113157056	0.18775044	0.0	0.0	0.0	0.18636735	0.0	0.0	0.24797493	0.0	0.0	0.2962219	0.23053432	0.0	0.0	0.0	0.0	0.0	0.11265961	0.24812765	0.0	0.25482583	0.2130996	0.004008759	0.16980761	0.0	0.0	0.0	0.0	0.0	0.26496565	0.0	0.0	0.041263223	0.47380415	0.0	0.47849476	0.0	0.0	0.0	0.19392736	0.28015903	0.0	0.0	0.0	0.0	0.0	0.0	0.30208266	0.0	0.0	0.0	0.2759397	0.028330082	0.0	0.0	0.3319814	0.28135037	0.0	0.39318225	0.0	0.0	0.19908296	0.0	0.23915136	0.0	0.0	0.0	0.0	0.0	0.0	0.0	0.15220343	0.0	0.54326373	0.051409543	0.0	0.18018441	0.0	0.0
0.0	0.277311	0.0	0.17452188	0.0	0.0	0.30894044	0.0	0.0	0.0	0.0	0.0	0.0	0.0	0.34562087	0.0	0.5416227	0.0	0.0	0.22440071	0.0	0.0	0.0	0.20298713	0.0	0.09715744	0.12044388	0.0	0.0	0.10979792	0.0	0.0	0.0	0.0	0.0	0.111804225	0.0	0.0	0.0	0.0	0.21531636	0.0	0.094350874	0.0	0.24509059	0.0	0.37668505	0.27469704	0.11170026	0.18475018	0.0	0.0	0.0	0.19258933	0.0	0.0	0.2395906	0.0	0.0	0.29804203	0.2256052	0.0	0.0	0.0	0.0	0.0	0.11238548	0.2522398	0.0	0.26616755	0.20680131	0.0046291524	0.17803554	0.0	0.0	0.0	0.0	0.0	0.27589965	0.0	0.0	0.04985441	0.46953276	0.0	0.48453507	0.0	0.0	0.0	0.1963567	0.2833853	0.0	0.0	0.0	0.0	0.0	0.0	0.29207692	0.0	0.0	0.0	0.27401012	0.020605946	0.0	0.0	0.33106312	0.2868969	0.0	0.39650837	0.0	0.0	0.19504203	0.0	0.23196165	0.0	0.0	0.0	0.0	0.0	0.0	0.0	0.15242158	0.0	0.5249199	0.054200593	0.0	0.1673042	0.0	0.0
0.0	0.28030536	0.0	0.09944314	0.0	0.0	0.23460913	0.0	0.0	0.0	0.0	0.0	0.0	0.0	0.19518282	0.0	0.41950276	0.0	0.0	0.1824481	0.0	0.0	0.0	0.12889065	0.0	0.02144248	0.0	0.0	0.0	0.046756923	0.0173664	0.0	0.0	0.0	0.0	0.13162012	0.0	0.0	0.0	0.0	0.21404643	0.0	0.012579915	0.0	0.43940568	0.0	0.3606957	0.24250674	0.0955274	0.31610906	0.0	0.0	0.0	0.19282854	0.0037560456	0.0	0.42287406	0.0	0.0	0.21584499	0.29296687	0.0	0.0	0.0	0.0	0.0	0.08064209	0.23797113	0.0	0.14742224	0.17654179	0.0	0.20782895	0.0	0.0	0.0	0.0	0.0	0.14633106	0.0	0.0	0.0	0.49134246	0.0	0.32395485	0.0	0.021813557	0.0	0.19102414	0.12523812	0.0	0.0	0.0	0.0	0.0	0.0	0.14193313	0.0	0.0	0.0	0.25611317	0.048462093	0.0	0.0	0.3119201	0.18765698	0.0	0.32171473	0.0	0.0	0.16728969	0.0	0.25803244	0.0	0.0	0.0	0.0	0.0	0.0	0.0	0.13138922	0.0	0.43411484	0.045045406	0.0	0.14428146	0.0	0.0
0.0	0.24897783	0.0	0.14342923	0.0	0.0	0.33964983	0.0	0.0	0.0	0.0	0.0	0.0	0.0	0.39342403	0.0	0.55611295	0.0	0.0	0.2041353	0.0	0.0	0.0	0.2271909	0.0	0.1015338	0.09968438	0.0	0.0	0.087802045	0.0	0.0	0.0	0.0	0.0	0.13804199	0.0	0.0	0.0	0.0	0.20548558	0.0	0.07408468	0.0	0.27915028	0.0	0.39922187	0.32124645	0.105019934	0.2316124	0.0	0.0	0.0	0.19276036	0.0	0.0	0.25750926	0.0	0.0	0.31230852	0.2529462	0.0	0.0	0.0	0.0	0.0	0.098591365	0.2671298	0.0	0.26994368	0.1769803	0.00027611727	0.18054664	0.0	0.0	0.0	0.0	0.0	0.24254782	0.0	0.0	0.05408437	0.4965733	0.0	0.46871683	0.0	0.0	0.0	0.2186579	0.289124	0.0	0.0	0.0	0.0	0.0	0.0	0.27119675	0.0	0.0	0.0	0.29318056	0.025129423	0.0	0.0	0.3072901	0.2746439	0.0	0.4163003	0.0	0.0	0.19448876	0.0	0.26851472	0.0	0.0	0.0	0.0	0.0	0.0	0.0	0.17234401	0.0	0.5132807	0.06501716	0.0	0.15591155	0.0	0.0
0.0	0.28845933	0.0	0.18497686	0.0	0.0	0.3353318	0.0	0.0	0.0	0.0	0.0	0.0	0.0	0.36917543	0.0	0.5707211	0.0	0.0	0.23892325	0.0	0.0	0.0	0.22534434	0.0	0.1075119	0.12064888	0.0	0.0	0.11391286	0.0	0.0	0.0	0.0	0.0	0.1138433	0.0	0.0	0.0	0.0	0.21393795	0.0	0.092682034	0.0	0.2557221	0.0	0.38850436	0.30174682	0.11571559	0.1856008	0.0	0.0	0.0	0.1822378	0.0	0.0	0.23303269	0.0	0.0	0.30815506	0.23467894	0.0	0.0	0.0	0.0	0.0	0.12074707	0.2492335	0.0	0.2687068	0.2013191	0.00865804	0.16452266	0.0	0.0	0.0	0.0	0.0	0.26692095	0.0	0.0	0.054886863	0.4678018	0.0	0.48855653	0.0	0.0	0.0	0.19417673	0.2924284	0.0	0.0	0.0	0.0	0.0	0.0	0.30763736	0.0	0.0	0.0	0.2796323	0.027428567	0.0	0.0	0.3231614	0.288137	0.0	0.40166187	0.0	0.0	0.20011704	0.0	0.24589562	0.0	0.0	0.0	0.0	0.0	0.0	0.0	0.1487556	0.0	0.55394334	0.059197202	0.0	0.1780581	0.0	0.0
0.0	0.271239	0.0	0.17334603	0.0	0.0	0.31897685	0.0	0.0	0.0	0.0	0.0	0.0	0.0	0.38171563	0.0	0.5559363	0.0	0.0	0.23449437	0.0	0.0	0.0	0.22214238	0.0	0.106512964	0.122980654	0.0	0.0	0.1104975	0.0	0.0	0.0	0.0	0.0	0.12217328	0.0	0.0	0.0	0.0	0.22496854	0.0	0.103085876	0.0	0.24421932	0.0	0.38109696	0.27581415	0.11902288	0.17463242	0.0	0.0	0.0	0.19890074	0.0	0.0	0.23580186	0.0	0.0	0.31764832	0.21962762	0.0	0.0	0.0	0.0	0.0	0.097001396	0.2715063	0.0	0.2755865	0.21161331	0.0050038896	0.17286372	0.0	0.0	0.0	0.0	0.0	0.28370997	0.0	0.0	0.045135546	0.4849871	0.0	0.52141446	0.0	0.0	0.0	0.19401121	0.29595163	0.0	0.0	0.0	0.0	0.0	0.0	0.32198212	0.0	0.0	0.0	0.2764524	0.024454793	0.0	0.0	0.33529082	0.30316946	0.0	0.40520433	0.0	0.0	0.19958787	0.0	0.23968601	0.0	0.0	0.0	0.0	0.0	0.0	0.0	0.16698897	0.0	0.5289692	0.053460214	0.0	0.18148537	0.0	0.0
0.0	0.28699487	0.0	0.17758386	0.0	0.0	0.3223706	0.0	0.0	0.0	0.0	0.0	0.0	0.0	0.34650263	0.0	0.55679035	0.0	0.0	0.22834457	0.0	0.0	0.0	0.20561393	0.0	0.09968839	0.11064044	0.0	0.0	0.111057825	0.0	0.0	0.0	0.0	0.0	0.1083287	0.0	0.0	0.0	0.0	0.2044241	0.0	0.08644948	0.0	0.26947477	0.0	0.3878754	0.29600093	0.10502688	0.19018699	0.0	0.0	0.0	0.1831249	0.0	0.0	0.24138826	0.0	0.0	0.2927784	0.23116763	0.0	0.0	0.0	0.0	0.0	0.12284082	0.24221827	0.0	0.25623223	0.20161133	0.006798497	0.16360997	0.0	0.0	0.0	0.0	0.0	0.2567679	0.0	0.0	0.04570596	0.4616737	0.0	0.47097278	0.0	0.0	0.0	0.20130952	0.28330025	0.0	0.0	0.0	0.0	0.0	0.0	0.29225782	0.0	0.0	0.0	0.27819607	0.02483449	0.0	0.0	0.32255054	0.2752526	0.0	0.40162334	0.0	0.0	0.20236969	0.0	0.24389149	0.0	0.0	0.0	0.0	0.0	0.0	0.0	0.14479925	0.0	0.54489285	0.053262413	0.0	0.1767466	0.0	0.0
0.0	0.28152362	0.0	0.18276356	0.0	0.0	0.33023724	0.0	0.0	0.0	0.0	0.0	0.0	0.0	0.36084762	0.0	0.56738275	0.0	0.0	0.23028643	0.0	0.0	0.0	0.22135137	0.0	0.09677266	0.118976176	0.0	0.0	0.11721427	0.0	0.0	0.0	0.0	0.0	0.120825075	0.0	0.0	0.0	0.0	0.20711577	0.0	0.088101335	0.0	0.26003978	0.0	0.39472303	0.3001879	0.11304098	0.18306363	0.0	0.0	0.0	0.18880183	0.0	0.0	0.22757594	0.0	0.0	0.31050625	0.23472758	0.0	0.0	0.0	0.0	0.0	0.12252369	0.25014135	0.0	0.27052048	0.20292686	0.009020553	0.15452199	0.0	0.0	0.0	0.0	0.0	0.2602233	0.0	0.0	0.047847718	0.4763042	0.0	0.49103412	0.0	0.0	0.0	0.2096066	0.29020146	0.0	0.0	0.0	0.0	0.0	0.0	0.30961788	0.0	0.0	0.0	0.2764108	0.024989523	0.0	0.0	0.32034966	0.29152516	0.0	0.41226807	0.0	0.0	0.19845195	0.0	0.25658682	0.0	0.0	0.0	0.0	0.0	0.0	0.0	0.15176077	0.0	0.5546505	0.056546066	0.0	0.18504654	0.0	0.0
0.0	0.28094503	0.0	0.17814957	0.0	0.0	0.32557896	0.0	0.0	0.0	0.0	0.0	0.0	0.0	0.3550739	0.0	0.5565823	0.0	0.0	0.22128785	0.0	0.0	0.0	0.217128	0.0	0.101746716	0.1162891	0.0	0.0	0.10429146	0.0	0.0	0.0	0.0	0.0	0.12420214	0.0	0.0	0.0	0.0	0.20833683	0.0	0.08199843	0.0	0.27683344	0.0	0.39364803	0.30663702	0.106532715	0.19820969	0.0	0.0	0.0	0.19215798	0.0	0.0	0.25331166	0.0	0.0	0.30586419	0.24586792	0.0	0.0	0.0	0.0	0.0	0.12577428	0.24024515	0.0	0.26526245	0.20115657	0.006212674	0.1527651	0.0	0.0	0.0	0.0	0.0	0.24623317	0.0	0.0	0.041232973	0.47960386	0.0	0.4690386	0.0	0.0	0.0	0.20558971	0.28471604	0.0	0.0	0.0	0.0	0.0	0.0	0.2884275	0.0	0.0	0.0	0.27834404	0.029005617	0.0	0.0	0.31718636	0.27682102	0.0	0.41219988	0.0	0.0	0.19963825	0.0	0.25930515	0.0	0.0	0.0	0.0	0.0	0.0	0.0	0.14784665	0.0	0.5442661	0.050019536	0.0	0.17659783	0.0	0.0
0.0	0.2619151	0.0	0.17836143	0.0	0.0	0.34360886	0.0	0.0	0.0	0.0	0.0	0.0	0.0	0.42887107	0.0	0.580617	0.0	0.0	0.22617823	0.0	0.0	0.0	0.23979993	0.0	0.1277255	0.16370016	0.0	0.0	0.10948864	0.0	0.0	0.0	0.0	0.0	0.1405779	0.0	0.0	0.0	0.0	0.22113669	0.0	0.112084486	0.0	0.19326206	0.0	0.38863528	0.2984701	0.11811372	0.16297187	0.0	0.0	0.0	0.19592173	0.0	0.0	0.2112345	0.0	0.0	0.3348194	0.21907961	0.0	0.0	0.0	0.0	0.0	0.103988014	0.27822188	0.0	0.29444018	0.19351143	0.010573535	0.17644499	0.0	0.0	0.0	0.0	0.0	0.29483196	0.0	0.0	0.07605059	0.4673876	0.0	0.54006344	0.0	0.0	0.0	0.19851096	0.32753277	0.0	0.0	0.0	0.0	0.0	0.0	0.32528797	0.0	0.0	0.0	0.28504553	0.030119339	0.0	0.0	0.3252181	0.32335702	0.0	0.42303705	0.0	0.0	0.19595043	0.0	0.25106165	0.0	0.0	0.0	0.0	0.0	0.0	0.0	0.16662167	0.0	0.5310646	0.06073326	0.0	0.17291653	0.0	0.0
0.0	0.28897145	0.0	0.17747428	0.0	0.0	0.31884846	0.0	0.0	0.0	0.0	0.0	0.0	0.0	0.35532212	0.0	0.55276966	0.0	0.0	0.2372371	0.0	0.0	0.0	0.2069397	0.0	0.09755657	0.11221244	0.0	0.0	0.11328433	0.0	0.0	0.0	0.0	0.0	0.11312231	0.0	0.0	0.0	0.0	0.22315393	0.0	0.09678779	0.0	0.2626014	0.0	0.38314286	0.28035337	0.10967281	0.1868496	0.0	0.0	0.0	0.18593954	0.0	0.0	0.24604565	0.0	0.0	0.3030561	0.22452803	0.0	0.0	0.0	0.0	0.0	0.10482377	0.2560996	0.0	0.26368174	0.21006657	0.005544506	0.1682011	0.0	0.0	0.0	0.0	0.0	0.27543837	0.0	0.0	0.044912565	0.48106265	0.0	0.4940237	0.0	0.0	0.0	0.18546718	0.28307262	0.0	0.0	0.0	0.0	0.0	0.0	0.3024306	0.0	0.0	0.0	0.27445102	0.027019188	0.0	0.0	0.33574498	0.28650284	0.0	0.40101138	0.0	0.0	0.19636904	0.0	0.240856	0.0	0.0	0.0	0.0	0.0	0.0	0.0	0.15170546	0.0	0.5384969	0.050431665	0.0	0.17872103	0.0	0.0
0.0	0.27128023	0.0	0.1725145	0.0	0.0	0.3182826	0.0	0.0	0.0	0.0	0.0	0.0	0.0	0.3744776	0.0	0.5531332	0.0	0.0	0.22975095	0.0	0.0	0.0	0.20988739	0.0	0.103477426	0.121204406	0.0	0.0	0.11067739	0.0	0.0	0.0	0.0	0.0	0.113216795	0.0	0.0	0.0	0.0	0.22027682	0.0	0.099667065	0.0	0.24248469	0.0	0.37600264	0.27273467	0.110066764	0.17633788	0.0	0.0	0.0	0.1951771	0.0	0.0	0.23599659	0.0	0.0	0.30904487	0.21909519	0.0	0.0	0.0	0.0	0.0	0.10048262	0.26730552	0.0	0.27003622	0.20304048	0.006689602	0.1743319	0.0	0.0	0.0	0.0	0.0	0.2802627	0.0	0.0	0.04138435	0.47774574	0.0	0.50904393	0.0	0.0	0.0	0.18957879	0.29234886	0.0	0.0	0.0	0.0	0.0	0.0	0.30980155	0.0	0.0	0.0	0.27299014	0.024434373	0.0	0.0	0.3364917	0.29583648	0.0	0.40614092	0.0	0.0	0.20495217	0.0	0.23584092	0.0	0.0	0.0	0.0	0.0	0.0	0.0	0.15859851	0.0	0.52504975	0.049813945	0.0	0.17601979	0.0	0.0
0.0	0.28510985	0.0	0.17866421	0.0	0.0	0.31813943	0.0	0.0	0.0	0.0	0.0	0.0	0.0	0.35171127	0.0	0.54914933	0.0	0.0	0.2319479	0.0	0.0	0.0	0.21172279	0.0	0.09563106	0.11232287	0.0	0.0	0.109132044	0.0	0.0	0.0	0.0	0.0	0.11680156	0.0	0.0	0.0	0.0	0.21402101	0.0	0.092182614	0.0	0.27029297	0.0	0.38882676	0.2852087	0.11079028	0.18846399	0.0	0.0	0.0	0.19264323	0.0	0.0	0.24871159	0.0	0.0	0.3032403	0.22874796	0.0	0.0	0.0	0.0	0.0	0.112221956	0.25057867	0.0	0.26293966	0.21214205	0.0059575974	0.16448455	0.0	0.0	0.0	0.0	0.0	0.2671968	0.0	0.0	0.0444071	0.47820532	0.0	0.48434687	0.0	0.0	0.0	0.19847994	0.28544393	0.0	0.0	0.0	0.0	0.0	0.0	0.30146256	0.0	0.0	0.0	0.27194443	0.023398196	0.0	0.0	0.32803762	0.2808918	0.0	0.40671965	0.0	0.0	0.20095856	0.0	0.24678116	0.0	0.0	0.0	0.0	0.0	0.0	0.0	0.15265474	0.0	0.53983897	0.046400007	0.0	0.18106465	0.0	0.0
0.0	0.25056052	0.0	0.17089294	0.0	0.0	0.3445485	0.0	0.0	0.0	0.0	0.0	0.0	0.0	0.42469695	0.0	0.57915115	0.0	0.0	0.21519287	0.0	0.0	0.0	0.23840909	0.0	0.11840103	0.15259199	0.0	0.0	0.09899523	0.0	0.0	0.0	0.0	0.0	0.14236327	0.0	0.0	0.0	0.0	0.21556513	0.0	0.09952274	0.0	0.21939485	0.0	0.3943077	0.31760785	0.1198568	0.19394167	0.0	0.0	0.0	0.19066079	0.0	0.0	0.22956105	0.0	0.0	0.3350488	0.23307316	0.0	0.0	0.0	0.0	0.0	0.113365896	0.2726033	0.0	0.29664055	0.18596642	0.0075610117	0.17168325	0.0	0.0	0.0	0.0	0.0	0.27207443	0.0	0.0	0.066149265	0.48001608	0.0	0.5106444	0.0	0.0	0.0	0.19880097	0.31873223	0.0	0.0	0.0	0.0	0.0	0.0	0.3052918	0.0	0.0	0.0	0.29239717	0.03040654	0.0	0.0	0.3210307	0.30747387	0.0	0.43254837	0.0	0.0	0.1937884	0.0	0.2606406	0.0	0.0	0.0	0.0	0.0	0.0	0.0	0.1631838	0.0	0.5316712	0.060239688	0.0	0.17292225	0.0	0.0
0.0	0.2870343	0.0	0.17956181	0.0	0.0	0.31410763	0.0	0.0	0.0	0.0	0.0	0.0	0.0	0.3582593	0.0	0.549403	0.0	0.0	0.23811282	0.0	0.0	0.0	0.21019347	0.0	0.10004044	0.1131312	0.0	0.0	0.11379507	0.0	0.0	0.0	0.0	0.0	0.11868295	0.0	0.0	0.0	0.0	0.22103302	0.0	0.097212546	0.0	0.26399568	0.0	0.38297263	0.27618098	0.113816	0.18128538	0.0	0.0	0.0	0.19528331	0.0	0.0	0.2487467	0.0	0.0	0.30436116	0.22222526	0.0	0.0	0.0	0.0	0.0	0.10175225	0.25820097	0.0	0.2654072	0.2151012	0.0038104143	0.16632825	0.0	0.0	0.0	0.0	0.0	0.27686158	0.0	0.0	0.044293817	0.48332557	0.0	0.50409704	0.0	0.0	0.0	0.19346677	0.28365585	0.0	0.0	0.0	0.0	0.0	0.0	0.30948928	0.0	0.0	0.0	0.2716831	0.027528113	0.0	0.0	0.33315244	0.29010236	0.0	0.40156206	0.0	0.0	0.19784635	0.0	0.24063815	0.0	0.0	0.0	0.0	0.0	0.0	0.0	0.1583686	0.0	0.5375538	0.050210286	0.0	0.17921744	0.0	0.0
0.0	0.28906015	0.0	0.18565361	0.0	0.0	0.34073445	0.0	0.0	0.0	0.0	0.0	0.0	0.0	0.3898135	0.0	0.57593375	0.0	0.0	0.23405315	0.0	0.0	0.0	0.23072998	0.0	0.116078585	0.13860168	0.0	0.0	0.1127956	0.0	0.0	0.0	0.0	0.0	0.12067946	0.0	0.0	0.0	0.0	0.22827719	0.0	0.10454917	0.0	0.23662698	0.0	0.38870177	0.3147371	0.1106568	0.18400134	0.0	0.0	0.0	0.17426485	0.0	0.0	0.23149763	0.0	0.0	0.31868127	0.23495223	0.0	0.0	0.0	0.0	0.0046708	0.11507261	0.2542343	0.0	0.28277847	0.19201334	0.013063886	0.1610263	0.0	0.0	0.0	0.0	0.0	0.27817008	0.0	0.0	0.069533624	0.4725009	0.0	0.5032111	0.0	0.0	0.0	0.18023314	0.3004918	0.0	0.0	0.0	0.0	0.0	0.0	0.30307123	0.0	0.0	0.0	0.28421006	0.036287885	0.0	0.0	0.32428202	0.29443005	0.0	0.41421136	0.0	0.0	0.19306524	0.0	0.24868686	0.0	0.0	0.0	0.0	0.0	0.0	0.0	0.14411528	0.0	0.55373186	0.057602357	0.0	0.17199518	0.0	0.0
0.0	0.26639524	0.0	0.1802966	0.0	0.0	0.35116425	0.0	0.0	0.0	0.0	0.0	0.0	0.0	0.42014563	0.0	0.5861823	0.0	0.0	0.22284408	0.0	0.0	0.0	0.23878132	0.0	0.119488716	0.15159883	0.0	0.0	0.10824329	0.0	0.0	0.0	0.0	0.0	0.12448233	0.0	0.0	0.0	0.0	0.22057916	0.0	0.107495	0.0	0.20862918	0.0	0.38772008	0.32298848	0.11054212	0.18180704	0.0	0.0	0.0	0.1729483	0.0	0.0	0.21862113	0.0	0.0	0.3257462	0.2317133	0.0	0.0	0.0	0.0	0.0067100935	0.112859	0.2667347	0.0	0.28663397	0.17805873	0.016838683	0.17153023	0.0	0.0	0.0	0.0	0.0	0.27901843	0.0	0.0	0.06957636	0.46160316	0.0	0.51047343	0.0	0.0	0.0	0.17319436	0.31807712	0.0	0.0	0.0	0.0	0.0	0.0	0.30617985	0.0	0.0	0.0	0.2966192	0.03823861	0.0	0.0	0.32218492	0.30152628	0.0	0.4259534	0.0	0.0	0.19336517	0.0	0.24950154	0.0	0.0	0.0	0.0	0.0	0.0	0.0	0.14527006	0.0	0.5400846	0.06434172	0.0	0.1731894	0.0	0.0
0.0	0.27680787	0.0	0.17277671	0.0	0.0	0.31658432	0.0	0.0	0.0	0.0	0.0	0.0	0.0	0.36939117	0.0	0.5520045	0.0	0.0	0.23357749	0.0	0.0	0.0	0.21398674	0.0	0.099651985	0.11399702	0.0	0.0	0.10940832	0.0	0.0	0.0	0.0	0.0	0.11808988	0.0	0.0	0.0	0.0	0.22268088	0.0	0.09858451	0.0	0.2554124	0.0	0.38233748	0.2725784	0.1107591	0.18053447	0.0	0.0	0.0	0.19414435	0.0	0.0	0.24386448	0.0	0.0	0.30761924	0.22039242	0.0	0.0	0.0	0.0	0.0	0.0950599	0.26640832	0.0	0.26770744	0.21142949	0.0050508366	0.17011648	0.0	0.0	0.0	0.0	0.0	0.28045025	0.0	0.0	0.039195936	0.4833385	0.0	0.51270175	0.0	0.0	0.0	0.18869145	0.29164872	0.0	0.0	0.0	0.0	0.0	0.0	0.31282264	0.0	0.0	0.0	0.27567232	0.025437355	0.0	0.0	0.33836102	0.2958794	0.0	0.40807962	0.0	0.0	0.20169528	0.0	0.2407455	0.0	0.0	0.0	0.0	0.0	0.0	0.0	0.15908144	0.0	0.5284441	0.048682168	0.0	0.18058611	0.0	0.0
0.0	0.28463694	0.0	0.18058024	0.0	0.0	0.31074592	0.0	0.0	0.0	0.0	0.0	0.0	0.0	0.3585074	0.0	0.54581237	0.0	0.0	0.23444174	0.0	0.0	0.0	0.20868199	0.0	0.09743031	0.114771545	0.0	0.0	0.1121485	0.0	0.0	0.0	0.0	0.0	0.12550366	0.0	0.0	0.0	0.0	0.21698569	0.0	0.09752446	0.0	0.26179346	0.0	0.3851541	0.27524292	0.11539032	0.17910631	0.0	0.0	0.0	0.1994279	0.0	0.0	0.24908002	0.0	0.0	0.3065337	0.22004163	0.0	0.0	0.0	0.0	0.0	0.10241834	0.2586814	0.0	0.26854905	0.21770217	0.003765681	0.16277969	0.0	0.0	0.0	0.0	0.0	0.27526522	0.0	0.0	0.0457125	0.48504612	0.0	0.5117037	0.0	0.0	0.0	0.20035668	0.28536	0.0	0.0	0.0	0.0	0.0	0.0	0.31109986	0.0	0.0	0.0	0.26833954	0.022682408	0.0	0.0	0.33159164	0.29390898	0.0	0.4082969	0.0	0.0	0.2003266	0.0	0.2471379	0.0	0.0	0.0	0.0	0.0	0.0	0.0	0.16217017	0.0	0.53560334	0.051020965	0.0	0.17803879	0.0	0.0
0.0	0.27045625	0.0	0.16929771	0.0	0.0	0.32207158	0.0	0.0	0.0	0.0	0.0	0.0	0.0	0.36957774	0.0	0.5601478	0.0	0.0	0.22471325	0.0	0.0	0.0	0.20502762	0.0	0.10895262	0.1251362	0.0	0.0	0.115477584	0.0	0.0	0.0	0.0	0.0	0.10769298	0.0	0.0	0.0	0.0	0.222513	0.0	0.09842456	0.0	0.22857772	0.0	0.37731197	0.2927649	0.11133099	0.17990784	0.0	0.0	0.0	0.1778273	0.0	0.0	0.23765795	0.0	0.0	0.3139752	0.22448431	0.0	0.0	0.0	0.0	0.0	0.11235047	0.2605288	0.0	0.26354286	0.20298131	0.010121848	0.18595962	0.0	0.0	0.0	0.0	0.0	0.27553958	0.0	0.0	0.05277996	0.46746886	0.0	0.49433732	0.0	0.0	0.0	0.17571026	0.2864857	0.0	0.0	0.0	0.0	0.0	0.0	0.3001129	0.0	0.0	0.0	0.29086533	0.03451762	0.0	0.0	0.33899677	0.29745272	0.0	0.39273104	0.0	0.0	0.18900399	0.0	0.23377705	0.0	0.0	0.0	0.0	0.0	0.0	0.0	0.15667443	0.0	0.5298348	0.055310506	0.0	0.17311414	0.0	0.0
0.0	0.2669923	0.0	0.17186427	0.0	0.0	0.31988767	0.0	0.0	0.0	0.0	0.0	0.0	0.0	0.37280297	0.0	0.5535922	0.0	0.0	0.22370167	0.0	0.0	0.0	0.20894581	0.0	0.10543422	0.123092346	0.0	0.0	0.11004168	0.0	0.0	0.0	0.0	0.0	0.11381175	0.0	0.0	0.0	0.0	0.22032295	0.0	0.09779506	0.0	0.23615353	0.0	0.37249848	0.2784816	0.110505424	0.17891312	0.0	0.0	0.0	0.19365184	0.0	0.0	0.23121446	0.0	0.0	0.3086801	0.21964593	0.0	0.0	0.0	0.0	0.0	0.10623989	0.26367533	0.0	0.2682186	0.2009639	0.007656777	0.17641634	0.0	0.0	0.0	0.0	0.0	0.27494314	0.0	0.0	0.041043732	0.4719634	0.0	0.50619483	0.0	0.0	0.0	0.19100003	0.29113403	0.0	0.0	0.0	0.0	0.0	0.0	0.3034259	0.0	0.0	0.0	0.28068125	0.025411783	0.0	0.0	0.33339453	0.29773423	0.0	0.4014571	0.0	0.0	0.2015224	0.0	0.23834503	0.0	0.0	0.0	0.0	0.0	0.0	0.0	0.15777497	0.0	0.520446	0.054651406	0.0	0.17380838	0.0	0.0
0.0	0.2785662	0.0	0.1648819	0.0	0.0	0.3120338	0.0	0.0	0.0	0.0	0.0	0.0	0.0	0.332746	0.0	0.5430661	0.0	0.0	0.21875815	0.0	0.0	0.0	0.19762826	0.0	0.08976382	0.10722047	0.0	0.0	0.1043321	0.0	0.0	0.0	0.0	0.0	0.10180548	0.0	0.0	0.0	0.0	0.2073303	0.0	0.08358442	0.0	0.2636998	0.0	0.37978306	0.28138018	0.10153887	0.19637288	0.0	0.0	0.0	0.1824326	0.0	0.0	0.24876219	0.0	0.0	0.28851628	0.23006892	0.0	0.0	0.0	0.0	0.0	0.113149464	0.24567337	0.0	0.24946947	0.20468318	0.007623507	0.17759056	0.0	0.0	0.0	0.0	0.0	0.2599358	0.0	0.0	0.036308087	0.46175584	0.0	0.46047077	0.0	0.0	0.0	0.18937409	0.2812347	0.0	0.0	0.0	0.0	0.0	0.0	0.28142658	0.0	0.0	0.0	0.2741264	0.02533541	0.0	0.0	0.33082512	0.2747306	0.0	0.39872992	0.0	0.0	0.20079191	0.0	0.23394756	0.0	0.0	0.0	0.0	0.0	0.0	0.0	0.143574	0.0	0.52209884	0.04570813	0.0	0.1699633	0.0	0.0
0.0	0.26102486	0.0	0.17728265	0.0	0.0	0.35333928	0.0	0.0	0.0	0.0	0.0	0.0	0.0	0.42921042	0.0	0.5914467	0.0	0.0	0.22226043	0.0	0.0	0.0	0.24756153	0.0	0.12720649	0.1622787	0.0	0.0	0.111030154	0.0	0.0	0.0	0.0	0.0	0.13208981	0.0	0.0	0.0	0.0	0.21873178	0.0	0.11034606	0.0	0.18808144	0.0	0.3894279	0.31021893	0.122135766	0.17125666	0.0	0.0	0.0	0.18206422	0.0	0.0	0.20162076	0.0	0.0	0.33343828	0.22223687	0.0	0.0	0.0	0.0	0.0	0.10589349	0.27564293	0.0	0.29378453	0.18774442	0.013731287	0.17884557	0.0	0.0	0.0	0.0	0.0	0.29373947	0.0	0.0	0.07628643	0.46270224	0.0	0.5359445	0.0	0.0	0.0	0.19244091	0.33102313	0.0	0.0	0.0	0.0	0.0	0.0	0.32665125	0.0	0.0	0.0	0.29566935	0.031286318	0.0	0.0	0.3286105	0.32611993	0.0	0.42641678	0.0	0.0	0.19136113	0.0	0.24953668	0.0	0.0	0.0	0.0	0.0	0.0	0.0	0.1598666	0.0	0.5397889	0.06463007	0.0	0.17116205	0.0	0.0
0.0	0.2894585	0.0	0.17782752	0.0	0.0	0.32199672	0.0	0.0	0.0	0.0	0.0	0.0	0.0	0.34840488	0.0	0.55794483	0.0	0.0	0.23594463	0.0	0.0	0.0	0.20933472	0.0	0.099238835	0.10998889	0.0	0.0	0.11419436	0.0	0.0	0.0	0.0	0.0	0.10656697	0.0	0.0	0.0	0.0	0.21650533	0.0	0.09063623	0.0	0.26992813	0.0	0.387257	0.28534818	0.11088184	0.18685947	0.0	0.0	0.0	0.19024526	0.0	0.0	0.24177516	0.0	0.0	0.29661354	0.22778659	0.0	0.0	0.0	0.0	0.0	0.110890806	0.251155	0.0	0.2595085	0.21264644	0.0062311874	0.16870157	0.0	0.0	0.0	0.0	0.0	0.26659885	0.0	0.0	0.03843784	0.47432613	0.0	0.4842051	0.0	0.0	0.0	0.19423355	0.2810795	0.0	0.0	0.0	0.0	0.0	0.0	0.30203876	0.0	0.0	0.0	0.27646998	0.025855929	0.0	0.0	0.33415118	0.2811128	0.0	0.395624	0.0	0.0	0.20443736	0.0	0.23869054	0.0	0.0	0.0	0.0	0.0	0.0	0.0	0.15368034	0.0	0.5460971	0.05260934	0.0	0.18057661	0.0	0.0
0.0	0.2869151	0.0	0.16648602	0.0	0.0	0.26246473	0.0	0.0	0.0	0.0	0.0	0.0	0.0	0.4230174	0.0	0.5208859	0.0	0.0	0.288687	0.0	0.0	0.0	0.16058974	0.0	0.093127884	0.10197923	0.0	0.0	0.14140831	0.0	0.0	0.0	0.0	0.0	0.17847793	0.0	0.0	0.0	0.0	0.31554276	0.0	0.14100142	0.0	0.1947387	0.0	0.3852215	0.14537878	0.1512329	0.11065996	0.0	0.0	0.0	0.25909516	0.0	0.0	0.21425395	0.0	0.0	0.32760212	0.14385982	0.0	0.0	0.0	0.0	0.0	0.029946743	0.3709855	0.0	0.29657665	0.24658042	0.0	0.17571904	0.0	0.0	0.0	0.0	0.0	0.3739026	0.0	0.0	0.027639836	0.5501055	0.0	0.7841282	0.0	0.0	0.0	0.25381228	0.24249965	0.0	0.0	0.0	0.0	0.0	0.0	0.45431343	0.0	0.0	0.0	0.18337643	0.021701643	0.0	0.0	0.36773518	0.43213376	0.0	0.44880748	0.0	0.0	0.21741462	0.0	0.28047863	0.0	0.0	0.0	0.0	0.0	0.0	0.0	0.20318206	0.0	0.4778162	0.055397898	0.0	0.16344197	0.0	0.0
0.0	0.3006513	0.0	0.14474346	0.0	0.0	0.25350964	0.0	0.0	0.0	0.0	0.0	0.0	0.0	0.30937612	0.0	0.46430567	0.0	0.0	0.26507115	0.0	0.0	0.0	0.13904367	0.0	0.03745594	0.055137068	0.0	0.0	0.11549132	0.0	0.0	0.0	0.0	0.0	0.18601032	0.0	0.0	0.0	0.0	0.25169775	0.0	0.0890007	0.0	0.2978818	0.0	0.37402484	0.16208641	0.1157873	0.17758219	0.0	0.0	0.0	0.27091405	0.0	0.0	0.28172183	0.0	0.0	0.28774348	0.17062883	0.0	0.0	0.0	0.0	0.0	0.013536301	0.3141891	0.0	0.2614508	0.25869432	0.0	0.15546842	0.0	0.0	0.0	0.0	0.0	0.33343816	0.0	0.0	0.007371057	0.53982884	0.0	0.6174871	0.0	0.0	0.0	0.26694563	0.21900052	0.0	0.0	0.0	0.0	0.0	0.0	0.3407966	0.0	0.0	0.0	0.17483695	0.0	0.0	0.0	0.32518026	0.314655	0.0	0.4110202	0.0	0.0	0.23803896	0.0	0.28940642	0.0	0.0	0.0	0.0	0.0	0.0	0.0	0.20131238	0.0	0.4716251	0.029787986	0.0	0.15531291	0.0	0.0
0.0	0.28266358	0.0	0.17861307	0.0	0.0	0.3177111	0.0	0.0	0.0	0.0	0.0	0.0052460018	0.0	0.4040316	0.0	0.5810754	0.0	0.0	0.26357576	0.0	0.0	0.0	0.19914174	0.0	0.110545695	0.13052258	0.0	0.0	0.13369016	0.0	0.0	0.0	0.0	0.0	0.11923752	0.0	0.0	0.0	0.0	0.23194103	0.0	0.138009	0.0	0.20132814	0.0	0.3550224	0.2707829	0.15349372	0.17292659	0.0	0.0	0.0	0.18270624	0.0	0.0	0.21942495	0.0	0.0	0.3253918	0.22512685	0.0	0.0	0.0	0.0	0.0	0.09158223	0.29010484	0.0	0.28777778	0.20058765	0.0037527021	0.1878	0.026961662	0.0	0.0	0.0	0.0	0.30037805	0.0	0.0	0.04202087	0.5052438	0.0	0.563405	0.0033719342	0.0	0.0	0.17089255	0.25696585	0.0	0.0	0.0	0.0	0.0	0.0	0.36122927	0.0	0.0	0.0	0.2652738	0.031914573	0.0	0.0	0.34727463	0.35101447	0.0	0.39469114	0.0	0.0	0.1824513	0.0	0.23450935	0.0	0.0	0.0	0.0	0.0	0.0	0.0	0.18153827	0.0	0.5344876	0.07316529	0.0	0.18040128	0.0	0.0
0.0	0.26462165	0.0	0.1491761	0.0	0.0	0.26169598	0.0	0.0	0.0	0.0	0.0	0.0	0.0	0.38640276	0.0	0.5015212	0.0	0.0	0.26354435	0.0	0.0	0.0	0.16506855	0.0	0.055256158	0.09680939	0.0	0.0	0.12587355	0.0	0.0	0.0	0.0	0.0	0.19381483	0.0	0.0	0.0	0.0	0.26168832	0.0	0.11552606	0.0	0.2173187	0.0	0.396449	0.15314394	0.13181065	0.13691092	0.0	0.0	0.0	0.27077737	0.0	0.0	0.2380526	0.0	0.0	0.32523137	0.15773247	0.0	0.0	0.0	0.0	0.0	0.020508176	0.34315744	0.0	0.28059566	0.26061773	0.0	0.18859951	0.0	0.0	0.0	0.0	0.0	0.37484708	0.0	0.0	0.029284611	0.54312557	0.0	0.70191795	0.0015216582	0.0	0.0	0.27540702	0.2652116	0.0	0.0	0.0	0.0	0.0	0.0	0.4069806	0.0	0.0	0.0	0.19041876	0.0	0.0	0.0	0.35675606	0.3878057	0.0	0.43121007	0.0	0.0	0.20723458	0.0	0.28767774	0.0	0.0	0.0	0.0	0.0	0.0	0.0	0.22484548	0.0	0.46719253	0.029464489	0.0	0.16305469	0.0	0.0
0.0	0.28079215	0.0	0.15497583	0.0	0.0	0.25435826	0.0	0.0	0.0	0.0	0.0	0.0	0.0	0.3996993	0.0	0.53051	0.0	0.0	0.27995798	0.0	0.0	0.0	0.17282398	0.0	0.05570917	0.09983319	0.0	0.0	0.12969388	0.0	0.0	0.0	0.0	0.0	0.18351614	0.0	0.0	0.0	0.0	0.26510027	0.0	0.12007771	0.0	0.21183014	0.0	0.3991661	0.14743333	0.13704024	0.11806848	0.0	0.0	0.0	0.2802007	0.0	0.0	0.22476506	0.0	0.0	0.3138825	0.14546205	0.0	0.0	0.0	0.0	0.0	0.02322443	0.34165487	0.0	0.28459594	0.2790697	0.0	0.19154663	0.0	0.0	0.0	0.0	0.0	0.3762422	0.0	0.0	0.02250336	0.53460294	0.0	0.7358346	0.0	0.0	0.0	0.27485672	0.2703787	0.0	0.0	0.0	0.0	0.0	0.0	0.43067524	0.0	0.0	0.0	0.19884288	0.00026471293	0.0	0.0	0.35508248	0.39646503	0.0	0.4320079	0.0	0.0	0.21781772	0.0	0.27806553	0.0	0.0	0.0	0.0	0.0	0.0	0.0	0.22570439	0.0	0.4689587	0.037760388	0.0	0.15351789	0.0	0.0
0.0	0.2748831	0.0	0.1531101	0.0	0.0	0.25907746	0.0	0.0	0.0	0.0	0.0	0.0	0.0	0.37979612	0.0	0.5109139	0.0	0.0	0.2737191	0.0	0.0	0.0	0.15528585	0.0	0.074222535	0.10173646	0.0	0.0	0.13606259	0.0	0.0	0.0	0.0	0.0	0.17747086	0.0	0.0	0.0	0.0	0.27359378	0.0	0.11887437	0.0	0.22260137	0.0	0.3917586	0.14550887	0.14003658	0.12025648	0.0	0.0	0.0	0.26002	0.0	0.0	0.22765724	0.0	0.0	0.32447004	0.14852317	0.0	0.0	0.0	0.0	0.0	0.038406555	0.3418603	0.0	0.27913204	0.26643243	0.0	0.17115884	0.0	0.0	0.0	0.0	0.0	0.36440548	0.0	0.0	0.023017788	0.5390052	0.0	0.7204749	0.0	0.0	0.0	0.27460086	0.25662434	0.0	0.0	0.0	0.0	0.0	0.0	0.4195083	0.0	0.0	0.0	0.18417792	0.0057037286	0.0	0.0	0.35386002	0.39014098	0.0	0.4407852	0.0	0.0	0.21893258	0.0	0.27814105	0.0	0.0	0.0	0.0	0.0	0.0	0.0	0.21826743	0.0	0.47104254	0.038343187	0.0	0.15824302	0.0	0.0
0.0	0.27681735	0.0	0.1523683	0.0	0.0	0.2492942	0.0	0.0	0.0	0.0	0.0	0.0	0.0	0.36573136	0.0	0.49255335	0.0	0.0	0.26371074	0.0	0.0	0.0	0.1510876	0.0	0.05757466	0.09507849	0.0	0.0	0.1263266	0.0	0.0	0.0	0.0	0.0	0.17948733	0.0	0.0	0.0	0.0	0.25828886	0.0	0.11662004	0.0	0.23803313	0.0	0.39380112	0.1586168	0.12687278	0.14426894	0.0	0.0	0.0	0.25805643	0.0	0.0	0.23877798	0.0	0.0	0.31789055	0.15749358	0.0	0.0	0.0	0.0	0.0	0.040605687	0.32601342	0.0	0.28190017	0.2539111	0.0	0.16308522	0.0	0.0	0.0	0.0	0.0	0.35195366	0.0	0.0	0.004515017	0.5478396	0.0	0.6884354	0.0	0.0	0.0	0.27109256	0.25184423	0.0	0.0	0.0	0.0	0.0	0.0	0.39723328	0.0	0.0	0.0	0.19666648	0.0	0.0	0.0	0.34766462	0.37254748	0.0	0.4403238	0.0	0.0	0.20930459	0.0	0.27774024	0.0	0.0	0.0	0.0	0.0	0.0	0.0	0.20889664	0.0	0.470235	0.03687587	0.0	0.15791674	0.0	0.0
0.0	0.28785196	0.0	0.16184907	0.0	0.0	0.28024864	0.0	0.0	0.0	0.0	0.0	0.0	0.0	0.32466263	0.0	0.52719533	0.0	0.0	0.25371554	0.0	0.0	0.0	0.17902374	0.0	0.062468965	0.09100243	0.0	0.0	0.109366946	0.0	0.0	0.0	0.0	0.0	0.13581048	0.0	0.0	0.0	0.0	0.19184123	0.0	0.09611278	0.0	0.27587932	0.0	0.38271967	0.22837551	0.12691607	0.16827913	0.0	0.0	0.0	0.22816958	0.0	0.0	0.2468524	0.0	0.0	0.2903192	0.19504921	0.0	0.0	0.0	0.0	0.0	0.08759036	0.2673669	0.0	0.25491086	0.25428465	0.0	0.1669489	0.0	0.0	0.0	0.0	0.0	0.2805051	0.0	0.0	0.01158005	0.50289506	0.0	0.5343949	0.0	0.0	0.0	0.23512293	0.25851992	0.0	0.0	0.0	0.0	0.0	0.0	0.33495215	0.0	0.0	0.0	0.22327857	0.0	0.0	0.0	0.34773037	0.29850414	0.0	0.41165137	0.0	0.0	0.21958788	0.0	0.25419235	0.0	0.0	0.0	0.0	0.0	0.0	0.0	0.19052334	0.0	0.51934326	0.031651232	0.0	0.18464784	0.0	0.0
0.0	0.26662156	0.0	0.15962087	0.0	0.0	0.30143178	0.0	0.0	0.0	0.0	0.0	0.0	0.0	0.40987492	0.0	0.5516098	0.0	0.0	0.26297048	0.0	0.0	0.0	0.20479862	0.0	0.06450546	0.119960286	0.0	0.0	0.1207206	0.0	0.0	0.0	0.0	0.0	0.17199476	0.0	0.0	0.0	0.0	0.18229105	0.0	0.11242622	0.0	0.21172595	0.0	0.3952209	0.2487243	0.1337233	0.15929955	0.0	0.0	0.0	0.2356832	0.0	0.0	0.2112843	0.0	0.0	0.33023328	0.20514442	0.0	0.0	0.0	0.0	0.0	0.07717144	0.3073443	0.0	0.28588486	0.22248287	0.0	0.17123027	0.0	0.0	0.0	0.0	0.0	0.30545267	0.0	0.0	0.030606762	0.5184974	0.0	0.5925699	0.0	0.0	0.0	0.2430417	0.27914312	0.0	0.0	0.0	0.0	0.0	0.0	0.3782889	0.0	0.0	0.0	0.23105788	0.00046882158	0.0	0.0	0.32974288	0.34842512	0.0	0.42629838	0.0	0.0	0.20392334	0.0	0.27850387	0.0	0.0	0.0	0.0	0.0	0.0	0.0	0.2069969	0.0	0.5080522	0.058271747	0.0	0.18262474	0.0	0.0
0.0	0.30874804	0.0	0.16451849	0.0	0.0	0.23989348	0.0	0.0	0.0	0.0	0.0	0.0	0.0	0.33050585	0.0	0.49961627	0.0	0.0	0.28069705	0.0	0.0	0.0	0.13676825	0.0	0.073185064	0.0884614	0.0	0.0	0.14377838	0.0	0.0	0.0	0.0	0.0	0.18025655	0.0	0.0	0.0	0.0	0.29813394	0.0	0.09979069	0.0	0.2698692	0.0	0.39003214	0.12638925	0.14677517	0.12101412	0.0	0.0	0.0	0.2874436	0.0	0.0	0.26420686	0.0	0.0	0.29459476	0.14832349	0.0	0.0	0.0	0.0	0.0	0.026837096	0.3331479	0.0	0.27456915	0.29238558	0.0	0.13902137	0.0	0.0	0.0	0.0	0.0	0.35427403	0.0	0.0	0.009522997	0.5424948	0.0	0.7230343	0.0	0.0	0.0	0.27179232	0.22981536	0.0	0.0	0.0	0.0	0.0	0.0	0.40323928	0.0	0.0	0.0	0.17038079	0.0022781852	0.0	0.0	0.35409904	0.38109127	0.0	0.44523108	0.0	0.0	0.22932677	0.0	0.2876477	0.0	0.0	0.0	0.0	0.0	0.0	0.0	0.19773589	0.0	0.47986946	0.023750177	0.0	0.15151986	0.0	0.0
0.0	0.28880313	0.0	0.16323675	0.0	0.0	0.27870938	0.0	0.0	0.0	0.0	0.0	0.0	0.0	0.39882645	0.0	0.5260601	0.0	0.0	0.27741587	0.0	0.0	0.0	0.17991652	0.0	0.059591357	0.10633913	0.0	0.0	0.12889911	0.0	0.0	0.0	0.0	0.0	0.1974793	0.0	0.0	0.0	0.0	0.19811273	0.0	0.13288768	0.0	0.21359436	0.0	0.3754638	0.21318905	0.14087883	0.16212283	0.0	0.0	0.0	0.25466087	0.0	0.0	0.22898184	0.0	0.0	0.31256986	0.19383045	0.0	0.0	0.0	0.0	0.0	0.027834402	0.3242317	0.0	0.2883717	0.24567051	0.0	0.17970838	0.0	0.0	0.0	0.0	0.0	0.3376131	0.0	0.0	0.026691524	0.5464432	0.0	0.6392171	0.0	0.0	0.0	0.24040179	0.24158211	0.0	0.0	0.0	0.0	0.0	0.0	0.38902083	0.0	0.0	0.0	0.21509844	0.0	0.0	0.0	0.3245171	0.3636106	0.0	0.4043989	0.0	0.0	0.19640757	0.0	0.29139766	0.0	0.0	0.0	0.0	0.0	0.0	0.0	0.23155005	0.0	0.5026012	0.055963095	0.0	0.17806351	0.0	0.0
0.0	0.28247234	0.0	0.14735742	0.0	0.0	0.24887924	0.0	0.0	0.0	0.0	0.0	0.0	0.0	0.37451896	0.0	0.50351614	0.0	0.0	0.26257184	0.0	0.0	0.0	0.1451269	0.0	0.08237059	0.10026014	0.0	0.0	0.1076081	0.0	0.0	0.0	0.0	0.0	0.1611472	0.0	0.0	0.0	0.0	0.28582552	0.0	0.13497066	0.0	0.22772165	0.0	0.36538196	0.17384851	0.14189358	0.1604922	0.0	0.0	0.0	0.26734874	0.0	0.0	0.23817408	0.0	0.0	0.3142524	0.14742552	0.0	0.0	0.0	0.0	0.0	0.029997477	0.35012984	0.0	0.28099525	0.2457277	0.0	0.18146397	0.0	0.0	0.0	0.0	0.0	0.3513914	0.0	0.0	0.010623887	0.5518	0.0	0.66624254	0.0020379547	0.0	0.0	0.21787477	0.23376708	0.0	0.0	0.0	0.0	0.0	0.0	0.37299517	0.0	0.0	0.0	0.21762128	0.003723265	0.0	0.0	0.37255952	0.3578979	0.0	0.41727456	0.0	0.0	0.21615618	0.0	0.25395572	0.0	0.0	0.0	0.0	0.0	0.0	0.0	0.21778953	0.0	0.46678662	0.053878147	0.0	0.15596277	0.0	0.0
0.0	0.2666445	0.0	0.15479617	0.0	0.0	0.24566233	0.0	0.0	0.0	0.0	0.0	0.0	0.0	0.37282833	0.0	0.4919124	0.0	0.0	0.26287344	0.0	0.0	0.0	0.13287498	0.0	0.06308961	0.09755743	0.0	0.0	0.13869946	0.0	0.0	0.0	0.0	0.0	0.17418957	0.0	0.0	0.0	0.0	0.30038217	0.0	0.11319393	0.0	0.21963196	0.0	0.39009902	0.1144912	0.14304712	0.12259885	0.0	0.0	0.0	0.27809015	0.0	0.0	0.24253511	0.0	0.0	0.30311462	0.13790546	0.0	0.0	0.0	0.0	0.0	0.02706561	0.3481244	0.0	0.27688923	0.27306977	0.0	0.18593661	0.0	0.0	0.0	0.0	0.0	0.36156487	0.0	0.0	0.014835797	0.5404709	0.0	0.72994906	0.0070854984	0.0	0.0	0.28017798	0.25340363	0.0	0.0	0.0	0.0	0.0	0.0	0.40248194	0.0	0.0	0.0	0.18565078	0.0	0.0	0.0	0.37199083	0.40192902	0.0	0.43830097	0.0	0.0	0.2228751	0.0	0.270619	0.0	0.0	0.0	0.0	0.0	0.0	0.0	0.21365714	0.0	0.4504175	0.03273226	0.0	0.14956261	0.0	0.0
0.0	0.25662708	0.0	0.15129755	0.0	0.0	0.27524337	0.0	0.0	0.0	0.0	0.0	0.0	0.0	0.38710272	0.0	0.5225089	0.0	0.0	0.24127515	0.0	0.0	0.0	0.1838588	0.0	0.04243654	0.08952864	0.0	0.0	0.12524477	0.0	0.0	0.0	0.0	0.0	0.16634294	0.0	0.0	0.0	0.0	0.1511562	0.0	0.09683943	0.0	0.24674149	0.0	0.41558766	0.23784845	0.09574399	0.18296982	0.0	0.0	0.0	0.22702251	0.0	0.0	0.22420114	0.0	0.0	0.29088795	0.1765313	0.0	0.0	0.0	0.0	0.0	0.08889899	0.28372195	0.0	0.26317444	0.23254152	0.0	0.17185704	0.0	0.0	0.0	0.0	0.0	0.28600845	0.0	0.0	0.024180146	0.50361234	0.0	0.56597203	0.0	0.0	0.0	0.2628548	0.28980172	0.0	0.0	0.0	0.0	0.0	0.0	0.3539647	0.0	0.0	0.0	0.23517759	0.0	0.0	0.0	0.33212814	0.32208523	0.0	0.44513813	0.0	0.0	0.2076527	0.0	0.2749143	0.0	0.0	0.0	0.0	0.0	0.0	0.0	0.17314203	0.0	0.4982153	0.03139857	0.0	0.15956213	0.0	0.0
0.0	0.29059777	0.0	0.15266265	0.0	0.0	0.24114169	0.0	0.0	0.0	0.0	0.0	0.0	0.0	0.3631747	0.0	0.5042787	0.0	0.0	0.2691182	0.0	0.0	0.0	0.13219468	0.0	0.07965964	0.0831697	0.0	0.0	0.1341071	0.0	0.0	0.0	0.0	0.0	0.15935272	0.0	0.0	0.0	0.0	0.30510965	0.0	0.11495713	0.0	0.23617768	0.0	0.3846934	0.13215865	0.13863592	0.12511323	0.0	0.0	0.0	0.2534768	0.0	0.0	0.2449887	0.0	0.0	0.30028778	0.13915412	0.0	0.0	0.0	0.0	0.0	0.04510576	0.34379408	0.0	0.2788356	0.2612783	0.0	0.16213696	0.0	0.0	0.0	0.0	0.0	0.3520479	0.0	0.0	0.004690359	0.5360367	0.0	0.7267651	0.0	0.0	0.0	0.2575054	0.22833897	0.0	0.0	0.0	0.0	0.0	0.0	0.4030522	0.0	0.0	0.0	0.18638973	0.013329753	0.0	0.0	0.36068097	0.39659238	0.0	0.44462812	0.0	0.0	0.22719525	0.0	0.26871774	0.0	0.0	0.0	0.0	0.0	0.0	0.0	0.18763943	0.0	0.46105134	0.04436469	0.0	0.15433411	0.0	0.0
0.0	0.27439559	0.0	0.12503333	0.0	0.0	0.2715043	0.0	0.0	0.0	0.0	0.0	0.0	0.0	0.3495052	0.0	0.48028556	0.0	0.0	0.25021234	0.0	0.0	0.0	0.16454089	0.0	0.025956064	0.03804393	0.0	0.0	0.09604197	0.0	0.0	0.0	0.0	0.0	0.17749631	0.0	0.0	0.0	0.0	0.22891192	0.0	0.08030121	0.0	0.27602628	0.0	0.3904508	0.1815603	0.109596066	0.17050679	0.0	0.0	0.0	0.2520795	0.0	0.0	0.2569806	0.0	0.0	0.28736869	0.18883328	0.0	0.0	0.0	0.0	0.0	0.046449974	0.31609493	0.0	0.23347896	0.23333327	0.0	0.16918059	0.0	0.0	0.0	0.0	0.0	0.30629772	0.0	0.0	0.0069256723	0.5283964	0.0	0.60856646	0.0008412488	0.0	0.0	0.26538742	0.24859102	0.0	0.0	0.0	0.0	0.0	0.0	0.33641577	0.0	0.0	0.0	0.19422789	0.0	0.0	0.0	0.34078	0.31838596	0.0	0.4082326	0.0	0.0	0.22955804	0.0	0.29796362	0.0	0.0	0.0	0.0	0.0	0.0	0.0	0.21329522	0.0	0.4626409	0.061294407	0.0	0.1733563	0.0	0.0
0.0	0.27427444	0.0	0.14640306	0.0	0.0	0.24469794	0.0	0.0	0.0	0.0	0.0	0.0	0.0	0.32789025	0.0	0.4825593	0.0	0.0	0.23840012	0.0	0.0	0.0	0.14587134	0.0	0.059443224	0.07285201	0.0	0.0	0.111979134	0.0	0.0	0.0	0.0	0.0	0.1828966	0.0	0.0	0.0	0.0	0.24030833	0.0	0.084810406	0.0	0.27099523	0.0	0.37597975	0.16068691	0.11702452	0.16902395	0.0	0.0	0.0	0.27568403	0.0	0.0	0.2732303	0.0	0.0	0.29483613	0.1749699	0.0	0.0	0.0	0.0	0.0	0.034925	0.3139663	0.0	0.25662455	0.2708923	0.0	0.17068152	0.0	0.0	0.0	0.0	0.0	0.32721102	0.0	0.0	0.0	0.5380047	0.0	0.6270294	0.0	0.0	0.0	0.27189794	0.23416133	0.0	0.0	0.0	0.0	0.0	0.0	0.34957662	0.0	0.0	0.0	0.20019846	0.0022716422	0.0	0.0	0.34071076	0.33735093	0.0	0.40982592	0.0	0.0	0.22157472	0.0	0.28025278	0.0	0.0	0.0	0.0	0.0	0.0	0.0	0.22235541	0.0	0.46190166	0.03380696	0.0	0.15202795	0.0	0.0
0.0	0.2901477	0.0	0.16091405	0.0	0.0	0.2617416	0.0	0.0	0.0	0.0	0.0	0.0	0.0	0.3311864	0.0	0.5148325	0.0	0.0	0.2596242	0.0	0.0	0.0	0.16878156	0.0	0.066756226	0.10113409	0.0	0.0	0.11289527	0.0	0.0	0.0	0.0	0.0	0.16058578	0.0	0.0	0.0	0.0	0.22233255	0.0	0.10294443	0.0	0.26185462	0.0	0.37713265	0.19325452	0.13308024	0.15292393	0.0	0.0	0.0	0.2607848	0.0	0.0	0.2523855	0.0	0.0	0.30479872	0.17781039	0.0	0.0	0.0	0.0	0.0	0.0607726	0.28860226	0.0	0.2694954	0.27450526	0.0	0.16015333	0.0	0.0	0.0	0.0	0.0	0.31799647	0.0	0.0	0.0069001415	0.52711034	0.0	0.59888226	0.0	0.0	0.0	0.25438082	0.25374368	0.0	0.0	0.0	0.0	0.0	0.0	0.35565734	0.0	0.0	0.0	0.20714939	0.0	0.0	0.0	0.3478717	0.33575562	0.0	0.41516826	0.0	0.0	0.21833386	0.0	0.26426116	0.0	0.0	0.0	0.0	0.0	0.0	0.0	0.21843518	0.0	0.50138086	0.031104317	0.0	0.16529028	0.0	0.0
0.0	0.31383595	0.0	0.13736187	0.0	0.0	0.22478467	0.0	0.0	0.0	0.0	0.0	0.0	0.0	0.23187597	0.0	0.4511354	0.0	0.0	0.23974763	0.0	0.0	0.0	0.10771111	0.0	0.043448534	0.040641822	0.0	0.0	0.085778706	0.0	0.0	0.0	0.0	0.0	0.12587626	0.0	0.0	0.0	0.0	0.265894	0.0	0.05963914	0.0	0.33762702	0.0	0.36245552	0.17936845	0.113522865	0.2169429	0.0	0.0	0.0	0.258116	0.0011563866	0.0	0.3333589	0.0	0.0	0.26048663	0.19188033	0.0	0.0	0.0	0.0	0.0	0.04540068	0.2847992	0.0	0.22068095	0.26283693	0.0	0.18645592	0.0	0.0	0.0	0.0	0.0	0.28275838	0.0	0.0	0.0	0.5130559	0.0	0.5005416	0.0	0.0	0.0	0.21150583	0.18920422	0.0	0.0	0.0	0.0	0.0	0.0	0.2520397	0.0	0.0	0.0	0.22244251	0.0	0.0	0.0	0.35693178	0.284667	0.0	0.37466386	0.0	0.0	0.21332578	0.0	0.25089386	0.0	0.0	0.0	0.0	0.0	0.0	0.0	0.1730888	0.0	0.44973305	0.039366495	0.0	0.14316638	0.0	0.0
0.0	0.29235402	0.0	0.1282235	0.0	0.0	0.25224444	0.0	0.0	0.0	0.0	0.0	0.0	0.0	0.27994326	0.0	0.507395	0.0	0.0	0.22165807	0.0	0.0	0.0	0.11481372	0.0	0.028683655	0.060579736	0.0	0.0	0.12119844	0.004336608	0.0	0.0034449026	0.0	0.0	0.09907949	0.0	0.0	0.0	0.0	0.24928927	0.0	0.0687375	0.0	0.31240237	0.0	0.3868616	0.16642132	0.08929091	0.20007657	0.0	0.0	0.0	0.22390342	0.023894334	0.0	0.2942619	0.0	0.0	0.25781104	0.18117325	0.0	0.0	0.0	0.0	0.0	0.039418105	0.29850128	0.0	0.23596309	0.2809963	0.0	0.2129186	0.0	0.0	0.0	0.0	0.0	0.3050739	0.0	0.0	0.0	0.50710815	0.0	0.52707136	0.0	0.0025375139	0.0	0.21793579	0.24804497	0.0	0.0	0.0	0.0	0.0	0.0	0.2858642	0.0	0.0	0.0	0.239792	0.0025062698	0.0	0.0	0.40228975	0.31321773	0.0	0.41464007	0.0	0.0	0.22440429	0.0	0.23370326	0.0	0.0	0.0	0.0	0.0	0.0	0.0	0.16201836	0.0	0.48791027	0.029670158	0.0	0.15395446	0.0	0.0
0.0	0.27401647	0.0	0.15132906	0.0	0.0	0.26135877	0.0	0.0	0.0	0.0	0.0	0.0	0.0	0.37697348	0.0	0.5150673	0.0	0.0	0.2586011	0.0	0.0	0.0	0.16464032	0.0	0.05458979	0.09622385	0.0	0.0	0.123348325	0.0	0.0	0.0	0.0	0.0	0.17732729	0.0	0.0	0.0	0.0	0.2616317	0.0	0.10965613	0.0	0.2376876	0.0	0.39835036	0.16535908	0.11861661	0.13298218	0.0	0.0	0.0	0.2588	0.0	0.0	0.23806477	0.0	0.0	0.31634256	0.15121295	0.0	0.0	0.0	0.0	0.0	0.04971266	0.3215379	0.0	0.2792007	0.2671844	0.0	0.16069281	0.0	0.0	0.0	0.0	0.0	0.3446642	0.0	0.0	0.012831262	0.5361473	0.0	0.6810791	0.0	0.0	0.0	0.26456943	0.2700206	0.0	0.0	0.0	0.0	0.0	0.0	0.39154384	0.0	0.0	0.0	0.2010491	0.0029797393	0.0	0.0	0.350559	0.36842123	0.0	0.4425715	0.0	0.0	0.2170936	0.0	0.28400168	0.0	0.0	0.0	0.0	0.0	0.0	0.0	0.20603931	0.0	0.47683117	0.034333657	0.0	0.1672387	0.0	0.0
0.0	0.26767492	0.0	0.152868	0.0	0.0	0.25539303	0.0	0.0	0.0	0.0	0.0	0.0	0.0	0.37746897	0.0	0.50081515	0.0	0.0	0.25594735	0.0	0.0	0.0	0.16216531	0.0	0.048946228	0.108346604	0.0	0.0	0.11947411	0.0	0.0	0.0	0.0	0.0	0.19162284	0.0	0.0	0.0	0.0	0.25277388	0.0	0.11893284	0.0	0.20842052	0.0	0.39243984	0.15548642	0.12817504	0.12575711	0.0	0.0	0.0	0.27317023	0.0	0.0	0.2384382	0.0	0.0	0.32897386	0.15143837	0.0	0.0	0.0	0.0	0.0	0.030601727	0.33028007	0.0	0.28299215	0.2740115	0.0	0.18562424	0.0	0.0	0.0	0.0	0.0	0.36539626	0.0	0.0	0.03131954	0.5364595	0.0	0.6799888	0.0028469476	0.0	0.0	0.2690634	0.28185686	0.0	0.0	0.0	0.0	0.0	0.0	0.38899383	0.0	0.0	0.0	0.19824427	0.0	0.0	0.0	0.35704526	0.38228723	0.0	0.42211208	0.0	0.0	0.2072171	0.0	0.288102	0.0	0.0	0.0	0.0	0.0	0.0	0.0	0.23420404	0.0	0.46149865	0.03700529	0.0	0.16297734	0.0	0.0
0.0	0.29121408	0.0	0.15955357	0.0	0.0	0.24704373	0.0	0.0	0.0	0.0	0.0	0.0	0.0	0.36056888	0.0	0.49334502	0.0	0.0	0.25773022	0.0	0.0	0.0	0.13867152	0.0	0.085570805	0.079607986	0.0	0.0	0.100860804	0.0	0.0	0.0	0.0	0.0	0.16270883	0.0	0.0	0.0	0.0	0.31422144	0.0	0.122707166	0.0	0.2416811	0.0	0.36894593	0.15688974	0.1421095	0.15516825	0.0	0.0	0.0	0.26384255	0.0	0.0	0.25425658	0.0	0.0	0.3047774	0.15524773	0.0	0.0	0.0	0.0	0.0	0.016982256	0.34556803	0.0	0.27715996	0.24633236	0.0	0.180414	0.0	0.0	0.0	0.0	0.0	0.34596252	0.0	0.0	0.019238679	0.545695	0.0	0.68257433	0.0	0.0	0.0	0.23236088	0.22196685	0.0	0.0	0.0	0.0	0.0	0.0	0.37100148	0.0	0.0	0.0	0.19910572	0.009395555	0.0	0.0	0.361464	0.37160292	0.0	0.42218482	0.0	0.0	0.21830119	0.0	0.2618713	0.0	0.0	0.0	0.0	0.0	0.0	0.0	0.2000428	0.0	0.4526662	0.047199946	0.0	0.15931942	0.0	0.0
0.0	0.27407244	0.0	0.14781292	0.0	0.0	0.25611418	0.0	0.0	0.0	0.0	0.0	0.0	0.0	0.37912408	0.0	0.48649183	0.0	0.0	0.2635287	0.0	0.0	0.0	0.14861232	0.0	0.052555773	0.06748574	0.0	0.0	0.11302656	0.0	0.0	0.0	0.0	0.0	0.18281992	0.0	0.0	0.0	0.0	0.2918115	0.0	0.13187234	0.0	0.2304102	0.0	0.37461337	0.1533537	0.13465728	0.15773502	0.0	0.0	0.0	0.2702766	0.0	0.0	0.23309182	0.0	0.0	0.30781725	0.14466792	0.0	0.0	0.0	0.0	0.0	0.003095544	0.3665854	0.0	0.27140895	0.23695636	0.0	0.20982136	0.0	0.0	0.0	0.0	0.0	0.37101176	0.0	0.0	0.028229283	0.558173	0.0	0.67960674	0.0	0.0	0.0	0.234933	0.24037366	0.0	0.0	0.0	0.0	0.0	0.0	0.37857282	0.0	0.0	0.0	0.20425852	0.0	0.0	0.0	0.37434396	0.3485578	0.0	0.39847538	0.0	0.0	0.20736809	0.0	0.26393202	0.0	0.0	0.0	0.0	0.0	0.0	0.0	0.2262774	0.0	0.45106974	0.04645446	0.0	0.17370367	0.0	0.0
0.0	0.2807311	0.0	0.15317631	0.0	0.0	0.27143607	0.0	0.0	0.0	0.0	0.0	0.0	0.0	0.3145796	0.0	0.5219755	0.0	0.0	0.24674308	0.0	0.0	0.0	0.16327842	0.0	0.07169507	0.08974735	0.0	0.0	0.10831916	0.0	0.0	0.0	0.0	0.0	0.1433237	0.0	0.0	0.0	0.0	0.21365303	0.0	0.09565351	0.0	0.2686458	0.0	0.37066862	0.21318488	0.12942201	0.18985589	0.0	0.0	0.0	0.2317125	0.0	0.0	0.2570241	0.0	0.0	0.29758233	0.19831888	0.0	0.0	0.0	0.0	0.0	0.07953918	0.2802705	0.0	0.26209143	0.25047138	0.0	0.17479803	0.0	0.0	0.0	0.0	0.0	0.28767678	0.0	0.0	0.0	0.5179644	0.0	0.53917503	0.0	0.0	0.0	0.22930002	0.23857152	0.0	0.0	0.0	0.0	0.0	0.0	0.32290897	0.0	0.0	0.0	0.23146372	0.0	0.0	0.0	0.3437232	0.31750438	0.0	0.40552184	0.0	0.0	0.20539689	0.0	0.25382927	0.0	0.0	0.0	0.0	0.0	0.0	0.0	0.20116945	0.0	0.49325752	0.04189922	0.0	0.17355132	0.0	0.0
0.0	0.26469302	0.0	0.17856832	0.0	0.0	0.3505892	0.0	0.0	0.0	0.0	0.0	0.0	0.0	0.43393168	0.0	0.5934878	0.0	0.0	0.22476299	0.0	0.0	0.0	0.24516462	0.0	0.12892954	0.16335279	0.0	0.0	0.11397485	0.0	0.0	0.0	0.0	0.0	0.12842833	0.0	0.0	0.0	0.0	0.23275347	0.0	0.113848954	0.0	0.20670152	0.0	0.3816979	0.30125672	0.1122753	0.17833048	0.0	0.0	0.0	0.18282211	0.0	0.0	0.2208756	0.0	0.0	0.3244789	0.21876578	0.0	0.0	0.0	0.0	0.0069160797	0.104939006	0.27439687	0.0	0.29387486	0.19346006	0.012932684	0.17251122	0.0	0.0	0.0	0.0	0.0	0.28977385	0.0	0.0	0.06808329	0.47250995	0.0	0.5350515	0.0	0.0	0.0	0.17161763	0.32425013	0.0	0.0	0.0	0.0	0.0	0.0	0.31318447	0.0	0.0	0.0	0.30065873	0.042172547	0.0	0.0	0.32996085	0.30726936	0.0	0.41551304	0.0	0.0	0.19239323	0.0	0.24819922	0.0	0.0	0.0	0.0	0.0	0.0	0.0	0.16400404	0.0	0.5421654	0.056028143	0.0	0.16905145	0.0	0.0
0.0	0.2701855	0.0	0.17100991	0.0	0.0	0.30990538	0.0	0.0	0.0	0.0	0.0	0.0	0.0	0.37219083	0.0	0.5457549	0.0	0.0	0.23099743	0.0	0.0	0.0	0.20884223	0.0	0.106196046	0.12608348	0.0	0.0	0.10786137	0.0	0.0	0.0	0.0	0.0	0.12273761	0.0	0.0	0.0	0.0	0.22418119	0.0	0.1004228	0.0	0.23686224	0.0	0.3782916	0.26117757	0.11439761	0.17128277	0.0	0.0	0.0	0.21027441	0.0	0.0	0.24038924	0.0	0.0	0.3093081	0.21009536	0.0	0.0	0.0	0.0	0.0	0.09028527	0.26985073	0.0	0.27256188	0.2158797	0.00072478753	0.18155444	0.0	0.0	0.0	0.0	0.0	0.291253	0.0	0.0	0.043639507	0.47762322	0.0	0.5306254	0.0	0.0	0.0	0.19499393	0.2952838	0.0	0.0	0.0	0.0	0.0	0.0	0.31569925	0.0	0.0	0.0	0.27296266	0.019347379	0.0	0.0	0.33941934	0.30785152	0.0	0.3953415	0.0	0.0	0.19983013	0.0	0.23637736	0.0	0.0	0.0	0.0	0.0	0.0	0.0	0.17098601	0.0	0.5104188	0.048089113	0.0	0.17072986	0.0	0.0
0.0	0.27888754	0.0	0.17599022	0.0	0.0	0.3112423	0.0	0.0	0.0	0.0	0.0	0.0	0.0	0.3791243	0.0	0.55560297	0.0	0.0	0.24040551	0.0	0.0	0.0	0.21081758	0.0	0.10932425	0.123038374	0.0	0.0	0.11813853	0.0	0.0	0.0	0.0	0.0	0.1276077	0.0	0.0	0.0	0.0	0.21554022	0.0	0.09853089	0.0	0.23532742	0.0	0.37074494	0.25992644	0.11982447	0.16614167	0.0	0.0	0.0	0.2155757	0.0	0.0	0.23938106	0.0	0.0	0.29745638	0.20641394	0.0	0.0	0.0	0.0	0.0	0.09573841	0.2683266	0.0	0.26542696	0.22543786	0.0007108636	0.18262412	0.0	0.0	0.0	0.0	0.0	0.286408	0.0	0.0	0.04173429	0.47384524	0.0	0.53259	0.0	0.0	0.0	0.19561382	0.29404786	0.0	0.0	0.0	0.0	0.0	0.0	0.33332393	0.0	0.0	0.0	0.28013554	0.028011218	0.0	0.0	0.33846876	0.30663368	0.0	0.38472465	0.0	0.0	0.20844774	0.0	0.2313736	0.0	0.0	0.0	0.0	0.0	0.0	0.0	0.17588758	0.0	0.52190304	0.055704728	0.0	0.17563249	0.0	0.0
0.0	0.2713589	0.0	0.16710542	0.0	0.0	0.30432165	0.0	0.0	0.0	0.0	0.0	0.0	0.0	0.3452593	0.0	0.5396795	0.0	0.0	0.2275271	0.0	0.0	0.0	0.20194371	0.0	0.09108757	0.110607505	0.0	0.0	0.10418433	0.0	0.0	0.0	0.0	0.0	0.12970404	0.0	0.0	0.0	0.0	0.1998017	0.0	0.08403321	0.0	0.27605936	0.0	0.39082637	0.2632139	0.11353776	0.18823206	0.0	0.0	0.0	0.21902828	0.0	0.0	0.2633539	0.0	0.0	0.29761878	0.21978791	0.0	0.0	0.0	0.0	0.0	0.10568861	0.2551621	0.0	0.26075602	0.22473037	0.0	0.17094214	0.0	0.0	0.0	0.0	0.0	0.26344183	0.0	0.0	0.026956068	0.4761708	0.0	0.49260902	0.0	0.0	0.0	0.2141002	0.28458014	0.0	0.0	0.0	0.0	0.0	0.0	0.30499423	0.0	0.0	0.0	0.26495925	0.0147403	0.0	0.0	0.32930708	0.2883914	0.0	0.39550194	0.0	0.0	0.20904736	0.0	0.24917448	0.0	0.0	0.0	0.0	0.0	0.0	0.0	0.1740558	0.0	0.5161601	0.0389228	0.0	0.1790759	0.0	0.0
0.0	0.28902468	0.0	0.18004368	0.0	0.0	0.3327306	0.0	0.0	0.0	0.0	0.0	0.0	0.0	0.35035548	0.0	0.5663974	0.0	0.0	0.22726078	0.0	0.0	0.0	0.21440162	0.0	0.1007837	0.11527448	0.0	0.0	0.11212405	0.0	0.0	0.0	0.0	0.0	0.124204956	0.0	0.0	0.0	0.0	0.1979451	0.0	0.07945739	0.0	0.28320378	0.0	0.40055227	0.29323986	0.09867973	0.19454007	0.0	0.0	0.0	0.19058363	0.0	0.0	0.24493434	0.0	0.0	0.2888895	0.23548143	0.0	0.0	0.0	0.0	0.0	0.12565957	0.23510212	0.0	0.25931332	0.2095483	0.0070885904	0.14962234	0.0	0.0	0.0	0.0	0.0	0.24987198	0.0	0.0	0.03808726	0.46975562	0.0	0.4723817	0.0	0.0	0.0	0.20852952	0.2906942	0.0	0.0	0.0	0.0	0.0	0.0	0.29071483	0.0	0.0	0.0	0.2776966	0.024173005	0.0	0.0	0.31839028	0.2709916	0.0	0.4106717	0.0	0.0	0.20596164	0.0	0.25986776	0.0	0.0	0.0	0.0	0.0	0.0	0.0	0.14754157	0.0	0.5559687	0.0454146	0.0	0.18065389	0.0	0.0
0.0	0.2841227	0.0	0.17475826	0.0	0.0	0.3122265	0.0	0.0	0.0	0.0	0.0	0.0	0.0	0.34421757	0.0	0.54859656	0.0	0.0	0.23218457	0.0	0.0	0.0	0.20583077	0.0	0.09311861	0.108578406	0.0	0.0	0.109558105	0.0	0.0	0.0	0.0	0.0	0.11809566	0.0	0.0	0.0	0.0	0.21303381	0.0	0.08716939	0.0	0.2772322	0.0	0.38636413	0.26881292	0.111875296	0.19047439	0.0	0.0	0.0	0.20344718	0.0	0.0	0.25093785	0.0	0.0	0.2948666	0.22033222	0.0	0.0	0.0	0.0	0.0	0.10648436	0.2531624	0.0	0.25943002	0.21993005	0.00226256	0.16284506	0.0	0.0	0.0	0.0	0.0	0.27115148	0.0	0.0	0.032535594	0.48039153	0.0	0.49398077	0.0	0.0	0.0	0.20406564	0.28282213	0.0	0.0	0.0	0.0	0.0	0.0	0.30480018	0.0	0.0	0.0	0.26887515	0.018093923	0.0	0.0	0.33368352	0.282975	0.0	0.40198183	0.0	0.0	0.2041061	0.0	0.24628145	0.0	0.0	0.0	0.0	0.0	0.0	0.0	0.16213769	0.0	0.53641504	0.044693705	0.0	0.17781186	0.0	0.0
0.0	0.29253212	0.0	0.17841132	0.0	0.0	0.31576613	0.0	0.0	0.0	0.0	0.0	0.0	0.0	0.351436	0.0	0.55600214	0.0	0.0	0.24010134	0.0	0.0	0.0	0.19249813	0.0	0.08711345	0.103865586	0.0	0.0	0.11337844	0.0	0.0	0.0	0.0	0.0	0.12651193	0.0	0.0	0.0	0.0	0.20589048	0.0	0.083016135	0.0	0.2892203	0.0	0.39126816	0.26736847	0.10052308	0.18428285	0.0	0.0	0.0	0.20210941	0.0	0.0	0.25843582	0.0	0.0	0.28183284	0.21931235	0.0	0.0	0.0	0.0	0.0	0.111164354	0.24688922	0.0	0.25420704	0.22014916	0.002092785	0.14847197	0.0	0.0	0.0	0.0	0.0	0.2527919	0.0	0.0	0.026596839	0.4859829	0.0	0.50642055	0.0	0.0	0.0	0.20340097	0.2800959	0.0	0.0	0.0	0.0	0.0	0.0	0.303454	0.0	0.0	0.0	0.27527502	0.022528345	0.0	0.0	0.32753655	0.2796976	0.0	0.40411273	0.0	0.0	0.21345824	0.0	0.25471425	0.0	0.0	0.0	0.0	0.0	0.0	0.0	0.16010983	0.0	0.54481584	0.052183386	0.0	0.18394293	0.0	0.0
0.0	0.30736533	0.0	0.17936014	0.0	0.0	0.25809932	0.0	0.0	0.0	0.0	0.0	0.0	0.0	0.3433753	0.0	0.5120646	0.0	0.0	0.28743875	0.0	0.0	0.0	0.13633859	0.0	0.063586295	0.08699217	0.0	0.0	0.16631357	0.0	0.0	0.0	0.0	0.0	0.16666289	0.0	0.0	0.0	0.0	0.2762713	0.0	0.122406594	0.0	0.2767637	0.0	0.38929248	0.13367124	0.13932961	0.12895828	0.0	0.0	0.0	0.24745767	0.0	0.0	0.24611038	0.0	0.0	0.29920742	0.15710329	0.0	0.0	0.0	0.0	0.0	0.04713485	0.32482362	0.0	0.28246304	0.25407732	0.0	0.14475566	0.0	0.0	0.0	0.0	0.0	0.34537968	0.0	0.0	0.0	0.54906136	0.0	0.71101743	0.0	0.0	0.0	0.26852244	0.22110228	0.0	0.0	0.0	0.0	0.0	0.0	0.41624403	0.0	0.0	0.0	0.18448621	0.015009561	0.0	0.0	0.3567185	0.38868204	0.0	0.4435762	0.0	0.0	0.22225827	0.0	0.26176676	0.0	0.0	0.0	0.0	0.0	0.0	0.0	0.18128574	0.0	0.49748883	0.05228873	0.0	0.1516397	0.0	0.0
0.0	0.2791277	0.0	0.17660524	0.0	0.0	0.3115237	0.0	0.0	0.0	0.0	0.0	0.0	0.0	0.36304495	0.0	0.5464944	0.0	0.0	0.23513906	0.0	0.0	0.0	0.20980652	0.0	0.101265885	0.12028867	0.0	0.0	0.109507106	0.0	0.0	0.0	0.0	0.0	0.13532639	0.0	0.0	0.0	0.0	0.2099564	0.0	0.090748645	0.0	0.26892933	0.0	0.39145544	0.26556143	0.114064984	0.17719708	0.0	0.0	0.0	0.2185449	0.0	0.0	0.25059494	0.0	0.0	0.30226862	0.21494953	0.0	0.0	0.0	0.0	0.0	0.101968445	0.25673857	0.0	0.26932707	0.22340298	0.0	0.16275454	0.0	0.0	0.0	0.0	0.0	0.27520445	0.0	0.0	0.03938803	0.4845318	0.0	0.5178681	0.0	0.0	0.0	0.21386147	0.29194996	0.0	0.0	0.0	0.0	0.0	0.0	0.31563577	0.0	0.0	0.0	0.26527792	0.015142389	0.0	0.0	0.32956064	0.29362378	0.0	0.4022244	0.0	0.0	0.2071871	0.0	0.25215122	0.0	0.0	0.0	0.0	0.0	0.0	0.0	0.17152138	0.0	0.5309604	0.044565752	0.0	0.17832892	0.0	0.0
0.0	0.28825167	0.0	0.17903072	0.0	0.0	0.31586942	0.0	0.0	0.0	0.0	0.0	0.0	0.0	0.34869313	0.0	0.5528111	0.0	0.0	0.2363789	0.0	0.0	0.0	0.20807527	0.0	0.09983015	0.11262568	0.0	0.0	0.11493859	0.0	0.0	0.0	0.0	0.0	0.12204187	0.0	0.0	0.0	0.0	0.21230833	0.0	0.088124424	0.0	0.27735206	0.0	0.38947606	0.2679696	0.11285386	0.18441045	0.0	0.0	0.0	0.2067704	0.0	0.0	0.2500059	0.0	0.0	0.2949271	0.22052269	0.0	0.0	0.0	0.0	0.0	0.10676805	0.25108695	0.0	0.26202354	0.22342955	0.0010068963	0.16142188	0.0	0.0	0.0	0.0	0.0	0.27198455	0.0	0.0	0.037291013	0.4813551	0.0	0.50042236	0.0	0.0	0.0	0.20786291	0.2857759	0.0	0.0	0.0	0.0	0.0	0.0	0.31027773	0.0	0.0	0.0	0.26671398	0.018976739	0.0	0.0	0.33172047	0.28377548	0.0	0.39752457	0.0	0.0	0.20492601	0.0	0.24542241	0.0	0.0	0.0	0.0	0.0	0.0	0.0	0.16571443	0.0	0.5432373	0.04412095	0.0	0.17872019	0.0	0.0
0.0	0.2871826	0.0	0.17629142	0.0	0.0	0.30826053	0.0	0.0	0.0	0.0	0.0	0.0	0.0	0.3351537	0.0	0.54342324	0.0	0.0	0.2333967	0.0	0.0	0.0	0.20133774	0.0	0.094914794	0.101921655	0.0	0.0	0.11255602	0.0	0.0	0.0	0.0	0.0	0.11834339	0.0	0.0	0.0	0.0	0.20624024	0.0	0.08143728	0.0	0.2904215	0.0	0.38638854	0.26298326	0.11226625	0.19093756	0.0	0.0	0.0	0.2059238	0.0	0.0	0.25909796	0.0	0.0	0.2876453	0.22134799	0.0	0.0	0.0	0.0	0.0	0.10900674	0.24618609	0.0	0.2562106	0.22585337	0.0	0.16400988	0.0	0.0	0.0	0.0	0.0	0.26388097	0.0	0.0	0.029768111	0.48171186	0.0	0.48598126	0.0	0.0	0.0	0.20872252	0.2772124	0.0	0.0	0.0	0.0	0.0	0.0	0.30456862	0.0	0.0	0.0	0.26544654	0.019765876	0.0	0.0	0.33283556	0.27765694	0.0	0.39385173	0.0	0.0	0.20569111	0.0	0.2436256	0.0	0.0	0.0	0.0	0.0	0.0	0.0	0.16414654	0.0	0.53709334	0.04133365	0.0	0.17856263	0.0	0.0
0.0	0.29022208	0.0	0.17658867	0.0	0.0	0.32083812	0.0	0.0	0.0	0.0	0.0	0.0	0.0	0.3413495	0.0	0.55402136	0.0	0.0	0.23156805	0.0	0.0	0.0	0.20088415	0.0	0.09911403	0.11086298	0.0	0.0	0.11720133	0.0	0.0	0.0	0.0	0.0	0.11319878	0.0	0.0	0.0	0.0	0.21546413	0.0	0.0869024	0.0	0.27605054	0.0	0.39025292	0.2813387	0.10249951	0.19367582	0.0	0.0	0.0	0.18739425	0.0	0.0	0.25315112	0.0	0.0	0.2938997	0.22608219	0.0	0.0	0.0	0.0	0.0	0.11401043	0.2437769	0.0	0.25907347	0.21344495	0.0037768148	0.16438828	0.0	0.0	0.0	0.0	0.0	0.26557192	0.0	0.0	0.042129714	0.47364366	0.0	0.47650442	0.0	0.0	0.0	0.19456188	0.28264734	0.0	0.0	0.0	0.0	0.0	0.0	0.28855577	0.0	0.0	0.0	0.2786467	0.029780133	0.0	0.0	0.33230042	0.27603206	0.0	0.39659777	0.0	0.0	0.19856614	0.0	0.24487358	0.0	0.0	0.0	0.0	0.0	0.0	0.0	0.14886685	0.0	0.54502237	0.046794537	0.0	0.17482978	0.0	0.0
0.0	0.2652102	0.0	0.18091731	0.0	0.0	0.34557757	0.0	0.0	0.0	0.0	0.0	0.0	0.0	0.40857962	0.0	0.583347	0.0	0.0	0.22093332	0.0	0.0	0.0	0.24034888	0.0	0.1274864	0.15229851	0.0	0.0	0.11356955	0.0	0.0	0.0	0.0	0.0	0.12582476	0.0	0.0	0.0	0.0	0.22460401	0.0	0.10042993	0.0	0.21362062	0.0	0.38433424	0.2967868	0.119429044	0.17907743	0.0	0.0	0.0	0.18928282	0.0	0.0	0.22161168	0.0	0.0	0.3196704	0.2261635	0.0	0.0	0.0	0.0	0.0	0.11284962	0.2642481	0.0	0.28880203	0.2001282	0.00929543	0.17865562	0.0	0.0	0.0	0.0	0.0	0.28299424	0.0	0.0	0.061780285	0.4661275	0.0	0.5195657	0.0	0.0	0.0	0.1911215	0.31782535	0.0	0.0	0.0	0.0	0.0	0.0	0.30768934	0.0	0.0	0.0	0.29806423	0.037528228	0.0	0.0	0.3272133	0.3055585	0.0	0.40367976	0.0	0.0	0.19201	0.0	0.24770312	0.0	0.0	0.0	0.0	0.0	0.0	0.0	0.16371378	0.0	0.5375476	0.056979284	0.0	0.16793688	0.0	0.0
0.0	0.3117324	0.0	0.18150811	0.0	0.0	0.25551876	0.0	0.0	0.0	0.0	0.0	0.0	0.0	0.3461851	0.0	0.5146008	0.0	0.0	0.29785743	0.0	0.0	0.0	0.12890804	0.0	0.07847857	0.089419216	0.0	0.0	0.17650993	0.0	0.0	0.0	0.0	0.0	0.17026807	0.0	0.0	0.0	0.0	0.30773175	0.0	0.14074945	0.0	0.24890189	0.0	0.3826201	0.119889565	0.16044891	0.10754299	0.0	0.0	0.0	0.24869485	0.0	0.0	0.23470283	0.0	0.0	0.30668014	0.1433103	0.0	0.0	0.0	0.0	0.0	0.0327253	0.3551272	0.0	0.2848331	0.2514908	0.0	0.154436	0.0	0.0	0.0	0.0	0.0	0.3541361	0.0	0.0	0.0153522445	0.54270667	0.0	0.74725085	0.0	0.0	0.0	0.25921157	0.21494693	0.0	0.0	0.0	0.0	0.0	0.0	0.4316696	0.0	0.0	0.0	0.17104018	0.020900145	0.0	0.0	0.36719394	0.41157377	0.0	0.45334625	0.0	0.0	0.22324848	0.0	0.2642993	0.0	0.0	0.0	0.0	0.0	0.0	0.0	0.17658126	0.0	0.49323475	0.058851063	0.0	0.15634288	0.0	0.0
0.0	0.32154027	0.0	0.18758227	0.0	0.0	0.25890547	0.0	0.0	0.0	0.0	0.0	0.0	0.0	0.3618126	0.0	0.5185118	0.0	0.0	0.3084212	0.0	0.0	0.0	0.14393033	0.0	0.094001226	0.09090421	0.0	0.0	0.1635544	0.0	0.0	0.0	0.0	0.0	0.19388871	0.0	0.0	0.0	0.0	0.30187675	0.0	0.15311942	0.0	0.24003088	0.0	0.38090625	0.14599733	0.16850792	0.11864533	0.0	0.0	0.0	0.24153845	0.0	0.0	0.23498648	0.0	0.0	0.32793376	0.16168652	0.0	0.0	0.0	0.0	0.0	0.03815456	0.36257052	0.0	0.29290786	0.22494519	0.0	0.14349031	0.0	0.0	0.0	0.0	0.0	0.34413597	0.0	0.0	0.027387202	0.5481101	0.0	0.755637	0.0	0.0	0.0	0.25036755	0.20034368	0.0	0.0	0.0	0.0	0.0	0.0	0.4492528	0.0	0.0	0.0	0.17173658	0.02909734	0.0	0.0	0.34684458	0.42153826	0.0	0.44728732	0.0	0.0	0.21043094	0.0	0.27638695	0.0	0.0	0.0	0.0	0.0	0.0	0.0	0.17489369	0.0	0.49946526	0.073831566	0.0	0.15880556	0.0	0.0
0.0	0.28000772	0.0	0.17036884	0.0	0.0	0.30663905	0.0	0.0	0.0	0.0	0.0	0.0	0.0	0.34923574	0.0	0.5435309	0.0	0.0	0.22896355	0.0	0.0	0.0	0.19861524	0.0	0.08481085	0.10978988	0.0	0.0	0.103638284	0.0	0.0	0.0	0.0	0.0	0.13950841	0.0	0.0	0.0	0.0	0.19101769	0.0	0.077427626	0.0	0.28052273	0.0	0.39632845	0.2664142	0.09677005	0.17968738	0.0	0.0	0.0	0.2202789	0.0	0.0	0.2537981	0.0	0.0	0.28390497	0.21340467	0.0	0.0	0.0	0.0	0.0	0.11300031	0.25032726	0.0	0.25496793	0.22342122	0.00042803586	0.15378958	0.0	0.0	0.0	0.0	0.0	0.2574967	0.0	0.0	0.023548791	0.47376195	0.0	0.5079201	0.0	0.0	0.0	0.2210563	0.29325107	0.0	0.0	0.0	0.0	0.0	0.0	0.30086383	0.0	0.0	0.0	0.26952133	0.008059242	0.0	0.0	0.32033056	0.28477737	0.0	0.4095594	0.0	0.0	0.21026568	0.0	0.26092008	0.0	0.0	0.0	0.0	0.0	0.0	0.0	0.16872083	0.0	0.5263412	0.047614936	0.0	0.18031411	0.0	0.0
0.0	0.25258005	0.0	0.1915072	0.0	0.0	0.36132932	0.0	0.0	0.0	0.0	0.0	0.0	0.0	0.42493358	0.0	0.607997	0.0	0.0	0.22729838	0.0	0.0	0.0	0.24235594	0.0	0.12763275	0.16728371	0.0	0.0	0.13332881	0.0	0.0	0.0	0.0	0.0	0.12122198	0.0	0.0	0.0	0.0	0.21177816	0.0	0.10288113	0.0	0.20255709	0.0	0.4042844	0.30060387	0.11106682	0.16770017	0.0	0.0	0.0	0.1976751	0.0	0.0	0.19630957	0.0	0.0	0.3139264	0.23673022	0.0	0.0	0.0	0.0	0.0	0.12391471	0.25881004	0.0	0.30481184	0.20492972	0.012608179	0.18807857	0.0	0.0	0.0	0.0	0.0	0.2753307	0.0	0.0	0.06076935	0.45710063	0.0	0.52546155	0.0	0.0	0.0	0.2052933	0.32579663	0.0	0.0	0.0	0.0	0.0	0.0	0.3133569	0.0	0.0	0.0	0.29172507	0.03604101	0.0	0.0	0.3279539	0.31104836	0.0	0.4104352	0.0	0.0	0.20643435	0.0	0.23863198	0.0	0.0	0.0	0.0	0.0	0.0	0.0	0.1622328	0.0	0.55408597	0.055476602	0.0	0.16772254	0.0	0.0
0.0	0.25189635	0.0	0.18035151	0.0	0.0	0.35737434	0.0	0.0	0.0	0.0	0.0	0.0	0.0	0.44638982	0.0	0.59843564	0.0	0.0	0.2175277	0.0	0.0	0.0	0.24995482	0.0	0.13397072	0.17393088	0.0	0.0	0.11242604	0.0	0.0	0.0	0.0	0.0	0.12901996	0.0	0.0	0.0	0.0	0.22995038	0.0	0.1151132	0.0	0.17797595	0.0	0.38306347	0.30692926	0.11932346	0.17521286	0.0	0.0	0.0	0.18371741	0.0	0.0	0.20421536	0.0	0.0	0.33527112	0.21683861	0.0	0.0	0.0	0.0	0.0068752137	0.1063207	0.28077886	0.0	0.29775873	0.18284334	0.016265122	0.18593621	0.0	0.0	0.0	0.0	0.0	0.29789963	0.0	0.0	0.076641954	0.46026316	0.0	0.5394867	0.0	0.0	0.0	0.17592557	0.33430576	0.0	0.0	0.0	0.0	0.0	0.0	0.3177694	0.0	0.0	0.0	0.29732826	0.03966197	0.0	0.0	0.32878748	0.32219657	0.0	0.41779053	0.0	0.0	0.1932076	0.0	0.24785137	0.0	0.0	0.0	0.0	0.0	0.0	0.0	0.1623029	0.0	0.5336502	0.05604011	0.0	0.1656832	0.0	0.0
0.0	0.27863812	0.0	0.17369543	0.0	0.0	0.30741298	0.0	0.0	0.0	0.0	0.0	0.0	0.0	0.35098982	0.0	0.54352295	0.0	0.0	0.22969592	0.0	0.0	0.0	0.20161176	0.0	0.09996423	0.111878835	0.0	0.0	0.10563884	0.0	0.0	0.0	0.0	0.0	0.12968571	0.0	0.0	0.0	0.0	0.21679181	0.0	0.08192717	0.0	0.2825624	0.0	0.3902893	0.27338713	0.11326572	0.1908672	0.0	0.0	0.0	0.2136098	0.0	0.0	0.2656915	0.0	0.0	0.30084136	0.22506575	0.0	0.0	0.0	0.0	0.0	0.10856212	0.2527112	0.0	0.26672986	0.21890767	0.0	0.16207616	0.0	0.0	0.0	0.0	0.0	0.26223445	0.0	0.0	0.033809546	0.4907663	0.0	0.49530336	0.0	0.0	0.0	0.20949419	0.2807512	0.0	0.0	0.0	0.0	0.0	0.0	0.29794982	0.0	0.0	0.0	0.27121207	0.020749161	0.0	0.0	0.3300359	0.28262332	0.0	0.40010062	0.0	0.0	0.20153181	0.0	0.2503303	0.0	0.0	0.0	0.0	0.0	0.0	0.0	0.16628613	0.0	0.52896506	0.04459845	0.0	0.17581582	0.0	0.0
0.0	0.27889284	0.0	0.17951894	0.0	0.0	0.34096894	0.0	0.0	0.0	0.0	0.0	0.0	0.0	0.389977	0.0	0.5772998	0.0	0.0	0.2321589	0.0	0.0	0.0	0.2291311	0.0	0.11989059	0.13063338	0.0	0.0	0.11391892	0.0	0.0	0.0	0.0	0.0	0.11396617	0.0	0.0	0.0	0.0	0.22404583	0.0	0.09287539	0.0	0.24863851	0.0	0.38578382	0.2976854	0.110063046	0.18275099	0.0	0.0	0.0	0.1869963	0.0	0.0	0.23811696	0.0	0.0	0.30937734	0.23124939	0.0	0.0	0.0	0.0	0.0	0.11431217	0.25517046	0.0	0.27326325	0.20135187	0.009433673	0.17001529	0.0	0.0	0.0	0.0	0.0	0.27222636	0.0	0.0	0.05222379	0.47049603	0.0	0.49825343	0.0	0.0	0.0	0.18484402	0.30156252	0.0	0.0	0.0	0.0	0.0	0.0	0.30559322	0.0	0.0	0.0	0.292871	0.035884332	0.0	0.0	0.32609934	0.2876483	0.0	0.39686894	0.0	0.0	0.19833268	0.0	0.24095726	0.0	0.0	0.0	0.0	0.0	0.0	0.0	0.15524235	0.0	0.5463123	0.055503722	0.0	0.17740087	0.0	0.0
0.0	0.2644674	0.0	0.17734902	0.0	0.0	0.33340636	0.0	0.0	0.0	0.0	0.0	0.0	0.0	0.4114609	0.0	0.57283694	0.0	0.0	0.22047102	0.0	0.0	0.0	0.23556662	0.0	0.12436956	0.15404417	0.0	0.0	0.1093274	0.0	0.0	0.0	0.0	0.0	0.13517733	0.0	0.0	0.0	0.0	0.22753525	0.0	0.106139846	0.0	0.21223943	0.0	0.38522157	0.29339048	0.11846769	0.17402153	0.0	0.0	0.0	0.19369102	0.0	0.0	0.23021054	0.0	0.0	0.32076207	0.21695055	0.0	0.0	0.0	0.0	0.0031597465	0.10470877	0.26827648	0.0	0.28853372	0.20410693	0.007893015	0.1804799	0.0	0.0	0.0	0.0	0.0	0.28959748	0.0	0.0	0.06967849	0.47086075	0.0	0.5262913	0.0	0.0	0.0	0.18723172	0.31736895	0.0	0.0	0.0	0.0	0.0	0.0	0.31286	0.0	0.0	0.0	0.29091123	0.03394689	0.0	0.0	0.32804894	0.30545595	0.0	0.40782157	0.0	0.0	0.19171757	0.0	0.2480429	0.0	0.0	0.0	0.0	0.0	0.0	0.0	0.16733189	0.0	0.5286329	0.05172424	0.0	0.16916855	0.0	0.0
0.0	0.26849148	0.0	0.17037022	0.0	0.0	0.31376192	0.0	0.0	0.0	0.0	0.0	0.0	0.0	0.37374854	0.0	0.55154467	0.0	0.0	0.22827576	0.0	0.0	0.0	0.2093413	0.0	0.10643778	0.12376385	0.0	0.0	0.11040986	0.0	0.0	0.0	0.0	0.0	0.11717	0.0	0.0	0.0	0.0	0.22027576	0.0	0.098101296	0.0	0.24471283	0.0	0.37485704	0.26114103	0.112413146	0.17540461	0.0	0.0	0.0	0.20507126	0.0	0.0	0.24061792	0.0	0.0	0.30279624	0.21051335	0.0	0.0	0.0	0.0	0.0	0.0946989	0.26720253	0.0	0.26577267	0.21525224	0.00060934824	0.17743826	0.0	0.0	0.0	0.0	0.0	0.28672585	0.0	0.0	0.039730635	0.47444558	0.0	0.518549	0.0	0.0	0.0	0.1922859	0.29561284	0.0	0.0	0.0	0.0	0.0	0.0	0.31369042	0.0	0.0	0.0	0.27482095	0.026116097	0.0	0.0	0.3384544	0.29469928	0.0	0.39553472	0.0	0.0	0.20720756	0.0	0.2304823	0.0	0.0	0.0	0.0	0.0	0.0	0.0	0.16916431	0.0	0.5190134	0.043849375	0.0	0.17182823	0.0	0.0
0.0	0.2742733	0.0	0.17169763	0.0	0.0	0.32073036	0.0	0.0	0.0	0.0	0.0	0.0	0.0	0.3554982	0.0	0.5529888	0.0	0.0	0.21944241	0.0	0.0	0.0	0.21568817	0.0	0.10366755	0.113002874	0.0	0.0	0.09882364	0.0	0.0	0.0	0.0	0.0	0.14030479	0.0	0.0	0.0	0.0	0.19563155	0.0	0.06587676	0.0	0.29533863	0.0	0.39922646	0.29195744	0.11204004	0.20305037	0.0	0.0	0.0	0.21706529	0.0	0.0	0.26928827	0.0	0.0	0.2970333	0.2384239	0.0	0.0	0.0	0.0	0.0	0.12292382	0.24023531	0.0	0.26473126	0.21505074	0.0	0.15512973	0.0	0.0	0.0	0.0	0.0	0.24313827	0.0	0.0	0.034753233	0.4833443	0.0	0.4749043	0.0	0.0	0.0	0.22685997	0.2850956	0.0	0.0	0.0	0.0	0.0	0.0	0.28881845	0.0	0.0	0.0	0.27975693	0.02338612	0.0	0.0	0.30950508	0.2705287	0.0	0.39970508	0.0	0.0	0.20330799	0.0	0.26413932	0.0	0.0	0.0	0.0	0.0	0.0	0.0	0.16985993	0.0	0.5349367	0.04613099	0.0	0.17276634	0.0	0.0
0.0	0.2828916	0.0	0.17016365	0.0	0.0	0.31420386	0.0	0.0	0.0	0.0	0.0	0.0	0.0	0.32798442	0.0	0.54436094	0.0	0.0	0.22214128	0.0	0.0	0.0	0.19848496	0.0	0.09109867	0.10196936	0.0	0.0	0.10398794	0.0	0.0	0.0	0.0	0.0	0.11393628	0.0	0.0	0.0	0.0	0.19483298	0.0	0.07314385	0.0	0.28161433	0.0	0.3885726	0.27827194	0.10373887	0.20012772	0.0	0.0	0.0	0.19635409	0.0	0.0	0.24900591	0.0	0.0	0.28046986	0.22480857	0.0	0.0	0.0	0.0	0.0	0.116885245	0.23718335	0.0	0.24609365	0.20988236	0.0016496144	0.16613285	0.0	0.0	0.0	0.0	0.0	0.2551042	0.0	0.0	0.027883157	0.4628277	0.0	0.46716642	0.0	0.0	0.0	0.21194153	0.27931342	0.0	0.0	0.0	0.0	0.0	0.0	0.28944525	0.0	0.0	0.0	0.2710832	0.013940816	0.0	0.0	0.3256799	0.27269718	0.0	0.39970645	0.0	0.0	0.20577101	0.0	0.2502602	0.0	0.0	0.0	0.0	0.0	0.0	0.0	0.15024701	0.0	0.5294735	0.044971813	0.0	0.17404656	0.0	0.0
0.0	0.28751692	0.0	0.17969723	0.0	0.0	0.32393813	0.0	0.0	0.0	0.0	0.0	0.0	0.0	0.34538588	0.0	0.55800307	0.0	0.0	0.23084456	0.0	0.0	0.0	0.20595698	0.0	0.09787	0.106619716	0.0	0.0	0.11181382	0.0	0.0	0.0	0.0	0.0	0.116401255	0.0	0.0	0.0	0.0	0.2016716	0.0	0.07711356	0.0	0.2887645	0.0	0.39347506	0.28236085	0.104709364	0.19357581	0.0	0.0	0.0	0.19809902	0.0	0.0	0.2528399	0.0	0.0	0.28738716	0.2310142	0.0	0.0	0.0	0.0	0.0	0.12076837	0.24053742	0.0	0.25613326	0.21518238	0.004253195	0.15493304	0.0	0.0	0.0	0.0	0.0	0.25025412	0.0	0.0	0.030961374	0.4747909	0.0	0.4764948	0.0	0.0	0.0	0.20616062	0.28217512	0.0	0.0	0.0	0.0	0.0	0.0	0.29637384	0.0	0.0	0.0	0.27553988	0.023703499	0.0	0.0	0.32413158	0.2704979	0.0	0.39834073	0.0	0.0	0.20657647	0.0	0.25216797	0.0	0.0	0.0	0.0	0.0	0.0	0.0	0.15625875	0.0	0.5478911	0.047053237	0.0	0.18300253	0.0	0.0
0.0	0.29050377	0.0	0.18742557	0.0	0.0	0.29786918	0.0	0.0	0.0	0.0	0.0	0.0	0.0	0.44587386	0.0	0.5591946	0.0	0.0	0.27732384	0.0	0.0	0.0	0.21225597	0.0	0.08695257	0.107926905	0.0	0.0	0.124715805	0.0	0.0	0.0	0.0	0.0	0.17754479	0.0	0.0	0.0	0.0	0.23130538	0.0	0.13831025	0.0	0.20201504	0.0	0.39154896	0.22880705	0.13890694	0.14258265	0.0	0.0	0.0	0.23583911	0.0	0.0	0.18611439	0.0	0.0	0.31753382	0.18943708	0.0	0.0	0.0	0.0	0.0	0.075351596	0.31419885	0.0	0.29821992	0.20729034	0.0	0.15392922	0.0	0.0	0.0	0.0	0.0	0.3096918	0.0	0.0	0.004967004	0.53174925	0.0	0.69852287	0.0	0.0	0.0	0.24972756	0.25752297	0.0	0.0	0.0	0.0	0.0	0.0	0.44445977	0.0	0.0	0.0	0.21359427	0.041444454	0.0	0.0	0.33059096	0.4069558	0.0	0.47123846	0.0	0.0	0.19689196	0.0	0.27629885	0.0	0.0	0.0	0.0	0.0	0.0	0.0	0.1707331	0.0	0.50951874	0.06856548	0.0	0.18201141	0.0	0.0
0.0	0.3074465	0.0	0.19429116	0.0	0.0	0.32111725	0.0	0.0	0.0	0.0	0.0	0.0	0.0	0.4166772	0.0	0.5729101	0.0	0.0	0.24271846	0.0	0.0	0.0	0.18753316	0.0	0.08462075	0.086277485	0.0	0.0	0.10905459	0.0	0.0	0.0	0.0	0.0	0.13756241	0.0	0.0	0.0	0.0	0.2487539	0.0	0.13985758	0.0	0.2328989	0.0	0.38067284	0.24346162	0.10566685	0.19339909	0.0	0.0	0.0	0.1744534	0.0	0.0	0.20986106	0.0	0.0	0.29060522	0.19056119	0.0	0.0	0.0	0.0	0.0	0.09787039	0.29338565	0.0	0.28314927	0.16666393	0.0	0.1554305	0.0	0.0	0.0	0.0	0.0	0.2749147	0.0	0.0	0.0031124875	0.5097475	0.0	0.6171458	0.0	0.0	0.0	0.1958456	0.24516504	0.0	0.0	0.0	0.0	8.306156e-06	0.0	0.3733627	0.0	0.0	0.0	0.25956282	0.024404919	0.0	0.0	0.34150162	0.37096313	0.0	0.4575446	0.0	0.0	0.20541255	0.0	0.26277065	0.0	0.0	0.0	0.0	0.0	0.0	0.0	0.120500736	0.0	0.5061683	0.079147205	0.0	0.18444431	0.0	0.0
0.0	0.31233844	0.0	0.21664901	0.0	0.0	0.33859634	0.0	0.0	0.0	0.0	0.0	0.0	0.0	0.44156376	0.0	0.6130784	0.0	0.0	0.2787349	0.0	0.0	0.0	0.1949621	0.0	0.08743916	0.12478849	0.0	0.0	0.12454319	0.011667907	0.0	0.0	0.0	0.0	0.13446999	0.0	0.0	0.0	0.0	0.22451383	0.0	0.15440081	0.0	0.17483431	0.0	0.38558516	0.26915327	0.14204258	0.18191998	0.0	0.0	0.0	0.19209325	0.0	0.0	0.1672992	0.0	0.0	0.31095752	0.20542127	0.0	0.0	0.0	0.0	0.0	0.13041571	0.29845724	0.0	0.3052887	0.15241967	0.0	0.18117571	0.0	0.0	0.0	0.0	0.0	0.27522436	0.0	0.0	0.019320747	0.48782578	0.0	0.65342194	0.0	0.0	0.0	0.2041891	0.25594914	0.0	0.0	0.0	0.0	0.03630518	0.0	0.43398273	0.0	0.0	0.0	0.25335005	0.0607667	0.0	0.0	0.3462131	0.43441644	0.0	0.4420326	0.0	0.0	0.20497441	0.0	0.24918497	0.0	0.0	0.0	0.0	0.0	0.0	0.0	0.1291648	0.0	0.5119903	0.12354835	0.0	0.18111789	0.0	0.0
0.0	0.29902074	0.0	0.1710784	0.0	0.0	0.26756835	0.0	0.0	0.0	0.0	0.0	0.0	0.0	0.36479244	0.0	0.5205155	0.0	0.0	0.27321866	0.0	0.0	0.0	0.16536231	0.0	0.060020667	0.09368839	0.0	0.0	0.11991031	0.0	0.0	0.0	0.0	0.0	0.17929274	0.0	0.0	0.0	0.0	0.24307267	0.0	0.11484323	0.0	0.25091878	0.0	0.39843965	0.19770356	0.12080952	0.1570365	0.0	0.0	0.0	0.24589896	0.0	0.0	0.24279368	0.0	0.0	0.3053576	0.17259026	0.0	0.0	0.0	0.0	0.0	0.062107842	0.29671147	0.0	0.27945057	0.24552082	0.0	0.14440434	0.0	0.0	0.0	0.0	0.0	0.32129255	0.0	0.0	0.0024720218	0.52663606	0.0	0.6578348	0.0	0.0	0.0	0.25401	0.24398415	0.0	0.0	0.0	0.0	0.0	0.0	0.38904712	0.0	0.0	0.0	0.20514995	0.017910924	0.0	0.0	0.33293107	0.3793727	0.0	0.45178497	0.0	0.0	0.20498276	0.0	0.27861872	0.0	0.0	0.0	0.0	0.0	0.0	0.0	0.1758616	0.0	0.49309286	0.043801088	0.0	0.16400428	0.0	0.0
0.0	0.28530782	0.0	0.19868575	0.0	0.0	0.3576273	0.0	0.0	0.0	0.0	0.0	0.0	0.0	0.45804465	0.0	0.60063165	0.0	0.0	0.24161784	0.0	0.0	0.0	0.2318366	0.0	0.10100541	0.16203895	0.0	0.0	0.117097236	0.0	0.0	0.0	0.0	0.0	0.11851471	0.0	0.0	0.0	0.0	0.22809167	0.0	0.15373679	0.0	0.16331995	0.0	0.3806242	0.30324182	0.113585174	0.18703194	0.0	0.0	0.0	0.15885985	0.0	0.0	0.16960506	0.0	0.0	0.32770827	0.21459983	0.0	0.0	0.0	0.0	0.0	0.13389765	0.3031945	0.0	0.31059766	0.14633669	0.009736531	0.15579225	0.0	0.0	0.0	0.0	0.0	0.2892023	0.0	0.0	0.03986439	0.48491085	0.0	0.58082324	0.0	0.0	0.0	0.1715359	0.31221482	0.0	0.0	0.0	0.0	0.0	0.0	0.35699478	0.0	0.0	0.0	0.29294387	0.030911656	0.0	0.0	0.34474978	0.35849953	0.0	0.45431614	0.0	0.0	0.19012912	0.0	0.26344296	0.0	0.0	0.0	0.0	0.0	0.0	0.0	0.127571	0.0	0.52896553	0.08389616	0.0	0.18866639	0.0	0.0
0.0	0.27431795	0.0	0.22367041	0.0	0.0	0.36040282	0.0	0.0	0.0	0.0	0.0	0.0	0.0	0.5279687	0.0	0.621057	0.0	0.0	0.25130168	0.0	0.0	0.0	0.23271585	0.0	0.10517762	0.14081909	0.0	0.0	0.121596605	0.0	0.0	0.0	0.0	0.0	0.11950187	0.0	0.0	0.0	0.0	0.20838608	0.0	0.14542161	0.0	0.19192226	0.0	0.38435474	0.32179216	0.116619386	0.1995037	0.0	0.0	0.0	0.19608672	0.0	0.0	0.16088088	0.0	0.0	0.32109454	0.23508699	0.0	0.0	0.0	0.0	0.0	0.12078253	0.3289572	0.0	0.3148178	0.11512189	0.009454048	0.15470974	0.0	0.0	0.0	0.0	0.0	0.26358494	0.0	0.0	0.0043253438	0.5220247	0.0	0.6258194	0.0	0.0	0.0	0.19868498	0.29039136	0.0	0.0	0.0	0.0	0.0	0.0	0.39280972	0.0	0.0	0.0	0.30965278	0.04976185	0.0	0.0	0.33411765	0.38415894	0.0	0.46974072	0.0	0.0	0.1866516	0.0	0.2645385	0.0	0.0	0.0	0.0	0.0	0.0	0.0	0.12826636	0.0	0.5232372	0.114350624	0.0	0.17725731	0.0	0.0
0.0	0.31267735	0.0	0.23811139	0.0	0.0	0.37140906	0.0	0.0	0.0	0.0	0.0	0.0	0.0	0.49267435	0.0	0.64660394	0.0	0.004311511	0.26805893	0.0	0.0	0.0	0.2329603	0.0	0.11611458	0.13909204	0.0	0.0	0.12751232	0.0	0.0	0.0	0.0	0.0	0.11799552	0.0	0.0	0.0	0.0	0.211955	0.0	0.15296687	0.0	0.17619956	0.0	0.37090874	0.32107306	0.118541814	0.18763657	0.0	0.0	0.0	0.18004818	0.0	0.0	0.16641764	0.0	0.0	0.30761752	0.22840543	0.0	0.0	0.0	0.0	0.0	0.16232927	0.2950965	0.0	0.30399075	0.12843111	0.0	0.14521001	0.0	0.0	0.0	0.0	0.0	0.249299	0.0	0.0	0.0018515153	0.48521736	0.0	0.6316038	0.0105419075	0.0	0.0	0.18966155	0.277347	0.0	0.0	0.0	0.0	0.029475994	0.0	0.42431757	0.0	0.0	0.0	0.2967541	0.058632016	0.0	0.0	0.32156166	0.41302308	0.0	0.44831428	0.0	0.0	0.2009697	0.0	0.2610048	0.0	0.0	0.0	0.0	0.0	0.0	0.0	0.11204455	0.0	0.5454268	0.13666129	0.0	0.182669	0.0	0.0
0.0	0.27818093	0.0	0.18073739	0.0	0.0	0.30491003	0.0	0.0	0.0	0.0	0.0	0.0	0.0	0.47112966	0.0	0.5432705	0.0	0.0	0.2795885	0.0	0.0	0.0	0.20261963	0.0	0.052092683	0.10122285	0.0	0.0	0.13167702	0.0	0.0	0.0	0.0	0.0	0.17606187	0.0	0.0	0.0	0.0	0.24669562	0.0	0.15150742	0.0	0.19635342	0.0	0.39963183	0.20475358	0.12885286	0.14898561	0.0	0.0	0.0	0.23412032	0.0	0.0	0.18360676	0.0	0.0	0.32204437	0.18128456	0.0	0.0	0.0	0.0	0.0	0.061136324	0.3433349	0.0	0.29894164	0.19216926	0.0	0.17203702	0.0	0.0	0.0	0.0	0.0	0.32635114	0.0	0.0	0.017784787	0.5409141	0.0	0.7342348	0.011848491	0.0	0.0	0.24166162	0.2719981	0.0	0.0	0.0	0.0	0.0	0.0	0.43743238	0.0	0.0	0.0	0.2226625	0.029309606	0.0	0.0	0.34801236	0.41653863	0.0	0.46996346	0.0	0.0	0.1973898	0.0	0.2808616	0.0	0.0	0.0	0.0	0.0	0.0	0.0	0.17537566	0.0	0.48120227	0.070717506	0.0	0.18082392	0.0	0.0
0.0	0.29448137	0.0	0.18098526	0.0	0.0	0.29759297	0.0	0.0	0.0	0.0	0.0	0.0	0.0	0.42352876	0.0	0.554382	0.0	0.0	0.27337557	0.0	0.0	0.0	0.1998276	0.0	0.08273245	0.1230796	0.0	0.0	0.12012071	0.0	0.0	0.0	0.0	0.0	0.16717084	0.0	0.0	0.0	0.0	0.22641425	0.0	0.14117998	0.0	0.1996033	0.0	0.39337468	0.24054635	0.13259538	0.15481986	0.0	0.0	0.0	0.21742451	0.0	0.0	0.19609709	0.0	0.0	0.3166536	0.18369259	0.0	0.0	0.0	0.0	0.0	0.08221003	0.29435906	0.0	0.2952312	0.20499438	0.0	0.14956738	0.0	0.0	0.0	0.0	0.0	0.30849424	0.0	0.0	0.0117717385	0.5166684	0.0	0.6710132	0.0	0.0	0.0	0.23254895	0.27302787	0.0	0.0	0.0	0.0	0.0	0.0	0.4107363	0.0	0.0	0.0	0.22905672	0.033923704	0.0	0.0	0.33628812	0.39642712	0.0	0.46050978	0.0	0.0	0.19413699	0.0	0.26644298	0.0	0.0	0.0	0.0	0.0	0.0	0.0	0.16342841	0.0	0.5005754	0.064701535	0.0	0.17492168	0.0	0.0
0.0	0.27280644	0.0	0.16881989	0.0	0.0	0.315083	0.0	0.0	0.0	0.0	0.0	0.0	0.0	0.4320258	0.0	0.53947264	0.0	0.0	0.24508913	0.0	0.0	0.0	0.20880763	0.0	0.07257086	0.11682565	0.0	0.0	0.11334995	0.0	0.0	0.0	0.0	0.0	0.17496209	0.0	0.0	0.0	0.0	0.20879288	0.0	0.13778155	0.0	0.19197197	0.0	0.398922	0.24718015	0.12005339	0.1681152	0.0	0.0	0.0	0.22220181	0.0	0.0	0.1819586	0.0	0.0	0.3224191	0.19479044	0.0	0.0	0.0	0.0	0.0	0.080294184	0.31464294	0.0	0.30064282	0.19254935	0.0	0.16825563	0.0	0.0	0.0	0.0	0.0	0.31391168	0.0	0.0	0.022394568	0.5157932	0.0	0.63842577	0.0	0.0	0.0	0.24196272	0.2889087	0.0	0.0	0.0	0.0	0.0	0.0	0.40154853	0.0	0.0	0.0	0.23289795	0.025891786	0.0	0.0	0.33838877	0.39234838	0.0	0.4665972	0.0	0.0	0.18926693	0.0	0.28474602	0.0	0.0	0.0	0.0	0.0	0.0	0.0	0.17040378	0.0	0.4978111	0.06796581	0.0	0.1853409	0.0	0.0
0.0	0.2952226	0.0	0.18727587	0.0	0.0	0.3107135	0.0	0.0	0.0	0.0	0.0	0.0	0.0	0.42713773	0.0	0.5597005	0.0	0.0	0.2684976	0.0	0.0	0.0	0.19729818	0.0	0.07897609	0.119569145	0.0	0.0	0.11537066	0.0	0.0	0.0	0.0	0.0	0.15082143	0.0	0.0	0.0	0.0	0.2307118	0.0	0.14278758	0.0	0.21257858	0.0	0.3950516	0.25096643	0.1177355	0.1654696	0.0	0.0	0.0	0.20059073	0.0	0.0	0.19689302	0.0	0.0	0.3130485	0.192532	0.0	0.0	0.0	0.0	0.0	0.09578517	0.29701906	0.0	0.29646537	0.19006431	0.0	0.14451537	0.0	0.0	0.0	0.0	0.0	0.2945478	0.0	0.0	0.0046834187	0.5144513	0.0	0.63750225	0.0	0.0	0.0	0.2130748	0.27221802	0.0	0.0	0.0	0.0	0.0	0.0	0.396307	0.0	0.0	0.0	0.24023111	0.023177564	0.0	0.0	0.3390909	0.38219762	0.0	0.46664247	0.0	0.0	0.2032788	0.0	0.26181054	0.0	0.0	0.0	0.0	0.0	0.0	0.0	0.14277087	0.0	0.5094702	0.070128195	0.0	0.18262301	0.0	0.0
0.0	0.31165457	0.0	0.24648578	0.0	0.0	0.34588063	0.0	0.0	0.0	0.0	0.0	0.0	0.0	0.5131306	0.0	0.63878196	0.0	0.0	0.27083582	0.0	0.0	0.0	0.24263115	0.0	0.12054507	0.13086356	0.0	0.0	0.13449945	0.0	0.0	0.0	0.0	0.0	0.15750922	0.0	0.0	0.0	0.0	0.20581438	0.0	0.16484962	0.0	0.18928754	0.0	0.3746531	0.29326054	0.12531756	0.17303169	0.0	0.0	0.0	0.2065507	0.0	0.0	0.1580146	0.0	0.0	0.31617585	0.23520188	0.0	0.0	0.0	0.0	0.0	0.11795052	0.3165075	0.0	0.32665697	0.13000265	0.0	0.14102982	0.0	0.0	0.0	0.0	0.0	0.2629001	0.0	0.0	0.0	0.5265435	0.0	0.69263864	0.019224996	0.0	0.0	0.22315437	0.26195017	0.0	0.0	0.0	0.0	0.01659093	0.0	0.47144428	0.0	0.0	0.0	0.27179193	0.07630231	0.0	0.0	0.3214138	0.4430137	0.0	0.49043974	0.0	0.0	0.20436613	0.0	0.27060422	0.0	0.0	0.0	0.0	0.0	0.0	0.0	0.13033633	0.0	0.5449674	0.11886903	0.0	0.17718309	0.0	0.0
0.0	0.29800132	0.0	0.18888508	0.0	0.0	0.3037542	0.0	0.0	0.0	0.0	0.0	0.0	0.0	0.45696047	0.0	0.5655987	0.0	0.0	0.28714743	0.0	0.0	0.0	0.2215572	0.0	0.08577207	0.1325638	0.0	0.0	0.13119382	0.0	0.0	0.0	0.0	0.0	0.17965972	0.0	0.0	0.0	0.0	0.22766261	0.0	0.14999427	0.0	0.18048586	0.0	0.3968816	0.23920548	0.13745262	0.13704179	0.0	0.0	0.0	0.22726542	0.0	0.0	0.17900877	0.0	0.0	0.33697006	0.18699288	0.0	0.0	0.0	0.0	0.0	0.08315739	0.31667575	0.0	0.30996403	0.20166542	0.0	0.15243095	0.0	0.0	0.0	0.0	0.0	0.32647958	0.0	0.0	0.025544824	0.5249925	0.0	0.712553	0.003424174	0.0	0.0	0.24502027	0.27761468	0.0	0.0	0.0	0.0	0.0	0.0	0.45391893	0.0	0.0	0.0	0.21847062	0.044723142	0.0	0.0	0.33145824	0.42718312	0.0	0.47032237	0.0	0.0	0.19149081	0.0	0.27547693	0.0	0.0	0.0	0.0	0.0	0.0	0.0	0.1681093	0.0	0.50895953	0.06679419	0.0	0.17008443	0.0	0.0
0.0	0.31891719	0.0	0.21228707	0.0	0.0	0.31843245	0.0	0.0	0.0	0.0	0.0	0.0	0.0	0.4593158	0.0	0.5934732	0.0	0.0	0.29335284	0.0	0.0	0.0	0.21625431	0.0	0.09668783	0.13033621	0.0	0.0	0.13795297	0.0	0.0	0.0	0.0	0.0	0.1699776	0.0	0.0	0.0	0.0	0.23440187	0.0	0.1515872	0.0	0.18375121	0.0	0.38634256	0.25025788	0.14331843	0.14974172	0.0	0.0	0.0	0.2040339	0.0	0.0	0.17432535	0.0	0.0	0.32594648	0.19891597	0.0	0.0	0.0	0.0	0.0	0.08921216	0.3148819	0.0	0.30452424	0.17431597	0.0	0.143873	0.0	0.0	0.0	0.0	0.0	0.3105298	0.0	0.0	0.012341584	0.520183	0.0	0.7182502	0.0	0.0	0.0	0.22706246	0.25102115	0.0	0.0	0.0	0.0	0.025314584	0.0	0.46835086	0.0	0.0	0.0	0.22759016	0.06198522	0.0	0.0	0.32546714	0.44805685	0.0	0.47191104	0.0	0.0	0.18728025	0.0	0.2626934	0.0	0.0	0.0	0.0	0.0	0.0	0.0	0.14446443	0.0	0.5233718	0.0843681	0.0	0.16520165	0.0	0.0
0.0	0.29581872	0.0	0.18439919	0.0	0.0	0.27841282	0.0	0.0	0.0	0.0	0.0	0.0	0.0	0.42345884	0.0	0.5454739	0.0	0.0	0.2728379	0.0	0.0	0.0	0.1763482	0.0	0.08111798	0.102603815	0.0	0.0	0.12865405	0.0	0.0	0.0	0.0	0.0	0.17157793	0.0	0.0	0.0	0.0	0.28251833	0.0	0.1457644	0.0	0.1940058	0.0	0.383785	0.17654543	0.13533287	0.14614981	0.0	0.0	0.0	0.23701966	0.0	0.0	0.19900084	0.0	0.0	0.30113575	0.16839278	0.0	0.0	0.0	0.0	0.0	0.049065545	0.33153614	0.0	0.29243693	0.20917295	0.0	0.1782012	0.0	0.0	0.0	0.0	0.0	0.33197117	0.0	0.0	0.02308323	0.53972316	0.0	0.736959	0.0031796843	0.0	0.0	0.25128308	0.24715085	0.0	0.0	0.0	0.0	0.0	0.0	0.43043807	0.0	0.0	0.0	0.20628436	0.032517616	0.0	0.0	0.35905692	0.4307525	0.0	0.46410343	0.0	0.0	0.20522778	0.0	0.26198372	0.0	0.0	0.0	0.0	0.0	0.0	0.0	0.1729219	0.0	0.4741843	0.06089604	0.0	0.16225539	0.0	0.0
0.0	0.30448142	0.0	0.21817535	0.0	0.0	0.32181087	0.0	0.0	0.0	0.0	0.0	0.0	0.0	0.4575547	0.0	0.59151953	0.0	0.0	0.27225652	0.0	0.0	0.0	0.22531588	0.0	0.10433859	0.12641583	0.0	0.0	0.13078725	0.0	0.0	0.0	0.0	0.0	0.16318363	0.0	0.0	0.0	0.0	0.21566166	0.0	0.14918263	0.0	0.18078977	0.0	0.38471517	0.26207915	0.1382729	0.15295246	0.0	0.0	0.0	0.20193844	0.0	0.0	0.16727602	0.0	0.0	0.3169123	0.21406774	0.0	0.0	0.0	0.0	0.0	0.10278231	0.29622447	0.0	0.30189827	0.17386387	0.0	0.1398587	0.0	0.0	0.0	0.0	0.0	0.2883096	0.0	0.0	0.00061644736	0.5128132	0.0	0.6817767	0.0	0.0	0.0	0.23208462	0.26870176	0.0	0.0	0.0	0.0	0.014841326	0.0	0.46330288	0.0	0.0	0.0	0.2393111	0.059306096	0.0	0.0	0.32155004	0.4348874	0.0	0.47180653	0.0	0.0	0.19407463	0.0	0.2713847	0.0	0.0	0.0	0.0	0.0	0.0	0.0	0.13645479	0.0	0.5218522	0.09055046	0.0	0.18212748	0.0	0.0
0.0	0.28933176	0.0	0.17326833	0.0	0.0	0.3054894	0.0	0.0	0.0	0.0	0.0	0.0	0.0	0.44601604	0.0	0.5503659	0.0	0.0	0.27419126	0.0	0.0	0.0	0.20462692	0.0	0.08312917	0.10559931	0.0	0.0	0.12180498	0.0	0.0	0.0	0.0	0.0	0.17879665	0.0	0.0	0.0	0.0	0.24012472	0.0	0.13439989	0.0	0.20311916	0.0	0.40868768	0.23439729	0.12923379	0.15248682	0.0	0.0	0.0	0.23612607	0.0	0.0	0.20179929	0.0	0.0	0.33254862	0.190841	0.0	0.0	0.0	0.0	0.0	0.066007964	0.33239487	0.0	0.3033363	0.20506549	0.0	0.16280687	0.0	0.0	0.0	0.0	0.0	0.32185826	0.0	0.0	0.013692389	0.5396156	0.0	0.69465524	0.0	0.0	0.0	0.24689293	0.26905227	0.0	0.0	0.0	0.0	0.0	0.0	0.42277145	0.0	0.0	0.0	0.21591477	0.03546126	0.0	0.0	0.3409159	0.40566885	0.0	0.46577635	0.0	0.0	0.19443464	0.0	0.27527192	0.0	0.0	0.0	0.0	0.0	0.0	0.0	0.17072718	0.0	0.49304152	0.06813616	0.0	0.17714985	0.0	0.0
0.0	0.31017146	0.0	0.23783784	0.0	0.0	0.33991745	0.0	0.0	0.0	0.0	0.0	0.0	0.0	0.50453895	0.0	0.62377197	0.0	0.0	0.28146538	0.0	0.0	0.0	0.22473328	0.0	0.114017606	0.12986486	0.0	0.0	0.13225004	0.0	0.0	0.0	0.0	0.0	0.15068175	0.0	0.0	0.0	0.0	0.24533123	0.0	0.17272162	0.0	0.1750534	0.0	0.3661462	0.2679144	0.14270051	0.17145313	0.0	0.0	0.0	0.19135189	0.0	0.0	0.15192668	0.0	0.0	0.3119565	0.21488042	0.0	0.0	0.0	0.0	0.0	0.1081158	0.31452584	0.0	0.31710434	0.1297973	0.0	0.14192915	0.0	0.0	0.0	0.0	0.0	0.27346417	0.0	0.0	0.0040791705	0.52257854	0.0	0.70772046	0.022885317	0.0	0.0	0.20284684	0.25483036	0.0	0.0	0.0	0.0	0.015901329	0.0	0.46536574	0.0	0.0	0.0	0.2627523	0.057183206	0.0	0.0	0.32702664	0.44622922	0.0	0.46594033	0.0	0.0	0.19980472	0.0	0.2610358	0.0	0.0	0.0	0.0	0.0	0.0	0.0	0.13610567	0.0	0.51852214	0.12633042	0.0	0.18628119	0.0	0.0
0.0	0.27525246	0.0	0.16257018	0.0	0.0	0.2771922	0.0	0.0	0.0	0.0	0.0	0.0	0.0	0.40699187	0.0	0.54012567	0.0	0.0	0.25122926	0.0	0.0	0.0	0.19871695	0.0	0.07420706	0.09977094	0.0	0.0	0.10618198	0.0	0.0	0.0	0.0	0.0	0.15910995	0.0	0.0	0.0	0.0	0.22290033	0.0	0.123245835	0.0	0.21573813	0.0	0.3950018	0.19575125	0.13270843	0.15121822	0.0	0.0	0.0	0.23922478	0.0	0.0	0.20694745	0.0	0.0	0.3067323	0.16546516	0.0	0.0	0.0	0.0	0.0	0.0702	0.29193625	0.0	0.2869496	0.23343468	0.0	0.1698365	0.0	0.0	0.0	0.0	0.0	0.3064333	0.0	0.0	0.017402498	0.51146793	0.0	0.6668329	0.0028522871	0.0	0.0	0.2552311	0.29357725	0.0	0.0	0.0	0.0	0.0	0.0	0.4051614	0.0	0.0	0.0	0.22278225	0.01367093	0.0	0.0	0.355289	0.38159224	0.0	0.4444559	0.0	0.0	0.21107227	0.0	0.2551653	0.0	0.0	0.0	0.0	0.0	0.0	0.0	0.18864916	0.0	0.48321772	0.04330115	0.0	0.16646428	0.0	0.0
0.0	0.30103105	0.0	0.21926166	0.0	0.0	0.363108	0.0	0.0	0.0	0.0	0.0	0.0	0.0	0.46917272	0.0	0.62170094	0.0	0.0	0.25627795	0.0	0.0	0.0	0.22931378	0.0	0.1015308	0.13192119	0.0	0.0	0.11836094	0.0	0.0	0.0	0.0	0.0	0.1369101	0.0	0.0	0.0	0.0	0.19567211	0.0	0.14044976	0.0	0.19248861	0.0	0.39119324	0.3128589	0.11841124	0.18970157	0.0	0.0	0.0	0.17412013	0.0	0.0	0.17215435	0.0	0.0	0.31030032	0.23777314	0.0	0.0	0.0	0.0	0.0	0.1455266	0.28024054	0.0	0.29909953	0.13695729	0.0	0.13661039	0.0	0.0	0.0	0.0	0.0	0.24948692	0.0	0.0	0.0005964227	0.4848422	0.0	0.611795	0.0	0.0	0.0	0.21439724	0.28078958	0.0	0.0	0.0	0.0	0.018159978	0.0	0.40966746	0.0	0.0	0.0	0.2729636	0.047272846	0.0	0.0	0.3165023	0.40436646	0.0	0.4761381	0.0	0.0	0.20540984	0.0	0.2747616	0.0	0.0	0.0	0.0	0.0	0.0	0.0	0.10673091	0.0	0.5366294	0.10918516	0.0	0.18682754	0.0	0.0
0.0	0.3275133	0.0	0.19609995	0.0	0.0	0.2914543	0.0	0.0	0.0	0.0	0.0	0.0	0.0	0.41224173	0.0	0.5549083	0.0	0.0	0.29972237	0.0	0.0	0.0	0.17244206	0.0	0.09072285	0.096737824	0.0	0.0	0.13836217	0.0	0.0	0.0	0.0	0.0	0.16126746	0.0	0.0	0.0	0.0	0.28037086	0.0	0.14519489	0.0	0.213098	0.0	0.39135957	0.21726744	0.14455733	0.15207165	0.0	0.0	0.0	0.21391378	0.0	0.0	0.21274115	0.0	0.0	0.31575027	0.17772138	0.0	0.0	0.0	0.0	0.0	0.07025819	0.3225825	0.0	0.29786512	0.19484101	0.0	0.15285788	0.0	0.0	0.0	0.0	0.0	0.33148238	0.0	0.0	0.006487468	0.531668	0.0	0.717807	0.0	0.0	0.0	0.2297379	0.2229005	0.0	0.0	0.0	0.0	0.019875258	0.0	0.4413546	0.0	0.0	0.0	0.2185421	0.05031483	0.0	0.0	0.34371543	0.43488526	0.0	0.447296	0.0	0.0	0.19501539	0.0	0.26404712	0.0	0.0	0.0	0.0	0.0	0.0	0.0	0.14678942	0.0	0.5007594	0.08010186	0.0	0.15527381	0.0	0.0
0.0	0.29443014	0.0	0.1713282	0.0	0.0	0.27144337	0.0	0.0	0.0	0.0	0.0	0.0	0.0	0.36094788	0.0	0.51032007	0.0	0.0	0.25774774	0.0	0.0	0.0	0.1446711	0.0	0.07601826	0.07104323	0.0	0.0	0.097919844	0.0	0.0	0.0	0.0	0.0	0.14187153	0.0	0.0	0.0	0.0	0.2773618	0.0	0.111270666	0.0	0.26348498	0.0	0.3687028	0.19594656	0.11687708	0.18589921	0.0	0.0	0.0	0.23063219	0.0	0.0	0.25456676	0.0	0.0	0.29756483	0.18395443	0.0	0.0	0.0	0.0	0.0	0.060513377	0.31187153	0.0	0.27034187	0.22041108	0.0	0.15971103	0.0	0.0	0.0	0.0	0.0	0.29426673	0.0	0.0	0.0	0.5383787	0.0	0.61283123	0.0	0.0	0.0	0.22268963	0.22100781	0.0	0.0	0.0	0.0	0.0	0.0	0.33979592	0.0	0.0	0.0	0.22329485	0.018066695	0.0	0.0	0.34803793	0.3537948	0.0	0.43392858	0.0	0.0	0.21875745	0.0	0.25310805	0.0	0.0	0.0	0.0	0.0	0.0	0.0	0.17340668	0.0	0.47533002	0.059839297	0.0	0.1625448	0.0	0.0
0.0	0.28178903	0.0	0.18705906	0.0	0.0	0.3555247	0.0	0.0	0.0	0.0	0.0	0.0	0.0	0.5162823	0.0	0.59929466	0.0	0.0	0.24478193	0.0	0.0	0.0	0.25858942	0.0	0.07394337	0.11742481	0.0	0.0	0.113502204	0.0	0.0	0.0	0.0	0.0	0.1385373	0.0	0.0	0.0	0.0	0.20395686	0.0	0.13640188	0.0	0.2112569	0.0	0.40956652	0.29222527	0.10464599	0.20388383	0.0	0.0	0.0	0.22909464	0.0	0.0	0.17064862	0.0	0.0	0.31616387	0.23721878	0.0	0.0	0.0	0.0	0.0	0.09457453	0.36258122	0.0	0.31256166	0.1525118	0.0	0.16648398	0.0	0.0	0.0	0.0	0.0	0.2757752	0.0	0.0	0.0	0.5340021	0.0	0.64461917	0.0	0.0	0.0	0.23879503	0.28254575	0.0	0.0	0.0	0.0	0.0	0.0	0.38790286	0.0	0.0	0.0	0.28275648	0.038246945	0.0	0.0	0.3383824	0.39130238	0.0	0.47583964	0.0	0.0	0.19549195	0.0	0.31002167	0.0	0.0	0.0	0.0	0.0	0.0	0.0	0.16530459	0.0	0.50635856	0.09141936	0.0	0.18321788	0.0	0.0
0.0	0.29338458	0.0	0.19415103	0.0	0.0	0.3413175	0.0	0.0	0.0	0.0	0.0	0.0	0.0	0.42006913	0.0	0.5871809	0.0	0.0	0.24233656	0.0	0.0	0.0	0.20732196	0.0	0.08665201	0.114371926	0.0	0.0	0.10432137	0.0	0.0	0.0	0.0	0.0	0.12805405	0.0	0.0	0.0	0.0	0.20738453	0.0	0.13169412	0.0	0.21208708	0.0	0.3848381	0.29057825	0.10833376	0.19899255	0.0	0.0	0.0	0.1680469	0.0	0.0	0.18023778	0.0	0.0	0.30378398	0.22674252	0.0	0.0	0.0	0.0	0.0	0.12479756	0.28054047	0.0	0.284871	0.14153726	0.0	0.15086566	0.0	0.0	0.0	0.0	0.0	0.25491235	0.0	0.0	0.0	0.48864362	0.0	0.5723518	0.0	0.0	0.0	0.21678956	0.26881444	0.0	0.0	0.0	0.0	0.009798068	0.0	0.3663963	0.0	0.0	0.0	0.2650952	0.03406312	0.0	0.0	0.33131847	0.37234494	0.0	0.47178158	0.0	0.0	0.20749544	0.0	0.2671841	0.0	0.0	0.0	0.0	0.0	0.0	0.0	0.11395899	0.0	0.518438	0.09383673	0.0	0.18264215	0.0	0.0
0.0	0.29112536	0.0	0.17996384	0.0	0.0	0.2987592	0.0	0.0	0.0	0.0	0.0	0.0	0.0	0.40731668	0.0	0.54153425	0.0	0.0	0.26040885	0.0	0.0	0.0	0.18816662	0.0	0.07876321	0.10929424	0.0	0.0	0.11225063	0.0	0.0	0.0	0.0	0.0	0.16475475	0.0	0.0	0.0	0.0	0.23811616	0.0	0.13910104	0.0	0.20429479	0.0	0.38280788	0.23683155	0.124087274	0.16736205	0.0	0.0	0.0	0.21600206	0.0	0.0	0.1936745	0.0	0.0	0.31216952	0.19337738	0.0	0.0	0.0	0.0	0.0	0.07758575	0.3037906	0.0	0.29392117	0.19331528	0.0	0.15408094	0.0	0.0	0.0	0.0	0.0	0.304218	0.0	0.0	0.0014295131	0.522685	0.0	0.6414611	0.0	0.0	0.0	0.22681755	0.25776234	0.0	0.0	0.0	0.0	0.0	0.0	0.39590678	0.0	0.0	0.0	0.23269355	0.028462091	0.0	0.0	0.33704734	0.39017153	0.0	0.46033096	0.0	0.0	0.19731407	0.0	0.26716122	0.0	0.0	0.0	0.0	0.0	0.0	0.0	0.15397866	0.0	0.49201941	0.07438768	0.0	0.1805789	0.0	0.0
0.0	0.26931825	0.0	0.17120588	0.0	0.0	0.32496762	0.0	0.0	0.0	0.0	0.0	0.0	0.0	0.37986872	0.0	0.55707645	0.0	0.0	0.22973955	0.0	0.0	0.0	0.21281786	0.0	0.10223055	0.12478408	0.0	0.0	0.110224046	0.0	0.0	0.0	0.0	0.0	0.11337739	0.0	0.0	0.0	0.0	0.22014421	0.0	0.09965492	0.0	0.23411477	0.0	0.37796235	0.28855145	0.10690462	0.17715944	0.0	0.0	0.0	0.18178277	0.0	0.0	0.23650603	0.0	0.0	0.31142196	0.22300355	0.0	0.0	0.0	0.0	0.0009794496	0.106976986	0.26656705	0.0	0.26900145	0.19779862	0.01106688	0.17927545	0.0	0.0	0.0	0.0	0.0	0.27301368	0.0	0.0	0.04646075	0.46772766	0.0	0.50217056	0.0	0.0	0.0	0.179726	0.29549783	0.0	0.0	0.0	0.0	0.0	0.0	0.3022423	0.0	0.0	0.0	0.28643075	0.035593215	0.0	0.0	0.3299457	0.29358312	0.0	0.40093097	0.0	0.0	0.19795676	0.0	0.23487501	0.0	0.0	0.0	0.0	0.0	0.0	0.0	0.15177317	0.0	0.52123547	0.05662741	0.0	0.17640732	0.0	0.0
0.0	0.28233135	0.0	0.18189915	0.0	0.0	0.32138538	0.0	0.0	0.0	0.0	0.0	0.0	0.0	0.3632151	0.0	0.55378145	0.0	0.0	0.22988443	0.0	0.0	0.0	0.22108786	0.0	0.10242965	0.122081555	0.0	0.0	0.1100708	0.0	0.0	0.0	0.0	0.0	0.12546593	0.0	0.0	0.0	0.0	0.20923327	0.0	0.09204707	0.0	0.25087997	0.0	0.39020514	0.29368147	0.117585875	0.17538607	0.0	0.0	0.0	0.19276027	0.0	0.0	0.24263346	0.0	0.0	0.30838838	0.23145427	0.0	0.0	0.0	0.0	0.0	0.11701176	0.24996048	0.0	0.2693154	0.21075697	0.009167392	0.16689636	0.0	0.0	0.0	0.0	0.0	0.2667296	0.0	0.0	0.05713672	0.4714166	0.0	0.49199846	0.0	0.0	0.0	0.20423113	0.2945415	0.0	0.0	0.0	0.0	0.0	0.0	0.3041904	0.0	0.0	0.0	0.2728628	0.030666972	0.0	0.0	0.32192644	0.2873994	0.0	0.40318355	0.0	0.0	0.19789533	0.0	0.2485222	0.0	0.0	0.0	0.0	0.0	0.0	0.0	0.15760651	0.0	0.5400485	0.055057246	0.0	0.17940463	0.0	0.0
0.0	0.28379217	0.0	0.17546338	0.0	0.0	0.3253595	0.0	0.0	0.0	0.0	0.0	0.0	0.0	0.35055104	0.0	0.5582387	0.0	0.0	0.23465598	0.0	0.0	0.0	0.21029966	0.0	0.090662844	0.10843041	0.0	0.0	0.11160201	0.0	0.0	0.0	0.0	0.0	0.11171105	0.0	0.0	0.0	0.0	0.20104055	0.0	0.08581966	0.0	0.2751205	0.0	0.39577428	0.2957439	0.105023004	0.18786399	0.0	0.0	0.0	0.18233688	0.0	0.0	0.24656129	0.0	0.0	0.29241842	0.23359485	0.0	0.0	0.0	0.0	0.0	0.12693314	0.24442601	0.0	0.25503132	0.20544313	0.008886999	0.16454397	0.0	0.0	0.0	0.0	0.0	0.25063702	0.0	0.0	0.0402779	0.46486318	0.0	0.46916533	0.0	0.0	0.0	0.19660844	0.28769204	0.0	0.0	0.0	0.0	0.0	0.0	0.2953341	0.0	0.0	0.0	0.27854094	0.025557106	0.0	0.0	0.32129171	0.27183637	0.0	0.4001584	0.0	0.0	0.20344771	0.0	0.24690025	0.0	0.0	0.0	0.0	0.0	0.0	0.0	0.14798595	0.0	0.5442789	0.052536905	0.0	0.18741775	0.0	0.0
0.0	0.27837053	0.0	0.16087912	0.0	0.0	0.31061363	0.0	0.0	0.0	0.0	0.0	0.0	0.0	0.31891295	0.0	0.5369363	0.0	0.0	0.2177401	0.0	0.0	0.0	0.18537724	0.0	0.068995655	0.089889325	0.0	0.0	0.101025105	0.00051396963	0.0	0.0	0.0	0.0	0.10800316	0.0	0.0	0.0	0.0	0.1723396	0.0	0.073918074	0.0	0.27879444	0.0	0.39257118	0.28565228	0.09443456	0.19844478	0.0	0.0	0.0	0.17738469	0.0	0.0	0.24583505	0.0	0.0	0.26949477	0.22661944	0.0	0.0	0.0	0.0	0.0	0.1328157	0.2368179	0.0	0.23408644	0.20394361	0.0054696538	0.16812001	0.0	0.0	0.0	0.0	0.0	0.23717725	0.0	0.0	0.017168386	0.45062253	0.0	0.45496988	0.0	0.0	0.0	0.20715196	0.27710387	0.0	0.0	0.0	0.0	0.0	0.0	0.2773442	0.0	0.0	0.0	0.27906772	0.014915615	0.0	0.0	0.32229888	0.26822314	0.0	0.4070274	0.0	0.0	0.20353	0.0	0.24951857	0.0	0.0	0.0	0.0	0.0	0.0	0.0	0.13846578	0.0	0.51915866	0.0515691	0.0	0.18507402	0.0	0.0
0.0	0.2763782	0.0	0.1642323	0.0	0.0	0.30738917	0.0	0.0	0.0	0.0	0.0	0.0	0.0	0.33090982	0.0	0.5346699	0.0	0.0	0.22720565	0.0	0.0	0.0	0.1978554	0.0	0.06657512	0.08646581	0.0	0.0	0.099726744	0.0	0.0	0.0	0.0	0.0	0.11048327	0.0	0.0	0.0	0.0	0.17738657	0.0	0.08011139	0.0	0.28976056	0.0	0.39237812	0.28012404	0.10105342	0.19750638	0.0	0.0	0.0	0.19020773	0.0	0.0	0.24936163	0.0	0.0	0.2800062	0.22856028	0.0	0.0	0.0	0.0	0.0	0.124511816	0.24099107	0.0	0.24021047	0.20806617	0.0043177195	0.16219519	0.0	0.0	0.0	0.0	0.0	0.24220984	0.0	0.0	0.010770433	0.46762207	0.0	0.47075292	0.0	0.0	0.0	0.21080048	0.27340677	0.0	0.0	0.0	0.0	0.0	0.0	0.2959564	0.0	0.0	0.0	0.26744047	0.008210219	0.0	0.0	0.3234459	0.27348694	0.0	0.41254568	0.0	0.0	0.20887466	0.0	0.2523311	0.0	0.0	0.0	0.0	0.0	0.0	0.0	0.1506004	0.0	0.52351385	0.04820223	0.0	0.18816103	0.0	0.0
0.0	0.28244242	0.0	0.16699557	0.0	0.0	0.3091413	0.0	0.0	0.0	0.0	0.0	0.0	0.0	0.338729	0.0	0.53811765	0.0	0.0	0.23410864	0.0	0.0	0.0	0.19796419	0.0	0.07343943	0.09189185	0.0	0.0	0.102704406	0.0	0.0	0.0	0.0	0.0	0.1097635	0.0	0.0	0.0	0.0	0.18772115	0.0	0.08660846	0.0	0.2832922	0.0	0.39095393	0.27814484	0.10119148	0.19121003	0.0	0.0	0.0	0.18735379	0.0	0.0	0.2490636	0.0	0.0	0.28363422	0.2262374	0.0	0.0	0.0	0.0	0.0	0.11847667	0.24909902	0.0	0.24420011	0.20393807	0.003930533	0.16423963	0.0	0.0	0.0	0.0	0.0	0.2529554	0.0	0.0	0.018449893	0.46980253	0.0	0.48297104	0.0	0.0	0.0	0.20117517	0.27716687	0.0	0.0	0.0	0.0	0.0	0.0	0.3045422	0.0	0.0	0.0	0.26768827	0.011570898	0.0	0.0	0.32806286	0.28089556	0.0	0.41063476	0.0	0.0	0.20862275	0.0	0.24746752	0.0	0.0	0.0	0.0	0.0	0.0	0.0	0.14856575	0.0	0.5261756	0.049875587	0.0	0.18810205	0.0	0.0
0.0	0.27620688	0.0	0.17654622	0.0	0.0	0.321419	0.0	0.0	0.0	0.0	0.0	0.0	0.0	0.3665235	0.0	0.5511294	0.0	0.0	0.22742075	0.0	0.0	0.0	0.21972655	0.0	0.09571034	0.118034124	0.0	0.0	0.10501651	0.0	0.0	0.0	0.0	0.0	0.12669714	0.0	0.0	0.0	0.0	0.20767988	0.0	0.09195468	0.0	0.2613835	0.0	0.3952335	0.29876757	0.10883778	0.18311812	0.0	0.0	0.0	0.19069232	0.0	0.0	0.24396874	0.0	0.0	0.3095584	0.23215957	0.0	0.0	0.0	0.0	0.0	0.11821034	0.2527825	0.0	0.26896524	0.2080081	0.008005797	0.16175334	0.0	0.0	0.0	0.0	0.0	0.2598103	0.0	0.0	0.04932789	0.47629917	0.0	0.4880997	0.0	0.0	0.0	0.20179085	0.29622597	0.0	0.0	0.0	0.0	0.0	0.0	0.30078444	0.0	0.0	0.0	0.2765474	0.023787692	0.0	0.0	0.32142532	0.2824339	0.0	0.41526905	0.0	0.0	0.20241058	0.0	0.25521466	0.0	0.0	0.0	0.0	0.0	0.0	0.0	0.15322252	0.0	0.53793246	0.05151369	0.0	0.18486749	0.0	0.0
0.0	0.2825667	0.0	0.16459543	0.0	0.0	0.31141728	0.0	0.0	0.0	0.0	0.0	0.0	0.0	0.3375515	0.0	0.54290754	0.0	0.0	0.22377163	0.0	0.0	0.0	0.19975507	0.0	0.08297313	0.09875423	0.0	0.0	0.10399756	0.0	0.0	0.0	0.0	0.0	0.110264145	0.0	0.0	0.0	0.0	0.20371611	0.0	0.08409563	0.0	0.26827753	0.0	0.3873346	0.28482965	0.104259886	0.19686376	0.0	0.0	0.0	0.17687035	0.0	0.0	0.24688266	0.0	0.0	0.29206648	0.2243181	0.0	0.0	0.0	0.0	0.0	0.11626295	0.25108877	0.0	0.25208682	0.20628333	0.005251819	0.17049237	0.0	0.0	0.0	0.0	0.0	0.2624494	0.0	0.0	0.03774563	0.46825933	0.0	0.47858265	0.0	0.0	0.0	0.1954323	0.2810057	0.0	0.0	0.0	0.0	0.0	0.0	0.28683913	0.0	0.0	0.0	0.27645195	0.018499082	0.0	0.0	0.3318602	0.279936	0.0	0.4126718	0.0	0.0	0.1958495	0.0	0.24599175	0.0	0.0	0.0	0.0	0.0	0.0	0.0	0.14356275	0.0	0.52484226	0.04977657	0.0	0.17790167	0.0	0.0
0.0	0.2568872	0.0	0.14806344	0.0	0.0	0.31340197	0.0	0.0	0.0	0.0	0.0	0.0	0.0	0.37856984	0.0	0.54538935	0.0	0.0	0.21559028	0.0	0.0	0.0	0.21223079	0.0	0.08924851	0.110005535	0.0	0.0	0.09093023	0.0	0.0	0.0	0.0	0.0	0.14545877	0.0	0.0	0.0	0.0	0.18852	0.0	0.07382908	0.0	0.26840618	0.0	0.4009522	0.29242828	0.11123812	0.20322113	0.0	0.0	0.0	0.21074598	0.0	0.0	0.25335172	0.0	0.0	0.3100479	0.23007675	0.0	0.0	0.0	0.0	0.0	0.1126555	0.27341434	0.0	0.26977342	0.20375125	0.0020270832	0.16986321	0.0	0.0	0.0	0.0	0.0	0.2513965	0.0	0.0	0.041852534	0.48877463	0.0	0.49441722	0.0	0.0	0.0	0.22591455	0.29503748	0.0	0.0	0.0	0.0	0.0	0.0	0.29458782	0.0	0.0	0.0	0.27890858	0.014736559	0.0	0.0	0.3192951	0.2857702	0.0	0.41369876	0.0	0.0	0.19975209	0.0	0.26390556	0.0	0.0	0.0	0.0	0.0	0.0	0.0	0.1795332	0.0	0.5132638	0.06315475	0.0	0.17427714	0.0	0.0
0.0	0.27319404	0.0	0.17177157	0.0	0.0	0.30455795	0.0	0.0	0.0	0.0	0.0	0.0	0.0	0.3403947	0.0	0.5389628	0.0	0.0	0.22516038	0.0	0.0	0.0	0.20939143	0.0	0.09260321	0.10617847	0.0	0.0	0.10498815	0.0	0.0	0.0	0.0	0.0	0.11986977	0.0	0.0	0.0	0.0	0.19735579	0.0	0.08998743	0.0	0.25883102	0.0	0.38155174	0.27473444	0.11539937	0.18507786	0.0	0.0	0.0	0.19591022	0.0	0.0	0.24313308	0.0	0.0	0.2983997	0.22824676	0.0	0.0	0.0	0.0	0.0	0.11449664	0.24718018	0.0	0.2556761	0.21649843	0.0022380475	0.17595434	0.0	0.0	0.0	0.0	0.0	0.2579418	0.0	0.0	0.037299436	0.4694148	0.0	0.47778723	0.0	0.0	0.0	0.2078799	0.2832857	0.0	0.0	0.0	0.0	0.0	0.0	0.30162215	0.0	0.0	0.0	0.27102596	0.025374865	0.0	0.0	0.3273982	0.2846209	0.0	0.39670768	0.0	0.0	0.20247655	0.0	0.24260406	0.0	0.0	0.0	0.0	0.0	0.0	0.0	0.16183557	0.0	0.52178854	0.049443826	0.0	0.18344079	0.0	0.0
0.0	0.28685316	0.0	0.1645878	0.0	0.0	0.30591595	0.0	0.0	0.0	0.0	0.0	0.0	0.0	0.34457573	0.0	0.54011106	0.0	0.0	0.2390246	0.0	0.0	0.0	0.19228418	0.0	0.08148714	0.10665379	0.0	0.0	0.107269675	0.0	0.0	0.0	0.0	0.0	0.11469004	0.0	0.0	0.0	0.0	0.2077442	0.0	0.09500531	0.0	0.25514278	0.0	0.38045955	0.27234983	0.109150946	0.18745737	0.0	0.0	0.0	0.18885112	0.0	0.0	0.24185018	0.0	0.0	0.29232916	0.21210943	0.0	0.0	0.0	0.0	0.0	0.11169496	0.26055303	0.0	0.25488222	0.20959091	0.0021802273	0.17541613	0.0	0.0	0.0	0.0	0.0	0.27424195	0.0	0.0	0.03481726	0.47235498	0.0	0.49670157	0.0	0.0	0.0	0.19480671	0.28314024	0.0	0.0	0.0	0.0	0.0	0.0	0.30380923	0.0	0.0	0.0	0.2716248	0.016455244	0.0	0.0	0.33706626	0.2891436	0.0	0.40215215	0.0	0.0	0.2004683	0.0	0.23789124	0.0	0.0	0.0	0.0	0.0	0.0	0.0	0.15614623	0.0	0.5221562	0.05271933	0.0	0.17975824	0.0	0.0
0.0	0.28529745	0.0	0.17662401	0.0	0.0	0.31534398	0.0	0.0	0.0	0.0	0.0	0.0	0.0	0.34895036	0.0	0.5494453	0.0	0.0	0.23899762	0.0	0.0	0.0	0.20809048	0.0	0.0890944	0.10441194	0.0	0.0	0.11136598	0.0	0.0	0.0	0.0	0.0	0.113375425	0.0	0.0	0.0	0.0	0.21050616	0.0	0.09234697	0.0	0.27155003	0.0	0.3875244	0.27789128	0.11250175	0.18642543	0.0	0.0	0.0	0.18800688	0.0	0.0	0.25248006	0.0	0.0	0.298444	0.22735147	0.0	0.0	0.0	0.0	0.0	0.11204469	0.25302622	0.0	0.2602642	0.21507968	0.0067061917	0.16814281	0.0	0.0	0.0	0.0	0.0	0.26385942	0.0	0.0	0.038339887	0.47857293	0.0	0.48501453	0.0	0.0	0.0	0.19150102	0.28138134	0.0	0.0	0.0	0.0	0.0	0.0	0.30235174	0.0	0.0	0.0	0.2697495	0.02608654	0.0	0.0	0.33181357	0.28044763	0.0	0.40269485	0.0	0.0	0.2039785	0.0	0.24257036	0.0	0.0	0.0	0.0	0.0	0.0	0.0	0.15602373	0.0	0.53878635	0.05003499	0.0	0.18631224	0.0	0.0
0.0	0.28008652	0.0	0.17431945	0.0	0.0	0.31295475	0.0	0.0	0.0	0.0	0.0	0.0	0.0	0.35196802	0.0	0.5435633	0.0	0.0	0.23152061	0.0	0.0	0.0	0.20213316	0.0	0.08889068	0.102231	0.0	0.0	0.105858564	0.0	0.0	0.0	0.0	0.0	0.11969862	0.0	0.0	0.0	0.0	0.20958853	0.0	0.088344894	0.0	0.27581957	0.0	0.39334664	0.2822812	0.10747794	0.1811641	0.0	0.0	0.0	0.19285624	0.0	0.0	0.25116894	0.0	0.0	0.2986885	0.22762078	0.0	0.0	0.0	0.0	0.0	0.11048722	0.25292763	0.0	0.25786847	0.2101608	0.0041927285	0.16296376	0.0	0.0	0.0	0.0	0.0	0.26080486	0.0	0.0	0.038075946	0.4810736	0.0	0.49305448	0.0	0.0	0.0	0.20163907	0.28183123	0.0	0.0	0.0	0.0	0.0	0.0	0.3025142	0.0	0.0	0.0	0.26847228	0.020362966	0.0	0.0	0.33010873	0.27901104	0.0	0.41302347	0.0	0.0	0.20646961	0.0	0.24942093	0.0	0.0	0.0	0.0	0.0	0.0	0.0	0.15108737	0.0	0.5319307	0.047321796	0.0	0.18629293	0.0	0.0
0.0	0.28507665	0.0	0.18565448	0.0	0.0	0.3341975	0.0	0.0	0.0	0.0	0.0	0.0	0.0	0.3731906	0.0	0.56897956	0.0	0.0	0.23064315	0.0	0.0	0.0	0.22633676	0.0	0.10703903	0.12629963	0.0	0.0	0.109805234	0.0	0.0	0.0	0.0	0.0	0.11530074	0.0	0.0	0.0	0.0	0.20061938	0.0	0.09171823	0.0	0.2544465	0.0	0.39149514	0.31346872	0.10427637	0.18593182	0.0	0.0	0.0	0.17761916	0.0	0.0	0.23969364	0.0	0.0	0.30065423	0.23667936	0.0	0.0	0.0	0.0	0.001070975	0.12839645	0.23904352	0.0	0.26502642	0.19492471	0.012161385	0.16015694	0.0	0.0	0.0	0.0	0.0	0.25571147	0.0	0.0	0.061299443	0.45663157	0.0	0.47416106	0.0	0.0	0.0	0.19040842	0.29713055	0.0	0.0	0.0	0.0	0.0	0.0	0.2952411	0.0	0.0	0.0	0.2854731	0.03695403	0.0	0.0	0.3121676	0.27313933	0.0	0.40371743	0.0	0.0	0.19845277	0.0	0.24903001	0.0	0.0	0.0	0.0	0.0	0.0	0.0	0.14454807	0.0	0.55040276	0.057000756	0.0	0.17589296	0.0	0.0
0.0	0.25954995	0.0	0.1691981	0.0	0.0	0.3193442	0.0	0.0	0.0	0.0	0.0	0.0	0.0	0.3856032	0.0	0.5553782	0.0	0.0	0.22060853	0.0	0.0	0.0	0.21910298	0.0	0.10610036	0.13109125	0.0	0.0	0.100018136	0.0	0.0	0.0	0.0	0.0	0.14130719	0.0	0.0	0.0	0.0	0.20229773	0.0	0.08308851	0.0	0.25119245	0.0	0.39496374	0.30186254	0.11830356	0.18888833	0.0	0.0	0.0	0.2074889	0.0	0.0	0.25101635	0.0	0.0	0.31915295	0.23696704	0.0	0.0	0.0	0.0	0.0	0.12212747	0.26017985	0.0	0.2776594	0.2018808	0.0049479194	0.17248487	0.0	0.0	0.0	0.0	0.0	0.25765935	0.0	0.0	0.060979486	0.4782569	0.0	0.4880383	0.0	0.0	0.0	0.21772794	0.30113336	0.0	0.0	0.0	0.0	0.0	0.0	0.2990801	0.0	0.0	0.0	0.27986816	0.025657872	0.0	0.0	0.31490675	0.29208282	0.0	0.40938345	0.0	0.0	0.1971218	0.0	0.25553375	0.0	0.0	0.0	0.0	0.0	0.0	0.0	0.17047225	0.0	0.52345395	0.05829501	0.0	0.17241733	0.0	0.0
0.0	0.26193577	0.0	0.21248245	0.0	0.0	0.32305935	0.0	0.0	0.0	0.0	0.0	0.0	0.0	0.394583	0.0	0.5619266	0.0	0.0	0.20606653	0.0	0.0	0.0	0.25285664	0.0	0.120576344	0.13404638	0.0	0.0	0.08959513	0.0	0.0	0.0	0.0	0.0	0.111811936	0.0	0.0	0.0	0.0	0.15829796	0.0	0.08987573	0.0	0.26124027	0.0	0.35997322	0.2735541	0.090651065	0.23613371	0.0	0.0	0.0	0.23821683	0.0	0.0	0.25243124	0.0	0.0	0.27902856	0.24850269	0.0	0.0	0.0	0.0	0.0	0.1329789	0.20408934	0.0	0.2725865	0.21576929	0.0	0.16304256	0.0	0.0	0.0	0.0	0.0	0.23340893	0.0	0.0	0.0	0.4765981	0.0	0.4913799	0.0	0.0	0.0	0.19034956	0.3135682	0.0	0.0	0.0	0.0	0.0083806105	0.0	0.305441	0.0	0.0	0.0	0.3062433	0.064861156	0.0	0.0	0.32389438	0.28380308	0.0	0.37990323	0.0	0.0	0.2099433	0.0	0.23858148	0.0	0.0	0.0	0.0	0.0	0.0	0.0	0.18556483	0.0	0.5098538	0.05361399	0.0	0.16169377	0.0	0.0
0.0	0.24801381	0.0	0.1537533	0.0	0.0	0.32192338	0.0	0.0	0.0	0.0	0.0	0.0	0.0	0.39746714	0.0	0.54863095	0.0	0.0	0.21144046	0.0	0.0	0.0	0.22090231	0.0	0.0986241	0.11319164	0.0	0.0	0.0981938	0.0	0.0	0.0	0.0	0.0	0.15690954	0.0	0.0	0.0	0.0	0.192614	0.0	0.072138086	0.0	0.2688551	0.0	0.39926788	0.30622813	0.11118758	0.2228743	0.0	0.0	0.0	0.206834	0.0	0.0	0.27025256	0.0	0.0	0.3202382	0.2434706	0.0	0.0	0.0	0.0	0.0	0.10803763	0.27898094	0.0	0.28062543	0.2007883	0.0034725678	0.18000925	0.0	0.0	0.0	0.0	0.0	0.24647681	0.0	0.0	0.057739217	0.49940956	0.0	0.47275388	0.0	0.0	0.0	0.22193162	0.29235324	0.0	0.0	0.0	0.0	0.0	0.0	0.27990413	0.0	0.0	0.0	0.28798333	0.027388731	0.0	0.0	0.3097807	0.28089112	0.0	0.40598392	0.0	0.0	0.19697751	0.0	0.26756266	0.0	0.0	0.0	0.0	0.0	0.0	0.0	0.1829142	0.0	0.51936287	0.06284892	0.0	0.16889393	0.0	0.0
0.0	0.2377715	0.0	0.14962263	0.0	0.0	0.31852475	0.0	0.0	0.0	0.0	0.0	0.0	0.0	0.39160046	0.0	0.541702	0.0	0.0	0.20142664	0.0	0.0	0.0	0.21906306	0.0	0.10300354	0.117371894	0.0	0.0	0.09084808	0.0	0.0	0.0	0.0	0.0	0.14130665	0.0	0.0	0.0	0.0	0.20544696	0.0	0.077162385	0.0	0.24205633	0.0	0.3795127	0.29115158	0.1135531	0.21104598	0.0	0.0	0.0	0.19623385	0.0	0.0	0.25787398	0.0	0.0	0.31897965	0.23753674	0.0	0.0	0.0	0.0	0.0	0.09802437	0.2763788	0.0	0.27599123	0.18776625	0.0029486243	0.1969173	0.0	0.0	0.0	0.0	0.0	0.25937817	0.0	0.0	0.049011808	0.48602495	0.0	0.47919118	0.0	0.0	0.0	0.20613699	0.29886025	0.0	0.0	0.0	0.0	0.0	0.0	0.27933207	0.0	0.0	0.0	0.2881676	0.031384338	0.0	0.0	0.32246187	0.29064897	0.0	0.40270224	0.0	0.0	0.1952983	0.0	0.24869055	0.0	0.0	0.0	0.0	0.0	0.0	0.0	0.17783229	0.0	0.49718347	0.060361724	0.0	0.16478053	0.0	0.0
0.0	0.28736997	0.0	0.17281127	0.0	0.0	0.3122798	0.0	0.0	0.0	0.0	0.0	0.0	0.0	0.3423907	0.0	0.5461822	0.0	0.0	0.23780799	0.0	0.0	0.0	0.20201075	0.0	0.0873918	0.100426115	0.0	0.0	0.11158323	0.0	0.0	0.0	0.0	0.0	0.10955528	0.0	0.0	0.0	0.0	0.21131597	0.0	0.09065476	0.0	0.2748117	0.0	0.38602003	0.2726095	0.10898351	0.18614207	0.0	0.0	0.0	0.18696994	0.0	0.0	0.25409737	0.0	0.0	0.29612294	0.22416896	0.0	0.0	0.0	0.0	0.0	0.108765446	0.25452173	0.0	0.25533456	0.21784317	0.0039975024	0.17209674	0.0	0.0	0.0	0.0	0.0	0.26576552	0.0	0.0	0.033963546	0.47929147	0.0	0.48459533	0.0	0.0	0.0	0.19038868	0.27959648	0.0	0.0	0.0	0.0	0.0	0.0	0.30273512	0.0	0.0	0.0	0.27073753	0.024730891	0.0	0.0	0.33697033	0.280212	0.0	0.39947236	0.0	0.0	0.20254147	0.0	0.24012697	0.0	0.0	0.0	0.0	0.0	0.0	0.0	0.15548962	0.0	0.5343666	0.047500927	0.0	0.18631987	0.0	0.0
0.0	0.26901564	0.0	0.18597622	0.0	0.0	0.32231796	0.0	0.0	0.0	0.0	0.0	0.0	0.0	0.38334355	0.0	0.55665845	0.0	0.0	0.23025216	0.0	0.0	0.0	0.21699071	0.0	0.09359092	0.12609066	0.0	0.0	0.10312287	0.0	0.0	0.0	0.0	0.0	0.12612964	0.0	0.0	0.0	0.0	0.19538045	0.0	0.10267266	0.0	0.24860604	0.0	0.39466485	0.28538013	0.10364643	0.18195488	0.0	0.0	0.0	0.19700019	0.0	0.0	0.24727659	0.0	0.0	0.28784057	0.22108547	0.0	0.0	0.0	0.0	0.0	0.112990946	0.2489692	0.0	0.2768746	0.21490677	0.0052221143	0.17620844	0.0	0.0	0.0	0.0	0.0	0.26007774	0.0	0.0	0.04755637	0.46989083	0.0	0.5067242	0.0	0.0	0.0	0.20149589	0.303483	0.0	0.0	0.0	0.0	0.0	0.0	0.30286303	0.0	0.0	0.0	0.28632995	0.017603757	0.0	0.0	0.3235908	0.28370187	0.0	0.4183773	0.0	0.0	0.20557946	0.0	0.25256494	0.0	0.0	0.0	0.0	0.0	0.0	0.0	0.15681878	0.0	0.5260692	0.050675977	0.0	0.18080407	0.0	0.0
0.0	0.27627674	0.0	0.16800828	0.0	0.0	0.32165378	0.0	0.0	0.0	0.0	0.0	0.0	0.0	0.36333933	0.0	0.5548158	0.0	0.0	0.23190545	0.0	0.0	0.0	0.2069848	0.0	0.09602266	0.11089829	0.0	0.0	0.10965424	0.0	0.0	0.0	0.0	0.0	0.10755688	0.0	0.0	0.0	0.0	0.22268741	0.0	0.092338	0.0	0.2503679	0.0	0.38093635	0.28379247	0.10793567	0.18530591	0.0	0.0	0.0	0.17658015	0.0	0.0	0.24291982	0.0	0.0	0.30363536	0.22662605	0.0	0.0	0.0	0.0	0.0	0.10091517	0.2609264	0.0	0.26308438	0.20186323	0.007136038	0.17970593	0.0	0.0	0.0	0.0	0.0	0.27326283	0.0	0.0	0.040025357	0.4749333	0.0	0.49289417	0.0	0.0	0.0	0.18088849	0.28971818	0.0	0.0	0.0	0.0	0.0	0.0	0.29823843	0.0	0.0	0.0	0.2800013	0.03062643	0.0	0.0	0.34053007	0.28846487	0.0	0.4052789	0.0	0.0	0.19939537	0.0	0.23607157	0.0	0.0	0.0	0.0	0.0	0.0	0.0	0.14919613	0.0	0.5269413	0.050869312	0.0	0.17663015	0.0	0.0
0.0	0.2805749	0.0	0.17226756	0.0	0.0	0.33753952	0.0	0.0	0.0	0.0	0.0	0.0	0.0	0.35654333	0.0	0.56932026	0.0	0.0	0.22274019	0.0	0.0	0.0	0.20739992	0.0	0.0909309	0.115751244	0.0	0.0	0.104931474	0.0	0.0	0.0	0.0	0.0	0.10352237	0.0	0.0	0.0	0.0	0.18123186	0.0	0.0912185	0.0	0.25868204	0.0	0.39412805	0.30570692	0.09395736	0.19662447	0.0	0.0	0.0	0.1727906	0.0	0.0	0.2327859	0.0	0.0	0.28044975	0.2292871	0.0	0.0	0.0	0.0	0.0	0.13722187	0.22962607	0.0	0.25867733	0.19690162	0.008692124	0.17444234	0.0	0.0	0.0	0.0	0.0	0.24708395	0.0	0.0	0.049232483	0.44317487	0.0	0.4574096	0.0	0.0	0.0	0.2012412	0.2973551	0.0	0.0	0.0	0.0	0.0	0.0	0.2824775	0.0	0.0	0.0	0.28963822	0.024658611	0.0	0.0	0.3167477	0.26121357	0.0	0.41198823	0.0	0.0	0.21491791	0.0	0.24372317	0.00068762637	0.0	0.0	0.0	0.0	0.0	0.0	0.13372901	0.0	0.54587895	0.052996363	0.0	0.1772639	0.0	0.0
0.0	0.24560688	0.0	0.14841367	0.0	0.0	0.31040308	0.0	0.0	0.0	0.0	0.0	0.0	0.0	0.39318585	0.0	0.5343124	0.0	0.0	0.21591003	0.0	0.0	0.0	0.20861077	0.0	0.0807085	0.10774789	0.0	0.0	0.097625114	0.0	0.0	0.0	0.0	0.0	0.15146358	0.0	0.0	0.0	0.0	0.18031067	0.0	0.07977297	0.0	0.263145	0.0	0.40090957	0.28469154	0.100126185	0.21107733	0.0	0.0	0.0	0.20635815	0.0	0.0	0.2571142	0.0	0.0	0.30609176	0.22621448	0.0	0.0	0.0	0.0	0.0	0.10992839	0.28205493	0.0	0.26939607	0.20212525	0.00058642775	0.18368067	0.0	0.0	0.0	0.0	0.0	0.25226313	0.0	0.0	0.047543433	0.4926068	0.0	0.49404836	0.0	0.0	0.0	0.22477405	0.29457912	0.0	0.0	0.0	0.0	0.0	0.0	0.2931824	0.0	0.0	0.0	0.28205487	0.012141998	0.0	0.0	0.31944788	0.2882488	0.0	0.4145678	0.0	0.0	0.20139313	0.0	0.26349515	0.0	0.0	0.0	0.0	0.0	0.0	0.0	0.17894907	0.0	0.49894944	0.06172423	0.0	0.17284654	0.0	0.0
0.0	0.2691564	0.0	0.16385752	0.0	0.0	0.29915532	0.0	0.0	0.0	0.0	0.0	0.0	0.0	0.33281147	0.0	0.5296771	0.0	0.0	0.22300632	0.0	0.0	0.0	0.19297034	0.0	0.080809504	0.103496045	0.0	0.0	0.10498621	0.0	0.0	0.0	0.0	0.0	0.11470958	0.0	0.0	0.0	0.0	0.1985812	0.0	0.088793136	0.0	0.2603582	0.0	0.37497672	0.26326194	0.10238016	0.18915641	0.0	0.0	0.0	0.19124751	0.0	0.0	0.24551748	0.0	0.0	0.2878405	0.2193517	0.0	0.0	0.0	0.0	0.0	0.111708485	0.25309837	0.0	0.2505976	0.2106225	0.0041800276	0.177929	0.0	0.0	0.0	0.0	0.0	0.25995874	0.0	0.0	0.023892531	0.47182393	0.0	0.47521368	0.0	0.0	0.0	0.1984086	0.28102502	0.0	0.0	0.0	0.0	0.0	0.0	0.29564977	0.0	0.0	0.0	0.26519576	0.017318549	0.0	0.0	0.3340869	0.28350678	0.0	0.4034982	0.0	0.0	0.20894949	0.0	0.23471898	0.0	0.0	0.0	0.0	0.0	0.0	0.0	0.15457271	0.0	0.51060396	0.04713801	0.0	0.17661178	0.0	0.0
0.0	0.28544745	0.0	0.17336245	0.0	0.0	0.3173045	0.0	0.0	0.0	0.0	0.0	0.0	0.0	0.34921917	0.0	0.55116814	0.0	0.0	0.23679794	0.0	0.0	0.0	0.21065636	0.0	0.09098125	0.10290438	0.0	0.0	0.10986203	0.0	0.0	0.0	0.0	0.0	0.11731174	0.0	0.0	0.0	0.0	0.19427419	0.0	0.08575704	0.0	0.2726422	0.0	0.39295748	0.28458777	0.10862719	0.18060641	0.0	0.0	0.0	0.19056256	0.0	0.0	0.24981277	0.0	0.0	0.29200527	0.22985245	0.0	0.0	0.0	0.0	0.0	0.11741652	0.24729641	0.0	0.25188172	0.21334429	0.006707093	0.16519026	0.0	0.0	0.0	0.0	0.0	0.2534096	0.0	0.0	0.035628315	0.4675579	0.0	0.48245728	0.0	0.0	0.0	0.20152982	0.2898575	0.0	0.0	0.0	0.0	0.0	0.0	0.30771884	0.0	0.0	0.0	0.27055705	0.022404084	0.0	0.0	0.32334283	0.28004056	0.0	0.4016448	0.0	0.0	0.20881414	0.0	0.24670704	0.0	0.0	0.0	0.0	0.0	0.0	0.0	0.15545182	0.0	0.5359743	0.049415216	0.0	0.18631227	0.0	0.0
0.0	0.28965974	0.0	0.16100483	0.0	0.0	0.24949402	0.0	0.0	0.0	0.0	0.0	0.0	0.0	0.41030392	0.0	0.5386209	0.0	0.0	0.28841197	0.0	0.0	0.0	0.1523512	0.0	0.081909455	0.08775538	0.0	0.0	0.13622688	0.0	0.0	0.0	0.0	0.0	0.16133547	0.0	0.0	0.0	0.0	0.2822808	0.0	0.13468187	0.0	0.21417773	0.0	0.3963194	0.14381008	0.14415093	0.10691908	0.0	0.0	0.0	0.26436198	0.0	0.0	0.23201418	0.0	0.0	0.3146098	0.1392582	0.0	0.0	0.0	0.0	0.0	0.045159716	0.35543242	0.0	0.2789351	0.24637385	0.0	0.19577973	0.0	0.0	0.0	0.0	0.0	0.35932997	0.0	0.0	0.016530879	0.5185538	0.0	0.76682	0.003501619	0.0	0.0	0.24909724	0.2556704	0.0	0.0	0.0	0.0	0.0	0.0	0.46319023	0.0	0.0	0.0	0.1849118	0.034911927	0.0	0.0	0.36192468	0.41079596	0.0	0.43441486	0.0	0.0	0.22951181	0.0	0.26002577	0.0	0.0	0.0	0.0	0.0	0.0	0.0	0.20787275	0.0	0.46907476	0.06544129	0.0	0.16183664	0.0	0.0
0.0	0.29460087	0.0	0.15738957	0.0	0.0	0.2464991	0.0	0.0	0.0	0.0	0.0	0.0	0.0	0.40280142	0.0	0.51207626	0.0	0.0	0.27665007	0.0	0.0	0.0	0.14450824	0.0	0.08058747	0.08528817	0.0	0.0	0.11845589	0.0	0.0	0.0	0.0	0.0	0.17775054	0.0	0.0	0.0	0.0	0.31174016	0.0	0.12721585	0.0	0.22571261	0.0	0.39657512	0.14833055	0.14714533	0.13071358	0.0	0.0	0.0	0.27351218	0.0	0.0	0.24357839	0.0	0.0	0.3102976	0.13781433	0.0	0.0	0.0	0.0	0.0	0.042469222	0.35069975	0.0	0.2871961	0.26435876	0.0	0.16396643	0.0	0.0	0.0	0.0	0.0	0.3567674	0.0	0.0	0.015249878	0.5512415	0.0	0.7518923	0.0	0.0	0.0	0.25477955	0.23561998	0.0	0.0	0.0	0.0	0.0	0.0	0.42970654	0.0	0.0	0.0	0.19601528	0.022157928	0.0	0.0	0.36439824	0.40908352	0.0	0.44628385	0.0	0.0	0.214504	0.0	0.2728622	0.0	0.0	0.0	0.0	0.0	0.0	0.0	0.2062614	0.0	0.46477994	0.04751872	0.0	0.16156875	0.0	0.0
0.0	0.29257652	0.0	0.14878869	0.0	0.0	0.267611	0.0	0.0	0.0	0.0	0.0	0.0	0.0	0.35094595	0.0	0.5150552	0.0	0.0	0.26575732	0.0	0.0	0.0	0.13438304	0.0	0.06851542	0.08055944	0.0	0.0	0.12221191	0.0	0.0	0.0	0.0	0.0	0.102856226	0.0	0.0	0.0	0.0	0.29123896	0.0	0.13015385	0.0	0.255541	0.0	0.35989246	0.1759819	0.11931324	0.17276597	0.0	0.0	0.0	0.22810625	0.0	0.0	0.2391274	0.0	0.0	0.28960082	0.16513304	0.0	0.0	0.0	0.0	0.0	0.050098136	0.32091132	0.0	0.27089682	0.2370588	0.0	0.1927018	0.0	0.0	0.0	0.0	0.0	0.32903323	0.0	0.0	0.0068878443	0.5282641	0.0	0.6065154	0.0	0.0	0.0	0.20827456	0.24522237	0.0	0.0	0.0	0.0	0.001370307	0.0	0.35368717	0.0	0.0	0.0	0.23030747	0.011084444	0.0	0.0	0.4047031	0.3587694	0.0	0.41869506	0.0	0.0	0.22802936	0.0	0.2314465	0.0	0.0	0.0	0.0	0.0	0.0	0.0	0.19163735	0.0	0.492366	0.066042185	0.0	0.16206726	0.0	0.0
0.0	0.31469128	0.0	0.16086932	0.0	0.0	0.23509653	0.0	0.0	0.0	0.0	0.0	0.0	0.0	0.30276272	0.0	0.48820743	0.0	0.0	0.26951432	0.0	0.0	0.0	0.12735945	0.0	0.049808104	0.06594455	0.0	0.0	0.13936378	0.0	0.0	0.0	0.0	0.0	0.15624838	0.0	0.0	0.0	0.0	0.27567148	0.0	0.09258523	0.0	0.2887273	0.0	0.39151725	0.12928647	0.12640165	0.15189485	0.0	0.0	0.0	0.26693076	0.0003530234	0.0	0.2718644	0.0	0.0	0.27170974	0.14954583	0.0	0.0	0.0	0.0	0.0	0.02786047	0.31054476	0.0	0.25485536	0.2985454	0.0	0.15908636	0.0	0.0	0.0	0.0	0.0	0.3422078	0.0	0.0	0.0	0.53435683	0.0	0.6719257	0.0	0.0	0.0	0.266324	0.2254597	0.0	0.0	0.0	0.0	0.0	0.0	0.36863002	0.0	0.0	0.0	0.18403482	0.0012427432	0.0	0.0	0.3591932	0.36578974	0.0	0.44494545	0.0	0.0	0.22794534	0.0	0.2757544	0.0	0.0	0.0	0.0	0.0	0.0	0.0	0.18598182	0.0	0.47704688	0.022496695	0.0	0.15135421	0.0	0.0
0.0	0.28882042	0.0	0.15792774	0.0	0.0	0.25084764	0.0	0.0	0.0	0.0	0.0	0.0	0.0	0.4208769	0.0	0.51609784	0.0	0.0	0.2748336	0.0	0.0	0.0	0.16722189	0.0	0.07963347	0.08582225	0.0	0.0	0.11202585	0.0	0.0	0.0	0.0	0.0	0.17861265	0.0	0.0	0.0	0.0	0.29151326	0.0	0.13438646	0.0	0.20642914	0.0	0.38846338	0.16432996	0.14785777	0.13369949	0.0	0.0	0.0	0.26942107	0.0	0.0	0.23147611	0.0	0.0	0.31336108	0.14629976	0.0	0.0	0.0	0.0	0.0	0.037579734	0.35269275	0.0	0.28424466	0.24604146	0.0	0.18187486	0.0	0.0	0.0	0.0	0.0	0.36236548	0.0	0.0	0.02016884	0.5531122	0.0	0.7344406	0.0	0.0	0.0	0.24537885	0.24583606	0.0	0.0	0.0	0.0	0.0	0.0	0.43763658	0.0	0.0	0.0	0.19736014	0.029996073	0.0	0.0	0.36406466	0.40391752	0.0	0.43797126	0.0	0.0	0.2102093	0.0	0.2688559	0.0	0.0	0.0	0.0	0.0	0.0	0.0	0.21421474	0.0	0.47342873	0.04559061	0.0	0.16874754	0.0	0.0
0.0	0.29541293	0.0	0.16397838	0.0	0.0	0.2620516	0.0	0.0	0.0	0.0	0.0	0.0	0.0	0.40941036	0.0	0.52359915	0.0	0.0	0.27759945	0.0	0.0	0.0	0.16212846	0.0	0.08438184	0.09479284	0.0	0.0	0.120505236	0.0	0.0	0.0	0.0	0.0	0.19007601	0.0	0.0	0.0	0.0	0.30020922	0.0	0.14040972	0.0	0.20845039	0.0	0.39302218	0.16507784	0.14210999	0.12665309	0.0	0.0	0.0	0.2678388	0.0	0.0	0.22915244	0.0	0.0	0.32036257	0.14478171	0.0	0.0	0.0	0.0	0.0	0.035000447	0.3434581	0.0	0.29437193	0.25497842	0.0	0.17169853	0.0	0.0	0.0	0.0	0.0	0.36757505	0.0	0.0	0.034121834	0.547462	0.0	0.740884	0.0	0.0	0.0	0.24974509	0.24845318	0.0	0.0	0.0	0.0	0.0	0.0	0.43873212	0.0	0.0	0.0	0.19615595	0.017681638	0.0	0.0	0.35580936	0.41258392	0.0	0.43949476	0.0	0.0	0.2097496	0.0	0.27716455	0.0	0.0	0.0	0.0	0.0	0.0	0.0	0.20688827	0.0	0.47185126	0.041282613	0.0	0.17272802	0.0	0.0
0.0	0.28618273	0.0	0.14206748	0.0	0.0	0.25256228	0.0	0.0	0.0	0.0	0.0	0.0	0.0	0.4084945	0.0	0.5090859	0.0	0.0	0.26730952	0.0	0.0	0.0	0.15138032	0.0	0.077212304	0.0800975	0.0	0.0	0.10529748	0.0	0.0	0.0	0.0	0.0	0.1785931	0.0	0.0	0.0	0.0	0.29819587	0.0	0.12282154	0.0	0.20991723	0.0	0.38783225	0.14359955	0.14390238	0.13791901	0.0	0.0	0.0	0.2710813	0.0	0.0	0.24223709	0.0	0.0	0.3101587	0.13867418	0.0	0.0	0.0	0.0	0.0	0.0366429	0.35554397	0.0	0.27953586	0.25281087	0.0	0.1895299	0.0	0.0	0.0	0.0	0.0	0.36256218	0.0	0.0	0.029018201	0.5501022	0.0	0.72785497	0.0	0.0	0.0	0.24986158	0.25155059	0.0	0.0	0.0	0.0	0.0	0.0	0.41110325	0.0	0.0	0.0	0.18986587	0.019151872	0.0	0.0	0.373148	0.40097368	0.0	0.4371512	0.0	0.0	0.21894604	0.0	0.2651917	0.0	0.0	0.0	0.0	0.0	0.0	0.0	0.21230115	0.0	0.46310437	0.036440574	0.0	0.16032736	0.0	0.0
0.0	0.28624225	0.0	0.14901932	0.0	0.0	0.25757286	0.0	0.0	0.0	0.0	0.0	0.0	0.0	0.40248314	0.0	0.49365962	0.0	0.0	0.2624482	0.0	0.0	0.0	0.13645868	0.0	0.08072796	0.065112	0.0	0.0	0.114049055	0.0	0.0	0.0	0.0	0.0	0.17836513	0.0	0.0	0.0	0.0	0.30990836	0.0	0.12920606	0.0	0.24040969	0.0	0.38830778	0.15157528	0.1412914	0.14619754	0.0	0.0	0.0	0.2522018	0.0	0.0	0.25657073	0.0	0.0	0.30858865	0.15183528	0.0	0.0	0.0	0.0	0.0	0.036260787	0.36958632	0.0	0.27615067	0.22205997	0.0	0.17857815	0.0	0.0	0.0	0.0	0.0	0.3474008	0.0	0.0	0.023969911	0.54869735	0.0	0.7335961	0.0	0.0	0.0	0.24826019	0.21715607	0.0	0.0	0.0	0.0	0.0	0.0	0.4031349	0.0	0.0	0.0	0.18490969	0.020479755	0.0	0.0	0.35718855	0.3913091	0.0	0.44152	0.0	0.0	0.21168578	0.0	0.28016257	0.0	0.0	0.0	0.0	0.0	0.0	0.0	0.18902504	0.0	0.45922312	0.05290838	0.0	0.17160095	0.0	0.0
0.0	0.268447	0.0	0.15407789	0.0	0.0	0.2449082	0.0	0.0	0.0	0.0	0.0	0.0	0.0	0.38814664	0.0	0.5044781	0.0	0.0	0.26853895	0.0	0.0	0.0	0.14091137	0.0	0.06331307	0.092048526	0.0	0.0	0.1364231	0.0	0.0	0.0	0.0	0.0	0.17993931	0.0	0.0	0.0	0.0	0.29259643	0.0	0.11325591	0.0	0.2042377	0.0	0.40607253	0.12098277	0.14000647	0.12591355	0.0	0.0	0.0	0.2725743	0.0	0.0	0.22730386	0.0	0.0	0.29082265	0.13182063	0.0	0.0	0.0	0.0	0.0	0.026708974	0.34680283	0.0	0.27814987	0.2751483	0.0	0.19623762	0.0	0.0	0.0	0.0	0.0	0.3727127	0.0	0.0	0.018070955	0.5200971	0.0	0.74246025	0.0	0.0	0.0	0.27471098	0.2737202	0.0	0.0	0.0	0.0	0.0	0.0	0.41923186	0.0	0.0	0.0	0.20425844	0.0010989135	0.0	0.0	0.37658337	0.4172599	0.0	0.4541526	0.0	0.0	0.21608086	0.0	0.27573147	0.0	0.0	0.0	0.0	0.0	0.0	0.0	0.20135401	0.0	0.44935367	0.02835767	0.0	0.14355351	0.0	0.0
0.0	0.3005133	0.0	0.16011675	0.0	0.0	0.25257692	0.0	0.0	0.0	0.0	0.0	0.0	0.0	0.35890588	0.0	0.51367205	0.0	0.0	0.2748426	0.0	0.0	0.0	0.14841975	0.0	0.084465526	0.081299804	0.0	0.0	0.114087105	0.0	0.0	0.0	0.0	0.0	0.15119581	0.0	0.0	0.0	0.0	0.27367958	0.0	0.11978567	0.0	0.24645424	0.0	0.3759955	0.17766166	0.13547248	0.1598206	0.0	0.0	0.0	0.24822323	0.0	0.0	0.2468789	0.0	0.0	0.29962552	0.16099072	0.0	0.0	0.0	0.0	0.0	0.044693086	0.31319454	0.0	0.27231193	0.24907672	0.0	0.16425283	0.0	0.0	0.0	0.0	0.0	0.3320342	0.0	0.0	0.0	0.5371327	0.0	0.663812	0.0	0.0	0.0	0.23790593	0.2312092	0.0	0.0	0.0	0.0	0.0	0.0	0.39036837	0.0	0.0	0.0	0.21037452	0.024396205	0.0	0.0	0.3586237	0.37858924	0.0	0.4316722	0.0	0.0	0.21618664	0.0	0.25564435	0.0	0.0	0.0	0.0	0.0	0.0	0.0	0.19276774	0.0	0.480088	0.05006677	0.0	0.15986182	0.0	0.0
0.0	0.3017813	0.0	0.15394846	0.0	0.0	0.27165642	0.0	0.0	0.0	0.0	0.0	0.0	0.0	0.3088099	0.0	0.5465331	0.0	0.0	0.24960394	0.0	0.0	0.0	0.089598455	0.0	0.047090024	0.055392236	0.0	0.0	0.14271846	0.0	0.0	0.0	0.0	0.0	0.10881921	0.0	0.0	0.0	0.0	0.2745113	0.0	0.09170028	0.0	0.26995203	0.0	0.35841584	0.13423172	0.14472072	0.16518892	5.3307664e-05	0.0	0.0	0.24853992	0.009056194	0.0	0.27205393	0.0	0.0	0.26610887	0.18204196	0.0	0.0	0.0	0.0	0.0	0.024509981	0.33139732	0.0	0.25435916	0.29576138	0.0	0.21246119	0.023704642	0.0	0.0	0.0	0.0	0.3197646	0.0	0.0	0.0	0.52740604	0.0	0.60280937	0.0	0.0	0.0	0.2372817	0.21443069	0.0	0.0	0.0	0.0	0.0	0.0	0.33403447	0.0	0.0	0.0	0.22720319	0.009356727	0.0	0.0	0.41827342	0.37648836	0.0	0.37744084	0.0	0.0	0.23098516	0.0	0.23931341	0.0	0.0	0.0	0.0	0.025880398	0.0	0.0	0.20776092	0.0	0.4963232	0.097674586	0.0	0.16974418	0.0	0.0
0.0	0.3034509	0.0	0.15667896	0.0	0.0	0.2418409	0.0	0.0	0.0	0.0	0.0	0.0	0.0	0.35627064	0.0	0.48985204	0.0	0.0	0.2730633	0.0	0.0	0.0	0.14610535	0.0	0.08713002	0.08001717	0.0	0.0	0.10727918	0.0	0.0	0.0	0.0	0.0	0.17382465	0.0	0.0	0.0	0.0	0.27431747	0.0	0.11538327	0.0	0.23926215	0.0	0.37307218	0.16606893	0.1422192	0.14930682	0.0	0.0	0.0	0.278609	0.0	0.0	0.256655	0.0	0.0	0.29899275	0.15358864	0.0	0.0	0.0	0.0	0.0	0.034849837	0.32855758	0.0	0.27231535	0.2616515	0.0	0.16633654	0.0	0.0	0.0	0.0	0.0	0.3561921	0.0	0.0	0.010340449	0.543283	0.0	0.67305857	0.0	0.0	0.0	0.23899841	0.22911537	0.0	0.0	0.0	0.0	0.0	0.0	0.3838476	0.0	0.0	0.0	0.19459547	0.013749521	0.0	0.0	0.34617886	0.36393002	0.0	0.41087437	0.0	0.0	0.21589911	0.0	0.26075074	0.0	0.0	0.0	0.0	0.0	0.0	0.0	0.21327937	0.0	0.46936628	0.03856341	0.0	0.15832324	0.0	0.0
0.0	0.31768292	0.0	0.18226618	0.0	0.0	0.28035653	0.0	0.0	0.0	0.0	0.0	0.0	0.0	0.4372382	0.0	0.5657397	0.0	0.0	0.3078433	0.0	0.0	0.0	0.20653701	0.0	0.09991322	0.10402554	0.0	0.0	0.13258326	0.0	0.0	0.0	0.0	0.0	0.16591282	0.0	0.0	0.0	0.0	0.26777184	0.0	0.14648615	0.0	0.19062252	0.0	0.38903168	0.21783423	0.15862489	0.13123028	0.0	0.0	0.0	0.2371006	0.0	0.0	0.19803642	0.0	0.0	0.31496754	0.17039974	0.0	0.0	0.0	0.0	0.0	0.054951444	0.3385686	0.0	0.29865384	0.21900713	0.0	0.16555107	0.0	0.0	0.0	0.0	0.0	0.3654807	0.0	0.0	0.029623082	0.5346456	0.0	0.7454259	0.0	0.0	0.0	0.2313792	0.24100196	0.0	0.0	0.0	0.0	0.0010516519	0.0	0.46917447	0.0	0.0	0.0	0.20151597	0.04712644	0.0	0.0	0.3389039	0.42628384	0.0	0.4582615	0.0	0.0	0.21064167	0.0	0.26681325	0.0	0.0	0.0	0.0	0.0	0.0	0.0	0.1810139	0.0	0.5105008	0.06040268	0.0	0.15953904	0.0	0.0
0.0	0.3147814	0.0	0.17061049	0.0	0.0	0.24527228	0.0	0.0	0.0	0.0	0.0	0.0	0.0	0.37070313	0.0	0.49805614	0.0	0.0	0.2854344	0.0	0.0	0.0	0.14374696	0.0	0.088354565	0.08185659	0.0	0.0	0.12904613	0.0	0.0	0.0	0.0	0.0	0.1931326	0.0	0.0	0.0	0.0	0.29268068	0.0	0.12770371	0.0	0.2534449	0.0	0.39897302	0.15573286	0.14678793	0.13300703	0.0	0.0	0.0	0.27303985	0.0	0.0	0.26252902	0.0	0.0	0.31310275	0.14864048	0.0	0.0	0.0	0.0	0.0	0.03883842	0.3452015	0.0	0.28128526	0.26137376	0.0	0.14223771	0.0	0.0	0.0	0.0	0.0	0.3468338	0.0	0.0	0.010671857	0.5555072	0.0	0.7384246	0.0	0.0	0.0	0.25994894	0.2050252	0.0	0.0	0.0	0.0	0.0	0.0	0.4251521	0.0	0.0	0.0	0.17529784	0.019288052	0.0	0.0	0.3423946	0.3992246	0.0	0.44484308	0.0	0.0	0.2093846	0.0	0.29832184	0.0	0.0	0.0	0.0	0.0	0.0	0.0	0.19390345	0.0	0.48350373	0.04401484	0.0	0.16584356	0.0	0.0
0.0	0.2949321	0.0	0.14776301	0.0	0.0	0.23463702	0.0	0.0	0.0	0.0	0.0	0.0	0.0	0.33694565	0.0	0.47957507	0.0	0.0	0.2548792	0.0	0.0	0.0	0.12572269	0.0	0.068892516	0.06951455	0.0	0.0	0.10984692	0.0	0.0	0.0	0.0	0.0	0.18374139	0.0	0.0	0.0	0.0	0.28833452	0.0	0.09688077	0.0	0.254806	0.0	0.38304543	0.14853097	0.13848339	0.15296216	0.0	0.0	0.0	0.2768905	0.0	0.0	0.2719939	0.0	0.0	0.28946766	0.14538194	0.0	0.0	0.0	0.0	0.0	0.026225483	0.33418426	0.0	0.26162332	0.26775756	0.0	0.17051624	0.0	0.0	0.0	0.0	0.0	0.34368303	0.0	0.0	0.013210046	0.5275884	0.0	0.6741739	0.0	0.0	0.0	0.26139355	0.22071879	0.0	0.0	0.0	0.0	0.0	0.0	0.36563173	0.0	0.0	0.0	0.18280979	0.005620472	0.0	0.0	0.3413168	0.35954237	0.0	0.42329887	0.0	0.0	0.21302767	0.0	0.2778171	0.0	0.0	0.0	0.0	0.0	0.0	0.0	0.19711111	0.0	0.45165995	0.030696368	0.0	0.15436342	0.0	0.0
0.0	0.290116	0.0	0.15161923	0.0	0.0	0.25770226	0.0	0.0	0.0	0.0	0.0	0.0	0.0	0.36493373	0.0	0.4890611	0.0	0.0	0.28558996	0.0	0.0	0.0	0.14145501	0.0	0.06324905	0.055624414	0.0	0.0	0.13814539	0.0	0.0	0.0	0.0	0.0	0.19297354	0.0	0.0	0.0	0.0	0.2671244	0.0	0.11833066	0.0	0.25973392	0.0	0.39615348	0.13917361	0.1466655	0.1564297	0.0	0.0	0.0	0.25363883	0.0	0.0	0.24406207	0.0	0.0	0.28560278	0.16566114	0.0	0.0	0.0	0.0	0.0	0.034225676	0.3508527	0.0	0.26254556	0.2379138	0.0	0.18379511	0.0	0.0	0.0	0.0	0.0	0.3495529	0.0	0.0	0.023526825	0.53883797	0.0	0.7196894	0.0	0.0	0.0	0.26659536	0.20743777	0.0	0.0	0.0	0.0	0.0	0.0	0.41729084	0.0	0.0	0.0	0.1629114	0.0	0.0	0.0	0.34731105	0.37148973	0.0	0.4333404	0.0	0.0	0.21400356	0.0	0.29078624	0.0	0.0	0.0	0.0	0.0	0.0	0.0	0.20607728	0.0	0.48020935	0.04026407	0.0	0.16530167	0.0	0.0
0.0	0.28260115	0.0	0.13299912	0.0	0.0	0.24097632	0.0	0.0	0.0	0.0	0.0	0.0	0.0	0.37033454	0.0	0.48261404	0.0	0.0	0.2503146	0.0	0.0	0.0	0.13986497	0.0	0.07368018	0.06216083	0.0	0.0	0.09192139	0.0	0.0	0.0	0.0	0.0	0.18701945	0.0	0.0	0.0	0.0	0.29003665	0.0	0.10855248	0.0	0.25178647	0.0	0.38319102	0.1460961	0.13091327	0.15985264	0.0	0.0	0.0	0.28902987	0.0	0.0	0.26765487	0.0	0.0	0.29682717	0.14351325	0.0	0.0	0.0	0.0	0.0	0.026678057	0.3380982	0.0	0.26344404	0.2561391	0.0	0.17914349	0.0	0.0	0.0	0.0	0.0	0.3460168	0.0	0.0	0.017465679	0.55574864	0.0	0.6851034	0.0	0.0	0.0	0.25846162	0.24523087	0.0	0.0	0.0	0.0	0.0	0.0	0.37308863	0.0	0.0	0.0	0.19790423	0.00705532	0.0	0.0	0.36650077	0.36411336	0.0	0.4173142	0.0	0.0	0.21806425	0.0	0.26920915	0.0	0.0	0.0	0.0	0.0	0.0	0.0	0.22274806	0.0	0.45735908	0.035739142	0.0	0.1608904	0.0	0.0
0.0	0.29056796	0.0	0.1579866	0.0	0.0	0.24550396	0.0	0.0	0.0	0.0	0.0	0.0	0.0	0.3748839	0.0	0.50651145	0.0	0.0	0.26581457	0.0	0.0	0.0	0.14533617	0.0	0.07726431	0.09027105	0.0	0.0	0.124809325	0.0	0.0	0.0	0.0	0.0	0.18512976	0.0	0.0	0.0	0.0	0.31316808	0.0	0.11798346	0.0	0.23123509	0.0	0.39360476	0.13681535	0.13976425	0.12525637	0.0	0.0	0.0	0.283041	0.0	0.0	0.24940789	0.0	0.0	0.3082355	0.1350796	0.0	0.0	0.0	0.0	0.0	0.028661432	0.34652677	0.0	0.28174853	0.27741188	0.0	0.16056524	0.0	0.0	0.0	0.0	0.0	0.35781014	0.0	0.0	0.012940439	0.54580134	0.0	0.73582023	0.0	0.0	0.0	0.26457262	0.24155353	0.0	0.0	0.0	0.0	0.0	0.0	0.41227648	0.0	0.0	0.0	0.18472968	0.0090887705	0.0	0.0	0.36286426	0.3989495	0.0	0.44560304	0.0	0.0	0.22283708	0.0	0.2829152	0.0	0.0	0.0	0.0	0.0	0.0	0.0	0.2064752	0.0	0.46212903	0.0390107	0.0	0.16520691	0.0	0.0
0.0	0.277496	0.0	0.14290594	0.0	0.0	0.24343641	0.0	0.0	0.0	0.0	0.0	0.0	0.0	0.39850822	0.0	0.50177854	0.0	0.0	0.25971562	0.0	0.0	0.0	0.14445549	0.0	0.06968733	0.08861479	0.0	0.0	0.104270734	0.0	0.0	0.0	0.0	0.0	0.17905526	0.0	0.0	0.0	0.0	0.3024808	0.0	0.120643176	0.0	0.20332658	0.0	0.38448083	0.14242242	0.14217989	0.13085724	0.0	0.0	0.0	0.28250912	0.0	0.0	0.24126315	0.0	0.0	0.3039343	0.13044028	0.0	0.0	0.0	0.0	0.0	0.03467236	0.35066903	0.0	0.27692595	0.2633532	0.0	0.18853562	0.0	0.0	0.0	0.0	0.0	0.3629191	0.0	0.0	0.018442338	0.5418115	0.0	0.7270253	0.0	0.0	0.0	0.25803158	0.25904155	0.0	0.0	0.0	0.0	0.0	0.0	0.40620434	0.0	0.0	0.0	0.19729166	0.014539938	0.0	0.0	0.37473488	0.39931095	0.0	0.43794188	0.0	0.0	0.21682529	0.0	0.2708556	0.0	0.0	0.0	0.0	0.0	0.0	0.0	0.21969093	0.0	0.452468	0.04118268	0.0	0.16239913	0.0	0.0
0.0	0.32362923	0.0	0.18252404	0.0	0.0	0.24693556	0.0	0.0	0.0	0.0	0.0	0.0	0.0	0.397019	0.0	0.52341485	0.0	0.0	0.3134649	0.0	0.0	0.0	0.15823333	0.0	0.09518593	0.10386592	0.0	0.0	0.1469033	0.0	0.0	0.0	0.0	0.0	0.18024342	0.0	0.0	0.0	0.0	0.30566058	0.0	0.14366256	0.0	0.2262538	0.0	0.40170816	0.15174992	0.16356188	0.11033272	0.0	0.0	0.0	0.2691127	0.0	0.0	0.23690009	0.0	0.0	0.3264456	0.1443093	0.0	0.0	0.0	0.0	0.0	0.047350466	0.35315835	0.0	0.30141082	0.26518688	0.0	0.14037877	0.0	0.0	0.0	0.0	0.0	0.37769175	0.0	0.0	0.0115002515	0.5596222	0.0	0.79333323	0.0	0.0	0.0	0.25145778	0.22260772	0.0	0.0	0.0	0.0	0.0	0.0	0.4665848	0.0	0.0	0.0	0.17766078	0.023835272	0.0	0.0	0.3520949	0.43101248	0.0	0.4574984	0.0	0.0	0.20635934	0.0	0.2770814	0.0	0.0	0.0	0.0	0.0	0.0	0.0	0.19319345	0.0	0.49408424	0.042449147	0.0	0.15620327	0.0	0.0
0.0	0.3015369	0.0	0.17777418	0.0	0.0	0.24326368	0.0	0.0	0.0	0.0	0.0	0.0	0.0	0.41532394	0.0	0.52875406	0.0	0.0	0.2906969	0.0	0.0	0.0	0.14545202	0.0	0.08312944	0.13836364	0.0	0.0	0.1407844	0.0	0.0	0.0	0.0	0.0	0.18684627	0.0	0.0	0.0	0.0	0.30192026	0.0	0.14633904	0.0	0.1734346	0.0	0.3925972	0.14930315	0.16591837	0.0977607	0.0	0.0	0.0	0.30830956	0.0	0.0	0.22436114	0.0	0.0	0.33494353	0.12982063	0.0	0.0	0.0	0.0	0.0	0.037182987	0.38027486	0.0	0.31299314	0.26039094	0.0	0.19582148	0.0	0.0	0.0	0.0	0.0	0.40230718	0.0	0.0	0.02779603	0.5357809	0.0	0.7980756	0.0052648	0.0	0.0	0.2554414	0.2529287	0.0	0.0	0.0	0.0	0.0	0.0	0.4554	0.0	0.0	0.0	0.20296188	0.034332912	0.0	0.0	0.36376905	0.46487713	0.0	0.42712703	0.0	0.0	0.19815542	0.0	0.26400802	0.0	0.0	0.0	0.0	0.0	0.0	0.0	0.23020752	0.0	0.46476784	0.069246076	0.0	0.13781126	0.0	0.0
0.0	0.27600634	0.0	0.14443983	0.0	0.0	0.25425497	0.0	0.0	0.0	0.0	0.0	0.0	0.0	0.38381028	0.0	0.48661724	0.0	0.0	0.25922513	0.0	0.0	0.0	0.14123993	0.0	0.06849872	0.06698558	0.0	0.0	0.11741656	0.0	0.0	0.0	0.0	0.0	0.18807586	0.0	0.0	0.0	0.0	0.28974685	0.0	0.1149886	0.0	0.23102708	0.0	0.38861275	0.13460773	0.13782455	0.141077	0.0	0.0	0.0	0.27068204	0.0	0.0	0.24895628	0.0	0.0	0.3009737	0.14952326	0.0	0.0	0.0	0.0	0.0	0.023988068	0.35822654	0.0	0.2669305	0.24927942	0.0	0.18917663	0.0	0.0	0.0	0.0	0.0	0.358675	0.0	0.0	0.027353749	0.5398088	0.0	0.7145076	0.0	0.0	0.0	0.27182147	0.23792946	0.0	0.0	0.0	0.0	0.0	0.0	0.39910388	0.0	0.0	0.0	0.17655933	0.006426599	0.0	0.0	0.36338162	0.38051805	0.0	0.43281174	0.0	0.0	0.21790762	0.0	0.2880564	0.0	0.0	0.0	0.0	0.0	0.0	0.0	0.20967889	0.0	0.45674023	0.0303733	0.0	0.17104661	0.0	0.0
0.0	0.30621156	0.0	0.17375344	0.0	0.0	0.24697888	0.0	0.0	0.0	0.0	0.0	0.0	0.0	0.3964589	0.0	0.504908	0.0	0.0	0.28713584	0.0	0.0	0.0	0.15066446	0.0	0.08517131	0.10130022	0.0	0.0	0.13948311	0.0	0.0	0.0	0.0	0.0	0.18796657	0.0	0.0	0.0	0.0	0.3089402	0.0	0.13697575	0.0	0.22037478	0.0	0.39358225	0.14075339	0.15217967	0.10664678	0.0	0.0	0.0	0.2821261	0.0	0.0	0.24389613	0.0	0.0	0.32178417	0.13640405	0.0	0.0	0.0	0.0	0.0	0.030825913	0.35725585	0.0	0.29504907	0.26606455	0.0	0.15101081	0.0	0.0	0.0	0.0	0.0	0.37389377	0.0	0.0	0.02242442	0.54952717	0.0	0.7743004	0.0	0.0	0.0	0.25938264	0.23350029	0.0	0.0	0.0	0.0	0.0	0.0	0.44665214	0.0	0.0	0.0	0.16812408	0.014298686	0.0	0.0	0.3511819	0.41825232	0.0	0.45250168	0.0	0.0	0.2138152	0.0	0.28584346	0.0	0.0	0.0	0.0	0.0	0.0	0.0	0.1968984	0.0	0.47850287	0.0403542	0.0	0.16484736	0.0	0.0
0.0	0.2942991	0.0	0.15167445	0.0	0.0	0.26317278	0.0	0.0	0.0	0.0	0.0	0.0	0.0	0.3903581	0.0	0.4906361	0.0	0.0	0.2614645	0.0	0.0	0.0	0.14340505	0.0	0.07679659	0.06045482	0.0	0.0	0.1191842	0.0	0.0	0.0	0.0	0.0	0.1844828	0.0	0.0	0.0	0.0	0.29106894	0.0	0.11885244	0.0	0.24188201	0.0	0.38849473	0.1477768	0.1296208	0.15193123	0.0	0.0	0.0	0.26445484	0.0	0.0	0.25319347	0.0	0.0	0.29590473	0.15984069	0.0	0.0	0.0	0.0	0.0	0.030816996	0.36147764	0.0	0.26523474	0.23132408	0.0	0.17697294	0.0	0.0	0.0	0.0	0.0	0.33673838	0.0	0.0	0.025047228	0.54773873	0.0	0.7208192	0.0	0.0	0.0	0.26070458	0.22531308	0.0	0.0	0.0	0.0	0.0	0.0	0.4053675	0.0	0.0	0.0	0.19001646	0.009860493	0.0	0.0	0.35650277	0.38493213	0.0	0.43480572	0.0	0.0	0.21725082	0.0	0.2898737	0.0	0.0	0.0	0.0	0.0	0.0	0.0	0.19878097	0.0	0.4543064	0.036931	0.0	0.1700089	0.0	0.0
0.0	0.3041439	0.0	0.19563551	0.0	0.0	0.3267537	0.0	0.0	0.0	0.0	0.0	0.0	0.0	0.41941223	0.0	0.58029	0.0	0.0	0.2742513	0.0	0.0	0.0	0.20865071	0.0	0.107467175	0.11127595	0.0	0.0	0.1264946	0.0	0.0	0.0	0.0	0.0	0.107442565	0.0	0.0	0.0	0.0	0.2326987	0.0	0.14502834	0.0	0.20027553	0.0	0.36167982	0.26527083	0.1402468	0.17433034	0.0	0.0	0.0	0.18546925	0.0	0.0	0.19320667	0.0	0.0	0.3180301	0.2028623	0.0	0.0	0.0	0.0	0.0	0.11942059	0.30574012	0.0	0.2855195	0.17224388	0.0	0.17635019	0.0	0.0	0.0	0.0	0.0	0.28773287	0.0	0.0	0.02082369	0.50847363	0.0	0.5983221	0.0	0.0	0.0	0.1862101	0.26719236	0.0	0.0	0.0	0.0	0.009701367	0.0	0.39645767	0.0	0.0	0.0	0.25586632	0.042976487	0.0	0.0	0.36049616	0.38252255	0.0	0.41466084	0.0	0.0	0.21166694	0.0	0.24815936	0.0	0.0	0.0	0.0	0.0	0.0	0.0	0.15556201	0.0	0.53871477	0.105291605	0.0	0.20157915	0.0	0.0
0.0	0.25918603	0.0	0.16432582	0.0	0.0	0.3143774	0.0	0.0	0.0	0.0	0.0	0.0	0.0	0.37235332	0.0	0.5484745	0.0	0.0	0.2221884	0.0	0.0	0.0	0.20331137	0.0	0.10227483	0.12238868	0.0	0.0	0.10738536	0.0	0.0	0.0	0.0	0.0	0.13302411	0.0	0.0	0.0	0.0	0.21545057	0.0	0.08813757	0.0	0.2577466	0.0	0.3929535	0.28514734	0.11354231	0.18822761	0.0	0.0	0.0	0.20377612	0.0	0.0	0.2694972	0.0	0.0	0.3152264	0.23010804	0.0	0.0	0.0	0.0	0.0	0.110126734	0.26291084	0.0	0.2726005	0.21451713	0.004898893	0.18233575	0.0	0.0	0.0	0.0	0.0	0.26126823	0.0	0.0	0.037253864	0.48478675	0.0	0.49824178	0.0	0.0	0.0	0.19440202	0.2904065	0.0	0.0	0.0	0.0	0.0	0.0	0.29314658	0.0	0.0	0.0	0.28421906	0.029519133	0.0	0.0	0.33521906	0.29074177	0.0	0.3968736	0.0	0.0	0.19605768	0.0	0.2545584	0.0	0.0	0.0	0.0	0.0	0.0	0.0	0.17376411	0.0	0.51792145	0.049576864	0.0	0.17626093	0.0	0.0
0.0	0.2848935	0.0	0.17604345	0.0	0.0	0.32336542	0.0	0.0	0.0	0.0	0.0	0.0	0.0	0.3511363	0.0	0.5501125	0.0	0.0	0.23039764	0.0	0.0	0.0	0.20979781	0.0	0.09681797	0.1122846	0.0	0.0	0.11279184	0.0	0.0	0.0	0.0	0.0	0.11349684	0.0	0.0	0.0	0.0	0.21092062	0.0	0.090098776	0.0	0.25815493	0.0	0.3799812	0.27898148	0.103244476	0.18762498	0.0	0.0	0.0	0.18137963	0.0	0.0	0.2500972	0.0	0.0	0.29537156	0.2284923	0.0	0.0	0.0	0.0	0.0	0.11130188	0.24939705	0.0	0.25895402	0.21032827	0.0047570416	0.17888568	0.0	0.0	0.0	0.0	0.0	0.265444	0.0	0.0	0.038239915	0.46835673	0.0	0.48251298	0.0	0.0	0.0	0.1822253	0.28858027	0.0	0.0	0.0	0.0	0.0	0.0	0.29097208	0.0	0.0	0.0	0.28545797	0.03111487	0.0	0.0	0.32880005	0.28758028	0.0	0.3912952	0.0	0.0	0.20177262	0.0	0.24141674	0.0	0.0	0.0	0.0	0.0	0.0	0.0	0.15239374	0.0	0.5252275	0.046065375	0.0	0.17592949	0.0	0.0
0.0	0.2784515	0.0	0.16513114	0.0	0.0	0.31414735	0.0	0.0	0.0	0.0	0.0	0.0	0.0	0.32210606	0.0	0.5389007	0.0	0.0	0.21759613	0.0	0.0	0.0	0.18893516	0.0	0.08196842	0.09564519	0.0	0.0	0.102137245	0.0	0.0	0.0	0.0	0.0	0.106467664	0.0	0.0	0.0	0.0	0.1899149	0.0	0.068442635	0.0	0.28805143	0.0	0.3910408	0.29518446	0.09458045	0.20415074	0.0	0.0	0.0	0.1794269	0.0	0.0	0.25839624	0.0	0.0	0.27539957	0.23540765	0.0	0.0	0.0	0.0	0.0	0.13321958	0.23289025	0.0	0.23911567	0.19893293	0.0052150995	0.1703204	0.0	0.0	0.0	0.0	0.0	0.2350614	0.0	0.0	0.026176056	0.4568697	0.0	0.44071195	0.0	0.0	0.0	0.20071864	0.27578157	0.0	0.0	0.0	0.0	0.0	0.0	0.2660984	0.0	0.0	0.0	0.27995893	0.02040624	0.0	0.0	0.32276282	0.25551024	0.0	0.40187454	0.0	0.0	0.20359176	0.0	0.24666028	0.0	0.0	0.0	0.0	0.0	0.0	0.0	0.1371735	0.0	0.5274698	0.05025992	0.0	0.17737205	0.0	0.0
0.0	0.2747298	0.0	0.16526441	0.0	0.0	0.31025517	0.0	0.0	0.0	0.0	0.0	0.0	0.0	0.31713417	0.0	0.5391918	0.0	0.0	0.22378314	0.0	0.0	0.0	0.18025462	0.0	0.057085853	0.08898207	0.0	0.0	0.09825349	0.0029995989	0.0	0.0	0.0	0.0	0.106895864	0.0	0.0	0.0	0.0	0.16802464	0.0	0.076400965	0.0	0.28839445	0.0	0.39428076	0.27613887	0.09355656	0.20580214	0.0	0.0	0.0	0.18736708	0.0	0.0	0.23711616	0.0	0.0	0.26534045	0.22408961	0.0	0.0	0.0	0.0	0.0	0.13511162	0.23127067	0.0	0.23227467	0.20168269	0.0	0.1661617	0.0	0.0	0.0	0.0	0.0	0.23694819	0.0	0.0	0.0058523207	0.4559408	0.0	0.46089783	0.0	0.0	0.0	0.21941344	0.26927543	0.0	0.0	0.0	0.0	0.0	0.0	0.28650346	0.0	0.0	0.0	0.26164743	0.0	0.0	0.0	0.3240979	0.2662171	0.0	0.4111232	0.0	0.0	0.2229204	0.0	0.2557105	0.0	0.0	0.0	0.0	0.0	0.0	0.0	0.14911021	0.0	0.52279204	0.057354745	0.0	0.18180478	0.0	0.0
0.0	0.2793424	0.0	0.16516231	0.0	0.0	0.29364172	0.0	0.0	0.0	0.0	0.0	0.0	0.0	0.31685963	0.0	0.5247697	0.0	0.0	0.23197234	0.0	0.0	0.0	0.17429328	0.0	0.055153813	0.083987094	0.0	0.0	0.10372946	0.0	0.0	0.0	0.0	0.0	0.11781318	0.0	0.0	0.0	0.0	0.18253104	0.0	0.07978927	0.0	0.2993423	0.0	0.390262	0.24145518	0.10447817	0.19439943	0.0	0.0	0.0	0.21054111	0.0	0.0	0.2505836	0.0	0.0	0.26912066	0.21398492	0.0	0.0	0.0	0.0	0.0	0.11228498	0.24754095	0.0	0.2450196	0.23015715	0.0	0.16532992	0.0	0.0	0.0	0.0	0.0	0.2544255	0.0	0.0	0.00041266033	0.48663163	0.0	0.49248782	0.0	0.0	0.0	0.22611327	0.26361832	0.0	0.0	0.0	0.0	0.0	0.0	0.3062196	0.0	0.0	0.0	0.24718428	0.0	0.0	0.0	0.33698606	0.2741104	0.0	0.4091231	0.0	0.0	0.22186817	0.0	0.25055417	0.0	0.0	0.0	0.0	0.0	0.0	0.0	0.1668189	0.0	0.5194473	0.043368336	0.0	0.1858329	0.0	0.0
0.0	0.27145275	0.0	0.16956826	0.0	0.0	0.31045866	0.0	0.0	0.0	0.0	0.0	0.0	0.0	0.32948923	0.0	0.536542	0.0	0.0	0.2217073	0.0	0.0	0.0	0.18205194	0.0	0.07501691	0.10092697	0.0	0.0	0.1062805	0.0020637785	0.0	0.0	0.0	0.0	0.10153941	0.0	0.0	0.0	0.0	0.17860663	0.0	0.08806016	0.0	0.26859608	0.0	0.39320812	0.27477852	0.090042956	0.19398634	0.0	0.0	0.0	0.18882589	0.0	0.0	0.24375303	0.0	0.0	0.26513734	0.22486801	0.0	0.0	0.0	0.0	0.0	0.122550726	0.23763895	0.0	0.24490805	0.21147318	0.0072694556	0.18366225	0.0	0.0	0.0	0.0	0.0	0.2405312	0.0	0.0	0.0127366455	0.45082653	0.0	0.46485373	0.0	0.0	0.0	0.20368762	0.2841076	0.0	0.0	0.0	0.0	0.0	0.0	0.29009414	0.0	0.0	0.0	0.2788669	0.015262949	0.0	0.0	0.33454585	0.26683626	0.0	0.40299448	0.0	0.0	0.21019523	0.0	0.2429847	0.0	0.0	0.0	0.0	0.0	0.0	0.0	0.1449506	0.0	0.5171121	0.051109076	0.0	0.18572633	0.0	0.0
0.0	0.2809828	0.0	0.17537467	0.0	0.0	0.32042882	0.0	0.0	0.0	0.0	0.0	0.0	0.0	0.35923615	0.0	0.55212873	0.0	0.0	0.23466472	0.0	0.0	0.0	0.20357622	0.0	0.097850494	0.109709166	0.0	0.0	0.11573031	0.0	0.0	0.0	0.0	0.0	0.10956744	0.0	0.0	0.0	0.0	0.22360526	0.0	0.09000644	0.0	0.27078167	0.0	0.38513908	0.27929518	0.1032835	0.18637629	0.0	0.0	0.0	0.18438934	0.0	0.0	0.25691724	0.0	0.0	0.29867634	0.2290908	0.0	0.0	0.0	0.0	0.0	0.10710728	0.25612986	0.0	0.26046517	0.2083955	0.0058097965	0.17346044	0.0	0.0	0.0	0.0	0.0	0.26499358	0.0	0.0	0.03771932	0.47876683	0.0	0.4893836	0.0	0.0	0.0	0.18238056	0.28544167	0.0	0.0	0.0	0.0	0.0	0.0	0.29418066	0.0	0.0	0.0	0.28337088	0.032732513	0.0	0.0	0.33541808	0.2803032	0.0	0.39746115	0.0	0.0	0.20078678	0.0	0.24115832	0.0	0.0	0.0	0.0	0.0	0.0	0.0	0.14982837	0.0	0.53327924	0.049753297	0.0	0.18110172	0.0	0.0
0.0	0.27192232	0.0	0.16874875	0.0	0.0	0.30165467	0.0	0.0	0.0	0.0	0.0	0.0	0.0	0.32786977	0.0	0.5249339	0.0	0.0	0.2118541	0.0	0.0	0.0	0.1874791	0.0	0.0768446	0.09593412	0.0	0.0	0.092297085	0.0	0.0	0.0	0.0	0.0	0.12049607	0.0	0.0	0.0	0.0	0.20569013	0.0	0.071855165	0.0	0.2987971	0.0	0.3946313	0.29499653	0.095061846	0.21150452	0.0	0.0	0.0	0.19512554	0.0	0.0	0.27809098	0.0	0.0	0.28497764	0.24148583	0.0	0.0	0.0	0.0	0.0	0.12122053	0.23938416	0.0	0.24513793	0.20320125	0.002742514	0.16314274	0.0	0.0	0.0	0.0	0.0	0.23382087	0.0	0.0	0.019021375	0.48335025	0.0	0.45670533	0.0	0.0	0.0	0.20145679	0.2658186	0.0	0.0	0.0	0.0	0.0	0.0	0.26158306	0.0	0.0	0.0	0.2793847	0.02154597	0.0	0.0	0.32473096	0.2557895	0.0	0.4182382	0.0	0.0	0.19826241	0.0	0.26141375	0.0	0.0	0.0	0.0	0.0	0.0	0.0	0.13997328	0.0	0.5163973	0.043412343	0.0	0.17651844	0.0	0.0
0.0	0.2440446	0.0	0.13341932	0.0	0.0	0.30591628	0.0	0.0	0.0	0.0	0.0	0.0	0.0	0.37935075	0.0	0.5179861	0.0	0.0	0.21195185	0.0	0.0	0.0	0.20370078	0.0	0.05210163	0.0763895	0.0	0.0	0.09403492	0.0	0.0	0.0	0.0	0.0	0.16317892	0.0	0.0	0.0	0.0	0.15876009	0.0	0.06944545	0.0	0.30431557	0.0	0.41860786	0.2781466	0.08737416	0.227031	0.0	0.0	0.0	0.213322	0.0	0.0	0.26988363	0.0	0.0	0.29715344	0.22439885	0.0	0.0	0.0	0.0	0.0	0.100926615	0.2784225	0.0	0.25715324	0.2156853	0.0	0.17574	0.0	0.0	0.0	0.0	0.0	0.24537994	0.0	0.0	0.033873938	0.5084372	0.0	0.49100828	0.0	0.0	0.0	0.24471642	0.2806128	0.0	0.0	0.0	0.0	0.0	0.0	0.2928386	0.0	0.0	0.0	0.27085134	0.0	0.0	0.0	0.31166378	0.2763106	0.0	0.4107062	0.0	0.0	0.20261014	0.0	0.2865007	0.0	0.0	0.0	0.0	0.0	0.0	0.0	0.18845141	0.0	0.49449816	0.0576055	0.0	0.17953952	0.0	0.0
0.0	0.23270279	0.0	0.14520286	0.0	0.0	0.31961718	0.0	0.0	0.0	0.0	0.0	0.0	0.0	0.3896521	0.0	0.5433721	0.0	0.0	0.20180047	0.0	0.0	0.0	0.20786434	0.0	0.08579007	0.11667359	0.0	0.0	0.09719553	0.0	0.0	0.0	0.0	0.0	0.13598514	0.0	0.0	0.0	0.0	0.18746644	0.0	0.08029932	0.0	0.2373395	0.0	0.39774096	0.28949806	0.10310549	0.21051955	0.0	0.0	0.0	0.20159952	0.0	0.0	0.24543513	0.0	0.0	0.3048388	0.23476155	0.0	0.0	0.0	0.0	0.0	0.10775077	0.27519503	0.0	0.27214956	0.1990226	0.0066288547	0.20106411	0.0	0.0	0.0	0.0	0.0	0.24728431	0.0	0.0	0.030491173	0.47648445	0.0	0.47718683	0.0	0.0	0.0	0.21598987	0.30018988	0.0	0.0	0.0	0.0	0.0	0.0	0.2780517	0.0	0.0	0.0	0.29080975	0.01563565	0.0	0.0	0.32501832	0.28880176	0.0	0.40268552	0.0	0.0	0.19987623	0.0	0.25580493	0.0	0.0	0.0	0.0	0.0	0.0	0.0	0.17016095	0.0	0.4905584	0.0668154	0.0	0.17227714	0.0	0.0
0.0	0.21532159	0.0	0.12349573	0.0	0.0	0.27665916	0.0	0.0	0.0	0.0	0.0	0.0	0.0	0.52219325	0.0	0.58283305	0.0	0.0	0.24252181	0.0	0.0	0.0	0.23610586	0.0	0.018530956	0.12131686	0.0	0.0	0.1206705	0.0	0.0	0.0	0.0	0.0	0.18618305	0.0	0.0	0.0	0.0	0.29083726	0.0	0.14109877	0.0	0.17281665	0.0	0.4803622	0.18364964	0.10018339	0.09466406	0.0	0.0	0.0	0.24073772	0.0	0.0	0.18920732	0.0	0.0	0.3180334	0.12524891	0.0	0.0	0.0	0.0	0.0	0.05871704	0.3323275	0.0	0.29580045	0.23444442	0.0	0.18655415	0.0	0.0	0.0	0.0	0.0	0.35915744	0.0	0.0	0.03742187	0.5152252	0.0	0.80656785	0.03104268	0.0	0.0	0.29561764	0.382368	0.0	0.0	0.0	0.0	0.0	0.0	0.5177992	0.0	0.0	0.0	0.22911121	0.013476547	0.0	0.0	0.4056295	0.43703333	0.0	0.5585092	0.0	0.0	0.22078729	0.0	0.33259627	0.0	0.0	0.0	0.0	0.0	0.0	0.0	0.16622567	0.0	0.48358703	0.0	0.0	0.20707162	0.0	0.0
0.0	0.28918052	0.0	0.16700912	0.0	0.0	0.3191041	0.0	0.0	0.0	0.0	0.0	0.0	0.0	0.32499218	0.0	0.54756826	0.0	0.0	0.23146375	0.0	0.0	0.0	0.18359403	0.0	0.07751784	0.09125286	0.0	0.0	0.11232958	0.0	0.0	0.0	0.0	0.0	0.10115403	0.0	0.0	0.0	0.0	0.1984771	0.0	0.07779743	0.0	0.28998873	0.0	0.3961095	0.27558878	0.09634337	0.1932991	0.0	0.0	0.0	0.17791593	0.0	0.0	0.26029983	0.0	0.0	0.2750084	0.22731192	0.0	0.0	0.0	0.0	0.0	0.1172894	0.24108799	0.0	0.24173634	0.2134531	0.0029234502	0.17595106	0.0	0.0	0.0	0.0	0.0	0.25016677	0.0	0.0	0.028405689	0.4636661	0.0	0.4621627	0.0	0.0	0.0	0.19061036	0.27636603	0.0	0.0	0.0	0.0	0.0	0.0	0.278867	0.0	0.0	0.0	0.27172902	0.023571052	0.0	0.0	0.3392497	0.26188257	0.0	0.39955544	0.0	0.0	0.20841467	0.0	0.24278772	0.0	0.0	0.0	0.0	0.0	0.0	0.0	0.14314078	0.0	0.5356912	0.045348376	0.0	0.18120442	0.0	0.0
0.0	0.26173365	0.0	0.16734691	0.0	0.0	0.32188118	0.0	0.0	0.0	0.0	0.0	0.0	0.0	0.3731713	0.0	0.5532865	0.0	0.0	0.22080219	0.0	0.0	0.0	0.21136451	0.0	0.10234629	0.12570287	0.0	0.0	0.110543706	0.0	0.0	0.0	0.0	0.0	0.11632078	0.0	0.0	0.0	0.0	0.21329886	0.0	0.091517985	0.0	0.24039905	0.0	0.3824114	0.27914512	0.10989647	0.18269597	0.0	0.0	0.0	0.19271983	0.0	0.0	0.24468768	0.0	0.0	0.305662	0.22375941	0.0	0.0	0.0	0.0	0.0	0.10953613	0.26081258	0.0	0.26992318	0.20501368	0.004666886	0.18576592	0.0	0.0	0.0	0.0	0.0	0.2719638	0.0	0.0	0.042966474	0.46892396	0.0	0.48996815	0.0	0.0	0.0	0.18838531	0.2988389	0.0	0.0	0.0	0.0	0.0	0.0	0.29325926	0.0	0.0	0.0	0.2816451	0.02778542	0.0	0.0	0.33134434	0.28499183	0.0	0.39608237	0.0	0.0	0.2028879	0.0	0.23961471	0.0	0.0	0.0	0.0	0.0	0.0	0.0	0.16110562	0.0	0.5184986	0.050611105	0.0	0.17455113	0.0	0.0
0.0	0.27308413	0.0	0.17530628	0.0	0.0	0.3199198	0.0	0.0	0.0	0.0	0.0	0.0	0.0	0.35458028	0.0	0.5467012	0.0	0.0	0.2230658	0.0	0.0	0.0	0.20728047	0.0	0.09520837	0.109643675	0.0	0.0	0.10398949	0.0	0.0	0.0	0.0	0.0	0.121759236	0.0	0.0	0.0	0.0	0.21101142	0.0	0.07496139	0.0	0.28741878	0.0	0.39655128	0.30327594	0.10696869	0.19861968	0.0	0.0	0.0	0.19529003	0.0	0.0	0.26981583	0.0	0.0	0.30138892	0.24584687	0.0	0.0	0.0	0.0	0.0	0.12418755	0.2435266	0.0	0.26199242	0.20327568	0.0044444255	0.16370653	0.0	0.0	0.0	0.0	0.0	0.24173881	0.0	0.0	0.034896385	0.4831433	0.0	0.46486843	0.0	0.0	0.0	0.19972128	0.28155613	0.0	0.0	0.0	0.0	0.0	0.0	0.27807635	0.0	0.0	0.0	0.28390262	0.03018289	0.0	0.0	0.31957528	0.26669583	0.0	0.40296873	0.0	0.0	0.1976003	0.0	0.25734136	0.0	0.0	0.0	0.0	0.0	0.0	0.0	0.1503592	0.0	0.5338805	0.051071864	0.0	0.1799805	0.0	0.0
0.0	0.2824723	0.0	0.16662754	0.0	0.0	0.31603685	0.0	0.0	0.0	0.0	0.0	0.0	0.0	0.3401898	0.0	0.5525987	0.0	0.0	0.22877753	0.0	0.0	0.0	0.1835448	0.0	0.07880146	0.08343484	0.0	0.0	0.112706326	0.0	0.0	0.0	0.0	0.0	0.0937543	0.0	0.0	0.0	0.0	0.19401199	0.0	0.09107422	0.0	0.2851698	0.0	0.37316895	0.2625399	0.100367546	0.20470108	0.0	0.0	0.0	0.16844416	0.0	0.0	0.23405755	0.0	0.0	0.2733234	0.21842326	0.0	0.0	0.0	0.0	0.0	0.12614557	0.2572941	0.0	0.24686694	0.2020024	0.0	0.16949598	0.0	0.0	0.0	0.0	0.0	0.25499716	0.0	0.0	0.012342364	0.4704897	0.0	0.4892116	0.0	0.0	0.0	0.1877741	0.25783694	0.0	0.0	0.0	0.0	0.0	0.0	0.30126938	0.0	0.0	0.0	0.27396303	0.020226266	0.0	0.0	0.33775124	0.27839467	0.0	0.39617118	0.0	0.0	0.21006238	0.0	0.24683487	0.0	0.0	0.0	0.0	0.0	0.0	0.0	0.14666776	0.0	0.52846885	0.051010933	0.0	0.18533777	0.0	0.0
0.0	0.28551263	0.0	0.17159928	0.0	0.0	0.31463572	0.0	0.0	0.0	0.0	0.0	0.0	0.0	0.33269343	0.0	0.5428094	0.0	0.0	0.2290597	0.0	0.0	0.0	0.19685538	0.0	0.081846066	0.09861255	0.0	0.0	0.10828907	0.0	0.0	0.0	0.0	0.0	0.11265605	0.0	0.0	0.0	0.0	0.20552726	0.0	0.0770297	0.0	0.29223567	0.0	0.39460602	0.28004304	0.100813754	0.19884987	0.0	0.0	0.0	0.18813466	0.0	0.0	0.26334894	0.0	0.0	0.28434882	0.22919269	0.0	0.0	0.0	0.0	0.0	0.11512724	0.24263556	0.0	0.24825852	0.21604258	0.0031605337	0.16624881	0.0	0.0	0.0	0.0	0.0	0.25308067	0.0	0.0	0.02816918	0.47536302	0.0	0.4655982	0.0	0.0	0.0	0.19616854	0.28043863	0.0	0.0	0.0	0.0	0.0	0.0	0.28088215	0.0	0.0	0.0	0.27660176	0.023946563	0.0	0.0	0.33078533	0.26332083	0.0	0.40418467	0.0	0.0	0.20365073	0.0	0.24966514	0.0	0.0	0.0	0.0	0.0	0.0	0.0	0.14860564	0.0	0.5358632	0.04488859	0.0	0.18425186	0.0	0.0
0.0	0.26970363	0.0	0.1717121	0.0	0.0	0.31310812	0.0	0.0	0.0	0.0	0.0	0.0	0.0	0.3688519	0.0	0.5458123	0.0	0.0	0.23274171	0.0	0.0	0.0	0.20749025	0.0	0.097500496	0.11549517	0.0	0.0	0.10966072	0.0	0.0	0.0	0.0	0.0	0.11813033	0.0	0.0	0.0	0.0	0.21549125	0.0	0.09482346	0.0	0.25782672	0.0	0.38522872	0.27229878	0.10902997	0.17767353	0.0	0.0	0.0	0.19964683	0.0	0.0	0.25289014	0.0	0.0	0.30280098	0.21955223	0.0	0.0	0.0	0.0	0.0	0.1002095	0.2655476	0.0	0.26465735	0.21433051	0.0056491606	0.17531204	0.0	0.0	0.0	0.0	0.0	0.27172026	0.0	0.0	0.036376093	0.4783546	0.0	0.5073185	0.0	0.0	0.0	0.18876787	0.29159456	0.0	0.0	0.0	0.0	0.0	0.0	0.30677393	0.0	0.0	0.0	0.2782295	0.026117736	0.0	0.0	0.33538577	0.2871713	0.0	0.39915097	0.0	0.0	0.20386417	0.0	0.2394977	0.0	0.0	0.0	0.0	0.0	0.0	0.0	0.16450031	0.0	0.5219738	0.05041976	0.0	0.18229496	0.0	0.0
0.0	0.26982737	0.0	0.17892729	0.0	0.0	0.33881298	0.0	0.0	0.0	0.0	0.0	0.0	0.0	0.40125313	0.0	0.57321095	0.0	0.0	0.2282146	0.0	0.0	0.0	0.22689746	0.0	0.11642358	0.14147337	0.0	0.0	0.11244144	0.0	0.0	0.0	0.0	0.0	0.12074685	0.0	0.0	0.0	0.0	0.21949144	0.0	0.09895461	0.0	0.21676417	0.0	0.38522854	0.29713345	0.112630606	0.16915412	0.0	0.0	0.0	0.18480855	0.0	0.0	0.22245891	0.0	0.0	0.31496823	0.22828834	0.0	0.0	0.0	0.0	0.002500958	0.11099342	0.26550806	0.0	0.27989727	0.19364117	0.0121774515	0.1827329	0.0	0.0	0.0	0.0	0.0	0.27524093	0.0	0.0	0.055635396	0.4632721	0.0	0.51299864	0.0	0.0	0.0	0.1845067	0.31129262	0.0	0.0	0.0	0.0	0.0	0.0	0.3068636	0.0	0.0	0.0	0.29157338	0.033238444	0.0	0.0	0.32744208	0.30121335	0.0	0.3998886	0.0	0.0	0.19554906	0.0	0.24163045	0.0	0.0	0.0	0.0	0.0	0.0	0.0	0.15564682	0.0	0.53144103	0.06504549	0.0	0.17837842	0.0	0.0
0.0	0.26283684	0.0	0.163135	0.0	0.0	0.30768612	0.0	0.0	0.0	0.0	0.0	0.0	0.0	0.36262012	0.0	0.53524834	0.0	0.0	0.21479933	0.0	0.0	0.0	0.21005452	0.0	0.09484618	0.110012114	0.0	0.0	0.094581455	0.0	0.0	0.0	0.0	0.0	0.14684893	0.0	0.0	0.0	0.0	0.20039308	0.0	0.0741934	0.0	0.28393862	0.0	0.40126172	0.29407635	0.11184878	0.1995181	0.0	0.0	0.0	0.21409185	0.0	0.0	0.27490702	0.0	0.0	0.30851743	0.2366178	0.0	0.0	0.0	0.0	0.0	0.11334423	0.25646076	0.0	0.2716322	0.213998	0.0034819257	0.16465044	0.0	0.0	0.0	0.0	0.0	0.24671197	0.0	0.0	0.043926556	0.49128374	0.0	0.47739682	0.0	0.0	0.0	0.22376204	0.28681847	0.0	0.0	0.0	0.0	0.0	0.0	0.28343868	0.0	0.0	0.0	0.27516556	0.021214426	0.0	0.0	0.31327465	0.27370653	0.0	0.4050294	0.0	0.0	0.19816406	0.0	0.26647377	0.0	0.0	0.0	0.0	0.0	0.0	0.0	0.17084558	0.0	0.5202915	0.048407	0.0	0.1751299	0.0	0.0
0.0	0.2600684	0.0	0.16475627	0.0	0.0	0.30187905	0.0	0.0	0.0	0.0	0.0	0.0	0.0	0.35876694	0.0	0.5310811	0.0	0.0	0.21447454	0.0	0.0	0.0	0.20108259	0.0	0.09461841	0.11486431	0.0	0.0	0.095545314	0.0	0.0	0.0	0.0	0.0	0.14106911	0.0	0.0	0.0	0.0	0.19304806	0.0	0.07868651	0.0	0.27215564	0.0	0.39566067	0.28807637	0.105329834	0.19290511	0.0	0.0	0.0	0.2153581	0.0	0.0	0.26362953	0.0	0.0	0.2997652	0.2259487	0.0	0.0	0.0	0.0	0.0	0.11620882	0.25307116	0.0	0.26307607	0.21133615	0.0038757361	0.16682802	0.0	0.0	0.0	0.0	0.0	0.2496302	0.0	0.0	0.042327672	0.47795573	0.0	0.47921404	0.0	0.0	0.0	0.22525728	0.28650114	0.0	0.0	0.0	0.0	0.0	0.0	0.28741467	0.0	0.0	0.0	0.27329814	0.018383672	0.0	0.0	0.31314933	0.27544847	0.0	0.40647444	0.0	0.0	0.20087783	0.0	0.2585208	0.0	0.0	0.0	0.0	0.0	0.0	0.0	0.16424087	0.0	0.51313555	0.047854338	0.0	0.1714472	0.0	0.0
0.0	0.27019772	0.0	0.180708	0.0	0.0	0.35132518	0.0	0.0	0.0	0.0	0.0	0.0	0.0	0.41553244	0.0	0.5850933	0.0	0.0	0.22465539	0.0	0.0	0.0	0.23679292	0.0	0.1184932	0.14856583	0.0	0.0	0.11217111	0.0	0.0	0.0	0.0	0.0	0.122413576	0.0	0.0	0.0	0.0	0.22603564	0.0	0.1057291	0.0	0.22328667	0.0	0.39199588	0.31348473	0.10440993	0.17778152	0.0	0.0	0.0	0.17307144	0.0	0.0	0.22788894	0.0	0.0	0.32020766	0.23177235	0.0	0.0	0.0	0.0	0.005506948	0.11251792	0.2647024	0.0	0.28561953	0.19045962	0.01645699	0.16942655	0.0	0.0	0.0	0.0	0.0	0.27320185	0.0	0.0	0.06138764	0.46873596	0.0	0.51259327	0.0	0.0	0.0	0.17329764	0.31783232	0.0	0.0	0.0	0.0	0.0	0.0	0.2997996	0.0	0.0	0.0	0.2991128	0.0406813	0.0	0.0	0.32591417	0.29652205	0.0	0.4149746	0.0	0.0	0.19296582	0.0	0.2550619	0.0	0.0	0.0	0.0	0.0	0.0	0.0	0.14918526	0.0	0.5436787	0.05763295	0.0	0.17725056	0.0	0.0
0.0	0.2943643	0.0	0.17944992	0.0	0.0	0.33061886	0.0	0.0	0.0	0.0	0.0	0.0	0.0	0.3244136	0.0	0.55243486	0.0	0.0	0.22215004	0.0	0.0	0.0	0.18899341	0.0	0.08012313	0.08976974	0.0	0.0	0.10701511	0.0	0.0	0.0	0.0	0.0	0.09240949	0.0	0.0	0.0	0.0	0.20041513	0.0	0.073154084	0.0	0.2931595	0.0	0.39199027	0.28520328	0.09615616	0.19821449	0.0	0.0	0.0	0.18093772	0.0	0.0	0.24730246	0.0	0.0	0.26631054	0.23716281	0.0	0.0	0.0	0.0	0.0	0.117913544	0.22882654	0.0	0.23914213	0.1989138	0.0	0.17269288	0.0	0.0	0.0	0.0	0.0	0.24982165	0.0	0.0	0.028320804	0.46340236	0.0	0.4528769	0.0	0.0	0.0	0.19899039	0.2697477	0.0	0.0	0.0	0.0	0.0	0.0	0.2742	0.0	0.0	0.0	0.26607844	0.021855043	0.0	0.0	0.3324966	0.25061753	0.0	0.41056454	0.0	0.0	0.22242267	0.0	0.24154349	0.0	0.0	0.0	0.0	0.0	0.0	0.0	0.13563746	0.0	0.5441422	0.04848237	0.0	0.17175211	0.0	0.0
0.0	0.2835543	0.0	0.16699894	0.0	0.0	0.30187735	0.0	0.0	0.0	0.0	0.0	0.0	0.0	0.31291202	0.0	0.52934575	0.0	0.0	0.22851123	0.0	0.0	0.0	0.19010633	0.0	0.076347254	0.0886736	0.0	0.0	0.10232889	0.0	0.0	0.0	0.0	0.0	0.12021563	0.0	0.0	0.0	0.0	0.18757112	0.0	0.07324351	0.0	0.2993337	0.0	0.38924995	0.25866213	0.10464784	0.19057906	0.0	0.0	0.0	0.21230143	0.0	0.0	0.26258123	0.0	0.0	0.2786987	0.22437073	0.0	0.0	0.0	0.0	0.0	0.10836053	0.23947842	0.0	0.23866753	0.23124862	0.0	0.16187884	0.0	0.0	0.0	0.0	0.0	0.24989362	0.0	0.0	0.015339968	0.4774933	0.0	0.47030953	0.0	0.0	0.0	0.22126007	0.27206972	0.0	0.0	0.0	0.0	0.0	0.0	0.2948991	0.0	0.0	0.0	0.25276056	0.012052258	0.0	0.0	0.32961562	0.26963323	0.0	0.396384	0.0	0.0	0.21657152	0.0	0.25229138	0.0	0.0	0.0	0.0	0.0	0.0	0.0	0.16612166	0.0	0.5248442	0.03811693	0.0	0.18467884	0.0	0.0
0.0	0.27956352	0.0	0.16911072	0.0	0.0	0.31414866	0.0	0.0	0.0	0.0	0.0	0.0	0.0	0.3361139	0.0	0.54234576	0.0	0.0	0.23594575	0.0	0.0	0.0	0.19644815	0.0	0.07310621	0.09480897	0.0	0.0	0.107854195	0.0	0.0	0.0	0.0	0.0	0.110264264	0.0	0.0	0.0	0.0	0.19168627	0.0	0.081912935	0.0	0.28759074	0.0	0.39205447	0.27437398	0.10212311	0.19272001	0.0	0.0	0.0	0.19167991	0.0	0.0	0.24934568	0.0	0.0	0.28052235	0.2256831	0.0	0.0	0.0	0.0	0.0	0.12122285	0.24748886	0.0	0.24403524	0.2123063	0.00324344	0.16628395	0.0	0.0	0.0	0.0	0.0	0.24854596	0.0	0.0	0.014415323	0.471766	0.0	0.47607556	0.0	0.0	0.0	0.20157862	0.27814934	0.0	0.0	0.0	0.0	0.0	0.0	0.29520053	0.0	0.0	0.0	0.27096376	0.011398672	0.0	0.0	0.3307236	0.2734661	0.0	0.4017531	0.0	0.0	0.20785211	0.0	0.25003472	0.0	0.0	0.0	0.0	0.0	0.0	0.0	0.15345852	0.0	0.52912134	0.050496027	0.0	0.18948181	0.0	0.0
0.0	0.28685954	0.0	0.166243	0.0	0.0	0.3046521	0.0	0.0	0.0	0.0	0.0	0.0	0.0	0.31172052	0.0	0.53281575	0.0	0.0	0.22858576	0.0	0.0	0.0	0.18423961	0.0	0.07301122	0.08328849	0.0	0.0	0.10671333	0.0	0.0	0.0	0.0	0.0	0.11051009	0.0	0.0	0.0	0.0	0.1915443	0.0	0.07195384	0.0	0.3057207	0.0	0.392498	0.2647095	0.10075975	0.19869895	0.0	0.0	0.0	0.19355609	0.0	0.0	0.27151784	0.0	0.0	0.27339402	0.22673535	0.0	0.0	0.0	0.0	0.0	0.11452526	0.24017338	0.0	0.23716111	0.22848527	0.0	0.16887967	0.0	0.0	0.0	0.0	0.0	0.24571057	0.0	0.0	0.012599091	0.47437707	0.0	0.46234939	0.0	0.0	0.0	0.20258282	0.26906458	0.0	0.0	0.0	0.0	0.0	0.0	0.2830862	0.0	0.0	0.0	0.2663045	0.017992511	0.0	0.0	0.33437315	0.26527834	0.0	0.3967358	0.0	0.0	0.20749895	0.0	0.24981363	0.0	0.0	0.0	0.0	0.0	0.0	0.0	0.15528709	0.0	0.52734524	0.042840213	0.0	0.18815504	0.0	0.0
0.0	0.29013923	0.0	0.1528792	0.0	0.0	0.2605823	0.0	0.0	0.0	0.0	0.0	0.0	0.0	0.37877253	0.0	0.51719224	0.0	0.0	0.27265632	0.0	0.0	0.0	0.1657619	0.0	0.06461052	0.11298105	0.0	0.0	0.12183881	0.0	0.0	0.0	0.0	0.0	0.16969816	0.0	0.0	0.0	0.0	0.25808147	0.0	0.12429583	0.0	0.21604455	0.0	0.3900611	0.17340238	0.13509616	0.13529515	0.0	0.0	0.0	0.26340166	0.0	0.0	0.23220713	0.0	0.0	0.3126218	0.15054286	0.0	0.0	0.0	0.0	0.0	0.0427423	0.3153607	0.0	0.28325236	0.25598302	0.0	0.15830728	0.0	0.0	0.0	0.0	0.0	0.3587602	0.0	0.0	0.020583464	0.53320366	0.0	0.6821191	0.0014625465	0.0	0.0	0.2543161	0.26852632	0.0	0.0	0.0	0.0	0.0	0.0	0.40073696	0.0	0.0	0.0	0.20647776	0.008932681	0.0	0.0	0.35625824	0.38047084	0.0	0.43841052	0.0	0.0	0.20741327	0.0	0.26608217	0.0	0.0	0.0	0.0	0.0	0.0	0.0	0.20923203	0.0	0.4835	0.031500462	0.0	0.15555991	0.0	0.0
0.0	0.290464	0.0	0.1701421	0.0	0.0	0.28473547	0.0	0.0	0.0	0.0	0.0	0.0	0.0	0.4205215	0.0	0.54967695	0.0	0.0	0.26477364	0.0	0.0	0.0	0.20844586	0.0	0.099818386	0.16469927	0.0	0.0	0.13476971	0.0	0.0	0.0	0.0	0.0	0.17241965	0.0	0.0	0.0	0.0	0.20127173	0.0	0.14375801	0.0	0.1686516	0.0	0.36452886	0.22936182	0.14912744	0.13261546	0.0	0.0	0.0	0.25264767	0.0	0.0	0.19225715	0.0	0.0	0.33332613	0.17712037	0.0	0.0	0.0	0.0	0.0	0.063928284	0.30390048	0.0	0.29844978	0.23483948	0.0	0.1584457	0.0	0.0	0.0	0.0	0.0	0.34049162	0.0	0.0	0.047179595	0.5299028	0.0	0.65478945	0.0	0.0	0.0	0.22895633	0.2852361	0.0	0.0	0.0	0.0	0.0	0.0	0.4079697	0.0	0.0	0.0	0.23244636	0.011339646	0.0033630084	0.0	0.3506175	0.39843068	0.0	0.42127976	0.0	0.0	0.19500518	0.0	0.26000002	0.0	0.0	0.0	0.0	0.0	0.0	0.0	0.21395749	0.0	0.5323694	0.051386584	0.0	0.1570131	0.0	0.0
0.0	0.28558037	0.0	0.14952081	0.0	0.0	0.24573629	0.0	0.0	0.0	0.0	0.0	0.0	0.0	0.3458657	0.0	0.5004135	0.0	0.0	0.25639665	0.0	0.0	0.0	0.15197925	0.0	0.06096919	0.089547396	0.0	0.0	0.11887041	0.0	0.0	0.0	0.0	0.0	0.17793067	0.0	0.0	0.0	0.0	0.27744102	0.0	0.093337156	0.0	0.25497556	0.0	0.38520122	0.1412113	0.12474943	0.1288035	0.0	0.0	0.0	0.2781724	0.0	0.0	0.26449534	0.0	0.0	0.29974702	0.14486264	0.0	0.0	0.0	0.0	0.0	0.036906444	0.31976146	0.0	0.27227262	0.29182124	0.0	0.1496203	0.0	0.0	0.0	0.0	0.0	0.34756002	0.0	0.0	0.0018410409	0.5406253	0.0	0.6826597	0.0	0.0	0.0	0.27503932	0.25783026	0.0	0.0	0.0	0.0	0.0	0.0	0.38553253	0.0	0.0	0.0	0.18327104	0.0	0.0	0.0	0.35322586	0.36487874	0.0	0.44468686	0.0	0.0	0.23269595	0.0	0.28139165	0.0	0.0	0.0	0.0	0.0	0.0	0.0	0.2148189	0.0	0.4701858	0.017991712	0.0	0.15825309	0.0	0.0
0.0	0.28229502	0.0	0.14186727	0.0	0.0	0.2527864	0.0	0.0	0.0	0.0	0.0	0.0	0.0	0.37872425	0.0	0.49656138	0.0	0.0	0.25882003	0.0	0.0	0.0	0.14565007	0.0	0.06592115	0.070517726	0.0	0.0	0.1084555	0.0	0.0	0.0	0.0	0.0	0.19709611	0.0	0.0	0.0	0.0	0.2963626	0.0	0.097883545	0.0	0.24829859	0.0	0.39683607	0.13311456	0.1258189	0.1325502	0.0	0.0	0.0	0.29483262	0.0	0.0	0.26512122	0.0	0.0	0.29977596	0.14209454	0.0	0.0	0.0	0.0	0.0	0.023717998	0.34808746	0.0	0.2651588	0.28359374	0.0	0.17542695	0.0	0.0	0.0	0.0	0.0	0.35717914	0.0	0.0	0.021782957	0.5409251	0.0	0.7090812	0.0	0.0	0.0	0.2694994	0.25627446	0.0	0.0	0.0	0.0	0.0	0.0	0.39464912	0.0	0.0	0.0	0.19079071	0.00046793744	0.0	0.0	0.3607143	0.37525108	0.0	0.43071523	0.0	0.0	0.22451824	0.0	0.2938181	0.0	0.0	0.0	0.0	0.0	0.0	0.0	0.2217602	0.0	0.45825163	0.020058013	0.0	0.1738246	0.0	0.0
0.0	0.29108086	0.0	0.17406993	0.0	0.0	0.297382	0.0	0.0	0.0	0.0	0.0	0.0	0.0	0.3601643	0.0	0.54422766	0.0	0.0	0.2653783	0.0	0.0	0.0	0.195471	0.0	0.058847155	0.12679948	0.0	0.0	0.12684153	0.0	0.0	0.0	0.0	0.0	0.17120475	0.0	0.0	0.0	0.0	0.16499929	0.0	0.12431099	0.0	0.23339617	0.0	0.412213	0.24325128	0.108846106	0.14946172	0.0	0.0	0.0	0.23892726	0.0	0.0	0.21298693	0.0	0.0	0.30113518	0.19365628	0.0	0.0	0.0	0.0	0.0	0.11039543	0.2738543	0.0	0.28329238	0.24374135	0.0	0.14791767	0.0	0.0	0.0	0.0	0.0	0.30472395	0.0	0.0	0.0117434105	0.50050724	0.0	0.60304815	0.0	0.0	0.0	0.24904771	0.27597007	0.0	0.0	0.0	0.0	0.0	0.0	0.39214477	0.0	0.0	0.0	0.21855693	0.017407952	0.0	0.0	0.32237852	0.35856637	0.0	0.44812748	0.0	0.0	0.21703829	0.0	0.3031536	0.0	0.0	0.0	0.0	0.0	0.0	0.0	0.183747	0.0	0.5346237	0.049492795	0.0	0.19822522	0.0	0.0
0.0	0.34411922	0.0	0.12402318	0.0	0.0	0.24528934	0.0	0.0	0.0	0.0	0.0	0.0	0.0	0.1821474	0.0	0.47299376	0.0	0.0	0.22925656	0.0	0.0	0.0	0.05804491	0.0	0.0	0.035701044	0.0	0.0	0.11236497	0.0295498	0.0	0.002953301	0.0	0.0	0.09777846	0.0	0.0	0.0	0.0	0.21755473	0.0	0.034139123	0.0	0.3557603	0.0	0.41581428	0.20489585	0.10240641	0.21724242	0.0	0.0	0.0	0.1857651	0.039362494	0.0	0.39110473	0.0	0.0	0.24479313	0.23226051	0.0	0.0	0.0	0.0	0.0	0.0639955	0.25869146	0.0	0.19072686	0.2875018	0.0	0.25182614	0.0	0.0	0.0	0.0	0.0	0.25296217	0.0	0.0	0.0	0.44715115	0.0	0.41433334	0.0	0.037823472	0.0	0.21411282	0.18764286	0.0	0.0	0.0	0.0	0.0	0.0	0.19065605	0.0	0.0	0.0	0.23552935	0.003095612	0.0	0.0	0.40195048	0.29758433	0.0	0.34796265	0.0	0.0	0.17547648	0.0	0.24989255	0.0	0.0	0.0	0.0	0.0	0.0	0.0	0.12237676	0.0	0.46670744	0.06034864	0.0	0.14230981	0.0	0.0
0.0	0.2774868	0.0	0.14840724	0.0	0.0	0.2799171	0.0	0.0	0.0	0.0	0.0	0.0	0.0	0.3599658	0.0	0.5285035	0.0	0.0	0.25019097	0.0	0.0	0.0	0.19356316	0.0	0.056182075	0.10189173	0.0	0.0	0.114833914	0.0	0.0	0.0	0.0	0.0	0.16700526	0.0	0.0	0.0	0.0	0.19365536	0.0	0.10123283	0.0	0.237373	0.0	0.39224395	0.20194264	0.11373201	0.14445168	0.0	0.0	0.0	0.23371659	0.0	0.0	0.20838238	0.0	0.0	0.293111	0.17151286	0.0	0.0	0.0	0.0	0.0	0.06680753	0.28233144	0.0	0.25888994	0.24369746	0.0	0.15578137	0.0	0.0	0.0	0.0	0.0	0.31927505	0.0	0.0	0.018256787	0.5056137	0.0	0.62080497	0.0	0.0	0.0	0.2680105	0.28886274	0.0	0.0	0.0	0.0	0.0	0.0	0.3791598	0.0	0.0	0.0	0.21320744	0.0	0.0	0.0	0.34182623	0.34247312	0.0	0.4477055	0.0	0.0	0.22135065	0.0	0.28489113	0.0	0.0	0.0	0.0	0.0	0.0	0.0	0.20034349	0.0	0.5008061	0.03458052	0.0	0.17289872	0.0	0.0
0.0	0.2753735	0.0	0.14734225	0.0	0.0	0.24984984	0.0	0.0	0.0	0.0	0.0	0.0	0.0	0.35949776	0.0	0.5094934	0.0	0.0	0.25923637	0.0	0.0	0.0	0.1564543	0.0	0.049705844	0.09296069	0.0	0.0	0.117660634	0.0	0.0	0.0	0.0	0.0	0.16848435	0.0	0.0	0.0	0.0	0.2543257	0.0	0.10599438	0.0	0.24745806	0.0	0.3958968	0.16972859	0.113356225	0.1343651	0.0	0.0	0.0	0.25609866	0.0	0.0	0.24352749	0.0	0.0	0.30335152	0.14923336	0.0	0.0	0.0	0.0	0.0	0.04861179	0.312525	0.0	0.26841262	0.26831284	0.0	0.15632579	0.0	0.0	0.0	0.0	0.0	0.3391868	0.0	0.0	0.007829758	0.5274224	0.0	0.6634423	0.0	0.0	0.0	0.26558116	0.27211985	0.0	0.0	0.0	0.0	0.0	0.0	0.38899517	0.0	0.0	0.0	0.20153041	0.0	0.0	0.0	0.3492134	0.35870776	0.0	0.45102215	0.0	0.0	0.2215615	0.0	0.27589384	0.0	0.0	0.0	0.0	0.0	0.0	0.0	0.20440823	0.0	0.473363	0.029231211	0.0	0.16217735	0.0	0.0
0.0	0.27170277	0.0	0.15204781	0.0	0.0	0.2780933	0.0	0.0	0.0	0.0	0.0	0.0	0.0	0.36332455	0.0	0.5217983	0.0	0.0	0.25712153	0.0	0.0	0.0	0.17486125	0.0	0.06550238	0.10550735	0.0	0.0	0.109495334	0.0	0.0	0.0	0.0	0.0	0.16390754	0.0	0.0	0.0	0.0	0.22992201	0.0	0.12036085	0.0	0.23188086	0.0	0.39137003	0.19921078	0.1218087	0.15136187	0.0	0.0	0.0	0.25199893	0.0	0.0	0.22082253	0.0	0.0	0.3121213	0.16526832	0.0	0.0	0.0	0.0	0.0	0.066959396	0.3036555	0.0	0.270394	0.24970503	0.0	0.16646276	0.0	0.0	0.0	0.0	0.0	0.32031867	0.0	0.0	0.005917512	0.5201373	0.0	0.61765194	0.0	0.0	0.0	0.24616313	0.27305797	0.0	0.0	0.0	0.0	0.0	0.0	0.37872568	0.0	0.0	0.0	0.21784647	0.0045427145	0.0	0.0	0.35292828	0.34832534	0.0	0.4304583	0.0	0.0	0.21733682	0.0	0.28030464	0.0	0.0	0.0	0.0	0.0	0.0	0.0	0.20798957	0.0	0.4888043	0.050658304	0.0	0.18761699	0.0	0.0
0.0	0.27541053	0.0	0.13237531	0.0	0.0	0.2487297	0.0	0.0	0.0	0.0	0.0	0.0	0.0	0.34536648	0.0	0.47765517	0.0	0.0	0.24804668	0.0	0.0	0.0	0.14738208	0.0	0.051048886	0.04721955	0.0	0.0	0.11170279	0.0	0.0	0.0	0.0	0.0	0.2008612	0.0	0.0	0.0	0.0	0.26668304	0.0	0.08832824	0.0	0.26697883	0.0	0.3856001	0.13474531	0.12582195	0.15632366	0.0	0.0	0.0	0.2768534	0.0	0.0	0.27751207	0.0	0.0	0.28692397	0.15996072	0.0	0.0	0.0	0.0	0.0	0.012611383	0.33664146	0.0	0.24845354	0.26372567	0.0	0.1774121	0.0	0.0	0.0	0.0	0.0	0.34729472	0.0	0.0	0.01479176	0.5425012	0.0	0.6623684	0.0	0.0	0.0	0.27803183	0.23784538	0.0	0.0	0.0	0.0	0.0	0.0	0.37105927	0.0	0.0	0.0	0.17992842	0.0	0.0	0.0	0.35125968	0.34958687	0.0	0.41769037	0.0	0.0	0.22187619	0.0	0.2941099	0.0	0.0	0.0	0.0	0.0	0.0	0.0	0.21683086	0.0	0.46171165	0.013214253	0.0	0.16771042	0.0	0.0
0.0	0.29875377	0.0	0.1377206	0.0	0.0	0.24540925	0.0	0.0	0.0	0.0	0.0	0.0	0.0	0.28593644	0.0	0.49842665	0.0	0.0	0.24452193	0.0	0.0	0.0	0.11561123	0.0	0.028142199	0.048232634	0.0	0.0	0.12622568	0.0	0.0	0.0020635475	0.0	0.0	0.12709318	0.0	0.0	0.0	0.0	0.26461437	0.0	0.07227466	0.0	0.32084134	0.0	0.39280763	0.13603707	0.10484595	0.17621763	0.0	0.0	0.0	0.2447248	0.0127132805	0.0	0.29553583	0.0	0.0	0.25989592	0.16380973	0.0	0.0	0.0	0.0	0.0	0.03128678	0.3062916	0.0	0.23803866	0.307501	0.0	0.19328965	0.0	0.0	0.0	0.0	0.0	0.3128755	0.0	0.0	0.0	0.5247547	0.0	0.586584	0.0	0.0	0.0	0.25825217	0.23692067	0.0	0.0	0.0	0.0	0.0	0.0	0.32522354	0.0	0.0	0.0	0.20809083	0.0007797219	0.0	0.0	0.3909732	0.3369759	0.0	0.4396704	0.0	0.0	0.23867035	0.0	0.258305	0.0	0.0	0.0	0.0	0.0	0.0	0.0	0.18599601	0.0	0.48315	0.023597358	0.0	0.16247274	0.0	0.0
0.0	0.27825323	0.0	0.14235778	0.0	0.0	0.25505838	0.0	0.0	0.0	0.0	0.0	0.0	0.0	0.33530775	0.0	0.49334487	0.0	0.0	0.24553244	0.0	0.0	0.0	0.15257388	0.0	0.064905666	0.08189268	0.0	0.0	0.10357816	0.0	0.0	0.0	0.0	0.0	0.18473001	0.0	0.0	0.0	0.0	0.25386992	0.0	0.09494579	0.0	0.2579898	0.0	0.38375401	0.16450955	0.120788015	0.15915091	0.0	0.0	0.0	0.27461493	0.0	0.0	0.2604524	0.0	0.0	0.3044882	0.1617498	0.0	0.0	0.0	0.0	0.0	0.03292216	0.30928114	0.0	0.2671009	0.26822528	0.0	0.16800074	0.0	0.0	0.0	0.0	0.0	0.3399031	0.0	0.0	0.009639908	0.5381884	0.0	0.634684	0.0	0.0	0.0	0.2722882	0.24978314	0.0	0.0	0.0	0.0	0.0	0.0	0.35699138	0.0	0.0	0.0	0.19437592	0.0	0.0	0.0	0.34354082	0.34398833	0.0	0.41960618	0.0	0.0	0.22325516	0.0	0.28203565	0.0	0.0	0.0	0.0	0.0	0.0	0.0	0.21763612	0.0	0.46218812	0.025899595	0.0	0.15902205	0.0	0.0
0.0	0.2826428	0.0	0.14201069	0.0	0.0	0.2473493	0.0	0.0	0.0	0.0	0.0	0.0	0.0	0.33085638	0.0	0.49449852	0.0	0.0	0.24531937	0.0	0.0	0.0	0.1438633	0.0	0.059019018	0.090580694	0.0	0.0	0.108930826	0.0	0.0	0.0	0.0	0.0	0.1482797	0.0	0.0	0.0	0.0	0.25497487	0.0	0.09738922	0.0	0.25192168	0.0	0.3765886	0.16081811	0.11126727	0.14704956	0.0	0.0	0.0	0.26302227	0.0	0.0	0.25399917	0.0	0.0	0.29062268	0.15493657	0.0	0.0	0.0	0.0	0.0	0.048321914	0.30196407	0.0	0.26201722	0.26247782	0.0	0.16498323	0.0	0.0	0.0	0.0	0.0	0.33832726	0.0	0.0	0.003620524	0.52589035	0.0	0.6326131	0.0	0.0	0.0	0.2638638	0.2588459	0.0	0.0	0.0	0.0	0.0	0.0	0.3597324	0.0	0.0	0.0	0.20447253	0.0	0.0	0.0	0.35436502	0.34746504	0.0	0.43342686	0.0	0.0	0.22759157	0.0	0.25932017	0.0	0.0	0.0	0.0	0.0	0.0	0.0	0.1987185	0.0	0.4671977	0.02698352	0.0	0.14618795	0.0	0.0
0.0	0.28029424	0.0	0.1464173	0.0	0.0	0.2629284	0.0	0.0	0.0	0.0	0.0	0.0	0.0	0.36528978	0.0	0.5160664	0.0	0.0	0.26093426	0.0	0.0	0.0	0.16559494	0.0	0.05387664	0.101965584	0.0	0.0	0.1091192	0.0	0.0	0.0	0.0	0.0	0.17522001	0.0	0.0	0.0	0.0	0.24621761	0.0	0.11452768	0.0	0.22522233	0.0	0.38998446	0.17201717	0.13271198	0.13733166	0.0	0.0	0.0	0.2685873	0.0	0.0	0.23866154	0.0	0.0	0.3124008	0.15104555	0.0	0.0	0.0	0.0	0.0	0.044876873	0.31590235	0.0	0.26906547	0.26516905	0.0	0.17905438	0.0	0.0	0.0	0.0	0.0	0.3544372	0.0	0.0	0.024520943	0.5189393	0.0	0.6708326	0.0	0.0	0.0	0.2638798	0.27355516	0.0	0.0	0.0	0.0	0.0	0.0	0.4013696	0.0	0.0	0.0	0.20170194	0.00675548	0.0	0.0	0.35098973	0.36749077	0.0	0.42960504	0.0	0.0	0.2190309	0.0	0.27688885	0.0	0.0	0.0	0.0	0.0	0.0	0.0	0.22214572	0.0	0.4691286	0.041763853	0.0	0.16877647	0.0	0.0
0.0	0.24768843	0.0	0.15544076	0.0	0.0	0.34304598	0.0	0.0	0.0	0.0	0.0	0.0	0.0	0.41960564	0.0	0.57439405	0.0	0.0	0.21609163	0.0	0.0	0.0	0.24143119	0.0	0.08629405	0.12636787	0.0	0.0	0.10823571	0.0	0.0	0.0	0.0	0.0	0.1495333	0.0	0.0	0.0	0.0	0.17967434	0.0	0.09731556	0.0	0.22557922	0.0	0.41658735	0.3084165	0.11691633	0.20151322	0.0	0.0	0.0	0.19684309	0.0	0.0	0.20975536	0.0	0.0	0.33451834	0.24675387	0.0	0.0	0.0	0.0	0.0	0.10788861	0.28599507	0.0	0.29669893	0.19121039	0.003887904	0.16753541	0.0	0.0	0.0	0.0	0.0	0.26636982	0.0	0.0	0.06086351	0.4974726	0.0	0.51825655	0.0	0.0	0.0	0.25135693	0.3136607	0.0	0.0	0.0	0.0	0.0	0.0	0.32431838	0.0	0.0	0.0	0.26699522	0.015019693	0.0	0.0	0.31966892	0.3322561	0.0	0.45147434	0.0	0.0	0.19811176	0.0	0.29598764	0.0	0.0	0.0	0.0	0.0	0.0	0.0	0.16561903	0.0	0.5290962	0.06590752	0.0	0.17916973	0.0	0.0
0.0	0.29620045	0.0	0.1464187	0.0	0.0	0.2542286	0.0	0.0	0.0	0.0	0.0	0.0	0.0	0.33585104	0.0	0.50898075	0.0	0.0	0.25611505	0.0	0.0	0.0	0.16055886	0.0	0.07405702	0.0860582	0.0	0.0	0.114128314	0.0	0.0	0.0	0.0	0.0	0.15642466	0.0	0.0	0.0	0.0	0.24666803	0.0	0.10456983	0.0	0.2505101	0.0	0.37912667	0.17087881	0.118156575	0.14771567	0.0	0.0	0.0	0.24621446	0.0	0.0	0.24596983	0.0	0.0	0.28916276	0.16581471	0.0	0.0	0.0	0.0	0.0	0.048616502	0.30241886	0.0	0.2571567	0.26223686	0.0	0.15723597	0.0	0.0	0.0	0.0	0.0	0.32851502	0.0	0.0	0.003197233	0.52615404	0.0	0.63872004	0.0	0.0	0.0	0.2607313	0.2493707	0.0	0.0	0.0	0.0	0.0	0.0	0.3739219	0.0	0.0	0.0	0.20018816	0.006821727	0.0	0.0	0.3609945	0.36186266	0.0	0.43998346	0.0	0.0	0.2285162	0.0	0.27501357	0.0	0.0	0.0	0.0	0.0	0.0	0.0	0.19574012	0.0	0.48479557	0.027299486	0.0	0.16050984	0.0	0.0
0.0	0.27549908	0.0	0.1309567	0.0	0.0	0.28006914	0.0	0.0	0.0	0.0	0.0	0.0	0.0	0.43240795	0.0	0.4885645	0.0	0.0	0.28344774	0.0	0.0	0.0	0.18091995	0.0	0.044339385	0.049933333	0.0	0.0	0.1271637	0.0	0.0	0.0	0.0	0.0	0.18177797	0.0	0.0	0.0	0.0	0.25991106	0.0	0.15173602	0.0	0.24323408	0.0	0.42512536	0.14855689	0.12359933	0.15609874	0.0	0.0	0.0	0.26231262	0.0	0.0	0.2547588	0.0	0.0	0.28157374	0.14490148	0.0	0.0	0.0	0.0	0.0	0.0009003508	0.37522137	0.0	0.26283494	0.20895736	0.0	0.22701742	0.0	0.0	0.0	0.0	0.0	0.39028105	0.0	0.0	0.045631576	0.5435638	0.0	0.74736696	0.0	0.0	0.0	0.2514268	0.2532017	0.0	0.0	0.0	0.0	0.0	0.0	0.43445468	0.0	0.0	0.0	0.18995017	0.00016542524	0.0	0.0	0.39250013	0.37237597	0.0	0.429341	0.0	0.0	0.2173566	0.0	0.3145319	0.0	0.0	0.0	0.0	0.0	0.0	0.0	0.21804464	0.0	0.4506514	0.016732613	0.0	0.17378975	0.0	0.0
0.0	0.27600345	0.0	0.13795947	0.0	0.0	0.25446367	0.0	0.0	0.0	0.0	0.0	0.0	0.0	0.34814295	0.0	0.51223516	0.0	0.0	0.2477804	0.0	0.0	0.0	0.14807642	0.0	0.07626904	0.090738334	0.0	0.0	0.10791728	0.0	0.0	0.0	0.0	0.0	0.17705016	0.0	0.0	0.0	0.0	0.26374662	0.0	0.102671154	0.0	0.23964567	0.0	0.38671413	0.15323055	0.12263766	0.1435869	0.0	0.0	0.0	0.2634595	0.0	0.0	0.2477159	0.0	0.0	0.2892588	0.14805019	0.0	0.0	0.0	0.0	0.0	0.032285478	0.31443927	0.0	0.2678944	0.2776929	0.0	0.1764292	0.0	0.0	0.0	0.0	0.0	0.3379751	0.0	0.0	0.008538157	0.5227683	0.0	0.65926045	0.0	0.0	0.0	0.26797795	0.26138827	0.0	0.0	0.0	0.0	0.0	0.0	0.3779554	0.0	0.0	0.0	0.20198713	0.0012135183	0.0	0.0	0.36979198	0.3694314	0.0	0.44092306	0.0	0.0	0.2234469	0.0	0.2651221	0.0	0.0	0.0	0.0	0.0	0.0	0.0	0.2115304	0.0	0.46307763	0.028129594	0.0	0.1570109	0.0	0.0
0.0	0.28153908	0.0	0.15562646	0.0	0.0	0.24217765	0.0	0.0	0.0	0.0	0.0	0.0	0.0	0.3289633	0.0	0.4907919	0.0	0.0	0.24256034	0.0	0.0	0.0	0.15546356	0.0	0.06976848	0.081561655	0.0	0.0	0.10822322	0.0	0.0	0.0	0.0	0.0	0.20160098	0.0	0.0	0.0	0.0	0.27788404	0.0	0.09125066	0.0	0.2497138	0.0	0.37905467	0.13347934	0.121495046	0.14164281	0.0	0.0	0.0	0.30025974	0.0	0.0	0.25766897	0.0	0.0	0.29255617	0.15370649	0.0	0.0	0.0	0.0	0.0	0.016631654	0.3153573	0.0	0.2663826	0.29593167	0.0	0.1559362	0.0	0.0	0.0	0.0	0.0	0.34593973	0.0	0.0	0.012565337	0.537741	0.0	0.6691065	0.0	0.0	0.0	0.283724	0.25187725	0.0	0.0	0.0	0.0	0.0	0.0	0.3784764	0.0	0.0	0.0	0.18187834	0.0	0.0	0.0	0.3454434	0.36593208	0.0	0.4294183	0.0	0.0	0.23125775	0.0	0.2928349	0.0	0.0	0.0	0.0	0.0	0.0	0.0	0.22156346	0.0	0.45897785	0.021446422	0.0	0.16563909	0.0	0.0
0.0	0.28013727	0.0	0.15245694	0.0	0.0	0.28158593	0.0	0.0	0.0	0.0	0.0	0.0	0.0	0.4073399	0.0	0.5239027	0.0	0.0	0.2562979	0.0	0.0	0.0	0.20545821	0.0	0.053980857	0.09023652	0.0	0.0	0.11750402	0.0	0.0	0.0	0.0	0.0	0.17365032	0.0	0.0	0.0	0.0	0.20954001	0.0	0.13386834	0.0	0.2190469	0.0	0.38451314	0.17857575	0.12003129	0.15406904	0.0	0.0	0.0	0.25091794	0.0	0.0	0.20518605	0.0	0.0	0.29278526	0.18763483	0.0	0.0	0.0	0.0	0.0	0.053706195	0.3276564	0.0	0.27839363	0.22345896	0.0	0.18431877	0.0	0.0	0.0	0.0	0.0	0.3381425	0.0	0.0	0.015412421	0.52334833	0.0	0.67406154	0.0	0.0	0.0	0.2610323	0.28366184	0.0	0.0	0.0	0.0	0.0	0.0	0.41452911	0.0	0.0	0.0	0.2106782	0.0063010454	0.0	0.0	0.35981166	0.39603665	0.0	0.43550196	0.0	0.0	0.22382349	0.0	0.29932514	0.0	0.0	0.0	0.0	0.0	0.0	0.0	0.22223262	0.0	0.4887061	0.051069517	0.0	0.18818851	0.0	0.0
0.0	0.27721325	0.0	0.149886	0.0	0.0	0.2495373	0.0	0.0	0.0	0.0	0.0	0.0	0.0	0.3597498	0.0	0.4754808	0.0	0.0	0.24253406	0.0	0.0	0.0	0.13845615	0.0	0.06869102	0.055089455	0.0	0.0	0.10614675	0.0	0.0	0.0	0.0	0.0	0.18482532	0.0	0.0	0.0	0.0	0.29036346	0.0	0.09807137	0.0	0.27201518	0.0	0.3868668	0.13948889	0.12561828	0.16236626	0.0	0.0	0.0	0.27244988	0.0	0.0	0.2745172	0.0	0.0	0.29275766	0.16101699	0.0	0.0	0.0	0.0	0.0	0.019817451	0.34232163	0.0	0.2598547	0.2537925	0.0	0.17212184	0.0	0.0	0.0	0.0	0.0	0.32827783	0.0	0.0	0.015249846	0.552108	0.0	0.67495984	0.0	0.0	0.0	0.2699083	0.22714424	0.0	0.0	0.0	0.0	0.0	0.0	0.3710885	0.0	0.0	0.0	0.18903774	0.0007446098	0.0	0.0	0.3524469	0.35451826	0.0	0.43299317	0.0	0.0	0.22067815	0.0	0.29030302	0.0	0.0	0.0	0.0	0.0	0.0	0.0	0.19872582	0.0	0.45282492	0.02743961	0.0	0.17120469	0.0	0.0
0.0	0.27913737	0.0	0.16483559	0.0	0.0	0.26481298	0.0	0.0	0.0	0.0	0.0	0.0	0.0	0.38111544	0.0	0.52303	0.0	0.0	0.2506213	0.0	0.0	0.0	0.19702691	0.0	0.058053408	0.119210444	0.0	0.0	0.10589964	0.0	0.0	0.0	0.0	0.0	0.17468226	0.0	0.0	0.0	0.0	0.22284998	0.0	0.12570177	0.0	0.21129282	0.0	0.38792476	0.19705121	0.11847333	0.13816772	0.0	0.0	0.0	0.2515964	0.0	0.0	0.21794234	0.0	0.0	0.3138312	0.1537935	0.0	0.0	0.0	0.0	0.0	0.0576286	0.29698777	0.0	0.29050273	0.23613219	0.0	0.16875069	0.0	0.0	0.0	0.0	0.0	0.3479717	0.0	0.0	0.03927838	0.5180841	0.0	0.6415363	0.0	0.0	0.0	0.24965918	0.30311656	0.0	0.0	0.0	0.0	0.0	0.0	0.38702714	0.0	0.0	0.0	0.21827321	0.0	0.0	0.0	0.35428953	0.36778653	0.0	0.44492722	0.0	0.0	0.21036865	0.0	0.2716284	0.0	0.0	0.0	0.0	0.0	0.0	0.0	0.20556419	0.0	0.4882575	0.0220784	0.0	0.16903158	0.0	0.0
0.0	0.28280982	0.0	0.14481336	0.0	0.0	0.26579866	0.0	0.0	0.0	0.0	0.0	0.0	0.0	0.3407197	0.0	0.5128008	0.0	0.0	0.25430545	0.0	0.0	0.0	0.1701756	0.0	0.063540936	0.084086336	0.0	0.0	0.107277386	0.0	0.0	0.0	0.0	0.0	0.16905208	0.0	0.0	0.0	0.0	0.2475758	0.0	0.103444286	0.0	0.25054938	0.0	0.38229215	0.17872186	0.11698719	0.15043037	0.0	0.0	0.0	0.2486441	0.0	0.0	0.23625219	0.0	0.0	0.2952012	0.17250556	0.0	0.0	0.0	0.0	0.0	0.05291128	0.30000117	0.0	0.26194766	0.2585052	0.0	0.15462057	0.0	0.0	0.0	0.0	0.0	0.32631588	0.0	0.0	0.0020692945	0.52409285	0.0	0.631959	0.0	0.0	0.0	0.26275805	0.25949946	0.0	0.0	0.0	0.0	0.0	0.0	0.37398696	0.0	0.0	0.0	0.20392728	0.006491153	0.0	0.0	0.3455862	0.3576349	0.0	0.44265628	0.0	0.0	0.22675008	0.0	0.27620742	0.0	0.0	0.0	0.0	0.0	0.0	0.0	0.19505	0.0	0.48400006	0.037557613	0.0	0.16898918	0.0	0.0
0.0	0.2494561	0.0	0.12837487	0.0	0.0	0.29471985	0.0	0.0	0.0	0.0	0.0	0.0	0.0	0.43811694	0.0	0.51223737	0.0	0.0	0.25371775	0.0	0.0	0.0	0.20341964	0.0	0.034617107	0.07657361	0.0	0.0	0.12143707	0.0	0.0	0.0	0.0	0.0	0.16590996	0.0	0.0	0.0	0.0	0.2249409	0.0	0.11976298	0.0	0.23068501	0.0	0.41296545	0.20212023	0.09993326	0.17307568	0.0	0.0	0.0	0.2384805	0.0	0.0	0.2241615	0.0	0.0	0.31366432	0.15353712	0.0	0.0	0.0	0.0	0.0	0.044279084	0.33987644	0.0	0.28342906	0.20838167	0.0	0.19681866	0.0	0.0	0.0	0.0	0.0	0.3578277	0.0	0.0	0.02736459	0.538445	0.0	0.662754	0.0	0.0	0.0	0.2553964	0.2901466	0.0	0.0	0.0	0.0	0.0	0.0	0.38766316	0.0	0.0	0.0	0.2174679	0.011179947	0.0	0.0	0.36142245	0.353755	0.0	0.4539611	0.0	0.0	0.21607609	0.0	0.28588334	0.0	0.0	0.0	0.0	0.0	0.0	0.0	0.19978373	0.0	0.4719058	0.031621892	0.0	0.16694994	0.0	0.0
0.0	0.27167657	0.0	0.14591564	0.0	0.0	0.2547338	0.0	0.0	0.0	0.0	0.0	0.0	0.0	0.36979365	0.0	0.5049868	0.0	0.0	0.25287664	0.0	0.0	0.0	0.1531166	0.0	0.05608644	0.093132555	0.0	0.0	0.12334917	0.0	0.0	0.0	0.0	0.0	0.18809192	0.0	0.0	0.0	0.0	0.2656755	0.0	0.110318504	0.0	0.23178701	0.0	0.39592406	0.15483509	0.11885811	0.13486807	0.0	0.0	0.0	0.26182088	0.0	0.0	0.23907995	0.0	0.0	0.3071343	0.1467645	0.0	0.0	0.0	0.0	0.0	0.035720535	0.32651305	0.0	0.27700356	0.26560393	0.0	0.17024882	0.0	0.0	0.0	0.0	0.0	0.3619466	0.0	0.0	0.020454284	0.5307557	0.0	0.6850334	0.0	0.0	0.0	0.27121258	0.26626262	0.0	0.0	0.0	0.0	0.0	0.0	0.40117455	0.0	0.0	0.0	0.19232513	0.002623095	0.0	0.0	0.34751153	0.37344047	0.0	0.44301736	0.0	0.0	0.21718955	0.0	0.28152108	0.0	0.0	0.0	0.0	0.0	0.0	0.0	0.20821421	0.0	0.46721363	0.031183617	0.0	0.164248	0.0	0.0
0.0	0.25454006	0.0	0.16527633	0.0	0.0	0.32895473	0.0	0.0	0.0	0.0	0.0	0.0	0.0	0.38250542	0.0	0.5605366	0.0	0.0	0.219472	0.0	0.0	0.0	0.21658902	0.0	0.11232493	0.1167711	0.0	0.0	0.10547584	0.0	0.0	0.0	0.0	0.0	0.11762571	0.0	0.0	0.0	0.0	0.21393806	0.0	0.088497154	0.0	0.25544515	0.0	0.38158488	0.30035362	0.11250967	0.20009047	0.0	0.0	0.0	0.18575037	0.0	0.0	0.24298607	0.0	0.0	0.31165072	0.23124468	0.0	0.0	0.0	0.0	0.0	0.11320702	0.2594598	0.0	0.27365392	0.19269687	0.008743081	0.17410322	0.0	0.0	0.0	0.0	0.0	0.26326305	0.0	0.0	0.032671794	0.48018417	0.0	0.4824483	0.0	0.0	0.0	0.18753064	0.29285058	0.0	0.0	0.0	0.0	0.0	0.0	0.28892007	0.0	0.0	0.0	0.28042075	0.037844155	0.0	0.0	0.33173123	0.2761272	0.0	0.41576064	0.0	0.0	0.20597304	0.0	0.24363615	0.0	0.0	0.0	0.0	0.0	0.0	0.0	0.15814863	0.0	0.5329965	0.046040494	0.0	0.17757364	0.0	0.0
0.0	0.25499737	0.0	0.16392538	0.0	0.0	0.31527385	0.0	0.0	0.0	0.0	0.0	0.0	0.0	0.36454502	0.0	0.5494556	0.0	0.0	0.21169536	0.0	0.0	0.0	0.20218296	0.0	0.109549224	0.11847053	0.0	0.0	0.10468903	0.0	0.0	0.0	0.0	0.0	0.11991634	0.0	0.0	0.0	0.0	0.2112555	0.0	0.08712626	0.0	0.25132868	0.0	0.3717347	0.28700894	0.108962394	0.19938803	0.0	0.0	0.0	0.19945757	0.0	0.0	0.23914433	0.0	0.0	0.30292818	0.22231752	0.0	0.0	0.0	0.0	0.0	0.11491587	0.25660813	0.0	0.2716498	0.19864856	0.0061010607	0.17626572	0.0	0.0	0.0	0.0	0.0	0.26743746	0.0	0.0	0.03437379	0.47868502	0.0	0.4811822	0.0	0.0	0.0	0.19957976	0.28562245	0.0	0.0	0.0	0.0	0.0	0.0	0.2801237	0.0	0.0	0.0	0.27497312	0.032999992	0.0	0.0	0.33191922	0.2748076	0.0	0.40977216	0.0	0.0	0.20865226	0.0	0.2417316	0.0	0.0	0.0	0.0	0.0	0.0	0.0	0.1633189	0.0	0.5232895	0.042819384	0.0	0.16423072	0.0	0.0
0.0	0.25656915	0.0	0.17277496	0.0	0.0	0.33735	0.0	0.0	0.0	0.0	0.0	0.0	0.0	0.38146532	0.0	0.5676058	0.0	0.0	0.21130453	0.0	0.0	0.0	0.2241782	0.0	0.108516745	0.12936373	0.0	0.0	0.109922595	0.0	0.0	0.0	0.0	0.0	0.11709813	0.0	0.0	0.0	0.0	0.20321415	0.0	0.091409944	0.0	0.24321406	0.0	0.37852392	0.30862466	0.11307159	0.19973634	0.0	0.0	0.0	0.18413512	0.0	0.0	0.22830744	0.0	0.0	0.30629906	0.23406516	0.0	0.0	0.0	0.0	0.0	0.12757747	0.25159445	0.0	0.27697742	0.18945318	0.011257888	0.17162378	0.0	0.0	0.0	0.0	0.0	0.25599387	0.0	0.0	0.04376444	0.4664283	0.0	0.46809235	0.0	0.0	0.0	0.19217747	0.2954655	0.0	0.0	0.0	0.0	0.0	0.0	0.28228408	0.0	0.0	0.0	0.28242067	0.03714691	0.0	0.0	0.32063094	0.27150407	0.0	0.41114125	0.0	0.0	0.2069043	0.0	0.24660654	0.0	0.0	0.0	0.0	0.0	0.0	0.0	0.15796672	0.0	0.54223603	0.048397023	0.0	0.17554303	0.0	0.0
0.0	0.26878127	0.0	0.16457495	0.0	0.0	0.31998792	0.0	0.0	0.0	0.0	0.0	0.0	0.0	0.355852	0.0	0.5498047	0.0	0.0	0.21957912	0.0	0.0	0.0	0.2099803	0.0	0.09138677	0.10582858	0.0	0.0	0.099359475	0.0	0.0	0.0	0.0	0.0	0.12798779	0.0	0.0	0.0	0.0	0.18009067	0.0	0.079941325	0.0	0.27493507	0.0	0.39007917	0.2937115	0.11227035	0.1951737	0.0	0.0	0.0	0.20995231	0.0	0.0	0.23842847	0.0	0.0	0.29264238	0.2265685	0.0	0.0	0.0	0.0	0.0	0.112098396	0.24809664	0.0	0.26202962	0.20460491	0.0047585294	0.15829872	0.0	0.0	0.0	0.0	0.0	0.2578604	0.0	0.0	0.02667735	0.47398058	0.0	0.48112378	0.0	0.0	0.0	0.21953873	0.28589466	0.0	0.0	0.0	0.0	0.0	0.0	0.2982506	0.0	0.0	0.0	0.26192197	0.018854046	0.0	0.0	0.31856763	0.27314317	0.0	0.41830745	0.0	0.0	0.21488683	0.0	0.25688505	0.0	0.0	0.0	0.0	0.0	0.0	0.0	0.16734588	0.0	0.53598875	0.043698017	0.0	0.18266745	0.0	0.0
0.0	0.2589238	0.0	0.15108685	0.0	0.0	0.3173329	0.0	0.0	0.0	0.0	0.0	0.0	0.0	0.35428968	0.0	0.5429675	0.0	0.0	0.21951531	0.0	0.0	0.0	0.19926327	0.0	0.078882955	0.09290519	0.0	0.0	0.089772254	0.0	0.0	0.0	0.0	0.0	0.12765239	0.0	0.0	0.0	0.0	0.17880411	0.0	0.069062546	0.0	0.30616894	0.0	0.3974091	0.3007665	0.10710401	0.21619755	0.0	0.0	0.0	0.2088011	0.0	0.0	0.25853643	0.0	0.0	0.29125175	0.23281892	0.0	0.0	0.0	0.0	0.0	0.116410434	0.24959743	0.0	0.25878218	0.20050399	0.004761508	0.15933393	0.0	0.0	0.0	0.0	0.0	0.23935711	0.0	0.0	0.01391283	0.48664558	0.0	0.45803782	0.0	0.0	0.0	0.22000189	0.27554873	0.0	0.0	0.0	0.0	0.0	0.0	0.2799898	0.0	0.0	0.0	0.26664484	0.0110079795	0.0	0.0	0.31630942	0.25397888	0.0	0.41905177	0.0	0.0	0.2177506	0.0	0.25538948	0.0	0.0	0.0	0.0	0.0	0.0	0.0	0.16791892	0.0	0.52898103	0.04385452	0.0	0.18295062	0.0	0.0
0.0	0.275835	0.0	0.1592784	0.0	0.0	0.31504822	0.0	0.0	0.0	0.0	0.0	0.0	0.0	0.32407948	0.0	0.53640836	0.0	0.0	0.21400285	0.0	0.0	0.0	0.19456315	0.0	0.0765725	0.09492347	0.0	0.0	0.09326249	0.0	0.0	0.0	0.0	0.0	0.120232105	0.0	0.0	0.0	0.0	0.15519233	0.0	0.07620583	0.0	0.28186607	0.0	0.3872569	0.2834545	0.098560385	0.20914878	0.0	0.0	0.0	0.19945039	0.0	0.0	0.24385463	0.0	0.0	0.27816376	0.2320468	0.0	0.0	0.0	0.0	0.0	0.11621847	0.23344922	0.0	0.24115461	0.20744257	0.007048136	0.165771	0.0	0.0	0.0	0.0	0.0	0.24036813	0.0	0.0	0.009690923	0.46257642	0.0	0.44586286	0.0	0.0	0.0	0.22409885	0.2735845	0.0	0.0	0.0	0.0	0.0	0.0	0.28735408	0.0	0.0	0.0	0.25914657	0.008142825	0.0	0.0	0.31893262	0.26788706	0.0	0.41005448	0.0	0.0	0.21883333	0.0	0.26471284	0.0	0.0	0.0	0.0	0.0	0.0	0.0	0.15741374	0.0	0.5206849	0.041205466	0.0	0.1840079	0.0	0.0
0.0	0.23425066	0.0	0.141358	0.0	0.0	0.3250769	0.0	0.0	0.0	0.0	0.0	0.0	0.0	0.38858986	0.0	0.5434168	0.0	0.0	0.19870465	0.0	0.0	0.0	0.21590595	0.0	0.10229551	0.09948772	0.0	0.0	0.09280775	0.0	0.0	0.0	0.0	0.0	0.14689828	0.0	0.0	0.0	0.0	0.195552	0.0	0.07090574	0.0	0.27677023	0.0	0.3844346	0.30031082	0.10685533	0.23323524	0.0	0.0	0.0	0.19901286	0.0	0.0	0.26584035	0.0	0.0	0.31537536	0.23771012	0.0	0.0	0.0	0.0	0.0	0.09883988	0.2778537	0.0	0.28178555	0.19587326	0.0038105126	0.18662739	0.0	0.0	0.0	0.0	0.0	0.24840939	0.0	0.0	0.036726657	0.5049107	0.0	0.46106997	0.0	0.0	0.0	0.21318369	0.2806976	0.0	0.0	0.0	0.0	0.0	0.0	0.26503804	0.0	0.0	0.0	0.28336692	0.032104727	0.0	0.0	0.31648615	0.2671446	0.0	0.40806818	0.0	0.0	0.20455498	0.0	0.25785124	0.0	0.0	0.0	0.0	0.0	0.0	0.0	0.18475707	0.0	0.51299345	0.047711093	0.0	0.16692884	0.0	0.0
0.0	0.26924065	0.0	0.17162502	0.0	0.0	0.319047	0.0	0.0	0.0	0.0	0.0	0.0	0.0	0.36348736	0.0	0.5521	0.0	0.0	0.22893755	0.0	0.0	0.0	0.20712973	0.0	0.101394035	0.110476695	0.0	0.0	0.113057144	0.0	0.0	0.0	0.0	0.0	0.11489001	0.0	0.0	0.0	0.0	0.21711367	0.0	0.087775715	0.0	0.27252963	0.0	0.378468	0.28112087	0.113838606	0.19451702	0.0	0.0	0.0	0.19478947	0.0	0.0	0.25506884	0.0	0.0	0.302111	0.22621733	0.0	0.0	0.0	0.0	0.0	0.11398902	0.25480792	0.0	0.26928177	0.20988011	0.0048261075	0.1733342	0.0	0.0	0.0	0.0	0.0	0.26351443	0.0	0.0	0.032725964	0.4847649	0.0	0.4790425	0.0	0.0	0.0	0.18979824	0.28274176	0.0	0.0	0.0	0.0	0.0	0.0	0.29210022	0.0	0.0	0.0	0.2756907	0.03457125	0.0	0.0	0.334206	0.2737695	0.0	0.398621	0.0	0.0	0.20317169	0.0	0.23834145	0.0	0.0	0.0	0.0	0.0	0.0	0.0	0.16270429	0.0	0.53632885	0.043817163	0.0	0.18024664	0.0	0.0
0.0	0.263215	0.0	0.16747539	0.0	0.0	0.31923544	0.0	0.0	0.0	0.0	0.0	0.0	0.0	0.36382258	0.0	0.55147934	0.0	0.0	0.2274989	0.0	0.0	0.0	0.20496376	0.0	0.09641305	0.10871305	0.0	0.0	0.10869787	0.0	0.0	0.0	0.0	0.0	0.11812333	0.0	0.0	0.0	0.0	0.21102221	0.0	0.089386426	0.0	0.26792866	0.0	0.38080645	0.27847195	0.11359304	0.19532526	0.0	0.0	0.0	0.19620825	0.0	0.0	0.24963272	0.0	0.0	0.30293694	0.22476096	0.0	0.0	0.0	0.0	0.0	0.108672805	0.25963765	0.0	0.2695293	0.20573282	0.0051788404	0.17421894	0.0	0.0	0.0	0.0	0.0	0.2654558	0.0	0.0	0.024620384	0.48384288	0.0	0.48705578	0.0	0.0	0.0	0.19267292	0.28353357	0.0	0.0	0.0	0.0	0.0	0.0	0.29349038	0.0	0.0	0.0	0.27002525	0.029190898	0.0	0.0	0.3353219	0.27986798	0.0	0.40797094	0.0	0.0	0.20877375	0.0	0.24126454	0.0	0.0	0.0	0.0	0.0	0.0	0.0	0.16442059	0.0	0.52940136	0.04548219	0.0	0.18172365	0.0	0.0
0.0	0.24687326	0.0	0.14969191	0.0	0.0	0.32395908	0.0	0.0	0.0	0.0	0.0	0.0	0.0	0.38211784	0.0	0.55966586	0.0	0.0	0.20740837	0.0	0.0	0.0	0.21326697	0.0	0.09786721	0.11726896	0.0	0.0	0.095583044	0.0	0.0	0.0	0.0	0.0	0.13665728	0.0	0.0	0.0	0.0	0.20152466	0.0	0.08423105	0.0	0.2663822	0.0	0.39203575	0.3027023	0.10813547	0.21425152	0.0	0.0	0.0	0.20440601	0.0	0.0	0.2504209	0.0	0.0	0.30607015	0.22655006	0.0	0.0	0.0	0.0	0.0	0.108168684	0.26610363	0.0	0.27749145	0.19454972	0.0061617717	0.16962762	0.0	0.0	0.0	0.0	0.0	0.25441763	0.0	0.0	0.02775372	0.49044177	0.0	0.47868457	0.0	0.0	0.0	0.20565844	0.28861395	0.0	0.0	0.0	0.0	0.0	0.0	0.2784557	0.0	0.0	0.0	0.28341517	0.02596449	0.0	0.0	0.32175997	0.2684683	0.0	0.42217955	0.0	0.0	0.20642523	0.0	0.25281858	0.0	0.0	0.0	0.0	0.0	0.0	0.0	0.17785473	0.0	0.5279388	0.045754105	0.0	0.17442644	0.0	0.0
0.0	0.2584625	0.0	0.16447377	0.0	0.0	0.32194972	0.0	0.0	0.0	0.0	0.0	0.0	0.0	0.3628976	0.0	0.55127627	0.0	0.0	0.21893243	0.0	0.0	0.0	0.20661326	0.0	0.10176594	0.10885763	0.0	0.0	0.10450087	0.0	0.0	0.0	0.0	0.0	0.11338327	0.0	0.0	0.0	0.0	0.21161044	0.0	0.084057964	0.0	0.27260196	0.0	0.38089693	0.2873166	0.10710939	0.20448501	0.0	0.0	0.0	0.19362067	0.0	0.0	0.251838	0.0	0.0	0.30162382	0.23005156	0.0	0.0	0.0	0.0	0.0	0.112909086	0.25549543	0.0	0.26775888	0.20020704	0.0070764087	0.1709188	0.0	0.0	0.0	0.0	0.0	0.2590381	0.0	0.0	0.019252084	0.48311302	0.0	0.47323886	0.0	0.0	0.0	0.19089858	0.28529683	0.0	0.0	0.0	0.0	0.0	0.0	0.28091338	0.0	0.0	0.0	0.27516592	0.031114524	0.0	0.0	0.33281776	0.27001286	0.0	0.4112887	0.0	0.0	0.2091974	0.0	0.24576831	0.0	0.0	0.0	0.0	0.0	0.0	0.0	0.16088557	0.0	0.52969056	0.041681062	0.0	0.17965995	0.0	0.0
0.0	0.26585826	0.0	0.16912158	0.0	0.0	0.32054308	0.0	0.0	0.0	0.0	0.0	0.0	0.0	0.364247	0.0	0.5558104	0.0	0.0	0.2196304	0.0	0.0	0.0	0.20556307	0.0	0.109405845	0.11649092	0.0	0.0	0.112294115	0.0	0.0	0.0	0.0	0.0	0.116084516	0.0	0.0	0.0	0.0	0.20876253	0.0	0.08629379	0.0	0.25830472	0.0	0.37406167	0.28479454	0.10754457	0.18933468	0.0	0.0	0.0	0.19612108	0.0	0.0	0.248195	0.0	0.0	0.30129254	0.22319643	0.0	0.0	0.0	0.0	0.0	0.118368156	0.25264856	0.0	0.26527536	0.20533413	0.0073365606	0.17291446	0.0	0.0	0.0	0.0	0.0	0.26264217	0.0	0.0	0.037519947	0.473888	0.0	0.47992876	0.0	0.0	0.0	0.19421558	0.28436363	0.0	0.0	0.0	0.0	0.0	0.0	0.28871295	0.0	0.0	0.0	0.2784962	0.04068781	0.0	0.0	0.3271908	0.27739495	0.0	0.39734855	0.0	0.0	0.20519908	0.0	0.23550159	0.0	0.0	0.0	0.0	0.0	0.0	0.0	0.16238827	0.0	0.532106	0.048063036	0.0	0.17114516	0.0	0.0
0.0	0.2544259	0.0	0.16290551	0.0	0.0	0.3224619	0.0	0.0	0.0	0.0	0.0	0.0	0.0	0.3639907	0.0	0.55977035	0.0	0.0	0.20634174	0.0	0.0	0.0	0.20156331	0.0	0.097987145	0.12652384	0.0	0.0	0.11045424	0.0	0.0	0.0	0.0	0.0	0.116767995	0.0	0.0	0.0	0.0	0.19964309	0.0	0.088552974	0.0	0.2504018	0.0	0.37769476	0.293839	0.10573095	0.19983093	0.0	0.0	0.0	0.19177467	0.0	0.0	0.2283778	0.0	0.0	0.29585946	0.22267689	0.0	0.0	0.0	0.0	0.0	0.12651885	0.25238025	0.0	0.27291656	0.19675152	0.009517142	0.17250812	0.0	0.0	0.0	0.0	0.0	0.25802633	0.0	0.0	0.03800912	0.46952128	0.0	0.46368337	0.0	0.0	0.0	0.19959567	0.28919527	0.0	0.0	0.0	0.0	0.0	0.0	0.27840987	0.0	0.0	0.0	0.28161666	0.03207931	0.0	0.0	0.3265845	0.27010393	0.0	0.40813282	0.0	0.0	0.20689611	0.0	0.24240516	0.0	0.0	0.0	0.0	0.0	0.0	0.0	0.15954567	0.0	0.5341483	0.04811095	0.0	0.17740156	0.0	0.0
0.0	0.26412547	0.0	0.16626768	0.0	0.0	0.31608388	0.0	0.0	0.0	0.0	0.0	0.0	0.0	0.36353707	0.0	0.54803467	0.0	0.0	0.22557203	0.0	0.0	0.0	0.20311551	0.0	0.10272474	0.10724624	0.0	0.0	0.106666245	0.0	0.0	0.0	0.0	0.0	0.11710602	0.0	0.0	0.0	0.0	0.21659206	0.0	0.08817463	0.0	0.27077496	0.0	0.38049445	0.28121158	0.11027341	0.19980347	0.0	0.0	0.0	0.19440724	0.0	0.0	0.25549364	0.0	0.0	0.3020245	0.22732885	0.0	0.0	0.0	0.0	0.0	0.106642075	0.25854576	0.0	0.26788875	0.20482413	0.0072203935	0.17501123	0.0	0.0	0.0	0.0	0.0	0.2656732	0.0	0.0	0.025846587	0.48573372	0.0	0.48388386	0.0	0.0	0.0	0.18748371	0.28210792	0.0	0.0	0.0	0.0	0.0	0.0	0.28858212	0.0	0.0	0.0	0.27272597	0.032877	0.0	0.0	0.33695328	0.27746367	0.0	0.40724358	0.0	0.0	0.20496607	0.0	0.24264185	0.0	0.0	0.0	0.0	0.0	0.0	0.0	0.16096269	0.0	0.52686554	0.041440118	0.0	0.17733909	0.0	0.0
0.0	0.26662096	0.0	0.1661998	0.0	0.0	0.3128399	0.0	0.0	0.0	0.0	0.0	0.0	0.0	0.35423794	0.0	0.5425251	0.0	0.0	0.2229921	0.0	0.0	0.0	0.20194225	0.0	0.09505299	0.10643065	0.0	0.0	0.10838429	0.0	0.0	0.0	0.0	0.0	0.11375496	0.0	0.0	0.0	0.0	0.21841772	0.0	0.085353814	0.0	0.27784345	0.0	0.38081923	0.27609408	0.104904026	0.19879043	0.0	0.0	0.0	0.19254975	0.0	0.0	0.2629626	0.0	0.0	0.29777303	0.22469807	0.0	0.0	0.0	0.0	0.0	0.10792333	0.25403824	0.0	0.2624373	0.21079801	0.0046315505	0.17192017	0.0	0.0	0.0	0.0	0.0	0.26341513	0.0	0.0	0.024720198	0.4871787	0.0	0.47926915	0.0	0.0	0.0	0.18770903	0.28191638	0.0	0.0	0.0	0.0	0.0	0.0	0.28239733	0.0	0.0	0.0	0.27634308	0.03266038	0.0	0.0	0.33773026	0.27015486	0.0	0.4056871	0.0	0.0	0.20185423	0.0	0.24289481	0.0	0.0	0.0	0.0	0.0	0.0	0.0	0.15902646	0.0	0.52642053	0.039284352	0.0	0.17708378	0.0	0.0
0.0	0.2484057	0.0	0.15901038	0.0	0.0	0.3191551	0.0	0.0	0.0	0.0	0.0	0.0	0.0	0.3766171	0.0	0.55285543	0.0	0.0	0.2101016	0.0	0.0	0.0	0.20971377	0.0	0.107340015	0.118950486	0.0	0.0	0.10225136	0.0	0.0	0.0	0.0	0.0	0.13424082	0.0	0.0	0.0	0.0	0.20905958	0.0	0.07736147	0.0	0.26374665	0.0	0.38024816	0.2982732	0.113893084	0.2090991	0.0	0.0	0.0	0.20356332	0.0	0.0	0.2541621	0.0	0.0	0.30962065	0.23198377	0.0	0.0	0.0	0.0	0.0	0.11901765	0.26218706	0.0	0.27956513	0.19841748	0.005562775	0.17554724	0.0	0.0	0.0	0.0	0.0	0.2505873	0.0	0.0	0.03699863	0.48901978	0.0	0.46859923	0.0	0.0	0.0	0.20677523	0.28732473	0.0	0.0	0.0	0.0	0.0	0.0	0.2764748	0.0	0.0	0.0	0.2834603	0.03595372	0.0	0.0	0.31839773	0.2693722	0.0	0.40473998	0.0	0.0	0.20224248	0.0	0.24611205	0.0	0.0	0.0	0.0	0.0	0.0	0.0	0.17339142	0.0	0.5269795	0.04979145	0.0	0.16815835	0.0	0.0
0.0	0.26382133	0.0	0.17195624	0.0	0.0	0.32812512	0.0	0.0	0.0	0.0	0.0	0.0	0.0	0.38018224	0.0	0.5612201	0.0	0.0	0.2262451	0.0	0.0	0.0	0.22201411	0.0	0.107796304	0.121004306	0.0	0.0	0.11243612	0.0	0.0	0.0	0.0	0.0	0.116339944	0.0	0.0	0.0	0.0	0.21856003	0.0	0.09118074	0.0	0.2578742	0.0	0.37953448	0.2916188	0.11731214	0.192598	0.0	0.0	0.0	0.19214575	0.0	0.0	0.24487102	0.0	0.0	0.3098909	0.22786717	0.0	0.0	0.0	0.0	0.0	0.11305257	0.25878403	0.0	0.27614903	0.2039106	0.0057859533	0.17503051	0.0	0.0	0.0	0.0	0.0	0.27026746	0.0	0.0	0.039956544	0.48212174	0.0	0.48826194	0.0	0.0	0.0	0.1867487	0.29363385	0.0	0.0	0.0	0.0	0.0	0.0	0.29678562	0.0	0.0	0.0	0.28179768	0.036232445	0.0	0.0	0.33099285	0.2767025	0.0	0.40236807	0.0	0.0	0.20360534	0.0	0.2378835	0.0	0.0	0.0	0.0	0.0	0.0	0.0	0.16464546	0.0	0.5402047	0.047565177	0.0	0.17817748	0.0	0.0
0.0	0.2548572	0.0	0.1581363	0.0	0.0	0.31415883	0.0	0.0	0.0	0.0	0.0	0.0	0.0	0.36333355	0.0	0.5476103	0.0	0.0	0.21395965	0.0	0.0	0.0	0.19587821	0.0	0.104046874	0.11272233	0.0	0.0	0.10276506	0.0	0.0	0.0	0.0	0.0	0.11825889	0.0	0.0	0.0	0.0	0.20583987	0.0	0.08762246	0.0	0.24530113	0.0	0.37718758	0.284223	0.113319986	0.1957339	0.0	0.0	0.0	0.19287206	0.0	0.0	0.241755	0.0	0.0	0.30289757	0.2200098	0.0	0.0	0.0	0.0	0.0	0.107738696	0.26026878	0.0	0.26355127	0.1977377	0.008381984	0.18342064	0.0	0.0	0.0	0.0	0.0	0.2652026	0.0	0.0	0.029301673	0.47368202	0.0	0.48655805	0.0	0.0	0.0	0.1959575	0.2857001	0.0	0.0	0.0	0.0	0.0	0.0	0.2870787	0.0	0.0	0.0	0.271359	0.03102775	0.0	0.0	0.33663988	0.2846482	0.0	0.41076598	0.0	0.0	0.20305759	0.0	0.23949313	0.0	0.0	0.0	0.0	0.0	0.0	0.0	0.1590435	0.0	0.51360637	0.049592476	0.0	0.16995235	0.0	0.0
0.0	0.24521643	0.0	0.14976823	0.0	0.0	0.32295084	0.0	0.0	0.0	0.0	0.0	0.0	0.0	0.37532353	0.0	0.54851294	0.0	0.0	0.19968623	0.0	0.0	0.0	0.20860617	0.0	0.1045117	0.108014524	0.0	0.0	0.09003454	0.0	0.0	0.0	0.0	0.0	0.13217439	0.0	0.0	0.0	0.0	0.20399326	0.0	0.07315291	0.0	0.27205768	0.0	0.38391122	0.29794884	0.10526525	0.2142834	0.0	0.0	0.0	0.20063977	0.0	0.0	0.2560712	0.0	0.0	0.30677834	0.2356174	0.0	0.0	0.0	0.0	0.0	0.10844944	0.26336753	0.0	0.27354774	0.19475402	0.002718347	0.17548543	0.0	0.0	0.0	0.0	0.0	0.25010976	0.0	0.0	0.030681362	0.49335647	0.0	0.4680662	0.0	0.0	0.0	0.20758282	0.28715304	0.0	0.0	0.0	0.0	0.0	0.0	0.26766312	0.0	0.0	0.0	0.2819245	0.02848909	0.0	0.0	0.3204694	0.2642075	0.0	0.41800746	0.0	0.0	0.20696193	0.0	0.254583	0.0	0.0	0.0	0.0	0.0	0.0	0.0	0.17156422	0.0	0.5171667	0.04323235	0.0	0.16705458	0.0	0.0
0.0	0.22673368	0.0	0.13924627	0.0	0.0	0.34206006	0.0	0.0	0.0	0.0	0.0	0.0	0.0	0.42882952	0.0	0.55852133	0.0	0.0	0.20310915	0.0	0.0	0.0	0.23400305	0.0	0.09606129	0.114174984	0.0	0.0	0.10553474	0.0	0.0	0.0	0.0	0.0	0.15680355	0.0	0.0	0.0	0.0	0.18978961	0.0	0.088663936	0.0	0.25822473	0.0	0.39736786	0.29901534	0.09786581	0.23888753	0.0	0.0	0.0	0.20164217	0.0	0.0	0.25156718	0.0	0.0	0.321278	0.22078705	0.0	0.0	0.0	0.0	0.0	0.080764346	0.29934725	0.0	0.29391876	0.20439	0.0069943084	0.19970812	0.0	0.0	0.0	0.0	0.0	0.26718754	0.0	0.0	0.05411415	0.5128886	0.0	0.49228796	0.0	0.0	0.0	0.21631968	0.29844216	0.0	0.0	0.0	0.0	0.0	0.0	0.28102782	0.0	0.0	0.0	0.29500398	0.029558942	0.0	0.0	0.32219765	0.28478613	0.0	0.41865006	0.0	0.0	0.20251624	0.0	0.26814833	0.0	0.0	0.0	0.0	0.0	0.0	0.0	0.19678538	0.0	0.5159443	0.04682878	0.0	0.1631206	0.0	0.0
0.0	0.235237	0.0	0.15128508	0.0	0.0	0.33284697	0.0	0.0	0.0	0.0	0.0	0.0	0.0	0.39687803	0.0	0.5636521	0.0	0.0	0.20137835	0.0	0.0	0.0	0.21741377	0.0	0.12460869	0.11825194	0.0	0.0	0.093746565	0.0	0.0	0.0	0.0	0.0	0.13014917	0.0	0.0	0.0	0.0	0.19623832	0.0	0.08108158	0.0	0.24820666	0.0	0.3829805	0.31053713	0.10633526	0.21431391	0.0	0.0	0.0	0.19312197	0.0	0.0	0.23585331	0.0	0.0	0.31637517	0.2323048	0.0	0.0	0.0	0.0	0.0	0.11160282	0.2637631	0.0	0.27906188	0.17812997	0.007608827	0.17731011	0.0	0.0	0.0	0.0	0.0	0.2557912	0.0	0.0	0.033174124	0.4813336	0.0	0.47479594	0.0	0.0	0.0	0.20357601	0.29753202	0.0	0.0	0.0	0.0	0.0	0.0	0.27974913	0.0	0.0	0.0	0.2754447	0.036745925	0.0	0.0	0.32408574	0.27542746	0.0	0.43014684	0.0	0.0	0.21318103	0.0	0.24989098	0.0	0.0	0.0	0.0	0.0	0.0	0.0	0.16798693	0.0	0.52026826	0.04279813	0.0	0.16582368	0.0	0.0
0.0	0.26362345	0.0	0.17358898	0.0	0.0	0.33531365	0.0	0.0	0.0	0.0	0.0	0.0	0.0	0.37344208	0.0	0.57033634	0.0	0.0	0.21837907	0.0	0.0	0.0	0.21383588	0.0	0.11656349	0.12518503	0.0	0.0	0.11805711	0.0	0.0	0.0	0.0	0.0	0.116998024	0.0	0.0	0.0	0.0	0.21323232	0.0	0.08501822	0.0	0.25783223	0.0	0.38046393	0.299027	0.11328986	0.19603796	0.0	0.0	0.0	0.18778206	0.0	0.0	0.24615718	0.0	0.0	0.3085675	0.23859937	0.0	0.0	0.0	0.0	0.0	0.12633277	0.2504037	0.0	0.2776289	0.20049246	0.008482992	0.17438863	0.0	0.0	0.0	0.0	0.0	0.26001588	0.0	0.0	0.04353856	0.47306022	0.0	0.4702399	0.0	0.0	0.0	0.18931438	0.290247	0.0	0.0	0.0	0.0	0.0	0.0	0.28393224	0.0	0.0	0.0	0.28555498	0.0425099	0.0	0.0	0.32537273	0.2833171	0.0	0.39334407	0.0	0.0	0.20086133	0.0	0.24179797	0.0	0.0	0.0	0.0	0.0	0.0	0.0	0.16323774	0.0	0.5421927	0.050376583	0.0	0.17495303	0.0	0.0
0.0	0.27239588	0.0	0.1720304	0.0	0.0	0.32542276	0.0	0.0	0.0	0.0	0.0	0.0	0.0	0.3485889	0.0	0.5554312	0.0	0.0	0.22281343	0.0	0.0	0.0	0.20808421	0.0	0.093537055	0.10337531	0.0	0.0	0.10365981	0.0	0.0	0.0	0.0	0.0	0.108911075	0.0	0.0	0.0	0.0	0.18871538	0.0	0.07628561	0.0	0.28747013	0.0	0.38641134	0.30029997	0.10902665	0.2070808	0.0	0.0	0.0	0.19058903	0.0	0.0	0.24822587	0.0	0.0	0.28717598	0.2349308	0.0	0.0	0.0	0.0	0.0	0.12958537	0.23836501	0.0	0.25667116	0.19953303	0.008894261	0.16167788	0.0	0.0	0.0	0.0	0.0	0.24416845	0.0	0.0	0.027116572	0.46876383	0.0	0.45035776	0.0	0.0	0.0	0.20112555	0.28024927	0.0	0.0	0.0	0.0	0.0	0.0	0.2792218	0.0	0.0	0.0	0.26840752	0.028240321	0.0	0.0	0.32174778	0.25712374	0.0	0.41050014	0.0	0.0	0.21426743	0.0	0.2462511	0.0	0.0	0.0	0.0	0.0	0.0	0.0	0.15353034	0.0	0.5471444	0.04357774	0.0	0.18126602	0.0	0.0
0.0	0.2731202	0.0	0.1704622	0.0	0.0	0.3198824	0.0	0.0	0.0	0.0	0.0	0.0	0.0	0.33397874	0.0	0.54860574	0.0	0.0	0.2216058	0.0	0.0	0.0	0.20487134	0.0	0.09735524	0.09846314	0.0	0.0	0.10650114	0.0	0.0	0.0	0.0	0.0	0.10946558	0.0	0.0	0.0	0.0	0.19025785	0.0	0.0761299	0.0	0.29177904	0.0	0.38420066	0.2898567	0.10907602	0.21297652	0.0	0.0	0.0	0.18879344	0.0	0.0	0.25370893	0.0	0.0	0.2878054	0.23777156	0.0	0.0	0.0	0.0	0.0	0.12758833	0.2360106	0.0	0.25591496	0.20607062	0.0056148134	0.16513802	0.0	0.0	0.0	0.0	0.0	0.24372436	0.0	0.0	0.021281315	0.4735085	0.0	0.44480646	0.0	0.0	0.0	0.20120871	0.27532503	0.0	0.0	0.0	0.0	0.0	0.0	0.2737276	0.0	0.0	0.0	0.26597735	0.03068172	0.0	0.0	0.3269324	0.26095158	0.0	0.4080085	0.0	0.0	0.2090447	0.0	0.24918957	0.0	0.0	0.0	0.0	0.0	0.0	0.0	0.15512076	0.0	0.5434088	0.036914486	0.0	0.17860977	0.0	0.0
0.0	0.23186173	0.0	0.13725157	0.0	0.0	0.3307322	0.0	0.0	0.0	0.0	0.0	0.0	0.0	0.41019478	0.0	0.5438257	0.0	0.0	0.20043552	0.0	0.0	0.0	0.23075394	0.0	0.08984568	0.08312875	0.0	0.0	0.09607122	0.0	0.0	0.0	0.0	0.0	0.15457977	0.0	0.0	0.0	0.0	0.1728548	0.0	0.076450355	0.0	0.27979448	0.0	0.38534248	0.29275885	0.100338496	0.25736356	0.0	0.0	0.0	0.20641696	0.0	0.0	0.26687542	0.0	0.0	0.30294862	0.22985625	0.0	0.0	0.0	0.0	0.0	0.06843213	0.29243886	0.0	0.27878174	0.20146807	0.0013893271	0.20588768	0.0	0.0	0.0	0.0	0.0	0.2530191	0.0	0.0	0.029424628	0.5176795	0.0	0.48066008	0.0	0.0	0.0	0.21392898	0.27356377	0.0	0.0	0.0	0.0	0.0	0.0	0.27624345	0.0	0.0	0.0	0.28222087	0.021314168	0.0	0.0	0.31695393	0.2723581	0.0	0.40658784	0.0	0.0	0.21293165	0.0	0.26148716	0.0	0.0	0.0	0.0	0.0	0.0	0.0	0.2057658	0.0	0.49819994	0.045825977	0.0	0.16325366	0.0	0.0
0.0	0.27583024	0.0	0.1320392	0.0	0.0	0.2603046	0.0	0.0	0.0	0.0	0.0	0.0	0.0	0.38814273	0.0	0.50385094	0.0	0.0	0.26120612	0.0	0.0	0.0	0.15976703	0.0	0.06582262	0.06293493	0.0	0.0	0.109285414	0.0	0.0	0.0	0.0	0.0	0.19396667	0.0	0.0	0.0	0.0	0.27305755	0.0	0.11313159	0.0	0.21289599	0.0	0.39696786	0.16191506	0.12073952	0.14605427	0.0	0.0	0.0	0.26413178	0.0	0.0	0.2409003	0.0	0.0	0.30263785	0.14849679	0.0	0.0	0.0	0.0	0.0	0.034184445	0.3516769	0.0	0.2634981	0.2389102	0.0	0.20338099	0.0	0.0	0.0	0.0	0.0	0.3659849	0.0	0.0	0.032158308	0.5224647	0.0	0.7046972	0.0	0.0	0.0	0.2556581	0.2528398	0.0	0.0	0.0	0.0	0.0	0.0	0.40689173	0.0	0.0	0.0	0.18879609	0.022286559	0.0	0.0	0.35853395	0.39029363	0.0	0.43176472	0.0	0.0	0.21788645	0.0	0.29730937	0.0	0.0	0.0	0.0	0.0	0.0	0.0	0.21312702	0.0	0.46709582	0.032285385	0.0	0.17608188	0.0	0.0
0.0	0.3228055	0.0	0.20956261	0.0	0.0	0.31731614	0.0	0.0	0.0	0.0	0.0	0.0	0.0	0.49865428	0.0	0.61190885	0.0	0.0	0.31032735	0.0	0.0	0.0	0.22452553	0.0	0.13048266	0.1293584	0.0	0.0	0.12635548	0.0	0.0	0.0	0.0	0.0	0.14588286	0.0	0.0	0.0	0.0	0.28655875	0.0	0.18166564	0.0	0.15370148	0.0	0.37431887	0.24212284	0.17265804	0.13907753	0.0	0.0	0.0	0.21715528	0.0	0.0	0.1570436	0.0	0.0	0.3225831	0.17058551	0.0	0.0	0.0	0.0	0.0	0.075302355	0.34400758	0.0	0.3108128	0.17329754	0.0	0.17618175	0.0	0.0	0.0	0.0	0.0	0.33477464	0.0	0.0	0.03018714	0.52397853	0.0	0.7693638	0.0030459773	0.0	0.0	0.19793975	0.26539543	0.0	0.0	0.0	0.0	0.019074975	0.0	0.4857552	0.0	0.0	0.0	0.237375	0.059841987	0.0	0.0	0.35647786	0.46102437	0.0	0.44868138	0.0	0.0	0.19910938	0.0	0.24230838	0.0	0.0	0.0	0.0	0.0	0.0	0.0	0.17586784	0.0	0.51670027	0.10927514	0.0	0.17421459	0.0	0.0
0.0	0.3400841	0.0	0.12587778	0.0	0.0	0.2535065	0.0	0.0	0.0	0.0	0.0	0.0	0.0	0.1846258	0.0	0.46468	0.0	0.0	0.21452875	0.0	0.0	0.0	0.03948835	0.0008965383	0.0	0.02092359	0.0	0.0	0.119767554	0.03771709	0.0	0.0037938182	0.0	0.0	0.09506332	0.0	0.0	0.0	0.0	0.20200153	0.0	0.036041502	0.0	0.3755093	0.0	0.4282364	0.20517111	0.09305918	0.21354733	0.0	0.0	0.0	0.16226332	0.045300256	0.0	0.40574887	0.0	0.0	0.24409927	0.23654003	0.0	0.0	0.0	0.0	0.0	0.07430639	0.24613221	0.0	0.17756295	0.28387806	0.0	0.24214213	0.0	0.0	0.0	0.0	0.0	0.22910345	0.0	0.0	0.0	0.42564532	0.0	0.38150743	0.0	0.052960422	0.0	0.221108	0.1761701	0.0	0.0	0.0	0.0	0.0	0.0	0.16833	0.0	0.0	0.0	0.24693881	0.017633036	0.0	0.0	0.3988856	0.29039612	0.0	0.3240363	0.0	0.0	0.14952289	0.0	0.2662742	0.0	0.0	0.0	0.0	0.0	0.0	0.0	0.10878674	0.0	0.46352205	0.060929637	0.0	0.14788662	0.0	0.0
0.0	0.32144532	0.0	0.20602071	0.0	0.0	0.30170742	0.0	0.0	0.0	0.0	0.0	0.0	0.0	0.46915802	0.0	0.58374244	0.0	0.0	0.31196073	0.0	0.0	0.0	0.18647547	0.0	0.13986565	0.09610319	0.0	0.0	0.13131924	0.0	0.0	0.0	0.0	0.0	0.14279139	0.0	0.0	0.0	0.0	0.3236095	0.0	0.17205048	0.0	0.18476038	0.0	0.3637215	0.20946747	0.16348238	0.14234999	0.0	0.0	0.0	0.23165633	0.0	0.0	0.19148259	0.0	0.0	0.30971166	0.14829026	0.0	0.0	0.0	0.0	0.0	0.06396132	0.35752645	0.0	0.30421427	0.1945743	0.0	0.17027633	0.0	0.0	0.0	0.0	0.0	0.34621143	0.0	0.0	0.015253489	0.54228044	0.0	0.7631993	0.0053543113	0.0	0.0	0.19069767	0.23024803	0.0	0.0	0.0	0.0	0.022077622	0.0	0.4682549	0.0	0.0	0.0	0.23029798	0.06235519	0.0	0.0	0.36893663	0.44674683	0.0	0.42591062	0.0	0.0	0.21395922	0.0	0.24205893	0.0	0.0	0.0	0.0	0.0	0.0	0.0	0.18268691	0.0	0.5024763	0.1043362	0.0	0.17088012	0.0	0.0
0.0	0.3150436	0.0	0.20588207	0.0	0.0038886394	0.31646055	0.0	0.0	0.0	0.0	0.0	0.0	0.0	0.44520414	0.0	0.6011808	0.0	0.0	0.30257937	0.0	0.0	0.0	0.17161645	0.0	0.12755798	0.09195053	0.0	0.0	0.14269358	0.00784263	0.0	0.0	0.0	0.0	0.11197279	0.0	0.0	0.0	0.0	0.3006725	0.0	0.16641028	0.0	0.18911578	0.0	0.3453964	0.21889667	0.15124786	0.16277798	0.0	0.0	0.0	0.18530118	0.0	0.0	0.18685494	0.0	0.0	0.30267313	0.16240615	0.0	0.0	0.0	0.0	0.0	0.07658384	0.3443923	0.0	0.29254618	0.17673372	0.0	0.18495391	0.0	0.0	0.0	0.0	0.0033256232	0.3294724	0.0	0.0	0.01945617	0.5181556	0.0	0.6966501	0.0	0.0	0.0	0.16727735	0.22972386	0.0	0.0	0.0	0.0	0.03941644	0.0	0.44073686	0.0	0.0	0.0	0.251309	0.06496783	0.0	0.0	0.3819276	0.42938757	0.0	0.39986864	0.0	0.0	0.21595372	0.0043647196	0.23181431	0.0	0.0	0.0	0.0	0.0	0.0	0.0	0.16817887	0.0	0.51164323	0.12005871	0.0	0.17421758	0.0	0.0
0.0	0.34679115	0.0	0.17946465	0.0	0.0	0.2552428	0.0	0.0	0.0	0.0	0.0	0.0	0.0	0.35674253	0.0	0.5712213	0.0	0.010545005	0.23976982	0.0	0.0	0.0	0.11625785	0.0	0.11760346	0.09462553	0.0	0.0	0.17490079	0.010440469	0.0	0.023481289	0.0	0.0	0.09923568	0.0	0.0	0.0	0.0	0.33071855	0.0	0.14955354	0.0	0.27413407	0.0	0.3192445	0.13708057	0.15515138	0.15615796	0.0	0.0	0.0	0.24119185	0.02264253	0.0	0.2626131	0.0	0.0	0.2902521	0.21731658	0.006352976	0.0	0.0	0.0	0.0	0.03845094	0.35190764	0.0	0.29973903	0.25940305	0.0	0.21392743	0.0065071597	0.0	0.00046900136	0.0	0.0	0.33697426	0.0	0.0	0.009021868	0.59520024	0.0	0.63746935	0.0	0.0	0.0	0.207933	0.20038402	0.0	0.0	0.0	0.0	0.030194322	0.0	0.35731712	0.0	0.0	0.0	0.24310438	0.07150451	0.0	0.0	0.46625113	0.42469397	0.0056095906	0.34909523	0.0	0.0	0.19897266	0.033490047	0.2227106	0.005345771	0.0	0.0	0.0	0.040263865	0.0	0.0	0.19062464	0.0	0.5253034	0.10405254	0.0	0.16622962	0.0	0.0
0.0	0.3230869	0.0	0.19621597	0.0	0.0	0.29085344	0.0	0.0	0.0	0.0	0.0	0.0	0.0	0.462743	0.0	0.5795975	0.0	0.0	0.31629103	0.0	0.0	0.0	0.1833958	0.0	0.12590992	0.112516664	0.0	0.0	0.1363613	0.0	0.0	0.0	0.0	0.0	0.15446952	0.0	0.0	0.0	0.0	0.30586413	0.0	0.16984211	0.0	0.17158584	0.0	0.37167564	0.20606197	0.16512926	0.13416532	0.0	0.0	0.0	0.23951209	0.0	0.0	0.18511842	0.0	0.0	0.31627434	0.14960925	0.0	0.0	0.0	0.0	0.0	0.06352832	0.35000458	0.0	0.31589866	0.21007745	0.0	0.17439854	0.0	0.0	0.0	0.0	0.0	0.35903645	0.0	0.0	0.022023046	0.54653007	0.0	0.76847696	0.0	0.0	0.0	0.21149375	0.2406983	0.0	0.0	0.0	0.0	0.024582954	0.0	0.47443914	0.0	0.0	0.0	0.21594377	0.06604937	0.0	0.0	0.3635868	0.45854416	0.0	0.43713212	0.0	0.0	0.21034278	0.0	0.23968123	0.0	0.0	0.0	0.0	0.0	0.0	0.0	0.18307553	0.0	0.50620633	0.09781023	0.0	0.16018745	0.0	0.0
0.0	0.28763902	0.0	0.14888819	0.0	0.0	0.27943513	0.0	0.0	0.0	0.0	0.0	0.0	0.0	0.42864263	0.0	0.54261214	0.0	0.0	0.27023724	0.0	0.0	0.0	0.16663189	0.0	0.08478081	0.09714692	0.0	0.0	0.11689645	0.0	0.0	0.0	0.0	0.0	0.15656513	0.0	0.0	0.0	0.0	0.27740976	0.0	0.13678564	0.0	0.17721315	0.0	0.3936971	0.18640028	0.14354144	0.14146146	0.0	0.0	0.0	0.2504443	0.0	0.0	0.20705183	0.0	0.0	0.30932865	0.14339744	0.0	0.0	0.0	0.0	0.0	0.054325517	0.34107327	0.0	0.28801048	0.21868752	0.0	0.18371059	0.0	0.0	0.0	0.0	0.0	0.35597062	0.0	0.0	0.026027372	0.5142398	0.0	0.72645694	0.0	0.0	0.0	0.23285162	0.26312143	0.0	0.0	0.0	0.0	0.0	0.0	0.4226167	0.0	0.0	0.0	0.21933508	0.030413235	0.0	0.0	0.37100884	0.4130285	0.0	0.4418343	0.0	0.0	0.21443598	0.0	0.24758613	0.0	0.0	0.0	0.0	0.0	0.0	0.0	0.19256349	0.0	0.46243453	0.06292636	0.0	0.14527437	0.0	0.0
0.0	0.3104529	0.0	0.1733877	0.0	0.0	0.26909256	0.0	0.0	0.0	0.0	0.0	0.0	0.0	0.43039918	0.0	0.53971386	0.0	0.0	0.3005524	0.0	0.0	0.0	0.1656073	0.0	0.09393794	0.09885798	0.0	0.0	0.1327723	0.0	0.0	0.0	0.0	0.0	0.17235954	0.0	0.0	0.0	0.0	0.30073938	0.0	0.15729864	0.0	0.18616875	0.0	0.37759224	0.17690845	0.15109567	0.12065492	0.0	0.0	0.0	0.25407854	0.0	0.0	0.20718408	0.0	0.0	0.31501475	0.14044753	0.0	0.0	0.0	0.0	0.0	0.051228255	0.35190234	0.0	0.29778877	0.2316004	0.0	0.16805327	0.0	0.0	0.0	0.0	0.0	0.36949083	0.0	0.0	0.027694957	0.539513	0.0	0.76510113	0.0	0.0	0.0	0.22545592	0.23415829	0.0	0.0	0.0	0.0	0.0	0.0	0.46157524	0.0	0.0	0.0	0.19534598	0.04062419	0.0	0.0	0.35321656	0.4359211	0.0	0.4410223	0.0	0.0	0.21387	0.0	0.25663987	0.0	0.0	0.0	0.0	0.0	0.0	0.0	0.19270456	0.0	0.48269975	0.06330932	0.0	0.15961319	0.0	0.0
0.0	0.32311052	0.0	0.18751459	0.0	0.0	0.2872481	0.0	0.0	0.0	0.0	0.0	0.0	0.0	0.41909924	0.0	0.555365	0.0	0.0	0.29872397	0.0	0.0	0.0	0.16406332	0.0	0.123179235	0.08742472	0.0	0.0	0.12710024	0.0	0.0	0.0	0.0	0.0	0.14746161	0.0	0.0	0.0	0.0	0.3020279	0.0	0.15334575	0.0	0.20807391	0.0	0.36410865	0.19380693	0.15315753	0.14975186	0.0	0.0	0.0	0.2405033	0.0	0.0	0.2161798	0.0	0.0	0.30641434	0.1516609	0.0	0.0	0.0	0.0	0.0	0.05636404	0.33836126	0.0	0.29562038	0.22273289	0.0	0.1647339	0.0	0.0	0.0	0.0	0.0	0.34518257	0.0	0.0	0.015288435	0.5370288	0.0	0.72571254	0.0	0.0	0.0	0.20971173	0.22704029	0.0	0.0	0.0	0.0	0.017652646	0.0	0.43852606	0.0	0.0	0.0	0.21264489	0.050797418	0.0	0.0	0.36864933	0.42861822	0.0	0.42576492	0.0	0.0	0.22361314	0.00074358966	0.2510324	0.0	0.0	0.0	0.0	0.0	0.0	0.0	0.18749233	0.0	0.5021773	0.084191896	0.0	0.1638345	0.0	0.0
0.0	0.3272636	0.0	0.21007068	0.0	0.0	0.29643473	0.0	0.0	0.0	0.0	0.0	0.0	0.0	0.47287878	0.0	0.588594	0.0	0.0	0.31662938	0.0	0.0	0.0	0.1857995	0.0	0.13910131	0.10244048	0.0	0.0	0.13587464	0.0	0.0	0.0	0.0	0.0	0.13760497	0.0	0.0	0.0	0.0	0.31488022	0.0	0.1724791	0.0	0.17803729	0.0	0.3564249	0.19761974	0.17040491	0.13955502	0.0	0.0	0.0	0.23160805	0.0	0.0	0.1853633	0.0	0.0	0.30684045	0.14864609	0.0	0.0	0.0	0.0	0.0	0.06537905	0.3600862	0.0	0.30440596	0.19178371	0.0	0.17815161	0.0	0.0	0.0	0.0	0.0	0.34860173	0.0	0.0	0.016479274	0.5371995	0.0	0.77639014	0.0061146193	0.0	0.0	0.1903919	0.23195481	0.0	0.0	0.0	0.0	0.027355446	0.0	0.4763547	0.0	0.0	0.0	0.22767662	0.06930681	0.0	0.0	0.36908627	0.45783877	0.0	0.41955146	0.0	0.0	0.21453786	0.004887449	0.2317317	0.0	0.0	0.0	0.0	0.0	0.0	0.0	0.18252273	0.0	0.49601722	0.11072042	0.0	0.16591734	0.0	0.0
0.0	0.32088882	0.0	0.20857416	0.0	0.0017047463	0.32684526	0.0	0.0	0.0	0.0	0.0	0.0	0.0	0.49609664	0.0	0.61434233	0.0	0.0	0.3094579	0.0	0.0	0.0	0.21966898	0.0	0.15666059	0.13545646	0.0	0.0	0.13321786	0.0	0.0	0.0	0.0	0.0	0.13679877	0.0	0.0	0.0	0.0	0.2721785	0.0	0.17346942	0.0	0.15948808	0.0	0.35962608	0.269219	0.15751691	0.15722448	0.0	0.0	0.0	0.19821681	0.0	0.0	0.16113533	0.0	0.0	0.328372	0.18425395	0.0	0.0	0.0	0.0	0.0	0.10100419	0.3460798	0.0	0.31579858	0.16441385	0.0	0.1760748	0.0	0.0	0.0	0.0	0.0	0.31327295	0.0	0.0	0.030141464	0.5210224	0.0	0.7097716	0.0029287562	0.0	0.0	0.18562917	0.26125237	0.0	0.0	0.0	0.0	0.023992507	0.0	0.45518103	0.0	0.0	0.0	0.2546707	0.06898951	0.0	0.0	0.34634125	0.44534767	0.0	0.42417395	0.0	0.0	0.19831996	0.0	0.24013598	0.0	0.0	0.0	0.0	0.0	0.0	0.0	0.16947925	0.0	0.52265537	0.13036174	0.0	0.17694797	0.0	0.0
0.0	0.33346924	0.0	0.20327745	0.0	0.0	0.28449002	0.0	0.0	0.0	0.0	0.0	0.0	0.0	0.4570296	0.0	0.568189	0.0	0.0	0.32074013	0.0	0.0	0.0	0.18169087	0.0	0.111810036	0.1065016	0.0	0.0	0.13975494	0.0	0.0	0.0	0.0	0.0	0.16038477	0.0	0.0	0.0	0.0	0.30183166	0.0	0.16632758	0.0	0.19055289	0.0	0.38004446	0.19955456	0.16930556	0.12950037	0.0	0.0	0.0	0.2503855	0.0	0.0	0.20322871	0.0	0.0	0.32122892	0.14930533	0.0	0.0	0.0	0.0	0.0	0.05924273	0.34556103	0.0	0.3060608	0.21215807	0.0	0.16230749	0.0	0.0	0.0	0.0	0.0	0.36119714	0.0	0.0	0.020791857	0.5469873	0.0	0.7859133	0.0018447675	0.0	0.0	0.21888202	0.23005433	0.0	0.0	0.0	0.0	0.0148282545	0.0	0.4883829	0.0	0.0	0.0	0.20890784	0.060021665	0.0	0.0	0.3532747	0.45341316	0.0	0.43315646	0.0	0.0	0.20698278	0.0	0.25109652	0.0	0.0	0.0	0.0	0.0	0.0	0.0	0.18500133	0.0	0.5003116	0.08755434	0.0	0.16188996	0.0	0.0
0.0	0.27141544	0.0	0.15309316	0.0	0.0	0.28102505	0.0	0.0	0.0	0.0	0.0	0.0	0.0	0.361154	0.0	0.52021307	0.0	0.0	0.24746431	0.0	0.0	0.0	0.18058838	0.0	0.050305266	0.09132593	0.0	0.0	0.112974934	0.0	0.0	0.0	0.0	0.0	0.1646449	0.0	0.0	0.0	0.0	0.21565883	0.0	0.10409775	0.0	0.23148485	0.0	0.3964983	0.20530479	0.107988335	0.15315706	0.0	0.0	0.0	0.23399937	0.0	0.0	0.22832279	0.0	0.0	0.29041508	0.16586614	0.0	0.0	0.0	0.0	0.0	0.056848336	0.28593743	0.0	0.26895925	0.23276626	0.0	0.17201601	0.0	0.0	0.0	0.0	0.0	0.3291689	0.0	0.0	0.017460715	0.4998828	0.0	0.6245596	0.0	0.0	0.0	0.26217678	0.27607247	0.0	0.0	0.0	0.0	0.0	0.0	0.3725154	0.0	0.0	0.0	0.20812948	0.0	0.0	0.0	0.32866153	0.35247955	0.0	0.45384535	0.0	0.0	0.22197258	0.0	0.28023088	0.0	0.0	0.0	0.0	0.0	0.0	0.0	0.17919363	0.0	0.48148775	0.03512808	0.0	0.15207139	0.0	0.0
0.0	0.31484446	0.0	0.20271699	0.0	0.0	0.32072076	0.0	0.0	0.0	0.0	0.0	0.0	0.0	0.48350802	0.0	0.60264754	0.0	0.0	0.30721322	0.0	0.0	0.0	0.20600311	0.0	0.13968547	0.12237807	0.0	0.0	0.12629996	0.0	0.0	0.0	0.0	0.0	0.13704486	0.0	0.0	0.0	0.0	0.28737256	0.0	0.17275874	0.0	0.16165982	0.0	0.37151244	0.2467622	0.15663846	0.14798102	0.0	0.0	0.0	0.20550056	0.0	0.0	0.17030793	0.0	0.0	0.31981182	0.16834383	0.0	0.0	0.0	0.0	0.0	0.08171787	0.34012428	0.0	0.30509257	0.17549025	0.0	0.18162851	0.0	0.0	0.0	0.0	0.0	0.3272268	0.0	0.0	0.026668355	0.51667374	0.0	0.7316231	0.0011485157	0.0	0.0	0.18854457	0.25967026	0.0	0.0	0.0	0.0	0.026912324	0.0	0.4584066	0.0	0.0	0.0	0.24376021	0.06450867	0.0	0.0	0.3556451	0.44786242	0.0	0.42839494	0.0	0.0	0.200176	0.0	0.2360714	0.0	0.0	0.0	0.0	0.0	0.0	0.0	0.16823347	0.0	0.50763804	0.111148804	0.0	0.17419942	0.0	0.0
0.0	0.31399068	0.0	0.18557203	0.0	0.0	0.2858309	0.0	0.0	0.0	0.0	0.0	0.0	0.0	0.4693463	0.0	0.56487674	0.0	0.0	0.30295575	0.0	0.0	0.0	0.1864305	0.0	0.12948947	0.11548767	0.0	0.0	0.12601003	0.0	0.0	0.0	0.0	0.0	0.16011786	0.0	0.0	0.0	0.0	0.31059456	0.0	0.16280858	0.0	0.16036096	0.0	0.3733034	0.19502755	0.16815718	0.11861223	0.0	0.0	0.0	0.2586589	0.0	0.0	0.19135225	0.0	0.0	0.3260263	0.13859056	0.0	0.0	0.0	0.0	0.0	0.058495775	0.36008716	0.0	0.31400016	0.22389485	0.0	0.18066214	0.0	0.0	0.0	0.0	0.0	0.37215313	0.0	0.0	0.040697966	0.53807336	0.0	0.7807339	0.00029610842	0.0	0.0	0.21182589	0.255247	0.0	0.0	0.0	0.0	0.004481195	0.0	0.46514502	0.0	0.0	0.0	0.2086907	0.05317293	0.0	0.0	0.35869434	0.44957805	0.0	0.43895635	0.0	0.0	0.2052721	0.0	0.2423565	0.0	0.0	0.0	0.0	0.0	0.0	0.0	0.19823372	0.0	0.48482025	0.07709843	0.0	0.15894508	0.0	0.0
0.0	0.30713728	0.0	0.1666289	0.0	0.0	0.25010836	0.0	0.0	0.0	0.0	0.0	0.0	0.0	0.38005432	0.0	0.51106113	0.0	0.0	0.27998915	0.0	0.0	0.0	0.14643808	0.0	0.08284483	0.084843375	0.0	0.0	0.11353544	0.0	0.0	0.0	0.0	0.0	0.17955315	0.0	0.0	0.0	0.0	0.30152392	0.0	0.12364346	0.0	0.2402585	0.0	0.3889629	0.16761188	0.14426579	0.13266607	0.0	0.0	0.0	0.27686745	0.0	0.0	0.25878826	0.0	0.0	0.31017467	0.13729896	0.0	0.0	0.0	0.0	0.0	0.04354779	0.33186245	0.0	0.28600073	0.2647098	0.0	0.14886145	0.0	0.0	0.0	0.0	0.0	0.35793522	0.0	0.0	0.010657276	0.54877484	0.0	0.7284903	0.0	0.0	0.0	0.24986427	0.2303508	0.0	0.0	0.0	0.0	0.0	0.0	0.41182527	0.0	0.0	0.0	0.18437879	0.021937395	0.0	0.0	0.35146126	0.39376178	0.0	0.44321367	0.0	0.0	0.21886276	0.0	0.2736026	0.0	0.0	0.0	0.0	0.0	0.0	0.0	0.20176248	0.0	0.47622445	0.040600296	0.0	0.15676364	0.0	0.0
0.0	0.28628302	0.0	0.149347	0.0	0.0	0.26333174	0.0	0.0	0.0	0.0	0.0	0.0	0.0	0.40001297	0.0	0.5132644	0.0	0.0	0.26415762	0.0	0.0	0.0	0.16605565	0.0	0.078593574	0.07224199	0.0	0.0	0.10863393	0.0	0.0	0.0	0.0	0.0	0.18406808	0.0	0.0	0.0	0.0	0.27207324	0.0	0.13419475	0.0	0.20334387	0.0	0.38752255	0.1818745	0.1348034	0.14746033	0.0	0.0	0.0	0.2566207	0.0	0.0	0.23423205	0.0	0.0	0.31319383	0.15638421	0.0	0.0	0.0	0.0	0.0	0.04166511	0.34824458	0.0	0.27139047	0.2241234	0.0	0.19292875	0.0	0.0	0.0	0.0	0.0	0.359442	0.0	0.0	0.029693259	0.5255015	0.0	0.7152987	0.0	0.0	0.0	0.24475239	0.24069624	0.0	0.0	0.0	0.0	0.0	0.0	0.4213194	0.0	0.0	0.0	0.19662894	0.029641787	0.0	0.0	0.34728658	0.40482044	0.0	0.42757758	0.0	0.0	0.20425798	0.0	0.27612078	0.0	0.0	0.0	0.0	0.0	0.0	0.0	0.2020766	0.0	0.45404556	0.055058528	0.0	0.16565312	0.0	0.0
0.0	0.3113087	0.0	0.18955792	0.0	0.0	0.31082878	0.0	0.0	0.0	0.0	0.0	0.0	0.0	0.50275403	0.0	0.5684722	0.0	0.0	0.30114064	0.0	0.0	0.0	0.20742075	0.0	0.14404695	0.09276088	0.0	0.0	0.1100141	0.0	0.0	0.0	0.0	0.0	0.15474899	0.0	0.0	0.0	0.0	0.29609087	0.0	0.16538651	0.0	0.19802892	0.0	0.34729138	0.24091257	0.16172062	0.17970741	0.0	0.0	0.0	0.23169543	0.0	0.0	0.1957524	0.0	0.0	0.31891474	0.1887914	0.0	0.0	0.0	0.0	0.0	0.05551432	0.37617135	0.0	0.2973343	0.1591606	0.0	0.18999839	0.0	0.0	0.0	0.0	0.0	0.31324726	0.0	0.0	0.017117683	0.5571827	0.0	0.74040437	0.014236384	0.0	0.0	0.19044268	0.22073568	0.0	0.0	0.0	0.0	0.005566284	0.0	0.43384385	0.0	0.0	0.0	0.24120927	0.06385128	0.0	0.0	0.35103235	0.42068735	0.0	0.42093357	0.0	0.0	0.19692294	0.0	0.24572553	0.0	0.0	0.0	0.0	0.0	0.0	0.0	0.19541836	0.0	0.48838437	0.12190774	0.0	0.17593403	0.0	0.0
0.0	0.30238065	0.0	0.18029332	0.0	0.0	0.30559087	0.0	0.0	0.0	0.0	0.0	0.0	0.0	0.51400083	0.0	0.5643316	0.0	0.0	0.30758193	0.0	0.0	0.0	0.21386646	0.0	0.124220304	0.10342545	0.0	0.0	0.12237314	0.0	0.0	0.0	0.0	0.0	0.16660385	0.0	0.0	0.0	0.0	0.30268374	0.0	0.17856967	0.0	0.1747777	0.0	0.3764813	0.22105344	0.16169477	0.13959982	0.0	0.0	0.0	0.25443533	0.0	0.0	0.17440343	0.0	0.0	0.33748925	0.16108398	0.0	0.0	0.0	0.0	0.0	0.054983836	0.38578668	0.0	0.3019875	0.19061124	0.0	0.19826393	0.0	0.0	0.0	0.0	0.0	0.34723482	0.0	0.0	0.03659642	0.5587595	0.0	0.7937574	0.00033516562	0.0	0.0	0.21315615	0.25309196	0.0	0.0	0.0	0.0	0.0	0.0	0.47323003	0.0	0.0	0.0	0.22522742	0.057210445	0.0	0.0	0.36628887	0.4395264	0.0	0.43903208	0.0	0.0	0.19459832	0.0	0.25763288	0.0	0.0	0.0	0.0	0.0	0.0	0.0	0.20602076	0.0	0.4896634	0.09269936	0.0	0.18005873	0.0	0.0
0.0	0.30272305	0.0	0.17387198	0.0	0.0	0.28819254	0.0	0.0	0.0	0.0	0.0	0.0	0.0	0.4335359	0.0	0.5569661	0.0	0.0	0.28115758	0.0	0.0	0.0	0.18822001	0.0	0.105950534	0.097864054	0.0	0.0	0.11417963	0.0	0.0	0.0	0.0	0.0	0.1543224	0.0	0.0	0.0	0.0	0.27918783	0.0	0.14265293	0.0	0.1934516	0.0	0.3895084	0.21795745	0.14146085	0.13965954	0.0	0.0	0.0	0.23163374	0.0	0.0	0.20591696	0.0	0.0	0.3195407	0.1670187	0.0	0.0	0.0	0.0	0.0	0.06773857	0.32947564	0.0	0.28539684	0.21219681	0.0	0.17121033	0.0	0.0	0.0	0.0	0.0	0.3304727	0.0	0.0	0.018030481	0.52771664	0.0	0.7133452	0.0	0.0	0.0	0.2254376	0.24859838	0.0	0.0	0.0	0.0	0.008226185	0.0	0.43124223	0.0	0.0	0.0	0.21894519	0.044532835	0.0	0.0	0.35334048	0.41542184	0.0	0.44237944	0.0	0.0	0.2030148	0.0	0.25899327	0.0	0.0	0.0	0.0	0.0	0.0	0.0	0.17484899	0.0	0.48796389	0.078209944	0.0	0.16502292	0.0	0.0
0.0	0.3230442	0.0	0.18856822	0.0	0.0	0.28607285	0.0	0.0	0.0	0.0	0.0	0.0	0.0	0.44744512	0.0	0.5694524	0.0	0.0	0.30751333	0.0	0.0	0.0	0.1852327	0.0	0.11441179	0.09885565	0.0	0.0	0.13187683	0.0	0.0	0.0	0.0	0.0	0.15579335	0.0	0.0	0.0	0.0	0.30039138	0.0	0.15502228	0.0	0.19174139	0.0	0.38466847	0.1997305	0.16553234	0.13006842	0.0	0.0	0.0	0.24135691	0.0	0.0	0.20785646	0.0	0.0	0.31933376	0.15132639	0.0	0.0	0.0	0.0	0.0	0.06702601	0.3398912	0.0	0.30069506	0.22238725	0.0	0.16342948	0.0	0.0	0.0	0.0	0.0	0.3497958	0.0	0.0	0.014324061	0.5431738	0.0	0.7679255	0.0	0.0	0.0	0.21584325	0.24047953	0.0	0.0	0.0	0.0	0.018013729	0.0	0.4679912	0.0	0.0	0.0	0.21122704	0.055793826	0.0	0.0	0.3574327	0.44253007	0.0	0.43802476	0.0	0.0	0.20516686	0.0	0.2500329	0.0	0.0	0.0	0.0	0.0	0.0	0.0	0.18562104	0.0	0.49778524	0.077943586	0.0	0.16230239	0.0	0.0
0.0	0.3064809	0.0	0.15826261	0.0	0.0	0.27407452	0.0	0.0	0.0	0.0	0.0	0.0	0.0	0.44261274	0.0	0.5463804	0.0	0.0	0.28471562	0.0	0.0	0.0	0.16958731	0.0	0.10405284	0.099808164	0.0	0.0	0.11588344	0.0	0.0	0.0	0.0	0.0	0.1742093	0.0	0.0	0.0	0.0	0.31429407	0.0	0.13982852	0.0	0.18984838	0.0	0.39317846	0.17359602	0.14932342	0.124614485	0.0	0.0	0.0	0.2583175	0.0	0.0	0.22516239	0.0	0.0	0.32286635	0.1443924	0.0	0.0	0.0	0.0	0.0	0.052267235	0.36039385	0.0	0.30080828	0.24089563	0.0	0.16990954	0.0	0.0	0.0	0.0	0.0	0.3639942	0.0	0.0	0.036964502	0.5426161	0.0	0.7704177	0.00095582753	0.0	0.0	0.23250002	0.25093108	0.0	0.0	0.0	0.0	0.0	0.0	0.44604337	0.0	0.0	0.0	0.20290212	0.036213204	0.0	0.0	0.3634615	0.43737885	0.0	0.44734612	0.0	0.0	0.20902602	0.0	0.26053622	0.0	0.0	0.0	0.0	0.0	0.0	0.0	0.19535668	0.0	0.47113883	0.055495244	0.0	0.16040777	0.0	0.0
0.0	0.32601023	0.0	0.20396899	0.0	0.0	0.29769233	0.0	0.0	0.0	0.0	0.0	0.0	0.0	0.47554353	0.0	0.58286935	0.0	0.0	0.31180653	0.0	0.0	0.0	0.1949805	0.0	0.14348632	0.104495354	0.0	0.0	0.12394652	0.0	0.0	0.0	0.0	0.0	0.15587318	0.0	0.0	0.0	0.0	0.30743235	0.0	0.16489056	0.0	0.18820815	0.0	0.36813533	0.22595382	0.16699553	0.1496388	0.0	0.0	0.0	0.23947592	0.0	0.0	0.19578902	0.0	0.0	0.3222112	0.16897063	0.0	0.0	0.0	0.0	0.0	0.066202044	0.3586782	0.0	0.3064489	0.19264144	0.0	0.17291856	0.0	0.0	0.0	0.0	0.0	0.3339343	0.0	0.0	0.017365081	0.5511549	0.0	0.7601728	0.0030621178	0.0	0.0	0.20154417	0.22609015	0.0	0.0	0.0	0.0	0.024219446	0.0	0.46540967	0.0	0.0	0.0	0.23082244	0.06969491	0.0	0.0	0.34954867	0.4475511	0.0	0.42384255	0.0	0.0	0.19764428	0.0	0.244233	0.0	0.0	0.0	0.0	0.0	0.0	0.0	0.18727767	0.0	0.5028545	0.11250317	0.0	0.16621797	0.0	0.0
0.0	0.31954607	0.0	0.20099139	0.0	0.002802357	0.29920745	0.0	0.0	0.0	0.0	0.0	0.0	0.0	0.43954888	0.0	0.5858867	0.0	0.0	0.3034297	0.0	0.0	0.0	0.17272882	0.0	0.11594524	0.09417222	0.0	0.0	0.14165772	0.0056996285	0.0	0.0	0.0	0.0	0.12925777	0.0	0.0	0.0	0.0	0.2777618	0.0	0.15722607	0.0	0.1792763	0.0	0.35506907	0.20578837	0.1600676	0.15174417	0.0	0.0	0.0	0.20322339	0.0	0.0	0.18250053	0.0	0.0	0.29316834	0.16214126	0.0	0.0	0.0	0.0	0.0	0.06731897	0.33155784	0.0	0.29423323	0.18404244	0.0	0.18205924	0.0	0.0	0.0	0.0	0.0	0.33202133	0.0	0.0	0.015122314	0.51497686	0.0	0.72212404	0.0	0.0	0.0	0.20063083	0.22816803	0.0	0.0	0.0	0.0	0.03146529	0.0	0.44921067	0.0	0.0	0.0	0.22791028	0.06305031	0.0	0.0	0.35995296	0.44184342	0.0	0.4066341	0.0	0.0	0.21076447	0.0022201415	0.22779603	0.0	0.0	0.0	0.0	0.0	0.0	0.0	0.1726826	0.0	0.5032583	0.111192584	0.0	0.16076227	0.0	0.0
0.0	0.2695178	0.0	0.16940819	0.0	0.0	0.34718296	0.0	0.0	0.0	0.0	0.0	0.0	0.0	0.39550734	0.0	0.57824975	0.0	0.0	0.22819853	0.0	0.0	0.0	0.23309219	0.0	0.11037133	0.12587596	0.0	0.0	0.107513346	0.0	0.0	0.0	0.0	0.0	0.11024708	0.0	0.0	0.0	0.0	0.21565968	0.0	0.09198809	0.0	0.22640435	0.0	0.39091027	0.33210889	0.109969825	0.18816298	0.0	0.0	0.0	0.15809913	0.0	0.0	0.2290722	0.0	0.0	0.32215646	0.24454649	0.0	0.0	0.0	0.0	0.0043724724	0.120127164	0.2578102	0.0	0.2724538	0.17977516	0.016331455	0.17843813	0.0	0.0	0.0	0.0	0.0	0.2642598	0.0	0.0	0.0601771	0.45760593	0.0	0.48628715	0.0	0.0	0.0	0.17473032	0.3079475	0.0	0.0	0.0	0.0	0.0	0.0	0.29988867	0.0	0.0	0.0	0.29900807	0.039598763	0.0	0.0	0.32407358	0.29646268	0.0	0.41269183	0.0	0.0	0.19223265	0.0	0.24225084	0.0	0.0	0.0	0.0	0.0	0.0	0.0	0.13487928	0.0	0.5370436	0.06516184	0.0	0.17652726	0.0	0.0
0.0	0.2832534	0.0	0.16862251	0.0	0.0	0.3129783	0.0	0.0	0.0	0.0	0.0	0.0	0.0	0.34442034	0.0	0.54765654	0.0	0.0	0.23768759	0.0	0.0	0.0	0.20423281	0.0	0.08287849	0.09396529	0.0	0.0	0.10829999	0.0	0.0	0.0	0.0	0.0	0.11132046	0.0	0.0	0.0	0.0	0.20228086	0.0	0.090827085	0.0	0.27652827	0.0	0.38889542	0.27563938	0.10783108	0.18497406	0.0	0.0	0.0	0.18528835	0.0	0.0	0.24743491	0.0	0.0	0.29338995	0.22543435	0.0	0.0	0.0	0.0	0.0	0.11076948	0.25422737	0.0	0.25266147	0.20968024	0.0037461158	0.16924997	0.0	0.0	0.0	0.0	0.0	0.26090136	0.0	0.0	0.026799409	0.47549704	0.0	0.48758268	0.0	0.0	0.0	0.19449444	0.27917156	0.0	0.0	0.0	0.0	0.0	0.0	0.30935988	0.0	0.0	0.0	0.26731673	0.017855031	0.0	0.0	0.3344988	0.28438035	0.0	0.40664765	0.0	0.0	0.20499606	0.0	0.24327482	0.0	0.0	0.0	0.0	0.0	0.0	0.0	0.1513189	0.0	0.53005105	0.049944475	0.0	0.18787093	0.0	0.0
0.0	0.23960364	0.0	0.14387468	0.0	0.0	0.31248367	0.0	0.0	0.0	0.0	0.0	0.0	0.0	0.38999543	0.0	0.53451186	0.0	0.0	0.20947754	0.0	0.0	0.0	0.2177664	0.0	0.08839949	0.09937152	0.0	0.0	0.08904729	0.0	0.0	0.0	0.0	0.0	0.1452977	0.0	0.0	0.0	0.0	0.19924228	0.0	0.08046097	0.0	0.25806347	0.0	0.38694882	0.28411448	0.116379894	0.21484672	0.0	0.0	0.0	0.20285307	0.0	0.0	0.26146245	0.0	0.0	0.3208594	0.23497577	0.0	0.0	0.0	0.0	0.0	0.09043854	0.28757307	0.0	0.27222708	0.19681601	0.0	0.19220136	0.0	0.0	0.0	0.0	0.0	0.25643256	0.0	0.0	0.036341414	0.5015206	0.0	0.49516186	0.0	0.0	0.0	0.21271567	0.28737077	0.0	0.0	0.0	0.0	0.0	0.0	0.29324433	0.0	0.0	0.0	0.27744806	0.018332385	0.0	0.0	0.32743812	0.2908009	0.0	0.40847406	0.0	0.0	0.20210075	0.0	0.25663924	0.0	0.0	0.0	0.0	0.0	0.0	0.0	0.1853615	0.0	0.49294794	0.060360473	0.0	0.17421459	0.0	0.0
0.0	0.29175463	0.0	0.16612525	0.0	0.0	0.30619773	0.0	0.0	0.0	0.0	0.0	0.0	0.0	0.33454394	0.0	0.54640955	0.0	0.0	0.238005	0.0	0.0	0.0	0.19753301	0.0	0.07990294	0.0797986	0.0	0.0	0.105562866	0.0	0.0	0.0	0.0	0.0	0.10225791	0.0	0.0	0.0	0.0	0.20079587	0.0	0.09012666	0.0	0.28043985	0.0	0.38029778	0.26220915	0.11448237	0.1856092	0.0	0.0	0.0	0.18661018	0.0	0.0	0.25277138	0.0	0.0	0.28450534	0.23090528	0.0	0.0	0.0	0.0	0.0	0.098876365	0.25363073	0.0	0.24193875	0.21225114	0.0	0.17745401	0.0	0.0	0.0	0.0	0.0	0.25854594	0.0	0.0	0.012774815	0.47998846	0.0	0.48972163	0.0	0.0	0.0	0.19524975	0.26369968	0.0	0.0	0.0	0.0	0.0	0.0	0.31227964	0.0	0.0	0.0	0.25691736	0.016288253	0.0	0.0	0.33820954	0.29048315	0.0	0.39611682	0.0	0.0	0.20695378	0.0	0.23696716	0.0	0.0	0.0	0.0	0.0	0.0	0.0	0.15609522	0.0	0.521992	0.047518585	0.0	0.18597968	0.0	0.0
0.0	0.28694654	0.0	0.15875682	0.0	0.0	0.30545625	0.0	0.0	0.0	0.0	0.0	0.0	0.0	0.32373658	0.0	0.5421745	0.0	0.0	0.23779231	0.0	0.0	0.0	0.18795793	0.0	0.07150323	0.08702239	0.0	0.0	0.10508373	0.0012723034	0.0	0.0	0.0	0.0	0.1018075	0.0	0.0	0.0	0.0	0.20005357	0.0	0.085863866	0.0	0.29284838	0.0	0.3897802	0.27276453	0.09868679	0.2014283	0.0	0.0	0.0	0.18299656	0.0	0.0	0.25988516	0.0	0.0	0.28137544	0.2273546	0.0	0.0	0.0	0.0	0.0	0.10567212	0.25077385	0.0	0.24110873	0.21083164	0.0079016695	0.1725431	0.0	0.0	0.0	0.0	0.0	0.25323108	0.0	0.0	0.008169194	0.47393236	0.0	0.4714004	0.0	0.0	0.0	0.19558828	0.26684496	0.0	0.0	0.0	0.0	0.0	0.0	0.2878162	0.0	0.0	0.0	0.27060592	0.01975572	0.0	0.0	0.34143773	0.27996942	0.0	0.39937198	0.0	0.0	0.2063442	0.0	0.24486639	0.0	0.0	0.0	0.0	0.0	0.0	0.0	0.15017179	0.0	0.52435285	0.044643406	0.0	0.18067329	0.0	0.0
0.0	0.24742846	0.0	0.1464636	0.0	0.0	0.31045696	0.0	0.0	0.0	0.0	0.0	0.0	0.0	0.37463546	0.0	0.5374309	0.0	0.0	0.21223044	0.0	0.0	0.0	0.20234315	0.0	0.08242243	0.091937624	0.0	0.0	0.09608721	0.0	0.0	0.0	0.0	0.0	0.14471267	0.0	0.0	0.0	0.0	0.17845587	0.0	0.074750245	0.0	0.25783047	0.0	0.39023355	0.2877493	0.11511663	0.21241397	0.0	0.0	0.0	0.20611806	0.0	0.0	0.24961561	0.0	0.0	0.30558094	0.23365359	0.0	0.0	0.0	0.0	0.0	0.10696987	0.27846238	0.0	0.2633234	0.19720852	0.0	0.19198371	0.0	0.0	0.0	0.0	0.0	0.24809091	0.0	0.0	0.038829286	0.48956823	0.0	0.48894784	0.0	0.0	0.0	0.23077834	0.2812658	0.0	0.0	0.0	0.0	0.0	0.0	0.29671535	0.0	0.0	0.0	0.26712003	0.008089226	0.0	0.0	0.3167568	0.29049215	0.0	0.40658784	0.0	0.0	0.20590289	0.0	0.25834635	0.0	0.0	0.0	0.0	0.0	0.0	0.0	0.18332155	0.0	0.49368775	0.07128077	0.0	0.1698727	0.0	0.0
0.0	0.2813825	0.0	0.16205335	0.0	0.0	0.2983723	0.0	0.0	0.0	0.0	0.0	0.0	0.0	0.33117923	0.0	0.5360851	0.0	0.0	0.23776956	0.0	0.0	0.0	0.19042103	0.0	0.07867995	0.083334565	0.0	0.0	0.1070069	0.0	0.0	0.0	0.0	0.0	0.11117041	0.0	0.0	0.0	0.0	0.2066089	0.0	0.08925709	0.0	0.2831171	0.0	0.38416457	0.2539797	0.1087203	0.18810837	0.0	0.0	0.0	0.19385332	0.0	0.0	0.26153752	0.0	0.0	0.2905028	0.2199604	0.0	0.0	0.0	0.0	0.0	0.09463439	0.25933984	0.0	0.24971373	0.22429287	0.0003691862	0.177728	0.0	0.0	0.0	0.0	0.0	0.26566046	0.0	0.0	0.013932794	0.4827111	0.0	0.49340203	0.0	0.0	0.0	0.19642563	0.2698144	0.0	0.0	0.0	0.0	0.0	0.0	0.3063688	0.0	0.0	0.0	0.2620707	0.017602103	0.0	0.0	0.3451116	0.29089305	0.0	0.40005648	0.0	0.0	0.20411998	0.0	0.24036491	0.0	0.0	0.0	0.0	0.0	0.0	0.0	0.15864606	0.0	0.51564604	0.043632854	0.0	0.18501377	0.0	0.0
0.0	0.24232896	0.0	0.14307807	0.0	0.0	0.30809566	0.0	0.0	0.0	0.0	0.0	0.0	0.0	0.38050583	0.0	0.5338945	0.0	0.0	0.20988317	0.0	0.0	0.0	0.20920034	0.0	0.091929525	0.101923086	0.0	0.0	0.0863624	0.0	0.0	0.0	0.0	0.0	0.13926812	0.0	0.0	0.0	0.0	0.20077376	0.0	0.078396246	0.0	0.2549534	0.0	0.386398	0.28714195	0.11368977	0.2058043	0.0	0.0	0.0	0.20165187	0.0	0.0	0.25412354	0.0	0.0	0.31554762	0.2339536	0.0	0.0	0.0	0.0	0.0	0.09598661	0.27778497	0.0	0.26849756	0.19317512	0.0	0.18458211	0.0	0.0	0.0	0.0	0.0	0.25036374	0.0	0.0	0.032378275	0.4919633	0.0	0.48901048	0.0	0.0	0.0	0.21034579	0.28632125	0.0	0.0	0.0	0.0	0.0	0.0	0.2911491	0.0	0.0	0.0	0.27714705	0.020353172	0.0	0.0	0.32765755	0.28698322	0.0	0.412259	0.0	0.0	0.19956891	0.0	0.25144187	0.0	0.0	0.0	0.0	0.0	0.0	0.0	0.17383508	0.0	0.49114513	0.057654332	0.0	0.17311873	0.0	0.0
0.0	0.2811943	0.0	0.16852987	0.0	0.0	0.29359293	0.0	0.0	0.0	0.0	0.0	0.0	0.0	0.3490913	0.0	0.5340218	0.0	0.0	0.24535339	0.0	0.0	0.0	0.19490325	0.0	0.07937586	0.09217039	0.0	0.0	0.10548293	0.0	0.0	0.0	0.0	0.0	0.1174914	0.0	0.0	0.0	0.0	0.20024042	0.0	0.100428246	0.0	0.26789132	0.0	0.37925386	0.2500008	0.11483476	0.17675276	0.0	0.0	0.0	0.20527054	0.0	0.0	0.24980347	0.0	0.0	0.29361364	0.209343	0.0	0.0	0.0	0.0	0.0	0.096113086	0.26734242	0.0	0.253228	0.22282755	0.0005976471	0.1719514	0.0	0.0	0.0	0.0	0.0	0.27279648	0.0	0.0	0.017760742	0.48548472	0.0	0.5206099	0.0	0.0	0.0	0.20054846	0.2728493	0.0	0.0	0.0	0.0	0.0	0.0	0.32934263	0.0	0.0	0.0	0.25592086	0.008913255	0.0	0.0	0.34038687	0.3024354	0.0	0.40310547	0.0	0.0	0.20827742	0.0	0.23878491	0.0	0.0	0.0	0.0	0.0	0.0	0.0	0.17158754	0.0	0.51118594	0.049131323	0.0	0.18826121	0.0	0.0
0.0	0.28173825	0.0	0.17086507	0.0	0.0	0.3024038	0.0	0.0	0.0	0.0	0.0	0.0	0.0	0.3427619	0.0	0.5404379	0.0	0.0	0.2388974	0.0	0.0	0.0	0.20095508	0.0	0.084340185	0.08974755	0.0	0.0	0.105365485	0.0	0.0	0.0	0.0	0.0	0.11173165	0.0	0.0	0.0	0.0	0.19636993	0.0	0.09051639	0.0	0.2795517	0.0	0.38250375	0.26659086	0.11491934	0.18689585	0.0	0.0	0.0	0.1955967	0.0	0.0	0.2591717	0.0	0.0	0.2914545	0.23136406	0.0	0.0	0.0	0.0	0.0	0.10669712	0.2532576	0.0	0.25180972	0.21616845	0.0013876719	0.17277499	0.0	0.0	0.0	0.0	0.0	0.2548212	0.0	0.0	0.017246662	0.4787372	0.0	0.48920202	0.0	0.0	0.0	0.19738825	0.2708537	0.0	0.0	0.0	0.0	0.0	0.0	0.31519255	0.0	0.0	0.0	0.26289013	0.018950788	0.0	0.0	0.3328777	0.2889641	0.0	0.39792594	0.0	0.0	0.20709413	0.0	0.24204361	0.0	0.0	0.0	0.0	0.0	0.0	0.0	0.16192928	0.0	0.521101	0.047622535	0.0	0.19012398	0.0	0.0
0.0	0.28267205	0.0	0.16181731	0.0	0.0	0.30025458	0.0	0.0	0.0	0.0	0.0	0.0	0.0	0.33428684	0.0	0.5410805	0.0	0.0	0.23529403	0.0	0.0	0.0	0.19984321	0.0	0.083550274	0.09226203	0.0	0.0	0.108257316	0.0	0.0	0.0	0.0	0.0	0.11097006	0.0	0.0	0.0	0.0	0.20504247	0.0	0.09221459	0.0	0.26528153	0.0	0.38048127	0.2560917	0.11938498	0.1884058	0.0	0.0	0.0	0.19210416	0.0	0.0	0.25333717	0.0	0.0	0.2932907	0.21892877	0.0	0.0	0.0	0.0	0.0	0.0990249	0.2591411	0.0	0.25588068	0.22452171	2.0073106e-05	0.18556137	0.0	0.0	0.0	0.0	0.0	0.27268216	0.0	0.0	0.02250439	0.47773358	0.0	0.49542746	0.0	0.0	0.0	0.19444567	0.27447116	0.0	0.0	0.0	0.0	0.0	0.0	0.31188676	0.0	0.0	0.0	0.2660947	0.017915737	0.0	0.0	0.3448392	0.29642066	0.0	0.3915993	0.0	0.0	0.19539773	0.0	0.23478563	0.0	0.0	0.0	0.0	0.0	0.0	0.0	0.16767995	0.0	0.51400876	0.051871512	0.0	0.18257749	0.0	0.0
0.0	0.2843652	0.0	0.1705603	0.0	0.0	0.32247975	0.0	0.0	0.0	0.0	0.0	0.0	0.0	0.35370168	0.0	0.5561049	0.0	0.0	0.22868133	0.0	0.0	0.0	0.2142309	0.0	0.09842496	0.10919716	0.0	0.0	0.10206855	0.0	0.0	0.0	0.0	0.0	0.10777033	0.0	0.0	0.0	0.0	0.1936671	0.0	0.094574004	0.0	0.24274711	0.0	0.38109645	0.29326382	0.11506104	0.18396033	0.0	0.0	0.0	0.1778465	0.0	0.0	0.23568624	0.0	0.0	0.28564087	0.22644232	0.0	0.0	0.0	0.0	0.0	0.111976184	0.23978937	0.0	0.26023212	0.19769026	0.0077238046	0.18352342	0.0	0.0	0.0	0.0	0.0	0.2616352	0.0	0.0	0.0547172	0.44759527	0.0	0.48496142	0.0	0.0	0.0	0.18990922	0.28753734	0.0	0.0	0.0	0.0	0.0	0.0	0.30128327	0.0	0.0	0.0	0.27617398	0.028598627	0.0	0.0	0.32446495	0.28656018	0.0	0.40431067	0.0	0.0	0.20176913	0.0	0.231395	0.0	0.0	0.0	0.0	0.0	0.0	0.0	0.14758776	0.0	0.52362174	0.061070513	0.0	0.17429395	0.0	0.0
0.0	0.28492242	0.0	0.1649587	0.0	0.0	0.3066446	0.0	0.0	0.0	0.0	0.0	0.0	0.0	0.3340683	0.0	0.54308814	0.0	0.0	0.238959	0.0	0.0	0.0	0.18988687	0.0	0.082910836	0.088751435	0.0	0.0	0.11174265	0.0	0.0	0.0	0.0	0.0	0.10844905	0.0	0.0	0.0	0.0	0.21140599	0.0	0.08854392	0.0	0.2766191	0.0	0.38273585	0.26323006	0.10577645	0.18469584	0.0	0.0	0.0	0.18333872	0.0	0.0	0.25674054	0.0	0.0	0.29136398	0.22219642	0.0	0.0	0.0	0.0	0.0	0.1004306	0.2575837	0.0	0.2490778	0.21637417	0.0012170697	0.17864014	0.0	0.0	0.0	0.0	0.0	0.26638025	0.0	0.0	0.022509016	0.4761984	0.0	0.49192652	0.0	0.0	0.0	0.18904336	0.27068415	0.0	0.0	0.0	0.0	0.0	0.0	0.30131587	0.0	0.0	0.0	0.26830304	0.021691555	0.0	0.0	0.34282652	0.2914233	0.0	0.39496446	0.0	0.0	0.20121652	0.0	0.23869514	0.0	0.0	0.0	0.0	0.0	0.0	0.0	0.1512382	0.0	0.5202578	0.049901128	0.0	0.18218195	0.0	0.0
0.0	0.2590885	0.0	0.17471577	0.0	0.0	0.3579762	0.0	0.0	0.0	0.0	0.0	0.0	0.0	0.43308136	0.0	0.59735006	0.0	0.0	0.23335285	0.0	0.0	0.0	0.25292352	0.0	0.117104195	0.14347321	0.0	0.0	0.11226708	0.0	0.0	0.0	0.0	0.0	0.12030822	0.0	0.0	0.0	0.0	0.21713473	0.0	0.105014205	0.0	0.20130537	0.0	0.3904097	0.32789516	0.12265279	0.17348838	0.0	0.0	0.0	0.16594698	0.0	0.0	0.21556343	0.0	0.0	0.33326933	0.23877482	0.0	0.0	0.0	0.0	0.0010148498	0.11316744	0.27668145	0.0	0.28754038	0.17930233	0.017449329	0.17982478	0.0	0.0	0.0	0.0	0.0	0.27495393	0.0	0.0	0.06616312	0.464094	0.0	0.5194713	0.0	0.0	0.0	0.17626123	0.32790354	0.0	0.0	0.0	0.0	0.0	0.0	0.3288707	0.0	0.0	0.0	0.29871187	0.0381346	0.0	0.0	0.32526574	0.3132131	0.0	0.41979894	0.0	0.0	0.19610702	0.0	0.24286501	0.0	0.0	0.0	0.0	0.0	0.0	0.0	0.15223701	0.0	0.5431404	0.07375126	0.0	0.1866507	0.0	0.0
0.0	0.27749518	0.0	0.17195149	0.0	0.0	0.33244523	0.0	0.0	0.0	0.0	0.0	0.0	0.0	0.38642502	0.0	0.5687017	0.0	0.0	0.23296137	0.0	0.0	0.0	0.23181514	0.0	0.11107809	0.121713646	0.0	0.0	0.107119	0.0	0.0	0.0	0.0	0.0	0.116708316	0.0	0.0	0.0	0.0	0.21403491	0.0	0.09094303	0.0	0.23288254	0.0	0.38317645	0.30290243	0.118541144	0.17797345	0.0	0.0	0.0	0.17880647	0.0	0.0	0.23546465	0.0	0.0	0.31385157	0.23210688	0.0	0.0	0.0	0.0	0.0	0.11232004	0.26041663	0.0	0.26937485	0.19930746	0.011199684	0.17768995	0.0	0.0	0.0	0.0	0.0	0.27384156	0.0	0.0	0.05648421	0.4642311	0.0	0.50032777	0.0	0.0	0.0	0.18796802	0.30460536	0.0	0.0	0.0	0.0	0.0	0.0	0.31078056	0.0	0.0	0.0	0.29114124	0.031416055	0.0	0.0	0.32460257	0.30032897	0.0	0.40113607	0.0	0.0	0.19612634	0.0	0.23841016	0.0	0.0	0.0	0.0	0.0	0.0	0.0	0.15520842	0.0	0.53376716	0.06114565	0.0	0.17664929	0.0	0.0
0.0	0.2813947	0.0	0.16225801	0.0	0.0	0.30639884	0.0	0.0	0.0	0.0	0.0	0.0	0.0	0.33080685	0.0	0.5392743	0.0	0.0	0.23403256	0.0	0.0	0.0	0.19166736	0.0	0.08028889	0.0877339	0.0	0.0	0.10992465	0.0	0.0	0.0	0.0	0.0	0.10956192	0.0	0.0	0.0	0.0	0.20018397	0.0	0.08196048	0.0	0.2855803	0.0	0.38393283	0.2638395	0.10751242	0.18949527	0.0	0.0	0.0	0.18523838	0.0	0.0	0.25989863	0.0	0.0	0.28532296	0.21944058	0.0	0.0	0.0	0.0	0.0	0.10750368	0.249718	0.0	0.24434717	0.22128059	0.0009627764	0.17853732	0.0	0.0	0.0	0.0	0.0	0.2570147	0.0	0.0	0.022329127	0.47337723	0.0	0.47649208	0.0	0.0	0.0	0.19887829	0.274699	0.0	0.0	0.0	0.0	0.0	0.0	0.2928728	0.0	0.0	0.0	0.2669368	0.019181708	0.0	0.0	0.3385638	0.27973008	0.0	0.3961563	0.0	0.0	0.20508677	0.0	0.242034	0.0	0.0	0.0	0.0	0.0	0.0	0.0	0.15770672	0.0	0.52025694	0.04439498	0.0	0.18300642	0.0	0.0
0.0	0.271962	0.0	0.1738981	0.0	0.0	0.34058872	0.0	0.0	0.0	0.0	0.0	0.0	0.0	0.3888544	0.0	0.5739115	0.0	0.0	0.23389184	0.0	0.0	0.0	0.22843699	0.0	0.10390252	0.12658317	0.0	0.0	0.11089174	0.0	0.0	0.0	0.0	0.0	0.11040807	0.0	0.0	0.0	0.0	0.20246567	0.0	0.101453274	0.0	0.22937147	0.0	0.38648686	0.3145369	0.10740843	0.1821044	0.0	0.0	0.0	0.16414882	0.0	0.0	0.21878259	0.0	0.0	0.30857477	0.2353117	0.0	0.0	0.0	0.0	0.0	0.122354604	0.25817052	0.0	0.26820445	0.183535	0.016652469	0.17261994	0.0	0.0	0.0	0.0	0.0	0.26076686	0.0	0.0	0.054512504	0.45619628	0.0	0.48401734	0.0	0.0	0.0	0.179956	0.3048521	0.0	0.0	0.0	0.0	0.0	0.0	0.31113383	0.0	0.0	0.0	0.28720322	0.033172783	0.0	0.0	0.3205233	0.28968504	0.0	0.4093286	0.0	0.0	0.20477574	0.0	0.23946512	0.0	0.0	0.0	0.0	0.0	0.0	0.0	0.14159216	0.0	0.5398806	0.06359531	0.0	0.18270819	0.0	0.0
0.0	0.23235856	0.0	0.16035484	0.0	0.0	0.3489494	0.0	0.0	0.0	0.0	0.0	0.0	0.0	0.43395457	0.0	0.5879167	0.0	0.0	0.20572968	0.0	0.0	0.0	0.24816136	0.0	0.11176801	0.14547344	0.0	0.0	0.10058219	0.0	0.0	0.0	0.0	0.0	0.1323513	0.0	0.0	0.0	0.0	0.20216744	0.0	0.09635625	0.0	0.19696277	0.0	0.3923366	0.33315507	0.12089014	0.20525634	0.0	0.0	0.0	0.17654403	0.0	0.0	0.21111894	0.0	0.0	0.32687935	0.24618065	0.0	0.0	0.0	0.0	0.0	0.12306694	0.28021863	0.0	0.29170272	0.1762834	0.013206836	0.19442879	0.0	0.0	0.0	0.0	0.0	0.25975156	0.0	0.0	0.065702945	0.47006753	0.0	0.48828986	0.0	0.0	0.0	0.19460976	0.32274067	0.0	0.0	0.0	0.0	0.0	0.0	0.30375257	0.0	0.0	0.0	0.3055626	0.03597919	0.0	0.0	0.32158288	0.30551434	0.0	0.42831895	0.0	0.0	0.19208328	0.0	0.2514548	0.0	0.0	0.0	0.0	0.0	0.0	0.0	0.1582091	0.0	0.5227905	0.072905906	0.0	0.17350541	0.0	0.0
0.0	0.2857727	0.0	0.16533743	0.0	0.0	0.30376175	0.0	0.0	0.0	0.0	0.0	0.0	0.0	0.3252938	0.0	0.5410207	0.0	0.0	0.23490834	0.0	0.0	0.0	0.18788521	0.0	0.07944084	0.084446155	0.0	0.0	0.110252924	0.0	0.0	0.0	0.0	0.0	0.10123103	0.0	0.0	0.0	0.0	0.20260663	0.0	0.08458525	0.0	0.28540394	0.0	0.38389325	0.26133144	0.10936225	0.192255	0.0	0.0	0.0	0.18419166	0.0	0.0	0.26306456	0.0	0.0	0.28435454	0.22893406	0.0	0.0	0.0	0.0	0.0	0.1068151	0.24902213	0.0	0.24552095	0.21746157	0.0	0.18403806	0.0	0.0	0.0	0.0	0.0	0.25868776	0.0	0.0	0.019684173	0.47547624	0.0	0.4736786	0.0	0.0	0.0	0.19426902	0.26620525	0.0	0.0	0.0	0.0	0.0	0.0	0.29819345	0.0	0.0	0.0	0.26298264	0.021765858	0.0	0.0	0.34487486	0.28321806	0.0	0.39286414	0.0	0.0	0.20311843	0.0	0.23789012	0.0	0.0	0.0	0.0	0.0	0.0	0.0	0.15112863	0.0	0.5229868	0.045101125	0.0	0.18200748	0.0	0.0
0.0	0.2860159	0.0	0.17557836	0.0	0.0	0.31123033	0.0	0.0	0.0	0.0	0.0	0.0	0.0	0.33146906	0.0	0.55848587	0.0	0.0	0.2393442	0.0	0.0	0.0	0.196496	0.0	0.088943355	0.09570551	0.0	0.0	0.11433849	0.0	0.0	0.0	0.0	0.0	0.105994724	0.0	0.0	0.0	0.0	0.1944471	0.0	0.09143716	0.0	0.2716553	0.0	0.37855312	0.26935235	0.12104589	0.19353996	0.0	0.0	0.0	0.19245875	0.0	0.0	0.25468555	0.0	0.0	0.2897772	0.22837476	0.0	0.0	0.0	0.0	0.0	0.11979107	0.24920829	0.0	0.25086096	0.22020555	0.002228789	0.18871714	0.0018909741	0.0	0.0	0.0	0.0	0.25517192	0.0	0.0	0.02319332	0.46590114	0.0	0.47978592	0.0	0.0	0.0	0.1873946	0.2669563	0.0	0.0	0.0	0.0	0.0	0.0	0.31788546	0.0	0.0	0.0	0.268587	0.02595059	0.0	0.0	0.33387494	0.2912567	0.0	0.37517452	0.0	0.0	0.20839892	0.0	0.23282592	0.0	0.0	0.0	0.0	0.0	0.0	0.0	0.170651	0.0	0.52755785	0.058473866	0.0	0.18497479	0.0	0.0
0.0	0.2563569	0.0	0.17451853	0.0	0.0	0.35291553	0.0	0.0	0.0	0.0	0.0	0.0	0.0	0.4266248	0.0	0.5882829	0.0	0.0	0.22283895	0.0	0.0	0.0	0.24786322	0.0	0.11272747	0.14913845	0.0	0.0	0.10592347	0.0	0.0	0.0	0.0	0.0	0.12401695	0.0	0.0	0.0	0.0	0.2103904	0.0	0.10642139	0.0	0.19464575	0.0	0.3929708	0.33017248	0.12040803	0.1753575	0.0	0.0	0.0	0.1687463	0.0	0.0	0.21645494	0.0	0.0	0.33189276	0.2362067	0.0	0.0	0.0	0.0	0.0	0.1140689	0.2708104	0.0	0.28728226	0.1782399	0.016864758	0.17945625	0.0	0.0	0.0	0.0	0.0	0.2786566	0.0	0.0	0.07054528	0.4584035	0.0	0.51789826	0.0	0.0	0.0	0.18137856	0.327423	0.0	0.0	0.0	0.0	0.0	0.0	0.32113707	0.0	0.0	0.0	0.2954739	0.035127316	0.0	0.0	0.3217226	0.3144815	0.0	0.42445794	0.0	0.0	0.19481318	0.0	0.24917173	0.0	0.0	0.0	0.0	0.0	0.0	0.0	0.15085106	0.0	0.53438085	0.071279906	0.0	0.17972212	0.0	0.0
0.0	0.2773161	0.0	0.16467495	0.0	0.0	0.30139592	0.0	0.0	0.0	0.0	0.0	0.0	0.0	0.33196676	0.0	0.53377026	0.0	0.0	0.2271235	0.0	0.0	0.0	0.19466746	0.0	0.080352165	0.098692454	0.0	0.0	0.10520521	0.0	0.0	0.0	0.0	0.0	0.111841805	0.0	0.0	0.0	0.0	0.19194025	0.0	0.08978456	0.0	0.26089588	0.0	0.38134804	0.27169076	0.10473153	0.18718527	0.0	0.0	0.0	0.18691264	0.0	0.0	0.2474068	0.0	0.0	0.28926763	0.22582738	0.0	0.0	0.0	0.0	0.0	0.115374066	0.24929571	0.0	0.24509276	0.20879708	0.0028157693	0.17956531	0.0	0.0	0.0	0.0	0.0	0.25917497	0.0	0.0	0.02627778	0.4636819	0.0	0.47653916	0.0	0.0	0.0	0.19620593	0.27565503	0.0	0.0	0.0	0.0	0.0	0.0	0.2993268	0.0	0.0	0.0	0.26795053	0.017778315	0.0	0.0	0.330921	0.28692532	0.0	0.3979219	0.0	0.0	0.20208049	0.0	0.23776394	0.0	0.0	0.0	0.0	0.0	0.0	0.0	0.15118326	0.0	0.5115381	0.050349686	0.0	0.18023776	0.0	0.0
0.0	0.28833666	0.0	0.17417514	0.0	0.0	0.30527505	0.0	0.0	0.0	0.0	0.0	0.0	0.0	0.33693972	0.0	0.5456051	0.0	0.0	0.24094422	0.0	0.0	0.0	0.20214207	0.0	0.08554426	0.09066988	0.0	0.0	0.10795629	0.0	0.0	0.0	0.0	0.0	0.10911552	0.0	0.0	0.0	0.0	0.20139371	0.0	0.09113527	0.0	0.27921018	0.0	0.37961826	0.2620802	0.11716938	0.1869907	0.0	0.0	0.0	0.1950119	0.0	0.0	0.25539765	0.0	0.0	0.29020008	0.23068452	0.0	0.0	0.0	0.0	0.0	0.10421455	0.25146675	0.0	0.25198057	0.21808313	0.00075707334	0.17394924	0.0	0.0	0.0	0.0	0.0	0.25846744	0.0	0.0	0.017471703	0.4801097	0.0	0.49030235	0.0	0.0	0.0	0.1976964	0.26812938	0.0	0.0	0.0	0.0	0.0	0.0	0.31505212	0.0	0.0	0.0	0.25940382	0.019856263	0.0	0.0	0.3350635	0.292016	0.0	0.39372325	0.0	0.0	0.20673649	0.0	0.24058002	0.0	0.0	0.0	0.0	0.0	0.0	0.0	0.16267534	0.0	0.52590954	0.048640165	0.0	0.18786633	0.0	0.0
0.0	0.28680983	0.0	0.1635557	0.0	0.0	0.2960621	0.0	0.0	0.0	0.0	0.0	0.0	0.0	0.32826492	0.0	0.53556365	0.0	0.0	0.24127793	0.0	0.0	0.0	0.18548866	0.0	0.0743658	0.079987675	0.0	0.0	0.108471446	0.0	0.0	0.0	0.0	0.0	0.10538378	0.0	0.0	0.0	0.0	0.20486645	0.0	0.08904251	0.0	0.2861404	0.0	0.37988922	0.24903412	0.109217435	0.19050081	0.0	0.0	0.0	0.18869798	0.0	0.0	0.26381925	0.0	0.0	0.28432068	0.22065818	0.0	0.0	0.0	0.0	0.0	0.095733345	0.25745466	0.0	0.2443356	0.2204752	0.0	0.18091898	0.0	0.0	0.0	0.0	0.0	0.26498345	0.0	0.0	0.010372236	0.4825871	0.0	0.49539077	0.0	0.0	0.0	0.19274001	0.26229724	0.0	0.0	0.0	0.0	0.0	0.0	0.30810347	0.0	0.0	0.0	0.26108053	0.0174172	0.0	0.0	0.34646538	0.29326305	0.0	0.39376354	0.0	0.0	0.20237024	0.0	0.23870146	0.0	0.0	0.0	0.0	0.0	0.0	0.0	0.157563	0.0	0.51387185	0.046373725	0.0	0.18344015	0.0	0.0
0.0	0.28302348	0.0	0.1570906	0.0	0.0	0.30012512	0.0	0.0	0.0	0.0	0.0	0.0	0.0	0.31657246	0.0	0.5343041	0.0	0.0	0.23361917	0.0	0.0	0.0	0.17810623	0.0	0.062707044	0.07257306	0.0	0.0	0.1054908	0.001670347	0.0	0.0	0.0	0.0	0.10280806	0.0	0.0	0.0	0.0	0.19121294	0.0	0.079538174	0.0	0.29218408	0.0	0.38544297	0.25677016	0.10251609	0.19931583	0.0	0.0	0.0	0.18007237	0.0	0.0	0.26434183	0.0	0.0	0.27963105	0.22571854	0.0	0.0	0.0	0.0	0.0	0.10548151	0.24857478	0.0	0.23546575	0.21359396	0.0	0.18070443	0.0	0.0	0.0	0.0	0.0	0.2527746	0.0	0.0	0.0031051573	0.47396722	0.0	0.47523555	0.0	0.0	0.0	0.19815673	0.25807115	0.0	0.0	0.0	0.0	0.0	0.0	0.2952136	0.0	0.0	0.0	0.2635002	0.012337729	0.0	0.0	0.3413221	0.2886844	0.0	0.3974491	0.0	0.0	0.20083125	0.0	0.2448902	0.0	0.0	0.0	0.0	0.0	0.0	0.0	0.1487007	0.0	0.5101537	0.045683164	0.0	0.18311685	0.0	0.0
0.0	0.27463698	0.0	0.15332586	0.0	0.0	0.2914768	0.0	0.0	0.0	0.0	0.0	0.0	0.0	0.38121605	0.0	0.5496889	0.0	0.0	0.25662246	0.0	0.0	0.0	0.20550704	0.0	0.08051683	0.11563238	0.0	0.0	0.12659474	0.0	0.0	0.0	0.0	0.0	0.15920907	0.0	0.0	0.0	0.0	0.21732049	0.0	0.12051287	0.0	0.20306139	0.0	0.38805008	0.22050174	0.12799521	0.14637472	0.0	0.0	0.0	0.23008841	0.0	0.0	0.18061869	0.0	0.0	0.30771697	0.1782872	0.0	0.0	0.0	0.0	0.0	0.0720085	0.2976918	0.0	0.26872393	0.22616775	0.0	0.15957369	0.0	0.0	0.0	0.0	0.0	0.32930627	0.0	0.0	0.019796269	0.50716084	0.0	0.6367998	0.0	0.0	0.0	0.25820625	0.27993724	0.0	0.0	0.0	0.0	0.0	0.0	0.40791884	0.0	0.0	0.0	0.21468186	0.018330282	0.0	0.0	0.34739527	0.36871108	0.0	0.45512176	0.0	0.0	0.21084285	0.0	0.26384506	0.0	0.0	0.0	0.0	0.0	0.0	0.0	0.18052846	0.0	0.5132556	0.036443423	0.0	0.16838801	0.0	0.0
0.0	0.27742982	0.0	0.14560764	0.0	0.0	0.26386774	0.0	0.0	0.0	0.0	0.0	0.0	0.0	0.36087132	0.0	0.5245314	0.0	0.0	0.25144315	0.0	0.0	0.0	0.1857983	0.0	0.09257704	0.10100553	0.0	0.0	0.10947219	0.0	0.0	0.0	0.0	0.0	0.17905267	0.0	0.0	0.0	0.0	0.25835726	0.0	0.11382326	0.0	0.22868045	0.0	0.3854032	0.18247505	0.12740652	0.15443867	0.0	0.0	0.0	0.2512844	0.0	0.0	0.22513111	0.0	0.0	0.30287084	0.16344671	0.0	0.0	0.0	0.0	0.0	0.044841934	0.30675414	0.0	0.2794826	0.25532773	0.0	0.16334035	0.0	0.0	0.0	0.0	0.0	0.3357688	0.0	0.0	0.013604082	0.5332513	0.0	0.65432245	0.0	0.0	0.0	0.2515904	0.26548225	0.0	0.0	0.0	0.0	0.0	0.0	0.39017844	0.0	0.0	0.0	0.20883135	0.012481909	0.0	0.0	0.3563777	0.36352086	0.0	0.44482347	0.0	0.0	0.21512371	0.0	0.26788393	0.0	0.0	0.0	0.0	0.0	0.0	0.0	0.19873983	0.0	0.4867545	0.020434236	0.0	0.16969036	0.0	0.0
0.0	0.27344948	0.0	0.1651818	0.0	0.0	0.3287688	0.0	0.0	0.0	0.0	0.0	0.024624312	0.0	0.407859	0.0	0.5891106	0.0	0.0	0.2596669	0.0	0.0	0.0	0.253788	0.0	0.10437727	0.156475	0.0	0.0	0.1364069	0.0	0.0	0.0	0.0	0.0	0.15245123	0.0	0.0	0.0	0.0	0.18778759	0.0	0.114760496	0.0	0.16031699	0.0	0.39433315	0.26553527	0.14917737	0.13471918	0.0	0.0	0.0	0.21636932	0.0	0.0	0.16502906	0.0	0.0	0.34030327	0.21243171	0.0	0.0	0.0	0.0	0.0	0.09031957	0.30402598	0.0	0.29232123	0.22167963	0.0060719005	0.18577035	0.0	0.0	0.0	0.0	0.0	0.34249437	0.0	0.0	0.06025256	0.48532093	0.0	0.61789197	0.0	0.0	0.0	0.24298258	0.31333134	0.0	0.0	0.0	0.0	0.0	0.0	0.41979638	0.0	0.0	0.0	0.2223953	0.020962408	0.012786671	0.0	0.33729848	0.3817699	0.0	0.44407788	0.0	0.0	0.20071137	0.0	0.25034112	0.0	0.0	0.0	0.0	0.0	0.0	0.0	0.18606924	0.0	0.5382287	0.041688632	0.0	0.17095113	0.0	0.0
0.0	0.25972787	0.0	0.15159781	0.0	0.0	0.27378833	0.0	0.0	0.0	0.0	0.0	0.0	0.0	0.38985434	0.0	0.53008646	0.0	0.0	0.25921997	0.0	0.0	0.0	0.18936841	0.0	0.08515129	0.11286355	0.0	0.0	0.11901153	0.0	0.0	0.0	0.0	0.0	0.18228227	0.0	0.0	0.0	0.0	0.2395271	0.0	0.1175419	0.0	0.19990496	0.0	0.39616165	0.19142097	0.13755739	0.13502045	0.0	0.0	0.0	0.2624382	0.0	0.0	0.2180583	0.0	0.0	0.32542872	0.16614108	0.0	0.0	0.0	0.0	0.0	0.048483353	0.3173417	0.0	0.28467676	0.25839898	0.0	0.19355051	0.0	0.0	0.0	0.0	0.0	0.35393885	0.0	0.0	0.029079007	0.51806855	0.0	0.66185504	0.0	0.0	0.0	0.2549353	0.27925175	0.0	0.0	0.0	0.0	0.0	0.0	0.40427652	0.0	0.0	0.0	0.20652574	0.007854811	0.0	0.0	0.34417143	0.37224686	0.0	0.42178273	0.0	0.0	0.20631446	0.0	0.26896405	0.0	0.0	0.0	0.0	0.0	0.0	0.0	0.22305167	0.0	0.48252866	0.038904525	0.0	0.1730174	0.0	0.0
0.0	0.264148	0.0	0.13921486	0.0	0.0	0.28442076	0.0	0.0	0.0	0.0	0.0	0.0	0.0	0.3831431	0.0	0.5159584	0.0	0.0	0.2605916	0.0	0.0	0.0	0.18881287	0.0	0.09600612	0.10479925	0.0	0.0	0.11229517	0.0	0.0	0.0	0.0	0.0	0.16596074	0.0	0.0	0.0	0.0	0.22893363	0.0	0.10245678	0.0	0.2362837	0.0	0.38545147	0.22636707	0.13607895	0.17953467	0.0	0.0	0.0	0.25290403	0.0	0.0	0.23880006	0.0	0.0	0.33693862	0.18633388	0.0	0.0	0.0	0.0	0.0	0.057878822	0.32644373	0.0	0.2836248	0.24398476	0.0	0.18314998	0.0	0.0	0.0	0.0	0.0	0.3271072	0.0	0.0	0.02519436	0.538354	0.0	0.5971229	0.0	0.0	0.0	0.23648064	0.26333323	0.0	0.0	0.0	0.0	0.0	0.0	0.35047135	0.0	0.0	0.0	0.22467966	0.003295028	0.0	0.0	0.3488574	0.32806358	0.0	0.40421143	0.0	0.0	0.2097891	0.0	0.2601286	0.0	0.0	0.0	0.0	0.0	0.0	0.0	0.22384699	0.0	0.49178386	0.04307266	0.0	0.17150593	0.0	0.0
0.0	0.2674291	0.0	0.1635211	0.0	0.0	0.32255992	0.0	0.0	0.0	0.0	0.0	0.0015259708	0.0	0.41673467	0.0	0.5702932	0.0	0.0	0.25467327	0.0	0.0	0.0	0.23491852	0.0	0.10372955	0.14781426	0.0	0.0	0.12344951	0.0	0.0	0.0	0.0	0.0	0.14087097	0.0	0.0	0.0	0.0	0.21590096	0.0	0.12086151	0.0	0.17866008	0.0	0.39479485	0.2724261	0.14354338	0.14177184	0.0	0.0	0.0	0.21540566	0.0	0.0	0.1784453	0.0	0.0	0.33190706	0.20354736	0.0	0.0	0.0	0.0	0.0	0.08642534	0.3058802	0.0	0.28743073	0.216031	0.0046717324	0.18007898	0.0	0.0	0.0	0.0	0.0	0.32799146	0.0	0.0	0.057464346	0.49125525	0.0	0.60517067	0.0	0.0	0.0	0.21466458	0.30929962	0.0	0.0	0.0	0.0	0.0	0.0	0.38442674	0.0	0.0	0.0	0.2477383	0.009809748	0.0023432758	0.0	0.34758493	0.3548609	0.0	0.43393293	0.0	0.0	0.19521572	0.0	0.24529362	0.0	0.0	0.0	0.0	0.0	0.0	0.0	0.1862473	0.0	0.5263309	0.046444405	0.0	0.18383217	0.0	0.0
0.0	0.26929983	0.0	0.17468399	0.0	0.0	0.34798697	0.0	0.0	0.0	0.0	0.0	0.0	0.0	0.44447136	0.0	0.5892426	0.0	0.0	0.24606435	0.0	0.0	0.0	0.25801122	0.0	0.11451643	0.16225411	0.0	0.0	0.1215969	0.0	0.0	0.0	0.0	0.0	0.14060514	0.0	0.0	0.0	0.0	0.2268308	0.0	0.13206573	0.0	0.14764255	0.0	0.396197	0.28386712	0.14214806	0.14395271	0.0	0.0	0.0	0.20079915	0.0	0.0	0.16382997	0.0	0.0	0.34989345	0.21583724	0.0	0.0	0.0	0.0	0.0	0.08966168	0.31275523	0.0	0.309684	0.19010527	0.011556714	0.1868632	0.0	0.0	0.0	0.0	0.0	0.3395362	0.0	0.0	0.08237036	0.48913726	0.0	0.6121885	0.0	0.0	0.0	0.21796243	0.33559358	0.0	0.0	0.0	0.0	0.0	0.0	0.39104477	0.0	0.0	0.0	0.25290802	0.012058676	0.0	0.0	0.3540995	0.38186172	0.0	0.4551729	0.0	0.0	0.19796157	0.0	0.25717247	0.0	0.0	0.0	0.0	0.0	0.0	0.0	0.16842572	0.0	0.5332206	0.05108577	0.0	0.1798925	0.0	0.0
0.0	0.26866898	0.0	0.14248367	0.0	0.0	0.27150872	0.0	0.0	0.0	0.0	0.0	0.0	0.0	0.35203624	0.0	0.52548563	0.0	0.0	0.24784434	0.0	0.0	0.0	0.17994578	0.0	0.0862147	0.09883692	0.0	0.0	0.11900437	0.0	0.0	0.0	0.0	0.0	0.16020383	0.0	0.0	0.0	0.0	0.23968862	0.0	0.09579253	0.0	0.24255712	0.0	0.38163486	0.18256174	0.12461561	0.15686835	0.0	0.0	0.0	0.24556667	0.0	0.0	0.23459451	0.0	0.0	0.30331352	0.17023994	0.0	0.0	0.0	0.0	0.0	0.055054594	0.29596594	0.0	0.26837993	0.26311436	0.0	0.1664139	0.0	0.0	0.0	0.0	0.0	0.32530037	0.0	0.0	0.006407775	0.522503	0.0	0.62540776	0.0	0.0	0.0	0.26058385	0.27086318	0.0	0.0	0.0	0.0	0.0	0.0	0.3713219	0.0	0.0	0.0	0.21199417	0.0069729774	0.0	0.0	0.34995687	0.3468243	0.0	0.4331739	0.0	0.0	0.22228579	0.0	0.2596995	0.0	0.0	0.0	0.0	0.0	0.0	0.0	0.20076519	0.0	0.4870932	0.021602543	0.0	0.15684234	0.0	0.0
0.0	0.274093	0.0	0.1576005	0.0	0.0	0.3026385	0.0	0.0	0.0	0.0	0.0	0.017480927	0.0	0.3955842	0.0	0.5648348	0.0	0.0	0.26684573	0.0	0.0	0.0	0.23418628	0.0	0.11971539	0.14674425	0.0	0.0	0.12660599	0.0	0.0	0.0	0.0	0.0	0.15815754	0.0	0.0	0.0	0.0	0.22340171	0.0	0.12306479	0.0	0.1811931	0.0	0.38630834	0.24370062	0.15539396	0.13811699	0.0	0.0	0.0	0.22747493	0.0	0.0	0.18523799	0.0	0.0	0.33386472	0.19702774	0.0	0.0	0.0	0.0	0.0	0.06839026	0.3061972	0.0	0.28884733	0.23897296	0.0020705026	0.18827224	0.0	0.0	0.0	0.0	0.0	0.34534395	0.0	0.0	0.04814565	0.50057936	0.0	0.63727456	0.0	0.0	0.0	0.22972023	0.29544592	0.0	0.0	0.0	0.0	0.0	0.0	0.41017637	0.0	0.0	0.0	0.22511744	0.017118359	0.00819753	0.0	0.35070243	0.37112498	0.0	0.42692685	0.0	0.0	0.1943932	0.0	0.24364133	0.0	0.0	0.0	0.0	0.0	0.0	0.0	0.20387189	0.0	0.5274896	0.04542105	0.0	0.17604662	0.0	0.0
0.0	0.28562707	0.0	0.15065664	0.0	0.0	0.29119042	0.0	0.0	0.0	0.0	0.0	0.007914924	0.0	0.37009284	0.0	0.5556724	0.0	0.0	0.2649481	0.0	0.0	0.0	0.20734257	0.0	0.10249728	0.116469376	0.0	0.0	0.11104109	0.0	0.0	0.0	0.0	0.0	0.15239863	0.0	0.0	0.0	0.0	0.21611981	0.0	0.101098396	0.0	0.22924368	0.0	0.38851961	0.24188323	0.15228856	0.15308951	0.0	0.0	0.0	0.24246411	0.0	0.0	0.21904685	0.0	0.0	0.3185601	0.1993655	0.0	0.0	0.0	0.0	0.0	0.07650962	0.28806964	0.0	0.26116148	0.24312396	0.0	0.17066316	0.0	0.0	0.0	0.0	0.0	0.31854978	0.0	0.0	0.018065557	0.5075851	0.0	0.62675667	0.007370448	0.0	0.0	0.24904573	0.26296756	0.0	0.0	0.0	0.0	0.0	0.0	0.39215568	0.0	0.0	0.0	0.22386025	0.024249882	3.376479e-05	0.0	0.33878025	0.3653454	0.0	0.41943392	0.0	0.0	0.20091707	0.0	0.25423652	0.0	0.0	0.0	0.0	0.0	0.0	0.0	0.20501725	0.0	0.5225217	0.042415723	0.0	0.16711943	0.0	0.0
0.0	0.26627982	0.0	0.15542805	0.0	0.0	0.27733445	0.0	0.0	0.0	0.0	0.0	0.0010238681	0.0	0.36102906	0.0	0.53520226	0.0	0.0	0.25161016	0.0	0.0	0.0	0.20902495	0.0	0.08814781	0.12168554	0.0	0.0	0.12653838	0.0	0.0	0.0	0.0	0.0	0.17025076	0.0	0.0	0.0	0.0	0.22246164	0.0	0.10844225	0.0	0.21460505	0.0	0.38820863	0.2080756	0.13718124	0.1426603	0.0	0.0	0.0	0.23942845	0.0	0.0	0.20577095	0.0	0.0	0.3189668	0.18569447	0.0	0.0	0.0	0.0	0.0	0.06505398	0.29603025	0.0	0.2796944	0.2606813	0.0	0.16643487	0.0	0.0	0.0	0.0	0.0	0.3266463	0.0	0.0	0.024830667	0.51636577	0.0	0.6225371	0.0	0.0	0.0	0.25272888	0.28692082	0.0	0.0	0.0	0.0	0.0	0.0	0.39170742	0.0	0.0	0.0	0.21219735	0.0010631643	1.8775463e-05	0.0	0.3458816	0.35454145	0.0	0.43595803	0.0	0.0	0.20462553	0.0	0.27159056	0.0	0.0	0.0	0.0	0.0	0.0	0.0	0.20634489	0.0	0.5057086	0.023201436	0.0	0.18170051	0.0	0.0
0.0	0.28710788	0.0	0.16335112	0.0	0.0	0.26012236	0.0	0.0	0.0	0.0	0.0	0.0	0.0	0.33202037	0.0	0.5222282	0.0	0.0	0.27232212	0.0	0.0	0.0	0.18753819	0.0	0.076988764	0.1080567	0.0	0.0	0.14725564	0.0	0.0	0.0	0.0	0.0	0.1825487	0.0	0.0	0.0	0.0	0.24329497	0.0	0.107679844	0.0	0.2507627	0.0	0.3796358	0.15945458	0.13763073	0.1410594	0.0	0.0	0.0	0.25666294	0.0	0.0	0.22744898	0.0	0.0	0.30593798	0.17571862	0.0	0.0	0.0	0.0	0.0	0.04511703	0.30146822	0.0	0.28097823	0.29267803	0.0	0.1493708	0.0	0.0	0.0	0.0	0.0	0.34347224	0.0	0.0	3.658111e-05	0.5336161	0.0	0.65325934	0.0	0.0	0.0	0.2723396	0.26363435	0.0	0.0	0.0	0.0	0.0	0.0	0.40868852	0.0	0.0	0.0	0.18958504	0.0041936473	4.18971e-05	0.0	0.34958902	0.36355424	0.0	0.44267175	0.0	0.0	0.22074783	0.0	0.2775062	0.0	0.0	0.0	0.0	0.0	0.0	0.0	0.20705354	0.0	0.5084402	0.011909808	0.0	0.17145646	0.0	0.0
0.0	0.28186652	0.0	0.1676373	0.0	0.0	0.30721602	0.0	0.0	0.0	0.0	0.0	0.010909244	0.0	0.38464776	0.0	0.56777674	0.0	0.0	0.24817926	0.0	0.0	0.0	0.22286741	0.0	0.082076095	0.13702483	0.0	0.0	0.13317457	0.0	0.0	0.0	0.0	0.0	0.1707864	0.0	0.0	0.0	0.0	0.1939193	0.0	0.118757285	0.0	0.20196211	0.0	0.3929108	0.24510856	0.13211386	0.13405177	0.0	0.0	0.0	0.22505446	0.0	0.0	0.15662876	0.0	0.0	0.32317635	0.20096548	0.0	0.0	0.0	0.0	0.0	0.09402421	0.28388843	0.0	0.2854182	0.23091076	0.0	0.13726318	0.0	0.0	0.0	0.0	0.0	0.3107953	0.0	0.0	0.033949383	0.50664645	0.0	0.6164927	0.0	0.0	0.0	0.25691485	0.29394916	0.0	0.0	0.0	0.0	0.0	0.0	0.40472147	0.0	0.0	0.0	0.22993463	0.0077393963	0.00489993	0.0	0.3392786	0.37569022	0.0	0.44518518	0.0	0.0	0.19476067	0.0	0.2838259	0.0	0.0	0.0	0.0	0.0	0.0	0.0	0.1834587	0.0	0.535149	0.041067768	0.0	0.19537199	0.0	0.0
0.0	0.30373242	0.0	0.16853817	0.0	0.0	0.25008282	0.0	0.0	0.0	0.0	0.0	0.0	0.0	0.31763172	0.0	0.5174599	0.0	0.0	0.28205195	0.0	0.0	0.0	0.17607723	0.0	0.060061973	0.100828506	0.0	0.0	0.15729411	0.0	0.0	0.0	0.0	0.0	0.19809361	0.0	0.0	0.0	0.0	0.25238395	0.0	0.108172834	0.0	0.26714525	0.0	0.38610515	0.13950352	0.13983731	0.13287444	0.0	0.0	0.0	0.27107742	0.0	0.0	0.2383584	0.0	0.0	0.30512372	0.16821057	0.0	0.0	0.0	0.0	0.0	0.033213653	0.3112106	0.0	0.27851644	0.309355	0.0	0.13317713	0.0	0.0	0.0	0.0	0.0	0.35848048	0.0	0.0	0.0020304471	0.54309225	0.0	0.69242764	0.0	0.0	0.0	0.29329607	0.2472672	0.0	0.0	0.0	0.0	0.0	0.0	0.43844768	0.0	0.0	0.0	0.16833866	0.0067427233	0.001004424	0.0	0.34700012	0.3866934	0.0	0.46539763	0.0	0.0	0.22541921	0.0	0.30092624	0.0	0.0	0.0	0.0	0.0	0.0	0.0	0.21170108	0.0	0.5221329	0.0150696775	0.0	0.16958827	0.0	0.0
0.0	0.26909837	0.0	0.15677638	0.0	0.0	0.3163598	0.0	0.0	0.0	0.0	0.0	0.010113823	0.0	0.37699854	0.0	0.5653324	0.0	0.0	0.2457645	0.0	0.0	0.0	0.24051292	0.0	0.08788068	0.12680829	0.0	0.0	0.118535876	0.0	0.0	0.0	0.0	0.0	0.15717429	0.0	0.0	0.0	0.0	0.17540781	0.0	0.10026572	0.0	0.21953376	0.0	0.4023241	0.26337102	0.13021457	0.15748566	0.0	0.0	0.0	0.20760734	0.0	0.0	0.18650426	0.0	0.0	0.31857732	0.22256432	0.0	0.0	0.0	0.0	0.0	0.0954052	0.2754641	0.0	0.27576187	0.22854038	0.004499329	0.15551989	0.0	0.0	0.0	0.0	0.0	0.29231036	0.0	0.0	0.0297596	0.4907619	0.0	0.57135385	0.0	0.0	0.0	0.24955936	0.3015313	0.0	0.0	0.0	0.0	0.0	0.0	0.3789924	0.0	0.0	0.0	0.22801666	0.010233629	0.00033658123	0.0	0.33338585	0.33776078	0.0	0.45668375	0.0	0.0	0.20947672	0.0	0.27286765	0.0	0.0	0.0	0.0	0.0	0.0	0.0	0.17113484	0.0	0.53638595	0.0295053	0.0	0.18938798	0.0	0.0
0.0	0.2901676	0.0	0.16315578	0.0	0.0	0.27042964	0.0	0.0	0.0	0.0	0.0	0.010029902	0.0	0.33364192	0.0	0.5290163	0.0	0.0	0.26635286	0.0	0.0	0.0	0.2065459	0.0	0.08084511	0.11457778	0.0	0.0	0.13247548	0.0	0.0	0.0	0.0	0.0	0.1830007	0.0	0.0	0.0	0.0	0.21588387	0.0	0.10252583	0.0	0.22838373	0.0	0.38222682	0.18709373	0.13847797	0.13348182	0.0	0.0	0.0	0.2516774	0.0	0.0	0.20877147	0.0	0.0	0.30773047	0.1919493	0.0	0.0	0.0	0.0	0.0	0.058045715	0.28654727	0.0	0.27188456	0.27608702	0.0	0.15158588	0.0	0.0	0.0	0.0	0.0	0.3338757	0.0	0.0	0.013906567	0.51750296	0.0	0.64133	0.0	0.0	0.0	0.28059098	0.26704752	0.0	0.0	0.0	0.0	0.0	0.0	0.4113408	0.0	0.0	0.0	0.1880654	0.0033373572	0.008299	0.0	0.33630815	0.37076998	0.0	0.44029784	0.0	0.0	0.21503489	0.0	0.28302428	0.0	0.0	0.0	0.0	0.0	0.0	0.0	0.2001571	0.0	0.5180223	0.016517451	0.0	0.16917503	0.0	0.0
0.0	0.27723232	0.0	0.15271555	0.0	0.0	0.27456832	0.0	0.0	0.0	0.0	0.0	0.0	0.0	0.41487348	0.0	0.5562396	0.0	0.0	0.29780126	0.0	0.0	0.0	0.20117073	0.0	0.10261994	0.13166817	0.0	0.0	0.14186595	0.0	0.0	0.0	0.0	0.0	0.19502133	0.0	0.0	0.0	0.0	0.29832873	0.0	0.14050584	0.0	0.1697638	0.0	0.39858457	0.13385493	0.14252885	0.07929125	0.0	0.0	0.0	0.27323842	0.0	0.0	0.173535	0.0	0.0	0.33678028	0.12851453	0.0	0.0	0.0	0.0	0.0	0.0373645	0.3535229	0.0	0.3106774	0.28863552	0.0	0.17205775	0.0	0.0	0.0	0.0	0.0	0.39224696	0.0	0.0	0.03664761	0.5391975	0.0	0.77693987	0.0	0.0	0.0	0.26037142	0.3090603	0.0	0.0	0.0	0.0	0.0	0.0	0.4721861	0.0	0.0	0.0	0.1885997	0.007465128	0.011949464	0.0	0.38820425	0.42772332	0.0	0.44805828	0.0	0.0	0.22997923	0.0	0.2679435	0.0	0.0	0.0	0.0	0.0	0.0	0.0	0.22232635	0.0	0.4918764	0.030843064	0.0	0.17416918	0.0	0.0
0.0	0.26803377	0.0	0.16260058	0.0	0.0	0.33621204	0.0	0.0	0.0	0.0	0.0	0.003664391	0.0	0.4008131	0.0	0.57773155	0.0	0.0	0.24096172	0.0	0.0	0.0	0.24262834	0.0	0.094589315	0.13769041	0.0	0.0	0.11784991	0.0	0.0	0.0	0.0	0.0	0.135484	0.0	0.0	0.0	0.0	0.19685985	0.0	0.119198956	0.0	0.18640311	0.0	0.39416328	0.27578247	0.12585287	0.16180974	0.0	0.0	0.0	0.19553061	0.0	0.0	0.16463047	0.0	0.0	0.3232132	0.2153914	0.0	0.0	0.0	0.0	0.0	0.10311686	0.28611413	0.0	0.27868125	0.19634002	0.0035313878	0.16799998	0.0	0.0	0.0	0.0	0.0	0.30384713	0.0	0.0	0.036690816	0.4845886	0.0	0.57783073	0.0	0.0	0.0	0.22948106	0.30667368	0.0	0.0	0.0	0.0	0.0	0.0	0.382381	0.0	0.0	0.0	0.25102258	0.014191851	0.0	0.0	0.3413495	0.35965386	0.0	0.45184526	0.0	0.0	0.19925117	0.0	0.2594033	0.0	0.0	0.0	0.0	0.0	0.0	0.0	0.15757494	0.0	0.524165	0.050646346	0.0	0.18550698	0.0	0.0
0.0	0.26318532	0.0	0.14293776	0.0	0.0	0.26663065	0.0	0.0	0.0	0.0	0.0	0.0	0.0	0.38807198	0.0	0.5315315	0.0	0.0	0.26174575	0.0	0.0	0.0	0.19381823	0.0	0.08368368	0.10145382	0.0	0.0	0.12453752	0.0	0.0	0.0	0.0	0.0	0.18036819	0.0	0.0	0.0	0.0	0.25516984	0.0	0.1185402	0.0	0.1997282	0.0	0.38955113	0.1695383	0.13180386	0.1324676	0.0	0.0	0.0	0.26048332	0.0	0.0	0.20098211	0.0	0.0	0.30946213	0.15128432	0.0	0.0	0.0	0.0	0.0	0.0421244	0.32440937	0.0	0.27897596	0.25689822	0.0	0.18235071	0.0	0.0	0.0	0.0	0.0	0.35796556	0.0	0.0	0.024995714	0.5250569	0.0	0.68554705	0.0	0.0	0.0	0.26492584	0.28744337	0.0	0.0	0.0	0.0	0.0	0.0	0.41692623	0.0	0.0	0.0	0.20330606	0.011092152	0.0	0.0	0.36240447	0.38108635	0.0	0.4418114	0.0	0.0	0.2190348	0.0	0.26695988	0.0	0.0	0.0	0.0	0.0	0.0	0.0	0.2133831	0.0	0.4827287	0.03245156	0.0	0.16866975	0.0	0.0
0.0	0.2726868	0.0	0.15442681	0.0	0.0	0.27040222	0.0	0.0	0.0	0.0	0.0	0.0	0.0	0.37623867	0.0	0.5313156	0.0	0.0	0.2692723	0.0	0.0	0.0	0.21345894	0.0	0.074531056	0.109139	0.0	0.0	0.13021748	0.0	0.0	0.0	0.0	0.0	0.20237823	0.0	0.0	0.0	0.0	0.23151916	0.0	0.11351627	0.0	0.22140963	0.0	0.39962006	0.18358463	0.13535027	0.13142566	0.0	0.0	0.0	0.25829434	0.0	0.0	0.20666747	0.0	0.0	0.32472655	0.16791813	0.0	0.0	0.0	0.0	0.0	0.049494877	0.31003723	0.0	0.28154734	0.26961434	0.0	0.15741746	0.0	0.0	0.0	0.0	0.0	0.33963418	0.0	0.0	0.017850285	0.53549796	0.0	0.68133	0.0	0.0	0.0	0.28489617	0.28378716	0.0	0.0	0.0	0.0	0.0	0.0	0.43003657	0.0	0.0	0.0	0.19347487	0.010425713	0.0014177089	0.0	0.34398934	0.38079986	0.0	0.45402572	0.0	0.0	0.20975132	0.0	0.29518867	0.0	0.0	0.0	0.0	0.0	0.0	0.0	0.21113797	0.0	0.5102542	0.024536395	0.0	0.17602052	0.0	0.0
0.0	0.26513055	0.0	0.14748123	0.0	0.0	0.27776036	0.0	0.0	0.0	0.0	0.0	0.0	0.0	0.3606752	0.0	0.53285176	0.0	0.0	0.2600977	0.0	0.0	0.0	0.21143937	0.0	0.06718521	0.104947366	0.0	0.0	0.12281672	0.0	0.0	0.0	0.0	0.0	0.18983425	0.0	0.0	0.0	0.0	0.20718211	0.0	0.097358674	0.0	0.24067318	0.0	0.40131238	0.20728171	0.12724729	0.14724714	0.0	0.0	0.0	0.24156658	0.0	0.0	0.21136187	0.0	0.0	0.31427732	0.1940369	0.0	0.0	0.0	0.0	0.0	0.064779945	0.29320338	0.0	0.2684411	0.25673446	0.0	0.14645985	0.0	0.0	0.0	0.0	0.0	0.30555472	0.0	0.0	0.0	0.52830625	0.0	0.6295261	0.0	0.0	0.0	0.2831204	0.27238435	0.0	0.0	0.0	0.0	0.0	0.0	0.4058337	0.0	0.0	0.0	0.1969681	0.013372537	0.0	0.0	0.3347666	0.35598454	0.0	0.46038595	0.0	0.0	0.21309763	0.0	0.29462048	0.0	0.0	0.0	0.0	0.0	0.0	0.0	0.19598405	0.0	0.5163745	0.030009806	0.0	0.18231541	0.0	0.0
0.0	0.2665385	0.0	0.15241788	0.0	0.0	0.28735387	0.0	0.0	0.0	0.0	0.0	0.0	0.0	0.39711908	0.0	0.53708744	0.0	0.0	0.25645494	0.0	0.0	0.0	0.21723954	0.0	0.082200706	0.120777406	0.0	0.0	0.1194962	0.0	0.0	0.0	0.0	0.0	0.18392044	0.0	0.0	0.0	0.0	0.22743268	0.0	0.12082106	0.0	0.19935834	0.0	0.4017209	0.21057384	0.1246439	0.14445485	0.0	0.0	0.0	0.24931173	0.0	0.0	0.19146377	0.0	0.0	0.3211232	0.17889147	0.0	0.0	0.0	0.0	0.0	0.05917586	0.3074392	0.0	0.2890645	0.24227853	0.0	0.1657749	0.0	0.0	0.0	0.0	0.0	0.34430614	0.0	0.0	0.03041662	0.5200951	0.0	0.64840823	0.0	0.0	0.0	0.25253037	0.3057094	0.0	0.0	0.0	0.0	0.0	0.0	0.40518788	0.0	0.0	0.0	0.22739975	0.005322238	0.0	0.0	0.3512443	0.3727496	0.0	0.44732833	0.0	0.0	0.20732822	0.0	0.283029	0.0	0.0	0.0	0.0	0.0	0.0	0.0	0.20113981	0.0	0.4994355	0.037372578	0.0	0.18113784	0.0	0.0
0.0	0.26091847	0.0	0.1230199	0.0	0.0	0.25536117	0.0	0.0	0.0	0.0	0.0	0.0	0.0	0.36898434	0.0	0.4856129	0.0	0.0	0.25101936	0.0	0.0	0.0	0.1554635	0.0	0.056103807	0.06056047	0.0	0.0	0.10993076	0.0	0.0	0.0	0.0	0.0	0.19733699	0.0	0.0	0.0	0.0	0.25125405	0.0	0.100797094	0.0	0.2396034	0.0	0.39098492	0.15571012	0.12070829	0.16418736	0.0	0.0	0.0	0.26948482	0.0	0.0	0.26413622	0.0	0.0	0.2931309	0.15033235	0.0	0.0	0.0	0.0	0.0	0.023294387	0.33818498	0.0	0.25188008	0.25490382	0.0	0.20784016	0.0	0.0	0.0	0.0	0.0	0.353896	0.0	0.0	0.030442258	0.5278167	0.0	0.66978806	0.0	0.0	0.0	0.2702674	0.25872877	0.0	0.0	0.0	0.0	0.0	0.0	0.37558213	0.0	0.0	0.0	0.19160789	0.0004251624	0.0	0.0	0.36339095	0.3577591	0.0	0.41519615	0.0	0.0	0.21824877	0.0	0.28589633	0.0	0.0	0.0	0.0	0.0	0.0	0.0	0.23198217	0.0	0.4565965	0.021608645	0.0	0.16979514	0.0	0.0
0.0	0.27974302	0.0	0.14752571	0.0	0.0	0.29362175	0.0	0.0	0.0	0.0	0.0	0.00066467933	0.0	0.35888395	0.0	0.55534583	0.0	0.0	0.26117915	0.0	0.0	0.0	0.21198909	0.0	0.10630313	0.1217443	0.0	0.0	0.11626177	0.0	0.0	0.0	0.0	0.0	0.15703787	0.0	0.0	0.0	0.0	0.21210974	0.0	0.10502442	0.0	0.22799243	0.0	0.37298703	0.22977011	0.14355762	0.16593908	0.0	0.0	0.0	0.23966165	0.0	0.0	0.20871687	0.0	0.0	0.31308338	0.188679	0.0	0.0	0.0	0.0	0.0	0.06801649	0.288186	0.0	0.27109137	0.24407667	0.0	0.16983373	0.0	0.0	0.0	0.0	0.0	0.3287933	0.0	0.0	0.025812117	0.5047182	0.0	0.61083484	0.0	0.0	0.0	0.23909043	0.2702684	0.0	0.0	0.0	0.0	0.0	0.0	0.37818453	0.0	0.0	0.0	0.21627729	0.014009946	0.0	0.0	0.34322843	0.340479	0.0	0.42767844	0.0	0.0	0.2174074	0.0	0.2547239	0.0	0.0	0.0	0.0	0.0	0.0	0.0	0.21167803	0.0	0.52621657	0.03521302	0.0	0.16475885	0.0	0.0
0.0	0.26136056	0.0	0.15725745	0.0	0.0	0.31114778	0.0	0.0	0.0	0.0	0.0	0.0	0.0	0.43100175	0.0	0.5693585	0.0	0.0	0.25596574	0.0	0.0	0.0	0.23409091	0.0	0.102313705	0.14063261	0.0	0.0	0.12532441	0.0	0.0	0.0	0.0	0.0	0.15599993	0.0	0.0	0.0	0.0	0.22647785	0.0	0.12684755	0.0	0.17632306	0.0	0.4062984	0.24452464	0.1326815	0.13258825	0.0	0.0	0.0	0.2392305	0.0	0.0	0.17977251	0.0	0.0	0.33735895	0.18712223	0.0	0.0	0.0	0.0	0.0	0.074557826	0.3193052	0.0	0.2977794	0.23037905	0.0031961624	0.18398471	0.0	0.0	0.0	0.0	0.0	0.34502932	0.0	0.0	0.05544232	0.5111832	0.0	0.63766193	0.0	0.0	0.0	0.22701128	0.32140198	0.0	0.0	0.0	0.0	0.0	0.0	0.40180373	0.0	0.0	0.0	0.23599792	0.0072051003	0.004082003	0.0	0.3569586	0.36438194	0.0	0.44013667	0.0	0.0	0.20330918	0.0	0.26022753	0.0	0.0	0.0	0.0	0.0	0.0	0.0	0.19824962	0.0	0.51940864	0.04207197	0.0	0.18452263	0.0	0.0
0.0	0.26167098	0.0	0.16621292	0.0	0.0	0.31477597	0.0	0.0	0.0	0.0	0.0	0.0	0.0	0.36426473	0.0	0.5472415	0.0	0.0	0.21897884	0.0	0.0	0.0	0.20300029	0.0	0.10267523	0.119394004	0.0	0.0	0.10906672	0.0	0.0	0.0	0.0	0.0	0.10933465	0.0	0.0	0.0	0.0	0.23118526	0.0	0.097480126	0.0	0.22703028	0.0	0.37190843	0.2775412	0.108963005	0.18197419	0.0	0.0	0.0	0.18117642	0.0	0.0	0.23419215	0.0	0.0	0.30745006	0.22350383	0.0	0.0	0.0	0.0	0.0024081666	0.09953334	0.26687732	0.0	0.2669081	0.19986065	0.009180709	0.1910352	0.0	0.0	0.0	0.0	0.0	0.2773766	0.0	0.0	0.039592948	0.46911117	0.0	0.49677372	0.0	0.0	0.0	0.18031032	0.29178223	0.0	0.0	0.0	0.0	0.0	0.0	0.28830525	0.0	0.0	0.0	0.28624365	0.031684708	0.0	0.0	0.34245038	0.2973865	0.0	0.3990496	0.0	0.0	0.19260311	0.0	0.23290877	0.0	0.0	0.0	0.0	0.0	0.0	0.0	0.14780603	0.0	0.50540406	0.051344156	0.0	0.1716708	0.0	0.0
0.0	0.2488957	0.0	0.17329676	0.0	0.0	0.33951452	0.0	0.0	0.0	0.0	0.0	0.0	0.0	0.4316759	0.0	0.5805593	0.0	0.0	0.22343512	0.0	0.0	0.0	0.24352856	0.0	0.1272051	0.16088778	0.0	0.0	0.1135037	0.0	0.0	0.0	0.0	0.0	0.1300968	0.0	0.0	0.0	0.0	0.23310532	0.0	0.11273769	0.0	0.18270586	0.0	0.379565	0.30113664	0.12608026	0.16613697	0.0	0.0	0.0	0.1871057	0.0	0.0	0.21394241	0.0	0.0	0.34155777	0.22185527	0.0	0.0	0.0	0.0	0.004446966	0.109984	0.2852879	0.0	0.29822627	0.19309716	0.013568283	0.19193049	0.0	0.0	0.0	0.0	0.0	0.2944555	0.0	0.0	0.077113636	0.4701655	0.0	0.53125674	0.0	0.0	0.0	0.18354487	0.32489932	0.0	0.0	0.0	0.0	0.0	0.0	0.31948105	0.0	0.0	0.0	0.29731178	0.041377857	0.0	0.0	0.3300914	0.3222445	0.0	0.40900955	0.0	0.0	0.18666871	0.0	0.23816065	0.0	0.0	0.0	0.0	0.0	0.0	0.0	0.16834994	0.0	0.52330667	0.06845626	0.0	0.17411518	0.0	0.0
0.0	0.26099843	0.0	0.1838656	0.0	0.0	0.3646321	0.0	0.0	0.0	0.0	0.0	0.0	0.0	0.439904	0.0	0.60214525	0.0	0.0	0.22481531	0.0	0.0	0.0	0.2593623	0.0	0.13484481	0.1625986	0.0	0.0	0.11816919	0.0	0.0	0.0	0.0	0.0	0.117144786	0.0	0.0	0.0	0.0	0.24415676	0.0	0.11372212	0.0	0.19737642	0.0	0.38327965	0.3289453	0.114910364	0.17785414	0.0	0.0	0.0	0.16626312	0.0	0.0	0.21556316	0.0	0.0	0.33727202	0.24000813	0.0	0.0	0.0	0.0	0.015960652	0.11545205	0.27371088	0.0	0.29716954	0.18158792	0.018281715	0.18014473	0.0	0.0	0.0	0.0	0.0	0.28534713	0.0	0.0	0.07990865	0.46846387	0.0	0.5124507	0.0	0.0	0.0	0.1613005	0.3223699	0.0	0.0	0.0	0.0	0.0	0.0	0.30247125	0.0	0.0	0.0	0.31120452	0.051094547	0.0	0.0	0.32230434	0.30441275	0.0	0.41697598	0.0	0.0	0.18957086	0.0	0.24031384	0.0	0.0	0.0	0.0	0.0	0.0	0.0	0.14759786	0.0	0.5524439	0.068765305	0.0	0.17158644	0.0	0.0
0.0	0.27680153	0.0	0.18465221	0.0	0.0	0.32713735	0.0	0.0	0.0	0.0	0.0	0.0	0.0	0.39530173	0.0	0.5696102	0.0	0.0	0.23931341	0.0	0.0	0.0	0.23210748	0.0	0.11755809	0.14661293	0.0	0.0	0.11736443	0.0	0.0	0.0	0.0	0.0	0.1253094	0.0	0.0	0.0	0.0	0.22846158	0.0	0.11301452	0.0	0.21110682	0.0	0.37676713	0.29731464	0.12556265	0.1712646	0.0	0.0	0.0	0.18777597	0.0	0.0	0.22152792	0.0	0.0	0.32328334	0.22370487	0.0	0.0	0.0	0.0	0.0034100246	0.1123678	0.2678473	0.0	0.28854856	0.19673641	0.010898397	0.17827469	0.0	0.0	0.0	0.0	0.0	0.2953798	0.0	0.0	0.07727819	0.46985117	0.0	0.5175573	0.0	0.0	0.0	0.18680616	0.3036145	0.0	0.0	0.0	0.0	0.0	0.0	0.32082355	0.0	0.0	0.0	0.27963075	0.032975156	0.0	0.0	0.32614946	0.3112384	0.0	0.40385532	0.0	0.0	0.19265543	0.0	0.23316002	0.0	0.0	0.0	0.0	0.0	0.0	0.0	0.1591355	0.0	0.53960085	0.06502577	0.0	0.17092824	0.0	0.0
0.0	0.27227733	0.0	0.17041576	0.0	0.0	0.3125278	0.0	0.0	0.0	0.0	0.0	0.0	0.0	0.37166086	0.0	0.54912335	0.0	0.0	0.23498666	0.0	0.0	0.0	0.20968439	0.0	0.104602985	0.11463094	0.0	0.0	0.111248314	0.0	0.0	0.0	0.0	0.0	0.114216566	0.0	0.0	0.0	0.0	0.22471549	0.0	0.09894071	0.0	0.2422213	0.0	0.37242758	0.2691505	0.115353025	0.17455542	0.0	0.0	0.0	0.19334365	0.0	0.0	0.24542676	0.0	0.0	0.31236196	0.21746974	0.0	0.0	0.0	0.0	0.0	0.09627386	0.27040923	0.0	0.26973152	0.21284251	0.0033601671	0.18160713	0.0	0.0	0.0	0.0	0.0	0.28167763	0.0	0.0	0.03719182	0.47957253	0.0	0.51641196	0.0	0.0	0.0	0.18591376	0.28730002	0.0	0.0	0.0	0.0	0.0	0.0	0.31489003	0.0	0.0	0.0	0.27948686	0.030670987	0.0	0.0	0.34003213	0.30339122	0.0	0.39385507	0.0	0.0	0.1999399	0.0	0.23392814	0.0	0.0	0.0	0.0	0.0	0.0	0.0	0.16432126	0.0	0.51808715	0.05353032	0.0	0.17741983	0.0	0.0
0.0	0.2640059	0.0	0.16419448	0.0	0.0	0.31613275	0.0	0.0	0.0	0.0	0.0	0.0	0.0	0.38066053	0.0	0.5471584	0.0	0.0	0.22398286	0.0	0.0	0.0	0.22002904	0.0	0.10306006	0.13695906	0.0	0.0	0.10391647	0.0	0.0	0.0	0.0	0.0	0.12969787	0.0	0.0	0.0	0.0	0.21836333	0.0	0.109609924	0.0	0.20775522	0.0	0.37579715	0.2792469	0.11641473	0.17549618	0.0	0.0	0.0	0.19655985	0.0	0.0	0.23340075	0.0	0.0	0.3280926	0.21737568	0.0	0.0	0.0	0.0	0.0	0.09803418	0.27450284	0.0	0.28194472	0.20265068	0.004234945	0.18462344	0.0	0.0	0.0	0.0	0.0	0.2925373	0.0	0.0	0.05313523	0.47216764	0.0	0.52607185	0.0	0.0	0.0	0.19199817	0.3038527	0.0	0.0	0.0	0.0	0.0	0.0	0.31315336	0.0	0.0	0.0	0.28151834	0.0292425	0.0	0.0	0.3317675	0.3268297	0.0	0.40412226	0.0	0.0	0.19318508	0.0	0.24309236	0.0	0.0	0.0	0.0	0.0	0.0	0.0	0.16814876	0.0	0.5019629	0.057960216	0.0	0.16915716	0.0	0.0
0.0	0.27241072	0.0	0.17338805	0.0	0.0	0.3196486	0.0	0.0	0.0	0.0	0.0	0.0	0.0	0.36620244	0.0	0.5551169	0.0	0.0	0.23356776	0.0	0.0	0.0	0.2096765	0.0	0.102041095	0.11819468	0.0	0.0	0.11735442	0.0	0.0	0.0	0.0	0.0	0.1106444	0.0	0.0	0.0	0.0	0.23785263	0.0	0.09981025	0.0	0.2467972	0.0	0.3760408	0.27557266	0.111964345	0.1834511	0.0	0.0	0.0	0.1815119	0.0	0.0	0.24224101	0.0	0.0	0.30919	0.22538395	0.0	0.0	0.0	0.0	0.0026108574	0.098822854	0.26790264	0.0	0.26950446	0.20599313	0.005174828	0.18196778	0.0	0.0	0.0	0.0	0.0	0.2789128	0.0	0.0	0.04031713	0.48358512	0.0	0.5010119	0.0	0.0	0.0	0.1758057	0.28548288	0.0	0.0	0.0	0.0	0.0	0.0	0.29963347	0.0	0.0	0.0	0.28417122	0.036047902	0.0	0.0	0.34232226	0.2921898	0.0	0.3974537	0.0	0.0	0.1925761	0.0	0.23328091	0.0	0.0	0.0	0.0	0.0	0.0	0.0	0.15495166	0.0	0.5280254	0.05484377	0.0	0.17830442	0.0	0.0
0.0	0.26443264	0.0	0.1880684	0.0	0.0	0.35024616	0.0	0.0	0.0	0.0	0.0	0.0	0.0	0.42692378	0.0	0.59572554	0.0	0.0	0.22722441	0.0	0.0	0.0	0.25251973	0.0	0.130507	0.16203459	0.0	0.0	0.120785505	0.0	0.0	0.0	0.0	0.0	0.1225665	0.0	0.0	0.0	0.0	0.24160354	0.0	0.11318631	0.0	0.20061672	0.0	0.38362184	0.32392946	0.11541271	0.17889066	0.0	0.0	0.0	0.16768704	0.0	0.0	0.21877353	0.0	0.0	0.33406523	0.24195082	0.0	0.0	0.0	0.0	0.013923265	0.119381465	0.27101538	0.0	0.30082136	0.18484978	0.021098832	0.17429745	0.0	0.0	0.0	0.0	0.0	0.28396872	0.0	0.0	0.07815547	0.46805918	0.0	0.51780164	0.0	0.0	0.0	0.17044584	0.32063875	0.0	0.0	0.0	0.0	0.0	0.0	0.30238757	0.0	0.0	0.0	0.30896	0.051958304	0.0	0.0	0.32505134	0.31181088	0.0	0.41373992	0.0	0.0	0.18379177	0.0	0.24832709	0.0	0.0	0.0	0.0	0.0	0.0	0.0	0.14840226	0.0	0.5547679	0.07104458	0.0	0.16839178	0.0	0.0
0.0	0.27000788	0.0	0.17607279	0.0	0.0	0.33104053	0.0	0.0	0.0	0.0	0.0	0.0	0.0	0.3854843	0.0	0.5666122	0.0	0.0	0.23142682	0.0	0.0	0.0	0.22907078	0.0	0.11441606	0.1288924	0.0	0.0	0.111426406	0.0	0.0	0.0	0.0	0.0	0.11052925	0.0	0.0	0.0	0.0	0.22814608	0.0	0.101931065	0.0	0.22703266	0.0	0.37536642	0.29662356	0.11613124	0.1784273	0.0	0.0	0.0	0.17780483	0.0	0.0	0.23501976	0.0	0.0	0.31714272	0.23484989	0.0	0.0	0.0	0.0	0.0066904756	0.106495924	0.26298192	0.0	0.2763186	0.19495408	0.009153504	0.18147266	0.0	0.0	0.0	0.0	0.0	0.2770287	0.0	0.0	0.054270238	0.4666814	0.0	0.49707326	0.0	0.0	0.0	0.17540944	0.29547623	0.0	0.0	0.0	0.0	0.0	0.0	0.30628526	0.0	0.0	0.0	0.29128638	0.040936712	0.0	0.0	0.32836998	0.29589602	0.0	0.39677024	0.0	0.0	0.19651426	0.0	0.23045559	0.0	0.0	0.0	0.0	0.0	0.0	0.0	0.15049602	0.0	0.53071696	0.057644103	0.0	0.17570035	0.0	0.0
0.0	0.2480902	0.0	0.15742339	0.0	0.0	0.31587932	0.0	0.0	0.0	0.0	0.0	0.0	0.0	0.39130044	0.0	0.54694515	0.0	0.0	0.21566427	0.0	0.0	0.0	0.2192396	0.0	0.10823307	0.12433251	0.0	0.0	0.09605677	0.0	0.0	0.0	0.0	0.0	0.13965875	0.0	0.0	0.0	0.0	0.2262787	0.0	0.0887289	0.0	0.24160703	0.0	0.3822945	0.28883165	0.118243694	0.19722009	0.0	0.0	0.0	0.2022075	0.0	0.0	0.25694802	0.0	0.0	0.3275249	0.23334908	0.0	0.0	0.0	0.0	0.0	0.09886912	0.2778861	0.0	0.28511044	0.1972726	0.00097362074	0.18304951	0.0	0.0	0.0	0.0	0.0	0.26662436	0.0	0.0	0.043565646	0.49518165	0.0	0.5008745	0.0	0.0	0.0	0.19883037	0.29418424	0.0	0.0	0.0	0.0	0.0	0.0	0.2909394	0.0	0.0	0.0	0.2860876	0.029515557	0.0	0.0	0.3299226	0.29864404	0.0	0.40573883	0.0	0.0	0.19073017	0.0	0.25025544	0.0	0.0	0.0	0.0	0.0	0.0	0.0	0.17346019	0.0	0.50491023	0.05555855	0.0	0.1704895	0.0	0.0
0.0	0.2253628	0.0	0.15356891	0.0	0.0	0.3467001	0.0	0.0	0.0	0.0	0.0	0.0	0.0	0.45035994	0.0	0.571178	0.0	0.0	0.20395719	0.0	0.0	0.0	0.24494255	0.0	0.114104114	0.13842408	0.0	0.0	0.102892004	0.0	0.0	0.0	0.0	0.0	0.15146059	0.0	0.0	0.0	0.0	0.21110016	0.0	0.09715203	0.0	0.22852331	0.0	0.39807105	0.31797722	0.112911046	0.2281115	0.0	0.0	0.0	0.19281654	0.0	0.0	0.25425333	0.0	0.0	0.3405169	0.23640876	0.0	0.0	0.0	0.0	0.0010285439	0.10245562	0.30005535	0.0	0.30179027	0.18927045	0.007244578	0.20062532	0.0	0.0	0.0	0.0	0.0	0.26883915	0.0	0.0	0.0761627	0.50036013	0.0	0.49705926	0.0	0.0	0.0	0.2065363	0.3105881	0.0	0.0	0.0	0.0	0.0	0.0	0.2865648	0.0	0.0	0.0	0.30391157	0.03858587	0.0	0.0	0.3216575	0.30187234	0.0	0.41863993	0.0	0.0	0.18872018	0.0	0.26977572	0.0	0.0	0.0	0.0	0.0	0.0	0.0	0.18581231	0.0	0.5181524	0.060291316	0.0	0.16441259	0.0	0.0
0.0	0.26632634	0.0	0.18265013	0.0	0.0	0.34197357	0.0	0.0	0.0	0.0	0.0	0.0	0.0	0.4162852	0.0	0.5776222	0.0	0.0	0.22936697	0.0	0.0	0.0	0.24142702	0.0	0.12262407	0.14953631	0.0	0.0	0.11459601	0.0	0.0	0.0	0.0	0.0	0.124054134	0.0	0.0	0.0	0.0	0.24059023	0.0	0.11210465	0.0	0.20922077	0.0	0.3820819	0.3086146	0.11889096	0.17463963	0.0	0.0	0.0	0.17705739	0.0	0.0	0.22482215	0.0	0.0	0.33548257	0.23152547	0.0	0.0	0.0	0.0	0.007929165	0.10788862	0.27517566	0.0	0.29562232	0.19003533	0.013596022	0.17427893	0.0	0.0	0.0	0.0	0.0	0.29011866	0.0	0.0	0.07149085	0.47760782	0.0	0.5242254	0.0	0.0	0.0	0.17543124	0.31210092	0.0	0.0	0.0	0.0	0.0	0.0	0.3104175	0.0	0.0	0.0	0.29480398	0.040348943	0.0	0.0	0.32988527	0.3107387	0.0	0.41530725	0.0	0.0	0.1886694	0.0	0.24547608	0.0	0.0	0.0	0.0	0.0	0.0	0.0	0.15218082	0.0	0.5415233	0.06239285	0.0	0.17287551	0.0	0.0
0.0	0.26631957	0.0	0.1784525	0.0	0.0	0.32004073	0.0	0.0	0.0	0.0	0.0	0.0	0.0	0.3959925	0.0	0.5573151	0.0	0.0	0.23030782	0.0	0.0	0.0	0.22282605	0.0	0.11449307	0.13691334	0.0	0.0	0.11226499	0.0	0.0	0.0	0.0	0.0	0.12882835	0.0	0.0	0.0	0.0	0.23350143	0.0	0.107125394	0.0	0.22638853	0.0	0.38047013	0.2836964	0.12126577	0.17050426	0.0	0.0	0.0	0.19734025	0.0	0.0	0.2380837	0.0	0.0	0.32705024	0.21980514	0.0	0.0	0.0	0.0	0.0010332888	0.09979987	0.27513048	0.0	0.2873119	0.20628701	0.0082261525	0.17392725	0.0	0.0	0.0	0.0	0.0	0.28895032	0.0	0.0	0.05766995	0.48405287	0.0	0.5298047	0.0	0.0	0.0	0.19248557	0.30094746	0.0	0.0	0.0	0.0	0.0	0.0	0.31595653	0.0	0.0	0.0	0.28106794	0.03187373	0.0	0.0	0.3338567	0.30985376	0.0	0.4088737	0.0	0.0	0.19313896	0.0	0.24331836	0.0	0.0	0.0	0.0	0.0	0.0	0.0	0.16430463	0.0	0.5261803	0.057050083	0.0	0.17411183	0.0	0.0
0.0	0.21792094	0.0	0.1572396	0.0	0.0	0.35841498	0.0	0.0	0.0	0.0	0.0	0.0	0.0	0.46683952	0.0	0.5941818	0.0	0.0	0.20419699	0.0	0.0	0.0	0.25773236	0.0	0.11787806	0.15589753	0.0	0.0	0.101993985	0.0	0.0	0.0	0.0	0.0	0.13727023	0.0	0.0	0.0	0.0	0.22793771	0.0	0.10654553	0.0	0.18467617	0.0	0.38912907	0.321027	0.12362846	0.21225019	0.0	0.0	0.0	0.17646337	0.0	0.0	0.22008102	0.0	0.0	0.34798574	0.23468268	0.0	0.0	0.0	0.0	0.008817089	0.10425395	0.30419746	0.0	0.30465332	0.17016847	0.009323261	0.2087963	0.0	0.0	0.0	0.0	0.0	0.28109115	0.0	0.0	0.06975314	0.48403835	0.0	0.51797247	0.0	0.0	0.0	0.18502624	0.33283383	0.0	0.0	0.0	0.0	0.0	0.0	0.30301246	0.0	0.0	0.0	0.31091413	0.04159544	0.0	0.0	0.33458975	0.32219514	0.0	0.42963836	0.0	0.0	0.1861941	0.0	0.25790212	0.0	0.0	0.0	0.0	0.0	0.0	0.0	0.17450462	0.0	0.513599	0.06779886	0.0	0.17216347	0.0	0.0
0.0	0.2691934	0.0	0.18093811	0.0	0.0	0.3354572	0.0	0.0	0.0	0.0	0.0	0.0	0.0	0.40176663	0.0	0.57408684	0.0	0.0	0.23535907	0.0	0.0	0.0	0.23713271	0.0	0.119720064	0.13735384	0.0	0.0	0.11706639	0.0	0.0	0.0	0.0	0.0	0.116797626	0.0	0.0	0.0	0.0	0.24199723	0.0	0.10624704	0.0	0.21807992	0.0	0.37671423	0.2990701	0.12367362	0.1728016	0.0	0.0	0.0	0.18072669	0.0	0.0	0.22755893	0.0	0.0	0.33025542	0.23222823	0.0	0.0	0.0	0.0	0.0070546265	0.1064265	0.27283898	0.0	0.28715143	0.19768506	0.0115533285	0.18095829	0.0	0.0	0.0	0.0	0.0	0.28826094	0.0	0.0	0.062355906	0.47826847	0.0	0.5185663	0.0	0.0	0.0	0.17744501	0.30365217	0.0	0.0	0.0	0.0	0.0	0.0	0.31377983	0.0	0.0	0.0	0.29361725	0.041431416	0.0	0.0	0.33188608	0.3101553	0.0	0.3992454	0.0	0.0	0.18864965	0.0	0.23556107	0.0	0.0	0.0	0.0	0.0	0.0	0.0	0.15623204	0.0	0.53715044	0.064484626	0.0	0.1769514	0.0	0.0
0.0	0.2411889	0.0	0.15779339	0.0	0.0	0.3214914	0.0	0.0	0.0	0.0	0.0	0.0	0.0	0.40802392	0.0	0.5529173	0.0	0.0	0.21135181	0.0	0.0	0.0	0.22411285	0.0	0.11162347	0.13094626	0.0	0.0	0.097412705	0.0	0.0	0.0	0.0	0.0	0.14953429	0.0	0.0	0.0	0.0	0.22621661	0.0	0.0926669	0.0	0.23173468	0.0	0.3827851	0.28870764	0.11989529	0.2002722	0.0	0.0	0.0	0.19985433	0.0	0.0	0.2526682	0.0	0.0	0.3320041	0.23019147	0.0	0.0	0.0	0.0	0.0018605689	0.095475495	0.2863852	0.0	0.2901822	0.19407845	0.0013961171	0.18824601	0.0	0.0	0.0	0.0	0.0	0.26979816	0.0	0.0	0.05510364	0.4977075	0.0	0.50797546	0.0	0.0	0.0	0.2011149	0.3017651	0.0	0.0	0.0	0.0	0.0	0.0	0.29248846	0.0	0.0	0.0	0.28822777	0.03290869	0.0	0.0	0.3304917	0.3031047	0.0	0.4118658	0.0	0.0	0.19030528	0.0	0.25643876	0.0	0.0	0.0	0.0	0.0	0.0	0.0	0.1795581	0.0	0.5070718	0.05641227	0.0	0.16956817	0.0	0.0
0.0	0.26388654	0.0	0.18267293	0.0	0.0	0.3489077	0.0	0.0	0.0	0.0	0.0	0.0	0.0	0.42364362	0.0	0.5892867	0.0	0.0	0.23299305	0.0	0.0	0.0	0.2491842	0.0	0.13030244	0.1564161	0.0	0.0	0.11710625	0.0	0.0	0.0	0.0	0.0	0.12234954	0.0	0.0	0.0	0.0	0.23939256	0.0	0.11280399	0.0	0.19845933	0.0	0.37886778	0.30956393	0.12300322	0.17080693	0.0	0.0	0.0	0.17864309	0.0	0.0	0.21432231	0.0	0.0	0.3332955	0.23271656	0.0	0.0	0.0	0.0	0.0114410035	0.10999056	0.2758161	0.0	0.29418072	0.18750708	0.015045207	0.18302943	0.0	0.0	0.0	0.0	0.0	0.2893335	0.0	0.0	0.075052686	0.46875727	0.0	0.5231814	0.0	0.0	0.0	0.17458276	0.31713784	0.0	0.0	0.0	0.0	0.0	0.0	0.31607094	0.0	0.0	0.0	0.29987198	0.045219686	0.0	0.0	0.32598203	0.316232	0.0	0.40498093	0.0	0.0	0.18725915	0.0	0.2372095	0.0	0.0	0.0	0.0	0.0	0.0	0.0	0.15678233	0.0	0.54284364	0.07042924	0.0	0.17284966	0.0	0.0
0.0	0.26199746	0.0	0.18109258	0.0	0.0	0.35348475	0.0	0.0	0.0	0.0	0.0	0.0	0.0	0.43153846	0.0	0.5909011	0.0	0.0	0.22390015	0.0	0.0	0.0	0.2489298	0.0	0.12673923	0.1597249	0.0	0.0	0.11360534	0.0	0.0	0.0	0.0	0.0	0.123722695	0.0	0.0	0.0	0.0	0.24121691	0.0	0.11580655	0.0	0.19529486	0.0	0.38298702	0.32107624	0.115660034	0.1773293	0.0	0.0	0.0	0.16595547	0.0	0.0	0.21634103	0.0	0.0	0.33885327	0.23588018	0.0	0.0	0.0	0.0	0.0144098485	0.10934474	0.27690604	0.0	0.2988869	0.17984407	0.018425789	0.17539285	0.0	0.0	0.0	0.0	0.0	0.2866163	0.0	0.0	0.073523216	0.4709762	0.0	0.5235655	0.0	0.0	0.0	0.1651632	0.321561	0.0	0.0	0.0	0.0	0.0	0.0	0.30833423	0.0	0.0	0.0	0.30246398	0.046692166	0.0	0.0	0.32793328	0.31494343	0.0	0.42089844	0.0	0.0	0.18558101	0.0	0.24923842	0.0	0.0	0.0	0.0	0.0	0.0	0.0	0.14677596	0.0	0.5415581	0.06584964	0.0	0.17509599	0.0	0.0
0.0	0.26786697	0.0	0.18365474	0.0	0.0	0.34407237	0.0	0.0	0.0	0.0	0.0	0.0	0.0	0.41612753	0.0	0.582382	0.0	0.0	0.23275453	0.0	0.0	0.0	0.24359317	0.0	0.12946218	0.14870447	0.0	0.0	0.1179952	0.0	0.0	0.0	0.0	0.0	0.12307332	0.0	0.0	0.0	0.0	0.2385119	0.0	0.10762925	0.0	0.21864645	0.0	0.38344327	0.30945536	0.12140926	0.17373519	0.0	0.0	0.0	0.18328738	0.0	0.0	0.22910649	0.0	0.0	0.33214316	0.23637825	0.0	0.0	0.0	0.0	0.009133374	0.11453531	0.27075103	0.0	0.29369327	0.19454288	0.013971876	0.17670912	0.0	0.0	0.0	0.0	0.0	0.28224847	0.0	0.0	0.07020285	0.4755539	0.0	0.51571804	0.0	0.0	0.0	0.17944057	0.31157756	0.0	0.0	0.0	0.0	0.0	0.0	0.31105694	0.0	0.0	0.0	0.2956314	0.043513644	0.0	0.0	0.3261005	0.30625373	0.0	0.4039526	0.0	0.0	0.18922848	0.0	0.24364753	0.0	0.0	0.0	0.0	0.0	0.0	0.0	0.15774873	0.0	0.5464433	0.063879795	0.0	0.17659302	0.0	0.0
0.0	0.2590359	0.0	0.1796416	0.0	0.0	0.3472065	0.0	0.0	0.0	0.0	0.0	0.0	0.0	0.41097352	0.0	0.5856524	0.0	0.0	0.22854955	0.0	0.0	0.0	0.23532443	0.0	0.12543356	0.15795541	0.0	0.0	0.11761399	0.0	0.0	0.0	0.0	0.0	0.12029558	0.0	0.0	0.0	0.0	0.22815065	0.0	0.10962042	0.0	0.20025925	0.0	0.38231578	0.31472358	0.120634496	0.17669033	0.0	0.0	0.0	0.17664683	0.0	0.0	0.20541728	0.0	0.0	0.32896933	0.23436601	0.0	0.0	0.0	0.0	0.0035245556	0.121458836	0.26545092	0.0	0.29503223	0.1837963	0.014752506	0.18094128	0.0	0.0	0.0	0.0	0.0	0.2804806	0.0	0.0	0.07647498	0.46626863	0.0	0.5013761	0.0	0.0	0.0	0.18567748	0.3119634	0.0	0.0	0.0	0.0	0.0	0.0	0.3083199	0.0	0.0	0.0	0.28745392	0.037592676	0.0	0.0	0.32645348	0.30419657	0.0	0.41292492	0.0	0.0	0.1964888	0.0	0.23633613	0.0	0.0	0.0	0.0	0.0	0.0	0.0	0.15581203	0.0	0.5490697	0.0690184	0.0	0.17329259	0.0	0.0
0.0	0.2535917	0.0	0.1779737	0.0	0.0	0.35299155	0.0	0.0	0.0	0.0	0.0	0.0	0.0	0.43971983	0.0	0.59219986	0.0	0.0	0.22163434	0.0	0.0	0.0	0.25066242	0.0	0.12493405	0.16145582	0.0	0.0	0.11078375	0.0	0.0	0.0	0.0	0.0	0.12978922	0.0	0.0	0.0	0.0	0.23939611	0.0	0.11651293	0.0	0.18653715	0.0	0.383876	0.31569666	0.121018104	0.17517133	0.0	0.0	0.0	0.17253524	0.0	0.0	0.210962	0.0	0.0	0.34506282	0.23207735	0.0	0.0	0.0	0.0	0.009625535	0.1051032	0.2850143	0.0	0.30396363	0.17913432	0.016056007	0.17774563	0.0	0.0	0.0	0.0	0.0	0.29209894	0.0	0.0	0.07375279	0.47425842	0.0	0.5344649	0.0	0.0	0.0	0.1731407	0.32653582	0.0	0.0	0.0	0.0	0.0	0.0	0.3161636	0.0	0.0	0.0	0.29923728	0.042714104	0.0	0.0	0.32982448	0.32398254	0.0	0.4279538	0.0	0.0	0.18938033	0.0	0.25116944	0.0	0.0	0.0	0.0	0.0	0.0	0.0	0.15395868	0.0	0.5358177	0.06728034	0.0	0.17617261	0.0	0.0
0.0	0.27547547	0.0	0.17430313	0.0	0.0	0.31854644	0.0	0.0	0.0	0.0	0.0	0.0	0.0	0.37274012	0.0	0.5535663	0.0	0.0	0.23395424	0.0	0.0	0.0	0.20855731	0.0	0.10600177	0.120482564	0.0	0.0	0.11657714	0.0	0.0	0.0	0.0	0.0	0.11520467	0.0	0.0	0.0	0.0	0.23957497	0.0	0.0997119	0.0	0.23813494	0.0	0.3765707	0.27330542	0.113034725	0.17361765	0.0	0.0	0.0	0.1882572	0.0	0.0	0.24712993	0.0	0.0	0.31450072	0.2228535	0.0	0.0	0.0	0.0	0.0039284267	0.096883155	0.27191174	0.0	0.27452037	0.21084076	0.006852439	0.1830693	0.0	0.0	0.0	0.0	0.0	0.2855413	0.0	0.0	0.046344634	0.4818057	0.0	0.5186138	0.0	0.0	0.0	0.17987113	0.2944009	0.0	0.0	0.0	0.0	0.0	0.0	0.30254498	0.0	0.0	0.0	0.28508356	0.036062583	0.0	0.0	0.3441019	0.30290648	0.0	0.39777884	0.0	0.0	0.19180441	0.0	0.23507266	0.0	0.0	0.0	0.0	0.0	0.0	0.0	0.15612964	0.0	0.5220771	0.054157827	0.0	0.17294347	0.0	0.0
0.0	0.26405358	0.0	0.17310119	0.0	0.0	0.3296858	0.0	0.0	0.0	0.0	0.0	0.0	0.0	0.38971236	0.0	0.5653802	0.0	0.0	0.2273904	0.0	0.0	0.0	0.23070355	0.0	0.11845536	0.13365589	0.0	0.0	0.114493944	0.0	0.0	0.0	0.0	0.0	0.11077845	0.0	0.0	0.0	0.0	0.22635503	0.0	0.10576136	0.0	0.21135092	0.0	0.37173963	0.30148575	0.1204656	0.17971252	0.0	0.0	0.0	0.17390764	0.0	0.0	0.21966577	0.0	0.0	0.3205775	0.22938855	0.0	0.0	0.0	0.0	0.006206183	0.11244313	0.26477084	0.0	0.2775824	0.18993537	0.010481215	0.19050801	0.0	0.0	0.0	0.0	0.0	0.28124478	0.0	0.0	0.06149866	0.46243927	0.0	0.49788037	0.0	0.0	0.0	0.18131517	0.29934496	0.0	0.0	0.0	0.0	0.0	0.0	0.306198	0.0	0.0	0.0	0.29065397	0.038121153	0.0	0.0	0.32989153	0.3021659	0.0	0.398181	0.0	0.0	0.19159949	0.0	0.22738509	0.0	0.0	0.0	0.0	0.0	0.0	0.0	0.15123746	0.0	0.5296661	0.06510767	0.0	0.1710356	0.0	0.0
0.0	0.24315476	0.0	0.15825106	0.0	0.0	0.3315335	0.0	0.0	0.0	0.0	0.0	0.0	0.0	0.41454574	0.0	0.5669579	0.0	0.0	0.21628863	0.0	0.0	0.0	0.23635764	0.0	0.11650637	0.13726749	0.0	0.0	0.09976843	0.0	0.0	0.0	0.0	0.0	0.13966858	0.0	0.0	0.0	0.0	0.22523479	0.0	0.09306792	0.0	0.22277927	0.0	0.38336852	0.29975602	0.122904964	0.19718635	0.0	0.0	0.0	0.19552855	0.0	0.0	0.2429583	0.0	0.0	0.33321157	0.23737995	0.0	0.0	0.0	0.0	0.0020972167	0.10252721	0.28234655	0.0	0.29277492	0.19075866	0.0047793314	0.18949606	0.0	0.0	0.0	0.0	0.0	0.26863214	0.0	0.0	0.05666366	0.48971626	0.0	0.50353783	0.0	0.0	0.0	0.19401722	0.30712345	0.0	0.0	0.0	0.0	0.0	0.0	0.29808483	0.0	0.0	0.0	0.29346466	0.035945285	0.0	0.0	0.32696232	0.30466166	0.0	0.40747532	0.0	0.0	0.19186337	0.0	0.24768789	0.0	0.0	0.0	0.0	0.0	0.0	0.0	0.17883153	0.0	0.5133893	0.064196646	0.0	0.17186882	0.0	0.0
0.0	0.27623352	0.0	0.17526834	0.0	0.0	0.31523505	0.0	0.0	0.0	0.0	0.0	0.0	0.0	0.36985007	0.0	0.54982084	0.0	0.0	0.2381864	0.0	0.0	0.0	0.21451563	0.0	0.10376371	0.11501651	0.0	0.0	0.11525589	0.0	0.0	0.0	0.0	0.0	0.11307756	0.0	0.0	0.0	0.0	0.23806573	0.0	0.10303467	0.0	0.24478467	0.0	0.373293	0.27379653	0.11623803	0.1782919	0.0	0.0	0.0	0.18701899	0.0	0.0	0.24533887	0.0	0.0	0.31615698	0.22442716	0.0	0.0	0.0	0.0	0.00117217	0.09541327	0.26963916	0.0	0.2742617	0.21062209	0.004605388	0.18027055	0.0	0.0	0.0	0.0	0.0	0.28623924	0.0	0.0	0.04370408	0.48643646	0.0	0.5155588	0.0	0.0	0.0	0.1784492	0.28582582	0.0	0.0	0.0	0.0	0.0	0.0	0.30944744	0.0	0.0	0.0	0.28001484	0.03372604	0.0	0.0	0.34253725	0.30270612	0.0	0.39719546	0.0	0.0	0.19389342	0.0	0.23507543	0.0	0.0	0.0	0.0	0.0	0.0	0.0	0.15724154	0.0	0.52509373	0.053570505	0.0	0.176633	0.0	0.0
0.0	0.30480084	0.0	0.157816	0.0	0.0	0.24158053	0.0	0.0	0.0	0.0	0.0	0.0	0.0	0.33942744	0.0	0.50261897	0.0	0.0	0.27012464	0.0	0.0	0.0	0.14692804	0.0	0.072634436	0.08405454	0.0	0.0	0.13018352	0.0	0.0	0.0	0.0	0.0	0.18190064	0.0	0.0	0.0	0.0	0.28173235	0.0	0.096951224	0.0	0.26740897	0.0	0.39983094	0.14678149	0.13640131	0.1361957	0.0	0.0	0.0	0.28093973	0.0	0.0	0.27011213	0.0	0.0	0.300504	0.14818437	0.0	0.0	0.0	0.0	0.0	0.034806494	0.32146648	0.0	0.27547252	0.28594998	0.0	0.14139606	0.0	0.0	0.0	0.0	0.0	0.35501584	0.0	0.0	0.011780913	0.539529	0.0	0.70526457	0.0	0.0	0.0	0.27808285	0.23337747	0.0	0.0	0.0	0.0	0.0	0.0	0.39975044	0.0	0.0	0.0	0.17643344	0.0065908	0.0	0.0	0.3385643	0.37630594	0.0	0.4443423	0.0	0.0	0.2195595	0.0	0.2829574	0.0	0.0	0.0	0.0	0.0	0.0	0.0	0.19855289	0.0	0.47829816	0.022436105	0.0	0.1460188	0.0	0.0
0.0	0.2755574	0.0	0.16150962	0.0	0.0	0.27911282	0.0	0.0	0.0	0.0	0.0	0.0	0.0	0.36066625	0.0	0.5205639	0.0	0.0	0.24702108	0.0	0.0	0.0	0.19912417	0.0	0.063916944	0.112267286	0.0	0.0	0.10283166	0.0	0.0	0.0	0.0	0.0	0.16920473	0.0	0.0	0.0	0.0	0.20900704	0.0	0.10677385	0.0	0.23927243	0.0	0.39387092	0.21413411	0.11446837	0.16248232	0.0	0.0	0.0	0.24455643	0.0	0.0	0.21797393	0.0	0.0	0.30474553	0.17978008	0.0	0.0	0.0	0.0	0.0	0.07704068	0.276873	0.0	0.2756612	0.2448179	0.0	0.1541379	0.0	0.0	0.0	0.0	0.0	0.3245128	0.0	0.0	0.029302768	0.51389855	0.0	0.6019621	0.0	0.0	0.0	0.25865236	0.28935412	0.0	0.0	0.0	0.0	0.0	0.0	0.35967568	0.0	0.0	0.0	0.22273242	0.0	0.0	0.0	0.34002915	0.3407311	0.0	0.4412594	0.0	0.0	0.2171396	0.0	0.27862048	0.0	0.0	0.0	0.0	0.0	0.0	0.0	0.1962179	0.0	0.4960879	0.033191264	0.0	0.16855729	0.0	0.0
0.0	0.27911457	0.0	0.15019204	0.0	0.0	0.25866756	0.0	0.0	0.0	0.0	0.0	0.0	0.0	0.37991962	0.0	0.5129712	0.0	0.0	0.27250353	0.0	0.0	0.0	0.13961656	0.0	0.07887345	0.086862564	0.0	0.0	0.13982625	0.0	0.0	0.0	0.0	0.0	0.17238347	0.0	0.0	0.0	0.0	0.3073744	0.0	0.12095543	0.0	0.23232223	0.0	0.39392605	0.13952808	0.14048626	0.11849356	0.0	0.0	0.0	0.25543895	0.0	0.0	0.2404509	0.0	0.0	0.30749488	0.13873543	0.0	0.0	0.0	0.0	0.0	0.045750175	0.34783745	0.0	0.28158984	0.25569114	0.0	0.16493385	0.0	0.0	0.0	0.0	0.0	0.35420904	0.0	0.0	0.022571446	0.5334839	0.0	0.7439198	0.0	0.0	0.0	0.26792994	0.23901291	0.0	0.0	0.0	0.0	0.0	0.0	0.41392803	0.0	0.0	0.0	0.18593808	0.013631842	0.0	0.0	0.35807776	0.404215	0.0	0.45135984	0.0	0.0	0.22373949	0.0	0.27794054	0.0	0.0	0.0	0.0	0.0	0.0	0.0	0.19284695	0.0	0.46889257	0.04854839	0.0	0.15750831	0.0	0.0
0.0	0.28028163	0.0	0.15104933	0.0	0.0	0.255438	0.0	0.0	0.0	0.0	0.0	0.0	0.0	0.35653067	0.0	0.50448287	0.0	0.0	0.2470938	0.0	0.0	0.0	0.15975189	0.0	0.07493209	0.098706506	0.0	0.0	0.10127538	0.0	0.0	0.0	0.0	0.0	0.16052248	0.0	0.0	0.0	0.0	0.22859585	0.0	0.105089515	0.0	0.24378121	0.0	0.3876718	0.19152133	0.119846225	0.1516293	0.0	0.0	0.0	0.25994423	0.0	0.0	0.2591972	0.0	0.0	0.29502645	0.16476606	0.0	0.0	0.0	0.0	0.0	0.051576626	0.29311594	0.0	0.2648665	0.26520184	0.0	0.16692476	0.0	0.0	0.0	0.0	0.0	0.3199278	0.0	0.0	0.012757852	0.5193395	0.0	0.6200053	0.0	0.0	0.0	0.25080192	0.26321962	0.0	0.0	0.0	0.0	0.0	0.0	0.3538792	0.0	0.0	0.0	0.21836543	0.0	0.0	0.0	0.3462243	0.33878127	0.0	0.4311018	0.0	0.0	0.21883847	0.0	0.27073005	0.0	0.0	0.0	0.0	0.0	0.0	0.0	0.2033692	0.0	0.48165643	0.027612334	0.0	0.15769124	0.0	0.0
0.0	0.29274064	0.0	0.18400912	0.0	0.0	0.26174343	0.0	0.0	0.0	0.0	0.0	0.0	0.0	0.3934263	0.0	0.53499955	0.0	0.0	0.26810536	0.0	0.0	0.0	0.16796829	0.0	0.108908035	0.13205789	0.0	0.0	0.12494723	0.0	0.0	0.0	0.0	0.0	0.16159809	0.0	0.0	0.0	0.0	0.2270026	0.0	0.14434767	0.0	0.20646603	0.0	0.3654659	0.22123192	0.16186355	0.14812894	0.0	0.0	0.0	0.24502678	0.0	0.0	0.22379713	0.0	0.0	0.32264057	0.1835071	0.0	0.0	0.0	0.0	0.0	0.06987291	0.30597305	0.0	0.290399	0.2400683	0.0	0.16434677	0.0	0.0	0.0	0.0	0.0	0.31811157	0.0	0.0	0.038337488	0.541611	0.0	0.6324639	0.0	0.0	0.0	0.20956941	0.23917325	0.0	0.0	0.0	0.0	0.0	0.0	0.38145408	0.0	0.0	0.0	0.23101848	0.004511276	0.0	0.0	0.35511577	0.3679206	0.0	0.42513922	0.0	0.0	0.18783905	0.0	0.26153734	0.0	0.0	0.0	0.0	0.0	0.0	0.0	0.20474239	0.0	0.52001345	0.07583132	0.0	0.17139935	0.0	0.0
0.0	0.25434223	0.0	0.13461317	0.0	0.0	0.26600134	0.0	0.0	0.0	0.0	0.0	0.0	0.0	0.40555468	0.0	0.48857093	0.0	0.0	0.26196304	0.0	0.0	0.0	0.17838557	0.0	0.03740328	0.068859674	0.0	0.0	0.119503774	0.0	0.0	0.0	0.0	0.0	0.1902438	0.0	0.0	0.0	0.0	0.23741128	0.0	0.11775618	0.0	0.24144816	0.0	0.40813255	0.16690111	0.119000934	0.16836268	0.0	0.0	0.0	0.2685602	0.0	0.0	0.2474102	0.0	0.0	0.3082162	0.15671565	0.0	0.0	0.0	0.0	0.0	0.008704715	0.35015383	0.0	0.25981757	0.23395221	0.0	0.21808903	0.0	0.0	0.0	0.0	0.0	0.37196612	0.0	0.0	0.029786251	0.5446627	0.0	0.67391056	0.0	0.0	0.0	0.26049742	0.2636741	0.0	0.0	0.0	0.0	0.0	0.0	0.39194998	0.0	0.0	0.0	0.20264001	0.0032778978	0.0	0.0	0.3688682	0.35246825	0.0	0.41757503	0.0	0.0	0.2069757	0.0	0.29680964	0.0	0.0	0.0	0.0	0.0	0.0	0.0	0.23754655	0.0	0.45863485	0.024803502	0.0	0.17833072	0.0	0.0
0.0	0.26573208	0.0	0.14923953	0.0	0.0	0.25283223	0.0	0.0	0.0	0.0	0.0	0.0	0.0	0.36520195	0.0	0.5049389	0.0	0.0	0.24932349	0.0	0.0	0.0	0.16988797	0.0	0.04857622	0.11091847	0.0	0.0	0.12379301	0.0	0.0	0.0	0.0	0.0	0.18170734	0.0	0.0	0.0	0.0	0.24240099	0.0	0.118513726	0.0	0.21060888	0.0	0.39495495	0.17499991	0.11375735	0.1320852	0.0	0.0	0.0	0.2595339	0.0	0.0	0.21885468	0.0	0.0	0.31584314	0.15188676	0.0	0.0	0.0	0.0	0.0	0.056451812	0.31325692	0.0	0.28514868	0.2584509	0.0	0.17906219	0.0	0.0	0.0	0.0	0.0	0.36165538	0.0	0.0	0.029801225	0.52913696	0.0	0.65033466	0.0	0.0	0.0	0.26579627	0.2827539	0.0	0.0	0.0	0.0	0.0	0.0	0.38771653	0.0	0.0	0.0	0.20531744	0.0	0.0	0.0	0.35136342	0.36437082	0.0	0.4316411	0.0	0.0	0.20710176	0.0	0.27828833	0.0	0.0	0.0	0.0	0.0	0.0	0.0	0.2091177	0.0	0.47799265	0.02776374	0.0	0.16560365	0.0	0.0
0.0	0.2661386	0.0	0.15084113	0.0	0.0	0.26824975	0.0	0.0	0.0	0.0	0.0	0.0	0.0	0.34968004	0.0	0.51612633	0.0	0.0	0.23892015	0.0	0.0	0.0	0.18561913	0.0	0.072954334	0.1024506	0.0	0.0	0.10272688	0.0	0.0	0.0	0.0	0.0	0.15194567	0.0	0.0	0.0	0.0	0.22425692	0.0	0.10504284	0.0	0.24738765	0.0	0.38564315	0.21527125	0.11166105	0.16495104	0.0	0.0	0.0	0.23578739	0.0	0.0	0.21880412	0.0	0.0	0.29966074	0.18173827	0.0	0.0	0.0	0.0	0.0	0.07632306	0.2906747	0.0	0.2670456	0.24469848	0.0	0.15248321	0.0	0.0	0.0	0.0	0.0	0.30010676	0.0	0.0	0.008548848	0.51996166	0.0	0.58512884	0.0	0.0	0.0	0.24461548	0.27102777	0.0	0.0	0.0	0.0	0.0	0.0	0.3565177	0.0	0.0	0.0	0.23155683	0.0006975879	0.0	0.0	0.34950837	0.32180193	0.0	0.43909958	0.0	0.0	0.2126195	0.0	0.2681823	0.0	0.0	0.0	0.0	0.0	0.0	0.0	0.18947113	0.0	0.49554983	0.0332678	0.0	0.18420334	0.0	0.0
0.0	0.27996922	0.0	0.14827752	0.0	0.0	0.24408036	0.0	0.0	0.0	0.0	0.0	0.0	0.0	0.37905464	0.0	0.50458515	0.0	0.0	0.25573254	0.0	0.0	0.0	0.1498686	0.0	0.070613526	0.086224556	0.0	0.0	0.11023298	0.0	0.0	0.0	0.0	0.0	0.17163776	0.0	0.0	0.0	0.0	0.2917329	0.0	0.11300558	0.0	0.23028733	0.0	0.39250243	0.15752174	0.12716173	0.13233157	0.0	0.0	0.0	0.26815096	0.0	0.0	0.2456757	0.0	0.0	0.3060951	0.13603045	0.0	0.0	0.0	0.0	0.0	0.037634287	0.33474	0.0	0.27791047	0.26692045	0.0	0.17244424	0.0	0.0	0.0	0.0	0.0	0.3505796	0.0	0.0	0.0061936355	0.538629	0.0	0.6950412	0.0	0.0	0.0	0.2570925	0.25822374	0.0	0.0	0.0	0.0	0.0	0.0	0.3900226	0.0	0.0	0.0	0.20106776	0.006486248	0.0	0.0	0.36309686	0.37217	0.0	0.44097066	0.0	0.0	0.21992117	0.0	0.27045152	0.0	0.0	0.0	0.0	0.0	0.0	0.0	0.20715712	0.0	0.45951828	0.034735523	0.0	0.16192247	0.0	0.0
0.0	0.2511489	0.0	0.16430385	0.0	0.0	0.30886808	0.0	0.0	0.0	0.0	0.0	0.0	0.0	0.43448198	0.0	0.54380107	0.0	0.0	0.24087866	0.0	0.0	0.0	0.20717709	0.0	0.115540184	0.12883054	0.0	0.0	0.11545673	0.0	0.0	0.0	0.0	0.0	0.12916242	0.0	0.0	0.0	0.0	0.23384939	0.0	0.13149624	0.0	0.19819398	0.0	0.3774692	0.2705343	0.13653705	0.20876926	0.0	0.0	0.0	0.22361964	0.0	0.0	0.22000359	0.0	0.0	0.33235168	0.2093876	0.0	0.0	0.0	0.0	0.0	0.07773856	0.33736038	0.0	0.2995294	0.1934973	0.0	0.21428423	0.0	0.0	0.0	0.0	0.0	0.30907333	0.0	0.0	0.02891069	0.5355656	0.0	0.5788612	0.0	0.0	0.0	0.19713058	0.26347038	0.0	0.0	0.0	0.0	0.0	0.0	0.3314583	0.0	0.0	0.0	0.27265695	0.02010484	0.0	0.0	0.37002036	0.33902967	0.0	0.41425407	0.0	0.0	0.19123657	0.0	0.24475634	0.0	0.0	0.0	0.0	0.0	0.0	0.0	0.19916362	0.0	0.49676523	0.06934998	0.0	0.16812564	0.0	0.0
0.0	0.2691166	0.0	0.15837438	0.0	0.0	0.25235173	0.0	0.0	0.0	0.0	0.0	0.0	0.0	0.3851446	0.0	0.50471854	0.0	0.0	0.24983658	0.0	0.0	0.0	0.16672885	0.0	0.072586834	0.1169303	0.0	0.0	0.11558131	0.0	0.0	0.0	0.0	0.0	0.17994142	0.0	0.0	0.0	0.0	0.25448552	0.0	0.11855662	0.0	0.20135342	0.0	0.38352498	0.17702244	0.13127884	0.13578996	0.0	0.0	0.0	0.27982113	0.0	0.0	0.22795737	0.0	0.0	0.31419587	0.14701204	0.0	0.0	0.0	0.0	0.0	0.04704101	0.3200132	0.0	0.28056243	0.26192722	0.0	0.18023299	0.0	0.0	0.0	0.0	0.0	0.35590765	0.0	0.0	0.026015693	0.5307694	0.0	0.66118985	0.0	0.0	0.0	0.25765613	0.28291538	0.0	0.0	0.0	0.0	0.0	0.0	0.38292083	0.0	0.0	0.0	0.21730323	0.0013226718	0.0	0.0	0.36550212	0.3711823	0.0	0.424292	0.0	0.0	0.20782505	0.0	0.27689502	0.0	0.0	0.0	0.0	0.0	0.0	0.0	0.22537379	0.0	0.4723866	0.032008197	0.0	0.16188243	0.0	0.0
0.0	0.29494128	0.0	0.14230551	0.0	0.0	0.25739634	0.0	0.0	0.0	0.0	0.0	0.0	0.0	0.29428402	0.0	0.50656086	0.0	0.0	0.24349318	0.0	0.0	0.0	0.13186817	0.0	0.056401726	0.06907616	0.0	0.0	0.11488787	0.0	0.0	0.0	0.0	0.0	0.120610364	0.0	0.0	0.0	0.0	0.27131212	0.0	0.09544013	0.0	0.28060094	0.0	0.37043348	0.16112582	0.11251863	0.18241237	0.0	0.0	0.0	0.2334096	0.0	0.0	0.26297292	0.0	0.0	0.272506	0.17441534	0.0	0.0	0.0	0.0	0.0	0.04017117	0.30462837	0.0	0.2528555	0.2691656	0.0	0.194857	0.0	0.0	0.0	0.0	0.0	0.31717408	0.0	0.0	0.0	0.51658094	0.0	0.5762473	0.0	0.0	0.0	0.23203035	0.23907906	0.0	0.0	0.0	0.0	0.0	0.0	0.32044944	0.0	0.0	0.0	0.22820388	0.0062414347	0.0	0.0	0.38510403	0.34562984	0.0	0.4235166	0.0	0.0	0.22059035	0.0	0.24592419	0.0	0.0	0.0	0.0	0.0	0.0	0.0	0.1840086	0.0	0.47650588	0.041573826	0.0	0.15932482	0.0	0.0
0.0	0.28416666	0.0	0.15348782	0.0	0.0	0.24418485	0.0	0.0	0.0	0.0	0.0	0.0	0.0	0.36739147	0.0	0.5023552	0.0	0.0	0.24914043	0.0	0.0	0.0	0.14362048	0.0	0.073424846	0.087004684	0.0	0.0	0.11831963	0.0	0.0	0.0	0.0	0.0	0.17286229	0.0	0.0	0.0	0.0	0.28008792	0.0	0.11082977	0.0	0.22486188	0.0	0.38998735	0.14502348	0.12609985	0.13325216	0.0	0.0	0.0	0.2645785	0.0	0.0	0.24830656	0.0	0.0	0.29623827	0.14477408	0.0	0.0	0.0	0.0	0.0	0.034177896	0.33038738	0.0	0.27197793	0.26099905	0.0	0.17697054	0.0	0.0	0.0	0.0	0.0	0.34995523	0.0	0.0	0.016095975	0.526007	0.0	0.6970218	0.0	0.0	0.0	0.2678002	0.25041884	0.0	0.0	0.0	0.0	0.0	0.0	0.39192533	0.0	0.0	0.0	0.19116873	0.0062961592	0.0	0.0	0.3580172	0.38731596	0.0	0.4387014	0.0	0.0	0.21810746	0.0	0.27555397	0.0	0.0	0.0	0.0	0.0	0.0	0.0	0.20098348	0.0	0.45012474	0.031619232	0.0	0.15478446	0.0	0.0
0.0	0.26295787	0.0	0.1494309	0.0	0.0	0.28145605	0.0	0.0	0.0	0.0	0.0	0.0	0.0	0.39414385	0.0	0.50897074	0.0	0.0	0.24816549	0.0	0.0	0.0	0.17807026	0.0	0.088674076	0.097817056	0.0	0.0	0.10500557	0.0	0.0	0.0	0.0	0.0	0.15741639	0.0	0.0	0.0	0.0	0.24493389	0.0	0.14033867	0.0	0.22634047	0.0	0.3767066	0.22349761	0.11354402	0.19335425	0.0	0.0	0.0	0.2385094	0.0	0.0	0.20817389	0.0	0.0	0.31454802	0.17569919	0.0	0.0	0.0	0.0	0.0	0.06912213	0.33035472	0.0	0.28602132	0.20848702	0.0	0.17969282	0.0	0.0	0.0	0.0	0.0	0.31179813	0.0	0.0	0.005335958	0.54591846	0.0	0.5988444	0.0	0.0	0.0	0.220289	0.25223	0.0	0.0	0.0	0.0	0.0	0.0	0.35519195	0.0	0.0	0.0	0.23977192	0.017042497	0.0	0.0	0.36159527	0.3360308	0.0	0.42314744	0.0	0.0	0.20558022	0.0	0.25993317	0.0	0.0	0.0	0.0	0.0	0.0	0.0	0.18885875	0.0	0.48121992	0.069218375	0.0	0.17694335	0.0	0.0
0.0	0.26230547	0.0	0.14461114	0.0	0.0	0.30221984	0.0	0.0	0.0	0.0	0.0	0.0	0.0	0.4606661	0.0	0.51216406	0.0	0.0	0.28040162	0.0	0.0	0.0	0.20434104	0.0	0.049626697	0.071871065	0.0	0.0	0.13861486	0.0	0.0	0.0	0.0	0.0	0.16137828	0.0	0.0	0.0	0.0	0.2503639	0.0	0.15880191	0.0	0.2215858	0.0	0.41238335	0.18181248	0.12012418	0.16696648	0.0	0.0	0.0	0.25962278	0.0	0.0	0.21579103	0.0	0.0	0.315179	0.15259306	0.0	0.0	0.0	0.0	0.0	0.01774075	0.38073945	0.0	0.2882315	0.20665641	0.0	0.22800855	0.0	0.0	0.0	0.0	0.0	0.38735592	0.0	0.0	0.0399648	0.5585244	0.0	0.7343853	0.0	0.0	0.0	0.24396859	0.2662584	0.0	0.0	0.0	0.0	0.0	0.0	0.4208354	0.0	0.0	0.0	0.21128857	0.0142444065	0.0	0.0	0.3785602	0.38010934	0.0	0.4343919	0.0	0.0	0.20646702	0.0	0.28491774	0.0	0.0	0.0	0.0	0.0	0.0	0.0	0.21920376	0.0	0.47032818	0.04956222	0.0	0.16184323	0.0	0.0
0.0	0.27691507	0.0	0.1474434	0.0	0.0	0.2667841	0.0	0.0	0.0	0.0	0.0	0.0	0.0	0.4140916	0.0	0.5250034	0.0	0.0	0.27097943	0.0	0.0	0.0	0.1696177	0.0	0.07696133	0.097554564	0.0	0.0	0.121270776	0.0	0.0	0.0	0.0	0.0	0.17800267	0.0	0.0	0.0	0.0	0.29036835	0.0	0.13655284	0.0	0.19745828	0.0	0.39397946	0.16993435	0.13648362	0.128351	0.0	0.0	0.0	0.25426373	0.0	0.0	0.21803807	0.0	0.0	0.3209931	0.14428578	0.0	0.0	0.0	0.0	0.0	0.043741297	0.3558643	0.0	0.29207027	0.24527659	0.0	0.18452616	0.0	0.0	0.0	0.0	0.0	0.37702128	0.0	0.0	0.032006588	0.5402716	0.0	0.7269039	0.0	0.0	0.0	0.23932536	0.26476553	0.0	0.0	0.0	0.0	0.0	0.0	0.4237477	0.0	0.0	0.0	0.19918396	0.020311292	0.0	0.0	0.36406836	0.39934793	0.0	0.44322053	0.0	0.0	0.21166384	0.0	0.26820546	0.0	0.0	0.0	0.0	0.0	0.0	0.0	0.20815901	0.0	0.47460604	0.046548527	0.0	0.16882609	0.0	0.0
0.0	0.28692794	0.0	0.15213118	0.0	0.0	0.26031232	0.0	0.0	0.0	0.0	0.0	0.0	0.0	0.3901368	0.0	0.5111284	0.0	0.0	0.26263216	0.0	0.0	0.0	0.14620318	0.0	0.08047909	0.09326009	0.0	0.0	0.12532906	0.0	0.0	0.0	0.0	0.0	0.1626368	0.0	0.0	0.0	0.0	0.29690066	0.0	0.12501878	0.0	0.22392087	0.0	0.39037672	0.15938884	0.127252	0.12763569	0.0	0.0	0.0	0.2444775	0.0	0.0	0.24226844	0.0	0.0	0.31765413	0.14052863	0.0	0.0	0.0	0.0	0.0	0.045507323	0.34084976	0.0	0.29006425	0.24311872	0.0	0.16552699	0.0	0.0	0.0	0.0	0.0	0.3503991	0.0	0.0	0.01808847	0.54103047	0.0	0.71705395	0.0	0.0	0.0	0.2575474	0.2474161	0.0	0.0	0.0	0.0	0.0	0.0	0.3978145	0.0	0.0	0.0	0.19636922	0.01636138	0.0	0.0	0.3651909	0.4006296	0.0	0.44864866	0.0	0.0	0.22151935	0.0	0.27515632	0.0	0.0	0.0	0.0	0.0	0.0	0.0	0.18933018	0.0	0.46643397	0.051598232	0.0	0.15826748	0.0	0.0
0.0	0.28393617	0.0	0.15959245	0.0	0.0	0.2616681	0.0	0.0	0.0	0.0	0.0	0.0	0.0	0.3770492	0.0	0.5136936	0.0	0.0	0.2640123	0.0	0.0	0.0	0.15443923	0.0	0.0792827	0.0919286	0.0	0.0	0.12369976	0.0	0.0	0.0	0.0	0.0	0.15596536	0.0	0.0	0.0	0.0	0.27947235	0.0	0.12334367	0.0	0.22497676	0.0	0.3881408	0.16998225	0.1301098	0.13760723	0.0	0.0	0.0	0.24996519	0.0	0.0	0.23150581	0.0	0.0	0.30554888	0.15481587	0.0	0.0	0.0	0.0	0.0	0.052506123	0.33001754	0.0	0.28115427	0.24709861	0.0	0.16492176	0.0	0.0	0.0	0.0	0.0	0.34229505	0.0	0.0	0.0033492148	0.53213626	0.0	0.69231015	0.0	0.0	0.0	0.24804914	0.24000627	0.0	0.0	0.0	0.0	0.0	0.0	0.39755437	0.0	0.0	0.0	0.20159042	0.015913669	0.0	0.0	0.3562033	0.38365364	0.0	0.4411883	0.0	0.0	0.21876185	0.0	0.2674593	0.0	0.0	0.0	0.0	0.0	0.0	0.0	0.1892554	0.0	0.4666033	0.051348835	0.0	0.16163246	0.0	0.0
0.0	0.29957816	0.0	0.15419763	0.0	0.0	0.26461005	0.0	0.0	0.0	0.0	0.0	0.0	0.0	0.33131686	0.0	0.526702	0.0	0.0	0.24858391	0.0	0.0	0.0	0.1033468	0.0	0.06452463	0.050766725	0.0	0.0	0.12975566	0.0	0.0	0.0063655884	0.0	0.0	0.101731054	0.0	0.0	0.0	0.0	0.26772645	0.0	0.10894277	0.0	0.29645768	0.0	0.35937333	0.14023677	0.105463915	0.18556963	0.0	0.0	0.0	0.22515531	0.012814199	0.0	0.26578555	0.0	0.0	0.25834024	0.17074203	0.0	0.0	0.0	0.0	0.0	0.04440395	0.3215287	0.0	0.25627825	0.2590862	0.0	0.20730124	0.0	0.0	0.0	0.0	0.0	0.29695693	0.0	0.0	0.0	0.51800793	0.0	0.5997792	0.0	0.0	0.0	0.22098081	0.21522622	0.0	0.0	0.0	0.0	0.0044255704	0.0	0.34235373	0.0	0.0	0.0	0.23091142	0.016921286	0.0	0.0	0.40674087	0.37025476	0.0	0.41557714	0.0	0.0	0.24363731	0.0	0.24609268	0.0	0.0	0.0	0.0	0.0	0.0	0.0	0.18159159	0.0	0.48972854	0.08854481	0.0	0.17386957	0.0	0.0
0.0	0.2790347	0.0	0.16277649	0.0	0.0	0.24278998	0.0	0.0	0.0	0.0	0.0	0.0	0.0	0.35195935	0.0	0.4760591	0.0	0.0	0.22698921	0.0	0.0	0.0	0.14814712	0.0	0.067198455	0.05588414	0.0	0.0	0.085148394	0.0	0.0	0.0	0.0	0.0	0.18623681	0.0	0.0	0.0	0.0	0.26047704	0.0	0.10134038	0.0	0.28793654	0.0	0.37125644	0.15525043	0.11146251	0.18903404	0.0	0.0	0.0	0.29919615	0.0	0.0	0.27270344	0.0	0.0	0.27470148	0.17226219	0.0	0.0	0.0	0.0	0.0	0.007170312	0.3128934	0.0	0.24936931	0.24639302	0.0	0.17546134	0.0	0.0	0.0	0.0	0.0	0.31400052	0.0	0.0	3.7116308e-05	0.5563729	0.0	0.625015	0.0	0.0	0.0	0.26261055	0.23182546	0.0	0.0	0.0	0.0	0.0	0.0	0.34994376	0.0	0.0	0.0	0.20184974	0.0	0.0	0.0	0.35292885	0.32242242	0.0	0.40890196	0.0	0.0	0.22718287	0.0	0.28426936	0.0	0.0	0.0	0.0	0.0	0.0	0.0	0.21974821	0.0	0.45079622	0.04171336	0.0	0.1744073	0.0	0.0
0.0	0.26421592	0.0	0.14811127	0.0	0.0	0.2898209	0.0	0.0	0.0	0.0	0.0	0.0	0.0	0.45689097	0.0	0.52381974	0.0	0.0	0.27010778	0.0	0.0	0.0	0.19771738	0.0	0.06026703	0.08701304	0.0	0.0	0.12980345	0.0	0.0	0.0	0.0	0.0	0.16518776	0.0	0.0	0.0	0.0	0.25105044	0.0	0.1476617	0.0	0.2147855	0.0	0.41730595	0.20135061	0.1213812	0.14363287	0.0	0.0	0.0	0.24272096	0.0	0.0	0.2114517	0.0	0.0	0.33184764	0.15867835	0.0	0.0	0.0	0.0	0.0	0.046389624	0.35694608	0.0	0.29724875	0.20499039	0.0	0.19585697	0.0	0.0	0.0	0.0	0.0	0.36308324	0.0	0.0	0.039028555	0.54615235	0.0	0.7148362	0.0	0.0	0.0	0.25789723	0.2689281	0.0	0.0	0.0	0.0	0.0	0.0	0.42898417	0.0	0.0	0.0	0.20868976	0.02579757	0.0	0.0	0.36364162	0.38589367	0.0	0.44973382	0.0	0.0	0.20204036	0.0	0.28822082	0.0	0.0	0.0	0.0	0.0	0.0	0.0	0.20016003	0.0	0.48296842	0.04442361	0.0	0.17837954	0.0	0.0
0.0	0.28421184	0.0	0.16298576	0.0	0.0	0.24166133	0.0	0.0	0.0	0.0	0.0	0.0	0.0	0.3360093	0.0	0.5078624	0.0	0.0	0.23999572	0.0	0.0	0.0	0.16123836	0.0	0.07388852	0.09134915	0.0	0.0	0.10422796	0.0	0.0	0.0	0.0	0.0	0.17138207	0.0	0.0	0.0	0.0	0.2739629	0.0	0.097826	0.0	0.2582338	0.0	0.37656322	0.16267313	0.1250787	0.16965389	0.0	0.0	0.0	0.27014604	0.0	0.0	0.2492311	0.0	0.0	0.2840994	0.17867386	0.0	0.0	0.0	0.0	0.0	0.037988313	0.2987657	0.0	0.26086304	0.27044666	0.0	0.16034324	0.0	0.0	0.0	0.0	0.0	0.3173738	0.0	0.0	0.0	0.53595924	0.0	0.6349055	0.0	0.0	0.0	0.2601087	0.24169499	0.0	0.0	0.0	0.0	0.0	0.0	0.37157938	0.0	0.0	0.0	0.21781667	0.009425915	0.0	0.0	0.3669045	0.3643869	0.0	0.4392673	0.0	0.0	0.21564741	0.0	0.27260318	0.0	0.0	0.0	0.0	0.0	0.0	0.0	0.19719411	0.0	0.47412202	0.02338528	0.0	0.1543227	0.0	0.0
0.0	0.2796258	0.0	0.15357542	0.0	0.0	0.26399335	0.0	0.0	0.0	0.0	0.0	0.0	0.0	0.39278948	0.0	0.52342016	0.0	0.0	0.2596242	0.0	0.0	0.0	0.18098764	0.0	0.07069949	0.11009053	0.0	0.0	0.111520745	0.0	0.0	0.0	0.0	0.0	0.18025614	0.0	0.0	0.0	0.0	0.23980297	0.0	0.12575245	0.0	0.20073849	0.0	0.40167943	0.19433635	0.12673815	0.13523464	0.0	0.0	0.0	0.25689852	0.0	0.0	0.21452434	0.0	0.0	0.31388485	0.15558745	0.0	0.0	0.0	0.0	0.0	0.058636546	0.312196	0.0	0.28199336	0.24650402	0.0	0.16784449	0.0	0.0	0.0	0.0	0.0	0.34762105	0.0	0.0	0.022750176	0.52505976	0.0	0.67107517	0.0	0.0	0.0	0.25548384	0.28090456	0.0	0.0	0.0	0.0	0.0	0.0	0.40375355	0.0	0.0	0.0	0.2133918	0.009484951	0.0	0.0	0.34884128	0.38497186	0.0	0.4443314	0.0	0.0	0.20467995	0.0	0.2799022	0.0	0.0	0.0	0.0	0.0	0.0	0.0	0.19724745	0.0	0.47573105	0.04269725	0.0	0.17064475	0.0	0.0
0.0	0.2714326	0.0	0.15878265	0.0	0.0	0.25649163	0.0	0.0	0.0	0.0	0.0	0.0	0.0	0.4065144	0.0	0.5227919	0.0	0.0	0.26553854	0.0	0.0	0.0	0.18043707	0.0	0.09547424	0.12389857	0.0	0.0	0.12700158	0.0	0.0	0.0	0.0	0.0	0.19866675	0.0	0.0	0.0	0.0	0.271659	0.0	0.13605474	0.0	0.19305365	0.0	0.38397434	0.1560774	0.1522703	0.12163409	0.0	0.0	0.0	0.29138967	0.0	0.0	0.2255063	0.0	0.0	0.33256972	0.14374794	0.0	0.0	0.0	0.0	0.0	0.01892642	0.34737918	0.0	0.29650447	0.28019768	0.0	0.18595642	0.0	0.0	0.0	0.0	0.0	0.3782252	0.0	0.0	0.037672866	0.54917675	0.0	0.71628827	3.5384048e-06	0.0	0.0	0.25191054	0.27499852	0.0	0.0	0.0	0.0	0.0	0.0	0.42342815	0.0	0.0	0.0	0.19975567	0.0	0.0	0.0	0.37251303	0.39658093	0.0	0.42599663	0.0	0.0	0.20759995	0.0	0.2771369	0.0	0.0	0.0	0.0	0.0	0.0	0.0	0.24329062	0.0	0.48598397	0.028256034	0.0	0.1681393	0.0	0.0
0.0	0.2925553	0.0	0.16813838	0.0	0.0	0.28528666	0.0	0.0	0.0	0.0	0.0	0.0	0.0	0.41719246	0.0	0.54581857	0.0	0.0	0.27372283	0.0	0.0	0.0	0.20212893	0.0	0.10699735	0.1558565	0.0	0.0	0.12997282	0.0	0.0	0.0	0.0	0.0	0.15870084	0.0	0.0	0.0	0.0	0.2281212	0.0	0.14717798	0.0	0.1847465	0.0	0.37222686	0.23932171	0.15644519	0.13636647	0.0	0.0	0.0	0.23075593	0.0	0.0	0.20815726	0.0	0.0	0.33609495	0.17570347	0.0	0.0	0.0	0.0	0.0	0.06907324	0.31040928	0.0	0.29779094	0.24046206	0.0	0.16167451	0.0	0.0	0.0	0.0	0.0	0.33916268	0.0	0.0	0.06358997	0.5332927	0.0	0.6482246	0.0	0.0	0.0	0.20837677	0.28081894	0.0	0.0	0.0	0.0	0.0	0.0	0.39787325	0.0	0.0	0.0	0.24135286	0.0077357083	0.0018766759	0.0	0.36460838	0.37853912	0.0	0.42297974	0.0	0.0	0.1860647	0.0	0.24782968	0.0	0.0	0.0	0.0	0.0	0.0	0.0	0.2067753	0.0	0.5379768	0.062083233	0.0	0.17442457	0.0	0.0
