792.4458,631.2
792.56488,629.4
792.68396,640.8
792.8031,633.2
792.92218,615.0
793.04126,611.0
793.16034,610.6
793.27942,609.6
793.3985,598.0
793.51758,589.6
793.63672,587.8
793.7558,585.0
793.87488,595.0
793.9939,594.2
794.11298,585.0
794.23206,581.6
794.35114,576.2
794.47021,572.4
794.58929,571.2
794.70831,567.6
794.82739,573.2
794.94647,570.6
795.06549,565.0
795.18457,564.4
795.30365,564.2
795.42267,557.2
795.54175,552.0
795.66077,556.2
795.77985,553.8
795.89886,549.4
796.01794,553.6
796.13696,550.8
796.25598,552.4
796.375,544.8
796.49408,543.8
796.6131,546.4
796.73212,549.2
796.85114,543.6
796.97015,544.0
797.08923,537.4
797.20825,539.8
797.32727,543.2
797.44629,541.6
797.56531,540.2
797.68427,538.4
797.80328,534.4
797.9223,539.2
798.04132,533.4
798.16034,537.0
798.27936,535.2
798.39832,538.6
798.51733,533.6
798.63635,532.2
798.75531,536.4
798.87433,535.0
798.99329,530.8
799.1123,535.4
799.23126,531.8
799.35028,532.6
799.46924,535.0
799.58826,538.8
799.70721,536.2
799.82617,536.2
799.94519,534.4
800.06415,538.0
800.18311,537.6
800.30206,529.0
800.42102,540.6
800.54004,528.2
800.659,537.0
800.77795,534.4
800.89691,531.4
801.01587,534.8
801.13483,534.0
801.25372,536.8
801.37268,534.0
801.49164,533.6
801.6106,538.4
801.72955,542.6
801.84845,533.8
801.96741,539.0
802.08636,534.8
802.20526,531.4
802.32422,531.2
802.44318,537.8
802.56207,535.4
802.68103,542.8
802.79993,532.4
802.91882,536.0
803.03778,538.4
803.15668,537.8
803.27557,538.0
803.39453,538.6
803.51343,539.2
803.63232,541.4
803.75122,536.2
803.87012,537.0
803.98907,538.4
804.10797,536.6
804.22687,532.2
804.34576,535.2
804.46466,540.8
804.58356,536.2
804.70239,539.6
804.82129,536.4
804.94019,538.2
805.05908,536.6
805.17798,537.2
805.29681,544.0
805.41571,539.2
805.53461,543.8
805.65344,538.4
805.77234,542.6
805.89117,543.0
806.01007,546.4
806.12891,540.4
806.2478,545.2
806.36664,541.0
806.48547,540.0
806.60437,542.8
806.72321,544.6
806.84204,549.8
806.96088,539.0
807.07971,540.0
807.19861,544.8
807.31744,550.0
807.43628,542.4
807.55511,547.0
807.67395,549.6
807.79279,547.4
807.91162,546.6
808.0304,547.4
808.14923,546.0
808.26807,546.2
808.3869,548.6
808.50568,546.0
808.62451,551.0
808.74335,548.6
808.86212,547.6
808.98096,552.6
809.09979,552.4
809.21857,550.4
809.33734,547.4
809.45618,549.6
809.57495,556.6
809.69379,554.4
809.81256,554.4
809.93134,553.6
810.05011,550.2
810.16895,548.6
810.28772,544.6
810.40649,549.6
810.52527,553.0
810.64404,551.2
810.76282,550.0
810.88159,553.4
811.00037,553.2
811.11914,542.8
811.23792,554.8
811.35663,548.6
811.4754,554.2
811.59418,558.4
811.71295,559.2
811.83167,552.0
811.95044,555.2
812.06921,547.8
812.18793,552.4
812.3067,545.8
812.42542,551.2
812.54419,546.2
812.6629,554.2
812.78162,548.0
812.90039,546.6
813.0191,551.6
813.13782,549.8
813.25653,544.8
813.37524,550.4
813.49402,550.2
813.61273,550.8
813.73145,548.4
813.85016,553.8
813.96887,546.4
814.08759,549.4
814.2063,550.6
814.32495,553.6
814.44366,550.6
814.56238,547.4
814.68109,544.2
814.79974,545.4
814.91846,545.8
815.03717,542.2
815.15582,544.0
815.27454,539.6
815.39319,543.2
815.5119,542.4
815.63055,540.0
815.74927,544.6
815.86792,539.8
815.98657,543.2
816.10529,543.6
816.22394,547.6
816.34259,538.4
816.46124,547.2
816.5799,546.8
816.69855,551.4
816.8172,544.4
816.93585,543.8
817.0545,543.0
817.17316,541.2
817.29181,533.6
817.41046,536.2
817.52911,525.8
817.64771,535.8
817.76636,523.4
817.88501,524.8
818.0036,521.6
818.12225,523.2
818.24091,517.0
818.3595,511.6
818.47815,514.8
818.59674,512.8
818.71533,509.6
818.83398,510.8
818.95258,501.2
819.07117,507.2
819.18976,506.2
819.30841,507.8
819.427,507.0
819.54559,503.6
819.66418,512.0
819.78278,504.2
819.90137,502.8
820.01996,503.4
820.13855,501.6
820.25714,510.4
820.37573,499.0
820.49426,504.8
820.61285,499.4
820.73145,496.4
820.84998,491.6
820.96857,498.2
821.08716,497.8
821.20569,500.8
821.32428,492.4
821.44281,496.8
821.56134,495.4
821.67993,499.2
821.79846,495.4
821.91699,491.4
822.03558,494.8
822.15411,496.4
822.27264,495.2
822.39117,494.4
822.5097,493.4
822.62823,496.2
822.74677,491.2
822.8653,494.2
822.98383,496.2
823.10236,495.0
823.22089,493.2
823.33942,491.4
823.45789,492.6
823.57642,497.8
823.69495,499.0
823.81342,494.2
823.93195,488.0
824.05042,498.0
824.16895,495.6
824.28741,491.4
824.40594,491.0
824.52441,497.4
824.64288,493.6
824.76141,493.0
824.87988,491.8
824.99835,494.8
825.11682,490.6
825.23529,495.0
825.35376,486.6
825.47223,486.6
825.5907,489.0
825.70917,488.4
825.82764,493.0
825.94611,488.4
826.06458,487.8
826.18304,484.4
826.30145,491.0
826.41992,491.4
826.53839,485.0
826.6568,487.8
826.77527,487.8
826.89368,488.6
827.01215,488.0
827.13055,485.0
827.24902,483.8
827.36743,487.2
827.48584,482.6
827.60431,483.2
827.72272,482.2
827.84113,479.2
827.95953,485.2
828.07794,485.2
828.19635,482.6
828.31476,482.6
828.43317,479.2
828.55157,485.4
828.66998,484.8
828.78839,487.2
828.90674,480.8
829.02515,480.8
829.14355,477.8
829.2619,481.2
829.38031,483.4
829.49872,482.2
829.61707,481.8
829.73547,481.8
829.85382,485.6
829.97217,483.8
830.09058,482.8
830.20892,482.8
830.32727,482.0
830.44562,481.4
830.56403,484.6
830.68237,484.0
830.80072,485.8
830.91907,484.8
831.03741,481.8
831.15576,479.2
831.27411,479.8
831.3924,484.4
831.51074,479.6
831.62909,484.2
831.74744,479.6
831.86572,488.6
831.98407,480.2
832.10242,485.8
832.2207,481.2
832.33905,482.8
832.45734,482.2
832.57562,483.8
832.69397,484.2
832.81226,484.2
832.93054,480.0
833.04889,481.4
833.16718,480.6
833.28546,480.4
833.40375,490.4
833.52203,480.4
833.64032,484.8
833.75861,479.6
833.87689,483.4
833.99518,488.8
834.1134,482.6
834.23169,484.2
834.34998,485.8
834.46826,483.6
834.58649,481.2
834.70477,489.0
834.823,480.6
834.94128,489.6
835.05951,483.6
835.1778,485.6
835.29602,480.4
835.41425,486.2
835.53253,486.2
835.65076,482.4
835.76898,486.4
835.88721,489.6
836.00543,489.6
836.12366,491.2
836.24188,488.2
836.36011,485.2
836.47833,488.2
836.59656,490.4
836.71478,487.0
836.83295,487.6
836.95117,481.4
837.0694,489.0
837.18756,484.4
837.30579,487.6
837.42401,490.0
837.54218,488.0
837.66034,491.6
837.77856,491.6
837.89673,489.4
838.01489,492.4
838.13312,487.0
838.25128,492.0
838.36945,490.0
838.48761,496.4
838.60577,490.8
838.72394,495.6
838.8421,486.2
838.96027,492.2
839.07843,481.0
839.19659,488.0
839.31476,487.8
839.43286,493.2
839.55103,487.8
839.66919,492.0
839.78729,489.8
839.90546,489.2
840.02356,486.2
840.14172,488.6
840.25983,487.6
840.37793,490.0
840.49609,488.8
840.6142,487.8
840.7323,493.4
840.8504,486.2
840.96851,488.0
841.08661,488.8
841.20471,486.8
841.32281,489.4
841.44092,483.2
841.55902,493.2
841.67712,481.6
841.79523,488.4
841.91327,485.6
842.03137,483.4
842.14948,484.4
842.26752,484.6
842.38562,484.6
842.50366,485.8
842.62177,477.6
842.73981,484.8
842.85791,481.2
842.97595,481.0
843.09399,481.8
843.21204,482.0
843.33008,484.4
843.44818,483.4
843.56622,483.8
843.68427,481.4
843.80231,487.0
843.92029,483.2
844.03833,482.4
844.15637,484.6
844.27441,479.2
844.39246,485.0
844.51044,483.4
844.62848,483.0
844.74646,489.0
844.8645,480.2
844.98248,481.0
845.10052,484.2
845.21851,486.4
845.33649,488.0
845.45453,484.0
845.57251,486.0
845.69049,480.0
845.80847,477.4
845.92645,479.4
846.04443,481.4
846.16241,482.4
846.2804,483.6
846.39838,483.4
846.51636,481.8
846.63434,481.8
846.75226,489.2
846.87024,480.8
846.98822,483.0
847.10614,481.4
847.22412,483.6
847.34204,484.4
847.46002,481.8
847.57794,485.2
847.69586,485.6
847.81384,482.2
847.93176,484.4
848.04968,480.8
848.1676,483.2
848.28552,480.8
848.40344,485.2
848.52136,484.6
848.63928,485.6
848.7572,483.2
848.87512,484.8
848.99304,483.8
849.1109,486.6
849.22882,483.4
849.34674,489.2
849.4646,478.2
849.58252,478.6
849.70038,478.6
849.8183,481.0
849.93616,485.6
850.05402,481.2
850.17194,477.6
850.28979,485.8
850.40765,483.6
850.52551,482.0
850.64337,483.8
850.76123,483.0
850.87909,477.0
850.99695,482.4
851.11481,485.2
851.23267,487.4
851.35046,485.0
851.46832,482.8
851.58618,481.4
851.70398,484.0
851.82184,477.6
851.93964,489.8
852.0575,486.4
852.17529,496.0
852.29315,496.2
852.41095,485.4
852.52875,484.8
852.64655,486.4
852.7644,486.0
852.8822,483.2
853.0,485.4
853.1178,486.8
853.2356,481.2
853.35333,483.8
853.47113,484.4
853.58893,483.4
853.70673,485.8
853.82446,487.0
853.94226,484.8
854.06006,484.4
854.1778,493.0
854.29559,487.0
854.41333,482.4
854.53107,486.8
854.64886,485.0
854.7666,485.8
854.88434,481.2
855.00208,490.4
855.11981,485.8
855.23761,487.4
855.35535,486.4
855.47302,484.6
855.59076,484.2
855.7085,488.0
855.82623,482.8
855.94397,486.6
856.06165,482.2
856.17938,485.8
856.29712,484.6
856.41479,486.8
856.53253,486.8
856.65021,482.2
856.76788,476.4
856.88562,484.4
857.0033,485.8
857.12097,489.2
857.23865,486.6
857.35632,481.2
857.474,484.2
857.59167,481.4
857.70935,484.8
857.82703,481.4
857.9447,488.4
858.06238,487.4
858.18005,483.0
858.29767,483.2
858.41534,478.2
858.53296,481.0
858.65063,484.4
858.76825,482.2
858.88593,483.4
859.00354,487.4
859.12115,482.0
859.23883,486.8
859.35645,479.4
859.47406,479.8
859.59167,479.8
859.70929,486.6
859.8269,478.6
859.94452,481.0
860.06213,483.0
860.17975,487.8
860.29736,479.8
860.41492,480.8
860.53253,480.2
860.65009,480.0
860.7677,476.4
860.88525,484.8
861.00287,481.2
861.12042,480.0
861.23804,484.4
861.35559,486.8
861.47314,483.2
861.5907,479.2
861.70825,476.6
861.82581,480.8
861.94336,481.8
862.06091,477.6
862.17847,476.4
862.29602,481.2
862.41357,477.2
862.53113,484.4
862.64862,479.8
862.76617,477.8
862.88367,477.6
863.00122,482.0
863.11871,480.6
863.23627,478.4
863.35376,482.0
863.47125,479.4
863.58881,482.2
863.7063,483.6
863.82379,473.8
863.94128,480.4
864.05878,477.2
864.17627,482.0
864.29376,478.0
864.41125,478.2
864.52869,474.4
864.64618,484.8
864.76367,473.0
864.8811,479.4
864.9986,479.8
865.11609,480.4
865.23352,480.6
865.35095,477.2
865.46844,476.8
865.58588,480.2
865.70331,482.4
865.82074,477.8
865.93823,480.0
866.05566,482.0
866.1731,475.4
866.29053,479.2
866.4079,478.6
866.52533,478.0
866.64276,481.6
866.76019,474.8
866.87756,479.2
866.995,482.8
867.11243,480.4
867.2298,480.8
867.34723,484.4
867.4646,483.0
867.58197,478.8
867.6994,481.6
867.81677,482.0
867.93414,483.2
868.05151,479.0
868.16888,478.8
868.28625,478.4
868.40363,480.6
868.521,478.2
868.63837,485.2
868.75568,480.2
868.87305,484.0
868.99042,483.4
869.10773,485.8
869.2251,484.0
869.34241,484.4
869.45978,483.2
869.57709,487.8
869.69446,482.0
869.81177,486.6
869.92908,484.2
870.04639,485.0
870.1637,480.0
870.28101,482.0
870.39832,480.8
870.51563,484.0
870.63293,484.2
870.75024,484.0
870.86749,483.4
870.9848,480.4
871.10211,476.6
871.21936,480.8
871.33667,478.0
871.45392,483.4
871.57123,482.8
871.68848,483.0
871.80573,484.8
871.92297,482.8
872.04028,480.2
872.15753,486.4
872.27478,481.8
872.39203,479.6
872.50928,478.0
872.62646,482.8
872.74371,481.4
872.86096,484.4
872.97821,479.6
873.0954,480.6
873.21265,481.6
873.32983,480.8
873.44708,480.4
873.56427,486.4
873.68152,478.6
873.79871,484.4
873.91589,480.2
874.03308,481.4
874.15027,484.0
874.26746,482.0
874.38464,480.2
874.50183,480.2
874.61902,480.8
874.73621,476.6
874.85339,481.8
874.97052,483.4
875.08771,480.0
875.2049,480.0
875.32202,482.6
875.43921,481.4
875.55634,485.2
875.67346,487.6
875.79065,482.6
875.90778,482.0
876.0249,479.6
876.14203,482.2
876.25916,478.2
876.37628,483.2
876.49341,480.6
876.61053,484.2
876.72766,479.8
876.84473,481.8
876.96185,479.4
877.07898,484.2
877.19604,483.4
877.31317,483.8
877.43024,478.2
877.54736,481.6
877.66443,480.8
877.78149,481.2
877.89856,477.2
878.01569,481.0
878.13275,478.2
878.24982,482.4
878.36688,479.4
878.48395,480.4
878.60095,477.4
878.71802,478.2
878.83508,477.8
878.95215,478.8
879.06915,477.6
879.18622,483.4
879.30322,480.4
879.42029,483.4
879.53729,482.2
879.6543,481.0
879.77136,475.6
879.88837,479.4
880.00537,479.0
880.12238,482.6
880.23938,473.4
880.35638,479.6
880.47339,476.4
880.59039,476.2
880.70734,480.8
880.82434,476.4
880.94135,479.6
881.05829,477.6
881.17529,475.6
881.29224,477.2
881.40924,473.6
881.52618,475.2
881.64313,476.0
881.76007,479.4
881.87701,482.0
881.99402,477.6
882.11096,479.6
882.22791,476.8
882.34479,475.0
882.46173,485.0
882.57867,480.0
882.69562,478.0
882.8125,477.2
882.92944,480.2
883.04639,482.4
883.16327,484.6
883.28015,479.0
883.39709,477.8
883.51398,481.0
883.63086,482.2
883.74774,480.0
883.86462,481.4
883.98157,481.4
884.09839,478.6
884.21527,481.8
884.33215,483.2
884.44904,475.8
884.56592,484.0
884.68274,479.4
884.79962,486.6
884.9165,482.2
885.03333,487.4
885.15015,483.4
885.26703,485.8
885.38385,486.6
885.50067,490.0
885.61749,486.2
885.73438,487.4
885.8512,490.2
885.96802,485.6
886.08478,484.2
886.2016,490.0
886.31842,486.6
886.43524,488.2
886.55206,484.2
886.66882,487.2
886.78564,479.4
886.9024,490.0
887.01923,483.4
887.13599,482.8
887.25275,479.8
887.36951,483.0
887.48633,479.2
887.60309,483.4
887.71985,486.4
887.83661,478.8
887.95337,475.4
888.07007,479.4
888.18683,480.4
888.30359,481.4
888.42035,479.8
888.53705,484.4
888.65381,479.8
888.77051,481.4
888.88721,479.6
889.00397,478.2
889.12067,478.6
889.23737,481.4
889.35406,480.8
889.47083,479.6
889.58752,477.8
889.70416,477.2
889.82086,476.4
889.93756,484.0
890.05426,473.6
890.17096,480.4
890.2876,480.6
890.4043,478.6
890.52094,478.8
890.63763,479.0
890.75427,477.0
890.87091,483.0
890.98761,477.2
891.10425,479.0
891.22089,476.4
891.33752,478.2
891.45416,478.0
891.5708,476.6
891.68744,477.4
891.80408,479.0
891.92065,477.6
892.03729,480.8
892.15393,478.2
892.27051,479.8
892.38715,476.6
892.50372,479.2
892.6203,482.2
892.73694,482.4
892.85352,481.4
892.97009,477.6
893.08667,480.2
893.20325,476.0
893.31982,480.2
893.4364,482.0
893.55298,482.6
893.66956,482.0
893.78607,483.4
893.90265,484.0
894.01917,484.8
894.13574,483.4
894.25226,483.8
894.36884,483.4
894.48535,482.6
894.60187,478.6
894.71838,480.4
894.8349,488.0
894.95148,479.6
895.06793,483.8
895.18445,480.6
895.30096,479.4
895.41748,480.4
895.534,478.0
895.65045,480.0
895.76697,479.4
895.88342,484.8
895.99994,478.6
896.11639,476.6
896.23291,480.0
896.34937,480.2
896.46582,478.0
896.58228,481.0
896.69873,482.6
896.81519,478.0
896.93164,476.6
897.0481,484.0
897.16455,484.2
897.28094,483.8
897.3974,478.8
897.51385,482.8
897.63025,481.4
897.7467,480.0
897.8631,480.6
897.97949,482.6
898.09595,478.0
898.21234,482.0
898.32874,481.6
898.44513,479.8
898.56152,479.6
898.67792,481.0
898.79431,478.4
898.91064,480.6
899.02704,482.6
899.14343,477.4
899.25977,480.8
899.37616,478.6
899.49249,479.2
899.60889,479.2
899.72522,477.2
899.84155,481.8
899.95789,483.6
900.07428,478.2
900.19061,483.2
900.30695,476.8
900.42322,478.8
900.53955,475.6
900.65588,476.8
900.77222,479.2
900.88849,482.4
901.00482,475.2
901.12109,482.2
901.23743,480.2
901.3537,476.0
901.47003,476.2
901.5863,480.2
901.70258,477.8
901.81885,479.2
901.93512,481.8
902.05139,480.2
902.16766,479.8
902.28394,478.0
902.40021,477.2
902.51642,481.8
902.63269,479.4
902.7489,475.4
902.86517,478.2
902.98138,476.4
903.09766,479.2
903.21387,481.6
903.33008,479.0
903.44629,484.2
903.5625,473.0
903.67871,474.8
903.79492,472.6
903.91113,478.0
904.02734,476.8
904.14355,478.4
904.2597,473.8
904.37592,475.8
904.49207,467.8
904.60828,477.4
904.72443,472.6
904.84064,470.4
904.95679,473.4
905.07294,477.2
905.18909,474.4
905.30524,472.8
905.42139,470.6
905.53754,470.6
905.65369,472.0
905.76984,468.8
905.88593,470.0
906.00208,466.4
906.11816,467.8
906.23431,469.2
906.3504,464.2
906.46655,472.6
906.58264,464.6
906.69873,470.6
906.81482,465.6
906.93091,468.4
907.047,469.6
907.16309,470.6
907.27917,472.0
907.39526,473.2
907.51135,467.8
907.62738,470.8
907.74347,469.2
907.8595,470.8
907.97559,473.6
908.09161,470.4
908.2077,468.4
908.32373,471.8
908.43976,468.0
908.55579,464.4
908.67181,468.6
908.78784,472.2
908.90387,467.0
909.0199,468.4
909.13586,467.4
909.25189,472.8
909.36792,469.0
909.48389,470.0
909.59991,469.4
909.71588,471.6
909.83185,468.4
909.94788,467.4
910.06384,469.2
910.17981,470.6
910.29578,470.4
910.41174,471.6
910.52771,470.0
910.64368,469.6
910.75958,464.0
910.87555,473.8
910.99152,466.2
911.10742,470.8
911.22339,470.8
911.33929,471.0
911.4552,469.4
911.57117,465.8
911.68707,469.2
911.80298,471.6
911.91888,468.6
912.03479,470.0
912.1507,471.2
912.2666,472.6
912.38245,472.4
912.49835,470.4
912.61426,470.0
912.7301,471.2
912.84601,469.4
792.4458,565.8
792.56488,560.6
792.68396,573.6
792.8031,569.6
792.92218,553.6
793.04126,549.0
793.16034,557.2
793.27942,552.8
793.3985,545.2
793.51758,536.4
793.63672,533.8
793.7558,535.4
793.87488,542.8
793.9939,538.4
794.11298,538.4
794.23206,536.2
794.35114,528.6
794.47021,529.4
794.58929,525.6
794.70831,523.4
794.82739,528.6
794.94647,528.6
795.06549,527.2
795.18457,524.4
795.30365,521.6
795.42267,517.8
795.54175,517.4
795.66077,516.2
795.77985,520.4
795.89886,515.6
796.01794,516.0
796.13696,516.8
796.25598,520.4
796.375,510.2
796.49408,515.6
796.6131,517.4
796.73212,511.6
796.85114,513.8
796.97015,516.4
797.08923,506.4
797.20825,510.0
797.32727,510.0
797.44629,518.0
797.56531,515.4
797.68427,513.6
797.80328,510.6
797.9223,510.4
798.04132,511.4
798.16034,515.6
798.27936,509.4
798.39832,509.2
798.51733,507.8
798.63635,511.6
798.75531,512.4
798.87433,511.2
798.99329,503.8
799.1123,503.8
799.23126,503.4
799.35028,503.8
799.46924,511.6
799.58826,507.2
799.70721,509.2
799.82617,509.0
799.94519,505.4
800.06415,508.8
800.18311,506.8
800.30206,512.6
800.42102,507.0
800.54004,506.8
800.659,508.8
800.77795,515.6
800.89691,506.4
801.01587,507.2
801.13483,509.6
801.25372,510.4
801.37268,510.0
801.49164,509.6
801.6106,512.8
801.72955,512.0
801.84845,510.0
801.96741,508.6
802.08636,514.6
802.20526,518.6
802.32422,513.0
802.44318,512.8
802.56207,516.8
802.68103,512.0
802.79993,514.0
802.91882,517.0
803.03778,510.8
803.15668,515.6
803.27557,517.2
803.39453,509.8
803.51343,511.2
803.63232,517.0
803.75122,518.2
803.87012,516.8
803.98907,511.2
804.10797,516.8
804.22687,513.6
804.34576,513.6
804.46466,515.8
804.58356,517.4
804.70239,517.4
804.82129,520.2
804.94019,518.4
805.05908,523.4
805.17798,518.0
805.29681,521.2
805.41571,522.2
805.53461,520.0
805.65344,524.0
805.77234,523.4
805.89117,515.8
806.01007,524.8
806.12891,520.8
806.2478,524.0
806.36664,520.2
806.48547,523.0
806.60437,522.8
806.72321,527.8
806.84204,521.8
806.96088,522.8
807.07971,524.8
807.19861,528.0
807.31744,523.0
807.43628,525.0
807.55511,522.4
807.67395,521.4
807.79279,521.2
807.91162,524.6
808.0304,526.6
808.14923,530.8
808.26807,526.2
808.3869,527.6
808.50568,527.0
808.62451,527.6
808.74335,528.8
808.86212,528.6
808.98096,530.8
809.09979,528.0
809.21857,529.8
809.33734,531.8
809.45618,532.6
809.57495,529.2
809.69379,531.4
809.81256,529.0
809.93134,529.4
810.05011,528.0
810.16895,532.2
810.28772,526.0
810.40649,530.6
810.52527,534.0
810.64404,529.2
810.76282,534.8
810.88159,533.8
811.00037,529.6
811.11914,526.4
811.23792,530.6
811.35663,532.4
811.4754,531.4
811.59418,530.0
811.71295,530.4
811.83167,529.8
811.95044,534.4
812.06921,531.4
812.18793,525.8
812.3067,534.2
812.42542,534.0
812.54419,529.6
812.6629,535.0
812.78162,533.4
812.90039,529.0
813.0191,531.2
813.13782,529.6
813.25653,529.4
813.37524,527.6
813.49402,527.6
813.61273,532.6
813.73145,529.6
813.85016,529.4
813.96887,531.6
814.08759,525.8
814.2063,532.2
814.32495,532.8
814.44366,529.0
814.56238,534.2
814.68109,531.4
814.79974,527.6
814.91846,528.4
815.03717,525.0
815.15582,525.8
815.27454,528.4
815.39319,520.6
815.5119,518.8
815.63055,521.4
815.74927,522.0
815.86792,521.6
815.98657,520.6
816.10529,525.6
816.22394,520.8
816.34259,530.2
816.46124,528.2
816.5799,525.6
816.69855,533.0
816.8172,526.6
816.93585,524.8
817.0545,522.4
817.17316,518.6
817.29181,509.8
817.41046,516.8
817.52911,511.2
817.64771,514.6
817.76636,511.8
817.88501,511.6
818.0036,507.0
818.12225,507.0
818.24091,503.8
818.3595,496.2
818.47815,499.8
818.59674,499.4
818.71533,498.2
818.83398,497.2
818.95258,496.0
819.07117,490.6
819.18976,495.4
819.30841,499.6
819.427,495.8
819.54559,497.6
819.66418,486.6
819.78278,490.4
819.90137,492.8
820.01996,494.0
820.13855,490.6
820.25714,487.4
820.37573,488.0
820.49426,490.2
820.61285,488.4
820.73145,486.8
820.84998,487.8
820.96857,485.8
821.08716,487.6
821.20569,489.0
821.32428,488.0
821.44281,485.2
821.56134,486.6
821.67993,483.0
821.79846,485.2
821.91699,483.8
822.03558,491.0
822.15411,486.6
822.27264,482.6
822.39117,485.4
822.5097,479.0
822.62823,483.2
822.74677,478.6
822.8653,486.0
822.98383,484.4
823.10236,485.0
823.22089,483.6
823.33942,481.4
823.45789,484.4
823.57642,489.8
823.69495,486.6
823.81342,482.2
823.93195,482.8
824.05042,487.0
824.16895,485.6
824.28741,491.2
824.40594,486.8
824.52441,483.2
824.64288,483.2
824.76141,481.6
824.87988,480.4
824.99835,479.6
825.11682,482.2
825.23529,487.8
825.35376,480.8
825.47223,479.8
825.5907,480.8
825.70917,478.6
825.82764,479.2
825.94611,480.0
826.06458,474.2
826.18304,480.2
826.30145,487.4
826.41992,478.4
826.53839,477.8
826.6568,476.2
826.77527,479.2
826.89368,479.0
827.01215,480.8
827.13055,476.4
827.24902,479.0
827.36743,478.4
827.48584,475.2
827.60431,479.0
827.72272,473.0
827.84113,474.2
827.95953,473.2
828.07794,473.8
828.19635,478.2
828.31476,472.6
828.43317,473.6
828.55157,474.8
828.66998,474.0
828.78839,477.4
828.90674,474.4
829.02515,474.4
829.14355,478.0
829.2619,477.4
829.38031,471.0
829.49872,476.8
829.61707,470.8
829.73547,479.8
829.85382,475.2
829.97217,473.6
830.09058,471.0
830.20892,476.4
830.32727,477.2
830.44562,475.0
830.56403,475.2
830.68237,475.8
830.80072,468.6
830.91907,474.4
831.03741,474.4
831.15576,477.6
831.27411,473.4
831.3924,470.2
831.51074,475.2
831.62909,472.6
831.74744,472.8
831.86572,471.6
831.98407,477.4
832.10242,477.6
832.2207,476.4
832.33905,471.8
832.45734,474.2
832.57562,473.2
832.69397,473.8
832.81226,476.4
832.93054,475.4
833.04889,474.0
833.16718,470.6
833.28546,479.0
833.40375,476.0
833.52203,475.4
833.64032,473.2
833.75861,476.8
833.87689,477.4
833.99518,475.6
834.1134,466.4
834.23169,479.0
834.34998,474.2
834.46826,480.4
834.58649,471.6
834.70477,482.4
834.823,478.4
834.94128,483.4
835.05951,476.4
835.1778,476.2
835.29602,472.2
835.41425,475.2
835.53253,476.4
835.65076,476.6
835.76898,478.4
835.88721,477.2
836.00543,482.6
836.12366,478.0
836.24188,476.8
836.36011,478.2
836.47833,477.4
836.59656,480.0
836.71478,480.4
836.83295,485.2
836.95117,475.2
837.0694,479.8
837.18756,482.2
837.30579,480.0
837.42401,483.4
837.54218,479.0
837.66034,474.6
837.77856,476.6
837.89673,481.4
838.01489,484.0
838.13312,477.8
838.25128,480.2
838.36945,480.0
838.48761,482.8
838.60577,484.2
838.72394,482.4
838.8421,481.6
838.96027,478.2
839.07843,477.6
839.19659,480.6
839.31476,478.8
839.43286,482.0
839.55103,481.8
839.66919,479.4
839.78729,477.2
839.90546,480.8
840.02356,482.8
840.14172,483.0
840.25983,475.4
840.37793,476.8
840.49609,476.6
840.6142,480.8
840.7323,477.0
840.8504,479.4
840.96851,476.8
841.08661,476.8
841.20471,474.0
841.32281,481.8
841.44092,478.0
841.55902,477.8
841.67712,475.2
841.79523,484.4
841.91327,470.0
842.03137,478.0
842.14948,475.8
842.26752,475.2
842.38562,473.0
842.50366,470.6
842.62177,468.4
842.73981,472.0
842.85791,475.0
842.97595,478.6
843.09399,473.4
843.21204,478.6
843.33008,477.6
843.44818,474.4
843.56622,472.8
843.68427,472.6
843.80231,471.8
843.92029,473.4
844.03833,476.2
844.15637,472.0
844.27441,471.2
844.39246,480.6
844.51044,471.0
844.62848,471.0
844.74646,467.2
844.8645,472.0
844.98248,468.6
845.10052,475.0
845.21851,473.8
845.33649,472.4
845.45453,476.0
845.57251,475.2
845.69049,471.8
845.80847,473.2
845.92645,471.6
846.04443,475.4
846.16241,475.6
846.2804,471.0
846.39838,468.8
846.51636,478.0
846.63434,471.8
846.75226,475.4
846.87024,472.8
846.98822,470.6
847.10614,472.0
847.22412,472.8
847.34204,475.8
847.46002,472.0
847.57794,471.0
847.69586,478.8
847.81384,471.8
847.93176,474.6
848.04968,474.0
848.1676,473.8
848.28552,474.4
848.40344,472.4
848.52136,472.0
848.63928,473.4
848.7572,475.0
848.87512,471.8
848.99304,473.2
849.1109,474.0
849.22882,475.2
849.34674,470.8
849.4646,478.2
849.58252,472.8
849.70038,472.8
849.8183,472.8
849.93616,474.8
850.05402,474.2
850.17194,477.0
850.28979,479.4
850.40765,472.0
850.52551,472.4
850.64337,475.4
850.76123,474.4
850.87909,472.2
850.99695,475.8
851.11481,477.2
851.23267,474.6
851.35046,476.0
851.46832,476.6
851.58618,477.4
851.70398,478.4
851.82184,478.0
851.93964,479.8
852.0575,479.6
852.17529,480.2
852.29315,481.0
852.41095,474.8
852.52875,477.0
852.64655,475.0
852.7644,473.8
852.8822,476.0
853.0,472.4
853.1178,478.0
853.2356,475.6
853.35333,473.0
853.47113,474.8
853.58893,480.6
853.70673,471.4
853.82446,482.0
853.94226,477.6
854.06006,475.6
854.1778,470.6
854.29559,470.6
854.41333,472.2
854.53107,475.8
854.64886,482.4
854.7666,478.2
854.88434,476.4
855.00208,479.2
855.11981,477.6
855.23761,477.2
855.35535,479.6
855.47302,474.4
855.59076,476.6
855.7085,479.6
855.82623,470.6
855.94397,473.8
856.06165,479.4
856.17938,477.0
856.29712,475.2
856.41479,480.6
856.53253,472.8
856.65021,475.0
856.76788,477.6
856.88562,475.8
857.0033,475.8
857.12097,479.8
857.23865,477.8
857.35632,473.4
857.474,474.2
857.59167,479.0
857.70935,474.0
857.82703,476.8
857.9447,475.2
858.06238,473.2
858.18005,476.4
858.29767,474.4
858.41534,475.2
858.53296,472.6
858.65063,478.2
858.76825,473.0
858.88593,474.2
859.00354,478.0
859.12115,470.2
859.23883,469.4
859.35645,471.8
859.47406,476.4
859.59167,475.0
859.70929,479.0
859.8269,477.0
859.94452,472.8
860.06213,476.4
860.17975,475.4
860.29736,470.6
860.41492,468.8
860.53253,468.6
860.65009,471.2
860.7677,473.0
860.88525,476.8
861.00287,470.8
861.12042,472.6
861.23804,475.8
861.35559,480.2
861.47314,474.8
861.5907,476.2
861.70825,470.0
861.82581,473.6
861.94336,473.0
862.06091,468.6
862.17847,475.6
862.29602,475.2
862.41357,473.0
862.53113,474.4
862.64862,467.6
862.76617,470.8
862.88367,474.0
863.00122,471.6
863.11871,473.0
863.23627,471.8
863.35376,469.4
863.47125,474.6
863.58881,474.4
863.7063,474.2
863.82379,469.2
863.94128,471.2
864.05878,473.6
864.17627,475.2
864.29376,477.8
864.41125,471.2
864.52869,473.2
864.64618,471.4
864.76367,471.6
864.8811,472.6
864.9986,473.2
865.11609,471.0
865.23352,465.6
865.35095,471.8
865.46844,471.4
865.58588,467.8
865.70331,475.6
865.82074,471.4
865.93823,470.6
866.05566,471.0
866.1731,469.6
866.29053,474.0
866.4079,475.6
866.52533,478.0
866.64276,477.8
866.76019,467.8
866.87756,469.6
866.995,472.6
867.11243,471.6
867.2298,473.4
867.34723,469.4
867.4646,474.4
867.58197,470.6
867.6994,474.6
867.81677,467.2
867.93414,471.4
868.05151,475.6
868.16888,473.6
868.28625,472.0
868.40363,474.6
868.521,473.0
868.63837,472.6
868.75568,474.2
868.87305,470.0
868.99042,469.2
869.10773,474.4
869.2251,471.2
869.34241,477.2
869.45978,470.0
869.57709,476.0
869.69446,469.0
869.81177,480.0
869.92908,476.2
870.04639,475.2
870.1637,474.2
870.28101,473.2
870.39832,473.2
870.51563,472.0
870.63293,475.0
870.75024,472.2
870.86749,473.8
870.9848,473.0
871.10211,474.4
871.21936,472.6
871.33667,474.6
871.45392,477.2
871.57123,473.0
871.68848,475.2
871.80573,472.2
871.92297,472.6
872.04028,471.6
872.15753,473.2
872.27478,472.8
872.39203,471.8
872.50928,475.6
872.62646,472.2
872.74371,471.2
872.86096,477.0
872.97821,471.4
873.0954,469.2
873.21265,471.4
873.32983,467.0
873.44708,473.8
873.56427,477.0
873.68152,470.2
873.79871,472.8
873.91589,469.4
874.03308,468.0
874.15027,467.2
874.26746,474.4
874.38464,464.8
874.50183,474.0
874.61902,473.2
874.73621,471.6
874.85339,471.2
874.97052,474.2
875.08771,471.6
875.2049,469.8
875.32202,469.0
875.43921,473.0
875.55634,474.4
875.67346,474.4
875.79065,469.0
875.90778,475.2
876.0249,473.6
876.14203,471.2
876.25916,471.6
876.37628,474.4
876.49341,470.6
876.61053,473.4
876.72766,471.8
876.84473,476.8
876.96185,473.8
877.07898,472.6
877.19604,471.8
877.31317,471.4
877.43024,478.4
877.54736,475.6
877.66443,471.0
877.78149,474.4
877.89856,475.0
878.01569,470.6
878.13275,474.4
878.24982,475.4
878.36688,470.6
878.48395,474.6
878.60095,468.8
878.71802,472.6
878.83508,473.6
878.95215,473.2
879.06915,469.6
879.18622,473.2
879.30322,469.2
879.42029,473.0
879.53729,473.6
879.6543,474.8
879.77136,469.6
879.88837,474.8
880.00537,474.4
880.12238,470.4
880.23938,472.8
880.35638,475.0
880.47339,468.2
880.59039,468.4
880.70734,470.4
880.82434,472.0
880.94135,474.2
881.05829,475.6
881.17529,469.8
881.29224,473.4
881.40924,466.6
881.52618,467.8
881.64313,472.8
881.76007,473.6
881.87701,470.4
881.99402,474.4
882.11096,471.8
882.22791,468.8
882.34479,469.0
882.46173,473.8
882.57867,473.8
882.69562,475.2
882.8125,475.2
882.92944,479.6
883.04639,471.4
883.16327,476.0
883.28015,471.4
883.39709,473.8
883.51398,474.0
883.63086,470.4
883.74774,481.2
883.86462,471.2
883.98157,472.6
884.09839,473.6
884.21527,472.6
884.33215,473.4
884.44904,471.0
884.56592,474.6
884.68274,473.4
884.79962,474.2
884.9165,470.6
885.03333,476.8
885.15015,474.2
885.26703,474.0
885.38385,472.8
885.50067,479.4
885.61749,477.4
885.73438,474.2
885.8512,478.0
885.96802,480.4
886.08478,473.4
886.2016,478.0
886.31842,475.4
886.43524,474.8
886.55206,473.4
886.66882,477.6
886.78564,474.8
886.9024,475.2
887.01923,474.0
887.13599,474.2
887.25275,473.0
887.36951,479.8
887.48633,470.8
887.60309,478.0
887.71985,476.8
887.83661,475.2
887.95337,474.8
888.07007,468.6
888.18683,473.4
888.30359,476.4
888.42035,474.2
888.53705,475.6
888.65381,474.8
888.77051,478.8
888.88721,473.2
889.00397,472.2
889.12067,478.0
889.23737,475.2
889.35406,475.8
889.47083,467.8
889.58752,473.4
889.70416,475.2
889.82086,472.6
889.93756,472.0
890.05426,476.2
890.17096,474.4
890.2876,472.6
890.4043,469.2
890.52094,474.2
890.63763,470.0
890.75427,473.8
890.87091,474.8
890.98761,475.2
891.10425,473.0
891.22089,471.4
891.33752,473.6
891.45416,472.6
891.5708,471.2
891.68744,471.4
891.80408,480.8
891.92065,472.8
892.03729,476.6
892.15393,472.6
892.27051,477.4
892.38715,473.6
892.50372,478.2
892.6203,479.4
892.73694,474.8
892.85352,474.0
892.97009,476.8
893.08667,475.6
893.20325,473.0
893.31982,473.0
893.4364,474.2
893.55298,477.2
893.66956,481.2
893.78607,480.4
893.90265,480.8
894.01917,486.0
894.13574,479.2
894.25226,479.0
894.36884,484.4
894.48535,477.4
894.60187,481.6
894.71838,478.2
894.8349,479.6
894.95148,478.0
895.06793,478.2
895.18445,478.2
895.30096,474.8
895.41748,474.0
895.534,477.6
895.65045,476.6
895.76697,472.0
895.88342,473.2
895.99994,477.2
896.11639,480.0
896.23291,476.6
896.34937,476.8
896.46582,479.6
896.58228,478.8
896.69873,478.8
896.81519,478.8
896.93164,477.6
897.0481,476.0
897.16455,479.0
897.28094,472.8
897.3974,475.0
897.51385,479.0
897.63025,477.8
897.7467,470.0
897.8631,474.0
897.97949,475.4
898.09595,475.6
898.21234,473.6
898.32874,477.4
898.44513,479.2
898.56152,475.4
898.67792,473.0
898.79431,476.0
898.91064,474.6
899.02704,477.0
899.14343,473.6
899.25977,474.6
899.37616,474.8
899.49249,475.6
899.60889,476.2
899.72522,472.6
899.84155,473.2
899.95789,478.6
900.07428,472.2
900.19061,478.6
900.30695,475.2
900.42322,475.2
900.53955,470.8
900.65588,470.6
900.77222,473.4
900.88849,476.6
901.00482,467.0
901.12109,473.4
901.23743,474.4
901.3537,470.8
901.47003,470.4
901.5863,470.8
901.70258,475.2
901.81885,465.6
901.93512,469.4
902.05139,474.0
902.16766,473.2
902.28394,472.8
902.40021,468.2
902.51642,475.2
902.63269,472.8
902.7489,473.2
902.86517,471.2
902.98138,471.2
903.09766,467.4
903.21387,470.4
903.33008,477.0
903.44629,470.2
903.5625,467.0
903.67871,468.2
903.79492,463.2
903.91113,469.8
904.02734,468.6
904.14355,468.2
904.2597,471.8
904.37592,471.0
904.49207,473.6
904.60828,469.2
904.72443,465.8
904.84064,468.2
904.95679,464.4
905.07294,471.4
905.18909,466.4
905.30524,462.6
905.42139,466.4
905.53754,464.2
905.65369,466.6
905.76984,468.6
905.88593,466.6
906.00208,464.6
906.11816,466.6
906.23431,463.8
906.3504,468.0
906.46655,465.0
906.58264,461.4
906.69873,464.0
906.81482,464.2
906.93091,467.2
907.047,465.2
907.16309,466.0
907.27917,466.4
907.39526,467.2
907.51135,473.2
907.62738,467.0
907.74347,466.0
907.8595,460.0
907.97559,471.8
908.09161,467.2
908.2077,467.0
908.32373,467.0
908.43976,470.6
908.55579,468.0
908.67181,464.0
908.78784,473.4
908.90387,467.8
909.0199,467.4
909.13586,468.2
909.25189,468.4
909.36792,465.8
909.48389,466.4
909.59991,466.0
909.71588,471.2
909.83185,467.6
909.94788,464.4
910.06384,470.6
910.17981,466.2
910.29578,463.8
910.41174,468.0
910.52771,464.4
910.64368,471.0
910.75958,466.2
910.87555,469.8
910.99152,469.0
911.10742,466.8
911.22339,468.6
911.33929,467.4
911.4552,468.4
911.57117,465.8
911.68707,467.6
911.80298,467.8
911.91888,468.2
912.03479,461.8
912.1507,476.8
912.2666,468.0
912.38245,467.6
912.49835,464.6
912.61426,467.0
912.7301,468.8
912.84601,467.4
792.4458,881.8
792.56488,852.6
792.68396,858.8
792.8031,847.2
792.92218,826.2
793.04126,811.0
793.16034,814.2
793.27942,796.2
793.3985,784.8
793.51758,768.2
793.63672,760.2
793.7558,745.0
793.87488,739.0
793.9939,738.0
794.11298,721.8
794.23206,714.0
794.35114,703.6
794.47021,693.8
794.58929,683.0
794.70831,681.4
794.82739,681.4
794.94647,670.0
795.06549,665.8
795.18457,665.8
795.30365,650.8
795.42267,651.2
795.54175,640.8
795.66077,631.4
795.77985,636.2
795.89886,629.4
796.01794,629.0
796.13696,629.6
796.25598,619.2
796.375,616.4
796.49408,612.0
796.6131,608.0
796.73212,615.6
796.85114,607.0
796.97015,603.0
797.08923,592.0
797.20825,594.6
797.32727,595.2
797.44629,588.4
797.56531,581.4
797.68427,580.2
797.80328,584.0
797.9223,584.2
798.04132,579.6
798.16034,580.4
798.27936,578.2
798.39832,576.4
798.51733,569.8
798.63635,569.4
798.75531,576.8
798.87433,565.2
798.99329,562.8
799.1123,560.4
799.23126,559.2
799.35028,571.8
799.46924,567.0
799.58826,560.0
799.70721,565.4
799.82617,562.6
799.94519,560.6
800.06415,565.6
800.18311,560.6
800.30206,561.2
800.42102,558.0
800.54004,557.8
800.659,551.0
800.77795,556.4
800.89691,556.6
801.01587,554.0
801.13483,557.6
801.25372,559.6
801.37268,560.2
801.49164,555.2
801.6106,553.4
801.72955,557.2
801.84845,555.0
801.96741,551.0
802.08636,559.0
802.20526,557.2
802.32422,554.6
802.44318,557.4
802.56207,560.0
802.68103,553.6
802.79993,551.6
802.91882,559.6
803.03778,552.8
803.15668,553.6
803.27557,558.4
803.39453,553.6
803.51343,556.8
803.63232,555.2
803.75122,556.4
803.87012,555.4
803.98907,551.6
804.10797,557.6
804.22687,554.6
804.34576,559.8
804.46466,559.6
804.58356,557.2
804.70239,548.8
804.82129,553.6
804.94019,555.2
805.05908,560.6
805.17798,557.8
805.29681,559.8
805.41571,557.4
805.53461,560.6
805.65344,556.6
805.77234,559.2
805.89117,555.6
806.01007,562.6
806.12891,565.0
806.2478,558.6
806.36664,553.4
806.48547,559.6
806.60437,559.0
806.72321,559.8
806.84204,561.2
806.96088,558.2
807.07971,555.4
807.19861,560.2
807.31744,554.4
807.43628,565.8
807.55511,558.4
807.67395,558.0
807.79279,563.0
807.91162,563.6
808.0304,563.0
808.14923,565.0
808.26807,561.4
808.3869,563.0
808.50568,562.4
808.62451,569.6
808.74335,557.6
808.86212,565.4
808.98096,562.4
809.09979,560.0
809.21857,565.8
809.33734,567.8
809.45618,565.8
809.57495,573.4
809.69379,569.2
809.81256,567.8
809.93134,564.8
810.05011,560.8
810.16895,565.2
810.28772,564.8
810.40649,566.2
810.52527,566.8
810.64404,566.6
810.76282,570.8
810.88159,565.2
811.00037,566.2
811.11914,565.0
811.23792,559.8
811.35663,567.8
811.4754,575.6
811.59418,569.0
811.71295,573.4
811.83167,564.4
811.95044,569.8
812.06921,571.4
812.18793,569.4
812.3067,567.8
812.42542,568.0
812.54419,569.2
812.6629,570.4
812.78162,563.8
812.90039,568.8
813.0191,563.6
813.13782,564.4
813.25653,561.4
813.37524,566.4
813.49402,570.6
813.61273,575.8
813.73145,564.4
813.85016,567.4
813.96887,568.2
814.08759,565.6
814.2063,559.4
814.32495,567.0
814.44366,559.6
814.56238,563.2
814.68109,566.4
814.79974,559.2
814.91846,555.0
815.03717,561.6
815.15582,556.6
815.27454,559.2
815.39319,550.0
815.5119,553.6
815.63055,552.0
815.74927,552.6
815.86792,554.0
815.98657,557.4
816.10529,550.2
816.22394,552.6
816.34259,555.8
816.46124,561.0
816.5799,559.4
816.69855,566.2
816.8172,558.8
816.93585,561.8
817.0545,552.2
817.17316,552.8
817.29181,545.8
817.41046,546.0
817.52911,544.6
817.64771,542.6
817.76636,536.2
817.88501,540.0
818.0036,537.2
818.12225,537.8
818.24091,529.2
818.3595,527.6
818.47815,526.6
818.59674,528.0
818.71533,530.2
818.83398,526.2
818.95258,524.6
819.07117,521.8
819.18976,517.4
819.30841,518.4
819.427,526.0
819.54559,527.6
819.66418,520.0
819.78278,518.0
819.90137,518.2
820.01996,517.8
820.13855,516.6
820.25714,516.8
820.37573,513.2
820.49426,511.4
820.61285,512.6
820.73145,516.0
820.84998,508.0
820.96857,506.2
821.08716,509.6
821.20569,503.8
821.32428,505.2
821.44281,505.2
821.56134,506.4
821.67993,508.4
821.79846,501.4
821.91699,508.4
822.03558,507.4
822.15411,501.6
822.27264,503.8
822.39117,506.8
822.5097,506.0
822.62823,506.8
822.74677,506.6
822.8653,504.2
822.98383,502.4
823.10236,507.8
823.22089,504.8
823.33942,500.8
823.45789,506.4
823.57642,507.6
823.69495,502.8
823.81342,507.0
823.93195,496.4
824.05042,511.8
824.16895,504.6
824.28741,503.8
824.40594,499.6
824.52441,502.4
824.64288,503.4
824.76141,504.6
824.87988,501.0
824.99835,498.4
825.11682,499.6
825.23529,497.8
825.35376,504.0
825.47223,495.6
825.5907,501.6
825.70917,498.8
825.82764,498.8
825.94611,494.2
826.06458,493.4
826.18304,494.6
826.30145,495.6
826.41992,498.6
826.53839,494.6
826.6568,498.6
826.77527,496.4
826.89368,501.6
827.01215,499.2
827.13055,499.2
827.24902,498.0
827.36743,495.4
827.48584,494.4
827.60431,497.8
827.72272,489.0
827.84113,492.6
827.95953,486.8
828.07794,490.4
828.19635,485.6
828.31476,488.0
828.43317,485.2
828.55157,490.6
828.66998,488.4
828.78839,493.2
828.90674,488.6
829.02515,488.0
829.14355,492.8
829.2619,489.8
829.38031,485.0
829.49872,488.0
829.61707,484.8
829.73547,490.0
829.85382,490.2
829.97217,489.0
830.09058,487.0
830.20892,487.4
830.32727,485.8
830.44562,490.0
830.56403,491.4
830.68237,490.0
830.80072,489.4
830.91907,488.4
831.03741,493.4
831.15576,491.6
831.27411,486.6
831.3924,491.6
831.51074,491.8
831.62909,489.4
831.74744,492.0
831.86572,489.8
831.98407,492.8
832.10242,492.6
832.2207,492.0
832.33905,491.6
832.45734,489.4
832.57562,492.2
832.69397,483.4
832.81226,494.6
832.93054,491.2
833.04889,489.4
833.16718,490.0
833.28546,497.6
833.40375,503.8
833.52203,494.6
833.64032,495.2
833.75861,501.6
833.87689,499.4
833.99518,505.0
834.1134,508.8
834.23169,506.2
834.34998,503.2
834.46826,510.0
834.58649,503.8
834.70477,506.4
834.823,505.8
834.94128,508.0
835.05951,501.4
835.1778,504.6
835.29602,499.2
835.41425,501.8
835.53253,496.8
835.65076,499.4
835.76898,499.2
835.88721,498.8
836.00543,496.8
836.12366,500.2
836.24188,492.4
836.36011,493.6
836.47833,494.0
836.59656,499.0
836.71478,496.0
836.83295,498.0
836.95117,493.2
837.0694,502.0
837.18756,497.4
837.30579,496.4
837.42401,496.6
837.54218,499.6
837.66034,493.6
837.77856,501.2
837.89673,498.0
838.01489,495.4
838.13312,493.8
838.25128,499.8
838.36945,496.2
838.48761,491.2
838.60577,498.0
838.72394,498.8
838.8421,496.2
838.96027,495.0
839.07843,497.2
839.19659,494.0
839.31476,498.0
839.43286,498.8
839.55103,502.6
839.66919,498.8
839.78729,498.4
839.90546,496.0
840.02356,496.2
840.14172,496.4
840.25983,498.2
840.37793,497.0
840.49609,498.2
840.6142,500.4
840.7323,493.4
840.8504,496.2
840.96851,493.0
841.08661,496.6
841.20471,497.0
841.32281,495.8
841.44092,497.4
841.55902,498.4
841.67712,495.8
841.79523,500.2
841.91327,495.4
842.03137,496.6
842.14948,498.4
842.26752,493.2
842.38562,496.6
842.50366,495.0
842.62177,496.0
842.73981,493.6
842.85791,493.0
842.97595,498.0
843.09399,500.8
843.21204,496.6
843.33008,494.8
843.44818,499.2
843.56622,494.8
843.68427,496.6
843.80231,499.2
843.92029,496.4
844.03833,499.8
844.15637,494.2
844.27441,492.8
844.39246,506.2
844.51044,496.2
844.62848,494.6
844.74646,495.0
844.8645,494.8
844.98248,488.6
845.10052,492.8
845.21851,496.0
845.33649,497.6
845.45453,492.4
845.57251,498.4
845.69049,491.4
845.80847,495.0
845.92645,496.2
846.04443,492.4
846.16241,493.6
846.2804,498.4
846.39838,494.8
846.51636,491.8
846.63434,491.6
846.75226,499.4
846.87024,495.6
846.98822,495.0
847.10614,494.4
847.22412,494.6
847.34204,496.6
847.46002,499.0
847.57794,498.4
847.69586,502.0
847.81384,491.6
847.93176,500.4
848.04968,501.2
848.1676,503.6
848.28552,497.6
848.40344,502.8
848.52136,496.6
848.63928,497.0
848.7572,497.2
848.87512,501.6
848.99304,496.0
849.1109,500.6
849.22882,499.0
849.34674,494.8
849.4646,497.6
849.58252,498.0
849.70038,500.4
849.8183,497.8
849.93616,500.2
850.05402,506.0
850.17194,497.0
850.28979,502.0
850.40765,500.0
850.52551,505.6
850.64337,501.8
850.76123,503.4
850.87909,501.0
850.99695,504.8
851.11481,509.2
851.23267,510.6
851.35046,508.6
851.46832,507.8
851.58618,512.6
851.70398,520.4
851.82184,514.8
851.93964,523.8
852.0575,526.0
852.17529,533.6
852.29315,520.6
852.41095,529.6
852.52875,514.2
852.64655,512.0
852.7644,509.0
852.8822,508.6
853.0,499.6
853.1178,500.2
853.2356,501.8
853.35333,504.8
853.47113,492.8
853.58893,499.6
853.70673,495.0
853.82446,497.4
853.94226,498.8
854.06006,501.8
854.1778,504.4
854.29559,499.6
854.41333,497.2
854.53107,504.2
854.64886,503.2
854.7666,500.4
854.88434,498.0
855.00208,506.4
855.11981,496.8
855.23761,497.0
855.35535,506.2
855.47302,505.6
855.59076,498.2
855.7085,499.8
855.82623,501.8
855.94397,504.0
856.06165,498.4
856.17938,505.4
856.29712,497.0
856.41479,502.8
856.53253,501.0
856.65021,495.0
856.76788,498.8
856.88562,498.6
857.0033,491.6
857.12097,499.0
857.23865,496.8
857.35632,496.8
857.474,495.0
857.59167,498.0
857.70935,499.6
857.82703,494.2
857.9447,491.6
858.06238,494.4
858.18005,495.8
858.29767,494.8
858.41534,495.6
858.53296,492.8
858.65063,492.8
858.76825,496.6
858.88593,496.6
859.00354,491.4
859.12115,493.2
859.23883,493.8
859.35645,490.4
859.47406,496.0
859.59167,493.2
859.70929,493.2
859.8269,492.6
859.94452,492.4
860.06213,492.4
860.17975,493.6
860.29736,488.6
860.41492,490.4
860.53253,488.4
860.65009,485.8
860.7677,490.0
860.88525,487.8
861.00287,488.2
861.12042,489.6
861.23804,490.4
861.35559,491.6
861.47314,494.6
861.5907,492.4
861.70825,488.4
861.82581,487.0
861.94336,487.6
862.06091,490.4
862.17847,489.0
862.29602,486.4
862.41357,491.4
862.53113,486.8
862.64862,488.2
862.76617,488.0
862.88367,491.4
863.00122,489.0
863.11871,493.0
863.23627,490.8
863.35376,488.8
863.47125,491.2
863.58881,489.4
863.7063,486.2
863.82379,485.6
863.94128,484.6
864.05878,487.6
864.17627,490.4
864.29376,489.2
864.41125,489.6
864.52869,485.2
864.64618,493.8
864.76367,485.8
864.8811,487.0
864.9986,486.4
865.11609,488.4
865.23352,486.6
865.35095,488.6
865.46844,485.2
865.58588,485.0
865.70331,488.2
865.82074,486.4
865.93823,488.4
866.05566,484.4
866.1731,482.6
866.29053,488.4
866.4079,488.6
866.52533,485.6
866.64276,485.6
866.76019,488.2
866.87756,489.8
866.995,493.4
867.11243,486.4
867.2298,493.4
867.34723,487.8
867.4646,490.4
867.58197,487.6
867.6994,492.6
867.81677,480.0
867.93414,492.0
868.05151,485.2
868.16888,486.4
868.28625,487.0
868.40363,488.8
868.521,487.4
868.63837,485.0
868.75568,489.6
868.87305,491.2
868.99042,486.2
869.10773,488.6
869.2251,489.4
869.34241,493.6
869.45978,489.0
869.57709,491.2
869.69446,485.8
869.81177,493.8
869.92908,490.0
870.04639,496.8
870.1637,490.8
870.28101,494.0
870.39832,491.6
870.51563,491.0
870.63293,496.2
870.75024,494.8
870.86749,491.0
870.9848,491.6
871.10211,491.6
871.21936,491.6
871.33667,495.2
871.45392,489.2
871.57123,491.4
871.68848,493.0
871.80573,494.0
871.92297,491.8
872.04028,489.4
872.15753,490.2
872.27478,488.2
872.39203,491.8
872.50928,490.4
872.62646,491.8
872.74371,494.0
872.86096,493.4
872.97821,491.6
873.0954,489.0
873.21265,490.8
873.32983,485.4
873.44708,491.6
873.56427,489.4
873.68152,485.0
873.79871,489.4
873.91589,491.6
874.03308,493.4
874.15027,493.6
874.26746,487.6
874.38464,485.2
874.50183,492.6
874.61902,487.0
874.73621,486.4
874.85339,487.8
874.97052,496.0
875.08771,490.2
875.2049,486.6
875.32202,489.8
875.43921,492.8
875.55634,488.2
875.67346,496.2
875.79065,493.0
875.90778,495.6
876.0249,494.0
876.14203,495.2
876.25916,492.0
876.37628,492.0
876.49341,493.4
876.61053,491.6
876.72766,490.4
876.84473,492.0
876.96185,495.2
877.07898,494.2
877.19604,493.8
877.31317,494.6
877.43024,490.2
877.54736,490.2
877.66443,492.4
877.78149,490.8
877.89856,491.2
878.01569,495.8
878.13275,492.0
878.24982,491.2
878.36688,489.4
878.48395,486.8
878.60095,486.8
878.71802,489.0
878.83508,480.6
878.95215,487.0
879.06915,485.4
879.18622,490.6
879.30322,489.0
879.42029,489.4
879.53729,487.8
879.6543,494.0
879.77136,491.0
879.88837,487.6
880.00537,489.8
880.12238,486.8
880.23938,483.4
880.35638,492.6
880.47339,485.2
880.59039,489.2
880.70734,487.6
880.82434,489.6
880.94135,487.6
881.05829,485.8
881.17529,486.0
881.29224,489.0
881.40924,485.6
881.52618,485.0
881.64313,481.8
881.76007,490.2
881.87701,486.4
881.99402,484.2
882.11096,488.6
882.22791,488.8
882.34479,485.4
882.46173,488.8
882.57867,488.0
882.69562,490.2
882.8125,491.8
882.92944,492.6
883.04639,487.6
883.16327,496.2
883.28015,488.8
883.39709,488.8
883.51398,487.2
883.63086,488.8
883.74774,495.0
883.86462,493.2
883.98157,492.0
884.09839,494.4
884.21527,491.4
884.33215,492.0
884.44904,492.0
884.56592,493.2
884.68274,495.4
884.79962,495.0
884.9165,495.0
885.03333,501.6
885.15015,495.8
885.26703,496.4
885.38385,496.8
885.50067,502.2
885.61749,501.6
885.73438,502.4
885.8512,498.4
885.96802,496.2
886.08478,499.0
886.2016,503.8
886.31842,496.8
886.43524,495.0
886.55206,498.2
886.66882,502.0
886.78564,495.0
886.9024,497.2
887.01923,494.4
887.13599,487.2
887.25275,487.2
887.36951,492.4
887.48633,489.8
887.60309,493.2
887.71985,491.2
887.83661,487.6
887.95337,482.8
888.07007,480.2
888.18683,482.6
888.30359,486.8
888.42035,484.6
888.53705,485.2
888.65381,482.6
888.77051,481.8
888.88721,483.0
889.00397,479.8
889.12067,481.0
889.23737,483.0
889.35406,477.8
889.47083,483.8
889.58752,477.4
889.70416,485.2
889.82086,476.4
889.93756,482.4
890.05426,480.4
890.17096,483.2
890.2876,480.8
890.4043,481.8
890.52094,480.8
890.63763,478.0
890.75427,479.8
890.87091,483.8
890.98761,482.6
891.10425,480.6
891.22089,482.0
891.33752,484.8
891.45416,481.4
891.5708,482.0
891.68744,485.2
891.80408,483.2
891.92065,483.2
892.03729,482.4
892.15393,483.6
892.27051,482.4
892.38715,481.8
892.50372,484.0
892.6203,482.6
892.73694,484.8
892.85352,482.4
892.97009,485.6
893.08667,482.4
893.20325,482.4
893.31982,483.4
893.4364,488.4
893.55298,481.8
893.66956,485.6
893.78607,484.4
893.90265,488.8
894.01917,488.4
894.13574,489.6
894.25226,486.2
894.36884,488.2
894.48535,487.2
894.60187,489.2
894.71838,487.2
894.8349,483.6
894.95148,483.8
895.06793,483.8
895.18445,484.4
895.30096,487.6
895.41748,485.2
895.534,482.2
895.65045,486.2
895.76697,485.0
895.88342,485.6
895.99994,483.0
896.11639,481.8
896.23291,484.2
896.34937,486.6
896.46582,485.8
896.58228,485.0
896.69873,483.4
896.81519,484.4
896.93164,480.4
897.0481,488.0
897.16455,494.0
897.28094,489.6
897.3974,482.6
897.51385,490.6
897.63025,489.6
897.7467,490.4
897.8631,485.8
897.97949,489.0
898.09595,489.2
898.21234,487.4
898.32874,488.4
898.44513,480.6
898.56152,488.2
898.67792,487.6
898.79431,479.2
898.91064,482.4
899.02704,484.8
899.14343,484.2
899.25977,480.6
899.37616,485.6
899.49249,481.6
899.60889,479.4
899.72522,483.0
899.84155,481.6
899.95789,490.0
900.07428,482.6
900.19061,483.6
900.30695,481.4
900.42322,483.2
900.53955,487.6
900.65588,488.0
900.77222,480.0
900.88849,489.0
901.00482,484.0
901.12109,485.6
901.23743,485.2
901.3537,481.0
901.47003,485.0
901.5863,483.2
901.70258,483.2
901.81885,485.0
901.93512,485.0
902.05139,488.0
902.16766,485.4
902.28394,485.2
902.40021,483.2
902.51642,485.0
902.63269,488.2
902.7489,484.6
902.86517,483.8
902.98138,485.6
903.09766,481.6
903.21387,481.8
903.33008,483.6
903.44629,486.8
903.5625,483.0
903.67871,486.8
903.79492,487.2
903.91113,481.6
904.02734,477.6
904.14355,483.8
904.2597,485.2
904.37592,479.0
904.49207,479.4
904.60828,477.0
904.72443,479.8
904.84064,481.8
904.95679,474.4
905.07294,480.8
905.18909,479.0
905.30524,480.0
905.42139,474.0
905.53754,477.0
905.65369,472.4
905.76984,476.4
905.88593,468.6
906.00208,474.2
906.11816,469.8
906.23431,471.6
906.3504,470.8
906.46655,467.0
906.58264,469.6
906.69873,466.8
906.81482,468.6
906.93091,473.6
907.047,469.0
907.16309,473.4
907.27917,472.8
907.39526,474.0
907.51135,468.6
907.62738,470.4
907.74347,472.6
907.8595,470.2
907.97559,469.6
908.09161,470.0
908.2077,471.4
908.32373,472.6
908.43976,469.0
908.55579,467.0
908.67181,474.6
908.78784,474.0
908.90387,470.4
909.0199,471.6
909.13586,472.6
909.25189,470.0
909.36792,465.4
909.48389,471.4
909.59991,467.2
909.71588,470.6
909.83185,470.8
909.94788,469.8
910.06384,468.8
910.17981,474.0
910.29578,468.2
910.41174,469.2
910.52771,470.8
910.64368,472.8
910.75958,464.4
910.87555,469.0
910.99152,468.8
911.10742,465.8
911.22339,471.2
911.33929,472.8
911.4552,468.6
911.57117,466.6
911.68707,471.6
911.80298,470.2
911.91888,471.8
912.03479,468.6
912.1507,471.6
912.2666,473.0
912.38245,473.0
912.49835,469.8
912.61426,468.6
912.7301,470.2
912.84601,471.6
792.4458,690.6
792.56488,675.6
792.68396,682.4
792.8031,672.2
792.92218,659.2
793.04126,647.8
793.16034,649.0
793.27942,645.4
793.3985,640.2
793.51758,622.4
793.63672,626.4
793.7558,610.2
793.87488,622.6
793.9939,619.4
794.11298,611.0
794.23206,608.6
794.35114,596.6
794.47021,591.0
794.58929,594.2
794.70831,588.0
794.82739,587.2
794.94647,584.8
795.06549,583.8
795.18457,582.0
795.30365,578.2
795.42267,568.2
795.54175,573.6
795.66077,565.4
795.77985,569.8
795.89886,562.2
796.01794,570.2
796.13696,558.8
796.25598,566.4
796.375,559.4
796.49408,559.8
796.6131,551.0
796.73212,552.6
796.85114,558.8
796.97015,549.4
797.08923,549.8
797.20825,546.2
797.32727,549.2
797.44629,547.0
797.56531,547.6
797.68427,544.6
797.80328,542.2
797.9223,547.0
798.04132,544.0
798.16034,543.2
798.27936,544.2
798.39832,546.2
798.51733,530.8
798.63635,538.0
798.75531,539.2
798.87433,536.0
798.99329,532.2
799.1123,535.8
799.23126,539.6
799.35028,536.0
799.46924,539.4
799.58826,542.0
799.70721,538.0
799.82617,537.2
799.94519,538.0
800.06415,535.6
800.18311,537.8
800.30206,532.4
800.42102,537.2
800.54004,539.8
800.659,539.4
800.77795,538.2
800.89691,535.4
801.01587,531.6
801.13483,536.0
801.25372,539.2
801.37268,538.8
801.49164,539.2
801.6106,539.2
801.72955,540.2
801.84845,540.8
801.96741,540.0
802.08636,542.4
802.20526,540.8
802.32422,536.0
802.44318,539.0
802.56207,541.0
802.68103,544.2
802.79993,539.6
802.91882,539.4
803.03778,535.6
803.15668,540.6
803.27557,542.0
803.39453,532.6
803.51343,539.0
803.63232,537.6
803.75122,539.4
803.87012,539.2
803.98907,537.8
804.10797,540.4
804.22687,541.8
804.34576,538.2
804.46466,540.0
804.58356,540.6
804.70239,539.0
804.82129,541.6
804.94019,539.4
805.05908,539.0
805.17798,543.8
805.29681,546.6
805.41571,544.4
805.53461,543.6
805.65344,540.0
805.77234,555.0
805.89117,546.0
806.01007,550.4
806.12891,547.2
806.2478,543.4
806.36664,538.8
806.48547,548.8
806.60437,546.4
806.72321,538.6
806.84204,548.8
806.96088,541.6
807.07971,545.6
807.19861,554.2
807.31744,549.8
807.43628,545.6
807.55511,547.0
807.67395,543.0
807.79279,547.6
807.91162,547.6
808.0304,548.8
808.14923,550.8
808.26807,544.8
808.3869,552.2
808.50568,549.2
808.62451,545.6
808.74335,547.6
808.86212,548.8
808.98096,554.2
809.09979,550.8
809.21857,553.2
809.33734,549.2
809.45618,551.6
809.57495,550.2
809.69379,549.2
809.81256,556.2
809.93134,554.2
810.05011,545.2
810.16895,550.8
810.28772,550.2
810.40649,549.8
810.52527,552.6
810.64404,555.8
810.76282,548.8
810.88159,557.4
811.00037,548.4
811.11914,545.4
811.23792,548.2
811.35663,557.0
811.4754,548.6
811.59418,551.6
811.71295,554.4
811.83167,555.2
811.95044,550.2
812.06921,557.0
812.18793,545.8
812.3067,548.8
812.42542,554.6
812.54419,552.2
812.6629,561.4
812.78162,557.8
812.90039,546.0
813.0191,552.6
813.13782,553.4
813.25653,549.6
813.37524,548.0
813.49402,550.4
813.61273,556.2
813.73145,547.4
813.85016,551.6
813.96887,547.4
814.08759,549.2
814.2063,554.2
814.32495,552.2
814.44366,548.0
814.56238,549.4
814.68109,549.6
814.79974,544.0
814.91846,548.0
815.03717,548.6
815.15582,545.2
815.27454,544.6
815.39319,542.2
815.5119,546.4
815.63055,541.4
815.74927,539.8
815.86792,540.2
815.98657,543.8
816.10529,546.2
816.22394,542.0
816.34259,544.2
816.46124,545.0
816.5799,547.0
816.69855,546.0
816.8172,543.6
816.93585,541.4
817.0545,547.2
817.17316,538.0
817.29181,535.8
817.41046,531.0
817.52911,530.6
817.64771,531.8
817.76636,522.2
817.88501,527.2
818.0036,520.2
818.12225,523.8
818.24091,520.4
818.3595,511.8
818.47815,514.8
818.59674,520.6
818.71533,511.2
818.83398,512.4
818.95258,509.2
819.07117,507.2
819.18976,511.4
819.30841,509.6
819.427,513.2
819.54559,513.6
819.66418,510.6
819.78278,506.8
819.90137,507.0
820.01996,508.6
820.13855,507.6
820.25714,505.6
820.37573,505.4
820.49426,504.4
820.61285,506.8
820.73145,502.4
820.84998,496.2
820.96857,498.8
821.08716,502.2
821.20569,501.6
821.32428,496.8
821.44281,494.0
821.56134,498.6
821.67993,492.8
821.79846,499.2
821.91699,496.4
822.03558,497.0
822.15411,502.4
822.27264,495.6
822.39117,499.4
822.5097,496.8
822.62823,498.0
822.74677,501.2
822.8653,496.4
822.98383,496.6
823.10236,495.8
823.22089,494.0
823.33942,500.6
823.45789,491.2
823.57642,498.0
823.69495,500.4
823.81342,495.0
823.93195,494.8
824.05042,498.8
824.16895,500.6
824.28741,496.4
824.40594,500.4
824.52441,496.2
824.64288,498.6
824.76141,497.6
824.87988,497.2
824.99835,496.6
825.11682,495.4
825.23529,499.0
825.35376,493.8
825.47223,492.8
825.5907,490.0
825.70917,497.6
825.82764,492.4
825.94611,492.6
826.06458,490.8
826.18304,491.0
826.30145,493.4
826.41992,491.8
826.53839,489.6
826.6568,491.2
826.77527,491.6
826.89368,489.6
827.01215,489.4
827.13055,494.6
827.24902,490.6
827.36743,486.0
827.48584,486.6
827.60431,491.2
827.72272,487.6
827.84113,485.4
827.95953,489.0
828.07794,486.4
828.19635,483.4
828.31476,488.0
828.43317,488.6
828.55157,482.2
828.66998,487.0
828.78839,490.6
828.90674,490.0
829.02515,486.8
829.14355,490.0
829.2619,486.8
829.38031,482.4
829.49872,478.6
829.61707,485.6
829.73547,482.0
829.85382,486.2
829.97217,486.8
830.09058,481.6
830.20892,485.4
830.32727,481.8
830.44562,487.2
830.56403,490.8
830.68237,487.4
830.80072,490.2
830.91907,489.6
831.03741,489.2
831.15576,488.8
831.27411,483.6
831.3924,484.8
831.51074,483.8
831.62909,480.8
831.74744,481.4
831.86572,488.8
831.98407,482.6
832.10242,485.0
832.2207,487.4
832.33905,484.8
832.45734,485.4
832.57562,489.4
832.69397,482.6
832.81226,490.0
832.93054,481.6
833.04889,485.6
833.16718,481.4
833.28546,490.6
833.40375,491.8
833.52203,488.0
833.64032,485.4
833.75861,486.2
833.87689,484.4
833.99518,493.8
834.1134,491.6
834.23169,490.0
834.34998,490.0
834.46826,495.2
834.58649,491.2
834.70477,496.2
834.823,488.4
834.94128,498.0
835.05951,486.2
835.1778,493.4
835.29602,486.2
835.41425,490.0
835.53253,488.8
835.65076,490.4
835.76898,493.4
835.88721,493.6
836.00543,494.0
836.12366,491.4
836.24188,488.0
836.36011,495.6
836.47833,494.2
836.59656,495.8
836.71478,497.2
836.83295,492.0
836.95117,494.0
837.0694,494.8
837.18756,489.4
837.30579,496.6
837.42401,495.8
837.54218,492.4
837.66034,492.4
837.77856,492.8
837.89673,493.6
838.01489,495.2
838.13312,488.0
838.25128,489.8
838.36945,490.4
838.48761,494.6
838.60577,494.6
838.72394,495.0
838.8421,495.2
838.96027,493.2
839.07843,491.8
839.19659,494.0
839.31476,493.0
839.43286,490.6
839.55103,494.2
839.66919,494.0
839.78729,491.8
839.90546,490.2
840.02356,489.0
840.14172,494.2
840.25983,490.6
840.37793,488.2
840.49609,490.2
840.6142,491.4
840.7323,490.2
840.8504,487.0
840.96851,489.4
841.08661,492.2
841.20471,486.8
841.32281,495.2
841.44092,487.8
841.55902,490.4
841.67712,483.4
841.79523,486.2
841.91327,488.2
842.03137,488.0
842.14948,489.6
842.26752,483.0
842.38562,486.4
842.50366,484.4
842.62177,485.4
842.73981,487.4
842.85791,491.6
842.97595,487.0
843.09399,483.8
843.21204,488.2
843.33008,487.4
843.44818,490.2
843.56622,487.6
843.68427,486.8
843.80231,486.2
843.92029,489.0
844.03833,491.0
844.15637,482.4
844.27441,489.8
844.39246,487.6
844.51044,482.6
844.62848,483.8
844.74646,484.0
844.8645,486.4
844.98248,484.4
845.10052,485.6
845.21851,490.8
845.33649,484.2
845.45453,487.4
845.57251,490.2
845.69049,488.4
845.80847,483.4
845.92645,485.2
846.04443,486.2
846.16241,488.2
846.2804,480.4
846.39838,491.0
846.51636,486.6
846.63434,489.2
846.75226,488.4
846.87024,484.2
846.98822,483.6
847.10614,485.0
847.22412,484.0
847.34204,486.8
847.46002,487.0
847.57794,485.2
847.69586,488.4
847.81384,487.2
847.93176,487.6
848.04968,488.2
848.1676,489.4
848.28552,488.4
848.40344,490.4
848.52136,487.6
848.63928,492.0
848.7572,488.8
848.87512,487.6
848.99304,489.4
849.1109,484.0
849.22882,487.2
849.34674,482.4
849.4646,486.2
849.58252,484.4
849.70038,485.8
849.8183,486.6
849.93616,495.6
850.05402,491.4
850.17194,487.8
850.28979,491.2
850.40765,489.0
850.52551,488.4
850.64337,490.4
850.76123,486.4
850.87909,488.0
850.99695,491.0
851.11481,492.4
851.23267,491.8
851.35046,497.2
851.46832,495.4
851.58618,494.2
851.70398,498.4
851.82184,500.2
851.93964,504.0
852.0575,506.6
852.17529,508.2
852.29315,506.4
852.41095,495.2
852.52875,495.8
852.64655,494.0
852.7644,495.6
852.8822,496.6
853.0,487.8
853.1178,492.0
853.2356,490.6
853.35333,490.0
853.47113,490.6
853.58893,491.2
853.70673,495.2
853.82446,490.8
853.94226,488.2
854.06006,492.2
854.1778,494.6
854.29559,486.8
854.41333,490.4
854.53107,491.6
854.64886,496.6
854.7666,489.0
854.88434,490.4
855.00208,489.4
855.11981,490.6
855.23761,494.0
855.35535,494.2
855.47302,488.8
855.59076,494.0
855.7085,494.2
855.82623,494.2
855.94397,495.2
856.06165,487.2
856.17938,494.4
856.29712,494.8
856.41479,494.2
856.53253,489.2
856.65021,486.0
856.76788,488.8
856.88562,492.0
857.0033,493.6
857.12097,491.2
857.23865,490.6
857.35632,485.8
857.474,487.4
857.59167,487.2
857.70935,488.4
857.82703,487.6
857.9447,487.0
858.06238,486.8
858.18005,487.4
858.29767,492.2
858.41534,487.6
858.53296,489.8
858.65063,491.6
858.76825,489.6
858.88593,491.6
859.00354,493.4
859.12115,486.8
859.23883,491.4
859.35645,487.8
859.47406,486.2
859.59167,487.2
859.70929,488.0
859.8269,493.6
859.94452,491.8
860.06213,487.8
860.17975,488.2
860.29736,486.0
860.41492,483.8
860.53253,488.4
860.65009,484.0
860.7677,487.4
860.88525,488.6
861.00287,489.0
861.12042,486.2
861.23804,490.8
861.35559,485.2
861.47314,490.0
861.5907,482.4
861.70825,482.8
861.82581,485.4
861.94336,484.6
862.06091,485.4
862.17847,487.0
862.29602,485.6
862.41357,483.4
862.53113,488.8
862.64862,481.8
862.76617,478.6
862.88367,486.4
863.00122,483.2
863.11871,483.2
863.23627,487.8
863.35376,485.6
863.47125,490.6
863.58881,481.4
863.7063,485.8
863.82379,481.6
863.94128,486.0
864.05878,481.4
864.17627,481.4
864.29376,486.8
864.41125,481.4
864.52869,484.6
864.64618,484.4
864.76367,481.0
864.8811,484.4
864.9986,482.0
865.11609,486.8
865.23352,476.6
865.35095,484.8
865.46844,482.6
865.58588,485.2
865.70331,486.0
865.82074,485.0
865.93823,489.0
866.05566,482.0
866.1731,479.8
866.29053,486.6
866.4079,479.6
866.52533,483.8
866.64276,486.2
866.76019,480.8
866.87756,481.6
866.995,488.4
867.11243,486.4
867.2298,484.6
867.34723,488.6
867.4646,486.8
867.58197,482.0
867.6994,485.0
867.81677,487.0
867.93414,486.6
868.05151,482.4
868.16888,481.0
868.28625,484.2
868.40363,482.4
868.521,484.4
868.63837,487.2
868.75568,485.4
868.87305,488.6
868.99042,485.8
869.10773,485.2
869.2251,485.0
869.34241,487.2
869.45978,484.4
869.57709,488.6
869.69446,479.2
869.81177,487.4
869.92908,487.6
870.04639,489.2
870.1637,484.2
870.28101,486.0
870.39832,485.6
870.51563,491.4
870.63293,484.4
870.75024,488.4
870.86749,484.2
870.9848,486.0
871.10211,487.8
871.21936,487.0
871.33667,490.0
871.45392,489.0
871.57123,484.6
871.68848,488.2
871.80573,483.8
871.92297,486.2
872.04028,486.2
872.15753,484.8
872.27478,483.8
872.39203,487.4
872.50928,486.0
872.62646,489.0
872.74371,488.0
872.86096,485.8
872.97821,488.2
873.0954,485.2
873.21265,484.4
873.32983,483.8
873.44708,482.6
873.56427,490.2
873.68152,486.2
873.79871,483.0
873.91589,484.6
874.03308,482.2
874.15027,485.0
874.26746,483.2
874.38464,488.2
874.50183,485.8
874.61902,482.0
874.73621,480.8
874.85339,488.2
874.97052,489.4
875.08771,486.2
875.2049,488.2
875.32202,482.4
875.43921,487.8
875.55634,491.0
875.67346,486.2
875.79065,487.6
875.90778,488.0
876.0249,488.8
876.14203,484.2
876.25916,484.2
876.37628,485.8
876.49341,491.4
876.61053,488.4
876.72766,491.0
876.84473,496.0
876.96185,486.4
877.07898,490.8
877.19604,488.6
877.31317,487.8
877.43024,484.4
877.54736,485.4
877.66443,487.0
877.78149,488.4
877.89856,489.2
878.01569,486.0
878.13275,482.4
878.24982,485.4
878.36688,489.0
878.48395,488.4
878.60095,485.2
878.71802,484.6
878.83508,485.0
878.95215,484.6
879.06915,482.6
879.18622,487.0
879.30322,481.4
879.42029,481.0
879.53729,487.2
879.6543,484.8
879.77136,479.4
879.88837,486.4
880.00537,488.4
880.12238,487.0
880.23938,483.8
880.35638,483.2
880.47339,483.4
880.59039,485.8
880.70734,481.8
880.82434,485.4
880.94135,486.6
881.05829,490.0
881.17529,489.8
881.29224,486.4
881.40924,483.2
881.52618,479.8
881.64313,482.8
881.76007,484.0
881.87701,488.2
881.99402,486.2
882.11096,486.6
882.22791,484.6
882.34479,483.8
882.46173,484.0
882.57867,486.0
882.69562,485.6
882.8125,485.8
882.92944,483.4
883.04639,489.0
883.16327,492.4
883.28015,481.6
883.39709,485.6
883.51398,486.8
883.63086,483.8
883.74774,485.6
883.86462,483.2
883.98157,484.8
884.09839,483.4
884.21527,485.4
884.33215,488.8
884.44904,484.0
884.56592,488.2
884.68274,488.6
884.79962,490.0
884.9165,486.0
885.03333,490.4
885.15015,488.8
885.26703,490.0
885.38385,486.2
885.50067,498.2
885.61749,490.4
885.73438,490.8
885.8512,495.2
885.96802,490.6
886.08478,490.4
886.2016,494.8
886.31842,493.0
886.43524,490.6
886.55206,487.0
886.66882,492.8
886.78564,493.2
886.9024,490.8
887.01923,492.6
887.13599,488.0
887.25275,486.0
887.36951,489.4
887.48633,485.0
887.60309,490.6
887.71985,488.8
887.83661,487.6
887.95337,489.8
888.07007,483.4
888.18683,489.0
888.30359,483.4
888.42035,485.0
888.53705,487.6
888.65381,479.4
888.77051,481.4
888.88721,486.0
889.00397,488.6
889.12067,483.4
889.23737,480.4
889.35406,488.0
889.47083,481.0
889.58752,476.8
889.70416,483.0
889.82086,481.0
889.93756,480.4
890.05426,480.2
890.17096,486.8
890.2876,488.2
890.4043,480.6
890.52094,484.8
890.63763,481.8
890.75427,484.8
890.87091,486.6
890.98761,488.0
891.10425,478.4
891.22089,479.0
891.33752,482.8
891.45416,484.8
891.5708,484.0
891.68744,483.0
891.80408,488.2
891.92065,483.6
892.03729,485.8
892.15393,483.2
892.27051,483.0
892.38715,483.6
892.50372,485.4
892.6203,482.6
892.73694,485.4
892.85352,486.6
892.97009,484.0
893.08667,487.2
893.20325,483.8
893.31982,487.4
893.4364,491.4
893.55298,490.4
893.66956,494.4
893.78607,490.8
893.90265,488.0
894.01917,491.6
894.13574,486.4
894.25226,492.0
894.36884,489.4
894.48535,490.6
894.60187,489.4
894.71838,486.6
894.8349,491.0
894.95148,489.4
895.06793,491.6
895.18445,487.2
895.30096,483.4
895.41748,486.8
895.534,483.2
895.65045,482.6
895.76697,485.4
895.88342,488.6
895.99994,484.6
896.11639,485.6
896.23291,483.2
896.34937,485.6
896.46582,484.6
896.58228,485.0
896.69873,487.6
896.81519,486.2
896.93164,483.0
897.0481,492.4
897.16455,488.0
897.28094,490.2
897.3974,488.0
897.51385,489.8
897.63025,492.2
897.7467,486.0
897.8631,486.0
897.97949,484.8
898.09595,486.0
898.21234,482.8
898.32874,487.6
898.44513,487.6
898.56152,488.2
898.67792,485.4
898.79431,481.8
898.91064,483.4
899.02704,489.0
899.14343,484.2
899.25977,487.8
899.37616,487.0
899.49249,487.4
899.60889,484.0
899.72522,484.0
899.84155,485.2
899.95789,487.6
900.07428,485.4
900.19061,486.8
900.30695,489.8
900.42322,486.4
900.53955,479.0
900.65588,483.2
900.77222,484.6
900.88849,485.8
901.00482,485.0
901.12109,483.8
901.23743,481.8
901.3537,483.2
901.47003,485.6
901.5863,485.6
901.70258,487.4
901.81885,482.6
901.93512,487.6
902.05139,482.2
902.16766,484.6
902.28394,483.8
902.40021,482.0
902.51642,484.8
902.63269,485.6
902.7489,478.6
902.86517,484.8
902.98138,483.6
903.09766,480.2
903.21387,488.0
903.33008,485.6
903.44629,483.6
903.5625,481.2
903.67871,481.0
903.79492,481.4
903.91113,483.0
904.02734,480.0
904.14355,484.0
904.2597,482.2
904.37592,483.6
904.49207,474.8
904.60828,477.0
904.72443,476.0
904.84064,475.6
904.95679,477.2
905.07294,478.0
905.18909,478.8
905.30524,477.4
905.42139,482.2
905.53754,479.4
905.65369,474.8
905.76984,472.6
905.88593,475.2
906.00208,471.0
906.11816,473.8
906.23431,475.4
906.3504,475.6
906.46655,474.4
906.58264,475.6
906.69873,472.6
906.81482,474.2
906.93091,476.4
907.047,473.4
907.16309,475.4
907.27917,475.2
907.39526,474.6
907.51135,469.8
907.62738,471.0
907.74347,468.8
907.8595,473.2
907.97559,478.8
908.09161,471.2
908.2077,473.0
908.32373,476.0
908.43976,474.4
908.55579,471.0
908.67181,474.2
908.78784,473.2
908.90387,473.0
909.0199,472.2
909.13586,473.4
909.25189,477.0
909.36792,471.6
909.48389,476.4
909.59991,471.8
909.71588,471.2
909.83185,476.0
909.94788,473.4
910.06384,471.4
910.17981,471.2
910.29578,476.8
910.41174,473.8
910.52771,479.4
910.64368,470.2
910.75958,470.4
910.87555,477.6
910.99152,472.6
911.10742,478.0
911.22339,473.0
911.33929,476.6
911.4552,473.8
911.57117,468.8
911.68707,475.6
911.80298,475.6
911.91888,474.6
912.03479,474.0
912.1507,474.2
912.2666,476.0
912.38245,475.4
912.49835,474.2
912.61426,476.6
912.7301,474.0
912.84601,476.6
792.4458,684.2
792.56488,665.4
792.68396,677.6
792.8031,672.8
792.92218,653.8
793.04126,654.4
793.16034,656.8
793.27942,650.6
793.3985,638.2
793.51758,633.8
793.63672,625.8
793.7558,621.4
793.87488,632.2
793.9939,624.0
794.11298,618.4
794.23206,608.8
794.35114,611.4
794.47021,601.2
794.58929,594.0
794.70831,596.2
794.82739,599.6
794.94647,596.4
795.06549,595.6
795.18457,586.0
795.30365,589.6
795.42267,581.8
795.54175,577.2
795.66077,586.6
795.77985,584.8
795.89886,578.2
796.01794,580.4
796.13696,574.8
796.25598,575.4
796.375,573.4
796.49408,570.8
796.6131,569.6
796.73212,569.6
796.85114,573.2
796.97015,566.0
797.08923,561.2
797.20825,560.2
797.32727,563.4
797.44629,563.8
797.56531,559.0
797.68427,560.6
797.80328,558.6
797.9223,560.6
798.04132,559.0
798.16034,558.4
798.27936,558.4
798.39832,554.0
798.51733,556.2
798.63635,557.2
798.75531,559.8
798.87433,550.0
798.99329,547.0
799.1123,548.4
799.23126,551.2
799.35028,552.8
799.46924,553.4
799.58826,554.0
799.70721,555.0
799.82617,554.4
799.94519,552.4
800.06415,553.8
800.18311,549.4
800.30206,557.2
800.42102,550.4
800.54004,550.0
800.659,555.2
800.77795,551.4
800.89691,549.4
801.01587,552.8
801.13483,554.0
801.25372,558.6
801.37268,549.2
801.49164,554.6
801.6106,555.6
801.72955,559.8
801.84845,549.0
801.96741,549.4
802.08636,557.4
802.20526,559.2
802.32422,556.8
802.44318,555.8
802.56207,561.2
802.68103,556.4
802.79993,553.4
802.91882,555.4
803.03778,556.0
803.15668,557.0
803.27557,554.6
803.39453,554.8
803.51343,558.6
803.63232,557.4
803.75122,553.6
803.87012,556.0
803.98907,555.0
804.10797,559.6
804.22687,552.0
804.34576,558.0
804.46466,560.6
804.58356,559.0
804.70239,557.4
804.82129,555.6
804.94019,556.4
805.05908,559.2
805.17798,562.4
805.29681,558.2
805.41571,559.4
805.53461,562.0
805.65344,560.0
805.77234,567.0
805.89117,563.2
806.01007,562.4
806.12891,563.8
806.2478,565.8
806.36664,561.2
806.48547,562.8
806.60437,559.2
806.72321,563.6
806.84204,564.8
806.96088,564.4
807.07971,554.6
807.19861,568.2
807.31744,567.6
807.43628,565.8
807.55511,562.4
807.67395,562.8
807.79279,564.6
807.91162,567.4
808.0304,572.6
808.14923,569.2
808.26807,567.0
808.3869,563.6
808.50568,569.6
808.62451,564.4
808.74335,565.0
808.86212,567.8
808.98096,571.4
809.09979,570.4
809.21857,567.2
809.33734,572.4
809.45618,570.6
809.57495,571.0
809.69379,568.6
809.81256,570.2
809.93134,570.2
810.05011,567.2
810.16895,562.8
810.28772,568.0
810.40649,572.8
810.52527,572.2
810.64404,571.4
810.76282,573.2
810.88159,568.0
811.00037,572.6
811.11914,564.8
811.23792,566.2
811.35663,575.4
811.4754,575.6
811.59418,571.6
811.71295,574.0
811.83167,572.8
811.95044,571.8
812.06921,568.0
812.18793,567.8
812.3067,570.6
812.42542,570.2
812.54419,568.6
812.6629,574.0
812.78162,568.6
812.90039,569.4
813.0191,572.8
813.13782,570.8
813.25653,570.6
813.37524,566.2
813.49402,575.4
813.61273,570.8
813.73145,566.4
813.85016,569.2
813.96887,565.6
814.08759,572.8
814.2063,566.8
814.32495,565.6
814.44366,571.6
814.56238,567.2
814.68109,564.0
814.79974,566.0
814.91846,560.0
815.03717,563.0
815.15582,565.0
815.27454,560.8
815.39319,558.8
815.5119,558.2
815.63055,558.0
815.74927,558.8
815.86792,556.4
815.98657,559.8
816.10529,557.4
816.22394,559.4
816.34259,559.2
816.46124,565.2
816.5799,572.8
816.69855,560.6
816.8172,567.2
816.93585,563.0
817.0545,558.4
817.17316,559.6
817.29181,551.6
817.41046,553.0
817.52911,546.8
817.64771,552.2
817.76636,539.4
817.88501,539.8
818.0036,539.8
818.12225,542.2
818.24091,533.0
818.3595,529.6
818.47815,536.4
818.59674,534.6
818.71533,533.0
818.83398,530.6
818.95258,532.0
819.07117,524.0
819.18976,531.2
819.30841,527.6
819.427,527.2
819.54559,528.8
819.66418,524.8
819.78278,525.8
819.90137,525.4
820.01996,520.8
820.13855,518.6
820.25714,525.4
820.37573,526.4
820.49426,523.6
820.61285,515.6
820.73145,518.0
820.84998,513.2
820.96857,513.0
821.08716,517.4
821.20569,517.0
821.32428,518.2
821.44281,514.6
821.56134,513.0
821.67993,513.4
821.79846,513.0
821.91699,513.4
822.03558,514.0
822.15411,517.2
822.27264,511.2
822.39117,511.6
822.5097,514.0
822.62823,514.0
822.74677,518.4
822.8653,513.0
822.98383,515.4
823.10236,512.8
823.22089,518.4
823.33942,515.2
823.45789,514.4
823.57642,514.8
823.69495,511.8
823.81342,513.4
823.93195,509.8
824.05042,517.0
824.16895,515.2
824.28741,520.2
824.40594,517.6
824.52441,516.4
824.64288,513.6
824.76141,513.0
824.87988,508.0
824.99835,510.2
825.11682,511.2
825.23529,511.2
825.35376,511.6
825.47223,506.2
825.5907,511.4
825.70917,510.0
825.82764,507.8
825.94611,514.6
826.06458,509.4
826.18304,506.8
826.30145,511.0
826.41992,508.0
826.53839,508.0
826.6568,507.4
826.77527,505.8
826.89368,512.2
827.01215,507.0
827.13055,511.0
827.24902,502.2
827.36743,510.0
827.48584,503.8
827.60431,502.0
827.72272,501.2
827.84113,505.0
827.95953,503.2
828.07794,506.2
828.19635,504.4
828.31476,503.8
828.43317,498.8
828.55157,508.8
828.66998,499.8
828.78839,502.8
828.90674,501.2
829.02515,503.0
829.14355,509.4
829.2619,500.8
829.38031,504.0
829.49872,503.8
829.61707,499.0
829.73547,498.4
829.85382,503.4
829.97217,500.8
830.09058,500.4
830.20892,504.6
830.32727,499.4
830.44562,499.6
830.56403,501.2
830.68237,502.2
830.80072,498.8
830.91907,500.0
831.03741,506.6
831.15576,501.8
831.27411,500.6
831.3924,501.2
831.51074,497.0
831.62909,496.6
831.74744,500.4
831.86572,499.6
831.98407,500.0
832.10242,500.8
832.2207,503.8
832.33905,499.0
832.45734,504.0
832.57562,501.2
832.69397,497.6
832.81226,500.4
832.93054,504.6
833.04889,501.4
833.16718,499.6
833.28546,499.2
833.40375,511.0
833.52203,501.6
833.64032,498.2
833.75861,499.8
833.87689,503.4
833.99518,502.4
834.1134,506.2
834.23169,502.0
834.34998,498.8
834.46826,505.4
834.58649,506.4
834.70477,503.0
834.823,502.2
834.94128,506.0
835.05951,504.6
835.1778,506.4
835.29602,500.8
835.41425,503.8
835.53253,504.4
835.65076,504.6
835.76898,502.8
835.88721,508.6
836.00543,511.4
836.12366,502.0
836.24188,507.6
836.36011,509.8
836.47833,510.6
836.59656,507.6
836.71478,508.4
836.83295,510.0
836.95117,504.0
837.0694,511.0
837.18756,512.8
837.30579,508.4
837.42401,505.8
837.54218,508.2
837.66034,502.6
837.77856,512.4
837.89673,507.2
838.01489,508.0
838.13312,503.0
838.25128,511.4
838.36945,508.0
838.48761,511.2
838.60577,508.0
838.72394,508.8
838.8421,510.4
838.96027,511.6
839.07843,510.4
839.19659,505.4
839.31476,509.8
839.43286,510.2
839.55103,509.8
839.66919,508.8
839.78729,508.2
839.90546,502.4
840.02356,509.2
840.14172,501.0
840.25983,505.2
840.37793,506.6
840.49609,504.2
840.6142,504.4
840.7323,504.8
840.8504,505.6
840.96851,504.4
841.08661,507.8
841.20471,499.4
841.32281,502.2
841.44092,499.6
841.55902,504.2
841.67712,505.2
841.79523,506.8
841.91327,496.0
842.03137,505.2
842.14948,508.8
842.26752,501.8
842.38562,503.4
842.50366,500.8
842.62177,502.0
842.73981,500.6
842.85791,497.2
842.97595,502.4
843.09399,502.6
843.21204,502.6
843.33008,507.4
843.44818,505.4
843.56622,502.6
843.68427,499.0
843.80231,501.8
843.92029,500.0
844.03833,504.8
844.15637,504.2
844.27441,499.2
844.39246,505.8
844.51044,501.4
844.62848,501.6
844.74646,500.4
844.8645,500.0
844.98248,498.8
845.10052,501.4
845.21851,497.8
845.33649,495.6
845.45453,499.8
845.57251,499.0
845.69049,499.0
845.80847,504.4
845.92645,502.0
846.04443,499.6
846.16241,498.2
846.2804,503.0
846.39838,496.4
846.51636,498.4
846.63434,502.8
846.75226,497.2
846.87024,497.4
846.98822,502.2
847.10614,499.2
847.22412,499.6
847.34204,500.6
847.46002,499.0
847.57794,506.6
847.69586,506.6
847.81384,502.4
847.93176,503.0
848.04968,501.4
848.1676,503.0
848.28552,501.4
848.40344,496.8
848.52136,502.6
848.63928,499.8
848.7572,498.6
848.87512,497.6
848.99304,500.4
849.1109,506.2
849.22882,494.6
849.34674,496.2
849.4646,500.4
849.58252,499.2
849.70038,496.2
849.8183,494.8
849.93616,499.0
850.05402,501.6
850.17194,505.6
850.28979,500.0
850.40765,499.2
850.52551,500.8
850.64337,506.0
850.76123,500.8
850.87909,500.8
850.99695,499.6
851.11481,503.6
851.23267,507.0
851.35046,502.6
851.46832,498.8
851.58618,501.4
851.70398,504.8
851.82184,506.4
851.93964,507.6
852.0575,514.0
852.17529,514.2
852.29315,508.8
852.41095,506.8
852.52875,502.0
852.64655,505.4
852.7644,501.4
852.8822,509.0
853.0,501.2
853.1178,507.8
853.2356,494.6
853.35333,502.8
853.47113,504.0
853.58893,502.4
853.70673,500.6
853.82446,508.2
853.94226,503.6
854.06006,506.2
854.1778,502.8
854.29559,501.0
854.41333,506.6
854.53107,503.6
854.64886,506.4
854.7666,502.8
854.88434,502.4
855.00208,506.4
855.11981,500.6
855.23761,500.6
855.35535,505.0
855.47302,502.0
855.59076,504.0
855.7085,503.6
855.82623,505.8
855.94397,505.0
856.06165,505.6
856.17938,505.4
856.29712,506.4
856.41479,499.4
856.53253,502.8
856.65021,502.2
856.76788,499.4
856.88562,502.6
857.0033,505.8
857.12097,500.2
857.23865,507.6
857.35632,494.8
857.474,498.8
857.59167,504.6
857.70935,499.6
857.82703,505.2
857.9447,496.2
858.06238,507.4
858.18005,502.6
858.29767,496.2
858.41534,507.0
858.53296,502.6
858.65063,503.8
858.76825,503.0
858.88593,502.2
859.00354,503.8
859.12115,500.8
859.23883,499.4
859.35645,499.2
859.47406,506.4
859.59167,498.8
859.70929,501.6
859.8269,501.2
859.94452,500.8
860.06213,496.6
860.17975,497.2
860.29736,496.8
860.41492,499.6
860.53253,499.8
860.65009,498.0
860.7677,494.0
860.88525,501.0
861.00287,497.4
861.12042,499.4
861.23804,497.2
861.35559,501.4
861.47314,498.6
861.5907,496.6
861.70825,496.0
861.82581,500.8
861.94336,496.0
862.06091,493.2
862.17847,496.6
862.29602,501.0
862.41357,490.6
862.53113,496.6
862.64862,496.2
862.76617,496.2
862.88367,497.8
863.00122,494.6
863.11871,492.2
863.23627,497.0
863.35376,493.4
863.47125,499.0
863.58881,495.0
863.7063,496.2
863.82379,497.6
863.94128,491.0
864.05878,496.2
864.17627,498.2
864.29376,498.6
864.41125,492.6
864.52869,491.4
864.64618,495.0
864.76367,491.2
864.8811,498.8
864.9986,490.0
865.11609,497.0
865.23352,487.2
865.35095,491.4
865.46844,496.0
865.58588,498.0
865.70331,492.4
865.82074,499.6
865.93823,492.0
866.05566,493.0
866.1731,492.0
866.29053,494.8
866.4079,491.0
866.52533,494.6
866.64276,498.6
866.76019,492.6
866.87756,493.4
866.995,489.6
867.11243,495.2
867.2298,495.2
867.34723,493.8
867.4646,497.2
867.58197,491.8
867.6994,495.4
867.81677,494.6
867.93414,495.8
868.05151,493.6
868.16888,496.6
868.28625,493.8
868.40363,493.0
868.521,496.2
868.63837,493.2
868.75568,498.0
868.87305,499.4
868.99042,499.6
869.10773,495.2
869.2251,492.0
869.34241,501.8
869.45978,491.4
869.57709,498.0
869.69446,498.2
869.81177,496.2
869.92908,496.2
870.04639,496.8
870.1637,494.4
870.28101,500.0
870.39832,498.8
870.51563,498.2
870.63293,495.0
870.75024,497.4
870.86749,498.0
870.9848,495.6
871.10211,495.0
871.21936,496.2
871.33667,500.8
871.45392,498.8
871.57123,496.2
871.68848,492.0
871.80573,495.8
871.92297,499.2
872.04028,494.6
872.15753,490.2
872.27478,494.2
872.39203,493.0
872.50928,497.8
872.62646,497.8
872.74371,493.0
872.86096,492.4
872.97821,494.8
873.0954,499.0
873.21265,493.6
873.32983,492.4
873.44708,494.6
873.56427,492.4
873.68152,492.8
873.79871,490.6
873.91589,496.4
874.03308,498.2
874.15027,493.8
874.26746,494.0
874.38464,491.0
874.50183,494.8
874.61902,497.6
874.73621,496.2
874.85339,493.2
874.97052,496.0
875.08771,491.2
875.2049,497.8
875.32202,494.8
875.43921,498.0
875.55634,496.8
875.67346,498.4
875.79065,501.0
875.90778,497.4
876.0249,496.4
876.14203,491.2
876.25916,493.2
876.37628,496.8
876.49341,497.0
876.61053,499.2
876.72766,498.4
876.84473,501.0
876.96185,498.8
877.07898,496.8
877.19604,499.2
877.31317,496.8
877.43024,493.6
877.54736,498.8
877.66443,500.2
877.78149,497.2
877.89856,494.4
878.01569,495.0
878.13275,498.0
878.24982,493.8
878.36688,494.2
878.48395,494.6
878.60095,493.4
878.71802,492.8
878.83508,494.4
878.95215,494.4
879.06915,494.0
879.18622,498.0
879.30322,487.8
879.42029,496.0
879.53729,493.0
879.6543,491.2
879.77136,492.0
879.88837,495.6
880.00537,490.4
880.12238,498.2
880.23938,491.2
880.35638,495.2
880.47339,495.2
880.59039,492.2
880.70734,491.6
880.82434,493.0
880.94135,493.8
881.05829,493.8
881.17529,490.8
881.29224,492.6
881.40924,493.8
881.52618,489.6
881.64313,486.6
881.76007,490.0
881.87701,495.4
881.99402,492.0
882.11096,493.0
882.22791,492.0
882.34479,490.8
882.46173,493.0
882.57867,491.6
882.69562,498.8
882.8125,493.0
882.92944,496.8
883.04639,490.4
883.16327,497.8
883.28015,494.4
883.39709,491.0
883.51398,493.6
883.63086,491.8
883.74774,490.0
883.86462,491.4
883.98157,494.6
884.09839,493.6
884.21527,491.4
884.33215,496.6
884.44904,499.6
884.56592,493.0
884.68274,497.0
884.79962,494.0
884.9165,493.8
885.03333,498.6
885.15015,491.4
885.26703,497.4
885.38385,500.4
885.50067,499.2
885.61749,503.8
885.73438,501.0
885.8512,502.0
885.96802,500.0
886.08478,492.0
886.2016,501.2
886.31842,498.4
886.43524,495.2
886.55206,503.0
886.66882,500.2
886.78564,493.0
886.9024,498.2
887.01923,495.4
887.13599,495.2
887.25275,496.8
887.36951,496.6
887.48633,497.0
887.60309,494.6
887.71985,494.8
887.83661,496.0
887.95337,494.2
888.07007,491.8
888.18683,489.0
888.30359,489.6
888.42035,494.4
888.53705,494.2
888.65381,492.0
888.77051,494.2
888.88721,491.2
889.00397,489.8
889.12067,489.4
889.23737,487.4
889.35406,488.8
889.47083,489.4
889.58752,487.4
889.70416,486.4
889.82086,490.4
889.93756,490.2
890.05426,489.6
890.17096,490.4
890.2876,488.8
890.4043,491.6
890.52094,491.2
890.63763,485.6
890.75427,494.0
890.87091,490.6
890.98761,492.0
891.10425,493.8
891.22089,492.0
891.33752,490.8
891.45416,489.4
891.5708,490.0
891.68744,490.6
891.80408,491.6
891.92065,487.8
892.03729,484.4
892.15393,495.0
892.27051,488.6
892.38715,491.4
892.50372,490.2
892.6203,494.2
892.73694,493.8
892.85352,489.2
892.97009,491.6
893.08667,492.8
893.20325,491.8
893.31982,493.0
893.4364,493.6
893.55298,492.2
893.66956,493.2
893.78607,491.8
893.90265,491.2
894.01917,495.0
894.13574,494.4
894.25226,493.0
894.36884,493.8
894.48535,491.0
894.60187,490.4
894.71838,494.4
894.8349,494.0
894.95148,494.8
895.06793,491.8
895.18445,490.4
895.30096,488.4
895.41748,495.0
895.534,488.0
895.65045,489.6
895.76697,495.4
895.88342,489.2
895.99994,490.0
896.11639,493.6
896.23291,493.0
896.34937,487.6
896.46582,498.2
896.58228,490.2
896.69873,489.2
896.81519,487.8
896.93164,490.6
897.0481,494.6
897.16455,490.2
897.28094,492.0
897.3974,490.4
897.51385,496.0
897.63025,490.8
897.7467,492.2
897.8631,493.2
897.97949,492.2
898.09595,492.2
898.21234,491.2
898.32874,490.2
898.44513,487.0
898.56152,492.0
898.67792,489.0
898.79431,491.4
898.91064,489.2
899.02704,486.4
899.14343,490.8
899.25977,491.2
899.37616,489.4
899.49249,492.2
899.60889,490.6
899.72522,490.4
899.84155,485.0
899.95789,487.6
900.07428,482.6
900.19061,488.6
900.30695,489.2
900.42322,491.6
900.53955,485.8
900.65588,490.4
900.77222,488.6
900.88849,489.4
901.00482,486.8
901.12109,484.2
901.23743,489.2
901.3537,487.8
901.47003,485.0
901.5863,485.0
901.70258,489.2
901.81885,492.6
901.93512,482.4
902.05139,482.6
902.16766,488.4
902.28394,489.0
902.40021,487.6
902.51642,488.4
902.63269,490.0
902.7489,485.8
902.86517,488.2
902.98138,487.0
903.09766,486.4
903.21387,487.2
903.33008,492.2
903.44629,488.0
903.5625,486.2
903.67871,484.2
903.79492,486.6
903.91113,485.0
904.02734,484.0
904.14355,485.6
904.2597,483.8
904.37592,482.6
904.49207,478.0
904.60828,478.2
904.72443,482.0
904.84064,478.8
904.95679,477.8
905.07294,480.0
905.18909,480.2
905.30524,482.6
905.42139,476.4
905.53754,484.0
905.65369,480.4
905.76984,483.2
905.88593,480.0
906.00208,478.2
906.11816,479.2
906.23431,473.0
906.3504,477.8
906.46655,480.8
906.58264,476.4
906.69873,480.0
906.81482,476.2
906.93091,475.4
907.047,474.6
907.16309,480.8
907.27917,479.2
907.39526,480.0
907.51135,475.4
907.62738,472.2
907.74347,476.8
907.8595,477.4
907.97559,473.4
908.09161,483.6
908.2077,472.6
908.32373,481.8
908.43976,475.4
908.55579,472.4
908.67181,479.0
908.78784,477.0
908.90387,475.8
909.0199,478.2
909.13586,475.8
909.25189,478.4
909.36792,474.0
909.48389,477.0
909.59991,477.6
909.71588,475.6
909.83185,477.0
909.94788,476.8
910.06384,478.6
910.17981,473.8
910.29578,474.6
910.41174,475.6
910.52771,480.2
910.64368,476.6
910.75958,475.6
910.87555,474.2
910.99152,475.2
911.10742,477.4
911.22339,475.4
911.33929,480.4
911.4552,479.6
911.57117,474.8
911.68707,478.4
911.80298,476.8
911.91888,473.2
912.03479,476.6
912.1507,481.4
912.2666,475.4
912.38245,473.4
912.49835,477.0
912.61426,478.0
912.7301,478.6
912.84601,475.0
792.4458,581.6
792.56488,577.0
792.68396,584.0
792.8031,585.0
792.92218,565.8
793.04126,565.2
793.16034,563.8
793.27942,565.6
793.3985,558.6
793.51758,548.4
793.63672,551.0
793.7558,556.2
793.87488,555.0
793.9939,553.8
794.11298,555.4
794.23206,548.8
794.35114,545.8
794.47021,540.8
794.58929,541.4
794.70831,540.0
794.82739,537.0
794.94647,534.2
795.06549,536.4
795.18457,537.0
795.30365,531.6
795.42267,528.8
795.54175,529.6
795.66077,529.4
795.77985,527.4
795.89886,530.6
796.01794,525.4
796.13696,528.0
796.25598,531.6
796.375,526.2
796.49408,526.0
796.6131,523.2
796.73212,526.2
796.85114,520.2
796.97015,524.8
797.08923,518.4
797.20825,519.4
797.32727,514.2
797.44629,523.6
797.56531,521.6
797.68427,521.8
797.80328,521.4
797.9223,523.0
798.04132,519.0
798.16034,517.0
798.27936,517.8
798.39832,519.0
798.51733,519.4
798.63635,514.4
798.75531,518.0
798.87433,516.2
798.99329,512.2
799.1123,514.8
799.23126,515.2
799.35028,516.0
799.46924,517.2
799.58826,521.2
799.70721,519.4
799.82617,512.6
799.94519,510.6
800.06415,520.2
800.18311,514.6
800.30206,516.4
800.42102,517.6
800.54004,516.0
800.659,517.2
800.77795,521.0
800.89691,513.0
801.01587,514.2
801.13483,512.2
801.25372,519.0
801.37268,515.8
801.49164,518.8
801.6106,519.6
801.72955,523.0
801.84845,519.8
801.96741,521.8
802.08636,518.2
802.20526,519.2
802.32422,512.8
802.44318,522.0
802.56207,522.8
802.68103,522.8
802.79993,520.0
802.91882,519.4
803.03778,516.6
803.15668,521.6
803.27557,521.8
803.39453,519.0
803.51343,524.2
803.63232,517.6
803.75122,516.6
803.87012,520.8
803.98907,519.6
804.10797,521.6
804.22687,518.8
804.34576,524.4
804.46466,525.4
804.58356,524.2
804.70239,521.4
804.82129,522.2
804.94019,521.2
805.05908,520.8
805.17798,528.4
805.29681,520.2
805.41571,527.0
805.53461,525.6
805.65344,524.4
805.77234,528.6
805.89117,523.0
806.01007,526.0
806.12891,527.8
806.2478,526.6
806.36664,528.6
806.48547,532.6
806.60437,528.2
806.72321,529.8
806.84204,533.0
806.96088,525.8
807.07971,528.8
807.19861,530.8
807.31744,529.6
807.43628,526.6
807.55511,530.0
807.67395,525.0
807.79279,525.0
807.91162,529.6
808.0304,532.8
808.14923,531.2
808.26807,532.6
808.3869,535.0
808.50568,532.2
808.62451,534.6
808.74335,531.6
808.86212,536.2
808.98096,536.8
809.09979,534.0
809.21857,529.4
809.33734,539.0
809.45618,529.8
809.57495,534.0
809.69379,536.8
809.81256,534.2
809.93134,533.6
810.05011,533.8
810.16895,532.6
810.28772,531.6
810.40649,533.0
810.52527,531.2
810.64404,535.2
810.76282,540.8
810.88159,528.8
811.00037,532.0
811.11914,536.4
811.23792,532.4
811.35663,533.2
811.4754,538.6
811.59418,536.2
811.71295,533.4
811.83167,532.0
811.95044,538.8
812.06921,533.4
812.18793,535.6
812.3067,531.6
812.42542,532.4
812.54419,535.4
812.6629,540.4
812.78162,535.2
812.90039,535.4
813.0191,533.0
813.13782,533.6
813.25653,532.4
813.37524,532.6
813.49402,540.4
813.61273,533.0
813.73145,531.2
813.85016,533.8
813.96887,527.6
814.08759,527.8
814.2063,529.6
814.32495,534.4
814.44366,534.2
814.56238,528.6
814.68109,538.0
814.79974,530.2
814.91846,525.6
815.03717,525.8
815.15582,525.2
815.27454,527.2
815.39319,524.2
815.5119,521.2
815.63055,527.4
815.74927,529.8
815.86792,524.4
815.98657,524.4
816.10529,525.8
816.22394,529.2
816.34259,531.6
816.46124,532.8
816.5799,530.6
816.69855,538.6
816.8172,536.2
816.93585,530.0
817.0545,525.0
817.17316,522.8
817.29181,521.2
817.41046,520.4
817.52911,513.8
817.64771,515.2
817.76636,510.0
817.88501,515.2
818.0036,514.6
818.12225,514.4
818.24091,505.0
818.3595,505.8
818.47815,507.6
818.59674,507.6
818.71533,503.4
818.83398,501.8
818.95258,502.2
819.07117,492.8
819.18976,498.8
819.30841,497.4
819.427,502.8
819.54559,499.2
819.66418,498.6
819.78278,501.4
819.90137,503.0
820.01996,493.8
820.13855,496.2
820.25714,498.0
820.37573,493.0
820.49426,499.2
820.61285,495.0
820.73145,497.6
820.84998,495.2
820.96857,489.6
821.08716,490.2
821.20569,494.8
821.32428,492.4
821.44281,492.8
821.56134,491.2
821.67993,492.6
821.79846,487.4
821.91699,492.2
822.03558,493.4
822.15411,489.2
822.27264,489.4
822.39117,492.6
822.5097,490.6
822.62823,493.8
822.74677,490.6
822.8653,489.2
822.98383,492.0
823.10236,492.6
823.22089,492.4
823.33942,490.8
823.45789,490.4
823.57642,490.8
823.69495,489.0
823.81342,487.6
823.93195,492.6
824.05042,491.0
824.16895,497.8
824.28741,491.4
824.40594,492.0
824.52441,490.0
824.64288,489.8
824.76141,488.2
824.87988,491.4
824.99835,485.6
825.11682,490.8
825.23529,490.2
825.35376,484.8
825.47223,489.8
825.5907,483.0
825.70917,485.6
825.82764,486.6
825.94611,488.6
826.06458,478.6
826.18304,489.4
826.30145,486.8
826.41992,485.4
826.53839,482.8
826.6568,485.2
826.77527,480.0
826.89368,483.8
827.01215,486.2
827.13055,481.8
827.24902,479.8
827.36743,483.8
827.48584,482.6
827.60431,481.2
827.72272,482.0
827.84113,486.4
827.95953,476.8
828.07794,480.4
828.19635,481.2
828.31476,480.2
828.43317,481.2
828.55157,482.2
828.66998,481.2
828.78839,479.8
828.90674,476.6
829.02515,480.8
829.14355,483.8
829.2619,483.0
829.38031,479.2
829.49872,475.6
829.61707,481.2
829.73547,479.8
829.85382,478.4
829.97217,481.4
830.09058,478.6
830.20892,477.0
830.32727,479.2
830.44562,484.0
830.56403,480.8
830.68237,478.8
830.80072,477.2
830.91907,484.2
831.03741,480.6
831.15576,483.4
831.27411,482.8
831.3924,483.4
831.51074,479.6
831.62909,478.8
831.74744,482.8
831.86572,482.4
831.98407,484.2
832.10242,480.2
832.2207,478.4
832.33905,482.2
832.45734,478.8
832.57562,479.8
832.69397,479.4
832.81226,479.2
832.93054,480.6
833.04889,483.8
833.16718,480.0
833.28546,481.8
833.40375,483.4
833.52203,477.6
833.64032,477.2
833.75861,482.8
833.87689,480.2
833.99518,482.2
834.1134,476.2
834.23169,477.2
834.34998,484.0
834.46826,483.0
834.58649,482.0
834.70477,478.6
834.823,474.6
834.94128,482.0
835.05951,481.4
835.1778,488.6
835.29602,475.0
835.41425,485.2
835.53253,482.8
835.65076,482.4
835.76898,482.4
835.88721,483.0
836.00543,482.0
836.12366,483.4
836.24188,479.2
836.36011,484.4
836.47833,483.4
836.59656,484.0
836.71478,486.2
836.83295,483.8
836.95117,486.0
837.0694,486.2
837.18756,486.4
837.30579,492.8
837.42401,486.0
837.54218,489.4
837.66034,484.8
837.77856,487.0
837.89673,485.0
838.01489,489.0
838.13312,480.2
838.25128,486.6
838.36945,481.8
838.48761,486.0
838.60577,489.6
838.72394,487.2
838.8421,483.4
838.96027,485.8
839.07843,484.8
839.19659,484.0
839.31476,485.0
839.43286,484.4
839.55103,483.2
839.66919,488.4
839.78729,485.6
839.90546,487.0
840.02356,483.4
840.14172,481.6
840.25983,484.0
840.37793,481.2
840.49609,481.8
840.6142,487.2
840.7323,484.6
840.8504,488.0
840.96851,482.4
841.08661,482.0
841.20471,485.4
841.32281,487.4
841.44092,475.2
841.55902,482.8
841.67712,481.6
841.79523,488.4
841.91327,479.0
842.03137,481.2
842.14948,481.6
842.26752,480.2
842.38562,478.6
842.50366,478.2
842.62177,477.6
842.73981,478.8
842.85791,479.4
842.97595,480.2
843.09399,478.2
843.21204,481.2
843.33008,475.8
843.44818,481.8
843.56622,481.6
843.68427,481.4
843.80231,476.8
843.92029,478.8
844.03833,484.6
844.15637,480.6
844.27441,479.4
844.39246,482.2
844.51044,476.6
844.62848,480.4
844.74646,480.8
844.8645,479.8
844.98248,478.2
845.10052,481.2
845.21851,480.2
845.33649,482.8
845.45453,480.0
845.57251,480.6
845.69049,476.8
845.80847,478.4
845.92645,479.2
846.04443,477.0
846.16241,478.2
846.2804,478.2
846.39838,479.4
846.51636,483.6
846.63434,481.0
846.75226,481.8
846.87024,476.8
846.98822,476.8
847.10614,479.6
847.22412,479.6
847.34204,480.8
847.46002,481.6
847.57794,480.8
847.69586,479.2
847.81384,478.6
847.93176,482.4
848.04968,481.8
848.1676,480.6
848.28552,480.4
848.40344,480.8
848.52136,478.4
848.63928,476.8
848.7572,478.2
848.87512,479.8
848.99304,477.2
849.1109,481.4
849.22882,476.4
849.34674,479.2
849.4646,481.8
849.58252,482.2
849.70038,479.8
849.8183,479.4
849.93616,476.6
850.05402,482.6
850.17194,480.8
850.28979,479.2
850.40765,478.2
850.52551,481.8
850.64337,480.0
850.76123,482.0
850.87909,480.0
850.99695,479.0
851.11481,475.8
851.23267,479.8
851.35046,481.6
851.46832,478.0
851.58618,478.6
851.70398,485.8
851.82184,484.8
851.93964,478.0
852.0575,483.6
852.17529,488.0
852.29315,487.2
852.41095,485.6
852.52875,483.2
852.64655,486.6
852.7644,476.4
852.8822,482.8
853.0,480.4
853.1178,480.4
853.2356,482.8
853.35333,479.4
853.47113,485.2
853.58893,478.2
853.70673,481.8
853.82446,481.6
853.94226,479.4
854.06006,480.6
854.1778,483.8
854.29559,478.6
854.41333,479.6
854.53107,485.6
854.64886,480.8
854.7666,484.4
854.88434,482.4
855.00208,482.8
855.11981,482.4
855.23761,481.2
855.35535,482.6
855.47302,476.6
855.59076,486.0
855.7085,481.2
855.82623,481.2
855.94397,485.4
856.06165,482.4
856.17938,481.0
856.29712,485.0
856.41479,479.8
856.53253,481.8
856.65021,482.8
856.76788,478.6
856.88562,481.8
857.0033,482.8
857.12097,479.6
857.23865,480.6
857.35632,478.0
857.474,482.6
857.59167,484.6
857.70935,478.6
857.82703,485.0
857.9447,475.4
858.06238,476.8
858.18005,483.4
858.29767,482.2
858.41534,478.8
858.53296,481.6
858.65063,482.2
858.76825,478.6
858.88593,479.4
859.00354,484.4
859.12115,477.0
859.23883,476.8
859.35645,478.6
859.47406,479.0
859.59167,479.0
859.70929,480.0
859.8269,479.0
859.94452,480.6
860.06213,476.6
860.17975,481.4
860.29736,475.0
860.41492,478.8
860.53253,480.0
860.65009,475.2
860.7677,478.2
860.88525,482.8
861.00287,476.0
861.12042,480.8
861.23804,480.2
861.35559,480.2
861.47314,481.4
861.5907,478.2
861.70825,476.0
861.82581,479.6
861.94336,469.4
862.06091,477.8
862.17847,477.2
862.29602,478.4
862.41357,478.8
862.53113,473.2
862.64862,476.0
862.76617,473.0
862.88367,475.0
863.00122,482.8
863.11871,473.8
863.23627,476.2
863.35376,478.2
863.47125,481.0
863.58881,475.6
863.7063,482.4
863.82379,473.2
863.94128,472.8
864.05878,473.6
864.17627,477.2
864.29376,477.6
864.41125,475.0
864.52869,476.4
864.64618,481.4
864.76367,478.6
864.8811,481.0
864.9986,479.8
865.11609,477.8
865.23352,474.0
865.35095,479.4
865.46844,472.8
865.58588,476.0
865.70331,478.4
865.82074,478.2
865.93823,471.4
866.05566,479.0
866.1731,474.2
866.29053,478.8
866.4079,475.0
866.52533,475.0
866.64276,480.8
866.76019,473.6
866.87756,475.0
866.995,474.2
867.11243,479.2
867.2298,477.0
867.34723,472.8
867.4646,472.8
867.58197,483.0
867.6994,475.8
867.81677,483.4
867.93414,479.2
868.05151,477.8
868.16888,474.6
868.28625,478.8
868.40363,479.4
868.521,480.8
868.63837,474.6
868.75568,479.2
868.87305,478.2
868.99042,479.6
869.10773,479.0
869.2251,476.2
869.34241,480.4
869.45978,476.8
869.57709,475.6
869.69446,472.0
869.81177,482.4
869.92908,479.8
870.04639,476.6
870.1637,476.4
870.28101,477.8
870.39832,475.8
870.51563,476.6
870.63293,477.2
870.75024,477.6
870.86749,479.0
870.9848,477.0
871.10211,478.0
871.21936,483.8
871.33667,484.6
871.45392,479.2
871.57123,481.6
871.68848,478.0
871.80573,481.4
871.92297,479.4
872.04028,479.2
872.15753,478.8
872.27478,477.6
872.39203,478.6
872.50928,473.0
872.62646,475.4
872.74371,475.8
872.86096,481.0
872.97821,481.8
873.0954,471.2
873.21265,478.4
873.32983,481.0
873.44708,479.6
873.56427,478.0
873.68152,472.0
873.79871,476.2
873.91589,478.2
874.03308,478.2
874.15027,472.4
874.26746,477.8
874.38464,479.0
874.50183,480.0
874.61902,476.6
874.73621,475.6
874.85339,475.2
874.97052,479.6
875.08771,476.0
875.2049,479.4
875.32202,474.8
875.43921,476.2
875.55634,477.8
875.67346,480.2
875.79065,475.8
875.90778,478.8
876.0249,479.6
876.14203,473.8
876.25916,477.8
876.37628,473.8
876.49341,477.6
876.61053,479.6
876.72766,477.8
876.84473,481.4
876.96185,477.8
877.07898,476.6
877.19604,480.6
877.31317,481.2
877.43024,473.6
877.54736,477.2
877.66443,475.8
877.78149,474.8
877.89856,476.8
878.01569,469.6
878.13275,474.8
878.24982,477.4
878.36688,479.6
878.48395,479.4
878.60095,475.0
878.71802,474.8
878.83508,479.4
878.95215,476.6
879.06915,478.2
879.18622,475.8
879.30322,475.6
879.42029,477.8
879.53729,473.4
879.6543,475.4
879.77136,472.8
879.88837,477.4
880.00537,474.4
880.12238,479.4
880.23938,476.0
880.35638,482.2
880.47339,474.6
880.59039,474.8
880.70734,472.0
880.82434,475.4
880.94135,476.0
881.05829,478.2
881.17529,471.8
881.29224,471.2
881.40924,476.0
881.52618,476.2
881.64313,478.6
881.76007,474.4
881.87701,475.0
881.99402,478.4
882.11096,478.4
882.22791,475.8
882.34479,479.8
882.46173,477.2
882.57867,481.2
882.69562,471.4
882.8125,476.4
882.92944,476.6
883.04639,474.0
883.16327,479.6
883.28015,476.2
883.39709,477.8
883.51398,479.0
883.63086,475.6
883.74774,481.8
883.86462,476.4
883.98157,473.2
884.09839,478.0
884.21527,477.0
884.33215,480.2
884.44904,478.4
884.56592,482.4
884.68274,482.4
884.79962,482.6
884.9165,480.6
885.03333,484.6
885.15015,478.4
885.26703,484.4
885.38385,477.6
885.50067,480.8
885.61749,486.2
885.73438,484.4
885.8512,482.6
885.96802,480.2
886.08478,478.0
886.2016,478.4
886.31842,484.2
886.43524,482.8
886.55206,485.6
886.66882,486.6
886.78564,478.8
886.9024,481.4
887.01923,480.2
887.13599,481.0
887.25275,478.0
887.36951,483.0
887.48633,482.2
887.60309,478.6
887.71985,478.2
887.83661,484.4
887.95337,472.6
888.07007,478.0
888.18683,476.4
888.30359,476.8
888.42035,482.0
888.53705,478.2
888.65381,475.0
888.77051,479.6
888.88721,479.4
889.00397,477.8
889.12067,473.8
889.23737,479.0
889.35406,478.8
889.47083,476.8
889.58752,477.6
889.70416,478.6
889.82086,475.6
889.93756,479.0
890.05426,480.2
890.17096,479.0
890.2876,481.4
890.4043,477.6
890.52094,474.6
890.63763,479.8
890.75427,479.4
890.87091,480.4
890.98761,476.8
891.10425,479.2
891.22089,475.6
891.33752,480.0
891.45416,475.6
891.5708,481.2
891.68744,480.8
891.80408,482.0
891.92065,476.0
892.03729,481.2
892.15393,477.8
892.27051,481.8
892.38715,481.4
892.50372,476.0
892.6203,483.4
892.73694,481.6
892.85352,477.6
892.97009,481.0
893.08667,481.0
893.20325,481.4
893.31982,486.0
893.4364,480.4
893.55298,479.4
893.66956,480.0
893.78607,480.4
893.90265,485.2
894.01917,485.6
894.13574,484.2
894.25226,487.0
894.36884,479.6
894.48535,485.4
894.60187,484.4
894.71838,482.2
894.8349,484.6
894.95148,480.6
895.06793,477.2
895.18445,483.4
895.30096,477.6
895.41748,481.6
895.534,480.0
895.65045,480.4
895.76697,483.8
895.88342,481.2
895.99994,482.2
896.11639,481.8
896.23291,481.2
896.34937,477.8
896.46582,477.4
896.58228,482.2
896.69873,487.0
896.81519,481.8
896.93164,476.0
897.0481,484.2
897.16455,483.0
897.28094,481.2
897.3974,478.2
897.51385,483.6
897.63025,482.6
897.7467,483.0
897.8631,482.4
897.97949,481.2
898.09595,480.2
898.21234,477.8
898.32874,483.6
898.44513,485.0
898.56152,481.0
898.67792,477.6
898.79431,476.6
898.91064,477.8
899.02704,474.0
899.14343,480.2
899.25977,482.6
899.37616,476.0
899.49249,477.4
899.60889,479.6
899.72522,477.0
899.84155,476.0
899.95789,477.8
900.07428,477.2
900.19061,474.6
900.30695,476.2
900.42322,475.6
900.53955,472.2
900.65588,473.2
900.77222,474.8
900.88849,477.8
901.00482,474.0
901.12109,477.4
901.23743,474.4
901.3537,473.4
901.47003,474.0
901.5863,479.2
901.70258,466.2
901.81885,477.4
901.93512,476.2
902.05139,478.6
902.16766,470.2
902.28394,474.2
902.40021,475.2
902.51642,479.2
902.63269,476.6
902.7489,478.2
902.86517,469.6
902.98138,472.6
903.09766,475.8
903.21387,478.0
903.33008,472.8
903.44629,473.2
903.5625,470.4
903.67871,478.4
903.79492,475.4
903.91113,476.2
904.02734,470.2
904.14355,480.4
904.2597,473.6
904.37592,471.8
904.49207,469.6
904.60828,471.8
904.72443,472.0
904.84064,470.0
904.95679,471.8
905.07294,471.0
905.18909,471.6
905.30524,470.0
905.42139,471.8
905.53754,467.6
905.65369,464.4
905.76984,469.2
905.88593,467.0
906.00208,469.4
906.11816,468.4
906.23431,472.2
906.3504,465.4
906.46655,468.8
906.58264,468.6
906.69873,467.2
906.81482,468.2
906.93091,468.4
907.047,470.4
907.16309,469.2
907.27917,467.4
907.39526,473.0
907.51135,468.0
907.62738,468.4
907.74347,462.2
907.8595,469.4
907.97559,472.4
908.09161,470.0
908.2077,466.0
908.32373,469.2
908.43976,469.6
908.55579,470.2
908.67181,467.0
908.78784,472.4
908.90387,468.4
909.0199,468.4
909.13586,471.4
909.25189,468.8
909.36792,463.6
909.48389,466.4
909.59991,465.6
909.71588,467.4
909.83185,472.4
909.94788,467.4
910.06384,466.2
910.17981,472.6
910.29578,469.0
910.41174,468.8
910.52771,473.2
910.64368,471.8
910.75958,470.2
910.87555,466.4
910.99152,467.6
911.10742,473.4
911.22339,466.0
911.33929,474.4
911.4552,467.8
911.57117,465.2
911.68707,474.6
911.80298,466.8
911.91888,470.6
912.03479,467.0
912.1507,475.6
912.2666,475.8
912.38245,468.8
912.49835,466.0
912.61426,468.6
912.7301,467.6
912.84601,475.2
792.4458,752.4
792.56488,727.6
792.68396,730.4
792.8031,721.4
792.92218,706.2
793.04126,695.4
793.16034,699.2
793.27942,689.4
793.3985,678.8
793.51758,673.2
793.63672,658.6
793.7558,657.2
793.87488,656.6
793.9939,654.8
794.11298,642.4
794.23206,637.2
794.35114,630.0
794.47021,627.2
794.58929,616.2
794.70831,614.2
794.82739,615.4
794.94647,606.8
795.06549,607.4
795.18457,600.4
795.30365,599.2
795.42267,593.0
795.54175,593.2
795.66077,593.2
795.77985,589.0
795.89886,581.6
796.01794,583.8
796.13696,580.4
796.25598,579.8
796.375,572.8
796.49408,573.0
796.6131,565.8
796.73212,569.6
796.85114,562.8
796.97015,563.8
797.08923,560.0
797.20825,556.6
797.32727,561.2
797.44629,558.0
797.56531,563.8
797.68427,551.2
797.80328,554.6
797.9223,553.8
798.04132,556.6
798.16034,551.2
798.27936,555.2
798.39832,552.4
798.51733,543.6
798.63635,542.6
798.75531,549.8
798.87433,544.6
798.99329,544.8
799.1123,542.2
799.23126,544.4
799.35028,543.6
799.46924,544.8
799.58826,546.4
799.70721,540.8
799.82617,541.6
799.94519,543.6
800.06415,541.0
800.18311,542.6
800.30206,539.4
800.42102,536.6
800.54004,538.2
800.659,540.4
800.77795,536.8
800.89691,541.8
801.01587,542.6
801.13483,539.2
801.25372,539.2
801.37268,537.2
801.49164,540.0
801.6106,541.4
801.72955,541.2
801.84845,537.8
801.96741,538.8
802.08636,534.0
802.20526,539.0
802.32422,541.0
802.44318,537.0
802.56207,540.4
802.68103,543.6
802.79993,538.2
802.91882,538.4
803.03778,531.8
803.15668,538.8
803.27557,541.6
803.39453,534.0
803.51343,535.8
803.63232,536.4
803.75122,534.4
803.87012,538.2
803.98907,535.4
804.10797,533.2
804.22687,537.6
804.34576,538.6
804.46466,538.6
804.58356,538.2
804.70239,537.0
804.82129,531.4
804.94019,538.8
805.05908,536.2
805.17798,535.6
805.29681,543.2
805.41571,538.4
805.53461,538.6
805.65344,538.2
805.77234,538.6
805.89117,546.0
806.01007,547.4
806.12891,544.0
806.2478,542.4
806.36664,543.4
806.48547,542.8
806.60437,538.0
806.72321,541.4
806.84204,550.8
806.96088,533.4
807.07971,541.2
807.19861,544.4
807.31744,544.0
807.43628,544.4
807.55511,539.2
807.67395,539.8
807.79279,543.8
807.91162,544.2
808.0304,541.8
808.14923,544.4
808.26807,543.2
808.3869,540.4
808.50568,542.8
808.62451,544.0
808.74335,544.0
808.86212,544.0
808.98096,553.2
809.09979,547.4
809.21857,544.8
809.33734,546.8
809.45618,550.8
809.57495,544.0
809.69379,547.2
809.81256,552.2
809.93134,545.6
810.05011,548.0
810.16895,545.0
810.28772,543.6
810.40649,548.4
810.52527,551.6
810.64404,547.6
810.76282,554.6
810.88159,545.2
811.00037,547.8
811.11914,544.0
811.23792,539.2
811.35663,546.8
811.4754,546.4
811.59418,550.0
811.71295,551.0
811.83167,547.2
811.95044,546.4
812.06921,544.0
812.18793,548.6
812.3067,541.8
812.42542,546.0
812.54419,544.6
812.6629,543.8
812.78162,549.0
812.90039,545.0
813.0191,546.8
813.13782,544.0
813.25653,540.4
813.37524,544.2
813.49402,545.2
813.61273,546.0
813.73145,544.2
813.85016,545.8
813.96887,545.8
814.08759,539.2
814.2063,545.2
814.32495,542.0
814.44366,545.0
814.56238,544.6
814.68109,540.0
814.79974,538.4
814.91846,537.8
815.03717,546.8
815.15582,540.4
815.27454,538.4
815.39319,533.4
815.5119,536.8
815.63055,534.8
815.74927,539.2
815.86792,539.0
815.98657,537.6
816.10529,538.6
816.22394,542.4
816.34259,536.0
816.46124,541.8
816.5799,537.6
816.69855,544.4
816.8172,541.8
816.93585,547.0
817.0545,531.4
817.17316,529.0
817.29181,530.6
817.41046,531.8
817.52911,532.6
817.64771,528.8
817.76636,526.2
817.88501,525.8
818.0036,525.8
818.12225,527.8
818.24091,523.4
818.3595,518.0
818.47815,517.4
818.59674,519.4
818.71533,519.0
818.83398,519.2
818.95258,516.8
819.07117,515.6
819.18976,515.8
819.30841,519.0
819.427,519.2
819.54559,512.4
819.66418,518.4
819.78278,514.6
819.90137,514.4
820.01996,512.8
820.13855,515.2
820.25714,508.2
820.37573,515.0
820.49426,507.6
820.61285,512.8
820.73145,509.0
820.84998,505.0
820.96857,506.6
821.08716,505.8
821.20569,505.2
821.32428,505.2
821.44281,505.0
821.56134,506.0
821.67993,505.8
821.79846,504.2
821.91699,502.6
822.03558,504.6
822.15411,506.8
822.27264,507.2
822.39117,506.4
822.5097,501.8
822.62823,503.8
822.74677,505.0
822.8653,504.4
822.98383,505.8
823.10236,505.0
823.22089,500.0
823.33942,499.8
823.45789,501.6
823.57642,507.2
823.69495,503.6
823.81342,505.4
823.93195,500.4
824.05042,503.0
824.16895,503.6
824.28741,505.2
824.40594,501.0
824.52441,505.8
824.64288,499.0
824.76141,502.8
824.87988,500.2
824.99835,501.2
825.11682,499.4
825.23529,501.8
825.35376,502.2
825.47223,501.0
825.5907,501.0
825.70917,499.0
825.82764,498.6
825.94611,499.0
826.06458,494.8
826.18304,498.6
826.30145,501.2
826.41992,501.0
826.53839,492.2
826.6568,497.2
826.77527,500.0
826.89368,500.8
827.01215,491.8
827.13055,499.0
827.24902,495.6
827.36743,501.0
827.48584,495.0
827.60431,500.2
827.72272,496.0
827.84113,492.0
827.95953,489.6
828.07794,494.2
828.19635,493.4
828.31476,489.6
828.43317,492.6
828.55157,498.6
828.66998,491.6
828.78839,493.0
828.90674,497.0
829.02515,493.4
829.14355,496.8
829.2619,497.0
829.38031,490.6
829.49872,491.6
829.61707,494.0
829.73547,490.4
829.85382,491.4
829.97217,494.8
830.09058,495.0
830.20892,487.8
830.32727,491.8
830.44562,495.4
830.56403,492.2
830.68237,492.6
830.80072,492.0
830.91907,491.8
831.03741,491.0
831.15576,493.6
831.27411,486.0
831.3924,493.4
831.51074,489.8
831.62909,490.2
831.74744,489.2
831.86572,495.2
831.98407,491.2
832.10242,493.0
832.2207,495.0
832.33905,493.6
832.45734,492.2
832.57562,494.4
832.69397,490.8
832.81226,487.0
832.93054,493.6
833.04889,493.2
833.16718,490.2
833.28546,496.2
833.40375,502.2
833.52203,495.6
833.64032,494.4
833.75861,499.4
833.87689,494.2
833.99518,501.6
834.1134,500.8
834.23169,501.8
834.34998,494.4
834.46826,498.4
834.58649,502.0
834.70477,501.4
834.823,498.2
834.94128,502.4
835.05951,498.8
835.1778,503.4
835.29602,495.8
835.41425,496.0
835.53253,494.4
835.65076,501.6
835.76898,497.2
835.88721,498.6
836.00543,494.4
836.12366,498.6
836.24188,491.4
836.36011,494.6
836.47833,494.6
836.59656,495.6
836.71478,497.4
836.83295,498.4
836.95117,490.2
837.0694,495.0
837.18756,501.0
837.30579,498.0
837.42401,498.0
837.54218,496.2
837.66034,495.4
837.77856,498.8
837.89673,499.4
838.01489,498.6
838.13312,490.4
838.25128,498.2
838.36945,497.2
838.48761,499.4
838.60577,494.2
838.72394,499.6
838.8421,498.0
838.96027,494.0
839.07843,493.0
839.19659,494.4
839.31476,497.0
839.43286,495.2
839.55103,500.8
839.66919,498.6
839.78729,496.6
839.90546,500.4
840.02356,493.8
840.14172,497.0
840.25983,498.8
840.37793,493.2
840.49609,492.8
840.6142,495.4
840.7323,497.0
840.8504,496.2
840.96851,495.0
841.08661,495.2
841.20471,492.8
841.32281,497.6
841.44092,494.8
841.55902,493.2
841.67712,493.6
841.79523,492.6
841.91327,496.4
842.03137,496.4
842.14948,497.0
842.26752,494.6
842.38562,496.4
842.50366,492.4
842.62177,495.6
842.73981,495.2
842.85791,493.0
842.97595,493.8
843.09399,496.0
843.21204,495.6
843.33008,495.8
843.44818,492.8
843.56622,494.2
843.68427,494.4
843.80231,495.2
843.92029,494.8
844.03833,498.6
844.15637,488.4
844.27441,496.8
844.39246,494.6
844.51044,493.8
844.62848,493.4
844.74646,495.4
844.8645,491.8
844.98248,495.2
845.10052,492.4
845.21851,495.8
845.33649,496.2
845.45453,498.8
845.57251,495.2
845.69049,491.8
845.80847,490.6
845.92645,492.2
846.04443,492.2
846.16241,494.6
846.2804,498.4
846.39838,495.2
846.51636,495.0
846.63434,498.2
846.75226,491.6
846.87024,491.4
846.98822,497.2
847.10614,493.8
847.22412,494.4
847.34204,499.4
847.46002,492.6
847.57794,495.6
847.69586,497.6
847.81384,495.8
847.93176,502.2
848.04968,494.4
848.1676,495.6
848.28552,495.0
848.40344,494.6
848.52136,494.6
848.63928,499.2
848.7572,493.8
848.87512,497.4
848.99304,495.8
849.1109,496.8
849.22882,490.2
849.34674,494.6
849.4646,494.6
849.58252,496.2
849.70038,495.8
849.8183,491.8
849.93616,492.4
850.05402,496.2
850.17194,498.0
850.28979,499.4
850.40765,498.6
850.52551,498.8
850.64337,499.6
850.76123,495.6
850.87909,492.6
850.99695,495.4
851.11481,494.0
851.23267,503.0
851.35046,503.8
851.46832,497.4
851.58618,507.2
851.70398,503.6
851.82184,504.6
851.93964,506.8
852.0575,509.8
852.17529,511.8
852.29315,509.8
852.41095,509.0
852.52875,504.4
852.64655,503.2
852.7644,504.4
852.8822,500.8
853.0,499.6
853.1178,493.6
853.2356,497.2
853.35333,494.8
853.47113,496.2
853.58893,497.4
853.70673,494.0
853.82446,498.4
853.94226,497.2
854.06006,494.6
854.1778,495.6
854.29559,499.4
854.41333,493.2
854.53107,493.6
854.64886,496.2
854.7666,496.0
854.88434,490.6
855.00208,496.2
855.11981,499.4
855.23761,499.4
855.35535,501.8
855.47302,499.4
855.59076,496.0
855.7085,501.6
855.82623,497.8
855.94397,501.2
856.06165,495.0
856.17938,498.0
856.29712,498.8
856.41479,496.0
856.53253,495.4
856.65021,495.0
856.76788,490.4
856.88562,497.4
857.0033,495.4
857.12097,497.6
857.23865,492.4
857.35632,490.2
857.474,493.4
857.59167,492.6
857.70935,500.0
857.82703,497.4
857.9447,492.2
858.06238,490.4
858.18005,495.6
858.29767,493.2
858.41534,495.4
858.53296,493.4
858.65063,491.4
858.76825,494.4
858.88593,490.4
859.00354,495.8
859.12115,491.2
859.23883,498.4
859.35645,486.4
859.47406,496.2
859.59167,493.2
859.70929,491.8
859.8269,489.2
859.94452,488.2
860.06213,494.6
860.17975,494.4
860.29736,488.4
860.41492,489.2
860.53253,491.6
860.65009,492.0
860.7677,488.8
860.88525,489.0
861.00287,490.0
861.12042,492.2
861.23804,495.6
861.35559,490.2
861.47314,500.0
861.5907,485.4
861.70825,484.4
861.82581,494.0
861.94336,487.8
862.06091,491.0
862.17847,495.4
862.29602,490.6
862.41357,488.0
862.53113,487.4
862.64862,483.6
862.76617,481.8
862.88367,489.4
863.00122,488.4
863.11871,489.8
863.23627,487.0
863.35376,489.4
863.47125,491.6
863.58881,492.6
863.7063,489.0
863.82379,488.2
863.94128,489.4
864.05878,484.0
864.17627,489.8
864.29376,487.0
864.41125,488.4
864.52869,486.4
864.64618,488.8
864.76367,487.2
864.8811,487.0
864.9986,487.6
865.11609,487.8
865.23352,486.0
865.35095,489.6
865.46844,487.8
865.58588,485.0
865.70331,486.2
865.82074,488.4
865.93823,488.6
866.05566,485.6
866.1731,489.2
866.29053,486.0
866.4079,489.2
866.52533,488.0
866.64276,485.4
866.76019,481.2
866.87756,486.2
866.995,490.6
867.11243,489.2
867.2298,488.2
867.34723,489.0
867.4646,483.8
867.58197,486.4
867.6994,488.0
867.81677,485.6
867.93414,485.8
868.05151,487.6
868.16888,490.2
868.28625,486.4
868.40363,491.2
868.521,493.4
868.63837,487.4
868.75568,492.0
868.87305,489.6
868.99042,490.4
869.10773,488.2
869.2251,491.2
869.34241,490.4
869.45978,487.2
869.57709,493.8
869.69446,489.0
869.81177,490.2
869.92908,491.6
870.04639,491.6
870.1637,486.0
870.28101,492.8
870.39832,490.2
870.51563,495.2
870.63293,487.8
870.75024,490.8
870.86749,492.0
870.9848,490.0
871.10211,492.6
871.21936,490.0
871.33667,488.4
871.45392,492.2
871.57123,492.0
871.68848,489.2
871.80573,494.2
871.92297,488.6
872.04028,487.2
872.15753,490.0
872.27478,492.4
872.39203,483.0
872.50928,486.6
872.62646,489.6
872.74371,488.4
872.86096,493.0
872.97821,488.8
873.0954,489.6
873.21265,492.0
873.32983,483.0
873.44708,489.4
873.56427,490.6
873.68152,490.8
873.79871,491.0
873.91589,490.8
874.03308,486.2
874.15027,485.0
874.26746,488.4
874.38464,492.8
874.50183,489.8
874.61902,491.8
874.73621,486.2
874.85339,490.4
874.97052,493.0
875.08771,490.8
875.2049,487.2
875.32202,487.2
875.43921,491.8
875.55634,491.2
875.67346,491.8
875.79065,490.8
875.90778,493.4
876.0249,491.8
876.14203,490.0
876.25916,490.0
876.37628,492.8
876.49341,489.6
876.61053,491.8
876.72766,494.2
876.84473,490.0
876.96185,493.0
877.07898,493.2
877.19604,492.4
877.31317,491.6
877.43024,485.6
877.54736,493.6
877.66443,491.8
877.78149,490.6
877.89856,487.4
878.01569,487.8
878.13275,487.8
878.24982,490.0
878.36688,492.2
878.48395,491.0
878.60095,484.4
878.71802,490.4
878.83508,486.4
878.95215,488.0
879.06915,484.6
879.18622,489.2
879.30322,487.4
879.42029,481.8
879.53729,489.8
879.6543,489.0
879.77136,482.2
879.88837,487.8
880.00537,488.8
880.12238,487.4
880.23938,481.6
880.35638,491.8
880.47339,480.8
880.59039,486.4
880.70734,487.2
880.82434,486.0
880.94135,485.2
881.05829,491.0
881.17529,486.2
881.29224,488.4
881.40924,488.6
881.52618,489.6
881.64313,488.4
881.76007,487.6
881.87701,485.0
881.99402,486.8
882.11096,493.4
882.22791,485.6
882.34479,480.0
882.46173,492.6
882.57867,485.2
882.69562,488.4
882.8125,491.4
882.92944,486.8
883.04639,491.2
883.16327,484.4
883.28015,487.4
883.39709,485.4
883.51398,489.2
883.63086,486.0
883.74774,486.2
883.86462,492.8
883.98157,486.0
884.09839,487.6
884.21527,487.2
884.33215,488.0
884.44904,488.0
884.56592,494.6
884.68274,493.6
884.79962,496.0
884.9165,494.4
885.03333,495.6
885.15015,493.4
885.26703,494.2
885.38385,494.4
885.50067,495.6
885.61749,499.0
885.73438,499.6
885.8512,502.2
885.96802,497.2
886.08478,492.6
886.2016,499.0
886.31842,492.8
886.43524,494.8
886.55206,493.2
886.66882,495.2
886.78564,491.6
886.9024,496.2
887.01923,491.6
887.13599,491.2
887.25275,494.2
887.36951,488.4
887.48633,493.2
887.60309,493.0
887.71985,489.2
887.83661,491.0
887.95337,487.2
888.07007,484.6
888.18683,485.2
888.30359,487.2
888.42035,486.2
888.53705,484.2
888.65381,484.6
888.77051,485.8
888.88721,487.4
889.00397,484.6
889.12067,482.0
889.23737,484.8
889.35406,485.0
889.47083,477.8
889.58752,478.8
889.70416,486.0
889.82086,483.0
889.93756,482.0
890.05426,482.2
890.17096,487.0
890.2876,481.6
890.4043,482.0
890.52094,484.6
890.63763,483.8
890.75427,482.4
890.87091,481.2
890.98761,486.2
891.10425,488.6
891.22089,482.4
891.33752,482.6
891.45416,482.4
891.5708,488.8
891.68744,484.0
891.80408,489.2
891.92065,483.8
892.03729,484.4
892.15393,485.0
892.27051,484.8
892.38715,485.8
892.50372,489.2
892.6203,485.2
892.73694,487.6
892.85352,489.2
892.97009,487.0
893.08667,485.2
893.20325,485.8
893.31982,488.6
893.4364,482.8
893.55298,487.0
893.66956,487.8
893.78607,491.6
893.90265,487.2
894.01917,489.0
894.13574,488.0
894.25226,490.2
894.36884,483.4
894.48535,490.4
894.60187,484.2
894.71838,483.6
894.8349,493.4
894.95148,480.6
895.06793,489.8
895.18445,490.0
895.30096,483.4
895.41748,487.6
895.534,486.4
895.65045,488.4
895.76697,484.0
895.88342,491.6
895.99994,485.6
896.11639,485.0
896.23291,486.8
896.34937,485.4
896.46582,489.4
896.58228,489.2
896.69873,488.0
896.81519,486.4
896.93164,489.8
897.0481,483.8
897.16455,486.0
897.28094,484.4
897.3974,487.8
897.51385,489.0
897.63025,481.4
897.7467,489.0
897.8631,491.2
897.97949,489.4
898.09595,490.0
898.21234,491.4
898.32874,486.8
898.44513,488.8
898.56152,488.8
898.67792,482.2
898.79431,483.8
898.91064,487.8
899.02704,483.6
899.14343,486.2
899.25977,485.8
899.37616,481.2
899.49249,485.2
899.60889,481.2
899.72522,485.8
899.84155,484.8
899.95789,483.0
900.07428,486.0
900.19061,486.2
900.30695,485.4
900.42322,484.2
900.53955,479.2
900.65588,480.0
900.77222,488.0
900.88849,482.4
901.00482,485.4
901.12109,487.8
901.23743,482.4
901.3537,487.6
901.47003,483.4
901.5863,483.2
901.70258,489.2
901.81885,476.4
901.93512,481.4
902.05139,482.4
902.16766,485.4
902.28394,485.0
902.40021,488.4
902.51642,488.0
902.63269,482.6
902.7489,482.8
902.86517,485.0
902.98138,482.8
903.09766,484.8
903.21387,485.6
903.33008,489.4
903.44629,486.4
903.5625,482.0
903.67871,479.6
903.79492,483.4
903.91113,483.2
904.02734,479.6
904.14355,488.4
904.2597,479.2
904.37592,481.4
904.49207,477.4
904.60828,476.8
904.72443,475.4
904.84064,477.2
904.95679,478.0
905.07294,478.0
905.18909,475.0
905.30524,477.2
905.42139,477.0
905.53754,474.2
905.65369,475.4
905.76984,474.4
905.88593,477.0
906.00208,475.2
906.11816,475.0
906.23431,471.0
906.3504,472.2
906.46655,471.8
906.58264,470.6
906.69873,472.4
906.81482,476.0
906.93091,472.8
907.047,473.8
907.16309,474.4
907.27917,474.6
907.39526,470.2
907.51135,468.4
907.62738,471.8
907.74347,473.0
907.8595,472.8
907.97559,478.6
908.09161,472.2
908.2077,474.2
908.32373,473.0
908.43976,474.2
908.55579,473.4
908.67181,476.4
908.78784,470.4
908.90387,471.0
909.0199,471.0
909.13586,465.2
909.25189,470.6
909.36792,472.4
909.48389,475.2
909.59991,468.2
909.71588,468.8
909.83185,475.6
909.94788,470.0
910.06384,469.0
910.17981,473.0
910.29578,473.0
910.41174,470.8
910.52771,473.8
910.64368,472.6
910.75958,470.0
910.87555,470.6
910.99152,468.6
911.10742,473.6
911.22339,471.8
911.33929,473.2
911.4552,473.0
911.57117,469.6
911.68707,472.8
911.80298,470.6
911.91888,469.6
912.03479,474.2
912.1507,474.4
912.2666,470.2
912.38245,473.4
912.49835,476.0
912.61426,470.6
912.7301,472.2
912.84601,475.0
792.4458,566.2
792.56488,563.0
792.68396,566.2
792.8031,560.8
792.92218,555.6
793.04126,549.2
793.16034,551.6
793.27942,549.6
793.3985,544.0
793.51758,537.6
793.63672,537.8
793.7558,537.2
793.87488,544.8
793.9939,537.2
794.11298,542.2
794.23206,532.4
794.35114,532.4
794.47021,532.4
794.58929,522.8
794.70831,526.6
794.82739,529.6
794.94647,524.6
795.06549,516.8
795.18457,523.6
795.30365,517.8
795.42267,514.4
795.54175,516.4
795.66077,514.4
795.77985,515.8
795.89886,516.8
796.01794,513.2
796.13696,513.0
796.25598,522.4
796.375,512.4
796.49408,514.2
796.6131,510.2
796.73212,506.8
796.85114,514.4
796.97015,512.2
797.08923,510.2
797.20825,507.6
797.32727,502.8
797.44629,507.6
797.56531,509.6
797.68427,511.2
797.80328,508.2
797.9223,508.6
798.04132,506.0
798.16034,503.4
798.27936,506.6
798.39832,506.8
798.51733,506.0
798.63635,506.0
798.75531,503.8
798.87433,505.4
798.99329,502.2
799.1123,505.6
799.23126,501.0
799.35028,508.4
799.46924,506.2
799.58826,505.4
799.70721,504.8
799.82617,508.2
799.94519,504.0
800.06415,505.6
800.18311,502.6
800.30206,506.2
800.42102,509.0
800.54004,506.8
800.659,506.8
800.77795,505.4
800.89691,506.8
801.01587,506.6
801.13483,508.6
801.25372,510.6
801.37268,506.4
801.49164,510.2
801.6106,512.8
801.72955,510.2
801.84845,508.6
801.96741,512.8
802.08636,508.0
802.20526,518.2
802.32422,507.2
802.44318,515.8
802.56207,507.0
802.68103,515.6
802.79993,512.8
802.91882,513.2
803.03778,512.4
803.15668,510.6
803.27557,516.2
803.39453,510.0
803.51343,512.0
803.63232,515.8
803.75122,508.4
803.87012,520.4
803.98907,512.6
804.10797,512.8
804.22687,508.8
804.34576,515.0
804.46466,513.6
804.58356,513.2
804.70239,510.4
804.82129,519.2
804.94019,510.6
805.05908,515.8
805.17798,513.4
805.29681,517.8
805.41571,521.6
805.53461,518.8
805.65344,515.0
805.77234,525.8
805.89117,516.2
806.01007,523.0
806.12891,512.6
806.2478,524.6
806.36664,514.6
806.48547,520.2
806.60437,517.6
806.72321,520.4
806.84204,522.4
806.96088,518.2
807.07971,525.8
807.19861,524.2
807.31744,523.8
807.43628,522.8
807.55511,518.6
807.67395,519.8
807.79279,525.6
807.91162,523.4
808.0304,523.0
808.14923,523.2
808.26807,524.2
808.3869,533.2
808.50568,522.4
808.62451,525.6
808.74335,524.2
808.86212,524.6
808.98096,529.0
809.09979,528.4
809.21857,529.2
809.33734,528.6
809.45618,529.2
809.57495,527.6
809.69379,533.0
809.81256,531.8
809.93134,523.8
810.05011,527.6
810.16895,529.4
810.28772,530.0
810.40649,532.4
810.52527,531.0
810.64404,530.4
810.76282,533.6
810.88159,529.4
811.00037,529.6
811.11914,524.4
811.23792,528.6
811.35663,531.2
811.4754,537.2
811.59418,527.2
811.71295,529.2
811.83167,528.0
811.95044,528.0
812.06921,532.0
812.18793,533.4
812.3067,530.4
812.42542,528.6
812.54419,527.8
812.6629,533.8
812.78162,525.6
812.90039,528.0
813.0191,523.4
813.13782,530.6
813.25653,523.0
813.37524,529.4
813.49402,525.0
813.61273,530.6
813.73145,530.0
813.85016,527.6
813.96887,529.2
814.08759,530.0
814.2063,525.2
814.32495,530.4
814.44366,526.4
814.56238,524.4
814.68109,523.8
814.79974,523.2
814.91846,522.4
815.03717,530.0
815.15582,520.6
815.27454,522.2
815.39319,517.4
815.5119,519.6
815.63055,521.4
815.74927,521.0
815.86792,518.6
815.98657,525.8
816.10529,522.2
816.22394,523.4
816.34259,519.4
816.46124,525.2
816.5799,521.4
816.69855,527.2
816.8172,525.0
816.93585,524.0
817.0545,520.2
817.17316,516.6
817.29181,516.8
817.41046,516.0
817.52911,513.0
817.64771,511.8
817.76636,505.0
817.88501,508.0
818.0036,505.2
818.12225,506.4
818.24091,496.6
818.3595,499.4
818.47815,499.2
818.59674,504.4
818.71533,492.2
818.83398,497.6
818.95258,493.0
819.07117,491.0
819.18976,493.2
819.30841,496.0
819.427,497.6
819.54559,494.6
819.66418,488.2
819.78278,488.2
819.90137,490.4
820.01996,484.8
820.13855,484.0
820.25714,487.0
820.37573,489.0
820.49426,493.2
820.61285,480.6
820.73145,483.8
820.84998,480.2
820.96857,483.2
821.08716,484.6
821.20569,486.6
821.32428,483.2
821.44281,482.4
821.56134,480.0
821.67993,484.8
821.79846,484.2
821.91699,486.6
822.03558,480.2
822.15411,481.4
822.27264,480.8
822.39117,482.0
822.5097,480.2
822.62823,485.0
822.74677,476.2
822.8653,483.0
822.98383,477.0
823.10236,487.4
823.22089,477.6
823.33942,481.8
823.45789,480.2
823.57642,483.0
823.69495,481.8
823.81342,484.2
823.93195,482.6
824.05042,485.0
824.16895,478.8
824.28741,484.0
824.40594,482.0
824.52441,482.6
824.64288,481.2
824.76141,477.0
824.87988,477.0
824.99835,479.0
825.11682,484.8
825.23529,480.6
825.35376,476.4
825.47223,481.2
825.5907,475.6
825.70917,480.6
825.82764,474.8
825.94611,476.6
826.06458,471.2
826.18304,475.4
826.30145,477.0
826.41992,480.4
826.53839,474.6
826.6568,476.0
826.77527,475.8
826.89368,476.6
827.01215,475.2
827.13055,479.8
827.24902,469.2
827.36743,479.4
827.48584,473.8
827.60431,476.6
827.72272,470.4
827.84113,471.4
827.95953,472.8
828.07794,470.2
828.19635,473.4
828.31476,473.6
828.43317,474.2
828.55157,473.4
828.66998,474.8
828.78839,472.6
828.90674,474.2
829.02515,471.4
829.14355,475.4
829.2619,475.6
829.38031,470.4
829.49872,473.4
829.61707,468.6
829.73547,477.2
829.85382,474.4
829.97217,474.8
830.09058,478.6
830.20892,469.4
830.32727,476.2
830.44562,472.2
830.56403,473.0
830.68237,476.2
830.80072,469.0
830.91907,475.2
831.03741,470.0
831.15576,480.2
831.27411,472.0
831.3924,472.0
831.51074,469.0
831.62909,473.2
831.74744,472.0
831.86572,475.2
831.98407,474.4
832.10242,474.2
832.2207,468.6
832.33905,472.2
832.45734,472.4
832.57562,472.6
832.69397,471.6
832.81226,475.4
832.93054,479.2
833.04889,470.6
833.16718,472.0
833.28546,472.8
833.40375,475.6
833.52203,476.2
833.64032,467.8
833.75861,473.2
833.87689,476.4
833.99518,479.8
834.1134,472.2
834.23169,478.0
834.34998,472.8
834.46826,479.4
834.58649,471.6
834.70477,473.8
834.823,470.0
834.94128,477.6
835.05951,471.8
835.1778,478.2
835.29602,471.0
835.41425,478.2
835.53253,478.0
835.65076,471.8
835.76898,479.4
835.88721,477.8
836.00543,475.6
836.12366,480.0
836.24188,474.6
836.36011,474.4
836.47833,474.6
836.59656,476.4
836.71478,477.0
836.83295,479.4
836.95117,474.6
837.0694,482.0
837.18756,479.6
837.30579,480.2
837.42401,480.2
837.54218,478.2
837.66034,478.6
837.77856,477.8
837.89673,476.4
838.01489,481.2
838.13312,475.2
838.25128,478.8
838.36945,481.6
838.48761,480.4
838.60577,479.0
838.72394,486.4
838.8421,477.0
838.96027,479.0
839.07843,471.8
839.19659,478.8
839.31476,478.6
839.43286,474.8
839.55103,480.2
839.66919,475.8
839.78729,477.8
839.90546,474.6
840.02356,478.8
840.14172,480.4
840.25983,476.6
840.37793,475.4
840.49609,474.0
840.6142,478.0
840.7323,472.8
840.8504,473.6
840.96851,473.6
841.08661,476.4
841.20471,474.4
841.32281,478.6
841.44092,471.6
841.55902,474.8
841.67712,474.2
841.79523,475.4
841.91327,473.4
842.03137,478.4
842.14948,473.6
842.26752,472.8
842.38562,475.0
842.50366,472.0
842.62177,469.8
842.73981,471.6
842.85791,469.4
842.97595,475.6
843.09399,473.8
843.21204,471.6
843.33008,474.4
843.44818,471.8
843.56622,470.4
843.68427,471.2
843.80231,470.4
843.92029,473.4
844.03833,471.6
844.15637,470.4
844.27441,470.8
844.39246,474.2
844.51044,471.0
844.62848,475.2
844.74646,472.2
844.8645,472.4
844.98248,467.2
845.10052,466.2
845.21851,472.8
845.33649,470.8
845.45453,477.6
845.57251,473.4
845.69049,468.8
845.80847,468.6
845.92645,467.2
846.04443,473.0
846.16241,468.6
846.2804,474.0
846.39838,469.0
846.51636,475.0
846.63434,468.6
846.75226,473.0
846.87024,468.6
846.98822,471.6
847.10614,468.0
847.22412,472.2
847.34204,469.0
847.46002,475.0
847.57794,471.2
847.69586,471.2
847.81384,470.8
847.93176,474.6
848.04968,471.6
848.1676,472.2
848.28552,473.2
848.40344,468.8
848.52136,468.6
848.63928,472.8
848.7572,469.0
848.87512,472.2
848.99304,469.6
849.1109,475.0
849.22882,469.8
849.34674,471.6
849.4646,467.0
849.58252,470.4
849.70038,468.2
849.8183,472.6
849.93616,470.6
850.05402,473.2
850.17194,467.8
850.28979,473.2
850.40765,469.8
850.52551,472.6
850.64337,471.4
850.76123,475.4
850.87909,467.2
850.99695,472.2
851.11481,470.2
851.23267,473.6
851.35046,468.4
851.46832,477.4
851.58618,472.8
851.70398,477.0
851.82184,472.2
851.93964,476.0
852.0575,474.6
852.17529,477.2
852.29315,476.4
852.41095,478.6
852.52875,474.8
852.64655,477.6
852.7644,477.8
852.8822,473.6
853.0,469.6
853.1178,477.0
853.2356,471.6
853.35333,477.2
853.47113,472.4
853.58893,472.4
853.70673,474.2
853.82446,479.2
853.94226,476.0
854.06006,478.4
854.1778,477.2
854.29559,478.2
854.41333,469.6
854.53107,477.8
854.64886,473.0
854.7666,476.6
854.88434,472.8
855.00208,477.6
855.11981,473.4
855.23761,472.8
855.35535,478.0
855.47302,475.4
855.59076,467.2
855.7085,477.2
855.82623,474.4
855.94397,474.8
856.06165,473.8
856.17938,476.0
856.29712,475.8
856.41479,477.2
856.53253,475.2
856.65021,471.8
856.76788,471.6
856.88562,481.0
857.0033,471.6
857.12097,479.4
857.23865,474.2
857.35632,472.2
857.474,473.0
857.59167,474.4
857.70935,473.4
857.82703,472.6
857.9447,473.6
858.06238,477.0
858.18005,472.4
858.29767,473.8
858.41534,471.6
858.53296,475.0
858.65063,477.0
858.76825,474.2
858.88593,472.8
859.00354,478.4
859.12115,466.2
859.23883,472.0
859.35645,473.6
859.47406,476.0
859.59167,467.2
859.70929,473.8
859.8269,474.2
859.94452,473.2
860.06213,476.2
860.17975,474.6
860.29736,472.4
860.41492,468.8
860.53253,470.2
860.65009,471.8
860.7677,469.8
860.88525,472.8
861.00287,469.6
861.12042,473.6
861.23804,468.6
861.35559,473.6
861.47314,469.4
861.5907,470.4
861.70825,463.4
861.82581,473.0
861.94336,469.8
862.06091,470.0
862.17847,474.2
862.29602,472.4
862.41357,473.2
862.53113,471.8
862.64862,476.0
862.76617,470.4
862.88367,472.4
863.00122,471.0
863.11871,468.8
863.23627,474.0
863.35376,476.6
863.47125,470.8
863.58881,471.0
863.7063,472.0
863.82379,465.8
863.94128,469.4
864.05878,474.2
864.17627,471.2
864.29376,469.0
864.41125,474.0
864.52869,465.8
864.64618,473.0
864.76367,466.8
864.8811,473.0
864.9986,471.8
865.11609,472.6
865.23352,469.8
865.35095,466.4
865.46844,467.2
865.58588,474.2
865.70331,469.2
865.82074,473.2
865.93823,468.8
866.05566,470.4
866.1731,468.4
866.29053,474.6
866.4079,468.4
866.52533,471.4
866.64276,468.0
866.76019,471.2
866.87756,467.0
866.995,472.8
867.11243,467.0
867.2298,469.8
867.34723,469.8
867.4646,466.4
867.58197,468.8
867.6994,476.4
867.81677,473.8
867.93414,468.0
868.05151,470.4
868.16888,467.6
868.28625,470.6
868.40363,471.2
868.521,469.4
868.63837,469.6
868.75568,471.0
868.87305,472.2
868.99042,472.6
869.10773,473.0
869.2251,471.6
869.34241,475.4
869.45978,467.4
869.57709,471.4
869.69446,467.0
869.81177,473.0
869.92908,474.6
870.04639,476.2
870.1637,470.0
870.28101,475.6
870.39832,471.8
870.51563,476.2
870.63293,472.4
870.75024,474.2
870.86749,469.4
870.9848,474.8
871.10211,471.6
871.21936,473.2
871.33667,473.4
871.45392,474.4
871.57123,470.2
871.68848,464.6
871.80573,474.4
871.92297,473.8
872.04028,468.6
872.15753,473.6
872.27478,469.8
872.39203,468.4
872.50928,473.0
872.62646,472.0
872.74371,473.6
872.86096,474.2
872.97821,470.6
873.0954,475.2
873.21265,466.4
873.32983,470.2
873.44708,470.6
873.56427,474.8
873.68152,469.8
873.79871,472.0
873.91589,469.6
874.03308,470.4
874.15027,470.6
874.26746,469.4
874.38464,470.6
874.50183,472.2
874.61902,469.0
874.73621,471.6
874.85339,471.4
874.97052,471.8
875.08771,473.6
875.2049,470.6
875.32202,466.2
875.43921,470.4
875.55634,468.2
875.67346,471.8
875.79065,470.6
875.90778,475.4
876.0249,472.2
876.14203,470.2
876.25916,473.8
876.37628,470.4
876.49341,478.4
876.61053,473.2
876.72766,470.8
876.84473,472.4
876.96185,468.4
877.07898,473.6
877.19604,472.6
877.31317,473.6
877.43024,468.6
877.54736,472.6
877.66443,473.0
877.78149,473.2
877.89856,472.4
878.01569,472.8
878.13275,471.0
878.24982,470.8
878.36688,475.0
878.48395,467.4
878.60095,475.2
878.71802,472.0
878.83508,475.0
878.95215,472.0
879.06915,472.8
879.18622,472.4
879.30322,468.4
879.42029,473.0
879.53729,472.6
879.6543,472.2
879.77136,466.4
879.88837,476.2
880.00537,469.6
880.12238,473.0
880.23938,473.2
880.35638,478.2
880.47339,468.2
880.59039,471.8
880.70734,470.0
880.82434,477.6
880.94135,472.6
881.05829,469.6
881.17529,470.6
881.29224,475.8
881.40924,472.8
881.52618,470.0
881.64313,473.2
881.76007,472.6
881.87701,472.2
881.99402,475.6
882.11096,477.4
882.22791,469.0
882.34479,471.8
882.46173,474.0
882.57867,469.2
882.69562,475.6
882.8125,469.6
882.92944,474.4
883.04639,471.8
883.16327,476.4
883.28015,472.2
883.39709,467.8
883.51398,473.0
883.63086,474.2
883.74774,474.8
883.86462,473.8
883.98157,470.6
884.09839,469.8
884.21527,471.2
884.33215,472.6
884.44904,469.2
884.56592,472.0
884.68274,474.6
884.79962,476.2
884.9165,474.0
885.03333,476.8
885.15015,472.8
885.26703,480.0
885.38385,472.4
885.50067,477.4
885.61749,474.4
885.73438,473.8
885.8512,474.6
885.96802,475.4
886.08478,475.6
886.2016,479.0
886.31842,475.8
886.43524,477.8
886.55206,470.8
886.66882,478.2
886.78564,477.4
886.9024,477.4
887.01923,476.2
887.13599,481.0
887.25275,475.6
887.36951,477.6
887.48633,478.0
887.60309,481.4
887.71985,476.8
887.83661,479.2
887.95337,473.2
888.07007,476.6
888.18683,476.4
888.30359,482.0
888.42035,477.2
888.53705,475.4
888.65381,473.2
888.77051,475.4
888.88721,478.0
889.00397,480.0
889.12067,476.0
889.23737,478.6
889.35406,478.4
889.47083,476.0
889.58752,475.2
889.70416,479.4
889.82086,474.0
889.93756,474.8
890.05426,474.4
890.17096,482.8
890.2876,476.2
890.4043,473.8
890.52094,476.0
890.63763,475.8
890.75427,474.6
890.87091,479.6
890.98761,474.2
891.10425,480.0
891.22089,477.2
891.33752,475.6
891.45416,480.2
891.5708,477.0
891.68744,472.4
891.80408,479.2
891.92065,476.2
892.03729,479.0
892.15393,477.2
892.27051,477.8
892.38715,478.6
892.50372,480.4
892.6203,477.2
892.73694,480.8
892.85352,480.6
892.97009,481.2
893.08667,477.8
893.20325,474.2
893.31982,476.6
893.4364,477.0
893.55298,477.8
893.66956,486.0
893.78607,480.0
893.90265,483.8
894.01917,484.4
894.13574,485.6
894.25226,482.8
894.36884,485.8
894.48535,483.6
894.60187,482.0
894.71838,483.6
894.8349,486.0
894.95148,479.2
895.06793,484.4
895.18445,480.6
895.30096,483.2
895.41748,475.6
895.534,481.4
895.65045,478.0
895.76697,480.0
895.88342,475.8
895.99994,479.2
896.11639,481.0
896.23291,475.8
896.34937,483.0
896.46582,478.8
896.58228,480.2
896.69873,484.4
896.81519,477.0
896.93164,481.8
897.0481,480.2
897.16455,481.4
897.28094,476.4
897.3974,479.2
897.51385,479.4
897.63025,482.6
897.7467,474.0
897.8631,476.8
897.97949,475.0
898.09595,485.0
898.21234,478.4
898.32874,478.4
898.44513,477.0
898.56152,477.2
898.67792,479.6
898.79431,478.0
898.91064,482.4
899.02704,478.0
899.14343,477.4
899.25977,478.8
899.37616,475.2
899.49249,479.4
899.60889,473.6
899.72522,475.4
899.84155,477.0
899.95789,475.4
900.07428,476.4
900.19061,474.4
900.30695,477.2
900.42322,477.4
900.53955,473.2
900.65588,475.4
900.77222,476.0
900.88849,477.8
901.00482,478.6
901.12109,480.4
901.23743,476.4
901.3537,478.0
901.47003,478.6
901.5863,478.0
901.70258,475.8
901.81885,472.2
901.93512,470.2
902.05139,472.4
902.16766,474.4
902.28394,478.0
902.40021,471.6
902.51642,479.4
902.63269,470.4
902.7489,480.4
902.86517,473.8
902.98138,472.2
903.09766,475.4
903.21387,476.0
903.33008,477.0
903.44629,485.4
903.5625,475.4
903.67871,475.4
903.79492,474.8
903.91113,474.8
904.02734,473.6
904.14355,475.8
904.2597,472.8
904.37592,475.6
904.49207,475.0
904.60828,470.8
904.72443,470.2
904.84064,475.4
904.95679,472.0
905.07294,474.4
905.18909,471.2
905.30524,475.6
905.42139,471.2
905.53754,473.6
905.65369,474.2
905.76984,473.8
905.88593,475.8
906.00208,475.8
906.11816,473.2
906.23431,469.6
906.3504,471.4
906.46655,473.2
906.58264,464.8
906.69873,470.4
906.81482,473.0
906.93091,470.6
907.047,470.4
907.16309,468.2
907.27917,473.2
907.39526,471.6
907.51135,472.0
907.62738,474.0
907.74347,477.6
907.8595,476.2
907.97559,473.0
908.09161,471.0
908.2077,468.4
908.32373,473.4
908.43976,472.2
908.55579,471.6
908.67181,473.0
908.78784,477.2
908.90387,475.8
909.0199,472.6
909.13586,472.2
909.25189,472.0
909.36792,470.4
909.48389,474.0
909.59991,470.6
909.71588,472.4
909.83185,474.0
909.94788,475.2
910.06384,471.6
910.17981,471.4
910.29578,476.6
910.41174,470.2
910.52771,469.4
910.64368,472.2
910.75958,463.4
910.87555,471.6
910.99152,471.4
911.10742,471.2
911.22339,469.2
911.33929,473.6
911.4552,470.4
911.57117,469.0
911.68707,471.0
911.80298,470.2
911.91888,468.2
912.03479,474.4
912.1507,472.2
912.2666,474.8
912.38245,472.6
912.49835,475.2
912.61426,472.8
912.7301,474.6
912.84601,473.0
792.4458,556.8
792.56488,560.0
792.68396,569.4
792.8031,562.0
792.92218,548.8
793.04126,548.4
793.16034,552.0
793.27942,543.8
793.3985,542.4
793.51758,535.6
793.63672,533.6
793.7558,533.6
793.87488,537.8
793.9939,535.4
794.11298,535.0
794.23206,533.4
794.35114,533.0
794.47021,522.4
794.58929,522.0
794.70831,520.0
794.82739,526.4
794.94647,522.8
795.06549,528.4
795.18457,519.0
795.30365,516.2
795.42267,518.6
795.54175,519.4
795.66077,515.0
795.77985,511.2
795.89886,516.6
796.01794,512.6
796.13696,513.6
796.25598,517.4
796.375,510.0
796.49408,514.2
796.6131,510.8
796.73212,513.8
796.85114,508.0
796.97015,508.2
797.08923,505.0
797.20825,510.4
797.32727,506.8
797.44629,512.6
797.56531,508.4
797.68427,508.6
797.80328,507.2
797.9223,509.2
798.04132,511.8
798.16034,510.6
798.27936,504.6
798.39832,509.0
798.51733,504.6
798.63635,509.2
798.75531,506.0
798.87433,504.8
798.99329,505.2
799.1123,507.4
799.23126,508.6
799.35028,502.6
799.46924,507.0
799.58826,507.8
799.70721,509.2
799.82617,505.2
799.94519,502.8
800.06415,504.6
800.18311,503.6
800.30206,508.6
800.42102,510.4
800.54004,507.6
800.659,502.4
800.77795,511.4
800.89691,501.4
801.01587,509.0
801.13483,508.2
801.25372,512.8
801.37268,504.6
801.49164,509.4
801.6106,506.4
801.72955,513.2
801.84845,512.0
801.96741,517.8
802.08636,511.0
802.20526,514.0
802.32422,508.4
802.44318,508.8
802.56207,510.0
802.68103,516.8
802.79993,511.4
802.91882,510.4
803.03778,510.6
803.15668,512.8
803.27557,514.8
803.39453,509.6
803.51343,513.2
803.63232,521.2
803.75122,511.8
803.87012,515.2
803.98907,514.0
804.10797,518.6
804.22687,519.2
804.34576,516.8
804.46466,519.4
804.58356,514.8
804.70239,512.0
804.82129,518.2
804.94019,516.8
805.05908,520.2
805.17798,522.4
805.29681,522.4
805.41571,519.8
805.53461,519.6
805.65344,516.6
805.77234,529.0
805.89117,520.6
806.01007,521.6
806.12891,522.8
806.2478,526.4
806.36664,521.6
806.48547,521.4
806.60437,520.0
806.72321,519.6
806.84204,528.2
806.96088,521.0
807.07971,523.8
807.19861,526.6
807.31744,527.6
807.43628,520.6
807.55511,521.4
807.67395,525.2
807.79279,525.6
807.91162,525.2
808.0304,523.4
808.14923,523.6
808.26807,527.2
808.3869,530.6
808.50568,527.6
808.62451,527.6
808.74335,524.2
808.86212,524.4
808.98096,529.8
809.09979,525.2
809.21857,528.0
809.33734,532.2
809.45618,529.2
809.57495,529.6
809.69379,531.6
809.81256,527.8
809.93134,532.2
810.05011,529.6
810.16895,524.4
810.28772,528.4
810.40649,526.8
810.52527,533.4
810.64404,534.8
810.76282,533.0
810.88159,534.8
811.00037,531.0
811.11914,534.0
811.23792,528.4
811.35663,529.2
811.4754,530.4
811.59418,531.8
811.71295,534.2
811.83167,531.4
811.95044,526.8
812.06921,533.6
812.18793,533.8
812.3067,529.4
812.42542,528.4
812.54419,526.8
812.6629,527.4
812.78162,528.0
812.90039,528.6
813.0191,530.4
813.13782,531.8
813.25653,524.4
813.37524,529.6
813.49402,527.8
813.61273,531.6
813.73145,527.0
813.85016,531.2
813.96887,525.4
814.08759,528.0
814.2063,523.6
814.32495,527.0
814.44366,526.6
814.56238,530.6
814.68109,528.6
814.79974,528.2
814.91846,527.6
815.03717,524.0
815.15582,525.0
815.27454,524.4
815.39319,515.8
815.5119,521.0
815.63055,522.0
815.74927,519.0
815.86792,518.6
815.98657,517.4
816.10529,521.4
816.22394,521.0
816.34259,518.0
816.46124,527.4
816.5799,520.4
816.69855,529.0
816.8172,523.6
816.93585,523.6
817.0545,517.2
817.17316,520.8
817.29181,517.4
817.41046,515.2
817.52911,514.6
817.64771,518.0
817.76636,508.8
817.88501,508.2
818.0036,503.6
818.12225,502.4
818.24091,505.2
818.3595,497.6
818.47815,500.6
818.59674,496.4
818.71533,497.4
818.83398,497.2
818.95258,493.2
819.07117,496.0
819.18976,490.2
819.30841,496.2
819.427,492.8
819.54559,493.4
819.66418,490.6
819.78278,489.6
819.90137,493.4
820.01996,486.0
820.13855,485.4
820.25714,487.2
820.37573,485.6
820.49426,486.4
820.61285,488.6
820.73145,487.2
820.84998,487.6
820.96857,479.8
821.08716,482.6
821.20569,482.8
821.32428,485.6
821.44281,488.2
821.56134,483.2
821.67993,486.0
821.79846,483.6
821.91699,479.0
822.03558,483.0
822.15411,487.2
822.27264,479.6
822.39117,484.6
822.5097,476.6
822.62823,485.2
822.74677,480.6
822.8653,485.0
822.98383,482.8
823.10236,489.0
823.22089,485.0
823.33942,482.8
823.45789,484.4
823.57642,484.6
823.69495,483.0
823.81342,490.4
823.93195,481.4
824.05042,486.2
824.16895,487.4
824.28741,485.0
824.40594,485.4
824.52441,487.8
824.64288,481.4
824.76141,483.4
824.87988,479.8
824.99835,481.4
825.11682,477.8
825.23529,481.6
825.35376,480.0
825.47223,479.6
825.5907,477.6
825.70917,478.4
825.82764,479.2
825.94611,478.8
826.06458,477.0
826.18304,473.2
826.30145,476.4
826.41992,479.0
826.53839,476.4
826.6568,481.2
826.77527,479.6
826.89368,478.8
827.01215,476.4
827.13055,473.0
827.24902,475.6
827.36743,475.8
827.48584,473.4
827.60431,471.8
827.72272,473.6
827.84113,474.0
827.95953,474.0
828.07794,474.8
828.19635,474.2
828.31476,475.8
828.43317,472.8
828.55157,482.0
828.66998,473.6
828.78839,477.4
828.90674,474.6
829.02515,474.6
829.14355,477.4
829.2619,474.4
829.38031,472.6
829.49872,473.2
829.61707,472.6
829.73547,473.8
829.85382,469.6
829.97217,474.4
830.09058,473.0
830.20892,467.8
830.32727,471.2
830.44562,474.6
830.56403,473.8
830.68237,478.6
830.80072,473.8
830.91907,468.4
831.03741,476.4
831.15576,477.6
831.27411,471.0
831.3924,472.6
831.51074,472.0
831.62909,473.2
831.74744,470.2
831.86572,474.8
831.98407,476.2
832.10242,476.0
832.2207,471.2
832.33905,474.0
832.45734,469.2
832.57562,469.6
832.69397,468.2
832.81226,470.8
832.93054,475.2
833.04889,469.8
833.16718,470.4
833.28546,476.6
833.40375,477.4
833.52203,476.6
833.64032,472.6
833.75861,476.4
833.87689,470.4
833.99518,473.4
834.1134,474.6
834.23169,470.4
834.34998,472.8
834.46826,475.0
834.58649,471.0
834.70477,478.8
834.823,474.2
834.94128,480.0
835.05951,473.0
835.1778,474.2
835.29602,469.2
835.41425,478.8
835.53253,473.2
835.65076,474.8
835.76898,471.4
835.88721,475.2
836.00543,478.4
836.12366,476.4
836.24188,472.4
836.36011,483.6
836.47833,475.6
836.59656,477.8
836.71478,479.6
836.83295,480.6
836.95117,479.6
837.0694,475.4
837.18756,480.0
837.30579,482.2
837.42401,476.6
837.54218,483.4
837.66034,477.6
837.77856,482.6
837.89673,476.4
838.01489,483.6
838.13312,473.4
838.25128,480.8
838.36945,477.4
838.48761,478.8
838.60577,486.4
838.72394,483.0
838.8421,474.8
838.96027,476.0
839.07843,481.0
839.19659,476.6
839.31476,477.4
839.43286,476.2
839.55103,477.8
839.66919,478.8
839.78729,479.2
839.90546,481.4
840.02356,471.4
840.14172,474.4
840.25983,478.4
840.37793,475.8
840.49609,480.4
840.6142,474.6
840.7323,476.2
840.8504,480.0
840.96851,471.6
841.08661,474.4
841.20471,469.4
841.32281,478.0
841.44092,472.2
841.55902,478.8
841.67712,470.0
841.79523,478.2
841.91327,471.6
842.03137,474.4
842.14948,476.0
842.26752,470.2
842.38562,470.8
842.50366,473.8
842.62177,467.2
842.73981,472.8
842.85791,473.0
842.97595,474.0
843.09399,473.6
843.21204,472.2
843.33008,478.0
843.44818,471.4
843.56622,472.2
843.68427,472.4
843.80231,470.6
843.92029,477.0
844.03833,474.4
844.15637,469.6
844.27441,470.2
844.39246,475.2
844.51044,475.4
844.62848,470.4
844.74646,470.6
844.8645,475.0
844.98248,464.2
845.10052,470.0
845.21851,474.0
845.33649,473.2
845.45453,470.8
845.57251,475.6
845.69049,469.4
845.80847,472.8
845.92645,466.8
846.04443,471.8
846.16241,471.2
846.2804,474.4
846.39838,470.0
846.51636,477.2
846.63434,469.8
846.75226,471.2
846.87024,469.2
846.98822,470.6
847.10614,469.2
847.22412,471.0
847.34204,467.0
847.46002,471.4
847.57794,470.0
847.69586,472.8
847.81384,469.6
847.93176,471.4
848.04968,471.6
848.1676,469.4
848.28552,469.4
848.40344,471.0
848.52136,466.8
848.63928,468.2
848.7572,472.4
848.87512,474.4
848.99304,472.8
849.1109,480.4
849.22882,464.4
849.34674,472.2
849.4646,470.6
849.58252,473.2
849.70038,471.4
849.8183,472.6
849.93616,468.6
850.05402,472.8
850.17194,475.0
850.28979,471.4
850.40765,469.2
850.52551,471.0
850.64337,474.6
850.76123,473.8
850.87909,467.4
850.99695,473.8
851.11481,470.6
851.23267,479.6
851.35046,473.8
851.46832,472.4
851.58618,480.2
851.70398,475.4
851.82184,479.0
851.93964,476.0
852.0575,479.6
852.17529,488.0
852.29315,480.0
852.41095,479.6
852.52875,474.4
852.64655,472.6
852.7644,474.0
852.8822,479.0
853.0,471.8
853.1178,476.8
853.2356,470.6
853.35333,474.8
853.47113,475.2
853.58893,469.2
853.70673,470.6
853.82446,476.6
853.94226,472.4
854.06006,470.4
854.1778,476.0
854.29559,476.8
854.41333,471.4
854.53107,478.2
854.64886,472.0
854.7666,476.2
854.88434,472.2
855.00208,474.6
855.11981,477.0
855.23761,478.4
855.35535,471.4
855.47302,476.6
855.59076,474.0
855.7085,478.0
855.82623,472.2
855.94397,476.0
856.06165,475.4
856.17938,476.2
856.29712,476.8
856.41479,479.2
856.53253,472.6
856.65021,471.2
856.76788,471.0
856.88562,477.2
857.0033,473.0
857.12097,477.0
857.23865,474.4
857.35632,474.8
857.474,469.2
857.59167,472.4
857.70935,473.6
857.82703,470.4
857.9447,472.8
858.06238,479.2
858.18005,474.0
858.29767,478.2
858.41534,470.8
858.53296,474.2
858.65063,475.8
858.76825,472.4
858.88593,470.6
859.00354,478.4
859.12115,468.2
859.23883,470.4
859.35645,472.8
859.47406,477.4
859.59167,473.2
859.70929,475.6
859.8269,467.4
859.94452,468.2
860.06213,473.2
860.17975,474.0
860.29736,473.0
860.41492,470.4
860.53253,470.2
860.65009,474.0
860.7677,466.6
860.88525,472.2
861.00287,465.0
861.12042,473.4
861.23804,473.0
861.35559,472.4
861.47314,473.6
861.5907,474.0
861.70825,468.0
861.82581,474.0
861.94336,469.2
862.06091,466.4
862.17847,477.6
862.29602,471.8
862.41357,471.2
862.53113,473.0
862.64862,473.0
862.76617,472.2
862.88367,470.4
863.00122,469.8
863.11871,466.8
863.23627,470.0
863.35376,469.6
863.47125,467.6
863.58881,468.2
863.7063,474.0
863.82379,465.2
863.94128,471.6
864.05878,472.2
864.17627,472.0
864.29376,473.6
864.41125,472.4
864.52869,472.0
864.64618,474.4
864.76367,468.0
864.8811,471.8
864.9986,471.8
865.11609,472.2
865.23352,467.0
865.35095,467.8
865.46844,473.2
865.58588,474.0
865.70331,474.0
865.82074,467.4
865.93823,467.6
866.05566,470.2
866.1731,469.6
866.29053,466.6
866.4079,472.0
866.52533,476.8
866.64276,468.6
866.76019,470.4
866.87756,470.4
866.995,472.2
867.11243,466.2
867.2298,472.4
867.34723,468.4
867.4646,469.8
867.58197,468.6
867.6994,474.6
867.81677,475.8
867.93414,471.4
868.05151,470.2
868.16888,470.2
868.28625,473.6
868.40363,473.0
868.521,469.6
868.63837,474.8
868.75568,469.2
868.87305,473.4
868.99042,473.4
869.10773,471.2
869.2251,472.8
869.34241,475.2
869.45978,471.0
869.57709,476.0
869.69446,468.0
869.81177,470.6
869.92908,474.6
870.04639,472.2
870.1637,470.2
870.28101,472.8
870.39832,466.0
870.51563,467.2
870.63293,474.8
870.75024,474.6
870.86749,468.6
870.9848,469.6
871.10211,470.4
871.21936,474.2
871.33667,472.4
871.45392,478.6
871.57123,470.0
871.68848,467.2
871.80573,471.2
871.92297,470.2
872.04028,467.6
872.15753,474.4
872.27478,474.6
872.39203,472.0
872.50928,469.6
872.62646,472.4
872.74371,467.4
872.86096,470.6
872.97821,472.8
873.0954,470.0
873.21265,467.8
873.32983,468.8
873.44708,471.6
873.56427,471.4
873.68152,468.4
873.79871,471.2
873.91589,470.8
874.03308,471.4
874.15027,470.6
874.26746,470.4
874.38464,470.4
874.50183,472.2
874.61902,469.6
874.73621,471.8
874.85339,471.0
874.97052,473.4
875.08771,472.2
875.2049,469.2
875.32202,468.0
875.43921,467.8
875.55634,469.2
875.67346,475.6
875.79065,468.6
875.90778,468.8
876.0249,468.6
876.14203,469.2
876.25916,469.8
876.37628,473.4
876.49341,466.4
876.61053,474.4
876.72766,469.0
876.84473,474.6
876.96185,474.6
877.07898,473.6
877.19604,473.6
877.31317,475.6
877.43024,472.4
877.54736,479.0
877.66443,469.8
877.78149,479.0
877.89856,475.2
878.01569,469.0
878.13275,468.0
878.24982,471.6
878.36688,470.8
878.48395,478.2
878.60095,467.0
878.71802,468.4
878.83508,473.2
878.95215,473.8
879.06915,468.6
879.18622,472.8
879.30322,468.8
879.42029,470.8
879.53729,474.6
879.6543,473.2
879.77136,472.4
879.88837,472.0
880.00537,473.4
880.12238,472.4
880.23938,472.8
880.35638,474.0
880.47339,472.2
880.59039,469.4
880.70734,471.8
880.82434,470.8
880.94135,476.0
881.05829,475.0
881.17529,472.6
881.29224,472.4
881.40924,471.0
881.52618,466.6
881.64313,469.8
881.76007,475.6
881.87701,474.0
881.99402,469.0
882.11096,474.8
882.22791,465.6
882.34479,465.6
882.46173,473.2
882.57867,470.0
882.69562,474.4
882.8125,470.6
882.92944,474.6
883.04639,472.8
883.16327,478.2
883.28015,470.8
883.39709,470.2
883.51398,469.0
883.63086,471.4
883.74774,474.6
883.86462,476.0
883.98157,472.4
884.09839,471.6
884.21527,471.4
884.33215,474.8
884.44904,467.0
884.56592,476.4
884.68274,473.8
884.79962,475.4
884.9165,472.2
885.03333,472.8
885.15015,471.8
885.26703,478.8
885.38385,476.6
885.50067,471.2
885.61749,475.4
885.73438,472.4
885.8512,476.4
885.96802,477.2
886.08478,474.4
886.2016,476.6
886.31842,469.0
886.43524,474.4
886.55206,476.8
886.66882,474.8
886.78564,476.4
886.9024,476.2
887.01923,476.0
887.13599,470.8
887.25275,474.0
887.36951,481.8
887.48633,476.8
887.60309,476.0
887.71985,473.6
887.83661,476.2
887.95337,473.6
888.07007,474.6
888.18683,477.4
888.30359,475.2
888.42035,474.6
888.53705,468.2
888.65381,470.2
888.77051,474.0
888.88721,474.0
889.00397,478.6
889.12067,470.2
889.23737,475.4
889.35406,472.6
889.47083,476.8
889.58752,474.0
889.70416,476.8
889.82086,475.8
889.93756,476.2
890.05426,479.0
890.17096,477.0
890.2876,476.8
890.4043,474.4
890.52094,475.4
890.63763,474.2
890.75427,476.2
890.87091,476.8
890.98761,473.4
891.10425,481.8
891.22089,475.0
891.33752,479.2
891.45416,473.8
891.5708,473.6
891.68744,472.4
891.80408,478.0
891.92065,472.4
892.03729,478.2
892.15393,475.4
892.27051,476.6
892.38715,472.2
892.50372,473.6
892.6203,476.8
892.73694,480.8
892.85352,477.2
892.97009,475.6
893.08667,477.4
893.20325,474.4
893.31982,476.8
893.4364,479.2
893.55298,475.0
893.66956,478.6
893.78607,477.8
893.90265,474.4
894.01917,480.6
894.13574,477.2
894.25226,477.4
894.36884,484.0
894.48535,479.0
894.60187,480.0
894.71838,476.8
894.8349,477.8
894.95148,476.0
895.06793,480.6
895.18445,477.0
895.30096,481.0
895.41748,476.2
895.534,473.6
895.65045,478.8
895.76697,480.6
895.88342,476.0
895.99994,477.4
896.11639,476.6
896.23291,477.2
896.34937,473.2
896.46582,475.6
896.58228,480.2
896.69873,480.2
896.81519,474.0
896.93164,478.6
897.0481,478.6
897.16455,481.2
897.28094,479.0
897.3974,473.8
897.51385,481.2
897.63025,478.8
897.7467,473.6
897.8631,475.4
897.97949,476.6
898.09595,475.2
898.21234,476.2
898.32874,479.6
898.44513,474.8
898.56152,475.6
898.67792,475.4
898.79431,471.8
898.91064,473.0
899.02704,476.2
899.14343,472.2
899.25977,479.2
899.37616,470.4
899.49249,475.6
899.60889,476.2
899.72522,472.4
899.84155,476.2
899.95789,479.0
900.07428,473.8
900.19061,472.4
900.30695,472.6
900.42322,476.0
900.53955,469.2
900.65588,472.0
900.77222,473.2
900.88849,478.0
901.00482,468.4
901.12109,473.2
901.23743,475.0
901.3537,475.0
901.47003,471.4
901.5863,474.8
901.70258,468.6
901.81885,470.6
901.93512,468.2
902.05139,468.0
902.16766,469.4
902.28394,470.2
902.40021,469.8
902.51642,473.6
902.63269,466.6
902.7489,474.2
902.86517,473.4
902.98138,466.8
903.09766,467.6
903.21387,474.6
903.33008,473.2
903.44629,475.0
903.5625,469.4
903.67871,470.8
903.79492,470.2
903.91113,473.6
904.02734,467.2
904.14355,468.6
904.2597,469.0
904.37592,466.4
904.49207,465.0
904.60828,468.8
904.72443,467.4
904.84064,471.8
904.95679,469.2
905.07294,467.0
905.18909,468.8
905.30524,468.8
905.42139,466.4
905.53754,469.8
905.65369,467.4
905.76984,470.4
905.88593,465.4
906.00208,469.4
906.11816,463.8
906.23431,467.6
906.3504,467.2
906.46655,465.0
906.58264,463.8
906.69873,466.4
906.81482,465.2
906.93091,466.2
907.047,463.4
907.16309,468.0
907.27917,466.2
907.39526,469.0
907.51135,465.8
907.62738,462.6
907.74347,462.8
907.8595,467.2
907.97559,465.0
908.09161,466.0
908.2077,464.8
908.32373,466.8
908.43976,466.6
908.55579,465.4
908.67181,468.4
908.78784,464.4
908.90387,470.0
909.0199,464.8
909.13586,464.4
909.25189,470.0
909.36792,469.2
909.48389,472.4
909.59991,466.8
909.71588,461.6
909.83185,471.0
909.94788,465.0
910.06384,468.0
910.17981,469.4
910.29578,466.8
910.41174,469.4
910.52771,467.0
910.64368,465.8
910.75958,464.4
910.87555,466.2
910.99152,465.0
911.10742,468.2
911.22339,466.4
911.33929,474.0
911.4552,465.8
911.57117,465.4
911.68707,468.6
911.80298,471.4
911.91888,463.8
912.03479,464.4
912.1507,473.2
912.2666,466.6
912.38245,472.0
912.49835,464.2
912.61426,471.4
912.7301,465.8
912.84601,467.2
792.4458,761.0
792.56488,740.2
792.68396,745.6
792.8031,733.6
792.92218,715.6
793.04126,710.6
793.16034,701.0
793.27942,701.4
793.3985,689.6
793.51758,677.0
793.63672,673.2
793.7558,668.8
793.87488,663.8
793.9939,663.4
794.11298,657.0
794.23206,649.0
794.35114,638.8
794.47021,632.8
794.58929,625.8
794.70831,620.2
794.82739,620.8
794.94647,611.0
795.06549,612.2
795.18457,609.0
795.30365,603.4
795.42267,598.0
795.54175,592.8
795.66077,595.6
795.77985,586.2
795.89886,585.4
796.01794,586.4
796.13696,580.6
796.25598,582.2
796.375,572.6
796.49408,576.4
796.6131,574.0
796.73212,571.8
796.85114,571.8
796.97015,564.6
797.08923,557.4
797.20825,568.2
797.32727,558.2
797.44629,557.4
797.56531,557.2
797.68427,558.4
797.80328,554.2
797.9223,558.0
798.04132,552.4
798.16034,558.2
798.27936,550.4
798.39832,550.2
798.51733,543.8
798.63635,542.8
798.75531,548.8
798.87433,543.4
798.99329,543.6
799.1123,537.8
799.23126,542.6
799.35028,545.0
799.46924,548.6
799.58826,548.2
799.70721,545.4
799.82617,544.0
799.94519,542.0
800.06415,538.6
800.18311,534.8
800.30206,536.4
800.42102,536.4
800.54004,538.4
800.659,540.0
800.77795,539.8
800.89691,533.6
801.01587,536.0
801.13483,536.2
801.25372,540.2
801.37268,540.4
801.49164,532.6
801.6106,543.0
801.72955,535.2
801.84845,533.2
801.96741,536.8
802.08636,530.4
802.20526,532.0
802.32422,532.0
802.44318,538.2
802.56207,530.4
802.68103,534.6
802.79993,538.0
802.91882,534.4
803.03778,535.2
803.15668,533.6
803.27557,531.8
803.39453,536.8
803.51343,532.8
803.63232,538.2
803.75122,530.4
803.87012,533.8
803.98907,532.6
804.10797,532.4
804.22687,534.4
804.34576,538.0
804.46466,534.4
804.58356,538.8
804.70239,536.0
804.82129,531.0
804.94019,537.0
805.05908,533.6
805.17798,538.6
805.29681,537.6
805.41571,538.8
805.53461,538.0
805.65344,532.4
805.77234,543.8
805.89117,537.4
806.01007,540.2
806.12891,532.6
806.2478,534.2
806.36664,542.6
806.48547,541.2
806.60437,535.6
806.72321,544.2
806.84204,541.2
806.96088,532.6
807.07971,537.0
807.19861,539.6
807.31744,538.6
807.43628,536.8
807.55511,543.4
807.67395,532.8
807.79279,539.0
807.91162,540.2
808.0304,537.0
808.14923,543.8
808.26807,538.2
808.3869,542.0
808.50568,538.6
808.62451,538.8
808.74335,541.8
808.86212,540.4
808.98096,546.4
809.09979,542.6
809.21857,540.0
809.33734,540.8
809.45618,537.6
809.57495,542.4
809.69379,544.4
809.81256,542.0
809.93134,539.4
810.05011,539.2
810.16895,544.2
810.28772,542.0
810.40649,544.0
810.52527,543.8
810.64404,539.4
810.76282,546.2
810.88159,542.6
811.00037,548.6
811.11914,542.6
811.23792,538.2
811.35663,543.0
811.4754,542.8
811.59418,539.4
811.71295,549.0
811.83167,535.0
811.95044,541.2
812.06921,543.2
812.18793,546.4
812.3067,543.4
812.42542,545.4
812.54419,541.4
812.6629,547.0
812.78162,536.6
812.90039,540.8
813.0191,541.6
813.13782,541.4
813.25653,539.4
813.37524,543.2
813.49402,542.4
813.61273,537.4
813.73145,539.2
813.85016,545.8
813.96887,537.4
814.08759,542.4
814.2063,542.2
814.32495,545.8
814.44366,539.8
814.56238,540.2
814.68109,536.2
814.79974,534.8
814.91846,534.6
815.03717,544.2
815.15582,534.0
815.27454,538.2
815.39319,531.4
815.5119,534.8
815.63055,530.6
815.74927,533.4
815.86792,534.8
815.98657,536.2
816.10529,536.4
816.22394,532.6
816.34259,537.0
816.46124,542.6
816.5799,536.2
816.69855,537.8
816.8172,534.6
816.93585,536.0
817.0545,535.8
817.17316,530.4
817.29181,530.4
817.41046,528.6
817.52911,521.6
817.64771,524.6
817.76636,509.0
817.88501,522.2
818.0036,520.2
818.12225,519.2
818.24091,518.0
818.3595,511.6
818.47815,521.8
818.59674,515.2
818.71533,513.6
818.83398,514.8
818.95258,513.2
819.07117,513.6
819.18976,512.4
819.30841,512.4
819.427,514.6
819.54559,511.4
819.66418,509.4
819.78278,509.2
819.90137,509.6
820.01996,507.2
820.13855,505.6
820.25714,512.8
820.37573,504.6
820.49426,509.4
820.61285,503.8
820.73145,507.4
820.84998,501.6
820.96857,502.8
821.08716,504.6
821.20569,496.8
821.32428,499.0
821.44281,502.0
821.56134,498.4
821.67993,504.6
821.79846,501.2
821.91699,506.8
822.03558,499.0
822.15411,503.2
822.27264,495.6
822.39117,501.6
822.5097,498.2
822.62823,497.6
822.74677,497.8
822.8653,495.8
822.98383,507.0
823.10236,500.4
823.22089,498.2
823.33942,506.4
823.45789,497.2
823.57642,497.4
823.69495,501.6
823.81342,502.0
823.93195,497.0
824.05042,504.8
824.16895,499.2
824.28741,499.0
824.40594,501.8
824.52441,495.2
824.64288,498.0
824.76141,499.4
824.87988,496.2
824.99835,493.4
825.11682,498.0
825.23529,497.2
825.35376,497.8
825.47223,493.2
825.5907,495.6
825.70917,496.6
825.82764,494.2
825.94611,492.0
826.06458,490.8
826.18304,490.4
826.30145,500.0
826.41992,494.2
826.53839,495.2
826.6568,496.0
826.77527,493.6
826.89368,497.8
827.01215,495.8
827.13055,496.4
827.24902,492.4
827.36743,494.6
827.48584,493.4
827.60431,495.2
827.72272,488.2
827.84113,491.2
827.95953,490.6
828.07794,489.8
828.19635,488.6
828.31476,489.8
828.43317,489.6
828.55157,492.8
828.66998,489.2
828.78839,489.6
828.90674,486.4
829.02515,489.8
829.14355,492.4
829.2619,489.6
829.38031,483.0
829.49872,491.6
829.61707,484.2
829.73547,489.6
829.85382,492.8
829.97217,485.4
830.09058,488.0
830.20892,487.6
830.32727,488.0
830.44562,491.6
830.56403,492.0
830.68237,490.8
830.80072,485.4
830.91907,489.4
831.03741,487.4
831.15576,490.4
831.27411,491.6
831.3924,486.2
831.51074,491.0
831.62909,486.8
831.74744,488.8
831.86572,488.4
831.98407,487.6
832.10242,489.0
832.2207,487.8
832.33905,492.6
832.45734,491.6
832.57562,490.8
832.69397,489.0
832.81226,492.2
832.93054,492.6
833.04889,494.0
833.16718,489.6
833.28546,491.4
833.40375,494.8
833.52203,497.0
833.64032,494.2
833.75861,494.6
833.87689,496.2
833.99518,493.4
834.1134,491.6
834.23169,498.4
834.34998,501.0
834.46826,496.6
834.58649,493.6
834.70477,497.4
834.823,494.4
834.94128,497.4
835.05951,495.4
835.1778,496.2
835.29602,490.6
835.41425,495.8
835.53253,491.6
835.65076,491.4
835.76898,492.8
835.88721,491.8
836.00543,493.6
836.12366,495.4
836.24188,493.2
836.36011,494.2
836.47833,493.8
836.59656,494.4
836.71478,483.8
836.83295,495.0
836.95117,489.2
837.0694,492.8
837.18756,492.2
837.30579,493.4
837.42401,491.4
837.54218,490.4
837.66034,493.4
837.77856,497.4
837.89673,494.2
838.01489,497.0
838.13312,491.4
838.25128,492.6
838.36945,489.6
838.48761,494.2
838.60577,493.2
838.72394,497.2
838.8421,489.8
838.96027,496.8
839.07843,494.8
839.19659,493.8
839.31476,495.8
839.43286,494.8
839.55103,493.6
839.66919,495.8
839.78729,496.8
839.90546,495.0
840.02356,491.2
840.14172,495.2
840.25983,495.6
840.37793,490.4
840.49609,490.2
840.6142,494.0
840.7323,492.4
840.8504,494.8
840.96851,490.6
841.08661,497.8
841.20471,493.0
841.32281,497.6
841.44092,494.4
841.55902,497.4
841.67712,491.8
841.79523,494.4
841.91327,491.4
842.03137,497.4
842.14948,496.8
842.26752,492.2
842.38562,494.4
842.50366,490.4
842.62177,488.4
842.73981,495.8
842.85791,490.6
842.97595,492.6
843.09399,488.6
843.21204,493.8
843.33008,491.2
843.44818,494.2
843.56622,491.2
843.68427,497.0
843.80231,491.6
843.92029,492.0
844.03833,492.8
844.15637,493.4
844.27441,496.6
844.39246,495.8
844.51044,494.0
844.62848,491.8
844.74646,488.4
844.8645,491.0
844.98248,489.2
845.10052,492.8
845.21851,494.8
845.33649,493.6
845.45453,498.0
845.57251,490.2
845.69049,494.4
845.80847,497.0
845.92645,493.8
846.04443,492.4
846.16241,496.0
846.2804,492.8
846.39838,494.4
846.51636,495.2
846.63434,500.4
846.75226,494.6
846.87024,495.4
846.98822,494.0
847.10614,495.8
847.22412,492.2
847.34204,493.6
847.46002,499.0
847.57794,496.0
847.69586,501.6
847.81384,500.2
847.93176,498.2
848.04968,497.2
848.1676,496.6
848.28552,497.6
848.40344,498.8
848.52136,495.2
848.63928,497.0
848.7572,499.8
848.87512,495.8
848.99304,495.4
849.1109,494.8
849.22882,492.0
849.34674,493.0
849.4646,497.8
849.58252,496.8
849.70038,492.0
849.8183,497.2
849.93616,495.0
850.05402,494.8
850.17194,493.6
850.28979,499.0
850.40765,492.6
850.52551,497.8
850.64337,496.6
850.76123,499.0
850.87909,496.6
850.99695,502.2
851.11481,501.6
851.23267,501.8
851.35046,505.8
851.46832,500.4
851.58618,501.2
851.70398,506.4
851.82184,503.8
851.93964,510.2
852.0575,516.0
852.17529,525.6
852.29315,519.8
852.41095,515.4
852.52875,508.4
852.64655,502.2
852.7644,501.4
852.8822,498.0
853.0,498.6
853.1178,496.0
853.2356,488.0
853.35333,496.8
853.47113,496.6
853.58893,491.4
853.70673,495.6
853.82446,496.0
853.94226,494.6
854.06006,498.2
854.1778,497.6
854.29559,495.4
854.41333,493.4
854.53107,493.8
854.64886,497.4
854.7666,494.0
854.88434,491.8
855.00208,498.8
855.11981,497.8
855.23761,496.0
855.35535,499.8
855.47302,497.6
855.59076,498.2
855.7085,494.0
855.82623,498.8
855.94397,501.8
856.06165,497.0
856.17938,492.2
856.29712,501.2
856.41479,496.8
856.53253,497.6
856.65021,496.2
856.76788,498.4
856.88562,499.4
857.0033,494.2
857.12097,493.6
857.23865,491.0
857.35632,492.6
857.474,493.6
857.59167,498.8
857.70935,494.2
857.82703,491.2
857.9447,494.2
858.06238,494.8
858.18005,497.4
858.29767,492.2
858.41534,490.8
858.53296,492.4
858.65063,494.8
858.76825,495.0
858.88593,492.0
859.00354,496.4
859.12115,490.8
859.23883,501.0
859.35645,496.8
859.47406,490.6
859.59167,491.6
859.70929,494.2
859.8269,491.6
859.94452,491.8
860.06213,495.0
860.17975,494.2
860.29736,492.2
860.41492,488.6
860.53253,492.8
860.65009,488.2
860.7677,485.6
860.88525,490.4
861.00287,492.8
861.12042,495.8
861.23804,491.0
861.35559,492.2
861.47314,497.4
861.5907,489.6
861.70825,490.0
861.82581,489.6
861.94336,484.2
862.06091,488.2
862.17847,492.2
862.29602,486.4
862.41357,490.2
862.53113,484.6
862.64862,488.4
862.76617,489.8
862.88367,488.4
863.00122,486.8
863.11871,491.8
863.23627,492.2
863.35376,488.8
863.47125,490.8
863.58881,489.6
863.7063,487.8
863.82379,489.0
863.94128,493.6
864.05878,490.0
864.17627,491.0
864.29376,486.6
864.41125,489.8
864.52869,489.6
864.64618,486.4
864.76367,486.0
864.8811,493.8
864.9986,492.2
865.11609,487.0
865.23352,487.8
865.35095,490.6
865.46844,488.4
865.58588,487.8
865.70331,487.2
865.82074,488.6
865.93823,489.4
866.05566,483.6
866.1731,488.4
866.29053,487.6
866.4079,487.4
866.52533,487.2
866.64276,488.2
866.76019,489.0
866.87756,489.8
866.995,488.2
867.11243,489.4
867.2298,491.4
867.34723,487.4
867.4646,488.2
867.58197,492.4
867.6994,492.2
867.81677,489.6
867.93414,490.0
868.05151,491.0
868.16888,490.8
868.28625,486.4
868.40363,490.2
868.521,490.2
868.63837,487.0
868.75568,494.2
868.87305,488.4
868.99042,494.0
869.10773,491.2
869.2251,491.0
869.34241,487.2
869.45978,489.8
869.57709,497.2
869.69446,488.2
869.81177,492.8
869.92908,488.6
870.04639,493.6
870.1637,487.2
870.28101,495.2
870.39832,492.4
870.51563,492.4
870.63293,491.8
870.75024,496.2
870.86749,494.4
870.9848,488.0
871.10211,490.4
871.21936,494.0
871.33667,491.6
871.45392,492.4
871.57123,488.4
871.68848,491.6
871.80573,496.4
871.92297,493.0
872.04028,492.6
872.15753,496.4
872.27478,494.6
872.39203,484.6
872.50928,488.8
872.62646,492.0
872.74371,490.4
872.86096,492.0
872.97821,492.4
873.0954,496.4
873.21265,491.2
873.32983,492.2
873.44708,488.6
873.56427,497.0
873.68152,493.8
873.79871,490.8
873.91589,489.2
874.03308,491.4
874.15027,493.0
874.26746,490.4
874.38464,492.0
874.50183,490.6
874.61902,490.4
874.73621,489.6
874.85339,491.2
874.97052,492.8
875.08771,490.4
875.2049,491.8
875.32202,484.8
875.43921,499.0
875.55634,494.0
875.67346,492.8
875.79065,490.2
875.90778,493.6
876.0249,493.0
876.14203,493.6
876.25916,489.4
876.37628,494.2
876.49341,495.8
876.61053,494.8
876.72766,494.0
876.84473,496.0
876.96185,492.2
877.07898,492.2
877.19604,497.4
877.31317,493.8
877.43024,495.4
877.54736,496.0
877.66443,495.6
877.78149,490.6
877.89856,490.0
878.01569,492.2
878.13275,491.4
878.24982,488.8
878.36688,490.8
878.48395,492.4
878.60095,491.4
878.71802,491.0
878.83508,491.4
878.95215,487.6
879.06915,486.8
879.18622,484.2
879.30322,484.4
879.42029,492.0
879.53729,489.0
879.6543,484.0
879.77136,482.8
879.88837,486.2
880.00537,485.0
880.12238,485.6
880.23938,480.4
880.35638,491.4
880.47339,487.0
880.59039,484.2
880.70734,485.4
880.82434,484.4
880.94135,490.2
881.05829,484.8
881.17529,483.4
881.29224,487.8
881.40924,487.8
881.52618,482.2
881.64313,484.6
881.76007,487.4
881.87701,485.4
881.99402,489.8
882.11096,487.4
882.22791,483.8
882.34479,489.6
882.46173,487.6
882.57867,488.8
882.69562,490.0
882.8125,490.6
882.92944,487.6
883.04639,490.4
883.16327,491.2
883.28015,489.4
883.39709,488.0
883.51398,491.8
883.63086,489.0
883.74774,490.0
883.86462,495.0
883.98157,490.8
884.09839,489.6
884.21527,495.0
884.33215,491.6
884.44904,491.6
884.56592,496.6
884.68274,492.2
884.79962,500.4
884.9165,495.4
885.03333,498.8
885.15015,499.8
885.26703,495.8
885.38385,494.2
885.50067,496.0
885.61749,502.8
885.73438,505.8
885.8512,500.6
885.96802,501.0
886.08478,494.6
886.2016,498.2
886.31842,500.6
886.43524,492.2
886.55206,499.0
886.66882,497.0
886.78564,494.2
886.9024,500.0
887.01923,494.6
887.13599,494.4
887.25275,491.4
887.36951,490.8
887.48633,490.2
887.60309,489.6
887.71985,488.8
887.83661,489.0
887.95337,489.2
888.07007,489.4
888.18683,483.8
888.30359,485.4
888.42035,486.6
888.53705,489.4
888.65381,479.0
888.77051,486.4
888.88721,481.4
889.00397,484.8
889.12067,480.0
889.23737,486.4
889.35406,482.4
889.47083,482.8
889.58752,484.4
889.70416,489.8
889.82086,479.4
889.93756,484.4
890.05426,481.2
890.17096,485.4
890.2876,482.8
890.4043,482.6
890.52094,483.8
890.63763,486.8
890.75427,486.8
890.87091,484.0
890.98761,480.0
891.10425,484.4
891.22089,483.2
891.33752,484.6
891.45416,486.0
891.5708,487.4
891.68744,483.2
891.80408,486.0
891.92065,484.4
892.03729,484.6
892.15393,486.4
892.27051,485.4
892.38715,481.8
892.50372,486.2
892.6203,486.4
892.73694,486.2
892.85352,487.8
892.97009,486.2
893.08667,489.2
893.20325,483.6
893.31982,490.2
893.4364,488.2
893.55298,484.0
893.66956,487.8
893.78607,487.8
893.90265,493.4
894.01917,489.6
894.13574,486.0
894.25226,492.0
894.36884,486.2
894.48535,487.8
894.60187,484.6
894.71838,489.0
894.8349,492.2
894.95148,489.2
895.06793,490.0
895.18445,493.2
895.30096,486.2
895.41748,489.6
895.534,489.8
895.65045,480.8
895.76697,485.8
895.88342,488.2
895.99994,485.6
896.11639,487.8
896.23291,480.6
896.34937,486.6
896.46582,486.4
896.58228,487.8
896.69873,487.8
896.81519,484.0
896.93164,492.0
897.0481,489.6
897.16455,490.6
897.28094,490.6
897.3974,487.4
897.51385,489.6
897.63025,490.8
897.7467,487.8
897.8631,487.8
897.97949,485.6
898.09595,486.6
898.21234,484.2
898.32874,487.4
898.44513,488.0
898.56152,488.6
898.67792,481.6
898.79431,483.2
898.91064,486.2
899.02704,483.2
899.14343,489.4
899.25977,487.6
899.37616,486.6
899.49249,483.2
899.60889,490.2
899.72522,481.8
899.84155,483.8
899.95789,487.6
900.07428,491.8
900.19061,486.0
900.30695,484.4
900.42322,488.0
900.53955,483.8
900.65588,487.2
900.77222,487.4
900.88849,487.0
901.00482,483.6
901.12109,485.6
901.23743,487.4
901.3537,486.2
901.47003,484.4
901.5863,484.4
901.70258,485.2
901.81885,485.0
901.93512,488.8
902.05139,489.6
902.16766,485.2
902.28394,489.0
902.40021,495.0
902.51642,488.6
902.63269,488.2
902.7489,483.8
902.86517,487.2
902.98138,483.8
903.09766,487.8
903.21387,487.2
903.33008,488.0
903.44629,488.8
903.5625,483.6
903.67871,486.8
903.79492,476.0
903.91113,485.4
904.02734,480.0
904.14355,485.8
904.2597,484.0
904.37592,483.4
904.49207,476.4
904.60828,476.8
904.72443,478.0
904.84064,481.8
904.95679,476.8
905.07294,479.0
905.18909,473.6
905.30524,475.4
905.42139,478.0
905.53754,475.8
905.65369,476.4
905.76984,473.0
905.88593,477.8
906.00208,476.4
906.11816,477.8
906.23431,477.0
906.3504,471.4
906.46655,471.6
906.58264,475.6
906.69873,469.4
906.81482,469.4
906.93091,473.0
907.047,468.8
907.16309,470.6
907.27917,476.4
907.39526,475.2
907.51135,474.8
907.62738,473.4
907.74347,473.8
907.8595,470.4
907.97559,475.0
908.09161,475.4
908.2077,474.2
908.32373,471.6
908.43976,473.6
908.55579,469.4
908.67181,474.8
908.78784,474.2
908.90387,476.2
909.0199,468.8
909.13586,470.0
909.25189,475.4
909.36792,468.6
909.48389,473.2
909.59991,474.0
909.71588,475.2
909.83185,475.2
909.94788,474.6
910.06384,476.0
910.17981,472.8
910.29578,472.2
910.41174,476.6
910.52771,473.8
910.64368,473.2
910.75958,467.6
910.87555,468.2
910.99152,471.2
911.10742,473.4
911.22339,475.2
911.33929,468.6
911.4552,473.6
911.57117,470.6
911.68707,474.6
911.80298,476.2
911.91888,473.2
912.03479,470.0
912.1507,479.8
912.2666,473.8
912.38245,475.6
912.49835,472.2
912.61426,476.4
912.7301,471.8
912.84601,475.4
792.4458,587.8
792.56488,587.4
792.68396,598.2
792.8031,590.6
792.92218,574.2
793.04126,571.6
793.16034,571.4
793.27942,567.8
793.3985,563.4
793.51758,554.2
793.63672,560.2
793.7558,561.0
793.87488,559.0
793.9939,561.4
794.11298,553.2
794.23206,553.6
794.35114,554.2
794.47021,544.8
794.58929,541.6
794.70831,543.4
794.82739,542.0
794.94647,539.4
795.06549,546.2
795.18457,535.0
795.30365,536.0
795.42267,532.0
795.54175,533.6
795.66077,536.2
795.77985,535.6
795.89886,533.4
796.01794,536.6
796.13696,531.6
796.25598,528.8
796.375,531.2
796.49408,527.4
796.6131,524.6
796.73212,530.0
796.85114,522.2
796.97015,526.6
797.08923,526.2
797.20825,524.8
797.32727,525.0
797.44629,525.6
797.56531,524.6
797.68427,520.0
797.80328,526.8
797.9223,520.6
798.04132,521.2
798.16034,526.4
798.27936,520.2
798.39832,520.8
798.51733,519.0
798.63635,522.0
798.75531,521.4
798.87433,517.2
798.99329,515.4
799.1123,514.6
799.23126,518.6
799.35028,520.6
799.46924,525.4
799.58826,523.2
799.70721,523.4
799.82617,516.2
799.94519,520.4
800.06415,520.4
800.18311,521.6
800.30206,521.2
800.42102,520.8
800.54004,517.0
800.659,516.4
800.77795,527.2
800.89691,520.2
801.01587,524.8
801.13483,522.4
801.25372,519.0
801.37268,516.4
801.49164,517.6
801.6106,523.0
801.72955,520.0
801.84845,525.0
801.96741,524.4
802.08636,520.0
802.20526,525.4
802.32422,521.2
802.44318,523.8
802.56207,523.6
802.68103,525.8
802.79993,526.4
802.91882,520.8
803.03778,519.6
803.15668,523.0
803.27557,530.2
803.39453,524.2
803.51343,527.4
803.63232,526.0
803.75122,523.4
803.87012,528.0
803.98907,526.2
804.10797,522.8
804.22687,521.6
804.34576,520.4
804.46466,528.8
804.58356,525.8
804.70239,523.6
804.82129,527.8
804.94019,523.0
805.05908,523.6
805.17798,526.6
805.29681,536.0
805.41571,528.4
805.53461,531.4
805.65344,522.2
805.77234,534.6
805.89117,532.2
806.01007,532.6
806.12891,533.4
806.2478,533.6
806.36664,535.6
806.48547,531.4
806.60437,529.6
806.72321,531.2
806.84204,532.4
806.96088,529.4
807.07971,529.6
807.19861,531.6
807.31744,536.8
807.43628,531.2
807.55511,534.4
807.67395,537.2
807.79279,532.6
807.91162,529.4
808.0304,535.0
808.14923,539.6
808.26807,528.4
808.3869,535.4
808.50568,537.4
808.62451,542.8
808.74335,534.4
808.86212,534.6
808.98096,540.8
809.09979,538.0
809.21857,538.2
809.33734,531.4
809.45618,534.6
809.57495,538.2
809.69379,542.6
809.81256,537.8
809.93134,540.2
810.05011,537.4
810.16895,532.0
810.28772,537.2
810.40649,540.0
810.52527,544.0
810.64404,538.0
810.76282,539.2
810.88159,541.0
811.00037,538.0
811.11914,531.4
811.23792,541.2
811.35663,544.0
811.4754,541.2
811.59418,538.2
811.71295,541.8
811.83167,537.4
811.95044,537.0
812.06921,540.6
812.18793,535.0
812.3067,537.6
812.42542,536.8
812.54419,537.2
812.6629,539.0
812.78162,537.6
812.90039,539.8
813.0191,535.2
813.13782,537.4
813.25653,537.4
813.37524,537.8
813.49402,538.6
813.61273,543.2
813.73145,531.6
813.85016,538.0
813.96887,536.6
814.08759,532.0
814.2063,533.0
814.32495,539.0
814.44366,540.4
814.56238,539.2
814.68109,538.0
814.79974,535.4
814.91846,528.6
815.03717,533.6
815.15582,527.2
815.27454,534.2
815.39319,528.0
815.5119,528.4
815.63055,529.2
815.74927,534.6
815.86792,526.6
815.98657,530.4
816.10529,529.4
816.22394,538.0
816.34259,529.0
816.46124,535.6
816.5799,534.6
816.69855,532.6
816.8172,533.4
816.93585,530.8
817.0545,531.0
817.17316,529.6
817.29181,526.8
817.41046,526.0
817.52911,522.0
817.64771,523.6
817.76636,514.6
817.88501,516.4
818.0036,522.2
818.12225,521.6
818.24091,509.0
818.3595,507.2
818.47815,511.4
818.59674,509.2
818.71533,512.4
818.83398,511.2
818.95258,507.6
819.07117,502.4
819.18976,502.2
819.30841,508.6
819.427,509.4
819.54559,509.6
819.66418,507.4
819.78278,504.6
819.90137,503.6
820.01996,506.2
820.13855,505.0
820.25714,503.0
820.37573,504.6
820.49426,503.6
820.61285,504.0
820.73145,497.6
820.84998,496.2
820.96857,500.2
821.08716,505.0
821.20569,497.4
821.32428,494.2
821.44281,498.6
821.56134,500.0
821.67993,495.0
821.79846,496.8
821.91699,499.4
822.03558,497.8
822.15411,497.0
822.27264,502.2
822.39117,495.6
822.5097,492.6
822.62823,494.8
822.74677,498.4
822.8653,498.4
822.98383,491.6
823.10236,499.2
823.22089,497.6
823.33942,497.4
823.45789,497.4
823.57642,497.4
823.69495,496.6
823.81342,499.2
823.93195,493.6
824.05042,500.2
824.16895,494.4
824.28741,495.4
824.40594,498.2
824.52441,500.0
824.64288,495.2
824.76141,497.4
824.87988,494.4
824.99835,496.0
825.11682,492.6
825.23529,494.6
825.35376,493.0
825.47223,493.2
825.5907,491.8
825.70917,491.2
825.82764,492.0
825.94611,492.0
826.06458,492.8
826.18304,491.0
826.30145,490.0
826.41992,496.4
826.53839,491.4
826.6568,490.8
826.77527,489.4
826.89368,490.4
827.01215,489.0
827.13055,493.4
827.24902,486.6
827.36743,489.4
827.48584,488.6
827.60431,487.0
827.72272,492.0
827.84113,486.2
827.95953,489.2
828.07794,486.8
828.19635,489.4
828.31476,491.6
828.43317,483.8
828.55157,490.6
828.66998,480.6
828.78839,488.6
828.90674,486.0
829.02515,490.2
829.14355,488.8
829.2619,486.8
829.38031,487.6
829.49872,487.8
829.61707,483.6
829.73547,489.2
829.85382,489.8
829.97217,489.0
830.09058,481.4
830.20892,485.4
830.32727,484.4
830.44562,477.4
830.56403,485.0
830.68237,488.6
830.80072,485.8
830.91907,487.4
831.03741,482.0
831.15576,487.2
831.27411,484.6
831.3924,490.0
831.51074,487.2
831.62909,485.2
831.74744,487.2
831.86572,485.8
831.98407,487.6
832.10242,484.0
832.2207,489.0
832.33905,488.0
832.45734,482.0
832.57562,487.8
832.69397,482.8
832.81226,483.2
832.93054,486.0
833.04889,485.2
833.16718,486.2
833.28546,485.0
833.40375,490.2
833.52203,486.6
833.64032,481.4
833.75861,492.8
833.87689,485.2
833.99518,487.2
834.1134,488.2
834.23169,493.6
834.34998,488.8
834.46826,488.4
834.58649,488.2
834.70477,488.4
834.823,483.4
834.94128,494.6
835.05951,489.6
835.1778,491.8
835.29602,485.4
835.41425,490.4
835.53253,488.8
835.65076,491.8
835.76898,484.0
835.88721,487.2
836.00543,494.6
836.12366,490.4
836.24188,487.0
836.36011,489.8
836.47833,496.6
836.59656,488.6
836.71478,488.6
836.83295,490.8
836.95117,487.4
837.0694,491.0
837.18756,492.0
837.30579,491.0
837.42401,490.4
837.54218,494.2
837.66034,495.0
837.77856,495.6
837.89673,494.2
838.01489,492.2
838.13312,486.6
838.25128,490.4
838.36945,489.6
838.48761,492.6
838.60577,492.0
838.72394,489.4
838.8421,498.0
838.96027,489.2
839.07843,489.4
839.19659,493.2
839.31476,492.2
839.43286,489.6
839.55103,487.6
839.66919,488.2
839.78729,490.4
839.90546,489.4
840.02356,490.8
840.14172,488.6
840.25983,491.4
840.37793,492.4
840.49609,485.6
840.6142,489.0
840.7323,491.0
840.8504,489.6
840.96851,489.4
841.08661,486.2
841.20471,482.8
841.32281,489.8
841.44092,490.4
841.55902,483.6
841.67712,488.6
841.79523,485.6
841.91327,483.2
842.03137,492.0
842.14948,489.2
842.26752,488.6
842.38562,486.8
842.50366,487.4
842.62177,483.2
842.73981,484.4
842.85791,485.2
842.97595,489.2
843.09399,488.0
843.21204,485.0
843.33008,483.2
843.44818,487.4
843.56622,484.0
843.68427,487.6
843.80231,487.2
843.92029,489.8
844.03833,486.4
844.15637,483.4
844.27441,489.8
844.39246,491.8
844.51044,489.4
844.62848,486.8
844.74646,487.6
844.8645,483.0
844.98248,485.2
845.10052,486.6
845.21851,487.2
845.33649,481.4
845.45453,484.4
845.57251,487.8
845.69049,481.2
845.80847,483.6
845.92645,484.8
846.04443,487.6
846.16241,488.6
846.2804,484.6
846.39838,487.6
846.51636,487.2
846.63434,488.4
846.75226,488.2
846.87024,487.0
846.98822,483.8
847.10614,479.4
847.22412,484.8
847.34204,487.0
847.46002,486.0
847.57794,487.6
847.69586,484.4
847.81384,488.6
847.93176,488.8
848.04968,485.6
848.1676,487.0
848.28552,487.2
848.40344,487.2
848.52136,480.2
848.63928,483.2
848.7572,490.0
848.87512,486.6
848.99304,489.4
849.1109,483.8
849.22882,479.2
849.34674,483.8
849.4646,480.6
849.58252,482.0
849.70038,484.6
849.8183,488.2
849.93616,484.0
850.05402,486.4
850.17194,486.0
850.28979,487.4
850.40765,486.6
850.52551,492.8
850.64337,488.0
850.76123,487.4
850.87909,487.2
850.99695,489.6
851.11481,487.2
851.23267,491.6
851.35046,489.2
851.46832,492.0
851.58618,484.8
851.70398,490.8
851.82184,483.8
851.93964,487.8
852.0575,487.4
852.17529,498.2
852.29315,490.2
852.41095,490.2
852.52875,485.6
852.64655,488.0
852.7644,488.8
852.8822,490.8
853.0,487.2
853.1178,489.8
853.2356,484.0
853.35333,489.4
853.47113,488.6
853.58893,488.0
853.70673,485.8
853.82446,489.2
853.94226,488.6
854.06006,489.4
854.1778,489.2
854.29559,485.8
854.41333,484.2
854.53107,487.6
854.64886,488.2
854.7666,488.8
854.88434,481.6
855.00208,489.2
855.11981,488.4
855.23761,485.8
855.35535,487.8
855.47302,489.6
855.59076,486.2
855.7085,489.0
855.82623,489.0
855.94397,489.0
856.06165,487.4
856.17938,485.6
856.29712,483.2
856.41479,492.8
856.53253,489.6
856.65021,488.4
856.76788,488.0
856.88562,493.4
857.0033,488.6
857.12097,492.2
857.23865,485.6
857.35632,490.2
857.474,486.4
857.59167,485.0
857.70935,487.0
857.82703,493.0
857.9447,489.8
858.06238,489.4
858.18005,487.6
858.29767,491.2
858.41534,486.6
858.53296,487.2
858.65063,485.8
858.76825,491.4
858.88593,486.8
859.00354,484.0
859.12115,482.8
859.23883,488.0
859.35645,488.6
859.47406,489.4
859.59167,480.0
859.70929,490.2
859.8269,485.2
859.94452,485.4
860.06213,489.2
860.17975,488.0
860.29736,484.2
860.41492,483.0
860.53253,481.0
860.65009,486.0
860.7677,482.4
860.88525,484.6
861.00287,482.6
861.12042,489.6
861.23804,486.0
861.35559,486.2
861.47314,486.4
861.5907,482.4
861.70825,486.8
861.82581,485.0
861.94336,481.6
862.06091,486.0
862.17847,486.8
862.29602,482.2
862.41357,483.0
862.53113,480.4
862.64862,482.4
862.76617,478.4
862.88367,481.8
863.00122,485.6
863.11871,481.2
863.23627,488.2
863.35376,485.4
863.47125,485.4
863.58881,479.0
863.7063,482.0
863.82379,479.0
863.94128,486.8
864.05878,483.4
864.17627,490.0
864.29376,485.2
864.41125,483.4
864.52869,479.8
864.64618,480.0
864.76367,481.2
864.8811,482.4
864.9986,481.0
865.11609,485.0
865.23352,481.4
865.35095,481.0
865.46844,480.8
865.58588,486.4
865.70331,481.0
865.82074,483.0
865.93823,484.6
866.05566,482.2
866.1731,482.0
866.29053,484.4
866.4079,479.4
866.52533,484.4
866.64276,481.2
866.76019,482.4
866.87756,481.8
866.995,480.0
867.11243,483.4
867.2298,481.0
867.34723,483.0
867.4646,484.8
867.58197,480.8
867.6994,485.2
867.81677,480.8
867.93414,481.4
868.05151,483.2
868.16888,481.0
868.28625,481.2
868.40363,482.4
868.521,484.0
868.63837,480.6
868.75568,484.0
868.87305,490.2
868.99042,485.8
869.10773,485.6
869.2251,478.2
869.34241,485.2
869.45978,487.2
869.57709,482.6
869.69446,473.4
869.81177,481.8
869.92908,483.8
870.04639,482.2
870.1637,481.6
870.28101,485.2
870.39832,480.2
870.51563,486.0
870.63293,484.2
870.75024,479.2
870.86749,481.6
870.9848,486.4
871.10211,481.2
871.21936,486.8
871.33667,486.0
871.45392,489.2
871.57123,481.8
871.68848,481.8
871.80573,482.2
871.92297,483.8
872.04028,482.0
872.15753,481.8
872.27478,482.4
872.39203,486.4
872.50928,483.2
872.62646,479.8
872.74371,483.8
872.86096,484.4
872.97821,483.4
873.0954,484.2
873.21265,481.4
873.32983,481.0
873.44708,486.8
873.56427,483.6
873.68152,481.4
873.79871,484.0
873.91589,480.8
874.03308,480.8
874.15027,483.0
874.26746,483.2
874.38464,481.0
874.50183,484.0
874.61902,483.2
874.73621,480.2
874.85339,479.4
874.97052,480.4
875.08771,480.4
875.2049,482.8
875.32202,481.2
875.43921,483.0
875.55634,482.0
875.67346,487.6
875.79065,482.0
875.90778,484.4
876.0249,482.4
876.14203,482.4
876.25916,480.4
876.37628,486.6
876.49341,483.4
876.61053,482.4
876.72766,487.6
876.84473,481.6
876.96185,478.8
877.07898,483.8
877.19604,484.0
877.31317,486.2
877.43024,478.8
877.54736,486.4
877.66443,481.2
877.78149,482.8
877.89856,480.6
878.01569,482.0
878.13275,484.2
878.24982,484.2
878.36688,482.2
878.48395,481.6
878.60095,480.8
878.71802,481.4
878.83508,483.6
878.95215,483.6
879.06915,484.2
879.18622,484.2
879.30322,480.8
879.42029,479.2
879.53729,480.8
879.6543,483.0
879.77136,476.8
879.88837,484.0
880.00537,479.6
880.12238,482.8
880.23938,480.0
880.35638,480.4
880.47339,481.4
880.59039,481.0
880.70734,484.2
880.82434,479.8
880.94135,483.2
881.05829,480.0
881.17529,481.2
881.29224,479.4
881.40924,476.4
881.52618,483.4
881.64313,480.4
881.76007,478.4
881.87701,483.0
881.99402,482.2
882.11096,484.0
882.22791,481.2
882.34479,479.2
882.46173,480.6
882.57867,481.0
882.69562,483.8
882.8125,480.8
882.92944,481.8
883.04639,482.6
883.16327,485.6
883.28015,485.0
883.39709,483.8
883.51398,484.0
883.63086,484.2
883.74774,482.6
883.86462,486.8
883.98157,486.8
884.09839,486.6
884.21527,483.6
884.33215,488.4
884.44904,481.2
884.56592,483.0
884.68274,482.6
884.79962,482.8
884.9165,487.0
885.03333,489.4
885.15015,482.4
885.26703,484.2
885.38385,486.0
885.50067,488.2
885.61749,484.2
885.73438,487.4
885.8512,487.2
885.96802,486.4
886.08478,479.0
886.2016,484.4
886.31842,483.6
886.43524,483.8
886.55206,490.0
886.66882,489.0
886.78564,485.8
886.9024,489.0
887.01923,485.2
887.13599,486.0
887.25275,480.6
887.36951,486.8
887.48633,489.6
887.60309,485.2
887.71985,483.2
887.83661,482.0
887.95337,484.6
888.07007,482.4
888.18683,480.0
888.30359,486.0
888.42035,481.8
888.53705,482.0
888.65381,479.6
888.77051,481.6
888.88721,483.2
889.00397,487.4
889.12067,482.2
889.23737,482.0
889.35406,482.4
889.47083,484.4
889.58752,478.2
889.70416,481.0
889.82086,480.4
889.93756,482.8
890.05426,480.8
890.17096,484.2
890.2876,482.6
890.4043,480.2
890.52094,479.2
890.63763,484.8
890.75427,484.2
890.87091,483.8
890.98761,483.0
891.10425,485.8
891.22089,483.2
891.33752,483.6
891.45416,480.4
891.5708,479.4
891.68744,482.8
891.80408,487.0
891.92065,482.0
892.03729,479.6
892.15393,481.0
892.27051,482.2
892.38715,479.4
892.50372,486.6
892.6203,487.6
892.73694,491.2
892.85352,484.6
892.97009,487.2
893.08667,482.0
893.20325,483.6
893.31982,484.8
893.4364,485.4
893.55298,480.4
893.66956,484.6
893.78607,482.6
893.90265,491.4
894.01917,486.6
894.13574,485.2
894.25226,485.6
894.36884,489.6
894.48535,487.2
894.60187,486.4
894.71838,488.4
894.8349,487.0
894.95148,485.4
895.06793,483.6
895.18445,487.8
895.30096,483.8
895.41748,482.6
895.534,482.8
895.65045,482.8
895.76697,483.6
895.88342,489.6
895.99994,482.4
896.11639,483.4
896.23291,485.8
896.34937,482.2
896.46582,488.8
896.58228,490.0
896.69873,484.8
896.81519,485.6
896.93164,481.4
897.0481,487.8
897.16455,489.2
897.28094,488.6
897.3974,483.0
897.51385,485.8
897.63025,487.4
897.7467,486.2
897.8631,482.0
897.97949,485.8
898.09595,481.6
898.21234,485.4
898.32874,491.8
898.44513,481.0
898.56152,485.0
898.67792,486.0
898.79431,482.2
898.91064,484.2
899.02704,480.8
899.14343,479.6
899.25977,481.4
899.37616,480.2
899.49249,478.4
899.60889,480.2
899.72522,484.4
899.84155,480.0
899.95789,484.0
900.07428,480.6
900.19061,483.8
900.30695,477.6
900.42322,481.4
900.53955,481.2
900.65588,480.8
900.77222,477.4
900.88849,480.4
901.00482,474.0
901.12109,478.0
901.23743,481.0
901.3537,480.4
901.47003,478.4
901.5863,482.4
901.70258,478.0
901.81885,475.8
901.93512,476.0
902.05139,476.2
902.16766,477.8
902.28394,481.0
902.40021,476.6
902.51642,481.6
902.63269,477.0
902.7489,476.0
902.86517,479.4
902.98138,476.8
903.09766,475.6
903.21387,480.2
903.33008,479.6
903.44629,478.0
903.5625,472.6
903.67871,475.4
903.79492,478.8
903.91113,476.6
904.02734,476.2
904.14355,474.4
904.2597,478.2
904.37592,475.8
904.49207,472.0
904.60828,476.8
904.72443,471.4
904.84064,470.0
904.95679,474.0
905.07294,478.2
905.18909,471.6
905.30524,472.8
905.42139,470.6
905.53754,472.2
905.65369,474.0
905.76984,474.2
905.88593,472.4
906.00208,476.4
906.11816,469.6
906.23431,472.4
906.3504,474.0
906.46655,470.6
906.58264,470.6
906.69873,472.6
906.81482,473.4
906.93091,474.2
907.047,473.8
907.16309,473.4
907.27917,472.0
907.39526,472.8
907.51135,472.8
907.62738,468.2
907.74347,472.4
907.8595,472.6
907.97559,473.6
908.09161,468.2
908.2077,470.0
908.32373,473.0
908.43976,470.4
908.55579,472.6
908.67181,467.0
908.78784,474.8
908.90387,469.6
909.0199,471.0
909.13586,472.4
909.25189,476.2
909.36792,472.6
909.48389,470.6
909.59991,473.4
909.71588,476.0
909.83185,472.0
909.94788,476.6
910.06384,481.8
910.17981,475.6
910.29578,470.0
910.41174,472.4
910.52771,478.2
910.64368,473.8
910.75958,469.6
910.87555,475.2
910.99152,474.2
911.10742,470.0
911.22339,468.0
911.33929,477.0
911.4552,469.2
911.57117,471.4
911.68707,473.4
911.80298,471.0
911.91888,470.4
912.03479,471.4
912.1507,474.6
912.2666,475.2
912.38245,478.6
912.49835,475.4
912.61426,472.0
912.7301,476.4
912.84601,475.0
792.4458,649.8
792.56488,636.8
792.68396,648.2
792.8031,640.0
792.92218,621.6
793.04126,616.6
793.16034,620.6
793.27942,612.2
793.3985,607.6
793.51758,598.4
793.63672,590.8
793.7558,588.2
793.87488,596.0
793.9939,586.0
794.11298,586.4
794.23206,579.4
794.35114,572.0
794.47021,570.2
794.58929,564.4
794.70831,566.2
794.82739,561.0
794.94647,562.0
795.06549,561.6
795.18457,554.8
795.30365,557.4
795.42267,551.4
795.54175,547.8
795.66077,547.8
795.77985,545.8
795.89886,543.2
796.01794,548.4
796.13696,543.6
796.25598,544.6
796.375,541.0
796.49408,538.0
796.6131,537.2
796.73212,539.2
796.85114,537.2
796.97015,532.8
797.08923,534.8
797.20825,534.8
797.32727,533.0
797.44629,533.6
797.56531,535.2
797.68427,530.8
797.80328,527.0
797.9223,528.4
798.04132,529.0
798.16034,529.6
798.27936,527.2
798.39832,529.0
798.51733,520.6
798.63635,524.6
798.75531,526.8
798.87433,520.8
798.99329,514.6
799.1123,520.0
799.23126,525.0
799.35028,527.8
799.46924,521.2
799.58826,522.0
799.70721,522.8
799.82617,518.4
799.94519,523.2
800.06415,517.8
800.18311,522.6
800.30206,519.4
800.42102,519.2
800.54004,520.8
800.659,522.6
800.77795,521.2
800.89691,523.8
801.01587,517.0
801.13483,516.8
801.25372,524.6
801.37268,522.4
801.49164,519.8
801.6106,522.8
801.72955,527.2
801.84845,523.2
801.96741,520.0
802.08636,525.6
802.20526,523.0
802.32422,526.8
802.44318,520.6
802.56207,527.2
802.68103,525.4
802.79993,521.8
802.91882,526.0
803.03778,523.8
803.15668,522.6
803.27557,525.6
803.39453,523.8
803.51343,522.2
803.63232,526.2
803.75122,522.2
803.87012,522.0
803.98907,524.0
804.10797,527.0
804.22687,521.0
804.34576,524.0
804.46466,521.0
804.58356,527.2
804.70239,520.6
804.82129,524.6
804.94019,526.4
805.05908,531.6
805.17798,526.4
805.29681,526.4
805.41571,527.2
805.53461,530.2
805.65344,526.6
805.77234,530.2
805.89117,530.0
806.01007,535.0
806.12891,531.2
806.2478,534.4
806.36664,525.0
806.48547,529.8
806.60437,528.4
806.72321,529.2
806.84204,532.0
806.96088,526.0
807.07971,531.0
807.19861,536.6
807.31744,538.0
807.43628,531.8
807.55511,530.2
807.67395,537.0
807.79279,528.8
807.91162,532.2
808.0304,531.0
808.14923,530.8
808.26807,533.4
808.3869,532.4
808.50568,533.0
808.62451,532.4
808.74335,532.8
808.86212,535.6
808.98096,540.8
809.09979,535.6
809.21857,535.8
809.33734,533.8
809.45618,533.8
809.57495,537.8
809.69379,538.0
809.81256,536.2
809.93134,535.4
810.05011,535.4
810.16895,533.6
810.28772,537.4
810.40649,536.2
810.52527,540.4
810.64404,532.4
810.76282,538.6
810.88159,536.2
811.00037,535.4
811.11914,538.6
811.23792,533.0
811.35663,539.0
811.4754,534.6
811.59418,540.0
811.71295,539.2
811.83167,534.0
811.95044,542.4
812.06921,540.2
812.18793,537.4
812.3067,533.6
812.42542,537.0
812.54419,534.6
812.6629,535.6
812.78162,536.4
812.90039,534.0
813.0191,533.0
813.13782,534.0
813.25653,531.6
813.37524,537.8
813.49402,536.4
813.61273,538.0
813.73145,539.0
813.85016,535.6
813.96887,534.6
814.08759,535.4
814.2063,536.2
814.32495,536.6
814.44366,532.4
814.56238,535.2
814.68109,528.0
814.79974,535.8
814.91846,532.8
815.03717,528.0
815.15582,529.0
815.27454,529.2
815.39319,524.4
815.5119,525.8
815.63055,523.6
815.74927,529.0
815.86792,529.0
815.98657,532.2
816.10529,531.0
816.22394,528.4
816.34259,530.0
816.46124,537.0
816.5799,530.8
816.69855,529.8
816.8172,530.0
816.93585,530.4
817.0545,528.6
817.17316,528.0
817.29181,520.8
817.41046,520.8
817.52911,515.4
817.64771,517.8
817.76636,517.8
817.88501,515.6
818.0036,516.2
818.12225,514.2
818.24091,506.6
818.3595,501.2
818.47815,512.4
818.59674,506.4
818.71533,510.2
818.83398,509.8
818.95258,502.2
819.07117,500.6
819.18976,504.0
819.30841,505.0
819.427,505.6
819.54559,504.2
819.66418,505.6
819.78278,501.6
819.90137,504.2
820.01996,497.2
820.13855,497.8
820.25714,500.8
820.37573,496.0
820.49426,496.8
820.61285,497.8
820.73145,493.4
820.84998,495.0
820.96857,497.4
821.08716,496.4
821.20569,500.0
821.32428,499.2
821.44281,496.2
821.56134,494.4
821.67993,492.2
821.79846,494.8
821.91699,490.6
822.03558,491.0
822.15411,492.8
822.27264,495.8
822.39117,492.2
822.5097,494.4
822.62823,489.6
822.74677,487.2
822.8653,491.4
822.98383,489.4
823.10236,492.6
823.22089,492.0
823.33942,490.4
823.45789,489.2
823.57642,495.2
823.69495,491.2
823.81342,494.2
823.93195,489.6
824.05042,488.0
824.16895,492.4
824.28741,498.6
824.40594,489.6
824.52441,491.4
824.64288,488.4
824.76141,493.4
824.87988,485.4
824.99835,486.8
825.11682,490.8
825.23529,485.8
825.35376,488.4
825.47223,489.2
825.5907,487.6
825.70917,485.4
825.82764,490.6
825.94611,486.0
826.06458,485.6
826.18304,484.8
826.30145,487.8
826.41992,492.8
826.53839,487.2
826.6568,484.4
826.77527,488.0
826.89368,488.4
827.01215,487.6
827.13055,481.8
827.24902,485.6
827.36743,484.6
827.48584,481.4
827.60431,484.2
827.72272,484.4
827.84113,484.6
827.95953,484.0
828.07794,482.4
828.19635,480.4
828.31476,482.2
828.43317,480.6
828.55157,483.4
828.66998,484.2
828.78839,484.0
828.90674,487.0
829.02515,483.0
829.14355,483.4
829.2619,483.8
829.38031,477.4
829.49872,485.0
829.61707,478.4
829.73547,483.8
829.85382,480.6
829.97217,486.8
830.09058,478.4
830.20892,478.0
830.32727,478.8
830.44562,480.6
830.56403,482.4
830.68237,488.8
830.80072,482.8
830.91907,480.2
831.03741,479.8
831.15576,483.8
831.27411,481.4
831.3924,477.2
831.51074,481.6
831.62909,480.2
831.74744,480.2
831.86572,479.0
831.98407,483.2
832.10242,486.2
832.2207,481.4
832.33905,481.4
832.45734,481.4
832.57562,477.2
832.69397,480.2
832.81226,484.2
832.93054,485.0
833.04889,480.8
833.16718,476.4
833.28546,478.2
833.40375,486.4
833.52203,479.8
833.64032,484.8
833.75861,478.0
833.87689,484.4
833.99518,483.8
834.1134,484.8
834.23169,487.4
834.34998,485.0
834.46826,488.2
834.58649,489.6
834.70477,489.4
834.823,485.0
834.94128,490.4
835.05951,484.2
835.1778,487.0
835.29602,481.4
835.41425,484.0
835.53253,485.0
835.65076,486.0
835.76898,484.6
835.88721,486.0
836.00543,488.0
836.12366,487.6
836.24188,479.4
836.36011,483.8
836.47833,484.2
836.59656,487.2
836.71478,486.2
836.83295,486.4
836.95117,482.6
837.0694,486.4
837.18756,489.8
837.30579,482.0
837.42401,484.8
837.54218,487.0
837.66034,484.2
837.77856,487.4
837.89673,483.0
838.01489,487.2
838.13312,480.8
838.25128,483.4
838.36945,489.6
838.48761,488.8
838.60577,485.4
838.72394,489.0
838.8421,481.0
838.96027,485.8
839.07843,483.2
839.19659,484.0
839.31476,482.8
839.43286,488.6
839.55103,484.0
839.66919,486.2
839.78729,486.0
839.90546,487.0
840.02356,484.8
840.14172,482.4
840.25983,479.0
840.37793,486.8
840.49609,484.6
840.6142,485.8
840.7323,483.6
840.8504,479.0
840.96851,479.0
841.08661,487.8
841.20471,482.8
841.32281,485.6
841.44092,477.8
841.55902,482.6
841.67712,479.4
841.79523,485.2
841.91327,481.6
842.03137,482.0
842.14948,482.6
842.26752,480.8
842.38562,482.6
842.50366,482.0
842.62177,479.8
842.73981,481.4
842.85791,476.8
842.97595,485.0
843.09399,480.0
843.21204,482.0
843.33008,482.8
843.44818,480.4
843.56622,480.8
843.68427,479.4
843.80231,482.4
843.92029,474.8
844.03833,484.2
844.15637,479.6
844.27441,482.6
844.39246,482.6
844.51044,483.6
844.62848,479.4
844.74646,481.6
844.8645,481.8
844.98248,476.8
845.10052,478.0
845.21851,482.8
845.33649,482.2
845.45453,478.8
845.57251,479.4
845.69049,479.4
845.80847,477.6
845.92645,482.6
846.04443,481.6
846.16241,480.4
846.2804,478.8
846.39838,479.2
846.51636,478.8
846.63434,483.0
846.75226,481.0
846.87024,480.8
846.98822,479.2
847.10614,481.8
847.22412,482.8
847.34204,476.4
847.46002,477.8
847.57794,482.8
847.69586,482.8
847.81384,482.8
847.93176,480.6
848.04968,482.8
848.1676,485.0
848.28552,480.8
848.40344,482.0
848.52136,481.6
848.63928,486.2
848.7572,482.4
848.87512,484.6
848.99304,480.8
849.1109,484.0
849.22882,479.4
849.34674,477.8
849.4646,481.4
849.58252,482.8
849.70038,472.4
849.8183,482.2
849.93616,484.4
850.05402,483.2
850.17194,480.2
850.28979,481.6
850.40765,484.0
850.52551,481.2
850.64337,486.8
850.76123,488.8
850.87909,482.0
850.99695,492.4
851.11481,481.8
851.23267,489.2
851.35046,487.6
851.46832,488.2
851.58618,486.6
851.70398,491.8
851.82184,491.6
851.93964,493.2
852.0575,493.0
852.17529,494.0
852.29315,489.4
852.41095,492.8
852.52875,489.6
852.64655,489.8
852.7644,489.6
852.8822,487.0
853.0,483.4
853.1178,487.4
853.2356,481.8
853.35333,484.0
853.47113,483.8
853.58893,480.6
853.70673,481.8
853.82446,484.0
853.94226,482.0
854.06006,483.2
854.1778,483.6
854.29559,483.6
854.41333,480.2
854.53107,484.6
854.64886,486.4
854.7666,487.2
854.88434,483.8
855.00208,486.6
855.11981,485.2
855.23761,486.0
855.35535,486.4
855.47302,484.8
855.59076,488.8
855.7085,489.2
855.82623,478.8
855.94397,486.4
856.06165,485.0
856.17938,487.6
856.29712,479.0
856.41479,489.2
856.53253,488.8
856.65021,483.2
856.76788,479.6
856.88562,485.8
857.0033,484.6
857.12097,481.2
857.23865,480.0
857.35632,477.6
857.474,487.6
857.59167,481.4
857.70935,482.2
857.82703,481.0
857.9447,483.0
858.06238,483.2
858.18005,478.0
858.29767,481.0
858.41534,480.4
858.53296,485.2
858.65063,485.8
858.76825,480.6
858.88593,485.8
859.00354,483.8
859.12115,478.2
859.23883,482.6
859.35645,478.0
859.47406,481.2
859.59167,481.0
859.70929,480.4
859.8269,481.0
859.94452,478.4
860.06213,483.2
860.17975,487.4
860.29736,479.2
860.41492,478.6
860.53253,478.6
860.65009,479.8
860.7677,478.6
860.88525,477.0
861.00287,475.0
861.12042,483.0
861.23804,475.8
861.35559,482.6
861.47314,482.2
861.5907,481.0
861.70825,474.6
861.82581,480.6
861.94336,475.6
862.06091,476.6
862.17847,480.6
862.29602,478.4
862.41357,478.0
862.53113,478.0
862.64862,476.0
862.76617,475.0
862.88367,478.4
863.00122,481.6
863.11871,477.4
863.23627,483.8
863.35376,480.2
863.47125,479.8
863.58881,481.2
863.7063,480.6
863.82379,473.6
863.94128,475.6
864.05878,478.8
864.17627,482.0
864.29376,474.4
864.41125,480.8
864.52869,480.2
864.64618,480.4
864.76367,472.8
864.8811,475.0
864.9986,477.2
865.11609,477.4
865.23352,476.0
865.35095,476.0
865.46844,478.2
865.58588,475.6
865.70331,480.8
865.82074,479.0
865.93823,477.4
866.05566,480.8
866.1731,471.6
866.29053,480.2
866.4079,477.4
866.52533,478.2
866.64276,479.8
866.76019,474.0
866.87756,477.4
866.995,478.4
867.11243,472.4
867.2298,480.8
867.34723,476.6
867.4646,472.0
867.58197,476.4
867.6994,476.2
867.81677,480.4
867.93414,475.6
868.05151,480.4
868.16888,475.8
868.28625,478.8
868.40363,478.8
868.521,476.0
868.63837,481.8
868.75568,475.8
868.87305,482.4
868.99042,476.2
869.10773,476.4
869.2251,476.2
869.34241,479.4
869.45978,477.8
869.57709,480.2
869.69446,476.4
869.81177,483.0
869.92908,478.2
870.04639,485.2
870.1637,483.8
870.28101,481.6
870.39832,482.4
870.51563,481.6
870.63293,481.4
870.75024,482.4
870.86749,481.4
870.9848,476.2
871.10211,476.0
871.21936,477.8
871.33667,476.0
871.45392,481.0
871.57123,481.2
871.68848,479.2
871.80573,478.6
871.92297,477.6
872.04028,473.2
872.15753,484.4
872.27478,480.8
872.39203,475.0
872.50928,478.8
872.62646,477.8
872.74371,482.0
872.86096,477.2
872.97821,473.6
873.0954,477.4
873.21265,477.8
873.32983,476.2
873.44708,481.8
873.56427,473.8
873.68152,475.8
873.79871,480.6
873.91589,477.2
874.03308,478.4
874.15027,476.6
874.26746,475.0
874.38464,475.0
874.50183,478.4
874.61902,476.0
874.73621,485.2
874.85339,478.8
874.97052,475.4
875.08771,476.2
875.2049,479.8
875.32202,473.0
875.43921,482.4
875.55634,481.8
875.67346,482.6
875.79065,474.6
875.90778,476.6
876.0249,477.6
876.14203,476.6
876.25916,480.4
876.37628,476.0
876.49341,481.8
876.61053,481.6
876.72766,477.8
876.84473,482.4
876.96185,481.2
877.07898,477.2
877.19604,480.6
877.31317,480.4
877.43024,475.8
877.54736,474.6
877.66443,479.0
877.78149,479.8
877.89856,481.2
878.01569,479.8
878.13275,478.4
878.24982,480.4
878.36688,480.2
878.48395,482.8
878.60095,479.8
878.71802,476.6
878.83508,476.4
878.95215,479.2
879.06915,474.2
879.18622,478.0
879.30322,476.0
879.42029,480.0
879.53729,478.6
879.6543,475.6
879.77136,480.8
879.88837,483.6
880.00537,478.0
880.12238,481.2
880.23938,473.4
880.35638,483.0
880.47339,479.8
880.59039,476.2
880.70734,481.6
880.82434,476.2
880.94135,485.0
881.05829,478.6
881.17529,475.6
881.29224,482.6
881.40924,474.8
881.52618,480.0
881.64313,477.8
881.76007,477.6
881.87701,480.4
881.99402,474.6
882.11096,479.2
882.22791,476.2
882.34479,482.2
882.46173,479.6
882.57867,479.2
882.69562,483.2
882.8125,479.8
882.92944,478.8
883.04639,477.4
883.16327,485.0
883.28015,480.2
883.39709,475.2
883.51398,476.2
883.63086,476.0
883.74774,478.2
883.86462,479.6
883.98157,479.2
884.09839,479.4
884.21527,483.4
884.33215,475.8
884.44904,478.8
884.56592,479.0
884.68274,478.4
884.79962,479.0
884.9165,478.2
885.03333,480.4
885.15015,478.2
885.26703,487.6
885.38385,481.6
885.50067,484.0
885.61749,487.4
885.73438,486.6
885.8512,488.6
885.96802,481.4
886.08478,479.6
886.2016,480.0
886.31842,478.4
886.43524,481.6
886.55206,482.4
886.66882,488.4
886.78564,481.0
886.9024,485.2
887.01923,484.0
887.13599,483.8
887.25275,481.0
887.36951,483.6
887.48633,482.8
887.60309,483.6
887.71985,482.6
887.83661,483.0
887.95337,478.8
888.07007,478.6
888.18683,480.4
888.30359,479.2
888.42035,475.0
888.53705,476.8
888.65381,476.0
888.77051,478.8
888.88721,477.6
889.00397,480.6
889.12067,475.8
889.23737,478.8
889.35406,480.8
889.47083,477.2
889.58752,478.0
889.70416,479.2
889.82086,479.4
889.93756,484.4
890.05426,473.8
890.17096,483.0
890.2876,478.0
890.4043,476.0
890.52094,477.8
890.63763,477.0
890.75427,480.8
890.87091,480.2
890.98761,481.8
891.10425,479.2
891.22089,480.4
891.33752,479.8
891.45416,481.6
891.5708,475.2
891.68744,473.2
891.80408,481.8
891.92065,476.4
892.03729,478.8
892.15393,480.6
892.27051,476.2
892.38715,473.8
892.50372,480.6
892.6203,480.0
892.73694,478.8
892.85352,483.6
892.97009,478.0
893.08667,478.0
893.20325,480.6
893.31982,485.2
893.4364,481.2
893.55298,478.2
893.66956,481.6
893.78607,487.0
893.90265,488.0
894.01917,486.2
894.13574,486.6
894.25226,484.8
894.36884,485.8
894.48535,481.8
894.60187,484.8
894.71838,478.6
894.8349,481.6
894.95148,479.0
895.06793,482.2
895.18445,475.8
895.30096,483.4
895.41748,473.8
895.534,481.0
895.65045,478.4
895.76697,481.6
895.88342,481.6
895.99994,480.2
896.11639,478.4
896.23291,480.6
896.34937,480.0
896.46582,475.6
896.58228,482.4
896.69873,483.4
896.81519,483.2
896.93164,478.6
897.0481,482.2
897.16455,481.0
897.28094,480.4
897.3974,477.0
897.51385,478.4
897.63025,482.6
897.7467,480.0
897.8631,477.0
897.97949,477.6
898.09595,478.2
898.21234,477.4
898.32874,481.4
898.44513,483.2
898.56152,482.6
898.67792,478.2
898.79431,481.6
898.91064,482.6
899.02704,480.6
899.14343,476.4
899.25977,476.2
899.37616,478.0
899.49249,474.0
899.60889,479.2
899.72522,482.6
899.84155,477.6
899.95789,482.0
900.07428,479.2
900.19061,479.2
900.30695,479.2
900.42322,477.8
900.53955,472.8
900.65588,479.0
900.77222,474.6
900.88849,476.0
901.00482,475.8
901.12109,475.8
901.23743,479.2
901.3537,473.2
901.47003,477.0
901.5863,472.2
901.70258,476.2
901.81885,475.4
901.93512,473.2
902.05139,472.4
902.16766,474.6
902.28394,476.6
902.40021,479.0
902.51642,474.6
902.63269,478.4
902.7489,479.6
902.86517,477.2
902.98138,476.0
903.09766,477.6
903.21387,475.2
903.33008,476.0
903.44629,473.6
903.5625,470.2
903.67871,474.8
903.79492,471.8
903.91113,472.6
904.02734,474.2
904.14355,477.6
904.2597,473.6
904.37592,475.0
904.49207,469.8
904.60828,473.2
904.72443,471.6
904.84064,470.6
904.95679,470.4
905.07294,472.2
905.18909,473.8
905.30524,471.2
905.42139,469.8
905.53754,471.4
905.65369,469.0
905.76984,472.4
905.88593,467.4
906.00208,467.2
906.11816,470.0
906.23431,465.8
906.3504,468.6
906.46655,465.2
906.58264,465.6
906.69873,470.8
906.81482,468.4
906.93091,465.2
907.047,466.4
907.16309,467.0
907.27917,469.6
907.39526,470.6
907.51135,470.0
907.62738,469.0
907.74347,466.2
907.8595,465.0
907.97559,466.8
908.09161,469.8
908.2077,463.6
908.32373,470.4
908.43976,467.6
908.55579,461.0
908.67181,468.4
908.78784,472.4
908.90387,465.2
909.0199,465.4
909.13586,468.4
909.25189,468.4
909.36792,467.6
909.48389,465.6
909.59991,467.6
909.71588,464.6
909.83185,471.0
909.94788,470.2
910.06384,469.4
910.17981,471.6
910.29578,468.2
910.41174,471.6
910.52771,468.6
910.64368,474.2
910.75958,465.8
910.87555,472.6
910.99152,467.6
911.10742,472.8
911.22339,467.8
911.33929,471.0
911.4552,469.4
911.57117,465.8
911.68707,469.8
911.80298,466.0
911.91888,469.2
912.03479,466.2
912.1507,468.0
912.2666,466.6
912.38245,471.0
912.49835,475.0
912.61426,466.8
912.7301,468.6
912.84601,471.8
792.4458,680.8
792.56488,667.6
792.68396,667.4
792.8031,660.0
792.92218,652.0
793.04126,648.4
793.16034,643.4
793.27942,640.8
793.3985,627.8
793.51758,620.0
793.63672,617.0
793.7558,608.0
793.87488,618.6
793.9939,617.2
794.11298,600.6
794.23206,600.8
794.35114,593.0
794.47021,594.0
794.58929,593.6
794.70831,582.2
794.82739,585.0
794.94647,572.0
795.06549,576.8
795.18457,572.6
795.30365,570.2
795.42267,565.0
795.54175,566.0
795.66077,564.6
795.77985,562.4
795.89886,562.6
796.01794,556.6
796.13696,554.6
796.25598,555.6
796.375,548.6
796.49408,547.6
796.6131,548.0
796.73212,551.6
796.85114,545.6
796.97015,544.6
797.08923,541.2
797.20825,544.6
797.32727,540.2
797.44629,545.4
797.56531,539.8
797.68427,538.2
797.80328,539.2
797.9223,541.4
798.04132,540.4
798.16034,541.8
798.27936,533.4
798.39832,535.4
798.51733,528.4
798.63635,535.2
798.75531,533.0
798.87433,534.0
798.99329,529.2
799.1123,526.6
799.23126,524.0
799.35028,535.6
799.46924,531.6
799.58826,533.0
799.70721,531.8
799.82617,524.8
799.94519,531.8
800.06415,526.6
800.18311,532.8
800.30206,532.6
800.42102,533.0
800.54004,531.4
800.659,529.6
800.77795,527.2
800.89691,523.8
801.01587,531.6
801.13483,524.8
801.25372,535.4
801.37268,524.8
801.49164,531.2
801.6106,527.8
801.72955,531.0
801.84845,525.6
801.96741,531.8
802.08636,527.8
802.20526,533.4
802.32422,530.6
802.44318,530.6
802.56207,533.0
802.68103,532.4
802.79993,528.6
802.91882,531.4
803.03778,527.6
803.15668,529.4
803.27557,525.6
803.39453,528.6
803.51343,527.0
803.63232,537.8
803.75122,531.8
803.87012,529.0
803.98907,525.8
804.10797,530.0
804.22687,529.0
804.34576,535.2
804.46466,527.8
804.58356,531.2
804.70239,527.6
804.82129,529.2
804.94019,530.0
805.05908,531.6
805.17798,531.2
805.29681,531.4
805.41571,533.0
805.53461,530.8
805.65344,530.4
805.77234,536.8
805.89117,530.0
806.01007,538.0
806.12891,531.6
806.2478,528.4
806.36664,536.4
806.48547,536.4
806.60437,532.0
806.72321,535.8
806.84204,535.6
806.96088,534.6
807.07971,529.4
807.19861,537.0
807.31744,537.0
807.43628,536.4
807.55511,534.8
807.67395,532.2
807.79279,535.8
807.91162,533.2
808.0304,537.0
808.14923,534.6
808.26807,537.2
808.3869,530.8
808.50568,538.6
808.62451,532.4
808.74335,534.2
808.86212,537.4
808.98096,545.8
809.09979,537.4
809.21857,532.6
809.33734,537.0
809.45618,533.8
809.57495,537.2
809.69379,539.0
809.81256,539.0
809.93134,534.8
810.05011,537.2
810.16895,537.6
810.28772,537.6
810.40649,534.6
810.52527,533.2
810.64404,536.8
810.76282,542.8
810.88159,535.2
811.00037,536.0
811.11914,531.4
811.23792,534.2
811.35663,536.6
811.4754,545.6
811.59418,535.2
811.71295,540.4
811.83167,538.4
811.95044,539.6
812.06921,540.8
812.18793,546.2
812.3067,537.8
812.42542,540.6
812.54419,537.8
812.6629,544.8
812.78162,536.6
812.90039,540.6
813.0191,537.0
813.13782,536.0
813.25653,536.2
813.37524,532.0
813.49402,536.2
813.61273,539.2
813.73145,538.8
813.85016,539.2
813.96887,530.0
814.08759,537.0
814.2063,536.8
814.32495,539.8
814.44366,540.4
814.56238,532.4
814.68109,536.0
814.79974,531.4
814.91846,525.4
815.03717,533.2
815.15582,528.0
815.27454,532.2
815.39319,526.6
815.5119,531.2
815.63055,528.8
815.74927,532.6
815.86792,524.2
815.98657,531.4
816.10529,535.2
816.22394,530.0
816.34259,532.8
816.46124,538.0
816.5799,534.8
816.69855,535.8
816.8172,534.4
816.93585,532.8
817.0545,529.4
817.17316,527.2
817.29181,517.4
817.41046,528.4
817.52911,514.6
817.64771,524.4
817.76636,517.2
817.88501,515.2
818.0036,512.6
818.12225,517.6
818.24091,515.2
818.3595,511.2
818.47815,511.6
818.59674,516.0
818.71533,509.4
818.83398,504.8
818.95258,504.8
819.07117,505.4
819.18976,505.2
819.30841,507.4
819.427,509.4
819.54559,506.4
819.66418,509.8
819.78278,507.6
819.90137,505.6
820.01996,500.0
820.13855,500.8
820.25714,504.2
820.37573,502.0
820.49426,504.6
820.61285,499.2
820.73145,498.8
820.84998,498.4
820.96857,502.0
821.08716,498.6
821.20569,498.4
821.32428,502.0
821.44281,499.4
821.56134,498.4
821.67993,499.4
821.79846,493.6
821.91699,496.4
822.03558,497.2
822.15411,499.6
822.27264,495.8
822.39117,496.2
822.5097,492.2
822.62823,496.8
822.74677,494.2
822.8653,489.8
822.98383,491.4
823.10236,497.2
823.22089,493.4
823.33942,498.0
823.45789,491.0
823.57642,495.2
823.69495,495.8
823.81342,499.6
823.93195,494.8
824.05042,493.2
824.16895,496.4
824.28741,497.6
824.40594,493.0
824.52441,499.2
824.64288,495.2
824.76141,487.8
824.87988,495.0
824.99835,495.2
825.11682,490.8
825.23529,491.4
825.35376,492.6
825.47223,492.4
825.5907,490.4
825.70917,492.8
825.82764,491.2
825.94611,492.2
826.06458,491.2
826.18304,495.2
826.30145,494.4
826.41992,492.0
826.53839,492.2
826.6568,495.8
826.77527,488.2
826.89368,490.2
827.01215,494.0
827.13055,492.0
827.24902,487.6
827.36743,489.4
827.48584,486.6
827.60431,489.6
827.72272,483.0
827.84113,483.8
827.95953,484.0
828.07794,487.6
828.19635,484.4
828.31476,483.4
828.43317,482.0
828.55157,489.4
828.66998,486.8
828.78839,485.2
828.90674,486.8
829.02515,485.6
829.14355,490.0
829.2619,486.6
829.38031,484.4
829.49872,482.0
829.61707,483.0
829.73547,488.8
829.85382,485.4
829.97217,485.0
830.09058,482.0
830.20892,482.8
830.32727,482.4
830.44562,491.0
830.56403,488.0
830.68237,486.8
830.80072,484.2
830.91907,481.0
831.03741,482.4
831.15576,485.4
831.27411,485.0
831.3924,486.0
831.51074,485.2
831.62909,487.2
831.74744,483.0
831.86572,487.2
831.98407,485.4
832.10242,488.0
832.2207,488.4
832.33905,480.4
832.45734,487.4
832.57562,483.0
832.69397,480.0
832.81226,489.4
832.93054,483.8
833.04889,485.6
833.16718,483.2
833.28546,492.6
833.40375,494.0
833.52203,484.4
833.64032,483.8
833.75861,491.4
833.87689,487.8
833.99518,491.6
834.1134,490.6
834.23169,492.4
834.34998,490.0
834.46826,491.0
834.58649,491.2
834.70477,494.2
834.823,491.0
834.94128,493.8
835.05951,490.0
835.1778,495.2
835.29602,485.8
835.41425,492.8
835.53253,489.0
835.65076,489.0
835.76898,490.6
835.88721,488.0
836.00543,493.2
836.12366,492.4
836.24188,487.8
836.36011,490.2
836.47833,491.8
836.59656,498.2
836.71478,490.2
836.83295,493.2
836.95117,485.0
837.0694,490.8
837.18756,488.2
837.30579,493.0
837.42401,492.6
837.54218,487.2
837.66034,491.6
837.77856,492.0
837.89673,492.0
838.01489,489.0
838.13312,488.2
838.25128,487.8
838.36945,490.2
838.48761,488.0
838.60577,488.4
838.72394,492.6
838.8421,492.4
838.96027,490.6
839.07843,488.4
839.19659,487.2
839.31476,488.2
839.43286,492.4
839.55103,491.2
839.66919,493.8
839.78729,488.6
839.90546,487.6
840.02356,486.4
840.14172,495.6
840.25983,485.2
840.37793,487.6
840.49609,487.8
840.6142,486.8
840.7323,482.6
840.8504,483.8
840.96851,488.0
841.08661,488.2
841.20471,489.0
841.32281,489.0
841.44092,485.0
841.55902,485.8
841.67712,486.0
841.79523,490.2
841.91327,484.6
842.03137,486.6
842.14948,484.2
842.26752,484.2
842.38562,486.0
842.50366,484.0
842.62177,483.4
842.73981,486.8
842.85791,486.6
842.97595,485.8
843.09399,484.2
843.21204,483.2
843.33008,487.8
843.44818,484.0
843.56622,483.6
843.68427,486.2
843.80231,484.2
843.92029,488.2
844.03833,486.0
844.15637,488.0
844.27441,480.8
844.39246,488.0
844.51044,481.4
844.62848,481.2
844.74646,485.0
844.8645,484.2
844.98248,484.2
845.10052,482.6
845.21851,489.8
845.33649,487.8
845.45453,482.0
845.57251,487.0
845.69049,482.0
845.80847,482.4
845.92645,483.6
846.04443,486.8
846.16241,486.8
846.2804,487.6
846.39838,482.0
846.51636,482.8
846.63434,481.4
846.75226,484.2
846.87024,488.4
846.98822,483.2
847.10614,478.0
847.22412,486.2
847.34204,481.4
847.46002,487.2
847.57794,480.0
847.69586,483.2
847.81384,484.8
847.93176,487.2
848.04968,482.4
848.1676,489.4
848.28552,479.2
848.40344,480.8
848.52136,484.2
848.63928,483.0
848.7572,482.6
848.87512,488.6
848.99304,483.0
849.1109,483.2
849.22882,479.4
849.34674,485.0
849.4646,482.4
849.58252,480.8
849.70038,481.4
849.8183,485.8
849.93616,485.0
850.05402,484.0
850.17194,485.6
850.28979,486.0
850.40765,487.4
850.52551,488.0
850.64337,489.8
850.76123,489.8
850.87909,485.2
850.99695,491.4
851.11481,487.6
851.23267,492.2
851.35046,489.2
851.46832,491.0
851.58618,489.2
851.70398,498.6
851.82184,489.8
851.93964,490.6
852.0575,495.6
852.17529,504.0
852.29315,500.0
852.41095,494.2
852.52875,489.2
852.64655,492.8
852.7644,491.2
852.8822,491.8
853.0,485.4
853.1178,486.2
853.2356,489.4
853.35333,489.8
853.47113,493.4
853.58893,487.0
853.70673,485.6
853.82446,483.4
853.94226,491.2
854.06006,491.8
854.1778,486.4
854.29559,488.0
854.41333,486.6
854.53107,488.0
854.64886,488.0
854.7666,491.0
854.88434,483.2
855.00208,484.2
855.11981,490.2
855.23761,493.2
855.35535,485.0
855.47302,488.6
855.59076,485.4
855.7085,488.2
855.82623,483.8
855.94397,493.2
856.06165,488.0
856.17938,487.6
856.29712,490.6
856.41479,489.6
856.53253,490.8
856.65021,488.2
856.76788,490.2
856.88562,491.2
857.0033,484.8
857.12097,489.8
857.23865,488.4
857.35632,483.6
857.474,484.6
857.59167,484.8
857.70935,484.8
857.82703,486.2
857.9447,487.4
858.06238,483.2
858.18005,487.4
858.29767,484.0
858.41534,485.2
858.53296,487.2
858.65063,487.2
858.76825,486.0
858.88593,484.0
859.00354,487.0
859.12115,484.6
859.23883,487.0
859.35645,483.0
859.47406,485.0
859.59167,487.2
859.70929,491.6
859.8269,486.4
859.94452,480.8
860.06213,482.4
860.17975,485.8
860.29736,483.8
860.41492,483.8
860.53253,485.6
860.65009,483.0
860.7677,481.2
860.88525,483.0
861.00287,481.0
861.12042,481.0
861.23804,485.4
861.35559,487.6
861.47314,483.8
861.5907,485.6
861.70825,476.6
861.82581,483.2
861.94336,481.2
862.06091,484.0
862.17847,484.0
862.29602,484.8
862.41357,485.0
862.53113,483.8
862.64862,485.2
862.76617,480.4
862.88367,480.2
863.00122,486.0
863.11871,479.4
863.23627,488.4
863.35376,478.6
863.47125,481.2
863.58881,479.4
863.7063,487.0
863.82379,480.0
863.94128,483.8
864.05878,484.2
864.17627,479.2
864.29376,480.6
864.41125,480.0
864.52869,480.8
864.64618,480.0
864.76367,486.0
864.8811,484.0
864.9986,479.6
865.11609,479.0
865.23352,478.0
865.35095,477.4
865.46844,482.6
865.58588,480.8
865.70331,477.4
865.82074,478.0
865.93823,484.0
866.05566,483.2
866.1731,480.6
866.29053,478.6
866.4079,479.2
866.52533,485.6
866.64276,480.2
866.76019,478.0
866.87756,480.0
866.995,483.4
867.11243,479.0
867.2298,484.8
867.34723,479.4
867.4646,476.0
867.58197,483.2
867.6994,481.4
867.81677,483.2
867.93414,475.8
868.05151,483.6
868.16888,480.2
868.28625,477.2
868.40363,483.4
868.521,481.4
868.63837,483.4
868.75568,481.8
868.87305,485.4
868.99042,479.6
869.10773,481.8
869.2251,482.0
869.34241,482.0
869.45978,483.4
869.57709,488.0
869.69446,482.6
869.81177,483.2
869.92908,484.6
870.04639,484.8
870.1637,486.2
870.28101,482.4
870.39832,482.8
870.51563,485.2
870.63293,482.8
870.75024,484.8
870.86749,483.6
870.9848,479.2
871.10211,481.4
871.21936,486.0
871.33667,480.8
871.45392,485.0
871.57123,481.6
871.68848,486.0
871.80573,485.4
871.92297,486.8
872.04028,484.2
872.15753,484.6
872.27478,484.0
872.39203,482.6
872.50928,478.8
872.62646,479.6
872.74371,480.2
872.86096,482.8
872.97821,482.2
873.0954,484.8
873.21265,482.8
873.32983,477.8
873.44708,480.8
873.56427,484.0
873.68152,480.4
873.79871,480.2
873.91589,478.8
874.03308,480.6
874.15027,482.6
874.26746,477.4
874.38464,480.6
874.50183,485.4
874.61902,485.0
874.73621,482.4
874.85339,478.0
874.97052,481.6
875.08771,484.0
875.2049,482.0
875.32202,479.0
875.43921,482.8
875.55634,484.4
875.67346,487.4
875.79065,484.0
875.90778,485.2
876.0249,483.8
876.14203,481.8
876.25916,482.4
876.37628,481.6
876.49341,481.0
876.61053,485.0
876.72766,488.4
876.84473,488.2
876.96185,484.0
877.07898,482.8
877.19604,486.2
877.31317,486.6
877.43024,481.4
877.54736,485.6
877.66443,482.4
877.78149,481.4
877.89856,479.4
878.01569,481.4
878.13275,483.4
878.24982,483.8
878.36688,483.2
878.48395,485.2
878.60095,485.0
878.71802,485.6
878.83508,485.0
878.95215,481.8
879.06915,483.6
879.18622,484.4
879.30322,481.8
879.42029,483.6
879.53729,481.4
879.6543,485.8
879.77136,480.6
879.88837,485.4
880.00537,484.0
880.12238,488.2
880.23938,479.4
880.35638,483.8
880.47339,480.2
880.59039,478.2
880.70734,478.8
880.82434,485.4
880.94135,480.8
881.05829,482.2
881.17529,485.8
881.29224,482.8
881.40924,479.8
881.52618,481.4
881.64313,483.0
881.76007,485.4
881.87701,487.6
881.99402,485.8
882.11096,480.6
882.22791,481.6
882.34479,481.0
882.46173,486.0
882.57867,480.6
882.69562,480.2
882.8125,480.8
882.92944,483.6
883.04639,483.6
883.16327,486.4
883.28015,481.8
883.39709,481.8
883.51398,484.0
883.63086,482.2
883.74774,487.0
883.86462,490.0
883.98157,487.0
884.09839,480.6
884.21527,484.8
884.33215,486.8
884.44904,478.0
884.56592,486.4
884.68274,481.4
884.79962,487.2
884.9165,481.6
885.03333,488.6
885.15015,484.8
885.26703,487.8
885.38385,486.2
885.50067,486.4
885.61749,491.8
885.73438,488.8
885.8512,485.0
885.96802,487.6
886.08478,485.4
886.2016,488.6
886.31842,486.4
886.43524,487.2
886.55206,485.0
886.66882,487.2
886.78564,478.0
886.9024,486.0
887.01923,486.0
887.13599,483.8
887.25275,479.8
887.36951,481.8
887.48633,486.0
887.60309,487.6
887.71985,485.8
887.83661,488.4
887.95337,482.4
888.07007,480.6
888.18683,481.0
888.30359,480.4
888.42035,478.4
888.53705,481.8
888.65381,484.6
888.77051,479.4
888.88721,481.0
889.00397,482.0
889.12067,481.4
889.23737,475.8
889.35406,483.6
889.47083,472.8
889.58752,479.0
889.70416,480.0
889.82086,481.6
889.93756,477.6
890.05426,482.6
890.17096,482.6
890.2876,479.4
890.4043,481.2
890.52094,476.6
890.63763,480.4
890.75427,485.4
890.87091,482.2
890.98761,485.4
891.10425,479.4
891.22089,484.0
891.33752,484.0
891.45416,484.0
891.5708,478.8
891.68744,477.2
891.80408,480.8
891.92065,478.8
892.03729,479.2
892.15393,483.0
892.27051,481.8
892.38715,482.0
892.50372,481.2
892.6203,482.8
892.73694,482.0
892.85352,484.4
892.97009,483.4
893.08667,479.0
893.20325,479.4
893.31982,482.4
893.4364,482.0
893.55298,483.4
893.66956,488.4
893.78607,482.4
893.90265,481.6
894.01917,487.2
894.13574,490.2
894.25226,480.8
894.36884,485.6
894.48535,483.2
894.60187,484.2
894.71838,487.8
894.8349,486.0
894.95148,484.2
895.06793,486.6
895.18445,486.0
895.30096,479.6
895.41748,479.6
895.534,476.8
895.65045,479.2
895.76697,484.8
895.88342,484.0
895.99994,484.4
896.11639,483.6
896.23291,482.8
896.34937,480.4
896.46582,483.6
896.58228,481.6
896.69873,486.6
896.81519,485.0
896.93164,483.8
897.0481,483.8
897.16455,485.6
897.28094,481.0
897.3974,482.4
897.51385,487.4
897.63025,485.4
897.7467,481.2
897.8631,477.6
897.97949,483.0
898.09595,480.4
898.21234,485.2
898.32874,485.4
898.44513,483.2
898.56152,479.6
898.67792,479.8
898.79431,482.8
898.91064,485.8
899.02704,480.8
899.14343,476.8
899.25977,483.8
899.37616,479.6
899.49249,484.2
899.60889,477.8
899.72522,481.8
899.84155,476.6
899.95789,485.6
900.07428,479.0
900.19061,482.0
900.30695,478.0
900.42322,479.2
900.53955,480.2
900.65588,481.4
900.77222,475.4
900.88849,481.0
901.00482,476.8
901.12109,477.0
901.23743,477.6
901.3537,475.8
901.47003,479.4
901.5863,479.2
901.70258,473.4
901.81885,479.4
901.93512,477.8
902.05139,479.2
902.16766,475.8
902.28394,475.8
902.40021,478.0
902.51642,482.0
902.63269,472.8
902.7489,478.4
902.86517,477.4
902.98138,475.8
903.09766,475.8
903.21387,480.8
903.33008,481.0
903.44629,477.4
903.5625,476.2
903.67871,478.6
903.79492,475.8
903.91113,477.2
904.02734,474.8
904.14355,476.4
904.2597,475.6
904.37592,478.8
904.49207,470.0
904.60828,476.8
904.72443,477.6
904.84064,476.0
904.95679,470.0
905.07294,475.4
905.18909,474.8
905.30524,474.8
905.42139,467.0
905.53754,472.4
905.65369,470.2
905.76984,472.0
905.88593,472.4
906.00208,470.8
906.11816,471.8
906.23431,469.0
906.3504,466.8
906.46655,474.8
906.58264,468.6
906.69873,471.2
906.81482,469.8
906.93091,465.0
907.047,468.0
907.16309,472.4
907.27917,468.6
907.39526,469.0
907.51135,469.2
907.62738,470.0
907.74347,472.0
907.8595,469.6
907.97559,471.4
908.09161,472.0
908.2077,471.2
908.32373,475.8
908.43976,468.2
908.55579,463.0
908.67181,466.4
908.78784,469.4
908.90387,469.8
909.0199,470.2
909.13586,470.8
909.25189,469.0
909.36792,468.4
909.48389,472.0
909.59991,468.2
909.71588,471.4
909.83185,475.0
909.94788,467.2
910.06384,469.6
910.17981,466.4
910.29578,468.2
910.41174,475.2
910.52771,467.8
910.64368,469.2
910.75958,468.6
910.87555,470.4
910.99152,471.8
911.10742,471.8
911.22339,470.0
911.33929,472.6
911.4552,466.0
911.57117,468.2
911.68707,470.0
911.80298,471.8
911.91888,473.8
912.03479,469.0
912.1507,472.2
912.2666,470.2
912.38245,467.6
912.49835,469.2
912.61426,471.4
912.7301,468.4
912.84601,471.8
792.4458,644.4
792.56488,636.4
792.68396,639.8
792.8031,635.6
792.92218,618.2
793.04126,610.4
793.16034,612.2
793.27942,613.4
793.3985,599.4
793.51758,590.4
793.63672,589.6
793.7558,590.6
793.87488,591.0
793.9939,582.0
794.11298,581.2
794.23206,573.0
794.35114,572.4
794.47021,564.4
794.58929,563.4
794.70831,561.2
794.82739,558.4
794.94647,559.6
795.06549,561.0
795.18457,555.0
795.30365,554.8
795.42267,543.0
795.54175,550.6
795.66077,544.0
795.77985,543.8
795.89886,543.8
796.01794,550.0
796.13696,540.2
796.25598,544.0
796.375,541.6
796.49408,538.6
796.6131,536.2
796.73212,539.2
796.85114,535.0
796.97015,532.2
797.08923,527.2
797.20825,531.0
797.32727,528.6
797.44629,531.6
797.56531,527.0
797.68427,528.8
797.80328,530.6
797.9223,528.4
798.04132,527.4
798.16034,529.8
798.27936,523.2
798.39832,528.2
798.51733,522.4
798.63635,524.6
798.75531,524.8
798.87433,524.2
798.99329,517.0
799.1123,520.0
799.23126,524.8
799.35028,527.2
799.46924,520.4
799.58826,526.6
799.70721,523.2
799.82617,522.0
799.94519,519.2
800.06415,522.8
800.18311,513.2
800.30206,520.6
800.42102,522.8
800.54004,518.0
800.659,520.8
800.77795,521.0
800.89691,520.2
801.01587,522.6
801.13483,519.4
801.25372,526.2
801.37268,522.4
801.49164,518.6
801.6106,522.8
801.72955,519.4
801.84845,523.6
801.96741,520.2
802.08636,522.2
802.20526,522.4
802.32422,523.0
802.44318,527.0
802.56207,521.2
802.68103,517.6
802.79993,520.2
802.91882,519.6
803.03778,520.4
803.15668,523.6
803.27557,525.4
803.39453,518.4
803.51343,524.0
803.63232,521.8
803.75122,522.0
803.87012,516.4
803.98907,522.6
804.10797,525.0
804.22687,526.6
804.34576,522.8
804.46466,524.6
804.58356,525.8
804.70239,520.4
804.82129,525.6
804.94019,526.0
805.05908,524.8
805.17798,531.4
805.29681,525.8
805.41571,526.8
805.53461,525.4
805.65344,522.8
805.77234,529.2
805.89117,518.4
806.01007,532.8
806.12891,520.4
806.2478,531.6
806.36664,524.4
806.48547,525.8
806.60437,526.6
806.72321,529.0
806.84204,529.6
806.96088,525.0
807.07971,526.6
807.19861,533.0
807.31744,529.4
807.43628,523.0
807.55511,529.6
807.67395,526.6
807.79279,527.8
807.91162,532.4
808.0304,527.2
808.14923,530.6
808.26807,531.4
808.3869,536.6
808.50568,533.6
808.62451,534.0
808.74335,533.2
808.86212,529.4
808.98096,536.6
809.09979,529.4
809.21857,531.2
809.33734,531.6
809.45618,530.4
809.57495,541.8
809.69379,533.6
809.81256,536.8
809.93134,536.4
810.05011,533.8
810.16895,526.6
810.28772,535.8
810.40649,534.8
810.52527,543.2
810.64404,534.4
810.76282,538.0
810.88159,533.0
811.00037,542.0
811.11914,531.8
811.23792,532.0
811.35663,532.6
811.4754,536.8
811.59418,534.6
811.71295,539.4
811.83167,535.6
811.95044,536.6
812.06921,537.0
812.18793,541.0
812.3067,542.6
812.42542,537.4
812.54419,533.4
812.6629,535.6
812.78162,533.6
812.90039,529.0
813.0191,532.6
813.13782,533.8
813.25653,534.2
813.37524,532.8
813.49402,532.4
813.61273,540.2
813.73145,533.6
813.85016,540.0
813.96887,534.8
814.08759,536.0
814.2063,535.8
814.32495,536.4
814.44366,530.2
814.56238,530.4
814.68109,527.8
814.79974,530.0
814.91846,528.4
815.03717,531.8
815.15582,531.8
815.27454,528.2
815.39319,524.8
815.5119,522.8
815.63055,524.6
815.74927,527.6
815.86792,522.8
815.98657,529.4
816.10529,532.8
816.22394,530.6
816.34259,527.8
816.46124,540.4
816.5799,531.0
816.69855,532.6
816.8172,529.6
816.93585,531.4
817.0545,531.0
817.17316,523.4
817.29181,523.0
817.41046,519.4
817.52911,520.0
817.64771,520.4
817.76636,508.8
817.88501,517.0
818.0036,514.4
818.12225,514.4
818.24091,511.8
818.3595,507.8
818.47815,506.8
818.59674,511.6
818.71533,502.4
818.83398,501.4
818.95258,503.0
819.07117,498.2
819.18976,502.4
819.30841,501.2
819.427,502.6
819.54559,501.6
819.66418,500.0
819.78278,505.0
819.90137,500.8
820.01996,502.2
820.13855,493.0
820.25714,501.6
820.37573,497.0
820.49426,494.0
820.61285,495.8
820.73145,490.6
820.84998,496.4
820.96857,489.8
821.08716,492.4
821.20569,494.8
821.32428,491.6
821.44281,493.2
821.56134,496.4
821.67993,490.2
821.79846,491.4
821.91699,492.8
822.03558,492.6
822.15411,493.8
822.27264,495.8
822.39117,491.6
822.5097,489.6
822.62823,492.0
822.74677,488.8
822.8653,493.2
822.98383,494.8
823.10236,493.2
823.22089,493.8
823.33942,490.2
823.45789,490.4
823.57642,497.2
823.69495,491.2
823.81342,493.4
823.93195,488.6
824.05042,488.4
824.16895,486.4
824.28741,494.4
824.40594,492.4
824.52441,491.0
824.64288,489.2
824.76141,487.8
824.87988,490.0
824.99835,494.2
825.11682,489.0
825.23529,490.0
825.35376,490.0
825.47223,486.4
825.5907,485.2
825.70917,486.4
825.82764,490.2
825.94611,485.4
826.06458,481.8
826.18304,481.6
826.30145,487.8
826.41992,484.0
826.53839,486.0
826.6568,482.6
826.77527,485.2
826.89368,485.6
827.01215,487.0
827.13055,485.8
827.24902,479.6
827.36743,484.0
827.48584,483.4
827.60431,489.2
827.72272,483.2
827.84113,482.0
827.95953,481.8
828.07794,478.2
828.19635,482.4
828.31476,476.8
828.43317,481.0
828.55157,486.8
828.66998,480.6
828.78839,482.2
828.90674,480.2
829.02515,480.6
829.14355,485.2
829.2619,477.8
829.38031,475.8
829.49872,482.6
829.61707,476.8
829.73547,476.6
829.85382,482.2
829.97217,481.8
830.09058,481.6
830.20892,481.6
830.32727,485.2
830.44562,482.2
830.56403,482.6
830.68237,482.8
830.80072,479.2
830.91907,483.0
831.03741,479.4
831.15576,482.6
831.27411,480.6
831.3924,481.0
831.51074,480.6
831.62909,481.4
831.74744,480.2
831.86572,482.2
831.98407,481.0
832.10242,482.0
832.2207,482.0
832.33905,479.8
832.45734,482.2
832.57562,477.8
832.69397,478.4
832.81226,484.8
832.93054,480.6
833.04889,484.2
833.16718,475.6
833.28546,482.2
833.40375,486.0
833.52203,484.6
833.64032,476.6
833.75861,486.2
833.87689,483.2
833.99518,487.2
834.1134,486.4
834.23169,487.2
834.34998,485.0
834.46826,490.0
834.58649,487.2
834.70477,490.2
834.823,485.2
834.94128,486.6
835.05951,486.4
835.1778,490.0
835.29602,485.0
835.41425,483.8
835.53253,480.6
835.65076,485.0
835.76898,486.0
835.88721,484.6
836.00543,485.0
836.12366,487.6
836.24188,481.0
836.36011,489.0
836.47833,487.2
836.59656,490.6
836.71478,487.6
836.83295,491.0
836.95117,482.0
837.0694,485.2
837.18756,486.2
837.30579,484.6
837.42401,484.8
837.54218,486.6
837.66034,486.8
837.77856,491.4
837.89673,486.8
838.01489,487.0
838.13312,488.2
838.25128,485.6
838.36945,487.2
838.48761,483.0
838.60577,484.2
838.72394,488.8
838.8421,483.6
838.96027,485.6
839.07843,481.6
839.19659,485.0
839.31476,485.6
839.43286,485.8
839.55103,486.8
839.66919,486.2
839.78729,487.4
839.90546,485.8
840.02356,481.6
840.14172,485.8
840.25983,486.2
840.37793,482.0
840.49609,481.2
840.6142,487.0
840.7323,480.0
840.8504,480.6
840.96851,478.4
841.08661,479.4
841.20471,479.0
841.32281,486.4
841.44092,480.0
841.55902,486.2
841.67712,477.0
841.79523,480.6
841.91327,479.6
842.03137,481.4
842.14948,481.4
842.26752,478.2
842.38562,475.6
842.50366,481.6
842.62177,476.4
842.73981,483.8
842.85791,478.8
842.97595,483.0
843.09399,486.0
843.21204,481.0
843.33008,483.6
843.44818,475.6
843.56622,475.2
843.68427,480.6
843.80231,479.4
843.92029,481.0
844.03833,483.4
844.15637,475.4
844.27441,478.6
844.39246,483.4
844.51044,485.6
844.62848,479.4
844.74646,481.4
844.8645,479.6
844.98248,477.8
845.10052,475.4
845.21851,477.8
845.33649,476.4
845.45453,479.6
845.57251,477.0
845.69049,478.2
845.80847,476.8
845.92645,480.2
846.04443,476.8
846.16241,480.0
846.2804,481.0
846.39838,481.4
846.51636,479.4
846.63434,481.8
846.75226,477.0
846.87024,478.2
846.98822,482.2
847.10614,474.8
847.22412,481.0
847.34204,483.6
847.46002,479.8
847.57794,478.2
847.69586,482.8
847.81384,477.0
847.93176,482.6
848.04968,478.2
848.1676,487.0
848.28552,479.0
848.40344,479.6
848.52136,476.6
848.63928,480.4
848.7572,478.2
848.87512,479.2
848.99304,480.4
849.1109,481.2
849.22882,476.4
849.34674,475.2
849.4646,480.0
849.58252,479.4
849.70038,474.6
849.8183,476.8
849.93616,481.4
850.05402,487.2
850.17194,484.6
850.28979,479.8
850.40765,480.8
850.52551,483.2
850.64337,481.0
850.76123,483.8
850.87909,483.2
850.99695,482.8
851.11481,486.2
851.23267,481.2
851.35046,491.0
851.46832,485.6
851.58618,490.2
851.70398,492.4
851.82184,489.8
851.93964,490.8
852.0575,492.2
852.17529,494.8
852.29315,491.0
852.41095,488.2
852.52875,489.0
852.64655,485.8
852.7644,484.2
852.8822,481.2
853.0,489.0
853.1178,488.6
853.2356,481.0
853.35333,485.4
853.47113,485.4
853.58893,479.0
853.70673,479.4
853.82446,484.2
853.94226,487.0
854.06006,485.2
854.1778,481.4
854.29559,483.2
854.41333,482.2
854.53107,489.4
854.64886,483.0
854.7666,483.8
854.88434,483.0
855.00208,484.8
855.11981,485.2
855.23761,484.8
855.35535,487.6
855.47302,488.4
855.59076,482.4
855.7085,482.2
855.82623,481.2
855.94397,485.0
856.06165,480.6
856.17938,485.2
856.29712,487.2
856.41479,483.4
856.53253,482.4
856.65021,483.6
856.76788,478.4
856.88562,480.8
857.0033,478.2
857.12097,482.0
857.23865,482.2
857.35632,481.2
857.474,481.0
857.59167,475.8
857.70935,484.8
857.82703,484.8
857.9447,480.4
858.06238,482.8
858.18005,483.6
858.29767,480.8
858.41534,479.6
858.53296,481.2
858.65063,482.0
858.76825,480.2
858.88593,481.6
859.00354,482.8
859.12115,477.4
859.23883,480.8
859.35645,481.0
859.47406,481.6
859.59167,481.8
859.70929,480.4
859.8269,480.0
859.94452,475.0
860.06213,481.2
860.17975,477.6
860.29736,481.2
860.41492,475.8
860.53253,474.6
860.65009,477.2
860.7677,472.2
860.88525,477.8
861.00287,478.0
861.12042,476.8
861.23804,479.0
861.35559,480.6
861.47314,476.6
861.5907,480.0
861.70825,475.6
861.82581,479.0
861.94336,476.2
862.06091,477.4
862.17847,481.4
862.29602,478.8
862.41357,475.6
862.53113,477.6
862.64862,475.8
862.76617,476.6
862.88367,476.2
863.00122,477.6
863.11871,480.8
863.23627,480.2
863.35376,477.4
863.47125,476.0
863.58881,475.2
863.7063,482.4
863.82379,474.2
863.94128,478.2
864.05878,481.0
864.17627,480.2
864.29376,480.4
864.41125,481.8
864.52869,474.8
864.64618,479.6
864.76367,476.6
864.8811,476.8
864.9986,475.4
865.11609,479.2
865.23352,475.4
865.35095,476.2
865.46844,477.0
865.58588,474.2
865.70331,476.8
865.82074,478.4
865.93823,477.4
866.05566,474.0
866.1731,476.2
866.29053,474.6
866.4079,479.2
866.52533,477.0
866.64276,478.0
866.76019,471.6
866.87756,475.8
866.995,479.8
867.11243,475.6
867.2298,479.6
867.34723,478.8
867.4646,479.8
867.58197,478.6
867.6994,482.8
867.81677,479.4
867.93414,474.4
868.05151,477.8
868.16888,477.6
868.28625,477.8
868.40363,482.0
868.521,482.8
868.63837,483.6
868.75568,482.2
868.87305,479.6
868.99042,480.2
869.10773,479.0
869.2251,474.6
869.34241,481.0
869.45978,477.6
869.57709,478.0
869.69446,479.8
869.81177,480.6
869.92908,478.0
870.04639,482.4
870.1637,474.4
870.28101,478.2
870.39832,478.6
870.51563,481.8
870.63293,482.4
870.75024,478.6
870.86749,477.0
870.9848,473.4
871.10211,479.2
871.21936,483.0
871.33667,481.8
871.45392,481.6
871.57123,476.0
871.68848,477.6
871.80573,476.8
871.92297,478.4
872.04028,474.6
872.15753,480.2
872.27478,481.0
872.39203,478.0
872.50928,477.0
872.62646,479.8
872.74371,479.4
872.86096,476.0
872.97821,478.8
873.0954,477.8
873.21265,474.4
873.32983,475.8
873.44708,477.8
873.56427,482.2
873.68152,476.2
873.79871,475.8
873.91589,474.0
874.03308,477.2
874.15027,476.0
874.26746,476.0
874.38464,478.0
874.50183,478.2
874.61902,482.4
874.73621,477.2
874.85339,478.0
874.97052,476.8
875.08771,475.2
875.2049,475.6
875.32202,472.2
875.43921,475.8
875.55634,478.2
875.67346,481.6
875.79065,475.4
875.90778,484.2
876.0249,477.8
876.14203,475.0
876.25916,478.6
876.37628,480.0
876.49341,483.0
876.61053,479.0
876.72766,477.0
876.84473,482.0
876.96185,478.4
877.07898,476.4
877.19604,476.8
877.31317,481.4
877.43024,480.2
877.54736,477.2
877.66443,473.8
877.78149,479.4
877.89856,478.8
878.01569,479.4
878.13275,477.6
878.24982,480.0
878.36688,481.8
878.48395,473.6
878.60095,476.4
878.71802,477.4
878.83508,477.6
878.95215,476.8
879.06915,477.8
879.18622,475.6
879.30322,475.4
879.42029,475.0
879.53729,482.4
879.6543,476.0
879.77136,472.0
879.88837,476.8
880.00537,481.2
880.12238,477.4
880.23938,476.8
880.35638,480.4
880.47339,475.4
880.59039,476.2
880.70734,478.8
880.82434,480.8
880.94135,478.2
881.05829,479.2
881.17529,475.6
881.29224,477.2
881.40924,478.2
881.52618,477.4
881.64313,474.8
881.76007,477.6
881.87701,478.6
881.99402,479.0
882.11096,479.0
882.22791,474.8
882.34479,477.2
882.46173,477.8
882.57867,473.8
882.69562,479.8
882.8125,478.8
882.92944,480.2
883.04639,480.6
883.16327,478.0
883.28015,479.0
883.39709,475.6
883.51398,483.2
883.63086,480.4
883.74774,478.4
883.86462,482.2
883.98157,477.6
884.09839,479.2
884.21527,477.2
884.33215,479.4
884.44904,477.2
884.56592,478.0
884.68274,475.8
884.79962,480.4
884.9165,475.2
885.03333,481.8
885.15015,475.6
885.26703,487.0
885.38385,480.0
885.50067,482.0
885.61749,482.8
885.73438,481.8
885.8512,485.2
885.96802,482.8
886.08478,482.2
886.2016,482.0
886.31842,482.6
886.43524,479.6
886.55206,475.8
886.66882,485.6
886.78564,478.2
886.9024,482.6
887.01923,478.6
887.13599,487.2
887.25275,480.2
887.36951,483.6
887.48633,479.6
887.60309,480.8
887.71985,483.8
887.83661,482.4
887.95337,478.6
888.07007,471.8
888.18683,481.8
888.30359,483.6
888.42035,474.0
888.53705,475.6
888.65381,476.4
888.77051,474.2
888.88721,479.2
889.00397,477.2
889.12067,473.4
889.23737,476.0
889.35406,477.8
889.47083,481.0
889.58752,475.8
889.70416,481.4
889.82086,478.8
889.93756,480.0
890.05426,480.2
890.17096,479.6
890.2876,480.0
890.4043,478.4
890.52094,476.4
890.63763,475.0
890.75427,480.2
890.87091,481.4
890.98761,475.8
891.10425,478.0
891.22089,478.0
891.33752,478.0
891.45416,476.2
891.5708,474.8
891.68744,478.0
891.80408,477.2
891.92065,477.2
892.03729,479.8
892.15393,479.2
892.27051,476.6
892.38715,479.8
892.50372,477.2
892.6203,480.6
892.73694,484.0
892.85352,481.4
892.97009,477.6
893.08667,482.8
893.20325,481.6
893.31982,484.8
893.4364,485.8
893.55298,479.2
893.66956,480.2
893.78607,482.4
893.90265,483.2
894.01917,485.2
894.13574,484.6
894.25226,485.6
894.36884,485.6
894.48535,483.4
894.60187,480.4
894.71838,482.6
894.8349,484.0
894.95148,481.0
895.06793,482.6
895.18445,484.6
895.30096,475.0
895.41748,480.6
895.534,479.0
895.65045,477.0
895.76697,481.6
895.88342,480.8
895.99994,479.6
896.11639,481.8
896.23291,481.8
896.34937,478.6
896.46582,483.4
896.58228,481.2
896.69873,484.6
896.81519,478.0
896.93164,479.8
897.0481,482.8
897.16455,484.4
897.28094,480.4
897.3974,475.8
897.51385,478.8
897.63025,480.4
897.7467,482.8
897.8631,478.6
897.97949,477.6
898.09595,478.2
898.21234,477.4
898.32874,480.0
898.44513,487.4
898.56152,482.4
898.67792,477.4
898.79431,479.0
898.91064,482.4
899.02704,474.8
899.14343,478.6
899.25977,480.0
899.37616,479.4
899.49249,473.2
899.60889,478.2
899.72522,474.8
899.84155,477.2
899.95789,476.8
900.07428,476.4
900.19061,475.8
900.30695,479.0
900.42322,476.6
900.53955,477.0
900.65588,476.0
900.77222,476.8
900.88849,480.8
901.00482,471.2
901.12109,477.4
901.23743,470.4
901.3537,473.6
901.47003,472.0
901.5863,478.8
901.70258,478.0
901.81885,475.8
901.93512,474.0
902.05139,476.8
902.16766,475.2
902.28394,472.2
902.40021,475.4
902.51642,477.2
902.63269,474.0
902.7489,476.0
902.86517,474.0
902.98138,471.2
903.09766,475.4
903.21387,478.8
903.33008,476.6
903.44629,471.2
903.5625,472.8
903.67871,471.6
903.79492,475.8
903.91113,474.8
904.02734,475.2
904.14355,474.4
904.2597,475.2
904.37592,476.2
904.49207,474.8
904.60828,470.0
904.72443,471.0
904.84064,471.8
904.95679,470.0
905.07294,472.2
905.18909,467.8
905.30524,469.8
905.42139,471.6
905.53754,472.6
905.65369,465.2
905.76984,467.4
905.88593,466.8
906.00208,472.0
906.11816,467.4
906.23431,468.2
906.3504,467.8
906.46655,469.4
906.58264,468.2
906.69873,473.0
906.81482,463.4
906.93091,468.8
907.047,469.8
907.16309,470.4
907.27917,470.4
907.39526,473.8
907.51135,467.6
907.62738,465.8
907.74347,467.6
907.8595,466.4
907.97559,471.0
908.09161,471.4
908.2077,469.2
908.32373,472.2
908.43976,468.4
908.55579,466.0
908.67181,473.8
908.78784,470.2
908.90387,468.0
909.0199,470.8
909.13586,470.8
909.25189,468.8
909.36792,471.2
909.48389,471.4
909.59991,469.2
909.71588,468.8
909.83185,477.8
909.94788,472.8
910.06384,469.0
910.17981,469.6
910.29578,471.6
910.41174,466.2
910.52771,468.8
910.64368,468.4
910.75958,472.4
910.87555,470.2
910.99152,468.4
911.10742,470.4
911.22339,476.2
911.33929,469.4
911.4552,474.0
911.57117,461.4
911.68707,470.6
911.80298,470.6
911.91888,466.0
912.03479,467.2
912.1507,475.2
912.2666,473.0
912.38245,471.0
912.49835,465.8
912.61426,471.6
912.7301,469.8
912.84601,466.8
792.4458,566.4
792.56488,570.2
792.68396,573.6
792.8031,572.2
792.92218,557.0
793.04126,557.0
793.16034,560.8
793.27942,559.2
793.3985,552.6
793.51758,546.4
793.63672,541.0
793.7558,544.2
793.87488,550.0
793.9939,543.4
794.11298,542.0
794.23206,540.6
794.35114,533.4
794.47021,533.6
794.58929,530.6
794.70831,532.4
794.82739,532.6
794.94647,530.2
795.06549,530.0
795.18457,530.6
795.30365,529.4
795.42267,522.0
795.54175,523.8
795.66077,521.8
795.77985,520.2
795.89886,519.0
796.01794,522.4
796.13696,519.2
796.25598,524.2
796.375,517.4
796.49408,523.0
796.6131,518.2
796.73212,523.8
796.85114,515.4
796.97015,517.2
797.08923,515.0
797.20825,516.6
797.32727,514.6
797.44629,517.4
797.56531,518.4
797.68427,517.8
797.80328,514.6
797.9223,513.4
798.04132,517.6
798.16034,511.2
798.27936,510.4
798.39832,513.4
798.51733,511.2
798.63635,512.6
798.75531,513.4
798.87433,508.4
798.99329,508.0
799.1123,510.8
799.23126,511.4
799.35028,517.8
799.46924,514.4
799.58826,515.2
799.70721,516.4
799.82617,515.4
799.94519,509.6
800.06415,513.4
800.18311,509.8
800.30206,513.8
800.42102,513.8
800.54004,513.0
800.659,510.2
800.77795,517.4
800.89691,510.2
801.01587,516.8
801.13483,515.2
801.25372,516.4
801.37268,512.6
801.49164,514.6
801.6106,515.4
801.72955,519.6
801.84845,517.4
801.96741,518.8
802.08636,518.0
802.20526,520.6
802.32422,512.4
802.44318,522.0
802.56207,512.8
802.68103,517.6
802.79993,520.4
802.91882,521.6
803.03778,516.6
803.15668,518.8
803.27557,521.4
803.39453,517.8
803.51343,521.2
803.63232,525.4
803.75122,518.4
803.87012,521.0
803.98907,517.8
804.10797,519.6
804.22687,520.6
804.34576,522.6
804.46466,517.6
804.58356,527.0
804.70239,518.6
804.82129,518.0
804.94019,520.2
805.05908,521.6
805.17798,523.4
805.29681,524.4
805.41571,527.8
805.53461,527.0
805.65344,526.0
805.77234,530.2
805.89117,529.0
806.01007,525.0
806.12891,527.6
806.2478,526.4
806.36664,527.4
806.48547,529.0
806.60437,524.8
806.72321,525.6
806.84204,528.6
806.96088,527.8
807.07971,531.0
807.19861,526.0
807.31744,527.0
807.43628,531.6
807.55511,528.4
807.67395,529.6
807.79279,534.0
807.91162,528.4
808.0304,532.0
808.14923,531.4
808.26807,534.4
808.3869,532.6
808.50568,535.4
808.62451,534.0
808.74335,532.0
808.86212,532.4
808.98096,532.2
809.09979,538.2
809.21857,532.8
809.33734,534.4
809.45618,536.4
809.57495,535.0
809.69379,534.0
809.81256,537.2
809.93134,533.4
810.05011,536.8
810.16895,532.2
810.28772,532.8
810.40649,542.2
810.52527,539.4
810.64404,536.2
810.76282,541.8
810.88159,542.6
811.00037,534.2
811.11914,531.0
811.23792,535.4
811.35663,537.2
811.4754,539.0
811.59418,533.6
811.71295,542.8
811.83167,530.6
811.95044,533.6
812.06921,536.4
812.18793,537.2
812.3067,533.4
812.42542,533.2
812.54419,530.2
812.6629,541.2
812.78162,534.4
812.90039,534.4
813.0191,534.2
813.13782,538.4
813.25653,532.6
813.37524,532.4
813.49402,533.0
813.61273,541.2
813.73145,538.4
813.85016,532.6
813.96887,537.2
814.08759,536.8
814.2063,534.0
814.32495,532.2
814.44366,532.2
814.56238,532.0
814.68109,531.0
814.79974,536.2
814.91846,530.2
815.03717,531.0
815.15582,528.6
815.27454,532.6
815.39319,528.6
815.5119,531.4
815.63055,526.0
815.74927,530.4
815.86792,527.4
815.98657,529.6
816.10529,525.6
816.22394,531.0
816.34259,527.2
816.46124,532.2
816.5799,533.0
816.69855,533.0
816.8172,533.0
816.93585,525.6
817.0545,530.2
817.17316,523.2
817.29181,516.8
817.41046,520.4
817.52911,511.8
817.64771,516.2
817.76636,512.4
817.88501,508.6
818.0036,507.0
818.12225,511.0
818.24091,500.2
818.3595,496.6
818.47815,499.0
818.59674,505.6
818.71533,503.8
818.83398,501.2
818.95258,498.0
819.07117,496.0
819.18976,489.2
819.30841,494.6
819.427,495.2
819.54559,497.6
819.66418,491.0
819.78278,493.8
819.90137,492.4
820.01996,491.4
820.13855,486.6
820.25714,493.8
820.37573,488.6
820.49426,490.2
820.61285,488.8
820.73145,489.8
820.84998,486.4
820.96857,491.8
821.08716,488.0
821.20569,490.6
821.32428,484.6
821.44281,484.4
821.56134,486.2
821.67993,484.2
821.79846,482.0
821.91699,486.0
822.03558,483.4
822.15411,488.4
822.27264,484.2
822.39117,484.6
822.5097,484.2
822.62823,487.6
822.74677,485.0
822.8653,488.8
822.98383,490.8
823.10236,490.0
823.22089,481.6
823.33942,484.6
823.45789,489.4
823.57642,485.8
823.69495,485.2
823.81342,481.6
823.93195,483.4
824.05042,486.4
824.16895,482.8
824.28741,491.0
824.40594,483.4
824.52441,488.0
824.64288,483.0
824.76141,487.6
824.87988,478.6
824.99835,484.4
825.11682,479.0
825.23529,485.2
825.35376,483.4
825.47223,477.2
825.5907,477.8
825.70917,480.6
825.82764,478.8
825.94611,478.0
826.06458,478.4
826.18304,480.0
826.30145,480.6
826.41992,484.2
826.53839,472.4
826.6568,477.6
826.77527,477.8
826.89368,476.2
827.01215,478.0
827.13055,478.6
827.24902,472.0
827.36743,482.2
827.48584,475.2
827.60431,475.4
827.72272,473.0
827.84113,473.0
827.95953,473.2
828.07794,473.0
828.19635,476.4
828.31476,470.0
828.43317,475.2
828.55157,475.2
828.66998,475.6
828.78839,480.6
828.90674,476.4
829.02515,477.6
829.14355,479.2
829.2619,478.2
829.38031,472.4
829.49872,475.4
829.61707,471.6
829.73547,472.4
829.85382,468.6
829.97217,477.2
830.09058,469.4
830.20892,469.6
830.32727,472.4
830.44562,467.6
830.56403,470.0
830.68237,478.0
830.80072,476.6
830.91907,473.4
831.03741,472.8
831.15576,478.6
831.27411,474.8
831.3924,477.0
831.51074,481.4
831.62909,476.0
831.74744,475.2
831.86572,476.0
831.98407,474.6
832.10242,476.6
832.2207,472.4
832.33905,478.6
832.45734,474.0
832.57562,473.4
832.69397,472.2
832.81226,473.6
832.93054,472.0
833.04889,482.0
833.16718,471.4
833.28546,474.4
833.40375,475.6
833.52203,479.4
833.64032,468.4
833.75861,474.4
833.87689,476.4
833.99518,477.4
834.1134,476.2
834.23169,475.0
834.34998,476.0
834.46826,476.2
834.58649,472.6
834.70477,479.0
834.823,474.6
834.94128,480.8
835.05951,473.6
835.1778,474.4
835.29602,474.6
835.41425,474.6
835.53253,475.6
835.65076,480.2
835.76898,474.0
835.88721,480.4
836.00543,486.4
836.12366,479.8
836.24188,477.2
836.36011,479.8
836.47833,479.6
836.59656,480.2
836.71478,479.2
836.83295,478.2
836.95117,477.4
837.0694,483.6
837.18756,480.6
837.30579,480.0
837.42401,479.6
837.54218,479.2
837.66034,476.2
837.77856,488.6
837.89673,479.0
838.01489,481.6
838.13312,477.0
838.25128,481.6
838.36945,478.6
838.48761,480.2
838.60577,473.4
838.72394,481.2
838.8421,482.2
838.96027,478.8
839.07843,484.2
839.19659,476.2
839.31476,479.0
839.43286,480.8
839.55103,478.2
839.66919,480.8
839.78729,477.2
839.90546,477.0
840.02356,475.8
840.14172,479.4
840.25983,471.0
840.37793,477.8
840.49609,479.2
840.6142,474.0
840.7323,473.4
840.8504,475.6
840.96851,474.8
841.08661,476.8
841.20471,478.0
841.32281,478.6
841.44092,470.4
841.55902,475.2
841.67712,473.2
841.79523,476.2
841.91327,472.8
842.03137,478.2
842.14948,474.8
842.26752,476.0
842.38562,473.4
842.50366,470.8
842.62177,471.0
842.73981,471.4
842.85791,470.2
842.97595,473.4
843.09399,473.2
843.21204,471.2
843.33008,475.4
843.44818,471.6
843.56622,470.4
843.68427,470.8
843.80231,471.4
843.92029,473.2
844.03833,475.2
844.15637,467.2
844.27441,474.0
844.39246,471.0
844.51044,471.0
844.62848,469.4
844.74646,474.4
844.8645,471.0
844.98248,470.0
845.10052,471.6
845.21851,475.4
845.33649,470.8
845.45453,473.0
845.57251,476.8
845.69049,469.0
845.80847,469.2
845.92645,472.2
846.04443,469.2
846.16241,472.8
846.2804,477.8
846.39838,473.2
846.51636,472.6
846.63434,473.2
846.75226,470.8
846.87024,472.2
846.98822,475.0
847.10614,472.4
847.22412,475.6
847.34204,470.4
847.46002,476.4
847.57794,470.0
847.69586,472.8
847.81384,468.6
847.93176,473.4
848.04968,468.4
848.1676,469.4
848.28552,471.8
848.40344,471.4
848.52136,468.8
848.63928,473.6
848.7572,471.4
848.87512,476.0
848.99304,471.4
849.1109,472.6
849.22882,471.4
849.34674,470.0
849.4646,468.2
849.58252,468.0
849.70038,469.8
849.8183,471.8
849.93616,473.2
850.05402,476.2
850.17194,471.6
850.28979,472.6
850.40765,470.8
850.52551,471.2
850.64337,470.4
850.76123,472.4
850.87909,471.2
850.99695,473.4
851.11481,477.0
851.23267,472.4
851.35046,476.4
851.46832,476.0
851.58618,476.8
851.70398,481.6
851.82184,477.0
851.93964,477.4
852.0575,477.8
852.17529,483.0
852.29315,477.8
852.41095,478.0
852.52875,476.0
852.64655,476.4
852.7644,475.2
852.8822,480.2
853.0,474.4
853.1178,478.4
853.2356,479.8
853.35333,477.8
853.47113,472.6
853.58893,474.6
853.70673,477.2
853.82446,476.4
853.94226,478.6
854.06006,475.4
854.1778,473.6
854.29559,478.4
854.41333,474.0
854.53107,474.0
854.64886,475.4
854.7666,478.0
854.88434,475.2
855.00208,477.6
855.11981,478.0
855.23761,476.2
855.35535,479.8
855.47302,480.4
855.59076,472.4
855.7085,478.4
855.82623,473.2
855.94397,480.4
856.06165,479.0
856.17938,481.0
856.29712,477.6
856.41479,473.4
856.53253,476.2
856.65021,474.8
856.76788,474.0
856.88562,479.8
857.0033,475.6
857.12097,482.4
857.23865,471.0
857.35632,474.0
857.474,475.2
857.59167,473.8
857.70935,473.6
857.82703,472.4
857.9447,473.0
858.06238,472.2
858.18005,473.4
858.29767,475.6
858.41534,472.0
858.53296,477.6
858.65063,473.6
858.76825,474.8
858.88593,477.2
859.00354,473.8
859.12115,472.2
859.23883,474.0
859.35645,474.6
859.47406,475.6
859.59167,471.2
859.70929,475.4
859.8269,473.2
859.94452,473.0
860.06213,477.2
860.17975,476.6
860.29736,477.0
860.41492,464.8
860.53253,471.0
860.65009,472.8
860.7677,470.4
860.88525,471.4
861.00287,470.4
861.12042,469.8
861.23804,475.8
861.35559,473.4
861.47314,473.2
861.5907,473.0
861.70825,469.6
861.82581,474.4
861.94336,466.2
862.06091,470.4
862.17847,470.2
862.29602,471.6
862.41357,473.8
862.53113,474.6
862.64862,473.6
862.76617,469.8
862.88367,471.0
863.00122,475.2
863.11871,473.8
863.23627,474.6
863.35376,474.0
863.47125,473.0
863.58881,464.8
863.7063,476.0
863.82379,473.2
863.94128,473.0
864.05878,472.6
864.17627,475.6
864.29376,471.2
864.41125,475.2
864.52869,471.8
864.64618,471.4
864.76367,472.4
864.8811,477.0
864.9986,469.8
865.11609,471.2
865.23352,464.4
865.35095,471.2
865.46844,473.2
865.58588,474.2
865.70331,473.2
865.82074,474.4
865.93823,472.4
866.05566,471.2
866.1731,474.4
866.29053,473.0
866.4079,472.8
866.52533,474.6
866.64276,467.8
866.76019,474.6
866.87756,470.6
866.995,471.8
867.11243,470.0
867.2298,471.2
867.34723,472.0
867.4646,474.6
867.58197,470.4
867.6994,471.0
867.81677,475.2
867.93414,471.4
868.05151,473.0
868.16888,474.2
868.28625,469.2
868.40363,478.0
868.521,468.8
868.63837,469.8
868.75568,470.8
868.87305,475.2
868.99042,472.6
869.10773,474.4
869.2251,471.4
869.34241,472.8
869.45978,472.0
869.57709,473.0
869.69446,470.6
869.81177,475.8
869.92908,471.6
870.04639,476.2
870.1637,465.6
870.28101,477.4
870.39832,470.8
870.51563,474.8
870.63293,471.4
870.75024,475.0
870.86749,471.4
870.9848,470.0
871.10211,470.0
871.21936,473.4
871.33667,472.2
871.45392,473.4
871.57123,469.4
871.68848,470.2
871.80573,469.8
871.92297,474.8
872.04028,470.8
872.15753,475.2
872.27478,471.0
872.39203,469.4
872.50928,470.6
872.62646,475.6
872.74371,467.0
872.86096,471.4
872.97821,470.2
873.0954,472.4
873.21265,470.6
873.32983,470.6
873.44708,472.2
873.56427,470.0
873.68152,471.6
873.79871,473.0
873.91589,468.6
874.03308,474.8
874.15027,471.2
874.26746,468.6
874.38464,470.4
874.50183,474.2
874.61902,473.0
874.73621,476.2
874.85339,470.0
874.97052,469.6
875.08771,467.2
875.2049,468.6
875.32202,469.4
875.43921,475.6
875.55634,470.0
875.67346,477.8
875.79065,472.2
875.90778,476.6
876.0249,472.8
876.14203,470.6
876.25916,467.4
876.37628,473.8
876.49341,471.6
876.61053,475.6
876.72766,473.2
876.84473,479.6
876.96185,472.8
877.07898,472.4
877.19604,477.4
877.31317,476.8
877.43024,467.2
877.54736,474.6
877.66443,472.0
877.78149,468.4
877.89856,472.4
878.01569,473.6
878.13275,470.2
878.24982,475.4
878.36688,474.0
878.48395,470.8
878.60095,468.0
878.71802,471.2
878.83508,473.6
878.95215,473.4
879.06915,474.4
879.18622,478.0
879.30322,471.2
879.42029,470.6
879.53729,480.0
879.6543,472.4
879.77136,470.6
879.88837,475.2
880.00537,473.2
880.12238,472.6
880.23938,470.4
880.35638,472.0
880.47339,466.0
880.59039,474.6
880.70734,479.8
880.82434,475.0
880.94135,474.4
881.05829,472.4
881.17529,471.4
881.29224,475.8
881.40924,468.8
881.52618,471.4
881.64313,474.8
881.76007,477.4
881.87701,474.6
881.99402,473.6
882.11096,475.0
882.22791,470.0
882.34479,468.8
882.46173,476.6
882.57867,472.0
882.69562,472.8
882.8125,474.0
882.92944,475.4
883.04639,472.4
883.16327,474.2
883.28015,475.8
883.39709,476.6
883.51398,473.6
883.63086,474.6
883.74774,475.6
883.86462,478.8
883.98157,470.6
884.09839,474.6
884.21527,472.0
884.33215,477.0
884.44904,470.2
884.56592,477.2
884.68274,473.0
884.79962,474.8
884.9165,476.0
885.03333,474.8
885.15015,470.8
885.26703,475.6
885.38385,474.2
885.50067,471.0
885.61749,478.2
885.73438,476.4
885.8512,479.8
885.96802,475.6
886.08478,476.4
886.2016,471.8
886.31842,476.4
886.43524,475.2
886.55206,476.0
886.66882,477.2
886.78564,475.4
886.9024,476.0
887.01923,475.4
887.13599,476.4
887.25275,474.4
887.36951,478.8
887.48633,475.0
887.60309,481.0
887.71985,475.0
887.83661,475.4
887.95337,473.8
888.07007,472.4
888.18683,471.4
888.30359,478.4
888.42035,474.0
888.53705,477.4
888.65381,476.4
888.77051,480.0
888.88721,472.6
889.00397,473.4
889.12067,467.4
889.23737,480.0
889.35406,471.0
889.47083,473.4
889.58752,475.2
889.70416,476.8
889.82086,475.6
889.93756,478.8
890.05426,475.2
890.17096,476.4
890.2876,476.8
890.4043,474.0
890.52094,475.0
890.63763,472.6
890.75427,476.6
890.87091,479.4
890.98761,472.8
891.10425,475.6
891.22089,474.8
891.33752,479.0
891.45416,473.0
891.5708,479.8
891.68744,475.2
891.80408,476.2
891.92065,476.2
892.03729,474.0
892.15393,477.2
892.27051,475.6
892.38715,476.2
892.50372,477.0
892.6203,476.0
892.73694,475.8
892.85352,477.8
892.97009,479.4
893.08667,480.2
893.20325,477.8
893.31982,476.6
893.4364,479.4
893.55298,476.6
893.66956,484.6
893.78607,479.4
893.90265,482.4
894.01917,479.8
894.13574,474.8
894.25226,479.2
894.36884,482.2
894.48535,484.0
894.60187,483.8
894.71838,482.4
894.8349,480.2
894.95148,480.2
895.06793,479.6
895.18445,476.4
895.30096,477.2
895.41748,474.0
895.534,471.2
895.65045,469.4
895.76697,477.0
895.88342,480.0
895.99994,481.0
896.11639,481.6
896.23291,474.4
896.34937,475.0
896.46582,477.4
896.58228,477.8
896.69873,481.8
896.81519,474.2
896.93164,474.2
897.0481,483.0
897.16455,478.0
897.28094,475.6
897.3974,473.2
897.51385,478.8
897.63025,477.8
897.7467,476.6
897.8631,477.8
897.97949,480.2
898.09595,481.4
898.21234,475.2
898.32874,475.8
898.44513,483.8
898.56152,480.4
898.67792,476.8
898.79431,479.2
898.91064,476.4
899.02704,477.2
899.14343,475.8
899.25977,478.8
899.37616,474.8
899.49249,476.4
899.60889,477.2
899.72522,472.6
899.84155,476.8
899.95789,480.2
900.07428,475.2
900.19061,480.8
900.30695,475.0
900.42322,470.2
900.53955,470.2
900.65588,474.0
900.77222,475.0
900.88849,476.2
901.00482,470.8
901.12109,473.2
901.23743,474.0
901.3537,471.2
901.47003,473.4
901.5863,472.2
901.70258,471.0
901.81885,474.2
901.93512,470.6
902.05139,469.6
902.16766,470.8
902.28394,479.2
902.40021,470.4
902.51642,470.6
902.63269,470.8
902.7489,472.2
902.86517,472.8
902.98138,473.8
903.09766,469.6
903.21387,472.4
903.33008,471.8
903.44629,474.4
903.5625,466.8
903.67871,470.2
903.79492,472.8
903.91113,471.0
904.02734,466.6
904.14355,474.8
904.2597,468.8
904.37592,468.6
904.49207,468.0
904.60828,468.0
904.72443,467.0
904.84064,472.8
904.95679,470.2
905.07294,467.6
905.18909,468.8
905.30524,471.2
905.42139,467.2
905.53754,466.0
905.65369,470.8
905.76984,466.6
905.88593,467.2
906.00208,471.8
906.11816,462.4
906.23431,468.0
906.3504,467.0
906.46655,467.2
906.58264,465.6
906.69873,466.0
906.81482,467.8
906.93091,463.4
907.047,468.4
907.16309,467.0
907.27917,467.2
907.39526,470.6
907.51135,469.6
907.62738,464.4
907.74347,463.0
907.8595,466.4
907.97559,474.0
908.09161,468.0
908.2077,464.6
908.32373,474.6
908.43976,465.0
908.55579,465.6
908.67181,467.6
908.78784,472.2
908.90387,465.6
909.0199,467.0
909.13586,465.4
909.25189,471.0
909.36792,462.8
909.48389,469.8
909.59991,465.4
909.71588,466.8
909.83185,466.4
909.94788,468.2
910.06384,468.4
910.17981,468.0
910.29578,464.6
910.41174,469.4
910.52771,471.4
910.64368,467.6
910.75958,464.4
910.87555,469.0
910.99152,466.2
911.10742,468.6
911.22339,466.4
911.33929,472.2
911.4552,468.8
911.57117,468.2
911.68707,471.8
911.80298,465.0
911.91888,463.4
912.03479,468.6
912.1507,470.4
912.2666,472.6
912.38245,470.2
912.49835,466.6
912.61426,468.6
912.7301,468.8
912.84601,468.2
792.4458,577.6
792.56488,571.4
792.68396,577.6
792.8031,578.0
792.92218,559.4
793.04126,558.2
793.16034,563.0
793.27942,563.2
793.3985,553.4
793.51758,549.6
793.63672,549.8
793.7558,545.6
793.87488,548.8
793.9939,545.2
794.11298,548.8
794.23206,542.2
794.35114,540.4
794.47021,539.2
794.58929,537.0
794.70831,531.6
794.82739,538.4
794.94647,531.6
795.06549,535.4
795.18457,528.2
795.30365,532.6
795.42267,527.0
795.54175,525.2
795.66077,528.4
795.77985,532.4
795.89886,530.0
796.01794,530.6
796.13696,528.4
796.25598,534.2
796.375,522.4
796.49408,527.2
796.6131,524.4
796.73212,522.6
796.85114,521.8
796.97015,523.6
797.08923,520.2
797.20825,523.2
797.32727,520.8
797.44629,520.4
797.56531,519.4
797.68427,519.0
797.80328,520.0
797.9223,519.6
798.04132,526.0
798.16034,519.4
798.27936,518.0
798.39832,517.6
798.51733,515.6
798.63635,520.0
798.75531,520.6
798.87433,517.0
798.99329,514.2
799.1123,517.2
799.23126,520.0
799.35028,518.6
799.46924,517.2
799.58826,520.8
799.70721,517.2
799.82617,517.2
799.94519,516.6
800.06415,518.0
800.18311,515.6
800.30206,519.6
800.42102,515.4
800.54004,520.4
800.659,518.2
800.77795,517.6
800.89691,512.2
801.01587,516.0
801.13483,518.8
801.25372,527.8
801.37268,511.4
801.49164,514.2
801.6106,519.4
801.72955,524.2
801.84845,518.6
801.96741,521.2
802.08636,524.0
802.20526,519.8
802.32422,515.2
802.44318,520.6
802.56207,524.0
802.68103,522.0
802.79993,520.2
802.91882,521.4
803.03778,523.4
803.15668,518.4
803.27557,520.8
803.39453,522.8
803.51343,523.0
803.63232,522.8
803.75122,522.6
803.87012,524.2
803.98907,517.0
804.10797,524.8
804.22687,523.0
804.34576,529.4
804.46466,520.2
804.58356,523.6
804.70239,525.2
804.82129,527.4
804.94019,519.2
805.05908,524.4
805.17798,526.0
805.29681,528.6
805.41571,532.8
805.53461,527.8
805.65344,524.0
805.77234,532.2
805.89117,524.8
806.01007,529.2
806.12891,531.2
806.2478,534.6
806.36664,529.2
806.48547,529.2
806.60437,528.8
806.72321,530.6
806.84204,535.2
806.96088,526.0
807.07971,528.2
807.19861,531.2
807.31744,533.4
807.43628,531.6
807.55511,529.0
807.67395,531.8
807.79279,532.2
807.91162,539.6
808.0304,532.0
808.14923,531.8
808.26807,531.4
808.3869,533.4
808.50568,535.2
808.62451,534.4
808.74335,533.8
808.86212,536.0
808.98096,538.2
809.09979,537.6
809.21857,538.8
809.33734,531.2
809.45618,535.6
809.57495,539.8
809.69379,539.4
809.81256,540.0
809.93134,536.8
810.05011,538.8
810.16895,534.8
810.28772,534.4
810.40649,539.4
810.52527,537.6
810.64404,539.0
810.76282,538.4
810.88159,537.0
811.00037,537.4
811.11914,530.0
811.23792,537.0
811.35663,540.8
811.4754,540.0
811.59418,534.8
811.71295,541.6
811.83167,539.8
811.95044,539.4
812.06921,535.6
812.18793,536.6
812.3067,534.2
812.42542,534.4
812.54419,535.6
812.6629,540.6
812.78162,536.6
812.90039,534.4
813.0191,538.4
813.13782,533.8
813.25653,536.4
813.37524,533.2
813.49402,535.4
813.61273,538.0
813.73145,539.0
813.85016,540.2
813.96887,527.6
814.08759,535.6
814.2063,531.2
814.32495,534.2
814.44366,532.2
814.56238,534.8
814.68109,536.2
814.79974,535.8
814.91846,524.8
815.03717,533.0
815.15582,533.0
815.27454,529.8
815.39319,528.6
815.5119,526.6
815.63055,529.2
815.74927,529.2
815.86792,524.2
815.98657,526.2
816.10529,528.2
816.22394,533.0
816.34259,528.8
816.46124,533.6
816.5799,538.6
816.69855,531.4
816.8172,540.2
816.93585,532.0
817.0545,524.2
817.17316,521.2
817.29181,522.2
817.41046,523.4
817.52911,515.8
817.64771,517.4
817.76636,515.4
817.88501,515.4
818.0036,511.2
818.12225,517.4
818.24091,511.2
818.3595,503.0
818.47815,501.8
818.59674,511.0
818.71533,502.8
818.83398,503.6
818.95258,503.8
819.07117,506.4
819.18976,501.6
819.30841,507.4
819.427,505.4
819.54559,501.4
819.66418,499.6
819.78278,502.4
819.90137,499.4
820.01996,499.4
820.13855,498.8
820.25714,498.6
820.37573,502.0
820.49426,498.8
820.61285,497.2
820.73145,500.4
820.84998,495.2
820.96857,493.0
821.08716,499.2
821.20569,497.2
821.32428,493.4
821.44281,493.6
821.56134,495.2
821.67993,490.2
821.79846,487.0
821.91699,495.6
822.03558,492.0
822.15411,498.8
822.27264,494.4
822.39117,491.8
822.5097,487.2
822.62823,490.2
822.74677,491.4
822.8653,493.6
822.98383,489.6
823.10236,497.0
823.22089,489.0
823.33942,494.2
823.45789,488.2
823.57642,496.8
823.69495,490.0
823.81342,491.4
823.93195,488.8
824.05042,488.4
824.16895,490.4
824.28741,494.8
824.40594,491.0
824.52441,494.8
824.64288,491.6
824.76141,492.0
824.87988,492.0
824.99835,489.0
825.11682,492.2
825.23529,495.8
825.35376,489.0
825.47223,490.6
825.5907,485.8
825.70917,490.6
825.82764,493.8
825.94611,494.6
826.06458,484.6
826.18304,486.6
826.30145,490.4
826.41992,490.0
826.53839,489.0
826.6568,489.0
826.77527,484.0
826.89368,491.0
827.01215,484.6
827.13055,484.6
827.24902,490.2
827.36743,488.6
827.48584,482.6
827.60431,482.4
827.72272,485.6
827.84113,483.8
827.95953,483.8
828.07794,484.6
828.19635,485.6
828.31476,480.4
828.43317,482.0
828.55157,485.0
828.66998,480.0
828.78839,488.6
828.90674,483.6
829.02515,480.6
829.14355,486.0
829.2619,486.2
829.38031,482.8
829.49872,488.2
829.61707,482.0
829.73547,487.4
829.85382,484.4
829.97217,488.2
830.09058,480.2
830.20892,484.0
830.32727,482.4
830.44562,486.8
830.56403,483.6
830.68237,480.8
830.80072,485.8
830.91907,482.2
831.03741,482.4
831.15576,482.8
831.27411,482.0
831.3924,486.2
831.51074,482.4
831.62909,480.8
831.74744,483.6
831.86572,486.8
831.98407,485.2
832.10242,486.2
832.2207,482.8
832.33905,485.4
832.45734,483.4
832.57562,484.8
832.69397,478.0
832.81226,483.8
832.93054,484.6
833.04889,484.6
833.16718,479.8
833.28546,487.6
833.40375,483.2
833.52203,487.0
833.64032,478.2
833.75861,481.8
833.87689,481.4
833.99518,482.2
834.1134,489.0
834.23169,483.4
834.34998,483.6
834.46826,486.4
834.58649,482.4
834.70477,486.8
834.823,482.6
834.94128,485.4
835.05951,485.2
835.1778,489.0
835.29602,477.8
835.41425,486.8
835.53253,483.4
835.65076,487.8
835.76898,483.4
835.88721,484.0
836.00543,487.0
836.12366,490.0
836.24188,482.8
836.36011,486.8
836.47833,487.6
836.59656,491.0
836.71478,487.4
836.83295,490.8
836.95117,487.0
837.0694,488.0
837.18756,485.8
837.30579,484.6
837.42401,484.6
837.54218,493.4
837.66034,484.8
837.77856,491.2
837.89673,487.0
838.01489,486.8
838.13312,483.8
838.25128,489.8
838.36945,486.0
838.48761,485.8
838.60577,489.8
838.72394,490.2
838.8421,490.0
838.96027,489.2
839.07843,486.2
839.19659,488.2
839.31476,486.2
839.43286,487.0
839.55103,487.4
839.66919,488.4
839.78729,481.0
839.90546,492.4
840.02356,485.2
840.14172,486.2
840.25983,484.6
840.37793,487.8
840.49609,485.8
840.6142,489.6
840.7323,485.4
840.8504,476.6
840.96851,483.4
841.08661,487.6
841.20471,481.8
841.32281,484.6
841.44092,483.4
841.55902,486.0
841.67712,484.0
841.79523,482.4
841.91327,479.0
842.03137,488.4
842.14948,484.6
842.26752,480.0
842.38562,482.8
842.50366,480.8
842.62177,485.8
842.73981,482.2
842.85791,478.8
842.97595,481.4
843.09399,484.8
843.21204,483.6
843.33008,481.0
843.44818,481.0
843.56622,485.6
843.68427,481.8
843.80231,485.2
843.92029,484.2
844.03833,484.6
844.15637,487.2
844.27441,482.4
844.39246,485.4
844.51044,478.2
844.62848,480.0
844.74646,481.8
844.8645,481.6
844.98248,480.4
845.10052,478.8
845.21851,481.0
845.33649,489.0
845.45453,485.4
845.57251,484.4
845.69049,484.0
845.80847,482.2
845.92645,486.8
846.04443,481.8
846.16241,479.4
846.2804,480.0
846.39838,476.8
846.51636,482.4
846.63434,478.2
846.75226,483.6
846.87024,481.0
846.98822,483.4
847.10614,481.4
847.22412,477.0
847.34204,481.4
847.46002,487.0
847.57794,479.6
847.69586,482.4
847.81384,479.2
847.93176,481.2
848.04968,481.2
848.1676,484.0
848.28552,484.6
848.40344,476.8
848.52136,479.8
848.63928,484.0
848.7572,481.4
848.87512,481.4
848.99304,482.6
849.1109,479.8
849.22882,476.0
849.34674,479.0
849.4646,480.2
849.58252,481.6
849.70038,480.6
849.8183,483.0
849.93616,481.4
850.05402,481.4
850.17194,482.2
850.28979,481.8
850.40765,477.2
850.52551,482.6
850.64337,489.6
850.76123,482.0
850.87909,478.2
850.99695,485.0
851.11481,478.6
851.23267,488.0
851.35046,480.6
851.46832,483.8
851.58618,480.8
851.70398,485.6
851.82184,480.2
851.93964,485.6
852.0575,486.0
852.17529,487.2
852.29315,490.8
852.41095,486.0
852.52875,483.8
852.64655,484.2
852.7644,483.0
852.8822,481.2
853.0,485.2
853.1178,482.2
853.2356,482.4
853.35333,488.8
853.47113,484.6
853.58893,484.8
853.70673,485.8
853.82446,488.0
853.94226,486.4
854.06006,485.4
854.1778,490.4
854.29559,482.4
854.41333,486.4
854.53107,486.4
854.64886,488.2
854.7666,487.2
854.88434,482.4
855.00208,488.8
855.11981,479.4
855.23761,485.6
855.35535,488.0
855.47302,481.0
855.59076,483.0
855.7085,483.2
855.82623,486.4
855.94397,483.6
856.06165,486.6
856.17938,484.6
856.29712,487.8
856.41479,485.2
856.53253,483.6
856.65021,483.4
856.76788,483.4
856.88562,488.6
857.0033,485.8
857.12097,485.8
857.23865,483.6
857.35632,481.0
857.474,484.0
857.59167,485.0
857.70935,481.6
857.82703,481.4
857.9447,483.8
858.06238,480.0
858.18005,481.8
858.29767,481.0
858.41534,481.8
858.53296,483.4
858.65063,482.2
858.76825,482.2
858.88593,484.2
859.00354,480.8
859.12115,481.2
859.23883,480.6
859.35645,485.0
859.47406,483.2
859.59167,480.2
859.70929,482.2
859.8269,482.6
859.94452,480.8
860.06213,481.0
860.17975,489.4
860.29736,482.4
860.41492,481.6
860.53253,483.6
860.65009,483.0
860.7677,480.6
860.88525,485.0
861.00287,479.4
861.12042,484.6
861.23804,483.0
861.35559,481.6
861.47314,482.0
861.5907,476.6
861.70825,483.0
861.82581,479.8
861.94336,478.6
862.06091,480.4
862.17847,480.0
862.29602,478.8
862.41357,478.0
862.53113,480.0
862.64862,481.2
862.76617,478.8
862.88367,478.4
863.00122,482.2
863.11871,478.4
863.23627,481.4
863.35376,483.0
863.47125,481.6
863.58881,475.8
863.7063,481.6
863.82379,475.8
863.94128,478.8
864.05878,479.8
864.17627,486.4
864.29376,479.4
864.41125,488.8
864.52869,479.8
864.64618,477.2
864.76367,480.8
864.8811,481.2
864.9986,478.6
865.11609,479.6
865.23352,478.8
865.35095,481.0
865.46844,484.0
865.58588,480.8
865.70331,481.8
865.82074,481.2
865.93823,481.2
866.05566,479.8
866.1731,477.2
866.29053,478.2
866.4079,477.4
866.52533,482.2
866.64276,482.4
866.76019,481.4
866.87756,474.0
866.995,485.4
867.11243,474.6
867.2298,480.8
867.34723,473.8
867.4646,476.8
867.58197,480.0
867.6994,482.8
867.81677,480.2
867.93414,480.8
868.05151,481.2
868.16888,478.8
868.28625,481.6
868.40363,480.2
868.521,481.4
868.63837,478.4
868.75568,480.8
868.87305,481.8
868.99042,480.4
869.10773,479.8
869.2251,483.2
869.34241,486.6
869.45978,476.8
869.57709,486.4
869.69446,481.0
869.81177,484.8
869.92908,481.2
870.04639,484.6
870.1637,477.4
870.28101,479.2
870.39832,480.2
870.51563,484.0
870.63293,478.2
870.75024,480.6
870.86749,477.4
870.9848,482.8
871.10211,481.8
871.21936,483.0
871.33667,485.2
871.45392,479.2
871.57123,480.4
871.68848,476.2
871.80573,481.6
871.92297,477.8
872.04028,475.0
872.15753,478.8
872.27478,478.0
872.39203,480.2
872.50928,481.2
872.62646,479.6
872.74371,481.0
872.86096,481.0
872.97821,484.6
873.0954,478.8
873.21265,476.2
873.32983,480.6
873.44708,482.2
873.56427,482.0
873.68152,478.2
873.79871,479.2
873.91589,475.8
874.03308,479.6
874.15027,478.6
874.26746,474.8
874.38464,479.6
874.50183,477.0
874.61902,478.4
874.73621,482.4
874.85339,481.4
874.97052,483.8
875.08771,478.0
875.2049,480.0
875.32202,476.6
875.43921,477.6
875.55634,479.0
875.67346,484.8
875.79065,477.0
875.90778,478.8
876.0249,475.4
876.14203,477.2
876.25916,483.0
876.37628,479.6
876.49341,479.2
876.61053,481.6
876.72766,481.6
876.84473,484.4
876.96185,478.2
877.07898,483.6
877.19604,480.0
877.31317,482.4
877.43024,478.2
877.54736,483.6
877.66443,478.0
877.78149,480.8
877.89856,479.0
878.01569,483.0
878.13275,478.8
878.24982,478.2
878.36688,476.8
878.48395,482.4
878.60095,476.6
878.71802,476.6
878.83508,478.6
878.95215,478.8
879.06915,479.0
879.18622,479.2
879.30322,474.8
879.42029,477.6
879.53729,481.4
879.6543,478.4
879.77136,476.2
879.88837,480.4
880.00537,480.2
880.12238,485.0
880.23938,481.2
880.35638,482.2
880.47339,477.0
880.59039,479.2
880.70734,478.2
880.82434,474.8
880.94135,482.8
881.05829,476.8
881.17529,477.0
881.29224,482.2
881.40924,479.4
881.52618,475.0
881.64313,477.2
881.76007,482.4
881.87701,481.2
881.99402,475.6
882.11096,479.0
882.22791,476.8
882.34479,478.4
882.46173,484.0
882.57867,482.2
882.69562,481.2
882.8125,480.8
882.92944,483.0
883.04639,479.2
883.16327,485.0
883.28015,476.8
883.39709,480.0
883.51398,481.2
883.63086,477.8
883.74774,481.8
883.86462,481.2
883.98157,480.6
884.09839,481.2
884.21527,476.6
884.33215,482.0
884.44904,479.2
884.56592,478.4
884.68274,480.8
884.79962,478.8
884.9165,483.0
885.03333,482.8
885.15015,479.8
885.26703,479.8
885.38385,479.2
885.50067,486.2
885.61749,481.4
885.73438,482.4
885.8512,484.8
885.96802,487.4
886.08478,482.6
886.2016,487.2
886.31842,481.8
886.43524,482.8
886.55206,480.6
886.66882,485.0
886.78564,486.8
886.9024,484.4
887.01923,480.4
887.13599,481.8
887.25275,480.0
887.36951,483.4
887.48633,479.4
887.60309,482.4
887.71985,481.2
887.83661,479.8
887.95337,481.2
888.07007,476.2
888.18683,483.6
888.30359,485.6
888.42035,479.2
888.53705,479.8
888.65381,477.8
888.77051,480.8
888.88721,479.6
889.00397,483.6
889.12067,476.6
889.23737,481.6
889.35406,481.2
889.47083,482.2
889.58752,477.0
889.70416,480.6
889.82086,481.6
889.93756,478.8
890.05426,478.2
890.17096,486.2
890.2876,475.6
890.4043,480.4
890.52094,477.2
890.63763,482.2
890.75427,479.4
890.87091,485.6
890.98761,480.0
891.10425,483.0
891.22089,481.0
891.33752,479.2
891.45416,482.0
891.5708,479.2
891.68744,480.4
891.80408,483.2
891.92065,474.8
892.03729,483.4
892.15393,479.8
892.27051,482.2
892.38715,487.8
892.50372,482.0
892.6203,482.0
892.73694,485.2
892.85352,485.0
892.97009,482.4
893.08667,480.8
893.20325,476.6
893.31982,482.4
893.4364,485.4
893.55298,475.0
893.66956,487.0
893.78607,484.2
893.90265,489.8
894.01917,483.2
894.13574,484.4
894.25226,483.8
894.36884,484.2
894.48535,486.8
894.60187,485.4
894.71838,489.4
894.8349,487.2
894.95148,483.8
895.06793,486.4
895.18445,484.2
895.30096,479.8
895.41748,477.8
895.534,482.0
895.65045,479.8
895.76697,485.0
895.88342,479.4
895.99994,483.6
896.11639,483.0
896.23291,482.2
896.34937,483.8
896.46582,480.6
896.58228,485.6
896.69873,478.4
896.81519,480.8
896.93164,484.2
897.0481,486.2
897.16455,485.8
897.28094,483.8
897.3974,480.0
897.51385,482.8
897.63025,488.6
897.7467,483.2
897.8631,483.2
897.97949,480.4
898.09595,487.6
898.21234,478.2
898.32874,484.2
898.44513,477.6
898.56152,481.4
898.67792,477.0
898.79431,480.6
898.91064,478.4
899.02704,480.0
899.14343,481.8
899.25977,485.8
899.37616,477.8
899.49249,481.8
899.60889,477.6
899.72522,481.6
899.84155,479.8
899.95789,481.8
900.07428,481.8
900.19061,482.4
900.30695,477.6
900.42322,483.0
900.53955,477.4
900.65588,481.6
900.77222,477.4
900.88849,482.4
901.00482,479.0
901.12109,479.8
901.23743,482.2
901.3537,476.8
901.47003,480.8
901.5863,479.0
901.70258,476.0
901.81885,475.4
901.93512,474.8
902.05139,475.4
902.16766,477.2
902.28394,475.4
902.40021,473.0
902.51642,479.6
902.63269,472.8
902.7489,479.8
902.86517,478.0
902.98138,474.6
903.09766,475.0
903.21387,474.2
903.33008,479.6
903.44629,476.2
903.5625,472.2
903.67871,474.8
903.79492,476.0
903.91113,475.4
904.02734,473.2
904.14355,479.8
904.2597,474.6
904.37592,478.0
904.49207,474.4
904.60828,470.4
904.72443,469.2
904.84064,474.0
904.95679,475.0
905.07294,471.0
905.18909,474.4
905.30524,472.0
905.42139,469.4
905.53754,475.8
905.65369,472.4
905.76984,470.2
905.88593,475.0
906.00208,470.2
906.11816,471.6
906.23431,469.0
906.3504,469.6
906.46655,472.0
906.58264,467.4
906.69873,477.8
906.81482,471.8
906.93091,469.6
907.047,469.4
907.16309,473.8
907.27917,472.4
907.39526,475.0
907.51135,473.6
907.62738,469.2
907.74347,468.0
907.8595,470.8
907.97559,472.0
908.09161,469.4
908.2077,472.4
908.32373,471.0
908.43976,469.8
908.55579,473.4
908.67181,465.4
908.78784,473.0
908.90387,473.0
909.0199,470.4
909.13586,471.4
909.25189,473.4
909.36792,474.0
909.48389,471.0
909.59991,469.8
909.71588,471.2
909.83185,472.8
909.94788,471.0
910.06384,470.2
910.17981,470.8
910.29578,471.2
910.41174,467.8
910.52771,470.8
910.64368,474.2
910.75958,465.0
910.87555,467.4
910.99152,474.4
911.10742,469.6
911.22339,467.6
911.33929,471.0
911.4552,469.4
911.57117,465.0
911.68707,475.2
911.80298,468.8
911.91888,470.6
912.03479,472.0
912.1507,472.2
912.2666,474.2
912.38245,472.6
912.49835,469.0
912.61426,469.8
912.7301,469.8
912.84601,468.4
792.4458,624.8
792.56488,625.2
792.68396,628.2
792.8031,623.8
792.92218,603.2
793.04126,606.8
793.16034,608.8
793.27942,600.4
793.3985,594.8
793.51758,590.8
793.63672,584.2
793.7558,590.8
793.87488,589.4
793.9939,583.2
794.11298,580.6
794.23206,575.2
794.35114,576.6
794.47021,571.0
794.58929,567.0
794.70831,571.8
794.82739,565.6
794.94647,559.8
795.06549,566.2
795.18457,554.8
795.30365,556.0
795.42267,554.8
795.54175,558.6
795.66077,556.2
795.77985,549.2
795.89886,551.8
796.01794,552.6
796.13696,552.8
796.25598,552.8
796.375,542.8
796.49408,546.6
796.6131,542.4
796.73212,546.2
796.85114,546.0
796.97015,548.6
797.08923,540.0
797.20825,541.4
797.32727,540.4
797.44629,542.0
797.56531,543.2
797.68427,536.8
797.80328,542.6
797.9223,540.4
798.04132,539.6
798.16034,538.4
798.27936,541.8
798.39832,539.0
798.51733,536.6
798.63635,530.8
798.75531,541.4
798.87433,532.0
798.99329,536.0
799.1123,533.2
799.23126,529.8
799.35028,530.0
799.46924,531.0
799.58826,540.6
799.70721,539.4
799.82617,534.2
799.94519,534.0
800.06415,534.0
800.18311,529.6
800.30206,533.2
800.42102,534.4
800.54004,528.8
800.659,534.0
800.77795,533.2
800.89691,531.8
801.01587,536.4
801.13483,537.6
801.25372,540.6
801.37268,531.4
801.49164,532.2
801.6106,538.2
801.72955,534.2
801.84845,535.2
801.96741,534.0
802.08636,531.0
802.20526,531.8
802.32422,535.6
802.44318,536.0
802.56207,534.0
802.68103,535.8
802.79993,536.6
802.91882,542.6
803.03778,530.2
803.15668,536.6
803.27557,534.4
803.39453,535.0
803.51343,541.4
803.63232,535.0
803.75122,536.4
803.87012,534.8
803.98907,535.4
804.10797,543.6
804.22687,536.4
804.34576,538.2
804.46466,539.6
804.58356,546.6
804.70239,535.6
804.82129,534.6
804.94019,534.8
805.05908,541.2
805.17798,535.0
805.29681,540.2
805.41571,540.8
805.53461,540.6
805.65344,542.0
805.77234,545.2
805.89117,543.2
806.01007,547.2
806.12891,540.0
806.2478,543.4
806.36664,536.4
806.48547,545.4
806.60437,545.0
806.72321,543.4
806.84204,542.8
806.96088,540.8
807.07971,544.6
807.19861,544.2
807.31744,549.0
807.43628,551.8
807.55511,541.8
807.67395,542.4
807.79279,549.0
807.91162,548.4
808.0304,547.6
808.14923,544.4
808.26807,545.6
808.3869,549.0
808.50568,544.4
808.62451,549.2
808.74335,545.0
808.86212,546.2
808.98096,550.0
809.09979,553.2
809.21857,548.0
809.33734,554.6
809.45618,545.6
809.57495,552.6
809.69379,550.4
809.81256,554.6
809.93134,549.6
810.05011,547.8
810.16895,548.6
810.28772,552.0
810.40649,554.8
810.52527,550.6
810.64404,553.0
810.76282,554.6
810.88159,556.2
811.00037,554.2
811.11914,551.4
811.23792,548.6
811.35663,560.4
811.4754,547.0
811.59418,551.4
811.71295,558.2
811.83167,549.4
811.95044,549.2
812.06921,545.0
812.18793,557.4
812.3067,551.6
812.42542,545.4
812.54419,553.4
812.6629,553.8
812.78162,547.6
812.90039,550.2
813.0191,545.6
813.13782,546.0
813.25653,544.2
813.37524,544.8
813.49402,551.8
813.61273,553.4
813.73145,543.4
813.85016,548.4
813.96887,550.2
814.08759,543.2
814.2063,546.4
814.32495,551.8
814.44366,544.6
814.56238,548.6
814.68109,546.0
814.79974,546.4
814.91846,546.4
815.03717,540.0
815.15582,544.2
815.27454,545.2
815.39319,536.2
815.5119,545.2
815.63055,537.2
815.74927,540.2
815.86792,539.8
815.98657,539.6
816.10529,544.2
816.22394,544.8
816.34259,543.4
816.46124,544.4
816.5799,545.2
816.69855,545.6
816.8172,543.6
816.93585,538.0
817.0545,541.4
817.17316,539.4
817.29181,534.0
817.41046,534.6
817.52911,534.0
817.64771,534.0
817.76636,526.6
817.88501,527.6
818.0036,525.0
818.12225,525.2
818.24091,525.0
818.3595,520.2
818.47815,519.4
818.59674,524.0
818.71533,515.8
818.83398,519.6
818.95258,516.8
819.07117,516.0
819.18976,519.2
819.30841,512.4
819.427,519.0
819.54559,514.4
819.66418,515.8
819.78278,519.2
819.90137,514.0
820.01996,514.2
820.13855,509.0
820.25714,510.8
820.37573,507.8
820.49426,511.4
820.61285,506.8
820.73145,505.6
820.84998,507.2
820.96857,508.2
821.08716,506.8
821.20569,504.4
821.32428,505.8
821.44281,508.6
821.56134,503.6
821.67993,505.4
821.79846,505.2
821.91699,505.6
822.03558,504.0
822.15411,509.0
822.27264,508.4
822.39117,502.2
822.5097,503.4
822.62823,510.0
822.74677,498.8
822.8653,502.4
822.98383,501.6
823.10236,504.8
823.22089,503.2
823.33942,503.8
823.45789,499.4
823.57642,504.2
823.69495,501.4
823.81342,503.8
823.93195,504.4
824.05042,505.0
824.16895,500.0
824.28741,504.4
824.40594,509.8
824.52441,502.2
824.64288,502.6
824.76141,506.2
824.87988,502.4
824.99835,497.0
825.11682,502.6
825.23529,500.8
825.35376,505.4
825.47223,498.0
825.5907,502.0
825.70917,499.4
825.82764,497.8
825.94611,495.4
826.06458,496.0
826.18304,489.4
826.30145,505.6
826.41992,498.6
826.53839,494.0
826.6568,495.0
826.77527,496.2
826.89368,499.8
827.01215,495.4
827.13055,492.8
827.24902,501.8
827.36743,496.8
827.48584,496.0
827.60431,497.8
827.72272,488.2
827.84113,495.0
827.95953,491.2
828.07794,495.8
828.19635,489.8
828.31476,493.8
828.43317,488.4
828.55157,494.6
828.66998,490.2
828.78839,494.6
828.90674,493.6
829.02515,496.4
829.14355,492.0
829.2619,489.0
829.38031,489.4
829.49872,492.4
829.61707,490.2
829.73547,491.0
829.85382,494.4
829.97217,494.2
830.09058,494.6
830.20892,491.8
830.32727,494.4
830.44562,492.4
830.56403,493.8
830.68237,490.4
830.80072,486.8
830.91907,493.6
831.03741,487.6
831.15576,496.6
831.27411,489.2
831.3924,493.4
831.51074,493.2
831.62909,493.8
831.74744,492.6
831.86572,490.2
831.98407,489.4
832.10242,489.8
832.2207,496.2
832.33905,491.2
832.45734,493.8
832.57562,491.6
832.69397,489.8
832.81226,491.6
832.93054,489.6
833.04889,489.6
833.16718,488.0
833.28546,495.4
833.40375,498.4
833.52203,493.0
833.64032,492.8
833.75861,490.4
833.87689,492.2
833.99518,493.0
834.1134,496.6
834.23169,492.6
834.34998,492.8
834.46826,496.4
834.58649,495.0
834.70477,497.4
834.823,494.6
834.94128,501.0
835.05951,496.6
835.1778,495.8
835.29602,488.0
835.41425,498.8
835.53253,498.4
835.65076,499.6
835.76898,497.6
835.88721,496.6
836.00543,493.6
836.12366,498.2
836.24188,491.0
836.36011,498.0
836.47833,496.6
836.59656,498.4
836.71478,500.4
836.83295,494.0
836.95117,493.4
837.0694,497.6
837.18756,499.0
837.30579,495.0
837.42401,493.4
837.54218,499.8
837.66034,491.8
837.77856,497.4
837.89673,493.6
838.01489,495.6
838.13312,495.4
838.25128,494.6
838.36945,494.8
838.48761,496.2
838.60577,495.2
838.72394,498.4
838.8421,495.2
838.96027,495.0
839.07843,495.6
839.19659,494.8
839.31476,495.4
839.43286,500.6
839.55103,496.4
839.66919,495.0
839.78729,494.8
839.90546,496.2
840.02356,497.2
840.14172,494.8
840.25983,489.8
840.37793,495.2
840.49609,489.8
840.6142,499.2
840.7323,492.8
840.8504,496.2
840.96851,491.6
841.08661,490.0
841.20471,490.8
841.32281,496.6
841.44092,490.2
841.55902,494.0
841.67712,488.2
841.79523,494.8
841.91327,491.0
842.03137,488.8
842.14948,490.2
842.26752,491.2
842.38562,492.0
842.50366,490.4
842.62177,489.8
842.73981,493.4
842.85791,488.8
842.97595,492.0
843.09399,492.2
843.21204,491.4
843.33008,489.8
843.44818,493.0
843.56622,488.8
843.68427,485.8
843.80231,492.4
843.92029,487.2
844.03833,495.4
844.15637,488.4
844.27441,489.4
844.39246,493.0
844.51044,490.6
844.62848,491.0
844.74646,488.8
844.8645,492.4
844.98248,488.8
845.10052,489.4
845.21851,492.8
845.33649,491.4
845.45453,487.0
845.57251,495.2
845.69049,489.0
845.80847,489.2
845.92645,492.8
846.04443,488.4
846.16241,492.4
846.2804,489.0
846.39838,487.8
846.51636,492.0
846.63434,490.4
846.75226,487.0
846.87024,491.0
846.98822,491.2
847.10614,490.6
847.22412,492.4
847.34204,492.8
847.46002,491.4
847.57794,486.8
847.69586,496.0
847.81384,492.4
847.93176,494.0
848.04968,488.2
848.1676,490.8
848.28552,490.0
848.40344,485.4
848.52136,488.2
848.63928,490.4
848.7572,486.8
848.87512,495.0
848.99304,491.8
849.1109,487.6
849.22882,484.2
849.34674,492.8
849.4646,489.0
849.58252,485.4
849.70038,488.2
849.8183,486.0
849.93616,489.0
850.05402,498.6
850.17194,492.0
850.28979,490.8
850.40765,490.4
850.52551,494.4
850.64337,489.4
850.76123,493.4
850.87909,488.8
850.99695,493.6
851.11481,488.4
851.23267,496.8
851.35046,493.2
851.46832,489.4
851.58618,493.8
851.70398,499.2
851.82184,496.6
851.93964,495.0
852.0575,496.6
852.17529,498.6
852.29315,503.0
852.41095,494.6
852.52875,496.2
852.64655,494.2
852.7644,489.6
852.8822,491.4
853.0,488.8
853.1178,495.2
853.2356,488.8
853.35333,487.2
853.47113,492.0
853.58893,488.6
853.70673,488.2
853.82446,490.6
853.94226,494.0
854.06006,489.8
854.1778,495.8
854.29559,491.4
854.41333,486.6
854.53107,493.8
854.64886,493.8
854.7666,492.2
854.88434,492.8
855.00208,494.6
855.11981,491.0
855.23761,494.4
855.35535,495.8
855.47302,486.6
855.59076,491.4
855.7085,490.0
855.82623,490.6
855.94397,491.4
856.06165,492.2
856.17938,494.2
856.29712,490.6
856.41479,492.0
856.53253,495.6
856.65021,488.0
856.76788,485.6
856.88562,494.8
857.0033,490.0
857.12097,494.4
857.23865,487.6
857.35632,490.0
857.474,489.8
857.59167,492.2
857.70935,488.0
857.82703,491.6
857.9447,486.8
858.06238,489.4
858.18005,490.8
858.29767,491.8
858.41534,490.8
858.53296,489.8
858.65063,492.4
858.76825,492.8
858.88593,493.8
859.00354,491.2
859.12115,485.2
859.23883,494.8
859.35645,488.2
859.47406,492.2
859.59167,488.8
859.70929,489.6
859.8269,484.2
859.94452,485.8
860.06213,491.4
860.17975,491.0
860.29736,481.0
860.41492,486.8
860.53253,486.6
860.65009,487.4
860.7677,486.0
860.88525,489.4
861.00287,489.4
861.12042,488.8
861.23804,489.2
861.35559,492.2
861.47314,484.8
861.5907,487.4
861.70825,486.6
861.82581,490.2
861.94336,487.6
862.06091,484.0
862.17847,485.6
862.29602,488.2
862.41357,484.0
862.53113,487.4
862.64862,485.8
862.76617,483.4
862.88367,481.4
863.00122,484.2
863.11871,493.4
863.23627,488.2
863.35376,483.0
863.47125,488.2
863.58881,488.2
863.7063,491.2
863.82379,482.0
863.94128,484.8
864.05878,485.6
864.17627,483.8
864.29376,489.8
864.41125,486.0
864.52869,486.4
864.64618,484.8
864.76367,489.2
864.8811,485.0
864.9986,484.4
865.11609,486.0
865.23352,482.8
865.35095,488.2
865.46844,480.8
865.58588,491.2
865.70331,487.8
865.82074,485.2
865.93823,484.2
866.05566,482.6
866.1731,483.8
866.29053,487.0
866.4079,488.2
866.52533,484.8
866.64276,482.8
866.76019,483.2
866.87756,482.2
866.995,487.6
867.11243,483.2
867.2298,487.0
867.34723,482.8
867.4646,484.2
867.58197,484.8
867.6994,489.4
867.81677,487.4
867.93414,482.2
868.05151,484.0
868.16888,484.8
868.28625,485.0
868.40363,485.4
868.521,482.4
868.63837,483.2
868.75568,484.4
868.87305,486.0
868.99042,489.4
869.10773,484.4
869.2251,485.8
869.34241,489.0
869.45978,482.4
869.57709,486.2
869.69446,482.4
869.81177,484.6
869.92908,487.6
870.04639,486.2
870.1637,485.2
870.28101,485.8
870.39832,485.4
870.51563,488.8
870.63293,489.4
870.75024,486.2
870.86749,486.2
870.9848,485.2
871.10211,489.2
871.21936,488.0
871.33667,485.4
871.45392,485.8
871.57123,485.8
871.68848,486.2
871.80573,482.8
871.92297,486.2
872.04028,490.0
872.15753,488.6
872.27478,482.8
872.39203,486.0
872.50928,483.2
872.62646,487.6
872.74371,485.4
872.86096,484.0
872.97821,486.4
873.0954,481.6
873.21265,480.0
873.32983,488.0
873.44708,484.2
873.56427,488.0
873.68152,481.8
873.79871,483.0
873.91589,483.8
874.03308,482.0
874.15027,484.2
874.26746,483.0
874.38464,487.8
874.50183,482.8
874.61902,485.2
874.73621,487.0
874.85339,482.8
874.97052,490.2
875.08771,480.2
875.2049,483.8
875.32202,484.0
875.43921,483.2
875.55634,483.4
875.67346,489.0
875.79065,483.4
875.90778,491.4
876.0249,484.4
876.14203,485.4
876.25916,479.0
876.37628,485.8
876.49341,484.8
876.61053,487.6
876.72766,484.6
876.84473,487.8
876.96185,482.0
877.07898,486.0
877.19604,486.6
877.31317,487.4
877.43024,481.0
877.54736,486.4
877.66443,483.2
877.78149,486.4
877.89856,479.8
878.01569,484.6
878.13275,483.2
878.24982,485.6
878.36688,483.8
878.48395,481.4
878.60095,482.2
878.71802,480.6
878.83508,485.6
878.95215,483.4
879.06915,486.0
879.18622,487.8
879.30322,483.2
879.42029,480.0
879.53729,485.2
879.6543,486.8
879.77136,477.4
879.88837,485.8
880.00537,482.2
880.12238,485.6
880.23938,479.4
880.35638,485.6
880.47339,478.2
880.59039,477.6
880.70734,482.4
880.82434,483.4
880.94135,483.8
881.05829,486.6
881.17529,480.4
881.29224,483.4
881.40924,480.0
881.52618,480.0
881.64313,481.4
881.76007,481.8
881.87701,481.8
881.99402,481.2
882.11096,482.4
882.22791,485.0
882.34479,480.0
882.46173,483.8
882.57867,484.6
882.69562,484.6
882.8125,484.8
882.92944,485.2
883.04639,475.0
883.16327,489.2
883.28015,478.0
883.39709,485.0
883.51398,485.2
883.63086,487.6
883.74774,485.0
883.86462,486.6
883.98157,485.0
884.09839,483.8
884.21527,481.6
884.33215,486.4
884.44904,488.4
884.56592,486.4
884.68274,486.6
884.79962,485.8
884.9165,487.4
885.03333,493.2
885.15015,481.8
885.26703,490.0
885.38385,487.2
885.50067,488.0
885.61749,485.4
885.73438,487.6
885.8512,489.4
885.96802,487.6
886.08478,484.2
886.2016,485.6
886.31842,486.8
886.43524,483.6
886.55206,485.6
886.66882,483.2
886.78564,482.2
886.9024,485.2
887.01923,483.4
887.13599,481.2
887.25275,480.6
887.36951,488.6
887.48633,481.8
887.60309,486.0
887.71985,484.0
887.83661,486.8
887.95337,480.0
888.07007,482.6
888.18683,484.0
888.30359,484.4
888.42035,482.6
888.53705,482.4
888.65381,483.0
888.77051,483.0
888.88721,484.4
889.00397,483.8
889.12067,482.0
889.23737,480.0
889.35406,482.8
889.47083,478.0
889.58752,481.4
889.70416,486.6
889.82086,484.4
889.93756,477.0
890.05426,482.2
890.17096,486.2
890.2876,487.2
890.4043,487.0
890.52094,484.0
890.63763,486.0
890.75427,481.6
890.87091,483.6
890.98761,480.2
891.10425,487.8
891.22089,483.0
891.33752,484.2
891.45416,485.4
891.5708,485.0
891.68744,483.6
891.80408,485.8
891.92065,483.4
892.03729,484.0
892.15393,488.4
892.27051,482.0
892.38715,485.8
892.50372,483.6
892.6203,485.6
892.73694,482.8
892.85352,486.8
892.97009,483.4
893.08667,484.2
893.20325,484.4
893.31982,484.8
893.4364,483.8
893.55298,482.6
893.66956,488.8
893.78607,486.8
893.90265,491.6
894.01917,482.8
894.13574,489.8
894.25226,488.2
894.36884,490.0
894.48535,486.0
894.60187,485.6
894.71838,484.4
894.8349,483.4
894.95148,487.6
895.06793,486.4
895.18445,482.8
895.30096,489.6
895.41748,487.8
895.534,485.8
895.65045,481.6
895.76697,486.0
895.88342,487.8
895.99994,484.4
896.11639,487.8
896.23291,484.4
896.34937,487.6
896.46582,482.4
896.58228,489.4
896.69873,487.4
896.81519,484.6
896.93164,488.8
897.0481,485.0
897.16455,487.2
897.28094,485.2
897.3974,483.6
897.51385,484.4
897.63025,485.6
897.7467,483.4
897.8631,485.2
897.97949,487.4
898.09595,483.4
898.21234,484.6
898.32874,487.2
898.44513,484.4
898.56152,486.4
898.67792,484.0
898.79431,484.0
898.91064,482.6
899.02704,481.4
899.14343,479.8
899.25977,477.6
899.37616,482.0
899.49249,485.4
899.60889,478.4
899.72522,484.6
899.84155,483.6
899.95789,482.8
900.07428,483.0
900.19061,488.0
900.30695,481.2
900.42322,489.0
900.53955,477.6
900.65588,480.2
900.77222,483.6
900.88849,480.2
901.00482,482.0
901.12109,481.2
901.23743,482.0
901.3537,479.6
901.47003,483.2
901.5863,482.2
901.70258,475.4
901.81885,478.0
901.93512,479.8
902.05139,478.6
902.16766,476.4
902.28394,486.0
902.40021,479.2
902.51642,484.6
902.63269,483.4
902.7489,479.8
902.86517,477.4
902.98138,477.6
903.09766,480.4
903.21387,480.8
903.33008,476.2
903.44629,484.0
903.5625,477.2
903.67871,475.8
903.79492,474.6
903.91113,479.0
904.02734,472.0
904.14355,478.8
904.2597,479.2
904.37592,475.8
904.49207,475.2
904.60828,477.6
904.72443,473.0
904.84064,475.0
904.95679,472.0
905.07294,478.8
905.18909,476.8
905.30524,476.6
905.42139,470.2
905.53754,472.4
905.65369,472.0
905.76984,468.8
905.88593,473.8
906.00208,473.2
906.11816,470.6
906.23431,473.4
906.3504,463.8
906.46655,469.4
906.58264,467.6
906.69873,475.4
906.81482,471.4
906.93091,470.0
907.047,470.8
907.16309,478.8
907.27917,474.4
907.39526,472.0
907.51135,469.4
907.62738,472.8
907.74347,472.4
907.8595,470.0
907.97559,478.0
908.09161,471.0
908.2077,469.4
908.32373,473.6
908.43976,470.4
908.55579,472.8
908.67181,471.4
908.78784,476.4
908.90387,468.4
909.0199,472.6
909.13586,475.8
909.25189,471.2
909.36792,471.8
909.48389,473.2
909.59991,473.4
909.71588,475.6
909.83185,475.8
909.94788,470.4
910.06384,473.0
910.17981,471.6
910.29578,468.2
910.41174,471.2
910.52771,471.6
910.64368,478.0
910.75958,472.6
910.87555,475.8
910.99152,471.8
911.10742,476.2
911.22339,469.0
911.33929,474.8
911.4552,472.6
911.57117,467.0
911.68707,476.4
911.80298,475.4
911.91888,476.4
912.03479,471.6
912.1507,475.0
912.2666,475.6
912.38245,473.8
912.49835,473.8
912.61426,473.8
912.7301,474.8
912.84601,474.0
792.4458,796.6
792.56488,770.2
792.68396,782.6
792.8031,769.6
792.92218,743.4
793.04126,744.4
793.16034,732.2
793.27942,727.6
793.3985,722.6
793.51758,697.2
793.63672,690.8
793.7558,690.0
793.87488,688.6
793.9939,678.2
794.11298,672.8
794.23206,664.4
794.35114,653.0
794.47021,645.4
794.58929,641.6
794.70831,640.2
794.82739,640.6
794.94647,629.2
795.06549,620.6
795.18457,619.8
795.30365,609.8
795.42267,602.6
795.54175,602.2
795.66077,601.2
795.77985,598.4
795.89886,598.0
796.01794,591.0
796.13696,587.8
796.25598,586.2
796.375,580.4
796.49408,581.0
796.6131,579.4
796.73212,572.2
796.85114,574.0
796.97015,570.0
797.08923,565.8
797.20825,569.4
797.32727,567.4
797.44629,559.6
797.56531,558.6
797.68427,559.2
797.80328,560.0
797.9223,552.6
798.04132,556.2
798.16034,552.6
798.27936,550.0
798.39832,554.2
798.51733,547.2
798.63635,550.4
798.75531,548.2
798.87433,542.0
798.99329,537.2
799.1123,539.4
799.23126,541.8
799.35028,548.6
799.46924,548.0
799.58826,550.0
799.70721,542.2
799.82617,544.2
799.94519,541.6
800.06415,541.6
800.18311,533.8
800.30206,538.8
800.42102,538.0
800.54004,533.2
800.659,533.2
800.77795,536.8
800.89691,534.8
801.01587,536.4
801.13483,535.2
801.25372,535.8
801.37268,532.4
801.49164,533.8
801.6106,539.2
801.72955,530.0
801.84845,533.2
801.96741,537.6
802.08636,533.8
802.20526,536.6
802.32422,536.0
802.44318,532.0
802.56207,537.4
802.68103,533.8
802.79993,532.0
802.91882,535.2
803.03778,532.0
803.15668,532.8
803.27557,538.2
803.39453,530.4
803.51343,534.6
803.63232,540.8
803.75122,533.4
803.87012,531.8
803.98907,530.4
804.10797,536.4
804.22687,530.4
804.34576,534.8
804.46466,535.4
804.58356,535.8
804.70239,531.4
804.82129,533.4
804.94019,531.2
805.05908,534.0
805.17798,532.0
805.29681,537.8
805.41571,534.4
805.53461,535.2
805.65344,534.0
805.77234,535.2
805.89117,536.2
806.01007,539.0
806.12891,537.0
806.2478,537.0
806.36664,530.8
806.48547,537.6
806.60437,532.2
806.72321,536.0
806.84204,538.8
806.96088,535.8
807.07971,536.6
807.19861,532.4
807.31744,537.2
807.43628,537.8
807.55511,540.0
807.67395,539.0
807.79279,536.2
807.91162,537.2
808.0304,536.8
808.14923,539.8
808.26807,538.0
808.3869,541.6
808.50568,538.6
808.62451,541.6
808.74335,536.8
808.86212,541.0
808.98096,541.0
809.09979,543.2
809.21857,543.0
809.33734,538.2
809.45618,538.8
809.57495,539.8
809.69379,543.4
809.81256,542.4
809.93134,541.0
810.05011,543.6
810.16895,543.0
810.28772,542.0
810.40649,542.4
810.52527,539.4
810.64404,543.0
810.76282,544.8
810.88159,544.2
811.00037,541.0
811.11914,537.4
811.23792,542.8
811.35663,542.6
811.4754,537.8
811.59418,540.4
811.71295,544.6
811.83167,545.0
811.95044,542.0
812.06921,549.2
812.18793,543.2
812.3067,542.2
812.42542,539.2
812.54419,540.2
812.6629,541.4
812.78162,543.0
812.90039,539.6
813.0191,542.2
813.13782,542.6
813.25653,535.4
813.37524,539.0
813.49402,542.8
813.61273,540.4
813.73145,537.0
813.85016,541.8
813.96887,537.8
814.08759,540.2
814.2063,538.2
814.32495,545.0
814.44366,540.2
814.56238,534.0
814.68109,531.2
814.79974,537.0
814.91846,533.6
815.03717,534.4
815.15582,537.0
815.27454,532.8
815.39319,530.4
815.5119,530.2
815.63055,529.4
815.74927,534.6
815.86792,534.0
815.98657,530.4
816.10529,533.4
816.22394,538.2
816.34259,529.2
816.46124,537.6
816.5799,544.0
816.69855,535.4
816.8172,538.0
816.93585,528.2
817.0545,529.2
817.17316,530.8
817.29181,522.8
817.41046,524.4
817.52911,525.6
817.64771,524.2
817.76636,518.8
817.88501,520.4
818.0036,522.0
818.12225,520.6
818.24091,511.8
818.3595,510.0
818.47815,513.6
818.59674,518.8
818.71533,513.4
818.83398,512.2
818.95258,509.8
819.07117,508.4
819.18976,508.6
819.30841,511.4
819.427,513.0
819.54559,512.6
819.66418,506.8
819.78278,511.6
819.90137,503.6
820.01996,502.6
820.13855,501.6
820.25714,504.8
820.37573,503.0
820.49426,506.4
820.61285,506.6
820.73145,499.4
820.84998,493.4
820.96857,493.4
821.08716,500.2
821.20569,499.8
821.32428,499.6
821.44281,498.4
821.56134,498.6
821.67993,499.0
821.79846,504.8
821.91699,496.2
822.03558,498.4
822.15411,499.2
822.27264,495.2
822.39117,502.2
822.5097,494.0
822.62823,500.2
822.74677,495.6
822.8653,496.8
822.98383,497.0
823.10236,499.0
823.22089,491.4
823.33942,492.6
823.45789,491.8
823.57642,497.0
823.69495,495.8
823.81342,494.8
823.93195,492.8
824.05042,496.6
824.16895,492.6
824.28741,500.2
824.40594,491.8
824.52441,498.2
824.64288,490.0
824.76141,494.2
824.87988,490.8
824.99835,488.2
825.11682,492.4
825.23529,497.6
825.35376,491.6
825.47223,490.4
825.5907,493.6
825.70917,489.4
825.82764,496.4
825.94611,489.6
826.06458,490.2
826.18304,489.6
826.30145,492.4
826.41992,486.8
826.53839,486.2
826.6568,491.2
826.77527,487.0
826.89368,484.0
827.01215,489.0
827.13055,488.4
827.24902,487.6
827.36743,488.2
827.48584,486.6
827.60431,484.2
827.72272,488.8
827.84113,486.8
827.95953,482.8
828.07794,485.0
828.19635,490.4
828.31476,486.0
828.43317,478.0
828.55157,485.4
828.66998,485.0
828.78839,488.6
828.90674,486.4
829.02515,489.4
829.14355,488.2
829.2619,483.0
829.38031,481.8
829.49872,481.8
829.61707,478.8
829.73547,485.6
829.85382,485.6
829.97217,484.8
830.09058,488.4
830.20892,482.8
830.32727,483.4
830.44562,480.6
830.56403,480.2
830.68237,486.0
830.80072,481.6
830.91907,489.6
831.03741,477.6
831.15576,484.2
831.27411,481.0
831.3924,485.2
831.51074,482.2
831.62909,488.8
831.74744,478.6
831.86572,487.4
831.98407,482.6
832.10242,490.2
832.2207,484.8
832.33905,482.6
832.45734,482.2
832.57562,486.8
832.69397,486.8
832.81226,487.0
832.93054,488.6
833.04889,487.4
833.16718,489.0
833.28546,489.8
833.40375,496.8
833.52203,492.4
833.64032,488.4
833.75861,491.0
833.87689,492.8
833.99518,499.4
834.1134,497.8
834.23169,498.0
834.34998,496.2
834.46826,499.4
834.58649,495.4
834.70477,493.8
834.823,493.0
834.94128,496.2
835.05951,492.4
835.1778,495.4
835.29602,492.6
835.41425,493.2
835.53253,490.6
835.65076,491.8
835.76898,486.6
835.88721,492.2
836.00543,493.0
836.12366,491.6
836.24188,488.4
836.36011,491.0
836.47833,490.2
836.59656,487.4
836.71478,487.0
836.83295,483.8
836.95117,486.6
837.0694,488.4
837.18756,487.4
837.30579,486.8
837.42401,494.8
837.54218,487.6
837.66034,483.0
837.77856,492.8
837.89673,490.4
838.01489,493.2
838.13312,485.8
838.25128,486.6
838.36945,487.4
838.48761,488.4
838.60577,488.4
838.72394,486.2
838.8421,485.6
838.96027,492.0
839.07843,486.2
839.19659,487.4
839.31476,494.6
839.43286,493.0
839.55103,487.4
839.66919,491.2
839.78729,490.8
839.90546,489.6
840.02356,495.2
840.14172,486.8
840.25983,488.0
840.37793,487.0
840.49609,489.6
840.6142,486.8
840.7323,486.8
840.8504,489.6
840.96851,489.0
841.08661,486.0
841.20471,489.2
841.32281,490.8
841.44092,487.0
841.55902,489.8
841.67712,487.8
841.79523,494.8
841.91327,482.2
842.03137,491.2
842.14948,486.8
842.26752,491.4
842.38562,485.6
842.50366,485.2
842.62177,486.8
842.73981,486.4
842.85791,486.8
842.97595,488.8
843.09399,490.4
843.21204,491.8
843.33008,483.0
843.44818,487.4
843.56622,482.4
843.68427,486.8
843.80231,487.0
843.92029,485.4
844.03833,495.2
844.15637,484.8
844.27441,486.8
844.39246,488.6
844.51044,487.4
844.62848,488.8
844.74646,486.4
844.8645,489.2
844.98248,487.8
845.10052,488.4
845.21851,485.0
845.33649,486.2
845.45453,488.4
845.57251,490.2
845.69049,484.6
845.80847,484.8
845.92645,485.4
846.04443,482.8
846.16241,488.4
846.2804,486.4
846.39838,480.6
846.51636,487.0
846.63434,489.6
846.75226,487.2
846.87024,493.0
846.98822,491.4
847.10614,486.2
847.22412,490.6
847.34204,493.4
847.46002,492.2
847.57794,487.8
847.69586,494.8
847.81384,490.4
847.93176,490.6
848.04968,489.0
848.1676,493.8
848.28552,493.8
848.40344,491.6
848.52136,484.0
848.63928,487.6
848.7572,490.2
848.87512,495.0
848.99304,491.4
849.1109,487.0
849.22882,485.2
849.34674,489.2
849.4646,491.0
849.58252,485.8
849.70038,486.2
849.8183,485.0
849.93616,490.0
850.05402,494.2
850.17194,487.8
850.28979,488.8
850.40765,486.2
850.52551,495.2
850.64337,496.2
850.76123,495.2
850.87909,488.0
850.99695,495.6
851.11481,496.4
851.23267,503.2
851.35046,503.4
851.46832,499.8
851.58618,507.8
851.70398,510.0
851.82184,506.0
851.93964,510.8
852.0575,513.4
852.17529,517.0
852.29315,513.2
852.41095,512.8
852.52875,502.4
852.64655,505.2
852.7644,496.6
852.8822,498.0
853.0,492.8
853.1178,494.8
853.2356,492.4
853.35333,493.8
853.47113,489.6
853.58893,493.2
853.70673,490.6
853.82446,491.4
853.94226,488.4
854.06006,490.8
854.1778,492.2
854.29559,492.8
854.41333,490.0
854.53107,488.0
854.64886,492.8
854.7666,490.4
854.88434,488.6
855.00208,491.0
855.11981,495.8
855.23761,496.6
855.35535,492.6
855.47302,486.8
855.59076,497.6
855.7085,491.0
855.82623,488.6
855.94397,492.0
856.06165,493.0
856.17938,494.8
856.29712,492.0
856.41479,492.6
856.53253,489.6
856.65021,486.0
856.76788,484.6
856.88562,493.8
857.0033,490.2
857.12097,492.6
857.23865,489.0
857.35632,487.0
857.474,489.8
857.59167,487.0
857.70935,486.6
857.82703,486.2
857.9447,489.8
858.06238,490.8
858.18005,490.8
858.29767,490.8
858.41534,484.8
858.53296,489.4
858.65063,489.0
858.76825,486.6
858.88593,489.4
859.00354,490.8
859.12115,482.0
859.23883,492.2
859.35645,484.0
859.47406,485.4
859.59167,483.6
859.70929,487.6
859.8269,485.8
859.94452,484.6
860.06213,485.6
860.17975,486.2
860.29736,479.4
860.41492,485.4
860.53253,481.8
860.65009,483.4
860.7677,478.8
860.88525,478.4
861.00287,483.2
861.12042,489.2
861.23804,484.8
861.35559,491.2
861.47314,486.4
861.5907,484.8
861.70825,482.8
861.82581,482.2
861.94336,478.8
862.06091,478.4
862.17847,483.8
862.29602,481.4
862.41357,481.8
862.53113,481.6
862.64862,476.6
862.76617,481.2
862.88367,481.6
863.00122,484.0
863.11871,479.8
863.23627,482.8
863.35376,485.0
863.47125,480.4
863.58881,479.6
863.7063,483.6
863.82379,479.4
863.94128,480.0
864.05878,483.6
864.17627,488.2
864.29376,488.4
864.41125,487.4
864.52869,481.6
864.64618,482.6
864.76367,485.2
864.8811,483.6
864.9986,482.2
865.11609,483.2
865.23352,475.8
865.35095,480.8
865.46844,479.4
865.58588,476.6
865.70331,483.0
865.82074,481.2
865.93823,482.0
866.05566,481.2
866.1731,481.4
866.29053,476.6
866.4079,483.2
866.52533,480.4
866.64276,479.6
866.76019,482.0
866.87756,483.8
866.995,483.8
867.11243,482.0
867.2298,487.0
867.34723,479.2
867.4646,481.2
867.58197,479.8
867.6994,486.2
867.81677,485.2
867.93414,482.2
868.05151,484.0
868.16888,486.0
868.28625,484.8
868.40363,481.6
868.521,481.2
868.63837,480.6
868.75568,485.0
868.87305,484.4
868.99042,489.0
869.10773,484.0
869.2251,481.2
869.34241,485.6
869.45978,485.0
869.57709,488.4
869.69446,485.8
869.81177,485.8
869.92908,488.2
870.04639,488.6
870.1637,483.0
870.28101,490.0
870.39832,486.2
870.51563,482.8
870.63293,487.8
870.75024,487.2
870.86749,484.4
870.9848,485.6
871.10211,484.0
871.21936,483.8
871.33667,488.8
871.45392,485.4
871.57123,483.4
871.68848,485.2
871.80573,488.2
871.92297,487.6
872.04028,482.4
872.15753,488.2
872.27478,481.0
872.39203,484.8
872.50928,480.8
872.62646,484.2
872.74371,482.4
872.86096,484.2
872.97821,486.2
873.0954,484.6
873.21265,481.6
873.32983,480.8
873.44708,490.6
873.56427,485.4
873.68152,484.8
873.79871,485.6
873.91589,485.0
874.03308,487.0
874.15027,488.0
874.26746,483.2
874.38464,485.2
874.50183,482.4
874.61902,485.6
874.73621,485.4
874.85339,485.0
874.97052,489.2
875.08771,484.0
875.2049,487.6
875.32202,481.8
875.43921,489.2
875.55634,488.2
875.67346,488.8
875.79065,486.2
875.90778,486.6
876.0249,485.8
876.14203,480.6
876.25916,487.2
876.37628,484.4
876.49341,487.8
876.61053,489.0
876.72766,488.8
876.84473,489.8
876.96185,486.4
877.07898,485.4
877.19604,488.6
877.31317,489.2
877.43024,485.4
877.54736,485.6
877.66443,484.8
877.78149,483.6
877.89856,484.4
878.01569,486.6
878.13275,481.8
878.24982,490.8
878.36688,485.0
878.48395,482.6
878.60095,487.0
878.71802,481.0
878.83508,481.6
878.95215,483.2
879.06915,480.4
879.18622,485.0
879.30322,482.2
879.42029,480.2
879.53729,482.4
879.6543,480.8
879.77136,477.0
879.88837,478.6
880.00537,483.2
880.12238,486.4
880.23938,481.6
880.35638,481.8
880.47339,481.4
880.59039,481.0
880.70734,483.2
880.82434,481.8
880.94135,482.2
881.05829,483.4
881.17529,482.4
881.29224,487.4
881.40924,481.2
881.52618,478.2
881.64313,482.8
881.76007,481.4
881.87701,484.4
881.99402,487.8
882.11096,483.2
882.22791,482.4
882.34479,479.8
882.46173,479.6
882.57867,484.8
882.69562,481.8
882.8125,482.4
882.92944,486.6
883.04639,484.6
883.16327,485.2
883.28015,482.0
883.39709,480.4
883.51398,485.2
883.63086,485.0
883.74774,488.6
883.86462,490.4
883.98157,484.4
884.09839,485.6
884.21527,487.4
884.33215,484.2
884.44904,486.6
884.56592,493.6
884.68274,485.2
884.79962,489.2
884.9165,490.8
885.03333,492.6
885.15015,489.0
885.26703,497.2
885.38385,489.2
885.50067,499.4
885.61749,493.8
885.73438,498.0
885.8512,496.8
885.96802,490.4
886.08478,491.0
886.2016,491.8
886.31842,490.4
886.43524,493.0
886.55206,489.8
886.66882,490.8
886.78564,492.6
886.9024,495.8
887.01923,492.6
887.13599,486.2
887.25275,482.2
887.36951,487.4
887.48633,487.8
887.60309,489.8
887.71985,485.0
887.83661,483.0
887.95337,478.0
888.07007,483.2
888.18683,479.8
888.30359,482.0
888.42035,483.0
888.53705,476.4
888.65381,477.2
888.77051,480.8
888.88721,476.0
889.00397,477.4
889.12067,477.0
889.23737,476.0
889.35406,478.8
889.47083,478.6
889.58752,481.8
889.70416,482.8
889.82086,480.4
889.93756,477.8
890.05426,475.6
890.17096,481.2
890.2876,478.6
890.4043,474.2
890.52094,478.8
890.63763,472.4
890.75427,483.8
890.87091,483.2
890.98761,477.2
891.10425,484.0
891.22089,478.4
891.33752,477.0
891.45416,478.8
891.5708,478.0
891.68744,482.0
891.80408,479.0
891.92065,478.2
892.03729,479.4
892.15393,479.2
892.27051,479.2
892.38715,481.0
892.50372,480.0
892.6203,481.6
892.73694,481.6
892.85352,486.0
892.97009,477.2
893.08667,480.8
893.20325,478.4
893.31982,479.4
893.4364,487.2
893.55298,478.6
893.66956,483.8
893.78607,484.2
893.90265,488.6
894.01917,484.0
894.13574,482.6
894.25226,483.0
894.36884,484.4
894.48535,483.2
894.60187,488.0
894.71838,484.8
894.8349,484.0
894.95148,483.4
895.06793,480.0
895.18445,480.0
895.30096,477.2
895.41748,481.4
895.534,478.6
895.65045,475.6
895.76697,485.2
895.88342,483.6
895.99994,481.0
896.11639,481.6
896.23291,483.8
896.34937,481.4
896.46582,483.4
896.58228,486.2
896.69873,486.0
896.81519,486.6
896.93164,481.6
897.0481,485.2
897.16455,485.8
897.28094,481.6
897.3974,480.0
897.51385,484.4
897.63025,483.6
897.7467,484.0
897.8631,488.8
897.97949,485.4
898.09595,484.0
898.21234,484.6
898.32874,487.8
898.44513,483.6
898.56152,481.2
898.67792,476.8
898.79431,480.8
898.91064,479.2
899.02704,480.0
899.14343,480.6
899.25977,480.6
899.37616,476.8
899.49249,482.0
899.60889,475.4
899.72522,479.4
899.84155,482.8
899.95789,484.0
900.07428,482.8
900.19061,479.4
900.30695,484.2
900.42322,487.0
900.53955,478.6
900.65588,480.8
900.77222,481.2
900.88849,486.8
901.00482,480.2
901.12109,479.0
901.23743,488.6
901.3537,482.0
901.47003,481.4
901.5863,481.2
901.70258,483.6
901.81885,479.8
901.93512,485.4
902.05139,481.2
902.16766,485.0
902.28394,478.4
902.40021,485.2
902.51642,487.2
902.63269,481.8
902.7489,480.8
902.86517,481.8
902.98138,480.6
903.09766,477.0
903.21387,480.2
903.33008,478.6
903.44629,482.4
903.5625,480.6
903.67871,481.8
903.79492,478.2
903.91113,480.0
904.02734,479.6
904.14355,481.8
904.2597,479.8
904.37592,478.4
904.49207,475.4
904.60828,474.6
904.72443,471.0
904.84064,475.2
904.95679,470.2
905.07294,478.0
905.18909,471.6
905.30524,473.0
905.42139,471.2
905.53754,473.4
905.65369,470.2
905.76984,469.4
905.88593,470.6
906.00208,470.8
906.11816,470.2
906.23431,468.6
906.3504,470.8
906.46655,471.2
906.58264,466.2
906.69873,465.4
906.81482,469.4
906.93091,466.2
907.047,469.0
907.16309,470.6
907.27917,472.0
907.39526,469.6
907.51135,467.4
907.62738,469.0
907.74347,466.4
907.8595,465.6
907.97559,469.4
908.09161,468.4
908.2077,465.4
908.32373,467.0
908.43976,465.4
908.55579,467.2
908.67181,464.6
908.78784,466.2
908.90387,469.4
909.0199,472.6
909.13586,467.2
909.25189,469.2
909.36792,467.6
909.48389,468.2
909.59991,465.6
909.71588,467.2
909.83185,468.6
909.94788,463.8
910.06384,469.8
910.17981,471.8
910.29578,466.2
910.41174,463.0
910.52771,472.6
910.64368,469.8
910.75958,465.0
910.87555,469.2
910.99152,462.0
911.10742,468.8
911.22339,463.4
911.33929,469.4
911.4552,470.0
911.57117,459.0
911.68707,468.4
911.80298,466.2
911.91888,467.2
912.03479,467.8
912.1507,472.6
912.2666,469.6
912.38245,468.4
912.49835,470.8
912.61426,468.2
912.7301,462.0
912.84601,467.6
792.4458,593.2
792.56488,584.4
792.68396,590.4
792.8031,589.2
792.92218,574.0
793.04126,569.6
793.16034,575.2
793.27942,575.8
793.3985,563.6
793.51758,556.4
793.63672,556.2
793.7558,549.0
793.87488,563.2
793.9939,555.6
794.11298,554.8
794.23206,547.4
794.35114,546.8
794.47021,534.0
794.58929,542.2
794.70831,532.8
794.82739,539.8
794.94647,536.2
795.06549,534.2
795.18457,532.0
795.30365,532.4
795.42267,528.8
795.54175,530.8
795.66077,524.8
795.77985,521.2
795.89886,528.0
796.01794,523.6
796.13696,523.2
796.25598,521.6
796.375,520.2
796.49408,518.0
796.6131,519.4
796.73212,518.0
796.85114,517.4
796.97015,521.2
797.08923,516.2
797.20825,518.2
797.32727,510.0
797.44629,522.8
797.56531,518.2
797.68427,514.0
797.80328,511.6
797.9223,512.2
798.04132,521.0
798.16034,510.2
798.27936,512.8
798.39832,516.6
798.51733,514.0
798.63635,512.2
798.75531,511.4
798.87433,510.0
798.99329,505.8
799.1123,506.8
799.23126,512.2
799.35028,515.0
799.46924,511.2
799.58826,512.8
799.70721,510.6
799.82617,518.6
799.94519,512.6
800.06415,515.8
800.18311,512.6
800.30206,514.4
800.42102,515.6
800.54004,513.8
800.659,509.6
800.77795,510.4
800.89691,514.8
801.01587,510.4
801.13483,511.0
801.25372,511.6
801.37268,508.8
801.49164,513.4
801.6106,513.2
801.72955,518.4
801.84845,516.2
801.96741,515.0
802.08636,511.4
802.20526,513.8
802.32422,511.2
802.44318,517.8
802.56207,516.8
802.68103,516.8
802.79993,515.4
802.91882,519.4
803.03778,510.8
803.15668,513.4
803.27557,514.0
803.39453,517.2
803.51343,513.6
803.63232,516.0
803.75122,512.2
803.87012,522.2
803.98907,515.0
804.10797,519.4
804.22687,516.2
804.34576,515.6
804.46466,520.8
804.58356,517.6
804.70239,516.0
804.82129,517.6
804.94019,515.6
805.05908,514.8
805.17798,520.8
805.29681,524.2
805.41571,520.0
805.53461,521.0
805.65344,523.6
805.77234,523.6
805.89117,524.2
806.01007,526.6
806.12891,523.0
806.2478,525.0
806.36664,516.4
806.48547,526.6
806.60437,524.4
806.72321,522.6
806.84204,524.8
806.96088,520.2
807.07971,525.0
807.19861,527.6
807.31744,523.6
807.43628,526.6
807.55511,519.6
807.67395,528.2
807.79279,519.2
807.91162,525.2
808.0304,529.6
808.14923,524.0
808.26807,528.2
808.3869,529.4
808.50568,529.8
808.62451,532.0
808.74335,527.8
808.86212,530.2
808.98096,530.8
809.09979,526.2
809.21857,529.6
809.33734,532.6
809.45618,527.2
809.57495,529.8
809.69379,530.4
809.81256,533.0
809.93134,530.4
810.05011,529.4
810.16895,527.6
810.28772,524.0
810.40649,529.6
810.52527,533.8
810.64404,529.2
810.76282,536.0
810.88159,535.0
811.00037,532.0
811.11914,529.0
811.23792,536.6
811.35663,534.0
811.4754,531.6
811.59418,533.4
811.71295,535.2
811.83167,532.8
811.95044,534.2
812.06921,531.0
812.18793,536.2
812.3067,528.0
812.42542,533.0
812.54419,533.6
812.6629,533.4
812.78162,529.4
812.90039,529.4
813.0191,529.6
813.13782,531.8
813.25653,528.4
813.37524,529.8
813.49402,527.6
813.61273,532.8
813.73145,530.8
813.85016,536.0
813.96887,520.4
814.08759,526.6
814.2063,522.2
814.32495,533.4
814.44366,531.0
814.56238,525.8
814.68109,532.0
814.79974,526.0
814.91846,525.4
815.03717,526.2
815.15582,525.8
815.27454,525.8
815.39319,522.2
815.5119,520.6
815.63055,522.0
815.74927,528.0
815.86792,525.6
815.98657,521.4
816.10529,523.0
816.22394,521.2
816.34259,523.2
816.46124,531.6
816.5799,523.6
816.69855,526.6
816.8172,524.2
816.93585,525.6
817.0545,520.6
817.17316,518.4
817.29181,520.8
817.41046,519.0
817.52911,510.6
817.64771,512.8
817.76636,506.0
817.88501,504.4
818.0036,507.6
818.12225,505.8
818.24091,503.4
818.3595,497.2
818.47815,498.2
818.59674,500.6
818.71533,498.6
818.83398,495.4
818.95258,493.4
819.07117,491.2
819.18976,495.4
819.30841,493.8
819.427,496.0
819.54559,493.2
819.66418,491.8
819.78278,492.4
819.90137,494.4
820.01996,494.4
820.13855,488.4
820.25714,490.4
820.37573,485.8
820.49426,490.4
820.61285,489.6
820.73145,486.8
820.84998,486.4
820.96857,487.2
821.08716,483.4
821.20569,489.6
821.32428,485.0
821.44281,489.0
821.56134,484.8
821.67993,486.8
821.79846,489.2
821.91699,485.0
822.03558,484.2
822.15411,490.6
822.27264,483.8
822.39117,483.8
822.5097,480.4
822.62823,482.8
822.74677,480.2
822.8653,486.2
822.98383,485.6
823.10236,489.0
823.22089,483.6
823.33942,476.6
823.45789,484.2
823.57642,490.8
823.69495,486.4
823.81342,486.6
823.93195,479.8
824.05042,484.6
824.16895,489.8
824.28741,488.6
824.40594,480.4
824.52441,483.8
824.64288,482.8
824.76141,482.8
824.87988,478.8
824.99835,480.8
825.11682,482.4
825.23529,482.0
825.35376,481.0
825.47223,480.6
825.5907,479.0
825.70917,482.0
825.82764,477.8
825.94611,481.4
826.06458,477.2
826.18304,474.8
826.30145,483.4
826.41992,482.4
826.53839,479.2
826.6568,480.0
826.77527,480.6
826.89368,479.0
827.01215,474.6
827.13055,475.8
827.24902,478.4
827.36743,476.6
827.48584,477.0
827.60431,476.8
827.72272,473.6
827.84113,477.8
827.95953,471.8
828.07794,477.0
828.19635,473.8
828.31476,474.0
828.43317,478.6
828.55157,471.2
828.66998,476.0
828.78839,475.6
828.90674,475.4
829.02515,475.0
829.14355,475.0
829.2619,476.8
829.38031,471.0
829.49872,473.8
829.61707,471.4
829.73547,472.2
829.85382,471.6
829.97217,473.6
830.09058,472.6
830.20892,476.8
830.32727,470.4
830.44562,474.2
830.56403,473.8
830.68237,475.0
830.80072,468.2
830.91907,474.4
831.03741,477.0
831.15576,471.4
831.27411,473.2
831.3924,480.4
831.51074,477.0
831.62909,469.4
831.74744,473.2
831.86572,476.4
831.98407,475.0
832.10242,475.8
832.2207,475.2
832.33905,470.0
832.45734,470.2
832.57562,478.2
832.69397,478.6
832.81226,474.4
832.93054,472.6
833.04889,474.2
833.16718,472.8
833.28546,474.8
833.40375,478.4
833.52203,473.4
833.64032,474.2
833.75861,478.8
833.87689,475.6
833.99518,479.4
834.1134,475.4
834.23169,477.0
834.34998,477.4
834.46826,475.6
834.58649,478.2
834.70477,480.4
834.823,472.8
834.94128,483.4
835.05951,479.2
835.1778,476.8
835.29602,476.2
835.41425,481.2
835.53253,473.8
835.65076,476.2
835.76898,477.0
835.88721,473.6
836.00543,478.2
836.12366,479.6
836.24188,479.8
836.36011,477.0
836.47833,481.0
836.59656,483.0
836.71478,477.4
836.83295,483.6
836.95117,477.6
837.0694,482.2
837.18756,480.4
837.30579,479.2
837.42401,478.2
837.54218,476.0
837.66034,479.0
837.77856,481.2
837.89673,482.2
838.01489,482.2
838.13312,481.8
838.25128,480.4
838.36945,481.2
838.48761,481.4
838.60577,478.4
838.72394,478.2
838.8421,478.8
838.96027,483.4
839.07843,479.2
839.19659,473.6
839.31476,483.0
839.43286,481.2
839.55103,480.8
839.66919,479.4
839.78729,477.8
839.90546,479.6
840.02356,477.8
840.14172,477.6
840.25983,475.0
840.37793,476.8
840.49609,479.6
840.6142,478.2
840.7323,479.8
840.8504,473.4
840.96851,472.4
841.08661,473.6
841.20471,473.6
841.32281,476.0
841.44092,474.4
841.55902,478.8
841.67712,469.8
841.79523,477.2
841.91327,471.0
842.03137,476.4
842.14948,475.4
842.26752,474.4
842.38562,472.8
842.50366,473.2
842.62177,471.8
842.73981,476.0
842.85791,472.6
842.97595,476.6
843.09399,479.2
843.21204,472.4
843.33008,475.2
843.44818,474.0
843.56622,472.4
843.68427,474.2
843.80231,475.6
843.92029,474.2
844.03833,479.0
844.15637,472.6
844.27441,476.2
844.39246,472.8
844.51044,475.6
844.62848,478.8
844.74646,474.2
844.8645,475.6
844.98248,471.2
845.10052,474.6
845.21851,471.4
845.33649,472.0
845.45453,478.0
845.57251,476.0
845.69049,471.0
845.80847,473.2
845.92645,470.4
846.04443,469.2
846.16241,471.4
846.2804,472.4
846.39838,470.4
846.51636,472.4
846.63434,473.4
846.75226,470.4
846.87024,472.0
846.98822,474.0
847.10614,475.4
847.22412,472.8
847.34204,469.6
847.46002,474.6
847.57794,477.2
847.69586,472.2
847.81384,474.6
847.93176,474.6
848.04968,476.0
848.1676,473.4
848.28552,476.4
848.40344,471.2
848.52136,474.4
848.63928,470.6
848.7572,477.2
848.87512,475.8
848.99304,472.8
849.1109,477.8
849.22882,473.0
849.34674,476.4
849.4646,473.6
849.58252,475.0
849.70038,467.4
849.8183,473.2
849.93616,475.2
850.05402,481.0
850.17194,474.4
850.28979,472.0
850.40765,472.8
850.52551,476.6
850.64337,476.8
850.76123,473.8
850.87909,475.0
850.99695,476.2
851.11481,474.0
851.23267,480.6
851.35046,478.4
851.46832,476.8
851.58618,478.4
851.70398,483.4
851.82184,478.8
851.93964,476.4
852.0575,479.2
852.17529,484.6
852.29315,482.4
852.41095,479.4
852.52875,479.8
852.64655,480.6
852.7644,475.4
852.8822,479.2
853.0,471.6
853.1178,481.0
853.2356,477.6
853.35333,473.0
853.47113,479.8
853.58893,473.2
853.70673,476.6
853.82446,478.0
853.94226,475.4
854.06006,480.8
854.1778,478.0
854.29559,473.6
854.41333,476.2
854.53107,474.2
854.64886,478.0
854.7666,474.6
854.88434,475.0
855.00208,478.8
855.11981,475.2
855.23761,481.4
855.35535,474.6
855.47302,476.4
855.59076,478.0
855.7085,477.2
855.82623,474.4
855.94397,478.8
856.06165,476.6
856.17938,480.0
856.29712,479.2
856.41479,478.2
856.53253,477.6
856.65021,472.2
856.76788,477.2
856.88562,480.0
857.0033,477.0
857.12097,479.4
857.23865,476.6
857.35632,476.0
857.474,479.6
857.59167,476.4
857.70935,476.2
857.82703,475.6
857.9447,475.0
858.06238,475.2
858.18005,472.8
858.29767,477.0
858.41534,471.4
858.53296,474.4
858.65063,477.6
858.76825,473.0
858.88593,473.8
859.00354,476.6
859.12115,471.2
859.23883,475.6
859.35645,473.8
859.47406,474.6
859.59167,472.6
859.70929,475.0
859.8269,472.0
859.94452,468.2
860.06213,474.2
860.17975,472.8
860.29736,474.8
860.41492,472.0
860.53253,468.8
860.65009,471.4
860.7677,471.6
860.88525,474.6
861.00287,473.6
861.12042,472.2
861.23804,475.6
861.35559,472.0
861.47314,471.8
861.5907,473.2
861.70825,474.6
861.82581,469.0
861.94336,472.6
862.06091,474.2
862.17847,476.0
862.29602,473.8
862.41357,469.0
862.53113,468.6
862.64862,475.6
862.76617,470.2
862.88367,469.6
863.00122,475.2
863.11871,471.6
863.23627,474.2
863.35376,469.0
863.47125,475.6
863.58881,475.4
863.7063,473.4
863.82379,469.8
863.94128,469.8
864.05878,472.2
864.17627,474.6
864.29376,470.0
864.41125,468.2
864.52869,467.2
864.64618,474.0
864.76367,472.6
864.8811,481.8
864.9986,476.6
865.11609,470.8
865.23352,472.2
865.35095,475.0
865.46844,471.6
865.58588,467.0
865.70331,472.6
865.82074,478.2
865.93823,472.8
866.05566,473.0
866.1731,468.2
866.29053,474.4
866.4079,471.2
866.52533,468.6
866.64276,478.6
866.76019,469.2
866.87756,470.6
866.995,469.8
867.11243,471.4
867.2298,475.8
867.34723,473.6
867.4646,469.8
867.58197,473.2
867.6994,473.6
867.81677,476.4
867.93414,472.8
868.05151,467.6
868.16888,476.4
868.28625,473.6
868.40363,474.4
868.521,476.0
868.63837,471.6
868.75568,472.4
868.87305,471.6
868.99042,470.4
869.10773,473.4
869.2251,472.2
869.34241,476.6
869.45978,475.2
869.57709,473.8
869.69446,473.8
869.81177,477.6
869.92908,476.0
870.04639,473.8
870.1637,471.0
870.28101,472.8
870.39832,475.4
870.51563,471.4
870.63293,471.8
870.75024,477.8
870.86749,474.8
870.9848,472.6
871.10211,469.2
871.21936,474.8
871.33667,469.4
871.45392,470.4
871.57123,470.4
871.68848,475.0
871.80573,477.0
871.92297,478.6
872.04028,465.4
872.15753,476.4
872.27478,473.0
872.39203,471.8
872.50928,475.8
872.62646,473.0
872.74371,476.4
872.86096,473.6
872.97821,474.2
873.0954,472.4
873.21265,467.2
873.32983,471.0
873.44708,476.0
873.56427,474.8
873.68152,472.4
873.79871,472.8
873.91589,468.0
874.03308,476.2
874.15027,469.8
874.26746,471.0
874.38464,470.8
874.50183,475.2
874.61902,472.6
874.73621,471.4
874.85339,473.2
874.97052,472.8
875.08771,471.0
875.2049,473.6
875.32202,467.6
875.43921,472.2
875.55634,475.4
875.67346,477.8
875.79065,469.4
875.90778,474.4
876.0249,471.8
876.14203,468.4
876.25916,471.4
876.37628,472.0
876.49341,474.6
876.61053,474.2
876.72766,473.0
876.84473,476.6
876.96185,470.8
877.07898,472.8
877.19604,474.6
877.31317,472.6
877.43024,474.2
877.54736,472.6
877.66443,473.8
877.78149,472.4
877.89856,471.4
878.01569,471.6
878.13275,472.8
878.24982,473.0
878.36688,472.4
878.48395,474.8
878.60095,473.8
878.71802,471.0
878.83508,471.4
878.95215,472.4
879.06915,467.8
879.18622,471.4
879.30322,470.6
879.42029,473.0
879.53729,476.4
879.6543,474.6
879.77136,470.8
879.88837,474.2
880.00537,468.4
880.12238,474.6
880.23938,465.6
880.35638,475.8
880.47339,471.2
880.59039,471.6
880.70734,472.4
880.82434,465.2
880.94135,473.6
881.05829,474.0
881.17529,470.4
881.29224,473.6
881.40924,469.4
881.52618,467.8
881.64313,468.8
881.76007,471.2
881.87701,471.4
881.99402,471.4
882.11096,468.6
882.22791,466.6
882.34479,473.0
882.46173,472.8
882.57867,470.8
882.69562,472.8
882.8125,476.6
882.92944,471.8
883.04639,470.8
883.16327,476.2
883.28015,474.0
883.39709,470.0
883.51398,477.0
883.63086,473.0
883.74774,472.6
883.86462,474.6
883.98157,472.8
884.09839,471.8
884.21527,473.6
884.33215,475.6
884.44904,471.6
884.56592,474.0
884.68274,476.4
884.79962,472.0
884.9165,473.6
885.03333,479.4
885.15015,472.8
885.26703,476.8
885.38385,475.6
885.50067,482.8
885.61749,473.8
885.73438,476.4
885.8512,477.4
885.96802,479.6
886.08478,477.0
886.2016,475.8
886.31842,471.6
886.43524,474.6
886.55206,477.0
886.66882,474.6
886.78564,476.6
886.9024,479.4
887.01923,473.6
887.13599,477.8
887.25275,474.6
887.36951,478.0
887.48633,476.2
887.60309,480.8
887.71985,473.8
887.83661,476.6
887.95337,472.6
888.07007,467.6
888.18683,475.6
888.30359,476.0
888.42035,477.6
888.53705,476.0
888.65381,475.4
888.77051,475.4
888.88721,469.8
889.00397,474.6
889.12067,470.0
889.23737,471.2
889.35406,474.4
889.47083,473.8
889.58752,467.6
889.70416,473.2
889.82086,476.2
889.93756,474.4
890.05426,472.0
890.17096,476.6
890.2876,471.2
890.4043,475.0
890.52094,473.0
890.63763,473.4
890.75427,469.8
890.87091,476.4
890.98761,475.0
891.10425,473.0
891.22089,475.6
891.33752,476.0
891.45416,475.6
891.5708,476.8
891.68744,471.8
891.80408,474.6
891.92065,474.2
892.03729,468.6
892.15393,470.6
892.27051,470.8
892.38715,475.6
892.50372,472.8
892.6203,480.6
892.73694,477.8
892.85352,478.2
892.97009,476.8
893.08667,475.4
893.20325,479.4
893.31982,478.4
893.4364,479.4
893.55298,474.2
893.66956,476.0
893.78607,478.4
893.90265,478.4
894.01917,475.4
894.13574,480.8
894.25226,476.6
894.36884,479.8
894.48535,476.2
894.60187,476.6
894.71838,479.0
894.8349,476.4
894.95148,478.4
895.06793,480.2
895.18445,479.6
895.30096,477.0
895.41748,475.8
895.534,475.6
895.65045,476.0
895.76697,482.0
895.88342,476.0
895.99994,477.6
896.11639,475.0
896.23291,477.0
896.34937,480.2
896.46582,474.2
896.58228,475.6
896.69873,480.0
896.81519,476.4
896.93164,476.6
897.0481,473.0
897.16455,475.4
897.28094,480.0
897.3974,473.4
897.51385,474.6
897.63025,475.4
897.7467,475.4
897.8631,474.2
897.97949,479.6
898.09595,473.8
898.21234,474.4
898.32874,477.8
898.44513,471.2
898.56152,471.8
898.67792,479.2
898.79431,476.6
898.91064,481.4
899.02704,471.6
899.14343,476.8
899.25977,472.6
899.37616,471.4
899.49249,478.6
899.60889,476.2
899.72522,475.4
899.84155,472.8
899.95789,479.2
900.07428,479.0
900.19061,478.6
900.30695,474.2
900.42322,469.8
900.53955,473.2
900.65588,470.4
900.77222,475.6
900.88849,472.0
901.00482,470.6
901.12109,474.4
901.23743,473.4
901.3537,469.8
901.47003,469.8
901.5863,470.8
901.70258,474.6
901.81885,472.2
901.93512,472.0
902.05139,469.8
902.16766,471.0
902.28394,475.6
902.40021,470.8
902.51642,472.6
902.63269,471.8
902.7489,471.6
902.86517,478.2
902.98138,467.0
903.09766,470.4
903.21387,470.0
903.33008,472.4
903.44629,474.6
903.5625,470.0
903.67871,468.6
903.79492,475.4
903.91113,473.8
904.02734,466.0
904.14355,472.0
904.2597,466.6
904.37592,470.8
904.49207,469.8
904.60828,466.4
904.72443,466.8
904.84064,466.4
904.95679,468.0
905.07294,470.0
905.18909,472.2
905.30524,464.2
905.42139,469.2
905.53754,465.2
905.65369,468.6
905.76984,465.2
905.88593,468.2
906.00208,471.6
906.11816,463.2
906.23431,465.6
906.3504,459.4
906.46655,464.8
906.58264,462.4
906.69873,466.2
906.81482,464.4
906.93091,463.4
907.047,467.4
907.16309,464.6
907.27917,466.4
907.39526,466.4
907.51135,464.2
907.62738,467.4
907.74347,469.2
907.8595,465.4
907.97559,466.6
908.09161,464.6
908.2077,465.2
908.32373,470.2
908.43976,467.8
908.55579,466.4
908.67181,465.8
908.78784,465.6
908.90387,470.8
909.0199,467.2
909.13586,468.6
909.25189,464.2
909.36792,467.8
909.48389,467.6
909.59991,465.0
909.71588,469.2
909.83185,470.6
909.94788,463.6
910.06384,459.2
910.17981,465.6
910.29578,469.8
910.41174,467.8
910.52771,469.8
910.64368,468.6
910.75958,466.6
910.87555,463.8
910.99152,468.4
911.10742,467.6
911.22339,467.2
911.33929,466.2
911.4552,467.6
911.57117,467.8
911.68707,466.6
911.80298,470.0
911.91888,467.6
912.03479,466.8
912.1507,469.0
912.2666,464.2
912.38245,466.8
912.49835,469.2
912.61426,464.6
912.7301,471.6
912.84601,467.0
792.4458,788.4
792.56488,814.8
792.68396,820.2
792.8031,807.0
792.92218,782.6
793.04126,779.8
793.16034,777.6
793.27942,770.6
793.3985,757.8
793.51758,738.4
793.63672,726.2
793.7558,723.8
793.87488,723.6
793.9939,715.4
794.11298,709.8
794.23206,699.6
794.35114,693.2
794.47021,685.0
794.58929,680.2
794.70831,672.2
794.82739,674.6
794.94647,663.4
795.06549,662.0
795.18457,650.0
795.30365,645.8
795.42267,641.2
795.54175,636.0
795.66077,634.0
795.77985,624.2
795.89886,625.2
796.01794,623.6
796.13696,622.4
796.25598,622.2
796.375,616.2
796.49408,612.6
796.6131,615.8
796.73212,611.6
796.85114,604.8
796.97015,606.2
797.08923,598.6
797.20825,601.0
797.32727,596.6
797.44629,596.4
797.56531,591.2
797.68427,590.8
797.80328,594.2
797.9223,591.6
798.04132,589.4
798.16034,588.4
798.27936,585.6
798.39832,585.8
798.51733,574.6
798.63635,578.2
798.75531,576.4
798.87433,578.2
798.99329,572.0
799.1123,566.6
799.23126,572.4
799.35028,582.0
799.46924,579.0
799.58826,580.2
799.70721,576.0
799.82617,575.0
799.94519,574.0
800.06415,577.2
800.18311,572.8
800.30206,573.4
800.42102,575.8
800.54004,572.0
800.659,568.2
800.77795,573.6
800.89691,565.8
801.01587,566.4
801.13483,572.8
801.25372,572.6
801.37268,568.8
801.49164,568.6
801.6106,566.2
801.72955,575.4
801.84845,571.2
801.96741,574.4
802.08636,568.4
802.20526,565.2
802.32422,568.0
802.44318,572.6
802.56207,568.2
802.68103,566.0
802.79993,567.2
802.91882,569.2
803.03778,560.0
803.15668,569.2
803.27557,569.0
803.39453,567.0
803.51343,567.4
803.63232,572.6
803.75122,572.6
803.87012,565.8
803.98907,568.4
804.10797,572.8
804.22687,564.8
804.34576,572.4
804.46466,565.6
804.58356,567.4
804.70239,566.4
804.82129,563.0
804.94019,568.4
805.05908,568.0
805.17798,567.0
805.29681,566.6
805.41571,570.4
805.53461,572.8
805.65344,566.8
805.77234,576.8
805.89117,572.0
806.01007,573.4
806.12891,572.4
806.2478,575.0
806.36664,565.2
806.48547,568.6
806.60437,570.8
806.72321,570.2
806.84204,571.8
806.96088,570.0
807.07971,572.2
807.19861,570.2
807.31744,571.2
807.43628,574.4
807.55511,567.8
807.67395,575.4
807.79279,568.8
807.91162,566.8
808.0304,572.0
808.14923,571.6
808.26807,571.8
808.3869,574.0
808.50568,573.6
808.62451,572.6
808.74335,573.2
808.86212,575.8
808.98096,574.6
809.09979,574.4
809.21857,567.2
809.33734,570.6
809.45618,572.8
809.57495,575.8
809.69379,571.6
809.81256,577.6
809.93134,578.8
810.05011,570.2
810.16895,576.6
810.28772,573.6
810.40649,573.0
810.52527,574.4
810.64404,575.0
810.76282,581.0
810.88159,573.8
811.00037,572.6
811.11914,570.6
811.23792,572.4
811.35663,572.2
811.4754,570.4
811.59418,571.6
811.71295,581.0
811.83167,574.4
811.95044,577.4
812.06921,571.2
812.18793,572.6
812.3067,571.6
812.42542,572.6
812.54419,569.8
812.6629,583.6
812.78162,568.6
812.90039,571.4
813.0191,570.8
813.13782,570.6
813.25653,570.6
813.37524,574.4
813.49402,571.8
813.61273,573.6
813.73145,573.8
813.85016,572.0
813.96887,570.6
814.08759,570.8
814.2063,566.2
814.32495,577.2
814.44366,565.8
814.56238,570.6
814.68109,566.2
814.79974,570.6
814.91846,565.2
815.03717,562.0
815.15582,566.4
815.27454,566.8
815.39319,560.8
815.5119,559.2
815.63055,562.0
815.74927,565.0
815.86792,563.2
815.98657,566.2
816.10529,567.8
816.22394,565.2
816.34259,563.6
816.46124,566.4
816.5799,571.0
816.69855,573.0
816.8172,567.0
816.93585,564.0
817.0545,561.6
817.17316,562.6
817.29181,556.4
817.41046,560.4
817.52911,553.8
817.64771,558.2
817.76636,551.2
817.88501,549.6
818.0036,551.2
818.12225,552.4
818.24091,539.4
818.3595,545.8
818.47815,543.6
818.59674,540.0
818.71533,544.2
818.83398,543.6
818.95258,540.4
819.07117,538.0
819.18976,537.0
819.30841,541.6
819.427,540.4
819.54559,537.4
819.66418,544.2
819.78278,539.8
819.90137,538.8
820.01996,541.6
820.13855,533.6
820.25714,534.4
820.37573,532.6
820.49426,533.6
820.61285,528.0
820.73145,530.8
820.84998,531.6
820.96857,529.0
821.08716,530.8
821.20569,528.0
821.32428,525.0
821.44281,525.6
821.56134,523.6
821.67993,525.8
821.79846,527.2
821.91699,522.0
822.03558,525.8
822.15411,530.6
822.27264,528.2
822.39117,525.2
822.5097,521.8
822.62823,525.6
822.74677,526.0
822.8653,526.0
822.98383,523.8
823.10236,528.6
823.22089,525.6
823.33942,524.6
823.45789,526.4
823.57642,530.0
823.69495,527.4
823.81342,526.4
823.93195,526.0
824.05042,526.0
824.16895,526.4
824.28741,528.2
824.40594,527.8
824.52441,526.2
824.64288,525.4
824.76141,525.6
824.87988,525.2
824.99835,524.0
825.11682,524.0
825.23529,523.4
825.35376,523.4
825.47223,524.0
825.5907,522.8
825.70917,526.6
825.82764,524.8
825.94611,525.0
826.06458,522.8
826.18304,520.8
826.30145,523.8
826.41992,524.8
826.53839,519.8
826.6568,521.4
826.77527,519.8
826.89368,521.8
827.01215,519.4
827.13055,518.0
827.24902,517.0
827.36743,513.8
827.48584,519.4
827.60431,520.6
827.72272,512.0
827.84113,516.2
827.95953,514.4
828.07794,513.6
828.19635,515.2
828.31476,511.8
828.43317,511.4
828.55157,516.4
828.66998,513.8
828.78839,515.0
828.90674,518.2
829.02515,517.2
829.14355,518.4
829.2619,514.8
829.38031,511.8
829.49872,513.2
829.61707,512.2
829.73547,513.0
829.85382,509.4
829.97217,509.6
830.09058,511.2
830.20892,517.6
830.32727,510.6
830.44562,518.4
830.56403,511.2
830.68237,514.8
830.80072,516.0
830.91907,505.4
831.03741,511.8
831.15576,515.0
831.27411,506.6
831.3924,518.8
831.51074,514.8
831.62909,504.6
831.74744,513.0
831.86572,511.2
831.98407,511.2
832.10242,517.6
832.2207,512.6
832.33905,510.2
832.45734,509.6
832.57562,518.8
832.69397,507.6
832.81226,515.6
832.93054,513.2
833.04889,512.8
833.16718,510.2
833.28546,514.0
833.40375,521.4
833.52203,516.4
833.64032,514.0
833.75861,519.4
833.87689,522.2
833.99518,529.4
834.1134,528.0
834.23169,522.0
834.34998,522.2
834.46826,520.6
834.58649,519.4
834.70477,526.4
834.823,521.0
834.94128,529.0
835.05951,526.2
835.1778,522.4
835.29602,516.0
835.41425,524.8
835.53253,516.0
835.65076,514.6
835.76898,518.6
835.88721,519.4
836.00543,515.4
836.12366,521.8
836.24188,514.2
836.36011,517.2
836.47833,517.6
836.59656,521.8
836.71478,515.0
836.83295,519.0
836.95117,513.4
837.0694,514.2
837.18756,516.0
837.30579,520.6
837.42401,518.6
837.54218,516.4
837.66034,515.4
837.77856,517.2
837.89673,516.8
838.01489,519.0
838.13312,517.8
838.25128,521.4
838.36945,521.2
838.48761,517.2
838.60577,522.2
838.72394,522.8
838.8421,518.6
838.96027,522.6
839.07843,514.8
839.19659,517.0
839.31476,518.2
839.43286,522.4
839.55103,517.6
839.66919,521.6
839.78729,521.4
839.90546,520.0
840.02356,517.8
840.14172,518.8
840.25983,513.8
840.37793,519.2
840.49609,517.8
840.6142,518.4
840.7323,510.0
840.8504,523.6
840.96851,515.2
841.08661,519.6
841.20471,520.8
841.32281,517.6
841.44092,516.8
841.55902,520.4
841.67712,514.8
841.79523,519.0
841.91327,520.8
842.03137,517.0
842.14948,510.8
842.26752,510.2
842.38562,513.2
842.50366,517.6
842.62177,517.0
842.73981,516.8
842.85791,516.2
842.97595,521.8
843.09399,515.2
843.21204,525.0
843.33008,519.8
843.44818,515.4
843.56622,515.6
843.68427,517.4
843.80231,519.0
843.92029,515.4
844.03833,517.2
844.15637,517.0
844.27441,516.4
844.39246,517.2
844.51044,516.4
844.62848,514.2
844.74646,517.0
844.8645,518.0
844.98248,516.0
845.10052,516.8
845.21851,514.8
845.33649,514.0
845.45453,516.2
845.57251,517.8
845.69049,515.8
845.80847,517.6
845.92645,511.2
846.04443,515.8
846.16241,517.8
846.2804,515.4
846.39838,511.4
846.51636,518.4
846.63434,515.4
846.75226,518.6
846.87024,513.6
846.98822,517.6
847.10614,513.8
847.22412,515.8
847.34204,516.0
847.46002,517.8
847.57794,518.8
847.69586,515.2
847.81384,518.0
847.93176,519.6
848.04968,521.2
848.1676,521.4
848.28552,518.2
848.40344,522.4
848.52136,517.2
848.63928,521.4
848.7572,521.0
848.87512,525.0
848.99304,520.0
849.1109,519.6
849.22882,521.2
849.34674,523.6
849.4646,517.4
849.58252,520.4
849.70038,514.4
849.8183,523.6
849.93616,518.2
850.05402,521.2
850.17194,515.4
850.28979,521.6
850.40765,522.4
850.52551,529.0
850.64337,526.0
850.76123,525.4
850.87909,521.0
850.99695,526.8
851.11481,527.2
851.23267,527.2
851.35046,525.4
851.46832,527.2
851.58618,529.6
851.70398,531.6
851.82184,530.4
851.93964,534.4
852.0575,538.6
852.17529,544.6
852.29315,544.4
852.41095,541.8
852.52875,532.8
852.64655,526.4
852.7644,524.2
852.8822,524.4
853.0,519.0
853.1178,523.6
853.2356,518.2
853.35333,519.4
853.47113,514.8
853.58893,519.8
853.70673,518.4
853.82446,524.8
853.94226,519.8
854.06006,517.2
854.1778,521.8
854.29559,519.6
854.41333,516.4
854.53107,521.0
854.64886,520.2
854.7666,519.4
854.88434,516.8
855.00208,522.4
855.11981,518.4
855.23761,522.8
855.35535,527.4
855.47302,523.2
855.59076,516.2
855.7085,521.0
855.82623,516.8
855.94397,524.6
856.06165,522.4
856.17938,520.6
856.29712,519.4
856.41479,522.8
856.53253,523.2
856.65021,521.0
856.76788,513.0
856.88562,517.4
857.0033,516.4
857.12097,519.2
857.23865,514.8
857.35632,511.2
857.474,515.8
857.59167,515.8
857.70935,516.2
857.82703,520.2
857.9447,516.0
858.06238,518.4
858.18005,519.4
858.29767,520.0
858.41534,513.2
858.53296,518.2
858.65063,521.6
858.76825,524.4
858.88593,519.0
859.00354,518.4
859.12115,513.4
859.23883,510.8
859.35645,516.4
859.47406,517.0
859.59167,516.6
859.70929,517.4
859.8269,518.2
859.94452,515.6
860.06213,513.8
860.17975,518.8
860.29736,508.0
860.41492,512.0
860.53253,508.8
860.65009,514.6
860.7677,515.4
860.88525,515.2
861.00287,515.2
861.12042,514.4
861.23804,513.0
861.35559,520.2
861.47314,515.0
861.5907,518.8
861.70825,508.2
861.82581,511.8
861.94336,505.6
862.06091,506.6
862.17847,506.8
862.29602,502.0
862.41357,507.4
862.53113,506.6
862.64862,510.8
862.76617,510.2
862.88367,509.0
863.00122,510.0
863.11871,511.0
863.23627,511.8
863.35376,509.6
863.47125,515.2
863.58881,513.4
863.7063,511.2
863.82379,508.6
863.94128,508.6
864.05878,503.2
864.17627,506.2
864.29376,508.0
864.41125,507.8
864.52869,507.4
864.64618,508.8
864.76367,512.0
864.8811,515.0
864.9986,508.8
865.11609,508.6
865.23352,510.2
865.35095,505.0
865.46844,511.2
865.58588,505.2
865.70331,508.4
865.82074,509.4
865.93823,502.8
866.05566,504.4
866.1731,506.0
866.29053,508.0
866.4079,508.8
866.52533,507.2
866.64276,508.6
866.76019,508.8
866.87756,508.2
866.995,509.8
867.11243,509.0
867.2298,507.2
867.34723,507.8
867.4646,508.0
867.58197,509.2
867.6994,512.4
867.81677,506.0
867.93414,503.6
868.05151,512.8
868.16888,505.2
868.28625,505.4
868.40363,510.6
868.521,505.0
868.63837,510.6
868.75568,506.0
868.87305,513.0
868.99042,508.6
869.10773,511.4
869.2251,510.4
869.34241,511.6
869.45978,510.6
869.57709,512.2
869.69446,511.6
869.81177,512.8
869.92908,515.6
870.04639,520.0
870.1637,513.4
870.28101,512.4
870.39832,514.6
870.51563,512.4
870.63293,511.4
870.75024,513.2
870.86749,515.4
870.9848,514.2
871.10211,513.4
871.21936,516.6
871.33667,514.8
871.45392,516.8
871.57123,516.6
871.68848,517.6
871.80573,517.2
871.92297,513.8
872.04028,508.2
872.15753,512.8
872.27478,511.6
872.39203,514.4
872.50928,507.6
872.62646,510.4
872.74371,512.8
872.86096,513.8
872.97821,512.2
873.0954,509.2
873.21265,507.6
873.32983,512.2
873.44708,515.0
873.56427,512.4
873.68152,510.8
873.79871,513.0
873.91589,511.6
874.03308,511.6
874.15027,505.0
874.26746,509.4
874.38464,513.4
874.50183,514.0
874.61902,511.6
874.73621,513.4
874.85339,512.6
874.97052,515.4
875.08771,511.8
875.2049,509.0
875.32202,511.8
875.43921,515.8
875.55634,517.4
875.67346,519.8
875.79065,515.0
875.90778,512.8
876.0249,508.4
876.14203,511.4
876.25916,508.2
876.37628,513.4
876.49341,516.0
876.61053,510.4
876.72766,511.6
876.84473,515.0
876.96185,511.4
877.07898,511.8
877.19604,516.0
877.31317,516.4
877.43024,510.6
877.54736,512.4
877.66443,513.4
877.78149,508.6
877.89856,514.0
878.01569,509.4
878.13275,505.4
878.24982,506.6
878.36688,509.0
878.48395,505.8
878.60095,509.8
878.71802,506.6
878.83508,506.2
878.95215,506.2
879.06915,504.6
879.18622,512.0
879.30322,505.2
879.42029,510.4
879.53729,509.2
879.6543,512.8
879.77136,501.0
879.88837,507.0
880.00537,510.4
880.12238,509.4
880.23938,504.4
880.35638,513.0
880.47339,505.4
880.59039,510.2
880.70734,502.8
880.82434,507.8
880.94135,510.4
881.05829,510.6
881.17529,507.2
881.29224,508.8
881.40924,505.2
881.52618,509.2
881.64313,507.0
881.76007,510.4
881.87701,510.6
881.99402,510.0
882.11096,509.2
882.22791,504.6
882.34479,507.2
882.46173,511.4
882.57867,505.4
882.69562,505.8
882.8125,513.4
882.92944,515.0
883.04639,508.8
883.16327,511.4
883.28015,503.0
883.39709,507.0
883.51398,512.2
883.63086,506.2
883.74774,511.0
883.86462,511.6
883.98157,513.0
884.09839,504.6
884.21527,510.0
884.33215,514.0
884.44904,508.2
884.56592,514.8
884.68274,512.6
884.79962,516.2
884.9165,517.8
885.03333,523.6
885.15015,514.6
885.26703,520.4
885.38385,515.4
885.50067,523.6
885.61749,521.0
885.73438,526.6
885.8512,524.8
885.96802,522.6
886.08478,518.4
886.2016,519.6
886.31842,518.8
886.43524,513.0
886.55206,515.2
886.66882,520.8
886.78564,513.6
886.9024,515.4
887.01923,510.0
887.13599,510.2
887.25275,512.2
887.36951,517.2
887.48633,513.6
887.60309,509.8
887.71985,510.4
887.83661,504.2
887.95337,501.0
888.07007,504.8
888.18683,500.8
888.30359,501.0
888.42035,501.2
888.53705,502.2
888.65381,498.2
888.77051,502.4
888.88721,502.8
889.00397,501.2
889.12067,500.6
889.23737,498.0
889.35406,500.6
889.47083,501.4
889.58752,494.4
889.70416,502.8
889.82086,500.8
889.93756,504.4
890.05426,497.0
890.17096,505.0
890.2876,500.2
890.4043,499.6
890.52094,497.0
890.63763,502.4
890.75427,500.2
890.87091,502.2
890.98761,500.6
891.10425,504.6
891.22089,500.2
891.33752,502.2
891.45416,494.8
891.5708,501.0
891.68744,498.4
891.80408,498.2
891.92065,495.6
892.03729,506.4
892.15393,503.8
892.27051,505.4
892.38715,502.6
892.50372,501.0
892.6203,498.8
892.73694,499.8
892.85352,504.4
892.97009,497.0
893.08667,501.8
893.20325,501.2
893.31982,505.8
893.4364,503.6
893.55298,499.4
893.66956,506.4
893.78607,504.2
893.90265,509.4
894.01917,502.4
894.13574,508.6
894.25226,506.0
894.36884,504.8
894.48535,501.4
894.60187,501.6
894.71838,503.6
894.8349,505.4
894.95148,501.8
895.06793,505.6
895.18445,509.6
895.30096,500.0
895.41748,500.8
895.534,502.2
895.65045,502.8
895.76697,503.4
895.88342,501.0
895.99994,500.6
896.11639,499.6
896.23291,505.8
896.34937,501.6
896.46582,503.4
896.58228,504.8
896.69873,508.6
896.81519,501.0
896.93164,508.2
897.0481,505.6
897.16455,507.6
897.28094,502.6
897.3974,501.6
897.51385,507.6
897.63025,505.0
897.7467,500.8
897.8631,504.4
897.97949,501.0
898.09595,502.2
898.21234,503.8
898.32874,500.4
898.44513,505.0
898.56152,501.8
898.67792,502.8
898.79431,502.0
898.91064,507.0
899.02704,500.8
899.14343,500.2
899.25977,499.6
899.37616,495.4
899.49249,500.4
899.60889,495.8
899.72522,502.8
899.84155,497.8
899.95789,506.6
900.07428,502.0
900.19061,505.2
900.30695,506.0
900.42322,503.4
900.53955,496.0
900.65588,499.2
900.77222,500.6
900.88849,504.4
901.00482,502.2
901.12109,496.8
901.23743,497.0
901.3537,498.2
901.47003,499.8
901.5863,500.2
901.70258,499.8
901.81885,501.2
901.93512,501.4
902.05139,504.4
902.16766,499.6
902.28394,503.8
902.40021,499.0
902.51642,502.0
902.63269,503.4
902.7489,498.6
902.86517,501.0
902.98138,504.2
903.09766,496.8
903.21387,503.0
903.33008,503.2
903.44629,498.2
903.5625,498.4
903.67871,504.2
903.79492,498.6
903.91113,493.8
904.02734,491.6
904.14355,495.0
904.2597,494.0
904.37592,494.4
904.49207,489.0
904.60828,494.6
904.72443,495.2
904.84064,493.6
904.95679,488.6
905.07294,496.2
905.18909,484.8
905.30524,494.8
905.42139,489.2
905.53754,488.8
905.65369,487.4
905.76984,484.4
905.88593,486.8
906.00208,491.4
906.11816,484.8
906.23431,487.4
906.3504,484.8
906.46655,487.4
906.58264,481.2
906.69873,485.4
906.81482,488.0
906.93091,484.2
907.047,482.6
907.16309,481.8
907.27917,485.2
907.39526,486.2
907.51135,482.4
907.62738,484.8
907.74347,485.8
907.8595,480.0
907.97559,483.2
908.09161,484.2
908.2077,481.4
908.32373,487.0
908.43976,485.4
908.55579,488.2
908.67181,480.6
908.78784,483.2
908.90387,481.0
909.0199,483.0
909.13586,483.8
909.25189,488.0
909.36792,485.2
909.48389,489.2
909.59991,484.8
909.71588,485.0
909.83185,483.4
909.94788,487.6
910.06384,479.8
910.17981,487.0
910.29578,486.6
910.41174,483.0
910.52771,484.6
910.64368,487.4
910.75958,482.0
910.87555,486.8
910.99152,484.0
911.10742,485.8
911.22339,481.8
911.33929,483.4
911.4552,481.8
911.57117,477.0
911.68707,484.2
911.80298,483.4
911.91888,482.8
912.03479,483.0
912.1507,487.8
912.2666,482.2
912.38245,488.2
912.49835,485.0
912.61426,484.0
912.7301,484.0
912.84601,481.6
792.4458,560.6
792.56488,555.8
792.68396,563.6
792.8031,566.0
792.92218,546.6
793.04126,547.2
793.16034,549.0
793.27942,548.2
793.3985,540.4
793.51758,537.2
793.63672,539.2
793.7558,533.6
793.87488,543.2
793.9939,542.8
794.11298,535.6
794.23206,532.2
794.35114,532.4
794.47021,528.8
794.58929,527.6
794.70831,525.2
794.82739,529.4
794.94647,524.6
795.06549,526.4
795.18457,525.6
795.30365,521.2
795.42267,523.6
795.54175,522.4
795.66077,521.0
795.77985,517.6
795.89886,518.6
796.01794,522.4
796.13696,519.2
796.25598,518.2
796.375,512.4
796.49408,512.2
796.6131,514.6
796.73212,517.2
796.85114,515.4
796.97015,514.2
797.08923,509.6
797.20825,514.8
797.32727,513.8
797.44629,510.6
797.56531,512.4
797.68427,513.2
797.80328,513.4
797.9223,516.0
798.04132,513.2
798.16034,515.6
798.27936,512.2
798.39832,516.8
798.51733,508.8
798.63635,509.4
798.75531,510.0
798.87433,508.4
798.99329,506.8
799.1123,507.2
799.23126,508.4
799.35028,513.0
799.46924,515.4
799.58826,515.8
799.70721,516.2
799.82617,511.2
799.94519,515.2
800.06415,511.2
800.18311,511.8
800.30206,510.0
800.42102,512.6
800.54004,513.4
800.659,508.6
800.77795,518.8
800.89691,510.6
801.01587,517.6
801.13483,511.0
801.25372,518.4
801.37268,511.8
801.49164,515.4
801.6106,518.2
801.72955,514.2
801.84845,506.6
801.96741,521.0
802.08636,510.4
802.20526,516.0
802.32422,516.8
802.44318,516.0
802.56207,518.8
802.68103,518.0
802.79993,514.0
802.91882,514.6
803.03778,512.8
803.15668,511.4
803.27557,521.4
803.39453,517.0
803.51343,517.0
803.63232,523.2
803.75122,518.8
803.87012,520.4
803.98907,517.6
804.10797,520.6
804.22687,513.2
804.34576,518.2
804.46466,521.2
804.58356,523.0
804.70239,513.8
804.82129,518.6
804.94019,522.2
805.05908,523.4
805.17798,523.8
805.29681,520.6
805.41571,520.2
805.53461,522.8
805.65344,530.2
805.77234,525.8
805.89117,523.6
806.01007,523.2
806.12891,526.2
806.2478,527.8
806.36664,522.8
806.48547,525.4
806.60437,523.2
806.72321,524.6
806.84204,526.8
806.96088,516.4
807.07971,526.2
807.19861,526.4
807.31744,526.0
807.43628,523.4
807.55511,526.0
807.67395,523.6
807.79279,528.2
807.91162,533.4
808.0304,529.0
808.14923,532.6
808.26807,529.4
808.3869,532.4
808.50568,536.2
808.62451,531.4
808.74335,530.8
808.86212,532.2
808.98096,532.2
809.09979,536.8
809.21857,530.4
809.33734,528.6
809.45618,534.2
809.57495,535.6
809.69379,531.6
809.81256,537.4
809.93134,529.4
810.05011,529.0
810.16895,534.2
810.28772,526.4
810.40649,533.6
810.52527,535.6
810.64404,533.2
810.76282,536.2
810.88159,528.4
811.00037,530.8
811.11914,527.2
811.23792,535.2
811.35663,531.2
811.4754,538.6
811.59418,535.4
811.71295,539.0
811.83167,530.8
811.95044,531.4
812.06921,538.8
812.18793,536.4
812.3067,533.2
812.42542,537.6
812.54419,533.6
812.6629,537.4
812.78162,535.8
812.90039,534.0
813.0191,532.2
813.13782,537.0
813.25653,528.2
813.37524,531.4
813.49402,535.8
813.61273,528.4
813.73145,531.8
813.85016,532.8
813.96887,535.8
814.08759,529.8
814.2063,532.2
814.32495,535.6
814.44366,534.4
814.56238,528.4
814.68109,532.8
814.79974,527.0
814.91846,528.2
815.03717,527.4
815.15582,527.0
815.27454,526.4
815.39319,522.0
815.5119,525.8
815.63055,526.8
815.74927,524.0
815.86792,525.4
815.98657,525.6
816.10529,527.8
816.22394,529.8
816.34259,526.8
816.46124,529.8
816.5799,532.4
816.69855,529.6
816.8172,526.0
816.93585,525.6
817.0545,528.4
817.17316,522.2
817.29181,514.6
817.41046,519.8
817.52911,517.4
817.64771,521.0
817.76636,509.0
817.88501,510.8
818.0036,510.6
818.12225,506.4
818.24091,508.0
818.3595,502.4
818.47815,500.2
818.59674,508.4
818.71533,493.6
818.83398,499.8
818.95258,498.0
819.07117,497.4
819.18976,493.8
819.30841,499.4
819.427,497.4
819.54559,497.6
819.66418,492.2
819.78278,497.4
819.90137,495.2
820.01996,492.6
820.13855,489.0
820.25714,491.8
820.37573,492.0
820.49426,496.0
820.61285,486.8
820.73145,491.4
820.84998,485.2
820.96857,492.2
821.08716,490.2
821.20569,491.0
821.32428,486.8
821.44281,489.4
821.56134,489.4
821.67993,488.6
821.79846,490.0
821.91699,487.4
822.03558,489.8
822.15411,488.8
822.27264,488.0
822.39117,486.2
822.5097,487.0
822.62823,490.4
822.74677,485.6
822.8653,491.2
822.98383,486.6
823.10236,487.6
823.22089,485.8
823.33942,486.2
823.45789,484.8
823.57642,485.2
823.69495,486.2
823.81342,484.8
823.93195,480.4
824.05042,486.0
824.16895,492.6
824.28741,484.4
824.40594,490.2
824.52441,485.2
824.64288,484.4
824.76141,489.6
824.87988,478.6
824.99835,482.6
825.11682,483.2
825.23529,485.0
825.35376,485.4
825.47223,482.2
825.5907,477.0
825.70917,482.4
825.82764,480.8
825.94611,483.4
826.06458,477.4
826.18304,485.2
826.30145,484.8
826.41992,481.8
826.53839,478.4
826.6568,484.2
826.77527,482.4
826.89368,482.4
827.01215,481.6
827.13055,480.6
827.24902,479.4
827.36743,483.0
827.48584,481.8
827.60431,479.4
827.72272,471.0
827.84113,473.2
827.95953,474.4
828.07794,479.4
828.19635,478.2
828.31476,477.6
828.43317,472.0
828.55157,475.2
828.66998,478.4
828.78839,479.8
828.90674,471.6
829.02515,478.8
829.14355,480.2
829.2619,477.8
829.38031,474.8
829.49872,480.8
829.61707,475.6
829.73547,482.4
829.85382,473.2
829.97217,478.8
830.09058,473.8
830.20892,473.2
830.32727,478.6
830.44562,477.0
830.56403,477.8
830.68237,476.8
830.80072,479.8
830.91907,474.0
831.03741,478.2
831.15576,483.2
831.27411,474.8
831.3924,476.4
831.51074,474.2
831.62909,477.6
831.74744,476.0
831.86572,479.6
831.98407,478.2
832.10242,475.8
832.2207,473.4
832.33905,474.4
832.45734,476.4
832.57562,478.0
832.69397,475.6
832.81226,477.8
832.93054,478.6
833.04889,478.4
833.16718,471.4
833.28546,475.2
833.40375,480.6
833.52203,477.6
833.64032,475.0
833.75861,471.8
833.87689,480.8
833.99518,481.0
834.1134,480.2
834.23169,481.0
834.34998,476.6
834.46826,477.8
834.58649,473.8
834.70477,477.6
834.823,474.0
834.94128,482.2
835.05951,476.6
835.1778,484.2
835.29602,481.0
835.41425,481.0
835.53253,480.8
835.65076,482.6
835.76898,481.2
835.88721,482.2
836.00543,487.0
836.12366,483.2
836.24188,482.8
836.36011,483.6
836.47833,486.6
836.59656,482.6
836.71478,475.4
836.83295,483.4
836.95117,484.4
837.0694,484.6
837.18756,485.0
837.30579,479.0
837.42401,484.4
837.54218,483.0
837.66034,484.6
837.77856,484.6
837.89673,481.2
838.01489,486.8
838.13312,476.4
838.25128,484.8
838.36945,482.0
838.48761,482.0
838.60577,484.8
838.72394,488.0
838.8421,486.2
838.96027,488.4
839.07843,483.2
839.19659,480.4
839.31476,484.6
839.43286,486.2
839.55103,483.2
839.66919,485.2
839.78729,483.0
839.90546,479.2
840.02356,482.0
840.14172,481.0
840.25983,480.0
840.37793,476.0
840.49609,477.6
840.6142,485.2
840.7323,479.6
840.8504,479.4
840.96851,481.6
841.08661,478.2
841.20471,477.0
841.32281,480.0
841.44092,479.2
841.55902,480.0
841.67712,475.6
841.79523,483.2
841.91327,472.8
842.03137,478.4
842.14948,483.4
842.26752,480.6
842.38562,474.8
842.50366,475.6
842.62177,477.6
842.73981,474.8
842.85791,479.0
842.97595,477.2
843.09399,474.6
843.21204,474.0
843.33008,478.8
843.44818,475.8
843.56622,479.2
843.68427,475.4
843.80231,474.4
843.92029,477.2
844.03833,476.8
844.15637,477.2
844.27441,475.8
844.39246,481.4
844.51044,475.4
844.62848,474.8
844.74646,476.8
844.8645,476.2
844.98248,475.0
845.10052,472.6
845.21851,480.2
845.33649,476.4
845.45453,480.4
845.57251,477.4
845.69049,476.2
845.80847,477.0
845.92645,474.4
846.04443,474.4
846.16241,473.8
846.2804,473.8
846.39838,474.0
846.51636,474.6
846.63434,478.4
846.75226,477.4
846.87024,476.0
846.98822,478.4
847.10614,474.4
847.22412,477.2
847.34204,479.2
847.46002,476.4
847.57794,477.4
847.69586,481.6
847.81384,472.8
847.93176,479.2
848.04968,478.2
848.1676,478.4
848.28552,478.0
848.40344,476.0
848.52136,478.8
848.63928,477.8
848.7572,477.0
848.87512,476.6
848.99304,478.8
849.1109,475.2
849.22882,473.0
849.34674,478.4
849.4646,477.2
849.58252,474.8
849.70038,473.2
849.8183,479.6
849.93616,475.8
850.05402,477.4
850.17194,474.0
850.28979,478.6
850.40765,475.2
850.52551,475.4
850.64337,476.0
850.76123,479.6
850.87909,474.0
850.99695,480.0
851.11481,477.8
851.23267,480.0
851.35046,476.6
851.46832,481.0
851.58618,475.6
851.70398,480.2
851.82184,478.0
851.93964,478.8
852.0575,483.2
852.17529,481.6
852.29315,483.0
852.41095,478.6
852.52875,478.0
852.64655,479.4
852.7644,477.8
852.8822,481.8
853.0,474.6
853.1178,483.2
853.2356,474.6
853.35333,474.8
853.47113,480.2
853.58893,476.4
853.70673,477.6
853.82446,477.2
853.94226,475.6
854.06006,478.6
854.1778,485.8
854.29559,477.8
854.41333,482.8
854.53107,479.6
854.64886,485.6
854.7666,478.2
854.88434,475.6
855.00208,483.6
855.11981,483.0
855.23761,480.6
855.35535,481.6
855.47302,479.4
855.59076,478.0
855.7085,480.8
855.82623,479.2
855.94397,483.8
856.06165,478.2
856.17938,481.8
856.29712,480.0
856.41479,481.2
856.53253,484.8
856.65021,476.6
856.76788,476.8
856.88562,478.2
857.0033,476.0
857.12097,478.0
857.23865,481.6
857.35632,478.2
857.474,478.0
857.59167,478.4
857.70935,476.6
857.82703,480.4
857.9447,477.4
858.06238,478.0
858.18005,481.8
858.29767,477.6
858.41534,479.8
858.53296,475.6
858.65063,480.6
858.76825,480.4
858.88593,480.4
859.00354,478.8
859.12115,475.8
859.23883,480.4
859.35645,478.8
859.47406,477.2
859.59167,476.8
859.70929,480.8
859.8269,476.2
859.94452,475.6
860.06213,477.0
860.17975,476.0
860.29736,474.2
860.41492,472.2
860.53253,476.8
860.65009,475.0
860.7677,473.8
860.88525,478.8
861.00287,476.8
861.12042,477.0
861.23804,478.2
861.35559,475.2
861.47314,475.0
861.5907,473.0
861.70825,472.4
861.82581,474.2
861.94336,480.2
862.06091,475.2
862.17847,476.2
862.29602,482.2
862.41357,475.6
862.53113,476.6
862.64862,481.2
862.76617,470.8
862.88367,479.2
863.00122,479.2
863.11871,480.4
863.23627,477.6
863.35376,475.2
863.47125,478.2
863.58881,478.8
863.7063,476.8
863.82379,477.0
863.94128,473.4
864.05878,476.0
864.17627,477.2
864.29376,472.2
864.41125,476.6
864.52869,473.6
864.64618,473.8
864.76367,474.0
864.8811,480.8
864.9986,475.4
865.11609,478.8
865.23352,477.8
865.35095,474.0
865.46844,480.8
865.58588,473.4
865.70331,477.2
865.82074,478.8
865.93823,476.0
866.05566,478.8
866.1731,475.6
866.29053,474.2
866.4079,473.0
866.52533,481.6
866.64276,476.0
866.76019,475.0
866.87756,477.6
866.995,476.8
867.11243,471.6
867.2298,483.0
867.34723,472.6
867.4646,476.2
867.58197,473.6
867.6994,482.0
867.81677,478.8
867.93414,475.6
868.05151,479.6
868.16888,478.2
868.28625,479.4
868.40363,480.4
868.521,482.8
868.63837,476.4
868.75568,478.6
868.87305,479.6
868.99042,478.2
869.10773,478.6
869.2251,471.8
869.34241,479.0
869.45978,470.6
869.57709,478.8
869.69446,477.2
869.81177,478.2
869.92908,476.4
870.04639,476.4
870.1637,473.2
870.28101,480.2
870.39832,472.2
870.51563,477.6
870.63293,477.4
870.75024,479.8
870.86749,483.6
870.9848,474.8
871.10211,475.2
871.21936,480.2
871.33667,475.6
871.45392,481.2
871.57123,477.0
871.68848,474.4
871.80573,481.2
871.92297,481.2
872.04028,476.6
872.15753,480.4
872.27478,478.8
872.39203,475.2
872.50928,471.4
872.62646,481.4
872.74371,477.0
872.86096,481.2
872.97821,479.8
873.0954,479.8
873.21265,474.6
873.32983,476.0
873.44708,476.2
873.56427,476.0
873.68152,471.6
873.79871,479.6
873.91589,476.6
874.03308,477.2
874.15027,475.2
874.26746,475.8
874.38464,473.0
874.50183,479.4
874.61902,478.6
874.73621,474.0
874.85339,473.8
874.97052,480.4
875.08771,473.6
875.2049,472.6
875.32202,473.0
875.43921,478.0
875.55634,481.2
875.67346,481.0
875.79065,477.2
875.90778,475.4
876.0249,478.2
876.14203,478.4
876.25916,479.2
876.37628,487.0
876.49341,474.2
876.61053,478.8
876.72766,472.4
876.84473,481.8
876.96185,478.0
877.07898,483.6
877.19604,480.0
877.31317,481.6
877.43024,472.8
877.54736,479.8
877.66443,473.8
877.78149,481.6
877.89856,476.0
878.01569,478.2
878.13275,476.8
878.24982,476.2
878.36688,479.0
878.48395,480.6
878.60095,475.6
878.71802,476.8
878.83508,481.4
878.95215,475.0
879.06915,472.0
879.18622,475.6
879.30322,475.6
879.42029,475.4
879.53729,478.2
879.6543,476.8
879.77136,472.6
879.88837,473.4
880.00537,477.2
880.12238,477.4
880.23938,470.8
880.35638,480.4
880.47339,476.8
880.59039,473.2
880.70734,474.6
880.82434,475.0
880.94135,479.4
881.05829,477.0
881.17529,474.2
881.29224,483.6
881.40924,476.0
881.52618,472.6
881.64313,476.0
881.76007,475.4
881.87701,476.2
881.99402,478.4
882.11096,476.0
882.22791,473.0
882.34479,476.4
882.46173,478.2
882.57867,479.4
882.69562,478.4
882.8125,476.4
882.92944,478.0
883.04639,474.0
883.16327,481.0
883.28015,476.4
883.39709,471.4
883.51398,476.4
883.63086,475.0
883.74774,477.2
883.86462,481.8
883.98157,479.0
884.09839,477.0
884.21527,478.4
884.33215,482.2
884.44904,473.2
884.56592,484.2
884.68274,478.8
884.79962,480.6
884.9165,483.8
885.03333,479.6
885.15015,477.8
885.26703,481.4
885.38385,480.6
885.50067,484.0
885.61749,483.6
885.73438,482.6
885.8512,482.8
885.96802,482.8
886.08478,480.8
886.2016,479.2
886.31842,481.8
886.43524,476.2
886.55206,477.2
886.66882,480.8
886.78564,478.8
886.9024,486.0
887.01923,478.8
887.13599,479.2
887.25275,477.6
887.36951,479.6
887.48633,481.0
887.60309,479.8
887.71985,481.0
887.83661,482.4
887.95337,478.0
888.07007,475.4
888.18683,481.4
888.30359,484.6
888.42035,478.2
888.53705,477.8
888.65381,477.8
888.77051,478.4
888.88721,479.2
889.00397,477.4
889.12067,477.6
889.23737,482.6
889.35406,482.8
889.47083,482.4
889.58752,478.6
889.70416,482.0
889.82086,474.0
889.93756,481.8
890.05426,478.2
890.17096,481.4
890.2876,478.8
890.4043,480.0
890.52094,476.6
890.63763,480.0
890.75427,481.2
890.87091,480.0
890.98761,478.2
891.10425,481.0
891.22089,476.6
891.33752,482.6
891.45416,479.0
891.5708,481.8
891.68744,475.0
891.80408,481.6
891.92065,482.0
892.03729,480.6
892.15393,481.0
892.27051,481.4
892.38715,481.2
892.50372,478.0
892.6203,478.4
892.73694,487.2
892.85352,482.2
892.97009,478.4
893.08667,481.2
893.20325,484.2
893.31982,483.6
893.4364,483.8
893.55298,482.6
893.66956,484.0
893.78607,482.2
893.90265,487.6
894.01917,489.2
894.13574,484.0
894.25226,486.0
894.36884,484.2
894.48535,485.2
894.60187,484.4
894.71838,485.0
894.8349,484.0
894.95148,482.2
895.06793,484.4
895.18445,487.8
895.30096,477.8
895.41748,480.6
895.534,479.8
895.65045,478.4
895.76697,481.6
895.88342,483.2
895.99994,481.0
896.11639,480.8
896.23291,484.2
896.34937,480.6
896.46582,480.4
896.58228,486.0
896.69873,480.4
896.81519,480.6
896.93164,478.4
897.0481,483.6
897.16455,481.6
897.28094,478.4
897.3974,481.6
897.51385,486.6
897.63025,479.8
897.7467,476.2
897.8631,480.4
897.97949,480.0
898.09595,486.4
898.21234,479.8
898.32874,488.2
898.44513,479.2
898.56152,485.4
898.67792,478.8
898.79431,484.0
898.91064,479.2
899.02704,477.6
899.14343,477.6
899.25977,482.8
899.37616,479.6
899.49249,480.4
899.60889,475.6
899.72522,480.2
899.84155,476.0
899.95789,480.8
900.07428,478.0
900.19061,481.8
900.30695,482.4
900.42322,482.0
900.53955,476.2
900.65588,478.0
900.77222,478.8
900.88849,481.4
901.00482,476.6
901.12109,481.6
901.23743,474.0
901.3537,478.2
901.47003,473.4
901.5863,478.4
901.70258,479.0
901.81885,483.2
901.93512,478.0
902.05139,479.8
902.16766,473.6
902.28394,476.6
902.40021,480.0
902.51642,476.6
902.63269,477.4
902.7489,476.6
902.86517,474.4
902.98138,479.8
903.09766,478.2
903.21387,478.4
903.33008,477.2
903.44629,481.2
903.5625,473.6
903.67871,470.2
903.79492,470.6
903.91113,475.6
904.02734,473.4
904.14355,471.0
904.2597,475.4
904.37592,477.6
904.49207,473.6
904.60828,473.4
904.72443,473.4
904.84064,472.0
904.95679,472.4
905.07294,472.0
905.18909,475.4
905.30524,475.8
905.42139,471.8
905.53754,471.4
905.65369,471.0
905.76984,471.8
905.88593,471.0
906.00208,473.2
906.11816,472.8
906.23431,470.8
906.3504,468.8
906.46655,469.6
906.58264,470.2
906.69873,473.6
906.81482,470.2
906.93091,471.4
907.047,471.8
907.16309,472.6
907.27917,474.0
907.39526,471.6
907.51135,468.2
907.62738,469.0
907.74347,476.8
907.8595,470.4
907.97559,474.6
908.09161,477.6
908.2077,471.8
908.32373,469.6
908.43976,464.4
908.55579,468.4
908.67181,469.4
908.78784,473.4
908.90387,471.8
909.0199,473.4
909.13586,474.8
909.25189,474.2
909.36792,473.2
909.48389,468.8
909.59991,467.2
909.71588,473.0
909.83185,475.6
909.94788,473.6
910.06384,470.8
910.17981,472.8
910.29578,466.8
910.41174,473.0
910.52771,472.4
910.64368,471.2
910.75958,464.8
910.87555,468.8
910.99152,468.4
911.10742,472.8
911.22339,468.2
911.33929,474.8
911.4552,475.4
911.57117,470.0
911.68707,471.0
911.80298,471.4
911.91888,470.8
912.03479,470.8
912.1507,471.2
912.2666,472.0
912.38245,476.4
912.49835,475.4
912.61426,477.6
912.7301,472.8
912.84601,473.8
792.4458,557.0
792.56488,548.8
792.68396,565.6
792.8031,558.8
792.92218,549.4
793.04126,543.4
793.16034,546.6
793.27942,547.2
793.3985,547.6
793.51758,533.4
793.63672,532.4
793.7558,536.2
793.87488,539.0
793.9939,546.4
794.11298,536.2
794.23206,531.8
794.35114,528.6
794.47021,526.4
794.58929,524.6
794.70831,526.0
794.82739,530.0
794.94647,526.4
795.06549,527.2
795.18457,519.2
795.30365,517.8
795.42267,518.4
795.54175,518.8
795.66077,521.8
795.77985,521.0
795.89886,525.6
796.01794,519.8
796.13696,518.0
796.25598,514.4
796.375,518.8
796.49408,515.0
796.6131,518.0
796.73212,518.8
796.85114,513.4
796.97015,518.0
797.08923,513.6
797.20825,515.2
797.32727,512.8
797.44629,513.4
797.56531,514.0
797.68427,515.8
797.80328,510.4
797.9223,515.8
798.04132,519.8
798.16034,513.0
798.27936,514.8
798.39832,517.4
798.51733,511.0
798.63635,511.8
798.75531,511.6
798.87433,514.6
798.99329,514.2
799.1123,508.8
799.23126,507.6
799.35028,510.0
799.46924,514.0
799.58826,513.6
799.70721,514.2
799.82617,514.8
799.94519,511.6
800.06415,515.4
800.18311,513.8
800.30206,516.0
800.42102,516.0
800.54004,512.8
800.659,514.2
800.77795,518.0
800.89691,517.2
801.01587,519.2
801.13483,513.8
801.25372,519.0
801.37268,516.8
801.49164,516.4
801.6106,521.4
801.72955,521.0
801.84845,524.2
801.96741,526.2
802.08636,520.4
802.20526,520.2
802.32422,516.0
802.44318,518.6
802.56207,523.2
802.68103,520.2
802.79993,524.2
802.91882,522.8
803.03778,522.2
803.15668,525.4
803.27557,519.8
803.39453,521.2
803.51343,525.0
803.63232,524.4
803.75122,526.8
803.87012,526.4
803.98907,518.6
804.10797,524.0
804.22687,524.2
804.34576,523.0
804.46466,526.0
804.58356,526.8
804.70239,526.0
804.82129,525.4
804.94019,530.4
805.05908,525.6
805.17798,523.8
805.29681,530.6
805.41571,530.4
805.53461,535.6
805.65344,526.0
805.77234,532.2
805.89117,530.0
806.01007,531.8
806.12891,533.0
806.2478,531.8
806.36664,530.0
806.48547,529.4
806.60437,531.6
806.72321,535.0
806.84204,533.2
806.96088,533.6
807.07971,530.8
807.19861,536.0
807.31744,535.6
807.43628,540.6
807.55511,536.0
807.67395,531.4
807.79279,534.8
807.91162,541.0
808.0304,536.2
808.14923,545.4
808.26807,535.6
808.3869,545.2
808.50568,542.8
808.62451,539.6
808.74335,538.6
808.86212,538.8
808.98096,545.0
809.09979,538.8
809.21857,540.6
809.33734,545.0
809.45618,542.8
809.57495,544.2
809.69379,541.6
809.81256,545.6
809.93134,549.0
810.05011,539.2
810.16895,539.6
810.28772,539.4
810.40649,542.8
810.52527,541.4
810.64404,544.2
810.76282,548.0
810.88159,548.8
811.00037,544.8
811.11914,540.8
811.23792,547.6
811.35663,547.8
811.4754,543.4
811.59418,540.4
811.71295,549.2
811.83167,545.8
811.95044,543.8
812.06921,546.8
812.18793,542.0
812.3067,545.6
812.42542,544.2
812.54419,547.2
812.6629,544.8
812.78162,540.2
812.90039,537.2
813.0191,538.6
813.13782,538.6
813.25653,538.6
813.37524,541.8
813.49402,543.0
813.61273,546.6
813.73145,545.2
813.85016,544.0
813.96887,540.6
814.08759,542.0
814.2063,542.8
814.32495,542.8
814.44366,540.4
814.56238,538.2
814.68109,534.8
814.79974,535.4
814.91846,530.8
815.03717,534.4
815.15582,538.4
815.27454,537.4
815.39319,534.6
815.5119,535.0
815.63055,530.0
815.74927,534.8
815.86792,540.0
815.98657,530.4
816.10529,536.4
816.22394,540.0
816.34259,532.8
816.46124,538.0
816.5799,537.2
816.69855,533.6
816.8172,541.8
816.93585,534.8
817.0545,534.8
817.17316,525.8
817.29181,520.6
817.41046,521.6
817.52911,522.0
817.64771,519.4
817.76636,513.2
817.88501,513.4
818.0036,516.4
818.12225,510.0
818.24091,507.6
818.3595,502.4
818.47815,505.0
818.59674,501.8
818.71533,500.8
818.83398,500.6
818.95258,497.6
819.07117,494.4
819.18976,496.0
819.30841,499.2
819.427,496.8
819.54559,495.8
819.66418,496.2
819.78278,497.4
819.90137,495.6
820.01996,492.6
820.13855,492.4
820.25714,493.8
820.37573,490.6
820.49426,489.2
820.61285,488.0
820.73145,487.0
820.84998,483.0
820.96857,491.0
821.08716,484.8
821.20569,487.0
821.32428,487.6
821.44281,484.6
821.56134,484.6
821.67993,483.4
821.79846,491.6
821.91699,492.4
822.03558,488.6
822.15411,488.4
822.27264,484.6
822.39117,483.2
822.5097,484.6
822.62823,487.4
822.74677,484.4
822.8653,483.4
822.98383,486.2
823.10236,486.0
823.22089,484.2
823.33942,484.6
823.45789,486.6
823.57642,485.8
823.69495,485.4
823.81342,486.4
823.93195,483.6
824.05042,487.4
824.16895,490.0
824.28741,490.2
824.40594,491.0
824.52441,482.8
824.64288,481.8
824.76141,484.2
824.87988,481.8
824.99835,484.6
825.11682,482.2
825.23529,486.0
825.35376,484.8
825.47223,480.0
825.5907,481.8
825.70917,477.0
825.82764,480.8
825.94611,480.0
826.06458,477.2
826.18304,479.4
826.30145,480.4
826.41992,477.6
826.53839,482.0
826.6568,480.0
826.77527,474.4
826.89368,481.4
827.01215,476.2
827.13055,476.2
827.24902,478.2
827.36743,479.2
827.48584,477.8
827.60431,476.2
827.72272,473.0
827.84113,475.4
827.95953,471.8
828.07794,473.8
828.19635,477.4
828.31476,478.2
828.43317,472.2
828.55157,477.0
828.66998,471.4
828.78839,477.8
828.90674,474.2
829.02515,474.8
829.14355,479.0
829.2619,476.0
829.38031,475.0
829.49872,476.8
829.61707,474.4
829.73547,472.2
829.85382,479.8
829.97217,478.8
830.09058,480.6
830.20892,473.6
830.32727,470.2
830.44562,473.6
830.56403,471.6
830.68237,477.0
830.80072,475.8
830.91907,475.4
831.03741,474.8
831.15576,477.2
831.27411,470.8
831.3924,476.4
831.51074,477.4
831.62909,475.0
831.74744,477.8
831.86572,473.4
831.98407,475.6
832.10242,474.8
832.2207,471.0
832.33905,474.2
832.45734,472.4
832.57562,480.6
832.69397,471.4
832.81226,473.8
832.93054,470.2
833.04889,472.6
833.16718,473.8
833.28546,467.0
833.40375,479.2
833.52203,470.8
833.64032,474.6
833.75861,470.4
833.87689,477.2
833.99518,474.2
834.1134,470.4
834.23169,474.6
834.34998,471.6
834.46826,479.4
834.58649,474.8
834.70477,476.4
834.823,471.2
834.94128,478.2
835.05951,475.8
835.1778,480.6
835.29602,472.6
835.41425,479.8
835.53253,477.0
835.65076,476.4
835.76898,476.4
835.88721,484.2
836.00543,476.8
836.12366,479.6
836.24188,475.8
836.36011,477.2
836.47833,483.6
836.59656,479.6
836.71478,477.4
836.83295,484.4
836.95117,472.2
837.0694,482.0
837.18756,484.4
837.30579,481.8
837.42401,478.6
837.54218,482.4
837.66034,482.4
837.77856,485.6
837.89673,482.2
838.01489,485.0
838.13312,477.8
838.25128,480.0
838.36945,476.4
838.48761,477.4
838.60577,484.6
838.72394,486.8
838.8421,478.6
838.96027,484.0
839.07843,480.6
839.19659,485.2
839.31476,485.8
839.43286,484.2
839.55103,484.2
839.66919,480.0
839.78729,477.0
839.90546,478.0
840.02356,475.6
840.14172,477.6
840.25983,479.4
840.37793,476.0
840.49609,480.8
840.6142,476.8
840.7323,477.0
840.8504,479.0
840.96851,474.2
841.08661,473.2
841.20471,473.0
841.32281,480.2
841.44092,476.4
841.55902,478.2
841.67712,474.2
841.79523,477.8
841.91327,474.0
842.03137,476.0
842.14948,477.4
842.26752,471.0
842.38562,474.0
842.50366,472.2
842.62177,473.0
842.73981,474.6
842.85791,472.4
842.97595,477.2
843.09399,471.6
843.21204,475.6
843.33008,475.0
843.44818,472.4
843.56622,474.2
843.68427,473.8
843.80231,470.0
843.92029,474.8
844.03833,477.0
844.15637,470.8
844.27441,470.4
844.39246,471.2
844.51044,473.4
844.62848,475.0
844.74646,471.8
844.8645,470.6
844.98248,473.2
845.10052,472.0
845.21851,475.2
845.33649,473.6
845.45453,474.8
845.57251,474.0
845.69049,472.4
845.80847,468.0
845.92645,469.8
846.04443,472.2
846.16241,470.8
846.2804,470.2
846.39838,474.2
846.51636,471.8
846.63434,468.6
846.75226,470.6
846.87024,472.6
846.98822,473.8
847.10614,472.6
847.22412,472.2
847.34204,474.0
847.46002,475.6
847.57794,474.0
847.69586,475.0
847.81384,469.8
847.93176,475.0
848.04968,473.0
848.1676,471.8
848.28552,471.2
848.40344,476.8
848.52136,470.4
848.63928,474.4
848.7572,474.6
848.87512,477.6
848.99304,473.8
849.1109,475.0
849.22882,466.0
849.34674,477.6
849.4646,473.2
849.58252,471.4
849.70038,468.8
849.8183,470.6
849.93616,471.0
850.05402,470.6
850.17194,470.8
850.28979,470.6
850.40765,475.8
850.52551,476.6
850.64337,469.8
850.76123,470.6
850.87909,467.6
850.99695,473.2
851.11481,473.4
851.23267,470.2
851.35046,472.6
851.46832,475.6
851.58618,472.6
851.70398,474.2
851.82184,472.8
851.93964,474.6
852.0575,477.6
852.17529,477.8
852.29315,474.6
852.41095,474.2
852.52875,473.0
852.64655,476.4
852.7644,475.8
852.8822,473.4
853.0,473.2
853.1178,482.2
853.2356,474.8
853.35333,474.2
853.47113,474.6
853.58893,472.2
853.70673,477.0
853.82446,477.0
853.94226,475.2
854.06006,472.6
854.1778,473.8
854.29559,471.6
854.41333,472.2
854.53107,471.8
854.64886,480.6
854.7666,473.0
854.88434,472.0
855.00208,481.2
855.11981,475.4
855.23761,478.4
855.35535,481.6
855.47302,479.2
855.59076,476.6
855.7085,474.4
855.82623,473.0
855.94397,474.8
856.06165,478.4
856.17938,479.6
856.29712,481.0
856.41479,477.6
856.53253,478.6
856.65021,473.2
856.76788,476.8
856.88562,480.0
857.0033,475.4
857.12097,475.6
857.23865,475.8
857.35632,475.4
857.474,473.8
857.59167,477.4
857.70935,476.0
857.82703,471.0
857.9447,477.4
858.06238,475.2
858.18005,469.4
858.29767,472.4
858.41534,474.0
858.53296,471.8
858.65063,475.6
858.76825,476.6
858.88593,474.2
859.00354,476.6
859.12115,473.6
859.23883,475.4
859.35645,475.0
859.47406,474.2
859.59167,474.2
859.70929,474.2
859.8269,469.0
859.94452,470.8
860.06213,468.6
860.17975,476.6
860.29736,474.2
860.41492,474.8
860.53253,472.0
860.65009,470.4
860.7677,472.6
860.88525,474.0
861.00287,472.6
861.12042,475.4
861.23804,473.8
861.35559,478.2
861.47314,472.6
861.5907,472.8
861.70825,468.4
861.82581,472.0
861.94336,471.8
862.06091,467.2
862.17847,474.6
862.29602,476.2
862.41357,473.0
862.53113,471.2
862.64862,472.8
862.76617,473.6
862.88367,474.2
863.00122,466.4
863.11871,470.0
863.23627,473.6
863.35376,470.4
863.47125,473.8
863.58881,467.0
863.7063,476.0
863.82379,468.2
863.94128,470.8
864.05878,470.0
864.17627,472.2
864.29376,473.6
864.41125,476.2
864.52869,468.8
864.64618,468.0
864.76367,474.6
864.8811,478.8
864.9986,468.8
865.11609,470.2
865.23352,472.2
865.35095,472.2
865.46844,474.6
865.58588,466.6
865.70331,473.4
865.82074,470.0
865.93823,471.8
866.05566,468.2
866.1731,472.8
866.29053,472.8
866.4079,472.4
866.52533,473.0
866.64276,476.6
866.76019,470.2
866.87756,471.8
866.995,475.8
867.11243,470.2
867.2298,472.6
867.34723,468.2
867.4646,475.0
867.58197,469.2
867.6994,474.0
867.81677,478.8
867.93414,473.6
868.05151,467.8
868.16888,474.6
868.28625,473.8
868.40363,471.2
868.521,478.6
868.63837,468.4
868.75568,469.8
868.87305,471.2
868.99042,476.6
869.10773,469.4
869.2251,473.0
869.34241,476.8
869.45978,469.4
869.57709,470.0
869.69446,472.0
869.81177,469.8
869.92908,474.6
870.04639,476.6
870.1637,470.4
870.28101,475.0
870.39832,470.6
870.51563,469.8
870.63293,474.4
870.75024,475.0
870.86749,470.2
870.9848,470.0
871.10211,471.4
871.21936,471.0
871.33667,469.4
871.45392,474.2
871.57123,472.8
871.68848,471.8
871.80573,471.8
871.92297,474.2
872.04028,471.6
872.15753,474.8
872.27478,471.4
872.39203,470.8
872.50928,471.4
872.62646,475.0
872.74371,470.2
872.86096,470.4
872.97821,473.4
873.0954,470.8
873.21265,473.8
873.32983,470.4
873.44708,475.0
873.56427,471.4
873.68152,467.6
873.79871,471.2
873.91589,468.6
874.03308,471.6
874.15027,468.8
874.26746,472.0
874.38464,471.4
874.50183,474.2
874.61902,473.2
874.73621,471.0
874.85339,471.6
874.97052,473.2
875.08771,467.6
875.2049,471.6
875.32202,468.4
875.43921,470.2
875.55634,471.8
875.67346,471.2
875.79065,471.6
875.90778,471.2
876.0249,469.0
876.14203,471.6
876.25916,472.0
876.37628,472.2
876.49341,466.2
876.61053,472.8
876.72766,471.8
876.84473,479.8
876.96185,470.6
877.07898,477.2
877.19604,473.4
877.31317,467.4
877.43024,466.8
877.54736,472.4
877.66443,471.0
877.78149,475.6
877.89856,472.4
878.01569,470.6
878.13275,468.8
878.24982,469.6
878.36688,474.0
878.48395,475.0
878.60095,472.4
878.71802,473.2
878.83508,473.2
878.95215,469.8
879.06915,470.2
879.18622,475.0
879.30322,469.0
879.42029,469.6
879.53729,471.2
879.6543,473.0
879.77136,468.8
879.88837,475.6
880.00537,475.2
880.12238,478.0
880.23938,468.4
880.35638,472.8
880.47339,471.8
880.59039,468.0
880.70734,472.2
880.82434,470.0
880.94135,469.0
881.05829,468.8
881.17529,469.2
881.29224,472.8
881.40924,471.4
881.52618,464.6
881.64313,470.8
881.76007,470.6
881.87701,475.6
881.99402,471.2
882.11096,471.6
882.22791,469.8
882.34479,467.8
882.46173,474.8
882.57867,472.4
882.69562,472.4
882.8125,476.4
882.92944,468.6
883.04639,474.0
883.16327,476.2
883.28015,474.6
883.39709,469.4
883.51398,475.2
883.63086,472.2
883.74774,472.6
883.86462,468.4
883.98157,471.8
884.09839,475.0
884.21527,473.0
884.33215,474.0
884.44904,472.0
884.56592,473.4
884.68274,474.0
884.79962,471.8
884.9165,471.6
885.03333,476.6
885.15015,475.2
885.26703,476.8
885.38385,473.4
885.50067,475.2
885.61749,475.6
885.73438,472.6
885.8512,479.6
885.96802,475.0
886.08478,472.8
886.2016,473.0
886.31842,475.8
886.43524,470.6
886.55206,477.6
886.66882,472.4
886.78564,472.4
886.9024,477.0
887.01923,468.2
887.13599,471.6
887.25275,476.0
887.36951,475.0
887.48633,475.0
887.60309,476.6
887.71985,473.0
887.83661,475.6
887.95337,473.4
888.07007,469.2
888.18683,475.0
888.30359,472.6
888.42035,472.0
888.53705,476.2
888.65381,471.2
888.77051,473.8
888.88721,470.8
889.00397,476.4
889.12067,475.0
889.23737,474.0
889.35406,477.0
889.47083,473.2
889.58752,471.4
889.70416,478.6
889.82086,475.2
889.93756,471.6
890.05426,473.0
890.17096,479.2
890.2876,475.2
890.4043,471.6
890.52094,475.0
890.63763,472.6
890.75427,473.0
890.87091,477.0
890.98761,474.4
891.10425,475.0
891.22089,473.2
891.33752,474.4
891.45416,476.8
891.5708,473.8
891.68744,475.8
891.80408,476.4
891.92065,472.6
892.03729,473.2
892.15393,478.0
892.27051,473.2
892.38715,478.6
892.50372,476.6
892.6203,480.0
892.73694,475.8
892.85352,478.6
892.97009,475.6
893.08667,477.8
893.20325,478.4
893.31982,479.0
893.4364,475.6
893.55298,473.8
893.66956,476.8
893.78607,480.4
893.90265,481.8
894.01917,476.4
894.13574,481.2
894.25226,481.0
894.36884,480.0
894.48535,480.8
894.60187,473.8
894.71838,483.0
894.8349,476.6
894.95148,482.8
895.06793,483.2
895.18445,481.8
895.30096,477.4
895.41748,477.0
895.534,479.4
895.65045,477.0
895.76697,478.2
895.88342,479.2
895.99994,473.6
896.11639,474.6
896.23291,474.0
896.34937,478.0
896.46582,475.2
896.58228,476.8
896.69873,479.2
896.81519,475.4
896.93164,476.6
897.0481,475.8
897.16455,478.6
897.28094,468.8
897.3974,475.0
897.51385,481.2
897.63025,472.8
897.7467,473.8
897.8631,474.4
897.97949,472.4
898.09595,476.4
898.21234,478.8
898.32874,478.4
898.44513,474.0
898.56152,481.4
898.67792,473.4
898.79431,475.0
898.91064,476.2
899.02704,477.0
899.14343,475.0
899.25977,472.6
899.37616,471.8
899.49249,474.2
899.60889,473.0
899.72522,472.8
899.84155,478.4
899.95789,477.0
900.07428,475.2
900.19061,472.6
900.30695,473.8
900.42322,474.2
900.53955,466.8
900.65588,473.6
900.77222,473.6
900.88849,474.4
901.00482,471.0
901.12109,477.6
901.23743,473.4
901.3537,474.0
901.47003,470.4
901.5863,470.8
901.70258,473.0
901.81885,471.4
901.93512,468.2
902.05139,469.6
902.16766,477.6
902.28394,468.0
902.40021,468.8
902.51642,470.0
902.63269,473.6
902.7489,470.6
902.86517,468.8
902.98138,467.0
903.09766,474.4
903.21387,467.2
903.33008,470.0
903.44629,474.0
903.5625,464.2
903.67871,467.4
903.79492,466.2
903.91113,466.4
904.02734,470.0
904.14355,472.4
904.2597,471.4
904.37592,469.2
904.49207,461.0
904.60828,466.4
904.72443,469.6
904.84064,469.2
904.95679,467.0
905.07294,464.8
905.18909,468.4
905.30524,470.0
905.42139,466.4
905.53754,466.0
905.65369,460.2
905.76984,467.4
905.88593,465.8
906.00208,469.0
906.11816,466.2
906.23431,462.6
906.3504,464.0
906.46655,464.0
906.58264,463.8
906.69873,465.6
906.81482,466.6
906.93091,466.6
907.047,466.6
907.16309,467.2
907.27917,469.6
907.39526,463.8
907.51135,468.4
907.62738,465.4
907.74347,468.0
907.8595,463.4
907.97559,469.8
908.09161,468.8
908.2077,465.4
908.32373,466.4
908.43976,468.8
908.55579,466.8
908.67181,467.4
908.78784,469.8
908.90387,467.2
909.0199,467.6
909.13586,466.6
909.25189,470.4
909.36792,466.0
909.48389,470.8
909.59991,467.0
909.71588,468.0
909.83185,469.0
909.94788,467.2
910.06384,466.4
910.17981,464.4
910.29578,465.6
910.41174,469.4
910.52771,469.4
910.64368,468.6
910.75958,465.4
910.87555,467.2
910.99152,467.6
911.10742,469.2
911.22339,471.0
911.33929,467.8
911.4552,468.6
911.57117,461.0
911.68707,465.6
911.80298,468.6
911.91888,467.2
912.03479,467.8
912.1507,468.8
912.2666,472.2
912.38245,468.4
912.49835,465.4
912.61426,470.8
912.7301,470.0
912.84601,472.2
792.4458,590.4
792.56488,587.2
792.68396,601.0
792.8031,595.0
792.92218,580.0
793.04126,578.2
793.16034,579.6
793.27942,577.8
793.3985,569.4
793.51758,564.2
793.63672,561.8
793.7558,563.8
793.87488,564.2
793.9939,563.2
794.11298,553.2
794.23206,553.2
794.35114,552.2
794.47021,551.0
794.58929,544.6
794.70831,540.4
794.82739,546.2
794.94647,545.4
795.06549,544.6
795.18457,540.4
795.30365,544.0
795.42267,536.0
795.54175,535.2
795.66077,534.2
795.77985,530.8
795.89886,533.8
796.01794,536.6
796.13696,532.4
796.25598,531.4
796.375,529.4
796.49408,531.2
796.6131,527.6
796.73212,528.2
796.85114,534.0
796.97015,525.8
797.08923,519.4
797.20825,523.0
797.32727,523.4
797.44629,526.6
797.56531,525.0
797.68427,523.8
797.80328,523.2
797.9223,525.8
798.04132,526.2
798.16034,527.4
798.27936,521.4
798.39832,531.2
798.51733,517.8
798.63635,524.2
798.75531,521.6
798.87433,519.0
798.99329,514.0
799.1123,517.8
799.23126,515.8
799.35028,523.2
799.46924,523.6
799.58826,520.6
799.70721,519.8
799.82617,527.2
799.94519,517.2
800.06415,525.4
800.18311,520.4
800.30206,523.0
800.42102,523.4
800.54004,517.8
800.659,523.2
800.77795,520.4
800.89691,519.2
801.01587,522.2
801.13483,521.4
801.25372,525.0
801.37268,522.6
801.49164,523.2
801.6106,522.2
801.72955,527.4
801.84845,525.6
801.96741,527.6
802.08636,520.4
802.20526,528.4
802.32422,525.8
802.44318,528.6
802.56207,529.6
802.68103,532.8
802.79993,529.2
802.91882,530.0
803.03778,526.6
803.15668,521.0
803.27557,531.6
803.39453,532.0
803.51343,527.4
803.63232,528.2
803.75122,532.6
803.87012,530.2
803.98907,528.4
804.10797,531.0
804.22687,528.2
804.34576,535.6
804.46466,529.8
804.58356,526.6
804.70239,536.0
804.82129,530.6
804.94019,531.8
805.05908,536.2
805.17798,534.4
805.29681,542.4
805.41571,534.8
805.53461,534.4
805.65344,532.6
805.77234,540.8
805.89117,530.8
806.01007,542.0
806.12891,534.2
806.2478,535.0
806.36664,535.4
806.48547,537.8
806.60437,534.2
806.72321,538.8
806.84204,540.6
806.96088,535.4
807.07971,534.0
807.19861,541.4
807.31744,539.2
807.43628,539.6
807.55511,541.0
807.67395,535.0
807.79279,537.0
807.91162,540.0
808.0304,546.4
808.14923,547.2
808.26807,542.0
808.3869,546.4
808.50568,544.8
808.62451,544.4
808.74335,538.6
808.86212,542.8
808.98096,545.4
809.09979,548.8
809.21857,542.0
809.33734,540.8
809.45618,543.4
809.57495,550.6
809.69379,545.0
809.81256,548.2
809.93134,551.4
810.05011,539.6
810.16895,542.0
810.28772,546.0
810.40649,543.2
810.52527,549.0
810.64404,547.4
810.76282,554.0
810.88159,544.2
811.00037,549.4
811.11914,542.2
811.23792,544.8
811.35663,553.8
811.4754,549.6
811.59418,555.8
811.71295,552.6
811.83167,548.4
811.95044,539.4
812.06921,550.2
812.18793,550.4
812.3067,548.0
812.42542,547.8
812.54419,546.6
812.6629,552.4
812.78162,545.2
812.90039,547.6
813.0191,545.6
813.13782,544.8
813.25653,542.8
813.37524,544.4
813.49402,548.4
813.61273,556.0
813.73145,541.0
813.85016,548.2
813.96887,544.4
814.08759,543.4
814.2063,542.2
814.32495,544.0
814.44366,545.6
814.56238,545.8
814.68109,542.4
814.79974,550.0
814.91846,538.8
815.03717,545.2
815.15582,539.4
815.27454,543.0
815.39319,530.2
815.5119,537.0
815.63055,536.6
815.74927,533.0
815.86792,534.6
815.98657,542.2
816.10529,539.4
816.22394,538.6
816.34259,543.4
816.46124,543.8
816.5799,546.0
816.69855,541.2
816.8172,541.8
816.93585,536.2
817.0545,534.6
817.17316,534.2
817.29181,528.6
817.41046,529.2
817.52911,525.6
817.64771,521.2
817.76636,517.2
817.88501,523.2
818.0036,516.6
818.12225,516.6
818.24091,512.2
818.3595,509.4
818.47815,508.8
818.59674,511.0
818.71533,506.6
818.83398,504.2
818.95258,503.8
819.07117,505.2
819.18976,502.8
819.30841,503.0
819.427,505.8
819.54559,504.6
819.66418,500.2
819.78278,499.2
819.90137,506.2
820.01996,494.4
820.13855,495.8
820.25714,498.0
820.37573,497.2
820.49426,505.0
820.61285,500.8
820.73145,494.8
820.84998,491.6
820.96857,490.8
821.08716,496.2
821.20569,491.6
821.32428,492.4
821.44281,490.2
821.56134,495.2
821.67993,489.6
821.79846,490.4
821.91699,495.0
822.03558,491.6
822.15411,494.4
822.27264,493.8
822.39117,490.8
822.5097,489.4
822.62823,492.0
822.74677,487.6
822.8653,490.2
822.98383,488.6
823.10236,490.8
823.22089,489.0
823.33942,491.4
823.45789,493.2
823.57642,493.2
823.69495,490.8
823.81342,496.0
823.93195,483.6
824.05042,497.6
824.16895,493.2
824.28741,494.6
824.40594,494.0
824.52441,491.0
824.64288,493.2
824.76141,490.0
824.87988,485.0
824.99835,486.6
825.11682,490.6
825.23529,489.6
825.35376,490.8
825.47223,484.0
825.5907,488.4
825.70917,487.6
825.82764,486.6
825.94611,486.6
826.06458,481.6
826.18304,485.6
826.30145,487.0
826.41992,488.8
826.53839,485.6
826.6568,478.8
826.77527,482.2
826.89368,485.4
827.01215,484.0
827.13055,484.4
827.24902,480.4
827.36743,485.8
827.48584,483.8
827.60431,482.6
827.72272,482.4
827.84113,483.2
827.95953,476.2
828.07794,480.4
828.19635,479.6
828.31476,481.0
828.43317,482.4
828.55157,482.6
828.66998,479.8
828.78839,482.0
828.90674,478.4
829.02515,480.8
829.14355,483.0
829.2619,476.6
829.38031,476.6
829.49872,480.8
829.61707,474.6
829.73547,480.2
829.85382,480.8
829.97217,481.2
830.09058,480.2
830.20892,479.4
830.32727,480.6
830.44562,481.8
830.56403,476.8
830.68237,477.2
830.80072,480.2
830.91907,484.8
831.03741,478.0
831.15576,481.4
831.27411,476.8
831.3924,481.2
831.51074,480.4
831.62909,477.0
831.74744,481.2
831.86572,478.2
831.98407,478.2
832.10242,477.0
832.2207,479.4
832.33905,480.4
832.45734,484.4
832.57562,477.6
832.69397,476.2
832.81226,479.6
832.93054,478.2
833.04889,478.4
833.16718,475.4
833.28546,481.6
833.40375,485.6
833.52203,482.2
833.64032,474.6
833.75861,476.2
833.87689,480.6
833.99518,482.0
834.1134,478.6
834.23169,483.2
834.34998,480.2
834.46826,479.8
834.58649,477.4
834.70477,485.6
834.823,481.0
834.94128,486.8
835.05951,482.8
835.1778,484.0
835.29602,479.4
835.41425,480.2
835.53253,483.2
835.65076,483.6
835.76898,481.4
835.88721,481.8
836.00543,483.2
836.12366,485.6
836.24188,480.8
836.36011,482.8
836.47833,489.4
836.59656,491.4
836.71478,488.4
836.83295,485.4
836.95117,482.8
837.0694,481.8
837.18756,486.6
837.30579,489.4
837.42401,487.8
837.54218,485.6
837.66034,480.6
837.77856,487.6
837.89673,485.0
838.01489,484.4
838.13312,486.4
838.25128,487.2
838.36945,483.8
838.48761,487.2
838.60577,487.0
838.72394,487.0
838.8421,485.8
838.96027,490.6
839.07843,483.6
839.19659,484.8
839.31476,482.4
839.43286,484.8
839.55103,487.0
839.66919,487.4
839.78729,485.2
839.90546,486.8
840.02356,480.0
840.14172,485.4
840.25983,480.8
840.37793,485.2
840.49609,486.4
840.6142,486.6
840.7323,483.4
840.8504,481.8
840.96851,477.6
841.08661,481.0
841.20471,479.2
841.32281,481.0
841.44092,482.6
841.55902,481.6
841.67712,477.6
841.79523,483.6
841.91327,476.0
842.03137,480.2
842.14948,479.8
842.26752,476.4
842.38562,477.0
842.50366,481.2
842.62177,481.2
842.73981,478.8
842.85791,478.2
842.97595,478.0
843.09399,480.2
843.21204,482.8
843.33008,483.0
843.44818,481.2
843.56622,476.2
843.68427,480.0
843.80231,478.2
843.92029,476.2
844.03833,481.0
844.15637,478.2
844.27441,475.6
844.39246,477.0
844.51044,480.6
844.62848,477.6
844.74646,479.4
844.8645,481.0
844.98248,480.6
845.10052,472.8
845.21851,477.0
845.33649,478.8
845.45453,480.4
845.57251,482.6
845.69049,479.0
845.80847,478.2
845.92645,475.4
846.04443,475.0
846.16241,478.0
846.2804,473.6
846.39838,476.2
846.51636,477.0
846.63434,479.0
846.75226,479.2
846.87024,478.6
846.98822,476.2
847.10614,477.0
847.22412,476.0
847.34204,476.8
847.46002,473.8
847.57794,477.0
847.69586,480.8
847.81384,478.6
847.93176,481.0
848.04968,480.2
848.1676,479.2
848.28552,478.4
848.40344,476.6
848.52136,474.8
848.63928,479.8
848.7572,479.0
848.87512,478.8
848.99304,479.6
849.1109,483.0
849.22882,477.6
849.34674,471.0
849.4646,478.4
849.58252,472.4
849.70038,473.2
849.8183,480.2
849.93616,476.2
850.05402,480.4
850.17194,481.2
850.28979,476.2
850.40765,479.8
850.52551,482.4
850.64337,481.6
850.76123,480.2
850.87909,478.0
850.99695,482.8
851.11481,480.6
851.23267,482.6
851.35046,478.6
851.46832,477.4
851.58618,479.6
851.70398,484.0
851.82184,478.8
851.93964,485.0
852.0575,485.4
852.17529,487.8
852.29315,488.6
852.41095,485.2
852.52875,482.2
852.64655,483.4
852.7644,485.0
852.8822,480.4
853.0,485.4
853.1178,483.6
853.2356,476.2
853.35333,485.6
853.47113,480.0
853.58893,478.2
853.70673,481.0
853.82446,479.6
853.94226,481.0
854.06006,485.6
854.1778,479.8
854.29559,481.0
854.41333,484.2
854.53107,480.6
854.64886,484.0
854.7666,477.6
854.88434,481.0
855.00208,484.6
855.11981,481.2
855.23761,483.0
855.35535,487.6
855.47302,481.8
855.59076,483.6
855.7085,486.0
855.82623,481.8
855.94397,482.2
856.06165,483.4
856.17938,480.6
856.29712,479.0
856.41479,484.0
856.53253,483.6
856.65021,485.0
856.76788,481.0
856.88562,481.6
857.0033,477.8
857.12097,482.8
857.23865,484.0
857.35632,477.6
857.474,480.2
857.59167,480.6
857.70935,480.4
857.82703,483.0
857.9447,478.4
858.06238,480.6
858.18005,480.8
858.29767,481.4
858.41534,478.2
858.53296,478.2
858.65063,480.2
858.76825,478.4
858.88593,485.2
859.00354,483.0
859.12115,482.2
859.23883,480.8
859.35645,478.4
859.47406,482.4
859.59167,479.6
859.70929,478.4
859.8269,479.4
859.94452,479.0
860.06213,476.0
860.17975,479.8
860.29736,477.6
860.41492,478.4
860.53253,474.2
860.65009,476.2
860.7677,472.6
860.88525,481.6
861.00287,477.4
861.12042,475.6
861.23804,476.2
861.35559,484.0
861.47314,476.2
861.5907,475.0
861.70825,469.8
861.82581,477.8
861.94336,478.0
862.06091,475.8
862.17847,475.6
862.29602,480.4
862.41357,481.2
862.53113,478.8
862.64862,474.0
862.76617,476.0
862.88367,477.8
863.00122,478.6
863.11871,476.0
863.23627,479.0
863.35376,475.6
863.47125,475.8
863.58881,475.4
863.7063,479.2
863.82379,472.0
863.94128,475.4
864.05878,479.2
864.17627,479.6
864.29376,479.4
864.41125,480.6
864.52869,476.8
864.64618,478.0
864.76367,476.4
864.8811,479.8
864.9986,474.8
865.11609,477.0
865.23352,477.8
865.35095,477.8
865.46844,476.6
865.58588,475.2
865.70331,473.8
865.82074,475.0
865.93823,472.2
866.05566,476.4
866.1731,474.6
866.29053,476.8
866.4079,475.2
866.52533,483.4
866.64276,476.8
866.76019,469.8
866.87756,477.0
866.995,476.6
867.11243,478.6
867.2298,476.8
867.34723,474.0
867.4646,473.8
867.58197,475.6
867.6994,477.2
867.81677,478.2
867.93414,477.4
868.05151,476.2
868.16888,476.6
868.28625,481.2
868.40363,478.2
868.521,477.8
868.63837,478.2
868.75568,475.8
868.87305,473.6
868.99042,474.0
869.10773,476.6
869.2251,479.4
869.34241,480.4
869.45978,480.4
869.57709,473.4
869.69446,478.8
869.81177,481.0
869.92908,473.2
870.04639,477.4
870.1637,475.0
870.28101,482.6
870.39832,475.2
870.51563,479.6
870.63293,476.6
870.75024,478.2
870.86749,476.8
870.9848,478.6
871.10211,478.6
871.21936,478.0
871.33667,480.2
871.45392,482.2
871.57123,478.4
871.68848,476.2
871.80573,474.6
871.92297,483.0
872.04028,473.8
872.15753,479.8
872.27478,476.2
872.39203,474.2
872.50928,475.6
872.62646,479.6
872.74371,475.8
872.86096,481.2
872.97821,474.2
873.0954,479.6
873.21265,476.4
873.32983,474.0
873.44708,474.6
873.56427,476.8
873.68152,476.8
873.79871,477.8
873.91589,475.4
874.03308,478.6
874.15027,477.2
874.26746,475.8
874.38464,476.0
874.50183,481.6
874.61902,483.8
874.73621,478.4
874.85339,477.2
874.97052,479.0
875.08771,479.0
875.2049,475.2
875.32202,481.2
875.43921,476.2
875.55634,472.4
875.67346,479.6
875.79065,473.2
875.90778,476.8
876.0249,476.4
876.14203,473.4
876.25916,477.8
876.37628,478.2
876.49341,476.8
876.61053,479.4
876.72766,480.6
876.84473,479.2
876.96185,480.2
877.07898,482.8
877.19604,479.4
877.31317,477.4
877.43024,479.8
877.54736,481.6
877.66443,478.0
877.78149,482.6
877.89856,474.2
878.01569,475.0
878.13275,475.2
878.24982,477.4
878.36688,475.0
878.48395,485.0
878.60095,477.4
878.71802,475.4
878.83508,474.6
878.95215,476.0
879.06915,472.0
879.18622,475.6
879.30322,476.8
879.42029,472.0
879.53729,479.2
879.6543,474.2
879.77136,473.8
879.88837,478.8
880.00537,477.0
880.12238,477.0
880.23938,476.8
880.35638,483.8
880.47339,474.0
880.59039,471.6
880.70734,478.2
880.82434,479.2
880.94135,475.8
881.05829,472.4
881.17529,474.4
881.29224,476.2
881.40924,473.6
881.52618,473.0
881.64313,477.4
881.76007,480.6
881.87701,479.2
881.99402,474.4
882.11096,478.8
882.22791,475.2
882.34479,477.4
882.46173,475.8
882.57867,480.6
882.69562,477.0
882.8125,478.6
882.92944,477.0
883.04639,477.0
883.16327,479.6
883.28015,477.2
883.39709,471.6
883.51398,474.0
883.63086,480.8
883.74774,477.6
883.86462,480.8
883.98157,478.2
884.09839,477.2
884.21527,482.8
884.33215,474.2
884.44904,480.2
884.56592,481.2
884.68274,475.8
884.79962,474.4
884.9165,478.0
885.03333,475.2
885.15015,480.6
885.26703,483.8
885.38385,474.6
885.50067,483.2
885.61749,481.0
885.73438,480.8
885.8512,483.0
885.96802,482.4
886.08478,481.8
886.2016,480.8
886.31842,478.6
886.43524,480.8
886.55206,479.0
886.66882,482.6
886.78564,480.4
886.9024,482.4
887.01923,483.4
887.13599,485.0
887.25275,478.2
887.36951,483.4
887.48633,480.6
887.60309,481.8
887.71985,478.0
887.83661,481.2
887.95337,478.4
888.07007,479.8
888.18683,477.4
888.30359,480.8
888.42035,477.2
888.53705,479.2
888.65381,475.4
888.77051,481.4
888.88721,480.4
889.00397,477.0
889.12067,476.6
889.23737,476.2
889.35406,480.4
889.47083,477.2
889.58752,477.0
889.70416,480.8
889.82086,479.2
889.93756,480.4
890.05426,476.2
890.17096,476.6
890.2876,478.2
890.4043,480.2
890.52094,473.2
890.63763,482.2
890.75427,479.4
890.87091,477.8
890.98761,475.0
891.10425,480.2
891.22089,474.4
891.33752,480.0
891.45416,477.8
891.5708,475.6
891.68744,476.6
891.80408,478.0
891.92065,476.6
892.03729,479.2
892.15393,482.2
892.27051,482.4
892.38715,482.0
892.50372,478.6
892.6203,483.8
892.73694,482.4
892.85352,476.6
892.97009,479.2
893.08667,483.4
893.20325,478.8
893.31982,485.0
893.4364,479.8
893.55298,480.0
893.66956,482.6
893.78607,484.4
893.90265,482.8
894.01917,480.0
894.13574,484.8
894.25226,485.2
894.36884,485.4
894.48535,482.6
894.60187,483.2
894.71838,481.2
894.8349,481.6
894.95148,481.2
895.06793,483.4
895.18445,488.0
895.30096,478.4
895.41748,481.0
895.534,477.8
895.65045,481.6
895.76697,479.6
895.88342,478.6
895.99994,478.4
896.11639,485.6
896.23291,482.4
896.34937,479.0
896.46582,479.0
896.58228,477.2
896.69873,484.4
896.81519,478.2
896.93164,482.2
897.0481,481.0
897.16455,481.0
897.28094,474.6
897.3974,478.6
897.51385,484.2
897.63025,474.4
897.7467,481.2
897.8631,478.0
897.97949,481.4
898.09595,477.4
898.21234,484.4
898.32874,481.8
898.44513,482.8
898.56152,479.2
898.67792,479.2
898.79431,476.0
898.91064,484.2
899.02704,480.4
899.14343,481.2
899.25977,482.0
899.37616,480.0
899.49249,478.4
899.60889,480.8
899.72522,475.6
899.84155,475.8
899.95789,478.2
900.07428,475.4
900.19061,477.2
900.30695,479.2
900.42322,479.0
900.53955,480.2
900.65588,475.2
900.77222,475.0
900.88849,474.2
901.00482,475.6
901.12109,475.6
901.23743,474.0
901.3537,474.6
901.47003,473.2
901.5863,473.8
901.70258,476.8
901.81885,471.6
901.93512,475.0
902.05139,471.6
902.16766,472.4
902.28394,476.8
902.40021,473.8
902.51642,479.0
902.63269,473.0
902.7489,471.4
902.86517,473.8
902.98138,476.2
903.09766,471.8
903.21387,478.0
903.33008,474.0
903.44629,478.2
903.5625,470.0
903.67871,474.6
903.79492,473.2
903.91113,477.6
904.02734,474.4
904.14355,471.8
904.2597,471.2
904.37592,471.0
904.49207,467.8
904.60828,471.8
904.72443,470.0
904.84064,475.8
904.95679,474.8
905.07294,469.6
905.18909,468.2
905.30524,472.4
905.42139,471.0
905.53754,473.8
905.65369,470.2
905.76984,470.4
905.88593,468.0
906.00208,472.4
906.11816,468.0
906.23431,471.0
906.3504,466.6
906.46655,467.2
906.58264,467.0
906.69873,470.4
906.81482,468.2
906.93091,466.2
907.047,469.0
907.16309,467.8
907.27917,473.6
907.39526,469.0
907.51135,468.2
907.62738,467.2
907.74347,471.0
907.8595,472.2
907.97559,471.2
908.09161,469.6
908.2077,464.2
908.32373,474.8
908.43976,469.2
908.55579,468.6
908.67181,468.0
908.78784,477.0
908.90387,470.0
909.0199,470.0
909.13586,469.2
909.25189,469.8
909.36792,469.0
909.48389,471.8
909.59991,466.8
909.71588,471.6
909.83185,471.2
909.94788,466.2
910.06384,469.6
910.17981,468.4
910.29578,469.0
910.41174,469.4
910.52771,468.0
910.64368,472.8
910.75958,470.6
910.87555,472.0
910.99152,468.6
911.10742,464.8
911.22339,468.4
911.33929,470.0
911.4552,471.4
911.57117,468.0
911.68707,470.8
911.80298,470.0
911.91888,470.4
912.03479,473.2
912.1507,473.4
912.2666,473.2
912.38245,473.4
912.49835,469.0
912.61426,475.4
912.7301,469.2
912.84601,470.4
792.4458,559.8
792.56488,560.0
792.68396,558.8
792.8031,559.4
792.92218,545.0
793.04126,543.4
793.16034,545.6
793.27942,546.2
793.3985,541.6
793.51758,533.8
793.63672,529.4
793.7558,534.6
793.87488,536.2
793.9939,535.8
794.11298,529.4
794.23206,528.6
794.35114,528.6
794.47021,521.8
794.58929,522.8
794.70831,519.2
794.82739,524.6
794.94647,519.6
795.06549,521.2
795.18457,517.8
795.30365,516.6
795.42267,518.0
795.54175,510.2
795.66077,518.0
795.77985,515.0
795.89886,511.2
796.01794,515.2
796.13696,512.0
796.25598,515.0
796.375,508.8
796.49408,508.8
796.6131,508.2
796.73212,512.4
796.85114,511.2
796.97015,507.8
797.08923,508.2
797.20825,509.2
797.32727,509.6
797.44629,510.8
797.56531,508.2
797.68427,510.8
797.80328,502.0
797.9223,511.0
798.04132,506.8
798.16034,508.8
798.27936,504.0
798.39832,508.4
798.51733,507.8
798.63635,506.6
798.75531,508.0
798.87433,500.0
798.99329,503.6
799.1123,502.4
799.23126,501.8
799.35028,507.2
799.46924,503.6
799.58826,504.4
799.70721,505.0
799.82617,506.0
799.94519,502.8
800.06415,509.6
800.18311,505.8
800.30206,510.6
800.42102,507.0
800.54004,504.6
800.659,508.2
800.77795,510.6
800.89691,505.6
801.01587,510.0
801.13483,503.2
801.25372,509.8
801.37268,507.6
801.49164,511.4
801.6106,513.4
801.72955,511.4
801.84845,505.4
801.96741,512.0
802.08636,508.0
802.20526,512.6
802.32422,512.2
802.44318,512.2
802.56207,510.8
802.68103,513.4
802.79993,511.6
802.91882,516.2
803.03778,509.8
803.15668,512.2
803.27557,515.6
803.39453,512.4
803.51343,517.2
803.63232,519.6
803.75122,517.6
803.87012,518.0
803.98907,511.8
804.10797,513.2
804.22687,508.2
804.34576,518.6
804.46466,516.4
804.58356,515.4
804.70239,514.2
804.82129,519.6
804.94019,515.0
805.05908,519.4
805.17798,515.4
805.29681,522.0
805.41571,512.4
805.53461,523.6
805.65344,519.4
805.77234,521.2
805.89117,522.2
806.01007,524.4
806.12891,523.6
806.2478,518.6
806.36664,517.8
806.48547,525.8
806.60437,517.8
806.72321,521.4
806.84204,524.0
806.96088,517.0
807.07971,519.6
807.19861,524.6
807.31744,519.2
807.43628,520.6
807.55511,522.6
807.67395,521.6
807.79279,521.0
807.91162,517.0
808.0304,527.2
808.14923,529.2
808.26807,520.6
808.3869,525.0
808.50568,526.6
808.62451,530.0
808.74335,526.8
808.86212,529.8
808.98096,531.6
809.09979,527.8
809.21857,525.2
809.33734,525.0
809.45618,529.2
809.57495,530.0
809.69379,528.0
809.81256,530.8
809.93134,533.4
810.05011,528.0
810.16895,523.0
810.28772,526.4
810.40649,531.8
810.52527,531.6
810.64404,531.4
810.76282,533.4
810.88159,534.2
811.00037,529.2
811.11914,527.2
811.23792,531.6
811.35663,529.8
811.4754,538.4
811.59418,533.0
811.71295,535.4
811.83167,529.4
811.95044,532.2
812.06921,526.0
812.18793,529.8
812.3067,530.8
812.42542,526.6
812.54419,530.6
812.6629,533.4
812.78162,530.8
812.90039,529.8
813.0191,526.2
813.13782,532.6
813.25653,526.0
813.37524,529.4
813.49402,529.8
813.61273,532.4
813.73145,527.2
813.85016,529.4
813.96887,525.0
814.08759,528.2
814.2063,525.8
814.32495,524.6
814.44366,527.6
814.56238,524.4
814.68109,524.4
814.79974,525.8
814.91846,524.2
815.03717,526.8
815.15582,524.6
815.27454,523.0
815.39319,519.0
815.5119,520.8
815.63055,517.8
815.74927,523.4
815.86792,521.6
815.98657,517.2
816.10529,520.2
816.22394,520.4
816.34259,525.4
816.46124,528.6
816.5799,527.0
816.69855,529.0
816.8172,527.6
816.93585,524.4
817.0545,523.0
817.17316,516.8
817.29181,514.0
817.41046,512.0
817.52911,507.4
817.64771,513.0
817.76636,508.0
817.88501,506.8
818.0036,508.0
818.12225,504.8
818.24091,500.6
818.3595,493.6
818.47815,496.8
818.59674,501.4
818.71533,503.8
818.83398,487.4
818.95258,493.0
819.07117,494.4
819.18976,492.6
819.30841,492.4
819.427,492.4
819.54559,494.0
819.66418,489.0
819.78278,493.2
819.90137,492.0
820.01996,484.8
820.13855,486.0
820.25714,491.8
820.37573,487.2
820.49426,487.6
820.61285,485.0
820.73145,486.4
820.84998,482.0
820.96857,485.4
821.08716,485.4
821.20569,485.4
821.32428,481.6
821.44281,483.8
821.56134,486.6
821.67993,483.2
821.79846,478.0
821.91699,482.8
822.03558,484.6
822.15411,481.4
822.27264,483.6
822.39117,482.4
822.5097,483.0
822.62823,481.2
822.74677,478.6
822.8653,479.2
822.98383,478.0
823.10236,485.2
823.22089,478.8
823.33942,483.8
823.45789,476.8
823.57642,483.6
823.69495,482.4
823.81342,483.4
823.93195,480.2
824.05042,486.8
824.16895,482.8
824.28741,486.4
824.40594,479.8
824.52441,483.2
824.64288,479.0
824.76141,479.0
824.87988,481.8
824.99835,482.2
825.11682,477.4
825.23529,481.6
825.35376,478.4
825.47223,477.6
825.5907,477.2
825.70917,480.2
825.82764,480.4
825.94611,475.2
826.06458,475.4
826.18304,474.2
826.30145,477.2
826.41992,483.0
826.53839,476.8
826.6568,478.4
826.77527,478.6
826.89368,477.6
827.01215,474.2
827.13055,476.2
827.24902,475.0
827.36743,475.0
827.48584,475.2
827.60431,473.2
827.72272,470.8
827.84113,474.2
827.95953,473.8
828.07794,478.2
828.19635,471.6
828.31476,475.6
828.43317,472.2
828.55157,473.2
828.66998,474.2
828.78839,471.8
828.90674,475.0
829.02515,469.6
829.14355,476.2
829.2619,470.4
829.38031,472.6
829.49872,470.6
829.61707,474.0
829.73547,474.0
829.85382,473.0
829.97217,469.8
830.09058,474.0
830.20892,470.4
830.32727,472.0
830.44562,473.4
830.56403,470.2
830.68237,476.8
830.80072,470.8
830.91907,475.8
831.03741,468.8
831.15576,479.6
831.27411,470.6
831.3924,474.4
831.51074,475.0
831.62909,471.0
831.74744,473.8
831.86572,470.2
831.98407,476.0
832.10242,478.4
832.2207,469.2
832.33905,468.6
832.45734,471.4
832.57562,476.2
832.69397,469.4
832.81226,474.2
832.93054,470.4
833.04889,474.6
833.16718,469.4
833.28546,471.0
833.40375,475.4
833.52203,471.8
833.64032,472.8
833.75861,471.4
833.87689,472.2
833.99518,476.2
834.1134,472.8
834.23169,471.8
834.34998,473.0
834.46826,476.2
834.58649,473.8
834.70477,470.2
834.823,473.8
834.94128,476.4
835.05951,474.8
835.1778,476.2
835.29602,470.0
835.41425,477.8
835.53253,472.4
835.65076,477.8
835.76898,478.0
835.88721,477.0
836.00543,477.4
836.12366,478.0
836.24188,478.4
836.36011,481.8
836.47833,478.8
836.59656,479.2
836.71478,476.4
836.83295,482.4
836.95117,479.6
837.0694,481.4
837.18756,477.6
837.30579,480.0
837.42401,476.2
837.54218,479.4
837.66034,482.6
837.77856,479.0
837.89673,474.8
838.01489,480.2
838.13312,476.6
838.25128,477.6
838.36945,477.4
838.48761,479.4
838.60577,481.6
838.72394,482.6
838.8421,484.0
838.96027,484.4
839.07843,472.0
839.19659,476.4
839.31476,473.4
839.43286,479.8
839.55103,476.6
839.66919,478.4
839.78729,473.8
839.90546,479.0
840.02356,473.6
840.14172,475.4
840.25983,476.0
840.37793,476.4
840.49609,474.6
840.6142,473.6
840.7323,472.8
840.8504,473.2
840.96851,472.6
841.08661,475.6
841.20471,473.2
841.32281,479.0
841.44092,476.2
841.55902,474.0
841.67712,470.2
841.79523,477.2
841.91327,466.8
842.03137,473.2
842.14948,472.8
842.26752,471.8
842.38562,470.4
842.50366,476.4
842.62177,472.0
842.73981,474.4
842.85791,468.8
842.97595,470.0
843.09399,470.4
843.21204,470.6
843.33008,471.0
843.44818,472.4
843.56622,468.0
843.68427,473.4
843.80231,473.2
843.92029,471.2
844.03833,478.8
844.15637,469.2
844.27441,471.4
844.39246,474.2
844.51044,471.2
844.62848,473.8
844.74646,473.8
844.8645,472.4
844.98248,468.4
845.10052,469.0
845.21851,473.8
845.33649,474.4
845.45453,471.6
845.57251,476.2
845.69049,468.2
845.80847,468.8
845.92645,469.0
846.04443,465.8
846.16241,468.8
846.2804,471.0
846.39838,468.2
846.51636,468.4
846.63434,470.8
846.75226,468.2
846.87024,468.4
846.98822,473.0
847.10614,467.6
847.22412,469.2
847.34204,473.8
847.46002,469.0
847.57794,473.4
847.69586,471.0
847.81384,467.0
847.93176,473.0
848.04968,472.8
848.1676,468.2
848.28552,472.0
848.40344,477.0
848.52136,471.2
848.63928,474.2
848.7572,474.4
848.87512,469.0
848.99304,473.6
849.1109,467.8
849.22882,473.0
849.34674,467.4
849.4646,470.6
849.58252,472.4
849.70038,471.0
849.8183,472.0
849.93616,468.0
850.05402,479.6
850.17194,469.0
850.28979,469.2
850.40765,471.2
850.52551,476.6
850.64337,474.2
850.76123,477.6
850.87909,470.8
850.99695,472.8
851.11481,471.2
851.23267,474.6
851.35046,474.0
851.46832,471.0
851.58618,475.4
851.70398,473.2
851.82184,470.6
851.93964,474.6
852.0575,479.4
852.17529,483.2
852.29315,471.8
852.41095,478.6
852.52875,473.2
852.64655,471.0
852.7644,477.6
852.8822,477.4
853.0,472.4
853.1178,478.0
853.2356,466.4
853.35333,478.0
853.47113,475.0
853.58893,475.0
853.70673,474.4
853.82446,477.4
853.94226,471.0
854.06006,476.0
854.1778,475.6
854.29559,472.8
854.41333,473.2
854.53107,469.4
854.64886,480.0
854.7666,477.0
854.88434,470.4
855.00208,477.0
855.11981,476.0
855.23761,475.8
855.35535,477.2
855.47302,479.8
855.59076,478.4
855.7085,480.0
855.82623,469.0
855.94397,476.4
856.06165,478.0
856.17938,476.2
856.29712,473.2
856.41479,476.2
856.53253,476.0
856.65021,476.8
856.76788,469.2
856.88562,475.2
857.0033,474.6
857.12097,476.4
857.23865,475.6
857.35632,473.8
857.474,473.2
857.59167,472.4
857.70935,472.4
857.82703,474.6
857.9447,473.2
858.06238,475.8
858.18005,471.2
858.29767,474.4
858.41534,475.0
858.53296,475.6
858.65063,479.0
858.76825,472.0
858.88593,472.6
859.00354,479.2
859.12115,472.2
859.23883,473.4
859.35645,470.4
859.47406,470.8
859.59167,471.6
859.70929,473.6
859.8269,472.6
859.94452,471.8
860.06213,470.8
860.17975,473.6
860.29736,469.4
860.41492,471.6
860.53253,473.0
860.65009,471.8
860.7677,469.6
860.88525,472.8
861.00287,469.6
861.12042,470.8
861.23804,470.0
861.35559,468.8
861.47314,472.0
861.5907,467.2
861.70825,472.4
861.82581,471.0
861.94336,466.8
862.06091,473.0
862.17847,469.6
862.29602,471.4
862.41357,473.8
862.53113,471.0
862.64862,475.0
862.76617,471.8
862.88367,472.4
863.00122,474.6
863.11871,474.6
863.23627,476.4
863.35376,470.2
863.47125,470.6
863.58881,471.0
863.7063,471.6
863.82379,462.6
863.94128,471.8
864.05878,470.8
864.17627,474.2
864.29376,468.8
864.41125,473.2
864.52869,466.2
864.64618,471.4
864.76367,471.4
864.8811,473.2
864.9986,467.8
865.11609,472.0
865.23352,471.4
865.35095,470.2
865.46844,465.8
865.58588,473.4
865.70331,467.4
865.82074,471.4
865.93823,470.2
866.05566,469.2
866.1731,469.6
866.29053,467.0
866.4079,471.4
866.52533,472.4
866.64276,470.0
866.76019,470.0
866.87756,467.8
866.995,477.2
867.11243,473.2
867.2298,472.0
867.34723,471.4
867.4646,472.2
867.58197,476.2
867.6994,472.8
867.81677,475.0
867.93414,471.2
868.05151,470.2
868.16888,474.4
868.28625,474.4
868.40363,471.2
868.521,473.8
868.63837,469.2
868.75568,465.4
868.87305,473.8
868.99042,472.8
869.10773,471.4
869.2251,472.0
869.34241,478.0
869.45978,468.4
869.57709,477.2
869.69446,471.4
869.81177,472.2
869.92908,473.8
870.04639,477.2
870.1637,470.0
870.28101,475.4
870.39832,468.8
870.51563,474.8
870.63293,471.8
870.75024,475.8
870.86749,469.0
870.9848,466.0
871.10211,468.2
871.21936,474.8
871.33667,469.6
871.45392,474.2
871.57123,472.0
871.68848,471.4
871.80573,473.4
871.92297,473.0
872.04028,468.6
872.15753,477.4
872.27478,471.0
872.39203,471.8
872.50928,465.8
872.62646,474.6
872.74371,472.2
872.86096,472.8
872.97821,471.8
873.0954,475.8
873.21265,470.4
873.32983,469.0
873.44708,473.0
873.56427,472.4
873.68152,470.6
873.79871,469.4
873.91589,471.4
874.03308,469.2
874.15027,469.0
874.26746,469.6
874.38464,471.4
874.50183,470.2
874.61902,474.2
874.73621,473.2
874.85339,470.0
874.97052,472.0
875.08771,468.6
875.2049,473.2
875.32202,471.0
875.43921,474.0
875.55634,469.0
875.67346,474.2
875.79065,467.2
875.90778,469.6
876.0249,469.4
876.14203,473.2
876.25916,468.6
876.37628,474.2
876.49341,468.8
876.61053,475.2
876.72766,473.0
876.84473,479.0
876.96185,470.4
877.07898,472.2
877.19604,473.0
877.31317,472.2
877.43024,470.6
877.54736,475.2
877.66443,472.2
877.78149,472.4
877.89856,470.6
878.01569,469.0
878.13275,477.4
878.24982,470.2
878.36688,471.2
878.48395,471.0
878.60095,472.4
878.71802,473.0
878.83508,472.0
878.95215,468.2
879.06915,472.0
879.18622,473.0
879.30322,462.6
879.42029,464.6
879.53729,474.2
879.6543,471.0
879.77136,467.2
879.88837,475.0
880.00537,472.0
880.12238,471.6
880.23938,468.6
880.35638,471.8
880.47339,467.2
880.59039,469.8
880.70734,472.4
880.82434,475.2
880.94135,473.2
881.05829,468.4
881.17529,476.4
881.29224,467.8
881.40924,468.6
881.52618,466.0
881.64313,472.8
881.76007,472.0
881.87701,472.8
881.99402,476.0
882.11096,468.0
882.22791,471.6
882.34479,469.0
882.46173,470.6
882.57867,473.2
882.69562,470.4
882.8125,471.4
882.92944,478.8
883.04639,471.4
883.16327,476.6
883.28015,472.4
883.39709,472.0
883.51398,470.0
883.63086,475.6
883.74774,468.6
883.86462,476.2
883.98157,477.4
884.09839,473.2
884.21527,474.0
884.33215,473.6
884.44904,467.6
884.56592,475.2
884.68274,471.6
884.79962,474.2
884.9165,474.6
885.03333,473.4
885.15015,468.6
885.26703,476.4
885.38385,470.8
885.50067,477.8
885.61749,471.4
885.73438,477.4
885.8512,474.8
885.96802,476.4
886.08478,472.4
886.2016,472.0
886.31842,471.8
886.43524,470.4
886.55206,475.8
886.66882,479.6
886.78564,475.4
886.9024,477.8
887.01923,478.0
887.13599,475.6
887.25275,469.2
887.36951,473.2
887.48633,475.8
887.60309,474.8
887.71985,471.4
887.83661,477.8
887.95337,475.8
888.07007,472.2
888.18683,467.6
888.30359,472.2
888.42035,473.4
888.53705,474.6
888.65381,472.6
888.77051,476.2
888.88721,473.2
889.00397,477.8
889.12067,472.8
889.23737,472.0
889.35406,478.0
889.47083,475.8
889.58752,474.6
889.70416,470.8
889.82086,471.0
889.93756,479.6
890.05426,476.2
890.17096,476.6
890.2876,475.8
890.4043,476.6
890.52094,470.6
890.63763,473.8
890.75427,479.2
890.87091,476.6
890.98761,475.0
891.10425,481.8
891.22089,477.2
891.33752,470.4
891.45416,474.8
891.5708,477.6
891.68744,469.0
891.80408,480.0
891.92065,474.4
892.03729,474.2
892.15393,471.6
892.27051,479.2
892.38715,476.2
892.50372,478.0
892.6203,474.8
892.73694,475.2
892.85352,475.2
892.97009,473.0
893.08667,474.4
893.20325,483.6
893.31982,472.2
893.4364,478.2
893.55298,472.6
893.66956,477.6
893.78607,475.8
893.90265,477.2
894.01917,484.6
894.13574,480.0
894.25226,479.2
894.36884,484.8
894.48535,480.2
894.60187,477.6
894.71838,476.6
894.8349,478.0
894.95148,478.4
895.06793,481.0
895.18445,477.8
895.30096,475.8
895.41748,475.6
895.534,475.6
895.65045,478.2
895.76697,479.6
895.88342,480.0
895.99994,475.4
896.11639,472.2
896.23291,479.2
896.34937,476.0
896.46582,477.2
896.58228,476.6
896.69873,479.2
896.81519,479.6
896.93164,473.8
897.0481,475.8
897.16455,478.4
897.28094,473.8
897.3974,470.0
897.51385,479.4
897.63025,473.6
897.7467,476.4
897.8631,477.4
897.97949,475.0
898.09595,476.2
898.21234,475.2
898.32874,481.4
898.44513,474.4
898.56152,476.8
898.67792,475.4
898.79431,479.6
898.91064,476.0
899.02704,473.4
899.14343,473.0
899.25977,474.2
899.37616,473.8
899.49249,476.6
899.60889,472.0
899.72522,472.6
899.84155,473.4
899.95789,477.8
900.07428,473.8
900.19061,475.0
900.30695,472.4
900.42322,474.8
900.53955,471.0
900.65588,471.0
900.77222,473.2
900.88849,478.6
901.00482,470.4
901.12109,473.0
901.23743,470.0
901.3537,467.0
901.47003,469.2
901.5863,473.2
901.70258,467.0
901.81885,471.6
901.93512,473.0
902.05139,471.8
902.16766,470.0
902.28394,468.4
902.40021,472.6
902.51642,473.4
902.63269,466.0
902.7489,472.4
902.86517,471.0
902.98138,471.8
903.09766,471.0
903.21387,473.4
903.33008,466.0
903.44629,469.8
903.5625,472.0
903.67871,466.4
903.79492,471.0
903.91113,472.0
904.02734,465.0
904.14355,470.0
904.2597,469.6
904.37592,469.4
904.49207,466.6
904.60828,469.6
904.72443,467.2
904.84064,464.4
904.95679,467.0
905.07294,469.0
905.18909,466.2
905.30524,467.4
905.42139,459.6
905.53754,468.4
905.65369,464.2
905.76984,470.2
905.88593,465.0
906.00208,469.0
906.11816,466.8
906.23431,469.0
906.3504,468.6
906.46655,467.4
906.58264,460.4
906.69873,467.8
906.81482,469.2
906.93091,465.2
907.047,467.4
907.16309,461.8
907.27917,463.6
907.39526,467.0
907.51135,467.6
907.62738,463.2
907.74347,467.0
907.8595,464.6
907.97559,469.8
908.09161,465.8
908.2077,467.6
908.32373,468.6
908.43976,464.8
908.55579,465.2
908.67181,465.0
908.78784,462.2
908.90387,464.8
909.0199,469.2
909.13586,468.0
909.25189,462.4
909.36792,469.8
909.48389,467.8
909.59991,462.6
909.71588,471.2
909.83185,465.0
909.94788,469.2
910.06384,464.0
910.17981,465.4
910.29578,465.8
910.41174,467.6
910.52771,471.0
910.64368,465.2
910.75958,467.0
910.87555,469.2
910.99152,467.2
911.10742,466.8
911.22339,469.0
911.33929,470.4
911.4552,468.2
911.57117,465.4
911.68707,465.6
911.80298,469.8
911.91888,466.4
912.03479,463.4
912.1507,471.8
912.2666,469.2
912.38245,465.6
912.49835,469.8
912.61426,465.2
912.7301,468.6
912.84601,467.0
792.4458,634.2
792.56488,625.0
792.68396,625.6
792.8031,623.6
792.92218,609.6
793.04126,604.0
793.16034,608.8
793.27942,609.6
793.3985,594.2
793.51758,586.2
793.63672,579.4
793.7558,580.2
793.87488,587.8
793.9939,587.6
794.11298,572.6
794.23206,575.2
794.35114,571.4
794.47021,569.2
794.58929,562.0
794.70831,568.0
794.82739,568.2
794.94647,562.0
795.06549,563.0
795.18457,555.0
795.30365,553.2
795.42267,549.4
795.54175,547.0
795.66077,552.8
795.77985,544.0
795.89886,545.2
796.01794,555.2
796.13696,545.8
796.25598,549.0
796.375,543.6
796.49408,545.4
796.6131,544.4
796.73212,539.8
796.85114,545.2
796.97015,542.0
797.08923,539.2
797.20825,531.2
797.32727,538.2
797.44629,537.2
797.56531,535.2
797.68427,539.8
797.80328,534.6
797.9223,537.4
798.04132,532.2
798.16034,534.6
798.27936,535.2
798.39832,538.6
798.51733,530.6
798.63635,529.4
798.75531,536.4
798.87433,527.6
798.99329,525.2
799.1123,527.0
799.23126,529.6
799.35028,533.2
799.46924,531.4
799.58826,537.4
799.70721,523.6
799.82617,529.2
799.94519,528.4
800.06415,530.2
800.18311,527.2
800.30206,531.6
800.42102,528.8
800.54004,530.0
800.659,527.8
800.77795,528.6
800.89691,528.8
801.01587,529.6
801.13483,527.2
801.25372,536.2
801.37268,532.6
801.49164,532.0
801.6106,530.8
801.72955,531.6
801.84845,531.4
801.96741,530.2
802.08636,529.0
802.20526,532.6
802.32422,532.4
802.44318,537.0
802.56207,531.4
802.68103,535.0
802.79993,535.6
802.91882,534.4
803.03778,534.4
803.15668,532.2
803.27557,534.4
803.39453,535.8
803.51343,530.8
803.63232,537.6
803.75122,534.6
803.87012,535.8
803.98907,533.0
804.10797,535.4
804.22687,534.6
804.34576,536.4
804.46466,537.6
804.58356,536.4
804.70239,536.4
804.82129,534.2
804.94019,531.4
805.05908,540.4
805.17798,536.6
805.29681,541.0
805.41571,540.8
805.53461,541.8
805.65344,541.4
805.77234,547.0
805.89117,537.6
806.01007,542.4
806.12891,541.8
806.2478,544.6
806.36664,536.8
806.48547,540.2
806.60437,541.6
806.72321,539.6
806.84204,540.2
806.96088,540.6
807.07971,538.2
807.19861,547.8
807.31744,545.0
807.43628,547.4
807.55511,537.6
807.67395,544.2
807.79279,543.0
807.91162,543.0
808.0304,547.2
808.14923,546.2
808.26807,543.4
808.3869,551.4
808.50568,546.8
808.62451,547.0
808.74335,544.0
808.86212,546.8
808.98096,547.4
809.09979,550.0
809.21857,552.0
809.33734,548.0
809.45618,551.0
809.57495,548.0
809.69379,551.6
809.81256,553.4
809.93134,551.8
810.05011,546.0
810.16895,550.6
810.28772,548.4
810.40649,550.4
810.52527,551.0
810.64404,550.4
810.76282,553.0
810.88159,554.0
811.00037,545.4
811.11914,546.0
811.23792,545.2
811.35663,557.4
811.4754,552.2
811.59418,553.4
811.71295,551.6
811.83167,549.8
811.95044,550.4
812.06921,548.6
812.18793,550.6
812.3067,547.8
812.42542,543.2
812.54419,549.4
812.6629,553.0
812.78162,552.2
812.90039,549.0
813.0191,547.8
813.13782,550.2
813.25653,548.0
813.37524,552.2
813.49402,551.6
813.61273,544.4
813.73145,548.4
813.85016,550.4
813.96887,548.4
814.08759,546.2
814.2063,544.0
814.32495,546.0
814.44366,546.8
814.56238,546.0
814.68109,544.6
814.79974,539.6
814.91846,542.8
815.03717,542.2
815.15582,541.0
815.27454,541.4
815.39319,536.2
815.5119,536.6
815.63055,537.8
815.74927,538.0
815.86792,541.8
815.98657,541.6
816.10529,537.4
816.22394,541.2
816.34259,547.6
816.46124,542.8
816.5799,549.8
816.69855,548.6
816.8172,544.8
816.93585,536.0
817.0545,538.2
817.17316,535.0
817.29181,533.4
817.41046,534.8
817.52911,529.4
817.64771,529.4
817.76636,519.8
817.88501,527.0
818.0036,522.0
818.12225,522.8
818.24091,516.6
818.3595,516.6
818.47815,512.2
818.59674,517.6
818.71533,515.0
818.83398,517.0
818.95258,508.6
819.07117,509.6
819.18976,508.0
819.30841,512.8
819.427,508.4
819.54559,509.0
819.66418,507.2
819.78278,511.6
819.90137,504.8
820.01996,506.6
820.13855,504.6
820.25714,509.4
820.37573,502.4
820.49426,505.8
820.61285,501.6
820.73145,504.0
820.84998,499.4
820.96857,501.2
821.08716,500.2
821.20569,500.4
821.32428,498.6
821.44281,501.0
821.56134,496.8
821.67993,502.4
821.79846,499.8
821.91699,496.4
822.03558,501.0
822.15411,501.6
822.27264,500.8
822.39117,500.8
822.5097,497.2
822.62823,495.2
822.74677,501.0
822.8653,495.0
822.98383,497.8
823.10236,500.2
823.22089,491.4
823.33942,496.0
823.45789,498.0
823.57642,501.6
823.69495,497.2
823.81342,495.6
823.93195,494.8
824.05042,504.8
824.16895,497.0
824.28741,496.6
824.40594,497.2
824.52441,493.8
824.64288,498.2
824.76141,491.4
824.87988,496.2
824.99835,493.0
825.11682,492.2
825.23529,493.8
825.35376,495.4
825.47223,492.0
825.5907,494.0
825.70917,494.0
825.82764,500.0
825.94611,493.8
826.06458,493.4
826.18304,491.4
826.30145,496.6
826.41992,492.6
826.53839,488.0
826.6568,491.6
826.77527,492.4
826.89368,493.6
827.01215,490.8
827.13055,491.8
827.24902,490.2
827.36743,492.2
827.48584,487.4
827.60431,488.2
827.72272,488.0
827.84113,489.2
827.95953,488.4
828.07794,487.6
828.19635,489.4
828.31476,483.6
828.43317,483.6
828.55157,488.6
828.66998,490.2
828.78839,482.0
828.90674,486.0
829.02515,488.4
829.14355,491.2
829.2619,490.2
829.38031,486.4
829.49872,488.0
829.61707,483.0
829.73547,490.6
829.85382,485.6
829.97217,486.0
830.09058,484.0
830.20892,484.0
830.32727,487.6
830.44562,485.2
830.56403,489.6
830.68237,488.4
830.80072,484.4
830.91907,489.6
831.03741,487.2
831.15576,490.6
831.27411,482.6
831.3924,489.4
831.51074,490.0
831.62909,482.4
831.74744,487.8
831.86572,483.2
831.98407,486.8
832.10242,485.0
832.2207,484.0
832.33905,486.4
832.45734,489.0
832.57562,487.8
832.69397,490.4
832.81226,489.8
832.93054,492.0
833.04889,486.0
833.16718,485.4
833.28546,482.0
833.40375,495.2
833.52203,486.0
833.64032,486.8
833.75861,485.4
833.87689,490.2
833.99518,489.0
834.1134,486.8
834.23169,487.6
834.34998,491.4
834.46826,489.4
834.58649,489.4
834.70477,492.0
834.823,481.6
834.94128,493.4
835.05951,492.2
835.1778,495.4
835.29602,484.6
835.41425,493.0
835.53253,490.6
835.65076,487.2
835.76898,490.2
835.88721,496.4
836.00543,493.2
836.12366,491.4
836.24188,491.2
836.36011,493.0
836.47833,491.4
836.59656,494.8
836.71478,491.8
836.83295,488.4
836.95117,486.6
837.0694,489.0
837.18756,492.4
837.30579,493.4
837.42401,493.8
837.54218,489.6
837.66034,486.2
837.77856,497.6
837.89673,497.2
838.01489,495.8
838.13312,490.6
838.25128,490.6
838.36945,495.4
838.48761,490.6
838.60577,496.2
838.72394,495.8
838.8421,492.2
838.96027,494.6
839.07843,488.0
839.19659,487.8
839.31476,493.6
839.43286,495.2
839.55103,496.6
839.66919,492.4
839.78729,495.4
839.90546,490.4
840.02356,490.6
840.14172,491.0
840.25983,486.0
840.37793,494.2
840.49609,490.0
840.6142,488.0
840.7323,492.2
840.8504,489.4
840.96851,484.8
841.08661,490.6
841.20471,488.2
841.32281,492.2
841.44092,487.2
841.55902,490.4
841.67712,484.4
841.79523,489.4
841.91327,487.4
842.03137,488.6
842.14948,492.8
842.26752,486.0
842.38562,487.0
842.50366,485.4
842.62177,490.2
842.73981,483.4
842.85791,491.8
842.97595,486.4
843.09399,488.8
843.21204,487.4
843.33008,483.2
843.44818,489.4
843.56622,487.2
843.68427,485.4
843.80231,487.4
843.92029,489.0
844.03833,489.6
844.15637,484.6
844.27441,483.2
844.39246,486.2
844.51044,492.8
844.62848,481.2
844.74646,487.2
844.8645,485.4
844.98248,484.2
845.10052,485.8
845.21851,492.6
845.33649,488.2
845.45453,484.4
845.57251,490.4
845.69049,484.6
845.80847,484.6
845.92645,489.4
846.04443,482.8
846.16241,483.2
846.2804,486.2
846.39838,487.0
846.51636,485.2
846.63434,486.2
846.75226,487.2
846.87024,484.2
846.98822,489.6
847.10614,483.8
847.22412,487.6
847.34204,488.2
847.46002,488.8
847.57794,482.0
847.69586,490.2
847.81384,485.0
847.93176,490.4
848.04968,489.4
848.1676,487.4
848.28552,493.2
848.40344,483.0
848.52136,484.2
848.63928,485.8
848.7572,487.4
848.87512,485.8
848.99304,485.0
849.1109,486.2
849.22882,484.2
849.34674,487.4
849.4646,487.6
849.58252,488.4
849.70038,483.2
849.8183,487.8
849.93616,487.4
850.05402,489.6
850.17194,487.4
850.28979,489.8
850.40765,487.4
850.52551,490.2
850.64337,491.4
850.76123,487.8
850.87909,488.8
850.99695,487.0
851.11481,488.8
851.23267,492.4
851.35046,491.0
851.46832,489.0
851.58618,490.2
851.70398,493.2
851.82184,494.6
851.93964,494.0
852.0575,495.6
852.17529,496.6
852.29315,499.2
852.41095,496.8
852.52875,490.8
852.64655,491.8
852.7644,492.8
852.8822,487.4
853.0,488.0
853.1178,492.0
853.2356,487.2
853.35333,486.6
853.47113,485.4
853.58893,488.8
853.70673,491.0
853.82446,491.2
853.94226,489.4
854.06006,492.2
854.1778,489.2
854.29559,488.6
854.41333,488.6
854.53107,490.2
854.64886,490.2
854.7666,491.2
854.88434,489.8
855.00208,493.2
855.11981,487.4
855.23761,491.2
855.35535,494.8
855.47302,487.6
855.59076,492.4
855.7085,492.4
855.82623,488.6
855.94397,494.0
856.06165,492.2
856.17938,492.2
856.29712,493.8
856.41479,495.2
856.53253,492.0
856.65021,486.0
856.76788,484.6
856.88562,494.2
857.0033,484.2
857.12097,489.6
857.23865,481.6
857.35632,488.2
857.474,484.4
857.59167,484.4
857.70935,482.4
857.82703,489.4
857.9447,487.4
858.06238,489.4
858.18005,485.4
858.29767,485.2
858.41534,488.8
858.53296,487.8
858.65063,488.6
858.76825,489.2
858.88593,489.2
859.00354,489.8
859.12115,491.0
859.23883,487.4
859.35645,486.8
859.47406,482.2
859.59167,486.6
859.70929,487.2
859.8269,488.0
859.94452,487.0
860.06213,487.0
860.17975,484.4
860.29736,483.8
860.41492,481.2
860.53253,481.0
860.65009,485.2
860.7677,485.0
860.88525,485.2
861.00287,489.4
861.12042,486.4
861.23804,487.2
861.35559,486.6
861.47314,485.0
861.5907,486.6
861.70825,483.8
861.82581,487.0
861.94336,478.4
862.06091,485.0
862.17847,485.8
862.29602,485.6
862.41357,485.4
862.53113,485.2
862.64862,479.0
862.76617,482.8
862.88367,483.2
863.00122,480.8
863.11871,484.8
863.23627,481.0
863.35376,479.2
863.47125,485.6
863.58881,483.2
863.7063,487.4
863.82379,482.8
863.94128,482.8
864.05878,481.2
864.17627,481.6
864.29376,484.2
864.41125,485.0
864.52869,480.2
864.64618,483.8
864.76367,480.6
864.8811,480.2
864.9986,475.4
865.11609,481.2
865.23352,484.4
865.35095,485.6
865.46844,480.8
865.58588,481.0
865.70331,484.2
865.82074,479.2
865.93823,483.6
866.05566,481.4
866.1731,479.6
866.29053,483.0
866.4079,484.0
866.52533,484.6
866.64276,486.4
866.76019,485.0
866.87756,482.4
866.995,484.4
867.11243,482.4
867.2298,481.2
867.34723,481.6
867.4646,483.6
867.58197,483.8
867.6994,487.4
867.81677,484.4
867.93414,481.6
868.05151,483.0
868.16888,481.2
868.28625,483.6
868.40363,485.6
868.521,482.2
868.63837,478.6
868.75568,480.2
868.87305,485.6
868.99042,488.4
869.10773,488.0
869.2251,484.8
869.34241,490.6
869.45978,483.2
869.57709,488.0
869.69446,483.2
869.81177,490.0
869.92908,485.4
870.04639,486.6
870.1637,480.4
870.28101,487.2
870.39832,489.8
870.51563,490.4
870.63293,491.0
870.75024,487.6
870.86749,486.8
870.9848,485.8
871.10211,483.6
871.21936,488.0
871.33667,485.8
871.45392,486.0
871.57123,487.4
871.68848,482.2
871.80573,488.2
871.92297,484.0
872.04028,484.0
872.15753,484.8
872.27478,488.6
872.39203,482.0
872.50928,485.8
872.62646,485.8
872.74371,486.6
872.86096,486.6
872.97821,482.8
873.0954,486.2
873.21265,481.6
873.32983,483.0
873.44708,483.6
873.56427,485.6
873.68152,482.6
873.79871,487.6
873.91589,475.0
874.03308,483.8
874.15027,482.2
874.26746,484.0
874.38464,481.4
874.50183,488.0
874.61902,484.0
874.73621,482.2
874.85339,481.4
874.97052,487.4
875.08771,481.8
875.2049,478.4
875.32202,480.6
875.43921,483.2
875.55634,481.8
875.67346,486.8
875.79065,481.8
875.90778,485.0
876.0249,480.6
876.14203,480.0
876.25916,477.6
876.37628,482.8
876.49341,483.4
876.61053,488.4
876.72766,481.8
876.84473,490.4
876.96185,487.6
877.07898,487.2
877.19604,486.2
877.31317,485.6
877.43024,488.4
877.54736,481.0
877.66443,486.6
877.78149,481.6
877.89856,487.2
878.01569,479.0
878.13275,481.4
878.24982,485.2
878.36688,485.2
878.48395,483.4
878.60095,485.0
878.71802,478.6
878.83508,483.4
878.95215,480.4
879.06915,477.8
879.18622,488.6
879.30322,482.0
879.42029,483.2
879.53729,480.4
879.6543,484.8
879.77136,480.2
879.88837,486.0
880.00537,479.2
880.12238,485.4
880.23938,477.2
880.35638,482.0
880.47339,478.4
880.59039,483.6
880.70734,482.6
880.82434,482.6
880.94135,479.8
881.05829,482.0
881.17529,481.8
881.29224,486.4
881.40924,481.4
881.52618,479.6
881.64313,478.8
881.76007,483.6
881.87701,484.2
881.99402,483.0
882.11096,482.6
882.22791,481.4
882.34479,481.2
882.46173,481.2
882.57867,485.0
882.69562,482.4
882.8125,480.4
882.92944,489.6
883.04639,481.2
883.16327,485.4
883.28015,488.0
883.39709,479.2
883.51398,483.6
883.63086,483.6
883.74774,485.6
883.86462,479.4
883.98157,483.6
884.09839,484.0
884.21527,484.6
884.33215,485.6
884.44904,483.2
884.56592,484.0
884.68274,483.4
884.79962,486.2
884.9165,486.8
885.03333,493.6
885.15015,487.0
885.26703,486.2
885.38385,484.6
885.50067,491.2
885.61749,488.8
885.73438,491.4
885.8512,493.0
885.96802,492.8
886.08478,488.6
886.2016,485.2
886.31842,483.4
886.43524,488.4
886.55206,489.4
886.66882,489.6
886.78564,486.4
886.9024,485.8
887.01923,481.2
887.13599,487.0
887.25275,484.4
887.36951,490.0
887.48633,487.0
887.60309,488.6
887.71985,490.8
887.83661,490.0
887.95337,483.8
888.07007,479.0
888.18683,493.0
888.30359,484.2
888.42035,484.2
888.53705,486.2
888.65381,477.8
888.77051,478.6
888.88721,479.4
889.00397,482.4
889.12067,482.2
889.23737,481.0
889.35406,487.4
889.47083,478.0
889.58752,482.6
889.70416,480.0
889.82086,481.4
889.93756,484.4
890.05426,480.6
890.17096,479.2
890.2876,482.2
890.4043,481.2
890.52094,479.4
890.63763,482.2
890.75427,482.2
890.87091,483.8
890.98761,479.6
891.10425,481.4
891.22089,484.6
891.33752,486.0
891.45416,476.2
891.5708,483.8
891.68744,479.0
891.80408,483.0
891.92065,482.0
892.03729,484.2
892.15393,481.8
892.27051,483.8
892.38715,484.6
892.50372,482.6
892.6203,488.2
892.73694,490.0
892.85352,481.6
892.97009,483.0
893.08667,478.8
893.20325,485.2
893.31982,486.0
893.4364,485.2
893.55298,480.8
893.66956,487.0
893.78607,487.2
893.90265,489.0
894.01917,494.2
894.13574,489.6
894.25226,486.0
894.36884,485.6
894.48535,485.4
894.60187,487.0
894.71838,487.0
894.8349,484.4
894.95148,483.0
895.06793,493.6
895.18445,486.2
895.30096,485.0
895.41748,481.8
895.534,483.6
895.65045,484.6
895.76697,483.0
895.88342,487.0
895.99994,482.0
896.11639,485.6
896.23291,487.8
896.34937,480.8
896.46582,487.6
896.58228,488.0
896.69873,485.2
896.81519,487.4
896.93164,486.2
897.0481,483.8
897.16455,488.4
897.28094,482.0
897.3974,481.4
897.51385,487.0
897.63025,486.0
897.7467,484.8
897.8631,481.6
897.97949,482.2
898.09595,484.6
898.21234,483.6
898.32874,486.0
898.44513,481.4
898.56152,484.8
898.67792,483.6
898.79431,484.2
898.91064,483.0
899.02704,482.2
899.14343,485.4
899.25977,483.8
899.37616,478.4
899.49249,483.4
899.60889,481.6
899.72522,479.4
899.84155,485.8
899.95789,485.0
900.07428,477.2
900.19061,481.6
900.30695,481.2
900.42322,482.4
900.53955,479.4
900.65588,481.2
900.77222,478.8
900.88849,486.6
901.00482,483.0
901.12109,480.4
901.23743,482.6
901.3537,480.6
901.47003,474.0
901.5863,476.8
901.70258,475.6
901.81885,480.2
901.93512,475.2
902.05139,476.2
902.16766,481.2
902.28394,478.2
902.40021,477.0
902.51642,484.4
902.63269,483.0
902.7489,483.4
902.86517,479.2
902.98138,475.2
903.09766,479.6
903.21387,479.2
903.33008,475.0
903.44629,484.8
903.5625,476.6
903.67871,475.8
903.79492,476.0
903.91113,479.8
904.02734,477.2
904.14355,480.6
904.2597,478.6
904.37592,477.8
904.49207,475.2
904.60828,476.0
904.72443,474.2
904.84064,476.4
904.95679,474.6
905.07294,477.8
905.18909,476.4
905.30524,473.0
905.42139,469.6
905.53754,472.8
905.65369,472.4
905.76984,469.8
905.88593,470.4
906.00208,474.0
906.11816,475.4
906.23431,471.6
906.3504,473.8
906.46655,470.4
906.58264,468.8
906.69873,472.6
906.81482,475.2
906.93091,471.8
907.047,471.6
907.16309,470.2
907.27917,473.6
907.39526,474.2
907.51135,473.0
907.62738,469.6
907.74347,472.2
907.8595,469.2
907.97559,472.6
908.09161,471.2
908.2077,470.2
908.32373,473.0
908.43976,470.8
908.55579,473.0
908.67181,471.8
908.78784,473.8
908.90387,476.2
909.0199,474.2
909.13586,470.8
909.25189,473.8
909.36792,471.2
909.48389,470.2
909.59991,477.0
909.71588,474.0
909.83185,474.2
909.94788,472.4
910.06384,473.2
910.17981,473.8
910.29578,474.6
910.41174,471.0
910.52771,469.8
910.64368,478.6
910.75958,468.0
910.87555,471.2
910.99152,470.0
911.10742,476.6
911.22339,472.2
911.33929,473.0
911.4552,473.6
911.57117,469.2
911.68707,476.2
911.80298,474.4
911.91888,474.6
912.03479,472.4
912.1507,474.2
912.2666,473.2
912.38245,472.8
912.49835,469.6
912.61426,476.6
912.7301,476.2
912.84601,475.4
