792.4458,588.4
792.56488,580.8
792.68396,590.6
792.8031,581.0
792.92218,567.4
793.04126,569.4
793.16034,576.4
793.27942,574.8
793.3985,569.6
793.51758,557.2
793.63672,557.0
793.7558,555.4
793.87488,566.0
793.9939,555.4
794.11298,553.8
794.23206,548.6
794.35114,548.0
794.47021,544.0
794.58929,540.2
794.70831,541.0
794.82739,546.6
794.94647,539.0
795.06549,540.6
795.18457,538.0
795.30365,537.0
795.42267,523.6
795.54175,534.0
795.66077,531.6
795.77985,534.8
795.89886,527.8
796.01794,527.6
796.13696,528.0
796.25598,531.8
796.375,522.8
796.49408,528.6
796.6131,527.8
796.73212,527.4
796.85114,517.4
796.97015,521.4
797.08923,522.0
797.20825,521.6
797.32727,516.8
797.44629,516.4
797.56531,520.4
797.68427,517.2
797.80328,517.0
797.9223,519.2
798.04132,512.0
798.16034,520.2
798.27936,525.0
798.39832,518.2
798.51733,519.6
798.63635,516.2
798.75531,518.2
798.87433,519.0
798.99329,511.6
799.1123,515.0
799.23126,511.4
799.35028,515.4
799.46924,520.8
799.58826,527.2
799.70721,515.8
799.82617,515.4
799.94519,515.6
800.06415,515.8
800.18311,510.0
800.30206,520.0
800.42102,514.2
800.54004,514.8
800.659,520.8
800.77795,512.6
800.89691,516.4
801.01587,520.8
801.13483,515.6
801.25372,517.2
801.37268,518.0
801.49164,518.2
801.6106,521.8
801.72955,523.6
801.84845,513.6
801.96741,516.8
802.08636,516.6
802.20526,518.4
802.32422,519.8
802.44318,519.8
802.56207,521.4
802.68103,517.4
802.79993,515.4
802.91882,517.6
803.03778,517.0
803.15668,518.6
803.27557,519.6
803.39453,516.6
803.51343,521.6
803.63232,523.2
803.75122,519.0
803.87012,517.2
803.98907,518.8
804.10797,523.8
804.22687,517.2
804.34576,521.4
804.46466,521.4
804.58356,520.2
804.70239,522.8
804.82129,519.8
804.94019,528.2
805.05908,526.4
805.17798,522.6
805.29681,524.0
805.41571,525.2
805.53461,522.0
805.65344,524.2
805.77234,527.8
805.89117,529.2
806.01007,526.6
806.12891,526.8
806.2478,527.2
806.36664,527.0
806.48547,525.6
806.60437,524.0
806.72321,532.2
806.84204,526.6
806.96088,522.6
807.07971,529.6
807.19861,528.6
807.31744,529.4
807.43628,530.0
807.55511,525.6
807.67395,529.4
807.79279,526.4
807.91162,531.4
808.0304,535.6
808.14923,535.2
808.26807,528.0
808.3869,529.6
808.50568,530.0
808.62451,532.8
808.74335,529.4
808.86212,529.6
808.98096,534.8
809.09979,528.2
809.21857,533.0
809.33734,533.6
809.45618,528.0
809.57495,536.8
809.69379,539.6
809.81256,537.2
809.93134,528.6
810.05011,536.6
810.16895,523.8
810.28772,530.4
810.40649,534.4
810.52527,534.8
810.64404,528.4
810.76282,535.2
810.88159,536.8
811.00037,533.0
811.11914,526.8
811.23792,534.6
811.35663,531.8
811.4754,540.8
811.59418,535.2
811.71295,536.6
811.83167,536.0
811.95044,534.0
812.06921,536.4
812.18793,534.0
812.3067,534.6
812.42542,531.4
812.54419,532.8
812.6629,529.6
812.78162,530.0
812.90039,535.6
813.0191,531.4
813.13782,531.2
813.25653,533.4
813.37524,530.8
813.49402,529.0
813.61273,538.2
813.73145,527.4
813.85016,534.4
813.96887,527.2
814.08759,527.8
814.2063,530.2
814.32495,532.8
814.44366,529.2
814.56238,530.4
814.68109,532.6
814.79974,528.8
814.91846,529.4
815.03717,528.2
815.15582,524.8
815.27454,526.8
815.39319,525.6
815.5119,525.0
815.63055,522.0
815.74927,530.2
815.86792,524.6
815.98657,526.4
816.10529,530.2
816.22394,525.6
816.34259,524.8
816.46124,527.6
816.5799,532.6
816.69855,528.4
816.8172,526.2
816.93585,528.4
817.0545,523.6
817.17316,520.6
817.29181,520.0
817.41046,515.0
817.52911,515.6
817.64771,512.4
817.76636,505.2
817.88501,514.4
818.0036,512.4
818.12225,511.4
818.24091,502.4
818.3595,510.8
818.47815,503.6
818.59674,505.2
818.71533,502.2
818.83398,498.2
818.95258,499.2
819.07117,500.4
819.18976,494.0
819.30841,501.6
819.427,501.2
819.54559,494.4
819.66418,497.4
819.78278,502.6
819.90137,499.4
820.01996,494.2
820.13855,496.0
820.25714,500.0
820.37573,492.4
820.49426,493.2
820.61285,493.8
820.73145,498.0
820.84998,490.2
820.96857,489.6
821.08716,490.2
821.20569,492.2
821.32428,489.2
821.44281,493.2
821.56134,488.8
821.67993,487.6
821.79846,495.6
821.91699,494.0
822.03558,491.8
822.15411,484.0
822.27264,486.2
822.39117,486.0
822.5097,489.2
822.62823,489.8
822.74677,487.0
822.8653,487.6
822.98383,488.8
823.10236,488.0
823.22089,484.2
823.33942,491.8
823.45789,491.4
823.57642,491.4
823.69495,489.6
823.81342,484.8
823.93195,486.8
824.05042,492.6
824.16895,485.4
824.28741,489.4
824.40594,489.2
824.52441,487.4
824.64288,488.2
824.76141,485.4
824.87988,486.2
824.99835,482.6
825.11682,484.2
825.23529,487.4
825.35376,485.0
825.47223,484.0
825.5907,484.2
825.70917,481.0
825.82764,487.6
825.94611,484.6
826.06458,482.6
826.18304,483.0
826.30145,485.4
826.41992,486.2
826.53839,479.4
826.6568,484.4
826.77527,481.2
826.89368,482.4
827.01215,486.0
827.13055,482.0
827.24902,479.8
827.36743,481.8
827.48584,481.8
827.60431,483.8
827.72272,479.8
827.84113,482.4
827.95953,479.4
828.07794,476.8
828.19635,480.2
828.31476,480.8
828.43317,476.4
828.55157,476.4
828.66998,479.4
828.78839,485.2
828.90674,479.6
829.02515,481.0
829.14355,479.4
829.2619,482.0
829.38031,478.2
829.49872,475.8
829.61707,482.8
829.73547,481.2
829.85382,476.8
829.97217,478.8
830.09058,477.4
830.20892,477.8
830.32727,475.0
830.44562,475.6
830.56403,481.2
830.68237,479.4
830.80072,481.8
830.91907,476.6
831.03741,474.6
831.15576,481.8
831.27411,479.2
831.3924,479.2
831.51074,478.6
831.62909,480.2
831.74744,479.2
831.86572,475.6
831.98407,478.2
832.10242,481.2
832.2207,481.2
832.33905,481.4
832.45734,479.8
832.57562,480.0
832.69397,480.6
832.81226,477.2
832.93054,481.0
833.04889,481.2
833.16718,477.2
833.28546,480.0
833.40375,484.2
833.52203,475.8
833.64032,480.2
833.75861,478.8
833.87689,481.0
833.99518,479.4
834.1134,481.2
834.23169,479.4
834.34998,477.8
834.46826,482.2
834.58649,480.8
834.70477,481.0
834.823,477.0
834.94128,483.8
835.05951,480.2
835.1778,485.6
835.29602,478.0
835.41425,477.0
835.53253,481.0
835.65076,483.2
835.76898,480.0
835.88721,483.0
836.00543,482.4
836.12366,482.2
836.24188,478.4
836.36011,483.2
836.47833,487.0
836.59656,480.4
836.71478,481.0
836.83295,485.8
836.95117,481.4
837.0694,487.0
837.18756,483.4
837.30579,489.2
837.42401,482.8
837.54218,484.8
837.66034,481.2
837.77856,488.8
837.89673,481.4
838.01489,483.0
838.13312,476.0
838.25128,484.4
838.36945,479.0
838.48761,487.0
838.60577,489.2
838.72394,485.2
838.8421,482.0
838.96027,485.8
839.07843,484.2
839.19659,483.0
839.31476,481.8
839.43286,483.2
839.55103,484.6
839.66919,483.8
839.78729,482.2
839.90546,487.4
840.02356,480.0
840.14172,484.6
840.25983,480.6
840.37793,482.6
840.49609,485.4
840.6142,480.2
840.7323,484.0
840.8504,485.8
840.96851,484.8
841.08661,485.8
841.20471,480.4
841.32281,487.4
841.44092,481.2
841.55902,480.4
841.67712,480.2
841.79523,486.4
841.91327,482.4
842.03137,485.0
842.14948,479.2
842.26752,475.8
842.38562,482.2
842.50366,481.0
842.62177,480.6
842.73981,475.2
842.85791,479.2
842.97595,482.4
843.09399,485.8
843.21204,482.8
843.33008,478.2
843.44818,481.4
843.56622,479.4
843.68427,478.0
843.80231,483.0
843.92029,480.2
844.03833,477.8
844.15637,478.6
844.27441,481.8
844.39246,488.4
844.51044,480.6
844.62848,480.8
844.74646,482.4
844.8645,480.6
844.98248,486.4
845.10052,480.8
845.21851,484.2
845.33649,482.6
845.45453,482.0
845.57251,481.0
845.69049,480.2
845.80847,479.4
845.92645,481.8
846.04443,479.8
846.16241,480.8
846.2804,480.8
846.39838,482.4
846.51636,480.2
846.63434,478.8
846.75226,481.4
846.87024,478.4
846.98822,480.8
847.10614,477.6
847.22412,481.4
847.34204,478.2
847.46002,479.8
847.57794,478.0
847.69586,481.0
847.81384,479.0
847.93176,482.8
848.04968,480.4
848.1676,474.8
848.28552,480.0
848.40344,481.4
848.52136,480.8
848.63928,480.0
848.7572,481.6
848.87512,477.2
848.99304,482.4
849.1109,480.4
849.22882,475.8
849.34674,478.0
849.4646,474.0
849.58252,477.6
849.70038,478.4
849.8183,480.4
849.93616,478.4
850.05402,479.8
850.17194,482.0
850.28979,483.0
850.40765,479.4
850.52551,476.6
850.64337,481.2
850.76123,479.6
850.87909,474.0
850.99695,480.6
851.11481,473.8
851.23267,482.2
851.35046,482.0
851.46832,481.0
851.58618,477.4
851.70398,483.6
851.82184,478.8
851.93964,480.4
852.0575,484.4
852.17529,487.6
852.29315,483.8
852.41095,485.6
852.52875,480.0
852.64655,480.8
852.7644,480.2
852.8822,483.4
853.0,474.8
853.1178,481.8
853.2356,478.0
853.35333,480.2
853.47113,478.8
853.58893,481.4
853.70673,479.6
853.82446,485.4
853.94226,480.4
854.06006,477.2
854.1778,484.2
854.29559,477.6
854.41333,478.8
854.53107,481.8
854.64886,479.0
854.7666,480.0
854.88434,483.0
855.00208,484.8
855.11981,479.0
855.23761,488.0
855.35535,485.8
855.47302,481.6
855.59076,483.0
855.7085,486.0
855.82623,480.8
855.94397,485.0
856.06165,481.0
856.17938,488.8
856.29712,478.8
856.41479,487.6
856.53253,487.0
856.65021,481.0
856.76788,480.0
856.88562,488.8
857.0033,481.6
857.12097,480.6
857.23865,478.2
857.35632,478.4
857.474,479.0
857.59167,481.4
857.70935,483.2
857.82703,477.4
857.9447,481.6
858.06238,478.2
858.18005,479.2
858.29767,485.6
858.41534,483.0
858.53296,481.2
858.65063,482.6
858.76825,482.0
858.88593,479.6
859.00354,479.6
859.12115,474.8
859.23883,478.2
859.35645,479.4
859.47406,484.0
859.59167,477.4
859.70929,480.6
859.8269,479.2
859.94452,476.2
860.06213,482.4
860.17975,478.2
860.29736,476.8
860.41492,472.4
860.53253,475.2
860.65009,480.6
860.7677,475.2
860.88525,479.8
861.00287,474.8
861.12042,476.6
861.23804,480.0
861.35559,479.8
861.47314,478.4
861.5907,477.2
861.70825,472.2
861.82581,474.6
861.94336,476.0
862.06091,473.4
862.17847,477.6
862.29602,477.6
862.41357,472.4
862.53113,473.2
862.64862,475.8
862.76617,470.4
862.88367,474.2
863.00122,478.4
863.11871,479.6
863.23627,478.6
863.35376,474.0
863.47125,477.4
863.58881,477.2
863.7063,481.0
863.82379,474.4
863.94128,474.4
864.05878,476.0
864.17627,478.2
864.29376,477.6
864.41125,474.8
864.52869,474.0
864.64618,478.8
864.76367,474.0
864.8811,479.4
864.9986,474.6
865.11609,476.6
865.23352,472.2
865.35095,479.4
865.46844,477.2
865.58588,478.4
865.70331,477.2
865.82074,480.4
865.93823,478.0
866.05566,480.4
866.1731,476.8
866.29053,477.4
866.4079,471.4
866.52533,479.6
866.64276,480.0
866.76019,471.4
866.87756,474.6
866.995,481.2
867.11243,476.2
867.2298,476.4
867.34723,479.4
867.4646,475.0
867.58197,476.8
867.6994,477.6
867.81677,477.8
867.93414,479.8
868.05151,477.2
868.16888,477.0
868.28625,479.8
868.40363,475.4
868.521,473.8
868.63837,478.2
868.75568,474.2
868.87305,475.4
868.99042,480.2
869.10773,477.0
869.2251,474.4
869.34241,482.6
869.45978,477.8
869.57709,479.2
869.69446,474.6
869.81177,475.8
869.92908,474.8
870.04639,483.4
870.1637,472.6
870.28101,483.2
870.39832,481.2
870.51563,476.4
870.63293,476.6
870.75024,479.6
870.86749,474.4
870.9848,476.8
871.10211,478.8
871.21936,481.8
871.33667,476.2
871.45392,481.8
871.57123,474.8
871.68848,478.8
871.80573,477.0
871.92297,481.2
872.04028,476.6
872.15753,478.2
872.27478,479.6
872.39203,475.0
872.50928,472.4
872.62646,475.0
872.74371,478.8
872.86096,480.2
872.97821,478.8
873.0954,478.8
873.21265,475.4
873.32983,476.6
873.44708,477.0
873.56427,471.6
873.68152,474.0
873.79871,478.0
873.91589,475.4
874.03308,475.6
874.15027,477.8
874.26746,476.4
874.38464,475.2
874.50183,472.8
874.61902,479.0
874.73621,475.8
874.85339,471.0
874.97052,479.2
875.08771,476.2
875.2049,483.2
875.32202,472.6
875.43921,480.6
875.55634,476.8
875.67346,484.2
875.79065,476.8
875.90778,483.4
876.0249,477.6
876.14203,477.2
876.25916,479.6
876.37628,477.4
876.49341,478.0
876.61053,482.0
876.72766,477.0
876.84473,480.4
876.96185,475.0
877.07898,480.2
877.19604,480.2
877.31317,482.6
877.43024,474.6
877.54736,477.8
877.66443,476.2
877.78149,479.8
877.89856,476.2
878.01569,479.0
878.13275,479.8
878.24982,475.2
878.36688,479.2
878.48395,476.4
878.60095,473.6
878.71802,472.8
878.83508,472.8
878.95215,472.2
879.06915,472.8
879.18622,476.0
879.30322,478.8
879.42029,477.6
879.53729,472.4
879.6543,480.4
879.77136,472.6
879.88837,478.2
880.00537,475.8
880.12238,473.6
880.23938,471.8
880.35638,477.0
880.47339,471.2
880.59039,475.6
880.70734,470.8
880.82434,477.0
880.94135,479.0
881.05829,476.4
881.17529,473.6
881.29224,477.6
881.40924,475.2
881.52618,471.0
881.64313,478.2
881.76007,476.2
881.87701,477.2
881.99402,482.0
882.11096,476.4
882.22791,474.8
882.34479,476.6
882.46173,479.8
882.57867,475.4
882.69562,475.2
882.8125,474.4
882.92944,476.0
883.04639,472.0
883.16327,475.8
883.28015,473.0
883.39709,478.0
883.51398,480.2
883.63086,481.6
883.74774,478.6
883.86462,475.2
883.98157,480.0
884.09839,481.4
884.21527,478.0
884.33215,476.6
884.44904,471.8
884.56592,478.8
884.68274,477.4
884.79962,477.4
884.9165,474.6
885.03333,483.0
885.15015,477.2
885.26703,481.0
885.38385,478.2
885.50067,482.2
885.61749,480.4
885.73438,480.6
885.8512,483.8
885.96802,478.6
886.08478,477.6
886.2016,481.4
886.31842,478.6
886.43524,477.0
886.55206,482.6
886.66882,483.0
886.78564,476.8
886.9024,482.6
887.01923,478.0
887.13599,481.6
887.25275,481.4
887.36951,481.0
887.48633,474.2
887.60309,485.2
887.71985,480.4
887.83661,479.2
887.95337,476.4
888.07007,477.8
888.18683,477.0
888.30359,477.8
888.42035,470.4
888.53705,478.2
888.65381,471.6
888.77051,478.6
888.88721,474.8
889.00397,477.6
889.12067,475.2
889.23737,480.6
889.35406,480.4
889.47083,478.4
889.58752,470.4
889.70416,481.2
889.82086,476.2
889.93756,481.2
890.05426,473.8
890.17096,481.2
890.2876,480.8
890.4043,476.4
890.52094,473.4
890.63763,474.2
890.75427,475.2
890.87091,480.2
890.98761,474.4
891.10425,480.2
891.22089,475.8
891.33752,479.6
891.45416,479.0
891.5708,477.6
891.68744,477.0
891.80408,477.4
891.92065,476.2
892.03729,478.0
892.15393,476.4
892.27051,479.2
892.38715,478.0
892.50372,478.4
892.6203,480.6
892.73694,478.4
892.85352,481.6
892.97009,477.2
893.08667,482.2
893.20325,480.4
893.31982,476.0
893.4364,482.0
893.55298,474.0
893.66956,480.2
893.78607,479.0
893.90265,482.8
894.01917,484.8
894.13574,478.6
894.25226,484.2
894.36884,481.6
894.48535,481.4
894.60187,486.6
894.71838,483.4
894.8349,483.8
894.95148,481.6
895.06793,481.4
895.18445,481.2
895.30096,475.2
895.41748,480.0
895.534,479.4
895.65045,475.2
895.76697,480.6
895.88342,478.0
895.99994,480.0
896.11639,476.4
896.23291,480.0
896.34937,481.2
896.46582,479.8
896.58228,482.2
896.69873,482.4
896.81519,479.6
896.93164,479.2
897.0481,478.0
897.16455,486.0
897.28094,480.8
897.3974,478.2
897.51385,480.4
897.63025,481.0
897.7467,477.0
897.8631,480.4
897.97949,474.8
898.09595,476.0
898.21234,473.8
898.32874,474.4
898.44513,479.0
898.56152,482.8
898.67792,477.4
898.79431,481.4
898.91064,482.2
899.02704,483.6
899.14343,477.8
899.25977,472.2
899.37616,478.0
899.49249,480.6
899.60889,479.0
899.72522,476.4
899.84155,474.6
899.95789,480.2
900.07428,476.2
900.19061,477.8
900.30695,476.8
900.42322,475.6
900.53955,473.0
900.65588,479.2
900.77222,475.4
900.88849,480.0
901.00482,473.0
901.12109,480.8
901.23743,475.4
901.3537,474.8
901.47003,473.0
901.5863,477.2
901.70258,472.8
901.81885,477.0
901.93512,473.6
902.05139,476.4
902.16766,475.0
902.28394,474.2
902.40021,473.0
902.51642,479.2
902.63269,471.6
902.7489,475.8
902.86517,475.2
902.98138,478.2
903.09766,472.8
903.21387,477.0
903.33008,473.8
903.44629,477.8
903.5625,472.4
903.67871,471.8
903.79492,470.8
903.91113,473.6
904.02734,471.6
904.14355,472.2
904.2597,468.8
904.37592,469.6
904.49207,469.6
904.60828,469.4
904.72443,470.0
904.84064,467.0
904.95679,468.0
905.07294,473.4
905.18909,472.4
905.30524,472.4
905.42139,468.8
905.53754,469.4
905.65369,472.0
905.76984,471.0
905.88593,466.8
906.00208,468.4
906.11816,468.2
906.23431,469.0
906.3504,464.2
906.46655,471.0
906.58264,462.6
906.69873,468.6
906.81482,466.4
906.93091,468.0
907.047,465.6
907.16309,469.8
907.27917,468.8
907.39526,474.0
907.51135,466.8
907.62738,467.4
907.74347,466.0
907.8595,465.6
907.97559,468.0
908.09161,469.6
908.2077,469.6
908.32373,467.8
908.43976,471.0
908.55579,464.2
908.67181,469.2
908.78784,470.0
908.90387,468.0
909.0199,466.6
909.13586,467.6
909.25189,477.4
909.36792,467.2
909.48389,464.2
909.59991,464.2
909.71588,469.8
909.83185,470.8
909.94788,465.8
910.06384,472.0
910.17981,468.4
910.29578,465.4
910.41174,470.6
910.52771,466.0
910.64368,470.8
910.75958,466.2
910.87555,469.8
910.99152,469.8
911.10742,472.8
911.22339,464.4
911.33929,471.8
911.4552,465.6
911.57117,469.2
911.68707,469.2
911.80298,471.6
911.91888,467.8
912.03479,471.6
912.1507,467.6
912.2666,469.4
912.38245,473.4
912.49835,466.6
912.61426,467.2
912.7301,472.6
912.84601,470.0
792.4458,754.0
792.56488,787.6
792.68396,790.6
792.8031,786.4
792.92218,764.2
793.04126,754.4
793.16034,765.6
793.27942,755.6
793.3985,744.6
793.51758,727.0
793.63672,721.4
793.7558,715.4
793.87488,726.2
793.9939,716.0
794.11298,715.0
794.23206,703.0
794.35114,703.4
794.47021,692.0
794.58929,690.2
794.70831,686.2
794.82739,681.6
794.94647,677.4
795.06549,676.2
795.18457,672.4
795.30365,668.8
795.42267,659.0
795.54175,654.8
795.66077,651.8
795.77985,650.0
795.89886,646.0
796.01794,648.8
796.13696,643.2
796.25598,648.2
796.375,643.0
796.49408,636.8
796.6131,632.8
796.73212,636.6
796.85114,631.8
796.97015,634.0
797.08923,627.0
797.20825,629.8
797.32727,628.4
797.44629,620.8
797.56531,622.2
797.68427,622.4
797.80328,621.8
797.9223,624.8
798.04132,615.8
798.16034,616.4
798.27936,624.4
798.39832,624.6
798.51733,612.6
798.63635,607.6
798.75531,613.8
798.87433,613.4
798.99329,605.6
799.1123,611.2
799.23126,608.0
799.35028,607.0
799.46924,609.0
799.58826,615.4
799.70721,613.6
799.82617,607.2
799.94519,601.8
800.06415,608.2
800.18311,600.8
800.30206,602.8
800.42102,601.8
800.54004,608.8
800.659,600.6
800.77795,604.6
800.89691,602.2
801.01587,604.2
801.13483,602.6
801.25372,605.6
801.37268,603.0
801.49164,600.8
801.6106,608.6
801.72955,605.0
801.84845,605.8
801.96741,600.0
802.08636,602.2
802.20526,604.2
802.32422,604.0
802.44318,599.2
802.56207,604.8
802.68103,608.0
802.79993,601.8
802.91882,597.2
803.03778,596.6
803.15668,602.6
803.27557,598.6
803.39453,597.8
803.51343,599.6
803.63232,598.8
803.75122,604.2
803.87012,601.2
803.98907,595.6
804.10797,598.6
804.22687,597.8
804.34576,599.2
804.46466,601.8
804.58356,596.0
804.70239,599.2
804.82129,597.2
804.94019,598.6
805.05908,597.2
805.17798,600.4
805.29681,602.6
805.41571,602.2
805.53461,605.2
805.65344,598.4
805.77234,609.4
805.89117,606.8
806.01007,604.8
806.12891,604.2
806.2478,604.8
806.36664,598.6
806.48547,599.6
806.60437,604.8
806.72321,599.2
806.84204,607.4
806.96088,598.8
807.07971,601.6
807.19861,608.0
807.31744,605.6
807.43628,600.4
807.55511,600.6
807.67395,604.6
807.79279,607.2
807.91162,605.0
808.0304,604.8
808.14923,607.8
808.26807,603.4
808.3869,606.2
808.50568,605.0
808.62451,606.8
808.74335,605.8
808.86212,609.0
808.98096,608.4
809.09979,608.4
809.21857,603.0
809.33734,601.6
809.45618,606.2
809.57495,609.0
809.69379,603.8
809.81256,606.6
809.93134,605.8
810.05011,603.6
810.16895,605.0
810.28772,602.0
810.40649,603.2
810.52527,603.8
810.64404,606.0
810.76282,606.0
810.88159,600.4
811.00037,606.4
811.11914,598.6
811.23792,603.8
811.35663,600.4
811.4754,599.8
811.59418,604.8
811.71295,602.4
811.83167,604.4
811.95044,606.8
812.06921,606.6
812.18793,600.8
812.3067,596.6
812.42542,600.0
812.54419,605.4
812.6629,601.4
812.78162,597.4
812.90039,599.4
813.0191,594.8
813.13782,596.4
813.25653,595.6
813.37524,597.8
813.49402,597.8
813.61273,598.0
813.73145,596.0
813.85016,603.0
813.96887,599.0
814.08759,597.2
814.2063,594.0
814.32495,599.4
814.44366,595.8
814.56238,597.0
814.68109,595.2
814.79974,591.2
814.91846,589.0
815.03717,588.4
815.15582,593.0
815.27454,592.4
815.39319,588.8
815.5119,593.2
815.63055,592.2
815.74927,592.2
815.86792,593.2
815.98657,594.8
816.10529,590.0
816.22394,592.0
816.34259,594.4
816.46124,598.0
816.5799,592.8
816.69855,599.6
816.8172,593.2
816.93585,592.6
817.0545,593.6
817.17316,592.6
817.29181,583.8
817.41046,590.4
817.52911,584.0
817.64771,590.0
817.76636,577.0
817.88501,586.8
818.0036,583.4
818.12225,585.6
818.24091,580.8
818.3595,577.8
818.47815,581.4
818.59674,578.2
818.71533,582.6
818.83398,577.0
818.95258,575.2
819.07117,578.4
819.18976,577.0
819.30841,577.2
819.427,581.0
819.54559,578.4
819.66418,574.8
819.78278,576.8
819.90137,576.8
820.01996,577.0
820.13855,571.2
820.25714,574.4
820.37573,572.8
820.49426,574.4
820.61285,565.2
820.73145,575.0
820.84998,569.2
820.96857,568.4
821.08716,568.8
821.20569,566.2
821.32428,567.6
821.44281,566.2
821.56134,561.8
821.67993,569.2
821.79846,561.6
821.91699,570.8
822.03558,565.6
822.15411,563.8
822.27264,568.0
822.39117,564.0
822.5097,561.2
822.62823,566.2
822.74677,563.2
822.8653,563.2
822.98383,569.6
823.10236,566.4
823.22089,561.8
823.33942,561.8
823.45789,565.2
823.57642,562.6
823.69495,557.8
823.81342,565.0
823.93195,562.8
824.05042,568.2
824.16895,562.6
824.28741,566.6
824.40594,564.0
824.52441,561.4
824.64288,558.6
824.76141,563.8
824.87988,558.0
824.99835,558.0
825.11682,562.4
825.23529,568.2
825.35376,564.8
825.47223,561.8
825.5907,561.2
825.70917,559.4
825.82764,562.4
825.94611,559.4
826.06458,559.4
826.18304,561.6
826.30145,562.4
826.41992,567.4
826.53839,558.8
826.6568,565.8
826.77527,558.0
826.89368,560.8
827.01215,562.0
827.13055,558.2
827.24902,555.2
827.36743,561.0
827.48584,557.2
827.60431,555.8
827.72272,550.8
827.84113,557.0
827.95953,555.2
828.07794,558.4
828.19635,554.4
828.31476,552.6
828.43317,552.2
828.55157,557.4
828.66998,551.6
828.78839,553.4
828.90674,558.6
829.02515,559.2
829.14355,558.2
829.2619,554.0
829.38031,552.4
829.49872,552.2
829.61707,551.6
829.73547,556.2
829.85382,546.0
829.97217,553.4
830.09058,554.4
830.20892,553.0
830.32727,550.6
830.44562,549.0
830.56403,551.8
830.68237,558.2
830.80072,554.0
830.91907,557.0
831.03741,553.2
831.15576,558.8
831.27411,555.4
831.3924,552.6
831.51074,552.2
831.62909,550.6
831.74744,553.6
831.86572,553.2
831.98407,560.4
832.10242,558.6
832.2207,550.8
832.33905,557.0
832.45734,551.6
832.57562,552.4
832.69397,548.8
832.81226,557.0
832.93054,554.8
833.04889,551.8
833.16718,549.0
833.28546,552.0
833.40375,563.0
833.52203,554.4
833.64032,553.0
833.75861,557.8
833.87689,556.8
833.99518,549.4
834.1134,553.8
834.23169,558.4
834.34998,552.8
834.46826,551.8
834.58649,558.6
834.70477,557.4
834.823,548.8
834.94128,553.0
835.05951,555.8
835.1778,553.4
835.29602,553.2
835.41425,554.6
835.53253,551.0
835.65076,555.6
835.76898,554.8
835.88721,559.4
836.00543,555.2
836.12366,558.8
836.24188,550.6
836.36011,559.0
836.47833,562.0
836.59656,559.6
836.71478,554.0
836.83295,556.4
836.95117,551.4
837.0694,557.8
837.18756,557.2
837.30579,550.6
837.42401,552.8
837.54218,558.4
837.66034,553.4
837.77856,563.2
837.89673,552.4
838.01489,563.8
838.13312,554.4
838.25128,561.6
838.36945,557.2
838.48761,558.4
838.60577,564.6
838.72394,559.0
838.8421,559.6
838.96027,560.8
839.07843,557.6
839.19659,565.0
839.31476,556.6
839.43286,557.4
839.55103,559.8
839.66919,560.2
839.78729,556.6
839.90546,554.6
840.02356,557.2
840.14172,556.6
840.25983,548.2
840.37793,557.8
840.49609,556.4
840.6142,556.0
840.7323,552.0
840.8504,556.2
840.96851,554.4
841.08661,553.6
841.20471,551.4
841.32281,555.4
841.44092,558.2
841.55902,556.2
841.67712,556.6
841.79523,555.6
841.91327,554.2
842.03137,555.6
842.14948,559.8
842.26752,551.4
842.38562,557.8
842.50366,554.2
842.62177,549.2
842.73981,551.6
842.85791,546.2
842.97595,558.2
843.09399,552.8
843.21204,554.2
843.33008,558.4
843.44818,557.8
843.56622,559.8
843.68427,557.8
843.80231,556.8
843.92029,556.6
844.03833,555.4
844.15637,557.2
844.27441,560.4
844.39246,558.0
844.51044,551.4
844.62848,557.2
844.74646,554.6
844.8645,552.8
844.98248,551.8
845.10052,551.6
845.21851,553.8
845.33649,555.2
845.45453,557.8
845.57251,561.2
845.69049,556.2
845.80847,556.6
845.92645,561.2
846.04443,554.8
846.16241,548.6
846.2804,554.2
846.39838,555.4
846.51636,558.2
846.63434,559.2
846.75226,557.0
846.87024,552.4
846.98822,558.6
847.10614,564.2
847.22412,557.0
847.34204,552.2
847.46002,554.8
847.57794,553.6
847.69586,561.4
847.81384,550.0
847.93176,556.4
848.04968,557.0
848.1676,559.0
848.28552,555.8
848.40344,553.6
848.52136,550.6
848.63928,553.8
848.7572,552.6
848.87512,555.4
848.99304,553.2
849.1109,554.4
849.22882,547.8
849.34674,552.4
849.4646,548.8
849.58252,553.2
849.70038,549.4
849.8183,551.0
849.93616,554.4
850.05402,551.2
850.17194,556.4
850.28979,548.8
850.40765,555.4
850.52551,553.2
850.64337,558.2
850.76123,551.0
850.87909,546.6
850.99695,551.6
851.11481,550.2
851.23267,552.4
851.35046,550.4
851.46832,550.6
851.58618,548.6
851.70398,553.4
851.82184,552.4
851.93964,556.0
852.0575,563.2
852.17529,564.8
852.29315,568.4
852.41095,561.6
852.52875,550.6
852.64655,551.6
852.7644,551.8
852.8822,555.2
853.0,548.6
853.1178,549.4
853.2356,545.2
853.35333,551.0
853.47113,552.6
853.58893,552.6
853.70673,546.6
853.82446,553.6
853.94226,548.2
854.06006,552.8
854.1778,551.0
854.29559,556.6
854.41333,556.4
854.53107,553.6
854.64886,554.8
854.7666,558.2
854.88434,556.0
855.00208,560.0
855.11981,558.6
855.23761,560.0
855.35535,562.2
855.47302,568.2
855.59076,554.8
855.7085,558.6
855.82623,556.8
855.94397,558.8
856.06165,556.4
856.17938,557.8
856.29712,554.8
856.41479,560.2
856.53253,554.8
856.65021,554.0
856.76788,547.6
856.88562,557.4
857.0033,551.0
857.12097,554.0
857.23865,547.8
857.35632,547.6
857.474,552.0
857.59167,549.6
857.70935,547.4
857.82703,546.0
857.9447,549.4
858.06238,548.6
858.18005,552.4
858.29767,550.8
858.41534,549.2
858.53296,547.8
858.65063,555.8
858.76825,550.0
858.88593,553.4
859.00354,552.4
859.12115,549.4
859.23883,553.0
859.35645,550.0
859.47406,555.2
859.59167,549.6
859.70929,551.6
859.8269,549.8
859.94452,544.0
860.06213,545.4
860.17975,548.0
860.29736,545.6
860.41492,544.8
860.53253,545.4
860.65009,548.0
860.7677,541.6
860.88525,547.0
861.00287,544.4
861.12042,546.0
861.23804,549.2
861.35559,552.4
861.47314,551.8
861.5907,544.8
861.70825,541.4
861.82581,544.2
861.94336,540.2
862.06091,542.4
862.17847,543.0
862.29602,539.8
862.41357,540.0
862.53113,537.0
862.64862,540.6
862.76617,537.0
862.88367,541.0
863.00122,539.0
863.11871,539.0
863.23627,540.6
863.35376,540.4
863.47125,541.8
863.58881,542.8
863.7063,545.0
863.82379,536.6
863.94128,541.6
864.05878,542.4
864.17627,538.0
864.29376,538.4
864.41125,536.8
864.52869,536.4
864.64618,541.6
864.76367,541.0
864.8811,542.4
864.9986,535.4
865.11609,539.6
865.23352,536.0
865.35095,535.4
865.46844,539.8
865.58588,537.0
865.70331,541.2
865.82074,537.4
865.93823,538.4
866.05566,533.0
866.1731,533.8
866.29053,533.4
866.4079,538.4
866.52533,536.8
866.64276,536.8
866.76019,535.8
866.87756,536.4
866.995,544.6
867.11243,540.4
867.2298,537.2
867.34723,533.4
867.4646,535.4
867.58197,538.6
867.6994,540.2
867.81677,545.2
867.93414,539.8
868.05151,539.8
868.16888,540.6
868.28625,539.4
868.40363,540.6
868.521,539.6
868.63837,540.6
868.75568,534.4
868.87305,542.4
868.99042,545.8
869.10773,542.6
869.2251,541.0
869.34241,541.2
869.45978,538.4
869.57709,544.0
869.69446,537.4
869.81177,542.2
869.92908,547.8
870.04639,547.4
870.1637,535.2
870.28101,545.6
870.39832,540.0
870.51563,543.0
870.63293,542.4
870.75024,547.2
870.86749,540.4
870.9848,546.0
871.10211,540.8
871.21936,545.8
871.33667,547.0
871.45392,548.4
871.57123,540.8
871.68848,541.4
871.80573,537.8
871.92297,545.6
872.04028,535.8
872.15753,541.8
872.27478,543.0
872.39203,541.2
872.50928,541.2
872.62646,540.2
872.74371,539.2
872.86096,540.2
872.97821,542.2
873.0954,536.4
873.21265,542.4
873.32983,541.0
873.44708,540.4
873.56427,540.4
873.68152,539.0
873.79871,538.0
873.91589,539.6
874.03308,536.4
874.15027,538.4
874.26746,542.6
874.38464,538.6
874.50183,545.4
874.61902,541.6
874.73621,544.0
874.85339,540.8
874.97052,543.0
875.08771,537.6
875.2049,543.8
875.32202,542.2
875.43921,544.2
875.55634,546.2
875.67346,547.4
875.79065,541.4
875.90778,542.0
876.0249,542.4
876.14203,542.6
876.25916,537.0
876.37628,544.6
876.49341,537.8
876.61053,540.4
876.72766,540.4
876.84473,543.4
876.96185,543.4
877.07898,542.6
877.19604,543.2
877.31317,544.6
877.43024,539.6
877.54736,542.8
877.66443,539.8
877.78149,543.0
877.89856,538.8
878.01569,538.6
878.13275,535.4
878.24982,540.0
878.36688,530.4
878.48395,535.6
878.60095,533.6
878.71802,537.0
878.83508,531.4
878.95215,534.2
879.06915,535.8
879.18622,535.8
879.30322,529.6
879.42029,533.2
879.53729,536.2
879.6543,527.2
879.77136,529.6
879.88837,538.0
880.00537,531.6
880.12238,530.4
880.23938,529.0
880.35638,531.8
880.47339,526.6
880.59039,534.8
880.70734,530.8
880.82434,533.4
880.94135,530.2
881.05829,530.6
881.17529,532.4
881.29224,529.6
881.40924,528.2
881.52618,525.4
881.64313,533.6
881.76007,532.0
881.87701,534.2
881.99402,531.0
882.11096,530.8
882.22791,527.4
882.34479,522.6
882.46173,532.6
882.57867,530.4
882.69562,529.4
882.8125,538.8
882.92944,537.6
883.04639,531.6
883.16327,534.8
883.28015,536.6
883.39709,528.2
883.51398,533.2
883.63086,534.8
883.74774,534.4
883.86462,536.6
883.98157,533.8
884.09839,526.4
884.21527,534.8
884.33215,538.8
884.44904,531.2
884.56592,537.6
884.68274,536.4
884.79962,540.2
884.9165,540.6
885.03333,546.2
885.15015,539.0
885.26703,543.8
885.38385,539.0
885.50067,547.0
885.61749,547.2
885.73438,549.0
885.8512,544.6
885.96802,547.4
886.08478,541.2
886.2016,551.4
886.31842,539.6
886.43524,536.8
886.55206,543.0
886.66882,542.8
886.78564,536.8
886.9024,542.8
887.01923,535.4
887.13599,532.4
887.25275,533.2
887.36951,536.4
887.48633,535.6
887.60309,535.0
887.71985,533.6
887.83661,531.8
887.95337,526.2
888.07007,526.8
888.18683,524.0
888.30359,529.6
888.42035,530.6
888.53705,524.0
888.65381,519.0
888.77051,528.0
888.88721,524.0
889.00397,523.8
889.12067,516.8
889.23737,523.8
889.35406,526.2
889.47083,519.2
889.58752,519.6
889.70416,524.4
889.82086,520.0
889.93756,525.8
890.05426,521.2
890.17096,524.8
890.2876,521.8
890.4043,522.4
890.52094,522.2
890.63763,519.2
890.75427,521.4
890.87091,523.6
890.98761,520.4
891.10425,523.6
891.22089,522.4
891.33752,523.4
891.45416,517.0
891.5708,528.0
891.68744,518.2
891.80408,522.8
891.92065,523.6
892.03729,519.8
892.15393,523.2
892.27051,523.2
892.38715,521.2
892.50372,520.6
892.6203,524.8
892.73694,518.6
892.85352,526.8
892.97009,520.8
893.08667,522.8
893.20325,522.2
893.31982,526.6
893.4364,525.4
893.55298,519.2
893.66956,527.0
893.78607,524.6
893.90265,528.4
894.01917,522.8
894.13574,528.2
894.25226,523.4
894.36884,524.4
894.48535,527.0
894.60187,526.0
894.71838,524.6
894.8349,525.0
894.95148,524.2
895.06793,529.8
895.18445,525.2
895.30096,521.6
895.41748,526.8
895.534,522.0
895.65045,522.4
895.76697,527.6
895.88342,524.8
895.99994,525.0
896.11639,524.0
896.23291,515.6
896.34937,519.0
896.46582,519.4
896.58228,522.0
896.69873,524.6
896.81519,521.6
896.93164,525.6
897.0481,519.8
897.16455,523.6
897.28094,526.0
897.3974,516.8
897.51385,526.2
897.63025,518.8
897.7467,518.2
897.8631,523.4
897.97949,523.4
898.09595,520.6
898.21234,523.6
898.32874,521.6
898.44513,527.0
898.56152,519.8
898.67792,521.0
898.79431,521.6
898.91064,517.2
899.02704,516.0
899.14343,518.0
899.25977,520.4
899.37616,519.4
899.49249,523.0
899.60889,514.4
899.72522,521.4
899.84155,521.8
899.95789,517.2
900.07428,519.0
900.19061,522.4
900.30695,518.2
900.42322,517.8
900.53955,516.8
900.65588,520.4
900.77222,518.2
900.88849,516.6
901.00482,517.8
901.12109,514.0
901.23743,520.6
901.3537,515.2
901.47003,520.0
901.5863,517.2
901.70258,514.0
901.81885,515.4
901.93512,519.4
902.05139,515.6
902.16766,515.4
902.28394,521.6
902.40021,519.8
902.51642,522.2
902.63269,524.0
902.7489,522.0
902.86517,520.8
902.98138,518.0
903.09766,521.0
903.21387,522.4
903.33008,522.8
903.44629,520.2
903.5625,515.6
903.67871,511.6
903.79492,515.4
903.91113,515.8
904.02734,507.4
904.14355,514.6
904.2597,512.2
904.37592,510.8
904.49207,509.8
904.60828,511.4
904.72443,507.0
904.84064,510.2
904.95679,510.4
905.07294,515.6
905.18909,507.2
905.30524,512.0
905.42139,506.2
905.53754,508.8
905.65369,505.2
905.76984,505.4
905.88593,503.8
906.00208,504.6
906.11816,503.8
906.23431,499.6
906.3504,498.0
906.46655,503.6
906.58264,500.6
906.69873,499.8
906.81482,502.8
906.93091,500.0
907.047,497.4
907.16309,501.4
907.27917,505.6
907.39526,501.4
907.51135,501.2
907.62738,497.0
907.74347,505.6
907.8595,502.8
907.97559,499.4
908.09161,503.4
908.2077,500.6
908.32373,504.2
908.43976,501.8
908.55579,498.4
908.67181,500.0
908.78784,500.2
908.90387,503.4
909.0199,506.0
909.13586,502.8
909.25189,498.4
909.36792,497.8
909.48389,502.0
909.59991,499.4
909.71588,499.0
909.83185,500.0
909.94788,499.0
910.06384,503.0
910.17981,506.2
910.29578,500.6
910.41174,497.2
910.52771,496.8
910.64368,499.8
910.75958,500.2
910.87555,499.0
910.99152,498.8
911.10742,498.8
911.22339,499.2
911.33929,503.0
911.4552,499.4
911.57117,492.0
911.68707,499.8
911.80298,499.4
911.91888,498.8
912.03479,494.4
912.1507,501.2
912.2666,498.6
912.38245,496.4
912.49835,501.2
912.61426,500.0
912.7301,504.4
912.84601,496.8
792.4458,584.0
792.56488,583.0
792.68396,591.2
792.8031,578.8
792.92218,574.2
793.04126,567.0
793.16034,565.6
793.27942,565.8
793.3985,561.2
793.51758,556.6
793.63672,553.2
793.7558,553.4
793.87488,556.8
793.9939,552.2
794.11298,547.4
794.23206,552.6
794.35114,543.2
794.47021,543.8
794.58929,541.2
794.70831,534.6
794.82739,541.0
794.94647,535.6
795.06549,538.4
795.18457,534.8
795.30365,532.4
795.42267,530.2
795.54175,527.4
795.66077,528.8
795.77985,533.6
795.89886,526.0
796.01794,523.6
796.13696,528.8
796.25598,523.0
796.375,518.8
796.49408,527.8
796.6131,521.0
796.73212,521.8
796.85114,520.6
796.97015,525.0
797.08923,523.0
797.20825,520.0
797.32727,518.8
797.44629,521.0
797.56531,514.2
797.68427,515.8
797.80328,514.8
797.9223,516.8
798.04132,517.8
798.16034,515.8
798.27936,517.2
798.39832,511.8
798.51733,512.2
798.63635,514.2
798.75531,517.4
798.87433,513.6
798.99329,511.8
799.1123,508.8
799.23126,512.8
799.35028,512.6
799.46924,517.0
799.58826,514.2
799.70721,514.6
799.82617,513.0
799.94519,514.4
800.06415,518.2
800.18311,510.2
800.30206,510.8
800.42102,513.0
800.54004,509.0
800.659,508.6
800.77795,511.2
800.89691,510.6
801.01587,513.0
801.13483,511.2
801.25372,516.2
801.37268,514.8
801.49164,513.8
801.6106,515.2
801.72955,510.8
801.84845,508.2
801.96741,518.8
802.08636,506.6
802.20526,512.0
802.32422,513.6
802.44318,515.0
802.56207,516.0
802.68103,517.4
802.79993,515.8
802.91882,516.0
803.03778,508.8
803.15668,516.6
803.27557,514.4
803.39453,509.4
803.51343,515.2
803.63232,515.2
803.75122,516.8
803.87012,514.4
803.98907,513.4
804.10797,509.8
804.22687,518.0
804.34576,516.2
804.46466,517.6
804.58356,518.2
804.70239,514.6
804.82129,514.4
804.94019,512.0
805.05908,518.6
805.17798,519.8
805.29681,519.4
805.41571,523.4
805.53461,522.2
805.65344,517.6
805.77234,524.2
805.89117,517.6
806.01007,519.8
806.12891,519.0
806.2478,517.2
806.36664,521.2
806.48547,515.8
806.60437,521.0
806.72321,522.6
806.84204,522.8
806.96088,519.4
807.07971,519.0
807.19861,517.0
807.31744,524.8
807.43628,519.8
807.55511,521.6
807.67395,522.2
807.79279,518.0
807.91162,520.0
808.0304,519.2
808.14923,524.2
808.26807,522.4
808.3869,522.4
808.50568,521.8
808.62451,527.4
808.74335,521.6
808.86212,521.0
808.98096,525.0
809.09979,527.8
809.21857,526.0
809.33734,527.2
809.45618,520.0
809.57495,528.4
809.69379,524.8
809.81256,530.6
809.93134,526.0
810.05011,518.4
810.16895,521.6
810.28772,518.8
810.40649,523.4
810.52527,527.4
810.64404,524.4
810.76282,528.0
810.88159,525.6
811.00037,527.0
811.11914,519.2
811.23792,522.4
811.35663,520.6
811.4754,527.8
811.59418,525.0
811.71295,524.4
811.83167,527.0
811.95044,523.8
812.06921,523.6
812.18793,524.4
812.3067,523.2
812.42542,524.8
812.54419,525.0
812.6629,529.2
812.78162,522.0
812.90039,519.6
813.0191,521.8
813.13782,519.4
813.25653,521.8
813.37524,518.2
813.49402,524.6
813.61273,523.8
813.73145,526.2
813.85016,522.4
813.96887,518.8
814.08759,521.0
814.2063,525.2
814.32495,527.6
814.44366,529.6
814.56238,520.2
814.68109,520.6
814.79974,521.6
814.91846,517.8
815.03717,522.4
815.15582,516.8
815.27454,523.2
815.39319,517.2
815.5119,521.4
815.63055,517.4
815.74927,518.4
815.86792,519.6
815.98657,513.6
816.10529,515.8
816.22394,517.8
816.34259,523.4
816.46124,523.2
816.5799,515.0
816.69855,521.2
816.8172,517.6
816.93585,520.4
817.0545,516.6
817.17316,511.6
817.29181,511.6
817.41046,516.4
817.52911,509.2
817.64771,514.8
817.76636,507.8
817.88501,505.8
818.0036,508.2
818.12225,508.4
818.24091,501.0
818.3595,501.2
818.47815,504.4
818.59674,502.8
818.71533,502.8
818.83398,495.2
818.95258,493.4
819.07117,498.6
819.18976,497.6
819.30841,497.2
819.427,502.0
819.54559,493.8
819.66418,498.2
819.78278,496.2
819.90137,494.4
820.01996,497.6
820.13855,496.8
820.25714,496.2
820.37573,496.0
820.49426,496.0
820.61285,493.2
820.73145,488.8
820.84998,496.0
820.96857,493.0
821.08716,490.0
821.20569,497.6
821.32428,490.4
821.44281,491.4
821.56134,489.0
821.67993,491.0
821.79846,492.2
821.91699,494.6
822.03558,490.4
822.15411,495.4
822.27264,488.4
822.39117,492.6
822.5097,492.4
822.62823,492.2
822.74677,492.0
822.8653,486.8
822.98383,490.6
823.10236,492.0
823.22089,493.0
823.33942,489.4
823.45789,486.6
823.57642,492.0
823.69495,491.4
823.81342,492.8
823.93195,488.6
824.05042,491.6
824.16895,490.4
824.28741,488.0
824.40594,491.6
824.52441,490.2
824.64288,486.6
824.76141,489.0
824.87988,488.6
824.99835,490.4
825.11682,487.2
825.23529,489.2
825.35376,486.8
825.47223,489.6
825.5907,485.0
825.70917,489.4
825.82764,487.4
825.94611,488.4
826.06458,485.2
826.18304,484.2
826.30145,487.2
826.41992,489.8
826.53839,482.4
826.6568,485.8
826.77527,482.8
826.89368,487.2
827.01215,480.2
827.13055,484.6
827.24902,487.6
827.36743,483.0
827.48584,482.8
827.60431,482.6
827.72272,484.8
827.84113,483.2
827.95953,479.6
828.07794,485.6
828.19635,482.4
828.31476,479.8
828.43317,483.6
828.55157,483.4
828.66998,476.6
828.78839,483.2
828.90674,480.8
829.02515,484.2
829.14355,488.6
829.2619,485.2
829.38031,481.8
829.49872,481.0
829.61707,480.0
829.73547,478.2
829.85382,483.0
829.97217,484.2
830.09058,476.6
830.20892,484.4
830.32727,480.4
830.44562,483.0
830.56403,480.2
830.68237,485.6
830.80072,479.2
830.91907,483.0
831.03741,483.6
831.15576,483.0
831.27411,481.8
831.3924,487.8
831.51074,480.8
831.62909,483.8
831.74744,481.2
831.86572,480.6
831.98407,481.0
832.10242,480.8
832.2207,482.2
832.33905,482.4
832.45734,484.2
832.57562,478.8
832.69397,477.8
832.81226,482.0
832.93054,484.4
833.04889,484.4
833.16718,479.0
833.28546,480.8
833.40375,487.8
833.52203,481.2
833.64032,477.0
833.75861,482.6
833.87689,488.0
833.99518,482.2
834.1134,481.0
834.23169,487.0
834.34998,478.8
834.46826,480.8
834.58649,483.6
834.70477,487.8
834.823,480.4
834.94128,487.8
835.05951,481.8
835.1778,488.0
835.29602,478.8
835.41425,484.0
835.53253,480.2
835.65076,489.2
835.76898,480.6
835.88721,482.0
836.00543,492.0
836.12366,484.4
836.24188,484.6
836.36011,483.2
836.47833,483.4
836.59656,484.8
836.71478,485.6
836.83295,482.8
836.95117,483.4
837.0694,485.6
837.18756,484.4
837.30579,486.8
837.42401,486.8
837.54218,489.4
837.66034,486.4
837.77856,491.8
837.89673,488.4
838.01489,484.8
838.13312,483.2
838.25128,489.2
838.36945,489.4
838.48761,487.2
838.60577,485.0
838.72394,489.2
838.8421,480.0
838.96027,489.6
839.07843,484.8
839.19659,485.4
839.31476,480.0
839.43286,484.8
839.55103,484.4
839.66919,486.6
839.78729,489.8
839.90546,487.6
840.02356,485.8
840.14172,487.0
840.25983,483.4
840.37793,486.2
840.49609,485.6
840.6142,487.0
840.7323,485.8
840.8504,486.0
840.96851,483.0
841.08661,481.0
841.20471,489.2
841.32281,487.0
841.44092,483.8
841.55902,485.8
841.67712,486.4
841.79523,490.0
841.91327,478.2
842.03137,487.6
842.14948,486.6
842.26752,483.4
842.38562,482.2
842.50366,484.6
842.62177,480.2
842.73981,479.2
842.85791,479.4
842.97595,484.2
843.09399,485.2
843.21204,478.6
843.33008,487.0
843.44818,482.0
843.56622,483.6
843.68427,480.8
843.80231,483.8
843.92029,487.0
844.03833,487.4
844.15637,480.2
844.27441,484.0
844.39246,480.2
844.51044,483.4
844.62848,485.2
844.74646,486.2
844.8645,483.4
844.98248,483.8
845.10052,482.2
845.21851,486.8
845.33649,477.8
845.45453,484.4
845.57251,489.0
845.69049,482.6
845.80847,482.6
845.92645,485.4
846.04443,482.8
846.16241,483.8
846.2804,480.4
846.39838,478.0
846.51636,483.8
846.63434,484.6
846.75226,484.2
846.87024,477.0
846.98822,479.0
847.10614,479.8
847.22412,486.0
847.34204,485.2
847.46002,485.6
847.57794,485.4
847.69586,486.8
847.81384,484.4
847.93176,486.4
848.04968,480.0
848.1676,482.0
848.28552,477.4
848.40344,482.4
848.52136,477.8
848.63928,485.8
848.7572,488.0
848.87512,482.2
848.99304,486.2
849.1109,484.8
849.22882,477.8
849.34674,476.2
849.4646,481.6
849.58252,480.4
849.70038,478.2
849.8183,482.4
849.93616,480.6
850.05402,484.0
850.17194,480.2
850.28979,478.2
850.40765,482.4
850.52551,483.0
850.64337,486.8
850.76123,480.2
850.87909,477.6
850.99695,479.2
851.11481,482.2
851.23267,480.2
851.35046,484.0
851.46832,477.6
851.58618,485.0
851.70398,486.0
851.82184,485.0
851.93964,487.6
852.0575,488.8
852.17529,491.4
852.29315,485.4
852.41095,486.6
852.52875,486.6
852.64655,480.6
852.7644,482.2
852.8822,483.4
853.0,481.2
853.1178,485.4
853.2356,481.4
853.35333,480.8
853.47113,486.4
853.58893,484.8
853.70673,482.2
853.82446,485.4
853.94226,480.6
854.06006,480.8
854.1778,485.6
854.29559,481.6
854.41333,482.6
854.53107,486.0
854.64886,488.0
854.7666,485.2
854.88434,483.6
855.00208,485.4
855.11981,481.6
855.23761,489.6
855.35535,489.0
855.47302,491.4
855.59076,482.8
855.7085,485.4
855.82623,486.6
855.94397,486.4
856.06165,482.8
856.17938,485.8
856.29712,482.4
856.41479,487.6
856.53253,486.2
856.65021,482.0
856.76788,483.0
856.88562,482.0
857.0033,482.6
857.12097,487.6
857.23865,481.6
857.35632,479.8
857.474,482.4
857.59167,482.2
857.70935,483.2
857.82703,485.2
857.9447,486.2
858.06238,483.8
858.18005,486.4
858.29767,486.0
858.41534,481.0
858.53296,484.4
858.65063,481.6
858.76825,483.8
858.88593,482.6
859.00354,483.2
859.12115,483.2
859.23883,478.4
859.35645,486.0
859.47406,486.4
859.59167,480.0
859.70929,484.2
859.8269,487.8
859.94452,476.4
860.06213,483.8
860.17975,484.6
860.29736,483.2
860.41492,481.6
860.53253,483.4
860.65009,477.6
860.7677,484.4
860.88525,484.4
861.00287,478.0
861.12042,481.2
861.23804,482.0
861.35559,484.8
861.47314,482.4
861.5907,484.8
861.70825,482.8
861.82581,476.4
861.94336,480.0
862.06091,480.4
862.17847,486.2
862.29602,479.4
862.41357,477.6
862.53113,478.8
862.64862,477.2
862.76617,481.0
862.88367,480.8
863.00122,478.8
863.11871,481.8
863.23627,478.0
863.35376,478.6
863.47125,478.2
863.58881,476.4
863.7063,480.2
863.82379,479.8
863.94128,476.8
864.05878,478.4
864.17627,477.8
864.29376,481.8
864.41125,475.4
864.52869,480.0
864.64618,477.4
864.76367,475.4
864.8811,484.6
864.9986,476.2
865.11609,481.6
865.23352,480.8
865.35095,480.0
865.46844,476.8
865.58588,476.8
865.70331,479.6
865.82074,483.2
865.93823,476.6
866.05566,484.0
866.1731,476.6
866.29053,480.0
866.4079,480.8
866.52533,482.6
866.64276,480.4
866.76019,477.8
866.87756,476.6
866.995,481.6
867.11243,477.2
867.2298,482.6
867.34723,478.4
867.4646,482.2
867.58197,480.4
867.6994,481.2
867.81677,490.4
867.93414,481.0
868.05151,477.8
868.16888,479.6
868.28625,481.4
868.40363,484.2
868.521,481.0
868.63837,477.6
868.75568,486.2
868.87305,480.8
868.99042,482.4
869.10773,482.0
869.2251,476.0
869.34241,485.4
869.45978,478.2
869.57709,483.0
869.69446,483.2
869.81177,487.0
869.92908,476.6
870.04639,482.0
870.1637,478.4
870.28101,482.8
870.39832,481.6
870.51563,480.6
870.63293,487.0
870.75024,484.2
870.86749,480.2
870.9848,478.6
871.10211,483.2
871.21936,481.2
871.33667,481.6
871.45392,482.2
871.57123,479.6
871.68848,480.8
871.80573,477.2
871.92297,482.8
872.04028,478.6
872.15753,483.0
872.27478,480.2
872.39203,477.6
872.50928,478.8
872.62646,484.8
872.74371,480.2
872.86096,482.4
872.97821,483.0
873.0954,483.2
873.21265,478.8
873.32983,478.4
873.44708,476.2
873.56427,481.4
873.68152,477.0
873.79871,487.2
873.91589,475.4
874.03308,483.0
874.15027,480.6
874.26746,480.6
874.38464,479.6
874.50183,480.4
874.61902,481.8
874.73621,486.8
874.85339,483.2
874.97052,482.2
875.08771,483.0
875.2049,483.6
875.32202,481.2
875.43921,482.2
875.55634,481.6
875.67346,487.0
875.79065,477.6
875.90778,482.8
876.0249,483.6
876.14203,482.0
876.25916,478.6
876.37628,483.4
876.49341,480.8
876.61053,482.4
876.72766,481.6
876.84473,481.0
876.96185,478.2
877.07898,484.4
877.19604,485.0
877.31317,479.2
877.43024,479.6
877.54736,483.2
877.66443,478.6
877.78149,481.8
877.89856,481.6
878.01569,476.0
878.13275,478.8
878.24982,483.8
878.36688,478.4
878.48395,480.6
878.60095,482.2
878.71802,478.6
878.83508,479.8
878.95215,478.2
879.06915,484.4
879.18622,478.6
879.30322,476.2
879.42029,477.8
879.53729,479.4
879.6543,478.6
879.77136,478.4
879.88837,480.6
880.00537,477.6
880.12238,484.6
880.23938,475.0
880.35638,479.8
880.47339,477.4
880.59039,478.6
880.70734,480.8
880.82434,475.4
880.94135,479.6
881.05829,479.2
881.17529,479.0
881.29224,478.0
881.40924,480.0
881.52618,477.6
881.64313,478.0
881.76007,477.4
881.87701,478.0
881.99402,480.6
882.11096,477.0
882.22791,476.2
882.34479,473.0
882.46173,480.6
882.57867,479.6
882.69562,474.8
882.8125,483.0
882.92944,481.8
883.04639,480.4
883.16327,480.6
883.28015,483.0
883.39709,477.6
883.51398,481.4
883.63086,475.8
883.74774,483.8
883.86462,479.8
883.98157,481.8
884.09839,478.0
884.21527,479.8
884.33215,480.4
884.44904,481.2
884.56592,486.6
884.68274,483.6
884.79962,483.0
884.9165,482.6
885.03333,482.4
885.15015,487.4
885.26703,482.0
885.38385,482.4
885.50067,487.2
885.61749,487.6
885.73438,485.2
885.8512,488.0
885.96802,486.2
886.08478,485.8
886.2016,485.2
886.31842,486.0
886.43524,482.2
886.55206,481.2
886.66882,488.6
886.78564,487.0
886.9024,486.4
887.01923,477.4
887.13599,486.6
887.25275,482.2
887.36951,482.2
887.48633,480.6
887.60309,481.6
887.71985,478.0
887.83661,476.2
887.95337,474.4
888.07007,480.6
888.18683,479.2
888.30359,482.8
888.42035,482.4
888.53705,481.2
888.65381,478.0
888.77051,479.8
888.88721,480.8
889.00397,483.0
889.12067,478.8
889.23737,478.4
889.35406,478.8
889.47083,480.8
889.58752,479.8
889.70416,482.8
889.82086,479.0
889.93756,482.6
890.05426,479.4
890.17096,481.0
890.2876,482.4
890.4043,479.8
890.52094,483.0
890.63763,481.8
890.75427,477.4
890.87091,485.0
890.98761,478.6
891.10425,478.0
891.22089,482.4
891.33752,483.4
891.45416,478.6
891.5708,483.2
891.68744,481.2
891.80408,479.0
891.92065,482.0
892.03729,481.4
892.15393,482.4
892.27051,479.6
892.38715,478.4
892.50372,485.4
892.6203,482.2
892.73694,483.2
892.85352,484.8
892.97009,478.8
893.08667,480.4
893.20325,480.8
893.31982,485.6
893.4364,486.4
893.55298,480.4
893.66956,485.0
893.78607,486.6
893.90265,482.8
894.01917,486.6
894.13574,485.4
894.25226,486.8
894.36884,482.4
894.48535,481.4
894.60187,484.0
894.71838,482.8
894.8349,483.4
894.95148,480.2
895.06793,484.4
895.18445,485.2
895.30096,480.6
895.41748,484.2
895.534,480.8
895.65045,479.4
895.76697,484.0
895.88342,482.8
895.99994,481.0
896.11639,478.4
896.23291,487.2
896.34937,477.0
896.46582,479.6
896.58228,484.2
896.69873,484.4
896.81519,484.2
896.93164,477.2
897.0481,484.6
897.16455,485.2
897.28094,482.0
897.3974,486.2
897.51385,484.2
897.63025,486.2
897.7467,484.0
897.8631,479.6
897.97949,483.2
898.09595,481.8
898.21234,483.4
898.32874,483.2
898.44513,482.8
898.56152,481.6
898.67792,480.0
898.79431,481.4
898.91064,482.2
899.02704,476.8
899.14343,478.4
899.25977,486.2
899.37616,478.4
899.49249,477.4
899.60889,483.0
899.72522,483.4
899.84155,482.6
899.95789,478.6
900.07428,480.6
900.19061,483.6
900.30695,482.6
900.42322,477.8
900.53955,478.8
900.65588,479.8
900.77222,479.0
900.88849,480.8
901.00482,476.2
901.12109,482.6
901.23743,479.4
901.3537,476.6
901.47003,476.8
901.5863,480.2
901.70258,478.8
901.81885,479.0
901.93512,480.8
902.05139,473.8
902.16766,477.8
902.28394,487.4
902.40021,477.8
902.51642,476.8
902.63269,478.0
902.7489,479.0
902.86517,479.0
902.98138,480.6
903.09766,480.0
903.21387,479.8
903.33008,479.8
903.44629,481.6
903.5625,478.8
903.67871,478.2
903.79492,472.8
903.91113,474.2
904.02734,472.6
904.14355,474.6
904.2597,471.4
904.37592,476.0
904.49207,474.4
904.60828,480.0
904.72443,469.6
904.84064,473.2
904.95679,472.2
905.07294,477.0
905.18909,476.0
905.30524,478.8
905.42139,474.6
905.53754,475.4
905.65369,470.6
905.76984,473.6
905.88593,468.6
906.00208,467.6
906.11816,470.2
906.23431,469.2
906.3504,470.6
906.46655,471.2
906.58264,472.8
906.69873,476.4
906.81482,470.8
906.93091,466.2
907.047,464.6
907.16309,471.0
907.27917,472.0
907.39526,469.0
907.51135,470.0
907.62738,473.4
907.74347,469.8
907.8595,468.0
907.97559,471.6
908.09161,473.8
908.2077,472.4
908.32373,470.2
908.43976,470.2
908.55579,466.0
908.67181,471.4
908.78784,472.4
908.90387,476.0
909.0199,468.4
909.13586,469.0
909.25189,473.6
909.36792,467.4
909.48389,473.0
909.59991,470.0
909.71588,468.2
909.83185,472.6
909.94788,470.6
910.06384,471.2
910.17981,470.8
910.29578,472.6
910.41174,469.6
910.52771,471.4
910.64368,472.4
910.75958,470.0
910.87555,472.4
910.99152,472.8
911.10742,470.6
911.22339,469.0
911.33929,477.2
911.4552,472.0
911.57117,467.2
911.68707,472.8
911.80298,471.2
911.91888,473.8
912.03479,469.4
912.1507,472.8
912.2666,471.8
912.38245,472.4
912.49835,470.6
912.61426,477.0
912.7301,471.4
912.84601,474.2
792.4458,628.0
792.56488,646.8
792.68396,642.2
792.8031,639.2
792.92218,634.8
793.04126,629.6
793.16034,638.8
793.27942,637.8
793.3985,630.2
793.51758,615.0
793.63672,613.8
793.7558,611.8
793.87488,612.4
793.9939,609.8
794.11298,607.6
794.23206,597.8
794.35114,599.8
794.47021,593.4
794.58929,596.4
794.70831,584.2
794.82739,590.8
794.94647,585.2
795.06549,582.6
795.18457,581.8
795.30365,577.8
795.42267,573.6
795.54175,572.0
795.66077,572.2
795.77985,574.4
795.89886,573.6
796.01794,568.2
796.13696,569.2
796.25598,568.6
796.375,558.4
796.49408,562.6
796.6131,563.6
796.73212,559.6
796.85114,560.0
796.97015,565.8
797.08923,560.4
797.20825,556.6
797.32727,553.2
797.44629,555.8
797.56531,553.4
797.68427,551.6
797.80328,554.2
797.9223,556.6
798.04132,547.6
798.16034,548.6
798.27936,548.8
798.39832,553.2
798.51733,552.0
798.63635,554.6
798.75531,549.4
798.87433,546.8
798.99329,542.6
799.1123,544.0
799.23126,546.0
799.35028,550.0
799.46924,546.0
799.58826,546.6
799.70721,547.4
799.82617,541.0
799.94519,540.0
800.06415,544.6
800.18311,545.0
800.30206,549.4
800.42102,549.0
800.54004,544.4
800.659,540.4
800.77795,543.4
800.89691,542.0
801.01587,540.0
801.13483,546.0
801.25372,541.2
801.37268,543.0
801.49164,543.8
801.6106,546.4
801.72955,546.0
801.84845,545.4
801.96741,548.6
802.08636,544.2
802.20526,540.6
802.32422,545.0
802.44318,542.8
802.56207,546.6
802.68103,546.4
802.79993,543.4
802.91882,538.6
803.03778,542.6
803.15668,535.6
803.27557,541.0
803.39453,539.2
803.51343,541.0
803.63232,543.0
803.75122,540.4
803.87012,546.0
803.98907,541.8
804.10797,545.6
804.22687,540.8
804.34576,540.0
804.46466,546.2
804.58356,539.4
804.70239,544.4
804.82129,540.0
804.94019,548.2
805.05908,542.8
805.17798,543.6
805.29681,545.0
805.41571,546.2
805.53461,544.0
805.65344,547.6
805.77234,541.8
805.89117,543.8
806.01007,549.6
806.12891,546.2
806.2478,551.0
806.36664,542.4
806.48547,540.6
806.60437,545.6
806.72321,548.6
806.84204,550.8
806.96088,542.6
807.07971,547.8
807.19861,549.4
807.31744,549.8
807.43628,549.2
807.55511,547.8
807.67395,550.4
807.79279,548.2
807.91162,549.4
808.0304,550.2
808.14923,551.4
808.26807,545.0
808.3869,550.0
808.50568,551.4
808.62451,556.0
808.74335,548.8
808.86212,552.8
808.98096,552.4
809.09979,546.6
809.21857,549.0
809.33734,550.6
809.45618,546.4
809.57495,549.4
809.69379,551.6
809.81256,557.2
809.93134,552.6
810.05011,553.8
810.16895,550.4
810.28772,545.0
810.40649,548.6
810.52527,551.8
810.64404,549.0
810.76282,551.8
810.88159,547.6
811.00037,553.2
811.11914,552.4
811.23792,548.0
811.35663,552.6
811.4754,553.8
811.59418,555.2
811.71295,549.8
811.83167,559.6
811.95044,549.8
812.06921,550.2
812.18793,552.6
812.3067,550.2
812.42542,550.6
812.54419,546.8
812.6629,554.2
812.78162,542.6
812.90039,551.4
813.0191,550.2
813.13782,550.0
813.25653,543.4
813.37524,546.0
813.49402,553.2
813.61273,548.8
813.73145,543.8
813.85016,548.6
813.96887,548.6
814.08759,547.0
814.2063,548.4
814.32495,553.6
814.44366,542.8
814.56238,539.4
814.68109,545.6
814.79974,544.6
814.91846,544.8
815.03717,547.8
815.15582,542.2
815.27454,542.6
815.39319,543.8
815.5119,539.4
815.63055,538.8
815.74927,549.6
815.86792,541.4
815.98657,542.4
816.10529,546.8
816.22394,544.6
816.34259,543.6
816.46124,549.4
816.5799,543.4
816.69855,550.2
816.8172,546.0
816.93585,545.6
817.0545,540.8
817.17316,541.8
817.29181,540.2
817.41046,536.2
817.52911,539.0
817.64771,539.2
817.76636,536.0
817.88501,537.2
818.0036,528.0
818.12225,536.2
818.24091,531.0
818.3595,527.2
818.47815,529.2
818.59674,528.6
818.71533,531.0
818.83398,524.6
818.95258,523.2
819.07117,527.2
819.18976,526.0
819.30841,524.0
819.427,528.2
819.54559,525.4
819.66418,522.4
819.78278,525.8
819.90137,528.6
820.01996,520.0
820.13855,522.8
820.25714,522.6
820.37573,522.4
820.49426,520.2
820.61285,520.8
820.73145,518.8
820.84998,519.8
820.96857,518.4
821.08716,515.4
821.20569,518.2
821.32428,516.8
821.44281,519.0
821.56134,518.6
821.67993,517.0
821.79846,522.0
821.91699,516.4
822.03558,520.0
822.15411,518.0
822.27264,518.8
822.39117,514.0
822.5097,513.0
822.62823,521.8
822.74677,512.8
822.8653,514.0
822.98383,514.6
823.10236,514.6
823.22089,512.4
823.33942,516.0
823.45789,511.2
823.57642,510.6
823.69495,513.6
823.81342,515.8
823.93195,515.2
824.05042,518.4
824.16895,514.6
824.28741,517.6
824.40594,517.4
824.52441,516.4
824.64288,514.0
824.76141,513.8
824.87988,509.4
824.99835,513.2
825.11682,510.2
825.23529,514.2
825.35376,512.6
825.47223,514.4
825.5907,509.6
825.70917,514.0
825.82764,511.0
825.94611,506.0
826.06458,514.8
826.18304,510.8
826.30145,507.8
826.41992,509.4
826.53839,510.0
826.6568,512.6
826.77527,509.0
826.89368,510.8
827.01215,508.6
827.13055,507.8
827.24902,509.2
827.36743,510.8
827.48584,504.4
827.60431,505.6
827.72272,512.0
827.84113,508.6
827.95953,509.2
828.07794,505.0
828.19635,507.2
828.31476,501.6
828.43317,507.2
828.55157,505.4
828.66998,505.6
828.78839,503.8
828.90674,505.4
829.02515,505.4
829.14355,506.6
829.2619,508.4
829.38031,505.0
829.49872,501.0
829.61707,504.6
829.73547,499.8
829.85382,502.8
829.97217,505.8
830.09058,504.2
830.20892,503.0
830.32727,505.6
830.44562,508.6
830.56403,502.6
830.68237,510.4
830.80072,504.0
830.91907,503.2
831.03741,499.2
831.15576,504.2
831.27411,507.0
831.3924,507.6
831.51074,507.8
831.62909,504.6
831.74744,506.6
831.86572,508.8
831.98407,505.8
832.10242,507.6
832.2207,511.4
832.33905,506.8
832.45734,505.0
832.57562,504.6
832.69397,505.4
832.81226,506.0
832.93054,505.0
833.04889,508.8
833.16718,505.0
833.28546,508.6
833.40375,512.0
833.52203,504.6
833.64032,505.2
833.75861,501.2
833.87689,510.0
833.99518,507.4
834.1134,511.6
834.23169,510.0
834.34998,505.8
834.46826,504.8
834.58649,512.6
834.70477,508.4
834.823,505.4
834.94128,511.2
835.05951,506.6
835.1778,505.8
835.29602,506.0
835.41425,509.6
835.53253,507.2
835.65076,508.2
835.76898,504.8
835.88721,511.8
836.00543,513.6
836.12366,511.8
836.24188,505.4
836.36011,505.2
836.47833,511.4
836.59656,510.4
836.71478,505.8
836.83295,511.0
836.95117,503.6
837.0694,514.6
837.18756,508.0
837.30579,508.0
837.42401,508.8
837.54218,511.4
837.66034,508.6
837.77856,508.6
837.89673,507.6
838.01489,507.8
838.13312,503.8
838.25128,510.0
838.36945,505.4
838.48761,506.4
838.60577,514.2
838.72394,508.8
838.8421,508.0
838.96027,509.2
839.07843,504.6
839.19659,511.2
839.31476,510.2
839.43286,513.8
839.55103,512.2
839.66919,510.6
839.78729,508.8
839.90546,514.4
840.02356,510.6
840.14172,508.4
840.25983,506.0
840.37793,506.4
840.49609,509.8
840.6142,507.2
840.7323,509.6
840.8504,507.2
840.96851,502.4
841.08661,512.4
841.20471,504.4
841.32281,514.0
841.44092,511.2
841.55902,509.4
841.67712,503.6
841.79523,512.6
841.91327,502.4
842.03137,508.8
842.14948,514.0
842.26752,505.6
842.38562,504.4
842.50366,508.2
842.62177,506.2
842.73981,504.6
842.85791,508.4
842.97595,508.4
843.09399,506.2
843.21204,511.4
843.33008,510.0
843.44818,512.8
843.56622,511.0
843.68427,505.6
843.80231,511.0
843.92029,509.2
844.03833,513.0
844.15637,504.2
844.27441,508.2
844.39246,514.8
844.51044,508.0
844.62848,510.6
844.74646,512.8
844.8645,508.4
844.98248,508.8
845.10052,506.8
845.21851,513.8
845.33649,508.0
845.45453,514.0
845.57251,513.2
845.69049,508.2
845.80847,505.0
845.92645,509.4
846.04443,506.6
846.16241,506.2
846.2804,508.6
846.39838,509.0
846.51636,515.0
846.63434,513.6
846.75226,509.0
846.87024,512.0
846.98822,511.4
847.10614,508.2
847.22412,507.8
847.34204,510.2
847.46002,511.2
847.57794,509.4
847.69586,510.0
847.81384,503.6
847.93176,510.2
848.04968,508.4
848.1676,506.0
848.28552,510.0
848.40344,505.4
848.52136,504.2
848.63928,507.2
848.7572,502.4
848.87512,505.2
848.99304,507.6
849.1109,505.4
849.22882,506.4
849.34674,501.2
849.4646,508.6
849.58252,512.8
849.70038,505.4
849.8183,508.0
849.93616,500.6
850.05402,504.6
850.17194,504.4
850.28979,503.6
850.40765,502.4
850.52551,508.0
850.64337,508.8
850.76123,503.0
850.87909,504.2
850.99695,509.2
851.11481,502.2
851.23267,510.0
851.35046,503.4
851.46832,503.6
851.58618,506.0
851.70398,509.4
851.82184,506.0
851.93964,503.2
852.0575,514.4
852.17529,516.6
852.29315,513.8
852.41095,509.0
852.52875,510.0
852.64655,509.8
852.7644,506.4
852.8822,510.2
853.0,507.0
853.1178,499.0
853.2356,501.4
853.35333,507.2
853.47113,508.4
853.58893,506.4
853.70673,504.6
853.82446,508.0
853.94226,506.4
854.06006,511.0
854.1778,508.4
854.29559,510.6
854.41333,507.2
854.53107,508.6
854.64886,510.4
854.7666,510.6
854.88434,503.4
855.00208,512.2
855.11981,513.4
855.23761,513.4
855.35535,510.4
855.47302,509.8
855.59076,508.0
855.7085,509.0
855.82623,512.0
855.94397,507.2
856.06165,509.8
856.17938,512.8
856.29712,506.6
856.41479,511.2
856.53253,511.6
856.65021,503.4
856.76788,508.4
856.88562,508.8
857.0033,508.0
857.12097,511.2
857.23865,504.0
857.35632,506.2
857.474,508.8
857.59167,503.8
857.70935,506.2
857.82703,506.8
857.9447,506.4
858.06238,502.6
858.18005,502.0
858.29767,508.6
858.41534,502.2
858.53296,508.4
858.65063,512.0
858.76825,507.2
858.88593,505.6
859.00354,508.0
859.12115,505.6
859.23883,503.8
859.35645,506.6
859.47406,507.8
859.59167,502.2
859.70929,508.0
859.8269,502.6
859.94452,502.4
860.06213,508.2
860.17975,504.2
860.29736,498.4
860.41492,498.6
860.53253,500.2
860.65009,504.4
860.7677,501.2
860.88525,504.8
861.00287,496.0
861.12042,500.2
861.23804,504.0
861.35559,507.2
861.47314,504.4
861.5907,498.0
861.70825,499.6
861.82581,501.8
861.94336,491.8
862.06091,501.4
862.17847,501.8
862.29602,499.4
862.41357,497.8
862.53113,495.8
862.64862,504.8
862.76617,494.8
862.88367,497.0
863.00122,497.6
863.11871,495.8
863.23627,504.4
863.35376,496.0
863.47125,500.0
863.58881,502.2
863.7063,501.8
863.82379,499.6
863.94128,498.0
864.05878,501.4
864.17627,499.2
864.29376,499.0
864.41125,498.6
864.52869,494.2
864.64618,499.0
864.76367,501.4
864.8811,499.0
864.9986,497.4
865.11609,499.4
865.23352,494.2
865.35095,496.4
865.46844,498.8
865.58588,499.2
865.70331,499.8
865.82074,500.4
865.93823,496.4
866.05566,498.6
866.1731,500.8
866.29053,497.2
866.4079,496.6
866.52533,507.0
866.64276,499.4
866.76019,496.8
866.87756,505.4
866.995,505.0
867.11243,499.8
867.2298,504.4
867.34723,501.2
867.4646,496.8
867.58197,499.8
867.6994,504.8
867.81677,500.8
867.93414,493.8
868.05151,498.4
868.16888,498.2
868.28625,505.0
868.40363,503.4
868.521,494.2
868.63837,498.6
868.75568,500.0
868.87305,500.2
868.99042,500.2
869.10773,502.8
869.2251,503.2
869.34241,502.2
869.45978,500.8
869.57709,499.0
869.69446,502.6
869.81177,503.6
869.92908,501.8
870.04639,511.0
870.1637,504.2
870.28101,505.0
870.39832,500.6
870.51563,506.2
870.63293,502.6
870.75024,503.4
870.86749,502.8
870.9848,504.8
871.10211,501.4
871.21936,504.8
871.33667,503.0
871.45392,503.6
871.57123,505.2
871.68848,497.6
871.80573,504.4
871.92297,500.6
872.04028,498.0
872.15753,506.6
872.27478,497.8
872.39203,499.6
872.50928,502.0
872.62646,503.0
872.74371,498.6
872.86096,505.4
872.97821,505.2
873.0954,505.8
873.21265,502.2
873.32983,499.6
873.44708,498.8
873.56427,503.6
873.68152,497.6
873.79871,503.2
873.91589,495.8
874.03308,498.0
874.15027,501.6
874.26746,505.8
874.38464,500.6
874.50183,506.6
874.61902,503.0
874.73621,506.4
874.85339,506.4
874.97052,504.6
875.08771,498.2
875.2049,503.4
875.32202,506.2
875.43921,503.8
875.55634,502.8
875.67346,509.8
875.79065,501.0
875.90778,504.2
876.0249,505.0
876.14203,503.0
876.25916,502.4
876.37628,500.2
876.49341,498.4
876.61053,506.0
876.72766,505.8
876.84473,500.2
876.96185,506.4
877.07898,509.6
877.19604,505.8
877.31317,500.6
877.43024,498.6
877.54736,500.0
877.66443,502.8
877.78149,498.8
877.89856,503.0
878.01569,501.0
878.13275,502.0
878.24982,498.2
878.36688,499.8
878.48395,500.8
878.60095,500.0
878.71802,495.2
878.83508,495.8
878.95215,497.2
879.06915,498.4
879.18622,500.8
879.30322,498.4
879.42029,494.8
879.53729,495.8
879.6543,493.2
879.77136,498.0
879.88837,496.6
880.00537,498.0
880.12238,499.2
880.23938,495.2
880.35638,501.8
880.47339,492.8
880.59039,496.0
880.70734,493.6
880.82434,497.6
880.94135,497.2
881.05829,492.2
881.17529,497.0
881.29224,495.8
881.40924,494.2
881.52618,497.6
881.64313,495.6
881.76007,497.6
881.87701,492.0
881.99402,501.4
882.11096,493.2
882.22791,492.6
882.34479,493.6
882.46173,498.8
882.57867,492.8
882.69562,500.8
882.8125,497.2
882.92944,500.4
883.04639,498.4
883.16327,503.4
883.28015,503.6
883.39709,497.2
883.51398,496.6
883.63086,501.6
883.74774,503.2
883.86462,498.4
883.98157,500.0
884.09839,495.6
884.21527,495.0
884.33215,504.4
884.44904,496.6
884.56592,501.0
884.68274,500.6
884.79962,501.4
884.9165,501.6
885.03333,503.8
885.15015,499.8
885.26703,508.0
885.38385,505.8
885.50067,506.0
885.61749,504.0
885.73438,503.8
885.8512,507.6
885.96802,511.6
886.08478,504.2
886.2016,505.6
886.31842,507.0
886.43524,503.4
886.55206,499.2
886.66882,504.2
886.78564,503.6
886.9024,505.8
887.01923,504.0
887.13599,503.4
887.25275,495.0
887.36951,502.2
887.48633,502.2
887.60309,500.6
887.71985,499.6
887.83661,502.8
887.95337,497.4
888.07007,498.2
888.18683,498.6
888.30359,494.2
888.42035,496.0
888.53705,495.6
888.65381,498.0
888.77051,496.0
888.88721,492.0
889.00397,497.6
889.12067,494.0
889.23737,496.8
889.35406,499.2
889.47083,492.8
889.58752,489.6
889.70416,498.6
889.82086,490.6
889.93756,498.2
890.05426,493.8
890.17096,500.0
890.2876,495.0
890.4043,495.4
890.52094,490.8
890.63763,492.6
890.75427,498.0
890.87091,495.4
890.98761,491.6
891.10425,499.6
891.22089,496.2
891.33752,491.2
891.45416,493.6
891.5708,493.8
891.68744,493.8
891.80408,496.6
891.92065,496.2
892.03729,490.4
892.15393,499.0
892.27051,496.0
892.38715,499.2
892.50372,494.4
892.6203,493.2
892.73694,496.0
892.85352,495.2
892.97009,491.8
893.08667,496.0
893.20325,494.4
893.31982,504.0
893.4364,502.4
893.55298,498.6
893.66956,500.6
893.78607,496.4
893.90265,499.6
894.01917,500.2
894.13574,500.6
894.25226,504.6
894.36884,498.2
894.48535,498.4
894.60187,499.8
894.71838,500.0
894.8349,498.6
894.95148,501.6
895.06793,496.0
895.18445,501.2
895.30096,493.8
895.41748,496.2
895.534,495.0
895.65045,494.0
895.76697,498.8
895.88342,497.2
895.99994,496.8
896.11639,491.0
896.23291,495.8
896.34937,495.8
896.46582,491.6
896.58228,497.6
896.69873,500.4
896.81519,490.4
896.93164,500.0
897.0481,503.4
897.16455,501.0
897.28094,497.0
897.3974,495.6
897.51385,502.2
897.63025,498.0
897.7467,499.4
897.8631,493.6
897.97949,495.4
898.09595,496.8
898.21234,493.2
898.32874,502.4
898.44513,498.4
898.56152,497.8
898.67792,499.0
898.79431,493.2
898.91064,497.4
899.02704,498.0
899.14343,488.4
899.25977,492.2
899.37616,491.2
899.49249,491.6
899.60889,492.6
899.72522,498.2
899.84155,493.4
899.95789,492.8
900.07428,494.8
900.19061,499.2
900.30695,491.8
900.42322,496.6
900.53955,492.0
900.65588,495.8
900.77222,491.8
900.88849,493.4
901.00482,496.2
901.12109,493.2
901.23743,497.6
901.3537,489.8
901.47003,492.2
901.5863,494.6
901.70258,494.2
901.81885,492.2
901.93512,492.6
902.05139,493.6
902.16766,495.8
902.28394,493.4
902.40021,495.4
902.51642,495.2
902.63269,496.2
902.7489,495.0
902.86517,495.8
902.98138,491.8
903.09766,492.6
903.21387,495.2
903.33008,490.6
903.44629,489.4
903.5625,489.0
903.67871,494.2
903.79492,490.6
903.91113,492.4
904.02734,488.4
904.14355,494.8
904.2597,492.4
904.37592,486.0
904.49207,490.4
904.60828,483.0
904.72443,487.4
904.84064,485.0
904.95679,484.2
905.07294,490.0
905.18909,483.6
905.30524,488.8
905.42139,480.8
905.53754,486.4
905.65369,486.8
905.76984,483.4
905.88593,481.0
906.00208,488.0
906.11816,479.4
906.23431,483.2
906.3504,485.4
906.46655,482.0
906.58264,479.4
906.69873,479.6
906.81482,485.6
906.93091,482.4
907.047,481.2
907.16309,481.2
907.27917,476.6
907.39526,484.0
907.51135,482.2
907.62738,480.4
907.74347,480.8
907.8595,478.8
907.97559,480.6
908.09161,481.4
908.2077,480.2
908.32373,478.4
908.43976,480.2
908.55579,477.0
908.67181,481.2
908.78784,482.2
908.90387,485.0
909.0199,482.6
909.13586,483.2
909.25189,484.8
909.36792,482.8
909.48389,483.2
909.59991,480.2
909.71588,484.8
909.83185,479.4
909.94788,479.8
910.06384,478.6
910.17981,480.4
910.29578,480.4
910.41174,477.6
910.52771,478.4
910.64368,482.6
910.75958,477.4
910.87555,484.4
910.99152,478.4
911.10742,485.6
911.22339,481.8
911.33929,482.6
911.4552,484.2
911.57117,479.6
911.68707,482.0
911.80298,485.2
911.91888,482.6
912.03479,481.4
912.1507,481.0
912.2666,479.6
912.38245,476.4
912.49835,484.2
912.61426,483.8
912.7301,479.0
912.84601,481.0
792.4458,660.6
792.56488,652.0
792.68396,650.4
792.8031,639.8
792.92218,627.8
793.04126,627.8
793.16034,624.0
793.27942,624.4
793.3985,625.8
793.51758,607.0
793.63672,600.4
793.7558,604.0
793.87488,605.4
793.9939,603.6
794.11298,597.2
794.23206,588.6
794.35114,590.8
794.47021,584.4
794.58929,585.2
794.70831,581.2
794.82739,577.8
794.94647,577.0
795.06549,575.8
795.18457,578.8
795.30365,573.6
795.42267,562.6
795.54175,566.4
795.66077,567.0
795.77985,564.4
795.89886,567.6
796.01794,559.4
796.13696,559.0
796.25598,563.4
796.375,561.8
796.49408,552.8
796.6131,554.2
796.73212,550.4
796.85114,548.0
796.97015,551.2
797.08923,547.4
797.20825,548.8
797.32727,545.2
797.44629,548.4
797.56531,544.0
797.68427,544.2
797.80328,542.6
797.9223,549.4
798.04132,543.8
798.16034,542.6
798.27936,549.4
798.39832,550.6
798.51733,535.0
798.63635,536.2
798.75531,543.6
798.87433,538.8
798.99329,531.6
799.1123,535.0
799.23126,534.2
799.35028,537.6
799.46924,543.4
799.58826,539.2
799.70721,537.2
799.82617,538.2
799.94519,537.0
800.06415,540.6
800.18311,537.6
800.30206,538.6
800.42102,536.6
800.54004,533.6
800.659,537.2
800.77795,533.4
800.89691,533.0
801.01587,538.8
801.13483,539.6
801.25372,534.6
801.37268,540.6
801.49164,531.0
801.6106,537.4
801.72955,535.6
801.84845,532.8
801.96741,539.6
802.08636,536.8
802.20526,536.4
802.32422,539.8
802.44318,532.6
802.56207,534.2
802.68103,532.0
802.79993,528.4
802.91882,543.2
803.03778,530.2
803.15668,535.2
803.27557,533.4
803.39453,535.4
803.51343,535.8
803.63232,537.0
803.75122,529.8
803.87012,534.4
803.98907,536.0
804.10797,539.6
804.22687,533.2
804.34576,536.6
804.46466,536.2
804.58356,537.6
804.70239,536.0
804.82129,537.4
804.94019,536.6
805.05908,539.6
805.17798,537.6
805.29681,538.8
805.41571,540.4
805.53461,534.8
805.65344,535.6
805.77234,543.0
805.89117,537.8
806.01007,541.4
806.12891,540.2
806.2478,542.4
806.36664,533.2
806.48547,541.8
806.60437,540.8
806.72321,535.6
806.84204,546.0
806.96088,535.0
807.07971,534.8
807.19861,537.2
807.31744,542.2
807.43628,538.0
807.55511,535.8
807.67395,540.2
807.79279,542.2
807.91162,536.8
808.0304,539.2
808.14923,539.0
808.26807,539.0
808.3869,543.4
808.50568,542.2
808.62451,542.6
808.74335,540.0
808.86212,538.6
808.98096,539.6
809.09979,541.6
809.21857,545.0
809.33734,542.8
809.45618,541.0
809.57495,545.4
809.69379,541.6
809.81256,543.0
809.93134,542.0
810.05011,546.0
810.16895,540.0
810.28772,541.2
810.40649,541.4
810.52527,549.0
810.64404,544.0
810.76282,545.6
810.88159,539.8
811.00037,546.6
811.11914,541.0
811.23792,542.0
811.35663,542.8
811.4754,545.8
811.59418,546.6
811.71295,546.4
811.83167,542.0
811.95044,544.2
812.06921,540.2
812.18793,539.6
812.3067,539.8
812.42542,538.6
812.54419,540.6
812.6629,543.2
812.78162,539.4
812.90039,545.6
813.0191,543.6
813.13782,540.6
813.25653,538.0
813.37524,539.8
813.49402,535.8
813.61273,542.4
813.73145,533.2
813.85016,540.2
813.96887,537.8
814.08759,541.4
814.2063,545.8
814.32495,535.8
814.44366,543.0
814.56238,539.2
814.68109,533.6
814.79974,542.0
814.91846,534.2
815.03717,536.8
815.15582,536.2
815.27454,536.0
815.39319,533.4
815.5119,534.2
815.63055,534.0
815.74927,534.4
815.86792,534.8
815.98657,535.2
816.10529,534.8
816.22394,535.4
816.34259,536.6
816.46124,538.8
816.5799,538.4
816.69855,539.0
816.8172,542.2
816.93585,533.8
817.0545,538.0
817.17316,531.6
817.29181,531.4
817.41046,532.0
817.52911,528.6
817.64771,529.8
817.76636,527.8
817.88501,531.2
818.0036,523.0
818.12225,527.8
818.24091,519.2
818.3595,519.0
818.47815,526.2
818.59674,524.8
818.71533,519.8
818.83398,519.8
818.95258,518.4
819.07117,519.4
819.18976,517.4
819.30841,521.2
819.427,514.0
819.54559,521.0
819.66418,519.8
819.78278,525.2
819.90137,517.2
820.01996,516.2
820.13855,514.8
820.25714,518.8
820.37573,514.6
820.49426,515.0
820.61285,514.8
820.73145,515.0
820.84998,509.2
820.96857,509.4
821.08716,511.0
821.20569,512.6
821.32428,508.6
821.44281,511.6
821.56134,511.0
821.67993,510.2
821.79846,511.4
821.91699,510.2
822.03558,512.6
822.15411,516.2
822.27264,512.0
822.39117,507.4
822.5097,510.2
822.62823,506.6
822.74677,506.2
822.8653,512.4
822.98383,508.0
823.10236,507.0
823.22089,504.8
823.33942,513.4
823.45789,502.2
823.57642,514.6
823.69495,512.6
823.81342,512.4
823.93195,505.4
824.05042,505.2
824.16895,514.2
824.28741,502.8
824.40594,505.0
824.52441,509.8
824.64288,509.6
824.76141,509.2
824.87988,508.0
824.99835,506.0
825.11682,504.8
825.23529,509.0
825.35376,505.8
825.47223,505.6
825.5907,501.6
825.70917,505.2
825.82764,508.4
825.94611,501.0
826.06458,506.0
826.18304,501.6
826.30145,504.0
826.41992,507.8
826.53839,503.0
826.6568,502.4
826.77527,504.8
826.89368,504.2
827.01215,503.6
827.13055,507.6
827.24902,500.4
827.36743,504.6
827.48584,501.0
827.60431,503.0
827.72272,499.6
827.84113,501.6
827.95953,498.8
828.07794,504.2
828.19635,498.2
828.31476,497.2
828.43317,495.0
828.55157,501.0
828.66998,501.4
828.78839,499.6
828.90674,496.4
829.02515,498.8
829.14355,500.4
829.2619,500.2
829.38031,494.6
829.49872,501.4
829.61707,500.0
829.73547,497.4
829.85382,498.8
829.97217,500.0
830.09058,497.8
830.20892,500.0
830.32727,495.8
830.44562,498.2
830.56403,498.0
830.68237,501.2
830.80072,498.2
830.91907,496.2
831.03741,495.2
831.15576,502.6
831.27411,498.6
831.3924,500.4
831.51074,497.0
831.62909,502.4
831.74744,498.4
831.86572,498.2
831.98407,501.6
832.10242,498.2
832.2207,499.2
832.33905,497.0
832.45734,500.0
832.57562,502.0
832.69397,494.6
832.81226,503.0
832.93054,498.2
833.04889,501.4
833.16718,496.4
833.28546,499.8
833.40375,505.2
833.52203,504.6
833.64032,492.4
833.75861,491.4
833.87689,495.4
833.99518,507.6
834.1134,500.0
834.23169,502.2
834.34998,497.0
834.46826,500.0
834.58649,498.4
834.70477,503.0
834.823,499.8
834.94128,502.8
835.05951,498.6
835.1778,505.8
835.29602,495.8
835.41425,496.8
835.53253,498.4
835.65076,499.0
835.76898,502.8
835.88721,500.2
836.00543,501.6
836.12366,503.6
836.24188,499.6
836.36011,503.2
836.47833,505.4
836.59656,504.4
836.71478,502.4
836.83295,507.4
836.95117,501.6
837.0694,506.4
837.18756,499.4
837.30579,499.8
837.42401,497.8
837.54218,499.2
837.66034,495.4
837.77856,504.2
837.89673,499.0
838.01489,506.6
838.13312,501.8
838.25128,504.2
838.36945,502.6
838.48761,502.0
838.60577,505.6
838.72394,502.8
838.8421,502.0
838.96027,502.6
839.07843,500.2
839.19659,501.4
839.31476,505.4
839.43286,505.8
839.55103,506.6
839.66919,502.8
839.78729,501.6
839.90546,502.2
840.02356,503.8
840.14172,502.8
840.25983,498.4
840.37793,506.0
840.49609,507.8
840.6142,500.2
840.7323,503.4
840.8504,507.2
840.96851,502.4
841.08661,503.0
841.20471,500.8
841.32281,500.8
841.44092,501.2
841.55902,504.6
841.67712,502.6
841.79523,501.6
841.91327,499.0
842.03137,505.6
842.14948,501.8
842.26752,501.4
842.38562,497.2
842.50366,498.0
842.62177,497.4
842.73981,499.2
842.85791,504.6
842.97595,502.0
843.09399,501.2
843.21204,505.8
843.33008,499.8
843.44818,505.4
843.56622,498.6
843.68427,500.0
843.80231,502.2
843.92029,501.2
844.03833,506.0
844.15637,506.6
844.27441,500.0
844.39246,506.8
844.51044,499.2
844.62848,504.4
844.74646,499.6
844.8645,502.2
844.98248,503.4
845.10052,504.0
845.21851,502.6
845.33649,507.0
845.45453,502.2
845.57251,506.8
845.69049,500.2
845.80847,498.8
845.92645,506.6
846.04443,500.6
846.16241,500.8
846.2804,500.6
846.39838,500.4
846.51636,501.0
846.63434,505.0
846.75226,507.8
846.87024,500.8
846.98822,501.4
847.10614,498.4
847.22412,502.2
847.34204,507.4
847.46002,503.0
847.57794,498.8
847.69586,509.4
847.81384,502.2
847.93176,504.8
848.04968,501.2
848.1676,499.4
848.28552,500.4
848.40344,510.2
848.52136,501.0
848.63928,499.4
848.7572,505.2
848.87512,501.8
848.99304,501.2
849.1109,500.6
849.22882,498.4
849.34674,498.4
849.4646,498.2
849.58252,503.8
849.70038,496.6
849.8183,497.6
849.93616,497.2
850.05402,502.4
850.17194,503.4
850.28979,502.0
850.40765,503.4
850.52551,507.8
850.64337,508.8
850.76123,496.8
850.87909,498.4
850.99695,502.8
851.11481,499.8
851.23267,504.2
851.35046,500.6
851.46832,497.6
851.58618,503.6
851.70398,506.4
851.82184,503.0
851.93964,502.2
852.0575,504.4
852.17529,513.8
852.29315,505.0
852.41095,507.0
852.52875,503.4
852.64655,504.2
852.7644,502.6
852.8822,504.8
853.0,506.2
853.1178,506.8
853.2356,500.6
853.35333,504.0
853.47113,503.6
853.58893,499.0
853.70673,501.0
853.82446,502.8
853.94226,504.6
854.06006,507.4
854.1778,504.4
854.29559,502.8
854.41333,505.6
854.53107,506.0
854.64886,507.2
854.7666,501.4
854.88434,504.4
855.00208,504.2
855.11981,507.4
855.23761,509.2
855.35535,504.2
855.47302,506.6
855.59076,505.2
855.7085,504.8
855.82623,504.2
855.94397,508.0
856.06165,507.8
856.17938,505.2
856.29712,502.0
856.41479,508.6
856.53253,503.2
856.65021,506.8
856.76788,497.0
856.88562,502.8
857.0033,502.4
857.12097,500.0
857.23865,504.2
857.35632,499.4
857.474,498.6
857.59167,502.2
857.70935,502.4
857.82703,499.8
857.9447,502.6
858.06238,505.4
858.18005,498.6
858.29767,502.4
858.41534,500.4
858.53296,502.4
858.65063,505.2
858.76825,502.2
858.88593,500.2
859.00354,506.6
859.12115,500.0
859.23883,502.6
859.35645,497.0
859.47406,504.2
859.59167,499.4
859.70929,501.4
859.8269,495.8
859.94452,499.8
860.06213,500.4
860.17975,500.8
860.29736,499.0
860.41492,497.8
860.53253,496.8
860.65009,496.8
860.7677,496.4
860.88525,501.2
861.00287,502.2
861.12042,500.8
861.23804,497.6
861.35559,503.8
861.47314,496.8
861.5907,497.0
861.70825,503.4
861.82581,494.8
861.94336,493.0
862.06091,497.4
862.17847,494.8
862.29602,497.8
862.41357,496.0
862.53113,495.6
862.64862,492.8
862.76617,497.2
862.88367,499.6
863.00122,492.8
863.11871,495.8
863.23627,491.0
863.35376,495.6
863.47125,497.6
863.58881,489.2
863.7063,499.8
863.82379,489.2
863.94128,496.6
864.05878,501.2
864.17627,493.6
864.29376,496.6
864.41125,498.0
864.52869,492.0
864.64618,504.4
864.76367,494.6
864.8811,501.0
864.9986,486.6
865.11609,496.8
865.23352,498.8
865.35095,492.4
865.46844,498.6
865.58588,491.6
865.70331,492.4
865.82074,497.2
865.93823,493.0
866.05566,494.6
866.1731,494.4
866.29053,494.4
866.4079,496.8
866.52533,491.4
866.64276,500.2
866.76019,490.6
866.87756,492.4
866.995,495.6
867.11243,495.0
867.2298,499.6
867.34723,495.4
867.4646,494.6
867.58197,495.4
867.6994,492.0
867.81677,495.0
867.93414,492.6
868.05151,500.2
868.16888,492.6
868.28625,492.0
868.40363,497.2
868.521,499.8
868.63837,495.8
868.75568,495.4
868.87305,495.6
868.99042,496.8
869.10773,496.0
869.2251,494.4
869.34241,499.4
869.45978,494.6
869.57709,502.0
869.69446,495.2
869.81177,502.2
869.92908,496.6
870.04639,508.2
870.1637,494.0
870.28101,496.4
870.39832,499.6
870.51563,494.8
870.63293,501.8
870.75024,497.2
870.86749,497.2
870.9848,493.4
871.10211,496.6
871.21936,503.0
871.33667,500.6
871.45392,499.6
871.57123,495.8
871.68848,499.6
871.80573,498.8
871.92297,496.2
872.04028,496.6
872.15753,502.4
872.27478,496.6
872.39203,499.4
872.50928,496.2
872.62646,497.4
872.74371,496.2
872.86096,499.4
872.97821,496.4
873.0954,496.6
873.21265,496.8
873.32983,494.4
873.44708,500.0
873.56427,500.8
873.68152,498.8
873.79871,495.8
873.91589,495.4
874.03308,499.8
874.15027,494.4
874.26746,498.4
874.38464,497.6
874.50183,498.0
874.61902,500.4
874.73621,495.8
874.85339,494.6
874.97052,499.4
875.08771,496.2
875.2049,490.8
875.32202,493.8
875.43921,499.6
875.55634,498.0
875.67346,503.2
875.79065,493.8
875.90778,497.6
876.0249,500.2
876.14203,495.2
876.25916,496.4
876.37628,499.6
876.49341,494.4
876.61053,500.4
876.72766,496.2
876.84473,499.0
876.96185,498.6
877.07898,500.2
877.19604,503.2
877.31317,499.4
877.43024,499.0
877.54736,499.0
877.66443,499.6
877.78149,497.4
877.89856,496.8
878.01569,494.6
878.13275,494.2
878.24982,498.0
878.36688,494.0
878.48395,504.0
878.60095,493.4
878.71802,496.4
878.83508,496.0
878.95215,494.8
879.06915,494.0
879.18622,500.0
879.30322,494.0
879.42029,496.4
879.53729,493.0
879.6543,496.0
879.77136,488.4
879.88837,493.2
880.00537,493.6
880.12238,497.6
880.23938,489.8
880.35638,496.2
880.47339,494.4
880.59039,490.2
880.70734,496.6
880.82434,497.0
880.94135,491.6
881.05829,492.0
881.17529,491.8
881.29224,493.8
881.40924,490.8
881.52618,498.6
881.64313,489.0
881.76007,490.0
881.87701,494.2
881.99402,498.4
882.11096,494.2
882.22791,491.4
882.34479,493.4
882.46173,494.4
882.57867,498.8
882.69562,496.2
882.8125,495.8
882.92944,498.2
883.04639,490.2
883.16327,497.4
883.28015,492.6
883.39709,493.0
883.51398,498.4
883.63086,496.4
883.74774,493.2
883.86462,497.2
883.98157,494.8
884.09839,495.2
884.21527,494.0
884.33215,502.2
884.44904,495.6
884.56592,498.8
884.68274,497.0
884.79962,500.2
884.9165,497.8
885.03333,499.2
885.15015,501.0
885.26703,505.6
885.38385,501.2
885.50067,506.8
885.61749,501.8
885.73438,505.2
885.8512,502.4
885.96802,507.2
886.08478,502.6
886.2016,503.0
886.31842,502.4
886.43524,503.2
886.55206,499.2
886.66882,503.2
886.78564,499.0
886.9024,494.6
887.01923,497.8
887.13599,501.6
887.25275,497.4
887.36951,499.4
887.48633,495.2
887.60309,496.4
887.71985,492.0
887.83661,493.4
887.95337,492.2
888.07007,490.2
888.18683,491.8
888.30359,494.6
888.42035,494.4
888.53705,492.6
888.65381,493.2
888.77051,487.6
888.88721,489.6
889.00397,491.0
889.12067,486.6
889.23737,491.2
889.35406,493.8
889.47083,493.2
889.58752,486.4
889.70416,492.2
889.82086,490.4
889.93756,494.2
890.05426,487.8
890.17096,493.8
890.2876,494.0
890.4043,492.6
890.52094,486.0
890.63763,488.0
890.75427,497.2
890.87091,492.2
890.98761,490.8
891.10425,494.2
891.22089,493.4
891.33752,490.6
891.45416,487.6
891.5708,492.4
891.68744,491.4
891.80408,493.2
891.92065,490.0
892.03729,493.2
892.15393,494.8
892.27051,495.4
892.38715,494.2
892.50372,490.8
892.6203,492.4
892.73694,496.6
892.85352,491.4
892.97009,493.6
893.08667,490.6
893.20325,493.2
893.31982,495.8
893.4364,494.4
893.55298,492.4
893.66956,497.0
893.78607,496.6
893.90265,499.4
894.01917,492.4
894.13574,495.0
894.25226,492.6
894.36884,495.4
894.48535,490.2
894.60187,494.4
894.71838,488.8
894.8349,493.6
894.95148,491.2
895.06793,490.8
895.18445,501.0
895.30096,493.6
895.41748,492.0
895.534,492.8
895.65045,491.4
895.76697,494.8
895.88342,492.6
895.99994,492.6
896.11639,493.0
896.23291,494.8
896.34937,493.0
896.46582,495.4
896.58228,496.2
896.69873,499.0
896.81519,495.0
896.93164,495.6
897.0481,499.0
897.16455,497.4
897.28094,494.8
897.3974,496.2
897.51385,497.6
897.63025,493.2
897.7467,495.2
897.8631,493.4
897.97949,489.8
898.09595,495.8
898.21234,491.6
898.32874,495.6
898.44513,493.0
898.56152,491.0
898.67792,490.6
898.79431,487.6
898.91064,490.2
899.02704,490.8
899.14343,489.2
899.25977,489.2
899.37616,486.6
899.49249,488.0
899.60889,492.0
899.72522,492.4
899.84155,484.4
899.95789,495.6
900.07428,492.6
900.19061,492.6
900.30695,491.4
900.42322,494.2
900.53955,485.2
900.65588,493.4
900.77222,491.8
900.88849,492.2
901.00482,490.6
901.12109,491.8
901.23743,496.4
901.3537,493.6
901.47003,490.2
901.5863,494.2
901.70258,488.0
901.81885,485.2
901.93512,492.2
902.05139,489.8
902.16766,490.0
902.28394,489.4
902.40021,488.6
902.51642,494.4
902.63269,488.8
902.7489,496.2
902.86517,487.4
902.98138,493.0
903.09766,488.0
903.21387,494.4
903.33008,487.0
903.44629,492.2
903.5625,490.2
903.67871,485.8
903.79492,486.6
903.91113,487.6
904.02734,483.8
904.14355,490.8
904.2597,488.8
904.37592,486.0
904.49207,481.0
904.60828,485.8
904.72443,482.6
904.84064,486.8
904.95679,483.8
905.07294,491.2
905.18909,481.4
905.30524,483.0
905.42139,478.4
905.53754,485.6
905.65369,477.2
905.76984,479.6
905.88593,477.6
906.00208,481.2
906.11816,479.6
906.23431,482.0
906.3504,480.2
906.46655,481.4
906.58264,474.8
906.69873,480.8
906.81482,477.4
906.93091,476.4
907.047,479.8
907.16309,478.6
907.27917,478.2
907.39526,476.8
907.51135,474.0
907.62738,480.6
907.74347,474.0
907.8595,482.6
907.97559,481.8
908.09161,480.4
908.2077,475.8
908.32373,478.8
908.43976,474.6
908.55579,481.8
908.67181,478.6
908.78784,479.6
908.90387,479.6
909.0199,481.2
909.13586,475.2
909.25189,475.2
909.36792,474.0
909.48389,481.0
909.59991,478.4
909.71588,481.6
909.83185,479.0
909.94788,480.8
910.06384,481.2
910.17981,479.8
910.29578,479.0
910.41174,478.6
910.52771,477.8
910.64368,482.4
910.75958,478.6
910.87555,477.8
910.99152,480.4
911.10742,479.2
911.22339,477.6
911.33929,478.0
911.4552,475.6
911.57117,474.4
911.68707,480.8
911.80298,477.4
911.91888,473.6
912.03479,479.8
912.1507,480.4
912.2666,479.8
912.38245,479.4
912.49835,479.2
912.61426,479.2
912.7301,480.0
912.84601,481.2
792.4458,669.4
792.56488,661.0
792.68396,665.0
792.8031,654.8
792.92218,640.6
793.04126,639.0
793.16034,637.0
793.27942,641.0
793.3985,634.6
793.51758,618.2
793.63672,619.8
793.7558,615.0
793.87488,619.2
793.9939,614.4
794.11298,610.2
794.23206,607.0
794.35114,605.2
794.47021,589.6
794.58929,589.0
794.70831,584.6
794.82739,589.6
794.94647,583.6
795.06549,584.0
795.18457,580.4
795.30365,580.6
795.42267,577.8
795.54175,578.4
795.66077,573.6
795.77985,573.4
795.89886,575.0
796.01794,570.6
796.13696,564.8
796.25598,567.2
796.375,563.8
796.49408,563.6
796.6131,564.8
796.73212,563.4
796.85114,559.2
796.97015,559.0
797.08923,554.4
797.20825,553.4
797.32727,556.2
797.44629,552.8
797.56531,553.2
797.68427,551.2
797.80328,547.6
797.9223,552.6
798.04132,553.4
798.16034,545.2
798.27936,548.8
798.39832,553.6
798.51733,549.8
798.63635,549.6
798.75531,549.0
798.87433,544.6
798.99329,541.2
799.1123,543.8
799.23126,543.8
799.35028,548.2
799.46924,550.6
799.58826,550.4
799.70721,540.6
799.82617,543.0
799.94519,538.4
800.06415,540.2
800.18311,542.0
800.30206,544.6
800.42102,547.6
800.54004,541.4
800.659,544.0
800.77795,539.6
800.89691,542.6
801.01587,539.0
801.13483,542.0
801.25372,546.2
801.37268,540.6
801.49164,543.2
801.6106,537.6
801.72955,543.0
801.84845,540.2
801.96741,537.8
802.08636,546.0
802.20526,545.6
802.32422,538.4
802.44318,541.8
802.56207,540.4
802.68103,544.2
802.79993,543.8
802.91882,545.0
803.03778,537.2
803.15668,539.0
803.27557,542.4
803.39453,538.4
803.51343,543.8
803.63232,544.0
803.75122,545.8
803.87012,542.6
803.98907,541.8
804.10797,541.2
804.22687,539.6
804.34576,541.4
804.46466,540.6
804.58356,543.4
804.70239,536.6
804.82129,548.2
804.94019,543.2
805.05908,539.6
805.17798,538.0
805.29681,538.2
805.41571,547.6
805.53461,544.0
805.65344,538.8
805.77234,546.4
805.89117,544.2
806.01007,549.2
806.12891,546.2
806.2478,545.8
806.36664,543.4
806.48547,546.2
806.60437,547.8
806.72321,548.0
806.84204,547.2
806.96088,546.8
807.07971,545.2
807.19861,550.2
807.31744,543.0
807.43628,547.0
807.55511,545.0
807.67395,544.4
807.79279,545.8
807.91162,544.0
808.0304,546.6
808.14923,550.8
808.26807,545.8
808.3869,546.4
808.50568,550.8
808.62451,548.6
808.74335,544.0
808.86212,547.6
808.98096,548.0
809.09979,548.4
809.21857,549.8
809.33734,554.2
809.45618,546.8
809.57495,546.8
809.69379,554.0
809.81256,551.2
809.93134,553.4
810.05011,553.2
810.16895,547.8
810.28772,547.2
810.40649,550.4
810.52527,552.8
810.64404,548.0
810.76282,554.6
810.88159,553.2
811.00037,549.8
811.11914,545.4
811.23792,550.8
811.35663,553.0
811.4754,550.8
811.59418,551.0
811.71295,557.6
811.83167,549.6
811.95044,548.2
812.06921,548.0
812.18793,551.6
812.3067,550.0
812.42542,547.6
812.54419,549.4
812.6629,553.2
812.78162,548.0
812.90039,545.0
813.0191,546.6
813.13782,549.8
813.25653,546.6
813.37524,547.4
813.49402,547.2
813.61273,549.6
813.73145,546.6
813.85016,542.4
813.96887,546.6
814.08759,546.6
814.2063,541.6
814.32495,547.2
814.44366,546.4
814.56238,544.2
814.68109,544.6
814.79974,543.0
814.91846,543.0
815.03717,547.6
815.15582,540.6
815.27454,540.2
815.39319,543.4
815.5119,544.0
815.63055,540.0
815.74927,544.0
815.86792,539.6
815.98657,541.2
816.10529,544.6
816.22394,536.2
816.34259,546.0
816.46124,542.2
816.5799,543.2
816.69855,544.8
816.8172,543.6
816.93585,544.2
817.0545,540.8
817.17316,535.8
817.29181,536.0
817.41046,536.8
817.52911,536.6
817.64771,536.8
817.76636,532.4
817.88501,535.2
818.0036,533.6
818.12225,534.0
818.24091,533.2
818.3595,526.0
818.47815,527.4
818.59674,528.6
818.71533,527.4
818.83398,520.8
818.95258,521.8
819.07117,521.2
819.18976,521.4
819.30841,518.8
819.427,524.6
819.54559,518.0
819.66418,522.2
819.78278,525.8
819.90137,521.0
820.01996,525.0
820.13855,521.0
820.25714,524.6
820.37573,517.2
820.49426,520.2
820.61285,519.0
820.73145,518.6
820.84998,514.0
820.96857,515.4
821.08716,520.6
821.20569,515.0
821.32428,514.6
821.44281,516.4
821.56134,517.6
821.67993,510.2
821.79846,515.4
821.91699,514.0
822.03558,514.2
822.15411,512.2
822.27264,514.8
822.39117,513.2
822.5097,512.8
822.62823,517.8
822.74677,514.6
822.8653,510.0
822.98383,511.4
823.10236,515.6
823.22089,509.4
823.33942,510.2
823.45789,507.4
823.57642,514.6
823.69495,512.6
823.81342,513.4
823.93195,507.6
824.05042,513.0
824.16895,508.0
824.28741,511.0
824.40594,512.2
824.52441,510.4
824.64288,510.6
824.76141,506.8
824.87988,512.8
824.99835,503.6
825.11682,512.2
825.23529,515.2
825.35376,510.4
825.47223,507.0
825.5907,508.8
825.70917,509.8
825.82764,512.6
825.94611,508.4
826.06458,509.4
826.18304,505.0
826.30145,509.8
826.41992,506.8
826.53839,502.8
826.6568,510.0
826.77527,508.4
826.89368,505.0
827.01215,508.4
827.13055,508.4
827.24902,503.6
827.36743,507.6
827.48584,502.8
827.60431,503.2
827.72272,502.6
827.84113,505.6
827.95953,502.6
828.07794,502.0
828.19635,506.0
828.31476,500.4
828.43317,503.6
828.55157,506.8
828.66998,506.8
828.78839,504.8
828.90674,506.0
829.02515,501.8
829.14355,505.4
829.2619,502.6
829.38031,501.8
829.49872,500.0
829.61707,498.0
829.73547,503.4
829.85382,501.4
829.97217,501.0
830.09058,499.2
830.20892,499.4
830.32727,498.4
830.44562,505.6
830.56403,505.0
830.68237,502.4
830.80072,507.6
830.91907,504.4
831.03741,503.6
831.15576,504.6
831.27411,497.8
831.3924,502.0
831.51074,500.4
831.62909,498.2
831.74744,497.6
831.86572,503.2
831.98407,504.4
832.10242,501.6
832.2207,505.8
832.33905,505.4
832.45734,503.2
832.57562,506.6
832.69397,499.6
832.81226,506.4
832.93054,506.4
833.04889,506.0
833.16718,499.0
833.28546,505.4
833.40375,508.2
833.52203,502.8
833.64032,502.4
833.75861,504.8
833.87689,504.2
833.99518,505.8
834.1134,506.2
834.23169,502.8
834.34998,504.6
834.46826,505.0
834.58649,501.2
834.70477,506.6
834.823,502.0
834.94128,508.2
835.05951,499.2
835.1778,507.6
835.29602,500.4
835.41425,505.2
835.53253,506.2
835.65076,508.0
835.76898,503.0
835.88721,507.6
836.00543,507.6
836.12366,508.4
836.24188,503.8
836.36011,505.2
836.47833,504.4
836.59656,506.6
836.71478,506.0
836.83295,508.2
836.95117,505.8
837.0694,507.0
837.18756,501.6
837.30579,506.6
837.42401,506.6
837.54218,507.2
837.66034,507.4
837.77856,510.4
837.89673,507.2
838.01489,511.2
838.13312,505.6
838.25128,507.4
838.36945,507.6
838.48761,513.2
838.60577,506.6
838.72394,505.8
838.8421,508.0
838.96027,506.4
839.07843,508.2
839.19659,505.6
839.31476,508.2
839.43286,512.0
839.55103,510.2
839.66919,510.2
839.78729,510.8
839.90546,513.2
840.02356,504.8
840.14172,510.0
840.25983,505.4
840.37793,506.6
840.49609,509.0
840.6142,512.6
840.7323,505.4
840.8504,507.0
840.96851,501.8
841.08661,504.2
841.20471,505.2
841.32281,511.0
841.44092,507.8
841.55902,510.4
841.67712,507.6
841.79523,509.2
841.91327,505.0
842.03137,506.8
842.14948,509.2
842.26752,498.6
842.38562,503.4
842.50366,510.6
842.62177,505.6
842.73981,501.8
842.85791,505.8
842.97595,505.4
843.09399,506.2
843.21204,510.6
843.33008,509.2
843.44818,505.0
843.56622,506.4
843.68427,506.8
843.80231,509.2
843.92029,507.2
844.03833,508.8
844.15637,503.8
844.27441,505.8
844.39246,509.8
844.51044,506.8
844.62848,506.0
844.74646,503.4
844.8645,506.4
844.98248,508.2
845.10052,503.4
845.21851,510.4
845.33649,511.6
845.45453,505.2
845.57251,509.6
845.69049,501.8
845.80847,506.0
845.92645,510.4
846.04443,508.6
846.16241,505.6
846.2804,505.2
846.39838,507.6
846.51636,504.8
846.63434,503.0
846.75226,506.6
846.87024,506.4
846.98822,506.8
847.10614,501.0
847.22412,506.6
847.34204,506.2
847.46002,507.4
847.57794,506.8
847.69586,506.4
847.81384,500.8
847.93176,513.2
848.04968,508.0
848.1676,509.6
848.28552,509.6
848.40344,508.8
848.52136,506.8
848.63928,505.6
848.7572,506.4
848.87512,506.4
848.99304,508.0
849.1109,504.8
849.22882,504.0
849.34674,505.2
849.4646,507.2
849.58252,506.4
849.70038,505.8
849.8183,511.6
849.93616,505.0
850.05402,509.0
850.17194,505.6
850.28979,507.4
850.40765,509.2
850.52551,507.4
850.64337,502.8
850.76123,505.8
850.87909,501.4
850.99695,507.4
851.11481,505.0
851.23267,505.2
851.35046,509.6
851.46832,501.8
851.58618,505.6
851.70398,511.0
851.82184,503.0
851.93964,507.6
852.0575,511.2
852.17529,517.2
852.29315,513.8
852.41095,512.0
852.52875,511.2
852.64655,506.2
852.7644,508.6
852.8822,504.6
853.0,500.2
853.1178,506.2
853.2356,504.0
853.35333,501.2
853.47113,508.8
853.58893,504.0
853.70673,507.0
853.82446,510.4
853.94226,507.0
854.06006,503.6
854.1778,511.0
854.29559,510.0
854.41333,505.6
854.53107,506.4
854.64886,511.2
854.7666,512.6
854.88434,513.4
855.00208,509.6
855.11981,508.0
855.23761,509.0
855.35535,509.6
855.47302,514.0
855.59076,508.6
855.7085,509.6
855.82623,510.2
855.94397,512.2
856.06165,508.8
856.17938,509.6
856.29712,506.4
856.41479,510.2
856.53253,506.8
856.65021,507.6
856.76788,508.4
856.88562,508.2
857.0033,510.4
857.12097,506.0
857.23865,504.2
857.35632,504.4
857.474,502.4
857.59167,505.0
857.70935,507.8
857.82703,505.6
857.9447,505.0
858.06238,504.8
858.18005,506.8
858.29767,503.6
858.41534,504.2
858.53296,506.4
858.65063,508.4
858.76825,505.8
858.88593,506.0
859.00354,504.2
859.12115,504.2
859.23883,503.6
859.35645,501.4
859.47406,505.4
859.59167,502.0
859.70929,508.8
859.8269,506.2
859.94452,502.8
860.06213,505.8
860.17975,503.8
860.29736,501.2
860.41492,501.0
860.53253,500.2
860.65009,498.6
860.7677,497.4
860.88525,503.4
861.00287,497.8
861.12042,499.8
861.23804,503.0
861.35559,503.6
861.47314,503.4
861.5907,497.2
861.70825,496.6
861.82581,500.2
861.94336,495.0
862.06091,501.2
862.17847,503.2
862.29602,497.2
862.41357,494.8
862.53113,500.2
862.64862,500.2
862.76617,497.0
862.88367,497.2
863.00122,499.8
863.11871,496.8
863.23627,507.0
863.35376,498.0
863.47125,499.4
863.58881,501.4
863.7063,497.4
863.82379,492.4
863.94128,497.4
864.05878,497.8
864.17627,498.6
864.29376,500.8
864.41125,501.8
864.52869,498.8
864.64618,498.2
864.76367,500.0
864.8811,498.8
864.9986,496.2
865.11609,501.2
865.23352,496.6
865.35095,496.8
865.46844,499.6
865.58588,496.4
865.70331,495.2
865.82074,501.0
865.93823,497.8
866.05566,494.6
866.1731,495.2
866.29053,497.2
866.4079,498.0
866.52533,503.4
866.64276,498.2
866.76019,499.2
866.87756,501.8
866.995,500.4
867.11243,495.0
867.2298,497.2
867.34723,500.2
867.4646,496.0
867.58197,500.4
867.6994,501.2
867.81677,502.0
867.93414,498.4
868.05151,497.0
868.16888,500.0
868.28625,503.2
868.40363,496.4
868.521,499.4
868.63837,500.8
868.75568,503.0
868.87305,496.6
868.99042,497.0
869.10773,498.4
869.2251,499.4
869.34241,503.4
869.45978,501.0
869.57709,503.2
869.69446,495.4
869.81177,501.4
869.92908,503.8
870.04639,506.8
870.1637,500.0
870.28101,505.6
870.39832,501.8
870.51563,501.4
870.63293,502.6
870.75024,500.4
870.86749,503.4
870.9848,499.0
871.10211,502.2
871.21936,503.0
871.33667,505.6
871.45392,503.6
871.57123,500.6
871.68848,498.2
871.80573,501.2
871.92297,497.8
872.04028,496.6
872.15753,503.8
872.27478,503.8
872.39203,501.2
872.50928,500.2
872.62646,501.0
872.74371,500.0
872.86096,504.2
872.97821,503.0
873.0954,506.0
873.21265,501.0
873.32983,501.2
873.44708,503.6
873.56427,501.2
873.68152,496.8
873.79871,503.0
873.91589,503.2
874.03308,498.4
874.15027,503.6
874.26746,499.6
874.38464,497.6
874.50183,500.8
874.61902,500.4
874.73621,505.4
874.85339,501.4
874.97052,502.2
875.08771,501.0
875.2049,499.4
875.32202,498.2
875.43921,503.0
875.55634,502.0
875.67346,506.2
875.79065,501.4
875.90778,503.6
876.0249,499.8
876.14203,502.6
876.25916,498.6
876.37628,497.8
876.49341,501.8
876.61053,501.4
876.72766,498.2
876.84473,501.0
876.96185,501.2
877.07898,505.0
877.19604,499.0
877.31317,501.6
877.43024,505.2
877.54736,502.4
877.66443,499.8
877.78149,499.6
877.89856,506.8
878.01569,499.0
878.13275,496.2
878.24982,497.6
878.36688,499.2
878.48395,498.0
878.60095,497.4
878.71802,495.6
878.83508,502.6
878.95215,494.6
879.06915,496.0
879.18622,498.0
879.30322,497.2
879.42029,496.4
879.53729,497.2
879.6543,495.2
879.77136,492.6
879.88837,494.6
880.00537,495.2
880.12238,495.4
880.23938,495.2
880.35638,498.2
880.47339,492.0
880.59039,494.8
880.70734,496.8
880.82434,495.4
880.94135,496.4
881.05829,495.8
881.17529,494.2
881.29224,492.2
881.40924,492.2
881.52618,490.4
881.64313,496.8
881.76007,499.4
881.87701,494.4
881.99402,491.8
882.11096,497.6
882.22791,497.6
882.34479,491.8
882.46173,497.0
882.57867,498.0
882.69562,499.8
882.8125,496.2
882.92944,497.6
883.04639,494.8
883.16327,500.8
883.28015,495.8
883.39709,497.2
883.51398,500.4
883.63086,497.8
883.74774,502.0
883.86462,501.0
883.98157,500.2
884.09839,495.6
884.21527,502.2
884.33215,492.4
884.44904,496.8
884.56592,497.0
884.68274,502.6
884.79962,506.2
884.9165,500.0
885.03333,503.4
885.15015,502.4
885.26703,512.6
885.38385,502.6
885.50067,508.8
885.61749,508.4
885.73438,512.6
885.8512,507.0
885.96802,505.8
886.08478,503.6
886.2016,503.6
886.31842,505.0
886.43524,503.6
886.55206,498.2
886.66882,502.4
886.78564,498.4
886.9024,505.0
887.01923,501.8
887.13599,504.2
887.25275,499.4
887.36951,499.8
887.48633,497.8
887.60309,502.8
887.71985,496.6
887.83661,496.4
887.95337,498.6
888.07007,502.0
888.18683,494.4
888.30359,492.8
888.42035,496.4
888.53705,494.6
888.65381,495.2
888.77051,492.4
888.88721,490.4
889.00397,494.2
889.12067,489.4
889.23737,493.0
889.35406,496.8
889.47083,489.8
889.58752,490.8
889.70416,494.2
889.82086,493.4
889.93756,495.2
890.05426,490.8
890.17096,491.8
890.2876,492.2
890.4043,491.0
890.52094,498.0
890.63763,492.0
890.75427,498.4
890.87091,494.6
890.98761,497.8
891.10425,495.2
891.22089,494.0
891.33752,490.6
891.45416,488.6
891.5708,492.8
891.68744,490.6
891.80408,489.6
891.92065,492.2
892.03729,493.2
892.15393,495.4
892.27051,493.6
892.38715,495.8
892.50372,493.8
892.6203,490.8
892.73694,492.0
892.85352,497.4
892.97009,489.6
893.08667,495.4
893.20325,496.8
893.31982,497.2
893.4364,497.6
893.55298,494.4
893.66956,497.2
893.78607,496.2
893.90265,497.8
894.01917,493.4
894.13574,501.4
894.25226,500.2
894.36884,498.8
894.48535,495.2
894.60187,493.6
894.71838,496.4
894.8349,497.0
894.95148,499.6
895.06793,496.2
895.18445,498.2
895.30096,493.2
895.41748,491.2
895.534,496.6
895.65045,487.8
895.76697,494.6
895.88342,498.2
895.99994,492.0
896.11639,490.6
896.23291,496.6
896.34937,494.6
896.46582,490.8
896.58228,490.6
896.69873,501.4
896.81519,497.2
896.93164,494.4
897.0481,492.4
897.16455,495.0
897.28094,492.0
897.3974,492.4
897.51385,498.6
897.63025,499.0
897.7467,496.2
897.8631,491.6
897.97949,493.0
898.09595,494.8
898.21234,495.6
898.32874,496.2
898.44513,492.0
898.56152,499.4
898.67792,495.0
898.79431,492.6
898.91064,493.2
899.02704,490.0
899.14343,494.6
899.25977,495.8
899.37616,488.2
899.49249,491.2
899.60889,490.4
899.72522,492.0
899.84155,491.2
899.95789,494.6
900.07428,492.4
900.19061,493.4
900.30695,491.8
900.42322,496.6
900.53955,486.8
900.65588,490.6
900.77222,490.8
900.88849,488.8
901.00482,486.0
901.12109,491.4
901.23743,493.6
901.3537,492.0
901.47003,490.0
901.5863,492.4
901.70258,490.8
901.81885,489.6
901.93512,494.4
902.05139,489.4
902.16766,494.2
902.28394,489.8
902.40021,496.0
902.51642,495.2
902.63269,492.2
902.7489,493.6
902.86517,489.4
902.98138,489.6
903.09766,491.0
903.21387,492.8
903.33008,494.2
903.44629,488.8
903.5625,492.8
903.67871,488.6
903.79492,491.6
903.91113,486.2
904.02734,486.6
904.14355,486.8
904.2597,488.0
904.37592,489.4
904.49207,489.0
904.60828,485.8
904.72443,480.4
904.84064,483.8
904.95679,481.2
905.07294,488.0
905.18909,484.8
905.30524,486.4
905.42139,481.6
905.53754,487.6
905.65369,479.6
905.76984,481.4
905.88593,484.2
906.00208,477.4
906.11816,477.4
906.23431,477.0
906.3504,476.2
906.46655,475.2
906.58264,477.0
906.69873,481.2
906.81482,482.6
906.93091,478.0
907.047,474.6
907.16309,483.6
907.27917,481.2
907.39526,480.8
907.51135,475.8
907.62738,477.8
907.74347,483.2
907.8595,478.2
907.97559,483.2
908.09161,483.4
908.2077,477.2
908.32373,479.6
908.43976,482.6
908.55579,474.2
908.67181,481.2
908.78784,483.6
908.90387,483.2
909.0199,479.2
909.13586,480.2
909.25189,481.2
909.36792,482.6
909.48389,476.6
909.59991,479.0
909.71588,481.0
909.83185,480.8
909.94788,481.0
910.06384,478.2
910.17981,478.8
910.29578,482.8
910.41174,480.8
910.52771,484.6
910.64368,477.6
910.75958,475.4
910.87555,482.0
910.99152,481.0
911.10742,480.4
911.22339,480.2
911.33929,480.2
911.4552,481.0
911.57117,477.4
911.68707,484.0
911.80298,476.6
911.91888,480.6
912.03479,478.6
912.1507,484.4
912.2666,479.8
912.38245,477.6
912.49835,477.6
912.61426,482.8
912.7301,481.4
912.84601,478.0
792.4458,607.4
792.56488,600.2
792.68396,609.2
792.8031,600.4
792.92218,589.4
793.04126,589.2
793.16034,589.8
793.27942,585.4
793.3985,579.8
793.51758,567.2
793.63672,569.2
793.7558,571.0
793.87488,571.8
793.9939,562.8
794.11298,563.6
794.23206,559.0
794.35114,557.0
794.47021,556.4
794.58929,552.4
794.70831,546.0
794.82739,554.2
794.94647,547.6
795.06549,549.2
795.18457,544.8
795.30365,546.6
795.42267,540.6
795.54175,540.4
795.66077,533.4
795.77985,536.8
795.89886,531.6
796.01794,531.4
796.13696,532.0
796.25598,532.6
796.375,529.0
796.49408,532.4
796.6131,530.4
796.73212,531.2
796.85114,528.2
796.97015,529.0
797.08923,517.8
797.20825,519.8
797.32727,523.6
797.44629,524.0
797.56531,522.0
797.68427,529.2
797.80328,520.0
797.9223,527.4
798.04132,525.8
798.16034,524.0
798.27936,521.2
798.39832,524.0
798.51733,516.8
798.63635,518.2
798.75531,520.2
798.87433,522.6
798.99329,517.2
799.1123,517.8
799.23126,515.0
799.35028,519.2
799.46924,514.2
799.58826,523.8
799.70721,517.4
799.82617,518.8
799.94519,515.2
800.06415,517.8
800.18311,519.8
800.30206,517.6
800.42102,515.8
800.54004,518.0
800.659,514.2
800.77795,517.4
800.89691,513.0
801.01587,512.4
801.13483,520.2
801.25372,523.0
801.37268,518.0
801.49164,518.2
801.6106,517.6
801.72955,517.8
801.84845,517.8
801.96741,523.0
802.08636,522.0
802.20526,517.0
802.32422,517.6
802.44318,518.6
802.56207,516.0
802.68103,518.2
802.79993,515.2
802.91882,518.4
803.03778,514.0
803.15668,514.8
803.27557,516.8
803.39453,520.0
803.51343,516.8
803.63232,518.4
803.75122,515.2
803.87012,522.6
803.98907,515.4
804.10797,524.6
804.22687,521.0
804.34576,526.8
804.46466,519.0
804.58356,521.8
804.70239,516.6
804.82129,522.2
804.94019,517.6
805.05908,518.6
805.17798,521.0
805.29681,522.4
805.41571,517.4
805.53461,522.6
805.65344,521.4
805.77234,523.0
805.89117,521.0
806.01007,524.8
806.12891,518.8
806.2478,523.4
806.36664,524.6
806.48547,517.4
806.60437,520.4
806.72321,525.2
806.84204,525.4
806.96088,523.6
807.07971,523.0
807.19861,529.4
807.31744,527.6
807.43628,522.0
807.55511,524.2
807.67395,522.0
807.79279,525.8
807.91162,523.8
808.0304,520.8
808.14923,526.2
808.26807,528.6
808.3869,528.0
808.50568,524.8
808.62451,526.4
808.74335,524.4
808.86212,527.6
808.98096,525.6
809.09979,530.4
809.21857,525.2
809.33734,528.6
809.45618,527.2
809.57495,531.4
809.69379,527.6
809.81256,525.2
809.93134,527.0
810.05011,529.6
810.16895,525.8
810.28772,528.0
810.40649,530.4
810.52527,530.2
810.64404,530.6
810.76282,530.2
810.88159,527.8
811.00037,529.0
811.11914,523.6
811.23792,524.4
811.35663,530.6
811.4754,534.4
811.59418,527.6
811.71295,534.4
811.83167,527.2
811.95044,528.0
812.06921,527.6
812.18793,530.8
812.3067,529.0
812.42542,524.6
812.54419,522.0
812.6629,533.4
812.78162,526.2
812.90039,524.6
813.0191,524.8
813.13782,531.6
813.25653,524.4
813.37524,521.8
813.49402,527.4
813.61273,528.8
813.73145,522.4
813.85016,530.8
813.96887,528.4
814.08759,523.8
814.2063,524.4
814.32495,526.6
814.44366,528.0
814.56238,527.2
814.68109,522.0
814.79974,522.0
814.91846,518.8
815.03717,518.4
815.15582,519.2
815.27454,522.6
815.39319,510.0
815.5119,521.0
815.63055,519.2
815.74927,519.6
815.86792,520.2
815.98657,520.0
816.10529,519.4
816.22394,518.4
816.34259,520.2
816.46124,524.8
816.5799,521.6
816.69855,528.8
816.8172,525.6
816.93585,523.2
817.0545,526.2
817.17316,520.0
817.29181,513.2
817.41046,516.4
817.52911,510.6
817.64771,511.2
817.76636,507.6
817.88501,508.8
818.0036,509.2
818.12225,511.2
818.24091,504.8
818.3595,505.0
818.47815,501.0
818.59674,506.4
818.71533,502.4
818.83398,504.4
818.95258,500.0
819.07117,504.0
819.18976,505.0
819.30841,502.2
819.427,502.4
819.54559,501.8
819.66418,500.0
819.78278,506.8
819.90137,502.4
820.01996,500.2
820.13855,500.2
820.25714,498.4
820.37573,497.0
820.49426,498.0
820.61285,495.6
820.73145,499.8
820.84998,492.2
820.96857,496.4
821.08716,493.0
821.20569,493.4
821.32428,492.6
821.44281,491.6
821.56134,488.4
821.67993,490.8
821.79846,494.2
821.91699,496.8
822.03558,493.6
822.15411,493.4
822.27264,497.2
822.39117,491.2
822.5097,487.2
822.62823,493.2
822.74677,496.4
822.8653,491.2
822.98383,488.0
823.10236,492.6
823.22089,486.6
823.33942,489.0
823.45789,490.0
823.57642,495.4
823.69495,492.8
823.81342,493.0
823.93195,493.2
824.05042,494.4
824.16895,493.2
824.28741,494.2
824.40594,488.6
824.52441,488.4
824.64288,491.6
824.76141,487.2
824.87988,491.0
824.99835,484.2
825.11682,486.8
825.23529,489.8
825.35376,489.8
825.47223,486.0
825.5907,490.2
825.70917,489.2
825.82764,486.0
825.94611,489.6
826.06458,485.4
826.18304,486.0
826.30145,494.6
826.41992,488.0
826.53839,482.0
826.6568,491.0
826.77527,481.4
826.89368,487.4
827.01215,486.0
827.13055,493.2
827.24902,485.0
827.36743,487.0
827.48584,483.2
827.60431,486.4
827.72272,483.8
827.84113,478.2
827.95953,478.2
828.07794,482.6
828.19635,483.6
828.31476,487.0
828.43317,478.8
828.55157,488.2
828.66998,483.8
828.78839,485.6
828.90674,479.2
829.02515,480.4
829.14355,485.4
829.2619,486.4
829.38031,483.6
829.49872,484.4
829.61707,475.6
829.73547,483.4
829.85382,482.0
829.97217,484.8
830.09058,482.6
830.20892,479.8
830.32727,482.4
830.44562,482.6
830.56403,484.2
830.68237,484.0
830.80072,487.4
830.91907,484.2
831.03741,479.0
831.15576,486.0
831.27411,480.0
831.3924,482.2
831.51074,482.8
831.62909,480.4
831.74744,483.6
831.86572,484.4
831.98407,481.8
832.10242,484.8
832.2207,484.4
832.33905,482.4
832.45734,483.4
832.57562,480.4
832.69397,478.4
832.81226,486.0
832.93054,482.0
833.04889,484.8
833.16718,478.0
833.28546,488.4
833.40375,487.0
833.52203,480.2
833.64032,480.8
833.75861,484.2
833.87689,485.8
833.99518,484.0
834.1134,485.2
834.23169,481.8
834.34998,482.4
834.46826,484.6
834.58649,480.8
834.70477,485.2
834.823,481.4
834.94128,489.6
835.05951,480.2
835.1778,486.2
835.29602,484.2
835.41425,486.8
835.53253,485.6
835.65076,483.8
835.76898,483.6
835.88721,484.0
836.00543,485.2
836.12366,488.0
836.24188,485.8
836.36011,483.8
836.47833,485.6
836.59656,487.6
836.71478,482.6
836.83295,487.4
836.95117,481.2
837.0694,492.8
837.18756,487.6
837.30579,484.2
837.42401,486.2
837.54218,486.6
837.66034,483.2
837.77856,495.0
837.89673,490.4
838.01489,486.2
838.13312,482.6
838.25128,486.6
838.36945,484.0
838.48761,486.4
838.60577,490.4
838.72394,488.8
838.8421,489.6
838.96027,489.4
839.07843,484.6
839.19659,486.6
839.31476,484.0
839.43286,488.4
839.55103,486.4
839.66919,489.2
839.78729,485.2
839.90546,488.4
840.02356,483.6
840.14172,486.0
840.25983,485.8
840.37793,487.6
840.49609,490.8
840.6142,490.4
840.7323,483.4
840.8504,486.2
840.96851,483.4
841.08661,482.8
841.20471,484.4
841.32281,487.4
841.44092,486.6
841.55902,486.4
841.67712,486.4
841.79523,488.0
841.91327,482.4
842.03137,482.6
842.14948,486.4
842.26752,483.6
842.38562,486.2
842.50366,481.0
842.62177,483.8
842.73981,481.4
842.85791,482.0
842.97595,489.4
843.09399,485.6
843.21204,485.2
843.33008,492.0
843.44818,485.0
843.56622,483.6
843.68427,485.4
843.80231,483.0
843.92029,484.8
844.03833,486.8
844.15637,487.4
844.27441,482.2
844.39246,489.4
844.51044,483.4
844.62848,485.6
844.74646,484.0
844.8645,485.4
844.98248,484.8
845.10052,481.4
845.21851,486.0
845.33649,485.0
845.45453,489.2
845.57251,490.6
845.69049,483.6
845.80847,485.4
845.92645,482.6
846.04443,485.8
846.16241,485.8
846.2804,488.0
846.39838,482.6
846.51636,484.2
846.63434,481.6
846.75226,484.2
846.87024,484.4
846.98822,483.0
847.10614,482.4
847.22412,484.6
847.34204,487.4
847.46002,485.2
847.57794,482.0
847.69586,483.4
847.81384,484.0
847.93176,485.6
848.04968,488.8
848.1676,486.6
848.28552,483.2
848.40344,481.6
848.52136,481.0
848.63928,486.8
848.7572,483.4
848.87512,485.6
848.99304,482.2
849.1109,487.4
849.22882,481.0
849.34674,488.6
849.4646,482.4
849.58252,484.2
849.70038,479.6
849.8183,485.0
849.93616,482.6
850.05402,489.6
850.17194,483.0
850.28979,480.4
850.40765,485.8
850.52551,483.2
850.64337,483.2
850.76123,484.8
850.87909,481.4
850.99695,486.6
851.11481,483.8
851.23267,487.8
851.35046,481.2
851.46832,484.0
851.58618,482.0
851.70398,491.0
851.82184,482.0
851.93964,488.0
852.0575,484.2
852.17529,494.4
852.29315,489.8
852.41095,490.2
852.52875,483.2
852.64655,487.2
852.7644,486.6
852.8822,486.0
853.0,480.8
853.1178,486.8
853.2356,483.2
853.35333,483.6
853.47113,481.6
853.58893,487.0
853.70673,484.8
853.82446,487.6
853.94226,484.4
854.06006,485.4
854.1778,482.6
854.29559,488.6
854.41333,486.4
854.53107,488.2
854.64886,487.8
854.7666,486.8
854.88434,485.8
855.00208,490.8
855.11981,487.8
855.23761,490.8
855.35535,490.4
855.47302,490.4
855.59076,488.6
855.7085,492.2
855.82623,487.4
855.94397,489.0
856.06165,484.4
856.17938,488.4
856.29712,488.0
856.41479,488.2
856.53253,488.2
856.65021,486.2
856.76788,482.8
856.88562,491.6
857.0033,481.8
857.12097,490.4
857.23865,484.8
857.35632,485.8
857.474,484.2
857.59167,482.8
857.70935,483.8
857.82703,487.8
857.9447,486.4
858.06238,483.4
858.18005,477.0
858.29767,483.4
858.41534,482.8
858.53296,484.2
858.65063,485.4
858.76825,486.8
858.88593,484.2
859.00354,485.0
859.12115,483.0
859.23883,487.2
859.35645,485.8
859.47406,489.0
859.59167,482.8
859.70929,484.2
859.8269,477.8
859.94452,482.0
860.06213,480.8
860.17975,483.8
860.29736,481.0
860.41492,481.6
860.53253,479.8
860.65009,484.4
860.7677,477.2
860.88525,484.8
861.00287,484.0
861.12042,481.2
861.23804,481.2
861.35559,484.6
861.47314,487.2
861.5907,484.2
861.70825,479.0
861.82581,477.2
861.94336,482.6
862.06091,480.8
862.17847,480.4
862.29602,479.8
862.41357,481.4
862.53113,483.0
862.64862,480.4
862.76617,480.2
862.88367,479.4
863.00122,479.0
863.11871,476.2
863.23627,480.2
863.35376,479.2
863.47125,479.6
863.58881,476.2
863.7063,481.2
863.82379,475.2
863.94128,483.0
864.05878,481.4
864.17627,480.4
864.29376,476.8
864.41125,482.4
864.52869,479.6
864.64618,482.4
864.76367,475.6
864.8811,481.0
864.9986,481.0
865.11609,481.8
865.23352,473.2
865.35095,480.6
865.46844,479.8
865.58588,480.6
865.70331,479.0
865.82074,483.2
865.93823,477.6
866.05566,478.2
866.1731,479.8
866.29053,478.6
866.4079,481.8
866.52533,482.0
866.64276,480.4
866.76019,476.2
866.87756,482.6
866.995,480.6
867.11243,480.4
867.2298,480.0
867.34723,480.0
867.4646,482.6
867.58197,484.2
867.6994,481.4
867.81677,479.6
867.93414,477.6
868.05151,480.8
868.16888,480.6
868.28625,479.6
868.40363,483.4
868.521,479.0
868.63837,483.4
868.75568,477.8
868.87305,481.2
868.99042,478.8
869.10773,481.2
869.2251,478.4
869.34241,486.4
869.45978,480.8
869.57709,480.4
869.69446,483.8
869.81177,487.0
869.92908,482.2
870.04639,484.0
870.1637,479.8
870.28101,484.4
870.39832,482.8
870.51563,481.8
870.63293,482.2
870.75024,480.8
870.86749,484.2
870.9848,477.4
871.10211,487.6
871.21936,483.4
871.33667,478.6
871.45392,484.6
871.57123,481.8
871.68848,481.6
871.80573,484.0
871.92297,486.8
872.04028,478.4
872.15753,482.4
872.27478,478.8
872.39203,478.0
872.50928,479.8
872.62646,485.8
872.74371,479.4
872.86096,479.2
872.97821,480.2
873.0954,481.8
873.21265,475.2
873.32983,484.6
873.44708,484.4
873.56427,485.2
873.68152,480.6
873.79871,481.6
873.91589,482.6
874.03308,478.6
874.15027,482.8
874.26746,484.4
874.38464,480.2
874.50183,482.6
874.61902,481.4
874.73621,484.2
874.85339,476.0
874.97052,478.6
875.08771,480.0
875.2049,478.4
875.32202,476.6
875.43921,487.2
875.55634,478.6
875.67346,483.6
875.79065,479.8
875.90778,483.2
876.0249,478.4
876.14203,483.4
876.25916,486.2
876.37628,483.6
876.49341,482.0
876.61053,483.4
876.72766,481.4
876.84473,488.4
876.96185,480.6
877.07898,482.4
877.19604,484.2
877.31317,484.2
877.43024,484.6
877.54736,479.4
877.66443,484.6
877.78149,484.6
877.89856,479.6
878.01569,485.6
878.13275,477.8
878.24982,483.6
878.36688,481.8
878.48395,483.0
878.60095,477.6
878.71802,478.6
878.83508,478.6
878.95215,480.4
879.06915,478.6
879.18622,480.4
879.30322,477.2
879.42029,483.6
879.53729,484.6
879.6543,480.4
879.77136,478.2
879.88837,480.2
880.00537,480.6
880.12238,482.4
880.23938,478.0
880.35638,481.4
880.47339,475.4
880.59039,480.8
880.70734,479.0
880.82434,478.0
880.94135,480.2
881.05829,478.0
881.17529,475.6
881.29224,481.2
881.40924,477.8
881.52618,481.8
881.64313,479.8
881.76007,479.4
881.87701,482.2
881.99402,478.0
882.11096,484.8
882.22791,478.4
882.34479,476.0
882.46173,486.4
882.57867,482.4
882.69562,481.2
882.8125,477.8
882.92944,477.8
883.04639,481.4
883.16327,482.2
883.28015,482.8
883.39709,478.8
883.51398,483.6
883.63086,479.8
883.74774,478.2
883.86462,488.0
883.98157,482.6
884.09839,481.4
884.21527,485.2
884.33215,485.4
884.44904,477.4
884.56592,481.6
884.68274,478.8
884.79962,480.8
884.9165,484.2
885.03333,488.8
885.15015,483.4
885.26703,485.6
885.38385,485.4
885.50067,489.6
885.61749,487.0
885.73438,487.0
885.8512,489.0
885.96802,489.6
886.08478,482.4
886.2016,486.0
886.31842,485.0
886.43524,486.8
886.55206,486.2
886.66882,488.0
886.78564,482.0
886.9024,486.2
887.01923,486.0
887.13599,482.4
887.25275,484.6
887.36951,480.0
887.48633,483.4
887.60309,482.8
887.71985,482.6
887.83661,485.2
887.95337,479.8
888.07007,479.8
888.18683,483.4
888.30359,481.8
888.42035,481.6
888.53705,483.8
888.65381,477.0
888.77051,481.4
888.88721,478.2
889.00397,482.0
889.12067,476.6
889.23737,483.6
889.35406,482.6
889.47083,476.8
889.58752,481.6
889.70416,483.6
889.82086,476.8
889.93756,481.0
890.05426,476.6
890.17096,480.4
890.2876,480.0
890.4043,481.8
890.52094,478.8
890.63763,478.0
890.75427,478.0
890.87091,482.2
890.98761,477.6
891.10425,483.2
891.22089,478.0
891.33752,482.0
891.45416,479.4
891.5708,480.2
891.68744,481.0
891.80408,484.0
891.92065,479.0
892.03729,476.4
892.15393,480.0
892.27051,481.8
892.38715,478.8
892.50372,479.8
892.6203,482.2
892.73694,480.0
892.85352,480.2
892.97009,481.8
893.08667,485.2
893.20325,480.4
893.31982,482.2
893.4364,482.2
893.55298,481.8
893.66956,484.4
893.78607,485.6
893.90265,486.8
894.01917,483.6
894.13574,485.2
894.25226,485.2
894.36884,485.0
894.48535,482.6
894.60187,483.4
894.71838,482.8
894.8349,484.2
894.95148,480.8
895.06793,484.8
895.18445,484.0
895.30096,480.2
895.41748,481.6
895.534,479.8
895.65045,476.0
895.76697,483.6
895.88342,486.4
895.99994,480.4
896.11639,480.2
896.23291,480.0
896.34937,481.8
896.46582,484.0
896.58228,482.2
896.69873,481.4
896.81519,479.8
896.93164,484.4
897.0481,485.0
897.16455,484.0
897.28094,482.8
897.3974,478.2
897.51385,490.0
897.63025,481.8
897.7467,483.0
897.8631,481.8
897.97949,481.8
898.09595,479.8
898.21234,482.6
898.32874,480.8
898.44513,481.6
898.56152,484.0
898.67792,478.2
898.79431,480.6
898.91064,479.6
899.02704,482.2
899.14343,476.0
899.25977,477.8
899.37616,480.8
899.49249,476.8
899.60889,475.0
899.72522,482.0
899.84155,477.8
899.95789,486.0
900.07428,479.0
900.19061,482.2
900.30695,481.6
900.42322,478.0
900.53955,478.6
900.65588,481.2
900.77222,476.4
900.88849,481.2
901.00482,480.6
901.12109,479.2
901.23743,475.8
901.3537,475.0
901.47003,478.2
901.5863,479.2
901.70258,476.8
901.81885,477.8
901.93512,482.0
902.05139,485.2
902.16766,479.0
902.28394,485.6
902.40021,479.2
902.51642,483.2
902.63269,476.4
902.7489,475.2
902.86517,477.0
902.98138,479.2
903.09766,477.0
903.21387,484.6
903.33008,480.6
903.44629,476.6
903.5625,479.4
903.67871,477.8
903.79492,474.2
903.91113,472.6
904.02734,474.2
904.14355,478.0
904.2597,474.6
904.37592,476.8
904.49207,472.6
904.60828,471.8
904.72443,472.2
904.84064,469.8
904.95679,472.4
905.07294,472.2
905.18909,472.6
905.30524,468.6
905.42139,467.0
905.53754,475.0
905.65369,468.8
905.76984,466.2
905.88593,470.0
906.00208,470.6
906.11816,472.8
906.23431,469.4
906.3504,471.2
906.46655,470.2
906.58264,465.2
906.69873,473.2
906.81482,465.0
906.93091,471.6
907.047,465.8
907.16309,470.8
907.27917,473.8
907.39526,473.8
907.51135,466.0
907.62738,469.4
907.74347,463.4
907.8595,468.8
907.97559,476.4
908.09161,468.8
908.2077,467.4
908.32373,473.0
908.43976,467.2
908.55579,469.2
908.67181,468.4
908.78784,465.4
908.90387,467.6
909.0199,475.4
909.13586,472.4
909.25189,476.8
909.36792,466.2
909.48389,467.8
909.59991,470.8
909.71588,473.6
909.83185,473.4
909.94788,473.0
910.06384,467.8
910.17981,471.6
910.29578,467.2
910.41174,469.8
910.52771,470.6
910.64368,472.8
910.75958,470.2
910.87555,465.6
910.99152,463.0
911.10742,473.0
911.22339,470.0
911.33929,469.8
911.4552,469.8
911.57117,469.4
911.68707,468.2
911.80298,469.8
911.91888,469.2
912.03479,470.8
912.1507,468.8
912.2666,471.2
912.38245,467.2
912.49835,470.8
912.61426,471.2
912.7301,471.0
912.84601,469.0
792.4458,646.2
792.56488,639.8
792.68396,642.2
792.8031,631.6
792.92218,621.0
793.04126,618.0
793.16034,625.0
793.27942,621.2
793.3985,612.0
793.51758,602.2
793.63672,594.2
793.7558,597.6
793.87488,602.2
793.9939,595.6
794.11298,594.2
794.23206,587.4
794.35114,581.2
794.47021,586.0
794.58929,576.2
794.70831,570.2
794.82739,579.2
794.94647,571.8
795.06549,570.4
795.18457,569.8
795.30365,566.0
795.42267,557.4
795.54175,555.8
795.66077,556.8
795.77985,557.0
795.89886,556.4
796.01794,551.0
796.13696,553.2
796.25598,552.4
796.375,544.6
796.49408,549.2
796.6131,547.0
796.73212,551.4
796.85114,542.4
796.97015,541.4
797.08923,538.0
797.20825,536.8
797.32727,541.6
797.44629,540.4
797.56531,544.4
797.68427,541.8
797.80328,536.2
797.9223,536.6
798.04132,538.8
798.16034,537.2
798.27936,533.8
798.39832,534.0
798.51733,530.4
798.63635,534.6
798.75531,532.2
798.87433,530.0
798.99329,526.0
799.1123,528.4
799.23126,530.4
799.35028,532.6
799.46924,533.6
799.58826,535.6
799.70721,535.2
799.82617,527.0
799.94519,526.6
800.06415,532.4
800.18311,525.6
800.30206,526.0
800.42102,526.2
800.54004,527.6
800.659,529.0
800.77795,525.2
800.89691,528.0
801.01587,526.2
801.13483,526.0
801.25372,530.2
801.37268,528.4
801.49164,527.8
801.6106,530.0
801.72955,528.0
801.84845,524.4
801.96741,528.2
802.08636,526.8
802.20526,526.4
802.32422,524.0
802.44318,531.4
802.56207,530.8
802.68103,526.6
802.79993,519.6
802.91882,523.4
803.03778,522.8
803.15668,525.4
803.27557,528.8
803.39453,526.2
803.51343,519.6
803.63232,529.2
803.75122,522.8
803.87012,524.0
803.98907,524.6
804.10797,530.0
804.22687,525.0
804.34576,524.6
804.46466,525.8
804.58356,525.6
804.70239,521.2
804.82129,527.8
804.94019,525.8
805.05908,521.2
805.17798,529.8
805.29681,534.2
805.41571,532.2
805.53461,526.0
805.65344,524.2
805.77234,528.2
805.89117,529.2
806.01007,533.2
806.12891,527.2
806.2478,532.8
806.36664,527.6
806.48547,528.4
806.60437,533.2
806.72321,527.0
806.84204,532.0
806.96088,526.4
807.07971,528.2
807.19861,531.2
807.31744,529.2
807.43628,532.6
807.55511,525.8
807.67395,525.2
807.79279,530.6
807.91162,528.0
808.0304,529.8
808.14923,527.4
808.26807,534.2
808.3869,530.2
808.50568,529.0
808.62451,531.8
808.74335,529.2
808.86212,526.6
808.98096,534.2
809.09979,533.8
809.21857,532.8
809.33734,528.6
809.45618,534.0
809.57495,535.8
809.69379,532.8
809.81256,531.0
809.93134,532.4
810.05011,527.0
810.16895,530.6
810.28772,526.8
810.40649,530.8
810.52527,534.4
810.64404,535.6
810.76282,535.4
810.88159,537.2
811.00037,535.0
811.11914,531.2
811.23792,532.2
811.35663,533.0
811.4754,531.8
811.59418,530.2
811.71295,535.0
811.83167,531.2
811.95044,533.8
812.06921,533.2
812.18793,530.8
812.3067,529.0
812.42542,531.6
812.54419,532.6
812.6629,533.6
812.78162,521.8
812.90039,521.4
813.0191,528.0
813.13782,523.6
813.25653,524.4
813.37524,526.2
813.49402,530.8
813.61273,532.4
813.73145,527.8
813.85016,533.8
813.96887,531.0
814.08759,531.4
814.2063,528.8
814.32495,535.6
814.44366,534.0
814.56238,528.0
814.68109,529.2
814.79974,529.2
814.91846,523.6
815.03717,526.8
815.15582,524.2
815.27454,526.0
815.39319,522.6
815.5119,522.6
815.63055,523.8
815.74927,528.2
815.86792,527.2
815.98657,523.8
816.10529,525.8
816.22394,526.2
816.34259,526.4
816.46124,529.8
816.5799,531.8
816.69855,526.0
816.8172,526.2
816.93585,524.2
817.0545,524.6
817.17316,519.4
817.29181,521.2
817.41046,518.6
817.52911,519.8
817.64771,520.0
817.76636,512.2
817.88501,516.0
818.0036,512.6
818.12225,519.4
818.24091,513.0
818.3595,512.2
818.47815,513.4
818.59674,511.6
818.71533,513.2
818.83398,509.2
818.95258,509.0
819.07117,510.0
819.18976,511.0
819.30841,509.0
819.427,514.4
819.54559,509.4
819.66418,513.4
819.78278,504.2
819.90137,508.2
820.01996,504.4
820.13855,508.0
820.25714,510.0
820.37573,502.6
820.49426,508.4
820.61285,507.6
820.73145,500.4
820.84998,503.4
820.96857,505.8
821.08716,502.2
821.20569,504.0
821.32428,502.8
821.44281,496.8
821.56134,502.2
821.67993,500.6
821.79846,503.6
821.91699,500.6
822.03558,500.2
822.15411,503.8
822.27264,501.4
822.39117,505.8
822.5097,499.8
822.62823,501.0
822.74677,501.6
822.8653,502.6
822.98383,499.2
823.10236,498.2
823.22089,497.2
823.33942,505.4
823.45789,500.6
823.57642,499.4
823.69495,495.0
823.81342,502.8
823.93195,492.6
824.05042,499.0
824.16895,500.6
824.28741,500.2
824.40594,500.8
824.52441,497.6
824.64288,500.8
824.76141,501.4
824.87988,493.0
824.99835,498.6
825.11682,499.0
825.23529,496.8
825.35376,502.6
825.47223,496.4
825.5907,496.2
825.70917,496.8
825.82764,496.6
825.94611,501.4
826.06458,494.0
826.18304,497.2
826.30145,494.8
826.41992,497.2
826.53839,493.8
826.6568,495.8
826.77527,497.2
826.89368,501.0
827.01215,502.6
827.13055,498.8
827.24902,492.4
827.36743,495.4
827.48584,494.2
827.60431,496.0
827.72272,489.4
827.84113,493.0
827.95953,492.0
828.07794,501.4
828.19635,489.8
828.31476,495.2
828.43317,491.8
828.55157,492.6
828.66998,492.0
828.78839,493.0
828.90674,495.4
829.02515,494.4
829.14355,496.0
829.2619,493.6
829.38031,493.0
829.49872,495.0
829.61707,491.6
829.73547,488.6
829.85382,493.0
829.97217,492.6
830.09058,490.0
830.20892,489.0
830.32727,491.4
830.44562,498.6
830.56403,490.0
830.68237,490.0
830.80072,496.8
830.91907,491.2
831.03741,493.8
831.15576,496.4
831.27411,488.4
831.3924,496.0
831.51074,492.8
831.62909,491.6
831.74744,488.0
831.86572,496.0
831.98407,493.0
832.10242,496.6
832.2207,489.8
832.33905,491.6
832.45734,490.0
832.57562,491.4
832.69397,484.8
832.81226,495.6
832.93054,493.8
833.04889,493.8
833.16718,492.4
833.28546,493.4
833.40375,496.2
833.52203,494.6
833.64032,495.2
833.75861,492.6
833.87689,495.2
833.99518,497.2
834.1134,496.0
834.23169,494.2
834.34998,492.2
834.46826,497.8
834.58649,493.6
834.70477,498.0
834.823,492.0
834.94128,494.4
835.05951,492.2
835.1778,497.2
835.29602,491.2
835.41425,498.4
835.53253,492.8
835.65076,495.6
835.76898,494.8
835.88721,495.2
836.00543,497.8
836.12366,503.2
836.24188,491.8
836.36011,490.8
836.47833,493.0
836.59656,496.4
836.71478,492.8
836.83295,497.2
836.95117,493.6
837.0694,492.4
837.18756,491.8
837.30579,493.8
837.42401,496.4
837.54218,494.4
837.66034,492.6
837.77856,496.8
837.89673,496.2
838.01489,495.0
838.13312,489.0
838.25128,497.2
838.36945,493.4
838.48761,493.4
838.60577,499.2
838.72394,496.8
838.8421,498.8
838.96027,496.0
839.07843,494.2
839.19659,495.6
839.31476,493.0
839.43286,495.4
839.55103,492.2
839.66919,503.2
839.78729,495.8
839.90546,494.8
840.02356,491.2
840.14172,498.6
840.25983,493.0
840.37793,496.8
840.49609,491.8
840.6142,494.4
840.7323,496.0
840.8504,495.4
840.96851,494.0
841.08661,496.2
841.20471,493.2
841.32281,498.2
841.44092,498.0
841.55902,499.2
841.67712,493.2
841.79523,499.6
841.91327,492.8
842.03137,496.4
842.14948,498.4
842.26752,493.2
842.38562,500.0
842.50366,498.4
842.62177,490.0
842.73981,496.6
842.85791,497.2
842.97595,499.6
843.09399,496.8
843.21204,498.6
843.33008,493.8
843.44818,498.2
843.56622,494.6
843.68427,497.0
843.80231,498.0
843.92029,499.0
844.03833,501.8
844.15637,497.0
844.27441,501.6
844.39246,502.2
844.51044,495.6
844.62848,496.2
844.74646,494.4
844.8645,492.8
844.98248,498.6
845.10052,494.6
845.21851,498.8
845.33649,497.4
845.45453,500.0
845.57251,501.6
845.69049,494.6
845.80847,496.0
845.92645,495.8
846.04443,495.8
846.16241,491.6
846.2804,495.2
846.39838,492.8
846.51636,494.8
846.63434,498.0
846.75226,501.2
846.87024,498.2
846.98822,493.4
847.10614,496.8
847.22412,499.0
847.34204,496.4
847.46002,496.4
847.57794,495.6
847.69586,503.8
847.81384,500.2
847.93176,500.2
848.04968,502.6
848.1676,494.2
848.28552,499.4
848.40344,495.8
848.52136,496.8
848.63928,496.8
848.7572,500.4
848.87512,500.0
848.99304,496.4
849.1109,493.4
849.22882,491.0
849.34674,492.0
849.4646,497.2
849.58252,491.8
849.70038,495.0
849.8183,500.2
849.93616,496.2
850.05402,498.2
850.17194,493.0
850.28979,491.4
850.40765,495.4
850.52551,500.6
850.64337,499.0
850.76123,494.4
850.87909,494.6
850.99695,494.0
851.11481,496.0
851.23267,499.8
851.35046,496.8
851.46832,490.6
851.58618,496.4
851.70398,496.8
851.82184,492.0
851.93964,498.0
852.0575,497.6
852.17529,506.4
852.29315,505.2
852.41095,500.6
852.52875,495.2
852.64655,493.0
852.7644,497.8
852.8822,494.0
853.0,495.2
853.1178,496.6
853.2356,491.4
853.35333,495.8
853.47113,499.6
853.58893,493.0
853.70673,492.2
853.82446,495.2
853.94226,498.4
854.06006,497.0
854.1778,498.2
854.29559,499.6
854.41333,496.0
854.53107,496.4
854.64886,497.8
854.7666,497.2
854.88434,498.0
855.00208,496.8
855.11981,493.2
855.23761,502.0
855.35535,501.4
855.47302,503.0
855.59076,499.2
855.7085,502.0
855.82623,502.8
855.94397,498.6
856.06165,498.4
856.17938,496.6
856.29712,493.8
856.41479,495.2
856.53253,494.0
856.65021,494.2
856.76788,496.8
856.88562,500.6
857.0033,492.0
857.12097,499.4
857.23865,496.0
857.35632,494.4
857.474,492.8
857.59167,493.8
857.70935,489.2
857.82703,493.6
857.9447,490.4
858.06238,496.8
858.18005,496.8
858.29767,495.6
858.41534,490.4
858.53296,493.8
858.65063,493.0
858.76825,498.8
858.88593,494.6
859.00354,494.2
859.12115,495.8
859.23883,494.8
859.35645,494.0
859.47406,492.4
859.59167,496.0
859.70929,491.0
859.8269,493.2
859.94452,490.8
860.06213,498.4
860.17975,495.6
860.29736,491.2
860.41492,489.6
860.53253,488.2
860.65009,493.4
860.7677,487.6
860.88525,498.8
861.00287,490.2
861.12042,494.8
861.23804,495.4
861.35559,493.6
861.47314,492.4
861.5907,498.0
861.70825,489.0
861.82581,487.8
861.94336,488.4
862.06091,487.0
862.17847,491.8
862.29602,493.0
862.41357,486.2
862.53113,490.0
862.64862,484.4
862.76617,487.8
862.88367,484.2
863.00122,486.8
863.11871,486.6
863.23627,488.6
863.35376,491.0
863.47125,491.6
863.58881,489.2
863.7063,493.2
863.82379,490.6
863.94128,488.2
864.05878,486.6
864.17627,488.0
864.29376,485.6
864.41125,489.8
864.52869,486.2
864.64618,489.0
864.76367,490.8
864.8811,486.8
864.9986,487.4
865.11609,491.2
865.23352,484.6
865.35095,489.6
865.46844,487.6
865.58588,487.0
865.70331,490.8
865.82074,490.4
865.93823,489.4
866.05566,488.8
866.1731,487.6
866.29053,489.4
866.4079,485.8
866.52533,489.2
866.64276,490.6
866.76019,486.0
866.87756,483.6
866.995,487.8
867.11243,493.2
867.2298,489.4
867.34723,488.6
867.4646,489.4
867.58197,487.8
867.6994,488.8
867.81677,491.2
867.93414,489.6
868.05151,491.8
868.16888,483.4
868.28625,487.0
868.40363,490.0
868.521,488.0
868.63837,493.0
868.75568,493.2
868.87305,490.6
868.99042,489.8
869.10773,493.0
869.2251,491.6
869.34241,494.4
869.45978,489.0
869.57709,493.6
869.69446,490.0
869.81177,494.4
869.92908,490.8
870.04639,494.2
870.1637,490.4
870.28101,494.0
870.39832,491.2
870.51563,488.4
870.63293,493.4
870.75024,495.8
870.86749,490.0
870.9848,488.6
871.10211,488.4
871.21936,496.6
871.33667,495.4
871.45392,494.8
871.57123,492.2
871.68848,486.4
871.80573,490.8
871.92297,492.4
872.04028,491.2
872.15753,492.0
872.27478,498.2
872.39203,491.8
872.50928,488.6
872.62646,490.4
872.74371,493.6
872.86096,489.8
872.97821,490.8
873.0954,491.2
873.21265,487.6
873.32983,489.2
873.44708,492.8
873.56427,493.4
873.68152,489.2
873.79871,494.4
873.91589,488.6
874.03308,493.8
874.15027,490.2
874.26746,488.8
874.38464,492.2
874.50183,490.0
874.61902,495.6
874.73621,494.8
874.85339,483.8
874.97052,500.0
875.08771,486.2
875.2049,491.2
875.32202,494.6
875.43921,492.8
875.55634,490.0
875.67346,496.0
875.79065,491.2
875.90778,495.8
876.0249,494.2
876.14203,490.8
876.25916,486.2
876.37628,493.8
876.49341,494.2
876.61053,493.0
876.72766,489.6
876.84473,497.2
876.96185,491.4
877.07898,500.8
877.19604,494.2
877.31317,495.0
877.43024,491.4
877.54736,493.0
877.66443,489.2
877.78149,489.0
877.89856,490.2
878.01569,491.2
878.13275,493.0
878.24982,489.8
878.36688,491.0
878.48395,491.2
878.60095,486.6
878.71802,480.8
878.83508,487.0
878.95215,490.0
879.06915,487.8
879.18622,488.2
879.30322,484.4
879.42029,486.6
879.53729,489.2
879.6543,485.6
879.77136,481.4
879.88837,486.4
880.00537,485.8
880.12238,489.2
880.23938,483.0
880.35638,490.0
880.47339,482.8
880.59039,486.8
880.70734,488.2
880.82434,484.2
880.94135,487.6
881.05829,479.6
881.17529,486.6
881.29224,486.8
881.40924,483.8
881.52618,485.0
881.64313,484.0
881.76007,484.0
881.87701,490.4
881.99402,485.2
882.11096,486.8
882.22791,484.8
882.34479,485.8
882.46173,489.4
882.57867,486.8
882.69562,496.6
882.8125,490.8
882.92944,490.6
883.04639,488.2
883.16327,490.2
883.28015,488.0
883.39709,488.8
883.51398,490.2
883.63086,487.0
883.74774,491.4
883.86462,491.0
883.98157,489.2
884.09839,490.8
884.21527,488.4
884.33215,489.6
884.44904,488.6
884.56592,490.4
884.68274,490.8
884.79962,495.2
884.9165,494.0
885.03333,499.2
885.15015,493.6
885.26703,494.6
885.38385,489.0
885.50067,497.8
885.61749,501.0
885.73438,498.6
885.8512,501.0
885.96802,498.2
886.08478,497.2
886.2016,497.0
886.31842,498.4
886.43524,490.6
886.55206,494.8
886.66882,497.0
886.78564,491.4
886.9024,492.2
887.01923,497.0
887.13599,488.4
887.25275,489.2
887.36951,487.6
887.48633,489.6
887.60309,492.4
887.71985,492.2
887.83661,486.2
887.95337,487.2
888.07007,481.6
888.18683,489.2
888.30359,487.6
888.42035,488.6
888.53705,488.4
888.65381,483.2
888.77051,481.2
888.88721,488.4
889.00397,484.2
889.12067,488.0
889.23737,479.0
889.35406,484.4
889.47083,483.8
889.58752,482.2
889.70416,487.6
889.82086,480.6
889.93756,487.4
890.05426,484.2
890.17096,486.8
890.2876,486.8
890.4043,483.8
890.52094,486.0
890.63763,490.2
890.75427,490.2
890.87091,486.2
890.98761,484.6
891.10425,493.0
891.22089,487.8
891.33752,487.6
891.45416,483.0
891.5708,488.2
891.68744,487.2
891.80408,489.0
891.92065,480.6
892.03729,485.6
892.15393,485.2
892.27051,488.0
892.38715,486.2
892.50372,481.4
892.6203,488.4
892.73694,490.0
892.85352,490.2
892.97009,486.8
893.08667,489.0
893.20325,486.8
893.31982,487.0
893.4364,488.8
893.55298,487.4
893.66956,490.4
893.78607,485.8
893.90265,489.8
894.01917,490.2
894.13574,488.0
894.25226,489.6
894.36884,492.8
894.48535,490.6
894.60187,490.2
894.71838,488.8
894.8349,493.6
894.95148,490.2
895.06793,491.6
895.18445,484.8
895.30096,486.8
895.41748,489.2
895.534,484.4
895.65045,486.6
895.76697,492.6
895.88342,489.6
895.99994,485.2
896.11639,490.4
896.23291,485.6
896.34937,486.8
896.46582,491.4
896.58228,484.0
896.69873,488.8
896.81519,486.6
896.93164,492.2
897.0481,489.0
897.16455,487.4
897.28094,487.8
897.3974,486.0
897.51385,492.0
897.63025,488.4
897.7467,487.2
897.8631,484.6
897.97949,489.8
898.09595,489.2
898.21234,486.6
898.32874,490.8
898.44513,486.0
898.56152,488.0
898.67792,486.6
898.79431,480.8
898.91064,486.4
899.02704,480.4
899.14343,490.4
899.25977,486.0
899.37616,485.2
899.49249,484.8
899.60889,484.2
899.72522,486.8
899.84155,484.8
899.95789,491.2
900.07428,489.8
900.19061,486.6
900.30695,484.6
900.42322,485.6
900.53955,483.2
900.65588,485.4
900.77222,484.2
900.88849,487.4
901.00482,485.2
901.12109,488.8
901.23743,484.6
901.3537,487.2
901.47003,485.0
901.5863,489.8
901.70258,482.0
901.81885,483.6
901.93512,484.8
902.05139,484.2
902.16766,488.0
902.28394,489.4
902.40021,486.0
902.51642,489.2
902.63269,483.4
902.7489,485.0
902.86517,482.4
902.98138,479.4
903.09766,484.8
903.21387,484.4
903.33008,485.8
903.44629,481.8
903.5625,485.0
903.67871,483.2
903.79492,477.8
903.91113,480.4
904.02734,479.6
904.14355,484.6
904.2597,479.8
904.37592,478.8
904.49207,478.8
904.60828,475.8
904.72443,474.4
904.84064,476.4
904.95679,474.2
905.07294,478.6
905.18909,475.2
905.30524,477.6
905.42139,475.0
905.53754,473.4
905.65369,475.8
905.76984,475.6
905.88593,474.4
906.00208,475.6
906.11816,475.8
906.23431,477.4
906.3504,474.6
906.46655,474.2
906.58264,474.2
906.69873,476.4
906.81482,474.4
906.93091,471.6
907.047,475.0
907.16309,475.2
907.27917,473.6
907.39526,473.4
907.51135,473.4
907.62738,471.4
907.74347,469.2
907.8595,473.4
907.97559,478.2
908.09161,473.6
908.2077,474.8
908.32373,472.8
908.43976,474.2
908.55579,472.4
908.67181,476.4
908.78784,474.6
908.90387,475.2
909.0199,476.6
909.13586,473.8
909.25189,476.0
909.36792,477.0
909.48389,477.6
909.59991,470.8
909.71588,472.8
909.83185,473.2
909.94788,477.0
910.06384,475.2
910.17981,471.6
910.29578,474.4
910.41174,474.8
910.52771,472.6
910.64368,480.4
910.75958,473.4
910.87555,473.6
910.99152,474.8
911.10742,470.4
911.22339,473.2
911.33929,478.4
911.4552,474.8
911.57117,474.0
911.68707,477.2
911.80298,479.4
911.91888,472.4
912.03479,474.8
912.1507,476.8
912.2666,476.2
912.38245,479.4
912.49835,475.4
912.61426,474.2
912.7301,476.2
912.84601,472.0
792.4458,1678.8
792.56488,1605.4
792.68396,1599.4
792.8031,1606.8
792.92218,1593.0
793.04126,1568.4
793.16034,1575.6
793.27942,1571.4
793.3985,1563.2
793.51758,1536.0
793.63672,1508.6
793.7558,1507.4
793.87488,1512.6
793.9939,1494.0
794.11298,1492.0
794.23206,1492.2
794.35114,1479.2
794.47021,1465.0
794.58929,1463.2
794.70831,1456.0
794.82739,1437.4
794.94647,1444.8
795.06549,1432.6
795.18457,1432.8
795.30365,1417.8
795.42267,1398.0
795.54175,1389.4
795.66077,1408.0
795.77985,1402.0
795.89886,1401.4
796.01794,1409.2
796.13696,1394.8
796.25598,1404.6
796.375,1373.6
796.49408,1379.0
796.6131,1375.6
796.73212,1385.8
796.85114,1367.8
796.97015,1356.2
797.08923,1346.6
797.20825,1352.2
797.32727,1358.0
797.44629,1345.4
797.56531,1348.8
797.68427,1341.2
797.80328,1353.0
797.9223,1344.6
798.04132,1330.8
798.16034,1339.0
798.27936,1346.0
798.39832,1337.8
798.51733,1317.4
798.63635,1324.4
798.75531,1327.0
798.87433,1304.2
798.99329,1305.4
799.1123,1313.4
799.23126,1307.4
799.35028,1322.4
799.46924,1325.2
799.58826,1318.4
799.70721,1318.4
799.82617,1307.0
799.94519,1309.0
800.06415,1318.8
800.18311,1316.4
800.30206,1313.0
800.42102,1302.4
800.54004,1319.4
800.659,1318.2
800.77795,1312.0
800.89691,1307.8
801.01587,1307.4
801.13483,1307.2
801.25372,1299.8
801.37268,1304.0
801.49164,1317.4
801.6106,1321.2
801.72955,1309.8
801.84845,1311.6
801.96741,1317.6
802.08636,1302.6
802.20526,1303.0
802.32422,1308.4
802.44318,1309.2
802.56207,1315.2
802.68103,1307.4
802.79993,1308.6
802.91882,1289.6
803.03778,1289.2
803.15668,1305.8
803.27557,1308.2
803.39453,1310.8
803.51343,1312.0
803.63232,1310.2
803.75122,1299.4
803.87012,1298.6
803.98907,1296.2
804.10797,1288.4
804.22687,1289.0
804.34576,1300.0
804.46466,1285.4
804.58356,1297.6
804.70239,1301.8
804.82129,1294.0
804.94019,1303.2
805.05908,1300.6
805.17798,1308.4
805.29681,1301.0
805.41571,1310.6
805.53461,1305.4
805.65344,1300.0
805.77234,1322.2
805.89117,1314.8
806.01007,1322.4
806.12891,1327.2
806.2478,1317.0
806.36664,1316.2
806.48547,1307.0
806.60437,1306.0
806.72321,1312.6
806.84204,1323.2
806.96088,1310.6
807.07971,1307.6
807.19861,1312.0
807.31744,1319.4
807.43628,1320.0
807.55511,1312.4
807.67395,1310.0
807.79279,1301.2
807.91162,1312.2
808.0304,1312.8
808.14923,1319.6
808.26807,1318.4
808.3869,1319.0
808.50568,1333.4
808.62451,1315.4
808.74335,1324.6
808.86212,1321.0
808.98096,1326.2
809.09979,1305.6
809.21857,1304.4
809.33734,1297.8
809.45618,1309.8
809.57495,1321.0
809.69379,1320.2
809.81256,1306.0
809.93134,1305.8
810.05011,1290.4
810.16895,1283.6
810.28772,1284.8
810.40649,1291.2
810.52527,1296.4
810.64404,1292.0
810.76282,1304.8
810.88159,1292.2
811.00037,1292.2
811.11914,1274.8
811.23792,1260.4
811.35663,1280.8
811.4754,1284.4
811.59418,1287.8
811.71295,1295.0
811.83167,1284.2
811.95044,1293.4
812.06921,1283.6
812.18793,1289.0
812.3067,1281.2
812.42542,1285.2
812.54419,1293.8
812.6629,1294.2
812.78162,1271.0
812.90039,1272.0
813.0191,1256.4
813.13782,1250.8
813.25653,1251.6
813.37524,1262.6
813.49402,1261.4
813.61273,1271.4
813.73145,1259.2
813.85016,1268.0
813.96887,1262.4
814.08759,1262.0
814.2063,1259.8
814.32495,1270.2
814.44366,1268.4
814.56238,1248.0
814.68109,1248.2
814.79974,1258.8
814.91846,1241.8
815.03717,1252.4
815.15582,1254.0
815.27454,1265.4
815.39319,1245.0
815.5119,1251.6
815.63055,1233.6
815.74927,1245.0
815.86792,1239.0
815.98657,1256.2
816.10529,1242.8
816.22394,1250.2
816.34259,1253.0
816.46124,1268.0
816.5799,1257.0
816.69855,1262.4
816.8172,1260.6
816.93585,1259.0
817.0545,1262.8
817.17316,1245.2
817.29181,1251.0
817.41046,1253.8
817.52911,1259.4
817.64771,1242.2
817.76636,1229.0
817.88501,1231.2
818.0036,1236.2
818.12225,1246.0
818.24091,1237.6
818.3595,1242.2
818.47815,1246.4
818.59674,1239.4
818.71533,1236.6
818.83398,1242.0
818.95258,1226.0
819.07117,1230.0
819.18976,1234.2
819.30841,1236.4
819.427,1244.4
819.54559,1257.4
819.66418,1247.6
819.78278,1252.8
819.90137,1245.0
820.01996,1241.0
820.13855,1243.4
820.25714,1237.4
820.37573,1230.0
820.49426,1231.8
820.61285,1236.8
820.73145,1235.0
820.84998,1219.0
820.96857,1212.2
821.08716,1211.4
821.20569,1219.4
821.32428,1207.2
821.44281,1215.4
821.56134,1214.2
821.67993,1214.6
821.79846,1212.8
821.91699,1203.6
822.03558,1202.4
822.15411,1208.6
822.27264,1199.4
822.39117,1204.4
822.5097,1204.8
822.62823,1204.0
822.74677,1203.2
822.8653,1207.2
822.98383,1207.4
823.10236,1211.0
823.22089,1203.0
823.33942,1209.6
823.45789,1209.2
823.57642,1217.6
823.69495,1211.2
823.81342,1212.8
823.93195,1204.8
824.05042,1213.2
824.16895,1212.8
824.28741,1210.2
824.40594,1194.8
824.52441,1200.8
824.64288,1200.0
824.76141,1200.8
824.87988,1203.6
824.99835,1213.2
825.11682,1211.8
825.23529,1202.6
825.35376,1202.0
825.47223,1208.4
825.5907,1202.6
825.70917,1206.0
825.82764,1201.0
825.94611,1204.6
826.06458,1198.8
826.18304,1192.8
826.30145,1198.8
826.41992,1196.2
826.53839,1200.6
826.6568,1209.0
826.77527,1202.2
826.89368,1201.2
827.01215,1199.6
827.13055,1200.4
827.24902,1205.6
827.36743,1191.6
827.48584,1205.8
827.60431,1188.0
827.72272,1193.6
827.84113,1192.8
827.95953,1187.6
828.07794,1189.2
828.19635,1184.8
828.31476,1188.6
828.43317,1172.4
828.55157,1177.4
828.66998,1173.2
828.78839,1187.4
828.90674,1196.0
829.02515,1192.2
829.14355,1189.2
829.2619,1191.6
829.38031,1172.8
829.49872,1178.8
829.61707,1170.4
829.73547,1171.2
829.85382,1162.0
829.97217,1159.2
830.09058,1165.2
830.20892,1177.0
830.32727,1177.6
830.44562,1181.6
830.56403,1159.2
830.68237,1164.0
830.80072,1164.4
830.91907,1158.0
831.03741,1154.4
831.15576,1156.6
831.27411,1155.2
831.3924,1156.0
831.51074,1157.2
831.62909,1151.2
831.74744,1162.6
831.86572,1157.2
831.98407,1172.0
832.10242,1165.4
832.2207,1159.8
832.33905,1162.0
832.45734,1164.6
832.57562,1160.2
832.69397,1164.4
832.81226,1162.0
832.93054,1154.4
833.04889,1153.8
833.16718,1160.4
833.28546,1154.0
833.40375,1157.2
833.52203,1157.0
833.64032,1146.8
833.75861,1158.4
833.87689,1151.8
833.99518,1167.8
834.1134,1171.0
834.23169,1169.4
834.34998,1163.6
834.46826,1153.2
834.58649,1153.4
834.70477,1146.0
834.823,1144.4
834.94128,1159.2
835.05951,1145.6
835.1778,1155.2
835.29602,1150.0
835.41425,1156.6
835.53253,1142.6
835.65076,1148.0
835.76898,1169.0
835.88721,1167.4
836.00543,1168.6
836.12366,1165.2
836.24188,1145.8
836.36011,1145.0
836.47833,1156.6
836.59656,1150.2
836.71478,1143.6
836.83295,1150.8
836.95117,1152.8
837.0694,1159.8
837.18756,1141.6
837.30579,1150.0
837.42401,1154.0
837.54218,1157.6
837.66034,1139.4
837.77856,1145.8
837.89673,1149.4
838.01489,1142.2
838.13312,1147.8
838.25128,1144.8
838.36945,1143.2
838.48761,1143.0
838.60577,1150.0
838.72394,1149.8
838.8421,1148.6
838.96027,1142.2
839.07843,1137.0
839.19659,1128.0
839.31476,1141.2
839.43286,1134.2
839.55103,1140.2
839.66919,1144.0
839.78729,1130.4
839.90546,1131.2
840.02356,1124.4
840.14172,1124.2
840.25983,1129.2
840.37793,1131.0
840.49609,1122.6
840.6142,1126.2
840.7323,1130.8
840.8504,1126.0
840.96851,1128.6
841.08661,1126.6
841.20471,1126.6
841.32281,1131.2
841.44092,1127.0
841.55902,1118.8
841.67712,1112.8
841.79523,1124.8
841.91327,1120.2
842.03137,1128.4
842.14948,1131.8
842.26752,1128.8
842.38562,1124.2
842.50366,1115.8
842.62177,1117.8
842.73981,1123.4
842.85791,1117.0
842.97595,1131.0
843.09399,1135.0
843.21204,1138.2
843.33008,1135.4
843.44818,1126.0
843.56622,1122.8
843.68427,1129.4
843.80231,1127.0
843.92029,1142.6
844.03833,1139.8
844.15637,1133.0
844.27441,1130.4
844.39246,1139.0
844.51044,1132.4
844.62848,1125.4
844.74646,1137.4
844.8645,1121.0
844.98248,1132.8
845.10052,1136.8
845.21851,1135.0
845.33649,1127.0
845.45453,1129.6
845.57251,1131.8
845.69049,1129.8
845.80847,1134.6
845.92645,1138.6
846.04443,1136.8
846.16241,1126.4
846.2804,1121.4
846.39838,1123.4
846.51636,1131.6
846.63434,1140.0
846.75226,1145.2
846.87024,1146.8
846.98822,1133.0
847.10614,1132.8
847.22412,1125.0
847.34204,1119.6
847.46002,1117.4
847.57794,1124.8
847.69586,1119.2
847.81384,1122.2
847.93176,1123.8
848.04968,1134.8
848.1676,1131.0
848.28552,1115.4
848.40344,1121.8
848.52136,1124.4
848.63928,1120.2
848.7572,1115.8
848.87512,1121.6
848.99304,1120.0
849.1109,1106.2
849.22882,1100.2
849.34674,1108.0
849.4646,1099.4
849.58252,1099.2
849.70038,1108.0
849.8183,1103.0
849.93616,1090.6
850.05402,1094.6
850.17194,1090.8
850.28979,1097.4
850.40765,1091.6
850.52551,1100.8
850.64337,1098.6
850.76123,1100.4
850.87909,1087.2
850.99695,1090.6
851.11481,1095.8
851.23267,1095.2
851.35046,1095.8
851.46832,1073.8
851.58618,1087.0
851.70398,1098.2
851.82184,1091.8
851.93964,1108.4
852.0575,1117.0
852.17529,1117.4
852.29315,1111.4
852.41095,1100.6
852.52875,1087.8
852.64655,1079.4
852.7644,1076.8
852.8822,1074.4
853.0,1075.0
853.1178,1084.0
853.2356,1080.4
853.35333,1077.4
853.47113,1084.6
853.58893,1085.0
853.70673,1088.0
853.82446,1089.6
853.94226,1086.0
854.06006,1089.4
854.1778,1098.8
854.29559,1095.0
854.41333,1098.2
854.53107,1103.4
854.64886,1104.6
854.7666,1096.2
854.88434,1092.4
855.00208,1082.4
855.11981,1090.2
855.23761,1097.2
855.35535,1106.2
855.47302,1104.2
855.59076,1105.4
855.7085,1094.4
855.82623,1083.8
855.94397,1099.6
856.06165,1086.8
856.17938,1097.6
856.29712,1091.4
856.41479,1089.4
856.53253,1083.4
856.65021,1077.0
856.76788,1072.6
856.88562,1086.2
857.0033,1099.4
857.12097,1080.0
857.23865,1078.6
857.35632,1075.0
857.474,1071.0
857.59167,1072.4
857.70935,1072.0
857.82703,1077.0
857.9447,1078.8
858.06238,1069.2
858.18005,1065.8
858.29767,1068.4
858.41534,1067.0
858.53296,1063.2
858.65063,1074.0
858.76825,1087.0
858.88593,1078.4
859.00354,1073.8
859.12115,1072.0
859.23883,1074.2
859.35645,1065.8
859.47406,1074.2
859.59167,1059.6
859.70929,1062.0
859.8269,1067.0
859.94452,1064.0
860.06213,1062.4
860.17975,1062.2
860.29736,1048.0
860.41492,1045.6
860.53253,1044.6
860.65009,1043.2
860.7677,1042.2
860.88525,1053.0
861.00287,1044.4
861.12042,1049.2
861.23804,1051.4
861.35559,1053.0
861.47314,1052.2
861.5907,1047.4
861.70825,1031.8
861.82581,1049.4
861.94336,1027.8
862.06091,1021.6
862.17847,1024.2
862.29602,1024.8
862.41357,1024.4
862.53113,1021.4
862.64862,1028.8
862.76617,1028.0
862.88367,1019.0
863.00122,1027.0
863.11871,1034.2
863.23627,1031.6
863.35376,1026.0
863.47125,1031.6
863.58881,1038.8
863.7063,1038.8
863.82379,1028.4
863.94128,1027.4
864.05878,1014.4
864.17627,1022.0
864.29376,1022.6
864.41125,1019.4
864.52869,1018.6
864.64618,1016.6
864.76367,1021.0
864.8811,1018.2
864.9986,1013.2
865.11609,1015.2
865.23352,1018.4
865.35095,1017.8
865.46844,1019.2
865.58588,1014.4
865.70331,1022.4
865.82074,1035.2
865.93823,1021.0
866.05566,1023.2
866.1731,1016.6
866.29053,1009.0
866.4079,1020.2
866.52533,1017.4
866.64276,1024.4
866.76019,1020.0
866.87756,1020.8
866.995,1029.6
867.11243,1012.6
867.2298,1009.2
867.34723,1004.4
867.4646,1013.2
867.58197,1015.0
867.6994,1019.6
867.81677,1015.2
867.93414,1023.6
868.05151,1016.4
868.16888,1021.6
868.28625,1015.4
868.40363,1000.4
868.521,1024.0
868.63837,1015.2
868.75568,1030.2
868.87305,1024.2
868.99042,1019.2
869.10773,1009.6
869.2251,1010.2
869.34241,1014.8
869.45978,1007.2
869.57709,1016.8
869.69446,989.2
869.81177,1003.4
869.92908,1013.0
870.04639,1032.0
870.1637,1010.4
870.28101,1017.4
870.39832,1018.0
870.51563,1013.4
870.63293,1014.0
870.75024,1015.2
870.86749,1014.6
870.9848,1013.8
871.10211,1015.6
871.21936,1018.0
871.33667,1016.8
871.45392,1017.0
871.57123,1005.4
871.68848,994.8
871.80573,997.2
871.92297,1001.2
872.04028,998.2
872.15753,991.2
872.27478,996.2
872.39203,997.0
872.50928,1008.4
872.62646,995.0
872.74371,1001.0
872.86096,1002.0
872.97821,994.4
873.0954,997.8
873.21265,984.0
873.32983,993.8
873.44708,996.4
873.56427,990.8
873.68152,984.6
873.79871,987.2
873.91589,984.0
874.03308,980.4
874.15027,982.4
874.26746,985.8
874.38464,977.8
874.50183,982.0
874.61902,992.4
874.73621,996.8
874.85339,988.2
874.97052,991.8
875.08771,981.6
875.2049,985.0
875.32202,986.0
875.43921,993.8
875.55634,992.0
875.67346,991.4
875.79065,986.8
875.90778,997.4
876.0249,995.2
876.14203,986.8
876.25916,979.2
876.37628,981.2
876.49341,984.6
876.61053,988.8
876.72766,990.0
876.84473,990.4
876.96185,993.4
877.07898,992.4
877.19604,986.2
877.31317,992.0
877.43024,987.2
877.54736,980.6
877.66443,980.4
877.78149,980.8
877.89856,972.2
878.01569,982.6
878.13275,965.2
878.24982,967.2
878.36688,966.2
878.48395,969.4
878.60095,966.8
878.71802,958.6
878.83508,958.4
878.95215,964.6
879.06915,948.6
879.18622,962.6
879.30322,963.6
879.42029,955.4
879.53729,961.2
879.6543,952.0
879.77136,960.8
879.88837,967.4
880.00537,969.8
880.12238,953.0
880.23938,946.6
880.35638,955.4
880.47339,954.4
880.59039,954.0
880.70734,950.0
880.82434,961.4
880.94135,957.8
881.05829,951.4
881.17529,939.2
881.29224,953.0
881.40924,950.0
881.52618,948.2
881.64313,947.2
881.76007,942.8
881.87701,945.8
881.99402,943.4
882.11096,949.8
882.22791,935.4
882.34479,935.4
882.46173,937.8
882.57867,933.2
882.69562,942.8
882.8125,945.0
882.92944,953.6
883.04639,944.6
883.16327,953.0
883.28015,938.4
883.39709,939.8
883.51398,945.8
883.63086,940.6
883.74774,936.6
883.86462,942.6
883.98157,933.4
884.09839,943.4
884.21527,946.0
884.33215,939.8
884.44904,935.2
884.56592,938.4
884.68274,950.8
884.79962,944.2
884.9165,950.0
885.03333,953.2
885.15015,949.4
885.26703,950.8
885.38385,947.2
885.50067,959.8
885.61749,967.2
885.73438,970.0
885.8512,963.4
885.96802,966.6
886.08478,950.6
886.2016,946.0
886.31842,946.2
886.43524,940.2
886.55206,933.4
886.66882,933.8
886.78564,930.4
886.9024,928.8
887.01923,911.0
887.13599,923.8
887.25275,912.2
887.36951,925.0
887.48633,926.4
887.60309,920.6
887.71985,913.0
887.83661,912.4
887.95337,905.8
888.07007,904.8
888.18683,916.6
888.30359,923.4
888.42035,909.4
888.53705,914.8
888.65381,899.0
888.77051,910.4
888.88721,900.4
889.00397,891.8
889.12067,886.4
889.23737,892.8
889.35406,882.6
889.47083,890.2
889.58752,887.0
889.70416,892.8
889.82086,892.2
889.93756,893.0
890.05426,877.4
890.17096,891.6
890.2876,890.6
890.4043,894.0
890.52094,897.2
890.63763,888.6
890.75427,897.0
890.87091,891.6
890.98761,889.2
891.10425,887.4
891.22089,896.4
891.33752,896.4
891.45416,887.2
891.5708,884.8
891.68744,868.2
891.80408,878.0
891.92065,879.2
892.03729,883.6
892.15393,877.0
892.27051,879.8
892.38715,870.0
892.50372,877.8
892.6203,875.0
892.73694,883.4
892.85352,879.4
892.97009,882.6
893.08667,887.0
893.20325,895.0
893.31982,888.4
893.4364,892.0
893.55298,881.8
893.66956,879.4
893.78607,868.2
893.90265,874.2
894.01917,870.6
894.13574,871.0
894.25226,872.2
894.36884,863.2
894.48535,869.6
894.60187,864.8
894.71838,879.6
894.8349,882.0
894.95148,885.0
895.06793,885.8
895.18445,882.8
895.30096,881.4
895.41748,885.2
895.534,882.4
895.65045,877.6
895.76697,872.0
895.88342,869.6
895.99994,862.2
896.11639,860.4
896.23291,848.2
896.34937,860.0
896.46582,863.6
896.58228,863.4
896.69873,860.2
896.81519,859.8
896.93164,862.0
897.0481,862.8
897.16455,868.4
897.28094,877.4
897.3974,871.4
897.51385,879.4
897.63025,878.6
897.7467,868.8
897.8631,871.2
897.97949,863.6
898.09595,860.6
898.21234,860.0
898.32874,854.6
898.44513,852.8
898.56152,847.2
898.67792,840.6
898.79431,840.4
898.91064,841.6
899.02704,837.6
899.14343,842.8
899.25977,840.4
899.37616,834.0
899.49249,837.6
899.60889,841.6
899.72522,847.4
899.84155,851.6
899.95789,852.8
900.07428,846.6
900.19061,856.4
900.30695,850.8
900.42322,845.8
900.53955,845.0
900.65588,848.8
900.77222,840.2
900.88849,848.2
901.00482,843.0
901.12109,833.4
901.23743,829.2
901.3537,827.4
901.47003,827.8
901.5863,829.0
901.70258,829.8
901.81885,833.6
901.93512,828.6
902.05139,833.6
902.16766,835.0
902.28394,843.8
902.40021,837.2
902.51642,846.2
902.63269,835.8
902.7489,844.4
902.86517,836.0
902.98138,838.0
903.09766,838.0
903.21387,850.8
903.33008,844.0
903.44629,843.0
903.5625,836.6
903.67871,832.6
903.79492,831.8
903.91113,818.4
904.02734,814.8
904.14355,815.2
904.2597,818.4
904.37592,811.0
904.49207,807.2
904.60828,805.2
904.72443,801.0
904.84064,811.6
904.95679,814.2
905.07294,822.6
905.18909,816.8
905.30524,817.2
905.42139,818.2
905.53754,812.6
905.65369,814.2
905.76984,802.4
905.88593,809.4
906.00208,809.2
906.11816,808.2
906.23431,793.8
906.3504,774.0
906.46655,777.2
906.58264,766.8
906.69873,774.6
906.81482,776.4
906.93091,780.2
907.047,780.6
907.16309,783.6
907.27917,786.2
907.39526,778.8
907.51135,778.0
907.62738,783.2
907.74347,785.4
907.8595,779.0
907.97559,789.6
908.09161,782.6
908.2077,787.2
908.32373,779.4
908.43976,779.0
908.55579,767.2
908.67181,769.8
908.78784,775.0
908.90387,774.4
909.0199,766.8
909.13586,763.6
909.25189,762.8
909.36792,763.0
909.48389,769.4
909.59991,757.2
909.71588,771.6
909.83185,773.0
909.94788,774.6
910.06384,763.0
910.17981,766.2
910.29578,771.0
910.41174,774.2
910.52771,775.2
910.64368,767.2
910.75958,758.0
910.87555,762.2
910.99152,763.0
911.10742,761.6
911.22339,754.6
911.33929,761.4
911.4552,755.0
911.57117,752.4
911.68707,756.0
911.80298,751.4
911.91888,751.2
912.03479,757.2
912.1507,749.4
912.2666,747.0
912.38245,748.2
912.49835,750.6
912.61426,756.2
912.7301,755.0
912.84601,756.6
792.4458,650.0
792.56488,645.2
792.68396,646.0
792.8031,640.4
792.92218,626.6
793.04126,621.6
793.16034,622.6
793.27942,617.4
793.3985,615.8
793.51758,604.4
793.63672,602.4
793.7558,600.6
793.87488,601.2
793.9939,596.0
794.11298,591.0
794.23206,586.0
794.35114,582.6
794.47021,581.8
794.58929,582.0
794.70831,573.4
794.82739,575.6
794.94647,565.2
795.06549,571.4
795.18457,563.8
795.30365,568.2
795.42267,560.6
795.54175,558.0
795.66077,558.4
795.77985,550.6
795.89886,552.6
796.01794,556.2
796.13696,553.8
796.25598,552.4
796.375,549.2
796.49408,543.0
796.6131,541.0
796.73212,545.8
796.85114,546.4
796.97015,547.8
797.08923,535.0
797.20825,539.6
797.32727,543.8
797.44629,538.4
797.56531,534.8
797.68427,534.2
797.80328,535.8
797.9223,536.8
798.04132,535.6
798.16034,531.6
798.27936,535.4
798.39832,532.4
798.51733,530.4
798.63635,528.4
798.75531,532.8
798.87433,527.6
798.99329,526.0
799.1123,530.4
799.23126,528.2
799.35028,529.0
799.46924,529.8
799.58826,531.2
799.70721,529.6
799.82617,526.4
799.94519,525.4
800.06415,524.8
800.18311,524.4
800.30206,522.6
800.42102,525.2
800.54004,526.2
800.659,526.0
800.77795,526.8
800.89691,525.8
801.01587,523.0
801.13483,527.4
801.25372,522.2
801.37268,522.0
801.49164,525.0
801.6106,517.4
801.72955,523.2
801.84845,520.4
801.96741,526.4
802.08636,520.6
802.20526,520.6
802.32422,519.2
802.44318,526.0
802.56207,519.2
802.68103,525.0
802.79993,518.6
802.91882,517.8
803.03778,519.0
803.15668,522.8
803.27557,520.4
803.39453,526.4
803.51343,523.4
803.63232,523.8
803.75122,519.2
803.87012,523.2
803.98907,517.4
804.10797,523.6
804.22687,516.6
804.34576,520.0
804.46466,515.8
804.58356,526.8
804.70239,520.6
804.82129,523.2
804.94019,519.0
805.05908,522.2
805.17798,524.6
805.29681,524.2
805.41571,523.8
805.53461,524.8
805.65344,521.6
805.77234,530.0
805.89117,523.8
806.01007,523.8
806.12891,529.6
806.2478,528.8
806.36664,522.0
806.48547,525.0
806.60437,521.0
806.72321,528.0
806.84204,524.8
806.96088,526.6
807.07971,519.2
807.19861,525.2
807.31744,526.8
807.43628,523.8
807.55511,524.0
807.67395,526.4
807.79279,527.6
807.91162,531.8
808.0304,526.0
808.14923,530.2
808.26807,523.8
808.3869,529.6
808.50568,528.6
808.62451,530.0
808.74335,528.2
808.86212,525.6
808.98096,530.2
809.09979,529.2
809.21857,530.2
809.33734,529.0
809.45618,528.8
809.57495,529.6
809.69379,528.4
809.81256,533.0
809.93134,531.2
810.05011,526.8
810.16895,525.6
810.28772,525.6
810.40649,527.6
810.52527,528.8
810.64404,529.4
810.76282,531.8
810.88159,534.0
811.00037,532.0
811.11914,529.4
811.23792,529.0
811.35663,524.8
811.4754,528.6
811.59418,523.0
811.71295,533.0
811.83167,530.8
811.95044,525.8
812.06921,529.2
812.18793,527.0
812.3067,526.4
812.42542,526.4
812.54419,526.6
812.6629,529.4
812.78162,521.0
812.90039,525.0
813.0191,525.8
813.13782,525.4
813.25653,523.2
813.37524,522.8
813.49402,523.4
813.61273,524.8
813.73145,526.2
813.85016,527.2
813.96887,521.0
814.08759,521.8
814.2063,525.8
814.32495,523.0
814.44366,525.0
814.56238,524.4
814.68109,520.6
814.79974,522.4
814.91846,525.4
815.03717,522.0
815.15582,520.6
815.27454,524.6
815.39319,516.4
815.5119,520.4
815.63055,519.8
815.74927,517.8
815.86792,522.4
815.98657,521.0
816.10529,520.6
816.22394,521.2
816.34259,520.2
816.46124,523.4
816.5799,523.6
816.69855,529.4
816.8172,526.8
816.93585,523.4
817.0545,522.0
817.17316,513.8
817.29181,515.6
817.41046,516.8
817.52911,512.0
817.64771,519.2
817.76636,514.0
817.88501,513.6
818.0036,514.4
818.12225,517.6
818.24091,509.2
818.3595,508.0
818.47815,515.6
818.59674,516.2
818.71533,505.2
818.83398,506.4
818.95258,506.8
819.07117,507.4
819.18976,504.2
819.30841,509.2
819.427,506.0
819.54559,507.0
819.66418,505.4
819.78278,508.4
819.90137,506.6
820.01996,508.0
820.13855,501.2
820.25714,504.0
820.37573,506.4
820.49426,509.4
820.61285,505.4
820.73145,502.8
820.84998,501.4
820.96857,502.6
821.08716,502.0
821.20569,503.6
821.32428,502.6
821.44281,499.8
821.56134,501.0
821.67993,500.6
821.79846,503.6
821.91699,502.0
822.03558,499.0
822.15411,502.2
822.27264,504.2
822.39117,499.4
822.5097,500.4
822.62823,502.4
822.74677,503.2
822.8653,494.4
822.98383,500.2
823.10236,501.0
823.22089,496.8
823.33942,500.4
823.45789,494.4
823.57642,499.2
823.69495,499.0
823.81342,498.4
823.93195,496.6
824.05042,496.8
824.16895,498.8
824.28741,504.0
824.40594,495.6
824.52441,496.8
824.64288,495.8
824.76141,494.6
824.87988,489.0
824.99835,494.2
825.11682,493.0
825.23529,501.2
825.35376,493.6
825.47223,495.4
825.5907,500.8
825.70917,493.6
825.82764,499.4
825.94611,498.6
826.06458,494.6
826.18304,493.2
826.30145,496.4
826.41992,495.0
826.53839,491.2
826.6568,492.6
826.77527,497.4
826.89368,495.2
827.01215,493.4
827.13055,490.0
827.24902,495.0
827.36743,490.6
827.48584,494.2
827.60431,494.0
827.72272,489.4
827.84113,494.8
827.95953,489.0
828.07794,496.6
828.19635,488.4
828.31476,489.2
828.43317,485.0
828.55157,494.6
828.66998,492.6
828.78839,490.2
828.90674,488.6
829.02515,494.2
829.14355,493.8
829.2619,492.0
829.38031,492.4
829.49872,489.8
829.61707,488.0
829.73547,485.2
829.85382,492.8
829.97217,490.4
830.09058,488.8
830.20892,487.2
830.32727,491.4
830.44562,490.4
830.56403,490.4
830.68237,490.8
830.80072,488.0
830.91907,492.6
831.03741,490.6
831.15576,495.0
831.27411,490.6
831.3924,489.8
831.51074,490.6
831.62909,489.6
831.74744,490.2
831.86572,490.0
831.98407,489.6
832.10242,493.8
832.2207,490.0
832.33905,493.0
832.45734,493.6
832.57562,488.4
832.69397,487.4
832.81226,489.6
832.93054,490.2
833.04889,491.6
833.16718,490.4
833.28546,496.2
833.40375,497.2
833.52203,489.8
833.64032,489.2
833.75861,491.0
833.87689,489.8
833.99518,493.8
834.1134,491.0
834.23169,491.4
834.34998,495.2
834.46826,489.8
834.58649,495.4
834.70477,494.8
834.823,491.0
834.94128,501.6
835.05951,495.2
835.1778,494.0
835.29602,488.2
835.41425,494.2
835.53253,495.6
835.65076,489.0
835.76898,488.8
835.88721,496.4
836.00543,492.4
836.12366,490.6
836.24188,486.8
836.36011,494.6
836.47833,492.8
836.59656,493.8
836.71478,493.4
836.83295,494.2
836.95117,492.0
837.0694,495.2
837.18756,490.6
837.30579,496.4
837.42401,494.6
837.54218,496.2
837.66034,491.8
837.77856,495.8
837.89673,495.0
838.01489,496.0
838.13312,490.0
838.25128,496.0
838.36945,496.6
838.48761,494.4
838.60577,491.2
838.72394,497.0
838.8421,495.0
838.96027,498.2
839.07843,492.0
839.19659,493.0
839.31476,494.6
839.43286,497.0
839.55103,494.8
839.66919,499.2
839.78729,490.0
839.90546,498.8
840.02356,492.0
840.14172,492.4
840.25983,490.4
840.37793,496.8
840.49609,492.4
840.6142,498.8
840.7323,498.6
840.8504,496.2
840.96851,496.0
841.08661,496.4
841.20471,497.4
841.32281,500.0
841.44092,497.2
841.55902,495.4
841.67712,491.8
841.79523,500.4
841.91327,494.2
842.03137,492.0
842.14948,497.4
842.26752,494.0
842.38562,494.6
842.50366,492.8
842.62177,495.6
842.73981,491.6
842.85791,496.8
842.97595,496.4
843.09399,494.0
843.21204,499.6
843.33008,490.8
843.44818,500.6
843.56622,495.6
843.68427,497.0
843.80231,494.0
843.92029,497.8
844.03833,501.6
844.15637,492.6
844.27441,496.0
844.39246,498.2
844.51044,495.2
844.62848,495.8
844.74646,494.8
844.8645,497.2
844.98248,493.8
845.10052,495.4
845.21851,496.6
845.33649,501.6
845.45453,494.6
845.57251,502.6
845.69049,490.2
845.80847,496.6
845.92645,497.0
846.04443,492.6
846.16241,500.6
846.2804,496.4
846.39838,491.4
846.51636,500.0
846.63434,497.8
846.75226,498.6
846.87024,496.2
846.98822,494.8
847.10614,496.2
847.22412,495.6
847.34204,490.4
847.46002,493.2
847.57794,499.0
847.69586,496.6
847.81384,496.6
847.93176,501.6
848.04968,492.4
848.1676,496.2
848.28552,494.6
848.40344,494.8
848.52136,489.8
848.63928,499.6
848.7572,493.8
848.87512,498.8
848.99304,496.8
849.1109,491.8
849.22882,491.6
849.34674,497.4
849.4646,498.0
849.58252,493.6
849.70038,488.0
849.8183,499.0
849.93616,493.6
850.05402,499.8
850.17194,494.6
850.28979,495.8
850.40765,496.2
850.52551,498.6
850.64337,495.4
850.76123,496.4
850.87909,489.6
850.99695,492.0
851.11481,493.8
851.23267,495.6
851.35046,491.4
851.46832,493.0
851.58618,493.0
851.70398,496.8
851.82184,495.6
851.93964,499.4
852.0575,497.8
852.17529,498.6
852.29315,506.0
852.41095,501.8
852.52875,495.4
852.64655,497.2
852.7644,491.8
852.8822,495.6
853.0,485.0
853.1178,492.8
853.2356,494.8
853.35333,495.8
853.47113,496.2
853.58893,492.6
853.70673,493.2
853.82446,493.2
853.94226,497.4
854.06006,495.4
854.1778,498.4
854.29559,492.6
854.41333,495.6
854.53107,496.8
854.64886,497.2
854.7666,500.6
854.88434,493.0
855.00208,499.4
855.11981,500.6
855.23761,502.4
855.35535,503.6
855.47302,500.8
855.59076,499.4
855.7085,500.6
855.82623,501.2
855.94397,500.4
856.06165,499.6
856.17938,500.8
856.29712,502.2
856.41479,495.4
856.53253,496.8
856.65021,497.8
856.76788,491.6
856.88562,499.4
857.0033,494.4
857.12097,498.0
857.23865,498.6
857.35632,493.2
857.474,493.6
857.59167,497.8
857.70935,497.4
857.82703,493.0
857.9447,492.8
858.06238,494.8
858.18005,495.4
858.29767,494.8
858.41534,492.0
858.53296,491.2
858.65063,493.0
858.76825,494.0
858.88593,496.2
859.00354,491.4
859.12115,493.4
859.23883,491.0
859.35645,490.8
859.47406,500.0
859.59167,493.0
859.70929,489.8
859.8269,487.0
859.94452,490.2
860.06213,495.0
860.17975,493.4
860.29736,493.4
860.41492,491.8
860.53253,495.6
860.65009,489.4
860.7677,485.2
860.88525,496.2
861.00287,488.8
861.12042,491.2
861.23804,487.6
861.35559,495.6
861.47314,487.4
861.5907,491.0
861.70825,491.0
861.82581,493.2
861.94336,482.4
862.06091,493.6
862.17847,490.4
862.29602,488.4
862.41357,485.6
862.53113,493.0
862.64862,482.8
862.76617,484.6
862.88367,485.0
863.00122,491.4
863.11871,493.0
863.23627,493.0
863.35376,489.2
863.47125,489.2
863.58881,490.2
863.7063,493.2
863.82379,483.8
863.94128,485.2
864.05878,490.2
864.17627,484.0
864.29376,488.4
864.41125,487.0
864.52869,488.2
864.64618,491.8
864.76367,485.2
864.8811,492.0
864.9986,489.0
865.11609,488.8
865.23352,484.6
865.35095,488.0
865.46844,488.4
865.58588,489.0
865.70331,487.6
865.82074,489.4
865.93823,484.0
866.05566,486.0
866.1731,490.0
866.29053,489.2
866.4079,486.2
866.52533,488.6
866.64276,489.6
866.76019,485.2
866.87756,481.4
866.995,489.2
867.11243,490.0
867.2298,487.6
867.34723,488.6
867.4646,490.6
867.58197,488.6
867.6994,490.8
867.81677,493.0
867.93414,494.2
868.05151,494.8
868.16888,489.4
868.28625,484.6
868.40363,492.8
868.521,491.4
868.63837,490.4
868.75568,488.2
868.87305,491.4
868.99042,490.8
869.10773,486.6
869.2251,487.6
869.34241,491.0
869.45978,485.8
869.57709,492.4
869.69446,484.2
869.81177,493.4
869.92908,492.8
870.04639,494.2
870.1637,488.4
870.28101,491.0
870.39832,492.2
870.51563,489.2
870.63293,489.6
870.75024,494.4
870.86749,489.4
870.9848,490.6
871.10211,490.2
871.21936,489.2
871.33667,495.8
871.45392,494.6
871.57123,494.2
871.68848,490.2
871.80573,489.4
871.92297,494.2
872.04028,488.8
872.15753,492.8
872.27478,489.0
872.39203,487.4
872.50928,488.2
872.62646,493.2
872.74371,492.8
872.86096,491.6
872.97821,488.4
873.0954,495.0
873.21265,491.2
873.32983,485.8
873.44708,492.2
873.56427,493.2
873.68152,488.0
873.79871,491.8
873.91589,494.0
874.03308,490.0
874.15027,493.6
874.26746,490.2
874.38464,490.4
874.50183,492.6
874.61902,488.2
874.73621,494.6
874.85339,493.2
874.97052,491.4
875.08771,492.8
875.2049,492.8
875.32202,496.6
875.43921,495.8
875.55634,494.0
875.67346,491.0
875.79065,492.8
875.90778,496.6
876.0249,488.0
876.14203,494.0
876.25916,489.6
876.37628,492.8
876.49341,490.6
876.61053,492.0
876.72766,489.2
876.84473,494.6
876.96185,497.0
877.07898,490.0
877.19604,495.4
877.31317,494.2
877.43024,489.4
877.54736,494.2
877.66443,486.6
877.78149,495.4
877.89856,490.4
878.01569,487.4
878.13275,489.0
878.24982,490.4
878.36688,485.8
878.48395,493.0
878.60095,486.6
878.71802,490.0
878.83508,482.6
878.95215,487.6
879.06915,484.4
879.18622,492.8
879.30322,486.4
879.42029,488.4
879.53729,487.4
879.6543,483.6
879.77136,479.6
879.88837,491.8
880.00537,485.6
880.12238,487.4
880.23938,486.4
880.35638,488.8
880.47339,486.8
880.59039,484.8
880.70734,484.4
880.82434,489.0
880.94135,491.0
881.05829,485.0
881.17529,487.6
881.29224,483.6
881.40924,487.2
881.52618,486.8
881.64313,478.2
881.76007,487.8
881.87701,482.4
881.99402,486.6
882.11096,489.0
882.22791,483.2
882.34479,485.8
882.46173,486.4
882.57867,488.2
882.69562,491.6
882.8125,485.0
882.92944,491.2
883.04639,488.6
883.16327,493.4
883.28015,490.8
883.39709,488.8
883.51398,496.4
883.63086,493.2
883.74774,487.8
883.86462,492.8
883.98157,490.2
884.09839,494.0
884.21527,491.8
884.33215,491.0
884.44904,491.8
884.56592,499.4
884.68274,494.8
884.79962,495.4
884.9165,496.4
885.03333,498.6
885.15015,493.6
885.26703,502.0
885.38385,493.8
885.50067,505.2
885.61749,497.0
885.73438,499.8
885.8512,499.6
885.96802,495.4
886.08478,497.0
886.2016,498.0
886.31842,502.2
886.43524,500.2
886.55206,496.0
886.66882,500.6
886.78564,493.4
886.9024,493.0
887.01923,491.8
887.13599,491.8
887.25275,491.0
887.36951,494.6
887.48633,494.2
887.60309,494.0
887.71985,490.6
887.83661,491.6
887.95337,488.8
888.07007,490.4
888.18683,486.2
888.30359,490.6
888.42035,489.0
888.53705,487.4
888.65381,484.2
888.77051,484.4
888.88721,485.0
889.00397,491.4
889.12067,484.6
889.23737,480.8
889.35406,487.8
889.47083,484.6
889.58752,486.2
889.70416,484.2
889.82086,483.2
889.93756,488.0
890.05426,483.8
890.17096,489.6
890.2876,484.2
890.4043,485.2
890.52094,486.8
890.63763,485.2
890.75427,492.6
890.87091,487.6
890.98761,486.2
891.10425,489.0
891.22089,482.8
891.33752,490.6
891.45416,484.6
891.5708,487.8
891.68744,484.6
891.80408,488.2
891.92065,486.2
892.03729,483.6
892.15393,490.4
892.27051,487.8
892.38715,486.2
892.50372,490.0
892.6203,487.2
892.73694,487.2
892.85352,486.6
892.97009,490.2
893.08667,492.8
893.20325,488.0
893.31982,491.4
893.4364,490.0
893.55298,489.0
893.66956,489.8
893.78607,494.8
893.90265,491.4
894.01917,491.8
894.13574,489.8
894.25226,496.0
894.36884,490.0
894.48535,485.0
894.60187,489.8
894.71838,490.6
894.8349,494.0
894.95148,483.8
895.06793,491.4
895.18445,494.6
895.30096,491.6
895.41748,490.8
895.534,485.0
895.65045,489.8
895.76697,487.0
895.88342,487.4
895.99994,489.0
896.11639,492.8
896.23291,491.6
896.34937,486.6
896.46582,486.4
896.58228,492.2
896.69873,490.4
896.81519,488.8
896.93164,492.8
897.0481,491.4
897.16455,494.2
897.28094,487.6
897.3974,486.6
897.51385,490.8
897.63025,492.8
897.7467,486.8
897.8631,488.2
897.97949,490.0
898.09595,490.0
898.21234,486.2
898.32874,492.4
898.44513,493.6
898.56152,491.2
898.67792,483.6
898.79431,487.6
898.91064,487.0
899.02704,487.4
899.14343,488.0
899.25977,483.6
899.37616,484.8
899.49249,486.4
899.60889,484.6
899.72522,488.0
899.84155,481.0
899.95789,487.2
900.07428,487.4
900.19061,488.8
900.30695,485.4
900.42322,489.8
900.53955,486.0
900.65588,487.2
900.77222,486.0
900.88849,490.8
901.00482,485.4
901.12109,486.8
901.23743,482.2
901.3537,490.4
901.47003,488.6
901.5863,490.6
901.70258,488.0
901.81885,490.0
901.93512,487.6
902.05139,494.6
902.16766,491.8
902.28394,489.2
902.40021,491.0
902.51642,490.2
902.63269,487.6
902.7489,488.4
902.86517,481.2
902.98138,486.0
903.09766,487.8
903.21387,488.2
903.33008,487.8
903.44629,488.8
903.5625,490.2
903.67871,486.6
903.79492,485.0
903.91113,486.6
904.02734,486.0
904.14355,480.6
904.2597,485.0
904.37592,482.2
904.49207,478.6
904.60828,483.0
904.72443,481.8
904.84064,482.2
904.95679,481.0
905.07294,481.6
905.18909,474.0
905.30524,484.8
905.42139,479.8
905.53754,480.4
905.65369,480.6
905.76984,486.0
905.88593,479.2
906.00208,477.4
906.11816,476.0
906.23431,477.8
906.3504,475.8
906.46655,478.2
906.58264,473.8
906.69873,476.8
906.81482,479.2
906.93091,478.0
907.047,476.4
907.16309,480.0
907.27917,475.0
907.39526,479.2
907.51135,477.2
907.62738,477.6
907.74347,478.4
907.8595,481.2
907.97559,481.2
908.09161,474.6
908.2077,476.8
908.32373,479.8
908.43976,473.8
908.55579,471.6
908.67181,476.8
908.78784,479.2
908.90387,473.8
909.0199,475.6
909.13586,475.8
909.25189,476.6
909.36792,470.2
909.48389,475.4
909.59991,474.8
909.71588,476.8
909.83185,475.8
909.94788,475.6
910.06384,472.4
910.17981,481.0
910.29578,473.8
910.41174,477.0
910.52771,474.4
910.64368,479.6
910.75958,480.0
910.87555,477.8
910.99152,476.0
911.10742,479.0
911.22339,475.4
911.33929,477.8
911.4552,475.0
911.57117,470.2
911.68707,473.2
911.80298,476.8
911.91888,479.0
912.03479,475.6
912.1507,477.0
912.2666,477.2
912.38245,477.0
912.49835,476.0
912.61426,482.2
912.7301,479.8
912.84601,476.6
792.4458,606.4
792.56488,608.2
792.68396,605.2
792.8031,598.2
792.92218,581.6
793.04126,580.6
793.16034,583.2
793.27942,587.4
793.3985,575.6
793.51758,577.0
793.63672,566.0
793.7558,566.6
793.87488,564.8
793.9939,566.2
794.11298,564.6
794.23206,558.2
794.35114,553.4
794.47021,554.8
794.58929,553.8
794.70831,548.0
794.82739,551.8
794.94647,544.6
795.06549,549.4
795.18457,546.8
795.30365,541.6
795.42267,536.8
795.54175,538.8
795.66077,539.6
795.77985,538.0
795.89886,536.8
796.01794,531.4
796.13696,535.0
796.25598,533.6
796.375,532.6
796.49408,527.8
796.6131,525.8
796.73212,523.2
796.85114,524.8
796.97015,528.2
797.08923,522.4
797.20825,528.6
797.32727,525.0
797.44629,521.4
797.56531,520.2
797.68427,521.0
797.80328,518.0
797.9223,525.4
798.04132,518.4
798.16034,522.6
798.27936,521.0
798.39832,522.2
798.51733,515.6
798.63635,517.0
798.75531,516.6
798.87433,517.6
798.99329,511.6
799.1123,516.0
799.23126,513.2
799.35028,519.2
799.46924,521.0
799.58826,518.0
799.70721,515.4
799.82617,515.8
799.94519,516.8
800.06415,517.6
800.18311,512.6
800.30206,518.6
800.42102,518.2
800.54004,513.2
800.659,515.6
800.77795,514.8
800.89691,508.8
801.01587,516.2
801.13483,515.0
801.25372,515.0
801.37268,510.6
801.49164,514.6
801.6106,519.2
801.72955,516.0
801.84845,509.2
801.96741,516.2
802.08636,516.6
802.20526,515.2
802.32422,515.4
802.44318,520.8
802.56207,517.0
802.68103,515.6
802.79993,515.2
802.91882,517.6
803.03778,513.4
803.15668,513.2
803.27557,520.0
803.39453,514.0
803.51343,514.8
803.63232,515.6
803.75122,511.4
803.87012,519.2
803.98907,511.4
804.10797,521.0
804.22687,513.4
804.34576,514.2
804.46466,518.6
804.58356,515.2
804.70239,511.8
804.82129,521.0
804.94019,516.0
805.05908,519.2
805.17798,519.2
805.29681,520.2
805.41571,519.4
805.53461,519.4
805.65344,518.8
805.77234,522.8
805.89117,517.4
806.01007,522.0
806.12891,523.0
806.2478,522.0
806.36664,516.2
806.48547,517.8
806.60437,516.2
806.72321,523.2
806.84204,521.0
806.96088,518.0
807.07971,515.0
807.19861,525.8
807.31744,526.4
807.43628,523.2
807.55511,520.2
807.67395,520.6
807.79279,516.0
807.91162,520.6
808.0304,524.4
808.14923,522.8
808.26807,521.4
808.3869,525.8
808.50568,523.0
808.62451,523.6
808.74335,522.0
808.86212,524.0
808.98096,521.6
809.09979,522.2
809.21857,517.4
809.33734,521.0
809.45618,525.8
809.57495,534.0
809.69379,526.6
809.81256,528.0
809.93134,522.0
810.05011,525.6
810.16895,524.6
810.28772,520.2
810.40649,525.2
810.52527,529.8
810.64404,524.4
810.76282,531.2
810.88159,526.4
811.00037,524.6
811.11914,520.6
811.23792,531.0
811.35663,520.4
811.4754,534.0
811.59418,526.6
811.71295,530.0
811.83167,524.4
811.95044,523.2
812.06921,529.6
812.18793,525.4
812.3067,525.4
812.42542,520.8
812.54419,527.8
812.6629,533.8
812.78162,518.6
812.90039,523.4
813.0191,521.4
813.13782,525.8
813.25653,524.2
813.37524,518.0
813.49402,524.2
813.61273,522.8
813.73145,518.6
813.85016,524.4
813.96887,521.2
814.08759,523.0
814.2063,523.0
814.32495,525.2
814.44366,524.0
814.56238,523.2
814.68109,518.0
814.79974,521.4
814.91846,521.8
815.03717,516.8
815.15582,520.6
815.27454,519.2
815.39319,520.8
815.5119,518.0
815.63055,513.4
815.74927,522.4
815.86792,517.4
815.98657,521.6
816.10529,513.2
816.22394,517.6
816.34259,518.2
816.46124,523.8
816.5799,524.0
816.69855,519.4
816.8172,516.2
816.93585,521.2
817.0545,516.8
817.17316,514.0
817.29181,514.2
817.41046,511.4
817.52911,514.2
817.64771,512.6
817.76636,506.0
817.88501,508.8
818.0036,511.0
818.12225,507.2
818.24091,504.0
818.3595,506.2
818.47815,507.8
818.59674,507.2
818.71533,506.6
818.83398,501.0
818.95258,500.2
819.07117,503.0
819.18976,501.6
819.30841,502.6
819.427,499.6
819.54559,500.8
819.66418,496.2
819.78278,500.6
819.90137,500.6
820.01996,497.0
820.13855,497.8
820.25714,497.0
820.37573,495.2
820.49426,499.8
820.61285,492.8
820.73145,500.8
820.84998,492.0
820.96857,493.6
821.08716,494.6
821.20569,493.8
821.32428,494.0
821.44281,494.8
821.56134,493.6
821.67993,492.8
821.79846,497.2
821.91699,492.6
822.03558,496.4
822.15411,492.2
822.27264,496.0
822.39117,495.8
822.5097,490.2
822.62823,495.2
822.74677,489.6
822.8653,496.0
822.98383,489.2
823.10236,495.2
823.22089,492.4
823.33942,490.0
823.45789,494.6
823.57642,494.8
823.69495,491.0
823.81342,491.0
823.93195,492.4
824.05042,495.6
824.16895,494.0
824.28741,490.2
824.40594,494.0
824.52441,493.2
824.64288,491.4
824.76141,494.4
824.87988,487.2
824.99835,491.4
825.11682,493.2
825.23529,492.6
825.35376,493.8
825.47223,490.0
825.5907,486.8
825.70917,487.2
825.82764,495.2
825.94611,487.0
826.06458,486.4
826.18304,486.8
826.30145,492.8
826.41992,495.6
826.53839,490.8
826.6568,489.4
826.77527,491.2
826.89368,490.2
827.01215,487.8
827.13055,487.6
827.24902,487.4
827.36743,488.2
827.48584,492.8
827.60431,486.2
827.72272,479.8
827.84113,484.2
827.95953,483.0
828.07794,485.8
828.19635,486.8
828.31476,487.2
828.43317,486.2
828.55157,487.4
828.66998,486.4
828.78839,490.8
828.90674,484.0
829.02515,481.2
829.14355,486.4
829.2619,486.6
829.38031,482.8
829.49872,483.8
829.61707,482.4
829.73547,484.0
829.85382,486.0
829.97217,485.2
830.09058,484.2
830.20892,485.4
830.32727,485.8
830.44562,486.4
830.56403,482.8
830.68237,486.2
830.80072,487.6
830.91907,484.8
831.03741,483.6
831.15576,485.6
831.27411,481.6
831.3924,483.8
831.51074,484.0
831.62909,484.8
831.74744,485.4
831.86572,483.8
831.98407,483.6
832.10242,485.4
832.2207,487.0
832.33905,481.8
832.45734,481.2
832.57562,486.4
832.69397,478.6
832.81226,484.6
832.93054,483.2
833.04889,481.4
833.16718,480.2
833.28546,484.6
833.40375,485.2
833.52203,484.4
833.64032,483.8
833.75861,483.8
833.87689,485.0
833.99518,491.4
834.1134,485.6
834.23169,486.6
834.34998,482.4
834.46826,489.2
834.58649,485.4
834.70477,486.4
834.823,484.0
834.94128,492.8
835.05951,485.2
835.1778,483.8
835.29602,482.0
835.41425,486.8
835.53253,483.8
835.65076,486.0
835.76898,486.6
835.88721,489.0
836.00543,482.4
836.12366,488.6
836.24188,487.6
836.36011,487.0
836.47833,492.2
836.59656,489.0
836.71478,488.4
836.83295,488.2
836.95117,485.6
837.0694,491.8
837.18756,486.8
837.30579,490.4
837.42401,489.6
837.54218,487.8
837.66034,484.6
837.77856,495.0
837.89673,485.4
838.01489,492.0
838.13312,484.2
838.25128,487.0
838.36945,488.4
838.48761,483.8
838.60577,492.0
838.72394,486.6
838.8421,489.2
838.96027,485.4
839.07843,481.6
839.19659,485.4
839.31476,482.2
839.43286,491.2
839.55103,489.0
839.66919,490.0
839.78729,488.0
839.90546,486.6
840.02356,489.0
840.14172,490.0
840.25983,485.8
840.37793,489.4
840.49609,482.0
840.6142,486.8
840.7323,482.6
840.8504,489.2
840.96851,484.0
841.08661,487.4
841.20471,484.6
841.32281,490.8
841.44092,480.6
841.55902,487.2
841.67712,481.2
841.79523,490.4
841.91327,484.2
842.03137,488.6
842.14948,487.6
842.26752,483.8
842.38562,490.8
842.50366,485.4
842.62177,483.6
842.73981,486.6
842.85791,486.2
842.97595,486.0
843.09399,487.4
843.21204,485.0
843.33008,485.0
843.44818,489.4
843.56622,489.0
843.68427,485.4
843.80231,486.8
843.92029,488.0
844.03833,488.2
844.15637,482.6
844.27441,485.8
844.39246,492.0
844.51044,484.4
844.62848,486.8
844.74646,484.4
844.8645,487.2
844.98248,486.8
845.10052,489.6
845.21851,492.0
845.33649,485.0
845.45453,489.2
845.57251,495.2
845.69049,486.2
845.80847,489.0
845.92645,491.0
846.04443,481.6
846.16241,483.6
846.2804,491.6
846.39838,483.0
846.51636,488.8
846.63434,486.4
846.75226,483.8
846.87024,488.6
846.98822,486.0
847.10614,482.2
847.22412,489.4
847.34204,485.4
847.46002,485.4
847.57794,486.8
847.69586,494.8
847.81384,487.0
847.93176,489.0
848.04968,490.0
848.1676,485.6
848.28552,490.6
848.40344,488.2
848.52136,484.0
848.63928,485.0
848.7572,488.6
848.87512,483.4
848.99304,487.4
849.1109,488.8
849.22882,482.6
849.34674,484.8
849.4646,485.6
849.58252,479.0
849.70038,488.0
849.8183,484.4
849.93616,486.4
850.05402,488.0
850.17194,486.4
850.28979,486.4
850.40765,488.2
850.52551,489.8
850.64337,490.8
850.76123,486.8
850.87909,478.4
850.99695,490.6
851.11481,479.8
851.23267,486.6
851.35046,488.2
851.46832,483.6
851.58618,487.4
851.70398,491.6
851.82184,486.2
851.93964,490.2
852.0575,489.8
852.17529,498.6
852.29315,489.0
852.41095,490.0
852.52875,488.6
852.64655,486.4
852.7644,490.4
852.8822,485.4
853.0,485.8
853.1178,489.8
853.2356,481.4
853.35333,485.2
853.47113,486.8
853.58893,486.4
853.70673,484.6
853.82446,488.0
853.94226,484.6
854.06006,490.2
854.1778,487.0
854.29559,485.6
854.41333,487.2
854.53107,488.2
854.64886,488.8
854.7666,490.2
854.88434,488.0
855.00208,491.0
855.11981,486.2
855.23761,493.2
855.35535,492.4
855.47302,492.4
855.59076,493.0
855.7085,487.8
855.82623,493.2
855.94397,494.8
856.06165,482.6
856.17938,491.2
856.29712,490.2
856.41479,491.4
856.53253,491.0
856.65021,487.2
856.76788,484.0
856.88562,488.4
857.0033,488.4
857.12097,489.0
857.23865,485.8
857.35632,482.0
857.474,485.2
857.59167,486.6
857.70935,485.6
857.82703,483.6
857.9447,480.8
858.06238,489.0
858.18005,479.2
858.29767,485.6
858.41534,490.8
858.53296,487.2
858.65063,485.0
858.76825,483.0
858.88593,487.6
859.00354,487.4
859.12115,486.0
859.23883,487.6
859.35645,484.2
859.47406,486.6
859.59167,480.8
859.70929,487.8
859.8269,483.4
859.94452,485.8
860.06213,483.8
860.17975,487.0
860.29736,485.2
860.41492,481.0
860.53253,477.6
860.65009,481.4
860.7677,483.8
860.88525,482.2
861.00287,480.8
861.12042,481.0
861.23804,486.4
861.35559,485.6
861.47314,482.6
861.5907,483.0
861.70825,484.8
861.82581,481.4
861.94336,478.6
862.06091,480.8
862.17847,486.6
862.29602,481.6
862.41357,479.0
862.53113,483.2
862.64862,483.6
862.76617,483.0
862.88367,480.0
863.00122,481.2
863.11871,479.4
863.23627,480.8
863.35376,485.4
863.47125,482.2
863.58881,482.6
863.7063,478.8
863.82379,481.6
863.94128,475.8
864.05878,485.0
864.17627,485.6
864.29376,477.8
864.41125,479.2
864.52869,482.8
864.64618,481.6
864.76367,478.2
864.8811,479.4
864.9986,472.4
865.11609,485.2
865.23352,481.8
865.35095,478.6
865.46844,481.2
865.58588,478.8
865.70331,482.0
865.82074,485.8
865.93823,480.8
866.05566,475.2
866.1731,476.8
866.29053,480.6
866.4079,482.6
866.52533,481.8
866.64276,483.6
866.76019,478.2
866.87756,479.8
866.995,485.0
867.11243,484.2
867.2298,485.2
867.34723,479.6
867.4646,484.2
867.58197,477.6
867.6994,492.0
867.81677,480.4
867.93414,480.0
868.05151,479.0
868.16888,482.6
868.28625,482.8
868.40363,483.0
868.521,485.6
868.63837,480.4
868.75568,481.8
868.87305,486.4
868.99042,480.0
869.10773,484.8
869.2251,485.0
869.34241,486.2
869.45978,478.6
869.57709,485.0
869.69446,478.8
869.81177,487.4
869.92908,483.0
870.04639,484.2
870.1637,480.0
870.28101,484.0
870.39832,480.6
870.51563,488.6
870.63293,480.6
870.75024,481.8
870.86749,488.2
870.9848,482.4
871.10211,482.0
871.21936,487.2
871.33667,483.4
871.45392,487.2
871.57123,483.6
871.68848,482.4
871.80573,482.4
871.92297,487.0
872.04028,479.4
872.15753,483.4
872.27478,483.2
872.39203,477.8
872.50928,480.6
872.62646,484.4
872.74371,485.2
872.86096,488.6
872.97821,481.8
873.0954,482.6
873.21265,482.4
873.32983,479.4
873.44708,482.2
873.56427,486.0
873.68152,481.6
873.79871,479.4
873.91589,481.2
874.03308,481.8
874.15027,485.6
874.26746,480.4
874.38464,484.2
874.50183,482.6
874.61902,480.4
874.73621,480.2
874.85339,481.8
874.97052,485.0
875.08771,485.0
875.2049,487.2
875.32202,482.2
875.43921,482.4
875.55634,481.8
875.67346,484.8
875.79065,483.2
875.90778,483.0
876.0249,482.6
876.14203,476.4
876.25916,480.8
876.37628,482.6
876.49341,485.4
876.61053,480.8
876.72766,484.2
876.84473,488.8
876.96185,482.4
877.07898,485.6
877.19604,482.2
877.31317,484.6
877.43024,480.0
877.54736,483.8
877.66443,481.2
877.78149,481.0
877.89856,483.6
878.01569,483.6
878.13275,479.8
878.24982,478.0
878.36688,484.8
878.48395,488.2
878.60095,477.8
878.71802,480.2
878.83508,473.4
878.95215,482.8
879.06915,477.4
879.18622,484.0
879.30322,483.8
879.42029,484.8
879.53729,481.2
879.6543,485.0
879.77136,473.0
879.88837,480.4
880.00537,479.8
880.12238,480.8
880.23938,478.2
880.35638,487.2
880.47339,478.8
880.59039,483.2
880.70734,483.8
880.82434,477.2
880.94135,479.2
881.05829,481.6
881.17529,484.6
881.29224,478.8
881.40924,478.2
881.52618,480.6
881.64313,480.2
881.76007,477.2
881.87701,478.2
881.99402,482.2
882.11096,480.8
882.22791,480.4
882.34479,476.2
882.46173,482.8
882.57867,482.0
882.69562,486.0
882.8125,482.0
882.92944,486.0
883.04639,480.0
883.16327,482.8
883.28015,480.0
883.39709,480.6
883.51398,480.4
883.63086,477.6
883.74774,482.4
883.86462,482.6
883.98157,480.4
884.09839,477.2
884.21527,480.6
884.33215,484.2
884.44904,483.4
884.56592,483.4
884.68274,484.0
884.79962,482.4
884.9165,487.8
885.03333,488.4
885.15015,479.6
885.26703,491.0
885.38385,486.6
885.50067,484.8
885.61749,488.4
885.73438,487.2
885.8512,487.2
885.96802,489.6
886.08478,486.8
886.2016,486.6
886.31842,483.0
886.43524,486.2
886.55206,488.6
886.66882,490.0
886.78564,486.6
886.9024,487.8
887.01923,486.6
887.13599,483.6
887.25275,483.8
887.36951,483.4
887.48633,479.4
887.60309,481.4
887.71985,480.4
887.83661,485.4
887.95337,478.8
888.07007,477.8
888.18683,481.6
888.30359,483.4
888.42035,474.2
888.53705,483.8
888.65381,476.4
888.77051,483.0
888.88721,477.0
889.00397,480.2
889.12067,477.2
889.23737,478.6
889.35406,479.2
889.47083,476.6
889.58752,480.6
889.70416,488.4
889.82086,480.0
889.93756,484.6
890.05426,478.4
890.17096,479.8
890.2876,479.4
890.4043,482.2
890.52094,483.4
890.63763,481.8
890.75427,481.6
890.87091,482.4
890.98761,480.0
891.10425,483.6
891.22089,478.6
891.33752,483.0
891.45416,480.4
891.5708,480.2
891.68744,479.2
891.80408,480.8
891.92065,482.8
892.03729,481.6
892.15393,482.8
892.27051,483.6
892.38715,481.0
892.50372,478.4
892.6203,481.6
892.73694,483.0
892.85352,486.4
892.97009,479.4
893.08667,482.6
893.20325,479.6
893.31982,483.0
893.4364,481.8
893.55298,481.0
893.66956,484.8
893.78607,483.8
893.90265,485.8
894.01917,485.2
894.13574,488.4
894.25226,488.0
894.36884,483.2
894.48535,482.6
894.60187,483.2
894.71838,483.4
894.8349,479.8
894.95148,485.4
895.06793,482.0
895.18445,486.6
895.30096,481.0
895.41748,483.2
895.534,480.4
895.65045,481.8
895.76697,483.4
895.88342,486.6
895.99994,481.0
896.11639,483.2
896.23291,480.8
896.34937,478.6
896.46582,479.0
896.58228,481.0
896.69873,484.8
896.81519,482.6
896.93164,480.4
897.0481,480.8
897.16455,487.8
897.28094,482.0
897.3974,477.8
897.51385,482.6
897.63025,485.2
897.7467,481.4
897.8631,485.6
897.97949,482.4
898.09595,482.8
898.21234,478.8
898.32874,482.6
898.44513,482.0
898.56152,485.0
898.67792,481.8
898.79431,476.2
898.91064,483.2
899.02704,479.6
899.14343,479.0
899.25977,483.6
899.37616,483.4
899.49249,475.4
899.60889,483.0
899.72522,478.2
899.84155,477.4
899.95789,485.8
900.07428,478.2
900.19061,482.6
900.30695,478.6
900.42322,487.0
900.53955,473.6
900.65588,476.6
900.77222,479.6
900.88849,480.2
901.00482,474.8
901.12109,482.6
901.23743,480.4
901.3537,476.8
901.47003,476.4
901.5863,476.2
901.70258,472.4
901.81885,477.6
901.93512,479.8
902.05139,481.0
902.16766,483.6
902.28394,474.2
902.40021,477.2
902.51642,479.6
902.63269,473.2
902.7489,478.6
902.86517,479.6
902.98138,475.8
903.09766,477.6
903.21387,478.8
903.33008,479.8
903.44629,474.6
903.5625,475.8
903.67871,480.8
903.79492,471.0
903.91113,474.6
904.02734,476.6
904.14355,475.0
904.2597,474.6
904.37592,474.8
904.49207,470.0
904.60828,471.4
904.72443,476.2
904.84064,468.2
904.95679,477.8
905.07294,474.6
905.18909,467.2
905.30524,471.4
905.42139,468.2
905.53754,467.4
905.65369,467.0
905.76984,466.4
905.88593,476.2
906.00208,468.2
906.11816,468.2
906.23431,468.6
906.3504,469.0
906.46655,466.6
906.58264,466.4
906.69873,466.6
906.81482,473.0
906.93091,467.4
907.047,465.2
907.16309,468.2
907.27917,474.8
907.39526,469.0
907.51135,471.6
907.62738,469.6
907.74347,467.4
907.8595,472.2
907.97559,469.2
908.09161,470.0
908.2077,468.0
908.32373,469.4
908.43976,466.8
908.55579,467.0
908.67181,468.2
908.78784,471.6
908.90387,471.0
909.0199,466.6
909.13586,467.6
909.25189,468.8
909.36792,472.0
909.48389,468.8
909.59991,469.6
909.71588,466.4
909.83185,471.0
909.94788,471.0
910.06384,467.4
910.17981,470.4
910.29578,470.8
910.41174,470.4
910.52771,471.8
910.64368,473.6
910.75958,465.8
910.87555,468.4
910.99152,464.4
911.10742,468.2
911.22339,467.4
911.33929,469.4
911.4552,470.6
911.57117,464.6
911.68707,473.6
911.80298,466.0
911.91888,464.4
912.03479,469.2
912.1507,469.2
912.2666,472.2
912.38245,469.6
912.49835,474.2
912.61426,464.4
912.7301,469.8
912.84601,467.6
792.4458,591.6
792.56488,583.2
792.68396,594.4
792.8031,577.4
792.92218,571.4
793.04126,572.4
793.16034,577.0
793.27942,570.8
793.3985,562.2
793.51758,561.0
793.63672,556.2
793.7558,554.6
793.87488,555.0
793.9939,554.8
794.11298,551.6
794.23206,547.4
794.35114,540.6
794.47021,541.2
794.58929,537.6
794.70831,540.6
794.82739,542.6
794.94647,530.8
795.06549,535.0
795.18457,530.4
795.30365,532.2
795.42267,528.6
795.54175,532.4
795.66077,530.6
795.77985,527.4
795.89886,526.2
796.01794,527.4
796.13696,522.0
796.25598,526.2
796.375,517.2
796.49408,523.0
796.6131,519.0
796.73212,523.0
796.85114,513.2
796.97015,519.2
797.08923,512.6
797.20825,519.8
797.32727,513.6
797.44629,516.0
797.56531,514.8
797.68427,516.2
797.80328,515.6
797.9223,514.8
798.04132,518.2
798.16034,511.8
798.27936,512.8
798.39832,513.2
798.51733,510.4
798.63635,514.8
798.75531,507.2
798.87433,510.4
798.99329,506.6
799.1123,510.6
799.23126,507.2
799.35028,510.4
799.46924,514.0
799.58826,512.8
799.70721,511.8
799.82617,509.6
799.94519,505.8
800.06415,509.8
800.18311,509.2
800.30206,512.4
800.42102,507.4
800.54004,511.6
800.659,509.0
800.77795,513.0
800.89691,511.0
801.01587,509.0
801.13483,513.8
801.25372,506.4
801.37268,512.0
801.49164,512.2
801.6106,512.6
801.72955,510.4
801.84845,511.6
801.96741,513.0
802.08636,511.8
802.20526,510.0
802.32422,510.0
802.44318,511.2
802.56207,508.4
802.68103,505.4
802.79993,504.2
802.91882,512.0
803.03778,507.2
803.15668,508.8
803.27557,510.2
803.39453,510.4
803.51343,507.8
803.63232,509.6
803.75122,510.4
803.87012,514.6
803.98907,510.6
804.10797,512.4
804.22687,508.0
804.34576,510.6
804.46466,511.6
804.58356,515.2
804.70239,509.2
804.82129,510.2
804.94019,510.8
805.05908,512.2
805.17798,512.6
805.29681,517.6
805.41571,514.6
805.53461,514.0
805.65344,513.0
805.77234,511.8
805.89117,517.8
806.01007,515.6
806.12891,512.0
806.2478,518.4
806.36664,516.0
806.48547,513.8
806.60437,511.2
806.72321,514.2
806.84204,515.0
806.96088,513.8
807.07971,515.0
807.19861,514.8
807.31744,514.4
807.43628,518.2
807.55511,514.8
807.67395,512.0
807.79279,511.4
807.91162,516.2
808.0304,517.0
808.14923,519.0
808.26807,513.8
808.3869,518.4
808.50568,517.2
808.62451,519.6
808.74335,518.8
808.86212,516.8
808.98096,513.0
809.09979,518.6
809.21857,516.4
809.33734,517.6
809.45618,519.0
809.57495,524.0
809.69379,518.8
809.81256,522.0
809.93134,520.4
810.05011,517.0
810.16895,519.0
810.28772,511.0
810.40649,514.0
810.52527,519.2
810.64404,517.0
810.76282,523.0
810.88159,520.0
811.00037,518.8
811.11914,517.2
811.23792,512.4
811.35663,521.4
811.4754,523.8
811.59418,517.8
811.71295,525.8
811.83167,522.0
811.95044,516.2
812.06921,521.6
812.18793,517.4
812.3067,514.4
812.42542,517.8
812.54419,515.6
812.6629,520.8
812.78162,513.6
812.90039,519.4
813.0191,511.8
813.13782,516.0
813.25653,510.8
813.37524,520.2
813.49402,516.0
813.61273,520.8
813.73145,518.6
813.85016,516.8
813.96887,513.8
814.08759,517.4
814.2063,517.4
814.32495,518.2
814.44366,519.0
814.56238,511.8
814.68109,512.8
814.79974,509.8
814.91846,510.0
815.03717,515.8
815.15582,513.2
815.27454,513.0
815.39319,508.2
815.5119,517.8
815.63055,513.4
815.74927,509.4
815.86792,513.0
815.98657,511.6
816.10529,514.2
816.22394,519.2
816.34259,509.4
816.46124,518.6
816.5799,514.0
816.69855,514.0
816.8172,513.4
816.93585,510.0
817.0545,513.6
817.17316,510.4
817.29181,502.6
817.41046,508.0
817.52911,504.4
817.64771,508.8
817.76636,502.4
817.88501,500.8
818.0036,500.6
818.12225,505.0
818.24091,504.6
818.3595,498.8
818.47815,498.2
818.59674,504.6
818.71533,499.0
818.83398,499.6
818.95258,497.4
819.07117,493.4
819.18976,497.6
819.30841,499.8
819.427,500.4
819.54559,496.4
819.66418,492.2
819.78278,495.0
819.90137,494.6
820.01996,493.0
820.13855,488.2
820.25714,495.0
820.37573,492.8
820.49426,493.6
820.61285,493.4
820.73145,494.4
820.84998,488.8
820.96857,491.8
821.08716,493.6
821.20569,488.2
821.32428,485.2
821.44281,495.2
821.56134,487.2
821.67993,488.8
821.79846,491.4
821.91699,488.2
822.03558,492.2
822.15411,495.0
822.27264,489.2
822.39117,491.0
822.5097,483.6
822.62823,491.2
822.74677,482.8
822.8653,489.4
822.98383,490.6
823.10236,494.8
823.22089,490.2
823.33942,489.6
823.45789,484.0
823.57642,487.6
823.69495,489.6
823.81342,489.0
823.93195,494.0
824.05042,491.2
824.16895,486.0
824.28741,488.4
824.40594,489.8
824.52441,485.8
824.64288,487.2
824.76141,487.8
824.87988,486.6
824.99835,487.8
825.11682,487.2
825.23529,491.0
825.35376,486.2
825.47223,484.2
825.5907,488.2
825.70917,489.8
825.82764,489.0
825.94611,485.0
826.06458,482.0
826.18304,482.8
826.30145,488.8
826.41992,490.0
826.53839,480.4
826.6568,485.4
826.77527,485.2
826.89368,486.2
827.01215,484.8
827.13055,481.8
827.24902,484.4
827.36743,485.0
827.48584,481.0
827.60431,483.0
827.72272,486.2
827.84113,486.2
827.95953,481.6
828.07794,484.2
828.19635,479.4
828.31476,486.0
828.43317,479.6
828.55157,487.6
828.66998,484.2
828.78839,479.6
828.90674,479.0
829.02515,481.4
829.14355,486.8
829.2619,477.6
829.38031,475.4
829.49872,482.4
829.61707,476.2
829.73547,474.2
829.85382,482.0
829.97217,483.4
830.09058,482.6
830.20892,482.0
830.32727,480.2
830.44562,478.8
830.56403,483.6
830.68237,486.8
830.80072,486.0
830.91907,481.8
831.03741,482.4
831.15576,484.0
831.27411,476.0
831.3924,478.2
831.51074,485.6
831.62909,482.0
831.74744,481.4
831.86572,482.2
831.98407,478.0
832.10242,484.4
832.2207,483.0
832.33905,481.6
832.45734,479.2
832.57562,482.2
832.69397,479.6
832.81226,482.6
832.93054,484.6
833.04889,484.2
833.16718,477.2
833.28546,481.0
833.40375,487.4
833.52203,482.4
833.64032,479.8
833.75861,482.0
833.87689,478.4
833.99518,479.0
834.1134,481.0
834.23169,483.2
834.34998,476.6
834.46826,485.0
834.58649,479.8
834.70477,483.4
834.823,479.8
834.94128,478.2
835.05951,479.0
835.1778,483.4
835.29602,477.4
835.41425,484.8
835.53253,484.4
835.65076,481.0
835.76898,484.4
835.88721,485.4
836.00543,485.6
836.12366,483.0
836.24188,481.6
836.36011,482.2
836.47833,481.4
836.59656,484.0
836.71478,482.8
836.83295,481.6
836.95117,487.0
837.0694,484.4
837.18756,483.6
837.30579,486.6
837.42401,487.0
837.54218,485.4
837.66034,475.4
837.77856,490.4
837.89673,483.2
838.01489,481.2
838.13312,485.6
838.25128,478.8
838.36945,485.8
838.48761,485.6
838.60577,482.6
838.72394,487.2
838.8421,482.2
838.96027,488.0
839.07843,483.4
839.19659,484.6
839.31476,488.4
839.43286,485.6
839.55103,483.6
839.66919,488.6
839.78729,483.8
839.90546,487.0
840.02356,485.4
840.14172,486.8
840.25983,482.2
840.37793,486.4
840.49609,479.0
840.6142,482.2
840.7323,486.6
840.8504,483.0
840.96851,484.4
841.08661,486.0
841.20471,484.0
841.32281,484.0
841.44092,484.6
841.55902,486.0
841.67712,480.4
841.79523,485.2
841.91327,481.6
842.03137,484.6
842.14948,485.6
842.26752,485.8
842.38562,482.0
842.50366,482.8
842.62177,480.0
842.73981,482.4
842.85791,479.8
842.97595,484.8
843.09399,481.0
843.21204,488.6
843.33008,487.0
843.44818,483.2
843.56622,484.4
843.68427,484.6
843.80231,481.4
843.92029,476.6
844.03833,487.0
844.15637,480.0
844.27441,482.0
844.39246,485.0
844.51044,482.2
844.62848,483.8
844.74646,479.6
844.8645,483.8
844.98248,480.2
845.10052,476.4
845.21851,483.4
845.33649,483.4
845.45453,484.4
845.57251,486.4
845.69049,484.8
845.80847,480.0
845.92645,480.6
846.04443,481.8
846.16241,481.6
846.2804,482.8
846.39838,478.0
846.51636,478.6
846.63434,480.8
846.75226,487.0
846.87024,482.6
846.98822,485.2
847.10614,483.0
847.22412,484.0
847.34204,482.2
847.46002,487.4
847.57794,484.4
847.69586,486.4
847.81384,484.4
847.93176,487.4
848.04968,486.4
848.1676,485.8
848.28552,488.2
848.40344,487.6
848.52136,483.6
848.63928,485.0
848.7572,485.2
848.87512,485.8
848.99304,485.6
849.1109,480.6
849.22882,483.6
849.34674,481.8
849.4646,482.6
849.58252,481.6
849.70038,478.6
849.8183,480.8
849.93616,479.4
850.05402,489.2
850.17194,478.4
850.28979,483.8
850.40765,481.0
850.52551,481.0
850.64337,487.2
850.76123,478.8
850.87909,478.0
850.99695,484.2
851.11481,479.4
851.23267,484.6
851.35046,486.2
851.46832,480.2
851.58618,477.0
851.70398,486.0
851.82184,483.0
851.93964,481.8
852.0575,488.4
852.17529,492.2
852.29315,489.4
852.41095,480.4
852.52875,484.8
852.64655,484.2
852.7644,483.6
852.8822,485.6
853.0,476.2
853.1178,485.8
853.2356,482.8
853.35333,485.8
853.47113,484.8
853.58893,480.8
853.70673,481.8
853.82446,481.4
853.94226,486.6
854.06006,483.0
854.1778,484.6
854.29559,483.8
854.41333,481.8
854.53107,483.6
854.64886,482.4
854.7666,481.4
854.88434,481.6
855.00208,482.6
855.11981,484.8
855.23761,488.6
855.35535,485.8
855.47302,488.4
855.59076,487.4
855.7085,486.6
855.82623,484.2
855.94397,487.4
856.06165,482.6
856.17938,484.4
856.29712,487.8
856.41479,482.6
856.53253,486.6
856.65021,481.6
856.76788,485.6
856.88562,487.8
857.0033,479.4
857.12097,489.8
857.23865,481.6
857.35632,479.2
857.474,479.4
857.59167,486.4
857.70935,480.8
857.82703,481.2
857.9447,480.0
858.06238,480.6
858.18005,482.4
858.29767,485.4
858.41534,481.6
858.53296,482.0
858.65063,477.6
858.76825,488.2
858.88593,483.4
859.00354,488.2
859.12115,481.4
859.23883,485.0
859.35645,485.8
859.47406,485.0
859.59167,479.2
859.70929,483.4
859.8269,472.8
859.94452,478.6
860.06213,479.6
860.17975,482.4
860.29736,474.6
860.41492,477.6
860.53253,477.6
860.65009,478.6
860.7677,483.2
860.88525,481.0
861.00287,479.4
861.12042,486.4
861.23804,478.8
861.35559,482.4
861.47314,481.4
861.5907,484.0
861.70825,478.8
861.82581,482.8
861.94336,478.0
862.06091,474.8
862.17847,485.8
862.29602,478.8
862.41357,476.0
862.53113,478.4
862.64862,477.2
862.76617,477.6
862.88367,476.8
863.00122,478.8
863.11871,478.6
863.23627,486.6
863.35376,478.6
863.47125,479.6
863.58881,475.4
863.7063,478.4
863.82379,473.4
863.94128,475.8
864.05878,476.6
864.17627,477.6
864.29376,478.4
864.41125,484.8
864.52869,474.6
864.64618,475.6
864.76367,480.4
864.8811,480.6
864.9986,476.4
865.11609,472.4
865.23352,476.4
865.35095,478.8
865.46844,474.6
865.58588,476.8
865.70331,477.0
865.82074,477.2
865.93823,478.4
866.05566,475.8
866.1731,479.0
866.29053,481.6
866.4079,479.0
866.52533,476.6
866.64276,476.8
866.76019,474.0
866.87756,474.6
866.995,482.2
867.11243,481.8
867.2298,478.2
867.34723,479.8
867.4646,478.6
867.58197,484.8
867.6994,482.2
867.81677,484.8
867.93414,476.6
868.05151,475.4
868.16888,482.6
868.28625,482.2
868.40363,480.8
868.521,479.2
868.63837,479.0
868.75568,480.2
868.87305,479.8
868.99042,486.4
869.10773,477.6
869.2251,477.8
869.34241,481.8
869.45978,478.6
869.57709,482.2
869.69446,480.0
869.81177,483.0
869.92908,479.4
870.04639,486.6
870.1637,478.6
870.28101,481.6
870.39832,479.6
870.51563,480.4
870.63293,476.8
870.75024,482.2
870.86749,481.0
870.9848,477.4
871.10211,477.8
871.21936,483.4
871.33667,476.8
871.45392,479.8
871.57123,480.4
871.68848,482.8
871.80573,475.4
871.92297,482.2
872.04028,476.8
872.15753,482.2
872.27478,480.0
872.39203,478.0
872.50928,480.6
872.62646,479.4
872.74371,480.0
872.86096,482.4
872.97821,483.6
873.0954,477.6
873.21265,481.4
873.32983,478.4
873.44708,480.6
873.56427,484.4
873.68152,478.6
873.79871,482.0
873.91589,477.8
874.03308,484.6
874.15027,479.4
874.26746,477.4
874.38464,478.2
874.50183,480.6
874.61902,482.2
874.73621,483.0
874.85339,475.8
874.97052,482.6
875.08771,477.2
875.2049,481.6
875.32202,473.6
875.43921,484.4
875.55634,480.8
875.67346,481.0
875.79065,477.6
875.90778,474.8
876.0249,478.4
876.14203,475.6
876.25916,478.8
876.37628,481.4
876.49341,480.4
876.61053,483.6
876.72766,476.6
876.84473,483.2
876.96185,478.2
877.07898,483.2
877.19604,480.4
877.31317,478.8
877.43024,479.0
877.54736,478.0
877.66443,479.0
877.78149,484.2
877.89856,481.8
878.01569,474.4
878.13275,479.6
878.24982,480.8
878.36688,481.0
878.48395,479.6
878.60095,477.2
878.71802,480.4
878.83508,478.4
878.95215,478.4
879.06915,476.4
879.18622,478.2
879.30322,479.2
879.42029,475.0
879.53729,482.6
879.6543,475.4
879.77136,475.6
879.88837,480.4
880.00537,477.2
880.12238,480.6
880.23938,477.8
880.35638,478.2
880.47339,474.0
880.59039,476.8
880.70734,478.4
880.82434,476.6
880.94135,480.2
881.05829,478.6
881.17529,475.2
881.29224,480.4
881.40924,477.0
881.52618,476.0
881.64313,476.6
881.76007,481.2
881.87701,477.6
881.99402,477.2
882.11096,478.2
882.22791,476.2
882.34479,472.2
882.46173,483.0
882.57867,475.0
882.69562,476.6
882.8125,478.0
882.92944,480.6
883.04639,476.0
883.16327,484.8
883.28015,480.0
883.39709,476.0
883.51398,480.0
883.63086,478.6
883.74774,478.2
883.86462,479.2
883.98157,476.2
884.09839,480.2
884.21527,481.2
884.33215,480.8
884.44904,477.0
884.56592,480.2
884.68274,485.2
884.79962,477.4
884.9165,480.8
885.03333,483.8
885.15015,482.4
885.26703,480.2
885.38385,484.8
885.50067,483.2
885.61749,483.0
885.73438,485.4
885.8512,484.0
885.96802,485.6
886.08478,481.4
886.2016,483.4
886.31842,486.2
886.43524,481.8
886.55206,484.6
886.66882,482.4
886.78564,480.6
886.9024,486.4
887.01923,482.0
887.13599,482.6
887.25275,477.0
887.36951,482.4
887.48633,480.4
887.60309,485.8
887.71985,485.6
887.83661,480.4
887.95337,480.0
888.07007,476.2
888.18683,476.4
888.30359,476.4
888.42035,479.6
888.53705,478.8
888.65381,476.4
888.77051,481.4
888.88721,478.8
889.00397,479.8
889.12067,480.0
889.23737,482.8
889.35406,481.6
889.47083,477.2
889.58752,473.4
889.70416,479.4
889.82086,478.8
889.93756,481.4
890.05426,478.8
890.17096,479.6
890.2876,475.4
890.4043,477.6
890.52094,478.0
890.63763,480.0
890.75427,477.6
890.87091,480.0
890.98761,481.0
891.10425,478.0
891.22089,479.2
891.33752,480.0
891.45416,474.0
891.5708,478.4
891.68744,479.0
891.80408,477.6
891.92065,481.0
892.03729,479.4
892.15393,480.6
892.27051,481.6
892.38715,479.2
892.50372,477.6
892.6203,481.6
892.73694,477.8
892.85352,483.0
892.97009,476.8
893.08667,480.8
893.20325,480.0
893.31982,477.2
893.4364,479.2
893.55298,481.6
893.66956,480.0
893.78607,483.0
893.90265,484.4
894.01917,482.4
894.13574,483.8
894.25226,481.0
894.36884,481.0
894.48535,486.6
894.60187,479.8
894.71838,481.0
894.8349,483.6
894.95148,480.8
895.06793,488.6
895.18445,479.0
895.30096,481.2
895.41748,474.8
895.534,477.6
895.65045,476.2
895.76697,482.4
895.88342,484.6
895.99994,476.8
896.11639,482.2
896.23291,481.0
896.34937,476.2
896.46582,480.2
896.58228,487.6
896.69873,481.8
896.81519,478.2
896.93164,480.8
897.0481,482.4
897.16455,482.4
897.28094,481.8
897.3974,480.8
897.51385,479.0
897.63025,485.2
897.7467,482.2
897.8631,481.0
897.97949,480.8
898.09595,475.0
898.21234,479.0
898.32874,481.4
898.44513,485.4
898.56152,478.4
898.67792,481.6
898.79431,478.2
898.91064,479.2
899.02704,479.2
899.14343,479.2
899.25977,486.2
899.37616,476.6
899.49249,477.4
899.60889,479.6
899.72522,483.0
899.84155,478.0
899.95789,482.6
900.07428,479.4
900.19061,479.6
900.30695,478.6
900.42322,480.0
900.53955,475.4
900.65588,480.6
900.77222,477.4
900.88849,478.8
901.00482,477.2
901.12109,478.8
901.23743,480.0
901.3537,477.6
901.47003,474.0
901.5863,480.6
901.70258,476.6
901.81885,480.8
901.93512,474.2
902.05139,476.8
902.16766,482.4
902.28394,477.6
902.40021,476.0
902.51642,482.0
902.63269,473.0
902.7489,475.0
902.86517,474.0
902.98138,475.4
903.09766,473.6
903.21387,478.6
903.33008,476.6
903.44629,476.6
903.5625,472.8
903.67871,477.4
903.79492,476.6
903.91113,473.8
904.02734,474.2
904.14355,474.0
904.2597,475.8
904.37592,474.2
904.49207,467.6
904.60828,472.8
904.72443,469.6
904.84064,471.0
904.95679,469.0
905.07294,474.4
905.18909,467.2
905.30524,469.2
905.42139,474.8
905.53754,470.4
905.65369,468.6
905.76984,472.4
905.88593,470.0
906.00208,471.0
906.11816,470.2
906.23431,467.8
906.3504,468.6
906.46655,473.2
906.58264,466.6
906.69873,470.6
906.81482,469.4
906.93091,468.8
907.047,467.6
907.16309,474.2
907.27917,467.4
907.39526,469.0
907.51135,470.2
907.62738,468.0
907.74347,468.4
907.8595,467.0
907.97559,470.0
908.09161,471.0
908.2077,470.0
908.32373,469.0
908.43976,470.0
908.55579,464.4
908.67181,474.4
908.78784,470.8
908.90387,470.4
909.0199,470.0
909.13586,469.4
909.25189,466.4
909.36792,466.4
909.48389,469.6
909.59991,471.8
909.71588,467.6
909.83185,470.8
909.94788,469.6
910.06384,469.0
910.17981,469.8
910.29578,469.4
910.41174,472.2
910.52771,466.4
910.64368,470.8
910.75958,469.4
910.87555,470.4
910.99152,466.4
911.10742,472.2
911.22339,467.0
911.33929,471.6
911.4552,465.6
911.57117,470.0
911.68707,471.0
911.80298,471.2
911.91888,468.8
912.03479,470.2
912.1507,469.2
912.2666,469.0
912.38245,470.6
912.49835,468.2
912.61426,468.4
912.7301,470.8
912.84601,471.6
792.4458,834.8
792.56488,811.0
792.68396,813.2
792.8031,798.4
792.92218,780.4
793.04126,765.0
793.16034,770.2
793.27942,759.0
793.3985,752.0
793.51758,738.2
793.63672,723.8
793.7558,722.0
793.87488,713.6
793.9939,715.6
794.11298,710.6
794.23206,707.6
794.35114,701.0
794.47021,681.6
794.58929,673.0
794.70831,674.0
794.82739,671.0
794.94647,658.6
795.06549,656.6
795.18457,654.0
795.30365,649.6
795.42267,638.8
795.54175,634.0
795.66077,634.0
795.77985,629.8
795.89886,624.0
796.01794,624.4
796.13696,623.2
796.25598,620.4
796.375,618.0
796.49408,617.4
796.6131,605.0
796.73212,610.0
796.85114,604.2
796.97015,604.0
797.08923,596.2
797.20825,596.6
797.32727,594.4
797.44629,592.2
797.56531,589.6
797.68427,589.6
797.80328,588.8
797.9223,582.2
798.04132,582.4
798.16034,585.8
798.27936,584.8
798.39832,587.6
798.51733,580.6
798.63635,580.4
798.75531,577.6
798.87433,577.2
798.99329,571.0
799.1123,574.0
799.23126,569.2
799.35028,576.8
799.46924,576.2
799.58826,574.8
799.70721,567.6
799.82617,570.8
799.94519,571.0
800.06415,565.2
800.18311,570.0
800.30206,568.6
800.42102,569.0
800.54004,567.0
800.659,566.8
800.77795,565.8
800.89691,566.6
801.01587,566.4
801.13483,567.4
801.25372,566.8
801.37268,565.4
801.49164,567.6
801.6106,558.2
801.72955,570.6
801.84845,566.2
801.96741,561.2
802.08636,559.6
802.20526,565.2
802.32422,561.8
802.44318,566.0
802.56207,565.4
802.68103,564.0
802.79993,564.8
802.91882,561.2
803.03778,564.4
803.15668,558.2
803.27557,566.6
803.39453,560.8
803.51343,556.6
803.63232,562.0
803.75122,558.2
803.87012,562.8
803.98907,558.4
804.10797,560.6
804.22687,559.2
804.34576,563.8
804.46466,558.8
804.58356,562.4
804.70239,561.0
804.82129,563.8
804.94019,558.8
805.05908,560.0
805.17798,561.4
805.29681,560.6
805.41571,560.8
805.53461,562.0
805.65344,560.0
805.77234,569.4
805.89117,562.4
806.01007,571.6
806.12891,561.4
806.2478,565.4
806.36664,559.4
806.48547,562.8
806.60437,560.8
806.72321,563.4
806.84204,564.2
806.96088,563.6
807.07971,562.2
807.19861,563.2
807.31744,564.8
807.43628,566.8
807.55511,561.4
807.67395,561.8
807.79279,562.8
807.91162,560.6
808.0304,563.6
808.14923,567.6
808.26807,562.0
808.3869,562.4
808.50568,562.8
808.62451,567.4
808.74335,565.0
808.86212,565.6
808.98096,568.0
809.09979,564.2
809.21857,563.2
809.33734,568.0
809.45618,560.8
809.57495,568.8
809.69379,568.0
809.81256,566.6
809.93134,564.0
810.05011,561.8
810.16895,564.8
810.28772,562.2
810.40649,567.4
810.52527,567.2
810.64404,563.6
810.76282,572.6
810.88159,563.8
811.00037,569.6
811.11914,561.2
811.23792,567.2
811.35663,568.2
811.4754,566.2
811.59418,571.6
811.71295,570.4
811.83167,569.6
811.95044,568.6
812.06921,565.6
812.18793,568.4
812.3067,563.6
812.42542,566.0
812.54419,564.2
812.6629,567.8
812.78162,556.4
812.90039,561.8
813.0191,558.8
813.13782,562.8
813.25653,558.6
813.37524,563.2
813.49402,562.0
813.61273,563.6
813.73145,564.2
813.85016,563.2
813.96887,558.4
814.08759,558.8
814.2063,561.8
814.32495,562.2
814.44366,565.2
814.56238,565.4
814.68109,558.2
814.79974,557.2
814.91846,554.0
815.03717,555.0
815.15582,557.2
815.27454,553.0
815.39319,547.8
815.5119,554.0
815.63055,549.2
815.74927,552.6
815.86792,552.0
815.98657,555.0
816.10529,547.8
816.22394,551.8
816.34259,554.8
816.46124,559.8
816.5799,562.0
816.69855,558.2
816.8172,560.0
816.93585,557.4
817.0545,554.2
817.17316,551.2
817.29181,547.4
817.41046,550.6
817.52911,544.8
817.64771,546.4
817.76636,542.2
817.88501,545.4
818.0036,541.2
818.12225,543.4
818.24091,540.0
818.3595,537.6
818.47815,537.6
818.59674,543.2
818.71533,539.8
818.83398,533.0
818.95258,533.2
819.07117,528.6
819.18976,530.0
819.30841,535.0
819.427,537.4
819.54559,531.8
819.66418,530.4
819.78278,533.0
819.90137,535.0
820.01996,527.8
820.13855,528.8
820.25714,534.2
820.37573,528.4
820.49426,529.8
820.61285,528.4
820.73145,529.8
820.84998,523.2
820.96857,523.4
821.08716,524.2
821.20569,526.0
821.32428,524.0
821.44281,519.0
821.56134,527.6
821.67993,526.8
821.79846,518.2
821.91699,522.6
822.03558,525.2
822.15411,522.6
822.27264,520.4
822.39117,524.0
822.5097,517.4
822.62823,517.6
822.74677,520.4
822.8653,520.6
822.98383,528.0
823.10236,523.0
823.22089,517.6
823.33942,515.4
823.45789,513.6
823.57642,520.8
823.69495,514.4
823.81342,517.8
823.93195,517.6
824.05042,516.4
824.16895,518.6
824.28741,518.2
824.40594,516.0
824.52441,518.0
824.64288,516.4
824.76141,518.2
824.87988,519.8
824.99835,515.6
825.11682,514.8
825.23529,518.2
825.35376,517.8
825.47223,514.0
825.5907,514.4
825.70917,518.2
825.82764,512.8
825.94611,513.0
826.06458,510.8
826.18304,514.8
826.30145,518.2
826.41992,521.4
826.53839,516.8
826.6568,517.8
826.77527,516.4
826.89368,514.6
827.01215,517.8
827.13055,516.4
827.24902,513.0
827.36743,515.2
827.48584,517.6
827.60431,507.4
827.72272,511.8
827.84113,509.6
827.95953,506.4
828.07794,506.2
828.19635,505.6
828.31476,506.0
828.43317,510.4
828.55157,509.0
828.66998,506.0
828.78839,508.6
828.90674,506.4
829.02515,507.6
829.14355,511.8
829.2619,507.2
829.38031,505.0
829.49872,511.0
829.61707,510.8
829.73547,510.6
829.85382,506.4
829.97217,505.6
830.09058,511.0
830.20892,508.6
830.32727,507.0
830.44562,503.8
830.56403,504.6
830.68237,509.2
830.80072,507.8
830.91907,512.2
831.03741,508.6
831.15576,507.8
831.27411,514.2
831.3924,508.0
831.51074,509.2
831.62909,510.4
831.74744,510.6
831.86572,511.8
831.98407,513.0
832.10242,513.4
832.2207,512.2
832.33905,509.0
832.45734,509.8
832.57562,508.6
832.69397,505.6
832.81226,511.8
832.93054,508.0
833.04889,510.4
833.16718,508.4
833.28546,505.6
833.40375,515.8
833.52203,515.0
833.64032,505.4
833.75861,515.4
833.87689,512.6
833.99518,513.8
834.1134,507.8
834.23169,513.6
834.34998,509.2
834.46826,511.6
834.58649,511.8
834.70477,517.6
834.823,508.4
834.94128,517.2
835.05951,515.8
835.1778,512.4
835.29602,510.2
835.41425,514.2
835.53253,512.6
835.65076,511.4
835.76898,513.6
835.88721,511.6
836.00543,513.6
836.12366,515.2
836.24188,508.8
836.36011,513.2
836.47833,508.6
836.59656,519.8
836.71478,515.6
836.83295,516.8
836.95117,511.8
837.0694,516.0
837.18756,513.4
837.30579,510.2
837.42401,511.0
837.54218,510.8
837.66034,505.2
837.77856,517.0
837.89673,515.6
838.01489,516.2
838.13312,510.8
838.25128,510.2
838.36945,510.8
838.48761,510.0
838.60577,515.2
838.72394,517.8
838.8421,513.2
838.96027,518.2
839.07843,515.8
839.19659,515.6
839.31476,516.8
839.43286,515.0
839.55103,515.4
839.66919,522.6
839.78729,516.2
839.90546,519.2
840.02356,515.8
840.14172,512.8
840.25983,514.6
840.37793,519.8
840.49609,517.0
840.6142,518.0
840.7323,514.4
840.8504,517.8
840.96851,513.6
841.08661,515.2
841.20471,516.0
841.32281,520.4
841.44092,517.6
841.55902,519.0
841.67712,516.8
841.79523,518.6
841.91327,512.6
842.03137,516.8
842.14948,514.2
842.26752,512.0
842.38562,515.2
842.50366,514.4
842.62177,516.2
842.73981,514.6
842.85791,517.6
842.97595,519.8
843.09399,519.0
843.21204,519.6
843.33008,520.2
843.44818,519.4
843.56622,519.8
843.68427,516.2
843.80231,522.4
843.92029,517.6
844.03833,521.6
844.15637,523.6
844.27441,521.8
844.39246,524.8
844.51044,520.0
844.62848,520.2
844.74646,521.2
844.8645,520.6
844.98248,519.0
845.10052,517.2
845.21851,521.0
845.33649,522.4
845.45453,522.2
845.57251,522.0
845.69049,519.6
845.80847,521.2
845.92645,524.6
846.04443,516.8
846.16241,515.2
846.2804,523.4
846.39838,516.6
846.51636,521.6
846.63434,519.4
846.75226,525.4
846.87024,521.0
846.98822,521.2
847.10614,520.8
847.22412,513.2
847.34204,520.8
847.46002,519.8
847.57794,516.0
847.69586,521.4
847.81384,515.0
847.93176,520.8
848.04968,519.8
848.1676,518.4
848.28552,515.0
848.40344,520.6
848.52136,521.4
848.63928,518.8
848.7572,519.0
848.87512,525.4
848.99304,512.8
849.1109,517.6
849.22882,516.6
849.34674,518.2
849.4646,520.8
849.58252,517.0
849.70038,518.0
849.8183,514.8
849.93616,517.4
850.05402,517.2
850.17194,515.4
850.28979,512.2
850.40765,516.8
850.52551,517.4
850.64337,518.2
850.76123,520.0
850.87909,515.8
850.99695,521.0
851.11481,514.2
851.23267,524.2
851.35046,519.8
851.46832,511.4
851.58618,516.0
851.70398,520.2
851.82184,518.0
851.93964,524.4
852.0575,528.8
852.17529,538.8
852.29315,528.6
852.41095,523.0
852.52875,523.6
852.64655,525.4
852.7644,516.8
852.8822,513.6
853.0,518.6
853.1178,518.2
853.2356,510.8
853.35333,516.0
853.47113,515.4
853.58893,512.6
853.70673,518.6
853.82446,512.8
853.94226,517.8
854.06006,516.8
854.1778,517.6
854.29559,518.2
854.41333,523.6
854.53107,522.0
854.64886,522.6
854.7666,519.8
854.88434,524.6
855.00208,525.0
855.11981,528.8
855.23761,530.8
855.35535,536.2
855.47302,535.4
855.59076,531.0
855.7085,530.4
855.82623,522.8
855.94397,529.2
856.06165,523.0
856.17938,520.0
856.29712,521.8
856.41479,523.8
856.53253,518.0
856.65021,517.8
856.76788,518.4
856.88562,517.8
857.0033,517.0
857.12097,518.8
857.23865,514.8
857.35632,512.0
857.474,513.6
857.59167,518.0
857.70935,515.2
857.82703,519.8
857.9447,511.8
858.06238,514.4
858.18005,514.2
858.29767,519.8
858.41534,512.2
858.53296,515.8
858.65063,518.0
858.76825,515.8
858.88593,515.8
859.00354,520.8
859.12115,510.0
859.23883,515.0
859.35645,511.8
859.47406,517.0
859.59167,509.8
859.70929,516.4
859.8269,515.8
859.94452,509.6
860.06213,510.6
860.17975,516.4
860.29736,509.8
860.41492,502.8
860.53253,507.6
860.65009,509.4
860.7677,509.0
860.88525,511.0
861.00287,511.8
861.12042,513.2
861.23804,515.6
861.35559,514.0
861.47314,511.0
861.5907,511.6
861.70825,505.8
861.82581,511.2
861.94336,506.4
862.06091,508.0
862.17847,506.2
862.29602,501.8
862.41357,502.2
862.53113,504.8
862.64862,498.4
862.76617,504.6
862.88367,507.8
863.00122,507.0
863.11871,505.2
863.23627,510.4
863.35376,506.2
863.47125,505.2
863.58881,501.2
863.7063,508.8
863.82379,498.0
863.94128,504.2
864.05878,503.4
864.17627,508.0
864.29376,504.6
864.41125,506.8
864.52869,504.8
864.64618,505.4
864.76367,500.8
864.8811,508.8
864.9986,502.2
865.11609,497.8
865.23352,503.8
865.35095,504.0
865.46844,505.0
865.58588,502.8
865.70331,502.4
865.82074,503.6
865.93823,501.0
866.05566,505.2
866.1731,502.4
866.29053,502.4
866.4079,503.4
866.52533,506.0
866.64276,505.4
866.76019,505.8
866.87756,499.6
866.995,505.8
867.11243,501.6
867.2298,507.2
867.34723,507.6
867.4646,506.6
867.58197,501.2
867.6994,508.4
867.81677,502.4
867.93414,505.2
868.05151,504.4
868.16888,502.8
868.28625,507.2
868.40363,506.2
868.521,502.0
868.63837,507.8
868.75568,508.6
868.87305,509.6
868.99042,507.8
869.10773,512.0
869.2251,504.4
869.34241,513.8
869.45978,508.0
869.57709,510.8
869.69446,510.2
869.81177,509.4
869.92908,507.8
870.04639,512.0
870.1637,505.4
870.28101,514.6
870.39832,508.2
870.51563,515.6
870.63293,510.0
870.75024,509.2
870.86749,515.2
870.9848,507.0
871.10211,512.0
871.21936,513.0
871.33667,511.0
871.45392,515.0
871.57123,508.8
871.68848,508.6
871.80573,513.6
871.92297,511.2
872.04028,507.8
872.15753,513.0
872.27478,511.0
872.39203,512.0
872.50928,502.6
872.62646,511.4
872.74371,508.8
872.86096,512.2
872.97821,509.0
873.0954,507.6
873.21265,510.2
873.32983,507.8
873.44708,509.8
873.56427,511.6
873.68152,508.8
873.79871,507.8
873.91589,508.2
874.03308,512.6
874.15027,510.4
874.26746,512.2
874.38464,507.8
874.50183,511.4
874.61902,507.6
874.73621,513.0
874.85339,507.8
874.97052,511.0
875.08771,510.6
875.2049,507.2
875.32202,507.8
875.43921,511.6
875.55634,509.4
875.67346,515.2
875.79065,516.0
875.90778,515.0
876.0249,512.0
876.14203,510.8
876.25916,508.2
876.37628,517.4
876.49341,521.8
876.61053,510.8
876.72766,509.8
876.84473,515.4
876.96185,508.0
877.07898,511.4
877.19604,513.4
877.31317,513.8
877.43024,512.4
877.54736,509.6
877.66443,509.8
877.78149,509.8
877.89856,514.8
878.01569,512.0
878.13275,507.2
878.24982,504.2
878.36688,507.2
878.48395,513.0
878.60095,500.4
878.71802,504.8
878.83508,500.8
878.95215,503.6
879.06915,503.0
879.18622,503.4
879.30322,502.4
879.42029,497.2
879.53729,504.0
879.6543,502.4
879.77136,505.6
879.88837,507.6
880.00537,501.0
880.12238,503.8
880.23938,499.0
880.35638,502.0
880.47339,501.6
880.59039,500.4
880.70734,501.0
880.82434,502.8
880.94135,503.2
881.05829,501.8
881.17529,503.0
881.29224,499.8
881.40924,502.8
881.52618,500.8
881.64313,499.8
881.76007,505.4
881.87701,501.4
881.99402,502.4
882.11096,502.2
882.22791,499.0
882.34479,500.6
882.46173,505.6
882.57867,497.4
882.69562,503.8
882.8125,502.8
882.92944,505.4
883.04639,504.6
883.16327,508.2
883.28015,506.0
883.39709,502.0
883.51398,503.8
883.63086,508.0
883.74774,507.0
883.86462,505.8
883.98157,506.2
884.09839,507.2
884.21527,505.8
884.33215,504.0
884.44904,506.6
884.56592,509.4
884.68274,513.4
884.79962,514.0
884.9165,510.4
885.03333,521.6
885.15015,515.8
885.26703,517.8
885.38385,517.0
885.50067,523.0
885.61749,522.8
885.73438,522.2
885.8512,520.6
885.96802,526.6
886.08478,516.6
886.2016,521.0
886.31842,519.4
886.43524,517.4
886.55206,515.0
886.66882,514.4
886.78564,512.6
886.9024,517.0
887.01923,509.2
887.13599,505.4
887.25275,509.4
887.36951,508.0
887.48633,508.0
887.60309,508.0
887.71985,504.0
887.83661,507.4
887.95337,500.6
888.07007,502.8
888.18683,496.0
888.30359,500.0
888.42035,498.0
888.53705,497.6
888.65381,496.8
888.77051,497.2
888.88721,496.4
889.00397,495.0
889.12067,495.0
889.23737,495.6
889.35406,492.8
889.47083,491.8
889.58752,491.6
889.70416,494.2
889.82086,494.2
889.93756,495.0
890.05426,495.8
890.17096,492.4
890.2876,499.4
890.4043,496.4
890.52094,497.2
890.63763,495.8
890.75427,493.4
890.87091,499.0
890.98761,493.6
891.10425,498.0
891.22089,493.8
891.33752,495.0
891.45416,496.2
891.5708,491.4
891.68744,494.6
891.80408,494.8
891.92065,490.8
892.03729,495.8
892.15393,498.4
892.27051,497.4
892.38715,494.6
892.50372,494.6
892.6203,498.0
892.73694,500.2
892.85352,496.6
892.97009,493.2
893.08667,494.2
893.20325,497.0
893.31982,496.8
893.4364,495.4
893.55298,486.2
893.66956,502.4
893.78607,499.8
893.90265,498.8
894.01917,503.0
894.13574,494.0
894.25226,496.6
894.36884,504.8
894.48535,495.2
894.60187,500.6
894.71838,496.6
894.8349,501.6
894.95148,496.2
895.06793,498.6
895.18445,501.0
895.30096,498.6
895.41748,495.0
895.534,492.4
895.65045,493.4
895.76697,499.2
895.88342,497.6
895.99994,498.2
896.11639,492.2
896.23291,495.0
896.34937,495.4
896.46582,499.8
896.58228,497.8
896.69873,499.6
896.81519,499.0
896.93164,498.4
897.0481,494.8
897.16455,498.6
897.28094,498.2
897.3974,491.6
897.51385,501.2
897.63025,499.2
897.7467,498.2
897.8631,501.2
897.97949,501.0
898.09595,502.6
898.21234,499.0
898.32874,501.4
898.44513,495.4
898.56152,496.6
898.67792,497.4
898.79431,498.6
898.91064,494.8
899.02704,495.8
899.14343,494.0
899.25977,505.8
899.37616,497.2
899.49249,495.0
899.60889,492.8
899.72522,494.6
899.84155,492.6
899.95789,498.2
900.07428,492.8
900.19061,494.4
900.30695,491.6
900.42322,495.8
900.53955,492.6
900.65588,496.2
900.77222,496.2
900.88849,502.2
901.00482,491.4
901.12109,494.4
901.23743,494.4
901.3537,495.2
901.47003,496.0
901.5863,496.6
901.70258,494.6
901.81885,497.2
901.93512,501.6
902.05139,501.8
902.16766,499.4
902.28394,505.0
902.40021,497.0
902.51642,499.2
902.63269,497.6
902.7489,501.2
902.86517,498.8
902.98138,499.0
903.09766,497.0
903.21387,501.6
903.33008,498.8
903.44629,501.2
903.5625,494.0
903.67871,495.4
903.79492,490.0
903.91113,496.8
904.02734,494.4
904.14355,496.6
904.2597,494.6
904.37592,490.4
904.49207,489.6
904.60828,492.2
904.72443,486.8
904.84064,492.0
904.95679,484.8
905.07294,490.6
905.18909,485.4
905.30524,485.2
905.42139,483.2
905.53754,483.4
905.65369,483.4
905.76984,481.6
905.88593,477.0
906.00208,482.4
906.11816,486.6
906.23431,478.6
906.3504,482.0
906.46655,480.6
906.58264,474.8
906.69873,481.8
906.81482,477.2
906.93091,479.2
907.047,482.8
907.16309,479.8
907.27917,478.6
907.39526,479.6
907.51135,479.8
907.62738,480.6
907.74347,478.2
907.8595,478.2
907.97559,478.8
908.09161,483.2
908.2077,481.2
908.32373,478.6
908.43976,475.4
908.55579,475.6
908.67181,476.2
908.78784,480.2
908.90387,477.0
909.0199,477.2
909.13586,476.8
909.25189,479.4
909.36792,473.8
909.48389,477.0
909.59991,474.4
909.71588,478.4
909.83185,482.8
909.94788,478.4
910.06384,473.8
910.17981,482.4
910.29578,477.8
910.41174,475.6
910.52771,473.0
910.64368,481.2
910.75958,476.6
910.87555,476.4
910.99152,478.0
911.10742,480.0
911.22339,478.0
911.33929,481.4
911.4552,478.4
911.57117,469.0
911.68707,478.4
911.80298,477.8
911.91888,478.8
912.03479,477.2
912.1507,480.2
912.2666,479.4
912.38245,476.4
912.49835,478.6
912.61426,480.4
912.7301,475.0
912.84601,478.4
792.4458,733.0
792.56488,760.0
792.68396,771.0
792.8031,766.6
792.92218,743.8
793.04126,732.6
793.16034,736.2
793.27942,735.4
793.3985,717.2
793.51758,700.2
793.63672,701.0
793.7558,694.2
793.87488,707.2
793.9939,695.0
794.11298,685.8
794.23206,683.8
794.35114,674.6
794.47021,670.0
794.58929,663.8
794.70831,659.8
794.82739,650.2
794.94647,654.4
795.06549,655.2
795.18457,647.8
795.30365,645.0
795.42267,633.2
795.54175,634.8
795.66077,631.6
795.77985,626.6
795.89886,631.2
796.01794,629.8
796.13696,628.0
796.25598,625.8
796.375,617.2
796.49408,613.6
796.6131,613.6
796.73212,615.8
796.85114,607.8
796.97015,610.0
797.08923,601.6
797.20825,606.4
797.32727,602.6
797.44629,597.2
797.56531,593.0
797.68427,604.0
797.80328,593.0
797.9223,598.6
798.04132,597.2
798.16034,600.4
798.27936,596.0
798.39832,592.8
798.51733,593.0
798.63635,592.2
798.75531,590.6
798.87433,587.0
798.99329,584.4
799.1123,582.8
799.23126,586.4
799.35028,588.4
799.46924,589.4
799.58826,585.4
799.70721,586.8
799.82617,586.6
799.94519,583.2
800.06415,586.4
800.18311,581.6
800.30206,584.0
800.42102,581.0
800.54004,580.6
800.659,584.0
800.77795,577.2
800.89691,577.8
801.01587,575.4
801.13483,582.4
801.25372,574.4
801.37268,575.8
801.49164,584.8
801.6106,580.0
801.72955,583.2
801.84845,583.2
801.96741,579.8
802.08636,579.0
802.20526,579.2
802.32422,575.4
802.44318,575.0
802.56207,577.8
802.68103,574.4
802.79993,576.6
802.91882,577.8
803.03778,574.4
803.15668,578.4
803.27557,581.2
803.39453,581.6
803.51343,570.6
803.63232,582.2
803.75122,577.2
803.87012,571.0
803.98907,571.8
804.10797,577.0
804.22687,574.6
804.34576,577.6
804.46466,574.4
804.58356,579.4
804.70239,572.4
804.82129,571.6
804.94019,574.8
805.05908,579.0
805.17798,573.0
805.29681,571.2
805.41571,573.8
805.53461,575.8
805.65344,572.0
805.77234,583.0
805.89117,578.2
806.01007,580.6
806.12891,578.4
806.2478,580.4
806.36664,575.6
806.48547,575.2
806.60437,582.6
806.72321,577.6
806.84204,574.4
806.96088,578.8
807.07971,574.4
807.19861,581.2
807.31744,582.2
807.43628,579.0
807.55511,574.2
807.67395,580.2
807.79279,574.2
807.91162,579.2
808.0304,588.4
808.14923,582.8
808.26807,577.2
808.3869,581.2
808.50568,581.2
808.62451,582.8
808.74335,583.0
808.86212,581.4
808.98096,583.8
809.09979,585.6
809.21857,580.0
809.33734,585.0
809.45618,588.6
809.57495,583.4
809.69379,585.2
809.81256,583.6
809.93134,579.0
810.05011,578.4
810.16895,574.4
810.28772,584.6
810.40649,576.2
810.52527,586.6
810.64404,579.6
810.76282,590.2
810.88159,584.6
811.00037,584.4
811.11914,580.4
811.23792,578.8
811.35663,580.4
811.4754,581.6
811.59418,584.4
811.71295,586.2
811.83167,580.6
811.95044,585.6
812.06921,582.6
812.18793,583.4
812.3067,581.4
812.42542,577.0
812.54419,579.4
812.6629,579.8
812.78162,572.0
812.90039,574.6
813.0191,575.4
813.13782,577.4
813.25653,573.4
813.37524,578.2
813.49402,578.6
813.61273,574.6
813.73145,575.4
813.85016,578.8
813.96887,568.8
814.08759,572.8
814.2063,577.8
814.32495,580.2
814.44366,578.6
814.56238,569.2
814.68109,574.0
814.79974,570.0
814.91846,567.2
815.03717,574.2
815.15582,575.6
815.27454,574.2
815.39319,561.8
815.5119,567.8
815.63055,569.2
815.74927,572.4
815.86792,573.4
815.98657,569.8
816.10529,566.0
816.22394,567.4
816.34259,571.0
816.46124,576.4
816.5799,573.6
816.69855,574.2
816.8172,567.2
816.93585,571.4
817.0545,572.8
817.17316,570.2
817.29181,565.6
817.41046,561.4
817.52911,565.0
817.64771,566.2
817.76636,558.0
817.88501,562.8
818.0036,561.6
818.12225,564.4
818.24091,553.0
818.3595,553.8
818.47815,555.8
818.59674,558.0
818.71533,555.4
818.83398,556.2
818.95258,555.8
819.07117,548.2
819.18976,547.4
819.30841,556.0
819.427,554.2
819.54559,552.4
819.66418,552.2
819.78278,550.0
819.90137,551.2
820.01996,552.4
820.13855,549.0
820.25714,551.8
820.37573,551.2
820.49426,544.2
820.61285,544.6
820.73145,541.6
820.84998,542.8
820.96857,541.8
821.08716,546.8
821.20569,544.0
821.32428,538.8
821.44281,535.8
821.56134,539.2
821.67993,541.8
821.79846,541.0
821.91699,538.0
822.03558,542.2
822.15411,543.6
822.27264,544.2
822.39117,543.2
822.5097,536.2
822.62823,541.6
822.74677,537.8
822.8653,540.6
822.98383,541.4
823.10236,542.2
823.22089,534.8
823.33942,542.8
823.45789,541.2
823.57642,548.4
823.69495,535.8
823.81342,539.4
823.93195,535.0
824.05042,540.8
824.16895,539.4
824.28741,541.4
824.40594,538.8
824.52441,535.8
824.64288,538.4
824.76141,537.4
824.87988,530.6
824.99835,535.2
825.11682,536.4
825.23529,538.4
825.35376,539.2
825.47223,536.8
825.5907,537.2
825.70917,537.2
825.82764,533.4
825.94611,535.8
826.06458,530.6
826.18304,534.2
826.30145,535.2
826.41992,534.4
826.53839,530.2
826.6568,536.8
826.77527,534.8
826.89368,540.2
827.01215,535.2
827.13055,537.4
827.24902,537.6
827.36743,535.4
827.48584,531.0
827.60431,532.2
827.72272,533.4
827.84113,527.4
827.95953,534.2
828.07794,530.0
828.19635,534.2
828.31476,528.4
828.43317,528.4
828.55157,530.0
828.66998,527.2
828.78839,537.2
828.90674,526.4
829.02515,531.2
829.14355,528.0
829.2619,526.2
829.38031,528.4
829.49872,528.2
829.61707,525.8
829.73547,525.8
829.85382,529.2
829.97217,527.0
830.09058,523.4
830.20892,527.6
830.32727,528.8
830.44562,536.6
830.56403,526.4
830.68237,532.4
830.80072,525.2
830.91907,531.8
831.03741,524.4
831.15576,530.2
831.27411,529.8
831.3924,526.4
831.51074,529.6
831.62909,529.2
831.74744,529.0
831.86572,528.0
831.98407,530.4
832.10242,530.6
832.2207,529.4
832.33905,531.0
832.45734,528.2
832.57562,532.0
832.69397,528.4
832.81226,537.0
832.93054,533.0
833.04889,531.8
833.16718,531.6
833.28546,531.4
833.40375,535.8
833.52203,527.8
833.64032,521.6
833.75861,534.0
833.87689,533.2
833.99518,533.6
834.1134,531.2
834.23169,535.6
834.34998,525.6
834.46826,532.2
834.58649,529.2
834.70477,536.0
834.823,532.6
834.94128,539.0
835.05951,526.8
835.1778,534.0
835.29602,529.8
835.41425,538.6
835.53253,531.6
835.65076,534.0
835.76898,532.4
835.88721,533.2
836.00543,534.0
836.12366,535.2
836.24188,531.8
836.36011,533.8
836.47833,533.6
836.59656,537.8
836.71478,529.4
836.83295,533.4
836.95117,527.0
837.0694,537.2
837.18756,532.2
837.30579,534.6
837.42401,534.0
837.54218,532.4
837.66034,533.2
837.77856,535.6
837.89673,531.6
838.01489,536.0
838.13312,530.6
838.25128,531.8
838.36945,535.4
838.48761,537.2
838.60577,537.6
838.72394,533.0
838.8421,537.6
838.96027,533.4
839.07843,536.0
839.19659,533.8
839.31476,537.6
839.43286,537.8
839.55103,535.8
839.66919,541.0
839.78729,535.8
839.90546,530.2
840.02356,537.8
840.14172,535.4
840.25983,535.2
840.37793,541.6
840.49609,531.0
840.6142,531.0
840.7323,530.4
840.8504,535.2
840.96851,531.0
841.08661,532.8
841.20471,536.8
841.32281,537.0
841.44092,535.8
841.55902,540.8
841.67712,527.0
841.79523,539.2
841.91327,536.4
842.03137,534.6
842.14948,539.4
842.26752,537.0
842.38562,530.4
842.50366,536.0
842.62177,533.6
842.73981,534.6
842.85791,536.0
842.97595,536.8
843.09399,537.4
843.21204,537.8
843.33008,537.4
843.44818,537.0
843.56622,532.0
843.68427,535.2
843.80231,533.6
843.92029,537.0
844.03833,542.8
844.15637,533.2
844.27441,538.0
844.39246,538.4
844.51044,540.4
844.62848,537.6
844.74646,535.8
844.8645,536.8
844.98248,532.0
845.10052,536.0
845.21851,536.0
845.33649,541.8
845.45453,535.8
845.57251,534.8
845.69049,536.2
845.80847,533.4
845.92645,541.0
846.04443,532.4
846.16241,533.2
846.2804,540.4
846.39838,533.4
846.51636,537.0
846.63434,533.6
846.75226,538.4
846.87024,535.0
846.98822,538.2
847.10614,539.6
847.22412,532.8
847.34204,536.2
847.46002,536.6
847.57794,535.0
847.69586,541.4
847.81384,534.2
847.93176,537.8
848.04968,533.8
848.1676,537.0
848.28552,532.2
848.40344,534.6
848.52136,532.2
848.63928,540.4
848.7572,532.4
848.87512,537.6
848.99304,534.2
849.1109,535.8
849.22882,529.0
849.34674,536.0
849.4646,533.8
849.58252,534.8
849.70038,533.8
849.8183,530.4
849.93616,534.0
850.05402,534.2
850.17194,535.6
850.28979,534.6
850.40765,539.2
850.52551,534.8
850.64337,539.4
850.76123,542.2
850.87909,536.4
850.99695,545.6
851.11481,541.0
851.23267,542.2
851.35046,539.6
851.46832,532.8
851.58618,534.6
851.70398,540.0
851.82184,533.6
851.93964,538.8
852.0575,539.6
852.17529,550.4
852.29315,539.8
852.41095,547.2
852.52875,534.8
852.64655,538.0
852.7644,535.6
852.8822,534.0
853.0,529.8
853.1178,535.8
853.2356,536.8
853.35333,524.6
853.47113,530.2
853.58893,530.4
853.70673,535.6
853.82446,534.2
853.94226,531.6
854.06006,533.4
854.1778,534.6
854.29559,536.4
854.41333,534.0
854.53107,540.0
854.64886,535.0
854.7666,537.8
854.88434,535.0
855.00208,540.8
855.11981,547.4
855.23761,540.2
855.35535,544.0
855.47302,542.6
855.59076,539.8
855.7085,539.6
855.82623,535.4
855.94397,538.4
856.06165,537.8
856.17938,539.8
856.29712,536.6
856.41479,536.4
856.53253,536.8
856.65021,533.8
856.76788,530.8
856.88562,533.6
857.0033,532.8
857.12097,532.6
857.23865,530.2
857.35632,530.0
857.474,532.0
857.59167,531.6
857.70935,530.8
857.82703,537.2
857.9447,532.6
858.06238,533.8
858.18005,535.4
858.29767,538.0
858.41534,532.0
858.53296,533.0
858.65063,538.6
858.76825,535.8
858.88593,532.4
859.00354,528.2
859.12115,528.4
859.23883,534.8
859.35645,528.2
859.47406,531.2
859.59167,531.4
859.70929,534.0
859.8269,528.6
859.94452,532.6
860.06213,526.6
860.17975,533.8
860.29736,525.4
860.41492,524.0
860.53253,523.8
860.65009,523.6
860.7677,520.4
860.88525,531.4
861.00287,524.2
861.12042,530.8
861.23804,532.0
861.35559,535.2
861.47314,529.2
861.5907,523.6
861.70825,525.6
861.82581,523.4
861.94336,521.6
862.06091,523.0
862.17847,521.2
862.29602,524.0
862.41357,519.8
862.53113,522.8
862.64862,516.8
862.76617,518.8
862.88367,516.8
863.00122,523.4
863.11871,522.8
863.23627,521.2
863.35376,517.4
863.47125,523.8
863.58881,525.2
863.7063,524.4
863.82379,517.2
863.94128,521.4
864.05878,519.6
864.17627,524.8
864.29376,517.6
864.41125,519.2
864.52869,518.8
864.64618,521.6
864.76367,518.4
864.8811,521.0
864.9986,514.2
865.11609,520.4
865.23352,515.0
865.35095,520.6
865.46844,519.0
865.58588,516.4
865.70331,522.2
865.82074,517.8
865.93823,517.4
866.05566,521.2
866.1731,518.4
866.29053,520.0
866.4079,519.2
866.52533,520.0
866.64276,520.0
866.76019,514.0
866.87756,518.0
866.995,522.4
867.11243,515.6
867.2298,522.2
867.34723,519.6
867.4646,521.2
867.58197,523.4
867.6994,525.6
867.81677,521.8
867.93414,518.0
868.05151,518.6
868.16888,521.8
868.28625,519.2
868.40363,522.4
868.521,528.2
868.63837,526.0
868.75568,526.8
868.87305,527.0
868.99042,527.0
869.10773,525.6
869.2251,525.8
869.34241,525.0
869.45978,528.2
869.57709,529.0
869.69446,523.2
869.81177,523.4
869.92908,526.2
870.04639,528.6
870.1637,529.0
870.28101,530.6
870.39832,527.8
870.51563,525.4
870.63293,528.8
870.75024,530.8
870.86749,529.6
870.9848,529.8
871.10211,528.2
871.21936,528.8
871.33667,526.8
871.45392,529.2
871.57123,523.8
871.68848,524.4
871.80573,529.6
871.92297,529.4
872.04028,520.8
872.15753,526.8
872.27478,521.8
872.39203,525.8
872.50928,515.0
872.62646,524.0
872.74371,525.4
872.86096,523.6
872.97821,526.4
873.0954,525.4
873.21265,524.0
873.32983,525.0
873.44708,521.6
873.56427,529.4
873.68152,523.4
873.79871,527.8
873.91589,523.8
874.03308,519.2
874.15027,527.4
874.26746,524.4
874.38464,524.0
874.50183,528.2
874.61902,525.8
874.73621,523.6
874.85339,527.2
874.97052,528.6
875.08771,522.8
875.2049,522.2
875.32202,526.0
875.43921,525.2
875.55634,525.4
875.67346,529.8
875.79065,534.6
875.90778,530.0
876.0249,520.8
876.14203,523.6
876.25916,522.0
876.37628,526.8
876.49341,529.2
876.61053,525.0
876.72766,522.2
876.84473,526.8
876.96185,524.2
877.07898,524.2
877.19604,529.6
877.31317,523.4
877.43024,527.4
877.54736,524.2
877.66443,522.6
877.78149,523.8
877.89856,523.2
878.01569,523.6
878.13275,519.4
878.24982,526.2
878.36688,517.4
878.48395,522.4
878.60095,519.0
878.71802,515.0
878.83508,519.6
878.95215,518.0
879.06915,513.8
879.18622,519.4
879.30322,517.0
879.42029,518.0
879.53729,513.0
879.6543,511.6
879.77136,513.2
879.88837,513.8
880.00537,511.8
880.12238,517.4
880.23938,514.2
880.35638,520.8
880.47339,512.4
880.59039,516.4
880.70734,515.8
880.82434,515.6
880.94135,520.4
881.05829,520.0
881.17529,518.4
881.29224,519.6
881.40924,513.4
881.52618,512.8
881.64313,514.8
881.76007,513.4
881.87701,515.6
881.99402,511.4
882.11096,516.2
882.22791,509.0
882.34479,511.0
882.46173,513.6
882.57867,514.6
882.69562,518.0
882.8125,516.2
882.92944,517.0
883.04639,518.8
883.16327,518.6
883.28015,515.2
883.39709,514.4
883.51398,520.2
883.63086,519.6
883.74774,520.2
883.86462,521.8
883.98157,518.6
884.09839,517.0
884.21527,514.4
884.33215,521.8
884.44904,520.6
884.56592,522.8
884.68274,522.2
884.79962,526.2
884.9165,528.2
885.03333,525.8
885.15015,529.4
885.26703,534.2
885.38385,528.6
885.50067,536.0
885.61749,530.2
885.73438,534.0
885.8512,535.4
885.96802,532.6
886.08478,536.8
886.2016,527.8
886.31842,528.6
886.43524,528.8
886.55206,530.4
886.66882,528.2
886.78564,523.4
886.9024,525.6
887.01923,524.8
887.13599,523.2
887.25275,520.6
887.36951,522.4
887.48633,518.4
887.60309,520.4
887.71985,518.6
887.83661,512.0
887.95337,513.8
888.07007,513.2
888.18683,511.4
888.30359,511.2
888.42035,509.4
888.53705,514.2
888.65381,512.2
888.77051,509.4
888.88721,510.4
889.00397,504.8
889.12067,508.8
889.23737,508.4
889.35406,510.0
889.47083,506.8
889.58752,507.0
889.70416,506.6
889.82086,507.2
889.93756,512.2
890.05426,506.4
890.17096,508.0
890.2876,508.4
890.4043,506.6
890.52094,510.6
890.63763,505.8
890.75427,502.0
890.87091,509.6
890.98761,506.0
891.10425,508.0
891.22089,505.6
891.33752,509.8
891.45416,504.4
891.5708,506.2
891.68744,503.6
891.80408,510.6
891.92065,507.6
892.03729,503.8
892.15393,507.0
892.27051,507.4
892.38715,509.8
892.50372,509.2
892.6203,510.4
892.73694,506.4
892.85352,509.4
892.97009,507.2
893.08667,507.0
893.20325,511.4
893.31982,513.6
893.4364,510.0
893.55298,510.8
893.66956,511.0
893.78607,511.4
893.90265,512.6
894.01917,513.6
894.13574,514.4
894.25226,514.2
894.36884,514.6
894.48535,513.4
894.60187,513.4
894.71838,509.4
894.8349,511.8
894.95148,513.6
895.06793,514.2
895.18445,510.8
895.30096,515.8
895.41748,508.4
895.534,510.4
895.65045,505.8
895.76697,516.2
895.88342,509.8
895.99994,508.8
896.11639,513.0
896.23291,512.0
896.34937,504.2
896.46582,513.4
896.58228,510.2
896.69873,508.0
896.81519,506.2
896.93164,507.2
897.0481,509.8
897.16455,512.2
897.28094,510.8
897.3974,506.4
897.51385,513.2
897.63025,516.8
897.7467,507.2
897.8631,511.4
897.97949,515.6
898.09595,513.4
898.21234,508.4
898.32874,507.6
898.44513,505.0
898.56152,513.2
898.67792,507.6
898.79431,506.2
898.91064,509.0
899.02704,503.6
899.14343,509.4
899.25977,507.6
899.37616,505.0
899.49249,504.8
899.60889,508.8
899.72522,504.0
899.84155,506.6
899.95789,507.6
900.07428,502.8
900.19061,510.4
900.30695,509.6
900.42322,505.8
900.53955,510.4
900.65588,512.4
900.77222,505.4
900.88849,509.0
901.00482,509.0
901.12109,507.8
901.23743,504.4
901.3537,504.4
901.47003,505.2
901.5863,506.4
901.70258,509.4
901.81885,506.4
901.93512,509.4
902.05139,513.6
902.16766,510.6
902.28394,512.4
902.40021,507.6
902.51642,510.2
902.63269,511.0
902.7489,512.0
902.86517,509.8
902.98138,509.4
903.09766,505.4
903.21387,515.4
903.33008,506.8
903.44629,509.0
903.5625,505.2
903.67871,511.0
903.79492,502.8
903.91113,505.2
904.02734,501.6
904.14355,503.0
904.2597,498.2
904.37592,500.8
904.49207,498.4
904.60828,499.2
904.72443,496.6
904.84064,498.2
904.95679,495.2
905.07294,505.0
905.18909,496.2
905.30524,494.6
905.42139,494.2
905.53754,498.4
905.65369,495.8
905.76984,495.0
905.88593,493.0
906.00208,492.0
906.11816,492.6
906.23431,495.0
906.3504,490.4
906.46655,494.8
906.58264,485.4
906.69873,490.2
906.81482,488.8
906.93091,491.0
907.047,487.4
907.16309,493.2
907.27917,492.8
907.39526,495.2
907.51135,487.8
907.62738,489.8
907.74347,490.6
907.8595,488.0
907.97559,493.8
908.09161,491.4
908.2077,491.4
908.32373,490.6
908.43976,489.6
908.55579,488.0
908.67181,491.0
908.78784,493.4
908.90387,489.2
909.0199,491.6
909.13586,488.0
909.25189,487.4
909.36792,488.8
909.48389,485.6
909.59991,488.0
909.71588,489.2
909.83185,492.4
909.94788,487.8
910.06384,490.2
910.17981,492.2
910.29578,490.0
910.41174,486.6
910.52771,486.6
910.64368,489.4
910.75958,488.0
910.87555,492.8
910.99152,489.0
911.10742,485.6
911.22339,486.8
911.33929,489.6
911.4552,488.4
911.57117,482.4
911.68707,492.2
911.80298,488.8
911.91888,485.2
912.03479,489.6
912.1507,486.8
912.2666,492.6
912.38245,493.6
912.49835,489.6
912.61426,489.6
912.7301,489.0
912.84601,489.8
792.4458,705.8
792.56488,696.8
792.68396,688.4
792.8031,691.6
792.92218,667.4
793.04126,660.6
793.16034,662.6
793.27942,654.8
793.3985,649.2
793.51758,642.0
793.63672,639.8
793.7558,639.4
793.87488,637.6
793.9939,633.0
794.11298,622.6
794.23206,619.8
794.35114,615.8
794.47021,610.4
794.58929,601.6
794.70831,599.6
794.82739,604.8
794.94647,596.0
795.06549,597.8
795.18457,591.4
795.30365,583.8
795.42267,580.8
795.54175,579.4
795.66077,582.4
795.77985,578.2
795.89886,577.8
796.01794,575.6
796.13696,575.8
796.25598,579.4
796.375,570.2
796.49408,559.4
796.6131,566.0
796.73212,562.2
796.85114,565.6
796.97015,566.8
797.08923,555.6
797.20825,552.6
797.32727,558.4
797.44629,553.6
797.56531,553.6
797.68427,554.4
797.80328,547.4
797.9223,548.8
798.04132,548.6
798.16034,546.0
798.27936,551.4
798.39832,547.2
798.51733,543.0
798.63635,545.0
798.75531,543.2
798.87433,541.2
798.99329,538.4
799.1123,541.6
799.23126,547.2
799.35028,546.4
799.46924,544.6
799.58826,541.8
799.70721,541.4
799.82617,539.0
799.94519,534.6
800.06415,543.2
800.18311,538.0
800.30206,541.2
800.42102,540.8
800.54004,537.8
800.659,536.0
800.77795,538.6
800.89691,531.0
801.01587,534.4
801.13483,538.2
801.25372,533.2
801.37268,535.6
801.49164,532.0
801.6106,539.0
801.72955,538.0
801.84845,532.2
801.96741,540.8
802.08636,537.6
802.20526,540.4
802.32422,528.6
802.44318,536.0
802.56207,538.2
802.68103,537.8
802.79993,535.0
802.91882,536.4
803.03778,526.8
803.15668,529.2
803.27557,537.6
803.39453,536.4
803.51343,530.0
803.63232,535.6
803.75122,532.0
803.87012,534.4
803.98907,525.6
804.10797,532.0
804.22687,531.0
804.34576,531.0
804.46466,536.2
804.58356,528.4
804.70239,531.8
804.82129,532.8
804.94019,527.4
805.05908,533.0
805.17798,536.8
805.29681,533.2
805.41571,533.6
805.53461,536.4
805.65344,536.6
805.77234,540.4
805.89117,530.8
806.01007,534.4
806.12891,534.6
806.2478,541.2
806.36664,534.8
806.48547,535.8
806.60437,534.4
806.72321,538.6
806.84204,538.6
806.96088,537.4
807.07971,536.4
807.19861,538.0
807.31744,539.2
807.43628,540.0
807.55511,530.8
807.67395,539.6
807.79279,537.8
807.91162,539.6
808.0304,535.4
808.14923,541.8
808.26807,534.4
808.3869,533.8
808.50568,534.6
808.62451,541.6
808.74335,540.6
808.86212,531.8
808.98096,543.6
809.09979,542.2
809.21857,540.6
809.33734,540.4
809.45618,535.6
809.57495,539.6
809.69379,541.6
809.81256,539.6
809.93134,535.4
810.05011,544.8
810.16895,538.2
810.28772,542.0
810.40649,536.0
810.52527,540.2
810.64404,544.8
810.76282,538.8
810.88159,540.2
811.00037,539.6
811.11914,540.4
811.23792,542.8
811.35663,545.4
811.4754,541.0
811.59418,542.6
811.71295,543.0
811.83167,542.6
811.95044,535.8
812.06921,537.4
812.18793,541.4
812.3067,534.6
812.42542,540.4
812.54419,540.4
812.6629,542.0
812.78162,538.4
812.90039,536.0
813.0191,534.8
813.13782,537.0
813.25653,533.2
813.37524,534.0
813.49402,535.6
813.61273,539.0
813.73145,536.4
813.85016,533.8
813.96887,537.4
814.08759,532.0
814.2063,537.4
814.32495,538.4
814.44366,538.6
814.56238,533.6
814.68109,535.4
814.79974,535.6
814.91846,529.8
815.03717,541.0
815.15582,531.8
815.27454,533.4
815.39319,530.2
815.5119,535.8
815.63055,534.4
815.74927,532.2
815.86792,531.6
815.98657,531.8
816.10529,529.6
816.22394,533.4
816.34259,525.8
816.46124,535.0
816.5799,535.6
816.69855,541.0
816.8172,533.4
816.93585,536.4
817.0545,532.6
817.17316,528.4
817.29181,525.6
817.41046,525.8
817.52911,525.8
817.64771,524.8
817.76636,521.6
817.88501,524.0
818.0036,517.8
818.12225,522.8
818.24091,520.8
818.3595,515.8
818.47815,519.0
818.59674,517.0
818.71533,518.8
818.83398,515.4
818.95258,514.2
819.07117,510.8
819.18976,511.4
819.30841,514.2
819.427,520.6
819.54559,516.2
819.66418,513.8
819.78278,515.8
819.90137,513.0
820.01996,507.0
820.13855,509.8
820.25714,510.6
820.37573,509.4
820.49426,514.0
820.61285,509.2
820.73145,508.0
820.84998,504.4
820.96857,506.4
821.08716,506.2
821.20569,501.4
821.32428,506.8
821.44281,504.8
821.56134,507.0
821.67993,511.0
821.79846,506.2
821.91699,507.0
822.03558,498.8
822.15411,506.2
822.27264,503.0
822.39117,506.0
822.5097,503.6
822.62823,506.2
822.74677,505.2
822.8653,503.6
822.98383,502.6
823.10236,503.8
823.22089,499.6
823.33942,498.4
823.45789,493.0
823.57642,505.8
823.69495,503.6
823.81342,506.2
823.93195,495.2
824.05042,508.6
824.16895,498.4
824.28741,503.2
824.40594,502.8
824.52441,497.2
824.64288,500.2
824.76141,500.6
824.87988,500.8
824.99835,500.8
825.11682,500.2
825.23529,503.2
825.35376,500.8
825.47223,498.0
825.5907,498.6
825.70917,502.0
825.82764,498.4
825.94611,498.8
826.06458,498.8
826.18304,497.6
826.30145,498.4
826.41992,501.0
826.53839,497.2
826.6568,502.2
826.77527,499.4
826.89368,501.8
827.01215,501.6
827.13055,502.0
827.24902,497.8
827.36743,498.6
827.48584,492.8
827.60431,494.4
827.72272,492.0
827.84113,496.8
827.95953,495.4
828.07794,493.4
828.19635,495.8
828.31476,496.4
828.43317,491.0
828.55157,494.2
828.66998,492.8
828.78839,496.8
828.90674,495.0
829.02515,496.2
829.14355,498.0
829.2619,496.0
829.38031,492.2
829.49872,494.6
829.61707,490.6
829.73547,494.4
829.85382,493.6
829.97217,495.2
830.09058,494.4
830.20892,491.2
830.32727,490.8
830.44562,495.0
830.56403,494.2
830.68237,497.2
830.80072,494.2
830.91907,499.0
831.03741,495.6
831.15576,496.2
831.27411,491.0
831.3924,496.0
831.51074,495.6
831.62909,495.0
831.74744,496.4
831.86572,493.0
831.98407,494.8
832.10242,497.0
832.2207,493.4
832.33905,491.4
832.45734,493.6
832.57562,494.2
832.69397,492.6
832.81226,493.4
832.93054,494.8
833.04889,493.6
833.16718,490.8
833.28546,496.0
833.40375,500.2
833.52203,494.0
833.64032,497.0
833.75861,493.0
833.87689,493.2
833.99518,495.6
834.1134,491.6
834.23169,500.4
834.34998,495.6
834.46826,499.6
834.58649,497.4
834.70477,497.2
834.823,497.0
834.94128,501.8
835.05951,497.0
835.1778,496.6
835.29602,495.6
835.41425,494.8
835.53253,498.4
835.65076,497.0
835.76898,496.2
835.88721,497.6
836.00543,496.6
836.12366,494.6
836.24188,496.8
836.36011,497.4
836.47833,499.6
836.59656,496.6
836.71478,496.4
836.83295,496.8
836.95117,496.4
837.0694,500.2
837.18756,499.6
837.30579,498.6
837.42401,499.4
837.54218,497.0
837.66034,493.2
837.77856,500.4
837.89673,500.0
838.01489,499.8
838.13312,496.0
838.25128,497.6
838.36945,493.8
838.48761,501.8
838.60577,503.8
838.72394,500.8
838.8421,500.2
838.96027,498.2
839.07843,500.6
839.19659,500.6
839.31476,498.8
839.43286,501.8
839.55103,503.2
839.66919,504.2
839.78729,499.4
839.90546,504.0
840.02356,504.8
840.14172,497.8
840.25983,502.0
840.37793,504.4
840.49609,501.2
840.6142,497.6
840.7323,498.6
840.8504,497.8
840.96851,497.4
841.08661,502.6
841.20471,498.6
841.32281,502.4
841.44092,504.2
841.55902,499.8
841.67712,499.2
841.79523,500.2
841.91327,501.2
842.03137,506.6
842.14948,501.4
842.26752,499.4
842.38562,501.6
842.50366,500.0
842.62177,501.0
842.73981,499.8
842.85791,498.6
842.97595,498.2
843.09399,501.8
843.21204,498.8
843.33008,502.2
843.44818,499.4
843.56622,501.2
843.68427,501.0
843.80231,506.6
843.92029,499.2
844.03833,504.4
844.15637,497.8
844.27441,501.4
844.39246,501.4
844.51044,499.8
844.62848,500.8
844.74646,500.8
844.8645,499.4
844.98248,502.2
845.10052,498.2
845.21851,501.4
845.33649,503.6
845.45453,499.6
845.57251,505.2
845.69049,499.4
845.80847,496.4
845.92645,503.4
846.04443,499.0
846.16241,500.2
846.2804,503.4
846.39838,499.8
846.51636,499.4
846.63434,502.6
846.75226,502.2
846.87024,506.6
846.98822,500.6
847.10614,501.6
847.22412,505.8
847.34204,499.8
847.46002,498.0
847.57794,504.6
847.69586,506.6
847.81384,498.0
847.93176,504.8
848.04968,502.2
848.1676,502.8
848.28552,497.6
848.40344,504.8
848.52136,505.0
848.63928,502.6
848.7572,503.4
848.87512,496.2
848.99304,504.2
849.1109,501.2
849.22882,499.8
849.34674,492.0
849.4646,501.0
849.58252,501.4
849.70038,496.0
849.8183,499.8
849.93616,498.2
850.05402,500.6
850.17194,501.4
850.28979,500.8
850.40765,499.6
850.52551,501.4
850.64337,502.2
850.76123,494.4
850.87909,497.8
850.99695,499.4
851.11481,499.8
851.23267,492.4
851.35046,501.6
851.46832,495.4
851.58618,499.4
851.70398,503.6
851.82184,505.4
851.93964,503.4
852.0575,507.0
852.17529,510.2
852.29315,505.8
852.41095,508.4
852.52875,502.2
852.64655,502.6
852.7644,500.0
852.8822,501.4
853.0,494.6
853.1178,497.2
853.2356,497.8
853.35333,498.2
853.47113,497.8
853.58893,496.0
853.70673,499.6
853.82446,497.8
853.94226,503.2
854.06006,499.4
854.1778,503.6
854.29559,498.4
854.41333,498.0
854.53107,499.2
854.64886,499.4
854.7666,501.0
854.88434,501.2
855.00208,506.4
855.11981,502.8
855.23761,508.8
855.35535,509.2
855.47302,506.8
855.59076,506.2
855.7085,510.0
855.82623,501.8
855.94397,508.0
856.06165,498.0
856.17938,501.2
856.29712,500.4
856.41479,506.2
856.53253,500.6
856.65021,501.2
856.76788,500.0
856.88562,498.8
857.0033,493.8
857.12097,504.0
857.23865,494.2
857.35632,499.6
857.474,496.8
857.59167,499.2
857.70935,497.0
857.82703,496.6
857.9447,495.0
858.06238,501.0
858.18005,497.2
858.29767,502.6
858.41534,498.6
858.53296,501.2
858.65063,494.8
858.76825,500.2
858.88593,495.6
859.00354,498.6
859.12115,497.4
859.23883,498.6
859.35645,490.6
859.47406,498.8
859.59167,497.4
859.70929,498.0
859.8269,490.2
859.94452,494.2
860.06213,496.6
860.17975,498.8
860.29736,491.0
860.41492,489.0
860.53253,490.6
860.65009,492.8
860.7677,492.8
860.88525,499.8
861.00287,493.0
861.12042,495.8
861.23804,496.8
861.35559,499.8
861.47314,496.0
861.5907,496.0
861.70825,493.0
861.82581,492.2
861.94336,484.2
862.06091,494.2
862.17847,489.4
862.29602,492.2
862.41357,488.0
862.53113,490.0
862.64862,488.6
862.76617,487.0
862.88367,484.2
863.00122,492.0
863.11871,486.2
863.23627,491.2
863.35376,486.2
863.47125,491.8
863.58881,492.2
863.7063,491.6
863.82379,489.2
863.94128,488.8
864.05878,491.2
864.17627,489.0
864.29376,491.2
864.41125,491.6
864.52869,494.8
864.64618,488.2
864.76367,487.8
864.8811,493.4
864.9986,490.8
865.11609,493.2
865.23352,485.0
865.35095,489.6
865.46844,491.2
865.58588,489.4
865.70331,490.2
865.82074,489.2
865.93823,489.4
866.05566,487.2
866.1731,485.4
866.29053,492.2
866.4079,493.4
866.52533,489.6
866.64276,491.8
866.76019,491.2
866.87756,489.6
866.995,493.8
867.11243,488.8
867.2298,496.2
867.34723,495.6
867.4646,496.4
867.58197,494.8
867.6994,496.0
867.81677,494.0
867.93414,494.4
868.05151,491.6
868.16888,492.2
868.28625,490.8
868.40363,493.0
868.521,487.0
868.63837,487.6
868.75568,494.2
868.87305,492.6
868.99042,495.0
869.10773,492.8
869.2251,491.6
869.34241,494.2
869.45978,491.4
869.57709,494.6
869.69446,496.4
869.81177,502.2
869.92908,495.8
870.04639,500.4
870.1637,490.2
870.28101,499.0
870.39832,496.8
870.51563,497.2
870.63293,494.4
870.75024,493.2
870.86749,499.4
870.9848,495.4
871.10211,492.4
871.21936,499.0
871.33667,493.2
871.45392,501.6
871.57123,493.8
871.68848,495.6
871.80573,497.6
871.92297,496.4
872.04028,489.8
872.15753,497.2
872.27478,493.6
872.39203,495.0
872.50928,493.4
872.62646,491.6
872.74371,497.2
872.86096,501.0
872.97821,495.8
873.0954,491.2
873.21265,494.6
873.32983,493.0
873.44708,499.6
873.56427,494.8
873.68152,497.0
873.79871,493.8
873.91589,490.0
874.03308,497.8
874.15027,495.6
874.26746,495.2
874.38464,494.0
874.50183,491.4
874.61902,494.8
874.73621,498.0
874.85339,490.8
874.97052,496.0
875.08771,489.6
875.2049,495.2
875.32202,496.2
875.43921,493.6
875.55634,496.6
875.67346,499.4
875.79065,495.4
875.90778,500.8
876.0249,493.6
876.14203,497.2
876.25916,498.0
876.37628,496.2
876.49341,501.6
876.61053,497.2
876.72766,496.0
876.84473,499.0
876.96185,490.8
877.07898,500.6
877.19604,502.0
877.31317,500.8
877.43024,497.2
877.54736,494.4
877.66443,492.0
877.78149,500.6
877.89856,490.6
878.01569,493.4
878.13275,492.4
878.24982,489.6
878.36688,490.4
878.48395,493.2
878.60095,486.0
878.71802,490.8
878.83508,491.0
878.95215,487.2
879.06915,491.4
879.18622,492.8
879.30322,491.8
879.42029,482.4
879.53729,487.8
879.6543,489.6
879.77136,483.8
879.88837,489.8
880.00537,491.6
880.12238,489.2
880.23938,484.2
880.35638,492.0
880.47339,484.8
880.59039,485.6
880.70734,490.8
880.82434,487.2
880.94135,489.4
881.05829,493.8
881.17529,487.6
881.29224,487.2
881.40924,488.6
881.52618,489.8
881.64313,490.2
881.76007,492.8
881.87701,492.8
881.99402,490.4
882.11096,491.0
882.22791,484.2
882.34479,489.4
882.46173,491.8
882.57867,490.8
882.69562,490.0
882.8125,489.8
882.92944,490.6
883.04639,489.0
883.16327,496.8
883.28015,496.0
883.39709,490.6
883.51398,492.2
883.63086,492.0
883.74774,492.8
883.86462,495.0
883.98157,494.6
884.09839,487.8
884.21527,491.8
884.33215,493.6
884.44904,490.4
884.56592,496.0
884.68274,497.0
884.79962,499.6
884.9165,497.8
885.03333,501.0
885.15015,500.0
885.26703,502.2
885.38385,498.2
885.50067,507.6
885.61749,500.4
885.73438,504.6
885.8512,507.6
885.96802,502.0
886.08478,498.6
886.2016,500.2
886.31842,500.6
886.43524,498.6
886.55206,502.8
886.66882,494.2
886.78564,498.4
886.9024,499.2
887.01923,495.0
887.13599,492.8
887.25275,494.0
887.36951,494.6
887.48633,489.6
887.60309,498.8
887.71985,495.4
887.83661,491.8
887.95337,488.4
888.07007,486.8
888.18683,491.6
888.30359,487.6
888.42035,486.0
888.53705,489.8
888.65381,486.4
888.77051,489.6
888.88721,485.6
889.00397,488.2
889.12067,487.6
889.23737,487.4
889.35406,488.2
889.47083,484.2
889.58752,485.0
889.70416,494.6
889.82086,486.2
889.93756,493.4
890.05426,483.4
890.17096,488.8
890.2876,479.8
890.4043,484.8
890.52094,480.8
890.63763,482.8
890.75427,481.6
890.87091,488.8
890.98761,488.6
891.10425,487.8
891.22089,488.0
891.33752,492.8
891.45416,486.6
891.5708,489.8
891.68744,483.2
891.80408,487.4
891.92065,484.6
892.03729,486.6
892.15393,483.8
892.27051,487.8
892.38715,482.4
892.50372,488.2
892.6203,487.0
892.73694,486.8
892.85352,492.2
892.97009,484.8
893.08667,490.6
893.20325,484.4
893.31982,491.6
893.4364,489.6
893.55298,489.2
893.66956,488.2
893.78607,492.8
893.90265,491.0
894.01917,488.0
894.13574,487.6
894.25226,486.2
894.36884,491.4
894.48535,489.8
894.60187,485.6
894.71838,490.4
894.8349,489.4
894.95148,488.6
895.06793,490.8
895.18445,487.8
895.30096,489.0
895.41748,484.2
895.534,487.6
895.65045,485.2
895.76697,493.0
895.88342,488.4
895.99994,489.0
896.11639,486.6
896.23291,493.0
896.34937,489.2
896.46582,490.2
896.58228,486.8
896.69873,490.4
896.81519,488.0
896.93164,492.2
897.0481,489.8
897.16455,491.6
897.28094,489.0
897.3974,486.0
897.51385,489.4
897.63025,490.4
897.7467,486.6
897.8631,487.0
897.97949,487.8
898.09595,488.4
898.21234,488.2
898.32874,492.8
898.44513,491.8
898.56152,491.2
898.67792,486.4
898.79431,483.8
898.91064,486.0
899.02704,489.2
899.14343,490.2
899.25977,484.0
899.37616,487.6
899.49249,485.4
899.60889,485.8
899.72522,486.0
899.84155,489.4
899.95789,486.2
900.07428,491.2
900.19061,487.6
900.30695,489.0
900.42322,491.6
900.53955,481.2
900.65588,487.2
900.77222,487.4
900.88849,491.2
901.00482,485.4
901.12109,490.4
901.23743,491.6
901.3537,483.8
901.47003,487.2
901.5863,489.8
901.70258,488.0
901.81885,489.0
901.93512,489.6
902.05139,493.4
902.16766,490.0
902.28394,491.0
902.40021,490.4
902.51642,488.8
902.63269,489.4
902.7489,488.0
902.86517,490.2
902.98138,489.4
903.09766,487.6
903.21387,488.2
903.33008,486.2
903.44629,485.4
903.5625,483.6
903.67871,486.0
903.79492,485.2
903.91113,482.0
904.02734,479.4
904.14355,487.0
904.2597,483.8
904.37592,482.0
904.49207,483.0
904.60828,478.8
904.72443,480.8
904.84064,482.0
904.95679,481.0
905.07294,479.6
905.18909,478.4
905.30524,480.2
905.42139,477.4
905.53754,480.2
905.65369,477.6
905.76984,472.2
905.88593,475.4
906.00208,473.8
906.11816,473.2
906.23431,474.4
906.3504,471.6
906.46655,477.2
906.58264,470.6
906.69873,476.8
906.81482,470.2
906.93091,470.8
907.047,477.2
907.16309,478.6
907.27917,469.4
907.39526,473.6
907.51135,472.2
907.62738,475.2
907.74347,465.2
907.8595,470.4
907.97559,478.8
908.09161,469.2
908.2077,469.6
908.32373,472.4
908.43976,473.4
908.55579,470.4
908.67181,468.6
908.78784,476.4
908.90387,473.8
909.0199,475.6
909.13586,475.8
909.25189,474.0
909.36792,473.8
909.48389,478.6
909.59991,470.2
909.71588,476.2
909.83185,475.0
909.94788,477.0
910.06384,474.8
910.17981,473.6
910.29578,475.0
910.41174,469.0
910.52771,473.2
910.64368,476.2
910.75958,475.2
910.87555,472.2
910.99152,468.0
911.10742,475.2
911.22339,471.8
911.33929,474.2
911.4552,467.8
911.57117,471.4
911.68707,471.8
911.80298,474.8
911.91888,473.2
912.03479,471.8
912.1507,476.2
912.2666,473.0
912.38245,477.8
912.49835,473.4
912.61426,472.2
912.7301,473.0
912.84601,474.4
792.4458,693.2
792.56488,687.8
792.68396,682.0
792.8031,678.6
792.92218,662.2
793.04126,654.6
793.16034,656.6
793.27942,652.4
793.3985,648.6
793.51758,633.0
793.63672,628.2
793.7558,628.6
793.87488,629.2
793.9939,624.0
794.11298,615.0
794.23206,612.6
794.35114,606.4
794.47021,604.6
794.58929,599.2
794.70831,599.0
794.82739,596.4
794.94647,591.2
795.06549,592.4
795.18457,587.6
795.30365,579.4
795.42267,579.2
795.54175,578.0
795.66077,576.2
795.77985,569.8
795.89886,571.4
796.01794,572.2
796.13696,569.6
796.25598,569.0
796.375,559.8
796.49408,560.8
796.6131,558.8
796.73212,564.6
796.85114,556.8
796.97015,558.6
797.08923,556.6
797.20825,558.8
797.32727,554.2
797.44629,555.6
797.56531,555.0
797.68427,546.6
797.80328,549.0
797.9223,549.4
798.04132,549.2
798.16034,552.0
798.27936,548.4
798.39832,545.2
798.51733,545.4
798.63635,542.0
798.75531,542.2
798.87433,540.2
798.99329,537.2
799.1123,540.6
799.23126,539.6
799.35028,540.2
799.46924,542.2
799.58826,546.0
799.70721,541.8
799.82617,539.8
799.94519,539.2
800.06415,544.8
800.18311,542.4
800.30206,539.4
800.42102,535.8
800.54004,534.0
800.659,536.2
800.77795,537.8
800.89691,532.0
801.01587,537.8
801.13483,534.8
801.25372,534.8
801.37268,535.0
801.49164,540.4
801.6106,532.4
801.72955,531.6
801.84845,537.0
801.96741,534.2
802.08636,535.6
802.20526,538.4
802.32422,528.4
802.44318,537.2
802.56207,534.8
802.68103,533.0
802.79993,537.4
802.91882,534.4
803.03778,536.2
803.15668,535.0
803.27557,539.0
803.39453,534.2
803.51343,532.6
803.63232,535.8
803.75122,532.8
803.87012,535.4
803.98907,533.4
804.10797,534.2
804.22687,533.6
804.34576,531.8
804.46466,530.8
804.58356,532.4
804.70239,533.8
804.82129,533.8
804.94019,535.2
805.05908,529.8
805.17798,534.8
805.29681,534.6
805.41571,539.2
805.53461,534.4
805.65344,532.8
805.77234,543.6
805.89117,539.6
806.01007,536.2
806.12891,538.0
806.2478,538.6
806.36664,535.6
806.48547,540.6
806.60437,534.8
806.72321,539.4
806.84204,539.8
806.96088,539.4
807.07971,534.6
807.19861,539.2
807.31744,536.4
807.43628,539.2
807.55511,539.2
807.67395,537.0
807.79279,536.4
807.91162,535.6
808.0304,539.8
808.14923,537.6
808.26807,536.0
808.3869,539.0
808.50568,539.2
808.62451,541.6
808.74335,539.6
808.86212,539.8
808.98096,545.2
809.09979,536.6
809.21857,536.6
809.33734,541.2
809.45618,546.4
809.57495,544.6
809.69379,542.0
809.81256,545.4
809.93134,536.4
810.05011,536.8
810.16895,532.6
810.28772,537.6
810.40649,544.4
810.52527,542.2
810.64404,542.4
810.76282,541.4
810.88159,539.0
811.00037,541.0
811.11914,535.8
811.23792,537.8
811.35663,540.0
811.4754,539.2
811.59418,544.0
811.71295,542.2
811.83167,543.6
811.95044,538.2
812.06921,541.8
812.18793,542.6
812.3067,539.4
812.42542,538.4
812.54419,534.0
812.6629,543.0
812.78162,533.2
812.90039,537.2
813.0191,538.8
813.13782,537.6
813.25653,536.4
813.37524,533.8
813.49402,541.0
813.61273,545.4
813.73145,540.0
813.85016,536.2
813.96887,533.2
814.08759,533.0
814.2063,537.8
814.32495,541.4
814.44366,540.2
814.56238,537.4
814.68109,535.4
814.79974,536.4
814.91846,530.8
815.03717,538.4
815.15582,530.2
815.27454,538.2
815.39319,530.4
815.5119,530.8
815.63055,537.0
815.74927,530.4
815.86792,533.4
815.98657,530.8
816.10529,532.0
816.22394,532.6
816.34259,531.4
816.46124,541.8
816.5799,533.8
816.69855,536.0
816.8172,538.4
816.93585,535.2
817.0545,534.8
817.17316,528.4
817.29181,526.2
817.41046,529.0
817.52911,526.8
817.64771,525.6
817.76636,521.2
817.88501,524.8
818.0036,527.2
818.12225,528.0
818.24091,521.4
818.3595,517.2
818.47815,517.6
818.59674,518.6
818.71533,517.2
818.83398,512.0
818.95258,516.0
819.07117,515.2
819.18976,515.8
819.30841,513.8
819.427,520.0
819.54559,518.2
819.66418,517.4
819.78278,517.4
819.90137,517.4
820.01996,509.2
820.13855,508.6
820.25714,513.4
820.37573,512.4
820.49426,511.8
820.61285,512.4
820.73145,509.6
820.84998,507.4
820.96857,505.8
821.08716,511.0
821.20569,509.0
821.32428,506.2
821.44281,509.6
821.56134,506.8
821.67993,507.4
821.79846,507.2
821.91699,502.0
822.03558,507.0
822.15411,509.8
822.27264,508.4
822.39117,502.0
822.5097,506.8
822.62823,510.6
822.74677,504.8
822.8653,505.2
822.98383,502.4
823.10236,503.2
823.22089,500.0
823.33942,503.2
823.45789,498.4
823.57642,506.0
823.69495,505.6
823.81342,506.4
823.93195,504.8
824.05042,501.4
824.16895,503.0
824.28741,501.6
824.40594,501.6
824.52441,496.2
824.64288,506.0
824.76141,502.2
824.87988,498.2
824.99835,494.8
825.11682,498.4
825.23529,504.2
825.35376,500.4
825.47223,498.8
825.5907,497.6
825.70917,500.4
825.82764,502.4
825.94611,500.8
826.06458,494.6
826.18304,497.6
826.30145,499.6
826.41992,502.4
826.53839,496.4
826.6568,495.6
826.77527,495.0
826.89368,503.6
827.01215,500.0
827.13055,498.8
827.24902,496.0
827.36743,500.6
827.48584,497.2
827.60431,498.6
827.72272,497.4
827.84113,495.2
827.95953,494.6
828.07794,495.6
828.19635,494.4
828.31476,493.6
828.43317,489.6
828.55157,491.6
828.66998,493.8
828.78839,491.8
828.90674,493.8
829.02515,499.2
829.14355,496.2
829.2619,497.8
829.38031,491.6
829.49872,492.6
829.61707,491.0
829.73547,493.0
829.85382,496.6
829.97217,495.4
830.09058,497.0
830.20892,489.6
830.32727,491.0
830.44562,494.4
830.56403,488.4
830.68237,497.2
830.80072,492.0
830.91907,501.8
831.03741,497.6
831.15576,497.6
831.27411,494.4
831.3924,496.2
831.51074,492.0
831.62909,492.8
831.74744,493.2
831.86572,495.8
831.98407,495.8
832.10242,495.0
832.2207,493.4
832.33905,495.0
832.45734,494.2
832.57562,496.2
832.69397,495.4
832.81226,492.6
832.93054,496.2
833.04889,496.2
833.16718,487.8
833.28546,499.0
833.40375,497.8
833.52203,495.6
833.64032,492.4
833.75861,496.6
833.87689,501.0
833.99518,497.4
834.1134,497.2
834.23169,496.2
834.34998,496.8
834.46826,500.6
834.58649,496.4
834.70477,497.2
834.823,494.2
834.94128,500.0
835.05951,496.4
835.1778,497.8
835.29602,494.6
835.41425,495.0
835.53253,496.2
835.65076,494.6
835.76898,495.6
835.88721,495.8
836.00543,500.6
836.12366,496.6
836.24188,497.6
836.36011,496.2
836.47833,496.6
836.59656,498.8
836.71478,497.8
836.83295,493.8
836.95117,494.0
837.0694,502.8
837.18756,497.8
837.30579,500.2
837.42401,503.2
837.54218,493.8
837.66034,498.0
837.77856,503.0
837.89673,492.6
838.01489,501.6
838.13312,497.0
838.25128,500.8
838.36945,500.8
838.48761,501.6
838.60577,505.4
838.72394,505.6
838.8421,500.4
838.96027,503.8
839.07843,504.4
839.19659,498.2
839.31476,497.8
839.43286,502.8
839.55103,502.0
839.66919,500.2
839.78729,499.4
839.90546,505.2
840.02356,501.8
840.14172,505.2
840.25983,499.6
840.37793,501.2
840.49609,500.8
840.6142,501.4
840.7323,499.4
840.8504,501.2
840.96851,501.6
841.08661,499.6
841.20471,501.0
841.32281,503.0
841.44092,499.4
841.55902,505.4
841.67712,497.8
841.79523,504.6
841.91327,501.0
842.03137,506.4
842.14948,498.6
842.26752,500.0
842.38562,503.2
842.50366,496.6
842.62177,496.0
842.73981,498.2
842.85791,500.2
842.97595,499.8
843.09399,504.2
843.21204,500.6
843.33008,500.6
843.44818,500.2
843.56622,502.0
843.68427,495.6
843.80231,500.4
843.92029,495.8
844.03833,503.4
844.15637,504.6
844.27441,502.0
844.39246,506.0
844.51044,505.0
844.62848,505.4
844.74646,504.6
844.8645,501.6
844.98248,500.0
845.10052,504.6
845.21851,510.8
845.33649,501.6
845.45453,504.6
845.57251,504.0
845.69049,502.8
845.80847,502.0
845.92645,509.6
846.04443,497.6
846.16241,501.8
846.2804,502.2
846.39838,500.6
846.51636,502.4
846.63434,501.6
846.75226,503.8
846.87024,505.2
846.98822,506.2
847.10614,507.4
847.22412,501.2
847.34204,501.4
847.46002,505.0
847.57794,504.2
847.69586,506.0
847.81384,505.8
847.93176,503.2
848.04968,505.2
848.1676,497.8
848.28552,504.4
848.40344,499.2
848.52136,497.6
848.63928,503.2
848.7572,497.6
848.87512,501.6
848.99304,504.4
849.1109,503.0
849.22882,497.4
849.34674,497.6
849.4646,496.4
849.58252,498.6
849.70038,494.0
849.8183,500.2
849.93616,500.0
850.05402,500.2
850.17194,500.2
850.28979,501.8
850.40765,501.4
850.52551,502.8
850.64337,502.2
850.76123,498.2
850.87909,498.0
850.99695,498.6
851.11481,495.4
851.23267,502.0
851.35046,494.8
851.46832,494.8
851.58618,499.8
851.70398,499.2
851.82184,499.6
851.93964,502.2
852.0575,507.0
852.17529,516.0
852.29315,509.8
852.41095,508.6
852.52875,509.0
852.64655,501.4
852.7644,500.8
852.8822,499.8
853.0,498.8
853.1178,501.2
853.2356,496.6
853.35333,496.2
853.47113,495.6
853.58893,496.2
853.70673,498.2
853.82446,499.6
853.94226,498.0
854.06006,500.6
854.1778,503.2
854.29559,506.4
854.41333,500.4
854.53107,501.6
854.64886,502.6
854.7666,505.8
854.88434,498.2
855.00208,505.2
855.11981,508.0
855.23761,503.4
855.35535,506.2
855.47302,505.8
855.59076,503.8
855.7085,500.6
855.82623,505.4
855.94397,507.8
856.06165,506.6
856.17938,503.2
856.29712,500.8
856.41479,502.6
856.53253,498.6
856.65021,496.6
856.76788,500.0
856.88562,500.2
857.0033,502.8
857.12097,501.0
857.23865,501.2
857.35632,495.4
857.474,498.8
857.59167,497.0
857.70935,502.4
857.82703,498.2
857.9447,498.8
858.06238,497.8
858.18005,501.2
858.29767,500.2
858.41534,496.6
858.53296,496.4
858.65063,501.4
858.76825,499.4
858.88593,502.2
859.00354,497.0
859.12115,494.4
859.23883,498.8
859.35645,503.6
859.47406,500.6
859.59167,497.2
859.70929,498.0
859.8269,495.4
859.94452,495.4
860.06213,494.6
860.17975,495.0
860.29736,496.0
860.41492,491.2
860.53253,493.2
860.65009,492.2
860.7677,495.4
860.88525,500.2
861.00287,494.0
861.12042,492.4
861.23804,498.6
861.35559,499.8
861.47314,492.4
861.5907,494.0
861.70825,494.8
861.82581,490.2
861.94336,494.2
862.06091,491.8
862.17847,488.4
862.29602,489.2
862.41357,488.2
862.53113,489.8
862.64862,492.4
862.76617,489.6
862.88367,486.6
863.00122,491.8
863.11871,495.8
863.23627,493.6
863.35376,489.2
863.47125,491.0
863.58881,493.8
863.7063,498.0
863.82379,490.8
863.94128,489.8
864.05878,490.4
864.17627,489.8
864.29376,487.6
864.41125,490.4
864.52869,487.2
864.64618,493.8
864.76367,491.8
864.8811,495.4
864.9986,487.2
865.11609,494.4
865.23352,490.2
865.35095,489.6
865.46844,495.6
865.58588,487.2
865.70331,493.4
865.82074,491.6
865.93823,491.8
866.05566,494.2
866.1731,485.6
866.29053,488.0
866.4079,496.0
866.52533,489.4
866.64276,492.4
866.76019,487.4
866.87756,492.4
866.995,494.8
867.11243,494.8
867.2298,493.2
867.34723,492.0
867.4646,490.0
867.58197,490.2
867.6994,497.4
867.81677,491.8
867.93414,494.2
868.05151,498.2
868.16888,489.2
868.28625,489.8
868.40363,491.6
868.521,495.8
868.63837,495.2
868.75568,492.4
868.87305,494.8
868.99042,494.0
869.10773,492.8
869.2251,498.2
869.34241,497.4
869.45978,495.4
869.57709,493.6
869.69446,494.8
869.81177,495.4
869.92908,491.6
870.04639,501.4
870.1637,491.4
870.28101,496.8
870.39832,491.6
870.51563,497.2
870.63293,499.2
870.75024,493.8
870.86749,492.6
870.9848,495.0
871.10211,492.6
871.21936,497.0
871.33667,499.2
871.45392,497.4
871.57123,495.6
871.68848,494.6
871.80573,496.0
871.92297,496.2
872.04028,488.4
872.15753,494.0
872.27478,492.0
872.39203,494.8
872.50928,492.2
872.62646,496.2
872.74371,496.4
872.86096,493.8
872.97821,494.6
873.0954,493.8
873.21265,494.0
873.32983,493.8
873.44708,499.6
873.56427,498.4
873.68152,491.8
873.79871,494.8
873.91589,492.6
874.03308,495.2
874.15027,495.8
874.26746,496.2
874.38464,495.8
874.50183,496.0
874.61902,497.0
874.73621,497.6
874.85339,498.8
874.97052,494.6
875.08771,498.0
875.2049,491.2
875.32202,494.8
875.43921,497.8
875.55634,499.4
875.67346,500.0
875.79065,497.0
875.90778,503.2
876.0249,495.0
876.14203,491.2
876.25916,495.6
876.37628,500.6
876.49341,499.0
876.61053,497.2
876.72766,496.8
876.84473,496.6
876.96185,495.6
877.07898,494.4
877.19604,499.2
877.31317,497.0
877.43024,496.2
877.54736,498.0
877.66443,500.6
877.78149,494.6
877.89856,497.0
878.01569,493.0
878.13275,495.0
878.24982,495.4
878.36688,501.6
878.48395,493.4
878.60095,487.6
878.71802,487.6
878.83508,494.0
878.95215,492.0
879.06915,494.4
879.18622,493.6
879.30322,490.2
879.42029,484.2
879.53729,487.4
879.6543,484.8
879.77136,480.8
879.88837,495.6
880.00537,490.0
880.12238,488.6
880.23938,484.4
880.35638,487.4
880.47339,489.2
880.59039,484.8
880.70734,490.8
880.82434,490.0
880.94135,492.6
881.05829,494.2
881.17529,488.4
881.29224,493.0
881.40924,491.0
881.52618,487.8
881.64313,487.6
881.76007,489.4
881.87701,494.0
881.99402,488.8
882.11096,493.0
882.22791,488.6
882.34479,489.8
882.46173,487.0
882.57867,492.4
882.69562,496.4
882.8125,493.6
882.92944,492.8
883.04639,490.4
883.16327,492.6
883.28015,489.6
883.39709,491.2
883.51398,489.6
883.63086,490.8
883.74774,490.8
883.86462,496.6
883.98157,494.0
884.09839,490.0
884.21527,495.0
884.33215,493.8
884.44904,491.8
884.56592,492.4
884.68274,498.0
884.79962,496.8
884.9165,495.6
885.03333,498.2
885.15015,500.6
885.26703,501.4
885.38385,498.8
885.50067,502.6
885.61749,499.8
885.73438,505.4
885.8512,503.8
885.96802,504.4
886.08478,504.8
886.2016,497.8
886.31842,497.0
886.43524,497.0
886.55206,500.0
886.66882,500.6
886.78564,498.0
886.9024,499.2
887.01923,497.4
887.13599,493.2
887.25275,492.2
887.36951,492.4
887.48633,491.2
887.60309,497.4
887.71985,493.0
887.83661,491.8
887.95337,492.4
888.07007,490.0
888.18683,492.4
888.30359,492.6
888.42035,492.4
888.53705,494.2
888.65381,486.2
888.77051,489.8
888.88721,491.2
889.00397,484.6
889.12067,491.4
889.23737,493.8
889.35406,483.8
889.47083,486.2
889.58752,484.2
889.70416,490.8
889.82086,479.6
889.93756,485.0
890.05426,487.8
890.17096,490.8
890.2876,484.8
890.4043,486.8
890.52094,485.8
890.63763,491.4
890.75427,487.6
890.87091,491.4
890.98761,482.6
891.10425,488.0
891.22089,484.8
891.33752,488.6
891.45416,489.8
891.5708,484.6
891.68744,486.2
891.80408,487.4
891.92065,487.8
892.03729,486.4
892.15393,488.2
892.27051,488.2
892.38715,491.0
892.50372,490.0
892.6203,489.6
892.73694,486.8
892.85352,491.8
892.97009,486.8
893.08667,483.8
893.20325,486.2
893.31982,490.8
893.4364,486.6
893.55298,488.2
893.66956,488.8
893.78607,492.2
893.90265,493.2
894.01917,490.2
894.13574,495.6
894.25226,487.2
894.36884,491.0
894.48535,485.4
894.60187,495.0
894.71838,487.8
894.8349,490.6
894.95148,491.8
895.06793,489.2
895.18445,491.8
895.30096,486.8
895.41748,490.2
895.534,490.0
895.65045,484.6
895.76697,492.6
895.88342,490.4
895.99994,484.8
896.11639,492.0
896.23291,489.0
896.34937,483.8
896.46582,490.6
896.58228,491.6
896.69873,494.0
896.81519,487.8
896.93164,486.8
897.0481,488.2
897.16455,491.0
897.28094,494.8
897.3974,485.0
897.51385,489.6
897.63025,485.6
897.7467,490.4
897.8631,489.8
897.97949,493.6
898.09595,491.6
898.21234,490.6
898.32874,488.4
898.44513,488.0
898.56152,495.6
898.67792,493.8
898.79431,486.2
898.91064,490.0
899.02704,485.0
899.14343,489.6
899.25977,487.6
899.37616,482.0
899.49249,484.2
899.60889,484.4
899.72522,487.6
899.84155,491.0
899.95789,487.8
900.07428,489.0
900.19061,491.2
900.30695,486.0
900.42322,486.4
900.53955,486.0
900.65588,487.0
900.77222,480.2
900.88849,495.4
901.00482,488.2
901.12109,488.0
901.23743,490.6
901.3537,489.0
901.47003,485.8
901.5863,486.6
901.70258,485.8
901.81885,488.2
901.93512,492.2
902.05139,491.0
902.16766,493.2
902.28394,490.8
902.40021,490.4
902.51642,492.2
902.63269,487.6
902.7489,490.4
902.86517,491.8
902.98138,484.6
903.09766,483.0
903.21387,486.4
903.33008,486.0
903.44629,485.4
903.5625,486.2
903.67871,484.6
903.79492,485.0
903.91113,489.8
904.02734,476.8
904.14355,485.4
904.2597,482.8
904.37592,481.8
904.49207,479.4
904.60828,480.4
904.72443,478.8
904.84064,478.8
904.95679,478.6
905.07294,488.0
905.18909,480.8
905.30524,481.8
905.42139,476.6
905.53754,475.8
905.65369,478.6
905.76984,478.2
905.88593,470.4
906.00208,477.8
906.11816,473.8
906.23431,474.0
906.3504,475.6
906.46655,473.4
906.58264,475.4
906.69873,476.0
906.81482,476.4
906.93091,476.2
907.047,475.2
907.16309,476.0
907.27917,475.4
907.39526,475.2
907.51135,470.2
907.62738,476.8
907.74347,474.6
907.8595,468.6
907.97559,474.8
908.09161,474.2
908.2077,471.8
908.32373,477.2
908.43976,470.8
908.55579,469.8
908.67181,476.8
908.78784,473.2
908.90387,474.4
909.0199,475.0
909.13586,475.4
909.25189,477.4
909.36792,470.8
909.48389,476.0
909.59991,472.8
909.71588,478.4
909.83185,480.8
909.94788,473.6
910.06384,478.4
910.17981,473.6
910.29578,479.4
910.41174,474.4
910.52771,477.8
910.64368,479.6
910.75958,472.6
910.87555,472.8
910.99152,473.2
911.10742,474.8
911.22339,472.4
911.33929,474.2
911.4552,471.8
911.57117,474.0
911.68707,479.4
911.80298,474.2
911.91888,477.6
912.03479,472.4
912.1507,482.8
912.2666,473.2
912.38245,478.0
912.49835,474.8
912.61426,475.2
912.7301,475.0
912.84601,473.4
792.4458,743.0
792.56488,721.4
792.68396,727.6
792.8031,715.2
792.92218,700.0
793.04126,698.4
793.16034,693.4
793.27942,691.0
793.3985,678.6
793.51758,673.4
793.63672,671.0
793.7558,665.4
793.87488,659.0
793.9939,661.0
794.11298,646.6
794.23206,644.2
794.35114,637.4
794.47021,639.6
794.58929,630.0
794.70831,633.8
794.82739,629.2
794.94647,627.6
795.06549,617.6
795.18457,621.2
795.30365,611.2
795.42267,612.0
795.54175,603.4
795.66077,607.6
795.77985,606.0
795.89886,602.4
796.01794,603.6
796.13696,599.6
796.25598,602.0
796.375,598.6
796.49408,591.8
796.6131,585.8
796.73212,596.8
796.85114,589.0
796.97015,583.0
797.08923,579.2
797.20825,582.8
797.32727,588.8
797.44629,584.8
797.56531,582.2
797.68427,582.8
797.80328,577.2
797.9223,580.4
798.04132,574.0
798.16034,574.6
798.27936,577.0
798.39832,573.0
798.51733,568.8
798.63635,569.4
798.75531,577.6
798.87433,568.2
798.99329,568.2
799.1123,564.8
799.23126,568.6
799.35028,571.4
799.46924,574.0
799.58826,574.0
799.70721,568.2
799.82617,567.0
799.94519,568.8
800.06415,568.2
800.18311,565.8
800.30206,566.4
800.42102,564.8
800.54004,563.2
800.659,561.2
800.77795,562.8
800.89691,567.4
801.01587,560.0
801.13483,565.0
801.25372,564.8
801.37268,562.2
801.49164,561.4
801.6106,563.4
801.72955,564.6
801.84845,564.0
801.96741,565.4
802.08636,563.2
802.20526,563.4
802.32422,568.4
802.44318,564.2
802.56207,566.0
802.68103,566.6
802.79993,561.2
802.91882,566.0
803.03778,562.2
803.15668,565.8
803.27557,565.2
803.39453,562.2
803.51343,558.6
803.63232,567.4
803.75122,562.8
803.87012,562.2
803.98907,566.0
804.10797,570.8
804.22687,560.8
804.34576,566.0
804.46466,566.2
804.58356,564.6
804.70239,569.2
804.82129,564.0
804.94019,567.0
805.05908,567.4
805.17798,570.4
805.29681,567.2
805.41571,566.4
805.53461,565.6
805.65344,567.0
805.77234,574.6
805.89117,569.8
806.01007,573.4
806.12891,567.8
806.2478,569.0
806.36664,564.0
806.48547,560.2
806.60437,562.8
806.72321,569.0
806.84204,570.0
806.96088,567.4
807.07971,566.0
807.19861,570.0
807.31744,570.8
807.43628,571.0
807.55511,565.6
807.67395,568.2
807.79279,564.4
807.91162,572.6
808.0304,571.8
808.14923,572.6
808.26807,570.2
808.3869,571.6
808.50568,571.4
808.62451,572.6
808.74335,568.6
808.86212,577.8
808.98096,570.0
809.09979,569.0
809.21857,574.0
809.33734,576.4
809.45618,570.8
809.57495,573.2
809.69379,573.2
809.81256,574.4
809.93134,576.8
810.05011,573.2
810.16895,572.2
810.28772,570.4
810.40649,570.4
810.52527,571.4
810.64404,573.4
810.76282,576.4
810.88159,572.6
811.00037,570.8
811.11914,569.0
811.23792,575.0
811.35663,571.2
811.4754,572.0
811.59418,570.4
811.71295,576.6
811.83167,575.0
811.95044,568.8
812.06921,568.8
812.18793,576.4
812.3067,570.0
812.42542,571.6
812.54419,567.2
812.6629,568.0
812.78162,565.4
812.90039,562.8
813.0191,567.8
813.13782,568.4
813.25653,567.2
813.37524,563.8
813.49402,571.4
813.61273,569.0
813.73145,568.8
813.85016,568.6
813.96887,565.6
814.08759,569.8
814.2063,563.6
814.32495,561.0
814.44366,570.2
814.56238,564.0
814.68109,559.0
814.79974,568.6
814.91846,560.8
815.03717,559.8
815.15582,560.2
815.27454,560.0
815.39319,557.4
815.5119,553.2
815.63055,559.2
815.74927,559.8
815.86792,563.4
815.98657,556.2
816.10529,566.8
816.22394,556.4
816.34259,563.2
816.46124,568.8
816.5799,561.2
816.69855,568.2
816.8172,567.0
816.93585,563.2
817.0545,562.0
817.17316,557.2
817.29181,557.2
817.41046,558.0
817.52911,558.6
817.64771,560.6
817.76636,549.4
817.88501,551.4
818.0036,550.6
818.12225,550.8
818.24091,546.6
818.3595,543.2
818.47815,548.4
818.59674,546.6
818.71533,541.6
818.83398,545.2
818.95258,539.6
819.07117,539.6
819.18976,536.0
819.30841,544.4
819.427,544.2
819.54559,543.4
819.66418,544.2
819.78278,543.6
819.90137,542.0
820.01996,540.4
820.13855,535.6
820.25714,538.8
820.37573,538.0
820.49426,535.8
820.61285,537.4
820.73145,535.6
820.84998,529.8
820.96857,533.8
821.08716,531.6
821.20569,534.4
821.32428,530.6
821.44281,530.0
821.56134,530.8
821.67993,533.6
821.79846,528.2
821.91699,534.0
822.03558,532.0
822.15411,533.8
822.27264,530.2
822.39117,527.6
822.5097,532.0
822.62823,530.8
822.74677,532.0
822.8653,528.2
822.98383,530.2
823.10236,530.2
823.22089,524.4
823.33942,521.8
823.45789,530.6
823.57642,534.2
823.69495,531.0
823.81342,525.8
823.93195,526.4
824.05042,527.8
824.16895,525.2
824.28741,532.8
824.40594,526.4
824.52441,524.8
824.64288,529.8
824.76141,526.0
824.87988,522.2
824.99835,523.0
825.11682,526.6
825.23529,527.4
825.35376,525.8
825.47223,527.4
825.5907,528.4
825.70917,529.0
825.82764,528.6
825.94611,526.2
826.06458,523.8
826.18304,527.6
826.30145,526.2
826.41992,530.6
826.53839,522.0
826.6568,524.0
826.77527,526.2
826.89368,523.4
827.01215,524.0
827.13055,525.4
827.24902,528.2
827.36743,519.8
827.48584,516.6
827.60431,525.0
827.72272,516.8
827.84113,518.4
827.95953,515.0
828.07794,519.8
828.19635,515.0
828.31476,521.2
828.43317,516.8
828.55157,521.6
828.66998,517.6
828.78839,520.0
828.90674,522.8
829.02515,519.6
829.14355,518.8
829.2619,516.2
829.38031,518.2
829.49872,514.0
829.61707,513.4
829.73547,515.6
829.85382,516.2
829.97217,518.0
830.09058,521.2
830.20892,516.6
830.32727,516.8
830.44562,523.4
830.56403,520.4
830.68237,517.2
830.80072,515.4
830.91907,520.8
831.03741,517.0
831.15576,515.8
831.27411,518.2
831.3924,518.2
831.51074,517.4
831.62909,520.4
831.74744,516.4
831.86572,524.6
831.98407,521.6
832.10242,517.6
832.2207,520.4
832.33905,517.4
832.45734,522.8
832.57562,517.0
832.69397,515.0
832.81226,519.2
832.93054,515.4
833.04889,521.4
833.16718,513.4
833.28546,515.2
833.40375,522.8
833.52203,521.2
833.64032,515.4
833.75861,514.8
833.87689,519.2
833.99518,522.0
834.1134,520.6
834.23169,523.8
834.34998,516.0
834.46826,521.4
834.58649,518.6
834.70477,527.8
834.823,521.4
834.94128,524.4
835.05951,522.0
835.1778,523.4
835.29602,512.2
835.41425,525.8
835.53253,519.0
835.65076,521.8
835.76898,520.4
835.88721,522.8
836.00543,524.2
836.12366,523.2
836.24188,520.0
836.36011,518.6
836.47833,523.2
836.59656,524.6
836.71478,521.6
836.83295,518.8
836.95117,524.6
837.0694,522.6
837.18756,518.2
837.30579,518.4
837.42401,525.4
837.54218,520.0
837.66034,518.8
837.77856,522.6
837.89673,521.2
838.01489,523.8
838.13312,522.4
838.25128,526.4
838.36945,519.8
838.48761,524.8
838.60577,526.6
838.72394,527.4
838.8421,530.6
838.96027,522.0
839.07843,520.2
839.19659,516.8
839.31476,522.2
839.43286,523.8
839.55103,528.8
839.66919,522.4
839.78729,523.2
839.90546,523.4
840.02356,526.0
840.14172,520.6
840.25983,518.8
840.37793,519.2
840.49609,526.6
840.6142,525.6
840.7323,523.2
840.8504,529.8
840.96851,523.0
841.08661,520.4
841.20471,516.2
841.32281,528.0
841.44092,521.2
841.55902,523.2
841.67712,519.8
841.79523,525.2
841.91327,520.8
842.03137,525.8
842.14948,524.4
842.26752,518.0
842.38562,522.0
842.50366,521.4
842.62177,522.4
842.73981,516.0
842.85791,521.4
842.97595,524.4
843.09399,521.2
843.21204,526.0
843.33008,525.6
843.44818,524.2
843.56622,521.8
843.68427,525.6
843.80231,524.8
843.92029,525.0
844.03833,526.8
844.15637,521.4
844.27441,525.2
844.39246,525.6
844.51044,526.6
844.62848,526.2
844.74646,529.6
844.8645,524.2
844.98248,524.6
845.10052,526.8
845.21851,525.8
845.33649,523.2
845.45453,526.6
845.57251,524.4
845.69049,522.6
845.80847,524.6
845.92645,523.8
846.04443,516.6
846.16241,520.4
846.2804,524.6
846.39838,519.6
846.51636,520.2
846.63434,519.0
846.75226,524.0
846.87024,521.6
846.98822,524.0
847.10614,522.6
847.22412,521.2
847.34204,519.2
847.46002,521.6
847.57794,521.8
847.69586,522.4
847.81384,523.2
847.93176,527.4
848.04968,524.0
848.1676,523.4
848.28552,524.0
848.40344,521.8
848.52136,518.2
848.63928,522.4
848.7572,524.0
848.87512,524.8
848.99304,521.0
849.1109,519.8
849.22882,521.4
849.34674,522.4
849.4646,520.2
849.58252,518.0
849.70038,524.0
849.8183,520.0
849.93616,521.8
850.05402,524.8
850.17194,524.6
850.28979,521.6
850.40765,521.8
850.52551,520.2
850.64337,523.4
850.76123,518.2
850.87909,516.6
850.99695,525.4
851.11481,523.8
851.23267,522.6
851.35046,527.6
851.46832,519.8
851.58618,518.2
851.70398,524.4
851.82184,529.0
851.93964,530.2
852.0575,529.6
852.17529,535.0
852.29315,533.2
852.41095,527.0
852.52875,528.6
852.64655,518.8
852.7644,524.4
852.8822,524.0
853.0,520.0
853.1178,525.4
853.2356,515.8
853.35333,519.4
853.47113,523.2
853.58893,523.6
853.70673,520.2
853.82446,517.6
853.94226,524.0
854.06006,525.4
854.1778,529.6
854.29559,522.6
854.41333,523.0
854.53107,521.0
854.64886,530.0
854.7666,525.4
854.88434,522.6
855.00208,530.2
855.11981,528.8
855.23761,527.4
855.35535,534.0
855.47302,533.0
855.59076,534.4
855.7085,527.2
855.82623,530.8
855.94397,525.2
856.06165,524.4
856.17938,529.0
856.29712,522.0
856.41479,526.4
856.53253,526.0
856.65021,521.2
856.76788,521.6
856.88562,528.0
857.0033,523.0
857.12097,525.4
857.23865,528.4
857.35632,517.8
857.474,520.0
857.59167,518.6
857.70935,519.8
857.82703,518.8
857.9447,520.4
858.06238,517.2
858.18005,519.4
858.29767,525.4
858.41534,517.2
858.53296,520.2
858.65063,524.4
858.76825,521.0
858.88593,522.8
859.00354,520.2
859.12115,519.6
859.23883,517.8
859.35645,518.6
859.47406,516.2
859.59167,515.6
859.70929,518.8
859.8269,518.4
859.94452,515.2
860.06213,519.6
860.17975,512.4
860.29736,513.4
860.41492,517.8
860.53253,514.8
860.65009,511.2
860.7677,510.4
860.88525,517.0
861.00287,514.2
861.12042,520.4
861.23804,515.0
861.35559,517.4
861.47314,516.6
861.5907,515.8
861.70825,511.4
861.82581,512.0
861.94336,511.6
862.06091,510.8
862.17847,509.0
862.29602,510.4
862.41357,508.2
862.53113,508.2
862.64862,510.8
862.76617,509.4
862.88367,508.0
863.00122,512.4
863.11871,513.0
863.23627,517.4
863.35376,511.6
863.47125,515.0
863.58881,508.4
863.7063,510.2
863.82379,510.6
863.94128,506.2
864.05878,512.6
864.17627,506.4
864.29376,509.0
864.41125,514.4
864.52869,512.0
864.64618,514.8
864.76367,511.2
864.8811,508.2
864.9986,508.6
865.11609,514.0
865.23352,510.4
865.35095,512.8
865.46844,508.0
865.58588,514.4
865.70331,511.4
865.82074,511.2
865.93823,511.2
866.05566,509.0
866.1731,506.8
866.29053,511.4
866.4079,511.6
866.52533,512.0
866.64276,511.0
866.76019,512.2
866.87756,513.2
866.995,511.4
867.11243,510.8
867.2298,510.4
867.34723,510.0
867.4646,514.6
867.58197,509.8
867.6994,514.0
867.81677,509.4
867.93414,510.2
868.05151,510.0
868.16888,511.4
868.28625,512.2
868.40363,506.8
868.521,514.0
868.63837,512.8
868.75568,513.6
868.87305,514.2
868.99042,510.0
869.10773,510.2
869.2251,509.8
869.34241,523.6
869.45978,509.0
869.57709,515.0
869.69446,511.2
869.81177,516.6
869.92908,513.0
870.04639,514.8
870.1637,517.2
870.28101,516.0
870.39832,514.6
870.51563,514.6
870.63293,514.8
870.75024,517.8
870.86749,511.4
870.9848,517.2
871.10211,513.2
871.21936,515.0
871.33667,517.0
871.45392,512.8
871.57123,517.2
871.68848,514.2
871.80573,516.2
871.92297,514.2
872.04028,514.8
872.15753,517.8
872.27478,517.0
872.39203,511.8
872.50928,507.8
872.62646,514.4
872.74371,510.0
872.86096,513.4
872.97821,512.0
873.0954,517.0
873.21265,513.4
873.32983,508.8
873.44708,515.6
873.56427,517.4
873.68152,510.4
873.79871,516.4
873.91589,517.6
874.03308,512.2
874.15027,515.4
874.26746,514.0
874.38464,513.6
874.50183,515.2
874.61902,514.4
874.73621,513.0
874.85339,515.0
874.97052,515.4
875.08771,517.8
875.2049,514.8
875.32202,515.6
875.43921,513.6
875.55634,516.2
875.67346,512.8
875.79065,513.0
875.90778,511.4
876.0249,513.0
876.14203,514.2
876.25916,511.0
876.37628,513.2
876.49341,513.6
876.61053,514.6
876.72766,511.0
876.84473,515.2
876.96185,517.6
877.07898,513.4
877.19604,512.8
877.31317,517.4
877.43024,509.2
877.54736,514.8
877.66443,512.2
877.78149,511.2
877.89856,517.0
878.01569,509.4
878.13275,510.4
878.24982,510.2
878.36688,513.8
878.48395,510.4
878.60095,512.0
878.71802,507.2
878.83508,504.6
878.95215,510.0
879.06915,508.0
879.18622,508.6
879.30322,505.8
879.42029,508.2
879.53729,513.4
879.6543,507.6
879.77136,500.2
879.88837,504.8
880.00537,506.8
880.12238,505.6
880.23938,513.2
880.35638,505.8
880.47339,506.0
880.59039,503.4
880.70734,509.4
880.82434,507.0
880.94135,508.2
881.05829,509.2
881.17529,505.4
881.29224,507.4
881.40924,504.8
881.52618,503.2
881.64313,502.4
881.76007,503.6
881.87701,508.0
881.99402,509.8
882.11096,505.0
882.22791,506.0
882.34479,502.8
882.46173,506.8
882.57867,507.0
882.69562,504.2
882.8125,504.2
882.92944,508.0
883.04639,510.4
883.16327,510.4
883.28015,507.0
883.39709,509.0
883.51398,511.4
883.63086,510.4
883.74774,507.4
883.86462,508.6
883.98157,510.4
884.09839,508.0
884.21527,507.0
884.33215,513.6
884.44904,511.4
884.56592,516.0
884.68274,517.8
884.79962,519.0
884.9165,520.8
885.03333,522.0
885.15015,517.0
885.26703,524.0
885.38385,523.8
885.50067,526.8
885.61749,524.8
885.73438,519.2
885.8512,526.0
885.96802,525.8
886.08478,514.4
886.2016,518.8
886.31842,519.8
886.43524,516.2
886.55206,517.8
886.66882,518.0
886.78564,517.2
886.9024,518.2
887.01923,514.6
887.13599,517.2
887.25275,519.0
887.36951,511.8
887.48633,515.8
887.60309,513.8
887.71985,510.0
887.83661,508.8
887.95337,508.0
888.07007,504.8
888.18683,506.6
888.30359,507.6
888.42035,506.4
888.53705,506.6
888.65381,501.4
888.77051,502.4
888.88721,504.0
889.00397,504.6
889.12067,502.2
889.23737,500.2
889.35406,507.2
889.47083,504.0
889.58752,499.4
889.70416,506.2
889.82086,499.8
889.93756,505.0
890.05426,498.8
890.17096,505.8
890.2876,501.4
890.4043,500.4
890.52094,501.2
890.63763,503.6
890.75427,502.2
890.87091,503.4
890.98761,502.4
891.10425,500.2
891.22089,496.6
891.33752,501.0
891.45416,499.4
891.5708,505.0
891.68744,500.2
891.80408,502.2
891.92065,498.8
892.03729,502.8
892.15393,502.0
892.27051,503.8
892.38715,504.0
892.50372,500.2
892.6203,501.0
892.73694,502.6
892.85352,509.4
892.97009,505.2
893.08667,509.2
893.20325,505.0
893.31982,507.2
893.4364,507.6
893.55298,498.8
893.66956,511.4
893.78607,508.8
893.90265,509.0
894.01917,509.4
894.13574,502.6
894.25226,504.4
894.36884,510.4
894.48535,505.4
894.60187,507.4
894.71838,505.2
894.8349,503.4
894.95148,503.2
895.06793,505.6
895.18445,506.0
895.30096,505.4
895.41748,502.4
895.534,501.2
895.65045,500.8
895.76697,509.0
895.88342,503.6
895.99994,502.4
896.11639,505.0
896.23291,506.2
896.34937,503.8
896.46582,506.4
896.58228,506.6
896.69873,500.2
896.81519,499.0
896.93164,502.2
897.0481,500.4
897.16455,501.6
897.28094,502.2
897.3974,503.8
897.51385,505.0
897.63025,505.4
897.7467,503.4
897.8631,505.6
897.97949,509.4
898.09595,500.2
898.21234,503.2
898.32874,504.4
898.44513,507.6
898.56152,500.2
898.67792,502.2
898.79431,502.2
898.91064,504.0
899.02704,496.4
899.14343,500.6
899.25977,500.6
899.37616,500.8
899.49249,497.8
899.60889,497.6
899.72522,500.0
899.84155,499.4
899.95789,503.0
900.07428,504.2
900.19061,502.8
900.30695,501.2
900.42322,500.8
900.53955,499.0
900.65588,497.6
900.77222,501.4
900.88849,504.4
901.00482,502.0
901.12109,498.4
901.23743,503.0
901.3537,501.0
901.47003,491.2
901.5863,496.2
901.70258,499.8
901.81885,501.2
901.93512,494.4
902.05139,503.8
902.16766,499.6
902.28394,502.8
902.40021,504.8
902.51642,505.0
902.63269,501.8
902.7489,502.2
902.86517,500.8
902.98138,503.2
903.09766,502.0
903.21387,503.0
903.33008,504.2
903.44629,498.6
903.5625,496.6
903.67871,501.4
903.79492,503.2
903.91113,498.2
904.02734,497.0
904.14355,499.4
904.2597,502.2
904.37592,494.6
904.49207,491.4
904.60828,492.4
904.72443,492.6
904.84064,491.4
904.95679,493.0
905.07294,493.4
905.18909,489.8
905.30524,495.2
905.42139,490.6
905.53754,493.0
905.65369,490.0
905.76984,486.6
905.88593,491.6
906.00208,490.0
906.11816,489.6
906.23431,484.2
906.3504,486.4
906.46655,484.6
906.58264,478.2
906.69873,490.6
906.81482,486.4
906.93091,486.4
907.047,485.6
907.16309,483.4
907.27917,490.6
907.39526,490.2
907.51135,486.4
907.62738,490.0
907.74347,484.8
907.8595,486.2
907.97559,487.0
908.09161,493.0
908.2077,485.2
908.32373,482.6
908.43976,486.2
908.55579,481.4
908.67181,484.6
908.78784,485.2
908.90387,480.4
909.0199,486.8
909.13586,488.8
909.25189,485.2
909.36792,479.8
909.48389,482.2
909.59991,488.0
909.71588,490.6
909.83185,485.4
909.94788,484.2
910.06384,483.6
910.17981,490.4
910.29578,484.0
910.41174,485.6
910.52771,489.0
910.64368,483.2
910.75958,482.8
910.87555,486.0
910.99152,483.6
911.10742,485.0
911.22339,482.4
911.33929,490.0
911.4552,481.0
911.57117,477.6
911.68707,484.4
911.80298,484.4
911.91888,480.0
912.03479,486.2
912.1507,487.6
912.2666,485.6
912.38245,480.6
912.49835,486.6
912.61426,487.0
912.7301,486.0
912.84601,484.2
792.4458,620.6
792.56488,613.2
792.68396,616.2
792.8031,617.8
792.92218,601.2
793.04126,599.4
793.16034,603.0
793.27942,594.6
793.3985,588.2
793.51758,584.4
793.63672,584.2
793.7558,584.2
793.87488,586.6
793.9939,580.6
794.11298,573.4
794.23206,577.2
794.35114,571.2
794.47021,564.6
794.58929,560.4
794.70831,563.8
794.82739,565.8
794.94647,557.8
795.06549,560.0
795.18457,558.0
795.30365,555.0
795.42267,550.8
795.54175,552.4
795.66077,554.0
795.77985,553.0
795.89886,543.2
796.01794,548.0
796.13696,548.8
796.25598,548.0
796.375,542.2
796.49408,550.8
796.6131,544.2
796.73212,543.8
796.85114,543.8
796.97015,542.6
797.08923,529.6
797.20825,535.6
797.32727,538.2
797.44629,537.2
797.56531,539.8
797.68427,536.8
797.80328,538.2
797.9223,534.4
798.04132,537.2
798.16034,535.4
798.27936,534.2
798.39832,539.6
798.51733,530.8
798.63635,533.2
798.75531,533.4
798.87433,532.8
798.99329,529.4
799.1123,526.6
799.23126,531.2
799.35028,530.0
799.46924,534.2
799.58826,536.4
799.70721,534.4
799.82617,532.4
799.94519,531.2
800.06415,534.0
800.18311,528.0
800.30206,532.8
800.42102,534.6
800.54004,528.6
800.659,529.6
800.77795,531.4
800.89691,530.4
801.01587,532.0
801.13483,529.0
801.25372,531.2
801.37268,533.0
801.49164,531.0
801.6106,534.4
801.72955,531.6
801.84845,533.4
801.96741,534.6
802.08636,531.6
802.20526,531.2
802.32422,526.8
802.44318,530.2
802.56207,533.6
802.68103,533.4
802.79993,527.4
802.91882,533.4
803.03778,531.6
803.15668,533.8
803.27557,532.0
803.39453,531.0
803.51343,528.4
803.63232,535.8
803.75122,528.6
803.87012,534.6
803.98907,530.8
804.10797,535.4
804.22687,532.2
804.34576,531.6
804.46466,527.0
804.58356,529.8
804.70239,535.6
804.82129,533.4
804.94019,529.8
805.05908,536.8
805.17798,534.0
805.29681,535.0
805.41571,534.0
805.53461,534.2
805.65344,531.6
805.77234,539.0
805.89117,537.2
806.01007,538.4
806.12891,538.8
806.2478,539.4
806.36664,540.8
806.48547,539.2
806.60437,533.4
806.72321,536.8
806.84204,539.4
806.96088,533.0
807.07971,537.6
807.19861,541.0
807.31744,539.2
807.43628,541.2
807.55511,542.0
807.67395,541.6
807.79279,539.4
807.91162,536.8
808.0304,540.0
808.14923,545.2
808.26807,541.6
808.3869,536.4
808.50568,542.0
808.62451,537.6
808.74335,540.6
808.86212,540.6
808.98096,541.6
809.09979,541.0
809.21857,538.6
809.33734,541.6
809.45618,541.4
809.57495,545.8
809.69379,545.0
809.81256,544.0
809.93134,542.0
810.05011,544.2
810.16895,540.0
810.28772,541.0
810.40649,541.8
810.52527,543.4
810.64404,545.2
810.76282,547.2
810.88159,543.0
811.00037,545.0
811.11914,540.8
811.23792,540.0
811.35663,544.2
811.4754,542.2
811.59418,538.2
811.71295,548.0
811.83167,542.2
811.95044,540.2
812.06921,542.6
812.18793,541.8
812.3067,544.6
812.42542,540.6
812.54419,545.2
812.6629,546.0
812.78162,537.0
812.90039,541.4
813.0191,541.0
813.13782,542.2
813.25653,544.2
813.37524,534.6
813.49402,540.6
813.61273,539.4
813.73145,538.8
813.85016,542.8
813.96887,542.2
814.08759,539.8
814.2063,533.2
814.32495,543.2
814.44366,539.2
814.56238,536.0
814.68109,540.2
814.79974,534.4
814.91846,538.8
815.03717,532.8
815.15582,534.2
815.27454,534.6
815.39319,533.2
815.5119,531.6
815.63055,534.8
815.74927,535.4
815.86792,532.8
815.98657,536.4
816.10529,535.6
816.22394,536.0
816.34259,539.4
816.46124,541.4
816.5799,537.0
816.69855,537.2
816.8172,533.8
816.93585,532.4
817.0545,533.8
817.17316,527.2
817.29181,527.4
817.41046,529.4
817.52911,525.0
817.64771,531.0
817.76636,525.0
817.88501,527.6
818.0036,519.8
818.12225,523.6
818.24091,516.6
818.3595,524.6
818.47815,516.2
818.59674,521.8
818.71533,516.2
818.83398,512.8
818.95258,513.2
819.07117,510.8
819.18976,514.2
819.30841,511.4
819.427,514.6
819.54559,516.0
819.66418,512.4
819.78278,508.8
819.90137,511.6
820.01996,512.0
820.13855,512.2
820.25714,506.6
820.37573,507.6
820.49426,507.8
820.61285,514.0
820.73145,506.0
820.84998,502.0
820.96857,506.0
821.08716,508.4
821.20569,508.2
821.32428,506.2
821.44281,509.6
821.56134,505.8
821.67993,503.8
821.79846,505.8
821.91699,505.8
822.03558,504.0
822.15411,505.4
822.27264,506.4
822.39117,507.2
822.5097,507.6
822.62823,504.6
822.74677,500.8
822.8653,510.4
822.98383,503.4
823.10236,510.0
823.22089,496.6
823.33942,505.2
823.45789,505.0
823.57642,503.0
823.69495,503.8
823.81342,502.8
823.93195,500.0
824.05042,507.2
824.16895,502.0
824.28741,504.0
824.40594,505.4
824.52441,504.4
824.64288,502.0
824.76141,505.0
824.87988,498.4
824.99835,498.2
825.11682,502.4
825.23529,505.6
825.35376,497.4
825.47223,497.2
825.5907,500.8
825.70917,500.6
825.82764,503.4
825.94611,497.4
826.06458,498.0
826.18304,494.8
826.30145,503.6
826.41992,497.4
826.53839,498.6
826.6568,501.2
826.77527,496.6
826.89368,504.4
827.01215,498.8
827.13055,501.0
827.24902,497.2
827.36743,499.6
827.48584,494.8
827.60431,496.4
827.72272,493.4
827.84113,494.8
827.95953,501.4
828.07794,496.4
828.19635,494.4
828.31476,496.2
828.43317,489.4
828.55157,495.2
828.66998,491.4
828.78839,496.2
828.90674,497.2
829.02515,492.8
829.14355,500.4
829.2619,500.4
829.38031,488.6
829.49872,492.8
829.61707,495.4
829.73547,497.0
829.85382,494.6
829.97217,492.8
830.09058,496.2
830.20892,494.6
830.32727,494.2
830.44562,491.4
830.56403,493.2
830.68237,501.6
830.80072,497.4
830.91907,494.6
831.03741,496.4
831.15576,496.6
831.27411,491.6
831.3924,491.0
831.51074,492.0
831.62909,497.6
831.74744,494.2
831.86572,494.6
831.98407,495.8
832.10242,498.8
832.2207,495.4
832.33905,493.6
832.45734,497.4
832.57562,495.4
832.69397,491.0
832.81226,490.4
832.93054,494.6
833.04889,496.6
833.16718,493.2
833.28546,494.8
833.40375,500.8
833.52203,492.6
833.64032,490.2
833.75861,491.8
833.87689,496.4
833.99518,492.6
834.1134,498.0
834.23169,495.4
834.34998,499.0
834.46826,495.6
834.58649,494.8
834.70477,496.4
834.823,493.4
834.94128,497.8
835.05951,500.0
835.1778,501.6
835.29602,494.2
835.41425,496.6
835.53253,498.2
835.65076,492.0
835.76898,498.6
835.88721,497.0
836.00543,496.4
836.12366,501.2
836.24188,491.0
836.36011,495.8
836.47833,500.0
836.59656,496.0
836.71478,495.2
836.83295,503.2
836.95117,492.0
837.0694,496.4
837.18756,500.8
837.30579,496.4
837.42401,496.8
837.54218,495.6
837.66034,496.2
837.77856,500.6
837.89673,500.2
838.01489,502.6
838.13312,495.2
838.25128,495.6
838.36945,499.8
838.48761,500.4
838.60577,500.4
838.72394,501.4
838.8421,497.0
838.96027,499.4
839.07843,497.0
839.19659,496.8
839.31476,500.0
839.43286,499.4
839.55103,498.8
839.66919,497.6
839.78729,498.0
839.90546,502.8
840.02356,502.0
840.14172,499.2
840.25983,491.4
840.37793,503.4
840.49609,495.8
840.6142,503.4
840.7323,496.4
840.8504,497.8
840.96851,500.0
841.08661,494.6
841.20471,496.8
841.32281,499.4
841.44092,495.4
841.55902,495.4
841.67712,494.0
841.79523,496.0
841.91327,496.6
842.03137,499.0
842.14948,498.6
842.26752,492.8
842.38562,495.2
842.50366,493.4
842.62177,493.6
842.73981,498.6
842.85791,501.6
842.97595,497.6
843.09399,496.8
843.21204,500.6
843.33008,497.0
843.44818,492.6
843.56622,493.6
843.68427,495.2
843.80231,496.0
843.92029,492.2
844.03833,499.0
844.15637,492.2
844.27441,501.2
844.39246,499.2
844.51044,494.8
844.62848,496.4
844.74646,493.6
844.8645,497.6
844.98248,490.0
845.10052,495.2
845.21851,499.4
845.33649,494.6
845.45453,495.8
845.57251,498.4
845.69049,492.2
845.80847,488.8
845.92645,493.8
846.04443,492.6
846.16241,493.6
846.2804,492.4
846.39838,495.4
846.51636,495.6
846.63434,495.8
846.75226,498.6
846.87024,494.6
846.98822,497.6
847.10614,491.8
847.22412,493.6
847.34204,493.6
847.46002,491.4
847.57794,491.4
847.69586,498.4
847.81384,495.8
847.93176,496.6
848.04968,499.4
848.1676,494.8
848.28552,496.2
848.40344,494.4
848.52136,493.4
848.63928,496.2
848.7572,491.4
848.87512,495.0
848.99304,498.0
849.1109,496.4
849.22882,490.8
849.34674,489.8
849.4646,492.2
849.58252,494.6
849.70038,487.8
849.8183,497.4
849.93616,493.0
850.05402,497.2
850.17194,497.0
850.28979,496.6
850.40765,495.2
850.52551,496.8
850.64337,496.4
850.76123,493.2
850.87909,486.2
850.99695,495.4
851.11481,488.0
851.23267,497.4
851.35046,491.8
851.46832,494.2
851.58618,495.6
851.70398,498.2
851.82184,497.8
851.93964,496.6
852.0575,495.4
852.17529,502.6
852.29315,499.4
852.41095,496.6
852.52875,498.2
852.64655,494.6
852.7644,491.8
852.8822,494.4
853.0,497.6
853.1178,492.2
853.2356,496.6
853.35333,495.8
853.47113,496.8
853.58893,493.8
853.70673,493.0
853.82446,501.8
853.94226,494.6
854.06006,497.6
854.1778,494.0
854.29559,500.0
854.41333,494.8
854.53107,498.4
854.64886,498.0
854.7666,493.6
854.88434,499.8
855.00208,502.2
855.11981,502.8
855.23761,495.0
855.35535,500.0
855.47302,501.4
855.59076,502.4
855.7085,497.6
855.82623,493.0
855.94397,504.6
856.06165,496.2
856.17938,498.0
856.29712,498.4
856.41479,499.0
856.53253,503.4
856.65021,494.4
856.76788,496.0
856.88562,497.6
857.0033,494.6
857.12097,494.8
857.23865,499.4
857.35632,495.0
857.474,493.8
857.59167,492.2
857.70935,497.6
857.82703,498.8
857.9447,492.2
858.06238,494.2
858.18005,499.2
858.29767,492.2
858.41534,491.6
858.53296,497.6
858.65063,493.4
858.76825,492.2
858.88593,494.8
859.00354,496.6
859.12115,494.8
859.23883,494.4
859.35645,492.4
859.47406,495.6
859.59167,492.8
859.70929,493.6
859.8269,492.4
859.94452,490.2
860.06213,489.8
860.17975,494.2
860.29736,496.2
860.41492,488.2
860.53253,490.6
860.65009,491.2
860.7677,489.6
860.88525,497.8
861.00287,490.0
861.12042,495.8
861.23804,493.4
861.35559,498.2
861.47314,491.0
861.5907,492.2
861.70825,492.2
861.82581,489.6
861.94336,489.4
862.06091,488.4
862.17847,493.2
862.29602,492.4
862.41357,483.8
862.53113,491.8
862.64862,492.0
862.76617,487.8
862.88367,492.0
863.00122,488.0
863.11871,496.6
863.23627,487.8
863.35376,487.8
863.47125,488.8
863.58881,488.4
863.7063,492.0
863.82379,488.8
863.94128,487.4
864.05878,487.8
864.17627,488.6
864.29376,487.8
864.41125,493.8
864.52869,485.0
864.64618,488.8
864.76367,485.0
864.8811,490.2
864.9986,487.4
865.11609,485.8
865.23352,487.4
865.35095,491.8
865.46844,492.8
865.58588,492.8
865.70331,491.0
865.82074,492.4
865.93823,490.4
866.05566,487.6
866.1731,489.8
866.29053,487.2
866.4079,489.0
866.52533,491.0
866.64276,491.2
866.76019,487.6
866.87756,489.2
866.995,493.4
867.11243,492.2
867.2298,487.0
867.34723,484.8
867.4646,486.6
867.58197,489.6
867.6994,494.6
867.81677,496.8
867.93414,489.4
868.05151,488.8
868.16888,488.0
868.28625,488.4
868.40363,486.8
868.521,486.8
868.63837,488.8
868.75568,490.4
868.87305,489.0
868.99042,493.8
869.10773,490.4
869.2251,486.8
869.34241,498.2
869.45978,490.0
869.57709,493.6
869.69446,490.6
869.81177,490.0
869.92908,495.4
870.04639,493.0
870.1637,489.6
870.28101,494.4
870.39832,491.2
870.51563,490.6
870.63293,490.8
870.75024,492.4
870.86749,495.0
870.9848,490.6
871.10211,489.0
871.21936,496.4
871.33667,484.8
871.45392,494.8
871.57123,490.8
871.68848,490.6
871.80573,492.0
871.92297,488.4
872.04028,493.2
872.15753,485.4
872.27478,488.8
872.39203,486.4
872.50928,493.4
872.62646,490.4
872.74371,491.4
872.86096,489.2
872.97821,493.2
873.0954,487.2
873.21265,490.0
873.32983,490.8
873.44708,488.6
873.56427,494.0
873.68152,489.6
873.79871,490.0
873.91589,495.4
874.03308,493.4
874.15027,490.4
874.26746,490.0
874.38464,487.8
874.50183,488.8
874.61902,494.6
874.73621,489.6
874.85339,487.6
874.97052,490.4
875.08771,490.6
875.2049,490.6
875.32202,487.4
875.43921,496.6
875.55634,494.6
875.67346,497.4
875.79065,491.0
875.90778,495.8
876.0249,490.6
876.14203,489.2
876.25916,489.0
876.37628,491.0
876.49341,496.2
876.61053,494.6
876.72766,489.6
876.84473,490.4
876.96185,493.8
877.07898,486.4
877.19604,498.0
877.31317,495.0
877.43024,493.4
877.54736,491.4
877.66443,490.6
877.78149,493.2
877.89856,492.4
878.01569,492.2
878.13275,493.4
878.24982,487.0
878.36688,496.6
878.48395,489.4
878.60095,488.4
878.71802,486.2
878.83508,490.6
878.95215,487.0
879.06915,484.8
879.18622,490.8
879.30322,480.4
879.42029,485.4
879.53729,487.8
879.6543,490.8
879.77136,490.0
879.88837,487.6
880.00537,488.2
880.12238,489.8
880.23938,487.0
880.35638,490.2
880.47339,485.6
880.59039,486.4
880.70734,489.2
880.82434,486.2
880.94135,487.0
881.05829,492.0
881.17529,483.4
881.29224,488.0
881.40924,489.0
881.52618,482.6
881.64313,484.2
881.76007,487.6
881.87701,491.0
881.99402,489.4
882.11096,489.2
882.22791,485.8
882.34479,485.8
882.46173,487.8
882.57867,489.0
882.69562,494.2
882.8125,485.8
882.92944,492.0
883.04639,489.8
883.16327,488.8
883.28015,488.4
883.39709,482.8
883.51398,487.4
883.63086,487.2
883.74774,486.2
883.86462,494.8
883.98157,489.4
884.09839,491.4
884.21527,487.6
884.33215,488.8
884.44904,489.6
884.56592,492.2
884.68274,492.8
884.79962,495.4
884.9165,490.0
885.03333,494.8
885.15015,493.4
885.26703,496.6
885.38385,490.6
885.50067,493.0
885.61749,492.2
885.73438,497.6
885.8512,492.2
885.96802,499.0
886.08478,493.6
886.2016,495.2
886.31842,497.6
886.43524,491.4
886.55206,496.4
886.66882,492.6
886.78564,492.2
886.9024,496.0
887.01923,493.4
887.13599,490.6
887.25275,490.2
887.36951,489.4
887.48633,491.2
887.60309,495.2
887.71985,489.2
887.83661,490.2
887.95337,487.2
888.07007,483.2
888.18683,488.6
888.30359,483.4
888.42035,491.2
888.53705,492.2
888.65381,489.4
888.77051,485.2
888.88721,484.8
889.00397,489.0
889.12067,483.8
889.23737,486.4
889.35406,486.0
889.47083,484.2
889.58752,487.0
889.70416,486.8
889.82086,486.4
889.93756,490.8
890.05426,490.6
890.17096,493.0
890.2876,487.8
890.4043,487.6
890.52094,486.2
890.63763,490.6
890.75427,488.6
890.87091,489.8
890.98761,487.8
891.10425,488.2
891.22089,490.6
891.33752,486.0
891.45416,487.2
891.5708,485.6
891.68744,483.6
891.80408,487.4
891.92065,483.6
892.03729,488.0
892.15393,488.6
892.27051,486.8
892.38715,492.6
892.50372,488.4
892.6203,487.8
892.73694,485.0
892.85352,487.6
892.97009,487.6
893.08667,489.8
893.20325,487.4
893.31982,489.0
893.4364,489.4
893.55298,484.6
893.66956,495.8
893.78607,492.0
893.90265,492.2
894.01917,500.4
894.13574,489.8
894.25226,491.4
894.36884,496.6
894.48535,493.0
894.60187,486.6
894.71838,493.4
894.8349,488.6
894.95148,492.2
895.06793,491.6
895.18445,487.6
895.30096,493.4
895.41748,488.6
895.534,489.0
895.65045,487.2
895.76697,488.6
895.88342,488.4
895.99994,487.2
896.11639,490.4
896.23291,490.2
896.34937,494.4
896.46582,489.4
896.58228,494.8
896.69873,491.2
896.81519,489.2
896.93164,489.4
897.0481,488.6
897.16455,493.4
897.28094,491.4
897.3974,485.8
897.51385,490.0
897.63025,488.2
897.7467,485.6
897.8631,488.0
897.97949,493.0
898.09595,486.2
898.21234,491.4
898.32874,493.0
898.44513,488.4
898.56152,486.8
898.67792,487.4
898.79431,486.2
898.91064,485.8
899.02704,485.0
899.14343,489.6
899.25977,477.0
899.37616,489.0
899.49249,485.0
899.60889,488.6
899.72522,484.0
899.84155,481.8
899.95789,487.4
900.07428,484.0
900.19061,489.4
900.30695,487.4
900.42322,488.6
900.53955,484.2
900.65588,481.2
900.77222,485.6
900.88849,489.0
901.00482,483.6
901.12109,485.0
901.23743,485.2
901.3537,480.2
901.47003,479.8
901.5863,483.2
901.70258,483.0
901.81885,481.4
901.93512,489.4
902.05139,485.8
902.16766,484.8
902.28394,486.4
902.40021,480.2
902.51642,486.4
902.63269,484.4
902.7489,481.8
902.86517,486.6
902.98138,485.4
903.09766,484.2
903.21387,482.0
903.33008,487.2
903.44629,483.0
903.5625,479.4
903.67871,484.0
903.79492,484.4
903.91113,485.0
904.02734,477.0
904.14355,481.4
904.2597,481.4
904.37592,484.6
904.49207,483.8
904.60828,478.6
904.72443,476.4
904.84064,480.4
904.95679,480.8
905.07294,485.2
905.18909,483.6
905.30524,485.6
905.42139,478.8
905.53754,483.4
905.65369,475.4
905.76984,474.8
905.88593,476.0
906.00208,476.0
906.11816,474.0
906.23431,475.2
906.3504,479.2
906.46655,479.0
906.58264,472.6
906.69873,478.0
906.81482,478.4
906.93091,475.0
907.047,476.2
907.16309,480.2
907.27917,476.6
907.39526,476.2
907.51135,475.0
907.62738,476.8
907.74347,482.4
907.8595,476.6
907.97559,475.8
908.09161,477.4
908.2077,475.6
908.32373,474.0
908.43976,480.4
908.55579,471.8
908.67181,478.0
908.78784,476.4
908.90387,473.2
909.0199,479.2
909.13586,472.2
909.25189,473.4
909.36792,476.4
909.48389,477.2
909.59991,475.4
909.71588,477.6
909.83185,474.2
909.94788,474.4
910.06384,472.6
910.17981,473.0
910.29578,477.8
910.41174,476.8
910.52771,476.6
910.64368,481.0
910.75958,477.0
910.87555,480.0
910.99152,474.0
911.10742,478.2
911.22339,474.8
911.33929,475.6
911.4552,474.2
911.57117,474.2
911.68707,475.2
911.80298,477.4
911.91888,475.8
912.03479,476.8
912.1507,478.0
912.2666,476.8
912.38245,477.4
912.49835,476.4
912.61426,474.4
912.7301,477.6
912.84601,478.8
792.4458,679.0
792.56488,666.8
792.68396,673.8
792.8031,666.4
792.92218,650.0
793.04126,645.6
793.16034,649.6
793.27942,643.8
793.3985,640.2
793.51758,627.2
793.63672,629.6
793.7558,633.6
793.87488,645.6
793.9939,652.8
794.11298,657.4
794.23206,658.0
794.35114,654.2
794.47021,636.6
794.58929,620.6
794.70831,615.8
794.82739,611.4
794.94647,594.8
795.06549,594.6
795.18457,593.0
795.30365,590.2
795.42267,579.2
795.54175,580.2
795.66077,576.2
795.77985,572.0
795.89886,577.2
796.01794,578.6
796.13696,569.2
796.25598,571.4
796.375,565.6
796.49408,564.8
796.6131,562.6
796.73212,564.0
796.85114,559.6
796.97015,564.2
797.08923,554.0
797.20825,562.2
797.32727,556.2
797.44629,557.8
797.56531,555.6
797.68427,553.8
797.80328,555.6
797.9223,556.8
798.04132,555.0
798.16034,554.4
798.27936,554.4
798.39832,556.0
798.51733,548.8
798.63635,555.4
798.75531,554.6
798.87433,551.8
798.99329,544.2
799.1123,548.4
799.23126,543.4
799.35028,544.0
799.46924,550.6
799.58826,544.2
799.70721,542.6
799.82617,547.8
799.94519,542.6
800.06415,547.2
800.18311,542.2
800.30206,547.2
800.42102,541.4
800.54004,544.0
800.659,547.0
800.77795,547.4
800.89691,539.0
801.01587,543.0
801.13483,540.6
801.25372,542.8
801.37268,549.8
801.49164,549.0
801.6106,544.6
801.72955,541.4
801.84845,542.0
801.96741,545.6
802.08636,540.8
802.20526,542.8
802.32422,545.8
802.44318,546.0
802.56207,540.4
802.68103,548.0
802.79993,546.0
802.91882,544.6
803.03778,535.2
803.15668,544.2
803.27557,543.6
803.39453,546.0
803.51343,545.2
803.63232,550.4
803.75122,544.2
803.87012,545.0
803.98907,541.8
804.10797,546.6
804.22687,539.6
804.34576,546.2
804.46466,545.4
804.58356,540.6
804.70239,542.2
804.82129,544.6
804.94019,542.6
805.05908,542.2
805.17798,549.6
805.29681,548.8
805.41571,544.8
805.53461,549.4
805.65344,541.0
805.77234,547.4
805.89117,550.2
806.01007,549.6
806.12891,549.4
806.2478,548.8
806.36664,546.2
806.48547,551.6
806.60437,542.6
806.72321,548.0
806.84204,548.4
806.96088,548.0
807.07971,544.8
807.19861,547.2
807.31744,550.8
807.43628,551.2
807.55511,543.4
807.67395,548.4
807.79279,555.6
807.91162,550.4
808.0304,549.2
808.14923,551.8
808.26807,550.6
808.3869,547.4
808.50568,549.6
808.62451,554.8
808.74335,547.2
808.86212,554.0
808.98096,553.0
809.09979,552.4
809.21857,549.8
809.33734,550.6
809.45618,546.8
809.57495,556.6
809.69379,555.6
809.81256,557.4
809.93134,551.0
810.05011,550.6
810.16895,549.4
810.28772,553.4
810.40649,549.6
810.52527,558.6
810.64404,549.8
810.76282,556.8
810.88159,551.8
811.00037,557.6
811.11914,546.2
811.23792,552.2
811.35663,549.6
811.4754,552.2
811.59418,553.8
811.71295,552.8
811.83167,555.0
811.95044,548.0
812.06921,553.6
812.18793,552.8
812.3067,549.0
812.42542,550.8
812.54419,545.8
812.6629,556.2
812.78162,549.0
812.90039,549.4
813.0191,547.8
813.13782,550.0
813.25653,548.2
813.37524,548.6
813.49402,542.6
813.61273,558.0
813.73145,551.0
813.85016,548.2
813.96887,546.4
814.08759,546.2
814.2063,547.2
814.32495,547.4
814.44366,551.4
814.56238,549.6
814.68109,548.4
814.79974,548.8
814.91846,543.2
815.03717,540.6
815.15582,539.0
815.27454,544.2
815.39319,541.4
815.5119,544.8
815.63055,542.6
815.74927,546.0
815.86792,542.6
815.98657,545.4
816.10529,542.2
816.22394,543.4
816.34259,541.0
816.46124,551.2
816.5799,543.2
816.69855,548.2
816.8172,550.4
816.93585,545.8
817.0545,543.0
817.17316,542.2
817.29181,540.0
817.41046,538.4
817.52911,538.8
817.64771,540.4
817.76636,532.8
817.88501,537.0
818.0036,527.8
818.12225,531.6
818.24091,532.8
818.3595,523.6
818.47815,526.0
818.59674,530.4
818.71533,528.4
818.83398,525.8
818.95258,524.4
819.07117,527.8
819.18976,520.6
819.30841,525.6
819.427,526.8
819.54559,520.8
819.66418,522.2
819.78278,525.6
819.90137,521.4
820.01996,521.8
820.13855,521.8
820.25714,525.2
820.37573,517.2
820.49426,522.4
820.61285,513.8
820.73145,518.2
820.84998,511.8
820.96857,512.0
821.08716,515.4
821.20569,515.8
821.32428,516.0
821.44281,514.4
821.56134,516.6
821.67993,513.8
821.79846,515.8
821.91699,512.2
822.03558,511.8
822.15411,513.0
822.27264,512.8
822.39117,509.0
822.5097,515.2
822.62823,517.4
822.74677,513.8
822.8653,509.6
822.98383,512.2
823.10236,513.8
823.22089,510.4
823.33942,512.0
823.45789,510.2
823.57642,513.0
823.69495,512.2
823.81342,512.2
823.93195,506.8
824.05042,518.0
824.16895,512.4
824.28741,510.4
824.40594,511.6
824.52441,515.0
824.64288,514.4
824.76141,511.8
824.87988,509.8
824.99835,509.0
825.11682,507.0
825.23529,515.4
825.35376,508.4
825.47223,506.0
825.5907,510.8
825.70917,513.8
825.82764,512.4
825.94611,511.6
826.06458,509.2
826.18304,511.6
826.30145,512.4
826.41992,512.4
826.53839,510.2
826.6568,514.8
826.77527,511.0
826.89368,513.2
827.01215,513.4
827.13055,513.6
827.24902,511.8
827.36743,509.4
827.48584,503.6
827.60431,508.2
827.72272,507.2
827.84113,501.4
827.95953,503.4
828.07794,505.8
828.19635,502.4
828.31476,503.6
828.43317,500.4
828.55157,501.0
828.66998,503.4
828.78839,505.0
828.90674,504.4
829.02515,501.4
829.14355,510.4
829.2619,503.4
829.38031,500.2
829.49872,503.0
829.61707,500.6
829.73547,502.2
829.85382,502.8
829.97217,501.4
830.09058,501.8
830.20892,504.8
830.32727,498.8
830.44562,506.0
830.56403,502.6
830.68237,505.6
830.80072,506.2
830.91907,506.4
831.03741,500.6
831.15576,506.4
831.27411,499.4
831.3924,510.6
831.51074,502.8
831.62909,502.2
831.74744,506.4
831.86572,504.6
831.98407,508.8
832.10242,503.2
832.2207,504.6
832.33905,501.0
832.45734,506.4
832.57562,499.4
832.69397,503.0
832.81226,503.0
832.93054,503.6
833.04889,500.4
833.16718,500.6
833.28546,501.8
833.40375,508.6
833.52203,504.6
833.64032,502.6
833.75861,509.0
833.87689,503.6
833.99518,505.2
834.1134,501.2
834.23169,508.2
834.34998,502.8
834.46826,506.0
834.58649,506.4
834.70477,508.8
834.823,502.4
834.94128,507.0
835.05951,506.4
835.1778,504.8
835.29602,503.4
835.41425,503.4
835.53253,506.2
835.65076,504.0
835.76898,501.6
835.88721,507.4
836.00543,506.6
836.12366,507.8
836.24188,510.0
836.36011,508.4
836.47833,509.6
836.59656,504.4
836.71478,506.6
836.83295,507.8
836.95117,499.4
837.0694,506.6
837.18756,505.0
837.30579,502.4
837.42401,506.4
837.54218,501.8
837.66034,506.0
837.77856,505.4
837.89673,507.6
838.01489,507.8
838.13312,501.0
838.25128,506.8
838.36945,510.2
838.48761,510.6
838.60577,509.8
838.72394,510.0
838.8421,503.8
838.96027,507.6
839.07843,503.4
839.19659,505.4
839.31476,507.6
839.43286,510.2
839.55103,509.8
839.66919,505.4
839.78729,509.4
839.90546,510.2
840.02356,503.0
840.14172,504.2
840.25983,504.4
840.37793,502.2
840.49609,507.4
840.6142,505.4
840.7323,504.8
840.8504,506.4
840.96851,501.2
841.08661,507.4
841.20471,505.6
841.32281,506.2
841.44092,503.8
841.55902,508.4
841.67712,501.4
841.79523,508.0
841.91327,505.0
842.03137,505.8
842.14948,514.0
842.26752,505.2
842.38562,502.0
842.50366,503.0
842.62177,505.0
842.73981,502.2
842.85791,504.2
842.97595,504.0
843.09399,503.0
843.21204,512.2
843.33008,507.8
843.44818,503.8
843.56622,503.6
843.68427,505.4
843.80231,506.2
843.92029,508.8
844.03833,508.8
844.15637,501.6
844.27441,504.2
844.39246,508.8
844.51044,503.2
844.62848,507.4
844.74646,505.0
844.8645,507.4
844.98248,506.6
845.10052,503.0
845.21851,507.0
845.33649,511.4
845.45453,501.6
845.57251,506.2
845.69049,504.0
845.80847,505.6
845.92645,507.0
846.04443,504.4
846.16241,502.0
846.2804,508.2
846.39838,503.2
846.51636,502.6
846.63434,509.4
846.75226,509.2
846.87024,510.8
846.98822,508.6
847.10614,508.6
847.22412,504.2
847.34204,505.6
847.46002,508.2
847.57794,502.0
847.69586,509.4
847.81384,503.6
847.93176,507.8
848.04968,506.8
848.1676,505.4
848.28552,502.8
848.40344,500.4
848.52136,503.2
848.63928,503.6
848.7572,506.8
848.87512,511.0
848.99304,502.6
849.1109,506.0
849.22882,502.6
849.34674,499.2
849.4646,505.2
849.58252,504.6
849.70038,502.2
849.8183,501.8
849.93616,504.4
850.05402,506.4
850.17194,502.6
850.28979,502.6
850.40765,497.0
850.52551,504.8
850.64337,502.6
850.76123,501.4
850.87909,500.2
850.99695,501.6
851.11481,502.0
851.23267,507.4
851.35046,506.0
851.46832,499.0
851.58618,507.2
851.70398,503.6
851.82184,505.4
851.93964,507.8
852.0575,507.4
852.17529,515.4
852.29315,511.2
852.41095,512.0
852.52875,503.8
852.64655,508.6
852.7644,509.4
852.8822,504.0
853.0,497.8
853.1178,507.2
853.2356,507.6
853.35333,505.0
853.47113,501.2
853.58893,502.4
853.70673,500.0
853.82446,504.6
853.94226,503.6
854.06006,505.8
854.1778,506.6
854.29559,508.4
854.41333,501.8
854.53107,507.4
854.64886,505.0
854.7666,508.8
854.88434,508.6
855.00208,510.6
855.11981,512.4
855.23761,511.0
855.35535,509.6
855.47302,508.0
855.59076,514.8
855.7085,512.0
855.82623,506.6
855.94397,511.0
856.06165,506.2
856.17938,510.0
856.29712,508.0
856.41479,504.0
856.53253,509.2
856.65021,506.8
856.76788,505.4
856.88562,506.8
857.0033,505.2
857.12097,505.6
857.23865,500.4
857.35632,504.6
857.474,502.8
857.59167,501.6
857.70935,502.6
857.82703,504.2
857.9447,505.6
858.06238,503.4
858.18005,501.6
858.29767,506.4
858.41534,502.8
858.53296,504.2
858.65063,503.8
858.76825,503.0
858.88593,505.0
859.00354,505.6
859.12115,502.0
859.23883,500.4
859.35645,503.8
859.47406,505.0
859.59167,498.8
859.70929,506.2
859.8269,499.4
859.94452,503.0
860.06213,505.0
860.17975,503.0
860.29736,500.6
860.41492,499.4
860.53253,496.0
860.65009,502.8
860.7677,497.0
860.88525,496.0
861.00287,502.2
861.12042,501.4
861.23804,497.2
861.35559,503.8
861.47314,499.2
861.5907,498.6
861.70825,503.0
861.82581,496.6
861.94336,495.2
862.06091,496.4
862.17847,500.2
862.29602,495.4
862.41357,492.0
862.53113,499.8
862.64862,495.0
862.76617,496.8
862.88367,497.4
863.00122,498.2
863.11871,493.4
863.23627,500.0
863.35376,500.2
863.47125,500.2
863.58881,496.4
863.7063,498.6
863.82379,496.4
863.94128,497.4
864.05878,498.8
864.17627,500.4
864.29376,494.2
864.41125,501.4
864.52869,493.6
864.64618,501.0
864.76367,493.6
864.8811,500.4
864.9986,493.2
865.11609,496.2
865.23352,494.0
865.35095,502.4
865.46844,497.0
865.58588,495.4
865.70331,499.4
865.82074,501.8
865.93823,497.6
866.05566,497.4
866.1731,498.2
866.29053,495.4
866.4079,497.4
866.52533,501.2
866.64276,498.8
866.76019,495.4
866.87756,491.8
866.995,496.2
867.11243,497.4
867.2298,497.8
867.34723,494.4
867.4646,499.0
867.58197,497.2
867.6994,498.0
867.81677,503.2
867.93414,497.2
868.05151,500.4
868.16888,499.2
868.28625,497.8
868.40363,501.6
868.521,500.6
868.63837,496.8
868.75568,497.2
868.87305,500.2
868.99042,496.2
869.10773,497.6
869.2251,497.8
869.34241,503.6
869.45978,500.4
869.57709,500.6
869.69446,499.4
869.81177,503.4
869.92908,501.8
870.04639,499.6
870.1637,492.8
870.28101,502.2
870.39832,498.8
870.51563,495.6
870.63293,499.4
870.75024,500.2
870.86749,500.4
870.9848,496.2
871.10211,498.2
871.21936,500.4
871.33667,499.8
871.45392,499.0
871.57123,501.2
871.68848,498.6
871.80573,500.4
871.92297,501.4
872.04028,496.0
872.15753,499.0
872.27478,500.4
872.39203,502.4
872.50928,497.4
872.62646,501.8
872.74371,500.0
872.86096,497.8
872.97821,501.4
873.0954,498.0
873.21265,501.2
873.32983,500.2
873.44708,494.8
873.56427,499.4
873.68152,498.4
873.79871,502.4
873.91589,499.6
874.03308,499.0
874.15027,496.8
874.26746,499.6
874.38464,498.8
874.50183,500.6
874.61902,493.6
874.73621,500.0
874.85339,494.6
874.97052,500.0
875.08771,499.0
875.2049,502.0
875.32202,498.8
875.43921,503.8
875.55634,508.2
875.67346,501.0
875.79065,497.6
875.90778,501.8
876.0249,497.0
876.14203,498.2
876.25916,499.8
876.37628,495.8
876.49341,504.0
876.61053,502.4
876.72766,501.4
876.84473,502.4
876.96185,504.6
877.07898,502.0
877.19604,501.0
877.31317,503.0
877.43024,501.0
877.54736,498.8
877.66443,497.4
877.78149,498.8
877.89856,499.8
878.01569,499.0
878.13275,497.4
878.24982,498.4
878.36688,498.4
878.48395,493.8
878.60095,498.6
878.71802,494.4
878.83508,496.6
878.95215,496.4
879.06915,492.0
879.18622,496.2
879.30322,489.6
879.42029,493.8
879.53729,494.8
879.6543,497.4
879.77136,494.6
879.88837,494.0
880.00537,496.0
880.12238,499.4
880.23938,491.8
880.35638,500.8
880.47339,491.0
880.59039,494.4
880.70734,496.8
880.82434,492.6
880.94135,495.0
881.05829,498.6
881.17529,494.4
881.29224,492.0
881.40924,489.8
881.52618,492.6
881.64313,495.2
881.76007,492.0
881.87701,500.8
881.99402,496.0
882.11096,494.6
882.22791,495.6
882.34479,494.6
882.46173,498.2
882.57867,499.0
882.69562,496.6
882.8125,495.0
882.92944,496.6
883.04639,494.6
883.16327,500.4
883.28015,499.2
883.39709,500.0
883.51398,497.4
883.63086,497.2
883.74774,497.6
883.86462,498.0
883.98157,495.2
884.09839,500.2
884.21527,499.0
884.33215,496.8
884.44904,501.8
884.56592,499.0
884.68274,500.2
884.79962,498.4
884.9165,496.0
885.03333,506.6
885.15015,498.0
885.26703,503.4
885.38385,506.4
885.50067,506.2
885.61749,505.8
885.73438,505.8
885.8512,505.8
885.96802,512.6
886.08478,498.6
886.2016,507.4
886.31842,501.4
886.43524,500.6
886.55206,504.0
886.66882,503.8
886.78564,502.6
886.9024,507.4
887.01923,502.4
887.13599,501.0
887.25275,496.0
887.36951,499.8
887.48633,494.8
887.60309,506.2
887.71985,498.0
887.83661,497.6
887.95337,496.4
888.07007,493.8
888.18683,497.2
888.30359,491.6
888.42035,495.8
888.53705,492.6
888.65381,493.4
888.77051,493.6
888.88721,489.0
889.00397,495.4
889.12067,492.0
889.23737,493.8
889.35406,493.8
889.47083,491.2
889.58752,488.6
889.70416,499.0
889.82086,489.8
889.93756,496.0
890.05426,493.2
890.17096,493.6
890.2876,494.6
890.4043,490.4
890.52094,490.2
890.63763,494.0
890.75427,491.4
890.87091,500.2
890.98761,487.6
891.10425,497.0
891.22089,491.4
891.33752,491.6
891.45416,485.2
891.5708,494.6
891.68744,492.4
891.80408,492.2
891.92065,497.4
892.03729,488.0
892.15393,491.0
892.27051,495.6
892.38715,494.2
892.50372,491.6
892.6203,496.8
892.73694,497.2
892.85352,497.0
892.97009,493.6
893.08667,494.8
893.20325,494.4
893.31982,493.0
893.4364,497.0
893.55298,491.4
893.66956,498.2
893.78607,499.2
893.90265,496.6
894.01917,499.2
894.13574,498.6
894.25226,501.0
894.36884,496.8
894.48535,494.4
894.60187,497.8
894.71838,497.8
894.8349,496.4
894.95148,496.6
895.06793,495.4
895.18445,497.2
895.30096,495.2
895.41748,497.0
895.534,496.2
895.65045,495.4
895.76697,497.0
895.88342,495.2
895.99994,496.0
896.11639,498.2
896.23291,493.0
896.34937,498.8
896.46582,494.4
896.58228,498.8
896.69873,496.2
896.81519,494.2
896.93164,492.0
897.0481,492.0
897.16455,497.4
897.28094,498.4
897.3974,494.4
897.51385,494.0
897.63025,501.6
897.7467,495.4
897.8631,491.6
897.97949,496.4
898.09595,491.6
898.21234,491.4
898.32874,499.0
898.44513,496.0
898.56152,492.4
898.67792,493.6
898.79431,496.6
898.91064,491.8
899.02704,490.0
899.14343,495.8
899.25977,497.0
899.37616,491.6
899.49249,493.4
899.60889,491.8
899.72522,492.2
899.84155,492.4
899.95789,498.2
900.07428,493.2
900.19061,496.4
900.30695,493.8
900.42322,496.6
900.53955,493.6
900.65588,494.6
900.77222,488.2
900.88849,496.6
901.00482,492.0
901.12109,496.8
901.23743,492.8
901.3537,494.6
901.47003,493.8
901.5863,492.2
901.70258,488.4
901.81885,492.0
901.93512,490.8
902.05139,492.4
902.16766,490.6
902.28394,494.2
902.40021,494.2
902.51642,496.6
902.63269,489.6
902.7489,493.6
902.86517,492.2
902.98138,494.0
903.09766,490.8
903.21387,494.8
903.33008,494.2
903.44629,492.8
903.5625,491.2
903.67871,490.4
903.79492,492.4
903.91113,490.0
904.02734,488.4
904.14355,492.0
904.2597,490.2
904.37592,492.2
904.49207,487.0
904.60828,484.6
904.72443,485.6
904.84064,487.0
904.95679,487.0
905.07294,489.2
905.18909,485.4
905.30524,487.4
905.42139,489.2
905.53754,483.0
905.65369,483.2
905.76984,484.0
905.88593,483.8
906.00208,484.0
906.11816,484.8
906.23431,483.6
906.3504,480.2
906.46655,481.4
906.58264,477.8
906.69873,482.2
906.81482,477.8
906.93091,480.0
907.047,475.8
907.16309,482.4
907.27917,483.8
907.39526,486.8
907.51135,477.8
907.62738,480.4
907.74347,488.2
907.8595,476.8
907.97559,484.0
908.09161,482.6
908.2077,476.6
908.32373,483.2
908.43976,481.0
908.55579,478.4
908.67181,481.4
908.78784,485.0
908.90387,484.0
909.0199,484.0
909.13586,480.8
909.25189,481.4
909.36792,476.0
909.48389,477.4
909.59991,477.6
909.71588,483.4
909.83185,481.2
909.94788,482.8
910.06384,482.4
910.17981,483.6
910.29578,478.0
910.41174,478.6
910.52771,481.6
910.64368,484.0
910.75958,480.0
910.87555,482.6
910.99152,481.8
911.10742,482.8
911.22339,476.6
911.33929,483.6
911.4552,480.4
911.57117,482.2
911.68707,481.4
911.80298,486.4
911.91888,479.8
912.03479,479.2
912.1507,482.2
912.2666,479.0
912.38245,476.6
912.49835,481.6
912.61426,478.8
912.7301,479.4
912.84601,477.6
792.4458,664.8
792.56488,658.2
792.68396,658.6
792.8031,652.4
792.92218,638.2
793.04126,635.8
793.16034,634.2
793.27942,631.8
793.3985,628.4
793.51758,608.6
793.63672,613.2
793.7558,611.8
793.87488,614.2
793.9939,604.2
794.11298,599.8
794.23206,598.0
794.35114,594.8
794.47021,598.2
794.58929,587.4
794.70831,585.2
794.82739,583.8
794.94647,582.4
795.06549,580.0
795.18457,570.2
795.30365,572.0
795.42267,561.2
795.54175,563.4
795.66077,566.0
795.77985,566.4
795.89886,565.4
796.01794,558.0
796.13696,552.4
796.25598,561.8
796.375,558.0
796.49408,555.0
796.6131,553.0
796.73212,552.6
796.85114,549.2
796.97015,553.8
797.08923,546.4
797.20825,548.4
797.32727,544.0
797.44629,548.4
797.56531,548.8
797.68427,543.2
797.80328,545.2
797.9223,539.2
798.04132,539.8
798.16034,542.2
798.27936,538.4
798.39832,544.6
798.51733,534.8
798.63635,537.8
798.75531,537.4
798.87433,533.8
798.99329,536.6
799.1123,533.8
799.23126,533.8
799.35028,534.2
799.46924,535.4
799.58826,540.8
799.70721,536.4
799.82617,537.2
799.94519,529.4
800.06415,531.2
800.18311,532.8
800.30206,533.0
800.42102,532.4
800.54004,534.2
800.659,526.4
800.77795,528.2
800.89691,532.0
801.01587,528.4
801.13483,535.0
801.25372,530.4
801.37268,530.4
801.49164,530.8
801.6106,534.0
801.72955,532.2
801.84845,528.4
801.96741,533.0
802.08636,530.6
802.20526,532.0
802.32422,528.6
802.44318,535.2
802.56207,528.8
802.68103,532.0
802.79993,528.0
802.91882,529.2
803.03778,529.2
803.15668,531.4
803.27557,532.2
803.39453,526.8
803.51343,533.0
803.63232,531.8
803.75122,532.0
803.87012,535.0
803.98907,530.8
804.10797,531.2
804.22687,526.8
804.34576,533.6
804.46466,528.2
804.58356,533.8
804.70239,532.2
804.82129,529.8
804.94019,531.2
805.05908,528.6
805.17798,525.8
805.29681,534.2
805.41571,532.6
805.53461,535.0
805.65344,534.4
805.77234,539.2
805.89117,531.2
806.01007,535.2
806.12891,534.6
806.2478,534.2
806.36664,528.2
806.48547,534.8
806.60437,530.4
806.72321,534.4
806.84204,540.6
806.96088,532.8
807.07971,535.6
807.19861,540.6
807.31744,535.8
807.43628,538.2
807.55511,532.6
807.67395,529.2
807.79279,536.4
807.91162,535.6
808.0304,534.2
808.14923,541.2
808.26807,534.4
808.3869,539.0
808.50568,540.2
808.62451,541.2
808.74335,539.6
808.86212,536.6
808.98096,540.0
809.09979,537.2
809.21857,537.6
809.33734,538.6
809.45618,536.4
809.57495,537.6
809.69379,536.6
809.81256,538.0
809.93134,538.4
810.05011,539.8
810.16895,537.2
810.28772,537.2
810.40649,536.6
810.52527,542.4
810.64404,536.8
810.76282,541.2
810.88159,534.6
811.00037,542.8
811.11914,529.6
811.23792,536.6
811.35663,540.6
811.4754,542.4
811.59418,537.2
811.71295,539.0
811.83167,540.6
811.95044,535.6
812.06921,543.0
812.18793,537.8
812.3067,540.8
812.42542,536.8
812.54419,538.2
812.6629,539.4
812.78162,536.8
812.90039,536.0
813.0191,536.4
813.13782,536.2
813.25653,532.0
813.37524,531.6
813.49402,534.4
813.61273,538.0
813.73145,539.2
813.85016,535.0
813.96887,534.0
814.08759,534.8
814.2063,532.2
814.32495,537.6
814.44366,532.4
814.56238,528.8
814.68109,535.0
814.79974,537.0
814.91846,529.6
815.03717,532.0
815.15582,529.2
815.27454,530.4
815.39319,526.4
815.5119,530.6
815.63055,525.6
815.74927,530.8
815.86792,525.6
815.98657,535.2
816.10529,529.8
816.22394,530.2
816.34259,529.4
816.46124,533.4
816.5799,533.2
816.69855,540.6
816.8172,531.2
816.93585,528.6
817.0545,533.6
817.17316,529.6
817.29181,525.8
817.41046,527.0
817.52911,521.8
817.64771,522.8
817.76636,518.8
817.88501,518.8
818.0036,524.4
818.12225,520.0
818.24091,524.6
818.3595,518.8
818.47815,518.8
818.59674,522.0
818.71533,516.6
818.83398,511.4
818.95258,512.6
819.07117,512.6
819.18976,512.0
819.30841,517.0
819.427,510.2
819.54559,511.6
819.66418,512.2
819.78278,516.4
819.90137,512.4
820.01996,511.2
820.13855,507.2
820.25714,515.0
820.37573,511.6
820.49426,512.0
820.61285,506.0
820.73145,510.0
820.84998,505.8
820.96857,508.0
821.08716,506.6
821.20569,504.4
821.32428,508.8
821.44281,503.6
821.56134,509.8
821.67993,506.2
821.79846,503.2
821.91699,507.8
822.03558,502.2
822.15411,507.6
822.27264,503.4
822.39117,502.6
822.5097,503.8
822.62823,504.2
822.74677,503.0
822.8653,503.0
822.98383,505.2
823.10236,505.0
823.22089,504.2
823.33942,500.4
823.45789,505.8
823.57642,502.0
823.69495,500.2
823.81342,503.6
823.93195,495.8
824.05042,508.0
824.16895,504.6
824.28741,502.6
824.40594,499.6
824.52441,502.0
824.64288,503.4
824.76141,499.2
824.87988,501.6
824.99835,501.8
825.11682,500.6
825.23529,502.0
825.35376,498.0
825.47223,499.8
825.5907,498.4
825.70917,503.0
825.82764,501.0
825.94611,503.4
826.06458,495.2
826.18304,498.6
826.30145,496.2
826.41992,502.6
826.53839,496.8
826.6568,498.8
826.77527,497.2
826.89368,502.2
827.01215,496.6
827.13055,500.6
827.24902,496.4
827.36743,495.2
827.48584,496.8
827.60431,498.6
827.72272,491.4
827.84113,499.4
827.95953,487.8
828.07794,490.2
828.19635,501.4
828.31476,497.2
828.43317,498.4
828.55157,494.6
828.66998,489.0
828.78839,495.4
828.90674,492.4
829.02515,490.6
829.14355,493.8
829.2619,494.8
829.38031,489.8
829.49872,491.2
829.61707,494.4
829.73547,495.4
829.85382,492.2
829.97217,494.8
830.09058,493.4
830.20892,493.0
830.32727,492.4
830.44562,498.2
830.56403,495.0
830.68237,493.2
830.80072,499.2
830.91907,493.2
831.03741,493.6
831.15576,496.2
831.27411,494.2
831.3924,495.8
831.51074,491.4
831.62909,497.4
831.74744,495.8
831.86572,495.4
831.98407,499.4
832.10242,497.8
832.2207,494.0
832.33905,495.4
832.45734,495.6
832.57562,490.6
832.69397,495.2
832.81226,495.4
832.93054,495.8
833.04889,493.4
833.16718,492.4
833.28546,499.6
833.40375,499.8
833.52203,497.6
833.64032,489.4
833.75861,494.6
833.87689,495.8
833.99518,497.2
834.1134,494.6
834.23169,494.4
834.34998,488.4
834.46826,498.8
834.58649,495.8
834.70477,493.8
834.823,494.4
834.94128,501.6
835.05951,492.2
835.1778,495.8
835.29602,492.2
835.41425,494.2
835.53253,494.8
835.65076,495.0
835.76898,494.6
835.88721,496.4
836.00543,494.0
836.12366,503.2
836.24188,497.0
836.36011,492.6
836.47833,493.8
836.59656,497.0
836.71478,491.0
836.83295,498.8
836.95117,491.2
837.0694,495.6
837.18756,495.0
837.30579,499.0
837.42401,497.6
837.54218,496.6
837.66034,497.8
837.77856,504.4
837.89673,498.8
838.01489,498.6
838.13312,496.6
838.25128,500.6
838.36945,496.4
838.48761,504.6
838.60577,500.6
838.72394,501.6
838.8421,498.4
838.96027,500.2
839.07843,498.6
839.19659,497.8
839.31476,499.2
839.43286,495.0
839.55103,499.0
839.66919,500.2
839.78729,496.6
839.90546,502.2
840.02356,496.0
840.14172,496.6
840.25983,495.4
840.37793,500.0
840.49609,497.2
840.6142,495.4
840.7323,493.4
840.8504,499.2
840.96851,497.2
841.08661,498.8
841.20471,497.8
841.32281,499.6
841.44092,492.0
841.55902,503.4
841.67712,491.6
841.79523,498.2
841.91327,495.8
842.03137,501.4
842.14948,498.6
842.26752,494.8
842.38562,498.6
842.50366,495.0
842.62177,494.0
842.73981,496.4
842.85791,491.0
842.97595,494.0
843.09399,495.6
843.21204,494.4
843.33008,502.0
843.44818,501.0
843.56622,497.4
843.68427,494.4
843.80231,498.0
843.92029,501.4
844.03833,497.8
844.15637,496.8
844.27441,502.2
844.39246,506.6
844.51044,495.6
844.62848,494.6
844.74646,499.8
844.8645,499.8
844.98248,494.8
845.10052,489.8
845.21851,495.6
845.33649,502.0
845.45453,497.0
845.57251,498.2
845.69049,493.0
845.80847,496.2
845.92645,502.4
846.04443,494.6
846.16241,495.2
846.2804,502.6
846.39838,495.8
846.51636,499.8
846.63434,493.4
846.75226,501.2
846.87024,499.6
846.98822,505.4
847.10614,496.8
847.22412,498.6
847.34204,497.4
847.46002,500.0
847.57794,500.6
847.69586,502.8
847.81384,499.4
847.93176,499.6
848.04968,493.6
848.1676,497.6
848.28552,500.0
848.40344,502.4
848.52136,498.0
848.63928,499.4
848.7572,496.2
848.87512,498.6
848.99304,497.8
849.1109,499.2
849.22882,490.0
849.34674,494.0
849.4646,497.0
849.58252,491.8
849.70038,499.2
849.8183,498.0
849.93616,500.2
850.05402,492.4
850.17194,489.6
850.28979,496.8
850.40765,497.6
850.52551,498.6
850.64337,501.2
850.76123,492.0
850.87909,495.8
850.99695,497.2
851.11481,498.4
851.23267,494.2
851.35046,499.8
851.46832,494.0
851.58618,498.2
851.70398,497.8
851.82184,496.8
851.93964,496.6
852.0575,502.6
852.17529,509.2
852.29315,507.4
852.41095,502.6
852.52875,501.2
852.64655,500.4
852.7644,501.2
852.8822,498.6
853.0,491.6
853.1178,498.8
853.2356,496.2
853.35333,496.4
853.47113,494.6
853.58893,499.4
853.70673,498.0
853.82446,494.2
853.94226,502.2
854.06006,499.8
854.1778,501.0
854.29559,498.8
854.41333,497.2
854.53107,496.8
854.64886,503.8
854.7666,500.6
854.88434,501.6
855.00208,501.8
855.11981,501.8
855.23761,504.0
855.35535,506.8
855.47302,499.6
855.59076,501.2
855.7085,503.0
855.82623,499.6
855.94397,501.6
856.06165,496.8
856.17938,497.4
856.29712,499.8
856.41479,503.2
856.53253,497.4
856.65021,498.8
856.76788,498.4
856.88562,498.8
857.0033,500.8
857.12097,496.8
857.23865,487.8
857.35632,499.0
857.474,496.6
857.59167,495.6
857.70935,497.8
857.82703,495.2
857.9447,497.0
858.06238,492.8
858.18005,501.6
858.29767,495.2
858.41534,496.2
858.53296,498.6
858.65063,492.2
858.76825,499.0
858.88593,492.6
859.00354,496.6
859.12115,494.6
859.23883,496.4
859.35645,492.0
859.47406,497.0
859.59167,492.0
859.70929,497.4
859.8269,491.6
859.94452,486.8
860.06213,492.6
860.17975,497.0
860.29736,490.8
860.41492,491.6
860.53253,491.0
860.65009,492.2
860.7677,493.6
860.88525,493.4
861.00287,492.2
861.12042,496.4
861.23804,491.0
861.35559,497.4
861.47314,497.4
861.5907,491.0
861.70825,492.2
861.82581,496.4
861.94336,492.6
862.06091,485.6
862.17847,493.4
862.29602,491.4
862.41357,490.4
862.53113,487.2
862.64862,493.0
862.76617,491.8
862.88367,486.4
863.00122,488.6
863.11871,489.6
863.23627,496.2
863.35376,487.2
863.47125,493.0
863.58881,489.6
863.7063,494.6
863.82379,489.6
863.94128,492.0
864.05878,489.0
864.17627,489.8
864.29376,486.0
864.41125,488.8
864.52869,485.6
864.64618,491.2
864.76367,486.4
864.8811,493.4
864.9986,489.2
865.11609,493.0
865.23352,491.6
865.35095,493.0
865.46844,493.2
865.58588,494.4
865.70331,490.0
865.82074,491.8
865.93823,490.0
866.05566,491.8
866.1731,491.4
866.29053,489.8
866.4079,490.8
866.52533,492.2
866.64276,493.0
866.76019,490.0
866.87756,488.2
866.995,490.6
867.11243,495.6
867.2298,490.0
867.34723,497.0
867.4646,490.4
867.58197,493.0
867.6994,489.2
867.81677,492.4
867.93414,489.2
868.05151,493.6
868.16888,493.0
868.28625,486.6
868.40363,490.0
868.521,493.2
868.63837,496.8
868.75568,491.2
868.87305,499.6
868.99042,489.4
869.10773,488.8
869.2251,491.2
869.34241,491.2
869.45978,491.0
869.57709,497.4
869.69446,489.2
869.81177,492.4
869.92908,492.6
870.04639,495.6
870.1637,491.0
870.28101,494.6
870.39832,494.2
870.51563,496.0
870.63293,495.2
870.75024,497.6
870.86749,497.8
870.9848,490.4
871.10211,489.2
871.21936,496.0
871.33667,499.4
871.45392,497.6
871.57123,494.2
871.68848,492.0
871.80573,494.0
871.92297,497.4
872.04028,488.4
872.15753,493.0
872.27478,490.4
872.39203,493.0
872.50928,489.0
872.62646,497.8
872.74371,495.2
872.86096,495.8
872.97821,492.0
873.0954,495.2
873.21265,490.4
873.32983,496.6
873.44708,490.8
873.56427,491.8
873.68152,493.2
873.79871,492.2
873.91589,491.8
874.03308,494.4
874.15027,492.0
874.26746,492.2
874.38464,493.4
874.50183,496.0
874.61902,492.6
874.73621,494.8
874.85339,494.8
874.97052,495.6
875.08771,490.6
875.2049,494.6
875.32202,485.4
875.43921,496.4
875.55634,489.4
875.67346,493.0
875.79065,491.0
875.90778,499.6
876.0249,493.0
876.14203,494.2
876.25916,494.2
876.37628,497.8
876.49341,494.6
876.61053,498.4
876.72766,492.0
876.84473,496.4
876.96185,497.4
877.07898,494.6
877.19604,496.2
877.31317,490.2
877.43024,492.6
877.54736,495.6
877.66443,494.4
877.78149,491.8
877.89856,499.2
878.01569,498.6
878.13275,493.2
878.24982,491.2
878.36688,492.8
878.48395,494.0
878.60095,493.0
878.71802,491.2
878.83508,489.2
878.95215,494.2
879.06915,492.8
879.18622,493.0
879.30322,487.8
879.42029,490.0
879.53729,490.0
879.6543,489.4
879.77136,490.4
879.88837,487.6
880.00537,492.4
880.12238,490.4
880.23938,487.4
880.35638,493.0
880.47339,487.8
880.59039,486.0
880.70734,487.4
880.82434,491.4
880.94135,483.8
881.05829,489.4
881.17529,487.6
881.29224,489.0
881.40924,488.8
881.52618,489.0
881.64313,492.8
881.76007,488.8
881.87701,493.4
881.99402,487.2
882.11096,489.6
882.22791,485.8
882.34479,489.0
882.46173,493.2
882.57867,488.2
882.69562,490.0
882.8125,487.8
882.92944,494.0
883.04639,489.0
883.16327,493.4
883.28015,484.2
883.39709,488.2
883.51398,492.6
883.63086,488.8
883.74774,495.2
883.86462,493.8
883.98157,494.0
884.09839,496.0
884.21527,487.8
884.33215,492.6
884.44904,486.6
884.56592,489.4
884.68274,493.8
884.79962,493.0
884.9165,493.6
885.03333,495.2
885.15015,497.4
885.26703,499.8
885.38385,498.8
885.50067,503.8
885.61749,500.0
885.73438,498.2
885.8512,506.0
885.96802,500.6
886.08478,502.0
886.2016,497.4
886.31842,498.2
886.43524,495.4
886.55206,496.6
886.66882,497.8
886.78564,495.2
886.9024,500.4
887.01923,494.0
887.13599,495.8
887.25275,495.4
887.36951,495.2
887.48633,492.8
887.60309,494.6
887.71985,493.2
887.83661,493.0
887.95337,488.6
888.07007,489.2
888.18683,485.8
888.30359,488.4
888.42035,488.8
888.53705,490.0
888.65381,483.4
888.77051,488.2
888.88721,484.4
889.00397,490.2
889.12067,486.4
889.23737,489.2
889.35406,488.2
889.47083,484.2
889.58752,485.2
889.70416,495.4
889.82086,488.2
889.93756,487.2
890.05426,485.0
890.17096,489.6
890.2876,486.6
890.4043,483.4
890.52094,489.6
890.63763,492.0
890.75427,487.2
890.87091,494.2
890.98761,490.0
891.10425,487.2
891.22089,483.6
891.33752,488.4
891.45416,485.8
891.5708,489.4
891.68744,486.0
891.80408,487.8
891.92065,484.8
892.03729,491.2
892.15393,491.2
892.27051,490.8
892.38715,490.4
892.50372,495.0
892.6203,490.4
892.73694,491.6
892.85352,493.4
892.97009,485.8
893.08667,492.8
893.20325,488.0
893.31982,494.2
893.4364,492.0
893.55298,485.6
893.66956,493.6
893.78607,492.4
893.90265,492.2
894.01917,496.0
894.13574,489.6
894.25226,489.8
894.36884,495.8
894.48535,493.8
894.60187,490.8
894.71838,485.0
894.8349,494.0
894.95148,483.6
895.06793,490.6
895.18445,494.4
895.30096,490.8
895.41748,488.2
895.534,486.8
895.65045,486.6
895.76697,493.8
895.88342,487.6
895.99994,492.6
896.11639,489.8
896.23291,486.0
896.34937,490.6
896.46582,492.2
896.58228,492.0
896.69873,492.6
896.81519,494.2
896.93164,492.0
897.0481,485.0
897.16455,493.2
897.28094,492.4
897.3974,491.0
897.51385,493.8
897.63025,492.2
897.7467,491.4
897.8631,487.4
897.97949,492.0
898.09595,492.0
898.21234,488.0
898.32874,491.8
898.44513,489.0
898.56152,491.2
898.67792,488.2
898.79431,486.0
898.91064,485.6
899.02704,488.2
899.14343,488.8
899.25977,486.8
899.37616,487.2
899.49249,488.8
899.60889,488.0
899.72522,484.4
899.84155,489.6
899.95789,491.6
900.07428,487.4
900.19061,496.0
900.30695,487.4
900.42322,488.8
900.53955,483.2
900.65588,479.6
900.77222,486.8
900.88849,488.6
901.00482,484.6
901.12109,489.8
901.23743,489.4
901.3537,486.2
901.47003,485.2
901.5863,484.8
901.70258,492.6
901.81885,485.4
901.93512,487.2
902.05139,489.4
902.16766,484.2
902.28394,490.0
902.40021,487.2
902.51642,490.6
902.63269,484.2
902.7489,488.2
902.86517,485.6
902.98138,490.4
903.09766,488.8
903.21387,484.2
903.33008,487.8
903.44629,486.4
903.5625,484.0
903.67871,483.8
903.79492,484.0
903.91113,484.2
904.02734,482.0
904.14355,483.4
904.2597,482.8
904.37592,483.0
904.49207,479.4
904.60828,478.4
904.72443,477.2
904.84064,483.6
904.95679,480.8
905.07294,482.2
905.18909,480.2
905.30524,481.4
905.42139,478.6
905.53754,480.2
905.65369,475.4
905.76984,478.2
905.88593,475.8
906.00208,478.4
906.11816,476.8
906.23431,479.2
906.3504,472.0
906.46655,477.0
906.58264,477.4
906.69873,476.0
906.81482,472.6
906.93091,472.6
907.047,474.4
907.16309,476.6
907.27917,474.8
907.39526,475.4
907.51135,474.0
907.62738,469.2
907.74347,477.8
907.8595,476.6
907.97559,475.6
908.09161,478.2
908.2077,476.8
908.32373,475.8
908.43976,478.4
908.55579,467.8
908.67181,478.6
908.78784,475.4
908.90387,475.8
909.0199,476.4
909.13586,473.4
909.25189,478.0
909.36792,474.6
909.48389,477.0
909.59991,476.4
909.71588,474.4
909.83185,478.8
909.94788,476.0
910.06384,472.4
910.17981,475.2
910.29578,476.0
910.41174,475.8
910.52771,475.4
910.64368,474.2
910.75958,474.8
910.87555,477.8
910.99152,474.4
911.10742,473.6
911.22339,481.2
911.33929,476.8
911.4552,473.2
911.57117,473.2
911.68707,477.2
911.80298,475.6
911.91888,477.6
912.03479,471.6
912.1507,475.2
912.2666,476.0
912.38245,478.4
912.49835,477.0
912.61426,476.0
912.7301,474.6
912.84601,477.4
792.4458,627.6
792.56488,621.6
792.68396,624.0
792.8031,618.2
792.92218,605.2
793.04126,601.4
793.16034,601.2
793.27942,600.6
793.3985,594.0
793.51758,588.8
793.63672,583.0
793.7558,586.0
793.87488,590.4
793.9939,590.6
794.11298,582.8
794.23206,584.6
794.35114,571.0
794.47021,563.0
794.58929,564.2
794.70831,564.6
794.82739,568.8
794.94647,566.6
795.06549,571.4
795.18457,560.4
795.30365,556.4
795.42267,553.6
795.54175,551.2
795.66077,552.4
795.77985,551.6
795.89886,548.4
796.01794,550.0
796.13696,547.2
796.25598,553.2
796.375,543.6
796.49408,544.0
796.6131,545.6
796.73212,543.4
796.85114,541.2
796.97015,535.8
797.08923,538.8
797.20825,536.4
797.32727,540.0
797.44629,538.4
797.56531,535.0
797.68427,537.0
797.80328,536.0
797.9223,534.8
798.04132,531.2
798.16034,538.8
798.27936,534.2
798.39832,535.2
798.51733,530.8
798.63635,533.6
798.75531,529.6
798.87433,529.6
798.99329,527.0
799.1123,536.6
799.23126,528.2
799.35028,532.4
799.46924,530.8
799.58826,537.6
799.70721,536.2
799.82617,532.6
799.94519,524.2
800.06415,527.2
800.18311,528.0
800.30206,533.4
800.42102,527.0
800.54004,526.8
800.659,528.8
800.77795,531.0
800.89691,524.8
801.01587,529.0
801.13483,531.6
801.25372,534.2
801.37268,527.8
801.49164,527.6
801.6106,536.6
801.72955,532.2
801.84845,533.2
801.96741,529.0
802.08636,533.0
802.20526,528.8
802.32422,530.0
802.44318,533.0
802.56207,529.4
802.68103,530.6
802.79993,534.4
802.91882,533.4
803.03778,527.6
803.15668,531.8
803.27557,528.6
803.39453,532.2
803.51343,529.0
803.63232,532.8
803.75122,528.0
803.87012,531.6
803.98907,531.6
804.10797,532.6
804.22687,531.8
804.34576,534.0
804.46466,532.2
804.58356,530.8
804.70239,530.6
804.82129,533.4
804.94019,533.2
805.05908,531.6
805.17798,530.4
805.29681,535.4
805.41571,537.4
805.53461,536.2
805.65344,530.8
805.77234,539.0
805.89117,538.6
806.01007,530.8
806.12891,538.4
806.2478,532.4
806.36664,535.6
806.48547,533.0
806.60437,536.2
806.72321,535.0
806.84204,538.8
806.96088,537.0
807.07971,532.4
807.19861,538.6
807.31744,537.4
807.43628,538.4
807.55511,532.6
807.67395,538.0
807.79279,537.2
807.91162,537.6
808.0304,536.0
808.14923,540.4
808.26807,537.6
808.3869,541.8
808.50568,544.2
808.62451,540.0
808.74335,540.6
808.86212,539.8
808.98096,539.4
809.09979,539.6
809.21857,537.4
809.33734,538.4
809.45618,534.6
809.57495,538.8
809.69379,542.8
809.81256,543.6
809.93134,538.2
810.05011,540.4
810.16895,537.6
810.28772,539.4
810.40649,537.8
810.52527,541.4
810.64404,538.2
810.76282,545.6
810.88159,536.2
811.00037,538.4
811.11914,543.8
811.23792,540.6
811.35663,536.6
811.4754,541.6
811.59418,532.6
811.71295,544.8
811.83167,541.4
811.95044,535.4
812.06921,544.8
812.18793,540.4
812.3067,539.8
812.42542,537.0
812.54419,543.0
812.6629,541.2
812.78162,541.2
812.90039,538.2
813.0191,539.4
813.13782,543.2
813.25653,537.6
813.37524,535.8
813.49402,537.6
813.61273,543.0
813.73145,535.0
813.85016,540.4
813.96887,537.6
814.08759,541.4
814.2063,538.0
814.32495,537.2
814.44366,535.0
814.56238,531.2
814.68109,538.2
814.79974,536.6
814.91846,528.8
815.03717,539.4
815.15582,533.2
815.27454,529.6
815.39319,530.0
815.5119,536.0
815.63055,531.4
815.74927,532.4
815.86792,533.0
815.98657,530.4
816.10529,532.0
816.22394,533.8
816.34259,534.8
816.46124,539.0
816.5799,533.8
816.69855,541.8
816.8172,533.6
816.93585,534.2
817.0545,533.4
817.17316,530.6
817.29181,526.2
817.41046,530.0
817.52911,527.6
817.64771,529.2
817.76636,522.8
817.88501,522.0
818.0036,523.0
818.12225,524.0
818.24091,514.8
818.3595,518.0
818.47815,517.4
818.59674,514.4
818.71533,510.4
818.83398,510.6
818.95258,509.6
819.07117,511.6
819.18976,509.8
819.30841,509.2
819.427,516.2
819.54559,513.6
819.66418,509.0
819.78278,509.0
819.90137,511.8
820.01996,511.8
820.13855,509.8
820.25714,509.0
820.37573,513.8
820.49426,505.0
820.61285,504.8
820.73145,503.4
820.84998,504.8
820.96857,504.4
821.08716,504.4
821.20569,507.0
821.32428,502.8
821.44281,499.8
821.56134,503.8
821.67993,505.6
821.79846,501.6
821.91699,502.6
822.03558,508.6
822.15411,508.4
822.27264,505.4
822.39117,506.8
822.5097,498.2
822.62823,506.2
822.74677,503.2
822.8653,502.2
822.98383,502.0
823.10236,504.4
823.22089,500.8
823.33942,501.8
823.45789,498.8
823.57642,503.0
823.69495,499.2
823.81342,505.0
823.93195,502.6
824.05042,500.8
824.16895,499.2
824.28741,497.8
824.40594,502.6
824.52441,505.8
824.64288,504.6
824.76141,502.4
824.87988,494.0
824.99835,497.6
825.11682,502.6
825.23529,504.0
825.35376,499.2
825.47223,497.2
825.5907,492.8
825.70917,502.4
825.82764,499.0
825.94611,493.6
826.06458,497.6
826.18304,498.6
826.30145,500.0
826.41992,496.6
826.53839,496.8
826.6568,496.4
826.77527,491.6
826.89368,500.2
827.01215,499.8
827.13055,492.6
827.24902,501.4
827.36743,496.0
827.48584,497.6
827.60431,495.8
827.72272,497.0
827.84113,497.6
827.95953,495.4
828.07794,494.4
828.19635,495.2
828.31476,494.8
828.43317,493.4
828.55157,496.2
828.66998,492.0
828.78839,495.0
828.90674,494.4
829.02515,496.2
829.14355,497.6
829.2619,495.4
829.38031,494.0
829.49872,494.0
829.61707,493.4
829.73547,495.4
829.85382,492.8
829.97217,494.0
830.09058,491.2
830.20892,491.6
830.32727,494.2
830.44562,492.0
830.56403,492.2
830.68237,493.2
830.80072,495.4
830.91907,493.8
831.03741,494.4
831.15576,490.6
831.27411,491.6
831.3924,497.6
831.51074,492.2
831.62909,493.4
831.74744,495.2
831.86572,493.6
831.98407,495.4
832.10242,495.8
832.2207,492.4
832.33905,492.6
832.45734,493.0
832.57562,494.8
832.69397,491.0
832.81226,498.6
832.93054,492.4
833.04889,494.8
833.16718,493.6
833.28546,493.8
833.40375,495.4
833.52203,495.4
833.64032,492.6
833.75861,496.4
833.87689,494.2
833.99518,500.4
834.1134,492.0
834.23169,493.0
834.34998,494.4
834.46826,499.0
834.58649,494.8
834.70477,495.0
834.823,492.4
834.94128,494.6
835.05951,494.0
835.1778,497.4
835.29602,493.2
835.41425,498.0
835.53253,495.6
835.65076,492.2
835.76898,495.0
835.88721,496.2
836.00543,496.8
836.12366,498.2
836.24188,491.0
836.36011,492.2
836.47833,498.8
836.59656,497.2
836.71478,498.8
836.83295,497.0
836.95117,499.4
837.0694,501.4
837.18756,496.2
837.30579,494.2
837.42401,495.4
837.54218,497.0
837.66034,494.2
837.77856,497.2
837.89673,495.8
838.01489,496.4
838.13312,493.0
838.25128,497.4
838.36945,499.8
838.48761,498.6
838.60577,498.8
838.72394,502.6
838.8421,497.8
838.96027,498.0
839.07843,494.8
839.19659,495.4
839.31476,498.0
839.43286,494.0
839.55103,495.2
839.66919,498.6
839.78729,497.0
839.90546,499.0
840.02356,496.6
840.14172,495.6
840.25983,491.2
840.37793,499.8
840.49609,491.8
840.6142,498.4
840.7323,493.8
840.8504,498.0
840.96851,492.4
841.08661,497.6
841.20471,493.6
841.32281,500.0
841.44092,492.8
841.55902,496.6
841.67712,494.0
841.79523,494.2
841.91327,490.6
842.03137,499.2
842.14948,494.6
842.26752,493.2
842.38562,498.6
842.50366,496.0
842.62177,491.0
842.73981,495.2
842.85791,496.0
842.97595,494.6
843.09399,498.2
843.21204,497.2
843.33008,497.6
843.44818,497.8
843.56622,496.0
843.68427,488.2
843.80231,494.8
843.92029,498.8
844.03833,500.6
844.15637,496.4
844.27441,495.0
844.39246,500.4
844.51044,496.0
844.62848,495.6
844.74646,496.6
844.8645,497.2
844.98248,494.0
845.10052,493.2
845.21851,495.4
845.33649,498.0
845.45453,493.0
845.57251,496.4
845.69049,496.4
845.80847,489.8
845.92645,495.2
846.04443,494.0
846.16241,498.8
846.2804,495.6
846.39838,497.2
846.51636,498.0
846.63434,496.2
846.75226,497.8
846.87024,495.6
846.98822,496.4
847.10614,496.4
847.22412,497.0
847.34204,496.6
847.46002,496.8
847.57794,497.2
847.69586,501.0
847.81384,497.0
847.93176,494.6
848.04968,498.4
848.1676,496.6
848.28552,493.4
848.40344,495.8
848.52136,494.6
848.63928,494.4
848.7572,491.2
848.87512,495.8
848.99304,487.6
849.1109,494.0
849.22882,492.2
849.34674,496.0
849.4646,492.8
849.58252,491.2
849.70038,488.6
849.8183,492.2
849.93616,495.4
850.05402,493.8
850.17194,490.4
850.28979,494.4
850.40765,491.4
850.52551,489.6
850.64337,493.2
850.76123,495.8
850.87909,494.4
850.99695,495.0
851.11481,495.4
851.23267,494.2
851.35046,496.6
851.46832,491.6
851.58618,490.6
851.70398,501.4
851.82184,495.6
851.93964,496.2
852.0575,502.8
852.17529,504.4
852.29315,502.2
852.41095,502.6
852.52875,492.4
852.64655,495.4
852.7644,494.8
852.8822,496.6
853.0,494.2
853.1178,495.2
853.2356,493.2
853.35333,493.0
853.47113,498.6
853.58893,492.0
853.70673,496.4
853.82446,497.2
853.94226,492.4
854.06006,497.8
854.1778,499.6
854.29559,500.0
854.41333,495.2
854.53107,495.2
854.64886,497.8
854.7666,495.2
854.88434,495.8
855.00208,498.0
855.11981,500.8
855.23761,501.6
855.35535,495.0
855.47302,502.6
855.59076,497.4
855.7085,498.2
855.82623,497.2
855.94397,499.8
856.06165,493.6
856.17938,498.6
856.29712,496.6
856.41479,500.6
856.53253,495.2
856.65021,493.8
856.76788,495.2
856.88562,497.6
857.0033,494.2
857.12097,496.8
857.23865,496.4
857.35632,492.2
857.474,495.8
857.59167,492.0
857.70935,494.2
857.82703,494.4
857.9447,494.4
858.06238,492.8
858.18005,490.8
858.29767,494.4
858.41534,494.2
858.53296,497.2
858.65063,501.0
858.76825,495.8
858.88593,497.8
859.00354,494.8
859.12115,492.8
859.23883,494.2
859.35645,494.8
859.47406,494.4
859.59167,492.0
859.70929,497.0
859.8269,496.6
859.94452,488.8
860.06213,490.0
860.17975,493.2
860.29736,494.2
860.41492,486.4
860.53253,491.6
860.65009,492.8
860.7677,485.0
860.88525,492.4
861.00287,488.8
861.12042,494.0
861.23804,494.2
861.35559,496.2
861.47314,491.4
861.5907,491.6
861.70825,490.0
861.82581,490.4
861.94336,487.4
862.06091,491.0
862.17847,487.0
862.29602,489.2
862.41357,488.6
862.53113,485.2
862.64862,486.6
862.76617,491.4
862.88367,486.4
863.00122,489.6
863.11871,486.8
863.23627,489.6
863.35376,487.2
863.47125,492.4
863.58881,488.2
863.7063,494.8
863.82379,484.2
863.94128,488.8
864.05878,490.4
864.17627,489.8
864.29376,485.4
864.41125,489.2
864.52869,484.6
864.64618,489.6
864.76367,487.0
864.8811,491.0
864.9986,487.2
865.11609,490.4
865.23352,488.2
865.35095,493.2
865.46844,486.2
865.58588,492.6
865.70331,490.2
865.82074,491.0
865.93823,486.0
866.05566,491.0
866.1731,483.8
866.29053,486.6
866.4079,487.4
866.52533,486.4
866.64276,489.6
866.76019,493.4
866.87756,485.6
866.995,490.0
867.11243,484.6
867.2298,488.6
867.34723,490.6
867.4646,492.8
867.58197,487.4
867.6994,487.4
867.81677,492.2
867.93414,492.4
868.05151,490.2
868.16888,484.8
868.28625,487.8
868.40363,495.8
868.521,490.6
868.63837,484.8
868.75568,491.0
868.87305,490.6
868.99042,491.4
869.10773,488.0
869.2251,488.4
869.34241,491.2
869.45978,490.8
869.57709,492.8
869.69446,486.0
869.81177,492.2
869.92908,488.6
870.04639,493.4
870.1637,489.8
870.28101,496.0
870.39832,495.0
870.51563,494.2
870.63293,494.8
870.75024,495.4
870.86749,491.4
870.9848,491.0
871.10211,488.2
871.21936,493.2
871.33667,494.8
871.45392,494.6
871.57123,487.8
871.68848,485.8
871.80573,491.4
871.92297,489.2
872.04028,488.2
872.15753,491.8
872.27478,492.2
872.39203,491.2
872.50928,492.4
872.62646,496.2
872.74371,486.8
872.86096,490.0
872.97821,486.4
873.0954,491.8
873.21265,488.8
873.32983,485.0
873.44708,493.6
873.56427,494.6
873.68152,488.0
873.79871,490.4
873.91589,485.8
874.03308,491.6
874.15027,489.4
874.26746,487.6
874.38464,491.8
874.50183,488.4
874.61902,487.2
874.73621,489.6
874.85339,487.2
874.97052,495.2
875.08771,488.4
875.2049,489.8
875.32202,488.4
875.43921,494.4
875.55634,493.8
875.67346,496.4
875.79065,491.2
875.90778,493.0
876.0249,487.2
876.14203,486.2
876.25916,492.2
876.37628,491.0
876.49341,492.2
876.61053,495.8
876.72766,490.2
876.84473,498.4
876.96185,488.6
877.07898,491.8
877.19604,494.4
877.31317,489.4
877.43024,488.0
877.54736,494.6
877.66443,491.8
877.78149,489.8
877.89856,490.2
878.01569,491.6
878.13275,487.6
878.24982,495.4
878.36688,490.4
878.48395,491.4
878.60095,491.0
878.71802,489.0
878.83508,488.8
878.95215,488.0
879.06915,483.2
879.18622,490.4
879.30322,484.6
879.42029,483.0
879.53729,487.0
879.6543,491.2
879.77136,483.4
879.88837,488.6
880.00537,488.8
880.12238,485.8
880.23938,490.4
880.35638,486.0
880.47339,486.4
880.59039,485.4
880.70734,486.8
880.82434,488.6
880.94135,488.0
881.05829,485.4
881.17529,489.4
881.29224,489.6
881.40924,491.2
881.52618,480.0
881.64313,486.8
881.76007,485.6
881.87701,484.2
881.99402,487.0
882.11096,490.0
882.22791,487.6
882.34479,482.2
882.46173,489.6
882.57867,488.8
882.69562,490.4
882.8125,485.8
882.92944,491.8
883.04639,486.2
883.16327,490.0
883.28015,489.8
883.39709,484.4
883.51398,489.4
883.63086,485.6
883.74774,493.4
883.86462,489.0
883.98157,492.0
884.09839,489.2
884.21527,491.4
884.33215,494.0
884.44904,487.0
884.56592,491.8
884.68274,497.0
884.79962,489.8
884.9165,488.4
885.03333,498.8
885.15015,492.2
885.26703,495.0
885.38385,495.6
885.50067,498.8
885.61749,496.4
885.73438,501.2
885.8512,495.8
885.96802,498.2
886.08478,494.8
886.2016,495.8
886.31842,493.4
886.43524,495.2
886.55206,494.8
886.66882,496.0
886.78564,492.6
886.9024,492.4
887.01923,493.4
887.13599,498.6
887.25275,492.2
887.36951,492.4
887.48633,492.8
887.60309,494.6
887.71985,492.6
887.83661,487.4
887.95337,487.2
888.07007,487.6
888.18683,487.8
888.30359,489.4
888.42035,492.4
888.53705,491.8
888.65381,484.6
888.77051,490.0
888.88721,481.6
889.00397,487.8
889.12067,483.4
889.23737,487.8
889.35406,484.4
889.47083,486.8
889.58752,486.8
889.70416,492.2
889.82086,482.6
889.93756,488.8
890.05426,485.4
890.17096,486.8
890.2876,488.6
890.4043,483.0
890.52094,488.0
890.63763,490.4
890.75427,487.6
890.87091,491.6
890.98761,485.8
891.10425,491.4
891.22089,488.0
891.33752,488.2
891.45416,493.0
891.5708,486.6
891.68744,488.0
891.80408,488.0
891.92065,487.6
892.03729,486.0
892.15393,487.6
892.27051,485.8
892.38715,484.6
892.50372,483.2
892.6203,489.0
892.73694,489.4
892.85352,489.0
892.97009,487.4
893.08667,490.0
893.20325,488.2
893.31982,493.0
893.4364,491.4
893.55298,489.6
893.66956,492.4
893.78607,486.0
893.90265,492.8
894.01917,491.6
894.13574,494.2
894.25226,489.6
894.36884,492.0
894.48535,489.4
894.60187,491.2
894.71838,488.0
894.8349,499.0
894.95148,490.8
895.06793,491.4
895.18445,493.0
895.30096,491.2
895.41748,487.4
895.534,490.6
895.65045,486.8
895.76697,488.2
895.88342,490.6
895.99994,486.0
896.11639,488.2
896.23291,494.0
896.34937,490.0
896.46582,490.8
896.58228,489.4
896.69873,489.0
896.81519,487.4
896.93164,485.8
897.0481,487.8
897.16455,491.2
897.28094,487.4
897.3974,481.8
897.51385,488.4
897.63025,491.6
897.7467,490.6
897.8631,490.0
897.97949,489.8
898.09595,490.4
898.21234,485.0
898.32874,492.6
898.44513,489.2
898.56152,492.4
898.67792,485.6
898.79431,487.4
898.91064,486.8
899.02704,485.2
899.14343,490.0
899.25977,485.6
899.37616,484.2
899.49249,485.4
899.60889,485.8
899.72522,489.8
899.84155,482.4
899.95789,488.0
900.07428,492.0
900.19061,488.8
900.30695,483.6
900.42322,489.2
900.53955,480.6
900.65588,485.2
900.77222,480.8
900.88849,485.4
901.00482,488.0
901.12109,487.4
901.23743,489.2
901.3537,482.2
901.47003,484.6
901.5863,481.2
901.70258,488.0
901.81885,491.2
901.93512,488.0
902.05139,487.2
902.16766,486.0
902.28394,484.4
902.40021,484.4
902.51642,483.8
902.63269,488.4
902.7489,485.6
902.86517,484.6
902.98138,488.0
903.09766,488.8
903.21387,484.8
903.33008,486.0
903.44629,484.4
903.5625,481.4
903.67871,482.0
903.79492,479.8
903.91113,484.8
904.02734,478.4
904.14355,483.6
904.2597,478.0
904.37592,479.8
904.49207,478.6
904.60828,478.2
904.72443,480.4
904.84064,478.0
904.95679,483.0
905.07294,478.4
905.18909,480.2
905.30524,474.8
905.42139,473.0
905.53754,482.6
905.65369,473.2
905.76984,481.2
905.88593,476.4
906.00208,477.8
906.11816,475.0
906.23431,472.4
906.3504,473.6
906.46655,471.4
906.58264,472.6
906.69873,474.0
906.81482,473.8
906.93091,475.2
907.047,470.6
907.16309,478.4
907.27917,479.0
907.39526,477.4
907.51135,474.8
907.62738,471.6
907.74347,473.0
907.8595,470.0
907.97559,477.2
908.09161,478.2
908.2077,476.0
908.32373,475.0
908.43976,471.0
908.55579,472.8
908.67181,473.2
908.78784,476.0
908.90387,477.0
909.0199,476.8
909.13586,470.2
909.25189,476.0
909.36792,479.4
909.48389,476.8
909.59991,478.6
909.71588,473.8
909.83185,473.0
909.94788,476.4
910.06384,474.0
910.17981,472.6
910.29578,476.2
910.41174,473.8
910.52771,477.2
910.64368,476.6
910.75958,472.2
910.87555,473.2
910.99152,472.4
911.10742,476.2
911.22339,473.0
911.33929,475.0
911.4552,475.8
911.57117,474.8
911.68707,475.4
911.80298,473.4
911.91888,472.2
912.03479,473.6
912.1507,477.0
912.2666,475.8
912.38245,475.8
912.49835,479.2
912.61426,479.4
912.7301,478.2
912.84601,480.0
792.4458,617.4
792.56488,616.8
792.68396,620.0
792.8031,606.2
792.92218,596.6
793.04126,599.0
793.16034,597.0
793.27942,598.4
793.3985,593.8
793.51758,583.8
793.63672,578.2
793.7558,581.0
793.87488,582.8
793.9939,577.6
794.11298,571.8
794.23206,579.0
794.35114,574.4
794.47021,565.2
794.58929,561.8
794.70831,565.4
794.82739,566.8
794.94647,563.2
795.06549,558.6
795.18457,553.4
795.30365,552.8
795.42267,550.2
795.54175,552.2
795.66077,549.8
795.77985,544.2
795.89886,550.4
796.01794,546.8
796.13696,544.4
796.25598,545.8
796.375,541.2
796.49408,541.0
796.6131,537.2
796.73212,544.6
796.85114,538.4
796.97015,543.8
797.08923,533.6
797.20825,536.6
797.32727,535.6
797.44629,537.0
797.56531,533.2
797.68427,534.2
797.80328,534.4
797.9223,531.8
798.04132,533.8
798.16034,532.8
798.27936,532.2
798.39832,537.0
798.51733,527.8
798.63635,529.0
798.75531,530.8
798.87433,529.6
798.99329,524.8
799.1123,526.2
799.23126,527.8
799.35028,526.6
799.46924,532.8
799.58826,532.8
799.70721,526.2
799.82617,525.6
799.94519,524.8
800.06415,528.2
800.18311,525.6
800.30206,530.8
800.42102,525.2
800.54004,527.0
800.659,523.6
800.77795,529.4
800.89691,520.2
801.01587,529.4
801.13483,529.6
801.25372,528.0
801.37268,528.8
801.49164,527.2
801.6106,528.2
801.72955,526.0
801.84845,524.0
801.96741,529.0
802.08636,527.2
802.20526,526.4
802.32422,522.8
802.44318,531.4
802.56207,522.2
802.68103,529.8
802.79993,526.2
802.91882,527.8
803.03778,525.8
803.15668,522.0
803.27557,527.0
803.39453,525.8
803.51343,527.4
803.63232,529.6
803.75122,526.0
803.87012,524.8
803.98907,521.6
804.10797,524.8
804.22687,523.2
804.34576,522.6
804.46466,529.8
804.58356,526.8
804.70239,522.6
804.82129,530.8
804.94019,528.2
805.05908,527.6
805.17798,527.4
805.29681,530.6
805.41571,529.0
805.53461,526.8
805.65344,528.4
805.77234,538.0
805.89117,529.4
806.01007,536.0
806.12891,527.8
806.2478,529.0
806.36664,531.4
806.48547,531.0
806.60437,525.6
806.72321,540.4
806.84204,533.4
806.96088,527.8
807.07971,527.0
807.19861,538.2
807.31744,535.2
807.43628,527.8
807.55511,530.8
807.67395,531.6
807.79279,529.2
807.91162,533.6
808.0304,535.6
808.14923,537.2
808.26807,529.2
808.3869,533.4
808.50568,533.0
808.62451,533.2
808.74335,534.8
808.86212,539.0
808.98096,538.6
809.09979,535.0
809.21857,537.6
809.33734,534.6
809.45618,535.2
809.57495,535.4
809.69379,533.2
809.81256,538.8
809.93134,536.4
810.05011,537.8
810.16895,534.6
810.28772,538.4
810.40649,535.4
810.52527,531.6
810.64404,538.2
810.76282,538.8
810.88159,534.4
811.00037,541.4
811.11914,532.6
811.23792,533.6
811.35663,535.2
811.4754,536.6
811.59418,537.6
811.71295,538.8
811.83167,535.2
811.95044,536.8
812.06921,531.8
812.18793,537.0
812.3067,537.6
812.42542,534.2
812.54419,535.8
812.6629,539.8
812.78162,538.0
812.90039,531.4
813.0191,533.4
813.13782,531.0
813.25653,530.6
813.37524,530.2
813.49402,533.8
813.61273,529.0
813.73145,534.8
813.85016,530.4
813.96887,530.0
814.08759,529.0
814.2063,535.0
814.32495,533.2
814.44366,536.6
814.56238,532.0
814.68109,529.4
814.79974,530.0
814.91846,526.2
815.03717,531.0
815.15582,530.8
815.27454,527.2
815.39319,523.8
815.5119,527.2
815.63055,527.4
815.74927,526.8
815.86792,523.2
815.98657,527.4
816.10529,530.0
816.22394,525.4
816.34259,527.8
816.46124,528.2
816.5799,533.0
816.69855,534.6
816.8172,535.2
816.93585,528.2
817.0545,525.6
817.17316,523.2
817.29181,525.6
817.41046,522.0
817.52911,522.6
817.64771,521.4
817.76636,516.8
817.88501,518.4
818.0036,516.6
818.12225,520.8
818.24091,518.2
818.3595,511.6
818.47815,514.6
818.59674,518.6
818.71533,512.2
818.83398,515.6
818.95258,513.4
819.07117,512.2
819.18976,515.4
819.30841,509.6
819.427,512.0
819.54559,508.0
819.66418,513.6
819.78278,508.8
819.90137,509.6
820.01996,509.0
820.13855,503.8
820.25714,510.0
820.37573,508.2
820.49426,506.8
820.61285,507.4
820.73145,506.6
820.84998,504.2
820.96857,501.8
821.08716,502.6
821.20569,505.4
821.32428,501.6
821.44281,504.4
821.56134,503.2
821.67993,505.6
821.79846,505.8
821.91699,502.6
822.03558,500.2
822.15411,502.6
822.27264,506.2
822.39117,503.8
822.5097,500.8
822.62823,504.2
822.74677,499.0
822.8653,507.0
822.98383,503.4
823.10236,508.2
823.22089,496.2
823.33942,500.2
823.45789,500.2
823.57642,504.2
823.69495,500.8
823.81342,498.8
823.93195,498.6
824.05042,500.0
824.16895,502.6
824.28741,500.4
824.40594,502.6
824.52441,499.2
824.64288,502.4
824.76141,498.8
824.87988,501.0
824.99835,495.8
825.11682,497.0
825.23529,499.0
825.35376,499.0
825.47223,492.6
825.5907,500.8
825.70917,495.4
825.82764,499.8
825.94611,499.8
826.06458,494.2
826.18304,497.8
826.30145,498.0
826.41992,496.6
826.53839,495.0
826.6568,496.0
826.77527,498.4
826.89368,495.2
827.01215,496.4
827.13055,498.8
827.24902,497.8
827.36743,493.6
827.48584,490.8
827.60431,496.6
827.72272,496.4
827.84113,494.6
827.95953,490.8
828.07794,495.4
828.19635,491.0
828.31476,494.6
828.43317,492.4
828.55157,496.0
828.66998,487.8
828.78839,494.8
828.90674,491.4
829.02515,497.4
829.14355,497.2
829.2619,494.6
829.38031,493.4
829.49872,488.8
829.61707,492.4
829.73547,493.8
829.85382,491.6
829.97217,493.2
830.09058,492.6
830.20892,490.6
830.32727,486.4
830.44562,491.4
830.56403,493.8
830.68237,495.2
830.80072,494.8
830.91907,497.6
831.03741,491.2
831.15576,492.4
831.27411,494.8
831.3924,494.0
831.51074,491.4
831.62909,493.0
831.74744,489.8
831.86572,496.0
831.98407,491.2
832.10242,492.0
832.2207,492.4
832.33905,496.2
832.45734,491.4
832.57562,496.6
832.69397,492.0
832.81226,494.6
832.93054,497.0
833.04889,492.4
833.16718,490.4
833.28546,493.0
833.40375,496.0
833.52203,492.6
833.64032,487.4
833.75861,492.8
833.87689,496.2
833.99518,495.6
834.1134,492.4
834.23169,498.0
834.34998,493.0
834.46826,494.2
834.58649,497.8
834.70477,494.6
834.823,493.0
834.94128,500.6
835.05951,488.4
835.1778,497.6
835.29602,490.4
835.41425,493.0
835.53253,497.8
835.65076,493.2
835.76898,496.6
835.88721,491.6
836.00543,496.2
836.12366,494.4
836.24188,495.2
836.36011,497.8
836.47833,494.2
836.59656,497.0
836.71478,496.8
836.83295,499.0
836.95117,492.4
837.0694,498.2
837.18756,493.0
837.30579,495.2
837.42401,491.2
837.54218,498.0
837.66034,494.0
837.77856,497.2
837.89673,496.2
838.01489,499.0
838.13312,492.6
838.25128,496.6
838.36945,499.6
838.48761,496.6
838.60577,502.8
838.72394,496.4
838.8421,498.4
838.96027,498.2
839.07843,493.2
839.19659,496.8
839.31476,494.4
839.43286,497.4
839.55103,496.6
839.66919,497.8
839.78729,495.2
839.90546,495.4
840.02356,498.0
840.14172,497.4
840.25983,493.4
840.37793,498.6
840.49609,497.4
840.6142,498.6
840.7323,493.4
840.8504,497.6
840.96851,495.8
841.08661,491.8
841.20471,491.4
841.32281,494.8
841.44092,497.4
841.55902,494.8
841.67712,494.4
841.79523,499.2
841.91327,495.4
842.03137,496.8
842.14948,497.0
842.26752,493.2
842.38562,496.6
842.50366,494.8
842.62177,493.8
842.73981,492.0
842.85791,496.4
842.97595,491.6
843.09399,492.2
843.21204,494.4
843.33008,499.0
843.44818,490.6
843.56622,495.0
843.68427,492.2
843.80231,493.8
843.92029,495.4
844.03833,501.6
844.15637,500.0
844.27441,495.6
844.39246,498.8
844.51044,496.0
844.62848,495.0
844.74646,498.4
844.8645,493.0
844.98248,495.4
845.10052,498.8
845.21851,499.6
845.33649,498.2
845.45453,496.0
845.57251,496.0
845.69049,493.8
845.80847,495.4
845.92645,495.8
846.04443,490.8
846.16241,494.8
846.2804,495.6
846.39838,493.4
846.51636,493.6
846.63434,495.2
846.75226,498.4
846.87024,496.2
846.98822,495.8
847.10614,496.0
847.22412,501.4
847.34204,500.6
847.46002,495.6
847.57794,498.4
847.69586,496.6
847.81384,492.8
847.93176,495.0
848.04968,497.0
848.1676,499.2
848.28552,498.6
848.40344,498.0
848.52136,492.6
848.63928,496.2
848.7572,495.0
848.87512,499.4
848.99304,488.8
849.1109,494.4
849.22882,494.4
849.34674,495.2
849.4646,496.2
849.58252,495.4
849.70038,494.2
849.8183,494.4
849.93616,495.8
850.05402,500.8
850.17194,493.8
850.28979,493.2
850.40765,493.0
850.52551,495.8
850.64337,499.0
850.76123,492.6
850.87909,492.0
850.99695,491.0
851.11481,490.6
851.23267,496.0
851.35046,497.6
851.46832,490.8
851.58618,491.2
851.70398,496.6
851.82184,492.6
851.93964,492.0
852.0575,502.4
852.17529,500.8
852.29315,496.0
852.41095,497.6
852.52875,502.4
852.64655,492.6
852.7644,496.0
852.8822,494.8
853.0,495.8
853.1178,498.0
853.2356,492.8
853.35333,496.0
853.47113,494.0
853.58893,495.2
853.70673,494.8
853.82446,494.0
853.94226,492.8
854.06006,496.4
854.1778,499.8
854.29559,497.6
854.41333,493.8
854.53107,496.2
854.64886,493.8
854.7666,495.2
854.88434,497.8
855.00208,501.8
855.11981,498.0
855.23761,502.0
855.35535,494.8
855.47302,498.0
855.59076,501.6
855.7085,500.4
855.82623,497.0
855.94397,503.8
856.06165,496.0
856.17938,496.8
856.29712,498.0
856.41479,500.8
856.53253,500.6
856.65021,493.8
856.76788,492.8
856.88562,502.4
857.0033,498.2
857.12097,488.4
857.23865,494.2
857.35632,495.4
857.474,490.8
857.59167,494.8
857.70935,493.0
857.82703,493.6
857.9447,493.2
858.06238,494.0
858.18005,490.8
858.29767,496.6
858.41534,491.8
858.53296,492.8
858.65063,491.2
858.76825,495.4
858.88593,493.4
859.00354,493.8
859.12115,490.6
859.23883,495.8
859.35645,495.2
859.47406,495.2
859.59167,496.2
859.70929,490.0
859.8269,489.8
859.94452,488.8
860.06213,495.8
860.17975,496.4
860.29736,488.4
860.41492,492.4
860.53253,488.8
860.65009,489.6
860.7677,484.4
860.88525,491.6
861.00287,491.6
861.12042,489.8
861.23804,491.8
861.35559,493.0
861.47314,491.2
861.5907,486.6
861.70825,489.8
861.82581,489.4
861.94336,486.2
862.06091,489.2
862.17847,488.0
862.29602,487.6
862.41357,487.4
862.53113,492.2
862.64862,485.6
862.76617,486.2
862.88367,486.0
863.00122,487.2
863.11871,488.2
863.23627,489.0
863.35376,486.0
863.47125,491.4
863.58881,487.8
863.7063,493.0
863.82379,487.2
863.94128,487.0
864.05878,493.8
864.17627,490.4
864.29376,492.2
864.41125,487.2
864.52869,485.2
864.64618,489.4
864.76367,484.6
864.8811,489.4
864.9986,489.2
865.11609,489.0
865.23352,485.2
865.35095,485.4
865.46844,485.4
865.58588,484.2
865.70331,488.6
865.82074,487.4
865.93823,488.4
866.05566,487.6
866.1731,490.2
866.29053,485.8
866.4079,487.4
866.52533,489.6
866.64276,488.2
866.76019,488.2
866.87756,487.2
866.995,491.2
867.11243,487.8
867.2298,482.2
867.34723,487.4
867.4646,485.8
867.58197,487.2
867.6994,494.6
867.81677,489.6
867.93414,491.2
868.05151,485.8
868.16888,484.6
868.28625,490.2
868.40363,490.6
868.521,486.6
868.63837,487.6
868.75568,491.2
868.87305,483.4
868.99042,489.4
869.10773,494.2
869.2251,488.4
869.34241,492.0
869.45978,491.6
869.57709,494.6
869.69446,490.6
869.81177,490.6
869.92908,490.6
870.04639,491.2
870.1637,485.4
870.28101,489.4
870.39832,491.8
870.51563,493.6
870.63293,490.2
870.75024,494.6
870.86749,490.2
870.9848,488.2
871.10211,489.8
871.21936,490.0
871.33667,486.4
871.45392,493.0
871.57123,486.0
871.68848,490.2
871.80573,487.4
871.92297,490.4
872.04028,487.0
872.15753,489.0
872.27478,488.6
872.39203,488.8
872.50928,484.2
872.62646,492.0
872.74371,488.2
872.86096,489.6
872.97821,489.4
873.0954,493.0
873.21265,492.8
873.32983,486.8
873.44708,491.6
873.56427,489.2
873.68152,490.4
873.79871,488.0
873.91589,491.4
874.03308,488.2
874.15027,487.8
874.26746,486.2
874.38464,489.8
874.50183,493.2
874.61902,492.4
874.73621,490.2
874.85339,490.2
874.97052,494.0
875.08771,487.2
875.2049,490.6
875.32202,489.0
875.43921,491.2
875.55634,488.0
875.67346,493.4
875.79065,491.6
875.90778,491.8
876.0249,489.4
876.14203,489.8
876.25916,489.8
876.37628,493.0
876.49341,489.6
876.61053,493.8
876.72766,490.0
876.84473,489.8
876.96185,488.8
877.07898,489.6
877.19604,491.4
877.31317,490.6
877.43024,487.8
877.54736,489.4
877.66443,490.0
877.78149,489.4
877.89856,493.6
878.01569,490.4
878.13275,487.8
878.24982,490.2
878.36688,484.2
878.48395,489.6
878.60095,486.8
878.71802,488.0
878.83508,489.0
878.95215,489.6
879.06915,481.4
879.18622,488.6
879.30322,485.6
879.42029,488.8
879.53729,485.8
879.6543,490.2
879.77136,485.0
879.88837,491.4
880.00537,489.2
880.12238,486.2
880.23938,487.6
880.35638,488.8
880.47339,478.2
880.59039,484.0
880.70734,484.4
880.82434,486.6
880.94135,490.2
881.05829,484.8
881.17529,483.8
881.29224,488.0
881.40924,486.0
881.52618,487.4
881.64313,488.0
881.76007,487.2
881.87701,486.6
881.99402,489.2
882.11096,487.0
882.22791,484.2
882.34479,486.8
882.46173,492.2
882.57867,489.2
882.69562,485.8
882.8125,485.2
882.92944,487.6
883.04639,487.4
883.16327,485.4
883.28015,493.2
883.39709,484.8
883.51398,490.2
883.63086,489.0
883.74774,491.0
883.86462,489.8
883.98157,491.0
884.09839,484.4
884.21527,489.8
884.33215,487.6
884.44904,487.6
884.56592,492.6
884.68274,486.0
884.79962,493.6
884.9165,491.6
885.03333,492.4
885.15015,495.6
885.26703,493.4
885.38385,494.0
885.50067,496.0
885.61749,491.4
885.73438,496.4
885.8512,499.4
885.96802,495.4
886.08478,494.4
886.2016,493.8
886.31842,498.6
886.43524,488.4
886.55206,493.0
886.66882,493.6
886.78564,487.2
886.9024,500.8
887.01923,489.2
887.13599,490.6
887.25275,497.0
887.36951,492.4
887.48633,491.6
887.60309,493.0
887.71985,486.2
887.83661,491.4
887.95337,484.8
888.07007,487.8
888.18683,485.6
888.30359,486.6
888.42035,487.2
888.53705,485.6
888.65381,483.6
888.77051,486.4
888.88721,488.6
889.00397,486.0
889.12067,485.8
889.23737,486.4
889.35406,487.6
889.47083,485.4
889.58752,491.4
889.70416,485.0
889.82086,484.2
889.93756,483.6
890.05426,482.4
890.17096,489.4
890.2876,485.4
890.4043,487.2
890.52094,483.8
890.63763,487.0
890.75427,487.2
890.87091,490.2
890.98761,487.4
891.10425,489.4
891.22089,487.0
891.33752,485.0
891.45416,487.8
891.5708,488.0
891.68744,486.4
891.80408,486.8
891.92065,483.4
892.03729,481.8
892.15393,485.2
892.27051,488.2
892.38715,488.8
892.50372,485.0
892.6203,485.2
892.73694,489.8
892.85352,488.8
892.97009,485.2
893.08667,486.4
893.20325,488.0
893.31982,494.4
893.4364,489.6
893.55298,490.2
893.66956,491.0
893.78607,492.4
893.90265,487.8
894.01917,493.2
894.13574,491.4
894.25226,488.4
894.36884,491.6
894.48535,489.6
894.60187,486.0
894.71838,487.6
894.8349,492.8
894.95148,487.2
895.06793,491.2
895.18445,490.8
895.30096,483.0
895.41748,486.6
895.534,488.2
895.65045,487.6
895.76697,489.0
895.88342,490.6
895.99994,485.6
896.11639,489.8
896.23291,487.0
896.34937,488.4
896.46582,486.8
896.58228,487.8
896.69873,487.4
896.81519,487.2
896.93164,485.8
897.0481,487.4
897.16455,489.0
897.28094,488.4
897.3974,484.0
897.51385,488.2
897.63025,485.8
897.7467,490.4
897.8631,487.8
897.97949,490.2
898.09595,484.4
898.21234,484.0
898.32874,486.6
898.44513,487.4
898.56152,490.4
898.67792,482.2
898.79431,487.8
898.91064,485.2
899.02704,485.6
899.14343,487.8
899.25977,484.2
899.37616,487.0
899.49249,484.2
899.60889,489.8
899.72522,485.4
899.84155,483.6
899.95789,490.0
900.07428,484.6
900.19061,488.4
900.30695,486.8
900.42322,482.2
900.53955,481.8
900.65588,483.0
900.77222,486.4
900.88849,482.4
901.00482,489.0
901.12109,483.8
901.23743,485.4
901.3537,489.2
901.47003,480.6
901.5863,485.8
901.70258,491.0
901.81885,486.2
901.93512,483.4
902.05139,486.4
902.16766,482.2
902.28394,485.6
902.40021,487.2
902.51642,481.8
902.63269,487.4
902.7489,483.0
902.86517,486.6
902.98138,483.4
903.09766,483.6
903.21387,480.2
903.33008,487.0
903.44629,485.0
903.5625,480.8
903.67871,483.4
903.79492,485.8
903.91113,481.0
904.02734,478.2
904.14355,482.6
904.2597,483.6
904.37592,480.0
904.49207,480.8
904.60828,478.2
904.72443,477.8
904.84064,480.4
904.95679,475.8
905.07294,479.0
905.18909,479.8
905.30524,480.8
905.42139,480.2
905.53754,476.6
905.65369,480.0
905.76984,477.4
905.88593,473.6
906.00208,476.0
906.11816,477.0
906.23431,474.6
906.3504,475.0
906.46655,476.6
906.58264,468.4
906.69873,476.4
906.81482,476.4
906.93091,471.6
907.047,477.0
907.16309,472.6
907.27917,474.6
907.39526,480.6
907.51135,473.6
907.62738,472.2
907.74347,476.6
907.8595,468.4
907.97559,483.2
908.09161,474.6
908.2077,475.6
908.32373,474.0
908.43976,472.4
908.55579,480.4
908.67181,476.0
908.78784,477.2
908.90387,474.4
909.0199,473.8
909.13586,472.0
909.25189,476.6
909.36792,469.4
909.48389,475.8
909.59991,474.4
909.71588,472.0
909.83185,475.8
909.94788,472.2
910.06384,478.8
910.17981,474.0
910.29578,477.8
910.41174,473.0
910.52771,476.0
910.64368,474.6
910.75958,470.4
910.87555,472.0
910.99152,474.4
911.10742,475.2
911.22339,474.6
911.33929,479.6
911.4552,471.8
911.57117,470.0
911.68707,477.6
911.80298,480.4
911.91888,473.4
912.03479,473.4
912.1507,476.4
912.2666,472.4
912.38245,477.6
912.49835,478.2
912.61426,475.0
912.7301,478.4
912.84601,473.4
792.4458,728.4
792.56488,716.0
792.68396,716.8
792.8031,709.4
792.92218,697.4
793.04126,690.8
793.16034,684.8
793.27942,689.8
793.3985,669.6
793.51758,658.2
793.63672,660.4
793.7558,657.0
793.87488,664.6
793.9939,653.6
794.11298,649.6
794.23206,638.8
794.35114,639.4
794.47021,633.2
794.58929,628.8
794.70831,625.4
794.82739,619.0
794.94647,619.0
795.06549,620.0
795.18457,615.0
795.30365,609.4
795.42267,601.8
795.54175,603.6
795.66077,604.8
795.77985,600.2
795.89886,596.8
796.01794,599.0
796.13696,602.6
796.25598,592.2
796.375,592.2
796.49408,578.8
796.6131,581.4
796.73212,583.0
796.85114,584.0
796.97015,577.4
797.08923,578.6
797.20825,575.0
797.32727,581.2
797.44629,571.6
797.56531,573.8
797.68427,573.4
797.80328,572.4
797.9223,576.4
798.04132,572.4
798.16034,572.4
798.27936,566.4
798.39832,571.2
798.51733,566.2
798.63635,565.4
798.75531,564.4
798.87433,562.6
798.99329,560.4
799.1123,557.6
799.23126,561.0
799.35028,564.2
799.46924,563.6
799.58826,569.0
799.70721,563.8
799.82617,559.2
799.94519,564.4
800.06415,562.8
800.18311,556.0
800.30206,561.4
800.42102,559.6
800.54004,562.0
800.659,560.2
800.77795,559.4
800.89691,560.2
801.01587,557.6
801.13483,554.4
801.25372,559.4
801.37268,558.6
801.49164,558.0
801.6106,558.0
801.72955,556.4
801.84845,555.8
801.96741,555.6
802.08636,554.6
802.20526,555.0
802.32422,556.2
802.44318,557.8
802.56207,553.2
802.68103,555.0
802.79993,546.0
802.91882,553.6
803.03778,554.2
803.15668,552.8
803.27557,559.4
803.39453,556.2
803.51343,551.4
803.63232,557.2
803.75122,558.0
803.87012,558.0
803.98907,551.6
804.10797,555.0
804.22687,553.2
804.34576,555.8
804.46466,550.0
804.58356,550.4
804.70239,556.8
804.82129,549.0
804.94019,551.8
805.05908,552.8
805.17798,552.8
805.29681,553.8
805.41571,557.2
805.53461,556.0
805.65344,552.2
805.77234,564.6
805.89117,553.2
806.01007,560.8
806.12891,557.4
806.2478,560.4
806.36664,557.0
806.48547,554.8
806.60437,557.4
806.72321,560.0
806.84204,560.4
806.96088,555.0
807.07971,553.6
807.19861,558.6
807.31744,560.2
807.43628,555.8
807.55511,558.2
807.67395,557.0
807.79279,552.0
807.91162,559.0
808.0304,558.2
808.14923,556.6
808.26807,557.6
808.3869,558.8
808.50568,562.2
808.62451,560.8
808.74335,557.0
808.86212,560.8
808.98096,563.0
809.09979,561.6
809.21857,563.0
809.33734,557.6
809.45618,561.6
809.57495,567.2
809.69379,563.2
809.81256,557.2
809.93134,561.4
810.05011,561.8
810.16895,561.6
810.28772,555.8
810.40649,559.2
810.52527,565.2
810.64404,557.8
810.76282,560.0
810.88159,562.0
811.00037,566.4
811.11914,556.8
811.23792,555.6
811.35663,552.4
811.4754,557.0
811.59418,560.2
811.71295,556.2
811.83167,560.4
811.95044,555.2
812.06921,561.2
812.18793,562.0
812.3067,558.4
812.42542,559.6
812.54419,557.4
812.6629,565.6
812.78162,555.6
812.90039,549.8
813.0191,556.2
813.13782,551.6
813.25653,551.4
813.37524,556.4
813.49402,554.2
813.61273,555.2
813.73145,554.6
813.85016,554.4
813.96887,549.2
814.08759,552.6
814.2063,552.8
814.32495,556.4
814.44366,556.6
814.56238,557.4
814.68109,554.8
814.79974,555.0
814.91846,550.4
815.03717,556.6
815.15582,549.8
815.27454,554.4
815.39319,548.6
815.5119,552.0
815.63055,549.0
815.74927,550.0
815.86792,551.2
815.98657,552.2
816.10529,548.8
816.22394,551.0
816.34259,552.2
816.46124,556.0
816.5799,556.0
816.69855,556.2
816.8172,556.0
816.93585,552.4
817.0545,549.4
817.17316,542.8
817.29181,549.2
817.41046,545.4
817.52911,548.2
817.64771,547.0
817.76636,544.4
817.88501,537.2
818.0036,541.2
818.12225,538.6
818.24091,537.6
818.3595,538.0
818.47815,537.2
818.59674,541.8
818.71533,535.4
818.83398,536.8
818.95258,533.6
819.07117,532.6
819.18976,535.6
819.30841,536.4
819.427,537.4
819.54559,533.4
819.66418,536.0
819.78278,539.8
819.90137,535.2
820.01996,531.8
820.13855,530.8
820.25714,531.2
820.37573,533.0
820.49426,534.4
820.61285,526.8
820.73145,529.4
820.84998,528.8
820.96857,527.6
821.08716,522.4
821.20569,528.4
821.32428,529.6
821.44281,529.2
821.56134,528.8
821.67993,530.0
821.79846,529.0
821.91699,525.8
822.03558,523.6
822.15411,526.0
822.27264,526.6
822.39117,520.4
822.5097,525.2
822.62823,522.2
822.74677,519.2
822.8653,521.0
822.98383,527.4
823.10236,525.0
823.22089,522.4
823.33942,523.4
823.45789,521.6
823.57642,522.0
823.69495,524.0
823.81342,525.6
823.93195,521.0
824.05042,523.0
824.16895,523.6
824.28741,522.2
824.40594,523.4
824.52441,521.6
824.64288,520.2
824.76141,521.4
824.87988,521.2
824.99835,521.0
825.11682,519.4
825.23529,523.8
825.35376,519.2
825.47223,520.6
825.5907,519.6
825.70917,524.0
825.82764,520.2
825.94611,518.4
826.06458,516.2
826.18304,515.4
826.30145,523.8
826.41992,520.2
826.53839,516.8
826.6568,517.2
826.77527,520.8
826.89368,522.2
827.01215,524.2
827.13055,514.8
827.24902,518.6
827.36743,520.6
827.48584,513.8
827.60431,517.8
827.72272,515.2
827.84113,510.4
827.95953,520.0
828.07794,513.6
828.19635,518.6
828.31476,516.4
828.43317,507.8
828.55157,515.2
828.66998,514.6
828.78839,517.6
828.90674,514.2
829.02515,512.4
829.14355,515.0
829.2619,515.4
829.38031,513.8
829.49872,510.2
829.61707,510.8
829.73547,513.8
829.85382,513.0
829.97217,505.2
830.09058,509.6
830.20892,510.6
830.32727,515.6
830.44562,516.0
830.56403,511.2
830.68237,516.0
830.80072,513.2
830.91907,515.2
831.03741,509.2
831.15576,517.0
831.27411,506.0
831.3924,512.8
831.51074,512.4
831.62909,510.6
831.74744,515.4
831.86572,515.0
831.98407,517.2
832.10242,515.0
832.2207,513.2
832.33905,508.8
832.45734,509.8
832.57562,512.6
832.69397,514.6
832.81226,513.4
832.93054,511.8
833.04889,513.4
833.16718,510.2
833.28546,513.8
833.40375,519.2
833.52203,514.0
833.64032,510.8
833.75861,517.4
833.87689,513.8
833.99518,514.4
834.1134,515.2
834.23169,519.6
834.34998,512.2
834.46826,514.4
834.58649,516.4
834.70477,518.2
834.823,515.2
834.94128,516.0
835.05951,520.0
835.1778,517.0
835.29602,517.4
835.41425,516.8
835.53253,516.6
835.65076,513.8
835.76898,512.6
835.88721,516.2
836.00543,516.8
836.12366,515.0
836.24188,516.0
836.36011,518.2
836.47833,518.2
836.59656,515.4
836.71478,517.8
836.83295,516.4
836.95117,516.0
837.0694,515.8
837.18756,518.6
837.30579,513.2
837.42401,515.6
837.54218,513.6
837.66034,515.4
837.77856,516.4
837.89673,513.4
838.01489,517.8
838.13312,514.4
838.25128,514.4
838.36945,518.4
838.48761,513.4
838.60577,518.0
838.72394,515.8
838.8421,520.6
838.96027,516.6
839.07843,508.8
839.19659,517.4
839.31476,518.2
839.43286,521.4
839.55103,519.6
839.66919,515.6
839.78729,519.6
839.90546,518.0
840.02356,516.2
840.14172,518.8
840.25983,512.2
840.37793,518.4
840.49609,514.4
840.6142,517.6
840.7323,514.4
840.8504,517.6
840.96851,516.0
841.08661,518.0
841.20471,517.8
841.32281,518.2
841.44092,517.2
841.55902,520.0
841.67712,513.2
841.79523,521.2
841.91327,513.6
842.03137,518.2
842.14948,524.6
842.26752,517.0
842.38562,523.4
842.50366,513.4
842.62177,515.4
842.73981,511.6
842.85791,516.6
842.97595,520.6
843.09399,515.0
843.21204,521.4
843.33008,515.8
843.44818,522.4
843.56622,515.4
843.68427,518.2
843.80231,519.0
843.92029,520.2
844.03833,522.8
844.15637,518.2
844.27441,522.0
844.39246,524.2
844.51044,518.4
844.62848,514.8
844.74646,523.4
844.8645,518.0
844.98248,517.4
845.10052,516.0
845.21851,525.8
845.33649,517.8
845.45453,519.4
845.57251,518.2
845.69049,520.4
845.80847,516.4
845.92645,518.0
846.04443,514.4
846.16241,515.6
846.2804,520.8
846.39838,518.4
846.51636,527.0
846.63434,518.4
846.75226,515.4
846.87024,521.2
846.98822,524.2
847.10614,517.8
847.22412,517.4
847.34204,521.4
847.46002,521.0
847.57794,518.0
847.69586,523.8
847.81384,519.4
847.93176,515.8
848.04968,520.8
848.1676,519.6
848.28552,517.4
848.40344,515.6
848.52136,515.4
848.63928,522.2
848.7572,516.8
848.87512,519.8
848.99304,519.6
849.1109,513.4
849.22882,517.6
849.34674,512.6
849.4646,517.4
849.58252,516.2
849.70038,513.0
849.8183,511.6
849.93616,513.6
850.05402,518.4
850.17194,513.2
850.28979,515.6
850.40765,517.6
850.52551,514.8
850.64337,516.6
850.76123,514.4
850.87909,516.2
850.99695,515.8
851.11481,514.2
851.23267,517.4
851.35046,512.4
851.46832,512.6
851.58618,517.4
851.70398,514.6
851.82184,514.2
851.93964,514.6
852.0575,524.8
852.17529,527.4
852.29315,529.2
852.41095,523.4
852.52875,517.2
852.64655,518.4
852.7644,520.0
852.8822,516.2
853.0,514.4
853.1178,517.0
853.2356,515.6
853.35333,511.4
853.47113,517.8
853.58893,513.8
853.70673,511.4
853.82446,514.2
853.94226,520.2
854.06006,513.2
854.1778,516.4
854.29559,514.2
854.41333,517.6
854.53107,520.0
854.64886,521.2
854.7666,522.0
854.88434,517.0
855.00208,522.8
855.11981,521.6
855.23761,518.4
855.35535,528.6
855.47302,525.2
855.59076,522.8
855.7085,525.8
855.82623,516.8
855.94397,520.4
856.06165,516.8
856.17938,520.2
856.29712,516.4
856.41479,515.8
856.53253,517.0
856.65021,518.4
856.76788,515.2
856.88562,518.2
857.0033,519.4
857.12097,515.8
857.23865,513.4
857.35632,512.4
857.474,516.2
857.59167,519.6
857.70935,515.2
857.82703,519.2
857.9447,513.8
858.06238,512.8
858.18005,515.8
858.29767,514.4
858.41534,516.2
858.53296,510.8
858.65063,511.2
858.76825,514.8
858.88593,514.6
859.00354,515.8
859.12115,510.4
859.23883,516.6
859.35645,514.0
859.47406,513.0
859.59167,512.4
859.70929,516.4
859.8269,507.6
859.94452,511.0
860.06213,515.4
860.17975,514.0
860.29736,510.8
860.41492,507.2
860.53253,504.8
860.65009,510.0
860.7677,508.2
860.88525,513.2
861.00287,512.8
861.12042,512.0
861.23804,515.6
861.35559,510.6
861.47314,515.0
861.5907,507.8
861.70825,505.4
861.82581,507.2
861.94336,503.4
862.06091,509.6
862.17847,506.2
862.29602,506.4
862.41357,503.0
862.53113,503.2
862.64862,507.0
862.76617,501.4
862.88367,500.0
863.00122,507.0
863.11871,509.4
863.23627,507.0
863.35376,507.0
863.47125,508.0
863.58881,513.0
863.7063,507.2
863.82379,502.8
863.94128,506.0
864.05878,506.0
864.17627,505.0
864.29376,509.2
864.41125,505.2
864.52869,505.6
864.64618,502.2
864.76367,506.2
864.8811,508.4
864.9986,504.2
865.11609,504.0
865.23352,504.0
865.35095,504.4
865.46844,508.8
865.58588,506.6
865.70331,508.0
865.82074,505.8
865.93823,506.2
866.05566,500.2
866.1731,501.2
866.29053,511.8
866.4079,504.4
866.52533,501.8
866.64276,504.6
866.76019,504.0
866.87756,501.0
866.995,509.2
867.11243,504.6
867.2298,511.0
867.34723,506.4
867.4646,505.8
867.58197,506.4
867.6994,509.0
867.81677,508.4
867.93414,505.6
868.05151,513.4
868.16888,506.8
868.28625,503.6
868.40363,506.6
868.521,511.4
868.63837,507.8
868.75568,506.4
868.87305,506.6
868.99042,510.0
869.10773,507.4
869.2251,508.8
869.34241,519.6
869.45978,503.2
869.57709,510.6
869.69446,512.8
869.81177,512.4
869.92908,511.2
870.04639,510.4
870.1637,503.8
870.28101,505.0
870.39832,507.2
870.51563,506.0
870.63293,510.2
870.75024,510.4
870.86749,509.0
870.9848,508.8
871.10211,508.4
871.21936,511.0
871.33667,512.6
871.45392,510.8
871.57123,507.2
871.68848,510.2
871.80573,512.2
871.92297,514.4
872.04028,505.8
872.15753,514.6
872.27478,504.0
872.39203,510.0
872.50928,508.6
872.62646,508.2
872.74371,506.6
872.86096,513.2
872.97821,512.2
873.0954,512.8
873.21265,508.6
873.32983,505.4
873.44708,510.8
873.56427,510.6
873.68152,502.2
873.79871,508.6
873.91589,505.8
874.03308,510.4
874.15027,505.8
874.26746,505.8
874.38464,506.8
874.50183,508.4
874.61902,511.0
874.73621,512.2
874.85339,508.0
874.97052,511.2
875.08771,509.4
875.2049,509.0
875.32202,506.6
875.43921,516.0
875.55634,507.2
875.67346,512.6
875.79065,509.2
875.90778,510.4
876.0249,507.4
876.14203,507.6
876.25916,512.4
876.37628,511.4
876.49341,510.4
876.61053,509.8
876.72766,510.2
876.84473,511.4
876.96185,511.4
877.07898,511.4
877.19604,512.6
877.31317,518.0
877.43024,510.8
877.54736,506.8
877.66443,507.0
877.78149,510.2
877.89856,507.8
878.01569,508.0
878.13275,507.2
878.24982,503.4
878.36688,507.2
878.48395,511.4
878.60095,506.0
878.71802,501.8
878.83508,499.0
878.95215,502.2
879.06915,502.8
879.18622,508.0
879.30322,502.6
879.42029,501.8
879.53729,506.4
879.6543,502.6
879.77136,502.8
879.88837,509.4
880.00537,505.6
880.12238,503.0
880.23938,500.4
880.35638,503.6
880.47339,500.0
880.59039,499.0
880.70734,504.2
880.82434,502.6
880.94135,505.6
881.05829,499.4
881.17529,503.8
881.29224,502.2
881.40924,501.6
881.52618,502.8
881.64313,501.2
881.76007,502.2
881.87701,504.4
881.99402,500.0
882.11096,504.4
882.22791,501.0
882.34479,501.8
882.46173,503.6
882.57867,502.0
882.69562,503.2
882.8125,499.6
882.92944,506.2
883.04639,510.0
883.16327,503.4
883.28015,502.6
883.39709,501.4
883.51398,509.4
883.63086,499.8
883.74774,507.8
883.86462,508.4
883.98157,503.0
884.09839,502.8
884.21527,506.2
884.33215,507.8
884.44904,504.2
884.56592,506.4
884.68274,504.4
884.79962,505.0
884.9165,506.4
885.03333,514.2
885.15015,510.6
885.26703,514.8
885.38385,508.6
885.50067,517.2
885.61749,522.0
885.73438,517.4
885.8512,517.6
885.96802,516.0
886.08478,511.8
886.2016,515.8
886.31842,511.8
886.43524,508.2
886.55206,514.6
886.66882,514.6
886.78564,510.6
886.9024,510.0
887.01923,508.8
887.13599,508.4
887.25275,508.6
887.36951,505.2
887.48633,509.2
887.60309,511.4
887.71985,506.2
887.83661,501.2
887.95337,497.0
888.07007,499.2
888.18683,498.2
888.30359,504.2
888.42035,500.8
888.53705,501.6
888.65381,498.2
888.77051,495.6
888.88721,495.2
889.00397,498.6
889.12067,499.4
889.23737,504.0
889.35406,499.0
889.47083,496.8
889.58752,496.4
889.70416,498.4
889.82086,494.2
889.93756,499.0
890.05426,495.2
890.17096,501.6
890.2876,494.8
890.4043,494.6
890.52094,496.0
890.63763,497.0
890.75427,499.4
890.87091,496.8
890.98761,496.2
891.10425,495.6
891.22089,498.6
891.33752,500.4
891.45416,501.2
891.5708,495.0
891.68744,497.2
891.80408,493.2
891.92065,496.0
892.03729,497.6
892.15393,496.8
892.27051,499.0
892.38715,493.6
892.50372,500.2
892.6203,496.8
892.73694,503.0
892.85352,500.0
892.97009,498.6
893.08667,501.4
893.20325,496.4
893.31982,502.0
893.4364,502.0
893.55298,503.6
893.66956,503.0
893.78607,496.8
893.90265,499.8
894.01917,505.4
894.13574,505.8
894.25226,497.4
894.36884,507.6
894.48535,498.4
894.60187,500.4
894.71838,500.8
894.8349,503.8
894.95148,497.0
895.06793,502.0
895.18445,503.4
895.30096,493.4
895.41748,503.0
895.534,493.8
895.65045,497.4
895.76697,492.8
895.88342,499.4
895.99994,496.4
896.11639,499.0
896.23291,496.4
896.34937,497.4
896.46582,497.6
896.58228,497.0
896.69873,502.0
896.81519,496.6
896.93164,501.4
897.0481,498.0
897.16455,502.8
897.28094,500.6
897.3974,497.2
897.51385,500.8
897.63025,500.6
897.7467,494.8
897.8631,495.6
897.97949,500.6
898.09595,500.0
898.21234,500.8
898.32874,499.8
898.44513,499.0
898.56152,499.6
898.67792,501.6
898.79431,498.2
898.91064,498.8
899.02704,496.6
899.14343,506.4
899.25977,492.4
899.37616,492.6
899.49249,498.2
899.60889,495.6
899.72522,495.2
899.84155,497.6
899.95789,503.2
900.07428,496.0
900.19061,500.8
900.30695,501.0
900.42322,502.4
900.53955,497.8
900.65588,499.0
900.77222,494.0
900.88849,500.2
901.00482,496.4
901.12109,497.2
901.23743,496.4
901.3537,501.0
901.47003,495.4
901.5863,493.2
901.70258,498.0
901.81885,498.0
901.93512,496.8
902.05139,500.2
902.16766,500.4
902.28394,497.8
902.40021,497.4
902.51642,501.6
902.63269,495.8
902.7489,497.0
902.86517,500.0
902.98138,492.4
903.09766,496.2
903.21387,502.0
903.33008,498.4
903.44629,496.8
903.5625,492.8
903.67871,494.8
903.79492,491.0
903.91113,495.8
904.02734,493.8
904.14355,494.4
904.2597,492.0
904.37592,489.0
904.49207,490.8
904.60828,486.2
904.72443,488.2
904.84064,486.4
904.95679,486.4
905.07294,490.6
905.18909,488.6
905.30524,488.2
905.42139,484.2
905.53754,486.2
905.65369,485.0
905.76984,485.2
905.88593,482.8
906.00208,484.8
906.11816,484.0
906.23431,480.0
906.3504,487.2
906.46655,485.2
906.58264,480.6
906.69873,480.0
906.81482,480.4
906.93091,482.4
907.047,481.6
907.16309,482.6
907.27917,485.2
907.39526,487.4
907.51135,481.0
907.62738,481.8
907.74347,482.8
907.8595,482.0
907.97559,484.2
908.09161,486.0
908.2077,478.8
908.32373,480.0
908.43976,479.4
908.55579,481.8
908.67181,481.8
908.78784,481.0
908.90387,485.4
909.0199,481.8
909.13586,480.4
909.25189,484.2
909.36792,486.0
909.48389,483.0
909.59991,483.0
909.71588,484.4
909.83185,483.2
909.94788,483.6
910.06384,478.8
910.17981,480.8
910.29578,479.4
910.41174,483.6
910.52771,484.4
910.64368,487.2
910.75958,478.0
910.87555,483.0
910.99152,482.0
911.10742,482.0
911.22339,483.8
911.33929,483.4
911.4552,482.4
911.57117,477.4
911.68707,482.4
911.80298,483.2
911.91888,474.6
912.03479,477.8
912.1507,483.6
912.2666,483.0
912.38245,481.8
912.49835,477.8
912.61426,482.4
912.7301,482.2
912.84601,479.6
792.4458,693.6
792.56488,702.2
792.68396,695.8
792.8031,700.2
792.92218,686.0
793.04126,680.4
793.16034,685.0
793.27942,682.8
793.3985,676.4
793.51758,661.8
793.63672,655.8
793.7558,649.6
793.87488,651.8
793.9939,644.4
794.11298,640.4
794.23206,637.8
794.35114,633.6
794.47021,631.6
794.58929,621.8
794.70831,618.6
794.82739,619.4
794.94647,611.6
795.06549,613.6
795.18457,607.2
795.30365,608.2
795.42267,604.2
795.54175,593.8
795.66077,592.4
795.77985,590.8
795.89886,592.0
796.01794,595.2
796.13696,583.4
796.25598,589.6
796.375,577.8
796.49408,579.2
796.6131,581.2
796.73212,581.4
796.85114,578.8
796.97015,577.8
797.08923,574.2
797.20825,574.8
797.32727,571.0
797.44629,563.0
797.56531,565.2
797.68427,564.6
797.80328,564.4
797.9223,567.2
798.04132,565.8
798.16034,566.8
798.27936,562.4
798.39832,568.4
798.51733,562.8
798.63635,555.6
798.75531,560.8
798.87433,556.0
798.99329,551.8
799.1123,556.0
799.23126,557.6
799.35028,557.4
799.46924,556.2
799.58826,559.0
799.70721,555.2
799.82617,556.6
799.94519,552.8
800.06415,552.2
800.18311,552.8
800.30206,555.6
800.42102,549.4
800.54004,547.6
800.659,549.4
800.77795,556.0
800.89691,547.6
801.01587,547.6
801.13483,552.6
801.25372,555.4
801.37268,554.2
801.49164,549.2
801.6106,550.4
801.72955,545.4
801.84845,549.6
801.96741,552.2
802.08636,547.8
802.20526,550.4
802.32422,549.0
802.44318,548.8
802.56207,547.6
802.68103,549.6
802.79993,548.6
802.91882,548.2
803.03778,538.8
803.15668,544.6
803.27557,553.0
803.39453,542.8
803.51343,544.8
803.63232,546.4
803.75122,541.6
803.87012,545.8
803.98907,542.4
804.10797,547.4
804.22687,543.6
804.34576,548.8
804.46466,544.0
804.58356,547.4
804.70239,545.8
804.82129,545.6
804.94019,547.8
805.05908,542.4
805.17798,540.6
805.29681,551.6
805.41571,547.0
805.53461,551.2
805.65344,542.6
805.77234,552.4
805.89117,547.4
806.01007,548.8
806.12891,548.8
806.2478,553.8
806.36664,545.6
806.48547,548.0
806.60437,549.8
806.72321,550.6
806.84204,549.2
806.96088,545.0
807.07971,547.2
807.19861,552.8
807.31744,548.2
807.43628,549.0
807.55511,544.8
807.67395,553.8
807.79279,549.0
807.91162,551.0
808.0304,553.8
808.14923,549.8
808.26807,550.4
808.3869,552.4
808.50568,551.6
808.62451,550.8
808.74335,548.6
808.86212,548.6
808.98096,550.8
809.09979,560.4
809.21857,552.0
809.33734,550.6
809.45618,549.6
809.57495,555.8
809.69379,553.4
809.81256,550.6
809.93134,552.4
810.05011,548.2
810.16895,553.4
810.28772,551.0
810.40649,552.4
810.52527,554.8
810.64404,552.4
810.76282,550.4
810.88159,553.8
811.00037,552.8
811.11914,548.6
811.23792,551.6
811.35663,549.0
811.4754,554.2
811.59418,548.8
811.71295,556.8
811.83167,546.2
811.95044,547.6
812.06921,546.8
812.18793,547.2
812.3067,546.0
812.42542,546.8
812.54419,552.8
812.6629,553.4
812.78162,544.0
812.90039,546.2
813.0191,545.4
813.13782,546.8
813.25653,542.6
813.37524,541.2
813.49402,549.8
813.61273,545.4
813.73145,550.6
813.85016,541.6
813.96887,541.2
814.08759,548.4
814.2063,541.4
814.32495,551.6
814.44366,546.0
814.56238,544.4
814.68109,546.6
814.79974,544.2
814.91846,539.8
815.03717,540.2
815.15582,544.0
815.27454,546.2
815.39319,535.2
815.5119,542.4
815.63055,537.4
815.74927,540.8
815.86792,541.4
815.98657,542.4
816.10529,544.0
816.22394,538.8
816.34259,538.8
816.46124,547.6
816.5799,545.2
816.69855,544.2
816.8172,543.6
816.93585,542.8
817.0545,544.2
817.17316,543.6
817.29181,535.0
817.41046,539.4
817.52911,539.6
817.64771,539.8
817.76636,537.2
817.88501,536.6
818.0036,537.2
818.12225,536.0
818.24091,533.0
818.3595,530.0
818.47815,531.6
818.59674,540.2
818.71533,531.4
818.83398,530.2
818.95258,532.4
819.07117,529.2
819.18976,531.2
819.30841,530.2
819.427,529.8
819.54559,529.4
819.66418,527.8
819.78278,531.6
819.90137,529.8
820.01996,522.6
820.13855,531.6
820.25714,529.0
820.37573,533.8
820.49426,520.8
820.61285,524.4
820.73145,520.0
820.84998,518.4
820.96857,522.6
821.08716,522.8
821.20569,522.8
821.32428,523.8
821.44281,518.8
821.56134,517.4
821.67993,520.0
821.79846,523.2
821.91699,521.6
822.03558,519.8
822.15411,524.0
822.27264,516.0
822.39117,519.4
822.5097,517.6
822.62823,523.2
822.74677,523.8
822.8653,515.8
822.98383,523.6
823.10236,520.0
823.22089,516.4
823.33942,514.4
823.45789,516.2
823.57642,520.8
823.69495,512.0
823.81342,516.4
823.93195,512.6
824.05042,520.2
824.16895,515.0
824.28741,519.4
824.40594,514.8
824.52441,514.0
824.64288,514.2
824.76141,512.4
824.87988,513.2
824.99835,514.0
825.11682,515.4
825.23529,520.6
825.35376,513.0
825.47223,516.0
825.5907,510.8
825.70917,519.4
825.82764,517.6
825.94611,512.6
826.06458,511.0
826.18304,514.8
826.30145,514.6
826.41992,513.8
826.53839,510.6
826.6568,515.2
826.77527,506.4
826.89368,515.2
827.01215,514.6
827.13055,508.6
827.24902,512.0
827.36743,511.6
827.48584,509.4
827.60431,512.2
827.72272,508.6
827.84113,513.6
827.95953,512.0
828.07794,510.4
828.19635,508.4
828.31476,510.4
828.43317,504.6
828.55157,512.2
828.66998,504.6
828.78839,509.6
828.90674,504.2
829.02515,509.0
829.14355,516.0
829.2619,505.4
829.38031,510.0
829.49872,505.4
829.61707,505.8
829.73547,506.4
829.85382,507.2
829.97217,511.0
830.09058,506.4
830.20892,509.4
830.32727,502.2
830.44562,506.4
830.56403,507.2
830.68237,510.4
830.80072,514.2
830.91907,509.2
831.03741,506.6
831.15576,508.8
831.27411,508.4
831.3924,510.6
831.51074,504.8
831.62909,506.8
831.74744,507.8
831.86572,505.6
831.98407,507.6
832.10242,507.4
832.2207,512.4
832.33905,507.8
832.45734,510.8
832.57562,510.6
832.69397,505.2
832.81226,508.0
832.93054,510.2
833.04889,505.2
833.16718,507.0
833.28546,505.2
833.40375,516.2
833.52203,504.2
833.64032,506.2
833.75861,509.8
833.87689,510.0
833.99518,510.8
834.1134,510.0
834.23169,508.4
834.34998,509.0
834.46826,514.0
834.58649,508.6
834.70477,503.6
834.823,510.0
834.94128,512.0
835.05951,511.4
835.1778,511.6
835.29602,505.8
835.41425,510.2
835.53253,509.2
835.65076,508.6
835.76898,509.6
835.88721,512.2
836.00543,512.4
836.12366,511.2
836.24188,508.2
836.36011,508.0
836.47833,509.0
836.59656,508.2
836.71478,514.2
836.83295,513.6
836.95117,506.2
837.0694,507.8
837.18756,511.4
837.30579,511.6
837.42401,508.6
837.54218,511.4
837.66034,505.4
837.77856,509.4
837.89673,510.2
838.01489,511.6
838.13312,506.0
838.25128,514.0
838.36945,508.4
838.48761,509.2
838.60577,511.4
838.72394,509.8
838.8421,512.4
838.96027,514.6
839.07843,505.8
839.19659,508.8
839.31476,509.2
839.43286,507.0
839.55103,515.4
839.66919,513.8
839.78729,510.2
839.90546,512.0
840.02356,510.8
840.14172,509.2
840.25983,509.8
840.37793,518.4
840.49609,513.0
840.6142,515.0
840.7323,507.8
840.8504,510.8
840.96851,511.4
841.08661,513.0
841.20471,516.2
841.32281,518.4
841.44092,510.6
841.55902,519.8
841.67712,510.0
841.79523,514.2
841.91327,509.4
842.03137,516.0
842.14948,513.6
842.26752,511.2
842.38562,510.4
842.50366,508.0
842.62177,509.4
842.73981,512.2
842.85791,510.8
842.97595,516.4
843.09399,512.0
843.21204,513.6
843.33008,513.8
843.44818,511.2
843.56622,512.4
843.68427,512.2
843.80231,517.8
843.92029,516.8
844.03833,518.8
844.15637,513.8
844.27441,521.8
844.39246,515.8
844.51044,516.6
844.62848,515.0
844.74646,514.4
844.8645,512.8
844.98248,516.0
845.10052,516.0
845.21851,521.6
845.33649,512.6
845.45453,511.0
845.57251,519.0
845.69049,512.6
845.80847,514.4
845.92645,511.6
846.04443,511.0
846.16241,513.6
846.2804,513.4
846.39838,511.8
846.51636,516.0
846.63434,510.8
846.75226,514.2
846.87024,516.0
846.98822,515.4
847.10614,515.2
847.22412,511.0
847.34204,514.8
847.46002,514.4
847.57794,512.0
847.69586,514.6
847.81384,511.2
847.93176,514.4
848.04968,518.6
848.1676,514.2
848.28552,513.2
848.40344,517.0
848.52136,510.4
848.63928,517.6
848.7572,515.6
848.87512,513.6
848.99304,516.2
849.1109,514.8
849.22882,511.0
849.34674,513.2
849.4646,504.8
849.58252,517.0
849.70038,509.8
849.8183,509.6
849.93616,510.4
850.05402,514.8
850.17194,513.8
850.28979,512.2
850.40765,509.8
850.52551,521.0
850.64337,514.6
850.76123,514.2
850.87909,514.8
850.99695,510.4
851.11481,515.2
851.23267,512.6
851.35046,509.8
851.46832,510.0
851.58618,506.4
851.70398,514.2
851.82184,511.4
851.93964,512.0
852.0575,515.6
852.17529,527.0
852.29315,520.0
852.41095,516.8
852.52875,508.4
852.64655,513.4
852.7644,512.6
852.8822,514.2
853.0,506.4
853.1178,511.2
853.2356,509.8
853.35333,508.2
853.47113,509.2
853.58893,510.0
853.70673,509.6
853.82446,509.0
853.94226,511.4
854.06006,518.4
854.1778,512.8
854.29559,511.6
854.41333,508.4
854.53107,513.8
854.64886,513.0
854.7666,515.4
854.88434,512.8
855.00208,517.4
855.11981,518.0
855.23761,518.2
855.35535,521.0
855.47302,522.0
855.59076,517.2
855.7085,521.2
855.82623,521.2
855.94397,515.8
856.06165,517.8
856.17938,521.6
856.29712,518.6
856.41479,514.8
856.53253,516.2
856.65021,514.8
856.76788,512.0
856.88562,516.4
857.0033,513.8
857.12097,515.0
857.23865,511.4
857.35632,507.6
857.474,512.6
857.59167,510.8
857.70935,509.0
857.82703,510.6
857.9447,509.2
858.06238,507.8
858.18005,511.0
858.29767,506.6
858.41534,503.4
858.53296,509.0
858.65063,508.2
858.76825,512.0
858.88593,509.4
859.00354,510.0
859.12115,503.8
859.23883,510.6
859.35645,510.4
859.47406,513.2
859.59167,506.6
859.70929,508.4
859.8269,506.8
859.94452,504.4
860.06213,508.0
860.17975,512.6
860.29736,503.6
860.41492,504.4
860.53253,504.4
860.65009,504.8
860.7677,502.8
860.88525,510.6
861.00287,504.6
861.12042,507.2
861.23804,508.2
861.35559,510.6
861.47314,508.2
861.5907,505.4
861.70825,504.6
861.82581,510.0
861.94336,501.6
862.06091,501.4
862.17847,498.6
862.29602,499.4
862.41357,500.0
862.53113,503.2
862.64862,500.2
862.76617,501.4
862.88367,503.0
863.00122,504.0
863.11871,502.0
863.23627,506.2
863.35376,500.2
863.47125,506.6
863.58881,498.6
863.7063,504.2
863.82379,503.4
863.94128,503.8
864.05878,506.6
864.17627,496.0
864.29376,499.0
864.41125,505.2
864.52869,501.4
864.64618,498.2
864.76367,499.8
864.8811,504.6
864.9986,499.8
865.11609,502.2
865.23352,498.0
865.35095,500.0
865.46844,501.6
865.58588,501.4
865.70331,503.2
865.82074,500.6
865.93823,502.8
866.05566,502.6
866.1731,498.6
866.29053,502.6
866.4079,501.4
866.52533,503.2
866.64276,502.8
866.76019,503.8
866.87756,503.6
866.995,505.2
867.11243,502.8
867.2298,504.6
867.34723,498.8
867.4646,501.8
867.58197,504.8
867.6994,504.2
867.81677,502.4
867.93414,499.4
868.05151,499.6
868.16888,503.8
868.28625,507.4
868.40363,503.6
868.521,503.0
868.63837,500.2
868.75568,502.6
868.87305,504.8
868.99042,506.4
869.10773,502.0
869.2251,502.6
869.34241,506.0
869.45978,507.4
869.57709,507.2
869.69446,499.6
869.81177,505.0
869.92908,509.6
870.04639,508.2
870.1637,499.8
870.28101,509.2
870.39832,505.8
870.51563,510.2
870.63293,507.2
870.75024,507.0
870.86749,504.4
870.9848,506.4
871.10211,506.0
871.21936,508.6
871.33667,505.6
871.45392,508.8
871.57123,505.4
871.68848,499.6
871.80573,503.4
871.92297,506.4
872.04028,504.6
872.15753,509.0
872.27478,506.0
872.39203,503.4
872.50928,506.0
872.62646,510.0
872.74371,502.8
872.86096,510.4
872.97821,502.2
873.0954,504.4
873.21265,504.2
873.32983,504.2
873.44708,505.6
873.56427,508.4
873.68152,504.0
873.79871,506.6
873.91589,506.8
874.03308,504.2
874.15027,510.2
874.26746,503.2
874.38464,505.0
874.50183,505.0
874.61902,511.0
874.73621,507.4
874.85339,504.8
874.97052,509.6
875.08771,504.8
875.2049,507.8
875.32202,498.4
875.43921,512.6
875.55634,501.6
875.67346,507.0
875.79065,500.2
875.90778,511.6
876.0249,506.2
876.14203,505.0
876.25916,508.4
876.37628,507.8
876.49341,508.0
876.61053,507.2
876.72766,508.2
876.84473,508.6
876.96185,501.2
877.07898,507.6
877.19604,505.8
877.31317,505.6
877.43024,510.2
877.54736,502.6
877.66443,509.6
877.78149,505.0
877.89856,512.2
878.01569,504.8
878.13275,505.0
878.24982,504.2
878.36688,508.4
878.48395,505.6
878.60095,497.4
878.71802,501.0
878.83508,498.0
878.95215,503.6
879.06915,496.6
879.18622,502.2
879.30322,495.4
879.42029,502.2
879.53729,495.4
879.6543,500.4
879.77136,496.0
879.88837,501.4
880.00537,501.2
880.12238,499.0
880.23938,500.0
880.35638,499.8
880.47339,496.0
880.59039,496.4
880.70734,496.8
880.82434,501.0
880.94135,497.8
881.05829,501.4
881.17529,502.0
881.29224,503.4
881.40924,502.8
881.52618,496.8
881.64313,498.0
881.76007,496.6
881.87701,502.8
881.99402,499.8
882.11096,499.0
882.22791,497.8
882.34479,499.8
882.46173,499.8
882.57867,500.6
882.69562,503.8
882.8125,505.8
882.92944,504.4
883.04639,501.4
883.16327,501.0
883.28015,501.4
883.39709,502.8
883.51398,502.4
883.63086,503.0
883.74774,501.6
883.86462,503.8
883.98157,501.6
884.09839,503.8
884.21527,509.0
884.33215,507.2
884.44904,499.6
884.56592,502.2
884.68274,507.2
884.79962,510.8
884.9165,509.2
885.03333,510.6
885.15015,508.4
885.26703,508.8
885.38385,512.4
885.50067,514.6
885.61749,513.6
885.73438,512.4
885.8512,515.8
885.96802,516.2
886.08478,511.6
886.2016,516.6
886.31842,511.4
886.43524,508.2
886.55206,511.6
886.66882,510.0
886.78564,510.2
886.9024,513.2
887.01923,506.0
887.13599,504.6
887.25275,504.8
887.36951,505.2
887.48633,506.0
887.60309,505.4
887.71985,502.8
887.83661,500.4
887.95337,498.8
888.07007,498.0
888.18683,494.8
888.30359,497.6
888.42035,493.4
888.53705,497.4
888.65381,494.0
888.77051,494.8
888.88721,497.6
889.00397,498.6
889.12067,491.2
889.23737,493.8
889.35406,497.6
889.47083,492.8
889.58752,496.2
889.70416,497.0
889.82086,497.0
889.93756,491.0
890.05426,495.6
890.17096,498.8
890.2876,497.4
890.4043,491.8
890.52094,496.6
890.63763,492.0
890.75427,493.0
890.87091,500.8
890.98761,500.4
891.10425,497.0
891.22089,491.0
891.33752,495.2
891.45416,492.8
891.5708,493.0
891.68744,492.0
891.80408,494.4
891.92065,496.4
892.03729,494.2
892.15393,498.2
892.27051,495.8
892.38715,499.0
892.50372,496.0
892.6203,493.0
892.73694,497.2
892.85352,500.2
892.97009,496.2
893.08667,492.6
893.20325,493.4
893.31982,496.6
893.4364,501.0
893.55298,489.6
893.66956,502.6
893.78607,499.8
893.90265,497.6
894.01917,495.6
894.13574,501.8
894.25226,495.8
894.36884,497.0
894.48535,496.0
894.60187,493.8
894.71838,499.2
894.8349,498.0
894.95148,495.4
895.06793,499.4
895.18445,499.0
895.30096,499.4
895.41748,497.8
895.534,496.6
895.65045,495.4
895.76697,496.4
895.88342,496.0
895.99994,495.0
896.11639,493.8
896.23291,501.0
896.34937,492.2
896.46582,497.4
896.58228,496.2
896.69873,498.8
896.81519,493.8
896.93164,495.2
897.0481,496.0
897.16455,501.4
897.28094,495.0
897.3974,493.8
897.51385,500.0
897.63025,499.2
897.7467,495.6
897.8631,497.2
897.97949,492.0
898.09595,494.4
898.21234,498.4
898.32874,496.2
898.44513,497.4
898.56152,501.4
898.67792,497.0
898.79431,494.4
898.91064,496.2
899.02704,494.2
899.14343,499.6
899.25977,493.8
899.37616,494.2
899.49249,493.6
899.60889,493.0
899.72522,496.2
899.84155,497.0
899.95789,496.6
900.07428,495.6
900.19061,496.6
900.30695,492.0
900.42322,494.4
900.53955,488.8
900.65588,492.8
900.77222,495.2
900.88849,500.2
901.00482,488.8
901.12109,494.4
901.23743,497.2
901.3537,497.8
901.47003,492.0
901.5863,496.8
901.70258,494.0
901.81885,496.8
901.93512,494.4
902.05139,498.6
902.16766,492.8
902.28394,499.8
902.40021,501.0
902.51642,498.6
902.63269,497.0
902.7489,498.8
902.86517,492.2
902.98138,495.4
903.09766,495.8
903.21387,490.2
903.33008,498.4
903.44629,494.4
903.5625,492.4
903.67871,488.2
903.79492,489.0
903.91113,492.0
904.02734,486.8
904.14355,489.2
904.2597,492.6
904.37592,490.4
904.49207,489.8
904.60828,485.6
904.72443,487.4
904.84064,486.4
904.95679,485.0
905.07294,487.6
905.18909,486.2
905.30524,486.2
905.42139,486.2
905.53754,487.4
905.65369,485.2
905.76984,485.8
905.88593,482.0
906.00208,484.2
906.11816,481.6
906.23431,483.4
906.3504,481.0
906.46655,481.2
906.58264,477.8
906.69873,480.0
906.81482,483.4
906.93091,480.8
907.047,484.4
907.16309,478.8
907.27917,486.2
907.39526,485.2
907.51135,479.4
907.62738,479.2
907.74347,482.2
907.8595,477.4
907.97559,486.2
908.09161,481.6
908.2077,483.6
908.32373,485.4
908.43976,480.0
908.55579,473.6
908.67181,479.2
908.78784,481.8
908.90387,481.4
909.0199,487.4
909.13586,477.6
909.25189,484.4
909.36792,481.0
909.48389,480.2
909.59991,478.2
909.71588,478.2
909.83185,480.4
909.94788,478.8
910.06384,479.0
910.17981,482.2
910.29578,483.0
910.41174,478.6
910.52771,478.0
910.64368,483.8
910.75958,478.4
910.87555,482.6
910.99152,481.2
911.10742,487.6
911.22339,481.6
911.33929,486.6
911.4552,478.6
911.57117,477.2
911.68707,483.0
911.80298,478.2
911.91888,482.2
912.03479,476.6
912.1507,479.8
912.2666,481.4
912.38245,483.6
912.49835,477.0
912.61426,476.4
912.7301,479.4
912.84601,478.8
792.4458,642.4
792.56488,628.6
792.68396,631.2
792.8031,627.6
792.92218,612.8
793.04126,609.6
793.16034,616.4
793.27942,611.8
793.3985,602.4
793.51758,593.0
793.63672,592.4
793.7558,592.2
793.87488,599.8
793.9939,590.2
794.11298,587.4
794.23206,579.4
794.35114,579.2
794.47021,572.2
794.58929,566.2
794.70831,568.0
794.82739,571.4
794.94647,566.4
795.06549,565.6
795.18457,556.6
795.30365,561.2
795.42267,559.6
795.54175,558.6
795.66077,555.4
795.77985,559.0
795.89886,549.0
796.01794,551.8
796.13696,543.8
796.25598,552.8
796.375,544.0
796.49408,544.0
796.6131,538.6
796.73212,547.0
796.85114,544.4
796.97015,539.8
797.08923,539.8
797.20825,535.8
797.32727,533.2
797.44629,539.4
797.56531,536.2
797.68427,537.6
797.80328,531.6
797.9223,535.2
798.04132,533.0
798.16034,533.8
798.27936,532.4
798.39832,533.0
798.51733,531.4
798.63635,537.0
798.75531,534.2
798.87433,527.2
798.99329,530.0
799.1123,528.2
799.23126,528.2
799.35028,534.2
799.46924,534.4
799.58826,529.6
799.70721,526.0
799.82617,528.4
799.94519,523.0
800.06415,526.0
800.18311,527.6
800.30206,528.6
800.42102,524.0
800.54004,525.4
800.659,526.0
800.77795,531.8
800.89691,528.0
801.01587,527.2
801.13483,526.6
801.25372,527.6
801.37268,528.8
801.49164,527.8
801.6106,527.4
801.72955,529.0
801.84845,523.4
801.96741,527.8
802.08636,525.2
802.20526,522.6
802.32422,519.4
802.44318,532.0
802.56207,529.2
802.68103,529.0
802.79993,520.2
802.91882,524.0
803.03778,523.8
803.15668,524.6
803.27557,528.4
803.39453,525.4
803.51343,526.0
803.63232,528.2
803.75122,520.8
803.87012,528.0
803.98907,526.8
804.10797,526.4
804.22687,525.0
804.34576,527.0
804.46466,527.0
804.58356,526.4
804.70239,530.0
804.82129,525.4
804.94019,530.0
805.05908,528.6
805.17798,526.2
805.29681,533.0
805.41571,527.8
805.53461,528.0
805.65344,525.8
805.77234,532.8
805.89117,530.4
806.01007,537.2
806.12891,531.2
806.2478,534.8
806.36664,527.0
806.48547,531.4
806.60437,529.6
806.72321,533.0
806.84204,536.6
806.96088,531.4
807.07971,531.6
807.19861,531.6
807.31744,530.4
807.43628,526.6
807.55511,530.4
807.67395,528.2
807.79279,526.4
807.91162,534.0
808.0304,534.4
808.14923,532.4
808.26807,536.2
808.3869,532.8
808.50568,532.2
808.62451,538.2
808.74335,526.6
808.86212,531.6
808.98096,537.4
809.09979,536.0
809.21857,530.0
809.33734,532.6
809.45618,534.4
809.57495,535.8
809.69379,535.0
809.81256,530.6
809.93134,537.0
810.05011,531.2
810.16895,531.8
810.28772,534.4
810.40649,534.2
810.52527,539.0
810.64404,533.8
810.76282,540.0
810.88159,540.2
811.00037,532.8
811.11914,530.6
811.23792,532.6
811.35663,533.2
811.4754,533.6
811.59418,535.2
811.71295,538.6
811.83167,535.6
811.95044,529.8
812.06921,533.8
812.18793,534.4
812.3067,532.2
812.42542,537.2
812.54419,528.6
812.6629,531.6
812.78162,530.2
812.90039,534.2
813.0191,527.8
813.13782,529.4
813.25653,530.6
813.37524,531.6
813.49402,524.4
813.61273,531.6
813.73145,526.0
813.85016,529.6
813.96887,530.8
814.08759,528.6
814.2063,526.0
814.32495,529.4
814.44366,528.6
814.56238,532.4
814.68109,527.0
814.79974,530.6
814.91846,525.4
815.03717,529.4
815.15582,526.8
815.27454,531.0
815.39319,520.4
815.5119,520.2
815.63055,523.4
815.74927,528.0
815.86792,522.6
815.98657,529.2
816.10529,528.8
816.22394,525.8
816.34259,524.8
816.46124,531.0
816.5799,527.8
816.69855,527.0
816.8172,535.4
816.93585,526.8
817.0545,523.8
817.17316,522.8
817.29181,520.2
817.41046,524.4
817.52911,519.6
817.64771,521.8
817.76636,518.4
817.88501,516.4
818.0036,524.0
818.12225,519.8
818.24091,516.6
818.3595,513.4
818.47815,511.0
818.59674,519.4
818.71533,513.8
818.83398,510.8
818.95258,511.6
819.07117,512.4
819.18976,509.8
819.30841,517.2
819.427,515.8
819.54559,515.8
819.66418,513.6
819.78278,513.4
819.90137,515.0
820.01996,511.6
820.13855,504.0
820.25714,511.6
820.37573,509.6
820.49426,509.4
820.61285,512.8
820.73145,513.4
820.84998,503.8
820.96857,506.4
821.08716,502.6
821.20569,506.8
821.32428,502.6
821.44281,506.2
821.56134,504.8
821.67993,501.4
821.79846,506.4
821.91699,508.0
822.03558,501.4
822.15411,505.2
822.27264,503.6
822.39117,505.4
822.5097,503.8
822.62823,506.0
822.74677,501.6
822.8653,500.6
822.98383,495.8
823.10236,507.4
823.22089,500.8
823.33942,498.4
823.45789,503.4
823.57642,506.2
823.69495,502.0
823.81342,500.8
823.93195,500.4
824.05042,502.4
824.16895,503.0
824.28741,503.8
824.40594,502.2
824.52441,506.6
824.64288,504.8
824.76141,502.2
824.87988,502.8
824.99835,501.8
825.11682,500.4
825.23529,504.0
825.35376,503.6
825.47223,498.0
825.5907,501.0
825.70917,500.8
825.82764,499.8
825.94611,500.0
826.06458,501.2
826.18304,501.4
826.30145,505.4
826.41992,503.4
826.53839,499.8
826.6568,500.6
826.77527,500.6
826.89368,502.0
827.01215,495.4
827.13055,501.0
827.24902,496.6
827.36743,496.8
827.48584,497.2
827.60431,495.6
827.72272,491.2
827.84113,495.0
827.95953,496.6
828.07794,493.0
828.19635,492.2
828.31476,495.2
828.43317,494.8
828.55157,496.0
828.66998,496.0
828.78839,495.2
828.90674,493.4
829.02515,498.8
829.14355,494.0
829.2619,493.4
829.38031,493.8
829.49872,493.6
829.61707,490.2
829.73547,492.0
829.85382,496.6
829.97217,495.6
830.09058,493.8
830.20892,497.8
830.32727,492.6
830.44562,493.8
830.56403,494.8
830.68237,499.2
830.80072,493.8
830.91907,497.0
831.03741,496.0
831.15576,498.8
831.27411,494.6
831.3924,493.6
831.51074,498.0
831.62909,496.0
831.74744,495.2
831.86572,496.2
831.98407,495.2
832.10242,501.6
832.2207,494.0
832.33905,493.6
832.45734,494.6
832.57562,498.4
832.69397,492.6
832.81226,501.0
832.93054,497.4
833.04889,497.4
833.16718,493.0
833.28546,497.2
833.40375,499.4
833.52203,497.2
833.64032,491.4
833.75861,494.4
833.87689,498.0
833.99518,498.4
834.1134,496.6
834.23169,494.2
834.34998,496.8
834.46826,498.6
834.58649,498.8
834.70477,501.0
834.823,495.4
834.94128,501.0
835.05951,501.2
835.1778,496.8
835.29602,493.0
835.41425,500.4
835.53253,494.8
835.65076,498.8
835.76898,495.4
835.88721,499.8
836.00543,503.8
836.12366,496.0
836.24188,495.6
836.36011,501.8
836.47833,499.0
836.59656,498.8
836.71478,495.6
836.83295,500.0
836.95117,496.4
837.0694,500.0
837.18756,502.4
837.30579,503.2
837.42401,496.8
837.54218,497.8
837.66034,498.4
837.77856,497.0
837.89673,499.6
838.01489,496.6
838.13312,496.0
838.25128,498.8
838.36945,500.8
838.48761,499.6
838.60577,500.8
838.72394,505.6
838.8421,497.8
838.96027,501.4
839.07843,497.0
839.19659,501.4
839.31476,499.6
839.43286,504.8
839.55103,498.6
839.66919,498.6
839.78729,500.4
839.90546,500.0
840.02356,497.2
840.14172,499.2
840.25983,496.2
840.37793,496.8
840.49609,499.6
840.6142,494.4
840.7323,494.2
840.8504,496.6
840.96851,496.8
841.08661,499.0
841.20471,501.2
841.32281,498.6
841.44092,495.6
841.55902,501.2
841.67712,497.0
841.79523,505.0
841.91327,495.2
842.03137,501.6
842.14948,500.8
842.26752,499.6
842.38562,500.0
842.50366,500.0
842.62177,496.0
842.73981,497.8
842.85791,497.2
842.97595,498.4
843.09399,501.8
843.21204,499.8
843.33008,502.6
843.44818,497.8
843.56622,501.6
843.68427,498.0
843.80231,499.4
843.92029,499.0
844.03833,504.6
844.15637,496.0
844.27441,499.2
844.39246,499.8
844.51044,502.2
844.62848,494.0
844.74646,500.6
844.8645,497.0
844.98248,500.4
845.10052,501.8
845.21851,501.6
845.33649,499.4
845.45453,497.2
845.57251,497.4
845.69049,496.6
845.80847,496.6
845.92645,497.4
846.04443,496.4
846.16241,494.2
846.2804,494.6
846.39838,496.8
846.51636,500.2
846.63434,496.4
846.75226,492.2
846.87024,492.2
846.98822,495.8
847.10614,493.4
847.22412,499.8
847.34204,495.2
847.46002,498.4
847.57794,498.6
847.69586,495.2
847.81384,500.6
847.93176,499.2
848.04968,498.0
848.1676,496.2
848.28552,501.4
848.40344,498.8
848.52136,499.0
848.63928,500.4
848.7572,494.2
848.87512,498.4
848.99304,497.8
849.1109,498.8
849.22882,492.8
849.34674,497.8
849.4646,495.6
849.58252,498.6
849.70038,496.6
849.8183,493.4
849.93616,497.4
850.05402,495.6
850.17194,498.6
850.28979,494.4
850.40765,502.0
850.52551,501.6
850.64337,500.6
850.76123,499.8
850.87909,495.6
850.99695,499.4
851.11481,496.6
851.23267,500.0
851.35046,503.0
851.46832,496.0
851.58618,500.6
851.70398,503.4
851.82184,498.8
851.93964,503.6
852.0575,506.4
852.17529,506.6
852.29315,504.8
852.41095,502.8
852.52875,499.0
852.64655,497.2
852.7644,499.0
852.8822,501.4
853.0,493.0
853.1178,500.2
853.2356,496.0
853.35333,494.2
853.47113,494.8
853.58893,497.4
853.70673,498.2
853.82446,503.4
853.94226,497.4
854.06006,499.6
854.1778,498.2
854.29559,497.6
854.41333,498.8
854.53107,503.0
854.64886,502.4
854.7666,499.4
854.88434,496.0
855.00208,503.6
855.11981,501.4
855.23761,506.8
855.35535,505.2
855.47302,502.2
855.59076,502.0
855.7085,505.4
855.82623,503.2
855.94397,503.4
856.06165,499.4
856.17938,503.4
856.29712,499.6
856.41479,501.0
856.53253,502.8
856.65021,497.8
856.76788,499.6
856.88562,501.2
857.0033,495.2
857.12097,498.2
857.23865,497.4
857.35632,498.6
857.474,495.8
857.59167,498.8
857.70935,497.4
857.82703,498.2
857.9447,504.2
858.06238,497.0
858.18005,495.8
858.29767,498.2
858.41534,493.0
858.53296,500.2
858.65063,494.2
858.76825,500.4
858.88593,499.4
859.00354,497.6
859.12115,494.4
859.23883,500.2
859.35645,500.0
859.47406,498.6
859.59167,498.8
859.70929,500.4
859.8269,492.8
859.94452,495.0
860.06213,498.4
860.17975,499.4
860.29736,500.2
860.41492,495.8
860.53253,491.8
860.65009,494.8
860.7677,488.4
860.88525,497.2
861.00287,493.8
861.12042,497.6
861.23804,498.2
861.35559,498.6
861.47314,496.8
861.5907,490.2
861.70825,490.0
861.82581,495.0
861.94336,493.6
862.06091,493.2
862.17847,493.4
862.29602,497.8
862.41357,489.2
862.53113,493.2
862.64862,493.2
862.76617,487.4
862.88367,493.8
863.00122,492.2
863.11871,495.8
863.23627,496.0
863.35376,489.2
863.47125,490.0
863.58881,491.4
863.7063,495.2
863.82379,490.0
863.94128,491.0
864.05878,493.0
864.17627,491.0
864.29376,495.2
864.41125,490.8
864.52869,486.4
864.64618,492.0
864.76367,488.8
864.8811,492.2
864.9986,489.2
865.11609,491.4
865.23352,492.2
865.35095,490.4
865.46844,491.0
865.58588,491.8
865.70331,497.2
865.82074,490.6
865.93823,487.8
866.05566,490.8
866.1731,488.6
866.29053,492.4
866.4079,489.2
866.52533,498.0
866.64276,491.4
866.76019,491.0
866.87756,494.8
866.995,492.2
867.11243,493.4
867.2298,495.0
867.34723,491.0
867.4646,494.2
867.58197,493.8
867.6994,497.2
867.81677,493.8
867.93414,488.4
868.05151,490.2
868.16888,496.0
868.28625,493.4
868.40363,495.0
868.521,494.0
868.63837,489.2
868.75568,496.0
868.87305,497.2
868.99042,495.6
869.10773,493.4
869.2251,493.4
869.34241,500.0
869.45978,494.6
869.57709,495.2
869.69446,491.0
869.81177,498.0
869.92908,495.0
870.04639,498.0
870.1637,493.0
870.28101,495.0
870.39832,491.6
870.51563,499.0
870.63293,493.2
870.75024,495.2
870.86749,498.0
870.9848,495.8
871.10211,496.0
871.21936,497.8
871.33667,494.4
871.45392,494.0
871.57123,492.8
871.68848,491.2
871.80573,496.2
871.92297,493.8
872.04028,492.4
872.15753,495.0
872.27478,496.2
872.39203,490.8
872.50928,492.6
872.62646,492.6
872.74371,492.4
872.86096,494.2
872.97821,491.0
873.0954,493.4
873.21265,487.2
873.32983,491.6
873.44708,495.4
873.56427,498.6
873.68152,495.2
873.79871,494.0
873.91589,491.2
874.03308,491.2
874.15027,492.4
874.26746,493.2
874.38464,491.2
874.50183,497.8
874.61902,495.0
874.73621,496.0
874.85339,496.2
874.97052,498.6
875.08771,494.0
875.2049,494.8
875.32202,493.4
875.43921,495.6
875.55634,491.0
875.67346,498.2
875.79065,493.2
875.90778,501.0
876.0249,493.6
876.14203,494.2
876.25916,494.2
876.37628,496.2
876.49341,498.4
876.61053,504.2
876.72766,494.2
876.84473,498.0
876.96185,496.6
877.07898,497.6
877.19604,496.0
877.31317,495.2
877.43024,494.8
877.54736,496.2
877.66443,497.6
877.78149,489.4
877.89856,492.8
878.01569,489.0
878.13275,494.6
878.24982,494.2
878.36688,493.0
878.48395,496.0
878.60095,492.6
878.71802,487.2
878.83508,492.4
878.95215,491.6
879.06915,488.8
879.18622,492.2
879.30322,488.8
879.42029,490.0
879.53729,493.4
879.6543,490.2
879.77136,488.0
879.88837,490.2
880.00537,490.2
880.12238,487.8
880.23938,491.4
880.35638,493.4
880.47339,487.2
880.59039,491.0
880.70734,492.4
880.82434,490.4
880.94135,488.4
881.05829,491.0
881.17529,485.8
881.29224,495.0
881.40924,488.4
881.52618,491.0
881.64313,491.4
881.76007,491.0
881.87701,493.4
881.99402,489.0
882.11096,491.4
882.22791,488.2
882.34479,485.6
882.46173,490.6
882.57867,489.0
882.69562,491.6
882.8125,490.2
882.92944,495.2
883.04639,491.0
883.16327,495.0
883.28015,490.8
883.39709,492.0
883.51398,488.8
883.63086,490.6
883.74774,490.8
883.86462,491.8
883.98157,492.2
884.09839,495.2
884.21527,494.0
884.33215,493.8
884.44904,489.8
884.56592,489.2
884.68274,488.4
884.79962,493.8
884.9165,500.2
885.03333,495.0
885.15015,500.2
885.26703,499.2
885.38385,499.6
885.50067,498.0
885.61749,497.4
885.73438,498.0
885.8512,503.4
885.96802,502.2
886.08478,495.6
886.2016,500.0
886.31842,497.6
886.43524,495.8
886.55206,497.6
886.66882,502.0
886.78564,491.8
886.9024,503.6
887.01923,497.2
887.13599,495.8
887.25275,496.4
887.36951,489.6
887.48633,492.8
887.60309,501.6
887.71985,489.4
887.83661,487.4
887.95337,493.4
888.07007,488.2
888.18683,486.8
888.30359,492.0
888.42035,491.0
888.53705,489.2
888.65381,488.0
888.77051,493.6
888.88721,487.0
889.00397,489.8
889.12067,482.8
889.23737,492.8
889.35406,486.8
889.47083,484.8
889.58752,484.2
889.70416,491.6
889.82086,485.0
889.93756,493.4
890.05426,489.2
890.17096,493.4
890.2876,487.8
890.4043,485.8
890.52094,486.4
890.63763,485.4
890.75427,489.6
890.87091,492.0
890.98761,488.0
891.10425,489.8
891.22089,492.6
891.33752,492.4
891.45416,489.4
891.5708,490.4
891.68744,491.6
891.80408,490.6
891.92065,491.0
892.03729,491.8
892.15393,492.6
892.27051,494.2
892.38715,488.8
892.50372,490.2
892.6203,494.2
892.73694,495.4
892.85352,489.6
892.97009,489.2
893.08667,488.2
893.20325,491.0
893.31982,492.6
893.4364,493.2
893.55298,489.8
893.66956,494.4
893.78607,494.6
893.90265,493.6
894.01917,494.2
894.13574,491.8
894.25226,494.6
894.36884,492.8
894.48535,494.4
894.60187,490.8
894.71838,488.2
894.8349,488.0
894.95148,494.6
895.06793,494.2
895.18445,496.0
895.30096,490.6
895.41748,493.8
895.534,489.2
895.65045,487.0
895.76697,492.4
895.88342,492.8
895.99994,491.2
896.11639,488.4
896.23291,493.6
896.34937,492.4
896.46582,488.2
896.58228,493.0
896.69873,490.4
896.81519,494.4
896.93164,487.6
897.0481,493.0
897.16455,495.4
897.28094,489.8
897.3974,486.0
897.51385,493.2
897.63025,495.8
897.7467,491.0
897.8631,488.0
897.97949,486.4
898.09595,495.8
898.21234,491.6
898.32874,494.2
898.44513,489.8
898.56152,492.2
898.67792,486.0
898.79431,486.8
898.91064,489.4
899.02704,491.6
899.14343,489.2
899.25977,490.6
899.37616,488.6
899.49249,491.2
899.60889,488.0
899.72522,490.6
899.84155,482.0
899.95789,490.2
900.07428,490.4
900.19061,486.4
900.30695,489.2
900.42322,488.8
900.53955,490.4
900.65588,488.4
900.77222,491.2
900.88849,488.6
901.00482,487.8
901.12109,488.8
901.23743,492.2
901.3537,487.0
901.47003,488.4
901.5863,486.2
901.70258,489.8
901.81885,488.8
901.93512,491.2
902.05139,490.2
902.16766,490.8
902.28394,488.0
902.40021,490.0
902.51642,493.4
902.63269,491.2
902.7489,486.6
902.86517,485.8
902.98138,487.0
903.09766,489.6
903.21387,491.6
903.33008,491.6
903.44629,486.8
903.5625,484.4
903.67871,480.0
903.79492,485.6
903.91113,482.6
904.02734,482.0
904.14355,487.0
904.2597,491.2
904.37592,481.6
904.49207,482.6
904.60828,479.4
904.72443,481.8
904.84064,479.6
904.95679,480.4
905.07294,481.4
905.18909,479.6
905.30524,481.0
905.42139,480.6
905.53754,481.0
905.65369,478.6
905.76984,481.8
905.88593,477.6
906.00208,479.8
906.11816,476.6
906.23431,477.6
906.3504,476.8
906.46655,476.8
906.58264,475.0
906.69873,480.2
906.81482,474.0
906.93091,482.4
907.047,475.6
907.16309,479.0
907.27917,480.4
907.39526,478.8
907.51135,474.2
907.62738,475.4
907.74347,476.6
907.8595,475.0
907.97559,481.4
908.09161,479.2
908.2077,478.4
908.32373,475.6
908.43976,475.8
908.55579,479.2
908.67181,476.4
908.78784,481.2
908.90387,477.8
909.0199,482.0
909.13586,475.4
909.25189,480.4
909.36792,474.0
909.48389,478.6
909.59991,477.8
909.71588,479.4
909.83185,483.4
909.94788,477.8
910.06384,470.0
910.17981,477.6
910.29578,478.2
910.41174,477.4
910.52771,478.4
910.64368,480.0
910.75958,476.8
910.87555,478.6
910.99152,475.4
911.10742,479.4
911.22339,475.2
911.33929,477.4
911.4552,475.8
911.57117,471.6
911.68707,479.4
911.80298,480.4
911.91888,475.8
912.03479,476.6
912.1507,480.4
912.2666,481.4
912.38245,481.4
912.49835,476.4
912.61426,477.8
912.7301,479.6
912.84601,477.6
