792.4458,685.0
792.56488,673.0
792.68396,678.4
792.8031,671.4
792.92218,656.8
793.04126,650.2
793.16034,653.4
793.27942,653.8
793.3985,643.8
793.51758,631.8
793.63672,629.0
793.7558,624.8
793.87488,634.6
793.9939,632.6
794.11298,620.6
794.23206,618.0
794.35114,616.4
794.47021,610.4
794.58929,606.2
794.70831,609.4
794.82739,612.0
794.94647,601.6
795.06549,606.0
795.18457,605.2
795.30365,603.8
795.42267,593.0
795.54175,597.0
795.66077,598.8
795.77985,591.0
795.89886,599.4
796.01794,593.8
796.13696,589.0
796.25598,588.4
796.375,588.2
796.49408,584.0
796.6131,585.6
796.73212,582.6
796.85114,582.8
796.97015,586.8
797.08923,575.4
797.20825,577.2
797.32727,579.4
797.44629,580.4
797.56531,583.0
797.68427,580.6
797.80328,577.0
797.9223,573.8
798.04132,579.6
798.16034,580.4
798.27936,575.8
798.39832,578.0
798.51733,569.2
798.63635,569.8
798.75531,565.2
798.87433,568.0
798.99329,564.4
799.1123,568.4
799.23126,572.2
799.35028,570.4
799.46924,574.4
799.58826,572.8
799.70721,571.0
799.82617,569.6
799.94519,568.2
800.06415,566.8
800.18311,570.4
800.30206,570.4
800.42102,568.4
800.54004,570.2
800.659,573.8
800.77795,572.2
800.89691,566.6
801.01587,566.8
801.13483,569.2
801.25372,569.0
801.37268,569.4
801.49164,565.8
801.6106,569.8
801.72955,571.8
801.84845,570.4
801.96741,574.2
802.08636,564.6
802.20526,572.2
802.32422,573.6
802.44318,576.6
802.56207,571.6
802.68103,571.4
802.79993,568.2
802.91882,568.0
803.03778,569.6
803.15668,567.4
803.27557,571.6
803.39453,572.2
803.51343,574.8
803.63232,572.8
803.75122,567.4
803.87012,575.6
803.98907,570.0
804.10797,571.8
804.22687,568.6
804.34576,576.4
804.46466,573.8
804.58356,567.2
804.70239,567.4
804.82129,573.6
804.94019,575.8
805.05908,574.2
805.17798,580.4
805.29681,577.4
805.41571,579.6
805.53461,573.8
805.65344,570.4
805.77234,585.0
805.89117,574.8
806.01007,581.8
806.12891,584.0
806.2478,572.4
806.36664,574.2
806.48547,580.8
806.60437,573.4
806.72321,576.6
806.84204,581.2
806.96088,571.2
807.07971,575.2
807.19861,580.8
807.31744,583.6
807.43628,587.6
807.55511,577.8
807.67395,578.8
807.79279,582.6
807.91162,580.4
808.0304,587.0
808.14923,585.6
808.26807,584.8
808.3869,586.0
808.50568,581.4
808.62451,582.8
808.74335,585.8
808.86212,589.0
808.98096,585.8
809.09979,582.0
809.21857,585.8
809.33734,581.8
809.45618,582.8
809.57495,593.0
809.69379,584.4
809.81256,585.0
809.93134,582.6
810.05011,582.6
810.16895,585.6
810.28772,585.2
810.40649,583.6
810.52527,584.8
810.64404,584.4
810.76282,588.2
810.88159,588.0
811.00037,582.4
811.11914,583.0
811.23792,584.0
811.35663,588.6
811.4754,592.2
811.59418,582.8
811.71295,592.6
811.83167,588.0
811.95044,585.2
812.06921,586.6
812.18793,587.8
812.3067,584.0
812.42542,587.4
812.54419,584.8
812.6629,586.8
812.78162,585.6
812.90039,581.6
813.0191,581.4
813.13782,583.0
813.25653,578.0
813.37524,583.6
813.49402,582.6
813.61273,585.4
813.73145,581.8
813.85016,583.8
813.96887,583.2
814.08759,580.2
814.2063,581.2
814.32495,579.6
814.44366,583.0
814.56238,582.4
814.68109,571.6
814.79974,580.4
814.91846,575.2
815.03717,577.0
815.15582,580.0
815.27454,580.6
815.39319,573.4
815.5119,572.0
815.63055,573.0
815.74927,574.8
815.86792,569.4
815.98657,575.0
816.10529,573.2
816.22394,577.6
816.34259,574.8
816.46124,579.4
816.5799,579.6
816.69855,578.6
816.8172,578.4
816.93585,575.0
817.0545,572.4
817.17316,567.4
817.29181,564.4
817.41046,565.0
817.52911,566.6
817.64771,563.8
817.76636,551.0
817.88501,557.4
818.0036,554.8
818.12225,559.2
818.24091,555.4
818.3595,549.0
818.47815,549.8
818.59674,546.8
818.71533,544.6
818.83398,545.2
818.95258,543.4
819.07117,544.6
819.18976,541.8
819.30841,539.0
819.427,543.6
819.54559,538.4
819.66418,541.6
819.78278,544.0
819.90137,537.2
820.01996,537.6
820.13855,541.4
820.25714,539.8
820.37573,533.8
820.49426,531.8
820.61285,536.2
820.73145,536.6
820.84998,528.4
820.96857,531.2
821.08716,532.0
821.20569,530.2
821.32428,533.6
821.44281,531.4
821.56134,533.2
821.67993,528.8
821.79846,530.0
821.91699,535.2
822.03558,531.6
822.15411,531.2
822.27264,530.8
822.39117,533.6
822.5097,522.2
822.62823,529.4
822.74677,526.4
822.8653,532.0
822.98383,529.2
823.10236,534.2
823.22089,526.0
823.33942,525.0
823.45789,527.6
823.57642,529.4
823.69495,532.4
823.81342,532.8
823.93195,528.8
824.05042,532.6
824.16895,528.4
824.28741,529.2
824.40594,523.8
824.52441,523.8
824.64288,524.2
824.76141,524.2
824.87988,527.4
824.99835,529.4
825.11682,528.8
825.23529,528.8
825.35376,528.0
825.47223,521.4
825.5907,523.6
825.70917,524.0
825.82764,524.6
825.94611,524.8
826.06458,514.6
826.18304,522.4
826.30145,522.8
826.41992,527.8
826.53839,520.2
826.6568,529.4
826.77527,526.6
826.89368,525.0
827.01215,524.6
827.13055,519.8
827.24902,521.0
827.36743,520.0
827.48584,518.0
827.60431,520.8
827.72272,518.0
827.84113,516.0
827.95953,517.8
828.07794,514.6
828.19635,516.4
828.31476,519.6
828.43317,520.0
828.55157,520.2
828.66998,513.8
828.78839,518.2
828.90674,517.8
829.02515,518.8
829.14355,521.6
829.2619,519.2
829.38031,518.0
829.49872,517.4
829.61707,516.2
829.73547,515.6
829.85382,517.0
829.97217,512.2
830.09058,514.0
830.20892,512.8
830.32727,515.6
830.44562,513.4
830.56403,518.4
830.68237,517.8
830.80072,514.2
830.91907,515.0
831.03741,512.8
831.15576,514.8
831.27411,513.4
831.3924,517.4
831.51074,512.2
831.62909,514.8
831.74744,513.2
831.86572,515.0
831.98407,516.0
832.10242,516.6
832.2207,512.8
832.33905,515.8
832.45734,515.2
832.57562,518.4
832.69397,513.2
832.81226,522.0
832.93054,516.8
833.04889,509.8
833.16718,513.4
833.28546,519.2
833.40375,521.4
833.52203,516.8
833.64032,511.2
833.75861,512.8
833.87689,513.0
833.99518,517.6
834.1134,514.4
834.23169,515.0
834.34998,516.0
834.46826,516.4
834.58649,512.6
834.70477,518.0
834.823,514.4
834.94128,520.0
835.05951,512.8
835.1778,522.4
835.29602,512.8
835.41425,515.2
835.53253,516.4
835.65076,517.4
835.76898,521.0
835.88721,517.4
836.00543,527.0
836.12366,520.0
836.24188,516.8
836.36011,519.2
836.47833,524.0
836.59656,519.6
836.71478,519.0
836.83295,518.6
836.95117,517.8
837.0694,524.4
837.18756,519.8
837.30579,521.4
837.42401,524.4
837.54218,519.8
837.66034,520.0
837.77856,521.0
837.89673,526.8
838.01489,523.0
838.13312,521.0
838.25128,516.0
838.36945,522.0
838.48761,520.8
838.60577,522.4
838.72394,520.4
838.8421,517.2
838.96027,525.8
839.07843,519.0
839.19659,516.4
839.31476,521.8
839.43286,522.0
839.55103,523.6
839.66919,523.4
839.78729,519.6
839.90546,518.0
840.02356,521.8
840.14172,521.0
840.25983,513.0
840.37793,519.2
840.49609,519.2
840.6142,520.8
840.7323,518.4
840.8504,515.6
840.96851,518.8
841.08661,515.4
841.20471,514.4
841.32281,517.8
841.44092,514.8
841.55902,517.2
841.67712,512.2
841.79523,512.4
841.91327,508.4
842.03137,521.4
842.14948,517.6
842.26752,515.6
842.38562,520.0
842.50366,517.6
842.62177,513.8
842.73981,513.8
842.85791,518.0
842.97595,520.6
843.09399,519.2
843.21204,520.6
843.33008,521.8
843.44818,519.0
843.56622,520.2
843.68427,515.4
843.80231,517.4
843.92029,519.4
844.03833,526.4
844.15637,517.2
844.27441,524.0
844.39246,524.0
844.51044,515.8
844.62848,517.6
844.74646,513.6
844.8645,516.0
844.98248,520.2
845.10052,512.6
845.21851,517.0
845.33649,519.0
845.45453,515.8
845.57251,516.6
845.69049,513.8
845.80847,516.4
845.92645,517.4
846.04443,509.8
846.16241,520.6
846.2804,518.2
846.39838,511.6
846.51636,515.8
846.63434,514.8
846.75226,516.6
846.87024,519.0
846.98822,515.2
847.10614,512.2
847.22412,517.0
847.34204,514.0
847.46002,514.8
847.57794,513.6
847.69586,518.4
847.81384,513.8
847.93176,517.8
848.04968,518.8
848.1676,517.6
848.28552,516.6
848.40344,516.8
848.52136,513.6
848.63928,518.2
848.7572,514.6
848.87512,517.6
848.99304,513.4
849.1109,516.0
849.22882,512.6
849.34674,511.8
849.4646,512.2
849.58252,513.2
849.70038,509.4
849.8183,517.6
849.93616,517.4
850.05402,517.2
850.17194,514.0
850.28979,515.8
850.40765,518.4
850.52551,522.0
850.64337,517.4
850.76123,520.0
850.87909,512.4
850.99695,513.6
851.11481,517.2
851.23267,518.4
851.35046,519.2
851.46832,515.8
851.58618,516.8
851.70398,521.2
851.82184,516.6
851.93964,523.4
852.0575,527.2
852.17529,523.8
852.29315,519.6
852.41095,519.6
852.52875,516.4
852.64655,520.2
852.7644,518.4
852.8822,514.4
853.0,512.6
853.1178,518.2
853.2356,518.2
853.35333,512.0
853.47113,514.6
853.58893,511.8
853.70673,516.4
853.82446,515.4
853.94226,512.8
854.06006,517.6
854.1778,517.6
854.29559,514.6
854.41333,515.2
854.53107,515.6
854.64886,515.2
854.7666,517.2
854.88434,514.8
855.00208,518.2
855.11981,518.0
855.23761,519.0
855.35535,517.8
855.47302,521.0
855.59076,513.8
855.7085,514.6
855.82623,518.0
855.94397,519.6
856.06165,522.0
856.17938,516.8
856.29712,515.4
856.41479,518.4
856.53253,515.6
856.65021,518.6
856.76788,520.0
856.88562,513.2
857.0033,517.2
857.12097,522.4
857.23865,516.4
857.35632,517.4
857.474,511.6
857.59167,514.6
857.70935,517.2
857.82703,514.4
857.9447,515.8
858.06238,514.8
858.18005,515.6
858.29767,517.0
858.41534,515.6
858.53296,512.8
858.65063,522.2
858.76825,519.8
858.88593,520.4
859.00354,516.2
859.12115,518.0
859.23883,513.0
859.35645,511.2
859.47406,516.4
859.59167,511.6
859.70929,516.0
859.8269,513.4
859.94452,513.8
860.06213,512.4
860.17975,517.4
860.29736,510.6
860.41492,508.2
860.53253,509.6
860.65009,508.6
860.7677,507.4
860.88525,513.4
861.00287,509.0
861.12042,513.4
861.23804,510.6
861.35559,513.4
861.47314,510.6
861.5907,514.2
861.70825,509.6
861.82581,512.8
861.94336,505.8
862.06091,507.8
862.17847,516.0
862.29602,509.0
862.41357,510.8
862.53113,505.6
862.64862,505.6
862.76617,506.8
862.88367,504.6
863.00122,505.2
863.11871,510.6
863.23627,507.2
863.35376,506.6
863.47125,512.4
863.58881,505.0
863.7063,510.8
863.82379,503.0
863.94128,506.4
864.05878,512.2
864.17627,507.2
864.29376,509.2
864.41125,515.8
864.52869,506.2
864.64618,508.8
864.76367,509.8
864.8811,503.6
864.9986,501.0
865.11609,510.6
865.23352,504.6
865.35095,503.4
865.46844,503.8
865.58588,502.8
865.70331,504.0
865.82074,507.2
865.93823,500.8
866.05566,507.6
866.1731,504.0
866.29053,511.0
866.4079,506.6
866.52533,508.2
866.64276,506.2
866.76019,502.0
866.87756,509.0
866.995,508.0
867.11243,503.4
867.2298,505.8
867.34723,504.6
867.4646,506.4
867.58197,507.2
867.6994,511.6
867.81677,507.4
867.93414,505.2
868.05151,506.2
868.16888,509.2
868.28625,505.0
868.40363,511.0
868.521,503.2
868.63837,507.6
868.75568,503.6
868.87305,509.0
868.99042,511.4
869.10773,504.8
869.2251,510.4
869.34241,513.0
869.45978,507.4
869.57709,511.8
869.69446,508.8
869.81177,510.4
869.92908,512.6
870.04639,508.2
870.1637,507.0
870.28101,509.2
870.39832,511.2
870.51563,511.6
870.63293,508.8
870.75024,508.4
870.86749,513.0
870.9848,507.8
871.10211,509.6
871.21936,509.4
871.33667,511.8
871.45392,510.0
871.57123,510.4
871.68848,508.4
871.80573,510.4
871.92297,509.8
872.04028,506.2
872.15753,508.6
872.27478,511.2
872.39203,505.2
872.50928,504.6
872.62646,507.8
872.74371,504.8
872.86096,509.4
872.97821,504.6
873.0954,504.6
873.21265,507.0
873.32983,504.2
873.44708,507.6
873.56427,507.8
873.68152,502.0
873.79871,503.8
873.91589,502.4
874.03308,506.8
874.15027,509.6
874.26746,503.8
874.38464,508.0
874.50183,508.8
874.61902,507.4
874.73621,504.0
874.85339,505.6
874.97052,507.2
875.08771,506.2
875.2049,510.0
875.32202,507.6
875.43921,514.0
875.55634,510.6
875.67346,510.2
875.79065,507.2
875.90778,510.0
876.0249,508.0
876.14203,510.4
876.25916,509.2
876.37628,511.8
876.49341,506.2
876.61053,505.2
876.72766,505.8
876.84473,509.2
876.96185,506.4
877.07898,507.6
877.19604,505.8
877.31317,509.8
877.43024,505.8
877.54736,504.6
877.66443,506.8
877.78149,506.8
877.89856,505.2
878.01569,507.0
878.13275,503.4
878.24982,501.4
878.36688,507.2
878.48395,507.6
878.60095,505.6
878.71802,500.8
878.83508,506.2
878.95215,502.8
879.06915,499.0
879.18622,506.6
879.30322,500.2
879.42029,509.0
879.53729,510.6
879.6543,509.6
879.77136,500.6
879.88837,501.6
880.00537,502.4
880.12238,501.6
880.23938,499.2
880.35638,504.4
880.47339,502.6
880.59039,498.4
880.70734,501.0
880.82434,498.8
880.94135,502.8
881.05829,506.2
881.17529,497.6
881.29224,501.4
881.40924,500.0
881.52618,503.0
881.64313,502.6
881.76007,504.2
881.87701,501.6
881.99402,506.4
882.11096,503.6
882.22791,497.2
882.34479,499.2
882.46173,500.6
882.57867,504.6
882.69562,500.0
882.8125,504.0
882.92944,504.6
883.04639,500.4
883.16327,508.6
883.28015,501.4
883.39709,500.8
883.51398,500.0
883.63086,503.8
883.74774,503.4
883.86462,505.0
883.98157,501.6
884.09839,500.6
884.21527,504.6
884.33215,505.2
884.44904,504.8
884.56592,504.2
884.68274,504.0
884.79962,509.2
884.9165,508.6
885.03333,506.8
885.15015,507.2
885.26703,511.2
885.38385,502.2
885.50067,509.2
885.61749,509.6
885.73438,511.6
885.8512,510.0
885.96802,509.0
886.08478,508.6
886.2016,509.8
886.31842,508.4
886.43524,505.0
886.55206,507.2
886.66882,507.8
886.78564,507.2
886.9024,510.4
887.01923,503.8
887.13599,506.0
887.25275,505.6
887.36951,504.8
887.48633,504.4
887.60309,501.0
887.71985,505.0
887.83661,501.4
887.95337,501.4
888.07007,499.2
888.18683,502.0
888.30359,501.8
888.42035,502.0
888.53705,499.4
888.65381,502.6
888.77051,500.0
888.88721,501.8
889.00397,500.6
889.12067,497.0
889.23737,499.2
889.35406,497.0
889.47083,494.4
889.58752,496.0
889.70416,499.6
889.82086,494.6
889.93756,499.6
890.05426,500.0
890.17096,504.4
890.2876,500.6
890.4043,498.6
890.52094,498.4
890.63763,502.0
890.75427,502.2
890.87091,504.0
890.98761,503.6
891.10425,500.6
891.22089,506.0
891.33752,502.4
891.45416,497.6
891.5708,494.4
891.68744,498.4
891.80408,499.2
891.92065,499.2
892.03729,497.6
892.15393,499.0
892.27051,502.8
892.38715,502.2
892.50372,499.6
892.6203,502.6
892.73694,504.4
892.85352,499.0
892.97009,499.8
893.08667,504.4
893.20325,500.0
893.31982,504.4
893.4364,503.6
893.55298,498.4
893.66956,502.8
893.78607,504.6
893.90265,502.4
894.01917,501.6
894.13574,501.6
894.25226,502.8
894.36884,505.0
894.48535,502.4
894.60187,505.0
894.71838,503.2
894.8349,505.4
894.95148,501.0
895.06793,503.0
895.18445,500.6
895.30096,503.4
895.41748,499.2
895.534,498.8
895.65045,496.0
895.76697,501.2
895.88342,500.8
895.99994,496.2
896.11639,505.2
896.23291,498.0
896.34937,500.2
896.46582,503.4
896.58228,501.4
896.69873,501.6
896.81519,499.8
896.93164,497.2
897.0481,503.2
897.16455,499.4
897.28094,500.8
897.3974,497.6
897.51385,508.0
897.63025,502.0
897.7467,496.6
897.8631,499.2
897.97949,501.0
898.09595,500.8
898.21234,501.0
898.32874,502.4
898.44513,497.8
898.56152,498.2
898.67792,499.0
898.79431,501.2
898.91064,496.2
899.02704,495.4
899.14343,496.8
899.25977,500.6
899.37616,494.2
899.49249,498.6
899.60889,497.2
899.72522,500.4
899.84155,498.2
899.95789,501.8
900.07428,491.8
900.19061,500.4
900.30695,500.2
900.42322,495.8
900.53955,494.4
900.65588,496.6
900.77222,496.4
900.88849,497.0
901.00482,494.6
901.12109,495.6
901.23743,496.4
901.3537,493.4
901.47003,494.6
901.5863,500.8
901.70258,493.6
901.81885,494.4
901.93512,494.0
902.05139,501.0
902.16766,494.2
902.28394,502.0
902.40021,497.0
902.51642,500.2
902.63269,493.4
902.7489,495.4
902.86517,498.4
902.98138,496.4
903.09766,499.6
903.21387,494.6
903.33008,499.4
903.44629,498.6
903.5625,496.4
903.67871,495.6
903.79492,496.8
903.91113,497.8
904.02734,491.8
904.14355,497.2
904.2597,498.0
904.37592,494.0
904.49207,492.0
904.60828,488.2
904.72443,485.6
904.84064,490.2
904.95679,491.6
905.07294,489.4
905.18909,486.6
905.30524,492.6
905.42139,496.6
905.53754,490.8
905.65369,486.2
905.76984,486.4
905.88593,493.0
906.00208,493.2
906.11816,481.2
906.23431,483.6
906.3504,484.6
906.46655,483.0
906.58264,483.8
906.69873,485.8
906.81482,484.2
906.93091,486.0
907.047,484.6
907.16309,484.4
907.27917,482.4
907.39526,487.4
907.51135,488.2
907.62738,478.4
907.74347,486.8
907.8595,485.2
907.97559,492.0
908.09161,489.0
908.2077,484.6
908.32373,485.4
908.43976,488.2
908.55579,481.2
908.67181,482.2
908.78784,484.8
908.90387,484.4
909.0199,487.2
909.13586,484.6
909.25189,488.0
909.36792,485.4
909.48389,482.8
909.59991,485.2
909.71588,483.4
909.83185,488.6
909.94788,482.8
910.06384,484.0
910.17981,483.2
910.29578,484.4
910.41174,488.8
910.52771,485.2
910.64368,488.4
910.75958,483.4
910.87555,487.6
910.99152,484.4
911.10742,489.8
911.22339,483.8
911.33929,483.2
911.4552,479.4
911.57117,486.8
911.68707,492.8
911.80298,487.8
911.91888,487.4
912.03479,487.2
912.1507,492.0
912.2666,485.2
912.38245,485.2
912.49835,482.0
912.61426,486.8
912.7301,483.4
912.84601,483.8
792.4458,849.6
792.56488,829.6
792.68396,839.2
792.8031,834.0
792.92218,811.8
793.04126,798.6
793.16034,809.2
793.27942,795.2
793.3985,789.6
793.51758,771.0
793.63672,760.8
793.7558,767.0
793.87488,769.8
793.9939,760.8
794.11298,754.0
794.23206,749.0
794.35114,744.6
794.47021,741.6
794.58929,729.8
794.70831,725.2
794.82739,725.2
794.94647,724.6
795.06549,723.2
795.18457,718.8
795.30365,710.2
795.42267,699.8
795.54175,699.4
795.66077,704.6
795.77985,705.0
795.89886,704.4
796.01794,706.4
796.13696,697.6
796.25598,698.6
796.375,687.8
796.49408,686.2
796.6131,688.4
796.73212,688.2
796.85114,683.6
796.97015,690.0
797.08923,676.6
797.20825,679.4
797.32727,677.2
797.44629,672.8
797.56531,670.6
797.68427,670.6
797.80328,674.0
797.9223,669.0
798.04132,671.0
798.16034,667.2
798.27936,661.2
798.39832,670.4
798.51733,661.8
798.63635,664.8
798.75531,657.4
798.87433,657.6
798.99329,657.4
799.1123,648.4
799.23126,657.0
799.35028,656.8
799.46924,661.2
799.58826,661.4
799.70721,658.0
799.82617,657.6
799.94519,650.2
800.06415,657.0
800.18311,650.8
800.30206,659.2
800.42102,656.2
800.54004,657.6
800.659,655.8
800.77795,652.4
800.89691,645.8
801.01587,655.6
801.13483,652.4
801.25372,660.0
801.37268,657.8
801.49164,654.8
801.6106,652.8
801.72955,652.2
801.84845,654.6
801.96741,651.2
802.08636,650.8
802.20526,652.2
802.32422,653.6
802.44318,657.6
802.56207,655.8
802.68103,654.6
802.79993,647.0
802.91882,651.2
803.03778,647.6
803.15668,652.6
803.27557,652.0
803.39453,648.0
803.51343,651.6
803.63232,653.4
803.75122,644.6
803.87012,645.4
803.98907,649.8
804.10797,650.4
804.22687,646.0
804.34576,648.2
804.46466,649.6
804.58356,654.4
804.70239,648.4
804.82129,656.0
804.94019,654.4
805.05908,645.8
805.17798,654.2
805.29681,650.8
805.41571,656.6
805.53461,661.8
805.65344,654.4
805.77234,660.6
805.89117,654.2
806.01007,650.0
806.12891,653.8
806.2478,652.0
806.36664,652.0
806.48547,646.2
806.60437,652.4
806.72321,653.0
806.84204,651.6
806.96088,654.4
807.07971,650.0
807.19861,657.6
807.31744,653.8
807.43628,654.8
807.55511,650.0
807.67395,652.4
807.79279,645.8
807.91162,654.4
808.0304,656.4
808.14923,660.6
808.26807,654.6
808.3869,663.2
808.50568,656.0
808.62451,661.2
808.74335,659.4
808.86212,654.6
808.98096,660.8
809.09979,659.0
809.21857,650.0
809.33734,660.4
809.45618,655.0
809.57495,660.4
809.69379,658.8
809.81256,662.0
809.93134,651.4
810.05011,651.0
810.16895,648.6
810.28772,651.0
810.40649,650.6
810.52527,659.8
810.64404,659.6
810.76282,656.8
810.88159,655.8
811.00037,657.0
811.11914,647.8
811.23792,655.4
811.35663,651.6
811.4754,658.0
811.59418,651.0
811.71295,662.0
811.83167,652.0
811.95044,653.0
812.06921,651.6
812.18793,648.4
812.3067,647.6
812.42542,648.6
812.54419,657.2
812.6629,660.6
812.78162,651.6
812.90039,649.4
813.0191,643.8
813.13782,642.6
813.25653,651.0
813.37524,654.8
813.49402,652.4
813.61273,651.4
813.73145,645.6
813.85016,648.0
813.96887,649.2
814.08759,646.8
814.2063,643.8
814.32495,650.6
814.44366,648.6
814.56238,643.4
814.68109,638.8
814.79974,643.8
814.91846,637.4
815.03717,637.0
815.15582,640.2
815.27454,637.4
815.39319,637.0
815.5119,640.0
815.63055,638.4
815.74927,632.6
815.86792,638.0
815.98657,634.8
816.10529,637.6
816.22394,645.0
816.34259,641.0
816.46124,644.4
816.5799,646.0
816.69855,646.8
816.8172,644.8
816.93585,637.2
817.0545,635.8
817.17316,636.2
817.29181,628.0
817.41046,636.4
817.52911,623.6
817.64771,625.4
817.76636,621.6
817.88501,625.0
818.0036,616.2
818.12225,630.0
818.24091,616.2
818.3595,616.4
818.47815,621.2
818.59674,621.0
818.71533,613.4
818.83398,614.6
818.95258,614.2
819.07117,615.2
819.18976,616.2
819.30841,617.6
819.427,624.4
819.54559,620.0
819.66418,617.8
819.78278,621.0
819.90137,613.2
820.01996,612.8
820.13855,610.6
820.25714,611.4
820.37573,606.8
820.49426,611.0
820.61285,609.0
820.73145,602.0
820.84998,606.8
820.96857,609.0
821.08716,603.2
821.20569,609.2
821.32428,599.2
821.44281,601.8
821.56134,602.0
821.67993,604.0
821.79846,604.2
821.91699,600.4
822.03558,601.2
822.15411,603.0
822.27264,600.6
822.39117,598.2
822.5097,600.0
822.62823,599.4
822.74677,591.2
822.8653,601.0
822.98383,596.0
823.10236,595.4
823.22089,597.0
823.33942,600.0
823.45789,599.2
823.57642,604.8
823.69495,601.6
823.81342,596.8
823.93195,595.8
824.05042,601.2
824.16895,603.4
824.28741,601.0
824.40594,592.8
824.52441,601.0
824.64288,596.4
824.76141,596.2
824.87988,596.0
824.99835,599.2
825.11682,601.4
825.23529,596.0
825.35376,594.8
825.47223,597.0
825.5907,593.8
825.70917,597.4
825.82764,598.0
825.94611,592.8
826.06458,590.0
826.18304,594.8
826.30145,595.6
826.41992,603.2
826.53839,593.6
826.6568,600.6
826.77527,594.8
826.89368,595.8
827.01215,598.0
827.13055,595.6
827.24902,588.8
827.36743,589.6
827.48584,592.6
827.60431,588.0
827.72272,586.4
827.84113,587.6
827.95953,590.2
828.07794,593.4
828.19635,585.8
828.31476,585.4
828.43317,582.0
828.55157,592.2
828.66998,587.0
828.78839,586.0
828.90674,590.6
829.02515,592.8
829.14355,594.0
829.2619,589.2
829.38031,583.4
829.49872,586.4
829.61707,576.6
829.73547,591.8
829.85382,585.6
829.97217,584.0
830.09058,583.8
830.20892,587.4
830.32727,580.2
830.44562,583.2
830.56403,583.2
830.68237,589.0
830.80072,580.2
830.91907,586.2
831.03741,583.4
831.15576,583.2
831.27411,580.8
831.3924,579.2
831.51074,581.6
831.62909,581.0
831.74744,575.0
831.86572,588.6
831.98407,586.2
832.10242,586.4
832.2207,588.2
832.33905,583.0
832.45734,585.6
832.57562,585.0
832.69397,576.2
832.81226,583.2
832.93054,580.8
833.04889,582.2
833.16718,581.8
833.28546,581.4
833.40375,586.4
833.52203,578.8
833.64032,578.2
833.75861,583.4
833.87689,583.0
833.99518,587.8
834.1134,586.8
834.23169,587.8
834.34998,583.4
834.46826,586.8
834.58649,583.0
834.70477,590.6
834.823,584.4
834.94128,592.2
835.05951,580.6
835.1778,584.6
835.29602,583.6
835.41425,586.2
835.53253,586.0
835.65076,584.0
835.76898,586.6
835.88721,588.6
836.00543,582.4
836.12366,591.2
836.24188,582.2
836.36011,581.8
836.47833,586.2
836.59656,584.8
836.71478,584.6
836.83295,584.4
836.95117,585.2
837.0694,589.0
837.18756,589.2
837.30579,588.8
837.42401,586.4
837.54218,587.4
837.66034,579.4
837.77856,586.4
837.89673,585.0
838.01489,587.4
838.13312,587.4
838.25128,586.8
838.36945,583.8
838.48761,582.0
838.60577,583.4
838.72394,585.6
838.8421,584.6
838.96027,584.8
839.07843,583.0
839.19659,589.4
839.31476,584.4
839.43286,588.4
839.55103,587.2
839.66919,588.4
839.78729,587.8
839.90546,582.8
840.02356,588.2
840.14172,585.6
840.25983,581.6
840.37793,583.2
840.49609,580.4
840.6142,584.2
840.7323,588.8
840.8504,580.8
840.96851,576.6
841.08661,589.2
841.20471,580.4
841.32281,584.6
841.44092,582.2
841.55902,584.2
841.67712,574.8
841.79523,583.2
841.91327,577.8
842.03137,585.8
842.14948,586.2
842.26752,581.8
842.38562,582.6
842.50366,580.0
842.62177,578.6
842.73981,580.6
842.85791,583.0
842.97595,581.6
843.09399,590.2
843.21204,583.2
843.33008,585.0
843.44818,591.6
843.56622,582.0
843.68427,586.8
843.80231,589.4
843.92029,586.6
844.03833,595.8
844.15637,587.4
844.27441,593.8
844.39246,588.0
844.51044,587.8
844.62848,584.6
844.74646,587.4
844.8645,584.0
844.98248,584.4
845.10052,582.8
845.21851,586.6
845.33649,583.0
845.45453,583.2
845.57251,589.0
845.69049,578.8
845.80847,587.6
845.92645,581.4
846.04443,577.2
846.16241,586.8
846.2804,583.2
846.39838,586.8
846.51636,586.8
846.63434,584.4
846.75226,581.8
846.87024,585.8
846.98822,578.4
847.10614,577.6
847.22412,584.8
847.34204,581.2
847.46002,581.4
847.57794,586.0
847.69586,580.8
847.81384,585.2
847.93176,583.2
848.04968,592.8
848.1676,588.6
848.28552,583.0
848.40344,582.6
848.52136,581.0
848.63928,583.0
848.7572,582.8
848.87512,584.6
848.99304,582.4
849.1109,584.8
849.22882,582.4
849.34674,583.0
849.4646,575.0
849.58252,579.6
849.70038,578.4
849.8183,585.6
849.93616,579.8
850.05402,585.2
850.17194,579.4
850.28979,579.2
850.40765,580.2
850.52551,582.8
850.64337,580.6
850.76123,582.0
850.87909,576.0
850.99695,587.6
851.11481,577.8
851.23267,582.8
851.35046,583.6
851.46832,581.0
851.58618,578.6
851.70398,582.6
851.82184,577.4
851.93964,588.4
852.0575,593.0
852.17529,597.4
852.29315,590.6
852.41095,591.8
852.52875,582.6
852.64655,584.0
852.7644,577.8
852.8822,580.2
853.0,577.2
853.1178,583.0
853.2356,569.4
853.35333,576.4
853.47113,579.4
853.58893,578.8
853.70673,573.6
853.82446,581.0
853.94226,573.6
854.06006,578.6
854.1778,583.6
854.29559,580.4
854.41333,580.6
854.53107,584.6
854.64886,588.6
854.7666,582.0
854.88434,579.8
855.00208,583.6
855.11981,579.0
855.23761,576.4
855.35535,584.6
855.47302,583.0
855.59076,572.8
855.7085,579.4
855.82623,577.0
855.94397,577.4
856.06165,578.8
856.17938,580.8
856.29712,577.6
856.41479,581.4
856.53253,579.2
856.65021,577.6
856.76788,577.8
856.88562,584.2
857.0033,578.0
857.12097,580.0
857.23865,575.8
857.35632,572.4
857.474,568.6
857.59167,575.0
857.70935,573.8
857.82703,574.6
857.9447,573.6
858.06238,577.4
858.18005,573.4
858.29767,576.6
858.41534,567.8
858.53296,574.0
858.65063,576.4
858.76825,577.0
858.88593,578.4
859.00354,572.0
859.12115,575.8
859.23883,572.8
859.35645,573.0
859.47406,572.4
859.59167,571.8
859.70929,572.6
859.8269,567.8
859.94452,569.6
860.06213,572.2
860.17975,569.0
860.29736,569.4
860.41492,563.4
860.53253,562.8
860.65009,565.2
860.7677,564.6
860.88525,571.2
861.00287,570.0
861.12042,573.6
861.23804,567.2
861.35559,571.0
861.47314,571.8
861.5907,566.0
861.70825,567.0
861.82581,571.6
861.94336,565.0
862.06091,557.2
862.17847,556.4
862.29602,566.0
862.41357,553.8
862.53113,562.2
862.64862,561.4
862.76617,566.4
862.88367,560.6
863.00122,564.0
863.11871,565.2
863.23627,564.6
863.35376,561.2
863.47125,561.6
863.58881,561.8
863.7063,568.2
863.82379,560.6
863.94128,559.6
864.05878,558.8
864.17627,560.2
864.29376,560.2
864.41125,559.6
864.52869,560.0
864.64618,562.2
864.76367,557.2
864.8811,560.8
864.9986,556.2
865.11609,563.0
865.23352,556.2
865.35095,562.4
865.46844,562.6
865.58588,561.0
865.70331,559.0
865.82074,558.2
865.93823,555.6
866.05566,559.8
866.1731,555.2
866.29053,560.4
866.4079,558.2
866.52533,560.0
866.64276,560.8
866.76019,555.6
866.87756,558.2
866.995,564.6
867.11243,558.6
867.2298,558.8
867.34723,556.0
867.4646,553.0
867.58197,557.8
867.6994,561.0
867.81677,562.0
867.93414,558.2
868.05151,558.6
868.16888,561.8
868.28625,556.4
868.40363,560.0
868.521,564.0
868.63837,566.0
868.75568,563.4
868.87305,566.6
868.99042,562.2
869.10773,561.2
869.2251,562.0
869.34241,565.8
869.45978,562.6
869.57709,565.4
869.69446,561.4
869.81177,560.8
869.92908,563.6
870.04639,568.4
870.1637,563.0
870.28101,567.8
870.39832,565.2
870.51563,564.8
870.63293,560.8
870.75024,568.2
870.86749,568.6
870.9848,562.2
871.10211,565.6
871.21936,565.4
871.33667,564.4
871.45392,565.2
871.57123,559.6
871.68848,560.4
871.80573,567.4
871.92297,563.0
872.04028,559.6
872.15753,559.4
872.27478,560.8
872.39203,562.4
872.50928,562.6
872.62646,562.6
872.74371,563.6
872.86096,563.6
872.97821,562.2
873.0954,558.4
873.21265,557.8
873.32983,552.4
873.44708,560.8
873.56427,562.6
873.68152,554.8
873.79871,561.0
873.91589,555.8
874.03308,557.6
874.15027,563.0
874.26746,552.6
874.38464,558.2
874.50183,561.8
874.61902,557.8
874.73621,555.0
874.85339,561.0
874.97052,556.8
875.08771,557.0
875.2049,560.0
875.32202,558.8
875.43921,567.0
875.55634,561.6
875.67346,562.4
875.79065,566.2
875.90778,564.4
876.0249,563.4
876.14203,559.6
876.25916,555.4
876.37628,562.6
876.49341,555.2
876.61053,559.6
876.72766,559.4
876.84473,562.2
876.96185,559.2
877.07898,561.2
877.19604,560.6
877.31317,563.8
877.43024,558.6
877.54736,559.8
877.66443,562.8
877.78149,558.6
877.89856,558.2
878.01569,557.6
878.13275,556.4
878.24982,555.8
878.36688,556.6
878.48395,552.4
878.60095,551.8
878.71802,554.0
878.83508,550.2
878.95215,554.0
879.06915,551.6
879.18622,555.4
879.30322,554.2
879.42029,549.0
879.53729,555.8
879.6543,550.0
879.77136,550.6
879.88837,562.8
880.00537,550.2
880.12238,549.4
880.23938,550.0
880.35638,556.8
880.47339,546.4
880.59039,548.2
880.70734,555.0
880.82434,550.0
880.94135,550.4
881.05829,554.8
881.17529,551.0
881.29224,550.6
881.40924,543.2
881.52618,548.4
881.64313,544.8
881.76007,541.6
881.87701,549.6
881.99402,551.6
882.11096,546.6
882.22791,548.0
882.34479,546.6
882.46173,550.2
882.57867,547.2
882.69562,547.8
882.8125,548.8
882.92944,547.0
883.04639,547.0
883.16327,553.4
883.28015,545.2
883.39709,547.2
883.51398,553.8
883.63086,543.8
883.74774,550.2
883.86462,551.4
883.98157,551.8
884.09839,551.0
884.21527,546.2
884.33215,554.4
884.44904,548.8
884.56592,557.4
884.68274,553.8
884.79962,557.8
884.9165,559.0
885.03333,564.6
885.15015,558.8
885.26703,556.4
885.38385,559.2
885.50067,558.8
885.61749,562.6
885.73438,570.4
885.8512,559.6
885.96802,566.4
886.08478,559.2
886.2016,555.6
886.31842,560.2
886.43524,559.4
886.55206,553.6
886.66882,556.2
886.78564,554.8
886.9024,557.2
887.01923,552.0
887.13599,550.8
887.25275,547.0
887.36951,550.4
887.48633,549.6
887.60309,547.2
887.71985,541.0
887.83661,550.0
887.95337,542.8
888.07007,541.4
888.18683,538.2
888.30359,546.6
888.42035,543.2
888.53705,544.4
888.65381,541.8
888.77051,537.4
888.88721,537.4
889.00397,537.0
889.12067,534.2
889.23737,536.4
889.35406,536.4
889.47083,537.8
889.58752,536.0
889.70416,540.0
889.82086,538.0
889.93756,536.0
890.05426,536.6
890.17096,537.0
890.2876,536.2
890.4043,538.4
890.52094,540.4
890.63763,538.2
890.75427,540.8
890.87091,534.6
890.98761,534.0
891.10425,541.0
891.22089,540.0
891.33752,540.2
891.45416,536.8
891.5708,540.8
891.68744,538.4
891.80408,536.2
891.92065,534.6
892.03729,534.6
892.15393,536.0
892.27051,534.4
892.38715,534.2
892.50372,538.4
892.6203,537.0
892.73694,540.6
892.85352,538.8
892.97009,539.4
893.08667,536.8
893.20325,540.2
893.31982,539.8
893.4364,541.0
893.55298,540.6
893.66956,546.0
893.78607,536.8
893.90265,546.6
894.01917,543.6
894.13574,542.6
894.25226,543.6
894.36884,542.6
894.48535,545.4
894.60187,542.6
894.71838,541.6
894.8349,540.8
894.95148,537.4
895.06793,544.2
895.18445,538.4
895.30096,538.4
895.41748,533.4
895.534,536.6
895.65045,536.0
895.76697,534.6
895.88342,540.8
895.99994,535.2
896.11639,536.8
896.23291,537.8
896.34937,528.6
896.46582,540.0
896.58228,541.0
896.69873,537.2
896.81519,534.0
896.93164,533.6
897.0481,533.2
897.16455,538.2
897.28094,535.4
897.3974,534.2
897.51385,539.6
897.63025,541.6
897.7467,534.0
897.8631,530.6
897.97949,536.6
898.09595,536.8
898.21234,530.6
898.32874,538.0
898.44513,536.2
898.56152,533.6
898.67792,528.8
898.79431,534.0
898.91064,533.8
899.02704,532.6
899.14343,532.8
899.25977,533.2
899.37616,527.0
899.49249,533.8
899.60889,531.4
899.72522,537.4
899.84155,530.6
899.95789,534.4
900.07428,532.6
900.19061,536.4
900.30695,531.6
900.42322,530.4
900.53955,530.8
900.65588,533.6
900.77222,535.8
900.88849,536.8
901.00482,530.8
901.12109,535.4
901.23743,528.4
901.3537,528.8
901.47003,528.4
901.5863,530.4
901.70258,525.6
901.81885,530.8
901.93512,533.4
902.05139,536.2
902.16766,531.6
902.28394,536.6
902.40021,535.4
902.51642,539.6
902.63269,537.4
902.7489,538.6
902.86517,537.6
902.98138,533.0
903.09766,535.2
903.21387,540.6
903.33008,534.8
903.44629,534.8
903.5625,529.8
903.67871,528.8
903.79492,532.2
903.91113,527.4
904.02734,526.0
904.14355,532.6
904.2597,527.8
904.37592,526.6
904.49207,525.0
904.60828,526.8
904.72443,521.2
904.84064,529.0
904.95679,524.6
905.07294,528.8
905.18909,522.6
905.30524,527.6
905.42139,519.0
905.53754,523.6
905.65369,519.0
905.76984,520.4
905.88593,522.6
906.00208,521.4
906.11816,515.2
906.23431,513.6
906.3504,517.4
906.46655,516.4
906.58264,515.0
906.69873,513.0
906.81482,511.8
906.93091,506.6
907.047,512.4
907.16309,516.2
907.27917,515.4
907.39526,516.2
907.51135,514.6
907.62738,517.6
907.74347,515.2
907.8595,510.4
907.97559,512.2
908.09161,518.2
908.2077,513.0
908.32373,517.4
908.43976,504.2
908.55579,509.6
908.67181,510.4
908.78784,512.0
908.90387,511.6
909.0199,513.8
909.13586,507.4
909.25189,510.2
909.36792,512.0
909.48389,514.4
909.59991,510.4
909.71588,508.2
909.83185,514.6
909.94788,510.6
910.06384,512.0
910.17981,513.8
910.29578,509.8
910.41174,508.8
910.52771,516.0
910.64368,513.0
910.75958,506.2
910.87555,511.8
910.99152,512.2
911.10742,514.4
911.22339,513.8
911.33929,511.2
911.4552,505.6
911.57117,506.6
911.68707,509.2
911.80298,510.4
911.91888,511.4
912.03479,507.2
912.1507,508.6
912.2666,511.4
912.38245,510.4
912.49835,511.8
912.61426,510.2
912.7301,508.6
912.84601,510.0
792.4458,958.8
792.56488,920.2
792.68396,927.4
792.8031,916.4
792.92218,895.8
793.04126,893.6
793.16034,888.2
793.27942,876.2
793.3985,865.0
793.51758,850.6
793.63672,830.8
793.7558,833.2
793.87488,838.2
793.9939,824.2
794.11298,818.6
794.23206,814.8
794.35114,804.6
794.47021,796.2
794.58929,790.6
794.70831,780.6
794.82739,781.6
794.94647,774.4
795.06549,769.2
795.18457,756.8
795.30365,760.8
795.42267,745.6
795.54175,743.2
795.66077,746.0
795.77985,747.2
795.89886,743.2
796.01794,747.8
796.13696,741.2
796.25598,735.0
796.375,720.8
796.49408,728.4
796.6131,726.0
796.73212,731.6
796.85114,721.0
796.97015,719.2
797.08923,718.0
797.20825,708.6
797.32727,713.0
797.44629,710.0
797.56531,711.4
797.68427,705.2
797.80328,703.8
797.9223,699.6
798.04132,705.6
798.16034,703.4
798.27936,699.8
798.39832,691.4
798.51733,688.2
798.63635,692.0
798.75531,696.6
798.87433,682.6
798.99329,679.2
799.1123,687.8
799.23126,681.2
799.35028,689.8
799.46924,684.8
799.58826,684.4
799.70721,686.0
799.82617,685.8
799.94519,680.4
800.06415,686.2
800.18311,682.4
800.30206,682.6
800.42102,673.4
800.54004,683.4
800.659,677.8
800.77795,676.8
800.89691,675.4
801.01587,669.2
801.13483,678.0
801.25372,673.6
801.37268,679.0
801.49164,673.4
801.6106,677.6
801.72955,669.0
801.84845,670.0
801.96741,681.0
802.08636,670.2
802.20526,665.6
802.32422,679.4
802.44318,674.0
802.56207,674.8
802.68103,669.4
802.79993,663.2
802.91882,666.2
803.03778,662.0
803.15668,669.6
803.27557,671.4
803.39453,665.6
803.51343,667.0
803.63232,665.4
803.75122,663.8
803.87012,669.4
803.98907,663.0
804.10797,665.4
804.22687,664.8
804.34576,667.0
804.46466,662.8
804.58356,662.8
804.70239,669.4
804.82129,661.2
804.94019,667.8
805.05908,667.2
805.17798,657.8
805.29681,671.6
805.41571,669.4
805.53461,667.8
805.65344,666.4
805.77234,673.4
805.89117,671.4
806.01007,671.0
806.12891,676.8
806.2478,675.0
806.36664,666.8
806.48547,669.4
806.60437,666.6
806.72321,673.2
806.84204,678.6
806.96088,668.6
807.07971,668.2
807.19861,669.4
807.31744,676.2
807.43628,673.8
807.55511,668.2
807.67395,670.0
807.79279,672.0
807.91162,670.6
808.0304,668.4
808.14923,671.6
808.26807,666.2
808.3869,675.8
808.50568,672.0
808.62451,679.2
808.74335,677.2
808.86212,671.4
808.98096,681.6
809.09979,669.8
809.21857,670.0
809.33734,674.2
809.45618,673.2
809.57495,675.4
809.69379,680.2
809.81256,674.4
809.93134,676.2
810.05011,671.8
810.16895,668.4
810.28772,669.2
810.40649,668.6
810.52527,676.2
810.64404,672.8
810.76282,678.4
810.88159,674.4
811.00037,675.6
811.11914,673.0
811.23792,673.6
811.35663,672.2
811.4754,669.4
811.59418,672.0
811.71295,672.4
811.83167,671.6
811.95044,670.2
812.06921,670.2
812.18793,671.8
812.3067,669.6
812.42542,668.2
812.54419,669.0
812.6629,676.2
812.78162,663.6
812.90039,663.0
813.0191,662.6
813.13782,665.6
813.25653,659.8
813.37524,657.4
813.49402,663.0
813.61273,664.4
813.73145,662.4
813.85016,667.0
813.96887,662.2
814.08759,665.4
814.2063,661.0
814.32495,664.0
814.44366,658.0
814.56238,662.6
814.68109,659.0
814.79974,664.4
814.91846,648.6
815.03717,663.2
815.15582,658.4
815.27454,656.4
815.39319,650.8
815.5119,654.4
815.63055,647.0
815.74927,653.2
815.86792,649.4
815.98657,651.4
816.10529,652.4
816.22394,649.6
816.34259,659.0
816.46124,664.6
816.5799,664.4
816.69855,659.6
816.8172,658.0
816.93585,654.6
817.0545,656.8
817.17316,652.4
817.29181,646.4
817.41046,649.0
817.52911,645.4
817.64771,641.6
817.76636,641.6
817.88501,638.0
818.0036,640.0
818.12225,638.6
818.24091,638.8
818.3595,634.6
818.47815,630.4
818.59674,642.0
818.71533,638.0
818.83398,631.4
818.95258,633.8
819.07117,631.4
819.18976,632.0
819.30841,637.0
819.427,633.0
819.54559,637.6
819.66418,635.4
819.78278,643.0
819.90137,632.0
820.01996,635.2
820.13855,630.8
820.25714,631.6
820.37573,629.2
820.49426,629.8
820.61285,626.2
820.73145,627.4
820.84998,622.6
820.96857,623.8
821.08716,622.6
821.20569,619.8
821.32428,616.2
821.44281,616.4
821.56134,615.6
821.67993,615.8
821.79846,616.6
821.91699,614.8
822.03558,611.0
822.15411,621.4
822.27264,616.4
822.39117,609.2
822.5097,613.2
822.62823,614.6
822.74677,610.4
822.8653,609.6
822.98383,616.4
823.10236,612.8
823.22089,603.6
823.33942,612.4
823.45789,612.0
823.57642,616.4
823.69495,614.8
823.81342,611.6
823.93195,605.6
824.05042,615.4
824.16895,613.2
824.28741,610.6
824.40594,606.4
824.52441,614.8
824.64288,608.4
824.76141,609.8
824.87988,606.6
824.99835,612.4
825.11682,608.6
825.23529,612.2
825.35376,616.6
825.47223,610.6
825.5907,615.6
825.70917,608.4
825.82764,606.2
825.94611,610.0
826.06458,610.0
826.18304,608.0
826.30145,615.6
826.41992,608.0
826.53839,608.4
826.6568,611.8
826.77527,615.4
826.89368,610.2
827.01215,609.6
827.13055,604.6
827.24902,607.4
827.36743,605.4
827.48584,603.2
827.60431,607.4
827.72272,596.4
827.84113,600.2
827.95953,597.4
828.07794,599.0
828.19635,601.0
828.31476,599.4
828.43317,598.8
828.55157,599.8
828.66998,596.6
828.78839,599.6
828.90674,602.2
829.02515,600.6
829.14355,600.8
829.2619,601.4
829.38031,593.2
829.49872,596.4
829.61707,587.8
829.73547,597.8
829.85382,597.4
829.97217,598.8
830.09058,597.2
830.20892,596.0
830.32727,592.0
830.44562,598.6
830.56403,592.2
830.68237,593.2
830.80072,594.0
830.91907,594.4
831.03741,589.8
831.15576,595.6
831.27411,593.8
831.3924,597.2
831.51074,594.6
831.62909,590.6
831.74744,592.0
831.86572,595.4
831.98407,596.8
832.10242,601.0
832.2207,587.0
832.33905,597.4
832.45734,600.0
832.57562,596.4
832.69397,594.4
832.81226,594.4
832.93054,594.2
833.04889,597.0
833.16718,595.0
833.28546,594.6
833.40375,595.2
833.52203,590.6
833.64032,594.2
833.75861,596.4
833.87689,594.6
833.99518,599.4
834.1134,594.8
834.23169,597.4
834.34998,596.6
834.46826,592.8
834.58649,596.4
834.70477,599.2
834.823,594.8
834.94128,602.4
835.05951,596.8
835.1778,596.8
835.29602,591.8
835.41425,594.6
835.53253,595.6
835.65076,600.0
835.76898,596.6
835.88721,604.8
836.00543,608.0
836.12366,600.4
836.24188,592.0
836.36011,603.6
836.47833,599.0
836.59656,604.2
836.71478,599.8
836.83295,602.2
836.95117,599.4
837.0694,599.6
837.18756,591.0
837.30579,595.0
837.42401,599.4
837.54218,596.8
837.66034,588.6
837.77856,604.4
837.89673,598.8
838.01489,597.4
838.13312,593.8
838.25128,598.8
838.36945,596.4
838.48761,600.2
838.60577,594.6
838.72394,602.2
838.8421,593.6
838.96027,601.8
839.07843,591.2
839.19659,592.8
839.31476,598.8
839.43286,597.0
839.55103,597.6
839.66919,602.8
839.78729,598.0
839.90546,593.0
840.02356,595.4
840.14172,604.0
840.25983,595.8
840.37793,604.4
840.49609,591.6
840.6142,599.2
840.7323,601.0
840.8504,598.2
840.96851,592.0
841.08661,598.0
841.20471,596.0
841.32281,597.6
841.44092,596.2
841.55902,594.2
841.67712,600.6
841.79523,598.2
841.91327,590.0
842.03137,599.4
842.14948,593.8
842.26752,599.6
842.38562,591.6
842.50366,598.6
842.62177,589.8
842.73981,598.0
842.85791,596.6
842.97595,600.8
843.09399,600.4
843.21204,601.0
843.33008,601.0
843.44818,600.4
843.56622,599.4
843.68427,601.6
843.80231,602.6
843.92029,601.6
844.03833,610.6
844.15637,603.2
844.27441,604.6
844.39246,604.6
844.51044,607.6
844.62848,604.0
844.74646,599.6
844.8645,596.4
844.98248,601.0
845.10052,596.4
845.21851,603.0
845.33649,600.8
845.45453,597.4
845.57251,600.0
845.69049,596.2
845.80847,596.4
845.92645,602.4
846.04443,597.0
846.16241,599.2
846.2804,601.8
846.39838,596.0
846.51636,601.4
846.63434,605.8
846.75226,601.6
846.87024,600.8
846.98822,600.2
847.10614,598.6
847.22412,599.8
847.34204,605.4
847.46002,599.8
847.57794,597.4
847.69586,606.2
847.81384,600.0
847.93176,606.0
848.04968,601.8
848.1676,607.0
848.28552,602.2
848.40344,599.8
848.52136,600.8
848.63928,605.0
848.7572,599.0
848.87512,608.0
848.99304,605.8
849.1109,603.8
849.22882,596.0
849.34674,603.6
849.4646,598.4
849.58252,600.2
849.70038,598.8
849.8183,606.0
849.93616,599.4
850.05402,602.8
850.17194,602.2
850.28979,607.8
850.40765,602.8
850.52551,609.6
850.64337,607.8
850.76123,603.4
850.87909,604.6
850.99695,602.0
851.11481,596.4
851.23267,603.2
851.35046,602.0
851.46832,588.6
851.58618,596.8
851.70398,595.8
851.82184,597.0
851.93964,601.2
852.0575,605.8
852.17529,619.0
852.29315,608.0
852.41095,601.2
852.52875,592.0
852.64655,598.8
852.7644,591.2
852.8822,589.4
853.0,587.4
853.1178,593.0
853.2356,587.6
853.35333,585.2
853.47113,589.8
853.58893,585.8
853.70673,588.6
853.82446,585.4
853.94226,588.6
854.06006,595.2
854.1778,589.0
854.29559,593.2
854.41333,597.8
854.53107,594.4
854.64886,591.6
854.7666,595.0
854.88434,586.6
855.00208,590.2
855.11981,593.8
855.23761,589.0
855.35535,593.0
855.47302,590.0
855.59076,590.0
855.7085,591.6
855.82623,578.2
855.94397,590.0
856.06165,585.8
856.17938,590.8
856.29712,587.2
856.41479,585.8
856.53253,587.8
856.65021,593.4
856.76788,586.2
856.88562,593.2
857.0033,587.2
857.12097,586.6
857.23865,582.6
857.35632,582.8
857.474,586.8
857.59167,587.8
857.70935,583.6
857.82703,585.2
857.9447,586.2
858.06238,585.6
858.18005,584.6
858.29767,586.4
858.41534,582.4
858.53296,587.0
858.65063,587.6
858.76825,585.6
858.88593,585.2
859.00354,586.2
859.12115,579.2
859.23883,586.0
859.35645,584.0
859.47406,583.6
859.59167,583.6
859.70929,587.8
859.8269,581.8
859.94452,583.0
860.06213,577.2
860.17975,582.2
860.29736,577.6
860.41492,579.2
860.53253,577.4
860.65009,573.2
860.7677,570.4
860.88525,577.2
861.00287,572.8
861.12042,580.4
861.23804,579.6
861.35559,587.2
861.47314,572.6
861.5907,578.4
861.70825,573.6
861.82581,573.4
861.94336,570.6
862.06091,568.2
862.17847,569.8
862.29602,565.6
862.41357,570.2
862.53113,561.6
862.64862,569.8
862.76617,568.6
862.88367,568.0
863.00122,567.2
863.11871,571.6
863.23627,575.0
863.35376,569.2
863.47125,571.8
863.58881,565.0
863.7063,569.2
863.82379,565.0
863.94128,566.2
864.05878,563.8
864.17627,571.8
864.29376,566.8
864.41125,566.4
864.52869,562.4
864.64618,566.8
864.76367,565.4
864.8811,565.2
864.9986,561.8
865.11609,561.0
865.23352,559.6
865.35095,564.6
865.46844,559.2
865.58588,561.8
865.70331,557.2
865.82074,562.2
865.93823,560.8
866.05566,561.8
866.1731,563.0
866.29053,560.4
866.4079,561.6
866.52533,563.0
866.64276,559.6
866.76019,565.2
866.87756,562.2
866.995,565.4
867.11243,558.6
867.2298,563.8
867.34723,563.6
867.4646,563.0
867.58197,561.4
867.6994,565.6
867.81677,567.6
867.93414,573.2
868.05151,562.4
868.16888,565.4
868.28625,563.6
868.40363,560.8
868.521,567.2
868.63837,571.0
868.75568,569.0
868.87305,574.0
868.99042,566.0
869.10773,568.2
869.2251,568.6
869.34241,567.8
869.45978,569.4
869.57709,569.6
869.69446,564.8
869.81177,570.0
869.92908,568.0
870.04639,571.6
870.1637,570.2
870.28101,570.2
870.39832,567.4
870.51563,571.8
870.63293,573.6
870.75024,575.4
870.86749,575.6
870.9848,567.0
871.10211,566.6
871.21936,572.8
871.33667,570.0
871.45392,572.0
871.57123,565.0
871.68848,560.2
871.80573,567.0
871.92297,570.8
872.04028,562.0
872.15753,568.0
872.27478,564.4
872.39203,566.8
872.50928,562.0
872.62646,569.0
872.74371,568.4
872.86096,568.4
872.97821,563.0
873.0954,568.6
873.21265,562.2
873.32983,563.2
873.44708,560.2
873.56427,564.0
873.68152,560.8
873.79871,563.0
873.91589,558.6
874.03308,564.0
874.15027,569.4
874.26746,564.0
874.38464,556.6
874.50183,567.2
874.61902,564.0
874.73621,567.6
874.85339,563.0
874.97052,568.4
875.08771,560.2
875.2049,561.6
875.32202,563.0
875.43921,569.4
875.55634,565.6
875.67346,572.2
875.79065,567.0
875.90778,572.2
876.0249,566.4
876.14203,565.6
876.25916,554.8
876.37628,565.0
876.49341,574.4
876.61053,570.6
876.72766,565.2
876.84473,568.8
876.96185,570.2
877.07898,564.0
877.19604,567.4
877.31317,575.0
877.43024,564.8
877.54736,561.8
877.66443,565.2
877.78149,562.2
877.89856,558.4
878.01569,560.0
878.13275,558.2
878.24982,557.0
878.36688,556.6
878.48395,555.6
878.60095,552.8
878.71802,559.8
878.83508,557.2
878.95215,554.2
879.06915,555.4
879.18622,554.2
879.30322,559.0
879.42029,551.4
879.53729,556.4
879.6543,554.2
879.77136,553.8
879.88837,560.8
880.00537,554.6
880.12238,558.2
880.23938,550.8
880.35638,558.8
880.47339,545.8
880.59039,557.8
880.70734,549.2
880.82434,554.4
880.94135,555.0
881.05829,563.4
881.17529,550.2
881.29224,556.2
881.40924,556.8
881.52618,548.4
881.64313,549.2
881.76007,553.2
881.87701,552.8
881.99402,551.6
882.11096,551.4
882.22791,545.0
882.34479,549.6
882.46173,551.4
882.57867,550.4
882.69562,552.4
882.8125,548.0
882.92944,560.2
883.04639,555.2
883.16327,555.4
883.28015,547.4
883.39709,547.0
883.51398,551.2
883.63086,552.2
883.74774,554.6
883.86462,554.8
883.98157,557.8
884.09839,557.6
884.21527,552.0
884.33215,558.0
884.44904,550.6
884.56592,558.2
884.68274,560.6
884.79962,552.0
884.9165,552.8
885.03333,562.0
885.15015,558.4
885.26703,562.8
885.38385,554.0
885.50067,569.0
885.61749,567.0
885.73438,572.0
885.8512,571.0
885.96802,564.4
886.08478,562.2
886.2016,562.4
886.31842,566.0
886.43524,557.2
886.55206,561.8
886.66882,564.8
886.78564,558.4
886.9024,557.6
887.01923,550.6
887.13599,556.6
887.25275,556.2
887.36951,554.2
887.48633,548.4
887.60309,555.0
887.71985,548.2
887.83661,549.6
887.95337,545.6
888.07007,542.0
888.18683,544.0
888.30359,545.4
888.42035,538.2
888.53705,546.8
888.65381,538.0
888.77051,544.0
888.88721,539.4
889.00397,541.0
889.12067,534.8
889.23737,539.0
889.35406,539.8
889.47083,532.6
889.58752,534.6
889.70416,540.0
889.82086,533.4
889.93756,534.4
890.05426,536.0
890.17096,544.0
890.2876,537.0
890.4043,537.4
890.52094,532.2
890.63763,537.2
890.75427,539.0
890.87091,538.6
890.98761,532.6
891.10425,530.6
891.22089,536.8
891.33752,532.0
891.45416,532.6
891.5708,531.8
891.68744,536.8
891.80408,531.6
891.92065,534.8
892.03729,534.0
892.15393,536.6
892.27051,535.0
892.38715,533.8
892.50372,531.4
892.6203,533.4
892.73694,537.0
892.85352,535.4
892.97009,531.6
893.08667,537.4
893.20325,534.6
893.31982,538.4
893.4364,540.0
893.55298,533.6
893.66956,536.8
893.78607,540.6
893.90265,538.8
894.01917,534.0
894.13574,530.2
894.25226,538.0
894.36884,534.6
894.48535,536.8
894.60187,537.0
894.71838,536.6
894.8349,538.4
894.95148,533.8
895.06793,546.2
895.18445,536.4
895.30096,537.8
895.41748,536.8
895.534,535.4
895.65045,534.0
895.76697,536.8
895.88342,534.2
895.99994,536.4
896.11639,530.8
896.23291,532.4
896.34937,530.4
896.46582,536.8
896.58228,535.6
896.69873,531.8
896.81519,533.2
896.93164,529.6
897.0481,530.6
897.16455,538.8
897.28094,531.8
897.3974,526.4
897.51385,537.2
897.63025,538.2
897.7467,534.6
897.8631,536.8
897.97949,538.0
898.09595,532.6
898.21234,532.6
898.32874,534.8
898.44513,534.0
898.56152,533.8
898.67792,531.4
898.79431,529.2
898.91064,531.0
899.02704,531.8
899.14343,529.6
899.25977,527.6
899.37616,527.8
899.49249,535.6
899.60889,529.8
899.72522,529.2
899.84155,527.8
899.95789,534.4
900.07428,533.2
900.19061,531.2
900.30695,535.6
900.42322,533.4
900.53955,523.4
900.65588,529.0
900.77222,527.6
900.88849,527.4
901.00482,529.4
901.12109,527.0
901.23743,529.6
901.3537,531.0
901.47003,527.0
901.5863,534.2
901.70258,531.2
901.81885,527.6
901.93512,530.4
902.05139,528.4
902.16766,532.0
902.28394,534.2
902.40021,529.2
902.51642,535.2
902.63269,531.2
902.7489,530.8
902.86517,532.0
902.98138,529.6
903.09766,531.2
903.21387,530.8
903.33008,532.8
903.44629,535.0
903.5625,529.4
903.67871,529.4
903.79492,529.0
903.91113,526.6
904.02734,526.0
904.14355,525.8
904.2597,530.6
904.37592,524.4
904.49207,520.6
904.60828,524.0
904.72443,518.0
904.84064,524.6
904.95679,520.0
905.07294,521.0
905.18909,519.6
905.30524,524.2
905.42139,517.4
905.53754,524.0
905.65369,514.0
905.76984,513.8
905.88593,514.6
906.00208,516.6
906.11816,514.4
906.23431,511.2
906.3504,513.4
906.46655,510.0
906.58264,504.2
906.69873,511.2
906.81482,510.2
906.93091,513.8
907.047,506.0
907.16309,509.8
907.27917,510.8
907.39526,505.6
907.51135,510.2
907.62738,508.8
907.74347,511.0
907.8595,511.0
907.97559,516.2
908.09161,508.0
908.2077,507.4
908.32373,509.2
908.43976,507.8
908.55579,503.0
908.67181,509.0
908.78784,505.2
908.90387,508.4
909.0199,509.2
909.13586,507.4
909.25189,505.8
909.36792,501.6
909.48389,503.8
909.59991,505.6
909.71588,505.4
909.83185,507.8
909.94788,504.0
910.06384,502.0
910.17981,505.4
910.29578,502.0
910.41174,508.8
910.52771,503.0
910.64368,506.8
910.75958,502.0
910.87555,507.6
910.99152,502.8
911.10742,509.0
911.22339,503.2
911.33929,506.0
911.4552,501.2
911.57117,499.2
911.68707,506.8
911.80298,503.8
911.91888,507.4
912.03479,508.0
912.1507,508.4
912.2666,505.2
912.38245,505.4
912.49835,503.6
912.61426,509.6
912.7301,499.6
912.84601,504.6
792.4458,652.0
792.56488,646.8
792.68396,653.2
792.8031,649.0
792.92218,631.0
793.04126,634.6
793.16034,629.8
793.27942,627.4
793.3985,624.6
793.51758,616.6
793.63672,609.0
793.7558,610.0
793.87488,622.2
793.9939,617.4
794.11298,603.2
794.23206,601.6
794.35114,603.2
794.47021,599.6
794.58929,596.4
794.70831,591.8
794.82739,603.2
794.94647,588.4
795.06549,593.2
795.18457,589.6
795.30365,593.8
795.42267,580.2
795.54175,584.6
795.66077,585.8
795.77985,583.0
795.89886,583.6
796.01794,588.2
796.13696,585.2
796.25598,582.2
796.375,581.2
796.49408,576.0
796.6131,573.8
796.73212,580.2
796.85114,577.0
796.97015,574.8
797.08923,573.2
797.20825,573.8
797.32727,575.4
797.44629,576.0
797.56531,569.6
797.68427,568.0
797.80328,568.6
797.9223,570.0
798.04132,571.0
798.16034,568.4
798.27936,568.8
798.39832,573.4
798.51733,564.4
798.63635,567.6
798.75531,566.8
798.87433,565.4
798.99329,560.4
799.1123,565.0
799.23126,564.4
799.35028,567.6
799.46924,570.4
799.58826,566.4
799.70721,561.8
799.82617,564.0
799.94519,559.4
800.06415,568.4
800.18311,561.0
800.30206,563.0
800.42102,564.8
800.54004,567.0
800.659,565.6
800.77795,562.6
800.89691,562.2
801.01587,565.2
801.13483,563.2
801.25372,565.6
801.37268,567.6
801.49164,566.2
801.6106,565.0
801.72955,565.4
801.84845,567.4
801.96741,566.0
802.08636,571.0
802.20526,563.6
802.32422,560.6
802.44318,568.0
802.56207,569.0
802.68103,566.8
802.79993,563.0
802.91882,564.0
803.03778,563.6
803.15668,563.0
803.27557,572.0
803.39453,562.6
803.51343,561.6
803.63232,569.6
803.75122,562.0
803.87012,563.8
803.98907,566.8
804.10797,567.0
804.22687,560.0
804.34576,564.4
804.46466,566.4
804.58356,568.2
804.70239,562.4
804.82129,568.4
804.94019,564.8
805.05908,566.2
805.17798,568.8
805.29681,575.6
805.41571,566.8
805.53461,568.4
805.65344,573.2
805.77234,577.2
805.89117,570.2
806.01007,579.2
806.12891,577.8
806.2478,571.6
806.36664,569.4
806.48547,573.8
806.60437,570.4
806.72321,573.4
806.84204,573.6
806.96088,567.2
807.07971,571.4
807.19861,573.8
807.31744,579.2
807.43628,576.0
807.55511,565.6
807.67395,568.6
807.79279,575.4
807.91162,574.8
808.0304,576.0
808.14923,579.0
808.26807,572.8
808.3869,583.2
808.50568,577.6
808.62451,577.2
808.74335,574.2
808.86212,574.0
808.98096,578.8
809.09979,575.6
809.21857,575.6
809.33734,576.4
809.45618,572.2
809.57495,582.2
809.69379,577.2
809.81256,580.2
809.93134,578.8
810.05011,579.0
810.16895,577.6
810.28772,574.0
810.40649,573.0
810.52527,579.6
810.64404,579.0
810.76282,580.4
810.88159,577.0
811.00037,579.8
811.11914,568.8
811.23792,579.2
811.35663,579.6
811.4754,575.0
811.59418,577.0
811.71295,579.6
811.83167,578.4
811.95044,570.2
812.06921,573.4
812.18793,574.6
812.3067,571.6
812.42542,570.8
812.54419,574.4
812.6629,579.8
812.78162,575.0
812.90039,574.8
813.0191,570.2
813.13782,574.4
813.25653,574.8
813.37524,578.2
813.49402,576.6
813.61273,574.2
813.73145,574.6
813.85016,573.4
813.96887,570.0
814.08759,566.4
814.2063,572.8
814.32495,571.4
814.44366,569.6
814.56238,570.4
814.68109,568.8
814.79974,566.0
814.91846,568.0
815.03717,570.6
815.15582,571.2
815.27454,569.4
815.39319,559.4
815.5119,567.6
815.63055,565.2
815.74927,564.2
815.86792,564.6
815.98657,564.8
816.10529,561.8
816.22394,570.0
816.34259,558.8
816.46124,571.6
816.5799,564.4
816.69855,568.4
816.8172,565.8
816.93585,563.4
817.0545,569.0
817.17316,562.8
817.29181,557.8
817.41046,558.4
817.52911,557.2
817.64771,559.0
817.76636,551.4
817.88501,551.8
818.0036,556.4
818.12225,555.0
818.24091,548.2
818.3595,542.2
818.47815,547.8
818.59674,544.8
818.71533,543.6
818.83398,545.6
818.95258,547.4
819.07117,543.8
819.18976,543.4
819.30841,541.6
819.427,544.0
819.54559,542.0
819.66418,539.4
819.78278,538.4
819.90137,538.4
820.01996,535.4
820.13855,533.8
820.25714,533.6
820.37573,539.2
820.49426,540.6
820.61285,532.2
820.73145,535.2
820.84998,533.8
820.96857,536.0
821.08716,537.6
821.20569,539.6
821.32428,528.0
821.44281,536.4
821.56134,535.2
821.67993,536.0
821.79846,531.2
821.91699,534.0
822.03558,528.8
822.15411,530.4
822.27264,531.2
822.39117,533.0
822.5097,526.2
822.62823,533.2
822.74677,527.0
822.8653,529.2
822.98383,528.2
823.10236,531.4
823.22089,530.0
823.33942,527.0
823.45789,526.8
823.57642,529.2
823.69495,528.2
823.81342,530.0
823.93195,526.8
824.05042,532.0
824.16895,532.4
824.28741,531.6
824.40594,535.4
824.52441,530.4
824.64288,530.8
824.76141,529.2
824.87988,528.6
824.99835,526.4
825.11682,531.4
825.23529,531.0
825.35376,531.0
825.47223,524.0
825.5907,527.0
825.70917,527.4
825.82764,527.2
825.94611,529.0
826.06458,523.2
826.18304,518.6
826.30145,529.0
826.41992,527.0
826.53839,523.8
826.6568,525.0
826.77527,521.2
826.89368,529.2
827.01215,524.8
827.13055,527.0
827.24902,519.0
827.36743,524.2
827.48584,524.8
827.60431,519.8
827.72272,517.6
827.84113,520.8
827.95953,517.2
828.07794,523.6
828.19635,518.8
828.31476,519.2
828.43317,518.0
828.55157,521.2
828.66998,518.0
828.78839,520.0
828.90674,519.4
829.02515,527.0
829.14355,523.2
829.2619,519.6
829.38031,521.2
829.49872,518.6
829.61707,515.2
829.73547,518.6
829.85382,520.4
829.97217,518.2
830.09058,518.2
830.20892,517.8
830.32727,511.6
830.44562,520.4
830.56403,518.8
830.68237,520.2
830.80072,520.4
830.91907,522.2
831.03741,519.0
831.15576,521.0
831.27411,513.8
831.3924,515.8
831.51074,520.0
831.62909,516.4
831.74744,515.4
831.86572,522.6
831.98407,519.2
832.10242,515.6
832.2207,518.6
832.33905,515.6
832.45734,521.6
832.57562,514.2
832.69397,507.2
832.81226,517.2
832.93054,513.2
833.04889,522.2
833.16718,515.2
833.28546,516.2
833.40375,517.8
833.52203,516.6
833.64032,515.8
833.75861,517.8
833.87689,520.2
833.99518,520.0
834.1134,516.4
834.23169,523.2
834.34998,510.2
834.46826,518.6
834.58649,517.6
834.70477,519.4
834.823,513.8
834.94128,517.6
835.05951,515.2
835.1778,522.2
835.29602,518.6
835.41425,522.8
835.53253,517.6
835.65076,521.4
835.76898,517.8
835.88721,524.2
836.00543,521.4
836.12366,522.2
836.24188,518.0
836.36011,522.0
836.47833,525.6
836.59656,525.6
836.71478,520.4
836.83295,521.6
836.95117,513.2
837.0694,524.2
837.18756,523.0
837.30579,523.8
837.42401,522.6
837.54218,523.4
837.66034,519.0
837.77856,525.2
837.89673,520.8
838.01489,523.0
838.13312,516.4
838.25128,525.6
838.36945,522.0
838.48761,519.6
838.60577,520.6
838.72394,526.6
838.8421,520.2
838.96027,522.4
839.07843,518.0
839.19659,520.0
839.31476,522.8
839.43286,523.8
839.55103,525.2
839.66919,523.6
839.78729,518.6
839.90546,519.0
840.02356,518.0
840.14172,518.0
840.25983,512.6
840.37793,520.4
840.49609,518.0
840.6142,519.4
840.7323,511.4
840.8504,521.0
840.96851,515.6
841.08661,515.4
841.20471,515.4
841.32281,520.0
841.44092,510.8
841.55902,516.4
841.67712,512.0
841.79523,518.6
841.91327,520.2
842.03137,518.0
842.14948,521.4
842.26752,518.8
842.38562,517.2
842.50366,516.4
842.62177,514.4
842.73981,513.8
842.85791,516.4
842.97595,518.6
843.09399,512.6
843.21204,518.8
843.33008,518.0
843.44818,519.6
843.56622,519.8
843.68427,510.4
843.80231,517.2
843.92029,522.2
844.03833,524.6
844.15637,515.2
844.27441,516.2
844.39246,521.2
844.51044,511.8
844.62848,518.0
844.74646,516.2
844.8645,518.8
844.98248,517.2
845.10052,516.0
845.21851,516.8
845.33649,514.8
845.45453,516.2
845.57251,518.8
845.69049,509.2
845.80847,517.6
845.92645,513.6
846.04443,516.0
846.16241,516.4
846.2804,518.8
846.39838,518.0
846.51636,518.8
846.63434,518.0
846.75226,516.4
846.87024,519.8
846.98822,516.4
847.10614,513.8
847.22412,515.0
847.34204,517.6
847.46002,514.0
847.57794,520.8
847.69586,522.0
847.81384,513.8
847.93176,518.2
848.04968,518.4
848.1676,516.0
848.28552,517.0
848.40344,516.4
848.52136,512.0
848.63928,518.4
848.7572,519.0
848.87512,515.8
848.99304,514.4
849.1109,519.2
849.22882,514.4
849.34674,510.4
849.4646,513.2
849.58252,513.0
849.70038,515.4
849.8183,511.4
849.93616,512.8
850.05402,511.0
850.17194,514.4
850.28979,518.2
850.40765,517.4
850.52551,520.0
850.64337,515.0
850.76123,512.2
850.87909,511.2
850.99695,524.8
851.11481,514.6
851.23267,513.2
851.35046,518.6
851.46832,516.8
851.58618,513.6
851.70398,517.2
851.82184,513.0
851.93964,515.2
852.0575,518.4
852.17529,525.6
852.29315,521.2
852.41095,519.4
852.52875,517.6
852.64655,511.4
852.7644,518.2
852.8822,512.4
853.0,511.0
853.1178,519.6
853.2356,513.8
853.35333,514.4
853.47113,511.2
853.58893,516.8
853.70673,514.2
853.82446,517.2
853.94226,516.2
854.06006,514.4
854.1778,516.2
854.29559,515.0
854.41333,515.2
854.53107,517.2
854.64886,518.0
854.7666,513.8
854.88434,514.8
855.00208,517.4
855.11981,516.0
855.23761,521.6
855.35535,519.4
855.47302,514.2
855.59076,513.8
855.7085,515.4
855.82623,520.0
855.94397,517.0
856.06165,511.2
856.17938,518.4
856.29712,516.2
856.41479,514.0
856.53253,519.4
856.65021,513.8
856.76788,508.0
856.88562,520.6
857.0033,516.2
857.12097,517.8
857.23865,512.4
857.35632,514.4
857.474,514.6
857.59167,513.4
857.70935,511.4
857.82703,510.4
857.9447,512.2
858.06238,513.8
858.18005,513.4
858.29767,510.0
858.41534,515.8
858.53296,513.2
858.65063,515.2
858.76825,516.8
858.88593,510.0
859.00354,514.0
859.12115,509.2
859.23883,515.4
859.35645,513.8
859.47406,513.0
859.59167,513.4
859.70929,511.4
859.8269,508.6
859.94452,510.0
860.06213,513.6
860.17975,515.6
860.29736,503.8
860.41492,509.2
860.53253,510.0
860.65009,508.2
860.7677,505.6
860.88525,509.4
861.00287,511.8
861.12042,507.8
861.23804,513.2
861.35559,512.6
861.47314,512.4
861.5907,511.4
861.70825,506.2
861.82581,507.4
861.94336,507.6
862.06091,507.4
862.17847,507.2
862.29602,507.2
862.41357,510.8
862.53113,506.4
862.64862,505.6
862.76617,508.6
862.88367,505.8
863.00122,503.4
863.11871,506.4
863.23627,513.0
863.35376,503.6
863.47125,507.0
863.58881,505.2
863.7063,510.0
863.82379,508.6
863.94128,505.0
864.05878,505.6
864.17627,504.2
864.29376,507.8
864.41125,508.0
864.52869,503.4
864.64618,509.0
864.76367,504.6
864.8811,510.8
864.9986,504.0
865.11609,508.4
865.23352,506.8
865.35095,505.8
865.46844,505.4
865.58588,506.2
865.70331,508.8
865.82074,506.8
865.93823,506.0
866.05566,505.0
866.1731,504.8
866.29053,509.6
866.4079,508.6
866.52533,510.0
866.64276,509.4
866.76019,500.6
866.87756,507.8
866.995,508.8
867.11243,507.0
867.2298,509.6
867.34723,507.8
867.4646,504.2
867.58197,507.2
867.6994,511.0
867.81677,505.0
867.93414,505.2
868.05151,502.2
868.16888,507.6
868.28625,502.0
868.40363,507.4
868.521,507.2
868.63837,503.2
868.75568,508.2
868.87305,508.4
868.99042,511.0
869.10773,510.2
869.2251,510.6
869.34241,509.8
869.45978,508.4
869.57709,504.8
869.69446,508.8
869.81177,508.2
869.92908,512.4
870.04639,510.2
870.1637,503.4
870.28101,509.8
870.39832,508.0
870.51563,506.8
870.63293,510.2
870.75024,512.2
870.86749,506.2
870.9848,507.2
871.10211,503.4
871.21936,509.8
871.33667,507.0
871.45392,509.4
871.57123,505.4
871.68848,505.4
871.80573,510.2
871.92297,508.6
872.04028,502.0
872.15753,507.8
872.27478,511.0
872.39203,505.2
872.50928,502.6
872.62646,504.2
872.74371,509.2
872.86096,503.4
872.97821,504.4
873.0954,505.4
873.21265,498.0
873.32983,503.0
873.44708,506.2
873.56427,507.8
873.68152,504.6
873.79871,504.6
873.91589,501.8
874.03308,505.8
874.15027,506.6
874.26746,506.6
874.38464,503.4
874.50183,503.4
874.61902,507.2
874.73621,504.8
874.85339,502.0
874.97052,506.8
875.08771,502.6
875.2049,502.2
875.32202,500.6
875.43921,511.0
875.55634,506.0
875.67346,507.2
875.79065,507.0
875.90778,507.6
876.0249,506.4
876.14203,507.0
876.25916,502.8
876.37628,505.2
876.49341,506.6
876.61053,506.6
876.72766,503.8
876.84473,509.8
876.96185,508.2
877.07898,503.8
877.19604,509.4
877.31317,509.2
877.43024,505.8
877.54736,508.6
877.66443,501.4
877.78149,509.8
877.89856,504.0
878.01569,505.2
878.13275,503.2
878.24982,500.2
878.36688,509.4
878.48395,507.6
878.60095,508.2
878.71802,506.2
878.83508,506.4
878.95215,506.2
879.06915,497.8
879.18622,508.2
879.30322,502.6
879.42029,498.2
879.53729,503.0
879.6543,503.8
879.77136,502.8
879.88837,508.0
880.00537,505.8
880.12238,504.6
880.23938,502.2
880.35638,504.6
880.47339,501.8
880.59039,499.4
880.70734,501.8
880.82434,506.2
880.94135,500.6
881.05829,502.0
881.17529,499.6
881.29224,504.2
881.40924,497.8
881.52618,496.8
881.64313,504.4
881.76007,501.4
881.87701,503.4
881.99402,504.8
882.11096,501.4
882.22791,502.2
882.34479,501.4
882.46173,504.4
882.57867,505.4
882.69562,507.0
882.8125,501.8
882.92944,509.2
883.04639,501.2
883.16327,503.4
883.28015,506.2
883.39709,497.2
883.51398,504.6
883.63086,500.8
883.74774,505.4
883.86462,504.0
883.98157,502.4
884.09839,502.6
884.21527,507.4
884.33215,503.8
884.44904,504.4
884.56592,505.2
884.68274,502.6
884.79962,505.0
884.9165,503.4
885.03333,510.8
885.15015,510.0
885.26703,509.4
885.38385,503.8
885.50067,504.4
885.61749,507.2
885.73438,508.0
885.8512,510.4
885.96802,512.4
886.08478,506.0
886.2016,508.4
886.31842,509.8
886.43524,499.6
886.55206,505.4
886.66882,506.0
886.78564,506.0
886.9024,506.2
887.01923,510.2
887.13599,500.4
887.25275,500.8
887.36951,507.2
887.48633,508.2
887.60309,506.8
887.71985,506.6
887.83661,501.8
887.95337,505.2
888.07007,499.8
888.18683,503.8
888.30359,504.4
888.42035,499.6
888.53705,504.0
888.65381,497.4
888.77051,502.6
888.88721,502.4
889.00397,498.8
889.12067,497.0
889.23737,504.2
889.35406,503.6
889.47083,499.0
889.58752,498.6
889.70416,503.0
889.82086,493.8
889.93756,500.8
890.05426,498.6
890.17096,503.4
890.2876,500.0
890.4043,499.4
890.52094,498.8
890.63763,501.2
890.75427,500.2
890.87091,504.6
890.98761,502.8
891.10425,502.2
891.22089,501.0
891.33752,507.8
891.45416,503.0
891.5708,504.4
891.68744,505.0
891.80408,503.8
891.92065,500.4
892.03729,499.6
892.15393,502.8
892.27051,498.8
892.38715,496.6
892.50372,498.4
892.6203,500.2
892.73694,503.0
892.85352,501.2
892.97009,501.4
893.08667,507.8
893.20325,502.6
893.31982,502.6
893.4364,504.0
893.55298,499.8
893.66956,507.2
893.78607,505.6
893.90265,505.0
894.01917,507.2
894.13574,505.2
894.25226,503.4
894.36884,504.0
894.48535,497.0
894.60187,499.4
894.71838,504.8
894.8349,503.4
894.95148,501.6
895.06793,502.8
895.18445,506.0
895.30096,500.6
895.41748,499.8
895.534,505.0
895.65045,497.4
895.76697,503.6
895.88342,503.2
895.99994,500.8
896.11639,500.0
896.23291,499.6
896.34937,501.0
896.46582,499.8
896.58228,504.0
896.69873,506.0
896.81519,500.8
896.93164,500.0
897.0481,502.0
897.16455,508.2
897.28094,503.2
897.3974,497.8
897.51385,501.0
897.63025,504.4
897.7467,500.4
897.8631,502.8
897.97949,498.0
898.09595,501.4
898.21234,502.8
898.32874,504.0
898.44513,500.6
898.56152,499.2
898.67792,497.4
898.79431,499.8
898.91064,496.8
899.02704,499.6
899.14343,499.6
899.25977,498.4
899.37616,495.4
899.49249,498.0
899.60889,498.6
899.72522,496.0
899.84155,500.4
899.95789,499.6
900.07428,499.6
900.19061,494.8
900.30695,501.6
900.42322,494.4
900.53955,495.4
900.65588,499.2
900.77222,496.0
900.88849,498.4
901.00482,495.6
901.12109,493.0
901.23743,495.2
901.3537,490.8
901.47003,494.6
901.5863,499.0
901.70258,494.2
901.81885,493.4
901.93512,493.0
902.05139,497.4
902.16766,495.6
902.28394,494.2
902.40021,496.4
902.51642,497.8
902.63269,494.6
902.7489,496.2
902.86517,498.2
902.98138,498.6
903.09766,494.6
903.21387,496.2
903.33008,497.0
903.44629,498.6
903.5625,493.4
903.67871,495.6
903.79492,495.4
903.91113,496.2
904.02734,487.0
904.14355,497.6
904.2597,493.6
904.37592,492.2
904.49207,490.6
904.60828,491.8
904.72443,492.0
904.84064,491.0
904.95679,486.0
905.07294,492.2
905.18909,487.8
905.30524,493.8
905.42139,487.6
905.53754,488.6
905.65369,486.2
905.76984,487.6
905.88593,488.6
906.00208,488.4
906.11816,486.2
906.23431,478.6
906.3504,485.4
906.46655,486.8
906.58264,486.6
906.69873,484.8
906.81482,486.2
906.93091,485.8
907.047,487.2
907.16309,485.4
907.27917,484.8
907.39526,486.2
907.51135,487.0
907.62738,483.8
907.74347,485.4
907.8595,486.0
907.97559,487.8
908.09161,490.0
908.2077,487.4
908.32373,486.0
908.43976,483.8
908.55579,482.4
908.67181,484.0
908.78784,482.0
908.90387,487.2
909.0199,487.4
909.13586,486.4
909.25189,488.6
909.36792,481.0
909.48389,490.8
909.59991,483.8
909.71588,483.8
909.83185,490.6
909.94788,483.8
910.06384,486.0
910.17981,488.0
910.29578,481.8
910.41174,480.8
910.52771,490.6
910.64368,486.4
910.75958,480.0
910.87555,482.8
910.99152,483.6
911.10742,486.6
911.22339,482.4
911.33929,488.4
911.4552,484.8
911.57117,482.8
911.68707,485.4
911.80298,483.2
911.91888,485.2
912.03479,482.0
912.1507,484.2
912.2666,485.4
912.38245,480.4
912.49835,484.2
912.61426,490.0
912.7301,485.0
912.84601,484.4
792.4458,559.4
792.56488,557.4
792.68396,569.6
792.8031,558.6
792.92218,553.2
793.04126,553.0
793.16034,552.4
793.27942,551.8
793.3985,548.6
793.51758,544.0
793.63672,537.0
793.7558,543.4
793.87488,547.6
793.9939,540.8
794.11298,543.4
794.23206,536.6
794.35114,535.2
794.47021,531.8
794.58929,532.4
794.70831,534.8
794.82739,534.0
794.94647,528.4
795.06549,532.0
795.18457,530.8
795.30365,529.6
795.42267,521.6
795.54175,522.0
795.66077,527.8
795.77985,522.8
795.89886,523.2
796.01794,528.0
796.13696,521.6
796.25598,525.2
796.375,519.2
796.49408,521.8
796.6131,523.8
796.73212,523.2
796.85114,520.0
796.97015,523.4
797.08923,519.0
797.20825,518.6
797.32727,522.0
797.44629,518.6
797.56531,517.4
797.68427,521.0
797.80328,511.6
797.9223,521.6
798.04132,521.4
798.16034,518.8
798.27936,517.0
798.39832,516.8
798.51733,514.0
798.63635,524.6
798.75531,521.6
798.87433,514.6
798.99329,515.4
799.1123,511.0
799.23126,513.8
799.35028,519.0
799.46924,516.2
799.58826,520.6
799.70721,512.2
799.82617,514.4
799.94519,517.2
800.06415,516.4
800.18311,515.2
800.30206,521.6
800.42102,520.4
800.54004,515.0
800.659,515.2
800.77795,514.8
800.89691,515.6
801.01587,518.8
801.13483,520.0
801.25372,521.4
801.37268,518.8
801.49164,518.6
801.6106,522.4
801.72955,519.8
801.84845,519.8
801.96741,524.6
802.08636,521.6
802.20526,518.6
802.32422,516.6
802.44318,522.0
802.56207,519.4
802.68103,524.6
802.79993,518.0
802.91882,517.0
803.03778,517.0
803.15668,517.6
803.27557,521.0
803.39453,519.8
803.51343,524.4
803.63232,524.6
803.75122,526.4
803.87012,522.2
803.98907,524.6
804.10797,522.8
804.22687,524.0
804.34576,522.8
804.46466,521.8
804.58356,527.0
804.70239,524.0
804.82129,527.6
804.94019,518.4
805.05908,523.2
805.17798,525.4
805.29681,527.8
805.41571,525.0
805.53461,528.0
805.65344,529.2
805.77234,532.8
805.89117,531.0
806.01007,530.4
806.12891,532.0
806.2478,531.4
806.36664,526.4
806.48547,528.0
806.60437,524.8
806.72321,529.4
806.84204,530.6
806.96088,527.6
807.07971,528.8
807.19861,531.0
807.31744,528.6
807.43628,529.2
807.55511,531.4
807.67395,524.8
807.79279,527.6
807.91162,531.4
808.0304,533.6
808.14923,532.0
808.26807,531.2
808.3869,534.4
808.50568,530.8
808.62451,532.2
808.74335,536.0
808.86212,531.6
808.98096,532.4
809.09979,533.6
809.21857,535.0
809.33734,530.6
809.45618,535.6
809.57495,539.4
809.69379,532.6
809.81256,539.6
809.93134,528.4
810.05011,534.6
810.16895,529.6
810.28772,538.2
810.40649,534.2
810.52527,537.2
810.64404,538.4
810.76282,534.4
810.88159,537.4
811.00037,534.6
811.11914,533.8
811.23792,530.0
811.35663,540.4
811.4754,539.6
811.59418,540.8
811.71295,536.2
811.83167,536.4
811.95044,536.4
812.06921,537.0
812.18793,537.0
812.3067,534.6
812.42542,537.4
812.54419,533.6
812.6629,536.6
812.78162,526.8
812.90039,535.0
813.0191,534.0
813.13782,535.0
813.25653,531.0
813.37524,531.4
813.49402,534.6
813.61273,538.4
813.73145,532.2
813.85016,530.6
813.96887,532.2
814.08759,531.0
814.2063,534.4
814.32495,534.2
814.44366,529.4
814.56238,530.2
814.68109,526.4
814.79974,533.2
814.91846,529.0
815.03717,528.8
815.15582,524.2
815.27454,528.0
815.39319,528.6
815.5119,527.4
815.63055,526.6
815.74927,528.8
815.86792,526.0
815.98657,528.4
816.10529,528.8
816.22394,529.6
816.34259,527.8
816.46124,528.4
816.5799,527.2
816.69855,527.0
816.8172,527.6
816.93585,526.0
817.0545,522.0
817.17316,522.8
817.29181,520.6
817.41046,524.2
817.52911,519.2
817.64771,519.0
817.76636,512.2
817.88501,514.2
818.0036,515.6
818.12225,516.4
818.24091,511.8
818.3595,507.6
818.47815,505.8
818.59674,508.6
818.71533,505.2
818.83398,505.6
818.95258,500.6
819.07117,505.2
819.18976,506.2
819.30841,506.4
819.427,505.4
819.54559,507.0
819.66418,498.0
819.78278,502.2
819.90137,501.0
820.01996,499.8
820.13855,494.8
820.25714,499.6
820.37573,506.2
820.49426,502.8
820.61285,500.8
820.73145,499.4
820.84998,496.0
820.96857,497.6
821.08716,500.8
821.20569,497.0
821.32428,492.0
821.44281,494.8
821.56134,494.2
821.67993,499.0
821.79846,494.8
821.91699,495.0
822.03558,495.6
822.15411,497.6
822.27264,496.2
822.39117,491.0
822.5097,491.2
822.62823,497.6
822.74677,498.2
822.8653,493.4
822.98383,491.0
823.10236,494.4
823.22089,493.4
823.33942,494.2
823.45789,490.8
823.57642,496.2
823.69495,493.2
823.81342,494.8
823.93195,490.4
824.05042,496.6
824.16895,493.6
824.28741,498.2
824.40594,490.0
824.52441,487.4
824.64288,489.6
824.76141,491.0
824.87988,489.4
824.99835,489.6
825.11682,491.0
825.23529,492.2
825.35376,489.4
825.47223,489.4
825.5907,488.4
825.70917,491.8
825.82764,492.8
825.94611,492.8
826.06458,493.8
826.18304,490.4
826.30145,490.0
826.41992,491.2
826.53839,490.6
826.6568,487.8
826.77527,492.2
826.89368,491.0
827.01215,488.0
827.13055,490.8
827.24902,486.8
827.36743,489.2
827.48584,485.0
827.60431,489.0
827.72272,483.4
827.84113,485.2
827.95953,485.0
828.07794,484.8
828.19635,485.2
828.31476,486.4
828.43317,480.6
828.55157,491.0
828.66998,484.2
828.78839,485.0
828.90674,485.0
829.02515,483.6
829.14355,486.0
829.2619,485.8
829.38031,484.0
829.49872,485.2
829.61707,479.0
829.73547,488.0
829.85382,482.6
829.97217,482.2
830.09058,487.4
830.20892,485.6
830.32727,484.8
830.44562,482.2
830.56403,484.4
830.68237,484.4
830.80072,483.2
830.91907,485.6
831.03741,484.0
831.15576,484.8
831.27411,483.2
831.3924,483.4
831.51074,482.4
831.62909,486.4
831.74744,484.8
831.86572,484.0
831.98407,479.0
832.10242,483.2
832.2207,487.4
832.33905,481.8
832.45734,484.4
832.57562,485.0
832.69397,478.2
832.81226,487.0
832.93054,480.6
833.04889,482.2
833.16718,484.8
833.28546,481.6
833.40375,488.4
833.52203,487.4
833.64032,479.8
833.75861,485.4
833.87689,486.2
833.99518,487.0
834.1134,482.6
834.23169,483.4
834.34998,485.0
834.46826,489.6
834.58649,479.8
834.70477,486.4
834.823,483.8
834.94128,485.2
835.05951,489.2
835.1778,489.0
835.29602,481.0
835.41425,491.8
835.53253,483.2
835.65076,487.4
835.76898,487.4
835.88721,489.2
836.00543,487.6
836.12366,493.0
836.24188,489.6
836.36011,490.6
836.47833,487.4
836.59656,488.4
836.71478,489.0
836.83295,488.4
836.95117,486.2
837.0694,490.2
837.18756,486.0
837.30579,488.0
837.42401,487.2
837.54218,491.0
837.66034,485.8
837.77856,488.4
837.89673,491.2
838.01489,493.2
838.13312,487.6
838.25128,486.8
838.36945,485.6
838.48761,492.2
838.60577,492.0
838.72394,491.2
838.8421,490.4
838.96027,492.6
839.07843,489.8
839.19659,491.0
839.31476,487.8
839.43286,493.0
839.55103,487.4
839.66919,492.6
839.78729,491.0
839.90546,487.6
840.02356,490.8
840.14172,488.6
840.25983,483.8
840.37793,487.0
840.49609,492.8
840.6142,482.4
840.7323,489.8
840.8504,488.6
840.96851,484.6
841.08661,486.4
841.20471,476.4
841.32281,484.0
841.44092,485.8
841.55902,484.2
841.67712,482.6
841.79523,486.4
841.91327,483.0
842.03137,485.2
842.14948,488.0
842.26752,485.4
842.38562,483.0
842.50366,485.6
842.62177,481.0
842.73981,481.2
842.85791,482.4
842.97595,481.0
843.09399,481.8
843.21204,484.4
843.33008,484.8
843.44818,479.8
843.56622,486.4
843.68427,485.6
843.80231,484.8
843.92029,480.2
844.03833,490.0
844.15637,485.8
844.27441,488.2
844.39246,486.8
844.51044,479.0
844.62848,484.4
844.74646,481.2
844.8645,488.0
844.98248,480.2
845.10052,486.2
845.21851,487.8
845.33649,486.2
845.45453,484.0
845.57251,485.2
845.69049,482.2
845.80847,489.8
845.92645,485.8
846.04443,480.8
846.16241,483.6
846.2804,482.6
846.39838,483.4
846.51636,483.8
846.63434,484.4
846.75226,483.6
846.87024,480.6
846.98822,484.4
847.10614,482.0
847.22412,481.6
847.34204,483.2
847.46002,486.2
847.57794,481.8
847.69586,482.8
847.81384,482.8
847.93176,480.4
848.04968,483.6
848.1676,480.0
848.28552,483.6
848.40344,482.4
848.52136,479.4
848.63928,488.0
848.7572,484.0
848.87512,482.8
848.99304,486.6
849.1109,489.6
849.22882,479.2
849.34674,488.0
849.4646,485.6
849.58252,484.2
849.70038,481.2
849.8183,483.0
849.93616,480.2
850.05402,489.2
850.17194,489.0
850.28979,482.2
850.40765,480.2
850.52551,487.4
850.64337,481.6
850.76123,484.2
850.87909,483.4
850.99695,481.4
851.11481,481.8
851.23267,485.4
851.35046,483.0
851.46832,481.8
851.58618,484.4
851.70398,490.0
851.82184,483.2
851.93964,487.6
852.0575,489.4
852.17529,491.0
852.29315,491.0
852.41095,483.6
852.52875,488.4
852.64655,481.4
852.7644,487.2
852.8822,488.0
853.0,484.2
853.1178,489.0
853.2356,485.0
853.35333,485.8
853.47113,483.4
853.58893,488.8
853.70673,475.4
853.82446,486.8
853.94226,481.2
854.06006,484.2
854.1778,490.2
854.29559,487.2
854.41333,482.4
854.53107,488.8
854.64886,489.0
854.7666,488.0
854.88434,480.4
855.00208,486.6
855.11981,487.8
855.23761,484.4
855.35535,485.4
855.47302,488.2
855.59076,482.4
855.7085,490.4
855.82623,484.2
855.94397,487.6
856.06165,484.4
856.17938,493.8
856.29712,484.2
856.41479,487.8
856.53253,481.8
856.65021,485.6
856.76788,481.8
856.88562,489.8
857.0033,489.0
857.12097,487.2
857.23865,485.2
857.35632,482.8
857.474,484.6
857.59167,483.2
857.70935,486.2
857.82703,487.6
857.9447,478.4
858.06238,482.2
858.18005,490.2
858.29767,484.0
858.41534,486.4
858.53296,486.2
858.65063,490.4
858.76825,489.4
858.88593,482.4
859.00354,489.0
859.12115,479.0
859.23883,486.2
859.35645,486.6
859.47406,487.2
859.59167,484.2
859.70929,490.4
859.8269,482.4
859.94452,474.6
860.06213,485.2
860.17975,484.8
860.29736,475.8
860.41492,482.6
860.53253,481.2
860.65009,488.2
860.7677,475.4
860.88525,486.6
861.00287,483.0
861.12042,486.6
861.23804,483.0
861.35559,487.4
861.47314,481.6
861.5907,483.4
861.70825,480.6
861.82581,481.4
861.94336,481.6
862.06091,484.8
862.17847,480.2
862.29602,483.0
862.41357,478.6
862.53113,483.2
862.64862,476.2
862.76617,479.2
862.88367,481.4
863.00122,483.4
863.11871,480.6
863.23627,483.8
863.35376,481.0
863.47125,483.6
863.58881,479.2
863.7063,484.2
863.82379,474.2
863.94128,482.2
864.05878,482.4
864.17627,480.8
864.29376,478.4
864.41125,486.8
864.52869,480.8
864.64618,479.6
864.76367,480.8
864.8811,486.0
864.9986,481.2
865.11609,480.4
865.23352,480.6
865.35095,479.6
865.46844,481.6
865.58588,481.4
865.70331,481.0
865.82074,482.0
865.93823,481.2
866.05566,478.6
866.1731,477.4
866.29053,478.0
866.4079,480.8
866.52533,484.4
866.64276,482.6
866.76019,484.6
866.87756,480.4
866.995,479.0
867.11243,476.6
867.2298,479.0
867.34723,479.8
867.4646,485.0
867.58197,483.4
867.6994,480.6
867.81677,484.4
867.93414,480.6
868.05151,482.4
868.16888,483.8
868.28625,479.6
868.40363,485.2
868.521,480.6
868.63837,480.6
868.75568,483.8
868.87305,478.0
868.99042,479.0
869.10773,482.6
869.2251,477.8
869.34241,484.0
869.45978,481.8
869.57709,485.0
869.69446,481.6
869.81177,484.0
869.92908,484.4
870.04639,484.2
870.1637,476.2
870.28101,484.6
870.39832,482.2
870.51563,481.6
870.63293,484.2
870.75024,483.0
870.86749,480.8
870.9848,481.0
871.10211,481.2
871.21936,482.6
871.33667,485.2
871.45392,481.0
871.57123,480.6
871.68848,480.4
871.80573,477.8
871.92297,488.0
872.04028,481.0
872.15753,486.0
872.27478,479.2
872.39203,480.0
872.50928,477.0
872.62646,481.8
872.74371,481.6
872.86096,480.2
872.97821,482.2
873.0954,481.4
873.21265,483.0
873.32983,479.0
873.44708,483.6
873.56427,485.2
873.68152,481.4
873.79871,481.4
873.91589,481.8
874.03308,477.0
874.15027,481.0
874.26746,479.0
874.38464,475.4
874.50183,483.2
874.61902,485.0
874.73621,483.0
874.85339,478.4
874.97052,487.8
875.08771,478.8
875.2049,482.8
875.32202,481.6
875.43921,478.8
875.55634,478.0
875.67346,482.6
875.79065,482.8
875.90778,485.2
876.0249,481.0
876.14203,477.6
876.25916,480.8
876.37628,485.0
876.49341,483.0
876.61053,485.6
876.72766,485.2
876.84473,484.4
876.96185,479.2
877.07898,484.4
877.19604,483.2
877.31317,483.2
877.43024,485.6
877.54736,484.6
877.66443,480.4
877.78149,486.0
877.89856,485.4
878.01569,480.4
878.13275,483.6
878.24982,474.2
878.36688,483.8
878.48395,480.8
878.60095,487.2
878.71802,481.4
878.83508,483.0
878.95215,482.6
879.06915,479.8
879.18622,481.4
879.30322,479.8
879.42029,482.8
879.53729,486.2
879.6543,480.4
879.77136,480.4
879.88837,481.8
880.00537,480.6
880.12238,483.2
880.23938,476.6
880.35638,482.4
880.47339,475.6
880.59039,478.8
880.70734,482.0
880.82434,483.8
880.94135,478.0
881.05829,478.6
881.17529,480.2
881.29224,479.0
881.40924,478.2
881.52618,485.0
881.64313,477.4
881.76007,482.8
881.87701,482.0
881.99402,484.4
882.11096,480.0
882.22791,480.8
882.34479,477.6
882.46173,485.8
882.57867,479.8
882.69562,484.4
882.8125,484.0
882.92944,486.2
883.04639,479.8
883.16327,484.6
883.28015,481.6
883.39709,481.8
883.51398,476.6
883.63086,481.2
883.74774,481.6
883.86462,485.4
883.98157,480.0
884.09839,482.2
884.21527,485.8
884.33215,481.4
884.44904,476.6
884.56592,483.6
884.68274,480.8
884.79962,481.4
884.9165,482.0
885.03333,484.8
885.15015,480.8
885.26703,489.0
885.38385,483.8
885.50067,485.4
885.61749,484.2
885.73438,484.6
885.8512,489.8
885.96802,483.6
886.08478,482.0
886.2016,484.4
886.31842,483.2
886.43524,483.4
886.55206,489.4
886.66882,488.2
886.78564,481.6
886.9024,487.8
887.01923,487.6
887.13599,485.4
887.25275,479.2
887.36951,483.4
887.48633,487.0
887.60309,488.6
887.71985,485.6
887.83661,485.4
887.95337,483.2
888.07007,480.6
888.18683,480.8
888.30359,480.2
888.42035,478.0
888.53705,481.4
888.65381,479.4
888.77051,481.8
888.88721,484.0
889.00397,484.4
889.12067,483.0
889.23737,487.2
889.35406,482.8
889.47083,482.6
889.58752,476.0
889.70416,485.8
889.82086,477.6
889.93756,483.0
890.05426,481.6
890.17096,486.6
890.2876,479.6
890.4043,480.2
890.52094,480.2
890.63763,483.2
890.75427,484.0
890.87091,490.6
890.98761,479.8
891.10425,485.8
891.22089,481.0
891.33752,481.2
891.45416,481.4
891.5708,485.8
891.68744,485.2
891.80408,489.8
891.92065,483.4
892.03729,483.0
892.15393,481.2
892.27051,486.6
892.38715,485.4
892.50372,485.4
892.6203,487.4
892.73694,483.6
892.85352,489.6
892.97009,483.8
893.08667,490.4
893.20325,482.8
893.31982,488.0
893.4364,488.4
893.55298,482.8
893.66956,485.6
893.78607,490.4
893.90265,486.4
894.01917,488.8
894.13574,485.0
894.25226,489.6
894.36884,488.2
894.48535,480.6
894.60187,488.2
894.71838,486.0
894.8349,485.8
894.95148,485.0
895.06793,485.4
895.18445,486.8
895.30096,484.4
895.41748,484.6
895.534,482.6
895.65045,483.0
895.76697,488.0
895.88342,485.4
895.99994,477.8
896.11639,482.6
896.23291,485.6
896.34937,489.0
896.46582,484.8
896.58228,484.2
896.69873,486.2
896.81519,487.8
896.93164,483.0
897.0481,487.8
897.16455,491.2
897.28094,480.4
897.3974,479.2
897.51385,487.2
897.63025,483.6
897.7467,484.2
897.8631,488.2
897.97949,483.4
898.09595,487.2
898.21234,482.4
898.32874,487.6
898.44513,487.0
898.56152,486.4
898.67792,481.8
898.79431,486.0
898.91064,485.6
899.02704,479.4
899.14343,482.4
899.25977,486.4
899.37616,479.6
899.49249,481.0
899.60889,483.6
899.72522,482.0
899.84155,483.2
899.95789,485.8
900.07428,482.2
900.19061,485.4
900.30695,483.4
900.42322,478.6
900.53955,477.8
900.65588,482.0
900.77222,484.4
900.88849,479.8
901.00482,480.2
901.12109,482.8
901.23743,477.2
901.3537,478.4
901.47003,478.8
901.5863,476.0
901.70258,480.4
901.81885,481.8
901.93512,477.2
902.05139,479.4
902.16766,474.2
902.28394,479.2
902.40021,478.2
902.51642,483.8
902.63269,480.0
902.7489,475.4
902.86517,477.4
902.98138,483.2
903.09766,484.6
903.21387,477.6
903.33008,479.2
903.44629,480.2
903.5625,474.4
903.67871,480.0
903.79492,474.6
903.91113,480.6
904.02734,479.8
904.14355,479.0
904.2597,475.8
904.37592,476.4
904.49207,476.6
904.60828,475.4
904.72443,475.2
904.84064,475.0
904.95679,477.8
905.07294,475.2
905.18909,478.6
905.30524,473.2
905.42139,473.4
905.53754,476.4
905.65369,472.8
905.76984,470.8
905.88593,474.2
906.00208,474.8
906.11816,472.4
906.23431,470.6
906.3504,471.8
906.46655,477.6
906.58264,473.4
906.69873,473.4
906.81482,474.0
906.93091,472.2
907.047,471.4
907.16309,473.6
907.27917,476.0
907.39526,471.4
907.51135,470.2
907.62738,471.4
907.74347,474.2
907.8595,474.8
907.97559,473.2
908.09161,474.8
908.2077,471.0
908.32373,477.6
908.43976,472.6
908.55579,469.8
908.67181,477.4
908.78784,475.4
908.90387,472.4
909.0199,474.2
909.13586,472.4
909.25189,478.0
909.36792,470.8
909.48389,474.2
909.59991,479.4
909.71588,474.2
909.83185,476.6
909.94788,479.6
910.06384,472.2
910.17981,474.4
910.29578,475.0
910.41174,472.6
910.52771,473.6
910.64368,472.0
910.75958,474.4
910.87555,472.4
910.99152,475.0
911.10742,477.6
911.22339,471.8
911.33929,474.8
911.4552,467.8
911.57117,472.6
911.68707,472.2
911.80298,476.0
911.91888,472.2
912.03479,474.0
912.1507,476.8
912.2666,475.0
912.38245,475.8
912.49835,476.6
912.61426,475.8
912.7301,472.4
912.84601,474.2
792.4458,664.2
792.56488,656.6
792.68396,666.0
792.8031,655.8
792.92218,646.0
793.04126,643.4
793.16034,638.6
793.27942,634.0
793.3985,632.6
793.51758,623.2
793.63672,615.4
793.7558,620.0
793.87488,623.6
793.9939,623.6
794.11298,611.2
794.23206,613.8
794.35114,606.6
794.47021,609.8
794.58929,599.8
794.70831,595.6
794.82739,600.0
794.94647,595.2
795.06549,599.4
795.18457,588.8
795.30365,588.0
795.42267,587.8
795.54175,589.4
795.66077,583.6
795.77985,583.6
795.89886,583.8
796.01794,578.6
796.13696,579.2
796.25598,577.0
796.375,580.6
796.49408,575.8
796.6131,575.8
796.73212,569.4
796.85114,576.0
796.97015,576.2
797.08923,570.0
797.20825,571.6
797.32727,568.6
797.44629,571.6
797.56531,566.6
797.68427,569.6
797.80328,567.6
797.9223,564.6
798.04132,565.4
798.16034,565.6
798.27936,562.8
798.39832,569.0
798.51733,562.2
798.63635,559.8
798.75531,564.2
798.87433,560.0
798.99329,561.2
799.1123,550.0
799.23126,560.8
799.35028,561.6
799.46924,559.6
799.58826,562.8
799.70721,557.8
799.82617,560.6
799.94519,559.0
800.06415,564.2
800.18311,558.8
800.30206,560.4
800.42102,561.2
800.54004,565.4
800.659,561.0
800.77795,563.4
800.89691,556.8
801.01587,558.0
801.13483,558.6
801.25372,563.0
801.37268,554.0
801.49164,556.4
801.6106,553.4
801.72955,560.2
801.84845,557.6
801.96741,561.8
802.08636,554.2
802.20526,559.8
802.32422,562.4
802.44318,558.4
802.56207,562.6
802.68103,562.2
802.79993,558.4
802.91882,559.4
803.03778,560.6
803.15668,557.8
803.27557,561.2
803.39453,556.0
803.51343,558.4
803.63232,559.6
803.75122,557.6
803.87012,555.6
803.98907,562.0
804.10797,559.6
804.22687,555.2
804.34576,561.8
804.46466,558.8
804.58356,561.0
804.70239,559.8
804.82129,559.0
804.94019,559.6
805.05908,558.6
805.17798,559.2
805.29681,566.0
805.41571,566.2
805.53461,564.4
805.65344,557.6
805.77234,565.4
805.89117,567.2
806.01007,567.4
806.12891,567.2
806.2478,568.6
806.36664,558.4
806.48547,564.8
806.60437,566.6
806.72321,566.8
806.84204,566.6
806.96088,561.8
807.07971,562.4
807.19861,569.0
807.31744,565.2
807.43628,565.6
807.55511,569.4
807.67395,563.0
807.79279,566.4
807.91162,572.2
808.0304,570.4
808.14923,566.8
808.26807,563.6
808.3869,573.8
808.50568,572.2
808.62451,572.2
808.74335,574.2
808.86212,575.4
808.98096,574.8
809.09979,567.6
809.21857,568.6
809.33734,570.2
809.45618,572.2
809.57495,574.8
809.69379,573.8
809.81256,572.8
809.93134,573.0
810.05011,571.4
810.16895,574.6
810.28772,565.2
810.40649,568.4
810.52527,570.8
810.64404,573.0
810.76282,577.6
810.88159,574.0
811.00037,570.6
811.11914,567.4
811.23792,568.2
811.35663,572.6
811.4754,570.2
811.59418,570.4
811.71295,576.0
811.83167,572.6
811.95044,572.4
812.06921,573.6
812.18793,571.8
812.3067,570.8
812.42542,568.2
812.54419,571.6
812.6629,575.4
812.78162,566.0
812.90039,566.6
813.0191,566.0
813.13782,564.4
813.25653,565.6
813.37524,562.2
813.49402,568.2
813.61273,570.4
813.73145,567.6
813.85016,572.2
813.96887,559.8
814.08759,566.4
814.2063,567.2
814.32495,568.8
814.44366,563.8
814.56238,566.8
814.68109,561.2
814.79974,560.0
814.91846,564.4
815.03717,559.2
815.15582,560.8
815.27454,566.0
815.39319,559.6
815.5119,555.4
815.63055,562.0
815.74927,562.8
815.86792,561.4
815.98657,562.6
816.10529,562.6
816.22394,562.8
816.34259,565.6
816.46124,570.0
816.5799,566.4
816.69855,563.8
816.8172,565.4
816.93585,566.6
817.0545,554.0
817.17316,560.6
817.29181,555.0
817.41046,551.6
817.52911,554.0
817.64771,552.2
817.76636,544.2
817.88501,544.6
818.0036,547.2
818.12225,543.6
818.24091,539.2
818.3595,538.8
818.47815,537.4
818.59674,541.8
818.71533,536.6
818.83398,538.2
818.95258,534.0
819.07117,535.6
819.18976,530.8
819.30841,539.0
819.427,535.8
819.54559,536.2
819.66418,536.2
819.78278,535.4
819.90137,536.6
820.01996,532.6
820.13855,528.4
820.25714,529.6
820.37573,528.8
820.49426,527.0
820.61285,531.8
820.73145,527.8
820.84998,533.4
820.96857,525.0
821.08716,526.4
821.20569,526.8
821.32428,522.4
821.44281,524.4
821.56134,523.6
821.67993,525.0
821.79846,524.4
821.91699,520.8
822.03558,525.6
822.15411,533.8
822.27264,524.6
822.39117,519.0
822.5097,521.2
822.62823,523.6
822.74677,525.8
822.8653,526.0
822.98383,523.6
823.10236,523.0
823.22089,519.6
823.33942,520.6
823.45789,518.8
823.57642,526.4
823.69495,520.0
823.81342,526.2
823.93195,514.4
824.05042,524.0
824.16895,525.8
824.28741,524.6
824.40594,521.4
824.52441,520.2
824.64288,522.2
824.76141,521.4
824.87988,521.4
824.99835,517.8
825.11682,518.8
825.23529,522.2
825.35376,520.6
825.47223,518.0
825.5907,516.6
825.70917,522.4
825.82764,514.8
825.94611,520.0
826.06458,516.4
826.18304,517.2
826.30145,520.4
826.41992,517.4
826.53839,521.8
826.6568,523.0
826.77527,518.0
826.89368,522.8
827.01215,521.2
827.13055,519.8
827.24902,516.8
827.36743,518.0
827.48584,515.8
827.60431,514.8
827.72272,513.8
827.84113,519.4
827.95953,515.2
828.07794,512.6
828.19635,510.0
828.31476,511.2
828.43317,507.6
828.55157,512.4
828.66998,508.6
828.78839,512.2
828.90674,511.2
829.02515,512.2
829.14355,515.2
829.2619,515.2
829.38031,513.8
829.49872,512.6
829.61707,505.4
829.73547,509.2
829.85382,511.4
829.97217,513.6
830.09058,511.0
830.20892,509.8
830.32727,513.4
830.44562,516.0
830.56403,512.6
830.68237,512.4
830.80072,515.8
830.91907,511.4
831.03741,509.8
831.15576,515.0
831.27411,506.8
831.3924,512.0
831.51074,513.6
831.62909,512.4
831.74744,508.0
831.86572,509.8
831.98407,514.2
832.10242,513.2
832.2207,511.6
832.33905,512.6
832.45734,507.8
832.57562,513.6
832.69397,509.2
832.81226,510.4
832.93054,511.6
833.04889,508.4
833.16718,508.6
833.28546,512.6
833.40375,513.8
833.52203,512.0
833.64032,505.4
833.75861,511.4
833.87689,516.8
833.99518,512.4
834.1134,512.4
834.23169,510.2
834.34998,512.4
834.46826,516.6
834.58649,515.0
834.70477,511.6
834.823,508.8
834.94128,514.4
835.05951,516.4
835.1778,508.8
835.29602,509.8
835.41425,516.2
835.53253,507.4
835.65076,512.8
835.76898,511.4
835.88721,513.0
836.00543,515.6
836.12366,514.8
836.24188,513.8
836.36011,509.6
836.47833,517.6
836.59656,516.0
836.71478,509.8
836.83295,517.0
836.95117,510.2
837.0694,516.6
837.18756,515.4
837.30579,513.4
837.42401,514.6
837.54218,515.2
837.66034,511.6
837.77856,517.2
837.89673,515.8
838.01489,520.4
838.13312,510.4
838.25128,513.8
838.36945,515.8
838.48761,513.0
838.60577,513.0
838.72394,523.0
838.8421,518.2
838.96027,509.4
839.07843,511.2
839.19659,513.6
839.31476,514.4
839.43286,514.8
839.55103,519.6
839.66919,513.8
839.78729,519.4
839.90546,516.2
840.02356,514.0
840.14172,513.8
840.25983,510.4
840.37793,514.6
840.49609,511.4
840.6142,511.8
840.7323,512.4
840.8504,512.6
840.96851,513.2
841.08661,509.8
841.20471,508.6
841.32281,513.6
841.44092,513.2
841.55902,515.0
841.67712,510.8
841.79523,516.8
841.91327,508.8
842.03137,515.2
842.14948,516.6
842.26752,512.2
842.38562,511.8
842.50366,510.6
842.62177,508.6
842.73981,510.6
842.85791,509.8
842.97595,514.2
843.09399,517.8
843.21204,515.6
843.33008,515.0
843.44818,512.6
843.56622,518.6
843.68427,513.8
843.80231,516.6
843.92029,520.8
844.03833,516.4
844.15637,515.6
844.27441,513.2
844.39246,518.2
844.51044,515.4
844.62848,516.4
844.74646,516.6
844.8645,516.0
844.98248,516.2
845.10052,520.4
845.21851,515.8
845.33649,513.8
845.45453,514.2
845.57251,520.2
845.69049,508.8
845.80847,516.6
845.92645,512.6
846.04443,510.6
846.16241,513.6
846.2804,514.0
846.39838,511.8
846.51636,514.6
846.63434,516.8
846.75226,514.4
846.87024,519.6
846.98822,513.2
847.10614,515.4
847.22412,515.0
847.34204,513.2
847.46002,514.8
847.57794,515.6
847.69586,519.4
847.81384,514.0
847.93176,519.2
848.04968,517.6
848.1676,515.8
848.28552,515.4
848.40344,511.8
848.52136,509.8
848.63928,513.0
848.7572,509.8
848.87512,511.6
848.99304,517.0
849.1109,514.0
849.22882,511.6
849.34674,516.8
849.4646,515.4
849.58252,513.8
849.70038,508.0
849.8183,509.8
849.93616,515.0
850.05402,516.0
850.17194,513.6
850.28979,510.4
850.40765,514.6
850.52551,516.6
850.64337,514.6
850.76123,512.0
850.87909,515.4
850.99695,514.0
851.11481,513.0
851.23267,515.8
851.35046,511.8
851.46832,506.0
851.58618,508.8
851.70398,517.8
851.82184,515.6
851.93964,516.0
852.0575,516.4
852.17529,526.0
852.29315,518.0
852.41095,516.8
852.52875,511.8
852.64655,514.2
852.7644,511.0
852.8822,514.8
853.0,508.6
853.1178,511.4
853.2356,511.4
853.35333,512.2
853.47113,508.8
853.58893,513.0
853.70673,510.0
853.82446,512.8
853.94226,512.4
854.06006,512.0
854.1778,515.8
854.29559,515.8
854.41333,511.0
854.53107,510.4
854.64886,516.2
854.7666,511.4
854.88434,509.2
855.00208,518.4
855.11981,512.8
855.23761,513.8
855.35535,513.4
855.47302,513.0
855.59076,508.6
855.7085,513.4
855.82623,510.0
855.94397,516.6
856.06165,514.4
856.17938,518.2
856.29712,512.8
856.41479,508.8
856.53253,512.4
856.65021,508.0
856.76788,514.2
856.88562,513.2
857.0033,511.2
857.12097,513.4
857.23865,511.6
857.35632,512.2
857.474,508.2
857.59167,512.0
857.70935,509.8
857.82703,511.0
857.9447,511.4
858.06238,510.0
858.18005,506.2
858.29767,512.2
858.41534,511.8
858.53296,508.8
858.65063,511.8
858.76825,508.8
858.88593,509.8
859.00354,511.4
859.12115,507.4
859.23883,511.0
859.35645,504.8
859.47406,511.0
859.59167,505.4
859.70929,509.0
859.8269,504.2
859.94452,512.4
860.06213,510.0
860.17975,509.4
860.29736,506.6
860.41492,504.8
860.53253,505.4
860.65009,510.8
860.7677,503.4
860.88525,505.4
861.00287,506.6
861.12042,508.4
861.23804,505.6
861.35559,512.6
861.47314,508.0
861.5907,504.6
861.70825,503.0
861.82581,505.8
861.94336,499.0
862.06091,506.0
862.17847,502.2
862.29602,498.8
862.41357,504.6
862.53113,505.0
862.64862,500.8
862.76617,498.0
862.88367,503.0
863.00122,507.0
863.11871,506.8
863.23627,504.4
863.35376,501.0
863.47125,502.0
863.58881,502.2
863.7063,502.4
863.82379,499.2
863.94128,502.8
864.05878,503.8
864.17627,504.4
864.29376,498.8
864.41125,502.8
864.52869,500.6
864.64618,502.0
864.76367,499.8
864.8811,509.4
864.9986,499.4
865.11609,502.8
865.23352,500.4
865.35095,498.0
865.46844,503.0
865.58588,500.4
865.70331,501.6
865.82074,501.0
865.93823,501.8
866.05566,505.0
866.1731,496.0
866.29053,503.4
866.4079,508.6
866.52533,506.6
866.64276,504.0
866.76019,502.6
866.87756,505.0
866.995,508.8
867.11243,503.6
867.2298,501.2
867.34723,502.4
867.4646,501.4
867.58197,503.8
867.6994,505.0
867.81677,509.2
867.93414,503.2
868.05151,501.8
868.16888,500.6
868.28625,503.8
868.40363,505.4
868.521,504.2
868.63837,503.4
868.75568,503.6
868.87305,507.4
868.99042,503.4
869.10773,505.4
869.2251,505.8
869.34241,506.4
869.45978,503.2
869.57709,507.4
869.69446,499.6
869.81177,505.2
869.92908,504.8
870.04639,508.6
870.1637,503.0
870.28101,502.8
870.39832,504.0
870.51563,506.0
870.63293,504.6
870.75024,502.2
870.86749,510.4
870.9848,505.2
871.10211,504.2
871.21936,504.4
871.33667,506.0
871.45392,508.4
871.57123,503.8
871.68848,504.6
871.80573,503.4
871.92297,508.8
872.04028,500.6
872.15753,507.6
872.27478,502.8
872.39203,502.0
872.50928,500.2
872.62646,502.2
872.74371,505.8
872.86096,505.2
872.97821,504.2
873.0954,503.4
873.21265,506.0
873.32983,500.6
873.44708,505.8
873.56427,508.6
873.68152,501.0
873.79871,504.8
873.91589,499.0
874.03308,501.6
874.15027,504.2
874.26746,503.6
874.38464,500.2
874.50183,505.6
874.61902,503.8
874.73621,500.8
874.85339,499.4
874.97052,503.2
875.08771,503.0
875.2049,501.8
875.32202,496.6
875.43921,505.2
875.55634,506.0
875.67346,509.2
875.79065,503.6
875.90778,507.8
876.0249,505.4
876.14203,503.4
876.25916,503.6
876.37628,502.0
876.49341,507.2
876.61053,505.8
876.72766,506.4
876.84473,506.8
876.96185,507.2
877.07898,504.0
877.19604,503.2
877.31317,501.6
877.43024,508.0
877.54736,502.8
877.66443,503.8
877.78149,504.6
877.89856,501.2
878.01569,503.8
878.13275,496.2
878.24982,502.0
878.36688,505.8
878.48395,502.0
878.60095,499.6
878.71802,498.0
878.83508,499.6
878.95215,499.4
879.06915,501.2
879.18622,503.2
879.30322,497.4
879.42029,499.0
879.53729,495.0
879.6543,502.4
879.77136,497.6
879.88837,501.2
880.00537,502.4
880.12238,494.6
880.23938,501.0
880.35638,505.0
880.47339,498.6
880.59039,499.8
880.70734,502.2
880.82434,497.6
880.94135,500.8
881.05829,504.2
881.17529,494.8
881.29224,501.8
881.40924,498.6
881.52618,497.4
881.64313,501.0
881.76007,500.4
881.87701,501.0
881.99402,498.4
882.11096,499.0
882.22791,495.2
882.34479,497.0
882.46173,498.8
882.57867,494.8
882.69562,500.6
882.8125,501.6
882.92944,502.2
883.04639,505.6
883.16327,502.8
883.28015,503.6
883.39709,500.2
883.51398,503.4
883.63086,500.6
883.74774,501.2
883.86462,501.8
883.98157,509.0
884.09839,501.4
884.21527,498.8
884.33215,502.0
884.44904,503.2
884.56592,503.0
884.68274,500.8
884.79962,497.2
884.9165,505.4
885.03333,509.2
885.15015,504.8
885.26703,506.6
885.38385,504.4
885.50067,515.0
885.61749,507.8
885.73438,514.2
885.8512,510.6
885.96802,510.2
886.08478,503.2
886.2016,502.2
886.31842,506.6
886.43524,505.4
886.55206,506.6
886.66882,507.4
886.78564,510.2
886.9024,507.4
887.01923,507.6
887.13599,503.4
887.25275,502.8
887.36951,501.2
887.48633,504.4
887.60309,504.2
887.71985,498.8
887.83661,500.6
887.95337,497.0
888.07007,500.4
888.18683,501.0
888.30359,499.0
888.42035,498.0
888.53705,498.4
888.65381,499.4
888.77051,502.8
888.88721,495.0
889.00397,496.8
889.12067,497.4
889.23737,495.6
889.35406,499.8
889.47083,498.2
889.58752,496.2
889.70416,502.4
889.82086,496.6
889.93756,502.0
890.05426,497.0
890.17096,504.0
890.2876,497.0
890.4043,497.8
890.52094,496.8
890.63763,496.0
890.75427,503.2
890.87091,502.2
890.98761,498.6
891.10425,500.4
891.22089,497.6
891.33752,501.0
891.45416,497.2
891.5708,497.0
891.68744,499.6
891.80408,496.4
891.92065,495.6
892.03729,494.2
892.15393,499.6
892.27051,500.6
892.38715,501.6
892.50372,495.8
892.6203,501.2
892.73694,501.2
892.85352,498.0
892.97009,500.0
893.08667,499.6
893.20325,497.0
893.31982,500.0
893.4364,507.6
893.55298,497.2
893.66956,504.4
893.78607,500.8
893.90265,504.6
894.01917,500.2
894.13574,505.6
894.25226,507.0
894.36884,502.4
894.48535,502.6
894.60187,500.2
894.71838,494.4
894.8349,498.6
894.95148,496.4
895.06793,499.2
895.18445,503.0
895.30096,497.4
895.41748,500.0
895.534,496.8
895.65045,499.0
895.76697,500.6
895.88342,497.8
895.99994,496.4
896.11639,496.6
896.23291,498.2
896.34937,499.4
896.46582,500.0
896.58228,500.0
896.69873,501.6
896.81519,497.2
896.93164,499.4
897.0481,505.0
897.16455,498.6
897.28094,499.8
897.3974,499.0
897.51385,499.2
897.63025,502.0
897.7467,503.2
897.8631,499.8
897.97949,502.4
898.09595,499.4
898.21234,498.8
898.32874,501.4
898.44513,497.2
898.56152,498.4
898.67792,496.6
898.79431,500.6
898.91064,501.0
899.02704,496.2
899.14343,495.6
899.25977,500.4
899.37616,496.4
899.49249,502.6
899.60889,493.6
899.72522,497.4
899.84155,502.4
899.95789,499.6
900.07428,496.0
900.19061,496.8
900.30695,502.6
900.42322,498.2
900.53955,494.0
900.65588,500.4
900.77222,497.0
900.88849,498.8
901.00482,496.2
901.12109,502.6
901.23743,496.4
901.3537,498.6
901.47003,494.6
901.5863,495.2
901.70258,494.8
901.81885,496.8
901.93512,498.8
902.05139,496.2
902.16766,493.8
902.28394,495.8
902.40021,494.4
902.51642,499.6
902.63269,495.8
902.7489,501.6
902.86517,495.8
902.98138,495.6
903.09766,496.8
903.21387,498.8
903.33008,504.6
903.44629,500.4
903.5625,500.6
903.67871,493.4
903.79492,492.4
903.91113,492.6
904.02734,488.8
904.14355,495.6
904.2597,492.8
904.37592,496.4
904.49207,492.0
904.60828,489.6
904.72443,487.6
904.84064,492.2
904.95679,494.0
905.07294,491.0
905.18909,489.0
905.30524,491.2
905.42139,487.8
905.53754,490.6
905.65369,493.0
905.76984,490.0
905.88593,486.8
906.00208,489.2
906.11816,488.8
906.23431,490.8
906.3504,481.4
906.46655,490.2
906.58264,483.8
906.69873,484.8
906.81482,485.0
906.93091,487.2
907.047,486.0
907.16309,487.6
907.27917,486.4
907.39526,486.8
907.51135,485.0
907.62738,486.0
907.74347,481.6
907.8595,484.6
907.97559,484.0
908.09161,486.4
908.2077,485.2
908.32373,485.0
908.43976,484.2
908.55579,482.6
908.67181,486.4
908.78784,479.4
908.90387,487.0
909.0199,486.8
909.13586,487.2
909.25189,481.6
909.36792,480.6
909.48389,483.6
909.59991,485.0
909.71588,483.8
909.83185,487.6
909.94788,484.4
910.06384,482.8
910.17981,486.8
910.29578,491.6
910.41174,480.8
910.52771,485.2
910.64368,483.2
910.75958,479.6
910.87555,483.0
910.99152,484.6
911.10742,486.6
911.22339,483.4
911.33929,485.6
911.4552,484.4
911.57117,483.6
911.68707,482.4
911.80298,486.6
911.91888,482.2
912.03479,482.6
912.1507,484.6
912.2666,483.4
912.38245,482.0
912.49835,487.8
912.61426,487.2
912.7301,489.8
912.84601,486.4
792.4458,928.4
792.56488,897.0
792.68396,906.4
792.8031,899.8
792.92218,875.8
793.04126,866.8
793.16034,865.2
793.27942,857.4
793.3985,846.0
793.51758,828.6
793.63672,817.0
793.7558,811.0
793.87488,815.6
793.9939,808.4
794.11298,797.8
794.23206,789.2
794.35114,786.2
794.47021,778.4
794.58929,770.6
794.70831,771.2
794.82739,767.2
794.94647,762.2
795.06549,759.6
795.18457,746.2
795.30365,742.4
795.42267,731.6
795.54175,724.4
795.66077,734.6
795.77985,719.8
795.89886,722.8
796.01794,722.6
796.13696,718.0
796.25598,719.0
796.375,706.0
796.49408,701.8
796.6131,702.8
796.73212,702.4
796.85114,703.0
796.97015,700.4
797.08923,691.8
797.20825,693.8
797.32727,689.4
797.44629,689.2
797.56531,684.2
797.68427,686.2
797.80328,682.4
797.9223,681.6
798.04132,679.0
798.16034,678.6
798.27936,680.2
798.39832,676.0
798.51733,669.6
798.63635,677.6
798.75531,664.0
798.87433,668.0
798.99329,665.6
799.1123,663.8
799.23126,664.2
799.35028,669.6
799.46924,664.2
799.58826,667.8
799.70721,663.4
799.82617,662.0
799.94519,658.4
800.06415,663.4
800.18311,651.2
800.30206,659.2
800.42102,657.6
800.54004,669.4
800.659,656.8
800.77795,660.8
800.89691,648.6
801.01587,654.8
801.13483,660.2
801.25372,661.6
801.37268,653.2
801.49164,664.2
801.6106,657.8
801.72955,657.8
801.84845,648.6
801.96741,654.2
802.08636,645.4
802.20526,653.6
802.32422,645.0
802.44318,655.6
802.56207,648.8
802.68103,654.4
802.79993,650.4
802.91882,645.0
803.03778,648.2
803.15668,646.8
803.27557,656.2
803.39453,647.8
803.51343,648.6
803.63232,648.4
803.75122,645.4
803.87012,648.0
803.98907,649.2
804.10797,644.4
804.22687,645.2
804.34576,645.6
804.46466,642.8
804.58356,649.2
804.70239,647.6
804.82129,640.0
804.94019,644.6
805.05908,645.6
805.17798,644.4
805.29681,647.6
805.41571,646.0
805.53461,643.8
805.65344,640.6
805.77234,649.8
805.89117,650.0
806.01007,654.0
806.12891,650.8
806.2478,643.2
806.36664,646.2
806.48547,652.0
806.60437,645.4
806.72321,647.6
806.84204,652.0
806.96088,647.6
807.07971,644.4
807.19861,654.6
807.31744,652.2
807.43628,654.4
807.55511,645.6
807.67395,650.8
807.79279,647.4
807.91162,647.4
808.0304,656.4
808.14923,650.2
808.26807,649.6
808.3869,653.0
808.50568,653.2
808.62451,659.4
808.74335,658.2
808.86212,654.8
808.98096,655.4
809.09979,651.2
809.21857,651.2
809.33734,655.8
809.45618,657.0
809.57495,655.6
809.69379,654.6
809.81256,657.4
809.93134,657.0
810.05011,649.2
810.16895,644.8
810.28772,648.8
810.40649,654.4
810.52527,656.6
810.64404,647.2
810.76282,659.8
810.88159,658.4
811.00037,648.8
811.11914,646.8
811.23792,652.6
811.35663,654.8
811.4754,653.4
811.59418,655.4
811.71295,656.4
811.83167,650.6
811.95044,654.2
812.06921,652.4
812.18793,650.2
812.3067,647.6
812.42542,649.0
812.54419,642.2
812.6629,653.6
812.78162,647.0
812.90039,645.0
813.0191,647.0
813.13782,648.4
813.25653,643.4
813.37524,641.4
813.49402,646.2
813.61273,651.4
813.73145,646.8
813.85016,644.2
813.96887,644.8
814.08759,647.4
814.2063,645.8
814.32495,642.2
814.44366,643.4
814.56238,644.4
814.68109,637.2
814.79974,637.4
814.91846,632.0
815.03717,635.6
815.15582,635.4
815.27454,637.0
815.39319,626.2
815.5119,634.2
815.63055,632.0
815.74927,635.4
815.86792,635.4
815.98657,634.2
816.10529,638.6
816.22394,639.4
816.34259,640.0
816.46124,642.8
816.5799,643.2
816.69855,644.4
816.8172,637.4
816.93585,642.6
817.0545,629.6
817.17316,631.0
817.29181,630.8
817.41046,637.0
817.52911,624.6
817.64771,626.2
817.76636,622.6
817.88501,621.4
818.0036,621.6
818.12225,619.0
818.24091,623.0
818.3595,623.8
818.47815,618.8
818.59674,617.2
818.71533,621.2
818.83398,611.2
818.95258,614.6
819.07117,617.6
819.18976,611.4
819.30841,616.2
819.427,618.6
819.54559,615.8
819.66418,611.0
819.78278,619.2
819.90137,609.2
820.01996,606.6
820.13855,608.0
820.25714,606.4
820.37573,610.4
820.49426,609.4
820.61285,606.6
820.73145,601.8
820.84998,601.0
820.96857,607.2
821.08716,597.2
821.20569,600.4
821.32428,603.6
821.44281,603.2
821.56134,602.8
821.67993,600.2
821.79846,598.4
821.91699,600.8
822.03558,600.0
822.15411,595.0
822.27264,591.2
822.39117,592.4
822.5097,590.2
822.62823,595.8
822.74677,587.4
822.8653,593.4
822.98383,590.2
823.10236,594.6
823.22089,594.4
823.33942,584.4
823.45789,591.2
823.57642,597.2
823.69495,592.2
823.81342,590.8
823.93195,579.4
824.05042,589.8
824.16895,590.0
824.28741,592.8
824.40594,590.0
824.52441,586.2
824.64288,585.6
824.76141,589.0
824.87988,591.4
824.99835,588.8
825.11682,585.8
825.23529,592.0
825.35376,586.0
825.47223,590.0
825.5907,589.2
825.70917,589.8
825.82764,581.2
825.94611,584.6
826.06458,589.0
826.18304,587.6
826.30145,587.6
826.41992,590.2
826.53839,593.6
826.6568,596.0
826.77527,590.0
826.89368,597.2
827.01215,592.6
827.13055,592.4
827.24902,583.0
827.36743,586.2
827.48584,580.8
827.60431,587.4
827.72272,582.8
827.84113,581.4
827.95953,576.8
828.07794,580.8
828.19635,582.2
828.31476,576.8
828.43317,571.0
828.55157,577.4
828.66998,578.6
828.78839,580.0
828.90674,582.2
829.02515,578.6
829.14355,580.6
829.2619,581.0
829.38031,578.0
829.49872,570.8
829.61707,572.4
829.73547,576.0
829.85382,579.4
829.97217,575.4
830.09058,574.8
830.20892,572.8
830.32727,575.0
830.44562,582.0
830.56403,571.4
830.68237,576.4
830.80072,577.6
830.91907,577.8
831.03741,574.8
831.15576,577.4
831.27411,575.2
831.3924,569.2
831.51074,573.0
831.62909,575.4
831.74744,576.4
831.86572,573.6
831.98407,577.4
832.10242,574.8
832.2207,575.8
832.33905,577.0
832.45734,577.0
832.57562,577.4
832.69397,570.6
832.81226,575.8
832.93054,577.0
833.04889,576.8
833.16718,572.0
833.28546,574.2
833.40375,580.0
833.52203,573.6
833.64032,571.6
833.75861,580.2
833.87689,577.0
833.99518,574.6
834.1134,580.6
834.23169,579.4
834.34998,579.2
834.46826,582.0
834.58649,582.4
834.70477,583.6
834.823,583.4
834.94128,580.4
835.05951,576.6
835.1778,580.0
835.29602,574.6
835.41425,580.6
835.53253,580.6
835.65076,576.0
835.76898,576.0
835.88721,583.6
836.00543,581.2
836.12366,583.0
836.24188,573.2
836.36011,578.0
836.47833,576.8
836.59656,577.8
836.71478,575.2
836.83295,578.8
836.95117,577.6
837.0694,582.6
837.18756,575.2
837.30579,578.4
837.42401,573.6
837.54218,577.2
837.66034,573.0
837.77856,577.6
837.89673,582.2
838.01489,587.2
838.13312,574.0
838.25128,580.4
838.36945,572.8
838.48761,577.8
838.60577,580.8
838.72394,581.0
838.8421,582.2
838.96027,580.2
839.07843,575.0
839.19659,575.4
839.31476,582.8
839.43286,583.0
839.55103,583.0
839.66919,585.2
839.78729,579.4
839.90546,582.8
840.02356,580.2
840.14172,580.4
840.25983,583.6
840.37793,588.4
840.49609,578.2
840.6142,579.6
840.7323,577.4
840.8504,579.6
840.96851,575.4
841.08661,583.8
841.20471,583.4
841.32281,581.8
841.44092,579.4
841.55902,584.6
841.67712,579.6
841.79523,585.2
841.91327,580.0
842.03137,584.6
842.14948,581.2
842.26752,574.8
842.38562,581.8
842.50366,579.2
842.62177,576.8
842.73981,577.0
842.85791,580.4
842.97595,588.4
843.09399,584.0
843.21204,588.6
843.33008,586.6
843.44818,586.0
843.56622,579.8
843.68427,588.8
843.80231,591.6
843.92029,589.4
844.03833,590.4
844.15637,587.4
844.27441,588.0
844.39246,598.4
844.51044,588.2
844.62848,595.6
844.74646,589.8
844.8645,587.2
844.98248,590.2
845.10052,586.6
845.21851,588.4
845.33649,587.2
845.45453,587.8
845.57251,587.4
845.69049,589.6
845.80847,586.0
845.92645,594.2
846.04443,584.4
846.16241,590.0
846.2804,588.6
846.39838,588.4
846.51636,584.8
846.63434,588.8
846.75226,595.6
846.87024,591.6
846.98822,586.8
847.10614,589.0
847.22412,591.6
847.34204,587.0
847.46002,593.0
847.57794,589.6
847.69586,590.0
847.81384,593.2
847.93176,595.0
848.04968,597.4
848.1676,591.6
848.28552,588.0
848.40344,589.6
848.52136,582.2
848.63928,588.2
848.7572,588.4
848.87512,591.0
848.99304,592.4
849.1109,589.2
849.22882,582.8
849.34674,584.8
849.4646,582.8
849.58252,585.6
849.70038,584.8
849.8183,583.0
849.93616,585.4
850.05402,588.2
850.17194,586.2
850.28979,589.2
850.40765,586.2
850.52551,588.8
850.64337,594.0
850.76123,588.8
850.87909,579.2
850.99695,585.8
851.11481,583.0
851.23267,584.4
851.35046,581.8
851.46832,577.6
851.58618,579.2
851.70398,583.0
851.82184,574.6
851.93964,585.6
852.0575,598.8
852.17529,602.4
852.29315,595.2
852.41095,589.6
852.52875,583.0
852.64655,580.6
852.7644,578.2
852.8822,570.2
853.0,572.8
853.1178,573.0
853.2356,571.2
853.35333,571.8
853.47113,567.4
853.58893,574.4
853.70673,573.6
853.82446,578.8
853.94226,572.8
854.06006,576.4
854.1778,577.6
854.29559,578.2
854.41333,578.0
854.53107,578.6
854.64886,583.2
854.7666,577.2
854.88434,569.8
855.00208,580.2
855.11981,576.0
855.23761,581.4
855.35535,577.6
855.47302,575.4
855.59076,569.6
855.7085,578.0
855.82623,577.2
855.94397,576.8
856.06165,581.0
856.17938,576.0
856.29712,570.6
856.41479,573.2
856.53253,570.8
856.65021,575.0
856.76788,579.4
856.88562,577.4
857.0033,572.2
857.12097,576.6
857.23865,573.4
857.35632,568.0
857.474,573.4
857.59167,570.0
857.70935,567.8
857.82703,571.6
857.9447,570.2
858.06238,568.8
858.18005,570.2
858.29767,568.0
858.41534,567.8
858.53296,570.2
858.65063,571.4
858.76825,573.0
858.88593,568.0
859.00354,569.0
859.12115,563.4
859.23883,567.6
859.35645,570.2
859.47406,568.2
859.59167,565.0
859.70929,571.4
859.8269,566.0
859.94452,561.8
860.06213,568.0
860.17975,560.4
860.29736,562.2
860.41492,562.4
860.53253,556.6
860.65009,559.8
860.7677,561.0
860.88525,569.0
861.00287,568.0
861.12042,568.4
861.23804,573.6
861.35559,571.6
861.47314,561.6
861.5907,567.2
861.70825,556.8
861.82581,560.0
861.94336,554.2
862.06091,553.2
862.17847,556.4
862.29602,551.4
862.41357,551.6
862.53113,554.6
862.64862,554.4
862.76617,548.2
862.88367,557.2
863.00122,557.8
863.11871,553.6
863.23627,561.6
863.35376,557.4
863.47125,557.0
863.58881,553.2
863.7063,557.6
863.82379,550.0
863.94128,551.8
864.05878,557.8
864.17627,556.4
864.29376,556.0
864.41125,556.8
864.52869,556.2
864.64618,558.2
864.76367,552.4
864.8811,556.2
864.9986,555.8
865.11609,553.8
865.23352,556.2
865.35095,551.8
865.46844,553.0
865.58588,550.2
865.70331,553.4
865.82074,555.8
865.93823,552.4
866.05566,557.2
866.1731,556.0
866.29053,554.8
866.4079,557.4
866.52533,555.0
866.64276,556.4
866.76019,554.0
866.87756,554.6
866.995,560.0
867.11243,557.4
867.2298,552.6
867.34723,557.4
867.4646,554.0
867.58197,557.0
867.6994,555.4
867.81677,554.0
867.93414,553.6
868.05151,547.2
868.16888,557.4
868.28625,550.0
868.40363,559.0
868.521,556.0
868.63837,556.4
868.75568,558.0
868.87305,554.8
868.99042,556.6
869.10773,553.2
869.2251,562.4
869.34241,564.4
869.45978,553.8
869.57709,555.6
869.69446,556.8
869.81177,560.4
869.92908,568.0
870.04639,564.8
870.1637,555.0
870.28101,563.0
870.39832,559.6
870.51563,558.8
870.63293,559.2
870.75024,561.8
870.86749,558.6
870.9848,559.2
871.10211,561.8
871.21936,561.8
871.33667,560.4
871.45392,559.2
871.57123,561.2
871.68848,558.4
871.80573,559.4
871.92297,566.2
872.04028,560.2
872.15753,559.4
872.27478,553.2
872.39203,559.2
872.50928,556.0
872.62646,559.4
872.74371,560.6
872.86096,560.6
872.97821,560.2
873.0954,556.6
873.21265,550.0
873.32983,553.8
873.44708,555.8
873.56427,559.6
873.68152,559.0
873.79871,561.2
873.91589,556.2
874.03308,555.8
874.15027,556.0
874.26746,554.6
874.38464,556.6
874.50183,555.2
874.61902,557.0
874.73621,559.4
874.85339,561.2
874.97052,555.6
875.08771,558.8
875.2049,562.4
875.32202,550.4
875.43921,567.2
875.55634,556.4
875.67346,564.4
875.79065,561.2
875.90778,557.8
876.0249,561.8
876.14203,559.8
876.25916,561.2
876.37628,562.6
876.49341,560.0
876.61053,559.2
876.72766,559.2
876.84473,565.8
876.96185,556.6
877.07898,558.4
877.19604,557.0
877.31317,562.0
877.43024,559.2
877.54736,558.2
877.66443,557.8
877.78149,558.0
877.89856,554.8
878.01569,552.2
878.13275,551.0
878.24982,552.6
878.36688,553.6
878.48395,552.0
878.60095,547.0
878.71802,545.4
878.83508,548.0
878.95215,544.4
879.06915,541.8
879.18622,549.2
879.30322,547.8
879.42029,543.0
879.53729,544.4
879.6543,548.6
879.77136,542.6
879.88837,545.8
880.00537,548.0
880.12238,547.4
880.23938,544.6
880.35638,543.8
880.47339,541.0
880.59039,546.6
880.70734,540.4
880.82434,547.6
880.94135,547.2
881.05829,545.0
881.17529,541.0
881.29224,546.6
881.40924,542.4
881.52618,541.8
881.64313,541.8
881.76007,543.8
881.87701,545.0
881.99402,543.2
882.11096,545.6
882.22791,544.2
882.34479,542.6
882.46173,545.8
882.57867,547.4
882.69562,550.8
882.8125,550.2
882.92944,554.6
883.04639,542.6
883.16327,549.8
883.28015,544.2
883.39709,545.4
883.51398,546.6
883.63086,549.2
883.74774,552.0
883.86462,551.4
883.98157,549.4
884.09839,552.0
884.21527,554.2
884.33215,552.6
884.44904,552.0
884.56592,551.6
884.68274,549.2
884.79962,557.8
884.9165,560.6
885.03333,560.8
885.15015,555.0
885.26703,562.6
885.38385,558.4
885.50067,568.0
885.61749,574.4
885.73438,568.2
885.8512,567.0
885.96802,568.8
886.08478,563.4
886.2016,562.0
886.31842,559.6
886.43524,560.0
886.55206,556.2
886.66882,556.6
886.78564,551.6
886.9024,554.2
887.01923,551.2
887.13599,554.0
887.25275,548.8
887.36951,556.0
887.48633,547.8
887.60309,552.0
887.71985,543.6
887.83661,541.2
887.95337,536.4
888.07007,540.2
888.18683,541.0
888.30359,533.8
888.42035,537.2
888.53705,531.0
888.65381,534.2
888.77051,531.2
888.88721,532.6
889.00397,532.4
889.12067,531.2
889.23737,531.6
889.35406,533.8
889.47083,530.2
889.58752,525.6
889.70416,537.4
889.82086,526.4
889.93756,538.4
890.05426,531.2
890.17096,528.4
890.2876,530.8
890.4043,535.2
890.52094,532.2
890.63763,533.8
890.75427,531.0
890.87091,536.4
890.98761,532.0
891.10425,535.0
891.22089,531.0
891.33752,532.2
891.45416,529.4
891.5708,531.4
891.68744,519.6
891.80408,529.8
891.92065,531.8
892.03729,526.2
892.15393,532.4
892.27051,531.4
892.38715,532.4
892.50372,533.6
892.6203,528.2
892.73694,535.8
892.85352,529.2
892.97009,531.4
893.08667,529.2
893.20325,531.6
893.31982,536.0
893.4364,534.2
893.55298,535.8
893.66956,535.4
893.78607,531.6
893.90265,535.6
894.01917,531.6
894.13574,536.2
894.25226,536.4
894.36884,530.8
894.48535,532.8
894.60187,535.6
894.71838,532.4
894.8349,537.8
894.95148,533.2
895.06793,538.2
895.18445,531.8
895.30096,532.0
895.41748,531.6
895.534,530.8
895.65045,533.4
895.76697,531.6
895.88342,535.6
895.99994,530.0
896.11639,532.6
896.23291,527.4
896.34937,532.0
896.46582,532.8
896.58228,534.2
896.69873,529.6
896.81519,532.6
896.93164,526.2
897.0481,532.8
897.16455,529.0
897.28094,532.6
897.3974,530.0
897.51385,535.2
897.63025,528.6
897.7467,533.4
897.8631,530.8
897.97949,534.4
898.09595,530.8
898.21234,533.2
898.32874,534.8
898.44513,530.8
898.56152,532.4
898.67792,530.0
898.79431,529.6
898.91064,529.0
899.02704,529.8
899.14343,533.0
899.25977,533.6
899.37616,533.6
899.49249,528.6
899.60889,527.0
899.72522,536.6
899.84155,530.6
899.95789,530.4
900.07428,534.2
900.19061,539.0
900.30695,534.4
900.42322,532.4
900.53955,527.0
900.65588,532.6
900.77222,533.8
900.88849,539.0
901.00482,533.2
901.12109,528.0
901.23743,531.4
901.3537,532.8
901.47003,535.2
901.5863,535.6
901.70258,535.4
901.81885,533.2
901.93512,539.6
902.05139,535.4
902.16766,538.6
902.28394,541.2
902.40021,541.6
902.51642,541.6
902.63269,541.0
902.7489,534.6
902.86517,539.6
902.98138,536.2
903.09766,534.6
903.21387,542.6
903.33008,535.4
903.44629,536.4
903.5625,530.6
903.67871,533.6
903.79492,525.8
903.91113,531.2
904.02734,521.4
904.14355,526.2
904.2597,523.6
904.37592,527.8
904.49207,518.8
904.60828,522.0
904.72443,516.0
904.84064,526.8
904.95679,521.8
905.07294,521.6
905.18909,520.0
905.30524,519.0
905.42139,519.8
905.53754,521.6
905.65369,517.8
905.76984,516.0
905.88593,517.0
906.00208,518.8
906.11816,517.2
906.23431,513.8
906.3504,511.6
906.46655,512.4
906.58264,515.0
906.69873,512.4
906.81482,509.4
906.93091,514.8
907.047,513.2
907.16309,509.6
907.27917,510.8
907.39526,509.6
907.51135,513.4
907.62738,504.8
907.74347,514.8
907.8595,513.2
907.97559,505.6
908.09161,514.2
908.2077,513.0
908.32373,513.8
908.43976,512.6
908.55579,509.8
908.67181,510.6
908.78784,507.8
908.90387,508.8
909.0199,504.8
909.13586,506.6
909.25189,511.4
909.36792,506.0
909.48389,509.0
909.59991,509.4
909.71588,510.4
909.83185,510.4
909.94788,505.8
910.06384,502.8
910.17981,509.0
910.29578,505.8
910.41174,506.2
910.52771,508.2
910.64368,505.6
910.75958,506.6
910.87555,509.6
910.99152,504.0
911.10742,506.8
911.22339,502.8
911.33929,507.0
911.4552,503.6
911.57117,509.2
911.68707,507.4
911.80298,505.2
911.91888,497.6
912.03479,507.6
912.1507,508.4
912.2666,506.6
912.38245,501.6
912.49835,506.2
912.61426,508.0
912.7301,506.8
912.84601,507.8
792.4458,911.4
792.56488,883.0
792.68396,897.4
792.8031,895.8
792.92218,868.0
793.04126,847.4
793.16034,849.4
793.27942,840.8
793.3985,833.2
793.51758,811.2
793.63672,801.6
793.7558,792.8
793.87488,804.8
793.9939,795.4
794.11298,788.6
794.23206,784.4
794.35114,773.8
794.47021,761.8
794.58929,747.8
794.70831,751.0
794.82739,745.0
794.94647,747.2
795.06549,740.0
795.18457,729.8
795.30365,720.4
795.42267,709.8
795.54175,710.2
795.66077,712.0
795.77985,706.2
795.89886,700.8
796.01794,701.2
796.13696,698.0
796.25598,692.6
796.375,690.6
796.49408,690.2
796.6131,691.0
796.73212,684.6
796.85114,688.2
796.97015,677.8
797.08923,679.2
797.20825,670.6
797.32727,667.2
797.44629,666.4
797.56531,668.6
797.68427,666.8
797.80328,659.4
797.9223,665.2
798.04132,665.4
798.16034,663.6
798.27936,662.4
798.39832,662.8
798.51733,658.0
798.63635,652.4
798.75531,658.4
798.87433,653.6
798.99329,647.8
799.1123,645.2
799.23126,645.6
799.35028,645.4
799.46924,650.2
799.58826,646.6
799.70721,644.0
799.82617,640.6
799.94519,643.2
800.06415,645.0
800.18311,642.4
800.30206,645.8
800.42102,646.2
800.54004,641.4
800.659,644.0
800.77795,635.0
800.89691,631.8
801.01587,639.6
801.13483,633.8
801.25372,641.2
801.37268,638.4
801.49164,636.6
801.6106,639.8
801.72955,639.6
801.84845,637.0
801.96741,637.6
802.08636,641.4
802.20526,633.8
802.32422,629.6
802.44318,637.4
802.56207,632.8
802.68103,637.8
802.79993,636.2
802.91882,634.2
803.03778,630.6
803.15668,626.8
803.27557,630.4
803.39453,630.4
803.51343,631.2
803.63232,637.0
803.75122,636.0
803.87012,628.8
803.98907,627.0
804.10797,631.2
804.22687,629.4
804.34576,627.0
804.46466,635.4
804.58356,630.2
804.70239,630.2
804.82129,622.4
804.94019,633.4
805.05908,628.8
805.17798,625.8
805.29681,630.8
805.41571,631.4
805.53461,630.4
805.65344,631.8
805.77234,633.2
805.89117,635.8
806.01007,642.8
806.12891,634.8
806.2478,633.4
806.36664,637.8
806.48547,624.4
806.60437,636.2
806.72321,633.2
806.84204,641.2
806.96088,626.6
807.07971,629.4
807.19861,631.8
807.31744,632.2
807.43628,638.8
807.55511,632.0
807.67395,634.4
807.79279,636.0
807.91162,636.8
808.0304,640.2
808.14923,638.6
808.26807,632.0
808.3869,634.0
808.50568,635.8
808.62451,634.2
808.74335,639.0
808.86212,640.6
808.98096,639.4
809.09979,642.6
809.21857,637.4
809.33734,636.6
809.45618,632.6
809.57495,641.2
809.69379,641.4
809.81256,641.0
809.93134,635.4
810.05011,626.8
810.16895,633.4
810.28772,633.4
810.40649,629.4
810.52527,644.6
810.64404,635.6
810.76282,647.8
810.88159,641.0
811.00037,642.6
811.11914,634.4
811.23792,630.8
811.35663,639.0
811.4754,635.8
811.59418,636.2
811.71295,645.6
811.83167,638.6
811.95044,632.2
812.06921,638.6
812.18793,636.8
812.3067,634.2
812.42542,637.6
812.54419,638.2
812.6629,642.4
812.78162,637.6
812.90039,628.2
813.0191,634.8
813.13782,634.4
813.25653,632.0
813.37524,634.0
813.49402,633.8
813.61273,635.6
813.73145,630.8
813.85016,637.2
813.96887,632.6
814.08759,635.0
814.2063,629.8
814.32495,633.4
814.44366,633.8
814.56238,630.4
814.68109,627.4
814.79974,624.6
814.91846,628.4
815.03717,630.2
815.15582,624.6
815.27454,627.6
815.39319,620.6
815.5119,621.4
815.63055,612.4
815.74927,621.0
815.86792,625.0
815.98657,623.8
816.10529,619.6
816.22394,622.6
816.34259,621.2
816.46124,630.8
816.5799,631.2
816.69855,629.6
816.8172,626.0
816.93585,622.4
817.0545,626.0
817.17316,618.8
817.29181,611.2
817.41046,608.2
817.52911,609.2
817.64771,606.2
817.76636,597.4
817.88501,600.8
818.0036,598.8
818.12225,593.0
818.24091,591.4
818.3595,590.6
818.47815,592.2
818.59674,589.6
818.71533,589.8
818.83398,585.0
818.95258,579.8
819.07117,580.4
819.18976,579.6
819.30841,582.4
819.427,584.8
819.54559,582.2
819.66418,586.6
819.78278,578.0
819.90137,578.0
820.01996,573.4
820.13855,581.2
820.25714,573.0
820.37573,573.8
820.49426,581.0
820.61285,572.8
820.73145,569.8
820.84998,566.6
820.96857,566.4
821.08716,570.4
821.20569,572.8
821.32428,565.6
821.44281,572.4
821.56134,566.6
821.67993,564.0
821.79846,568.4
821.91699,565.8
822.03558,569.0
822.15411,568.0
822.27264,567.4
822.39117,559.8
822.5097,561.0
822.62823,562.0
822.74677,565.0
822.8653,563.6
822.98383,564.0
823.10236,563.4
823.22089,560.8
823.33942,558.4
823.45789,561.6
823.57642,564.8
823.69495,560.2
823.81342,560.8
823.93195,558.4
824.05042,561.4
824.16895,560.2
824.28741,567.2
824.40594,559.4
824.52441,566.4
824.64288,564.6
824.76141,558.8
824.87988,559.8
824.99835,560.2
825.11682,556.0
825.23529,566.4
825.35376,559.4
825.47223,562.4
825.5907,559.6
825.70917,556.4
825.82764,556.8
825.94611,553.4
826.06458,552.0
826.18304,553.2
826.30145,559.8
826.41992,555.0
826.53839,555.8
826.6568,560.2
826.77527,560.2
826.89368,555.6
827.01215,559.2
827.13055,558.2
827.24902,554.4
827.36743,552.2
827.48584,556.6
827.60431,554.6
827.72272,557.8
827.84113,545.2
827.95953,550.4
828.07794,551.2
828.19635,551.0
828.31476,549.0
828.43317,548.2
828.55157,547.2
828.66998,546.0
828.78839,551.6
828.90674,552.2
829.02515,552.2
829.14355,548.6
829.2619,548.0
829.38031,549.4
829.49872,548.2
829.61707,547.2
829.73547,546.8
829.85382,544.6
829.97217,544.6
830.09058,545.8
830.20892,542.4
830.32727,544.0
830.44562,545.0
830.56403,547.2
830.68237,552.2
830.80072,548.6
830.91907,542.4
831.03741,544.4
831.15576,544.4
831.27411,548.4
831.3924,544.2
831.51074,539.2
831.62909,543.4
831.74744,543.6
831.86572,548.2
831.98407,546.0
832.10242,547.2
832.2207,545.0
832.33905,545.8
832.45734,546.0
832.57562,549.8
832.69397,541.2
832.81226,544.2
832.93054,545.4
833.04889,544.2
833.16718,544.2
833.28546,544.2
833.40375,551.0
833.52203,546.4
833.64032,541.4
833.75861,546.6
833.87689,550.0
833.99518,551.6
834.1134,549.6
834.23169,554.6
834.34998,549.2
834.46826,550.8
834.58649,552.8
834.70477,554.8
834.823,550.2
834.94128,552.8
835.05951,549.0
835.1778,551.6
835.29602,545.2
835.41425,550.4
835.53253,546.8
835.65076,547.2
835.76898,557.2
835.88721,548.6
836.00543,557.2
836.12366,551.6
836.24188,550.4
836.36011,548.2
836.47833,548.4
836.59656,554.4
836.71478,548.0
836.83295,553.6
836.95117,545.2
837.0694,553.0
837.18756,544.0
837.30579,553.6
837.42401,551.4
837.54218,553.8
837.66034,548.2
837.77856,554.2
837.89673,549.8
838.01489,549.8
838.13312,546.0
838.25128,554.6
838.36945,554.0
838.48761,549.6
838.60577,553.8
838.72394,551.2
838.8421,553.2
838.96027,553.8
839.07843,551.8
839.19659,553.4
839.31476,551.2
839.43286,554.2
839.55103,558.4
839.66919,558.6
839.78729,553.8
839.90546,556.2
840.02356,551.0
840.14172,559.8
840.25983,550.2
840.37793,550.8
840.49609,545.4
840.6142,559.0
840.7323,553.6
840.8504,549.4
840.96851,547.4
841.08661,557.2
841.20471,556.4
841.32281,554.8
841.44092,553.0
841.55902,556.0
841.67712,548.6
841.79523,553.8
841.91327,551.8
842.03137,550.6
842.14948,554.6
842.26752,550.6
842.38562,550.8
842.50366,547.6
842.62177,545.2
842.73981,547.8
842.85791,549.0
842.97595,555.8
843.09399,555.0
843.21204,553.4
843.33008,557.2
843.44818,551.8
843.56622,550.8
843.68427,547.6
843.80231,557.4
843.92029,558.2
844.03833,557.2
844.15637,558.6
844.27441,556.6
844.39246,560.4
844.51044,557.0
844.62848,552.0
844.74646,552.4
844.8645,557.4
844.98248,555.0
845.10052,551.4
845.21851,559.0
845.33649,556.0
845.45453,554.6
845.57251,556.4
845.69049,549.2
845.80847,552.8
845.92645,557.6
846.04443,558.6
846.16241,560.6
846.2804,564.2
846.39838,561.2
846.51636,563.8
846.63434,567.4
846.75226,566.6
846.87024,569.2
846.98822,565.6
847.10614,560.8
847.22412,565.4
847.34204,559.6
847.46002,561.2
847.57794,553.8
847.69586,561.4
847.81384,559.0
847.93176,561.2
848.04968,561.6
848.1676,560.6
848.28552,560.2
848.40344,555.6
848.52136,557.4
848.63928,561.4
848.7572,552.8
848.87512,559.8
848.99304,557.2
849.1109,553.2
849.22882,541.4
849.34674,555.6
849.4646,550.8
849.58252,551.8
849.70038,552.0
849.8183,543.4
849.93616,551.0
850.05402,552.8
850.17194,555.4
850.28979,552.0
850.40765,553.0
850.52551,547.8
850.64337,548.4
850.76123,550.4
850.87909,548.0
850.99695,547.6
851.11481,547.2
851.23267,556.2
851.35046,550.6
851.46832,542.0
851.58618,550.2
851.70398,541.4
851.82184,550.0
851.93964,560.4
852.0575,564.0
852.17529,575.4
852.29315,569.8
852.41095,562.2
852.52875,550.4
852.64655,547.0
852.7644,546.2
852.8822,543.8
853.0,545.0
853.1178,545.8
853.2356,545.8
853.35333,544.2
853.47113,550.6
853.58893,544.4
853.70673,545.6
853.82446,549.4
853.94226,554.8
854.06006,547.2
854.1778,553.2
854.29559,546.8
854.41333,558.6
854.53107,550.2
854.64886,548.2
854.7666,550.8
854.88434,546.8
855.00208,547.8
855.11981,549.8
855.23761,548.2
855.35535,548.8
855.47302,544.8
855.59076,548.4
855.7085,549.8
855.82623,542.4
855.94397,547.8
856.06165,554.0
856.17938,552.6
856.29712,553.6
856.41479,547.2
856.53253,549.2
856.65021,547.6
856.76788,544.4
856.88562,550.8
857.0033,548.6
857.12097,546.6
857.23865,551.0
857.35632,545.4
857.474,547.4
857.59167,545.6
857.70935,549.6
857.82703,547.8
857.9447,545.2
858.06238,546.8
858.18005,545.2
858.29767,546.0
858.41534,545.4
858.53296,549.8
858.65063,544.6
858.76825,545.2
858.88593,544.2
859.00354,543.6
859.12115,541.2
859.23883,546.2
859.35645,546.4
859.47406,543.4
859.59167,542.8
859.70929,542.8
859.8269,542.6
859.94452,540.2
860.06213,541.4
860.17975,545.6
860.29736,536.8
860.41492,536.0
860.53253,536.8
860.65009,537.4
860.7677,534.0
860.88525,541.2
861.00287,542.2
861.12042,544.4
861.23804,545.6
861.35559,545.8
861.47314,534.2
861.5907,540.2
861.70825,538.4
861.82581,538.8
861.94336,531.0
862.06091,528.6
862.17847,532.0
862.29602,534.8
862.41357,528.6
862.53113,536.2
862.64862,535.6
862.76617,530.0
862.88367,533.8
863.00122,530.8
863.11871,531.4
863.23627,538.2
863.35376,534.0
863.47125,539.0
863.58881,536.2
863.7063,534.8
863.82379,532.8
863.94128,533.4
864.05878,539.4
864.17627,530.8
864.29376,534.6
864.41125,529.4
864.52869,533.4
864.64618,533.4
864.76367,530.6
864.8811,532.8
864.9986,531.4
865.11609,530.4
865.23352,531.6
865.35095,534.0
865.46844,533.4
865.58588,530.4
865.70331,531.8
865.82074,532.2
865.93823,534.0
866.05566,531.8
866.1731,531.6
866.29053,534.8
866.4079,531.2
866.52533,536.0
866.64276,536.4
866.76019,531.8
866.87756,532.4
866.995,535.0
867.11243,533.2
867.2298,541.6
867.34723,535.2
867.4646,533.6
867.58197,531.0
867.6994,536.6
867.81677,534.6
867.93414,534.2
868.05151,534.6
868.16888,534.2
868.28625,531.4
868.40363,539.4
868.521,535.0
868.63837,532.4
868.75568,533.2
868.87305,539.2
868.99042,541.4
869.10773,531.0
869.2251,530.8
869.34241,537.4
869.45978,535.4
869.57709,538.6
869.69446,532.4
869.81177,542.4
869.92908,546.0
870.04639,544.6
870.1637,535.4
870.28101,540.4
870.39832,544.2
870.51563,539.0
870.63293,542.0
870.75024,539.6
870.86749,537.4
870.9848,541.6
871.10211,543.4
871.21936,543.2
871.33667,541.4
871.45392,540.6
871.57123,544.4
871.68848,546.4
871.80573,541.0
871.92297,544.8
872.04028,536.8
872.15753,541.4
872.27478,540.4
872.39203,535.4
872.50928,542.0
872.62646,537.6
872.74371,537.6
872.86096,543.4
872.97821,537.8
873.0954,543.4
873.21265,538.0
873.32983,537.2
873.44708,536.2
873.56427,540.0
873.68152,533.2
873.79871,539.8
873.91589,536.4
874.03308,539.0
874.15027,541.2
874.26746,538.0
874.38464,546.2
874.50183,542.4
874.61902,545.0
874.73621,542.0
874.85339,539.2
874.97052,544.0
875.08771,541.6
875.2049,540.4
875.32202,540.4
875.43921,545.6
875.55634,541.6
875.67346,544.4
875.79065,541.0
875.90778,544.4
876.0249,539.0
876.14203,542.8
876.25916,537.8
876.37628,542.2
876.49341,543.6
876.61053,539.0
876.72766,542.6
876.84473,543.0
876.96185,541.4
877.07898,541.8
877.19604,544.2
877.31317,547.2
877.43024,540.8
877.54736,541.4
877.66443,546.0
877.78149,538.4
877.89856,536.4
878.01569,538.8
878.13275,541.2
878.24982,534.6
878.36688,531.0
878.48395,534.2
878.60095,531.2
878.71802,527.0
878.83508,528.8
878.95215,530.6
879.06915,527.4
879.18622,527.2
879.30322,528.8
879.42029,524.2
879.53729,529.2
879.6543,534.4
879.77136,523.8
879.88837,531.6
880.00537,530.0
880.12238,527.4
880.23938,528.6
880.35638,532.4
880.47339,527.8
880.59039,525.4
880.70734,527.0
880.82434,532.4
880.94135,528.4
881.05829,527.0
881.17529,526.6
881.29224,530.0
881.40924,528.4
881.52618,527.4
881.64313,525.4
881.76007,529.6
881.87701,527.2
881.99402,526.4
882.11096,530.8
882.22791,522.2
882.34479,527.2
882.46173,531.6
882.57867,528.8
882.69562,536.0
882.8125,534.0
882.92944,539.4
883.04639,538.2
883.16327,542.2
883.28015,536.0
883.39709,531.2
883.51398,537.6
883.63086,537.4
883.74774,532.0
883.86462,537.6
883.98157,532.0
884.09839,535.8
884.21527,535.8
884.33215,535.0
884.44904,534.8
884.56592,538.2
884.68274,541.0
884.79962,540.8
884.9165,543.2
885.03333,548.8
885.15015,546.4
885.26703,552.0
885.38385,551.2
885.50067,557.6
885.61749,557.2
885.73438,556.4
885.8512,560.8
885.96802,553.2
886.08478,546.6
886.2016,547.6
886.31842,550.0
886.43524,540.8
886.55206,545.8
886.66882,542.8
886.78564,539.0
886.9024,540.2
887.01923,536.0
887.13599,540.2
887.25275,534.8
887.36951,527.8
887.48633,532.6
887.60309,530.2
887.71985,529.0
887.83661,525.8
887.95337,524.8
888.07007,523.4
888.18683,524.4
888.30359,525.2
888.42035,522.2
888.53705,519.2
888.65381,519.6
888.77051,517.0
888.88721,516.8
889.00397,517.2
889.12067,515.2
889.23737,513.2
889.35406,520.6
889.47083,517.8
889.58752,513.6
889.70416,517.2
889.82086,513.6
889.93756,517.0
890.05426,517.2
890.17096,519.2
890.2876,514.2
890.4043,520.0
890.52094,516.0
890.63763,514.0
890.75427,517.4
890.87091,517.0
890.98761,516.4
891.10425,521.2
891.22089,515.4
891.33752,521.2
891.45416,517.2
891.5708,518.0
891.68744,514.0
891.80408,515.6
891.92065,516.6
892.03729,518.0
892.15393,518.2
892.27051,518.2
892.38715,522.8
892.50372,514.4
892.6203,520.8
892.73694,521.4
892.85352,520.6
892.97009,517.0
893.08667,518.8
893.20325,517.8
893.31982,524.2
893.4364,517.0
893.55298,517.2
893.66956,520.8
893.78607,521.6
893.90265,525.8
894.01917,521.0
894.13574,522.2
894.25226,521.2
894.36884,514.8
894.48535,519.0
894.60187,520.0
894.71838,521.0
894.8349,517.6
894.95148,519.2
895.06793,521.2
895.18445,516.4
895.30096,521.8
895.41748,520.6
895.534,515.8
895.65045,518.2
895.76697,518.2
895.88342,512.6
895.99994,510.4
896.11639,511.2
896.23291,517.4
896.34937,517.6
896.46582,521.2
896.58228,521.0
896.69873,514.0
896.81519,514.2
896.93164,516.0
897.0481,517.0
897.16455,516.8
897.28094,522.4
897.3974,519.4
897.51385,526.8
897.63025,523.0
897.7467,520.8
897.8631,521.2
897.97949,518.8
898.09595,524.4
898.21234,520.4
898.32874,516.0
898.44513,520.6
898.56152,517.2
898.67792,514.6
898.79431,521.8
898.91064,516.8
899.02704,510.4
899.14343,515.8
899.25977,513.0
899.37616,514.2
899.49249,516.0
899.60889,517.8
899.72522,515.2
899.84155,517.6
899.95789,515.2
900.07428,516.8
900.19061,524.0
900.30695,516.4
900.42322,522.8
900.53955,522.2
900.65588,518.4
900.77222,524.0
900.88849,524.6
901.00482,515.6
901.12109,523.0
901.23743,521.2
901.3537,520.4
901.47003,523.6
901.5863,528.0
901.70258,530.6
901.81885,528.2
901.93512,528.0
902.05139,525.4
902.16766,530.4
902.28394,530.6
902.40021,530.4
902.51642,531.8
902.63269,522.0
902.7489,528.6
902.86517,524.2
902.98138,531.2
903.09766,526.8
903.21387,522.0
903.33008,522.0
903.44629,526.2
903.5625,522.2
903.67871,523.8
903.79492,512.2
903.91113,519.4
904.02734,512.8
904.14355,513.2
904.2597,516.6
904.37592,513.4
904.49207,515.8
904.60828,510.0
904.72443,506.4
904.84064,511.8
904.95679,511.2
905.07294,512.0
905.18909,507.0
905.30524,510.4
905.42139,509.0
905.53754,507.8
905.65369,505.2
905.76984,506.2
905.88593,506.0
906.00208,501.8
906.11816,499.6
906.23431,499.2
906.3504,503.2
906.46655,499.6
906.58264,497.4
906.69873,498.8
906.81482,493.8
906.93091,498.6
907.047,500.2
907.16309,503.2
907.27917,493.2
907.39526,498.4
907.51135,496.0
907.62738,494.2
907.74347,499.6
907.8595,498.4
907.97559,500.4
908.09161,501.4
908.2077,493.8
908.32373,499.4
908.43976,495.4
908.55579,492.6
908.67181,495.4
908.78784,495.8
908.90387,496.8
909.0199,496.6
909.13586,493.6
909.25189,496.0
909.36792,489.8
909.48389,490.4
909.59991,490.0
909.71588,496.0
909.83185,497.2
909.94788,495.6
910.06384,492.8
910.17981,494.0
910.29578,492.0
910.41174,495.6
910.52771,495.0
910.64368,496.0
910.75958,491.4
910.87555,495.8
910.99152,495.0
911.10742,496.0
911.22339,489.0
911.33929,495.4
911.4552,499.6
911.57117,490.0
911.68707,495.0
911.80298,497.6
911.91888,494.2
912.03479,490.0
912.1507,499.4
912.2666,491.2
912.38245,493.8
912.49835,494.4
912.61426,493.6
912.7301,490.8
912.84601,492.2
792.4458,775.8
792.56488,761.8
792.68396,763.2
792.8031,769.4
792.92218,749.4
793.04126,737.2
793.16034,734.0
793.27942,731.0
793.3985,720.6
793.51758,707.4
793.63672,705.4
793.7558,701.4
793.87488,712.0
793.9939,695.6
794.11298,694.6
794.23206,685.0
794.35114,681.8
794.47021,678.0
794.58929,669.4
794.70831,668.8
794.82739,664.4
794.94647,666.0
795.06549,665.2
795.18457,653.2
795.30365,651.4
795.42267,647.2
795.54175,643.8
795.66077,650.2
795.77985,645.4
795.89886,644.4
796.01794,643.0
796.13696,638.8
796.25598,644.8
796.375,635.8
796.49408,633.0
796.6131,641.6
796.73212,636.8
796.85114,630.6
796.97015,633.6
797.08923,627.0
797.20825,627.2
797.32727,625.0
797.44629,628.8
797.56531,623.0
797.68427,623.4
797.80328,619.4
797.9223,624.4
798.04132,617.8
798.16034,621.0
798.27936,619.4
798.39832,614.0
798.51733,610.4
798.63635,619.0
798.75531,613.8
798.87433,606.2
798.99329,607.0
799.1123,607.2
799.23126,609.8
799.35028,611.2
799.46924,608.6
799.58826,616.0
799.70721,608.0
799.82617,610.6
799.94519,611.2
800.06415,615.0
800.18311,609.6
800.30206,614.2
800.42102,617.0
800.54004,616.8
800.659,611.8
800.77795,611.8
800.89691,610.2
801.01587,608.8
801.13483,618.2
801.25372,610.6
801.37268,607.0
801.49164,612.4
801.6106,618.6
801.72955,610.4
801.84845,614.6
801.96741,614.8
802.08636,606.6
802.20526,614.6
802.32422,613.2
802.44318,613.8
802.56207,617.2
802.68103,613.0
802.79993,609.6
802.91882,615.8
803.03778,615.4
803.15668,615.0
803.27557,613.0
803.39453,615.8
803.51343,614.0
803.63232,621.4
803.75122,611.8
803.87012,615.4
803.98907,617.2
804.10797,621.8
804.22687,615.4
804.34576,617.4
804.46466,620.8
804.58356,623.8
804.70239,611.4
804.82129,616.0
804.94019,615.2
805.05908,622.0
805.17798,620.2
805.29681,625.6
805.41571,625.4
805.53461,621.2
805.65344,621.8
805.77234,624.8
805.89117,624.0
806.01007,626.2
806.12891,627.8
806.2478,627.0
806.36664,620.4
806.48547,625.4
806.60437,623.4
806.72321,626.6
806.84204,627.8
806.96088,624.8
807.07971,629.2
807.19861,634.0
807.31744,630.8
807.43628,628.4
807.55511,634.2
807.67395,630.8
807.79279,618.6
807.91162,636.6
808.0304,630.4
808.14923,634.2
808.26807,627.0
808.3869,634.2
808.50568,631.6
808.62451,639.6
808.74335,633.6
808.86212,632.2
808.98096,633.2
809.09979,636.2
809.21857,637.0
809.33734,636.6
809.45618,638.8
809.57495,638.2
809.69379,645.0
809.81256,644.0
809.93134,637.6
810.05011,637.2
810.16895,632.4
810.28772,635.0
810.40649,634.8
810.52527,639.6
810.64404,635.8
810.76282,637.2
810.88159,643.6
811.00037,641.6
811.11914,637.0
811.23792,632.2
811.35663,638.4
811.4754,639.6
811.59418,636.6
811.71295,642.8
811.83167,639.8
811.95044,643.6
812.06921,644.0
812.18793,634.2
812.3067,634.2
812.42542,640.4
812.54419,644.0
812.6629,645.0
812.78162,637.4
812.90039,641.2
813.0191,633.8
813.13782,635.6
813.25653,636.2
813.37524,637.8
813.49402,639.2
813.61273,636.8
813.73145,632.4
813.85016,631.2
813.96887,636.8
814.08759,638.8
814.2063,631.0
814.32495,633.0
814.44366,636.8
814.56238,627.0
814.68109,630.2
814.79974,624.4
814.91846,616.8
815.03717,622.6
815.15582,627.4
815.27454,623.4
815.39319,613.4
815.5119,618.4
815.63055,616.2
815.74927,622.8
815.86792,621.6
815.98657,613.8
816.10529,619.8
816.22394,620.8
816.34259,626.6
816.46124,627.8
816.5799,622.4
816.69855,633.0
816.8172,627.0
816.93585,622.4
817.0545,621.8
817.17316,608.4
817.29181,611.8
817.41046,613.0
817.52911,603.2
817.64771,591.6
817.76636,589.0
817.88501,588.2
818.0036,584.8
818.12225,587.8
818.24091,579.2
818.3595,573.6
818.47815,576.4
818.59674,571.2
818.71533,569.0
818.83398,567.2
818.95258,564.4
819.07117,560.8
819.18976,558.6
819.30841,563.0
819.427,559.6
819.54559,564.0
819.66418,558.4
819.78278,560.8
819.90137,563.4
820.01996,555.0
820.13855,552.6
820.25714,559.8
820.37573,551.2
820.49426,551.6
820.61285,552.0
820.73145,548.8
820.84998,546.2
820.96857,547.4
821.08716,551.4
821.20569,550.2
821.32428,542.0
821.44281,547.6
821.56134,544.0
821.67993,540.2
821.79846,541.8
821.91699,545.0
822.03558,541.4
822.15411,540.4
822.27264,539.6
822.39117,541.4
822.5097,544.2
822.62823,538.6
822.74677,545.0
822.8653,531.8
822.98383,537.4
823.10236,539.0
823.22089,537.4
823.33942,542.6
823.45789,542.4
823.57642,543.0
823.69495,542.0
823.81342,543.6
823.93195,537.2
824.05042,546.2
824.16895,540.2
824.28741,542.4
824.40594,541.8
824.52441,537.0
824.64288,544.6
824.76141,546.2
824.87988,537.0
824.99835,539.2
825.11682,531.6
825.23529,537.4
825.35376,539.0
825.47223,537.0
825.5907,533.8
825.70917,533.8
825.82764,532.2
825.94611,528.0
826.06458,529.4
826.18304,532.8
826.30145,529.6
826.41992,532.4
826.53839,535.0
826.6568,536.8
826.77527,532.0
826.89368,534.6
827.01215,535.8
827.13055,530.6
827.24902,524.4
827.36743,525.6
827.48584,529.2
827.60431,528.4
827.72272,527.4
827.84113,531.2
827.95953,520.4
828.07794,525.0
828.19635,527.0
828.31476,522.4
828.43317,521.6
828.55157,525.0
828.66998,526.4
828.78839,526.0
828.90674,524.4
829.02515,521.0
829.14355,522.2
829.2619,525.8
829.38031,522.4
829.49872,523.6
829.61707,523.2
829.73547,516.8
829.85382,520.4
829.97217,520.4
830.09058,521.6
830.20892,517.8
830.32727,520.0
830.44562,518.6
830.56403,521.6
830.68237,529.6
830.80072,518.8
830.91907,521.8
831.03741,517.8
831.15576,524.8
831.27411,518.0
831.3924,521.8
831.51074,517.4
831.62909,522.2
831.74744,522.8
831.86572,521.2
831.98407,519.8
832.10242,526.6
832.2207,523.8
832.33905,520.4
832.45734,522.2
832.57562,524.6
832.69397,521.6
832.81226,523.2
832.93054,525.6
833.04889,525.6
833.16718,519.4
833.28546,521.4
833.40375,529.0
833.52203,520.4
833.64032,522.0
833.75861,519.2
833.87689,523.2
833.99518,525.8
834.1134,523.6
834.23169,523.2
834.34998,514.8
834.46826,525.2
834.58649,521.2
834.70477,529.4
834.823,521.0
834.94128,528.4
835.05951,527.0
835.1778,527.2
835.29602,523.8
835.41425,525.2
835.53253,524.0
835.65076,527.8
835.76898,525.0
835.88721,535.2
836.00543,526.0
836.12366,535.4
836.24188,531.2
836.36011,534.0
836.47833,527.2
836.59656,534.6
836.71478,537.4
836.83295,529.6
836.95117,527.4
837.0694,535.0
837.18756,530.2
837.30579,535.0
837.42401,526.8
837.54218,531.6
837.66034,531.2
837.77856,531.0
837.89673,534.6
838.01489,529.8
838.13312,526.4
838.25128,535.2
838.36945,528.6
838.48761,532.4
838.60577,529.6
838.72394,535.0
838.8421,531.2
838.96027,537.2
839.07843,530.8
839.19659,529.4
839.31476,533.0
839.43286,533.8
839.55103,534.2
839.66919,534.6
839.78729,528.0
839.90546,530.6
840.02356,534.4
840.14172,529.8
840.25983,520.4
840.37793,530.6
840.49609,528.0
840.6142,531.4
840.7323,524.8
840.8504,527.6
840.96851,524.8
841.08661,527.2
841.20471,525.4
841.32281,529.2
841.44092,526.4
841.55902,529.8
841.67712,520.8
841.79523,527.8
841.91327,523.8
842.03137,527.8
842.14948,521.2
842.26752,521.8
842.38562,526.2
842.50366,522.4
842.62177,521.2
842.73981,523.2
842.85791,526.6
842.97595,530.4
843.09399,526.8
843.21204,525.8
843.33008,528.0
843.44818,525.8
843.56622,521.4
843.68427,526.4
843.80231,525.0
843.92029,528.4
844.03833,531.4
844.15637,523.2
844.27441,522.0
844.39246,531.8
844.51044,526.6
844.62848,523.8
844.74646,519.4
844.8645,525.0
844.98248,523.8
845.10052,525.2
845.21851,518.8
845.33649,523.8
845.45453,528.0
845.57251,524.4
845.69049,520.8
845.80847,521.0
845.92645,521.6
846.04443,525.4
846.16241,522.4
846.2804,522.6
846.39838,522.2
846.51636,522.4
846.63434,523.6
846.75226,522.4
846.87024,529.0
846.98822,520.4
847.10614,524.0
847.22412,521.6
847.34204,517.8
847.46002,526.0
847.57794,524.2
847.69586,528.2
847.81384,523.8
847.93176,530.6
848.04968,528.2
848.1676,523.8
848.28552,521.2
848.40344,525.2
848.52136,520.2
848.63928,523.4
848.7572,525.2
848.87512,520.6
848.99304,521.0
849.1109,523.6
849.22882,521.6
849.34674,521.2
849.4646,517.6
849.58252,521.8
849.70038,520.4
849.8183,519.6
849.93616,523.4
850.05402,523.4
850.17194,520.6
850.28979,524.2
850.40765,522.2
850.52551,523.4
850.64337,526.2
850.76123,525.6
850.87909,521.2
850.99695,523.0
851.11481,520.0
851.23267,526.2
851.35046,522.2
851.46832,520.6
851.58618,521.6
851.70398,521.8
851.82184,525.6
851.93964,524.8
852.0575,527.0
852.17529,539.2
852.29315,530.8
852.41095,527.6
852.52875,522.4
852.64655,526.2
852.7644,525.0
852.8822,523.8
853.0,517.2
853.1178,518.0
853.2356,520.6
853.35333,516.8
853.47113,515.6
853.58893,523.0
853.70673,517.8
853.82446,522.4
853.94226,525.0
854.06006,522.6
854.1778,525.6
854.29559,527.0
854.41333,526.6
854.53107,524.6
854.64886,524.2
854.7666,527.2
854.88434,519.8
855.00208,529.0
855.11981,519.6
855.23761,522.8
855.35535,524.0
855.47302,524.4
855.59076,527.0
855.7085,525.2
855.82623,528.6
855.94397,526.8
856.06165,522.0
856.17938,527.0
856.29712,524.0
856.41479,525.8
856.53253,522.2
856.65021,525.6
856.76788,520.8
856.88562,527.8
857.0033,526.4
857.12097,522.6
857.23865,519.0
857.35632,517.8
857.474,518.8
857.59167,517.0
857.70935,522.8
857.82703,521.0
857.9447,527.8
858.06238,517.2
858.18005,516.6
858.29767,523.0
858.41534,520.8
858.53296,521.8
858.65063,519.6
858.76825,525.2
858.88593,526.2
859.00354,519.0
859.12115,518.6
859.23883,516.8
859.35645,520.2
859.47406,520.0
859.59167,520.8
859.70929,519.6
859.8269,512.4
859.94452,514.4
860.06213,515.0
860.17975,519.2
860.29736,514.4
860.41492,512.6
860.53253,514.6
860.65009,514.6
860.7677,514.4
860.88525,515.8
861.00287,514.6
861.12042,514.8
861.23804,518.0
861.35559,520.2
861.47314,512.2
861.5907,517.8
861.70825,517.2
861.82581,511.8
861.94336,509.0
862.06091,511.0
862.17847,506.8
862.29602,511.2
862.41357,508.4
862.53113,514.2
862.64862,510.6
862.76617,508.6
862.88367,516.4
863.00122,509.0
863.11871,510.4
863.23627,512.4
863.35376,508.2
863.47125,514.6
863.58881,516.4
863.7063,511.8
863.82379,509.0
863.94128,510.8
864.05878,513.4
864.17627,511.2
864.29376,509.2
864.41125,508.2
864.52869,510.2
864.64618,515.2
864.76367,511.8
864.8811,508.4
864.9986,505.6
865.11609,511.0
865.23352,511.0
865.35095,506.8
865.46844,508.0
865.58588,508.2
865.70331,510.2
865.82074,509.4
865.93823,509.0
866.05566,507.6
866.1731,510.2
866.29053,510.4
866.4079,514.4
866.52533,508.6
866.64276,515.4
866.76019,508.2
866.87756,513.4
866.995,515.0
867.11243,508.2
867.2298,510.6
867.34723,515.4
867.4646,512.2
867.58197,510.6
867.6994,512.8
867.81677,511.6
867.93414,512.4
868.05151,508.0
868.16888,515.0
868.28625,513.4
868.40363,514.6
868.521,513.4
868.63837,513.4
868.75568,511.6
868.87305,518.6
868.99042,518.4
869.10773,513.2
869.2251,515.4
869.34241,518.2
869.45978,511.2
869.57709,516.0
869.69446,510.0
869.81177,517.8
869.92908,511.2
870.04639,519.4
870.1637,506.0
870.28101,516.4
870.39832,510.4
870.51563,518.0
870.63293,516.0
870.75024,515.4
870.86749,519.4
870.9848,515.8
871.10211,514.6
871.21936,517.8
871.33667,517.4
871.45392,512.8
871.57123,517.6
871.68848,514.4
871.80573,514.8
871.92297,518.6
872.04028,509.6
872.15753,513.0
872.27478,512.6
872.39203,511.6
872.50928,512.4
872.62646,514.0
872.74371,510.4
872.86096,514.6
872.97821,511.0
873.0954,508.4
873.21265,510.4
873.32983,509.8
873.44708,507.2
873.56427,511.0
873.68152,510.2
873.79871,510.6
873.91589,514.8
874.03308,508.4
874.15027,513.4
874.26746,506.0
874.38464,506.4
874.50183,508.0
874.61902,510.6
874.73621,513.4
874.85339,511.8
874.97052,516.6
875.08771,511.0
875.2049,511.2
875.32202,509.8
875.43921,515.6
875.55634,515.6
875.67346,514.6
875.79065,516.0
875.90778,517.6
876.0249,510.6
876.14203,511.8
876.25916,512.0
876.37628,514.4
876.49341,515.4
876.61053,512.8
876.72766,516.0
876.84473,519.4
876.96185,512.2
877.07898,515.2
877.19604,518.4
877.31317,511.8
877.43024,510.6
877.54736,512.0
877.66443,516.0
877.78149,513.4
877.89856,510.0
878.01569,509.0
878.13275,510.4
878.24982,512.6
878.36688,509.2
878.48395,511.4
878.60095,507.6
878.71802,508.2
878.83508,511.2
878.95215,510.6
879.06915,505.0
879.18622,511.4
879.30322,501.4
879.42029,508.8
879.53729,507.2
879.6543,505.4
879.77136,502.8
879.88837,504.2
880.00537,508.6
880.12238,508.8
880.23938,507.8
880.35638,511.6
880.47339,502.2
880.59039,505.4
880.70734,503.4
880.82434,505.2
880.94135,510.0
881.05829,504.8
881.17529,507.0
881.29224,503.4
881.40924,501.4
881.52618,508.4
881.64313,508.4
881.76007,508.0
881.87701,507.6
881.99402,508.2
882.11096,509.4
882.22791,509.0
882.34479,507.4
882.46173,510.6
882.57867,508.2
882.69562,510.0
882.8125,509.0
882.92944,508.6
883.04639,504.4
883.16327,512.8
883.28015,511.6
883.39709,505.8
883.51398,507.2
883.63086,510.8
883.74774,507.0
883.86462,513.0
883.98157,507.2
884.09839,505.4
884.21527,509.6
884.33215,511.0
884.44904,509.2
884.56592,513.4
884.68274,510.6
884.79962,510.6
884.9165,508.6
885.03333,514.8
885.15015,513.8
885.26703,517.0
885.38385,515.8
885.50067,519.6
885.61749,520.0
885.73438,522.4
885.8512,525.2
885.96802,523.4
886.08478,516.0
886.2016,517.8
886.31842,511.0
886.43524,511.0
886.55206,515.4
886.66882,517.8
886.78564,512.2
886.9024,512.0
887.01923,514.0
887.13599,510.2
887.25275,512.4
887.36951,514.6
887.48633,511.6
887.60309,513.6
887.71985,505.2
887.83661,508.2
887.95337,504.6
888.07007,504.0
888.18683,504.2
888.30359,506.0
888.42035,504.6
888.53705,507.6
888.65381,501.2
888.77051,504.4
888.88721,504.2
889.00397,500.8
889.12067,499.8
889.23737,500.0
889.35406,502.8
889.47083,496.6
889.58752,502.8
889.70416,501.8
889.82086,501.6
889.93756,506.0
890.05426,500.0
890.17096,505.4
890.2876,503.0
890.4043,503.2
890.52094,500.6
890.63763,500.8
890.75427,503.2
890.87091,504.0
890.98761,499.2
891.10425,507.4
891.22089,500.6
891.33752,500.8
891.45416,504.6
891.5708,500.4
891.68744,505.2
891.80408,503.2
891.92065,498.4
892.03729,501.8
892.15393,499.8
892.27051,500.8
892.38715,500.8
892.50372,506.4
892.6203,503.6
892.73694,502.0
892.85352,504.0
892.97009,499.0
893.08667,506.6
893.20325,504.6
893.31982,508.8
893.4364,509.4
893.55298,495.2
893.66956,506.0
893.78607,505.2
893.90265,504.2
894.01917,508.0
894.13574,505.8
894.25226,510.2
894.36884,509.2
894.48535,503.6
894.60187,504.8
894.71838,504.2
894.8349,511.8
894.95148,506.4
895.06793,505.0
895.18445,507.6
895.30096,504.0
895.41748,507.0
895.534,503.0
895.65045,500.8
895.76697,502.8
895.88342,508.2
895.99994,501.6
896.11639,507.2
896.23291,502.8
896.34937,502.4
896.46582,504.2
896.58228,508.2
896.69873,501.6
896.81519,503.6
896.93164,506.2
897.0481,506.2
897.16455,504.0
897.28094,503.4
897.3974,502.4
897.51385,508.6
897.63025,503.8
897.7467,501.8
897.8631,503.6
897.97949,503.6
898.09595,503.8
898.21234,499.4
898.32874,509.2
898.44513,503.2
898.56152,505.4
898.67792,502.2
898.79431,502.6
898.91064,503.0
899.02704,499.4
899.14343,500.8
899.25977,498.8
899.37616,496.4
899.49249,505.0
899.60889,498.2
899.72522,502.8
899.84155,502.8
899.95789,503.6
900.07428,503.4
900.19061,502.0
900.30695,497.4
900.42322,500.4
900.53955,499.8
900.65588,501.8
900.77222,503.6
900.88849,501.0
901.00482,498.6
901.12109,501.6
901.23743,499.0
901.3537,500.2
901.47003,502.0
901.5863,500.2
901.70258,500.0
901.81885,500.6
901.93512,499.4
902.05139,507.8
902.16766,501.2
902.28394,504.4
902.40021,498.8
902.51642,507.0
902.63269,504.6
902.7489,498.8
902.86517,501.0
902.98138,504.4
903.09766,506.8
903.21387,509.0
903.33008,502.8
903.44629,504.6
903.5625,500.4
903.67871,503.0
903.79492,503.6
903.91113,504.4
904.02734,494.0
904.14355,503.6
904.2597,499.2
904.37592,499.6
904.49207,496.2
904.60828,495.6
904.72443,492.6
904.84064,497.2
904.95679,493.0
905.07294,495.2
905.18909,499.2
905.30524,498.0
905.42139,494.4
905.53754,493.2
905.65369,492.8
905.76984,490.6
905.88593,494.6
906.00208,492.6
906.11816,486.6
906.23431,489.0
906.3504,489.2
906.46655,487.2
906.58264,486.4
906.69873,487.2
906.81482,484.2
906.93091,486.4
907.047,487.4
907.16309,484.8
907.27917,491.0
907.39526,487.8
907.51135,487.6
907.62738,487.8
907.74347,487.0
907.8595,483.8
907.97559,489.2
908.09161,488.0
908.2077,486.0
908.32373,487.8
908.43976,486.6
908.55579,486.2
908.67181,488.4
908.78784,489.4
908.90387,482.4
909.0199,489.0
909.13586,490.2
909.25189,486.0
909.36792,483.6
909.48389,490.4
909.59991,485.6
909.71588,489.8
909.83185,487.0
909.94788,485.4
910.06384,485.6
910.17981,488.4
910.29578,490.4
910.41174,486.6
910.52771,486.8
910.64368,486.0
910.75958,485.4
910.87555,487.2
910.99152,483.6
911.10742,487.8
911.22339,486.6
911.33929,488.4
911.4552,483.6
911.57117,479.8
911.68707,484.6
911.80298,491.2
911.91888,481.4
912.03479,482.8
912.1507,484.2
912.2666,484.6
912.38245,489.2
912.49835,487.4
912.61426,486.4
912.7301,483.2
912.84601,487.8
792.4458,786.8
792.56488,773.6
792.68396,790.0
792.8031,782.2
792.92218,762.2
793.04126,756.4
793.16034,755.8
793.27942,749.0
793.3985,742.6
793.51758,726.8
793.63672,715.8
793.7558,713.2
793.87488,726.4
793.9939,718.4
794.11298,716.0
794.23206,703.2
794.35114,702.0
794.47021,695.8
794.58929,690.6
794.70831,687.2
794.82739,684.0
794.94647,686.0
795.06549,679.6
795.18457,675.6
795.30365,677.2
795.42267,664.2
795.54175,661.2
795.66077,667.0
795.77985,660.0
795.89886,659.2
796.01794,660.2
796.13696,655.6
796.25598,664.2
796.375,658.4
796.49408,655.4
796.6131,652.2
796.73212,655.2
796.85114,654.0
796.97015,648.6
797.08923,644.8
797.20825,634.4
797.32727,641.4
797.44629,644.4
797.56531,643.4
797.68427,639.6
797.80328,640.2
797.9223,640.8
798.04132,638.4
798.16034,640.2
798.27936,642.4
798.39832,638.0
798.51733,633.4
798.63635,635.6
798.75531,639.8
798.87433,631.0
798.99329,627.4
799.1123,625.4
799.23126,629.2
799.35028,627.8
799.46924,629.2
799.58826,634.6
799.70721,626.8
799.82617,626.4
799.94519,632.6
800.06415,629.6
800.18311,625.8
800.30206,632.4
800.42102,629.4
800.54004,629.2
800.659,628.2
800.77795,630.6
800.89691,626.0
801.01587,633.8
801.13483,627.0
801.25372,635.0
801.37268,635.4
801.49164,633.4
801.6106,629.8
801.72955,631.6
801.84845,629.8
801.96741,631.6
802.08636,630.2
802.20526,627.6
802.32422,626.0
802.44318,631.8
802.56207,627.6
802.68103,632.4
802.79993,628.4
802.91882,632.2
803.03778,634.8
803.15668,636.0
803.27557,631.6
803.39453,640.0
803.51343,630.6
803.63232,628.2
803.75122,629.4
803.87012,639.0
803.98907,634.2
804.10797,630.6
804.22687,627.0
804.34576,632.2
804.46466,634.4
804.58356,631.8
804.70239,636.0
804.82129,631.2
804.94019,632.4
805.05908,638.0
805.17798,633.8
805.29681,641.0
805.41571,641.4
805.53461,639.6
805.65344,640.4
805.77234,641.4
805.89117,636.8
806.01007,644.2
806.12891,644.4
806.2478,642.8
806.36664,645.8
806.48547,643.4
806.60437,641.0
806.72321,647.2
806.84204,645.2
806.96088,639.0
807.07971,642.8
807.19861,640.0
807.31744,652.4
807.43628,648.4
807.55511,649.2
807.67395,645.2
807.79279,642.6
807.91162,642.8
808.0304,647.4
808.14923,648.4
808.26807,645.2
808.3869,657.6
808.50568,651.2
808.62451,658.4
808.74335,651.4
808.86212,656.4
808.98096,652.6
809.09979,658.6
809.21857,658.6
809.33734,653.6
809.45618,650.8
809.57495,652.4
809.69379,661.6
809.81256,657.2
809.93134,652.8
810.05011,645.0
810.16895,653.0
810.28772,645.2
810.40649,657.0
810.52527,659.2
810.64404,660.8
810.76282,665.0
810.88159,659.4
811.00037,657.6
811.11914,650.6
811.23792,653.6
811.35663,659.6
811.4754,658.2
811.59418,661.2
811.71295,653.0
811.83167,655.8
811.95044,653.2
812.06921,659.8
812.18793,655.4
812.3067,650.2
812.42542,661.6
812.54419,658.0
812.6629,663.4
812.78162,660.6
812.90039,656.6
813.0191,650.8
813.13782,655.2
813.25653,656.8
813.37524,649.6
813.49402,656.2
813.61273,658.2
813.73145,659.0
813.85016,651.4
813.96887,653.8
814.08759,651.4
814.2063,643.0
814.32495,653.0
814.44366,651.8
814.56238,644.4
814.68109,644.8
814.79974,639.8
814.91846,637.2
815.03717,642.8
815.15582,641.2
815.27454,642.2
815.39319,634.8
815.5119,640.0
815.63055,630.0
815.74927,642.2
815.86792,639.4
815.98657,634.8
816.10529,636.4
816.22394,640.2
816.34259,646.8
816.46124,651.0
816.5799,641.6
816.69855,652.8
816.8172,646.4
816.93585,638.2
817.0545,635.0
817.17316,634.8
817.29181,627.0
817.41046,621.4
817.52911,616.6
817.64771,610.8
817.76636,606.4
817.88501,597.8
818.0036,598.8
818.12225,599.2
818.24091,587.6
818.3595,589.6
818.47815,586.0
818.59674,589.6
818.71533,578.8
818.83398,575.8
818.95258,572.4
819.07117,571.8
819.18976,572.6
819.30841,571.6
819.427,575.4
819.54559,573.2
819.66418,569.4
819.78278,570.6
819.90137,571.0
820.01996,565.0
820.13855,566.2
820.25714,567.4
820.37573,568.0
820.49426,563.8
820.61285,561.6
820.73145,560.0
820.84998,559.8
820.96857,557.4
821.08716,561.2
821.20569,558.4
821.32428,557.4
821.44281,555.8
821.56134,553.8
821.67993,552.8
821.79846,550.8
821.91699,553.4
822.03558,556.6
822.15411,562.6
822.27264,556.2
822.39117,551.4
822.5097,546.4
822.62823,554.4
822.74677,549.2
822.8653,549.8
822.98383,551.4
823.10236,551.2
823.22089,551.2
823.33942,552.6
823.45789,554.2
823.57642,550.6
823.69495,551.0
823.81342,552.8
823.93195,549.4
824.05042,555.0
824.16895,557.8
824.28741,554.0
824.40594,558.2
824.52441,549.8
824.64288,555.4
824.76141,552.8
824.87988,553.6
824.99835,550.8
825.11682,549.2
825.23529,550.4
825.35376,548.6
825.47223,545.4
825.5907,546.6
825.70917,548.0
825.82764,546.6
825.94611,546.2
826.06458,544.2
826.18304,535.4
826.30145,544.8
826.41992,546.2
826.53839,548.2
826.6568,546.8
826.77527,542.0
826.89368,541.2
827.01215,547.4
827.13055,542.4
827.24902,543.8
827.36743,543.0
827.48584,535.6
827.60431,537.4
827.72272,536.4
827.84113,536.8
827.95953,535.4
828.07794,540.2
828.19635,535.8
828.31476,539.4
828.43317,532.0
828.55157,533.6
828.66998,531.6
828.78839,534.8
828.90674,536.8
829.02515,537.8
829.14355,535.4
829.2619,535.2
829.38031,533.0
829.49872,533.8
829.61707,529.0
829.73547,531.2
829.85382,534.4
829.97217,532.4
830.09058,532.0
830.20892,533.8
830.32727,529.8
830.44562,535.8
830.56403,534.6
830.68237,532.6
830.80072,532.0
830.91907,532.0
831.03741,529.8
831.15576,537.8
831.27411,531.8
831.3924,531.4
831.51074,536.2
831.62909,531.6
831.74744,531.0
831.86572,536.6
831.98407,535.4
832.10242,527.4
832.2207,533.6
832.33905,530.8
832.45734,537.0
832.57562,538.6
832.69397,528.2
832.81226,532.8
832.93054,534.2
833.04889,533.2
833.16718,534.8
833.28546,528.2
833.40375,537.6
833.52203,533.8
833.64032,533.6
833.75861,535.2
833.87689,532.0
833.99518,537.8
834.1134,539.0
834.23169,538.4
834.34998,533.8
834.46826,540.0
834.58649,530.6
834.70477,535.6
834.823,535.2
834.94128,541.8
835.05951,532.2
835.1778,536.2
835.29602,537.4
835.41425,534.2
835.53253,535.4
835.65076,534.0
835.76898,541.4
835.88721,548.2
836.00543,541.8
836.12366,540.2
836.24188,541.8
836.36011,548.2
836.47833,549.4
836.59656,543.2
836.71478,542.8
836.83295,543.2
836.95117,539.2
837.0694,543.8
837.18756,546.0
837.30579,547.8
837.42401,544.4
837.54218,539.4
837.66034,539.6
837.77856,544.8
837.89673,540.4
838.01489,543.6
838.13312,544.8
838.25128,544.4
838.36945,543.6
838.48761,539.4
838.60577,545.8
838.72394,543.0
838.8421,543.4
838.96027,545.0
839.07843,539.6
839.19659,545.8
839.31476,548.0
839.43286,544.8
839.55103,543.6
839.66919,548.2
839.78729,543.0
839.90546,542.4
840.02356,538.2
840.14172,541.8
840.25983,541.2
840.37793,546.6
840.49609,539.0
840.6142,540.8
840.7323,543.2
840.8504,540.0
840.96851,537.0
841.08661,539.4
841.20471,535.0
841.32281,542.0
841.44092,531.0
841.55902,536.8
841.67712,528.6
841.79523,540.6
841.91327,536.6
842.03137,534.0
842.14948,538.0
842.26752,538.4
842.38562,531.0
842.50366,531.6
842.62177,530.0
842.73981,531.6
842.85791,531.6
842.97595,537.4
843.09399,536.4
843.21204,536.8
843.33008,535.6
843.44818,535.0
843.56622,537.6
843.68427,535.4
843.80231,541.6
843.92029,534.4
844.03833,538.6
844.15637,535.6
844.27441,538.0
844.39246,542.2
844.51044,533.8
844.62848,535.2
844.74646,538.4
844.8645,534.2
844.98248,536.6
845.10052,534.8
845.21851,535.6
845.33649,536.8
845.45453,535.8
845.57251,534.8
845.69049,530.6
845.80847,532.2
845.92645,534.2
846.04443,535.8
846.16241,538.0
846.2804,534.2
846.39838,537.8
846.51636,539.0
846.63434,538.2
846.75226,539.6
846.87024,540.8
846.98822,540.4
847.10614,537.4
847.22412,540.8
847.34204,538.8
847.46002,541.0
847.57794,537.2
847.69586,541.6
847.81384,535.6
847.93176,539.2
848.04968,538.4
848.1676,537.8
848.28552,533.0
848.40344,537.0
848.52136,535.4
848.63928,532.8
848.7572,533.6
848.87512,538.6
848.99304,535.0
849.1109,533.2
849.22882,527.4
849.34674,534.2
849.4646,531.8
849.58252,531.8
849.70038,527.2
849.8183,532.8
849.93616,527.6
850.05402,534.0
850.17194,532.6
850.28979,536.8
850.40765,531.4
850.52551,534.2
850.64337,528.8
850.76123,527.8
850.87909,535.2
850.99695,538.6
851.11481,529.0
851.23267,528.4
851.35046,532.4
851.46832,528.2
851.58618,529.6
851.70398,529.4
851.82184,533.4
851.93964,533.2
852.0575,544.0
852.17529,548.0
852.29315,543.2
852.41095,539.8
852.52875,535.0
852.64655,531.2
852.7644,530.0
852.8822,531.4
853.0,530.2
853.1178,528.2
853.2356,528.8
853.35333,525.4
853.47113,533.6
853.58893,530.2
853.70673,531.4
853.82446,530.6
853.94226,531.6
854.06006,532.6
854.1778,533.8
854.29559,532.8
854.41333,542.4
854.53107,530.4
854.64886,532.2
854.7666,532.8
854.88434,532.2
855.00208,536.2
855.11981,533.4
855.23761,530.6
855.35535,533.8
855.47302,533.8
855.59076,533.2
855.7085,532.6
855.82623,536.6
855.94397,535.2
856.06165,534.4
856.17938,534.8
856.29712,535.2
856.41479,532.6
856.53253,533.2
856.65021,535.0
856.76788,532.8
856.88562,536.4
857.0033,530.4
857.12097,533.6
857.23865,534.8
857.35632,534.6
857.474,526.4
857.59167,533.8
857.70935,533.2
857.82703,532.8
857.9447,526.8
858.06238,534.4
858.18005,534.8
858.29767,532.8
858.41534,530.0
858.53296,533.2
858.65063,534.2
858.76825,530.0
858.88593,528.6
859.00354,530.4
859.12115,531.6
859.23883,532.8
859.35645,527.4
859.47406,526.8
859.59167,526.6
859.70929,529.2
859.8269,527.4
859.94452,519.2
860.06213,526.0
860.17975,526.0
860.29736,524.6
860.41492,528.8
860.53253,519.4
860.65009,522.0
860.7677,524.6
860.88525,528.0
861.00287,527.0
861.12042,529.2
861.23804,527.6
861.35559,527.8
861.47314,526.6
861.5907,521.8
861.70825,525.6
861.82581,521.4
861.94336,522.4
862.06091,521.6
862.17847,519.6
862.29602,514.8
862.41357,514.0
862.53113,523.8
862.64862,524.2
862.76617,522.0
862.88367,519.6
863.00122,524.2
863.11871,522.4
863.23627,522.0
863.35376,520.2
863.47125,519.2
863.58881,520.4
863.7063,522.2
863.82379,519.8
863.94128,518.8
864.05878,523.6
864.17627,524.8
864.29376,517.8
864.41125,524.6
864.52869,519.8
864.64618,522.6
864.76367,521.2
864.8811,527.0
864.9986,516.6
865.11609,516.8
865.23352,514.4
865.35095,520.2
865.46844,514.6
865.58588,518.8
865.70331,520.0
865.82074,518.2
865.93823,524.0
866.05566,522.8
866.1731,521.2
866.29053,523.2
866.4079,519.0
866.52533,521.8
866.64276,521.8
866.76019,515.8
866.87756,517.0
866.995,516.4
867.11243,524.0
867.2298,523.4
867.34723,520.2
867.4646,521.8
867.58197,520.2
867.6994,522.2
867.81677,524.6
867.93414,520.6
868.05151,521.6
868.16888,516.8
868.28625,520.8
868.40363,526.2
868.521,521.0
868.63837,521.0
868.75568,522.0
868.87305,524.2
868.99042,527.8
869.10773,522.8
869.2251,527.4
869.34241,526.4
869.45978,524.0
869.57709,521.6
869.69446,520.2
869.81177,527.8
869.92908,523.0
870.04639,526.4
870.1637,523.6
870.28101,527.8
870.39832,523.6
870.51563,526.8
870.63293,528.6
870.75024,523.6
870.86749,516.2
870.9848,525.6
871.10211,521.6
871.21936,528.0
871.33667,526.4
871.45392,523.8
871.57123,526.0
871.68848,521.2
871.80573,522.6
871.92297,526.2
872.04028,522.0
872.15753,524.2
872.27478,522.8
872.39203,524.2
872.50928,517.8
872.62646,519.4
872.74371,516.0
872.86096,519.4
872.97821,521.0
873.0954,523.4
873.21265,516.2
873.32983,518.8
873.44708,525.6
873.56427,525.4
873.68152,516.8
873.79871,525.6
873.91589,520.4
874.03308,521.0
874.15027,526.4
874.26746,517.4
874.38464,516.2
874.50183,514.6
874.61902,522.2
874.73621,525.0
874.85339,521.6
874.97052,521.8
875.08771,521.8
875.2049,523.6
875.32202,521.4
875.43921,524.2
875.55634,523.2
875.67346,530.6
875.79065,524.6
875.90778,528.4
876.0249,528.0
876.14203,526.0
876.25916,521.4
876.37628,526.2
876.49341,526.2
876.61053,522.4
876.72766,521.6
876.84473,528.6
876.96185,525.4
877.07898,527.6
877.19604,523.8
877.31317,524.8
877.43024,517.4
877.54736,528.6
877.66443,522.0
877.78149,520.2
877.89856,519.4
878.01569,518.4
878.13275,518.2
878.24982,518.6
878.36688,519.4
878.48395,519.6
878.60095,519.0
878.71802,520.6
878.83508,518.4
878.95215,515.6
879.06915,519.6
879.18622,521.8
879.30322,516.6
879.42029,512.8
879.53729,515.8
879.6543,513.4
879.77136,514.4
879.88837,520.2
880.00537,516.4
880.12238,521.2
880.23938,513.0
880.35638,519.2
880.47339,517.8
880.59039,515.0
880.70734,517.2
880.82434,518.0
880.94135,520.0
881.05829,519.6
881.17529,516.8
881.29224,517.6
881.40924,518.4
881.52618,515.0
881.64313,516.6
881.76007,516.0
881.87701,516.2
881.99402,517.8
882.11096,518.0
882.22791,516.4
882.34479,516.4
882.46173,519.4
882.57867,515.2
882.69562,519.0
882.8125,516.2
882.92944,521.6
883.04639,520.0
883.16327,521.8
883.28015,513.0
883.39709,514.0
883.51398,518.8
883.63086,517.4
883.74774,517.8
883.86462,517.2
883.98157,518.6
884.09839,517.6
884.21527,516.8
884.33215,518.6
884.44904,511.4
884.56592,520.6
884.68274,523.0
884.79962,519.8
884.9165,525.6
885.03333,525.2
885.15015,524.4
885.26703,532.2
885.38385,526.6
885.50067,531.2
885.61749,533.8
885.73438,534.8
885.8512,528.6
885.96802,531.2
886.08478,527.0
886.2016,527.6
886.31842,525.0
886.43524,527.4
886.55206,524.0
886.66882,524.4
886.78564,519.6
886.9024,520.4
887.01923,523.6
887.13599,519.0
887.25275,518.2
887.36951,520.6
887.48633,518.0
887.60309,518.0
887.71985,515.6
887.83661,517.4
887.95337,512.6
888.07007,513.8
888.18683,513.0
888.30359,515.8
888.42035,509.6
888.53705,514.6
888.65381,506.4
888.77051,513.2
888.88721,510.2
889.00397,508.6
889.12067,506.8
889.23737,508.6
889.35406,512.4
889.47083,505.6
889.58752,509.0
889.70416,511.4
889.82086,509.4
889.93756,509.0
890.05426,510.8
890.17096,511.8
890.2876,506.8
890.4043,508.4
890.52094,506.2
890.63763,508.0
890.75427,507.6
890.87091,513.6
890.98761,505.0
891.10425,510.4
891.22089,511.2
891.33752,509.0
891.45416,508.4
891.5708,511.8
891.68744,508.6
891.80408,507.4
891.92065,507.6
892.03729,508.8
892.15393,505.4
892.27051,510.2
892.38715,506.4
892.50372,509.0
892.6203,511.8
892.73694,506.6
892.85352,518.0
892.97009,507.4
893.08667,508.4
893.20325,510.4
893.31982,512.0
893.4364,515.8
893.55298,509.0
893.66956,509.6
893.78607,511.2
893.90265,511.2
894.01917,515.4
894.13574,510.8
894.25226,514.6
894.36884,515.2
894.48535,511.0
894.60187,514.4
894.71838,510.8
894.8349,515.2
894.95148,512.4
895.06793,513.6
895.18445,510.8
895.30096,513.8
895.41748,510.8
895.534,510.8
895.65045,511.0
895.76697,513.8
895.88342,506.2
895.99994,503.2
896.11639,512.0
896.23291,505.8
896.34937,508.0
896.46582,508.4
896.58228,514.6
896.69873,512.0
896.81519,507.4
896.93164,511.0
897.0481,511.0
897.16455,513.2
897.28094,510.0
897.3974,509.2
897.51385,509.0
897.63025,512.0
897.7467,511.0
897.8631,512.2
897.97949,510.6
898.09595,508.4
898.21234,504.6
898.32874,512.0
898.44513,509.8
898.56152,510.0
898.67792,510.0
898.79431,511.0
898.91064,507.0
899.02704,510.6
899.14343,507.8
899.25977,508.8
899.37616,508.4
899.49249,509.4
899.60889,507.2
899.72522,508.4
899.84155,511.2
899.95789,511.0
900.07428,509.0
900.19061,509.2
900.30695,508.2
900.42322,508.6
900.53955,507.6
900.65588,507.2
900.77222,510.0
900.88849,511.4
901.00482,506.0
901.12109,508.6
901.23743,510.8
901.3537,509.6
901.47003,510.4
901.5863,512.0
901.70258,508.0
901.81885,510.8
901.93512,506.2
902.05139,514.0
902.16766,507.0
902.28394,513.2
902.40021,512.6
902.51642,512.8
902.63269,508.6
902.7489,515.2
902.86517,508.0
902.98138,514.2
903.09766,510.8
903.21387,511.6
903.33008,510.4
903.44629,511.4
903.5625,507.6
903.67871,505.6
903.79492,506.2
903.91113,505.0
904.02734,507.2
904.14355,507.2
904.2597,504.4
904.37592,504.2
904.49207,502.2
904.60828,499.4
904.72443,501.0
904.84064,502.6
904.95679,502.8
905.07294,501.8
905.18909,497.4
905.30524,502.0
905.42139,497.4
905.53754,499.6
905.65369,496.2
905.76984,499.0
905.88593,495.2
906.00208,495.2
906.11816,492.8
906.23431,496.4
906.3504,492.2
906.46655,489.4
906.58264,488.4
906.69873,494.8
906.81482,492.0
906.93091,494.2
907.047,496.0
907.16309,494.0
907.27917,496.4
907.39526,495.4
907.51135,493.6
907.62738,494.2
907.74347,495.2
907.8595,494.2
907.97559,497.8
908.09161,491.8
908.2077,487.6
908.32373,490.8
908.43976,493.6
908.55579,489.6
908.67181,486.2
908.78784,490.8
908.90387,492.4
909.0199,496.0
909.13586,487.4
909.25189,491.0
909.36792,490.0
909.48389,488.6
909.59991,494.0
909.71588,492.6
909.83185,494.2
909.94788,491.4
910.06384,491.6
910.17981,494.8
910.29578,489.6
910.41174,491.0
910.52771,488.0
910.64368,492.0
910.75958,490.4
910.87555,496.2
910.99152,488.0
911.10742,492.2
911.22339,488.8
911.33929,494.8
911.4552,495.4
911.57117,484.6
911.68707,492.2
911.80298,498.8
911.91888,486.2
912.03479,489.0
912.1507,495.0
912.2666,487.6
912.38245,494.0
912.49835,491.2
912.61426,490.6
912.7301,491.0
912.84601,488.8
792.4458,707.0
792.56488,699.4
792.68396,708.0
792.8031,702.6
792.92218,692.0
793.04126,680.6
793.16034,684.8
793.27942,681.8
793.3985,669.4
793.51758,664.0
793.63672,654.8
793.7558,654.8
793.87488,663.0
793.9939,655.2
794.11298,651.2
794.23206,643.2
794.35114,645.2
794.47021,640.0
794.58929,628.4
794.70831,624.4
794.82739,627.0
794.94647,628.4
795.06549,625.4
795.18457,618.2
795.30365,617.6
795.42267,608.4
795.54175,604.0
795.66077,612.2
795.77985,618.0
795.89886,611.6
796.01794,609.0
796.13696,604.8
796.25598,610.8
796.375,599.0
796.49408,600.6
796.6131,600.6
796.73212,606.4
796.85114,602.4
796.97015,596.6
797.08923,598.8
797.20825,593.6
797.32727,597.6
797.44629,593.2
797.56531,600.0
797.68427,590.8
797.80328,587.6
797.9223,589.8
798.04132,591.4
798.16034,593.4
798.27936,590.2
798.39832,589.0
798.51733,589.6
798.63635,585.4
798.75531,589.0
798.87433,589.8
798.99329,583.8
799.1123,576.4
799.23126,586.0
799.35028,586.0
799.46924,591.8
799.58826,592.0
799.70721,588.6
799.82617,591.6
799.94519,583.2
800.06415,585.8
800.18311,583.8
800.30206,589.8
800.42102,588.2
800.54004,586.2
800.659,589.0
800.77795,591.2
800.89691,585.0
801.01587,593.6
801.13483,591.6
801.25372,589.4
801.37268,588.0
801.49164,590.4
801.6106,597.8
801.72955,593.2
801.84845,588.8
801.96741,594.8
802.08636,594.0
802.20526,593.0
802.32422,591.0
802.44318,598.0
802.56207,590.2
802.68103,594.4
802.79993,593.6
802.91882,590.6
803.03778,595.0
803.15668,595.0
803.27557,590.8
803.39453,593.2
803.51343,590.4
803.63232,597.0
803.75122,596.4
803.87012,592.4
803.98907,596.0
804.10797,601.2
804.22687,591.6
804.34576,592.8
804.46466,601.0
804.58356,606.0
804.70239,598.4
804.82129,598.4
804.94019,600.6
805.05908,597.2
805.17798,600.6
805.29681,601.8
805.41571,606.0
805.53461,605.0
805.65344,601.0
805.77234,606.8
805.89117,608.8
806.01007,611.6
806.12891,610.4
806.2478,608.6
806.36664,610.8
806.48547,607.8
806.60437,614.0
806.72321,613.8
806.84204,610.0
806.96088,609.0
807.07971,607.8
807.19861,609.0
807.31744,615.8
807.43628,613.0
807.55511,608.4
807.67395,609.8
807.79279,610.2
807.91162,616.0
808.0304,613.4
808.14923,618.6
808.26807,611.8
808.3869,615.8
808.50568,619.8
808.62451,624.2
808.74335,622.6
808.86212,620.8
808.98096,620.4
809.09979,619.0
809.21857,615.4
809.33734,624.0
809.45618,619.8
809.57495,623.8
809.69379,627.8
809.81256,625.2
809.93134,618.6
810.05011,620.6
810.16895,620.4
810.28772,615.6
810.40649,621.2
810.52527,627.4
810.64404,627.2
810.76282,631.8
810.88159,625.2
811.00037,626.0
811.11914,618.0
811.23792,628.0
811.35663,625.6
811.4754,628.8
811.59418,622.4
811.71295,628.0
811.83167,629.0
811.95044,629.6
812.06921,629.6
812.18793,628.0
812.3067,626.6
812.42542,629.2
812.54419,625.8
812.6629,633.2
812.78162,626.4
812.90039,633.2
813.0191,626.6
813.13782,628.6
813.25653,622.2
813.37524,623.8
813.49402,624.0
813.61273,626.8
813.73145,624.6
813.85016,625.2
813.96887,621.4
814.08759,618.6
814.2063,617.2
814.32495,624.4
814.44366,620.0
814.56238,619.0
814.68109,611.2
814.79974,617.8
814.91846,607.8
815.03717,609.4
815.15582,610.2
815.27454,611.8
815.39319,604.0
815.5119,607.6
815.63055,604.6
815.74927,604.6
815.86792,603.4
815.98657,605.2
816.10529,608.6
816.22394,611.6
816.34259,609.0
816.46124,610.4
816.5799,615.4
816.69855,617.6
816.8172,613.2
816.93585,611.8
817.0545,610.6
817.17316,597.8
817.29181,591.0
817.41046,595.0
817.52911,582.6
817.64771,583.8
817.76636,572.8
817.88501,568.2
818.0036,565.2
818.12225,562.4
818.24091,558.2
818.3595,557.8
818.47815,553.6
818.59674,556.2
818.71533,545.0
818.83398,541.8
818.95258,544.2
819.07117,545.2
819.18976,541.8
819.30841,543.0
819.427,538.2
819.54559,538.4
819.66418,532.8
819.78278,539.8
819.90137,536.8
820.01996,534.6
820.13855,524.4
820.25714,526.8
820.37573,529.6
820.49426,531.0
820.61285,528.6
820.73145,528.8
820.84998,521.4
820.96857,527.2
821.08716,526.4
821.20569,520.4
821.32428,521.4
821.44281,520.6
821.56134,514.0
821.67993,522.6
821.79846,516.0
821.91699,519.4
822.03558,524.0
822.15411,519.6
822.27264,518.0
822.39117,517.4
822.5097,519.2
822.62823,518.8
822.74677,517.8
822.8653,517.8
822.98383,513.6
823.10236,521.8
823.22089,517.8
823.33942,518.8
823.45789,516.6
823.57642,523.6
823.69495,518.8
823.81342,519.8
823.93195,520.0
824.05042,519.6
824.16895,519.8
824.28741,522.6
824.40594,515.2
824.52441,522.8
824.64288,525.2
824.76141,519.4
824.87988,514.0
824.99835,517.6
825.11682,520.4
825.23529,521.4
825.35376,515.8
825.47223,514.0
825.5907,512.2
825.70917,514.6
825.82764,513.6
825.94611,511.2
826.06458,509.0
826.18304,505.8
826.30145,509.2
826.41992,514.0
826.53839,512.4
826.6568,510.4
826.77527,513.8
826.89368,510.0
827.01215,511.2
827.13055,509.4
827.24902,508.0
827.36743,504.0
827.48584,501.8
827.60431,504.8
827.72272,506.0
827.84113,506.2
827.95953,508.4
828.07794,504.8
828.19635,504.6
828.31476,501.4
828.43317,499.2
828.55157,501.6
828.66998,500.4
828.78839,503.6
828.90674,500.6
829.02515,500.8
829.14355,505.2
829.2619,502.0
829.38031,496.0
829.49872,501.4
829.61707,495.0
829.73547,499.6
829.85382,499.2
829.97217,498.8
830.09058,503.2
830.20892,496.6
830.32727,493.8
830.44562,500.2
830.56403,500.4
830.68237,498.4
830.80072,496.8
830.91907,498.2
831.03741,490.6
831.15576,502.8
831.27411,494.4
831.3924,497.6
831.51074,499.8
831.62909,500.8
831.74744,497.8
831.86572,507.2
831.98407,502.6
832.10242,499.8
832.2207,496.6
832.33905,499.2
832.45734,498.0
832.57562,497.6
832.69397,499.6
832.81226,501.0
832.93054,504.6
833.04889,501.0
833.16718,496.8
833.28546,501.8
833.40375,504.8
833.52203,502.8
833.64032,497.2
833.75861,500.6
833.87689,497.4
833.99518,502.4
834.1134,499.2
834.23169,499.8
834.34998,500.0
834.46826,501.6
834.58649,501.0
834.70477,507.6
834.823,501.0
834.94128,508.8
835.05951,503.0
835.1778,510.2
835.29602,507.4
835.41425,505.8
835.53253,504.6
835.65076,503.2
835.76898,508.4
835.88721,510.8
836.00543,512.4
836.12366,516.0
836.24188,510.2
836.36011,514.6
836.47833,512.0
836.59656,513.0
836.71478,514.0
836.83295,511.6
836.95117,507.4
837.0694,511.8
837.18756,512.8
837.30579,512.6
837.42401,513.4
837.54218,511.8
837.66034,503.6
837.77856,513.2
837.89673,509.2
838.01489,512.6
838.13312,509.8
838.25128,512.8
838.36945,511.8
838.48761,513.2
838.60577,515.0
838.72394,517.0
838.8421,516.0
838.96027,515.0
839.07843,509.4
839.19659,515.4
839.31476,513.4
839.43286,512.2
839.55103,516.6
839.66919,518.4
839.78729,514.2
839.90546,514.0
840.02356,510.4
840.14172,509.8
840.25983,508.6
840.37793,512.8
840.49609,510.2
840.6142,511.2
840.7323,514.6
840.8504,511.2
840.96851,503.6
841.08661,510.2
841.20471,509.8
841.32281,504.6
841.44092,508.2
841.55902,510.0
841.67712,502.6
841.79523,514.4
841.91327,503.0
842.03137,502.2
842.14948,505.0
842.26752,503.4
842.38562,504.0
842.50366,504.2
842.62177,503.8
842.73981,504.2
842.85791,504.4
842.97595,506.0
843.09399,509.6
843.21204,505.0
843.33008,502.0
843.44818,510.6
843.56622,500.4
843.68427,507.6
843.80231,499.0
843.92029,510.2
844.03833,511.6
844.15637,501.2
844.27441,501.8
844.39246,509.2
844.51044,503.6
844.62848,507.2
844.74646,509.4
844.8645,507.8
844.98248,502.4
845.10052,499.6
845.21851,505.0
845.33649,501.4
845.45453,506.6
845.57251,503.6
845.69049,502.4
845.80847,498.4
845.92645,504.4
846.04443,504.2
846.16241,503.0
846.2804,502.8
846.39838,505.2
846.51636,503.4
846.63434,501.4
846.75226,506.0
846.87024,501.8
846.98822,501.2
847.10614,500.8
847.22412,503.0
847.34204,503.2
847.46002,504.2
847.57794,500.4
847.69586,503.2
847.81384,503.0
847.93176,507.4
848.04968,507.4
848.1676,503.2
848.28552,505.2
848.40344,506.8
848.52136,502.4
848.63928,503.6
848.7572,507.6
848.87512,501.4
848.99304,501.8
849.1109,499.6
849.22882,501.2
849.34674,499.8
849.4646,499.4
849.58252,499.8
849.70038,497.4
849.8183,499.2
849.93616,502.4
850.05402,504.6
850.17194,503.8
850.28979,498.2
850.40765,500.4
850.52551,499.4
850.64337,503.0
850.76123,505.0
850.87909,495.2
850.99695,503.0
851.11481,499.4
851.23267,505.0
851.35046,503.6
851.46832,499.6
851.58618,502.2
851.70398,502.2
851.82184,505.0
851.93964,506.2
852.0575,513.6
852.17529,519.4
852.29315,512.0
852.41095,510.4
852.52875,505.0
852.64655,509.6
852.7644,501.2
852.8822,504.2
853.0,500.2
853.1178,506.2
853.2356,501.8
853.35333,501.6
853.47113,505.0
853.58893,503.0
853.70673,503.0
853.82446,507.2
853.94226,503.8
854.06006,504.6
854.1778,504.0
854.29559,508.2
854.41333,508.4
854.53107,510.4
854.64886,512.6
854.7666,506.2
854.88434,506.2
855.00208,505.4
855.11981,504.2
855.23761,506.4
855.35535,505.0
855.47302,511.2
855.59076,508.6
855.7085,511.0
855.82623,505.8
855.94397,511.0
856.06165,505.2
856.17938,508.8
856.29712,504.4
856.41479,507.6
856.53253,507.0
856.65021,509.8
856.76788,509.2
856.88562,505.2
857.0033,508.4
857.12097,504.8
857.23865,503.2
857.35632,500.8
857.474,502.0
857.59167,502.4
857.70935,505.0
857.82703,505.2
857.9447,503.6
858.06238,507.2
858.18005,503.2
858.29767,506.0
858.41534,502.0
858.53296,504.2
858.65063,506.6
858.76825,508.4
858.88593,505.0
859.00354,505.6
859.12115,506.4
859.23883,508.2
859.35645,505.2
859.47406,505.4
859.59167,506.2
859.70929,501.4
859.8269,503.0
859.94452,503.6
860.06213,498.8
860.17975,508.6
860.29736,503.2
860.41492,497.6
860.53253,500.8
860.65009,501.2
860.7677,494.2
860.88525,498.6
861.00287,499.6
861.12042,504.6
861.23804,499.6
861.35559,501.4
861.47314,500.0
861.5907,502.2
861.70825,496.2
861.82581,497.0
861.94336,497.2
862.06091,495.4
862.17847,495.4
862.29602,502.8
862.41357,495.0
862.53113,494.8
862.64862,497.0
862.76617,495.0
862.88367,493.0
863.00122,499.4
863.11871,496.6
863.23627,495.2
863.35376,503.2
863.47125,502.4
863.58881,496.4
863.7063,504.6
863.82379,497.6
863.94128,495.2
864.05878,497.4
864.17627,497.0
864.29376,496.8
864.41125,496.4
864.52869,493.6
864.64618,497.2
864.76367,491.6
864.8811,500.0
864.9986,493.2
865.11609,499.0
865.23352,491.0
865.35095,493.8
865.46844,491.6
865.58588,495.6
865.70331,497.4
865.82074,495.2
865.93823,492.4
866.05566,497.2
866.1731,497.8
866.29053,497.0
866.4079,495.2
866.52533,500.6
866.64276,502.8
866.76019,492.8
866.87756,499.8
866.995,500.8
867.11243,499.4
867.2298,498.2
867.34723,495.2
867.4646,497.0
867.58197,500.4
867.6994,500.0
867.81677,495.2
867.93414,500.4
868.05151,492.8
868.16888,491.6
868.28625,495.2
868.40363,501.6
868.521,497.6
868.63837,500.6
868.75568,494.2
868.87305,501.4
868.99042,501.0
869.10773,496.8
869.2251,497.6
869.34241,504.0
869.45978,504.2
869.57709,501.6
869.69446,495.6
869.81177,504.6
869.92908,498.4
870.04639,498.0
870.1637,497.8
870.28101,499.8
870.39832,500.8
870.51563,498.4
870.63293,503.0
870.75024,503.6
870.86749,502.0
870.9848,502.0
871.10211,500.6
871.21936,499.8
871.33667,498.0
871.45392,506.2
871.57123,497.8
871.68848,501.8
871.80573,503.2
871.92297,504.4
872.04028,495.8
872.15753,501.0
872.27478,498.0
872.39203,500.4
872.50928,496.0
872.62646,499.8
872.74371,494.0
872.86096,502.8
872.97821,497.6
873.0954,500.8
873.21265,497.0
873.32983,497.8
873.44708,499.8
873.56427,501.4
873.68152,497.0
873.79871,501.8
873.91589,490.8
874.03308,497.0
874.15027,503.2
874.26746,496.4
874.38464,495.4
874.50183,501.6
874.61902,503.0
874.73621,497.4
874.85339,497.6
874.97052,498.4
875.08771,498.4
875.2049,499.6
875.32202,499.2
875.43921,500.4
875.55634,497.8
875.67346,501.0
875.79065,498.2
875.90778,498.2
876.0249,502.0
876.14203,492.6
876.25916,497.2
876.37628,502.4
876.49341,503.4
876.61053,504.6
876.72766,499.8
876.84473,504.6
876.96185,502.0
877.07898,500.8
877.19604,503.8
877.31317,501.6
877.43024,500.4
877.54736,496.6
877.66443,503.4
877.78149,497.6
877.89856,496.4
878.01569,499.6
878.13275,493.0
878.24982,496.8
878.36688,499.8
878.48395,501.0
878.60095,497.0
878.71802,496.4
878.83508,497.6
878.95215,501.6
879.06915,491.2
879.18622,494.0
879.30322,494.4
879.42029,495.4
879.53729,494.2
879.6543,492.2
879.77136,495.0
879.88837,502.2
880.00537,497.2
880.12238,499.0
880.23938,495.4
880.35638,493.0
880.47339,491.8
880.59039,496.0
880.70734,495.8
880.82434,495.6
880.94135,493.4
881.05829,494.0
881.17529,494.6
881.29224,495.2
881.40924,490.0
881.52618,495.6
881.64313,497.0
881.76007,495.8
881.87701,493.8
881.99402,495.8
882.11096,494.0
882.22791,491.4
882.34479,493.2
882.46173,498.6
882.57867,489.6
882.69562,494.0
882.8125,500.4
882.92944,496.0
883.04639,495.2
883.16327,493.8
883.28015,495.8
883.39709,497.4
883.51398,500.8
883.63086,495.8
883.74774,496.6
883.86462,502.6
883.98157,497.4
884.09839,501.0
884.21527,501.4
884.33215,499.8
884.44904,498.6
884.56592,498.2
884.68274,498.0
884.79962,500.0
884.9165,500.0
885.03333,504.8
885.15015,507.2
885.26703,510.0
885.38385,506.2
885.50067,505.6
885.61749,508.6
885.73438,508.6
885.8512,508.0
885.96802,507.6
886.08478,504.2
886.2016,505.4
886.31842,508.0
886.43524,502.0
886.55206,502.8
886.66882,502.8
886.78564,504.8
886.9024,505.6
887.01923,502.0
887.13599,500.8
887.25275,494.4
887.36951,501.2
887.48633,502.0
887.60309,500.2
887.71985,496.4
887.83661,498.6
887.95337,496.6
888.07007,495.4
888.18683,495.2
888.30359,496.6
888.42035,499.2
888.53705,496.4
888.65381,493.4
888.77051,495.4
888.88721,497.8
889.00397,493.4
889.12067,493.4
889.23737,496.2
889.35406,498.0
889.47083,490.8
889.58752,492.8
889.70416,495.4
889.82086,493.2
889.93756,497.6
890.05426,497.8
890.17096,498.8
890.2876,495.2
890.4043,495.8
890.52094,491.2
890.63763,498.0
890.75427,496.0
890.87091,498.2
890.98761,494.0
891.10425,498.2
891.22089,494.2
891.33752,494.4
891.45416,498.2
891.5708,498.0
891.68744,498.2
891.80408,497.6
891.92065,495.8
892.03729,496.0
892.15393,497.0
892.27051,495.0
892.38715,501.4
892.50372,494.8
892.6203,498.4
892.73694,493.6
892.85352,497.2
892.97009,494.8
893.08667,497.0
893.20325,499.8
893.31982,501.0
893.4364,498.4
893.55298,492.0
893.66956,498.4
893.78607,499.4
893.90265,505.2
894.01917,507.0
894.13574,501.4
894.25226,500.0
894.36884,496.8
894.48535,499.6
894.60187,500.2
894.71838,495.4
894.8349,502.2
894.95148,498.8
895.06793,501.2
895.18445,497.2
895.30096,499.2
895.41748,497.8
895.534,494.4
895.65045,494.6
895.76697,498.8
895.88342,497.6
895.99994,494.8
896.11639,503.8
896.23291,498.0
896.34937,493.4
896.46582,493.4
896.58228,500.2
896.69873,500.8
896.81519,500.0
896.93164,495.2
897.0481,497.2
897.16455,498.2
897.28094,497.6
897.3974,495.2
897.51385,497.6
897.63025,503.6
897.7467,496.0
897.8631,495.4
897.97949,497.6
898.09595,497.2
898.21234,499.2
898.32874,500.2
898.44513,494.8
898.56152,498.8
898.67792,497.4
898.79431,492.8
898.91064,497.6
899.02704,495.4
899.14343,498.8
899.25977,495.2
899.37616,491.4
899.49249,495.6
899.60889,501.4
899.72522,495.8
899.84155,495.4
899.95789,497.4
900.07428,496.0
900.19061,498.4
900.30695,498.2
900.42322,497.8
900.53955,493.4
900.65588,495.2
900.77222,497.2
900.88849,499.2
901.00482,493.8
901.12109,497.4
901.23743,494.8
901.3537,497.8
901.47003,492.2
901.5863,496.2
901.70258,495.4
901.81885,495.4
901.93512,499.0
902.05139,497.0
902.16766,499.8
902.28394,497.0
902.40021,500.6
902.51642,500.6
902.63269,498.8
902.7489,500.0
902.86517,497.6
902.98138,500.0
903.09766,498.2
903.21387,501.6
903.33008,495.2
903.44629,501.4
903.5625,495.6
903.67871,501.2
903.79492,490.2
903.91113,497.8
904.02734,492.6
904.14355,498.0
904.2597,495.6
904.37592,494.6
904.49207,490.0
904.60828,492.6
904.72443,489.8
904.84064,494.0
904.95679,491.0
905.07294,494.2
905.18909,488.8
905.30524,490.2
905.42139,487.2
905.53754,489.2
905.65369,489.2
905.76984,489.0
905.88593,491.8
906.00208,490.6
906.11816,487.0
906.23431,486.0
906.3504,485.2
906.46655,489.2
906.58264,479.8
906.69873,486.8
906.81482,481.2
906.93091,484.8
907.047,486.0
907.16309,486.4
907.27917,487.2
907.39526,486.2
907.51135,485.2
907.62738,481.6
907.74347,485.2
907.8595,486.6
907.97559,488.0
908.09161,486.2
908.2077,488.6
908.32373,486.2
908.43976,485.6
908.55579,487.0
908.67181,480.6
908.78784,488.0
908.90387,484.0
909.0199,487.8
909.13586,486.4
909.25189,485.6
909.36792,486.6
909.48389,483.4
909.59991,480.4
909.71588,485.6
909.83185,490.4
909.94788,487.4
910.06384,482.8
910.17981,485.8
910.29578,485.6
910.41174,487.6
910.52771,487.4
910.64368,480.0
910.75958,481.2
910.87555,489.0
910.99152,485.2
911.10742,482.2
911.22339,479.4
911.33929,481.4
911.4552,485.0
911.57117,479.0
911.68707,483.6
911.80298,481.4
911.91888,478.8
912.03479,481.0
912.1507,487.8
912.2666,481.2
912.38245,483.4
912.49835,487.0
912.61426,480.8
912.7301,483.6
912.84601,483.8
792.4458,729.0
792.56488,753.2
792.68396,750.6
792.8031,744.8
792.92218,738.6
793.04126,732.4
793.16034,733.4
793.27942,725.6
793.3985,721.4
793.51758,706.4
793.63672,702.0
793.7558,696.0
793.87488,701.2
793.9939,695.4
794.11298,690.4
794.23206,682.8
794.35114,678.6
794.47021,669.4
794.58929,664.0
794.70831,671.2
794.82739,669.2
794.94647,667.2
795.06549,664.0
795.18457,651.6
795.30365,648.8
795.42267,645.6
795.54175,648.6
795.66077,646.4
795.77985,647.2
795.89886,641.8
796.01794,645.4
796.13696,643.2
796.25598,638.6
796.375,631.0
796.49408,634.0
796.6131,632.6
796.73212,630.4
796.85114,629.6
796.97015,629.0
797.08923,625.2
797.20825,620.2
797.32727,633.8
797.44629,624.8
797.56531,626.8
797.68427,622.6
797.80328,622.2
797.9223,622.4
798.04132,618.2
798.16034,623.6
798.27936,616.0
798.39832,616.8
798.51733,620.8
798.63635,618.8
798.75531,618.0
798.87433,612.0
798.99329,612.2
799.1123,614.0
799.23126,611.6
799.35028,610.4
799.46924,614.8
799.58826,614.8
799.70721,613.6
799.82617,619.2
799.94519,611.0
800.06415,620.2
800.18311,614.8
800.30206,617.0
800.42102,618.4
800.54004,619.8
800.659,615.4
800.77795,616.8
800.89691,616.8
801.01587,616.4
801.13483,611.4
801.25372,622.0
801.37268,618.2
801.49164,616.6
801.6106,624.0
801.72955,614.4
801.84845,621.6
801.96741,617.4
802.08636,618.4
802.20526,622.4
802.32422,613.8
802.44318,620.0
802.56207,622.6
802.68103,620.2
802.79993,620.4
802.91882,623.6
803.03778,619.4
803.15668,619.4
803.27557,624.2
803.39453,622.8
803.51343,618.8
803.63232,626.8
803.75122,621.4
803.87012,622.6
803.98907,616.6
804.10797,628.4
804.22687,619.8
804.34576,624.0
804.46466,621.4
804.58356,628.0
804.70239,627.4
804.82129,628.2
804.94019,618.8
805.05908,622.0
805.17798,629.2
805.29681,632.6
805.41571,635.4
805.53461,631.2
805.65344,627.0
805.77234,636.4
805.89117,636.4
806.01007,635.4
806.12891,633.4
806.2478,636.2
806.36664,634.4
806.48547,634.8
806.60437,635.2
806.72321,641.6
806.84204,647.6
806.96088,631.8
807.07971,633.4
807.19861,633.6
807.31744,634.0
807.43628,637.8
807.55511,637.4
807.67395,639.2
807.79279,633.4
807.91162,640.2
808.0304,645.4
808.14923,645.2
808.26807,645.2
808.3869,644.4
808.50568,651.4
808.62451,648.0
808.74335,643.2
808.86212,642.4
808.98096,653.4
809.09979,655.0
809.21857,644.6
809.33734,644.4
809.45618,645.0
809.57495,650.8
809.69379,651.4
809.81256,652.4
809.93134,648.8
810.05011,647.0
810.16895,649.0
810.28772,648.8
810.40649,650.4
810.52527,657.4
810.64404,649.0
810.76282,658.8
810.88159,655.6
811.00037,655.6
811.11914,651.0
811.23792,653.6
811.35663,653.8
811.4754,651.6
811.59418,652.8
811.71295,660.6
811.83167,655.0
811.95044,650.4
812.06921,657.0
812.18793,650.0
812.3067,656.2
812.42542,653.6
812.54419,657.2
812.6629,652.4
812.78162,650.6
812.90039,650.2
813.0191,644.4
813.13782,651.4
813.25653,642.0
813.37524,649.2
813.49402,649.4
813.61273,653.8
813.73145,649.0
813.85016,648.4
813.96887,642.4
814.08759,643.0
814.2063,641.4
814.32495,649.4
814.44366,643.2
814.56238,639.8
814.68109,639.0
814.79974,641.8
814.91846,635.4
815.03717,632.8
815.15582,633.0
815.27454,636.8
815.39319,629.2
815.5119,628.0
815.63055,627.2
815.74927,629.2
815.86792,630.6
815.98657,632.2
816.10529,632.2
816.22394,640.2
816.34259,635.0
816.46124,643.0
816.5799,643.2
816.69855,641.8
816.8172,645.2
816.93585,636.2
817.0545,630.2
817.17316,626.0
817.29181,617.0
817.41046,616.0
817.52911,609.8
817.64771,610.4
817.76636,597.4
817.88501,590.0
818.0036,586.2
818.12225,586.2
818.24091,577.8
818.3595,580.2
818.47815,576.4
818.59674,576.0
818.71533,573.6
818.83398,572.2
818.95258,564.6
819.07117,569.2
819.18976,567.6
819.30841,563.8
819.427,566.4
819.54559,563.6
819.66418,562.8
819.78278,562.4
819.90137,554.8
820.01996,556.8
820.13855,558.6
820.25714,557.4
820.37573,553.6
820.49426,558.4
820.61285,548.2
820.73145,554.6
820.84998,552.8
820.96857,546.2
821.08716,548.8
821.20569,549.2
821.32428,549.8
821.44281,547.0
821.56134,549.0
821.67993,543.0
821.79846,540.0
821.91699,543.4
822.03558,544.0
822.15411,540.0
822.27264,544.8
822.39117,539.4
822.5097,539.4
822.62823,538.4
822.74677,540.2
822.8653,539.2
822.98383,538.0
823.10236,541.8
823.22089,539.8
823.33942,543.8
823.45789,539.8
823.57642,540.8
823.69495,541.8
823.81342,544.6
823.93195,538.0
824.05042,550.2
824.16895,540.6
824.28741,544.2
824.40594,541.6
824.52441,543.6
824.64288,541.4
824.76141,544.2
824.87988,538.8
824.99835,541.8
825.11682,538.2
825.23529,544.2
825.35376,540.4
825.47223,538.4
825.5907,539.2
825.70917,536.8
825.82764,536.6
825.94611,530.0
826.06458,527.8
826.18304,533.8
826.30145,534.2
826.41992,538.2
826.53839,528.8
826.6568,531.2
826.77527,536.4
826.89368,533.6
827.01215,533.4
827.13055,529.0
827.24902,529.8
827.36743,533.6
827.48584,524.6
827.60431,527.0
827.72272,523.6
827.84113,530.0
827.95953,528.2
828.07794,524.8
828.19635,526.0
828.31476,521.4
828.43317,521.8
828.55157,526.2
828.66998,520.2
828.78839,518.8
828.90674,526.6
829.02515,526.2
829.14355,525.2
829.2619,520.8
829.38031,526.0
829.49872,522.6
829.61707,520.8
829.73547,524.2
829.85382,526.4
829.97217,519.4
830.09058,522.0
830.20892,522.4
830.32727,516.8
830.44562,519.8
830.56403,518.4
830.68237,522.6
830.80072,523.0
830.91907,518.6
831.03741,521.8
831.15576,518.4
831.27411,521.2
831.3924,519.8
831.51074,523.8
831.62909,521.8
831.74744,517.8
831.86572,521.2
831.98407,521.8
832.10242,519.4
832.2207,522.6
832.33905,520.6
832.45734,523.0
832.57562,517.0
832.69397,523.8
832.81226,523.4
832.93054,523.6
833.04889,521.0
833.16718,520.6
833.28546,521.4
833.40375,527.2
833.52203,519.2
833.64032,518.6
833.75861,525.2
833.87689,521.6
833.99518,524.0
834.1134,522.4
834.23169,528.6
834.34998,526.8
834.46826,529.4
834.58649,522.4
834.70477,525.2
834.823,524.2
834.94128,526.2
835.05951,527.4
835.1778,535.2
835.29602,523.4
835.41425,526.0
835.53253,526.4
835.65076,532.0
835.76898,523.2
835.88721,533.2
836.00543,529.8
836.12366,530.0
836.24188,529.0
836.36011,531.0
836.47833,538.6
836.59656,534.6
836.71478,535.0
836.83295,534.8
836.95117,531.8
837.0694,532.0
837.18756,534.2
837.30579,536.0
837.42401,536.6
837.54218,532.6
837.66034,526.6
837.77856,542.6
837.89673,532.4
838.01489,537.2
838.13312,532.8
838.25128,535.0
838.36945,531.6
838.48761,533.0
838.60577,536.4
838.72394,535.8
838.8421,534.0
838.96027,533.6
839.07843,530.4
839.19659,533.0
839.31476,540.2
839.43286,536.6
839.55103,532.4
839.66919,534.4
839.78729,537.0
839.90546,532.0
840.02356,530.6
840.14172,532.8
840.25983,528.6
840.37793,532.8
840.49609,529.4
840.6142,528.2
840.7323,528.8
840.8504,529.2
840.96851,527.8
841.08661,531.2
841.20471,525.4
841.32281,532.0
841.44092,525.4
841.55902,530.4
841.67712,522.2
841.79523,526.8
841.91327,523.2
842.03137,523.0
842.14948,528.4
842.26752,523.6
842.38562,532.0
842.50366,519.8
842.62177,524.4
842.73981,526.2
842.85791,522.6
842.97595,527.6
843.09399,529.6
843.21204,528.0
843.33008,528.8
843.44818,527.0
843.56622,527.6
843.68427,523.8
843.80231,529.6
843.92029,527.0
844.03833,530.0
844.15637,527.4
844.27441,527.0
844.39246,529.4
844.51044,526.6
844.62848,524.8
844.74646,530.6
844.8645,519.8
844.98248,524.4
845.10052,525.0
845.21851,524.2
845.33649,531.2
845.45453,522.0
845.57251,526.0
845.69049,518.6
845.80847,526.6
845.92645,521.0
846.04443,521.4
846.16241,522.0
846.2804,522.4
846.39838,521.4
846.51636,522.0
846.63434,519.4
846.75226,523.6
846.87024,528.2
846.98822,520.8
847.10614,520.6
847.22412,527.8
847.34204,523.2
847.46002,522.0
847.57794,530.2
847.69586,529.4
847.81384,529.2
847.93176,530.2
848.04968,525.2
848.1676,526.6
848.28552,524.8
848.40344,522.8
848.52136,522.2
848.63928,525.0
848.7572,520.6
848.87512,530.8
848.99304,520.6
849.1109,525.6
849.22882,522.0
849.34674,525.8
849.4646,526.2
849.58252,524.2
849.70038,518.4
849.8183,518.8
849.93616,527.4
850.05402,530.4
850.17194,527.0
850.28979,530.0
850.40765,525.8
850.52551,529.0
850.64337,531.0
850.76123,528.8
850.87909,519.4
850.99695,527.8
851.11481,525.4
851.23267,529.6
851.35046,529.6
851.46832,519.8
851.58618,526.6
851.70398,530.4
851.82184,523.0
851.93964,524.6
852.0575,530.0
852.17529,534.2
852.29315,534.8
852.41095,527.4
852.52875,530.4
852.64655,524.2
852.7644,523.4
852.8822,520.6
853.0,515.0
853.1178,520.0
853.2356,521.6
853.35333,522.6
853.47113,520.6
853.58893,527.2
853.70673,521.6
853.82446,523.0
853.94226,525.4
854.06006,521.0
854.1778,527.0
854.29559,525.0
854.41333,524.4
854.53107,524.6
854.64886,529.0
854.7666,522.4
854.88434,519.6
855.00208,529.8
855.11981,520.4
855.23761,526.4
855.35535,527.6
855.47302,524.0
855.59076,526.0
855.7085,523.2
855.82623,520.0
855.94397,530.2
856.06165,523.0
856.17938,523.6
856.29712,525.6
856.41479,525.6
856.53253,524.0
856.65021,520.4
856.76788,523.2
856.88562,530.2
857.0033,527.6
857.12097,523.6
857.23865,521.4
857.35632,513.8
857.474,523.6
857.59167,519.6
857.70935,525.0
857.82703,522.0
857.9447,521.8
858.06238,521.2
858.18005,522.0
858.29767,517.8
858.41534,519.2
858.53296,522.6
858.65063,523.2
858.76825,523.4
858.88593,524.4
859.00354,523.2
859.12115,522.4
859.23883,520.6
859.35645,523.4
859.47406,518.8
859.59167,522.2
859.70929,519.2
859.8269,518.6
859.94452,517.6
860.06213,516.2
860.17975,520.6
860.29736,515.4
860.41492,517.6
860.53253,513.8
860.65009,511.2
860.7677,512.2
860.88525,514.8
861.00287,513.4
861.12042,522.0
861.23804,516.0
861.35559,521.2
861.47314,510.8
861.5907,515.4
861.70825,513.4
861.82581,511.6
861.94336,509.8
862.06091,512.0
862.17847,514.4
862.29602,509.8
862.41357,509.2
862.53113,509.4
862.64862,510.0
862.76617,511.8
862.88367,509.0
863.00122,511.8
863.11871,517.4
863.23627,513.6
863.35376,513.2
863.47125,512.4
863.58881,513.2
863.7063,512.8
863.82379,509.6
863.94128,513.2
864.05878,511.0
864.17627,512.4
864.29376,511.4
864.41125,514.2
864.52869,512.4
864.64618,516.2
864.76367,510.8
864.8811,514.0
864.9986,507.2
865.11609,509.0
865.23352,506.6
865.35095,509.2
865.46844,510.2
865.58588,509.8
865.70331,515.2
865.82074,511.4
865.93823,513.0
866.05566,511.0
866.1731,514.8
866.29053,507.8
866.4079,510.4
866.52533,511.4
866.64276,508.8
866.76019,512.8
866.87756,515.8
866.995,514.2
867.11243,511.2
867.2298,516.0
867.34723,510.6
867.4646,510.4
867.58197,512.8
867.6994,518.0
867.81677,514.4
867.93414,515.4
868.05151,512.2
868.16888,511.4
868.28625,513.4
868.40363,512.4
868.521,514.6
868.63837,512.0
868.75568,516.6
868.87305,515.2
868.99042,519.6
869.10773,517.8
869.2251,514.6
869.34241,516.2
869.45978,514.2
869.57709,514.2
869.69446,510.2
869.81177,516.2
869.92908,516.0
870.04639,515.4
870.1637,511.8
870.28101,517.2
870.39832,518.8
870.51563,515.4
870.63293,515.8
870.75024,513.8
870.86749,518.8
870.9848,512.6
871.10211,516.0
871.21936,518.0
871.33667,521.2
871.45392,515.8
871.57123,514.4
871.68848,512.4
871.80573,517.8
871.92297,517.0
872.04028,515.4
872.15753,514.4
872.27478,512.8
872.39203,510.2
872.50928,514.4
872.62646,513.0
872.74371,512.6
872.86096,518.2
872.97821,516.6
873.0954,507.6
873.21265,510.8
873.32983,512.0
873.44708,514.6
873.56427,512.6
873.68152,506.2
873.79871,508.0
873.91589,513.0
874.03308,510.4
874.15027,511.2
874.26746,508.2
874.38464,510.0
874.50183,512.2
874.61902,513.8
874.73621,511.4
874.85339,511.0
874.97052,511.0
875.08771,514.4
875.2049,517.0
875.32202,506.2
875.43921,515.0
875.55634,516.4
875.67346,517.2
875.79065,514.6
875.90778,518.4
876.0249,510.0
876.14203,511.4
876.25916,508.0
876.37628,518.6
876.49341,510.8
876.61053,516.4
876.72766,512.2
876.84473,516.0
876.96185,519.0
877.07898,514.4
877.19604,523.4
877.31317,514.4
877.43024,514.4
877.54736,515.4
877.66443,513.6
877.78149,512.6
877.89856,512.4
878.01569,516.0
878.13275,507.4
878.24982,512.4
878.36688,509.8
878.48395,513.8
878.60095,507.2
878.71802,507.4
878.83508,509.0
878.95215,508.2
879.06915,507.8
879.18622,510.0
879.30322,505.2
879.42029,506.0
879.53729,505.6
879.6543,508.4
879.77136,505.2
879.88837,510.0
880.00537,509.4
880.12238,510.8
880.23938,506.4
880.35638,512.8
880.47339,501.6
880.59039,506.8
880.70734,505.0
880.82434,505.4
880.94135,508.2
881.05829,503.0
881.17529,505.4
881.29224,508.6
881.40924,505.8
881.52618,507.0
881.64313,506.0
881.76007,509.8
881.87701,507.6
881.99402,511.4
882.11096,504.2
882.22791,503.4
882.34479,505.6
882.46173,505.0
882.57867,510.2
882.69562,505.2
882.8125,505.8
882.92944,502.8
883.04639,507.4
883.16327,507.6
883.28015,507.2
883.39709,506.8
883.51398,507.8
883.63086,508.6
883.74774,509.2
883.86462,507.0
883.98157,511.0
884.09839,509.0
884.21527,512.0
884.33215,507.6
884.44904,507.8
884.56592,509.6
884.68274,510.4
884.79962,509.8
884.9165,508.2
885.03333,514.0
885.15015,517.6
885.26703,517.8
885.38385,513.6
885.50067,516.8
885.61749,515.8
885.73438,521.4
885.8512,517.0
885.96802,521.8
886.08478,515.4
886.2016,512.4
886.31842,515.0
886.43524,519.0
886.55206,517.2
886.66882,513.0
886.78564,515.0
886.9024,514.2
887.01923,512.4
887.13599,509.8
887.25275,511.2
887.36951,509.6
887.48633,510.4
887.60309,508.4
887.71985,506.8
887.83661,507.4
887.95337,506.2
888.07007,506.8
888.18683,507.4
888.30359,506.2
888.42035,502.8
888.53705,507.0
888.65381,502.8
888.77051,504.2
888.88721,498.6
889.00397,503.4
889.12067,504.4
889.23737,499.6
889.35406,500.4
889.47083,507.2
889.58752,499.0
889.70416,507.6
889.82086,502.0
889.93756,506.4
890.05426,496.6
890.17096,507.2
890.2876,503.0
890.4043,500.2
890.52094,501.8
890.63763,504.0
890.75427,504.4
890.87091,506.8
890.98761,505.2
891.10425,503.6
891.22089,503.8
891.33752,506.2
891.45416,501.2
891.5708,502.0
891.68744,505.2
891.80408,505.2
891.92065,502.6
892.03729,501.0
892.15393,501.6
892.27051,505.2
892.38715,501.8
892.50372,505.0
892.6203,501.0
892.73694,508.8
892.85352,501.8
892.97009,504.2
893.08667,504.2
893.20325,508.0
893.31982,505.2
893.4364,509.6
893.55298,501.4
893.66956,510.2
893.78607,504.8
893.90265,508.2
894.01917,507.0
894.13574,512.8
894.25226,510.0
894.36884,506.2
894.48535,508.2
894.60187,502.2
894.71838,510.8
894.8349,507.4
894.95148,508.8
895.06793,509.2
895.18445,507.4
895.30096,504.8
895.41748,507.6
895.534,505.0
895.65045,506.2
895.76697,508.6
895.88342,507.6
895.99994,500.8
896.11639,499.8
896.23291,500.8
896.34937,502.4
896.46582,504.2
896.58228,506.8
896.69873,507.4
896.81519,511.2
896.93164,502.2
897.0481,506.8
897.16455,504.6
897.28094,510.0
897.3974,505.0
897.51385,510.8
897.63025,504.6
897.7467,506.6
897.8631,505.8
897.97949,505.6
898.09595,501.4
898.21234,502.0
898.32874,504.0
898.44513,502.2
898.56152,505.6
898.67792,504.0
898.79431,497.8
898.91064,505.0
899.02704,498.8
899.14343,501.6
899.25977,504.6
899.37616,500.2
899.49249,502.4
899.60889,504.0
899.72522,500.8
899.84155,503.0
899.95789,505.6
900.07428,500.2
900.19061,501.0
900.30695,500.6
900.42322,507.6
900.53955,504.0
900.65588,503.2
900.77222,503.0
900.88849,506.2
901.00482,502.8
901.12109,500.8
901.23743,503.0
901.3537,503.0
901.47003,498.4
901.5863,505.4
901.70258,496.8
901.81885,502.0
901.93512,502.2
902.05139,501.2
902.16766,498.4
902.28394,505.8
902.40021,501.8
902.51642,507.6
902.63269,500.4
902.7489,506.6
902.86517,503.4
902.98138,504.2
903.09766,502.4
903.21387,502.6
903.33008,505.8
903.44629,506.0
903.5625,505.8
903.67871,500.6
903.79492,500.6
903.91113,497.4
904.02734,500.8
904.14355,499.4
904.2597,499.6
904.37592,494.8
904.49207,498.0
904.60828,495.8
904.72443,499.8
904.84064,494.6
904.95679,497.6
905.07294,499.8
905.18909,493.6
905.30524,492.8
905.42139,490.4
905.53754,496.4
905.65369,494.4
905.76984,492.2
905.88593,488.8
906.00208,489.4
906.11816,493.6
906.23431,489.2
906.3504,491.6
906.46655,487.4
906.58264,487.0
906.69873,492.6
906.81482,488.2
906.93091,488.6
907.047,483.6
907.16309,489.6
907.27917,489.4
907.39526,493.4
907.51135,489.0
907.62738,487.2
907.74347,487.2
907.8595,487.4
907.97559,492.2
908.09161,486.2
908.2077,484.4
908.32373,488.8
908.43976,484.4
908.55579,487.0
908.67181,492.0
908.78784,487.8
908.90387,486.0
909.0199,485.6
909.13586,483.8
909.25189,491.0
909.36792,485.4
909.48389,487.4
909.59991,490.2
909.71588,485.6
909.83185,492.2
909.94788,482.6
910.06384,482.4
910.17981,487.0
910.29578,485.8
910.41174,483.4
910.52771,488.4
910.64368,485.4
910.75958,488.4
910.87555,484.6
910.99152,487.0
911.10742,487.4
911.22339,481.2
911.33929,489.4
911.4552,487.0
911.57117,481.6
911.68707,490.4
911.80298,486.0
911.91888,480.6
912.03479,489.2
912.1507,490.2
912.2666,489.0
912.38245,485.2
912.49835,492.4
912.61426,488.8
912.7301,487.0
912.84601,483.8
792.4458,1028.8
792.56488,1023.2
792.68396,1029.2
792.8031,1016.8
792.92218,999.6
793.04126,981.2
793.16034,982.2
793.27942,962.0
793.3985,949.2
793.51758,921.6
793.63672,922.4
793.7558,894.4
793.87488,904.0
793.9939,887.8
794.11298,879.6
794.23206,868.0
794.35114,852.2
794.47021,837.8
794.58929,830.0
794.70831,825.0
794.82739,817.8
794.94647,820.2
795.06549,813.8
795.18457,809.6
795.30365,788.8
795.42267,776.6
795.54175,772.2
795.66077,775.2
795.77985,771.2
795.89886,767.8
796.01794,764.4
796.13696,762.6
796.25598,758.6
796.375,748.6
796.49408,742.0
796.6131,736.8
796.73212,742.2
796.85114,732.8
796.97015,729.6
797.08923,723.4
797.20825,722.0
797.32727,716.6
797.44629,717.2
797.56531,709.4
797.68427,708.8
797.80328,704.6
797.9223,702.2
798.04132,704.0
798.16034,697.4
798.27936,705.2
798.39832,697.8
798.51733,693.0
798.63635,696.6
798.75531,693.4
798.87433,690.2
798.99329,674.8
799.1123,676.8
799.23126,687.4
799.35028,684.0
799.46924,684.0
799.58826,688.0
799.70721,684.0
799.82617,681.8
799.94519,677.4
800.06415,679.8
800.18311,667.6
800.30206,673.6
800.42102,677.8
800.54004,678.4
800.659,672.6
800.77795,675.4
800.89691,671.6
801.01587,671.6
801.13483,670.4
801.25372,671.2
801.37268,676.8
801.49164,673.6
801.6106,672.8
801.72955,671.0
801.84845,661.8
801.96741,666.8
802.08636,664.2
802.20526,661.4
802.32422,666.4
802.44318,667.2
802.56207,662.0
802.68103,664.0
802.79993,663.2
802.91882,665.4
803.03778,665.8
803.15668,668.2
803.27557,658.4
803.39453,660.6
803.51343,661.0
803.63232,665.4
803.75122,655.6
803.87012,660.6
803.98907,661.0
804.10797,657.4
804.22687,658.6
804.34576,656.0
804.46466,666.6
804.58356,665.4
804.70239,663.6
804.82129,659.8
804.94019,662.6
805.05908,658.6
805.17798,657.8
805.29681,658.4
805.41571,662.6
805.53461,665.0
805.65344,658.8
805.77234,664.8
805.89117,664.6
806.01007,664.0
806.12891,668.6
806.2478,662.8
806.36664,661.0
806.48547,665.6
806.60437,659.8
806.72321,664.2
806.84204,662.6
806.96088,658.4
807.07971,656.2
807.19861,661.8
807.31744,661.6
807.43628,656.8
807.55511,655.6
807.67395,663.6
807.79279,661.4
807.91162,660.0
808.0304,666.8
808.14923,667.4
808.26807,658.8
808.3869,664.8
808.50568,669.4
808.62451,667.4
808.74335,663.4
808.86212,667.4
808.98096,664.4
809.09979,665.2
809.21857,664.0
809.33734,667.0
809.45618,669.4
809.57495,665.0
809.69379,665.0
809.81256,666.2
809.93134,664.2
810.05011,663.8
810.16895,661.8
810.28772,658.8
810.40649,662.2
810.52527,666.8
810.64404,666.8
810.76282,671.2
810.88159,665.8
811.00037,661.8
811.11914,658.8
811.23792,664.8
811.35663,664.0
811.4754,666.8
811.59418,668.4
811.71295,669.8
811.83167,669.6
811.95044,669.8
812.06921,668.2
812.18793,666.4
812.3067,667.8
812.42542,667.6
812.54419,668.4
812.6629,665.0
812.78162,668.0
812.90039,661.6
813.0191,658.8
813.13782,663.4
813.25653,665.2
813.37524,659.2
813.49402,658.2
813.61273,666.8
813.73145,656.6
813.85016,655.4
813.96887,656.4
814.08759,658.0
814.2063,646.4
814.32495,656.0
814.44366,655.8
814.56238,651.8
814.68109,649.2
814.79974,650.8
814.91846,645.2
815.03717,656.0
815.15582,645.0
815.27454,645.4
815.39319,642.8
815.5119,643.8
815.63055,638.8
815.74927,647.0
815.86792,647.2
815.98657,652.2
816.10529,643.6
816.22394,646.4
816.34259,651.0
816.46124,650.4
816.5799,654.2
816.69855,654.2
816.8172,652.0
816.93585,648.8
817.0545,647.4
817.17316,645.2
817.29181,641.6
817.41046,642.2
817.52911,636.8
817.64771,630.8
817.76636,629.4
817.88501,630.4
818.0036,629.2
818.12225,629.0
818.24091,625.6
818.3595,615.4
818.47815,621.4
818.59674,624.0
818.71533,619.0
818.83398,617.6
818.95258,609.6
819.07117,615.2
819.18976,616.4
819.30841,611.0
819.427,611.6
819.54559,614.0
819.66418,612.6
819.78278,609.6
819.90137,617.0
820.01996,611.4
820.13855,610.2
820.25714,614.8
820.37573,611.6
820.49426,607.8
820.61285,609.4
820.73145,600.4
820.84998,599.8
820.96857,594.6
821.08716,602.0
821.20569,597.6
821.32428,596.6
821.44281,596.0
821.56134,597.2
821.67993,597.0
821.79846,596.0
821.91699,595.0
822.03558,598.8
822.15411,598.4
822.27264,588.8
822.39117,587.8
822.5097,587.6
822.62823,588.2
822.74677,588.2
822.8653,586.2
822.98383,588.0
823.10236,592.2
823.22089,584.6
823.33942,588.8
823.45789,587.2
823.57642,589.6
823.69495,590.0
823.81342,590.4
823.93195,584.0
824.05042,592.6
824.16895,586.6
824.28741,595.4
824.40594,586.6
824.52441,587.8
824.64288,583.6
824.76141,593.2
824.87988,587.2
824.99835,581.8
825.11682,590.0
825.23529,591.4
825.35376,587.8
825.47223,592.4
825.5907,594.4
825.70917,595.0
825.82764,585.2
825.94611,589.8
826.06458,584.0
826.18304,585.0
826.30145,587.2
826.41992,592.4
826.53839,593.0
826.6568,589.8
826.77527,590.6
826.89368,594.2
827.01215,588.6
827.13055,591.0
827.24902,583.6
827.36743,586.6
827.48584,580.0
827.60431,580.4
827.72272,580.4
827.84113,582.8
827.95953,576.4
828.07794,575.0
828.19635,578.4
828.31476,572.8
828.43317,575.2
828.55157,577.8
828.66998,574.8
828.78839,575.8
828.90674,578.8
829.02515,576.8
829.14355,579.0
829.2619,577.8
829.38031,573.0
829.49872,574.0
829.61707,567.2
829.73547,571.2
829.85382,573.0
829.97217,575.2
830.09058,577.8
830.20892,570.0
830.32727,564.4
830.44562,576.4
830.56403,574.4
830.68237,575.0
830.80072,574.4
830.91907,574.4
831.03741,572.0
831.15576,575.4
831.27411,571.6
831.3924,574.4
831.51074,573.0
831.62909,573.8
831.74744,569.4
831.86572,575.4
831.98407,583.6
832.10242,578.4
832.2207,580.8
832.33905,574.2
832.45734,577.0
832.57562,580.2
832.69397,575.6
832.81226,579.8
832.93054,572.2
833.04889,573.2
833.16718,568.4
833.28546,578.8
833.40375,580.6
833.52203,579.8
833.64032,569.8
833.75861,583.8
833.87689,576.6
833.99518,585.0
834.1134,580.6
834.23169,586.8
834.34998,581.6
834.46826,584.2
834.58649,588.2
834.70477,593.6
834.823,581.0
834.94128,594.4
835.05951,590.0
835.1778,588.2
835.29602,581.8
835.41425,584.2
835.53253,579.2
835.65076,579.0
835.76898,582.2
835.88721,583.8
836.00543,584.6
836.12366,586.0
836.24188,577.0
836.36011,581.0
836.47833,583.4
836.59656,591.0
836.71478,580.4
836.83295,579.0
836.95117,576.2
837.0694,581.2
837.18756,582.8
837.30579,579.0
837.42401,580.2
837.54218,575.6
837.66034,577.2
837.77856,585.2
837.89673,584.8
838.01489,578.4
838.13312,577.0
838.25128,582.6
838.36945,580.6
838.48761,578.8
838.60577,580.4
838.72394,588.0
838.8421,585.0
838.96027,582.4
839.07843,583.2
839.19659,584.2
839.31476,588.6
839.43286,596.0
839.55103,591.4
839.66919,590.6
839.78729,589.6
839.90546,588.0
840.02356,588.4
840.14172,589.2
840.25983,587.8
840.37793,589.8
840.49609,583.2
840.6142,589.0
840.7323,585.8
840.8504,582.8
840.96851,583.2
841.08661,585.8
841.20471,587.0
841.32281,589.6
841.44092,587.4
841.55902,593.2
841.67712,583.4
841.79523,586.0
841.91327,583.6
842.03137,586.6
842.14948,584.8
842.26752,588.0
842.38562,582.0
842.50366,583.6
842.62177,588.6
842.73981,587.0
842.85791,594.6
842.97595,593.2
843.09399,597.0
843.21204,595.2
843.33008,597.4
843.44818,596.4
843.56622,599.0
843.68427,589.0
843.80231,599.6
843.92029,598.4
844.03833,606.0
844.15637,595.0
844.27441,592.6
844.39246,591.2
844.51044,592.6
844.62848,591.6
844.74646,594.2
844.8645,595.2
844.98248,588.4
845.10052,592.6
845.21851,593.6
845.33649,590.0
845.45453,590.4
845.57251,590.6
845.69049,591.2
845.80847,590.0
845.92645,596.8
846.04443,589.6
846.16241,587.2
846.2804,590.8
846.39838,589.8
846.51636,586.8
846.63434,592.6
846.75226,598.2
846.87024,593.6
846.98822,590.0
847.10614,587.4
847.22412,593.2
847.34204,591.6
847.46002,591.2
847.57794,592.6
847.69586,599.2
847.81384,593.2
847.93176,597.2
848.04968,599.2
848.1676,604.6
848.28552,592.0
848.40344,600.2
848.52136,591.2
848.63928,595.8
848.7572,593.6
848.87512,594.2
848.99304,593.6
849.1109,592.0
849.22882,586.8
849.34674,592.6
849.4646,596.0
849.58252,595.2
849.70038,593.0
849.8183,593.8
849.93616,598.6
850.05402,593.4
850.17194,588.8
850.28979,592.2
850.40765,594.4
850.52551,595.6
850.64337,597.6
850.76123,598.6
850.87909,594.8
850.99695,602.0
851.11481,591.2
851.23267,596.8
851.35046,590.8
851.46832,583.8
851.58618,588.4
851.70398,591.0
851.82184,595.2
851.93964,599.4
852.0575,609.0
852.17529,620.4
852.29315,618.2
852.41095,603.4
852.52875,601.8
852.64655,595.0
852.7644,593.8
852.8822,587.4
853.0,581.0
853.1178,587.2
853.2356,585.0
853.35333,583.0
853.47113,584.8
853.58893,588.4
853.70673,581.0
853.82446,585.2
853.94226,587.6
854.06006,589.6
854.1778,588.4
854.29559,593.6
854.41333,591.0
854.53107,586.6
854.64886,582.0
854.7666,587.2
854.88434,575.0
855.00208,587.0
855.11981,586.2
855.23761,587.6
855.35535,585.8
855.47302,591.2
855.59076,585.0
855.7085,584.4
855.82623,586.6
855.94397,593.0
856.06165,591.2
856.17938,587.8
856.29712,591.2
856.41479,594.0
856.53253,590.8
856.65021,592.4
856.76788,591.0
856.88562,593.8
857.0033,582.0
857.12097,587.8
857.23865,579.6
857.35632,582.6
857.474,581.2
857.59167,584.6
857.70935,588.6
857.82703,587.4
857.9447,587.4
858.06238,585.0
858.18005,586.2
858.29767,586.4
858.41534,586.4
858.53296,590.0
858.65063,588.2
858.76825,585.4
858.88593,583.0
859.00354,581.0
859.12115,576.8
859.23883,587.8
859.35645,581.4
859.47406,583.4
859.59167,576.8
859.70929,581.6
859.8269,578.0
859.94452,578.4
860.06213,576.8
860.17975,577.0
860.29736,574.4
860.41492,571.6
860.53253,573.0
860.65009,574.4
860.7677,567.6
860.88525,579.4
861.00287,575.8
861.12042,580.2
861.23804,574.2
861.35559,583.0
861.47314,580.8
861.5907,578.0
861.70825,569.6
861.82581,567.2
861.94336,559.6
862.06091,565.0
862.17847,564.0
862.29602,563.8
862.41357,560.2
862.53113,562.6
862.64862,563.8
862.76617,558.2
862.88367,562.4
863.00122,561.2
863.11871,564.4
863.23627,564.8
863.35376,561.2
863.47125,557.6
863.58881,561.4
863.7063,568.6
863.82379,558.8
863.94128,562.2
864.05878,558.0
864.17627,564.2
864.29376,563.6
864.41125,561.8
864.52869,559.8
864.64618,569.4
864.76367,558.4
864.8811,568.2
864.9986,559.4
865.11609,559.4
865.23352,561.0
865.35095,561.6
865.46844,563.4
865.58588,560.8
865.70331,564.4
865.82074,558.8
865.93823,560.6
866.05566,563.8
866.1731,562.6
866.29053,560.0
866.4079,559.6
866.52533,565.2
866.64276,568.0
866.76019,566.0
866.87756,566.8
866.995,560.6
867.11243,570.2
867.2298,566.2
867.34723,565.8
867.4646,564.4
867.58197,565.0
867.6994,567.0
867.81677,565.8
867.93414,564.4
868.05151,557.6
868.16888,569.8
868.28625,564.0
868.40363,570.2
868.521,565.0
868.63837,565.2
868.75568,566.6
868.87305,572.8
868.99042,574.2
869.10773,573.2
869.2251,575.6
869.34241,573.8
869.45978,570.0
869.57709,573.0
869.69446,575.8
869.81177,570.0
869.92908,575.4
870.04639,578.0
870.1637,574.8
870.28101,581.0
870.39832,578.6
870.51563,580.2
870.63293,577.8
870.75024,577.6
870.86749,578.6
870.9848,581.8
871.10211,578.8
871.21936,578.4
871.33667,575.6
871.45392,583.8
871.57123,577.6
871.68848,570.8
871.80573,580.6
871.92297,576.8
872.04028,573.2
872.15753,578.6
872.27478,572.4
872.39203,572.2
872.50928,570.0
872.62646,572.4
872.74371,573.4
872.86096,573.8
872.97821,571.4
873.0954,568.4
873.21265,570.6
873.32983,563.4
873.44708,575.0
873.56427,571.4
873.68152,568.4
873.79871,569.6
873.91589,573.4
874.03308,570.4
874.15027,569.6
874.26746,570.0
874.38464,576.2
874.50183,579.8
874.61902,578.8
874.73621,578.8
874.85339,578.6
874.97052,576.2
875.08771,576.8
875.2049,573.0
875.32202,573.6
875.43921,573.2
875.55634,572.4
875.67346,575.2
875.79065,575.4
875.90778,580.4
876.0249,574.4
876.14203,572.8
876.25916,577.0
876.37628,579.6
876.49341,575.6
876.61053,571.8
876.72766,570.4
876.84473,578.2
876.96185,569.8
877.07898,577.8
877.19604,579.6
877.31317,577.0
877.43024,580.2
877.54736,574.0
877.66443,568.4
877.78149,572.0
877.89856,565.4
878.01569,570.2
878.13275,561.6
878.24982,564.2
878.36688,562.4
878.48395,562.6
878.60095,561.2
878.71802,557.8
878.83508,561.2
878.95215,561.6
879.06915,561.6
879.18622,566.2
879.30322,555.0
879.42029,558.4
879.53729,554.2
879.6543,557.8
879.77136,553.0
879.88837,558.8
880.00537,560.4
880.12238,557.8
880.23938,556.0
880.35638,556.4
880.47339,556.6
880.59039,548.4
880.70734,557.2
880.82434,553.4
880.94135,555.4
881.05829,552.2
881.17529,557.4
881.29224,557.0
881.40924,555.8
881.52618,552.4
881.64313,558.8
881.76007,555.0
881.87701,559.4
881.99402,550.0
882.11096,553.8
882.22791,550.8
882.34479,549.4
882.46173,559.0
882.57867,553.8
882.69562,558.4
882.8125,557.2
882.92944,559.2
883.04639,558.2
883.16327,557.8
883.28015,554.4
883.39709,555.4
883.51398,554.8
883.63086,558.6
883.74774,564.6
883.86462,562.0
883.98157,565.6
884.09839,560.6
884.21527,563.6
884.33215,569.0
884.44904,568.6
884.56592,572.6
884.68274,577.6
884.79962,579.8
884.9165,583.6
885.03333,588.6
885.15015,577.6
885.26703,584.8
885.38385,583.0
885.50067,596.8
885.61749,591.8
885.73438,597.8
885.8512,593.0
885.96802,590.6
886.08478,580.2
886.2016,586.4
886.31842,580.6
886.43524,577.0
886.55206,579.0
886.66882,572.6
886.78564,569.4
886.9024,569.6
887.01923,569.8
887.13599,569.2
887.25275,566.6
887.36951,566.0
887.48633,560.0
887.60309,565.4
887.71985,553.8
887.83661,554.6
887.95337,546.0
888.07007,550.4
888.18683,548.4
888.30359,543.8
888.42035,545.0
888.53705,542.4
888.65381,536.8
888.77051,544.2
888.88721,540.8
889.00397,544.2
889.12067,539.4
889.23737,534.4
889.35406,532.6
889.47083,535.0
889.58752,537.6
889.70416,538.0
889.82086,534.8
889.93756,537.4
890.05426,539.0
890.17096,539.8
890.2876,535.6
890.4043,537.6
890.52094,533.4
890.63763,536.6
890.75427,539.6
890.87091,540.2
890.98761,533.2
891.10425,537.2
891.22089,538.2
891.33752,535.0
891.45416,540.2
891.5708,532.2
891.68744,533.4
891.80408,535.2
891.92065,532.0
892.03729,534.2
892.15393,537.0
892.27051,537.2
892.38715,531.8
892.50372,532.2
892.6203,536.8
892.73694,535.4
892.85352,541.4
892.97009,537.8
893.08667,537.0
893.20325,540.8
893.31982,547.8
893.4364,548.2
893.55298,539.8
893.66956,544.0
893.78607,541.4
893.90265,544.4
894.01917,542.8
894.13574,545.0
894.25226,538.0
894.36884,539.6
894.48535,542.4
894.60187,537.8
894.71838,538.8
894.8349,537.0
894.95148,539.2
895.06793,538.8
895.18445,538.8
895.30096,539.6
895.41748,536.6
895.534,534.8
895.65045,533.0
895.76697,541.6
895.88342,539.2
895.99994,534.6
896.11639,540.6
896.23291,538.6
896.34937,531.6
896.46582,540.0
896.58228,539.2
896.69873,534.4
896.81519,539.0
896.93164,533.8
897.0481,536.4
897.16455,544.2
897.28094,538.2
897.3974,539.8
897.51385,542.0
897.63025,541.0
897.7467,540.8
897.8631,543.6
897.97949,542.0
898.09595,539.8
898.21234,535.2
898.32874,540.4
898.44513,537.6
898.56152,541.2
898.67792,538.0
898.79431,538.4
898.91064,539.4
899.02704,540.2
899.14343,535.6
899.25977,538.4
899.37616,531.6
899.49249,539.0
899.60889,535.4
899.72522,539.0
899.84155,531.6
899.95789,534.4
900.07428,535.4
900.19061,540.6
900.30695,535.6
900.42322,534.0
900.53955,532.8
900.65588,539.6
900.77222,535.8
900.88849,543.2
901.00482,534.8
901.12109,535.8
901.23743,534.2
901.3537,535.8
901.47003,537.8
901.5863,537.8
901.70258,542.6
901.81885,539.4
901.93512,544.4
902.05139,546.4
902.16766,548.8
902.28394,546.8
902.40021,549.0
902.51642,551.8
902.63269,550.2
902.7489,545.8
902.86517,547.0
902.98138,547.0
903.09766,550.0
903.21387,547.2
903.33008,552.4
903.44629,551.4
903.5625,539.0
903.67871,542.4
903.79492,537.0
903.91113,544.2
904.02734,533.0
904.14355,537.2
904.2597,537.6
904.37592,531.6
904.49207,533.4
904.60828,527.6
904.72443,531.4
904.84064,528.4
904.95679,525.6
905.07294,532.2
905.18909,528.2
905.30524,528.4
905.42139,529.2
905.53754,526.8
905.65369,521.8
905.76984,519.4
905.88593,519.8
906.00208,525.0
906.11816,521.2
906.23431,516.6
906.3504,508.2
906.46655,513.8
906.58264,509.8
906.69873,512.0
906.81482,516.8
906.93091,510.8
907.047,516.8
907.16309,515.4
907.27917,512.4
907.39526,514.0
907.51135,507.8
907.62738,508.6
907.74347,512.4
907.8595,511.6
907.97559,509.6
908.09161,513.8
908.2077,512.4
908.32373,510.2
908.43976,510.4
908.55579,510.0
908.67181,509.2
908.78784,507.4
908.90387,511.0
909.0199,514.0
909.13586,509.2
909.25189,507.6
909.36792,507.2
909.48389,505.6
909.59991,506.6
909.71588,508.6
909.83185,517.4
909.94788,510.6
910.06384,506.6
910.17981,513.2
910.29578,513.8
910.41174,510.4
910.52771,506.8
910.64368,511.4
910.75958,507.2
910.87555,509.4
910.99152,504.6
911.10742,507.8
911.22339,506.8
911.33929,503.4
911.4552,509.2
911.57117,503.8
911.68707,511.4
911.80298,505.2
911.91888,503.2
912.03479,504.4
912.1507,507.4
912.2666,507.8
912.38245,506.0
912.49835,505.6
912.61426,505.2
912.7301,505.4
912.84601,504.8
792.4458,978.4
792.56488,945.8
792.68396,947.8
792.8031,937.8
792.92218,909.6
793.04126,902.8
793.16034,894.6
793.27942,885.8
793.3985,864.8
793.51758,853.6
793.63672,844.0
793.7558,833.4
793.87488,838.2
793.9939,831.8
794.11298,819.8
794.23206,812.8
794.35114,799.2
794.47021,791.2
794.58929,779.6
794.70831,763.6
794.82739,778.4
794.94647,768.4
795.06549,771.2
795.18457,746.8
795.30365,749.8
795.42267,735.6
795.54175,728.8
795.66077,731.8
795.77985,728.0
795.89886,734.4
796.01794,718.2
796.13696,714.6
796.25598,714.0
796.375,703.2
796.49408,703.2
796.6131,701.6
796.73212,700.0
796.85114,695.6
796.97015,693.6
797.08923,680.4
797.20825,688.0
797.32727,684.8
797.44629,677.4
797.56531,674.6
797.68427,670.0
797.80328,671.6
797.9223,672.0
798.04132,669.8
798.16034,671.4
798.27936,666.0
798.39832,666.4
798.51733,656.8
798.63635,663.0
798.75531,661.0
798.87433,655.2
798.99329,651.4
799.1123,647.8
799.23126,656.2
799.35028,654.2
799.46924,652.6
799.58826,652.0
799.70721,649.8
799.82617,649.6
799.94519,647.8
800.06415,650.6
800.18311,640.6
800.30206,649.8
800.42102,644.0
800.54004,646.4
800.659,643.8
800.77795,641.2
800.89691,637.8
801.01587,638.6
801.13483,642.4
801.25372,642.0
801.37268,635.6
801.49164,638.8
801.6106,641.8
801.72955,636.0
801.84845,636.2
801.96741,635.0
802.08636,636.2
802.20526,630.4
802.32422,635.6
802.44318,633.4
802.56207,633.8
802.68103,635.0
802.79993,633.6
802.91882,637.2
803.03778,623.8
803.15668,633.2
803.27557,636.4
803.39453,632.6
803.51343,632.8
803.63232,627.2
803.75122,630.6
803.87012,629.8
803.98907,628.6
804.10797,629.0
804.22687,624.2
804.34576,632.4
804.46466,627.0
804.58356,628.6
804.70239,628.0
804.82129,623.4
804.94019,627.8
805.05908,623.8
805.17798,622.6
805.29681,631.8
805.41571,627.0
805.53461,631.8
805.65344,626.6
805.77234,631.8
805.89117,628.6
806.01007,629.6
806.12891,628.4
806.2478,627.4
806.36664,624.6
806.48547,630.8
806.60437,624.6
806.72321,628.8
806.84204,632.8
806.96088,624.2
807.07971,625.4
807.19861,628.6
807.31744,627.0
807.43628,628.8
807.55511,624.4
807.67395,626.4
807.79279,630.2
807.91162,624.6
808.0304,628.8
808.14923,625.0
808.26807,623.0
808.3869,627.2
808.50568,630.8
808.62451,633.0
808.74335,625.4
808.86212,628.2
808.98096,633.6
809.09979,634.2
809.21857,625.2
809.33734,631.0
809.45618,631.0
809.57495,631.6
809.69379,634.0
809.81256,629.8
809.93134,631.8
810.05011,621.0
810.16895,627.4
810.28772,629.0
810.40649,630.2
810.52527,628.6
810.64404,630.0
810.76282,634.0
810.88159,636.0
811.00037,628.6
811.11914,620.0
811.23792,627.8
811.35663,629.4
811.4754,636.6
811.59418,626.4
811.71295,634.4
811.83167,631.6
811.95044,629.4
812.06921,630.6
812.18793,628.6
812.3067,626.8
812.42542,624.8
812.54419,624.2
812.6629,636.0
812.78162,626.0
812.90039,621.6
813.0191,628.4
813.13782,627.2
813.25653,620.8
813.37524,625.4
813.49402,628.6
813.61273,635.2
813.73145,627.4
813.85016,622.6
813.96887,622.4
814.08759,621.6
814.2063,624.0
814.32495,629.4
814.44366,622.6
814.56238,618.2
814.68109,615.8
814.79974,621.0
814.91846,613.6
815.03717,618.6
815.15582,613.4
815.27454,616.0
815.39319,611.6
815.5119,614.0
815.63055,608.4
815.74927,614.2
815.86792,615.8
815.98657,620.6
816.10529,615.8
816.22394,617.6
816.34259,615.8
816.46124,621.6
816.5799,616.2
816.69855,621.4
816.8172,620.4
816.93585,613.4
817.0545,609.6
817.17316,611.6
817.29181,611.4
817.41046,606.8
817.52911,603.6
817.64771,604.0
817.76636,600.6
817.88501,600.0
818.0036,598.8
818.12225,597.6
818.24091,591.8
818.3595,591.6
818.47815,591.0
818.59674,595.8
818.71533,588.4
818.83398,585.6
818.95258,584.8
819.07117,583.2
819.18976,585.2
819.30841,585.6
819.427,588.6
819.54559,587.4
819.66418,582.4
819.78278,584.0
819.90137,581.4
820.01996,585.2
820.13855,582.0
820.25714,582.4
820.37573,581.4
820.49426,582.0
820.61285,577.2
820.73145,579.2
820.84998,573.4
820.96857,574.2
821.08716,574.6
821.20569,567.8
821.32428,571.6
821.44281,577.2
821.56134,574.6
821.67993,572.2
821.79846,564.6
821.91699,569.4
822.03558,569.4
822.15411,571.0
822.27264,567.0
822.39117,570.6
822.5097,568.4
822.62823,563.2
822.74677,570.8
822.8653,563.8
822.98383,564.0
823.10236,563.8
823.22089,563.0
823.33942,562.6
823.45789,563.2
823.57642,567.2
823.69495,566.2
823.81342,565.4
823.93195,564.0
824.05042,564.6
824.16895,568.6
824.28741,564.8
824.40594,563.0
824.52441,562.6
824.64288,563.8
824.76141,565.2
824.87988,565.8
824.99835,562.6
825.11682,564.6
825.23529,570.0
825.35376,564.0
825.47223,562.4
825.5907,564.4
825.70917,564.2
825.82764,561.0
825.94611,562.0
826.06458,560.2
826.18304,560.0
826.30145,568.2
826.41992,564.8
826.53839,562.2
826.6568,568.6
826.77527,566.2
826.89368,566.2
827.01215,567.4
827.13055,566.2
827.24902,561.4
827.36743,560.6
827.48584,565.0
827.60431,556.6
827.72272,556.4
827.84113,558.8
827.95953,552.8
828.07794,557.6
828.19635,555.2
828.31476,557.8
828.43317,556.6
828.55157,555.0
828.66998,550.2
828.78839,553.8
828.90674,557.0
829.02515,555.6
829.14355,555.8
829.2619,554.2
829.38031,550.2
829.49872,555.0
829.61707,547.2
829.73547,547.2
829.85382,548.2
829.97217,551.0
830.09058,550.8
830.20892,549.8
830.32727,556.0
830.44562,553.4
830.56403,549.8
830.68237,550.6
830.80072,552.4
830.91907,553.6
831.03741,547.8
831.15576,550.8
831.27411,549.6
831.3924,551.2
831.51074,551.0
831.62909,548.6
831.74744,549.2
831.86572,556.8
831.98407,551.4
832.10242,554.8
832.2207,555.8
832.33905,552.6
832.45734,554.0
832.57562,550.2
832.69397,549.4
832.81226,550.8
832.93054,550.8
833.04889,550.0
833.16718,551.2
833.28546,549.2
833.40375,556.6
833.52203,549.0
833.64032,546.8
833.75861,554.0
833.87689,556.0
833.99518,550.8
834.1134,559.0
834.23169,559.2
834.34998,553.8
834.46826,556.4
834.58649,558.2
834.70477,556.8
834.823,554.8
834.94128,558.2
835.05951,550.8
835.1778,554.2
835.29602,548.4
835.41425,555.0
835.53253,549.8
835.65076,551.0
835.76898,550.8
835.88721,554.2
836.00543,553.8
836.12366,551.8
836.24188,549.4
836.36011,552.2
836.47833,559.0
836.59656,555.4
836.71478,558.4
836.83295,556.6
836.95117,551.4
837.0694,553.4
837.18756,554.4
837.30579,551.0
837.42401,549.2
837.54218,551.4
837.66034,551.6
837.77856,557.8
837.89673,559.8
838.01489,558.8
838.13312,554.2
838.25128,554.0
838.36945,551.8
838.48761,555.0
838.60577,551.4
838.72394,558.8
838.8421,556.4
838.96027,557.2
839.07843,556.2
839.19659,553.4
839.31476,556.2
839.43286,557.4
839.55103,562.8
839.66919,566.4
839.78729,559.2
839.90546,563.2
840.02356,565.6
840.14172,559.0
840.25983,558.2
840.37793,560.6
840.49609,559.0
840.6142,555.0
840.7323,558.8
840.8504,558.2
840.96851,559.8
841.08661,561.2
841.20471,557.4
841.32281,558.6
841.44092,558.4
841.55902,567.4
841.67712,552.8
841.79523,562.2
841.91327,559.8
842.03137,559.2
842.14948,562.4
842.26752,563.6
842.38562,561.6
842.50366,557.8
842.62177,563.4
842.73981,557.8
842.85791,561.8
842.97595,561.2
843.09399,566.2
843.21204,566.8
843.33008,567.6
843.44818,571.2
843.56622,564.0
843.68427,565.0
843.80231,565.0
843.92029,569.6
844.03833,572.4
844.15637,568.8
844.27441,569.8
844.39246,572.8
844.51044,560.8
844.62848,570.0
844.74646,567.2
844.8645,565.0
844.98248,561.4
845.10052,564.2
845.21851,564.0
845.33649,565.0
845.45453,566.0
845.57251,564.4
845.69049,567.6
845.80847,563.2
845.92645,562.2
846.04443,564.4
846.16241,564.6
846.2804,563.6
846.39838,566.8
846.51636,572.2
846.63434,576.4
846.75226,576.2
846.87024,572.4
846.98822,573.2
847.10614,572.6
847.22412,571.0
847.34204,577.4
847.46002,573.6
847.57794,567.4
847.69586,576.6
847.81384,566.4
847.93176,569.2
848.04968,567.8
848.1676,570.2
848.28552,565.6
848.40344,567.8
848.52136,565.4
848.63928,561.8
848.7572,567.8
848.87512,563.6
848.99304,567.2
849.1109,559.4
849.22882,559.2
849.34674,560.0
849.4646,558.2
849.58252,561.0
849.70038,559.8
849.8183,559.2
849.93616,558.0
850.05402,561.4
850.17194,559.2
850.28979,558.6
850.40765,559.6
850.52551,562.8
850.64337,565.6
850.76123,564.2
850.87909,555.0
850.99695,561.8
851.11481,558.6
851.23267,562.0
851.35046,567.2
851.46832,556.0
851.58618,555.0
851.70398,560.6
851.82184,561.0
851.93964,570.4
852.0575,582.2
852.17529,587.4
852.29315,587.4
852.41095,574.4
852.52875,569.0
852.64655,562.8
852.7644,560.8
852.8822,558.6
853.0,554.8
853.1178,552.6
853.2356,553.0
853.35333,555.0
853.47113,555.4
853.58893,554.0
853.70673,554.2
853.82446,555.8
853.94226,563.8
854.06006,562.4
854.1778,563.8
854.29559,560.8
854.41333,561.6
854.53107,560.8
854.64886,567.6
854.7666,555.6
854.88434,555.0
855.00208,552.6
855.11981,560.2
855.23761,559.0
855.35535,561.2
855.47302,556.6
855.59076,556.8
855.7085,558.8
855.82623,557.8
855.94397,553.4
856.06165,557.6
856.17938,560.4
856.29712,556.0
856.41479,559.6
856.53253,564.4
856.65021,560.0
856.76788,557.2
856.88562,556.2
857.0033,561.8
857.12097,560.8
857.23865,557.8
857.35632,552.0
857.474,553.8
857.59167,563.4
857.70935,557.4
857.82703,557.0
857.9447,552.6
858.06238,552.4
858.18005,552.6
858.29767,561.6
858.41534,555.0
858.53296,554.6
858.65063,554.4
858.76825,551.4
858.88593,553.6
859.00354,547.2
859.12115,552.2
859.23883,553.8
859.35645,551.0
859.47406,550.6
859.59167,553.6
859.70929,559.2
859.8269,551.8
859.94452,545.2
860.06213,551.2
860.17975,549.8
860.29736,546.8
860.41492,542.8
860.53253,544.0
860.65009,543.8
860.7677,545.6
860.88525,549.0
861.00287,554.0
861.12042,553.4
861.23804,549.2
861.35559,554.4
861.47314,549.8
861.5907,546.0
861.70825,544.2
861.82581,543.4
861.94336,536.8
862.06091,536.2
862.17847,533.4
862.29602,537.4
862.41357,540.6
862.53113,537.6
862.64862,536.2
862.76617,536.8
862.88367,537.8
863.00122,545.0
863.11871,546.4
863.23627,542.8
863.35376,539.6
863.47125,544.0
863.58881,542.0
863.7063,546.0
863.82379,537.2
863.94128,534.2
864.05878,535.6
864.17627,538.2
864.29376,540.4
864.41125,539.2
864.52869,542.0
864.64618,541.4
864.76367,544.6
864.8811,545.2
864.9986,537.6
865.11609,540.4
865.23352,534.6
865.35095,535.6
865.46844,537.2
865.58588,538.4
865.70331,540.2
865.82074,540.6
865.93823,536.4
866.05566,540.6
866.1731,535.8
866.29053,536.4
866.4079,543.0
866.52533,539.8
866.64276,541.4
866.76019,545.6
866.87756,540.2
866.995,545.4
867.11243,543.0
867.2298,551.2
867.34723,545.2
867.4646,542.6
867.58197,540.0
867.6994,542.4
867.81677,547.8
867.93414,538.2
868.05151,542.4
868.16888,540.2
868.28625,541.2
868.40363,545.8
868.521,544.8
868.63837,548.0
868.75568,551.0
868.87305,548.2
868.99042,553.4
869.10773,548.4
869.2251,547.4
869.34241,549.8
869.45978,543.0
869.57709,551.4
869.69446,547.2
869.81177,550.4
869.92908,550.8
870.04639,554.0
870.1637,550.0
870.28101,552.0
870.39832,553.8
870.51563,551.2
870.63293,549.2
870.75024,557.0
870.86749,550.2
870.9848,553.0
871.10211,555.6
871.21936,552.6
871.33667,560.4
871.45392,554.6
871.57123,550.2
871.68848,544.2
871.80573,547.6
871.92297,547.8
872.04028,547.8
872.15753,549.2
872.27478,546.8
872.39203,548.8
872.50928,549.8
872.62646,551.2
872.74371,549.8
872.86096,546.4
872.97821,553.8
873.0954,544.6
873.21265,547.4
873.32983,541.8
873.44708,549.2
873.56427,547.0
873.68152,552.4
873.79871,551.8
873.91589,543.4
874.03308,551.2
874.15027,545.8
874.26746,544.2
874.38464,548.4
874.50183,547.8
874.61902,550.6
874.73621,554.6
874.85339,545.4
874.97052,549.2
875.08771,551.6
875.2049,548.0
875.32202,546.0
875.43921,554.4
875.55634,551.0
875.67346,558.2
875.79065,551.2
875.90778,548.8
876.0249,553.8
876.14203,545.8
876.25916,544.8
876.37628,552.2
876.49341,553.6
876.61053,551.4
876.72766,547.4
876.84473,553.6
876.96185,547.0
877.07898,546.8
877.19604,557.0
877.31317,552.8
877.43024,550.2
877.54736,556.4
877.66443,551.0
877.78149,543.6
877.89856,548.0
878.01569,542.4
878.13275,541.6
878.24982,542.0
878.36688,537.8
878.48395,543.4
878.60095,534.4
878.71802,536.0
878.83508,535.2
878.95215,539.6
879.06915,533.0
879.18622,539.0
879.30322,532.6
879.42029,530.6
879.53729,527.8
879.6543,531.0
879.77136,528.6
879.88837,531.4
880.00537,534.6
880.12238,529.8
880.23938,529.4
880.35638,530.0
880.47339,529.6
880.59039,527.8
880.70734,529.0
880.82434,530.0
880.94135,536.0
881.05829,533.0
881.17529,536.2
881.29224,536.6
881.40924,533.4
881.52618,529.8
881.64313,532.0
881.76007,532.6
881.87701,530.2
881.99402,538.0
882.11096,533.8
882.22791,529.8
882.34479,527.8
882.46173,532.6
882.57867,534.0
882.69562,531.6
882.8125,536.0
882.92944,536.8
883.04639,537.4
883.16327,537.4
883.28015,538.4
883.39709,540.0
883.51398,534.4
883.63086,535.8
883.74774,538.0
883.86462,539.8
883.98157,541.0
884.09839,537.4
884.21527,536.2
884.33215,542.8
884.44904,539.4
884.56592,544.4
884.68274,542.8
884.79962,546.6
884.9165,549.4
885.03333,553.2
885.15015,548.8
885.26703,549.2
885.38385,550.6
885.50067,559.2
885.61749,558.8
885.73438,566.8
885.8512,562.4
885.96802,558.8
886.08478,558.8
886.2016,559.2
886.31842,555.6
886.43524,548.4
886.55206,548.8
886.66882,552.6
886.78564,546.0
886.9024,550.8
887.01923,547.4
887.13599,536.2
887.25275,541.0
887.36951,542.8
887.48633,536.8
887.60309,537.6
887.71985,533.6
887.83661,531.4
887.95337,526.2
888.07007,527.8
888.18683,525.4
888.30359,523.0
888.42035,522.4
888.53705,522.8
888.65381,521.8
888.77051,523.8
888.88721,522.2
889.00397,524.0
889.12067,517.2
889.23737,518.4
889.35406,519.8
889.47083,515.0
889.58752,515.0
889.70416,523.2
889.82086,515.8
889.93756,516.2
890.05426,518.6
890.17096,520.6
890.2876,520.8
890.4043,517.8
890.52094,518.6
890.63763,520.4
890.75427,520.8
890.87091,519.0
890.98761,518.6
891.10425,523.2
891.22089,521.8
891.33752,520.6
891.45416,521.0
891.5708,519.8
891.68744,518.2
891.80408,521.6
891.92065,516.8
892.03729,517.6
892.15393,512.6
892.27051,518.4
892.38715,515.6
892.50372,519.2
892.6203,520.0
892.73694,521.6
892.85352,517.0
892.97009,520.0
893.08667,521.8
893.20325,524.0
893.31982,526.4
893.4364,520.0
893.55298,514.6
893.66956,526.6
893.78607,523.8
893.90265,527.0
894.01917,523.6
894.13574,526.0
894.25226,524.2
894.36884,524.8
894.48535,520.6
894.60187,527.6
894.71838,523.8
894.8349,520.4
894.95148,524.6
895.06793,527.2
895.18445,521.0
895.30096,518.8
895.41748,514.6
895.534,515.2
895.65045,515.4
895.76697,521.8
895.88342,519.2
895.99994,519.6
896.11639,516.6
896.23291,521.8
896.34937,522.0
896.46582,521.4
896.58228,519.2
896.69873,520.2
896.81519,522.2
896.93164,518.8
897.0481,519.2
897.16455,518.0
897.28094,522.4
897.3974,515.6
897.51385,521.6
897.63025,523.2
897.7467,522.8
897.8631,523.4
897.97949,520.2
898.09595,519.4
898.21234,521.8
898.32874,523.6
898.44513,526.8
898.56152,523.4
898.67792,522.2
898.79431,516.0
898.91064,521.8
899.02704,523.8
899.14343,521.8
899.25977,518.0
899.37616,514.8
899.49249,524.8
899.60889,522.0
899.72522,521.2
899.84155,514.0
899.95789,516.6
900.07428,522.6
900.19061,521.4
900.30695,523.6
900.42322,518.6
900.53955,524.0
900.65588,524.0
900.77222,521.4
900.88849,523.8
901.00482,518.6
901.12109,523.2
901.23743,526.8
901.3537,526.6
901.47003,527.2
901.5863,524.6
901.70258,531.4
901.81885,531.2
901.93512,532.6
902.05139,534.4
902.16766,535.0
902.28394,534.0
902.40021,533.6
902.51642,541.4
902.63269,533.2
902.7489,531.4
902.86517,534.2
902.98138,528.6
903.09766,529.2
903.21387,536.8
903.33008,535.4
903.44629,529.2
903.5625,529.0
903.67871,522.6
903.79492,528.4
903.91113,519.0
904.02734,518.6
904.14355,526.2
904.2597,515.6
904.37592,517.8
904.49207,518.2
904.60828,516.8
904.72443,517.6
904.84064,515.6
904.95679,512.4
905.07294,516.0
905.18909,511.4
905.30524,515.0
905.42139,510.2
905.53754,511.6
905.65369,513.4
905.76984,511.0
905.88593,505.6
906.00208,502.6
906.11816,503.0
906.23431,498.0
906.3504,502.2
906.46655,504.0
906.58264,500.4
906.69873,501.4
906.81482,497.8
906.93091,498.2
907.047,505.6
907.16309,503.6
907.27917,504.8
907.39526,498.2
907.51135,500.0
907.62738,497.6
907.74347,498.2
907.8595,495.6
907.97559,497.6
908.09161,502.2
908.2077,495.0
908.32373,500.6
908.43976,498.4
908.55579,496.2
908.67181,500.8
908.78784,496.0
908.90387,497.6
909.0199,498.0
909.13586,493.6
909.25189,499.8
909.36792,491.6
909.48389,498.0
909.59991,495.2
909.71588,495.0
909.83185,500.0
909.94788,499.0
910.06384,493.6
910.17981,496.4
910.29578,497.2
910.41174,497.6
910.52771,501.0
910.64368,496.0
910.75958,495.8
910.87555,493.4
910.99152,493.6
911.10742,493.0
911.22339,491.8
911.33929,496.8
911.4552,496.0
911.57117,495.0
911.68707,498.0
911.80298,498.4
911.91888,496.4
912.03479,495.2
912.1507,499.2
912.2666,497.0
912.38245,492.6
912.49835,494.6
912.61426,499.6
912.7301,495.8
912.84601,500.0
792.4458,763.6
792.56488,751.0
792.68396,758.0
792.8031,746.2
792.92218,727.8
793.04126,730.4
793.16034,732.8
793.27942,718.0
793.3985,715.6
793.51758,707.4
793.63672,695.2
793.7558,705.4
793.87488,699.4
793.9939,702.8
794.11298,694.0
794.23206,686.6
794.35114,679.6
794.47021,677.2
794.58929,669.4
794.70831,665.2
794.82739,675.8
794.94647,659.6
795.06549,659.8
795.18457,658.8
795.30365,653.4
795.42267,647.4
795.54175,649.2
795.66077,646.0
795.77985,648.0
795.89886,646.8
796.01794,652.0
796.13696,642.8
796.25598,645.6
796.375,640.8
796.49408,635.8
796.6131,634.8
796.73212,643.0
796.85114,632.0
796.97015,634.0
797.08923,627.8
797.20825,631.6
797.32727,626.0
797.44629,629.2
797.56531,628.2
797.68427,622.8
797.80328,623.0
797.9223,627.4
798.04132,622.0
798.16034,626.2
798.27936,622.0
798.39832,623.8
798.51733,623.8
798.63635,617.6
798.75531,618.0
798.87433,618.4
798.99329,615.6
799.1123,616.8
799.23126,613.0
799.35028,617.6
799.46924,609.6
799.58826,621.2
799.70721,610.8
799.82617,614.0
799.94519,614.6
800.06415,614.2
800.18311,612.0
800.30206,616.0
800.42102,613.2
800.54004,613.4
800.659,619.2
800.77795,613.8
800.89691,608.0
801.01587,612.2
801.13483,617.4
801.25372,619.2
801.37268,616.8
801.49164,610.8
801.6106,616.4
801.72955,614.4
801.84845,610.4
801.96741,617.4
802.08636,612.0
802.20526,612.2
802.32422,612.4
802.44318,617.0
802.56207,617.2
802.68103,617.0
802.79993,613.0
802.91882,607.6
803.03778,610.4
803.15668,610.6
803.27557,613.0
803.39453,613.2
803.51343,614.2
803.63232,610.6
803.75122,613.4
803.87012,613.6
803.98907,611.2
804.10797,612.8
804.22687,607.4
804.34576,612.0
804.46466,610.8
804.58356,615.4
804.70239,612.8
804.82129,616.0
804.94019,612.8
805.05908,616.4
805.17798,612.6
805.29681,618.0
805.41571,617.0
805.53461,618.4
805.65344,609.0
805.77234,628.2
805.89117,613.8
806.01007,621.2
806.12891,620.8
806.2478,614.6
806.36664,617.8
806.48547,625.8
806.60437,613.2
806.72321,625.6
806.84204,619.2
806.96088,615.4
807.07971,615.4
807.19861,626.4
807.31744,624.0
807.43628,618.6
807.55511,616.2
807.67395,618.2
807.79279,620.2
807.91162,620.6
808.0304,615.8
808.14923,619.6
808.26807,617.6
808.3869,627.6
808.50568,626.0
808.62451,621.2
808.74335,625.0
808.86212,623.6
808.98096,625.0
809.09979,619.6
809.21857,620.8
809.33734,618.6
809.45618,619.4
809.57495,627.8
809.69379,621.6
809.81256,626.0
809.93134,625.2
810.05011,619.8
810.16895,622.8
810.28772,616.8
810.40649,616.0
810.52527,624.0
810.64404,621.0
810.76282,632.2
810.88159,626.8
811.00037,627.8
811.11914,618.2
811.23792,620.8
811.35663,623.2
811.4754,625.8
811.59418,620.2
811.71295,619.6
811.83167,618.8
811.95044,619.2
812.06921,615.0
812.18793,621.6
812.3067,619.8
812.42542,621.8
812.54419,621.2
812.6629,627.6
812.78162,612.8
812.90039,610.8
813.0191,618.4
813.13782,614.0
813.25653,616.4
813.37524,618.6
813.49402,620.6
813.61273,618.0
813.73145,618.0
813.85016,616.6
813.96887,618.2
814.08759,616.2
814.2063,616.6
814.32495,616.0
814.44366,614.0
814.56238,611.6
814.68109,616.2
814.79974,611.0
814.91846,607.2
815.03717,612.2
815.15582,605.2
815.27454,607.0
815.39319,601.2
815.5119,602.0
815.63055,606.4
815.74927,607.0
815.86792,602.0
815.98657,606.0
816.10529,607.2
816.22394,611.6
816.34259,613.2
816.46124,613.0
816.5799,614.8
816.69855,609.4
816.8172,609.2
816.93585,607.2
817.0545,606.8
817.17316,606.4
817.29181,599.4
817.41046,605.4
817.52911,600.8
817.64771,599.2
817.76636,588.8
817.88501,595.4
818.0036,586.0
818.12225,596.0
818.24091,587.6
818.3595,582.8
818.47815,589.2
818.59674,586.2
818.71533,583.2
818.83398,579.2
818.95258,578.2
819.07117,578.0
819.18976,574.4
819.30841,577.0
819.427,579.4
819.54559,579.2
819.66418,580.0
819.78278,578.2
819.90137,576.6
820.01996,570.8
820.13855,573.6
820.25714,574.8
820.37573,569.8
820.49426,573.8
820.61285,573.2
820.73145,569.4
820.84998,566.8
820.96857,568.8
821.08716,566.4
821.20569,566.2
821.32428,569.8
821.44281,569.4
821.56134,565.6
821.67993,566.2
821.79846,567.2
821.91699,564.6
822.03558,565.4
822.15411,568.6
822.27264,570.6
822.39117,559.6
822.5097,560.4
822.62823,560.0
822.74677,562.8
822.8653,567.4
822.98383,556.8
823.10236,565.6
823.22089,561.8
823.33942,558.2
823.45789,564.4
823.57642,569.6
823.69495,560.2
823.81342,566.4
823.93195,564.4
824.05042,569.4
824.16895,562.4
824.28741,564.4
824.40594,561.8
824.52441,562.0
824.64288,561.2
824.76141,563.6
824.87988,565.2
824.99835,563.4
825.11682,553.8
825.23529,556.4
825.35376,559.4
825.47223,562.2
825.5907,558.0
825.70917,559.2
825.82764,558.2
825.94611,551.4
826.06458,553.4
826.18304,560.8
826.30145,557.6
826.41992,559.4
826.53839,551.8
826.6568,566.4
826.77527,557.6
826.89368,559.8
827.01215,557.4
827.13055,563.6
827.24902,557.6
827.36743,558.6
827.48584,554.8
827.60431,556.6
827.72272,552.8
827.84113,552.2
827.95953,548.2
828.07794,556.8
828.19635,551.2
828.31476,548.4
828.43317,546.4
828.55157,552.4
828.66998,548.2
828.78839,552.8
828.90674,549.8
829.02515,545.2
829.14355,553.2
829.2619,552.2
829.38031,547.0
829.49872,550.0
829.61707,546.6
829.73547,551.6
829.85382,544.6
829.97217,549.8
830.09058,545.8
830.20892,551.6
830.32727,545.8
830.44562,551.2
830.56403,542.6
830.68237,552.8
830.80072,548.2
830.91907,550.2
831.03741,546.2
831.15576,549.0
831.27411,546.4
831.3924,549.4
831.51074,549.6
831.62909,548.6
831.74744,548.2
831.86572,551.8
831.98407,554.0
832.10242,545.4
832.2207,547.4
832.33905,549.8
832.45734,548.4
832.57562,550.0
832.69397,544.2
832.81226,552.2
832.93054,543.8
833.04889,549.0
833.16718,545.6
833.28546,543.8
833.40375,551.6
833.52203,545.2
833.64032,543.0
833.75861,551.6
833.87689,544.2
833.99518,555.6
834.1134,548.0
834.23169,550.0
834.34998,548.8
834.46826,551.0
834.58649,548.2
834.70477,551.0
834.823,547.6
834.94128,557.4
835.05951,549.4
835.1778,550.2
835.29602,546.4
835.41425,546.6
835.53253,545.0
835.65076,554.8
835.76898,550.6
835.88721,551.0
836.00543,553.8
836.12366,554.2
836.24188,547.0
836.36011,550.2
836.47833,553.0
836.59656,551.8
836.71478,544.2
836.83295,549.4
836.95117,545.2
837.0694,551.0
837.18756,554.2
837.30579,553.0
837.42401,550.8
837.54218,555.4
837.66034,547.8
837.77856,556.2
837.89673,552.6
838.01489,553.8
838.13312,545.0
838.25128,555.8
838.36945,545.0
838.48761,550.4
838.60577,550.6
838.72394,552.8
838.8421,555.6
838.96027,550.0
839.07843,547.4
839.19659,545.4
839.31476,556.0
839.43286,548.6
839.55103,554.6
839.66919,552.4
839.78729,549.4
839.90546,551.6
840.02356,545.8
840.14172,548.6
840.25983,549.2
840.37793,552.2
840.49609,547.6
840.6142,550.0
840.7323,550.0
840.8504,552.8
840.96851,548.0
841.08661,548.2
841.20471,542.2
841.32281,546.2
841.44092,539.2
841.55902,550.8
841.67712,543.6
841.79523,544.4
841.91327,544.2
842.03137,553.8
842.14948,549.6
842.26752,547.8
842.38562,545.0
842.50366,548.0
842.62177,541.8
842.73981,543.0
842.85791,545.4
842.97595,552.8
843.09399,551.4
843.21204,549.8
843.33008,553.2
843.44818,550.4
843.56622,542.6
843.68427,550.4
843.80231,553.2
843.92029,548.6
844.03833,555.4
844.15637,550.0
844.27441,546.0
844.39246,551.2
844.51044,544.4
844.62848,547.4
844.74646,546.4
844.8645,549.8
844.98248,545.8
845.10052,548.6
845.21851,549.6
845.33649,545.8
845.45453,544.4
845.57251,546.4
845.69049,542.2
845.80847,542.2
845.92645,542.8
846.04443,544.2
846.16241,547.4
846.2804,544.8
846.39838,538.0
846.51636,549.0
846.63434,546.4
846.75226,543.6
846.87024,545.2
846.98822,543.2
847.10614,544.8
847.22412,545.6
847.34204,540.8
847.46002,549.8
847.57794,551.4
847.69586,549.4
847.81384,545.8
847.93176,549.2
848.04968,547.0
848.1676,551.8
848.28552,541.6
848.40344,549.6
848.52136,541.4
848.63928,547.2
848.7572,548.8
848.87512,547.0
848.99304,541.2
849.1109,551.6
849.22882,542.8
849.34674,546.2
849.4646,544.6
849.58252,543.0
849.70038,544.2
849.8183,540.2
849.93616,541.0
850.05402,546.4
850.17194,548.6
850.28979,549.2
850.40765,546.8
850.52551,545.8
850.64337,549.6
850.76123,547.6
850.87909,540.6
850.99695,551.2
851.11481,543.0
851.23267,553.4
851.35046,548.6
851.46832,542.8
851.58618,541.6
851.70398,548.8
851.82184,545.4
851.93964,551.4
852.0575,550.6
852.17529,560.2
852.29315,554.2
852.41095,550.6
852.52875,545.4
852.64655,547.6
852.7644,547.4
852.8822,545.8
853.0,539.8
853.1178,543.4
853.2356,543.2
853.35333,541.8
853.47113,540.8
853.58893,544.6
853.70673,544.8
853.82446,546.4
853.94226,539.8
854.06006,542.4
854.1778,545.8
854.29559,545.4
854.41333,548.6
854.53107,547.8
854.64886,548.6
854.7666,546.6
854.88434,540.2
855.00208,546.8
855.11981,543.8
855.23761,547.2
855.35535,548.0
855.47302,546.4
855.59076,546.0
855.7085,540.8
855.82623,540.6
855.94397,544.6
856.06165,543.0
856.17938,543.0
856.29712,547.0
856.41479,540.0
856.53253,543.8
856.65021,543.8
856.76788,545.8
856.88562,546.2
857.0033,543.4
857.12097,540.0
857.23865,541.6
857.35632,540.4
857.474,540.6
857.59167,542.2
857.70935,540.4
857.82703,538.8
857.9447,546.0
858.06238,540.6
858.18005,539.6
858.29767,541.2
858.41534,541.2
858.53296,539.6
858.65063,541.4
858.76825,540.0
858.88593,539.6
859.00354,541.6
859.12115,542.8
859.23883,542.6
859.35645,539.4
859.47406,539.2
859.59167,538.4
859.70929,541.8
859.8269,540.4
859.94452,535.6
860.06213,538.6
860.17975,540.8
860.29736,533.6
860.41492,536.2
860.53253,535.8
860.65009,536.2
860.7677,531.6
860.88525,539.4
861.00287,533.4
861.12042,537.0
861.23804,538.8
861.35559,542.0
861.47314,539.8
861.5907,535.4
861.70825,529.2
861.82581,536.0
861.94336,531.8
862.06091,529.2
862.17847,531.4
862.29602,526.2
862.41357,529.4
862.53113,528.8
862.64862,531.8
862.76617,533.8
862.88367,532.2
863.00122,534.8
863.11871,533.6
863.23627,534.8
863.35376,529.8
863.47125,534.6
863.58881,531.8
863.7063,535.8
863.82379,533.8
863.94128,530.4
864.05878,529.8
864.17627,529.4
864.29376,535.2
864.41125,531.2
864.52869,524.8
864.64618,532.8
864.76367,533.6
864.8811,533.0
864.9986,536.6
865.11609,527.2
865.23352,533.4
865.35095,530.2
865.46844,529.4
865.58588,527.6
865.70331,532.0
865.82074,529.8
865.93823,534.4
866.05566,527.0
866.1731,529.8
866.29053,523.6
866.4079,530.6
866.52533,528.4
866.64276,529.4
866.76019,527.8
866.87756,527.6
866.995,534.4
867.11243,530.8
867.2298,529.2
867.34723,532.8
867.4646,531.4
867.58197,527.0
867.6994,535.8
867.81677,535.8
867.93414,525.8
868.05151,534.8
868.16888,527.0
868.28625,532.2
868.40363,534.4
868.521,538.6
868.63837,534.8
868.75568,532.2
868.87305,532.0
868.99042,533.4
869.10773,533.2
869.2251,530.6
869.34241,535.4
869.45978,529.4
869.57709,535.0
869.69446,527.8
869.81177,534.6
869.92908,531.4
870.04639,531.2
870.1637,525.2
870.28101,531.4
870.39832,526.6
870.51563,537.8
870.63293,526.4
870.75024,538.4
870.86749,530.4
870.9848,534.4
871.10211,535.4
871.21936,536.8
871.33667,533.0
871.45392,534.2
871.57123,529.8
871.68848,529.8
871.80573,533.8
871.92297,530.8
872.04028,530.0
872.15753,534.2
872.27478,532.8
872.39203,533.6
872.50928,526.8
872.62646,536.2
872.74371,533.8
872.86096,530.0
872.97821,532.8
873.0954,533.6
873.21265,525.2
873.32983,533.8
873.44708,529.6
873.56427,532.6
873.68152,532.2
873.79871,532.6
873.91589,528.2
874.03308,525.2
874.15027,529.2
874.26746,525.6
874.38464,527.0
874.50183,529.6
874.61902,530.6
874.73621,528.6
874.85339,525.2
874.97052,530.4
875.08771,530.0
875.2049,530.0
875.32202,529.8
875.43921,533.4
875.55634,528.8
875.67346,534.8
875.79065,529.6
875.90778,534.4
876.0249,533.8
876.14203,526.8
876.25916,532.0
876.37628,533.8
876.49341,529.2
876.61053,533.6
876.72766,533.2
876.84473,535.0
876.96185,530.6
877.07898,533.6
877.19604,533.2
877.31317,539.2
877.43024,533.8
877.54736,532.8
877.66443,532.2
877.78149,530.8
877.89856,530.0
878.01569,526.4
878.13275,520.4
878.24982,530.0
878.36688,528.6
878.48395,526.8
878.60095,522.8
878.71802,529.4
878.83508,528.4
878.95215,529.6
879.06915,523.6
879.18622,528.6
879.30322,526.2
879.42029,524.2
879.53729,525.6
879.6543,528.4
879.77136,516.4
879.88837,528.0
880.00537,528.6
880.12238,518.4
880.23938,521.8
880.35638,525.8
880.47339,522.2
880.59039,521.4
880.70734,519.2
880.82434,527.2
880.94135,523.6
881.05829,526.2
881.17529,521.2
881.29224,520.8
881.40924,525.0
881.52618,523.0
881.64313,519.6
881.76007,527.0
881.87701,525.6
881.99402,518.8
882.11096,527.0
882.22791,524.2
882.34479,520.6
882.46173,522.2
882.57867,522.0
882.69562,525.2
882.8125,525.4
882.92944,526.8
883.04639,521.6
883.16327,528.6
883.28015,526.0
883.39709,526.0
883.51398,524.8
883.63086,525.6
883.74774,525.6
883.86462,526.0
883.98157,523.0
884.09839,524.0
884.21527,525.4
884.33215,522.6
884.44904,523.0
884.56592,529.0
884.68274,529.2
884.79962,530.4
884.9165,525.0
885.03333,531.4
885.15015,532.4
885.26703,528.4
885.38385,530.0
885.50067,534.8
885.61749,533.6
885.73438,538.4
885.8512,533.2
885.96802,535.2
886.08478,525.6
886.2016,534.6
886.31842,529.2
886.43524,523.4
886.55206,531.4
886.66882,531.8
886.78564,529.4
886.9024,531.6
887.01923,530.4
887.13599,522.0
887.25275,522.0
887.36951,529.2
887.48633,525.0
887.60309,528.8
887.71985,522.6
887.83661,522.6
887.95337,519.4
888.07007,519.2
888.18683,517.2
888.30359,521.0
888.42035,516.2
888.53705,519.0
888.65381,515.8
888.77051,514.2
888.88721,518.2
889.00397,518.6
889.12067,517.8
889.23737,517.2
889.35406,520.6
889.47083,514.2
889.58752,511.2
889.70416,513.6
889.82086,513.4
889.93756,516.2
890.05426,514.6
890.17096,517.6
890.2876,515.4
890.4043,517.8
890.52094,516.0
890.63763,518.0
890.75427,516.4
890.87091,520.4
890.98761,517.0
891.10425,520.2
891.22089,521.4
891.33752,520.6
891.45416,517.0
891.5708,519.2
891.68744,519.6
891.80408,519.2
891.92065,513.8
892.03729,516.4
892.15393,514.2
892.27051,518.2
892.38715,520.2
892.50372,517.4
892.6203,514.2
892.73694,518.2
892.85352,518.4
892.97009,520.6
893.08667,518.2
893.20325,517.6
893.31982,523.6
893.4364,518.6
893.55298,515.0
893.66956,522.8
893.78607,521.0
893.90265,524.6
894.01917,519.0
894.13574,519.4
894.25226,524.6
894.36884,520.0
894.48535,517.6
894.60187,519.8
894.71838,523.4
894.8349,522.6
894.95148,519.8
895.06793,521.0
895.18445,521.8
895.30096,518.4
895.41748,518.4
895.534,514.2
895.65045,516.6
895.76697,515.0
895.88342,518.4
895.99994,515.4
896.11639,515.2
896.23291,515.6
896.34937,514.0
896.46582,514.0
896.58228,518.2
896.69873,518.0
896.81519,510.2
896.93164,513.0
897.0481,513.0
897.16455,521.2
897.28094,517.0
897.3974,515.0
897.51385,518.4
897.63025,518.4
897.7467,518.2
897.8631,517.8
897.97949,516.6
898.09595,514.0
898.21234,515.2
898.32874,516.2
898.44513,513.6
898.56152,514.6
898.67792,510.8
898.79431,510.2
898.91064,509.8
899.02704,512.0
899.14343,513.6
899.25977,513.8
899.37616,515.6
899.49249,506.2
899.60889,511.8
899.72522,514.8
899.84155,511.4
899.95789,515.6
900.07428,515.4
900.19061,517.4
900.30695,511.2
900.42322,513.4
900.53955,512.2
900.65588,512.2
900.77222,511.8
900.88849,512.8
901.00482,507.2
901.12109,511.4
901.23743,511.6
901.3537,509.2
901.47003,509.8
901.5863,508.8
901.70258,511.8
901.81885,507.2
901.93512,511.2
902.05139,513.4
902.16766,507.6
902.28394,516.6
902.40021,510.8
902.51642,514.0
902.63269,512.6
902.7489,514.4
902.86517,513.6
902.98138,515.2
903.09766,507.4
903.21387,518.4
903.33008,516.2
903.44629,513.0
903.5625,509.4
903.67871,514.6
903.79492,509.2
903.91113,512.2
904.02734,506.2
904.14355,506.4
904.2597,507.0
904.37592,503.2
904.49207,506.6
904.60828,501.8
904.72443,503.4
904.84064,500.6
904.95679,500.2
905.07294,505.2
905.18909,501.8
905.30524,502.4
905.42139,501.0
905.53754,509.8
905.65369,499.6
905.76984,499.2
905.88593,500.6
906.00208,498.4
906.11816,502.2
906.23431,499.0
906.3504,499.2
906.46655,494.0
906.58264,497.0
906.69873,500.6
906.81482,500.6
906.93091,496.2
907.047,500.2
907.16309,500.2
907.27917,494.4
907.39526,498.2
907.51135,498.6
907.62738,498.2
907.74347,497.8
907.8595,498.6
907.97559,499.0
908.09161,500.4
908.2077,492.0
908.32373,495.6
908.43976,494.2
908.55579,495.6
908.67181,498.8
908.78784,494.8
908.90387,497.0
909.0199,497.6
909.13586,496.6
909.25189,497.2
909.36792,494.2
909.48389,497.4
909.59991,494.2
909.71588,496.0
909.83185,496.2
909.94788,497.2
910.06384,494.4
910.17981,498.6
910.29578,496.6
910.41174,496.2
910.52771,495.6
910.64368,500.2
910.75958,493.2
910.87555,498.8
910.99152,496.6
911.10742,496.6
911.22339,492.8
911.33929,494.8
911.4552,497.2
911.57117,490.6
911.68707,497.4
911.80298,495.0
911.91888,493.4
912.03479,495.2
912.1507,499.0
912.2666,496.6
912.38245,497.4
912.49835,495.4
912.61426,495.0
912.7301,497.0
912.84601,498.2
792.4458,709.8
792.56488,692.6
792.68396,707.2
792.8031,695.6
792.92218,678.4
793.04126,671.6
793.16034,672.2
793.27942,665.0
793.3985,664.0
793.51758,651.6
793.63672,651.4
793.7558,644.4
793.87488,645.6
793.9939,639.8
794.11298,639.2
794.23206,629.8
794.35114,618.6
794.47021,620.6
794.58929,617.0
794.70831,614.8
794.82739,621.4
794.94647,609.2
795.06549,612.6
795.18457,611.0
795.30365,605.6
795.42267,598.6
795.54175,590.4
795.66077,592.8
795.77985,599.0
795.89886,593.8
796.01794,596.8
796.13696,592.8
796.25598,591.0
796.375,590.0
796.49408,583.8
796.6131,586.4
796.73212,587.8
796.85114,589.6
796.97015,579.6
797.08923,578.8
797.20825,578.0
797.32727,579.8
797.44629,574.6
797.56531,578.2
797.68427,577.4
797.80328,575.8
797.9223,573.2
798.04132,579.2
798.16034,575.4
798.27936,570.6
798.39832,574.8
798.51733,567.8
798.63635,574.8
798.75531,572.4
798.87433,568.8
798.99329,562.2
799.1123,563.0
799.23126,569.2
799.35028,568.8
799.46924,571.4
799.58826,574.8
799.70721,570.2
799.82617,568.2
799.94519,564.6
800.06415,567.6
800.18311,568.4
800.30206,566.2
800.42102,561.2
800.54004,564.8
800.659,560.4
800.77795,568.4
800.89691,562.2
801.01587,566.8
801.13483,567.4
801.25372,575.4
801.37268,564.0
801.49164,565.0
801.6106,567.0
801.72955,566.8
801.84845,565.0
801.96741,569.2
802.08636,568.2
802.20526,566.0
802.32422,565.0
802.44318,566.2
802.56207,566.0
802.68103,564.4
802.79993,567.6
802.91882,561.8
803.03778,557.6
803.15668,562.8
803.27557,571.4
803.39453,566.2
803.51343,562.6
803.63232,574.8
803.75122,563.8
803.87012,570.4
803.98907,566.8
804.10797,565.6
804.22687,565.8
804.34576,562.2
804.46466,564.6
804.58356,569.4
804.70239,561.8
804.82129,566.4
804.94019,567.0
805.05908,565.4
805.17798,571.2
805.29681,570.0
805.41571,567.2
805.53461,576.6
805.65344,572.2
805.77234,570.4
805.89117,569.4
806.01007,568.8
806.12891,570.0
806.2478,572.6
806.36664,572.6
806.48547,569.4
806.60437,567.8
806.72321,572.4
806.84204,575.4
806.96088,567.0
807.07971,576.4
807.19861,579.8
807.31744,573.6
807.43628,575.0
807.55511,575.6
807.67395,570.4
807.79279,573.4
807.91162,573.0
808.0304,572.6
808.14923,583.2
808.26807,573.4
808.3869,581.4
808.50568,579.4
808.62451,575.2
808.74335,577.8
808.86212,578.0
808.98096,580.8
809.09979,577.0
809.21857,580.4
809.33734,578.8
809.45618,577.4
809.57495,581.4
809.69379,582.6
809.81256,578.6
809.93134,576.8
810.05011,574.8
810.16895,577.0
810.28772,578.2
810.40649,583.4
810.52527,584.0
810.64404,583.4
810.76282,586.4
810.88159,579.4
811.00037,582.4
811.11914,578.0
811.23792,583.2
811.35663,579.2
811.4754,589.2
811.59418,580.8
811.71295,584.8
811.83167,585.0
811.95044,580.4
812.06921,582.8
812.18793,581.6
812.3067,574.8
812.42542,579.6
812.54419,581.0
812.6629,587.4
812.78162,576.2
812.90039,577.0
813.0191,574.6
813.13782,576.8
813.25653,569.8
813.37524,578.2
813.49402,574.0
813.61273,579.0
813.73145,575.2
813.85016,576.8
813.96887,578.8
814.08759,573.6
814.2063,575.8
814.32495,571.2
814.44366,577.2
814.56238,572.6
814.68109,566.8
814.79974,573.2
814.91846,568.8
815.03717,571.2
815.15582,569.2
815.27454,567.2
815.39319,565.2
815.5119,564.2
815.63055,564.8
815.74927,568.4
815.86792,568.6
815.98657,573.4
816.10529,569.4
816.22394,566.2
816.34259,567.8
816.46124,575.6
816.5799,572.8
816.69855,578.8
816.8172,569.2
816.93585,569.8
817.0545,560.4
817.17316,562.6
817.29181,558.0
817.41046,558.8
817.52911,556.8
817.64771,553.6
817.76636,552.2
817.88501,554.0
818.0036,549.8
818.12225,548.6
818.24091,542.4
818.3595,544.2
818.47815,537.0
818.59674,544.4
818.71533,537.6
818.83398,538.0
818.95258,538.4
819.07117,533.0
819.18976,534.4
819.30841,540.8
819.427,534.6
819.54559,538.6
819.66418,537.4
819.78278,533.6
819.90137,533.8
820.01996,528.0
820.13855,526.4
820.25714,531.0
820.37573,529.4
820.49426,529.8
820.61285,526.4
820.73145,526.6
820.84998,525.6
820.96857,523.2
821.08716,522.4
821.20569,525.2
821.32428,523.4
821.44281,520.4
821.56134,522.0
821.67993,519.4
821.79846,519.6
821.91699,521.2
822.03558,518.2
822.15411,526.6
822.27264,524.8
822.39117,524.8
822.5097,515.8
822.62823,526.2
822.74677,520.2
822.8653,516.6
822.98383,520.6
823.10236,524.8
823.22089,516.0
823.33942,519.6
823.45789,515.8
823.57642,518.4
823.69495,521.0
823.81342,516.2
823.93195,518.0
824.05042,522.6
824.16895,518.0
824.28741,521.8
824.40594,522.0
824.52441,520.0
824.64288,516.2
824.76141,520.4
824.87988,516.2
824.99835,513.4
825.11682,514.8
825.23529,518.6
825.35376,508.6
825.47223,515.8
825.5907,511.8
825.70917,515.0
825.82764,517.0
825.94611,510.8
826.06458,511.0
826.18304,514.0
826.30145,517.4
826.41992,516.0
826.53839,511.0
826.6568,516.8
826.77527,511.4
826.89368,520.6
827.01215,512.4
827.13055,517.0
827.24902,507.0
827.36743,512.8
827.48584,507.8
827.60431,508.8
827.72272,509.0
827.84113,501.8
827.95953,503.2
828.07794,511.0
828.19635,508.8
828.31476,509.8
828.43317,503.0
828.55157,510.0
828.66998,502.6
828.78839,508.6
828.90674,507.8
829.02515,505.6
829.14355,510.4
829.2619,508.4
829.38031,509.8
829.49872,506.8
829.61707,508.6
829.73547,506.6
829.85382,508.2
829.97217,504.8
830.09058,506.2
830.20892,506.8
830.32727,505.0
830.44562,511.0
830.56403,509.8
830.68237,509.0
830.80072,505.6
830.91907,511.2
831.03741,505.4
831.15576,506.2
831.27411,506.8
831.3924,506.8
831.51074,503.8
831.62909,510.0
831.74744,502.4
831.86572,511.0
831.98407,502.0
832.10242,514.6
832.2207,502.8
832.33905,508.0
832.45734,505.8
832.57562,506.8
832.69397,499.6
832.81226,509.2
832.93054,502.0
833.04889,508.4
833.16718,506.2
833.28546,505.8
833.40375,512.6
833.52203,511.6
833.64032,507.2
833.75861,507.4
833.87689,501.2
833.99518,510.6
834.1134,511.0
834.23169,509.2
834.34998,510.2
834.46826,511.0
834.58649,510.8
834.70477,511.8
834.823,515.2
834.94128,512.4
835.05951,509.0
835.1778,511.2
835.29602,506.8
835.41425,509.8
835.53253,509.4
835.65076,509.0
835.76898,511.4
835.88721,514.6
836.00543,511.2
836.12366,517.2
836.24188,509.2
836.36011,513.0
836.47833,509.2
836.59656,516.6
836.71478,510.8
836.83295,510.8
836.95117,513.4
837.0694,515.8
837.18756,511.0
837.30579,512.2
837.42401,515.0
837.54218,516.0
837.66034,507.8
837.77856,517.2
837.89673,505.6
838.01489,511.4
838.13312,512.8
838.25128,511.6
838.36945,514.4
838.48761,512.8
838.60577,516.2
838.72394,518.2
838.8421,512.0
838.96027,515.0
839.07843,513.4
839.19659,514.4
839.31476,513.8
839.43286,515.0
839.55103,517.6
839.66919,513.8
839.78729,511.2
839.90546,516.4
840.02356,511.0
840.14172,513.8
840.25983,510.8
840.37793,518.0
840.49609,509.2
840.6142,511.8
840.7323,508.4
840.8504,515.6
840.96851,509.2
841.08661,510.8
841.20471,509.8
841.32281,512.6
841.44092,509.6
841.55902,511.8
841.67712,509.8
841.79523,510.2
841.91327,513.4
842.03137,509.8
842.14948,512.4
842.26752,510.6
842.38562,510.0
842.50366,511.8
842.62177,510.6
842.73981,510.6
842.85791,513.2
842.97595,515.2
843.09399,510.6
843.21204,517.6
843.33008,513.8
843.44818,513.8
843.56622,517.4
843.68427,508.6
843.80231,516.4
843.92029,514.8
844.03833,519.0
844.15637,514.2
844.27441,513.6
844.39246,519.0
844.51044,514.4
844.62848,513.8
844.74646,515.0
844.8645,512.4
844.98248,512.0
845.10052,516.0
845.21851,514.8
845.33649,516.0
845.45453,511.8
845.57251,515.0
845.69049,510.2
845.80847,510.4
845.92645,509.6
846.04443,511.6
846.16241,513.2
846.2804,512.0
846.39838,510.2
846.51636,512.8
846.63434,518.4
846.75226,514.0
846.87024,514.8
846.98822,514.2
847.10614,515.0
847.22412,512.6
847.34204,516.2
847.46002,513.6
847.57794,511.4
847.69586,516.8
847.81384,508.6
847.93176,517.8
848.04968,515.8
848.1676,518.0
848.28552,514.8
848.40344,509.4
848.52136,505.8
848.63928,511.2
848.7572,511.0
848.87512,513.2
848.99304,507.2
849.1109,514.8
849.22882,508.6
849.34674,513.0
849.4646,512.0
849.58252,511.6
849.70038,511.8
849.8183,513.0
849.93616,510.8
850.05402,511.4
850.17194,511.6
850.28979,513.4
850.40765,513.8
850.52551,518.4
850.64337,516.6
850.76123,516.6
850.87909,514.2
850.99695,510.0
851.11481,513.4
851.23267,519.0
851.35046,515.2
851.46832,509.0
851.58618,511.2
851.70398,515.8
851.82184,508.8
851.93964,514.2
852.0575,519.2
852.17529,524.2
852.29315,521.2
852.41095,520.2
852.52875,512.2
852.64655,512.4
852.7644,512.0
852.8822,512.6
853.0,510.6
853.1178,511.8
853.2356,507.8
853.35333,510.2
853.47113,511.8
853.58893,511.4
853.70673,508.0
853.82446,512.6
853.94226,509.0
854.06006,509.0
854.1778,513.4
854.29559,511.8
854.41333,509.8
854.53107,512.0
854.64886,513.8
854.7666,511.8
854.88434,509.4
855.00208,514.0
855.11981,510.2
855.23761,510.4
855.35535,513.4
855.47302,518.6
855.59076,507.6
855.7085,511.8
855.82623,513.4
855.94397,516.0
856.06165,512.6
856.17938,513.2
856.29712,515.4
856.41479,513.2
856.53253,515.2
856.65021,506.0
856.76788,511.0
856.88562,515.2
857.0033,511.6
857.12097,508.6
857.23865,514.4
857.35632,508.4
857.474,507.6
857.59167,512.6
857.70935,508.8
857.82703,508.6
857.9447,513.0
858.06238,509.4
858.18005,511.0
858.29767,511.8
858.41534,508.6
858.53296,507.0
858.65063,508.8
858.76825,509.6
858.88593,509.6
859.00354,510.2
859.12115,511.6
859.23883,509.8
859.35645,514.6
859.47406,512.6
859.59167,503.8
859.70929,510.6
859.8269,503.0
859.94452,501.0
860.06213,510.0
860.17975,507.2
860.29736,507.6
860.41492,500.2
860.53253,502.6
860.65009,504.0
860.7677,500.0
860.88525,505.2
861.00287,504.8
861.12042,505.2
861.23804,506.8
861.35559,507.8
861.47314,505.2
861.5907,505.0
861.70825,501.4
861.82581,499.6
861.94336,497.6
862.06091,501.6
862.17847,502.4
862.29602,505.2
862.41357,503.0
862.53113,500.0
862.64862,502.8
862.76617,500.4
862.88367,499.4
863.00122,503.4
863.11871,501.6
863.23627,504.4
863.35376,498.8
863.47125,501.4
863.58881,501.2
863.7063,503.4
863.82379,497.8
863.94128,498.6
864.05878,501.0
864.17627,498.4
864.29376,500.0
864.41125,502.6
864.52869,500.4
864.64618,496.4
864.76367,499.2
864.8811,498.4
864.9986,497.4
865.11609,503.2
865.23352,496.6
865.35095,501.0
865.46844,500.2
865.58588,501.6
865.70331,500.2
865.82074,503.8
865.93823,497.4
866.05566,500.4
866.1731,498.6
866.29053,502.4
866.4079,501.6
866.52533,502.0
866.64276,503.2
866.76019,501.4
866.87756,500.8
866.995,503.4
867.11243,502.6
867.2298,504.0
867.34723,499.8
867.4646,501.2
867.58197,502.6
867.6994,500.2
867.81677,504.8
867.93414,500.0
868.05151,497.4
868.16888,507.2
868.28625,501.4
868.40363,502.8
868.521,504.2
868.63837,503.0
868.75568,503.2
868.87305,505.2
868.99042,500.8
869.10773,504.0
869.2251,508.2
869.34241,506.4
869.45978,502.8
869.57709,508.0
869.69446,500.4
869.81177,507.2
869.92908,507.4
870.04639,506.8
870.1637,500.6
870.28101,502.8
870.39832,500.0
870.51563,506.0
870.63293,505.0
870.75024,505.0
870.86749,503.8
870.9848,502.8
871.10211,503.4
871.21936,507.0
871.33667,505.6
871.45392,504.4
871.57123,504.6
871.68848,501.4
871.80573,503.4
871.92297,507.2
872.04028,503.2
872.15753,506.8
872.27478,503.8
872.39203,500.4
872.50928,505.6
872.62646,505.2
872.74371,499.2
872.86096,506.8
872.97821,503.8
873.0954,503.4
873.21265,498.8
873.32983,499.2
873.44708,503.6
873.56427,506.4
873.68152,501.0
873.79871,501.4
873.91589,502.4
874.03308,501.6
874.15027,500.2
874.26746,500.6
874.38464,500.0
874.50183,503.2
874.61902,502.6
874.73621,503.0
874.85339,504.4
874.97052,503.4
875.08771,502.8
875.2049,503.6
875.32202,499.8
875.43921,509.8
875.55634,500.2
875.67346,510.2
875.79065,501.2
875.90778,508.0
876.0249,508.4
876.14203,502.8
876.25916,503.0
876.37628,505.6
876.49341,502.4
876.61053,508.0
876.72766,504.6
876.84473,507.2
876.96185,503.8
877.07898,504.6
877.19604,509.2
877.31317,508.0
877.43024,503.4
877.54736,508.2
877.66443,501.4
877.78149,499.2
877.89856,502.0
878.01569,504.4
878.13275,500.0
878.24982,500.2
878.36688,500.2
878.48395,506.8
878.60095,498.4
878.71802,501.8
878.83508,497.8
878.95215,498.0
879.06915,496.6
879.18622,503.8
879.30322,496.8
879.42029,497.6
879.53729,499.0
879.6543,503.8
879.77136,490.8
879.88837,503.4
880.00537,498.4
880.12238,500.8
880.23938,495.4
880.35638,501.4
880.47339,494.2
880.59039,496.6
880.70734,495.4
880.82434,500.2
880.94135,498.0
881.05829,502.6
881.17529,500.6
881.29224,499.8
881.40924,496.2
881.52618,500.2
881.64313,498.0
881.76007,498.2
881.87701,495.2
881.99402,498.0
882.11096,496.6
882.22791,494.4
882.34479,493.0
882.46173,506.4
882.57867,492.2
882.69562,501.2
882.8125,498.6
882.92944,498.8
883.04639,499.8
883.16327,505.2
883.28015,494.0
883.39709,501.6
883.51398,498.4
883.63086,498.8
883.74774,501.6
883.86462,499.6
883.98157,503.0
884.09839,502.4
884.21527,504.8
884.33215,499.0
884.44904,503.6
884.56592,503.2
884.68274,501.2
884.79962,506.2
884.9165,505.8
885.03333,507.4
885.15015,505.8
885.26703,510.4
885.38385,507.6
885.50067,510.4
885.61749,508.4
885.73438,513.4
885.8512,510.4
885.96802,513.0
886.08478,506.8
886.2016,510.8
886.31842,505.6
886.43524,500.6
886.55206,506.4
886.66882,508.8
886.78564,503.4
886.9024,507.8
887.01923,505.6
887.13599,505.6
887.25275,501.8
887.36951,506.2
887.48633,506.2
887.60309,506.2
887.71985,491.4
887.83661,498.0
887.95337,495.2
888.07007,492.4
888.18683,499.8
888.30359,505.6
888.42035,495.8
888.53705,495.6
888.65381,495.8
888.77051,494.6
888.88721,497.2
889.00397,498.2
889.12067,495.8
889.23737,496.0
889.35406,496.4
889.47083,496.6
889.58752,490.8
889.70416,498.0
889.82086,491.6
889.93756,497.0
890.05426,493.4
890.17096,501.6
890.2876,496.0
890.4043,497.4
890.52094,491.8
890.63763,496.2
890.75427,496.6
890.87091,494.2
890.98761,491.2
891.10425,493.6
891.22089,494.8
891.33752,496.0
891.45416,498.0
891.5708,498.8
891.68744,493.4
891.80408,495.2
891.92065,498.2
892.03729,494.8
892.15393,497.6
892.27051,498.8
892.38715,499.4
892.50372,498.8
892.6203,496.4
892.73694,499.2
892.85352,497.8
892.97009,494.8
893.08667,496.0
893.20325,501.2
893.31982,499.6
893.4364,498.0
893.55298,496.4
893.66956,503.6
893.78607,497.4
893.90265,496.2
894.01917,505.6
894.13574,501.6
894.25226,501.2
894.36884,498.6
894.48535,499.6
894.60187,501.0
894.71838,497.4
894.8349,498.4
894.95148,500.4
895.06793,503.4
895.18445,497.0
895.30096,499.0
895.41748,493.4
895.534,496.4
895.65045,498.4
895.76697,494.0
895.88342,501.8
895.99994,500.8
896.11639,491.8
896.23291,491.8
896.34937,494.8
896.46582,500.8
896.58228,499.6
896.69873,499.4
896.81519,489.8
896.93164,493.0
897.0481,496.8
897.16455,501.6
897.28094,500.4
897.3974,495.6
897.51385,501.0
897.63025,502.6
897.7467,497.6
897.8631,495.2
897.97949,498.6
898.09595,496.4
898.21234,496.0
898.32874,500.8
898.44513,497.4
898.56152,497.4
898.67792,495.0
898.79431,494.0
898.91064,492.2
899.02704,496.0
899.14343,496.4
899.25977,498.6
899.37616,497.0
899.49249,492.8
899.60889,495.6
899.72522,495.2
899.84155,496.8
899.95789,501.0
900.07428,498.4
900.19061,501.6
900.30695,495.0
900.42322,498.4
900.53955,495.8
900.65588,498.0
900.77222,495.4
900.88849,502.6
901.00482,494.6
901.12109,499.4
901.23743,496.6
901.3537,495.2
901.47003,494.8
901.5863,493.8
901.70258,494.4
901.81885,496.8
901.93512,497.0
902.05139,494.8
902.16766,494.2
902.28394,500.2
902.40021,493.2
902.51642,503.2
902.63269,495.0
902.7489,499.8
902.86517,501.0
902.98138,497.6
903.09766,496.2
903.21387,497.4
903.33008,497.0
903.44629,500.6
903.5625,496.2
903.67871,492.8
903.79492,500.2
903.91113,495.6
904.02734,492.4
904.14355,501.4
904.2597,490.4
904.37592,490.2
904.49207,490.4
904.60828,491.8
904.72443,489.8
904.84064,489.0
904.95679,485.6
905.07294,491.2
905.18909,490.8
905.30524,492.8
905.42139,485.2
905.53754,489.0
905.65369,484.2
905.76984,488.0
905.88593,484.0
906.00208,489.0
906.11816,486.2
906.23431,483.8
906.3504,483.0
906.46655,484.6
906.58264,480.0
906.69873,481.0
906.81482,488.6
906.93091,490.4
907.047,484.2
907.16309,479.6
907.27917,484.0
907.39526,483.8
907.51135,482.6
907.62738,483.0
907.74347,481.8
907.8595,481.2
907.97559,486.2
908.09161,483.2
908.2077,481.2
908.32373,486.6
908.43976,479.6
908.55579,479.6
908.67181,483.8
908.78784,480.8
908.90387,482.2
909.0199,481.4
909.13586,485.2
909.25189,481.8
909.36792,479.2
909.48389,479.6
909.59991,483.2
909.71588,484.8
909.83185,485.6
909.94788,483.8
910.06384,483.0
910.17981,482.6
910.29578,479.0
910.41174,479.2
910.52771,483.8
910.64368,486.4
910.75958,482.4
910.87555,480.0
910.99152,483.4
911.10742,483.0
911.22339,481.4
911.33929,481.8
911.4552,481.4
911.57117,478.0
911.68707,484.0
911.80298,482.0
911.91888,483.0
912.03479,485.6
912.1507,484.8
912.2666,481.8
912.38245,480.2
912.49835,481.8
912.61426,482.8
912.7301,480.8
912.84601,482.0
792.4458,671.8
792.56488,660.8
792.68396,663.6
792.8031,654.0
792.92218,648.4
793.04126,638.0
793.16034,646.8
793.27942,635.6
793.3985,631.4
793.51758,625.8
793.63672,620.6
793.7558,615.8
793.87488,624.4
793.9939,618.4
794.11298,616.0
794.23206,609.0
794.35114,602.4
794.47021,602.6
794.58929,594.2
794.70831,590.2
794.82739,603.0
794.94647,592.8
795.06549,595.6
795.18457,586.6
795.30365,585.0
795.42267,582.8
795.54175,582.0
795.66077,587.2
795.77985,577.2
795.89886,574.8
796.01794,580.4
796.13696,579.6
796.25598,581.2
796.375,575.8
796.49408,578.0
796.6131,571.2
796.73212,567.8
796.85114,570.0
796.97015,572.0
797.08923,560.2
797.20825,567.4
797.32727,570.8
797.44629,568.4
797.56531,565.4
797.68427,560.8
797.80328,565.6
797.9223,561.8
798.04132,563.4
798.16034,563.8
798.27936,562.4
798.39832,561.6
798.51733,562.2
798.63635,559.0
798.75531,560.8
798.87433,556.2
798.99329,550.6
799.1123,551.4
799.23126,558.2
799.35028,560.6
799.46924,558.4
799.58826,557.6
799.70721,553.4
799.82617,557.6
799.94519,549.4
800.06415,557.4
800.18311,558.2
800.30206,557.8
800.42102,560.4
800.54004,560.8
800.659,555.4
800.77795,554.6
800.89691,559.0
801.01587,556.4
801.13483,557.0
801.25372,565.0
801.37268,560.8
801.49164,554.2
801.6106,564.6
801.72955,557.0
801.84845,554.2
801.96741,554.6
802.08636,556.4
802.20526,560.8
802.32422,556.4
802.44318,561.0
802.56207,553.6
802.68103,558.0
802.79993,557.6
802.91882,556.8
803.03778,559.6
803.15668,562.0
803.27557,559.4
803.39453,561.8
803.51343,560.6
803.63232,563.2
803.75122,560.6
803.87012,563.0
803.98907,559.4
804.10797,563.8
804.22687,555.2
804.34576,556.8
804.46466,556.6
804.58356,563.6
804.70239,561.4
804.82129,563.8
804.94019,560.0
805.05908,558.8
805.17798,561.4
805.29681,570.6
805.41571,566.8
805.53461,566.2
805.65344,565.2
805.77234,566.0
805.89117,564.6
806.01007,565.4
806.12891,571.8
806.2478,570.2
806.36664,558.6
806.48547,565.2
806.60437,566.2
806.72321,568.2
806.84204,572.0
806.96088,568.2
807.07971,568.0
807.19861,564.8
807.31744,572.4
807.43628,574.0
807.55511,574.2
807.67395,568.0
807.79279,569.8
807.91162,569.2
808.0304,572.0
808.14923,573.4
808.26807,567.8
808.3869,578.0
808.50568,577.8
808.62451,569.4
808.74335,574.4
808.86212,569.6
808.98096,578.8
809.09979,572.6
809.21857,576.4
809.33734,576.0
809.45618,574.4
809.57495,576.6
809.69379,576.8
809.81256,577.4
809.93134,577.0
810.05011,574.4
810.16895,574.8
810.28772,572.0
810.40649,574.4
810.52527,580.2
810.64404,576.4
810.76282,582.0
810.88159,576.8
811.00037,575.8
811.11914,577.0
811.23792,574.8
811.35663,576.4
811.4754,575.8
811.59418,574.2
811.71295,579.4
811.83167,574.6
811.95044,578.4
812.06921,575.0
812.18793,577.4
812.3067,575.2
812.42542,579.2
812.54419,574.2
812.6629,581.4
812.78162,573.0
812.90039,576.8
813.0191,572.0
813.13782,572.8
813.25653,573.0
813.37524,572.0
813.49402,575.0
813.61273,573.8
813.73145,578.2
813.85016,568.4
813.96887,569.8
814.08759,571.6
814.2063,569.4
814.32495,570.6
814.44366,573.2
814.56238,574.2
814.68109,564.0
814.79974,570.4
814.91846,559.8
815.03717,563.8
815.15582,571.2
815.27454,564.8
815.39319,558.8
815.5119,561.8
815.63055,563.2
815.74927,560.2
815.86792,564.4
815.98657,566.4
816.10529,562.8
816.22394,563.8
816.34259,567.8
816.46124,572.0
816.5799,573.8
816.69855,564.8
816.8172,569.4
816.93585,566.4
817.0545,565.6
817.17316,555.8
817.29181,559.2
817.41046,560.2
817.52911,548.6
817.64771,551.4
817.76636,539.6
817.88501,542.6
818.0036,544.8
818.12225,544.8
818.24091,541.4
818.3595,534.6
818.47815,541.8
818.59674,540.0
818.71533,533.4
818.83398,532.2
818.95258,526.6
819.07117,529.6
819.18976,528.0
819.30841,534.4
819.427,532.8
819.54559,527.2
819.66418,529.0
819.78278,533.2
819.90137,527.4
820.01996,522.4
820.13855,523.8
820.25714,524.6
820.37573,526.0
820.49426,523.8
820.61285,522.6
820.73145,524.6
820.84998,517.6
820.96857,525.4
821.08716,522.6
821.20569,518.6
821.32428,515.6
821.44281,514.4
821.56134,521.8
821.67993,519.0
821.79846,516.8
821.91699,523.0
822.03558,519.0
822.15411,519.2
822.27264,517.8
822.39117,515.2
822.5097,518.0
822.62823,516.4
822.74677,519.0
822.8653,515.2
822.98383,514.6
823.10236,520.6
823.22089,517.0
823.33942,515.0
823.45789,519.4
823.57642,515.8
823.69495,516.4
823.81342,519.4
823.93195,513.0
824.05042,513.8
824.16895,518.0
824.28741,516.4
824.40594,514.6
824.52441,519.8
824.64288,514.4
824.76141,515.8
824.87988,510.4
824.99835,514.4
825.11682,513.4
825.23529,515.4
825.35376,511.2
825.47223,516.8
825.5907,510.4
825.70917,517.8
825.82764,515.8
825.94611,512.6
826.06458,510.2
826.18304,511.0
826.30145,515.8
826.41992,510.2
826.53839,507.4
826.6568,515.4
826.77527,509.6
826.89368,509.6
827.01215,510.4
827.13055,513.6
827.24902,512.2
827.36743,511.6
827.48584,505.6
827.60431,503.0
827.72272,506.2
827.84113,505.6
827.95953,504.4
828.07794,506.0
828.19635,507.2
828.31476,502.6
828.43317,503.8
828.55157,505.6
828.66998,503.8
828.78839,505.4
828.90674,503.0
829.02515,505.8
829.14355,512.8
829.2619,502.0
829.38031,501.4
829.49872,499.4
829.61707,500.2
829.73547,508.4
829.85382,503.4
829.97217,504.4
830.09058,509.2
830.20892,503.6
830.32727,500.4
830.44562,508.2
830.56403,505.4
830.68237,506.2
830.80072,506.0
830.91907,501.2
831.03741,506.2
831.15576,504.4
831.27411,502.6
831.3924,503.6
831.51074,508.4
831.62909,503.0
831.74744,500.4
831.86572,504.2
831.98407,509.2
832.10242,502.4
832.2207,499.0
832.33905,504.2
832.45734,505.4
832.57562,502.6
832.69397,501.6
832.81226,502.4
832.93054,504.8
833.04889,505.2
833.16718,505.0
833.28546,501.8
833.40375,510.8
833.52203,504.6
833.64032,502.6
833.75861,507.2
833.87689,506.4
833.99518,506.2
834.1134,507.8
834.23169,507.8
834.34998,504.0
834.46826,508.6
834.58649,504.0
834.70477,509.2
834.823,503.8
834.94128,510.4
835.05951,503.6
835.1778,507.8
835.29602,502.8
835.41425,509.6
835.53253,509.0
835.65076,509.6
835.76898,505.8
835.88721,511.6
836.00543,511.8
836.12366,506.0
836.24188,502.6
836.36011,511.2
836.47833,509.8
836.59656,514.2
836.71478,509.4
836.83295,514.0
836.95117,507.6
837.0694,512.4
837.18756,512.8
837.30579,502.2
837.42401,511.6
837.54218,507.8
837.66034,505.2
837.77856,511.2
837.89673,507.0
838.01489,509.6
838.13312,507.8
838.25128,509.2
838.36945,513.6
838.48761,511.4
838.60577,510.6
838.72394,512.4
838.8421,510.8
838.96027,511.2
839.07843,507.0
839.19659,506.6
839.31476,510.4
839.43286,507.4
839.55103,511.2
839.66919,510.4
839.78729,510.0
839.90546,506.6
840.02356,507.6
840.14172,512.2
840.25983,507.4
840.37793,513.6
840.49609,513.2
840.6142,510.4
840.7323,508.2
840.8504,508.8
840.96851,506.6
841.08661,506.8
841.20471,506.0
841.32281,510.6
841.44092,506.2
841.55902,512.0
841.67712,503.0
841.79523,508.6
841.91327,502.6
842.03137,509.2
842.14948,505.4
842.26752,505.2
842.38562,501.6
842.50366,507.0
842.62177,499.0
842.73981,507.4
842.85791,505.6
842.97595,504.0
843.09399,504.8
843.21204,509.0
843.33008,501.0
843.44818,510.2
843.56622,504.6
843.68427,509.6
843.80231,508.8
843.92029,505.2
844.03833,513.2
844.15637,502.6
844.27441,505.8
844.39246,509.2
844.51044,502.2
844.62848,503.6
844.74646,510.0
844.8645,504.2
844.98248,507.2
845.10052,508.2
845.21851,504.2
845.33649,509.4
845.45453,510.8
845.57251,506.8
845.69049,502.2
845.80847,503.4
845.92645,507.2
846.04443,498.4
846.16241,504.4
846.2804,508.0
846.39838,504.6
846.51636,507.8
846.63434,508.6
846.75226,506.8
846.87024,499.6
846.98822,504.0
847.10614,505.8
847.22412,505.0
847.34204,508.6
847.46002,508.6
847.57794,505.2
847.69586,511.2
847.81384,503.6
847.93176,507.8
848.04968,505.8
848.1676,505.0
848.28552,507.6
848.40344,505.2
848.52136,501.8
848.63928,503.6
848.7572,506.0
848.87512,505.6
848.99304,503.6
849.1109,510.4
849.22882,502.0
849.34674,504.0
849.4646,502.2
849.58252,504.6
849.70038,504.4
849.8183,505.6
849.93616,505.0
850.05402,506.4
850.17194,506.6
850.28979,505.6
850.40765,505.8
850.52551,511.8
850.64337,502.6
850.76123,503.6
850.87909,506.8
850.99695,506.8
851.11481,508.6
851.23267,507.4
851.35046,508.0
851.46832,505.0
851.58618,509.4
851.70398,508.8
851.82184,507.4
851.93964,512.4
852.0575,512.6
852.17529,515.2
852.29315,512.6
852.41095,511.0
852.52875,508.6
852.64655,510.4
852.7644,504.0
852.8822,501.2
853.0,504.0
853.1178,504.8
853.2356,504.0
853.35333,501.4
853.47113,505.8
853.58893,502.2
853.70673,503.8
853.82446,508.8
853.94226,506.0
854.06006,502.2
854.1778,503.0
854.29559,505.6
854.41333,501.8
854.53107,511.2
854.64886,505.8
854.7666,505.0
854.88434,507.4
855.00208,506.4
855.11981,504.6
855.23761,509.6
855.35535,504.4
855.47302,507.2
855.59076,503.4
855.7085,503.2
855.82623,504.2
855.94397,510.8
856.06165,508.8
856.17938,511.0
856.29712,501.0
856.41479,508.0
856.53253,507.0
856.65021,508.8
856.76788,502.8
856.88562,507.8
857.0033,503.2
857.12097,503.0
857.23865,502.0
857.35632,501.6
857.474,501.8
857.59167,503.0
857.70935,503.8
857.82703,506.4
857.9447,502.2
858.06238,508.4
858.18005,508.0
858.29767,503.6
858.41534,498.2
858.53296,502.4
858.65063,507.0
858.76825,499.6
858.88593,502.0
859.00354,501.6
859.12115,501.8
859.23883,505.8
859.35645,502.0
859.47406,504.6
859.59167,503.6
859.70929,504.4
859.8269,503.6
859.94452,497.8
860.06213,506.4
860.17975,499.0
860.29736,499.0
860.41492,497.6
860.53253,501.8
860.65009,497.8
860.7677,500.4
860.88525,501.2
861.00287,502.4
861.12042,499.4
861.23804,501.6
861.35559,505.0
861.47314,499.4
861.5907,502.4
861.70825,495.2
861.82581,499.6
861.94336,501.0
862.06091,497.2
862.17847,498.0
862.29602,496.2
862.41357,495.8
862.53113,500.6
862.64862,501.0
862.76617,495.8
862.88367,498.2
863.00122,498.4
863.11871,502.0
863.23627,496.0
863.35376,497.0
863.47125,497.8
863.58881,498.4
863.7063,500.4
863.82379,493.4
863.94128,498.8
864.05878,495.8
864.17627,494.4
864.29376,497.4
864.41125,497.6
864.52869,493.8
864.64618,502.2
864.76367,499.4
864.8811,505.2
864.9986,495.8
865.11609,499.0
865.23352,497.6
865.35095,496.8
865.46844,493.8
865.58588,496.0
865.70331,494.8
865.82074,498.4
865.93823,493.6
866.05566,496.8
866.1731,493.0
866.29053,496.8
866.4079,496.4
866.52533,496.4
866.64276,499.8
866.76019,495.4
866.87756,495.4
866.995,502.8
867.11243,501.8
867.2298,500.6
867.34723,493.8
867.4646,501.0
867.58197,500.6
867.6994,496.8
867.81677,504.0
867.93414,496.6
868.05151,492.8
868.16888,496.8
868.28625,496.8
868.40363,497.0
868.521,501.8
868.63837,503.2
868.75568,497.6
868.87305,496.8
868.99042,502.4
869.10773,498.2
869.2251,493.0
869.34241,502.6
869.45978,501.6
869.57709,505.6
869.69446,499.6
869.81177,501.2
869.92908,502.4
870.04639,501.2
870.1637,499.8
870.28101,501.2
870.39832,506.4
870.51563,497.0
870.63293,499.2
870.75024,500.4
870.86749,499.4
870.9848,493.6
871.10211,497.6
871.21936,499.4
871.33667,507.2
871.45392,500.2
871.57123,503.4
871.68848,500.2
871.80573,498.6
871.92297,503.8
872.04028,496.4
872.15753,502.0
872.27478,497.0
872.39203,495.6
872.50928,500.6
872.62646,503.8
872.74371,495.4
872.86096,497.2
872.97821,499.8
873.0954,499.0
873.21265,497.6
873.32983,494.6
873.44708,500.8
873.56427,499.2
873.68152,497.0
873.79871,499.6
873.91589,493.4
874.03308,493.8
874.15027,498.4
874.26746,495.2
874.38464,494.8
874.50183,497.4
874.61902,498.8
874.73621,499.2
874.85339,493.6
874.97052,496.8
875.08771,494.2
875.2049,496.4
875.32202,497.6
875.43921,499.8
875.55634,496.2
875.67346,502.0
875.79065,497.8
875.90778,499.2
876.0249,502.6
876.14203,495.6
876.25916,493.0
876.37628,502.4
876.49341,498.6
876.61053,502.0
876.72766,498.0
876.84473,500.8
876.96185,494.0
877.07898,499.8
877.19604,499.0
877.31317,499.0
877.43024,501.0
877.54736,495.4
877.66443,497.0
877.78149,502.2
877.89856,498.6
878.01569,496.2
878.13275,500.6
878.24982,501.4
878.36688,494.6
878.48395,501.8
878.60095,496.8
878.71802,493.8
878.83508,494.8
878.95215,493.2
879.06915,497.8
879.18622,494.0
879.30322,493.6
879.42029,497.0
879.53729,495.8
879.6543,495.0
879.77136,492.0
879.88837,495.2
880.00537,497.4
880.12238,492.2
880.23938,494.0
880.35638,491.2
880.47339,491.4
880.59039,489.6
880.70734,495.2
880.82434,493.8
880.94135,493.4
881.05829,497.4
881.17529,496.4
881.29224,494.8
881.40924,490.4
881.52618,491.8
881.64313,497.2
881.76007,494.0
881.87701,500.0
881.99402,490.4
882.11096,496.0
882.22791,493.6
882.34479,493.0
882.46173,499.2
882.57867,497.0
882.69562,494.0
882.8125,492.8
882.92944,498.6
883.04639,494.4
883.16327,495.8
883.28015,493.0
883.39709,490.2
883.51398,490.4
883.63086,494.2
883.74774,495.8
883.86462,493.4
883.98157,497.4
884.09839,494.4
884.21527,497.2
884.33215,494.8
884.44904,489.6
884.56592,495.8
884.68274,498.6
884.79962,500.0
884.9165,501.2
885.03333,502.6
885.15015,500.4
885.26703,502.8
885.38385,500.4
885.50067,504.2
885.61749,506.0
885.73438,509.0
885.8512,501.8
885.96802,505.4
886.08478,501.2
886.2016,500.0
886.31842,505.6
886.43524,500.6
886.55206,499.2
886.66882,500.4
886.78564,496.4
886.9024,502.2
887.01923,495.2
887.13599,501.6
887.25275,498.0
887.36951,497.6
887.48633,498.6
887.60309,499.4
887.71985,493.8
887.83661,494.2
887.95337,492.4
888.07007,493.2
888.18683,492.2
888.30359,493.2
888.42035,494.6
888.53705,495.4
888.65381,491.4
888.77051,491.8
888.88721,496.0
889.00397,494.2
889.12067,492.6
889.23737,497.0
889.35406,494.4
889.47083,495.6
889.58752,492.8
889.70416,495.8
889.82086,493.2
889.93756,494.4
890.05426,493.2
890.17096,495.6
890.2876,495.4
890.4043,494.2
890.52094,489.6
890.63763,492.2
890.75427,491.8
890.87091,494.4
890.98761,492.4
891.10425,496.0
891.22089,492.6
891.33752,498.4
891.45416,491.6
891.5708,492.4
891.68744,496.2
891.80408,491.4
891.92065,491.0
892.03729,492.2
892.15393,496.8
892.27051,494.0
892.38715,493.2
892.50372,493.2
892.6203,496.4
892.73694,494.2
892.85352,495.4
892.97009,496.8
893.08667,497.2
893.20325,494.6
893.31982,497.0
893.4364,497.8
893.55298,492.6
893.66956,497.2
893.78607,495.8
893.90265,500.8
894.01917,498.0
894.13574,500.4
894.25226,496.6
894.36884,499.8
894.48535,499.8
894.60187,498.0
894.71838,497.2
894.8349,494.4
894.95148,498.8
895.06793,493.6
895.18445,492.2
895.30096,495.4
895.41748,494.6
895.534,489.2
895.65045,493.8
895.76697,497.4
895.88342,496.0
895.99994,491.8
896.11639,490.4
896.23291,499.2
896.34937,498.0
896.46582,494.2
896.58228,497.0
896.69873,496.2
896.81519,495.4
896.93164,491.2
897.0481,492.2
897.16455,494.4
897.28094,495.2
897.3974,493.4
897.51385,492.4
897.63025,497.2
897.7467,496.8
897.8631,493.2
897.97949,495.2
898.09595,492.4
898.21234,492.8
898.32874,497.0
898.44513,493.4
898.56152,494.8
898.67792,488.6
898.79431,493.2
898.91064,495.0
899.02704,487.2
899.14343,489.8
899.25977,493.2
899.37616,491.0
899.49249,489.8
899.60889,489.8
899.72522,492.2
899.84155,492.4
899.95789,493.2
900.07428,494.4
900.19061,493.4
900.30695,491.0
900.42322,492.2
900.53955,487.2
900.65588,490.0
900.77222,492.4
900.88849,494.4
901.00482,489.0
901.12109,492.8
901.23743,492.0
901.3537,494.4
901.47003,490.2
901.5863,491.8
901.70258,489.8
901.81885,488.8
901.93512,492.4
902.05139,489.4
902.16766,495.0
902.28394,492.4
902.40021,493.6
902.51642,490.4
902.63269,494.4
902.7489,485.2
902.86517,487.4
902.98138,491.0
903.09766,491.8
903.21387,491.0
903.33008,490.0
903.44629,493.4
903.5625,485.2
903.67871,492.0
903.79492,495.2
903.91113,491.0
904.02734,488.6
904.14355,489.4
904.2597,488.8
904.37592,488.0
904.49207,482.4
904.60828,484.6
904.72443,483.6
904.84064,486.8
904.95679,486.2
905.07294,485.6
905.18909,480.4
905.30524,486.8
905.42139,488.4
905.53754,486.8
905.65369,479.8
905.76984,481.2
905.88593,481.4
906.00208,481.2
906.11816,483.0
906.23431,480.2
906.3504,485.4
906.46655,483.8
906.58264,483.4
906.69873,481.4
906.81482,485.0
906.93091,476.2
907.047,481.2
907.16309,483.4
907.27917,482.6
907.39526,480.0
907.51135,481.6
907.62738,479.8
907.74347,483.0
907.8595,482.6
907.97559,483.8
908.09161,485.2
908.2077,480.8
908.32373,477.6
908.43976,480.0
908.55579,480.4
908.67181,483.2
908.78784,480.2
908.90387,480.6
909.0199,482.0
909.13586,478.4
909.25189,477.8
909.36792,485.6
909.48389,477.8
909.59991,483.0
909.71588,479.6
909.83185,484.4
909.94788,477.4
910.06384,478.2
910.17981,481.4
910.29578,480.8
910.41174,479.6
910.52771,479.2
910.64368,481.4
910.75958,479.0
910.87555,481.2
910.99152,478.4
911.10742,480.0
911.22339,479.8
911.33929,479.6
911.4552,478.2
911.57117,475.6
911.68707,484.6
911.80298,487.6
911.91888,476.8
912.03479,475.6
912.1507,482.0
912.2666,479.2
912.38245,483.4
912.49835,480.0
912.61426,481.4
912.7301,477.2
912.84601,478.6
792.4458,1034.0
792.56488,1020.4
792.68396,1012.6
792.8031,1015.4
792.92218,989.6
793.04126,964.6
793.16034,978.6
793.27942,959.8
793.3985,936.2
793.51758,924.2
793.63672,900.8
793.7558,887.6
793.87488,901.2
793.9939,886.4
794.11298,880.2
794.23206,863.8
794.35114,856.4
794.47021,848.0
794.58929,829.2
794.70831,810.4
794.82739,823.6
794.94647,818.4
795.06549,808.4
795.18457,800.8
795.30365,786.2
795.42267,771.6
795.54175,768.6
795.66077,767.4
795.77985,762.2
795.89886,762.0
796.01794,767.2
796.13696,753.8
796.25598,750.4
796.375,741.6
796.49408,742.2
796.6131,735.2
796.73212,729.0
796.85114,726.6
796.97015,721.6
797.08923,715.6
797.20825,718.2
797.32727,710.8
797.44629,709.6
797.56531,702.2
797.68427,697.6
797.80328,699.4
797.9223,698.4
798.04132,695.8
798.16034,698.2
798.27936,691.8
798.39832,692.2
798.51733,688.8
798.63635,687.4
798.75531,682.6
798.87433,684.2
798.99329,677.2
799.1123,671.6
799.23126,677.0
799.35028,683.4
799.46924,675.8
799.58826,677.4
799.70721,673.6
799.82617,674.6
799.94519,673.8
800.06415,670.0
800.18311,666.0
800.30206,667.6
800.42102,669.2
800.54004,669.2
800.659,670.0
800.77795,664.8
800.89691,660.6
801.01587,664.2
801.13483,658.0
801.25372,660.8
801.37268,654.4
801.49164,660.6
801.6106,664.8
801.72955,658.6
801.84845,654.6
801.96741,659.4
802.08636,656.0
802.20526,655.8
802.32422,647.6
802.44318,654.2
802.56207,651.0
802.68103,657.6
802.79993,654.8
802.91882,651.0
803.03778,655.0
803.15668,649.6
803.27557,647.0
803.39453,649.2
803.51343,647.2
803.63232,648.2
803.75122,645.6
803.87012,645.6
803.98907,641.6
804.10797,644.6
804.22687,640.6
804.34576,639.6
804.46466,643.0
804.58356,641.8
804.70239,638.8
804.82129,641.2
804.94019,642.8
805.05908,642.2
805.17798,641.4
805.29681,644.8
805.41571,649.2
805.53461,643.8
805.65344,641.8
805.77234,641.8
805.89117,647.4
806.01007,652.8
806.12891,647.6
806.2478,643.2
806.36664,641.2
806.48547,649.6
806.60437,644.4
806.72321,649.0
806.84204,648.2
806.96088,641.2
807.07971,641.6
807.19861,641.6
807.31744,641.0
807.43628,647.2
807.55511,637.4
807.67395,644.2
807.79279,644.6
807.91162,644.4
808.0304,644.8
808.14923,647.8
808.26807,641.4
808.3869,646.0
808.50568,647.2
808.62451,648.0
808.74335,645.4
808.86212,646.0
808.98096,648.0
809.09979,641.0
809.21857,641.0
809.33734,646.2
809.45618,645.6
809.57495,648.8
809.69379,645.4
809.81256,649.8
809.93134,642.2
810.05011,641.0
810.16895,638.4
810.28772,649.0
810.40649,639.4
810.52527,652.2
810.64404,647.4
810.76282,650.2
810.88159,646.6
811.00037,647.4
811.11914,645.4
811.23792,647.4
811.35663,644.8
811.4754,651.2
811.59418,650.0
811.71295,650.4
811.83167,643.2
811.95044,644.0
812.06921,646.8
812.18793,641.4
812.3067,636.6
812.42542,643.8
812.54419,643.8
812.6629,650.0
812.78162,644.8
812.90039,649.8
813.0191,640.8
813.13782,641.2
813.25653,640.2
813.37524,636.6
813.49402,639.8
813.61273,643.4
813.73145,640.8
813.85016,639.8
813.96887,644.2
814.08759,640.2
814.2063,640.8
814.32495,641.6
814.44366,636.8
814.56238,640.6
814.68109,637.6
814.79974,631.0
814.91846,631.2
815.03717,636.4
815.15582,633.0
815.27454,635.8
815.39319,625.0
815.5119,622.8
815.63055,627.4
815.74927,629.8
815.86792,622.6
815.98657,632.2
816.10529,626.0
816.22394,634.8
816.34259,632.0
816.46124,636.4
816.5799,638.4
816.69855,639.2
816.8172,635.2
816.93585,635.2
817.0545,629.2
817.17316,626.0
817.29181,618.8
817.41046,622.6
817.52911,617.0
817.64771,624.4
817.76636,607.2
817.88501,615.2
818.0036,618.2
818.12225,610.6
818.24091,604.6
818.3595,610.2
818.47815,609.0
818.59674,607.6
818.71533,603.4
818.83398,603.6
818.95258,604.6
819.07117,603.2
819.18976,606.0
819.30841,602.4
819.427,607.2
819.54559,606.0
819.66418,598.4
819.78278,604.8
819.90137,599.8
820.01996,594.8
820.13855,589.2
820.25714,597.2
820.37573,598.2
820.49426,596.0
820.61285,594.0
820.73145,594.4
820.84998,591.6
820.96857,588.0
821.08716,589.6
821.20569,589.4
821.32428,585.0
821.44281,582.2
821.56134,583.0
821.67993,587.6
821.79846,582.2
821.91699,585.6
822.03558,588.2
822.15411,586.2
822.27264,581.2
822.39117,581.0
822.5097,581.2
822.62823,578.6
822.74677,578.8
822.8653,576.8
822.98383,578.8
823.10236,577.6
823.22089,573.2
823.33942,578.8
823.45789,581.0
823.57642,582.0
823.69495,581.2
823.81342,577.8
823.93195,571.6
824.05042,577.4
824.16895,579.6
824.28741,581.4
824.40594,577.8
824.52441,575.8
824.64288,579.6
824.76141,582.2
824.87988,577.2
824.99835,581.2
825.11682,579.6
825.23529,584.8
825.35376,582.4
825.47223,579.4
825.5907,581.2
825.70917,574.0
825.82764,578.2
825.94611,570.8
826.06458,578.2
826.18304,576.8
826.30145,577.6
826.41992,582.6
826.53839,583.0
826.6568,574.6
826.77527,578.8
826.89368,583.8
827.01215,584.2
827.13055,580.4
827.24902,574.6
827.36743,580.0
827.48584,575.8
827.60431,573.6
827.72272,573.2
827.84113,566.2
827.95953,568.4
828.07794,564.0
828.19635,562.0
828.31476,563.4
828.43317,564.2
828.55157,563.8
828.66998,563.4
828.78839,573.6
828.90674,565.6
829.02515,571.8
829.14355,561.0
829.2619,560.8
829.38031,567.0
829.49872,563.2
829.61707,550.4
829.73547,562.2
829.85382,558.0
829.97217,561.0
830.09058,566.6
830.20892,564.8
830.32727,558.6
830.44562,565.4
830.56403,561.6
830.68237,562.6
830.80072,558.8
830.91907,567.2
831.03741,559.2
831.15576,565.0
831.27411,559.2
831.3924,563.6
831.51074,563.6
831.62909,563.2
831.74744,554.8
831.86572,566.2
831.98407,566.8
832.10242,566.4
832.2207,564.6
832.33905,560.4
832.45734,562.4
832.57562,564.0
832.69397,559.6
832.81226,562.0
832.93054,561.2
833.04889,563.2
833.16718,559.8
833.28546,562.6
833.40375,566.8
833.52203,564.2
833.64032,562.0
833.75861,562.8
833.87689,566.0
833.99518,570.2
834.1134,567.8
834.23169,568.0
834.34998,567.6
834.46826,575.8
834.58649,566.0
834.70477,573.8
834.823,572.0
834.94128,570.8
835.05951,572.2
835.1778,569.0
835.29602,564.0
835.41425,566.8
835.53253,563.2
835.65076,564.0
835.76898,567.2
835.88721,569.8
836.00543,565.4
836.12366,575.2
836.24188,565.6
836.36011,563.4
836.47833,564.8
836.59656,569.2
836.71478,563.6
836.83295,565.8
836.95117,563.0
837.0694,567.0
837.18756,559.4
837.30579,569.4
837.42401,564.2
837.54218,562.8
837.66034,558.0
837.77856,568.0
837.89673,566.4
838.01489,569.8
838.13312,564.2
838.25128,570.2
838.36945,569.0
838.48761,567.6
838.60577,570.6
838.72394,571.2
838.8421,572.0
838.96027,569.6
839.07843,567.2
839.19659,571.4
839.31476,568.4
839.43286,579.8
839.55103,572.8
839.66919,580.6
839.78729,573.8
839.90546,578.0
840.02356,571.0
840.14172,575.4
840.25983,566.0
840.37793,570.0
840.49609,568.6
840.6142,570.8
840.7323,567.6
840.8504,572.6
840.96851,574.6
841.08661,577.2
841.20471,580.6
841.32281,580.4
841.44092,572.6
841.55902,580.0
841.67712,574.6
841.79523,585.4
841.91327,576.8
842.03137,583.0
842.14948,576.4
842.26752,574.4
842.38562,574.2
842.50366,573.2
842.62177,577.2
842.73981,577.4
842.85791,578.8
842.97595,584.2
843.09399,587.0
843.21204,583.0
843.33008,584.2
843.44818,581.2
843.56622,581.2
843.68427,586.2
843.80231,588.2
843.92029,593.0
844.03833,589.2
844.15637,594.4
844.27441,590.0
844.39246,591.4
844.51044,587.0
844.62848,587.4
844.74646,582.0
844.8645,589.4
844.98248,586.2
845.10052,585.8
845.21851,586.8
845.33649,588.4
845.45453,583.8
845.57251,585.2
845.69049,578.2
845.80847,585.8
845.92645,589.0
846.04443,586.4
846.16241,584.0
846.2804,588.8
846.39838,592.4
846.51636,595.6
846.63434,597.8
846.75226,602.8
846.87024,599.0
846.98822,598.8
847.10614,589.6
847.22412,593.2
847.34204,594.0
847.46002,594.8
847.57794,592.8
847.69586,590.6
847.81384,590.0
847.93176,589.8
848.04968,591.4
848.1676,588.4
848.28552,587.2
848.40344,587.6
848.52136,581.2
848.63928,587.4
848.7572,585.6
848.87512,585.6
848.99304,579.2
849.1109,587.0
849.22882,579.2
849.34674,581.4
849.4646,586.4
849.58252,587.0
849.70038,579.8
849.8183,582.4
849.93616,576.0
850.05402,584.6
850.17194,582.6
850.28979,577.8
850.40765,578.6
850.52551,588.6
850.64337,585.4
850.76123,589.2
850.87909,581.8
850.99695,582.4
851.11481,578.2
851.23267,582.4
851.35046,582.0
851.46832,578.0
851.58618,576.4
851.70398,581.0
851.82184,583.0
851.93964,587.6
852.0575,596.6
852.17529,609.8
852.29315,601.4
852.41095,597.4
852.52875,576.4
852.64655,574.8
852.7644,572.2
852.8822,571.4
853.0,569.8
853.1178,568.6
853.2356,567.0
853.35333,566.0
853.47113,574.2
853.58893,570.4
853.70673,568.4
853.82446,571.8
853.94226,568.8
854.06006,572.4
854.1778,576.0
854.29559,578.0
854.41333,577.4
854.53107,580.0
854.64886,573.0
854.7666,570.0
854.88434,575.0
855.00208,573.4
855.11981,570.4
855.23761,574.8
855.35535,578.8
855.47302,569.6
855.59076,573.6
855.7085,572.8
855.82623,570.4
855.94397,575.8
856.06165,570.4
856.17938,573.6
856.29712,569.8
856.41479,581.4
856.53253,574.4
856.65021,573.2
856.76788,572.0
856.88562,569.4
857.0033,569.6
857.12097,572.2
857.23865,568.2
857.35632,565.2
857.474,568.4
857.59167,569.4
857.70935,573.2
857.82703,573.4
857.9447,566.6
858.06238,573.8
858.18005,569.6
858.29767,571.4
858.41534,563.0
858.53296,565.6
858.65063,573.0
858.76825,566.6
858.88593,566.4
859.00354,566.4
859.12115,559.6
859.23883,563.8
859.35645,567.2
859.47406,565.2
859.59167,565.8
859.70929,565.2
859.8269,562.0
859.94452,561.2
860.06213,570.4
860.17975,565.4
860.29736,558.2
860.41492,559.2
860.53253,559.6
860.65009,554.0
860.7677,556.2
860.88525,566.4
861.00287,559.4
861.12042,565.0
861.23804,562.4
861.35559,562.4
861.47314,558.6
861.5907,560.4
861.70825,558.6
861.82581,556.6
861.94336,548.0
862.06091,548.4
862.17847,551.6
862.29602,551.8
862.41357,547.0
862.53113,546.4
862.64862,544.2
862.76617,549.6
862.88367,549.2
863.00122,553.0
863.11871,547.6
863.23627,553.0
863.35376,548.0
863.47125,552.4
863.58881,554.6
863.7063,549.6
863.82379,547.6
863.94128,543.2
864.05878,546.8
864.17627,550.0
864.29376,550.2
864.41125,545.6
864.52869,544.8
864.64618,547.0
864.76367,544.8
864.8811,551.8
864.9986,551.0
865.11609,551.6
865.23352,544.8
865.35095,550.0
865.46844,543.4
865.58588,545.2
865.70331,545.6
865.82074,548.4
865.93823,544.0
866.05566,546.0
866.1731,545.6
866.29053,548.6
866.4079,548.4
866.52533,545.8
866.64276,549.6
866.76019,549.2
866.87756,546.4
866.995,555.2
867.11243,553.0
867.2298,553.6
867.34723,552.4
867.4646,553.0
867.58197,551.6
867.6994,551.4
867.81677,551.8
867.93414,548.2
868.05151,551.8
868.16888,544.2
868.28625,549.4
868.40363,551.0
868.521,548.6
868.63837,556.2
868.75568,552.4
868.87305,561.2
868.99042,559.2
869.10773,558.8
869.2251,554.0
869.34241,563.0
869.45978,552.6
869.57709,559.2
869.69446,557.4
869.81177,559.0
869.92908,562.8
870.04639,566.4
870.1637,559.0
870.28101,562.4
870.39832,555.2
870.51563,563.8
870.63293,565.4
870.75024,563.8
870.86749,562.4
870.9848,563.8
871.10211,563.2
871.21936,565.0
871.33667,563.2
871.45392,565.4
871.57123,563.0
871.68848,559.4
871.80573,558.2
871.92297,563.6
872.04028,557.6
872.15753,562.8
872.27478,561.6
872.39203,559.4
872.50928,555.6
872.62646,560.2
872.74371,556.2
872.86096,558.0
872.97821,559.0
873.0954,553.8
873.21265,555.8
873.32983,554.4
873.44708,558.0
873.56427,560.8
873.68152,557.2
873.79871,561.4
873.91589,557.4
874.03308,562.6
874.15027,558.8
874.26746,557.6
874.38464,561.2
874.50183,559.2
874.61902,557.2
874.73621,558.8
874.85339,559.2
874.97052,558.2
875.08771,557.0
875.2049,556.2
875.32202,558.8
875.43921,567.0
875.55634,565.2
875.67346,569.2
875.79065,559.0
875.90778,569.2
876.0249,562.4
876.14203,558.8
876.25916,561.8
876.37628,564.0
876.49341,558.2
876.61053,564.2
876.72766,563.2
876.84473,565.8
876.96185,557.6
877.07898,562.8
877.19604,569.8
877.31317,561.8
877.43024,560.8
877.54736,564.2
877.66443,562.4
877.78149,556.6
877.89856,557.0
878.01569,558.8
878.13275,550.4
878.24982,547.6
878.36688,551.2
878.48395,553.4
878.60095,549.8
878.71802,550.4
878.83508,545.0
878.95215,542.6
879.06915,547.0
879.18622,549.4
879.30322,536.8
879.42029,541.8
879.53729,547.6
879.6543,544.2
879.77136,537.0
879.88837,548.8
880.00537,536.6
880.12238,540.2
880.23938,539.8
880.35638,541.2
880.47339,538.8
880.59039,541.8
880.70734,540.0
880.82434,543.4
880.94135,543.8
881.05829,541.8
881.17529,539.4
881.29224,541.8
881.40924,543.2
881.52618,542.6
881.64313,538.2
881.76007,543.0
881.87701,540.0
881.99402,548.6
882.11096,545.4
882.22791,540.4
882.34479,542.8
882.46173,543.8
882.57867,548.0
882.69562,545.8
882.8125,545.8
882.92944,551.0
883.04639,550.2
883.16327,549.0
883.28015,547.6
883.39709,544.4
883.51398,551.4
883.63086,550.8
883.74774,549.0
883.86462,557.8
883.98157,550.2
884.09839,553.4
884.21527,550.6
884.33215,549.2
884.44904,553.8
884.56592,556.4
884.68274,552.0
884.79962,557.0
884.9165,564.8
885.03333,563.8
885.15015,571.6
885.26703,568.0
885.38385,568.4
885.50067,577.6
885.61749,574.2
885.73438,576.6
885.8512,575.6
885.96802,575.2
886.08478,566.4
886.2016,563.6
886.31842,563.4
886.43524,563.6
886.55206,561.4
886.66882,559.8
886.78564,554.2
886.9024,560.4
887.01923,554.0
887.13599,556.8
887.25275,550.0
887.36951,553.2
887.48633,551.0
887.60309,549.6
887.71985,539.2
887.83661,538.8
887.95337,536.2
888.07007,538.4
888.18683,540.8
888.30359,532.0
888.42035,526.6
888.53705,533.0
888.65381,527.6
888.77051,528.4
888.88721,520.6
889.00397,529.2
889.12067,524.2
889.23737,520.2
889.35406,523.0
889.47083,522.4
889.58752,521.8
889.70416,525.8
889.82086,522.4
889.93756,526.8
890.05426,525.2
890.17096,524.4
890.2876,524.6
890.4043,523.0
890.52094,523.0
890.63763,522.6
890.75427,521.6
890.87091,525.4
890.98761,525.0
891.10425,522.0
891.22089,520.2
891.33752,524.4
891.45416,521.6
891.5708,522.4
891.68744,519.4
891.80408,523.8
891.92065,523.0
892.03729,520.0
892.15393,520.8
892.27051,528.8
892.38715,519.6
892.50372,521.4
892.6203,525.2
892.73694,525.8
892.85352,524.8
892.97009,524.8
893.08667,531.0
893.20325,522.6
893.31982,530.2
893.4364,532.4
893.55298,521.4
893.66956,532.6
893.78607,525.2
893.90265,528.6
894.01917,528.0
894.13574,528.4
894.25226,521.6
894.36884,528.4
894.48535,528.2
894.60187,529.4
894.71838,525.0
894.8349,526.6
894.95148,524.0
895.06793,528.0
895.18445,526.6
895.30096,526.8
895.41748,525.4
895.534,523.4
895.65045,525.0
895.76697,525.8
895.88342,526.8
895.99994,520.6
896.11639,521.8
896.23291,522.6
896.34937,518.0
896.46582,525.6
896.58228,522.8
896.69873,524.4
896.81519,521.4
896.93164,522.2
897.0481,525.6
897.16455,525.8
897.28094,528.2
897.3974,523.2
897.51385,527.8
897.63025,532.2
897.7467,530.8
897.8631,533.0
897.97949,521.4
898.09595,528.8
898.21234,525.8
898.32874,526.8
898.44513,529.0
898.56152,526.8
898.67792,522.6
898.79431,523.4
898.91064,527.0
899.02704,530.6
899.14343,524.4
899.25977,526.4
899.37616,524.0
899.49249,528.2
899.60889,522.8
899.72522,533.8
899.84155,522.0
899.95789,531.0
900.07428,521.4
900.19061,532.0
900.30695,524.0
900.42322,533.8
900.53955,520.2
900.65588,530.2
900.77222,526.8
900.88849,533.0
901.00482,527.6
901.12109,530.8
901.23743,532.8
901.3537,534.6
901.47003,536.6
901.5863,533.2
901.70258,533.6
901.81885,542.6
901.93512,542.4
902.05139,540.0
902.16766,540.4
902.28394,542.8
902.40021,542.6
902.51642,544.0
902.63269,542.6
902.7489,539.0
902.86517,534.4
902.98138,536.8
903.09766,540.2
903.21387,539.6
903.33008,534.8
903.44629,538.6
903.5625,529.6
903.67871,531.8
903.79492,533.0
903.91113,529.8
904.02734,527.0
904.14355,532.8
904.2597,523.4
904.37592,522.6
904.49207,517.6
904.60828,525.2
904.72443,517.2
904.84064,523.6
904.95679,521.4
905.07294,522.4
905.18909,517.0
905.30524,514.6
905.42139,515.2
905.53754,514.6
905.65369,510.0
905.76984,511.8
905.88593,513.2
906.00208,516.8
906.11816,507.6
906.23431,503.6
906.3504,507.2
906.46655,503.6
906.58264,502.8
906.69873,507.2
906.81482,504.4
906.93091,502.6
907.047,504.0
907.16309,501.6
907.27917,502.8
907.39526,506.4
907.51135,503.0
907.62738,497.6
907.74347,504.0
907.8595,501.8
907.97559,503.8
908.09161,504.8
908.2077,499.0
908.32373,502.0
908.43976,496.4
908.55579,496.2
908.67181,495.8
908.78784,504.6
908.90387,498.6
909.0199,498.0
909.13586,502.2
909.25189,500.2
909.36792,498.0
909.48389,503.2
909.59991,500.0
909.71588,500.0
909.83185,503.4
909.94788,497.8
910.06384,495.2
910.17981,501.8
910.29578,498.6
910.41174,501.8
910.52771,499.2
910.64368,502.6
910.75958,492.8
910.87555,499.8
910.99152,502.2
911.10742,501.0
911.22339,493.0
911.33929,498.0
911.4552,498.4
911.57117,492.2
911.68707,497.2
911.80298,499.4
911.91888,496.4
912.03479,496.0
912.1507,497.2
912.2666,496.6
912.38245,493.2
912.49835,494.8
912.61426,495.4
912.7301,496.4
912.84601,496.8
792.4458,793.8
792.56488,774.0
792.68396,782.6
792.8031,768.6
792.92218,755.8
793.04126,744.6
793.16034,751.8
793.27942,744.0
793.3985,734.4
793.51758,718.8
793.63672,707.4
793.7558,712.6
793.87488,710.8
793.9939,704.4
794.11298,707.8
794.23206,693.4
794.35114,683.4
794.47021,682.8
794.58929,678.6
794.70831,679.8
794.82739,678.0
794.94647,668.2
795.06549,668.0
795.18457,664.4
795.30365,661.8
795.42267,651.2
795.54175,650.6
795.66077,652.4
795.77985,647.0
795.89886,647.2
796.01794,648.0
796.13696,643.4
796.25598,643.8
796.375,638.2
796.49408,640.2
796.6131,636.0
796.73212,632.8
796.85114,637.4
796.97015,629.8
797.08923,624.6
797.20825,632.2
797.32727,623.4
797.44629,624.6
797.56531,623.6
797.68427,630.0
797.80328,620.2
797.9223,619.8
798.04132,612.8
798.16034,622.4
798.27936,611.8
798.39832,615.2
798.51733,607.0
798.63635,615.8
798.75531,613.6
798.87433,609.0
798.99329,605.2
799.1123,605.6
799.23126,604.0
799.35028,615.0
799.46924,610.4
799.58826,610.8
799.70721,606.4
799.82617,611.6
799.94519,603.4
800.06415,604.2
800.18311,608.0
800.30206,603.6
800.42102,602.8
800.54004,607.4
800.659,609.6
800.77795,610.2
800.89691,602.4
801.01587,607.2
801.13483,606.6
801.25372,604.2
801.37268,606.2
801.49164,609.0
801.6106,606.2
801.72955,607.4
801.84845,604.0
801.96741,608.8
802.08636,601.4
802.20526,602.6
802.32422,601.4
802.44318,608.0
802.56207,605.8
802.68103,605.4
802.79993,602.4
802.91882,605.2
803.03778,606.0
803.15668,605.8
803.27557,613.0
803.39453,599.2
803.51343,605.4
803.63232,606.0
803.75122,604.8
803.87012,603.4
803.98907,601.6
804.10797,602.6
804.22687,600.6
804.34576,606.0
804.46466,602.8
804.58356,600.4
804.70239,599.4
804.82129,604.8
804.94019,601.2
805.05908,604.2
805.17798,600.4
805.29681,608.6
805.41571,610.2
805.53461,609.8
805.65344,605.2
805.77234,613.2
805.89117,606.6
806.01007,611.2
806.12891,615.8
806.2478,615.2
806.36664,607.4
806.48547,612.0
806.60437,605.8
806.72321,610.0
806.84204,608.4
806.96088,613.0
807.07971,605.8
807.19861,617.4
807.31744,618.0
807.43628,616.0
807.55511,605.4
807.67395,608.2
807.79279,612.8
807.91162,610.6
808.0304,610.0
808.14923,613.4
808.26807,607.2
808.3869,618.8
808.50568,618.8
808.62451,607.4
808.74335,616.6
808.86212,614.4
808.98096,617.2
809.09979,611.8
809.21857,612.0
809.33734,618.2
809.45618,614.8
809.57495,615.4
809.69379,615.4
809.81256,614.8
809.93134,612.6
810.05011,613.4
810.16895,616.0
810.28772,610.6
810.40649,609.0
810.52527,615.4
810.64404,614.0
810.76282,618.6
810.88159,613.4
811.00037,615.4
811.11914,609.6
811.23792,610.2
811.35663,610.0
811.4754,614.8
811.59418,615.4
811.71295,617.0
811.83167,617.2
811.95044,614.2
812.06921,613.8
812.18793,612.4
812.3067,620.8
812.42542,611.6
812.54419,616.6
812.6629,615.2
812.78162,610.4
812.90039,613.8
813.0191,608.6
813.13782,610.0
813.25653,614.6
813.37524,611.0
813.49402,608.0
813.61273,608.6
813.73145,609.8
813.85016,614.4
813.96887,607.2
814.08759,606.4
814.2063,608.2
814.32495,609.8
814.44366,612.2
814.56238,604.4
814.68109,606.4
814.79974,606.4
814.91846,601.4
815.03717,607.6
815.15582,599.4
815.27454,602.4
815.39319,600.8
815.5119,594.6
815.63055,603.6
815.74927,592.4
815.86792,598.0
815.98657,603.8
816.10529,605.0
816.22394,601.8
816.34259,602.2
816.46124,611.0
816.5799,610.6
816.69855,607.0
816.8172,602.6
816.93585,601.6
817.0545,600.4
817.17316,590.4
817.29181,589.6
817.41046,594.6
817.52911,588.4
817.64771,589.4
817.76636,579.4
817.88501,584.4
818.0036,580.2
818.12225,578.2
818.24091,578.2
818.3595,574.4
818.47815,576.6
818.59674,578.6
818.71533,570.2
818.83398,570.2
818.95258,568.6
819.07117,569.8
819.18976,576.0
819.30841,564.6
819.427,573.8
819.54559,570.8
819.66418,565.0
819.78278,567.8
819.90137,567.4
820.01996,562.2
820.13855,563.2
820.25714,565.4
820.37573,566.6
820.49426,562.6
820.61285,561.4
820.73145,557.4
820.84998,556.6
820.96857,555.0
821.08716,556.4
821.20569,559.6
821.32428,553.4
821.44281,555.4
821.56134,556.4
821.67993,555.6
821.79846,560.6
821.91699,558.0
822.03558,554.0
822.15411,556.6
822.27264,554.0
822.39117,550.4
822.5097,554.8
822.62823,545.6
822.74677,549.8
822.8653,548.2
822.98383,556.2
823.10236,554.2
823.22089,553.0
823.33942,549.2
823.45789,547.4
823.57642,553.6
823.69495,551.4
823.81342,550.0
823.93195,553.0
824.05042,554.0
824.16895,554.4
824.28741,552.6
824.40594,552.4
824.52441,552.4
824.64288,548.4
824.76141,549.0
824.87988,547.6
824.99835,546.0
825.11682,549.6
825.23529,545.8
825.35376,549.4
825.47223,547.2
825.5907,548.0
825.70917,550.6
825.82764,551.8
825.94611,545.2
826.06458,549.4
826.18304,544.8
826.30145,551.0
826.41992,546.8
826.53839,550.4
826.6568,550.2
826.77527,548.8
826.89368,553.8
827.01215,551.8
827.13055,545.2
827.24902,545.0
827.36743,545.0
827.48584,542.0
827.60431,544.6
827.72272,540.2
827.84113,540.2
827.95953,538.2
828.07794,541.6
828.19635,536.6
828.31476,543.8
828.43317,537.6
828.55157,538.6
828.66998,543.8
828.78839,543.2
828.90674,540.4
829.02515,539.0
829.14355,543.4
829.2619,539.0
829.38031,537.0
829.49872,536.4
829.61707,535.2
829.73547,538.6
829.85382,539.6
829.97217,539.8
830.09058,531.8
830.20892,541.2
830.32727,535.6
830.44562,538.0
830.56403,533.8
830.68237,543.6
830.80072,542.6
830.91907,536.4
831.03741,534.8
831.15576,536.2
831.27411,531.0
831.3924,536.4
831.51074,539.2
831.62909,536.8
831.74744,536.6
831.86572,535.2
831.98407,544.2
832.10242,538.2
832.2207,539.0
832.33905,537.0
832.45734,537.8
832.57562,536.2
832.69397,536.0
832.81226,542.0
832.93054,532.6
833.04889,536.4
833.16718,535.6
833.28546,534.0
833.40375,545.8
833.52203,535.6
833.64032,540.0
833.75861,536.8
833.87689,541.6
833.99518,544.2
834.1134,545.0
834.23169,541.6
834.34998,540.6
834.46826,542.6
834.58649,543.0
834.70477,541.8
834.823,538.2
834.94128,543.6
835.05951,541.4
835.1778,543.4
835.29602,541.4
835.41425,541.6
835.53253,538.2
835.65076,542.0
835.76898,544.0
835.88721,543.8
836.00543,548.8
836.12366,543.4
836.24188,541.0
836.36011,542.4
836.47833,541.6
836.59656,549.6
836.71478,545.6
836.83295,544.2
836.95117,543.0
837.0694,543.6
837.18756,540.4
837.30579,540.4
837.42401,544.2
837.54218,542.8
837.66034,536.8
837.77856,540.8
837.89673,547.8
838.01489,546.8
838.13312,543.2
838.25128,538.8
838.36945,540.6
838.48761,541.0
838.60577,545.6
838.72394,546.0
838.8421,543.6
838.96027,541.8
839.07843,540.4
839.19659,545.8
839.31476,539.0
839.43286,544.2
839.55103,542.2
839.66919,548.8
839.78729,549.2
839.90546,544.2
840.02356,546.0
840.14172,546.8
840.25983,541.4
840.37793,545.0
840.49609,541.4
840.6142,540.8
840.7323,537.2
840.8504,542.0
840.96851,537.6
841.08661,543.6
841.20471,541.6
841.32281,545.2
841.44092,536.8
841.55902,539.6
841.67712,538.8
841.79523,542.4
841.91327,533.4
842.03137,546.0
842.14948,543.2
842.26752,537.2
842.38562,536.2
842.50366,541.4
842.62177,536.8
842.73981,537.0
842.85791,541.0
842.97595,542.0
843.09399,541.6
843.21204,542.4
843.33008,545.2
843.44818,547.6
843.56622,540.4
843.68427,538.2
843.80231,543.2
843.92029,544.4
844.03833,547.0
844.15637,538.2
844.27441,541.8
844.39246,542.0
844.51044,537.4
844.62848,541.4
844.74646,541.2
844.8645,543.2
844.98248,541.0
845.10052,541.6
845.21851,543.8
845.33649,542.8
845.45453,539.0
845.57251,543.8
845.69049,537.2
845.80847,541.2
845.92645,540.8
846.04443,537.6
846.16241,542.8
846.2804,538.8
846.39838,543.6
846.51636,545.8
846.63434,546.8
846.75226,546.2
846.87024,540.6
846.98822,540.0
847.10614,543.4
847.22412,543.2
847.34204,542.6
847.46002,539.0
847.57794,545.8
847.69586,549.0
847.81384,546.2
847.93176,543.8
848.04968,547.8
848.1676,538.6
848.28552,546.2
848.40344,542.8
848.52136,540.6
848.63928,539.6
848.7572,545.0
848.87512,545.6
848.99304,541.0
849.1109,540.6
849.22882,537.4
849.34674,544.4
849.4646,541.4
849.58252,539.8
849.70038,543.4
849.8183,542.0
849.93616,539.6
850.05402,543.8
850.17194,545.2
850.28979,543.2
850.40765,542.6
850.52551,546.6
850.64337,540.4
850.76123,541.2
850.87909,541.2
850.99695,544.6
851.11481,538.4
851.23267,542.8
851.35046,544.0
851.46832,537.2
851.58618,538.6
851.70398,540.0
851.82184,535.8
851.93964,542.8
852.0575,549.2
852.17529,555.4
852.29315,555.4
852.41095,545.6
852.52875,542.8
852.64655,539.2
852.7644,542.8
852.8822,536.2
853.0,538.8
853.1178,536.6
853.2356,536.6
853.35333,532.6
853.47113,542.4
853.58893,529.2
853.70673,534.2
853.82446,538.6
853.94226,541.0
854.06006,537.0
854.1778,537.2
854.29559,537.8
854.41333,536.8
854.53107,540.2
854.64886,540.2
854.7666,536.0
854.88434,540.0
855.00208,538.8
855.11981,539.8
855.23761,543.6
855.35535,541.4
855.47302,539.6
855.59076,535.2
855.7085,537.6
855.82623,538.2
855.94397,538.2
856.06165,545.2
856.17938,540.2
856.29712,541.6
856.41479,538.8
856.53253,532.8
856.65021,534.4
856.76788,536.6
856.88562,540.2
857.0033,535.4
857.12097,533.0
857.23865,540.6
857.35632,534.2
857.474,538.0
857.59167,535.6
857.70935,536.0
857.82703,538.2
857.9447,531.8
858.06238,539.4
858.18005,536.4
858.29767,532.4
858.41534,534.0
858.53296,535.8
858.65063,534.4
858.76825,538.2
858.88593,534.0
859.00354,535.2
859.12115,535.0
859.23883,537.8
859.35645,536.4
859.47406,534.0
859.59167,534.8
859.70929,539.2
859.8269,531.4
859.94452,534.2
860.06213,538.2
860.17975,536.2
860.29736,529.4
860.41492,527.8
860.53253,526.2
860.65009,527.2
860.7677,524.0
860.88525,533.8
861.00287,531.0
861.12042,528.4
861.23804,533.4
861.35559,537.8
861.47314,533.2
861.5907,533.6
861.70825,527.8
861.82581,530.8
861.94336,530.2
862.06091,521.4
862.17847,531.4
862.29602,521.2
862.41357,525.0
862.53113,524.6
862.64862,524.2
862.76617,523.6
862.88367,525.6
863.00122,528.4
863.11871,529.2
863.23627,531.4
863.35376,527.8
863.47125,530.6
863.58881,526.8
863.7063,531.8
863.82379,524.4
863.94128,524.8
864.05878,525.2
864.17627,522.8
864.29376,524.0
864.41125,529.6
864.52869,526.6
864.64618,524.6
864.76367,524.4
864.8811,526.6
864.9986,522.8
865.11609,525.0
865.23352,519.6
865.35095,522.0
865.46844,520.2
865.58588,525.4
865.70331,524.0
865.82074,526.0
865.93823,523.2
866.05566,523.2
866.1731,523.2
866.29053,517.0
866.4079,525.6
866.52533,530.8
866.64276,528.2
866.76019,525.8
866.87756,527.2
866.995,529.0
867.11243,520.8
867.2298,527.4
867.34723,522.4
867.4646,521.0
867.58197,522.8
867.6994,527.2
867.81677,527.2
867.93414,520.6
868.05151,523.0
868.16888,528.0
868.28625,523.0
868.40363,528.4
868.521,526.0
868.63837,519.6
868.75568,524.8
868.87305,527.2
868.99042,529.0
869.10773,528.4
869.2251,531.0
869.34241,529.0
869.45978,528.6
869.57709,535.2
869.69446,531.8
869.81177,529.2
869.92908,529.8
870.04639,530.0
870.1637,529.0
870.28101,532.6
870.39832,525.4
870.51563,528.8
870.63293,533.4
870.75024,531.8
870.86749,533.6
870.9848,528.6
871.10211,532.2
871.21936,527.0
871.33667,535.8
871.45392,532.0
871.57123,531.8
871.68848,527.6
871.80573,529.6
871.92297,532.4
872.04028,528.2
872.15753,533.6
872.27478,526.8
872.39203,526.2
872.50928,524.2
872.62646,530.0
872.74371,534.0
872.86096,529.2
872.97821,524.6
873.0954,526.0
873.21265,522.8
873.32983,523.2
873.44708,527.2
873.56427,531.6
873.68152,523.4
873.79871,532.6
873.91589,525.8
874.03308,526.8
874.15027,528.2
874.26746,527.4
874.38464,524.4
874.50183,528.4
874.61902,527.2
874.73621,527.8
874.85339,525.8
874.97052,529.0
875.08771,528.2
875.2049,530.8
875.32202,521.8
875.43921,531.4
875.55634,530.2
875.67346,525.6
875.79065,530.6
875.90778,528.0
876.0249,531.6
876.14203,523.4
876.25916,527.6
876.37628,534.4
876.49341,532.4
876.61053,533.0
876.72766,524.8
876.84473,530.8
876.96185,526.4
877.07898,527.2
877.19604,530.4
877.31317,529.4
877.43024,532.0
877.54736,529.0
877.66443,530.8
877.78149,530.8
877.89856,524.2
878.01569,527.2
878.13275,523.8
878.24982,527.0
878.36688,524.4
878.48395,523.6
878.60095,520.6
878.71802,522.6
878.83508,523.6
878.95215,519.4
879.06915,518.2
879.18622,519.2
879.30322,516.8
879.42029,523.2
879.53729,519.8
879.6543,522.2
879.77136,516.4
879.88837,516.8
880.00537,517.2
880.12238,524.2
880.23938,519.0
880.35638,519.2
880.47339,515.2
880.59039,521.0
880.70734,522.4
880.82434,516.2
880.94135,519.0
881.05829,520.0
881.17529,517.0
881.29224,521.4
881.40924,521.6
881.52618,519.4
881.64313,520.0
881.76007,520.8
881.87701,522.4
881.99402,521.2
882.11096,520.6
882.22791,520.8
882.34479,518.0
882.46173,527.2
882.57867,521.6
882.69562,523.4
882.8125,524.8
882.92944,523.2
883.04639,524.4
883.16327,522.8
883.28015,519.8
883.39709,523.8
883.51398,517.8
883.63086,518.6
883.74774,518.2
883.86462,525.0
883.98157,524.6
884.09839,523.0
884.21527,522.2
884.33215,518.6
884.44904,525.6
884.56592,525.0
884.68274,520.2
884.79962,525.2
884.9165,527.6
885.03333,531.0
885.15015,526.6
885.26703,525.4
885.38385,529.8
885.50067,531.2
885.61749,534.6
885.73438,539.2
885.8512,533.4
885.96802,536.4
886.08478,526.6
886.2016,534.2
886.31842,525.0
886.43524,527.6
886.55206,532.4
886.66882,530.0
886.78564,524.6
886.9024,532.4
887.01923,523.6
887.13599,525.0
887.25275,524.4
887.36951,521.8
887.48633,519.2
887.60309,519.0
887.71985,520.6
887.83661,518.4
887.95337,520.6
888.07007,513.6
888.18683,519.0
888.30359,515.6
888.42035,513.6
888.53705,515.8
888.65381,514.0
888.77051,515.8
888.88721,510.6
889.00397,514.4
889.12067,510.4
889.23737,510.6
889.35406,511.8
889.47083,504.6
889.58752,511.2
889.70416,515.6
889.82086,507.4
889.93756,517.2
890.05426,512.6
890.17096,512.6
890.2876,515.2
890.4043,512.6
890.52094,512.2
890.63763,512.0
890.75427,514.0
890.87091,514.8
890.98761,513.6
891.10425,512.2
891.22089,511.6
891.33752,513.0
891.45416,510.2
891.5708,509.6
891.68744,513.8
891.80408,514.8
891.92065,512.8
892.03729,515.6
892.15393,515.0
892.27051,515.0
892.38715,511.8
892.50372,517.4
892.6203,512.6
892.73694,518.2
892.85352,516.0
892.97009,512.6
893.08667,519.0
893.20325,518.4
893.31982,518.8
893.4364,516.4
893.55298,517.6
893.66956,518.6
893.78607,519.2
893.90265,519.6
894.01917,512.6
894.13574,517.6
894.25226,513.4
894.36884,515.4
894.48535,515.2
894.60187,516.8
894.71838,518.0
894.8349,521.4
894.95148,517.4
895.06793,513.6
895.18445,512.8
895.30096,514.6
895.41748,512.2
895.534,514.0
895.65045,509.4
895.76697,513.2
895.88342,514.2
895.99994,514.8
896.11639,508.8
896.23291,507.0
896.34937,508.8
896.46582,513.6
896.58228,512.8
896.69873,514.0
896.81519,514.0
896.93164,512.4
897.0481,513.6
897.16455,516.0
897.28094,515.0
897.3974,513.0
897.51385,515.8
897.63025,514.6
897.7467,511.0
897.8631,514.2
897.97949,512.8
898.09595,515.2
898.21234,515.8
898.32874,516.2
898.44513,517.0
898.56152,517.2
898.67792,511.0
898.79431,510.2
898.91064,511.8
899.02704,510.4
899.14343,517.0
899.25977,514.6
899.37616,507.0
899.49249,512.4
899.60889,514.8
899.72522,509.0
899.84155,511.0
899.95789,515.0
900.07428,516.4
900.19061,512.8
900.30695,515.0
900.42322,514.4
900.53955,506.6
900.65588,514.2
900.77222,516.8
900.88849,517.4
901.00482,512.4
901.12109,510.2
901.23743,512.8
901.3537,513.2
901.47003,507.8
901.5863,510.8
901.70258,516.2
901.81885,513.6
901.93512,516.2
902.05139,511.2
902.16766,517.6
902.28394,516.6
902.40021,518.4
902.51642,513.4
902.63269,513.2
902.7489,511.4
902.86517,514.2
902.98138,509.8
903.09766,513.0
903.21387,514.6
903.33008,516.2
903.44629,515.2
903.5625,513.0
903.67871,510.0
903.79492,511.6
903.91113,509.0
904.02734,504.8
904.14355,505.0
904.2597,505.6
904.37592,506.8
904.49207,503.6
904.60828,504.8
904.72443,506.6
904.84064,501.4
904.95679,501.0
905.07294,507.2
905.18909,503.4
905.30524,502.2
905.42139,503.0
905.53754,502.6
905.65369,496.6
905.76984,502.2
905.88593,504.6
906.00208,500.2
906.11816,499.2
906.23431,502.6
906.3504,498.2
906.46655,498.8
906.58264,494.0
906.69873,495.6
906.81482,497.8
906.93091,497.0
907.047,497.8
907.16309,494.8
907.27917,503.0
907.39526,492.8
907.51135,498.0
907.62738,496.4
907.74347,494.6
907.8595,498.0
907.97559,497.6
908.09161,496.2
908.2077,493.8
908.32373,501.4
908.43976,494.4
908.55579,490.0
908.67181,495.2
908.78784,497.6
908.90387,494.8
909.0199,492.2
909.13586,495.6
909.25189,495.4
909.36792,488.8
909.48389,494.8
909.59991,493.8
909.71588,493.6
909.83185,494.8
909.94788,499.8
910.06384,490.8
910.17981,494.0
910.29578,494.0
910.41174,491.4
910.52771,494.8
910.64368,491.0
910.75958,494.8
910.87555,494.4
910.99152,493.0
911.10742,490.0
911.22339,491.6
911.33929,496.8
911.4552,493.0
911.57117,492.4
911.68707,494.2
911.80298,495.4
911.91888,491.8
912.03479,490.0
912.1507,496.6
912.2666,492.8
912.38245,492.2
912.49835,495.0
912.61426,496.6
912.7301,491.2
912.84601,493.2
792.4458,810.6
792.56488,798.2
792.68396,792.6
792.8031,796.0
792.92218,763.6
793.04126,767.8
793.16034,766.8
793.27942,762.4
793.3985,749.0
793.51758,739.2
793.63672,732.4
793.7558,728.2
793.87488,731.2
793.9939,727.4
794.11298,716.8
794.23206,711.2
794.35114,708.8
794.47021,700.8
794.58929,689.4
794.70831,689.0
794.82739,698.2
794.94647,688.0
795.06549,692.4
795.18457,688.8
795.30365,677.0
795.42267,673.6
795.54175,669.4
795.66077,672.8
795.77985,670.6
795.89886,668.6
796.01794,670.4
796.13696,671.2
796.25598,669.4
796.375,652.8
796.49408,657.4
796.6131,661.8
796.73212,662.6
796.85114,655.6
796.97015,653.6
797.08923,647.0
797.20825,650.0
797.32727,650.0
797.44629,641.2
797.56531,649.2
797.68427,642.8
797.80328,647.6
797.9223,635.8
798.04132,636.6
798.16034,643.2
798.27936,635.8
798.39832,641.6
798.51733,636.0
798.63635,633.2
798.75531,631.8
798.87433,634.0
798.99329,631.4
799.1123,630.8
799.23126,628.8
799.35028,629.8
799.46924,631.6
799.58826,635.4
799.70721,630.0
799.82617,636.0
799.94519,621.0
800.06415,638.0
800.18311,630.6
800.30206,625.6
800.42102,634.8
800.54004,630.8
800.659,627.6
800.77795,628.6
800.89691,626.6
801.01587,626.2
801.13483,625.4
801.25372,631.0
801.37268,626.4
801.49164,628.4
801.6106,633.2
801.72955,629.8
801.84845,625.6
801.96741,625.6
802.08636,627.6
802.20526,625.2
802.32422,627.6
802.44318,633.4
802.56207,625.8
802.68103,625.6
802.79993,632.2
802.91882,630.2
803.03778,625.4
803.15668,627.0
803.27557,627.8
803.39453,629.0
803.51343,630.8
803.63232,626.4
803.75122,623.8
803.87012,629.6
803.98907,629.2
804.10797,631.2
804.22687,626.0
804.34576,623.8
804.46466,623.2
804.58356,627.6
804.70239,624.8
804.82129,626.4
804.94019,630.6
805.05908,627.4
805.17798,630.6
805.29681,635.6
805.41571,630.6
805.53461,629.6
805.65344,630.4
805.77234,636.2
805.89117,633.2
806.01007,632.6
806.12891,629.8
806.2478,640.6
806.36664,626.2
806.48547,628.8
806.60437,637.2
806.72321,631.4
806.84204,637.4
806.96088,631.8
807.07971,628.8
807.19861,636.6
807.31744,632.0
807.43628,639.6
807.55511,633.2
807.67395,633.6
807.79279,633.4
807.91162,643.0
808.0304,639.0
808.14923,632.0
808.26807,635.8
808.3869,633.6
808.50568,636.2
808.62451,635.6
808.74335,635.8
808.86212,642.0
808.98096,633.8
809.09979,642.0
809.21857,636.8
809.33734,640.8
809.45618,638.0
809.57495,638.0
809.69379,642.4
809.81256,641.2
809.93134,637.8
810.05011,640.2
810.16895,633.0
810.28772,637.8
810.40649,637.8
810.52527,643.6
810.64404,641.6
810.76282,637.8
810.88159,641.8
811.00037,635.4
811.11914,639.6
811.23792,634.4
811.35663,639.6
811.4754,638.6
811.59418,646.2
811.71295,636.2
811.83167,636.6
811.95044,633.6
812.06921,636.8
812.18793,636.6
812.3067,637.2
812.42542,633.8
812.54419,639.0
812.6629,647.4
812.78162,637.6
812.90039,639.8
813.0191,632.0
813.13782,631.6
813.25653,633.2
813.37524,631.4
813.49402,632.4
813.61273,637.6
813.73145,634.8
813.85016,633.0
813.96887,631.8
814.08759,634.8
814.2063,629.0
814.32495,637.2
814.44366,632.4
814.56238,632.0
814.68109,628.6
814.79974,626.8
814.91846,626.8
815.03717,627.4
815.15582,627.0
815.27454,626.4
815.39319,621.2
815.5119,626.4
815.63055,624.0
815.74927,622.4
815.86792,619.4
815.98657,618.6
816.10529,625.0
816.22394,624.4
816.34259,628.6
816.46124,635.2
816.5799,627.2
816.69855,628.6
816.8172,630.2
816.93585,624.8
817.0545,620.6
817.17316,620.2
817.29181,615.0
817.41046,613.0
817.52911,612.2
817.64771,603.8
817.76636,600.8
817.88501,608.0
818.0036,607.0
818.12225,605.2
818.24091,599.0
818.3595,597.4
818.47815,598.4
818.59674,601.4
818.71533,600.6
818.83398,590.2
818.95258,595.4
819.07117,589.2
819.18976,590.6
819.30841,593.6
819.427,594.4
819.54559,592.0
819.66418,592.2
819.78278,596.2
819.90137,592.4
820.01996,589.2
820.13855,590.6
820.25714,587.2
820.37573,585.6
820.49426,590.4
820.61285,586.2
820.73145,586.2
820.84998,577.6
820.96857,579.0
821.08716,583.8
821.20569,579.2
821.32428,579.4
821.44281,583.4
821.56134,578.0
821.67993,583.4
821.79846,577.4
821.91699,574.2
822.03558,579.2
822.15411,583.2
822.27264,577.8
822.39117,574.8
822.5097,575.6
822.62823,575.6
822.74677,576.6
822.8653,575.8
822.98383,574.0
823.10236,575.4
823.22089,574.6
823.33942,576.0
823.45789,579.8
823.57642,579.6
823.69495,574.6
823.81342,580.6
823.93195,569.0
824.05042,579.4
824.16895,578.4
824.28741,577.2
824.40594,571.8
824.52441,575.4
824.64288,576.0
824.76141,575.6
824.87988,573.4
824.99835,572.8
825.11682,573.4
825.23529,576.4
825.35376,575.4
825.47223,575.4
825.5907,573.2
825.70917,570.6
825.82764,569.2
825.94611,570.4
826.06458,570.2
826.18304,573.2
826.30145,577.2
826.41992,569.4
826.53839,570.8
826.6568,574.8
826.77527,570.6
826.89368,570.8
827.01215,566.0
827.13055,571.2
827.24902,574.0
827.36743,563.6
827.48584,570.4
827.60431,574.0
827.72272,567.8
827.84113,564.4
827.95953,561.8
828.07794,564.2
828.19635,562.6
828.31476,563.6
828.43317,558.6
828.55157,561.6
828.66998,556.8
828.78839,568.2
828.90674,561.6
829.02515,559.2
829.14355,567.0
829.2619,560.8
829.38031,558.0
829.49872,560.2
829.61707,554.8
829.73547,559.8
829.85382,563.0
829.97217,560.2
830.09058,561.8
830.20892,562.0
830.32727,558.8
830.44562,557.6
830.56403,564.8
830.68237,567.6
830.80072,556.6
830.91907,563.0
831.03741,556.0
831.15576,559.6
831.27411,559.2
831.3924,561.4
831.51074,559.8
831.62909,564.8
831.74744,559.6
831.86572,561.2
831.98407,559.0
832.10242,562.6
832.2207,562.6
832.33905,559.2
832.45734,559.0
832.57562,559.8
832.69397,557.4
832.81226,559.4
832.93054,560.6
833.04889,556.0
833.16718,554.8
833.28546,555.8
833.40375,562.2
833.52203,559.2
833.64032,556.4
833.75861,560.2
833.87689,560.6
833.99518,566.4
834.1134,557.6
834.23169,563.6
834.34998,563.4
834.46826,560.4
834.58649,564.0
834.70477,565.0
834.823,560.6
834.94128,567.2
835.05951,564.4
835.1778,568.8
835.29602,558.0
835.41425,559.6
835.53253,560.4
835.65076,564.6
835.76898,565.2
835.88721,562.0
836.00543,571.4
836.12366,570.0
836.24188,566.0
836.36011,560.6
836.47833,570.0
836.59656,566.2
836.71478,566.8
836.83295,565.6
836.95117,561.0
837.0694,565.6
837.18756,563.4
837.30579,574.2
837.42401,565.6
837.54218,561.2
837.66034,559.2
837.77856,565.0
837.89673,565.4
838.01489,565.2
838.13312,561.2
838.25128,567.8
838.36945,563.4
838.48761,568.6
838.60577,565.6
838.72394,565.4
838.8421,562.6
838.96027,567.2
839.07843,564.8
839.19659,559.2
839.31476,565.6
839.43286,569.8
839.55103,573.0
839.66919,570.0
839.78729,562.6
839.90546,566.0
840.02356,567.0
840.14172,565.8
840.25983,564.0
840.37793,566.6
840.49609,566.0
840.6142,564.6
840.7323,562.8
840.8504,565.8
840.96851,562.6
841.08661,560.6
841.20471,567.4
841.32281,562.6
841.44092,561.4
841.55902,562.8
841.67712,562.2
841.79523,559.0
841.91327,561.4
842.03137,564.4
842.14948,569.0
842.26752,562.4
842.38562,562.2
842.50366,564.6
842.62177,560.2
842.73981,562.8
842.85791,562.2
842.97595,564.6
843.09399,565.4
843.21204,566.4
843.33008,577.0
843.44818,564.6
843.56622,561.8
843.68427,569.4
843.80231,572.4
843.92029,570.4
844.03833,570.4
844.15637,563.0
844.27441,564.4
844.39246,570.8
844.51044,562.0
844.62848,564.8
844.74646,562.2
844.8645,566.0
844.98248,563.8
845.10052,562.6
845.21851,566.4
845.33649,568.4
845.45453,566.6
845.57251,566.8
845.69049,562.2
845.80847,565.0
845.92645,564.6
846.04443,556.6
846.16241,562.0
846.2804,562.8
846.39838,568.0
846.51636,564.0
846.63434,566.6
846.75226,561.4
846.87024,567.6
846.98822,563.0
847.10614,560.4
847.22412,562.2
847.34204,564.8
847.46002,562.2
847.57794,556.6
847.69586,565.2
847.81384,563.4
847.93176,561.2
848.04968,566.4
848.1676,567.0
848.28552,559.0
848.40344,560.0
848.52136,561.8
848.63928,560.0
848.7572,562.6
848.87512,569.6
848.99304,562.8
849.1109,562.6
849.22882,558.8
849.34674,557.4
849.4646,562.2
849.58252,562.6
849.70038,560.2
849.8183,562.0
849.93616,561.8
850.05402,568.8
850.17194,563.4
850.28979,560.4
850.40765,562.6
850.52551,563.8
850.64337,564.8
850.76123,559.6
850.87909,557.8
850.99695,560.8
851.11481,561.8
851.23267,561.2
851.35046,561.4
851.46832,558.0
851.58618,562.0
851.70398,564.4
851.82184,560.4
851.93964,566.8
852.0575,571.6
852.17529,578.2
852.29315,578.4
852.41095,569.2
852.52875,562.8
852.64655,561.4
852.7644,561.4
852.8822,560.2
853.0,552.0
853.1178,560.2
853.2356,556.8
853.35333,555.6
853.47113,559.4
853.58893,557.4
853.70673,554.6
853.82446,557.6
853.94226,559.8
854.06006,564.6
854.1778,560.2
854.29559,560.8
854.41333,563.8
854.53107,565.6
854.64886,566.8
854.7666,556.8
854.88434,557.8
855.00208,559.0
855.11981,556.8
855.23761,561.6
855.35535,560.6
855.47302,558.0
855.59076,555.6
855.7085,553.8
855.82623,555.6
855.94397,559.0
856.06165,557.8
856.17938,565.2
856.29712,556.8
856.41479,563.2
856.53253,553.4
856.65021,565.0
856.76788,557.2
856.88562,560.0
857.0033,558.2
857.12097,559.2
857.23865,556.8
857.35632,559.2
857.474,554.6
857.59167,556.4
857.70935,560.4
857.82703,556.0
857.9447,558.2
858.06238,555.6
858.18005,553.6
858.29767,555.4
858.41534,550.8
858.53296,557.6
858.65063,560.4
858.76825,559.6
858.88593,553.6
859.00354,556.0
859.12115,553.6
859.23883,558.0
859.35645,555.2
859.47406,557.8
859.59167,554.0
859.70929,554.0
859.8269,553.4
859.94452,557.0
860.06213,550.8
860.17975,554.0
860.29736,552.2
860.41492,549.8
860.53253,548.8
860.65009,546.2
860.7677,547.8
860.88525,548.8
861.00287,555.4
861.12042,549.2
861.23804,552.8
861.35559,555.0
861.47314,549.8
861.5907,552.0
861.70825,550.6
861.82581,549.0
861.94336,545.2
862.06091,541.8
862.17847,550.4
862.29602,547.4
862.41357,544.4
862.53113,543.2
862.64862,545.0
862.76617,541.2
862.88367,543.8
863.00122,553.6
863.11871,547.2
863.23627,547.8
863.35376,542.6
863.47125,546.0
863.58881,546.2
863.7063,546.0
863.82379,542.6
863.94128,540.0
864.05878,543.6
864.17627,543.8
864.29376,545.2
864.41125,546.2
864.52869,547.4
864.64618,545.8
864.76367,543.6
864.8811,546.4
864.9986,545.2
865.11609,543.8
865.23352,540.0
865.35095,544.4
865.46844,544.8
865.58588,540.4
865.70331,542.4
865.82074,545.8
865.93823,544.2
866.05566,541.6
866.1731,546.2
866.29053,544.4
866.4079,542.4
866.52533,543.2
866.64276,544.4
866.76019,545.6
866.87756,541.2
866.995,549.4
867.11243,551.2
867.2298,544.0
867.34723,540.6
867.4646,548.2
867.58197,542.4
867.6994,550.6
867.81677,545.8
867.93414,543.4
868.05151,544.6
868.16888,548.2
868.28625,540.8
868.40363,547.6
868.521,542.4
868.63837,542.6
868.75568,551.6
868.87305,550.4
868.99042,549.4
869.10773,551.0
869.2251,542.8
869.34241,553.6
869.45978,543.8
869.57709,547.2
869.69446,549.2
869.81177,549.2
869.92908,543.2
870.04639,553.2
870.1637,546.4
870.28101,550.4
870.39832,550.4
870.51563,553.6
870.63293,549.8
870.75024,550.4
870.86749,549.0
870.9848,548.2
871.10211,551.2
871.21936,552.2
871.33667,552.2
871.45392,558.6
871.57123,545.8
871.68848,547.6
871.80573,546.2
871.92297,549.0
872.04028,550.6
872.15753,550.2
872.27478,546.2
872.39203,546.4
872.50928,542.0
872.62646,547.0
872.74371,542.8
872.86096,545.8
872.97821,541.8
873.0954,545.8
873.21265,537.4
873.32983,544.2
873.44708,544.2
873.56427,544.0
873.68152,547.2
873.79871,543.2
873.91589,539.8
874.03308,547.4
874.15027,537.4
874.26746,541.2
874.38464,544.0
874.50183,543.0
874.61902,543.8
874.73621,543.8
874.85339,542.8
874.97052,546.6
875.08771,546.2
875.2049,540.8
875.32202,540.2
875.43921,546.6
875.55634,548.0
875.67346,545.6
875.79065,549.8
875.90778,547.0
876.0249,548.4
876.14203,544.2
876.25916,547.4
876.37628,548.0
876.49341,550.8
876.61053,548.6
876.72766,545.4
876.84473,554.2
876.96185,549.0
877.07898,549.4
877.19604,548.2
877.31317,550.8
877.43024,547.8
877.54736,541.6
877.66443,543.8
877.78149,548.2
877.89856,543.8
878.01569,539.0
878.13275,537.8
878.24982,541.0
878.36688,539.6
878.48395,539.4
878.60095,540.2
878.71802,542.2
878.83508,539.4
878.95215,536.8
879.06915,539.4
879.18622,543.6
879.30322,539.8
879.42029,537.4
879.53729,538.2
879.6543,543.2
879.77136,535.6
879.88837,540.8
880.00537,537.8
880.12238,541.0
880.23938,537.6
880.35638,540.6
880.47339,529.8
880.59039,537.6
880.70734,541.2
880.82434,538.2
880.94135,538.4
881.05829,536.4
881.17529,539.4
881.29224,536.4
881.40924,533.2
881.52618,537.0
881.64313,535.2
881.76007,536.2
881.87701,539.0
881.99402,534.0
882.11096,536.6
882.22791,529.0
882.34479,534.0
882.46173,537.2
882.57867,538.6
882.69562,536.4
882.8125,533.0
882.92944,542.2
883.04639,536.0
883.16327,545.0
883.28015,533.6
883.39709,533.6
883.51398,539.4
883.63086,536.2
883.74774,543.4
883.86462,540.4
883.98157,542.4
884.09839,544.4
884.21527,539.4
884.33215,539.0
884.44904,538.4
884.56592,540.0
884.68274,543.0
884.79962,544.8
884.9165,544.4
885.03333,546.2
885.15015,544.8
885.26703,545.2
885.38385,544.6
885.50067,550.2
885.61749,553.6
885.73438,551.2
885.8512,556.2
885.96802,551.4
886.08478,546.8
886.2016,546.6
886.31842,543.0
886.43524,542.6
886.55206,544.8
886.66882,550.4
886.78564,545.0
886.9024,544.4
887.01923,544.4
887.13599,539.0
887.25275,535.0
887.36951,538.4
887.48633,538.8
887.60309,540.6
887.71985,533.8
887.83661,540.8
887.95337,535.0
888.07007,537.2
888.18683,532.6
888.30359,538.0
888.42035,530.8
888.53705,533.6
888.65381,537.8
888.77051,527.8
888.88721,528.6
889.00397,533.6
889.12067,530.8
889.23737,530.2
889.35406,530.2
889.47083,529.6
889.58752,526.4
889.70416,533.8
889.82086,529.6
889.93756,534.6
890.05426,524.2
890.17096,534.2
890.2876,527.4
890.4043,531.2
890.52094,529.4
890.63763,529.8
890.75427,531.8
890.87091,533.0
890.98761,529.6
891.10425,532.2
891.22089,528.8
891.33752,526.6
891.45416,528.4
891.5708,528.2
891.68744,524.6
891.80408,532.0
891.92065,525.2
892.03729,526.0
892.15393,529.0
892.27051,530.0
892.38715,522.0
892.50372,531.8
892.6203,532.0
892.73694,529.8
892.85352,528.6
892.97009,531.0
893.08667,532.6
893.20325,530.0
893.31982,530.0
893.4364,529.8
893.55298,532.4
893.66956,533.6
893.78607,531.2
893.90265,536.4
894.01917,532.8
894.13574,530.4
894.25226,535.2
894.36884,534.2
894.48535,533.0
894.60187,532.6
894.71838,532.2
894.8349,536.8
894.95148,534.4
895.06793,538.2
895.18445,530.0
895.30096,532.6
895.41748,535.6
895.534,535.6
895.65045,534.0
895.76697,533.2
895.88342,531.0
895.99994,527.8
896.11639,527.4
896.23291,525.2
896.34937,528.6
896.46582,525.2
896.58228,531.6
896.69873,537.2
896.81519,529.2
896.93164,531.8
897.0481,527.0
897.16455,531.6
897.28094,525.4
897.3974,528.2
897.51385,532.4
897.63025,532.8
897.7467,532.4
897.8631,529.8
897.97949,526.2
898.09595,530.0
898.21234,532.8
898.32874,531.0
898.44513,527.6
898.56152,531.4
898.67792,522.8
898.79431,527.2
898.91064,525.4
899.02704,527.8
899.14343,528.0
899.25977,523.8
899.37616,526.4
899.49249,528.6
899.60889,531.4
899.72522,527.2
899.84155,527.8
899.95789,533.6
900.07428,528.2
900.19061,528.0
900.30695,527.0
900.42322,527.2
900.53955,520.2
900.65588,529.8
900.77222,526.4
900.88849,527.8
901.00482,524.4
901.12109,524.0
901.23743,527.2
901.3537,526.2
901.47003,525.4
901.5863,525.2
901.70258,525.0
901.81885,526.8
901.93512,525.2
902.05139,533.4
902.16766,526.6
902.28394,533.4
902.40021,526.8
902.51642,527.0
902.63269,526.2
902.7489,527.6
902.86517,526.0
902.98138,533.6
903.09766,524.0
903.21387,534.6
903.33008,532.0
903.44629,533.0
903.5625,525.4
903.67871,526.6
903.79492,526.0
903.91113,525.6
904.02734,524.4
904.14355,527.0
904.2597,520.0
904.37592,520.6
904.49207,519.2
904.60828,517.4
904.72443,519.4
904.84064,514.0
904.95679,516.0
905.07294,518.4
905.18909,521.2
905.30524,519.0
905.42139,517.0
905.53754,518.6
905.65369,514.2
905.76984,517.0
905.88593,516.2
906.00208,516.6
906.11816,514.0
906.23431,515.6
906.3504,508.2
906.46655,511.6
906.58264,507.2
906.69873,510.6
906.81482,510.2
906.93091,508.4
907.047,507.6
907.16309,512.0
907.27917,512.2
907.39526,514.2
907.51135,507.8
907.62738,510.6
907.74347,506.8
907.8595,510.4
907.97559,510.6
908.09161,509.6
908.2077,508.2
908.32373,510.0
908.43976,509.8
908.55579,508.6
908.67181,506.6
908.78784,509.8
908.90387,508.6
909.0199,507.0
909.13586,501.8
909.25189,505.2
909.36792,510.8
909.48389,502.8
909.59991,504.6
909.71588,501.4
909.83185,510.4
909.94788,507.8
910.06384,509.2
910.17981,510.0
910.29578,507.4
910.41174,508.0
910.52771,509.4
910.64368,505.6
910.75958,506.6
910.87555,510.8
910.99152,505.8
911.10742,507.6
911.22339,504.6
911.33929,508.2
911.4552,505.6
911.57117,501.8
911.68707,505.4
911.80298,504.4
911.91888,503.2
912.03479,504.0
912.1507,505.0
912.2666,505.6
912.38245,503.2
912.49835,508.4
912.61426,504.2
912.7301,508.6
912.84601,506.8
792.4458,686.4
792.56488,672.0
792.68396,681.6
792.8031,677.8
792.92218,663.8
793.04126,658.4
793.16034,657.0
793.27942,653.4
793.3985,643.8
793.51758,633.2
793.63672,633.4
793.7558,632.0
793.87488,637.2
793.9939,627.4
794.11298,628.4
794.23206,622.2
794.35114,621.4
794.47021,618.0
794.58929,603.6
794.70831,605.6
794.82739,608.4
794.94647,603.0
795.06549,599.4
795.18457,600.2
795.30365,598.2
795.42267,592.8
795.54175,584.2
795.66077,591.4
795.77985,584.0
795.89886,587.8
796.01794,591.4
796.13696,587.6
796.25598,586.6
796.375,578.2
796.49408,579.4
796.6131,581.4
796.73212,583.6
796.85114,578.8
796.97015,580.4
797.08923,569.4
797.20825,574.2
797.32727,571.0
797.44629,570.2
797.56531,567.0
797.68427,567.4
797.80328,569.6
797.9223,568.4
798.04132,566.2
798.16034,566.4
798.27936,563.2
798.39832,568.2
798.51733,557.0
798.63635,565.2
798.75531,561.6
798.87433,560.0
798.99329,558.6
799.1123,559.2
799.23126,562.2
799.35028,556.8
799.46924,565.2
799.58826,567.4
799.70721,563.0
799.82617,561.4
799.94519,563.2
800.06415,559.4
800.18311,558.0
800.30206,563.6
800.42102,562.4
800.54004,561.4
800.659,562.2
800.77795,563.8
800.89691,557.2
801.01587,568.0
801.13483,561.8
801.25372,563.4
801.37268,561.2
801.49164,558.8
801.6106,558.0
801.72955,559.8
801.84845,562.4
801.96741,564.2
802.08636,562.8
802.20526,563.6
802.32422,563.6
802.44318,564.6
802.56207,560.6
802.68103,560.2
802.79993,562.4
802.91882,562.0
803.03778,558.8
803.15668,560.4
803.27557,566.2
803.39453,561.0
803.51343,562.2
803.63232,566.4
803.75122,561.8
803.87012,562.8
803.98907,561.2
804.10797,568.0
804.22687,561.4
804.34576,561.0
804.46466,562.2
804.58356,569.0
804.70239,563.0
804.82129,562.0
804.94019,564.2
805.05908,561.8
805.17798,562.2
805.29681,568.2
805.41571,563.0
805.53461,566.6
805.65344,568.4
805.77234,569.4
805.89117,564.6
806.01007,570.4
806.12891,568.8
806.2478,569.0
806.36664,563.6
806.48547,567.6
806.60437,564.6
806.72321,565.0
806.84204,571.4
806.96088,566.6
807.07971,570.6
807.19861,571.0
807.31744,570.4
807.43628,577.2
807.55511,568.6
807.67395,575.8
807.79279,567.2
807.91162,574.8
808.0304,572.6
808.14923,575.6
808.26807,569.6
808.3869,577.8
808.50568,579.4
808.62451,573.6
808.74335,573.6
808.86212,582.0
808.98096,581.8
809.09979,582.4
809.21857,575.4
809.33734,575.6
809.45618,576.0
809.57495,583.4
809.69379,578.0
809.81256,575.8
809.93134,576.8
810.05011,577.2
810.16895,572.2
810.28772,574.2
810.40649,577.2
810.52527,582.2
810.64404,577.8
810.76282,575.6
810.88159,578.8
811.00037,578.2
811.11914,576.6
811.23792,573.6
811.35663,576.0
811.4754,579.0
811.59418,579.8
811.71295,582.2
811.83167,582.2
811.95044,574.6
812.06921,578.0
812.18793,574.0
812.3067,576.0
812.42542,575.4
812.54419,576.4
812.6629,581.4
812.78162,575.8
812.90039,577.4
813.0191,575.0
813.13782,571.8
813.25653,572.6
813.37524,572.8
813.49402,570.2
813.61273,577.8
813.73145,574.6
813.85016,580.0
813.96887,574.0
814.08759,576.6
814.2063,570.0
814.32495,577.2
814.44366,572.2
814.56238,569.0
814.68109,569.8
814.79974,566.6
814.91846,565.8
815.03717,571.4
815.15582,564.8
815.27454,568.4
815.39319,559.4
815.5119,565.6
815.63055,566.8
815.74927,565.4
815.86792,560.4
815.98657,562.6
816.10529,570.2
816.22394,566.2
816.34259,566.2
816.46124,570.6
816.5799,569.4
816.69855,570.2
816.8172,570.8
816.93585,562.6
817.0545,564.4
817.17316,562.0
817.29181,553.6
817.41046,560.6
817.52911,551.6
817.64771,549.4
817.76636,550.0
817.88501,549.2
818.0036,544.0
818.12225,543.8
818.24091,543.8
818.3595,538.0
818.47815,539.0
818.59674,544.2
818.71533,540.0
818.83398,531.6
818.95258,528.8
819.07117,529.4
819.18976,530.6
819.30841,534.8
819.427,538.8
819.54559,536.2
819.66418,531.4
819.78278,533.6
819.90137,531.6
820.01996,529.6
820.13855,524.0
820.25714,531.0
820.37573,524.2
820.49426,529.4
820.61285,530.0
820.73145,526.0
820.84998,519.8
820.96857,525.0
821.08716,526.0
821.20569,521.8
821.32428,516.6
821.44281,520.4
821.56134,518.2
821.67993,519.8
821.79846,518.2
821.91699,519.4
822.03558,519.6
822.15411,520.4
822.27264,517.0
822.39117,517.4
822.5097,518.6
822.62823,516.2
822.74677,518.6
822.8653,519.4
822.98383,513.4
823.10236,521.6
823.22089,522.0
823.33942,516.2
823.45789,515.8
823.57642,525.4
823.69495,518.0
823.81342,521.8
823.93195,514.6
824.05042,523.0
824.16895,519.8
824.28741,520.0
824.40594,514.4
824.52441,513.4
824.64288,518.0
824.76141,519.6
824.87988,515.0
824.99835,511.8
825.11682,514.0
825.23529,518.0
825.35376,510.2
825.47223,513.6
825.5907,512.6
825.70917,511.6
825.82764,509.6
825.94611,519.0
826.06458,505.0
826.18304,511.0
826.30145,518.6
826.41992,514.4
826.53839,511.4
826.6568,515.6
826.77527,512.8
826.89368,516.4
827.01215,513.2
827.13055,510.0
827.24902,511.6
827.36743,515.2
827.48584,510.2
827.60431,511.2
827.72272,505.0
827.84113,508.6
827.95953,501.6
828.07794,506.2
828.19635,502.6
828.31476,502.4
828.43317,504.6
828.55157,506.8
828.66998,507.6
828.78839,508.6
828.90674,502.6
829.02515,507.8
829.14355,509.8
829.2619,508.2
829.38031,502.2
829.49872,502.8
829.61707,502.6
829.73547,507.4
829.85382,506.0
829.97217,507.0
830.09058,505.6
830.20892,506.0
830.32727,502.0
830.44562,506.4
830.56403,508.6
830.68237,506.6
830.80072,501.2
830.91907,508.4
831.03741,500.8
831.15576,505.6
831.27411,501.0
831.3924,506.4
831.51074,506.4
831.62909,505.0
831.74744,506.0
831.86572,508.0
831.98407,501.0
832.10242,507.0
832.2207,512.2
832.33905,504.0
832.45734,505.2
832.57562,508.2
832.69397,505.8
832.81226,507.8
832.93054,506.8
833.04889,508.8
833.16718,503.2
833.28546,504.4
833.40375,513.4
833.52203,501.4
833.64032,503.0
833.75861,501.4
833.87689,507.6
833.99518,512.6
834.1134,504.4
834.23169,509.6
834.34998,504.4
834.46826,508.6
834.58649,505.2
834.70477,504.8
834.823,502.8
834.94128,506.4
835.05951,506.0
835.1778,510.2
835.29602,505.6
835.41425,503.8
835.53253,503.2
835.65076,511.2
835.76898,514.0
835.88721,507.0
836.00543,507.8
836.12366,512.6
836.24188,509.2
836.36011,510.8
836.47833,513.0
836.59656,508.8
836.71478,506.2
836.83295,512.2
836.95117,507.8
837.0694,507.2
837.18756,512.2
837.30579,506.4
837.42401,510.0
837.54218,507.2
837.66034,507.2
837.77856,511.8
837.89673,513.4
838.01489,514.6
838.13312,508.2
838.25128,508.2
838.36945,510.6
838.48761,511.6
838.60577,513.0
838.72394,517.0
838.8421,506.6
838.96027,516.8
839.07843,508.2
839.19659,507.6
839.31476,509.0
839.43286,513.0
839.55103,515.8
839.66919,516.8
839.78729,512.0
839.90546,509.6
840.02356,506.2
840.14172,511.0
840.25983,509.6
840.37793,510.8
840.49609,510.2
840.6142,512.0
840.7323,515.0
840.8504,504.4
840.96851,513.0
841.08661,507.0
841.20471,507.0
841.32281,514.4
841.44092,505.4
841.55902,512.8
841.67712,503.0
841.79523,510.4
841.91327,507.6
842.03137,506.0
842.14948,510.0
842.26752,507.6
842.38562,508.4
842.50366,504.6
842.62177,506.4
842.73981,505.2
842.85791,509.4
842.97595,511.8
843.09399,509.0
843.21204,511.8
843.33008,514.8
843.44818,512.2
843.56622,505.4
843.68427,510.4
843.80231,508.2
843.92029,509.4
844.03833,516.2
844.15637,512.0
844.27441,512.8
844.39246,513.0
844.51044,513.8
844.62848,512.4
844.74646,512.2
844.8645,508.4
844.98248,508.2
845.10052,509.6
845.21851,514.0
845.33649,511.2
845.45453,512.2
845.57251,507.0
845.69049,506.4
845.80847,508.0
845.92645,507.0
846.04443,503.4
846.16241,505.8
846.2804,514.0
846.39838,506.6
846.51636,511.0
846.63434,509.2
846.75226,508.4
846.87024,515.6
846.98822,510.2
847.10614,512.2
847.22412,510.4
847.34204,509.4
847.46002,512.4
847.57794,508.4
847.69586,511.0
847.81384,509.0
847.93176,516.2
848.04968,510.2
848.1676,511.0
848.28552,510.8
848.40344,510.6
848.52136,510.0
848.63928,507.2
848.7572,509.8
848.87512,516.6
848.99304,510.2
849.1109,514.6
849.22882,507.6
849.34674,511.6
849.4646,509.0
849.58252,508.6
849.70038,505.6
849.8183,510.0
849.93616,510.8
850.05402,514.2
850.17194,511.4
850.28979,506.4
850.40765,510.2
850.52551,510.4
850.64337,508.4
850.76123,510.8
850.87909,504.2
850.99695,513.6
851.11481,503.2
851.23267,513.0
851.35046,507.6
851.46832,505.8
851.58618,509.8
851.70398,506.8
851.82184,506.0
851.93964,513.2
852.0575,512.0
852.17529,518.4
852.29315,514.4
852.41095,518.0
852.52875,511.4
852.64655,507.8
852.7644,507.8
852.8822,510.4
853.0,504.2
853.1178,506.8
853.2356,504.8
853.35333,506.6
853.47113,505.2
853.58893,505.0
853.70673,504.4
853.82446,509.4
853.94226,506.4
854.06006,513.8
854.1778,511.4
854.29559,515.0
854.41333,509.4
854.53107,508.8
854.64886,508.4
854.7666,509.8
854.88434,503.6
855.00208,508.4
855.11981,507.0
855.23761,508.2
855.35535,507.4
855.47302,509.8
855.59076,507.6
855.7085,509.4
855.82623,505.2
855.94397,510.4
856.06165,508.4
856.17938,509.0
856.29712,512.0
856.41479,515.0
856.53253,507.8
856.65021,507.6
856.76788,506.4
856.88562,514.0
857.0033,505.0
857.12097,509.0
857.23865,502.6
857.35632,501.6
857.474,503.8
857.59167,510.4
857.70935,506.2
857.82703,504.2
857.9447,506.2
858.06238,506.2
858.18005,507.2
858.29767,505.4
858.41534,506.2
858.53296,509.8
858.65063,508.8
858.76825,506.4
858.88593,501.8
859.00354,505.4
859.12115,508.4
859.23883,505.0
859.35645,501.2
859.47406,507.0
859.59167,504.4
859.70929,507.2
859.8269,502.6
859.94452,499.2
860.06213,506.6
860.17975,505.4
860.29736,497.0
860.41492,503.0
860.53253,500.0
860.65009,501.6
860.7677,501.0
860.88525,502.8
861.00287,502.6
861.12042,507.2
861.23804,504.4
861.35559,504.4
861.47314,502.8
861.5907,504.2
861.70825,497.0
861.82581,499.8
861.94336,495.4
862.06091,500.2
862.17847,496.8
862.29602,499.2
862.41357,495.0
862.53113,502.4
862.64862,493.2
862.76617,494.6
862.88367,497.6
863.00122,500.6
863.11871,503.6
863.23627,498.0
863.35376,497.0
863.47125,497.6
863.58881,497.6
863.7063,500.4
863.82379,493.4
863.94128,494.0
864.05878,500.8
864.17627,504.0
864.29376,494.8
864.41125,501.4
864.52869,495.6
864.64618,500.4
864.76367,496.2
864.8811,503.4
864.9986,492.4
865.11609,504.2
865.23352,495.6
865.35095,501.6
865.46844,501.0
865.58588,497.6
865.70331,500.2
865.82074,498.4
865.93823,496.4
866.05566,497.0
866.1731,490.6
866.29053,496.6
866.4079,501.0
866.52533,496.6
866.64276,499.6
866.76019,496.8
866.87756,497.2
866.995,502.8
867.11243,497.2
867.2298,503.8
867.34723,498.4
867.4646,498.0
867.58197,501.6
867.6994,499.6
867.81677,502.6
867.93414,497.2
868.05151,498.8
868.16888,499.2
868.28625,503.0
868.40363,502.2
868.521,501.4
868.63837,499.8
868.75568,501.0
868.87305,498.8
868.99042,502.4
869.10773,505.4
869.2251,502.6
869.34241,506.4
869.45978,496.4
869.57709,503.0
869.69446,498.6
869.81177,505.2
869.92908,500.4
870.04639,508.0
870.1637,500.6
870.28101,504.0
870.39832,502.0
870.51563,503.0
870.63293,499.4
870.75024,506.4
870.86749,498.6
870.9848,502.8
871.10211,502.4
871.21936,504.6
871.33667,505.4
871.45392,505.6
871.57123,500.6
871.68848,498.8
871.80573,499.8
871.92297,505.6
872.04028,499.0
872.15753,500.4
872.27478,499.2
872.39203,501.4
872.50928,497.0
872.62646,501.4
872.74371,499.8
872.86096,503.6
872.97821,497.4
873.0954,501.0
873.21265,496.4
873.32983,495.2
873.44708,499.2
873.56427,503.6
873.68152,496.4
873.79871,506.8
873.91589,497.0
874.03308,498.2
874.15027,496.8
874.26746,502.0
874.38464,497.6
874.50183,497.6
874.61902,501.4
874.73621,504.8
874.85339,499.0
874.97052,502.8
875.08771,496.6
875.2049,501.8
875.32202,497.6
875.43921,504.0
875.55634,497.4
875.67346,508.4
875.79065,500.0
875.90778,504.4
876.0249,503.8
876.14203,498.0
876.25916,497.2
876.37628,504.8
876.49341,500.4
876.61053,501.8
876.72766,498.4
876.84473,503.6
876.96185,501.0
877.07898,501.8
877.19604,506.8
877.31317,503.8
877.43024,501.6
877.54736,505.4
877.66443,504.2
877.78149,504.0
877.89856,502.8
878.01569,501.0
878.13275,504.4
878.24982,496.8
878.36688,502.2
878.48395,502.6
878.60095,498.6
878.71802,497.2
878.83508,494.0
878.95215,500.2
879.06915,497.0
879.18622,498.4
879.30322,498.6
879.42029,495.6
879.53729,498.4
879.6543,494.8
879.77136,494.8
879.88837,498.2
880.00537,493.2
880.12238,499.4
880.23938,494.2
880.35638,497.4
880.47339,495.4
880.59039,494.2
880.70734,494.0
880.82434,497.2
880.94135,495.4
881.05829,497.8
881.17529,498.6
881.29224,495.2
881.40924,493.8
881.52618,498.0
881.64313,496.8
881.76007,499.2
881.87701,497.0
881.99402,498.0
882.11096,499.4
882.22791,493.8
882.34479,493.4
882.46173,499.0
882.57867,495.6
882.69562,495.2
882.8125,497.2
882.92944,499.8
883.04639,500.0
883.16327,504.6
883.28015,497.4
883.39709,498.4
883.51398,499.6
883.63086,501.8
883.74774,500.2
883.86462,501.2
883.98157,499.4
884.09839,497.8
884.21527,498.8
884.33215,501.4
884.44904,499.6
884.56592,497.4
884.68274,503.2
884.79962,499.8
884.9165,504.6
885.03333,505.8
885.15015,497.8
885.26703,504.6
885.38385,501.0
885.50067,506.6
885.61749,504.8
885.73438,510.8
885.8512,506.4
885.96802,507.8
886.08478,504.4
886.2016,506.4
886.31842,502.0
886.43524,500.6
886.55206,505.2
886.66882,508.4
886.78564,499.8
886.9024,504.0
887.01923,497.4
887.13599,504.2
887.25275,498.2
887.36951,500.6
887.48633,500.8
887.60309,498.8
887.71985,497.8
887.83661,498.8
887.95337,493.8
888.07007,495.4
888.18683,499.2
888.30359,499.0
888.42035,498.2
888.53705,494.2
888.65381,493.2
888.77051,492.0
888.88721,490.2
889.00397,495.8
889.12067,495.8
889.23737,491.0
889.35406,497.0
889.47083,494.6
889.58752,495.2
889.70416,500.6
889.82086,493.0
889.93756,490.6
890.05426,496.8
890.17096,498.2
890.2876,496.8
890.4043,498.4
890.52094,492.4
890.63763,493.2
890.75427,496.4
890.87091,498.0
890.98761,495.8
891.10425,495.8
891.22089,491.2
891.33752,494.0
891.45416,490.8
891.5708,494.4
891.68744,490.8
891.80408,496.2
891.92065,492.6
892.03729,496.6
892.15393,494.6
892.27051,496.4
892.38715,496.6
892.50372,497.4
892.6203,497.0
892.73694,491.0
892.85352,497.8
892.97009,496.6
893.08667,493.6
893.20325,494.0
893.31982,498.2
893.4364,493.8
893.55298,493.2
893.66956,496.4
893.78607,503.0
893.90265,501.0
894.01917,502.6
894.13574,501.0
894.25226,502.4
894.36884,498.0
894.48535,501.4
894.60187,497.4
894.71838,502.0
894.8349,502.8
894.95148,496.6
895.06793,501.6
895.18445,501.8
895.30096,493.6
895.41748,496.0
895.534,497.2
895.65045,490.8
895.76697,502.2
895.88342,495.0
895.99994,493.6
896.11639,501.2
896.23291,501.2
896.34937,492.6
896.46582,495.6
896.58228,491.0
896.69873,502.4
896.81519,492.4
896.93164,496.2
897.0481,499.0
897.16455,495.6
897.28094,492.4
897.3974,497.0
897.51385,499.6
897.63025,499.6
897.7467,494.6
897.8631,497.4
897.97949,498.2
898.09595,495.6
898.21234,499.0
898.32874,497.6
898.44513,498.4
898.56152,497.4
898.67792,498.0
898.79431,499.8
898.91064,498.0
899.02704,496.2
899.14343,492.6
899.25977,493.2
899.37616,494.6
899.49249,501.2
899.60889,491.8
899.72522,495.4
899.84155,494.8
899.95789,499.2
900.07428,493.4
900.19061,492.8
900.30695,490.8
900.42322,493.6
900.53955,493.0
900.65588,495.8
900.77222,493.2
900.88849,499.8
901.00482,497.8
901.12109,496.0
901.23743,493.8
901.3537,496.2
901.47003,493.4
901.5863,497.0
901.70258,492.8
901.81885,491.2
901.93512,496.6
902.05139,500.2
902.16766,494.4
902.28394,495.6
902.40021,494.0
902.51642,499.4
902.63269,495.6
902.7489,494.0
902.86517,493.8
902.98138,495.4
903.09766,490.2
903.21387,492.4
903.33008,498.2
903.44629,494.4
903.5625,492.2
903.67871,490.6
903.79492,494.4
903.91113,491.4
904.02734,491.0
904.14355,489.6
904.2597,491.2
904.37592,493.0
904.49207,483.4
904.60828,490.0
904.72443,490.0
904.84064,488.4
904.95679,486.6
905.07294,490.6
905.18909,487.4
905.30524,487.6
905.42139,488.0
905.53754,490.4
905.65369,485.8
905.76984,485.6
905.88593,486.0
906.00208,486.4
906.11816,484.0
906.23431,484.2
906.3504,481.4
906.46655,483.2
906.58264,477.8
906.69873,483.4
906.81482,483.6
906.93091,482.6
907.047,482.8
907.16309,480.0
907.27917,485.2
907.39526,482.8
907.51135,482.8
907.62738,482.4
907.74347,480.0
907.8595,477.0
907.97559,484.0
908.09161,485.0
908.2077,482.8
908.32373,487.8
908.43976,479.4
908.55579,483.0
908.67181,482.0
908.78784,482.4
908.90387,482.4
909.0199,482.4
909.13586,480.0
909.25189,483.8
909.36792,476.2
909.48389,479.0
909.59991,479.8
909.71588,484.2
909.83185,478.0
909.94788,476.4
910.06384,480.8
910.17981,483.6
910.29578,481.6
910.41174,481.8
910.52771,479.4
910.64368,482.2
910.75958,478.4
910.87555,484.2
910.99152,482.0
911.10742,483.0
911.22339,480.0
911.33929,484.8
911.4552,479.6
911.57117,481.6
911.68707,481.2
911.80298,482.2
911.91888,478.8
912.03479,481.8
912.1507,479.0
912.2666,477.8
912.38245,478.8
912.49835,479.6
912.61426,481.0
912.7301,482.4
912.84601,482.2
792.4458,950.4
792.56488,907.8
792.68396,931.0
792.8031,922.6
792.92218,895.2
793.04126,880.4
793.16034,882.8
793.27942,881.2
793.3985,859.2
793.51758,845.6
793.63672,830.8
793.7558,825.8
793.87488,835.0
793.9939,816.8
794.11298,814.8
794.23206,805.4
794.35114,802.2
794.47021,787.2
794.58929,783.2
794.70831,774.8
794.82739,773.6
794.94647,767.2
795.06549,768.0
795.18457,758.2
795.30365,748.4
795.42267,737.8
795.54175,738.6
795.66077,746.2
795.77985,737.0
795.89886,738.2
796.01794,738.4
796.13696,735.0
796.25598,732.6
796.375,725.8
796.49408,720.2
796.6131,722.6
796.73212,718.2
796.85114,724.0
796.97015,713.0
797.08923,709.8
797.20825,708.2
797.32727,710.0
797.44629,701.2
797.56531,704.4
797.68427,697.2
797.80328,698.0
797.9223,693.6
798.04132,699.0
798.16034,695.2
798.27936,695.8
798.39832,696.4
798.51733,682.8
798.63635,687.6
798.75531,690.0
798.87433,685.4
798.99329,680.4
799.1123,682.6
799.23126,681.4
799.35028,682.0
799.46924,684.6
799.58826,683.8
799.70721,681.4
799.82617,677.4
799.94519,684.4
800.06415,685.6
800.18311,681.2
800.30206,680.2
800.42102,681.6
800.54004,680.0
800.659,684.8
800.77795,678.4
800.89691,677.2
801.01587,671.8
801.13483,669.6
801.25372,677.2
801.37268,678.2
801.49164,677.6
801.6106,679.6
801.72955,677.0
801.84845,671.2
801.96741,678.4
802.08636,673.8
802.20526,668.2
802.32422,675.2
802.44318,673.0
802.56207,671.8
802.68103,671.2
802.79993,671.2
802.91882,664.6
803.03778,669.6
803.15668,670.0
803.27557,673.6
803.39453,660.6
803.51343,663.0
803.63232,668.4
803.75122,662.8
803.87012,669.8
803.98907,672.8
804.10797,673.4
804.22687,664.8
804.34576,667.6
804.46466,665.6
804.58356,671.2
804.70239,671.2
804.82129,664.6
804.94019,670.4
805.05908,665.4
805.17798,669.4
805.29681,667.6
805.41571,668.8
805.53461,669.6
805.65344,669.4
805.77234,672.2
805.89117,670.8
806.01007,678.2
806.12891,672.0
806.2478,672.8
806.36664,668.4
806.48547,673.6
806.60437,672.4
806.72321,672.2
806.84204,676.8
806.96088,669.4
807.07971,664.4
807.19861,672.0
807.31744,673.6
807.43628,678.2
807.55511,672.4
807.67395,666.8
807.79279,667.0
807.91162,671.6
808.0304,677.8
808.14923,676.6
808.26807,674.0
808.3869,676.0
808.50568,679.2
808.62451,676.2
808.74335,674.2
808.86212,677.8
808.98096,684.0
809.09979,680.4
809.21857,675.6
809.33734,676.0
809.45618,670.6
809.57495,680.4
809.69379,680.2
809.81256,681.2
809.93134,678.2
810.05011,673.0
810.16895,666.0
810.28772,674.0
810.40649,670.4
810.52527,685.6
810.64404,676.2
810.76282,686.0
810.88159,677.6
811.00037,681.6
811.11914,667.8
811.23792,676.0
811.35663,676.4
811.4754,687.4
811.59418,682.4
811.71295,682.6
811.83167,677.2
811.95044,676.8
812.06921,681.6
812.18793,675.0
812.3067,674.0
812.42542,671.0
812.54419,676.0
812.6629,677.8
812.78162,675.8
812.90039,669.8
813.0191,665.0
813.13782,663.0
813.25653,667.8
813.37524,665.0
813.49402,666.4
813.61273,673.8
813.73145,668.6
813.85016,669.8
813.96887,661.8
814.08759,666.0
814.2063,664.8
814.32495,669.8
814.44366,670.4
814.56238,668.0
814.68109,662.8
814.79974,669.4
814.91846,662.2
815.03717,662.6
815.15582,660.4
815.27454,663.2
815.39319,650.0
815.5119,659.0
815.63055,650.8
815.74927,655.0
815.86792,653.6
815.98657,658.2
816.10529,663.8
816.22394,659.2
816.34259,660.0
816.46124,661.6
816.5799,668.4
816.69855,670.6
816.8172,662.8
816.93585,662.0
817.0545,661.0
817.17316,649.8
817.29181,649.8
817.41046,652.2
817.52911,645.6
817.64771,648.8
817.76636,637.8
817.88501,637.0
818.0036,644.8
818.12225,640.8
818.24091,638.4
818.3595,632.2
818.47815,638.6
818.59674,635.8
818.71533,632.8
818.83398,627.4
818.95258,628.2
819.07117,624.8
819.18976,626.8
819.30841,622.6
819.427,635.6
819.54559,628.4
819.66418,632.6
819.78278,631.2
819.90137,623.2
820.01996,625.6
820.13855,624.4
820.25714,623.8
820.37573,622.4
820.49426,622.8
820.61285,624.6
820.73145,620.6
820.84998,618.6
820.96857,619.0
821.08716,611.2
821.20569,614.4
821.32428,614.6
821.44281,623.8
821.56134,616.2
821.67993,617.0
821.79846,610.8
821.91699,612.6
822.03558,611.0
822.15411,613.0
822.27264,609.4
822.39117,610.6
822.5097,614.4
822.62823,612.4
822.74677,609.2
822.8653,600.2
822.98383,607.0
823.10236,612.4
823.22089,604.2
823.33942,604.8
823.45789,607.6
823.57642,611.6
823.69495,609.2
823.81342,615.4
823.93195,606.6
824.05042,613.6
824.16895,608.8
824.28741,613.0
824.40594,605.2
824.52441,604.4
824.64288,606.8
824.76141,607.4
824.87988,609.4
824.99835,607.6
825.11682,609.2
825.23529,607.0
825.35376,606.8
825.47223,606.8
825.5907,610.4
825.70917,611.6
825.82764,600.2
825.94611,608.2
826.06458,609.0
826.18304,603.2
826.30145,608.4
826.41992,608.6
826.53839,606.8
826.6568,609.2
826.77527,606.2
826.89368,604.6
827.01215,608.4
827.13055,605.0
827.24902,603.8
827.36743,600.8
827.48584,600.4
827.60431,601.8
827.72272,595.2
827.84113,599.0
827.95953,591.2
828.07794,596.4
828.19635,596.4
828.31476,585.6
828.43317,591.8
828.55157,593.8
828.66998,594.0
828.78839,595.2
828.90674,598.6
829.02515,595.4
829.14355,590.8
829.2619,594.0
829.38031,591.0
829.49872,591.8
829.61707,590.6
829.73547,589.2
829.85382,589.8
829.97217,587.6
830.09058,588.2
830.20892,586.0
830.32727,592.4
830.44562,592.6
830.56403,595.2
830.68237,593.8
830.80072,588.4
830.91907,585.2
831.03741,588.6
831.15576,596.4
831.27411,587.4
831.3924,591.0
831.51074,589.4
831.62909,593.4
831.74744,589.2
831.86572,589.2
831.98407,596.0
832.10242,595.4
832.2207,592.0
832.33905,589.4
832.45734,592.8
832.57562,591.2
832.69397,590.8
832.81226,588.8
832.93054,587.4
833.04889,590.8
833.16718,587.8
833.28546,586.6
833.40375,597.2
833.52203,589.8
833.64032,589.8
833.75861,592.2
833.87689,598.4
833.99518,594.0
834.1134,601.2
834.23169,592.4
834.34998,593.8
834.46826,592.2
834.58649,593.4
834.70477,596.4
834.823,592.4
834.94128,595.4
835.05951,599.2
835.1778,597.8
835.29602,593.6
835.41425,594.0
835.53253,596.6
835.65076,598.4
835.76898,596.4
835.88721,596.0
836.00543,602.4
836.12366,603.0
836.24188,594.4
836.36011,599.6
836.47833,599.6
836.59656,595.4
836.71478,596.0
836.83295,602.6
836.95117,595.0
837.0694,597.4
837.18756,599.6
837.30579,593.8
837.42401,592.8
837.54218,595.6
837.66034,590.8
837.77856,600.4
837.89673,594.6
838.01489,599.8
838.13312,591.8
838.25128,596.6
838.36945,594.0
838.48761,597.4
838.60577,598.0
838.72394,600.8
838.8421,597.6
838.96027,596.8
839.07843,595.6
839.19659,599.6
839.31476,593.0
839.43286,599.2
839.55103,599.2
839.66919,598.6
839.78729,598.6
839.90546,598.6
840.02356,596.8
840.14172,603.2
840.25983,590.8
840.37793,596.2
840.49609,600.0
840.6142,598.2
840.7323,597.4
840.8504,592.8
840.96851,598.6
841.08661,595.0
841.20471,595.0
841.32281,604.2
841.44092,597.6
841.55902,596.4
841.67712,596.8
841.79523,592.2
841.91327,597.4
842.03137,601.4
842.14948,599.2
842.26752,593.6
842.38562,592.0
842.50366,591.4
842.62177,597.0
842.73981,591.8
842.85791,596.8
842.97595,605.0
843.09399,605.2
843.21204,600.6
843.33008,599.8
843.44818,602.8
843.56622,599.4
843.68427,606.2
843.80231,603.4
843.92029,602.6
844.03833,610.2
844.15637,600.8
844.27441,605.6
844.39246,604.0
844.51044,598.0
844.62848,595.4
844.74646,600.0
844.8645,601.0
844.98248,600.0
845.10052,599.2
845.21851,601.4
845.33649,600.8
845.45453,598.6
845.57251,596.4
845.69049,595.0
845.80847,601.2
845.92645,601.2
846.04443,594.8
846.16241,599.6
846.2804,598.4
846.39838,597.0
846.51636,599.0
846.63434,601.8
846.75226,600.0
846.87024,601.2
846.98822,599.6
847.10614,599.4
847.22412,605.6
847.34204,600.4
847.46002,596.4
847.57794,605.8
847.69586,602.8
847.81384,608.0
847.93176,602.8
848.04968,598.4
848.1676,604.0
848.28552,600.4
848.40344,605.2
848.52136,597.4
848.63928,597.8
848.7572,595.4
848.87512,598.6
848.99304,600.8
849.1109,595.0
849.22882,592.4
849.34674,594.4
849.4646,600.6
849.58252,595.6
849.70038,595.8
849.8183,596.0
849.93616,591.2
850.05402,595.6
850.17194,594.6
850.28979,594.2
850.40765,596.4
850.52551,598.2
850.64337,596.2
850.76123,599.8
850.87909,594.6
850.99695,600.2
851.11481,595.2
851.23267,596.6
851.35046,599.8
851.46832,591.8
851.58618,587.4
851.70398,596.2
851.82184,591.8
851.93964,598.6
852.0575,606.0
852.17529,618.6
852.29315,609.6
852.41095,603.0
852.52875,597.0
852.64655,591.0
852.7644,591.2
852.8822,588.4
853.0,589.0
853.1178,592.6
853.2356,579.8
853.35333,587.0
853.47113,592.2
853.58893,587.2
853.70673,590.0
853.82446,594.6
853.94226,591.6
854.06006,588.2
854.1778,592.2
854.29559,596.2
854.41333,592.2
854.53107,596.8
854.64886,595.8
854.7666,591.6
854.88434,590.6
855.00208,592.8
855.11981,585.8
855.23761,596.6
855.35535,595.2
855.47302,595.6
855.59076,590.6
855.7085,593.4
855.82623,584.6
855.94397,593.0
856.06165,597.0
856.17938,593.4
856.29712,595.8
856.41479,591.4
856.53253,592.8
856.65021,591.2
856.76788,597.6
856.88562,590.4
857.0033,587.2
857.12097,588.6
857.23865,583.0
857.35632,587.2
857.474,586.0
857.59167,589.2
857.70935,593.6
857.82703,594.2
857.9447,589.2
858.06238,586.4
858.18005,595.0
858.29767,592.0
858.41534,585.2
858.53296,585.8
858.65063,588.4
858.76825,593.4
858.88593,586.6
859.00354,585.4
859.12115,586.4
859.23883,591.6
859.35645,583.4
859.47406,586.0
859.59167,586.2
859.70929,585.0
859.8269,582.4
859.94452,582.4
860.06213,584.6
860.17975,578.8
860.29736,581.0
860.41492,573.0
860.53253,578.4
860.65009,575.2
860.7677,573.2
860.88525,580.4
861.00287,584.6
861.12042,580.8
861.23804,587.0
861.35559,587.6
861.47314,583.0
861.5907,581.8
861.70825,584.0
861.82581,578.6
861.94336,570.4
862.06091,567.0
862.17847,571.2
862.29602,565.2
862.41357,568.2
862.53113,566.2
862.64862,567.8
862.76617,571.0
862.88367,572.4
863.00122,572.2
863.11871,571.0
863.23627,568.2
863.35376,571.0
863.47125,570.2
863.58881,569.0
863.7063,576.4
863.82379,569.4
863.94128,564.8
864.05878,565.8
864.17627,571.4
864.29376,570.4
864.41125,572.6
864.52869,564.4
864.64618,569.8
864.76367,570.0
864.8811,566.4
864.9986,563.4
865.11609,568.4
865.23352,562.0
865.35095,571.6
865.46844,565.2
865.58588,562.0
865.70331,572.8
865.82074,570.2
865.93823,566.0
866.05566,563.6
866.1731,568.2
866.29053,567.0
866.4079,569.6
866.52533,567.0
866.64276,571.2
866.76019,569.6
866.87756,568.2
866.995,574.8
867.11243,567.4
867.2298,569.6
867.34723,569.2
867.4646,562.8
867.58197,570.2
867.6994,569.4
867.81677,569.4
867.93414,566.4
868.05151,571.8
868.16888,565.8
868.28625,567.4
868.40363,575.0
868.521,573.8
868.63837,573.8
868.75568,572.0
868.87305,575.0
868.99042,575.4
869.10773,571.6
869.2251,573.0
869.34241,579.2
869.45978,575.2
869.57709,574.0
869.69446,568.0
869.81177,575.8
869.92908,575.6
870.04639,578.0
870.1637,575.2
870.28101,568.8
870.39832,572.6
870.51563,580.0
870.63293,577.2
870.75024,581.2
870.86749,580.0
870.9848,574.2
871.10211,579.2
871.21936,575.8
871.33667,585.2
871.45392,583.0
871.57123,578.2
871.68848,571.2
871.80573,570.4
871.92297,573.0
872.04028,569.4
872.15753,575.8
872.27478,573.4
872.39203,578.4
872.50928,572.8
872.62646,570.0
872.74371,571.6
872.86096,575.4
872.97821,577.2
873.0954,572.0
873.21265,569.8
873.32983,563.2
873.44708,573.8
873.56427,569.8
873.68152,571.2
873.79871,568.4
873.91589,566.0
874.03308,569.8
874.15027,575.2
874.26746,565.0
874.38464,571.6
874.50183,569.0
874.61902,567.4
874.73621,575.0
874.85339,572.4
874.97052,571.0
875.08771,571.8
875.2049,567.6
875.32202,565.8
875.43921,572.0
875.55634,572.0
875.67346,573.4
875.79065,577.4
875.90778,575.4
876.0249,570.2
876.14203,575.6
876.25916,570.2
876.37628,576.0
876.49341,581.2
876.61053,574.0
876.72766,578.0
876.84473,578.2
876.96185,574.6
877.07898,575.2
877.19604,576.6
877.31317,579.6
877.43024,574.6
877.54736,571.0
877.66443,571.6
877.78149,571.2
877.89856,563.8
878.01569,569.0
878.13275,565.0
878.24982,569.2
878.36688,564.8
878.48395,569.0
878.60095,565.8
878.71802,563.0
878.83508,568.6
878.95215,559.8
879.06915,557.4
879.18622,566.8
879.30322,567.0
879.42029,555.0
879.53729,560.8
879.6543,556.6
879.77136,555.4
879.88837,563.2
880.00537,564.4
880.12238,561.0
880.23938,558.4
880.35638,561.4
880.47339,557.0
880.59039,557.2
880.70734,559.4
880.82434,560.2
880.94135,566.0
881.05829,558.2
881.17529,556.4
881.29224,557.6
881.40924,552.6
881.52618,552.6
881.64313,561.0
881.76007,559.0
881.87701,558.0
881.99402,557.6
882.11096,551.2
882.22791,557.6
882.34479,555.6
882.46173,556.4
882.57867,556.4
882.69562,558.6
882.8125,559.6
882.92944,555.6
883.04639,560.8
883.16327,561.4
883.28015,559.0
883.39709,557.4
883.51398,555.8
883.63086,562.4
883.74774,559.2
883.86462,559.2
883.98157,566.6
884.09839,559.2
884.21527,562.4
884.33215,560.4
884.44904,559.4
884.56592,559.0
884.68274,560.0
884.79962,565.2
884.9165,566.0
885.03333,570.4
885.15015,569.4
885.26703,572.2
885.38385,572.6
885.50067,578.8
885.61749,578.2
885.73438,577.8
885.8512,585.0
885.96802,578.0
886.08478,573.4
886.2016,572.4
886.31842,568.2
886.43524,567.8
886.55206,569.6
886.66882,570.0
886.78564,570.8
886.9024,567.8
887.01923,559.4
887.13599,566.6
887.25275,558.4
887.36951,561.4
887.48633,558.6
887.60309,562.0
887.71985,556.4
887.83661,552.8
887.95337,550.8
888.07007,549.4
888.18683,550.6
888.30359,549.6
888.42035,550.0
888.53705,547.2
888.65381,544.4
888.77051,541.6
888.88721,546.4
889.00397,544.2
889.12067,545.0
889.23737,544.4
889.35406,542.8
889.47083,537.6
889.58752,541.8
889.70416,540.8
889.82086,541.8
889.93756,542.0
890.05426,546.4
890.17096,544.4
890.2876,543.8
890.4043,545.6
890.52094,539.6
890.63763,544.2
890.75427,548.6
890.87091,542.6
890.98761,540.0
891.10425,543.6
891.22089,542.0
891.33752,542.8
891.45416,540.4
891.5708,542.0
891.68744,536.2
891.80408,544.0
891.92065,543.8
892.03729,545.2
892.15393,538.4
892.27051,542.2
892.38715,539.4
892.50372,540.2
892.6203,540.0
892.73694,543.8
892.85352,544.0
892.97009,543.4
893.08667,540.4
893.20325,541.6
893.31982,544.8
893.4364,541.8
893.55298,547.8
893.66956,541.2
893.78607,549.4
893.90265,546.4
894.01917,543.2
894.13574,547.6
894.25226,544.2
894.36884,544.8
894.48535,547.0
894.60187,541.4
894.71838,541.6
894.8349,548.0
894.95148,545.0
895.06793,551.0
895.18445,547.2
895.30096,543.2
895.41748,541.4
895.534,540.2
895.65045,539.4
895.76697,549.2
895.88342,541.2
895.99994,541.6
896.11639,538.0
896.23291,541.2
896.34937,540.8
896.46582,542.4
896.58228,545.8
896.69873,538.8
896.81519,539.6
896.93164,537.6
897.0481,542.4
897.16455,547.6
897.28094,545.4
897.3974,540.0
897.51385,542.2
897.63025,545.8
897.7467,548.0
897.8631,543.2
897.97949,543.6
898.09595,544.6
898.21234,540.2
898.32874,546.0
898.44513,543.0
898.56152,542.4
898.67792,540.0
898.79431,538.4
898.91064,539.6
899.02704,539.6
899.14343,541.8
899.25977,541.6
899.37616,539.6
899.49249,534.0
899.60889,541.0
899.72522,536.6
899.84155,541.2
899.95789,545.4
900.07428,541.6
900.19061,543.8
900.30695,539.8
900.42322,541.0
900.53955,535.2
900.65588,535.4
900.77222,539.4
900.88849,543.2
901.00482,541.8
901.12109,541.8
901.23743,537.4
901.3537,534.8
901.47003,537.8
901.5863,539.6
901.70258,541.6
901.81885,539.6
901.93512,540.4
902.05139,543.6
902.16766,543.2
902.28394,546.0
902.40021,542.8
902.51642,544.8
902.63269,543.8
902.7489,545.2
902.86517,540.6
902.98138,544.0
903.09766,546.2
903.21387,546.8
903.33008,545.2
903.44629,540.2
903.5625,538.0
903.67871,542.6
903.79492,541.8
903.91113,538.8
904.02734,534.8
904.14355,532.8
904.2597,538.0
904.37592,536.2
904.49207,533.4
904.60828,531.8
904.72443,527.8
904.84064,532.4
904.95679,531.2
905.07294,534.4
905.18909,528.6
905.30524,532.4
905.42139,526.2
905.53754,534.0
905.65369,521.2
905.76984,524.6
905.88593,521.8
906.00208,523.2
906.11816,522.0
906.23431,517.2
906.3504,521.0
906.46655,518.2
906.58264,515.0
906.69873,521.6
906.81482,514.0
906.93091,518.0
907.047,521.0
907.16309,519.8
907.27917,514.4
907.39526,518.8
907.51135,517.8
907.62738,517.4
907.74347,516.2
907.8595,517.8
907.97559,517.8
908.09161,520.8
908.2077,514.4
908.32373,517.4
908.43976,515.6
908.55579,514.4
908.67181,514.0
908.78784,515.0
908.90387,515.6
909.0199,514.4
909.13586,511.2
909.25189,516.0
909.36792,511.8
909.48389,513.6
909.59991,508.6
909.71588,518.0
909.83185,514.0
909.94788,511.8
910.06384,508.4
910.17981,512.4
910.29578,517.4
910.41174,512.4
910.52771,512.2
910.64368,511.6
910.75958,514.2
910.87555,514.8
910.99152,514.6
911.10742,514.2
911.22339,512.4
911.33929,513.6
911.4552,514.6
911.57117,507.0
911.68707,512.8
911.80298,514.2
911.91888,516.0
912.03479,507.4
912.1507,510.8
912.2666,515.4
912.38245,511.4
912.49835,509.0
912.61426,515.0
912.7301,516.4
912.84601,517.4
792.4458,913.6
792.56488,883.0
792.68396,895.2
792.8031,887.8
792.92218,867.6
793.04126,850.0
793.16034,847.2
793.27942,840.6
793.3985,830.6
793.51758,813.8
793.63672,801.8
793.7558,800.6
793.87488,792.6
793.9939,792.8
794.11298,782.8
794.23206,773.4
794.35114,767.6
794.47021,756.6
794.58929,745.6
794.70831,744.4
794.82739,745.6
794.94647,736.0
795.06549,741.0
795.18457,729.6
795.30365,715.8
795.42267,709.2
795.54175,704.0
795.66077,711.0
795.77985,697.4
795.89886,699.2
796.01794,699.8
796.13696,694.2
796.25598,687.6
796.375,684.2
796.49408,687.2
796.6131,677.0
796.73212,679.4
796.85114,675.6
796.97015,665.4
797.08923,664.0
797.20825,661.8
797.32727,662.4
797.44629,661.6
797.56531,655.8
797.68427,655.6
797.80328,653.2
797.9223,652.8
798.04132,651.8
798.16034,651.6
798.27936,646.8
798.39832,648.0
798.51733,641.2
798.63635,651.8
798.75531,639.0
798.87433,639.8
798.99329,639.0
799.1123,634.4
799.23126,633.4
799.35028,634.4
799.46924,635.0
799.58826,643.8
799.70721,629.4
799.82617,631.0
799.94519,625.4
800.06415,627.6
800.18311,631.0
800.30206,634.4
800.42102,632.8
800.54004,630.0
800.659,632.0
800.77795,627.2
800.89691,622.4
801.01587,627.4
801.13483,619.6
801.25372,627.2
801.37268,624.0
801.49164,631.6
801.6106,626.4
801.72955,624.4
801.84845,619.8
801.96741,629.4
802.08636,617.4
802.20526,616.8
802.32422,620.2
802.44318,624.2
802.56207,625.4
802.68103,620.2
802.79993,620.2
802.91882,620.0
803.03778,615.4
803.15668,620.4
803.27557,617.6
803.39453,617.2
803.51343,611.8
803.63232,619.4
803.75122,618.2
803.87012,615.0
803.98907,614.2
804.10797,616.8
804.22687,610.8
804.34576,615.2
804.46466,614.0
804.58356,611.2
804.70239,614.0
804.82129,614.8
804.94019,611.4
805.05908,616.4
805.17798,607.8
805.29681,618.8
805.41571,615.8
805.53461,618.2
805.65344,610.8
805.77234,616.6
805.89117,615.8
806.01007,619.4
806.12891,616.6
806.2478,620.0
806.36664,617.6
806.48547,616.0
806.60437,612.2
806.72321,620.0
806.84204,615.8
806.96088,621.6
807.07971,611.2
807.19861,616.0
807.31744,615.2
807.43628,622.6
807.55511,614.4
807.67395,619.6
807.79279,619.2
807.91162,618.6
808.0304,620.8
808.14923,620.8
808.26807,616.6
808.3869,618.6
808.50568,620.0
808.62451,618.8
808.74335,619.2
808.86212,618.0
808.98096,621.0
809.09979,619.8
809.21857,616.0
809.33734,623.4
809.45618,615.8
809.57495,623.4
809.69379,625.8
809.81256,626.6
809.93134,618.0
810.05011,613.6
810.16895,621.8
810.28772,615.0
810.40649,612.4
810.52527,620.4
810.64404,623.6
810.76282,627.2
810.88159,620.8
811.00037,628.0
811.11914,617.6
811.23792,613.4
811.35663,619.0
811.4754,625.4
811.59418,622.0
811.71295,624.8
811.83167,615.0
811.95044,619.4
812.06921,619.0
812.18793,616.0
812.3067,614.4
812.42542,617.0
812.54419,615.0
812.6629,620.4
812.78162,618.4
812.90039,620.6
813.0191,611.8
813.13782,617.2
813.25653,613.2
813.37524,607.8
813.49402,609.6
813.61273,619.6
813.73145,612.0
813.85016,612.8
813.96887,613.6
814.08759,613.2
814.2063,617.6
814.32495,621.6
814.44366,617.8
814.56238,610.2
814.68109,606.4
814.79974,609.4
814.91846,605.0
815.03717,608.0
815.15582,603.4
815.27454,609.8
815.39319,597.2
815.5119,597.6
815.63055,604.2
815.74927,605.4
815.86792,604.4
815.98657,601.8
816.10529,602.4
816.22394,612.2
816.34259,605.8
816.46124,610.8
816.5799,615.2
816.69855,613.4
816.8172,607.2
816.93585,603.8
817.0545,604.0
817.17316,601.6
817.29181,598.4
817.41046,603.0
817.52911,597.4
817.64771,593.6
817.76636,590.6
817.88501,588.4
818.0036,589.8
818.12225,588.2
818.24091,586.4
818.3595,588.0
818.47815,585.0
818.59674,588.8
818.71533,584.8
818.83398,580.2
818.95258,580.4
819.07117,581.4
819.18976,577.8
819.30841,580.4
819.427,582.6
819.54559,578.6
819.66418,574.8
819.78278,583.2
819.90137,578.6
820.01996,580.8
820.13855,571.6
820.25714,577.6
820.37573,574.4
820.49426,572.4
820.61285,568.2
820.73145,572.4
820.84998,573.4
820.96857,565.8
821.08716,567.0
821.20569,567.4
821.32428,565.0
821.44281,567.4
821.56134,567.6
821.67993,565.2
821.79846,566.4
821.91699,567.2
822.03558,560.6
822.15411,564.8
822.27264,559.6
822.39117,562.8
822.5097,556.0
822.62823,561.6
822.74677,562.4
822.8653,559.8
822.98383,559.0
823.10236,558.4
823.22089,559.6
823.33942,555.8
823.45789,557.8
823.57642,559.0
823.69495,562.2
823.81342,559.2
823.93195,554.4
824.05042,561.0
824.16895,557.2
824.28741,564.8
824.40594,561.0
824.52441,562.4
824.64288,561.2
824.76141,558.6
824.87988,558.0
824.99835,563.4
825.11682,557.2
825.23529,558.6
825.35376,561.2
825.47223,560.6
825.5907,554.4
825.70917,557.4
825.82764,557.6
825.94611,559.2
826.06458,556.4
826.18304,555.0
826.30145,556.0
826.41992,560.8
826.53839,558.0
826.6568,561.2
826.77527,558.8
826.89368,564.8
827.01215,555.6
827.13055,557.6
827.24902,553.8
827.36743,554.8
827.48584,555.2
827.60431,556.6
827.72272,552.8
827.84113,551.0
827.95953,549.6
828.07794,548.4
828.19635,553.8
828.31476,549.4
828.43317,541.6
828.55157,550.8
828.66998,552.8
828.78839,552.0
828.90674,549.2
829.02515,550.2
829.14355,558.2
829.2619,548.6
829.38031,546.6
829.49872,546.8
829.61707,538.2
829.73547,545.2
829.85382,548.2
829.97217,544.0
830.09058,544.4
830.20892,546.8
830.32727,548.4
830.44562,546.6
830.56403,546.2
830.68237,546.0
830.80072,543.8
830.91907,544.6
831.03741,544.4
831.15576,545.6
831.27411,539.4
831.3924,542.4
831.51074,545.8
831.62909,548.0
831.74744,546.6
831.86572,544.0
831.98407,544.4
832.10242,548.2
832.2207,546.2
832.33905,546.6
832.45734,545.2
832.57562,549.2
832.69397,547.2
832.81226,545.8
832.93054,544.6
833.04889,546.4
833.16718,543.6
833.28546,546.6
833.40375,547.2
833.52203,554.0
833.64032,544.4
833.75861,551.0
833.87689,546.4
833.99518,549.4
834.1134,555.8
834.23169,552.6
834.34998,552.0
834.46826,553.2
834.58649,554.6
834.70477,555.0
834.823,555.6
834.94128,557.0
835.05951,549.8
835.1778,552.0
835.29602,549.2
835.41425,549.6
835.53253,546.2
835.65076,550.6
835.76898,550.4
835.88721,550.6
836.00543,556.2
836.12366,549.8
836.24188,543.6
836.36011,552.6
836.47833,550.2
836.59656,550.6
836.71478,545.6
836.83295,547.4
836.95117,542.4
837.0694,547.2
837.18756,546.6
837.30579,551.8
837.42401,547.2
837.54218,553.8
837.66034,546.8
837.77856,552.4
837.89673,552.8
838.01489,550.4
838.13312,544.2
838.25128,549.6
838.36945,552.4
838.48761,549.6
838.60577,552.8
838.72394,552.6
838.8421,550.4
838.96027,555.8
839.07843,550.0
839.19659,552.0
839.31476,555.8
839.43286,558.0
839.55103,552.6
839.66919,557.6
839.78729,553.8
839.90546,556.0
840.02356,554.4
840.14172,556.0
840.25983,551.0
840.37793,556.2
840.49609,548.0
840.6142,558.0
840.7323,555.4
840.8504,557.8
840.96851,547.2
841.08661,551.8
841.20471,548.6
841.32281,558.8
841.44092,555.0
841.55902,557.6
841.67712,550.8
841.79523,553.4
841.91327,553.8
842.03137,557.8
842.14948,553.8
842.26752,549.0
842.38562,558.0
842.50366,551.4
842.62177,553.2
842.73981,559.6
842.85791,550.0
842.97595,554.8
843.09399,559.0
843.21204,559.8
843.33008,558.2
843.44818,558.4
843.56622,557.4
843.68427,558.6
843.80231,559.6
843.92029,559.6
844.03833,562.6
844.15637,566.4
844.27441,558.8
844.39246,562.8
844.51044,559.4
844.62848,565.0
844.74646,564.0
844.8645,564.4
844.98248,565.2
845.10052,560.0
845.21851,562.6
845.33649,563.6
845.45453,562.4
845.57251,557.8
845.69049,557.4
845.80847,556.4
845.92645,560.6
846.04443,560.6
846.16241,563.4
846.2804,567.0
846.39838,558.2
846.51636,565.8
846.63434,567.6
846.75226,571.8
846.87024,569.6
846.98822,569.6
847.10614,562.0
847.22412,568.6
847.34204,566.4
847.46002,568.2
847.57794,561.6
847.69586,565.6
847.81384,565.4
847.93176,576.2
848.04968,568.2
848.1676,563.8
848.28552,563.8
848.40344,562.8
848.52136,558.6
848.63928,560.4
848.7572,565.4
848.87512,567.4
848.99304,562.0
849.1109,553.4
849.22882,556.8
849.34674,565.4
849.4646,554.0
849.58252,555.2
849.70038,554.6
849.8183,553.2
849.93616,554.6
850.05402,557.2
850.17194,553.2
850.28979,560.2
850.40765,556.6
850.52551,559.6
850.64337,558.8
850.76123,558.6
850.87909,551.4
850.99695,560.8
851.11481,551.0
851.23267,560.2
851.35046,561.4
851.46832,549.6
851.58618,548.2
851.70398,554.6
851.82184,560.8
851.93964,557.2
852.0575,572.6
852.17529,574.4
852.29315,574.8
852.41095,573.0
852.52875,558.6
852.64655,553.6
852.7644,556.6
852.8822,553.8
853.0,542.6
853.1178,546.8
853.2356,549.8
853.35333,545.4
853.47113,555.2
853.58893,549.2
853.70673,552.0
853.82446,552.6
853.94226,548.8
854.06006,557.4
854.1778,558.2
854.29559,556.8
854.41333,556.8
854.53107,555.8
854.64886,559.6
854.7666,551.8
854.88434,552.2
855.00208,549.4
855.11981,550.8
855.23761,553.6
855.35535,552.4
855.47302,553.0
855.59076,552.0
855.7085,551.0
855.82623,553.6
855.94397,550.4
856.06165,554.4
856.17938,552.4
856.29712,547.8
856.41479,556.0
856.53253,555.0
856.65021,550.4
856.76788,544.2
856.88562,554.6
857.0033,551.0
857.12097,543.0
857.23865,546.8
857.35632,545.4
857.474,548.8
857.59167,552.8
857.70935,554.0
857.82703,552.2
857.9447,548.0
858.06238,549.6
858.18005,550.2
858.29767,547.2
858.41534,552.8
858.53296,550.4
858.65063,551.0
858.76825,549.8
858.88593,547.4
859.00354,546.8
859.12115,547.4
859.23883,547.8
859.35645,541.2
859.47406,548.6
859.59167,543.4
859.70929,543.6
859.8269,543.6
859.94452,539.6
860.06213,546.0
860.17975,546.8
860.29736,539.0
860.41492,535.2
860.53253,539.8
860.65009,538.4
860.7677,538.6
860.88525,551.6
861.00287,541.6
861.12042,545.4
861.23804,543.6
861.35559,543.8
861.47314,545.2
861.5907,535.8
861.70825,538.2
861.82581,538.4
861.94336,530.8
862.06091,539.2
862.17847,532.4
862.29602,534.2
862.41357,534.2
862.53113,529.2
862.64862,534.2
862.76617,534.0
862.88367,531.2
863.00122,540.0
863.11871,533.6
863.23627,537.2
863.35376,535.6
863.47125,536.2
863.58881,534.6
863.7063,535.0
863.82379,527.8
863.94128,536.0
864.05878,530.0
864.17627,534.2
864.29376,533.0
864.41125,536.6
864.52869,535.4
864.64618,539.4
864.76367,530.6
864.8811,534.0
864.9986,527.8
865.11609,534.6
865.23352,535.0
865.35095,528.0
865.46844,528.8
865.58588,529.2
865.70331,530.2
865.82074,537.6
865.93823,532.6
866.05566,528.4
866.1731,530.2
866.29053,533.8
866.4079,534.0
866.52533,537.6
866.64276,537.6
866.76019,532.8
866.87756,536.8
866.995,539.8
867.11243,533.2
867.2298,539.4
867.34723,538.0
867.4646,534.2
867.58197,539.0
867.6994,538.4
867.81677,538.8
867.93414,536.0
868.05151,530.0
868.16888,540.6
868.28625,531.2
868.40363,533.4
868.521,536.8
868.63837,537.0
868.75568,536.0
868.87305,535.2
868.99042,537.2
869.10773,540.4
869.2251,540.4
869.34241,544.0
869.45978,540.4
869.57709,540.8
869.69446,535.4
869.81177,540.2
869.92908,542.6
870.04639,546.4
870.1637,537.2
870.28101,546.0
870.39832,540.6
870.51563,539.6
870.63293,545.4
870.75024,545.0
870.86749,539.2
870.9848,539.8
871.10211,541.4
871.21936,547.2
871.33667,538.6
871.45392,541.6
871.57123,546.2
871.68848,544.2
871.80573,543.6
871.92297,546.2
872.04028,538.4
872.15753,545.4
872.27478,538.8
872.39203,540.8
872.50928,537.6
872.62646,536.6
872.74371,543.2
872.86096,543.6
872.97821,542.0
873.0954,540.6
873.21265,540.0
873.32983,536.6
873.44708,539.4
873.56427,542.4
873.68152,539.2
873.79871,537.4
873.91589,539.6
874.03308,543.4
874.15027,538.4
874.26746,540.2
874.38464,536.4
874.50183,543.2
874.61902,537.6
874.73621,542.6
874.85339,542.0
874.97052,542.0
875.08771,542.0
875.2049,544.6
875.32202,541.2
875.43921,547.0
875.55634,537.4
875.67346,550.6
875.79065,541.0
875.90778,551.0
876.0249,547.0
876.14203,545.6
876.25916,540.0
876.37628,545.8
876.49341,540.4
876.61053,548.6
876.72766,538.4
876.84473,546.2
876.96185,542.6
877.07898,545.0
877.19604,550.8
877.31317,552.0
877.43024,545.0
877.54736,551.4
877.66443,546.0
877.78149,544.6
877.89856,544.2
878.01569,543.4
878.13275,543.6
878.24982,534.4
878.36688,535.2
878.48395,534.0
878.60095,537.2
878.71802,533.6
878.83508,534.2
878.95215,530.8
879.06915,528.0
879.18622,536.6
879.30322,530.2
879.42029,525.2
879.53729,529.8
879.6543,531.0
879.77136,522.8
879.88837,529.8
880.00537,528.6
880.12238,537.4
880.23938,528.4
880.35638,536.0
880.47339,529.6
880.59039,529.0
880.70734,534.2
880.82434,529.8
880.94135,530.0
881.05829,532.4
881.17529,525.4
881.29224,530.4
881.40924,528.8
881.52618,527.4
881.64313,531.0
881.76007,532.8
881.87701,532.6
881.99402,534.6
882.11096,530.4
882.22791,531.2
882.34479,528.2
882.46173,534.6
882.57867,531.0
882.69562,535.8
882.8125,532.6
882.92944,537.4
883.04639,537.6
883.16327,540.6
883.28015,533.8
883.39709,537.0
883.51398,534.4
883.63086,531.6
883.74774,532.6
883.86462,534.4
883.98157,536.4
884.09839,531.2
884.21527,537.2
884.33215,538.2
884.44904,537.4
884.56592,539.8
884.68274,535.0
884.79962,538.2
884.9165,542.2
885.03333,547.8
885.15015,548.8
885.26703,541.8
885.38385,551.0
885.50067,554.2
885.61749,553.8
885.73438,555.0
885.8512,552.2
885.96802,554.2
886.08478,549.0
886.2016,548.6
886.31842,546.2
886.43524,548.6
886.55206,542.8
886.66882,546.2
886.78564,538.2
886.9024,538.0
887.01923,535.2
887.13599,538.0
887.25275,533.8
887.36951,534.8
887.48633,532.6
887.60309,535.0
887.71985,527.6
887.83661,527.0
887.95337,523.8
888.07007,529.4
888.18683,520.6
888.30359,522.4
888.42035,521.6
888.53705,522.4
888.65381,518.4
888.77051,521.0
888.88721,523.4
889.00397,522.2
889.12067,520.2
889.23737,514.2
889.35406,519.0
889.47083,518.4
889.58752,516.6
889.70416,511.6
889.82086,518.8
889.93756,516.8
890.05426,513.2
890.17096,516.6
890.2876,520.4
890.4043,518.8
890.52094,515.0
890.63763,519.6
890.75427,515.4
890.87091,519.2
890.98761,521.6
891.10425,522.8
891.22089,517.4
891.33752,521.2
891.45416,512.0
891.5708,514.8
891.68744,515.2
891.80408,514.2
891.92065,513.4
892.03729,514.0
892.15393,518.8
892.27051,516.8
892.38715,513.6
892.50372,515.4
892.6203,520.0
892.73694,517.4
892.85352,517.6
892.97009,514.6
893.08667,518.4
893.20325,516.0
893.31982,517.6
893.4364,520.0
893.55298,525.6
893.66956,523.8
893.78607,523.0
893.90265,522.8
894.01917,518.6
894.13574,522.2
894.25226,520.2
894.36884,519.8
894.48535,517.6
894.60187,522.4
894.71838,519.6
894.8349,523.4
894.95148,517.4
895.06793,522.8
895.18445,517.0
895.30096,522.6
895.41748,520.0
895.534,519.2
895.65045,516.4
895.76697,519.8
895.88342,521.6
895.99994,518.0
896.11639,518.6
896.23291,514.6
896.34937,517.6
896.46582,520.4
896.58228,517.8
896.69873,520.6
896.81519,513.8
896.93164,518.6
897.0481,517.0
897.16455,525.0
897.28094,514.4
897.3974,519.4
897.51385,519.2
897.63025,527.4
897.7467,516.0
897.8631,519.8
897.97949,517.8
898.09595,517.6
898.21234,519.4
898.32874,517.6
898.44513,517.6
898.56152,519.4
898.67792,517.2
898.79431,516.8
898.91064,521.2
899.02704,516.6
899.14343,518.0
899.25977,517.4
899.37616,516.0
899.49249,517.0
899.60889,518.2
899.72522,518.2
899.84155,520.2
899.95789,520.8
900.07428,524.2
900.19061,521.2
900.30695,518.4
900.42322,521.6
900.53955,515.0
900.65588,516.6
900.77222,522.2
900.88849,521.8
901.00482,517.6
901.12109,521.6
901.23743,524.6
901.3537,522.2
901.47003,523.2
901.5863,528.2
901.70258,527.4
901.81885,525.4
901.93512,530.6
902.05139,532.8
902.16766,530.6
902.28394,533.0
902.40021,530.6
902.51642,532.6
902.63269,524.2
902.7489,532.2
902.86517,523.2
902.98138,521.4
903.09766,521.8
903.21387,525.0
903.33008,531.2
903.44629,524.6
903.5625,520.4
903.67871,519.8
903.79492,519.6
903.91113,514.0
904.02734,511.2
904.14355,517.6
904.2597,515.4
904.37592,518.8
904.49207,509.4
904.60828,513.0
904.72443,511.0
904.84064,515.6
904.95679,516.0
905.07294,509.0
905.18909,508.0
905.30524,510.8
905.42139,510.0
905.53754,504.2
905.65369,504.0
905.76984,501.2
905.88593,501.0
906.00208,507.8
906.11816,505.6
906.23431,501.6
906.3504,500.2
906.46655,498.8
906.58264,494.8
906.69873,496.2
906.81482,502.4
906.93091,496.0
907.047,496.2
907.16309,502.6
907.27917,500.4
907.39526,500.4
907.51135,497.8
907.62738,497.0
907.74347,497.0
907.8595,500.6
907.97559,501.6
908.09161,494.8
908.2077,493.4
908.32373,501.6
908.43976,494.2
908.55579,495.4
908.67181,499.6
908.78784,502.0
908.90387,490.6
909.0199,498.2
909.13586,493.8
909.25189,493.0
909.36792,495.8
909.48389,496.8
909.59991,495.6
909.71588,494.2
909.83185,498.0
909.94788,494.4
910.06384,492.6
910.17981,494.0
910.29578,493.4
910.41174,496.4
910.52771,494.0
910.64368,496.2
910.75958,490.8
910.87555,494.8
910.99152,489.2
911.10742,505.4
911.22339,491.8
911.33929,496.0
911.4552,494.8
911.57117,492.0
911.68707,495.4
911.80298,495.2
911.91888,491.0
912.03479,489.6
912.1507,498.0
912.2666,492.2
912.38245,493.4
912.49835,496.8
912.61426,496.2
912.7301,495.8
912.84601,496.8
792.4458,1088.8
792.56488,1055.2
792.68396,1059.4
792.8031,1058.0
792.92218,1031.2
793.04126,1018.0
793.16034,1014.6
793.27942,1005.6
793.3985,995.6
793.51758,969.4
793.63672,947.6
793.7558,944.4
793.87488,952.8
793.9939,945.6
794.11298,934.4
794.23206,923.2
794.35114,914.8
794.47021,912.0
794.58929,897.8
794.70831,886.4
794.82739,891.6
794.94647,881.4
795.06549,874.8
795.18457,871.2
795.30365,863.4
795.42267,848.6
795.54175,846.2
795.66077,852.4
795.77985,844.0
795.89886,851.2
796.01794,846.8
796.13696,835.6
796.25598,840.4
796.375,824.6
796.49408,829.6
796.6131,833.6
796.73212,837.6
796.85114,817.6
796.97015,813.6
797.08923,807.2
797.20825,810.0
797.32727,814.6
797.44629,809.8
797.56531,807.8
797.68427,802.0
797.80328,807.8
797.9223,806.2
798.04132,796.8
798.16034,807.0
798.27936,803.0
798.39832,793.8
798.51733,796.4
798.63635,794.0
798.75531,798.2
798.87433,785.6
798.99329,785.8
799.1123,786.8
799.23126,788.0
799.35028,793.6
799.46924,794.2
799.58826,792.6
799.70721,790.8
799.82617,792.2
799.94519,800.8
800.06415,798.8
800.18311,798.2
800.30206,792.0
800.42102,807.4
800.54004,801.4
800.659,802.4
800.77795,801.6
800.89691,797.2
801.01587,794.4
801.13483,800.6
801.25372,795.0
801.37268,805.0
801.49164,803.8
801.6106,805.2
801.72955,798.4
801.84845,796.8
801.96741,799.2
802.08636,796.2
802.20526,797.6
802.32422,796.6
802.44318,809.0
802.56207,798.8
802.68103,803.0
802.79993,794.0
802.91882,799.8
803.03778,792.6
803.15668,795.6
803.27557,793.2
803.39453,793.4
803.51343,793.4
803.63232,786.6
803.75122,783.0
803.87012,786.4
803.98907,787.8
804.10797,785.8
804.22687,775.2
804.34576,778.6
804.46466,772.6
804.58356,775.6
804.70239,771.4
804.82129,768.0
804.94019,768.2
805.05908,776.4
805.17798,767.8
805.29681,767.8
805.41571,777.6
805.53461,764.0
805.65344,762.6
805.77234,767.8
805.89117,758.6
806.01007,773.2
806.12891,768.4
806.2478,761.0
806.36664,755.8
806.48547,757.0
806.60437,757.4
806.72321,759.4
806.84204,758.8
806.96088,751.0
807.07971,752.0
807.19861,757.2
807.31744,761.8
807.43628,759.6
807.55511,755.8
807.67395,745.4
807.79279,747.6
807.91162,751.0
808.0304,759.6
808.14923,754.0
808.26807,751.6
808.3869,754.4
808.50568,758.4
808.62451,753.8
808.74335,762.4
808.86212,752.8
808.98096,749.8
809.09979,749.8
809.21857,750.6
809.33734,750.2
809.45618,750.0
809.57495,751.4
809.69379,759.2
809.81256,758.0
809.93134,753.8
810.05011,746.8
810.16895,740.0
810.28772,748.6
810.40649,750.6
810.52527,756.8
810.64404,755.0
810.76282,762.0
810.88159,753.0
811.00037,751.6
811.11914,747.6
811.23792,754.0
811.35663,763.6
811.4754,758.4
811.59418,754.2
811.71295,755.8
811.83167,759.6
811.95044,751.6
812.06921,764.0
812.18793,751.6
812.3067,750.8
812.42542,762.0
812.54419,763.2
812.6629,771.2
812.78162,753.8
812.90039,751.6
813.0191,757.4
813.13782,750.0
813.25653,759.6
813.37524,761.0
813.49402,760.4
813.61273,763.8
813.73145,757.8
813.85016,769.8
813.96887,759.4
814.08759,764.8
814.2063,760.0
814.32495,771.2
814.44366,764.8
814.56238,757.8
814.68109,759.2
814.79974,752.8
814.91846,751.6
815.03717,760.8
815.15582,763.8
815.27454,756.8
815.39319,758.8
815.5119,753.4
815.63055,744.8
815.74927,748.4
815.86792,746.8
815.98657,750.8
816.10529,747.6
816.22394,756.8
816.34259,756.4
816.46124,763.0
816.5799,761.2
816.69855,756.6
816.8172,751.4
816.93585,744.2
817.0545,744.8
817.17316,738.0
817.29181,733.6
817.41046,735.2
817.52911,732.0
817.64771,723.2
817.76636,717.8
817.88501,712.0
818.0036,710.8
818.12225,711.6
818.24091,706.2
818.3595,705.0
818.47815,706.4
818.59674,705.6
818.71533,703.4
818.83398,701.0
818.95258,692.2
819.07117,687.8
819.18976,688.8
819.30841,692.0
819.427,695.4
819.54559,688.2
819.66418,686.6
819.78278,691.0
819.90137,688.8
820.01996,678.8
820.13855,678.6
820.25714,675.2
820.37573,678.0
820.49426,676.8
820.61285,668.8
820.73145,672.6
820.84998,667.6
820.96857,668.6
821.08716,663.8
821.20569,663.8
821.32428,663.6
821.44281,663.8
821.56134,663.2
821.67993,663.4
821.79846,664.8
821.91699,654.8
822.03558,657.2
822.15411,656.2
822.27264,654.2
822.39117,648.2
822.5097,653.2
822.62823,649.4
822.74677,652.2
822.8653,650.8
822.98383,650.2
823.10236,656.2
823.22089,649.4
823.33942,647.2
823.45789,649.2
823.57642,652.8
823.69495,643.4
823.81342,651.6
823.93195,646.2
824.05042,649.8
824.16895,642.2
824.28741,647.2
824.40594,641.4
824.52441,647.8
824.64288,649.6
824.76141,646.4
824.87988,649.4
824.99835,644.8
825.11682,644.6
825.23529,653.8
825.35376,643.2
825.47223,645.8
825.5907,647.8
825.70917,646.8
825.82764,643.6
825.94611,640.8
826.06458,637.8
826.18304,641.2
826.30145,639.2
826.41992,640.4
826.53839,635.0
826.6568,644.6
826.77527,641.8
826.89368,642.0
827.01215,640.2
827.13055,643.6
827.24902,636.2
827.36743,638.8
827.48584,637.6
827.60431,635.8
827.72272,628.6
827.84113,633.8
827.95953,628.6
828.07794,628.6
828.19635,629.2
828.31476,630.0
828.43317,632.6
828.55157,637.2
828.66998,627.8
828.78839,630.8
828.90674,631.4
829.02515,627.0
829.14355,633.0
829.2619,630.2
829.38031,622.2
829.49872,627.6
829.61707,620.8
829.73547,623.2
829.85382,624.8
829.97217,623.0
830.09058,622.6
830.20892,625.8
830.32727,619.0
830.44562,627.4
830.56403,624.2
830.68237,623.6
830.80072,621.4
830.91907,623.6
831.03741,619.0
831.15576,622.8
831.27411,621.8
831.3924,617.0
831.51074,621.2
831.62909,622.2
831.74744,616.2
831.86572,622.6
831.98407,625.0
832.10242,626.6
832.2207,620.6
832.33905,623.0
832.45734,623.8
832.57562,619.0
832.69397,617.4
832.81226,622.4
832.93054,622.0
833.04889,621.4
833.16718,619.6
833.28546,618.0
833.40375,625.6
833.52203,620.0
833.64032,610.4
833.75861,617.6
833.87689,620.2
833.99518,625.2
834.1134,625.0
834.23169,616.6
834.34998,619.4
834.46826,620.6
834.58649,622.8
834.70477,625.4
834.823,619.0
834.94128,628.4
835.05951,622.2
835.1778,627.6
835.29602,622.4
835.41425,614.4
835.53253,620.0
835.65076,626.2
835.76898,624.8
835.88721,621.0
836.00543,626.0
836.12366,628.6
836.24188,622.0
836.36011,627.2
836.47833,620.8
836.59656,620.2
836.71478,618.0
836.83295,622.8
836.95117,617.4
837.0694,623.8
837.18756,620.8
837.30579,624.4
837.42401,618.2
837.54218,622.0
837.66034,616.4
837.77856,622.2
837.89673,623.2
838.01489,623.8
838.13312,615.4
838.25128,613.4
838.36945,622.2
838.48761,616.2
838.60577,624.0
838.72394,624.0
838.8421,619.4
838.96027,618.8
839.07843,614.0
839.19659,622.8
839.31476,613.0
839.43286,625.0
839.55103,621.8
839.66919,625.8
839.78729,618.4
839.90546,617.6
840.02356,618.2
840.14172,618.4
840.25983,619.2
840.37793,617.8
840.49609,617.6
840.6142,619.8
840.7323,618.4
840.8504,615.6
840.96851,613.8
841.08661,615.6
841.20471,614.0
841.32281,621.8
841.44092,617.2
841.55902,615.0
841.67712,614.4
841.79523,618.4
841.91327,611.4
842.03137,617.8
842.14948,619.2
842.26752,619.8
842.38562,617.8
842.50366,610.6
842.62177,613.6
842.73981,619.8
842.85791,622.0
842.97595,622.6
843.09399,620.2
843.21204,618.2
843.33008,621.6
843.44818,619.2
843.56622,618.4
843.68427,619.2
843.80231,626.2
843.92029,623.6
844.03833,629.0
844.15637,623.2
844.27441,626.4
844.39246,625.6
844.51044,624.6
844.62848,617.6
844.74646,623.2
844.8645,622.0
844.98248,617.0
845.10052,621.0
845.21851,625.6
845.33649,615.4
845.45453,611.6
845.57251,619.6
845.69049,611.4
845.80847,617.6
845.92645,624.8
846.04443,617.6
846.16241,621.0
846.2804,614.8
846.39838,621.4
846.51636,621.6
846.63434,619.6
846.75226,620.2
846.87024,627.0
846.98822,621.8
847.10614,618.4
847.22412,615.4
847.34204,618.0
847.46002,611.8
847.57794,612.8
847.69586,619.6
847.81384,617.0
847.93176,618.8
848.04968,621.4
848.1676,621.4
848.28552,617.8
848.40344,616.0
848.52136,621.0
848.63928,619.4
848.7572,620.2
848.87512,612.8
848.99304,617.8
849.1109,617.0
849.22882,613.6
849.34674,618.2
849.4646,614.6
849.58252,619.0
849.70038,616.4
849.8183,618.6
849.93616,618.8
850.05402,620.0
850.17194,620.0
850.28979,620.0
850.40765,617.2
850.52551,619.2
850.64337,619.6
850.76123,619.6
850.87909,617.6
850.99695,619.8
851.11481,621.0
851.23267,618.0
851.35046,608.6
851.46832,613.6
851.58618,612.2
851.70398,616.6
851.82184,615.4
851.93964,624.6
852.0575,631.2
852.17529,638.4
852.29315,634.4
852.41095,622.6
852.52875,621.2
852.64655,617.6
852.7644,610.6
852.8822,615.6
853.0,613.4
853.1178,611.4
853.2356,614.6
853.35333,609.6
853.47113,614.2
853.58893,615.8
853.70673,616.2
853.82446,618.0
853.94226,620.6
854.06006,611.8
854.1778,615.2
854.29559,619.2
854.41333,620.2
854.53107,625.0
854.64886,621.2
854.7666,624.4
854.88434,617.6
855.00208,613.2
855.11981,607.0
855.23761,617.2
855.35535,615.8
855.47302,616.0
855.59076,613.0
855.7085,611.4
855.82623,610.8
855.94397,617.8
856.06165,611.8
856.17938,619.8
856.29712,613.2
856.41479,619.2
856.53253,620.0
856.65021,614.0
856.76788,611.6
856.88562,614.8
857.0033,616.2
857.12097,615.6
857.23865,619.6
857.35632,609.2
857.474,613.6
857.59167,610.0
857.70935,617.8
857.82703,612.4
857.9447,617.2
858.06238,612.2
858.18005,610.0
858.29767,612.4
858.41534,606.6
858.53296,605.2
858.65063,614.4
858.76825,617.6
858.88593,619.0
859.00354,606.2
859.12115,611.2
859.23883,615.6
859.35645,606.0
859.47406,609.0
859.59167,607.6
859.70929,611.6
859.8269,609.0
859.94452,601.0
860.06213,612.6
860.17975,601.4
860.29736,604.4
860.41492,599.6
860.53253,602.8
860.65009,602.0
860.7677,598.2
860.88525,611.0
861.00287,606.0
861.12042,608.6
861.23804,607.4
861.35559,608.8
861.47314,602.0
861.5907,607.6
861.70825,598.0
861.82581,598.4
861.94336,590.8
862.06091,594.6
862.17847,596.2
862.29602,596.8
862.41357,596.8
862.53113,592.8
862.64862,597.8
862.76617,597.0
862.88367,599.4
863.00122,590.6
863.11871,593.0
863.23627,597.4
863.35376,597.0
863.47125,595.0
863.58881,596.4
863.7063,595.6
863.82379,591.2
863.94128,597.6
864.05878,594.4
864.17627,595.0
864.29376,593.2
864.41125,594.4
864.52869,588.8
864.64618,594.4
864.76367,594.2
864.8811,599.8
864.9986,595.4
865.11609,594.2
865.23352,588.4
865.35095,588.4
865.46844,590.8
865.58588,590.2
865.70331,591.8
865.82074,596.6
865.93823,595.4
866.05566,595.8
866.1731,598.0
866.29053,595.4
866.4079,598.0
866.52533,597.2
866.64276,599.2
866.76019,597.0
866.87756,596.8
866.995,599.8
867.11243,599.0
867.2298,601.2
867.34723,593.2
867.4646,597.0
867.58197,599.2
867.6994,600.0
867.81677,606.4
867.93414,592.2
868.05151,594.0
868.16888,599.8
868.28625,596.4
868.40363,594.6
868.521,598.2
868.63837,603.4
868.75568,602.4
868.87305,604.4
868.99042,605.6
869.10773,604.0
869.2251,607.8
869.34241,614.6
869.45978,602.0
869.57709,601.8
869.69446,602.4
869.81177,606.2
869.92908,606.4
870.04639,617.2
870.1637,604.8
870.28101,608.2
870.39832,605.6
870.51563,612.2
870.63293,607.4
870.75024,608.0
870.86749,615.4
870.9848,619.4
871.10211,614.0
871.21936,615.8
871.33667,615.8
871.45392,619.2
871.57123,610.8
871.68848,609.8
871.80573,613.2
871.92297,610.6
872.04028,608.0
872.15753,611.6
872.27478,615.8
872.39203,616.6
872.50928,615.8
872.62646,609.6
872.74371,612.0
872.86096,622.8
872.97821,613.6
873.0954,616.0
873.21265,615.2
873.32983,609.2
873.44708,618.0
873.56427,618.0
873.68152,613.8
873.79871,615.2
873.91589,615.8
874.03308,620.4
874.15027,618.6
874.26746,614.0
874.38464,623.8
874.50183,619.0
874.61902,619.6
874.73621,624.6
874.85339,619.8
874.97052,619.6
875.08771,623.2
875.2049,629.0
875.32202,625.0
875.43921,626.6
875.55634,626.8
875.67346,629.2
875.79065,630.0
875.90778,636.2
876.0249,634.6
876.14203,630.8
876.25916,625.6
876.37628,629.2
876.49341,631.2
876.61053,630.6
876.72766,632.8
876.84473,637.2
876.96185,628.2
877.07898,627.6
877.19604,640.4
877.31317,633.8
877.43024,635.8
877.54736,631.2
877.66443,635.8
877.78149,634.8
877.89856,630.2
878.01569,631.4
878.13275,623.4
878.24982,631.6
878.36688,627.4
878.48395,625.4
878.60095,628.6
878.71802,622.8
878.83508,627.2
878.95215,624.8
879.06915,626.8
879.18622,629.2
879.30322,632.0
879.42029,625.8
879.53729,621.8
879.6543,626.2
879.77136,627.8
879.88837,636.2
880.00537,629.6
880.12238,631.2
880.23938,623.6
880.35638,630.6
880.47339,627.6
880.59039,631.8
880.70734,627.4
880.82434,634.2
880.94135,632.2
881.05829,635.8
881.17529,626.2
881.29224,631.8
881.40924,623.2
881.52618,635.6
881.64313,629.6
881.76007,634.4
881.87701,637.0
881.99402,637.6
882.11096,632.8
882.22791,628.4
882.34479,628.2
882.46173,635.2
882.57867,633.8
882.69562,633.2
882.8125,639.0
882.92944,643.6
883.04639,646.8
883.16327,648.8
883.28015,641.4
883.39709,643.2
883.51398,645.6
883.63086,650.2
883.74774,646.2
883.86462,648.2
883.98157,647.0
884.09839,648.2
884.21527,655.8
884.33215,654.6
884.44904,653.6
884.56592,659.6
884.68274,654.2
884.79962,657.4
884.9165,665.4
885.03333,671.6
885.15015,672.6
885.26703,660.4
885.38385,662.8
885.50067,680.0
885.61749,680.2
885.73438,680.2
885.8512,688.2
885.96802,684.6
886.08478,670.6
886.2016,674.4
886.31842,668.8
886.43524,671.6
886.55206,672.8
886.66882,672.8
886.78564,667.4
886.9024,670.4
887.01923,665.8
887.13599,660.8
887.25275,662.8
887.36951,668.6
887.48633,673.8
887.60309,668.0
887.71985,658.8
887.83661,660.2
887.95337,662.4
888.07007,661.6
888.18683,665.4
888.30359,665.2
888.42035,668.4
888.53705,660.0
888.65381,661.4
888.77051,667.6
888.88721,656.2
889.00397,656.8
889.12067,652.2
889.23737,650.8
889.35406,658.0
889.47083,654.4
889.58752,664.0
889.70416,658.4
889.82086,660.4
889.93756,658.0
890.05426,658.8
890.17096,668.2
890.2876,669.2
890.4043,665.2
890.52094,660.6
890.63763,664.0
890.75427,671.8
890.87091,669.2
890.98761,666.6
891.10425,670.0
891.22089,670.6
891.33752,668.8
891.45416,668.0
891.5708,672.0
891.68744,662.0
891.80408,669.8
891.92065,670.2
892.03729,674.0
892.15393,670.4
892.27051,671.4
892.38715,677.4
892.50372,679.0
892.6203,678.0
892.73694,677.6
892.85352,685.8
892.97009,681.2
893.08667,686.6
893.20325,689.0
893.31982,691.0
893.4364,694.0
893.55298,684.0
893.66956,686.8
893.78607,680.6
893.90265,677.0
894.01917,679.4
894.13574,682.6
894.25226,684.6
894.36884,683.4
894.48535,680.4
894.60187,680.8
894.71838,680.8
894.8349,689.0
894.95148,689.8
895.06793,692.4
895.18445,693.0
895.30096,686.8
895.41748,680.4
895.534,680.6
895.65045,688.8
895.76697,681.8
895.88342,679.4
895.99994,676.2
896.11639,675.8
896.23291,678.4
896.34937,667.6
896.46582,678.0
896.58228,679.2
896.69873,680.0
896.81519,678.4
896.93164,680.4
897.0481,681.2
897.16455,683.6
897.28094,689.4
897.3974,689.4
897.51385,690.2
897.63025,698.8
897.7467,693.4
897.8631,696.6
897.97949,694.8
898.09595,687.0
898.21234,689.6
898.32874,692.4
898.44513,693.4
898.56152,688.6
898.67792,687.6
898.79431,685.2
898.91064,687.6
899.02704,691.6
899.14343,690.8
899.25977,701.0
899.37616,688.4
899.49249,696.0
899.60889,703.8
899.72522,708.0
899.84155,709.2
899.95789,721.8
900.07428,724.2
900.19061,724.8
900.30695,720.2
900.42322,718.8
900.53955,721.4
900.65588,726.0
900.77222,724.8
900.88849,732.2
901.00482,725.6
901.12109,730.2
901.23743,727.8
901.3537,725.8
901.47003,726.4
901.5863,733.6
901.70258,737.0
901.81885,733.6
901.93512,739.4
902.05139,743.2
902.16766,752.6
902.28394,752.4
902.40021,754.0
902.51642,763.2
902.63269,762.0
902.7489,759.6
902.86517,771.4
902.98138,771.6
903.09766,771.4
903.21387,791.4
903.33008,787.6
903.44629,777.8
903.5625,772.8
903.67871,775.0
903.79492,775.6
903.91113,773.6
904.02734,770.6
904.14355,767.0
904.2597,770.0
904.37592,769.8
904.49207,767.6
904.60828,766.2
904.72443,770.8
904.84064,776.2
904.95679,782.8
905.07294,783.2
905.18909,778.4
905.30524,781.8
905.42139,774.8
905.53754,778.6
905.65369,777.8
905.76984,769.0
905.88593,778.2
906.00208,766.4
906.11816,767.6
906.23431,757.8
906.3504,745.2
906.46655,747.6
906.58264,739.2
906.69873,743.2
906.81482,744.4
906.93091,735.6
907.047,743.4
907.16309,741.8
907.27917,743.8
907.39526,738.6
907.51135,735.8
907.62738,735.0
907.74347,746.2
907.8595,734.2
907.97559,740.8
908.09161,736.0
908.2077,740.8
908.32373,735.0
908.43976,733.8
908.55579,719.6
908.67181,722.8
908.78784,710.2
908.90387,713.6
909.0199,703.2
909.13586,697.2
909.25189,706.4
909.36792,702.4
909.48389,697.2
909.59991,699.2
909.71588,699.8
909.83185,698.8
909.94788,698.8
910.06384,688.2
910.17981,697.0
910.29578,689.6
910.41174,695.4
910.52771,692.0
910.64368,687.8
910.75958,686.2
910.87555,689.2
910.99152,686.0
911.10742,684.4
911.22339,677.2
911.33929,678.4
911.4552,670.8
911.57117,673.6
911.68707,668.8
911.80298,671.4
911.91888,662.2
912.03479,661.6
912.1507,667.8
912.2666,664.0
912.38245,668.8
912.49835,664.2
912.61426,661.2
912.7301,664.4
912.84601,667.0
792.4458,721.8
792.56488,711.8
792.68396,716.2
792.8031,712.6
792.92218,696.6
793.04126,690.4
793.16034,686.6
793.27942,682.0
793.3985,674.2
793.51758,671.0
793.63672,659.6
793.7558,662.4
793.87488,663.8
793.9939,654.2
794.11298,657.6
794.23206,645.8
794.35114,638.8
794.47021,639.2
794.58929,637.0
794.70831,630.4
794.82739,634.2
794.94647,626.0
795.06549,619.8
795.18457,624.4
795.30365,617.0
795.42267,613.0
795.54175,603.8
795.66077,608.2
795.77985,604.4
795.89886,609.2
796.01794,608.4
796.13696,602.6
796.25598,599.6
796.375,595.8
796.49408,593.4
796.6131,595.0
796.73212,590.8
796.85114,594.8
796.97015,593.4
797.08923,586.6
797.20825,578.4
797.32727,581.6
797.44629,581.0
797.56531,583.2
797.68427,577.8
797.80328,576.0
797.9223,583.4
798.04132,576.6
798.16034,575.0
798.27936,576.0
798.39832,579.8
798.51733,574.4
798.63635,576.0
798.75531,574.4
798.87433,574.8
798.99329,574.0
799.1123,566.6
799.23126,572.6
799.35028,568.8
799.46924,565.2
799.58826,573.8
799.70721,566.8
799.82617,573.2
799.94519,568.6
800.06415,572.4
800.18311,565.6
800.30206,566.6
800.42102,566.8
800.54004,567.6
800.659,563.2
800.77795,570.6
800.89691,564.0
801.01587,565.0
801.13483,566.8
801.25372,574.6
801.37268,565.4
801.49164,563.8
801.6106,566.6
801.72955,570.4
801.84845,564.6
801.96741,570.0
802.08636,563.2
802.20526,563.0
802.32422,564.6
802.44318,567.4
802.56207,566.0
802.68103,572.8
802.79993,564.8
802.91882,557.8
803.03778,563.4
803.15668,565.4
803.27557,564.6
803.39453,565.4
803.51343,564.2
803.63232,569.6
803.75122,561.0
803.87012,567.4
803.98907,565.6
804.10797,568.0
804.22687,561.0
804.34576,563.8
804.46466,565.6
804.58356,570.4
804.70239,564.0
804.82129,565.0
804.94019,565.8
805.05908,566.0
805.17798,562.4
805.29681,563.2
805.41571,564.6
805.53461,569.6
805.65344,566.4
805.77234,571.4
805.89117,568.4
806.01007,574.4
806.12891,569.2
806.2478,572.4
806.36664,563.2
806.48547,569.4
806.60437,568.2
806.72321,565.8
806.84204,572.6
806.96088,569.6
807.07971,568.8
807.19861,570.6
807.31744,573.0
807.43628,568.8
807.55511,569.4
807.67395,568.8
807.79279,576.4
807.91162,567.8
808.0304,569.6
808.14923,571.0
808.26807,570.4
808.3869,573.8
808.50568,574.2
808.62451,576.2
808.74335,571.4
808.86212,571.4
808.98096,571.2
809.09979,569.8
809.21857,571.2
809.33734,570.6
809.45618,575.2
809.57495,574.8
809.69379,575.4
809.81256,576.6
809.93134,573.0
810.05011,576.4
810.16895,567.4
810.28772,571.4
810.40649,571.2
810.52527,579.8
810.64404,573.4
810.76282,582.6
810.88159,572.4
811.00037,572.0
811.11914,573.2
811.23792,574.4
811.35663,574.6
811.4754,579.4
811.59418,574.2
811.71295,576.4
811.83167,568.4
811.95044,571.2
812.06921,574.6
812.18793,572.0
812.3067,573.2
812.42542,570.2
812.54419,579.2
812.6629,572.2
812.78162,569.8
812.90039,571.2
813.0191,568.8
813.13782,571.2
813.25653,562.4
813.37524,570.4
813.49402,571.8
813.61273,570.2
813.73145,568.8
813.85016,573.2
813.96887,563.8
814.08759,570.8
814.2063,567.4
814.32495,569.8
814.44366,568.4
814.56238,565.0
814.68109,574.4
814.79974,565.6
814.91846,560.8
815.03717,565.4
815.15582,563.8
815.27454,566.8
815.39319,560.0
815.5119,561.8
815.63055,560.2
815.74927,569.2
815.86792,561.0
815.98657,564.2
816.10529,565.4
816.22394,564.8
816.34259,562.8
816.46124,567.0
816.5799,568.6
816.69855,572.2
816.8172,570.8
816.93585,563.8
817.0545,559.2
817.17316,560.2
817.29181,561.4
817.41046,562.4
817.52911,554.8
817.64771,553.0
817.76636,549.8
817.88501,550.6
818.0036,550.8
818.12225,553.4
818.24091,541.4
818.3595,541.2
818.47815,543.0
818.59674,548.4
818.71533,542.6
818.83398,542.4
818.95258,538.8
819.07117,534.4
819.18976,542.0
819.30841,540.4
819.427,539.2
819.54559,543.4
819.66418,537.6
819.78278,540.4
819.90137,538.8
820.01996,532.6
820.13855,532.0
820.25714,533.2
820.37573,530.2
820.49426,532.6
820.61285,537.2
820.73145,528.4
820.84998,525.8
820.96857,524.0
821.08716,528.8
821.20569,534.6
821.32428,528.2
821.44281,529.4
821.56134,528.6
821.67993,531.8
821.79846,528.6
821.91699,527.4
822.03558,519.2
822.15411,524.6
822.27264,528.8
822.39117,525.0
822.5097,520.4
822.62823,525.2
822.74677,522.6
822.8653,524.0
822.98383,529.6
823.10236,526.8
823.22089,519.4
823.33942,528.2
823.45789,522.4
823.57642,534.2
823.69495,521.8
823.81342,519.8
823.93195,521.4
824.05042,524.8
824.16895,525.0
824.28741,522.4
824.40594,525.0
824.52441,525.6
824.64288,521.4
824.76141,522.4
824.87988,519.8
824.99835,524.4
825.11682,524.2
825.23529,518.8
825.35376,520.0
825.47223,519.8
825.5907,521.2
825.70917,520.8
825.82764,522.8
825.94611,521.8
826.06458,517.8
826.18304,520.6
826.30145,525.6
826.41992,521.2
826.53839,516.4
826.6568,526.0
826.77527,524.8
826.89368,527.8
827.01215,522.2
827.13055,524.8
827.24902,513.2
827.36743,513.8
827.48584,516.8
827.60431,519.4
827.72272,514.4
827.84113,515.6
827.95953,514.8
828.07794,518.2
828.19635,514.6
828.31476,512.6
828.43317,513.2
828.55157,512.2
828.66998,512.8
828.78839,517.0
828.90674,516.0
829.02515,511.6
829.14355,510.4
829.2619,508.2
829.38031,511.6
829.49872,512.6
829.61707,512.8
829.73547,511.6
829.85382,513.2
829.97217,515.4
830.09058,511.2
830.20892,510.4
830.32727,508.6
830.44562,515.0
830.56403,511.8
830.68237,517.0
830.80072,510.4
830.91907,512.4
831.03741,509.4
831.15576,510.0
831.27411,511.4
831.3924,510.2
831.51074,511.4
831.62909,511.4
831.74744,512.8
831.86572,513.0
831.98407,511.2
832.10242,517.2
832.2207,513.8
832.33905,511.0
832.45734,512.6
832.57562,511.8
832.69397,507.4
832.81226,506.6
832.93054,512.8
833.04889,513.4
833.16718,509.2
833.28546,515.8
833.40375,512.6
833.52203,512.2
833.64032,514.2
833.75861,509.4
833.87689,518.2
833.99518,521.0
834.1134,511.6
834.23169,516.2
834.34998,513.4
834.46826,518.6
834.58649,509.2
834.70477,521.2
834.823,512.6
834.94128,515.8
835.05951,514.2
835.1778,514.8
835.29602,508.4
835.41425,516.2
835.53253,514.0
835.65076,515.0
835.76898,511.0
835.88721,520.4
836.00543,520.0
836.12366,520.0
836.24188,515.4
836.36011,518.2
836.47833,518.2
836.59656,518.0
836.71478,514.8
836.83295,518.4
836.95117,513.2
837.0694,515.4
837.18756,517.8
837.30579,511.8
837.42401,513.6
837.54218,516.2
837.66034,514.2
837.77856,519.0
837.89673,513.2
838.01489,520.8
838.13312,511.8
838.25128,512.4
838.36945,518.0
838.48761,515.0
838.60577,515.4
838.72394,520.4
838.8421,520.6
838.96027,513.8
839.07843,515.6
839.19659,518.8
839.31476,520.6
839.43286,527.2
839.55103,517.8
839.66919,523.2
839.78729,522.2
839.90546,519.4
840.02356,517.4
840.14172,518.0
840.25983,507.8
840.37793,519.6
840.49609,518.2
840.6142,525.0
840.7323,514.0
840.8504,510.8
840.96851,516.0
841.08661,519.8
841.20471,516.0
841.32281,517.6
841.44092,515.6
841.55902,517.6
841.67712,514.6
841.79523,517.0
841.91327,513.0
842.03137,521.6
842.14948,519.4
842.26752,518.4
842.38562,516.0
842.50366,515.2
842.62177,514.4
842.73981,516.2
842.85791,516.2
842.97595,514.6
843.09399,516.4
843.21204,518.8
843.33008,517.0
843.44818,517.6
843.56622,518.4
843.68427,519.2
843.80231,519.6
843.92029,517.2
844.03833,519.6
844.15637,516.4
844.27441,516.6
844.39246,526.4
844.51044,519.4
844.62848,515.6
844.74646,515.0
844.8645,519.8
844.98248,515.8
845.10052,521.2
845.21851,519.2
845.33649,524.6
845.45453,523.6
845.57251,522.2
845.69049,518.6
845.80847,520.2
845.92645,516.8
846.04443,517.4
846.16241,517.0
846.2804,520.4
846.39838,515.8
846.51636,522.0
846.63434,525.2
846.75226,523.2
846.87024,519.0
846.98822,525.6
847.10614,522.4
847.22412,518.8
847.34204,520.0
847.46002,522.8
847.57794,522.2
847.69586,527.0
847.81384,521.6
847.93176,523.4
848.04968,522.8
848.1676,522.6
848.28552,519.2
848.40344,524.8
848.52136,516.8
848.63928,517.8
848.7572,518.8
848.87512,525.8
848.99304,518.0
849.1109,516.4
849.22882,515.0
849.34674,519.6
849.4646,514.6
849.58252,521.0
849.70038,514.0
849.8183,513.8
849.93616,514.2
850.05402,513.0
850.17194,517.8
850.28979,516.4
850.40765,511.0
850.52551,518.8
850.64337,516.2
850.76123,518.2
850.87909,512.2
850.99695,513.2
851.11481,516.6
851.23267,514.0
851.35046,512.2
851.46832,518.2
851.58618,513.0
851.70398,517.2
851.82184,518.6
851.93964,520.8
852.0575,526.6
852.17529,531.4
852.29315,525.4
852.41095,524.8
852.52875,513.4
852.64655,520.6
852.7644,520.8
852.8822,517.2
853.0,513.6
853.1178,513.2
853.2356,516.6
853.35333,513.0
853.47113,514.0
853.58893,514.6
853.70673,516.4
853.82446,519.0
853.94226,517.2
854.06006,516.4
854.1778,518.8
854.29559,517.0
854.41333,513.8
854.53107,517.0
854.64886,524.4
854.7666,520.0
854.88434,515.6
855.00208,518.0
855.11981,518.6
855.23761,519.4
855.35535,515.0
855.47302,518.4
855.59076,510.0
855.7085,517.0
855.82623,514.6
855.94397,521.4
856.06165,519.6
856.17938,518.6
856.29712,517.4
856.41479,515.2
856.53253,518.8
856.65021,514.8
856.76788,515.6
856.88562,519.2
857.0033,518.0
857.12097,520.0
857.23865,516.8
857.35632,511.8
857.474,510.0
857.59167,515.6
857.70935,519.0
857.82703,512.8
857.9447,511.0
858.06238,513.0
858.18005,512.0
858.29767,519.4
858.41534,509.6
858.53296,521.2
858.65063,515.2
858.76825,520.0
858.88593,514.0
859.00354,518.0
859.12115,508.6
859.23883,510.6
859.35645,515.6
859.47406,514.8
859.59167,512.8
859.70929,513.8
859.8269,510.0
859.94452,509.0
860.06213,512.0
860.17975,512.0
860.29736,505.2
860.41492,515.4
860.53253,510.0
860.65009,513.8
860.7677,508.0
860.88525,511.8
861.00287,511.8
861.12042,515.4
861.23804,512.0
861.35559,512.8
861.47314,515.8
861.5907,513.6
861.70825,508.2
861.82581,510.2
861.94336,506.8
862.06091,505.8
862.17847,505.4
862.29602,505.4
862.41357,502.6
862.53113,502.4
862.64862,508.8
862.76617,503.4
862.88367,509.4
863.00122,505.0
863.11871,507.0
863.23627,512.6
863.35376,505.0
863.47125,508.4
863.58881,508.0
863.7063,510.6
863.82379,507.6
863.94128,507.6
864.05878,505.2
864.17627,509.6
864.29376,507.0
864.41125,506.6
864.52869,506.4
864.64618,505.6
864.76367,504.6
864.8811,506.0
864.9986,505.4
865.11609,504.6
865.23352,506.6
865.35095,507.2
865.46844,504.6
865.58588,504.4
865.70331,505.2
865.82074,507.0
865.93823,506.4
866.05566,507.0
866.1731,505.8
866.29053,509.6
866.4079,510.6
866.52533,502.8
866.64276,508.6
866.76019,506.4
866.87756,506.4
866.995,509.2
867.11243,515.0
867.2298,510.4
867.34723,507.2
867.4646,511.0
867.58197,508.8
867.6994,510.6
867.81677,509.0
867.93414,504.8
868.05151,507.2
868.16888,511.2
868.28625,506.6
868.40363,516.6
868.521,508.6
868.63837,512.8
868.75568,506.4
868.87305,517.8
868.99042,510.6
869.10773,516.4
869.2251,511.4
869.34241,511.8
869.45978,507.6
869.57709,515.0
869.69446,507.4
869.81177,515.4
869.92908,510.6
870.04639,512.6
870.1637,510.6
870.28101,511.0
870.39832,507.4
870.51563,515.6
870.63293,513.8
870.75024,507.4
870.86749,509.8
870.9848,512.0
871.10211,510.8
871.21936,517.0
871.33667,511.8
871.45392,512.6
871.57123,512.8
871.68848,512.0
871.80573,514.6
871.92297,517.6
872.04028,514.6
872.15753,509.4
872.27478,511.4
872.39203,514.8
872.50928,506.0
872.62646,512.6
872.74371,511.2
872.86096,516.2
872.97821,512.2
873.0954,510.8
873.21265,508.4
873.32983,510.4
873.44708,509.8
873.56427,512.2
873.68152,507.8
873.79871,507.4
873.91589,506.6
874.03308,512.0
874.15027,506.8
874.26746,511.6
874.38464,507.8
874.50183,510.2
874.61902,504.8
874.73621,515.6
874.85339,509.6
874.97052,509.4
875.08771,512.6
875.2049,515.8
875.32202,509.8
875.43921,514.4
875.55634,511.4
875.67346,518.0
875.79065,511.6
875.90778,513.8
876.0249,510.0
876.14203,514.6
876.25916,512.4
876.37628,513.2
876.49341,517.6
876.61053,518.2
876.72766,511.0
876.84473,515.4
876.96185,513.0
877.07898,511.2
877.19604,511.6
877.31317,511.6
877.43024,517.8
877.54736,512.2
877.66443,513.4
877.78149,512.6
877.89856,510.0
878.01569,507.2
878.13275,508.0
878.24982,508.0
878.36688,505.4
878.48395,505.6
878.60095,506.2
878.71802,503.2
878.83508,506.0
878.95215,506.0
879.06915,503.8
879.18622,506.6
879.30322,501.4
879.42029,506.4
879.53729,502.0
879.6543,504.2
879.77136,498.6
879.88837,505.8
880.00537,504.4
880.12238,504.6
880.23938,498.6
880.35638,502.0
880.47339,498.6
880.59039,498.6
880.70734,506.0
880.82434,502.4
880.94135,502.4
881.05829,503.0
881.17529,499.0
881.29224,504.0
881.40924,501.4
881.52618,499.6
881.64313,509.4
881.76007,501.0
881.87701,508.6
881.99402,508.2
882.11096,502.0
882.22791,500.8
882.34479,504.8
882.46173,506.8
882.57867,500.6
882.69562,506.0
882.8125,503.4
882.92944,508.2
883.04639,506.4
883.16327,508.0
883.28015,499.2
883.39709,504.8
883.51398,512.0
883.63086,504.8
883.74774,504.4
883.86462,511.0
883.98157,506.0
884.09839,506.0
884.21527,511.2
884.33215,511.6
884.44904,503.4
884.56592,510.4
884.68274,507.6
884.79962,511.4
884.9165,510.2
885.03333,513.0
885.15015,512.0
885.26703,518.8
885.38385,512.6
885.50067,517.6
885.61749,520.2
885.73438,517.8
885.8512,520.2
885.96802,518.6
886.08478,514.2
886.2016,517.4
886.31842,514.8
886.43524,517.0
886.55206,515.4
886.66882,515.8
886.78564,512.0
886.9024,513.0
887.01923,515.8
887.13599,513.0
887.25275,507.4
887.36951,510.4
887.48633,509.6
887.60309,505.6
887.71985,507.0
887.83661,508.4
887.95337,503.4
888.07007,502.6
888.18683,507.0
888.30359,502.8
888.42035,505.2
888.53705,501.4
888.65381,499.4
888.77051,501.2
888.88721,497.0
889.00397,502.6
889.12067,497.6
889.23737,497.0
889.35406,502.0
889.47083,504.0
889.58752,497.4
889.70416,501.8
889.82086,500.4
889.93756,502.2
890.05426,499.2
890.17096,501.4
890.2876,499.4
890.4043,499.8
890.52094,496.4
890.63763,502.2
890.75427,501.0
890.87091,502.0
890.98761,496.4
891.10425,501.6
891.22089,502.6
891.33752,501.4
891.45416,500.4
891.5708,497.8
891.68744,496.0
891.80408,502.2
891.92065,497.2
892.03729,498.8
892.15393,499.8
892.27051,500.8
892.38715,498.0
892.50372,500.2
892.6203,500.6
892.73694,503.4
892.85352,505.0
892.97009,498.4
893.08667,504.8
893.20325,499.0
893.31982,504.4
893.4364,507.8
893.55298,505.2
893.66956,503.6
893.78607,502.6
893.90265,504.6
894.01917,503.0
894.13574,510.6
894.25226,499.2
894.36884,503.6
894.48535,499.8
894.60187,498.6
894.71838,499.4
894.8349,502.8
894.95148,501.4
895.06793,504.4
895.18445,502.8
895.30096,506.4
895.41748,502.8
895.534,498.6
895.65045,497.8
895.76697,500.8
895.88342,500.0
895.99994,500.8
896.11639,499.8
896.23291,499.0
896.34937,499.6
896.46582,502.2
896.58228,502.4
896.69873,507.6
896.81519,503.2
896.93164,502.4
897.0481,496.2
897.16455,501.2
897.28094,501.0
897.3974,502.6
897.51385,505.2
897.63025,506.0
897.7467,498.6
897.8631,504.2
897.97949,501.4
898.09595,506.6
898.21234,498.0
898.32874,507.6
898.44513,499.2
898.56152,508.0
898.67792,502.4
898.79431,497.8
898.91064,500.8
899.02704,495.4
899.14343,506.0
899.25977,501.2
899.37616,496.4
899.49249,498.8
899.60889,504.4
899.72522,499.0
899.84155,500.0
899.95789,506.8
900.07428,500.6
900.19061,503.4
900.30695,498.2
900.42322,500.8
900.53955,501.8
900.65588,502.2
900.77222,500.6
900.88849,500.4
901.00482,502.4
901.12109,502.2
901.23743,499.8
901.3537,505.2
901.47003,505.8
901.5863,508.0
901.70258,506.2
901.81885,506.8
901.93512,502.4
902.05139,503.6
902.16766,507.2
902.28394,506.6
902.40021,503.2
902.51642,505.2
902.63269,500.6
902.7489,506.8
902.86517,500.0
902.98138,500.0
903.09766,503.2
903.21387,505.4
903.33008,505.2
903.44629,503.0
903.5625,495.2
903.67871,498.0
903.79492,495.2
903.91113,497.4
904.02734,491.6
904.14355,502.0
904.2597,497.4
904.37592,495.4
904.49207,495.8
904.60828,491.8
904.72443,497.2
904.84064,493.0
904.95679,493.4
905.07294,492.2
905.18909,490.2
905.30524,495.0
905.42139,490.2
905.53754,488.2
905.65369,494.0
905.76984,491.2
905.88593,487.2
906.00208,486.6
906.11816,485.4
906.23431,485.2
906.3504,485.6
906.46655,488.6
906.58264,484.2
906.69873,486.2
906.81482,490.2
906.93091,484.6
907.047,487.8
907.16309,490.0
907.27917,486.4
907.39526,488.0
907.51135,487.0
907.62738,489.2
907.74347,488.8
907.8595,486.4
907.97559,489.0
908.09161,487.8
908.2077,488.4
908.32373,490.4
908.43976,486.8
908.55579,487.2
908.67181,485.8
908.78784,482.6
908.90387,488.8
909.0199,490.2
909.13586,482.4
909.25189,484.2
909.36792,484.6
909.48389,488.6
909.59991,490.0
909.71588,485.4
909.83185,486.2
909.94788,486.0
910.06384,486.6
910.17981,487.0
910.29578,488.8
910.41174,489.8
910.52771,482.8
910.64368,491.0
910.75958,481.0
910.87555,485.8
910.99152,482.0
911.10742,487.8
911.22339,487.8
911.33929,487.8
911.4552,481.0
911.57117,482.4
911.68707,487.4
911.80298,487.0
911.91888,481.2
912.03479,481.6
912.1507,487.0
912.2666,481.4
912.38245,483.4
912.49835,486.6
912.61426,489.2
912.7301,491.8
912.84601,486.0
