792.4458,600.6
792.56488,592.6
792.68396,600.6
792.8031,598.8
792.92218,587.2
793.04126,585.0
793.16034,587.0
793.27942,582.8
793.3985,576.4
793.51758,571.6
793.63672,565.4
793.7558,571.8
793.87488,571.6
793.9939,572.6
794.11298,575.0
794.23206,563.0
794.35114,558.4
794.47021,555.6
794.58929,551.0
794.70831,551.2
794.82739,559.2
794.94647,551.2
795.06549,553.2
795.18457,548.2
795.30365,554.4
795.42267,545.2
795.54175,549.0
795.66077,546.2
795.77985,542.4
795.89886,542.4
796.01794,547.0
796.13696,544.2
796.25598,544.8
796.375,545.4
796.49408,542.2
796.6131,540.2
796.73212,538.8
796.85114,540.6
796.97015,537.8
797.08923,537.6
797.20825,539.8
797.32727,537.6
797.44629,544.8
797.56531,539.0
797.68427,535.8
797.80328,536.2
797.9223,534.6
798.04132,536.0
798.16034,538.4
798.27936,535.2
798.39832,541.4
798.51733,527.6
798.63635,542.0
798.75531,533.6
798.87433,533.8
798.99329,528.8
799.1123,532.4
799.23126,531.8
799.35028,539.6
799.46924,533.8
799.58826,535.6
799.70721,535.0
799.82617,531.8
799.94519,535.8
800.06415,536.4
800.18311,537.2
800.30206,536.4
800.42102,533.2
800.54004,532.2
800.659,533.6
800.77795,536.2
800.89691,532.4
801.01587,537.6
801.13483,539.4
801.25372,535.8
801.37268,539.0
801.49164,537.8
801.6106,537.4
801.72955,539.2
801.84845,534.6
801.96741,540.0
802.08636,542.0
802.20526,544.6
802.32422,536.2
802.44318,540.2
802.56207,541.4
802.68103,541.4
802.79993,539.6
802.91882,539.8
803.03778,536.2
803.15668,535.8
803.27557,540.6
803.39453,541.0
803.51343,542.0
803.63232,544.6
803.75122,540.2
803.87012,542.4
803.98907,538.6
804.10797,541.4
804.22687,540.6
804.34576,544.8
804.46466,541.8
804.58356,546.4
804.70239,542.0
804.82129,546.0
804.94019,545.2
805.05908,543.0
805.17798,548.0
805.29681,546.0
805.41571,550.6
805.53461,548.2
805.65344,544.4
805.77234,549.6
805.89117,544.6
806.01007,550.0
806.12891,552.6
806.2478,551.4
806.36664,545.0
806.48547,551.0
806.60437,545.2
806.72321,554.2
806.84204,552.8
806.96088,544.4
807.07971,549.6
807.19861,551.4
807.31744,556.0
807.43628,553.6
807.55511,554.0
807.67395,551.6
807.79279,555.6
807.91162,551.8
808.0304,553.8
808.14923,560.2
808.26807,548.8
808.3869,554.0
808.50568,560.6
808.62451,556.6
808.74335,554.2
808.86212,557.8
808.98096,560.2
809.09979,556.2
809.21857,553.0
809.33734,554.8
809.45618,556.2
809.57495,562.4
809.69379,560.2
809.81256,561.6
809.93134,563.6
810.05011,553.6
810.16895,554.8
810.28772,562.6
810.40649,558.8
810.52527,564.6
810.64404,563.0
810.76282,564.0
810.88159,561.2
811.00037,559.0
811.11914,556.8
811.23792,558.2
811.35663,556.8
811.4754,561.8
811.59418,560.2
811.71295,561.4
811.83167,554.8
811.95044,562.2
812.06921,554.2
812.18793,560.8
812.3067,559.8
812.42542,559.0
812.54419,554.2
812.6629,563.8
812.78162,556.6
812.90039,560.4
813.0191,555.2
813.13782,557.8
813.25653,558.2
813.37524,552.6
813.49402,555.0
813.61273,558.4
813.73145,560.6
813.85016,563.0
813.96887,554.8
814.08759,553.8
814.2063,555.8
814.32495,552.6
814.44366,557.8
814.56238,555.4
814.68109,553.8
814.79974,553.2
814.91846,555.0
815.03717,550.2
815.15582,549.0
815.27454,552.6
815.39319,544.0
815.5119,551.4
815.63055,541.8
815.74927,548.0
815.86792,553.2
815.98657,548.8
816.10529,550.6
816.22394,550.2
816.34259,549.4
816.46124,553.2
816.5799,553.6
816.69855,554.4
816.8172,552.6
816.93585,553.6
817.0545,549.0
817.17316,543.4
817.29181,543.0
817.41046,546.6
817.52911,536.4
817.64771,537.0
817.76636,533.8
817.88501,536.4
818.0036,533.2
818.12225,536.0
818.24091,522.8
818.3595,525.6
818.47815,522.6
818.59674,526.2
818.71533,518.6
818.83398,518.6
818.95258,520.0
819.07117,514.4
819.18976,514.2
819.30841,511.2
819.427,518.0
819.54559,514.6
819.66418,514.2
819.78278,514.4
819.90137,514.4
820.01996,509.8
820.13855,510.0
820.25714,516.0
820.37573,515.4
820.49426,512.4
820.61285,510.0
820.73145,511.4
820.84998,508.8
820.96857,507.4
821.08716,501.6
821.20569,505.0
821.32428,506.0
821.44281,506.2
821.56134,502.2
821.67993,507.2
821.79846,506.2
821.91699,509.8
822.03558,507.4
822.15411,508.8
822.27264,507.4
822.39117,504.2
822.5097,501.8
822.62823,505.6
822.74677,504.4
822.8653,504.4
822.98383,504.4
823.10236,505.8
823.22089,503.6
823.33942,503.6
823.45789,503.4
823.57642,506.4
823.69495,503.8
823.81342,509.6
823.93195,500.2
824.05042,506.2
824.16895,506.4
824.28741,510.8
824.40594,511.2
824.52441,507.2
824.64288,504.0
824.76141,505.6
824.87988,502.2
824.99835,502.4
825.11682,498.0
825.23529,509.4
825.35376,499.8
825.47223,504.2
825.5907,503.4
825.70917,505.6
825.82764,504.2
825.94611,499.0
826.06458,498.0
826.18304,502.4
826.30145,497.8
826.41992,499.6
826.53839,496.8
826.6568,500.6
826.77527,501.4
826.89368,499.8
827.01215,503.6
827.13055,501.0
827.24902,493.8
827.36743,501.6
827.48584,495.0
827.60431,496.6
827.72272,494.6
827.84113,497.8
827.95953,495.2
828.07794,490.2
828.19635,495.2
828.31476,495.8
828.43317,493.8
828.55157,495.0
828.66998,491.6
828.78839,490.8
828.90674,497.0
829.02515,491.6
829.14355,496.8
829.2619,493.8
829.38031,493.8
829.49872,496.8
829.61707,490.0
829.73547,494.0
829.85382,496.0
829.97217,490.4
830.09058,495.4
830.20892,496.2
830.32727,493.8
830.44562,496.0
830.56403,491.0
830.68237,493.6
830.80072,496.6
830.91907,494.4
831.03741,495.2
831.15576,496.8
831.27411,494.2
831.3924,493.4
831.51074,493.2
831.62909,495.0
831.74744,496.8
831.86572,492.4
831.98407,496.0
832.10242,498.2
832.2207,495.8
832.33905,492.0
832.45734,495.0
832.57562,493.4
832.69397,494.4
832.81226,491.8
832.93054,497.6
833.04889,497.0
833.16718,490.4
833.28546,495.0
833.40375,499.6
833.52203,491.0
833.64032,495.4
833.75861,496.2
833.87689,492.2
833.99518,500.2
834.1134,495.6
834.23169,499.6
834.34998,496.0
834.46826,501.0
834.58649,496.6
834.70477,501.4
834.823,493.6
834.94128,499.8
835.05951,495.4
835.1778,497.6
835.29602,497.0
835.41425,496.4
835.53253,496.0
835.65076,500.6
835.76898,497.0
835.88721,500.6
836.00543,499.2
836.12366,501.0
836.24188,500.8
836.36011,503.4
836.47833,499.4
836.59656,503.2
836.71478,501.2
836.83295,498.6
836.95117,498.0
837.0694,501.0
837.18756,503.4
837.30579,501.6
837.42401,503.0
837.54218,503.6
837.66034,502.4
837.77856,504.8
837.89673,504.2
838.01489,504.8
838.13312,497.0
838.25128,501.0
838.36945,500.8
838.48761,502.8
838.60577,498.0
838.72394,505.4
838.8421,500.2
838.96027,499.4
839.07843,499.6
839.19659,501.6
839.31476,505.0
839.43286,503.2
839.55103,500.0
839.66919,505.4
839.78729,501.8
839.90546,502.6
840.02356,501.2
840.14172,498.6
840.25983,494.6
840.37793,505.6
840.49609,493.6
840.6142,499.6
840.7323,496.8
840.8504,494.2
840.96851,497.6
841.08661,500.0
841.20471,497.6
841.32281,504.2
841.44092,489.8
841.55902,501.6
841.67712,496.2
841.79523,500.6
841.91327,494.8
842.03137,495.8
842.14948,494.8
842.26752,494.8
842.38562,495.0
842.50366,498.2
842.62177,492.4
842.73981,494.2
842.85791,490.0
842.97595,494.4
843.09399,494.4
843.21204,501.2
843.33008,499.8
843.44818,493.6
843.56622,495.2
843.68427,498.0
843.80231,494.4
843.92029,499.4
844.03833,496.8
844.15637,494.6
844.27441,499.0
844.39246,499.2
844.51044,498.2
844.62848,497.6
844.74646,495.8
844.8645,500.0
844.98248,492.2
845.10052,497.0
845.21851,496.0
845.33649,495.2
845.45453,493.6
845.57251,498.6
845.69049,497.4
845.80847,498.4
845.92645,497.8
846.04443,496.2
846.16241,495.4
846.2804,497.4
846.39838,496.0
846.51636,497.4
846.63434,500.6
846.75226,496.0
846.87024,497.2
846.98822,500.8
847.10614,493.0
847.22412,494.0
847.34204,492.2
847.46002,498.2
847.57794,491.8
847.69586,492.8
847.81384,492.8
847.93176,495.2
848.04968,491.6
848.1676,494.6
848.28552,494.8
848.40344,493.2
848.52136,490.6
848.63928,493.6
848.7572,498.8
848.87512,497.2
848.99304,492.6
849.1109,498.2
849.22882,496.0
849.34674,491.0
849.4646,496.2
849.58252,496.4
849.70038,491.0
849.8183,493.4
849.93616,491.4
850.05402,494.6
850.17194,495.2
850.28979,496.4
850.40765,493.0
850.52551,495.6
850.64337,491.8
850.76123,497.0
850.87909,493.0
850.99695,494.0
851.11481,492.6
851.23267,493.8
851.35046,495.8
851.46832,495.8
851.58618,488.8
851.70398,499.4
851.82184,494.8
851.93964,499.6
852.0575,497.2
852.17529,504.4
852.29315,498.2
852.41095,499.8
852.52875,500.2
852.64655,497.0
852.7644,498.0
852.8822,503.4
853.0,495.8
853.1178,503.0
853.2356,493.4
853.35333,494.2
853.47113,496.2
853.58893,496.0
853.70673,499.8
853.82446,503.8
853.94226,494.6
854.06006,495.8
854.1778,497.2
854.29559,499.4
854.41333,495.8
854.53107,498.2
854.64886,503.4
854.7666,493.6
854.88434,494.8
855.00208,498.6
855.11981,498.6
855.23761,504.6
855.35535,500.6
855.47302,500.4
855.59076,499.2
855.7085,498.0
855.82623,495.0
855.94397,499.0
856.06165,500.2
856.17938,498.0
856.29712,500.6
856.41479,500.6
856.53253,496.4
856.65021,499.6
856.76788,493.8
856.88562,500.0
857.0033,500.2
857.12097,499.6
857.23865,496.0
857.35632,496.8
857.474,496.8
857.59167,494.6
857.70935,500.2
857.82703,497.2
857.9447,498.0
858.06238,494.4
858.18005,495.6
858.29767,495.8
858.41534,492.0
858.53296,493.4
858.65063,502.4
858.76825,495.4
858.88593,496.6
859.00354,498.0
859.12115,501.6
859.23883,493.8
859.35645,492.0
859.47406,499.8
859.59167,496.2
859.70929,499.4
859.8269,489.4
859.94452,502.6
860.06213,494.2
860.17975,502.6
860.29736,488.8
860.41492,491.0
860.53253,499.0
860.65009,495.4
860.7677,487.6
860.88525,495.8
861.00287,493.2
861.12042,492.2
861.23804,494.6
861.35559,502.4
861.47314,496.2
861.5907,494.6
861.70825,492.4
861.82581,491.0
861.94336,489.4
862.06091,496.4
862.17847,492.2
862.29602,495.0
862.41357,493.6
862.53113,497.4
862.64862,492.8
862.76617,492.0
862.88367,490.6
863.00122,493.8
863.11871,497.8
863.23627,495.0
863.35376,491.0
863.47125,493.4
863.58881,497.8
863.7063,495.6
863.82379,491.8
863.94128,492.0
864.05878,494.8
864.17627,494.4
864.29376,494.4
864.41125,493.6
864.52869,490.8
864.64618,489.8
864.76367,488.4
864.8811,488.0
864.9986,489.8
865.11609,495.2
865.23352,492.4
865.35095,492.4
865.46844,497.0
865.58588,491.4
865.70331,493.8
865.82074,493.8
865.93823,494.4
866.05566,494.0
866.1731,494.8
866.29053,491.6
866.4079,492.2
866.52533,493.4
866.64276,493.2
866.76019,492.8
866.87756,493.8
866.995,493.8
867.11243,495.2
867.2298,493.6
867.34723,492.4
867.4646,495.2
867.58197,492.6
867.6994,496.6
867.81677,494.0
867.93414,491.0
868.05151,489.6
868.16888,492.6
868.28625,497.6
868.40363,495.0
868.521,493.4
868.63837,495.8
868.75568,492.6
868.87305,497.4
868.99042,493.2
869.10773,492.6
869.2251,496.0
869.34241,501.6
869.45978,489.0
869.57709,498.2
869.69446,496.0
869.81177,502.0
869.92908,495.8
870.04639,502.6
870.1637,493.0
870.28101,494.6
870.39832,496.8
870.51563,496.0
870.63293,498.6
870.75024,495.2
870.86749,494.0
870.9848,496.8
871.10211,493.8
871.21936,500.0
871.33667,497.0
871.45392,494.6
871.57123,492.2
871.68848,494.8
871.80573,496.4
871.92297,497.2
872.04028,494.0
872.15753,495.6
872.27478,492.0
872.39203,493.4
872.50928,491.0
872.62646,497.8
872.74371,496.4
872.86096,495.8
872.97821,496.0
873.0954,493.2
873.21265,496.2
873.32983,493.4
873.44708,494.8
873.56427,497.2
873.68152,494.0
873.79871,497.4
873.91589,489.6
874.03308,493.4
874.15027,492.6
874.26746,490.6
874.38464,488.6
874.50183,494.2
874.61902,492.6
874.73621,497.4
874.85339,494.0
874.97052,500.0
875.08771,494.6
875.2049,496.4
875.32202,493.4
875.43921,494.6
875.55634,489.0
875.67346,502.6
875.79065,493.6
875.90778,496.0
876.0249,493.8
876.14203,494.0
876.25916,498.6
876.37628,492.8
876.49341,489.0
876.61053,499.4
876.72766,490.4
876.84473,496.0
876.96185,489.8
877.07898,493.2
877.19604,495.8
877.31317,496.4
877.43024,493.6
877.54736,498.8
877.66443,494.8
877.78149,497.0
877.89856,495.8
878.01569,493.4
878.13275,491.0
878.24982,493.8
878.36688,493.6
878.48395,504.0
878.60095,491.6
878.71802,491.6
878.83508,494.2
878.95215,494.8
879.06915,490.8
879.18622,496.4
879.30322,490.2
879.42029,491.6
879.53729,493.2
879.6543,495.8
879.77136,483.6
879.88837,496.2
880.00537,496.2
880.12238,490.6
880.23938,495.2
880.35638,497.4
880.47339,491.4
880.59039,493.0
880.70734,495.6
880.82434,495.6
880.94135,491.0
881.05829,497.8
881.17529,493.6
881.29224,492.8
881.40924,492.4
881.52618,496.0
881.64313,493.8
881.76007,494.4
881.87701,498.6
881.99402,489.0
882.11096,495.0
882.22791,491.8
882.34479,492.4
882.46173,495.0
882.57867,495.6
882.69562,497.4
882.8125,494.2
882.92944,494.4
883.04639,494.6
883.16327,498.0
883.28015,498.0
883.39709,501.0
883.51398,497.8
883.63086,499.4
883.74774,499.8
883.86462,500.0
883.98157,495.2
884.09839,498.2
884.21527,499.4
884.33215,499.2
884.44904,493.0
884.56592,497.0
884.68274,499.0
884.79962,498.2
884.9165,495.8
885.03333,500.2
885.15015,496.4
885.26703,500.4
885.38385,497.6
885.50067,506.4
885.61749,498.8
885.73438,503.0
885.8512,498.4
885.96802,503.6
886.08478,493.0
886.2016,500.2
886.31842,497.0
886.43524,497.4
886.55206,500.0
886.66882,499.0
886.78564,491.8
886.9024,497.0
887.01923,494.4
887.13599,500.4
887.25275,497.8
887.36951,498.8
887.48633,497.4
887.60309,499.6
887.71985,497.8
887.83661,493.8
887.95337,494.2
888.07007,494.6
888.18683,498.8
888.30359,497.4
888.42035,497.6
888.53705,495.0
888.65381,493.4
888.77051,498.0
888.88721,500.4
889.00397,495.4
889.12067,493.2
889.23737,493.6
889.35406,496.4
889.47083,495.6
889.58752,493.2
889.70416,494.8
889.82086,498.4
889.93756,494.6
890.05426,496.0
890.17096,496.0
890.2876,494.2
890.4043,498.4
890.52094,493.8
890.63763,496.8
890.75427,497.8
890.87091,502.8
890.98761,496.8
891.10425,497.8
891.22089,498.4
891.33752,497.4
891.45416,499.6
891.5708,495.2
891.68744,494.8
891.80408,495.8
891.92065,495.8
892.03729,498.8
892.15393,496.4
892.27051,497.4
892.38715,493.8
892.50372,495.8
892.6203,497.6
892.73694,496.4
892.85352,499.4
892.97009,500.6
893.08667,497.2
893.20325,497.8
893.31982,499.4
893.4364,500.4
893.55298,492.6
893.66956,502.4
893.78607,498.4
893.90265,501.0
894.01917,500.4
894.13574,502.2
894.25226,497.2
894.36884,503.6
894.48535,500.6
894.60187,495.2
894.71838,497.6
894.8349,503.2
894.95148,499.6
895.06793,499.0
895.18445,495.8
895.30096,503.0
895.41748,498.4
895.534,501.2
895.65045,499.4
895.76697,501.0
895.88342,498.0
895.99994,498.4
896.11639,495.8
896.23291,496.0
896.34937,501.0
896.46582,499.6
896.58228,498.2
896.69873,501.8
896.81519,495.6
896.93164,499.6
897.0481,499.8
897.16455,502.8
897.28094,496.8
897.3974,497.0
897.51385,502.4
897.63025,499.6
897.7467,497.6
897.8631,499.4
897.97949,499.2
898.09595,496.2
898.21234,496.0
898.32874,503.6
898.44513,497.6
898.56152,495.8
898.67792,501.4
898.79431,499.2
898.91064,496.8
899.02704,495.0
899.14343,501.0
899.25977,497.2
899.37616,492.0
899.49249,495.8
899.60889,498.8
899.72522,495.8
899.84155,496.0
899.95789,499.8
900.07428,493.4
900.19061,499.2
900.30695,494.6
900.42322,496.6
900.53955,496.6
900.65588,494.2
900.77222,495.2
900.88849,502.2
901.00482,494.4
901.12109,493.6
901.23743,490.8
901.3537,492.0
901.47003,494.0
901.5863,494.6
901.70258,487.6
901.81885,491.8
901.93512,493.6
902.05139,495.6
902.16766,492.8
902.28394,493.4
902.40021,493.8
902.51642,498.2
902.63269,492.4
902.7489,496.0
902.86517,493.4
902.98138,491.2
903.09766,495.8
903.21387,498.0
903.33008,493.2
903.44629,500.4
903.5625,490.0
903.67871,494.0
903.79492,492.8
903.91113,492.8
904.02734,490.4
904.14355,497.2
904.2597,491.2
904.37592,491.6
904.49207,488.4
904.60828,488.6
904.72443,494.0
904.84064,491.4
904.95679,488.2
905.07294,491.2
905.18909,491.8
905.30524,487.4
905.42139,489.8
905.53754,491.2
905.65369,485.2
905.76984,488.4
905.88593,493.8
906.00208,491.0
906.11816,489.4
906.23431,489.0
906.3504,485.2
906.46655,489.4
906.58264,483.8
906.69873,485.4
906.81482,482.8
906.93091,490.8
907.047,485.6
907.16309,491.8
907.27917,489.8
907.39526,494.6
907.51135,484.0
907.62738,488.6
907.74347,486.2
907.8595,485.8
907.97559,485.8
908.09161,492.0
908.2077,484.8
908.32373,495.2
908.43976,484.8
908.55579,492.8
908.67181,484.0
908.78784,489.0
908.90387,485.0
909.0199,485.6
909.13586,485.0
909.25189,489.0
909.36792,485.8
909.48389,489.6
909.59991,489.6
909.71588,488.6
909.83185,486.8
909.94788,488.6
910.06384,486.8
910.17981,489.8
910.29578,488.0
910.41174,487.0
910.52771,491.4
910.64368,492.6
910.75958,488.6
910.87555,490.2
910.99152,485.8
911.10742,491.8
911.22339,488.2
911.33929,490.8
911.4552,488.0
911.57117,486.6
911.68707,484.4
911.80298,486.4
911.91888,483.8
912.03479,487.2
912.1507,492.4
912.2666,488.6
912.38245,487.4
912.49835,489.2
912.61426,491.2
912.7301,487.8
912.84601,488.2
792.4458,902.8
792.56488,874.8
792.68396,880.0
792.8031,876.4
792.92218,855.2
793.04126,834.6
793.16034,841.2
793.27942,823.4
793.3985,814.0
793.51758,800.8
793.63672,783.6
793.7558,775.4
793.87488,783.4
793.9939,776.8
794.11298,766.6
794.23206,762.0
794.35114,751.6
794.47021,739.8
794.58929,730.2
794.70831,729.8
794.82739,728.0
794.94647,719.6
795.06549,726.4
795.18457,708.0
795.30365,697.2
795.42267,691.4
795.54175,689.6
795.66077,695.2
795.77985,687.4
795.89886,687.4
796.01794,689.8
796.13696,684.2
796.25598,680.8
796.375,672.6
796.49408,680.2
796.6131,671.2
796.73212,670.8
796.85114,656.6
796.97015,668.4
797.08923,656.8
797.20825,659.4
797.32727,656.8
797.44629,654.6
797.56531,653.6
797.68427,646.6
797.80328,647.2
797.9223,646.0
798.04132,642.8
798.16034,640.0
798.27936,638.0
798.39832,639.2
798.51733,634.6
798.63635,636.6
798.75531,637.6
798.87433,629.4
798.99329,627.2
799.1123,625.2
799.23126,632.8
799.35028,631.4
799.46924,631.2
799.58826,638.4
799.70721,629.0
799.82617,630.8
799.94519,626.4
800.06415,625.6
800.18311,621.6
800.30206,626.0
800.42102,623.0
800.54004,625.2
800.659,622.0
800.77795,624.4
800.89691,622.8
801.01587,622.6
801.13483,617.2
801.25372,623.4
801.37268,629.2
801.49164,626.8
801.6106,626.2
801.72955,622.6
801.84845,624.8
801.96741,624.8
802.08636,624.4
802.20526,619.2
802.32422,615.2
802.44318,620.8
802.56207,623.4
802.68103,629.4
802.79993,616.0
802.91882,620.4
803.03778,618.6
803.15668,616.8
803.27557,622.6
803.39453,615.0
803.51343,618.4
803.63232,619.0
803.75122,615.0
803.87012,620.6
803.98907,614.0
804.10797,615.8
804.22687,616.6
804.34576,616.6
804.46466,619.6
804.58356,618.0
804.70239,620.8
804.82129,620.8
804.94019,616.8
805.05908,621.0
805.17798,617.6
805.29681,622.6
805.41571,624.0
805.53461,627.4
805.65344,623.6
805.77234,628.0
805.89117,625.8
806.01007,629.2
806.12891,625.4
806.2478,624.4
806.36664,625.2
806.48547,627.6
806.60437,619.4
806.72321,624.8
806.84204,628.6
806.96088,624.2
807.07971,625.8
807.19861,627.6
807.31744,624.0
807.43628,629.6
807.55511,620.8
807.67395,625.4
807.79279,623.0
807.91162,632.4
808.0304,630.4
808.14923,637.0
808.26807,625.4
808.3869,627.6
808.50568,635.0
808.62451,632.0
808.74335,632.2
808.86212,622.4
808.98096,636.2
809.09979,627.8
809.21857,629.6
809.33734,630.2
809.45618,628.6
809.57495,636.8
809.69379,632.2
809.81256,633.8
809.93134,631.2
810.05011,632.0
810.16895,622.4
810.28772,630.2
810.40649,628.4
810.52527,638.6
810.64404,636.8
810.76282,639.2
810.88159,638.2
811.00037,634.4
811.11914,628.6
811.23792,631.2
811.35663,630.6
811.4754,636.0
811.59418,632.0
811.71295,635.6
811.83167,632.4
811.95044,628.6
812.06921,629.8
812.18793,633.0
812.3067,626.0
812.42542,629.0
812.54419,629.8
812.6629,643.4
812.78162,622.2
812.90039,631.6
813.0191,631.8
813.13782,629.0
813.25653,622.0
813.37524,625.4
813.49402,623.8
813.61273,632.4
813.73145,628.8
813.85016,630.0
813.96887,630.6
814.08759,628.0
814.2063,626.8
814.32495,631.0
814.44366,625.2
814.56238,625.2
814.68109,623.4
814.79974,618.6
814.91846,618.4
815.03717,618.4
815.15582,617.0
815.27454,618.8
815.39319,615.0
815.5119,616.0
815.63055,614.8
815.74927,617.4
815.86792,617.2
815.98657,612.6
816.10529,618.2
816.22394,622.6
816.34259,617.8
816.46124,623.0
816.5799,624.2
816.69855,625.2
816.8172,623.8
816.93585,616.4
817.0545,616.2
817.17316,611.4
817.29181,611.2
817.41046,612.6
817.52911,609.0
817.64771,607.4
817.76636,603.4
817.88501,601.4
818.0036,595.8
818.12225,600.2
818.24091,598.2
818.3595,594.8
818.47815,595.0
818.59674,595.0
818.71533,592.6
818.83398,588.4
818.95258,585.4
819.07117,586.6
819.18976,583.0
819.30841,592.2
819.427,581.4
819.54559,587.2
819.66418,585.2
819.78278,584.2
819.90137,587.0
820.01996,584.6
820.13855,583.0
820.25714,581.8
820.37573,582.8
820.49426,577.8
820.61285,581.0
820.73145,582.2
820.84998,572.0
820.96857,569.2
821.08716,574.2
821.20569,576.6
821.32428,572.4
821.44281,574.2
821.56134,570.2
821.67993,572.8
821.79846,572.4
821.91699,571.8
822.03558,569.4
822.15411,575.6
822.27264,566.0
822.39117,571.2
822.5097,566.8
822.62823,570.0
822.74677,565.0
822.8653,568.2
822.98383,568.6
823.10236,566.8
823.22089,558.4
823.33942,566.4
823.45789,572.4
823.57642,567.2
823.69495,562.4
823.81342,570.4
823.93195,564.8
824.05042,569.0
824.16895,572.8
824.28741,567.6
824.40594,567.8
824.52441,563.0
824.64288,569.8
824.76141,565.0
824.87988,564.2
824.99835,563.6
825.11682,566.4
825.23529,566.0
825.35376,563.0
825.47223,568.2
825.5907,569.0
825.70917,565.0
825.82764,562.0
825.94611,562.8
826.06458,565.0
826.18304,560.0
826.30145,565.4
826.41992,566.2
826.53839,557.0
826.6568,562.8
826.77527,559.8
826.89368,566.8
827.01215,564.0
827.13055,561.2
827.24902,553.4
827.36743,561.6
827.48584,564.0
827.60431,563.4
827.72272,553.8
827.84113,557.2
827.95953,555.0
828.07794,553.6
828.19635,553.0
828.31476,557.6
828.43317,556.0
828.55157,557.0
828.66998,553.8
828.78839,556.8
828.90674,554.2
829.02515,557.6
829.14355,560.0
829.2619,557.8
829.38031,557.4
829.49872,551.4
829.61707,550.2
829.73547,549.4
829.85382,551.2
829.97217,551.4
830.09058,548.4
830.20892,551.4
830.32727,554.6
830.44562,556.0
830.56403,554.4
830.68237,553.8
830.80072,552.2
830.91907,548.8
831.03741,550.4
831.15576,555.8
831.27411,552.4
831.3924,553.6
831.51074,546.4
831.62909,552.0
831.74744,552.4
831.86572,552.6
831.98407,553.6
832.10242,559.8
832.2207,553.4
832.33905,553.8
832.45734,548.2
832.57562,559.0
832.69397,550.0
832.81226,554.8
832.93054,554.6
833.04889,552.4
833.16718,552.2
833.28546,556.2
833.40375,559.2
833.52203,554.4
833.64032,557.4
833.75861,558.0
833.87689,556.2
833.99518,557.4
834.1134,562.4
834.23169,566.4
834.34998,562.2
834.46826,568.0
834.58649,557.0
834.70477,566.8
834.823,559.4
834.94128,562.8
835.05951,561.2
835.1778,565.2
835.29602,554.4
835.41425,560.8
835.53253,560.4
835.65076,557.8
835.76898,560.2
835.88721,563.2
836.00543,564.0
836.12366,567.0
836.24188,557.2
836.36011,565.0
836.47833,565.6
836.59656,563.0
836.71478,556.6
836.83295,560.4
836.95117,561.2
837.0694,558.4
837.18756,563.2
837.30579,561.4
837.42401,562.0
837.54218,560.6
837.66034,553.0
837.77856,561.8
837.89673,556.8
838.01489,564.0
838.13312,554.0
838.25128,563.6
838.36945,561.4
838.48761,561.2
838.60577,558.4
838.72394,565.0
838.8421,559.0
838.96027,560.2
839.07843,561.8
839.19659,558.6
839.31476,562.0
839.43286,564.2
839.55103,559.0
839.66919,567.4
839.78729,561.2
839.90546,569.2
840.02356,555.6
840.14172,565.4
840.25983,559.6
840.37793,555.0
840.49609,559.6
840.6142,558.4
840.7323,560.2
840.8504,563.6
840.96851,555.4
841.08661,557.8
841.20471,557.6
841.32281,564.6
841.44092,558.6
841.55902,564.4
841.67712,559.2
841.79523,566.4
841.91327,563.8
842.03137,565.0
842.14948,561.6
842.26752,563.2
842.38562,563.4
842.50366,556.6
842.62177,558.6
842.73981,564.4
842.85791,565.6
842.97595,565.0
843.09399,567.2
843.21204,574.6
843.33008,572.8
843.44818,571.0
843.56622,568.2
843.68427,567.0
843.80231,574.6
843.92029,570.4
844.03833,575.4
844.15637,572.6
844.27441,569.0
844.39246,574.4
844.51044,568.2
844.62848,570.2
844.74646,570.8
844.8645,573.2
844.98248,571.4
845.10052,566.8
845.21851,570.2
845.33649,569.0
845.45453,570.4
845.57251,569.6
845.69049,566.0
845.80847,571.0
845.92645,573.8
846.04443,569.2
846.16241,573.4
846.2804,573.8
846.39838,574.8
846.51636,574.8
846.63434,574.8
846.75226,579.0
846.87024,572.6
846.98822,574.8
847.10614,571.2
847.22412,571.2
847.34204,571.6
847.46002,573.2
847.57794,570.4
847.69586,568.8
847.81384,566.6
847.93176,569.6
848.04968,574.0
848.1676,570.6
848.28552,568.2
848.40344,567.6
848.52136,569.0
848.63928,569.6
848.7572,568.8
848.87512,569.0
848.99304,564.8
849.1109,561.4
849.22882,562.4
849.34674,565.6
849.4646,567.8
849.58252,563.0
849.70038,564.0
849.8183,560.0
849.93616,561.2
850.05402,567.6
850.17194,568.0
850.28979,564.6
850.40765,566.6
850.52551,570.4
850.64337,573.2
850.76123,558.0
850.87909,565.2
850.99695,569.8
851.11481,565.4
851.23267,571.0
851.35046,569.4
851.46832,562.4
851.58618,568.2
851.70398,573.0
851.82184,573.4
851.93964,576.0
852.0575,575.0
852.17529,592.2
852.29315,578.0
852.41095,579.2
852.52875,569.2
852.64655,571.0
852.7644,565.6
852.8822,565.4
853.0,557.6
853.1178,563.2
853.2356,555.6
853.35333,563.2
853.47113,562.2
853.58893,565.4
853.70673,563.6
853.82446,566.6
853.94226,566.4
854.06006,562.8
854.1778,566.0
854.29559,566.0
854.41333,565.8
854.53107,566.0
854.64886,568.6
854.7666,565.6
854.88434,559.6
855.00208,561.2
855.11981,564.4
855.23761,566.2
855.35535,563.4
855.47302,572.6
855.59076,563.4
855.7085,566.0
855.82623,555.8
855.94397,565.8
856.06165,561.8
856.17938,568.6
856.29712,560.2
856.41479,567.2
856.53253,562.0
856.65021,563.0
856.76788,557.2
856.88562,565.2
857.0033,563.2
857.12097,559.8
857.23865,560.4
857.35632,556.6
857.474,559.8
857.59167,561.2
857.70935,558.4
857.82703,554.8
857.9447,556.6
858.06238,559.6
858.18005,557.6
858.29767,561.2
858.41534,555.6
858.53296,559.8
858.65063,563.2
858.76825,563.0
858.88593,559.6
859.00354,559.6
859.12115,562.6
859.23883,561.2
859.35645,556.6
859.47406,559.6
859.59167,554.6
859.70929,560.6
859.8269,558.0
859.94452,558.0
860.06213,558.0
860.17975,556.6
860.29736,556.2
860.41492,557.0
860.53253,546.6
860.65009,555.6
860.7677,550.4
860.88525,556.4
861.00287,554.0
861.12042,555.8
861.23804,558.8
861.35559,561.6
861.47314,557.0
861.5907,555.0
861.70825,550.8
861.82581,556.6
861.94336,548.4
862.06091,547.2
862.17847,548.8
862.29602,550.4
862.41357,546.4
862.53113,550.0
862.64862,548.4
862.76617,542.6
862.88367,548.4
863.00122,554.6
863.11871,551.4
863.23627,552.4
863.35376,544.6
863.47125,550.0
863.58881,550.6
863.7063,549.6
863.82379,544.4
863.94128,551.8
864.05878,548.0
864.17627,553.0
864.29376,548.4
864.41125,546.2
864.52869,547.6
864.64618,556.6
864.76367,551.4
864.8811,548.0
864.9986,549.0
865.11609,551.8
865.23352,545.0
865.35095,549.8
865.46844,549.4
865.58588,549.6
865.70331,551.6
865.82074,556.2
865.93823,546.4
866.05566,544.6
866.1731,549.2
866.29053,551.0
866.4079,548.2
866.52533,554.2
866.64276,552.8
866.76019,547.0
866.87756,550.8
866.995,555.6
867.11243,550.8
867.2298,554.0
867.34723,547.8
867.4646,552.0
867.58197,551.8
867.6994,556.2
867.81677,550.6
867.93414,547.8
868.05151,546.2
868.16888,554.6
868.28625,550.4
868.40363,550.0
868.521,554.0
868.63837,550.8
868.75568,548.2
868.87305,553.8
868.99042,552.4
869.10773,554.2
869.2251,550.0
869.34241,556.0
869.45978,550.0
869.57709,555.6
869.69446,547.8
869.81177,559.6
869.92908,553.0
870.04639,563.0
870.1637,552.6
870.28101,555.6
870.39832,557.0
870.51563,553.8
870.63293,557.4
870.75024,558.0
870.86749,557.0
870.9848,552.2
871.10211,556.0
871.21936,557.8
871.33667,559.4
871.45392,555.4
871.57123,555.2
871.68848,555.8
871.80573,553.0
871.92297,555.2
872.04028,555.8
872.15753,562.8
872.27478,551.4
872.39203,560.4
872.50928,552.8
872.62646,553.0
872.74371,551.2
872.86096,556.8
872.97821,558.0
873.0954,552.4
873.21265,550.8
873.32983,551.8
873.44708,554.4
873.56427,556.0
873.68152,549.2
873.79871,549.0
873.91589,550.4
874.03308,547.4
874.15027,552.8
874.26746,543.8
874.38464,552.8
874.50183,549.0
874.61902,552.8
874.73621,560.2
874.85339,550.6
874.97052,559.8
875.08771,553.6
875.2049,552.2
875.32202,553.4
875.43921,552.0
875.55634,553.0
875.67346,563.0
875.79065,556.0
875.90778,556.4
876.0249,554.0
876.14203,554.2
876.25916,555.2
876.37628,555.8
876.49341,557.2
876.61053,557.0
876.72766,553.0
876.84473,557.2
876.96185,555.6
877.07898,554.8
877.19604,551.0
877.31317,561.4
877.43024,557.2
877.54736,554.4
877.66443,553.8
877.78149,555.8
877.89856,552.2
878.01569,551.8
878.13275,545.8
878.24982,554.2
878.36688,549.8
878.48395,551.4
878.60095,550.0
878.71802,545.2
878.83508,549.8
878.95215,545.2
879.06915,543.6
879.18622,552.0
879.30322,540.6
879.42029,545.0
879.53729,544.8
879.6543,543.8
879.77136,542.6
879.88837,547.8
880.00537,543.2
880.12238,547.8
880.23938,545.8
880.35638,553.8
880.47339,544.4
880.59039,544.8
880.70734,540.6
880.82434,546.8
880.94135,546.0
881.05829,547.8
881.17529,550.4
881.29224,546.6
881.40924,542.4
881.52618,548.4
881.64313,545.0
881.76007,554.4
881.87701,547.0
881.99402,543.8
882.11096,548.8
882.22791,542.6
882.34479,551.8
882.46173,548.2
882.57867,546.6
882.69562,557.6
882.8125,551.0
882.92944,555.4
883.04639,548.6
883.16327,549.6
883.28015,552.4
883.39709,546.2
883.51398,553.6
883.63086,548.8
883.74774,553.2
883.86462,551.6
883.98157,551.2
884.09839,550.0
884.21527,548.4
884.33215,556.6
884.44904,546.4
884.56592,553.2
884.68274,553.4
884.79962,554.8
884.9165,557.6
885.03333,553.6
885.15015,558.6
885.26703,559.2
885.38385,555.6
885.50067,561.6
885.61749,570.6
885.73438,567.2
885.8512,564.4
885.96802,563.6
886.08478,560.8
886.2016,561.6
886.31842,557.8
886.43524,555.8
886.55206,556.4
886.66882,562.0
886.78564,552.6
886.9024,554.0
887.01923,551.0
887.13599,547.6
887.25275,545.2
887.36951,555.8
887.48633,547.8
887.60309,554.2
887.71985,548.6
887.83661,550.8
887.95337,540.2
888.07007,543.4
888.18683,541.8
888.30359,548.6
888.42035,546.0
888.53705,545.2
888.65381,535.8
888.77051,548.2
888.88721,536.0
889.00397,541.4
889.12067,536.8
889.23737,535.2
889.35406,534.8
889.47083,539.8
889.58752,530.4
889.70416,539.2
889.82086,532.2
889.93756,539.0
890.05426,536.2
890.17096,540.6
890.2876,539.0
890.4043,535.4
890.52094,541.4
890.63763,539.8
890.75427,539.2
890.87091,538.0
890.98761,539.8
891.10425,536.2
891.22089,536.4
891.33752,540.0
891.45416,533.4
891.5708,533.0
891.68744,540.2
891.80408,538.6
891.92065,534.0
892.03729,540.4
892.15393,538.4
892.27051,535.6
892.38715,535.8
892.50372,537.6
892.6203,534.4
892.73694,542.2
892.85352,540.8
892.97009,537.8
893.08667,540.8
893.20325,537.2
893.31982,545.6
893.4364,538.0
893.55298,537.8
893.66956,543.0
893.78607,539.8
893.90265,541.6
894.01917,537.6
894.13574,540.6
894.25226,541.0
894.36884,543.4
894.48535,531.2
894.60187,541.2
894.71838,537.8
894.8349,544.4
894.95148,539.4
895.06793,542.2
895.18445,543.4
895.30096,536.8
895.41748,540.2
895.534,533.6
895.65045,538.2
895.76697,538.2
895.88342,543.2
895.99994,533.0
896.11639,537.4
896.23291,535.0
896.34937,536.4
896.46582,537.8
896.58228,539.6
896.69873,542.2
896.81519,539.2
896.93164,532.4
897.0481,538.0
897.16455,545.2
897.28094,539.6
897.3974,537.2
897.51385,543.6
897.63025,548.8
897.7467,537.0
897.8631,538.6
897.97949,538.6
898.09595,539.6
898.21234,535.8
898.32874,535.6
898.44513,537.2
898.56152,542.0
898.67792,534.0
898.79431,533.8
898.91064,537.4
899.02704,534.4
899.14343,533.6
899.25977,534.0
899.37616,537.6
899.49249,538.4
899.60889,536.0
899.72522,536.8
899.84155,536.8
899.95789,542.6
900.07428,536.2
900.19061,539.2
900.30695,538.2
900.42322,540.4
900.53955,535.0
900.65588,533.4
900.77222,540.4
900.88849,538.6
901.00482,533.6
901.12109,537.8
901.23743,535.2
901.3537,536.2
901.47003,536.2
901.5863,539.6
901.70258,541.6
901.81885,539.2
901.93512,537.6
902.05139,543.0
902.16766,546.4
902.28394,538.4
902.40021,543.0
902.51642,542.8
902.63269,539.0
902.7489,540.0
902.86517,538.0
902.98138,538.2
903.09766,540.6
903.21387,537.6
903.33008,542.0
903.44629,544.2
903.5625,537.4
903.67871,528.8
903.79492,535.6
903.91113,529.6
904.02734,531.8
904.14355,533.4
904.2597,535.0
904.37592,533.4
904.49207,526.2
904.60828,528.6
904.72443,523.4
904.84064,527.8
904.95679,531.2
905.07294,532.4
905.18909,526.6
905.30524,528.8
905.42139,530.6
905.53754,532.4
905.65369,521.6
905.76984,526.0
905.88593,528.2
906.00208,523.2
906.11816,522.4
906.23431,522.0
906.3504,521.0
906.46655,521.0
906.58264,513.8
906.69873,519.6
906.81482,515.2
906.93091,517.6
907.047,515.8
907.16309,519.4
907.27917,520.8
907.39526,520.4
907.51135,516.4
907.62738,520.8
907.74347,516.0
907.8595,522.2
907.97559,521.8
908.09161,520.0
908.2077,516.0
908.32373,517.0
908.43976,517.0
908.55579,516.0
908.67181,513.8
908.78784,517.4
908.90387,513.6
909.0199,521.8
909.13586,511.2
909.25189,518.8
909.36792,513.0
909.48389,515.2
909.59991,510.8
909.71588,518.2
909.83185,518.2
909.94788,514.6
910.06384,512.6
910.17981,512.0
910.29578,513.2
910.41174,513.2
910.52771,516.8
910.64368,518.4
910.75958,509.4
910.87555,518.6
910.99152,513.0
911.10742,513.2
911.22339,511.8
911.33929,518.2
911.4552,509.2
911.57117,508.0
911.68707,514.6
911.80298,515.0
911.91888,516.8
912.03479,517.2
912.1507,518.4
912.2666,510.0
912.38245,510.0
912.49835,510.8
912.61426,516.2
912.7301,514.2
912.84601,514.2
792.4458,855.6
792.56488,829.6
792.68396,835.4
792.8031,827.2
792.92218,803.0
793.04126,798.0
793.16034,794.6
793.27942,788.4
793.3985,776.2
793.51758,760.6
793.63672,767.8
793.7558,753.4
793.87488,756.8
793.9939,743.6
794.11298,745.4
794.23206,737.6
794.35114,725.2
794.47021,720.0
794.58929,720.4
794.70831,709.0
794.82739,709.2
794.94647,710.0
795.06549,705.2
795.18457,698.2
795.30365,690.2
795.42267,678.6
795.54175,679.2
795.66077,685.6
795.77985,680.8
795.89886,673.0
796.01794,677.8
796.13696,669.0
796.25598,671.8
796.375,666.2
796.49408,657.6
796.6131,657.0
796.73212,663.4
796.85114,651.8
796.97015,654.6
797.08923,656.0
797.20825,651.6
797.32727,646.6
797.44629,647.2
797.56531,645.4
797.68427,645.4
797.80328,637.2
797.9223,640.2
798.04132,642.0
798.16034,635.8
798.27936,637.6
798.39832,644.4
798.51733,628.8
798.63635,634.0
798.75531,633.4
798.87433,626.6
798.99329,625.2
799.1123,627.4
799.23126,627.0
799.35028,628.0
799.46924,629.8
799.58826,628.2
799.70721,628.4
799.82617,627.8
799.94519,618.0
800.06415,623.4
800.18311,625.8
800.30206,622.4
800.42102,624.8
800.54004,624.8
800.659,625.8
800.77795,622.6
800.89691,621.2
801.01587,623.0
801.13483,622.8
801.25372,628.0
801.37268,625.8
801.49164,623.4
801.6106,627.6
801.72955,623.4
801.84845,623.8
801.96741,622.0
802.08636,620.4
802.20526,623.2
802.32422,624.0
802.44318,623.0
802.56207,622.4
802.68103,628.6
802.79993,624.0
802.91882,625.2
803.03778,616.0
803.15668,624.8
803.27557,627.6
803.39453,621.0
803.51343,625.4
803.63232,625.0
803.75122,624.6
803.87012,621.0
803.98907,623.4
804.10797,624.6
804.22687,624.4
804.34576,625.8
804.46466,627.6
804.58356,629.2
804.70239,623.6
804.82129,629.8
804.94019,624.4
805.05908,629.8
805.17798,627.0
805.29681,628.2
805.41571,633.2
805.53461,629.8
805.65344,633.8
805.77234,628.4
805.89117,625.6
806.01007,631.4
806.12891,633.8
806.2478,633.8
806.36664,628.8
806.48547,631.0
806.60437,624.8
806.72321,633.0
806.84204,636.0
806.96088,634.4
807.07971,628.8
807.19861,638.2
807.31744,632.0
807.43628,631.0
807.55511,630.0
807.67395,631.8
807.79279,626.4
807.91162,638.2
808.0304,634.8
808.14923,635.4
808.26807,629.4
808.3869,635.2
808.50568,638.6
808.62451,638.0
808.74335,629.4
808.86212,638.8
808.98096,635.6
809.09979,639.6
809.21857,634.2
809.33734,637.4
809.45618,633.2
809.57495,640.6
809.69379,641.6
809.81256,637.0
809.93134,637.0
810.05011,643.2
810.16895,637.6
810.28772,634.6
810.40649,639.0
810.52527,644.0
810.64404,639.4
810.76282,647.8
810.88159,638.2
811.00037,647.2
811.11914,638.0
811.23792,637.4
811.35663,641.0
811.4754,643.0
811.59418,636.0
811.71295,645.8
811.83167,645.6
811.95044,641.6
812.06921,644.6
812.18793,641.6
812.3067,645.0
812.42542,644.6
812.54419,646.2
812.6629,643.0
812.78162,639.4
812.90039,636.8
813.0191,635.6
813.13782,637.4
813.25653,638.0
813.37524,640.8
813.49402,633.6
813.61273,645.2
813.73145,639.6
813.85016,642.0
813.96887,633.0
814.08759,641.6
814.2063,633.8
814.32495,641.2
814.44366,632.4
814.56238,636.2
814.68109,627.0
814.79974,633.4
814.91846,622.0
815.03717,625.4
815.15582,625.6
815.27454,626.2
815.39319,621.4
815.5119,628.8
815.63055,624.2
815.74927,625.6
815.86792,632.2
815.98657,628.2
816.10529,627.8
816.22394,630.0
816.34259,629.8
816.46124,639.2
816.5799,630.0
816.69855,635.4
816.8172,631.0
816.93585,631.8
817.0545,620.2
817.17316,620.6
817.29181,616.6
817.41046,620.8
817.52911,612.2
817.64771,611.6
817.76636,597.8
817.88501,605.0
818.0036,600.8
818.12225,599.2
818.24091,592.4
818.3595,595.4
818.47815,598.6
818.59674,594.2
818.71533,591.8
818.83398,586.0
818.95258,587.0
819.07117,588.4
819.18976,585.0
819.30841,588.8
819.427,591.2
819.54559,588.8
819.66418,582.8
819.78278,590.8
819.90137,583.0
820.01996,581.4
820.13855,574.0
820.25714,583.0
820.37573,583.0
820.49426,577.2
820.61285,582.8
820.73145,579.2
820.84998,574.6
820.96857,575.6
821.08716,580.4
821.20569,580.8
821.32428,576.0
821.44281,573.6
821.56134,576.2
821.67993,572.6
821.79846,569.2
821.91699,578.2
822.03558,575.8
822.15411,579.4
822.27264,576.4
822.39117,571.4
822.5097,570.0
822.62823,576.4
822.74677,576.6
822.8653,573.6
822.98383,571.2
823.10236,572.0
823.22089,569.8
823.33942,574.2
823.45789,576.8
823.57642,578.0
823.69495,571.6
823.81342,573.8
823.93195,570.4
824.05042,572.0
824.16895,574.6
824.28741,574.8
824.40594,571.2
824.52441,572.0
824.64288,571.0
824.76141,577.8
824.87988,568.0
824.99835,569.4
825.11682,579.6
825.23529,570.2
825.35376,598.2
825.47223,563.6
825.5907,565.8
825.70917,568.6
825.82764,563.0
825.94611,566.0
826.06458,565.6
826.18304,561.4
826.30145,564.2
826.41992,566.4
826.53839,565.2
826.6568,569.0
826.77527,562.0
826.89368,565.6
827.01215,559.4
827.13055,564.0
827.24902,559.2
827.36743,558.0
827.48584,563.6
827.60431,562.0
827.72272,560.0
827.84113,560.6
827.95953,557.0
828.07794,558.8
828.19635,562.0
828.31476,561.8
828.43317,554.2
828.55157,560.4
828.66998,555.0
828.78839,562.2
828.90674,555.8
829.02515,556.8
829.14355,557.8
829.2619,559.8
829.38031,556.4
829.49872,556.4
829.61707,552.6
829.73547,554.6
829.85382,551.8
829.97217,562.6
830.09058,556.8
830.20892,552.6
830.32727,550.2
830.44562,553.0
830.56403,561.6
830.68237,562.6
830.80072,555.4
830.91907,550.8
831.03741,550.6
831.15576,552.4
831.27411,552.8
831.3924,555.6
831.51074,558.8
831.62909,551.6
831.74744,552.6
831.86572,554.0
831.98407,557.0
832.10242,554.6
832.2207,557.0
832.33905,558.4
832.45734,551.6
832.57562,554.8
832.69397,553.8
832.81226,561.0
832.93054,555.0
833.04889,560.6
833.16718,560.6
833.28546,559.4
833.40375,561.0
833.52203,562.4
833.64032,557.2
833.75861,560.2
833.87689,560.4
833.99518,563.8
834.1134,565.4
834.23169,561.0
834.34998,566.2
834.46826,564.4
834.58649,565.0
834.70477,565.2
834.823,561.8
834.94128,562.4
835.05951,560.4
835.1778,562.2
835.29602,557.2
835.41425,566.2
835.53253,560.2
835.65076,562.0
835.76898,567.4
835.88721,566.8
836.00543,567.8
836.12366,566.4
836.24188,558.2
836.36011,562.0
836.47833,560.6
836.59656,562.0
836.71478,559.6
836.83295,566.6
836.95117,560.2
837.0694,560.4
837.18756,561.8
837.30579,556.8
837.42401,568.6
837.54218,562.8
837.66034,556.6
837.77856,565.0
837.89673,560.0
838.01489,566.8
838.13312,559.0
838.25128,562.0
838.36945,556.2
838.48761,564.2
838.60577,557.4
838.72394,563.8
838.8421,566.4
838.96027,561.4
839.07843,560.8
839.19659,558.2
839.31476,561.0
839.43286,568.4
839.55103,557.2
839.66919,561.0
839.78729,562.0
839.90546,559.4
840.02356,557.4
840.14172,557.8
840.25983,555.6
840.37793,559.6
840.49609,557.8
840.6142,557.4
840.7323,565.8
840.8504,558.2
840.96851,560.6
841.08661,558.0
841.20471,560.2
841.32281,559.6
841.44092,553.6
841.55902,562.2
841.67712,552.8
841.79523,560.0
841.91327,553.2
842.03137,562.6
842.14948,563.6
842.26752,557.0
842.38562,557.0
842.50366,556.0
842.62177,558.4
842.73981,560.0
842.85791,563.0
842.97595,556.4
843.09399,556.6
843.21204,562.2
843.33008,558.6
843.44818,561.6
843.56622,564.0
843.68427,559.4
843.80231,563.0
843.92029,565.4
844.03833,569.8
844.15637,564.2
844.27441,564.2
844.39246,563.4
844.51044,560.2
844.62848,564.8
844.74646,570.2
844.8645,564.6
844.98248,560.8
845.10052,569.2
845.21851,564.0
845.33649,565.2
845.45453,560.8
845.57251,565.8
845.69049,564.2
845.80847,567.2
845.92645,567.8
846.04443,564.0
846.16241,561.8
846.2804,563.4
846.39838,564.0
846.51636,561.8
846.63434,571.2
846.75226,566.0
846.87024,567.4
846.98822,566.6
847.10614,560.8
847.22412,565.8
847.34204,567.2
847.46002,571.6
847.57794,569.8
847.69586,568.4
847.81384,565.6
847.93176,569.0
848.04968,568.6
848.1676,573.2
848.28552,571.8
848.40344,579.2
848.52136,575.4
848.63928,582.0
848.7572,586.4
848.87512,583.0
848.99304,590.0
849.1109,585.4
849.22882,583.6
849.34674,586.8
849.4646,581.8
849.58252,576.0
849.70038,564.8
849.8183,564.8
849.93616,565.6
850.05402,568.6
850.17194,557.2
850.28979,564.2
850.40765,559.6
850.52551,556.0
850.64337,563.6
850.76123,564.2
850.87909,558.2
850.99695,564.2
851.11481,559.0
851.23267,565.4
851.35046,565.2
851.46832,556.8
851.58618,564.4
851.70398,564.2
851.82184,567.8
851.93964,568.8
852.0575,576.0
852.17529,583.6
852.29315,574.0
852.41095,574.0
852.52875,568.6
852.64655,563.6
852.7644,558.4
852.8822,563.2
853.0,556.8
853.1178,559.0
853.2356,559.0
853.35333,558.2
853.47113,560.0
853.58893,558.6
853.70673,560.0
853.82446,561.4
853.94226,560.6
854.06006,561.2
854.1778,565.2
854.29559,554.0
854.41333,560.2
854.53107,562.0
854.64886,566.0
854.7666,563.8
854.88434,558.2
855.00208,563.0
855.11981,562.8
855.23761,561.4
855.35535,559.2
855.47302,560.6
855.59076,560.8
855.7085,562.2
855.82623,555.0
855.94397,560.2
856.06165,559.4
856.17938,560.2
856.29712,558.4
856.41479,561.6
856.53253,557.2
856.65021,558.8
856.76788,554.6
856.88562,558.0
857.0033,558.0
857.12097,558.4
857.23865,554.0
857.35632,554.4
857.474,556.0
857.59167,556.6
857.70935,552.2
857.82703,556.0
857.9447,556.0
858.06238,556.2
858.18005,551.6
858.29767,558.0
858.41534,553.0
858.53296,554.0
858.65063,551.0
858.76825,554.4
858.88593,557.8
859.00354,553.8
859.12115,550.8
859.23883,558.2
859.35645,550.4
859.47406,560.0
859.59167,549.8
859.70929,554.6
859.8269,550.2
859.94452,548.2
860.06213,552.2
860.17975,550.8
860.29736,549.8
860.41492,545.0
860.53253,544.6
860.65009,543.8
860.7677,544.0
860.88525,551.4
861.00287,547.6
861.12042,548.0
861.23804,549.2
861.35559,552.2
861.47314,546.4
861.5907,550.4
861.70825,542.8
861.82581,548.4
861.94336,539.6
862.06091,541.8
862.17847,543.8
862.29602,547.0
862.41357,540.6
862.53113,541.8
862.64862,546.6
862.76617,546.6
862.88367,546.4
863.00122,543.8
863.11871,542.2
863.23627,543.0
863.35376,545.6
863.47125,545.4
863.58881,548.0
863.7063,552.4
863.82379,540.4
863.94128,545.6
864.05878,544.0
864.17627,540.4
864.29376,547.0
864.41125,546.0
864.52869,548.2
864.64618,541.8
864.76367,543.8
864.8811,545.8
864.9986,546.6
865.11609,543.6
865.23352,548.0
865.35095,542.0
865.46844,541.8
865.58588,541.8
865.70331,545.4
865.82074,545.4
865.93823,542.6
866.05566,545.2
866.1731,542.0
866.29053,544.2
866.4079,543.0
866.52533,548.4
866.64276,547.4
866.76019,542.8
866.87756,548.4
866.995,548.4
867.11243,547.4
867.2298,549.4
867.34723,545.0
867.4646,543.6
867.58197,546.8
867.6994,542.4
867.81677,547.8
867.93414,546.8
868.05151,545.0
868.16888,544.8
868.28625,544.2
868.40363,544.2
868.521,545.8
868.63837,549.8
868.75568,547.6
868.87305,546.6
868.99042,547.4
869.10773,555.0
869.2251,548.2
869.34241,554.0
869.45978,544.2
869.57709,550.0
869.69446,551.0
869.81177,542.4
869.92908,547.8
870.04639,549.6
870.1637,545.8
870.28101,547.0
870.39832,549.4
870.51563,547.2
870.63293,545.6
870.75024,553.4
870.86749,553.0
870.9848,546.8
871.10211,551.0
871.21936,546.6
871.33667,551.2
871.45392,551.2
871.57123,547.4
871.68848,548.0
871.80573,548.8
871.92297,547.6
872.04028,543.0
872.15753,553.8
872.27478,543.0
872.39203,551.0
872.50928,542.0
872.62646,547.2
872.74371,546.0
872.86096,549.6
872.97821,545.6
873.0954,543.2
873.21265,541.0
873.32983,544.6
873.44708,547.4
873.56427,544.8
873.68152,540.2
873.79871,540.8
873.91589,540.6
874.03308,545.0
874.15027,539.0
874.26746,542.0
874.38464,542.8
874.50183,548.2
874.61902,545.4
874.73621,548.4
874.85339,544.4
874.97052,540.0
875.08771,544.4
875.2049,544.8
875.32202,544.0
875.43921,547.2
875.55634,543.4
875.67346,550.0
875.79065,544.0
875.90778,550.0
876.0249,544.8
876.14203,545.6
876.25916,550.6
876.37628,547.2
876.49341,542.6
876.61053,549.2
876.72766,541.6
876.84473,547.0
876.96185,544.0
877.07898,545.2
877.19604,543.6
877.31317,548.4
877.43024,545.6
877.54736,549.8
877.66443,550.6
877.78149,544.6
877.89856,541.8
878.01569,542.4
878.13275,542.8
878.24982,542.2
878.36688,537.8
878.48395,543.8
878.60095,537.6
878.71802,538.6
878.83508,538.2
878.95215,541.2
879.06915,539.6
879.18622,543.4
879.30322,531.0
879.42029,537.2
879.53729,538.0
879.6543,537.4
879.77136,535.8
879.88837,542.6
880.00537,537.0
880.12238,539.6
880.23938,535.0
880.35638,543.0
880.47339,539.6
880.59039,540.0
880.70734,538.8
880.82434,537.2
880.94135,537.2
881.05829,542.0
881.17529,539.0
881.29224,537.2
881.40924,534.2
881.52618,541.2
881.64313,537.6
881.76007,538.8
881.87701,538.6
881.99402,538.4
882.11096,540.4
882.22791,538.0
882.34479,535.6
882.46173,541.6
882.57867,540.2
882.69562,540.8
882.8125,544.2
882.92944,544.2
883.04639,538.8
883.16327,545.2
883.28015,543.6
883.39709,538.0
883.51398,539.2
883.63086,543.0
883.74774,540.8
883.86462,546.0
883.98157,541.2
884.09839,549.2
884.21527,548.2
884.33215,545.4
884.44904,540.4
884.56592,537.6
884.68274,540.6
884.79962,542.0
884.9165,540.6
885.03333,549.6
885.15015,546.8
885.26703,546.6
885.38385,548.4
885.50067,555.0
885.61749,555.4
885.73438,549.0
885.8512,554.2
885.96802,554.4
886.08478,548.0
886.2016,547.8
886.31842,543.2
886.43524,545.0
886.55206,543.2
886.66882,545.2
886.78564,544.0
886.9024,546.4
887.01923,539.2
887.13599,543.4
887.25275,536.8
887.36951,544.4
887.48633,540.8
887.60309,547.2
887.71985,537.6
887.83661,539.6
887.95337,537.8
888.07007,533.4
888.18683,534.8
888.30359,533.8
888.42035,532.8
888.53705,535.6
888.65381,533.0
888.77051,538.0
888.88721,535.8
889.00397,533.8
889.12067,526.6
889.23737,532.0
889.35406,531.0
889.47083,531.8
889.58752,532.8
889.70416,536.2
889.82086,530.2
889.93756,534.0
890.05426,533.2
890.17096,537.8
890.2876,528.0
890.4043,533.0
890.52094,533.8
890.63763,530.4
890.75427,533.0
890.87091,535.8
890.98761,533.2
891.10425,536.8
891.22089,531.0
891.33752,535.8
891.45416,532.8
891.5708,531.2
891.68744,532.2
891.80408,531.2
891.92065,524.6
892.03729,538.2
892.15393,529.4
892.27051,533.8
892.38715,529.8
892.50372,528.4
892.6203,531.8
892.73694,532.2
892.85352,528.6
892.97009,532.2
893.08667,534.8
893.20325,533.8
893.31982,530.4
893.4364,538.2
893.55298,533.6
893.66956,538.4
893.78607,535.8
893.90265,537.6
894.01917,533.8
894.13574,536.6
894.25226,538.0
894.36884,534.2
894.48535,532.8
894.60187,535.2
894.71838,534.0
894.8349,534.0
894.95148,534.4
895.06793,537.6
895.18445,540.8
895.30096,534.2
895.41748,536.6
895.534,533.2
895.65045,534.2
895.76697,538.8
895.88342,533.4
895.99994,531.8
896.11639,528.8
896.23291,533.0
896.34937,529.0
896.46582,537.4
896.58228,534.8
896.69873,528.0
896.81519,527.4
896.93164,528.4
897.0481,526.0
897.16455,534.2
897.28094,537.4
897.3974,534.2
897.51385,539.2
897.63025,537.6
897.7467,534.4
897.8631,535.4
897.97949,531.0
898.09595,535.0
898.21234,533.2
898.32874,537.2
898.44513,536.2
898.56152,531.2
898.67792,530.0
898.79431,531.6
898.91064,529.8
899.02704,530.8
899.14343,528.6
899.25977,532.0
899.37616,528.8
899.49249,534.0
899.60889,530.8
899.72522,533.8
899.84155,529.8
899.95789,527.8
900.07428,532.4
900.19061,533.8
900.30695,528.2
900.42322,531.8
900.53955,531.4
900.65588,525.0
900.77222,528.4
900.88849,532.2
901.00482,529.4
901.12109,531.6
901.23743,527.6
901.3537,531.2
901.47003,527.6
901.5863,530.4
901.70258,530.6
901.81885,528.6
901.93512,533.4
902.05139,532.4
902.16766,534.0
902.28394,537.2
902.40021,527.6
902.51642,535.2
902.63269,531.2
902.7489,526.4
902.86517,530.4
902.98138,531.8
903.09766,533.4
903.21387,536.8
903.33008,533.6
903.44629,530.4
903.5625,529.6
903.67871,526.8
903.79492,524.2
903.91113,528.6
904.02734,522.6
904.14355,526.8
904.2597,525.8
904.37592,526.2
904.49207,522.6
904.60828,521.0
904.72443,521.4
904.84064,525.2
904.95679,520.4
905.07294,523.6
905.18909,523.6
905.30524,523.8
905.42139,521.4
905.53754,522.6
905.65369,524.4
905.76984,516.2
905.88593,517.0
906.00208,522.6
906.11816,519.8
906.23431,516.6
906.3504,511.6
906.46655,514.8
906.58264,509.8
906.69873,517.8
906.81482,515.2
906.93091,511.0
907.047,515.2
907.16309,517.2
907.27917,516.8
907.39526,519.8
907.51135,517.8
907.62738,513.4
907.74347,514.2
907.8595,517.2
907.97559,521.8
908.09161,514.0
908.2077,514.8
908.32373,513.8
908.43976,513.8
908.55579,508.2
908.67181,515.0
908.78784,516.0
908.90387,509.0
909.0199,510.6
909.13586,518.0
909.25189,508.8
909.36792,512.4
909.48389,510.2
909.59991,507.6
909.71588,512.8
909.83185,511.6
909.94788,508.6
910.06384,515.8
910.17981,506.8
910.29578,512.4
910.41174,509.0
910.52771,515.8
910.64368,513.4
910.75958,512.4
910.87555,511.4
910.99152,512.0
911.10742,512.4
911.22339,513.0
911.33929,515.0
911.4552,506.6
911.57117,509.6
911.68707,508.6
911.80298,510.6
911.91888,511.8
912.03479,502.0
912.1507,511.2
912.2666,509.4
912.38245,507.2
912.49835,510.0
912.61426,509.8
912.7301,507.2
912.84601,510.4
792.4458,589.6
792.56488,581.8
792.68396,593.2
792.8031,591.2
792.92218,572.8
793.04126,571.6
793.16034,575.8
793.27942,570.2
793.3985,569.0
793.51758,563.6
793.63672,559.2
793.7558,558.8
793.87488,561.2
793.9939,564.0
794.11298,557.0
794.23206,553.4
794.35114,550.4
794.47021,552.6
794.58929,544.0
794.70831,545.2
794.82739,551.2
794.94647,545.2
795.06549,546.0
795.18457,540.0
795.30365,538.2
795.42267,533.6
795.54175,537.8
795.66077,537.8
795.77985,532.2
795.89886,539.6
796.01794,533.6
796.13696,534.6
796.25598,538.0
796.375,535.4
796.49408,531.6
796.6131,531.2
796.73212,534.2
796.85114,530.6
796.97015,536.6
797.08923,527.2
797.20825,526.6
797.32727,527.0
797.44629,530.8
797.56531,526.0
797.68427,531.4
797.80328,529.2
797.9223,528.6
798.04132,523.6
798.16034,525.2
798.27936,520.8
798.39832,528.8
798.51733,524.8
798.63635,527.0
798.75531,527.0
798.87433,521.4
798.99329,521.2
799.1123,519.0
799.23126,529.4
799.35028,527.2
799.46924,525.6
799.58826,528.2
799.70721,524.4
799.82617,522.4
799.94519,526.0
800.06415,526.4
800.18311,520.6
800.30206,522.0
800.42102,527.6
800.54004,524.6
800.659,527.2
800.77795,524.6
800.89691,526.4
801.01587,524.6
801.13483,530.2
801.25372,529.0
801.37268,524.2
801.49164,525.0
801.6106,532.0
801.72955,528.8
801.84845,530.0
801.96741,526.4
802.08636,535.0
802.20526,532.8
802.32422,530.0
802.44318,531.4
802.56207,534.6
802.68103,532.6
802.79993,532.2
802.91882,531.4
803.03778,530.2
803.15668,534.4
803.27557,534.4
803.39453,531.6
803.51343,538.6
803.63232,540.4
803.75122,538.2
803.87012,533.4
803.98907,537.4
804.10797,542.0
804.22687,532.6
804.34576,537.2
804.46466,536.4
804.58356,538.8
804.70239,541.4
804.82129,536.2
804.94019,536.4
805.05908,539.2
805.17798,537.8
805.29681,538.4
805.41571,539.6
805.53461,539.6
805.65344,537.0
805.77234,547.0
805.89117,541.4
806.01007,543.8
806.12891,546.0
806.2478,545.8
806.36664,539.0
806.48547,542.4
806.60437,541.0
806.72321,547.2
806.84204,544.8
806.96088,542.0
807.07971,541.2
807.19861,549.0
807.31744,548.8
807.43628,549.0
807.55511,547.8
807.67395,546.2
807.79279,544.0
807.91162,546.0
808.0304,548.2
808.14923,550.6
808.26807,546.0
808.3869,551.0
808.50568,551.2
808.62451,548.8
808.74335,552.6
808.86212,550.8
808.98096,552.2
809.09979,556.6
809.21857,553.4
809.33734,548.0
809.45618,549.2
809.57495,557.8
809.69379,556.6
809.81256,555.6
809.93134,555.6
810.05011,548.6
810.16895,553.4
810.28772,552.4
810.40649,552.0
810.52527,555.8
810.64404,555.0
810.76282,559.0
810.88159,558.6
811.00037,556.6
811.11914,556.8
811.23792,560.6
811.35663,558.8
811.4754,557.6
811.59418,555.2
811.71295,557.4
811.83167,553.4
811.95044,554.8
812.06921,563.2
812.18793,556.8
812.3067,557.4
812.42542,555.2
812.54419,555.2
812.6629,556.2
812.78162,561.0
812.90039,560.2
813.0191,554.0
813.13782,558.0
813.25653,548.6
813.37524,555.8
813.49402,561.0
813.61273,560.4
813.73145,549.8
813.85016,556.4
813.96887,557.6
814.08759,550.6
814.2063,553.2
814.32495,554.6
814.44366,554.0
814.56238,556.8
814.68109,545.8
814.79974,550.6
814.91846,548.8
815.03717,548.6
815.15582,550.0
815.27454,540.4
815.39319,544.8
815.5119,544.4
815.63055,542.0
815.74927,548.6
815.86792,547.6
815.98657,541.0
816.10529,547.0
816.22394,550.4
816.34259,552.0
816.46124,551.4
816.5799,548.6
816.69855,550.0
816.8172,550.2
816.93585,546.6
817.0545,544.8
817.17316,538.4
817.29181,535.2
817.41046,536.2
817.52911,532.8
817.64771,524.4
817.76636,523.4
817.88501,520.2
818.0036,520.2
818.12225,524.2
818.24091,516.6
818.3595,508.4
818.47815,513.0
818.59674,513.2
818.71533,512.8
818.83398,510.8
818.95258,506.4
819.07117,507.4
819.18976,502.6
819.30841,502.4
819.427,503.8
819.54559,506.4
819.66418,499.8
819.78278,503.0
819.90137,505.8
820.01996,500.4
820.13855,499.4
820.25714,504.4
820.37573,499.0
820.49426,501.0
820.61285,494.0
820.73145,499.6
820.84998,498.0
820.96857,493.6
821.08716,496.0
821.20569,495.0
821.32428,497.8
821.44281,497.8
821.56134,495.4
821.67993,495.0
821.79846,496.2
821.91699,494.6
822.03558,497.6
822.15411,493.0
822.27264,494.0
822.39117,493.2
822.5097,498.6
822.62823,493.8
822.74677,490.8
822.8653,496.2
822.98383,495.2
823.10236,494.4
823.22089,488.8
823.33942,489.0
823.45789,489.4
823.57642,497.4
823.69495,493.8
823.81342,498.8
823.93195,494.8
824.05042,501.6
824.16895,496.0
824.28741,499.2
824.40594,496.6
824.52441,487.8
824.64288,495.4
824.76141,488.8
824.87988,492.6
824.99835,488.4
825.11682,491.0
825.23529,492.4
825.35376,492.6
825.47223,490.0
825.5907,491.6
825.70917,490.6
825.82764,490.8
825.94611,489.6
826.06458,488.2
826.18304,483.6
826.30145,487.0
826.41992,486.6
826.53839,484.2
826.6568,486.8
826.77527,481.4
826.89368,486.0
827.01215,485.4
827.13055,488.4
827.24902,482.4
827.36743,489.8
827.48584,480.4
827.60431,482.2
827.72272,481.2
827.84113,482.6
827.95953,481.6
828.07794,481.6
828.19635,482.6
828.31476,479.6
828.43317,481.6
828.55157,482.4
828.66998,480.6
828.78839,485.2
828.90674,484.4
829.02515,482.2
829.14355,485.2
829.2619,481.4
829.38031,482.6
829.49872,479.4
829.61707,482.4
829.73547,478.2
829.85382,476.8
829.97217,482.4
830.09058,480.6
830.20892,479.2
830.32727,482.0
830.44562,483.2
830.56403,480.4
830.68237,483.6
830.80072,484.2
830.91907,480.2
831.03741,480.8
831.15576,485.8
831.27411,478.2
831.3924,479.2
831.51074,478.2
831.62909,481.4
831.74744,482.4
831.86572,481.2
831.98407,478.0
832.10242,479.2
832.2207,479.8
832.33905,480.6
832.45734,476.8
832.57562,480.0
832.69397,476.8
832.81226,481.4
832.93054,484.0
833.04889,478.0
833.16718,484.2
833.28546,476.4
833.40375,486.2
833.52203,482.6
833.64032,481.8
833.75861,483.8
833.87689,481.0
833.99518,480.0
834.1134,483.8
834.23169,483.8
834.34998,482.4
834.46826,488.2
834.58649,482.0
834.70477,487.2
834.823,484.4
834.94128,486.4
835.05951,485.0
835.1778,483.8
835.29602,484.8
835.41425,485.0
835.53253,482.4
835.65076,483.4
835.76898,486.6
835.88721,482.2
836.00543,492.4
836.12366,488.2
836.24188,485.0
836.36011,487.4
836.47833,491.4
836.59656,489.2
836.71478,488.4
836.83295,488.8
836.95117,483.6
837.0694,492.2
837.18756,495.2
837.30579,491.6
837.42401,488.4
837.54218,490.8
837.66034,488.6
837.77856,495.4
837.89673,492.0
838.01489,496.4
838.13312,486.8
838.25128,491.6
838.36945,490.8
838.48761,489.8
838.60577,488.8
838.72394,489.2
838.8421,486.6
838.96027,491.0
839.07843,486.2
839.19659,479.4
839.31476,488.6
839.43286,489.0
839.55103,488.6
839.66919,489.8
839.78729,488.6
839.90546,485.8
840.02356,487.2
840.14172,488.2
840.25983,484.8
840.37793,489.6
840.49609,486.2
840.6142,485.4
840.7323,487.6
840.8504,487.4
840.96851,485.4
841.08661,483.0
841.20471,483.2
841.32281,483.0
841.44092,478.8
841.55902,485.0
841.67712,479.6
841.79523,482.6
841.91327,478.2
842.03137,483.6
842.14948,478.8
842.26752,478.8
842.38562,484.4
842.50366,484.8
842.62177,479.0
842.73981,482.2
842.85791,480.4
842.97595,480.6
843.09399,481.4
843.21204,485.6
843.33008,485.6
843.44818,483.4
843.56622,488.8
843.68427,481.8
843.80231,490.0
843.92029,483.8
844.03833,485.2
844.15637,483.8
844.27441,482.4
844.39246,484.8
844.51044,481.0
844.62848,482.4
844.74646,481.6
844.8645,484.2
844.98248,480.2
845.10052,480.8
845.21851,480.0
845.33649,484.4
845.45453,485.0
845.57251,485.4
845.69049,479.4
845.80847,476.0
845.92645,482.0
846.04443,482.0
846.16241,481.6
846.2804,486.8
846.39838,478.6
846.51636,486.4
846.63434,483.4
846.75226,483.6
846.87024,482.8
846.98822,483.0
847.10614,481.4
847.22412,478.8
847.34204,480.4
847.46002,480.0
847.57794,481.2
847.69586,482.2
847.81384,481.8
847.93176,482.6
848.04968,484.6
848.1676,482.2
848.28552,484.0
848.40344,480.8
848.52136,477.6
848.63928,481.0
848.7572,476.8
848.87512,483.2
848.99304,484.2
849.1109,484.0
849.22882,480.0
849.34674,479.4
849.4646,481.6
849.58252,479.4
849.70038,482.8
849.8183,484.4
849.93616,478.6
850.05402,483.0
850.17194,485.8
850.28979,482.4
850.40765,483.0
850.52551,483.0
850.64337,484.6
850.76123,483.4
850.87909,476.0
850.99695,484.6
851.11481,481.0
851.23267,483.8
851.35046,485.4
851.46832,481.8
851.58618,486.0
851.70398,486.0
851.82184,484.6
851.93964,483.2
852.0575,486.6
852.17529,490.2
852.29315,484.4
852.41095,484.4
852.52875,487.2
852.64655,485.4
852.7644,482.2
852.8822,485.6
853.0,476.4
853.1178,480.6
853.2356,485.8
853.35333,485.2
853.47113,487.8
853.58893,482.6
853.70673,485.4
853.82446,484.8
853.94226,479.6
854.06006,488.0
854.1778,492.6
854.29559,486.6
854.41333,486.6
854.53107,485.2
854.64886,487.0
854.7666,486.8
854.88434,484.0
855.00208,482.8
855.11981,488.6
855.23761,485.8
855.35535,485.2
855.47302,486.6
855.59076,480.6
855.7085,487.0
855.82623,484.6
855.94397,487.6
856.06165,486.0
856.17938,486.6
856.29712,485.0
856.41479,485.8
856.53253,488.0
856.65021,484.0
856.76788,486.8
856.88562,491.2
857.0033,486.8
857.12097,481.4
857.23865,484.4
857.35632,482.4
857.474,480.0
857.59167,486.0
857.70935,483.2
857.82703,485.8
857.9447,488.4
858.06238,482.8
858.18005,485.4
858.29767,487.8
858.41534,481.2
858.53296,481.0
858.65063,487.8
858.76825,483.2
858.88593,487.6
859.00354,485.0
859.12115,484.0
859.23883,483.4
859.35645,481.0
859.47406,483.6
859.59167,478.4
859.70929,485.2
859.8269,483.6
859.94452,485.0
860.06213,482.2
860.17975,489.0
860.29736,481.2
860.41492,480.2
860.53253,480.2
860.65009,480.4
860.7677,480.0
860.88525,482.2
861.00287,480.6
861.12042,479.6
861.23804,481.0
861.35559,486.2
861.47314,480.6
861.5907,479.4
861.70825,480.2
861.82581,480.2
861.94336,481.0
862.06091,478.8
862.17847,482.4
862.29602,476.8
862.41357,481.6
862.53113,482.6
862.64862,480.8
862.76617,475.6
862.88367,481.6
863.00122,484.2
863.11871,485.2
863.23627,479.8
863.35376,482.4
863.47125,482.2
863.58881,484.8
863.7063,482.4
863.82379,479.8
863.94128,479.6
864.05878,477.8
864.17627,481.4
864.29376,485.0
864.41125,480.6
864.52869,480.8
864.64618,478.4
864.76367,484.2
864.8811,480.4
864.9986,478.6
865.11609,479.0
865.23352,478.0
865.35095,477.2
865.46844,479.0
865.58588,484.4
865.70331,482.4
865.82074,479.6
865.93823,483.2
866.05566,483.0
866.1731,477.4
866.29053,481.0
866.4079,482.4
866.52533,480.2
866.64276,482.6
866.76019,478.4
866.87756,486.4
866.995,482.6
867.11243,481.2
867.2298,486.4
867.34723,482.0
867.4646,482.4
867.58197,479.8
867.6994,481.4
867.81677,483.8
867.93414,481.4
868.05151,479.2
868.16888,478.4
868.28625,485.0
868.40363,484.0
868.521,480.6
868.63837,483.4
868.75568,485.4
868.87305,481.4
868.99042,485.2
869.10773,485.2
869.2251,485.0
869.34241,481.4
869.45978,485.0
869.57709,479.0
869.69446,482.0
869.81177,484.0
869.92908,480.8
870.04639,485.4
870.1637,482.0
870.28101,483.2
870.39832,486.4
870.51563,482.4
870.63293,480.8
870.75024,483.4
870.86749,482.8
870.9848,482.4
871.10211,481.0
871.21936,489.0
871.33667,483.8
871.45392,484.0
871.57123,485.8
871.68848,482.0
871.80573,485.0
871.92297,481.0
872.04028,481.6
872.15753,478.6
872.27478,480.4
872.39203,479.6
872.50928,481.4
872.62646,482.6
872.74371,483.0
872.86096,482.6
872.97821,481.4
873.0954,483.2
873.21265,481.0
873.32983,477.6
873.44708,482.0
873.56427,485.0
873.68152,476.8
873.79871,481.0
873.91589,480.2
874.03308,482.8
874.15027,482.6
874.26746,479.6
874.38464,485.4
874.50183,485.2
874.61902,480.2
874.73621,484.2
874.85339,480.2
874.97052,481.2
875.08771,486.6
875.2049,480.4
875.32202,478.2
875.43921,481.4
875.55634,482.0
875.67346,480.8
875.79065,479.8
875.90778,481.6
876.0249,485.2
876.14203,478.8
876.25916,482.2
876.37628,481.4
876.49341,484.0
876.61053,483.6
876.72766,479.8
876.84473,487.2
876.96185,487.0
877.07898,480.6
877.19604,485.0
877.31317,480.8
877.43024,486.4
877.54736,482.0
877.66443,483.4
877.78149,482.6
877.89856,487.8
878.01569,483.2
878.13275,482.2
878.24982,483.8
878.36688,485.4
878.48395,480.6
878.60095,481.2
878.71802,481.0
878.83508,480.2
878.95215,479.4
879.06915,480.4
879.18622,479.4
879.30322,480.4
879.42029,481.2
879.53729,481.6
879.6543,486.4
879.77136,482.0
879.88837,486.4
880.00537,480.4
880.12238,483.4
880.23938,478.6
880.35638,487.2
880.47339,479.2
880.59039,485.4
880.70734,485.6
880.82434,485.0
880.94135,478.4
881.05829,480.6
881.17529,481.8
881.29224,482.2
881.40924,477.8
881.52618,481.8
881.64313,482.8
881.76007,486.2
881.87701,485.4
881.99402,484.4
882.11096,482.0
882.22791,482.6
882.34479,484.4
882.46173,483.8
882.57867,483.6
882.69562,489.0
882.8125,487.4
882.92944,484.2
883.04639,485.2
883.16327,486.6
883.28015,481.8
883.39709,481.0
883.51398,481.2
883.63086,483.2
883.74774,484.8
883.86462,482.8
883.98157,485.2
884.09839,483.4
884.21527,483.0
884.33215,485.4
884.44904,481.4
884.56592,480.0
884.68274,488.2
884.79962,479.8
884.9165,487.2
885.03333,486.4
885.15015,485.0
885.26703,486.2
885.38385,486.2
885.50067,488.8
885.61749,490.8
885.73438,489.4
885.8512,490.6
885.96802,490.6
886.08478,488.6
886.2016,486.0
886.31842,489.2
886.43524,486.0
886.55206,484.0
886.66882,487.0
886.78564,484.0
886.9024,483.4
887.01923,487.6
887.13599,485.6
887.25275,486.0
887.36951,489.4
887.48633,485.6
887.60309,485.8
887.71985,484.6
887.83661,486.2
887.95337,486.4
888.07007,481.8
888.18683,491.2
888.30359,485.0
888.42035,482.8
888.53705,489.6
888.65381,481.6
888.77051,485.4
888.88721,486.8
889.00397,488.4
889.12067,485.4
889.23737,481.0
889.35406,484.2
889.47083,483.4
889.58752,482.4
889.70416,484.0
889.82086,482.2
889.93756,489.2
890.05426,482.0
890.17096,488.4
890.2876,488.2
890.4043,480.0
890.52094,487.0
890.63763,483.8
890.75427,490.0
890.87091,490.0
890.98761,485.4
891.10425,490.2
891.22089,483.8
891.33752,487.0
891.45416,483.6
891.5708,486.2
891.68744,487.6
891.80408,486.0
891.92065,485.8
892.03729,486.4
892.15393,487.2
892.27051,488.2
892.38715,489.8
892.50372,486.8
892.6203,491.2
892.73694,486.0
892.85352,488.0
892.97009,483.8
893.08667,491.2
893.20325,488.0
893.31982,491.8
893.4364,488.4
893.55298,485.6
893.66956,490.6
893.78607,488.8
893.90265,485.0
894.01917,489.2
894.13574,495.0
894.25226,490.2
894.36884,490.8
894.48535,489.2
894.60187,490.2
894.71838,491.8
894.8349,488.0
894.95148,490.8
895.06793,485.4
895.18445,490.6
895.30096,490.0
895.41748,489.6
895.534,486.2
895.65045,488.6
895.76697,492.6
895.88342,493.2
895.99994,485.0
896.11639,490.4
896.23291,490.6
896.34937,487.6
896.46582,491.4
896.58228,491.6
896.69873,492.0
896.81519,489.8
896.93164,485.2
897.0481,487.6
897.16455,488.4
897.28094,489.4
897.3974,486.2
897.51385,487.6
897.63025,485.8
897.7467,489.0
897.8631,486.8
897.97949,485.0
898.09595,487.4
898.21234,486.2
898.32874,489.4
898.44513,488.2
898.56152,488.6
898.67792,482.0
898.79431,490.0
898.91064,487.4
899.02704,485.6
899.14343,488.8
899.25977,488.8
899.37616,484.0
899.49249,490.4
899.60889,487.4
899.72522,486.4
899.84155,489.4
899.95789,487.6
900.07428,487.0
900.19061,484.2
900.30695,485.6
900.42322,486.6
900.53955,482.0
900.65588,483.2
900.77222,484.6
900.88849,486.0
901.00482,483.8
901.12109,483.4
901.23743,489.2
901.3537,483.2
901.47003,483.0
901.5863,481.2
901.70258,481.6
901.81885,476.4
901.93512,482.4
902.05139,480.2
902.16766,482.6
902.28394,484.2
902.40021,482.4
902.51642,481.2
902.63269,483.4
902.7489,486.6
902.86517,480.0
902.98138,480.6
903.09766,481.0
903.21387,482.0
903.33008,481.6
903.44629,483.0
903.5625,481.2
903.67871,479.2
903.79492,477.6
903.91113,482.6
904.02734,478.8
904.14355,485.0
904.2597,481.0
904.37592,479.2
904.49207,480.6
904.60828,480.2
904.72443,477.2
904.84064,476.2
904.95679,480.6
905.07294,476.4
905.18909,479.8
905.30524,485.0
905.42139,479.2
905.53754,477.6
905.65369,476.2
905.76984,477.8
905.88593,475.8
906.00208,478.4
906.11816,478.6
906.23431,476.8
906.3504,478.4
906.46655,479.2
906.58264,477.0
906.69873,477.4
906.81482,479.0
906.93091,472.2
907.047,474.2
907.16309,475.8
907.27917,479.2
907.39526,476.6
907.51135,480.2
907.62738,473.4
907.74347,477.8
907.8595,478.0
907.97559,478.2
908.09161,478.4
908.2077,476.8
908.32373,476.6
908.43976,472.8
908.55579,480.6
908.67181,477.4
908.78784,478.2
908.90387,478.0
909.0199,478.8
909.13586,479.2
909.25189,477.6
909.36792,474.8
909.48389,481.4
909.59991,477.0
909.71588,480.0
909.83185,483.2
909.94788,478.6
910.06384,471.0
910.17981,479.4
910.29578,479.4
910.41174,478.2
910.52771,479.8
910.64368,479.6
910.75958,474.8
910.87555,477.4
910.99152,477.2
911.10742,481.8
911.22339,477.6
911.33929,473.6
911.4552,475.8
911.57117,471.4
911.68707,475.8
911.80298,478.2
911.91888,478.4
912.03479,476.0
912.1507,481.4
912.2666,479.6
912.38245,479.4
912.49835,475.4
912.61426,477.4
912.7301,479.0
912.84601,478.8
792.4458,605.4
792.56488,600.8
792.68396,609.2
792.8031,609.4
792.92218,586.0
793.04126,589.6
793.16034,591.8
793.27942,584.8
793.3985,577.2
793.51758,573.6
793.63672,570.8
793.7558,570.0
793.87488,579.6
793.9939,577.8
794.11298,567.4
794.23206,562.4
794.35114,566.2
794.47021,562.2
794.58929,555.4
794.70831,557.6
794.82739,557.4
794.94647,558.8
795.06549,555.2
795.18457,548.4
795.30365,552.8
795.42267,543.6
795.54175,547.0
795.66077,548.4
795.77985,554.2
795.89886,547.2
796.01794,545.8
796.13696,545.8
796.25598,548.2
796.375,547.8
796.49408,543.8
796.6131,540.0
796.73212,546.2
796.85114,542.0
796.97015,542.0
797.08923,533.6
797.20825,538.6
797.32727,537.6
797.44629,536.0
797.56531,538.8
797.68427,534.0
797.80328,539.6
797.9223,537.4
798.04132,537.4
798.16034,535.8
798.27936,536.4
798.39832,544.4
798.51733,532.2
798.63635,533.2
798.75531,537.4
798.87433,533.2
798.99329,534.0
799.1123,533.6
799.23126,532.4
799.35028,535.4
799.46924,537.2
799.58826,539.4
799.70721,535.2
799.82617,536.4
799.94519,532.0
800.06415,535.0
800.18311,535.6
800.30206,535.0
800.42102,539.4
800.54004,535.6
800.659,533.4
800.77795,538.6
800.89691,533.4
801.01587,538.0
801.13483,534.4
801.25372,535.6
801.37268,537.4
801.49164,536.6
801.6106,541.0
801.72955,535.8
801.84845,539.0
801.96741,538.6
802.08636,538.4
802.20526,542.0
802.32422,537.4
802.44318,544.0
802.56207,543.0
802.68103,540.2
802.79993,538.0
802.91882,541.4
803.03778,541.2
803.15668,542.4
803.27557,544.2
803.39453,544.4
803.51343,541.8
803.63232,549.4
803.75122,544.0
803.87012,544.4
803.98907,538.8
804.10797,547.0
804.22687,543.4
804.34576,545.0
804.46466,545.2
804.58356,549.8
804.70239,543.6
804.82129,544.6
804.94019,550.4
805.05908,545.2
805.17798,550.0
805.29681,549.0
805.41571,552.4
805.53461,553.0
805.65344,544.2
805.77234,555.2
805.89117,548.2
806.01007,553.8
806.12891,557.4
806.2478,556.0
806.36664,550.4
806.48547,549.4
806.60437,556.0
806.72321,553.6
806.84204,558.8
806.96088,550.6
807.07971,550.8
807.19861,558.6
807.31744,559.0
807.43628,557.2
807.55511,549.8
807.67395,558.4
807.79279,557.4
807.91162,560.4
808.0304,560.0
808.14923,561.2
808.26807,555.0
808.3869,560.8
808.50568,557.4
808.62451,561.2
808.74335,559.4
808.86212,562.0
808.98096,557.8
809.09979,559.0
809.21857,553.2
809.33734,562.0
809.45618,561.0
809.57495,566.4
809.69379,566.4
809.81256,567.0
809.93134,563.2
810.05011,557.8
810.16895,560.6
810.28772,560.6
810.40649,565.8
810.52527,567.0
810.64404,561.6
810.76282,567.6
810.88159,565.2
811.00037,567.0
811.11914,559.0
811.23792,567.2
811.35663,564.8
811.4754,567.6
811.59418,560.6
811.71295,567.8
811.83167,567.2
811.95044,563.8
812.06921,565.0
812.18793,566.4
812.3067,562.8
812.42542,563.0
812.54419,562.0
812.6629,568.0
812.78162,568.2
812.90039,563.8
813.0191,563.6
813.13782,562.8
813.25653,562.4
813.37524,564.4
813.49402,565.4
813.61273,562.0
813.73145,563.0
813.85016,568.0
813.96887,555.0
814.08759,563.2
814.2063,562.0
814.32495,565.0
814.44366,560.6
814.56238,557.4
814.68109,564.2
814.79974,558.8
814.91846,556.4
815.03717,558.6
815.15582,558.6
815.27454,555.2
815.39319,557.8
815.5119,557.0
815.63055,557.8
815.74927,554.4
815.86792,550.4
815.98657,552.8
816.10529,557.4
816.22394,557.0
816.34259,552.6
816.46124,564.0
816.5799,560.6
816.69855,563.0
816.8172,553.6
816.93585,556.8
817.0545,550.0
817.17316,551.6
817.29181,543.8
817.41046,540.8
817.52911,537.4
817.64771,537.2
817.76636,533.0
817.88501,527.4
818.0036,531.2
818.12225,531.2
818.24091,519.4
818.3595,524.0
818.47815,521.2
818.59674,524.2
818.71533,519.0
818.83398,517.4
818.95258,515.0
819.07117,514.2
819.18976,516.6
819.30841,510.2
819.427,512.0
819.54559,517.6
819.66418,510.6
819.78278,516.8
819.90137,512.8
820.01996,511.6
820.13855,512.0
820.25714,507.0
820.37573,509.2
820.49426,510.0
820.61285,507.2
820.73145,507.8
820.84998,509.6
820.96857,505.8
821.08716,503.6
821.20569,503.4
821.32428,505.8
821.44281,504.4
821.56134,508.4
821.67993,505.2
821.79846,498.8
821.91699,502.6
822.03558,507.8
822.15411,503.8
822.27264,502.8
822.39117,501.0
822.5097,502.6
822.62823,505.0
822.74677,502.4
822.8653,503.0
822.98383,499.6
823.10236,500.0
823.22089,499.8
823.33942,505.4
823.45789,499.4
823.57642,503.8
823.69495,503.6
823.81342,505.6
823.93195,498.2
824.05042,503.2
824.16895,504.2
824.28741,502.4
824.40594,505.0
824.52441,501.4
824.64288,503.2
824.76141,499.8
824.87988,494.8
824.99835,499.0
825.11682,495.8
825.23529,502.0
825.35376,500.4
825.47223,498.8
825.5907,496.6
825.70917,495.2
825.82764,501.2
825.94611,492.8
826.06458,494.2
826.18304,493.6
826.30145,502.0
826.41992,499.4
826.53839,494.4
826.6568,495.8
826.77527,492.8
826.89368,494.8
827.01215,493.8
827.13055,496.8
827.24902,491.4
827.36743,494.0
827.48584,490.8
827.60431,493.6
827.72272,488.8
827.84113,490.8
827.95953,491.6
828.07794,493.2
828.19635,493.2
828.31476,487.6
828.43317,488.4
828.55157,491.8
828.66998,490.6
828.78839,493.2
828.90674,489.8
829.02515,492.0
829.14355,492.2
829.2619,488.6
829.38031,489.8
829.49872,488.6
829.61707,486.4
829.73547,490.4
829.85382,491.4
829.97217,493.4
830.09058,487.6
830.20892,486.2
830.32727,491.6
830.44562,492.2
830.56403,491.2
830.68237,492.6
830.80072,489.6
830.91907,491.6
831.03741,488.8
831.15576,492.6
831.27411,490.0
831.3924,487.2
831.51074,491.8
831.62909,485.6
831.74744,487.2
831.86572,489.0
831.98407,489.8
832.10242,489.4
832.2207,487.2
832.33905,490.8
832.45734,490.8
832.57562,489.8
832.69397,488.8
832.81226,490.2
832.93054,491.0
833.04889,488.8
833.16718,492.0
833.28546,489.6
833.40375,493.4
833.52203,487.6
833.64032,489.2
833.75861,490.8
833.87689,491.2
833.99518,493.6
834.1134,493.6
834.23169,492.4
834.34998,494.4
834.46826,490.2
834.58649,496.2
834.70477,497.8
834.823,489.2
834.94128,492.8
835.05951,491.6
835.1778,493.0
835.29602,496.2
835.41425,489.0
835.53253,494.4
835.65076,498.2
835.76898,496.8
835.88721,498.6
836.00543,501.2
836.12366,500.2
836.24188,490.8
836.36011,501.8
836.47833,501.2
836.59656,494.6
836.71478,495.4
836.83295,497.0
836.95117,495.4
837.0694,498.6
837.18756,497.8
837.30579,497.6
837.42401,500.8
837.54218,497.2
837.66034,495.0
837.77856,499.8
837.89673,499.8
838.01489,500.0
838.13312,498.2
838.25128,499.4
838.36945,500.0
838.48761,497.4
838.60577,498.8
838.72394,500.4
838.8421,494.0
838.96027,498.2
839.07843,497.4
839.19659,499.4
839.31476,496.8
839.43286,498.4
839.55103,502.2
839.66919,500.0
839.78729,499.0
839.90546,493.6
840.02356,497.0
840.14172,500.2
840.25983,496.2
840.37793,497.4
840.49609,494.2
840.6142,497.8
840.7323,496.2
840.8504,492.2
840.96851,491.8
841.08661,496.4
841.20471,490.0
841.32281,497.8
841.44092,491.8
841.55902,493.0
841.67712,493.2
841.79523,492.6
841.91327,487.2
842.03137,497.6
842.14948,491.6
842.26752,491.4
842.38562,489.0
842.50366,486.4
842.62177,491.0
842.73981,490.2
842.85791,489.4
842.97595,488.8
843.09399,493.6
843.21204,493.6
843.33008,489.4
843.44818,487.2
843.56622,487.6
843.68427,487.8
843.80231,491.0
843.92029,490.8
844.03833,495.0
844.15637,490.4
844.27441,489.6
844.39246,488.2
844.51044,493.2
844.62848,490.6
844.74646,492.8
844.8645,491.6
844.98248,490.8
845.10052,491.2
845.21851,490.4
845.33649,495.6
845.45453,489.4
845.57251,491.2
845.69049,490.4
845.80847,492.6
845.92645,493.6
846.04443,489.4
846.16241,487.4
846.2804,493.4
846.39838,486.0
846.51636,496.8
846.63434,490.4
846.75226,495.8
846.87024,490.6
846.98822,494.0
847.10614,490.2
847.22412,498.4
847.34204,483.4
847.46002,489.8
847.57794,493.2
847.69586,492.8
847.81384,489.4
847.93176,493.8
848.04968,491.4
848.1676,492.8
848.28552,488.8
848.40344,491.6
848.52136,490.2
848.63928,495.2
848.7572,488.0
848.87512,494.4
848.99304,490.8
849.1109,489.2
849.22882,485.8
849.34674,489.6
849.4646,484.8
849.58252,484.6
849.70038,491.8
849.8183,489.8
849.93616,490.2
850.05402,490.6
850.17194,489.4
850.28979,489.0
850.40765,489.0
850.52551,491.4
850.64337,492.6
850.76123,493.8
850.87909,491.6
850.99695,493.0
851.11481,487.6
851.23267,496.4
851.35046,494.8
851.46832,493.0
851.58618,488.2
851.70398,498.8
851.82184,493.6
851.93964,494.8
852.0575,498.8
852.17529,498.6
852.29315,498.0
852.41095,494.0
852.52875,491.0
852.64655,494.8
852.7644,492.0
852.8822,492.8
853.0,491.0
853.1178,492.6
853.2356,492.6
853.35333,496.2
853.47113,495.8
853.58893,494.0
853.70673,487.8
853.82446,495.0
853.94226,493.0
854.06006,493.6
854.1778,496.8
854.29559,494.6
854.41333,494.2
854.53107,492.0
854.64886,493.6
854.7666,496.6
854.88434,494.6
855.00208,501.0
855.11981,492.6
855.23761,493.4
855.35535,492.8
855.47302,495.4
855.59076,495.0
855.7085,495.0
855.82623,491.2
855.94397,492.6
856.06165,494.8
856.17938,496.8
856.29712,495.2
856.41479,491.6
856.53253,494.6
856.65021,493.4
856.76788,492.4
856.88562,493.4
857.0033,492.4
857.12097,499.4
857.23865,493.6
857.35632,489.8
857.474,491.0
857.59167,496.2
857.70935,492.8
857.82703,492.6
857.9447,496.4
858.06238,488.8
858.18005,490.6
858.29767,493.0
858.41534,489.2
858.53296,493.0
858.65063,494.4
858.76825,494.8
858.88593,497.8
859.00354,489.8
859.12115,491.8
859.23883,490.4
859.35645,489.0
859.47406,492.8
859.59167,492.0
859.70929,494.2
859.8269,489.2
859.94452,486.2
860.06213,491.0
860.17975,494.2
860.29736,487.6
860.41492,487.4
860.53253,492.0
860.65009,487.4
860.7677,490.2
860.88525,488.8
861.00287,487.8
861.12042,491.4
861.23804,489.2
861.35559,495.6
861.47314,491.8
861.5907,492.6
861.70825,488.4
861.82581,492.4
861.94336,486.4
862.06091,486.4
862.17847,492.4
862.29602,487.4
862.41357,488.2
862.53113,487.6
862.64862,488.0
862.76617,485.4
862.88367,488.4
863.00122,488.4
863.11871,486.4
863.23627,497.2
863.35376,487.2
863.47125,490.8
863.58881,489.4
863.7063,491.2
863.82379,488.8
863.94128,485.6
864.05878,489.6
864.17627,489.6
864.29376,489.8
864.41125,489.6
864.52869,482.0
864.64618,484.8
864.76367,487.2
864.8811,490.8
864.9986,490.4
865.11609,491.6
865.23352,486.0
865.35095,491.0
865.46844,491.0
865.58588,488.2
865.70331,486.2
865.82074,486.0
865.93823,492.6
866.05566,487.4
866.1731,488.4
866.29053,488.4
866.4079,488.4
866.52533,487.4
866.64276,491.0
866.76019,488.2
866.87756,491.2
866.995,491.2
867.11243,495.4
867.2298,487.6
867.34723,488.2
867.4646,489.4
867.58197,485.6
867.6994,488.6
867.81677,493.2
867.93414,489.2
868.05151,489.6
868.16888,490.8
868.28625,488.2
868.40363,495.2
868.521,489.8
868.63837,491.0
868.75568,489.6
868.87305,490.6
868.99042,491.6
869.10773,495.4
869.2251,489.2
869.34241,491.0
869.45978,486.0
869.57709,492.0
869.69446,484.8
869.81177,494.2
869.92908,493.2
870.04639,494.6
870.1637,485.8
870.28101,493.4
870.39832,488.0
870.51563,491.6
870.63293,488.6
870.75024,490.0
870.86749,489.2
870.9848,492.2
871.10211,492.4
871.21936,489.4
871.33667,496.6
871.45392,491.6
871.57123,488.8
871.68848,494.2
871.80573,495.0
871.92297,494.2
872.04028,488.2
872.15753,491.6
872.27478,493.2
872.39203,485.8
872.50928,487.8
872.62646,486.2
872.74371,492.6
872.86096,486.4
872.97821,494.0
873.0954,488.6
873.21265,488.2
873.32983,487.0
873.44708,489.2
873.56427,488.6
873.68152,485.0
873.79871,491.2
873.91589,487.6
874.03308,494.4
874.15027,486.0
874.26746,485.4
874.38464,492.8
874.50183,491.0
874.61902,488.0
874.73621,493.2
874.85339,491.6
874.97052,495.4
875.08771,486.8
875.2049,493.4
875.32202,486.6
875.43921,492.4
875.55634,487.0
875.67346,489.6
875.79065,493.4
875.90778,495.4
876.0249,487.0
876.14203,491.4
876.25916,490.6
876.37628,489.0
876.49341,492.2
876.61053,490.4
876.72766,490.0
876.84473,495.6
876.96185,488.8
877.07898,491.6
877.19604,495.0
877.31317,491.8
877.43024,488.6
877.54736,495.0
877.66443,493.6
877.78149,493.0
877.89856,488.0
878.01569,492.4
878.13275,489.6
878.24982,494.6
878.36688,493.2
878.48395,494.0
878.60095,486.8
878.71802,488.0
878.83508,494.4
878.95215,484.0
879.06915,485.8
879.18622,488.2
879.30322,487.4
879.42029,487.2
879.53729,490.8
879.6543,490.4
879.77136,489.2
879.88837,493.6
880.00537,494.4
880.12238,489.0
880.23938,485.8
880.35638,490.4
880.47339,485.6
880.59039,487.4
880.70734,487.6
880.82434,488.0
880.94135,486.2
881.05829,491.6
881.17529,488.4
881.29224,487.0
881.40924,484.8
881.52618,487.0
881.64313,487.8
881.76007,491.4
881.87701,490.8
881.99402,488.6
882.11096,491.8
882.22791,487.8
882.34479,488.8
882.46173,489.6
882.57867,486.8
882.69562,496.4
882.8125,490.8
882.92944,491.4
883.04639,489.8
883.16327,492.2
883.28015,491.0
883.39709,488.0
883.51398,492.2
883.63086,490.8
883.74774,492.6
883.86462,492.8
883.98157,488.0
884.09839,489.2
884.21527,495.6
884.33215,496.2
884.44904,489.6
884.56592,496.2
884.68274,492.6
884.79962,496.2
884.9165,492.8
885.03333,494.6
885.15015,494.0
885.26703,497.2
885.38385,495.4
885.50067,494.8
885.61749,495.0
885.73438,497.8
885.8512,496.6
885.96802,497.8
886.08478,501.0
886.2016,492.0
886.31842,491.0
886.43524,492.4
886.55206,493.8
886.66882,496.0
886.78564,492.8
886.9024,499.6
887.01923,491.0
887.13599,492.4
887.25275,494.2
887.36951,497.6
887.48633,499.2
887.60309,498.6
887.71985,493.6
887.83661,491.4
887.95337,496.4
888.07007,490.6
888.18683,493.0
888.30359,492.4
888.42035,496.4
888.53705,493.0
888.65381,489.6
888.77051,497.4
888.88721,492.6
889.00397,500.0
889.12067,492.0
889.23737,491.8
889.35406,493.6
889.47083,489.6
889.58752,490.8
889.70416,493.2
889.82086,488.8
889.93756,494.8
890.05426,492.4
890.17096,498.0
890.2876,490.6
890.4043,489.8
890.52094,494.0
890.63763,492.6
890.75427,495.6
890.87091,497.4
890.98761,495.0
891.10425,493.4
891.22089,492.8
891.33752,493.2
891.45416,493.8
891.5708,494.6
891.68744,496.2
891.80408,495.6
891.92065,490.0
892.03729,494.0
892.15393,495.4
892.27051,497.6
892.38715,498.8
892.50372,488.8
892.6203,496.4
892.73694,494.4
892.85352,493.6
892.97009,493.8
893.08667,495.6
893.20325,495.8
893.31982,497.0
893.4364,499.2
893.55298,491.6
893.66956,499.0
893.78607,496.6
893.90265,496.6
894.01917,496.8
894.13574,503.6
894.25226,494.0
894.36884,498.8
894.48535,494.6
894.60187,495.8
894.71838,501.4
894.8349,496.4
894.95148,496.6
895.06793,496.8
895.18445,498.4
895.30096,497.0
895.41748,499.8
895.534,496.8
895.65045,490.6
895.76697,491.8
895.88342,495.6
895.99994,493.0
896.11639,495.2
896.23291,495.6
896.34937,495.8
896.46582,494.6
896.58228,498.4
896.69873,497.6
896.81519,493.4
896.93164,498.2
897.0481,496.2
897.16455,498.0
897.28094,499.4
897.3974,493.8
897.51385,496.2
897.63025,495.8
897.7467,497.4
897.8631,494.8
897.97949,495.4
898.09595,494.8
898.21234,494.0
898.32874,492.2
898.44513,495.2
898.56152,493.8
898.67792,492.6
898.79431,495.6
898.91064,491.4
899.02704,492.0
899.14343,495.8
899.25977,496.6
899.37616,492.6
899.49249,493.8
899.60889,489.4
899.72522,493.2
899.84155,492.6
899.95789,495.4
900.07428,491.2
900.19061,496.2
900.30695,492.8
900.42322,494.6
900.53955,488.8
900.65588,500.4
900.77222,489.4
900.88849,493.2
901.00482,490.8
901.12109,492.2
901.23743,487.4
901.3537,493.0
901.47003,489.6
901.5863,488.0
901.70258,489.6
901.81885,488.0
901.93512,488.2
902.05139,492.4
902.16766,490.0
902.28394,488.6
902.40021,490.0
902.51642,491.8
902.63269,490.4
902.7489,489.2
902.86517,491.6
902.98138,489.6
903.09766,490.4
903.21387,489.4
903.33008,492.0
903.44629,493.4
903.5625,487.8
903.67871,488.6
903.79492,490.0
903.91113,487.2
904.02734,483.6
904.14355,493.8
904.2597,485.0
904.37592,491.0
904.49207,486.6
904.60828,488.4
904.72443,486.0
904.84064,488.6
904.95679,487.6
905.07294,485.0
905.18909,485.8
905.30524,486.2
905.42139,482.2
905.53754,488.0
905.65369,481.8
905.76984,487.8
905.88593,485.6
906.00208,487.0
906.11816,482.8
906.23431,483.2
906.3504,482.8
906.46655,482.8
906.58264,480.0
906.69873,488.4
906.81482,485.2
906.93091,483.2
907.047,484.4
907.16309,489.2
907.27917,483.0
907.39526,485.8
907.51135,483.6
907.62738,482.8
907.74347,479.6
907.8595,481.0
907.97559,484.8
908.09161,484.0
908.2077,485.0
908.32373,482.6
908.43976,484.6
908.55579,484.4
908.67181,484.4
908.78784,479.2
908.90387,481.8
909.0199,483.4
909.13586,486.8
909.25189,484.4
909.36792,481.0
909.48389,482.0
909.59991,484.8
909.71588,487.8
909.83185,487.2
909.94788,485.2
910.06384,484.0
910.17981,478.4
910.29578,485.0
910.41174,480.0
910.52771,482.0
910.64368,481.2
910.75958,484.8
910.87555,486.8
910.99152,483.4
911.10742,487.0
911.22339,476.2
911.33929,485.4
911.4552,481.6
911.57117,482.0
911.68707,484.4
911.80298,487.2
911.91888,483.0
912.03479,479.2
912.1507,483.2
912.2666,484.4
912.38245,482.6
912.49835,485.6
912.61426,480.6
912.7301,482.4
912.84601,481.6
792.4458,714.6
792.56488,709.6
792.68396,713.6
792.8031,702.4
792.92218,685.2
793.04126,683.4
793.16034,681.6
793.27942,675.6
793.3985,669.4
793.51758,653.0
793.63672,649.6
793.7558,651.2
793.87488,650.4
793.9939,650.4
794.11298,643.4
794.23206,638.8
794.35114,638.6
794.47021,630.4
794.58929,619.0
794.70831,619.8
794.82739,621.6
794.94647,620.2
795.06549,624.8
795.18457,606.0
795.30365,609.8
795.42267,597.0
795.54175,606.6
795.66077,605.8
795.77985,600.4
795.89886,596.6
796.01794,605.6
796.13696,596.8
796.25598,594.6
796.375,591.4
796.49408,591.4
796.6131,584.6
796.73212,595.0
796.85114,586.4
796.97015,586.0
797.08923,588.0
797.20825,584.0
797.32727,584.8
797.44629,579.6
797.56531,586.8
797.68427,579.4
797.80328,576.0
797.9223,577.2
798.04132,579.0
798.16034,577.4
798.27936,576.6
798.39832,582.0
798.51733,571.0
798.63635,574.6
798.75531,576.6
798.87433,575.4
798.99329,568.0
799.1123,568.0
799.23126,570.4
799.35028,576.8
799.46924,572.0
799.58826,570.4
799.70721,571.0
799.82617,572.8
799.94519,567.8
800.06415,572.6
800.18311,570.6
800.30206,568.8
800.42102,574.0
800.54004,575.6
800.659,572.0
800.77795,576.0
800.89691,569.2
801.01587,570.0
801.13483,566.8
801.25372,575.4
801.37268,571.2
801.49164,572.0
801.6106,568.2
801.72955,572.8
801.84845,572.8
801.96741,574.8
802.08636,572.6
802.20526,574.8
802.32422,572.0
802.44318,577.6
802.56207,574.2
802.68103,576.6
802.79993,571.0
802.91882,576.8
803.03778,578.6
803.15668,574.0
803.27557,576.0
803.39453,574.0
803.51343,572.8
803.63232,574.8
803.75122,573.4
803.87012,577.0
803.98907,573.2
804.10797,572.6
804.22687,577.0
804.34576,575.8
804.46466,576.4
804.58356,578.6
804.70239,580.2
804.82129,580.2
804.94019,573.2
805.05908,581.4
805.17798,578.0
805.29681,579.2
805.41571,581.6
805.53461,579.0
805.65344,575.8
805.77234,583.2
805.89117,581.4
806.01007,580.2
806.12891,583.8
806.2478,582.4
806.36664,579.4
806.48547,587.0
806.60437,579.4
806.72321,583.0
806.84204,582.8
806.96088,582.0
807.07971,585.0
807.19861,589.0
807.31744,584.4
807.43628,589.4
807.55511,585.4
807.67395,584.2
807.79279,585.4
807.91162,585.0
808.0304,589.0
808.14923,584.0
808.26807,592.2
808.3869,590.0
808.50568,594.8
808.62451,588.2
808.74335,590.0
808.86212,590.4
808.98096,594.6
809.09979,593.6
809.21857,594.0
809.33734,592.8
809.45618,589.4
809.57495,599.8
809.69379,594.0
809.81256,598.6
809.93134,593.6
810.05011,591.0
810.16895,587.6
810.28772,594.6
810.40649,591.8
810.52527,595.6
810.64404,590.2
810.76282,598.8
810.88159,597.2
811.00037,594.8
811.11914,593.2
811.23792,593.6
811.35663,592.0
811.4754,598.0
811.59418,590.4
811.71295,603.2
811.83167,592.4
811.95044,595.0
812.06921,598.2
812.18793,590.6
812.3067,590.2
812.42542,592.6
812.54419,593.2
812.6629,597.0
812.78162,593.6
812.90039,592.2
813.0191,589.0
813.13782,588.0
813.25653,596.8
813.37524,593.8
813.49402,585.2
813.61273,597.0
813.73145,593.2
813.85016,589.8
813.96887,593.2
814.08759,587.6
814.2063,592.6
814.32495,588.6
814.44366,586.0
814.56238,587.2
814.68109,581.2
814.79974,582.8
814.91846,582.4
815.03717,582.0
815.15582,584.8
815.27454,581.0
815.39319,573.8
815.5119,578.6
815.63055,582.0
815.74927,578.2
815.86792,579.8
815.98657,578.6
816.10529,580.4
816.22394,588.0
816.34259,576.8
816.46124,592.0
816.5799,589.8
816.69855,587.2
816.8172,590.2
816.93585,582.6
817.0545,579.6
817.17316,575.4
817.29181,575.0
817.41046,573.0
817.52911,570.2
817.64771,567.2
817.76636,559.0
817.88501,560.6
818.0036,557.4
818.12225,556.6
818.24091,556.2
818.3595,557.4
818.47815,553.6
818.59674,550.6
818.71533,548.6
818.83398,548.4
818.95258,544.0
819.07117,546.0
819.18976,543.6
819.30841,546.0
819.427,544.2
819.54559,547.2
819.66418,542.2
819.78278,544.6
819.90137,543.0
820.01996,544.2
820.13855,540.2
820.25714,539.0
820.37573,538.4
820.49426,536.8
820.61285,535.2
820.73145,537.4
820.84998,534.6
820.96857,533.0
821.08716,530.8
821.20569,530.8
821.32428,533.4
821.44281,529.2
821.56134,531.4
821.67993,532.0
821.79846,530.8
821.91699,532.8
822.03558,531.6
822.15411,529.4
822.27264,528.0
822.39117,535.6
822.5097,525.4
822.62823,528.0
822.74677,527.4
822.8653,528.6
822.98383,526.4
823.10236,526.4
823.22089,531.2
823.33942,530.8
823.45789,522.8
823.57642,531.8
823.69495,530.8
823.81342,531.4
823.93195,528.8
824.05042,529.0
824.16895,531.8
824.28741,530.4
824.40594,529.0
824.52441,525.6
824.64288,530.8
824.76141,527.4
824.87988,523.6
824.99835,528.6
825.11682,524.2
825.23529,526.2
825.35376,528.8
825.47223,524.6
825.5907,524.8
825.70917,525.0
825.82764,526.0
825.94611,525.4
826.06458,522.8
826.18304,516.4
826.30145,529.6
826.41992,523.8
826.53839,521.8
826.6568,525.6
826.77527,526.4
826.89368,523.2
827.01215,523.8
827.13055,523.2
827.24902,521.0
827.36743,518.8
827.48584,513.8
827.60431,524.0
827.72272,511.6
827.84113,522.6
827.95953,514.0
828.07794,516.8
828.19635,518.2
828.31476,514.0
828.43317,519.0
828.55157,520.4
828.66998,514.0
828.78839,516.2
828.90674,515.8
829.02515,513.4
829.14355,518.4
829.2619,518.4
829.38031,513.6
829.49872,514.8
829.61707,514.0
829.73547,516.0
829.85382,516.4
829.97217,512.2
830.09058,516.0
830.20892,516.2
830.32727,512.8
830.44562,520.4
830.56403,508.8
830.68237,517.6
830.80072,514.4
830.91907,515.4
831.03741,510.8
831.15576,519.6
831.27411,506.4
831.3924,516.2
831.51074,514.2
831.62909,517.6
831.74744,517.8
831.86572,519.0
831.98407,518.2
832.10242,518.8
832.2207,518.0
832.33905,518.8
832.45734,517.4
832.57562,517.6
832.69397,515.4
832.81226,517.0
832.93054,516.4
833.04889,516.2
833.16718,513.2
833.28546,518.6
833.40375,520.0
833.52203,513.6
833.64032,511.0
833.75861,517.8
833.87689,521.0
833.99518,514.4
834.1134,519.4
834.23169,520.6
834.34998,516.4
834.46826,524.2
834.58649,518.0
834.70477,518.6
834.823,518.0
834.94128,526.0
835.05951,523.0
835.1778,521.2
835.29602,515.4
835.41425,519.0
835.53253,520.4
835.65076,523.2
835.76898,522.0
835.88721,525.8
836.00543,529.6
836.12366,526.0
836.24188,523.6
836.36011,529.4
836.47833,527.4
836.59656,522.2
836.71478,522.6
836.83295,526.6
836.95117,520.0
837.0694,526.2
837.18756,522.6
837.30579,524.2
837.42401,523.0
837.54218,526.0
837.66034,521.6
837.77856,527.0
837.89673,518.6
838.01489,523.8
838.13312,518.0
838.25128,523.8
838.36945,523.0
838.48761,525.6
838.60577,530.0
838.72394,531.6
838.8421,521.6
838.96027,526.8
839.07843,523.4
839.19659,524.8
839.31476,524.2
839.43286,526.0
839.55103,521.2
839.66919,525.6
839.78729,522.0
839.90546,526.6
840.02356,521.4
840.14172,525.0
840.25983,516.0
840.37793,519.2
840.49609,522.4
840.6142,522.8
840.7323,518.2
840.8504,524.2
840.96851,520.6
841.08661,520.0
841.20471,524.6
841.32281,517.8
841.44092,520.6
841.55902,519.8
841.67712,520.8
841.79523,520.4
841.91327,513.6
842.03137,524.0
842.14948,521.4
842.26752,522.4
842.38562,515.8
842.50366,520.2
842.62177,517.2
842.73981,518.8
842.85791,519.4
842.97595,525.8
843.09399,523.4
843.21204,518.8
843.33008,522.4
843.44818,526.4
843.56622,520.6
843.68427,526.4
843.80231,526.2
843.92029,528.0
844.03833,526.6
844.15637,522.6
844.27441,518.8
844.39246,527.0
844.51044,524.0
844.62848,522.0
844.74646,523.2
844.8645,523.0
844.98248,530.6
845.10052,525.6
845.21851,530.0
845.33649,525.0
845.45453,526.0
845.57251,527.8
845.69049,524.2
845.80847,524.6
845.92645,522.2
846.04443,524.2
846.16241,517.2
846.2804,522.0
846.39838,524.4
846.51636,525.0
846.63434,526.2
846.75226,522.2
846.87024,521.8
846.98822,524.4
847.10614,523.6
847.22412,527.2
847.34204,521.2
847.46002,526.6
847.57794,520.0
847.69586,522.2
847.81384,522.8
847.93176,527.8
848.04968,524.0
848.1676,525.2
848.28552,520.6
848.40344,521.6
848.52136,518.8
848.63928,522.2
848.7572,519.0
848.87512,515.6
848.99304,519.2
849.1109,519.4
849.22882,512.4
849.34674,526.6
849.4646,516.2
849.58252,523.2
849.70038,516.4
849.8183,518.2
849.93616,519.8
850.05402,524.2
850.17194,525.0
850.28979,525.0
850.40765,516.4
850.52551,522.2
850.64337,522.4
850.76123,526.6
850.87909,522.4
850.99695,523.4
851.11481,521.2
851.23267,522.8
851.35046,523.0
851.46832,520.2
851.58618,520.6
851.70398,524.8
851.82184,521.8
851.93964,524.2
852.0575,525.4
852.17529,531.6
852.29315,528.0
852.41095,529.0
852.52875,522.4
852.64655,527.0
852.7644,524.8
852.8822,519.8
853.0,517.4
853.1178,523.4
853.2356,516.2
853.35333,519.4
853.47113,522.2
853.58893,517.2
853.70673,520.2
853.82446,522.6
853.94226,518.0
854.06006,524.2
854.1778,524.2
854.29559,522.0
854.41333,519.2
854.53107,523.0
854.64886,525.6
854.7666,520.8
854.88434,519.4
855.00208,521.8
855.11981,526.0
855.23761,524.2
855.35535,521.6
855.47302,520.6
855.59076,516.6
855.7085,520.4
855.82623,521.2
855.94397,529.6
856.06165,520.8
856.17938,522.8
856.29712,520.2
856.41479,517.4
856.53253,527.2
856.65021,522.0
856.76788,521.2
856.88562,520.6
857.0033,520.8
857.12097,524.0
857.23865,517.8
857.35632,523.8
857.474,516.6
857.59167,522.8
857.70935,519.4
857.82703,518.8
857.9447,521.0
858.06238,520.2
858.18005,526.2
858.29767,519.6
858.41534,518.2
858.53296,521.2
858.65063,520.2
858.76825,520.2
858.88593,519.6
859.00354,519.8
859.12115,517.0
859.23883,518.8
859.35645,514.0
859.47406,520.2
859.59167,520.6
859.70929,517.6
859.8269,519.8
859.94452,513.4
860.06213,514.8
860.17975,516.6
860.29736,514.4
860.41492,514.2
860.53253,518.6
860.65009,514.4
860.7677,516.4
860.88525,513.4
861.00287,513.6
861.12042,514.4
861.23804,518.4
861.35559,522.6
861.47314,511.8
861.5907,517.2
861.70825,512.4
861.82581,509.0
861.94336,510.6
862.06091,516.2
862.17847,515.0
862.29602,514.0
862.41357,510.2
862.53113,513.8
862.64862,513.4
862.76617,515.2
862.88367,511.8
863.00122,510.6
863.11871,514.4
863.23627,515.2
863.35376,513.2
863.47125,510.6
863.58881,510.6
863.7063,514.6
863.82379,507.0
863.94128,515.0
864.05878,509.6
864.17627,513.6
864.29376,515.0
864.41125,515.4
864.52869,511.4
864.64618,515.0
864.76367,511.0
864.8811,510.2
864.9986,507.2
865.11609,510.4
865.23352,510.0
865.35095,510.6
865.46844,511.6
865.58588,512.6
865.70331,514.6
865.82074,513.8
865.93823,509.8
866.05566,513.8
866.1731,510.8
866.29053,512.2
866.4079,514.4
866.52533,519.2
866.64276,514.6
866.76019,513.2
866.87756,519.0
866.995,513.6
867.11243,514.6
867.2298,514.2
867.34723,513.0
867.4646,516.8
867.58197,511.2
867.6994,515.4
867.81677,515.8
867.93414,512.6
868.05151,513.2
868.16888,515.0
868.28625,508.8
868.40363,513.8
868.521,515.0
868.63837,513.8
868.75568,514.4
868.87305,510.6
868.99042,513.6
869.10773,515.0
869.2251,514.2
869.34241,517.2
869.45978,515.0
869.57709,515.2
869.69446,513.6
869.81177,514.8
869.92908,517.4
870.04639,518.0
870.1637,514.6
870.28101,515.2
870.39832,516.0
870.51563,518.2
870.63293,518.4
870.75024,517.4
870.86749,511.0
870.9848,516.2
871.10211,515.2
871.21936,519.2
871.33667,517.2
871.45392,515.8
871.57123,517.2
871.68848,515.0
871.80573,515.6
871.92297,516.6
872.04028,512.4
872.15753,521.4
872.27478,513.2
872.39203,514.2
872.50928,515.2
872.62646,514.8
872.74371,514.6
872.86096,514.2
872.97821,514.6
873.0954,517.0
873.21265,510.0
873.32983,510.4
873.44708,514.2
873.56427,516.0
873.68152,513.8
873.79871,511.6
873.91589,514.0
874.03308,515.2
874.15027,514.0
874.26746,513.8
874.38464,508.8
874.50183,515.6
874.61902,512.6
874.73621,515.0
874.85339,515.6
874.97052,516.0
875.08771,515.0
875.2049,516.2
875.32202,513.8
875.43921,513.8
875.55634,511.8
875.67346,520.4
875.79065,513.2
875.90778,518.0
876.0249,519.6
876.14203,514.6
876.25916,510.8
876.37628,518.8
876.49341,512.8
876.61053,519.6
876.72766,513.4
876.84473,519.4
876.96185,513.6
877.07898,515.0
877.19604,519.6
877.31317,518.0
877.43024,511.8
877.54736,512.6
877.66443,517.8
877.78149,516.8
877.89856,514.4
878.01569,514.8
878.13275,515.0
878.24982,511.4
878.36688,516.8
878.48395,514.8
878.60095,508.2
878.71802,510.2
878.83508,509.6
878.95215,512.6
879.06915,511.4
879.18622,510.8
879.30322,508.2
879.42029,509.4
879.53729,513.6
879.6543,510.2
879.77136,505.0
879.88837,511.0
880.00537,509.2
880.12238,514.4
880.23938,506.8
880.35638,509.8
880.47339,504.8
880.59039,507.0
880.70734,511.4
880.82434,508.6
880.94135,508.2
881.05829,511.2
881.17529,504.2
881.29224,510.2
881.40924,508.2
881.52618,508.4
881.64313,511.4
881.76007,508.8
881.87701,511.6
881.99402,513.6
882.11096,509.0
882.22791,511.0
882.34479,512.4
882.46173,512.6
882.57867,512.8
882.69562,509.8
882.8125,514.6
882.92944,518.0
883.04639,513.4
883.16327,511.8
883.28015,510.2
883.39709,515.2
883.51398,513.4
883.63086,513.6
883.74774,513.0
883.86462,516.0
883.98157,513.6
884.09839,517.6
884.21527,511.4
884.33215,517.4
884.44904,508.8
884.56592,514.2
884.68274,513.0
884.79962,518.0
884.9165,516.2
885.03333,519.2
885.15015,516.6
885.26703,525.0
885.38385,521.4
885.50067,525.4
885.61749,527.2
885.73438,526.8
885.8512,531.6
885.96802,524.0
886.08478,523.0
886.2016,519.4
886.31842,519.4
886.43524,516.0
886.55206,521.2
886.66882,522.2
886.78564,518.8
886.9024,519.8
887.01923,516.8
887.13599,519.8
887.25275,519.6
887.36951,511.0
887.48633,514.4
887.60309,512.6
887.71985,512.8
887.83661,511.0
887.95337,504.8
888.07007,511.0
888.18683,509.6
888.30359,511.0
888.42035,509.2
888.53705,511.0
888.65381,505.6
888.77051,510.0
888.88721,511.2
889.00397,509.4
889.12067,505.6
889.23737,508.4
889.35406,509.6
889.47083,505.0
889.58752,507.0
889.70416,507.0
889.82086,501.4
889.93756,514.2
890.05426,508.4
890.17096,511.2
890.2876,512.8
890.4043,509.8
890.52094,510.4
890.63763,507.2
890.75427,509.4
890.87091,513.8
890.98761,505.4
891.10425,513.4
891.22089,508.2
891.33752,515.4
891.45416,509.8
891.5708,509.0
891.68744,505.6
891.80408,512.6
891.92065,508.8
892.03729,512.6
892.15393,508.2
892.27051,512.0
892.38715,514.8
892.50372,504.6
892.6203,508.4
892.73694,509.4
892.85352,507.0
892.97009,511.0
893.08667,514.0
893.20325,506.8
893.31982,512.4
893.4364,511.0
893.55298,506.2
893.66956,515.2
893.78607,513.6
893.90265,512.8
894.01917,510.2
894.13574,508.6
894.25226,517.4
894.36884,515.6
894.48535,512.4
894.60187,511.8
894.71838,514.2
894.8349,509.0
894.95148,509.6
895.06793,514.4
895.18445,515.6
895.30096,508.2
895.41748,508.2
895.534,510.8
895.65045,509.4
895.76697,514.8
895.88342,509.0
895.99994,507.2
896.11639,512.8
896.23291,509.6
896.34937,505.0
896.46582,512.0
896.58228,513.0
896.69873,510.0
896.81519,515.2
896.93164,509.2
897.0481,511.2
897.16455,511.8
897.28094,513.4
897.3974,510.2
897.51385,510.6
897.63025,510.8
897.7467,512.2
897.8631,509.6
897.97949,509.0
898.09595,507.2
898.21234,505.0
898.32874,513.4
898.44513,507.8
898.56152,508.0
898.67792,506.4
898.79431,508.2
898.91064,514.2
899.02704,506.6
899.14343,509.4
899.25977,509.6
899.37616,506.2
899.49249,512.2
899.60889,506.6
899.72522,513.0
899.84155,507.4
899.95789,517.2
900.07428,506.4
900.19061,515.6
900.30695,505.8
900.42322,509.6
900.53955,506.6
900.65588,510.0
900.77222,510.0
900.88849,509.6
901.00482,510.0
901.12109,508.2
901.23743,506.4
901.3537,510.2
901.47003,500.8
901.5863,506.6
901.70258,506.4
901.81885,513.8
901.93512,506.8
902.05139,510.8
902.16766,509.4
902.28394,511.8
902.40021,508.6
902.51642,510.6
902.63269,510.0
902.7489,508.8
902.86517,508.8
902.98138,509.4
903.09766,509.6
903.21387,513.4
903.33008,504.0
903.44629,508.2
903.5625,509.2
903.67871,505.2
903.79492,510.6
903.91113,507.2
904.02734,505.6
904.14355,508.8
904.2597,505.6
904.37592,502.2
904.49207,502.4
904.60828,501.4
904.72443,502.2
904.84064,497.2
904.95679,502.4
905.07294,505.6
905.18909,502.2
905.30524,500.0
905.42139,500.2
905.53754,502.6
905.65369,497.4
905.76984,500.0
905.88593,501.4
906.00208,502.6
906.11816,499.4
906.23431,499.8
906.3504,492.4
906.46655,498.4
906.58264,496.0
906.69873,497.0
906.81482,497.0
906.93091,495.0
907.047,495.2
907.16309,496.8
907.27917,491.8
907.39526,503.6
907.51135,491.8
907.62738,498.2
907.74347,496.0
907.8595,493.0
907.97559,499.2
908.09161,496.6
908.2077,496.4
908.32373,492.4
908.43976,494.8
908.55579,498.4
908.67181,495.0
908.78784,495.2
908.90387,493.6
909.0199,500.2
909.13586,493.6
909.25189,500.4
909.36792,490.6
909.48389,492.4
909.59991,492.2
909.71588,498.4
909.83185,498.0
909.94788,497.6
910.06384,493.2
910.17981,498.2
910.29578,493.8
910.41174,499.0
910.52771,499.4
910.64368,496.6
910.75958,494.0
910.87555,498.6
910.99152,498.2
911.10742,495.4
911.22339,491.8
911.33929,500.6
911.4552,494.8
911.57117,493.0
911.68707,492.6
911.80298,494.6
911.91888,490.6
912.03479,489.6
912.1507,497.8
912.2666,493.4
912.38245,496.4
912.49835,494.2
912.61426,494.8
912.7301,494.4
912.84601,491.6
792.4458,871.2
792.56488,848.6
792.68396,854.8
792.8031,858.8
792.92218,835.8
793.04126,827.4
793.16034,825.8
793.27942,824.6
793.3985,806.0
793.51758,801.2
793.63672,791.8
793.7558,788.0
793.87488,791.8
793.9939,788.8
794.11298,787.4
794.23206,783.8
794.35114,774.2
794.47021,765.4
794.58929,760.0
794.70831,752.0
794.82739,751.4
794.94647,748.2
795.06549,751.6
795.18457,743.6
795.30365,735.4
795.42267,725.4
795.54175,733.4
795.66077,740.6
795.77985,735.2
795.89886,733.4
796.01794,732.0
796.13696,729.8
796.25598,727.2
796.375,718.8
796.49408,709.4
796.6131,716.2
796.73212,719.4
796.85114,713.0
796.97015,717.6
797.08923,708.2
797.20825,707.6
797.32727,713.0
797.44629,706.2
797.56531,707.4
797.68427,705.0
797.80328,707.8
797.9223,703.6
798.04132,703.4
798.16034,705.0
798.27936,703.2
798.39832,704.6
798.51733,703.4
798.63635,701.4
798.75531,698.6
798.87433,689.6
798.99329,692.4
799.1123,689.6
799.23126,683.4
799.35028,694.0
799.46924,691.4
799.58826,691.6
799.70721,692.2
799.82617,692.8
799.94519,686.2
800.06415,689.4
800.18311,686.8
800.30206,691.8
800.42102,693.6
800.54004,691.8
800.659,694.6
800.77795,695.6
800.89691,696.8
801.01587,688.6
801.13483,695.6
801.25372,685.8
801.37268,697.2
801.49164,699.4
801.6106,694.6
801.72955,695.4
801.84845,692.2
801.96741,696.2
802.08636,692.6
802.20526,691.2
802.32422,698.4
802.44318,689.0
802.56207,695.0
802.68103,696.2
802.79993,692.4
802.91882,697.8
803.03778,689.2
803.15668,695.6
803.27557,705.2
803.39453,696.0
803.51343,691.8
803.63232,696.8
803.75122,697.4
803.87012,697.8
803.98907,695.2
804.10797,702.2
804.22687,688.4
804.34576,695.8
804.46466,699.6
804.58356,693.4
804.70239,699.2
804.82129,696.6
804.94019,701.2
805.05908,699.6
805.17798,697.0
805.29681,698.8
805.41571,704.8
805.53461,708.6
805.65344,695.6
805.77234,708.6
805.89117,702.8
806.01007,711.0
806.12891,707.0
806.2478,705.2
806.36664,697.8
806.48547,707.6
806.60437,703.0
806.72321,709.0
806.84204,707.6
806.96088,710.6
807.07971,704.4
807.19861,708.2
807.31744,715.4
807.43628,707.2
807.55511,708.8
807.67395,710.4
807.79279,710.6
807.91162,706.8
808.0304,706.2
808.14923,713.8
808.26807,713.8
808.3869,712.8
808.50568,712.4
808.62451,715.4
808.74335,714.0
808.86212,720.0
808.98096,714.6
809.09979,714.4
809.21857,712.2
809.33734,711.6
809.45618,717.4
809.57495,723.6
809.69379,717.6
809.81256,720.4
809.93134,712.4
810.05011,711.0
810.16895,711.4
810.28772,713.0
810.40649,710.8
810.52527,718.6
810.64404,710.8
810.76282,721.2
810.88159,710.0
811.00037,714.2
811.11914,703.8
811.23792,706.6
811.35663,709.2
811.4754,708.6
811.59418,713.0
811.71295,714.8
811.83167,709.4
811.95044,712.0
812.06921,711.6
812.18793,708.4
812.3067,714.6
812.42542,706.4
812.54419,712.0
812.6629,716.2
812.78162,707.8
812.90039,714.8
813.0191,706.8
813.13782,712.2
813.25653,705.4
813.37524,710.2
813.49402,699.8
813.61273,716.2
813.73145,707.2
813.85016,708.0
813.96887,704.2
814.08759,708.6
814.2063,706.8
814.32495,707.6
814.44366,708.8
814.56238,704.0
814.68109,701.8
814.79974,702.8
814.91846,689.8
815.03717,708.0
815.15582,700.6
815.27454,696.0
815.39319,694.2
815.5119,694.6
815.63055,692.4
815.74927,691.0
815.86792,689.4
815.98657,695.4
816.10529,686.4
816.22394,693.6
816.34259,697.6
816.46124,704.0
816.5799,702.0
816.69855,707.8
816.8172,704.0
816.93585,700.2
817.0545,695.4
817.17316,694.0
817.29181,682.6
817.41046,683.0
817.52911,680.6
817.64771,680.4
817.76636,674.8
817.88501,674.2
818.0036,673.6
818.12225,677.4
818.24091,664.0
818.3595,665.6
818.47815,663.8
818.59674,662.4
818.71533,661.2
818.83398,656.4
818.95258,658.4
819.07117,653.4
819.18976,650.4
819.30841,652.2
819.427,660.0
819.54559,660.8
819.66418,655.4
819.78278,657.8
819.90137,656.6
820.01996,654.4
820.13855,649.0
820.25714,654.2
820.37573,647.0
820.49426,653.6
820.61285,650.6
820.73145,645.4
820.84998,649.0
820.96857,642.2
821.08716,643.2
821.20569,645.4
821.32428,641.8
821.44281,644.2
821.56134,637.2
821.67993,651.0
821.79846,639.0
821.91699,634.4
822.03558,638.0
822.15411,644.6
822.27264,636.6
822.39117,637.0
822.5097,636.4
822.62823,634.4
822.74677,636.2
822.8653,634.8
822.98383,635.0
823.10236,635.6
823.22089,632.4
823.33942,636.4
823.45789,642.8
823.57642,641.2
823.69495,642.0
823.81342,636.0
823.93195,631.2
824.05042,640.0
824.16895,637.4
824.28741,636.6
824.40594,633.2
824.52441,636.8
824.64288,636.0
824.76141,646.2
824.87988,638.6
824.99835,640.8
825.11682,637.0
825.23529,639.0
825.35376,635.4
825.47223,639.0
825.5907,636.0
825.70917,636.0
825.82764,631.8
825.94611,635.4
826.06458,626.4
826.18304,628.0
826.30145,629.2
826.41992,632.8
826.53839,630.4
826.6568,633.6
826.77527,631.2
826.89368,630.6
827.01215,623.4
827.13055,622.4
827.24902,625.2
827.36743,629.0
827.48584,630.6
827.60431,633.2
827.72272,625.8
827.84113,623.6
827.95953,626.2
828.07794,625.4
828.19635,623.2
828.31476,622.4
828.43317,622.8
828.55157,625.0
828.66998,624.0
828.78839,630.4
828.90674,620.6
829.02515,628.4
829.14355,628.6
829.2619,625.6
829.38031,620.2
829.49872,619.2
829.61707,621.4
829.73547,622.0
829.85382,615.6
829.97217,618.8
830.09058,615.2
830.20892,627.2
830.32727,617.0
830.44562,628.0
830.56403,624.8
830.68237,620.0
830.80072,612.8
830.91907,621.4
831.03741,612.8
831.15576,620.0
831.27411,613.2
831.3924,619.6
831.51074,619.2
831.62909,619.2
831.74744,620.4
831.86572,622.6
831.98407,619.2
832.10242,620.6
832.2207,623.0
832.33905,613.8
832.45734,616.2
832.57562,619.2
832.69397,613.4
832.81226,622.4
832.93054,618.2
833.04889,620.6
833.16718,617.4
833.28546,626.4
833.40375,622.8
833.52203,619.2
833.64032,618.2
833.75861,621.4
833.87689,624.4
833.99518,627.2
834.1134,627.4
834.23169,630.0
834.34998,629.2
834.46826,630.0
834.58649,627.8
834.70477,625.6
834.823,624.4
834.94128,627.8
835.05951,626.2
835.1778,630.2
835.29602,621.8
835.41425,621.8
835.53253,627.2
835.65076,628.4
835.76898,625.6
835.88721,633.8
836.00543,631.4
836.12366,629.6
836.24188,620.4
836.36011,628.6
836.47833,621.0
836.59656,623.0
836.71478,613.4
836.83295,619.6
836.95117,622.4
837.0694,629.2
837.18756,623.6
837.30579,623.6
837.42401,621.4
837.54218,624.6
837.66034,614.4
837.77856,627.2
837.89673,622.0
838.01489,624.0
838.13312,618.8
838.25128,625.4
838.36945,621.0
838.48761,626.4
838.60577,624.6
838.72394,630.2
838.8421,622.8
838.96027,621.6
839.07843,615.4
839.19659,621.2
839.31476,623.6
839.43286,620.6
839.55103,619.0
839.66919,621.6
839.78729,615.4
839.90546,614.0
840.02356,616.6
840.14172,615.6
840.25983,615.0
840.37793,620.4
840.49609,614.4
840.6142,618.6
840.7323,617.0
840.8504,619.0
840.96851,617.0
841.08661,616.8
841.20471,610.8
841.32281,611.2
841.44092,612.0
841.55902,611.8
841.67712,608.4
841.79523,612.4
841.91327,612.8
842.03137,613.0
842.14948,612.8
842.26752,612.2
842.38562,616.2
842.50366,612.2
842.62177,606.6
842.73981,610.4
842.85791,611.4
842.97595,613.6
843.09399,617.2
843.21204,614.8
843.33008,616.2
843.44818,612.4
843.56622,614.8
843.68427,615.4
843.80231,620.6
843.92029,619.0
844.03833,620.0
844.15637,616.0
844.27441,615.0
844.39246,609.2
844.51044,608.8
844.62848,613.2
844.74646,610.6
844.8645,618.0
844.98248,614.2
845.10052,612.8
845.21851,615.4
845.33649,612.2
845.45453,615.2
845.57251,614.6
845.69049,614.6
845.80847,616.6
845.92645,618.6
846.04443,612.0
846.16241,612.6
846.2804,617.8
846.39838,615.8
846.51636,610.6
846.63434,612.8
846.75226,621.8
846.87024,617.0
846.98822,614.8
847.10614,614.2
847.22412,610.6
847.34204,612.8
847.46002,615.6
847.57794,612.4
847.69586,617.4
847.81384,613.6
847.93176,617.6
848.04968,620.4
848.1676,614.6
848.28552,613.8
848.40344,608.8
848.52136,607.4
848.63928,609.2
848.7572,611.2
848.87512,610.0
848.99304,606.6
849.1109,609.8
849.22882,601.8
849.34674,610.0
849.4646,611.2
849.58252,607.0
849.70038,609.8
849.8183,606.4
849.93616,602.0
850.05402,610.2
850.17194,607.0
850.28979,607.0
850.40765,604.4
850.52551,612.6
850.64337,608.2
850.76123,604.6
850.87909,601.8
850.99695,611.8
851.11481,603.6
851.23267,607.8
851.35046,604.8
851.46832,610.2
851.58618,602.4
851.70398,614.4
851.82184,613.4
851.93964,617.6
852.0575,627.2
852.17529,621.2
852.29315,616.0
852.41095,614.4
852.52875,610.4
852.64655,609.8
852.7644,612.4
852.8822,608.4
853.0,602.8
853.1178,605.2
853.2356,606.6
853.35333,604.6
853.47113,608.6
853.58893,608.0
853.70673,609.8
853.82446,609.2
853.94226,608.0
854.06006,607.4
854.1778,613.4
854.29559,608.4
854.41333,609.4
854.53107,609.2
854.64886,613.0
854.7666,604.8
854.88434,602.8
855.00208,606.4
855.11981,604.4
855.23761,608.8
855.35535,608.2
855.47302,606.0
855.59076,609.4
855.7085,604.0
855.82623,602.4
855.94397,606.6
856.06165,601.0
856.17938,611.6
856.29712,605.0
856.41479,606.8
856.53253,608.2
856.65021,602.6
856.76788,608.0
856.88562,608.2
857.0033,605.0
857.12097,611.0
857.23865,604.8
857.35632,599.2
857.474,598.2
857.59167,604.6
857.70935,603.2
857.82703,598.0
857.9447,597.4
858.06238,604.0
858.18005,596.8
858.29767,601.8
858.41534,600.0
858.53296,599.6
858.65063,602.6
858.76825,602.8
858.88593,601.0
859.00354,601.6
859.12115,598.4
859.23883,599.2
859.35645,596.8
859.47406,596.8
859.59167,595.2
859.70929,600.2
859.8269,601.0
859.94452,595.6
860.06213,593.8
860.17975,594.6
860.29736,598.2
860.41492,591.2
860.53253,599.4
860.65009,592.0
860.7677,592.6
860.88525,597.0
861.00287,594.2
861.12042,599.0
861.23804,596.6
861.35559,594.6
861.47314,589.4
861.5907,592.6
861.70825,594.6
861.82581,593.6
861.94336,590.6
862.06091,588.2
862.17847,589.2
862.29602,589.0
862.41357,588.6
862.53113,587.0
862.64862,595.4
862.76617,597.8
862.88367,586.4
863.00122,592.2
863.11871,591.4
863.23627,590.8
863.35376,586.8
863.47125,589.4
863.58881,586.6
863.7063,593.8
863.82379,589.4
863.94128,586.6
864.05878,593.4
864.17627,589.8
864.29376,588.8
864.41125,595.4
864.52869,585.8
864.64618,588.6
864.76367,590.0
864.8811,589.2
864.9986,586.2
865.11609,585.4
865.23352,581.6
865.35095,588.8
865.46844,585.2
865.58588,591.8
865.70331,590.8
865.82074,585.8
865.93823,587.6
866.05566,591.8
866.1731,587.6
866.29053,584.0
866.4079,595.4
866.52533,589.2
866.64276,590.2
866.76019,583.2
866.87756,583.6
866.995,592.4
867.11243,582.0
867.2298,591.0
867.34723,584.4
867.4646,584.6
867.58197,580.6
867.6994,592.4
867.81677,589.0
867.93414,586.4
868.05151,585.6
868.16888,592.0
868.28625,583.2
868.40363,584.6
868.521,587.2
868.63837,590.8
868.75568,591.4
868.87305,590.2
868.99042,589.2
869.10773,588.4
869.2251,587.4
869.34241,588.2
869.45978,585.6
869.57709,586.2
869.69446,586.2
869.81177,591.0
869.92908,587.2
870.04639,590.6
870.1637,588.0
870.28101,590.8
870.39832,581.2
870.51563,595.2
870.63293,588.8
870.75024,587.2
870.86749,587.4
870.9848,588.4
871.10211,585.2
871.21936,586.2
871.33667,585.6
871.45392,593.0
871.57123,585.2
871.68848,584.8
871.80573,587.0
871.92297,593.4
872.04028,587.2
872.15753,586.6
872.27478,591.4
872.39203,581.6
872.50928,586.8
872.62646,587.8
872.74371,579.4
872.86096,592.6
872.97821,584.6
873.0954,585.4
873.21265,579.4
873.32983,580.4
873.44708,583.6
873.56427,584.2
873.68152,575.4
873.79871,581.8
873.91589,579.6
874.03308,584.2
874.15027,573.8
874.26746,581.6
874.38464,571.8
874.50183,581.4
874.61902,579.2
874.73621,581.0
874.85339,581.0
874.97052,579.2
875.08771,579.6
875.2049,577.0
875.32202,579.8
875.43921,591.2
875.55634,582.2
875.67346,584.2
875.79065,579.0
875.90778,589.0
876.0249,585.2
876.14203,583.2
876.25916,577.4
876.37628,583.4
876.49341,581.6
876.61053,588.2
876.72766,584.2
876.84473,584.2
876.96185,582.6
877.07898,580.8
877.19604,584.6
877.31317,584.8
877.43024,583.6
877.54736,585.6
877.66443,578.8
877.78149,584.6
877.89856,583.2
878.01569,576.6
878.13275,576.8
878.24982,579.2
878.36688,579.8
878.48395,576.8
878.60095,568.4
878.71802,575.0
878.83508,579.6
878.95215,579.6
879.06915,577.8
879.18622,582.8
879.30322,572.2
879.42029,573.8
879.53729,578.6
879.6543,578.6
879.77136,575.0
879.88837,582.0
880.00537,583.2
880.12238,579.4
880.23938,570.0
880.35638,580.0
880.47339,575.6
880.59039,577.0
880.70734,581.6
880.82434,581.2
880.94135,582.4
881.05829,574.6
881.17529,576.0
881.29224,576.4
881.40924,567.6
881.52618,574.0
881.64313,576.2
881.76007,575.8
881.87701,578.0
881.99402,575.0
882.11096,576.6
882.22791,577.4
882.34479,572.6
882.46173,578.0
882.57867,569.8
882.69562,579.2
882.8125,577.6
882.92944,580.2
883.04639,575.2
883.16327,582.6
883.28015,571.4
883.39709,577.4
883.51398,576.2
883.63086,574.2
883.74774,575.2
883.86462,575.2
883.98157,578.6
884.09839,571.2
884.21527,577.2
884.33215,577.4
884.44904,573.6
884.56592,578.0
884.68274,570.2
884.79962,578.2
884.9165,579.6
885.03333,578.8
885.15015,573.0
885.26703,580.2
885.38385,578.4
885.50067,582.4
885.61749,582.2
885.73438,583.0
885.8512,592.6
885.96802,579.8
886.08478,577.0
886.2016,583.8
886.31842,571.4
886.43524,574.0
886.55206,578.6
886.66882,573.0
886.78564,571.0
886.9024,578.2
887.01923,570.6
887.13599,573.0
887.25275,571.2
887.36951,578.2
887.48633,573.6
887.60309,571.0
887.71985,571.4
887.83661,569.8
887.95337,569.4
888.07007,570.6
888.18683,568.4
888.30359,575.0
888.42035,571.2
888.53705,572.2
888.65381,563.2
888.77051,572.2
888.88721,567.6
889.00397,569.8
889.12067,562.2
889.23737,563.6
889.35406,570.4
889.47083,560.6
889.58752,561.8
889.70416,569.4
889.82086,568.4
889.93756,570.6
890.05426,559.2
890.17096,571.2
890.2876,566.0
890.4043,564.8
890.52094,566.4
890.63763,570.4
890.75427,569.8
890.87091,567.6
890.98761,567.2
891.10425,567.2
891.22089,556.8
891.33752,566.8
891.45416,571.0
891.5708,561.2
891.68744,560.2
891.80408,567.2
891.92065,564.6
892.03729,559.0
892.15393,570.0
892.27051,566.2
892.38715,568.8
892.50372,567.8
892.6203,567.8
892.73694,563.4
892.85352,567.0
892.97009,564.0
893.08667,564.6
893.20325,569.4
893.31982,568.2
893.4364,569.4
893.55298,565.4
893.66956,562.0
893.78607,566.0
893.90265,568.8
894.01917,567.4
894.13574,565.8
894.25226,564.4
894.36884,565.2
894.48535,563.0
894.60187,564.6
894.71838,564.6
894.8349,572.8
894.95148,562.6
895.06793,565.8
895.18445,571.4
895.30096,564.4
895.41748,568.0
895.534,564.6
895.65045,563.6
895.76697,569.6
895.88342,568.6
895.99994,566.6
896.11639,557.0
896.23291,560.6
896.34937,556.8
896.46582,563.0
896.58228,563.8
896.69873,562.2
896.81519,559.8
896.93164,564.2
897.0481,560.6
897.16455,563.0
897.28094,561.8
897.3974,563.6
897.51385,571.6
897.63025,569.0
897.7467,566.6
897.8631,562.0
897.97949,566.4
898.09595,560.8
898.21234,558.2
898.32874,565.0
898.44513,562.2
898.56152,557.6
898.67792,556.6
898.79431,556.2
898.91064,557.6
899.02704,556.2
899.14343,554.2
899.25977,556.6
899.37616,549.4
899.49249,557.2
899.60889,553.8
899.72522,556.0
899.84155,560.8
899.95789,558.4
900.07428,557.8
900.19061,565.4
900.30695,562.6
900.42322,568.2
900.53955,554.4
900.65588,562.2
900.77222,562.0
900.88849,556.2
901.00482,555.6
901.12109,560.0
901.23743,549.0
901.3537,550.0
901.47003,549.8
901.5863,553.2
901.70258,549.6
901.81885,551.8
901.93512,551.4
902.05139,554.0
902.16766,554.8
902.28394,554.0
902.40021,555.8
902.51642,554.0
902.63269,553.0
902.7489,554.0
902.86517,554.8
902.98138,554.0
903.09766,553.0
903.21387,556.0
903.33008,558.6
903.44629,556.4
903.5625,544.4
903.67871,552.2
903.79492,544.6
903.91113,549.2
904.02734,542.6
904.14355,552.0
904.2597,545.8
904.37592,544.8
904.49207,543.0
904.60828,545.2
904.72443,543.8
904.84064,547.2
904.95679,548.0
905.07294,547.4
905.18909,543.2
905.30524,545.6
905.42139,547.0
905.53754,547.0
905.65369,544.0
905.76984,543.0
905.88593,543.6
906.00208,538.6
906.11816,542.0
906.23431,537.8
906.3504,533.6
906.46655,538.0
906.58264,533.8
906.69873,531.4
906.81482,537.6
906.93091,534.2
907.047,539.2
907.16309,539.6
907.27917,542.0
907.39526,540.4
907.51135,534.2
907.62738,538.6
907.74347,539.4
907.8595,536.2
907.97559,541.2
908.09161,545.6
908.2077,536.6
908.32373,542.0
908.43976,538.2
908.55579,532.0
908.67181,533.4
908.78784,536.2
908.90387,531.6
909.0199,533.6
909.13586,535.2
909.25189,530.6
909.36792,530.2
909.48389,534.0
909.59991,537.4
909.71588,532.4
909.83185,539.2
909.94788,533.2
910.06384,533.0
910.17981,538.2
910.29578,537.0
910.41174,531.8
910.52771,531.8
910.64368,532.0
910.75958,527.0
910.87555,536.4
910.99152,533.6
911.10742,536.6
911.22339,533.4
911.33929,531.8
911.4552,532.8
911.57117,530.2
911.68707,527.8
911.80298,536.0
911.91888,530.6
912.03479,529.8
912.1507,527.0
912.2666,531.6
912.38245,530.0
912.49835,532.6
912.61426,529.0
912.7301,534.8
912.84601,536.6
792.4458,700.0
792.56488,686.2
792.68396,699.4
792.8031,692.4
792.92218,669.2
793.04126,671.8
793.16034,670.4
793.27942,664.4
793.3985,656.4
793.51758,645.4
793.63672,648.2
793.7558,640.0
793.87488,646.4
793.9939,639.6
794.11298,638.4
794.23206,622.4
794.35114,627.4
794.47021,619.0
794.58929,609.6
794.70831,609.6
794.82739,609.4
794.94647,602.0
795.06549,604.2
795.18457,597.4
795.30365,594.6
795.42267,587.8
795.54175,591.4
795.66077,591.2
795.77985,589.6
795.89886,586.8
796.01794,589.4
796.13696,584.0
796.25598,586.0
796.375,577.6
796.49408,580.6
796.6131,575.8
796.73212,579.2
796.85114,579.2
796.97015,576.2
797.08923,565.6
797.20825,577.2
797.32727,572.2
797.44629,568.8
797.56531,567.4
797.68427,568.2
797.80328,566.0
797.9223,565.8
798.04132,566.2
798.16034,568.6
798.27936,565.4
798.39832,564.0
798.51733,560.0
798.63635,561.0
798.75531,560.8
798.87433,557.8
798.99329,554.0
799.1123,557.2
799.23126,557.6
799.35028,559.4
799.46924,561.8
799.58826,560.8
799.70721,558.4
799.82617,558.8
799.94519,555.4
800.06415,563.4
800.18311,553.8
800.30206,562.6
800.42102,562.6
800.54004,558.4
800.659,557.6
800.77795,564.8
800.89691,554.8
801.01587,563.6
801.13483,557.8
801.25372,560.2
801.37268,555.8
801.49164,557.0
801.6106,567.2
801.72955,557.6
801.84845,558.0
801.96741,562.4
802.08636,551.4
802.20526,560.2
802.32422,561.2
802.44318,561.4
802.56207,560.6
802.68103,559.8
802.79993,559.8
802.91882,558.8
803.03778,558.4
803.15668,559.8
803.27557,564.2
803.39453,561.0
803.51343,560.2
803.63232,566.4
803.75122,561.6
803.87012,557.8
803.98907,563.2
804.10797,564.4
804.22687,560.0
804.34576,564.4
804.46466,563.6
804.58356,568.2
804.70239,566.8
804.82129,561.8
804.94019,560.0
805.05908,567.6
805.17798,564.0
805.29681,571.8
805.41571,563.8
805.53461,570.6
805.65344,566.6
805.77234,573.6
805.89117,569.2
806.01007,574.2
806.12891,569.4
806.2478,567.8
806.36664,568.4
806.48547,570.0
806.60437,569.6
806.72321,571.4
806.84204,574.2
806.96088,569.8
807.07971,571.6
807.19861,575.0
807.31744,576.6
807.43628,572.8
807.55511,571.0
807.67395,571.0
807.79279,571.4
807.91162,573.8
808.0304,573.2
808.14923,575.2
808.26807,573.4
808.3869,577.8
808.50568,572.0
808.62451,578.4
808.74335,572.6
808.86212,583.6
808.98096,580.2
809.09979,582.2
809.21857,580.6
809.33734,581.2
809.45618,580.8
809.57495,577.6
809.69379,580.4
809.81256,582.2
809.93134,576.2
810.05011,578.0
810.16895,578.0
810.28772,584.2
810.40649,578.0
810.52527,582.2
810.64404,577.8
810.76282,579.0
810.88159,585.0
811.00037,580.6
811.11914,575.6
811.23792,579.0
811.35663,576.2
811.4754,581.2
811.59418,578.8
811.71295,579.2
811.83167,580.2
811.95044,585.4
812.06921,583.4
812.18793,579.0
812.3067,579.0
812.42542,583.6
812.54419,575.6
812.6629,586.2
812.78162,578.2
812.90039,576.4
813.0191,576.4
813.13782,574.4
813.25653,571.6
813.37524,573.6
813.49402,573.0
813.61273,581.0
813.73145,579.4
813.85016,577.2
813.96887,576.6
814.08759,578.0
814.2063,576.4
814.32495,577.8
814.44366,575.8
814.56238,580.0
814.68109,569.8
814.79974,574.0
814.91846,569.2
815.03717,571.2
815.15582,575.0
815.27454,563.8
815.39319,563.8
815.5119,566.2
815.63055,564.4
815.74927,569.2
815.86792,559.2
815.98657,572.8
816.10529,568.4
816.22394,570.8
816.34259,566.4
816.46124,573.6
816.5799,570.6
816.69855,577.2
816.8172,575.8
816.93585,572.4
817.0545,566.8
817.17316,563.6
817.29181,555.8
817.41046,557.6
817.52911,553.6
817.64771,551.0
817.76636,545.6
817.88501,548.4
818.0036,548.6
818.12225,544.4
818.24091,538.4
818.3595,531.6
818.47815,536.6
818.59674,539.0
818.71533,537.0
818.83398,531.0
818.95258,531.8
819.07117,528.4
819.18976,524.4
819.30841,531.4
819.427,528.4
819.54559,529.8
819.66418,525.4
819.78278,523.0
819.90137,524.4
820.01996,523.0
820.13855,519.4
820.25714,523.2
820.37573,517.0
820.49426,523.2
820.61285,519.2
820.73145,520.8
820.84998,511.8
820.96857,518.2
821.08716,521.2
821.20569,512.6
821.32428,514.8
821.44281,521.8
821.56134,515.4
821.67993,514.4
821.79846,508.8
821.91699,517.6
822.03558,509.8
822.15411,514.0
822.27264,509.4
822.39117,516.4
822.5097,509.2
822.62823,513.4
822.74677,512.0
822.8653,510.2
822.98383,512.0
823.10236,511.8
823.22089,507.6
823.33942,513.2
823.45789,512.0
823.57642,515.4
823.69495,510.8
823.81342,513.4
823.93195,512.0
824.05042,520.0
824.16895,517.2
824.28741,515.6
824.40594,513.0
824.52441,510.2
824.64288,512.2
824.76141,510.0
824.87988,513.8
824.99835,509.0
825.11682,512.6
825.23529,517.4
825.35376,508.2
825.47223,508.8
825.5907,509.2
825.70917,508.6
825.82764,507.4
825.94611,506.8
826.06458,503.8
826.18304,506.2
826.30145,508.6
826.41992,509.8
826.53839,505.2
826.6568,507.2
826.77527,506.0
826.89368,510.4
827.01215,502.2
827.13055,506.8
827.24902,504.0
827.36743,504.8
827.48584,503.0
827.60431,501.8
827.72272,497.8
827.84113,499.8
827.95953,500.2
828.07794,499.8
828.19635,501.0
828.31476,498.8
828.43317,497.2
828.55157,503.0
828.66998,500.0
828.78839,504.2
828.90674,499.0
829.02515,498.6
829.14355,507.0
829.2619,501.4
829.38031,497.0
829.49872,500.0
829.61707,497.0
829.73547,504.6
829.85382,500.4
829.97217,499.4
830.09058,497.6
830.20892,500.6
830.32727,498.2
830.44562,498.4
830.56403,501.8
830.68237,502.0
830.80072,500.0
830.91907,501.8
831.03741,496.8
831.15576,503.2
831.27411,497.2
831.3924,501.8
831.51074,500.0
831.62909,499.6
831.74744,500.8
831.86572,500.2
831.98407,502.0
832.10242,497.0
832.2207,501.4
832.33905,493.4
832.45734,505.6
832.57562,505.0
832.69397,496.2
832.81226,499.0
832.93054,499.6
833.04889,502.8
833.16718,496.2
833.28546,501.2
833.40375,509.6
833.52203,500.8
833.64032,499.8
833.75861,503.6
833.87689,499.8
833.99518,504.6
834.1134,505.8
834.23169,506.8
834.34998,503.4
834.46826,507.0
834.58649,508.2
834.70477,507.6
834.823,502.8
834.94128,509.6
835.05951,503.4
835.1778,510.2
835.29602,504.0
835.41425,509.4
835.53253,506.4
835.65076,506.2
835.76898,509.0
835.88721,509.8
836.00543,510.0
836.12366,506.4
836.24188,500.0
836.36011,507.4
836.47833,510.2
836.59656,507.0
836.71478,510.2
836.83295,510.0
836.95117,502.8
837.0694,506.2
837.18756,507.8
837.30579,509.0
837.42401,504.6
837.54218,510.2
837.66034,508.6
837.77856,511.2
837.89673,509.0
838.01489,510.8
838.13312,499.8
838.25128,508.2
838.36945,503.0
838.48761,505.6
838.60577,508.4
838.72394,511.0
838.8421,509.4
838.96027,510.8
839.07843,505.6
839.19659,509.8
839.31476,508.8
839.43286,503.6
839.55103,509.8
839.66919,507.4
839.78729,507.4
839.90546,508.0
840.02356,500.0
840.14172,504.6
840.25983,508.2
840.37793,503.8
840.49609,505.0
840.6142,503.4
840.7323,502.4
840.8504,503.2
840.96851,499.2
841.08661,505.2
841.20471,502.8
841.32281,505.6
841.44092,500.6
841.55902,508.2
841.67712,501.4
841.79523,504.0
841.91327,500.2
842.03137,501.6
842.14948,505.0
842.26752,501.0
842.38562,502.4
842.50366,499.2
842.62177,502.4
842.73981,496.4
842.85791,498.0
842.97595,501.8
843.09399,505.0
843.21204,506.8
843.33008,503.0
843.44818,505.6
843.56622,501.8
843.68427,506.2
843.80231,508.2
843.92029,509.2
844.03833,506.8
844.15637,502.4
844.27441,503.2
844.39246,505.8
844.51044,504.6
844.62848,507.6
844.74646,500.0
844.8645,501.2
844.98248,502.8
845.10052,504.8
845.21851,509.2
845.33649,503.4
845.45453,509.4
845.57251,501.6
845.69049,499.8
845.80847,498.8
845.92645,502.2
846.04443,503.8
846.16241,502.8
846.2804,505.8
846.39838,499.0
846.51636,503.6
846.63434,499.2
846.75226,507.8
846.87024,501.8
846.98822,503.0
847.10614,498.6
847.22412,501.2
847.34204,501.4
847.46002,503.6
847.57794,501.0
847.69586,503.4
847.81384,503.2
847.93176,506.0
848.04968,505.2
848.1676,498.2
848.28552,502.2
848.40344,498.4
848.52136,500.2
848.63928,500.8
848.7572,496.2
848.87512,499.8
848.99304,499.2
849.1109,502.0
849.22882,497.4
849.34674,501.2
849.4646,496.2
849.58252,505.4
849.70038,499.6
849.8183,502.2
849.93616,500.4
850.05402,502.0
850.17194,501.4
850.28979,499.2
850.40765,501.6
850.52551,504.2
850.64337,504.2
850.76123,498.8
850.87909,502.0
850.99695,500.8
851.11481,506.4
851.23267,508.2
851.35046,499.2
851.46832,504.4
851.58618,505.8
851.70398,509.2
851.82184,507.0
851.93964,510.4
852.0575,511.8
852.17529,514.2
852.29315,516.6
852.41095,509.6
852.52875,507.4
852.64655,509.2
852.7644,503.4
852.8822,506.0
853.0,505.2
853.1178,504.8
853.2356,499.0
853.35333,503.2
853.47113,506.6
853.58893,508.2
853.70673,503.2
853.82446,505.6
853.94226,502.6
854.06006,506.6
854.1778,507.4
854.29559,505.6
854.41333,503.8
854.53107,506.2
854.64886,504.8
854.7666,507.2
854.88434,501.2
855.00208,507.6
855.11981,503.2
855.23761,506.0
855.35535,502.2
855.47302,505.8
855.59076,504.0
855.7085,503.8
855.82623,505.8
855.94397,505.8
856.06165,508.4
856.17938,504.6
856.29712,505.8
856.41479,505.0
856.53253,501.6
856.65021,503.6
856.76788,501.2
856.88562,504.8
857.0033,500.8
857.12097,510.2
857.23865,500.0
857.35632,502.0
857.474,500.6
857.59167,505.4
857.70935,497.6
857.82703,505.2
857.9447,499.2
858.06238,501.4
858.18005,503.2
858.29767,501.4
858.41534,501.6
858.53296,501.6
858.65063,505.8
858.76825,506.4
858.88593,505.0
859.00354,501.0
859.12115,501.0
859.23883,503.2
859.35645,499.6
859.47406,506.0
859.59167,501.6
859.70929,500.8
859.8269,500.6
859.94452,496.6
860.06213,502.2
860.17975,506.0
860.29736,495.2
860.41492,501.4
860.53253,494.8
860.65009,499.8
860.7677,492.4
860.88525,503.4
861.00287,496.8
861.12042,500.8
861.23804,497.2
861.35559,502.4
861.47314,499.0
861.5907,495.6
861.70825,498.0
861.82581,502.4
861.94336,494.2
862.06091,498.6
862.17847,496.4
862.29602,499.4
862.41357,495.0
862.53113,495.6
862.64862,499.0
862.76617,493.6
862.88367,494.8
863.00122,502.0
863.11871,497.0
863.23627,498.0
863.35376,495.4
863.47125,494.6
863.58881,500.4
863.7063,496.4
863.82379,496.2
863.94128,494.8
864.05878,498.8
864.17627,498.4
864.29376,495.6
864.41125,500.0
864.52869,498.2
864.64618,497.8
864.76367,497.6
864.8811,498.2
864.9986,494.8
865.11609,499.4
865.23352,495.8
865.35095,503.2
865.46844,496.2
865.58588,495.2
865.70331,497.0
865.82074,500.6
865.93823,496.6
866.05566,493.8
866.1731,498.8
866.29053,496.6
866.4079,495.4
866.52533,498.6
866.64276,502.6
866.76019,494.0
866.87756,499.8
866.995,496.6
867.11243,501.4
867.2298,503.6
867.34723,494.8
867.4646,495.8
867.58197,496.6
867.6994,500.6
867.81677,502.0
867.93414,501.6
868.05151,495.2
868.16888,493.6
868.28625,498.4
868.40363,500.0
868.521,502.8
868.63837,499.6
868.75568,502.8
868.87305,500.0
868.99042,502.8
869.10773,499.4
869.2251,500.6
869.34241,500.6
869.45978,499.6
869.57709,501.6
869.69446,494.8
869.81177,499.4
869.92908,498.2
870.04639,501.8
870.1637,488.0
870.28101,500.2
870.39832,495.6
870.51563,500.4
870.63293,504.4
870.75024,501.6
870.86749,504.0
870.9848,498.0
871.10211,498.6
871.21936,500.4
871.33667,495.8
871.45392,500.4
871.57123,494.0
871.68848,492.8
871.80573,499.8
871.92297,502.0
872.04028,500.2
872.15753,498.2
872.27478,497.6
872.39203,497.4
872.50928,498.0
872.62646,499.4
872.74371,496.6
872.86096,500.8
872.97821,500.4
873.0954,494.8
873.21265,497.4
873.32983,499.0
873.44708,498.2
873.56427,501.8
873.68152,499.0
873.79871,496.0
873.91589,498.2
874.03308,498.8
874.15027,495.0
874.26746,494.6
874.38464,496.6
874.50183,499.8
874.61902,497.8
874.73621,500.2
874.85339,496.8
874.97052,498.4
875.08771,496.6
875.2049,499.0
875.32202,495.4
875.43921,500.2
875.55634,502.2
875.67346,505.6
875.79065,501.2
875.90778,499.2
876.0249,501.6
876.14203,497.0
876.25916,496.8
876.37628,496.8
876.49341,502.6
876.61053,502.4
876.72766,497.0
876.84473,499.4
876.96185,498.8
877.07898,497.8
877.19604,501.8
877.31317,500.6
877.43024,497.6
877.54736,500.8
877.66443,496.4
877.78149,501.0
877.89856,500.0
878.01569,504.2
878.13275,501.6
878.24982,499.4
878.36688,497.2
878.48395,495.0
878.60095,494.6
878.71802,495.2
878.83508,500.4
878.95215,497.4
879.06915,491.2
879.18622,497.2
879.30322,500.2
879.42029,495.4
879.53729,492.2
879.6543,494.4
879.77136,495.4
879.88837,496.6
880.00537,495.2
880.12238,495.4
880.23938,491.8
880.35638,497.6
880.47339,487.2
880.59039,490.0
880.70734,488.8
880.82434,492.2
880.94135,496.6
881.05829,498.6
881.17529,493.2
881.29224,495.6
881.40924,493.8
881.52618,498.6
881.64313,494.6
881.76007,494.8
881.87701,493.8
881.99402,496.4
882.11096,496.0
882.22791,495.2
882.34479,488.2
882.46173,499.8
882.57867,492.4
882.69562,498.2
882.8125,494.4
882.92944,498.6
883.04639,495.6
883.16327,501.4
883.28015,494.2
883.39709,495.8
883.51398,502.4
883.63086,499.6
883.74774,493.4
883.86462,499.2
883.98157,498.2
884.09839,498.6
884.21527,494.8
884.33215,497.8
884.44904,498.8
884.56592,502.0
884.68274,500.0
884.79962,504.0
884.9165,497.8
885.03333,504.8
885.15015,500.6
885.26703,500.6
885.38385,499.6
885.50067,507.2
885.61749,502.4
885.73438,500.8
885.8512,507.2
885.96802,504.0
886.08478,501.4
886.2016,505.8
886.31842,502.0
886.43524,504.2
886.55206,502.2
886.66882,507.0
886.78564,502.8
886.9024,500.0
887.01923,497.6
887.13599,499.2
887.25275,500.4
887.36951,504.0
887.48633,501.6
887.60309,503.2
887.71985,494.6
887.83661,498.6
887.95337,497.8
888.07007,495.8
888.18683,497.6
888.30359,499.4
888.42035,493.0
888.53705,497.4
888.65381,494.8
888.77051,495.0
888.88721,493.6
889.00397,495.8
889.12067,496.0
889.23737,498.8
889.35406,495.0
889.47083,490.2
889.58752,492.2
889.70416,499.2
889.82086,494.8
889.93756,497.2
890.05426,497.0
890.17096,498.2
890.2876,494.0
890.4043,497.0
890.52094,498.4
890.63763,492.4
890.75427,497.0
890.87091,491.4
890.98761,493.4
891.10425,501.2
891.22089,496.2
891.33752,497.2
891.45416,497.0
891.5708,494.2
891.68744,497.6
891.80408,500.8
891.92065,496.0
892.03729,495.6
892.15393,496.2
892.27051,494.8
892.38715,493.0
892.50372,498.4
892.6203,494.0
892.73694,499.0
892.85352,501.2
892.97009,499.2
893.08667,496.4
893.20325,499.0
893.31982,505.2
893.4364,500.4
893.55298,493.8
893.66956,496.4
893.78607,502.0
893.90265,503.2
894.01917,501.0
894.13574,505.2
894.25226,500.6
894.36884,501.2
894.48535,500.6
894.60187,500.4
894.71838,497.2
894.8349,500.2
894.95148,495.4
895.06793,499.8
895.18445,502.4
895.30096,495.6
895.41748,499.0
895.534,498.2
895.65045,500.4
895.76697,497.8
895.88342,497.0
895.99994,498.8
896.11639,498.6
896.23291,499.4
896.34937,496.2
896.46582,496.0
896.58228,498.8
896.69873,501.8
896.81519,494.0
896.93164,503.0
897.0481,498.6
897.16455,501.0
897.28094,494.2
897.3974,502.2
897.51385,501.2
897.63025,502.0
897.7467,500.2
897.8631,498.2
897.97949,497.4
898.09595,494.4
898.21234,493.6
898.32874,499.8
898.44513,497.2
898.56152,497.2
898.67792,499.8
898.79431,497.0
898.91064,494.6
899.02704,496.4
899.14343,494.0
899.25977,498.2
899.37616,498.8
899.49249,497.0
899.60889,493.4
899.72522,499.6
899.84155,497.6
899.95789,496.2
900.07428,497.4
900.19061,496.4
900.30695,495.0
900.42322,499.8
900.53955,490.6
900.65588,493.8
900.77222,497.0
900.88849,494.6
901.00482,493.6
901.12109,493.8
901.23743,492.4
901.3537,491.2
901.47003,493.4
901.5863,492.0
901.70258,496.0
901.81885,493.2
901.93512,493.6
902.05139,494.8
902.16766,496.4
902.28394,497.0
902.40021,494.8
902.51642,496.6
902.63269,493.6
902.7489,497.8
902.86517,499.0
902.98138,496.2
903.09766,494.0
903.21387,494.2
903.33008,488.8
903.44629,495.2
903.5625,491.0
903.67871,492.8
903.79492,491.6
903.91113,494.6
904.02734,490.0
904.14355,494.2
904.2597,489.6
904.37592,494.4
904.49207,492.0
904.60828,490.2
904.72443,492.4
904.84064,484.6
904.95679,486.4
905.07294,493.0
905.18909,490.0
905.30524,488.8
905.42139,482.8
905.53754,491.6
905.65369,488.4
905.76984,484.6
905.88593,486.6
906.00208,491.4
906.11816,484.0
906.23431,486.6
906.3504,481.4
906.46655,479.8
906.58264,481.8
906.69873,484.2
906.81482,484.6
906.93091,484.8
907.047,482.4
907.16309,486.2
907.27917,487.0
907.39526,488.4
907.51135,487.0
907.62738,485.2
907.74347,484.0
907.8595,484.4
907.97559,489.4
908.09161,485.2
908.2077,485.2
908.32373,484.4
908.43976,483.6
908.55579,483.6
908.67181,484.8
908.78784,485.0
908.90387,482.0
909.0199,482.8
909.13586,479.2
909.25189,482.8
909.36792,482.0
909.48389,484.4
909.59991,483.8
909.71588,485.4
909.83185,489.2
909.94788,486.0
910.06384,480.2
910.17981,484.8
910.29578,483.2
910.41174,478.6
910.52771,484.4
910.64368,484.0
910.75958,475.4
910.87555,484.2
910.99152,484.6
911.10742,484.4
911.22339,486.6
911.33929,486.8
911.4552,483.6
911.57117,484.6
911.68707,485.4
911.80298,484.8
911.91888,484.0
912.03479,483.8
912.1507,486.0
912.2666,489.6
912.38245,487.0
912.49835,488.0
912.61426,482.8
912.7301,483.2
912.84601,484.8
792.4458,1936.0
792.56488,1830.8
792.68396,1834.6
792.8031,1835.8
792.92218,1809.6
793.04126,1778.2
793.16034,1776.6
793.27942,1754.6
793.3985,1735.6
793.51758,1701.6
793.63672,1660.8
793.7558,1650.2
793.87488,1652.4
793.9939,1622.0
794.11298,1618.0
794.23206,1598.6
794.35114,1580.6
794.47021,1551.8
794.58929,1537.8
794.70831,1529.4
794.82739,1525.4
794.94647,1518.4
795.06549,1504.8
795.18457,1520.2
795.30365,1488.2
795.42267,1445.8
795.54175,1453.8
795.66077,1465.8
795.77985,1445.6
795.89886,1452.8
796.01794,1454.8
796.13696,1445.4
796.25598,1437.2
796.375,1424.8
796.49408,1419.8
796.6131,1411.8
796.73212,1420.6
796.85114,1416.6
796.97015,1395.6
797.08923,1379.2
797.20825,1387.6
797.32727,1393.2
797.44629,1368.4
797.56531,1365.2
797.68427,1363.4
797.80328,1346.0
797.9223,1346.6
798.04132,1357.0
798.16034,1356.6
798.27936,1349.6
798.39832,1334.4
798.51733,1327.8
798.63635,1341.8
798.75531,1328.2
798.87433,1318.2
798.99329,1316.0
799.1123,1314.8
799.23126,1322.4
799.35028,1316.2
799.46924,1334.0
799.58826,1322.0
799.70721,1327.2
799.82617,1323.4
799.94519,1324.2
800.06415,1326.4
800.18311,1320.2
800.30206,1311.6
800.42102,1326.8
800.54004,1330.0
800.659,1334.8
800.77795,1328.0
800.89691,1300.4
801.01587,1297.4
801.13483,1316.6
801.25372,1312.0
801.37268,1333.2
801.49164,1344.4
801.6106,1338.0
801.72955,1333.2
801.84845,1322.6
801.96741,1327.4
802.08636,1311.6
802.20526,1306.6
802.32422,1317.6
802.44318,1331.2
802.56207,1322.4
802.68103,1329.6
802.79993,1315.4
802.91882,1315.0
803.03778,1300.2
803.15668,1309.4
803.27557,1317.6
803.39453,1330.2
803.51343,1335.2
803.63232,1320.4
803.75122,1316.6
803.87012,1324.8
803.98907,1316.0
804.10797,1317.6
804.22687,1303.2
804.34576,1306.6
804.46466,1318.2
804.58356,1324.2
804.70239,1323.8
804.82129,1330.8
804.94019,1332.6
805.05908,1329.4
805.17798,1326.8
805.29681,1338.4
805.41571,1332.8
805.53461,1334.0
805.65344,1328.8
805.77234,1342.2
805.89117,1341.6
806.01007,1360.8
806.12891,1353.6
806.2478,1340.4
806.36664,1339.8
806.48547,1335.2
806.60437,1341.8
806.72321,1338.0
806.84204,1349.8
806.96088,1336.8
807.07971,1334.6
807.19861,1346.8
807.31744,1361.0
807.43628,1348.2
807.55511,1334.2
807.67395,1341.6
807.79279,1337.4
807.91162,1348.0
808.0304,1354.4
808.14923,1362.0
808.26807,1344.8
808.3869,1349.2
808.50568,1360.0
808.62451,1368.0
808.74335,1371.2
808.86212,1350.8
808.98096,1366.4
809.09979,1356.6
809.21857,1351.4
809.33734,1343.8
809.45618,1348.8
809.57495,1356.4
809.69379,1349.8
809.81256,1346.4
809.93134,1331.2
810.05011,1318.8
810.16895,1307.8
810.28772,1319.8
810.40649,1323.8
810.52527,1334.2
810.64404,1349.2
810.76282,1347.4
810.88159,1339.4
811.00037,1328.6
811.11914,1319.0
811.23792,1328.0
811.35663,1323.0
811.4754,1333.4
811.59418,1335.6
811.71295,1334.6
811.83167,1340.8
811.95044,1321.4
812.06921,1342.0
812.18793,1329.0
812.3067,1325.4
812.42542,1331.6
812.54419,1347.4
812.6629,1352.8
812.78162,1321.8
812.90039,1311.6
813.0191,1309.0
813.13782,1316.6
813.25653,1307.6
813.37524,1304.6
813.49402,1312.4
813.61273,1318.2
813.73145,1313.4
813.85016,1311.6
813.96887,1312.8
814.08759,1320.0
814.2063,1306.6
814.32495,1313.0
814.44366,1310.0
814.56238,1295.8
814.68109,1287.6
814.79974,1295.2
814.91846,1291.2
815.03717,1298.0
815.15582,1308.4
815.27454,1307.6
815.39319,1278.0
815.5119,1279.8
815.63055,1259.6
815.74927,1288.6
815.86792,1291.0
815.98657,1283.8
816.10529,1288.2
816.22394,1292.6
816.34259,1303.6
816.46124,1318.0
816.5799,1318.0
816.69855,1320.6
816.8172,1303.8
816.93585,1308.8
817.0545,1306.0
817.17316,1296.6
817.29181,1288.8
817.41046,1298.2
817.52911,1292.6
817.64771,1294.2
817.76636,1276.8
817.88501,1273.2
818.0036,1267.0
818.12225,1264.6
818.24091,1252.2
818.3595,1264.4
818.47815,1262.4
818.59674,1269.0
818.71533,1270.6
818.83398,1250.4
818.95258,1238.6
819.07117,1243.6
819.18976,1262.4
819.30841,1267.8
819.427,1283.8
819.54559,1273.0
819.66418,1267.4
819.78278,1263.0
819.90137,1265.0
820.01996,1257.6
820.13855,1265.2
820.25714,1258.6
820.37573,1239.6
820.49426,1242.6
820.61285,1242.2
820.73145,1251.0
820.84998,1240.6
820.96857,1231.2
821.08716,1239.6
821.20569,1228.2
821.32428,1229.0
821.44281,1243.8
821.56134,1238.6
821.67993,1241.2
821.79846,1241.8
821.91699,1226.8
822.03558,1237.6
822.15411,1241.0
822.27264,1214.0
822.39117,1211.4
822.5097,1210.6
822.62823,1222.2
822.74677,1219.4
822.8653,1216.4
822.98383,1229.6
823.10236,1229.8
823.22089,1216.0
823.33942,1228.4
823.45789,1236.0
823.57642,1237.6
823.69495,1247.2
823.81342,1219.8
823.93195,1215.2
824.05042,1228.8
824.16895,1236.4
824.28741,1237.2
824.40594,1232.6
824.52441,1221.2
824.64288,1228.8
824.76141,1228.6
824.87988,1242.4
824.99835,1224.0
825.11682,1225.2
825.23529,1230.4
825.35376,1232.6
825.47223,1242.6
825.5907,1233.6
825.70917,1226.8
825.82764,1228.8
825.94611,1221.6
826.06458,1225.0
826.18304,1215.0
826.30145,1213.8
826.41992,1220.2
826.53839,1236.2
826.6568,1231.2
826.77527,1227.8
826.89368,1230.6
827.01215,1218.0
827.13055,1227.8
827.24902,1205.4
827.36743,1216.4
827.48584,1223.2
827.60431,1220.4
827.72272,1202.2
827.84113,1204.4
827.95953,1204.0
828.07794,1215.4
828.19635,1216.0
828.31476,1204.8
828.43317,1197.8
828.55157,1198.4
828.66998,1215.6
828.78839,1214.4
828.90674,1212.6
829.02515,1217.6
829.14355,1225.2
829.2619,1209.4
829.38031,1189.6
829.49872,1194.4
829.61707,1192.2
829.73547,1182.6
829.85382,1174.4
829.97217,1171.0
830.09058,1175.8
830.20892,1185.4
830.32727,1181.8
830.44562,1177.2
830.56403,1176.4
830.68237,1179.0
830.80072,1177.0
830.91907,1174.6
831.03741,1168.0
831.15576,1163.8
831.27411,1181.4
831.3924,1176.0
831.51074,1177.8
831.62909,1186.8
831.74744,1179.8
831.86572,1182.8
831.98407,1190.6
832.10242,1193.8
832.2207,1195.6
832.33905,1188.4
832.45734,1185.0
832.57562,1195.6
832.69397,1190.8
832.81226,1178.8
832.93054,1180.8
833.04889,1188.2
833.16718,1202.0
833.28546,1194.2
833.40375,1193.0
833.52203,1187.0
833.64032,1176.6
833.75861,1199.4
833.87689,1219.6
833.99518,1216.4
834.1134,1234.4
834.23169,1226.6
834.34998,1210.0
834.46826,1208.6
834.58649,1216.2
834.70477,1201.8
834.823,1201.4
834.94128,1204.4
835.05951,1193.6
835.1778,1199.2
835.29602,1186.0
835.41425,1181.0
835.53253,1183.4
835.65076,1185.0
835.76898,1206.4
835.88721,1218.6
836.00543,1217.0
836.12366,1219.4
836.24188,1204.4
836.36011,1208.6
836.47833,1190.0
836.59656,1199.0
836.71478,1180.8
836.83295,1186.4
836.95117,1191.4
837.0694,1195.0
837.18756,1193.6
837.30579,1180.4
837.42401,1181.8
837.54218,1181.0
837.66034,1169.4
837.77856,1179.4
837.89673,1180.4
838.01489,1188.2
838.13312,1174.6
838.25128,1185.8
838.36945,1173.4
838.48761,1177.2
838.60577,1184.4
838.72394,1198.4
838.8421,1191.4
838.96027,1183.0
839.07843,1166.8
839.19659,1177.2
839.31476,1175.8
839.43286,1181.6
839.55103,1180.6
839.66919,1177.4
839.78729,1165.8
839.90546,1159.0
840.02356,1155.6
840.14172,1153.8
840.25983,1158.4
840.37793,1181.8
840.49609,1162.8
840.6142,1172.2
840.7323,1171.4
840.8504,1169.6
840.96851,1164.8
841.08661,1165.0
841.20471,1166.2
841.32281,1173.8
841.44092,1169.0
841.55902,1160.0
841.67712,1154.2
841.79523,1153.0
841.91327,1146.2
842.03137,1154.8
842.14948,1172.4
842.26752,1165.8
842.38562,1159.4
842.50366,1155.0
842.62177,1165.6
842.73981,1176.6
842.85791,1174.2
842.97595,1191.4
843.09399,1178.6
843.21204,1176.4
843.33008,1173.2
843.44818,1161.0
843.56622,1177.0
843.68427,1184.8
843.80231,1201.4
843.92029,1215.0
844.03833,1205.6
844.15637,1187.2
844.27441,1182.8
844.39246,1188.4
844.51044,1199.4
844.62848,1183.8
844.74646,1179.4
844.8645,1180.2
844.98248,1187.4
845.10052,1184.6
845.21851,1187.8
845.33649,1191.8
845.45453,1179.2
845.57251,1176.4
845.69049,1175.6
845.80847,1190.6
845.92645,1197.0
846.04443,1177.8
846.16241,1170.0
846.2804,1169.6
846.39838,1164.6
846.51636,1170.2
846.63434,1198.6
846.75226,1191.8
846.87024,1187.8
846.98822,1163.8
847.10614,1160.8
847.22412,1163.2
847.34204,1157.8
847.46002,1157.8
847.57794,1166.0
847.69586,1159.2
847.81384,1163.2
847.93176,1166.4
848.04968,1183.6
848.1676,1173.2
848.28552,1156.8
848.40344,1161.2
848.52136,1161.2
848.63928,1171.2
848.7572,1164.6
848.87512,1172.0
848.99304,1153.0
849.1109,1140.0
849.22882,1141.4
849.34674,1162.8
849.4646,1154.8
849.58252,1156.0
849.70038,1154.2
849.8183,1137.8
849.93616,1132.8
850.05402,1126.8
850.17194,1140.4
850.28979,1137.0
850.40765,1140.2
850.52551,1147.0
850.64337,1148.0
850.76123,1147.6
850.87909,1139.2
850.99695,1128.0
851.11481,1141.4
851.23267,1148.8
851.35046,1151.2
851.46832,1131.0
851.58618,1136.2
851.70398,1150.6
851.82184,1151.8
851.93964,1173.4
852.0575,1184.2
852.17529,1190.4
852.29315,1187.8
852.41095,1173.4
852.52875,1159.8
852.64655,1155.4
852.7644,1160.2
852.8822,1139.6
853.0,1135.6
853.1178,1137.2
853.2356,1136.4
853.35333,1137.2
853.47113,1135.8
853.58893,1146.4
853.70673,1144.8
853.82446,1145.6
853.94226,1145.2
854.06006,1145.2
854.1778,1149.0
854.29559,1149.0
854.41333,1157.8
854.53107,1169.0
854.64886,1165.0
854.7666,1148.2
854.88434,1133.0
855.00208,1126.4
855.11981,1138.6
855.23761,1136.8
855.35535,1137.4
855.47302,1146.8
855.59076,1129.2
855.7085,1124.6
855.82623,1113.2
855.94397,1147.8
856.06165,1145.6
856.17938,1130.6
856.29712,1117.8
856.41479,1129.0
856.53253,1128.4
856.65021,1126.4
856.76788,1125.2
856.88562,1141.4
857.0033,1131.2
857.12097,1132.6
857.23865,1131.2
857.35632,1130.6
857.474,1133.4
857.59167,1132.0
857.70935,1129.2
857.82703,1133.0
857.9447,1126.0
858.06238,1119.8
858.18005,1120.6
858.29767,1128.8
858.41534,1131.4
858.53296,1124.4
858.65063,1127.2
858.76825,1134.2
858.88593,1136.8
859.00354,1134.2
859.12115,1131.8
859.23883,1124.0
859.35645,1129.2
859.47406,1120.2
859.59167,1123.8
859.70929,1108.0
859.8269,1116.6
859.94452,1117.4
860.06213,1117.0
860.17975,1115.2
860.29736,1109.0
860.41492,1111.4
860.53253,1100.2
860.65009,1100.4
860.7677,1094.8
860.88525,1110.0
861.00287,1109.8
861.12042,1106.0
861.23804,1104.8
861.35559,1107.0
861.47314,1101.2
861.5907,1083.4
861.70825,1093.0
861.82581,1099.8
861.94336,1072.2
862.06091,1063.2
862.17847,1060.6
862.29602,1071.6
862.41357,1068.8
862.53113,1070.4
862.64862,1074.0
862.76617,1086.8
862.88367,1075.4
863.00122,1084.2
863.11871,1091.2
863.23627,1099.2
863.35376,1076.4
863.47125,1074.2
863.58881,1090.8
863.7063,1089.4
863.82379,1072.0
863.94128,1065.6
864.05878,1072.0
864.17627,1070.8
864.29376,1068.8
864.41125,1062.4
864.52869,1075.0
864.64618,1075.6
864.76367,1068.0
864.8811,1067.8
864.9986,1064.2
865.11609,1070.4
865.23352,1067.6
865.35095,1064.8
865.46844,1073.2
865.58588,1078.4
865.70331,1085.2
865.82074,1072.6
865.93823,1078.4
866.05566,1068.8
866.1731,1067.2
866.29053,1078.2
866.4079,1077.8
866.52533,1078.4
866.64276,1087.6
866.76019,1078.6
866.87756,1086.4
866.995,1089.8
867.11243,1075.6
867.2298,1083.2
867.34723,1063.8
867.4646,1058.4
867.58197,1067.8
867.6994,1076.4
867.81677,1070.4
867.93414,1062.8
868.05151,1071.4
868.16888,1074.0
868.28625,1064.8
868.40363,1057.4
868.521,1061.6
868.63837,1076.6
868.75568,1086.6
868.87305,1073.6
868.99042,1082.8
869.10773,1078.6
869.2251,1080.8
869.34241,1078.2
869.45978,1065.2
869.57709,1072.6
869.69446,1058.6
869.81177,1071.8
869.92908,1076.6
870.04639,1085.0
870.1637,1075.0
870.28101,1078.2
870.39832,1075.4
870.51563,1071.0
870.63293,1076.0
870.75024,1083.6
870.86749,1080.6
870.9848,1087.4
871.10211,1091.4
871.21936,1083.6
871.33667,1087.8
871.45392,1091.8
871.57123,1074.2
871.68848,1071.2
871.80573,1077.8
871.92297,1072.0
872.04028,1067.2
872.15753,1065.0
872.27478,1081.6
872.39203,1068.0
872.50928,1060.2
872.62646,1048.0
872.74371,1047.6
872.86096,1054.0
872.97821,1049.0
873.0954,1037.2
873.21265,1035.4
873.32983,1046.8
873.44708,1041.2
873.56427,1048.4
873.68152,1048.2
873.79871,1052.6
873.91589,1041.4
874.03308,1039.2
874.15027,1040.6
874.26746,1034.2
874.38464,1048.2
874.50183,1051.6
874.61902,1050.2
874.73621,1059.4
874.85339,1051.2
874.97052,1049.2
875.08771,1048.6
875.2049,1041.2
875.32202,1047.8
875.43921,1064.4
875.55634,1060.8
875.67346,1066.8
875.79065,1058.6
875.90778,1066.6
876.0249,1055.6
876.14203,1054.2
876.25916,1047.0
876.37628,1048.0
876.49341,1049.0
876.61053,1049.8
876.72766,1034.8
876.84473,1056.8
876.96185,1037.6
877.07898,1036.6
877.19604,1046.6
877.31317,1059.2
877.43024,1055.0
877.54736,1044.6
877.66443,1037.2
877.78149,1048.6
877.89856,1042.8
878.01569,1028.2
878.13275,1023.6
878.24982,1030.4
878.36688,1034.8
878.48395,1030.0
878.60095,1023.6
878.71802,1017.0
878.83508,1018.6
878.95215,1025.2
879.06915,1032.2
879.18622,1035.4
879.30322,1025.6
879.42029,1012.0
879.53729,1005.2
879.6543,1012.2
879.77136,1016.2
879.88837,1023.4
880.00537,1029.0
880.12238,1012.0
880.23938,1002.0
880.35638,1011.0
880.47339,1010.0
880.59039,1006.8
880.70734,1008.4
880.82434,1020.6
880.94135,1024.6
881.05829,1004.0
881.17529,1003.8
881.29224,1002.0
881.40924,1001.2
881.52618,1007.6
881.64313,1011.8
881.76007,1013.2
881.87701,1004.2
881.99402,998.0
882.11096,993.2
882.22791,980.8
882.34479,974.6
882.46173,987.8
882.57867,983.8
882.69562,998.6
882.8125,1000.6
882.92944,1015.8
883.04639,1006.6
883.16327,1001.4
883.28015,991.0
883.39709,992.0
883.51398,1000.0
883.63086,990.0
883.74774,996.0
883.86462,1002.4
883.98157,1017.2
884.09839,1003.6
884.21527,1004.2
884.33215,1003.6
884.44904,999.0
884.56592,1002.0
884.68274,1008.0
884.79962,1009.2
884.9165,1013.4
885.03333,1012.4
885.15015,1004.0
885.26703,996.2
885.38385,994.8
885.50067,1013.8
885.61749,1031.8
885.73438,1037.2
885.8512,1035.0
885.96802,1028.0
886.08478,1013.6
886.2016,1009.4
886.31842,1010.0
886.43524,997.8
886.55206,1006.8
886.66882,1004.8
886.78564,996.0
886.9024,980.4
887.01923,973.8
887.13599,976.2
887.25275,981.4
887.36951,993.2
887.48633,992.2
887.60309,994.2
887.71985,961.4
887.83661,964.0
887.95337,969.8
888.07007,975.6
888.18683,987.2
888.30359,987.2
888.42035,974.8
888.53705,971.0
888.65381,963.0
888.77051,969.4
888.88721,967.4
889.00397,941.2
889.12067,948.0
889.23737,938.2
889.35406,934.8
889.47083,938.4
889.58752,948.8
889.70416,938.8
889.82086,950.0
889.93756,944.6
890.05426,944.4
890.17096,946.8
890.2876,934.8
890.4043,945.0
890.52094,948.2
890.63763,947.4
890.75427,958.4
890.87091,944.8
890.98761,948.0
891.10425,962.6
891.22089,962.0
891.33752,951.2
891.45416,952.6
891.5708,921.6
891.68744,926.2
891.80408,933.8
891.92065,931.2
892.03729,929.2
892.15393,937.2
892.27051,928.8
892.38715,939.8
892.50372,928.4
892.6203,930.8
892.73694,937.0
892.85352,936.2
892.97009,933.8
893.08667,938.0
893.20325,951.8
893.31982,960.6
893.4364,959.6
893.55298,946.8
893.66956,939.8
893.78607,922.8
893.90265,923.8
894.01917,921.6
894.13574,930.8
894.25226,926.8
894.36884,917.6
894.48535,926.2
894.60187,932.8
894.71838,931.6
894.8349,937.2
894.95148,944.6
895.06793,944.4
895.18445,944.6
895.30096,942.6
895.41748,948.6
895.534,937.8
895.65045,931.6
895.76697,931.0
895.88342,923.4
895.99994,913.8
896.11639,910.6
896.23291,903.2
896.34937,903.4
896.46582,915.4
896.58228,909.0
896.69873,906.4
896.81519,902.0
896.93164,910.2
897.0481,912.2
897.16455,921.4
897.28094,921.2
897.3974,938.4
897.51385,948.8
897.63025,942.8
897.7467,938.8
897.8631,920.6
897.97949,920.0
898.09595,908.8
898.21234,904.8
898.32874,914.8
898.44513,911.6
898.56152,903.6
898.67792,887.8
898.79431,895.4
898.91064,905.6
899.02704,887.8
899.14343,890.6
899.25977,900.6
899.37616,905.4
899.49249,898.8
899.60889,896.6
899.72522,908.6
899.84155,912.4
899.95789,913.4
900.07428,915.0
900.19061,922.0
900.30695,908.2
900.42322,903.2
900.53955,892.8
900.65588,895.0
900.77222,901.6
900.88849,905.4
901.00482,891.4
901.12109,889.8
901.23743,878.0
901.3537,872.6
901.47003,877.4
901.5863,883.8
901.70258,881.8
901.81885,879.2
901.93512,886.8
902.05139,899.8
902.16766,904.4
902.28394,912.6
902.40021,909.0
902.51642,922.2
902.63269,908.8
902.7489,900.4
902.86517,888.0
902.98138,889.4
903.09766,903.6
903.21387,917.8
903.33008,909.8
903.44629,898.8
903.5625,893.0
903.67871,886.4
903.79492,893.0
903.91113,876.4
904.02734,881.4
904.14355,876.4
904.2597,872.6
904.37592,863.8
904.49207,858.0
904.60828,865.6
904.72443,864.8
904.84064,872.4
904.95679,872.8
905.07294,872.6
905.18909,862.0
905.30524,872.0
905.42139,873.6
905.53754,871.0
905.65369,863.6
905.76984,861.0
905.88593,873.0
906.00208,866.8
906.11816,858.4
906.23431,842.6
906.3504,837.6
906.46655,826.8
906.58264,825.2
906.69873,834.2
906.81482,840.4
906.93091,832.2
907.047,838.8
907.16309,847.6
907.27917,842.6
907.39526,834.6
907.51135,831.2
907.62738,830.4
907.74347,839.2
907.8595,844.8
907.97559,844.8
908.09161,841.0
908.2077,839.2
908.32373,838.6
908.43976,828.6
908.55579,829.2
908.67181,830.0
908.78784,812.0
908.90387,810.8
909.0199,815.0
909.13586,805.0
909.25189,806.6
909.36792,810.0
909.48389,809.4
909.59991,810.0
909.71588,809.8
909.83185,814.8
909.94788,809.8
910.06384,804.0
910.17981,806.2
910.29578,823.8
910.41174,820.2
910.52771,811.0
910.64368,802.6
910.75958,798.8
910.87555,810.0
910.99152,814.0
911.10742,811.2
911.22339,805.8
911.33929,810.2
911.4552,805.2
911.57117,796.6
911.68707,807.4
911.80298,807.2
911.91888,801.2
912.03479,799.6
912.1507,800.6
912.2666,801.8
912.38245,802.6
912.49835,804.2
912.61426,801.6
912.7301,803.6
912.84601,808.6
792.4458,578.2
792.56488,578.2
792.68396,587.8
792.8031,583.6
792.92218,574.8
793.04126,563.8
793.16034,571.4
793.27942,565.2
793.3985,560.8
793.51758,551.0
793.63672,557.4
793.7558,558.2
793.87488,567.0
793.9939,558.2
794.11298,554.2
794.23206,554.2
794.35114,547.8
794.47021,547.0
794.58929,543.2
794.70831,541.2
794.82739,548.6
794.94647,545.4
795.06549,546.4
795.18457,539.4
795.30365,539.8
795.42267,531.8
795.54175,536.2
795.66077,540.0
795.77985,530.8
795.89886,539.2
796.01794,536.8
796.13696,534.6
796.25598,542.2
796.375,533.8
796.49408,536.6
796.6131,527.4
796.73212,538.2
796.85114,530.8
796.97015,530.4
797.08923,531.8
797.20825,529.4
797.32727,530.2
797.44629,531.2
797.56531,531.4
797.68427,526.0
797.80328,535.8
797.9223,532.8
798.04132,530.0
798.16034,530.4
798.27936,527.8
798.39832,530.0
798.51733,524.8
798.63635,527.4
798.75531,526.6
798.87433,530.6
798.99329,522.4
799.1123,521.2
799.23126,524.6
799.35028,531.4
799.46924,530.8
799.58826,534.8
799.70721,528.6
799.82617,532.0
799.94519,523.4
800.06415,531.4
800.18311,524.8
800.30206,531.0
800.42102,530.2
800.54004,528.8
800.659,532.2
800.77795,526.2
800.89691,529.8
801.01587,530.2
801.13483,531.6
801.25372,535.0
801.37268,535.6
801.49164,532.8
801.6106,534.0
801.72955,540.0
801.84845,532.6
801.96741,534.0
802.08636,534.0
802.20526,540.2
802.32422,534.2
802.44318,542.4
802.56207,534.2
802.68103,537.2
802.79993,536.8
802.91882,536.4
803.03778,536.6
803.15668,536.2
803.27557,540.2
803.39453,539.0
803.51343,537.6
803.63232,541.8
803.75122,539.2
803.87012,541.4
803.98907,538.0
804.10797,539.2
804.22687,537.6
804.34576,542.6
804.46466,542.8
804.58356,542.8
804.70239,541.0
804.82129,544.0
804.94019,539.8
805.05908,545.8
805.17798,543.0
805.29681,549.6
805.41571,545.2
805.53461,553.8
805.65344,540.4
805.77234,548.8
805.89117,547.2
806.01007,546.8
806.12891,546.8
806.2478,546.4
806.36664,543.8
806.48547,551.6
806.60437,546.4
806.72321,547.6
806.84204,555.8
806.96088,544.8
807.07971,550.6
807.19861,551.8
807.31744,550.2
807.43628,554.2
807.55511,555.0
807.67395,552.0
807.79279,550.0
807.91162,551.4
808.0304,559.8
808.14923,560.0
808.26807,555.2
808.3869,558.6
808.50568,557.4
808.62451,557.2
808.74335,550.2
808.86212,561.6
808.98096,561.8
809.09979,558.2
809.21857,559.2
809.33734,561.2
809.45618,556.8
809.57495,561.6
809.69379,559.2
809.81256,563.2
809.93134,555.4
810.05011,561.8
810.16895,559.8
810.28772,555.0
810.40649,564.0
810.52527,568.8
810.64404,562.2
810.76282,565.6
810.88159,569.4
811.00037,567.6
811.11914,552.6
811.23792,564.0
811.35663,562.4
811.4754,559.6
811.59418,561.4
811.71295,565.6
811.83167,559.4
811.95044,560.2
812.06921,564.2
812.18793,562.2
812.3067,563.2
812.42542,559.6
812.54419,565.4
812.6629,568.4
812.78162,558.4
812.90039,563.2
813.0191,557.8
813.13782,564.2
813.25653,560.8
813.37524,557.8
813.49402,558.6
813.61273,561.6
813.73145,559.2
813.85016,557.4
813.96887,556.0
814.08759,554.8
814.2063,555.6
814.32495,559.6
814.44366,557.0
814.56238,556.0
814.68109,557.0
814.79974,552.4
814.91846,555.8
815.03717,554.0
815.15582,552.2
815.27454,549.4
815.39319,545.6
815.5119,548.6
815.63055,541.6
815.74927,549.6
815.86792,556.0
815.98657,549.2
816.10529,551.0
816.22394,550.8
816.34259,553.4
816.46124,559.2
816.5799,552.6
816.69855,555.6
816.8172,555.6
816.93585,552.6
817.0545,549.2
817.17316,543.6
817.29181,542.2
817.41046,544.4
817.52911,535.4
817.64771,535.0
817.76636,525.6
817.88501,526.8
818.0036,527.2
818.12225,525.4
818.24091,521.2
818.3595,519.8
818.47815,518.6
818.59674,519.2
818.71533,511.8
818.83398,507.2
818.95258,506.2
819.07117,505.4
819.18976,502.0
819.30841,507.4
819.427,510.2
819.54559,507.4
819.66418,500.2
819.78278,502.2
819.90137,505.4
820.01996,505.4
820.13855,496.8
820.25714,500.4
820.37573,499.6
820.49426,501.0
820.61285,498.0
820.73145,499.6
820.84998,498.6
820.96857,498.0
821.08716,500.6
821.20569,497.4
821.32428,500.4
821.44281,498.8
821.56134,494.2
821.67993,498.8
821.79846,496.2
821.91699,499.6
822.03558,491.2
822.15411,499.6
822.27264,501.6
822.39117,497.0
822.5097,491.6
822.62823,495.0
822.74677,492.6
822.8653,499.6
822.98383,495.8
823.10236,496.2
823.22089,492.4
823.33942,491.6
823.45789,492.2
823.57642,499.2
823.69495,496.8
823.81342,500.2
823.93195,490.4
824.05042,496.0
824.16895,495.4
824.28741,501.8
824.40594,495.4
824.52441,492.0
824.64288,491.4
824.76141,497.8
824.87988,492.6
824.99835,492.2
825.11682,493.0
825.23529,496.0
825.35376,493.0
825.47223,488.6
825.5907,490.4
825.70917,490.0
825.82764,487.6
825.94611,488.4
826.06458,484.8
826.18304,488.4
826.30145,490.8
826.41992,487.6
826.53839,484.4
826.6568,491.6
826.77527,483.2
826.89368,485.8
827.01215,489.2
827.13055,487.6
827.24902,485.6
827.36743,487.8
827.48584,484.8
827.60431,485.0
827.72272,482.6
827.84113,484.2
827.95953,481.4
828.07794,483.4
828.19635,485.0
828.31476,485.6
828.43317,480.6
828.55157,487.8
828.66998,484.6
828.78839,484.4
828.90674,480.4
829.02515,486.0
829.14355,487.2
829.2619,484.6
829.38031,482.2
829.49872,483.4
829.61707,480.2
829.73547,487.4
829.85382,480.2
829.97217,482.2
830.09058,480.8
830.20892,478.2
830.32727,481.8
830.44562,484.6
830.56403,482.6
830.68237,484.0
830.80072,483.0
830.91907,482.4
831.03741,484.0
831.15576,481.8
831.27411,484.2
831.3924,480.4
831.51074,479.2
831.62909,481.6
831.74744,479.6
831.86572,481.8
831.98407,481.4
832.10242,483.4
832.2207,484.6
832.33905,481.0
832.45734,478.2
832.57562,480.6
832.69397,480.0
832.81226,481.6
832.93054,485.6
833.04889,482.2
833.16718,476.8
833.28546,482.6
833.40375,492.2
833.52203,487.4
833.64032,482.2
833.75861,481.6
833.87689,483.6
833.99518,486.6
834.1134,483.8
834.23169,487.4
834.34998,483.8
834.46826,485.2
834.58649,480.8
834.70477,489.4
834.823,480.2
834.94128,492.2
835.05951,478.0
835.1778,486.2
835.29602,481.0
835.41425,489.2
835.53253,486.4
835.65076,487.4
835.76898,490.6
835.88721,489.4
836.00543,488.4
836.12366,490.8
836.24188,484.0
836.36011,494.6
836.47833,489.2
836.59656,491.8
836.71478,488.8
836.83295,491.2
836.95117,492.6
837.0694,495.4
837.18756,496.4
837.30579,489.8
837.42401,490.0
837.54218,488.0
837.66034,490.0
837.77856,499.4
837.89673,485.0
838.01489,492.6
838.13312,484.6
838.25128,491.4
838.36945,489.0
838.48761,494.8
838.60577,494.2
838.72394,497.6
838.8421,492.6
838.96027,493.6
839.07843,484.0
839.19659,494.8
839.31476,489.8
839.43286,493.6
839.55103,487.8
839.66919,495.2
839.78729,490.0
839.90546,486.8
840.02356,483.2
840.14172,488.8
840.25983,482.8
840.37793,488.4
840.49609,485.6
840.6142,487.6
840.7323,487.4
840.8504,488.8
840.96851,485.4
841.08661,487.6
841.20471,480.8
841.32281,487.8
841.44092,485.6
841.55902,485.4
841.67712,486.0
841.79523,487.4
841.91327,484.6
842.03137,484.4
842.14948,482.6
842.26752,479.0
842.38562,484.0
842.50366,481.8
842.62177,482.2
842.73981,479.8
842.85791,483.6
842.97595,487.8
843.09399,484.0
843.21204,482.0
843.33008,485.4
843.44818,483.8
843.56622,483.2
843.68427,483.4
843.80231,483.4
843.92029,483.6
844.03833,487.2
844.15637,483.4
844.27441,482.2
844.39246,486.2
844.51044,482.2
844.62848,484.2
844.74646,481.4
844.8645,488.8
844.98248,482.2
845.10052,481.6
845.21851,481.8
845.33649,480.2
845.45453,485.4
845.57251,487.4
845.69049,479.6
845.80847,485.8
845.92645,479.6
846.04443,478.2
846.16241,482.4
846.2804,485.6
846.39838,481.8
846.51636,478.8
846.63434,479.2
846.75226,482.8
846.87024,476.2
846.98822,480.8
847.10614,478.2
847.22412,485.2
847.34204,474.4
847.46002,484.6
847.57794,483.2
847.69586,486.8
847.81384,477.2
847.93176,486.6
848.04968,484.6
848.1676,484.8
848.28552,481.2
848.40344,480.4
848.52136,478.2
848.63928,481.6
848.7572,481.6
848.87512,482.8
848.99304,484.0
849.1109,480.2
849.22882,478.0
849.34674,482.2
849.4646,482.2
849.58252,484.6
849.70038,476.4
849.8183,478.8
849.93616,477.4
850.05402,480.8
850.17194,484.4
850.28979,479.2
850.40765,484.8
850.52551,479.8
850.64337,481.0
850.76123,481.0
850.87909,476.6
850.99695,481.8
851.11481,479.8
851.23267,486.0
851.35046,483.2
851.46832,486.0
851.58618,481.2
851.70398,483.8
851.82184,484.6
851.93964,483.6
852.0575,485.4
852.17529,493.2
852.29315,484.4
852.41095,486.0
852.52875,480.4
852.64655,484.2
852.7644,485.2
852.8822,485.6
853.0,484.8
853.1178,487.0
853.2356,482.4
853.35333,481.6
853.47113,488.0
853.58893,484.0
853.70673,484.0
853.82446,484.6
853.94226,482.8
854.06006,486.6
854.1778,489.2
854.29559,483.6
854.41333,485.0
854.53107,487.4
854.64886,485.2
854.7666,491.6
854.88434,484.4
855.00208,492.8
855.11981,488.8
855.23761,487.6
855.35535,489.8
855.47302,490.4
855.59076,485.6
855.7085,487.2
855.82623,487.4
855.94397,489.0
856.06165,486.4
856.17938,486.8
856.29712,491.8
856.41479,489.4
856.53253,490.0
856.65021,487.4
856.76788,483.0
856.88562,490.4
857.0033,483.0
857.12097,488.2
857.23865,487.6
857.35632,485.8
857.474,484.2
857.59167,486.0
857.70935,487.0
857.82703,488.6
857.9447,481.2
858.06238,487.0
858.18005,486.2
858.29767,488.6
858.41534,483.4
858.53296,482.2
858.65063,488.6
858.76825,486.2
858.88593,488.2
859.00354,487.0
859.12115,484.2
859.23883,484.8
859.35645,484.2
859.47406,487.0
859.59167,486.0
859.70929,486.0
859.8269,479.8
859.94452,482.0
860.06213,480.2
860.17975,489.0
860.29736,481.2
860.41492,486.4
860.53253,479.4
860.65009,480.4
860.7677,478.6
860.88525,487.6
861.00287,481.8
861.12042,483.0
861.23804,480.2
861.35559,484.4
861.47314,483.8
861.5907,481.4
861.70825,478.6
861.82581,481.2
861.94336,475.0
862.06091,481.4
862.17847,479.2
862.29602,479.4
862.41357,482.0
862.53113,482.8
862.64862,481.6
862.76617,483.2
862.88367,481.0
863.00122,481.8
863.11871,485.0
863.23627,481.0
863.35376,479.0
863.47125,486.0
863.58881,479.6
863.7063,484.0
863.82379,482.0
863.94128,481.4
864.05878,479.6
864.17627,482.4
864.29376,481.0
864.41125,482.4
864.52869,479.6
864.64618,484.6
864.76367,484.2
864.8811,482.6
864.9986,479.2
865.11609,486.4
865.23352,482.8
865.35095,486.4
865.46844,484.6
865.58588,485.0
865.70331,481.4
865.82074,487.0
865.93823,484.6
866.05566,485.2
866.1731,483.4
866.29053,485.2
866.4079,483.4
866.52533,488.8
866.64276,483.2
866.76019,481.6
866.87756,487.6
866.995,486.8
867.11243,482.4
867.2298,486.6
867.34723,477.6
867.4646,480.4
867.58197,485.0
867.6994,488.2
867.81677,481.8
867.93414,482.6
868.05151,482.8
868.16888,484.0
868.28625,483.4
868.40363,478.2
868.521,481.8
868.63837,483.8
868.75568,484.2
868.87305,487.8
868.99042,478.8
869.10773,480.4
869.2251,481.8
869.34241,484.0
869.45978,483.4
869.57709,489.8
869.69446,478.6
869.81177,489.2
869.92908,491.8
870.04639,487.2
870.1637,477.6
870.28101,482.0
870.39832,481.4
870.51563,483.8
870.63293,481.6
870.75024,482.2
870.86749,481.4
870.9848,488.8
871.10211,483.4
871.21936,482.2
871.33667,483.4
871.45392,487.6
871.57123,481.2
871.68848,480.6
871.80573,485.6
871.92297,486.8
872.04028,476.4
872.15753,486.6
872.27478,486.8
872.39203,482.6
872.50928,478.4
872.62646,485.0
872.74371,478.2
872.86096,485.4
872.97821,484.8
873.0954,480.4
873.21265,483.8
873.32983,481.0
873.44708,483.8
873.56427,493.0
873.68152,480.0
873.79871,482.0
873.91589,481.2
874.03308,480.4
874.15027,481.8
874.26746,482.8
874.38464,474.8
874.50183,488.8
874.61902,485.0
874.73621,483.4
874.85339,482.4
874.97052,484.6
875.08771,483.6
875.2049,482.4
875.32202,478.6
875.43921,490.0
875.55634,479.8
875.67346,492.0
875.79065,482.4
875.90778,483.8
876.0249,481.6
876.14203,483.0
876.25916,478.8
876.37628,484.6
876.49341,480.2
876.61053,488.8
876.72766,481.6
876.84473,487.8
876.96185,485.6
877.07898,481.6
877.19604,482.4
877.31317,482.0
877.43024,482.0
877.54736,484.2
877.66443,481.6
877.78149,483.8
877.89856,480.0
878.01569,485.8
878.13275,483.0
878.24982,484.2
878.36688,486.2
878.48395,489.0
878.60095,485.6
878.71802,480.2
878.83508,482.2
878.95215,486.0
879.06915,484.2
879.18622,483.2
879.30322,479.4
879.42029,483.0
879.53729,483.2
879.6543,485.6
879.77136,482.2
879.88837,486.8
880.00537,480.4
880.12238,488.4
880.23938,477.6
880.35638,489.8
880.47339,478.6
880.59039,485.4
880.70734,485.6
880.82434,483.6
880.94135,480.8
881.05829,486.6
881.17529,484.0
881.29224,486.0
881.40924,483.4
881.52618,482.0
881.64313,481.6
881.76007,481.0
881.87701,481.2
881.99402,483.0
882.11096,486.2
882.22791,483.0
882.34479,481.6
882.46173,486.4
882.57867,486.2
882.69562,486.8
882.8125,485.8
882.92944,486.8
883.04639,484.0
883.16327,487.4
883.28015,483.0
883.39709,482.6
883.51398,487.4
883.63086,485.4
883.74774,486.2
883.86462,484.6
883.98157,481.0
884.09839,490.6
884.21527,489.2
884.33215,484.6
884.44904,481.4
884.56592,485.0
884.68274,487.6
884.79962,488.6
884.9165,483.2
885.03333,493.6
885.15015,484.4
885.26703,494.4
885.38385,488.2
885.50067,495.4
885.61749,488.4
885.73438,487.6
885.8512,487.8
885.96802,491.4
886.08478,486.4
886.2016,490.8
886.31842,485.2
886.43524,487.8
886.55206,485.4
886.66882,486.8
886.78564,492.0
886.9024,491.2
887.01923,485.0
887.13599,483.6
887.25275,491.0
887.36951,485.0
887.48633,490.2
887.60309,494.6
887.71985,484.4
887.83661,490.2
887.95337,488.4
888.07007,484.8
888.18683,487.6
888.30359,486.6
888.42035,487.4
888.53705,488.2
888.65381,484.0
888.77051,486.8
888.88721,486.4
889.00397,485.4
889.12067,487.8
889.23737,485.2
889.35406,489.0
889.47083,487.6
889.58752,481.6
889.70416,489.2
889.82086,481.2
889.93756,486.0
890.05426,490.8
890.17096,488.2
890.2876,486.4
890.4043,489.6
890.52094,483.6
890.63763,484.4
890.75427,489.0
890.87091,490.8
890.98761,488.6
891.10425,486.6
891.22089,484.8
891.33752,493.6
891.45416,488.0
891.5708,492.6
891.68744,490.4
891.80408,490.4
891.92065,483.6
892.03729,483.8
892.15393,488.0
892.27051,490.4
892.38715,493.8
892.50372,488.4
892.6203,487.4
892.73694,488.6
892.85352,488.2
892.97009,486.6
893.08667,489.0
893.20325,491.2
893.31982,488.8
893.4364,493.8
893.55298,485.8
893.66956,493.0
893.78607,493.2
893.90265,490.8
894.01917,491.8
894.13574,489.4
894.25226,487.6
894.36884,496.2
894.48535,495.2
894.60187,490.4
894.71838,491.2
894.8349,493.4
894.95148,487.8
895.06793,490.8
895.18445,489.2
895.30096,487.0
895.41748,488.6
895.534,484.0
895.65045,487.0
895.76697,493.2
895.88342,488.8
895.99994,487.0
896.11639,487.4
896.23291,491.2
896.34937,487.6
896.46582,491.8
896.58228,492.4
896.69873,490.6
896.81519,491.6
896.93164,491.2
897.0481,492.4
897.16455,494.6
897.28094,489.4
897.3974,489.0
897.51385,492.0
897.63025,491.6
897.7467,489.2
897.8631,488.6
897.97949,489.2
898.09595,492.4
898.21234,487.0
898.32874,489.2
898.44513,495.6
898.56152,492.6
898.67792,488.2
898.79431,487.6
898.91064,484.6
899.02704,486.0
899.14343,483.0
899.25977,486.6
899.37616,488.6
899.49249,483.6
899.60889,485.8
899.72522,485.6
899.84155,485.8
899.95789,487.8
900.07428,487.4
900.19061,493.6
900.30695,487.2
900.42322,486.8
900.53955,479.4
900.65588,486.2
900.77222,487.8
900.88849,489.2
901.00482,485.4
901.12109,484.8
901.23743,490.4
901.3537,483.2
901.47003,482.6
901.5863,480.4
901.70258,487.6
901.81885,487.6
901.93512,483.8
902.05139,484.4
902.16766,485.8
902.28394,487.0
902.40021,486.2
902.51642,486.2
902.63269,480.4
902.7489,486.0
902.86517,481.8
902.98138,482.6
903.09766,486.6
903.21387,477.4
903.33008,488.2
903.44629,489.6
903.5625,482.2
903.67871,484.8
903.79492,488.0
903.91113,483.4
904.02734,483.0
904.14355,484.6
904.2597,485.0
904.37592,484.0
904.49207,480.6
904.60828,482.0
904.72443,479.0
904.84064,481.6
904.95679,485.4
905.07294,480.0
905.18909,480.8
905.30524,480.4
905.42139,480.8
905.53754,479.8
905.65369,480.0
905.76984,481.2
905.88593,482.4
906.00208,483.6
906.11816,475.8
906.23431,479.6
906.3504,478.6
906.46655,481.6
906.58264,478.4
906.69873,479.4
906.81482,478.8
906.93091,477.8
907.047,478.4
907.16309,481.6
907.27917,481.6
907.39526,482.0
907.51135,480.8
907.62738,479.4
907.74347,477.0
907.8595,478.4
907.97559,479.8
908.09161,485.4
908.2077,476.8
908.32373,482.6
908.43976,480.8
908.55579,477.4
908.67181,477.2
908.78784,478.8
908.90387,478.0
909.0199,479.2
909.13586,481.6
909.25189,479.6
909.36792,480.2
909.48389,477.8
909.59991,481.8
909.71588,481.0
909.83185,477.8
909.94788,482.4
910.06384,483.2
910.17981,481.6
910.29578,482.0
910.41174,485.4
910.52771,480.0
910.64368,485.8
910.75958,475.4
910.87555,478.2
910.99152,476.6
911.10742,485.0
911.22339,480.6
911.33929,485.0
911.4552,479.4
911.57117,478.0
911.68707,479.2
911.80298,482.8
911.91888,480.4
912.03479,477.4
912.1507,482.2
912.2666,480.8
912.38245,479.4
912.49835,479.8
912.61426,477.8
912.7301,484.0
912.84601,472.4
792.4458,657.0
792.56488,648.4
792.68396,652.8
792.8031,652.4
792.92218,632.4
793.04126,625.2
793.16034,626.2
793.27942,626.0
793.3985,615.0
793.51758,611.8
793.63672,604.0
793.7558,602.6
793.87488,611.4
793.9939,605.8
794.11298,602.6
794.23206,592.8
794.35114,592.4
794.47021,588.0
794.58929,582.2
794.70831,581.8
794.82739,582.4
794.94647,577.4
795.06549,575.6
795.18457,572.0
795.30365,571.4
795.42267,568.4
795.54175,570.2
795.66077,566.6
795.77985,572.0
795.89886,563.0
796.01794,567.2
796.13696,562.8
796.25598,564.6
796.375,559.2
796.49408,561.6
796.6131,551.8
796.73212,559.0
796.85114,560.4
796.97015,557.8
797.08923,552.8
797.20825,553.0
797.32727,557.6
797.44629,556.0
797.56531,552.8
797.68427,547.6
797.80328,551.4
797.9223,553.8
798.04132,557.6
798.16034,553.2
798.27936,545.8
798.39832,549.8
798.51733,547.4
798.63635,548.6
798.75531,547.0
798.87433,545.4
798.99329,542.6
799.1123,547.8
799.23126,544.6
799.35028,549.4
799.46924,543.6
799.58826,549.0
799.70721,547.0
799.82617,546.6
799.94519,543.4
800.06415,548.2
800.18311,547.8
800.30206,547.4
800.42102,550.4
800.54004,551.0
800.659,545.6
800.77795,556.6
800.89691,545.0
801.01587,551.0
801.13483,555.6
801.25372,555.0
801.37268,554.4
801.49164,553.2
801.6106,552.2
801.72955,553.2
801.84845,549.0
801.96741,554.2
802.08636,555.4
802.20526,555.6
802.32422,556.0
802.44318,556.8
802.56207,556.2
802.68103,553.6
802.79993,556.8
802.91882,555.4
803.03778,556.2
803.15668,551.4
803.27557,560.2
803.39453,553.8
803.51343,551.4
803.63232,555.2
803.75122,555.4
803.87012,557.8
803.98907,559.6
804.10797,562.2
804.22687,554.8
804.34576,560.6
804.46466,558.8
804.58356,559.4
804.70239,556.4
804.82129,560.0
804.94019,561.8
805.05908,561.4
805.17798,559.8
805.29681,564.0
805.41571,572.0
805.53461,560.2
805.65344,561.2
805.77234,569.2
805.89117,567.6
806.01007,571.4
806.12891,570.4
806.2478,568.8
806.36664,567.0
806.48547,569.6
806.60437,568.2
806.72321,566.4
806.84204,566.4
806.96088,567.6
807.07971,569.6
807.19861,570.4
807.31744,570.6
807.43628,573.8
807.55511,570.8
807.67395,576.6
807.79279,571.2
807.91162,572.8
808.0304,572.4
808.14923,574.4
808.26807,575.0
808.3869,575.0
808.50568,578.2
808.62451,577.8
808.74335,574.4
808.86212,577.8
808.98096,583.6
809.09979,576.6
809.21857,581.8
809.33734,579.8
809.45618,580.4
809.57495,582.0
809.69379,586.2
809.81256,585.2
809.93134,584.8
810.05011,574.0
810.16895,581.4
810.28772,578.4
810.40649,581.4
810.52527,584.8
810.64404,589.2
810.76282,586.0
810.88159,582.8
811.00037,584.2
811.11914,584.4
811.23792,582.0
811.35663,589.2
811.4754,582.8
811.59418,585.2
811.71295,587.4
811.83167,577.6
811.95044,582.8
812.06921,583.0
812.18793,586.6
812.3067,583.6
812.42542,585.4
812.54419,585.4
812.6629,590.4
812.78162,581.0
812.90039,583.2
813.0191,577.4
813.13782,579.0
813.25653,584.0
813.37524,574.2
813.49402,581.6
813.61273,585.6
813.73145,583.0
813.85016,581.2
813.96887,582.8
814.08759,583.2
814.2063,575.8
814.32495,580.0
814.44366,579.0
814.56238,571.8
814.68109,572.4
814.79974,576.4
814.91846,573.2
815.03717,577.8
815.15582,571.0
815.27454,569.4
815.39319,569.4
815.5119,564.8
815.63055,563.8
815.74927,568.6
815.86792,566.6
815.98657,565.6
816.10529,572.0
816.22394,572.2
816.34259,574.0
816.46124,575.6
816.5799,582.2
816.69855,575.6
816.8172,574.2
816.93585,567.8
817.0545,569.4
817.17316,565.4
817.29181,556.6
817.41046,557.6
817.52911,553.2
817.64771,553.6
817.76636,544.8
817.88501,536.2
818.0036,545.6
818.12225,539.2
818.24091,534.4
818.3595,529.0
818.47815,529.4
818.59674,529.2
818.71533,524.2
818.83398,523.6
818.95258,519.6
819.07117,520.4
819.18976,516.6
819.30841,521.4
819.427,521.2
819.54559,519.4
819.66418,520.2
819.78278,516.8
819.90137,517.6
820.01996,517.8
820.13855,511.8
820.25714,518.0
820.37573,511.0
820.49426,517.2
820.61285,507.6
820.73145,507.0
820.84998,510.8
820.96857,510.0
821.08716,509.0
821.20569,509.6
821.32428,503.6
821.44281,509.2
821.56134,508.6
821.67993,509.6
821.79846,504.0
821.91699,505.6
822.03558,506.6
822.15411,507.4
822.27264,504.0
822.39117,506.2
822.5097,503.4
822.62823,508.4
822.74677,505.2
822.8653,507.2
822.98383,504.2
823.10236,506.8
823.22089,498.4
823.33942,501.6
823.45789,503.0
823.57642,506.6
823.69495,508.4
823.81342,502.4
823.93195,503.8
824.05042,508.6
824.16895,507.2
824.28741,504.4
824.40594,508.2
824.52441,505.0
824.64288,503.6
824.76141,506.6
824.87988,504.4
824.99835,498.0
825.11682,497.8
825.23529,503.0
825.35376,501.8
825.47223,501.8
825.5907,498.0
825.70917,502.2
825.82764,504.4
825.94611,501.4
826.06458,495.4
826.18304,501.4
826.30145,497.4
826.41992,503.4
826.53839,497.2
826.6568,501.2
826.77527,497.8
826.89368,500.8
827.01215,498.6
827.13055,494.8
827.24902,493.8
827.36743,493.8
827.48584,493.6
827.60431,493.8
827.72272,490.0
827.84113,491.0
827.95953,488.2
828.07794,491.6
828.19635,488.2
828.31476,491.6
828.43317,486.2
828.55157,495.2
828.66998,488.8
828.78839,489.2
828.90674,490.6
829.02515,489.4
829.14355,494.6
829.2619,493.2
829.38031,489.4
829.49872,491.4
829.61707,488.0
829.73547,493.0
829.85382,490.8
829.97217,490.0
830.09058,490.4
830.20892,494.2
830.32727,483.6
830.44562,492.6
830.56403,489.8
830.68237,493.6
830.80072,491.8
830.91907,487.2
831.03741,491.6
831.15576,494.2
831.27411,488.6
831.3924,493.0
831.51074,495.0
831.62909,486.4
831.74744,490.6
831.86572,494.8
831.98407,488.6
832.10242,488.6
832.2207,492.4
832.33905,497.8
832.45734,492.6
832.57562,491.6
832.69397,492.4
832.81226,490.2
832.93054,494.4
833.04889,494.8
833.16718,489.2
833.28546,495.4
833.40375,497.8
833.52203,493.6
833.64032,490.0
833.75861,492.2
833.87689,493.2
833.99518,492.4
834.1134,494.8
834.23169,496.2
834.34998,495.4
834.46826,494.8
834.58649,493.8
834.70477,502.0
834.823,492.6
834.94128,498.0
835.05951,495.4
835.1778,496.8
835.29602,493.8
835.41425,495.4
835.53253,494.4
835.65076,498.6
835.76898,494.2
835.88721,502.4
836.00543,502.6
836.12366,502.6
836.24188,498.2
836.36011,500.4
836.47833,499.4
836.59656,505.8
836.71478,504.6
836.83295,504.4
836.95117,497.4
837.0694,503.4
837.18756,501.2
837.30579,499.8
837.42401,503.2
837.54218,497.4
837.66034,496.8
837.77856,507.0
837.89673,503.0
838.01489,506.8
838.13312,499.0
838.25128,507.0
838.36945,499.4
838.48761,497.8
838.60577,503.0
838.72394,500.8
838.8421,500.8
838.96027,502.0
839.07843,500.2
839.19659,498.6
839.31476,500.0
839.43286,498.8
839.55103,500.2
839.66919,502.4
839.78729,493.2
839.90546,496.4
840.02356,496.8
840.14172,501.2
840.25983,493.4
840.37793,502.4
840.49609,496.6
840.6142,499.2
840.7323,499.4
840.8504,498.6
840.96851,493.8
841.08661,497.0
841.20471,494.6
841.32281,496.4
841.44092,492.0
841.55902,496.2
841.67712,489.8
841.79523,497.2
841.91327,490.4
842.03137,495.6
842.14948,499.4
842.26752,490.8
842.38562,494.6
842.50366,494.0
842.62177,493.6
842.73981,493.4
842.85791,495.6
842.97595,493.6
843.09399,494.8
843.21204,494.0
843.33008,494.4
843.44818,495.8
843.56622,492.6
843.68427,495.0
843.80231,494.4
843.92029,494.0
844.03833,500.6
844.15637,489.8
844.27441,497.8
844.39246,504.8
844.51044,494.0
844.62848,496.2
844.74646,497.2
844.8645,496.4
844.98248,497.2
845.10052,496.6
845.21851,493.8
845.33649,497.4
845.45453,492.8
845.57251,497.2
845.69049,494.6
845.80847,496.6
845.92645,492.4
846.04443,493.4
846.16241,494.2
846.2804,497.4
846.39838,493.0
846.51636,495.2
846.63434,494.6
846.75226,494.8
846.87024,494.4
846.98822,489.0
847.10614,494.4
847.22412,495.8
847.34204,494.8
847.46002,490.6
847.57794,493.8
847.69586,495.4
847.81384,491.2
847.93176,493.8
848.04968,496.8
848.1676,493.4
848.28552,492.0
848.40344,495.4
848.52136,490.6
848.63928,496.6
848.7572,489.2
848.87512,491.8
848.99304,489.2
849.1109,495.8
849.22882,491.0
849.34674,492.6
849.4646,490.0
849.58252,495.4
849.70038,492.8
849.8183,492.8
849.93616,494.8
850.05402,497.0
850.17194,499.8
850.28979,490.6
850.40765,492.2
850.52551,498.0
850.64337,498.2
850.76123,494.8
850.87909,494.4
850.99695,494.8
851.11481,495.0
851.23267,496.4
851.35046,498.4
851.46832,493.2
851.58618,496.4
851.70398,501.4
851.82184,497.6
851.93964,503.2
852.0575,504.6
852.17529,511.8
852.29315,504.0
852.41095,503.0
852.52875,497.6
852.64655,498.8
852.7644,497.2
852.8822,499.0
853.0,496.4
853.1178,494.6
853.2356,498.6
853.35333,500.2
853.47113,500.6
853.58893,499.8
853.70673,497.4
853.82446,496.6
853.94226,500.0
854.06006,493.4
854.1778,502.0
854.29559,499.6
854.41333,496.4
854.53107,501.6
854.64886,497.8
854.7666,497.2
854.88434,508.2
855.00208,548.0
855.11981,556.2
855.23761,559.4
855.35535,571.0
855.47302,588.6
855.59076,561.4
855.7085,543.0
855.82623,561.2
855.94397,578.2
856.06165,572.2
856.17938,540.0
856.29712,548.2
856.41479,547.8
856.53253,619.6
856.65021,542.4
856.76788,549.2
856.88562,561.0
857.0033,539.6
857.12097,504.6
857.23865,501.4
857.35632,492.0
857.474,499.4
857.59167,495.2
857.70935,494.2
857.82703,494.8
857.9447,498.2
858.06238,499.4
858.18005,498.0
858.29767,495.2
858.41534,494.2
858.53296,499.2
858.65063,502.6
858.76825,499.6
858.88593,499.8
859.00354,496.2
859.12115,496.2
859.23883,495.0
859.35645,497.0
859.47406,494.2
859.59167,493.0
859.70929,498.2
859.8269,491.4
859.94452,490.4
860.06213,494.8
860.17975,494.4
860.29736,493.4
860.41492,493.6
860.53253,490.4
860.65009,490.2
860.7677,491.6
860.88525,498.0
861.00287,493.8
861.12042,487.6
861.23804,495.0
861.35559,493.2
861.47314,496.4
861.5907,498.8
861.70825,492.2
861.82581,494.6
861.94336,492.8
862.06091,488.4
862.17847,499.0
862.29602,492.4
862.41357,495.8
862.53113,490.6
862.64862,492.4
862.76617,488.2
862.88367,488.8
863.00122,491.8
863.11871,495.2
863.23627,496.2
863.35376,493.8
863.47125,492.6
863.58881,496.6
863.7063,496.0
863.82379,492.8
863.94128,493.6
864.05878,494.8
864.17627,494.2
864.29376,492.2
864.41125,494.4
864.52869,490.4
864.64618,490.4
864.76367,493.8
864.8811,494.6
864.9986,495.0
865.11609,494.2
865.23352,494.0
865.35095,487.8
865.46844,495.6
865.58588,495.6
865.70331,497.8
865.82074,497.6
865.93823,497.0
866.05566,492.4
866.1731,491.8
866.29053,492.2
866.4079,492.6
866.52533,498.8
866.64276,496.6
866.76019,490.2
866.87756,491.2
866.995,496.4
867.11243,495.2
867.2298,490.2
867.34723,491.4
867.4646,490.2
867.58197,495.4
867.6994,494.4
867.81677,499.6
867.93414,495.0
868.05151,495.6
868.16888,494.4
868.28625,490.8
868.40363,495.6
868.521,490.4
868.63837,495.4
868.75568,499.0
868.87305,495.4
868.99042,493.8
869.10773,494.8
869.2251,497.2
869.34241,500.4
869.45978,496.8
869.57709,492.4
869.69446,491.2
869.81177,501.4
869.92908,499.2
870.04639,497.6
870.1637,496.6
870.28101,499.4
870.39832,496.4
870.51563,501.0
870.63293,498.0
870.75024,494.2
870.86749,493.4
870.9848,497.4
871.10211,492.2
871.21936,493.2
871.33667,497.4
871.45392,496.6
871.57123,498.8
871.68848,492.0
871.80573,497.0
871.92297,498.8
872.04028,494.0
872.15753,498.4
872.27478,496.8
872.39203,493.0
872.50928,488.2
872.62646,494.4
872.74371,494.2
872.86096,501.8
872.97821,496.6
873.0954,496.8
873.21265,491.6
873.32983,493.0
873.44708,494.8
873.56427,499.8
873.68152,491.0
873.79871,494.4
873.91589,494.0
874.03308,496.2
874.15027,493.4
874.26746,495.8
874.38464,498.0
874.50183,495.0
874.61902,492.0
874.73621,495.2
874.85339,493.4
874.97052,496.0
875.08771,493.6
875.2049,494.4
875.32202,494.0
875.43921,492.4
875.55634,497.4
875.67346,491.2
875.79065,492.0
875.90778,495.2
876.0249,495.2
876.14203,494.2
876.25916,494.4
876.37628,497.0
876.49341,496.6
876.61053,495.4
876.72766,493.2
876.84473,500.6
876.96185,496.6
877.07898,495.2
877.19604,499.0
877.31317,497.4
877.43024,495.6
877.54736,501.4
877.66443,500.8
877.78149,497.2
877.89856,498.0
878.01569,497.8
878.13275,493.6
878.24982,492.6
878.36688,495.4
878.48395,499.0
878.60095,496.2
878.71802,493.6
878.83508,498.2
878.95215,496.2
879.06915,493.4
879.18622,499.2
879.30322,490.8
879.42029,493.2
879.53729,495.0
879.6543,495.0
879.77136,491.0
879.88837,499.2
880.00537,498.2
880.12238,500.6
880.23938,491.4
880.35638,501.6
880.47339,489.6
880.59039,491.0
880.70734,494.0
880.82434,490.8
880.94135,493.0
881.05829,493.2
881.17529,495.8
881.29224,490.0
881.40924,497.6
881.52618,496.0
881.64313,491.6
881.76007,499.2
881.87701,495.4
881.99402,497.6
882.11096,497.4
882.22791,492.4
882.34479,495.0
882.46173,490.4
882.57867,493.0
882.69562,495.0
882.8125,498.8
882.92944,497.2
883.04639,501.2
883.16327,502.8
883.28015,497.0
883.39709,492.6
883.51398,499.4
883.63086,498.6
883.74774,498.0
883.86462,501.0
883.98157,497.4
884.09839,501.0
884.21527,502.0
884.33215,498.4
884.44904,499.2
884.56592,496.8
884.68274,501.0
884.79962,500.8
884.9165,500.8
885.03333,502.0
885.15015,497.0
885.26703,501.6
885.38385,504.0
885.50067,504.2
885.61749,505.2
885.73438,502.6
885.8512,505.4
885.96802,503.8
886.08478,502.8
886.2016,503.4
886.31842,505.8
886.43524,502.8
886.55206,500.0
886.66882,503.6
886.78564,500.2
886.9024,502.8
887.01923,500.2
887.13599,501.6
887.25275,498.4
887.36951,499.8
887.48633,497.0
887.60309,499.6
887.71985,502.8
887.83661,497.4
887.95337,494.2
888.07007,493.4
888.18683,496.6
888.30359,500.8
888.42035,498.8
888.53705,499.2
888.65381,498.0
888.77051,501.0
888.88721,495.8
889.00397,494.6
889.12067,496.4
889.23737,496.8
889.35406,496.8
889.47083,496.6
889.58752,493.4
889.70416,499.6
889.82086,497.2
889.93756,497.6
890.05426,501.2
890.17096,501.2
890.2876,498.6
890.4043,500.2
890.52094,498.2
890.63763,499.4
890.75427,500.6
890.87091,506.6
890.98761,501.2
891.10425,505.2
891.22089,498.4
891.33752,500.8
891.45416,497.8
891.5708,501.4
891.68744,499.2
891.80408,498.2
891.92065,497.8
892.03729,500.0
892.15393,499.4
892.27051,498.8
892.38715,497.2
892.50372,500.0
892.6203,499.6
892.73694,502.0
892.85352,502.0
892.97009,498.2
893.08667,497.4
893.20325,495.0
893.31982,501.8
893.4364,507.0
893.55298,499.4
893.66956,506.8
893.78607,503.0
893.90265,504.6
894.01917,505.6
894.13574,500.8
894.25226,501.8
894.36884,504.2
894.48535,503.4
894.60187,504.8
894.71838,505.4
894.8349,502.2
894.95148,500.6
895.06793,501.0
895.18445,500.4
895.30096,500.2
895.41748,504.2
895.534,499.0
895.65045,491.8
895.76697,504.0
895.88342,505.0
895.99994,503.4
896.11639,504.6
896.23291,496.6
896.34937,503.2
896.46582,497.8
896.58228,502.4
896.69873,502.4
896.81519,500.6
896.93164,499.2
897.0481,500.2
897.16455,501.8
897.28094,502.2
897.3974,497.4
897.51385,503.0
897.63025,501.0
897.7467,498.2
897.8631,504.0
897.97949,501.6
898.09595,497.6
898.21234,502.0
898.32874,498.8
898.44513,505.8
898.56152,503.0
898.67792,495.8
898.79431,497.0
898.91064,498.0
899.02704,495.2
899.14343,499.8
899.25977,499.8
899.37616,500.0
899.49249,495.6
899.60889,494.2
899.72522,501.0
899.84155,501.0
899.95789,504.4
900.07428,503.2
900.19061,501.4
900.30695,498.2
900.42322,503.0
900.53955,495.8
900.65588,500.4
900.77222,500.2
900.88849,501.6
901.00482,498.8
901.12109,495.6
901.23743,501.0
901.3537,494.4
901.47003,492.8
901.5863,495.6
901.70258,496.2
901.81885,494.0
901.93512,494.8
902.05139,493.4
902.16766,495.4
902.28394,497.4
902.40021,499.6
902.51642,500.8
902.63269,499.4
902.7489,495.8
902.86517,496.6
902.98138,496.4
903.09766,494.6
903.21387,503.2
903.33008,499.4
903.44629,494.4
903.5625,489.6
903.67871,500.0
903.79492,495.0
903.91113,497.4
904.02734,492.4
904.14355,502.4
904.2597,495.4
904.37592,491.6
904.49207,491.6
904.60828,493.6
904.72443,492.6
904.84064,496.2
904.95679,496.2
905.07294,495.0
905.18909,496.0
905.30524,491.2
905.42139,495.2
905.53754,497.2
905.65369,494.0
905.76984,489.6
905.88593,492.8
906.00208,496.0
906.11816,487.2
906.23431,493.4
906.3504,487.0
906.46655,492.8
906.58264,486.2
906.69873,490.4
906.81482,488.6
906.93091,491.2
907.047,488.2
907.16309,489.6
907.27917,489.6
907.39526,489.8
907.51135,487.0
907.62738,484.2
907.74347,494.4
907.8595,491.0
907.97559,488.4
908.09161,491.0
908.2077,488.6
908.32373,493.6
908.43976,485.8
908.55579,487.4
908.67181,492.8
908.78784,490.8
908.90387,490.8
909.0199,489.4
909.13586,487.2
909.25189,487.2
909.36792,487.2
909.48389,490.6
909.59991,487.2
909.71588,489.6
909.83185,497.4
909.94788,488.2
910.06384,494.4
910.17981,488.0
910.29578,488.8
910.41174,489.0
910.52771,487.4
910.64368,492.6
910.75958,489.4
910.87555,492.8
910.99152,491.8
911.10742,490.4
911.22339,490.2
911.33929,488.4
911.4552,486.8
911.57117,485.0
911.68707,484.6
911.80298,488.0
911.91888,494.2
912.03479,485.8
912.1507,494.0
912.2666,486.2
912.38245,492.6
912.49835,488.0
912.61426,489.6
912.7301,487.6
912.84601,490.2
792.4458,786.0
792.56488,767.8
792.68396,773.0
792.8031,769.8
792.92218,756.0
793.04126,745.4
793.16034,744.8
793.27942,736.8
793.3985,730.6
793.51758,711.4
793.63672,704.2
793.7558,706.8
793.87488,709.6
793.9939,702.0
794.11298,697.0
794.23206,698.2
794.35114,683.8
794.47021,672.2
794.58929,666.2
794.70831,674.4
794.82739,668.0
794.94647,664.0
795.06549,671.2
795.18457,653.6
795.30365,654.4
795.42267,643.4
795.54175,641.2
795.66077,645.4
795.77985,637.2
795.89886,637.8
796.01794,641.0
796.13696,634.6
796.25598,642.2
796.375,628.8
796.49408,628.2
796.6131,622.2
796.73212,632.6
796.85114,631.8
796.97015,618.6
797.08923,618.2
797.20825,622.2
797.32727,620.0
797.44629,621.4
797.56531,614.2
797.68427,608.4
797.80328,604.4
797.9223,616.8
798.04132,612.6
798.16034,611.2
798.27936,612.2
798.39832,617.0
798.51733,606.8
798.63635,607.6
798.75531,611.2
798.87433,598.8
798.99329,602.6
799.1123,600.6
799.23126,608.6
799.35028,607.4
799.46924,606.2
799.58826,605.2
799.70721,600.4
799.82617,606.2
799.94519,599.0
800.06415,602.6
800.18311,597.0
800.30206,603.0
800.42102,604.0
800.54004,604.6
800.659,602.6
800.77795,605.8
800.89691,602.2
801.01587,608.2
801.13483,599.8
801.25372,603.6
801.37268,604.0
801.49164,603.6
801.6106,609.4
801.72955,603.4
801.84845,601.4
801.96741,599.8
802.08636,601.0
802.20526,601.6
802.32422,603.6
802.44318,609.4
802.56207,603.8
802.68103,605.6
802.79993,599.6
802.91882,607.8
803.03778,603.8
803.15668,604.6
803.27557,610.0
803.39453,602.6
803.51343,601.6
803.63232,611.0
803.75122,600.0
803.87012,602.8
803.98907,609.0
804.10797,611.2
804.22687,601.8
804.34576,611.0
804.46466,610.4
804.58356,607.2
804.70239,611.2
804.82129,608.4
804.94019,610.6
805.05908,605.0
805.17798,608.0
805.29681,608.2
805.41571,613.6
805.53461,616.0
805.65344,613.2
805.77234,619.6
805.89117,612.4
806.01007,616.8
806.12891,619.0
806.2478,621.4
806.36664,608.8
806.48547,619.4
806.60437,620.8
806.72321,619.4
806.84204,619.6
806.96088,617.4
807.07971,609.4
807.19861,619.6
807.31744,617.2
807.43628,618.4
807.55511,616.2
807.67395,612.6
807.79279,621.8
807.91162,621.6
808.0304,624.6
808.14923,617.6
808.26807,620.0
808.3869,624.2
808.50568,623.6
808.62451,631.4
808.74335,631.8
808.86212,624.0
808.98096,630.8
809.09979,628.2
809.21857,625.0
809.33734,629.2
809.45618,626.2
809.57495,625.2
809.69379,631.4
809.81256,633.0
809.93134,624.8
810.05011,624.6
810.16895,620.2
810.28772,632.8
810.40649,625.4
810.52527,628.8
810.64404,627.2
810.76282,634.0
810.88159,632.0
811.00037,630.4
811.11914,625.4
811.23792,625.2
811.35663,631.8
811.4754,628.6
811.59418,629.0
811.71295,632.8
811.83167,620.8
811.95044,637.2
812.06921,630.6
812.18793,626.0
812.3067,627.6
812.42542,632.6
812.54419,626.0
812.6629,637.2
812.78162,624.4
812.90039,625.6
813.0191,626.0
813.13782,626.0
813.25653,622.2
813.37524,624.6
813.49402,625.2
813.61273,627.0
813.73145,622.4
813.85016,630.2
813.96887,623.4
814.08759,625.2
814.2063,631.4
814.32495,624.0
814.44366,630.4
814.56238,618.2
814.68109,620.0
814.79974,615.6
814.91846,621.8
815.03717,620.6
815.15582,622.6
815.27454,613.4
815.39319,608.8
815.5119,613.4
815.63055,610.6
815.74927,615.4
815.86792,613.6
815.98657,614.2
816.10529,613.0
816.22394,613.6
816.34259,618.6
816.46124,623.6
816.5799,616.8
816.69855,622.2
816.8172,621.6
816.93585,612.0
817.0545,612.6
817.17316,608.0
817.29181,613.8
817.41046,602.2
817.52911,603.4
817.64771,596.6
817.76636,586.2
817.88501,585.8
818.0036,585.8
818.12225,581.0
818.24091,579.4
818.3595,576.6
818.47815,576.2
818.59674,575.4
818.71533,572.2
818.83398,566.0
818.95258,569.8
819.07117,559.6
819.18976,570.0
819.30841,570.6
819.427,574.0
819.54559,563.0
819.66418,563.2
819.78278,567.0
819.90137,566.8
820.01996,560.0
820.13855,556.8
820.25714,561.0
820.37573,551.6
820.49426,560.2
820.61285,557.8
820.73145,559.4
820.84998,554.4
820.96857,550.8
821.08716,553.4
821.20569,555.0
821.32428,551.2
821.44281,552.2
821.56134,549.8
821.67993,549.2
821.79846,550.0
821.91699,549.4
822.03558,548.8
822.15411,549.0
822.27264,547.8
822.39117,543.8
822.5097,541.2
822.62823,548.6
822.74677,548.6
822.8653,543.6
822.98383,547.2
823.10236,551.2
823.22089,547.4
823.33942,544.2
823.45789,547.6
823.57642,552.4
823.69495,547.6
823.81342,547.0
823.93195,545.8
824.05042,548.4
824.16895,549.0
824.28741,548.4
824.40594,551.6
824.52441,545.8
824.64288,551.0
824.76141,549.2
824.87988,539.0
824.99835,546.0
825.11682,545.4
825.23529,543.6
825.35376,545.4
825.47223,540.6
825.5907,541.4
825.70917,537.0
825.82764,542.8
825.94611,544.6
826.06458,535.0
826.18304,538.0
826.30145,541.2
826.41992,534.2
826.53839,537.0
826.6568,545.0
826.77527,542.0
826.89368,541.6
827.01215,543.0
827.13055,534.4
827.24902,532.2
827.36743,537.8
827.48584,540.2
827.60431,537.2
827.72272,528.8
827.84113,529.4
827.95953,537.0
828.07794,531.2
828.19635,533.4
828.31476,528.6
828.43317,528.2
828.55157,532.2
828.66998,531.4
828.78839,532.4
828.90674,537.6
829.02515,535.8
829.14355,535.6
829.2619,535.8
829.38031,531.4
829.49872,529.8
829.61707,529.8
829.73547,528.8
829.85382,533.6
829.97217,532.4
830.09058,529.4
830.20892,525.6
830.32727,531.8
830.44562,529.8
830.56403,533.2
830.68237,532.8
830.80072,531.0
830.91907,535.6
831.03741,528.6
831.15576,530.8
831.27411,533.0
831.3924,529.2
831.51074,530.4
831.62909,533.2
831.74744,533.0
831.86572,529.0
831.98407,528.0
832.10242,534.6
832.2207,532.6
832.33905,530.6
832.45734,531.4
832.57562,532.6
832.69397,530.8
832.81226,529.6
832.93054,531.8
833.04889,532.6
833.16718,531.0
833.28546,535.2
833.40375,542.6
833.52203,532.2
833.64032,532.2
833.75861,534.2
833.87689,535.4
833.99518,546.0
834.1134,538.2
834.23169,545.2
834.34998,537.2
834.46826,549.2
834.58649,538.6
834.70477,540.2
834.823,538.6
834.94128,537.4
835.05951,538.0
835.1778,543.0
835.29602,534.6
835.41425,536.2
835.53253,535.8
835.65076,541.0
835.76898,541.0
835.88721,547.0
836.00543,544.6
836.12366,548.0
836.24188,534.4
836.36011,543.2
836.47833,542.4
836.59656,538.0
836.71478,536.6
836.83295,541.4
836.95117,537.2
837.0694,546.2
837.18756,542.4
837.30579,543.8
837.42401,544.0
837.54218,539.4
837.66034,535.6
837.77856,541.6
837.89673,540.6
838.01489,541.0
838.13312,537.6
838.25128,541.2
838.36945,540.2
838.48761,538.0
838.60577,546.2
838.72394,545.0
838.8421,541.2
838.96027,542.0
839.07843,541.6
839.19659,539.6
839.31476,539.8
839.43286,537.0
839.55103,539.4
839.66919,539.4
839.78729,539.0
839.90546,540.4
840.02356,539.2
840.14172,539.2
840.25983,537.4
840.37793,543.0
840.49609,537.6
840.6142,543.2
840.7323,539.2
840.8504,536.0
840.96851,537.6
841.08661,533.2
841.20471,537.4
841.32281,539.4
841.44092,531.6
841.55902,541.0
841.67712,536.2
841.79523,533.6
841.91327,537.2
842.03137,538.2
842.14948,541.0
842.26752,533.4
842.38562,533.0
842.50366,534.0
842.62177,529.8
842.73981,536.4
842.85791,539.6
842.97595,536.4
843.09399,534.2
843.21204,538.8
843.33008,537.0
843.44818,536.2
843.56622,534.6
843.68427,539.0
843.80231,537.4
843.92029,537.6
844.03833,544.0
844.15637,540.2
844.27441,544.0
844.39246,539.6
844.51044,535.4
844.62848,539.8
844.74646,540.6
844.8645,540.0
844.98248,542.2
845.10052,536.4
845.21851,538.6
845.33649,539.6
845.45453,538.6
845.57251,541.0
845.69049,536.0
845.80847,537.0
845.92645,538.6
846.04443,535.6
846.16241,534.2
846.2804,544.2
846.39838,539.0
846.51636,538.2
846.63434,537.2
846.75226,540.2
846.87024,542.8
846.98822,538.0
847.10614,539.6
847.22412,536.4
847.34204,534.6
847.46002,538.4
847.57794,538.2
847.69586,541.0
847.81384,538.8
847.93176,541.2
848.04968,542.6
848.1676,539.2
848.28552,539.4
848.40344,539.4
848.52136,538.6
848.63928,537.8
848.7572,536.6
848.87512,539.8
848.99304,536.0
849.1109,537.6
849.22882,529.0
849.34674,535.0
849.4646,537.0
849.58252,534.4
849.70038,531.2
849.8183,532.6
849.93616,536.8
850.05402,535.4
850.17194,533.6
850.28979,533.6
850.40765,538.6
850.52551,537.4
850.64337,534.8
850.76123,537.2
850.87909,533.2
850.99695,540.2
851.11481,536.8
851.23267,546.2
851.35046,544.2
851.46832,535.0
851.58618,540.6
851.70398,544.0
851.82184,541.4
851.93964,550.8
852.0575,548.4
852.17529,556.4
852.29315,551.0
852.41095,545.2
852.52875,540.4
852.64655,535.0
852.7644,539.6
852.8822,532.8
853.0,529.8
853.1178,536.6
853.2356,534.8
853.35333,534.6
853.47113,538.0
853.58893,535.8
853.70673,534.4
853.82446,534.0
853.94226,534.6
854.06006,539.2
854.1778,541.0
854.29559,534.6
854.41333,537.2
854.53107,535.4
854.64886,542.0
854.7666,534.0
854.88434,533.8
855.00208,539.0
855.11981,536.2
855.23761,538.4
855.35535,537.4
855.47302,535.6
855.59076,531.8
855.7085,536.0
855.82623,534.8
855.94397,542.0
856.06165,540.0
856.17938,538.2
856.29712,538.6
856.41479,537.0
856.53253,538.4
856.65021,537.8
856.76788,531.0
856.88562,541.0
857.0033,536.2
857.12097,537.8
857.23865,534.4
857.35632,532.8
857.474,538.0
857.59167,533.6
857.70935,534.0
857.82703,534.6
857.9447,534.0
858.06238,532.6
858.18005,534.8
858.29767,532.0
858.41534,533.4
858.53296,535.4
858.65063,533.2
858.76825,533.2
858.88593,536.2
859.00354,536.6
859.12115,534.2
859.23883,532.6
859.35645,537.2
859.47406,532.4
859.59167,528.6
859.70929,530.4
859.8269,532.0
859.94452,528.8
860.06213,535.8
860.17975,534.6
860.29736,524.2
860.41492,529.8
860.53253,527.6
860.65009,530.0
860.7677,528.2
860.88525,531.0
861.00287,525.8
861.12042,533.0
861.23804,525.8
861.35559,535.4
861.47314,528.8
861.5907,525.2
861.70825,525.4
861.82581,523.2
861.94336,519.2
862.06091,521.6
862.17847,526.6
862.29602,523.2
862.41357,525.2
862.53113,525.8
862.64862,529.0
862.76617,522.2
862.88367,525.6
863.00122,527.0
863.11871,527.0
863.23627,533.4
863.35376,522.8
863.47125,529.0
863.58881,523.6
863.7063,529.8
863.82379,524.8
863.94128,528.8
864.05878,526.4
864.17627,526.2
864.29376,524.6
864.41125,523.0
864.52869,526.2
864.64618,530.0
864.76367,520.4
864.8811,526.4
864.9986,526.2
865.11609,525.8
865.23352,525.4
865.35095,522.6
865.46844,525.6
865.58588,522.8
865.70331,526.0
865.82074,525.6
865.93823,524.8
866.05566,521.6
866.1731,523.2
866.29053,531.0
866.4079,525.0
866.52533,524.2
866.64276,526.2
866.76019,520.8
866.87756,529.6
866.995,524.8
867.11243,528.2
867.2298,527.0
867.34723,521.4
867.4646,527.0
867.58197,524.8
867.6994,525.4
867.81677,526.6
867.93414,522.4
868.05151,528.2
868.16888,528.8
868.28625,528.0
868.40363,529.2
868.521,528.2
868.63837,527.6
868.75568,529.8
868.87305,531.0
868.99042,529.4
869.10773,527.0
869.2251,524.0
869.34241,529.6
869.45978,532.4
869.57709,528.2
869.69446,524.8
869.81177,530.8
869.92908,529.2
870.04639,528.6
870.1637,525.4
870.28101,531.4
870.39832,527.2
870.51563,524.6
870.63293,530.2
870.75024,529.4
870.86749,525.6
870.9848,531.8
871.10211,526.6
871.21936,525.8
871.33667,529.4
871.45392,534.0
871.57123,529.2
871.68848,524.6
871.80573,532.6
871.92297,529.0
872.04028,525.8
872.15753,532.6
872.27478,531.4
872.39203,527.0
872.50928,523.6
872.62646,530.4
872.74371,526.4
872.86096,532.8
872.97821,531.2
873.0954,531.6
873.21265,529.4
873.32983,521.6
873.44708,527.8
873.56427,525.6
873.68152,525.6
873.79871,522.4
873.91589,522.8
874.03308,524.2
874.15027,525.8
874.26746,527.6
874.38464,525.2
874.50183,529.0
874.61902,527.8
874.73621,527.0
874.85339,524.8
874.97052,524.8
875.08771,529.2
875.2049,531.6
875.32202,525.2
875.43921,532.0
875.55634,527.4
875.67346,536.0
875.79065,527.8
875.90778,532.4
876.0249,528.0
876.14203,531.6
876.25916,532.4
876.37628,530.8
876.49341,534.8
876.61053,529.0
876.72766,526.8
876.84473,538.2
876.96185,526.8
877.07898,531.4
877.19604,528.6
877.31317,529.2
877.43024,534.6
877.54736,530.0
877.66443,532.2
877.78149,527.4
877.89856,528.0
878.01569,525.0
878.13275,521.2
878.24982,524.0
878.36688,524.8
878.48395,526.8
878.60095,522.6
878.71802,521.2
878.83508,528.0
878.95215,519.0
879.06915,517.8
879.18622,526.4
879.30322,518.2
879.42029,520.4
879.53729,526.2
879.6543,522.0
879.77136,521.2
879.88837,527.8
880.00537,520.2
880.12238,519.0
880.23938,522.6
880.35638,522.4
880.47339,520.6
880.59039,523.4
880.70734,521.0
880.82434,520.4
880.94135,524.6
881.05829,520.8
881.17529,521.8
881.29224,524.2
881.40924,519.2
881.52618,521.6
881.64313,517.8
881.76007,523.8
881.87701,519.8
881.99402,520.6
882.11096,520.6
882.22791,517.0
882.34479,517.4
882.46173,523.6
882.57867,520.4
882.69562,525.0
882.8125,526.4
882.92944,527.0
883.04639,530.0
883.16327,522.6
883.28015,523.2
883.39709,521.6
883.51398,520.8
883.63086,525.0
883.74774,526.2
883.86462,525.6
883.98157,530.2
884.09839,520.0
884.21527,526.0
884.33215,524.8
884.44904,526.4
884.56592,532.0
884.68274,525.2
884.79962,530.8
884.9165,525.2
885.03333,531.2
885.15015,531.0
885.26703,529.0
885.38385,531.8
885.50067,536.8
885.61749,537.6
885.73438,537.8
885.8512,537.4
885.96802,535.6
886.08478,534.0
886.2016,530.2
886.31842,530.6
886.43524,529.2
886.55206,533.2
886.66882,525.4
886.78564,530.6
886.9024,524.6
887.01923,524.4
887.13599,529.0
887.25275,523.2
887.36951,529.4
887.48633,525.8
887.60309,529.0
887.71985,522.2
887.83661,520.2
887.95337,518.4
888.07007,519.2
888.18683,523.4
888.30359,523.8
888.42035,521.8
888.53705,523.2
888.65381,516.6
888.77051,521.6
888.88721,518.2
889.00397,519.8
889.12067,517.8
889.23737,522.8
889.35406,520.0
889.47083,517.8
889.58752,518.4
889.70416,518.4
889.82086,510.8
889.93756,518.4
890.05426,517.0
890.17096,518.4
890.2876,516.2
890.4043,517.0
890.52094,517.8
890.63763,512.8
890.75427,513.6
890.87091,521.8
890.98761,517.2
891.10425,517.4
891.22089,514.0
891.33752,522.2
891.45416,522.2
891.5708,516.2
891.68744,516.6
891.80408,520.0
891.92065,519.6
892.03729,516.8
892.15393,520.6
892.27051,516.6
892.38715,521.2
892.50372,521.4
892.6203,521.4
892.73694,522.2
892.85352,516.6
892.97009,522.0
893.08667,519.6
893.20325,524.8
893.31982,524.0
893.4364,521.6
893.55298,521.0
893.66956,524.2
893.78607,521.6
893.90265,519.6
894.01917,525.0
894.13574,526.0
894.25226,520.0
894.36884,522.0
894.48535,526.4
894.60187,516.0
894.71838,516.6
894.8349,524.6
894.95148,520.2
895.06793,528.2
895.18445,527.2
895.30096,518.6
895.41748,518.4
895.534,519.6
895.65045,521.6
895.76697,517.8
895.88342,522.6
895.99994,519.0
896.11639,515.4
896.23291,521.0
896.34937,516.2
896.46582,521.6
896.58228,519.8
896.69873,521.0
896.81519,520.0
896.93164,520.6
897.0481,524.2
897.16455,520.0
897.28094,519.6
897.3974,522.2
897.51385,526.0
897.63025,524.4
897.7467,521.4
897.8631,517.8
897.97949,521.4
898.09595,522.4
898.21234,517.4
898.32874,523.2
898.44513,522.6
898.56152,519.0
898.67792,521.4
898.79431,518.2
898.91064,520.8
899.02704,519.4
899.14343,521.8
899.25977,520.8
899.37616,514.4
899.49249,517.4
899.60889,516.2
899.72522,523.4
899.84155,516.8
899.95789,522.0
900.07428,518.4
900.19061,522.4
900.30695,517.6
900.42322,518.6
900.53955,513.4
900.65588,509.6
900.77222,521.0
900.88849,519.4
901.00482,517.2
901.12109,516.2
901.23743,513.2
901.3537,518.0
901.47003,517.4
901.5863,518.6
901.70258,517.4
901.81885,521.6
901.93512,515.8
902.05139,517.8
902.16766,521.8
902.28394,524.8
902.40021,518.2
902.51642,520.4
902.63269,517.8
902.7489,518.2
902.86517,517.8
902.98138,515.2
903.09766,519.4
903.21387,518.6
903.33008,522.4
903.44629,523.2
903.5625,511.6
903.67871,514.4
903.79492,513.6
903.91113,512.4
904.02734,513.2
904.14355,514.4
904.2597,517.6
904.37592,509.2
904.49207,509.2
904.60828,511.4
904.72443,505.0
904.84064,510.0
904.95679,514.4
905.07294,512.2
905.18909,510.6
905.30524,512.0
905.42139,511.0
905.53754,506.0
905.65369,510.6
905.76984,507.4
905.88593,506.2
906.00208,508.8
906.11816,506.8
906.23431,506.0
906.3504,501.6
906.46655,500.8
906.58264,501.8
906.69873,501.2
906.81482,501.6
906.93091,505.2
907.047,506.2
907.16309,504.0
907.27917,504.6
907.39526,502.2
907.51135,501.8
907.62738,503.8
907.74347,504.8
907.8595,502.4
907.97559,512.2
908.09161,501.8
908.2077,501.6
908.32373,507.4
908.43976,502.8
908.55579,498.4
908.67181,502.6
908.78784,499.2
908.90387,510.0
909.0199,501.8
909.13586,497.4
909.25189,504.2
909.36792,502.6
909.48389,503.2
909.59991,501.0
909.71588,500.8
909.83185,505.0
909.94788,501.8
910.06384,501.4
910.17981,504.0
910.29578,505.8
910.41174,501.2
910.52771,504.8
910.64368,500.2
910.75958,499.4
910.87555,500.2
910.99152,504.0
911.10742,505.2
911.22339,500.4
911.33929,502.4
911.4552,501.6
911.57117,499.6
911.68707,497.8
911.80298,497.8
911.91888,506.8
912.03479,501.6
912.1507,506.0
912.2666,504.0
912.38245,499.6
912.49835,501.8
912.61426,500.6
912.7301,504.8
912.84601,500.0
792.4458,899.0
792.56488,872.2
792.68396,878.2
792.8031,886.2
792.92218,853.8
793.04126,854.0
793.16034,836.2
793.27942,833.2
793.3985,814.0
793.51758,803.0
793.63672,787.0
793.7558,780.2
793.87488,782.4
793.9939,781.2
794.11298,771.6
794.23206,761.2
794.35114,754.2
794.47021,743.4
794.58929,729.6
794.70831,734.8
794.82739,729.8
794.94647,727.6
795.06549,719.0
795.18457,712.8
795.30365,701.8
795.42267,688.2
795.54175,694.8
795.66077,692.0
795.77985,693.2
795.89886,685.6
796.01794,685.4
796.13696,678.8
796.25598,677.2
796.375,672.2
796.49408,667.6
796.6131,664.6
796.73212,663.2
796.85114,668.6
796.97015,657.6
797.08923,652.8
797.20825,651.4
797.32727,650.0
797.44629,645.0
797.56531,645.8
797.68427,644.8
797.80328,640.8
797.9223,639.0
798.04132,636.8
798.16034,639.2
798.27936,643.6
798.39832,632.6
798.51733,629.4
798.63635,632.8
798.75531,633.8
798.87433,628.4
798.99329,625.2
799.1123,627.6
799.23126,627.2
799.35028,626.2
799.46924,629.4
799.58826,632.8
799.70721,628.2
799.82617,626.0
799.94519,621.0
800.06415,620.0
800.18311,621.4
800.30206,624.2
800.42102,629.0
800.54004,624.8
800.659,621.6
800.77795,627.8
800.89691,621.2
801.01587,620.6
801.13483,623.2
801.25372,626.0
801.37268,623.2
801.49164,625.0
801.6106,625.6
801.72955,613.0
801.84845,617.8
801.96741,623.4
802.08636,611.0
802.20526,619.6
802.32422,613.6
802.44318,619.8
802.56207,618.0
802.68103,613.8
802.79993,618.4
802.91882,617.2
803.03778,612.8
803.15668,622.4
803.27557,617.6
803.39453,622.6
803.51343,616.0
803.63232,619.2
803.75122,616.0
803.87012,619.2
803.98907,618.4
804.10797,622.8
804.22687,618.2
804.34576,617.2
804.46466,623.6
804.58356,616.4
804.70239,613.8
804.82129,617.8
804.94019,620.4
805.05908,622.6
805.17798,628.0
805.29681,623.8
805.41571,625.6
805.53461,620.6
805.65344,618.8
805.77234,627.6
805.89117,620.6
806.01007,625.2
806.12891,628.8
806.2478,624.8
806.36664,625.6
806.48547,627.8
806.60437,621.0
806.72321,631.4
806.84204,633.4
806.96088,623.0
807.07971,626.2
807.19861,633.6
807.31744,627.8
807.43628,624.4
807.55511,624.8
807.67395,620.0
807.79279,623.2
807.91162,627.0
808.0304,630.2
808.14923,624.6
808.26807,624.2
808.3869,627.6
808.50568,636.6
808.62451,635.4
808.74335,629.2
808.86212,635.4
808.98096,631.2
809.09979,634.8
809.21857,631.2
809.33734,638.0
809.45618,632.0
809.57495,639.6
809.69379,637.8
809.81256,639.0
809.93134,639.6
810.05011,632.6
810.16895,631.4
810.28772,638.2
810.40649,629.8
810.52527,642.6
810.64404,636.2
810.76282,644.6
810.88159,640.0
811.00037,636.8
811.11914,636.6
811.23792,633.8
811.35663,633.4
811.4754,633.2
811.59418,635.4
811.71295,639.2
811.83167,639.4
811.95044,644.6
812.06921,633.4
812.18793,639.0
812.3067,638.4
812.42542,635.8
812.54419,636.4
812.6629,641.8
812.78162,638.0
812.90039,635.4
813.0191,634.2
813.13782,630.6
813.25653,632.4
813.37524,630.8
813.49402,632.2
813.61273,639.0
813.73145,628.4
813.85016,637.4
813.96887,631.6
814.08759,631.8
814.2063,632.4
814.32495,634.2
814.44366,631.4
814.56238,626.2
814.68109,627.0
814.79974,628.2
814.91846,624.2
815.03717,625.4
815.15582,620.4
815.27454,620.0
815.39319,622.0
815.5119,615.6
815.63055,620.0
815.74927,618.2
815.86792,617.6
815.98657,625.6
816.10529,620.2
816.22394,622.2
816.34259,624.0
816.46124,634.6
816.5799,630.4
816.69855,629.0
816.8172,629.4
816.93585,622.2
817.0545,624.4
817.17316,615.4
817.29181,604.6
817.41046,610.4
817.52911,601.8
817.64771,600.0
817.76636,598.4
817.88501,595.6
818.0036,592.6
818.12225,589.4
818.24091,593.8
818.3595,581.4
818.47815,577.4
818.59674,582.6
818.71533,585.2
818.83398,580.6
818.95258,574.0
819.07117,569.2
819.18976,577.0
819.30841,567.6
819.427,574.4
819.54559,570.6
819.66418,575.4
819.78278,573.2
819.90137,573.2
820.01996,570.4
820.13855,569.6
820.25714,569.8
820.37573,566.0
820.49426,565.8
820.61285,566.2
820.73145,567.4
820.84998,554.6
820.96857,563.4
821.08716,558.8
821.20569,559.4
821.32428,552.0
821.44281,559.4
821.56134,557.8
821.67993,561.6
821.79846,556.8
821.91699,557.0
822.03558,552.8
822.15411,556.2
822.27264,560.6
822.39117,546.4
822.5097,550.0
822.62823,556.6
822.74677,556.8
822.8653,549.8
822.98383,544.2
823.10236,549.8
823.22089,546.6
823.33942,554.8
823.45789,549.2
823.57642,559.2
823.69495,557.4
823.81342,551.6
823.93195,552.0
824.05042,550.4
824.16895,553.0
824.28741,554.0
824.40594,552.6
824.52441,554.0
824.64288,548.0
824.76141,549.6
824.87988,550.0
824.99835,546.2
825.11682,550.8
825.23529,550.6
825.35376,545.6
825.47223,548.0
825.5907,544.6
825.70917,545.2
825.82764,547.2
825.94611,539.2
826.06458,542.6
826.18304,541.4
826.30145,546.8
826.41992,544.0
826.53839,540.2
826.6568,541.4
826.77527,540.0
826.89368,548.2
827.01215,545.2
827.13055,540.4
827.24902,540.4
827.36743,541.0
827.48584,541.4
827.60431,543.0
827.72272,544.0
827.84113,536.4
827.95953,539.0
828.07794,539.2
828.19635,535.6
828.31476,537.0
828.43317,532.0
828.55157,539.6
828.66998,541.4
828.78839,537.8
828.90674,535.4
829.02515,536.0
829.14355,535.4
829.2619,538.6
829.38031,533.8
829.49872,533.2
829.61707,527.8
829.73547,533.2
829.85382,537.0
829.97217,536.2
830.09058,530.4
830.20892,535.8
830.32727,536.2
830.44562,537.8
830.56403,534.4
830.68237,539.8
830.80072,530.8
830.91907,536.0
831.03741,531.4
831.15576,530.8
831.27411,531.8
831.3924,537.2
831.51074,536.2
831.62909,533.8
831.74744,536.6
831.86572,537.8
831.98407,537.8
832.10242,539.2
832.2207,535.4
832.33905,537.0
832.45734,533.2
832.57562,537.2
832.69397,534.4
832.81226,541.0
832.93054,537.2
833.04889,536.8
833.16718,536.4
833.28546,541.4
833.40375,543.4
833.52203,545.0
833.64032,535.4
833.75861,542.6
833.87689,543.2
833.99518,547.0
834.1134,552.0
834.23169,543.8
834.34998,539.6
834.46826,553.8
834.58649,545.4
834.70477,547.8
834.823,541.8
834.94128,550.2
835.05951,548.2
835.1778,546.2
835.29602,542.4
835.41425,545.2
835.53253,544.4
835.65076,542.0
835.76898,540.6
835.88721,546.2
836.00543,547.2
836.12366,543.8
836.24188,539.0
836.36011,548.4
836.47833,544.6
836.59656,545.8
836.71478,542.2
836.83295,541.2
836.95117,543.6
837.0694,545.2
837.18756,548.0
837.30579,545.2
837.42401,542.6
837.54218,543.0
837.66034,543.2
837.77856,544.8
837.89673,549.0
838.01489,541.8
838.13312,537.6
838.25128,550.0
838.36945,543.8
838.48761,538.0
838.60577,541.4
838.72394,548.4
838.8421,543.8
838.96027,546.8
839.07843,543.8
839.19659,542.8
839.31476,545.4
839.43286,547.4
839.55103,543.2
839.66919,540.8
839.78729,546.0
839.90546,546.0
840.02356,540.4
840.14172,545.2
840.25983,538.0
840.37793,545.0
840.49609,541.0
840.6142,539.6
840.7323,540.0
840.8504,541.0
840.96851,536.8
841.08661,540.4
841.20471,540.8
841.32281,544.2
841.44092,541.4
841.55902,540.8
841.67712,541.2
841.79523,540.0
841.91327,543.2
842.03137,541.0
842.14948,544.4
842.26752,543.2
842.38562,540.4
842.50366,537.8
842.62177,534.6
842.73981,541.0
842.85791,542.6
842.97595,543.0
843.09399,540.4
843.21204,544.4
843.33008,549.8
843.44818,546.4
843.56622,542.8
843.68427,542.8
843.80231,546.8
843.92029,544.8
844.03833,543.4
844.15637,550.2
844.27441,544.8
844.39246,550.4
844.51044,544.8
844.62848,547.8
844.74646,548.2
844.8645,549.0
844.98248,551.0
845.10052,551.0
845.21851,548.4
845.33649,548.8
845.45453,545.0
845.57251,544.4
845.69049,544.2
845.80847,545.8
845.92645,549.4
846.04443,545.2
846.16241,546.8
846.2804,541.0
846.39838,542.0
846.51636,544.8
846.63434,548.0
846.75226,548.2
846.87024,549.0
846.98822,545.4
847.10614,539.2
847.22412,549.0
847.34204,549.2
847.46002,546.0
847.57794,545.6
847.69586,549.4
847.81384,542.6
847.93176,549.2
848.04968,547.0
848.1676,549.0
848.28552,549.4
848.40344,541.2
848.52136,545.2
848.63928,544.6
848.7572,541.4
848.87512,538.2
848.99304,543.8
849.1109,542.8
849.22882,539.6
849.34674,537.4
849.4646,539.2
849.58252,536.4
849.70038,541.0
849.8183,537.8
849.93616,535.4
850.05402,537.2
850.17194,535.8
850.28979,539.6
850.40765,545.4
850.52551,539.4
850.64337,542.8
850.76123,540.8
850.87909,541.2
850.99695,543.6
851.11481,543.8
851.23267,549.4
851.35046,546.2
851.46832,548.8
851.58618,545.0
851.70398,554.0
851.82184,554.6
851.93964,556.8
852.0575,564.4
852.17529,568.8
852.29315,571.4
852.41095,560.2
852.52875,550.0
852.64655,548.0
852.7644,546.4
852.8822,541.8
853.0,538.2
853.1178,539.2
853.2356,535.2
853.35333,541.8
853.47113,541.0
853.58893,538.6
853.70673,538.8
853.82446,541.4
853.94226,543.0
854.06006,535.6
854.1778,542.8
854.29559,545.2
854.41333,543.8
854.53107,539.8
854.64886,543.6
854.7666,544.8
854.88434,539.0
855.00208,541.4
855.11981,542.0
855.23761,544.8
855.35535,550.2
855.47302,543.0
855.59076,536.4
855.7085,539.4
855.82623,538.6
855.94397,542.8
856.06165,543.6
856.17938,539.6
856.29712,541.0
856.41479,544.6
856.53253,540.6
856.65021,536.8
856.76788,538.6
856.88562,540.6
857.0033,537.4
857.12097,540.8
857.23865,538.0
857.35632,535.6
857.474,540.0
857.59167,538.6
857.70935,543.2
857.82703,533.6
857.9447,533.8
858.06238,536.2
858.18005,538.8
858.29767,536.2
858.41534,533.6
858.53296,535.8
858.65063,538.4
858.76825,538.6
858.88593,544.0
859.00354,541.8
859.12115,534.4
859.23883,530.8
859.35645,529.8
859.47406,532.4
859.59167,537.8
859.70929,535.6
859.8269,530.6
859.94452,534.2
860.06213,537.8
860.17975,533.2
860.29736,529.6
860.41492,527.6
860.53253,528.4
860.65009,527.4
860.7677,528.4
860.88525,539.4
861.00287,534.6
861.12042,530.8
861.23804,536.4
861.35559,530.8
861.47314,533.4
861.5907,534.2
861.70825,534.6
861.82581,522.2
861.94336,524.4
862.06091,523.4
862.17847,527.2
862.29602,524.8
862.41357,526.6
862.53113,523.8
862.64862,525.4
862.76617,524.6
862.88367,525.8
863.00122,529.6
863.11871,522.6
863.23627,525.6
863.35376,527.8
863.47125,527.6
863.58881,529.0
863.7063,528.4
863.82379,526.4
863.94128,528.8
864.05878,527.6
864.17627,527.2
864.29376,520.6
864.41125,527.8
864.52869,526.2
864.64618,520.8
864.76367,527.4
864.8811,527.2
864.9986,524.0
865.11609,525.6
865.23352,526.8
865.35095,526.8
865.46844,524.2
865.58588,523.0
865.70331,527.0
865.82074,527.6
865.93823,525.2
866.05566,527.2
866.1731,522.2
866.29053,526.8
866.4079,525.4
866.52533,527.2
866.64276,525.8
866.76019,528.2
866.87756,523.8
866.995,524.4
867.11243,527.4
867.2298,531.4
867.34723,530.8
867.4646,526.2
867.58197,527.8
867.6994,535.2
867.81677,533.0
867.93414,526.8
868.05151,528.2
868.16888,531.4
868.28625,520.6
868.40363,525.8
868.521,528.2
868.63837,532.6
868.75568,534.4
868.87305,530.4
868.99042,532.8
869.10773,532.6
869.2251,530.0
869.34241,536.0
869.45978,531.0
869.57709,530.8
869.69446,531.6
869.81177,530.8
869.92908,534.4
870.04639,530.6
870.1637,526.4
870.28101,525.8
870.39832,533.8
870.51563,534.6
870.63293,537.6
870.75024,533.6
870.86749,529.2
870.9848,535.8
871.10211,533.0
871.21936,535.2
871.33667,532.8
871.45392,535.6
871.57123,532.6
871.68848,534.0
871.80573,536.6
871.92297,533.6
872.04028,523.0
872.15753,533.4
872.27478,536.0
872.39203,532.2
872.50928,530.4
872.62646,531.0
872.74371,530.0
872.86096,532.4
872.97821,532.0
873.0954,533.4
873.21265,529.0
873.32983,525.8
873.44708,526.6
873.56427,532.6
873.68152,529.0
873.79871,530.2
873.91589,528.4
874.03308,529.8
874.15027,530.4
874.26746,530.2
874.38464,528.8
874.50183,528.6
874.61902,531.0
874.73621,534.2
874.85339,530.0
874.97052,531.8
875.08771,526.4
875.2049,534.8
875.32202,532.0
875.43921,531.6
875.55634,532.0
875.67346,537.0
875.79065,530.0
875.90778,536.2
876.0249,532.0
876.14203,537.2
876.25916,529.8
876.37628,531.0
876.49341,533.4
876.61053,536.6
876.72766,532.2
876.84473,537.6
876.96185,537.8
877.07898,536.0
877.19604,538.2
877.31317,533.4
877.43024,532.8
877.54736,529.4
877.66443,533.4
877.78149,530.0
877.89856,525.8
878.01569,529.4
878.13275,525.8
878.24982,528.4
878.36688,527.2
878.48395,527.2
878.60095,523.6
878.71802,524.4
878.83508,528.0
878.95215,523.8
879.06915,523.8
879.18622,527.4
879.30322,520.2
879.42029,520.0
879.53729,520.6
879.6543,524.8
879.77136,517.2
879.88837,525.4
880.00537,524.4
880.12238,523.0
880.23938,518.6
880.35638,518.4
880.47339,522.2
880.59039,521.0
880.70734,522.8
880.82434,522.6
880.94135,524.6
881.05829,520.4
881.17529,518.4
881.29224,519.6
881.40924,519.6
881.52618,523.8
881.64313,515.6
881.76007,523.6
881.87701,524.0
881.99402,520.2
882.11096,524.6
882.22791,522.4
882.34479,520.0
882.46173,522.6
882.57867,523.4
882.69562,524.2
882.8125,527.8
882.92944,530.0
883.04639,521.8
883.16327,525.2
883.28015,529.2
883.39709,520.6
883.51398,525.0
883.63086,527.8
883.74774,529.2
883.86462,527.6
883.98157,527.2
884.09839,522.0
884.21527,525.0
884.33215,528.8
884.44904,525.0
884.56592,529.2
884.68274,527.6
884.79962,529.6
884.9165,535.0
885.03333,532.4
885.15015,535.2
885.26703,535.6
885.38385,538.4
885.50067,542.8
885.61749,544.0
885.73438,541.4
885.8512,545.6
885.96802,543.0
886.08478,537.4
886.2016,542.6
886.31842,540.4
886.43524,532.8
886.55206,532.4
886.66882,533.6
886.78564,534.0
886.9024,539.0
887.01923,529.6
887.13599,528.4
887.25275,528.8
887.36951,527.2
887.48633,532.4
887.60309,531.4
887.71985,526.4
887.83661,529.4
887.95337,523.0
888.07007,521.6
888.18683,521.4
888.30359,523.2
888.42035,520.8
888.53705,519.4
888.65381,515.0
888.77051,516.8
888.88721,519.2
889.00397,514.2
889.12067,512.0
889.23737,516.4
889.35406,514.8
889.47083,515.4
889.58752,517.4
889.70416,518.6
889.82086,517.4
889.93756,518.8
890.05426,511.8
890.17096,515.2
890.2876,522.8
890.4043,515.2
890.52094,516.8
890.63763,516.4
890.75427,519.4
890.87091,519.6
890.98761,518.0
891.10425,521.2
891.22089,519.0
891.33752,514.8
891.45416,516.0
891.5708,516.4
891.68744,510.4
891.80408,522.8
891.92065,515.8
892.03729,514.2
892.15393,512.6
892.27051,517.2
892.38715,520.0
892.50372,518.0
892.6203,517.4
892.73694,516.4
892.85352,519.6
892.97009,517.6
893.08667,518.8
893.20325,526.6
893.31982,520.6
893.4364,522.0
893.55298,517.6
893.66956,518.2
893.78607,522.0
893.90265,524.6
894.01917,519.2
894.13574,524.6
894.25226,517.6
894.36884,522.2
894.48535,523.2
894.60187,515.2
894.71838,519.0
894.8349,521.4
894.95148,519.8
895.06793,517.8
895.18445,520.6
895.30096,512.6
895.41748,519.4
895.534,521.0
895.65045,517.2
895.76697,519.2
895.88342,519.0
895.99994,520.4
896.11639,516.8
896.23291,516.2
896.34937,514.0
896.46582,514.6
896.58228,522.2
896.69873,523.4
896.81519,518.8
896.93164,519.0
897.0481,516.8
897.16455,520.6
897.28094,519.0
897.3974,515.8
897.51385,526.4
897.63025,518.6
897.7467,519.6
897.8631,521.0
897.97949,519.4
898.09595,520.4
898.21234,520.2
898.32874,520.6
898.44513,521.6
898.56152,516.8
898.67792,517.6
898.79431,514.6
898.91064,515.8
899.02704,513.4
899.14343,516.6
899.25977,512.2
899.37616,515.0
899.49249,522.4
899.60889,516.2
899.72522,517.8
899.84155,520.0
899.95789,526.0
900.07428,519.8
900.19061,523.6
900.30695,518.2
900.42322,521.4
900.53955,518.2
900.65588,520.4
900.77222,520.6
900.88849,522.0
901.00482,519.0
901.12109,518.2
901.23743,520.2
901.3537,518.8
901.47003,520.4
901.5863,523.6
901.70258,525.6
901.81885,522.2
901.93512,525.6
902.05139,525.0
902.16766,525.2
902.28394,530.0
902.40021,527.2
902.51642,528.6
902.63269,520.2
902.7489,524.6
902.86517,518.4
902.98138,521.8
903.09766,521.0
903.21387,524.0
903.33008,523.8
903.44629,526.4
903.5625,518.6
903.67871,516.2
903.79492,515.2
903.91113,514.2
904.02734,519.4
904.14355,515.8
904.2597,515.8
904.37592,513.4
904.49207,511.2
904.60828,511.2
904.72443,512.0
904.84064,516.0
904.95679,514.2
905.07294,517.8
905.18909,513.8
905.30524,512.0
905.42139,507.0
905.53754,513.0
905.65369,506.6
905.76984,505.6
905.88593,511.6
906.00208,510.2
906.11816,507.6
906.23431,502.2
906.3504,499.4
906.46655,499.6
906.58264,497.0
906.69873,501.4
906.81482,498.6
906.93091,500.4
907.047,500.2
907.16309,500.6
907.27917,503.8
907.39526,501.4
907.51135,500.8
907.62738,500.8
907.74347,497.2
907.8595,500.4
907.97559,504.8
908.09161,501.8
908.2077,503.4
908.32373,503.4
908.43976,499.0
908.55579,500.4
908.67181,498.4
908.78784,497.6
908.90387,500.6
909.0199,499.6
909.13586,497.0
909.25189,496.6
909.36792,495.2
909.48389,498.6
909.59991,497.0
909.71588,496.8
909.83185,504.8
909.94788,500.0
910.06384,498.4
910.17981,500.2
910.29578,495.0
910.41174,494.4
910.52771,503.2
910.64368,496.2
910.75958,500.8
910.87555,500.2
910.99152,496.2
911.10742,498.2
911.22339,497.8
911.33929,499.4
911.4552,497.8
911.57117,496.6
911.68707,499.2
911.80298,497.0
911.91888,499.0
912.03479,495.6
912.1507,503.2
912.2666,494.6
912.38245,501.6
912.49835,502.2
912.61426,499.4
912.7301,503.8
912.84601,496.6
792.4458,956.8
792.56488,920.2
792.68396,940.0
792.8031,937.4
792.92218,907.2
793.04126,899.0
793.16034,888.4
793.27942,887.2
793.3985,876.4
793.51758,855.8
793.63672,837.6
793.7558,831.8
793.87488,834.8
793.9939,825.2
794.11298,819.4
794.23206,817.8
794.35114,802.6
794.47021,786.6
794.58929,779.8
794.70831,772.2
794.82739,776.2
794.94647,764.0
795.06549,758.0
795.18457,750.4
795.30365,741.6
795.42267,726.8
795.54175,729.2
795.66077,737.2
795.77985,733.2
795.89886,723.2
796.01794,725.8
796.13696,720.2
796.25598,722.6
796.375,708.0
796.49408,710.8
796.6131,701.4
796.73212,702.4
796.85114,704.6
796.97015,698.8
797.08923,683.4
797.20825,685.0
797.32727,684.4
797.44629,681.6
797.56531,679.8
797.68427,682.4
797.80328,674.6
797.9223,676.0
798.04132,676.6
798.16034,675.4
798.27936,670.2
798.39832,672.2
798.51733,664.0
798.63635,668.0
798.75531,665.4
798.87433,660.4
798.99329,658.6
799.1123,660.8
799.23126,657.4
799.35028,661.8
799.46924,659.0
799.58826,661.8
799.70721,660.0
799.82617,652.4
799.94519,655.8
800.06415,654.0
800.18311,643.4
800.30206,653.8
800.42102,654.8
800.54004,651.0
800.659,651.8
800.77795,659.0
800.89691,651.4
801.01587,657.6
801.13483,653.0
801.25372,653.0
801.37268,654.2
801.49164,651.2
801.6106,653.6
801.72955,656.2
801.84845,651.0
801.96741,655.2
802.08636,644.0
802.20526,652.0
802.32422,649.6
802.44318,654.4
802.56207,652.6
802.68103,660.0
802.79993,650.2
802.91882,652.2
803.03778,649.8
803.15668,649.8
803.27557,654.8
803.39453,650.8
803.51343,651.2
803.63232,649.0
803.75122,649.2
803.87012,657.2
803.98907,655.2
804.10797,650.2
804.22687,649.4
804.34576,654.6
804.46466,651.2
804.58356,654.2
804.70239,654.4
804.82129,652.6
804.94019,653.8
805.05908,650.2
805.17798,652.0
805.29681,657.0
805.41571,654.8
805.53461,650.0
805.65344,653.0
805.77234,656.2
805.89117,653.0
806.01007,658.4
806.12891,657.8
806.2478,667.8
806.36664,658.0
806.48547,658.0
806.60437,662.0
806.72321,660.8
806.84204,665.2
806.96088,657.2
807.07971,652.8
807.19861,657.2
807.31744,658.6
807.43628,660.6
807.55511,652.8
807.67395,660.2
807.79279,658.6
807.91162,665.8
808.0304,653.2
808.14923,663.8
808.26807,663.8
808.3869,664.4
808.50568,668.6
808.62451,665.6
808.74335,667.2
808.86212,665.8
808.98096,664.8
809.09979,666.0
809.21857,662.0
809.33734,663.6
809.45618,667.6
809.57495,672.2
809.69379,670.2
809.81256,667.0
809.93134,668.8
810.05011,663.6
810.16895,660.4
810.28772,663.8
810.40649,659.4
810.52527,672.4
810.64404,668.8
810.76282,665.2
810.88159,667.2
811.00037,669.2
811.11914,657.6
811.23792,663.4
811.35663,665.2
811.4754,661.0
811.59418,672.2
811.71295,670.8
811.83167,669.0
811.95044,669.8
812.06921,668.0
812.18793,666.4
812.3067,665.6
812.42542,663.8
812.54419,668.0
812.6629,675.2
812.78162,664.2
812.90039,669.4
813.0191,664.8
813.13782,662.2
813.25653,660.0
813.37524,664.0
813.49402,667.2
813.61273,663.6
813.73145,659.4
813.85016,666.8
813.96887,660.0
814.08759,667.8
814.2063,659.2
814.32495,661.0
814.44366,656.2
814.56238,663.0
814.68109,651.6
814.79974,656.2
814.91846,652.4
815.03717,659.2
815.15582,654.2
815.27454,658.0
815.39319,643.2
815.5119,646.4
815.63055,640.0
815.74927,650.4
815.86792,649.2
815.98657,650.2
816.10529,656.4
816.22394,656.2
816.34259,650.2
816.46124,658.2
816.5799,657.0
816.69855,661.8
816.8172,657.2
816.93585,648.0
817.0545,649.8
817.17316,642.8
817.29181,636.6
817.41046,641.4
817.52911,635.4
817.64771,632.2
817.76636,624.6
817.88501,619.0
818.0036,616.6
818.12225,618.6
818.24091,614.0
818.3595,613.4
818.47815,616.0
818.59674,608.6
818.71533,603.0
818.83398,605.8
818.95258,598.4
819.07117,602.6
819.18976,598.2
819.30841,602.6
819.427,600.8
819.54559,601.0
819.66418,601.4
819.78278,605.2
819.90137,597.8
820.01996,599.2
820.13855,599.4
820.25714,596.8
820.37573,596.4
820.49426,592.4
820.61285,594.0
820.73145,595.8
820.84998,589.2
820.96857,590.2
821.08716,583.6
821.20569,586.4
821.32428,584.8
821.44281,580.8
821.56134,588.2
821.67993,583.4
821.79846,582.6
821.91699,581.2
822.03558,582.8
822.15411,588.2
822.27264,574.8
822.39117,579.4
822.5097,580.8
822.62823,579.2
822.74677,580.0
822.8653,576.4
822.98383,579.0
823.10236,583.0
823.22089,580.0
823.33942,576.4
823.45789,582.6
823.57642,587.6
823.69495,579.0
823.81342,578.8
823.93195,577.4
824.05042,583.8
824.16895,581.2
824.28741,584.4
824.40594,577.0
824.52441,578.2
824.64288,574.0
824.76141,585.8
824.87988,575.4
824.99835,574.6
825.11682,578.4
825.23529,579.2
825.35376,585.2
825.47223,577.0
825.5907,575.0
825.70917,577.4
825.82764,576.6
825.94611,575.2
826.06458,571.2
826.18304,568.2
826.30145,570.0
826.41992,574.0
826.53839,571.8
826.6568,577.0
826.77527,574.0
826.89368,573.2
827.01215,570.6
827.13055,572.8
827.24902,570.2
827.36743,570.4
827.48584,568.4
827.60431,571.4
827.72272,564.8
827.84113,562.8
827.95953,561.8
828.07794,565.4
828.19635,565.6
828.31476,558.8
828.43317,563.0
828.55157,560.2
828.66998,562.0
828.78839,562.6
828.90674,562.8
829.02515,561.6
829.14355,568.0
829.2619,566.4
829.38031,563.0
829.49872,562.8
829.61707,559.0
829.73547,561.6
829.85382,559.6
829.97217,558.4
830.09058,563.8
830.20892,562.2
830.32727,562.8
830.44562,560.8
830.56403,561.2
830.68237,561.4
830.80072,560.6
830.91907,561.8
831.03741,556.4
831.15576,556.6
831.27411,555.0
831.3924,562.0
831.51074,560.0
831.62909,562.2
831.74744,561.2
831.86572,559.8
831.98407,561.0
832.10242,561.2
832.2207,562.0
832.33905,559.2
832.45734,563.4
832.57562,565.6
832.69397,558.0
832.81226,561.2
832.93054,564.0
833.04889,559.6
833.16718,559.8
833.28546,566.2
833.40375,569.6
833.52203,563.2
833.64032,566.0
833.75861,571.0
833.87689,567.8
833.99518,570.4
834.1134,575.6
834.23169,574.6
834.34998,573.2
834.46826,570.4
834.58649,571.8
834.70477,572.6
834.823,569.8
834.94128,575.0
835.05951,568.8
835.1778,567.6
835.29602,565.8
835.41425,566.6
835.53253,565.6
835.65076,568.0
835.76898,571.6
835.88721,569.4
836.00543,571.6
836.12366,573.2
836.24188,566.8
836.36011,572.0
836.47833,570.4
836.59656,567.8
836.71478,565.4
836.83295,572.0
836.95117,564.2
837.0694,576.2
837.18756,564.8
837.30579,572.8
837.42401,566.4
837.54218,573.6
837.66034,565.8
837.77856,573.4
837.89673,567.6
838.01489,573.2
838.13312,562.8
838.25128,567.0
838.36945,568.6
838.48761,570.4
838.60577,563.8
838.72394,577.8
838.8421,568.8
838.96027,572.6
839.07843,570.2
839.19659,568.8
839.31476,569.4
839.43286,568.8
839.55103,573.8
839.66919,570.2
839.78729,570.8
839.90546,576.2
840.02356,568.6
840.14172,567.0
840.25983,570.2
840.37793,571.0
840.49609,565.0
840.6142,568.2
840.7323,571.8
840.8504,565.4
840.96851,566.0
841.08661,569.2
841.20471,567.0
841.32281,571.8
841.44092,567.4
841.55902,564.8
841.67712,559.8
841.79523,567.4
841.91327,567.4
842.03137,566.2
842.14948,564.8
842.26752,565.6
842.38562,566.4
842.50366,567.2
842.62177,562.2
842.73981,564.4
842.85791,562.8
842.97595,570.8
843.09399,570.4
843.21204,571.0
843.33008,571.6
843.44818,569.4
843.56622,570.6
843.68427,569.4
843.80231,574.8
843.92029,575.4
844.03833,580.0
844.15637,575.4
844.27441,576.0
844.39246,575.4
844.51044,573.4
844.62848,574.8
844.74646,573.8
844.8645,575.0
844.98248,568.0
845.10052,575.2
845.21851,570.0
845.33649,573.2
845.45453,570.4
845.57251,571.6
845.69049,569.8
845.80847,575.0
845.92645,572.4
846.04443,570.4
846.16241,571.6
846.2804,571.8
846.39838,573.6
846.51636,572.0
846.63434,572.8
846.75226,573.8
846.87024,572.4
846.98822,574.8
847.10614,569.4
847.22412,577.4
847.34204,567.2
847.46002,575.0
847.57794,572.4
847.69586,571.0
847.81384,572.4
847.93176,575.6
848.04968,575.0
848.1676,568.6
848.28552,571.2
848.40344,573.4
848.52136,567.4
848.63928,569.4
848.7572,570.2
848.87512,567.8
848.99304,567.4
849.1109,569.2
849.22882,564.4
849.34674,568.6
849.4646,567.0
849.58252,566.4
849.70038,562.4
849.8183,564.6
849.93616,565.6
850.05402,567.6
850.17194,566.6
850.28979,563.0
850.40765,566.0
850.52551,565.6
850.64337,566.4
850.76123,560.8
850.87909,565.8
850.99695,574.6
851.11481,571.2
851.23267,574.2
851.35046,571.2
851.46832,569.6
851.58618,565.8
851.70398,571.2
851.82184,573.8
851.93964,580.0
852.0575,592.0
852.17529,594.0
852.29315,587.2
852.41095,577.2
852.52875,575.8
852.64655,568.2
852.7644,573.4
852.8822,567.2
853.0,564.4
853.1178,568.6
853.2356,561.6
853.35333,565.0
853.47113,570.0
853.58893,563.8
853.70673,557.2
853.82446,567.6
853.94226,563.6
854.06006,570.2
854.1778,569.2
854.29559,570.6
854.41333,567.6
854.53107,570.6
854.64886,573.4
854.7666,566.6
854.88434,560.0
855.00208,575.4
855.11981,568.8
855.23761,565.2
855.35535,565.6
855.47302,571.0
855.59076,564.0
855.7085,569.6
855.82623,563.4
855.94397,569.8
856.06165,570.2
856.17938,565.2
856.29712,568.4
856.41479,564.6
856.53253,562.2
856.65021,559.6
856.76788,562.4
856.88562,569.8
857.0033,563.6
857.12097,571.8
857.23865,556.8
857.35632,559.6
857.474,553.8
857.59167,560.0
857.70935,563.0
857.82703,565.2
857.9447,559.8
858.06238,560.2
858.18005,562.6
858.29767,565.6
858.41534,562.6
858.53296,562.4
858.65063,562.0
858.76825,559.2
858.88593,562.4
859.00354,557.6
859.12115,557.8
859.23883,556.8
859.35645,556.2
859.47406,556.8
859.59167,560.2
859.70929,558.6
859.8269,558.8
859.94452,551.0
860.06213,552.8
860.17975,559.2
860.29736,553.8
860.41492,553.6
860.53253,552.2
860.65009,554.8
860.7677,547.6
860.88525,553.8
861.00287,554.4
861.12042,556.6
861.23804,556.8
861.35559,556.2
861.47314,557.8
861.5907,556.6
861.70825,551.4
861.82581,554.8
861.94336,545.2
862.06091,543.4
862.17847,546.0
862.29602,545.8
862.41357,546.6
862.53113,550.8
862.64862,552.8
862.76617,546.4
862.88367,549.4
863.00122,553.4
863.11871,550.8
863.23627,549.6
863.35376,555.0
863.47125,555.6
863.58881,547.8
863.7063,557.0
863.82379,548.4
863.94128,548.2
864.05878,552.2
864.17627,552.8
864.29376,545.4
864.41125,550.2
864.52869,545.0
864.64618,545.6
864.76367,547.0
864.8811,552.2
864.9986,544.6
865.11609,548.0
865.23352,546.6
865.35095,548.0
865.46844,551.2
865.58588,546.0
865.70331,549.2
865.82074,544.0
865.93823,543.6
866.05566,551.0
866.1731,546.6
866.29053,549.2
866.4079,552.2
866.52533,549.4
866.64276,552.6
866.76019,547.2
866.87756,549.2
866.995,549.6
867.11243,544.6
867.2298,558.0
867.34723,546.2
867.4646,551.0
867.58197,547.6
867.6994,549.0
867.81677,553.4
867.93414,549.6
868.05151,553.4
868.16888,543.4
868.28625,546.6
868.40363,549.6
868.521,550.0
868.63837,553.6
868.75568,553.8
868.87305,551.4
868.99042,556.6
869.10773,552.2
869.2251,553.2
869.34241,554.8
869.45978,553.0
869.57709,552.8
869.69446,546.0
869.81177,555.8
869.92908,549.8
870.04639,558.0
870.1637,555.4
870.28101,554.8
870.39832,551.8
870.51563,561.2
870.63293,553.8
870.75024,557.2
870.86749,554.0
870.9848,553.6
871.10211,557.2
871.21936,560.0
871.33667,558.6
871.45392,561.0
871.57123,548.4
871.68848,547.6
871.80573,556.2
871.92297,553.4
872.04028,559.0
872.15753,555.8
872.27478,556.4
872.39203,549.8
872.50928,548.6
872.62646,552.2
872.74371,551.8
872.86096,554.0
872.97821,553.2
873.0954,551.6
873.21265,548.2
873.32983,546.4
873.44708,553.6
873.56427,555.6
873.68152,553.4
873.79871,557.0
873.91589,546.8
874.03308,551.8
874.15027,550.0
874.26746,550.6
874.38464,549.4
874.50183,550.6
874.61902,551.6
874.73621,553.2
874.85339,546.8
874.97052,551.8
875.08771,553.2
875.2049,548.4
875.32202,547.6
875.43921,555.2
875.55634,548.0
875.67346,552.0
875.79065,552.6
875.90778,556.2
876.0249,556.2
876.14203,551.2
876.25916,547.4
876.37628,556.8
876.49341,556.6
876.61053,559.4
876.72766,552.8
876.84473,555.6
876.96185,550.2
877.07898,554.4
877.19604,553.8
877.31317,553.4
877.43024,546.6
877.54736,553.8
877.66443,545.4
877.78149,546.2
877.89856,552.2
878.01569,549.0
878.13275,543.8
878.24982,551.8
878.36688,545.4
878.48395,545.4
878.60095,542.2
878.71802,545.6
878.83508,539.4
878.95215,542.6
879.06915,543.4
879.18622,542.6
879.30322,537.2
879.42029,537.0
879.53729,535.6
879.6543,541.0
879.77136,536.6
879.88837,539.2
880.00537,542.4
880.12238,543.0
880.23938,540.0
880.35638,543.4
880.47339,532.6
880.59039,539.8
880.70734,533.4
880.82434,536.8
880.94135,542.8
881.05829,536.8
881.17529,535.6
881.29224,537.0
881.40924,538.0
881.52618,537.4
881.64313,539.2
881.76007,538.8
881.87701,537.8
881.99402,538.0
882.11096,544.6
882.22791,541.0
882.34479,533.6
882.46173,541.6
882.57867,537.8
882.69562,543.4
882.8125,546.8
882.92944,544.8
883.04639,542.2
883.16327,547.8
883.28015,544.0
883.39709,544.0
883.51398,543.2
883.63086,540.8
883.74774,545.2
883.86462,546.4
883.98157,542.4
884.09839,547.0
884.21527,545.0
884.33215,550.8
884.44904,544.0
884.56592,548.6
884.68274,553.2
884.79962,548.8
884.9165,546.8
885.03333,555.2
885.15015,555.4
885.26703,560.2
885.38385,554.8
885.50067,567.2
885.61749,556.6
885.73438,568.0
885.8512,564.2
885.96802,563.8
886.08478,558.4
886.2016,552.8
886.31842,557.4
886.43524,550.6
886.55206,553.0
886.66882,552.4
886.78564,549.8
886.9024,550.6
887.01923,547.2
887.13599,550.4
887.25275,549.4
887.36951,539.2
887.48633,546.2
887.60309,544.4
887.71985,545.0
887.83661,538.6
887.95337,541.4
888.07007,536.4
888.18683,531.0
888.30359,534.4
888.42035,535.0
888.53705,537.6
888.65381,532.2
888.77051,537.4
888.88721,532.6
889.00397,531.0
889.12067,528.8
889.23737,532.2
889.35406,532.8
889.47083,527.4
889.58752,530.2
889.70416,537.0
889.82086,526.0
889.93756,536.4
890.05426,531.6
890.17096,535.4
890.2876,530.8
890.4043,531.6
890.52094,532.0
890.63763,530.4
890.75427,534.2
890.87091,534.0
890.98761,535.8
891.10425,535.6
891.22089,531.8
891.33752,527.2
891.45416,532.2
891.5708,529.6
891.68744,531.0
891.80408,532.2
891.92065,532.4
892.03729,531.4
892.15393,529.2
892.27051,531.8
892.38715,530.4
892.50372,538.4
892.6203,531.0
892.73694,536.6
892.85352,536.4
892.97009,531.0
893.08667,534.4
893.20325,533.6
893.31982,535.2
893.4364,536.4
893.55298,528.4
893.66956,535.6
893.78607,538.2
893.90265,537.0
894.01917,537.4
894.13574,539.8
894.25226,533.0
894.36884,537.4
894.48535,537.2
894.60187,533.8
894.71838,535.4
894.8349,541.2
894.95148,532.0
895.06793,537.8
895.18445,533.0
895.30096,536.2
895.41748,538.4
895.534,536.0
895.65045,533.0
895.76697,539.2
895.88342,534.4
895.99994,533.0
896.11639,529.4
896.23291,535.4
896.34937,533.8
896.46582,531.4
896.58228,533.6
896.69873,531.6
896.81519,529.4
896.93164,528.8
897.0481,535.8
897.16455,536.6
897.28094,537.8
897.3974,536.4
897.51385,537.8
897.63025,537.2
897.7467,534.4
897.8631,534.6
897.97949,534.2
898.09595,534.6
898.21234,530.6
898.32874,533.8
898.44513,533.8
898.56152,533.6
898.67792,529.8
898.79431,531.2
898.91064,533.2
899.02704,533.2
899.14343,535.2
899.25977,527.6
899.37616,525.8
899.49249,533.6
899.60889,529.8
899.72522,532.0
899.84155,530.8
899.95789,535.8
900.07428,536.0
900.19061,540.4
900.30695,532.8
900.42322,535.2
900.53955,529.6
900.65588,535.0
900.77222,536.6
900.88849,533.2
901.00482,528.2
901.12109,536.4
901.23743,538.0
901.3537,530.0
901.47003,530.8
901.5863,535.6
901.70258,540.6
901.81885,543.0
901.93512,541.0
902.05139,541.2
902.16766,535.8
902.28394,539.4
902.40021,535.4
902.51642,540.2
902.63269,535.6
902.7489,538.0
902.86517,535.6
902.98138,538.4
903.09766,531.2
903.21387,536.8
903.33008,539.4
903.44629,541.0
903.5625,531.6
903.67871,533.0
903.79492,532.4
903.91113,530.2
904.02734,530.4
904.14355,531.8
904.2597,527.0
904.37592,529.8
904.49207,523.8
904.60828,525.4
904.72443,524.4
904.84064,527.2
904.95679,527.0
905.07294,524.8
905.18909,522.4
905.30524,522.8
905.42139,523.8
905.53754,524.6
905.65369,524.4
905.76984,522.0
905.88593,520.6
906.00208,517.4
906.11816,519.2
906.23431,512.8
906.3504,513.6
906.46655,511.4
906.58264,511.0
906.69873,510.0
906.81482,512.8
906.93091,514.0
907.047,511.8
907.16309,509.6
907.27917,512.2
907.39526,514.8
907.51135,514.6
907.62738,502.8
907.74347,514.2
907.8595,508.2
907.97559,516.4
908.09161,513.8
908.2077,513.2
908.32373,512.8
908.43976,513.4
908.55579,507.6
908.67181,510.8
908.78784,509.6
908.90387,512.0
909.0199,509.4
909.13586,510.8
909.25189,510.6
909.36792,509.0
909.48389,510.0
909.59991,511.4
909.71588,509.8
909.83185,511.6
909.94788,502.8
910.06384,507.8
910.17981,509.4
910.29578,513.2
910.41174,508.4
910.52771,511.0
910.64368,508.8
910.75958,512.4
910.87555,509.6
910.99152,507.2
911.10742,512.8
911.22339,508.4
911.33929,511.2
911.4552,503.6
911.57117,503.2
911.68707,507.8
911.80298,511.2
911.91888,507.0
912.03479,499.8
912.1507,511.4
912.2666,511.0
912.38245,510.6
912.49835,505.2
912.61426,508.0
912.7301,509.8
912.84601,506.6
792.4458,654.8
792.56488,639.8
792.68396,651.2
792.8031,649.8
792.92218,635.0
793.04126,622.4
793.16034,632.6
793.27942,625.0
793.3985,622.0
793.51758,610.2
793.63672,609.0
793.7558,611.0
793.87488,613.2
793.9939,608.0
794.11298,607.6
794.23206,595.4
794.35114,600.8
794.47021,590.6
794.58929,590.2
794.70831,583.2
794.82739,589.6
794.94647,582.8
795.06549,584.4
795.18457,576.2
795.30365,576.4
795.42267,571.8
795.54175,574.4
795.66077,572.6
795.77985,573.8
795.89886,567.8
796.01794,572.8
796.13696,572.8
796.25598,567.4
796.375,561.8
796.49408,565.6
796.6131,562.8
796.73212,563.2
796.85114,563.2
796.97015,566.0
797.08923,560.0
797.20825,559.2
797.32727,563.8
797.44629,561.2
797.56531,556.6
797.68427,561.0
797.80328,553.2
797.9223,557.2
798.04132,559.2
798.16034,565.4
798.27936,557.4
798.39832,555.8
798.51733,552.8
798.63635,558.4
798.75531,559.0
798.87433,553.6
798.99329,552.8
799.1123,554.0
799.23126,552.2
799.35028,556.4
799.46924,555.0
799.58826,555.4
799.70721,554.0
799.82617,560.6
799.94519,555.4
800.06415,556.0
800.18311,552.0
800.30206,557.6
800.42102,559.2
800.54004,558.8
800.659,557.6
800.77795,554.2
800.89691,553.4
801.01587,556.4
801.13483,553.8
801.25372,556.2
801.37268,555.4
801.49164,556.0
801.6106,559.6
801.72955,564.4
801.84845,556.0
801.96741,561.8
802.08636,561.8
802.20526,560.0
802.32422,563.4
802.44318,566.2
802.56207,566.2
802.68103,565.4
802.79993,561.2
802.91882,563.0
803.03778,561.4
803.15668,560.4
803.27557,562.6
803.39453,566.4
803.51343,562.8
803.63232,565.8
803.75122,563.8
803.87012,565.6
803.98907,567.2
804.10797,572.8
804.22687,569.2
804.34576,567.4
804.46466,569.8
804.58356,574.6
804.70239,572.6
804.82129,569.8
804.94019,568.0
805.05908,573.2
805.17798,571.2
805.29681,569.8
805.41571,572.0
805.53461,573.6
805.65344,573.0
805.77234,573.2
805.89117,571.6
806.01007,581.4
806.12891,579.0
806.2478,586.2
806.36664,575.4
806.48547,574.2
806.60437,577.0
806.72321,579.8
806.84204,579.0
806.96088,579.8
807.07971,576.8
807.19861,578.2
807.31744,581.4
807.43628,583.8
807.55511,577.4
807.67395,583.0
807.79279,582.6
807.91162,583.0
808.0304,580.8
808.14923,581.6
808.26807,581.6
808.3869,589.0
808.50568,588.0
808.62451,589.8
808.74335,584.6
808.86212,585.2
808.98096,593.6
809.09979,587.4
809.21857,589.2
809.33734,588.4
809.45618,583.4
809.57495,590.4
809.69379,595.0
809.81256,590.4
809.93134,591.4
810.05011,585.8
810.16895,589.2
810.28772,587.8
810.40649,588.4
810.52527,592.8
810.64404,595.2
810.76282,598.2
810.88159,594.8
811.00037,586.2
811.11914,585.4
811.23792,594.2
811.35663,590.8
811.4754,593.8
811.59418,591.6
811.71295,599.4
811.83167,589.8
811.95044,592.0
812.06921,595.8
812.18793,595.4
812.3067,591.6
812.42542,593.2
812.54419,595.8
812.6629,594.6
812.78162,589.8
812.90039,587.4
813.0191,592.2
813.13782,591.0
813.25653,586.6
813.37524,586.0
813.49402,591.2
813.61273,591.2
813.73145,594.2
813.85016,592.2
813.96887,595.8
814.08759,587.8
814.2063,582.0
814.32495,590.6
814.44366,586.2
814.56238,586.6
814.68109,585.6
814.79974,587.2
814.91846,577.2
815.03717,580.8
815.15582,578.2
815.27454,579.6
815.39319,572.2
815.5119,578.6
815.63055,575.2
815.74927,583.2
815.86792,580.8
815.98657,581.4
816.10529,576.0
816.22394,583.0
816.34259,578.6
816.46124,586.4
816.5799,582.6
816.69855,589.2
816.8172,584.2
816.93585,581.2
817.0545,574.0
817.17316,571.2
817.29181,569.2
817.41046,563.0
817.52911,559.0
817.64771,560.4
817.76636,544.4
817.88501,550.6
818.0036,545.8
818.12225,541.8
818.24091,536.4
818.3595,534.0
818.47815,537.2
818.59674,534.2
818.71533,530.2
818.83398,524.2
818.95258,525.0
819.07117,524.4
819.18976,523.4
819.30841,520.0
819.427,524.2
819.54559,519.6
819.66418,525.4
819.78278,519.8
819.90137,520.0
820.01996,519.0
820.13855,517.8
820.25714,521.0
820.37573,519.2
820.49426,510.6
820.61285,513.2
820.73145,513.0
820.84998,507.6
820.96857,506.4
821.08716,511.4
821.20569,509.2
821.32428,508.0
821.44281,510.0
821.56134,508.4
821.67993,509.6
821.79846,512.2
821.91699,508.4
822.03558,508.4
822.15411,512.8
822.27264,508.4
822.39117,511.0
822.5097,507.8
822.62823,510.0
822.74677,505.8
822.8653,507.8
822.98383,502.2
823.10236,507.0
823.22089,510.6
823.33942,507.0
823.45789,508.2
823.57642,513.0
823.69495,512.8
823.81342,510.0
823.93195,507.0
824.05042,510.4
824.16895,508.6
824.28741,512.6
824.40594,509.4
824.52441,509.8
824.64288,509.6
824.76141,505.6
824.87988,501.6
824.99835,513.4
825.11682,503.8
825.23529,503.0
825.35376,506.6
825.47223,502.8
825.5907,505.0
825.70917,499.4
825.82764,507.0
825.94611,508.0
826.06458,501.2
826.18304,500.0
826.30145,498.6
826.41992,499.6
826.53839,501.4
826.6568,500.6
826.77527,495.0
826.89368,497.2
827.01215,499.8
827.13055,503.6
827.24902,497.8
827.36743,495.6
827.48584,493.0
827.60431,500.8
827.72272,493.8
827.84113,495.4
827.95953,492.8
828.07794,494.6
828.19635,496.8
828.31476,500.8
828.43317,491.6
828.55157,492.0
828.66998,489.0
828.78839,497.0
828.90674,494.4
829.02515,494.2
829.14355,496.8
829.2619,492.4
829.38031,494.2
829.49872,493.2
829.61707,490.4
829.73547,491.8
829.85382,493.8
829.97217,493.4
830.09058,493.4
830.20892,489.8
830.32727,494.2
830.44562,498.8
830.56403,494.8
830.68237,498.2
830.80072,494.0
830.91907,489.4
831.03741,498.0
831.15576,491.2
831.27411,491.2
831.3924,494.2
831.51074,488.6
831.62909,495.8
831.74744,496.0
831.86572,492.4
831.98407,492.8
832.10242,492.8
832.2207,495.2
832.33905,491.8
832.45734,491.0
832.57562,493.0
832.69397,493.2
832.81226,496.8
832.93054,495.0
833.04889,494.6
833.16718,492.8
833.28546,495.8
833.40375,498.2
833.52203,496.8
833.64032,491.2
833.75861,496.0
833.87689,497.0
833.99518,501.8
834.1134,503.6
834.23169,498.4
834.34998,493.8
834.46826,497.2
834.58649,500.2
834.70477,497.8
834.823,499.6
834.94128,502.0
835.05951,498.0
835.1778,500.2
835.29602,492.6
835.41425,502.0
835.53253,499.4
835.65076,498.2
835.76898,503.0
835.88721,498.4
836.00543,502.2
836.12366,509.2
836.24188,499.0
836.36011,500.4
836.47833,500.2
836.59656,508.8
836.71478,501.8
836.83295,503.2
836.95117,506.2
837.0694,500.8
837.18756,506.8
837.30579,507.6
837.42401,505.4
837.54218,506.4
837.66034,502.4
837.77856,506.6
837.89673,500.0
838.01489,506.0
838.13312,497.2
838.25128,505.4
838.36945,501.6
838.48761,504.0
838.60577,502.8
838.72394,506.4
838.8421,504.4
838.96027,505.8
839.07843,501.6
839.19659,503.0
839.31476,504.6
839.43286,507.2
839.55103,507.2
839.66919,508.2
839.78729,502.0
839.90546,499.8
840.02356,502.2
840.14172,500.6
840.25983,500.6
840.37793,501.2
840.49609,498.8
840.6142,505.2
840.7323,499.0
840.8504,497.2
840.96851,493.6
841.08661,499.2
841.20471,495.0
841.32281,501.4
841.44092,493.4
841.55902,496.8
841.67712,498.2
841.79523,497.2
841.91327,498.0
842.03137,497.4
842.14948,498.4
842.26752,498.0
842.38562,494.4
842.50366,493.2
842.62177,493.6
842.73981,498.0
842.85791,492.8
842.97595,500.6
843.09399,499.0
843.21204,501.0
843.33008,497.4
843.44818,495.0
843.56622,495.8
843.68427,497.6
843.80231,493.8
843.92029,497.4
844.03833,502.8
844.15637,493.0
844.27441,494.4
844.39246,495.4
844.51044,494.0
844.62848,496.0
844.74646,495.8
844.8645,498.2
844.98248,495.6
845.10052,493.0
845.21851,493.8
845.33649,497.8
845.45453,500.2
845.57251,495.6
845.69049,494.8
845.80847,493.2
845.92645,488.0
846.04443,497.4
846.16241,498.2
846.2804,496.4
846.39838,493.8
846.51636,497.8
846.63434,501.8
846.75226,491.0
846.87024,493.2
846.98822,497.2
847.10614,492.4
847.22412,493.6
847.34204,495.4
847.46002,491.8
847.57794,496.0
847.69586,496.0
847.81384,492.4
847.93176,500.4
848.04968,493.4
848.1676,497.6
848.28552,495.8
848.40344,498.2
848.52136,488.6
848.63928,494.4
848.7572,493.6
848.87512,495.2
848.99304,494.2
849.1109,494.2
849.22882,491.0
849.34674,491.8
849.4646,495.2
849.58252,488.2
849.70038,491.4
849.8183,495.8
849.93616,497.8
850.05402,495.6
850.17194,495.8
850.28979,494.2
850.40765,490.6
850.52551,498.0
850.64337,496.0
850.76123,493.8
850.87909,492.0
850.99695,497.2
851.11481,495.2
851.23267,497.6
851.35046,497.8
851.46832,492.8
851.58618,495.8
851.70398,505.2
851.82184,496.0
851.93964,502.0
852.0575,503.6
852.17529,508.8
852.29315,496.4
852.41095,501.2
852.52875,499.8
852.64655,500.8
852.7644,497.8
852.8822,494.6
853.0,498.8
853.1178,496.2
853.2356,488.6
853.35333,495.6
853.47113,497.6
853.58893,498.8
853.70673,493.4
853.82446,500.8
853.94226,492.2
854.06006,497.4
854.1778,498.2
854.29559,495.8
854.41333,498.8
854.53107,498.4
854.64886,502.2
854.7666,496.0
854.88434,495.0
855.00208,500.0
855.11981,500.6
855.23761,500.8
855.35535,500.8
855.47302,500.4
855.59076,498.6
855.7085,498.4
855.82623,498.2
855.94397,507.8
856.06165,497.2
856.17938,501.0
856.29712,502.2
856.41479,499.6
856.53253,503.2
856.65021,497.8
856.76788,495.6
856.88562,503.8
857.0033,496.2
857.12097,498.0
857.23865,495.4
857.35632,498.8
857.474,490.2
857.59167,497.6
857.70935,499.4
857.82703,497.4
857.9447,495.0
858.06238,495.2
858.18005,494.0
858.29767,494.6
858.41534,493.8
858.53296,493.4
858.65063,496.0
858.76825,495.4
858.88593,497.0
859.00354,495.4
859.12115,491.6
859.23883,499.0
859.35645,496.4
859.47406,496.0
859.59167,494.0
859.70929,494.4
859.8269,499.2
859.94452,496.8
860.06213,497.8
860.17975,501.2
860.29736,496.8
860.41492,490.4
860.53253,494.0
860.65009,493.4
860.7677,488.2
860.88525,497.8
861.00287,488.0
861.12042,492.4
861.23804,493.8
861.35559,495.6
861.47314,492.6
861.5907,493.6
861.70825,488.0
861.82581,490.6
861.94336,491.8
862.06091,492.6
862.17847,494.2
862.29602,493.2
862.41357,487.6
862.53113,491.2
862.64862,490.6
862.76617,496.0
862.88367,490.2
863.00122,497.0
863.11871,496.2
863.23627,489.0
863.35376,494.2
863.47125,491.2
863.58881,488.8
863.7063,493.8
863.82379,492.6
863.94128,490.6
864.05878,495.4
864.17627,493.6
864.29376,492.4
864.41125,494.2
864.52869,497.6
864.64618,493.6
864.76367,495.4
864.8811,494.0
864.9986,489.6
865.11609,493.2
865.23352,490.2
865.35095,494.4
865.46844,494.0
865.58588,491.4
865.70331,492.0
865.82074,497.6
865.93823,493.0
866.05566,497.4
866.1731,490.8
866.29053,494.6
866.4079,491.8
866.52533,492.8
866.64276,494.8
866.76019,490.0
866.87756,485.8
866.995,495.2
867.11243,488.8
867.2298,495.8
867.34723,490.0
867.4646,492.0
867.58197,495.6
867.6994,494.6
867.81677,492.6
867.93414,492.8
868.05151,493.4
868.16888,494.6
868.28625,493.0
868.40363,499.8
868.521,490.8
868.63837,493.6
868.75568,492.6
868.87305,499.0
868.99042,495.0
869.10773,491.4
869.2251,495.6
869.34241,496.6
869.45978,494.2
869.57709,492.8
869.69446,493.8
869.81177,499.0
869.92908,496.4
870.04639,492.0
870.1637,486.6
870.28101,498.0
870.39832,490.4
870.51563,500.0
870.63293,494.0
870.75024,497.6
870.86749,492.4
870.9848,497.0
871.10211,493.8
871.21936,494.2
871.33667,502.2
871.45392,500.4
871.57123,493.8
871.68848,492.0
871.80573,494.6
871.92297,495.4
872.04028,489.2
872.15753,499.8
872.27478,492.6
872.39203,494.4
872.50928,490.8
872.62646,496.0
872.74371,491.2
872.86096,498.0
872.97821,493.6
873.0954,499.2
873.21265,490.6
873.32983,487.6
873.44708,493.4
873.56427,493.8
873.68152,496.8
873.79871,491.0
873.91589,490.6
874.03308,491.8
874.15027,488.2
874.26746,492.0
874.38464,489.8
874.50183,492.2
874.61902,491.8
874.73621,494.0
874.85339,495.6
874.97052,493.2
875.08771,491.6
875.2049,490.8
875.32202,491.2
875.43921,495.6
875.55634,492.6
875.67346,498.2
875.79065,494.4
875.90778,497.6
876.0249,491.4
876.14203,494.4
876.25916,493.8
876.37628,493.6
876.49341,497.4
876.61053,495.6
876.72766,492.6
876.84473,502.0
876.96185,497.0
877.07898,494.8
877.19604,494.6
877.31317,496.4
877.43024,492.0
877.54736,493.0
877.66443,497.4
877.78149,496.8
877.89856,492.4
878.01569,493.0
878.13275,490.8
878.24982,493.6
878.36688,495.0
878.48395,495.8
878.60095,500.4
878.71802,490.2
878.83508,495.0
878.95215,490.8
879.06915,494.8
879.18622,495.4
879.30322,495.4
879.42029,494.6
879.53729,495.4
879.6543,492.4
879.77136,489.4
879.88837,497.8
880.00537,497.8
880.12238,493.2
880.23938,492.8
880.35638,498.4
880.47339,488.4
880.59039,492.4
880.70734,497.0
880.82434,495.8
880.94135,494.8
881.05829,493.8
881.17529,493.8
881.29224,496.6
881.40924,490.8
881.52618,493.6
881.64313,494.0
881.76007,493.8
881.87701,495.4
881.99402,494.2
882.11096,492.4
882.22791,492.6
882.34479,493.0
882.46173,498.4
882.57867,492.0
882.69562,494.8
882.8125,495.2
882.92944,493.2
883.04639,495.4
883.16327,498.2
883.28015,495.4
883.39709,497.0
883.51398,493.0
883.63086,499.2
883.74774,495.2
883.86462,499.8
883.98157,496.4
884.09839,498.6
884.21527,498.0
884.33215,497.8
884.44904,494.4
884.56592,496.4
884.68274,498.4
884.79962,496.4
884.9165,491.6
885.03333,499.8
885.15015,494.4
885.26703,497.8
885.38385,498.0
885.50067,502.0
885.61749,502.4
885.73438,500.2
885.8512,505.6
885.96802,503.4
886.08478,496.8
886.2016,499.4
886.31842,498.0
886.43524,500.6
886.55206,503.2
886.66882,500.8
886.78564,498.6
886.9024,500.0
887.01923,499.2
887.13599,496.6
887.25275,495.2
887.36951,502.6
887.48633,493.6
887.60309,503.4
887.71985,496.0
887.83661,497.6
887.95337,496.2
888.07007,498.8
888.18683,499.0
888.30359,497.4
888.42035,491.6
888.53705,497.2
888.65381,490.2
888.77051,494.6
888.88721,500.2
889.00397,493.8
889.12067,496.0
889.23737,497.0
889.35406,499.2
889.47083,490.8
889.58752,495.2
889.70416,493.4
889.82086,496.2
889.93756,496.2
890.05426,497.8
890.17096,497.4
890.2876,502.2
890.4043,495.4
890.52094,490.4
890.63763,495.8
890.75427,498.4
890.87091,500.4
890.98761,493.4
891.10425,499.0
891.22089,499.0
891.33752,498.0
891.45416,494.4
891.5708,492.4
891.68744,497.0
891.80408,496.2
891.92065,494.6
892.03729,496.0
892.15393,498.8
892.27051,499.2
892.38715,503.0
892.50372,494.6
892.6203,498.2
892.73694,499.0
892.85352,498.2
892.97009,495.4
893.08667,499.6
893.20325,498.0
893.31982,501.4
893.4364,504.2
893.55298,498.2
893.66956,497.8
893.78607,498.4
893.90265,504.0
894.01917,499.8
894.13574,502.0
894.25226,502.8
894.36884,500.0
894.48535,503.6
894.60187,501.8
894.71838,502.2
894.8349,503.0
894.95148,501.6
895.06793,499.8
895.18445,500.4
895.30096,500.8
895.41748,498.4
895.534,498.8
895.65045,499.2
895.76697,502.6
895.88342,498.6
895.99994,500.8
896.11639,496.4
896.23291,503.0
896.34937,501.8
896.46582,497.2
896.58228,499.0
896.69873,501.6
896.81519,496.2
896.93164,497.0
897.0481,498.4
897.16455,502.0
897.28094,498.8
897.3974,498.2
897.51385,501.6
897.63025,503.2
897.7467,500.4
897.8631,499.0
897.97949,499.6
898.09595,499.0
898.21234,496.0
898.32874,502.6
898.44513,503.2
898.56152,498.8
898.67792,497.6
898.79431,496.0
898.91064,492.0
899.02704,498.6
899.14343,492.2
899.25977,493.6
899.37616,494.0
899.49249,499.0
899.60889,494.8
899.72522,495.2
899.84155,499.0
899.95789,500.6
900.07428,497.2
900.19061,496.4
900.30695,498.4
900.42322,495.0
900.53955,494.2
900.65588,500.4
900.77222,493.0
900.88849,494.8
901.00482,494.6
901.12109,496.2
901.23743,497.0
901.3537,496.6
901.47003,492.2
901.5863,497.2
901.70258,494.6
901.81885,499.0
901.93512,496.4
902.05139,502.6
902.16766,495.2
902.28394,498.6
902.40021,492.4
902.51642,502.0
902.63269,493.8
902.7489,493.6
902.86517,496.2
902.98138,488.2
903.09766,495.2
903.21387,494.6
903.33008,496.0
903.44629,495.4
903.5625,495.4
903.67871,495.4
903.79492,489.6
903.91113,495.8
904.02734,492.0
904.14355,494.0
904.2597,491.8
904.37592,489.6
904.49207,486.8
904.60828,492.2
904.72443,489.8
904.84064,492.8
904.95679,487.8
905.07294,494.2
905.18909,492.4
905.30524,492.2
905.42139,492.0
905.53754,492.8
905.65369,486.6
905.76984,487.8
905.88593,487.2
906.00208,491.8
906.11816,488.4
906.23431,484.0
906.3504,484.0
906.46655,486.8
906.58264,489.0
906.69873,493.8
906.81482,487.4
906.93091,486.2
907.047,486.0
907.16309,491.4
907.27917,490.6
907.39526,491.6
907.51135,485.4
907.62738,485.0
907.74347,484.4
907.8595,483.4
907.97559,489.6
908.09161,489.8
908.2077,487.8
908.32373,488.6
908.43976,485.6
908.55579,482.8
908.67181,485.8
908.78784,487.6
908.90387,487.0
909.0199,484.6
909.13586,486.2
909.25189,489.6
909.36792,488.4
909.48389,487.2
909.59991,488.6
909.71588,487.0
909.83185,491.4
909.94788,484.0
910.06384,487.2
910.17981,486.0
910.29578,487.0
910.41174,488.0
910.52771,488.8
910.64368,488.6
910.75958,484.8
910.87555,486.4
910.99152,488.8
911.10742,487.6
911.22339,490.4
911.33929,489.2
911.4552,486.8
911.57117,484.0
911.68707,487.2
911.80298,489.8
911.91888,482.4
912.03479,488.6
912.1507,492.2
912.2666,488.8
912.38245,486.0
912.49835,486.0
912.61426,490.4
912.7301,491.8
912.84601,490.2
792.4458,630.2
792.56488,622.8
792.68396,627.2
792.8031,627.6
792.92218,610.0
793.04126,603.4
793.16034,605.8
793.27942,599.8
793.3985,598.0
793.51758,592.0
793.63672,581.6
793.7558,587.4
793.87488,596.4
793.9939,587.6
794.11298,583.0
794.23206,579.8
794.35114,575.4
794.47021,568.6
794.58929,565.0
794.70831,566.0
794.82739,569.6
794.94647,566.0
795.06549,567.0
795.18457,557.6
795.30365,561.6
795.42267,555.4
795.54175,553.0
795.66077,558.4
795.77985,553.2
795.89886,559.4
796.01794,554.6
796.13696,549.8
796.25598,554.6
796.375,551.2
796.49408,548.6
796.6131,547.6
796.73212,547.6
796.85114,553.4
796.97015,545.0
797.08923,543.8
797.20825,543.0
797.32727,549.0
797.44629,546.8
797.56531,543.2
797.68427,541.8
797.80328,543.2
797.9223,533.4
798.04132,543.2
798.16034,543.4
798.27936,543.4
798.39832,538.8
798.51733,537.8
798.63635,541.6
798.75531,538.6
798.87433,537.0
798.99329,537.6
799.1123,537.2
799.23126,538.2
799.35028,542.8
799.46924,540.8
799.58826,544.2
799.70721,541.6
799.82617,535.8
799.94519,536.0
800.06415,540.0
800.18311,537.2
800.30206,538.8
800.42102,541.6
800.54004,537.6
800.659,539.6
800.77795,544.8
800.89691,541.4
801.01587,544.8
801.13483,541.6
801.25372,542.6
801.37268,543.4
801.49164,546.6
801.6106,555.2
801.72955,544.6
801.84845,541.6
801.96741,552.6
802.08636,547.0
802.20526,552.0
802.32422,549.4
802.44318,549.0
802.56207,551.8
802.68103,549.6
802.79993,552.4
802.91882,549.0
803.03778,541.8
803.15668,553.8
803.27557,553.4
803.39453,551.4
803.51343,554.2
803.63232,553.8
803.75122,550.2
803.87012,558.0
803.98907,548.4
804.10797,558.0
804.22687,549.8
804.34576,557.2
804.46466,555.4
804.58356,551.0
804.70239,553.6
804.82129,554.0
804.94019,547.6
805.05908,557.2
805.17798,558.6
805.29681,562.0
805.41571,560.2
805.53461,562.6
805.65344,561.2
805.77234,563.2
805.89117,563.0
806.01007,560.4
806.12891,561.2
806.2478,567.8
806.36664,556.8
806.48547,560.0
806.60437,557.0
806.72321,562.2
806.84204,562.0
806.96088,565.6
807.07971,568.6
807.19861,567.2
807.31744,566.4
807.43628,565.2
807.55511,564.6
807.67395,567.8
807.79279,567.2
807.91162,568.0
808.0304,566.6
808.14923,574.0
808.26807,565.2
808.3869,571.0
808.50568,570.0
808.62451,575.6
808.74335,574.6
808.86212,572.4
808.98096,578.0
809.09979,573.6
809.21857,580.6
809.33734,574.0
809.45618,577.2
809.57495,580.8
809.69379,582.6
809.81256,578.2
809.93134,580.6
810.05011,574.2
810.16895,575.4
810.28772,573.0
810.40649,580.4
810.52527,577.8
810.64404,580.6
810.76282,579.6
810.88159,580.2
811.00037,578.0
811.11914,575.8
811.23792,574.8
811.35663,578.6
811.4754,577.0
811.59418,582.0
811.71295,579.0
811.83167,577.8
811.95044,577.2
812.06921,582.8
812.18793,580.8
812.3067,576.2
812.42542,578.4
812.54419,576.4
812.6629,580.6
812.78162,578.8
812.90039,574.8
813.0191,576.0
813.13782,574.2
813.25653,573.4
813.37524,576.0
813.49402,573.2
813.61273,580.4
813.73145,577.2
813.85016,574.6
813.96887,578.6
814.08759,573.4
814.2063,578.2
814.32495,574.4
814.44366,576.8
814.56238,576.2
814.68109,563.4
814.79974,576.8
814.91846,566.8
815.03717,574.0
815.15582,567.6
815.27454,568.4
815.39319,560.8
815.5119,569.2
815.63055,561.0
815.74927,566.0
815.86792,561.8
815.98657,566.6
816.10529,565.0
816.22394,569.8
816.34259,571.8
816.46124,573.8
816.5799,571.2
816.69855,572.2
816.8172,569.2
816.93585,568.2
817.0545,566.0
817.17316,559.4
817.29181,551.6
817.41046,555.8
817.52911,549.4
817.64771,546.4
817.76636,536.0
817.88501,535.6
818.0036,539.4
818.12225,533.0
818.24091,525.8
818.3595,525.6
818.47815,525.8
818.59674,527.8
818.71533,520.4
818.83398,514.2
818.95258,516.0
819.07117,518.0
819.18976,517.6
819.30841,519.4
819.427,519.4
819.54559,516.0
819.66418,514.2
819.78278,516.8
819.90137,512.2
820.01996,511.2
820.13855,510.2
820.25714,510.6
820.37573,506.8
820.49426,505.0
820.61285,504.0
820.73145,506.2
820.84998,501.4
820.96857,505.4
821.08716,503.0
821.20569,499.4
821.32428,502.8
821.44281,501.0
821.56134,503.8
821.67993,498.2
821.79846,499.8
821.91699,502.8
822.03558,504.4
822.15411,503.0
822.27264,507.2
822.39117,500.6
822.5097,505.2
822.62823,503.0
822.74677,499.2
822.8653,496.4
822.98383,497.2
823.10236,496.6
823.22089,499.0
823.33942,497.2
823.45789,500.4
823.57642,501.2
823.69495,501.2
823.81342,503.2
823.93195,500.4
824.05042,505.0
824.16895,498.6
824.28741,504.2
824.40594,503.8
824.52441,501.8
824.64288,499.4
824.76141,500.4
824.87988,497.0
824.99835,500.0
825.11682,496.8
825.23529,503.4
825.35376,494.4
825.47223,492.8
825.5907,496.4
825.70917,502.2
825.82764,496.6
825.94611,494.2
826.06458,492.0
826.18304,489.2
826.30145,496.8
826.41992,494.6
826.53839,491.4
826.6568,497.2
826.77527,489.2
826.89368,496.4
827.01215,490.6
827.13055,490.6
827.24902,488.8
827.36743,494.4
827.48584,493.8
827.60431,487.8
827.72272,491.8
827.84113,488.4
827.95953,485.6
828.07794,489.2
828.19635,488.4
828.31476,487.4
828.43317,485.6
828.55157,494.2
828.66998,489.4
828.78839,490.4
828.90674,488.0
829.02515,491.0
829.14355,492.6
829.2619,487.8
829.38031,485.0
829.49872,490.8
829.61707,485.0
829.73547,488.6
829.85382,490.4
829.97217,491.0
830.09058,482.8
830.20892,489.4
830.32727,483.8
830.44562,488.6
830.56403,487.0
830.68237,486.2
830.80072,485.8
830.91907,485.2
831.03741,489.4
831.15576,485.4
831.27411,486.2
831.3924,488.6
831.51074,487.6
831.62909,487.6
831.74744,483.0
831.86572,491.2
831.98407,487.0
832.10242,490.0
832.2207,490.4
832.33905,495.4
832.45734,490.6
832.57562,488.0
832.69397,483.0
832.81226,491.0
832.93054,484.8
833.04889,491.2
833.16718,487.6
833.28546,494.4
833.40375,497.4
833.52203,491.6
833.64032,487.4
833.75861,486.6
833.87689,489.4
833.99518,490.8
834.1134,488.6
834.23169,489.0
834.34998,490.8
834.46826,496.6
834.58649,491.2
834.70477,496.2
834.823,492.6
834.94128,496.6
835.05951,490.8
835.1778,495.0
835.29602,488.6
835.41425,495.6
835.53253,494.4
835.65076,493.6
835.76898,494.0
835.88721,500.4
836.00543,497.6
836.12366,499.4
836.24188,496.6
836.36011,496.2
836.47833,504.2
836.59656,501.2
836.71478,501.0
836.83295,502.8
836.95117,497.8
837.0694,502.4
837.18756,502.6
837.30579,500.4
837.42401,503.6
837.54218,502.6
837.66034,501.8
837.77856,504.4
837.89673,502.6
838.01489,503.4
838.13312,500.4
838.25128,501.2
838.36945,502.8
838.48761,498.4
838.60577,503.2
838.72394,501.6
838.8421,495.2
838.96027,500.6
839.07843,498.2
839.19659,497.6
839.31476,501.8
839.43286,496.0
839.55103,502.8
839.66919,500.6
839.78729,494.4
839.90546,502.4
840.02356,497.0
840.14172,500.2
840.25983,493.6
840.37793,496.0
840.49609,497.0
840.6142,493.2
840.7323,496.8
840.8504,497.6
840.96851,491.2
841.08661,498.4
841.20471,495.4
841.32281,496.8
841.44092,494.2
841.55902,496.6
841.67712,490.8
841.79523,493.2
841.91327,490.8
842.03137,497.8
842.14948,490.8
842.26752,494.4
842.38562,495.4
842.50366,490.2
842.62177,498.6
842.73981,487.6
842.85791,493.8
842.97595,489.4
843.09399,495.6
843.21204,494.6
843.33008,496.2
843.44818,494.4
843.56622,495.6
843.68427,491.6
843.80231,493.0
843.92029,494.6
844.03833,496.0
844.15637,497.6
844.27441,494.8
844.39246,495.2
844.51044,491.8
844.62848,494.4
844.74646,495.6
844.8645,495.4
844.98248,492.4
845.10052,496.0
845.21851,496.2
845.33649,496.8
845.45453,496.6
845.57251,496.0
845.69049,498.6
845.80847,495.2
845.92645,494.0
846.04443,495.0
846.16241,495.4
846.2804,494.4
846.39838,497.6
846.51636,493.8
846.63434,494.0
846.75226,497.4
846.87024,494.2
846.98822,497.4
847.10614,489.6
847.22412,495.6
847.34204,495.0
847.46002,496.6
847.57794,493.6
847.69586,497.8
847.81384,492.8
847.93176,497.8
848.04968,494.0
848.1676,489.8
848.28552,493.2
848.40344,492.8
848.52136,491.6
848.63928,495.2
848.7572,494.8
848.87512,489.4
848.99304,496.4
849.1109,491.4
849.22882,487.6
849.34674,490.8
849.4646,498.4
849.58252,493.2
849.70038,488.6
849.8183,494.0
849.93616,492.8
850.05402,498.4
850.17194,497.4
850.28979,494.0
850.40765,494.0
850.52551,502.8
850.64337,497.4
850.76123,496.8
850.87909,495.6
850.99695,495.8
851.11481,495.0
851.23267,499.4
851.35046,495.2
851.46832,492.4
851.58618,495.0
851.70398,500.2
851.82184,496.2
851.93964,504.0
852.0575,501.4
852.17529,508.6
852.29315,500.8
852.41095,498.6
852.52875,501.0
852.64655,500.4
852.7644,502.6
852.8822,497.2
853.0,494.4
853.1178,501.8
853.2356,496.4
853.35333,496.4
853.47113,504.8
853.58893,499.8
853.70673,500.6
853.82446,500.4
853.94226,498.2
854.06006,494.2
854.1778,499.6
854.29559,505.2
854.41333,499.4
854.53107,499.4
854.64886,505.6
854.7666,499.8
854.88434,494.6
855.00208,502.4
855.11981,501.8
855.23761,502.0
855.35535,502.4
855.47302,504.2
855.59076,502.8
855.7085,503.8
855.82623,498.6
855.94397,502.6
856.06165,498.6
856.17938,495.4
856.29712,502.0
856.41479,501.6
856.53253,503.8
856.65021,502.4
856.76788,497.4
856.88562,502.8
857.0033,503.2
857.12097,499.8
857.23865,498.6
857.35632,500.4
857.474,496.8
857.59167,498.6
857.70935,500.0
857.82703,499.4
857.9447,500.6
858.06238,499.0
858.18005,498.4
858.29767,498.0
858.41534,499.2
858.53296,503.4
858.65063,498.8
858.76825,501.6
858.88593,499.8
859.00354,494.4
859.12115,496.4
859.23883,505.0
859.35645,495.8
859.47406,499.2
859.59167,496.6
859.70929,496.4
859.8269,500.4
859.94452,495.0
860.06213,500.0
860.17975,496.4
860.29736,496.8
860.41492,494.0
860.53253,493.6
860.65009,495.2
860.7677,493.2
860.88525,500.6
861.00287,496.4
861.12042,501.4
861.23804,497.2
861.35559,497.0
861.47314,503.4
861.5907,493.2
861.70825,493.8
861.82581,498.0
861.94336,492.2
862.06091,496.6
862.17847,496.2
862.29602,498.2
862.41357,496.4
862.53113,496.6
862.64862,496.0
862.76617,495.4
862.88367,501.6
863.00122,501.6
863.11871,500.2
863.23627,495.4
863.35376,497.8
863.47125,497.0
863.58881,494.8
863.7063,498.6
863.82379,494.8
863.94128,494.0
864.05878,499.4
864.17627,500.6
864.29376,496.8
864.41125,500.8
864.52869,496.4
864.64618,497.6
864.76367,505.4
864.8811,499.4
864.9986,491.4
865.11609,496.4
865.23352,494.0
865.35095,502.8
865.46844,499.4
865.58588,497.6
865.70331,498.8
865.82074,498.8
865.93823,497.4
866.05566,497.4
866.1731,499.0
866.29053,496.2
866.4079,495.0
866.52533,503.0
866.64276,499.2
866.76019,495.2
866.87756,496.2
866.995,499.0
867.11243,500.0
867.2298,499.4
867.34723,497.4
867.4646,498.8
867.58197,496.6
867.6994,500.0
867.81677,502.4
867.93414,493.2
868.05151,503.2
868.16888,500.4
868.28625,497.0
868.40363,497.6
868.521,500.8
868.63837,496.4
868.75568,501.4
868.87305,499.8
868.99042,501.6
869.10773,500.2
869.2251,499.6
869.34241,504.8
869.45978,497.2
869.57709,503.2
869.69446,501.2
869.81177,508.6
869.92908,501.8
870.04639,508.6
870.1637,500.4
870.28101,501.0
870.39832,503.0
870.51563,501.0
870.63293,502.0
870.75024,499.8
870.86749,504.8
870.9848,497.6
871.10211,504.0
871.21936,502.4
871.33667,501.8
871.45392,505.2
871.57123,496.2
871.68848,497.6
871.80573,502.2
871.92297,504.8
872.04028,497.6
872.15753,501.0
872.27478,500.2
872.39203,502.0
872.50928,501.4
872.62646,503.0
872.74371,500.8
872.86096,505.0
872.97821,502.6
873.0954,504.6
873.21265,491.4
873.32983,500.8
873.44708,505.0
873.56427,505.6
873.68152,496.8
873.79871,506.4
873.91589,497.2
874.03308,501.4
874.15027,500.2
874.26746,500.2
874.38464,497.8
874.50183,503.4
874.61902,495.6
874.73621,499.2
874.85339,500.6
874.97052,504.0
875.08771,500.8
875.2049,504.2
875.32202,498.0
875.43921,505.6
875.55634,500.4
875.67346,505.6
875.79065,500.6
875.90778,509.2
876.0249,501.8
876.14203,497.2
876.25916,497.8
876.37628,506.2
876.49341,506.8
876.61053,501.8
876.72766,504.0
876.84473,511.4
876.96185,502.0
877.07898,505.4
877.19604,505.8
877.31317,505.4
877.43024,502.8
877.54736,499.6
877.66443,504.2
877.78149,503.4
877.89856,506.2
878.01569,499.4
878.13275,502.0
878.24982,502.4
878.36688,504.8
878.48395,507.8
878.60095,500.2
878.71802,501.6
878.83508,509.8
878.95215,502.0
879.06915,503.0
879.18622,502.8
879.30322,497.4
879.42029,498.0
879.53729,505.2
879.6543,503.4
879.77136,502.2
879.88837,504.0
880.00537,501.4
880.12238,505.2
880.23938,501.4
880.35638,506.4
880.47339,500.8
880.59039,503.0
880.70734,499.2
880.82434,503.4
880.94135,499.6
881.05829,505.8
881.17529,500.2
881.29224,500.0
881.40924,505.6
881.52618,503.4
881.64313,504.6
881.76007,503.2
881.87701,500.0
881.99402,505.0
882.11096,503.4
882.22791,502.4
882.34479,503.2
882.46173,504.2
882.57867,510.6
882.69562,505.6
882.8125,508.8
882.92944,505.4
883.04639,510.2
883.16327,513.8
883.28015,504.0
883.39709,502.2
883.51398,508.0
883.63086,504.0
883.74774,511.6
883.86462,507.6
883.98157,508.8
884.09839,505.0
884.21527,509.0
884.33215,505.2
884.44904,504.0
884.56592,509.2
884.68274,505.2
884.79962,508.0
884.9165,504.0
885.03333,506.0
885.15015,511.8
885.26703,513.6
885.38385,502.2
885.50067,511.8
885.61749,513.8
885.73438,514.2
885.8512,508.2
885.96802,511.0
886.08478,510.2
886.2016,515.0
886.31842,514.6
886.43524,506.4
886.55206,513.2
886.66882,512.4
886.78564,510.6
886.9024,512.0
887.01923,507.4
887.13599,506.6
887.25275,509.8
887.36951,508.0
887.48633,511.8
887.60309,515.4
887.71985,511.2
887.83661,511.2
887.95337,505.0
888.07007,505.4
888.18683,510.8
888.30359,508.8
888.42035,511.2
888.53705,511.8
888.65381,507.4
888.77051,507.6
888.88721,507.4
889.00397,508.0
889.12067,504.8
889.23737,511.0
889.35406,510.0
889.47083,506.8
889.58752,509.2
889.70416,508.2
889.82086,507.6
889.93756,513.8
890.05426,509.6
890.17096,508.0
890.2876,507.2
890.4043,503.2
890.52094,505.6
890.63763,507.8
890.75427,510.2
890.87091,513.2
890.98761,512.2
891.10425,511.8
891.22089,506.8
891.33752,516.6
891.45416,514.8
891.5708,510.4
891.68744,510.4
891.80408,510.6
891.92065,518.4
892.03729,511.2
892.15393,519.4
892.27051,512.4
892.38715,509.6
892.50372,510.6
892.6203,509.4
892.73694,509.4
892.85352,517.8
892.97009,514.2
893.08667,517.2
893.20325,512.2
893.31982,514.8
893.4364,517.2
893.55298,507.0
893.66956,514.2
893.78607,517.0
893.90265,515.0
894.01917,513.6
894.13574,519.8
894.25226,516.2
894.36884,510.4
894.48535,517.2
894.60187,514.4
894.71838,514.4
894.8349,517.4
894.95148,515.0
895.06793,516.6
895.18445,518.4
895.30096,513.4
895.41748,514.6
895.534,511.4
895.65045,508.0
895.76697,512.6
895.88342,513.6
895.99994,514.8
896.11639,515.0
896.23291,512.2
896.34937,516.6
896.46582,511.6
896.58228,512.0
896.69873,514.4
896.81519,509.6
896.93164,510.4
897.0481,515.6
897.16455,516.0
897.28094,512.2
897.3974,514.8
897.51385,517.4
897.63025,517.8
897.7467,515.2
897.8631,510.8
897.97949,512.0
898.09595,516.8
898.21234,516.6
898.32874,518.4
898.44513,512.6
898.56152,511.8
898.67792,510.4
898.79431,511.4
898.91064,516.0
899.02704,507.2
899.14343,517.4
899.25977,515.2
899.37616,508.0
899.49249,511.4
899.60889,510.8
899.72522,509.8
899.84155,511.0
899.95789,515.2
900.07428,514.8
900.19061,512.6
900.30695,510.0
900.42322,512.8
900.53955,508.0
900.65588,512.6
900.77222,515.4
900.88849,515.2
901.00482,505.8
901.12109,512.6
901.23743,512.6
901.3537,506.4
901.47003,504.2
901.5863,508.0
901.70258,508.2
901.81885,503.2
901.93512,507.2
902.05139,507.8
902.16766,507.8
902.28394,507.2
902.40021,514.6
902.51642,511.0
902.63269,510.0
902.7489,509.6
902.86517,512.2
902.98138,515.8
903.09766,510.6
903.21387,510.8
903.33008,514.0
903.44629,506.0
903.5625,503.2
903.67871,506.6
903.79492,510.0
903.91113,505.0
904.02734,505.6
904.14355,504.8
904.2597,510.2
904.37592,508.2
904.49207,503.4
904.60828,506.2
904.72443,515.0
904.84064,508.6
904.95679,505.0
905.07294,507.4
905.18909,506.2
905.30524,505.4
905.42139,506.2
905.53754,503.2
905.65369,503.0
905.76984,507.6
905.88593,503.4
906.00208,506.2
906.11816,510.2
906.23431,501.4
906.3504,505.0
906.46655,499.8
906.58264,501.0
906.69873,499.2
906.81482,502.8
906.93091,506.4
907.047,501.6
907.16309,500.4
907.27917,502.6
907.39526,501.0
907.51135,501.6
907.62738,503.2
907.74347,506.4
907.8595,503.2
907.97559,508.2
908.09161,508.6
908.2077,505.8
908.32373,503.0
908.43976,503.2
908.55579,496.4
908.67181,497.6
908.78784,502.8
908.90387,503.8
909.0199,504.0
909.13586,502.6
909.25189,503.4
909.36792,501.4
909.48389,498.6
909.59991,502.6
909.71588,502.8
909.83185,503.0
909.94788,502.2
910.06384,503.8
910.17981,499.2
910.29578,500.8
910.41174,502.0
910.52771,500.8
910.64368,505.4
910.75958,498.0
910.87555,499.4
910.99152,500.6
911.10742,503.8
911.22339,505.8
911.33929,509.0
911.4552,505.6
911.57117,496.0
911.68707,507.0
911.80298,499.8
911.91888,496.6
912.03479,495.4
912.1507,507.4
912.2666,505.8
912.38245,501.2
912.49835,506.6
912.61426,504.6
912.7301,501.0
912.84601,502.8
792.4458,718.2
792.56488,691.0
792.68396,690.0
792.8031,699.4
792.92218,692.6
793.04126,682.8
793.16034,686.0
793.27942,686.8
793.3985,675.2
793.51758,669.4
793.63672,657.4
793.7558,654.4
793.87488,657.6
793.9939,658.0
794.11298,640.4
794.23206,649.2
794.35114,637.8
794.47021,634.8
794.58929,623.4
794.70831,628.4
794.82739,624.4
794.94647,625.0
795.06549,622.4
795.18457,616.4
795.30365,614.8
795.42267,607.0
795.54175,608.4
795.66077,613.0
795.77985,606.8
795.89886,601.0
796.01794,603.2
796.13696,606.8
796.25598,605.2
796.375,595.8
796.49408,592.8
796.6131,593.0
796.73212,598.8
796.85114,602.0
796.97015,593.8
797.08923,589.4
797.20825,590.2
797.32727,593.0
797.44629,591.0
797.56531,592.8
797.68427,585.6
797.80328,584.0
797.9223,584.4
798.04132,582.4
798.16034,584.4
798.27936,583.4
798.39832,582.6
798.51733,577.8
798.63635,580.8
798.75531,578.2
798.87433,573.6
798.99329,575.2
799.1123,576.0
799.23126,580.0
799.35028,575.8
799.46924,578.2
799.58826,577.8
799.70721,579.4
799.82617,581.2
799.94519,572.8
800.06415,580.2
800.18311,575.8
800.30206,577.0
800.42102,574.6
800.54004,579.2
800.659,581.2
800.77795,580.0
800.89691,578.6
801.01587,576.4
801.13483,574.6
801.25372,577.2
801.37268,578.0
801.49164,579.2
801.6106,585.8
801.72955,584.6
801.84845,578.6
801.96741,581.8
802.08636,585.4
802.20526,580.8
802.32422,579.6
802.44318,585.0
802.56207,578.6
802.68103,582.0
802.79993,586.0
802.91882,583.6
803.03778,580.0
803.15668,581.8
803.27557,592.2
803.39453,583.8
803.51343,582.8
803.63232,587.0
803.75122,590.4
803.87012,584.4
803.98907,586.6
804.10797,584.2
804.22687,586.0
804.34576,583.8
804.46466,591.0
804.58356,586.8
804.70239,592.4
804.82129,592.4
804.94019,583.0
805.05908,590.0
805.17798,587.2
805.29681,590.8
805.41571,591.4
805.53461,593.2
805.65344,588.6
805.77234,599.2
805.89117,602.4
806.01007,593.8
806.12891,602.6
806.2478,595.0
806.36664,595.4
806.48547,596.8
806.60437,598.8
806.72321,595.0
806.84204,601.2
806.96088,595.2
807.07971,594.2
807.19861,601.2
807.31744,595.6
807.43628,596.4
807.55511,598.6
807.67395,590.4
807.79279,600.0
807.91162,601.4
808.0304,602.8
808.14923,601.4
808.26807,602.0
808.3869,604.6
808.50568,605.8
808.62451,602.8
808.74335,607.2
808.86212,602.0
808.98096,607.0
809.09979,605.8
809.21857,605.2
809.33734,604.6
809.45618,599.6
809.57495,610.6
809.69379,604.2
809.81256,608.4
809.93134,604.6
810.05011,597.2
810.16895,600.6
810.28772,605.0
810.40649,606.0
810.52527,610.2
810.64404,604.6
810.76282,615.4
810.88159,606.2
811.00037,609.8
811.11914,604.4
811.23792,611.2
811.35663,608.8
811.4754,610.4
811.59418,614.6
811.71295,608.4
811.83167,610.8
811.95044,607.4
812.06921,614.0
812.18793,611.4
812.3067,606.8
812.42542,612.4
812.54419,608.4
812.6629,610.4
812.78162,608.2
812.90039,603.8
813.0191,600.6
813.13782,608.6
813.25653,603.8
813.37524,600.8
813.49402,610.8
813.61273,611.6
813.73145,606.4
813.85016,607.2
813.96887,604.6
814.08759,605.2
814.2063,600.6
814.32495,608.0
814.44366,606.2
814.56238,600.8
814.68109,601.2
814.79974,598.2
814.91846,599.2
815.03717,597.2
815.15582,595.2
815.27454,596.6
815.39319,589.0
815.5119,588.0
815.63055,589.6
815.74927,594.8
815.86792,594.0
815.98657,597.6
816.10529,596.6
816.22394,597.6
816.34259,591.4
816.46124,600.4
816.5799,603.0
816.69855,602.6
816.8172,600.6
816.93585,593.6
817.0545,590.4
817.17316,581.2
817.29181,585.8
817.41046,585.8
817.52911,578.0
817.64771,573.8
817.76636,569.4
817.88501,568.8
818.0036,565.4
818.12225,561.4
818.24091,556.2
818.3595,550.4
818.47815,553.8
818.59674,556.8
818.71533,556.4
818.83398,545.6
818.95258,547.0
819.07117,543.8
819.18976,545.2
819.30841,546.2
819.427,543.2
819.54559,539.6
819.66418,543.4
819.78278,543.0
819.90137,542.0
820.01996,534.2
820.13855,536.6
820.25714,544.8
820.37573,541.2
820.49426,532.2
820.61285,533.8
820.73145,538.4
820.84998,537.6
820.96857,537.4
821.08716,532.4
821.20569,534.2
821.32428,530.4
821.44281,537.0
821.56134,532.0
821.67993,533.2
821.79846,528.6
821.91699,527.6
822.03558,525.6
822.15411,532.0
822.27264,528.4
822.39117,527.4
822.5097,530.0
822.62823,528.2
822.74677,524.0
822.8653,527.8
822.98383,524.8
823.10236,529.0
823.22089,526.8
823.33942,523.4
823.45789,525.0
823.57642,526.2
823.69495,530.2
823.81342,527.2
823.93195,528.6
824.05042,532.2
824.16895,529.4
824.28741,529.6
824.40594,528.2
824.52441,528.2
824.64288,531.4
824.76141,524.2
824.87988,524.6
824.99835,526.2
825.11682,525.0
825.23529,528.6
825.35376,523.4
825.47223,524.8
825.5907,528.4
825.70917,525.6
825.82764,522.2
825.94611,520.2
826.06458,520.8
826.18304,514.2
826.30145,519.8
826.41992,523.0
826.53839,517.6
826.6568,523.2
826.77527,521.2
826.89368,523.6
827.01215,513.8
827.13055,516.4
827.24902,514.2
827.36743,516.4
827.48584,522.0
827.60431,515.2
827.72272,519.6
827.84113,513.4
827.95953,515.8
828.07794,516.4
828.19635,513.2
828.31476,515.4
828.43317,511.0
828.55157,512.0
828.66998,518.8
828.78839,515.2
828.90674,515.8
829.02515,511.2
829.14355,516.8
829.2619,511.0
829.38031,513.0
829.49872,514.0
829.61707,510.6
829.73547,510.4
829.85382,515.8
829.97217,510.4
830.09058,513.8
830.20892,514.0
830.32727,512.0
830.44562,514.2
830.56403,511.8
830.68237,510.0
830.80072,512.4
830.91907,510.8
831.03741,509.8
831.15576,517.6
831.27411,509.4
831.3924,514.8
831.51074,518.8
831.62909,515.4
831.74744,509.0
831.86572,512.4
831.98407,514.4
832.10242,516.8
832.2207,516.6
832.33905,511.2
832.45734,513.6
832.57562,513.8
832.69397,512.6
832.81226,515.0
832.93054,511.0
833.04889,512.0
833.16718,511.2
833.28546,513.4
833.40375,519.2
833.52203,518.6
833.64032,513.6
833.75861,519.0
833.87689,520.0
833.99518,518.4
834.1134,522.0
834.23169,523.8
834.34998,515.2
834.46826,521.8
834.58649,518.2
834.70477,520.2
834.823,516.8
834.94128,525.4
835.05951,514.8
835.1778,519.0
835.29602,518.8
835.41425,521.4
835.53253,518.8
835.65076,517.0
835.76898,519.4
835.88721,521.2
836.00543,522.0
836.12366,523.8
836.24188,522.2
836.36011,520.8
836.47833,527.2
836.59656,528.4
836.71478,521.0
836.83295,530.2
836.95117,520.8
837.0694,525.0
837.18756,526.4
837.30579,524.2
837.42401,522.2
837.54218,525.8
837.66034,520.2
837.77856,525.8
837.89673,519.2
838.01489,522.6
838.13312,518.4
838.25128,523.8
838.36945,524.0
838.48761,519.6
838.60577,526.2
838.72394,524.0
838.8421,523.6
838.96027,523.4
839.07843,523.2
839.19659,522.4
839.31476,527.2
839.43286,526.0
839.55103,521.6
839.66919,523.2
839.78729,520.4
839.90546,520.0
840.02356,525.4
840.14172,522.6
840.25983,518.6
840.37793,522.8
840.49609,522.0
840.6142,519.8
840.7323,519.2
840.8504,519.6
840.96851,520.8
841.08661,512.8
841.20471,520.0
841.32281,520.8
841.44092,518.0
841.55902,521.0
841.67712,516.6
841.79523,515.0
841.91327,519.8
842.03137,518.0
842.14948,518.8
842.26752,510.2
842.38562,513.2
842.50366,516.8
842.62177,518.6
842.73981,516.2
842.85791,517.8
842.97595,521.8
843.09399,518.6
843.21204,517.6
843.33008,520.8
843.44818,514.8
843.56622,521.0
843.68427,520.6
843.80231,518.6
843.92029,517.0
844.03833,526.4
844.15637,516.6
844.27441,518.0
844.39246,521.6
844.51044,520.6
844.62848,517.2
844.74646,523.8
844.8645,516.6
844.98248,519.8
845.10052,522.0
845.21851,520.2
845.33649,521.8
845.45453,524.2
845.57251,525.8
845.69049,518.2
845.80847,517.0
845.92645,516.0
846.04443,514.6
846.16241,516.4
846.2804,516.8
846.39838,516.0
846.51636,519.8
846.63434,517.4
846.75226,522.4
846.87024,521.6
846.98822,517.0
847.10614,519.6
847.22412,518.8
847.34204,517.0
847.46002,522.4
847.57794,518.6
847.69586,518.8
847.81384,518.8
847.93176,518.8
848.04968,520.8
848.1676,518.0
848.28552,517.4
848.40344,518.0
848.52136,513.8
848.63928,519.2
848.7572,519.0
848.87512,518.0
848.99304,516.4
849.1109,512.6
849.22882,510.6
849.34674,518.8
849.4646,514.0
849.58252,515.8
849.70038,518.8
849.8183,514.0
849.93616,510.0
850.05402,519.4
850.17194,515.0
850.28979,515.4
850.40765,520.8
850.52551,520.6
850.64337,518.0
850.76123,515.8
850.87909,518.8
850.99695,515.6
851.11481,519.0
851.23267,519.4
851.35046,526.6
851.46832,521.0
851.58618,519.2
851.70398,526.4
851.82184,521.8
851.93964,523.6
852.0575,531.4
852.17529,535.2
852.29315,533.6
852.41095,522.6
852.52875,523.4
852.64655,522.6
852.7644,521.6
852.8822,521.6
853.0,515.2
853.1178,517.2
853.2356,518.2
853.35333,516.4
853.47113,520.0
853.58893,515.0
853.70673,514.6
853.82446,520.2
853.94226,522.6
854.06006,517.0
854.1778,519.8
854.29559,519.4
854.41333,518.0
854.53107,522.2
854.64886,521.0
854.7666,519.0
854.88434,520.6
855.00208,518.0
855.11981,516.6
855.23761,520.8
855.35535,519.4
855.47302,520.4
855.59076,516.6
855.7085,519.2
855.82623,519.2
855.94397,522.8
856.06165,519.8
856.17938,526.2
856.29712,523.0
856.41479,517.2
856.53253,521.8
856.65021,522.8
856.76788,519.8
856.88562,523.6
857.0033,516.4
857.12097,526.4
857.23865,518.8
857.35632,519.4
857.474,517.0
857.59167,516.8
857.70935,522.0
857.82703,521.6
857.9447,512.6
858.06238,515.6
858.18005,520.0
858.29767,518.0
858.41534,519.6
858.53296,519.8
858.65063,520.2
858.76825,515.4
858.88593,521.6
859.00354,518.6
859.12115,517.8
859.23883,519.0
859.35645,516.4
859.47406,516.2
859.59167,514.6
859.70929,516.2
859.8269,513.8
859.94452,513.2
860.06213,515.4
860.17975,516.2
860.29736,511.2
860.41492,516.4
860.53253,508.8
860.65009,513.2
860.7677,511.8
860.88525,513.8
861.00287,514.8
861.12042,514.6
861.23804,518.0
861.35559,519.2
861.47314,513.8
861.5907,510.0
861.70825,508.0
861.82581,515.6
861.94336,507.4
862.06091,512.4
862.17847,511.0
862.29602,509.8
862.41357,513.4
862.53113,508.0
862.64862,510.4
862.76617,509.4
862.88367,514.0
863.00122,512.4
863.11871,511.2
863.23627,517.4
863.35376,514.6
863.47125,518.8
863.58881,511.4
863.7063,513.4
863.82379,508.8
863.94128,511.8
864.05878,509.0
864.17627,513.4
864.29376,514.4
864.41125,512.4
864.52869,513.0
864.64618,509.8
864.76367,511.0
864.8811,511.4
864.9986,511.0
865.11609,513.2
865.23352,510.2
865.35095,512.0
865.46844,516.0
865.58588,512.0
865.70331,509.6
865.82074,517.8
865.93823,510.6
866.05566,513.6
866.1731,516.2
866.29053,510.8
866.4079,513.6
866.52533,517.8
866.64276,514.8
866.76019,512.0
866.87756,516.6
866.995,513.2
867.11243,510.6
867.2298,516.4
867.34723,509.4
867.4646,512.2
867.58197,508.2
867.6994,514.0
867.81677,517.8
867.93414,510.6
868.05151,515.8
868.16888,514.4
868.28625,514.2
868.40363,514.4
868.521,516.8
868.63837,512.8
868.75568,512.8
868.87305,512.2
868.99042,513.4
869.10773,519.8
869.2251,513.4
869.34241,519.0
869.45978,515.4
869.57709,514.8
869.69446,512.6
869.81177,517.6
869.92908,516.2
870.04639,515.6
870.1637,509.8
870.28101,514.8
870.39832,512.8
870.51563,517.2
870.63293,515.8
870.75024,518.6
870.86749,518.8
870.9848,517.2
871.10211,516.8
871.21936,515.6
871.33667,519.0
871.45392,513.8
871.57123,515.6
871.68848,517.4
871.80573,518.0
871.92297,511.8
872.04028,510.2
872.15753,517.6
872.27478,515.0
872.39203,515.4
872.50928,514.6
872.62646,514.0
872.74371,517.0
872.86096,517.8
872.97821,507.4
873.0954,514.2
873.21265,514.6
873.32983,511.0
873.44708,511.8
873.56427,518.0
873.68152,510.8
873.79871,513.2
873.91589,511.6
874.03308,516.8
874.15027,512.4
874.26746,509.4
874.38464,509.4
874.50183,512.6
874.61902,519.0
874.73621,517.8
874.85339,515.6
874.97052,516.6
875.08771,509.4
875.2049,514.4
875.32202,513.8
875.43921,518.4
875.55634,511.0
875.67346,516.0
875.79065,516.6
875.90778,522.0
876.0249,513.2
876.14203,515.6
876.25916,513.6
876.37628,516.2
876.49341,514.8
876.61053,514.0
876.72766,513.4
876.84473,515.4
876.96185,515.8
877.07898,511.8
877.19604,512.2
877.31317,518.2
877.43024,514.2
877.54736,514.6
877.66443,513.8
877.78149,514.6
877.89856,517.0
878.01569,512.2
878.13275,516.4
878.24982,508.2
878.36688,518.0
878.48395,509.8
878.60095,510.4
878.71802,508.4
878.83508,513.4
878.95215,509.8
879.06915,510.6
879.18622,517.0
879.30322,510.2
879.42029,510.4
879.53729,511.4
879.6543,511.6
879.77136,511.4
879.88837,512.4
880.00537,508.8
880.12238,509.2
880.23938,507.4
880.35638,513.0
880.47339,511.2
880.59039,511.8
880.70734,514.8
880.82434,511.0
880.94135,514.2
881.05829,515.6
881.17529,508.8
881.29224,507.2
881.40924,511.0
881.52618,515.0
881.64313,508.6
881.76007,509.2
881.87701,511.8
881.99402,514.4
882.11096,514.6
882.22791,504.8
882.34479,510.4
882.46173,516.0
882.57867,516.4
882.69562,513.2
882.8125,516.2
882.92944,516.6
883.04639,519.6
883.16327,519.4
883.28015,509.4
883.39709,515.6
883.51398,517.6
883.63086,511.6
883.74774,512.2
883.86462,513.8
883.98157,515.6
884.09839,516.2
884.21527,510.6
884.33215,516.2
884.44904,509.6
884.56592,516.4
884.68274,516.6
884.79962,517.2
884.9165,522.4
885.03333,517.0
885.15015,520.6
885.26703,520.2
885.38385,521.4
885.50067,525.0
885.61749,520.6
885.73438,526.0
885.8512,524.0
885.96802,523.0
886.08478,522.0
886.2016,524.4
886.31842,523.0
886.43524,520.6
886.55206,520.6
886.66882,521.8
886.78564,514.0
886.9024,521.2
887.01923,518.8
887.13599,520.2
887.25275,516.6
887.36951,519.8
887.48633,519.4
887.60309,521.6
887.71985,513.8
887.83661,516.6
887.95337,516.8
888.07007,512.4
888.18683,516.0
888.30359,519.4
888.42035,512.6
888.53705,515.8
888.65381,509.2
888.77051,516.6
888.88721,514.0
889.00397,518.0
889.12067,509.2
889.23737,513.0
889.35406,512.2
889.47083,510.8
889.58752,513.4
889.70416,513.2
889.82086,510.6
889.93756,515.0
890.05426,514.6
890.17096,515.6
890.2876,513.8
890.4043,513.0
890.52094,515.4
890.63763,513.6
890.75427,509.2
890.87091,516.2
890.98761,516.8
891.10425,515.8
891.22089,513.2
891.33752,515.6
891.45416,515.6
891.5708,516.4
891.68744,514.2
891.80408,511.8
891.92065,514.0
892.03729,512.4
892.15393,513.8
892.27051,514.2
892.38715,510.4
892.50372,519.2
892.6203,517.6
892.73694,517.8
892.85352,513.2
892.97009,518.4
893.08667,515.6
893.20325,515.4
893.31982,518.4
893.4364,513.8
893.55298,515.0
893.66956,518.0
893.78607,521.0
893.90265,517.4
894.01917,518.0
894.13574,516.0
894.25226,515.6
894.36884,513.6
894.48535,513.4
894.60187,513.4
894.71838,515.2
894.8349,518.2
894.95148,517.0
895.06793,518.2
895.18445,518.2
895.30096,518.0
895.41748,520.2
895.534,515.4
895.65045,515.2
895.76697,515.6
895.88342,519.4
895.99994,511.6
896.11639,509.0
896.23291,513.2
896.34937,507.0
896.46582,512.0
896.58228,517.8
896.69873,520.8
896.81519,511.2
896.93164,516.2
897.0481,520.8
897.16455,514.0
897.28094,516.6
897.3974,516.6
897.51385,518.8
897.63025,521.0
897.7467,512.8
897.8631,514.6
897.97949,515.2
898.09595,513.4
898.21234,514.6
898.32874,515.0
898.44513,519.6
898.56152,519.4
898.67792,514.8
898.79431,512.6
898.91064,521.2
899.02704,513.8
899.14343,511.6
899.25977,514.6
899.37616,512.2
899.49249,514.2
899.60889,511.2
899.72522,517.0
899.84155,514.2
899.95789,517.0
900.07428,514.2
900.19061,514.6
900.30695,512.4
900.42322,515.6
900.53955,513.0
900.65588,513.0
900.77222,519.0
900.88849,516.4
901.00482,515.8
901.12109,511.2
901.23743,512.6
901.3537,510.4
901.47003,517.0
901.5863,512.4
901.70258,514.2
901.81885,517.2
901.93512,519.2
902.05139,513.2
902.16766,516.8
902.28394,513.0
902.40021,517.2
902.51642,515.0
902.63269,516.2
902.7489,510.8
902.86517,512.8
902.98138,512.6
903.09766,513.0
903.21387,513.4
903.33008,514.0
903.44629,519.6
903.5625,512.2
903.67871,509.8
903.79492,509.4
903.91113,512.8
904.02734,507.4
904.14355,514.0
904.2597,507.0
904.37592,509.8
904.49207,504.2
904.60828,506.4
904.72443,508.8
904.84064,509.4
904.95679,511.4
905.07294,508.4
905.18909,513.6
905.30524,505.2
905.42139,507.8
905.53754,505.2
905.65369,505.6
905.76984,502.0
905.88593,509.0
906.00208,508.6
906.11816,506.2
906.23431,505.0
906.3504,500.8
906.46655,505.4
906.58264,498.6
906.69873,503.8
906.81482,506.0
906.93091,498.6
907.047,505.0
907.16309,506.0
907.27917,503.4
907.39526,499.4
907.51135,503.8
907.62738,503.4
907.74347,501.4
907.8595,501.2
907.97559,511.2
908.09161,502.4
908.2077,499.4
908.32373,500.4
908.43976,500.2
908.55579,499.2
908.67181,504.0
908.78784,503.8
908.90387,500.4
909.0199,502.4
909.13586,501.2
909.25189,504.6
909.36792,499.4
909.48389,501.0
909.59991,499.0
909.71588,500.0
909.83185,502.4
909.94788,501.0
910.06384,499.2
910.17981,503.0
910.29578,502.8
910.41174,502.2
910.52771,499.8
910.64368,499.8
910.75958,500.6
910.87555,504.2
910.99152,493.4
911.10742,500.0
911.22339,496.6
911.33929,503.4
911.4552,498.2
911.57117,492.0
911.68707,498.4
911.80298,499.8
911.91888,500.2
912.03479,497.6
912.1507,499.0
912.2666,497.6
912.38245,502.4
912.49835,495.4
912.61426,501.2
912.7301,501.0
912.84601,496.6
792.4458,629.4
792.56488,624.2
792.68396,624.6
792.8031,631.4
792.92218,610.4
793.04126,608.2
793.16034,604.0
793.27942,604.4
793.3985,605.2
793.51758,585.8
793.63672,587.0
793.7558,590.0
793.87488,592.6
793.9939,594.0
794.11298,586.0
794.23206,578.8
794.35114,577.4
794.47021,571.2
794.58929,565.0
794.70831,568.6
794.82739,573.6
794.94647,563.4
795.06549,569.2
795.18457,566.8
795.30365,558.2
795.42267,557.8
795.54175,556.8
795.66077,559.2
795.77985,560.8
795.89886,557.8
796.01794,558.8
796.13696,554.8
796.25598,557.2
796.375,551.6
796.49408,550.6
796.6131,553.0
796.73212,555.0
796.85114,556.4
796.97015,557.0
797.08923,546.8
797.20825,549.2
797.32727,550.8
797.44629,549.2
797.56531,548.0
797.68427,548.2
797.80328,546.6
797.9223,549.2
798.04132,545.8
798.16034,546.8
798.27936,541.8
798.39832,548.6
798.51733,548.4
798.63635,545.8
798.75531,541.8
798.87433,542.2
798.99329,545.4
799.1123,541.0
799.23126,544.0
799.35028,547.8
799.46924,545.2
799.58826,547.6
799.70721,547.8
799.82617,549.2
799.94519,544.2
800.06415,548.6
800.18311,551.4
800.30206,548.0
800.42102,548.0
800.54004,543.6
800.659,547.4
800.77795,551.6
800.89691,541.4
801.01587,546.6
801.13483,550.0
801.25372,550.6
801.37268,546.6
801.49164,553.2
801.6106,552.0
801.72955,551.6
801.84845,555.4
801.96741,548.6
802.08636,551.0
802.20526,554.6
802.32422,553.8
802.44318,556.0
802.56207,550.4
802.68103,553.6
802.79993,550.2
802.91882,556.8
803.03778,550.8
803.15668,557.6
803.27557,560.0
803.39453,557.6
803.51343,555.6
803.63232,552.6
803.75122,555.4
803.87012,556.8
803.98907,555.6
804.10797,562.0
804.22687,558.4
804.34576,558.8
804.46466,557.6
804.58356,560.0
804.70239,556.2
804.82129,561.0
804.94019,565.6
805.05908,560.8
805.17798,561.8
805.29681,560.0
805.41571,565.8
805.53461,569.4
805.65344,560.4
805.77234,566.8
805.89117,568.6
806.01007,565.2
806.12891,566.0
806.2478,568.2
806.36664,568.6
806.48547,567.8
806.60437,565.4
806.72321,568.4
806.84204,566.0
806.96088,569.6
807.07971,572.0
807.19861,572.6
807.31744,572.8
807.43628,575.0
807.55511,568.2
807.67395,571.8
807.79279,571.6
807.91162,572.2
808.0304,575.6
808.14923,576.4
808.26807,569.4
808.3869,578.4
808.50568,578.8
808.62451,580.2
808.74335,578.8
808.86212,579.4
808.98096,576.0
809.09979,575.6
809.21857,580.0
809.33734,582.2
809.45618,579.8
809.57495,589.6
809.69379,579.4
809.81256,585.2
809.93134,580.2
810.05011,577.8
810.16895,575.4
810.28772,582.0
810.40649,579.8
810.52527,588.8
810.64404,579.0
810.76282,585.0
810.88159,584.4
811.00037,584.4
811.11914,576.6
811.23792,581.6
811.35663,582.4
811.4754,589.6
811.59418,581.4
811.71295,590.8
811.83167,584.2
811.95044,583.4
812.06921,584.0
812.18793,582.4
812.3067,584.0
812.42542,585.6
812.54419,579.8
812.6629,586.0
812.78162,579.4
812.90039,584.6
813.0191,576.4
813.13782,584.4
813.25653,583.2
813.37524,582.2
813.49402,581.4
813.61273,579.8
813.73145,584.0
813.85016,584.0
813.96887,580.4
814.08759,580.0
814.2063,578.8
814.32495,582.0
814.44366,579.4
814.56238,576.6
814.68109,573.2
814.79974,571.8
814.91846,569.0
815.03717,571.6
815.15582,567.0
815.27454,570.2
815.39319,565.4
815.5119,567.4
815.63055,568.8
815.74927,565.0
815.86792,568.0
815.98657,564.8
816.10529,566.6
816.22394,565.4
816.34259,567.2
816.46124,573.2
816.5799,577.6
816.69855,574.6
816.8172,575.4
816.93585,569.2
817.0545,569.6
817.17316,563.8
817.29181,555.2
817.41046,560.0
817.52911,552.4
817.64771,550.4
817.76636,539.0
817.88501,541.0
818.0036,538.4
818.12225,536.4
818.24091,532.4
818.3595,521.4
818.47815,528.8
818.59674,527.8
818.71533,520.4
818.83398,526.0
818.95258,521.6
819.07117,516.8
819.18976,514.0
819.30841,511.8
819.427,517.0
819.54559,514.0
819.66418,507.0
819.78278,513.0
819.90137,509.6
820.01996,505.2
820.13855,508.4
820.25714,508.6
820.37573,510.0
820.49426,508.0
820.61285,506.2
820.73145,506.4
820.84998,502.6
820.96857,509.8
821.08716,506.8
821.20569,501.8
821.32428,507.0
821.44281,503.0
821.56134,509.4
821.67993,499.8
821.79846,504.8
821.91699,503.8
822.03558,504.2
822.15411,501.4
822.27264,504.0
822.39117,505.0
822.5097,499.2
822.62823,499.0
822.74677,500.0
822.8653,498.0
822.98383,500.8
823.10236,498.8
823.22089,496.8
823.33942,501.6
823.45789,498.8
823.57642,504.6
823.69495,503.0
823.81342,504.6
823.93195,501.8
824.05042,506.6
824.16895,504.6
824.28741,498.6
824.40594,501.0
824.52441,499.6
824.64288,499.6
824.76141,501.0
824.87988,498.2
824.99835,499.2
825.11682,499.8
825.23529,498.2
825.35376,494.2
825.47223,496.4
825.5907,493.2
825.70917,492.2
825.82764,498.2
825.94611,495.6
826.06458,491.2
826.18304,494.0
826.30145,495.4
826.41992,496.6
826.53839,488.8
826.6568,490.6
826.77527,487.0
826.89368,491.8
827.01215,487.4
827.13055,489.6
827.24902,491.0
827.36743,491.2
827.48584,486.8
827.60431,492.8
827.72272,483.0
827.84113,489.4
827.95953,482.0
828.07794,485.6
828.19635,489.4
828.31476,488.0
828.43317,486.8
828.55157,487.8
828.66998,488.6
828.78839,488.0
828.90674,487.4
829.02515,484.4
829.14355,485.6
829.2619,484.4
829.38031,488.8
829.49872,482.2
829.61707,483.0
829.73547,484.4
829.85382,490.4
829.97217,494.4
830.09058,487.8
830.20892,484.0
830.32727,482.6
830.44562,486.0
830.56403,489.0
830.68237,487.4
830.80072,485.6
830.91907,487.8
831.03741,484.2
831.15576,486.4
831.27411,485.2
831.3924,483.4
831.51074,485.2
831.62909,489.2
831.74744,485.6
831.86572,489.8
831.98407,483.2
832.10242,484.8
832.2207,487.6
832.33905,485.6
832.45734,489.4
832.57562,489.6
832.69397,488.2
832.81226,482.0
832.93054,487.4
833.04889,490.4
833.16718,485.4
833.28546,483.4
833.40375,490.6
833.52203,488.6
833.64032,486.8
833.75861,487.8
833.87689,489.0
833.99518,490.0
834.1134,489.2
834.23169,493.2
834.34998,484.4
834.46826,492.2
834.58649,493.0
834.70477,490.2
834.823,483.2
834.94128,491.6
835.05951,489.8
835.1778,488.6
835.29602,486.6
835.41425,491.0
835.53253,487.8
835.65076,496.6
835.76898,493.0
835.88721,493.6
836.00543,493.8
836.12366,497.8
836.24188,489.0
836.36011,492.0
836.47833,492.2
836.59656,497.0
836.71478,497.0
836.83295,495.8
836.95117,492.8
837.0694,495.8
837.18756,491.4
837.30579,502.2
837.42401,495.4
837.54218,498.8
837.66034,493.2
837.77856,499.6
837.89673,497.2
838.01489,495.4
838.13312,491.0
838.25128,497.8
838.36945,496.4
838.48761,500.2
838.60577,495.4
838.72394,495.2
838.8421,494.6
838.96027,490.6
839.07843,495.6
839.19659,492.4
839.31476,498.4
839.43286,501.0
839.55103,497.8
839.66919,495.6
839.78729,490.4
839.90546,494.0
840.02356,491.4
840.14172,488.6
840.25983,488.2
840.37793,493.2
840.49609,491.6
840.6142,493.2
840.7323,493.2
840.8504,488.6
840.96851,486.0
841.08661,490.6
841.20471,487.4
841.32281,493.2
841.44092,483.2
841.55902,491.2
841.67712,484.6
841.79523,488.6
841.91327,487.8
842.03137,488.4
842.14948,498.4
842.26752,486.4
842.38562,487.8
842.50366,487.0
842.62177,485.0
842.73981,483.2
842.85791,489.6
842.97595,487.2
843.09399,486.2
843.21204,484.2
843.33008,488.4
843.44818,489.2
843.56622,487.0
843.68427,485.8
843.80231,486.0
843.92029,480.8
844.03833,492.0
844.15637,481.0
844.27441,488.8
844.39246,489.2
844.51044,489.6
844.62848,482.8
844.74646,485.0
844.8645,489.6
844.98248,486.6
845.10052,485.6
845.21851,487.6
845.33649,484.8
845.45453,490.2
845.57251,492.4
845.69049,484.6
845.80847,485.6
845.92645,489.2
846.04443,481.0
846.16241,485.6
846.2804,486.0
846.39838,483.0
846.51636,487.8
846.63434,485.8
846.75226,488.0
846.87024,488.4
846.98822,486.8
847.10614,485.4
847.22412,486.4
847.34204,484.6
847.46002,487.2
847.57794,483.8
847.69586,491.6
847.81384,488.8
847.93176,486.2
848.04968,482.0
848.1676,490.4
848.28552,485.4
848.40344,484.6
848.52136,486.0
848.63928,486.0
848.7572,483.2
848.87512,488.6
848.99304,486.2
849.1109,481.2
849.22882,480.6
849.34674,487.8
849.4646,482.2
849.58252,490.0
849.70038,484.2
849.8183,484.0
849.93616,484.6
850.05402,490.6
850.17194,482.4
850.28979,490.0
850.40765,487.8
850.52551,487.0
850.64337,485.4
850.76123,486.6
850.87909,484.8
850.99695,487.8
851.11481,486.2
851.23267,488.8
851.35046,488.6
851.46832,486.2
851.58618,489.0
851.70398,490.4
851.82184,492.2
851.93964,492.4
852.0575,491.6
852.17529,494.2
852.29315,497.8
852.41095,488.4
852.52875,485.2
852.64655,487.0
852.7644,490.8
852.8822,487.8
853.0,489.4
853.1178,489.2
853.2356,488.4
853.35333,490.6
853.47113,490.2
853.58893,488.6
853.70673,486.4
853.82446,487.8
853.94226,485.6
854.06006,486.8
854.1778,490.6
854.29559,487.2
854.41333,486.2
854.53107,493.2
854.64886,487.6
854.7666,490.4
854.88434,487.4
855.00208,490.0
855.11981,493.6
855.23761,492.2
855.35535,492.6
855.47302,490.0
855.59076,489.2
855.7085,489.6
855.82623,487.0
855.94397,495.6
856.06165,488.0
856.17938,495.8
856.29712,487.4
856.41479,493.6
856.53253,490.8
856.65021,489.8
856.76788,482.0
856.88562,490.2
857.0033,487.4
857.12097,493.6
857.23865,484.0
857.35632,486.4
857.474,489.0
857.59167,485.2
857.70935,484.6
857.82703,488.0
857.9447,489.4
858.06238,488.2
858.18005,491.4
858.29767,486.6
858.41534,485.4
858.53296,485.4
858.65063,494.0
858.76825,489.0
858.88593,485.0
859.00354,486.6
859.12115,485.2
859.23883,484.0
859.35645,487.0
859.47406,492.2
859.59167,487.4
859.70929,489.2
859.8269,485.6
859.94452,484.0
860.06213,486.6
860.17975,486.6
860.29736,480.6
860.41492,485.4
860.53253,483.4
860.65009,485.0
860.7677,486.4
860.88525,485.4
861.00287,483.4
861.12042,487.0
861.23804,486.0
861.35559,486.2
861.47314,482.8
861.5907,487.0
861.70825,482.2
861.82581,486.4
861.94336,481.4
862.06091,480.2
862.17847,482.8
862.29602,485.6
862.41357,485.8
862.53113,483.6
862.64862,482.6
862.76617,483.8
862.88367,481.2
863.00122,481.4
863.11871,484.8
863.23627,490.8
863.35376,482.2
863.47125,482.4
863.58881,488.0
863.7063,483.0
863.82379,481.0
863.94128,479.6
864.05878,484.6
864.17627,487.2
864.29376,486.6
864.41125,487.8
864.52869,479.0
864.64618,486.6
864.76367,486.8
864.8811,482.6
864.9986,482.6
865.11609,484.2
865.23352,480.0
865.35095,485.6
865.46844,484.0
865.58588,481.6
865.70331,482.4
865.82074,489.0
865.93823,484.4
866.05566,485.4
866.1731,484.8
866.29053,482.4
866.4079,485.8
866.52533,487.0
866.64276,492.4
866.76019,482.2
866.87756,484.2
866.995,483.8
867.11243,484.8
867.2298,485.0
867.34723,482.6
867.4646,482.0
867.58197,488.8
867.6994,486.2
867.81677,490.0
867.93414,483.2
868.05151,486.0
868.16888,482.2
868.28625,481.0
868.40363,483.2
868.521,488.6
868.63837,482.0
868.75568,482.4
868.87305,482.2
868.99042,488.8
869.10773,485.8
869.2251,489.0
869.34241,487.2
869.45978,485.6
869.57709,492.4
869.69446,485.6
869.81177,486.2
869.92908,483.4
870.04639,490.4
870.1637,485.0
870.28101,486.6
870.39832,486.6
870.51563,489.0
870.63293,486.0
870.75024,484.2
870.86749,486.2
870.9848,486.4
871.10211,485.4
871.21936,489.8
871.33667,488.2
871.45392,486.2
871.57123,487.2
871.68848,488.2
871.80573,488.0
871.92297,488.2
872.04028,482.4
872.15753,483.8
872.27478,489.4
872.39203,488.4
872.50928,482.8
872.62646,487.4
872.74371,481.4
872.86096,489.0
872.97821,485.6
873.0954,485.0
873.21265,482.6
873.32983,484.8
873.44708,484.6
873.56427,484.0
873.68152,486.8
873.79871,485.2
873.91589,480.4
874.03308,484.0
874.15027,481.0
874.26746,485.4
874.38464,483.0
874.50183,492.0
874.61902,484.2
874.73621,487.2
874.85339,483.0
874.97052,488.4
875.08771,480.2
875.2049,484.0
875.32202,480.4
875.43921,485.0
875.55634,487.2
875.67346,487.0
875.79065,483.8
875.90778,485.6
876.0249,485.2
876.14203,484.8
876.25916,487.6
876.37628,487.4
876.49341,484.6
876.61053,485.8
876.72766,481.8
876.84473,494.2
876.96185,481.2
877.07898,483.0
877.19604,487.2
877.31317,482.2
877.43024,484.6
877.54736,485.8
877.66443,483.8
877.78149,484.6
877.89856,489.6
878.01569,487.2
878.13275,481.2
878.24982,486.8
878.36688,487.6
878.48395,484.2
878.60095,482.4
878.71802,483.0
878.83508,483.8
878.95215,482.4
879.06915,485.4
879.18622,487.4
879.30322,483.2
879.42029,484.0
879.53729,485.4
879.6543,482.6
879.77136,484.4
879.88837,491.8
880.00537,484.4
880.12238,486.4
880.23938,485.6
880.35638,495.6
880.47339,483.2
880.59039,485.2
880.70734,486.2
880.82434,484.0
880.94135,486.6
881.05829,482.6
881.17529,483.8
881.29224,487.0
881.40924,485.8
881.52618,481.2
881.64313,485.2
881.76007,486.8
881.87701,486.4
881.99402,486.0
882.11096,479.6
882.22791,486.6
882.34479,485.2
882.46173,487.6
882.57867,483.8
882.69562,487.6
882.8125,482.6
882.92944,487.0
883.04639,489.0
883.16327,492.4
883.28015,487.8
883.39709,489.8
883.51398,485.6
883.63086,490.4
883.74774,489.6
883.86462,488.4
883.98157,489.8
884.09839,487.6
884.21527,487.4
884.33215,487.6
884.44904,483.6
884.56592,488.6
884.68274,487.2
884.79962,488.8
884.9165,491.0
885.03333,488.0
885.15015,487.0
885.26703,492.4
885.38385,483.0
885.50067,493.4
885.61749,495.4
885.73438,488.8
885.8512,493.0
885.96802,493.6
886.08478,488.0
886.2016,495.0
886.31842,484.0
886.43524,487.6
886.55206,494.4
886.66882,489.8
886.78564,489.6
886.9024,491.0
887.01923,485.6
887.13599,492.6
887.25275,490.2
887.36951,494.4
887.48633,491.4
887.60309,490.6
887.71985,493.0
887.83661,490.8
887.95337,485.4
888.07007,485.8
888.18683,486.0
888.30359,489.0
888.42035,487.0
888.53705,488.8
888.65381,485.4
888.77051,485.6
888.88721,486.8
889.00397,485.8
889.12067,485.0
889.23737,489.0
889.35406,488.0
889.47083,489.2
889.58752,485.0
889.70416,486.4
889.82086,485.6
889.93756,487.0
890.05426,486.6
890.17096,489.8
890.2876,487.2
890.4043,489.2
890.52094,484.0
890.63763,490.4
890.75427,489.4
890.87091,486.8
890.98761,487.0
891.10425,490.0
891.22089,484.2
891.33752,486.0
891.45416,489.4
891.5708,490.0
891.68744,485.0
891.80408,485.8
891.92065,485.2
892.03729,486.8
892.15393,487.0
892.27051,489.8
892.38715,490.0
892.50372,492.4
892.6203,491.0
892.73694,492.8
892.85352,493.2
892.97009,491.4
893.08667,488.2
893.20325,487.4
893.31982,494.4
893.4364,490.4
893.55298,491.0
893.66956,490.6
893.78607,494.4
893.90265,491.2
894.01917,494.4
894.13574,496.2
894.25226,490.0
894.36884,489.4
894.48535,489.4
894.60187,491.4
894.71838,489.0
894.8349,489.8
894.95148,490.0
895.06793,496.8
895.18445,491.8
895.30096,490.8
895.41748,489.2
895.534,493.4
895.65045,482.0
895.76697,494.6
895.88342,492.8
895.99994,493.0
896.11639,488.0
896.23291,494.0
896.34937,489.4
896.46582,492.0
896.58228,490.2
896.69873,492.6
896.81519,492.6
896.93164,487.2
897.0481,493.0
897.16455,490.0
897.28094,487.8
897.3974,485.0
897.51385,491.2
897.63025,495.0
897.7467,488.8
897.8631,492.6
897.97949,489.2
898.09595,491.0
898.21234,490.6
898.32874,493.4
898.44513,488.6
898.56152,487.0
898.67792,488.4
898.79431,489.8
898.91064,490.6
899.02704,485.6
899.14343,492.6
899.25977,487.8
899.37616,488.8
899.49249,485.4
899.60889,486.6
899.72522,488.2
899.84155,488.0
899.95789,492.2
900.07428,488.0
900.19061,491.0
900.30695,487.0
900.42322,486.8
900.53955,488.0
900.65588,492.0
900.77222,494.8
900.88849,488.8
901.00482,481.6
901.12109,486.8
901.23743,489.8
901.3537,484.8
901.47003,484.2
901.5863,482.0
901.70258,485.2
901.81885,486.8
901.93512,480.2
902.05139,483.2
902.16766,481.2
902.28394,483.8
902.40021,482.6
902.51642,487.2
902.63269,481.8
902.7489,485.2
902.86517,482.4
902.98138,483.0
903.09766,486.0
903.21387,484.2
903.33008,486.2
903.44629,489.0
903.5625,483.8
903.67871,488.6
903.79492,482.8
903.91113,483.0
904.02734,480.2
904.14355,488.2
904.2597,485.8
904.37592,482.4
904.49207,477.8
904.60828,484.0
904.72443,482.8
904.84064,482.6
904.95679,482.2
905.07294,486.2
905.18909,483.0
905.30524,481.2
905.42139,480.0
905.53754,478.2
905.65369,481.8
905.76984,479.6
905.88593,479.6
906.00208,479.0
906.11816,473.0
906.23431,479.4
906.3504,478.2
906.46655,479.6
906.58264,476.6
906.69873,474.4
906.81482,478.6
906.93091,478.6
907.047,479.6
907.16309,481.0
907.27917,482.0
907.39526,480.2
907.51135,479.6
907.62738,478.2
907.74347,478.6
907.8595,479.0
907.97559,479.4
908.09161,480.0
908.2077,477.8
908.32373,478.2
908.43976,473.6
908.55579,478.0
908.67181,477.4
908.78784,476.2
908.90387,475.6
909.0199,479.2
909.13586,480.6
909.25189,479.6
909.36792,477.2
909.48389,478.8
909.59991,479.8
909.71588,481.0
909.83185,480.6
909.94788,478.4
910.06384,476.0
910.17981,475.2
910.29578,480.6
910.41174,479.2
910.52771,481.8
910.64368,474.8
910.75958,479.8
910.87555,482.0
910.99152,474.6
911.10742,476.6
911.22339,481.4
911.33929,478.4
911.4552,478.2
911.57117,472.6
911.68707,479.6
911.80298,479.0
911.91888,477.2
912.03479,477.6
912.1507,482.2
912.2666,479.6
912.38245,477.2
912.49835,477.4
912.61426,478.8
912.7301,479.6
912.84601,478.6
792.4458,971.4
792.56488,943.4
792.68396,953.6
792.8031,955.2
792.92218,935.8
793.04126,925.0
793.16034,924.0
793.27942,922.4
793.3985,906.6
793.51758,899.8
793.63672,886.2
793.7558,879.8
793.87488,888.4
793.9939,878.2
794.11298,882.8
794.23206,870.4
794.35114,866.2
794.47021,852.6
794.58929,844.6
794.70831,843.4
794.82739,843.4
794.94647,835.6
795.06549,838.2
795.18457,840.4
795.30365,823.4
795.42267,820.8
795.54175,816.0
795.66077,822.4
795.77985,813.6
795.89886,813.2
796.01794,808.8
796.13696,807.2
796.25598,812.4
796.375,803.4
796.49408,799.2
796.6131,801.4
796.73212,798.8
796.85114,797.6
796.97015,790.2
797.08923,792.4
797.20825,795.8
797.32727,792.6
797.44629,787.8
797.56531,782.0
797.68427,778.8
797.80328,771.4
797.9223,780.8
798.04132,786.0
798.16034,782.0
798.27936,780.4
798.39832,775.8
798.51733,768.8
798.63635,775.0
798.75531,777.8
798.87433,776.2
798.99329,760.8
799.1123,771.0
799.23126,772.6
799.35028,772.6
799.46924,777.2
799.58826,771.2
799.70721,773.2
799.82617,773.2
799.94519,773.6
800.06415,780.2
800.18311,779.8
800.30206,774.4
800.42102,774.4
800.54004,774.6
800.659,774.0
800.77795,766.4
800.89691,770.4
801.01587,770.6
801.13483,766.8
801.25372,775.0
801.37268,771.6
801.49164,780.8
801.6106,778.6
801.72955,772.8
801.84845,777.2
801.96741,770.2
802.08636,781.0
802.20526,779.8
802.32422,770.4
802.44318,780.2
802.56207,776.8
802.68103,775.0
802.79993,775.8
802.91882,773.8
803.03778,773.4
803.15668,781.2
803.27557,779.8
803.39453,780.0
803.51343,773.4
803.63232,776.2
803.75122,772.2
803.87012,780.6
803.98907,772.2
804.10797,776.8
804.22687,770.0
804.34576,779.4
804.46466,775.8
804.58356,777.2
804.70239,780.4
804.82129,775.8
804.94019,782.6
805.05908,778.6
805.17798,780.6
805.29681,780.8
805.41571,786.0
805.53461,780.8
805.65344,790.6
805.77234,783.4
805.89117,789.2
806.01007,791.0
806.12891,794.6
806.2478,785.4
806.36664,789.4
806.48547,791.2
806.60437,795.6
806.72321,794.0
806.84204,798.2
806.96088,785.4
807.07971,788.4
807.19861,785.4
807.31744,796.8
807.43628,795.4
807.55511,784.8
807.67395,787.2
807.79279,791.6
807.91162,792.6
808.0304,806.2
808.14923,798.2
808.26807,790.8
808.3869,799.2
808.50568,799.6
808.62451,804.8
808.74335,797.8
808.86212,798.0
808.98096,798.4
809.09979,800.4
809.21857,791.8
809.33734,794.6
809.45618,799.4
809.57495,800.2
809.69379,804.2
809.81256,803.4
809.93134,802.4
810.05011,797.4
810.16895,785.8
810.28772,792.0
810.40649,800.0
810.52527,800.2
810.64404,803.6
810.76282,811.0
810.88159,804.4
811.00037,797.6
811.11914,788.4
811.23792,794.0
811.35663,794.6
811.4754,799.8
811.59418,803.0
811.71295,794.8
811.83167,799.4
811.95044,795.8
812.06921,799.0
812.18793,793.2
812.3067,796.8
812.42542,797.6
812.54419,794.6
812.6629,804.0
812.78162,791.0
812.90039,787.2
813.0191,781.8
813.13782,788.6
813.25653,789.2
813.37524,795.0
813.49402,788.8
813.61273,791.4
813.73145,790.2
813.85016,781.0
813.96887,787.0
814.08759,779.0
814.2063,784.2
814.32495,783.4
814.44366,783.6
814.56238,780.0
814.68109,784.2
814.79974,773.2
814.91846,771.0
815.03717,775.6
815.15582,775.8
815.27454,857.0
815.39319,844.6
815.5119,761.6
815.63055,766.4
815.74927,772.6
815.86792,777.8
815.98657,768.8
816.10529,774.6
816.22394,783.2
816.34259,779.0
816.46124,781.6
816.5799,784.8
816.69855,786.4
816.8172,781.4
816.93585,783.6
817.0545,772.8
817.17316,763.0
817.29181,757.8
817.41046,768.2
817.52911,753.4
817.64771,747.6
817.76636,741.8
817.88501,744.4
818.0036,745.4
818.12225,748.8
818.24091,740.6
818.3595,726.2
818.47815,739.6
818.59674,729.2
818.71533,732.8
818.83398,720.2
818.95258,722.4
819.07117,722.4
819.18976,720.0
819.30841,729.0
819.427,726.6
819.54559,727.6
819.66418,723.2
819.78278,728.0
819.90137,727.4
820.01996,717.4
820.13855,718.2
820.25714,722.0
820.37573,715.4
820.49426,718.4
820.61285,711.0
820.73145,702.8
820.84998,702.4
820.96857,704.6
821.08716,702.2
821.20569,703.6
821.32428,703.8
821.44281,700.6
821.56134,708.4
821.67993,705.6
821.79846,701.4
821.91699,703.8
822.03558,696.8
822.15411,703.2
822.27264,705.0
822.39117,700.8
822.5097,694.2
822.62823,698.4
822.74677,701.0
822.8653,693.4
822.98383,697.0
823.10236,696.8
823.22089,694.0
823.33942,696.8
823.45789,705.8
823.57642,706.8
823.69495,704.2
823.81342,705.4
823.93195,698.8
824.05042,697.6
824.16895,699.0
824.28741,706.2
824.40594,700.0
824.52441,693.2
824.64288,702.6
824.76141,698.0
824.87988,697.6
824.99835,695.8
825.11682,692.0
825.23529,693.4
825.35376,695.8
825.47223,700.8
825.5907,694.2
825.70917,695.0
825.82764,691.6
825.94611,691.6
826.06458,692.4
826.18304,695.0
826.30145,685.4
826.41992,691.2
826.53839,691.0
826.6568,689.4
826.77527,690.2
826.89368,690.4
827.01215,685.4
827.13055,688.8
827.24902,685.6
827.36743,692.2
827.48584,688.2
827.60431,677.4
827.72272,681.2
827.84113,689.2
827.95953,684.0
828.07794,678.6
828.19635,681.0
828.31476,679.6
828.43317,680.8
828.55157,680.8
828.66998,678.6
828.78839,679.8
828.90674,678.6
829.02515,681.2
829.14355,682.2
829.2619,672.2
829.38031,678.0
829.49872,676.2
829.61707,675.8
829.73547,678.6
829.85382,666.4
829.97217,664.4
830.09058,671.8
830.20892,672.0
830.32727,676.8
830.44562,668.6
830.56403,671.4
830.68237,670.6
830.80072,675.8
830.91907,674.6
831.03741,666.4
831.15576,664.2
831.27411,667.0
831.3924,671.2
831.51074,667.6
831.62909,673.2
831.74744,666.6
831.86572,677.2
831.98407,671.8
832.10242,673.4
832.2207,669.4
832.33905,670.4
832.45734,671.2
832.57562,669.4
832.69397,669.4
832.81226,667.4
832.93054,669.8
833.04889,674.6
833.16718,670.8
833.28546,670.6
833.40375,675.0
833.52203,675.2
833.64032,666.0
833.75861,677.0
833.87689,673.8
833.99518,671.4
834.1134,684.8
834.23169,676.4
834.34998,679.2
834.46826,681.8
834.58649,679.6
834.70477,676.8
834.823,676.0
834.94128,679.2
835.05951,666.4
835.1778,674.2
835.29602,671.2
835.41425,670.6
835.53253,667.2
835.65076,673.6
835.76898,676.6
835.88721,678.2
836.00543,677.6
836.12366,682.8
836.24188,670.6
836.36011,670.0
836.47833,673.8
836.59656,671.0
836.71478,673.0
836.83295,680.6
836.95117,674.8
837.0694,674.4
837.18756,675.8
837.30579,673.2
837.42401,676.8
837.54218,675.6
837.66034,676.4
837.77856,680.2
837.89673,680.4
838.01489,687.0
838.13312,669.0
838.25128,681.8
838.36945,678.4
838.48761,673.6
838.60577,673.0
838.72394,677.8
838.8421,676.4
838.96027,679.4
839.07843,673.4
839.19659,675.6
839.31476,677.2
839.43286,677.4
839.55103,674.0
839.66919,675.0
839.78729,670.0
839.90546,667.2
840.02356,673.8
840.14172,672.2
840.25983,669.8
840.37793,666.6
840.49609,663.2
840.6142,670.0
840.7323,667.0
840.8504,665.0
840.96851,664.8
841.08661,663.4
841.20471,661.0
841.32281,666.6
841.44092,665.0
841.55902,658.0
841.67712,660.0
841.79523,667.2
841.91327,660.2
842.03137,667.2
842.14948,669.0
842.26752,666.2
842.38562,666.2
842.50366,659.6
842.62177,669.2
842.73981,667.0
842.85791,659.4
842.97595,666.0
843.09399,663.6
843.21204,670.4
843.33008,670.6
843.44818,665.4
843.56622,666.2
843.68427,672.6
843.80231,672.8
843.92029,661.8
844.03833,672.0
844.15637,666.2
844.27441,671.2
844.39246,666.8
844.51044,671.4
844.62848,662.0
844.74646,666.4
844.8645,661.8
844.98248,665.4
845.10052,666.0
845.21851,659.0
845.33649,671.6
845.45453,666.0
845.57251,675.8
845.69049,666.0
845.80847,664.4
845.92645,668.2
846.04443,665.2
846.16241,663.4
846.2804,663.0
846.39838,659.8
846.51636,664.2
846.63434,669.6
846.75226,675.2
846.87024,669.0
846.98822,662.0
847.10614,664.4
847.22412,666.0
847.34204,663.0
847.46002,665.2
847.57794,661.6
847.69586,665.0
847.81384,659.0
847.93176,662.2
848.04968,665.4
848.1676,656.2
848.28552,661.0
848.40344,663.4
848.52136,663.2
848.63928,655.0
848.7572,660.2
848.87512,664.6
848.99304,660.2
849.1109,654.0
849.22882,655.2
849.34674,658.6
849.4646,653.4
849.58252,659.2
849.70038,650.6
849.8183,648.0
849.93616,652.8
850.05402,654.4
850.17194,653.6
850.28979,649.8
850.40765,647.6
850.52551,654.6
850.64337,656.2
850.76123,659.4
850.87909,648.2
850.99695,654.6
851.11481,655.6
851.23267,660.4
851.35046,652.0
851.46832,653.0
851.58618,653.0
851.70398,660.4
851.82184,660.2
851.93964,664.4
852.0575,667.0
852.17529,674.6
852.29315,661.8
852.41095,664.2
852.52875,660.2
852.64655,660.2
852.7644,656.8
852.8822,644.6
853.0,652.0
853.1178,654.4
853.2356,648.6
853.35333,648.0
853.47113,644.2
853.58893,656.0
853.70673,653.6
853.82446,651.0
853.94226,654.8
854.06006,646.4
854.1778,653.4
854.29559,651.2
854.41333,655.0
854.53107,659.4
854.64886,662.4
854.7666,656.0
854.88434,652.4
855.00208,652.6
855.11981,658.8
855.23761,654.6
855.35535,659.8
855.47302,654.4
855.59076,651.4
855.7085,648.4
855.82623,649.2
855.94397,650.8
856.06165,650.2
856.17938,657.8
856.29712,647.0
856.41479,654.0
856.53253,653.8
856.65021,651.2
856.76788,651.4
856.88562,652.0
857.0033,656.4
857.12097,650.4
857.23865,651.8
857.35632,644.2
857.474,647.8
857.59167,644.2
857.70935,643.8
857.82703,644.0
857.9447,645.4
858.06238,641.8
858.18005,646.4
858.29767,645.8
858.41534,642.6
858.53296,644.0
858.65063,645.6
858.76825,645.6
858.88593,647.4
859.00354,642.4
859.12115,640.4
859.23883,641.0
859.35645,641.8
859.47406,638.2
859.59167,638.0
859.70929,641.6
859.8269,642.0
859.94452,644.2
860.06213,639.8
860.17975,636.0
860.29736,644.2
860.41492,641.8
860.53253,639.4
860.65009,634.4
860.7677,627.8
860.88525,638.4
861.00287,635.4
861.12042,630.0
861.23804,635.0
861.35559,638.0
861.47314,637.4
861.5907,632.0
861.70825,629.2
861.82581,629.0
861.94336,623.8
862.06091,634.4
862.17847,628.2
862.29602,625.0
862.41357,628.2
862.53113,630.4
862.64862,629.2
862.76617,629.8
862.88367,634.8
863.00122,629.8
863.11871,629.6
863.23627,629.8
863.35376,635.2
863.47125,631.6
863.58881,627.8
863.7063,635.2
863.82379,627.0
863.94128,625.0
864.05878,630.0
864.17627,629.6
864.29376,632.2
864.41125,631.0
864.52869,630.2
864.64618,632.4
864.76367,631.6
864.8811,625.0
864.9986,630.8
865.11609,630.8
865.23352,625.8
865.35095,632.8
865.46844,627.0
865.58588,633.4
865.70331,634.2
865.82074,632.2
865.93823,631.6
866.05566,624.2
866.1731,625.8
866.29053,630.8
866.4079,630.0
866.52533,628.8
866.64276,628.8
866.76019,630.2
866.87756,627.0
866.995,637.2
867.11243,629.4
867.2298,628.2
867.34723,625.8
867.4646,620.2
867.58197,628.4
867.6994,622.4
867.81677,632.4
867.93414,627.2
868.05151,630.2
868.16888,634.2
868.28625,623.2
868.40363,630.0
868.521,631.4
868.63837,629.8
868.75568,632.2
868.87305,628.8
868.99042,631.8
869.10773,625.6
869.2251,621.6
869.34241,629.0
869.45978,627.2
869.57709,629.6
869.69446,625.0
869.81177,625.4
869.92908,624.4
870.04639,633.2
870.1637,624.6
870.28101,630.4
870.39832,623.2
870.51563,625.2
870.63293,624.2
870.75024,627.4
870.86749,625.0
870.9848,626.4
871.10211,627.4
871.21936,632.8
871.33667,622.2
871.45392,624.0
871.57123,626.4
871.68848,624.4
871.80573,632.6
871.92297,630.8
872.04028,623.8
872.15753,627.4
872.27478,629.4
872.39203,626.0
872.50928,616.8
872.62646,627.0
872.74371,621.2
872.86096,620.8
872.97821,622.4
873.0954,619.2
873.21265,619.4
873.32983,623.2
873.44708,624.4
873.56427,620.4
873.68152,618.6
873.79871,619.8
873.91589,618.6
874.03308,615.0
874.15027,621.6
874.26746,615.4
874.38464,622.8
874.50183,620.2
874.61902,619.2
874.73621,622.4
874.85339,620.2
874.97052,621.2
875.08771,622.0
875.2049,620.6
875.32202,622.0
875.43921,628.4
875.55634,622.2
875.67346,624.6
875.79065,618.0
875.90778,625.0
876.0249,619.2
876.14203,617.2
876.25916,615.6
876.37628,616.8
876.49341,617.4
876.61053,621.4
876.72766,623.4
876.84473,627.0
876.96185,618.2
877.07898,618.6
877.19604,621.4
877.31317,622.4
877.43024,619.2
877.54736,618.6
877.66443,621.4
877.78149,615.4
877.89856,615.8
878.01569,616.6
878.13275,613.4
878.24982,615.8
878.36688,617.4
878.48395,619.2
878.60095,614.4
878.71802,613.8
878.83508,608.8
878.95215,612.0
879.06915,611.6
879.18622,614.6
879.30322,607.2
879.42029,615.6
879.53729,611.4
879.6543,612.8
879.77136,607.6
879.88837,610.4
880.00537,612.6
880.12238,615.6
880.23938,607.8
880.35638,609.6
880.47339,606.8
880.59039,610.2
880.70734,604.6
880.82434,607.0
880.94135,610.8
881.05829,608.8
881.17529,609.8
881.29224,609.2
881.40924,604.2
881.52618,608.6
881.64313,606.4
881.76007,605.8
881.87701,607.6
881.99402,609.0
882.11096,610.6
882.22791,604.0
882.34479,598.8
882.46173,607.0
882.57867,604.6
882.69562,610.2
882.8125,610.2
882.92944,612.8
883.04639,605.4
883.16327,610.4
883.28015,607.0
883.39709,613.2
883.51398,607.0
883.63086,611.4
883.74774,609.8
883.86462,612.0
883.98157,610.0
884.09839,607.0
884.21527,613.2
884.33215,606.8
884.44904,605.4
884.56592,608.6
884.68274,610.0
884.79962,608.2
884.9165,611.0
885.03333,616.8
885.15015,612.6
885.26703,613.4
885.38385,609.4
885.50067,624.2
885.61749,623.6
885.73438,619.4
885.8512,620.4
885.96802,616.6
886.08478,617.6
886.2016,614.6
886.31842,613.0
886.43524,610.6
886.55206,616.0
886.66882,609.0
886.78564,613.0
886.9024,603.4
887.01923,602.8
887.13599,607.0
887.25275,601.4
887.36951,606.0
887.48633,610.4
887.60309,606.2
887.71985,605.0
887.83661,604.8
887.95337,596.2
888.07007,605.2
888.18683,601.2
888.30359,599.4
888.42035,605.0
888.53705,598.8
888.65381,601.2
888.77051,599.6
888.88721,599.8
889.00397,597.0
889.12067,585.0
889.23737,592.2
889.35406,596.2
889.47083,592.0
889.58752,599.2
889.70416,598.6
889.82086,594.0
889.93756,596.0
890.05426,594.0
890.17096,597.8
890.2876,598.6
890.4043,597.2
890.52094,592.6
890.63763,594.0
890.75427,600.8
890.87091,597.4
890.98761,598.0
891.10425,600.0
891.22089,598.4
891.33752,600.4
891.45416,593.0
891.5708,590.8
891.68744,587.6
891.80408,589.8
891.92065,594.4
892.03729,591.4
892.15393,594.6
892.27051,595.6
892.38715,592.4
892.50372,592.0
892.6203,592.0
892.73694,594.8
892.85352,594.4
892.97009,590.6
893.08667,593.8
893.20325,594.6
893.31982,601.0
893.4364,597.8
893.55298,592.4
893.66956,597.8
893.78607,589.6
893.90265,595.8
894.01917,589.6
894.13574,594.4
894.25226,597.0
894.36884,593.0
894.48535,588.6
894.60187,595.6
894.71838,597.0
894.8349,597.0
894.95148,594.8
895.06793,593.8
895.18445,597.8
895.30096,591.2
895.41748,589.0
895.534,590.8
895.65045,592.4
895.76697,593.6
895.88342,594.2
895.99994,587.6
896.11639,588.4
896.23291,586.8
896.34937,580.4
896.46582,589.6
896.58228,593.4
896.69873,588.6
896.81519,583.6
896.93164,590.8
897.0481,590.4
897.16455,592.8
897.28094,590.6
897.3974,593.4
897.51385,589.8
897.63025,598.4
897.7467,594.4
897.8631,585.4
897.97949,594.4
898.09595,579.4
898.21234,591.0
898.32874,586.8
898.44513,590.6
898.56152,582.0
898.67792,586.2
898.79431,578.8
898.91064,584.6
899.02704,584.0
899.14343,582.2
899.25977,582.4
899.37616,580.4
899.49249,586.0
899.60889,583.6
899.72522,582.8
899.84155,587.4
899.95789,585.0
900.07428,590.6
900.19061,587.0
900.30695,585.2
900.42322,586.4
900.53955,582.8
900.65588,587.0
900.77222,584.4
900.88849,584.4
901.00482,583.6
901.12109,575.6
901.23743,584.2
901.3537,582.4
901.47003,581.4
901.5863,583.2
901.70258,580.8
901.81885,580.0
901.93512,578.8
902.05139,578.0
902.16766,585.8
902.28394,585.2
902.40021,582.8
902.51642,585.0
902.63269,585.4
902.7489,585.8
902.86517,580.6
902.98138,580.2
903.09766,582.6
903.21387,585.0
903.33008,585.6
903.44629,581.0
903.5625,577.4
903.67871,580.2
903.79492,573.2
903.91113,577.8
904.02734,570.6
904.14355,578.0
904.2597,573.4
904.37592,576.0
904.49207,572.8
904.60828,572.4
904.72443,563.8
904.84064,576.0
904.95679,570.2
905.07294,574.2
905.18909,569.8
905.30524,572.2
905.42139,564.8
905.53754,575.0
905.65369,566.2
905.76984,561.2
905.88593,571.6
906.00208,566.0
906.11816,564.6
906.23431,567.0
906.3504,560.8
906.46655,559.8
906.58264,560.0
906.69873,566.4
906.81482,559.4
906.93091,559.2
907.047,559.2
907.16309,559.8
907.27917,560.2
907.39526,561.8
907.51135,562.6
907.62738,562.4
907.74347,558.6
907.8595,565.0
907.97559,562.6
908.09161,562.2
908.2077,559.0
908.32373,563.2
908.43976,557.2
908.55579,552.2
908.67181,554.6
908.78784,556.4
908.90387,557.6
909.0199,556.8
909.13586,551.8
909.25189,554.4
909.36792,552.6
909.48389,555.2
909.59991,553.2
909.71588,559.4
909.83185,564.4
909.94788,558.2
910.06384,551.6
910.17981,557.8
910.29578,558.0
910.41174,560.4
910.52771,557.2
910.64368,558.6
910.75958,552.4
910.87555,557.8
910.99152,553.4
911.10742,553.2
911.22339,551.4
911.33929,555.0
911.4552,550.4
911.57117,550.4
911.68707,557.4
911.80298,549.8
911.91888,551.8
912.03479,552.6
912.1507,555.0
912.2666,552.4
912.38245,549.8
912.49835,553.2
912.61426,561.4
912.7301,552.2
912.84601,555.4
792.4458,608.2
792.56488,600.4
792.68396,617.2
792.8031,610.8
792.92218,596.8
793.04126,588.4
793.16034,598.4
793.27942,593.4
793.3985,583.2
793.51758,576.8
793.63672,576.2
793.7558,574.0
793.87488,584.0
793.9939,587.6
794.11298,577.4
794.23206,570.4
794.35114,572.0
794.47021,565.0
794.58929,567.2
794.70831,563.0
794.82739,562.4
794.94647,564.6
795.06549,568.4
795.18457,557.6
795.30365,557.4
795.42267,556.4
795.54175,558.6
795.66077,558.8
795.77985,552.4
795.89886,556.4
796.01794,557.4
796.13696,552.2
796.25598,557.8
796.375,553.6
796.49408,555.0
796.6131,554.2
796.73212,554.2
796.85114,548.8
796.97015,551.8
797.08923,546.2
797.20825,545.6
797.32727,550.2
797.44629,543.8
797.56531,540.4
797.68427,547.2
797.80328,548.4
797.9223,548.8
798.04132,545.8
798.16034,547.2
798.27936,544.0
798.39832,543.8
798.51733,547.8
798.63635,549.4
798.75531,542.6
798.87433,546.2
798.99329,538.4
799.1123,544.8
799.23126,542.8
799.35028,546.2
799.46924,546.8
799.58826,547.8
799.70721,545.4
799.82617,546.8
799.94519,547.4
800.06415,549.0
800.18311,538.2
800.30206,546.4
800.42102,553.4
800.54004,545.4
800.659,548.0
800.77795,551.4
800.89691,546.8
801.01587,550.8
801.13483,551.8
801.25372,547.6
801.37268,551.0
801.49164,549.6
801.6106,556.8
801.72955,551.4
801.84845,555.2
801.96741,550.4
802.08636,551.4
802.20526,553.6
802.32422,552.8
802.44318,562.6
802.56207,556.6
802.68103,557.0
802.79993,553.0
802.91882,552.0
803.03778,554.6
803.15668,556.0
803.27557,554.0
803.39453,553.8
803.51343,549.6
803.63232,561.2
803.75122,557.8
803.87012,557.4
803.98907,556.0
804.10797,556.6
804.22687,560.4
804.34576,563.6
804.46466,564.8
804.58356,561.8
804.70239,557.2
804.82129,558.8
804.94019,566.2
805.05908,559.2
805.17798,562.6
805.29681,565.0
805.41571,565.6
805.53461,567.2
805.65344,559.6
805.77234,569.6
805.89117,568.2
806.01007,568.4
806.12891,570.6
806.2478,570.0
806.36664,568.0
806.48547,571.8
806.60437,571.2
806.72321,575.0
806.84204,569.8
806.96088,565.8
807.07971,573.2
807.19861,569.4
807.31744,580.4
807.43628,571.4
807.55511,571.8
807.67395,567.2
807.79279,575.8
807.91162,575.4
808.0304,576.6
808.14923,577.0
808.26807,568.2
808.3869,580.4
808.50568,581.4
808.62451,582.2
808.74335,577.4
808.86212,578.2
808.98096,586.4
809.09979,577.8
809.21857,575.4
809.33734,584.2
809.45618,582.2
809.57495,585.4
809.69379,588.4
809.81256,584.8
809.93134,580.4
810.05011,581.0
810.16895,578.8
810.28772,577.8
810.40649,580.4
810.52527,586.2
810.64404,584.2
810.76282,592.2
810.88159,589.2
811.00037,580.2
811.11914,576.2
811.23792,585.0
811.35663,584.2
811.4754,578.6
811.59418,582.6
811.71295,586.2
811.83167,584.0
811.95044,583.4
812.06921,590.8
812.18793,589.8
812.3067,582.6
812.42542,576.6
812.54419,590.2
812.6629,587.8
812.78162,586.0
812.90039,583.8
813.0191,578.4
813.13782,583.0
813.25653,579.8
813.37524,586.0
813.49402,589.4
813.61273,586.4
813.73145,576.8
813.85016,580.0
813.96887,579.2
814.08759,582.4
814.2063,582.0
814.32495,582.0
814.44366,582.6
814.56238,581.2
814.68109,577.4
814.79974,572.2
814.91846,574.0
815.03717,578.0
815.15582,575.2
815.27454,570.0
815.39319,567.4
815.5119,568.8
815.63055,563.0
815.74927,567.6
815.86792,572.2
815.98657,570.6
816.10529,581.6
816.22394,580.0
816.34259,573.2
816.46124,576.6
816.5799,579.2
816.69855,576.8
816.8172,575.8
816.93585,568.2
817.0545,572.0
817.17316,564.2
817.29181,558.0
817.41046,560.8
817.52911,556.4
817.64771,551.8
817.76636,542.0
817.88501,541.0
818.0036,537.0
818.12225,537.8
818.24091,531.2
818.3595,534.8
818.47815,528.6
818.59674,529.6
818.71533,533.2
818.83398,517.6
818.95258,523.8
819.07117,522.4
819.18976,523.0
819.30841,518.4
819.427,518.2
819.54559,519.0
819.66418,514.0
819.78278,517.6
819.90137,518.6
820.01996,509.8
820.13855,510.0
820.25714,505.6
820.37573,509.8
820.49426,512.0
820.61285,508.8
820.73145,511.0
820.84998,507.2
820.96857,508.6
821.08716,510.0
821.20569,505.0
821.32428,505.0
821.44281,507.0
821.56134,506.6
821.67993,503.0
821.79846,503.4
821.91699,507.6
822.03558,503.8
822.15411,507.6
822.27264,505.2
822.39117,504.0
822.5097,501.2
822.62823,504.8
822.74677,503.4
822.8653,503.8
822.98383,500.4
823.10236,502.4
823.22089,503.0
823.33942,503.0
823.45789,505.0
823.57642,507.0
823.69495,508.2
823.81342,503.0
823.93195,500.4
824.05042,513.6
824.16895,508.8
824.28741,508.6
824.40594,504.0
824.52441,504.6
824.64288,505.8
824.76141,504.4
824.87988,503.0
824.99835,504.0
825.11682,501.4
825.23529,503.6
825.35376,503.8
825.47223,504.6
825.5907,496.4
825.70917,499.0
825.82764,499.0
825.94611,497.0
826.06458,496.8
826.18304,501.4
826.30145,501.6
826.41992,497.0
826.53839,495.6
826.6568,495.0
826.77527,495.8
826.89368,498.4
827.01215,496.0
827.13055,501.2
827.24902,495.2
827.36743,492.2
827.48584,493.2
827.60431,491.4
827.72272,489.6
827.84113,496.4
827.95953,490.8
828.07794,488.8
828.19635,492.6
828.31476,489.6
828.43317,486.2
828.55157,492.6
828.66998,489.8
828.78839,495.4
828.90674,487.2
829.02515,491.6
829.14355,489.8
829.2619,496.0
829.38031,490.0
829.49872,490.2
829.61707,487.4
829.73547,493.4
829.85382,490.0
829.97217,482.8
830.09058,489.2
830.20892,488.0
830.32727,485.6
830.44562,490.0
830.56403,485.4
830.68237,488.8
830.80072,489.0
830.91907,487.4
831.03741,484.8
831.15576,488.6
831.27411,485.2
831.3924,488.6
831.51074,486.0
831.62909,488.0
831.74744,489.4
831.86572,490.2
831.98407,488.4
832.10242,494.4
832.2207,491.0
832.33905,491.2
832.45734,485.8
832.57562,490.8
832.69397,486.2
832.81226,484.2
832.93054,492.6
833.04889,490.2
833.16718,488.4
833.28546,490.6
833.40375,497.4
833.52203,485.6
833.64032,487.8
833.75861,490.0
833.87689,489.6
833.99518,492.4
834.1134,489.4
834.23169,494.6
834.34998,490.8
834.46826,491.4
834.58649,494.8
834.70477,495.0
834.823,489.4
834.94128,495.2
835.05951,496.0
835.1778,495.8
835.29602,492.6
835.41425,499.4
835.53253,498.0
835.65076,495.8
835.76898,494.8
835.88721,501.0
836.00543,505.2
836.12366,499.2
836.24188,494.0
836.36011,498.8
836.47833,501.0
836.59656,499.6
836.71478,502.8
836.83295,499.6
836.95117,497.8
837.0694,503.2
837.18756,501.2
837.30579,499.4
837.42401,504.8
837.54218,499.6
837.66034,498.4
837.77856,502.2
837.89673,499.0
838.01489,503.6
838.13312,496.2
838.25128,500.0
838.36945,500.2
838.48761,498.8
838.60577,506.0
838.72394,501.8
838.8421,498.8
838.96027,501.6
839.07843,501.2
839.19659,498.8
839.31476,499.4
839.43286,496.6
839.55103,499.2
839.66919,500.2
839.78729,493.2
839.90546,496.0
840.02356,497.2
840.14172,497.2
840.25983,493.2
840.37793,496.2
840.49609,497.6
840.6142,496.4
840.7323,494.6
840.8504,496.4
840.96851,495.2
841.08661,494.6
841.20471,495.2
841.32281,495.0
841.44092,494.8
841.55902,491.8
841.67712,490.8
841.79523,493.6
841.91327,491.2
842.03137,491.8
842.14948,493.8
842.26752,486.6
842.38562,490.6
842.50366,491.0
842.62177,488.0
842.73981,492.0
842.85791,492.0
842.97595,492.8
843.09399,493.0
843.21204,497.2
843.33008,488.8
843.44818,492.0
843.56622,490.4
843.68427,495.4
843.80231,492.0
843.92029,494.8
844.03833,494.0
844.15637,489.4
844.27441,490.8
844.39246,492.6
844.51044,487.2
844.62848,489.0
844.74646,491.4
844.8645,491.4
844.98248,490.6
845.10052,488.4
845.21851,495.0
845.33649,497.4
845.45453,492.2
845.57251,494.6
845.69049,485.4
845.80847,492.0
845.92645,485.6
846.04443,490.4
846.16241,491.2
846.2804,497.8
846.39838,492.4
846.51636,491.0
846.63434,488.8
846.75226,487.0
846.87024,489.2
846.98822,489.4
847.10614,491.4
847.22412,489.4
847.34204,490.6
847.46002,486.2
847.57794,490.8
847.69586,488.4
847.81384,491.8
847.93176,492.4
848.04968,489.4
848.1676,486.2
848.28552,488.2
848.40344,493.6
848.52136,485.6
848.63928,487.8
848.7572,488.2
848.87512,490.2
848.99304,487.8
849.1109,488.2
849.22882,486.2
849.34674,488.4
849.4646,487.8
849.58252,488.4
849.70038,487.8
849.8183,487.8
849.93616,488.4
850.05402,491.8
850.17194,485.8
850.28979,488.2
850.40765,490.6
850.52551,493.8
850.64337,488.6
850.76123,488.6
850.87909,486.2
850.99695,491.8
851.11481,491.2
851.23267,492.8
851.35046,494.8
851.46832,489.0
851.58618,493.8
851.70398,491.2
851.82184,493.8
851.93964,495.6
852.0575,495.8
852.17529,500.4
852.29315,496.0
852.41095,491.2
852.52875,496.2
852.64655,493.8
852.7644,490.6
852.8822,499.0
853.0,487.6
853.1178,489.2
853.2356,491.6
853.35333,489.6
853.47113,490.8
853.58893,498.6
853.70673,492.2
853.82446,496.4
853.94226,490.2
854.06006,494.4
854.1778,496.4
854.29559,495.6
854.41333,494.0
854.53107,491.4
854.64886,498.8
854.7666,496.6
854.88434,495.4
855.00208,501.2
855.11981,498.6
855.23761,493.4
855.35535,495.2
855.47302,490.8
855.59076,499.6
855.7085,492.0
855.82623,494.4
855.94397,498.0
856.06165,493.6
856.17938,497.4
856.29712,498.4
856.41479,495.4
856.53253,495.0
856.65021,495.6
856.76788,492.0
856.88562,499.2
857.0033,492.8
857.12097,491.4
857.23865,496.0
857.35632,495.8
857.474,494.6
857.59167,498.2
857.70935,495.4
857.82703,493.0
857.9447,494.0
858.06238,493.0
858.18005,494.2
858.29767,492.0
858.41534,487.2
858.53296,496.2
858.65063,494.6
858.76825,491.8
858.88593,491.4
859.00354,494.4
859.12115,491.6
859.23883,491.2
859.35645,492.2
859.47406,493.2
859.59167,489.0
859.70929,498.4
859.8269,488.4
859.94452,487.4
860.06213,496.4
860.17975,489.0
860.29736,490.2
860.41492,487.4
860.53253,486.0
860.65009,491.6
860.7677,487.4
860.88525,495.8
861.00287,493.2
861.12042,491.2
861.23804,492.0
861.35559,491.2
861.47314,490.8
861.5907,491.2
861.70825,490.6
861.82581,491.2
861.94336,487.0
862.06091,488.2
862.17847,493.8
862.29602,490.2
862.41357,485.4
862.53113,487.2
862.64862,488.6
862.76617,486.0
862.88367,486.2
863.00122,491.6
863.11871,489.8
863.23627,494.6
863.35376,489.6
863.47125,491.6
863.58881,486.6
863.7063,491.6
863.82379,491.0
863.94128,495.8
864.05878,492.2
864.17627,492.4
864.29376,487.4
864.41125,492.2
864.52869,493.0
864.64618,487.6
864.76367,489.4
864.8811,494.2
864.9986,487.8
865.11609,489.6
865.23352,487.4
865.35095,488.4
865.46844,488.8
865.58588,492.2
865.70331,489.4
865.82074,491.4
865.93823,490.4
866.05566,490.8
866.1731,487.6
866.29053,486.8
866.4079,495.8
866.52533,491.2
866.64276,490.4
866.76019,488.6
866.87756,487.0
866.995,493.2
867.11243,486.4
867.2298,491.8
867.34723,486.6
867.4646,496.4
867.58197,491.8
867.6994,490.0
867.81677,496.2
867.93414,489.8
868.05151,493.0
868.16888,490.4
868.28625,490.2
868.40363,494.6
868.521,495.2
868.63837,492.6
868.75568,490.2
868.87305,491.2
868.99042,495.6
869.10773,494.2
869.2251,492.4
869.34241,498.0
869.45978,487.4
869.57709,497.0
869.69446,492.2
869.81177,491.4
869.92908,497.8
870.04639,491.8
870.1637,490.2
870.28101,491.2
870.39832,492.2
870.51563,493.0
870.63293,490.8
870.75024,491.8
870.86749,492.4
870.9848,493.6
871.10211,489.6
871.21936,488.8
871.33667,488.8
871.45392,489.4
871.57123,490.4
871.68848,488.2
871.80573,489.4
871.92297,491.6
872.04028,491.2
872.15753,493.0
872.27478,491.4
872.39203,491.4
872.50928,494.6
872.62646,492.6
872.74371,490.4
872.86096,491.6
872.97821,492.4
873.0954,496.6
873.21265,486.6
873.32983,485.8
873.44708,491.2
873.56427,493.6
873.68152,488.8
873.79871,489.8
873.91589,487.0
874.03308,488.0
874.15027,488.8
874.26746,489.8
874.38464,488.4
874.50183,493.4
874.61902,488.4
874.73621,490.4
874.85339,491.0
874.97052,494.0
875.08771,492.0
875.2049,490.6
875.32202,490.6
875.43921,495.2
875.55634,487.6
875.67346,492.0
875.79065,487.4
875.90778,488.8
876.0249,493.8
876.14203,487.4
876.25916,493.4
876.37628,496.8
876.49341,491.6
876.61053,492.0
876.72766,494.6
876.84473,494.4
876.96185,490.8
877.07898,489.8
877.19604,493.0
877.31317,490.2
877.43024,495.2
877.54736,490.6
877.66443,493.8
877.78149,494.0
877.89856,492.8
878.01569,489.8
878.13275,486.2
878.24982,490.4
878.36688,491.2
878.48395,487.8
878.60095,498.2
878.71802,489.2
878.83508,494.4
878.95215,491.2
879.06915,485.4
879.18622,495.2
879.30322,493.6
879.42029,491.2
879.53729,490.2
879.6543,491.8
879.77136,487.6
879.88837,490.4
880.00537,496.4
880.12238,489.6
880.23938,493.6
880.35638,490.8
880.47339,485.4
880.59039,490.8
880.70734,488.2
880.82434,492.0
880.94135,492.8
881.05829,485.6
881.17529,490.0
881.29224,492.2
881.40924,487.2
881.52618,490.8
881.64313,491.8
881.76007,489.6
881.87701,492.8
881.99402,491.4
882.11096,491.6
882.22791,489.0
882.34479,492.0
882.46173,492.8
882.57867,491.8
882.69562,491.0
882.8125,491.4
882.92944,495.2
883.04639,496.8
883.16327,494.8
883.28015,490.4
883.39709,485.0
883.51398,493.2
883.63086,497.4
883.74774,497.4
883.86462,494.4
883.98157,494.8
884.09839,494.2
884.21527,492.4
884.33215,493.8
884.44904,492.8
884.56592,496.0
884.68274,494.6
884.79962,490.0
884.9165,493.0
885.03333,495.6
885.15015,491.8
885.26703,500.4
885.38385,494.6
885.50067,498.2
885.61749,503.2
885.73438,501.2
885.8512,498.6
885.96802,497.4
886.08478,490.8
886.2016,497.0
886.31842,495.4
886.43524,493.0
886.55206,499.2
886.66882,491.0
886.78564,497.6
886.9024,495.2
887.01923,493.6
887.13599,496.4
887.25275,497.6
887.36951,497.0
887.48633,495.8
887.60309,498.6
887.71985,498.2
887.83661,490.8
887.95337,492.8
888.07007,494.6
888.18683,496.4
888.30359,495.2
888.42035,492.4
888.53705,493.4
888.65381,490.6
888.77051,495.6
888.88721,495.4
889.00397,495.0
889.12067,493.0
889.23737,496.0
889.35406,492.8
889.47083,490.2
889.58752,496.2
889.70416,496.8
889.82086,496.6
889.93756,494.0
890.05426,494.2
890.17096,497.4
890.2876,486.4
890.4043,492.8
890.52094,490.8
890.63763,494.8
890.75427,495.0
890.87091,497.8
890.98761,495.4
891.10425,501.0
891.22089,495.4
891.33752,498.0
891.45416,496.8
891.5708,495.0
891.68744,495.0
891.80408,495.0
891.92065,492.2
892.03729,493.6
892.15393,497.4
892.27051,497.4
892.38715,495.4
892.50372,491.6
892.6203,499.2
892.73694,496.8
892.85352,498.8
892.97009,494.8
893.08667,499.6
893.20325,502.6
893.31982,499.6
893.4364,497.4
893.55298,495.8
893.66956,502.2
893.78607,498.2
893.90265,501.8
894.01917,498.8
894.13574,500.0
894.25226,496.2
894.36884,503.8
894.48535,498.6
894.60187,497.6
894.71838,501.4
894.8349,498.2
894.95148,498.0
895.06793,495.6
895.18445,500.0
895.30096,497.6
895.41748,496.8
895.534,495.6
895.65045,495.8
895.76697,496.0
895.88342,499.0
895.99994,501.0
896.11639,496.8
896.23291,492.8
896.34937,498.0
896.46582,494.8
896.58228,493.6
896.69873,499.0
896.81519,494.0
896.93164,496.6
897.0481,499.2
897.16455,500.4
897.28094,498.6
897.3974,496.2
897.51385,501.0
897.63025,496.6
897.7467,497.4
897.8631,498.2
897.97949,494.4
898.09595,494.6
898.21234,495.6
898.32874,497.6
898.44513,492.8
898.56152,492.2
898.67792,494.2
898.79431,491.2
898.91064,497.6
899.02704,494.8
899.14343,496.6
899.25977,491.6
899.37616,492.2
899.49249,499.0
899.60889,498.2
899.72522,497.0
899.84155,498.6
899.95789,495.6
900.07428,499.2
900.19061,496.8
900.30695,501.2
900.42322,496.0
900.53955,496.8
900.65588,495.2
900.77222,493.4
900.88849,496.2
901.00482,492.0
901.12109,497.0
901.23743,488.6
901.3537,494.2
901.47003,486.8
901.5863,493.8
901.70258,490.6
901.81885,493.0
901.93512,492.8
902.05139,494.2
902.16766,491.8
902.28394,490.6
902.40021,491.8
902.51642,491.4
902.63269,491.0
902.7489,489.8
902.86517,493.2
902.98138,493.0
903.09766,494.4
903.21387,493.8
903.33008,498.8
903.44629,491.0
903.5625,490.6
903.67871,491.8
903.79492,490.2
903.91113,491.4
904.02734,489.0
904.14355,490.4
904.2597,490.6
904.37592,488.4
904.49207,487.2
904.60828,491.6
904.72443,486.2
904.84064,486.4
904.95679,490.6
905.07294,484.4
905.18909,492.4
905.30524,488.2
905.42139,488.8
905.53754,485.2
905.65369,479.6
905.76984,485.6
905.88593,493.2
906.00208,487.0
906.11816,482.8
906.23431,486.2
906.3504,486.4
906.46655,486.0
906.58264,489.8
906.69873,487.8
906.81482,486.6
906.93091,480.4
907.047,483.4
907.16309,490.2
907.27917,486.4
907.39526,490.0
907.51135,487.2
907.62738,482.8
907.74347,487.6
907.8595,483.2
907.97559,483.6
908.09161,486.4
908.2077,489.4
908.32373,489.6
908.43976,488.4
908.55579,483.8
908.67181,486.8
908.78784,487.6
908.90387,483.8
909.0199,485.4
909.13586,485.8
909.25189,488.6
909.36792,487.0
909.48389,486.4
909.59991,483.4
909.71588,486.8
909.83185,486.2
909.94788,483.2
910.06384,486.6
910.17981,485.0
910.29578,484.8
910.41174,487.2
910.52771,484.6
910.64368,485.4
910.75958,482.0
910.87555,487.2
910.99152,484.6
911.10742,485.8
911.22339,480.2
911.33929,485.0
911.4552,485.8
911.57117,481.4
911.68707,483.6
911.80298,486.2
911.91888,483.6
912.03479,484.2
912.1507,489.0
912.2666,485.8
912.38245,483.8
912.49835,487.8
912.61426,482.2
912.7301,484.8
912.84601,484.0
792.4458,611.0
792.56488,602.2
792.68396,608.0
792.8031,603.2
792.92218,590.4
793.04126,585.4
793.16034,581.4
793.27942,587.2
793.3985,586.8
793.51758,566.6
793.63672,569.6
793.7558,570.6
793.87488,578.2
793.9939,570.4
794.11298,564.2
794.23206,563.0
794.35114,559.4
794.47021,557.8
794.58929,557.2
794.70831,552.2
794.82739,561.2
794.94647,546.2
795.06549,551.2
795.18457,547.8
795.30365,543.2
795.42267,541.2
795.54175,544.2
795.66077,545.6
795.77985,543.4
795.89886,545.2
796.01794,544.0
796.13696,543.6
796.25598,542.4
796.375,536.6
796.49408,540.2
796.6131,543.4
796.73212,537.4
796.85114,534.8
796.97015,540.2
797.08923,538.8
797.20825,533.6
797.32727,534.6
797.44629,534.8
797.56531,541.4
797.68427,535.8
797.80328,539.2
797.9223,532.2
798.04132,534.8
798.16034,538.8
798.27936,534.8
798.39832,532.0
798.51733,533.0
798.63635,536.6
798.75531,532.6
798.87433,527.8
798.99329,533.4
799.1123,526.8
799.23126,530.4
799.35028,534.8
799.46924,532.8
799.58826,535.0
799.70721,537.8
799.82617,532.4
799.94519,535.2
800.06415,534.2
800.18311,533.0
800.30206,529.6
800.42102,535.0
800.54004,533.0
800.659,526.4
800.77795,536.6
800.89691,537.2
801.01587,537.6
801.13483,537.4
801.25372,535.0
801.37268,540.8
801.49164,539.2
801.6106,542.4
801.72955,539.0
801.84845,539.0
801.96741,542.8
802.08636,540.2
802.20526,536.0
802.32422,536.4
802.44318,541.2
802.56207,538.8
802.68103,540.4
802.79993,540.8
802.91882,545.6
803.03778,537.8
803.15668,545.6
803.27557,542.8
803.39453,546.6
803.51343,540.2
803.63232,542.8
803.75122,542.0
803.87012,548.4
803.98907,541.8
804.10797,543.2
804.22687,542.4
804.34576,550.0
804.46466,547.6
804.58356,551.0
804.70239,540.2
804.82129,545.0
804.94019,546.2
805.05908,541.6
805.17798,546.0
805.29681,552.0
805.41571,554.8
805.53461,554.0
805.65344,545.2
805.77234,551.8
805.89117,551.0
806.01007,558.8
806.12891,558.6
806.2478,562.2
806.36664,553.6
806.48547,553.0
806.60437,558.4
806.72321,553.6
806.84204,559.0
806.96088,554.6
807.07971,554.0
807.19861,554.2
807.31744,555.8
807.43628,560.8
807.55511,555.8
807.67395,555.0
807.79279,559.6
807.91162,558.0
808.0304,560.4
808.14923,563.2
808.26807,562.8
808.3869,568.2
808.50568,567.4
808.62451,560.4
808.74335,560.6
808.86212,560.4
808.98096,564.6
809.09979,562.4
809.21857,563.8
809.33734,566.0
809.45618,560.0
809.57495,565.2
809.69379,572.6
809.81256,570.4
809.93134,564.4
810.05011,563.6
810.16895,560.4
810.28772,564.4
810.40649,570.4
810.52527,572.2
810.64404,567.8
810.76282,568.2
810.88159,571.0
811.00037,566.0
811.11914,567.2
811.23792,566.0
811.35663,565.2
811.4754,565.8
811.59418,571.0
811.71295,571.8
811.83167,572.6
811.95044,568.4
812.06921,568.0
812.18793,571.6
812.3067,569.4
812.42542,564.6
812.54419,571.4
812.6629,571.6
812.78162,563.2
812.90039,564.6
813.0191,564.6
813.13782,567.6
813.25653,567.8
813.37524,564.0
813.49402,563.8
813.61273,569.4
813.73145,565.4
813.85016,574.0
813.96887,562.6
814.08759,566.6
814.2063,567.8
814.32495,566.0
814.44366,561.0
814.56238,563.8
814.68109,561.2
814.79974,557.6
814.91846,560.0
815.03717,559.6
815.15582,557.6
815.27454,556.8
815.39319,553.8
815.5119,557.0
815.63055,554.2
815.74927,556.6
815.86792,558.2
815.98657,556.8
816.10529,556.6
816.22394,557.6
816.34259,562.0
816.46124,564.4
816.5799,560.6
816.69855,568.8
816.8172,564.8
816.93585,556.8
817.0545,555.0
817.17316,553.0
817.29181,547.8
817.41046,549.4
817.52911,540.8
817.64771,539.4
817.76636,534.2
817.88501,533.2
818.0036,530.2
818.12225,532.4
818.24091,524.0
818.3595,523.0
818.47815,519.6
818.59674,528.8
818.71533,520.0
818.83398,517.0
818.95258,511.4
819.07117,513.6
819.18976,514.2
819.30841,518.0
819.427,517.2
819.54559,513.4
819.66418,512.2
819.78278,515.8
819.90137,511.4
820.01996,503.8
820.13855,504.2
820.25714,505.4
820.37573,504.2
820.49426,507.4
820.61285,504.0
820.73145,506.6
820.84998,497.0
820.96857,501.8
821.08716,501.2
821.20569,502.8
821.32428,497.8
821.44281,501.4
821.56134,498.8
821.67993,499.0
821.79846,495.4
821.91699,506.0
822.03558,499.8
822.15411,499.2
822.27264,503.2
822.39117,499.8
822.5097,500.6
822.62823,503.8
822.74677,501.2
822.8653,497.8
822.98383,501.0
823.10236,496.6
823.22089,494.2
823.33942,493.0
823.45789,496.6
823.57642,504.4
823.69495,502.0
823.81342,501.0
823.93195,499.2
824.05042,506.6
824.16895,501.4
824.28741,504.0
824.40594,501.4
824.52441,500.4
824.64288,503.0
824.76141,499.4
824.87988,500.4
824.99835,501.6
825.11682,494.4
825.23529,501.2
825.35376,498.6
825.47223,497.8
825.5907,494.8
825.70917,492.2
825.82764,495.2
825.94611,492.2
826.06458,488.2
826.18304,489.4
826.30145,492.0
826.41992,494.4
826.53839,492.0
826.6568,492.8
826.77527,494.2
826.89368,494.6
827.01215,494.8
827.13055,487.6
827.24902,492.2
827.36743,489.4
827.48584,491.0
827.60431,489.4
827.72272,489.8
827.84113,490.4
827.95953,481.4
828.07794,488.4
828.19635,483.0
828.31476,488.0
828.43317,487.2
828.55157,490.4
828.66998,487.0
828.78839,490.2
828.90674,487.4
829.02515,489.6
829.14355,493.8
829.2619,490.4
829.38031,486.0
829.49872,487.4
829.61707,483.2
829.73547,486.4
829.85382,489.8
829.97217,484.8
830.09058,488.8
830.20892,485.0
830.32727,488.6
830.44562,489.4
830.56403,492.8
830.68237,490.6
830.80072,486.8
830.91907,487.0
831.03741,484.8
831.15576,493.6
831.27411,488.8
831.3924,493.6
831.51074,489.2
831.62909,484.4
831.74744,486.4
831.86572,489.4
831.98407,491.0
832.10242,488.6
832.2207,486.2
832.33905,485.0
832.45734,487.0
832.57562,489.8
832.69397,482.2
832.81226,488.6
832.93054,491.6
833.04889,491.8
833.16718,486.2
833.28546,486.0
833.40375,494.4
833.52203,490.2
833.64032,485.2
833.75861,486.2
833.87689,490.0
833.99518,491.8
834.1134,490.2
834.23169,491.4
834.34998,491.0
834.46826,492.6
834.58649,490.4
834.70477,493.8
834.823,492.4
834.94128,493.8
835.05951,491.2
835.1778,492.2
835.29602,491.0
835.41425,494.0
835.53253,495.4
835.65076,494.6
835.76898,494.6
835.88721,495.4
836.00543,497.0
836.12366,500.6
836.24188,490.8
836.36011,496.6
836.47833,502.0
836.59656,498.8
836.71478,496.8
836.83295,501.8
836.95117,497.8
837.0694,503.6
837.18756,505.6
837.30579,500.0
837.42401,499.0
837.54218,497.2
837.66034,495.8
837.77856,501.4
837.89673,500.4
838.01489,504.4
838.13312,499.2
838.25128,500.2
838.36945,498.2
838.48761,499.8
838.60577,494.0
838.72394,502.4
838.8421,503.8
838.96027,498.2
839.07843,495.4
839.19659,494.8
839.31476,498.0
839.43286,501.2
839.55103,498.8
839.66919,497.6
839.78729,493.8
839.90546,504.0
840.02356,496.8
840.14172,494.8
840.25983,499.0
840.37793,494.2
840.49609,495.2
840.6142,498.6
840.7323,497.4
840.8504,492.6
840.96851,495.0
841.08661,493.4
841.20471,492.0
841.32281,491.4
841.44092,492.8
841.55902,494.0
841.67712,490.6
841.79523,496.8
841.91327,490.4
842.03137,498.2
842.14948,493.0
842.26752,490.2
842.38562,492.2
842.50366,494.0
842.62177,489.6
842.73981,492.2
842.85791,493.8
842.97595,490.2
843.09399,486.6
843.21204,496.4
843.33008,493.6
843.44818,494.2
843.56622,495.6
843.68427,496.0
843.80231,497.4
843.92029,493.4
844.03833,495.0
844.15637,493.6
844.27441,491.6
844.39246,493.6
844.51044,491.0
844.62848,497.4
844.74646,493.8
844.8645,492.0
844.98248,491.8
845.10052,488.2
845.21851,496.0
845.33649,491.2
845.45453,494.0
845.57251,495.4
845.69049,491.4
845.80847,491.4
845.92645,495.4
846.04443,492.2
846.16241,493.0
846.2804,495.2
846.39838,494.4
846.51636,495.2
846.63434,492.8
846.75226,492.8
846.87024,489.6
846.98822,490.4
847.10614,494.6
847.22412,496.2
847.34204,494.6
847.46002,497.6
847.57794,491.8
847.69586,494.6
847.81384,490.8
847.93176,491.4
848.04968,493.8
848.1676,495.6
848.28552,492.8
848.40344,490.8
848.52136,491.2
848.63928,490.4
848.7572,491.2
848.87512,492.0
848.99304,492.2
849.1109,491.8
849.22882,494.2
849.34674,487.6
849.4646,494.4
849.58252,487.8
849.70038,491.8
849.8183,493.2
849.93616,493.6
850.05402,494.4
850.17194,495.6
850.28979,497.8
850.40765,489.4
850.52551,497.0
850.64337,492.4
850.76123,498.0
850.87909,492.6
850.99695,490.0
851.11481,492.0
851.23267,493.0
851.35046,495.8
851.46832,497.0
851.58618,491.0
851.70398,499.2
851.82184,494.4
851.93964,496.8
852.0575,502.2
852.17529,501.8
852.29315,500.8
852.41095,500.0
852.52875,497.6
852.64655,498.0
852.7644,501.4
852.8822,497.6
853.0,493.2
853.1178,498.4
853.2356,496.4
853.35333,497.8
853.47113,493.8
853.58893,501.0
853.70673,494.8
853.82446,499.0
853.94226,503.0
854.06006,498.4
854.1778,498.6
854.29559,499.0
854.41333,500.4
854.53107,496.4
854.64886,499.8
854.7666,501.4
854.88434,491.2
855.00208,500.6
855.11981,500.0
855.23761,498.0
855.35535,504.4
855.47302,501.4
855.59076,501.2
855.7085,497.0
855.82623,498.6
855.94397,503.8
856.06165,501.6
856.17938,503.8
856.29712,494.6
856.41479,500.6
856.53253,500.6
856.65021,499.0
856.76788,495.6
856.88562,497.8
857.0033,498.6
857.12097,495.6
857.23865,497.8
857.35632,499.6
857.474,498.4
857.59167,499.6
857.70935,496.6
857.82703,496.4
857.9447,499.8
858.06238,499.0
858.18005,496.2
858.29767,496.8
858.41534,497.2
858.53296,496.8
858.65063,505.4
858.76825,496.8
858.88593,503.0
859.00354,498.4
859.12115,497.8
859.23883,494.4
859.35645,495.0
859.47406,497.8
859.59167,495.4
859.70929,503.0
859.8269,494.0
859.94452,494.8
860.06213,495.6
860.17975,495.4
860.29736,491.6
860.41492,493.4
860.53253,497.2
860.65009,495.6
860.7677,494.2
860.88525,497.4
861.00287,492.2
861.12042,497.8
861.23804,500.8
861.35559,500.6
861.47314,496.0
861.5907,498.4
861.70825,492.6
861.82581,494.6
861.94336,490.2
862.06091,493.4
862.17847,492.6
862.29602,493.6
862.41357,494.2
862.53113,492.2
862.64862,494.0
862.76617,491.8
862.88367,494.6
863.00122,495.2
863.11871,493.4
863.23627,498.4
863.35376,490.8
863.47125,495.8
863.58881,496.4
863.7063,500.0
863.82379,493.4
863.94128,490.2
864.05878,497.8
864.17627,495.8
864.29376,496.8
864.41125,498.0
864.52869,493.8
864.64618,494.8
864.76367,497.2
864.8811,500.6
864.9986,492.4
865.11609,501.2
865.23352,496.4
865.35095,499.2
865.46844,495.2
865.58588,498.2
865.70331,498.6
865.82074,499.0
865.93823,499.6
866.05566,493.2
866.1731,494.2
866.29053,498.2
866.4079,496.8
866.52533,497.2
866.64276,498.2
866.76019,494.4
866.87756,496.4
866.995,496.0
867.11243,496.2
867.2298,500.6
867.34723,492.2
867.4646,496.0
867.58197,500.2
867.6994,502.8
867.81677,498.6
867.93414,503.0
868.05151,496.8
868.16888,501.6
868.28625,495.8
868.40363,501.4
868.521,495.0
868.63837,501.0
868.75568,501.4
868.87305,498.0
868.99042,499.8
869.10773,500.6
869.2251,492.4
869.34241,498.2
869.45978,500.8
869.57709,500.4
869.69446,497.8
869.81177,499.2
869.92908,502.0
870.04639,505.6
870.1637,499.0
870.28101,502.0
870.39832,494.4
870.51563,494.6
870.63293,502.2
870.75024,498.4
870.86749,498.4
870.9848,499.4
871.10211,502.4
871.21936,500.4
871.33667,503.8
871.45392,501.2
871.57123,494.8
871.68848,494.2
871.80573,501.0
871.92297,502.4
872.04028,495.4
872.15753,496.4
872.27478,498.6
872.39203,502.2
872.50928,494.4
872.62646,496.8
872.74371,500.2
872.86096,505.2
872.97821,493.0
873.0954,497.0
873.21265,500.2
873.32983,495.6
873.44708,497.0
873.56427,501.4
873.68152,492.8
873.79871,496.6
873.91589,494.6
874.03308,499.0
874.15027,499.4
874.26746,495.4
874.38464,496.4
874.50183,494.4
874.61902,498.4
874.73621,496.4
874.85339,493.4
874.97052,501.0
875.08771,500.4
875.2049,501.8
875.32202,496.4
875.43921,507.0
875.55634,502.0
875.67346,498.6
875.79065,501.6
875.90778,503.2
876.0249,499.0
876.14203,498.8
876.25916,496.2
876.37628,500.8
876.49341,501.4
876.61053,502.4
876.72766,497.2
876.84473,501.2
876.96185,498.4
877.07898,503.0
877.19604,501.2
877.31317,500.2
877.43024,501.0
877.54736,503.4
877.66443,499.0
877.78149,502.2
877.89856,499.0
878.01569,497.0
878.13275,499.4
878.24982,502.2
878.36688,497.2
878.48395,499.2
878.60095,501.6
878.71802,498.0
878.83508,501.0
878.95215,501.2
879.06915,497.6
879.18622,500.2
879.30322,499.4
879.42029,499.8
879.53729,501.2
879.6543,500.6
879.77136,495.4
879.88837,498.8
880.00537,501.4
880.12238,504.0
880.23938,496.8
880.35638,502.0
880.47339,497.6
880.59039,493.0
880.70734,498.8
880.82434,500.0
880.94135,498.6
881.05829,498.8
881.17529,499.4
881.29224,502.6
881.40924,499.4
881.52618,495.0
881.64313,498.0
881.76007,498.4
881.87701,500.0
881.99402,500.4
882.11096,505.0
882.22791,496.6
882.34479,499.8
882.46173,504.6
882.57867,501.0
882.69562,501.2
882.8125,498.4
882.92944,502.2
883.04639,500.8
883.16327,497.6
883.28015,502.4
883.39709,497.4
883.51398,498.0
883.63086,501.6
883.74774,500.0
883.86462,498.4
883.98157,500.6
884.09839,508.0
884.21527,509.6
884.33215,505.6
884.44904,496.4
884.56592,507.2
884.68274,503.8
884.79962,501.2
884.9165,500.2
885.03333,504.6
885.15015,501.8
885.26703,502.2
885.38385,507.6
885.50067,504.8
885.61749,512.2
885.73438,508.2
885.8512,507.4
885.96802,510.6
886.08478,510.0
886.2016,507.0
886.31842,504.2
886.43524,503.0
886.55206,505.2
886.66882,512.8
886.78564,503.4
886.9024,506.0
887.01923,508.6
887.13599,502.4
887.25275,502.6
887.36951,510.6
887.48633,505.8
887.60309,506.6
887.71985,504.0
887.83661,508.8
887.95337,505.0
888.07007,501.0
888.18683,500.6
888.30359,505.2
888.42035,508.8
888.53705,501.8
888.65381,498.0
888.77051,504.8
888.88721,501.2
889.00397,499.4
889.12067,507.8
889.23737,504.2
889.35406,508.4
889.47083,498.8
889.58752,502.4
889.70416,504.6
889.82086,502.0
889.93756,507.6
890.05426,500.4
890.17096,506.6
890.2876,507.8
890.4043,504.0
890.52094,505.4
890.63763,501.4
890.75427,501.8
890.87091,507.6
890.98761,506.6
891.10425,508.6
891.22089,504.8
891.33752,509.8
891.45416,503.0
891.5708,507.0
891.68744,503.8
891.80408,503.2
891.92065,506.4
892.03729,501.0
892.15393,508.6
892.27051,502.8
892.38715,498.8
892.50372,500.6
892.6203,504.6
892.73694,507.6
892.85352,506.6
892.97009,501.0
893.08667,507.6
893.20325,505.4
893.31982,508.0
893.4364,504.0
893.55298,505.6
893.66956,512.6
893.78607,510.2
893.90265,506.2
894.01917,510.8
894.13574,507.0
894.25226,505.4
894.36884,511.2
894.48535,509.2
894.60187,509.6
894.71838,506.0
894.8349,515.4
894.95148,506.2
895.06793,512.4
895.18445,512.2
895.30096,507.4
895.41748,503.4
895.534,507.4
895.65045,505.4
895.76697,507.6
895.88342,509.4
895.99994,509.0
896.11639,509.2
896.23291,505.4
896.34937,503.0
896.46582,506.8
896.58228,510.8
896.69873,512.0
896.81519,508.0
896.93164,508.4
897.0481,507.2
897.16455,512.0
897.28094,510.2
897.3974,505.8
897.51385,509.2
897.63025,505.0
897.7467,506.8
897.8631,503.6
897.97949,504.4
898.09595,505.6
898.21234,506.8
898.32874,508.6
898.44513,500.8
898.56152,505.0
898.67792,506.0
898.79431,506.4
898.91064,506.2
899.02704,504.2
899.14343,509.0
899.25977,505.0
899.37616,499.8
899.49249,503.6
899.60889,505.4
899.72522,504.4
899.84155,506.0
899.95789,510.8
900.07428,505.2
900.19061,508.0
900.30695,510.0
900.42322,508.4
900.53955,501.0
900.65588,505.8
900.77222,504.4
900.88849,507.8
901.00482,500.8
901.12109,508.0
901.23743,500.8
901.3537,499.4
901.47003,503.0
901.5863,505.4
901.70258,501.0
901.81885,501.0
901.93512,501.4
902.05139,506.2
902.16766,499.8
902.28394,505.0
902.40021,504.0
902.51642,504.8
902.63269,500.4
902.7489,503.8
902.86517,505.0
902.98138,503.0
903.09766,507.8
903.21387,505.2
903.33008,506.2
903.44629,502.8
903.5625,503.0
903.67871,496.2
903.79492,501.6
903.91113,499.2
904.02734,499.6
904.14355,502.4
904.2597,505.6
904.37592,498.4
904.49207,495.2
904.60828,499.6
904.72443,500.0
904.84064,495.8
904.95679,500.8
905.07294,501.2
905.18909,499.8
905.30524,498.2
905.42139,496.4
905.53754,501.4
905.65369,497.4
905.76984,496.8
905.88593,501.8
906.00208,498.8
906.11816,496.4
906.23431,494.8
906.3504,498.0
906.46655,498.8
906.58264,493.6
906.69873,495.2
906.81482,497.4
906.93091,491.8
907.047,493.8
907.16309,498.6
907.27917,494.0
907.39526,498.6
907.51135,495.6
907.62738,493.8
907.74347,494.8
907.8595,499.8
907.97559,497.8
908.09161,493.8
908.2077,498.2
908.32373,496.4
908.43976,499.6
908.55579,493.6
908.67181,494.4
908.78784,497.8
908.90387,499.8
909.0199,496.2
909.13586,491.4
909.25189,492.2
909.36792,498.2
909.48389,495.2
909.59991,496.8
909.71588,498.0
909.83185,498.8
909.94788,498.4
910.06384,496.4
910.17981,497.0
910.29578,493.0
910.41174,494.0
910.52771,497.2
910.64368,503.2
910.75958,494.6
910.87555,494.4
910.99152,498.8
911.10742,497.4
911.22339,494.2
911.33929,498.2
911.4552,495.8
911.57117,493.8
911.68707,499.8
911.80298,497.8
911.91888,495.4
912.03479,495.2
912.1507,497.6
912.2666,498.2
912.38245,497.8
912.49835,502.8
912.61426,498.0
912.7301,494.2
912.84601,495.8
792.4458,662.2
792.56488,648.6
792.68396,654.0
792.8031,655.4
792.92218,637.8
793.04126,628.8
793.16034,635.0
793.27942,630.4
793.3985,621.2
793.51758,612.2
793.63672,608.0
793.7558,605.8
793.87488,610.0
793.9939,607.2
794.11298,603.6
794.23206,600.8
794.35114,588.8
794.47021,589.0
794.58929,584.0
794.70831,591.0
794.82739,586.2
794.94647,584.0
795.06549,582.6
795.18457,580.0
795.30365,579.4
795.42267,575.2
795.54175,575.6
795.66077,567.6
795.77985,569.0
795.89886,570.8
796.01794,569.6
796.13696,571.0
796.25598,571.0
796.375,565.0
796.49408,563.0
796.6131,562.8
796.73212,564.2
796.85114,566.6
796.97015,563.0
797.08923,555.4
797.20825,560.2
797.32727,561.0
797.44629,558.8
797.56531,555.4
797.68427,556.8
797.80328,552.0
797.9223,556.2
798.04132,555.0
798.16034,553.6
798.27936,547.8
798.39832,558.2
798.51733,552.8
798.63635,549.2
798.75531,554.2
798.87433,551.2
798.99329,551.4
799.1123,548.8
799.23126,552.6
799.35028,547.6
799.46924,554.4
799.58826,559.4
799.70721,552.8
799.82617,556.8
799.94519,547.8
800.06415,549.2
800.18311,550.8
800.30206,552.8
800.42102,551.8
800.54004,548.4
800.659,552.4
800.77795,555.0
800.89691,549.4
801.01587,552.4
801.13483,555.8
801.25372,553.2
801.37268,556.0
801.49164,553.8
801.6106,559.6
801.72955,553.6
801.84845,557.6
801.96741,557.8
802.08636,554.0
802.20526,554.8
802.32422,556.6
802.44318,556.2
802.56207,557.8
802.68103,558.6
802.79993,555.8
802.91882,559.0
803.03778,556.8
803.15668,555.4
803.27557,564.6
803.39453,554.4
803.51343,559.6
803.63232,558.4
803.75122,560.8
803.87012,562.8
803.98907,561.6
804.10797,563.8
804.22687,556.8
804.34576,562.2
804.46466,562.6
804.58356,565.2
804.70239,561.6
804.82129,558.4
804.94019,561.4
805.05908,561.8
805.17798,560.2
805.29681,559.2
805.41571,567.4
805.53461,562.8
805.65344,563.0
805.77234,570.0
805.89117,565.2
806.01007,572.0
806.12891,564.8
806.2478,571.6
806.36664,566.8
806.48547,565.0
806.60437,567.8
806.72321,566.0
806.84204,572.4
806.96088,565.6
807.07971,573.2
807.19861,569.4
807.31744,575.0
807.43628,569.0
807.55511,563.0
807.67395,574.2
807.79279,569.2
807.91162,573.8
808.0304,576.6
808.14923,573.8
808.26807,571.6
808.3869,578.2
808.50568,574.0
808.62451,573.6
808.74335,577.0
808.86212,578.4
808.98096,580.2
809.09979,581.6
809.21857,575.6
809.33734,576.8
809.45618,579.6
809.57495,582.0
809.69379,579.6
809.81256,579.6
809.93134,579.8
810.05011,581.2
810.16895,576.2
810.28772,581.6
810.40649,584.0
810.52527,583.8
810.64404,583.4
810.76282,583.6
810.88159,584.8
811.00037,578.8
811.11914,573.2
811.23792,577.8
811.35663,581.8
811.4754,586.2
811.59418,582.2
811.71295,580.2
811.83167,585.2
811.95044,580.8
812.06921,583.4
812.18793,583.2
812.3067,580.6
812.42542,576.8
812.54419,577.8
812.6629,582.0
812.78162,572.6
812.90039,581.2
813.0191,575.2
813.13782,581.8
813.25653,576.8
813.37524,569.8
813.49402,578.6
813.61273,579.4
813.73145,577.4
813.85016,580.6
813.96887,580.2
814.08759,578.8
814.2063,576.8
814.32495,578.8
814.44366,576.8
814.56238,572.8
814.68109,569.2
814.79974,571.4
814.91846,568.2
815.03717,568.2
815.15582,572.2
815.27454,566.0
815.39319,565.4
815.5119,566.4
815.63055,568.0
815.74927,566.0
815.86792,573.8
815.98657,567.8
816.10529,571.0
816.22394,566.6
816.34259,566.6
816.46124,576.6
816.5799,571.2
816.69855,578.0
816.8172,573.6
816.93585,571.6
817.0545,568.0
817.17316,566.4
817.29181,563.8
817.41046,554.0
817.52911,554.6
817.64771,554.6
817.76636,547.2
817.88501,542.6
818.0036,540.6
818.12225,542.2
818.24091,537.4
818.3595,533.0
818.47815,537.6
818.59674,537.4
818.71533,534.4
818.83398,533.0
818.95258,529.2
819.07117,528.6
819.18976,524.6
819.30841,527.4
819.427,533.2
819.54559,520.0
819.66418,525.2
819.78278,527.4
819.90137,523.8
820.01996,523.8
820.13855,516.2
820.25714,520.0
820.37573,523.2
820.49426,520.8
820.61285,519.2
820.73145,515.4
820.84998,518.4
820.96857,511.4
821.08716,523.6
821.20569,511.2
821.32428,515.8
821.44281,516.6
821.56134,514.6
821.67993,510.6
821.79846,517.6
821.91699,510.2
822.03558,518.0
822.15411,514.0
822.27264,513.4
822.39117,511.8
822.5097,507.8
822.62823,514.6
822.74677,513.6
822.8653,510.0
822.98383,509.2
823.10236,511.4
823.22089,509.8
823.33942,510.8
823.45789,512.4
823.57642,511.6
823.69495,508.4
823.81342,513.6
823.93195,503.4
824.05042,509.2
824.16895,510.6
824.28741,516.6
824.40594,514.2
824.52441,512.2
824.64288,510.4
824.76141,512.8
824.87988,506.2
824.99835,512.6
825.11682,510.2
825.23529,511.6
825.35376,509.2
825.47223,505.6
825.5907,505.2
825.70917,509.2
825.82764,507.6
825.94611,504.2
826.06458,506.0
826.18304,501.4
826.30145,509.0
826.41992,509.8
826.53839,503.2
826.6568,505.6
826.77527,502.4
826.89368,503.8
827.01215,506.0
827.13055,505.4
827.24902,502.6
827.36743,505.0
827.48584,504.6
827.60431,500.4
827.72272,501.6
827.84113,497.8
827.95953,495.4
828.07794,498.0
828.19635,499.0
828.31476,496.4
828.43317,495.6
828.55157,501.2
828.66998,495.8
828.78839,501.4
828.90674,500.4
829.02515,500.6
829.14355,506.4
829.2619,499.4
829.38031,500.4
829.49872,502.0
829.61707,497.8
829.73547,500.2
829.85382,501.2
829.97217,494.8
830.09058,497.8
830.20892,497.6
830.32727,498.6
830.44562,502.0
830.56403,501.8
830.68237,504.6
830.80072,502.0
830.91907,503.0
831.03741,495.6
831.15576,501.2
831.27411,498.0
831.3924,501.6
831.51074,501.0
831.62909,492.8
831.74744,500.0
831.86572,500.0
831.98407,503.8
832.10242,499.0
832.2207,494.4
832.33905,501.4
832.45734,502.8
832.57562,496.6
832.69397,499.2
832.81226,497.6
832.93054,497.4
833.04889,498.6
833.16718,497.0
833.28546,502.2
833.40375,508.4
833.52203,499.2
833.64032,495.6
833.75861,502.6
833.87689,502.8
833.99518,504.0
834.1134,500.4
834.23169,500.4
834.34998,501.6
834.46826,504.0
834.58649,503.4
834.70477,505.0
834.823,498.6
834.94128,507.2
835.05951,504.8
835.1778,502.8
835.29602,500.6
835.41425,503.6
835.53253,503.6
835.65076,509.0
835.76898,507.0
835.88721,508.6
836.00543,506.0
836.12366,511.8
836.24188,511.2
836.36011,510.6
836.47833,505.4
836.59656,510.0
836.71478,511.2
836.83295,507.4
836.95117,504.2
837.0694,510.0
837.18756,507.6
837.30579,510.0
837.42401,509.0
837.54218,511.0
837.66034,506.8
837.77856,513.6
837.89673,505.6
838.01489,508.6
838.13312,507.2
838.25128,509.0
838.36945,504.4
838.48761,506.8
838.60577,511.8
838.72394,508.4
838.8421,509.4
838.96027,508.0
839.07843,504.6
839.19659,504.2
839.31476,502.8
839.43286,504.4
839.55103,505.2
839.66919,510.4
839.78729,504.0
839.90546,504.6
840.02356,507.8
840.14172,509.4
840.25983,504.4
840.37793,507.0
840.49609,505.4
840.6142,509.8
840.7323,505.8
840.8504,501.8
840.96851,498.8
841.08661,501.2
841.20471,501.8
841.32281,501.2
841.44092,503.4
841.55902,503.2
841.67712,500.4
841.79523,506.2
841.91327,499.0
842.03137,502.2
842.14948,502.0
842.26752,502.8
842.38562,501.0
842.50366,503.4
842.62177,501.8
842.73981,500.6
842.85791,503.0
842.97595,504.2
843.09399,500.8
843.21204,507.8
843.33008,510.6
843.44818,502.6
843.56622,503.6
843.68427,502.8
843.80231,505.0
843.92029,507.4
844.03833,511.2
844.15637,504.0
844.27441,505.2
844.39246,510.0
844.51044,509.6
844.62848,506.4
844.74646,506.8
844.8645,505.8
844.98248,498.8
845.10052,504.2
845.21851,502.0
845.33649,507.6
845.45453,508.4
845.57251,508.8
845.69049,508.8
845.80847,499.8
845.92645,500.2
846.04443,503.2
846.16241,502.8
846.2804,504.0
846.39838,503.4
846.51636,502.0
846.63434,502.6
846.75226,501.4
846.87024,509.4
846.98822,500.2
847.10614,499.4
847.22412,502.6
847.34204,499.2
847.46002,505.8
847.57794,501.6
847.69586,504.0
847.81384,505.0
847.93176,505.4
848.04968,500.4
848.1676,498.6
848.28552,499.6
848.40344,503.8
848.52136,499.6
848.63928,499.2
848.7572,503.4
848.87512,502.4
848.99304,502.2
849.1109,498.4
849.22882,499.2
849.34674,500.4
849.4646,500.2
849.58252,497.2
849.70038,499.8
849.8183,502.0
849.93616,499.2
850.05402,503.8
850.17194,504.6
850.28979,502.8
850.40765,503.2
850.52551,506.4
850.64337,505.4
850.76123,501.2
850.87909,499.4
850.99695,504.2
851.11481,503.2
851.23267,503.0
851.35046,505.6
851.46832,498.8
851.58618,502.8
851.70398,506.0
851.82184,505.0
851.93964,504.0
852.0575,514.0
852.17529,513.0
852.29315,507.4
852.41095,513.4
852.52875,503.2
852.64655,506.8
852.7644,500.0
852.8822,507.4
853.0,500.2
853.1178,512.4
853.2356,500.4
853.35333,509.0
853.47113,503.4
853.58893,502.8
853.70673,500.2
853.82446,504.8
853.94226,506.2
854.06006,505.6
854.1778,501.4
854.29559,510.2
854.41333,501.4
854.53107,505.2
854.64886,502.0
854.7666,508.6
854.88434,510.0
855.00208,511.0
855.11981,503.8
855.23761,505.6
855.35535,507.2
855.47302,506.0
855.59076,506.2
855.7085,506.0
855.82623,502.8
855.94397,506.4
856.06165,508.0
856.17938,506.2
856.29712,501.4
856.41479,503.8
856.53253,506.4
856.65021,505.8
856.76788,502.6
856.88562,506.8
857.0033,507.6
857.12097,506.4
857.23865,509.4
857.35632,503.8
857.474,506.6
857.59167,508.4
857.70935,502.6
857.82703,502.2
857.9447,500.8
858.06238,505.4
858.18005,503.4
858.29767,505.6
858.41534,502.8
858.53296,503.4
858.65063,506.6
858.76825,501.4
858.88593,503.8
859.00354,505.6
859.12115,497.0
859.23883,505.0
859.35645,501.2
859.47406,500.6
859.59167,499.0
859.70929,505.2
859.8269,501.2
859.94452,497.4
860.06213,505.6
860.17975,502.0
860.29736,501.8
860.41492,498.0
860.53253,503.4
860.65009,500.4
860.7677,499.8
860.88525,502.4
861.00287,499.2
861.12042,496.4
861.23804,502.6
861.35559,501.2
861.47314,500.0
861.5907,502.0
861.70825,500.2
861.82581,505.6
861.94336,494.0
862.06091,496.4
862.17847,501.4
862.29602,498.4
862.41357,496.2
862.53113,496.2
862.64862,497.0
862.76617,498.8
862.88367,496.4
863.00122,497.8
863.11871,500.2
863.23627,497.8
863.35376,497.2
863.47125,497.4
863.58881,498.2
863.7063,499.0
863.82379,496.6
863.94128,498.6
864.05878,495.6
864.17627,494.8
864.29376,498.4
864.41125,499.4
864.52869,503.6
864.64618,501.2
864.76367,498.2
864.8811,503.8
864.9986,493.6
865.11609,496.6
865.23352,494.4
865.35095,503.6
865.46844,500.8
865.58588,496.8
865.70331,496.4
865.82074,498.4
865.93823,497.6
866.05566,499.0
866.1731,498.2
866.29053,498.4
866.4079,504.8
866.52533,499.6
866.64276,499.4
866.76019,499.6
866.87756,500.6
866.995,503.6
867.11243,499.0
867.2298,498.2
867.34723,495.8
867.4646,502.6
867.58197,504.2
867.6994,501.2
867.81677,499.4
867.93414,497.6
868.05151,501.4
868.16888,495.4
868.28625,494.2
868.40363,502.0
868.521,500.2
868.63837,503.2
868.75568,506.6
868.87305,503.0
868.99042,500.8
869.10773,498.6
869.2251,497.6
869.34241,504.0
869.45978,502.4
869.57709,505.2
869.69446,499.6
869.81177,504.6
869.92908,503.0
870.04639,505.6
870.1637,500.8
870.28101,501.8
870.39832,502.4
870.51563,499.6
870.63293,500.6
870.75024,500.8
870.86749,500.8
870.9848,501.2
871.10211,505.2
871.21936,503.6
871.33667,503.8
871.45392,502.2
871.57123,502.0
871.68848,500.0
871.80573,502.0
871.92297,503.0
872.04028,494.6
872.15753,502.2
872.27478,498.2
872.39203,498.2
872.50928,495.8
872.62646,503.4
872.74371,498.8
872.86096,505.4
872.97821,498.6
873.0954,498.0
873.21265,501.2
873.32983,496.0
873.44708,500.6
873.56427,500.8
873.68152,498.8
873.79871,500.8
873.91589,497.8
874.03308,506.6
874.15027,500.2
874.26746,498.0
874.38464,497.4
874.50183,498.0
874.61902,502.2
874.73621,500.4
874.85339,498.6
874.97052,504.6
875.08771,499.0
875.2049,500.2
875.32202,499.2
875.43921,500.0
875.55634,500.2
875.67346,498.2
875.79065,498.4
875.90778,499.2
876.0249,500.6
876.14203,501.0
876.25916,499.4
876.37628,502.4
876.49341,501.4
876.61053,507.4
876.72766,502.8
876.84473,503.0
876.96185,501.0
877.07898,505.6
877.19604,508.0
877.31317,503.4
877.43024,496.6
877.54736,505.6
877.66443,499.6
877.78149,497.6
877.89856,499.0
878.01569,495.6
878.13275,500.6
878.24982,499.0
878.36688,494.0
878.48395,500.6
878.60095,496.2
878.71802,495.4
878.83508,502.6
878.95215,498.2
879.06915,497.6
879.18622,499.2
879.30322,499.4
879.42029,501.8
879.53729,502.0
879.6543,499.8
879.77136,498.0
879.88837,501.4
880.00537,501.4
880.12238,500.6
880.23938,496.2
880.35638,505.8
880.47339,500.2
880.59039,491.2
880.70734,500.6
880.82434,495.4
880.94135,502.6
881.05829,492.2
881.17529,503.6
881.29224,498.8
881.40924,497.0
881.52618,501.8
881.64313,498.2
881.76007,503.0
881.87701,502.4
881.99402,498.2
882.11096,498.6
882.22791,500.2
882.34479,492.8
882.46173,500.4
882.57867,501.0
882.69562,499.8
882.8125,500.0
882.92944,502.6
883.04639,502.4
883.16327,505.0
883.28015,502.2
883.39709,502.8
883.51398,498.2
883.63086,500.6
883.74774,503.8
883.86462,499.6
883.98157,503.2
884.09839,499.0
884.21527,499.2
884.33215,503.0
884.44904,504.2
884.56592,503.2
884.68274,503.2
884.79962,504.0
884.9165,501.8
885.03333,505.4
885.15015,506.0
885.26703,505.4
885.38385,505.8
885.50067,508.0
885.61749,509.8
885.73438,510.2
885.8512,505.4
885.96802,508.0
886.08478,510.6
886.2016,509.2
886.31842,502.6
886.43524,505.2
886.55206,509.4
886.66882,505.0
886.78564,504.6
886.9024,506.0
887.01923,500.4
887.13599,503.8
887.25275,504.0
887.36951,505.6
887.48633,506.8
887.60309,502.6
887.71985,499.8
887.83661,502.6
887.95337,502.2
888.07007,498.0
888.18683,502.4
888.30359,501.6
888.42035,501.2
888.53705,503.0
888.65381,502.6
888.77051,506.2
888.88721,500.8
889.00397,497.4
889.12067,503.2
889.23737,504.2
889.35406,497.8
889.47083,502.2
889.58752,495.0
889.70416,505.8
889.82086,500.2
889.93756,499.0
890.05426,497.6
890.17096,503.2
890.2876,500.8
890.4043,503.0
890.52094,501.2
890.63763,498.4
890.75427,503.8
890.87091,501.6
890.98761,499.8
891.10425,504.2
891.22089,502.6
891.33752,501.6
891.45416,504.8
891.5708,501.8
891.68744,504.0
891.80408,500.8
891.92065,497.4
892.03729,497.4
892.15393,506.2
892.27051,505.6
892.38715,504.6
892.50372,499.2
892.6203,504.4
892.73694,500.0
892.85352,504.0
892.97009,500.8
893.08667,503.2
893.20325,503.4
893.31982,506.0
893.4364,505.2
893.55298,506.6
893.66956,503.0
893.78607,504.8
893.90265,505.8
894.01917,504.4
894.13574,506.0
894.25226,502.8
894.36884,505.6
894.48535,506.0
894.60187,500.0
894.71838,502.0
894.8349,504.0
894.95148,502.2
895.06793,506.2
895.18445,502.4
895.30096,502.6
895.41748,503.0
895.534,499.8
895.65045,500.6
895.76697,505.8
895.88342,507.8
895.99994,504.0
896.11639,501.6
896.23291,503.0
896.34937,500.6
896.46582,502.0
896.58228,507.6
896.69873,508.4
896.81519,502.6
896.93164,503.4
897.0481,507.4
897.16455,508.6
897.28094,506.2
897.3974,505.0
897.51385,506.8
897.63025,505.6
897.7467,508.8
897.8631,502.8
897.97949,503.8
898.09595,508.4
898.21234,506.6
898.32874,503.8
898.44513,504.0
898.56152,504.0
898.67792,500.2
898.79431,498.4
898.91064,502.0
899.02704,504.4
899.14343,502.2
899.25977,502.6
899.37616,503.0
899.49249,499.2
899.60889,501.2
899.72522,500.2
899.84155,500.4
899.95789,505.8
900.07428,498.8
900.19061,506.4
900.30695,500.4
900.42322,501.6
900.53955,497.4
900.65588,498.6
900.77222,498.6
900.88849,505.0
901.00482,500.2
901.12109,503.4
901.23743,500.4
901.3537,496.2
901.47003,496.0
901.5863,499.6
901.70258,494.6
901.81885,496.0
901.93512,501.8
902.05139,501.4
902.16766,494.0
902.28394,498.6
902.40021,494.8
902.51642,506.0
902.63269,497.4
902.7489,493.6
902.86517,500.2
902.98138,499.6
903.09766,500.2
903.21387,499.6
903.33008,501.0
903.44629,501.2
903.5625,497.4
903.67871,493.2
903.79492,493.2
903.91113,496.0
904.02734,496.2
904.14355,501.6
904.2597,495.2
904.37592,494.0
904.49207,490.6
904.60828,496.2
904.72443,492.4
904.84064,494.0
904.95679,495.8
905.07294,498.0
905.18909,489.4
905.30524,496.8
905.42139,495.8
905.53754,495.2
905.65369,488.6
905.76984,494.6
905.88593,490.4
906.00208,494.0
906.11816,489.0
906.23431,493.0
906.3504,490.8
906.46655,489.2
906.58264,488.6
906.69873,491.6
906.81482,488.2
906.93091,495.4
907.047,491.8
907.16309,497.8
907.27917,494.0
907.39526,492.0
907.51135,491.2
907.62738,491.0
907.74347,493.2
907.8595,486.8
907.97559,494.8
908.09161,489.4
908.2077,492.4
908.32373,490.6
908.43976,491.0
908.55579,487.2
908.67181,486.0
908.78784,490.2
908.90387,494.4
909.0199,489.0
909.13586,488.0
909.25189,492.6
909.36792,488.8
909.48389,490.4
909.59991,492.0
909.71588,494.4
909.83185,492.2
909.94788,493.2
910.06384,490.4
910.17981,491.2
910.29578,491.6
910.41174,489.4
910.52771,490.0
910.64368,489.2
910.75958,491.2
910.87555,490.4
910.99152,489.0
911.10742,490.8
911.22339,484.6
911.33929,490.2
911.4552,491.4
911.57117,490.6
911.68707,490.6
911.80298,487.6
911.91888,487.8
912.03479,487.2
912.1507,493.0
912.2666,494.4
912.38245,492.2
912.49835,486.6
912.61426,494.2
912.7301,492.6
912.84601,488.2
792.4458,588.6
792.56488,586.4
792.68396,596.6
792.8031,590.0
792.92218,582.4
793.04126,573.4
793.16034,580.6
793.27942,578.0
793.3985,569.0
793.51758,565.0
793.63672,562.4
793.7558,559.8
793.87488,566.0
793.9939,568.0
794.11298,561.4
794.23206,558.0
794.35114,552.8
794.47021,548.2
794.58929,549.2
794.70831,547.2
794.82739,551.6
794.94647,545.2
795.06549,545.6
795.18457,550.0
795.30365,542.2
795.42267,540.0
795.54175,537.6
795.66077,536.6
795.77985,543.6
795.89886,535.2
796.01794,536.4
796.13696,534.6
796.25598,538.4
796.375,535.2
796.49408,532.4
796.6131,537.2
796.73212,536.2
796.85114,534.6
796.97015,537.4
797.08923,531.2
797.20825,533.0
797.32727,532.8
797.44629,534.4
797.56531,530.0
797.68427,528.6
797.80328,527.0
797.9223,527.8
798.04132,531.4
798.16034,528.6
798.27936,526.0
798.39832,528.6
798.51733,523.4
798.63635,528.4
798.75531,528.8
798.87433,523.2
798.99329,524.6
799.1123,525.2
799.23126,525.8
799.35028,528.8
799.46924,527.4
799.58826,528.2
799.70721,534.0
799.82617,526.8
799.94519,526.6
800.06415,527.0
800.18311,530.0
800.30206,534.4
800.42102,528.0
800.54004,529.2
800.659,529.2
800.77795,532.4
800.89691,526.0
801.01587,523.4
801.13483,527.4
801.25372,536.6
801.37268,531.2
801.49164,533.6
801.6106,535.2
801.72955,535.4
801.84845,534.2
801.96741,537.2
802.08636,530.4
802.20526,534.8
802.32422,529.8
802.44318,541.2
802.56207,535.6
802.68103,534.0
802.79993,537.6
802.91882,538.6
803.03778,544.4
803.15668,538.0
803.27557,541.4
803.39453,535.2
803.51343,535.4
803.63232,540.0
803.75122,544.2
803.87012,539.0
803.98907,533.6
804.10797,543.2
804.22687,544.2
804.34576,542.2
804.46466,542.8
804.58356,541.6
804.70239,536.6
804.82129,542.8
804.94019,545.6
805.05908,539.8
805.17798,545.6
805.29681,547.0
805.41571,544.2
805.53461,544.2
805.65344,544.4
805.77234,547.4
805.89117,545.8
806.01007,548.2
806.12891,550.0
806.2478,545.0
806.36664,546.4
806.48547,548.8
806.60437,555.6
806.72321,551.6
806.84204,559.0
806.96088,546.0
807.07971,547.6
807.19861,553.2
807.31744,555.0
807.43628,553.0
807.55511,550.0
807.67395,549.0
807.79279,556.8
807.91162,552.0
808.0304,552.6
808.14923,554.4
808.26807,549.2
808.3869,558.2
808.50568,555.0
808.62451,561.8
808.74335,550.6
808.86212,556.0
808.98096,557.4
809.09979,557.2
809.21857,560.4
809.33734,559.4
809.45618,561.4
809.57495,557.8
809.69379,557.4
809.81256,561.2
809.93134,558.6
810.05011,560.8
810.16895,558.8
810.28772,559.0
810.40649,557.4
810.52527,561.4
810.64404,561.6
810.76282,567.2
810.88159,564.4
811.00037,559.6
811.11914,553.8
811.23792,561.4
811.35663,562.0
811.4754,566.4
811.59418,565.0
811.71295,565.8
811.83167,563.8
811.95044,560.6
812.06921,564.2
812.18793,561.4
812.3067,561.8
812.42542,562.6
812.54419,562.4
812.6629,567.6
812.78162,562.6
812.90039,565.0
813.0191,561.0
813.13782,563.6
813.25653,554.6
813.37524,555.4
813.49402,557.4
813.61273,564.0
813.73145,559.6
813.85016,563.0
813.96887,553.6
814.08759,556.6
814.2063,553.8
814.32495,559.6
814.44366,557.2
814.56238,557.6
814.68109,560.6
814.79974,557.6
814.91846,548.4
815.03717,556.2
815.15582,549.4
815.27454,548.0
815.39319,547.0
815.5119,543.0
815.63055,545.0
815.74927,551.8
815.86792,550.4
815.98657,548.2
816.10529,555.6
816.22394,554.8
816.34259,553.0
816.46124,557.8
816.5799,551.8
816.69855,554.8
816.8172,548.4
816.93585,547.2
817.0545,547.2
817.17316,544.2
817.29181,536.4
817.41046,540.6
817.52911,536.8
817.64771,532.2
817.76636,526.0
817.88501,528.2
818.0036,525.4
818.12225,518.4
818.24091,517.4
818.3595,511.8
818.47815,513.2
818.59674,513.6
818.71533,513.4
818.83398,510.2
818.95258,507.0
819.07117,509.2
819.18976,508.0
819.30841,509.8
819.427,510.0
819.54559,508.8
819.66418,507.8
819.78278,507.4
819.90137,501.6
820.01996,502.6
820.13855,502.0
820.25714,503.4
820.37573,499.2
820.49426,502.4
820.61285,502.2
820.73145,502.6
820.84998,496.0
820.96857,501.6
821.08716,497.2
821.20569,497.8
821.32428,494.8
821.44281,498.0
821.56134,491.8
821.67993,494.0
821.79846,494.8
821.91699,498.6
822.03558,494.8
822.15411,493.4
822.27264,502.2
822.39117,493.8
822.5097,494.4
822.62823,494.2
822.74677,489.8
822.8653,496.4
822.98383,490.4
823.10236,499.2
823.22089,495.8
823.33942,495.6
823.45789,492.0
823.57642,497.2
823.69495,499.0
823.81342,492.2
823.93195,496.4
824.05042,496.4
824.16895,497.6
824.28741,497.6
824.40594,498.6
824.52441,497.0
824.64288,495.0
824.76141,497.4
824.87988,492.4
824.99835,492.0
825.11682,488.2
825.23529,489.8
825.35376,490.0
825.47223,488.8
825.5907,488.8
825.70917,490.8
825.82764,488.0
825.94611,484.8
826.06458,491.2
826.18304,486.6
826.30145,490.0
826.41992,488.2
826.53839,483.8
826.6568,487.4
826.77527,486.4
826.89368,482.0
827.01215,481.4
827.13055,486.2
827.24902,484.4
827.36743,488.2
827.48584,485.2
827.60431,484.0
827.72272,482.4
827.84113,481.6
827.95953,479.4
828.07794,486.6
828.19635,478.2
828.31476,481.6
828.43317,479.6
828.55157,487.0
828.66998,482.6
828.78839,486.4
828.90674,480.8
829.02515,486.6
829.14355,483.2
829.2619,484.4
829.38031,478.8
829.49872,482.8
829.61707,474.4
829.73547,483.4
829.85382,483.6
829.97217,481.8
830.09058,477.8
830.20892,477.2
830.32727,480.4
830.44562,479.4
830.56403,479.6
830.68237,482.4
830.80072,479.6
830.91907,478.0
831.03741,482.2
831.15576,484.4
831.27411,477.2
831.3924,481.4
831.51074,476.6
831.62909,480.4
831.74744,478.0
831.86572,481.6
831.98407,480.8
832.10242,479.8
832.2207,482.0
832.33905,483.0
832.45734,482.8
832.57562,478.8
832.69397,478.4
832.81226,486.0
832.93054,480.4
833.04889,486.4
833.16718,474.6
833.28546,481.4
833.40375,488.2
833.52203,479.0
833.64032,482.6
833.75861,483.4
833.87689,482.2
833.99518,485.0
834.1134,482.6
834.23169,482.6
834.34998,482.6
834.46826,485.2
834.58649,482.6
834.70477,484.6
834.823,480.6
834.94128,485.4
835.05951,485.8
835.1778,485.0
835.29602,481.4
835.41425,485.8
835.53253,485.0
835.65076,488.2
835.76898,483.6
835.88721,490.6
836.00543,491.6
836.12366,490.8
836.24188,489.0
836.36011,490.4
836.47833,492.8
836.59656,491.6
836.71478,491.8
836.83295,485.4
836.95117,489.8
837.0694,494.6
837.18756,491.0
837.30579,492.0
837.42401,488.4
837.54218,491.8
837.66034,491.0
837.77856,490.2
837.89673,489.0
838.01489,489.8
838.13312,485.4
838.25128,488.6
838.36945,489.6
838.48761,495.0
838.60577,486.8
838.72394,489.4
838.8421,487.2
838.96027,494.6
839.07843,490.0
839.19659,491.0
839.31476,486.6
839.43286,491.4
839.55103,486.0
839.66919,483.0
839.78729,486.2
839.90546,489.8
840.02356,484.4
840.14172,493.4
840.25983,485.8
840.37793,487.6
840.49609,483.4
840.6142,486.6
840.7323,482.4
840.8504,485.8
840.96851,486.8
841.08661,486.2
841.20471,481.6
841.32281,481.0
841.44092,483.6
841.55902,483.4
841.67712,484.8
841.79523,483.8
841.91327,485.2
842.03137,482.6
842.14948,487.6
842.26752,481.8
842.38562,483.6
842.50366,477.2
842.62177,476.0
842.73981,484.6
842.85791,483.0
842.97595,487.8
843.09399,483.8
843.21204,483.4
843.33008,481.4
843.44818,484.0
843.56622,485.0
843.68427,481.4
843.80231,479.0
843.92029,484.8
844.03833,483.4
844.15637,483.4
844.27441,482.4
844.39246,482.6
844.51044,484.2
844.62848,481.4
844.74646,483.2
844.8645,480.8
844.98248,480.6
845.10052,480.2
845.21851,485.0
845.33649,487.8
845.45453,479.2
845.57251,479.2
845.69049,480.4
845.80847,480.4
845.92645,480.6
846.04443,478.0
846.16241,477.4
846.2804,487.6
846.39838,479.6
846.51636,483.8
846.63434,479.8
846.75226,486.2
846.87024,481.0
846.98822,479.8
847.10614,481.4
847.22412,480.4
847.34204,484.0
847.46002,478.0
847.57794,480.0
847.69586,484.6
847.81384,478.8
847.93176,482.8
848.04968,475.8
848.1676,482.8
848.28552,481.6
848.40344,479.2
848.52136,482.6
848.63928,484.8
848.7572,482.4
848.87512,482.0
848.99304,483.0
849.1109,480.8
849.22882,477.6
849.34674,481.4
849.4646,477.4
849.58252,483.8
849.70038,478.0
849.8183,478.6
849.93616,483.6
850.05402,484.6
850.17194,479.6
850.28979,480.4
850.40765,480.6
850.52551,486.4
850.64337,482.6
850.76123,479.6
850.87909,476.6
850.99695,486.6
851.11481,485.0
851.23267,482.4
851.35046,484.6
851.46832,484.4
851.58618,486.4
851.70398,487.4
851.82184,483.2
851.93964,483.2
852.0575,487.0
852.17529,496.8
852.29315,485.8
852.41095,483.2
852.52875,481.8
852.64655,482.0
852.7644,484.4
852.8822,485.2
853.0,481.2
853.1178,484.2
853.2356,485.8
853.35333,482.0
853.47113,485.8
853.58893,480.8
853.70673,485.0
853.82446,485.6
853.94226,483.8
854.06006,486.6
854.1778,487.8
854.29559,483.6
854.41333,484.0
854.53107,489.0
854.64886,488.2
854.7666,484.0
854.88434,484.6
855.00208,487.6
855.11981,487.2
855.23761,490.0
855.35535,489.4
855.47302,487.2
855.59076,482.6
855.7085,483.0
855.82623,485.4
855.94397,484.0
856.06165,492.2
856.17938,490.2
856.29712,481.6
856.41479,486.6
856.53253,484.0
856.65021,484.6
856.76788,485.6
856.88562,485.0
857.0033,489.8
857.12097,488.2
857.23865,486.4
857.35632,479.2
857.474,483.0
857.59167,483.2
857.70935,483.8
857.82703,487.2
857.9447,483.0
858.06238,481.6
858.18005,483.2
858.29767,487.6
858.41534,477.0
858.53296,480.2
858.65063,483.2
858.76825,484.6
858.88593,483.8
859.00354,484.8
859.12115,483.2
859.23883,485.2
859.35645,483.6
859.47406,484.4
859.59167,476.8
859.70929,486.4
859.8269,477.2
859.94452,478.6
860.06213,484.8
860.17975,486.8
860.29736,478.0
860.41492,477.2
860.53253,478.6
860.65009,483.0
860.7677,481.2
860.88525,486.2
861.00287,476.8
861.12042,476.4
861.23804,482.2
861.35559,486.4
861.47314,484.2
861.5907,483.0
861.70825,482.4
861.82581,481.6
861.94336,478.2
862.06091,476.2
862.17847,480.2
862.29602,479.2
862.41357,477.0
862.53113,477.6
862.64862,479.6
862.76617,480.6
862.88367,477.8
863.00122,485.2
863.11871,481.2
863.23627,480.2
863.35376,479.0
863.47125,486.0
863.58881,483.2
863.7063,479.2
863.82379,477.2
863.94128,480.0
864.05878,482.0
864.17627,480.0
864.29376,479.6
864.41125,482.6
864.52869,477.2
864.64618,483.0
864.76367,481.6
864.8811,479.2
864.9986,479.2
865.11609,485.0
865.23352,476.4
865.35095,482.6
865.46844,483.8
865.58588,479.4
865.70331,482.6
865.82074,482.2
865.93823,483.2
866.05566,482.4
866.1731,478.6
866.29053,483.6
866.4079,483.6
866.52533,481.8
866.64276,478.2
866.76019,481.6
866.87756,478.6
866.995,484.8
867.11243,477.8
867.2298,486.0
867.34723,484.6
867.4646,480.6
867.58197,477.6
867.6994,479.6
867.81677,486.8
867.93414,482.4
868.05151,479.8
868.16888,484.6
868.28625,481.4
868.40363,485.8
868.521,481.0
868.63837,484.8
868.75568,481.6
868.87305,482.4
868.99042,480.4
869.10773,480.0
869.2251,484.4
869.34241,486.2
869.45978,474.6
869.57709,481.8
869.69446,478.2
869.81177,481.2
869.92908,480.2
870.04639,486.4
870.1637,477.4
870.28101,483.6
870.39832,483.6
870.51563,483.6
870.63293,480.0
870.75024,483.8
870.86749,479.0
870.9848,483.2
871.10211,479.2
871.21936,484.2
871.33667,479.8
871.45392,482.6
871.57123,479.2
871.68848,479.8
871.80573,481.0
871.92297,481.6
872.04028,481.2
872.15753,482.0
872.27478,481.6
872.39203,478.4
872.50928,478.0
872.62646,480.2
872.74371,477.0
872.86096,482.6
872.97821,484.4
873.0954,480.8
873.21265,480.6
873.32983,478.0
873.44708,484.4
873.56427,481.2
873.68152,478.2
873.79871,479.0
873.91589,477.4
874.03308,482.4
874.15027,479.6
874.26746,478.8
874.38464,482.4
874.50183,485.4
874.61902,481.0
874.73621,483.8
874.85339,477.8
874.97052,482.0
875.08771,485.4
875.2049,480.0
875.32202,479.2
875.43921,483.8
875.55634,481.6
875.67346,483.4
875.79065,480.2
875.90778,482.8
876.0249,487.2
876.14203,481.6
876.25916,480.8
876.37628,486.8
876.49341,483.4
876.61053,479.8
876.72766,480.0
876.84473,487.2
876.96185,476.6
877.07898,480.2
877.19604,483.0
877.31317,487.0
877.43024,480.6
877.54736,482.2
877.66443,481.2
877.78149,478.0
877.89856,481.0
878.01569,481.4
878.13275,477.0
878.24982,479.2
878.36688,479.6
878.48395,482.0
878.60095,480.0
878.71802,480.8
878.83508,481.4
878.95215,481.4
879.06915,482.6
879.18622,484.6
879.30322,478.2
879.42029,481.2
879.53729,482.6
879.6543,477.6
879.77136,480.0
879.88837,481.6
880.00537,480.0
880.12238,488.0
880.23938,472.2
880.35638,483.8
880.47339,476.2
880.59039,476.0
880.70734,475.8
880.82434,480.2
880.94135,482.0
881.05829,482.2
881.17529,479.2
881.29224,481.0
881.40924,483.0
881.52618,482.0
881.64313,478.8
881.76007,482.4
881.87701,481.6
881.99402,481.4
882.11096,474.6
882.22791,476.4
882.34479,482.6
882.46173,487.4
882.57867,481.6
882.69562,486.6
882.8125,479.6
882.92944,479.0
883.04639,482.4
883.16327,486.0
883.28015,485.4
883.39709,482.0
883.51398,487.0
883.63086,481.0
883.74774,482.0
883.86462,481.6
883.98157,482.8
884.09839,484.0
884.21527,482.4
884.33215,482.0
884.44904,478.8
884.56592,484.8
884.68274,482.6
884.79962,485.2
884.9165,484.6
885.03333,484.4
885.15015,482.2
885.26703,487.0
885.38385,479.2
885.50067,487.6
885.61749,483.8
885.73438,487.2
885.8512,489.6
885.96802,490.8
886.08478,480.4
886.2016,483.0
886.31842,483.8
886.43524,487.2
886.55206,485.0
886.66882,485.4
886.78564,487.0
886.9024,488.2
887.01923,481.4
887.13599,486.8
887.25275,482.2
887.36951,483.4
887.48633,485.0
887.60309,484.4
887.71985,484.6
887.83661,487.4
887.95337,481.8
888.07007,484.6
888.18683,480.8
888.30359,485.6
888.42035,485.6
888.53705,487.6
888.65381,477.6
888.77051,483.6
888.88721,482.2
889.00397,487.6
889.12067,481.0
889.23737,484.0
889.35406,484.8
889.47083,477.0
889.58752,479.2
889.70416,488.4
889.82086,483.2
889.93756,488.2
890.05426,485.0
890.17096,484.4
890.2876,483.0
890.4043,484.2
890.52094,484.0
890.63763,482.8
890.75427,486.6
890.87091,486.8
890.98761,483.8
891.10425,485.8
891.22089,483.4
891.33752,489.2
891.45416,489.4
891.5708,486.0
891.68744,484.2
891.80408,488.4
891.92065,483.6
892.03729,486.4
892.15393,484.6
892.27051,486.8
892.38715,483.4
892.50372,486.6
892.6203,483.2
892.73694,488.6
892.85352,491.4
892.97009,484.0
893.08667,486.4
893.20325,486.2
893.31982,485.4
893.4364,484.8
893.55298,481.0
893.66956,489.2
893.78607,488.0
893.90265,491.8
894.01917,492.6
894.13574,493.0
894.25226,490.0
894.36884,491.0
894.48535,486.8
894.60187,489.0
894.71838,491.6
894.8349,487.2
894.95148,488.4
895.06793,491.2
895.18445,492.8
895.30096,486.8
895.41748,482.2
895.534,487.4
895.65045,488.2
895.76697,490.4
895.88342,492.8
895.99994,490.0
896.11639,482.8
896.23291,485.6
896.34937,487.6
896.46582,493.8
896.58228,490.8
896.69873,489.4
896.81519,485.2
896.93164,489.0
897.0481,490.2
897.16455,495.2
897.28094,485.0
897.3974,484.0
897.51385,487.0
897.63025,490.4
897.7467,485.4
897.8631,488.4
897.97949,483.0
898.09595,483.8
898.21234,488.2
898.32874,487.0
898.44513,483.0
898.56152,489.0
898.67792,480.2
898.79431,488.8
898.91064,480.6
899.02704,486.8
899.14343,484.8
899.25977,485.8
899.37616,481.6
899.49249,487.6
899.60889,485.8
899.72522,487.0
899.84155,483.6
899.95789,491.0
900.07428,490.8
900.19061,483.6
900.30695,481.8
900.42322,482.2
900.53955,479.4
900.65588,491.4
900.77222,485.2
900.88849,487.6
901.00482,477.2
901.12109,487.0
901.23743,480.8
901.3537,484.0
901.47003,484.0
901.5863,480.2
901.70258,476.0
901.81885,480.4
901.93512,479.4
902.05139,481.2
902.16766,482.2
902.28394,484.4
902.40021,484.4
902.51642,479.6
902.63269,484.4
902.7489,481.4
902.86517,485.0
902.98138,476.6
903.09766,477.8
903.21387,481.6
903.33008,481.2
903.44629,482.4
903.5625,478.4
903.67871,481.2
903.79492,479.2
903.91113,483.2
904.02734,479.8
904.14355,478.8
904.2597,483.6
904.37592,480.4
904.49207,479.0
904.60828,475.6
904.72443,474.4
904.84064,477.6
904.95679,477.6
905.07294,480.8
905.18909,475.2
905.30524,479.2
905.42139,477.4
905.53754,482.2
905.65369,479.2
905.76984,473.0
905.88593,478.6
906.00208,478.2
906.11816,475.0
906.23431,477.4
906.3504,476.6
906.46655,477.0
906.58264,469.6
906.69873,473.2
906.81482,478.0
906.93091,473.4
907.047,475.0
907.16309,478.8
907.27917,476.8
907.39526,476.0
907.51135,478.2
907.62738,476.4
907.74347,475.2
907.8595,477.8
907.97559,478.4
908.09161,477.8
908.2077,476.8
908.32373,476.2
908.43976,474.4
908.55579,474.6
908.67181,474.2
908.78784,479.0
908.90387,476.0
909.0199,479.0
909.13586,473.6
909.25189,471.2
909.36792,475.4
909.48389,474.2
909.59991,475.8
909.71588,477.8
909.83185,477.0
909.94788,479.4
910.06384,474.8
910.17981,476.4
910.29578,479.0
910.41174,471.0
910.52771,475.2
910.64368,480.6
910.75958,474.4
910.87555,473.4
910.99152,477.8
911.10742,478.8
911.22339,471.2
911.33929,475.0
911.4552,476.8
911.57117,473.2
911.68707,479.0
911.80298,476.6
911.91888,473.4
912.03479,477.6
912.1507,480.6
912.2666,480.2
912.38245,476.4
912.49835,478.4
912.61426,475.2
912.7301,474.0
912.84601,477.0
792.4458,594.8
792.56488,598.2
792.68396,601.0
792.8031,593.8
792.92218,581.8
793.04126,584.8
793.16034,579.8
793.27942,581.6
793.3985,577.2
793.51758,562.0
793.63672,564.2
793.7558,565.4
793.87488,566.8
793.9939,572.6
794.11298,558.4
794.23206,558.4
794.35114,557.2
794.47021,553.0
794.58929,552.0
794.70831,548.4
794.82739,555.4
794.94647,544.4
795.06549,552.6
795.18457,549.0
795.30365,548.6
795.42267,543.2
795.54175,540.0
795.66077,544.8
795.77985,539.6
795.89886,545.2
796.01794,543.2
796.13696,540.6
796.25598,538.6
796.375,534.8
796.49408,535.0
796.6131,535.4
796.73212,535.4
796.85114,537.8
796.97015,537.8
797.08923,532.4
797.20825,529.0
797.32727,533.6
797.44629,533.6
797.56531,533.4
797.68427,535.4
797.80328,532.0
797.9223,527.8
798.04132,531.8
798.16034,530.2
798.27936,530.4
798.39832,527.8
798.51733,531.0
798.63635,528.0
798.75531,528.0
798.87433,530.2
798.99329,525.0
799.1123,527.0
799.23126,526.6
799.35028,526.8
799.46924,532.4
799.58826,531.2
799.70721,528.0
799.82617,527.8
799.94519,527.8
800.06415,530.8
800.18311,528.0
800.30206,533.4
800.42102,533.4
800.54004,534.8
800.659,533.0
800.77795,526.0
800.89691,531.6
801.01587,537.8
801.13483,530.2
801.25372,530.6
801.37268,535.2
801.49164,525.4
801.6106,537.0
801.72955,538.4
801.84845,540.8
801.96741,537.8
802.08636,536.6
802.20526,540.0
802.32422,539.0
802.44318,541.6
802.56207,539.0
802.68103,540.0
802.79993,532.8
802.91882,540.6
803.03778,535.6
803.15668,539.2
803.27557,542.2
803.39453,538.8
803.51343,539.8
803.63232,536.2
803.75122,538.2
803.87012,543.2
803.98907,542.2
804.10797,544.4
804.22687,534.8
804.34576,538.4
804.46466,545.2
804.58356,547.8
804.70239,543.8
804.82129,546.0
804.94019,543.8
805.05908,540.4
805.17798,546.0
805.29681,545.4
805.41571,546.0
805.53461,549.0
805.65344,537.2
805.77234,554.6
805.89117,547.6
806.01007,554.4
806.12891,548.8
806.2478,555.6
806.36664,551.0
806.48547,553.0
806.60437,550.2
806.72321,553.4
806.84204,554.0
806.96088,548.4
807.07971,550.2
807.19861,549.8
807.31744,554.6
807.43628,549.2
807.55511,560.0
807.67395,553.0
807.79279,557.6
807.91162,554.6
808.0304,555.8
808.14923,553.8
808.26807,556.0
808.3869,557.8
808.50568,560.0
808.62451,558.0
808.74335,555.8
808.86212,562.4
808.98096,559.2
809.09979,560.8
809.21857,558.6
809.33734,562.4
809.45618,561.0
809.57495,563.8
809.69379,563.6
809.81256,563.2
809.93134,564.2
810.05011,566.0
810.16895,557.0
810.28772,560.2
810.40649,564.8
810.52527,569.0
810.64404,566.4
810.76282,567.8
810.88159,568.4
811.00037,561.4
811.11914,560.6
811.23792,563.8
811.35663,566.6
811.4754,569.8
811.59418,563.4
811.71295,568.6
811.83167,570.6
811.95044,565.2
812.06921,561.6
812.18793,566.0
812.3067,564.0
812.42542,566.4
812.54419,566.4
812.6629,563.4
812.78162,562.6
812.90039,564.4
813.0191,559.4
813.13782,566.4
813.25653,561.8
813.37524,562.6
813.49402,565.0
813.61273,567.6
813.73145,562.6
813.85016,570.4
813.96887,555.2
814.08759,563.8
814.2063,560.6
814.32495,562.2
814.44366,555.8
814.56238,560.8
814.68109,558.4
814.79974,557.2
814.91846,554.6
815.03717,557.2
815.15582,555.0
815.27454,552.4
815.39319,552.2
815.5119,550.2
815.63055,552.6
815.74927,553.8
815.86792,551.4
815.98657,550.4
816.10529,554.4
816.22394,557.4
816.34259,555.6
816.46124,561.2
816.5799,561.8
816.69855,558.0
816.8172,554.6
816.93585,554.2
817.0545,552.4
817.17316,553.8
817.29181,541.0
817.41046,540.6
817.52911,541.0
817.64771,542.0
817.76636,528.0
817.88501,528.6
818.0036,532.0
818.12225,524.8
818.24091,520.4
818.3595,516.0
818.47815,515.6
818.59674,518.6
818.71533,515.0
818.83398,508.0
818.95258,513.8
819.07117,515.2
819.18976,511.0
819.30841,506.6
819.427,509.8
819.54559,502.4
819.66418,505.6
819.78278,505.4
819.90137,505.8
820.01996,513.2
820.13855,501.8
820.25714,502.8
820.37573,498.2
820.49426,501.0
820.61285,500.8
820.73145,502.2
820.84998,499.2
820.96857,499.4
821.08716,500.4
821.20569,500.6
821.32428,499.6
821.44281,497.2
821.56134,493.4
821.67993,498.8
821.79846,495.0
821.91699,493.4
822.03558,496.0
822.15411,495.6
822.27264,493.4
822.39117,492.0
822.5097,495.0
822.62823,493.0
822.74677,492.0
822.8653,498.6
822.98383,493.0
823.10236,496.6
823.22089,494.4
823.33942,497.0
823.45789,496.0
823.57642,501.8
823.69495,494.6
823.81342,492.2
823.93195,495.2
824.05042,497.8
824.16895,496.6
824.28741,495.4
824.40594,494.6
824.52441,493.8
824.64288,495.8
824.76141,490.0
824.87988,494.4
824.99835,489.6
825.11682,496.6
825.23529,492.8
825.35376,486.0
825.47223,492.0
825.5907,485.2
825.70917,491.6
825.82764,491.8
825.94611,487.8
826.06458,485.0
826.18304,492.0
826.30145,491.8
826.41992,485.8
826.53839,487.8
826.6568,490.6
826.77527,480.8
826.89368,488.0
827.01215,485.0
827.13055,486.0
827.24902,485.4
827.36743,486.0
827.48584,485.0
827.60431,485.6
827.72272,481.0
827.84113,485.6
827.95953,483.2
828.07794,479.0
828.19635,479.2
828.31476,481.0
828.43317,482.0
828.55157,485.4
828.66998,481.2
828.78839,483.0
828.90674,482.6
829.02515,484.4
829.14355,487.6
829.2619,485.8
829.38031,481.0
829.49872,481.2
829.61707,478.8
829.73547,481.8
829.85382,482.4
829.97217,484.0
830.09058,486.0
830.20892,478.0
830.32727,481.0
830.44562,484.8
830.56403,486.2
830.68237,485.2
830.80072,487.8
830.91907,486.6
831.03741,483.0
831.15576,486.4
831.27411,483.8
831.3924,482.2
831.51074,484.0
831.62909,481.8
831.74744,477.0
831.86572,482.4
831.98407,482.4
832.10242,485.6
832.2207,483.0
832.33905,476.4
832.45734,483.2
832.57562,481.4
832.69397,483.4
832.81226,484.8
832.93054,477.0
833.04889,483.6
833.16718,480.8
833.28546,484.8
833.40375,488.0
833.52203,486.6
833.64032,486.0
833.75861,480.2
833.87689,486.4
833.99518,482.0
834.1134,487.8
834.23169,488.2
834.34998,481.8
834.46826,483.0
834.58649,484.8
834.70477,487.8
834.823,480.2
834.94128,489.6
835.05951,485.8
835.1778,484.6
835.29602,487.2
835.41425,483.2
835.53253,484.4
835.65076,486.8
835.76898,488.4
835.88721,492.8
836.00543,490.2
836.12366,492.8
836.24188,488.0
836.36011,489.4
836.47833,491.0
836.59656,492.0
836.71478,489.2
836.83295,488.6
836.95117,487.6
837.0694,490.0
837.18756,490.6
837.30579,492.2
837.42401,490.6
837.54218,489.8
837.66034,489.0
837.77856,489.0
837.89673,488.2
838.01489,495.4
838.13312,486.6
838.25128,491.0
838.36945,490.8
838.48761,489.0
838.60577,489.4
838.72394,492.0
838.8421,488.6
838.96027,495.2
839.07843,487.6
839.19659,489.8
839.31476,493.0
839.43286,493.4
839.55103,489.4
839.66919,486.8
839.78729,489.4
839.90546,489.6
840.02356,484.6
840.14172,492.2
840.25983,485.6
840.37793,486.0
840.49609,486.6
840.6142,490.6
840.7323,489.4
840.8504,485.4
840.96851,487.2
841.08661,484.8
841.20471,487.2
841.32281,487.2
841.44092,483.4
841.55902,490.2
841.67712,479.6
841.79523,484.4
841.91327,483.8
842.03137,483.8
842.14948,487.0
842.26752,483.8
842.38562,485.4
842.50366,482.6
842.62177,481.4
842.73981,479.6
842.85791,485.0
842.97595,487.2
843.09399,480.8
843.21204,483.0
843.33008,485.2
843.44818,481.4
843.56622,488.0
843.68427,484.8
843.80231,487.0
843.92029,488.6
844.03833,491.2
844.15637,480.6
844.27441,488.2
844.39246,486.0
844.51044,483.6
844.62848,488.4
844.74646,483.4
844.8645,484.0
844.98248,481.4
845.10052,485.8
845.21851,487.2
845.33649,486.2
845.45453,483.2
845.57251,487.6
845.69049,478.6
845.80847,484.4
845.92645,482.8
846.04443,479.8
846.16241,487.8
846.2804,485.2
846.39838,481.4
846.51636,484.8
846.63434,482.0
846.75226,481.8
846.87024,486.2
846.98822,483.4
847.10614,479.8
847.22412,482.4
847.34204,479.8
847.46002,480.2
847.57794,484.8
847.69586,486.6
847.81384,483.2
847.93176,484.8
848.04968,485.8
848.1676,485.2
848.28552,486.0
848.40344,477.0
848.52136,479.8
848.63928,480.2
848.7572,485.2
848.87512,484.6
848.99304,478.2
849.1109,483.8
849.22882,488.2
849.34674,484.6
849.4646,484.4
849.58252,481.4
849.70038,477.0
849.8183,485.4
849.93616,482.8
850.05402,484.0
850.17194,489.0
850.28979,480.6
850.40765,484.6
850.52551,485.0
850.64337,485.0
850.76123,485.8
850.87909,479.8
850.99695,483.4
851.11481,490.8
851.23267,480.6
851.35046,485.8
851.46832,485.6
851.58618,485.4
851.70398,488.0
851.82184,486.6
851.93964,488.0
852.0575,489.8
852.17529,497.0
852.29315,487.6
852.41095,486.0
852.52875,489.0
852.64655,489.4
852.7644,486.2
852.8822,487.6
853.0,486.0
853.1178,488.8
853.2356,481.6
853.35333,485.8
853.47113,488.2
853.58893,483.4
853.70673,483.0
853.82446,485.0
853.94226,481.8
854.06006,489.6
854.1778,486.6
854.29559,485.6
854.41333,484.0
854.53107,482.4
854.64886,483.0
854.7666,488.0
854.88434,487.6
855.00208,485.6
855.11981,486.6
855.23761,483.8
855.35535,492.0
855.47302,489.2
855.59076,485.0
855.7085,491.2
855.82623,486.2
855.94397,488.0
856.06165,486.2
856.17938,493.4
856.29712,492.4
856.41479,484.0
856.53253,485.8
856.65021,488.0
856.76788,490.0
856.88562,494.2
857.0033,486.8
857.12097,480.8
857.23865,486.8
857.35632,488.6
857.474,483.0
857.59167,482.2
857.70935,491.4
857.82703,482.2
857.9447,483.2
858.06238,485.2
858.18005,487.0
858.29767,481.4
858.41534,483.4
858.53296,484.6
858.65063,489.0
858.76825,485.2
858.88593,485.4
859.00354,491.2
859.12115,480.2
859.23883,486.6
859.35645,486.2
859.47406,484.4
859.59167,481.2
859.70929,484.4
859.8269,484.8
859.94452,480.8
860.06213,484.6
860.17975,487.0
860.29736,482.6
860.41492,480.0
860.53253,480.2
860.65009,479.2
860.7677,477.2
860.88525,486.4
861.00287,478.8
861.12042,478.8
861.23804,483.2
861.35559,485.6
861.47314,483.8
861.5907,480.4
861.70825,483.0
861.82581,481.0
861.94336,479.0
862.06091,482.8
862.17847,484.0
862.29602,485.8
862.41357,480.2
862.53113,478.6
862.64862,484.2
862.76617,479.0
862.88367,478.6
863.00122,481.6
863.11871,486.2
863.23627,482.6
863.35376,484.8
863.47125,482.6
863.58881,480.0
863.7063,484.8
863.82379,482.0
863.94128,482.4
864.05878,486.2
864.17627,481.4
864.29376,487.6
864.41125,481.8
864.52869,483.2
864.64618,480.6
864.76367,484.4
864.8811,480.4
864.9986,482.0
865.11609,486.0
865.23352,482.8
865.35095,480.6
865.46844,483.6
865.58588,482.2
865.70331,481.6
865.82074,484.0
865.93823,484.8
866.05566,479.8
866.1731,484.4
866.29053,478.2
866.4079,483.0
866.52533,480.8
866.64276,485.2
866.76019,483.0
866.87756,482.8
866.995,489.0
867.11243,482.8
867.2298,484.2
867.34723,480.0
867.4646,482.6
867.58197,482.8
867.6994,486.2
867.81677,482.4
867.93414,479.4
868.05151,481.6
868.16888,477.8
868.28625,482.8
868.40363,483.8
868.521,483.6
868.63837,483.2
868.75568,484.0
868.87305,484.4
868.99042,485.8
869.10773,486.8
869.2251,483.2
869.34241,483.4
869.45978,482.6
869.57709,482.6
869.69446,484.8
869.81177,480.0
869.92908,481.0
870.04639,482.2
870.1637,480.6
870.28101,483.8
870.39832,486.4
870.51563,486.2
870.63293,487.0
870.75024,483.6
870.86749,481.4
870.9848,477.4
871.10211,480.0
871.21936,482.8
871.33667,482.0
871.45392,485.0
871.57123,479.2
871.68848,483.6
871.80573,488.8
871.92297,483.2
872.04028,480.8
872.15753,484.8
872.27478,482.4
872.39203,480.8
872.50928,481.6
872.62646,480.8
872.74371,485.4
872.86096,484.2
872.97821,483.4
873.0954,480.2
873.21265,480.6
873.32983,479.0
873.44708,483.0
873.56427,487.4
873.68152,473.8
873.79871,482.6
873.91589,483.0
874.03308,482.2
874.15027,484.0
874.26746,482.2
874.38464,482.0
874.50183,484.2
874.61902,480.2
874.73621,482.8
874.85339,482.8
874.97052,483.6
875.08771,483.4
875.2049,480.4
875.32202,478.6
875.43921,487.8
875.55634,484.4
875.67346,489.0
875.79065,479.8
875.90778,482.4
876.0249,486.0
876.14203,481.0
876.25916,483.8
876.37628,483.4
876.49341,484.0
876.61053,483.2
876.72766,479.8
876.84473,483.0
876.96185,480.8
877.07898,486.2
877.19604,485.4
877.31317,481.8
877.43024,486.2
877.54736,486.2
877.66443,486.8
877.78149,481.2
877.89856,484.0
878.01569,480.2
878.13275,483.2
878.24982,481.2
878.36688,484.8
878.48395,486.0
878.60095,483.4
878.71802,482.8
878.83508,482.2
878.95215,480.2
879.06915,485.4
879.18622,487.8
879.30322,478.6
879.42029,485.8
879.53729,479.2
879.6543,482.4
879.77136,477.2
879.88837,482.2
880.00537,479.2
880.12238,486.0
880.23938,483.8
880.35638,486.8
880.47339,479.0
880.59039,479.6
880.70734,484.2
880.82434,481.0
880.94135,481.2
881.05829,482.4
881.17529,481.0
881.29224,483.2
881.40924,481.8
881.52618,483.2
881.64313,486.4
881.76007,480.4
881.87701,485.2
881.99402,476.0
882.11096,484.4
882.22791,485.6
882.34479,482.4
882.46173,488.6
882.57867,482.4
882.69562,486.2
882.8125,486.0
882.92944,485.4
883.04639,488.0
883.16327,486.6
883.28015,483.4
883.39709,486.2
883.51398,487.0
883.63086,483.2
883.74774,488.6
883.86462,489.2
883.98157,485.2
884.09839,484.0
884.21527,487.8
884.33215,488.6
884.44904,480.2
884.56592,482.8
884.68274,488.2
884.79962,487.8
884.9165,491.6
885.03333,487.8
885.15015,488.4
885.26703,483.0
885.38385,484.2
885.50067,487.6
885.61749,489.8
885.73438,489.6
885.8512,492.6
885.96802,489.6
886.08478,485.8
886.2016,488.0
886.31842,489.8
886.43524,489.4
886.55206,492.4
886.66882,489.0
886.78564,485.2
886.9024,488.8
887.01923,491.8
887.13599,487.8
887.25275,488.0
887.36951,488.6
887.48633,488.6
887.60309,492.2
887.71985,491.2
887.83661,489.4
887.95337,484.4
888.07007,481.6
888.18683,491.4
888.30359,488.6
888.42035,484.2
888.53705,487.0
888.65381,482.2
888.77051,486.2
888.88721,490.0
889.00397,489.4
889.12067,483.8
889.23737,483.2
889.35406,488.4
889.47083,482.8
889.58752,485.6
889.70416,488.2
889.82086,484.4
889.93756,491.4
890.05426,485.8
890.17096,488.6
890.2876,487.8
890.4043,484.6
890.52094,484.2
890.63763,487.0
890.75427,486.0
890.87091,489.2
890.98761,486.8
891.10425,489.4
891.22089,485.6
891.33752,487.8
891.45416,483.8
891.5708,484.2
891.68744,484.0
891.80408,485.8
891.92065,486.4
892.03729,488.0
892.15393,491.2
892.27051,488.2
892.38715,488.6
892.50372,490.6
892.6203,486.2
892.73694,485.8
892.85352,491.2
892.97009,488.4
893.08667,486.0
893.20325,485.6
893.31982,485.4
893.4364,492.8
893.55298,488.6
893.66956,488.8
893.78607,496.4
893.90265,491.6
894.01917,491.2
894.13574,493.6
894.25226,486.0
894.36884,491.2
894.48535,492.6
894.60187,491.8
894.71838,489.8
894.8349,493.4
894.95148,490.4
895.06793,493.0
895.18445,492.0
895.30096,491.2
895.41748,490.0
895.534,488.8
895.65045,488.0
895.76697,488.4
895.88342,494.0
895.99994,489.2
896.11639,487.4
896.23291,491.4
896.34937,486.4
896.46582,489.4
896.58228,495.6
896.69873,491.0
896.81519,488.2
896.93164,486.0
897.0481,488.0
897.16455,490.2
897.28094,487.0
897.3974,491.6
897.51385,493.0
897.63025,487.4
897.7467,490.2
897.8631,489.8
897.97949,490.6
898.09595,485.6
898.21234,489.4
898.32874,489.8
898.44513,485.0
898.56152,486.6
898.67792,485.8
898.79431,489.2
898.91064,488.0
899.02704,486.8
899.14343,487.8
899.25977,488.4
899.37616,490.0
899.49249,489.2
899.60889,485.0
899.72522,482.4
899.84155,486.6
899.95789,485.6
900.07428,489.0
900.19061,492.2
900.30695,489.0
900.42322,489.6
900.53955,482.0
900.65588,486.0
900.77222,483.6
900.88849,485.6
901.00482,481.4
901.12109,490.0
901.23743,485.6
901.3537,483.0
901.47003,482.6
901.5863,486.8
901.70258,482.0
901.81885,483.8
901.93512,482.2
902.05139,480.2
902.16766,482.2
902.28394,485.8
902.40021,479.8
902.51642,488.6
902.63269,486.4
902.7489,484.4
902.86517,485.6
902.98138,480.2
903.09766,486.6
903.21387,486.2
903.33008,489.8
903.44629,487.4
903.5625,475.6
903.67871,484.8
903.79492,479.2
903.91113,480.6
904.02734,481.6
904.14355,484.0
904.2597,484.0
904.37592,485.0
904.49207,478.4
904.60828,477.6
904.72443,482.4
904.84064,481.0
904.95679,486.0
905.07294,482.6
905.18909,478.6
905.30524,480.6
905.42139,479.4
905.53754,481.2
905.65369,481.2
905.76984,479.4
905.88593,476.0
906.00208,477.6
906.11816,481.6
906.23431,474.8
906.3504,478.6
906.46655,479.4
906.58264,472.8
906.69873,477.2
906.81482,475.6
906.93091,479.4
907.047,482.6
907.16309,477.6
907.27917,479.0
907.39526,477.6
907.51135,476.8
907.62738,477.0
907.74347,482.4
907.8595,478.2
907.97559,479.6
908.09161,481.2
908.2077,482.2
908.32373,479.6
908.43976,479.0
908.55579,480.4
908.67181,475.4
908.78784,478.4
908.90387,481.6
909.0199,481.4
909.13586,480.2
909.25189,478.2
909.36792,476.4
909.48389,478.8
909.59991,480.0
909.71588,478.4
909.83185,474.4
909.94788,479.2
910.06384,477.0
910.17981,483.4
910.29578,478.0
910.41174,475.6
910.52771,483.0
910.64368,475.4
910.75958,473.0
910.87555,478.0
910.99152,475.4
911.10742,479.0
911.22339,480.0
911.33929,481.8
911.4552,482.0
911.57117,476.0
911.68707,481.6
911.80298,483.6
911.91888,478.0
912.03479,480.8
912.1507,479.4
912.2666,478.2
912.38245,478.2
912.49835,481.2
912.61426,485.8
912.7301,477.4
912.84601,478.0
792.4458,607.4
792.56488,605.8
792.68396,611.0
792.8031,615.4
792.92218,591.6
793.04126,589.8
793.16034,590.2
793.27942,589.6
793.3985,579.6
793.51758,573.8
793.63672,573.2
793.7558,571.0
793.87488,576.4
793.9939,572.2
794.11298,564.4
794.23206,560.8
794.35114,560.2
794.47021,554.8
794.58929,554.8
794.70831,554.4
794.82739,560.4
794.94647,555.4
795.06549,554.8
795.18457,547.2
795.30365,550.6
795.42267,543.8
795.54175,545.2
795.66077,546.4
795.77985,540.2
795.89886,547.2
796.01794,543.8
796.13696,540.2
796.25598,542.4
796.375,539.6
796.49408,537.0
796.6131,533.4
796.73212,540.2
796.85114,535.0
796.97015,539.0
797.08923,534.4
797.20825,533.8
797.32727,534.2
797.44629,535.6
797.56531,532.8
797.68427,533.8
797.80328,532.4
797.9223,533.4
798.04132,529.6
798.16034,540.8
798.27936,527.2
798.39832,533.8
798.51733,531.8
798.63635,533.6
798.75531,527.6
798.87433,527.2
798.99329,520.4
799.1123,525.8
799.23126,528.4
799.35028,528.8
799.46924,532.8
799.58826,534.0
799.70721,533.8
799.82617,531.6
799.94519,532.2
800.06415,530.4
800.18311,529.2
800.30206,531.0
800.42102,529.0
800.54004,531.2
800.659,530.8
800.77795,536.6
800.89691,533.6
801.01587,534.0
801.13483,532.6
801.25372,534.8
801.37268,532.6
801.49164,536.8
801.6106,537.4
801.72955,537.6
801.84845,533.8
801.96741,535.4
802.08636,538.4
802.20526,540.0
802.32422,532.8
802.44318,539.6
802.56207,540.0
802.68103,533.2
802.79993,538.2
802.91882,537.4
803.03778,536.8
803.15668,541.0
803.27557,540.6
803.39453,540.8
803.51343,536.8
803.63232,542.8
803.75122,533.8
803.87012,534.0
803.98907,537.6
804.10797,543.6
804.22687,538.8
804.34576,541.0
804.46466,544.6
804.58356,540.8
804.70239,542.6
804.82129,541.8
804.94019,540.6
805.05908,543.8
805.17798,545.8
805.29681,552.0
805.41571,546.0
805.53461,549.8
805.65344,547.6
805.77234,548.4
805.89117,551.2
806.01007,548.0
806.12891,557.6
806.2478,549.0
806.36664,550.0
806.48547,552.0
806.60437,546.0
806.72321,553.0
806.84204,552.6
806.96088,549.0
807.07971,547.6
807.19861,552.2
807.31744,553.6
807.43628,551.4
807.55511,549.4
807.67395,551.6
807.79279,554.6
807.91162,553.2
808.0304,557.8
808.14923,559.0
808.26807,552.0
808.3869,553.6
808.50568,561.4
808.62451,557.6
808.74335,560.0
808.86212,560.4
808.98096,564.0
809.09979,558.4
809.21857,560.6
809.33734,556.2
809.45618,556.6
809.57495,563.6
809.69379,557.6
809.81256,565.4
809.93134,564.2
810.05011,561.8
810.16895,557.6
810.28772,561.2
810.40649,562.8
810.52527,559.0
810.64404,559.0
810.76282,564.6
810.88159,560.8
811.00037,558.2
811.11914,559.8
811.23792,560.0
811.35663,563.6
811.4754,560.4
811.59418,562.0
811.71295,563.6
811.83167,566.2
811.95044,560.2
812.06921,561.0
812.18793,561.2
812.3067,564.2
812.42542,560.8
812.54419,563.0
812.6629,563.4
812.78162,563.0
812.90039,560.2
813.0191,560.4
813.13782,560.6
813.25653,563.6
813.37524,561.0
813.49402,562.6
813.61273,564.2
813.73145,559.6
813.85016,565.2
813.96887,557.6
814.08759,561.2
814.2063,557.0
814.32495,558.6
814.44366,560.8
814.56238,556.8
814.68109,561.0
814.79974,556.6
814.91846,551.6
815.03717,556.2
815.15582,549.8
815.27454,559.4
815.39319,548.2
815.5119,546.0
815.63055,548.2
815.74927,550.2
815.86792,553.0
815.98657,549.8
816.10529,548.4
816.22394,549.2
816.34259,549.0
816.46124,561.0
816.5799,562.6
816.69855,566.6
816.8172,553.0
816.93585,550.8
817.0545,549.4
817.17316,545.4
817.29181,540.8
817.41046,542.2
817.52911,538.0
817.64771,533.4
817.76636,529.2
817.88501,530.8
818.0036,521.0
818.12225,526.2
818.24091,522.6
818.3595,517.6
818.47815,515.4
818.59674,521.0
818.71533,517.8
818.83398,510.6
818.95258,510.2
819.07117,502.4
819.18976,507.4
819.30841,507.6
819.427,511.8
819.54559,502.0
819.66418,508.6
819.78278,508.2
819.90137,500.8
820.01996,504.0
820.13855,494.4
820.25714,505.4
820.37573,501.4
820.49426,502.4
820.61285,499.2
820.73145,497.6
820.84998,496.6
820.96857,496.6
821.08716,498.6
821.20569,497.0
821.32428,494.4
821.44281,497.0
821.56134,500.8
821.67993,494.6
821.79846,500.6
821.91699,494.4
822.03558,498.4
822.15411,497.0
822.27264,497.0
822.39117,499.0
822.5097,488.2
822.62823,496.6
822.74677,499.6
822.8653,492.6
822.98383,491.8
823.10236,497.6
823.22089,495.8
823.33942,494.4
823.45789,493.6
823.57642,498.0
823.69495,494.2
823.81342,497.6
823.93195,492.8
824.05042,497.4
824.16895,494.6
824.28741,496.6
824.40594,495.8
824.52441,494.2
824.64288,495.2
824.76141,497.0
824.87988,492.4
824.99835,494.0
825.11682,490.0
825.23529,490.2
825.35376,492.6
825.47223,486.4
825.5907,491.4
825.70917,488.2
825.82764,488.8
825.94611,489.4
826.06458,483.8
826.18304,488.6
826.30145,491.8
826.41992,493.8
826.53839,486.4
826.6568,492.6
826.77527,483.4
826.89368,488.4
827.01215,490.2
827.13055,486.6
827.24902,484.8
827.36743,483.2
827.48584,481.6
827.60431,478.6
827.72272,483.8
827.84113,481.2
827.95953,480.2
828.07794,484.4
828.19635,481.4
828.31476,481.2
828.43317,481.6
828.55157,484.4
828.66998,483.0
828.78839,481.4
828.90674,480.4
829.02515,484.2
829.14355,479.8
829.2619,482.0
829.38031,479.8
829.49872,480.4
829.61707,481.0
829.73547,485.0
829.85382,482.0
829.97217,484.0
830.09058,477.0
830.20892,477.4
830.32727,474.6
830.44562,484.0
830.56403,483.2
830.68237,481.8
830.80072,479.6
830.91907,485.4
831.03741,479.6
831.15576,482.4
831.27411,477.8
831.3924,482.0
831.51074,481.0
831.62909,479.2
831.74744,479.4
831.86572,479.6
831.98407,485.2
832.10242,479.6
832.2207,477.8
832.33905,477.4
832.45734,482.6
832.57562,482.4
832.69397,479.8
832.81226,481.2
832.93054,484.8
833.04889,485.0
833.16718,481.0
833.28546,490.4
833.40375,492.0
833.52203,483.0
833.64032,485.6
833.75861,484.2
833.87689,483.4
833.99518,484.4
834.1134,481.2
834.23169,486.6
834.34998,485.2
834.46826,484.8
834.58649,484.8
834.70477,486.8
834.823,482.4
834.94128,492.2
835.05951,481.8
835.1778,489.0
835.29602,480.0
835.41425,488.0
835.53253,484.0
835.65076,486.2
835.76898,487.6
835.88721,487.8
836.00543,487.0
836.12366,488.2
836.24188,487.2
836.36011,485.4
836.47833,491.6
836.59656,485.4
836.71478,491.2
836.83295,489.0
836.95117,488.2
837.0694,493.4
837.18756,489.6
837.30579,493.0
837.42401,490.0
837.54218,492.0
837.66034,490.6
837.77856,494.8
837.89673,491.8
838.01489,494.2
838.13312,488.8
838.25128,492.6
838.36945,491.0
838.48761,490.2
838.60577,494.2
838.72394,495.4
838.8421,493.0
838.96027,493.6
839.07843,485.6
839.19659,491.8
839.31476,491.0
839.43286,491.8
839.55103,491.6
839.66919,489.0
839.78729,485.8
839.90546,491.2
840.02356,490.2
840.14172,490.4
840.25983,486.4
840.37793,487.4
840.49609,488.0
840.6142,489.2
840.7323,489.8
840.8504,485.0
840.96851,488.6
841.08661,487.0
841.20471,483.2
841.32281,493.2
841.44092,483.8
841.55902,487.2
841.67712,482.6
841.79523,487.0
841.91327,481.8
842.03137,488.0
842.14948,486.6
842.26752,480.8
842.38562,485.4
842.50366,482.8
842.62177,479.6
842.73981,482.0
842.85791,482.6
842.97595,478.2
843.09399,486.8
843.21204,485.6
843.33008,486.2
843.44818,483.6
843.56622,480.8
843.68427,481.6
843.80231,485.6
843.92029,484.2
844.03833,480.8
844.15637,483.4
844.27441,482.0
844.39246,480.0
844.51044,484.0
844.62848,481.4
844.74646,485.0
844.8645,485.6
844.98248,480.8
845.10052,488.4
845.21851,488.0
845.33649,483.6
845.45453,485.0
845.57251,483.2
845.69049,484.8
845.80847,481.0
845.92645,479.2
846.04443,479.0
846.16241,485.0
846.2804,488.8
846.39838,481.2
846.51636,483.6
846.63434,482.2
846.75226,484.0
846.87024,483.4
846.98822,482.2
847.10614,483.2
847.22412,480.6
847.34204,479.8
847.46002,482.8
847.57794,479.4
847.69586,481.0
847.81384,482.2
847.93176,479.8
848.04968,484.6
848.1676,478.6
848.28552,479.0
848.40344,482.2
848.52136,481.8
848.63928,482.4
848.7572,480.0
848.87512,481.0
848.99304,482.8
849.1109,481.8
849.22882,477.6
849.34674,481.0
849.4646,478.2
849.58252,481.8
849.70038,479.6
849.8183,481.8
849.93616,486.6
850.05402,484.8
850.17194,481.4
850.28979,484.4
850.40765,485.2
850.52551,484.8
850.64337,490.6
850.76123,484.4
850.87909,480.2
850.99695,484.0
851.11481,486.0
851.23267,484.6
851.35046,490.4
851.46832,482.6
851.58618,483.8
851.70398,490.8
851.82184,489.0
851.93964,491.2
852.0575,487.4
852.17529,491.0
852.29315,495.0
852.41095,488.2
852.52875,484.8
852.64655,484.2
852.7644,485.2
852.8822,488.6
853.0,479.2
853.1178,488.8
853.2356,482.2
853.35333,489.4
853.47113,487.0
853.58893,482.0
853.70673,487.6
853.82446,490.4
853.94226,489.6
854.06006,483.8
854.1778,485.8
854.29559,488.8
854.41333,484.4
854.53107,486.0
854.64886,487.4
854.7666,486.0
854.88434,485.2
855.00208,490.8
855.11981,493.4
855.23761,488.4
855.35535,490.4
855.47302,487.8
855.59076,480.8
855.7085,489.8
855.82623,488.0
855.94397,493.8
856.06165,487.6
856.17938,492.4
856.29712,485.2
856.41479,490.2
856.53253,488.8
856.65021,488.2
856.76788,485.4
856.88562,486.0
857.0033,486.6
857.12097,487.6
857.23865,483.6
857.35632,485.2
857.474,482.8
857.59167,482.8
857.70935,487.4
857.82703,483.0
857.9447,478.4
858.06238,480.8
858.18005,484.4
858.29767,486.6
858.41534,487.4
858.53296,480.6
858.65063,488.8
858.76825,488.6
858.88593,482.2
859.00354,487.8
859.12115,478.4
859.23883,484.8
859.35645,482.6
859.47406,483.8
859.59167,485.8
859.70929,484.2
859.8269,487.2
859.94452,483.2
860.06213,482.0
860.17975,481.8
860.29736,479.8
860.41492,482.2
860.53253,482.8
860.65009,481.6
860.7677,478.0
860.88525,488.6
861.00287,484.0
861.12042,483.0
861.23804,484.2
861.35559,483.2
861.47314,483.8
861.5907,489.6
861.70825,481.2
861.82581,479.8
861.94336,477.8
862.06091,479.6
862.17847,479.8
862.29602,484.4
862.41357,483.2
862.53113,478.8
862.64862,483.0
862.76617,474.8
862.88367,477.8
863.00122,481.6
863.11871,481.8
863.23627,484.6
863.35376,479.8
863.47125,480.4
863.58881,480.4
863.7063,483.6
863.82379,480.2
863.94128,479.2
864.05878,481.6
864.17627,488.0
864.29376,485.6
864.41125,485.2
864.52869,481.0
864.64618,485.4
864.76367,483.4
864.8811,485.2
864.9986,481.4
865.11609,486.8
865.23352,482.8
865.35095,483.4
865.46844,483.2
865.58588,484.6
865.70331,480.4
865.82074,481.6
865.93823,478.2
866.05566,479.8
866.1731,478.0
866.29053,478.4
866.4079,486.6
866.52533,482.8
866.64276,481.2
866.76019,479.2
866.87756,479.8
866.995,485.2
867.11243,480.0
867.2298,481.0
867.34723,479.2
867.4646,478.0
867.58197,481.2
867.6994,485.0
867.81677,485.2
867.93414,482.0
868.05151,480.8
868.16888,478.6
868.28625,481.0
868.40363,484.6
868.521,482.4
868.63837,481.6
868.75568,483.2
868.87305,483.8
868.99042,487.0
869.10773,484.0
869.2251,478.6
869.34241,485.6
869.45978,484.4
869.57709,480.8
869.69446,482.6
869.81177,486.4
869.92908,484.8
870.04639,490.2
870.1637,481.2
870.28101,487.0
870.39832,481.2
870.51563,483.2
870.63293,482.0
870.75024,485.8
870.86749,482.4
870.9848,482.4
871.10211,487.8
871.21936,485.0
871.33667,483.0
871.45392,485.8
871.57123,482.6
871.68848,483.0
871.80573,485.8
871.92297,484.0
872.04028,484.2
872.15753,486.8
872.27478,485.4
872.39203,481.6
872.50928,485.2
872.62646,487.6
872.74371,480.8
872.86096,483.4
872.97821,480.0
873.0954,485.2
873.21265,484.4
873.32983,475.0
873.44708,488.2
873.56427,481.8
873.68152,479.2
873.79871,478.0
873.91589,478.2
874.03308,486.2
874.15027,482.0
874.26746,479.0
874.38464,482.4
874.50183,478.8
874.61902,483.6
874.73621,481.6
874.85339,484.6
874.97052,484.0
875.08771,481.2
875.2049,484.8
875.32202,478.0
875.43921,484.8
875.55634,483.2
875.67346,483.6
875.79065,483.4
875.90778,485.4
876.0249,488.8
876.14203,478.8
876.25916,486.0
876.37628,481.0
876.49341,483.2
876.61053,481.8
876.72766,481.6
876.84473,488.0
876.96185,485.6
877.07898,481.8
877.19604,486.2
877.31317,484.6
877.43024,486.2
877.54736,482.2
877.66443,483.0
877.78149,485.2
877.89856,484.8
878.01569,481.6
878.13275,483.2
878.24982,484.8
878.36688,484.2
878.48395,485.6
878.60095,483.2
878.71802,483.6
878.83508,484.0
878.95215,480.6
879.06915,482.6
879.18622,486.0
879.30322,480.6
879.42029,484.2
879.53729,482.8
879.6543,484.0
879.77136,481.0
879.88837,481.4
880.00537,481.2
880.12238,489.4
880.23938,484.6
880.35638,489.0
880.47339,483.8
880.59039,482.0
880.70734,485.2
880.82434,480.0
880.94135,484.0
881.05829,485.4
881.17529,481.4
881.29224,483.4
881.40924,479.0
881.52618,480.8
881.64313,482.8
881.76007,485.6
881.87701,486.0
881.99402,486.0
882.11096,485.2
882.22791,484.6
882.34479,484.4
882.46173,488.6
882.57867,483.2
882.69562,486.0
882.8125,487.0
882.92944,490.4
883.04639,484.6
883.16327,492.0
883.28015,484.6
883.39709,485.0
883.51398,488.4
883.63086,478.8
883.74774,487.8
883.86462,487.6
883.98157,485.8
884.09839,486.0
884.21527,485.0
884.33215,483.6
884.44904,484.8
884.56592,483.8
884.68274,487.2
884.79962,484.6
884.9165,487.6
885.03333,487.8
885.15015,488.6
885.26703,493.4
885.38385,487.6
885.50067,490.2
885.61749,490.0
885.73438,490.6
885.8512,491.8
885.96802,497.2
886.08478,483.4
886.2016,487.4
886.31842,493.8
886.43524,486.2
886.55206,488.2
886.66882,487.4
886.78564,486.6
886.9024,489.4
887.01923,487.4
887.13599,486.6
887.25275,489.2
887.36951,488.0
887.48633,488.4
887.60309,486.2
887.71985,485.2
887.83661,489.0
887.95337,483.4
888.07007,485.6
888.18683,486.4
888.30359,485.4
888.42035,489.6
888.53705,487.8
888.65381,487.8
888.77051,479.8
888.88721,486.4
889.00397,487.4
889.12067,482.0
889.23737,487.4
889.35406,488.0
889.47083,483.4
889.58752,483.4
889.70416,488.2
889.82086,482.6
889.93756,488.0
890.05426,483.2
890.17096,490.0
890.2876,486.6
890.4043,487.0
890.52094,488.8
890.63763,490.4
890.75427,487.0
890.87091,488.8
890.98761,490.4
891.10425,493.2
891.22089,487.2
891.33752,491.4
891.45416,485.2
891.5708,492.8
891.68744,485.4
891.80408,488.4
891.92065,484.2
892.03729,487.0
892.15393,486.6
892.27051,485.6
892.38715,491.8
892.50372,487.2
892.6203,490.4
892.73694,486.8
892.85352,486.8
892.97009,485.6
893.08667,493.8
893.20325,486.2
893.31982,488.4
893.4364,485.4
893.55298,491.4
893.66956,490.4
893.78607,490.4
893.90265,487.6
894.01917,493.8
894.13574,493.8
894.25226,498.0
894.36884,488.0
894.48535,491.0
894.60187,487.8
894.71838,491.8
894.8349,496.0
894.95148,488.2
895.06793,491.6
895.18445,494.2
895.30096,490.0
895.41748,488.0
895.534,487.6
895.65045,490.0
895.76697,490.2
895.88342,493.8
895.99994,492.4
896.11639,486.2
896.23291,489.8
896.34937,491.2
896.46582,494.4
896.58228,487.8
896.69873,493.6
896.81519,487.6
896.93164,487.4
897.0481,491.2
897.16455,493.4
897.28094,490.4
897.3974,490.4
897.51385,485.4
897.63025,490.8
897.7467,493.6
897.8631,488.6
897.97949,488.4
898.09595,485.6
898.21234,486.4
898.32874,484.8
898.44513,489.4
898.56152,490.2
898.67792,489.6
898.79431,488.2
898.91064,487.6
899.02704,486.0
899.14343,486.6
899.25977,487.0
899.37616,489.6
899.49249,487.0
899.60889,488.6
899.72522,487.0
899.84155,484.0
899.95789,490.6
900.07428,487.4
900.19061,484.6
900.30695,486.2
900.42322,491.6
900.53955,486.6
900.65588,485.2
900.77222,490.0
900.88849,489.0
901.00482,481.8
901.12109,486.4
901.23743,484.4
901.3537,480.8
901.47003,489.0
901.5863,481.4
901.70258,484.0
901.81885,482.0
901.93512,482.8
902.05139,484.6
902.16766,480.6
902.28394,486.8
902.40021,483.2
902.51642,487.2
902.63269,481.4
902.7489,483.8
902.86517,481.2
902.98138,486.2
903.09766,485.8
903.21387,484.4
903.33008,487.0
903.44629,487.6
903.5625,481.2
903.67871,478.2
903.79492,479.4
903.91113,481.2
904.02734,478.2
904.14355,485.2
904.2597,482.2
904.37592,481.0
904.49207,480.2
904.60828,478.8
904.72443,481.2
904.84064,485.2
904.95679,483.2
905.07294,478.0
905.18909,481.8
905.30524,481.0
905.42139,481.8
905.53754,480.0
905.65369,478.6
905.76984,477.8
905.88593,481.8
906.00208,481.0
906.11816,479.0
906.23431,479.2
906.3504,479.0
906.46655,475.6
906.58264,481.6
906.69873,477.0
906.81482,476.8
906.93091,481.4
907.047,478.0
907.16309,483.6
907.27917,479.2
907.39526,484.4
907.51135,482.0
907.62738,474.4
907.74347,479.6
907.8595,481.8
907.97559,482.2
908.09161,478.6
908.2077,476.6
908.32373,479.8
908.43976,474.0
908.55579,474.2
908.67181,480.8
908.78784,480.2
908.90387,479.4
909.0199,479.0
909.13586,478.0
909.25189,474.0
909.36792,477.2
909.48389,478.6
909.59991,478.2
909.71588,482.2
909.83185,483.8
909.94788,478.0
910.06384,477.6
910.17981,478.2
910.29578,475.8
910.41174,477.2
910.52771,481.8
910.64368,482.6
910.75958,477.6
910.87555,481.4
910.99152,480.8
911.10742,480.0
911.22339,477.4
911.33929,478.8
911.4552,477.2
911.57117,472.8
911.68707,482.6
911.80298,481.2
911.91888,479.6
912.03479,476.4
912.1507,476.2
912.2666,480.8
912.38245,481.0
912.49835,479.2
912.61426,479.0
912.7301,484.2
912.84601,475.4
