792.44574,3889.8
792.56488,3849.0
792.68396,3876.4
792.80304,3845.0
792.92218,3803.6
793.041199,3801.4
793.160339,3766.0
793.279419,3745.0
793.398499,3703.2
793.517578,3684.2
793.636658,3677.4
793.755737,3658.0
793.874817,3637.8
793.993896,3616.8
794.112976,3622.2
794.232056,3585.0
794.351074,3593.6
794.470215,3552.4
794.589233,3520.4
794.708313,3536.2
794.827393,3515.0
794.946411,3533.8
795.065552,3516.4
795.18457,3510.6
795.303589,3509.0
795.422668,3470.0
795.541687,3475.4
795.660767,3483.0
795.779846,3451.6
795.898865,3444.2
796.017883,3449.8
796.136963,3394.4
796.255981,3457.8
796.375061,3434.6
796.49408,3403.4
796.613037,3403.4
796.732117,3394.0
796.851135,3391.6
796.970154,3387.2
797.089233,3378.6
797.208191,3344.8
797.327271,3371.6
797.446228,3390.6
797.565186,3347.8
797.684265,3373.0
797.803223,3354.0
797.922241,3371.4
798.04126,3379.4
798.160278,3310.8
798.279297,3334.8
798.398315,3332.0
798.517273,3320.4
798.636292,3298.4
798.75531,3315.8
798.874268,3308.2
798.993286,3324.2
799.112244,3301.0
799.231323,3325.8
799.350281,3316.2
799.469238,3331.4
799.588257,3328.8
799.707153,3294.8
799.826111,3346.0
799.945129,3274.2
800.064087,3315.8
800.183044,3281.2
800.302063,3318.4
800.421021,3318.8
800.539978,3303.0
800.658936,3305.8
800.777893,3319.4
800.896912,3292.8
801.015747,3284.2
801.134705,3283.8
801.253723,3290.6
801.37262,3281.6
801.491638,3304.6
801.610535,3309.0
801.729492,3302.8
801.84845,3303.4
801.967407,3298.0
802.086243,3278.6
802.205261,3281.0
802.324158,3281.0
802.443115,3297.6
802.562073,3282.2
802.680969,3281.6
802.799927,3305.2
802.918762,3301.8
803.037659,3315.0
803.156677,3305.4
803.275574,3301.4
803.39447,3293.0
803.513428,3289.0
803.632263,3320.4
803.751221,3283.2
803.870117,3298.0
803.989014,3297.2
804.107971,3315.8
804.226746,3317.0
804.345642,3292.2
804.4646,3336.0
804.583496,3312.6
804.702393,3312.4
804.821228,3279.4
804.940125,3278.8
805.059021,3261.8
805.177917,3313.6
805.296814,3285.6
805.415649,3323.0
805.534546,3304.0
805.653442,3308.6
805.772278,3299.2
805.891113,3333.2
806.01001,3327.2
806.128906,3316.8
806.247742,3295.6
806.366577,3285.6
806.485413,3322.6
806.604309,3301.2
806.723145,3296.0
806.84198,3328.2
806.960876,3307.0
807.079712,3297.4
807.198486,3321.6
807.317383,3293.0
807.436218,3272.8
807.554993,3263.8
807.673889,3299.0
807.792725,3280.0
807.91156,3293.0
808.030396,3310.6
808.14917,3257.2
808.268005,3297.8
808.386841,3284.8
808.505676,3305.8
808.624451,3276.2
808.743286,3278.0
808.862122,3303.2
808.980896,3313.8
809.099731,3261.0
809.218506,3262.0
809.337341,3296.2
809.456116,3283.4
809.57489,3292.4
809.693726,3266.2
809.8125,3287.2
809.931274,3307.6
810.050049,3301.8
810.168884,3286.0
810.287659,3251.4
810.406372,3286.0
810.525269,3277.0
810.643982,3271.8
810.762756,3272.2
810.881531,3250.4
811.000305,3260.6
811.11908,3268.8
811.237854,3294.4
811.356567,3262.4
811.475403,3312.4
811.594116,3278.8
811.71283,3261.4
811.831604,3304.0
811.950378,3292.8
812.069153,3286.2
812.187927,3289.6
812.30658,3310.8
812.425415,3265.2
812.544128,3274.0
812.662781,3245.6
812.781616,3290.6
812.900269,3308.2
813.019043,3282.0
813.137756,3272.2
813.256531,3281.4
813.375244,3275.4
813.493896,3260.4
813.612671,3300.4
813.731384,3257.2
813.850037,3244.2
813.96875,3262.8
814.087524,3264.0
814.206238,3214.6
814.324951,3261.0
814.443604,3222.6
814.562256,3238.4
814.68103,3239.4
814.799683,3223.4
814.918335,3211.0
815.037109,3225.2
815.155762,3203.2
815.274475,3219.2
815.393188,3179.2
815.511841,3213.4
815.630554,3176.0
815.749146,3164.4
815.867859,3138.8
815.986572,3182.8
816.105164,3169.2
816.223877,3156.8
816.342529,3207.8
816.461182,3182.4
816.579895,3167.2
816.698486,3170.2
816.817139,3217.0
816.935791,3201.0
817.054504,3213.4
817.173096,3162.0
817.291748,3151.6
817.4104,3181.2
817.529053,3128.8
817.647644,3156.6
817.766235,3090.0
817.884949,3082.8
818.00354,3086.2
818.122192,3048.0
818.240845,3079.0
818.359436,3035.8
818.478088,3040.0
818.59668,3025.8
818.715271,3020.4
818.833923,3011.2
818.952515,2989.4
819.071106,2987.6
819.189758,2965.6
819.30835,2981.8
819.426941,2972.4
819.545532,2978.8
819.664124,2942.8
819.782715,2939.6
819.901306,2962.8
820.019897,2941.6
820.138489,2951.4
820.25708,2994.0
820.375671,2969.0
820.494202,2972.2
820.612732,2964.2
820.731384,2960.6
820.849915,2942.4
820.968506,2915.8
821.087097,2944.2
821.205627,2926.2
821.324158,2947.4
821.442749,2903.4
821.561279,2928.0
821.679871,2899.2
821.798401,2913.2
821.916931,2919.4
822.035461,2918.2
822.154053,2899.4
822.272583,2888.4
822.391174,2890.4
822.509583,2873.2
822.628174,2879.6
822.746704,2906.2
822.865234,2906.2
822.983765,2901.8
823.102295,2900.8
823.220825,2876.4
823.339294,2895.2
823.457825,2897.4
823.576355,2893.2
823.694824,2896.0
823.813354,2914.8
823.931885,2902.2
824.050354,2879.4
824.168884,2896.4
824.287354,2895.6
824.405823,2882.0
824.524353,2904.2
824.642822,2891.4
824.761353,2901.2
824.879822,2891.4
824.998291,2882.6
825.116699,2865.2
825.235291,2876.0
825.353699,2909.4
825.472168,2855.0
825.590637,2876.4
825.709106,2866.6
825.827576,2839.8
825.946045,2816.4
826.064453,2831.4
826.182983,2861.8
826.301392,2834.8
826.4198,2832.4
826.53833,2836.4
826.656738,2841.4
826.775208,2851.4
826.893677,2827.4
827.012024,2823.6
827.130493,2825.4
827.248962,2882.2
827.36731,2821.6
827.485779,2817.6
827.604248,2825.6
827.722595,2838.0
827.841064,2811.0
827.959412,2819.4
828.077942,2812.8
828.196289,2798.6
828.314636,2805.0
828.433105,2810.2
828.551514,2810.2
828.669861,2807.0
828.78833,2794.4
828.906677,2790.6
829.025085,2802.6
829.143433,2821.6
829.261841,2793.8
829.38031,2778.0
829.498657,2802.8
829.617004,2811.0
829.735413,2821.2
829.85376,2780.6
829.972107,2785.0
830.090515,2786.2
830.208862,2795.0
830.327209,2763.8
830.445557,2763.4
830.563904,2811.2
830.682312,2792.8
830.800659,2751.6
830.919006,2778.8
831.037354,2776.2
831.155701,2787.4
831.274048,2798.2
831.392395,2755.4
831.51062,2813.0
831.629028,2781.8
831.747314,2790.0
831.865662,2800.0
831.984009,2778.8
832.102356,2774.2
832.220642,2751.8
832.338928,2779.4
832.457275,2773.4
832.575623,2803.4
832.693909,2787.8
832.812134,2786.0
832.930481,2807.4
833.048828,2785.2
833.167114,2752.0
833.2854,2745.6
833.403687,2779.4
833.521973,2797.0
833.640259,2764.0
833.758545,2779.4
833.876831,2753.0
833.995056,2778.6
834.113281,2757.2
834.231628,2778.8
834.349915,2756.2
834.468201,2788.6
834.586426,2759.4
834.704651,2769.2
834.822998,2750.4
834.941162,2783.2
835.059448,2781.2
835.177673,2783.0
835.295959,2745.0
835.414246,2782.0
835.53241,2779.0
835.650635,2750.2
835.768921,2777.4
835.887146,2747.4
836.005371,2770.0
836.123596,2777.8
836.241821,2779.4
836.360046,2757.0
836.478271,2774.4
836.596497,2808.0
836.714722,2800.6
836.832886,2754.2
836.95105,2771.4
837.069336,2807.0
837.1875,2815.2
837.305725,2819.8
837.423889,2762.2
837.542053,2775.6
837.660339,2786.0
837.778503,2791.2
837.896667,2771.0
838.014832,2778.2
838.132996,2783.0
838.25116,2777.8
838.369385,2781.0
838.487488,2781.8
838.605713,2782.2
838.723877,2805.2
838.84198,2793.4
838.960205,2753.8
839.078308,2764.4
839.196472,2756.6
839.314636,2792.8
839.4328,2782.0
839.550964,2794.2
839.669067,2774.0
839.787231,2780.6
839.905396,2769.2
840.023499,2754.6
840.141602,2770.0
840.259766,2779.2
840.377869,2765.8
840.495972,2782.0
840.614136,2746.6
840.732239,2771.8
840.850342,2730.4
840.968445,2747.8
841.086548,2712.2
841.204651,2716.0
841.322754,2725.0
841.440918,2729.8
841.55896,2748.4
841.677002,2730.6
841.795166,2723.8
841.913208,2747.6
842.031311,2722.8
842.149353,2769.0
842.267456,2741.8
842.385498,2744.0
842.503601,2734.0
842.621643,2737.2
842.739746,2752.6
842.857788,2753.2
842.97583,2731.8
843.093933,2745.2
843.211975,2746.0
843.330017,2754.4
843.44812,2741.4
843.566101,2732.2
843.684204,2741.8
843.802246,2735.6
843.920227,2753.0
844.038269,2755.2
844.156311,2730.6
844.274292,2746.4
844.392395,2756.4
844.510376,2757.2
844.628357,2693.0
844.74646,2709.0
844.864441,2721.2
844.982422,2725.0
845.100403,2730.0
845.218384,2707.4
845.336426,2720.0
845.454468,2741.6
845.572449,2728.2
845.69043,2736.8
845.808411,2700.4
845.926453,2693.4
846.044373,2738.0
846.162354,2719.8
846.280396,2717.4
846.398315,2718.8
846.516296,2711.6
846.634216,2722.0
846.752197,2719.2
846.870178,2709.8
846.988098,2727.4
847.106079,2706.8
847.22406,2703.2
847.34198,2729.8
847.4599,2730.0
847.577881,2733.6
847.695801,2700.2
847.813782,2717.2
847.931641,2727.8
848.049561,2745.4
848.167603,2724.2
848.285461,2744.0
848.403381,2725.8
848.521362,2721.4
848.639221,2716.0
848.75708,2762.4
848.875,2736.8
848.99292,2749.0
849.110901,2726.0
849.22876,2719.8
849.34668,2724.0
849.464539,2749.4
849.582458,2738.6
849.700317,2712.6
849.818176,2706.6
849.936096,2721.8
850.053955,2756.4
850.171875,2731.6
850.289673,2718.2
850.407593,2700.2
850.525452,2739.8
850.643311,2760.6
850.761169,2725.4
850.878967,2717.4
850.996887,2745.6
851.114746,2693.6
851.232544,2714.2
851.350403,2720.8
851.468262,2732.4
851.58606,2707.0
851.703979,2753.6
851.821777,2774.0
851.939636,2757.0
852.057434,2766.8
852.175232,2757.2
852.293091,2755.2
852.410889,2764.0
852.528687,2766.6
852.646545,2775.4
852.764343,2751.8
852.88208,2775.2
852.999939,2756.4
853.117676,2750.6
853.235535,2737.0
853.353271,2750.2
853.471069,2715.6
853.588928,2715.8
853.706604,2770.0
853.824402,2738.6
853.9422,2762.0
854.059998,2728.6
854.177734,2722.0
854.295532,2756.0
854.413269,2734.6
854.531006,2739.8
854.648804,2733.8
854.766541,2739.8
854.884277,2781.8
855.002014,2743.4
855.119751,2732.4
855.237549,2805.2
855.355225,2787.6
855.473022,2770.0
855.590698,2763.8
855.708435,2774.8
855.826172,2740.2
855.943848,2801.6
856.061646,2797.4
856.179321,2760.6
856.296997,2772.8
856.414795,2766.4
856.53241,2790.8
856.650085,2814.2
856.767822,2770.2
856.885559,2794.0
857.003174,2736.8
857.120911,2767.8
857.238586,2749.2
857.356201,2758.4
857.473938,2760.8
857.591614,2773.4
857.709351,2765.4
857.826965,2748.8
857.944641,2746.6
858.062317,2757.4
858.179993,2770.6
858.297668,2751.8
858.415283,2733.8
858.532959,2733.4
858.650574,2739.0
858.768188,2779.2
858.885803,2760.4
859.003479,2773.0
859.121094,2768.8
859.23877,2747.0
859.356384,2749.4
859.473999,2768.0
859.591675,2739.6
859.709229,2775.6
859.826843,2757.0
859.944458,2725.4
860.062012,2774.8
860.179626,2763.8
860.297302,2748.4
860.414856,2735.6
860.532471,2743.8
860.650024,2738.4
860.767639,2762.2
860.885193,2766.4
861.002808,2725.0
861.120361,2775.6
861.237976,2748.6
861.35553,2785.0
861.473022,2749.6
861.590698,2756.6
861.708191,2720.8
861.825745,2733.2
861.943298,2736.6
862.060852,2761.2
862.178406,2759.4
862.295959,2740.2
862.413513,2757.4
862.531006,2765.4
862.64856,2781.4
862.766113,2756.8
862.883667,2744.6
863.00116,2763.8
863.118713,2755.4
863.236206,2735.4
863.353699,2731.0
863.471252,2714.4
863.588745,2739.2
863.706177,2750.6
863.82373,2729.2
863.941162,2733.4
864.058716,2743.8
864.176208,2748.0
864.29364,2728.2
864.411194,2752.2
864.528687,2728.6
864.646118,2764.8
864.763611,2741.2
864.881042,2741.8
864.998535,2749.4
865.116028,2766.0
865.233459,2725.2
865.350891,2710.8
865.468384,2748.0
865.585754,2753.6
865.703308,2729.0
865.820679,2753.8
865.938171,2718.2
866.055542,2720.2
866.173035,2724.6
866.290466,2735.6
866.407837,2766.0
866.52533,2759.4
866.6427,2758.0
866.760071,2729.4
866.877563,2735.0
866.994934,2744.8
867.112305,2746.6
867.229736,2724.2
867.347107,2753.2
867.464539,2738.2
867.58197,2751.2
867.699341,2755.2
867.81665,2767.0
867.934082,2743.4
868.051453,2746.0
868.168823,2732.8
868.286194,2721.2
868.403564,2744.4
868.520935,2732.8
868.638306,2746.0
868.755676,2718.0
868.872986,2772.0
868.990295,2759.2
869.107727,2770.4
869.225037,2753.6
869.342346,2774.6
869.459717,2769.0
869.577026,2751.4
869.694336,2778.0
869.811707,2750.0
869.929016,2759.8
870.046326,2761.6
870.163635,2756.6
870.280945,2788.0
870.398254,2746.6
870.515564,2755.2
870.632812,2770.2
870.750183,2762.2
870.867432,2759.6
870.984741,2730.6
871.102051,2763.6
871.219299,2762.6
871.336609,2785.4
871.453918,2740.0
871.571106,2767.0
871.688416,2772.6
871.805664,2735.2
871.922852,2780.2
872.040222,2756.0
872.157471,2782.0
872.274719,2774.6
872.391968,2759.2
872.509155,2747.0
872.626465,2766.6
872.743652,2789.2
872.860962,2757.2
872.978149,2780.0
873.095337,2745.6
873.212646,2772.6
873.329834,2736.0
873.44696,2756.0
873.564209,2754.0
873.681396,2772.6
873.798645,2761.6
873.915894,2778.0
874.03302,2765.8
874.150208,2773.4
874.267456,2770.4
874.384583,2725.8
874.501831,2764.8
874.618958,2756.6
874.736145,2764.8
874.853333,2771.4
874.970459,2789.6
875.087646,2770.4
875.204834,2775.0
875.32196,2762.8
875.439148,2755.0
875.556274,2779.0
875.673401,2774.2
875.790527,2787.4
875.907715,2756.4
876.024841,2773.6
876.141968,2801.6
876.259094,2817.8
876.376282,2768.6
876.493347,2775.4
876.610474,2776.4
876.7276,2761.2
876.844727,2803.2
876.961853,2784.8
877.078918,2792.0
877.195984,2787.2
877.313171,2807.8
877.430237,2790.0
877.547302,2796.4
877.664368,2782.0
877.781433,2788.0
877.898499,2818.0
878.015625,2792.8
878.13269,2773.4
878.249695,2800.6
878.366821,2774.6
878.483887,2807.2
878.600952,2777.2
878.717957,2787.8
878.834961,2811.6
878.952087,2795.4
879.069092,2779.8
879.186157,2784.4
879.303162,2732.4
879.420227,2776.6
879.537231,2820.2
879.654236,2757.8
879.77124,2806.8
879.888306,2765.8
880.005249,2794.0
880.122314,2757.0
880.239319,2781.6
880.356323,2759.4
880.473328,2770.4
880.590271,2780.6
880.707275,2764.4
880.824341,2794.4
880.941284,2712.4
881.058228,2759.4
881.175232,2804.6
881.292236,2801.6
881.40918,2801.6
881.526123,2776.2
881.643066,2736.0
881.760071,2797.2
881.877014,2767.2
881.993958,2795.0
882.11084,2777.8
882.227783,2779.4
882.344727,2778.2
882.46167,2783.2
882.578613,2790.8
882.695618,2793.0
882.812439,2773.8
882.929382,2790.2
883.046326,2783.4
883.163208,2807.8
883.280151,2780.8
883.397034,2792.6
883.513916,2789.0
883.630798,2795.8
883.747742,2802.0
883.864563,2796.2
883.981506,2774.0
884.098389,2735.4
884.21521,2807.4
884.332153,2810.2
884.448975,2794.8
884.565796,2767.2
884.682678,2762.2
884.7995,2779.6
884.916443,2782.4
885.033264,2818.6
885.150085,2776.8
885.266968,2812.2
885.383789,2820.6
885.500671,2829.2
885.617493,2824.0
885.734314,2821.2
885.851196,2862.8
885.967896,2831.0
886.084717,2803.6
886.201599,2827.4
886.318359,2847.0
886.435181,2819.2
886.552002,2829.8
886.668762,2823.2
886.785645,2831.6
886.902344,2852.0
887.019165,2825.2
887.135925,2836.6
887.252747,2856.6
887.369446,2818.0
887.486267,2817.8
887.603027,2813.6
887.719788,2833.0
887.836548,2793.4
887.953247,2801.4
888.070068,2806.2
888.186829,2810.0
888.303528,2805.2
888.420288,2812.2
888.536987,2794.6
888.653687,2808.8
888.770447,2820.4
888.887146,2822.0
889.003967,2825.0
889.120667,2782.6
889.237305,2790.4
889.354065,2828.0
889.470703,2812.8
889.587463,2815.4
889.704163,2816.8
889.820862,2795.6
889.937561,2811.2
890.054199,2824.0
890.170837,2834.8
890.287598,2790.8
890.404236,2777.4
890.520874,2809.4
890.637634,2808.8
890.754211,2827.8
890.87085,2813.4
890.987549,2790.2
891.104187,2800.0
891.220886,2794.0
891.337463,2800.8
891.454102,2793.4
891.57074,2798.2
891.687378,2797.0
891.804077,2822.6
891.920654,2808.4
892.037231,2807.0
892.15387,2834.4
892.270447,2809.4
892.387085,2852.8
892.503723,2820.6
892.6203,2802.2
892.736877,2809.8
892.853516,2788.6
892.970032,2810.4
893.08667,2814.4
893.203186,2823.2
893.319763,2819.4
893.43634,2851.2
893.552917,2837.2
893.669556,2840.4
893.786011,2818.8
893.902588,2819.6
894.019165,2831.2
894.135681,2859.0
894.252197,2858.4
894.368835,2874.6
894.485291,2875.0
894.601868,2866.2
894.718384,2862.8
894.8349,2824.0
894.951355,2834.2
895.067932,2833.0
895.184448,2846.8
895.300964,2857.4
895.417419,2839.6
895.533936,2857.2
895.650452,2844.2
895.766907,2849.8
895.883423,2869.8
895.999878,2852.2
896.116333,2852.0
896.232849,2865.8
896.349304,2840.2
896.465759,2874.2
896.582214,2861.8
896.698669,2874.0
896.815125,2857.6
896.931641,2861.0
897.048035,2850.2
897.164551,2856.6
897.280884,2843.4
897.397339,2850.0
897.513794,2862.0
897.630249,2850.0
897.746582,2861.6
897.863098,2857.0
897.979431,2868.2
898.095886,2872.4
898.212341,2880.0
898.328674,2885.2
898.445129,2867.2
898.561462,2864.4
898.677795,2850.2
898.794312,2893.4
898.910645,2841.6
899.026978,2871.4
899.143433,2864.0
899.259766,2878.4
899.37616,2878.4
899.492493,2911.2
899.608765,2881.8
899.725159,2872.2
899.841553,2845.2
899.957947,2883.8
900.07428,2884.2
900.190552,2904.6
900.306946,2891.6
900.423157,2880.0
900.53949,2838.6
900.655884,2891.0
900.772156,2893.2
900.888489,2919.6
901.004822,2862.0
901.121033,2887.4
901.237366,2897.6
901.353699,2901.2
901.46991,2882.2
901.586304,2886.4
901.702515,2887.4
901.818787,2882.2
901.93512,2922.8
902.051331,2902.0
902.167603,2896.4
902.283875,2919.2
902.400085,2869.6
902.516418,2872.4
902.632629,2884.2
902.74884,2923.2
902.865112,2933.0
902.981384,2898.0
903.097595,2928.2
903.213867,2939.4
903.330017,2903.8
903.446289,2938.4
903.5625,2901.0
903.67865,2903.4
903.794922,2955.6
903.911072,2919.6
904.027344,2913.4
904.143494,2914.4
904.259705,2936.6
904.375916,2893.2
904.492065,2911.0
904.608215,2927.6
904.724426,2889.0
904.840576,2870.2
904.956726,2898.4
905.072876,2886.2
905.189087,2902.2
905.305176,2901.6
905.421387,2920.2
905.537537,2947.6
905.653687,2917.8
905.769775,2892.8
905.885925,2906.6
906.002014,2887.6
906.118164,2911.4
906.234314,2918.2
906.350403,2920.6
906.466492,2904.4
906.582642,2902.0
906.69873,2889.2
906.814758,2930.6
906.930908,2906.2
907.046936,2889.0
907.163086,2898.8
907.279175,2925.2
907.395264,2886.0
907.511353,2891.8
907.62738,2926.6
907.743408,2912.2
907.859497,2912.2
907.975525,2946.6
908.091553,2923.2
908.207703,2884.0
908.32373,2920.8
908.439758,2933.0
908.555786,2940.0
908.671814,2938.8
908.787842,2927.0
908.90387,2938.0
909.019775,2891.0
909.135864,2909.4
909.251892,2910.0
909.367859,2948.2
909.483826,2924.8
909.599854,2939.0
909.715881,2930.2
909.831848,2919.6
909.947815,2934.6
910.063782,2915.0
910.179749,2929.6
910.295776,2918.2
910.411743,2918.0
910.527649,2923.4
910.643616,2948.4
910.759583,2953.8
910.875488,2947.8
910.991455,2923.2
911.107361,2931.6
911.223267,2956.0
911.339294,2924.8
911.4552,2916.6
911.571106,2946.6
911.687073,2964.0
911.802979,2904.2
911.918823,2929.4
912.034729,2907.8
912.150635,2921.6
912.266602,2953.6
912.382446,2891.8
912.498352,2878.4
912.614197,2901.8
912.730103,2891.0
912.846008,2907.2
792.44574,3817.4
792.56488,3778.0
792.68396,3832.2
792.80304,3772.8
792.92218,3708.8
793.041199,3677.2
793.160339,3699.2
793.279419,3672.4
793.398499,3641.2
793.517578,3656.0
793.636658,3545.6
793.755737,3575.6
793.874817,3558.0
793.993896,3543.8
794.112976,3526.4
794.232056,3521.2
794.351074,3491.4
794.470215,3487.0
794.589233,3485.2
794.708313,3437.6
794.827393,3467.8
794.946411,3416.0
795.065552,3447.0
795.18457,3432.4
795.303589,3440.0
795.422668,3398.6
795.541687,3397.4
795.660767,3402.6
795.779846,3397.2
795.898865,3357.6
796.017883,3374.2
796.136963,3365.6
796.255981,3320.4
796.375061,3324.2
796.49408,3317.6
796.613037,3350.4
796.732117,3331.2
796.851135,3315.6
796.970154,3294.8
797.089233,3297.2
797.208191,3299.6
797.327271,3274.0
797.446228,3271.0
797.565186,3270.6
797.684265,3296.4
797.803223,3267.4
797.922241,3244.8
798.04126,3246.4
798.160278,3257.8
798.279297,3230.4
798.398315,3251.2
798.517273,3217.0
798.636292,3232.6
798.75531,3233.8
798.874268,3234.8
798.993286,3242.4
799.112244,3204.8
799.231323,3221.6
799.350281,3222.4
799.469238,3215.0
799.588257,3206.0
799.707153,3216.4
799.826111,3220.0
799.945129,3193.0
800.064087,3238.8
800.183044,3193.6
800.302063,3247.4
800.421021,3215.2
800.539978,3182.2
800.658936,3205.8
800.777893,3215.8
800.896912,3200.0
801.015747,3185.4
801.134705,3164.2
801.253723,3168.8
801.37262,3214.2
801.491638,3187.4
801.610535,3190.4
801.729492,3203.6
801.84845,3186.2
801.967407,3199.2
802.086243,3194.0
802.205261,3206.0
802.324158,3195.2
802.443115,3197.4
802.562073,3195.6
802.680969,3195.4
802.799927,3220.6
802.918762,3186.4
803.037659,3184.8
803.156677,3193.4
803.275574,3199.8
803.39447,3203.4
803.513428,3182.2
803.632263,3214.6
803.751221,3188.6
803.870117,3205.6
803.989014,3212.0
804.107971,3226.0
804.226746,3219.8
804.345642,3195.2
804.4646,3205.0
804.583496,3194.2
804.702393,3171.2
804.821228,3176.2
804.940125,3200.8
805.059021,3164.8
805.177917,3191.0
805.296814,3191.6
805.415649,3203.0
805.534546,3169.6
805.653442,3184.2
805.772278,3222.4
805.891113,3215.4
806.01001,3200.8
806.128906,3192.4
806.247742,3194.0
806.366577,3169.8
806.485413,3207.2
806.604309,3162.4
806.723145,3197.2
806.84198,3216.2
806.960876,3168.4
807.079712,3210.6
807.198486,3229.2
807.317383,3174.8
807.436218,3189.0
807.554993,3162.0
807.673889,3188.6
807.792725,3200.4
807.91156,3196.6
808.030396,3166.6
808.14917,3192.2
808.268005,3189.2
808.386841,3192.8
808.505676,3173.0
808.624451,3180.2
808.743286,3185.8
808.862122,3209.8
808.980896,3178.6
809.099731,3179.4
809.218506,3186.6
809.337341,3182.2
809.456116,3180.6
809.57489,3216.2
809.693726,3211.8
809.8125,3188.6
809.931274,3184.8
810.050049,3203.6
810.168884,3181.6
810.287659,3166.2
810.406372,3208.8
810.525269,3197.2
810.643982,3172.4
810.762756,3168.6
810.881531,3169.8
811.000305,3188.0
811.11908,3160.2
811.237854,3177.6
811.356567,3169.2
811.475403,3182.2
811.594116,3169.4
811.71283,3189.4
811.831604,3188.2
811.950378,3173.0
812.069153,3174.2
812.187927,3174.8
812.30658,3198.4
812.425415,3128.6
812.544128,3185.8
812.662781,3163.6
812.781616,3184.4
812.900269,3150.4
813.019043,3147.6
813.137756,3177.4
813.256531,3153.6
813.375244,3176.2
813.493896,3131.6
813.612671,3151.8
813.731384,3153.8
813.850037,3149.2
813.96875,3140.4
814.087524,3136.6
814.206238,3105.4
814.324951,3123.8
814.443604,3109.4
814.562256,3137.0
814.68103,3104.8
814.799683,3109.0
814.918335,3113.4
815.037109,3107.8
815.155762,3102.4
815.274475,3073.0
815.393188,3084.4
815.511841,3116.8
815.630554,3082.4
815.749146,3061.6
815.867859,3077.0
815.986572,3090.0
816.105164,3087.6
816.223877,3078.6
816.342529,3095.6
816.461182,3118.4
816.579895,3093.8
816.698486,3092.6
816.817139,3101.4
816.935791,3091.6
817.054504,3103.8
817.173096,3080.4
817.291748,3074.8
817.4104,3088.0
817.529053,3014.8
817.647644,3025.2
817.766235,2990.4
817.884949,3011.6
818.00354,2990.2
818.122192,2991.8
818.240845,2978.8
818.359436,2940.6
818.478088,2985.6
818.59668,2944.6
818.715271,2941.8
818.833923,2942.0
818.952515,2919.2
819.071106,2901.0
819.189758,2903.6
819.30835,2882.2
819.426941,2920.6
819.545532,2890.4
819.664124,2881.6
819.782715,2896.8
819.901306,2893.2
820.019897,2875.2
820.138489,2925.2
820.25708,2896.6
820.375671,2885.8
820.494202,2867.2
820.612732,2844.8
820.731384,2853.4
820.849915,2850.2
820.968506,2847.8
821.087097,2833.8
821.205627,2854.8
821.324158,2835.6
821.442749,2874.6
821.561279,2847.0
821.679871,2825.0
821.798401,2850.0
821.916931,2838.2
822.035461,2827.2
822.154053,2840.0
822.272583,2816.6
822.391174,2841.4
822.509583,2820.0
822.628174,2864.8
822.746704,2807.4
822.865234,2812.2
822.983765,2819.8
823.102295,2828.6
823.220825,2794.0
823.339294,2815.2
823.457825,2794.6
823.576355,2821.4
823.694824,2817.4
823.813354,2798.2
823.931885,2805.0
824.050354,2823.2
824.168884,2841.2
824.287354,2833.6
824.405823,2768.0
824.524353,2823.4
824.642822,2820.6
824.761353,2801.2
824.879822,2791.6
824.998291,2783.8
825.116699,2790.4
825.235291,2793.2
825.353699,2803.8
825.472168,2781.0
825.590637,2764.2
825.709106,2796.0
825.827576,2771.8
825.946045,2747.8
826.064453,2764.8
826.182983,2742.4
826.301392,2760.6
826.4198,2741.0
826.53833,2771.8
826.656738,2743.4
826.775208,2743.8
826.893677,2756.6
827.012024,2734.4
827.130493,2736.6
827.248962,2739.2
827.36731,2736.8
827.485779,2760.2
827.604248,2754.8
827.722595,2761.2
827.841064,2736.2
827.959412,2733.0
828.077942,2725.4
828.196289,2745.6
828.314636,2722.8
828.433105,2742.4
828.551514,2725.6
828.669861,2701.0
828.78833,2741.6
828.906677,2714.0
829.025085,2722.2
829.143433,2739.0
829.261841,2695.8
829.38031,2688.4
829.498657,2724.6
829.617004,2706.8
829.735413,2721.8
829.85376,2685.2
829.972107,2718.8
830.090515,2690.2
830.208862,2706.8
830.327209,2704.6
830.445557,2686.0
830.563904,2724.6
830.682312,2715.4
830.800659,2692.6
830.919006,2710.0
831.037354,2689.0
831.155701,2706.4
831.274048,2736.6
831.392395,2699.6
831.51062,2712.0
831.629028,2714.4
831.747314,2670.6
831.865662,2686.4
831.984009,2686.0
832.102356,2695.0
832.220642,2687.0
832.338928,2707.4
832.457275,2690.8
832.575623,2699.6
832.693909,2679.8
832.812134,2678.2
832.930481,2691.8
833.048828,2674.6
833.167114,2702.2
833.2854,2687.8
833.403687,2689.8
833.521973,2707.8
833.640259,2682.6
833.758545,2670.2
833.876831,2655.8
833.995056,2694.2
834.113281,2673.8
834.231628,2701.4
834.349915,2650.4
834.468201,2712.6
834.586426,2684.2
834.704651,2713.2
834.822998,2673.6
834.941162,2698.4
835.059448,2678.4
835.177673,2701.0
835.295959,2673.4
835.414246,2710.6
835.53241,2688.4
835.650635,2645.8
835.768921,2699.6
835.887146,2710.6
836.005371,2697.6
836.123596,2662.6
836.241821,2713.2
836.360046,2712.8
836.478271,2706.2
836.596497,2713.8
836.714722,2712.6
836.832886,2691.8
836.95105,2684.6
837.069336,2706.6
837.1875,2702.2
837.305725,2697.2
837.423889,2712.8
837.542053,2714.8
837.660339,2681.8
837.778503,2744.2
837.896667,2686.4
838.014832,2714.6
838.132996,2708.0
838.25116,2722.4
838.369385,2713.4
838.487488,2726.0
838.605713,2694.4
838.723877,2702.0
838.84198,2665.6
838.960205,2692.6
839.078308,2694.6
839.196472,2660.4
839.314636,2685.6
839.4328,2701.0
839.550964,2705.2
839.669067,2656.4
839.787231,2675.4
839.905396,2677.0
840.023499,2699.4
840.141602,2672.8
840.259766,2673.0
840.377869,2671.0
840.495972,2667.4
840.614136,2673.0
840.732239,2659.8
840.850342,2665.6
840.968445,2672.2
841.086548,2664.8
841.204651,2684.2
841.322754,2692.0
841.440918,2692.8
841.55896,2699.0
841.677002,2672.8
841.795166,2673.0
841.913208,2661.8
842.031311,2688.2
842.149353,2666.4
842.267456,2659.2
842.385498,2658.8
842.503601,2656.2
842.621643,2675.8
842.739746,2649.2
842.857788,2662.6
842.97583,2637.0
843.093933,2644.2
843.211975,2659.6
843.330017,2655.0
843.44812,2677.0
843.566101,2638.2
843.684204,2650.0
843.802246,2641.8
843.920227,2644.6
844.038269,2666.8
844.156311,2651.6
844.274292,2641.8
844.392395,2693.4
844.510376,2678.0
844.628357,2642.0
844.74646,2628.4
844.864441,2629.0
844.982422,2658.0
845.100403,2662.0
845.218384,2611.6
845.336426,2640.8
845.454468,2658.2
845.572449,2641.4
845.69043,2652.0
845.808411,2667.4
845.926453,2639.8
846.044373,2644.0
846.162354,2626.6
846.280396,2648.4
846.398315,2658.8
846.516296,2656.8
846.634216,2655.8
846.752197,2636.0
846.870178,2647.0
846.988098,2658.2
847.106079,2652.0
847.22406,2657.0
847.34198,2658.0
847.4599,2666.2
847.577881,2631.6
847.695801,2636.6
847.813782,2647.6
847.931641,2651.0
848.049561,2648.6
848.167603,2645.6
848.285461,2657.0
848.403381,2656.4
848.521362,2670.6
848.639221,2667.8
848.75708,2674.0
848.875,2630.4
848.99292,2647.2
849.110901,2643.0
849.22876,2662.4
849.34668,2655.2
849.464539,2666.4
849.582458,2650.6
849.700317,2646.2
849.818176,2674.8
849.936096,2668.2
850.053955,2650.4
850.171875,2651.4
850.289673,2665.6
850.407593,2650.4
850.525452,2709.4
850.643311,2673.6
850.761169,2665.0
850.878967,2675.2
850.996887,2718.0
851.114746,2655.2
851.232544,2687.8
851.350403,2700.0
851.468262,2688.0
851.58606,2697.4
851.703979,2712.6
851.821777,2697.6
851.939636,2716.4
852.057434,2731.4
852.175232,2720.2
852.293091,2713.2
852.410889,2730.6
852.528687,2712.4
852.646545,2726.8
852.764343,2702.4
852.88208,2715.8
852.999939,2710.8
853.117676,2735.4
853.235535,2698.2
853.353271,2663.0
853.471069,2675.8
853.588928,2668.8
853.706604,2678.6
853.824402,2691.8
853.9422,2666.0
854.059998,2663.0
854.177734,2662.8
854.295532,2662.4
854.413269,2649.4
854.531006,2678.8
854.648804,2660.2
854.766541,2679.4
854.884277,2658.6
855.002014,2673.2
855.119751,2668.2
855.237549,2687.6
855.355225,2704.2
855.473022,2694.6
855.590698,2677.8
855.708435,2689.0
855.826172,2668.4
855.943848,2709.0
856.061646,2692.8
856.179321,2678.0
856.296997,2664.2
856.414795,2709.2
856.53241,2681.0
856.650085,2678.4
856.767822,2692.4
856.885559,2701.8
857.003174,2671.6
857.120911,2679.2
857.238586,2629.0
857.356201,2697.0
857.473938,2646.6
857.591614,2665.8
857.709351,2672.2
857.826965,2658.6
857.944641,2666.4
858.062317,2651.4
858.179993,2669.4
858.297668,2637.2
858.415283,2656.4
858.532959,2655.6
858.650574,2669.8
858.768188,2669.8
858.885803,2692.8
859.003479,2671.8
859.121094,2639.6
859.23877,2663.4
859.356384,2652.0
859.473999,2669.0
859.591675,2670.6
859.709229,2667.0
859.826843,2617.0
859.944458,2631.0
860.062012,2656.0
860.179626,2632.6
860.297302,2648.0
860.414856,2652.6
860.532471,2654.0
860.650024,2640.8
860.767639,2665.8
860.885193,2646.2
861.002808,2654.0
861.120361,2680.6
861.237976,2637.8
861.35553,2676.8
861.473022,2665.6
861.590698,2641.0
861.708191,2680.4
861.825745,2665.8
861.943298,2646.6
862.060852,2672.0
862.178406,2668.8
862.295959,2657.0
862.413513,2659.8
862.531006,2679.2
862.64856,2675.8
862.766113,2659.8
862.883667,2656.2
863.00116,2681.8
863.118713,2655.2
863.236206,2669.6
863.353699,2648.2
863.471252,2683.4
863.588745,2646.0
863.706177,2660.0
863.82373,2639.2
863.941162,2655.2
864.058716,2648.0
864.176208,2652.8
864.29364,2669.2
864.411194,2658.4
864.528687,2648.0
864.646118,2684.0
864.763611,2630.4
864.881042,2669.0
864.998535,2673.0
865.116028,2662.6
865.233459,2656.2
865.350891,2659.4
865.468384,2667.0
865.585754,2688.2
865.703308,2676.8
865.820679,2658.4
865.938171,2661.0
866.055542,2655.6
866.173035,2645.8
866.290466,2663.0
866.407837,2637.0
866.52533,2682.4
866.6427,2682.8
866.760071,2647.0
866.877563,2662.8
866.994934,2649.4
867.112305,2647.2
867.229736,2653.4
867.347107,2673.8
867.464539,2629.4
867.58197,2663.2
867.699341,2681.2
867.81665,2677.2
867.934082,2666.2
868.051453,2633.8
868.168823,2680.2
868.286194,2668.4
868.403564,2668.0
868.520935,2649.6
868.638306,2633.8
868.755676,2654.0
868.872986,2670.8
868.990295,2681.8
869.107727,2664.4
869.225037,2684.6
869.342346,2684.8
869.459717,2670.8
869.577026,2654.0
869.694336,2681.0
869.811707,2659.6
869.929016,2665.0
870.046326,2681.4
870.163635,2680.6
870.280945,2668.2
870.398254,2655.0
870.515564,2661.0
870.632812,2672.0
870.750183,2678.4
870.867432,2689.6
870.984741,2662.8
871.102051,2653.0
871.219299,2690.2
871.336609,2680.2
871.453918,2672.4
871.571106,2682.8
871.688416,2704.4
871.805664,2654.8
871.922852,2714.0
872.040222,2653.0
872.157471,2690.8
872.274719,2685.0
872.391968,2695.0
872.509155,2687.8
872.626465,2664.6
872.743652,2700.0
872.860962,2671.4
872.978149,2654.6
873.095337,2671.8
873.212646,2695.8
873.329834,2651.6
873.44696,2679.6
873.564209,2688.2
873.681396,2698.2
873.798645,2685.0
873.915894,2672.4
874.03302,2683.8
874.150208,2690.0
874.267456,2670.0
874.384583,2663.6
874.501831,2675.0
874.618958,2695.4
874.736145,2691.8
874.853333,2687.4
874.970459,2685.4
875.087646,2673.6
875.204834,2681.0
875.32196,2676.6
875.439148,2700.2
875.556274,2694.4
875.673401,2709.4
875.790527,2687.0
875.907715,2725.0
876.024841,2682.2
876.141968,2706.4
876.259094,2690.8
876.376282,2703.4
876.493347,2712.8
876.610474,2711.2
876.7276,2703.6
876.844727,2703.2
876.961853,2702.0
877.078918,2686.6
877.195984,2711.2
877.313171,2715.0
877.430237,2728.6
877.547302,2747.2
877.664368,2696.8
877.781433,2724.4
877.898499,2702.6
878.015625,2732.0
878.13269,2692.0
878.249695,2718.2
878.366821,2730.8
878.483887,2733.8
878.600952,2707.0
878.717957,2697.4
878.834961,2722.2
878.952087,2733.6
879.069092,2724.4
879.186157,2728.8
879.303162,2701.8
879.420227,2700.6
879.537231,2714.4
879.654236,2703.4
879.77124,2685.0
879.888306,2679.8
880.005249,2725.8
880.122314,2668.2
880.239319,2701.8
880.356323,2712.8
880.473328,2692.0
880.590271,2688.8
880.707275,2716.4
880.824341,2711.0
880.941284,2707.6
881.058228,2716.4
881.175232,2712.0
881.292236,2711.0
881.40918,2680.0
881.526123,2723.2
881.643066,2720.4
881.760071,2742.2
881.877014,2712.2
881.993958,2695.6
882.11084,2708.6
882.227783,2737.2
882.344727,2718.6
882.46167,2717.8
882.578613,2710.8
882.695618,2731.8
882.812439,2702.8
882.929382,2724.0
883.046326,2746.6
883.163208,2727.8
883.280151,2750.2
883.397034,2744.4
883.513916,2719.6
883.630798,2754.6
883.747742,2732.4
883.864563,2723.2
883.981506,2750.8
884.098389,2701.0
884.21521,2742.6
884.332153,2724.0
884.448975,2736.0
884.565796,2743.6
884.682678,2734.2
884.7995,2732.0
884.916443,2724.0
885.033264,2742.0
885.150085,2736.4
885.266968,2757.6
885.383789,2733.2
885.500671,2746.0
885.617493,2774.8
885.734314,2742.0
885.851196,2755.4
885.967896,2738.2
886.084717,2748.0
886.201599,2760.6
886.318359,2726.4
886.435181,2752.0
886.552002,2748.6
886.668762,2757.2
886.785645,2765.4
886.902344,2791.4
887.019165,2749.2
887.135925,2752.2
887.252747,2771.2
887.369446,2796.0
887.486267,2754.6
887.603027,2735.4
887.719788,2750.6
887.836548,2761.8
887.953247,2761.0
888.070068,2752.8
888.186829,2758.6
888.303528,2758.0
888.420288,2749.4
888.536987,2737.8
888.653687,2740.6
888.770447,2781.2
888.887146,2775.6
889.003967,2760.4
889.120667,2746.8
889.237305,2757.8
889.354065,2751.0
889.470703,2783.4
889.587463,2738.4
889.704163,2769.0
889.820862,2745.2
889.937561,2780.2
890.054199,2759.2
890.170837,2754.0
890.287598,2770.8
890.404236,2741.2
890.520874,2756.8
890.637634,2775.4
890.754211,2761.2
890.87085,2767.2
890.987549,2752.4
891.104187,2767.0
891.220886,2759.2
891.337463,2749.0
891.454102,2768.6
891.57074,2790.0
891.687378,2733.4
891.804077,2771.8
891.920654,2743.6
892.037231,2764.6
892.15387,2783.6
892.270447,2760.2
892.387085,2798.0
892.503723,2796.0
892.6203,2791.2
892.736877,2772.2
892.853516,2792.8
892.970032,2798.6
893.08667,2754.0
893.203186,2783.0
893.319763,2781.4
893.43634,2763.2
893.552917,2759.6
893.669556,2782.6
893.786011,2784.2
893.902588,2767.0
894.019165,2816.2
894.135681,2797.6
894.252197,2792.4
894.368835,2802.8
894.485291,2803.8
894.601868,2798.4
894.718384,2814.2
894.8349,2792.4
894.951355,2782.4
895.067932,2816.4
895.184448,2790.2
895.300964,2818.6
895.417419,2798.6
895.533936,2795.8
895.650452,2794.8
895.766907,2827.8
895.883423,2814.2
895.999878,2813.4
896.116333,2799.6
896.232849,2831.6
896.349304,2770.6
896.465759,2816.8
896.582214,2810.6
896.698669,2814.2
896.815125,2804.2
896.931641,2809.8
897.048035,2804.8
897.164551,2777.6
897.280884,2829.6
897.397339,2796.6
897.513794,2819.0
897.630249,2819.2
897.746582,2819.0
897.863098,2810.6
897.979431,2817.6
898.095886,2823.4
898.212341,2825.2
898.328674,2842.6
898.445129,2826.2
898.561462,2816.8
898.677795,2804.2
898.794312,2803.2
898.910645,2821.4
899.026978,2821.0
899.143433,2806.6
899.259766,2810.0
899.37616,2817.0
899.492493,2827.2
899.608765,2818.2
899.725159,2839.6
899.841553,2823.0
899.957947,2866.4
900.07428,2831.2
900.190552,2841.0
900.306946,2813.8
900.423157,2868.6
900.53949,2830.2
900.655884,2863.8
900.772156,2835.6
900.888489,2864.6
901.004822,2874.6
901.121033,2822.4
901.237366,2809.2
901.353699,2821.8
901.46991,2838.8
901.586304,2833.6
901.702515,2811.8
901.818787,2828.8
901.93512,2845.0
902.051331,2857.0
902.167603,2829.8
902.283875,2871.4
902.400085,2836.4
902.516418,2841.0
902.632629,2831.0
902.74884,2847.2
902.865112,2873.4
902.981384,2822.6
903.097595,2862.4
903.213867,2862.4
903.330017,2852.4
903.446289,2862.0
903.5625,2872.4
903.67865,2855.8
903.794922,2875.0
903.911072,2843.0
904.027344,2842.2
904.143494,2863.4
904.259705,2889.4
904.375916,2871.2
904.492065,2897.2
904.608215,2857.6
904.724426,2830.4
904.840576,2845.6
904.956726,2849.4
905.072876,2883.2
905.189087,2853.0
905.305176,2872.4
905.421387,2879.8
905.537537,2865.6
905.653687,2851.2
905.769775,2834.4
905.885925,2886.0
906.002014,2850.8
906.118164,2856.2
906.234314,2861.0
906.350403,2880.4
906.466492,2887.0
906.582642,2858.0
906.69873,2868.8
906.814758,2861.6
906.930908,2893.2
907.046936,2852.6
907.163086,2895.2
907.279175,2885.2
907.395264,2880.0
907.511353,2854.2
907.62738,2898.2
907.743408,2868.0
907.859497,2901.4
907.975525,2896.6
908.091553,2886.2
908.207703,2846.6
908.32373,2871.8
908.439758,2864.2
908.555786,2923.6
908.671814,2872.4
908.787842,2886.8
908.90387,2885.2
909.019775,2906.2
909.135864,2865.0
909.251892,2886.2
909.367859,2880.2
909.483826,2903.8
909.599854,2882.6
909.715881,2907.4
909.831848,2912.6
909.947815,2877.4
910.063782,2892.0
910.179749,2905.8
910.295776,2874.4
910.411743,2905.0
910.527649,2881.2
910.643616,2895.6
910.759583,2910.4
910.875488,2901.6
910.991455,2879.2
911.107361,2906.6
911.223267,2880.0
911.339294,2929.8
911.4552,2883.4
911.571106,2886.8
911.687073,2915.0
911.802979,2897.4
911.918823,2880.6
912.034729,2909.2
912.150635,2875.2
912.266602,2854.0
912.382446,2886.6
912.498352,2865.2
912.614197,2839.8
912.730103,2853.8
912.846008,2892.0
792.44574,3930.4
792.56488,3870.0
792.68396,3914.0
792.80304,3840.4
792.92218,3824.8
793.041199,3772.4
793.160339,3782.0
793.279419,3785.2
793.398499,3718.8
793.517578,3715.6
793.636658,3664.2
793.755737,3672.8
793.874817,3663.2
793.993896,3630.8
794.112976,3633.2
794.232056,3626.6
794.351074,3602.6
794.470215,3568.6
794.589233,3545.4
794.708313,3541.4
794.827393,3571.0
794.946411,3525.6
795.065552,3532.0
795.18457,3477.2
795.303589,3521.8
795.422668,3490.8
795.541687,3526.6
795.660767,3517.6
795.779846,3444.0
795.898865,3457.6
796.017883,3468.0
796.136963,3428.8
796.255981,3445.6
796.375061,3406.4
796.49408,3429.6
796.613037,3442.4
796.732117,3421.8
796.851135,3399.6
796.970154,3402.8
797.089233,3392.8
797.208191,3377.8
797.327271,3382.4
797.446228,3350.2
797.565186,3368.4
797.684265,3377.0
797.803223,3381.2
797.922241,3346.6
798.04126,3361.4
798.160278,3344.6
798.279297,3350.0
798.398315,3336.6
798.517273,3341.8
798.636292,3363.4
798.75531,3364.2
798.874268,3343.6
798.993286,3335.2
799.112244,3329.4
799.231323,3334.8
799.350281,3327.6
799.469238,3348.8
799.588257,3335.6
799.707153,3309.6
799.826111,3349.2
799.945129,3319.8
800.064087,3327.6
800.183044,3324.2
800.302063,3330.6
800.421021,3339.2
800.539978,3335.0
800.658936,3298.8
800.777893,3371.6
800.896912,3323.2
801.015747,3312.6
801.134705,3337.6
801.253723,3333.2
801.37262,3333.0
801.491638,3330.2
801.610535,3312.8
801.729492,3329.8
801.84845,3339.6
801.967407,3344.0
802.086243,3347.2
802.205261,3345.0
802.324158,3319.2
802.443115,3350.2
802.562073,3352.0
802.680969,3356.0
802.799927,3351.2
802.918762,3354.4
803.037659,3334.0
803.156677,3345.4
803.275574,3339.0
803.39447,3330.8
803.513428,3308.2
803.632263,3346.0
803.751221,3344.4
803.870117,3366.4
803.989014,3338.2
804.107971,3370.0
804.226746,3355.0
804.345642,3348.6
804.4646,3345.6
804.583496,3374.8
804.702393,3365.0
804.821228,3337.6
804.940125,3349.4
805.059021,3382.4
805.177917,3359.8
805.296814,3373.2
805.415649,3407.2
805.534546,3376.8
805.653442,3395.2
805.772278,3421.2
805.891113,3395.6
806.01001,3390.2
806.128906,3372.2
806.247742,3380.6
806.366577,3379.6
806.485413,3391.2
806.604309,3376.4
806.723145,3381.6
806.84198,3404.6
806.960876,3373.2
807.079712,3373.8
807.198486,3366.4
807.317383,3395.8
807.436218,3349.2
807.554993,3385.4
807.673889,3378.6
807.792725,3373.8
807.91156,3365.2
808.030396,3374.8
808.14917,3369.6
808.268005,3399.6
808.386841,3404.2
808.505676,3366.0
808.624451,3394.8
808.743286,3384.8
808.862122,3367.4
808.980896,3369.8
809.099731,3367.6
809.218506,3403.4
809.337341,3402.2
809.456116,3370.8
809.57489,3409.6
809.693726,3393.4
809.8125,3397.4
809.931274,3377.4
810.050049,3377.6
810.168884,3377.6
810.287659,3414.8
810.406372,3410.2
810.525269,3386.2
810.643982,3399.2
810.762756,3375.2
810.881531,3379.4
811.000305,3371.4
811.11908,3375.0
811.237854,3366.6
811.356567,3390.0
811.475403,3373.4
811.594116,3368.2
811.71283,3399.0
811.831604,3392.4
811.950378,3402.2
812.069153,3393.2
812.187927,3407.4
812.30658,3421.4
812.425415,3357.2
812.544128,3386.8
812.662781,3373.2
812.781616,3373.2
812.900269,3387.8
813.019043,3358.2
813.137756,3349.2
813.256531,3374.8
813.375244,3384.8
813.493896,3363.8
813.612671,3380.4
813.731384,3363.0
813.850037,3344.8
813.96875,3374.6
814.087524,3354.8
814.206238,3324.4
814.324951,3326.8
814.443604,3319.0
814.562256,3337.0
814.68103,3334.2
814.799683,3321.2
814.918335,3315.8
815.037109,3319.4
815.155762,3322.0
815.274475,3292.6
815.393188,3282.0
815.511841,3296.0
815.630554,3234.2
815.749146,3274.0
815.867859,3228.8
815.986572,3258.4
816.105164,3264.4
816.223877,3267.0
816.342529,3242.6
816.461182,3271.0
816.579895,3273.8
816.698486,3292.2
816.817139,3285.2
816.935791,3310.0
817.054504,3280.2
817.173096,3232.4
817.291748,3247.4
817.4104,3269.6
817.529053,3195.2
817.647644,3221.0
817.766235,3137.4
817.884949,3177.6
818.00354,3127.4
818.122192,3106.6
818.240845,3080.0
818.359436,3058.4
818.478088,3078.2
818.59668,3017.8
818.715271,3018.8
818.833923,3002.8
818.952515,2989.2
819.071106,2983.8
819.189758,3019.2
819.30835,2984.8
819.426941,2954.8
819.545532,2954.4
819.664124,2953.6
819.782715,2942.2
819.901306,2926.6
820.019897,2952.8
820.138489,2937.6
820.25708,2931.6
820.375671,2904.2
820.494202,2933.6
820.612732,2930.6
820.731384,2923.0
820.849915,2894.0
820.968506,2897.8
821.087097,2907.4
821.205627,2881.8
821.324158,2876.2
821.442749,2907.8
821.561279,2897.0
821.679871,2857.4
821.798401,2859.6
821.916931,2878.4
822.035461,2876.6
822.154053,2887.4
822.272583,2829.2
822.391174,2859.2
822.509583,2863.6
822.628174,2861.6
822.746704,2835.6
822.865234,2861.0
822.983765,2892.0
823.102295,2864.2
823.220825,2823.2
823.339294,2852.6
823.457825,2863.4
823.576355,2846.2
823.694824,2838.8
823.813354,2832.4
823.931885,2857.6
824.050354,2890.4
824.168884,2851.6
824.287354,2868.2
824.405823,2842.2
824.524353,2858.6
824.642822,2872.4
824.761353,2841.8
824.879822,2862.2
824.998291,2824.0
825.116699,2804.2
825.235291,2832.8
825.353699,2801.4
825.472168,2807.4
825.590637,2810.0
825.709106,2827.8
825.827576,2780.4
825.946045,2784.2
826.064453,2814.6
826.182983,2801.6
826.301392,2789.4
826.4198,2805.0
826.53833,2788.2
826.656738,2791.8
826.775208,2778.2
826.893677,2802.2
827.012024,2766.6
827.130493,2785.6
827.248962,2785.4
827.36731,2760.0
827.485779,2781.2
827.604248,2783.2
827.722595,2765.6
827.841064,2789.4
827.959412,2758.0
828.077942,2757.2
828.196289,2744.6
828.314636,2750.2
828.433105,2729.4
828.551514,2734.4
828.669861,2733.8
828.78833,2729.4
828.906677,2732.0
829.025085,2747.4
829.143433,2740.0
829.261841,2751.2
829.38031,2751.0
829.498657,2714.4
829.617004,2730.2
829.735413,2746.2
829.85376,2707.6
829.972107,2732.8
830.090515,2702.8
830.208862,2747.6
830.327209,2702.0
830.445557,2725.6
830.563904,2741.8
830.682312,2726.0
830.800659,2719.0
830.919006,2752.0
831.037354,2722.4
831.155701,2733.2
831.274048,2728.8
831.392395,2748.4
831.51062,2753.4
831.629028,2702.4
831.747314,2717.8
831.865662,2703.0
831.984009,2719.0
832.102356,2741.2
832.220642,2719.6
832.338928,2747.6
832.457275,2725.4
832.575623,2703.6
832.693909,2713.4
832.812134,2740.6
832.930481,2715.8
833.048828,2704.6
833.167114,2719.4
833.2854,2720.0
833.403687,2684.6
833.521973,2716.2
833.640259,2699.0
833.758545,2716.6
833.876831,2692.4
833.995056,2713.0
834.113281,2687.4
834.231628,2702.6
834.349915,2689.8
834.468201,2735.0
834.586426,2723.2
834.704651,2723.0
834.822998,2707.8
834.941162,2707.2
835.059448,2698.4
835.177673,2727.8
835.295959,2674.6
835.414246,2686.6
835.53241,2718.2
835.650635,2736.0
835.768921,2696.4
835.887146,2735.0
836.005371,2745.2
836.123596,2735.8
836.241821,2720.6
836.360046,2737.8
836.478271,2725.6
836.596497,2739.6
836.714722,2745.0
836.832886,2741.4
836.95105,2747.4
837.069336,2749.6
837.1875,2751.8
837.305725,2723.4
837.423889,2750.8
837.542053,2750.4
837.660339,2752.4
837.778503,2747.0
837.896667,2722.6
838.014832,2755.6
838.132996,2731.0
838.25116,2747.0
838.369385,2740.2
838.487488,2748.4
838.605713,2729.2
838.723877,2741.4
838.84198,2746.4
838.960205,2751.2
839.078308,2719.2
839.196472,2737.4
839.314636,2729.4
839.4328,2739.2
839.550964,2739.0
839.669067,2716.6
839.787231,2734.8
839.905396,2728.0
840.023499,2744.4
840.141602,2753.8
840.259766,2678.8
840.377869,2732.0
840.495972,2726.8
840.614136,2704.0
840.732239,2727.2
840.850342,2678.4
840.968445,2689.2
841.086548,2699.6
841.204651,2708.0
841.322754,2692.2
841.440918,2699.0
841.55896,2728.8
841.677002,2703.6
841.795166,2691.8
841.913208,2679.2
842.031311,2714.8
842.149353,2710.4
842.267456,2664.8
842.385498,2713.6
842.503601,2698.2
842.621643,2671.0
842.739746,2683.4
842.857788,2673.4
842.97583,2671.2
843.093933,2680.0
843.211975,2711.6
843.330017,2663.4
843.44812,2716.8
843.566101,2685.4
843.684204,2673.6
843.802246,2655.4
843.920227,2682.4
844.038269,2704.4
844.156311,2682.6
844.274292,2650.0
844.392395,2655.0
844.510376,2677.8
844.628357,2655.2
844.74646,2667.8
844.864441,2643.6
844.982422,2651.2
845.100403,2690.2
845.218384,2647.0
845.336426,2640.4
845.454468,2659.0
845.572449,2679.0
845.69043,2676.6
845.808411,2656.0
845.926453,2657.6
846.044373,2664.8
846.162354,2645.0
846.280396,2663.0
846.398315,2649.2
846.516296,2655.4
846.634216,2648.6
846.752197,2669.6
846.870178,2648.0
846.988098,2658.2
847.106079,2667.8
847.22406,2633.4
847.34198,2631.0
847.4599,2663.2
847.577881,2662.4
847.695801,2693.2
847.813782,2659.2
847.931641,2659.6
848.049561,2664.0
848.167603,2632.6
848.285461,2630.6
848.403381,2653.0
848.521362,2654.8
848.639221,2672.8
848.75708,2678.4
848.875,2666.6
848.99292,2654.2
849.110901,2663.8
849.22876,2670.6
849.34668,2677.6
849.464539,2639.0
849.582458,2647.8
849.700317,2665.6
849.818176,2635.8
849.936096,2674.0
850.053955,2700.2
850.171875,2668.0
850.289673,2666.4
850.407593,2650.6
850.525452,2685.2
850.643311,2676.8
850.761169,2667.4
850.878967,2655.6
850.996887,2701.4
851.114746,2666.8
851.232544,2658.8
851.350403,2684.0
851.468262,2705.6
851.58606,2666.6
851.703979,2686.2
851.821777,2686.6
851.939636,2679.0
852.057434,2692.0
852.175232,2698.4
852.293091,2694.6
852.410889,2678.2
852.528687,2693.2
852.646545,2732.4
852.764343,2674.0
852.88208,2720.2
852.999939,2712.4
853.117676,2699.2
853.235535,2678.6
853.353271,2685.4
853.471069,2666.8
853.588928,2699.6
853.706604,2678.8
853.824402,2697.8
853.9422,2679.0
854.059998,2668.6
854.177734,2667.0
854.295532,2684.8
854.413269,2665.2
854.531006,2688.6
854.648804,2686.8
854.766541,2681.0
854.884277,2687.8
855.002014,2691.0
855.119751,2700.4
855.237549,2706.0
855.355225,2718.4
855.473022,2741.4
855.590698,2715.6
855.708435,2715.8
855.826172,2687.8
855.943848,2707.2
856.061646,2726.2
856.179321,2703.4
856.296997,2694.6
856.414795,2713.0
856.53241,2734.6
856.650085,2714.4
856.767822,2726.2
856.885559,2704.8
857.003174,2680.2
857.120911,2736.4
857.238586,2703.2
857.356201,2704.4
857.473938,2664.2
857.591614,2709.6
857.709351,2680.4
857.826965,2696.6
857.944641,2702.2
858.062317,2689.4
858.179993,2695.2
858.297668,2716.2
858.415283,2696.0
858.532959,2703.4
858.650574,2711.4
858.768188,2706.6
858.885803,2721.4
859.003479,2714.0
859.121094,2649.4
859.23877,2703.8
859.356384,2696.6
859.473999,2675.8
859.591675,2663.8
859.709229,2701.4
859.826843,2699.6
859.944458,2684.2
860.062012,2683.0
860.179626,2679.6
860.297302,2696.8
860.414856,2713.0
860.532471,2688.0
860.650024,2707.6
860.767639,2701.0
860.885193,2704.6
861.002808,2681.0
861.120361,2692.6
861.237976,2676.6
861.35553,2697.0
861.473022,2696.0
861.590698,2700.8
861.708191,2697.0
861.825745,2682.6
861.943298,2665.4
862.060852,2680.4
862.178406,2690.0
862.295959,2693.2
862.413513,2692.6
862.531006,2666.6
862.64856,2693.2
862.766113,2691.8
862.883667,2692.6
863.00116,2693.8
863.118713,2712.6
863.236206,2708.6
863.353699,2669.8
863.471252,2698.2
863.588745,2684.8
863.706177,2698.4
863.82373,2693.2
863.941162,2673.8
864.058716,2665.6
864.176208,2713.0
864.29364,2673.8
864.411194,2697.6
864.528687,2670.4
864.646118,2704.0
864.763611,2681.8
864.881042,2672.6
864.998535,2687.4
865.116028,2690.4
865.233459,2680.0
865.350891,2645.2
865.468384,2680.2
865.585754,2717.2
865.703308,2698.4
865.820679,2699.2
865.938171,2720.2
866.055542,2689.8
866.173035,2691.4
866.290466,2671.4
866.407837,2705.0
866.52533,2693.0
866.6427,2688.8
866.760071,2675.2
866.877563,2724.8
866.994934,2679.8
867.112305,2691.4
867.229736,2691.4
867.347107,2696.0
867.464539,2707.8
867.58197,2713.8
867.699341,2707.4
867.81665,2698.0
867.934082,2691.0
868.051453,2690.8
868.168823,2701.6
868.286194,2684.4
868.403564,2699.4
868.520935,2688.2
868.638306,2706.2
868.755676,2719.2
868.872986,2674.2
868.990295,2710.8
869.107727,2714.6
869.225037,2723.2
869.342346,2700.6
869.459717,2687.8
869.577026,2703.8
869.694336,2729.8
869.811707,2696.0
869.929016,2730.6
870.046326,2733.6
870.163635,2731.4
870.280945,2730.2
870.398254,2723.8
870.515564,2700.0
870.632812,2697.0
870.750183,2717.0
870.867432,2720.6
870.984741,2689.8
871.102051,2710.4
871.219299,2704.2
871.336609,2734.4
871.453918,2713.2
871.571106,2713.6
871.688416,2697.0
871.805664,2718.8
871.922852,2741.6
872.040222,2710.4
872.157471,2759.2
872.274719,2743.2
872.391968,2697.2
872.509155,2698.8
872.626465,2729.8
872.743652,2729.6
872.860962,2692.0
872.978149,2705.0
873.095337,2707.0
873.212646,2690.8
873.329834,2710.4
873.44696,2704.6
873.564209,2717.6
873.681396,2733.8
873.798645,2708.4
873.915894,2712.4
874.03302,2717.8
874.150208,2726.4
874.267456,2708.4
874.384583,2720.0
874.501831,2692.4
874.618958,2707.4
874.736145,2722.6
874.853333,2731.4
874.970459,2737.8
875.087646,2731.8
875.204834,2716.2
875.32196,2697.8
875.439148,2718.8
875.556274,2716.8
875.673401,2725.8
875.790527,2719.4
875.907715,2746.4
876.024841,2719.8
876.141968,2747.8
876.259094,2752.6
876.376282,2735.2
876.493347,2728.0
876.610474,2727.4
876.7276,2744.6
876.844727,2722.8
876.961853,2736.6
877.078918,2767.6
877.195984,2725.2
877.313171,2746.0
877.430237,2772.4
877.547302,2756.0
877.664368,2746.2
877.781433,2711.4
877.898499,2752.2
878.015625,2763.0
878.13269,2747.2
878.249695,2738.6
878.366821,2717.2
878.483887,2753.2
878.600952,2749.8
878.717957,2781.4
878.834961,2749.4
878.952087,2738.2
879.069092,2731.6
879.186157,2752.0
879.303162,2722.8
879.420227,2727.4
879.537231,2720.0
879.654236,2750.8
879.77124,2744.0
879.888306,2718.6
880.005249,2763.2
880.122314,2736.8
880.239319,2734.4
880.356323,2754.8
880.473328,2741.0
880.590271,2718.4
880.707275,2736.4
880.824341,2775.2
880.941284,2727.8
881.058228,2738.8
881.175232,2751.2
881.292236,2739.6
881.40918,2718.6
881.526123,2742.2
881.643066,2729.6
881.760071,2752.8
881.877014,2744.6
881.993958,2751.8
882.11084,2731.4
882.227783,2737.8
882.344727,2758.0
882.46167,2776.0
882.578613,2751.8
882.695618,2749.6
882.812439,2756.6
882.929382,2767.2
883.046326,2782.4
883.163208,2748.6
883.280151,2735.6
883.397034,2752.0
883.513916,2764.4
883.630798,2756.8
883.747742,2751.0
883.864563,2754.0
883.981506,2751.8
884.098389,2741.2
884.21521,2765.2
884.332153,2776.4
884.448975,2731.0
884.565796,2766.8
884.682678,2771.0
884.7995,2773.8
884.916443,2766.4
885.033264,2766.4
885.150085,2752.2
885.266968,2778.6
885.383789,2767.6
885.500671,2794.0
885.617493,2808.4
885.734314,2818.2
885.851196,2801.8
885.967896,2780.6
886.084717,2786.8
886.201599,2792.4
886.318359,2795.0
886.435181,2794.8
886.552002,2796.4
886.668762,2786.2
886.785645,2808.6
886.902344,2812.4
887.019165,2761.8
887.135925,2768.8
887.252747,2801.6
887.369446,2796.2
887.486267,2792.8
887.603027,2794.2
887.719788,2806.2
887.836548,2789.8
887.953247,2786.8
888.070068,2803.8
888.186829,2788.2
888.303528,2776.2
888.420288,2785.8
888.536987,2785.2
888.653687,2775.8
888.770447,2791.0
888.887146,2787.6
889.003967,2804.6
889.120667,2779.8
889.237305,2772.8
889.354065,2795.4
889.470703,2815.6
889.587463,2784.4
889.704163,2803.4
889.820862,2794.4
889.937561,2800.8
890.054199,2791.8
890.170837,2799.8
890.287598,2785.0
890.404236,2806.6
890.520874,2811.0
890.637634,2804.0
890.754211,2804.0
890.87085,2778.6
890.987549,2803.6
891.104187,2818.0
891.220886,2797.0
891.337463,2794.0
891.454102,2801.2
891.57074,2850.4
891.687378,2784.6
891.804077,2852.0
891.920654,2787.2
892.037231,2789.8
892.15387,2836.0
892.270447,2803.4
892.387085,2833.8
892.503723,2785.6
892.6203,2796.2
892.736877,2832.6
892.853516,2819.0
892.970032,2824.2
893.08667,2796.0
893.203186,2811.4
893.319763,2808.8
893.43634,2841.4
893.552917,2834.0
893.669556,2837.6
893.786011,2848.0
893.902588,2851.6
894.019165,2833.6
894.135681,2832.0
894.252197,2843.8
894.368835,2858.0
894.485291,2857.6
894.601868,2847.4
894.718384,2844.0
894.8349,2825.6
894.951355,2826.4
895.067932,2838.2
895.184448,2850.6
895.300964,2855.0
895.417419,2823.6
895.533936,2831.2
895.650452,2841.2
895.766907,2853.8
895.883423,2841.0
895.999878,2865.2
896.116333,2867.0
896.232849,2843.0
896.349304,2815.0
896.465759,2841.8
896.582214,2847.0
896.698669,2871.8
896.815125,2825.6
896.931641,2866.8
897.048035,2850.2
897.164551,2833.4
897.280884,2865.2
897.397339,2865.6
897.513794,2876.6
897.630249,2847.2
897.746582,2842.2
897.863098,2864.0
897.979431,2891.8
898.095886,2884.6
898.212341,2843.6
898.328674,2859.8
898.445129,2862.0
898.561462,2871.0
898.677795,2843.4
898.794312,2861.6
898.910645,2843.4
899.026978,2868.8
899.143433,2854.2
899.259766,2874.8
899.37616,2845.8
899.492493,2857.8
899.608765,2893.2
899.725159,2860.0
899.841553,2859.2
899.957947,2874.2
900.07428,2910.4
900.190552,2879.2
900.306946,2859.8
900.423157,2885.8
900.53949,2849.0
900.655884,2885.6
900.772156,2892.6
900.888489,2895.0
901.004822,2868.0
901.121033,2864.0
901.237366,2844.6
901.353699,2895.2
901.46991,2888.2
901.586304,2887.2
901.702515,2853.8
901.818787,2874.2
901.93512,2871.8
902.051331,2893.2
902.167603,2889.6
902.283875,2903.4
902.400085,2863.2
902.516418,2881.6
902.632629,2859.6
902.74884,2870.0
902.865112,2914.2
902.981384,2915.0
903.097595,2912.2
903.213867,2908.4
903.330017,2906.2
903.446289,2918.4
903.5625,2902.6
903.67865,2913.4
903.794922,2911.0
903.911072,2910.6
904.027344,2908.2
904.143494,2895.2
904.259705,2911.0
904.375916,2868.8
904.492065,2883.2
904.608215,2907.8
904.724426,2885.0
904.840576,2864.0
904.956726,2888.6
905.072876,2925.0
905.189087,2885.8
905.305176,2911.4
905.421387,2922.6
905.537537,2937.6
905.653687,2898.0
905.769775,2900.0
905.885925,2923.0
906.002014,2901.2
906.118164,2908.6
906.234314,2914.0
906.350403,2908.2
906.466492,2891.0
906.582642,2929.2
906.69873,2925.8
906.814758,2933.0
906.930908,2904.4
907.046936,2897.8
907.163086,2917.2
907.279175,2927.6
907.395264,2926.0
907.511353,2871.2
907.62738,2891.2
907.743408,2925.2
907.859497,2939.8
907.975525,2907.4
908.091553,2915.0
908.207703,2928.6
908.32373,2912.4
908.439758,2918.6
908.555786,2897.6
908.671814,2919.4
908.787842,2929.0
908.90387,2930.0
909.019775,2914.2
909.135864,2907.6
909.251892,2938.2
909.367859,2905.2
909.483826,2944.0
909.599854,2932.6
909.715881,2926.8
909.831848,2911.4
909.947815,2920.2
910.063782,2937.6
910.179749,2918.2
910.295776,2936.6
910.411743,2915.6
910.527649,2938.0
910.643616,2947.4
910.759583,2941.6
910.875488,2944.0
910.991455,2940.8
911.107361,2936.2
911.223267,2964.2
911.339294,2907.0
911.4552,2943.4
911.571106,2926.4
911.687073,2933.0
911.802979,2904.2
911.918823,2925.8
912.034729,2949.2
912.150635,2920.4
912.266602,2931.4
912.382446,2907.8
912.498352,2902.4
912.614197,2917.4
912.730103,2908.8
912.846008,2919.0
792.44574,3723.2
792.56488,3697.6
792.68396,3754.4
792.80304,3708.6
792.92218,3615.6
793.041199,3628.6
793.160339,3617.0
793.279419,3634.2
793.398499,3558.8
793.517578,3538.4
793.636658,3519.2
793.755737,3568.0
793.874817,3499.6
793.993896,3512.0
794.112976,3462.4
794.232056,3464.4
794.351074,3440.8
794.470215,3425.2
794.589233,3432.0
794.708313,3377.4
794.827393,3421.0
794.946411,3393.0
795.065552,3399.0
795.18457,3347.2
795.303589,3381.0
795.422668,3344.6
795.541687,3361.6
795.660767,3347.0
795.779846,3324.0
795.898865,3303.0
796.017883,3293.0
796.136963,3302.2
796.255981,3301.0
796.375061,3262.4
796.49408,3281.8
796.613037,3283.6
796.732117,3286.8
796.851135,3280.0
796.970154,3262.2
797.089233,3225.2
797.208191,3225.6
797.327271,3240.8
797.446228,3248.0
797.565186,3254.4
797.684265,3247.2
797.803223,3234.8
797.922241,3229.4
798.04126,3214.6
798.160278,3228.4
798.279297,3203.0
798.398315,3197.2
798.517273,3189.2
798.636292,3203.6
798.75531,3200.8
798.874268,3213.2
798.993286,3173.4
799.112244,3162.4
799.231323,3174.6
799.350281,3189.0
799.469238,3186.6
799.588257,3206.6
799.707153,3200.0
799.826111,3198.2
799.945129,3138.6
800.064087,3167.0
800.183044,3140.8
800.302063,3194.2
800.421021,3199.8
800.539978,3186.2
800.658936,3165.2
800.777893,3229.8
800.896912,3150.4
801.015747,3127.2
801.134705,3156.2
801.253723,3152.2
801.37262,3161.0
801.491638,3151.8
801.610535,3151.8
801.729492,3142.8
801.84845,3159.6
801.967407,3147.6
802.086243,3183.2
802.205261,3194.4
802.324158,3134.6
802.443115,3150.8
802.562073,3143.8
802.680969,3184.0
802.799927,3161.2
802.918762,3134.4
803.037659,3152.6
803.156677,3183.0
803.275574,3154.0
803.39447,3155.2
803.513428,3158.8
803.632263,3163.8
803.751221,3149.8
803.870117,3159.0
803.989014,3162.4
804.107971,3138.8
804.226746,3146.4
804.345642,3126.6
804.4646,3178.4
804.583496,3159.8
804.702393,3163.2
804.821228,3123.8
804.940125,3181.0
805.059021,3123.0
805.177917,3160.4
805.296814,3164.4
805.415649,3175.6
805.534546,3172.8
805.653442,3163.4
805.772278,3160.4
805.891113,3166.6
806.01001,3192.4
806.128906,3150.0
806.247742,3130.0
806.366577,3138.6
806.485413,3137.4
806.604309,3139.6
806.723145,3151.8
806.84198,3175.6
806.960876,3138.0
807.079712,3146.6
807.198486,3138.2
807.317383,3152.4
807.436218,3160.4
807.554993,3169.6
807.673889,3116.4
807.792725,3113.2
807.91156,3151.0
808.030396,3185.0
808.14917,3152.2
808.268005,3129.4
808.386841,3157.6
808.505676,3117.2
808.624451,3152.4
808.743286,3134.8
808.862122,3151.6
808.980896,3159.8
809.099731,3143.8
809.218506,3171.2
809.337341,3159.2
809.456116,3147.8
809.57489,3155.0
809.693726,3160.6
809.8125,3177.2
809.931274,3155.6
810.050049,3183.8
810.168884,3145.6
810.287659,3145.6
810.406372,3172.2
810.525269,3149.2
810.643982,3127.4
810.762756,3143.2
810.881531,3127.4
811.000305,3163.8
811.11908,3123.0
811.237854,3131.0
811.356567,3145.2
811.475403,3149.8
811.594116,3109.8
811.71283,3168.6
811.831604,3152.8
811.950378,3143.2
812.069153,3132.8
812.187927,3135.8
812.30658,3114.4
812.425415,3127.2
812.544128,3154.2
812.662781,3136.4
812.781616,3144.4
812.900269,3136.0
813.019043,3131.2
813.137756,3106.8
813.256531,3130.0
813.375244,3126.4
813.493896,3116.8
813.612671,3136.4
813.731384,3113.4
813.850037,3094.2
813.96875,3109.2
814.087524,3085.8
814.206238,3103.2
814.324951,3103.6
814.443604,3065.8
814.562256,3105.8
814.68103,3117.6
814.799683,3090.8
814.918335,3065.4
815.037109,3072.6
815.155762,3083.0
815.274475,3092.6
815.393188,3087.0
815.511841,3079.6
815.630554,3043.6
815.749146,3060.8
815.867859,3065.4
815.986572,3044.2
816.105164,3039.2
816.223877,3068.6
816.342529,3066.8
816.461182,3057.8
816.579895,3062.6
816.698486,3083.4
816.817139,3074.6
816.935791,3047.2
817.054504,3056.0
817.173096,3057.4
817.291748,3028.2
817.4104,3036.0
817.529053,2962.6
817.647644,3024.2
817.766235,2989.0
817.884949,2987.2
818.00354,2966.4
818.122192,2947.4
818.240845,2951.6
818.359436,2927.0
818.478088,2930.8
818.59668,2928.4
818.715271,2878.8
818.833923,2885.2
818.952515,2915.6
819.071106,2861.8
819.189758,2891.4
819.30835,2883.0
819.426941,2869.4
819.545532,2882.8
819.664124,2881.0
819.782715,2882.8
819.901306,2891.8
820.019897,2844.8
820.138489,2869.8
820.25708,2879.2
820.375671,2859.0
820.494202,2869.2
820.612732,2839.4
820.731384,2862.6
820.849915,2832.6
820.968506,2845.4
821.087097,2829.0
821.205627,2843.0
821.324158,2808.0
821.442749,2818.2
821.561279,2812.6
821.679871,2792.2
821.798401,2795.4
821.916931,2822.6
822.035461,2809.0
822.154053,2802.4
822.272583,2795.0
822.391174,2790.8
822.509583,2807.0
822.628174,2819.0
822.746704,2816.8
822.865234,2790.8
822.983765,2782.0
823.102295,2793.8
823.220825,2811.6
823.339294,2768.2
823.457825,2797.6
823.576355,2793.0
823.694824,2797.2
823.813354,2796.0
823.931885,2780.0
824.050354,2789.8
824.168884,2788.2
824.287354,2810.8
824.405823,2776.4
824.524353,2784.6
824.642822,2798.4
824.761353,2807.4
824.879822,2775.8
824.998291,2788.2
825.116699,2782.2
825.235291,2794.6
825.353699,2776.8
825.472168,2776.6
825.590637,2761.8
825.709106,2762.6
825.827576,2761.8
825.946045,2717.0
826.064453,2783.8
826.182983,2736.4
826.301392,2733.0
826.4198,2752.4
826.53833,2744.4
826.656738,2730.2
826.775208,2770.0
826.893677,2759.6
827.012024,2745.4
827.130493,2709.6
827.248962,2735.6
827.36731,2746.2
827.485779,2752.8
827.604248,2773.0
827.722595,2743.0
827.841064,2707.8
827.959412,2752.2
828.077942,2705.2
828.196289,2733.0
828.314636,2736.8
828.433105,2714.4
828.551514,2727.8
828.669861,2699.6
828.78833,2701.6
828.906677,2696.2
829.025085,2702.8
829.143433,2713.4
829.261841,2713.2
829.38031,2680.8
829.498657,2705.0
829.617004,2716.6
829.735413,2721.4
829.85376,2665.4
829.972107,2714.2
830.090515,2700.8
830.208862,2685.8
830.327209,2662.6
830.445557,2694.6
830.563904,2714.6
830.682312,2719.8
830.800659,2698.0
830.919006,2693.8
831.037354,2695.8
831.155701,2706.6
831.274048,2685.6
831.392395,2691.4
831.51062,2727.6
831.629028,2678.8
831.747314,2684.6
831.865662,2688.2
831.984009,2655.8
832.102356,2704.2
832.220642,2656.0
832.338928,2685.0
832.457275,2702.8
832.575623,2688.2
832.693909,2649.8
832.812134,2705.4
832.930481,2677.8
833.048828,2669.6
833.167114,2709.0
833.2854,2657.6
833.403687,2690.0
833.521973,2684.0
833.640259,2672.6
833.758545,2690.6
833.876831,2659.6
833.995056,2689.2
834.113281,2703.2
834.231628,2662.2
834.349915,2671.2
834.468201,2692.6
834.586426,2705.2
834.704651,2678.4
834.822998,2680.2
834.941162,2706.0
835.059448,2698.6
835.177673,2711.4
835.295959,2680.2
835.414246,2687.0
835.53241,2679.2
835.650635,2679.6
835.768921,2669.8
835.887146,2682.0
836.005371,2730.2
836.123596,2678.8
836.241821,2692.6
836.360046,2716.6
836.478271,2690.0
836.596497,2700.2
836.714722,2699.2
836.832886,2699.8
836.95105,2696.0
837.069336,2702.6
837.1875,2717.8
837.305725,2676.4
837.423889,2669.0
837.542053,2670.0
837.660339,2681.0
837.778503,2696.6
837.896667,2696.4
838.014832,2676.4
838.132996,2699.0
838.25116,2676.2
838.369385,2680.4
838.487488,2689.8
838.605713,2681.8
838.723877,2726.0
838.84198,2672.0
838.960205,2675.0
839.078308,2674.0
839.196472,2684.2
839.314636,2672.6
839.4328,2685.4
839.550964,2662.0
839.669067,2657.4
839.787231,2654.8
839.905396,2673.8
840.023499,2685.6
840.141602,2690.8
840.259766,2671.2
840.377869,2639.8
840.495972,2691.2
840.614136,2673.8
840.732239,2662.4
840.850342,2658.6
840.968445,2673.6
841.086548,2652.6
841.204651,2677.8
841.322754,2673.6
841.440918,2685.4
841.55896,2688.4
841.677002,2646.0
841.795166,2690.0
841.913208,2678.4
842.031311,2666.4
842.149353,2668.0
842.267456,2652.4
842.385498,2651.2
842.503601,2656.4
842.621643,2634.0
842.739746,2644.2
842.857788,2633.8
842.97583,2655.6
843.093933,2657.8
843.211975,2650.2
843.330017,2657.4
843.44812,2681.4
843.566101,2659.2
843.684204,2634.0
843.802246,2619.2
843.920227,2663.0
844.038269,2656.2
844.156311,2672.2
844.274292,2659.8
844.392395,2651.4
844.510376,2656.6
844.628357,2591.0
844.74646,2629.4
844.864441,2630.0
844.982422,2649.4
845.100403,2674.8
845.218384,2640.4
845.336426,2607.0
845.454468,2668.2
845.572449,2641.6
845.69043,2629.2
845.808411,2635.4
845.926453,2657.4
846.044373,2644.2
846.162354,2629.4
846.280396,2645.2
846.398315,2657.6
846.516296,2635.0
846.634216,2660.6
846.752197,2631.6
846.870178,2650.8
846.988098,2643.4
847.106079,2638.6
847.22406,2682.2
847.34198,2650.2
847.4599,2653.4
847.577881,2658.0
847.695801,2665.4
847.813782,2661.8
847.931641,2667.0
848.049561,2662.0
848.167603,2616.8
848.285461,2644.6
848.403381,2635.2
848.521362,2638.6
848.639221,2674.8
848.75708,2657.4
848.875,2657.8
848.99292,2655.2
849.110901,2645.6
849.22876,2656.4
849.34668,2644.2
849.464539,2662.6
849.582458,2653.8
849.700317,2629.0
849.818176,2627.8
849.936096,2640.4
850.053955,2653.2
850.171875,2641.0
850.289673,2667.2
850.407593,2643.4
850.525452,2684.6
850.643311,2670.4
850.761169,2641.4
850.878967,2670.6
850.996887,2674.8
851.114746,2665.0
851.232544,2678.2
851.350403,2707.4
851.468262,2710.4
851.58606,2694.4
851.703979,2707.4
851.821777,2710.6
851.939636,2710.0
852.057434,2726.8
852.175232,2729.0
852.293091,2705.6
852.410889,2736.2
852.528687,2723.2
852.646545,2713.2
852.764343,2735.0
852.88208,2708.2
852.999939,2708.8
853.117676,2725.0
853.235535,2695.8
853.353271,2676.6
853.471069,2681.4
853.588928,2658.0
853.706604,2667.2
853.824402,2675.6
853.9422,2694.0
854.059998,2663.4
854.177734,2663.8
854.295532,2688.8
854.413269,2655.6
854.531006,2660.2
854.648804,2695.0
854.766541,2688.2
854.884277,2647.4
855.002014,2693.6
855.119751,2684.2
855.237549,2697.0
855.355225,2720.4
855.473022,2800.2
855.590698,2690.0
855.708435,2699.8
855.826172,2661.4
855.943848,2703.2
856.061646,2693.4
856.179321,2690.6
856.296997,2710.4
856.414795,2723.8
856.53241,2691.4
856.650085,2689.6
856.767822,2674.8
856.885559,2706.2
857.003174,2666.4
857.120911,2708.0
857.238586,2667.4
857.356201,2686.2
857.473938,2679.4
857.591614,2666.4
857.709351,2679.8
857.826965,2660.2
857.944641,2644.2
858.062317,2635.8
858.179993,2665.6
858.297668,2687.0
858.415283,2660.2
858.532959,2670.0
858.650574,2677.4
858.768188,2672.0
858.885803,2678.6
859.003479,2698.0
859.121094,2668.2
859.23877,2677.6
859.356384,2645.0
859.473999,2690.2
859.591675,2661.4
859.709229,2668.6
859.826843,2639.4
859.944458,2639.6
860.062012,2669.4
860.179626,2661.6
860.297302,2675.8
860.414856,2677.4
860.532471,2668.8
860.650024,2669.8
860.767639,2680.4
860.885193,2676.4
861.002808,2655.2
861.120361,2677.8
861.237976,2674.4
861.35553,2680.0
861.473022,2657.6
861.590698,2710.8
861.708191,2690.4
861.825745,2660.6
861.943298,2675.6
862.060852,2666.8
862.178406,2669.2
862.295959,2706.6
862.413513,2656.0
862.531006,2657.4
862.64856,2667.2
862.766113,2680.0
862.883667,2638.0
863.00116,2675.4
863.118713,2679.4
863.236206,2673.8
863.353699,2668.4
863.471252,2671.2
863.588745,2679.4
863.706177,2698.0
863.82373,2672.6
863.941162,2652.0
864.058716,2648.6
864.176208,2662.0
864.29364,2686.2
864.411194,2706.4
864.528687,2687.2
864.646118,2707.0
864.763611,2667.6
864.881042,2669.2
864.998535,2655.2
865.116028,2662.8
865.233459,2644.0
865.350891,2646.2
865.468384,2695.0
865.585754,2695.0
865.703308,2666.0
865.820679,2688.2
865.938171,2670.6
866.055542,2672.0
866.173035,2681.4
866.290466,2679.4
866.407837,2707.2
866.52533,2685.6
866.6427,2673.2
866.760071,2690.6
866.877563,2692.8
866.994934,2686.4
867.112305,2700.0
867.229736,2668.4
867.347107,2679.2
867.464539,2674.6
867.58197,2715.0
867.699341,2677.2
867.81665,2697.0
867.934082,2661.2
868.051453,2679.4
868.168823,2699.4
868.286194,2698.8
868.403564,2679.4
868.520935,2703.4
868.638306,2665.6
868.755676,2679.6
868.872986,2699.2
868.990295,2698.8
869.107727,2726.0
869.225037,2710.2
869.342346,2688.4
869.459717,2690.8
869.577026,2691.6
869.694336,2684.0
869.811707,2679.4
869.929016,2675.4
870.046326,2709.6
870.163635,2688.8
870.280945,2696.4
870.398254,2676.8
870.515564,2690.6
870.632812,2660.6
870.750183,2677.6
870.867432,2700.6
870.984741,2658.4
871.102051,2689.0
871.219299,2696.4
871.336609,2691.8
871.453918,2697.0
871.571106,2689.6
871.688416,2718.4
871.805664,2709.8
871.922852,2710.0
872.040222,2684.6
872.157471,2719.6
872.274719,2730.8
872.391968,2693.6
872.509155,2725.8
872.626465,2692.2
872.743652,2716.6
872.860962,2692.2
872.978149,2664.2
873.095337,2689.6
873.212646,2686.0
873.329834,2706.4
873.44696,2692.6
873.564209,2703.4
873.681396,2725.0
873.798645,2702.0
873.915894,2675.8
874.03302,2702.2
874.150208,2717.0
874.267456,2711.0
874.384583,2703.2
874.501831,2684.4
874.618958,2699.0
874.736145,2678.6
874.853333,2704.4
874.970459,2702.2
875.087646,2699.6
875.204834,2715.2
875.32196,2710.6
875.439148,2723.6
875.556274,2717.6
875.673401,2736.8
875.790527,2721.6
875.907715,2717.6
876.024841,2724.0
876.141968,2705.4
876.259094,2723.6
876.376282,2724.2
876.493347,2717.8
876.610474,2734.4
876.7276,2732.2
876.844727,2714.4
876.961853,2745.8
877.078918,2751.0
877.195984,2734.0
877.313171,2729.0
877.430237,2749.2
877.547302,2748.6
877.664368,2719.2
877.781433,2748.0
877.898499,2725.0
878.015625,2748.6
878.13269,2716.6
878.249695,2747.8
878.366821,2728.8
878.483887,2727.6
878.600952,2730.0
878.717957,2721.8
878.834961,2751.2
878.952087,2751.2
879.069092,2725.4
879.186157,2738.2
879.303162,2714.2
879.420227,2752.4
879.537231,2742.2
879.654236,2728.8
879.77124,2735.6
879.888306,2709.6
880.005249,2732.0
880.122314,2720.8
880.239319,2750.8
880.356323,2730.4
880.473328,2726.8
880.590271,2737.0
880.707275,2769.0
880.824341,2748.8
880.941284,2741.4
881.058228,2738.8
881.175232,2734.4
881.292236,2750.2
881.40918,2746.6
881.526123,2770.6
881.643066,2747.4
881.760071,2740.2
881.877014,2751.0
881.993958,2750.8
882.11084,2745.6
882.227783,2780.2
882.344727,2746.6
882.46167,2760.0
882.578613,2736.0
882.695618,2727.0
882.812439,2756.0
882.929382,2750.4
883.046326,2785.2
883.163208,2746.4
883.280151,2763.6
883.397034,2749.8
883.513916,2751.8
883.630798,2786.6
883.747742,2777.6
883.864563,2761.6
883.981506,2766.4
884.098389,2752.8
884.21521,2753.8
884.332153,2744.8
884.448975,2725.8
884.565796,2771.4
884.682678,2779.4
884.7995,2741.6
884.916443,2752.4
885.033264,2795.2
885.150085,2759.8
885.266968,2777.8
885.383789,2734.2
885.500671,2797.4
885.617493,2811.0
885.734314,2781.4
885.851196,2768.8
885.967896,2759.4
886.084717,2781.8
886.201599,2800.0
886.318359,2787.8
886.435181,2772.2
886.552002,2789.2
886.668762,2792.2
886.785645,2808.4
886.902344,2776.8
887.019165,2775.6
887.135925,2778.6
887.252747,2794.2
887.369446,2773.6
887.486267,2775.4
887.603027,2796.8
887.719788,2767.6
887.836548,2784.4
887.953247,2767.2
888.070068,2793.2
888.186829,2786.2
888.303528,2803.0
888.420288,2781.2
888.536987,2760.4
888.653687,2771.6
888.770447,2775.0
888.887146,2790.8
889.003967,2782.6
889.120667,2804.2
889.237305,2788.2
889.354065,2793.2
889.470703,2772.2
889.587463,2794.0
889.704163,2810.2
889.820862,2780.2
889.937561,2807.8
890.054199,2805.0
890.170837,2800.8
890.287598,2795.8
890.404236,2778.0
890.520874,2839.4
890.637634,2800.0
890.754211,2813.4
890.87085,2778.4
890.987549,2759.0
891.104187,2801.8
891.220886,2807.0
891.337463,2815.8
891.454102,2810.8
891.57074,2827.2
891.687378,2808.6
891.804077,2826.2
891.920654,2811.2
892.037231,2801.4
892.15387,2812.6
892.270447,2807.0
892.387085,2822.0
892.503723,2817.4
892.6203,2796.8
892.736877,2816.2
892.853516,2814.2
892.970032,2841.0
893.08667,2816.0
893.203186,2802.2
893.319763,2807.6
893.43634,2807.6
893.552917,2821.6
893.669556,2833.4
893.786011,2833.4
893.902588,2808.8
894.019165,2862.8
894.135681,2837.0
894.252197,2823.8
894.368835,2853.2
894.485291,2838.2
894.601868,2834.0
894.718384,2869.0
894.8349,2847.0
894.951355,2838.4
895.067932,2843.8
895.184448,2839.6
895.300964,2850.4
895.417419,2836.8
895.533936,2843.8
895.650452,2834.8
895.766907,2831.4
895.883423,2841.8
895.999878,2833.0
896.116333,2840.6
896.232849,2870.6
896.349304,2864.8
896.465759,2849.8
896.582214,2855.6
896.698669,2855.4
896.815125,2889.8
896.931641,2854.4
897.048035,2870.0
897.164551,2879.6
897.280884,2857.0
897.397339,2826.8
897.513794,2851.0
897.630249,2864.4
897.746582,2855.0
897.863098,2867.8
897.979431,2867.8
898.095886,2862.8
898.212341,2851.4
898.328674,2874.4
898.445129,2873.8
898.561462,2873.0
898.677795,2860.4
898.794312,2870.8
898.910645,2881.0
899.026978,2848.6
899.143433,2857.8
899.259766,2867.4
899.37616,2836.8
899.492493,2867.0
899.608765,2861.8
899.725159,2878.4
899.841553,2879.8
899.957947,2869.2
900.07428,2867.4
900.190552,2889.4
900.306946,2871.2
900.423157,2870.6
900.53949,2861.8
900.655884,2875.2
900.772156,2867.4
900.888489,2871.2
901.004822,2832.2
901.121033,2866.8
901.237366,2892.2
901.353699,2875.2
901.46991,2848.8
901.586304,2882.6
901.702515,2871.8
901.818787,2896.2
901.93512,2878.0
902.051331,2863.4
902.167603,2908.4
902.283875,2896.4
902.400085,2860.2
902.516418,2878.6
902.632629,2899.4
902.74884,2889.4
902.865112,2899.6
902.981384,2864.0
903.097595,2888.6
903.213867,2914.2
903.330017,2889.6
903.446289,2885.2
903.5625,2894.4
903.67865,2935.2
903.794922,2908.4
903.911072,2908.2
904.027344,2893.8
904.143494,2889.6
904.259705,2922.2
904.375916,2910.4
904.492065,2881.4
904.608215,2896.6
904.724426,2909.4
904.840576,2880.8
904.956726,2887.0
905.072876,2925.4
905.189087,2876.6
905.305176,2902.6
905.421387,2924.6
905.537537,2908.0
905.653687,2941.0
905.769775,2913.4
905.885925,2908.6
906.002014,2886.6
906.118164,2895.0
906.234314,2913.4
906.350403,2904.4
906.466492,2903.4
906.582642,2897.0
906.69873,2909.8
906.814758,2926.6
906.930908,2920.8
907.046936,2911.4
907.163086,2935.4
907.279175,2921.6
907.395264,2937.4
907.511353,2927.6
907.62738,2935.0
907.743408,2914.4
907.859497,2930.4
907.975525,2938.0
908.091553,2933.8
908.207703,2915.8
908.32373,2927.6
908.439758,2919.6
908.555786,2915.4
908.671814,2905.6
908.787842,2902.0
908.90387,2941.4
909.019775,2913.4
909.135864,2898.2
909.251892,2914.2
909.367859,2927.6
909.483826,2937.4
909.599854,2920.6
909.715881,2921.0
909.831848,2923.8
909.947815,2965.0
910.063782,2927.4
910.179749,2938.6
910.295776,2938.8
910.411743,2949.2
910.527649,2942.8
910.643616,2956.6
910.759583,2924.6
910.875488,2935.8
910.991455,2925.8
911.107361,2937.2
911.223267,2941.6
911.339294,2934.0
911.4552,2939.6
911.571106,2934.8
911.687073,2960.0
911.802979,2926.6
911.918823,2928.8
912.034729,2942.0
912.150635,2931.0
912.266602,2937.0
912.382446,2915.4
912.498352,2882.0
912.614197,2955.8
912.730103,2938.0
912.846008,2928.2
792.44574,3747.4
792.56488,3695.8
792.68396,3731.8
792.80304,3684.0
792.92218,3610.8
793.041199,3610.0
793.160339,3622.8
793.279419,3632.6
793.398499,3580.2
793.517578,3579.0
793.636658,3525.0
793.755737,3536.2
793.874817,3517.2
793.993896,3471.8
794.112976,3518.8
794.232056,3474.8
794.351074,3467.6
794.470215,3435.0
794.589233,3451.8
794.708313,3411.0
794.827393,3410.6
794.946411,3395.4
795.065552,3410.6
795.18457,3390.2
795.303589,3376.2
795.422668,3390.4
795.541687,3355.0
795.660767,3384.4
795.779846,3325.8
795.898865,3307.4
796.017883,3321.8
796.136963,3317.2
796.255981,3329.0
796.375061,3310.4
796.49408,3273.2
796.613037,3296.8
796.732117,3294.2
796.851135,3289.4
796.970154,3280.4
797.089233,3252.4
797.208191,3271.2
797.327271,3231.8
797.446228,3256.0
797.565186,3269.0
797.684265,3267.8
797.803223,3244.4
797.922241,3235.4
798.04126,3252.2
798.160278,3248.0
798.279297,3216.2
798.398315,3255.4
798.517273,3232.8
798.636292,3211.2
798.75531,3191.6
798.874268,3241.8
798.993286,3244.0
799.112244,3190.0
799.231323,3198.8
799.350281,3206.8
799.469238,3225.2
799.588257,3211.0
799.707153,3200.6
799.826111,3226.2
799.945129,3178.0
800.064087,3221.8
800.183044,3214.4
800.302063,3226.6
800.421021,3203.4
800.539978,3184.6
800.658936,3210.2
800.777893,3210.0
800.896912,3193.6
801.015747,3197.6
801.134705,3163.4
801.253723,3181.6
801.37262,3160.0
801.491638,3191.8
801.610535,3197.4
801.729492,3196.0
801.84845,3175.0
801.967407,3178.4
802.086243,3200.4
802.205261,3188.8
802.324158,3156.2
802.443115,3175.6
802.562073,3150.4
802.680969,3220.0
802.799927,3177.6
802.918762,3192.8
803.037659,3178.6
803.156677,3189.2
803.275574,3201.6
803.39447,3182.8
803.513428,3168.0
803.632263,3213.2
803.751221,3179.4
803.870117,3155.2
803.989014,3186.8
804.107971,3184.2
804.226746,3186.6
804.345642,3173.8
804.4646,3190.0
804.583496,3171.4
804.702393,3163.2
804.821228,3190.8
804.940125,3164.4
805.059021,3188.4
805.177917,3201.8
805.296814,3172.6
805.415649,3213.6
805.534546,3169.2
805.653442,3162.8
805.772278,3189.4
805.891113,3192.4
806.01001,3179.6
806.128906,3206.0
806.247742,3192.0
806.366577,3166.4
806.485413,3172.6
806.604309,3182.0
806.723145,3153.8
806.84198,3164.0
806.960876,3162.6
807.079712,3153.4
807.198486,3185.0
807.317383,3153.2
807.436218,3133.0
807.554993,3172.0
807.673889,3198.2
807.792725,3165.2
807.91156,3169.6
808.030396,3166.8
808.14917,3172.2
808.268005,3136.8
808.386841,3182.4
808.505676,3182.8
808.624451,3140.6
808.743286,3168.2
808.862122,3155.4
808.980896,3152.0
809.099731,3149.6
809.218506,3140.0
809.337341,3160.4
809.456116,3127.4
809.57489,3143.0
809.693726,3141.0
809.8125,3162.8
809.931274,3161.0
810.050049,3156.2
810.168884,3139.6
810.287659,3130.2
810.406372,3142.8
810.525269,3129.8
810.643982,3151.6
810.762756,3134.6
810.881531,3102.2
811.000305,3140.8
811.11908,3092.2
811.237854,3129.0
811.356567,3109.2
811.475403,3104.4
811.594116,3101.8
811.71283,3113.0
811.831604,3123.0
811.950378,3132.6
812.069153,3125.8
812.187927,3129.2
812.30658,3134.6
812.425415,3136.4
812.544128,3139.4
812.662781,3105.6
812.781616,3127.4
812.900269,3140.6
813.019043,3147.0
813.137756,3115.8
813.256531,3118.0
813.375244,3124.6
813.493896,3126.0
813.612671,3134.2
813.731384,3118.0
813.850037,3110.0
813.96875,3095.6
814.087524,3120.2
814.206238,3066.6
814.324951,3089.4
814.443604,3096.0
814.562256,3061.0
814.68103,3102.0
814.799683,3069.4
814.918335,3070.4
815.037109,3100.8
815.155762,3056.4
815.274475,3065.6
815.393188,3080.0
815.511841,3058.6
815.630554,3055.0
815.749146,3077.0
815.867859,3028.4
815.986572,3036.2
816.105164,3047.2
816.223877,3067.8
816.342529,3047.0
816.461182,3038.0
816.579895,3063.4
816.698486,3060.2
816.817139,3031.2
816.935791,3082.4
817.054504,3046.4
817.173096,3010.0
817.291748,3003.2
817.4104,3067.6
817.529053,3003.2
817.647644,3013.0
817.766235,2986.8
817.884949,3021.0
818.00354,2977.2
818.122192,3016.2
818.240845,2976.8
818.359436,2978.2
818.478088,2967.6
818.59668,2941.8
818.715271,2959.8
818.833923,2944.0
818.952515,2915.4
819.071106,2941.0
819.189758,2916.8
819.30835,2945.8
819.426941,2891.6
819.545532,2912.8
819.664124,2914.2
819.782715,2957.6
819.901306,2929.8
820.019897,2903.8
820.138489,2915.8
820.25708,2906.8
820.375671,2881.2
820.494202,2898.6
820.612732,2886.2
820.731384,2879.6
820.849915,2881.4
820.968506,2915.0
821.087097,2861.2
821.205627,2890.2
821.324158,2870.0
821.442749,2885.8
821.561279,2849.2
821.679871,2852.8
821.798401,2817.4
821.916931,2866.6
822.035461,2860.6
822.154053,2849.4
822.272583,2841.2
822.391174,2862.0
822.509583,2820.4
822.628174,2840.6
822.746704,2866.0
822.865234,2825.6
822.983765,2850.2
823.102295,2854.8
823.220825,2830.0
823.339294,2843.4
823.457825,2855.6
823.576355,2818.4
823.694824,2820.4
823.813354,2811.8
823.931885,2814.6
824.050354,2834.4
824.168884,2844.4
824.287354,2874.0
824.405823,2817.2
824.524353,2841.6
824.642822,2857.8
824.761353,2825.4
824.879822,2837.8
824.998291,2824.8
825.116699,2823.2
825.235291,2838.4
825.353699,2824.4
825.472168,2816.2
825.590637,2830.0
825.709106,2832.2
825.827576,2823.8
825.946045,2776.6
826.064453,2789.8
826.182983,2775.8
826.301392,2817.8
826.4198,2800.8
826.53833,2788.2
826.656738,2796.8
826.775208,2785.6
826.893677,2808.8
827.012024,2789.8
827.130493,2774.2
827.248962,2774.2
827.36731,2803.4
827.485779,2773.2
827.604248,2783.4
827.722595,2766.0
827.841064,2773.6
827.959412,2757.8
828.077942,2757.0
828.196289,2745.0
828.314636,2780.2
828.433105,2747.0
828.551514,2764.4
828.669861,2733.2
828.78833,2732.8
828.906677,2746.0
829.025085,2756.0
829.143433,2752.6
829.261841,2743.4
829.38031,2753.4
829.498657,2765.8
829.617004,2758.6
829.735413,2769.6
829.85376,2742.6
829.972107,2724.2
830.090515,2754.4
830.208862,2755.4
830.327209,2729.2
830.445557,2749.0
830.563904,2765.8
830.682312,2762.0
830.800659,2700.0
830.919006,2728.4
831.037354,2729.8
831.155701,2741.0
831.274048,2749.0
831.392395,2728.2
831.51062,2747.8
831.629028,2745.2
831.747314,2758.8
831.865662,2748.8
831.984009,2729.6
832.102356,2733.8
832.220642,2727.4
832.338928,2743.0
832.457275,2747.0
832.575623,2732.4
832.693909,2757.6
832.812134,2740.8
832.930481,2755.8
833.048828,2737.2
833.167114,2743.6
833.2854,2720.2
833.403687,2743.2
833.521973,2728.8
833.640259,2706.0
833.758545,2699.8
833.876831,2702.4
833.995056,2704.0
834.113281,2713.0
834.231628,2732.8
834.349915,2717.6
834.468201,2732.8
834.586426,2715.0
834.704651,2741.8
834.822998,2711.2
834.941162,2745.6
835.059448,2718.8
835.177673,2749.4
835.295959,2743.4
835.414246,2732.4
835.53241,2727.2
835.650635,2720.4
835.768921,2705.8
835.887146,2674.4
836.005371,2728.8
836.123596,2732.4
836.241821,2717.0
836.360046,2730.6
836.478271,2730.0
836.596497,2741.8
836.714722,2735.6
836.832886,2714.8
836.95105,2718.0
837.069336,2715.6
837.1875,2729.0
837.305725,2721.8
837.423889,2721.6
837.542053,2723.4
837.660339,2739.4
837.778503,2734.0
837.896667,2716.6
838.014832,2719.6
838.132996,2707.0
838.25116,2733.6
838.369385,2734.8
838.487488,2740.6
838.605713,2715.6
838.723877,2762.6
838.84198,2733.2
838.960205,2718.0
839.078308,2708.2
839.196472,2710.0
839.314636,2711.8
839.4328,2736.2
839.550964,2721.2
839.669067,2714.8
839.787231,2685.0
839.905396,2716.2
840.023499,2709.6
840.141602,2691.6
840.259766,2692.2
840.377869,2715.0
840.495972,2732.0
840.614136,2686.2
840.732239,2702.8
840.850342,2683.8
840.968445,2692.6
841.086548,2693.2
841.204651,2672.2
841.322754,2703.8
841.440918,2695.2
841.55896,2686.8
841.677002,2706.6
841.795166,2714.6
841.913208,2688.4
842.031311,2718.4
842.149353,2689.0
842.267456,2713.2
842.385498,2681.0
842.503601,2671.4
842.621643,2678.6
842.739746,2691.2
842.857788,2685.4
842.97583,2658.0
843.093933,2681.6
843.211975,2685.8
843.330017,2694.0
843.44812,2710.8
843.566101,2679.4
843.684204,2677.0
843.802246,2652.8
843.920227,2663.8
844.038269,2684.8
844.156311,2686.6
844.274292,2679.6
844.392395,2673.2
844.510376,2692.8
844.628357,2665.6
844.74646,2650.4
844.864441,2682.8
844.982422,2686.6
845.100403,2702.0
845.218384,2681.6
845.336426,2666.0
845.454468,2691.2
845.572449,2716.4
845.69043,2676.8
845.808411,2654.6
845.926453,2701.2
846.044373,2659.4
846.162354,2682.4
846.280396,2676.4
846.398315,2651.2
846.516296,2684.8
846.634216,2674.8
846.752197,2662.2
846.870178,2709.0
846.988098,2679.6
847.106079,2681.6
847.22406,2673.4
847.34198,2645.8
847.4599,2682.6
847.577881,2678.6
847.695801,2689.4
847.813782,2674.6
847.931641,2670.6
848.049561,2682.8
848.167603,2652.2
848.285461,2667.6
848.403381,2665.0
848.521362,2702.0
848.639221,2682.6
848.75708,2680.4
848.875,2669.4
848.99292,2686.4
849.110901,2687.6
849.22876,2686.2
849.34668,2664.4
849.464539,2677.0
849.582458,2663.4
849.700317,2692.2
849.818176,2683.2
849.936096,2693.2
850.053955,2681.0
850.171875,2692.8
850.289673,2686.6
850.407593,2686.6
850.525452,2684.6
850.643311,2690.8
850.761169,2677.0
850.878967,2669.2
850.996887,2735.8
851.114746,2683.2
851.232544,2707.2
851.350403,2684.6
851.468262,2716.2
851.58606,2709.4
851.703979,2733.2
851.821777,2717.0
851.939636,2730.2
852.057434,2747.2
852.175232,2750.8
852.293091,2763.0
852.410889,2742.8
852.528687,2750.4
852.646545,2754.6
852.764343,2736.6
852.88208,2754.0
852.999939,2735.6
853.117676,2778.4
853.235535,2711.0
853.353271,2728.6
853.471069,2696.4
853.588928,2702.0
853.706604,2685.0
853.824402,2740.2
853.9422,2693.8
854.059998,2702.2
854.177734,2673.0
854.295532,2708.0
854.413269,2685.6
854.531006,2685.0
854.648804,2708.0
854.766541,2703.8
854.884277,2700.6
855.002014,2700.4
855.119751,2706.6
855.237549,2704.4
855.355225,2737.4
855.473022,2719.4
855.590698,2717.0
855.708435,2693.0
855.826172,2695.2
855.943848,2743.8
856.061646,2742.6
856.179321,2718.2
856.296997,2717.4
856.414795,2740.0
856.53241,2701.2
856.650085,2726.4
856.767822,2698.6
856.885559,2713.2
857.003174,2695.4
857.120911,2726.0
857.238586,2711.2
857.356201,2704.6
857.473938,2666.8
857.591614,2699.4
857.709351,2711.0
857.826965,2709.8
857.944641,2689.2
858.062317,2703.4
858.179993,2722.8
858.297668,2708.6
858.415283,2700.8
858.532959,2706.6
858.650574,2724.0
858.768188,2730.4
858.885803,2702.2
859.003479,2712.8
859.121094,2685.0
859.23877,2726.6
859.356384,2700.4
859.473999,2719.6
859.591675,2700.0
859.709229,2745.8
859.826843,2693.6
859.944458,2701.2
860.062012,2688.4
860.179626,2707.4
860.297302,2692.2
860.414856,2712.6
860.532471,2681.4
860.650024,2708.2
860.767639,2715.0
860.885193,2715.0
861.002808,2689.2
861.120361,2724.8
861.237976,2717.4
861.35553,2716.4
861.473022,2712.6
861.590698,2723.6
861.708191,2717.8
861.825745,2714.8
861.943298,2707.6
862.060852,2713.0
862.178406,2691.4
862.295959,2723.0
862.413513,2710.8
862.531006,2717.0
862.64856,2709.8
862.766113,2725.0
862.883667,2704.4
863.00116,2725.4
863.118713,2692.0
863.236206,2709.8
863.353699,2700.6
863.471252,2694.6
863.588745,2700.8
863.706177,2698.0
863.82373,2714.2
863.941162,2698.8
864.058716,2710.8
864.176208,2692.2
864.29364,2705.2
864.411194,2728.0
864.528687,2721.4
864.646118,2709.6
864.763611,2718.8
864.881042,2712.8
864.998535,2697.2
865.116028,2740.8
865.233459,2699.8
865.350891,2695.8
865.468384,2716.4
865.585754,2723.2
865.703308,2680.4
865.820679,2707.0
865.938171,2717.8
866.055542,2690.2
866.173035,2726.4
866.290466,2705.6
866.407837,2709.0
866.52533,2699.6
866.6427,2704.6
866.760071,2688.8
866.877563,2697.2
866.994934,2717.2
867.112305,2707.0
867.229736,2712.8
867.347107,2701.8
867.464539,2704.8
867.58197,2719.6
867.699341,2715.2
867.81665,2690.4
867.934082,2708.4
868.051453,2712.8
868.168823,2711.2
868.286194,2696.8
868.403564,2698.2
868.520935,2702.6
868.638306,2730.6
868.755676,2697.6
868.872986,2717.4
868.990295,2714.4
869.107727,2707.2
869.225037,2719.6
869.342346,2720.0
869.459717,2738.0
869.577026,2724.8
869.694336,2712.8
869.811707,2735.0
869.929016,2715.2
870.046326,2732.4
870.163635,2753.4
870.280945,2709.0
870.398254,2729.0
870.515564,2710.2
870.632812,2708.6
870.750183,2749.4
870.867432,2741.4
870.984741,2719.4
871.102051,2697.8
871.219299,2733.0
871.336609,2696.6
871.453918,2711.0
871.571106,2695.4
871.688416,2737.8
871.805664,2717.8
871.922852,2715.4
872.040222,2724.6
872.157471,2745.0
872.274719,2728.2
872.391968,2724.0
872.509155,2720.2
872.626465,2729.4
872.743652,2733.0
872.860962,2760.6
872.978149,2717.6
873.095337,2726.4
873.212646,2723.8
873.329834,2722.0
873.44696,2716.6
873.564209,2738.8
873.681396,2720.4
873.798645,2725.4
873.915894,2702.8
874.03302,2727.8
874.150208,2739.4
874.267456,2716.2
874.384583,2707.6
874.501831,2727.2
874.618958,2728.6
874.736145,2714.8
874.853333,2731.4
874.970459,2742.0
875.087646,2744.6
875.204834,2746.0
875.32196,2724.6
875.439148,2724.8
875.556274,2719.6
875.673401,2732.0
875.790527,2725.4
875.907715,2722.4
876.024841,2726.2
876.141968,2733.4
876.259094,2736.6
876.376282,2754.6
876.493347,2730.2
876.610474,2722.4
876.7276,2731.0
876.844727,2728.8
876.961853,2735.2
877.078918,2738.4
877.195984,2745.2
877.313171,2736.2
877.430237,2782.0
877.547302,2747.4
877.664368,2741.8
877.781433,2759.6
877.898499,2764.6
878.015625,2742.6
878.13269,2711.8
878.249695,2754.2
878.366821,2750.4
878.483887,2744.6
878.600952,2737.8
878.717957,2749.6
878.834961,2755.0
878.952087,2791.8
879.069092,2740.2
879.186157,2742.6
879.303162,2747.0
879.420227,2750.0
879.537231,2745.8
879.654236,2744.2
879.77124,2739.4
879.888306,2738.6
880.005249,2756.6
880.122314,2744.6
880.239319,2750.0
880.356323,2720.2
880.473328,2754.8
880.590271,2738.4
880.707275,2740.2
880.824341,2759.4
880.941284,2732.8
881.058228,2771.0
881.175232,2730.6
881.292236,2731.0
881.40918,2765.8
881.526123,2716.2
881.643066,2744.2
881.760071,2780.2
881.877014,2761.6
881.993958,2751.2
882.11084,2740.6
882.227783,2735.4
882.344727,2730.2
882.46167,2741.6
882.578613,2749.0
882.695618,2776.6
882.812439,2768.2
882.929382,2785.8
883.046326,2790.0
883.163208,2746.0
883.280151,2754.0
883.397034,2743.8
883.513916,2730.0
883.630798,2754.0
883.747742,2754.4
883.864563,2753.6
883.981506,2792.0
884.098389,2738.2
884.21521,2752.6
884.332153,2767.6
884.448975,2768.8
884.565796,2748.4
884.682678,2751.2
884.7995,2766.4
884.916443,2765.6
885.033264,2773.0
885.150085,2776.2
885.266968,2788.2
885.383789,2764.2
885.500671,2800.6
885.617493,2791.4
885.734314,2792.0
885.851196,2779.6
885.967896,2789.6
886.084717,2786.4
886.201599,2807.0
886.318359,2777.0
886.435181,2773.0
886.552002,2796.2
886.668762,2793.2
886.785645,2764.4
886.902344,2804.6
887.019165,2761.8
887.135925,2782.2
887.252747,2799.4
887.369446,2825.0
887.486267,2779.2
887.603027,2766.4
887.719788,2797.2
887.836548,2793.6
887.953247,2767.8
888.070068,2796.8
888.186829,2812.0
888.303528,2780.0
888.420288,2782.0
888.536987,2788.6
888.653687,2779.6
888.770447,2783.8
888.887146,2766.0
889.003967,2773.4
889.120667,2771.6
889.237305,2788.0
889.354065,2771.4
889.470703,2784.0
889.587463,2745.4
889.704163,2795.8
889.820862,2795.0
889.937561,2810.8
890.054199,2775.8
890.170837,2789.0
890.287598,2775.6
890.404236,2797.4
890.520874,2779.0
890.637634,2817.0
890.754211,2808.6
890.87085,2779.8
890.987549,2806.4
891.104187,2797.4
891.220886,2809.2
891.337463,2784.8
891.454102,2802.0
891.57074,2829.8
891.687378,2786.4
891.804077,2806.8
891.920654,2801.4
892.037231,2776.8
892.15387,2820.6
892.270447,2790.0
892.387085,2842.2
892.503723,2798.6
892.6203,2836.8
892.736877,2798.8
892.853516,2793.4
892.970032,2822.4
893.08667,2821.2
893.203186,2806.0
893.319763,2788.0
893.43634,2846.8
893.552917,2834.2
893.669556,2836.0
893.786011,2804.6
893.902588,2844.4
894.019165,2826.8
894.135681,2828.6
894.252197,2845.6
894.368835,2835.8
894.485291,2844.4
894.601868,2841.6
894.718384,2857.8
894.8349,2833.8
894.951355,2847.2
895.067932,2852.8
895.184448,2830.6
895.300964,2839.8
895.417419,2841.4
895.533936,2858.0
895.650452,2863.8
895.766907,2845.2
895.883423,2824.2
895.999878,2864.0
896.116333,2863.0
896.232849,2847.8
896.349304,2829.6
896.465759,2837.6
896.582214,2846.8
896.698669,2851.6
896.815125,2831.4
896.931641,2847.8
897.048035,2847.0
897.164551,2854.0
897.280884,2875.0
897.397339,2828.6
897.513794,2821.8
897.630249,2857.0
897.746582,2830.0
897.863098,2842.0
897.979431,2840.4
898.095886,2862.4
898.212341,2865.0
898.328674,2850.2
898.445129,2887.2
898.561462,2861.8
898.677795,2846.8
898.794312,2880.8
898.910645,2830.8
899.026978,2850.2
899.143433,2878.0
899.259766,2842.8
899.37616,2858.2
899.492493,2842.4
899.608765,2869.6
899.725159,2846.0
899.841553,2868.2
899.957947,2866.2
900.07428,2845.2
900.190552,2902.6
900.306946,2870.4
900.423157,2852.2
900.53949,2854.2
900.655884,2860.2
900.772156,2870.8
900.888489,2891.6
901.004822,2849.2
901.121033,2874.4
901.237366,2872.0
901.353699,2866.6
901.46991,2895.2
901.586304,2852.4
901.702515,2870.4
901.818787,2851.4
901.93512,2872.6
902.051331,2862.8
902.167603,2867.4
902.283875,2883.0
902.400085,2875.8
902.516418,2887.0
902.632629,2880.8
902.74884,2890.0
902.865112,2916.0
902.981384,2897.8
903.097595,2910.8
903.213867,2918.2
903.330017,2898.2
903.446289,2882.2
903.5625,2889.4
903.67865,2880.6
903.794922,2901.2
903.911072,2905.0
904.027344,2904.0
904.143494,2897.2
904.259705,2923.4
904.375916,2920.8
904.492065,2897.4
904.608215,2898.4
904.724426,2895.4
904.840576,2885.4
904.956726,2863.0
905.072876,2870.2
905.189087,2915.6
905.305176,2919.4
905.421387,2887.2
905.537537,2921.6
905.653687,2866.6
905.769775,2897.8
905.885925,2917.2
906.002014,2921.0
906.118164,2910.0
906.234314,2920.8
906.350403,2900.6
906.466492,2896.6
906.582642,2915.8
906.69873,2879.6
906.814758,2912.8
906.930908,2936.0
907.046936,2889.6
907.163086,2909.4
907.279175,2908.2
907.395264,2905.4
907.511353,2926.6
907.62738,2912.2
907.743408,2875.4
907.859497,2915.8
907.975525,2919.2
908.091553,2935.8
908.207703,2907.6
908.32373,2918.0
908.439758,2915.2
908.555786,2927.0
908.671814,2897.6
908.787842,2919.0
908.90387,2945.2
909.019775,2936.6
909.135864,2903.6
909.251892,2931.0
909.367859,2932.2
909.483826,2964.8
909.599854,2924.8
909.715881,2906.8
909.831848,2913.0
909.947815,2910.2
910.063782,2922.6
910.179749,2911.2
910.295776,2918.0
910.411743,2937.2
910.527649,2892.6
910.643616,2930.6
910.759583,2886.8
910.875488,2961.2
910.991455,2958.2
911.107361,2918.0
911.223267,2899.0
911.339294,2954.4
911.4552,2940.8
911.571106,2924.4
911.687073,2939.4
911.802979,2936.6
911.918823,2885.0
912.034729,2948.0
912.150635,2936.8
912.266602,2918.8
912.382446,2904.4
912.498352,2921.4
912.614197,2892.0
912.730103,2899.0
912.846008,2905.4
792.44574,3833.2
792.56488,3797.8
792.68396,3809.6
792.80304,3761.6
792.92218,3714.4
793.041199,3694.8
793.160339,3726.6
793.279419,3712.2
793.398499,3673.6
793.517578,3653.0
793.636658,3591.8
793.755737,3612.6
793.874817,3573.0
793.993896,3566.2
794.112976,3547.4
794.232056,3568.4
794.351074,3518.0
794.470215,3485.0
794.589233,3479.8
794.708313,3492.2
794.827393,3477.2
794.946411,3467.8
795.065552,3454.0
795.18457,3450.8
795.303589,3457.2
795.422668,3414.6
795.541687,3463.4
795.660767,3422.0
795.779846,3360.8
795.898865,3374.8
796.017883,3380.2
796.136963,3377.8
796.255981,3353.8
796.375061,3355.8
796.49408,3358.4
796.613037,3337.8
796.732117,3327.6
796.851135,3331.2
796.970154,3324.0
797.089233,3303.8
797.208191,3278.4
797.327271,3327.8
797.446228,3264.0
797.565186,3299.4
797.684265,3303.8
797.803223,3276.0
797.922241,3257.4
798.04126,3311.8
798.160278,3263.8
798.279297,3271.4
798.398315,3289.4
798.517273,3268.4
798.636292,3258.2
798.75531,3231.0
798.874268,3258.2
798.993286,3261.4
799.112244,3216.6
799.231323,3239.2
799.350281,3260.6
799.469238,3265.2
799.588257,3227.2
799.707153,3239.2
799.826111,3251.8
799.945129,3246.8
800.064087,3261.6
800.183044,3258.8
800.302063,3252.6
800.421021,3271.2
800.539978,3234.6
800.658936,3225.6
800.777893,3235.2
800.896912,3224.6
801.015747,3235.2
801.134705,3247.4
801.253723,3213.6
801.37262,3188.8
801.491638,3241.6
801.610535,3237.2
801.729492,3235.2
801.84845,3211.8
801.967407,3226.6
802.086243,3257.6
802.205261,3250.4
802.324158,3255.6
802.443115,3277.2
802.562073,3216.2
802.680969,3265.6
802.799927,3239.2
802.918762,3248.6
803.037659,3230.2
803.156677,3243.0
803.275574,3277.8
803.39447,3238.4
803.513428,3244.2
803.632263,3214.6
803.751221,3228.8
803.870117,3257.6
803.989014,3280.6
804.107971,3234.4
804.226746,3282.6
804.345642,3238.8
804.4646,3254.6
804.583496,3257.2
804.702393,3254.2
804.821228,3265.0
804.940125,3257.0
805.059021,3224.6
805.177917,3241.6
805.296814,3254.8
805.415649,3268.4
805.534546,3206.4
805.653442,3264.6
805.772278,3279.2
805.891113,3276.4
806.01001,3253.4
806.128906,3243.6
806.247742,3248.8
806.366577,3249.4
806.485413,3268.6
806.604309,3264.8
806.723145,3252.6
806.84198,3262.2
806.960876,3271.2
807.079712,3234.4
807.198486,3240.0
807.317383,3254.2
807.436218,3232.6
807.554993,3268.6
807.673889,3267.6
807.792725,3233.2
807.91156,3238.6
808.030396,3270.6
808.14917,3220.4
808.268005,3261.0
808.386841,3221.8
808.505676,3250.8
808.624451,3224.6
808.743286,3247.6
808.862122,3226.6
808.980896,3214.4
809.099731,3236.8
809.218506,3258.8
809.337341,3223.6
809.456116,3223.0
809.57489,3250.2
809.693726,3219.2
809.8125,3263.0
809.931274,3224.8
810.050049,3253.6
810.168884,3229.8
810.287659,3230.8
810.406372,3222.6
810.525269,3228.4
810.643982,3232.8
810.762756,3232.4
810.881531,3203.2
811.000305,3209.4
811.11908,3212.0
811.237854,3237.6
811.356567,3220.4
811.475403,3228.6
811.594116,3212.6
811.71283,3254.2
811.831604,3216.6
811.950378,3230.2
812.069153,3228.2
812.187927,3244.8
812.30658,3240.8
812.425415,3211.6
812.544128,3228.0
812.662781,3216.8
812.781616,3193.8
812.900269,3230.8
813.019043,3219.6
813.137756,3219.0
813.256531,3241.6
813.375244,3216.4
813.493896,3192.4
813.612671,3205.2
813.731384,3186.4
813.850037,3184.8
813.96875,3226.6
814.087524,3182.4
814.206238,3188.2
814.324951,3172.8
814.443604,3172.2
814.562256,3200.2
814.68103,3169.0
814.799683,3172.8
814.918335,3166.4
815.037109,3190.0
815.155762,3152.2
815.274475,3131.8
815.393188,3145.0
815.511841,3137.0
815.630554,3139.6
815.749146,3102.4
815.867859,3095.6
815.986572,3115.8
816.105164,3129.6
816.223877,3118.0
816.342529,3104.0
816.461182,3123.0
816.579895,3161.6
816.698486,3128.4
816.817139,3138.0
816.935791,3155.2
817.054504,3139.2
817.173096,3109.6
817.291748,3109.0
817.4104,3099.0
817.529053,3070.2
817.647644,3059.4
817.766235,3026.4
817.884949,3051.2
818.00354,3006.4
818.122192,3006.8
818.240845,2986.4
818.359436,2971.2
818.478088,2990.6
818.59668,2938.4
818.715271,2934.6
818.833923,2947.6
818.952515,2903.4
819.071106,2961.0
819.189758,2916.8
819.30835,2897.6
819.426941,2904.0
819.545532,2908.6
819.664124,2929.4
819.782715,2876.4
819.901306,2881.2
820.019897,2859.2
820.138489,2875.2
820.25708,2878.4
820.375671,2908.8
820.494202,2890.2
820.612732,2868.8
820.731384,2854.6
820.849915,2836.2
820.968506,2868.0
821.087097,2856.8
821.205627,2858.2
821.324158,2858.4
821.442749,2820.8
821.561279,2846.2
821.679871,2836.4
821.798401,2843.0
821.916931,2837.4
822.035461,2832.8
822.154053,2833.4
822.272583,2811.2
822.391174,2811.2
822.509583,2830.4
822.628174,2816.8
822.746704,2837.8
822.865234,2799.2
822.983765,2828.4
823.102295,2820.0
823.220825,2801.2
823.339294,2791.6
823.457825,2828.8
823.576355,2853.0
823.694824,2794.4
823.813354,2809.2
823.931885,2815.2
824.050354,2817.2
824.168884,2837.4
824.287354,2793.2
824.405823,2787.6
824.524353,2832.4
824.642822,2813.0
824.761353,2830.4
824.879822,2826.6
824.998291,2771.0
825.116699,2781.4
825.235291,2802.8
825.353699,2824.6
825.472168,2783.2
825.590637,2770.6
825.709106,2802.0
825.827576,2772.6
825.946045,2788.6
826.064453,2778.6
826.182983,2763.4
826.301392,2777.8
826.4198,2753.8
826.53833,2726.2
826.656738,2751.2
826.775208,2760.4
826.893677,2744.2
827.012024,2737.4
827.130493,2757.8
827.248962,2736.6
827.36731,2747.2
827.485779,2714.6
827.604248,2761.4
827.722595,2765.4
827.841064,2724.0
827.959412,2739.4
828.077942,2719.8
828.196289,2721.0
828.314636,2733.0
828.433105,2723.6
828.551514,2721.6
828.669861,2707.2
828.78833,2737.4
828.906677,2704.2
829.025085,2725.8
829.143433,2712.0
829.261841,2703.8
829.38031,2708.2
829.498657,2709.0
829.617004,2706.6
829.735413,2715.4
829.85376,2690.8
829.972107,2719.6
830.090515,2702.0
830.208862,2702.6
830.327209,2698.2
830.445557,2697.6
830.563904,2711.0
830.682312,2722.4
830.800659,2713.8
830.919006,2699.2
831.037354,2704.0
831.155701,2738.8
831.274048,2675.8
831.392395,2684.0
831.51062,2686.6
831.629028,2704.8
831.747314,2704.8
831.865662,2723.4
831.984009,2681.2
832.102356,2696.6
832.220642,2693.6
832.338928,2700.2
832.457275,2689.6
832.575623,2702.4
832.693909,2680.8
832.812134,2686.4
832.930481,2682.8
833.048828,2698.0
833.167114,2683.6
833.2854,2694.0
833.403687,2706.8
833.521973,2702.4
833.640259,2661.6
833.758545,2677.4
833.876831,2674.6
833.995056,2666.4
834.113281,2682.4
834.231628,2691.4
834.349915,2681.2
834.468201,2676.6
834.586426,2669.4
834.704651,2671.4
834.822998,2696.0
834.941162,2727.0
835.059448,2675.4
835.177673,2676.8
835.295959,2684.6
835.414246,2699.0
835.53241,2645.6
835.650635,2691.4
835.768921,2667.6
835.887146,2699.8
836.005371,2669.0
836.123596,2722.0
836.241821,2699.0
836.360046,2713.2
836.478271,2704.2
836.596497,2719.6
836.714722,2675.8
836.832886,2680.4
836.95105,2723.4
837.069336,2729.4
837.1875,2727.8
837.305725,2707.6
837.423889,2717.0
837.542053,2681.0
837.660339,2733.0
837.778503,2731.8
837.896667,2690.2
838.014832,2693.0
838.132996,2714.4
838.25116,2691.6
838.369385,2705.4
838.487488,2705.4
838.605713,2707.8
838.723877,2715.4
838.84198,2705.8
838.960205,2684.2
839.078308,2695.0
839.196472,2695.0
839.314636,2688.4
839.4328,2709.2
839.550964,2684.0
839.669067,2654.8
839.787231,2684.8
839.905396,2676.0
840.023499,2731.0
840.141602,2705.6
840.259766,2673.2
840.377869,2679.4
840.495972,2688.6
840.614136,2665.6
840.732239,2663.0
840.850342,2646.0
840.968445,2683.6
841.086548,2635.4
841.204651,2667.4
841.322754,2686.4
841.440918,2658.6
841.55896,2681.8
841.677002,2640.6
841.795166,2637.2
841.913208,2666.0
842.031311,2668.0
842.149353,2665.0
842.267456,2654.2
842.385498,2635.0
842.503601,2659.8
842.621643,2641.6
842.739746,2642.4
842.857788,2632.2
842.97583,2635.6
843.093933,2628.2
843.211975,2630.2
843.330017,2648.6
843.44812,2656.8
843.566101,2633.2
843.684204,2610.2
843.802246,2632.0
843.920227,2651.8
844.038269,2669.0
844.156311,2667.2
844.274292,2649.0
844.392395,2649.8
844.510376,2632.6
844.628357,2605.6
844.74646,2630.2
844.864441,2659.8
844.982422,2611.8
845.100403,2637.2
845.218384,2635.8
845.336426,2611.2
845.454468,2638.4
845.572449,2642.6
845.69043,2636.0
845.808411,2631.2
845.926453,2637.0
846.044373,2652.6
846.162354,2612.8
846.280396,2649.8
846.398315,2618.8
846.516296,2633.4
846.634216,2626.4
846.752197,2649.4
846.870178,2665.8
846.988098,2651.2
847.106079,2633.4
847.22406,2628.4
847.34198,2661.6
847.4599,2638.2
847.577881,2645.4
847.695801,2619.6
847.813782,2633.2
847.931641,2643.4
848.049561,2631.0
848.167603,2627.0
848.285461,2617.6
848.403381,2646.2
848.521362,2631.8
848.639221,2648.0
848.75708,2639.2
848.875,2629.0
848.99292,2614.2
849.110901,2623.4
849.22876,2629.4
849.34668,2615.2
849.464539,2618.0
849.582458,2627.8
849.700317,2606.0
849.818176,2634.2
849.936096,2628.6
850.053955,2638.0
850.171875,2611.0
850.289673,2617.6
850.407593,2621.4
850.525452,2655.8
850.643311,2624.4
850.761169,2633.2
850.878967,2619.6
850.996887,2660.8
851.114746,2652.6
851.232544,2639.0
851.350403,2651.2
851.468262,2650.4
851.58606,2662.0
851.703979,2667.4
851.821777,2667.0
851.939636,2718.8
852.057434,2717.6
852.175232,2734.2
852.293091,2696.2
852.410889,2698.6
852.528687,2709.2
852.646545,2721.6
852.764343,2694.6
852.88208,2697.6
852.999939,2713.2
853.117676,2697.6
853.235535,2674.4
853.353271,2675.0
853.471069,2672.0
853.588928,2663.2
853.706604,2642.8
853.824402,2642.8
853.9422,2661.4
854.059998,2645.2
854.177734,2651.6
854.295532,2656.0
854.413269,2642.0
854.531006,2638.6
854.648804,2638.2
854.766541,2643.4
854.884277,2644.8
855.002014,2674.2
855.119751,2666.2
855.237549,2680.2
855.355225,2693.2
855.473022,2700.6
855.590698,2701.8
855.708435,2705.6
855.826172,2687.0
855.943848,2747.4
856.061646,2704.0
856.179321,2684.2
856.296997,2673.4
856.414795,2691.2
856.53241,2702.0
856.650085,2699.2
856.767822,2675.8
856.885559,2715.6
857.003174,2669.8
857.120911,2678.2
857.238586,2654.4
857.356201,2663.8
857.473938,2659.0
857.591614,2647.8
857.709351,2635.0
857.826965,2645.0
857.944641,2658.0
858.062317,2661.8
858.179993,2667.8
858.297668,2647.0
858.415283,2651.4
858.532959,2673.4
858.650574,2637.2
858.768188,2690.0
858.885803,2682.0
859.003479,2638.0
859.121094,2621.6
859.23877,2675.6
859.356384,2635.0
859.473999,2652.2
859.591675,2656.4
859.709229,2672.8
859.826843,2640.2
859.944458,2653.6
860.062012,2635.2
860.179626,2641.4
860.297302,2678.2
860.414856,2640.8
860.532471,2680.2
860.650024,2647.4
860.767639,2648.4
860.885193,2662.8
861.002808,2660.4
861.120361,2664.0
861.237976,2665.4
861.35553,2676.2
861.473022,2658.8
861.590698,2659.6
861.708191,2672.4
861.825745,2660.4
861.943298,2659.4
862.060852,2658.0
862.178406,2686.4
862.295959,2645.8
862.413513,2650.8
862.531006,2632.8
862.64856,2665.4
862.766113,2620.4
862.883667,2647.8
863.00116,2655.6
863.118713,2662.6
863.236206,2663.4
863.353699,2636.6
863.471252,2626.4
863.588745,2637.2
863.706177,2678.4
863.82373,2634.0
863.941162,2641.4
864.058716,2650.8
864.176208,2642.6
864.29364,2693.0
864.411194,2657.2
864.528687,2655.2
864.646118,2667.2
864.763611,2621.4
864.881042,2671.8
864.998535,2680.4
865.116028,2665.6
865.233459,2685.4
865.350891,2628.0
865.468384,2674.0
865.585754,2643.2
865.703308,2652.4
865.820679,2658.6
865.938171,2659.2
866.055542,2665.2
866.173035,2651.8
866.290466,2672.6
866.407837,2652.6
866.52533,2668.0
866.6427,2644.6
866.760071,2668.8
866.877563,2663.8
866.994934,2663.8
867.112305,2669.8
867.229736,2646.2
867.347107,2661.0
867.464539,2651.8
867.58197,2625.6
867.699341,2677.2
867.81665,2652.4
867.934082,2649.6
868.051453,2640.4
868.168823,2665.4
868.286194,2656.0
868.403564,2664.4
868.520935,2649.6
868.638306,2657.6
868.755676,2653.4
868.872986,2663.8
868.990295,2677.8
869.107727,2673.0
869.225037,2687.6
869.342346,2645.4
869.459717,2678.2
869.577026,2697.8
869.694336,2677.6
869.811707,2660.8
869.929016,2690.8
870.046326,2675.6
870.163635,2675.0
870.280945,2693.4
870.398254,2681.4
870.515564,2668.6
870.632812,2651.8
870.750183,2689.2
870.867432,2665.0
870.984741,2668.2
871.102051,2665.4
871.219299,2662.6
871.336609,2670.2
871.453918,2668.6
871.571106,2684.4
871.688416,2663.0
871.805664,2647.2
871.922852,2676.0
872.040222,2660.8
872.157471,2686.2
872.274719,2671.0
872.391968,2656.2
872.509155,2686.0
872.626465,2668.6
872.743652,2677.2
872.860962,2680.0
872.978149,2669.8
873.095337,2679.0
873.212646,2671.8
873.329834,2661.0
873.44696,2675.2
873.564209,2658.8
873.681396,2686.8
873.798645,2664.6
873.915894,2674.4
874.03302,2661.6
874.150208,2668.8
874.267456,2664.8
874.384583,2640.4
874.501831,2669.6
874.618958,2667.6
874.736145,2685.6
874.853333,2677.8
874.970459,2657.6
875.087646,2678.6
875.204834,2656.2
875.32196,2693.8
875.439148,2673.4
875.556274,2681.2
875.673401,2704.4
875.790527,2678.6
875.907715,2668.6
876.024841,2676.6
876.141968,2658.4
876.259094,2704.2
876.376282,2691.4
876.493347,2704.8
876.610474,2696.0
876.7276,2714.0
876.844727,2690.2
876.961853,2681.8
877.078918,2701.8
877.195984,2697.4
877.313171,2720.6
877.430237,2695.0
877.547302,2714.2
877.664368,2701.4
877.781433,2683.8
877.898499,2705.4
878.015625,2667.4
878.13269,2699.2
878.249695,2716.6
878.366821,2688.2
878.483887,2713.4
878.600952,2670.8
878.717957,2716.8
878.834961,2727.0
878.952087,2728.0
879.069092,2709.2
879.186157,2700.8
879.303162,2702.6
879.420227,2722.6
879.537231,2712.2
879.654236,2688.0
879.77124,2711.8
879.888306,2685.4
880.005249,2707.0
880.122314,2693.8
880.239319,2712.8
880.356323,2718.4
880.473328,2699.2
880.590271,2689.0
880.707275,2718.2
880.824341,2705.8
880.941284,2692.8
881.058228,2712.2
881.175232,2693.2
881.292236,2696.2
881.40918,2706.0
881.526123,2714.0
881.643066,2733.8
881.760071,2720.8
881.877014,2719.4
881.993958,2716.6
882.11084,2709.8
882.227783,2704.8
882.344727,2716.2
882.46167,2730.8
882.578613,2703.0
882.695618,2717.4
882.812439,2726.8
882.929382,2708.4
883.046326,2726.8
883.163208,2737.6
883.280151,2727.2
883.397034,2740.8
883.513916,2729.0
883.630798,2732.6
883.747742,2723.2
883.864563,2741.6
883.981506,2724.4
884.098389,2706.2
884.21521,2705.6
884.332153,2713.6
884.448975,2711.0
884.565796,2714.6
884.682678,2713.6
884.7995,2731.0
884.916443,2728.8
885.033264,2736.0
885.150085,2707.4
885.266968,2725.2
885.383789,2748.6
885.500671,2770.4
885.617493,2749.6
885.734314,2750.2
885.851196,2750.0
885.967896,2743.0
886.084717,2717.8
886.201599,2769.2
886.318359,2720.8
886.435181,2753.0
886.552002,2748.2
886.668762,2761.2
886.785645,2726.0
886.902344,2746.2
887.019165,2734.6
887.135925,2724.6
887.252747,2749.4
887.369446,2752.2
887.486267,2751.8
887.603027,2746.2
887.719788,2746.4
887.836548,2771.0
887.953247,2760.2
888.070068,2773.0
888.186829,2756.6
888.303528,2751.6
888.420288,2743.8
888.536987,2734.2
888.653687,2756.2
888.770447,2766.8
888.887146,2753.2
889.003967,2766.2
889.120667,2740.0
889.237305,2733.2
889.354065,2744.4
889.470703,2744.0
889.587463,2745.0
889.704163,2775.4
889.820862,2752.6
889.937561,2752.6
890.054199,2748.2
890.170837,2736.6
890.287598,2744.2
890.404236,2753.2
890.520874,2741.2
890.637634,2766.6
890.754211,2789.6
890.87085,2767.6
890.987549,2737.4
891.104187,2760.2
891.220886,2757.0
891.337463,2757.0
891.454102,2779.8
891.57074,2769.4
891.687378,2767.4
891.804077,2781.4
891.920654,2729.4
892.037231,2756.2
892.15387,2763.0
892.270447,2746.4
892.387085,2770.8
892.503723,2787.8
892.6203,2783.0
892.736877,2786.8
892.853516,2815.6
892.970032,2793.2
893.08667,2777.8
893.203186,2808.8
893.319763,2762.6
893.43634,2778.8
893.552917,2779.4
893.669556,2791.8
893.786011,2774.2
893.902588,2769.2
894.019165,2785.6
894.135681,2821.0
894.252197,2785.0
894.368835,2814.6
894.485291,2809.2
894.601868,2784.6
894.718384,2801.8
894.8349,2806.4
894.951355,2787.8
895.067932,2784.4
895.184448,2788.0
895.300964,2798.0
895.417419,2784.0
895.533936,2807.2
895.650452,2794.6
895.766907,2806.4
895.883423,2805.2
895.999878,2784.4
896.116333,2824.4
896.232849,2800.2
896.349304,2824.2
896.465759,2811.8
896.582214,2811.2
896.698669,2814.4
896.815125,2817.8
896.931641,2821.8
897.048035,2801.0
897.164551,2806.2
897.280884,2841.2
897.397339,2810.8
897.513794,2816.6
897.630249,2828.2
897.746582,2815.4
897.863098,2811.8
897.979431,2787.4
898.095886,2803.8
898.212341,2830.4
898.328674,2832.4
898.445129,2818.0
898.561462,2821.8
898.677795,2843.0
898.794312,2834.0
898.910645,2785.6
899.026978,2813.0
899.143433,2834.0
899.259766,2826.8
899.37616,2812.6
899.492493,2809.6
899.608765,2837.6
899.725159,2826.6
899.841553,2841.0
899.957947,2848.2
900.07428,2861.6
900.190552,2850.2
900.306946,2840.8
900.423157,2827.8
900.53949,2810.2
900.655884,2838.4
900.772156,2830.6
900.888489,2856.0
901.004822,2803.4
901.121033,2813.6
901.237366,2837.4
901.353699,2835.2
901.46991,2828.6
901.586304,2860.4
901.702515,2825.4
901.818787,2820.4
901.93512,2854.2
902.051331,2849.6
902.167603,2838.8
902.283875,2850.2
902.400085,2822.2
902.516418,2839.6
902.632629,2855.6
902.74884,2849.8
902.865112,2856.2
902.981384,2853.4
903.097595,2858.2
903.213867,2853.4
903.330017,2858.2
903.446289,2858.4
903.5625,2815.4
903.67865,2839.8
903.794922,2856.0
903.911072,2838.0
904.027344,2848.2
904.143494,2859.0
904.259705,2844.0
904.375916,2852.6
904.492065,2864.4
904.608215,2852.6
904.724426,2873.2
904.840576,2842.0
904.956726,2851.4
905.072876,2833.0
905.189087,2856.8
905.305176,2838.4
905.421387,2866.2
905.537537,2894.6
905.653687,2859.0
905.769775,2854.2
905.885925,2889.2
906.002014,2879.2
906.118164,2858.6
906.234314,2867.0
906.350403,2850.2
906.466492,2891.8
906.582642,2877.4
906.69873,2881.2
906.814758,2912.2
906.930908,2867.8
907.046936,2860.8
907.163086,2881.8
907.279175,2863.6
907.395264,2897.6
907.511353,2871.8
907.62738,2859.0
907.743408,2897.6
907.859497,2896.2
907.975525,2872.2
908.091553,2873.2
908.207703,2846.8
908.32373,2856.0
908.439758,2888.6
908.555786,2865.0
908.671814,2916.8
908.787842,2849.8
908.90387,2884.2
909.019775,2896.6
909.135864,2882.8
909.251892,2902.2
909.367859,2897.8
909.483826,2894.8
909.599854,2902.4
909.715881,2875.8
909.831848,2881.4
909.947815,2879.0
910.063782,2896.6
910.179749,2907.6
910.295776,2893.2
910.411743,2879.4
910.527649,2890.2
910.643616,2889.6
910.759583,2894.0
910.875488,2893.0
910.991455,2881.4
911.107361,2892.0
911.223267,2903.6
911.339294,2912.0
911.4552,2898.6
911.571106,2865.2
911.687073,2873.2
911.802979,2864.2
911.918823,2872.0
912.034729,2880.4
912.150635,2877.0
912.266602,2882.2
912.382446,2860.0
912.498352,2835.0
912.614197,2849.8
912.730103,2890.0
912.846008,2887.8
792.44574,3766.2
792.56488,3690.2
792.68396,3735.2
792.80304,3725.8
792.92218,3647.4
793.041199,3615.2
793.160339,3594.4
793.279419,3621.8
793.398499,3579.0
793.517578,3583.4
793.636658,3535.0
793.755737,3537.6
793.874817,3500.0
793.993896,3519.2
794.112976,3498.2
794.232056,3467.8
794.351074,3479.4
794.470215,3434.6
794.589233,3416.4
794.708313,3398.4
794.827393,3396.8
794.946411,3382.2
795.065552,3382.6
795.18457,3375.4
795.303589,3415.6
795.422668,3361.6
795.541687,3378.8
795.660767,3375.0
795.779846,3308.0
795.898865,3339.8
796.017883,3330.0
796.136963,3309.6
796.255981,3299.0
796.375061,3294.0
796.49408,3314.6
796.613037,3280.8
796.732117,3325.4
796.851135,3264.4
796.970154,3264.0
797.089233,3270.2
797.208191,3237.2
797.327271,3273.0
797.446228,3253.8
797.565186,3251.2
797.684265,3265.0
797.803223,3247.4
797.922241,3210.6
798.04126,3241.8
798.160278,3207.0
798.279297,3230.6
798.398315,3236.2
798.517273,3214.8
798.636292,3213.2
798.75531,3206.2
798.874268,3202.4
798.993286,3223.6
799.112244,3172.4
799.231323,3184.4
799.350281,3206.4
799.469238,3211.4
799.588257,3172.8
799.707153,3209.8
799.826111,3226.8
799.945129,3196.0
800.064087,3196.0
800.183044,3199.0
800.302063,3198.6
800.421021,3197.8
800.539978,3181.0
800.658936,3142.6
800.777893,3200.8
800.896912,3198.2
801.015747,3179.2
801.134705,3205.8
801.253723,3161.6
801.37262,3160.4
801.491638,3195.4
801.610535,3187.6
801.729492,3220.2
801.84845,3161.4
801.967407,3199.8
802.086243,3188.2
802.205261,3204.0
802.324158,3157.4
802.443115,3165.2
802.562073,3189.6
802.680969,3228.8
802.799927,3173.8
802.918762,3175.8
803.037659,3162.2
803.156677,3191.8
803.275574,3157.2
803.39447,3180.2
803.513428,3151.2
803.632263,3157.6
803.751221,3164.8
803.870117,3168.6
803.989014,3175.0
804.107971,3163.0
804.226746,3182.8
804.345642,3170.4
804.4646,3175.0
804.583496,3177.6
804.702393,3161.2
804.821228,3163.2
804.940125,3180.6
805.059021,3161.8
805.177917,3179.8
805.296814,3184.2
805.415649,3180.2
805.534546,3193.2
805.653442,3162.2
805.772278,3193.2
805.891113,3179.4
806.01001,3177.0
806.128906,3156.0
806.247742,3155.2
806.366577,3140.2
806.485413,3184.8
806.604309,3164.4
806.723145,3157.8
806.84198,3190.2
806.960876,3162.2
807.079712,3178.0
807.198486,3183.6
807.317383,3183.0
807.436218,3163.0
807.554993,3144.8
807.673889,3182.4
807.792725,3195.4
807.91156,3161.8
808.030396,3186.4
808.14917,3154.8
808.268005,3175.0
808.386841,3180.0
808.505676,3176.2
808.624451,3178.0
808.743286,3134.0
808.862122,3175.0
808.980896,3159.0
809.099731,3158.2
809.218506,3185.0
809.337341,3151.4
809.456116,3164.8
809.57489,3169.8
809.693726,3188.0
809.8125,3158.8
809.931274,3158.8
810.050049,3169.4
810.168884,3157.8
810.287659,3156.2
810.406372,3160.4
810.525269,3171.8
810.643982,3128.2
810.762756,3179.6
810.881531,3156.0
811.000305,3176.2
811.11908,3161.0
811.237854,3158.6
811.356567,3151.0
811.475403,3158.2
811.594116,3162.4
811.71283,3148.0
811.831604,3143.2
811.950378,3161.2
812.069153,3118.2
812.187927,3134.0
812.30658,3171.0
812.425415,3131.8
812.544128,3143.8
812.662781,3133.0
812.781616,3124.2
812.900269,3166.8
813.019043,3145.4
813.137756,3127.0
813.256531,3159.0
813.375244,3118.6
813.493896,3112.6
813.612671,3138.4
813.731384,3128.0
813.850037,3135.8
813.96875,3145.0
814.087524,3120.8
814.206238,3103.2
814.324951,3094.8
814.443604,3118.8
814.562256,3071.6
814.68103,3097.8
814.799683,3089.8
814.918335,3107.2
815.037109,3093.8
815.155762,3095.4
815.274475,3075.6
815.393188,3071.6
815.511841,3076.6
815.630554,3074.6
815.749146,3035.2
815.867859,3068.0
815.986572,3054.6
816.105164,3038.8
816.223877,3055.6
816.342529,3073.2
816.461182,3053.6
816.579895,3078.8
816.698486,3084.6
816.817139,3081.6
816.935791,3072.6
817.054504,3049.2
817.173096,3031.2
817.291748,3065.8
817.4104,3069.2
817.529053,3012.0
817.647644,3033.0
817.766235,2979.8
817.884949,3011.6
818.00354,2972.4
818.122192,2986.8
818.240845,2957.6
818.359436,2954.0
818.478088,2954.4
818.59668,2946.6
818.715271,2921.6
818.833923,2915.4
818.952515,2893.2
819.071106,2915.2
819.189758,2917.8
819.30835,2849.0
819.426941,2867.0
819.545532,2885.4
819.664124,2891.2
819.782715,2878.4
819.901306,2900.2
820.019897,2862.8
820.138489,2886.0
820.25708,2887.0
820.375671,2875.8
820.494202,2861.6
820.612732,2834.0
820.731384,2867.8
820.849915,2837.2
820.968506,2831.6
821.087097,2822.6
821.205627,2840.4
821.324158,2846.2
821.442749,2824.4
821.561279,2853.4
821.679871,2824.6
821.798401,2813.4
821.916931,2828.4
822.035461,2815.0
822.154053,2821.8
822.272583,2798.8
822.391174,2810.8
822.509583,2793.4
822.628174,2783.4
822.746704,2817.6
822.865234,2806.0
822.983765,2792.0
823.102295,2822.0
823.220825,2804.8
823.339294,2816.4
823.457825,2825.2
823.576355,2799.2
823.694824,2794.6
823.813354,2797.2
823.931885,2813.0
824.050354,2809.4
824.168884,2807.8
824.287354,2777.8
824.405823,2828.0
824.524353,2825.4
824.642822,2813.8
824.761353,2785.2
824.879822,2782.2
824.998291,2777.8
825.116699,2753.8
825.235291,2801.8
825.353699,2780.0
825.472168,2763.6
825.590637,2760.0
825.709106,2777.4
825.827576,2768.4
825.946045,2740.2
826.064453,2772.0
826.182983,2722.0
826.301392,2766.8
826.4198,2764.4
826.53833,2744.6
826.656738,2754.4
826.775208,2756.4
826.893677,2771.2
827.012024,2716.8
827.130493,2751.0
827.248962,2760.0
827.36731,2716.6
827.485779,2749.6
827.604248,2749.6
827.722595,2748.6
827.841064,2705.6
827.959412,2735.4
828.077942,2713.0
828.196289,2743.8
828.314636,2731.6
828.433105,2706.0
828.551514,2721.2
828.669861,2701.2
828.78833,2711.0
828.906677,2721.0
829.025085,2691.4
829.143433,2724.8
829.261841,2664.6
829.38031,2697.4
829.498657,2711.6
829.617004,2707.0
829.735413,2710.8
829.85376,2703.2
829.972107,2691.4
830.090515,2702.0
830.208862,2703.6
830.327209,2663.6
830.445557,2711.4
830.563904,2720.6
830.682312,2697.2
830.800659,2681.2
830.919006,2722.6
831.037354,2699.8
831.155701,2721.8
831.274048,2707.8
831.392395,2676.2
831.51062,2705.0
831.629028,2685.4
831.747314,2679.2
831.865662,2701.4
831.984009,2699.6
832.102356,2670.2
832.220642,2689.2
832.338928,2701.0
832.457275,2688.8
832.575623,2693.0
832.693909,2664.8
832.812134,2713.6
832.930481,2672.8
833.048828,2698.0
833.167114,2680.2
833.2854,2677.4
833.403687,2685.6
833.521973,2690.8
833.640259,2678.0
833.758545,2697.2
833.876831,2676.6
833.995056,2691.0
834.113281,2670.2
834.231628,2688.6
834.349915,2663.8
834.468201,2663.2
834.586426,2685.2
834.704651,2678.6
834.822998,2685.4
834.941162,2681.6
835.059448,2683.8
835.177673,2705.0
835.295959,2689.2
835.414246,2687.0
835.53241,2670.4
835.650635,2686.6
835.768921,2665.8
835.887146,2676.4
836.005371,2698.2
836.123596,2699.0
836.241821,2711.0
836.360046,2676.0
836.478271,2691.0
836.596497,2689.4
836.714722,2682.8
836.832886,2705.0
836.95105,2678.2
837.069336,2689.0
837.1875,2687.2
837.305725,2714.6
837.423889,2708.0
837.542053,2701.4
837.660339,2673.6
837.778503,2697.6
837.896667,2683.4
838.014832,2710.2
838.132996,2695.2
838.25116,2682.0
838.369385,2695.6
838.487488,2702.4
838.605713,2709.4
838.723877,2670.8
838.84198,2683.0
838.960205,2663.2
839.078308,2690.0
839.196472,2700.4
839.314636,2688.6
839.4328,2706.4
839.550964,2689.4
839.669067,2671.8
839.787231,2675.6
839.905396,2676.8
840.023499,2672.4
840.141602,2708.0
840.259766,2682.4
840.377869,2657.0
840.495972,2671.6
840.614136,2654.6
840.732239,2665.6
840.850342,2655.2
840.968445,2665.6
841.086548,2649.2
841.204651,2674.2
841.322754,2672.0
841.440918,2648.2
841.55896,2669.4
841.677002,2656.6
841.795166,2646.6
841.913208,2678.2
842.031311,2669.4
842.149353,2661.0
842.267456,2652.4
842.385498,2623.2
842.503601,2634.0
842.621643,2654.8
842.739746,2642.4
842.857788,2661.8
842.97583,2638.2
843.093933,2664.0
843.211975,2631.4
843.330017,2648.2
843.44812,2663.8
843.566101,2631.2
843.684204,2604.6
843.802246,2649.2
843.920227,2629.6
844.038269,2677.8
844.156311,2671.4
844.274292,2625.6
844.392395,2647.6
844.510376,2635.4
844.628357,2614.6
844.74646,2609.4
844.864441,2628.0
844.982422,2654.6
845.100403,2649.4
845.218384,2611.2
845.336426,2623.6
845.454468,2650.2
845.572449,2650.2
845.69043,2647.8
845.808411,2645.6
845.926453,2624.4
846.044373,2600.6
846.162354,2621.6
846.280396,2653.4
846.398315,2627.6
846.516296,2622.8
846.634216,2654.4
846.752197,2653.6
846.870178,2638.0
846.988098,2630.2
847.106079,2628.8
847.22406,2628.2
847.34198,2670.0
847.4599,2645.8
847.577881,2628.4
847.695801,2654.6
847.813782,2639.4
847.931641,2601.2
848.049561,2663.0
848.167603,2601.2
848.285461,2648.8
848.403381,2626.8
848.521362,2644.8
848.639221,2630.2
848.75708,2634.2
848.875,2652.6
848.99292,2635.0
849.110901,2627.6
849.22876,2624.8
849.34668,2640.2
849.464539,2662.2
849.582458,2642.8
849.700317,2618.8
849.818176,2629.6
849.936096,2633.2
850.053955,2658.2
850.171875,2648.6
850.289673,2661.6
850.407593,2642.8
850.525452,2668.4
850.643311,2673.6
850.761169,2649.2
850.878967,2636.0
850.996887,2681.2
851.114746,2621.8
851.232544,2665.2
851.350403,2640.4
851.468262,2674.6
851.58606,2666.0
851.703979,2672.2
851.821777,2680.0
851.939636,2672.8
852.057434,2700.0
852.175232,2703.0
852.293091,2720.6
852.410889,2692.2
852.528687,2691.0
852.646545,2692.0
852.764343,2688.2
852.88208,2667.2
852.999939,2663.6
853.117676,2655.6
853.235535,2671.2
853.353271,2666.0
853.471069,2650.8
853.588928,2646.6
853.706604,2649.4
853.824402,2655.8
853.9422,2646.0
854.059998,2654.4
854.177734,2647.2
854.295532,2656.4
854.413269,2631.0
854.531006,2619.4
854.648804,2661.8
854.766541,2678.6
854.884277,2654.8
855.002014,2661.2
855.119751,2666.4
855.237549,2695.2
855.355225,2701.4
855.473022,2675.0
855.590698,2659.8
855.708435,2688.4
855.826172,2678.2
855.943848,2706.2
856.061646,2677.2
856.179321,2672.4
856.296997,2688.8
856.414795,2698.8
856.53241,2670.2
856.650085,2699.8
856.767822,2669.4
856.885559,2689.8
857.003174,2656.2
857.120911,2684.6
857.238586,2658.2
857.356201,2676.0
857.473938,2654.8
857.591614,2660.8
857.709351,2661.4
857.826965,2664.8
857.944641,2658.2
858.062317,2670.4
858.179993,2683.2
858.297668,2651.8
858.415283,2659.0
858.532959,2660.8
858.650574,2645.6
858.768188,2683.8
858.885803,2663.6
859.003479,2654.0
859.121094,2634.6
859.23877,2678.2
859.356384,2651.4
859.473999,2650.6
859.591675,2677.6
859.709229,2688.6
859.826843,2648.6
859.944458,2634.4
860.062012,2667.2
860.179626,2642.0
860.297302,2670.8
860.414856,2688.2
860.532471,2643.2
860.650024,2653.2
860.767639,2672.4
860.885193,2657.0
861.002808,2658.0
861.120361,2653.6
861.237976,2641.0
861.35553,2665.0
861.473022,2679.4
861.590698,2641.0
861.708191,2673.0
861.825745,2651.2
861.943298,2662.2
862.060852,2649.0
862.178406,2651.0
862.295959,2669.8
862.413513,2644.8
862.531006,2662.4
862.64856,2654.4
862.766113,2659.2
862.883667,2665.2
863.00116,2654.2
863.118713,2639.4
863.236206,2631.8
863.353699,2659.2
863.471252,2642.2
863.588745,2652.8
863.706177,2642.6
863.82373,2641.4
863.941162,2640.6
864.058716,2654.4
864.176208,2654.0
864.29364,2662.2
864.411194,2678.4
864.528687,2632.0
864.646118,2678.0
864.763611,2670.8
864.881042,2645.0
864.998535,2656.2
865.116028,2661.8
865.233459,2637.2
865.350891,2646.8
865.468384,2642.4
865.585754,2684.4
865.703308,2646.6
865.820679,2672.6
865.938171,2683.0
866.055542,2640.0
866.173035,2660.6
866.290466,2662.8
866.407837,2657.4
866.52533,2664.8
866.6427,2681.0
866.760071,2661.0
866.877563,2640.8
866.994934,2660.8
867.112305,2663.4
867.229736,2668.2
867.347107,2679.2
867.464539,2666.6
867.58197,2658.6
867.699341,2663.2
867.81665,2684.0
867.934082,2659.6
868.051453,2637.8
868.168823,2663.2
868.286194,2647.2
868.403564,2674.8
868.520935,2646.8
868.638306,2709.6
868.755676,2675.4
868.872986,2664.4
868.990295,2674.2
869.107727,2690.0
869.225037,2674.0
869.342346,2685.2
869.459717,2655.8
869.577026,2677.0
869.694336,2674.6
869.811707,2673.2
869.929016,2686.0
870.046326,2661.2
870.163635,2667.0
870.280945,2700.6
870.398254,2706.6
870.515564,2668.2
870.632812,2653.4
870.750183,2683.8
870.867432,2666.0
870.984741,2666.6
871.102051,2666.4
871.219299,2663.0
871.336609,2680.2
871.453918,2686.0
871.571106,2676.2
871.688416,2677.6
871.805664,2654.2
871.922852,2689.4
872.040222,2678.0
872.157471,2699.8
872.274719,2679.2
872.391968,2670.8
872.509155,2668.8
872.626465,2683.8
872.743652,2696.2
872.860962,2677.2
872.978149,2681.6
873.095337,2658.6
873.212646,2667.0
873.329834,2658.4
873.44696,2690.8
873.564209,2676.6
873.681396,2686.6
873.798645,2693.2
873.915894,2675.6
874.03302,2674.2
874.150208,2686.0
874.267456,2684.4
874.384583,2659.6
874.501831,2671.4
874.618958,2691.0
874.736145,2692.0
874.853333,2699.2
874.970459,2695.2
875.087646,2688.8
875.204834,2682.6
875.32196,2664.8
875.439148,2707.8
875.556274,2682.6
875.673401,2683.8
875.790527,2674.6
875.907715,2679.2
876.024841,2685.6
876.141968,2723.4
876.259094,2688.8
876.376282,2690.8
876.493347,2695.4
876.610474,2692.2
876.7276,2734.2
876.844727,2684.0
876.961853,2688.2
877.078918,2721.6
877.195984,2696.4
877.313171,2727.8
877.430237,2709.4
877.547302,2685.6
877.664368,2726.0
877.781433,2714.6
877.898499,2694.0
878.015625,2709.8
878.13269,2721.2
878.249695,2725.2
878.366821,2695.2
878.483887,2709.2
878.600952,2708.8
878.717957,2716.2
878.834961,2726.4
878.952087,2740.0
879.069092,2743.0
879.186157,2700.6
879.303162,2701.0
879.420227,2693.6
879.537231,2684.4
879.654236,2712.6
879.77124,2690.6
879.888306,2678.0
880.005249,2722.0
880.122314,2698.0
880.239319,2739.4
880.356323,2678.4
880.473328,2698.6
880.590271,2674.6
880.707275,2706.8
880.824341,2706.2
880.941284,2685.0
881.058228,2698.0
881.175232,2722.8
881.292236,2678.0
881.40918,2679.0
881.526123,2722.0
881.643066,2725.2
881.760071,2710.8
881.877014,2732.0
881.993958,2724.2
882.11084,2732.6
882.227783,2691.8
882.344727,2699.4
882.46167,2714.4
882.578613,2722.0
882.695618,2723.0
882.812439,2725.2
882.929382,2698.2
883.046326,2720.6
883.163208,2730.4
883.280151,2722.8
883.397034,2705.8
883.513916,2709.4
883.630798,2737.4
883.747742,2752.2
883.864563,2740.8
883.981506,2718.0
884.098389,2697.4
884.21521,2725.8
884.332153,2759.8
884.448975,2716.0
884.565796,2730.8
884.682678,2707.2
884.7995,2762.8
884.916443,2718.6
885.033264,2726.6
885.150085,2727.0
885.266968,2739.6
885.383789,2726.2
885.500671,2738.8
885.617493,2752.6
885.734314,2760.4
885.851196,2748.0
885.967896,2728.6
886.084717,2755.4
886.201599,2778.0
886.318359,2760.0
886.435181,2778.0
886.552002,2765.6
886.668762,2755.2
886.785645,2749.6
886.902344,2765.8
887.019165,2756.8
887.135925,2753.4
887.252747,2767.4
887.369446,2749.0
887.486267,2758.6
887.603027,2756.6
887.719788,2729.6
887.836548,2735.8
887.953247,2731.6
888.070068,2738.4
888.186829,2759.6
888.303528,2756.8
888.420288,2744.8
888.536987,2750.8
888.653687,2759.2
888.770447,2754.0
888.887146,2736.2
889.003967,2747.4
889.120667,2723.8
889.237305,2759.2
889.354065,2743.0
889.470703,2760.8
889.587463,2724.2
889.704163,2785.2
889.820862,2750.8
889.937561,2768.0
890.054199,2744.6
890.170837,2773.2
890.287598,2747.2
890.404236,2742.6
890.520874,2783.0
890.637634,2766.4
890.754211,2750.8
890.87085,2759.6
890.987549,2755.4
891.104187,2772.0
891.220886,2758.2
891.337463,2775.6
891.454102,2727.4
891.57074,2774.2
891.687378,2753.2
891.804077,2773.6
891.920654,2743.8
892.037231,2779.8
892.15387,2760.6
892.270447,2760.0
892.387085,2760.6
892.503723,2784.2
892.6203,2759.4
892.736877,2757.4
892.853516,2766.0
892.970032,2769.6
893.08667,2777.2
893.203186,2780.2
893.319763,2762.8
893.43634,2760.2
893.552917,2787.8
893.669556,2803.6
893.786011,2770.0
893.902588,2773.0
894.019165,2793.0
894.135681,2797.8
894.252197,2761.8
894.368835,2824.6
894.485291,2789.4
894.601868,2795.2
894.718384,2816.4
894.8349,2794.2
894.951355,2790.2
895.067932,2790.2
895.184448,2796.8
895.300964,2817.2
895.417419,2775.4
895.533936,2783.2
895.650452,2806.4
895.766907,2799.2
895.883423,2777.0
895.999878,2792.4
896.116333,2813.0
896.232849,2826.8
896.349304,2788.4
896.465759,2786.4
896.582214,2801.2
896.698669,2807.0
896.815125,2805.4
896.931641,2815.6
897.048035,2801.4
897.164551,2812.6
897.280884,2817.0
897.397339,2796.6
897.513794,2782.4
897.630249,2837.6
897.746582,2798.2
897.863098,2833.2
897.979431,2823.6
898.095886,2803.8
898.212341,2809.0
898.328674,2812.8
898.445129,2822.2
898.561462,2812.0
898.677795,2857.4
898.794312,2818.6
898.910645,2822.2
899.026978,2792.4
899.143433,2854.6
899.259766,2814.2
899.37616,2814.6
899.492493,2830.4
899.608765,2833.0
899.725159,2804.8
899.841553,2845.6
899.957947,2853.2
900.07428,2817.6
900.190552,2858.4
900.306946,2851.0
900.423157,2844.2
900.53949,2842.6
900.655884,2852.4
900.772156,2837.6
900.888489,2846.6
901.004822,2815.8
901.121033,2809.8
901.237366,2794.2
901.353699,2825.4
901.46991,2808.8
901.586304,2842.6
901.702515,2845.4
901.818787,2847.0
901.93512,2844.6
902.051331,2842.6
902.167603,2844.4
902.283875,2870.4
902.400085,2803.6
902.516418,2838.2
902.632629,2842.6
902.74884,2835.4
902.865112,2857.4
902.981384,2828.8
903.097595,2829.4
903.213867,2884.4
903.330017,2844.6
903.446289,2848.8
903.5625,2835.2
903.67865,2856.0
903.794922,2868.4
903.911072,2827.0
904.027344,2872.6
904.143494,2863.0
904.259705,2864.8
904.375916,2810.0
904.492065,2883.6
904.608215,2862.0
904.724426,2858.4
904.840576,2846.4
904.956726,2815.4
905.072876,2886.6
905.189087,2847.8
905.305176,2833.6
905.421387,2858.6
905.537537,2870.6
905.653687,2850.4
905.769775,2864.2
905.885925,2853.6
906.002014,2846.0
906.118164,2857.8
906.234314,2866.6
906.350403,2878.8
906.466492,2853.2
906.582642,2851.4
906.69873,2865.6
906.814758,2878.4
906.930908,2880.8
907.046936,2833.6
907.163086,2880.8
907.279175,2876.2
907.395264,2864.0
907.511353,2891.6
907.62738,2857.4
907.743408,2876.2
907.859497,2889.6
907.975525,2885.4
908.091553,2895.0
908.207703,2876.4
908.32373,2855.6
908.439758,2865.0
908.555786,2872.6
908.671814,2865.0
908.787842,2879.4
908.90387,2886.4
909.019775,2880.2
909.135864,2880.8
909.251892,2898.4
909.367859,2899.6
909.483826,2882.2
909.599854,2899.4
909.715881,2861.6
909.831848,2897.6
909.947815,2900.4
910.063782,2858.4
910.179749,2890.4
910.295776,2910.8
910.411743,2888.0
910.527649,2897.8
910.643616,2902.2
910.759583,2867.6
910.875488,2886.2
910.991455,2919.2
911.107361,2884.0
911.223267,2889.2
911.339294,2869.8
911.4552,2901.8
911.571106,2875.2
911.687073,2895.0
911.802979,2878.2
911.918823,2891.6
912.034729,2906.8
912.150635,2874.0
912.266602,2901.8
912.382446,2884.2
912.498352,2860.6
912.614197,2855.8
912.730103,2877.6
912.846008,2859.0
792.44574,4333.2
792.56488,4254.8
792.68396,4303.6
792.80304,4221.0
792.92218,4127.8
793.041199,4113.4
793.160339,4122.6
793.279419,4067.2
793.398499,4017.4
793.517578,4002.6
793.636658,3977.2
793.755737,4002.8
793.874817,3927.4
793.993896,3912.4
794.112976,3884.8
794.232056,3847.4
794.351074,3856.6
794.470215,3825.4
794.589233,3762.0
794.708313,3784.6
794.827393,3745.8
794.946411,3725.6
795.065552,3752.4
795.18457,3721.2
795.303589,3733.6
795.422668,3728.0
795.541687,3693.0
795.660767,3689.8
795.779846,3612.8
795.898865,3636.8
796.017883,3648.0
796.136963,3602.2
796.255981,3613.8
796.375061,3588.0
796.49408,3594.6
796.613037,3545.6
796.732117,3543.8
796.851135,3578.8
796.970154,3531.0
797.089233,3527.0
797.208191,3528.4
797.327271,3527.8
797.446228,3534.8
797.565186,3504.2
797.684265,3528.6
797.803223,3489.4
797.922241,3472.8
798.04126,3500.0
798.160278,3448.4
798.279297,3467.4
798.398315,3454.4
798.517273,3428.0
798.636292,3428.0
798.75531,3456.8
798.874268,3454.6
798.993286,3439.2
799.112244,3396.2
799.231323,3424.2
799.350281,3411.2
799.469238,3426.2
799.588257,3416.0
799.707153,3443.2
799.826111,3431.6
799.945129,3379.2
800.064087,3421.2
800.183044,3394.0
800.302063,3403.8
800.421021,3429.8
800.539978,3378.2
800.658936,3389.4
800.777893,3394.4
800.896912,3407.0
801.015747,3398.2
801.134705,3373.0
801.253723,3376.4
801.37262,3342.2
801.491638,3375.8
801.610535,3376.6
801.729492,3366.8
801.84845,3381.2
801.967407,3395.0
802.086243,3370.2
802.205261,3383.0
802.324158,3355.4
802.443115,3376.0
802.562073,3353.8
802.680969,3378.2
802.799927,3372.4
802.918762,3384.8
803.037659,3352.6
803.156677,3403.6
803.275574,3376.2
803.39447,3368.8
803.513428,3370.4
803.632263,3364.8
803.751221,3357.6
803.870117,3357.8
803.989014,3368.6
804.107971,3347.2
804.226746,3375.6
804.345642,3356.0
804.4646,3364.8
804.583496,3351.4
804.702393,3361.2
804.821228,3368.2
804.940125,3353.2
805.059021,3348.4
805.177917,3373.4
805.296814,3364.0
805.415649,3378.2
805.534546,3389.8
805.653442,3368.4
805.772278,3366.6
805.891113,3371.0
806.01001,3380.4
806.128906,3378.2
806.247742,3380.6
806.366577,3387.4
806.485413,3345.0
806.604309,3376.2
806.723145,3361.2
806.84198,3366.2
806.960876,3361.6
807.079712,3355.2
807.198486,3365.4
807.317383,3386.4
807.436218,3337.0
807.554993,3355.0
807.673889,3362.2
807.792725,3355.0
807.91156,3345.4
808.030396,3357.4
808.14917,3366.6
808.268005,3342.8
808.386841,3356.8
808.505676,3353.0
808.624451,3347.2
808.743286,3340.8
808.862122,3339.2
808.980896,3350.2
809.099731,3323.4
809.218506,3358.4
809.337341,3363.2
809.456116,3336.2
809.57489,3392.6
809.693726,3365.8
809.8125,3371.8
809.931274,3355.4
810.050049,3340.6
810.168884,3342.4
810.287659,3344.4
810.406372,3359.6
810.525269,3350.0
810.643982,3312.2
810.762756,3322.4
810.881531,3322.2
811.000305,3352.2
811.11908,3289.4
811.237854,3343.6
811.356567,3340.0
811.475403,3320.4
811.594116,3331.8
811.71283,3334.0
811.831604,3342.6
811.950378,3351.4
812.069153,3331.8
812.187927,3358.0
812.30658,3324.4
812.425415,3340.2
812.544128,3349.6
812.662781,3336.6
812.781616,3346.6
812.900269,3324.4
813.019043,3318.8
813.137756,3343.2
813.256531,3352.0
813.375244,3317.0
813.493896,3330.0
813.612671,3311.6
813.731384,3294.6
813.850037,3291.6
813.96875,3293.8
814.087524,3304.4
814.206238,3276.6
814.324951,3314.0
814.443604,3320.8
814.562256,3263.6
814.68103,3282.0
814.799683,3285.8
814.918335,3281.8
815.037109,3273.6
815.155762,3272.0
815.274475,3280.6
815.393188,3275.6
815.511841,3251.8
815.630554,3249.4
815.749146,3246.4
815.867859,3221.2
815.986572,3232.2
816.105164,3260.8
816.223877,3250.6
816.342529,3224.0
816.461182,3265.8
816.579895,3270.8
816.698486,3222.2
816.817139,3280.8
816.935791,3288.6
817.054504,3256.2
817.173096,3255.6
817.291748,3194.0
817.4104,3217.0
817.529053,3170.8
817.647644,3196.8
817.766235,3152.4
817.884949,3171.8
818.00354,3136.6
818.122192,3158.2
818.240845,3146.6
818.359436,3140.2
818.478088,3121.2
818.59668,3106.8
818.715271,3117.4
818.833923,3094.2
818.952515,3078.4
819.071106,3085.8
819.189758,3068.8
819.30835,3073.0
819.426941,3069.8
819.545532,3083.4
819.664124,3057.8
819.782715,3049.8
819.901306,3044.8
820.019897,3027.8
820.138489,3052.2
820.25708,3078.6
820.375671,3066.8
820.494202,3026.2
820.612732,3023.6
820.731384,3039.2
820.849915,3026.2
820.968506,3040.0
821.087097,2979.6
821.205627,3033.4
821.324158,3003.6
821.442749,3007.8
821.561279,3027.8
821.679871,3006.4
821.798401,3001.2
821.916931,3014.2
822.035461,3007.2
822.154053,3010.6
822.272583,2982.0
822.391174,2988.2
822.509583,2967.2
822.628174,2978.0
822.746704,2966.8
822.865234,2957.8
822.983765,2977.4
823.102295,2986.8
823.220825,2923.6
823.339294,2975.6
823.457825,2985.0
823.576355,2975.8
823.694824,2965.4
823.813354,2954.0
823.931885,2974.0
824.050354,2973.0
824.168884,2965.4
824.287354,2969.0
824.405823,2957.0
824.524353,2969.6
824.642822,2980.0
824.761353,2962.8
824.879822,2976.8
824.998291,2940.4
825.116699,2942.2
825.235291,2967.8
825.353699,2924.4
825.472168,2921.2
825.590637,2963.4
825.709106,2962.0
825.827576,2938.0
825.946045,2938.8
826.064453,2926.8
826.182983,2884.0
826.301392,2941.0
826.4198,2924.8
826.53833,2895.6
826.656738,2898.2
826.775208,2918.4
826.893677,2913.6
827.012024,2941.4
827.130493,2915.4
827.248962,2926.0
827.36731,2884.6
827.485779,2916.6
827.604248,2918.8
827.722595,2901.2
827.841064,2866.6
827.959412,2906.2
828.077942,2894.2
828.196289,2879.2
828.314636,2882.6
828.433105,2878.2
828.551514,2874.8
828.669861,2891.6
828.78833,2874.4
828.906677,2864.6
829.025085,2837.8
829.143433,2900.8
829.261841,2869.6
829.38031,2850.8
829.498657,2848.6
829.617004,2872.0
829.735413,2843.4
829.85376,2851.4
829.972107,2856.6
830.090515,2860.6
830.208862,2892.8
830.327209,2819.4
830.445557,2886.6
830.563904,2877.8
830.682312,2880.2
830.800659,2858.2
830.919006,2893.4
831.037354,2841.2
831.155701,2891.2
831.274048,2863.4
831.392395,2879.6
831.51062,2826.0
831.629028,2851.2
831.747314,2858.2
831.865662,2878.2
831.984009,2872.8
832.102356,2867.6
832.220642,2842.8
832.338928,2879.2
832.457275,2868.0
832.575623,2826.0
832.693909,2850.4
832.812134,2869.0
832.930481,2860.6
833.048828,2860.8
833.167114,2875.0
833.2854,2851.6
833.403687,2851.6
833.521973,2844.4
833.640259,2822.2
833.758545,2858.4
833.876831,2822.8
833.995056,2841.4
834.113281,2844.6
834.231628,2866.2
834.349915,2835.6
834.468201,2860.2
834.586426,2839.0
834.704651,2846.6
834.822998,2854.2
834.941162,2862.6
835.059448,2856.6
835.177673,2850.6
835.295959,2871.2
835.414246,2850.8
835.53241,2843.4
835.650635,2861.6
835.768921,2849.6
835.887146,2865.4
836.005371,2857.6
836.123596,2880.4
836.241821,2854.6
836.360046,2861.2
836.478271,2848.6
836.596497,2873.6
836.714722,2864.4
836.832886,2895.4
836.95105,2847.2
837.069336,2893.8
837.1875,2851.2
837.305725,2875.6
837.423889,2879.0
837.542053,2849.6
837.660339,2838.4
837.778503,2876.2
837.896667,2877.0
838.014832,2856.4
838.132996,2857.2
838.25116,2848.8
838.369385,2857.0
838.487488,2885.6
838.605713,2871.0
838.723877,2860.8
838.84198,2877.4
838.960205,2879.6
839.078308,2877.0
839.196472,2861.8
839.314636,2853.8
839.4328,2864.6
839.550964,2871.6
839.669067,2850.0
839.787231,2843.0
839.905396,2864.4
840.023499,2859.2
840.141602,2872.8
840.259766,2859.6
840.377869,2857.6
840.495972,2886.2
840.614136,2853.2
840.732239,2852.6
840.850342,2851.6
840.968445,2856.4
841.086548,2848.8
841.204651,2848.4
841.322754,2857.8
841.440918,2845.6
841.55896,2851.2
841.677002,2853.0
841.795166,2852.6
841.913208,2848.2
842.031311,2845.4
842.149353,2854.6
842.267456,2821.2
842.385498,2850.6
842.503601,2870.6
842.621643,2825.8
842.739746,2850.6
842.857788,2835.2
842.97583,2859.2
843.093933,2803.2
843.211975,2853.0
843.330017,2845.8
843.44812,2850.0
843.566101,2859.8
843.684204,2811.0
843.802246,2821.2
843.920227,2845.8
844.038269,2856.0
844.156311,2832.6
844.274292,2838.4
844.392395,2834.6
844.510376,2825.6
844.628357,2831.0
844.74646,2829.2
844.864441,2820.2
844.982422,2844.0
845.100403,2847.6
845.218384,2834.4
845.336426,2830.0
845.454468,2855.4
845.572449,2848.2
845.69043,2818.0
845.808411,2847.0
845.926453,2834.4
846.044373,2842.2
846.162354,2830.4
846.280396,2831.2
846.398315,2840.0
846.516296,2833.6
846.634216,2818.6
846.752197,2870.8
846.870178,2829.2
846.988098,2839.8
847.106079,2858.4
847.22406,2845.6
847.34198,2862.0
847.4599,2858.6
847.577881,2853.4
847.695801,2839.4
847.813782,2861.8
847.931641,2871.2
848.049561,2881.2
848.167603,2828.2
848.285461,2847.2
848.403381,2864.8
848.521362,2863.0
848.639221,2877.4
848.75708,2871.8
848.875,2876.0
848.99292,2890.0
849.110901,2870.8
849.22876,2872.2
849.34668,2831.6
849.464539,2846.8
849.582458,2831.0
849.700317,2841.0
849.818176,2836.2
849.936096,2860.4
850.053955,2859.0
850.171875,2857.0
850.289673,2861.2
850.407593,2856.0
850.525452,2874.4
850.643311,2874.0
850.761169,2867.8
850.878967,2871.4
850.996887,2869.8
851.114746,2858.8
851.232544,2854.0
851.350403,2921.4
851.468262,2882.6
851.58606,2872.8
851.703979,2897.6
851.821777,2909.6
851.939636,2877.2
852.057434,2918.2
852.175232,2939.0
852.293091,2928.0
852.410889,2917.8
852.528687,2923.2
852.646545,2938.2
852.764343,2903.6
852.88208,2934.8
852.999939,2901.2
853.117676,2901.4
853.235535,2873.8
853.353271,2853.0
853.471069,2873.6
853.588928,2835.6
853.706604,2857.2
853.824402,2868.2
853.9422,2890.8
854.059998,2846.4
854.177734,2860.6
854.295532,2892.4
854.413269,2849.8
854.531006,2859.6
854.648804,2899.8
854.766541,2899.2
854.884277,2878.6
855.002014,2864.0
855.119751,2854.6
855.237549,2893.2
855.355225,2902.2
855.473022,2913.8
855.590698,2904.8
855.708435,2883.2
855.826172,2899.0
855.943848,2922.4
856.061646,2909.2
856.179321,2895.2
856.296997,2903.4
856.414795,2917.0
856.53241,2903.6
856.650085,2914.8
856.767822,2904.8
856.885559,2920.4
857.003174,2872.6
857.120911,2890.0
857.238586,2880.8
857.356201,2906.6
857.473938,2872.0
857.591614,2871.4
857.709351,2857.2
857.826965,2865.0
857.944641,2874.0
858.062317,2886.2
858.179993,2892.6
858.297668,2887.0
858.415283,2853.0
858.532959,2871.8
858.650574,2891.2
858.768188,2873.4
858.885803,2872.4
859.003479,2900.6
859.121094,2869.4
859.23877,2868.8
859.356384,2877.0
859.473999,2865.6
859.591675,2880.8
859.709229,2863.0
859.826843,2886.4
859.944458,2840.4
860.062012,2850.8
860.179626,2850.0
860.297302,2863.4
860.414856,2862.8
860.532471,2860.2
860.650024,2854.4
860.767639,2870.6
860.885193,2878.6
861.002808,2890.0
861.120361,2907.4
861.237976,2881.0
861.35553,2889.4
861.473022,2859.2
861.590698,2904.2
861.708191,2852.0
861.825745,2882.0
861.943298,2875.2
862.060852,2850.4
862.178406,2858.6
862.295959,2887.4
862.413513,2873.0
862.531006,2865.6
862.64856,2864.8
862.766113,2873.0
862.883667,2867.8
863.00116,2855.4
863.118713,2864.8
863.236206,2898.6
863.353699,2833.4
863.471252,2865.8
863.588745,2846.6
863.706177,2878.8
863.82373,2852.0
863.941162,2856.6
864.058716,2877.0
864.176208,2880.8
864.29364,2875.6
864.411194,2889.0
864.528687,2838.8
864.646118,2854.0
864.763611,2852.6
864.881042,2858.8
864.998535,2882.4
865.116028,2857.2
865.233459,2865.8
865.350891,2861.4
865.468384,2855.8
865.585754,2900.4
865.703308,2864.4
865.820679,2900.4
865.938171,2865.6
866.055542,2865.0
866.173035,2884.2
866.290466,2860.4
866.407837,2885.2
866.52533,2875.0
866.6427,2875.2
866.760071,2871.6
866.877563,2893.0
866.994934,2876.4
867.112305,2886.4
867.229736,2875.8
867.347107,2877.4
867.464539,2882.4
867.58197,2877.6
867.699341,2895.4
867.81665,2859.2
867.934082,2882.8
868.051453,2864.6
868.168823,2881.0
868.286194,2879.8
868.403564,2862.4
868.520935,2864.2
868.638306,2882.2
868.755676,2888.0
868.872986,2873.4
868.990295,2879.8
869.107727,2911.0
869.225037,2898.6
869.342346,2889.2
869.459717,2878.0
869.577026,2882.6
869.694336,2866.8
869.811707,2896.8
869.929016,2900.0
870.046326,2914.8
870.163635,2891.0
870.280945,2902.0
870.398254,2904.2
870.515564,2918.0
870.632812,2891.0
870.750183,2895.4
870.867432,2889.8
870.984741,2881.2
871.102051,2870.6
871.219299,2883.6
871.336609,2882.0
871.453918,2912.2
871.571106,2917.2
871.688416,2883.0
871.805664,2893.6
871.922852,2908.2
872.040222,2895.8
872.157471,2897.8
872.274719,2905.8
872.391968,2912.2
872.509155,2913.4
872.626465,2930.2
872.743652,2891.8
872.860962,2933.4
872.978149,2915.6
873.095337,2908.8
873.212646,2894.8
873.329834,2921.8
873.44696,2884.4
873.564209,2917.6
873.681396,2897.4
873.798645,2916.4
873.915894,2908.2
874.03302,2900.2
874.150208,2891.4
874.267456,2895.2
874.384583,2914.4
874.501831,2917.8
874.618958,2906.0
874.736145,2906.2
874.853333,2931.2
874.970459,2899.6
875.087646,2929.6
875.204834,2923.6
875.32196,2916.2
875.439148,2904.0
875.556274,2924.4
875.673401,2959.0
875.790527,2920.8
875.907715,2916.4
876.024841,2921.0
876.141968,2918.0
876.259094,2925.0
876.376282,2928.0
876.493347,2932.2
876.610474,2906.4
876.7276,2934.8
876.844727,2936.8
876.961853,2938.0
877.078918,2954.6
877.195984,2930.8
877.313171,2986.4
877.430237,2925.4
877.547302,2945.4
877.664368,2934.4
877.781433,2950.6
877.898499,2953.6
878.015625,2965.2
878.13269,2936.8
878.249695,2947.4
878.366821,2948.6
878.483887,2954.8
878.600952,2919.8
878.717957,2942.2
878.834961,2958.0
878.952087,2943.2
879.069092,2939.6
879.186157,2927.4
879.303162,2927.4
879.420227,2943.6
879.537231,2920.6
879.654236,2935.2
879.77124,2904.0
879.888306,2929.2
880.005249,2879.8
880.122314,2892.8
880.239319,2914.8
880.356323,2911.6
880.473328,2904.2
880.590271,2888.0
880.707275,2931.0
880.824341,2927.8
880.941284,2916.0
881.058228,2919.2
881.175232,2934.4
881.292236,2927.4
881.40918,2905.2
881.526123,2934.8
881.643066,2923.8
881.760071,2939.2
881.877014,2914.0
881.993958,2955.6
882.11084,2931.2
882.227783,2935.6
882.344727,2917.8
882.46167,2949.0
882.578613,2903.0
882.695618,2965.8
882.812439,2913.4
882.929382,2934.8
883.046326,2962.8
883.163208,2931.4
883.280151,2917.4
883.397034,2958.2
883.513916,2956.8
883.630798,2977.8
883.747742,2952.0
883.864563,2940.4
883.981506,2975.8
884.098389,2936.2
884.21521,2958.2
884.332153,2966.0
884.448975,2929.2
884.565796,2969.0
884.682678,2968.2
884.7995,2974.6
884.916443,2965.6
885.033264,2967.6
885.150085,2957.6
885.266968,2984.8
885.383789,3008.8
885.500671,3001.8
885.617493,2959.4
885.734314,3015.2
885.851196,3001.6
885.967896,2989.0
886.084717,3008.8
886.201599,3010.0
886.318359,3001.6
886.435181,3012.2
886.552002,3021.6
886.668762,2996.2
886.785645,3016.0
886.902344,3009.8
887.019165,2988.8
887.135925,3004.6
887.252747,2976.4
887.369446,3018.6
887.486267,2993.8
887.603027,2952.8
887.719788,2982.2
887.836548,2977.0
887.953247,2969.0
888.070068,2995.2
888.186829,2994.4
888.303528,2970.4
888.420288,3002.0
888.536987,2961.4
888.653687,2967.8
888.770447,2979.0
888.887146,2965.8
889.003967,2991.0
889.120667,2970.2
889.237305,2956.8
889.354065,2974.4
889.470703,2959.2
889.587463,2925.8
889.704163,2964.8
889.820862,2929.2
889.937561,2956.2
890.054199,2959.4
890.170837,2951.8
890.287598,2951.4
890.404236,2955.0
890.520874,2984.4
890.637634,2989.2
890.754211,2974.2
890.87085,2938.4
890.987549,2979.2
891.104187,2973.6
891.220886,2986.8
891.337463,2954.4
891.454102,2962.2
891.57074,2979.6
891.687378,3002.2
891.804077,2972.2
891.920654,2951.4
892.037231,2978.8
892.15387,2986.2
892.270447,2927.2
892.387085,2983.4
892.503723,2969.8
892.6203,2969.6
892.736877,2951.0
892.853516,2956.4
892.970032,3000.2
893.08667,2984.0
893.203186,2977.6
893.319763,2980.8
893.43634,2959.2
893.552917,3006.2
893.669556,2991.8
893.786011,3001.4
893.902588,2991.4
894.019165,2989.2
894.135681,3008.4
894.252197,2989.2
894.368835,3015.8
894.485291,3001.0
894.601868,2987.6
894.718384,3024.4
894.8349,2995.2
894.951355,2993.6
895.067932,2994.4
895.184448,2980.4
895.300964,3029.8
895.417419,2985.8
895.533936,3021.4
895.650452,3020.4
895.766907,3013.4
895.883423,3009.0
895.999878,3008.0
896.116333,3040.2
896.232849,3045.4
896.349304,2988.6
896.465759,3014.8
896.582214,3019.2
896.698669,3012.8
896.815125,2992.0
896.931641,3000.2
897.048035,3013.0
897.164551,3019.6
897.280884,3030.2
897.397339,3005.2
897.513794,3016.0
897.630249,3044.8
897.746582,3044.2
897.863098,3021.8
897.979431,3027.8
898.095886,3018.0
898.212341,3049.4
898.328674,3042.0
898.445129,3024.6
898.561462,3046.6
898.677795,3027.6
898.794312,3058.2
898.910645,2997.8
899.026978,3012.8
899.143433,3038.4
899.259766,3005.8
899.37616,3008.4
899.492493,3026.4
899.608765,3045.2
899.725159,3032.0
899.841553,3039.6
899.957947,3020.0
900.07428,3062.8
900.190552,3022.0
900.306946,3035.8
900.423157,3041.4
900.53949,3027.6
900.655884,3050.0
900.772156,3049.4
900.888489,3055.4
901.004822,3026.6
901.121033,3032.8
901.237366,3028.6
901.353699,3042.4
901.46991,3057.4
901.586304,3040.0
901.702515,3040.4
901.818787,3047.4
901.93512,3055.4
902.051331,3047.8
902.167603,3079.6
902.283875,3090.0
902.400085,3031.2
902.516418,3056.8
902.632629,3055.4
902.74884,3054.6
902.865112,3097.8
902.981384,3059.8
903.097595,3080.4
903.213867,3081.8
903.330017,3070.8
903.446289,3073.6
903.5625,3059.0
903.67865,3086.8
903.794922,3074.2
903.911072,3065.2
904.027344,3078.4
904.143494,3069.8
904.259705,3100.8
904.375916,3056.4
904.492065,3063.4
904.608215,3043.6
904.724426,3068.0
904.840576,3037.8
904.956726,3069.2
905.072876,3098.0
905.189087,3068.6
905.305176,3062.8
905.421387,3089.4
905.537537,3092.8
905.653687,3092.0
905.769775,3062.4
905.885925,3079.8
906.002014,3089.6
906.118164,3063.4
906.234314,3046.0
906.350403,3057.4
906.466492,3075.6
906.582642,3064.0
906.69873,3050.6
906.814758,3052.2
906.930908,3063.2
907.046936,3051.6
907.163086,3091.2
907.279175,3060.6
907.395264,3068.0
907.511353,3067.4
907.62738,3035.2
907.743408,3052.0
907.859497,3073.6
907.975525,3085.0
908.091553,3071.6
908.207703,3079.2
908.32373,3069.6
908.439758,3069.0
908.555786,3028.0
908.671814,3073.4
908.787842,3053.4
908.90387,3084.0
909.019775,3083.4
909.135864,3042.6
909.251892,3088.4
909.367859,3067.6
909.483826,3086.6
909.599854,3074.0
909.715881,3074.8
909.831848,3090.8
909.947815,3084.0
910.063782,3057.8
910.179749,3072.6
910.295776,3077.0
910.411743,3085.0
910.527649,3078.4
910.643616,3097.8
910.759583,3054.0
910.875488,3107.0
910.991455,3072.4
911.107361,3059.6
911.223267,3105.6
911.339294,3084.2
911.4552,3064.6
911.571106,3089.6
911.687073,3084.6
911.802979,3086.8
911.918823,3092.8
912.034729,3066.4
912.150635,3084.2
912.266602,3059.6
912.382446,3033.8
912.498352,3056.6
912.614197,3069.0
912.730103,3064.0
912.846008,3051.6
792.44574,4224.0
792.56488,4166.2
792.68396,4183.0
792.80304,4171.8
792.92218,4098.2
793.041199,4073.8
793.160339,4059.4
793.279419,4056.8
793.398499,3991.8
793.517578,3978.2
793.636658,3955.6
793.755737,3944.8
793.874817,3905.0
793.993896,3922.0
794.112976,3873.6
794.232056,3861.0
794.351074,3839.6
794.470215,3818.8
794.589233,3788.6
794.708313,3809.4
794.827393,3785.2
794.946411,3745.6
795.065552,3788.6
795.18457,3751.0
795.303589,3784.8
795.422668,3735.4
795.541687,3721.2
795.660767,3752.4
795.779846,3692.0
795.898865,3653.8
796.017883,3682.2
796.136963,3643.0
796.255981,3652.4
796.375061,3666.4
796.49408,3618.2
796.613037,3642.2
796.732117,3602.4
796.851135,3616.2
796.970154,3573.8
797.089233,3627.0
797.208191,3589.2
797.327271,3574.0
797.446228,3570.6
797.565186,3585.2
797.684265,3568.6
797.803223,3513.6
797.922241,3523.8
798.04126,3604.2
798.160278,3523.2
798.279297,3542.2
798.398315,3526.0
798.517273,3517.8
798.636292,3486.8
798.75531,3503.2
798.874268,3513.0
798.993286,3534.2
799.112244,3470.4
799.231323,3521.0
799.350281,3464.4
799.469238,3502.6
799.588257,3490.2
799.707153,3505.6
799.826111,3507.2
799.945129,3493.4
800.064087,3493.2
800.183044,3500.6
800.302063,3465.6
800.421021,3465.8
800.539978,3457.6
800.658936,3469.6
800.777893,3443.6
800.896912,3446.6
801.015747,3442.4
801.134705,3447.4
801.253723,3454.0
801.37262,3435.8
801.491638,3416.4
801.610535,3455.8
801.729492,3445.6
801.84845,3429.2
801.967407,3417.2
802.086243,3433.0
802.205261,3449.6
802.324158,3420.2
802.443115,3454.6
802.562073,3428.8
802.680969,3457.4
802.799927,3427.6
802.918762,3406.2
803.037659,3426.6
803.156677,3418.0
803.275574,3449.0
803.39447,3447.8
803.513428,3438.8
803.632263,3432.6
803.751221,3435.6
803.870117,3447.4
803.989014,3415.0
804.107971,3394.2
804.226746,3434.0
804.345642,3455.0
804.4646,3439.4
804.583496,3412.2
804.702393,3415.8
804.821228,3443.0
804.940125,3421.4
805.059021,3424.4
805.177917,3411.8
805.296814,3441.8
805.415649,3481.6
805.534546,3430.8
805.653442,3429.4
805.772278,3438.6
805.891113,3452.6
806.01001,3431.6
806.128906,3445.2
806.247742,3416.0
806.366577,3398.8
806.485413,3460.0
806.604309,3423.2
806.723145,3417.8
806.84198,3430.4
806.960876,3420.6
807.079712,3407.4
807.198486,3416.2
807.317383,3430.4
807.436218,3389.2
807.554993,3386.2
807.673889,3403.6
807.792725,3356.6
807.91156,3399.2
808.030396,3403.0
808.14917,3391.4
808.268005,3390.6
808.386841,3399.4
808.505676,3402.4
808.624451,3375.6
808.743286,3381.0
808.862122,3419.4
808.980896,3393.6
809.099731,3392.0
809.218506,3369.4
809.337341,3399.8
809.456116,3405.0
809.57489,3416.6
809.693726,3419.0
809.8125,3389.6
809.931274,3384.6
810.050049,3407.6
810.168884,3354.6
810.287659,3391.8
810.406372,3380.8
810.525269,3383.0
810.643982,3348.8
810.762756,3350.8
810.881531,3333.8
811.000305,3384.4
811.11908,3331.0
811.237854,3354.8
811.356567,3359.2
811.475403,3378.0
811.594116,3344.8
811.71283,3367.8
811.831604,3361.0
811.950378,3365.2
812.069153,3371.4
812.187927,3408.6
812.30658,3368.4
812.425415,3357.2
812.544128,3365.4
812.662781,3361.2
812.781616,3338.2
812.900269,3361.6
813.019043,3334.0
813.137756,3346.0
813.256531,3392.2
813.375244,3328.0
813.493896,3326.4
813.612671,3333.4
813.731384,3331.8
813.850037,3324.4
813.96875,3340.0
814.087524,3333.4
814.206238,3307.0
814.324951,3301.6
814.443604,3302.6
814.562256,3308.8
814.68103,3337.4
814.799683,3331.8
814.918335,3332.8
815.037109,3335.8
815.155762,3329.8
815.274475,3295.4
815.393188,3300.6
815.511841,3310.4
815.630554,3309.2
815.749146,3293.8
815.867859,3299.0
815.986572,3302.8
816.105164,3285.6
816.223877,3298.2
816.342529,3289.0
816.461182,3280.8
816.579895,3298.0
816.698486,3319.2
816.817139,3314.4
816.935791,3344.4
817.054504,3296.4
817.173096,3290.2
817.291748,3273.2
817.4104,3299.4
817.529053,3259.8
817.647644,3303.2
817.766235,3256.6
817.884949,3304.2
818.00354,3260.2
818.122192,3295.2
818.240845,3255.0
818.359436,3229.2
818.478088,3287.0
818.59668,3230.6
818.715271,3222.2
818.833923,3233.8
818.952515,3213.2
819.071106,3227.4
819.189758,3216.8
819.30835,3209.0
819.426941,3188.2
819.545532,3224.4
819.664124,3210.0
819.782715,3211.4
819.901306,3229.8
820.019897,3205.8
820.138489,3221.2
820.25708,3216.0
820.375671,3218.2
820.494202,3184.8
820.612732,3225.2
820.731384,3206.8
820.849915,3182.2
820.968506,3197.4
821.087097,3159.6
821.205627,3188.4
821.324158,3171.8
821.442749,3151.6
821.561279,3161.0
821.679871,3170.2
821.798401,3144.8
821.916931,3175.0
822.035461,3167.0
822.154053,3189.0
822.272583,3129.8
822.391174,3157.4
822.509583,3141.4
822.628174,3152.2
822.746704,3166.4
822.865234,3135.8
822.983765,3132.2
823.102295,3175.2
823.220825,3146.8
823.339294,3138.2
823.457825,3146.6
823.576355,3163.0
823.694824,3165.0
823.813354,3138.0
823.931885,3156.8
824.050354,3155.6
824.168884,3138.0
824.287354,3124.2
824.405823,3141.8
824.524353,3160.8
824.642822,3138.8
824.761353,3096.6
824.879822,3171.6
824.998291,3136.0
825.116699,3149.6
825.235291,3140.0
825.353699,3143.0
825.472168,3120.8
825.590637,3130.6
825.709106,3131.8
825.827576,3118.2
825.946045,3111.0
826.064453,3127.8
826.182983,3096.0
826.301392,3108.6
826.4198,3110.4
826.53833,3094.8
826.656738,3126.8
826.775208,3098.4
826.893677,3119.0
827.012024,3099.8
827.130493,3106.4
827.248962,3130.0
827.36731,3108.4
827.485779,3097.0
827.604248,3102.0
827.722595,3119.2
827.841064,3078.2
827.959412,3092.6
828.077942,3084.2
828.196289,3065.8
828.314636,3050.0
828.433105,3076.0
828.551514,3063.2
828.669861,3100.2
828.78833,3061.2
828.906677,3080.4
829.025085,3109.8
829.143433,3068.6
829.261841,3060.6
829.38031,3044.4
829.498657,3083.2
829.617004,3082.6
829.735413,3088.2
829.85376,3048.0
829.972107,3038.2
830.090515,3068.0
830.208862,3082.8
830.327209,3084.6
830.445557,3073.6
830.563904,3079.0
830.682312,3080.2
830.800659,3076.4
830.919006,3070.2
831.037354,3031.2
831.155701,3110.0
831.274048,3068.4
831.392395,3053.8
831.51062,3075.2
831.629028,3051.2
831.747314,3097.6
831.865662,3045.0
831.984009,3067.2
832.102356,3060.6
832.220642,3060.2
832.338928,3062.6
832.457275,3083.8
832.575623,3055.4
832.693909,3028.0
832.812134,3078.6
832.930481,3050.6
833.048828,3041.6
833.167114,3032.8
833.2854,3046.8
833.403687,3087.2
833.521973,3042.6
833.640259,3044.8
833.758545,3045.6
833.876831,3044.2
833.995056,3027.4
834.113281,3073.8
834.231628,3079.2
834.349915,3035.0
834.468201,3054.8
834.586426,3085.0
834.704651,3045.0
834.822998,3068.8
834.941162,3065.0
835.059448,3071.8
835.177673,3053.2
835.295959,3060.8
835.414246,3066.4
835.53241,3041.4
835.650635,3043.0
835.768921,2999.8
835.887146,3043.4
836.005371,3068.2
836.123596,3060.8
836.241821,3050.8
836.360046,3049.4
836.478271,3047.2
836.596497,3050.2
836.714722,3084.2
836.832886,3070.6
836.95105,3048.8
837.069336,3093.6
837.1875,3077.8
837.305725,3061.6
837.423889,3071.8
837.542053,3066.6
837.660339,3059.6
837.778503,3061.4
837.896667,3061.2
838.014832,3028.6
838.132996,3062.0
838.25116,3052.0
838.369385,3040.8
838.487488,3053.0
838.605713,3045.8
838.723877,3068.0
838.84198,3044.4
838.960205,3040.2
839.078308,3077.8
839.196472,3039.2
839.314636,3048.4
839.4328,3054.0
839.550964,3045.2
839.669067,3044.4
839.787231,3021.6
839.905396,3045.8
840.023499,3040.2
840.141602,3046.6
840.259766,3061.0
840.377869,3013.2
840.495972,3008.8
840.614136,3037.8
840.732239,3014.6
840.850342,3012.2
840.968445,3017.8
841.086548,3024.4
841.204651,3014.8
841.322754,3013.2
841.440918,3017.4
841.55896,3043.6
841.677002,3054.8
841.795166,3029.8
841.913208,3044.8
842.031311,3037.0
842.149353,3027.0
842.267456,3041.0
842.385498,3055.6
842.503601,3004.0
842.621643,3022.2
842.739746,3013.6
842.857788,3022.2
842.97583,3013.8
843.093933,3027.4
843.211975,3032.0
843.330017,3020.4
843.44812,3028.2
843.566101,2993.2
843.684204,3025.8
843.802246,3011.2
843.920227,3015.8
844.038269,3043.6
844.156311,3052.2
844.274292,3025.2
844.392395,3032.2
844.510376,3059.8
844.628357,3023.0
844.74646,3036.2
844.864441,3010.6
844.982422,3038.2
845.100403,3025.4
845.218384,3016.0
845.336426,3017.0
845.454468,3008.4
845.572449,3021.2
845.69043,3018.4
845.808411,2993.4
845.926453,3036.6
846.044373,3025.0
846.162354,3048.2
846.280396,3031.6
846.398315,3016.8
846.516296,3059.4
846.634216,3013.6
846.752197,3049.4
846.870178,3042.8
846.988098,3032.8
847.106079,3027.2
847.22406,2997.8
847.34198,3065.0
847.4599,3053.6
847.577881,3054.2
847.695801,3036.8
847.813782,3033.8
847.931641,3031.8
848.049561,3044.0
848.167603,3044.4
848.285461,3027.8
848.403381,3025.4
848.521362,3031.8
848.639221,3055.4
848.75708,3032.2
848.875,3028.8
848.99292,3055.2
849.110901,3036.8
849.22876,3042.4
849.34668,3022.8
849.464539,3025.6
849.582458,3021.0
849.700317,3024.6
849.818176,3010.0
849.936096,3008.6
850.053955,3038.8
850.171875,3021.0
850.289673,3032.4
850.407593,3017.4
850.525452,3040.4
850.643311,3025.8
850.761169,3011.2
850.878967,3042.8
850.996887,3078.0
851.114746,3024.6
851.232544,3056.8
851.350403,3069.2
851.468262,3065.2
851.58606,3048.6
851.703979,3071.6
851.821777,3088.6
851.939636,3105.0
852.057434,3083.4
852.175232,3093.8
852.293091,3094.0
852.410889,3128.2
852.528687,3119.0
852.646545,3113.6
852.764343,3085.8
852.88208,3094.2
852.999939,3097.8
853.117676,3067.6
853.235535,3063.4
853.353271,3071.8
853.471069,3057.4
853.588928,3041.2
853.706604,3043.2
853.824402,3053.8
853.9422,3047.6
854.059998,3010.6
854.177734,3028.2
854.295532,3063.0
854.413269,3037.0
854.531006,3055.8
854.648804,3064.4
854.766541,3045.4
854.884277,3032.6
855.002014,3095.8
855.119751,3086.6
855.237549,3093.2
855.355225,3108.8
855.473022,3110.6
855.590698,3078.4
855.708435,3110.6
855.826172,3062.2
855.943848,3094.6
856.061646,3080.0
856.179321,3061.6
856.296997,3059.2
856.414795,3103.0
856.53241,3082.0
856.650085,3071.6
856.767822,3071.8
856.885559,3100.6
857.003174,3056.8
857.120911,3077.4
857.238586,3072.0
857.356201,3070.8
857.473938,3040.0
857.591614,3040.6
857.709351,3090.4
857.826965,3045.6
857.944641,3046.2
858.062317,3068.8
858.179993,3064.6
858.297668,3058.0
858.415283,3039.0
858.532959,3077.6
858.650574,3064.8
858.768188,3040.8
858.885803,3081.2
859.003479,3038.8
859.121094,3052.6
859.23877,3046.2
859.356384,3088.2
859.473999,3044.2
859.591675,3067.0
859.709229,3070.2
859.826843,3056.8
859.944458,3061.6
860.062012,3057.8
860.179626,3049.6
860.297302,3064.6
860.414856,3056.8
860.532471,3049.2
860.650024,3061.6
860.767639,3037.0
860.885193,3054.8
861.002808,3039.0
861.120361,3059.2
861.237976,3045.4
861.35553,3072.4
861.473022,3058.0
861.590698,3057.0
861.708191,3064.4
861.825745,3049.0
861.943298,3039.2
862.060852,3054.8
862.178406,3035.2
862.295959,3036.8
862.413513,3057.0
862.531006,3037.0
862.64856,3062.2
862.766113,3034.0
862.883667,3065.4
863.00116,3038.8
863.118713,3033.0
863.236206,3030.4
863.353699,3042.0
863.471252,3028.2
863.588745,3013.6
863.706177,3020.8
863.82373,3035.0
863.941162,3018.4
864.058716,3034.4
864.176208,3046.0
864.29364,3038.2
864.411194,3049.2
864.528687,3054.8
864.646118,3042.4
864.763611,3055.0
864.881042,3068.4
864.998535,3054.0
865.116028,3058.6
865.233459,3057.8
865.350891,3033.2
865.468384,3082.2
865.585754,3068.6
865.703308,3024.8
865.820679,3078.0
865.938171,3055.6
866.055542,3085.8
866.173035,3055.0
866.290466,3053.8
866.407837,3072.8
866.52533,3074.6
866.6427,3071.6
866.760071,3072.2
866.877563,3081.6
866.994934,3021.2
867.112305,3056.8
867.229736,3056.4
867.347107,3046.0
867.464539,3052.6
867.58197,3074.8
867.699341,3070.0
867.81665,3045.8
867.934082,3063.2
868.051453,3036.8
868.168823,3056.6
868.286194,3056.6
868.403564,3040.0
868.520935,3087.4
868.638306,3059.0
868.755676,3073.2
868.872986,3051.2
868.990295,3077.0
869.107727,3106.2
869.225037,3056.4
869.342346,3081.4
869.459717,3059.6
869.577026,3078.0
869.694336,3062.0
869.811707,3044.2
869.929016,3050.0
870.046326,3063.8
870.163635,3070.0
870.280945,3076.0
870.398254,3045.6
870.515564,3078.2
870.632812,3030.8
870.750183,3078.8
870.867432,3056.4
870.984741,3051.4
871.102051,3039.8
871.219299,3073.4
871.336609,3107.0
871.453918,3086.0
871.571106,3065.8
871.688416,3078.2
871.805664,3085.6
871.922852,3074.8
872.040222,3078.0
872.157471,3092.4
872.274719,3089.2
872.391968,3115.4
872.509155,3084.4
872.626465,3077.0
872.743652,3068.0
872.860962,3058.2
872.978149,3107.0
873.095337,3103.6
873.212646,3105.6
873.329834,3080.6
873.44696,3103.2
873.564209,3094.8
873.681396,3092.0
873.798645,3102.8
873.915894,3091.0
874.03302,3101.2
874.150208,3097.2
874.267456,3076.4
874.384583,3087.6
874.501831,3068.6
874.618958,3097.2
874.736145,3085.0
874.853333,3085.4
874.970459,3103.4
875.087646,3098.4
875.204834,3094.2
875.32196,3086.6
875.439148,3085.2
875.556274,3070.6
875.673401,3102.8
875.790527,3085.4
875.907715,3071.4
876.024841,3088.4
876.141968,3101.6
876.259094,3113.8
876.376282,3104.8
876.493347,3107.4
876.610474,3089.0
876.7276,3107.2
876.844727,3109.2
876.961853,3063.8
877.078918,3125.6
877.195984,3094.0
877.313171,3131.4
877.430237,3111.6
877.547302,3133.2
877.664368,3118.2
877.781433,3094.8
877.898499,3129.4
878.015625,3130.8
878.13269,3116.6
878.249695,3110.6
878.366821,3090.6
878.483887,3140.6
878.600952,3098.2
878.717957,3146.4
878.834961,3124.6
878.952087,3118.2
879.069092,3108.6
879.186157,3138.0
879.303162,3111.4
879.420227,3115.6
879.537231,3110.4
879.654236,3092.4
879.77124,3086.0
879.888306,3082.0
880.005249,3105.4
880.122314,3038.2
880.239319,3095.0
880.356323,3100.6
880.473328,3085.4
880.590271,3085.0
880.707275,3087.4
880.824341,3091.0
880.941284,3091.2
881.058228,3107.2
881.175232,3093.6
881.292236,3088.0
881.40918,3132.0
881.526123,3130.4
881.643066,3096.0
881.760071,3143.2
881.877014,3104.0
881.993958,3124.8
882.11084,3081.2
882.227783,3102.8
882.344727,3101.0
882.46167,3096.4
882.578613,3109.0
882.695618,3143.0
882.812439,3105.0
882.929382,3127.0
883.046326,3116.4
883.163208,3106.2
883.280151,3114.0
883.397034,3122.2
883.513916,3131.6
883.630798,3117.8
883.747742,3144.0
883.864563,3105.2
883.981506,3109.8
884.098389,3133.2
884.21521,3122.6
884.332153,3142.0
884.448975,3123.8
884.565796,3136.6
884.682678,3130.0
884.7995,3119.8
884.916443,3158.6
885.033264,3153.4
885.150085,3152.4
885.266968,3146.2
885.383789,3161.0
885.500671,3159.2
885.617493,3168.8
885.734314,3171.2
885.851196,3172.2
885.967896,3173.6
886.084717,3166.4
886.201599,3144.6
886.318359,3172.0
886.435181,3170.0
886.552002,3163.4
886.668762,3150.0
886.785645,3149.8
886.902344,3136.0
887.019165,3118.0
887.135925,3139.4
887.252747,3139.6
887.369446,3151.2
887.486267,3145.8
887.603027,3137.2
887.719788,3130.8
887.836548,3148.6
887.953247,3134.8
888.070068,3142.2
888.186829,3142.6
888.303528,3160.2
888.420288,3132.8
888.536987,3143.6
888.653687,3108.4
888.770447,3133.2
888.887146,3114.6
889.003967,3150.2
889.120667,3168.8
889.237305,3155.2
889.354065,3163.0
889.470703,3137.4
889.587463,3133.8
889.704163,3152.4
889.820862,3128.0
889.937561,3159.0
890.054199,3119.8
890.170837,3096.2
890.287598,3113.8
890.404236,3153.2
890.520874,3128.2
890.637634,3140.8
890.754211,3132.4
890.87085,3131.2
890.987549,3157.0
891.104187,3151.4
891.220886,3167.0
891.337463,3143.4
891.454102,3137.2
891.57074,3161.0
891.687378,3131.4
891.804077,3137.4
891.920654,3153.6
892.037231,3166.2
892.15387,3132.2
892.270447,3128.4
892.387085,3134.2
892.503723,3147.4
892.6203,3135.2
892.736877,3156.8
892.853516,3135.2
892.970032,3140.8
893.08667,3164.2
893.203186,3153.8
893.319763,3144.4
893.43634,3147.2
893.552917,3161.0
893.669556,3176.0
893.786011,3164.6
893.902588,3176.0
894.019165,3182.6
894.135681,3159.6
894.252197,3181.2
894.368835,3185.8
894.485291,3158.4
894.601868,3156.6
894.718384,3193.4
894.8349,3152.0
894.951355,3172.8
895.067932,3172.4
895.184448,3162.6
895.300964,3183.0
895.417419,3166.4
895.533936,3162.0
895.650452,3187.6
895.766907,3167.0
895.883423,3184.4
895.999878,3171.2
896.116333,3192.4
896.232849,3188.2
896.349304,3174.8
896.465759,3169.2
896.582214,3184.4
896.698669,3186.8
896.815125,3185.4
896.931641,3172.4
897.048035,3187.0
897.164551,3196.2
897.280884,3184.4
897.397339,3175.8
897.513794,3173.8
897.630249,3186.0
897.746582,3182.8
897.863098,3173.0
897.979431,3226.8
898.095886,3198.2
898.212341,3175.8
898.328674,3201.0
898.445129,3228.4
898.561462,3243.2
898.677795,3204.8
898.794312,3210.0
898.910645,3180.2
899.026978,3182.6
899.143433,3195.2
899.259766,3195.0
899.37616,3222.8
899.492493,3176.4
899.608765,3207.0
899.725159,3210.6
899.841553,3181.6
899.957947,3206.4
900.07428,3215.6
900.190552,3217.4
900.306946,3233.0
900.423157,3221.0
900.53949,3196.0
900.655884,3187.0
900.772156,3194.6
900.888489,3244.0
901.004822,3161.4
901.121033,3177.2
901.237366,3190.6
901.353699,3204.2
901.46991,3182.6
901.586304,3197.2
901.702515,3182.2
901.818787,3226.8
901.93512,3223.6
902.051331,3231.6
902.167603,3206.8
902.283875,3222.6
902.400085,3210.4
902.516418,3224.4
902.632629,3204.0
902.74884,3222.8
902.865112,3255.4
902.981384,3202.0
903.097595,3221.6
903.213867,3231.8
903.330017,3226.4
903.446289,3205.0
903.5625,3214.4
903.67865,3225.8
903.794922,3242.8
903.911072,3231.6
904.027344,3209.6
904.143494,3199.4
904.259705,3240.4
904.375916,3175.2
904.492065,3216.4
904.608215,3172.0
904.724426,3223.0
904.840576,3181.0
904.956726,3207.0
905.072876,3257.2
905.189087,3221.6
905.305176,3227.0
905.421387,3216.2
905.537537,3223.2
905.653687,3238.4
905.769775,3215.6
905.885925,3268.0
906.002014,3246.2
906.118164,3238.8
906.234314,3235.8
906.350403,3235.4
906.466492,3236.6
906.582642,3203.8
906.69873,3213.4
906.814758,3219.6
906.930908,3252.2
907.046936,3198.6
907.163086,3228.4
907.279175,3198.0
907.395264,3224.2
907.511353,3222.0
907.62738,3197.8
907.743408,3236.8
907.859497,3268.8
907.975525,3235.0
908.091553,3241.6
908.207703,3251.2
908.32373,3238.4
908.439758,3245.4
908.555786,3229.6
908.671814,3253.8
908.787842,3254.0
908.90387,3224.6
909.019775,3220.8
909.135864,3224.4
909.251892,3237.4
909.367859,3210.0
909.483826,3215.8
909.599854,3228.6
909.715881,3226.8
909.831848,3240.2
909.947815,3218.2
910.063782,3226.8
910.179749,3222.8
910.295776,3244.0
910.411743,3235.0
910.527649,3229.0
910.643616,3263.2
910.759583,3248.8
910.875488,3233.8
910.991455,3266.4
911.107361,3245.4
911.223267,3230.6
911.339294,3242.6
911.4552,3245.4
911.571106,3235.4
911.687073,3224.2
911.802979,3221.0
911.918823,3231.0
912.034729,3217.2
912.150635,3204.0
912.266602,3212.2
912.382446,3217.8
912.498352,3197.4
912.614197,3180.0
912.730103,3212.2
912.846008,3196.2
792.44574,3435.2
792.56488,3441.0
792.68396,3462.8
792.80304,3439.0
792.92218,3364.2
793.041199,3353.2
793.160339,3374.0
793.279419,3374.4
793.398499,3351.4
793.517578,3321.2
793.636658,3282.4
793.755737,3312.0
793.874817,3286.6
793.993896,3293.6
794.112976,3304.8
794.232056,3301.4
794.351074,3272.6
794.470215,3275.4
794.589233,3267.8
794.708313,3242.4
794.827393,3239.6
794.946411,3229.8
795.065552,3245.6
795.18457,3215.6
795.303589,3249.0
795.422668,3226.6
795.541687,3186.8
795.660767,3234.2
795.779846,3199.0
795.898865,3171.0
796.017883,3199.6
796.136963,3205.4
796.255981,3205.4
796.375061,3198.2
796.49408,3163.4
796.613037,3188.4
796.732117,3179.8
796.851135,3196.6
796.970154,3158.4
797.089233,3161.0
797.208191,3161.0
797.327271,3157.0
797.446228,3136.0
797.565186,3162.4
797.684265,3162.4
797.803223,3157.8
797.922241,3145.8
798.04126,3164.4
798.160278,3136.4
798.279297,3114.8
798.398315,3154.4
798.517273,3129.4
798.636292,3124.0
798.75531,3146.8
798.874268,3107.0
798.993286,3132.2
799.112244,3100.6
799.231323,3102.2
799.350281,3121.8
799.469238,3138.8
799.588257,3126.6
799.707153,3123.8
799.826111,3131.4
799.945129,3103.0
800.064087,3147.4
800.183044,3099.6
800.302063,3119.2
800.421021,3130.2
800.539978,3114.4
800.658936,3098.4
800.777893,3129.2
800.896912,3102.6
801.015747,3096.6
801.134705,3094.4
801.253723,3127.0
801.37262,3100.8
801.491638,3129.6
801.610535,3120.4
801.729492,3122.4
801.84845,3091.6
801.967407,3112.8
802.086243,3118.4
802.205261,3124.6
802.324158,3115.2
802.443115,3125.0
802.562073,3092.4
802.680969,3112.6
802.799927,3132.4
802.918762,3109.8
803.037659,3135.8
803.156677,3131.8
803.275574,3107.8
803.39447,3106.0
803.513428,3099.6
803.632263,3156.0
803.751221,3098.0
803.870117,3136.4
803.989014,3144.4
804.107971,3105.0
804.226746,3125.4
804.345642,3116.0
804.4646,3136.0
804.583496,3128.6
804.702393,3143.0
804.821228,3136.8
804.940125,3104.8
805.059021,3118.0
805.177917,3115.4
805.296814,3152.0
805.415649,3121.4
805.534546,3143.4
805.653442,3093.6
805.772278,3145.6
805.891113,3144.6
806.01001,3160.0
806.128906,3101.4
806.247742,3129.8
806.366577,3085.6
806.485413,3126.4
806.604309,3134.8
806.723145,3101.8
806.84198,3152.0
806.960876,3109.6
807.079712,3124.8
807.198486,3110.2
807.317383,3106.6
807.436218,3098.0
807.554993,3093.8
807.673889,3119.4
807.792725,3134.8
807.91156,3115.4
808.030396,3117.8
808.14917,3116.6
808.268005,3115.6
808.386841,3117.8
808.505676,3117.8
808.624451,3093.2
808.743286,3127.4
808.862122,3092.4
808.980896,3106.4
809.099731,3127.0
809.218506,3116.4
809.337341,3106.4
809.456116,3105.4
809.57489,3153.8
809.693726,3115.8
809.8125,3139.0
809.931274,3132.4
810.050049,3132.4
810.168884,3094.2
810.287659,3105.0
810.406372,3118.4
810.525269,3106.0
810.643982,3104.6
810.762756,3107.4
810.881531,3128.0
811.000305,3086.4
811.11908,3087.0
811.237854,3068.8
811.356567,3080.0
811.475403,3099.4
811.594116,3094.4
811.71283,3120.2
811.831604,3102.4
811.950378,3095.4
812.069153,3069.2
812.187927,3101.8
812.30658,3101.6
812.425415,3077.8
812.544128,3097.8
812.662781,3093.8
812.781616,3078.0
812.900269,3101.6
813.019043,3111.8
813.137756,3072.0
813.256531,3092.4
813.375244,3051.4
813.493896,3079.6
813.612671,3094.0
813.731384,3053.2
813.850037,3076.6
813.96875,3071.2
814.087524,3053.0
814.206238,3053.4
814.324951,3059.6
814.443604,3031.8
814.562256,3084.2
814.68103,3051.2
814.799683,3072.0
814.918335,3038.4
815.037109,3072.4
815.155762,3034.0
815.274475,3021.6
815.393188,3038.6
815.511841,3034.0
815.630554,3043.6
815.749146,3027.0
815.867859,3001.6
815.986572,3017.4
816.105164,3027.6
816.223877,3035.8
816.342529,3027.2
816.461182,3019.8
816.579895,3035.8
816.698486,3033.4
816.817139,3044.2
816.935791,3047.8
817.054504,3042.0
817.173096,3009.4
817.291748,2996.4
817.4104,3038.4
817.529053,2991.4
817.647644,2989.6
817.766235,2924.0
817.884949,2933.4
818.00354,2962.2
818.122192,2930.4
818.240845,2921.0
818.359436,2899.2
818.478088,2915.6
818.59668,2901.4
818.715271,2858.0
818.833923,2876.2
818.952515,2853.4
819.071106,2877.6
819.189758,2861.4
819.30835,2856.0
819.426941,2840.2
819.545532,2829.6
819.664124,2854.6
819.782715,2819.2
819.901306,2838.8
820.019897,2835.8
820.138489,2820.0
820.25708,2853.4
820.375671,2824.6
820.494202,2802.2
820.612732,2829.0
820.731384,2805.4
820.849915,2794.4
820.968506,2808.0
821.087097,2842.0
821.205627,2804.2
821.324158,2788.4
821.442749,2804.6
821.561279,2795.4
821.679871,2799.0
821.798401,2789.6
821.916931,2793.8
822.035461,2824.0
822.154053,2774.8
822.272583,2768.8
822.391174,2790.6
822.509583,2772.8
822.628174,2780.4
822.746704,2801.8
822.865234,2755.0
822.983765,2753.2
823.102295,2792.4
823.220825,2751.6
823.339294,2764.6
823.457825,2777.2
823.576355,2784.2
823.694824,2742.8
823.813354,2754.2
823.931885,2775.8
824.050354,2781.4
824.168884,2758.4
824.287354,2793.2
824.405823,2773.2
824.524353,2797.2
824.642822,2772.0
824.761353,2804.4
824.879822,2758.0
824.998291,2756.6
825.116699,2739.4
825.235291,2751.0
825.353699,2770.6
825.472168,2742.2
825.590637,2729.8
825.709106,2758.2
825.827576,2726.6
825.946045,2708.2
826.064453,2750.2
826.182983,2733.6
826.301392,2738.8
826.4198,2713.2
826.53833,2715.4
826.656738,2728.0
826.775208,2729.4
826.893677,2728.4
827.012024,2712.2
827.130493,2710.2
827.248962,2704.0
827.36731,2707.0
827.485779,2710.6
827.604248,2724.4
827.722595,2709.2
827.841064,2705.2
827.959412,2687.8
828.077942,2703.0
828.196289,2679.0
828.314636,2708.0
828.433105,2700.8
828.551514,2699.4
828.669861,2705.8
828.78833,2664.6
828.906677,2685.0
829.025085,2695.6
829.143433,2697.8
829.261841,2697.8
829.38031,2688.0
829.498657,2679.4
829.617004,2687.2
829.735413,2700.2
829.85376,2659.4
829.972107,2692.8
830.090515,2662.4
830.208862,2690.2
830.327209,2679.0
830.445557,2666.4
830.563904,2681.8
830.682312,2692.6
830.800659,2673.6
830.919006,2673.2
831.037354,2657.6
831.155701,2670.0
831.274048,2657.2
831.392395,2664.6
831.51062,2674.2
831.629028,2668.8
831.747314,2674.2
831.865662,2686.0
831.984009,2684.0
832.102356,2694.8
832.220642,2659.4
832.338928,2664.6
832.457275,2666.0
832.575623,2676.2
832.693909,2654.2
832.812134,2661.2
832.930481,2672.0
833.048828,2664.0
833.167114,2667.2
833.2854,2646.6
833.403687,2717.0
833.521973,2651.0
833.640259,2656.6
833.758545,2634.2
833.876831,2641.8
833.995056,2655.4
834.113281,2682.8
834.231628,2650.8
834.349915,2656.8
834.468201,2663.2
834.586426,2662.6
834.704651,2676.6
834.822998,2657.8
834.941162,2650.4
835.059448,2658.0
835.177673,2696.8
835.295959,2659.6
835.414246,2679.0
835.53241,2650.6
835.650635,2667.6
835.768921,2657.8
835.887146,2643.8
836.005371,2685.4
836.123596,2671.6
836.241821,2670.8
836.360046,2669.8
836.478271,2666.2
836.596497,2691.6
836.714722,2667.6
836.832886,2662.2
836.95105,2673.2
837.069336,2692.6
837.1875,2703.8
837.305725,2689.6
837.423889,2664.0
837.542053,2693.6
837.660339,2672.0
837.778503,2698.2
837.896667,2670.6
838.014832,2665.0
838.132996,2683.6
838.25116,2676.4
838.369385,2652.0
838.487488,2675.2
838.605713,2677.8
838.723877,2675.2
838.84198,2660.2
838.960205,2650.2
839.078308,2653.4
839.196472,2636.0
839.314636,2677.8
839.4328,2678.8
839.550964,2663.4
839.669067,2651.8
839.787231,2657.6
839.905396,2642.4
840.023499,2650.2
840.141602,2649.8
840.259766,2663.6
840.377869,2667.8
840.495972,2664.8
840.614136,2637.4
840.732239,2635.8
840.850342,2664.6
840.968445,2651.0
841.086548,2655.2
841.204651,2656.8
841.322754,2636.2
841.440918,2624.8
841.55896,2635.2
841.677002,2602.8
841.795166,2591.2
841.913208,2633.4
842.031311,2610.8
842.149353,2639.8
842.267456,2625.6
842.385498,2614.6
842.503601,2617.8
842.621643,2622.8
842.739746,2620.0
842.857788,2606.2
842.97583,2618.6
843.093933,2631.8
843.211975,2627.2
843.330017,2643.2
843.44812,2619.6
843.566101,2637.0
843.684204,2646.2
843.802246,2602.8
843.920227,2634.2
844.038269,2658.2
844.156311,2614.2
844.274292,2621.4
844.392395,2628.2
844.510376,2632.2
844.628357,2581.0
844.74646,2636.6
844.864441,2578.2
844.982422,2616.4
845.100403,2635.8
845.218384,2608.6
845.336426,2607.0
845.454468,2649.2
845.572449,2617.4
845.69043,2621.6
845.808411,2600.2
845.926453,2619.2
846.044373,2606.4
846.162354,2600.4
846.280396,2619.4
846.398315,2587.2
846.516296,2609.0
846.634216,2655.6
846.752197,2580.4
846.870178,2635.0
846.988098,2615.0
847.106079,2621.0
847.22406,2575.0
847.34198,2643.4
847.4599,2612.6
847.577881,2659.0
847.695801,2617.0
847.813782,2606.4
847.931641,2605.0
848.049561,2618.8
848.167603,2593.8
848.285461,2577.6
848.403381,2627.6
848.521362,2618.8
848.639221,2620.4
848.75708,2590.0
848.875,2620.0
848.99292,2603.6
849.110901,2608.2
849.22876,2611.2
849.34668,2580.4
849.464539,2605.0
849.582458,2621.4
849.700317,2599.0
849.818176,2593.6
849.936096,2623.4
850.053955,2625.8
850.171875,2634.0
850.289673,2615.8
850.407593,2623.8
850.525452,2627.4
850.643311,2645.8
850.761169,2596.2
850.878967,2626.8
850.996887,2631.2
851.114746,2619.0
851.232544,2633.2
851.350403,2633.4
851.468262,2625.2
851.58606,2648.0
851.703979,2602.4
851.821777,2642.0
851.939636,2641.4
852.057434,2651.4
852.175232,2654.2
852.293091,2680.8
852.410889,2641.2
852.528687,2650.6
852.646545,2656.6
852.764343,2627.6
852.88208,2657.8
852.999939,2652.2
853.117676,2649.6
853.235535,2622.8
853.353271,2631.4
853.471069,2635.6
853.588928,2626.8
853.706604,2635.8
853.824402,2651.2
853.9422,2604.0
854.059998,2604.6
854.177734,2621.8
854.295532,2639.0
854.413269,2603.0
854.531006,2630.8
854.648804,2630.2
854.766541,2637.4
854.884277,2665.2
855.002014,2658.6
855.119751,2666.4
855.237549,2615.4
855.355225,2640.2
855.473022,2664.8
855.590698,2640.0
855.708435,2672.8
855.826172,2644.8
855.943848,2668.6
856.061646,2656.6
856.179321,2668.2
856.296997,2650.4
856.414795,2668.2
856.53241,2662.0
856.650085,2644.8
856.767822,2643.6
856.885559,2655.8
857.003174,2657.0
857.120911,2656.4
857.238586,2632.0
857.356201,2647.4
857.473938,2615.6
857.591614,2636.0
857.709351,2643.8
857.826965,2622.8
857.944641,2676.6
858.062317,2651.2
858.179993,2605.2
858.297668,2611.2
858.415283,2638.4
858.532959,2631.8
858.650574,2671.8
858.768188,2648.2
858.885803,2653.8
859.003479,2626.0
859.121094,2619.0
859.23877,2647.4
859.356384,2638.4
859.473999,2642.8
859.591675,2649.0
859.709229,2660.6
859.826843,2647.8
859.944458,2652.8
860.062012,2631.4
860.179626,2610.4
860.297302,2665.6
860.414856,2638.8
860.532471,2632.2
860.650024,2665.8
860.767639,2633.8
860.885193,2641.8
861.002808,2634.8
861.120361,2670.2
861.237976,2627.0
861.35553,2652.4
861.473022,2638.8
861.590698,2627.8
861.708191,2627.8
861.825745,2645.6
861.943298,2645.4
862.060852,2627.2
862.178406,2658.2
862.295959,2640.8
862.413513,2631.4
862.531006,2654.6
862.64856,2641.2
862.766113,2652.0
862.883667,2653.2
863.00116,2640.8
863.118713,2655.4
863.236206,2662.8
863.353699,2623.6
863.471252,2618.8
863.588745,2626.2
863.706177,2654.4
863.82373,2648.2
863.941162,2644.8
864.058716,2651.6
864.176208,2625.4
864.29364,2661.4
864.411194,2675.0
864.528687,2637.0
864.646118,2663.8
864.763611,2649.8
864.881042,2652.6
864.998535,2661.6
865.116028,2641.4
865.233459,2629.8
865.350891,2629.0
865.468384,2675.2
865.585754,2673.4
865.703308,2632.6
865.820679,2683.2
865.938171,2649.6
866.055542,2652.0
866.173035,2644.8
866.290466,2672.0
866.407837,2658.4
866.52533,2666.4
866.6427,2659.4
866.760071,2665.0
866.877563,2637.4
866.994934,2668.2
867.112305,2670.0
867.229736,2640.0
867.347107,2636.8
867.464539,2651.2
867.58197,2647.4
867.699341,2651.8
867.81665,2671.6
867.934082,2651.2
868.051453,2680.4
868.168823,2685.6
868.286194,2639.0
868.403564,2658.4
868.520935,2663.4
868.638306,2676.4
868.755676,2659.8
868.872986,2657.0
868.990295,2687.0
869.107727,2697.8
869.225037,2662.2
869.342346,2668.4
869.459717,2629.6
869.577026,2679.6
869.694336,2648.6
869.811707,2670.2
869.929016,2655.4
870.046326,2704.4
870.163635,2667.2
870.280945,2707.0
870.398254,2657.8
870.515564,2673.0
870.632812,2655.6
870.750183,2674.8
870.867432,2670.4
870.984741,2638.2
871.102051,2661.4
871.219299,2653.0
871.336609,2673.8
871.453918,2670.4
871.571106,2690.0
871.688416,2630.2
871.805664,2677.8
871.922852,2674.2
872.040222,2637.6
872.157471,2667.2
872.274719,2680.8
872.391968,2669.2
872.509155,2676.2
872.626465,2653.4
872.743652,2686.2
872.860962,2664.2
872.978149,2671.4
873.095337,2681.2
873.212646,2676.4
873.329834,2660.6
873.44696,2676.8
873.564209,2660.8
873.681396,2674.4
873.798645,2675.2
873.915894,2660.2
874.03302,2655.6
874.150208,2654.0
874.267456,2681.2
874.384583,2665.8
874.501831,2657.2
874.618958,2686.6
874.736145,2687.2
874.853333,2669.8
874.970459,2646.0
875.087646,2688.0
875.204834,2643.4
875.32196,2671.4
875.439148,2685.2
875.556274,2680.4
875.673401,2684.0
875.790527,2687.2
875.907715,2682.6
876.024841,2691.8
876.141968,2672.8
876.259094,2695.4
876.376282,2691.4
876.493347,2721.4
876.610474,2691.4
876.7276,2685.4
876.844727,2694.8
876.961853,2683.0
877.078918,2706.4
877.195984,2681.4
877.313171,2723.2
877.430237,2708.6
877.547302,2702.0
877.664368,2691.6
877.781433,2716.0
877.898499,2707.8
878.015625,2682.2
878.13269,2678.2
878.249695,2723.8
878.366821,2661.6
878.483887,2708.8
878.600952,2710.2
878.717957,2685.4
878.834961,2704.8
878.952087,2682.6
879.069092,2691.4
879.186157,2728.0
879.303162,2672.2
879.420227,2696.4
879.537231,2700.8
879.654236,2691.8
879.77124,2681.4
879.888306,2702.2
880.005249,2697.2
880.122314,2696.2
880.239319,2696.2
880.356323,2697.4
880.473328,2715.8
880.590271,2698.6
880.707275,2689.6
880.824341,2705.4
880.941284,2706.2
881.058228,2696.6
881.175232,2689.2
881.292236,2721.8
881.40918,2687.4
881.526123,2683.8
881.643066,2674.0
881.760071,2693.4
881.877014,2715.8
881.993958,2706.6
882.11084,2697.8
882.227783,2709.4
882.344727,2722.0
882.46167,2689.4
882.578613,2695.4
882.695618,2713.2
882.812439,2736.8
882.929382,2692.2
883.046326,2745.2
883.163208,2737.8
883.280151,2717.0
883.397034,2723.4
883.513916,2724.4
883.630798,2720.6
883.747742,2712.6
883.864563,2704.4
883.981506,2743.4
884.098389,2695.4
884.21521,2730.8
884.332153,2736.2
884.448975,2686.2
884.565796,2739.0
884.682678,2733.4
884.7995,2717.8
884.916443,2730.0
885.033264,2724.8
885.150085,2718.4
885.266968,2752.2
885.383789,2720.4
885.500671,2738.6
885.617493,2754.8
885.734314,2735.2
885.851196,2719.0
885.967896,2729.0
886.084717,2754.0
886.201599,2750.6
886.318359,2738.0
886.435181,2743.4
886.552002,2764.0
886.668762,2733.8
886.785645,2759.0
886.902344,2732.8
887.019165,2754.2
887.135925,2713.2
887.252747,2734.8
887.369446,2741.6
887.486267,2747.6
887.603027,2757.0
887.719788,2755.4
887.836548,2748.0
887.953247,2745.6
888.070068,2758.0
888.186829,2756.6
888.303528,2763.6
888.420288,2741.8
888.536987,2743.6
888.653687,2749.8
888.770447,2767.4
888.887146,2767.0
889.003967,2770.0
889.120667,2771.0
889.237305,2751.8
889.354065,2759.2
889.470703,2743.2
889.587463,2759.4
889.704163,2772.2
889.820862,2753.6
889.937561,2769.4
890.054199,2775.4
890.170837,2773.8
890.287598,2749.6
890.404236,2731.8
890.520874,2770.8
890.637634,2803.2
890.754211,2777.2
890.87085,2775.4
890.987549,2777.8
891.104187,2781.4
891.220886,2774.8
891.337463,2794.0
891.454102,2779.8
891.57074,2775.0
891.687378,2766.0
891.804077,2780.0
891.920654,2762.0
892.037231,2771.8
892.15387,2808.6
892.270447,2784.6
892.387085,2784.0
892.503723,2798.8
892.6203,2772.4
892.736877,2796.4
892.853516,2778.4
892.970032,2810.2
893.08667,2821.6
893.203186,2814.0
893.319763,2794.8
893.43634,2797.4
893.552917,2803.2
893.669556,2798.2
893.786011,2798.6
893.902588,2787.2
894.019165,2799.4
894.135681,2806.8
894.252197,2865.0
894.368835,2819.2
894.485291,2834.2
894.601868,2829.6
894.718384,2852.8
894.8349,2811.0
894.951355,2818.2
895.067932,2810.4
895.184448,2804.4
895.300964,2815.6
895.417419,2818.6
895.533936,2793.0
895.650452,2815.0
895.766907,2821.6
895.883423,2801.4
895.999878,2817.6
896.116333,2812.2
896.232849,2836.6
896.349304,2825.4
896.465759,2817.4
896.582214,2828.4
896.698669,2815.0
896.815125,2827.2
896.931641,2843.2
897.048035,2834.2
897.164551,2827.2
897.280884,2823.8
897.397339,2799.4
897.513794,2827.6
897.630249,2847.4
897.746582,2843.4
897.863098,2836.6
897.979431,2848.8
898.095886,2817.6
898.212341,2816.6
898.328674,2819.6
898.445129,2846.8
898.561462,2831.6
898.677795,2827.6
898.794312,2835.0
898.910645,2790.4
899.026978,2825.4
899.143433,2841.6
899.259766,2851.4
899.37616,2823.8
899.492493,2836.6
899.608765,2806.8
899.725159,2844.6
899.841553,2825.8
899.957947,2851.2
900.07428,2814.8
900.190552,2855.4
900.306946,2851.2
900.423157,2864.2
900.53949,2825.6
900.655884,2843.6
900.772156,2861.2
900.888489,2849.6
901.004822,2848.0
901.121033,2853.6
901.237366,2839.2
901.353699,2836.6
901.46991,2853.2
901.586304,2842.4
901.702515,2840.6
901.818787,2848.8
901.93512,2872.6
902.051331,2874.0
902.167603,2865.0
902.283875,2850.8
902.400085,2828.2
902.516418,2858.8
902.632629,2841.4
902.74884,2864.2
902.865112,2862.2
902.981384,2887.8
903.097595,2850.2
903.213867,2864.4
903.330017,2837.8
903.446289,2859.8
903.5625,2832.4
903.67865,2839.6
903.794922,2864.8
903.911072,2854.0
904.027344,2856.8
904.143494,2851.8
904.259705,2864.6
904.375916,2875.0
904.492065,2878.6
904.608215,2861.0
904.724426,2863.8
904.840576,2868.2
904.956726,2835.6
905.072876,2899.4
905.189087,2861.2
905.305176,2864.0
905.421387,2884.8
905.537537,2902.0
905.653687,2892.0
905.769775,2889.4
905.885925,2893.4
906.002014,2918.0
906.118164,2893.8
906.234314,2862.2
906.350403,2892.6
906.466492,2886.8
906.582642,2876.2
906.69873,2894.4
906.814758,2895.2
906.930908,2923.4
907.046936,2885.4
907.163086,2869.4
907.279175,2892.4
907.395264,2876.8
907.511353,2880.2
907.62738,2908.4
907.743408,2922.6
907.859497,2891.2
907.975525,2898.8
908.091553,2874.2
908.207703,2885.8
908.32373,2909.0
908.439758,2919.8
908.555786,2893.6
908.671814,2907.8
908.787842,2902.0
908.90387,2906.4
909.019775,2926.6
909.135864,2893.6
909.251892,2892.8
909.367859,2914.0
909.483826,2915.6
909.599854,2935.6
909.715881,2887.6
909.831848,2905.0
909.947815,2922.4
910.063782,2907.4
910.179749,2907.4
910.295776,2891.8
910.411743,2918.4
910.527649,2890.0
910.643616,2907.8
910.759583,2915.0
910.875488,2943.6
910.991455,2915.8
911.107361,2901.8
911.223267,2925.6
911.339294,2910.2
911.4552,2923.0
911.571106,2891.8
911.687073,2934.0
911.802979,2909.6
911.918823,2909.6
912.034729,2912.6
912.150635,2918.2
912.266602,2906.2
912.382446,2904.2
912.498352,2870.6
912.614197,2889.4
912.730103,2885.6
912.846008,2859.6
792.44574,4398.8
792.56488,4297.8
792.68396,4304.2
792.80304,4269.6
792.92218,4206.8
793.041199,4142.8
793.160339,4149.4
793.279419,4146.2
793.398499,4092.4
793.517578,4083.4
793.636658,4023.2
793.755737,4027.4
793.874817,3983.8
793.993896,3954.4
794.112976,3960.8
794.232056,3916.4
794.351074,3865.0
794.470215,3893.8
794.589233,3861.8
794.708313,3830.6
794.827393,3834.2
794.946411,3818.2
795.065552,3802.6
795.18457,3766.6
795.303589,3804.4
795.422668,3752.0
795.541687,3754.2
795.660767,3768.2
795.779846,3696.0
795.898865,3695.4
796.017883,3708.8
796.136963,3684.8
796.255981,3662.2
796.375061,3656.2
796.49408,3667.6
796.613037,3636.6
796.732117,3638.2
796.851135,3629.2
796.970154,3616.8
797.089233,3597.8
797.208191,3601.8
797.327271,3602.8
797.446228,3606.2
797.565186,3580.8
797.684265,3591.6
797.803223,3586.0
797.922241,3543.0
798.04126,3564.6
798.160278,3559.8
798.279297,3542.2
798.398315,3543.0
798.517273,3547.8
798.636292,3505.2
798.75531,3541.8
798.874268,3523.6
798.993286,3507.2
799.112244,3477.0
799.231323,3490.8
799.350281,3527.2
799.469238,3532.0
799.588257,3511.0
799.707153,3520.2
799.826111,3497.0
799.945129,3501.2
800.064087,3506.4
800.183044,3480.2
800.302063,3510.8
800.421021,3500.6
800.539978,3510.4
800.658936,3487.8
800.777893,3515.0
800.896912,3502.4
801.015747,3503.8
801.134705,3462.6
801.253723,3489.8
801.37262,3483.6
801.491638,3487.8
801.610535,3470.4
801.729492,3483.8
801.84845,3455.8
801.967407,3497.0
802.086243,3496.0
802.205261,3495.0
802.324158,3484.6
802.443115,3505.4
802.562073,3488.4
802.680969,3518.6
802.799927,3511.8
802.918762,3493.4
803.037659,3506.8
803.156677,3534.6
803.275574,3493.4
803.39447,3517.4
803.513428,3480.2
803.632263,3501.0
803.751221,3494.2
803.870117,3492.8
803.989014,3484.8
804.107971,3496.0
804.226746,3501.4
804.345642,3488.4
804.4646,3508.6
804.583496,3520.8
804.702393,3499.2
804.821228,3478.4
804.940125,3526.2
805.059021,3481.6
805.177917,3516.2
805.296814,3536.0
805.415649,3531.4
805.534546,3525.0
805.653442,3518.4
805.772278,3552.2
805.891113,3526.0
806.01001,3535.0
806.128906,3519.0
806.247742,3487.0
806.366577,3503.2
806.485413,3522.0
806.604309,3496.6
806.723145,3517.8
806.84198,3519.0
806.960876,3487.2
807.079712,3516.0
807.198486,3508.0
807.317383,3521.6
807.436218,3493.8
807.554993,3478.4
807.673889,3503.0
807.792725,3504.0
807.91156,3517.4
808.030396,3519.2
808.14917,3495.6
808.268005,3487.6
808.386841,3505.2
808.505676,3489.0
808.624451,3512.0
808.743286,3498.0
808.862122,3523.8
808.980896,3521.6
809.099731,3476.8
809.218506,3490.4
809.337341,3517.8
809.456116,3489.6
809.57489,3518.2
809.693726,3515.0
809.8125,3511.2
809.931274,3514.2
810.050049,3465.2
810.168884,3503.0
810.287659,3478.6
810.406372,3494.6
810.525269,3516.0
810.643982,3470.4
810.762756,3479.4
810.881531,3483.6
811.000305,3503.6
811.11908,3470.4
811.237854,3503.8
811.356567,3491.0
811.475403,3512.8
811.594116,3475.8
811.71283,3514.2
811.831604,3522.4
811.950378,3513.6
812.069153,3520.4
812.187927,3521.8
812.30658,3520.4
812.425415,3491.2
812.544128,3512.6
812.662781,3487.6
812.781616,3509.8
812.900269,3528.2
813.019043,3510.0
813.137756,3496.4
813.256531,3503.2
813.375244,3479.8
813.493896,3462.4
813.612671,3457.0
813.731384,3469.6
813.850037,3460.2
813.96875,3471.4
814.087524,3457.6
814.206238,3471.0
814.324951,3452.2
814.443604,3419.6
814.562256,3435.2
814.68103,3436.2
814.799683,3464.2
814.918335,3410.0
815.037109,3417.4
815.155762,3429.6
815.274475,3405.4
815.393188,3417.4
815.511841,3410.2
815.630554,3392.6
815.749146,3366.0
815.867859,3338.2
815.986572,3406.4
816.105164,3362.2
816.223877,3376.4
816.342529,3376.4
816.461182,3418.0
816.579895,3407.8
816.698486,3408.8
816.817139,3445.6
816.935791,3416.2
817.054504,3416.2
817.173096,3410.8
817.291748,3346.6
817.4104,3356.8
817.529053,3332.8
817.647644,3319.8
817.766235,3280.8
817.884949,3289.6
818.00354,3251.0
818.122192,3262.4
818.240845,3246.2
818.359436,3212.4
818.478088,3206.4
818.59668,3172.2
818.715271,3191.6
818.833923,3156.4
818.952515,3155.8
819.071106,3116.2
819.189758,3145.2
819.30835,3121.4
819.426941,3136.0
819.545532,3104.4
819.664124,3101.4
819.782715,3079.4
819.901306,3121.4
820.019897,3079.4
820.138489,3090.2
820.25708,3104.8
820.375671,3096.4
820.494202,3081.0
820.612732,3097.2
820.731384,3063.0
820.849915,3112.2
820.968506,3053.2
821.087097,3059.4
821.205627,3051.0
821.324158,3059.8
821.442749,3049.4
821.561279,3023.0
821.679871,3025.8
821.798401,3027.4
821.916931,3046.6
822.035461,3037.8
822.154053,3048.6
822.272583,2994.0
822.391174,3004.4
822.509583,3001.4
822.628174,2985.4
822.746704,2999.8
822.865234,2966.6
822.983765,3033.8
823.102295,3020.4
823.220825,3006.4
823.339294,3017.8
823.457825,3015.0
823.576355,3028.8
823.694824,3011.4
823.813354,3026.2
823.931885,3008.4
824.050354,3026.4
824.168884,3008.2
824.287354,3013.8
824.405823,2959.0
824.524353,3014.8
824.642822,2996.8
824.761353,3004.2
824.879822,3013.4
824.998291,2955.4
825.116699,2991.2
825.235291,3001.2
825.353699,2995.4
825.472168,2989.8
825.590637,2998.4
825.709106,2992.6
825.827576,2962.0
825.946045,2955.8
826.064453,2977.4
826.182983,2948.6
826.301392,2969.0
826.4198,2931.6
826.53833,2938.0
826.656738,2945.2
826.775208,2940.0
826.893677,2959.6
827.012024,2903.0
827.130493,2925.2
827.248962,2909.6
827.36731,2954.6
827.485779,2937.6
827.604248,2936.6
827.722595,2917.4
827.841064,2910.2
827.959412,2913.2
828.077942,2911.0
828.196289,2913.2
828.314636,2916.6
828.433105,2890.0
828.551514,2922.0
828.669861,2896.0
828.78833,2912.4
828.906677,2879.2
829.025085,2882.6
829.143433,2904.8
829.261841,2886.0
829.38031,2891.8
829.498657,2888.2
829.617004,2906.4
829.735413,2916.4
829.85376,2870.4
829.972107,2892.2
830.090515,2872.6
830.208862,2858.8
830.327209,2862.8
830.445557,2883.6
830.563904,2903.0
830.682312,2893.0
830.800659,2863.8
830.919006,2867.4
831.037354,2852.0
831.155701,2899.8
831.274048,2882.6
831.392395,2870.6
831.51062,2867.2
831.629028,2850.6
831.747314,2876.4
831.865662,2853.0
831.984009,2904.6
832.102356,2881.6
832.220642,2856.0
832.338928,2860.4
832.457275,2862.6
832.575623,2846.4
832.693909,2843.6
832.812134,2882.6
832.930481,2849.8
833.048828,2859.0
833.167114,2892.0
833.2854,2842.6
833.403687,2875.0
833.521973,2868.8
833.640259,2841.4
833.758545,2843.2
833.876831,2837.2
833.995056,2828.8
834.113281,2863.8
834.231628,2859.2
834.349915,2862.0
834.468201,2841.2
834.586426,2852.8
834.704651,2889.0
834.822998,2870.2
834.941162,2889.8
835.059448,2875.6
835.177673,2869.2
835.295959,2859.2
835.414246,2871.0
835.53241,2869.4
835.650635,2870.4
835.768921,2853.4
835.887146,2884.0
836.005371,2899.4
836.123596,2882.8
836.241821,2887.4
836.360046,2894.4
836.478271,2885.2
836.596497,2872.6
836.714722,2881.6
836.832886,2906.4
836.95105,2883.0
837.069336,2917.8
837.1875,2898.8
837.305725,2899.2
837.423889,2906.6
837.542053,2923.6
837.660339,2878.6
837.778503,2909.0
837.896667,2891.0
838.014832,2899.4
838.132996,2909.2
838.25116,2878.4
838.369385,2884.2
838.487488,2904.4
838.605713,2882.8
838.723877,2902.0
838.84198,2878.0
838.960205,2897.8
839.078308,2887.4
839.196472,2877.2
839.314636,2890.6
839.4328,2894.2
839.550964,2904.2
839.669067,2895.2
839.787231,2873.6
839.905396,2882.6
840.023499,2880.8
840.141602,2866.4
840.259766,2878.0
840.377869,2861.8
840.495972,2885.8
840.614136,2877.0
840.732239,2880.0
840.850342,2846.6
840.968445,2857.6
841.086548,2840.4
841.204651,2858.4
841.322754,2845.6
841.440918,2859.0
841.55896,2857.4
841.677002,2843.4
841.795166,2844.0
841.913208,2843.0
842.031311,2867.8
842.149353,2831.0
842.267456,2824.2
842.385498,2834.6
842.503601,2835.0
842.621643,2802.4
842.739746,2825.2
842.857788,2833.0
842.97583,2832.0
843.093933,2839.4
843.211975,2833.2
843.330017,2850.8
843.44812,2817.0
843.566101,2825.4
843.684204,2816.0
843.802246,2820.4
843.920227,2837.8
844.038269,2842.6
844.156311,2883.2
844.274292,2815.0
844.392395,2834.6
844.510376,2869.0
844.628357,2807.6
844.74646,2826.2
844.864441,2837.6
844.982422,2840.8
845.100403,2821.2
845.218384,2823.0
845.336426,2816.6
845.454468,2851.0
845.572449,2825.8
845.69043,2828.2
845.808411,2804.6
845.926453,2803.2
846.044373,2805.2
846.162354,2816.2
846.280396,2807.8
846.398315,2807.6
846.516296,2813.0
846.634216,2819.6
846.752197,2797.6
846.870178,2823.6
846.988098,2783.0
847.106079,2821.8
847.22406,2781.2
847.34198,2845.4
847.4599,2821.2
847.577881,2827.8
847.695801,2824.2
847.813782,2809.2
847.931641,2824.0
848.049561,2823.0
848.167603,2793.2
848.285461,2806.2
848.403381,2821.0
848.521362,2815.2
848.639221,2828.8
848.75708,2827.4
848.875,2840.0
848.99292,2839.4
849.110901,2848.0
849.22876,2823.0
849.34668,2824.2
849.464539,2816.2
849.582458,2786.0
849.700317,2822.6
849.818176,2808.6
849.936096,2829.6
850.053955,2843.0
850.171875,2860.4
850.289673,2826.8
850.407593,2837.6
850.525452,2844.6
850.643311,2840.4
850.761169,2822.0
850.878967,2821.6
850.996887,2866.8
851.114746,2851.0
851.232544,2864.0
851.350403,2849.8
851.468262,2881.8
851.58606,2872.6
851.703979,2865.0
851.821777,2912.2
851.939636,2897.0
852.057434,2911.6
852.175232,2907.4
852.293091,2934.8
852.410889,2908.2
852.528687,2925.4
852.646545,2910.4
852.764343,2891.0
852.88208,2890.8
852.999939,2866.6
853.117676,2877.4
853.235535,2875.2
853.353271,2853.4
853.471069,2844.4
853.588928,2852.4
853.706604,2845.4
853.824402,2853.6
853.9422,2841.0
854.059998,2843.4
854.177734,2836.0
854.295532,2869.2
854.413269,2840.4
854.531006,2824.6
854.648804,2848.2
854.766541,2864.8
854.884277,2858.4
855.002014,2862.6
855.119751,2866.6
855.237549,2896.6
855.355225,2894.0
855.473022,2904.0
855.590698,2893.4
855.708435,2901.2
855.826172,2886.2
855.943848,2913.4
856.061646,2923.8
856.179321,2895.2
856.296997,2875.0
856.414795,2869.2
856.53241,2857.2
856.650085,2879.8
856.767822,2880.8
856.885559,2896.2
857.003174,2837.6
857.120911,2847.8
857.238586,2811.4
857.356201,2838.0
857.473938,2814.8
857.591614,2866.0
857.709351,2862.8
857.826965,2851.4
857.944641,2825.8
858.062317,2866.2
858.179993,2828.0
858.297668,2838.0
858.415283,2842.0
858.532959,2848.6
858.650574,2868.0
858.768188,2870.4
858.885803,2832.8
859.003479,2859.4
859.121094,2859.0
859.23877,2836.6
859.356384,2856.0
859.473999,2856.2
859.591675,2840.4
859.709229,2844.2
859.826843,2842.4
859.944458,2824.2
860.062012,2849.0
860.179626,2833.8
860.297302,2828.4
860.414856,2804.6
860.532471,2860.2
860.650024,2856.0
860.767639,2817.8
860.885193,2861.0
861.002808,2844.4
861.120361,2831.0
861.237976,2830.4
861.35553,2835.2
861.473022,2851.6
861.590698,2834.2
861.708191,2865.6
861.825745,2860.8
861.943298,2828.0
862.060852,2826.6
862.178406,2871.2
862.295959,2843.0
862.413513,2849.0
862.531006,2852.2
862.64856,2880.2
862.766113,2824.8
862.883667,2839.4
863.00116,2847.2
863.118713,2822.4
863.236206,2856.6
863.353699,2825.8
863.471252,2820.2
863.588745,2797.0
863.706177,2865.4
863.82373,2817.6
863.941162,2862.6
864.058716,2815.2
864.176208,2826.2
864.29364,2829.2
864.411194,2833.8
864.528687,2810.4
864.646118,2867.0
864.763611,2836.4
864.881042,2835.8
864.998535,2820.4
865.116028,2820.2
865.233459,2819.6
865.350891,2821.4
865.468384,2830.6
865.585754,2847.2
865.703308,2826.0
865.820679,2836.8
865.938171,2808.0
866.055542,2837.0
866.173035,2824.4
866.290466,2847.0
866.407837,2826.6
866.52533,2842.0
866.6427,2852.4
866.760071,2828.2
866.877563,2822.0
866.994934,2860.8
867.112305,2819.4
867.229736,2831.0
867.347107,2843.2
867.464539,2798.2
867.58197,2824.4
867.699341,2851.6
867.81665,2842.2
867.934082,2844.8
868.051453,2825.2
868.168823,2831.2
868.286194,2825.8
868.403564,2777.8
868.520935,2827.8
868.638306,2828.0
868.755676,2853.0
868.872986,2836.4
868.990295,2869.6
869.107727,2892.6
869.225037,2839.6
869.342346,2855.6
869.459717,2860.0
869.577026,2861.0
869.694336,2832.4
869.811707,2835.8
869.929016,2858.0
870.046326,2880.4
870.163635,2833.6
870.280945,2846.6
870.398254,2868.2
870.515564,2860.4
870.632812,2836.0
870.750183,2865.2
870.867432,2866.8
870.984741,2838.8
871.102051,2832.4
871.219299,2840.2
871.336609,2873.0
871.453918,2870.8
871.571106,2854.6
871.688416,2844.2
871.805664,2863.2
871.922852,2868.4
872.040222,2860.6
872.157471,2895.0
872.274719,2887.0
872.391968,2872.0
872.509155,2897.0
872.626465,2903.0
872.743652,2887.8
872.860962,2858.6
872.978149,2843.0
873.095337,2862.2
873.212646,2871.0
873.329834,2863.4
873.44696,2866.6
873.564209,2861.0
873.681396,2852.2
873.798645,2856.0
873.915894,2858.4
874.03302,2845.6
874.150208,2843.6
874.267456,2816.6
874.384583,2836.4
874.501831,2845.2
874.618958,2832.2
874.736145,2851.2
874.853333,2844.6
874.970459,2842.0
875.087646,2867.4
875.204834,2873.0
875.32196,2871.8
875.439148,2880.6
875.556274,2858.2
875.673401,2887.8
875.790527,2861.2
875.907715,2869.4
876.024841,2864.4
876.141968,2894.6
876.259094,2889.8
876.376282,2890.2
876.493347,2885.6
876.610474,2872.4
876.7276,2907.8
876.844727,2884.6
876.961853,2850.4
877.078918,2924.6
877.195984,2889.6
877.313171,2890.4
877.430237,2887.6
877.547302,2889.2
877.664368,2872.0
877.781433,2899.8
877.898499,2909.2
878.015625,2867.6
878.13269,2859.0
878.249695,2899.2
878.366821,2890.6
878.483887,2923.4
878.600952,2888.6
878.717957,2887.8
878.834961,2870.4
878.952087,2889.2
879.069092,2893.6
879.186157,2919.6
879.303162,2887.8
879.420227,2907.0
879.537231,2893.8
879.654236,2874.8
879.77124,2883.0
879.888306,2852.8
880.005249,2880.0
880.122314,2852.8
880.239319,2896.6
880.356323,2864.2
880.473328,2877.8
880.590271,2856.2
880.707275,2907.0
880.824341,2880.4
880.941284,2840.2
881.058228,2873.6
881.175232,2874.4
881.292236,2871.8
881.40918,2881.6
881.526123,2894.6
881.643066,2868.6
881.760071,2861.2
881.877014,2893.2
881.993958,2867.6
882.11084,2843.4
882.227783,2873.4
882.344727,2859.2
882.46167,2878.4
882.578613,2879.6
882.695618,2887.2
882.812439,2874.4
882.929382,2861.2
883.046326,2900.4
883.163208,2868.4
883.280151,2914.6
883.397034,2868.8
883.513916,2888.2
883.630798,2899.0
883.747742,2881.0
883.864563,2898.6
883.981506,2870.6
884.098389,2859.2
884.21521,2860.0
884.332153,2912.8
884.448975,2891.6
884.565796,2893.4
884.682678,2892.2
884.7995,2887.6
884.916443,2918.6
885.033264,2900.6
885.150085,2878.6
885.266968,2899.4
885.383789,2902.8
885.500671,2912.8
885.617493,2902.4
885.734314,2917.2
885.851196,2910.0
885.967896,2927.0
886.084717,2946.0
886.201599,2961.2
886.318359,2949.6
886.435181,2956.6
886.552002,2927.8
886.668762,2959.2
886.785645,2927.6
886.902344,2936.2
887.019165,2916.4
887.135925,2907.4
887.252747,2915.8
887.369446,2928.8
887.486267,2917.4
887.603027,2912.8
887.719788,2889.4
887.836548,2908.8
887.953247,2901.8
888.070068,2886.6
888.186829,2914.8
888.303528,2910.6
888.420288,2924.6
888.536987,2898.8
888.653687,2873.2
888.770447,2892.0
888.887146,2916.8
889.003967,2899.6
889.120667,2905.8
889.237305,2896.4
889.354065,2914.0
889.470703,2882.6
889.587463,2885.6
889.704163,2907.2
889.820862,2884.4
889.937561,2880.4
890.054199,2891.8
890.170837,2924.4
890.287598,2893.8
890.404236,2878.8
890.520874,2891.8
890.637634,2930.0
890.754211,2885.8
890.87085,2900.8
890.987549,2887.6
891.104187,2902.0
891.220886,2885.2
891.337463,2898.4
891.454102,2902.2
891.57074,2912.2
891.687378,2898.0
891.804077,2937.6
891.920654,2908.6
892.037231,2889.4
892.15387,2915.4
892.270447,2916.0
892.387085,2912.6
892.503723,2939.0
892.6203,2926.0
892.736877,2916.4
892.853516,2896.6
892.970032,2916.4
893.08667,2901.6
893.203186,2924.2
893.319763,2893.6
893.43634,2902.6
893.552917,2894.4
893.669556,2943.4
893.786011,2917.2
893.902588,2926.6
894.019165,2941.2
894.135681,2917.6
894.252197,2915.0
894.368835,2932.2
894.485291,2942.0
894.601868,2928.0
894.718384,2901.2
894.8349,2930.0
894.951355,2925.4
895.067932,2942.0
895.184448,2933.4
895.300964,2945.8
895.417419,2937.0
895.533936,2953.0
895.650452,2916.8
895.766907,2909.4
895.883423,2943.8
895.999878,2934.4
896.116333,2952.4
896.232849,2957.0
896.349304,2912.4
896.465759,2959.6
896.582214,2936.2
896.698669,2959.2
896.815125,2930.0
896.931641,2951.4
897.048035,2961.4
897.164551,2966.8
897.280884,2958.2
897.397339,2939.6
897.513794,2946.2
897.630249,2971.8
897.746582,2952.8
897.863098,2958.2
897.979431,2971.8
898.095886,2950.2
898.212341,2977.2
898.328674,2960.2
898.445129,2945.2
898.561462,2985.8
898.677795,2972.2
898.794312,2981.4
898.910645,2964.0
899.026978,2932.2
899.143433,2956.8
899.259766,2932.6
899.37616,2974.2
899.492493,2943.8
899.608765,2934.0
899.725159,2996.0
899.841553,2938.4
899.957947,2960.8
900.07428,2977.4
900.190552,2943.4
900.306946,2929.4
900.423157,2963.8
900.53949,2981.0
900.655884,2982.6
900.772156,2959.4
900.888489,2961.0
901.004822,2929.2
901.121033,2950.0
901.237366,2937.4
901.353699,2977.8
901.46991,2960.4
901.586304,2963.4
901.702515,2956.6
901.818787,2958.4
901.93512,2998.2
902.051331,2979.4
902.167603,2967.6
902.283875,2997.6
902.400085,2958.8
902.516418,2946.8
902.632629,2951.0
902.74884,2982.6
902.865112,2991.0
902.981384,2975.2
903.097595,2973.8
903.213867,2994.4
903.330017,2996.8
903.446289,3000.0
903.5625,2977.0
903.67865,2998.8
903.794922,2978.2
903.911072,2974.0
904.027344,2995.6
904.143494,2992.4
904.259705,3005.6
904.375916,2964.6
904.492065,2974.6
904.608215,2981.8
904.724426,2984.6
904.840576,2988.2
904.956726,2976.8
905.072876,3011.8
905.189087,2987.6
905.305176,2990.8
905.421387,2975.2
905.537537,3017.8
905.653687,2986.2
905.769775,2980.6
905.885925,3004.4
906.002014,2996.6
906.118164,2989.2
906.234314,2963.2
906.350403,3004.0
906.466492,2974.2
906.582642,2969.0
906.69873,3015.0
906.814758,3003.0
906.930908,2999.6
907.046936,2956.4
907.163086,2989.6
907.279175,2977.8
907.395264,2986.4
907.511353,2977.6
907.62738,2992.2
907.743408,2962.6
907.859497,3018.6
907.975525,2988.2
908.091553,3008.4
908.207703,2959.4
908.32373,2977.6
908.439758,2993.0
908.555786,2984.4
908.671814,3008.6
908.787842,2973.4
908.90387,3012.0
909.019775,2982.0
909.135864,2996.4
909.251892,3004.4
909.367859,2981.6
909.483826,3001.4
909.599854,2996.6
909.715881,2981.8
909.831848,2988.2
909.947815,2984.4
910.063782,3001.4
910.179749,3002.8
910.295776,3004.2
910.411743,3011.8
910.527649,2998.6
910.643616,3001.2
910.759583,2979.6
910.875488,3051.2
910.991455,2994.6
911.107361,2995.0
911.223267,3000.0
911.339294,2993.6
911.4552,2975.0
911.571106,3000.4
911.687073,3004.6
911.802979,2973.0
911.918823,3001.8
912.034729,3016.0
912.150635,3008.6
912.266602,2996.2
912.382446,3007.6
912.498352,2975.8
912.614197,3014.4
912.730103,2974.4
912.846008,2982.0
792.44574,4481.6
792.56488,4507.6
792.68396,4525.2
792.80304,4460.8
792.92218,4362.6
793.041199,4328.4
793.160339,4382.0
793.279419,4310.6
793.398499,4258.8
793.517578,4249.6
793.636658,4174.2
793.755737,4171.6
793.874817,4143.0
793.993896,4100.2
794.112976,4117.4
794.232056,4100.6
794.351074,4057.2
794.470215,4027.4
794.589233,3992.4
794.708313,3954.6
794.827393,3985.8
794.946411,3959.4
795.065552,3958.4
795.18457,3951.8
795.303589,3945.4
795.422668,3845.2
795.541687,3863.2
795.660767,3862.0
795.779846,3854.8
795.898865,3805.6
796.017883,3825.0
796.136963,3790.4
796.255981,3773.6
796.375061,3749.6
796.49408,3737.4
796.613037,3738.8
796.732117,3732.4
796.851135,3715.8
796.970154,3705.8
797.089233,3657.4
797.208191,3668.2
797.327271,3660.0
797.446228,3688.2
797.565186,3687.6
797.684265,3681.8
797.803223,3649.0
797.922241,3640.0
798.04126,3646.2
798.160278,3624.6
798.279297,3629.4
798.398315,3608.0
798.517273,3609.8
798.636292,3567.8
798.75531,3591.2
798.874268,3595.6
798.993286,3602.6
799.112244,3566.0
799.231323,3578.4
799.350281,3601.6
799.469238,3596.8
799.588257,3598.0
799.707153,3573.0
799.826111,3599.4
799.945129,3532.8
800.064087,3583.6
800.183044,3596.4
800.302063,3573.0
800.421021,3584.2
800.539978,3551.0
800.658936,3530.2
800.777893,3549.0
800.896912,3525.0
801.015747,3518.4
801.134705,3536.4
801.253723,3530.2
801.37262,3494.8
801.491638,3520.6
801.610535,3504.6
801.729492,3490.2
801.84845,3479.6
801.967407,3527.0
802.086243,3521.0
802.205261,3517.4
802.324158,3498.4
802.443115,3514.4
802.562073,3505.4
802.680969,3507.0
802.799927,3459.6
802.918762,3504.2
803.037659,3477.2
803.156677,3545.6
803.275574,3471.8
803.39447,3493.2
803.513428,3469.2
803.632263,3482.4
803.751221,3511.4
803.870117,3491.4
803.989014,3503.2
804.107971,3498.6
804.226746,3472.8
804.345642,3480.6
804.4646,3497.6
804.583496,3482.4
804.702393,3488.4
804.821228,3471.8
804.940125,3489.2
805.059021,3462.6
805.177917,3472.2
805.296814,3494.6
805.415649,3511.6
805.534546,3518.6
805.653442,3484.6
805.772278,3513.4
805.891113,3485.4
806.01001,3512.4
806.128906,3488.2
806.247742,3461.0
806.366577,3463.6
806.485413,3508.2
806.604309,3490.4
806.723145,3465.8
806.84198,3513.2
806.960876,3484.4
807.079712,3486.8
807.198486,3471.4
807.317383,3490.0
807.436218,3454.6
807.554993,3460.8
807.673889,3451.4
807.792725,3449.2
807.91156,3492.4
808.030396,3485.4
808.14917,3487.6
808.268005,3458.4
808.386841,3419.6
808.505676,3470.6
808.624451,3462.6
808.743286,3457.2
808.862122,3428.6
808.980896,3415.0
809.099731,3438.4
809.218506,3438.2
809.337341,3443.2
809.456116,3454.0
809.57489,3482.2
809.693726,3464.2
809.8125,3467.4
809.931274,3459.8
810.050049,3439.8
810.168884,3432.8
810.287659,3473.2
810.406372,3441.0
810.525269,3440.2
810.643982,3420.8
810.762756,3462.8
810.881531,3415.0
811.000305,3450.0
811.11908,3440.8
811.237854,3416.6
811.356567,3428.2
811.475403,3474.4
811.594116,3444.8
811.71283,3462.6
811.831604,3441.0
811.950378,3430.0
812.069153,3443.2
812.187927,3438.2
812.30658,3421.6
812.425415,3411.2
812.544128,3430.0
812.662781,3396.4
812.781616,3407.4
812.900269,3426.6
813.019043,3420.2
813.137756,3410.0
813.256531,3421.6
813.375244,3387.6
813.493896,3404.4
813.612671,3394.4
813.731384,3379.2
813.850037,3395.6
813.96875,3361.4
814.087524,3399.8
814.206238,3374.6
814.324951,3383.8
814.443604,3378.0
814.562256,3387.0
814.68103,3382.2
814.799683,3374.2
814.918335,3387.4
815.037109,3354.8
815.155762,3362.2
815.274475,3366.2
815.393188,3375.6
815.511841,3363.0
815.630554,3330.2
815.749146,3326.0
815.867859,3349.2
815.986572,3326.0
816.105164,3321.0
816.223877,3342.4
816.342529,3323.4
816.461182,3367.0
816.579895,3323.0
816.698486,3360.6
816.817139,3356.2
816.935791,3360.4
817.054504,3338.0
817.173096,3298.6
817.291748,3283.2
817.4104,3334.2
817.529053,3289.0
817.647644,3294.8
817.766235,3263.6
817.884949,3264.2
818.00354,3230.0
818.122192,3284.8
818.240845,3240.8
818.359436,3200.4
818.478088,3244.0
818.59668,3201.4
818.715271,3235.6
818.833923,3197.0
818.952515,3172.4
819.071106,3185.4
819.189758,3177.8
819.30835,3187.0
819.426941,3168.2
819.545532,3163.6
819.664124,3161.6
819.782715,3158.6
819.901306,3188.8
820.019897,3129.6
820.138489,3157.6
820.25708,3152.0
820.375671,3168.6
820.494202,3174.2
820.612732,3156.4
820.731384,3168.6
820.849915,3104.8
820.968506,3097.2
821.087097,3119.2
821.205627,3125.6
821.324158,3135.8
821.442749,3125.6
821.561279,3145.0
821.679871,3089.4
821.798401,3103.4
821.916931,3126.2
822.035461,3119.2
822.154053,3136.0
822.272583,3071.8
822.391174,3103.6
822.509583,3085.6
822.628174,3079.4
822.746704,3067.8
822.865234,3078.0
822.983765,3054.4
823.102295,3114.0
823.220825,3062.8
823.339294,3067.0
823.457825,3075.0
823.576355,3091.2
823.694824,3061.8
823.813354,3073.4
823.931885,3080.2
824.050354,3098.6
824.168884,3064.4
824.287354,3031.6
824.405823,3059.2
824.524353,3094.6
824.642822,3067.4
824.761353,3101.4
824.879822,3063.8
824.998291,3056.8
825.116699,3033.4
825.235291,3051.6
825.353699,3063.8
825.472168,3043.8
825.590637,3040.8
825.709106,3084.0
825.827576,3043.0
825.946045,3020.6
826.064453,3043.6
826.182983,3028.2
826.301392,2978.4
826.4198,2980.6
826.53833,3044.2
826.656738,3044.8
826.775208,3018.0
826.893677,3027.6
827.012024,3000.4
827.130493,3014.6
827.248962,3037.4
827.36731,3011.4
827.485779,3021.4
827.604248,3046.2
827.722595,3005.0
827.841064,2998.4
827.959412,3013.2
828.077942,2979.8
828.196289,2995.4
828.314636,2976.2
828.433105,2987.6
828.551514,2998.4
828.669861,2967.8
828.78833,2964.2
828.906677,2985.2
829.025085,2992.4
829.143433,3017.8
829.261841,2969.2
829.38031,2969.6
829.498657,2969.2
829.617004,2986.4
829.735413,3011.6
829.85376,2986.0
829.972107,2958.4
830.090515,2956.8
830.208862,2967.8
830.327209,2968.0
830.445557,2948.8
830.563904,2999.0
830.682312,2968.6
830.800659,2969.4
830.919006,2981.8
831.037354,2939.8
831.155701,2982.6
831.274048,2946.8
831.392395,2973.0
831.51062,2990.8
831.629028,2953.6
831.747314,2943.2
831.865662,2968.6
831.984009,2952.0
832.102356,2975.0
832.220642,2949.2
832.338928,2990.8
832.457275,2965.2
832.575623,2965.4
832.693909,2948.0
832.812134,2956.0
832.930481,2954.6
833.048828,2950.2
833.167114,2961.4
833.2854,2945.2
833.403687,2964.2
833.521973,2942.2
833.640259,2955.4
833.758545,2965.8
833.876831,2951.2
833.995056,2935.8
834.113281,2968.2
834.231628,2983.4
834.349915,2952.0
834.468201,2948.4
834.586426,2931.8
834.704651,2974.6
834.822998,2982.6
834.941162,2951.2
835.059448,2958.0
835.177673,2951.2
835.295959,2936.6
835.414246,2952.2
835.53241,2964.8
835.650635,2943.6
835.768921,2922.8
835.887146,2974.4
836.005371,2958.8
836.123596,2937.8
836.241821,2946.2
836.360046,2958.0
836.478271,2945.0
836.596497,2965.6
836.714722,2950.2
836.832886,2919.4
836.95105,2925.2
837.069336,2958.8
837.1875,2923.0
837.305725,2956.4
837.423889,2953.4
837.542053,2931.0
837.660339,2914.0
837.778503,2966.8
837.896667,2957.6
838.014832,2951.2
838.132996,2948.0
838.25116,2934.0
838.369385,2964.6
838.487488,2960.6
838.605713,2943.8
838.723877,2964.6
838.84198,2976.2
838.960205,2950.2
839.078308,2952.6
839.196472,2942.2
839.314636,2933.4
839.4328,2977.2
839.550964,2943.4
839.669067,2936.2
839.787231,2962.0
839.905396,2963.6
840.023499,2925.8
840.141602,2984.8
840.259766,2976.2
840.377869,2940.4
840.495972,2945.0
840.614136,2914.8
840.732239,2931.6
840.850342,2910.6
840.968445,2923.0
841.086548,2907.6
841.204651,2929.2
841.322754,2949.4
841.440918,2949.0
841.55896,2934.8
841.677002,2945.8
841.795166,2945.4
841.913208,2938.2
842.031311,2941.4
842.149353,2927.8
842.267456,2951.4
842.385498,2927.0
842.503601,2919.6
842.621643,2929.4
842.739746,2931.4
842.857788,2908.6
842.97583,2926.2
843.093933,2933.8
843.211975,2919.4
843.330017,2939.8
843.44812,2941.6
843.566101,2919.0
843.684204,2910.2
843.802246,2898.4
843.920227,2950.2
844.038269,2948.6
844.156311,2934.6
844.274292,2925.2
844.392395,2924.6
844.510376,2969.6
844.628357,2902.2
844.74646,2912.2
844.864441,2939.4
844.982422,2924.2
845.100403,2933.8
845.218384,2937.8
845.336426,2913.2
845.454468,2925.8
845.572449,2925.2
845.69043,2931.0
845.808411,2914.6
845.926453,2931.2
846.044373,2904.8
846.162354,2926.6
846.280396,2941.6
846.398315,2923.0
846.516296,2923.0
846.634216,2924.6
846.752197,2935.4
846.870178,2930.6
846.988098,2934.6
847.106079,2935.2
847.22406,2928.0
847.34198,2965.6
847.4599,2950.4
847.577881,3008.6
847.695801,2969.4
847.813782,2953.2
847.931641,2952.8
848.049561,2939.0
848.167603,2930.4
848.285461,2922.0
848.403381,2943.4
848.521362,2946.4
848.639221,2925.0
848.75708,2933.6
848.875,2900.0
848.99292,2935.4
849.110901,2973.2
849.22876,2942.8
849.34668,2922.4
849.464539,2937.8
849.582458,2929.6
849.700317,2899.4
849.818176,2919.8
849.936096,2933.6
850.053955,2904.6
850.171875,2917.8
850.289673,2897.2
850.407593,2901.2
850.525452,2916.4
850.643311,2923.8
850.761169,2901.2
850.878967,2873.4
850.996887,2929.4
851.114746,2880.0
851.232544,2907.2
851.350403,2916.6
851.468262,2917.0
851.58606,2918.8
851.703979,2938.4
851.821777,2928.4
851.939636,2889.8
852.057434,2928.0
852.175232,2958.8
852.293091,2960.4
852.410889,2988.2
852.528687,2976.0
852.646545,2961.2
852.764343,2976.0
852.88208,2950.4
852.999939,2939.0
853.117676,2946.6
853.235535,2939.6
853.353271,2915.8
853.471069,2903.6
853.588928,2918.0
853.706604,2910.4
853.824402,2955.8
853.9422,2922.8
854.059998,2901.8
854.177734,2933.0
854.295532,2920.8
854.413269,2945.6
854.531006,2931.8
854.648804,2922.6
854.766541,2931.2
854.884277,2935.0
855.002014,2946.0
855.119751,2933.4
855.237549,2953.8
855.355225,2950.0
855.473022,2945.2
855.590698,2934.0
855.708435,2957.0
855.826172,2927.4
855.943848,2959.8
856.061646,2969.4
856.179321,2979.0
856.296997,2916.2
856.414795,2959.2
856.53241,2939.0
856.650085,2963.8
856.767822,2933.6
856.885559,2934.4
857.003174,2920.2
857.120911,2958.0
857.238586,2931.8
857.356201,2935.8
857.473938,2916.4
857.591614,2903.8
857.709351,2933.6
857.826965,2921.8
857.944641,2909.0
858.062317,2918.8
858.179993,2939.6
858.297668,2920.2
858.415283,2930.2
858.532959,2926.2
858.650574,2959.2
858.768188,2934.6
858.885803,2916.4
859.003479,2905.8
859.121094,2894.0
859.23877,2940.2
859.356384,2938.2
859.473999,2921.8
859.591675,2914.8
859.709229,2941.0
859.826843,2928.4
859.944458,2918.4
860.062012,2933.4
860.179626,2920.4
860.297302,2907.6
860.414856,2921.6
860.532471,2929.6
860.650024,2907.0
860.767639,2917.8
860.885193,2908.0
861.002808,2908.2
861.120361,2938.0
861.237976,2938.4
861.35553,2918.0
861.473022,2916.4
861.590698,2912.8
861.708191,2941.8
861.825745,2936.0
861.943298,2892.0
862.060852,2907.8
862.178406,2910.6
862.295959,2889.0
862.413513,2879.2
862.531006,2883.8
862.64856,2883.2
862.766113,2896.0
862.883667,2894.6
863.00116,2878.8
863.118713,2880.2
863.236206,2898.2
863.353699,2901.2
863.471252,2891.0
863.588745,2900.6
863.706177,2912.0
863.82373,2891.0
863.941162,2894.8
864.058716,2899.8
864.176208,2915.6
864.29364,2897.4
864.411194,2898.6
864.528687,2883.8
864.646118,2894.2
864.763611,2905.4
864.881042,2904.0
864.998535,2928.8
865.116028,2909.0
865.233459,2899.8
865.350891,2881.0
865.468384,2930.0
865.585754,2917.8
865.703308,2886.4
865.820679,2958.2
865.938171,2904.8
866.055542,2859.2
866.173035,2925.8
866.290466,2899.8
866.407837,2907.2
866.52533,2919.8
866.6427,2898.2
866.760071,2882.2
866.877563,2908.2
866.994934,2899.8
867.112305,2928.8
867.229736,2905.2
867.347107,2922.2
867.464539,2908.2
867.58197,2910.8
867.699341,2910.4
867.81665,2958.0
867.934082,2917.6
868.051453,2902.2
868.168823,2909.4
868.286194,2924.0
868.403564,2947.6
868.520935,2921.4
868.638306,2908.6
868.755676,2928.0
868.872986,2920.0
868.990295,2945.0
869.107727,2958.8
869.225037,2920.6
869.342346,2906.4
869.459717,2954.2
869.577026,2935.0
869.694336,2953.8
869.811707,2938.0
869.929016,2925.6
870.046326,2953.2
870.163635,2949.0
870.280945,2938.0
870.398254,2922.4
870.515564,2935.6
870.632812,2907.8
870.750183,2927.6
870.867432,2930.2
870.984741,2930.8
871.102051,2932.4
871.219299,2924.6
871.336609,2932.0
871.453918,2933.2
871.571106,2939.8
871.688416,2960.0
871.805664,2948.2
871.922852,2958.4
872.040222,2926.2
872.157471,2947.4
872.274719,2962.6
872.391968,2968.2
872.509155,2946.0
872.626465,2938.6
872.743652,2957.2
872.860962,2966.2
872.978149,2942.6
873.095337,2956.4
873.212646,2939.8
873.329834,2934.0
873.44696,2943.6
873.564209,2965.4
873.681396,2945.8
873.798645,2964.6
873.915894,2961.6
874.03302,2932.6
874.150208,2943.4
874.267456,2940.8
874.384583,2945.4
874.501831,2959.0
874.618958,2958.8
874.736145,2966.8
874.853333,2930.4
874.970459,2967.8
875.087646,2973.8
875.204834,2983.0
875.32196,2958.6
875.439148,2966.2
875.556274,2963.2
875.673401,2962.8
875.790527,2952.4
875.907715,2969.2
876.024841,2950.8
876.141968,2981.2
876.259094,2980.2
876.376282,2941.8
876.493347,2964.8
876.610474,2910.4
876.7276,2974.8
876.844727,2976.8
876.961853,2953.8
877.078918,2992.2
877.195984,2974.8
877.313171,2995.2
877.430237,2964.6
877.547302,2984.0
877.664368,2982.0
877.781433,3003.2
877.898499,2961.8
878.015625,2961.4
878.13269,2947.2
878.249695,2964.2
878.366821,2936.2
878.483887,2957.8
878.600952,2939.2
878.717957,2940.6
878.834961,2970.6
878.952087,2959.4
879.069092,2981.2
879.186157,2962.6
879.303162,2933.0
879.420227,2954.0
879.537231,2912.2
879.654236,2928.0
879.77124,2908.2
879.888306,2916.2
880.005249,2898.6
880.122314,2899.8
880.239319,2905.6
880.356323,2915.4
880.473328,2880.4
880.590271,2928.0
880.707275,2916.8
880.824341,2902.8
880.941284,2909.2
881.058228,2915.0
881.175232,2943.0
881.292236,2925.0
881.40918,2908.6
881.526123,2923.4
881.643066,2938.0
881.760071,2951.4
881.877014,2931.4
881.993958,2949.8
882.11084,2901.2
882.227783,2872.6
882.344727,2919.2
882.46167,2924.2
882.578613,2902.0
882.695618,2925.8
882.812439,2914.4
882.929382,2931.8
883.046326,2912.4
883.163208,2938.8
883.280151,2910.4
883.397034,2928.8
883.513916,2911.8
883.630798,2940.4
883.747742,2974.0
883.864563,2968.2
883.981506,2933.6
884.098389,2958.4
884.21521,2954.6
884.332153,2978.2
884.448975,2929.2
884.565796,2977.2
884.682678,2958.8
884.7995,2960.4
884.916443,2987.2
885.033264,2993.0
885.150085,2978.4
885.266968,2998.8
885.383789,2981.8
885.500671,3034.8
885.617493,3017.6
885.734314,3041.4
885.851196,3000.6
885.967896,3015.6
886.084717,3002.4
886.201599,3059.8
886.318359,2999.6
886.435181,3047.4
886.552002,3014.0
886.668762,3012.0
886.785645,3006.6
886.902344,2998.8
887.019165,3030.6
887.135925,2988.2
887.252747,3001.6
887.369446,2987.8
887.486267,2981.0
887.603027,2978.0
887.719788,2998.8
887.836548,2945.2
887.953247,2967.4
888.070068,2966.4
888.186829,2961.6
888.303528,2971.0
888.420288,2939.0
888.536987,2932.6
888.653687,2940.6
888.770447,2922.2
888.887146,2951.8
889.003967,2941.0
889.120667,2919.0
889.237305,2928.0
889.354065,2941.6
889.470703,2952.6
889.587463,2925.6
889.704163,2961.2
889.820862,2928.2
889.937561,2915.0
890.054199,2911.8
890.170837,2905.8
890.287598,2915.0
890.404236,2924.4
890.520874,2939.8
890.637634,2934.8
890.754211,2920.6
890.87085,2927.8
890.987549,2933.4
891.104187,2945.2
891.220886,2937.0
891.337463,2941.2
891.454102,2949.8
891.57074,2949.0
891.687378,2936.4
891.804077,2953.8
891.920654,2939.4
892.037231,2948.2
892.15387,2922.2
892.270447,2903.6
892.387085,2945.0
892.503723,2936.2
892.6203,2937.2
892.736877,2960.0
892.853516,2936.0
892.970032,2948.6
893.08667,2961.0
893.203186,2937.2
893.319763,2933.8
893.43634,2955.2
893.552917,2956.4
893.669556,2980.2
893.786011,2974.0
893.902588,2948.0
894.019165,2983.6
894.135681,2982.0
894.252197,2958.6
894.368835,3005.4
894.485291,2971.4
894.601868,2972.8
894.718384,2990.2
894.8349,2961.4
894.951355,2959.0
895.067932,2981.0
895.184448,2966.2
895.300964,2974.6
895.417419,2962.8
895.533936,2982.4
895.650452,2966.2
895.766907,2975.6
895.883423,2987.4
895.999878,2973.4
896.116333,2997.4
896.232849,2969.2
896.349304,2964.6
896.465759,2973.2
896.582214,2976.4
896.698669,2978.8
896.815125,2976.6
896.931641,2987.8
897.048035,2989.0
897.164551,2993.2
897.280884,2987.8
897.397339,2973.6
897.513794,2998.6
897.630249,2986.6
897.746582,2998.0
897.863098,2981.6
897.979431,2990.8
898.095886,3005.2
898.212341,2981.0
898.328674,2997.2
898.445129,2993.2
898.561462,3007.4
898.677795,3043.8
898.794312,3006.8
898.910645,2987.4
899.026978,2991.4
899.143433,3017.4
899.259766,2993.6
899.37616,3007.2
899.492493,3006.2
899.608765,3007.4
899.725159,2986.4
899.841553,2986.8
899.957947,3007.4
900.07428,3016.6
900.190552,3031.2
900.306946,3010.2
900.423157,3028.6
900.53949,2988.8
900.655884,3046.8
900.772156,2998.0
900.888489,3049.6
901.004822,3020.0
901.121033,3000.0
901.237366,3021.2
901.353699,3026.2
901.46991,3015.0
901.586304,3005.2
901.702515,3038.2
901.818787,3023.4
901.93512,3054.8
902.051331,3049.2
902.167603,3066.6
902.283875,3065.4
902.400085,3043.8
902.516418,3046.0
902.632629,3038.6
902.74884,3051.2
902.865112,3065.8
902.981384,3055.0
903.097595,3055.8
903.213867,3063.8
903.330017,3073.0
903.446289,3077.2
903.5625,3048.0
903.67865,3051.6
903.794922,3055.6
903.911072,3059.4
904.027344,3031.6
904.143494,3030.0
904.259705,3034.4
904.375916,3043.0
904.492065,3027.2
904.608215,2995.2
904.724426,3029.8
904.840576,3027.4
904.956726,3021.0
905.072876,3036.8
905.189087,3030.4
905.305176,3021.0
905.421387,3010.6
905.537537,3031.2
905.653687,3052.8
905.769775,3026.4
905.885925,3040.8
906.002014,2990.0
906.118164,3033.2
906.234314,3011.0
906.350403,3006.2
906.466492,3035.0
906.582642,3000.6
906.69873,3040.0
906.814758,3023.8
906.930908,3005.8
907.046936,2999.8
907.163086,3036.2
907.279175,3008.2
907.395264,2985.0
907.511353,3014.6
907.62738,3018.0
907.743408,2995.6
907.859497,3032.2
907.975525,3033.6
908.091553,3018.2
908.207703,2995.2
908.32373,2999.8
908.439758,3021.0
908.555786,3034.6
908.671814,3032.6
908.787842,3027.8
908.90387,3018.8
909.019775,3021.6
909.135864,2994.8
909.251892,3017.2
909.367859,3034.8
909.483826,2995.6
909.599854,3028.8
909.715881,3016.0
909.831848,3051.8
909.947815,3000.4
910.063782,3007.6
910.179749,3033.0
910.295776,3050.4
910.411743,3033.8
910.527649,3012.6
910.643616,3050.6
910.759583,3007.8
910.875488,3034.2
910.991455,3023.4
911.107361,3018.0
911.223267,3036.0
911.339294,3014.4
911.4552,3036.8
911.571106,2998.4
911.687073,3040.6
911.802979,2994.0
911.918823,2985.0
912.034729,3030.8
912.150635,3038.0
912.266602,2992.4
912.382446,2987.2
912.498352,2987.0
912.614197,2995.2
912.730103,3006.4
912.846008,3008.8
792.44574,3640.8
792.56488,3582.6
792.68396,3650.2
792.80304,3606.0
792.92218,3538.4
793.041199,3547.0
793.160339,3552.6
793.279419,3543.4
793.398499,3526.6
793.517578,3504.0
793.636658,3488.8
793.755737,3553.6
793.874817,3519.0
793.993896,3483.6
794.112976,3515.4
794.232056,3518.2
794.351074,3473.6
794.470215,3484.4
794.589233,3455.8
794.708313,3455.8
794.827393,3463.6
794.946411,3435.4
795.065552,3425.4
795.18457,3454.4
795.303589,3426.0
795.422668,3404.0
795.541687,3439.2
795.660767,3461.2
795.779846,3422.4
795.898865,3392.6
796.017883,3365.0
796.136963,3372.8
796.255981,3380.6
796.375061,3385.0
796.49408,3373.4
796.613037,3406.6
796.732117,3359.2
796.851135,3354.4
796.970154,3369.0
797.089233,3342.6
797.208191,3347.8
797.327271,3327.4
797.446228,3340.4
797.565186,3351.8
797.684265,3394.8
797.803223,3340.8
797.922241,3340.6
798.04126,3346.8
798.160278,3341.8
798.279297,3324.0
798.398315,3319.2
798.517273,3335.8
798.636292,3321.4
798.75531,3319.0
798.874268,3318.2
798.993286,3321.2
799.112244,3303.2
799.231323,3320.8
799.350281,3272.6
799.469238,3337.4
799.588257,3333.8
799.707153,3308.0
799.826111,3311.4
799.945129,3314.0
800.064087,3312.2
800.183044,3316.4
800.302063,3295.2
800.421021,3329.4
800.539978,3285.2
800.658936,3318.6
800.777893,3323.8
800.896912,3320.2
801.015747,3275.6
801.134705,3286.8
801.253723,3290.0
801.37262,3293.0
801.491638,3294.4
801.610535,3288.2
801.729492,3301.6
801.84845,3251.0
801.967407,3272.2
802.086243,3275.4
802.205261,3284.0
802.324158,3267.2
802.443115,3285.2
802.562073,3274.8
802.680969,3292.4
802.799927,3299.2
802.918762,3304.2
803.037659,3276.6
803.156677,3288.8
803.275574,3277.8
803.39447,3283.4
803.513428,3273.6
803.632263,3307.8
803.751221,3269.8
803.870117,3256.0
803.989014,3303.6
804.107971,3279.2
804.226746,3290.0
804.345642,3249.8
804.4646,3316.2
804.583496,3284.8
804.702393,3257.2
804.821228,3288.8
804.940125,3259.2
805.059021,3220.4
805.177917,3285.8
805.296814,3309.0
805.415649,3291.8
805.534546,3304.8
805.653442,3269.8
805.772278,3306.2
805.891113,3303.0
806.01001,3256.4
806.128906,3255.6
806.247742,3276.0
806.366577,3272.0
806.485413,3282.0
806.604309,3311.4
806.723145,3254.2
806.84198,3260.4
806.960876,3259.0
807.079712,3236.4
807.198486,3266.6
807.317383,3310.8
807.436218,3262.6
807.554993,3249.4
807.673889,3270.6
807.792725,3243.8
807.91156,3273.2
808.030396,3271.2
808.14917,3238.2
808.268005,3238.8
808.386841,3297.8
808.505676,3253.2
808.624451,3263.6
808.743286,3251.6
808.862122,3225.4
808.980896,3236.8
809.099731,3250.0
809.218506,3220.8
809.337341,3234.0
809.456116,3238.8
809.57489,3256.8
809.693726,3235.4
809.8125,3237.0
809.931274,3272.2
810.050049,3228.6
810.168884,3247.4
810.287659,3225.6
810.406372,3239.6
810.525269,3252.4
810.643982,3205.0
810.762756,3215.2
810.881531,3215.4
811.000305,3222.6
811.11908,3216.2
811.237854,3243.4
811.356567,3203.6
811.475403,3241.4
811.594116,3216.8
811.71283,3240.0
811.831604,3199.2
811.950378,3222.4
812.069153,3191.8
812.187927,3225.4
812.30658,3226.8
812.425415,3216.8
812.544128,3234.8
812.662781,3202.6
812.781616,3194.4
812.900269,3202.0
813.019043,3187.2
813.137756,3191.2
813.256531,3195.4
813.375244,3171.2
813.493896,3200.4
813.612671,3176.8
813.731384,3203.8
813.850037,3165.0
813.96875,3220.4
814.087524,3199.0
814.206238,3185.2
814.324951,3219.0
814.443604,3169.0
814.562256,3197.6
814.68103,3152.8
814.799683,3174.2
814.918335,3170.0
815.037109,3174.6
815.155762,3195.6
815.274475,3161.8
815.393188,3163.2
815.511841,3185.8
815.630554,3149.6
815.749146,3153.4
815.867859,3110.6
815.986572,3145.8
816.105164,3158.2
816.223877,3160.6
816.342529,3153.8
816.461182,3181.0
816.579895,3151.2
816.698486,3175.6
816.817139,3166.6
816.935791,3185.2
817.054504,3170.2
817.173096,3111.8
817.291748,3109.2
817.4104,3150.8
817.529053,3104.4
817.647644,3147.4
817.766235,3122.8
817.884949,3142.0
818.00354,3102.6
818.122192,3137.4
818.240845,3130.0
818.359436,3089.4
818.478088,3130.0
818.59668,3098.2
818.715271,3121.8
818.833923,3098.4
818.952515,3133.4
819.071106,3081.4
819.189758,3068.4
819.30835,3084.8
819.426941,3088.6
819.545532,3083.2
819.664124,3092.0
819.782715,3081.2
819.901306,3092.6
820.019897,3083.4
820.138489,3056.4
820.25708,3092.4
820.375671,3070.8
820.494202,3059.8
820.612732,3048.2
820.731384,3092.4
820.849915,3057.6
820.968506,3062.6
821.087097,3027.6
821.205627,3086.0
821.324158,3029.4
821.442749,3048.8
821.561279,3076.6
821.679871,3028.4
821.798401,3049.4
821.916931,3042.2
822.035461,3051.2
822.154053,3067.0
822.272583,3022.4
822.391174,3018.6
822.509583,3007.4
822.628174,3038.2
822.746704,3060.0
822.865234,3019.6
822.983765,3020.6
823.102295,3047.0
823.220825,3011.0
823.339294,3050.8
823.457825,3029.6
823.576355,3019.6
823.694824,3027.6
823.813354,3030.8
823.931885,3034.4
824.050354,3006.2
824.168884,3016.8
824.287354,3012.2
824.405823,3019.8
824.524353,3027.8
824.642822,3018.0
824.761353,3010.4
824.879822,3014.8
824.998291,3004.4
825.116699,2992.6
825.235291,3056.0
825.353699,3019.6
825.472168,2966.0
825.590637,2986.8
825.709106,2989.8
825.827576,3009.6
825.946045,2962.6
826.064453,3002.4
826.182983,2991.4
826.301392,2990.6
826.4198,2990.8
826.53833,2968.4
826.656738,2997.2
826.775208,2963.6
826.893677,3006.4
827.012024,2986.0
827.130493,2972.2
827.248962,2970.6
827.36731,2985.6
827.485779,2979.0
827.604248,2975.0
827.722595,2971.2
827.841064,2955.6
827.959412,2955.2
828.077942,2960.4
828.196289,2972.0
828.314636,2948.0
828.433105,2947.2
828.551514,2936.6
828.669861,2934.6
828.78833,2961.6
828.906677,2942.8
829.025085,2942.4
829.143433,2963.2
829.261841,2965.8
829.38031,2909.0
829.498657,2922.8
829.617004,2948.4
829.735413,2971.8
829.85376,2913.0
829.972107,2921.2
830.090515,2939.4
830.208862,2927.2
830.327209,2955.8
830.445557,2937.4
830.563904,2974.4
830.682312,2956.0
830.800659,2917.0
830.919006,2952.0
831.037354,2944.6
831.155701,2938.2
831.274048,2925.8
831.392395,2933.4
831.51062,2918.8
831.629028,2920.6
831.747314,2925.8
831.865662,2954.2
831.984009,2949.8
832.102356,2947.2
832.220642,2917.0
832.338928,2930.6
832.457275,2937.2
832.575623,2896.6
832.693909,2903.8
832.812134,2937.0
832.930481,2936.2
833.048828,2951.8
833.167114,2909.0
833.2854,2907.0
833.403687,2945.4
833.521973,2912.8
833.640259,2891.6
833.758545,2899.6
833.876831,2925.0
833.995056,2902.2
834.113281,2914.6
834.231628,2929.6
834.349915,2909.8
834.468201,2934.4
834.586426,2928.8
834.704651,2919.6
834.822998,2926.4
834.941162,2943.6
835.059448,2936.0
835.177673,2949.0
835.295959,2922.6
835.414246,2928.6
835.53241,2886.0
835.650635,2934.6
835.768921,2892.8
835.887146,2917.4
836.005371,2940.0
836.123596,2917.4
836.241821,2922.8
836.360046,2928.2
836.478271,2916.2
836.596497,2916.2
836.714722,2921.4
836.832886,2923.8
836.95105,2878.2
837.069336,2925.8
837.1875,2891.4
837.305725,2915.2
837.423889,2903.4
837.542053,2922.0
837.660339,2912.0
837.778503,2898.8
837.896667,2893.4
838.014832,2914.0
838.132996,2882.8
838.25116,2901.8
838.369385,2899.0
838.487488,2907.6
838.605713,2888.0
838.723877,2893.8
838.84198,2903.2
838.960205,2903.8
839.078308,2916.0
839.196472,2881.4
839.314636,2913.2
839.4328,2915.8
839.550964,2923.6
839.669067,2890.6
839.787231,2882.0
839.905396,2919.0
840.023499,2907.0
840.141602,2876.4
840.259766,2902.6
840.377869,2872.4
840.495972,2915.2
840.614136,2919.2
840.732239,2902.2
840.850342,2887.2
840.968445,2905.0
841.086548,2869.0
841.204651,2857.6
841.322754,2873.8
841.440918,2855.0
841.55896,2885.4
841.677002,2912.6
841.795166,2888.4
841.913208,2854.4
842.031311,2888.4
842.149353,2884.8
842.267456,2864.6
842.385498,2882.6
842.503601,2874.6
842.621643,2877.0
842.739746,2859.8
842.857788,2830.0
842.97583,2850.6
843.093933,2858.0
843.211975,2881.6
843.330017,2897.2
843.44812,2887.0
843.566101,2882.0
843.684204,2888.8
843.802246,2879.2
843.920227,2876.8
844.038269,2881.8
844.156311,2888.4
844.274292,2863.0
844.392395,2856.8
844.510376,2885.6
844.628357,2826.0
844.74646,2829.6
844.864441,2874.4
844.982422,2856.2
845.100403,2883.0
845.218384,2840.4
845.336426,2837.2
845.454468,2878.2
845.572449,2857.6
845.69043,2872.6
845.808411,2832.0
845.926453,2865.8
846.044373,2859.8
846.162354,2848.8
846.280396,2843.8
846.398315,2846.2
846.516296,2842.2
846.634216,2845.2
846.752197,2828.4
846.870178,2876.4
846.988098,2850.6
847.106079,2861.4
847.22406,2849.8
847.34198,2880.8
847.4599,2886.0
847.577881,2858.2
847.695801,2851.0
847.813782,2869.2
847.931641,2860.8
848.049561,2857.2
848.167603,2809.2
848.285461,2844.4
848.403381,2872.2
848.521362,2867.0
848.639221,2840.0
848.75708,2858.0
848.875,2847.4
848.99292,2865.8
849.110901,2828.2
849.22876,2850.2
849.34668,2838.2
849.464539,2858.6
849.582458,2826.4
849.700317,2856.6
849.818176,2850.6
849.936096,2845.8
850.053955,2857.0
850.171875,2840.4
850.289673,2837.0
850.407593,2819.0
850.525452,2854.4
850.643311,2850.2
850.761169,2844.0
850.878967,2877.2
850.996887,2872.2
851.114746,2823.2
851.232544,2837.4
851.350403,2872.2
851.468262,2870.0
851.58606,2849.8
851.703979,2878.2
851.821777,2896.6
851.939636,2873.0
852.057434,2879.2
852.175232,2875.6
852.293091,2869.4
852.410889,2857.6
852.528687,2886.2
852.646545,2857.2
852.764343,2870.8
852.88208,2902.4
852.999939,2872.4
853.117676,2895.4
853.235535,2859.4
853.353271,2866.0
853.471069,2876.6
853.588928,2862.6
853.706604,2878.0
853.824402,2874.2
853.9422,2877.8
854.059998,2872.2
854.177734,2878.6
854.295532,2855.8
854.413269,2862.0
854.531006,2868.0
854.648804,2871.8
854.766541,2856.0
854.884277,2869.4
855.002014,2887.0
855.119751,2890.6
855.237549,2879.2
855.355225,2902.2
855.473022,2872.6
855.590698,2871.2
855.708435,2875.8
855.826172,2886.0
855.943848,2898.8
856.061646,2895.4
856.179321,2888.6
856.296997,2871.8
856.414795,2893.8
856.53241,2880.0
856.650085,2876.0
856.767822,2901.0
856.885559,2870.0
857.003174,2862.8
857.120911,2857.2
857.238586,2868.2
857.356201,2876.8
857.473938,2851.4
857.591614,2867.4
857.709351,2882.2
857.826965,2867.0
857.944641,2874.2
858.062317,2882.4
858.179993,2846.2
858.297668,2852.6
858.415283,2861.4
858.532959,2843.6
858.650574,2878.0
858.768188,2869.6
858.885803,2852.8
859.003479,2879.4
859.121094,2854.0
859.23877,2872.8
859.356384,2864.0
859.473999,2868.8
859.591675,2841.8
859.709229,2859.0
859.826843,2861.2
859.944458,2861.8
860.062012,2870.4
860.179626,2865.2
860.297302,2848.0
860.414856,2890.6
860.532471,2865.0
860.650024,2857.6
860.767639,2885.6
860.885193,2871.6
861.002808,2835.0
861.120361,2866.0
861.237976,2872.6
861.35553,2855.2
861.473022,2850.2
861.590698,2856.0
861.708191,2864.2
861.825745,2854.6
861.943298,2848.6
862.060852,2846.6
862.178406,2841.2
862.295959,2849.6
862.413513,2850.6
862.531006,2829.0
862.64856,2839.2
862.766113,2848.8
862.883667,2836.6
863.00116,2844.8
863.118713,2883.8
863.236206,2855.6
863.353699,2868.8
863.471252,2858.2
863.588745,2847.2
863.706177,2852.0
863.82373,2831.6
863.941162,2851.6
864.058716,2830.2
864.176208,2874.2
864.29364,2872.2
864.411194,2863.2
864.528687,2839.0
864.646118,2878.8
864.763611,2847.2
864.881042,2849.4
864.998535,2832.6
865.116028,2847.6
865.233459,2836.6
865.350891,2834.0
865.468384,2858.0
865.585754,2869.8
865.703308,2853.6
865.820679,2894.6
865.938171,2872.6
866.055542,2862.8
866.173035,2873.2
866.290466,2838.8
866.407837,2866.4
866.52533,2865.0
866.6427,2864.0
866.760071,2870.6
866.877563,2855.6
866.994934,2851.4
867.112305,2868.6
867.229736,2849.2
867.347107,2840.2
867.464539,2840.4
867.58197,2849.8
867.699341,2852.0
867.81665,2858.0
867.934082,2854.6
868.051453,2866.4
868.168823,2890.6
868.286194,2857.8
868.403564,2854.4
868.520935,2876.8
868.638306,2859.4
868.755676,2881.2
868.872986,2872.8
868.990295,2869.8
869.107727,2873.6
869.225037,2875.0
869.342346,2888.6
869.459717,2884.8
869.577026,2874.8
869.694336,2892.6
869.811707,2858.6
869.929016,2854.8
870.046326,2871.6
870.163635,2897.6
870.280945,2877.6
870.398254,2864.4
870.515564,2845.8
870.632812,2851.0
870.750183,2867.4
870.867432,2883.0
870.984741,2845.2
871.102051,2858.0
871.219299,2857.0
871.336609,2877.2
871.453918,2862.0
871.571106,2869.4
871.688416,2892.4
871.805664,2846.2
871.922852,2864.0
872.040222,2857.2
872.157471,2867.8
872.274719,2895.2
872.391968,2850.8
872.509155,2887.6
872.626465,2864.8
872.743652,2880.6
872.860962,2868.4
872.978149,2880.4
873.095337,2857.4
873.212646,2859.4
873.329834,2849.0
873.44696,2857.4
873.564209,2873.2
873.681396,2880.8
873.798645,2874.8
873.915894,2868.8
874.03302,2851.0
874.150208,2871.4
874.267456,2859.4
874.384583,2879.8
874.501831,2865.2
874.618958,2887.0
874.736145,2870.6
874.853333,2880.6
874.970459,2891.0
875.087646,2882.2
875.204834,2881.6
875.32196,2878.0
875.439148,2873.4
875.556274,2862.2
875.673401,2888.0
875.790527,2866.8
875.907715,2878.8
876.024841,2856.8
876.141968,2841.8
876.259094,2865.2
876.376282,2879.8
876.493347,2861.6
876.610474,2876.0
876.7276,2868.4
876.844727,2905.4
876.961853,2853.4
877.078918,2899.0
877.195984,2889.8
877.313171,2890.2
877.430237,2890.6
877.547302,2888.6
877.664368,2892.6
877.781433,2899.2
877.898499,2891.0
878.015625,2860.4
878.13269,2860.2
878.249695,2910.2
878.366821,2877.0
878.483887,2875.4
878.600952,2893.8
878.717957,2871.6
878.834961,2889.0
878.952087,2895.2
879.069092,2877.6
879.186157,2909.2
879.303162,2870.0
879.420227,2887.2
879.537231,2863.0
879.654236,2858.2
879.77124,2854.2
879.888306,2877.8
880.005249,2893.6
880.122314,2881.8
880.239319,2879.2
880.356323,2874.0
880.473328,2882.8
880.590271,2884.4
880.707275,2897.2
880.824341,2877.6
880.941284,2854.0
881.058228,2869.6
881.175232,2910.8
881.292236,2884.6
881.40918,2881.6
881.526123,2876.8
881.643066,2857.4
881.760071,2888.2
881.877014,2883.2
881.993958,2879.8
882.11084,2904.6
882.227783,2876.0
882.344727,2910.0
882.46167,2879.4
882.578613,2883.6
882.695618,2894.2
882.812439,2879.4
882.929382,2881.0
883.046326,2900.4
883.163208,2885.0
883.280151,2905.0
883.397034,2875.0
883.513916,2877.4
883.630798,2872.4
883.747742,2893.2
883.864563,2892.8
883.981506,2880.6
884.098389,2892.6
884.21521,2896.6
884.332153,2885.0
884.448975,2904.6
884.565796,2911.8
884.682678,2892.6
884.7995,2921.8
884.916443,2899.0
885.033264,2893.6
885.150085,2912.6
885.266968,2901.0
885.383789,2927.0
885.500671,2924.0
885.617493,2902.8
885.734314,2928.8
885.851196,2910.4
885.967896,2925.6
886.084717,2934.4
886.201599,2934.2
886.318359,2913.0
886.435181,2927.4
886.552002,2913.0
886.668762,2905.4
886.785645,2902.2
886.902344,2909.6
887.019165,2913.0
887.135925,2906.0
887.252747,2929.8
887.369446,2940.2
887.486267,2912.6
887.603027,2928.8
887.719788,2922.2
887.836548,2925.0
887.953247,2883.4
888.070068,2900.4
888.186829,2900.0
888.303528,2917.0
888.420288,2913.8
888.536987,2925.0
888.653687,2905.4
888.770447,2916.4
888.887146,2911.4
889.003967,2923.2
889.120667,2932.8
889.237305,2944.0
889.354065,2907.4
889.470703,2922.2
889.587463,2905.8
889.704163,2929.6
889.820862,2917.8
889.937561,2910.4
890.054199,2906.8
890.170837,2955.8
890.287598,2895.2
890.404236,2924.0
890.520874,2931.2
890.637634,2939.4
890.754211,2941.0
890.87085,2916.0
890.987549,2929.2
891.104187,2908.0
891.220886,2924.8
891.337463,2923.2
891.454102,2925.6
891.57074,2933.4
891.687378,2933.8
891.804077,2946.6
891.920654,2911.2
892.037231,2925.4
892.15387,2920.4
892.270447,2927.6
892.387085,2916.4
892.503723,2909.2
892.6203,2917.4
892.736877,2908.6
892.853516,2911.0
892.970032,2912.4
893.08667,2938.0
893.203186,2933.6
893.319763,2957.2
893.43634,2923.8
893.552917,2949.0
893.669556,2953.8
893.786011,2951.4
893.902588,2959.4
894.019165,2950.2
894.135681,2933.6
894.252197,2959.6
894.368835,2984.4
894.485291,2963.8
894.601868,2970.4
894.718384,2952.8
894.8349,2929.6
894.951355,2955.2
895.067932,2942.2
895.184448,2957.0
895.300964,2960.4
895.417419,2960.6
895.533936,2940.4
895.650452,2970.4
895.766907,2966.0
895.883423,2976.2
895.999878,2968.2
896.116333,2959.6
896.232849,2970.6
896.349304,2964.0
896.465759,2942.8
896.582214,2950.2
896.698669,2938.0
896.815125,2960.6
896.931641,2970.8
897.048035,2942.2
897.164551,2941.0
897.280884,2946.8
897.397339,2959.2
897.513794,2967.6
897.630249,3002.4
897.746582,2991.4
897.863098,2970.8
897.979431,2958.0
898.095886,3003.2
898.212341,2973.0
898.328674,2958.8
898.445129,2998.2
898.561462,2975.8
898.677795,2986.6
898.794312,2965.4
898.910645,2956.2
899.026978,2952.2
899.143433,2962.8
899.259766,2972.0
899.37616,2949.2
899.492493,2998.8
899.608765,2979.2
899.725159,3015.6
899.841553,2938.0
899.957947,2965.6
900.07428,2966.2
900.190552,2976.8
900.306946,2980.0
900.423157,2985.4
900.53949,2975.2
900.655884,2983.0
900.772156,2989.4
900.888489,2985.8
901.004822,2957.8
901.121033,2961.0
901.237366,2979.4
901.353699,2960.2
901.46991,2974.2
901.586304,2988.0
901.702515,2998.4
901.818787,2953.8
901.93512,2984.0
902.051331,2974.2
902.167603,2987.6
902.283875,2982.8
902.400085,2964.8
902.516418,2972.0
902.632629,2976.4
902.74884,2967.6
902.865112,3002.0
902.981384,2962.8
903.097595,2993.0
903.213867,3008.4
903.330017,2997.6
903.446289,2995.2
903.5625,2961.8
903.67865,2999.2
903.794922,3009.0
903.911072,2983.4
904.027344,3002.2
904.143494,2987.8
904.259705,3009.2
904.375916,2968.6
904.492065,2977.0
904.608215,2969.2
904.724426,2995.6
904.840576,3005.6
904.956726,2994.6
905.072876,3004.6
905.189087,2966.6
905.305176,2987.6
905.421387,2990.0
905.537537,3004.6
905.653687,2993.0
905.769775,3000.0
905.885925,3007.6
906.002014,3014.6
906.118164,2996.4
906.234314,2988.6
906.350403,3017.4
906.466492,3003.2
906.582642,3010.0
906.69873,2990.4
906.814758,3019.0
906.930908,2982.6
907.046936,2966.6
907.163086,3012.4
907.279175,3007.2
907.395264,3013.2
907.511353,2977.0
907.62738,3001.2
907.743408,3023.2
907.859497,2997.8
907.975525,3016.8
908.091553,2979.8
908.207703,3035.0
908.32373,3007.6
908.439758,3036.8
908.555786,2985.0
908.671814,3045.0
908.787842,3012.0
908.90387,3010.8
909.019775,3006.2
909.135864,2985.6
909.251892,3026.0
909.367859,3007.6
909.483826,3043.4
909.599854,3020.6
909.715881,3012.2
909.831848,3023.8
909.947815,3001.6
910.063782,3010.0
910.179749,3006.0
910.295776,3009.6
910.411743,3018.4
910.527649,2994.0
910.643616,3040.0
910.759583,3001.6
910.875488,3054.0
910.991455,3019.2
911.107361,3040.6
911.223267,3002.2
911.339294,3017.4
911.4552,3019.6
911.571106,3005.8
911.687073,3013.6
911.802979,2977.8
911.918823,3000.0
912.034729,3024.0
912.150635,3017.6
912.266602,3021.0
912.382446,3003.8
912.498352,3010.0
912.614197,2997.6
912.730103,2986.4
912.846008,2997.4
792.44574,3640.2
792.56488,3580.6
792.68396,3620.4
792.80304,3602.6
792.92218,3542.6
793.041199,3511.0
793.160339,3542.6
793.279419,3535.6
793.398499,3522.2
793.517578,3509.2
793.636658,3478.4
793.755737,3512.8
793.874817,3431.6
793.993896,3476.4
794.112976,3469.0
794.232056,3439.2
794.351074,3409.8
794.470215,3423.6
794.589233,3411.4
794.708313,3384.8
794.827393,3415.8
794.946411,3381.4
795.065552,3396.4
795.18457,3379.0
795.303589,3397.2
795.422668,3365.4
795.541687,3359.0
795.660767,3374.4
795.779846,3325.2
795.898865,3335.4
796.017883,3316.8
796.136963,3324.8
796.255981,3325.0
796.375061,3311.6
796.49408,3319.2
796.613037,3310.6
796.732117,3305.2
796.851135,3328.2
796.970154,3303.2
797.089233,3288.4
797.208191,3268.0
797.327271,3311.2
797.446228,3285.2
797.565186,3307.4
797.684265,3312.0
797.803223,3290.6
797.922241,3266.0
798.04126,3258.6
798.160278,3268.6
798.279297,3243.2
798.398315,3228.8
798.517273,3259.4
798.636292,3283.6
798.75531,3253.2
798.874268,3246.4
798.993286,3271.0
799.112244,3222.4
799.231323,3253.0
799.350281,3244.8
799.469238,3261.2
799.588257,3249.8
799.707153,3234.0
799.826111,3267.2
799.945129,3227.8
800.064087,3288.0
800.183044,3244.2
800.302063,3266.2
800.421021,3260.2
800.539978,3255.0
800.658936,3256.2
800.777893,3281.8
800.896912,3269.4
801.015747,3249.2
801.134705,3227.4
801.253723,3272.2
801.37262,3254.4
801.491638,3241.6
801.610535,3291.0
801.729492,3266.4
801.84845,3257.8
801.967407,3269.0
802.086243,3258.2
802.205261,3244.8
802.324158,3276.4
802.443115,3246.2
802.562073,3286.4
802.680969,3254.8
802.799927,3302.0
802.918762,3272.8
803.037659,3260.4
803.156677,3268.8
803.275574,3278.6
803.39447,3278.6
803.513428,3256.0
803.632263,3285.8
803.751221,3284.2
803.870117,3290.0
803.989014,3286.8
804.107971,3272.8
804.226746,3283.8
804.345642,3260.0
804.4646,3268.0
804.583496,3294.0
804.702393,3285.6
804.821228,3277.8
804.940125,3257.4
805.059021,3244.0
805.177917,3311.8
805.296814,3324.4
805.415649,3302.4
805.534546,3317.8
805.653442,3270.2
805.772278,3327.0
805.891113,3286.6
806.01001,3334.4
806.128906,3308.4
806.247742,3316.0
806.366577,3283.6
806.485413,3310.2
806.604309,3303.2
806.723145,3300.0
806.84198,3316.4
806.960876,3313.6
807.079712,3311.4
807.198486,3314.0
807.317383,3303.6
807.436218,3289.4
807.554993,3282.2
807.673889,3305.6
807.792725,3321.0
807.91156,3284.4
808.030396,3299.0
808.14917,3276.6
808.268005,3304.4
808.386841,3296.4
808.505676,3318.0
808.624451,3298.4
808.743286,3285.0
808.862122,3301.8
808.980896,3293.8
809.099731,3282.0
809.218506,3295.8
809.337341,3280.0
809.456116,3300.2
809.57489,3295.8
809.693726,3320.6
809.8125,3289.6
809.931274,3321.4
810.050049,3321.2
810.168884,3316.6
810.287659,3300.6
810.406372,3313.6
810.525269,3307.8
810.643982,3320.2
810.762756,3289.2
810.881531,3296.8
811.000305,3304.4
811.11908,3287.8
811.237854,3285.6
811.356567,3308.8
811.475403,3315.8
811.594116,3296.8
811.71283,3312.6
811.831604,3310.8
811.950378,3304.8
812.069153,3309.6
812.187927,3326.8
812.30658,3302.6
812.425415,3287.8
812.544128,3287.2
812.662781,3289.0
812.781616,3297.2
812.900269,3318.6
813.019043,3297.2
813.137756,3328.4
813.256531,3300.6
813.375244,3245.4
813.493896,3289.2
813.612671,3281.2
813.731384,3259.0
813.850037,3265.6
813.96875,3247.0
814.087524,3278.0
814.206238,3251.0
814.324951,3255.0
814.443604,3211.8
814.562256,3233.4
814.68103,3254.6
814.799683,3233.8
814.918335,3228.2
815.037109,3220.2
815.155762,3232.8
815.274475,3222.4
815.393188,3195.2
815.511841,3226.6
815.630554,3187.0
815.749146,3199.6
815.867859,3184.0
815.986572,3189.4
816.105164,3190.6
816.223877,3181.2
816.342529,3172.2
816.461182,3193.4
816.579895,3211.0
816.698486,3233.4
816.817139,3231.4
816.935791,3250.8
817.054504,3213.2
817.173096,3193.6
817.291748,3183.4
817.4104,3174.8
817.529053,3130.8
817.647644,3125.4
817.766235,3096.0
817.884949,3096.0
818.00354,3074.2
818.122192,3053.6
818.240845,3028.2
818.359436,3008.8
818.478088,3021.0
818.59668,2990.4
818.715271,2972.6
818.833923,2959.4
818.952515,2968.0
819.071106,2957.4
819.189758,2923.4
819.30835,2902.2
819.426941,2919.2
819.545532,2903.2
819.664124,2910.2
819.782715,2900.0
819.901306,2935.4
820.019897,2900.2
820.138489,2872.4
820.25708,2919.2
820.375671,2908.6
820.494202,2892.0
820.612732,2860.2
820.731384,2858.0
820.849915,2881.2
820.968506,2872.0
821.087097,2843.8
821.205627,2845.0
821.324158,2826.2
821.442749,2833.2
821.561279,2836.0
821.679871,2846.4
821.798401,2833.4
821.916931,2857.8
822.035461,2827.6
822.154053,2865.4
822.272583,2810.6
822.391174,2839.0
822.509583,2841.6
822.628174,2851.6
822.746704,2840.4
822.865234,2814.2
822.983765,2814.6
823.102295,2845.0
823.220825,2821.0
823.339294,2829.6
823.457825,2817.2
823.576355,2805.0
823.694824,2799.0
823.813354,2824.4
823.931885,2851.2
824.050354,2819.0
824.168884,2847.0
824.287354,2817.2
824.405823,2804.8
824.524353,2842.4
824.642822,2815.2
824.761353,2809.8
824.879822,2805.4
824.998291,2788.2
825.116699,2796.4
825.235291,2812.0
825.353699,2808.2
825.472168,2783.0
825.590637,2791.4
825.709106,2809.6
825.827576,2791.0
825.946045,2764.6
826.064453,2763.2
826.182983,2760.0
826.301392,2754.8
826.4198,2727.0
826.53833,2796.6
826.656738,2790.6
826.775208,2762.8
826.893677,2767.2
827.012024,2758.2
827.130493,2768.2
827.248962,2757.4
827.36731,2737.8
827.485779,2764.2
827.604248,2742.4
827.722595,2740.6
827.841064,2724.8
827.959412,2746.2
828.077942,2736.8
828.196289,2741.6
828.314636,2758.6
828.433105,2737.6
828.551514,2717.8
828.669861,2748.2
828.78833,2709.6
828.906677,2725.8
829.025085,2715.4
829.143433,2759.4
829.261841,2727.8
829.38031,2718.4
829.498657,2706.8
829.617004,2712.2
829.735413,2725.0
829.85376,2715.4
829.972107,2679.0
830.090515,2715.0
830.208862,2721.8
830.327209,2726.0
830.445557,2733.8
830.563904,2719.6
830.682312,2715.8
830.800659,2699.0
830.919006,2693.4
831.037354,2703.6
831.155701,2716.6
831.274048,2693.8
831.392395,2683.6
831.51062,2690.2
831.629028,2702.0
831.747314,2703.8
831.865662,2713.0
831.984009,2704.0
832.102356,2670.0
832.220642,2699.2
832.338928,2700.0
832.457275,2683.4
832.575623,2696.8
832.693909,2677.0
832.812134,2679.8
832.930481,2689.6
833.048828,2685.8
833.167114,2699.4
833.2854,2698.6
833.403687,2726.8
833.521973,2715.0
833.640259,2689.4
833.758545,2706.6
833.876831,2681.8
833.995056,2692.4
834.113281,2677.6
834.231628,2699.4
834.349915,2702.6
834.468201,2707.4
834.586426,2681.8
834.704651,2711.0
834.822998,2674.8
834.941162,2697.4
835.059448,2677.2
835.177673,2708.6
835.295959,2716.4
835.414246,2707.8
835.53241,2694.6
835.650635,2693.2
835.768921,2700.4
835.887146,2722.2
836.005371,2710.4
836.123596,2698.6
836.241821,2713.8
836.360046,2698.6
836.478271,2724.0
836.596497,2714.0
836.714722,2727.8
836.832886,2732.2
836.95105,2731.4
837.069336,2734.8
837.1875,2723.8
837.305725,2724.0
837.423889,2700.6
837.542053,2719.8
837.660339,2709.2
837.778503,2731.4
837.896667,2711.2
838.014832,2706.6
838.132996,2711.4
838.25116,2706.2
838.369385,2708.8
838.487488,2735.4
838.605713,2728.6
838.723877,2719.8
838.84198,2718.2
838.960205,2711.6
839.078308,2728.4
839.196472,2700.4
839.314636,2694.4
839.4328,2724.8
839.550964,2732.8
839.669067,2677.4
839.787231,2694.8
839.905396,2685.4
840.023499,2710.2
840.141602,2708.2
840.259766,2698.6
840.377869,2674.4
840.495972,2683.2
840.614136,2693.8
840.732239,2710.4
840.850342,2673.2
840.968445,2689.2
841.086548,2657.2
841.204651,2657.6
841.322754,2708.0
841.440918,2653.0
841.55896,2684.8
841.677002,2652.6
841.795166,2687.4
841.913208,2674.4
842.031311,2686.8
842.149353,2670.6
842.267456,2644.6
842.385498,2676.2
842.503601,2659.8
842.621643,2653.6
842.739746,2623.2
842.857788,2651.6
842.97583,2636.0
843.093933,2632.0
843.211975,2664.8
843.330017,2650.0
843.44812,2673.8
843.566101,2642.4
843.684204,2666.2
843.802246,2619.0
843.920227,2678.0
844.038269,2658.4
844.156311,2679.2
844.274292,2663.8
844.392395,2665.2
844.510376,2632.8
844.628357,2636.6
844.74646,2643.2
844.864441,2645.0
844.982422,2647.0
845.100403,2638.0
845.218384,2639.0
845.336426,2634.0
845.454468,2657.4
845.572449,2653.2
845.69043,2612.4
845.808411,2629.2
845.926453,2642.8
846.044373,2608.8
846.162354,2630.0
846.280396,2637.0
846.398315,2620.4
846.516296,2651.6
846.634216,2617.0
846.752197,2627.6
846.870178,2640.2
846.988098,2619.8
847.106079,2619.4
847.22406,2631.6
847.34198,2653.0
847.4599,2603.6
847.577881,2659.4
847.695801,2635.2
847.813782,2639.2
847.931641,2619.4
848.049561,2641.0
848.167603,2587.2
848.285461,2614.2
848.403381,2645.4
848.521362,2640.0
848.639221,2651.2
848.75708,2628.8
848.875,2671.0
848.99292,2641.0
849.110901,2644.2
849.22876,2628.6
849.34668,2632.6
849.464539,2630.2
849.582458,2610.0
849.700317,2634.8
849.818176,2616.4
849.936096,2598.2
850.053955,2640.2
850.171875,2625.4
850.289673,2637.4
850.407593,2624.4
850.525452,2659.6
850.643311,2636.4
850.761169,2629.2
850.878967,2622.8
850.996887,2649.6
851.114746,2611.8
851.232544,2626.6
851.350403,2654.0
851.468262,2642.0
851.58606,2630.6
851.703979,2664.2
851.821777,2642.0
851.939636,2661.4
852.057434,2657.6
852.175232,2665.2
852.293091,2672.0
852.410889,2654.2
852.528687,2648.6
852.646545,2657.2
852.764343,2657.4
852.88208,2680.0
852.999939,2651.0
853.117676,2661.2
853.235535,2646.4
853.353271,2669.2
853.471069,2651.6
853.588928,2645.0
853.706604,2675.2
853.824402,2671.8
853.9422,2664.0
854.059998,2654.8
854.177734,2648.4
854.295532,2646.8
854.413269,2660.0
854.531006,2650.6
854.648804,2676.8
854.766541,2671.8
854.884277,2674.8
855.002014,2664.8
855.119751,2651.6
855.237549,2689.0
855.355225,2699.4
855.473022,2668.4
855.590698,2670.6
855.708435,2702.6
855.826172,2694.8
855.943848,2690.6
856.061646,2687.6
856.179321,2664.0
856.296997,2683.2
856.414795,2704.4
856.53241,2680.0
856.650085,2729.2
856.767822,2689.2
856.885559,2703.2
857.003174,2674.2
857.120911,2656.2
857.238586,2678.4
857.356201,2679.8
857.473938,2689.0
857.591614,2678.0
857.709351,2683.6
857.826965,2689.8
857.944641,2657.8
858.062317,2675.2
858.179993,2682.2
858.297668,2667.4
858.415283,2710.6
858.532959,2676.6
858.650574,2691.6
858.768188,2695.6
858.885803,2688.8
859.003479,2681.8
859.121094,2655.6
859.23877,2669.2
859.356384,2657.4
859.473999,2642.0
859.591675,2667.8
859.709229,2694.8
859.826843,2668.2
859.944458,2656.6
860.062012,2668.6
860.179626,2669.4
860.297302,2659.4
860.414856,2666.6
860.532471,2652.6
860.650024,2694.4
860.767639,2663.8
860.885193,2684.0
861.002808,2650.2
861.120361,2708.8
861.237976,2661.4
861.35553,2679.2
861.473022,2668.6
861.590698,2663.2
861.708191,2672.2
861.825745,2696.6
861.943298,2679.2
862.060852,2682.4
862.178406,2652.8
862.295959,2668.4
862.413513,2683.8
862.531006,2670.2
862.64856,2705.4
862.766113,2653.4
862.883667,2649.0
863.00116,2640.8
863.118713,2684.6
863.236206,2683.6
863.353699,2648.4
863.471252,2653.0
863.588745,2660.2
863.706177,2672.6
863.82373,2664.6
863.941162,2697.0
864.058716,2667.2
864.176208,2666.0
864.29364,2678.4
864.411194,2675.6
864.528687,2671.2
864.646118,2697.4
864.763611,2650.4
864.881042,2684.4
864.998535,2677.6
865.116028,2678.2
865.233459,2699.6
865.350891,2640.4
865.468384,2676.4
865.585754,2704.2
865.703308,2668.4
865.820679,2664.8
865.938171,2684.6
866.055542,2657.0
866.173035,2695.6
866.290466,2675.0
866.407837,2695.0
866.52533,2697.8
866.6427,2695.2
866.760071,2673.8
866.877563,2700.4
866.994934,2676.8
867.112305,2682.0
867.229736,2668.0
867.347107,2664.0
867.464539,2679.6
867.58197,2694.0
867.699341,2700.0
867.81665,2693.0
867.934082,2696.4
868.051453,2663.4
868.168823,2681.2
868.286194,2681.0
868.403564,2698.6
868.520935,2690.0
868.638306,2694.8
868.755676,2681.2
868.872986,2681.4
868.990295,2703.6
869.107727,2713.0
869.225037,2715.8
869.342346,2685.8
869.459717,2698.0
869.577026,2681.0
869.694336,2722.0
869.811707,2670.0
869.929016,2708.8
870.046326,2707.8
870.163635,2673.2
870.280945,2712.8
870.398254,2687.2
870.515564,2695.0
870.632812,2684.0
870.750183,2722.0
870.867432,2705.0
870.984741,2675.2
871.102051,2689.0
871.219299,2674.8
871.336609,2731.2
871.453918,2711.0
871.571106,2715.0
871.688416,2704.0
871.805664,2697.2
871.922852,2727.4
872.040222,2717.0
872.157471,2685.8
872.274719,2708.2
872.391968,2707.2
872.509155,2692.8
872.626465,2708.0
872.743652,2710.8
872.860962,2692.0
872.978149,2734.0
873.095337,2700.8
873.212646,2714.0
873.329834,2685.6
873.44696,2683.6
873.564209,2731.2
873.681396,2707.6
873.798645,2702.8
873.915894,2688.8
874.03302,2705.2
874.150208,2722.6
874.267456,2713.6
874.384583,2703.8
874.501831,2693.8
874.618958,2687.8
874.736145,2685.4
874.853333,2684.6
874.970459,2695.8
875.087646,2714.6
875.204834,2698.0
875.32196,2711.6
875.439148,2715.4
875.556274,2697.6
875.673401,2723.2
875.790527,2700.4
875.907715,2731.8
876.024841,2711.6
876.141968,2736.6
876.259094,2707.2
876.376282,2728.4
876.493347,2744.6
876.610474,2704.4
876.7276,2731.6
876.844727,2713.4
876.961853,2727.4
877.078918,2740.6
877.195984,2713.2
877.313171,2758.8
877.430237,2729.2
877.547302,2713.6
877.664368,2721.4
877.781433,2707.2
877.898499,2744.8
878.015625,2723.6
878.13269,2728.2
878.249695,2721.4
878.366821,2738.0
878.483887,2716.8
878.600952,2719.4
878.717957,2728.8
878.834961,2740.6
878.952087,2725.8
879.069092,2745.4
879.186157,2722.8
879.303162,2720.8
879.420227,2716.6
879.537231,2723.0
879.654236,2737.6
879.77124,2715.4
879.888306,2705.0
880.005249,2735.8
880.122314,2723.0
880.239319,2751.0
880.356323,2730.8
880.473328,2726.4
880.590271,2719.0
880.707275,2732.2
880.824341,2728.6
880.941284,2739.6
881.058228,2754.2
881.175232,2749.4
881.292236,2730.2
881.40918,2734.6
881.526123,2721.6
881.643066,2726.4
881.760071,2740.4
881.877014,2744.4
881.993958,2732.6
882.11084,2721.2
882.227783,2726.4
882.344727,2733.4
882.46167,2752.4
882.578613,2738.4
882.695618,2762.2
882.812439,2724.4
882.929382,2745.4
883.046326,2757.6
883.163208,2730.8
883.280151,2766.0
883.397034,2727.4
883.513916,2758.8
883.630798,2735.8
883.747742,2740.6
883.864563,2743.8
883.981506,2739.4
884.098389,2776.0
884.21521,2742.4
884.332153,2750.6
884.448975,2759.4
884.565796,2732.6
884.682678,2755.8
884.7995,2753.6
884.916443,2759.8
885.033264,2759.6
885.150085,2747.6
885.266968,2741.4
885.383789,2772.8
885.500671,2793.0
885.617493,2784.2
885.734314,2773.8
885.851196,2775.8
885.967896,2777.4
886.084717,2766.2
886.201599,2781.4
886.318359,2784.6
886.435181,2775.2
886.552002,2775.0
886.668762,2772.4
886.785645,2811.8
886.902344,2767.6
887.019165,2784.4
887.135925,2756.6
887.252747,2807.8
887.369446,2792.4
887.486267,2767.6
887.603027,2759.2
887.719788,2766.6
887.836548,2787.8
887.953247,2779.2
888.070068,2780.6
888.186829,2780.0
888.303528,2767.6
888.420288,2793.4
888.536987,2774.8
888.653687,2764.4
888.770447,2781.6
888.887146,2781.4
889.003967,2784.6
889.120667,2784.4
889.237305,2783.0
889.354065,2790.0
889.470703,2782.0
889.587463,2776.0
889.704163,2815.2
889.820862,2802.0
889.937561,2792.4
890.054199,2769.6
890.170837,2774.0
890.287598,2811.4
890.404236,2806.4
890.520874,2788.6
890.637634,2773.8
890.754211,2801.6
890.87085,2814.8
890.987549,2803.6
891.104187,2811.4
891.220886,2823.8
891.337463,2795.8
891.454102,2815.4
891.57074,2804.8
891.687378,2809.2
891.804077,2843.0
891.920654,2798.6
892.037231,2808.8
892.15387,2793.2
892.270447,2785.2
892.387085,2804.0
892.503723,2841.8
892.6203,2831.2
892.736877,2805.6
892.853516,2775.2
892.970032,2802.4
893.08667,2818.6
893.203186,2842.4
893.319763,2824.4
893.43634,2814.0
893.552917,2828.6
893.669556,2859.4
893.786011,2811.4
893.902588,2821.8
894.019165,2839.4
894.135681,2839.6
894.252197,2835.4
894.368835,2821.4
894.485291,2853.2
894.601868,2841.8
894.718384,2859.4
894.8349,2844.4
894.951355,2827.8
895.067932,2844.8
895.184448,2818.0
895.300964,2847.4
895.417419,2837.8
895.533936,2830.0
895.650452,2848.2
895.766907,2853.4
895.883423,2820.8
895.999878,2845.4
896.116333,2867.8
896.232849,2838.0
896.349304,2834.6
896.465759,2841.8
896.582214,2848.8
896.698669,2857.6
896.815125,2826.0
896.931641,2840.0
897.048035,2849.6
897.164551,2856.0
897.280884,2873.0
897.397339,2855.8
897.513794,2824.0
897.630249,2842.8
897.746582,2848.8
897.863098,2832.6
897.979431,2878.2
898.095886,2871.6
898.212341,2846.4
898.328674,2882.0
898.445129,2884.0
898.561462,2851.2
898.677795,2855.6
898.794312,2863.6
898.910645,2847.6
899.026978,2880.6
899.143433,2858.6
899.259766,2860.4
899.37616,2844.6
899.492493,2876.6
899.608765,2858.2
899.725159,2846.4
899.841553,2846.6
899.957947,2877.0
900.07428,2886.8
900.190552,2865.0
900.306946,2882.0
900.423157,2906.0
900.53949,2847.6
900.655884,2869.0
900.772156,2846.8
900.888489,2925.0
901.004822,2843.4
901.121033,2867.4
901.237366,2851.2
901.353699,2901.4
901.46991,2890.8
901.586304,2863.0
901.702515,2861.6
901.818787,2870.0
901.93512,2891.0
902.051331,2881.8
902.167603,2888.2
902.283875,2875.2
902.400085,2910.0
902.516418,2875.0
902.632629,2876.4
902.74884,2895.0
902.865112,2890.6
902.981384,2856.0
903.097595,2905.6
903.213867,2888.8
903.330017,2896.6
903.446289,2874.6
903.5625,2889.2
903.67865,2890.4
903.794922,2898.2
903.911072,2884.2
904.027344,2895.0
904.143494,2889.6
904.259705,2898.0
904.375916,2894.6
904.492065,2877.2
904.608215,2883.4
904.724426,2898.2
904.840576,2890.2
904.956726,2889.8
905.072876,2889.0
905.189087,2914.2
905.305176,2876.2
905.421387,2925.6
905.537537,2886.6
905.653687,2901.6
905.769775,2915.0
905.885925,2929.4
906.002014,2895.4
906.118164,2932.4
906.234314,2925.8
906.350403,2932.2
906.466492,2906.4
906.582642,2933.2
906.69873,2897.2
906.814758,2934.8
906.930908,2912.4
907.046936,2922.6
907.163086,2931.8
907.279175,2889.8
907.395264,2904.2
907.511353,2923.8
907.62738,2911.4
907.743408,2902.2
907.859497,2923.6
907.975525,2950.8
908.091553,2930.8
908.207703,2953.4
908.32373,2890.4
908.439758,2929.4
908.555786,2902.0
908.671814,2905.4
908.787842,2931.0
908.90387,2929.8
909.019775,2925.8
909.135864,2911.8
909.251892,2931.4
909.367859,2959.8
909.483826,2932.4
909.599854,2926.4
909.715881,2922.6
909.831848,2930.0
909.947815,2953.2
910.063782,2935.0
910.179749,2927.8
910.295776,2916.8
910.411743,2934.2
910.527649,2931.0
910.643616,2948.4
910.759583,2921.4
910.875488,2941.4
910.991455,2949.6
911.107361,2938.8
911.223267,2919.6
911.339294,2940.4
911.4552,2972.8
911.571106,2939.4
911.687073,2948.0
911.802979,2931.8
911.918823,2952.4
912.034729,2942.2
912.150635,2942.4
912.266602,2926.8
912.382446,2928.6
912.498352,2885.0
912.614197,2935.6
912.730103,2894.6
912.846008,2924.0
792.44574,3775.8
792.56488,3704.4
792.68396,3741.0
792.80304,3703.2
792.92218,3630.2
793.041199,3608.8
793.160339,3625.8
793.279419,3607.8
793.398499,3587.4
793.517578,3559.0
793.636658,3516.2
793.755737,3559.4
793.874817,3514.2
793.993896,3492.2
794.112976,3517.8
794.232056,3465.6
794.351074,3457.6
794.470215,3436.8
794.589233,3387.8
794.708313,3408.2
794.827393,3410.6
794.946411,3393.6
795.065552,3410.6
795.18457,3363.0
795.303589,3392.0
795.422668,3384.6
795.541687,3384.2
795.660767,3375.0
795.779846,3321.0
795.898865,3334.6
796.017883,3325.6
796.136963,3334.2
796.255981,3319.2
796.375061,3384.4
796.49408,3306.4
796.613037,3285.2
796.732117,3311.0
796.851135,3289.4
796.970154,3282.4
797.089233,3275.0
797.208191,3266.6
797.327271,3265.2
797.446228,3277.4
797.565186,3255.0
797.684265,3266.8
797.803223,3257.6
797.922241,3225.6
798.04126,3279.2
798.160278,3209.0
798.279297,3238.6
798.398315,3251.4
798.517273,3257.6
798.636292,3220.0
798.75531,3249.6
798.874268,3215.0
798.993286,3213.6
799.112244,3185.2
799.231323,3201.8
799.350281,3206.4
799.469238,3207.4
799.588257,3223.4
799.707153,3223.0
799.826111,3231.0
799.945129,3166.2
800.064087,3201.2
800.183044,3169.0
800.302063,3224.6
800.421021,3225.0
800.539978,3177.4
800.658936,3219.4
800.777893,3242.8
800.896912,3193.4
801.015747,3189.4
801.134705,3162.4
801.253723,3194.6
801.37262,3194.2
801.491638,3201.2
801.610535,3194.0
801.729492,3189.4
801.84845,3196.4
801.967407,3206.4
802.086243,3213.4
802.205261,3203.4
802.324158,3176.6
802.443115,3193.2
802.562073,3171.6
802.680969,3172.8
802.799927,3194.6
802.918762,3202.0
803.037659,3188.2
803.156677,3192.8
803.275574,3186.2
803.39447,3188.8
803.513428,3176.2
803.632263,3213.0
803.751221,3197.0
803.870117,3197.6
803.989014,3208.4
804.107971,3173.6
804.226746,3190.2
804.345642,3183.0
804.4646,3207.0
804.583496,3205.4
804.702393,3184.2
804.821228,3163.2
804.940125,3218.0
805.059021,3182.6
805.177917,3160.8
805.296814,3203.6
805.415649,3192.2
805.534546,3202.2
805.653442,3184.8
805.772278,3234.8
805.891113,3212.6
806.01001,3171.6
806.128906,3207.6
806.247742,3215.0
806.366577,3174.2
806.485413,3221.8
806.604309,3182.2
806.723145,3210.2
806.84198,3212.6
806.960876,3182.0
807.079712,3180.4
807.198486,3186.6
807.317383,3203.4
807.436218,3188.8
807.554993,3201.0
807.673889,3195.2
807.792725,3184.4
807.91156,3210.8
808.030396,3232.8
808.14917,3204.8
808.268005,3187.2
808.386841,3185.6
808.505676,3192.0
808.624451,3184.8
808.743286,3186.2
808.862122,3183.4
808.980896,3210.6
809.099731,3185.6
809.218506,3187.4
809.337341,3189.8
809.456116,3212.8
809.57489,3197.6
809.693726,3204.4
809.8125,3169.4
809.931274,3189.0
810.050049,3185.4
810.168884,3209.2
810.287659,3209.2
810.406372,3168.4
810.525269,3146.4
810.643982,3167.6
810.762756,3169.0
810.881531,3188.0
811.000305,3194.4
811.11908,3168.8
811.237854,3155.8
811.356567,3176.6
811.475403,3183.0
811.594116,3178.8
811.71283,3201.0
811.831604,3170.8
811.950378,3216.2
812.069153,3164.2
812.187927,3185.4
812.30658,3181.4
812.425415,3156.8
812.544128,3188.6
812.662781,3150.6
812.781616,3153.4
812.900269,3191.4
813.019043,3181.4
813.137756,3198.4
813.256531,3152.4
813.375244,3146.8
813.493896,3168.2
813.612671,3147.6
813.731384,3186.8
813.850037,3138.6
813.96875,3157.6
814.087524,3135.8
814.206238,3115.0
814.324951,3152.8
814.443604,3129.8
814.562256,3137.2
814.68103,3130.8
814.799683,3141.6
814.918335,3127.4
815.037109,3130.0
815.155762,3122.0
815.274475,3094.8
815.393188,3102.4
815.511841,3091.6
815.630554,3120.6
815.749146,3081.2
815.867859,3099.0
815.986572,3103.8
816.105164,3099.2
816.223877,3114.6
816.342529,3065.8
816.461182,3095.4
816.579895,3109.4
816.698486,3107.2
816.817139,3097.4
816.935791,3082.8
817.054504,3108.0
817.173096,3066.0
817.291748,3071.8
817.4104,3095.0
817.529053,3050.8
817.647644,3036.8
817.766235,2997.8
817.884949,3018.0
818.00354,3011.6
818.122192,2996.8
818.240845,2984.2
818.359436,2954.6
818.478088,2973.0
818.59668,2946.6
818.715271,2953.6
818.833923,2958.0
818.952515,2938.0
819.071106,2930.0
819.189758,2912.8
819.30835,2902.4
819.426941,2893.0
819.545532,2911.2
819.664124,2917.0
819.782715,2901.8
819.901306,2902.6
820.019897,2877.6
820.138489,2879.4
820.25708,2932.0
820.375671,2902.4
820.494202,2901.6
820.612732,2876.0
820.731384,2871.2
820.849915,2861.0
820.968506,2834.4
821.087097,2857.6
821.205627,2897.6
821.324158,2876.0
821.442749,2860.4
821.561279,2878.4
821.679871,2837.2
821.798401,2857.2
821.916931,2867.6
822.035461,2876.2
822.154053,2854.0
822.272583,2836.6
822.391174,2824.4
822.509583,2825.0
822.628174,2838.2
822.746704,2828.0
822.865234,2802.8
822.983765,2829.8
823.102295,2812.0
823.220825,2832.2
823.339294,2825.4
823.457825,2812.2
823.576355,2818.4
823.694824,2844.0
823.813354,2811.4
823.931885,2853.0
824.050354,2819.0
824.168884,2820.2
824.287354,2835.4
824.405823,2817.0
824.524353,2812.4
824.642822,2819.6
824.761353,2823.6
824.879822,2833.6
824.998291,2773.2
825.116699,2784.8
825.235291,2803.2
825.353699,2785.8
825.472168,2778.0
825.590637,2784.6
825.709106,2802.4
825.827576,2790.0
825.946045,2748.2
826.064453,2770.0
826.182983,2770.8
826.301392,2771.6
826.4198,2767.0
826.53833,2764.2
826.656738,2785.2
826.775208,2773.8
826.893677,2773.6
827.012024,2755.6
827.130493,2766.0
827.248962,2761.2
827.36731,2751.4
827.485779,2766.0
827.604248,2738.6
827.722595,2734.8
827.841064,2742.4
827.959412,2738.4
828.077942,2787.8
828.196289,2738.2
828.314636,2751.8
828.433105,2739.0
828.551514,2748.8
828.669861,2769.6
828.78833,2737.6
828.906677,2701.8
829.025085,2719.2
829.143433,2744.2
829.261841,2725.6
829.38031,2740.6
829.498657,2731.6
829.617004,2748.6
829.735413,2724.2
829.85376,2712.6
829.972107,2721.0
830.090515,2712.4
830.208862,2732.6
830.327209,2708.4
830.445557,2714.0
830.563904,2752.4
830.682312,2743.2
830.800659,2720.2
830.919006,2733.2
831.037354,2694.4
831.155701,2720.0
831.274048,2721.4
831.392395,2718.0
831.51062,2713.2
831.629028,2700.4
831.747314,2726.6
831.865662,2724.0
831.984009,2735.2
832.102356,2722.2
832.220642,2706.0
832.338928,2718.2
832.457275,2709.4
832.575623,2716.2
832.693909,2698.8
832.812134,2726.0
832.930481,2707.0
833.048828,2723.0
833.167114,2723.8
833.2854,2668.4
833.403687,2740.0
833.521973,2741.0
833.640259,2688.4
833.758545,2699.2
833.876831,2694.4
833.995056,2699.6
834.113281,2719.2
834.231628,2733.4
834.349915,2687.0
834.468201,2693.8
834.586426,2715.6
834.704651,2709.6
834.822998,2688.4
834.941162,2720.8
835.059448,2699.0
835.177673,2721.2
835.295959,2703.2
835.414246,2738.2
835.53241,2709.2
835.650635,2697.0
835.768921,2698.8
835.887146,2691.8
836.005371,2709.8
836.123596,2722.4
836.241821,2727.6
836.360046,2726.2
836.478271,2734.2
836.596497,2731.6
836.714722,2703.6
836.832886,2700.6
836.95105,2709.0
837.069336,2715.2
837.1875,2725.8
837.305725,2720.6
837.423889,2737.0
837.542053,2728.0
837.660339,2718.8
837.778503,2738.4
837.896667,2700.4
838.014832,2726.0
838.132996,2718.8
838.25116,2711.6
838.369385,2729.4
838.487488,2727.6
838.605713,2725.2
838.723877,2727.6
838.84198,2714.0
838.960205,2703.8
839.078308,2725.2
839.196472,2687.0
839.314636,2705.4
839.4328,2716.8
839.550964,2717.6
839.669067,2704.8
839.787231,2700.4
839.905396,2722.0
840.023499,2695.0
840.141602,2712.8
840.259766,2723.6
840.377869,2693.6
840.495972,2706.0
840.614136,2700.4
840.732239,2710.2
840.850342,2684.2
840.968445,2673.8
841.086548,2662.6
841.204651,2703.4
841.322754,2671.8
841.440918,2707.6
841.55896,2705.8
841.677002,2663.8
841.795166,2671.6
841.913208,2677.8
842.031311,2705.6
842.149353,2677.4
842.267456,2670.6
842.385498,2678.0
842.503601,2697.6
842.621643,2680.2
842.739746,2635.2
842.857788,2651.4
842.97583,2635.8
843.093933,2688.8
843.211975,2665.6
843.330017,2700.0
843.44812,2676.2
843.566101,2666.0
843.684204,2665.8
843.802246,2687.4
843.920227,2671.8
844.038269,2691.4
844.156311,2686.2
844.274292,2652.2
844.392395,2669.4
844.510376,2675.4
844.628357,2638.6
844.74646,2657.2
844.864441,2673.8
844.982422,2662.6
845.100403,2666.8
845.218384,2652.0
845.336426,2668.4
845.454468,2692.0
845.572449,2670.8
845.69043,2641.6
845.808411,2657.8
845.926453,2669.4
846.044373,2649.6
846.162354,2687.2
846.280396,2681.6
846.398315,2657.2
846.516296,2668.2
846.634216,2682.6
846.752197,2659.6
846.870178,2672.6
846.988098,2673.0
847.106079,2668.6
847.22406,2657.4
847.34198,2681.0
847.4599,2671.0
847.577881,2683.2
847.695801,2694.4
847.813782,2684.4
847.931641,2681.4
848.049561,2670.2
848.167603,2645.8
848.285461,2670.8
848.403381,2697.0
848.521362,2669.2
848.639221,2701.8
848.75708,2690.6
848.875,2696.6
848.99292,2671.6
849.110901,2702.0
849.22876,2704.6
849.34668,2680.2
849.464539,2676.6
849.582458,2668.8
849.700317,2685.8
849.818176,2682.6
849.936096,2681.0
850.053955,2712.6
850.171875,2673.2
850.289673,2678.0
850.407593,2666.0
850.525452,2690.6
850.643311,2696.6
850.761169,2705.4
850.878967,2720.4
850.996887,2714.8
851.114746,2670.0
851.232544,2681.4
851.350403,2714.6
851.468262,2708.2
851.58606,2686.4
851.703979,2669.2
851.821777,2723.8
851.939636,2718.8
852.057434,2697.6
852.175232,2713.6
852.293091,2736.2
852.410889,2719.8
852.528687,2707.4
852.646545,2718.6
852.764343,2709.4
852.88208,2713.4
852.999939,2737.0
853.117676,2696.6
853.235535,2700.0
853.353271,2704.8
853.471069,2681.0
853.588928,2696.4
853.706604,2690.0
853.824402,2661.2
853.9422,2695.6
854.059998,2693.8
854.177734,2673.2
854.295532,2687.2
854.413269,2692.2
854.531006,2675.8
854.648804,2709.8
854.766541,2677.0
854.884277,2712.0
855.002014,2698.6
855.119751,2678.2
855.237549,2670.0
855.355225,2732.6
855.473022,2733.8
855.590698,2722.0
855.708435,2678.8
855.826172,2698.2
855.943848,2757.2
856.061646,2713.0
856.179321,2698.2
856.296997,2701.0
856.414795,2726.0
856.53241,2711.6
856.650085,2728.0
856.767822,2713.0
856.885559,2700.8
857.003174,2713.4
857.120911,2683.6
857.238586,2700.2
857.356201,2713.4
857.473938,2710.2
857.591614,2738.0
857.709351,2712.8
857.826965,2685.8
857.944641,2702.4
858.062317,2667.2
858.179993,2681.2
858.297668,2686.8
858.415283,2688.2
858.532959,2687.8
858.650574,2692.6
858.768188,2708.0
858.885803,2710.8
859.003479,2734.4
859.121094,2669.6
859.23877,2704.2
859.356384,2706.4
859.473999,2718.0
859.591675,2673.8
859.709229,2722.0
859.826843,2716.6
859.944458,2694.2
860.062012,2683.6
860.179626,2705.0
860.297302,2685.8
860.414856,2694.8
860.532471,2662.6
860.650024,2713.0
860.767639,2703.6
860.885193,2700.0
861.002808,2672.0
861.120361,2714.2
861.237976,2699.6
861.35553,2706.6
861.473022,2678.6
861.590698,2684.2
861.708191,2706.8
861.825745,2696.4
861.943298,2722.6
862.060852,2678.4
862.178406,2710.8
862.295959,2720.0
862.413513,2713.0
862.531006,2695.2
862.64856,2693.8
862.766113,2708.4
862.883667,2692.8
863.00116,2681.2
863.118713,2715.0
863.236206,2712.4
863.353699,2682.8
863.471252,2657.4
863.588745,2684.6
863.706177,2680.4
863.82373,2684.8
863.941162,2699.0
864.058716,2690.6
864.176208,2663.0
864.29364,2692.6
864.411194,2706.8
864.528687,2683.0
864.646118,2702.0
864.763611,2676.4
864.881042,2663.2
864.998535,2712.0
865.116028,2704.6
865.233459,2702.8
865.350891,2683.8
865.468384,2705.2
865.585754,2693.8
865.703308,2707.8
865.820679,2735.4
865.938171,2707.0
866.055542,2690.4
866.173035,2697.0
866.290466,2709.0
866.407837,2699.6
866.52533,2703.2
866.6427,2714.6
866.760071,2694.6
866.877563,2692.8
866.994934,2709.6
867.112305,2725.8
867.229736,2741.0
867.347107,2712.0
867.464539,2698.8
867.58197,2706.6
867.699341,2686.2
867.81665,2741.2
867.934082,2710.6
868.051453,2687.0
868.168823,2704.2
868.286194,2725.8
868.403564,2704.0
868.520935,2717.0
868.638306,2690.2
868.755676,2704.8
868.872986,2723.0
868.990295,2686.2
869.107727,2737.4
869.225037,2702.6
869.342346,2712.2
869.459717,2738.4
869.577026,2711.4
869.694336,2717.8
869.811707,2731.4
869.929016,2718.6
870.046326,2710.8
870.163635,2725.8
870.280945,2698.4
870.398254,2718.8
870.515564,2733.6
870.632812,2702.4
870.750183,2692.2
870.867432,2706.2
870.984741,2678.8
871.102051,2721.6
871.219299,2722.2
871.336609,2732.8
871.453918,2717.2
871.571106,2742.0
871.688416,2694.2
871.805664,2709.2
871.922852,2713.4
872.040222,2712.0
872.157471,2738.4
872.274719,2737.4
872.391968,2745.6
872.509155,2730.8
872.626465,2726.4
872.743652,2739.2
872.860962,2750.2
872.978149,2712.0
873.095337,2719.8
873.212646,2745.6
873.329834,2728.6
873.44696,2723.6
873.564209,2717.8
873.681396,2733.0
873.798645,2710.0
873.915894,2750.8
874.03302,2721.0
874.150208,2738.2
874.267456,2714.8
874.384583,2721.4
874.501831,2719.2
874.618958,2717.4
874.736145,2720.4
874.853333,2742.0
874.970459,2730.4
875.087646,2723.8
875.204834,2730.2
875.32196,2734.4
875.439148,2766.0
875.556274,2710.6
875.673401,2783.6
875.790527,2740.8
875.907715,2735.0
876.024841,2731.8
876.141968,2739.4
876.259094,2762.6
876.376282,2742.0
876.493347,2740.8
876.610474,2757.0
876.7276,2748.4
876.844727,2741.6
876.961853,2717.2
877.078918,2759.4
877.195984,2771.4
877.313171,2761.8
877.430237,2754.4
877.547302,2738.2
877.664368,2763.6
877.781433,2748.2
877.898499,2765.4
878.015625,2753.2
878.13269,2744.4
878.249695,2751.8
878.366821,2748.0
878.483887,2770.8
878.600952,2755.2
878.717957,2746.6
878.834961,2772.6
878.952087,2743.2
879.069092,2756.6
879.186157,2738.0
879.303162,2743.8
879.420227,2755.0
879.537231,2741.6
879.654236,2721.8
879.77124,2736.8
879.888306,2737.8
880.005249,2757.6
880.122314,2713.4
880.239319,2745.6
880.356323,2753.4
880.473328,2755.8
880.590271,2746.4
880.707275,2763.8
880.824341,2740.8
880.941284,2723.2
881.058228,2746.2
881.175232,2769.6
881.292236,2766.2
881.40918,2756.6
881.526123,2763.6
881.643066,2752.8
881.760071,2751.8
881.877014,2777.8
881.993958,2762.8
882.11084,2763.4
882.227783,2758.8
882.344727,2764.8
882.46167,2747.8
882.578613,2735.8
882.695618,2762.2
882.812439,2751.2
882.929382,2762.2
883.046326,2767.8
883.163208,2780.0
883.280151,2767.8
883.397034,2762.2
883.513916,2791.6
883.630798,2767.2
883.747742,2780.8
883.864563,2787.0
883.981506,2774.8
884.098389,2751.0
884.21521,2777.2
884.332153,2767.0
884.448975,2766.0
884.565796,2783.0
884.682678,2784.2
884.7995,2784.8
884.916443,2775.6
885.033264,2777.4
885.150085,2750.8
885.266968,2801.6
885.383789,2784.0
885.500671,2794.0
885.617493,2788.4
885.734314,2785.8
885.851196,2799.4
885.967896,2792.4
886.084717,2810.8
886.201599,2789.4
886.318359,2808.8
886.435181,2799.4
886.552002,2797.8
886.668762,2808.8
886.785645,2810.0
886.902344,2823.8
887.019165,2811.6
887.135925,2784.8
887.252747,2815.0
887.369446,2779.4
887.486267,2813.2
887.603027,2772.4
887.719788,2830.2
887.836548,2790.6
887.953247,2802.8
888.070068,2793.4
888.186829,2810.8
888.303528,2795.8
888.420288,2790.0
888.536987,2796.6
888.653687,2804.2
888.770447,2783.4
888.887146,2824.8
889.003967,2771.0
889.120667,2805.6
889.237305,2803.8
889.354065,2793.8
889.470703,2808.6
889.587463,2789.2
889.704163,2825.4
889.820862,2794.0
889.937561,2845.4
890.054199,2787.6
890.170837,2805.8
890.287598,2813.6
890.404236,2801.6
890.520874,2819.0
890.637634,2835.2
890.754211,2830.8
890.87085,2805.0
890.987549,2809.4
891.104187,2817.4
891.220886,2836.0
891.337463,2797.2
891.454102,2820.6
891.57074,2832.0
891.687378,2817.0
891.804077,2813.2
891.920654,2816.4
892.037231,2798.0
892.15387,2835.2
892.270447,2781.2
892.387085,2825.6
892.503723,2833.4
892.6203,2855.4
892.736877,2832.8
892.853516,2808.6
892.970032,2815.0
893.08667,2820.6
893.203186,2839.6
893.319763,2831.6
893.43634,2826.8
893.552917,2855.4
893.669556,2866.2
893.786011,2857.4
893.902588,2871.4
894.019165,2851.2
894.135681,2859.2
894.252197,2845.6
894.368835,2852.0
894.485291,2877.6
894.601868,2851.8
894.718384,2877.6
894.8349,2840.4
894.951355,2869.0
895.067932,2857.8
895.184448,2851.4
895.300964,2865.2
895.417419,2880.8
895.533936,2875.0
895.650452,2862.0
895.766907,2882.4
895.883423,2873.8
895.999878,2863.8
896.116333,2865.2
896.232849,2869.0
896.349304,2856.8
896.465759,2893.6
896.582214,2875.0
896.698669,2879.2
896.815125,2878.2
896.931641,2876.2
897.048035,2856.4
897.164551,2871.8
897.280884,2882.4
897.397339,2861.0
897.513794,2880.8
897.630249,2899.2
897.746582,2880.2
897.863098,2847.4
897.979431,2872.4
898.095886,2872.6
898.212341,2895.4
898.328674,2891.6
898.445129,2883.8
898.561462,2865.6
898.677795,2887.0
898.794312,2879.8
898.910645,2855.8
899.026978,2879.0
899.143433,2903.0
899.259766,2883.4
899.37616,2861.2
899.492493,2872.4
899.608765,2883.6
899.725159,2874.2
899.841553,2867.2
899.957947,2892.6
900.07428,2895.4
900.190552,2898.0
900.306946,2868.2
900.423157,2908.6
900.53949,2879.6
900.655884,2912.0
900.772156,2910.2
900.888489,2906.6
901.004822,2883.2
901.121033,2876.0
901.237366,2875.6
901.353699,2896.8
901.46991,2891.2
901.586304,2880.8
901.702515,2879.2
901.818787,2880.6
901.93512,2906.6
902.051331,2909.2
902.167603,2901.0
902.283875,2906.2
902.400085,2879.4
902.516418,2881.2
902.632629,2883.0
902.74884,2908.8
902.865112,2922.4
902.981384,2898.4
903.097595,2905.6
903.213867,2915.0
903.330017,2920.0
903.446289,2903.4
903.5625,2906.6
903.67865,2917.2
903.794922,2930.2
903.911072,2888.6
904.027344,2917.0
904.143494,2906.6
904.259705,2910.4
904.375916,2892.8
904.492065,2889.2
904.608215,2909.0
904.724426,2919.4
904.840576,2876.0
904.956726,2882.8
905.072876,2916.6
905.189087,2931.0
905.305176,2940.6
905.421387,2911.8
905.537537,2934.2
905.653687,2924.8
905.769775,2913.6
905.885925,2949.0
906.002014,2921.8
906.118164,2912.0
906.234314,2917.4
906.350403,2930.0
906.466492,2924.6
906.582642,2942.8
906.69873,2918.0
906.814758,2955.0
906.930908,2930.0
907.046936,2890.4
907.163086,2934.2
907.279175,2920.6
907.395264,2965.4
907.511353,2936.8
907.62738,2945.2
907.743408,2942.6
907.859497,2937.4
907.975525,2954.2
908.091553,2933.6
908.207703,2918.8
908.32373,2951.8
908.439758,2948.8
908.555786,2960.6
908.671814,2946.6
908.787842,2921.8
908.90387,2950.2
909.019775,2955.4
909.135864,2940.2
909.251892,2958.6
909.367859,2948.2
909.483826,2944.8
909.599854,2963.0
909.715881,2923.6
909.831848,2950.4
909.947815,2960.6
910.063782,2950.4
910.179749,2948.6
910.295776,2962.6
910.411743,2976.8
910.527649,2954.2
910.643616,2943.4
910.759583,2952.0
910.875488,2972.6
910.991455,2960.6
911.107361,2965.2
911.223267,2955.6
911.339294,2954.6
911.4552,2944.6
911.571106,2968.4
911.687073,2962.2
911.802979,2957.6
911.918823,2929.4
912.034729,2974.4
912.150635,2922.4
912.266602,2940.2
912.382446,2949.4
912.498352,2925.8
912.614197,2920.2
912.730103,2926.6
912.846008,2937.8
792.44574,3564.8
792.56488,3555.0
792.68396,3560.4
792.80304,3543.6
792.92218,3470.6
793.041199,3464.2
793.160339,3493.0
793.279419,3499.4
793.398499,3459.8
793.517578,3457.8
793.636658,3436.8
793.755737,3452.0
793.874817,3410.6
793.993896,3419.8
794.112976,3411.2
794.232056,3399.0
794.351074,3383.2
794.470215,3355.2
794.589233,3355.0
794.708313,3398.2
794.827393,3343.0
794.946411,3321.6
795.065552,3343.6
795.18457,3315.2
795.303589,3363.6
795.422668,3311.4
795.541687,3329.4
795.660767,3332.6
795.779846,3330.8
795.898865,3297.6
796.017883,3315.8
796.136963,3290.6
796.255981,3320.4
796.375061,3316.4
796.49408,3292.0
796.613037,3289.6
796.732117,3285.2
796.851135,3294.6
796.970154,3231.0
797.089233,3272.0
797.208191,3247.4
797.327271,3270.8
797.446228,3257.8
797.565186,3253.4
797.684265,3246.4
797.803223,3270.8
797.922241,3224.4
798.04126,3247.2
798.160278,3225.2
798.279297,3271.2
798.398315,3233.2
798.517273,3260.0
798.636292,3221.6
798.75531,3255.8
798.874268,3233.0
798.993286,3212.0
799.112244,3222.2
799.231323,3223.8
799.350281,3243.8
799.469238,3240.2
799.588257,3219.8
799.707153,3207.8
799.826111,3201.2
799.945129,3208.4
800.064087,3269.8
800.183044,3207.0
800.302063,3204.4
800.421021,3254.6
800.539978,3196.2
800.658936,3234.8
800.777893,3244.0
800.896912,3248.8
801.015747,3208.8
801.134705,3211.6
801.253723,3245.2
801.37262,3195.8
801.491638,3243.0
801.610535,3238.8
801.729492,3203.4
801.84845,3201.2
801.967407,3237.6
802.086243,3233.4
802.205261,3223.0
802.324158,3193.6
802.443115,3226.8
802.562073,3245.4
802.680969,3230.8
802.799927,3254.4
802.918762,3228.8
803.037659,3241.4
803.156677,3254.0
803.275574,3250.8
803.39447,3244.2
803.513428,3212.0
803.632263,3231.6
803.751221,3249.4
803.870117,3247.0
803.989014,3242.2
804.107971,3236.0
804.226746,3226.8
804.345642,3201.2
804.4646,3266.4
804.583496,3235.2
804.702393,3259.6
804.821228,3223.0
804.940125,3270.4
805.059021,3226.0
805.177917,3249.0
805.296814,3278.2
805.415649,3231.2
805.534546,3258.6
805.653442,3207.4
805.772278,3288.6
805.891113,3291.0
806.01001,3274.8
806.128906,3257.2
806.247742,3234.8
806.366577,3240.6
806.485413,3258.6
806.604309,3286.0
806.723145,3254.8
806.84198,3265.4
806.960876,3239.8
807.079712,3240.2
807.198486,3250.6
807.317383,3272.2
807.436218,3244.2
807.554993,3249.0
807.673889,3247.2
807.792725,3238.6
807.91156,3233.8
808.030396,3261.4
808.14917,3254.0
808.268005,3256.0
808.386841,3290.6
808.505676,3255.4
808.624451,3264.2
808.743286,3246.4
808.862122,3251.4
808.980896,3258.0
809.099731,3241.0
809.218506,3245.8
809.337341,3249.0
809.456116,3229.6
809.57489,3251.2
809.693726,3283.2
809.8125,3239.0
809.931274,3264.0
810.050049,3237.0
810.168884,3243.8
810.287659,3254.8
810.406372,3253.4
810.525269,3246.8
810.643982,3247.8
810.762756,3238.2
810.881531,3216.4
811.000305,3256.8
811.11908,3222.4
811.237854,3240.6
811.356567,3220.0
811.475403,3234.2
811.594116,3225.6
811.71283,3252.2
811.831604,3256.4
811.950378,3236.6
812.069153,3226.4
812.187927,3250.8
812.30658,3250.2
812.425415,3262.0
812.544128,3266.2
812.662781,3235.2
812.781616,3255.8
812.900269,3247.2
813.019043,3245.0
813.137756,3218.0
813.256531,3251.6
813.375244,3209.8
813.493896,3219.6
813.612671,3266.0
813.731384,3207.0
813.850037,3222.4
813.96875,3177.4
814.087524,3207.8
814.206238,3194.4
814.324951,3202.2
814.443604,3206.0
814.562256,3205.6
814.68103,3170.4
814.799683,3166.2
814.918335,3181.0
815.037109,3170.4
815.155762,3168.6
815.274475,3168.4
815.393188,3163.6
815.511841,3166.0
815.630554,3152.8
815.749146,3155.2
815.867859,3114.0
815.986572,3200.0
816.105164,3138.4
816.223877,3129.0
816.342529,3165.6
816.461182,3146.8
816.579895,3204.0
816.698486,3190.2
816.817139,3173.6
816.935791,3168.4
817.054504,3173.4
817.173096,3129.0
817.291748,3121.8
817.4104,3113.4
817.529053,3085.2
817.647644,3104.6
817.766235,3061.6
817.884949,3059.4
818.00354,3031.4
818.122192,3014.2
818.240845,2998.6
818.359436,2976.6
818.478088,2975.4
818.59668,2953.6
818.715271,2963.0
818.833923,2949.6
818.952515,2918.0
819.071106,2911.6
819.189758,2919.2
819.30835,2918.8
819.426941,2913.0
819.545532,2925.0
819.664124,2873.4
819.782715,2886.0
819.901306,2893.0
820.019897,2871.4
820.138489,2898.0
820.25708,2851.0
820.375671,2888.4
820.494202,2843.6
820.612732,2859.0
820.731384,2891.4
820.849915,2848.8
820.968506,2832.8
821.087097,2850.2
821.205627,2859.2
821.324158,2844.4
821.442749,2841.8
821.561279,2835.2
821.679871,2838.2
821.798401,2791.0
821.916931,2830.2
822.035461,2836.2
822.154053,2823.2
822.272583,2788.4
822.391174,2819.2
822.509583,2792.4
822.628174,2827.6
822.746704,2852.2
822.865234,2814.0
822.983765,2814.6
823.102295,2804.8
823.220825,2831.8
823.339294,2806.0
823.457825,2833.8
823.576355,2812.0
823.694824,2822.0
823.813354,2799.6
823.931885,2818.6
824.050354,2843.8
824.168884,2833.0
824.287354,2819.6
824.405823,2820.8
824.524353,2837.6
824.642822,2800.2
824.761353,2815.0
824.879822,2807.0
824.998291,2779.6
825.116699,2760.4
825.235291,2812.4
825.353699,2799.0
825.472168,2756.6
825.590637,2791.0
825.709106,2797.8
825.827576,2764.6
825.946045,2729.2
826.064453,2757.2
826.182983,2764.2
826.301392,2756.8
826.4198,2729.8
826.53833,2757.8
826.656738,2772.8
826.775208,2764.6
826.893677,2745.2
827.012024,2735.0
827.130493,2739.8
827.248962,2742.8
827.36731,2724.6
827.485779,2749.8
827.604248,2740.0
827.722595,2728.8
827.841064,2721.2
827.959412,2727.8
828.077942,2717.0
828.196289,2723.2
828.314636,2715.6
828.433105,2707.8
828.551514,2734.0
828.669861,2736.8
828.78833,2722.0
828.906677,2701.2
829.025085,2713.4
829.143433,2735.2
829.261841,2728.4
829.38031,2701.8
829.498657,2723.2
829.617004,2718.4
829.735413,2725.8
829.85376,2689.6
829.972107,2679.6
830.090515,2700.2
830.208862,2695.2
830.327209,2699.6
830.445557,2711.2
830.563904,2714.4
830.682312,2695.6
830.800659,2699.0
830.919006,2689.8
831.037354,2709.2
831.155701,2714.0
831.274048,2694.6
831.392395,2728.2
831.51062,2693.4
831.629028,2673.4
831.747314,2675.8
831.865662,2718.8
831.984009,2678.0
832.102356,2696.2
832.220642,2681.4
832.338928,2718.2
832.457275,2684.6
832.575623,2697.8
832.693909,2696.0
832.812134,2696.8
832.930481,2695.8
833.048828,2723.4
833.167114,2688.0
833.2854,2671.0
833.403687,2717.4
833.521973,2670.6
833.640259,2682.4
833.758545,2678.4
833.876831,2677.8
833.995056,2671.4
834.113281,2675.4
834.231628,2702.2
834.349915,2673.8
834.468201,2691.6
834.586426,2669.4
834.704651,2703.6
834.822998,2703.0
834.941162,2696.8
835.059448,2691.4
835.177673,2711.4
835.295959,2686.0
835.414246,2717.2
835.53241,2647.6
835.650635,2687.0
835.768921,2673.2
835.887146,2669.2
836.005371,2720.0
836.123596,2682.8
836.241821,2712.2
836.360046,2710.6
836.478271,2733.8
836.596497,2697.0
836.714722,2699.6
836.832886,2707.6
836.95105,2719.8
837.069336,2709.6
837.1875,2728.4
837.305725,2701.2
837.423889,2716.0
837.542053,2723.6
837.660339,2689.4
837.778503,2703.2
837.896667,2690.0
838.014832,2700.6
838.132996,2700.2
838.25116,2728.2
838.369385,2692.8
838.487488,2724.2
838.605713,2698.0
838.723877,2702.8
838.84198,2695.6
838.960205,2691.6
839.078308,2723.0
839.196472,2690.8
839.314636,2727.0
839.4328,2719.6
839.550964,2730.2
839.669067,2655.2
839.787231,2656.4
839.905396,2649.8
840.023499,2708.8
840.141602,2723.0
840.259766,2675.4
840.377869,2692.0
840.495972,2701.0
840.614136,2690.8
840.732239,2697.8
840.850342,2667.0
840.968445,2651.8
841.086548,2676.2
841.204651,2669.8
841.322754,2667.0
841.440918,2642.6
841.55896,2662.2
841.677002,2649.6
841.795166,2651.0
841.913208,2652.6
842.031311,2674.8
842.149353,2645.0
842.267456,2645.0
842.385498,2670.4
842.503601,2648.8
842.621643,2622.8
842.739746,2645.2
842.857788,2646.4
842.97583,2623.6
843.093933,2641.8
843.211975,2656.0
843.330017,2669.0
843.44812,2661.4
843.566101,2631.6
843.684204,2632.4
843.802246,2634.4
843.920227,2656.6
844.038269,2663.6
844.156311,2660.2
844.274292,2631.2
844.392395,2645.2
844.510376,2632.8
844.628357,2600.4
844.74646,2609.8
844.864441,2641.2
844.982422,2629.0
845.100403,2644.2
845.218384,2592.6
845.336426,2634.8
845.454468,2637.8
845.572449,2655.4
845.69043,2633.8
845.808411,2625.0
845.926453,2606.8
846.044373,2638.4
846.162354,2616.8
846.280396,2637.2
846.398315,2618.2
846.516296,2618.2
846.634216,2605.2
846.752197,2594.0
846.870178,2608.4
846.988098,2584.0
847.106079,2629.6
847.22406,2606.4
847.34198,2620.6
847.4599,2625.0
847.577881,2630.0
847.695801,2614.4
847.813782,2627.6
847.931641,2665.0
848.049561,2640.8
848.167603,2607.8
848.285461,2632.2
848.403381,2629.2
848.521362,2646.8
848.639221,2629.4
848.75708,2627.0
848.875,2621.6
848.99292,2636.0
849.110901,2627.6
849.22876,2614.4
849.34668,2616.0
849.464539,2625.0
849.582458,2600.0
849.700317,2628.2
849.818176,2607.8
849.936096,2634.2
850.053955,2609.6
850.171875,2631.8
850.289673,2622.4
850.407593,2611.8
850.525452,2640.4
850.643311,2612.6
850.761169,2624.2
850.878967,2610.6
850.996887,2626.0
851.114746,2585.2
851.232544,2626.2
851.350403,2635.0
851.468262,2654.4
851.58606,2625.4
851.703979,2637.6
851.821777,2658.8
851.939636,2640.6
852.057434,2626.2
852.175232,2662.6
852.293091,2625.8
852.410889,2652.4
852.528687,2619.4
852.646545,2666.2
852.764343,2629.2
852.88208,2636.8
852.999939,2671.0
853.117676,2667.4
853.235535,2648.6
853.353271,2659.0
853.471069,2646.2
853.588928,2649.6
853.706604,2629.4
853.824402,2699.8
853.9422,2666.0
854.059998,2615.2
854.177734,2640.6
854.295532,2666.4
854.413269,2638.2
854.531006,2631.8
854.648804,2658.6
854.766541,2632.0
854.884277,2654.2
855.002014,2677.0
855.119751,2644.0
855.237549,2678.8
855.355225,2690.4
855.473022,2651.8
855.590698,2658.4
855.708435,2666.6
855.826172,2670.6
855.943848,2663.8
856.061646,2708.8
856.179321,2689.8
856.296997,2683.8
856.414795,2668.4
856.53241,2640.0
856.650085,2678.2
856.767822,2670.4
856.885559,2689.8
857.003174,2643.0
857.120911,2659.8
857.238586,2663.6
857.356201,2686.6
857.473938,2629.0
857.591614,2653.8
857.709351,2657.8
857.826965,2655.6
857.944641,2678.8
858.062317,2656.0
858.179993,2674.0
858.297668,2665.6
858.415283,2646.4
858.532959,2665.2
858.650574,2642.6
858.768188,2693.2
858.885803,2673.6
859.003479,2661.6
859.121094,2640.4
859.23877,2672.2
859.356384,2656.2
859.473999,2629.2
859.591675,2639.4
859.709229,2651.6
859.826843,2645.2
859.944458,2622.0
860.062012,2656.2
860.179626,2645.4
860.297302,2668.2
860.414856,2650.8
860.532471,2643.4
860.650024,2670.0
860.767639,2685.2
860.885193,2660.8
861.002808,2654.6
861.120361,2668.2
861.237976,2665.4
861.35553,2639.2
861.473022,2630.8
861.590698,2656.8
861.708191,2646.8
861.825745,2645.0
861.943298,2648.4
862.060852,2638.8
862.178406,2649.4
862.295959,2659.4
862.413513,2663.8
862.531006,2623.6
862.64856,2651.2
862.766113,2658.2
862.883667,2654.2
863.00116,2654.4
863.118713,2662.4
863.236206,2669.6
863.353699,2655.2
863.471252,2628.0
863.588745,2680.2
863.706177,2661.0
863.82373,2636.6
863.941162,2648.0
864.058716,2661.6
864.176208,2654.2
864.29364,2657.0
864.411194,2673.0
864.528687,2662.6
864.646118,2675.4
864.763611,2655.6
864.881042,2662.2
864.998535,2649.8
865.116028,2678.6
865.233459,2682.6
865.350891,2635.8
865.468384,2662.0
865.585754,2672.8
865.703308,2662.6
865.820679,2664.8
865.938171,2673.2
866.055542,2670.2
866.173035,2670.0
866.290466,2684.4
866.407837,2649.4
866.52533,2674.2
866.6427,2686.2
866.760071,2653.8
866.877563,2641.2
866.994934,2645.0
867.112305,2674.4
867.229736,2670.8
867.347107,2677.0
867.464539,2650.0
867.58197,2674.6
867.699341,2692.8
867.81665,2672.0
867.934082,2691.6
868.051453,2666.2
868.168823,2650.2
868.286194,2676.0
868.403564,2660.8
868.520935,2671.0
868.638306,2649.8
868.755676,2676.6
868.872986,2687.2
868.990295,2679.2
869.107727,2682.2
869.225037,2647.6
869.342346,2667.4
869.459717,2666.2
869.577026,2677.6
869.694336,2697.4
869.811707,2658.0
869.929016,2663.2
870.046326,2692.0
870.163635,2662.4
870.280945,2679.2
870.398254,2665.4
870.515564,2657.8
870.632812,2648.2
870.750183,2664.4
870.867432,2678.0
870.984741,2621.8
871.102051,2653.2
871.219299,2685.2
871.336609,2660.4
871.453918,2691.4
871.571106,2678.6
871.688416,2672.2
871.805664,2668.0
871.922852,2679.8
872.040222,2671.4
872.157471,2708.4
872.274719,2670.6
872.391968,2659.0
872.509155,2665.2
872.626465,2683.4
872.743652,2688.6
872.860962,2703.0
872.978149,2672.6
873.095337,2672.4
873.212646,2698.8
873.329834,2648.6
873.44696,2703.2
873.564209,2681.0
873.681396,2692.6
873.798645,2667.2
873.915894,2670.6
874.03302,2675.8
874.150208,2692.2
874.267456,2680.2
874.384583,2670.4
874.501831,2683.8
874.618958,2664.2
874.736145,2677.8
874.853333,2679.0
874.970459,2683.4
875.087646,2699.4
875.204834,2698.8
875.32196,2680.6
875.439148,2690.0
875.556274,2674.8
875.673401,2714.4
875.790527,2663.0
875.907715,2699.8
876.024841,2674.6
876.141968,2702.4
876.259094,2710.6
876.376282,2685.8
876.493347,2708.2
876.610474,2706.8
876.7276,2677.0
876.844727,2698.6
876.961853,2682.4
877.078918,2702.2
877.195984,2703.6
877.313171,2703.6
877.430237,2717.0
877.547302,2705.8
877.664368,2711.4
877.781433,2698.4
877.898499,2722.4
878.015625,2702.8
878.13269,2727.4
878.249695,2717.8
878.366821,2677.0
878.483887,2729.4
878.600952,2705.0
878.717957,2704.6
878.834961,2687.2
878.952087,2704.2
879.069092,2710.0
879.186157,2710.0
879.303162,2697.2
879.420227,2703.0
879.537231,2697.6
879.654236,2690.2
879.77124,2700.4
879.888306,2708.0
880.005249,2695.4
880.122314,2686.0
880.239319,2704.8
880.356323,2722.4
880.473328,2700.6
880.590271,2699.4
880.707275,2702.6
880.824341,2723.0
880.941284,2689.2
881.058228,2704.8
881.175232,2724.2
881.292236,2711.8
881.40918,2681.0
881.526123,2709.6
881.643066,2709.0
881.760071,2746.8
881.877014,2728.4
881.993958,2734.6
882.11084,2725.6
882.227783,2716.0
882.344727,2718.4
882.46167,2703.8
882.578613,2688.6
882.695618,2718.2
882.812439,2716.2
882.929382,2720.2
883.046326,2716.4
883.163208,2715.6
883.280151,2721.2
883.397034,2728.0
883.513916,2744.0
883.630798,2723.4
883.747742,2721.0
883.864563,2724.2
883.981506,2720.0
884.098389,2742.6
884.21521,2718.4
884.332153,2729.2
884.448975,2695.4
884.565796,2742.4
884.682678,2715.2
884.7995,2714.8
884.916443,2713.8
885.033264,2747.4
885.150085,2709.0
885.266968,2723.6
885.383789,2718.0
885.500671,2734.8
885.617493,2765.2
885.734314,2747.4
885.851196,2708.6
885.967896,2750.0
886.084717,2756.6
886.201599,2708.4
886.318359,2749.4
886.435181,2758.8
886.552002,2758.8
886.668762,2743.8
886.785645,2757.4
886.902344,2750.8
887.019165,2767.2
887.135925,2759.2
887.252747,2755.8
887.369446,2758.8
887.486267,2769.8
887.603027,2737.0
887.719788,2750.8
887.836548,2760.8
887.953247,2748.2
888.070068,2756.0
888.186829,2778.2
888.303528,2791.0
888.420288,2756.8
888.536987,2773.2
888.653687,2757.6
888.770447,2764.6
888.887146,2786.8
889.003967,2768.4
889.120667,2747.8
889.237305,2747.0
889.354065,2784.4
889.470703,2754.8
889.587463,2749.4
889.704163,2804.6
889.820862,2725.4
889.937561,2786.0
890.054199,2770.4
890.170837,2790.4
890.287598,2768.6
890.404236,2737.4
890.520874,2768.6
890.637634,2796.4
890.754211,2779.2
890.87085,2779.4
890.987549,2780.8
891.104187,2780.2
891.220886,2764.8
891.337463,2775.8
891.454102,2808.6
891.57074,2791.2
891.687378,2759.4
891.804077,2792.0
891.920654,2793.0
892.037231,2805.2
892.15387,2776.8
892.270447,2773.4
892.387085,2807.2
892.503723,2794.2
892.6203,2774.8
892.736877,2778.6
892.853516,2793.2
892.970032,2797.8
893.08667,2824.0
893.203186,2771.8
893.319763,2782.4
893.43634,2776.2
893.552917,2793.4
893.669556,2795.2
893.786011,2820.0
893.902588,2784.6
894.019165,2819.0
894.135681,2819.4
894.252197,2823.6
894.368835,2822.2
894.485291,2812.4
894.601868,2820.2
894.718384,2824.2
894.8349,2798.2
894.951355,2830.2
895.067932,2816.6
895.184448,2809.8
895.300964,2857.8
895.417419,2826.0
895.533936,2815.8
895.650452,2804.0
895.766907,2807.0
895.883423,2835.2
895.999878,2824.2
896.116333,2813.8
896.232849,2838.4
896.349304,2789.6
896.465759,2807.8
896.582214,2821.2
896.698669,2833.6
896.815125,2818.6
896.931641,2799.4
897.048035,2810.2
897.164551,2797.2
897.280884,2835.8
897.397339,2824.6
897.513794,2832.8
897.630249,2843.0
897.746582,2840.8
897.863098,2860.8
897.979431,2853.4
898.095886,2839.2
898.212341,2824.6
898.328674,2842.4
898.445129,2850.6
898.561462,2848.2
898.677795,2851.8
898.794312,2838.0
898.910645,2826.8
899.026978,2803.4
899.143433,2852.2
899.259766,2832.2
899.37616,2851.2
899.492493,2847.8
899.608765,2862.6
899.725159,2836.4
899.841553,2840.0
899.957947,2850.6
900.07428,2852.6
900.190552,2853.0
900.306946,2866.0
900.423157,2845.6
900.53949,2810.6
900.655884,2829.6
900.772156,2843.0
900.888489,2870.2
901.004822,2848.0
901.121033,2856.0
901.237366,2847.8
901.353699,2857.2
901.46991,2834.2
901.586304,2844.4
901.702515,2834.8
901.818787,2853.4
901.93512,2853.0
902.051331,2856.8
902.167603,2865.6
902.283875,2867.2
902.400085,2850.8
902.516418,2851.6
902.632629,2851.4
902.74884,2884.2
902.865112,2866.2
902.981384,2855.8
903.097595,2882.6
903.213867,2884.2
903.330017,2896.6
903.446289,2871.6
903.5625,2858.0
903.67865,2868.8
903.794922,2876.6
903.911072,2863.2
904.027344,2868.6
904.143494,2871.2
904.259705,2872.4
904.375916,2870.2
904.492065,2860.4
904.608215,2884.8
904.724426,2885.8
904.840576,2881.8
904.956726,2842.0
905.072876,2904.4
905.189087,2869.8
905.305176,2881.2
905.421387,2865.8
905.537537,2913.2
905.653687,2914.2
905.769775,2880.2
905.885925,2901.8
906.002014,2867.4
906.118164,2897.2
906.234314,2869.0
906.350403,2909.6
906.466492,2894.2
906.582642,2870.4
906.69873,2890.0
906.814758,2912.6
906.930908,2920.2
907.046936,2888.2
907.163086,2892.2
907.279175,2920.2
907.395264,2896.0
907.511353,2895.4
907.62738,2903.4
907.743408,2895.4
907.859497,2915.4
907.975525,2906.0
908.091553,2890.0
908.207703,2888.2
908.32373,2865.0
908.439758,2916.6
908.555786,2919.6
908.671814,2921.4
908.787842,2893.2
908.90387,2913.4
909.019775,2913.2
909.135864,2880.6
909.251892,2904.8
909.367859,2904.2
909.483826,2918.0
909.599854,2902.4
909.715881,2896.0
909.831848,2933.0
909.947815,2928.6
910.063782,2898.0
910.179749,2908.0
910.295776,2891.0
910.411743,2939.0
910.527649,2905.0
910.643616,2927.4
910.759583,2914.6
910.875488,2934.2
910.991455,2918.2
911.107361,2920.0
911.223267,2891.8
911.339294,2921.2
911.4552,2917.2
911.571106,2894.0
911.687073,2912.4
911.802979,2900.2
911.918823,2904.8
912.034729,2927.6
912.150635,2883.4
912.266602,2880.4
912.382446,2902.4
912.498352,2877.0
912.614197,2886.4
912.730103,2881.2
912.846008,2887.8
792.44574,4047.6
792.56488,3991.4
792.68396,4013.8
792.80304,3962.2
792.92218,3908.4
793.041199,3853.8
793.160339,3871.0
793.279419,3853.0
793.398499,3808.6
793.517578,3767.2
793.636658,3768.8
793.755737,3766.8
793.874817,3738.8
793.993896,3743.0
794.112976,3687.0
794.232056,3682.6
794.351074,3666.8
794.470215,3634.2
794.589233,3607.2
794.708313,3624.4
794.827393,3628.0
794.946411,3579.8
795.065552,3615.8
795.18457,3574.2
795.303589,3622.2
795.422668,3593.0
795.541687,3593.8
795.660767,3582.4
795.779846,3526.6
795.898865,3498.8
796.017883,3517.2
796.136963,3506.0
796.255981,3510.0
796.375061,3482.6
796.49408,3465.4
796.613037,3464.4
796.732117,3441.6
796.851135,3441.8
796.970154,3433.4
797.089233,3405.2
797.208191,3411.8
797.327271,3409.8
797.446228,3417.4
797.565186,3460.8
797.684265,3395.4
797.803223,3399.8
797.922241,3388.0
798.04126,3413.8
798.160278,3382.2
798.279297,3381.2
798.398315,3408.0
798.517273,3379.2
798.636292,3390.4
798.75531,3378.6
798.874268,3388.4
798.993286,3403.6
799.112244,3349.8
799.231323,3345.2
799.350281,3354.6
799.469238,3363.2
799.588257,3363.8
799.707153,3390.2
799.826111,3365.0
799.945129,3352.6
800.064087,3345.6
800.183044,3330.4
800.302063,3374.4
800.421021,3355.8
800.539978,3313.4
800.658936,3335.6
800.777893,3370.0
800.896912,3329.6
801.015747,3349.4
801.134705,3346.2
801.253723,3312.4
801.37262,3299.4
801.491638,3344.8
801.610535,3320.8
801.729492,3335.8
801.84845,3306.0
801.967407,3360.4
802.086243,3318.2
802.205261,3341.4
802.324158,3351.6
802.443115,3337.0
802.562073,3327.0
802.680969,3335.2
802.799927,3326.0
802.918762,3354.6
803.037659,3320.2
803.156677,3332.0
803.275574,3322.2
803.39447,3335.8
803.513428,3317.6
803.632263,3348.4
803.751221,3335.0
803.870117,3341.0
803.989014,3343.4
804.107971,3349.4
804.226746,3339.0
804.345642,3322.6
804.4646,3320.4
804.583496,3328.2
804.702393,3356.0
804.821228,3332.0
804.940125,3351.6
805.059021,3320.6
805.177917,3349.2
805.296814,3354.0
805.415649,3353.2
805.534546,3323.0
805.653442,3343.0
805.772278,3404.6
805.891113,3340.6
806.01001,3370.8
806.128906,3372.8
806.247742,3347.6
806.366577,3357.6
806.485413,3381.0
806.604309,3371.4
806.723145,3320.0
806.84198,3376.8
806.960876,3313.6
807.079712,3349.4
807.198486,3376.2
807.317383,3352.6
807.436218,3315.8
807.554993,3332.2
807.673889,3334.4
807.792725,3354.4
807.91156,3333.2
808.030396,3324.6
808.14917,3342.2
808.268005,3335.8
808.386841,3331.0
808.505676,3316.4
808.624451,3367.2
808.743286,3307.4
808.862122,3335.2
808.980896,3332.4
809.099731,3298.4
809.218506,3325.0
809.337341,3323.2
809.456116,3333.4
809.57489,3348.8
809.693726,3345.2
809.8125,3344.6
809.931274,3337.8
810.050049,3340.8
810.168884,3349.8
810.287659,3318.4
810.406372,3339.8
810.525269,3348.2
810.643982,3333.8
810.762756,3344.0
810.881531,3340.4
811.000305,3327.8
811.11908,3294.4
811.237854,3302.6
811.356567,3339.4
811.475403,3333.6
811.594116,3365.0
811.71283,3349.2
811.831604,3327.2
811.950378,3340.2
812.069153,3316.2
812.187927,3370.0
812.30658,3358.8
812.425415,3297.0
812.544128,3356.8
812.662781,3315.4
812.781616,3308.4
812.900269,3347.0
813.019043,3320.4
813.137756,3321.8
813.256531,3316.0
813.375244,3295.6
813.493896,3297.8
813.612671,3313.8
813.731384,3304.4
813.850037,3317.4
813.96875,3289.2
814.087524,3290.0
814.206238,3268.6
814.324951,3250.4
814.443604,3277.6
814.562256,3258.6
814.68103,3297.6
814.799683,3268.6
814.918335,3262.0
815.037109,3271.2
815.155762,3232.8
815.274475,3244.4
815.393188,3221.4
815.511841,3238.0
815.630554,3229.0
815.749146,3194.0
815.867859,3186.0
815.986572,3206.8
816.105164,3208.4
816.223877,3224.8
816.342529,3210.0
816.461182,3254.6
816.579895,3219.2
816.698486,3240.2
816.817139,3255.6
816.935791,3240.0
817.054504,3246.6
817.173096,3200.2
817.291748,3191.2
817.4104,3178.6
817.529053,3135.0
817.647644,3198.4
817.766235,3121.6
817.884949,3146.8
818.00354,3087.4
818.122192,3086.0
818.240845,3060.8
818.359436,3067.8
818.478088,3045.4
818.59668,3035.6
818.715271,2998.0
818.833923,3017.4
818.952515,3012.0
819.071106,2983.4
819.189758,2970.4
819.30835,2971.2
819.426941,2975.2
819.545532,2941.4
819.664124,2958.2
819.782715,2961.0
819.901306,2919.2
820.019897,2924.0
820.138489,2938.8
820.25708,2954.2
820.375671,2962.6
820.494202,2937.8
820.612732,2920.0
820.731384,2931.6
820.849915,2918.8
820.968506,2939.0
821.087097,2925.2
821.205627,2923.4
821.324158,2887.2
821.442749,2885.4
821.561279,2885.8
821.679871,2884.4
821.798401,2874.2
821.916931,2902.6
822.035461,2892.4
822.154053,2893.0
822.272583,2881.0
822.391174,2887.0
822.509583,2856.2
822.628174,2893.6
822.746704,2887.8
822.865234,2880.2
822.983765,2874.8
823.102295,2903.0
823.220825,2866.8
823.339294,2881.6
823.457825,2876.6
823.576355,2874.8
823.694824,2877.2
823.813354,2884.8
823.931885,2862.4
824.050354,2901.4
824.168884,2881.4
824.287354,2872.8
824.405823,2852.6
824.524353,2864.2
824.642822,2887.8
824.761353,2874.6
824.879822,2845.2
824.998291,2843.4
825.116699,2824.6
825.235291,2887.4
825.353699,2828.4
825.472168,2832.8
825.590637,2832.2
825.709106,2844.0
825.827576,2834.8
825.946045,2800.8
826.064453,2862.8
826.182983,2811.4
826.301392,2834.2
826.4198,2819.4
826.53833,2804.6
826.656738,2817.0
826.775208,2792.4
826.893677,2807.4
827.012024,2775.6
827.130493,2799.0
827.248962,2809.0
827.36731,2784.0
827.485779,2793.8
827.604248,2792.2
827.722595,2784.0
827.841064,2768.2
827.959412,2752.6
828.077942,2775.4
828.196289,2793.8
828.314636,2769.8
828.433105,2758.6
828.551514,2752.6
828.669861,2785.2
828.78833,2729.2
828.906677,2727.4
829.025085,2754.6
829.143433,2781.8
829.261841,2753.2
829.38031,2759.8
829.498657,2764.2
829.617004,2752.2
829.735413,2772.8
829.85376,2733.4
829.972107,2763.4
830.090515,2741.2
830.208862,2768.8
830.327209,2760.4
830.445557,2723.0
830.563904,2760.2
830.682312,2771.4
830.800659,2757.6
830.919006,2722.6
831.037354,2735.2
831.155701,2762.8
831.274048,2750.2
831.392395,2734.2
831.51062,2772.4
831.629028,2710.4
831.747314,2765.0
831.865662,2750.6
831.984009,2718.6
832.102356,2754.8
832.220642,2710.8
832.338928,2745.0
832.457275,2736.4
832.575623,2724.2
832.693909,2723.2
832.812134,2737.0
832.930481,2729.0
833.048828,2741.4
833.167114,2729.8
833.2854,2725.0
833.403687,2747.2
833.521973,2715.6
833.640259,2726.4
833.758545,2736.8
833.876831,2744.6
833.995056,2743.2
834.113281,2715.4
834.231628,2734.2
834.349915,2727.6
834.468201,2724.8
834.586426,2756.4
834.704651,2724.8
834.822998,2741.8
834.941162,2777.0
835.059448,2746.2
835.177673,2750.6
835.295959,2733.0
835.414246,2733.6
835.53241,2731.2
835.650635,2732.8
835.768921,2723.4
835.887146,2784.6
836.005371,2763.0
836.123596,2761.4
836.241821,2772.4
836.360046,2760.6
836.478271,2754.2
836.596497,2767.8
836.714722,2747.6
836.832886,2761.0
836.95105,2739.2
837.069336,2772.2
837.1875,2770.6
837.305725,2756.8
837.423889,2776.4
837.542053,2777.0
837.660339,2736.8
837.778503,2776.6
837.896667,2747.0
838.014832,2757.8
838.132996,2736.8
838.25116,2773.2
838.369385,2759.6
838.487488,2767.4
838.605713,2759.6
838.723877,2765.6
838.84198,2758.2
838.960205,2757.0
839.078308,2743.4
839.196472,2739.2
839.314636,2778.6
839.4328,2765.6
839.550964,2769.2
839.669067,2744.4
839.787231,2740.0
839.905396,2759.0
840.023499,2735.0
840.141602,2752.0
840.259766,2756.4
840.377869,2756.4
840.495972,2735.2
840.614136,2729.8
840.732239,2734.0
840.850342,2725.0
840.968445,2731.6
841.086548,2726.8
841.204651,2744.6
841.322754,2698.2
841.440918,2716.0
841.55896,2719.2
841.677002,2716.6
841.795166,2719.4
841.913208,2714.4
842.031311,2717.2
842.149353,2733.2
842.267456,2719.6
842.385498,2682.8
842.503601,2735.6
842.621643,2703.6
842.739746,2702.6
842.857788,2679.0
842.97583,2686.4
843.093933,2686.2
843.211975,2683.8
843.330017,2717.0
843.44812,2723.6
843.566101,2692.8
843.684204,2702.2
843.802246,2693.2
843.920227,2734.2
844.038269,2738.8
844.156311,2725.8
844.274292,2738.8
844.392395,2713.0
844.510376,2713.8
844.628357,2694.8
844.74646,2698.8
844.864441,2721.2
844.982422,2693.0
845.100403,2712.0
845.218384,2707.0
845.336426,2681.8
845.454468,2738.6
845.572449,2709.6
845.69043,2692.2
845.808411,2691.2
845.926453,2723.6
846.044373,2672.4
846.162354,2683.6
846.280396,2699.4
846.398315,2669.6
846.516296,2698.0
846.634216,2717.8
846.752197,2661.8
846.870178,2718.0
846.988098,2681.6
847.106079,2685.4
847.22406,2680.8
847.34198,2701.0
847.4599,2685.8
847.577881,2695.6
847.695801,2707.0
847.813782,2746.0
847.931641,2722.8
848.049561,2720.6
848.167603,2677.8
848.285461,2698.0
848.403381,2729.6
848.521362,2697.6
848.639221,2691.4
848.75708,2696.6
848.875,2704.0
848.99292,2683.4
849.110901,2698.8
849.22876,2708.0
849.34668,2685.6
849.464539,2708.2
849.582458,2697.8
849.700317,2672.8
849.818176,2689.2
849.936096,2707.6
850.053955,2701.2
850.171875,2694.8
850.289673,2662.4
850.407593,2700.6
850.525452,2723.0
850.643311,2689.2
850.761169,2674.4
850.878967,2678.2
850.996887,2708.8
851.114746,2670.6
851.232544,2701.0
851.350403,2701.4
851.468262,2695.6
851.58606,2686.4
851.703979,2696.8
851.821777,2700.8
851.939636,2737.0
852.057434,2722.6
852.175232,2719.4
852.293091,2763.4
852.410889,2719.8
852.528687,2729.4
852.646545,2730.4
852.764343,2729.0
852.88208,2726.2
852.999939,2711.6
853.117676,2725.8
853.235535,2756.6
853.353271,2703.2
853.471069,2719.8
853.588928,2689.4
853.706604,2726.2
853.824402,2743.2
853.9422,2722.4
854.059998,2698.6
854.177734,2729.8
854.295532,2696.4
854.413269,2728.2
854.531006,2721.8
854.648804,2736.0
854.766541,2730.4
854.884277,2726.6
855.002014,2718.0
855.119751,2730.2
855.237549,2750.0
855.355225,2730.4
855.473022,2740.4
855.590698,2739.6
855.708435,2728.0
855.826172,2711.8
855.943848,2777.4
856.061646,2747.6
856.179321,2729.8
856.296997,2731.0
856.414795,2737.0
856.53241,2750.0
856.650085,2739.8
856.767822,2737.4
856.885559,2764.0
857.003174,2692.2
857.120911,2738.4
857.238586,2720.4
857.356201,2736.6
857.473938,2744.4
857.591614,2727.2
857.709351,2751.2
857.826965,2747.6
857.944641,2734.6
858.062317,2738.2
858.179993,2731.0
858.297668,2723.4
858.415283,2732.6
858.532959,2738.2
858.650574,2739.6
858.768188,2737.8
858.885803,2747.0
859.003479,2737.0
859.121094,2725.6
859.23877,2707.2
859.356384,2712.0
859.473999,2730.4
859.591675,2718.2
859.709229,2717.6
859.826843,2740.4
859.944458,2719.4
860.062012,2696.8
860.179626,2711.2
860.297302,2712.8
860.414856,2711.6
860.532471,2715.0
860.650024,2723.0
860.767639,2730.0
860.885193,2729.8
861.002808,2742.2
861.120361,2734.8
861.237976,2800.2
861.35553,2695.0
861.473022,2720.6
861.590698,2716.8
861.708191,2695.6
861.825745,2733.2
861.943298,2726.2
862.060852,2734.8
862.178406,2707.8
862.295959,2709.8
862.413513,2711.6
862.531006,2711.4
862.64856,2720.8
862.766113,2694.0
862.883667,2712.8
863.00116,2699.8
863.118713,2744.0
863.236206,2724.4
863.353699,2701.0
863.471252,2695.2
863.588745,2711.8
863.706177,2723.0
863.82373,2719.0
863.941162,2702.6
864.058716,2724.2
864.176208,2728.8
864.29364,2722.4
864.411194,2713.2
864.528687,2713.8
864.646118,2728.6
864.763611,2735.8
864.881042,2727.6
864.998535,2712.0
865.116028,2710.8
865.233459,2728.0
865.350891,2691.6
865.468384,2739.2
865.585754,2772.0
865.703308,2688.0
865.820679,2748.8
865.938171,2717.6
866.055542,2726.2
866.173035,2739.4
866.290466,2720.8
866.407837,2707.2
866.52533,2745.8
866.6427,2742.0
866.760071,2726.4
866.877563,2711.4
866.994934,2729.8
867.112305,2718.2
867.229736,2745.4
867.347107,2722.8
867.464539,2714.0
867.58197,2718.4
867.699341,2720.8
867.81665,2739.4
867.934082,2723.2
868.051453,2707.2
868.168823,2753.6
868.286194,2737.8
868.403564,2732.4
868.520935,2673.4
868.638306,2735.0
868.755676,2718.8
868.872986,2724.4
868.990295,2748.2
869.107727,2758.2
869.225037,2750.8
869.342346,2770.4
869.459717,2719.4
869.577026,2747.4
869.694336,2725.6
869.811707,2750.4
869.929016,2741.8
870.046326,2747.4
870.163635,2775.8
870.280945,2750.8
870.398254,2713.4
870.515564,2768.0
870.632812,2760.4
870.750183,2744.4
870.867432,2749.2
870.984741,2749.4
871.102051,2722.8
871.219299,2719.2
871.336609,2766.4
871.453918,2750.8
871.571106,2757.2
871.688416,2737.6
871.805664,2742.8
871.922852,2754.2
872.040222,2724.8
872.157471,2726.6
872.274719,2756.8
872.391968,2748.2
872.509155,2782.4
872.626465,2746.0
872.743652,2774.8
872.860962,2729.2
872.978149,2732.4
873.095337,2734.6
873.212646,2758.0
873.329834,2742.0
873.44696,2770.4
873.564209,2748.2
873.681396,2762.4
873.798645,2750.2
873.915894,2766.6
874.03302,2781.0
874.150208,2749.2
874.267456,2740.8
874.384583,2727.6
874.501831,2762.4
874.618958,2762.6
874.736145,2782.2
874.853333,2774.2
874.970459,2760.4
875.087646,2797.6
875.204834,2775.6
875.32196,2774.6
875.439148,2763.4
875.556274,2766.8
875.673401,2756.2
875.790527,2753.6
875.907715,2770.6
876.024841,2753.6
876.141968,2748.6
876.259094,2757.2
876.376282,2765.2
876.493347,2801.6
876.610474,2756.2
876.7276,2772.6
876.844727,2781.4
876.961853,2749.6
877.078918,2780.0
877.195984,2766.2
877.313171,2765.4
877.430237,2774.0
877.547302,2780.8
877.664368,2785.0
877.781433,2753.8
877.898499,2809.2
878.015625,2785.8
878.13269,2786.2
878.249695,2807.0
878.366821,2751.2
878.483887,2775.0
878.600952,2779.6
878.717957,2756.8
878.834961,2790.6
878.952087,2781.0
879.069092,2792.8
879.186157,2773.4
879.303162,2745.8
879.420227,2776.0
879.537231,2775.0
879.654236,2779.6
879.77124,2757.8
879.888306,2738.4
880.005249,2773.8
880.122314,2758.4
880.239319,2742.2
880.356323,2770.4
880.473328,2762.4
880.590271,2759.6
880.707275,2745.8
880.824341,2748.6
880.941284,2763.6
881.058228,2758.2
881.175232,2776.2
881.292236,2753.4
881.40918,2751.2
881.526123,2764.6
881.643066,2757.6
881.760071,2804.8
881.877014,2775.2
881.993958,2772.2
882.11084,2768.6
882.227783,2758.0
882.344727,2766.0
882.46167,2765.2
882.578613,2761.2
882.695618,2774.8
882.812439,2767.6
882.929382,2802.0
883.046326,2790.0
883.163208,2812.8
883.280151,2782.6
883.397034,2775.6
883.513916,2787.2
883.630798,2778.6
883.747742,2784.4
883.864563,2796.6
883.981506,2791.8
884.098389,2784.8
884.21521,2792.2
884.332153,2803.2
884.448975,2787.8
884.565796,2773.0
884.682678,2757.0
884.7995,2781.2
884.916443,2790.2
885.033264,2820.8
885.150085,2809.2
885.266968,2810.0
885.383789,2827.6
885.500671,2822.2
885.617493,2844.8
885.734314,2849.6
885.851196,2834.4
885.967896,2838.8
886.084717,2860.4
886.201599,2863.2
886.318359,2845.8
886.435181,2818.6
886.552002,2873.0
886.668762,2835.8
886.785645,2834.6
886.902344,2835.0
887.019165,2812.2
887.135925,2803.0
887.252747,2829.6
887.369446,2845.6
887.486267,2830.2
887.603027,2820.8
887.719788,2825.4
887.836548,2824.4
887.953247,2798.4
888.070068,2787.0
888.186829,2826.6
888.303528,2818.8
888.420288,2805.4
888.536987,2812.4
888.653687,2787.8
888.770447,2805.2
888.887146,2790.8
889.003967,2799.8
889.120667,2798.8
889.237305,2791.8
889.354065,2789.6
889.470703,2796.6
889.587463,2781.2
889.704163,2819.8
889.820862,2800.4
889.937561,2810.2
890.054199,2796.6
890.170837,2808.2
890.287598,2814.0
890.404236,2804.4
890.520874,2823.2
890.637634,2828.2
890.754211,2813.8
890.87085,2815.4
890.987549,2823.8
891.104187,2791.0
891.220886,2853.4
891.337463,2790.0
891.454102,2841.0
891.57074,2819.0
891.687378,2805.4
891.804077,2828.6
891.920654,2815.8
892.037231,2814.4
892.15387,2813.6
892.270447,2829.2
892.387085,2831.4
892.503723,2816.4
892.6203,2827.0
892.736877,2817.2
892.853516,2855.6
892.970032,2852.0
893.08667,2807.4
893.203186,2818.0
893.319763,2808.0
893.43634,2818.4
893.552917,2828.6
893.669556,2864.8
893.786011,2843.2
893.902588,2803.4
894.019165,2818.4
894.135681,2850.8
894.252197,2836.8
894.368835,2853.6
894.485291,2840.8
894.601868,2824.6
894.718384,2875.4
894.8349,2834.4
894.951355,2823.4
895.067932,2836.8
895.184448,2847.2
895.300964,2860.6
895.417419,2832.0
895.533936,2865.8
895.650452,2857.2
895.766907,2859.8
895.883423,2879.6
895.999878,2872.2
896.116333,2854.2
896.232849,2847.4
896.349304,2862.6
896.465759,2857.2
896.582214,2853.0
896.698669,2864.4
896.815125,2872.8
896.931641,2855.2
897.048035,2861.0
897.164551,2891.8
897.280884,2857.0
897.397339,2870.0
897.513794,2862.4
897.630249,2868.4
897.746582,2837.0
897.863098,2872.6
897.979431,2873.6
898.095886,2876.8
898.212341,2853.2
898.328674,2894.6
898.445129,2879.4
898.561462,2900.4
898.677795,2888.2
898.794312,2901.8
898.910645,2857.4
899.026978,2895.0
899.143433,2882.2
899.259766,2872.4
899.37616,2864.4
899.492493,2873.2
899.608765,2874.4
899.725159,2877.4
899.841553,2890.2
899.957947,2903.2
900.07428,2896.4
900.190552,2908.4
900.306946,2873.6
900.423157,2870.2
900.53949,2872.4
900.655884,2876.8
900.772156,2905.6
900.888489,2901.8
901.004822,2896.0
901.121033,2889.4
901.237366,2899.2
901.353699,2876.2
901.46991,2884.4
901.586304,2917.8
901.702515,2904.6
901.818787,2924.6
901.93512,2911.8
902.051331,2919.0
902.167603,2931.8
902.283875,2944.4
902.400085,2911.2
902.516418,2916.4
902.632629,2908.6
902.74884,2910.0
902.865112,2903.4
902.981384,2917.2
903.097595,2946.6
903.213867,2947.0
903.330017,2952.4
903.446289,2908.4
903.5625,2913.4
903.67865,2921.2
903.794922,2933.6
903.911072,2917.8
904.027344,2954.8
904.143494,2928.0
904.259705,2933.6
904.375916,2899.4
904.492065,2919.0
904.608215,2935.0
904.724426,2903.8
904.840576,2876.0
904.956726,2903.8
905.072876,2929.4
905.189087,2919.6
905.305176,2946.4
905.421387,2914.2
905.537537,2916.8
905.653687,2920.4
905.769775,2908.4
905.885925,2919.8
906.002014,2927.0
906.118164,2905.4
906.234314,2936.6
906.350403,2917.2
906.466492,2931.4
906.582642,2924.8
906.69873,2920.6
906.814758,2927.0
906.930908,2937.0
907.046936,2915.6
907.163086,2908.4
907.279175,2901.0
907.395264,2944.0
907.511353,2919.6
907.62738,2921.0
907.743408,2904.4
907.859497,2925.0
907.975525,2934.0
908.091553,2913.0
908.207703,2945.6
908.32373,2916.4
908.439758,2927.0
908.555786,2954.0
908.671814,2946.0
908.787842,2937.0
908.90387,2943.8
909.019775,2913.6
909.135864,2907.8
909.251892,2928.8
909.367859,2936.2
909.483826,2920.4
909.599854,2915.6
909.715881,2951.6
909.831848,2955.8
909.947815,2919.2
910.063782,2931.4
910.179749,2960.6
910.295776,2895.4
910.411743,2924.4
910.527649,2943.8
910.643616,2952.6
910.759583,2946.2
910.875488,2955.2
910.991455,2946.8
911.107361,2954.8
911.223267,2950.2
911.339294,2922.0
911.4552,2933.8
911.571106,2920.2
911.687073,2940.8
911.802979,2961.8
911.918823,2932.0
912.034729,2965.0
912.150635,2919.4
912.266602,2903.2
912.382446,2922.0
912.498352,2882.8
912.614197,2900.6
912.730103,2916.6
912.846008,2918.0
792.44574,3496.2
792.56488,3474.6
792.68396,3520.2
792.80304,3504.4
792.92218,3441.4
793.041199,3419.6
793.160339,3436.0
793.279419,3430.8
793.398499,3399.0
793.517578,3383.0
793.636658,3360.8
793.755737,3387.2
793.874817,3394.6
793.993896,3375.4
794.112976,3384.2
794.232056,3348.8
794.351074,3361.8
794.470215,3356.6
794.589233,3319.0
794.708313,3308.6
794.827393,3354.4
794.946411,3317.4
795.065552,3352.4
795.18457,3326.6
795.303589,3340.6
795.422668,3343.6
795.541687,3312.0
795.660767,3317.2
795.779846,3283.6
795.898865,3319.8
796.017883,3297.0
796.136963,3311.2
796.255981,3285.8
796.375061,3303.0
796.49408,3294.6
796.613037,3319.6
796.732117,3276.6
796.851135,3319.0
796.970154,3280.2
797.089233,3230.2
797.208191,3270.2
797.327271,3243.8
797.446228,3243.6
797.565186,3270.6
797.684265,3279.8
797.803223,3253.8
797.922241,3229.6
798.04126,3259.0
798.160278,3240.4
798.279297,3225.0
798.398315,3258.0
798.517273,3262.8
798.636292,3255.4
798.75531,3240.0
798.874268,3242.0
798.993286,3278.8
799.112244,3249.6
799.231323,3254.2
799.350281,3259.8
799.469238,3274.8
799.588257,3243.2
799.707153,3247.4
799.826111,3265.4
799.945129,3248.4
800.064087,3263.8
800.183044,3259.6
800.302063,3246.8
800.421021,3287.2
800.539978,3233.0
800.658936,3254.2
800.777893,3262.6
800.896912,3255.8
801.015747,3223.8
801.134705,3250.8
801.253723,3244.4
801.37262,3269.8
801.491638,3249.0
801.610535,3281.8
801.729492,3260.8
801.84845,3262.8
801.967407,3289.2
802.086243,3293.8
802.205261,3270.8
802.324158,3270.0
802.443115,3294.0
802.562073,3241.4
802.680969,3304.4
802.799927,3277.6
802.918762,3267.6
803.037659,3304.0
803.156677,3315.2
803.275574,3252.2
803.39447,3303.8
803.513428,3289.0
803.632263,3324.4
803.751221,3287.0
803.870117,3297.8
803.989014,3328.2
804.107971,3301.2
804.226746,3282.2
804.345642,3321.0
804.4646,3302.0
804.583496,3307.0
804.702393,3303.6
804.821228,3317.4
804.940125,3291.0
805.059021,3315.8
805.177917,3339.6
805.296814,3316.4
805.415649,3364.2
805.534546,3368.6
805.653442,3357.4
805.772278,3330.8
805.891113,3343.2
806.01001,3346.2
806.128906,3327.8
806.247742,3347.4
806.366577,3343.6
806.485413,3314.4
806.604309,3357.6
806.723145,3362.0
806.84198,3343.0
806.960876,3354.8
807.079712,3331.8
807.198486,3336.0
807.317383,3369.6
807.436218,3330.8
807.554993,3331.8
807.673889,3341.6
807.792725,3311.8
807.91156,3357.2
808.030396,3350.4
808.14917,3367.8
808.268005,3330.8
808.386841,3377.8
808.505676,3363.0
808.624451,3364.8
808.743286,3355.0
808.862122,3377.6
808.980896,3389.6
809.099731,3359.0
809.218506,3341.6
809.337341,3336.2
809.456116,3344.2
809.57489,3396.8
809.693726,3379.0
809.8125,3351.0
809.931274,3363.0
810.050049,3370.0
810.168884,3376.8
810.287659,3344.0
810.406372,3391.8
810.525269,3388.8
810.643982,3375.2
810.762756,3353.6
810.881531,3368.6
811.000305,3372.6
811.11908,3328.0
811.237854,3334.8
811.356567,3336.6
811.475403,3364.6
811.594116,3358.0
811.71283,3406.6
811.831604,3386.8
811.950378,3414.4
812.069153,3383.4
812.187927,3393.0
812.30658,3348.2
812.425415,3350.0
812.544128,3342.6
812.662781,3324.6
812.781616,3330.0
812.900269,3356.8
813.019043,3354.0
813.137756,3350.0
813.256531,3343.8
813.375244,3308.6
813.493896,3348.2
813.612671,3318.8
813.731384,3311.0
813.850037,3299.4
813.96875,3314.4
814.087524,3326.4
814.206238,3322.6
814.324951,3304.0
814.443604,3302.8
814.562256,3280.6
814.68103,3296.0
814.799683,3295.6
814.918335,3322.6
815.037109,3295.4
815.155762,3281.0
815.274475,3273.6
815.393188,3283.0
815.511841,3256.6
815.630554,3232.6
815.749146,3260.6
815.867859,3198.4
815.986572,3237.4
816.105164,3232.0
816.223877,3238.6
816.342529,3249.8
816.461182,3273.6
816.579895,3270.0
816.698486,3276.2
816.817139,3283.0
816.935791,3257.8
817.054504,3260.2
817.173096,3233.8
817.291748,3212.8
817.4104,3219.0
817.529053,3154.8
817.647644,3165.4
817.766235,3125.6
817.884949,3083.8
818.00354,3095.6
818.122192,3085.2
818.240845,3037.8
818.359436,3013.2
818.478088,3033.8
818.59668,2989.8
818.715271,2947.0
818.833923,2950.4
818.952515,2915.8
819.071106,2940.8
819.189758,2910.8
819.30835,2875.0
819.426941,2917.0
819.545532,2893.8
819.664124,2875.0
819.782715,2882.4
819.901306,2890.6
820.019897,2862.6
820.138489,2852.6
820.25708,2867.6
820.375671,2838.4
820.494202,2830.0
820.612732,2863.4
820.731384,2859.8
820.849915,2834.4
820.968506,2834.6
821.087097,2820.0
821.205627,2842.4
821.324158,2820.2
821.442749,2810.4
821.561279,2804.2
821.679871,2783.2
821.798401,2808.6
821.916931,2812.2
822.035461,2824.6
822.154053,2839.2
822.272583,2764.8
822.391174,2793.0
822.509583,2809.8
822.628174,2789.0
822.746704,2780.0
822.865234,2773.0
822.983765,2788.0
823.102295,2801.8
823.220825,2794.2
823.339294,2789.8
823.457825,2792.8
823.576355,2798.2
823.694824,2779.8
823.813354,2807.8
823.931885,2783.4
824.050354,2770.6
824.168884,2819.6
824.287354,2798.0
824.405823,2803.4
824.524353,2801.8
824.642822,2793.6
824.761353,2774.2
824.879822,2823.4
824.998291,2783.4
825.116699,2732.4
825.235291,2767.2
825.353699,2764.0
825.472168,2728.8
825.590637,2761.6
825.709106,2783.8
825.827576,2742.0
825.946045,2714.8
826.064453,2739.0
826.182983,2711.4
826.301392,2715.0
826.4198,2708.2
826.53833,2717.2
826.656738,2725.4
826.775208,2745.4
826.893677,2737.6
827.012024,2689.2
827.130493,2725.2
827.248962,2710.2
827.36731,2696.8
827.485779,2710.4
827.604248,2706.4
827.722595,2699.6
827.841064,2666.8
827.959412,2671.6
828.077942,2666.2
828.196289,2689.4
828.314636,2700.2
828.433105,2678.0
828.551514,2672.2
828.669861,2686.8
828.78833,2659.8
828.906677,2671.8
829.025085,2681.8
829.143433,2694.8
829.261841,2647.0
829.38031,2653.0
829.498657,2677.4
829.617004,2665.8
829.735413,2695.0
829.85376,2645.6
829.972107,2635.4
830.090515,2681.0
830.208862,2691.6
830.327209,2654.6
830.445557,2643.8
830.563904,2663.8
830.682312,2670.4
830.800659,2640.2
830.919006,2677.2
831.037354,2626.4
831.155701,2651.6
831.274048,2672.8
831.392395,2651.0
831.51062,2647.4
831.629028,2639.4
831.747314,2672.0
831.865662,2652.8
831.984009,2650.2
832.102356,2654.2
832.220642,2647.0
832.338928,2666.8
832.457275,2666.4
832.575623,2668.0
832.693909,2638.8
832.812134,2649.6
832.930481,2637.2
833.048828,2664.8
833.167114,2644.8
833.2854,2619.6
833.403687,2703.0
833.521973,2641.4
833.640259,2621.4
833.758545,2662.8
833.876831,2622.8
833.995056,2638.0
834.113281,2656.8
834.231628,2663.2
834.349915,2649.2
834.468201,2640.2
834.586426,2656.2
834.704651,2628.4
834.822998,2666.6
834.941162,2660.0
835.059448,2647.4
835.177673,2650.6
835.295959,2648.6
835.414246,2653.4
835.53241,2648.6
835.650635,2635.4
835.768921,2646.6
835.887146,2646.4
836.005371,2652.8
836.123596,2665.2
836.241821,2649.2
836.360046,2660.4
836.478271,2670.8
836.596497,2687.6
836.714722,2655.4
836.832886,2675.0
836.95105,2673.0
837.069336,2706.8
837.1875,2692.2
837.305725,2702.8
837.423889,2687.4
837.542053,2678.2
837.660339,2676.0
837.778503,2690.0
837.896667,2692.8
838.014832,2687.6
838.132996,2698.2
838.25116,2677.4
838.369385,2694.4
838.487488,2666.8
838.605713,2676.0
838.723877,2700.2
838.84198,2678.6
838.960205,2649.4
839.078308,2682.0
839.196472,2650.4
839.314636,2662.2
839.4328,2689.6
839.550964,2660.2
839.669067,2640.2
839.787231,2649.0
839.905396,2648.0
840.023499,2674.0
840.141602,2679.2
840.259766,2665.6
840.377869,2645.6
840.495972,2656.8
840.614136,2656.6
840.732239,2633.6
840.850342,2635.2
840.968445,2634.6
841.086548,2619.8
841.204651,2633.4
841.322754,2636.4
841.440918,2611.6
841.55896,2634.4
841.677002,2615.2
841.795166,2599.8
841.913208,2629.6
842.031311,2629.4
842.149353,2605.4
842.267456,2582.6
842.385498,2595.8
842.503601,2600.4
842.621643,2582.4
842.739746,2615.6
842.857788,2587.2
842.97583,2596.0
843.093933,2558.4
843.211975,2597.2
843.330017,2597.0
843.44812,2626.0
843.566101,2603.6
843.684204,2589.8
843.802246,2600.4
843.920227,2591.8
844.038269,2594.2
844.156311,2596.6
844.274292,2558.2
844.392395,2587.4
844.510376,2598.2
844.628357,2557.8
844.74646,2589.2
844.864441,2559.8
844.982422,2576.2
845.100403,2580.6
845.218384,2551.6
845.336426,2602.0
845.454468,2586.0
845.572449,2575.6
845.69043,2594.8
845.808411,2570.0
845.926453,2598.4
846.044373,2581.4
846.162354,2555.4
846.280396,2571.6
846.398315,2574.8
846.516296,2563.0
846.634216,2561.8
846.752197,2564.8
846.870178,2624.6
846.988098,2583.4
847.106079,2550.0
847.22406,2568.4
847.34198,2580.0
847.4599,2557.2
847.577881,2556.4
847.695801,2563.4
847.813782,2571.2
847.931641,2575.4
848.049561,2564.6
848.167603,2565.6
848.285461,2564.6
848.403381,2592.8
848.521362,2581.0
848.639221,2586.0
848.75708,2581.0
848.875,2577.6
848.99292,2578.8
849.110901,2600.0
849.22876,2569.6
849.34668,2566.2
849.464539,2533.0
849.582458,2574.8
849.700317,2565.6
849.818176,2539.6
849.936096,2577.6
850.053955,2564.4
850.171875,2562.0
850.289673,2573.2
850.407593,2579.4
850.525452,2571.6
850.643311,2561.0
850.761169,2567.8
850.878967,2561.2
850.996887,2585.2
851.114746,2599.4
851.232544,2578.6
851.350403,2574.2
851.468262,2591.4
851.58606,2570.4
851.703979,2615.6
851.821777,2592.4
851.939636,2587.6
852.057434,2599.4
852.175232,2610.6
852.293091,2575.0
852.410889,2578.6
852.528687,2582.8
852.646545,2601.0
852.764343,2568.2
852.88208,2588.4
852.999939,2618.6
853.117676,2597.8
853.235535,2598.6
853.353271,2603.0
853.471069,2598.4
853.588928,2597.6
853.706604,2589.8
853.824402,2611.6
853.9422,2595.4
854.059998,2604.4
854.177734,2613.8
854.295532,2601.0
854.413269,2596.0
854.531006,2588.0
854.648804,2612.4
854.766541,2598.0
854.884277,2575.2
855.002014,2623.4
855.119751,2582.6
855.237549,2612.8
855.355225,2620.8
855.473022,2633.4
855.590698,2604.0
855.708435,2622.4
855.826172,2620.4
855.943848,2632.0
856.061646,2633.6
856.179321,2601.6
856.296997,2620.2
856.414795,2622.2
856.53241,2610.0
856.650085,2635.4
856.767822,2609.8
856.885559,2643.0
857.003174,2614.4
857.120911,2650.6
857.238586,2626.6
857.356201,2637.8
857.473938,2612.6
857.591614,2639.6
857.709351,2624.0
857.826965,2583.0
857.944641,2612.2
858.062317,2635.8
858.179993,2599.2
858.297668,2641.0
858.415283,2583.4
858.532959,2622.0
858.650574,2593.0
858.768188,2620.0
858.885803,2630.2
859.003479,2609.6
859.121094,2616.4
859.23877,2616.8
859.356384,2616.0
859.473999,2600.2
859.591675,2623.4
859.709229,2587.8
859.826843,2623.0
859.944458,2581.0
860.062012,2600.2
860.179626,2602.2
860.297302,2596.8
860.414856,2615.4
860.532471,2613.4
860.650024,2640.0
860.767639,2608.6
860.885193,2595.4
861.002808,2604.4
861.120361,2598.8
861.237976,2609.6
861.35553,2607.6
861.473022,2616.0
861.590698,2602.8
861.708191,2605.0
861.825745,2597.4
861.943298,2602.8
862.060852,2597.2
862.178406,2625.4
862.295959,2620.2
862.413513,2634.0
862.531006,2602.6
862.64856,2592.6
862.766113,2612.8
862.883667,2612.6
863.00116,2639.2
863.118713,2612.0
863.236206,2607.0
863.353699,2597.6
863.471252,2629.8
863.588745,2583.4
863.706177,2637.6
863.82373,2588.4
863.941162,2609.6
864.058716,2628.2
864.176208,2612.0
864.29364,2630.0
864.411194,2635.8
864.528687,2611.0
864.646118,2641.6
864.763611,2605.8
864.881042,2611.6
864.998535,2625.2
865.116028,2630.0
865.233459,2619.6
865.350891,2593.2
865.468384,2642.0
865.585754,2628.0
865.703308,2625.4
865.820679,2656.4
865.938171,2595.2
866.055542,2599.8
866.173035,2620.0
866.290466,2632.0
866.407837,2630.0
866.52533,2630.8
866.6427,2624.8
866.760071,2618.6
866.877563,2595.4
866.994934,2653.4
867.112305,2621.6
867.229736,2608.8
867.347107,2593.0
867.464539,2628.0
867.58197,2638.8
867.699341,2637.6
867.81665,2603.2
867.934082,2630.4
868.051453,2636.4
868.168823,2623.0
868.286194,2626.4
868.403564,2634.8
868.520935,2625.6
868.638306,2601.0
868.755676,2615.6
868.872986,2632.2
868.990295,2647.2
869.107727,2654.2
869.225037,2627.4
869.342346,2628.8
869.459717,2623.2
869.577026,2660.6
869.694336,2646.4
869.811707,2622.4
869.929016,2608.6
870.046326,2626.8
870.163635,2630.8
870.280945,2640.6
870.398254,2620.0
870.515564,2632.8
870.632812,2610.4
870.750183,2621.2
870.867432,2639.2
870.984741,2619.0
871.102051,2604.6
871.219299,2641.0
871.336609,2640.4
871.453918,2630.2
871.571106,2638.4
871.688416,2636.8
871.805664,2620.0
871.922852,2645.0
872.040222,2622.4
872.157471,2642.4
872.274719,2638.8
872.391968,2638.0
872.509155,2618.6
872.626465,2659.6
872.743652,2625.2
872.860962,2627.6
872.978149,2629.2
873.095337,2620.6
873.212646,2626.6
873.329834,2641.4
873.44696,2646.6
873.564209,2617.4
873.681396,2644.0
873.798645,2616.0
873.915894,2646.2
874.03302,2642.2
874.150208,2641.8
874.267456,2624.2
874.384583,2630.6
874.501831,2645.4
874.618958,2632.6
874.736145,2643.0
874.853333,2645.0
874.970459,2626.6
875.087646,2652.0
875.204834,2645.4
875.32196,2620.0
875.439148,2625.0
875.556274,2652.4
875.673401,2663.2
875.790527,2659.4
875.907715,2647.6
876.024841,2632.4
876.141968,2651.4
876.259094,2638.8
876.376282,2652.2
876.493347,2637.0
876.610474,2630.6
876.7276,2657.8
876.844727,2671.8
876.961853,2605.6
877.078918,2666.8
877.195984,2647.8
877.313171,2632.4
877.430237,2651.0
877.547302,2660.0
877.664368,2646.6
877.781433,2644.2
877.898499,2656.4
878.015625,2653.4
878.13269,2650.4
878.249695,2668.4
878.366821,2658.8
878.483887,2663.6
878.600952,2650.0
878.717957,2665.6
878.834961,2654.8
878.952087,2694.8
879.069092,2633.4
879.186157,2668.2
879.303162,2647.2
879.420227,2691.4
879.537231,2672.2
879.654236,2664.4
879.77124,2647.0
879.888306,2656.2
880.005249,2672.2
880.122314,2631.8
880.239319,2664.6
880.356323,2679.8
880.473328,2622.6
880.590271,2645.4
880.707275,2665.4
880.824341,2668.0
880.941284,2663.8
881.058228,2666.6
881.175232,2637.8
881.292236,2629.2
881.40918,2650.0
881.526123,2648.4
881.643066,2671.4
881.760071,2674.2
881.877014,2654.2
881.993958,2687.4
882.11084,2681.0
882.227783,2659.2
882.344727,2686.8
882.46167,2664.4
882.578613,2664.6
882.695618,2674.8
882.812439,2670.2
882.929382,2669.2
883.046326,2671.6
883.163208,2676.0
883.280151,2665.6
883.397034,2674.2
883.513916,2696.2
883.630798,2672.2
883.747742,2697.2
883.864563,2668.6
883.981506,2685.6
884.098389,2690.0
884.21521,2690.4
884.332153,2701.2
884.448975,2652.0
884.565796,2689.6
884.682678,2696.0
884.7995,2690.2
884.916443,2699.6
885.033264,2677.2
885.150085,2702.4
885.266968,2694.4
885.383789,2678.8
885.500671,2700.4
885.617493,2705.8
885.734314,2723.6
885.851196,2697.6
885.967896,2705.2
886.084717,2680.4
886.201599,2723.0
886.318359,2714.4
886.435181,2696.2
886.552002,2685.4
886.668762,2717.2
886.785645,2697.0
886.902344,2700.2
887.019165,2710.4
887.135925,2683.4
887.252747,2688.2
887.369446,2702.2
887.486267,2705.6
887.603027,2732.4
887.719788,2720.4
887.836548,2692.0
887.953247,2708.6
888.070068,2717.4
888.186829,2727.6
888.303528,2728.4
888.420288,2735.6
888.536987,2712.4
888.653687,2710.6
888.770447,2716.4
888.887146,2734.2
889.003967,2701.6
889.120667,2708.2
889.237305,2708.8
889.354065,2739.8
889.470703,2740.8
889.587463,2715.2
889.704163,2737.6
889.820862,2741.2
889.937561,2742.8
890.054199,2729.8
890.170837,2726.8
890.287598,2743.0
890.404236,2728.8
890.520874,2755.4
890.637634,2719.4
890.754211,2735.4
890.87085,2744.2
890.987549,2712.2
891.104187,2737.6
891.220886,2750.8
891.337463,2757.2
891.454102,2746.6
891.57074,2734.2
891.687378,2758.6
891.804077,2749.4
891.920654,2751.0
892.037231,2761.2
892.15387,2743.4
892.270447,2755.4
892.387085,2754.2
892.503723,2759.6
892.6203,2758.6
892.736877,2767.4
892.853516,2759.6
892.970032,2779.4
893.08667,2768.4
893.203186,2747.6
893.319763,2768.0
893.43634,2781.8
893.552917,2772.8
893.669556,2762.4
893.786011,2758.6
893.902588,2768.2
894.019165,2782.0
894.135681,2767.6
894.252197,2780.0
894.368835,2818.4
894.485291,2806.2
894.601868,2791.0
894.718384,2806.6
894.8349,2795.2
894.951355,2741.0
895.067932,2783.4
895.184448,2780.6
895.300964,2784.4
895.417419,2783.0
895.533936,2785.6
895.650452,2762.0
895.766907,2755.6
895.883423,2767.8
895.999878,2763.0
896.116333,2795.4
896.232849,2770.0
896.349304,2807.8
896.465759,2780.2
896.582214,2768.8
896.698669,2783.2
896.815125,2794.2
896.931641,2760.8
897.048035,2753.4
897.164551,2770.0
897.280884,2791.2
897.397339,2791.8
897.513794,2791.0
897.630249,2783.8
897.746582,2782.2
897.863098,2787.4
897.979431,2800.8
898.095886,2825.4
898.212341,2795.2
898.328674,2799.4
898.445129,2797.0
898.561462,2782.2
898.677795,2835.8
898.794312,2822.4
898.910645,2783.0
899.026978,2802.8
899.143433,2813.0
899.259766,2795.4
899.37616,2795.0
899.492493,2786.6
899.608765,2789.6
899.725159,2823.6
899.841553,2786.2
899.957947,2799.0
900.07428,2812.0
900.190552,2816.2
900.306946,2800.4
900.423157,2808.8
900.53949,2809.0
900.655884,2806.6
900.772156,2792.8
900.888489,2826.0
901.004822,2813.6
901.121033,2821.2
901.237366,2769.2
901.353699,2845.2
901.46991,2794.6
901.586304,2810.0
901.702515,2818.8
901.818787,2820.8
901.93512,2817.6
902.051331,2810.6
902.167603,2807.4
902.283875,2857.2
902.400085,2805.2
902.516418,2812.2
902.632629,2815.6
902.74884,2811.4
902.865112,2857.4
902.981384,2806.2
903.097595,2854.0
903.213867,2840.0
903.330017,2812.2
903.446289,2829.0
903.5625,2823.6
903.67865,2825.4
903.794922,2874.0
903.911072,2816.4
904.027344,2853.0
904.143494,2859.4
904.259705,2862.8
904.375916,2841.2
904.492065,2835.0
904.608215,2845.0
904.724426,2822.0
904.840576,2839.4
904.956726,2836.2
905.072876,2832.0
905.189087,2821.6
905.305176,2837.0
905.421387,2842.4
905.537537,2855.4
905.653687,2859.6
905.769775,2837.4
905.885925,2856.2
906.002014,2871.4
906.118164,2847.8
906.234314,2856.0
906.350403,2875.0
906.466492,2899.0
906.582642,2855.0
906.69873,2878.8
906.814758,2875.8
906.930908,2872.4
907.046936,2849.2
907.163086,2874.0
907.279175,2853.4
907.395264,2866.0
907.511353,2853.4
907.62738,2851.2
907.743408,2862.6
907.859497,2899.4
907.975525,2892.2
908.091553,2860.6
908.207703,2873.8
908.32373,2861.8
908.439758,2901.6
908.555786,2861.4
908.671814,2865.0
908.787842,2888.6
908.90387,2862.4
909.019775,2867.4
909.135864,2873.8
909.251892,2879.8
909.367859,2905.6
909.483826,2873.8
909.599854,2868.2
909.715881,2878.4
909.831848,2891.6
909.947815,2858.0
910.063782,2894.8
910.179749,2866.4
910.295776,2892.6
910.411743,2902.2
910.527649,2877.2
910.643616,2892.4
910.759583,2865.4
910.875488,2886.4
910.991455,2896.8
911.107361,2889.4
911.223267,2874.6
911.339294,2927.8
911.4552,2900.0
911.571106,2875.0
911.687073,2895.2
911.802979,2862.4
911.918823,2884.2
912.034729,2862.0
912.150635,2894.6
912.266602,2881.6
912.382446,2888.6
912.498352,2881.6
912.614197,2879.4
912.730103,2891.0
912.846008,2872.0
792.44574,3516.0
792.56488,3503.6
792.68396,3526.2
792.80304,3500.8
792.92218,3425.4
793.041199,3454.4
793.160339,3451.4
793.279419,3471.4
793.398499,3422.4
793.517578,3374.0
793.636658,3400.6
793.755737,3387.0
793.874817,3411.6
793.993896,3362.8
794.112976,3378.2
794.232056,3367.0
794.351074,3351.2
794.470215,3346.4
794.589233,3313.8
794.708313,3320.4
794.827393,3291.2
794.946411,3321.8
795.065552,3302.0
795.18457,3282.6
795.303589,3319.4
795.422668,3305.0
795.541687,3298.4
795.660767,3330.8
795.779846,3279.0
795.898865,3287.8
796.017883,3272.8
796.136963,3276.6
796.255981,3263.4
796.375061,3239.4
796.49408,3236.2
796.613037,3277.6
796.732117,3253.2
796.851135,3284.8
796.970154,3220.0
797.089233,3254.8
797.208191,3205.0
797.327271,3250.2
797.446228,3216.4
797.565186,3229.2
797.684265,3243.4
797.803223,3234.0
797.922241,3238.8
798.04126,3237.8
798.160278,3194.4
798.279297,3221.0
798.398315,3224.6
798.517273,3226.8
798.636292,3176.6
798.75531,3218.2
798.874268,3199.8
798.993286,3225.2
799.112244,3171.0
799.231323,3181.2
799.350281,3185.6
799.469238,3208.2
799.588257,3197.6
799.707153,3230.2
799.826111,3223.6
799.945129,3210.4
800.064087,3209.6
800.183044,3186.6
800.302063,3172.4
800.421021,3243.4
800.539978,3180.8
800.658936,3182.4
800.777893,3212.8
800.896912,3187.6
801.015747,3191.6
801.134705,3155.2
801.253723,3192.6
801.37262,3199.0
801.491638,3191.0
801.610535,3219.4
801.729492,3180.4
801.84845,3203.6
801.967407,3238.6
802.086243,3192.6
802.205261,3229.6
802.324158,3193.2
802.443115,3200.6
802.562073,3198.6
802.680969,3215.0
802.799927,3207.8
802.918762,3192.0
803.037659,3189.4
803.156677,3206.8
803.275574,3175.4
803.39447,3200.0
803.513428,3222.6
803.632263,3229.6
803.751221,3186.6
803.870117,3209.4
803.989014,3199.0
804.107971,3208.8
804.226746,3224.6
804.345642,3201.4
804.4646,3218.6
804.583496,3250.4
804.702393,3201.6
804.821228,3200.8
804.940125,3210.0
805.059021,3222.4
805.177917,3221.6
805.296814,3252.0
805.415649,3222.0
805.534546,3222.2
805.653442,3217.0
805.772278,3261.8
805.891113,3227.0
806.01001,3239.4
806.128906,3214.2
806.247742,3225.4
806.366577,3189.6
806.485413,3224.8
806.604309,3202.8
806.723145,3238.4
806.84198,3246.2
806.960876,3208.2
807.079712,3199.8
807.198486,3221.4
807.317383,3218.4
807.436218,3193.2
807.554993,3196.6
807.673889,3231.0
807.792725,3177.4
807.91156,3220.6
808.030396,3218.6
808.14917,3206.4
808.268005,3207.0
808.386841,3214.2
808.505676,3205.8
808.624451,3232.6
808.743286,3224.8
808.862122,3202.6
808.980896,3193.8
809.099731,3216.8
809.218506,3195.8
809.337341,3207.4
809.456116,3229.4
809.57489,3216.6
809.693726,3260.0
809.8125,3216.2
809.931274,3203.0
810.050049,3237.8
810.168884,3204.2
810.287659,3217.4
810.406372,3217.4
810.525269,3232.8
810.643982,3204.6
810.762756,3202.8
810.881531,3207.0
811.000305,3205.4
811.11908,3197.2
811.237854,3213.2
811.356567,3171.8
811.475403,3206.8
811.594116,3185.6
811.71283,3226.8
811.831604,3209.8
811.950378,3192.6
812.069153,3191.8
812.187927,3218.6
812.30658,3202.4
812.425415,3195.4
812.544128,3188.4
812.662781,3177.2
812.781616,3186.6
812.900269,3182.0
813.019043,3184.0
813.137756,3152.6
813.256531,3171.2
813.375244,3182.8
813.493896,3180.6
813.612671,3210.8
813.731384,3199.2
813.850037,3184.4
813.96875,3167.4
814.087524,3164.2
814.206238,3148.0
814.324951,3155.4
814.443604,3145.2
814.562256,3183.8
814.68103,3170.6
814.799683,3158.6
814.918335,3144.0
815.037109,3153.6
815.155762,3131.4
815.274475,3142.2
815.393188,3102.6
815.511841,3122.4
815.630554,3120.2
815.749146,3131.6
815.867859,3111.8
815.986572,3093.6
816.105164,3111.6
816.223877,3108.6
816.342529,3098.6
816.461182,3149.2
816.579895,3107.4
816.698486,3147.2
816.817139,3148.0
816.935791,3117.8
817.054504,3096.6
817.173096,3088.6
817.291748,3077.2
817.4104,3095.8
817.529053,3076.4
817.647644,3059.8
817.766235,3018.0
817.884949,3021.2
818.00354,2984.6
818.122192,3001.4
818.240845,2962.6
818.359436,2947.4
818.478088,2966.8
818.59668,2942.2
818.715271,2935.2
818.833923,2930.2
818.952515,2889.0
819.071106,2892.8
819.189758,2919.2
819.30835,2900.2
819.426941,2856.8
819.545532,2895.0
819.664124,2874.2
819.782715,2912.0
819.901306,2887.8
820.019897,2862.0
820.138489,2866.0
820.25708,2890.6
820.375671,2848.4
820.494202,2833.4
820.612732,2868.0
820.731384,2844.6
820.849915,2825.6
820.968506,2839.4
821.087097,2809.4
821.205627,2844.0
821.324158,2835.0
821.442749,2821.2
821.561279,2835.4
821.679871,2819.4
821.798401,2823.2
821.916931,2820.0
822.035461,2824.6
822.154053,2822.0
822.272583,2792.4
822.391174,2791.8
822.509583,2787.4
822.628174,2815.0
822.746704,2814.8
822.865234,2797.8
822.983765,2808.8
823.102295,2819.0
823.220825,2778.4
823.339294,2797.6
823.457825,2803.0
823.576355,2789.8
823.694824,2778.4
823.813354,2796.6
823.931885,2813.8
824.050354,2796.4
824.168884,2809.4
824.287354,2830.4
824.405823,2770.6
824.524353,2819.6
824.642822,2789.2
824.761353,2826.0
824.879822,2796.2
824.998291,2793.4
825.116699,2776.4
825.235291,2777.8
825.353699,2778.2
825.472168,2742.8
825.590637,2782.6
825.709106,2765.8
825.827576,2762.0
825.946045,2727.0
826.064453,2728.0
826.182983,2711.4
826.301392,2765.4
826.4198,2766.0
826.53833,2759.6
826.656738,2749.8
826.775208,2759.8
826.893677,2728.4
827.012024,2773.0
827.130493,2729.2
827.248962,2734.4
827.36731,2719.4
827.485779,2743.8
827.604248,2724.0
827.722595,2723.8
827.841064,2714.4
827.959412,2737.0
828.077942,2723.8
828.196289,2713.2
828.314636,2706.4
828.433105,2707.8
828.551514,2717.2
828.669861,2700.8
828.78833,2691.8
828.906677,2702.4
829.025085,2713.8
829.143433,2742.2
829.261841,2703.4
829.38031,2692.2
829.498657,2701.6
829.617004,2708.6
829.735413,2662.8
829.85376,2682.0
829.972107,2680.0
830.090515,2702.8
830.208862,2681.2
830.327209,2689.6
830.445557,2680.8
830.563904,2685.0
830.682312,2707.2
830.800659,2676.8
830.919006,2710.0
831.037354,2695.8
831.155701,2709.2
831.274048,2673.6
831.392395,2697.8
831.51062,2672.4
831.629028,2684.6
831.747314,2668.8
831.865662,2684.2
831.984009,2681.0
832.102356,2706.4
832.220642,2665.0
832.338928,2689.2
832.457275,2671.8
832.575623,2691.2
832.693909,2674.2
832.812134,2699.8
832.930481,2676.6
833.048828,2660.4
833.167114,2693.8
833.2854,2691.2
833.403687,2689.4
833.521973,2666.4
833.640259,2666.4
833.758545,2654.2
833.876831,2662.4
833.995056,2688.2
834.113281,2659.4
834.231628,2672.0
834.349915,2649.4
834.468201,2676.8
834.586426,2665.8
834.704651,2693.4
834.822998,2664.8
834.941162,2708.6
835.059448,2675.4
835.177673,2680.8
835.295959,2668.4
835.414246,2694.4
835.53241,2664.8
835.650635,2658.0
835.768921,2667.6
835.887146,2680.2
836.005371,2699.8
836.123596,2699.4
836.241821,2661.2
836.360046,2701.0
836.478271,2679.8
836.596497,2693.4
836.714722,2672.0
836.832886,2667.8
836.95105,2690.0
837.069336,2726.8
837.1875,2701.4
837.305725,2683.0
837.423889,2689.6
837.542053,2711.8
837.660339,2716.2
837.778503,2697.8
837.896667,2691.0
838.014832,2689.4
838.132996,2692.4
838.25116,2702.2
838.369385,2689.2
838.487488,2697.0
838.605713,2681.4
838.723877,2683.2
838.84198,2672.8
838.960205,2693.4
839.078308,2689.0
839.196472,2652.0
839.314636,2649.6
839.4328,2702.0
839.550964,2672.6
839.669067,2660.8
839.787231,2684.4
839.905396,2679.8
840.023499,2677.8
840.141602,2667.0
840.259766,2665.0
840.377869,2661.4
840.495972,2695.8
840.614136,2675.4
840.732239,2669.4
840.850342,2640.4
840.968445,2639.6
841.086548,2660.8
841.204651,2656.2
841.322754,2698.6
841.440918,2655.6
841.55896,2665.8
841.677002,2622.2
841.795166,2630.4
841.913208,2620.2
842.031311,2658.6
842.149353,2643.2
842.267456,2635.4
842.385498,2611.4
842.503601,2618.2
842.621643,2618.4
842.739746,2623.2
842.857788,2649.6
842.97583,2609.6
843.093933,2622.0
843.211975,2608.8
843.330017,2656.4
843.44812,2645.4
843.566101,2631.4
843.684204,2635.8
843.802246,2633.8
843.920227,2645.6
844.038269,2640.2
844.156311,2660.4
844.274292,2607.4
844.392395,2628.8
844.510376,2620.0
844.628357,2607.0
844.74646,2614.4
844.864441,2587.4
844.982422,2623.8
845.100403,2610.4
845.218384,2646.4
845.336426,2602.2
845.454468,2626.6
845.572449,2627.6
845.69043,2619.6
845.808411,2614.8
845.926453,2608.0
846.044373,2599.0
846.162354,2588.4
846.280396,2601.8
846.398315,2614.2
846.516296,2628.0
846.634216,2599.4
846.752197,2639.4
846.870178,2617.2
846.988098,2597.8
847.106079,2638.6
847.22406,2600.6
847.34198,2624.0
847.4599,2622.8
847.577881,2622.4
847.695801,2613.4
847.813782,2630.4
847.931641,2635.6
848.049561,2611.0
848.167603,2608.6
848.285461,2608.2
848.403381,2646.6
848.521362,2635.4
848.639221,2624.0
848.75708,2625.2
848.875,2633.2
848.99292,2640.4
849.110901,2635.4
849.22876,2592.0
849.34668,2626.4
849.464539,2641.6
849.582458,2589.4
849.700317,2602.4
849.818176,2597.2
849.936096,2611.8
850.053955,2628.4
850.171875,2620.0
850.289673,2596.2
850.407593,2617.4
850.525452,2644.6
850.643311,2628.8
850.761169,2621.8
850.878967,2609.4
850.996887,2633.8
851.114746,2603.6
851.232544,2636.8
851.350403,2596.8
851.468262,2647.6
851.58606,2617.8
851.703979,2655.2
851.821777,2633.6
851.939636,2641.2
852.057434,2635.6
852.175232,2642.6
852.293091,2634.2
852.410889,2650.0
852.528687,2623.6
852.646545,2635.4
852.764343,2609.8
852.88208,2673.0
852.999939,2619.8
853.117676,2643.0
853.235535,2627.0
853.353271,2652.6
853.471069,2624.8
853.588928,2635.8
853.706604,2608.0
853.824402,2646.8
853.9422,2614.8
854.059998,2640.6
854.177734,2674.4
854.295532,2631.6
854.413269,2646.6
854.531006,2617.4
854.648804,2644.8
854.766541,2643.6
854.884277,2643.8
855.002014,2652.0
855.119751,2648.4
855.237549,2647.2
855.355225,2655.6
855.473022,2660.2
855.590698,2663.0
855.708435,2637.4
855.826172,2638.4
855.943848,2684.0
856.061646,2664.0
856.179321,2636.2
856.296997,2616.8
856.414795,2660.8
856.53241,2683.4
856.650085,2676.4
856.767822,2638.0
856.885559,2649.0
857.003174,2649.0
857.120911,2640.4
857.238586,2650.0
857.356201,2661.4
857.473938,2639.4
857.591614,2648.8
857.709351,2642.0
857.826965,2628.0
857.944641,2651.8
858.062317,2662.2
858.179993,2638.8
858.297668,2648.8
858.415283,2651.2
858.532959,2652.0
858.650574,2643.2
858.768188,2666.0
858.885803,2658.2
859.003479,2647.0
859.121094,2634.4
859.23877,2650.0
859.356384,2652.6
859.473999,2627.0
859.591675,2623.2
859.709229,2647.2
859.826843,2613.8
859.944458,2611.4
860.062012,2622.6
860.179626,2629.6
860.297302,2630.8
860.414856,2623.8
860.532471,2633.0
860.650024,2660.8
860.767639,2644.2
860.885193,2637.4
861.002808,2645.4
861.120361,2653.0
861.237976,2603.2
861.35553,2628.2
861.473022,2674.2
861.590698,2641.6
861.708191,2677.2
861.825745,2650.4
861.943298,2655.6
862.060852,2646.2
862.178406,2651.4
862.295959,2643.0
862.413513,2634.4
862.531006,2640.8
862.64856,2637.8
862.766113,2627.2
862.883667,2663.8
863.00116,2647.8
863.118713,2672.4
863.236206,2637.4
863.353699,2641.8
863.471252,2644.4
863.588745,2613.8
863.706177,2638.2
863.82373,2639.8
863.941162,2647.4
864.058716,2645.0
864.176208,2653.2
864.29364,2639.6
864.411194,2642.6
864.528687,2630.8
864.646118,2656.4
864.763611,2650.4
864.881042,2605.6
864.998535,2669.0
865.116028,2647.2
865.233459,2649.6
865.350891,2649.6
865.468384,2650.6
865.585754,2671.4
865.703308,2634.6
865.820679,2660.0
865.938171,2646.4
866.055542,2651.0
866.173035,2655.4
866.290466,2641.2
866.407837,2664.0
866.52533,2647.8
866.6427,2657.2
866.760071,2651.0
866.877563,2662.8
866.994934,2663.0
867.112305,2642.8
867.229736,2645.6
867.347107,2651.6
867.464539,2633.2
867.58197,2654.4
867.699341,2671.8
867.81665,2672.0
867.934082,2637.8
868.051453,2623.2
868.168823,2661.6
868.286194,2674.2
868.403564,2674.4
868.520935,2663.0
868.638306,2658.8
868.755676,2670.0
868.872986,2655.0
868.990295,2642.8
869.107727,2684.4
869.225037,2674.6
869.342346,2658.0
869.459717,2676.2
869.577026,2659.2
869.694336,2669.4
869.811707,2650.2
869.929016,2669.8
870.046326,2671.4
870.163635,2656.4
870.280945,2663.4
870.398254,2664.6
870.515564,2665.4
870.632812,2669.0
870.750183,2664.4
870.867432,2671.6
870.984741,2636.8
871.102051,2686.0
871.219299,2671.0
871.336609,2665.4
871.453918,2663.8
871.571106,2655.2
871.688416,2646.2
871.805664,2656.4
871.922852,2642.4
872.040222,2684.6
872.157471,2691.4
872.274719,2640.2
872.391968,2686.8
872.509155,2650.6
872.626465,2684.8
872.743652,2689.4
872.860962,2683.6
872.978149,2653.6
873.095337,2674.2
873.212646,2666.8
873.329834,2643.6
873.44696,2665.6
873.564209,2667.4
873.681396,2665.6
873.798645,2641.2
873.915894,2665.6
874.03302,2670.8
874.150208,2673.8
874.267456,2667.2
874.384583,2638.8
874.501831,2660.6
874.618958,2679.0
874.736145,2681.8
874.853333,2675.8
874.970459,2694.2
875.087646,2691.8
875.204834,2674.8
875.32196,2680.4
875.439148,2643.2
875.556274,2677.6
875.673401,2680.2
875.790527,2657.6
875.907715,2692.6
876.024841,2673.6
876.141968,2687.2
876.259094,2698.2
876.376282,2698.8
876.493347,2692.0
876.610474,2676.2
876.7276,2687.8
876.844727,2691.8
876.961853,2680.2
877.078918,2671.6
877.195984,2689.0
877.313171,2700.0
877.430237,2679.8
877.547302,2691.0
877.664368,2700.0
877.781433,2697.6
877.898499,2686.8
878.015625,2694.6
878.13269,2686.6
878.249695,2696.2
878.366821,2665.2
878.483887,2688.4
878.600952,2687.0
878.717957,2674.0
878.834961,2689.0
878.952087,2722.8
879.069092,2679.4
879.186157,2675.2
879.303162,2699.0
879.420227,2683.6
879.537231,2699.2
879.654236,2696.6
879.77124,2655.0
879.888306,2662.8
880.005249,2672.6
880.122314,2687.0
880.239319,2698.4
880.356323,2702.8
880.473328,2686.8
880.590271,2689.4
880.707275,2681.8
880.824341,2717.6
880.941284,2676.0
881.058228,2702.0
881.175232,2715.4
881.292236,2686.8
881.40918,2685.0
881.526123,2703.0
881.643066,2681.6
881.760071,2676.8
881.877014,2738.6
881.993958,2700.2
882.11084,2691.0
882.227783,2696.4
882.344727,2711.6
882.46167,2717.2
882.578613,2673.6
882.695618,2704.6
882.812439,2699.6
882.929382,2693.8
883.046326,2721.6
883.163208,2711.0
883.280151,2691.8
883.397034,2711.8
883.513916,2713.8
883.630798,2692.6
883.747742,2718.0
883.864563,2677.0
883.981506,2710.4
884.098389,2706.2
884.21521,2691.0
884.332153,2713.8
884.448975,2686.6
884.565796,2694.8
884.682678,2686.4
884.7995,2707.8
884.916443,2711.8
885.033264,2716.0
885.150085,2709.0
885.266968,2741.2
885.383789,2702.4
885.500671,2724.0
885.617493,2707.0
885.734314,2746.8
885.851196,2747.2
885.967896,2734.2
886.084717,2748.0
886.201599,2731.8
886.318359,2723.0
886.435181,2745.6
886.552002,2734.0
886.668762,2733.2
886.785645,2724.6
886.902344,2749.2
887.019165,2731.2
887.135925,2729.0
887.252747,2751.2
887.369446,2725.0
887.486267,2727.6
887.603027,2737.2
887.719788,2722.0
887.836548,2729.6
887.953247,2732.2
888.070068,2745.0
888.186829,2764.0
888.303528,2734.8
888.420288,2737.6
888.536987,2715.2
888.653687,2754.4
888.770447,2715.0
888.887146,2737.0
889.003967,2788.0
889.120667,2774.2
889.237305,2727.2
889.354065,2751.8
889.470703,2716.2
889.587463,2739.2
889.704163,2776.2
889.820862,2716.0
889.937561,2773.6
890.054199,2737.0
890.170837,2728.4
890.287598,2745.2
890.404236,2756.6
890.520874,2747.6
890.637634,2750.0
890.754211,2757.2
890.87085,2748.8
890.987549,2783.8
891.104187,2760.0
891.220886,2782.2
891.337463,2757.8
891.454102,2738.4
891.57074,2792.0
891.687378,2770.2
891.804077,2805.8
891.920654,2769.4
892.037231,2765.0
892.15387,2754.4
892.270447,2750.4
892.387085,2781.2
892.503723,2771.6
892.6203,2746.4
892.736877,2764.4
892.853516,2771.8
892.970032,2774.0
893.08667,2785.0
893.203186,2775.2
893.319763,2745.2
893.43634,2741.0
893.552917,2759.2
893.669556,2801.8
893.786011,2779.4
893.902588,2782.2
894.019165,2797.8
894.135681,2789.2
894.252197,2817.4
894.368835,2804.2
894.485291,2799.6
894.601868,2789.2
894.718384,2791.4
894.8349,2772.8
894.951355,2785.0
895.067932,2784.4
895.184448,2793.0
895.300964,2805.4
895.417419,2791.4
895.533936,2791.4
895.650452,2800.6
895.766907,2818.2
895.883423,2812.8
895.999878,2805.0
896.116333,2821.6
896.232849,2833.0
896.349304,2804.2
896.465759,2822.8
896.582214,2815.6
896.698669,2785.4
896.815125,2813.6
896.931641,2792.8
897.048035,2829.6
897.164551,2830.2
897.280884,2823.2
897.397339,2786.6
897.513794,2814.6
897.630249,2816.6
897.746582,2793.6
897.863098,2820.8
897.979431,2837.0
898.095886,2831.4
898.212341,2797.2
898.328674,2807.2
898.445129,2830.2
898.561462,2826.2
898.677795,2830.2
898.794312,2823.8
898.910645,2798.0
899.026978,2796.2
899.143433,2834.2
899.259766,2806.2
899.37616,2818.4
899.492493,2833.6
899.608765,2835.4
899.725159,2808.2
899.841553,2851.6
899.957947,2816.0
900.07428,2804.8
900.190552,2837.6
900.306946,2820.8
900.423157,2828.8
900.53949,2806.2
900.655884,2826.8
900.772156,2836.8
900.888489,2856.8
901.004822,2826.2
901.121033,2811.8
901.237366,2823.2
901.353699,2851.0
901.46991,2841.4
901.586304,2794.6
901.702515,2819.6
901.818787,2816.4
901.93512,2852.6
902.051331,2864.0
902.167603,2829.0
902.283875,2846.4
902.400085,2824.6
902.516418,2826.0
902.632629,2838.8
902.74884,2835.8
902.865112,2875.0
902.981384,2802.8
903.097595,2877.0
903.213867,2869.4
903.330017,2832.0
903.446289,2845.8
903.5625,2851.2
903.67865,2842.8
903.794922,2863.4
903.911072,2831.0
904.027344,2854.4
904.143494,2871.0
904.259705,2864.8
904.375916,2848.0
904.492065,2835.0
904.608215,2843.2
904.724426,2851.4
904.840576,2839.6
904.956726,2825.8
905.072876,2847.6
905.189087,2854.6
905.305176,2860.0
905.421387,2882.8
905.537537,2870.6
905.653687,2858.8
905.769775,2868.0
905.885925,2869.8
906.002014,2860.8
906.118164,2851.8
906.234314,2861.6
906.350403,2879.4
906.466492,2877.0
906.582642,2863.0
906.69873,2864.0
906.814758,2858.6
906.930908,2867.6
907.046936,2870.0
907.163086,2879.0
907.279175,2849.6
907.395264,2855.2
907.511353,2902.6
907.62738,2872.4
907.743408,2860.6
907.859497,2900.4
907.975525,2858.4
908.091553,2889.4
908.207703,2877.6
908.32373,2847.2
908.439758,2874.6
908.555786,2918.6
908.671814,2840.6
908.787842,2854.2
908.90387,2886.4
909.019775,2853.6
909.135864,2845.0
909.251892,2894.0
909.367859,2886.6
909.483826,2902.0
909.599854,2882.4
909.715881,2875.0
909.831848,2887.4
909.947815,2911.4
910.063782,2882.6
910.179749,2893.0
910.295776,2884.2
910.411743,2890.6
910.527649,2901.8
910.643616,2886.4
910.759583,2876.2
910.875488,2863.8
910.991455,2878.2
911.107361,2888.8
911.223267,2900.2
911.339294,2893.2
911.4552,2889.4
911.571106,2891.8
911.687073,2914.0
911.802979,2871.0
911.918823,2882.4
912.034729,2891.2
912.150635,2893.0
912.266602,2873.6
912.382446,2872.2
912.498352,2885.6
912.614197,2875.6
912.730103,2892.6
912.846008,2872.2
792.44574,3536.8
792.56488,3480.4
792.68396,3512.8
792.80304,3524.4
792.92218,3446.4
793.041199,3428.8
793.160339,3436.8
793.279419,3445.2
793.398499,3426.2
793.517578,3388.0
793.636658,3387.8
793.755737,3447.2
793.874817,3389.4
793.993896,3359.6
794.112976,3393.0
794.232056,3355.2
794.351074,3359.2
794.470215,3317.2
794.589233,3323.6
794.708313,3309.4
794.827393,3309.6
794.946411,3309.0
795.065552,3311.2
795.18457,3293.4
795.303589,3323.4
795.422668,3270.6
795.541687,3265.6
795.660767,3307.4
795.779846,3281.4
795.898865,3239.4
796.017883,3247.2
796.136963,3265.8
796.255981,3225.0
796.375061,3237.4
796.49408,3252.4
796.613037,3253.6
796.732117,3240.6
796.851135,3262.4
796.970154,3228.4
797.089233,3206.6
797.208191,3230.4
797.327271,3230.8
797.446228,3183.2
797.565186,3234.6
797.684265,3246.2
797.803223,3207.2
797.922241,3211.6
798.04126,3210.0
798.160278,3195.6
798.279297,3213.6
798.398315,3220.2
798.517273,3210.2
798.636292,3161.8
798.75531,3203.4
798.874268,3212.2
798.993286,3203.2
799.112244,3166.8
799.231323,3183.4
799.350281,3192.2
799.469238,3207.4
799.588257,3191.0
799.707153,3193.6
799.826111,3186.8
799.945129,3174.0
800.064087,3223.2
800.183044,3166.2
800.302063,3190.8
800.421021,3194.4
800.539978,3181.0
800.658936,3183.4
800.777893,3186.4
800.896912,3175.2
801.015747,3188.8
801.134705,3185.6
801.253723,3163.2
801.37262,3182.0
801.491638,3195.8
801.610535,3178.6
801.729492,3157.0
801.84845,3166.2
801.967407,3182.6
802.086243,3203.0
802.205261,3186.0
802.324158,3208.0
802.443115,3200.6
802.562073,3193.4
802.680969,3211.2
802.799927,3178.6
802.918762,3165.6
803.037659,3183.0
803.156677,3211.6
803.275574,3186.0
803.39447,3201.6
803.513428,3176.6
803.632263,3200.4
803.751221,3196.4
803.870117,3200.2
803.989014,3185.2
804.107971,3194.0
804.226746,3186.0
804.345642,3184.2
804.4646,3197.0
804.583496,3199.4
804.702393,3156.4
804.821228,3198.4
804.940125,3168.2
805.059021,3202.8
805.177917,3203.4
805.296814,3201.6
805.415649,3168.2
805.534546,3202.4
805.653442,3192.4
805.772278,3213.8
805.891113,3214.6
806.01001,3242.4
806.128906,3185.0
806.247742,3209.2
806.366577,3199.4
806.485413,3207.8
806.604309,3190.8
806.723145,3160.0
806.84198,3228.4
806.960876,3189.8
807.079712,3186.2
807.198486,3223.2
807.317383,3200.2
807.436218,3174.4
807.554993,3193.6
807.673889,3206.8
807.792725,3187.0
807.91156,3169.8
808.030396,3201.4
808.14917,3183.6
808.268005,3185.4
808.386841,3199.8
808.505676,3177.4
808.624451,3213.8
808.743286,3182.2
808.862122,3167.4
808.980896,3203.0
809.099731,3174.8
809.218506,3186.8
809.337341,3213.6
809.456116,3201.8
809.57489,3189.2
809.693726,3211.2
809.8125,3199.6
809.931274,3219.4
810.050049,3182.0
810.168884,3205.4
810.287659,3181.2
810.406372,3194.4
810.525269,3199.8
810.643982,3165.2
810.762756,3159.6
810.881531,3181.8
811.000305,3200.6
811.11908,3169.0
811.237854,3166.8
811.356567,3156.6
811.475403,3180.6
811.594116,3167.2
811.71283,3183.4
811.831604,3183.8
811.950378,3184.8
812.069153,3201.6
812.187927,3209.0
812.30658,3179.0
812.425415,3168.6
812.544128,3183.8
812.662781,3153.6
812.781616,3171.4
812.900269,3167.6
813.019043,3157.8
813.137756,3180.0
813.256531,3154.8
813.375244,3185.4
813.493896,3150.2
813.612671,3189.8
813.731384,3127.0
813.850037,3155.4
813.96875,3134.4
814.087524,3154.8
814.206238,3148.0
814.324951,3136.0
814.443604,3122.8
814.562256,3139.2
814.68103,3146.8
814.799683,3135.6
814.918335,3129.8
815.037109,3087.6
815.155762,3123.4
815.274475,3142.2
815.393188,3117.0
815.511841,3101.4
815.630554,3103.6
815.749146,3102.6
815.867859,3086.8
815.986572,3108.4
816.105164,3089.2
816.223877,3100.8
816.342529,3061.0
816.461182,3087.4
816.579895,3117.6
816.698486,3118.4
816.817139,3050.0
816.935791,3105.8
817.054504,3107.6
817.173096,3058.2
817.291748,3051.6
817.4104,3084.8
817.529053,3032.2
817.647644,3027.8
817.766235,2981.4
817.884949,3002.4
818.00354,2989.0
818.122192,3002.4
818.240845,2946.4
818.359436,2930.6
818.478088,2981.2
818.59668,2918.0
818.715271,2946.2
818.833923,2894.0
818.952515,2907.0
819.071106,2930.0
819.189758,2881.8
819.30835,2900.4
819.426941,2872.8
819.545532,2864.4
819.664124,2880.6
819.782715,2862.4
819.901306,2913.4
820.019897,2849.2
820.138489,2881.2
820.25708,2909.2
820.375671,2859.2
820.494202,2850.4
820.612732,2849.6
820.731384,2882.8
820.849915,2857.0
820.968506,2872.8
821.087097,2860.6
821.205627,2838.4
821.324158,2827.8
821.442749,2836.8
821.561279,2859.4
821.679871,2826.6
821.798401,2820.6
821.916931,2825.2
822.035461,2830.2
822.154053,2837.0
822.272583,2794.2
822.391174,2822.2
822.509583,2802.8
822.628174,2805.6
822.746704,2817.6
822.865234,2808.4
822.983765,2797.4
823.102295,2790.0
823.220825,2787.6
823.339294,2789.8
823.457825,2819.0
823.576355,2813.4
823.694824,2805.4
823.813354,2835.8
823.931885,2812.6
824.050354,2819.8
824.168884,2818.2
824.287354,2799.4
824.405823,2799.6
824.524353,2835.2
824.642822,2823.8
824.761353,2795.0
824.879822,2791.2
824.998291,2779.6
825.116699,2763.0
825.235291,2834.4
825.353699,2795.6
825.472168,2780.4
825.590637,2781.8
825.709106,2790.0
825.827576,2786.8
825.946045,2767.0
826.064453,2775.0
826.182983,2773.8
826.301392,2775.2
826.4198,2777.8
826.53833,2746.4
826.656738,2746.0
826.775208,2763.2
826.893677,2765.4
827.012024,2718.0
827.130493,2749.6
827.248962,2728.4
827.36731,2756.4
827.485779,2769.0
827.604248,2750.2
827.722595,2748.0
827.841064,2702.2
827.959412,2745.8
828.077942,2725.8
828.196289,2732.2
828.314636,2719.4
828.433105,2736.8
828.551514,2739.2
828.669861,2735.4
828.78833,2727.2
828.906677,2716.6
829.025085,2701.4
829.143433,2745.4
829.261841,2692.8
829.38031,2707.6
829.498657,2719.8
829.617004,2705.0
829.735413,2722.4
829.85376,2698.8
829.972107,2714.4
830.090515,2716.4
830.208862,2733.2
830.327209,2709.8
830.445557,2717.2
830.563904,2711.0
830.682312,2711.0
830.800659,2685.2
830.919006,2710.0
831.037354,2722.6
831.155701,2707.2
831.274048,2684.4
831.392395,2701.6
831.51062,2708.4
831.629028,2692.4
831.747314,2720.6
831.865662,2701.4
831.984009,2674.0
832.102356,2709.8
832.220642,2677.6
832.338928,2704.8
832.457275,2687.8
832.575623,2675.6
832.693909,2684.2
832.812134,2686.8
832.930481,2697.6
833.048828,2695.4
833.167114,2704.8
833.2854,2677.8
833.403687,2693.0
833.521973,2708.2
833.640259,2675.0
833.758545,2658.0
833.876831,2687.6
833.995056,2692.6
834.113281,2693.4
834.231628,2693.6
834.349915,2676.4
834.468201,2703.8
834.586426,2696.2
834.704651,2702.0
834.822998,2680.0
834.941162,2704.8
835.059448,2686.2
835.177673,2715.2
835.295959,2673.6
835.414246,2676.4
835.53241,2673.8
835.650635,2676.8
835.768921,2680.6
835.887146,2706.0
836.005371,2700.4
836.123596,2680.8
836.241821,2704.8
836.360046,2708.6
836.478271,2671.8
836.596497,2707.6
836.714722,2697.2
836.832886,2699.2
836.95105,2686.0
837.069336,2716.0
837.1875,2725.2
837.305725,2704.2
837.423889,2728.2
837.542053,2700.0
837.660339,2691.0
837.778503,2718.8
837.896667,2672.0
838.014832,2705.4
838.132996,2688.2
838.25116,2707.4
838.369385,2699.2
838.487488,2700.6
838.605713,2693.2
838.723877,2691.4
838.84198,2695.4
838.960205,2709.4
839.078308,2689.2
839.196472,2660.6
839.314636,2690.0
839.4328,2722.6
839.550964,2689.6
839.669067,2673.6
839.787231,2690.4
839.905396,2691.2
840.023499,2739.0
840.141602,2691.8
840.259766,2687.4
840.377869,2664.4
840.495972,2668.4
840.614136,2673.0
840.732239,2680.2
840.850342,2661.2
840.968445,2661.4
841.086548,2675.6
841.204651,2673.0
841.322754,2662.8
841.440918,2663.8
841.55896,2677.4
841.677002,2608.0
841.795166,2638.0
841.913208,2628.2
842.031311,2667.0
842.149353,2668.2
842.267456,2642.8
842.385498,2662.8
842.503601,2664.0
842.621643,2643.2
842.739746,2673.2
842.857788,2660.6
842.97583,2628.2
843.093933,2629.8
843.211975,2676.0
843.330017,2660.2
843.44812,2643.4
843.566101,2662.0
843.684204,2630.6
843.802246,2626.6
843.920227,2674.0
844.038269,2652.6
844.156311,2690.0
844.274292,2668.0
844.392395,2648.8
844.510376,2655.2
844.628357,2608.4
844.74646,2631.2
844.864441,2621.6
844.982422,2629.8
845.100403,2637.0
845.218384,2612.6
845.336426,2620.8
845.454468,2654.8
845.572449,2649.0
845.69043,2613.0
845.808411,2592.2
845.926453,2648.4
846.044373,2652.6
846.162354,2614.4
846.280396,2631.0
846.398315,2623.6
846.516296,2628.0
846.634216,2631.4
846.752197,2608.6
846.870178,2650.2
846.988098,2611.6
847.106079,2613.2
847.22406,2596.4
847.34198,2638.8
847.4599,2651.6
847.577881,2626.6
847.695801,2634.0
847.813782,2621.4
847.931641,2632.6
848.049561,2631.6
848.167603,2659.4
848.285461,2638.6
848.403381,2661.0
848.521362,2640.6
848.639221,2630.2
848.75708,2637.8
848.875,2641.4
848.99292,2637.0
849.110901,2630.0
849.22876,2628.4
849.34668,2639.4
849.464539,2634.6
849.582458,2620.0
849.700317,2616.4
849.818176,2593.8
849.936096,2624.0
850.053955,2611.6
850.171875,2639.6
850.289673,2636.2
850.407593,2611.8
850.525452,2663.6
850.643311,2610.8
850.761169,2621.6
850.878967,2610.4
850.996887,2665.2
851.114746,2621.8
851.232544,2643.2
851.350403,2622.0
851.468262,2631.6
851.58606,2619.8
851.703979,2647.6
851.821777,2665.8
851.939636,2630.4
852.057434,2655.8
852.175232,2665.8
852.293091,2652.2
852.410889,2640.0
852.528687,2632.6
852.646545,2651.4
852.764343,2647.6
852.88208,2653.8
852.999939,2646.0
853.117676,2666.2
853.235535,2674.6
853.353271,2639.4
853.471069,2651.2
853.588928,2632.6
853.706604,2640.8
853.824402,2665.8
853.9422,2666.0
854.059998,2653.8
854.177734,2660.6
854.295532,2652.8
854.413269,2649.2
854.531006,2628.0
854.648804,2665.4
854.766541,2655.4
854.884277,2653.0
855.002014,2656.2
855.119751,2679.2
855.237549,2657.0
855.355225,2678.4
855.473022,2691.6
855.590698,2667.6
855.708435,2688.2
855.826172,2669.8
855.943848,2669.8
856.061646,2663.2
856.179321,2686.4
856.296997,2639.2
856.414795,2664.6
856.53241,2675.4
856.650085,2671.4
856.767822,2657.4
856.885559,2666.2
857.003174,2688.6
857.120911,2655.8
857.238586,2656.6
857.356201,2646.6
857.473938,2654.8
857.591614,2642.8
857.709351,2652.4
857.826965,2614.4
857.944641,2663.2
858.062317,2643.0
858.179993,2672.0
858.297668,2652.0
858.415283,2662.0
858.532959,2660.8
858.650574,2658.2
858.768188,2683.2
858.885803,2666.4
859.003479,2684.8
859.121094,2648.8
859.23877,2662.6
859.356384,2652.8
859.473999,2675.4
859.591675,2661.2
859.709229,2644.8
859.826843,2665.4
859.944458,2640.4
860.062012,2643.8
860.179626,2667.4
860.297302,2641.8
860.414856,2677.8
860.532471,2653.8
860.650024,2654.0
860.767639,2642.6
860.885193,2674.4
861.002808,2640.2
861.120361,2652.2
861.237976,2648.4
861.35553,2667.4
861.473022,2651.0
861.590698,2657.0
861.708191,2650.2
861.825745,2654.4
861.943298,2627.8
862.060852,2652.8
862.178406,2657.4
862.295959,2633.6
862.413513,2653.4
862.531006,2675.6
862.64856,2655.2
862.766113,2633.8
862.883667,2651.8
863.00116,2665.4
863.118713,2649.2
863.236206,2640.0
863.353699,2669.4
863.471252,2633.8
863.588745,2660.0
863.706177,2637.8
863.82373,2655.6
863.941162,2657.8
864.058716,2673.0
864.176208,2649.0
864.29364,2632.8
864.411194,2636.0
864.528687,2631.6
864.646118,2673.0
864.763611,2664.0
864.881042,2648.4
864.998535,2650.8
865.116028,2681.2
865.233459,2676.6
865.350891,2643.6
865.468384,2661.4
865.585754,2692.0
865.703308,2663.2
865.820679,2675.2
865.938171,2646.2
866.055542,2653.2
866.173035,2648.2
866.290466,2641.4
866.407837,2682.8
866.52533,2675.0
866.6427,2653.6
866.760071,2653.6
866.877563,2689.2
866.994934,2649.4
867.112305,2667.2
867.229736,2694.6
867.347107,2661.8
867.464539,2668.4
867.58197,2686.8
867.699341,2667.2
867.81665,2649.0
867.934082,2663.0
868.051453,2630.2
868.168823,2659.2
868.286194,2657.0
868.403564,2648.0
868.520935,2657.4
868.638306,2658.4
868.755676,2649.0
868.872986,2654.4
868.990295,2685.4
869.107727,2665.0
869.225037,2686.6
869.342346,2675.0
869.459717,2654.6
869.577026,2662.8
869.694336,2669.6
869.811707,2687.8
869.929016,2676.4
870.046326,2663.6
870.163635,2663.2
870.280945,2671.2
870.398254,2664.8
870.515564,2676.8
870.632812,2676.2
870.750183,2676.0
870.867432,2672.4
870.984741,2642.0
871.102051,2667.2
871.219299,2672.6
871.336609,2676.8
871.453918,2670.8
871.571106,2699.2
871.688416,2687.0
871.805664,2688.2
871.922852,2681.2
872.040222,2698.2
872.157471,2683.2
872.274719,2717.4
872.391968,2687.0
872.509155,2657.8
872.626465,2674.2
872.743652,2677.4
872.860962,2664.4
872.978149,2678.4
873.095337,2681.0
873.212646,2677.2
873.329834,2652.8
873.44696,2703.8
873.564209,2675.2
873.681396,2692.0
873.798645,2687.2
873.915894,2664.6
874.03302,2706.0
874.150208,2670.4
874.267456,2673.0
874.384583,2683.2
874.501831,2668.2
874.618958,2673.4
874.736145,2661.4
874.853333,2674.4
874.970459,2680.4
875.087646,2682.2
875.204834,2675.8
875.32196,2676.6
875.439148,2677.0
875.556274,2676.8
875.673401,2693.0
875.790527,2683.4
875.907715,2695.4
876.024841,2678.6
876.141968,2717.2
876.259094,2690.6
876.376282,2665.6
876.493347,2710.8
876.610474,2693.8
876.7276,2698.8
876.844727,2691.8
876.961853,2677.8
877.078918,2697.8
877.195984,2710.4
877.313171,2695.2
877.430237,2695.8
877.547302,2699.8
877.664368,2681.2
877.781433,2671.8
877.898499,2689.8
878.015625,2684.2
878.13269,2695.6
878.249695,2709.2
878.366821,2694.8
878.483887,2702.4
878.600952,2657.2
878.717957,2709.4
878.834961,2712.8
878.952087,2691.8
879.069092,2678.6
879.186157,2675.2
879.303162,2680.0
879.420227,2713.8
879.537231,2691.4
879.654236,2696.2
879.77124,2701.6
879.888306,2677.4
880.005249,2687.2
880.122314,2671.6
880.239319,2716.0
880.356323,2701.0
880.473328,2684.8
880.590271,2678.6
880.707275,2716.8
880.824341,2698.0
880.941284,2718.4
881.058228,2706.8
881.175232,2691.4
881.292236,2706.6
881.40918,2675.6
881.526123,2670.2
881.643066,2701.8
881.760071,2705.4
881.877014,2705.6
881.993958,2693.4
882.11084,2715.0
882.227783,2681.0
882.344727,2698.2
882.46167,2700.8
882.578613,2711.8
882.695618,2703.4
882.812439,2720.0
882.929382,2715.4
883.046326,2715.4
883.163208,2711.2
883.280151,2713.2
883.397034,2720.0
883.513916,2732.4
883.630798,2740.2
883.747742,2721.8
883.864563,2726.2
883.981506,2708.6
884.098389,2688.8
884.21521,2715.8
884.332153,2708.0
884.448975,2703.2
884.565796,2711.4
884.682678,2722.2
884.7995,2721.2
884.916443,2725.2
885.033264,2730.2
885.150085,2723.2
885.266968,2729.2
885.383789,2694.6
885.500671,2729.6
885.617493,2735.0
885.734314,2720.2
885.851196,2723.0
885.967896,2748.0
886.084717,2735.0
886.201599,2754.4
886.318359,2738.4
886.435181,2715.6
886.552002,2739.0
886.668762,2726.6
886.785645,2718.2
886.902344,2768.8
887.019165,2730.4
887.135925,2741.0
887.252747,2741.0
887.369446,2752.2
887.486267,2737.6
887.603027,2747.0
887.719788,2753.0
887.836548,2705.2
887.953247,2735.4
888.070068,2759.6
888.186829,2758.2
888.303528,2746.4
888.420288,2721.2
888.536987,2734.4
888.653687,2752.0
888.770447,2726.4
888.887146,2730.6
889.003967,2760.8
889.120667,2732.6
889.237305,2765.2
889.354065,2758.2
889.470703,2749.8
889.587463,2738.6
889.704163,2793.2
889.820862,2738.2
889.937561,2774.8
890.054199,2737.6
890.170837,2759.2
890.287598,2743.8
890.404236,2734.0
890.520874,2764.2
890.637634,2773.2
890.754211,2747.2
890.87085,2748.6
890.987549,2754.8
891.104187,2774.6
891.220886,2750.0
891.337463,2780.6
891.454102,2745.2
891.57074,2767.4
891.687378,2774.6
891.804077,2776.2
891.920654,2759.6
892.037231,2778.4
892.15387,2764.2
892.270447,2776.6
892.387085,2787.4
892.503723,2778.0
892.6203,2760.6
892.736877,2782.0
892.853516,2765.8
892.970032,2778.0
893.08667,2773.8
893.203186,2779.2
893.319763,2780.6
893.43634,2764.4
893.552917,2775.0
893.669556,2809.2
893.786011,2782.8
893.902588,2769.8
894.019165,2842.8
894.135681,2781.4
894.252197,2785.6
894.368835,2833.8
894.485291,2808.8
894.601868,2823.0
894.718384,2825.8
894.8349,2801.6
894.951355,2803.8
895.067932,2782.0
895.184448,2805.4
895.300964,2829.2
895.417419,2791.4
895.533936,2815.2
895.650452,2801.0
895.766907,2767.6
895.883423,2821.8
895.999878,2800.0
896.116333,2808.0
896.232849,2807.2
896.349304,2799.0
896.465759,2790.0
896.582214,2802.8
896.698669,2816.4
896.815125,2802.8
896.931641,2771.4
897.048035,2779.2
897.164551,2808.8
897.280884,2810.4
897.397339,2800.2
897.513794,2807.0
897.630249,2817.2
897.746582,2807.6
897.863098,2808.2
897.979431,2816.4
898.095886,2835.8
898.212341,2823.6
898.328674,2820.8
898.445129,2800.8
898.561462,2808.0
898.677795,2839.6
898.794312,2832.2
898.910645,2814.0
899.026978,2827.4
899.143433,2827.0
899.259766,2824.6
899.37616,2809.0
899.492493,2825.0
899.608765,2817.0
899.725159,2836.6
899.841553,2819.0
899.957947,2823.8
900.07428,2848.0
900.190552,2828.6
900.306946,2821.2
900.423157,2807.4
900.53949,2813.6
900.655884,2802.8
900.772156,2819.0
900.888489,2842.6
901.004822,2793.4
901.121033,2809.0
901.237366,2825.4
901.353699,2808.0
901.46991,2832.0
901.586304,2835.2
901.702515,2836.6
901.818787,2822.6
901.93512,2833.8
902.051331,2841.6
902.167603,2869.4
902.283875,2838.6
902.400085,2811.4
902.516418,2826.0
902.632629,2841.0
902.74884,2842.8
902.865112,2856.6
902.981384,2803.8
903.097595,2850.4
903.213867,2853.0
903.330017,2836.6
903.446289,2829.0
903.5625,2859.2
903.67865,2842.6
903.794922,2860.0
903.911072,2833.8
904.027344,2856.0
904.143494,2866.2
904.259705,2879.8
904.375916,2820.2
904.492065,2849.0
904.608215,2844.6
904.724426,2840.6
904.840576,2847.2
904.956726,2820.6
905.072876,2857.6
905.189087,2840.6
905.305176,2878.6
905.421387,2857.8
905.537537,2867.8
905.653687,2864.0
905.769775,2855.8
905.885925,2879.8
906.002014,2863.8
906.118164,2845.0
906.234314,2860.8
906.350403,2865.2
906.466492,2874.4
906.582642,2837.4
906.69873,2845.8
906.814758,2863.2
906.930908,2883.0
907.046936,2837.6
907.163086,2889.6
907.279175,2882.2
907.395264,2872.0
907.511353,2871.2
907.62738,2873.6
907.743408,2887.2
907.859497,2872.4
907.975525,2900.8
908.091553,2899.2
908.207703,2884.0
908.32373,2869.8
908.439758,2902.4
908.555786,2882.2
908.671814,2884.8
908.787842,2877.8
908.90387,2893.4
909.019775,2900.2
909.135864,2859.6
909.251892,2893.0
909.367859,2901.0
909.483826,2880.8
909.599854,2898.4
909.715881,2882.4
909.831848,2887.8
909.947815,2889.6
910.063782,2866.4
910.179749,2889.4
910.295776,2899.4
910.411743,2885.6
910.527649,2887.8
910.643616,2896.6
910.759583,2863.0
910.875488,2892.0
910.991455,2872.8
911.107361,2879.0
911.223267,2895.2
911.339294,2882.8
911.4552,2867.2
911.571106,2892.0
911.687073,2881.6
911.802979,2907.0
911.918823,2872.8
912.034729,2898.8
912.150635,2876.0
912.266602,2869.8
912.382446,2901.2
912.498352,2853.8
912.614197,2866.4
912.730103,2850.0
912.846008,2859.6
792.44574,4916.6
792.56488,4891.2
792.68396,4923.8
792.80304,4884.4
792.92218,4840.2
793.041199,4853.0
793.160339,4886.2
793.279419,4852.4
793.398499,4876.4
793.517578,4887.0
793.636658,4819.6
793.755737,4880.6
793.874817,4826.4
793.993896,4858.2
794.112976,4846.6
794.232056,4862.0
794.351074,4839.0
794.470215,4840.2
794.589233,4796.2
794.708313,4803.0
794.827393,4810.6
794.946411,4826.6
795.065552,4819.2
795.18457,4763.0
795.303589,4816.0
795.422668,4785.4
795.541687,4842.8
795.660767,4803.0
795.779846,4802.4
795.898865,4763.6
796.017883,4748.2
796.136963,4781.8
796.255981,4795.4
796.375061,4765.4
796.49408,4771.6
796.613037,4791.6
796.732117,4749.0
796.851135,4787.6
796.970154,4762.8
797.089233,4731.2
797.208191,4759.4
797.327271,4728.8
797.446228,4773.8
797.565186,4741.8
797.684265,4749.4
797.803223,4727.8
797.922241,4700.4
798.04126,4709.6
798.160278,4718.8
798.279297,4648.2
798.398315,4713.0
798.517273,4726.8
798.636292,4677.0
798.75531,4706.0
798.874268,4737.8
798.993286,4715.4
799.112244,4658.6
799.231323,4712.2
799.350281,4660.0
799.469238,4680.6
799.588257,4668.0
799.707153,4677.6
799.826111,4735.4
799.945129,4654.6
800.064087,4697.4
800.183044,4672.6
800.302063,4715.0
800.421021,4693.4
800.539978,4671.2
800.658936,4674.2
800.777893,4686.0
800.896912,4677.2
801.015747,4644.0
801.134705,4694.6
801.253723,4649.2
801.37262,4695.6
801.491638,4654.0
801.610535,4660.8
801.729492,4662.2
801.84845,4647.6
801.967407,4684.8
802.086243,4696.6
802.205261,4696.2
802.324158,4694.8
802.443115,4690.8
802.562073,4703.4
802.680969,4724.8
802.799927,4723.6
802.918762,4674.4
803.037659,4690.2
803.156677,4720.0
803.275574,4726.4
803.39447,4720.0
803.513428,4673.4
803.632263,4703.0
803.751221,4688.6
803.870117,4736.4
803.989014,5241.8
804.107971,4949.4
804.226746,4712.6
804.345642,4732.4
804.4646,4748.0
804.583496,4758.4
804.702393,4726.2
804.821228,4715.0
804.940125,4773.6
805.059021,4754.0
805.177917,4809.8
805.296814,4798.4
805.415649,4814.2
805.534546,4807.2
805.653442,4820.4
805.772278,4836.0
805.891113,4789.4
806.01001,4815.0
806.128906,4766.2
806.247742,4756.2
806.366577,4749.8
806.485413,4770.8
806.604309,4722.4
806.723145,4748.8
806.84198,4786.0
806.960876,4765.6
807.079712,4748.4
807.198486,4782.4
807.317383,4769.4
807.436218,4736.2
807.554993,4773.4
807.673889,4783.2
807.792725,4726.4
807.91156,4733.2
808.030396,4753.0
808.14917,4695.8
808.268005,4732.6
808.386841,4743.4
808.505676,4724.0
808.624451,4722.8
808.743286,4751.2
808.862122,4740.8
808.980896,4771.6
809.099731,4731.8
809.218506,4766.6
809.337341,4760.6
809.456116,4746.2
809.57489,4737.6
809.693726,4788.4
809.8125,4734.0
809.931274,4731.0
810.050049,4710.4
810.168884,4699.0
810.287659,4716.4
810.406372,4712.8
810.525269,4723.0
810.643982,4724.6
810.762756,4692.6
810.881531,4667.6
811.000305,4716.8
811.11908,4670.6
811.237854,4644.2
811.356567,4687.6
811.475403,4703.6
811.594116,4676.8
811.71283,4739.6
811.831604,4696.2
811.950378,4695.6
812.069153,4691.6
812.187927,4741.2
812.30658,4722.0
812.425415,4665.4
812.544128,4694.2
812.662781,4656.0
812.781616,4654.0
812.900269,4681.0
813.019043,4661.8
813.137756,4669.2
813.256531,4641.4
813.375244,4646.2
813.493896,4628.4
813.612671,4678.6
813.731384,4614.2
813.850037,4618.0
813.96875,4623.6
814.087524,4617.0
814.206238,4587.4
814.324951,4578.4
814.443604,4606.4
814.562256,4599.4
814.68103,4632.8
814.799683,4600.2
814.918335,4639.6
815.037109,4656.4
815.155762,4600.2
815.274475,4643.2
815.393188,4613.4
815.511841,4648.0
815.630554,4651.4
815.749146,4645.6
815.867859,4614.8
815.986572,4592.0
816.105164,4595.4
816.223877,4601.8
816.342529,4626.4
816.461182,4629.0
816.579895,4601.8
816.698486,4651.8
816.817139,4618.8
816.935791,4632.2
817.054504,4604.2
817.173096,4638.8
817.291748,4605.4
817.4104,4644.8
817.529053,4578.2
817.647644,4575.6
817.766235,4548.4
817.884949,4564.8
818.00354,4582.4
818.122192,4591.6
818.240845,4589.2
818.359436,4560.6
818.478088,4597.8
818.59668,4590.4
818.715271,4567.0
818.833923,4512.8
818.952515,4509.0
819.071106,4550.0
819.189758,4495.6
819.30835,4527.0
819.426941,4501.0
819.545532,4521.4
819.664124,4528.6
819.782715,4522.4
819.901306,4555.4
820.019897,4535.2
820.138489,4554.0
820.25708,4544.6
820.375671,4545.8
820.494202,4509.2
820.612732,4490.4
820.731384,4529.2
820.849915,4481.4
820.968506,4485.2
821.087097,4459.0
821.205627,4503.6
821.324158,4476.0
821.442749,4475.0
821.561279,5145.0
821.679871,4706.6
821.798401,4728.8
821.916931,4707.4
822.035461,4463.2
822.154053,4448.0
822.272583,4413.4
822.391174,4423.8
822.509583,4444.2
822.628174,4444.8
822.746704,4443.6
822.865234,4449.6
822.983765,4446.0
823.102295,4475.8
823.220825,4454.8
823.339294,4470.6
823.457825,4464.2
823.576355,4455.8
823.694824,4473.6
823.813354,4477.8
823.931885,4437.6
824.050354,4463.0
824.168884,4462.4
824.287354,4432.2
824.405823,4431.4
824.524353,4492.2
824.642822,4491.6
824.761353,4453.6
824.879822,4457.8
824.998291,4417.6
825.116699,4450.6
825.235291,4458.4
825.353699,4467.8
825.472168,4395.0
825.590637,4393.8
825.709106,4445.2
825.827576,4400.8
825.946045,4339.2
826.064453,4421.6
826.182983,4401.2
826.301392,4362.4
826.4198,4390.4
826.53833,4373.8
826.656738,4353.6
826.775208,4366.4
826.893677,4360.4
827.012024,4359.2
827.130493,4324.2
827.248962,4387.2
827.36731,4364.0
827.485779,4332.4
827.604248,4380.8
827.722595,4356.4
827.841064,4320.8
827.959412,4311.4
828.077942,4298.4
828.196289,4335.8
828.314636,4292.2
828.433105,4299.8
828.551514,4271.0
828.669861,4317.0
828.78833,4293.6
828.906677,4340.4
829.025085,4371.2
829.143433,4368.6
829.261841,4331.0
829.38031,4264.6
829.498657,4315.0
829.617004,4328.8
829.735413,4327.4
829.85376,4282.4
829.972107,4266.4
830.090515,4326.6
830.208862,4347.2
830.327209,4315.4
830.445557,4345.8
830.563904,4314.4
830.682312,4357.0
830.800659,4288.2
830.919006,4330.8
831.037354,4308.6
831.155701,4350.6
831.274048,4369.4
831.392395,4325.4
831.51062,4327.8
831.629028,4338.6
831.747314,4350.2
831.865662,4329.6
831.984009,4303.6
832.102356,4329.4
832.220642,4303.0
832.338928,4338.0
832.457275,4357.0
832.575623,4318.2
832.693909,4329.6
832.812134,4314.2
832.930481,4319.6
833.048828,4298.4
833.167114,4294.4
833.2854,4299.0
833.403687,4303.4
833.521973,4256.0
833.640259,4246.8
833.758545,4284.4
833.876831,4262.2
833.995056,4254.4
834.113281,4269.0
834.231628,4291.0
834.349915,4242.0
834.468201,4284.4
834.586426,4270.8
834.704651,4283.6
834.822998,4285.4
834.941162,4294.4
835.059448,4311.8
835.177673,4329.8
835.295959,4308.0
835.414246,4298.6
835.53241,4288.4
835.650635,4332.0
835.768921,4256.4
835.887146,4282.8
836.005371,4272.8
836.123596,4266.4
836.241821,4294.6
836.360046,4272.0
836.478271,4282.2
836.596497,4261.0
836.714722,4238.4
836.832886,4248.4
836.95105,4224.8
837.069336,4282.0
837.1875,4229.2
837.305725,4279.2
837.423889,4289.8
837.542053,4290.0
837.660339,4266.0
837.778503,4287.2
837.896667,4270.8
838.014832,4240.2
838.132996,4231.6
838.25116,4232.2
838.369385,4243.0
838.487488,4251.2
838.605713,4229.6
838.723877,4263.6
838.84198,4245.4
838.960205,4233.2
839.078308,4230.0
839.196472,4221.8
839.314636,4197.6
839.4328,4236.8
839.550964,4223.4
839.669067,4224.2
839.787231,4180.0
839.905396,4207.8
840.023499,4235.8
840.141602,4200.6
840.259766,4146.4
840.377869,4183.0
840.495972,4153.8
840.614136,4166.8
840.732239,4169.4
840.850342,4157.0
840.968445,4160.8
841.086548,4169.6
841.204651,4195.6
841.322754,4142.4
841.440918,4181.4
841.55896,4180.6
841.677002,4138.6
841.795166,4161.8
841.913208,4141.6
842.031311,4146.0
842.149353,4173.2
842.267456,4143.8
842.385498,4160.4
842.503601,4130.0
842.621643,4116.2
842.739746,4127.6
842.857788,4191.8
842.97583,4196.4
843.093933,4160.2
843.211975,4216.4
843.330017,4163.4
843.44812,4217.0
843.566101,4149.4
843.684204,4166.2
843.802246,4165.0
843.920227,4192.2
844.038269,4206.2
844.156311,4202.0
844.274292,4197.4
844.392395,4199.4
844.510376,4202.0
844.628357,4168.0
844.74646,4167.8
844.864441,4210.4
844.982422,4186.4
845.100403,4148.6
845.218384,4159.0
845.336426,4175.8
845.454468,4159.0
845.572449,4162.4
845.69043,4165.8
845.808411,4154.2
845.926453,4155.6
846.044373,4108.0
846.162354,4139.8
846.280396,4127.6
846.398315,4123.4
846.516296,4190.2
846.634216,4152.2
846.752197,4131.6
846.870178,4153.2
846.988098,4138.2
847.106079,4119.0
847.22406,4148.0
847.34198,4152.2
847.4599,4120.0
847.577881,4129.6
847.695801,4180.6
847.813782,4156.2
847.931641,4143.8
848.049561,4109.0
848.167603,4135.8
848.285461,4116.6
848.403381,4140.2
848.521362,4167.2
848.639221,4178.4
848.75708,4193.4
848.875,4151.2
848.99292,4126.8
849.110901,4145.4
849.22876,4145.8
849.34668,4128.8
849.464539,4148.2
849.582458,4114.0
849.700317,4105.2
849.818176,4133.2
849.936096,4109.6
850.053955,4119.8
850.171875,4125.8
850.289673,4110.6
850.407593,4122.4
850.525452,4171.8
850.643311,4127.4
850.761169,4104.4
850.878967,4138.4
850.996887,4105.4
851.114746,4105.0
851.232544,4139.2
851.350403,4143.2
851.468262,4115.8
851.58606,4117.6
851.703979,4132.0
851.821777,4114.2
851.939636,4123.4
852.057434,4121.6
852.175232,4164.2
852.293091,4152.2
852.410889,4150.4
852.528687,4131.0
852.646545,4116.4
852.764343,4147.8
852.88208,4172.6
852.999939,4122.8
853.117676,4132.4
853.235535,4122.2
853.353271,4168.8
853.471069,4126.8
853.588928,4142.2
853.706604,4133.6
853.824402,4168.0
853.9422,4208.6
854.059998,4158.0
854.177734,4159.2
854.295532,4152.2
854.413269,4147.6
854.531006,4136.4
854.648804,4162.0
854.766541,4164.4
854.884277,4182.4
855.002014,4158.8
855.119751,4154.4
855.237549,4169.0
855.355225,4190.0
855.473022,4134.0
855.590698,4160.4
855.708435,4126.2
855.826172,4134.0
855.943848,4208.0
856.061646,4172.2
856.179321,4145.6
856.296997,4131.6
856.414795,4174.0
856.53241,4181.6
856.650085,4189.6
856.767822,4149.0
856.885559,4172.0
857.003174,4159.8
857.120911,4162.8
857.238586,4135.8
857.356201,4140.2
857.473938,4091.4
857.591614,4123.8
857.709351,4151.6
857.826965,4126.4
857.944641,4179.4
858.062317,4145.6
858.179993,4157.6
858.297668,4146.8
858.415283,4148.0
858.532959,4132.2
858.650574,4157.8
858.768188,4137.2
858.885803,4136.8
859.003479,4138.2
859.121094,4137.4
859.23877,4178.6
859.356384,4111.0
859.473999,4106.2
859.591675,4132.6
859.709229,4139.2
859.826843,4094.2
859.944458,4093.6
860.062012,4071.8
860.179626,4051.0
860.297302,4122.8
860.414856,4109.4
860.532471,4056.8
860.650024,4130.8
860.767639,4100.4
860.885193,4123.2
861.002808,4071.8
861.120361,4104.6
861.237976,4129.6
861.35553,4104.6
861.473022,4072.0
861.590698,4097.2
861.708191,4100.2
861.825745,4081.8
861.943298,4097.2
862.060852,4085.4
862.178406,4058.2
862.295959,4040.4
862.413513,4061.6
862.531006,4059.6
862.64856,4067.8
862.766113,4053.8
862.883667,4072.6
863.00116,4059.8
863.118713,4057.8
863.236206,4017.4
863.353699,4070.8
863.471252,4070.0
863.588745,4044.6
863.706177,4046.4
863.82373,4032.8
863.941162,4065.6
864.058716,4038.6
864.176208,4071.2
864.29364,4071.0
864.411194,4088.2
864.528687,4026.6
864.646118,4065.8
864.763611,4070.2
864.881042,4014.0
864.998535,4060.2
865.116028,4057.8
865.233459,4080.6
865.350891,4034.2
865.468384,4064.4
865.585754,4099.6
865.703308,4081.4
865.820679,4072.4
865.938171,4092.2
866.055542,4101.4
866.173035,4056.8
866.290466,4056.6
866.407837,4075.8
866.52533,4121.4
866.6427,4115.6
866.760071,4111.0
866.877563,4083.0
866.994934,4074.0
867.112305,4060.2
867.229736,4022.8
867.347107,4011.2
867.464539,4023.0
867.58197,4017.4
867.699341,4066.0
867.81665,4049.6
867.934082,4036.0
868.051453,4040.2
868.168823,4080.6
868.286194,4093.0
868.403564,4062.6
868.520935,4054.8
868.638306,4080.8
868.755676,4087.8
868.872986,4062.2
868.990295,4124.4
869.107727,4095.6
869.225037,4056.4
869.342346,4049.4
869.459717,4085.8
869.577026,4081.2
869.694336,4032.0
869.811707,4019.6
869.929016,4012.6
870.046326,4030.0
870.163635,4022.8
870.280945,4024.6
870.398254,4023.0
870.515564,4014.2
870.632812,3979.0
870.750183,4033.6
870.867432,3982.6
870.984741,3961.8
871.102051,4021.0
871.219299,4045.4
871.336609,4039.2
871.453918,4040.6
871.571106,4037.6
871.688416,4027.2
871.805664,4035.8
871.922852,4027.0
872.040222,4030.2
872.157471,4043.2
872.274719,4030.0
872.391968,4039.4
872.509155,4041.2
872.626465,4038.6
872.743652,4053.8
872.860962,4074.6
872.978149,4047.0
873.095337,4053.6
873.212646,4037.8
873.329834,4045.4
873.44696,4026.8
873.564209,4032.4
873.681396,4009.6
873.798645,4007.0
873.915894,3995.0
874.03302,3991.8
874.150208,3961.0
874.267456,3994.4
874.384583,3965.2
874.501831,3996.0
874.618958,3994.2
874.736145,4018.4
874.853333,3984.6
874.970459,4055.0
875.087646,4027.2
875.204834,3994.8
875.32196,4034.4
875.439148,4036.0
875.556274,4022.6
875.673401,4026.2
875.790527,3974.0
875.907715,4012.6
876.024841,3979.8
876.141968,3981.8
876.259094,4017.0
876.376282,3975.2
876.493347,3979.8
876.610474,3989.6
876.7276,4006.4
876.844727,4023.4
876.961853,3991.4
877.078918,4042.0
877.195984,4021.0
877.313171,4029.2
877.430237,3984.0
877.547302,3987.4
877.664368,3992.2
877.781433,3990.0
877.898499,3964.0
878.015625,3995.0
878.13269,3966.0
878.249695,4034.4
878.366821,3985.6
878.483887,4009.4
878.600952,4001.8
878.717957,4003.2
878.834961,4069.6
878.952087,4011.0
879.069092,4001.6
879.186157,4052.4
879.303162,3991.0
879.420227,4034.2
879.537231,4025.4
879.654236,3990.2
879.77124,4023.4
879.888306,3986.6
880.005249,3981.0
880.122314,3971.6
880.239319,3934.6
880.356323,3960.0
880.473328,3966.8
880.590271,3946.6
880.707275,3992.8
880.824341,3988.6
880.941284,3972.6
881.058228,3981.4
881.175232,4020.0
881.292236,3968.8
881.40918,3991.0
881.526123,4014.8
881.643066,3973.0
881.760071,4016.4
881.877014,4010.2
881.993958,4004.4
882.11084,4006.8
882.227783,3985.8
882.344727,3934.2
882.46167,3934.0
882.578613,3957.0
882.695618,3972.8
882.812439,3953.0
882.929382,3964.2
883.046326,3975.6
883.163208,3952.4
883.280151,3938.0
883.397034,3901.4
883.513916,3993.6
883.630798,3966.6
883.747742,3975.2
883.864563,3977.4
883.981506,3989.6
884.098389,3986.6
884.21521,3999.8
884.332153,3980.6
884.448975,3949.8
884.565796,3975.0
884.682678,3952.6
884.7995,3964.0
884.916443,3997.0
885.033264,4010.6
885.150085,3962.2
885.266968,3985.2
885.383789,3967.2
885.500671,4013.0
885.617493,3985.8
885.734314,3966.4
885.851196,3975.0
885.967896,3977.4
886.084717,3955.4
886.201599,3939.6
886.318359,3984.8
886.435181,3985.2
886.552002,3966.0
886.668762,3969.0
886.785645,3998.8
886.902344,3981.8
887.019165,3941.6
887.135925,3944.4
887.252747,3954.2
887.369446,3947.4
887.486267,3937.8
887.603027,3940.6
887.719788,3963.8
887.836548,3964.6
887.953247,3976.8
888.070068,3951.2
888.186829,3975.8
888.303528,3971.2
888.420288,3925.8
888.536987,3984.2
888.653687,3987.2
888.770447,3974.0
888.887146,3958.2
889.003967,3983.4
889.120667,3966.6
889.237305,3978.6
889.354065,3978.6
889.470703,3963.2
889.587463,3959.2
889.704163,3953.0
889.820862,3923.4
889.937561,3959.8
890.054199,3943.0
890.170837,3945.2
890.287598,3956.4
890.404236,3965.0
890.520874,3993.2
890.637634,3963.6
890.754211,3970.8
890.87085,3949.8
890.987549,3994.8
891.104187,4013.6
891.220886,3964.0
891.337463,3972.2
891.454102,3975.0
891.57074,3982.4
891.687378,3934.6
891.804077,3922.0
891.920654,3912.0
892.037231,3884.4
892.15387,3924.6
892.270447,3904.8
892.387085,3948.2
892.503723,3906.4
892.6203,3885.0
892.736877,3910.4
892.853516,3946.4
892.970032,3933.2
893.08667,3914.0
893.203186,3924.2
893.319763,3936.4
893.43634,3941.0
893.552917,3938.0
893.669556,3983.2
893.786011,3936.4
893.902588,3933.6
894.019165,3940.4
894.135681,3931.8
894.252197,3930.8
894.368835,3930.4
894.485291,3929.8
894.601868,3946.2
894.718384,3937.6
894.8349,3916.8
894.951355,3965.6
895.067932,3948.8
895.184448,3940.6
895.300964,3981.8
895.417419,3925.2
895.533936,4005.0
895.650452,3950.8
895.766907,3973.4
895.883423,3986.6
895.999878,3971.2
896.116333,3925.8
896.232849,3924.0
896.349304,3929.0
896.465759,3943.2
896.582214,3881.6
896.698669,3871.2
896.815125,3883.6
896.931641,3898.8
897.048035,3868.0
897.164551,3909.8
897.280884,3915.0
897.397339,3905.2
897.513794,3940.2
897.630249,3945.0
897.746582,3935.0
897.863098,3953.4
897.979431,3931.4
898.095886,3932.8
898.212341,3899.0
898.328674,3902.0
898.445129,3896.6
898.561462,3864.2
898.677795,3869.4
898.794312,3849.4
898.910645,3844.8
899.026978,3825.0
899.143433,3882.0
899.259766,3859.2
899.37616,3890.0
899.492493,3929.4
899.608765,3878.4
899.725159,3873.4
899.841553,3896.4
899.957947,3877.2
900.07428,3897.6
900.190552,3881.6
900.306946,3889.6
900.423157,3870.0
900.53949,3878.8
900.655884,3870.0
900.772156,3877.8
900.888489,3914.4
901.004822,3875.6
901.121033,3859.2
901.237366,3845.0
901.353699,3855.2
901.46991,3829.6
901.586304,3870.6
901.702515,3839.8
901.818787,3836.4
901.93512,3824.0
902.051331,3833.6
902.167603,3830.0
902.283875,3844.8
902.400085,3832.8
902.516418,3851.0
902.632629,3823.0
902.74884,3824.8
902.865112,3887.4
902.981384,3848.0
903.097595,3888.6
903.213867,3888.8
903.330017,3901.2
903.446289,3874.2
903.5625,3835.4
903.67865,3886.8
903.794922,3891.4
903.911072,3864.4
904.027344,3841.0
904.143494,3837.6
904.259705,3884.0
904.375916,3805.0
904.492065,3822.4
904.608215,3843.4
904.724426,3824.8
904.840576,3853.6
904.956726,3844.2
905.072876,3849.6
905.189087,3824.2
905.305176,3856.6
905.421387,3844.6
905.537537,3906.2
905.653687,3919.2
905.769775,3915.0
905.885925,3929.2
906.002014,3911.0
906.118164,3850.0
906.234314,3864.8
906.350403,3868.4
906.466492,3864.0
906.582642,3865.2
906.69873,3854.6
906.814758,3807.2
906.930908,3839.8
907.046936,3825.8
907.163086,3841.4
907.279175,3883.8
907.395264,3869.0
907.511353,3878.2
907.62738,3831.8
907.743408,3856.8
907.859497,3865.2
907.975525,3851.6
908.091553,3875.6
908.207703,3863.6
908.32373,3858.2
908.439758,3886.2
908.555786,3851.2
908.671814,3850.4
908.787842,3843.4
908.90387,3834.0
909.019775,3820.2
909.135864,3823.0
909.251892,3846.0
909.367859,3817.6
909.483826,3824.2
909.599854,3828.0
909.715881,3810.2
909.831848,3864.8
909.947815,3856.0
910.063782,3818.8
910.179749,3839.6
910.295776,3848.8
910.411743,3856.0
910.527649,3850.8
910.643616,3841.2
910.759583,3846.6
910.875488,3850.8
910.991455,3788.4
911.107361,3825.4
911.223267,3807.8
911.339294,3810.6
911.4552,3795.0
911.571106,3841.0
911.687073,3796.6
911.802979,3819.4
911.918823,3804.8
912.034729,3832.2
912.150635,3815.0
912.266602,3813.2
912.382446,3798.0
912.498352,3816.0
912.614197,3775.4
912.730103,3792.8
912.846008,3813.8
792.44574,4153.8
792.56488,4061.0
792.68396,4080.4
792.80304,4044.2
792.92218,3998.4
793.041199,3960.4
793.160339,3941.4
793.279419,3938.6
793.398499,3909.4
793.517578,3882.2
793.636658,3849.0
793.755737,3849.8
793.874817,3821.6
793.993896,3815.0
794.112976,3822.8
794.232056,3784.6
794.351074,3785.0
794.470215,3741.4
794.589233,3703.4
794.708313,3736.8
794.827393,3732.8
794.946411,3716.0
795.065552,3686.4
795.18457,3673.4
795.303589,3731.2
795.422668,3655.2
795.541687,3662.8
795.660767,3660.0
795.779846,3650.8
795.898865,3606.0
796.017883,3593.8
796.136963,3597.2
796.255981,3605.2
796.375061,3594.8
796.49408,3613.2
796.613037,3573.2
796.732117,3552.6
796.851135,3550.0
796.970154,3536.0
797.089233,3510.6
797.208191,3534.0
797.327271,3531.4
797.446228,3513.8
797.565186,3540.0
797.684265,3539.6
797.803223,3529.4
797.922241,3489.0
798.04126,3557.6
798.160278,3500.6
798.279297,3430.4
798.398315,3503.8
798.517273,3512.2
798.636292,3502.6
798.75531,3503.6
798.874268,3484.0
798.993286,3509.4
799.112244,3467.8
799.231323,3497.8
799.350281,3492.6
799.469238,3524.8
799.588257,3492.2
799.707153,3509.4
799.826111,3504.0
799.945129,3482.2
800.064087,3528.6
800.183044,3474.8
800.302063,3484.2
800.421021,3515.4
800.539978,3466.4
800.658936,3451.4
800.777893,3507.6
800.896912,3455.0
801.015747,3469.6
801.134705,3456.2
801.253723,3458.6
801.37262,3439.0
801.491638,3460.4
801.610535,3486.2
801.729492,3477.2
801.84845,3467.4
801.967407,3451.0
802.086243,3501.2
802.205261,3489.6
802.324158,3485.2
802.443115,3498.8
802.562073,3487.6
802.680969,3506.8
802.799927,3517.6
802.918762,3520.8
803.037659,3501.8
803.156677,3502.8
803.275574,3531.8
803.39447,3525.0
803.513428,3510.4
803.632263,3509.4
803.751221,3486.0
803.870117,3508.8
803.989014,3510.8
804.107971,3521.6
804.226746,3521.4
804.345642,3525.6
804.4646,3542.0
804.583496,3535.8
804.702393,3506.6
804.821228,3542.6
804.940125,3535.4
805.059021,3544.2
805.177917,3547.2
805.296814,3517.8
805.415649,3566.8
805.534546,3576.8
805.653442,3553.0
805.772278,3556.2
805.891113,3547.0
806.01001,3573.4
806.128906,3540.4
806.247742,3534.8
806.366577,3537.2
806.485413,3562.8
806.604309,3559.0
806.723145,3529.0
806.84198,3590.4
806.960876,3547.0
807.079712,3582.8
807.198486,3540.4
807.317383,3584.6
807.436218,3546.0
807.554993,3532.0
807.673889,3531.8
807.792725,3539.4
807.91156,3574.8
808.030396,3564.4
808.14917,3544.8
808.268005,3571.2
808.386841,3566.4
808.505676,3556.8
808.624451,3589.2
808.743286,3541.0
808.862122,3582.6
808.980896,3589.8
809.099731,3524.6
809.218506,3542.8
809.337341,3531.0
809.456116,3568.4
809.57489,3562.8
809.693726,3586.2
809.8125,3538.2
809.931274,3575.6
810.050049,3584.8
810.168884,3570.6
810.287659,3567.0
810.406372,3569.2
810.525269,3582.8
810.643982,3541.8
810.762756,3582.8
810.881531,3536.6
811.000305,3585.2
811.11908,3534.6
811.237854,3542.6
811.356567,3572.0
811.475403,3558.4
811.594116,3544.8
811.71283,3553.6
811.831604,3576.4
811.950378,3589.6
812.069153,3592.2
812.187927,3608.0
812.30658,3580.6
812.425415,3528.6
812.544128,3554.8
812.662781,3563.4
812.781616,3557.2
812.900269,3543.4
813.019043,3550.6
813.137756,3595.0
813.256531,3594.6
813.375244,3537.6
813.493896,3525.6
813.612671,3542.4
813.731384,3546.0
813.850037,3535.2
813.96875,3517.2
814.087524,3499.2
814.206238,3489.4
814.324951,3498.8
814.443604,3481.8
814.562256,3503.4
814.68103,3519.8
814.799683,3501.8
814.918335,3481.8
815.037109,3449.6
815.155762,3487.4
815.274475,3500.6
815.393188,3442.4
815.511841,3463.8
815.630554,3442.6
815.749146,3406.8
815.867859,3383.4
815.986572,3414.4
816.105164,3439.2
816.223877,3419.0
816.342529,3442.0
816.461182,3469.4
816.579895,3439.8
816.698486,3454.4
816.817139,3446.2
816.935791,3477.4
817.054504,3429.8
817.173096,3415.4
817.291748,3406.2
817.4104,3409.4
817.529053,3346.6
817.647644,3322.0
817.766235,3289.4
817.884949,3292.8
818.00354,3256.8
818.122192,3236.2
818.240845,3196.4
818.359436,3171.6
818.478088,3179.8
818.59668,3135.2
818.715271,3135.0
818.833923,3141.0
818.952515,3123.6
819.071106,3082.8
819.189758,3077.4
819.30835,3083.8
819.426941,3052.6
819.545532,3054.4
819.664124,3024.0
819.782715,3022.2
819.901306,3021.6
820.019897,3020.4
820.138489,3066.8
820.25708,3034.4
820.375671,3034.4
820.494202,3021.0
820.612732,3009.4
820.731384,2968.2
820.849915,2987.8
820.968506,2967.8
821.087097,2987.2
821.205627,2989.6
821.324158,2951.2
821.442749,2986.6
821.561279,2969.0
821.679871,2944.0
821.798401,2930.6
821.916931,2927.6
822.035461,2983.2
822.154053,2946.6
822.272583,2947.8
822.391174,2942.0
822.509583,2928.2
822.628174,2934.6
822.746704,2959.8
822.865234,2949.0
822.983765,2944.8
823.102295,2944.8
823.220825,2950.2
823.339294,2927.2
823.457825,2916.8
823.576355,2915.6
823.694824,2904.2
823.813354,2938.2
823.931885,2948.8
824.050354,2942.8
824.168884,2949.8
824.287354,2922.8
824.405823,2916.2
824.524353,2929.0
824.642822,2929.4
824.761353,2907.6
824.879822,2945.0
824.998291,2933.8
825.116699,2887.8
825.235291,2924.4
825.353699,2902.6
825.472168,2868.8
825.590637,2896.0
825.709106,2887.2
825.827576,2877.2
825.946045,2843.2
826.064453,2851.8
826.182983,2866.2
826.301392,2874.0
826.4198,2850.8
826.53833,2846.8
826.656738,2867.4
826.775208,2836.8
826.893677,2862.8
827.012024,2855.6
827.130493,2856.6
827.248962,2858.8
827.36731,2837.4
827.485779,2841.2
827.604248,2828.2
827.722595,2813.6
827.841064,2815.8
827.959412,2814.0
828.077942,2803.2
828.196289,2822.4
828.314636,2804.2
828.433105,2811.4
828.551514,2811.4
828.669861,2812.6
828.78833,2777.8
828.906677,2771.4
829.025085,2802.4
829.143433,2786.8
829.261841,2811.8
829.38031,2801.4
829.498657,2784.0
829.617004,2811.0
829.735413,2803.8
829.85376,2785.2
829.972107,2764.6
830.090515,2760.0
830.208862,2799.6
830.327209,2786.4
830.445557,2784.6
830.563904,2813.6
830.682312,2799.4
830.800659,2762.2
830.919006,2787.4
831.037354,2776.0
831.155701,2796.6
831.274048,2776.6
831.392395,2774.2
831.51062,2765.0
831.629028,2772.6
831.747314,2776.6
831.865662,2790.0
831.984009,2765.2
832.102356,2770.6
832.220642,2767.0
832.338928,2760.8
832.457275,2766.8
832.575623,2772.0
832.693909,2758.8
832.812134,2785.8
832.930481,2785.2
833.048828,2771.6
833.167114,2766.8
833.2854,2748.4
833.403687,2779.6
833.521973,2786.2
833.640259,2746.2
833.758545,2743.2
833.876831,2759.8
833.995056,2773.4
834.113281,2752.4
834.231628,2769.2
834.349915,2771.2
834.468201,2765.4
834.586426,2759.4
834.704651,2795.0
834.822998,2779.2
834.941162,2777.2
835.059448,2766.4
835.177673,2783.4
835.295959,2778.0
835.414246,2790.0
835.53241,2770.4
835.650635,2775.6
835.768921,2766.6
835.887146,2750.8
836.005371,2799.0
836.123596,2790.4
836.241821,2793.2
836.360046,2800.8
836.478271,2823.8
836.596497,2818.4
836.714722,2828.8
836.832886,2791.0
836.95105,2824.0
837.069336,2803.4
837.1875,2801.2
837.305725,2794.4
837.423889,2804.0
837.542053,2831.2
837.660339,2797.2
837.778503,2811.8
837.896667,2813.0
838.014832,2811.0
838.132996,2798.2
838.25116,2791.0
838.369385,2826.2
838.487488,2817.2
838.605713,2806.0
838.723877,2814.0
838.84198,2812.6
838.960205,2815.8
839.078308,2808.6
839.196472,2821.0
839.314636,2809.2
839.4328,2808.6
839.550964,2820.0
839.669067,2763.0
839.787231,2784.4
839.905396,2805.8
840.023499,2789.4
840.141602,2773.2
840.259766,2781.2
840.377869,2803.2
840.495972,2800.2
840.614136,2788.4
840.732239,2773.6
840.850342,2773.2
840.968445,2766.2
841.086548,2744.2
841.204651,2767.0
841.322754,2758.2
841.440918,2778.2
841.55896,2796.4
841.677002,2766.6
841.795166,2764.4
841.913208,2749.8
842.031311,2789.8
842.149353,2755.0
842.267456,2745.4
842.385498,2754.4
842.503601,2723.4
842.621643,2744.6
842.739746,2711.6
842.857788,2732.8
842.97583,2702.0
843.093933,2721.0
843.211975,2717.6
843.330017,2756.8
843.44812,2749.4
843.566101,2727.4
843.684204,2715.6
843.802246,2718.8
843.920227,2755.0
844.038269,2747.2
844.156311,2724.6
844.274292,2722.8
844.392395,2739.0
844.510376,2748.8
844.628357,2719.4
844.74646,2682.2
844.864441,2718.0
844.982422,2706.6
845.100403,2731.8
845.218384,2700.0
845.336426,2722.8
845.454468,2744.6
845.572449,2746.8
845.69043,2746.4
845.808411,2721.0
845.926453,2725.6
846.044373,2711.6
846.162354,2692.4
846.280396,2719.8
846.398315,2691.0
846.516296,2709.8
846.634216,2707.8
846.752197,2691.8
846.870178,2714.0
846.988098,2720.0
847.106079,2709.2
847.22406,2681.6
847.34198,2725.0
847.4599,2709.4
847.577881,2720.6
847.695801,2707.0
847.813782,2725.2
847.931641,2724.8
848.049561,2732.2
848.167603,2691.0
848.285461,2697.6
848.403381,2722.2
848.521362,2696.4
848.639221,2707.4
848.75708,2710.0
848.875,2705.6
848.99292,2728.4
849.110901,2716.4
849.22876,2705.0
849.34668,2710.2
849.464539,2693.0
849.582458,2713.2
849.700317,2709.2
849.818176,2685.8
849.936096,2702.2
850.053955,2740.4
850.171875,2708.0
850.289673,2711.6
850.407593,2681.6
850.525452,2714.4
850.643311,2721.0
850.761169,2688.8
850.878967,2722.8
850.996887,2722.4
851.114746,2716.2
851.232544,2694.0
851.350403,2703.4
851.468262,2713.4
851.58606,2723.0
851.703979,2735.4
851.821777,2715.6
851.939636,2718.8
852.057434,2715.0
852.175232,2743.4
852.293091,2747.0
852.410889,2744.4
852.528687,2749.2
852.646545,2729.6
852.764343,2743.4
852.88208,2758.4
852.999939,2725.6
853.117676,2734.2
853.235535,2719.4
853.353271,2710.0
853.471069,2731.4
853.588928,2743.2
853.706604,2711.0
853.824402,2756.4
853.9422,2739.2
854.059998,2733.0
854.177734,2732.2
854.295532,2722.4
854.413269,2739.0
854.531006,2749.8
854.648804,2744.6
854.766541,2741.4
854.884277,2730.6
855.002014,2750.2
855.119751,2747.4
855.237549,2735.0
855.355225,2760.4
855.473022,2778.2
855.590698,2761.4
855.708435,2756.0
855.826172,2724.2
855.943848,2770.2
856.061646,2765.0
856.179321,2763.4
856.296997,2748.4
856.414795,2773.2
856.53241,2754.6
856.650085,2782.0
856.767822,2727.4
856.885559,2772.4
857.003174,2759.4
857.120911,2760.0
857.238586,2756.8
857.356201,2753.0
857.473938,2745.2
857.591614,2748.8
857.709351,2755.6
857.826965,2766.8
857.944641,2756.4
858.062317,2762.2
858.179993,2749.8
858.297668,2722.6
858.415283,2751.6
858.532959,2741.2
858.650574,2759.8
858.768188,2761.0
858.885803,2744.8
859.003479,2750.6
859.121094,2732.4
859.23877,2749.2
859.356384,2724.4
859.473999,2753.4
859.591675,2726.8
859.709229,2738.4
859.826843,2726.8
859.944458,2745.8
860.062012,2744.2
860.179626,2690.6
860.297302,2728.4
860.414856,2738.2
860.532471,2709.6
860.650024,2737.0
860.767639,2727.8
860.885193,2734.0
861.002808,2705.8
861.120361,2753.8
861.237976,2727.4
861.35553,2740.0
861.473022,2733.2
861.590698,2718.2
861.708191,2731.2
861.825745,2758.2
861.943298,2729.6
862.060852,2716.4
862.178406,2733.8
862.295959,2724.6
862.413513,2731.0
862.531006,2722.6
862.64856,2736.4
862.766113,2707.2
862.883667,2735.6
863.00116,2756.6
863.118713,2740.0
863.236206,2735.0
863.353699,2723.2
863.471252,2719.4
863.588745,2736.4
863.706177,2716.6
863.82373,2725.2
863.941162,2723.2
864.058716,2719.4
864.176208,2717.0
864.29364,2737.2
864.411194,2738.6
864.528687,2733.8
864.646118,2754.2
864.763611,2734.6
864.881042,2732.2
864.998535,2722.0
865.116028,2733.0
865.233459,2713.0
865.350891,2711.6
865.468384,2762.4
865.585754,2771.4
865.703308,2744.8
865.820679,2779.0
865.938171,2735.2
866.055542,2731.4
866.173035,2765.6
866.290466,2729.2
866.407837,2731.0
866.52533,2767.0
866.6427,2727.2
866.760071,2751.4
866.877563,2741.0
866.994934,2738.0
867.112305,2728.6
867.229736,2744.8
867.347107,2723.0
867.464539,2730.0
867.58197,2744.6
867.699341,2735.6
867.81665,2752.8
867.934082,2712.4
868.051453,2760.4
868.168823,2717.8
868.286194,2727.8
868.403564,2751.4
868.520935,2733.0
868.638306,2736.6
868.755676,2756.4
868.872986,2723.8
868.990295,2753.8
869.107727,2766.2
869.225037,2731.2
869.342346,2728.4
869.459717,2738.8
869.577026,2733.0
869.694336,2716.6
869.811707,2741.2
869.929016,2767.0
870.046326,2751.6
870.163635,2745.6
870.280945,2756.2
870.398254,2697.0
870.515564,2763.4
870.632812,2733.0
870.750183,2758.0
870.867432,2753.8
870.984741,2730.4
871.102051,2753.6
871.219299,2750.8
871.336609,2749.2
871.453918,2758.4
871.571106,2755.8
871.688416,2739.2
871.805664,2734.4
871.922852,2782.6
872.040222,2759.8
872.157471,2774.2
872.274719,2761.8
872.391968,2756.6
872.509155,2763.0
872.626465,2756.2
872.743652,2755.8
872.860962,2763.2
872.978149,2777.4
873.095337,2751.6
873.212646,2754.4
873.329834,2744.8
873.44696,2743.4
873.564209,2762.0
873.681396,2753.4
873.798645,2767.4
873.915894,2758.8
874.03302,2777.6
874.150208,2736.4
874.267456,2745.4
874.384583,2765.6
874.501831,2752.8
874.618958,2719.2
874.736145,2765.2
874.853333,2768.2
874.970459,2761.2
875.087646,2764.8
875.204834,2765.6
875.32196,2777.8
875.439148,2769.4
875.556274,2749.4
875.673401,2754.2
875.790527,2759.2
875.907715,2761.6
876.024841,2778.0
876.141968,2767.2
876.259094,2742.6
876.376282,2777.6
876.493347,2765.6
876.610474,2763.6
876.7276,2781.6
876.844727,2790.0
876.961853,2758.6
877.078918,2792.8
877.195984,2772.4
877.313171,2804.6
877.430237,2752.8
877.547302,2784.2
877.664368,2772.0
877.781433,2797.0
877.898499,2784.8
878.015625,2774.6
878.13269,2764.2
878.249695,2769.6
878.366821,2740.8
878.483887,2793.2
878.600952,2780.2
878.717957,2770.6
878.834961,2768.4
878.952087,2775.2
879.069092,2776.0
879.186157,2786.0
879.303162,2748.6
879.420227,2777.8
879.537231,2763.4
879.654236,2764.4
879.77124,2754.6
879.888306,2740.0
880.005249,2736.2
880.122314,2759.8
880.239319,2754.6
880.356323,2763.2
880.473328,2741.0
880.590271,2782.4
880.707275,2770.8
880.824341,2749.2
880.941284,2764.8
881.058228,2751.6
881.175232,2792.6
881.292236,2748.6
881.40918,2738.0
881.526123,2774.0
881.643066,2780.4
881.760071,2752.0
881.877014,2777.4
881.993958,2795.4
882.11084,2765.8
882.227783,2748.8
882.344727,2760.2
882.46167,2757.8
882.578613,2772.6
882.695618,2755.8
882.812439,2790.0
882.929382,2769.2
883.046326,2794.6
883.163208,2756.6
883.280151,2763.0
883.397034,2764.2
883.513916,2787.6
883.630798,2780.8
883.747742,2776.8
883.864563,2787.2
883.981506,2772.2
884.098389,2773.6
884.21521,2780.0
884.332153,2787.2
884.448975,2785.2
884.565796,2804.8
884.682678,2781.2
884.7995,2787.8
884.916443,2790.8
885.033264,2816.4
885.150085,2791.0
885.266968,2796.6
885.383789,2798.6
885.500671,2856.4
885.617493,2823.8
885.734314,2812.0
885.851196,2804.4
885.967896,2829.8
886.084717,2827.4
886.201599,2837.8
886.318359,2817.2
886.435181,2853.4
886.552002,2845.0
886.668762,2822.2
886.785645,2786.8
886.902344,2842.2
887.019165,2833.4
887.135925,2810.0
887.252747,2798.6
887.369446,2804.6
887.486267,2802.2
887.603027,2812.4
887.719788,2792.6
887.836548,2802.4
887.953247,2806.8
888.070068,2823.8
888.186829,2785.2
888.303528,2791.0
888.420288,2848.0
888.536987,2799.4
888.653687,2786.2
888.770447,2813.8
888.887146,2826.0
889.003967,2801.6
889.120667,2794.4
889.237305,2794.2
889.354065,2790.8
889.470703,2796.6
889.587463,2798.0
889.704163,2792.2
889.820862,2790.6
889.937561,2821.0
890.054199,2808.8
890.170837,2839.8
890.287598,2797.2
890.404236,2768.6
890.520874,2808.8
890.637634,2823.8
890.754211,2832.4
890.87085,2833.8
890.987549,2838.2
891.104187,2811.6
891.220886,2829.6
891.337463,2818.0
891.454102,2824.6
891.57074,2845.6
891.687378,2824.8
891.804077,2825.0
891.920654,2811.0
892.037231,2804.0
892.15387,2815.4
892.270447,2801.8
892.387085,2840.0
892.503723,2843.8
892.6203,2817.2
892.736877,2794.2
892.853516,2809.4
892.970032,2823.2
893.08667,2809.0
893.203186,2873.2
893.319763,2845.2
893.43634,2816.0
893.552917,2819.2
893.669556,2845.6
893.786011,2836.0
893.902588,2828.4
894.019165,2849.4
894.135681,2831.0
894.252197,2847.8
894.368835,2876.8
894.485291,2854.0
894.601868,2864.0
894.718384,2872.2
894.8349,2850.8
894.951355,2837.4
895.067932,2835.6
895.184448,2837.2
895.300964,2820.2
895.417419,2851.6
895.533936,2872.2
895.650452,2852.2
895.766907,2852.4
895.883423,2869.4
895.999878,2860.6
896.116333,2862.4
896.232849,2841.8
896.349304,2865.8
896.465759,2847.0
896.582214,2873.4
896.698669,2880.2
896.815125,2851.4
896.931641,2866.2
897.048035,2835.4
897.164551,2854.0
897.280884,2886.8
897.397339,2864.4
897.513794,2848.4
897.630249,2891.0
897.746582,2876.6
897.863098,2879.8
897.979431,2902.6
898.095886,2872.2
898.212341,2840.4
898.328674,2880.2
898.445129,2866.8
898.561462,2872.8
898.677795,2898.0
898.794312,2890.8
898.910645,2880.4
899.026978,2870.8
899.143433,2869.6
899.259766,2884.8
899.37616,2881.6
899.492493,2849.8
899.608765,2876.4
899.725159,2898.4
899.841553,2899.0
899.957947,2889.4
900.07428,2883.6
900.190552,2922.6
900.306946,2880.6
900.423157,2911.2
900.53949,2881.8
900.655884,2870.4
900.772156,2905.0
900.888489,2902.0
901.004822,2892.2
901.121033,2898.4
901.237366,2881.8
901.353699,2892.4
901.46991,2904.4
901.586304,2907.6
901.702515,2900.0
901.818787,2897.0
901.93512,2937.6
902.051331,2892.2
902.167603,2904.4
902.283875,2908.4
902.400085,2909.0
902.516418,2897.4
902.632629,2923.4
902.74884,2904.2
902.865112,2913.4
902.981384,2919.4
903.097595,2932.8
903.213867,2931.4
903.330017,2923.2
903.446289,2930.6
903.5625,2917.2
903.67865,2899.8
903.794922,2916.8
903.911072,2904.8
904.027344,2933.2
904.143494,2908.2
904.259705,2935.6
904.375916,2895.6
904.492065,2899.6
904.608215,2923.6
904.724426,2883.0
904.840576,2892.6
904.956726,2903.2
905.072876,2932.8
905.189087,2928.8
905.305176,2911.0
905.421387,2935.8
905.537537,2914.0
905.653687,2894.4
905.769775,2932.2
905.885925,2924.0
906.002014,2914.6
906.118164,2927.2
906.234314,2923.8
906.350403,2926.6
906.466492,2918.8
906.582642,2915.0
906.69873,2950.2
906.814758,2916.2
906.930908,2956.4
907.046936,2905.8
907.163086,2901.8
907.279175,2918.6
907.395264,2917.2
907.511353,2921.2
907.62738,2924.4
907.743408,2921.8
907.859497,2932.0
907.975525,2942.8
908.091553,2939.8
908.207703,2923.6
908.32373,2925.0
908.439758,2921.6
908.555786,2926.8
908.671814,2935.6
908.787842,2916.4
908.90387,2925.4
909.019775,2931.2
909.135864,2924.6
909.251892,2933.8
909.367859,2934.6
909.483826,2960.0
909.599854,2935.6
909.715881,2916.6
909.831848,2942.0
909.947815,2919.6
910.063782,2965.6
910.179749,2920.4
910.295776,2943.8
910.411743,2935.6
910.527649,2925.4
910.643616,2913.8
910.759583,2939.6
910.875488,2930.6
910.991455,2926.6
911.107361,2958.2
911.223267,2947.2
911.339294,2929.8
911.4552,2953.8
911.571106,2940.0
911.687073,2956.6
911.802979,2924.6
911.918823,2906.6
912.034729,2933.2
912.150635,2923.0
912.266602,2941.6
912.382446,2935.6
912.498352,2909.0
912.614197,2904.0
912.730103,2893.0
912.846008,2895.6
792.44574,3961.0
792.56488,3899.4
792.68396,3922.2
792.80304,3876.2
792.92218,3777.2
793.041199,3822.2
793.160339,3815.4
793.279419,3785.4
793.398499,3745.2
793.517578,3724.8
793.636658,3692.8
793.755737,3727.2
793.874817,3719.6
793.993896,3713.6
794.112976,3673.2
794.232056,3659.8
794.351074,3640.0
794.470215,3604.4
794.589233,3623.2
794.708313,3574.0
794.827393,3581.0
794.946411,3607.0
795.065552,3558.0
795.18457,3544.8
795.303589,3551.4
795.422668,3548.6
795.541687,3534.2
795.660767,3535.4
795.779846,3505.6
795.898865,3474.4
796.017883,3485.0
796.136963,3497.4
796.255981,3471.2
796.375061,3494.4
796.49408,3485.0
796.613037,3486.4
796.732117,3455.8
796.851135,3457.4
796.970154,3439.6
797.089233,3434.4
797.208191,3415.6
797.327271,3431.2
797.446228,3434.2
797.565186,3436.6
797.684265,3446.0
797.803223,3428.8
797.922241,3394.0
798.04126,3404.8
798.160278,3409.2
798.279297,3376.8
798.398315,3419.2
798.517273,3362.6
798.636292,3371.2
798.75531,3391.8
798.874268,3382.4
798.993286,3420.0
799.112244,3370.8
799.231323,3383.8
799.350281,3410.2
799.469238,3410.4
799.588257,3406.2
799.707153,3389.4
799.826111,3389.6
799.945129,3386.4
800.064087,3373.2
800.183044,3387.2
800.302063,3374.0
800.421021,3382.0
800.539978,3388.8
800.658936,3373.4
800.777893,3397.8
800.896912,3365.8
801.015747,3369.8
801.134705,3387.8
801.253723,3379.8
801.37262,3389.0
801.491638,3408.8
801.610535,3395.2
801.729492,3383.4
801.84845,3379.8
801.967407,3388.8
802.086243,3418.8
802.205261,3412.4
802.324158,3409.8
802.443115,3428.2
802.562073,3391.6
802.680969,3408.0
802.799927,3369.0
802.918762,3387.8
803.037659,3385.0
803.156677,3421.2
803.275574,3414.4
803.39447,3403.6
803.513428,3413.8
803.632263,3403.2
803.751221,3449.6
803.870117,3433.4
803.989014,3418.0
804.107971,3416.0
804.226746,3450.8
804.345642,3408.8
804.4646,3461.6
804.583496,3422.6
804.702393,3426.6
804.821228,3441.6
804.940125,3453.4
805.059021,3416.8
805.177917,3449.8
805.296814,3448.6
805.415649,3468.0
805.534546,3453.6
805.653442,3456.2
805.772278,3467.4
805.891113,3459.8
806.01001,3466.4
806.128906,3474.4
806.247742,3467.6
806.366577,3446.8
806.485413,3441.4
806.604309,3464.0
806.723145,3426.2
806.84198,3466.2
806.960876,3481.2
807.079712,3445.0
807.198486,3464.0
807.317383,3458.0
807.436218,3443.6
807.554993,3458.2
807.673889,3439.4
807.792725,3435.4
807.91156,3460.2
808.030396,3472.0
808.14917,3452.8
808.268005,3464.6
808.386841,3459.2
808.505676,3480.0
808.624451,3477.8
808.743286,3440.8
808.862122,3446.0
808.980896,3442.4
809.099731,3444.0
809.218506,3470.0
809.337341,3451.2
809.456116,3466.6
809.57489,3476.6
809.693726,3499.0
809.8125,3453.4
809.931274,3499.6
810.050049,3493.6
810.168884,3450.6
810.287659,3458.0
810.406372,3465.4
810.525269,3468.6
810.643982,3446.4
810.762756,3416.6
810.881531,3460.6
811.000305,3454.6
811.11908,3445.2
811.237854,3474.2
811.356567,3462.4
811.475403,3464.4
811.594116,3462.6
811.71283,3486.6
811.831604,3468.6
811.950378,3486.2
812.069153,3514.6
812.187927,3517.2
812.30658,3497.8
812.425415,3456.0
812.544128,3469.4
812.662781,3482.6
812.781616,3452.0
812.900269,3460.8
813.019043,3478.4
813.137756,3466.0
813.256531,3452.2
813.375244,3454.4
813.493896,3438.8
813.612671,3464.2
813.731384,3449.2
813.850037,3437.0
813.96875,3444.6
814.087524,3417.4
814.206238,3438.2
814.324951,3419.0
814.443604,3389.4
814.562256,3404.0
814.68103,3392.8
814.799683,3386.2
814.918335,3404.2
815.037109,3393.2
815.155762,3376.2
815.274475,3358.8
815.393188,3405.2
815.511841,3325.0
815.630554,3345.4
815.749146,3304.0
815.867859,3320.0
815.986572,3327.0
816.105164,3340.8
816.223877,3358.8
816.342529,3347.0
816.461182,3367.0
816.579895,3367.6
816.698486,3357.6
816.817139,3404.2
816.935791,3378.8
817.054504,3364.8
817.173096,3332.6
817.291748,3317.8
817.4104,3338.0
817.529053,3237.6
817.647644,3259.0
817.766235,3193.4
817.884949,3209.2
818.00354,3167.0
818.122192,3168.8
818.240845,3093.4
818.359436,3074.0
818.478088,3112.2
818.59668,3033.2
818.715271,3069.4
818.833923,3016.6
818.952515,3059.0
819.071106,3047.2
819.189758,2978.4
819.30835,3005.6
819.426941,2972.4
819.545532,2965.0
819.664124,2992.6
819.782715,2960.2
819.901306,2960.2
820.019897,2938.8
820.138489,2958.8
820.25708,2939.8
820.375671,2954.2
820.494202,2957.4
820.612732,2933.0
820.731384,2923.0
820.849915,2919.4
820.968506,2918.8
821.087097,2908.2
821.205627,2901.8
821.324158,2916.8
821.442749,2858.2
821.561279,2916.2
821.679871,2849.8
821.798401,2889.0
821.916931,2886.2
822.035461,2883.0
822.154053,2884.4
822.272583,2840.0
822.391174,2872.2
822.509583,2875.2
822.628174,2848.2
822.746704,2847.8
822.865234,2851.6
822.983765,2860.6
823.102295,2839.0
823.220825,2836.8
823.339294,2837.4
823.457825,2864.4
823.576355,2868.8
823.694824,2846.4
823.813354,2854.6
823.931885,2866.0
824.050354,2844.0
824.168884,2923.0
824.287354,2884.2
824.405823,2860.6
824.524353,2867.2
824.642822,2865.4
824.761353,2847.0
824.879822,2845.0
824.998291,2838.2
825.116699,2823.2
825.235291,2828.6
825.353699,2842.0
825.472168,2801.8
825.590637,2806.2
825.709106,2811.8
825.827576,2814.8
825.946045,2773.4
826.064453,2802.0
826.182983,2766.0
826.301392,2782.6
826.4198,2763.4
826.53833,2818.2
826.656738,2783.4
826.775208,2786.0
826.893677,2798.4
827.012024,2779.8
827.130493,2765.8
827.248962,2775.8
827.36731,2763.2
827.485779,2796.6
827.604248,2760.6
827.722595,2762.8
827.841064,2748.2
827.959412,2733.2
828.077942,2740.0
828.196289,2709.4
828.314636,2762.0
828.433105,2741.2
828.551514,2741.6
828.669861,2733.2
828.78833,2751.8
828.906677,2725.8
829.025085,2735.2
829.143433,2745.0
829.261841,2742.4
829.38031,2725.0
829.498657,2717.6
829.617004,2739.0
829.735413,2778.6
829.85376,2705.8
829.972107,2716.0
830.090515,2709.6
830.208862,2713.2
830.327209,2725.4
830.445557,2735.0
830.563904,2728.4
830.682312,2748.8
830.800659,2687.8
830.919006,2723.4
831.037354,2704.0
831.155701,2716.2
831.274048,2725.0
831.392395,2707.6
831.51062,2721.4
831.629028,2685.0
831.747314,2726.8
831.865662,2715.2
831.984009,2712.8
832.102356,2717.6
832.220642,2718.4
832.338928,2711.6
832.457275,2723.4
832.575623,2707.2
832.693909,2679.4
832.812134,2724.4
832.930481,2719.4
833.048828,2680.6
833.167114,2700.8
833.2854,2677.6
833.403687,2723.0
833.521973,2686.0
833.640259,2699.8
833.758545,2685.8
833.876831,2687.0
833.995056,2687.8
834.113281,2715.6
834.231628,2715.6
834.349915,2688.2
834.468201,2707.6
834.586426,2685.2
834.704651,2694.2
834.822998,2682.6
834.941162,2727.4
835.059448,2700.8
835.177673,2712.4
835.295959,2691.0
835.414246,2707.4
835.53241,2697.4
835.650635,2699.8
835.768921,2708.2
835.887146,2710.6
836.005371,2746.0
836.123596,2719.0
836.241821,2724.6
836.360046,2764.4
836.478271,2725.0
836.596497,2746.0
836.714722,2721.6
836.832886,2733.6
836.95105,2728.2
837.069336,2765.2
837.1875,2733.8
837.305725,2750.4
837.423889,2769.2
837.542053,2730.2
837.660339,2738.8
837.778503,2769.2
837.896667,2720.2
838.014832,2714.2
838.132996,2746.2
838.25116,2726.6
838.369385,2735.8
838.487488,2757.0
838.605713,2751.4
838.723877,2751.2
838.84198,2751.4
838.960205,2751.6
839.078308,2761.0
839.196472,2708.4
839.314636,2721.8
839.4328,2720.2
839.550964,2727.2
839.669067,2701.4
839.787231,2729.2
839.905396,2732.8
840.023499,2740.0
840.141602,2735.6
840.259766,2694.6
840.377869,2722.0
840.495972,2712.6
840.614136,2711.8
840.732239,2698.2
840.850342,2667.6
840.968445,2726.0
841.086548,2677.2
841.204651,2704.2
841.322754,2701.4
841.440918,2698.0
841.55896,2704.0
841.677002,2669.2
841.795166,2659.0
841.913208,2663.8
842.031311,2679.8
842.149353,2683.0
842.267456,2662.6
842.385498,2644.6
842.503601,2683.6
842.621643,2670.6
842.739746,2654.4
842.857788,2638.8
842.97583,2659.6
843.093933,2680.2
843.211975,2658.6
843.330017,2662.2
843.44812,2673.0
843.566101,2653.8
843.684204,2660.8
843.802246,2659.6
843.920227,2685.4
844.038269,2672.0
844.156311,2661.2
844.274292,2645.6
844.392395,2674.6
844.510376,2672.2
844.628357,2636.4
844.74646,2636.0
844.864441,2642.0
844.982422,2623.8
845.100403,2647.8
845.218384,2657.8
845.336426,2623.4
845.454468,2631.6
845.572449,2674.0
845.69043,2659.6
845.808411,2605.6
845.926453,2643.8
846.044373,2635.6
846.162354,2646.4
846.280396,2630.8
846.398315,2620.2
846.516296,2630.2
846.634216,2650.4
846.752197,2629.8
846.870178,2656.0
846.988098,2637.2
847.106079,2626.0
847.22406,2626.0
847.34198,2626.0
847.4599,2606.6
847.577881,2609.8
847.695801,2632.6
847.813782,2627.0
847.931641,2619.4
848.049561,2663.0
848.167603,2609.2
848.285461,2652.4
848.403381,2634.0
848.521362,2656.8
848.639221,2638.2
848.75708,2656.0
848.875,2622.0
848.99292,2660.8
849.110901,2658.0
849.22876,2626.0
849.34668,2639.6
849.464539,2633.8
849.582458,2638.4
849.700317,2617.4
849.818176,2623.6
849.936096,2641.6
850.053955,2635.2
850.171875,2648.6
850.289673,2650.6
850.407593,2618.2
850.525452,2652.4
850.643311,2654.6
850.761169,2657.2
850.878967,2615.8
850.996887,2663.2
851.114746,2671.8
851.232544,2648.0
851.350403,2669.2
851.468262,2641.0
851.58606,2655.8
851.703979,2653.4
851.821777,2648.0
851.939636,2682.0
852.057434,2655.2
852.175232,2670.8
852.293091,2675.6
852.410889,2687.4
852.528687,2685.6
852.646545,2674.4
852.764343,2676.4
852.88208,2674.4
852.999939,2681.4
853.117676,2698.6
853.235535,2686.6
853.353271,2677.2
853.471069,2659.4
853.588928,2644.2
853.706604,2623.4
853.824402,2661.6
853.9422,2691.6
854.059998,2640.8
854.177734,2678.0
854.295532,2658.4
854.413269,2670.6
854.531006,2667.8
854.648804,2680.0
854.766541,2663.8
854.884277,2699.4
855.002014,2677.6
855.119751,2680.2
855.237549,2691.0
855.355225,2707.6
855.473022,2686.4
855.590698,2702.2
855.708435,2682.0
855.826172,2657.0
855.943848,2702.2
856.061646,2718.2
856.179321,2668.4
856.296997,2681.8
856.414795,2704.0
856.53241,2718.6
856.650085,2705.2
856.767822,2684.4
856.885559,2702.8
857.003174,2699.2
857.120911,2687.8
857.238586,2676.4
857.356201,2707.2
857.473938,2686.0
857.591614,2683.2
857.709351,2691.6
857.826965,2695.0
857.944641,2681.0
858.062317,2670.8
858.179993,2645.6
858.297668,2692.4
858.415283,2654.4
858.532959,2678.6
858.650574,2685.2
858.768188,2689.2
858.885803,2679.6
859.003479,2691.0
859.121094,2657.0
859.23877,2689.2
859.356384,2675.6
859.473999,2658.6
859.591675,2676.4
859.709229,2685.6
859.826843,2662.2
859.944458,2637.2
860.062012,2681.0
860.179626,2656.2
860.297302,2678.0
860.414856,2676.6
860.532471,2671.2
860.650024,2684.8
860.767639,2654.2
860.885193,2675.4
861.002808,2637.2
861.120361,2663.8
861.237976,2677.4
861.35553,2696.4
861.473022,2643.6
861.590698,2676.6
861.708191,2668.8
861.825745,2670.4
861.943298,2659.0
862.060852,2688.4
862.178406,2675.2
862.295959,2653.6
862.413513,2663.8
862.531006,2651.6
862.64856,2673.0
862.766113,2644.8
862.883667,2682.2
863.00116,2673.6
863.118713,2661.4
863.236206,2663.2
863.353699,2646.0
863.471252,2684.8
863.588745,2685.6
863.706177,2675.4
863.82373,2648.4
863.941162,2682.6
864.058716,2660.6
864.176208,2666.2
864.29364,2660.8
864.411194,2678.0
864.528687,2648.8
864.646118,2714.0
864.763611,2657.4
864.881042,2675.6
864.998535,2662.6
865.116028,2673.8
865.233459,2652.2
865.350891,2624.4
865.468384,2690.8
865.585754,2699.0
865.703308,2631.0
865.820679,2695.4
865.938171,2652.4
866.055542,2654.2
866.173035,2682.4
866.290466,2664.4
866.407837,2667.6
866.52533,2678.6
866.6427,2676.2
866.760071,2654.0
866.877563,2667.2
866.994934,2673.0
867.112305,2681.6
867.229736,2645.8
867.347107,2674.6
867.464539,2647.8
867.58197,2675.8
867.699341,2669.4
867.81665,2658.6
867.934082,2659.4
868.051453,2673.4
868.168823,2667.8
868.286194,2662.6
868.403564,2685.8
868.520935,2650.6
868.638306,2688.6
868.755676,2671.2
868.872986,2673.4
868.990295,2677.0
869.107727,2686.2
869.225037,2685.4
869.342346,2665.2
869.459717,2686.2
869.577026,2694.8
869.694336,2672.6
869.811707,2665.6
869.929016,2673.4
870.046326,2669.0
870.163635,2689.0
870.280945,2695.8
870.398254,2681.6
870.515564,2696.0
870.632812,2667.0
870.750183,2690.6
870.867432,2697.8
870.984741,2647.8
871.102051,2679.4
871.219299,2658.6
871.336609,2684.4
871.453918,2718.4
871.571106,2667.6
871.688416,2695.2
871.805664,2675.0
871.922852,2688.6
872.040222,2693.8
872.157471,2672.8
872.274719,2706.4
872.391968,2687.4
872.509155,2700.2
872.626465,2711.2
872.743652,2695.6
872.860962,2702.2
872.978149,2676.2
873.095337,2658.8
873.212646,2668.0
873.329834,2703.6
873.44696,2683.8
873.564209,2679.0
873.681396,2682.4
873.798645,2697.2
873.915894,2669.4
874.03302,2673.0
874.150208,2709.8
874.267456,2676.6
874.384583,2667.0
874.501831,2674.6
874.618958,2684.6
874.736145,2690.2
874.853333,2699.0
874.970459,2697.8
875.087646,2704.2
875.204834,2676.4
875.32196,2687.2
875.439148,2711.6
875.556274,2695.4
875.673401,2688.0
875.790527,2695.4
875.907715,2718.0
876.024841,2716.0
876.141968,2693.2
876.259094,2714.0
876.376282,2679.0
876.493347,2693.8
876.610474,2716.6
876.7276,2707.6
876.844727,2701.4
876.961853,2720.4
877.078918,2722.6
877.195984,2722.4
877.313171,2700.4
877.430237,2701.2
877.547302,2685.6
877.664368,2715.0
877.781433,2714.2
877.898499,2715.8
878.015625,2701.4
878.13269,2691.6
878.249695,2721.2
878.366821,2705.8
878.483887,2716.2
878.600952,2704.0
878.717957,2711.0
878.834961,2734.6
878.952087,2726.6
879.069092,2718.0
879.186157,2710.4
879.303162,2711.4
879.420227,2682.8
879.537231,2698.2
879.654236,2694.6
879.77124,2689.8
879.888306,2694.0
880.005249,2738.0
880.122314,2681.0
880.239319,2696.2
880.356323,2687.4
880.473328,2707.2
880.590271,2703.4
880.707275,2709.4
880.824341,2709.8
880.941284,2706.6
881.058228,2718.2
881.175232,2728.6
881.292236,2699.6
881.40918,2698.6
881.526123,2717.4
881.643066,2703.2
881.760071,2721.4
881.877014,2713.8
881.993958,2729.4
882.11084,2712.6
882.227783,2731.8
882.344727,2700.2
882.46167,2706.2
882.578613,2721.6
882.695618,2683.4
882.812439,2671.8
882.929382,2677.8
883.046326,2708.6
883.163208,2744.4
883.280151,2707.4
883.397034,2697.2
883.513916,2724.8
883.630798,2716.6
883.747742,2721.6
883.864563,2717.6
883.981506,2725.6
884.098389,2724.8
884.21521,2713.2
884.332153,2733.6
884.448975,2713.8
884.565796,2733.4
884.682678,2731.8
884.7995,2744.4
884.916443,2728.8
885.033264,2728.6
885.150085,2719.2
885.266968,2741.0
885.383789,2724.4
885.500671,2756.4
885.617493,2740.6
885.734314,2747.6
885.851196,2731.8
885.967896,2733.0
886.084717,2759.6
886.201599,2767.0
886.318359,2728.8
886.435181,2751.2
886.552002,2754.0
886.668762,2726.6
886.785645,2752.8
886.902344,2760.2
887.019165,2726.0
887.135925,2755.2
887.252747,2734.0
887.369446,2741.4
887.486267,2738.0
887.603027,2758.2
887.719788,2743.4
887.836548,2756.8
887.953247,2763.6
888.070068,2762.6
888.186829,2767.2
888.303528,2736.0
888.420288,2767.8
888.536987,2741.0
888.653687,2738.2
888.770447,2750.8
888.887146,2739.6
889.003967,2778.2
889.120667,2770.8
889.237305,2736.8
889.354065,2757.4
889.470703,2735.8
889.587463,2757.2
889.704163,2770.4
889.820862,2743.0
889.937561,2750.4
890.054199,2722.2
890.170837,2765.2
890.287598,2764.4
890.404236,2740.6
890.520874,2775.8
890.637634,2763.8
890.754211,2747.6
890.87085,2732.2
890.987549,2753.6
891.104187,2748.2
891.220886,2772.0
891.337463,2782.6
891.454102,2761.0
891.57074,2772.8
891.687378,2748.4
891.804077,2786.8
891.920654,2760.4
892.037231,2754.4
892.15387,2771.2
892.270447,2758.6
892.387085,2785.4
892.503723,2782.0
892.6203,2765.0
892.736877,2761.6
892.853516,2773.4
892.970032,2808.6
893.08667,2788.4
893.203186,2784.6
893.319763,2777.0
893.43634,2776.8
893.552917,2811.4
893.669556,2817.0
893.786011,2768.0
893.902588,2761.4
894.019165,2774.6
894.135681,2775.4
894.252197,2765.2
894.368835,2824.2
894.485291,2787.0
894.601868,2794.2
894.718384,2811.0
894.8349,2764.8
894.951355,2794.6
895.067932,2805.0
895.184448,2809.8
895.300964,2818.0
895.417419,2807.8
895.533936,2798.6
895.650452,2780.8
895.766907,2795.8
895.883423,2823.0
895.999878,2771.4
896.116333,2804.0
896.232849,2792.6
896.349304,2806.2
896.465759,2799.0
896.582214,2806.4
896.698669,2833.4
896.815125,2792.0
896.931641,2800.2
897.048035,2805.0
897.164551,2829.0
897.280884,2822.8
897.397339,2783.0
897.513794,2822.8
897.630249,2837.2
897.746582,2802.4
897.863098,2801.2
897.979431,2805.4
898.095886,2825.2
898.212341,2804.4
898.328674,2816.4
898.445129,2830.6
898.561462,2806.2
898.677795,2824.4
898.794312,2828.8
898.910645,2828.2
899.026978,2840.4
899.143433,2818.0
899.259766,2809.0
899.37616,2818.2
899.492493,2811.2
899.608765,2843.2
899.725159,2851.8
899.841553,2815.2
899.957947,2836.8
900.07428,2844.2
900.190552,2825.0
900.306946,2845.8
900.423157,2826.4
900.53949,2856.6
900.655884,2847.4
900.772156,2827.0
900.888489,2832.6
901.004822,2857.4
901.121033,2844.6
901.237366,2859.8
901.353699,2823.0
901.46991,2849.2
901.586304,2830.2
901.702515,2843.8
901.818787,2844.0
901.93512,2857.8
902.051331,2851.6
902.167603,2872.0
902.283875,2833.0
902.400085,2865.4
902.516418,2849.0
902.632629,2839.8
902.74884,2842.6
902.865112,2853.2
902.981384,2845.4
903.097595,2862.8
903.213867,2861.6
903.330017,2854.0
903.446289,2851.6
903.5625,2843.0
903.67865,2880.6
903.794922,2885.8
903.911072,2858.6
904.027344,2872.4
904.143494,2864.2
904.259705,2883.0
904.375916,2869.8
904.492065,2837.4
904.608215,2858.8
904.724426,2844.6
904.840576,2834.2
904.956726,2833.0
905.072876,2875.6
905.189087,2870.0
905.305176,2848.8
905.421387,2869.8
905.537537,2892.6
905.653687,2872.0
905.769775,2851.8
905.885925,2883.0
906.002014,2864.0
906.118164,2857.2
906.234314,2873.8
906.350403,2840.8
906.466492,2852.0
906.582642,2872.4
906.69873,2888.8
906.814758,2878.0
906.930908,2901.0
907.046936,2871.8
907.163086,2914.6
907.279175,2854.8
907.395264,2876.6
907.511353,2851.8
907.62738,2867.2
907.743408,2858.2
907.859497,2904.8
907.975525,2880.8
908.091553,2870.6
908.207703,2867.4
908.32373,2866.4
908.439758,2890.6
908.555786,2890.4
908.671814,2881.2
908.787842,2876.0
908.90387,2902.6
909.019775,2873.2
909.135864,2871.4
909.251892,2886.0
909.367859,2903.8
909.483826,2891.6
909.599854,2900.6
909.715881,2893.0
909.831848,2908.0
909.947815,2903.2
910.063782,2868.8
910.179749,2880.6
910.295776,2890.8
910.411743,2907.6
910.527649,2892.8
910.643616,2912.0
910.759583,2869.6
910.875488,2939.2
910.991455,2922.4
911.107361,2876.2
911.223267,2901.2
911.339294,2897.8
911.4552,2871.2
911.571106,2892.6
911.687073,2912.2
911.802979,2895.4
911.918823,2877.2
912.034729,2903.2
912.150635,2893.8
912.266602,2882.2
912.382446,2859.8
912.498352,2914.2
912.614197,2855.4
912.730103,2875.2
912.846008,2872.0
792.44574,4024.0
792.56488,3943.4
792.68396,3976.2
792.80304,3925.6
792.92218,3856.0
793.041199,3843.2
793.160339,3788.0
793.279419,3825.0
793.398499,3770.2
793.517578,3724.0
793.636658,3734.4
793.755737,3739.8
793.874817,3680.6
793.993896,3672.6
794.112976,3661.8
794.232056,3638.4
794.351074,3617.2
794.470215,3606.4
794.589233,3569.2
794.708313,3554.2
794.827393,3561.6
794.946411,3510.0
795.065552,3524.0
795.18457,3517.4
795.303589,3525.4
795.422668,3491.6
795.541687,3501.4
795.660767,3507.6
795.779846,3434.4
795.898865,3450.2
796.017883,3461.0
796.136963,3429.4
796.255981,3441.8
796.375061,3380.8
796.49408,3420.2
796.613037,3386.6
796.732117,3384.4
796.851135,3372.4
796.970154,3369.2
797.089233,3372.6
797.208191,3336.0
797.327271,3355.0
797.446228,3337.6
797.565186,3346.4
797.684265,3361.6
797.803223,3329.8
797.922241,3325.4
798.04126,3326.8
798.160278,3329.6
798.279297,3295.6
798.398315,3310.8
798.517273,3294.0
798.636292,3303.8
798.75531,3277.8
798.874268,3299.4
798.993286,3289.2
799.112244,3268.6
799.231323,3289.0
799.350281,3284.6
799.469238,3293.8
799.588257,3288.4
799.707153,3288.0
799.826111,3315.4
799.945129,3259.2
800.064087,3294.4
800.183044,3283.0
800.302063,3287.6
800.421021,3269.2
800.539978,3262.0
800.658936,3262.8
800.777893,3298.2
800.896912,3261.0
801.015747,3297.0
801.134705,3263.8
801.253723,3241.6
801.37262,3266.6
801.491638,3282.8
801.610535,3239.8
801.729492,3265.4
801.84845,3264.8
801.967407,3280.8
802.086243,3282.0
802.205261,3271.2
802.324158,3242.8
802.443115,3294.8
802.562073,3253.6
802.680969,3283.0
802.799927,3263.8
802.918762,3297.4
803.037659,3252.8
803.156677,3291.0
803.275574,3276.8
803.39447,3280.8
803.513428,3265.4
803.632263,3291.6
803.751221,3279.2
803.870117,3257.4
803.989014,3266.8
804.107971,3280.0
804.226746,3259.2
804.345642,3232.8
804.4646,3304.4
804.583496,3265.6
804.702393,3276.4
804.821228,3273.6
804.940125,3256.8
805.059021,3271.4
805.177917,3266.0
805.296814,3268.0
805.415649,3282.4
805.534546,3281.2
805.653442,3280.0
805.772278,3308.0
805.891113,3294.6
806.01001,3280.8
806.128906,3293.2
806.247742,3266.4
806.366577,3299.8
806.485413,3263.8
806.604309,3287.4
806.723145,3259.6
806.84198,3287.2
806.960876,3284.2
807.079712,3284.8
807.198486,3295.4
807.317383,3287.8
807.436218,3259.6
807.554993,3266.4
807.673889,3275.2
807.792725,3280.2
807.91156,3273.6
808.030396,3276.8
808.14917,3259.4
808.268005,3280.6
808.386841,3270.0
808.505676,3290.4
808.624451,3276.0
808.743286,3309.2
808.862122,3292.8
808.980896,3263.6
809.099731,3282.8
809.218506,3280.2
809.337341,3257.4
809.456116,3278.4
809.57489,3305.6
809.693726,3302.6
809.8125,3300.4
809.931274,3296.8
810.050049,3308.2
810.168884,3289.6
810.287659,3267.6
810.406372,3283.4
810.525269,3309.8
810.643982,3251.2
810.762756,3306.0
810.881531,3281.6
811.000305,3309.0
811.11908,3242.8
811.237854,3282.8
811.356567,3257.6
811.475403,3276.6
811.594116,3292.2
811.71283,3299.0
811.831604,3300.0
811.950378,3311.2
812.069153,3299.6
812.187927,3301.8
812.30658,3285.0
812.425415,3274.2
812.544128,3272.4
812.662781,3289.2
812.781616,3270.2
812.900269,3300.0
813.019043,3288.6
813.137756,3283.2
813.256531,3245.6
813.375244,3271.0
813.493896,3283.0
813.612671,3268.0
813.731384,3256.2
813.850037,3240.0
813.96875,3270.8
814.087524,3225.0
814.206238,3246.8
814.324951,3208.4
814.443604,3229.4
814.562256,3225.8
814.68103,3235.4
814.799683,3209.6
814.918335,3213.2
815.037109,3208.6
815.155762,3213.2
815.274475,3205.0
815.393188,3209.8
815.511841,3192.0
815.630554,3202.6
815.749146,3184.6
815.867859,3158.4
815.986572,3173.8
816.105164,3161.6
816.223877,3192.0
816.342529,3160.0
816.461182,3175.2
816.579895,3184.8
816.698486,3196.8
816.817139,3218.6
816.935791,3202.4
817.054504,3169.4
817.173096,3182.4
817.291748,3139.4
817.4104,3158.4
817.529053,3133.4
817.647644,3123.4
817.766235,3095.0
817.884949,3063.0
818.00354,3060.4
818.122192,3063.2
818.240845,3014.4
818.359436,2996.6
818.478088,3000.0
818.59668,2975.0
818.715271,2973.4
818.833923,2975.8
818.952515,2953.8
819.071106,2934.0
819.189758,2966.0
819.30835,2941.8
819.426941,2942.0
819.545532,2913.8
819.664124,2914.0
819.782715,2924.4
819.901306,2903.6
820.019897,2891.2
820.138489,2904.6
820.25708,2909.2
820.375671,2897.4
820.494202,2887.8
820.612732,2890.0
820.731384,2898.6
820.849915,2866.2
820.968506,2864.4
821.087097,2866.2
821.205627,2861.4
821.324158,2889.4
821.442749,2849.8
821.561279,2847.6
821.679871,2810.2
821.798401,2825.2
821.916931,2828.0
822.035461,2854.8
822.154053,2855.4
822.272583,2806.6
822.391174,2843.6
822.509583,2843.4
822.628174,2819.8
822.746704,2859.0
822.865234,2825.6
822.983765,2821.6
823.102295,2822.6
823.220825,2811.4
823.339294,2812.2
823.457825,2839.2
823.576355,2813.0
823.694824,2807.4
823.813354,2810.2
823.931885,2842.0
824.050354,2838.8
824.168884,2838.4
824.287354,2822.6
824.405823,2815.8
824.524353,2842.2
824.642822,2827.2
824.761353,2816.2
824.879822,2831.2
824.998291,2780.4
825.116699,2776.8
825.235291,2824.0
825.353699,2820.4
825.472168,2788.6
825.590637,2804.2
825.709106,2799.0
825.827576,2774.2
825.946045,2732.2
826.064453,2796.2
826.182983,2744.2
826.301392,2780.4
826.4198,2768.4
826.53833,2780.8
826.656738,2750.4
826.775208,2735.8
826.893677,2736.8
827.012024,2735.2
827.130493,2781.8
827.248962,2751.2
827.36731,2749.2
827.485779,2744.4
827.604248,2736.4
827.722595,2746.0
827.841064,2717.2
827.959412,2722.4
828.077942,2715.8
828.196289,2741.6
828.314636,2736.8
828.433105,2724.4
828.551514,2728.6
828.669861,2723.0
828.78833,2729.4
828.906677,2703.4
829.025085,2703.0
829.143433,2703.4
829.261841,2683.4
829.38031,2724.2
829.498657,2703.6
829.617004,2707.8
829.735413,2754.0
829.85376,2678.8
829.972107,2701.8
830.090515,2715.2
830.208862,2706.8
830.327209,2699.6
830.445557,2694.4
830.563904,2700.6
830.682312,2713.0
830.800659,2692.4
830.919006,2707.4
831.037354,2686.8
831.155701,2715.4
831.274048,2688.0
831.392395,2677.8
831.51062,2696.0
831.629028,2685.6
831.747314,2693.2
831.865662,2682.0
831.984009,2691.4
832.102356,2677.4
832.220642,2676.4
832.338928,2691.4
832.457275,2696.8
832.575623,2694.6
832.693909,2661.4
832.812134,2677.2
832.930481,2672.2
833.048828,2692.6
833.167114,2660.0
833.2854,2677.4
833.403687,2680.0
833.521973,2663.8
833.640259,2662.2
833.758545,2708.2
833.876831,2660.6
833.995056,2653.8
834.113281,2682.2
834.231628,2671.4
834.349915,2665.0
834.468201,2714.8
834.586426,2678.8
834.704651,2690.0
834.822998,2656.8
834.941162,2677.6
835.059448,2651.4
835.177673,2691.6
835.295959,2690.4
835.414246,2689.6
835.53241,2686.8
835.650635,2676.0
835.768921,2663.2
835.887146,2687.6
836.005371,2714.0
836.123596,2690.6
836.241821,2684.2
836.360046,2690.2
836.478271,2710.2
836.596497,2699.6
836.714722,2704.0
836.832886,2690.6
836.95105,2710.4
837.069336,2694.6
837.1875,2714.4
837.305725,2708.4
837.423889,2723.2
837.542053,2705.0
837.660339,2703.4
837.778503,2708.2
837.896667,2675.8
838.014832,2704.2
838.132996,2713.4
838.25116,2697.0
838.369385,2714.0
838.487488,2703.8
838.605713,2692.0
838.723877,2704.8
838.84198,2675.2
838.960205,2719.8
839.078308,2697.0
839.196472,2705.2
839.314636,2691.6
839.4328,2691.8
839.550964,2681.2
839.669067,2697.8
839.787231,2670.6
839.905396,2696.8
840.023499,2684.8
840.141602,2694.2
840.259766,2670.4
840.377869,2678.8
840.495972,2678.2
840.614136,2673.8
840.732239,2683.6
840.850342,2650.0
840.968445,2677.8
841.086548,2671.2
841.204651,2700.0
841.322754,2687.2
841.440918,2670.0
841.55896,2705.2
841.677002,2663.4
841.795166,2662.6
841.913208,2668.2
842.031311,2672.2
842.149353,2685.6
842.267456,2652.4
842.385498,2664.0
842.503601,2663.2
842.621643,2666.8
842.739746,2656.8
842.857788,2651.0
842.97583,2633.2
843.093933,2662.0
843.211975,2681.2
843.330017,2650.2
843.44812,2654.6
843.566101,2610.2
843.684204,2633.0
843.802246,2654.8
843.920227,2647.6
844.038269,2651.2
844.156311,2662.0
844.274292,2639.2
844.392395,2657.0
844.510376,2633.8
844.628357,2614.2
844.74646,2640.6
844.864441,2637.2
844.982422,2645.4
845.100403,2641.0
845.218384,2648.4
845.336426,2618.2
845.454468,2654.2
845.572449,2624.2
845.69043,2638.4
845.808411,2616.0
845.926453,2610.2
846.044373,2610.0
846.162354,2639.6
846.280396,2640.6
846.398315,2617.6
846.516296,2639.2
846.634216,2641.4
846.752197,2649.8
846.870178,2673.0
846.988098,2652.2
847.106079,2656.8
847.22406,2646.2
847.34198,2645.6
847.4599,2633.2
847.577881,2637.6
847.695801,2650.4
847.813782,2654.6
847.931641,2671.8
848.049561,2648.6
848.167603,2647.0
848.285461,2646.2
848.403381,2654.8
848.521362,2659.8
848.639221,2653.8
848.75708,2684.4
848.875,2624.0
848.99292,2640.8
849.110901,2648.0
849.22876,2640.8
849.34668,2648.6
849.464539,2637.6
849.582458,2627.2
849.700317,2635.6
849.818176,2637.0
849.936096,2641.6
850.053955,2644.4
850.171875,2657.4
850.289673,2665.0
850.407593,2647.8
850.525452,2662.6
850.643311,2657.8
850.761169,2669.4
850.878967,2672.4
850.996887,2676.8
851.114746,2662.0
851.232544,2679.4
851.350403,2679.6
851.468262,2714.2
851.58606,2703.0
851.703979,2702.0
851.821777,2709.8
851.939636,2707.4
852.057434,2713.6
852.175232,2716.6
852.293091,2724.8
852.410889,2714.0
852.528687,2701.0
852.646545,2726.4
852.764343,2692.4
852.88208,2726.6
852.999939,2700.4
853.117676,2713.6
853.235535,2668.2
853.353271,2682.2
853.471069,2676.6
853.588928,2671.4
853.706604,2650.6
853.824402,2674.0
853.9422,2644.6
854.059998,2642.8
854.177734,2657.8
854.295532,2649.8
854.413269,2650.2
854.531006,2661.2
854.648804,2659.2
854.766541,2667.0
854.884277,2669.8
855.002014,2670.2
855.119751,2694.2
855.237549,2675.8
855.355225,2706.2
855.473022,2706.2
855.590698,2723.0
855.708435,2714.2
855.826172,2697.0
855.943848,2713.0
856.061646,2720.6
856.179321,2707.8
856.296997,2669.8
856.414795,2678.0
856.53241,2694.6
856.650085,2688.0
856.767822,2696.4
856.885559,2682.2
857.003174,2669.2
857.120911,2671.0
857.238586,2669.0
857.356201,2658.0
857.473938,2693.6
857.591614,2680.0
857.709351,2664.6
857.826965,2680.4
857.944641,2671.2
858.062317,2657.0
858.179993,2659.4
858.297668,2675.8
858.415283,2687.2
858.532959,2632.8
858.650574,2704.2
858.768188,2688.6
858.885803,2671.6
859.003479,2682.2
859.121094,2641.0
859.23877,2681.0
859.356384,2647.0
859.473999,2675.6
859.591675,2673.2
859.709229,2670.8
859.826843,2658.0
859.944458,2636.2
860.062012,2659.2
860.179626,2657.4
860.297302,2659.2
860.414856,2660.4
860.532471,2650.6
860.650024,2690.4
860.767639,2655.2
860.885193,2657.0
861.002808,2646.6
861.120361,2671.8
861.237976,2646.6
861.35553,2657.6
861.473022,2654.2
861.590698,2657.2
861.708191,2696.4
861.825745,2650.2
861.943298,2660.2
862.060852,2658.8
862.178406,2655.2
862.295959,2667.6
862.413513,2675.4
862.531006,2651.0
862.64856,2671.8
862.766113,2666.0
862.883667,2648.0
863.00116,2640.6
863.118713,2677.8
863.236206,2670.2
863.353699,2638.8
863.471252,2646.0
863.588745,2666.0
863.706177,2654.8
863.82373,2652.0
863.941162,2657.2
864.058716,2643.0
864.176208,2662.0
864.29364,2652.4
864.411194,2683.0
864.528687,2643.8
864.646118,2699.2
864.763611,2637.0
864.881042,2664.0
864.998535,2679.8
865.116028,2677.6
865.233459,2653.4
865.350891,2660.0
865.468384,2667.2
865.585754,2684.8
865.703308,2663.6
865.820679,2678.2
865.938171,2662.4
866.055542,2649.0
866.173035,2657.6
866.290466,2665.6
866.407837,2659.4
866.52533,2656.6
866.6427,2675.0
866.760071,2662.6
866.877563,2669.6
866.994934,2655.6
867.112305,2660.2
867.229736,2686.2
867.347107,2647.8
867.464539,2666.8
867.58197,2653.4
867.699341,2652.4
867.81665,2631.4
867.934082,2651.2
868.051453,2654.0
868.168823,2664.0
868.286194,2661.6
868.403564,2649.0
868.520935,2663.2
868.638306,2659.4
868.755676,2653.6
868.872986,2669.8
868.990295,2685.4
869.107727,2674.2
869.225037,2672.2
869.342346,2671.4
869.459717,2662.0
869.577026,2667.4
869.694336,2686.8
869.811707,2660.4
869.929016,2683.6
870.046326,2681.4
870.163635,2683.4
870.280945,2683.8
870.398254,2674.6
870.515564,2657.0
870.632812,2671.0
870.750183,2674.8
870.867432,2698.0
870.984741,2673.8
871.102051,2683.8
871.219299,2666.4
871.336609,2673.0
871.453918,2662.6
871.571106,2661.8
871.688416,2655.4
871.805664,2663.0
871.922852,2679.8
872.040222,2697.8
872.157471,2694.6
872.274719,2689.4
872.391968,2711.2
872.509155,2679.8
872.626465,2695.4
872.743652,2690.2
872.860962,2703.0
872.978149,2683.2
873.095337,2692.0
873.212646,2681.6
873.329834,2686.2
873.44696,2685.4
873.564209,2668.6
873.681396,2708.4
873.798645,2661.8
873.915894,2706.4
874.03302,2676.0
874.150208,2682.8
874.267456,2679.4
874.384583,2675.4
874.501831,2696.2
874.618958,2695.0
874.736145,2712.0
874.853333,2693.2
874.970459,2712.6
875.087646,2702.4
875.204834,2678.8
875.32196,2706.4
875.439148,2694.4
875.556274,2709.0
875.673401,2708.2
875.790527,2711.6
875.907715,2721.4
876.024841,2715.8
876.141968,2717.2
876.259094,2710.0
876.376282,2726.2
876.493347,2700.2
876.610474,2725.8
876.7276,2727.4
876.844727,2736.8
876.961853,2698.2
877.078918,2733.0
877.195984,2723.6
877.313171,2738.8
877.430237,2726.8
877.547302,2754.2
877.664368,2719.8
877.781433,2721.8
877.898499,2754.8
878.015625,2709.0
878.13269,2717.4
878.249695,2737.8
878.366821,2707.6
878.483887,2745.2
878.600952,2737.4
878.717957,2720.8
878.834961,2765.0
878.952087,2762.8
879.069092,2740.4
879.186157,2735.2
879.303162,2734.6
879.420227,2741.4
879.537231,2751.2
879.654236,2724.4
879.77124,2730.8
879.888306,2720.2
880.005249,2705.2
880.122314,2726.2
880.239319,2734.2
880.356323,2728.6
880.473328,2715.0
880.590271,2726.4
880.707275,2738.0
880.824341,2744.8
880.941284,2743.6
881.058228,2706.2
881.175232,2739.2
881.292236,2732.2
881.40918,2722.8
881.526123,2719.0
881.643066,2710.8
881.760071,2764.8
881.877014,2755.6
881.993958,2723.2
882.11084,2759.0
882.227783,2727.8
882.344727,2746.0
882.46167,2754.2
882.578613,2744.8
882.695618,2800.2
882.812439,2784.2
882.929382,2766.0
883.046326,2761.2
883.163208,2775.4
883.280151,2793.4
883.397034,2766.4
883.513916,2787.0
883.630798,2796.2
883.747742,2770.0
883.864563,2794.4
883.981506,2788.6
884.098389,2796.0
884.21521,2778.2
884.332153,2789.0
884.448975,2786.0
884.565796,2776.2
884.682678,2778.8
884.7995,2797.8
884.916443,2756.4
885.033264,2799.8
885.150085,2775.0
885.266968,2809.2
885.383789,2823.8
885.500671,2854.6
885.617493,2821.8
885.734314,2818.0
885.851196,2818.8
885.967896,2818.8
886.084717,2817.8
886.201599,2834.0
886.318359,2806.4
886.435181,2845.4
886.552002,2824.8
886.668762,2822.2
886.785645,2837.6
886.902344,2843.2
887.019165,2809.0
887.135925,2808.8
887.252747,2825.6
887.369446,2817.2
887.486267,2810.8
887.603027,2856.6
887.719788,2826.4
887.836548,2828.2
887.953247,2825.0
888.070068,2805.4
888.186829,2843.0
888.303528,2823.4
888.420288,2822.0
888.536987,2840.8
888.653687,2847.4
888.770447,2836.8
888.887146,2836.6
889.003967,2836.0
889.120667,2829.6
889.237305,2813.0
889.354065,2838.4
889.470703,2837.0
889.587463,2805.4
889.704163,2859.2
889.820862,2810.8
889.937561,2846.0
890.054199,2828.2
890.170837,2848.2
890.287598,2847.8
890.404236,2813.2
890.520874,2833.0
890.637634,2827.4
890.754211,2864.0
890.87085,2843.6
890.987549,2840.2
891.104187,2873.8
891.220886,2826.6
891.337463,2875.0
891.454102,2856.6
891.57074,2872.0
891.687378,2847.8
891.804077,2885.4
891.920654,2836.4
892.037231,2843.4
892.15387,2867.4
892.270447,2854.4
892.387085,2835.6
892.503723,2868.0
892.6203,2867.6
892.736877,2851.0
892.853516,2867.2
892.970032,2907.4
893.08667,2886.2
893.203186,2856.2
893.319763,2871.4
893.43634,2869.6
893.552917,2877.2
893.669556,2873.4
893.786011,2871.6
893.902588,2884.2
894.019165,2879.4
894.135681,2877.0
894.252197,2872.6
894.368835,2924.0
894.485291,2887.4
894.601868,2909.6
894.718384,2904.8
894.8349,2888.0
894.951355,2875.4
895.067932,2877.2
895.184448,2906.2
895.300964,2864.0
895.417419,2883.8
895.533936,2913.4
895.650452,2907.4
895.766907,2918.2
895.883423,2907.8
895.999878,2909.6
896.116333,2917.2
896.232849,2884.8
896.349304,2913.2
896.465759,2894.0
896.582214,2901.4
896.698669,2903.4
896.815125,2896.4
896.931641,2891.8
897.048035,2904.0
897.164551,2913.6
897.280884,2915.2
897.397339,2918.2
897.513794,2911.2
897.630249,2959.6
897.746582,2896.6
897.863098,2908.6
897.979431,2949.8
898.095886,2902.6
898.212341,2904.8
898.328674,2917.2
898.445129,2937.2
898.561462,2921.8
898.677795,2928.8
898.794312,2921.4
898.910645,2928.4
899.026978,2909.2
899.143433,2914.2
899.259766,2961.2
899.37616,2913.4
899.492493,2933.0
899.608765,2943.8
899.725159,2926.6
899.841553,2919.4
899.957947,2937.6
900.07428,2948.0
900.190552,2965.8
900.306946,2981.4
900.423157,2933.2
900.53949,2962.8
900.655884,2978.8
900.772156,2958.8
900.888489,2952.2
901.004822,2942.0
901.121033,2937.2
901.237366,2980.4
901.353699,2947.8
901.46991,2955.8
901.586304,2979.8
901.702515,2972.6
901.818787,2988.0
901.93512,2988.6
902.051331,2980.8
902.167603,2966.2
902.283875,3016.4
902.400085,2976.8
902.516418,2974.8
902.632629,2981.0
902.74884,3017.8
902.865112,2998.2
902.981384,2962.6
903.097595,3003.0
903.213867,3021.2
903.330017,3005.8
903.446289,3009.0
903.5625,3012.6
903.67865,3008.6
903.794922,3046.8
903.911072,3008.2
904.027344,3009.4
904.143494,3029.2
904.259705,3031.0
904.375916,3014.4
904.492065,3016.2
904.608215,3038.0
904.724426,3021.2
904.840576,3029.8
904.956726,3001.2
905.072876,3060.0
905.189087,3041.8
905.305176,3040.4
905.421387,3011.0
905.537537,3063.2
905.653687,3049.6
905.769775,3038.4
905.885925,3048.0
906.002014,3049.2
906.118164,3026.2
906.234314,3066.2
906.350403,3027.4
906.466492,3036.6
906.582642,3015.2
906.69873,3051.6
906.814758,3071.4
906.930908,3042.8
907.046936,2997.4
907.163086,3171.2
907.279175,3006.0
907.395264,3018.4
907.511353,3059.8
907.62738,3047.0
907.743408,3051.2
907.859497,3057.0
907.975525,3027.0
908.091553,3049.4
908.207703,3024.8
908.32373,3039.8
908.439758,3029.8
908.555786,3032.6
908.671814,3019.4
908.787842,3019.0
908.90387,3030.0
909.019775,3025.4
909.135864,2990.4
909.251892,3023.8
909.367859,3019.2
909.483826,3008.0
909.599854,3051.2
909.715881,3008.0
909.831848,3018.8
909.947815,3001.4
910.063782,3014.2
910.179749,2999.2
910.295776,2990.2
910.411743,3036.4
910.527649,3023.4
910.643616,3007.4
910.759583,3009.4
910.875488,3036.8
910.991455,3008.6
911.107361,3006.2
911.223267,2998.8
911.339294,3020.4
911.4552,3011.2
911.571106,2999.6
911.687073,3016.6
911.802979,2974.6
911.918823,2993.0
912.034729,2987.2
912.150635,3032.8
912.266602,2974.8
912.382446,2968.2
912.498352,3104.4
912.614197,3180.0
912.730103,3163.2
912.846008,2931.4
792.44574,4059.4
792.56488,4041.6
792.68396,4052.2
792.80304,3982.4
792.92218,3920.2
793.041199,3930.6
793.160339,3865.6
793.279419,3886.4
793.398499,3837.2
793.517578,3797.4
793.636658,3779.2
793.755737,3759.6
793.874817,3766.8
793.993896,3746.0
794.112976,3721.6
794.232056,3680.8
794.351074,3695.6
794.470215,3666.0
794.589233,3594.4
794.708313,3615.8
794.827393,3654.6
794.946411,3645.0
795.065552,3645.4
795.18457,3635.4
795.303589,3633.6
795.422668,3621.8
795.541687,3615.8
795.660767,3571.6
795.779846,3527.4
795.898865,3492.2
796.017883,3540.6
796.136963,3499.0
796.255981,3482.8
796.375061,3481.6
796.49408,3463.2
796.613037,3458.2
796.732117,3466.0
796.851135,3468.2
796.970154,3436.2
797.089233,3442.0
797.208191,3407.2
797.327271,3435.8
797.446228,3393.8
797.565186,3390.2
797.684265,3410.2
797.803223,3408.6
797.922241,3365.8
798.04126,3389.0
798.160278,3374.4
798.279297,3357.0
798.398315,3361.6
798.517273,3364.2
798.636292,3347.8
798.75531,3368.8
798.874268,3361.6
798.993286,3364.6
799.112244,3340.0
799.231323,3318.4
799.350281,3358.8
799.469238,3359.8
799.588257,3341.0
799.707153,3337.2
799.826111,3364.4
799.945129,3327.4
800.064087,3356.2
800.183044,3358.8
800.302063,3346.8
800.421021,3355.8
800.539978,3321.8
800.658936,3321.6
800.777893,3339.4
800.896912,3328.2
801.015747,3331.6
801.134705,3339.2
801.253723,3326.2
801.37262,3309.6
801.491638,3302.0
801.610535,3326.0
801.729492,3334.0
801.84845,3301.4
801.967407,3335.0
802.086243,3326.2
802.205261,3337.4
802.324158,3333.8
802.443115,3358.6
802.562073,3356.6
802.680969,3389.6
802.799927,3404.6
802.918762,3427.6
803.037659,3423.2
803.156677,3449.2
803.275574,3446.4
803.39447,3429.6
803.513428,3412.8
803.632263,3400.2
803.751221,3355.2
803.870117,3338.0
803.989014,3346.0
804.107971,3334.4
804.226746,3344.4
804.345642,3317.2
804.4646,3311.0
804.583496,3351.8
804.702393,3339.8
804.821228,3313.0
804.940125,3338.8
805.059021,3325.2
805.177917,3358.4
805.296814,3331.2
805.415649,3364.2
805.534546,3362.2
805.653442,3372.2
805.772278,3364.2
805.891113,3362.2
806.01001,3308.6
806.128906,3371.0
806.247742,3334.6
806.366577,3330.8
806.485413,3340.8
806.604309,3327.4
806.723145,3334.6
806.84198,3355.0
806.960876,3343.0
807.079712,3346.0
807.198486,3340.4
807.317383,3355.6
807.436218,3320.2
807.554993,3334.8
807.673889,3311.8
807.792725,3359.6
807.91156,3346.2
808.030396,3352.8
808.14917,3329.2
808.268005,3324.0
808.386841,3336.2
808.505676,3332.6
808.624451,3337.2
808.743286,3322.4
808.862122,3342.0
808.980896,3323.2
809.099731,3327.0
809.218506,3353.8
809.337341,3354.2
809.456116,3318.2
809.57489,3335.8
809.693726,3331.4
809.8125,3331.4
809.931274,3358.6
810.050049,3349.0
810.168884,3352.8
810.287659,3376.0
810.406372,3335.2
810.525269,3354.6
810.643982,3332.8
810.762756,3352.8
810.881531,3345.0
811.000305,3320.0
811.11908,3311.6
811.237854,3341.4
811.356567,3336.4
811.475403,3320.2
811.594116,3320.4
811.71283,3336.4
811.831604,3334.2
811.950378,3340.4
812.069153,3359.2
812.187927,3378.2
812.30658,3366.8
812.425415,3296.4
812.544128,3316.0
812.662781,3307.6
812.781616,3275.4
812.900269,3361.4
813.019043,3310.8
813.137756,3316.8
813.256531,3313.0
813.375244,3333.0
813.493896,3290.0
813.612671,3318.6
813.731384,3286.6
813.850037,3291.0
813.96875,3295.4
814.087524,3326.2
814.206238,3308.2
814.324951,3309.4
814.443604,3274.0
814.562256,3291.2
814.68103,3277.0
814.799683,3232.6
814.918335,3263.4
815.037109,3279.0
815.155762,3229.6
815.274475,3248.4
815.393188,3254.8
815.511841,3237.0
815.630554,3214.0
815.749146,3213.2
815.867859,3217.2
815.986572,3214.6
816.105164,3212.0
816.223877,3230.6
816.342529,3206.6
816.461182,3285.0
816.579895,3235.6
816.698486,3251.2
816.817139,3244.2
816.935791,3256.4
817.054504,3239.6
817.173096,3207.4
817.291748,3184.4
817.4104,3206.8
817.529053,3175.6
817.647644,3157.2
817.766235,3124.8
817.884949,3143.6
818.00354,3100.4
818.122192,3118.0
818.240845,3086.0
818.359436,3067.2
818.478088,3082.2
818.59668,3049.2
818.715271,3015.6
818.833923,3031.2
818.952515,3025.0
819.071106,3009.4
819.189758,3013.0
819.30835,2973.4
819.426941,3014.6
819.545532,3002.6
819.664124,2968.4
819.782715,2960.2
819.901306,2968.8
820.019897,2953.4
820.138489,2990.2
820.25708,2974.4
820.375671,2959.2
820.494202,2950.6
820.612732,2956.8
820.731384,2933.8
820.849915,2938.8
820.968506,2917.6
821.087097,2899.2
821.205627,2954.0
821.324158,2916.0
821.442749,2931.2
821.561279,2930.8
821.679871,2906.4
821.798401,2886.2
821.916931,2918.6
822.035461,2894.8
822.154053,2870.8
822.272583,2894.2
822.391174,2901.4
822.509583,2875.0
822.628174,2896.0
822.746704,2891.4
822.865234,2838.8
822.983765,2899.0
823.102295,2884.2
823.220825,2874.2
823.339294,2873.8
823.457825,2902.6
823.576355,2894.2
823.694824,2862.2
823.813354,2913.6
823.931885,2910.8
824.050354,2896.4
824.168884,2899.2
824.287354,2885.8
824.405823,2872.6
824.524353,2886.2
824.642822,2891.2
824.761353,2882.8
824.879822,2860.6
824.998291,2849.0
825.116699,2842.2
825.235291,2863.0
825.353699,2871.8
825.472168,2851.4
825.590637,2819.8
825.709106,2881.2
825.827576,2858.8
825.946045,2844.8
826.064453,2849.4
826.182983,2810.2
826.301392,2826.0
826.4198,2805.8
826.53833,2812.0
826.656738,2794.2
826.775208,2816.8
826.893677,2828.8
827.012024,2840.2
827.130493,2802.2
827.248962,2800.6
827.36731,2793.2
827.485779,2826.6
827.604248,2819.0
827.722595,2815.8
827.841064,2771.6
827.959412,2800.2
828.077942,2794.2
828.196289,2782.0
828.314636,2785.8
828.433105,2793.8
828.551514,2759.0
828.669861,2758.8
828.78833,2782.4
828.906677,2794.4
829.025085,2801.2
829.143433,2771.8
829.261841,2766.0
829.38031,2751.4
829.498657,2761.4
829.617004,2787.8
829.735413,2794.4
829.85376,2750.4
829.972107,2729.2
830.090515,2743.0
830.208862,2774.0
830.327209,2750.2
830.445557,2780.6
830.563904,2778.6
830.682312,2768.4
830.800659,2749.8
830.919006,2747.8
831.037354,2746.6
831.155701,2743.8
831.274048,2767.6
831.392395,2735.6
831.51062,2751.8
831.629028,2759.0
831.747314,2810.6
831.865662,2763.2
831.984009,2763.6
832.102356,2781.4
832.220642,2765.8
832.338928,2730.0
832.457275,2735.2
832.575623,2731.6
832.693909,2738.2
832.812134,2753.4
832.930481,2757.2
833.048828,2739.0
833.167114,2729.0
833.2854,2748.0
833.403687,2737.8
833.521973,2729.0
833.640259,2746.0
833.758545,2740.0
833.876831,2728.0
833.995056,2735.0
834.113281,2747.6
834.231628,2762.8
834.349915,2743.0
834.468201,2752.6
834.586426,2736.2
834.704651,2742.6
834.822998,2723.4
834.941162,2741.4
835.059448,2729.8
835.177673,2736.0
835.295959,2722.0
835.414246,2747.6
835.53241,2749.6
835.650635,2731.0
835.768921,2730.0
835.887146,2732.6
836.005371,2766.6
836.123596,2751.0
836.241821,2737.4
836.360046,2779.8
836.478271,2748.0
836.596497,2807.4
836.714722,2760.4
836.832886,2758.2
836.95105,2728.2
837.069336,2759.2
837.1875,2779.2
837.305725,2783.4
837.423889,2759.0
837.542053,2798.4
837.660339,2795.2
837.778503,2777.2
837.896667,2765.8
838.014832,2762.2
838.132996,2741.4
838.25116,2765.4
838.369385,2755.0
838.487488,2784.4
838.605713,2740.0
838.723877,2801.4
838.84198,2763.8
838.960205,2771.8
839.078308,2746.8
839.196472,2755.2
839.314636,2760.8
839.4328,2776.0
839.550964,2739.0
839.669067,2726.0
839.787231,2736.8
839.905396,2753.8
840.023499,2732.8
840.141602,2770.6
840.259766,2739.0
840.377869,2713.6
840.495972,2753.6
840.614136,2708.8
840.732239,2742.4
840.850342,2732.2
840.968445,2727.0
841.086548,2708.4
841.204651,2725.0
841.322754,2702.6
841.440918,2723.6
841.55896,2732.4
841.677002,2746.6
841.795166,2732.2
841.913208,2713.4
842.031311,2737.6
842.149353,2744.0
842.267456,2737.8
842.385498,2696.0
842.503601,2727.6
842.621643,2700.0
842.739746,2702.6
842.857788,2722.0
842.97583,2711.0
843.093933,2689.0
843.211975,2731.4
843.330017,2709.0
843.44812,2703.4
843.566101,2695.2
843.684204,2704.2
843.802246,2703.2
843.920227,2713.8
844.038269,2727.2
844.156311,2731.8
844.274292,2702.4
844.392395,2719.0
844.510376,2688.6
844.628357,2663.2
844.74646,2688.8
844.864441,2701.8
844.982422,2700.2
845.100403,2694.6
845.218384,2669.8
845.336426,2682.0
845.454468,2710.6
845.572449,2677.0
845.69043,2706.8
845.808411,2697.2
845.926453,2690.0
846.044373,2698.2
846.162354,2675.0
846.280396,2702.8
846.398315,2689.6
846.516296,2687.4
846.634216,2705.0
846.752197,2716.4
846.870178,2738.0
846.988098,2726.8
847.106079,2706.2
847.22406,2707.6
847.34198,2721.4
847.4599,2717.6
847.577881,2695.4
847.695801,2712.8
847.813782,2724.4
847.931641,2676.2
848.049561,2737.2
848.167603,2643.0
848.285461,2698.8
848.403381,2719.0
848.521362,2678.6
848.639221,2709.4
848.75708,2704.8
848.875,2697.4
848.99292,2694.0
849.110901,2721.6
849.22876,2697.2
849.34668,2722.2
849.464539,2664.8
849.582458,2691.8
849.700317,2701.0
849.818176,2692.8
849.936096,2692.8
850.053955,2708.6
850.171875,2698.8
850.289673,2725.2
850.407593,2713.0
850.525452,2705.4
850.643311,2735.4
850.761169,2706.4
850.878967,2733.0
850.996887,2739.6
851.114746,2746.0
851.232544,2715.0
851.350403,2726.0
851.468262,2755.6
851.58606,2776.2
851.703979,2755.6
851.821777,2753.4
851.939636,2748.6
852.057434,2783.2
852.175232,2773.2
852.293091,2795.6
852.410889,2777.2
852.528687,2762.4
852.646545,2760.6
852.764343,2776.4
852.88208,2791.8
852.999939,2760.0
853.117676,2745.2
853.235535,2723.2
853.353271,2747.4
853.471069,2691.8
853.588928,2755.2
853.706604,2705.4
853.824402,2705.2
853.9422,2693.0
854.059998,2707.8
854.177734,2691.6
854.295532,2707.4
854.413269,2693.8
854.531006,2702.0
854.648804,2721.2
854.766541,2726.0
854.884277,2702.8
855.002014,2746.6
855.119751,2735.6
855.237549,2737.6
855.355225,2775.0
855.473022,2765.2
855.590698,2741.4
855.708435,2776.4
855.826172,2733.6
855.943848,2783.6
856.061646,2753.2
856.179321,2737.8
856.296997,2762.6
856.414795,2732.0
856.53241,2730.8
856.650085,2754.4
856.767822,2720.4
856.885559,2777.2
857.003174,2716.8
857.120911,2737.8
857.238586,2706.8
857.356201,2716.6
857.473938,2716.4
857.591614,2706.4
857.709351,2725.4
857.826965,2732.2
857.944641,2726.8
858.062317,2730.6
858.179993,2776.8
858.297668,2807.8
858.415283,2847.8
858.532959,2869.4
858.650574,2843.4
858.768188,2783.0
858.885803,2779.6
859.003479,2772.2
859.121094,2725.6
859.23877,2731.4
859.356384,2733.8
859.473999,2730.4
859.591675,2687.2
859.709229,2717.4
859.826843,2706.4
859.944458,2700.8
860.062012,2703.6
860.179626,2692.4
860.297302,2700.2
860.414856,2709.4
860.532471,2698.6
860.650024,2723.8
860.767639,2724.4
860.885193,2742.0
861.002808,2694.6
861.120361,2716.2
861.237976,2704.2
861.35553,2731.6
861.473022,2694.0
861.590698,2680.8
861.708191,2699.2
861.825745,2697.6
861.943298,2697.4
862.060852,2683.0
862.178406,2697.2
862.295959,2715.0
862.413513,2678.2
862.531006,2690.0
862.64856,2723.2
862.766113,2711.4
862.883667,2725.2
863.00116,2684.6
863.118713,2699.0
863.236206,2702.2
863.353699,2694.8
863.471252,2707.4
863.588745,2689.0
863.706177,2694.8
863.82373,2714.4
863.941162,2694.4
864.058716,2688.8
864.176208,2697.4
864.29364,2700.0
864.411194,2717.8
864.528687,2706.0
864.646118,2743.4
864.763611,2690.6
864.881042,2700.8
864.998535,2720.4
865.116028,2737.6
865.233459,2703.6
865.350891,2690.4
865.468384,2711.8
865.585754,2708.4
865.703308,2722.6
865.820679,2712.6
865.938171,2734.6
866.055542,2720.2
866.173035,2712.2
866.290466,2714.2
866.407837,2710.0
866.52533,2727.6
866.6427,2718.4
866.760071,2724.2
866.877563,2714.6
866.994934,2730.0
867.112305,2703.4
867.229736,2708.8
867.347107,2696.0
867.464539,2674.8
867.58197,2703.8
867.699341,2729.4
867.81665,2704.2
867.934082,2729.6
868.051453,2714.4
868.168823,2704.2
868.286194,2698.8
868.403564,2708.8
868.520935,2724.2
868.638306,2683.2
868.755676,2706.6
868.872986,2706.4
868.990295,2720.0
869.107727,2714.8
869.225037,2720.2
869.342346,2722.0
869.459717,2705.2
869.577026,2729.8
869.694336,2723.8
869.811707,2743.0
869.929016,2720.8
870.046326,2713.6
870.163635,2709.4
870.280945,2735.0
870.398254,2707.8
870.515564,2721.0
870.632812,2710.6
870.750183,2713.0
870.867432,2698.8
870.984741,2701.2
871.102051,2711.2
871.219299,2711.4
871.336609,2715.6
871.453918,2753.2
871.571106,2734.0
871.688416,2724.6
871.805664,2708.0
871.922852,2749.4
872.040222,2735.4
872.157471,2726.4
872.274719,2715.0
872.391968,2721.0
872.509155,2715.6
872.626465,2727.8
872.743652,2734.8
872.860962,2729.4
872.978149,2736.4
873.095337,2751.0
873.212646,2721.6
873.329834,2720.4
873.44696,2758.6
873.564209,2727.8
873.681396,2731.4
873.798645,2733.4
873.915894,2737.6
874.03302,2693.2
874.150208,2762.0
874.267456,2724.2
874.384583,2715.0
874.501831,2737.8
874.618958,2761.2
874.736145,2747.4
874.853333,2686.6
874.970459,2715.6
875.087646,2743.4
875.204834,2718.4
875.32196,2755.6
875.439148,2745.6
875.556274,2737.8
875.673401,2724.2
875.790527,2730.0
875.907715,2763.4
876.024841,2753.4
876.141968,2736.4
876.259094,2743.8
876.376282,2757.4
876.493347,2714.8
876.610474,2738.6
876.7276,2754.8
876.844727,2757.2
876.961853,2746.6
877.078918,2746.8
877.195984,2760.8
877.313171,2756.4
877.430237,2735.0
877.547302,2745.4
877.664368,2754.0
877.781433,2774.4
877.898499,2751.2
878.015625,2758.8
878.13269,2738.4
878.249695,2801.6
878.366821,2746.2
878.483887,2744.6
878.600952,2746.0
878.717957,2744.6
878.834961,2766.6
878.952087,2784.0
879.069092,2767.6
879.186157,2766.0
879.303162,2706.2
879.420227,2786.0
879.537231,2760.0
879.654236,2757.6
879.77124,2757.6
879.888306,2744.6
880.005249,2758.2
880.122314,2735.8
880.239319,2766.4
880.356323,2749.6
880.473328,2710.6
880.590271,2737.8
880.707275,2784.6
880.824341,2769.6
880.941284,2740.8
881.058228,2744.8
881.175232,2796.6
881.292236,2744.2
881.40918,2734.0
881.526123,2753.2
881.643066,2754.6
881.760071,2774.2
881.877014,2773.4
881.993958,2768.6
882.11084,2753.0
882.227783,2751.4
882.344727,2755.0
882.46167,2767.0
882.578613,2768.0
882.695618,2773.0
882.812439,2790.2
882.929382,2763.6
883.046326,2786.4
883.163208,2775.2
883.280151,2759.6
883.397034,2741.6
883.513916,2771.8
883.630798,2783.6
883.747742,2808.0
883.864563,2786.6
883.981506,2776.4
884.098389,2764.2
884.21521,2744.8
884.332153,2799.8
884.448975,2758.4
884.565796,2744.4
884.682678,2770.4
884.7995,2775.4
884.916443,2785.4
885.033264,2797.8
885.150085,2764.0
885.266968,2797.2
885.383789,2780.4
885.500671,2828.0
885.617493,2783.4
885.734314,2814.8
885.851196,2814.8
885.967896,2791.6
886.084717,2786.2
886.201599,2826.6
886.318359,2816.2
886.435181,2772.4
886.552002,2786.2
886.668762,2808.2
886.785645,2806.0
886.902344,2808.8
887.019165,2790.8
887.135925,2785.8
887.252747,2799.4
887.369446,2802.6
887.486267,2794.8
887.603027,2766.8
887.719788,2798.4
887.836548,2785.4
887.953247,2772.0
888.070068,2787.0
888.186829,2787.2
888.303528,2826.2
888.420288,2780.2
888.536987,2769.8
888.653687,2803.2
888.770447,2767.4
888.887146,2792.4
889.003967,2775.6
889.120667,2772.4
889.237305,2778.2
889.354065,2781.2
889.470703,2790.0
889.587463,2801.4
889.704163,2797.6
889.820862,2767.4
889.937561,2790.0
890.054199,2783.8
890.170837,2785.0
890.287598,2779.4
890.404236,2767.8
890.520874,2792.4
890.637634,2816.4
890.754211,2790.0
890.87085,2793.6
890.987549,2805.8
891.104187,2797.0
891.220886,2805.6
891.337463,2780.0
891.454102,2800.0
891.57074,2803.4
891.687378,2772.4
891.804077,2829.8
891.920654,2798.4
892.037231,2793.4
892.15387,2826.6
892.270447,2804.2
892.387085,2828.0
892.503723,2802.4
892.6203,2795.2
892.736877,2806.4
892.853516,2809.6
892.970032,2809.2
893.08667,2798.6
893.203186,2793.8
893.319763,2810.2
893.43634,2807.2
893.552917,2819.4
893.669556,2834.6
893.786011,2801.2
893.902588,2824.8
894.019165,2850.6
894.135681,2805.0
894.252197,2849.2
894.368835,2871.0
894.485291,2831.6
894.601868,2833.0
894.718384,2839.2
894.8349,2834.4
894.951355,2824.6
895.067932,2820.4
895.184448,2855.2
895.300964,2846.0
895.417419,2835.4
895.533936,2857.0
895.650452,2834.0
895.766907,2868.2
895.883423,2835.8
895.999878,2856.2
896.116333,2848.2
896.232849,2843.2
896.349304,2843.0
896.465759,2854.4
896.582214,2838.0
896.698669,2883.4
896.815125,2806.6
896.931641,2815.2
897.048035,2848.4
897.164551,2835.6
897.280884,2853.8
897.397339,2859.2
897.513794,2864.0
897.630249,2861.0
897.746582,2861.2
897.863098,2855.2
897.979431,2874.2
898.095886,2882.2
898.212341,2859.2
898.328674,2861.2
898.445129,2855.0
898.561462,2860.2
898.677795,2885.4
898.794312,2869.2
898.910645,2852.8
899.026978,2878.8
899.143433,2851.0
899.259766,2873.6
899.37616,2851.0
899.492493,2857.8
899.608765,2866.0
899.725159,2863.2
899.841553,2830.4
899.957947,2863.2
900.07428,2835.0
900.190552,2865.0
900.306946,2893.2
900.423157,2876.2
900.53949,2875.8
900.655884,2873.0
900.772156,2880.8
900.888489,2894.8
901.004822,2867.2
901.121033,2872.8
901.237366,2877.6
901.353699,2862.6
901.46991,2873.8
901.586304,2896.4
901.702515,2857.2
901.818787,2861.2
901.93512,2882.6
902.051331,2880.4
902.167603,2889.2
902.283875,2895.2
902.400085,2866.2
902.516418,2880.0
902.632629,2868.8
902.74884,2869.8
902.865112,2884.2
902.981384,2884.6
903.097595,2870.6
903.213867,2907.8
903.330017,2912.2
903.446289,2900.2
903.5625,2874.8
903.67865,2898.0
903.794922,2895.6
903.911072,2896.2
904.027344,2908.2
904.143494,2910.2
904.259705,2914.6
904.375916,2879.2
904.492065,2879.6
904.608215,2883.4
904.724426,2876.4
904.840576,2876.2
904.956726,2894.8
905.072876,2888.6
905.189087,2884.2
905.305176,2900.0
905.421387,2881.0
905.537537,2884.2
905.653687,2910.4
905.769775,2903.0
905.885925,2895.2
906.002014,2892.4
906.118164,2888.8
906.234314,2895.6
906.350403,2890.4
906.466492,2897.8
906.582642,2915.4
906.69873,2892.2
906.814758,2910.6
906.930908,2883.0
907.046936,2908.2
907.163086,2903.0
907.279175,2896.0
907.395264,2931.4
907.511353,2884.8
907.62738,2890.2
907.743408,2902.6
907.859497,2913.0
907.975525,2918.8
908.091553,2907.0
908.207703,2906.6
908.32373,2901.6
908.439758,2925.8
908.555786,2895.4
908.671814,2894.8
908.787842,2911.4
908.90387,2935.4
909.019775,2931.6
909.135864,2923.8
909.251892,2893.2
909.367859,2923.8
909.483826,2909.0
909.599854,2908.8
909.715881,2926.0
909.831848,2917.2
909.947815,2896.0
910.063782,2903.6
910.179749,2937.8
910.295776,2925.4
910.411743,2924.4
910.527649,2928.4
910.643616,2934.4
910.759583,2905.6
910.875488,2929.6
910.991455,2911.8
911.107361,2883.6
911.223267,2917.6
911.339294,2916.6
911.4552,2943.2
911.571106,2915.6
911.687073,2932.8
911.802979,2905.6
911.918823,2896.6
912.034729,2905.8
912.150635,2923.6
912.266602,2918.8
912.382446,2914.8
912.498352,2877.8
912.614197,2906.0
912.730103,2875.2
912.846008,2882.4
