0.0	0.13260989	0.0	0.0	0.0	0.0	0.059661135	0.0	0.0	0.0	0.0	0.0	0.0	0.0	0.2594742	0.0	0.32092693	0.0	0.0	0.046165198	0.0	0.1967345	0.0	0.20768403	0.0	0.0	0.07715626	0.0	0.0	0.16199994	0.375849	0.0	0.0	0.0	0.0	0.0	0.0	0.0	0.0	0.0	0.22864842	0.34865388	0.0	0.0	0.0	0.0	0.34938565	0.0	0.23822671	0.16557243	0.0	0.0	0.0	0.17854898	0.0	0.0	0.0	0.0	0.0	0.3979757	0.30903476	0.0	0.0	0.26835114	0.0	0.0	0.10302431	0.20887648	0.0	0.30678868	0.22711651	0.0	0.0	0.0	0.0	0.24437279	0.0	0.0	0.17355216	0.0	0.45377564	0.20101066	0.5060987	0.0	0.2902433	0.0	0.0	0.0	0.0	0.08740956	0.0	0.10083165	0.0	0.0	0.0	0.0	0.5349168	0.0	0.0	0.0	0.22640975	0.0	0.0	0.0	0.47061896	0.063071914	0.0	0.14910786	0.0	0.0	0.33815265	0.0	0.0	0.0	0.0	0.104400694	0.0	0.0	0.0	0.0	0.11896183	0.0	0.47751865	0.0	0.0	0.3754998	0.0	0.0
0.0	0.12859182	0.0	0.0	0.0	0.0	0.03864529	0.0	0.0	0.0	0.0	0.0	0.0	0.0	0.28336692	0.0	0.336695	0.0	0.0	0.058829147	0.0	0.20654345	0.0	0.19664884	0.0	0.0	0.09864516	0.0	0.0	0.19162829	0.375887	0.0	0.0	0.0	0.0	0.0	0.0	0.0	0.0	0.0	0.25191668	0.3698264	0.0	0.0	0.0	0.0	0.37329805	0.0	0.2519561	0.18276803	0.0	0.0	0.0	0.19652607	0.0	0.0	0.0	0.0	0.0	0.40978965	0.31256795	0.0	0.0	0.2881719	0.0	0.0	0.12048355	0.22968833	0.0	0.33047906	0.23736799	0.0	0.0	0.0	0.0	0.24731	0.0	0.0	0.18423663	0.0	0.47796226	0.2194023	0.5350565	0.0	0.29510632	0.0	0.0	0.0	0.0	0.097724445	0.0	0.10643134	0.0	0.0	0.0	0.0	0.53750736	0.0	0.0	0.0	0.22660027	0.0	0.0	0.0	0.4961915	0.083423235	0.0	0.15342474	0.0	0.0	0.33529702	0.0	0.0	0.0	0.0	0.09022439	0.0	0.0	0.0	0.0	0.12059768	0.0	0.48257652	0.0	0.0	0.39496914	0.0	0.0
0.0	0.12104973	0.0	0.0	0.0	0.0	0.06081942	0.0	0.0	0.0	0.0	0.0	0.0	0.0	0.25071523	0.0	0.30503026	0.0	0.0	0.04624416	0.0	0.19520791	0.0	0.19832675	0.0	0.0	0.06268096	0.0	0.0	0.14819023	0.37400594	0.0	0.0	0.0	0.0	0.0	0.0	0.0	0.0	0.0	0.22516632	0.32707044	0.0	0.0	0.0	0.0	0.34649155	0.0	0.23982716	0.16214834	0.0	0.0	0.0	0.16640866	0.0	0.0	0.0	0.0	0.0	0.3952292	0.29293334	0.0	0.0	0.24304886	0.0	0.0	0.115963496	0.19500913	0.0	0.2963214	0.23131049	0.0	0.0	0.0	0.0	0.24222231	0.0	0.0	0.15685223	0.0	0.44492832	0.19961528	0.4830397	0.0	0.28448576	0.0	0.0	0.0	0.0	0.0759277	0.0	0.09750389	0.0	0.0	0.0	0.0	0.5304158	0.0	0.0	0.0	0.21442986	0.0	0.0	0.0	0.455189	0.04093498	0.0	0.12612456	0.0	0.0	0.33120355	0.0	0.0016227929	0.0	0.0	0.09968728	0.0	0.0	0.0	0.0	0.109647	0.0	0.4628745	0.0	0.0	0.36852488	0.0	0.0
0.0	0.13330086	0.0	0.0	0.0	0.0	0.08094963	0.0	0.0	0.0	0.0	0.0	0.0	0.0	0.27134416	0.0	0.3361633	0.0	0.0	0.0604361	0.0	0.20899522	0.0	0.21618275	0.0	0.0	0.08182073	0.0	0.0	0.17234552	0.38224754	0.0	0.0	0.0	0.0	0.0	0.0	0.0	0.0	0.0	0.2385326	0.3577262	0.0	0.0	0.0	0.0	0.34967884	0.0	0.2487948	0.16797845	0.0	0.0	0.0	0.1822596	0.0	0.0	0.0	0.0	0.0	0.4045705	0.3094977	0.0	0.0	0.27058944	0.0	0.0	0.10101511	0.21004541	0.0	0.3074976	0.22509886	0.0	0.0	0.0	0.0	0.2508508	0.0	0.0	0.17160852	0.0	0.4625686	0.21377784	0.51778364	0.0	0.29510388	0.0	0.0	0.0	0.0	0.086433314	0.0	0.107658885	0.0	0.0	0.0	0.0	0.5349056	0.0	0.0	0.0	0.22776379	0.0	0.0	0.0	0.47305623	0.057466846	0.0	0.13996772	0.0	0.0	0.3306148	0.0	0.0045246924	0.0	0.0	0.10282721	0.0	0.0	0.0	0.0	0.12394359	0.0	0.49567434	0.0	0.0	0.39188036	0.0	0.0
0.0	0.14521623	0.0	0.0	0.0	0.0	0.10842973	0.0	0.0	0.0	0.0	0.0	0.0	0.0	0.27893496	0.0	0.35791528	0.0	0.0	0.0644399	0.0	0.19757895	0.0	0.23148893	0.0	0.0	0.09201136	0.0	0.0	0.1750052	0.381809	0.0	0.0	0.0	0.0	0.0	0.0	0.0	0.0	0.0	0.22755603	0.36876127	0.0	0.0	0.0	0.0	0.3479106	0.0	0.24832726	0.17661558	0.0	0.0	0.0	0.17692506	0.0	0.0	0.0	0.0	0.0	0.41279402	0.31919494	0.0	0.0	0.27072743	0.0	0.0	0.09939764	0.19043596	0.0	0.31690022	0.20741796	0.0	0.0	0.0	0.0	0.26013288	0.0	0.0	0.17411654	0.0	0.46387482	0.23175676	0.52121824	0.0	0.29752916	0.0	0.0	0.0	0.0	0.08721463	0.0	0.11812464	0.0	0.0	0.0	0.0	0.5396686	0.0	0.0	0.0	0.24129768	0.0	0.0	0.0	0.45385766	0.0580903	0.0	0.15706794	0.0	0.0	0.3265477	0.0	0.011714339	0.0	0.0	0.10727661	0.0	0.0	0.0	0.0	0.12197765	0.0	0.5204739	0.0	0.0	0.40047702	0.0	0.0
0.0	0.11480697	0.0	0.0	0.0	0.0	0.05216245	0.0	0.0	0.0	0.0	0.0	0.0	0.0	0.29281035	0.0	0.35182643	0.0	0.0	0.049892996	0.0	0.23626061	0.0	0.17971778	0.0	0.0	0.07830377	0.0	0.0	0.21119003	0.4044825	0.0	0.0	0.0	0.0	0.0	0.0	0.0	0.0	0.0	0.25937602	0.34761754	0.0	0.0	0.0	0.0	0.3955618	0.0	0.27723724	0.2346794	0.0	0.0	0.0	0.19640888	0.0	0.0	0.0	0.0	0.0	0.40661278	0.2882526	0.0	0.0	0.31491873	0.0	0.0	0.1382708	0.2100509	0.0	0.34486997	0.25761703	0.0	0.0	0.0	0.0	0.25748378	0.0	0.0	0.18673794	0.0	0.47573006	0.24946475	0.5559902	0.0	0.2758148	0.0	0.0	0.0	0.0	0.08378466	0.0	0.120378196	0.0	0.0	0.0	0.0	0.5220879	0.0	0.0	0.0	0.23414749	0.0	0.0	0.0	0.49016643	0.082706116	0.0	0.15267609	0.0	0.0	0.32350448	0.0	0.0040386957	0.0	0.0	0.07501719	0.0	0.0	0.0	0.0	0.13619849	0.0	0.49564743	0.0	0.0	0.39796105	0.0	0.0
0.0	0.12510526	0.0	0.0	0.0	0.0	0.058105838	0.0	0.0	0.0	0.0	0.0	0.0	0.0	0.2758752	0.0	0.32194173	0.0	0.0	0.05813698	0.0	0.20460314	0.0	0.19958515	0.0	0.0	0.08174254	0.0	0.0	0.18235524	0.37201896	0.0	0.0	0.0	0.0	0.0	0.0	0.0	0.0	0.0	0.25189775	0.35588717	0.0	0.0	0.0	0.0	0.35533467	0.0	0.24581902	0.16468959	0.0	0.0	0.0	0.18920667	0.0	0.0	0.0	0.0	0.0	0.4070991	0.307185	0.0	0.0	0.2719119	0.0	0.0	0.108269155	0.22156899	0.0	0.30687428	0.22999065	0.0	0.0	0.0	0.0	0.2480108	0.0	0.0	0.17732282	0.0	0.45963874	0.19995876	0.51446587	0.0	0.2947679	0.0	0.0	0.0	0.0	0.08902944	0.0	0.1016329	0.0	0.0	0.0	0.0	0.53436285	0.0	0.0	0.0	0.22567923	0.0	0.0	0.0	0.4863968	0.062362533	0.0	0.1396625	0.0	0.0	0.33654127	0.0	0.0	0.0	0.0	0.093852736	0.0	0.0	0.0	0.0	0.11969408	0.0	0.48081818	0.0	0.0	0.38709298	0.0	0.0
0.0	0.12808152	0.0	0.0	0.0	0.0	0.055058658	0.0	0.0	0.0	0.0	0.0	0.0	0.0	0.29942378	0.0	0.35446182	0.0	0.0	0.062558465	0.0	0.21509463	0.0	0.20875902	0.0	0.0	0.10436225	0.0	0.0	0.2081597	0.37692726	0.0	0.0	0.0	0.0	0.0	0.0	0.0	0.0	0.0	0.26063153	0.3796924	0.0	0.0	0.0	0.0	0.37749267	0.0	0.25884458	0.19460775	0.0	0.0	0.0	0.20205824	0.0	0.0	0.0	0.0	0.0	0.41364792	0.32081535	0.0	0.0	0.29812452	0.0	0.0	0.11900476	0.22736831	0.0	0.3357687	0.23294611	0.0	0.0	0.0	0.0	0.2540104	0.0	0.0	0.18803084	0.0	0.49097562	0.23373811	0.5549068	0.0	0.29252505	0.0	0.0	0.0	0.0	0.10086157	0.0	0.10984542	0.0	0.0	0.0	0.0	0.5365177	0.0	0.0	0.0	0.2325262	0.0	0.0	0.0	0.49342552	0.08790008	0.0	0.15815575	0.0	0.0	0.3321717	0.0	0.0	0.0	0.0	0.08858615	0.0	0.0	0.0	0.0	0.13198435	0.0	0.49620762	0.0	0.0	0.40921488	0.0	0.0
0.0	0.123351954	0.0	0.0	0.0	0.0	0.056771148	0.0	0.0	0.0	0.0	0.0	0.0	0.0	0.27181768	0.0	0.318205	0.0	0.0	0.050692882	0.0	0.20057386	0.0	0.19991279	0.0	0.0	0.08036222	0.0	0.0	0.17001384	0.37736598	0.0	0.0	0.0	0.0	0.0	0.0	0.0	0.0	0.0	0.24194723	0.34986198	0.0	0.0	0.0	0.0	0.3551937	0.0	0.23845641	0.16894644	0.0	0.0	0.0	0.18575723	0.0	0.0	0.0	0.0	0.0	0.40073064	0.304641	0.0	0.0	0.2661439	0.0	0.0	0.11058649	0.21586113	0.0	0.3078834	0.22913785	0.0	0.0	0.0	0.0	0.24511449	0.0	0.0	0.16976766	0.0	0.46435794	0.20637381	0.50576776	0.0	0.2868342	0.0	0.0	0.0	0.0	0.08856224	0.0	0.09945997	0.0	0.0	0.0	0.0	0.5310833	0.0	0.0	0.0	0.22212489	0.0	0.0	0.0	0.48090658	0.06470991	0.0	0.14125045	0.0	0.0	0.33477867	0.0	0.0	0.0	0.0	0.09624576	0.0	0.0	0.0	0.0	0.11650091	0.0	0.4713196	0.0	0.0	0.37999916	0.0	0.0
0.0	0.13572614	0.0	0.0	0.0	0.0	0.07973033	0.0	0.0	0.0	0.0	0.0	0.0	0.0	0.2718025	0.0	0.34129396	0.0	0.0	0.06440437	0.0	0.2099483	0.0	0.22156732	0.0	0.0	0.08578985	0.0	0.0	0.17889333	0.3813977	0.0	0.0	0.0	0.0	0.0	0.0	0.0	0.0	0.0	0.24144518	0.3663235	0.0	0.0	0.0	0.0	0.3513489	0.0	0.2529176	0.17075497	0.0	0.0	0.0	0.18555927	0.0	0.0	0.0	0.0	0.0	0.40985975	0.3159717	0.0	0.0	0.27620864	0.0	0.0	0.1006093	0.21329544	0.0	0.3139871	0.22709985	0.0	0.0	0.0	0.0	0.25448662	0.0	0.0	0.17715307	0.0	0.46609536	0.21655552	0.52684504	0.0	0.2974224	0.0	0.0	0.0	0.0	0.08773258	0.0	0.10678452	0.0	0.0	0.0	0.0	0.53922415	0.0	0.0	0.0	0.2292756	0.0	0.0	0.0	0.47180068	0.06325328	0.0	0.14522691	0.0	0.0	0.33115557	0.0	0.002940314	0.0	0.0	0.10504031	0.0	0.0	0.0	0.0	0.1264776	0.0	0.50625837	0.0	0.0	0.39792585	0.0	0.0
0.0	0.13567992	0.0	0.0	0.0	0.0	0.09213515	0.0	0.0	0.0	0.0	0.0	0.0	0.0	0.27056593	0.0	0.33637866	0.0	0.0	0.05963457	0.0	0.20426972	0.0	0.22066724	0.0	0.0	0.07940402	0.0	0.0	0.16560802	0.3814503	0.0	0.0	0.0	0.0	0.0	0.0	0.0	0.0	0.0	0.22533406	0.35543188	0.0	0.0	0.0	0.0	0.3494943	0.0	0.25030932	0.17283873	0.0	0.0	0.0	0.17679863	0.0	0.0	0.0	0.0	0.0	0.40961552	0.30705944	0.0	0.0	0.26747325	0.0	0.0	0.102658115	0.19646986	0.0	0.30691612	0.2159984	0.0	0.0	0.0	0.0	0.25213197	0.0	0.0	0.17105734	0.0	0.46206856	0.22912125	0.51197964	0.0	0.2887009	0.0	0.0	0.0	0.0	0.082886	0.0	0.112451814	0.0	0.0	0.0	0.0	0.5347654	0.0	0.0	0.0	0.22840315	0.0	0.0	0.0	0.4579203	0.053444803	0.0	0.13966016	0.0	0.0	0.33009705	0.0	0.010590464	0.0	0.0	0.10300499	0.0	0.0	0.0	0.0	0.11945329	0.0	0.50087065	0.0	0.0	0.389887	0.0	0.0
0.0	0.1311016	0.0	0.0	0.0	0.0	0.06311333	0.0	0.0	0.0	0.0	0.0	0.0	0.0	0.2990941	0.0	0.366789	0.0	0.0	0.06712172	0.0	0.22524393	0.0	0.19667362	0.0	0.0	0.094068915	0.0	0.0	0.2196353	0.38803235	0.0	0.0	0.0	0.0	0.0	0.0	0.0	0.0	0.0	0.2601246	0.36706147	0.0	0.0	0.0	0.0	0.38711914	0.0	0.275925	0.2239037	0.0	0.0	0.0	0.19801491	0.0	0.0	0.0	0.0	0.0	0.42419744	0.29646143	0.0	0.0	0.31844774	0.0	0.0	0.13495535	0.22053856	0.0	0.35259214	0.24471231	0.0	0.0	0.0	0.0	0.25721762	0.0	0.0	0.19489503	0.0	0.48112288	0.26763007	0.5808777	0.0	0.2840607	0.0	0.0	0.0	0.0	0.09339476	0.0	0.12578405	0.0	0.0	0.0	0.0	0.5184651	0.0	0.0	0.0	0.23008604	0.0	0.0	0.0	0.4869683	0.09264771	0.0	0.15751839	0.0	0.0	0.3299757	0.0	0.0056171683	0.0	0.0	0.082870364	0.0	0.0	0.0	0.0	0.13745667	0.0	0.51566005	0.0	0.0	0.4092872	0.0	0.0
0.0	0.12094611	0.0	0.0	0.0	0.0	0.05092461	0.0	0.0	0.0	0.0	0.0	0.0	0.0	0.2932737	0.0	0.34430766	0.0	0.0	0.05851689	0.0	0.21502948	0.0	0.19360222	0.0	0.0	0.09544906	0.0	0.0	0.200032	0.38502538	0.0	0.0	0.0	0.0	0.0	0.0	0.0	0.0	0.0	0.2560677	0.36482754	0.0	0.0	0.0	0.0	0.38135788	0.0	0.26367453	0.20460694	0.0	0.0	0.0	0.20135152	0.0	0.0	0.0	0.0	0.0	0.41805956	0.30102304	0.0	0.0	0.29694405	0.0	0.0	0.13289629	0.22123365	0.0	0.3370404	0.23897843	0.0	0.0	0.0	0.0	0.24932897	0.0	0.0	0.18470721	0.0	0.48505306	0.24470691	0.54787564	0.0	0.28296497	0.0	0.0	0.0	0.0	0.09360513	0.0	0.11571262	0.0	0.0	0.0	0.0	0.5251127	0.0	0.0	0.0	0.22477639	0.0	0.0	0.0	0.48767412	0.0852704	0.0	0.15271467	0.0	0.0	0.3310437	0.0	0.0	0.0	0.0	0.08483714	0.0	0.0	0.0	0.0	0.12626326	0.0	0.48761198	0.0	0.0	0.39783993	0.0	0.0
0.0	0.12411653	0.0	0.0	0.0	0.0	0.06182893	0.0	0.0	0.0	0.0	0.0	0.0	0.0	0.28680182	0.0	0.3417612	0.0	0.0	0.057813644	0.0	0.2184266	0.0	0.20875897	0.0	0.0	0.09255578	0.0	0.0	0.19050312	0.381856	0.0	0.0	0.0	0.0	0.0	0.0	0.0	0.0	0.0	0.25350943	0.36128354	0.0	0.0	0.0	0.0	0.36776614	0.0	0.2527456	0.19067435	0.0	0.0	0.0	0.19310564	0.0	0.0	0.0	0.0	0.0	0.41016343	0.30721915	0.0	0.0	0.284802	0.0	0.0	0.11901913	0.22480698	0.0	0.3265681	0.23594229	0.0	0.0	0.0	0.0	0.25196424	0.0	0.0	0.17939694	0.0	0.4820162	0.23286967	0.5353156	0.0	0.2882045	0.0	0.0	0.0	0.0	0.092542626	0.0	0.10836432	0.0	0.0	0.0	0.0	0.52666545	0.0	0.0	0.0	0.22684227	0.0	0.0	0.0	0.48270145	0.07883503	0.0	0.1488025	0.0	0.0	0.3321651	0.0	0.0	0.0	0.0	0.0892165	0.0	0.0	0.0	0.0	0.1276203	0.0	0.48845235	0.0	0.0	0.39753398	0.0	0.0
0.0	0.1320116	0.0	0.0	0.0	0.0	0.07693565	0.0	0.0	0.0	0.0	0.0	0.0	0.0	0.26788935	0.0	0.3246505	0.0	0.0	0.053147513	0.0	0.19128244	0.0	0.21996623	0.0	0.0	0.07579283	0.0	0.0	0.15855397	0.37418357	0.0	0.0	0.0	0.0	0.0	0.0	0.0	0.0	0.0	0.22327442	0.34796557	0.0	0.0	0.0	0.0	0.34576055	0.0	0.23543197	0.1702078	0.0	0.0	0.0	0.16627799	0.0	0.0	0.0	0.0	0.0	0.4030622	0.30429086	0.0	0.0	0.25423527	0.0	0.0	0.10635832	0.19351284	0.0	0.3049648	0.2142965	0.0	0.0	0.0	0.0	0.254611	0.0	0.0	0.16311379	0.0	0.45942125	0.21561843	0.4937725	0.0	0.28472877	0.0	0.0	0.0	0.0	0.08343645	0.0	0.10442052	0.0	0.0	0.0	0.0	0.5325933	0.0	0.0	0.0	0.22539277	0.0	0.0	0.0	0.4517698	0.054620642	0.0	0.13586956	0.0	0.0	0.33130786	0.0	0.007753404	0.0	0.0	0.10274571	0.0	0.0	0.0	0.0	0.1153265	0.0	0.4835094	0.0	0.0	0.38032484	0.0	0.0
0.0	0.12786421	0.0	0.0	0.0	0.0	0.06957766	0.0	0.0	0.0	0.0	0.0	0.0	0.0	0.25128713	0.0	0.31147122	0.0	0.0	0.048820395	0.0	0.19430478	0.0	0.20502858	0.0	0.0	0.06562476	0.0	0.0	0.15151747	0.37532148	0.0	0.0	0.0	0.0	0.0	0.0	0.0	0.0	0.0	0.22425842	0.33451256	0.0	0.0	0.0	0.0	0.34067535	0.0	0.24021006	0.16004293	0.0	0.0	0.0	0.16702898	0.0	0.0	0.0	0.0	0.0	0.39499435	0.29743156	0.0	0.0	0.24471898	0.0	0.0	0.109013915	0.19498356	0.0	0.29742998	0.22743793	0.0	0.0	0.0	0.0	0.24442965	0.0	0.0	0.15848671	0.0	0.44707692	0.20203507	0.48929378	0.0	0.28802782	0.0	0.0	0.0	0.0	0.079446174	0.0	0.0984988	0.0	0.0	0.0	0.0	0.5321462	0.0	0.0	0.0	0.22013801	0.0	0.0	0.0	0.45776972	0.04292485	0.0	0.12992726	0.0	0.0	0.33005288	0.0	0.0018963758	0.0	0.0	0.103260286	0.0	0.0	0.0	0.0	0.11231833	0.0	0.47565427	0.0	0.0	0.3759502	0.0	0.0
0.0	0.12982313	0.0	0.0	0.0	0.0	0.06291258	0.0	0.0	0.0	0.0	0.0	0.0	0.0	0.25542113	0.0	0.3108372	0.0	0.0	0.04689691	0.0	0.19624142	0.0	0.20084675	0.0	0.0	0.06733217	0.0	0.0	0.15722096	0.37302163	0.0	0.0	0.0	0.0	0.0	0.0	0.0	0.0	0.0	0.22616322	0.33684358	0.0	0.0	0.0	0.0	0.347695	0.0	0.23895681	0.16497998	0.0	0.0	0.0	0.17257434	0.0	0.0	0.0	0.0	0.0	0.40039578	0.2997576	0.0	0.0	0.25115597	0.0	0.0	0.11038512	0.2033823	0.0	0.29790175	0.2250592	0.0	0.0	0.0	0.0	0.24077876	0.0	0.0	0.17008996	0.0	0.44774303	0.20392282	0.4929209	0.0	0.28506532	0.0	0.0	0.0	0.0	0.082578294	0.0	0.09950229	0.0	0.0	0.0	0.0	0.5306997	0.0	0.0	0.0	0.22041683	0.0	0.0	0.0	0.46546957	0.048229445	0.0	0.14210473	0.0	0.0	0.3400985	0.0	0.002484172	0.0	0.0	0.099420875	0.0	0.0	0.0	0.0	0.11105154	0.0	0.4744749	0.0	0.0	0.37151942	0.0	0.0
0.0	0.123568624	0.0	0.0	0.0	0.0	0.054413617	0.0	0.0	0.0	0.0	0.0	0.0	0.0	0.25052914	0.0	0.3013997	0.0	0.0	0.045439955	0.0	0.18923889	0.0	0.19242735	0.0	0.0	0.06999638	0.0	0.0	0.15559955	0.372816	0.0	0.0	0.0	0.0	0.0	0.0	0.0	0.0	0.0	0.23304872	0.33945203	0.0	0.0	0.0	0.0	0.35003495	0.0	0.23717415	0.15888213	0.0	0.0	0.0	0.17980641	0.0	0.0	0.0	0.0	0.0	0.39844164	0.2997949	0.0	0.0	0.250894	0.0	0.0	0.11323064	0.20976909	0.0	0.30109867	0.23242234	0.0	0.0	0.0	0.0	0.23553884	0.0	0.0	0.16516238	0.0	0.4550701	0.19764495	0.49006364	0.0	0.2869133	0.0	0.0	0.0	0.0	0.08416775	0.0	0.097040795	0.0	0.0	0.0	0.0	0.5274661	0.0	0.0	0.0	0.21712488	0.0	0.0	0.0	0.47058177	0.053973343	0.0	0.13595562	0.0	0.0	0.33749303	0.0	0.0	0.0	0.0	0.09954081	0.0	0.0	0.0	0.0	0.10984248	0.0	0.46518898	0.0	0.0	0.3676742	0.0	0.0
0.0	0.12500055	0.0	0.0	0.0	0.0	0.057120264	0.0	0.0	0.0	0.0	0.0	0.0	0.0	0.26153055	0.0	0.31386337	0.0	0.0	0.05013516	0.0	0.19059289	0.0	0.20703006	0.0	0.0	0.07296237	0.0	0.0	0.16466543	0.36855352	0.0	0.0	0.0	0.0	0.0	0.0	0.0	0.0	0.0	0.23337972	0.35040262	0.0	0.0	0.0	0.0	0.34359893	0.0	0.23073502	0.1604471	0.0	0.0	0.0	0.17417729	0.0	0.0	0.0	0.0	0.0	0.39712116	0.30924612	0.0	0.0	0.2527349	0.0	0.0	0.10852819	0.20728292	0.0	0.30262184	0.22527514	0.0	0.0	0.0	0.0	0.24620353	0.0	0.0	0.1653754	0.0	0.46146894	0.19754349	0.49623325	0.0	0.2888053	0.0	0.0	0.0	0.0	0.085279465	0.0	0.094949126	0.0	0.0	0.0	0.0	0.5366094	0.0	0.0	0.0	0.21903987	0.0	0.0	0.0	0.4695855	0.05978472	0.0	0.13611524	0.0	0.0	0.33543205	0.0	0.0	0.0	0.0	0.10313636	0.0	0.0	0.0	0.0	0.115658134	0.0	0.47369945	0.0	0.0	0.37594056	0.0	0.0
0.0	0.13145621	0.0	0.0	0.0	0.0	0.07931551	0.0	0.0	0.0	0.0	0.0	0.0	0.0	0.2591505	0.0	0.32248998	0.0	0.0	0.054219294	0.0	0.1937405	0.0	0.21649234	0.0	0.0	0.07447133	0.0	0.0	0.15560497	0.37588206	0.0	0.0	0.0	0.0	0.0	0.0	0.0	0.0	0.0	0.22659977	0.3413364	0.0	0.0	0.0	0.0	0.34065446	0.0	0.24027407	0.16276415	0.0	0.0	0.0	0.16943707	0.0	0.0	0.0	0.0	0.0	0.3985418	0.30485034	0.0	0.0	0.24995612	0.0	0.0	0.10302696	0.19464678	0.0	0.30094567	0.2216161	0.0	0.0	0.0	0.0	0.24909736	0.0	0.0	0.16129422	0.0	0.45414123	0.20856754	0.49524942	0.0	0.29009578	0.0	0.0	0.0	0.0	0.08259799	0.0	0.10269263	0.0	0.0	0.0	0.0	0.53431064	0.0	0.0	0.0	0.22386338	0.0	0.0	0.0	0.45499834	0.04797725	0.0	0.13530928	0.0	0.0	0.32850382	0.0	0.0055040363	0.0	0.0	0.106730305	0.0	0.0	0.0	0.0	0.11704904	0.0	0.48368788	0.0	0.0	0.38019553	0.0	0.0
0.0	0.123285174	0.0	0.0	0.0	0.0	0.07188207	0.0	0.0	0.0	0.0	0.0	0.0	0.0	0.2804978	0.0	0.33542466	0.0	0.0	0.055031285	0.0	0.2040224	0.0	0.21848612	0.0	0.0	0.08317269	0.0	0.0	0.16986835	0.37825075	0.0	0.0	0.0	0.0	0.0	0.0	0.0	0.0	0.0	0.24159282	0.35151216	0.0	0.0	0.0	0.0	0.3472078	0.0	0.23274834	0.16815327	0.0	0.0	0.0	0.18069136	0.0	0.0	0.0	0.0	0.0	0.3973465	0.31072745	0.0	0.0	0.26497158	0.0	0.0	0.10114545	0.20853274	0.0	0.30894268	0.22304733	0.0	0.0	0.0	0.0	0.25300306	0.0	0.0	0.1647283	0.0	0.4744095	0.209126	0.5072379	0.0	0.29553422	0.0	0.0	0.0	0.0	0.09177395	0.0	0.1049711	0.0	0.0	0.0	0.0	0.5370899	0.0	0.0	0.0	0.2277363	0.0	0.0	0.0	0.47756103	0.06442217	0.0	0.14273597	0.0	0.0	0.32746446	0.0	0.0	0.0	0.0	0.09935919	0.0	0.0	0.0	0.0	0.12607747	0.0	0.48096514	0.0	0.0	0.38982424	0.0	0.0
0.0	0.12480732	0.0	0.0	0.0	0.0	0.064307414	0.0	0.0	0.0	0.0	0.0	0.0	0.0	0.2498578	0.0	0.3045068	0.0	0.0	0.046793584	0.0	0.18914111	0.0	0.20124571	0.0	0.0	0.065313324	0.0	0.0	0.1460622	0.3712574	0.0	0.0	0.0	0.0	0.0	0.0	0.0	0.0	0.0	0.22392376	0.32946423	0.0	0.0	0.0	0.0	0.3366637	0.0	0.2344804	0.15805857	0.0	0.0	0.0	0.16522272	0.0	0.0	0.0	0.0	0.0	0.39162317	0.29616812	0.0	0.0	0.23727272	0.0	0.0	0.1087766	0.19366606	0.0	0.29612076	0.22964716	0.0	0.0	0.0	0.0	0.24301146	0.0	0.0	0.1549658	0.0	0.4453338	0.19434987	0.4809101	0.0	0.2864831	0.0	0.0	0.0	0.0	0.078329794	0.0	0.09298453	0.0	0.0	0.0	0.0	0.53111035	0.0	0.0	0.0	0.217481	0.0	0.0	0.0	0.4566795	0.040996406	0.0	0.12446457	0.0	0.0	0.3288307	0.0	0.00021062233	0.0	0.0	0.10191832	0.0	0.0	0.0	0.0	0.11332092	0.0	0.46634674	0.0	0.0	0.3705887	0.0	0.0
0.0	0.122432746	0.0	0.0	0.0	0.0	0.06612282	0.0	0.0	0.0	0.0	0.0	0.0	0.0	0.2711046	0.0	0.32640633	0.0	0.0	0.059146415	0.0	0.20731537	0.0	0.202908	0.0	0.0	0.07354238	0.0	0.0	0.17315876	0.38064858	0.0	0.0	0.0	0.0	0.0	0.0	0.0	0.0	0.0	0.23849316	0.34531522	0.0	0.0	0.0	0.0	0.36196923	0.0	0.25121185	0.18102795	0.0	0.0	0.0	0.17780198	0.0	0.0	0.0	0.0	0.0	0.40453002	0.29872587	0.0	0.0	0.2660731	0.0	0.0	0.11811286	0.20709491	0.0	0.3111959	0.22903688	0.0	0.0	0.0	0.0	0.24809098	0.0	0.0	0.16543622	0.0	0.46321425	0.22274208	0.50852954	0.0	0.28259036	0.0	0.0	0.0	0.0	0.08036154	0.0	0.105969764	0.0	0.0	0.0	0.0	0.53021723	0.0	0.0	0.0	0.21969926	0.0	0.0	0.0	0.46557006	0.058522534	0.0	0.1311936	0.0	0.0	0.33138576	0.0	0.0013663688	0.0	0.0	0.09645883	0.0	0.0	0.0	0.0	0.11556969	0.0	0.47905502	0.0	0.0	0.38249874	0.0	0.0
0.0	0.12849128	0.0	0.0	0.0	0.0	0.0713974	0.0	0.0	0.0	0.0	0.0	0.0	0.0	0.26818958	0.0	0.32763216	0.0	0.0	0.05415773	0.0	0.20413382	0.0	0.21785128	0.0	0.0	0.07594069	0.0	0.0	0.16515695	0.37469217	0.0	0.0	0.0	0.0	0.0	0.0	0.0	0.0	0.0	0.23628907	0.3494645	0.0	0.0	0.0	0.0	0.34790972	0.0	0.24070305	0.1651861	0.0	0.0	0.0	0.17948313	0.0	0.0	0.0	0.0	0.0	0.40296224	0.30708838	0.0	0.0	0.26227835	0.0	0.0	0.10238043	0.2077863	0.0	0.30484757	0.22468883	0.0	0.0	0.0	0.0	0.25099882	0.0	0.0	0.16933207	0.0	0.46189034	0.2101063	0.5077603	0.0	0.29307553	0.0	0.0	0.0	0.0	0.08654704	0.0	0.103013806	0.0	0.0	0.0	0.0	0.5358083	0.0	0.0	0.0	0.22618675	0.0	0.0	0.0	0.4682651	0.055077773	0.0	0.14143324	0.0	0.0	0.3345975	0.0	0.0048458795	0.0	0.0	0.10205986	0.0	0.0	0.0	0.0	0.12240837	0.0	0.48604465	0.0	0.0	0.3857185	0.0	0.0
0.0	0.14016773	0.0	0.0	0.0	0.0	0.10835118	0.0	0.0	0.0	0.0	0.0	0.0	0.0	0.30528677	0.0	0.39744174	0.0	0.0	0.078537285	0.0	0.25057498	0.0	0.18491085	0.0	0.0	0.079099394	0.0	0.0	0.22757757	0.41217342	0.0	0.0	0.0	0.0	0.0	0.0	0.0	0.0	0.0	0.24185371	0.34889877	0.0	0.0	0.0	0.0	0.38923645	0.0	0.3072351	0.27310252	0.0	0.0	0.0	0.18220194	0.0	0.0	0.0	0.0	0.0	0.4297457	0.26091865	0.0	0.0	0.3436191	0.0	0.0	0.1452772	0.19037779	0.0	0.36562917	0.23881269	0.0	0.0	0.0	0.0	0.27627018	0.0	0.0	0.20076156	0.0	0.45748174	0.32447585	0.5998473	0.0	0.26882276	0.0	0.0	0.0	0.0	0.06971239	0.0	0.15418136	0.0	0.0	0.0	0.0	0.49590108	0.0	0.0	0.0	0.23857735	0.0	0.0	0.0	0.46987152	0.085381396	0.0	0.1675694	0.0	0.0	0.30806747	0.0	0.016940936	0.0	0.0	0.080138676	0.0	0.0	0.0	0.0	0.13486731	0.0	0.5555727	0.0	0.0	0.41733965	0.0	0.0
0.0	0.16990872	0.0	0.0	0.0	0.0	0.034335613	0.0	0.0	0.0	0.0	0.0	0.0	0.0	0.36649477	0.0	0.45223534	0.0	0.0	0.08626616	0.0	0.2400928	0.0	0.26038262	0.0	0.0	0.19978662	0.0	0.0	0.30403188	0.33515784	0.0	0.0	0.0	0.0	0.0	0.0	0.0	0.0	0.0	0.3373487	0.50135976	0.0	0.0	0.0	0.0	0.36450586	0.0	0.24897201	0.17593169	0.0	0.0	0.0	0.255556	0.0	0.0	0.0	0.0	0.0	0.40117887	0.41526258	0.0	0.0	0.39353442	0.0	0.0	0.07611815	0.30050877	0.0	0.36562	0.21906215	0.0	0.0	0.0	0.0	0.28504488	0.0	0.0	0.2523188	0.0	0.53108156	0.18118413	0.69066256	0.0	0.3883756	0.0	0.0	0.0	0.0	0.16145904	0.0	0.10721689	0.0	0.0	0.0	0.0	0.5953412	0.0	0.0	0.0	0.28544757	0.0	0.0	0.0	0.57926387	0.154765	0.0	0.2322241	0.0	0.0	0.3584729	0.0	0.0	0.0	0.0	0.09519606	0.0	0.0	0.0	0.0	0.20450932	0.0	0.5894707	0.0	0.0	0.47507367	0.0	0.0
0.0	0.17992611	0.0	0.0	0.0	0.0	0.030984461	0.0	0.0	0.0	0.0	0.0	0.0	0.0	0.332149	0.0	0.42900398	0.0	0.0	0.07872708	0.0	0.20409895	0.0	0.26415637	0.0	0.0	0.18707146	0.0	0.0	0.2754525	0.3372314	0.0	0.0	0.0	0.0	0.0	0.0	0.0	0.0	0.0	0.304257	0.5079071	0.0	0.0	0.0	0.0	0.35310438	0.0	0.24336015	0.14262462	0.0	0.0	0.0	0.2434115	0.0	0.0	0.0	0.0	0.0	0.40711534	0.42656612	0.0	0.0	0.3637029	0.0	0.0	0.06182577	0.2900341	0.0	0.36002755	0.21730234	0.0	0.0	0.0	0.0	0.27595603	0.0	0.0	0.25916192	0.0	0.5284098	0.16876149	0.65557724	0.0	0.3801836	0.0	0.0	0.0	0.0	0.15982349	0.0	0.093738735	0.0	0.0	0.0	0.0	0.6145974	0.0	0.0	0.0	0.27636155	0.0	0.0	0.0	0.5752586	0.14832002	0.0	0.23155218	0.0	0.0	0.3591375	0.0	0.0	0.0	0.0	0.10919299	0.0	0.0	0.0	0.0	0.18006206	0.0	0.58302975	0.0	0.0	0.4649298	0.0	0.0
0.0	0.14904614	0.0	0.0	0.0	0.0	0.048015345	0.0	0.0	0.0	0.0	0.0	0.0	0.0	0.31797495	0.0	0.3856735	0.0	0.0	0.076497555	0.0	0.22425024	0.0	0.21298015	0.0	0.0	0.13709198	0.0	0.0	0.24881463	0.36646894	0.0	0.0	0.0	0.0	0.0	0.0	0.0	0.0	0.0	0.29236713	0.41888723	0.0	0.0	0.0	0.0	0.38149253	0.0	0.2728401	0.19708169	0.0	0.0	0.0	0.22891437	0.0	0.0	0.0	0.0	0.0	0.42237863	0.3469665	0.0	0.0	0.34298137	0.0	0.0	0.11217284	0.25404826	0.0	0.35588276	0.23852384	0.0	0.0	0.0	0.0	0.26623893	0.0	0.0	0.21835816	0.0	0.4963769	0.21736681	0.61137193	0.0	0.32704166	0.0	0.0	0.0	0.0	0.1211625	0.0	0.11394056	0.0	0.0	0.0	0.0	0.55539316	0.0	0.0	0.0	0.25285038	0.0	0.0	0.0	0.5341781	0.114528246	0.0	0.19076216	0.0	0.0	0.34137535	0.0	0.0	0.0	0.0	0.08939653	0.0	0.0	0.0	0.0	0.15574871	0.0	0.53557813	0.0	0.0	0.4314679	0.0	0.0
0.0	0.15259518	0.0	0.0	0.0	0.0	0.03072092	0.0	0.0	0.0	0.0	0.0	0.0	0.0	0.32611337	0.0	0.40307984	0.0	0.0	0.057992946	0.0	0.23182029	0.0	0.25084147	0.0	0.0	0.15452512	0.0	0.0	0.24996543	0.37262735	0.0	0.0	0.0	0.0	0.0	0.0	0.0	0.0	0.0	0.29934397	0.44517994	0.0	0.0	0.0	0.0	0.37183082	0.0	0.2724339	0.16330026	0.0	0.0	0.0	0.2306701	0.0	0.0	0.0	0.0	0.0	0.39531016	0.3964683	0.0	0.0	0.35402808	0.0	0.0	0.09568048	0.2567415	0.0	0.34261298	0.23397739	0.0	0.0	0.0	0.0	0.26750168	0.0	0.0	0.24163704	0.0	0.4934589	0.18018083	0.6291037	0.0	0.3444419	0.0	0.0	0.0	0.0	0.13279189	0.0	0.09635943	0.0	0.0	0.0	0.0	0.5870993	0.0	0.0	0.0	0.27917504	0.0	0.0	0.0	0.5381147	0.11747309	0.0	0.210595	0.0	0.0	0.3587227	0.0	0.0	0.0	0.0	0.1071791	0.0	0.0	0.0	0.0	0.17289138	0.0	0.5497153	0.0	0.0	0.44921216	0.0	0.0
0.0	0.18205416	0.0	0.0	0.0	0.0	0.04442366	0.0	0.0	0.0	0.0	0.0	0.0	0.0	0.3252837	0.0	0.42113546	0.0	0.0	0.080799416	0.0	0.20480561	0.0	0.25963762	0.0	0.0	0.17154033	0.0	0.0	0.26117572	0.3357165	0.0	0.0	0.0	0.0	0.0	0.0	0.0	0.0	0.0	0.29748866	0.48885152	0.0	0.0	0.0	0.0	0.3535982	0.0	0.2501264	0.14039828	0.0	0.0	0.0	0.2361586	0.0	0.0	0.0	0.0	0.0	0.41264036	0.41678357	0.0	0.0	0.3535428	0.0	0.0	0.0665484	0.2781085	0.0	0.35329986	0.2181436	0.0	0.0	0.0	0.0	0.27638853	0.0	0.0	0.24702156	0.0	0.5188089	0.18021278	0.6427155	0.0	0.37579808	0.0	0.0	0.0	0.0	0.15060739	0.0	0.09759637	0.0	0.0	0.0	0.0	0.6064356	0.0	0.0	0.0	0.27518204	0.0	0.0	0.0	0.55633503	0.1337922	0.0	0.22232886	0.0	0.0	0.35664937	0.0	0.0	0.0	0.0	0.111298285	0.0	0.0	0.0	0.0	0.16966362	0.0	0.5779265	0.0	0.0	0.45640567	0.0	0.0
0.0	0.17503208	0.0	0.0	0.0	0.0	0.04911689	0.0	0.0	0.0	0.0	0.0	0.0	0.0	0.3492289	0.0	0.45763338	0.0	0.0	0.081179686	0.0	0.24798298	0.0	0.23281181	0.0	0.0	0.18102956	0.0	0.0	0.3148248	0.35010827	0.0	0.0	0.0	0.0	0.0	0.0	0.0	0.0	0.0	0.33142874	0.47206283	0.0	0.0	0.0	0.0	0.3664732	0.0	0.27646777	0.22691362	0.0	0.0	0.0	0.2348439	0.0	0.0	0.0	0.0	0.0	0.40438774	0.37176427	0.0	0.0	0.42176247	0.0	0.0	0.10199515	0.29057756	0.0	0.37951025	0.23449065	0.0	0.0	0.0	0.0	0.27830312	0.0	0.0	0.2588041	0.0	0.5057276	0.23227501	0.7030737	0.0	0.3586471	0.0	0.0	0.0	0.0	0.15226637	0.0	0.124685444	0.0	0.0	0.0	0.0	0.5392022	0.0	0.0	0.0	0.2717185	0.0	0.0	0.0	0.5687893	0.16056357	0.0	0.24550146	0.0	0.0	0.3376665	0.0	0.0	0.0	0.0	0.097308494	0.0	0.0	0.0	0.0	0.19208914	0.0	0.5916467	0.0	0.0	0.46220914	0.0	0.0
0.0	0.1542055	0.0	0.0	0.0	0.0	0.013723039	0.0	0.0	0.0	0.0	0.0	0.0	0.0	0.32288933	0.0	0.3880657	0.0	0.0	0.06842916	0.0	0.19635914	0.0	0.23381715	0.0	0.0	0.16449675	0.0	0.0	0.2523717	0.3444674	0.0	0.0	0.0	0.0	0.0	0.0	0.0	0.0	0.0	0.29175666	0.45529747	0.0	0.0	0.0	0.0	0.38262096	0.0	0.23932864	0.16242586	0.0	0.0	0.0	0.2294531	0.0	0.0	0.0	0.0	0.0	0.40141618	0.38114083	0.0	0.0	0.33983898	0.0	0.0	0.088936545	0.2705984	0.0	0.35269752	0.2159133	0.0	0.0	0.0	0.0	0.26499	0.0	0.0	0.22514866	0.0	0.5225132	0.18035537	0.6053173	0.0	0.3448831	0.0	0.0	0.0	0.0	0.14793722	0.0	0.096976705	0.0	0.0	0.0	0.0	0.5842648	0.0	0.0	0.0	0.25827464	0.0	0.0	0.0	0.54910284	0.13474438	0.0	0.20377582	0.0	0.0	0.35565796	0.0	0.0	0.0	0.0	0.09590224	0.0	0.0	0.0	0.0	0.14807718	0.0	0.5259498	0.0	0.0	0.43528533	0.0	0.0
0.0	0.15832876	0.0	0.0	0.0	0.0	0.02989938	0.0	0.0	0.0	0.0	0.0	0.0	0.0	0.3076709	0.0	0.37590733	0.0	0.0	0.07115974	0.0	0.19764745	0.0	0.23436113	0.0	0.0	0.14654836	0.0	0.0	0.23892903	0.3436207	0.0	0.0	0.0	0.0	0.0	0.0	0.0	0.0	0.0	0.28442934	0.4391599	0.0	0.0	0.0	0.0	0.35962403	0.0	0.23831849	0.14810057	0.0	0.0	0.0	0.21893866	0.0	0.0	0.0	0.0	0.0	0.39925984	0.37799034	0.0	0.0	0.32167137	0.0	0.0	0.08384741	0.26343498	0.0	0.33274463	0.21689653	0.0	0.0	0.0	0.0	0.2630892	0.0	0.0	0.21609001	0.0	0.49956384	0.16661316	0.5979199	0.0	0.34889546	0.0	0.0	0.0	0.0	0.12934051	0.0	0.096130855	0.0	0.0	0.0	0.0	0.58298856	0.0	0.0	0.0	0.25784728	0.0	0.0	0.0	0.53848034	0.109674715	0.0	0.19614053	0.0	0.0	0.361518	0.0	0.0	0.0	0.0	0.10542538	0.0	0.0	0.0	0.0	0.14805721	0.0	0.53249097	0.0	0.0	0.4229989	0.0	0.0
0.0	0.17664462	0.0	0.0	0.0	0.0	0.04928142	0.0	0.0	0.0	0.0	0.0	0.0	0.0	0.34326538	0.0	0.4529669	0.0	0.0	0.08844713	0.0	0.2303338	0.0	0.24421762	0.0	0.0	0.19414717	0.0	0.0	0.29821184	0.34999803	0.0	0.0	0.0	0.0	0.0	0.0	0.0	0.0	0.0	0.3246117	0.5037418	0.0	0.0	0.0	0.0	0.37534654	0.0	0.27592495	0.18211381	0.0	0.0	0.0	0.262018	0.0	0.0	0.0	0.0	0.0	0.42649555	0.40703583	0.0	0.0	0.39673886	0.0	0.0	0.09363973	0.2933135	0.0	0.38671517	0.23465146	0.0	0.0	0.0	0.0	0.27608588	0.0	0.0	0.26358354	0.0	0.5263389	0.21423055	0.6959038	0.0	0.37414327	0.0	0.0	0.0	0.0	0.16204551	0.0	0.1177119	0.0	0.0	0.0	0.0	0.58151555	0.0	0.0	0.0	0.28054574	0.0	0.0	0.0	0.574534	0.15770501	0.0	0.24450757	0.0	0.0	0.3458383	0.0	0.0	0.0	0.0	0.09534178	0.0	0.0	0.0	0.0	0.18931137	0.0	0.5959975	0.0	0.0	0.48204932	0.0	0.0
0.0	0.1735536	0.0	0.0	0.0	0.0	0.029240549	0.0	0.0	0.0	0.0	0.0	0.0	0.0	0.3520966	0.0	0.438163	0.0	0.0	0.09170562	0.0	0.22956377	0.0	0.2487927	0.0	0.0	0.19528443	0.0	0.0	0.30085033	0.33888176	0.0	0.0	0.0	0.0	0.0	0.0	0.0	0.0	0.0	0.34169015	0.50024104	0.0	0.0	0.0	0.0	0.37337637	0.0	0.25839224	0.15594113	0.0	0.0	0.0	0.25893307	0.0	0.0	0.0	0.0	0.0	0.4120029	0.41254494	0.0	0.0	0.38302073	0.0	0.0	0.070551924	0.30600306	0.0	0.36101976	0.21892376	0.0	0.0	0.0	0.0	0.2784818	0.0	0.0	0.25450155	0.0	0.5151978	0.16397853	0.68277675	0.0	0.3913051	0.0	0.0	0.0	0.0	0.15868576	0.0	0.10965475	0.0	0.0	0.0	0.0	0.60216737	0.0	0.0	0.0	0.28321046	0.0	0.0	0.0	0.5887976	0.14303632	0.0	0.23489356	0.0	0.0	0.36872473	0.0	0.0	0.0	0.0	0.09735068	0.0	0.0	0.0	0.0	0.18848471	0.0	0.5844368	0.0	0.0	0.47818932	0.0	0.0
0.0	0.14196965	0.0	0.0	0.0	0.0	0.031234384	0.0	0.0	0.0	0.0	0.0	0.0	0.0	0.29616866	0.0	0.35583448	0.0	0.0	0.061195135	0.0	0.18844576	0.0	0.2199208	0.0	0.0	0.124028124	0.0	0.0	0.21483958	0.351483	0.0	0.0	0.0	0.0	0.0	0.0	0.0	0.0	0.0	0.2699144	0.41360965	0.0	0.0	0.0	0.0	0.35286257	0.0	0.223731	0.1513332	0.0	0.0	0.0	0.20219438	0.0	0.0	0.0	0.0	0.0	0.39606845	0.35436046	0.0	0.0	0.29444396	0.0	0.0	0.094088234	0.24544542	0.0	0.32963535	0.22284478	0.0	0.0	0.0	0.0	0.25493526	0.0	0.0	0.20422955	0.0	0.48934183	0.1693918	0.5505855	0.0	0.32542142	0.0	0.0	0.0	0.0	0.117218256	0.0	0.08596802	0.0	0.0	0.0	0.0	0.5701149	0.0	0.0	0.0	0.24437423	0.0	0.0	0.0	0.5230019	0.102132164	0.0	0.17950755	0.0	0.0	0.3485774	0.0	0.0	0.0	0.0	0.099334	0.0	0.0	0.0	0.0	0.133926	0.0	0.5051047	0.0	0.0	0.4053336	0.0	0.0
0.0	0.19290893	0.0	0.0	0.0	0.0	0.051353585	0.0	0.0	0.0	0.0	0.0	0.0	0.0	0.34480634	0.0	0.45868778	0.0	0.0	0.09399112	0.0	0.23019826	0.0	0.263838	0.0	0.0	0.21088177	0.0	0.0	0.31070837	0.33905223	0.0	0.0	0.0	0.0	0.0	0.0	0.0	0.0	0.0	0.3349308	0.54339916	0.0	0.0	0.0	0.0	0.369854	0.0	0.27636567	0.15309896	0.0	0.0	0.0	0.27254882	0.0	0.0	0.0	0.0	0.0	0.42439017	0.4458908	0.0	0.0	0.40226802	0.0	0.0	0.06772875	0.31157288	0.0	0.37938488	0.22089106	0.0	0.0	0.0	0.0	0.28094995	0.0	0.0	0.27855015	0.0	0.53041667	0.18646789	0.71621853	0.0	0.39942542	0.0	0.0	0.0	0.0	0.17735851	0.0	0.11496783	0.0	0.0	0.0	0.0	0.60512596	0.0	0.0	0.0	0.2953914	0.0	0.0	0.0	0.5946469	0.16369592	0.0	0.26212943	0.0	0.0	0.35554233	0.0	0.0	0.0	0.0	0.09995101	0.0	0.0	0.0	0.0	0.19349808	0.0	0.61635834	0.0	0.0	0.4978039	0.0	0.0
0.0	0.16339068	0.0	0.0	0.0	0.0	0.012734168	0.0	0.0	0.0	0.0	0.0	0.0	0.0	0.33430853	0.0	0.40805468	0.0	0.0	0.07511827	0.0	0.20674859	0.0	0.24379736	0.0	0.0	0.17916083	0.0	0.0	0.26901022	0.33299085	0.0	0.0	0.0	0.0	0.0	0.0	0.0	0.0	0.0	0.30932125	0.47266197	0.0	0.0	0.0	0.0	0.37270728	0.0	0.24040139	0.15375136	0.0	0.0	0.0	0.23480076	0.0	0.0	0.0	0.0	0.0	0.39739347	0.4041141	0.0	0.0	0.35071254	0.0	0.0	0.08547766	0.29098454	0.0	0.3515288	0.21545501	0.0	0.0	0.0	0.0	0.26637074	0.0	0.0	0.23632373	0.0	0.52212995	0.1685415	0.634431	0.0	0.36711732	0.0	0.0	0.0	0.0	0.14957596	0.0	0.09544153	0.0	0.0	0.0	0.0	0.58782625	0.0	0.0	0.0	0.27035296	0.0	0.0	0.0	0.5602954	0.13528503	0.0	0.215919	0.0	0.0	0.37226203	0.0	0.0	0.0	0.0	0.09758264	0.0	0.0	0.0	0.0	0.16647504	0.0	0.54634565	0.0	0.0	0.44528675	0.0	0.0
0.0	0.17963628	0.0	0.0	0.0	0.0	0.037171785	0.0	0.0	0.0	0.0	0.0	0.0	0.0	0.3192726	0.0	0.4247268	0.0	0.0	0.07944098	0.0	0.20196669	0.0	0.25717744	0.0	0.0	0.18821551	0.0	0.0	0.27768478	0.33950162	0.0	0.0	0.0	0.0	0.0	0.0	0.0	0.0	0.0	0.30909064	0.51587707	0.0	0.0	0.0	0.0	0.35239574	0.0	0.25148562	0.13089783	0.0	0.0	0.0	0.24901034	0.0	0.0	0.0	0.0	0.0	0.41191497	0.42677164	0.0	0.0	0.36129513	0.0	0.0	0.06607405	0.2936468	0.0	0.36003375	0.2226664	0.0	0.0	0.0	0.0	0.26989466	0.0	0.0	0.26367968	0.0	0.52293897	0.15718937	0.6560645	0.0	0.384185	0.0	0.0	0.0	0.0	0.15788342	0.0	0.097086556	0.0	0.0	0.0	0.0	0.61341983	0.0	0.0	0.0	0.27658954	0.0	0.0	0.0	0.57790726	0.14732288	0.0	0.23704831	0.0	0.0	0.35995826	0.0	0.0	0.0	0.0	0.11272058	0.0	0.0	0.0	0.0	0.17307222	0.0	0.5868082	0.0	0.0	0.46780983	0.0	0.0
0.0	0.17465667	0.0	0.0	0.0	0.0	0.03731395	0.0	0.0	0.0	0.0	0.0	0.0	0.0	0.35402855	0.0	0.45229936	0.0	0.0	0.07638345	0.0	0.23232067	0.0	0.27179548	0.0	0.0	0.2068858	0.0	0.0	0.2995604	0.35237524	0.0	0.0	0.0	0.0	0.0	0.0	0.0	0.0	0.0	0.340295	0.5091901	0.0	0.0	0.0	0.0	0.34999463	0.0	0.2632052	0.16159248	0.0	0.0	0.0	0.26639792	0.0	0.0	0.0	0.0	0.0	0.4005829	0.43791497	0.0	0.0	0.39946294	0.0	0.0	0.053268958	0.30060217	0.0	0.35803056	0.22275238	0.0	0.0	0.0	0.0	0.2827622	0.0	0.0	0.2650896	0.0	0.52686816	0.16038525	0.6946661	0.0	0.39422283	0.0	0.0	0.0	0.0	0.1668995	0.0	0.10950869	0.0	0.0	0.0	0.0	0.60108554	0.0	0.0	0.0	0.29688248	0.0	0.0	0.0	0.59011364	0.1537217	0.0	0.24744152	0.0	0.0	0.35507023	0.0	0.0	0.0	0.0	0.110172905	0.0	0.0	0.0	0.0	0.20736589	0.0	0.5987285	0.0	0.0	0.47960126	0.0	0.0
0.0	0.17334135	0.0	0.0	0.0	0.0	0.029006025	0.0	0.0	0.0	0.0	0.0	0.0	0.0	0.31956077	0.0	0.40288058	0.0	0.0	0.070201464	0.0	0.18806754	0.0	0.24993949	0.0	0.0	0.16059972	0.0	0.0	0.25007263	0.33601403	0.0	0.0	0.0	0.0	0.0	0.0	0.0	0.0	0.0	0.29051146	0.47047487	0.0	0.0	0.0	0.0	0.3489147	0.0	0.22591901	0.13681248	0.0	0.0	0.0	0.22170681	0.0	0.0	0.0	0.0	0.0	0.39728144	0.40771016	0.0	0.0	0.3351144	0.0	0.0	0.067535035	0.2697437	0.0	0.34244958	0.2111482	0.0	0.0	0.0	0.0	0.26879126	0.0	0.0	0.23948763	0.0	0.51067364	0.15945457	0.61712074	0.0	0.3633062	0.0	0.0	0.0	0.0	0.14564326	0.0	0.08705757	0.0	0.0	0.0	0.0	0.6045796	0.0	0.0	0.0	0.27058247	0.0	0.0	0.0	0.55752605	0.12743527	0.0	0.21692793	0.0	0.0	0.3618132	0.0	0.0	0.0	0.0	0.108842134	0.0	0.0	0.0	0.0	0.15900646	0.0	0.5528562	0.0	0.0	0.4412532	0.0	0.0
0.0	0.18954523	0.0	0.0	0.0	0.0	0.06306816	0.0	0.0	0.0	0.0	0.0	0.0	0.0	0.34343326	0.0	0.45286027	0.0	0.0	0.0965474	0.0	0.22629444	0.0	0.26701474	0.0	0.0	0.1881135	0.0	0.0	0.29037747	0.34145746	0.0	0.0	0.0	0.0	0.0	0.0	0.0	0.0	0.0	0.31934646	0.5174524	0.0	0.0	0.0	0.0	0.3522795	0.0	0.26073453	0.14331008	0.0	0.0	0.0	0.25615725	0.0	0.0	0.0	0.0	0.0	0.4145993	0.42342034	0.0	0.0	0.38031837	0.0	0.0	0.059035312	0.29279816	0.0	0.36305127	0.22003114	0.0	0.0	0.0	0.0	0.2847793	0.0	0.0	0.25795424	0.0	0.5201092	0.17182098	0.6829353	0.0	0.39551702	0.0	0.0	0.0	0.0	0.1606667	0.0	0.10628253	0.0	0.0	0.0	0.0	0.61548156	0.0	0.0	0.0	0.28768647	0.0	0.0	0.0	0.58013874	0.14642026	0.0	0.23705606	0.0	0.0	0.35601345	0.0	0.0	0.0	0.0	0.10660223	0.0	0.0	0.0	0.0	0.18969445	0.0	0.6097887	0.0	0.0	0.48287043	0.0	0.0
0.0	0.16437972	0.0	0.0	0.0	0.0	0.024279103	0.0	0.0	0.0	0.0	0.0	0.0	0.0	0.3197347	0.0	0.39592138	0.0	0.0	0.077718325	0.0	0.20302795	0.0	0.24322025	0.0	0.0	0.15900844	0.0	0.0	0.2591491	0.33813822	0.0	0.0	0.0	0.0	0.0	0.0	0.0	0.0	0.0	0.2938126	0.46064767	0.0	0.0	0.0	0.0	0.36466932	0.0	0.24144828	0.15531771	0.0	0.0	0.0	0.22026335	0.0	0.0	0.0	0.0	0.0	0.40447822	0.3947347	0.0	0.0	0.3390516	0.0	0.0	0.08192734	0.27463076	0.0	0.3456796	0.21827984	0.0	0.0	0.0	0.0	0.27042282	0.0	0.0	0.23159969	0.0	0.50988936	0.17195296	0.61972296	0.0	0.3558066	0.0	0.0	0.0	0.0	0.1370362	0.0	0.09392893	0.0	0.0	0.0	0.0	0.5929366	0.0	0.0	0.0	0.2626327	0.0	0.0	0.0	0.54743177	0.122721545	0.0	0.2115937	0.0	0.0	0.36658517	0.0	0.0	0.0	0.0	0.10419154	0.0	0.0	0.0	0.0	0.15989475	0.0	0.550808	0.0	0.0	0.44093695	0.0	0.0
0.0	0.17770074	0.0	0.0	0.0	0.0	0.060113836	0.0	0.0	0.0	0.0	0.0	0.0	0.0	0.3390571	0.0	0.43240246	0.0	0.0	0.08379513	0.0	0.22012822	0.0	0.26035154	0.0	0.0	0.18567298	0.0	0.0	0.27532056	0.34469292	0.0	0.0	0.0	0.0	0.0	0.0	0.0	0.0	0.0	0.3150241	0.49374104	0.0	0.0	0.0	0.0	0.34592375	0.0	0.24993461	0.15181097	0.0	0.0	0.0	0.2543698	0.0	0.0	0.0	0.0	0.0	0.41003442	0.4132532	0.0	0.0	0.3676193	0.0	0.0	0.059835047	0.28691912	0.0	0.35459033	0.21276636	0.0	0.0	0.0	0.0	0.2775779	0.0	0.0	0.24855006	0.0	0.5215462	0.17368801	0.66264343	0.0	0.38177323	0.0	0.0	0.0	0.0	0.15651532	0.0	0.10316145	0.0	0.0	0.0	0.0	0.5988979	0.0	0.0	0.0	0.27973172	0.0	0.0	0.0	0.57004714	0.14041798	0.0	0.22612397	0.0	0.0	0.35034546	0.0	0.0	0.0	0.0	0.10753224	0.0	0.0	0.0	0.0	0.18631975	0.0	0.5844765	0.0	0.0	0.46769843	0.0	0.0
0.0	0.18171036	0.0	0.0	0.0	0.0	0.06296361	0.0	0.0	0.0	0.0	0.0	0.0	0.0	0.38090476	0.0	0.48053813	0.0	0.0	0.094033994	0.0	0.24910085	0.0	0.2750453	0.0	0.0	0.21418649	0.0	0.0	0.31936944	0.33922648	0.0	0.0	0.0	0.0	0.0	0.0	0.0	0.0	0.0	0.36018777	0.5279121	0.0	0.0	0.0	0.0	0.3664671	0.0	0.26673028	0.14886923	0.0	0.0	0.0	0.26856068	0.0	0.0	0.0	0.0	0.0	0.41691136	0.43092498	0.0	0.0	0.4219235	0.0	0.0	0.055066627	0.3071299	0.0	0.35815755	0.21184681	0.0	0.0	0.0	0.0	0.29515392	0.0	0.0	0.2780681	0.0	0.52692884	0.1738591	0.72882384	0.0	0.4326538	0.0	0.0	0.0	0.0	0.17763531	0.0	0.119590156	0.0	0.0	0.0	0.0	0.6273339	0.0	0.0	0.0	0.30572057	0.0	0.0	0.0	0.608212	0.15181136	0.0	0.25766483	0.0	0.0	0.35575962	0.0	0.0	0.0	0.0	0.10336415	0.0	0.0	0.0	0.0	0.20225936	0.0	0.61697334	0.0	0.0	0.50086236	0.0	0.0
0.0	0.1504684	0.0	0.0	0.0	0.0	0.034308255	0.0	0.0	0.0	0.0	0.0	0.0	0.0	0.2906969	0.0	0.34177053	0.0	0.0	0.06447228	0.0	0.18033159	0.0	0.20745003	0.0	0.0	0.12616642	0.0	0.0	0.20654552	0.35871795	0.0	0.0	0.0	0.0	0.0	0.0	0.0	0.0	0.0	0.2676624	0.40507284	0.0	0.0	0.0	0.0	0.35762343	0.0	0.22890969	0.14530276	0.0	0.0	0.0	0.21447898	0.0	0.0	0.0	0.0	0.0	0.40476692	0.35193792	0.0	0.0	0.29773155	0.0	0.0	0.09223634	0.24367075	0.0	0.32340214	0.2204603	0.0	0.0	0.0	0.0	0.24983208	0.0	0.0	0.20192076	0.0	0.4840342	0.16920657	0.5457336	0.0	0.33305618	0.0	0.0	0.0	0.0	0.12187358	0.0	0.0882953	0.0	0.0	0.0	0.0	0.57009333	0.0	0.0	0.0	0.24577956	0.0	0.0	0.0	0.5208652	0.098121785	0.0	0.17549795	0.0	0.0	0.34471822	0.0	0.0	0.0	0.0	0.09750029	0.0	0.0	0.0	0.0	0.12571573	0.0	0.4954463	0.0	0.0	0.40824628	0.0	0.0
0.0	0.17175798	0.0	0.0	0.0	0.0	0.048661966	0.0	0.0	0.0	0.0	0.0	0.0	0.0	0.33317557	0.0	0.41966072	0.0	0.0	0.07890717	0.0	0.21358633	0.0	0.2515081	0.0	0.0	0.16333207	0.0	0.0	0.25799748	0.34671202	0.0	0.0	0.0	0.0	0.0	0.0	0.0	0.0	0.0	0.2970928	0.46796408	0.0	0.0	0.0	0.0	0.36344698	0.0	0.240894	0.15769088	0.0	0.0	0.0	0.23098993	0.0	0.0	0.0	0.0	0.0	0.40763047	0.396746	0.0	0.0	0.3510363	0.0	0.0	0.07507495	0.27087292	0.0	0.34938923	0.21032022	0.0	0.0	0.0	0.0	0.2739904	0.0	0.0	0.23567571	0.0	0.5125538	0.19084358	0.635406	0.0	0.36571148	0.0	0.0	0.0	0.0	0.14554133	0.0	0.10190842	0.0	0.0	0.0	0.0	0.5951577	0.0	0.0	0.0	0.27095535	0.0	0.0	0.0	0.55595744	0.12600173	0.0	0.21895915	0.0	0.0	0.356344	0.0	0.0	0.0	0.0	0.1007941	0.0	0.0	0.0	0.0	0.16494389	0.0	0.5650354	0.0	0.0	0.4539524	0.0	0.0
0.0	0.17954469	0.0	0.0	0.0	0.0	0.047381967	0.0	0.0	0.0	0.0	0.0	0.0	0.0	0.35754776	0.0	0.4589863	0.0	0.0	0.09539179	0.0	0.23767836	0.0	0.26620772	0.0	0.0	0.19375785	0.0	0.0	0.29870817	0.34061122	0.0	0.0	0.0	0.0	0.0	0.0	0.0	0.0	0.0	0.33224335	0.5052325	0.0	0.0	0.0	0.0	0.35797858	0.0	0.2515708	0.16652448	0.0	0.0	0.0	0.2536541	0.0	0.0	0.0	0.0	0.0	0.40250912	0.42167032	0.0	0.0	0.387563	0.0	0.0	0.06907975	0.2966043	0.0	0.36435446	0.21981962	0.0	0.0	0.0	0.0	0.2863317	0.0	0.0	0.25331995	0.0	0.5222566	0.1746455	0.6869915	0.0	0.39519396	0.0	0.0	0.0	0.0	0.15819295	0.0	0.106129654	0.0	0.0	0.0	0.0	0.6028829	0.0	0.0	0.0	0.28882715	0.0	0.0	0.0	0.57919836	0.14776663	0.0	0.23612641	0.0	0.0	0.3581406	0.0	0.0	0.0	0.0	0.101041496	0.0	0.0	0.0	0.0	0.20217021	0.0	0.60440135	0.0	0.0	0.48493925	0.0	0.0
0.0	0.17960721	0.0	0.0	0.0	0.0	0.057833266	0.0	0.0	0.0	0.0	0.0	0.0	0.0	0.34134665	0.0	0.454118	0.0	0.0	0.087005936	0.0	0.23266746	0.0	0.2620816	0.0	0.0	0.183582	0.0	0.0	0.2881064	0.34910336	0.0	0.0	0.0	0.0	0.0	0.0	0.0	0.0	0.0	0.31821918	0.5131718	0.0	0.0	0.0	0.0	0.36038437	0.0	0.26149085	0.1611615	0.0	0.0	0.0	0.25213575	0.0	0.0	0.0	0.0	0.0	0.4179339	0.41732812	0.0	0.0	0.38164195	0.0	0.0	0.06988379	0.2867035	0.0	0.36765826	0.22216408	0.0	0.0	0.0	0.0	0.2810013	0.0	0.0	0.260491	0.0	0.52143353	0.19120534	0.67935896	0.0	0.38529277	0.0	0.0	0.0	0.0	0.15807776	0.0	0.11245749	0.0	0.0	0.0	0.0	0.60432655	0.0	0.0	0.0	0.2833965	0.0	0.0	0.0	0.57607204	0.14549096	0.0	0.24395233	0.0	0.0	0.35193527	0.0	0.0	0.0	0.0	0.09946682	0.0	0.0	0.0	0.0	0.19070001	0.0	0.60663396	0.0	0.0	0.4843993	0.0	0.0
0.0	0.15988772	0.0	0.0	0.0	0.0	0.030291423	0.0	0.0	0.0	0.0	0.0	0.0	0.0	0.29668117	0.0	0.36827216	0.0	0.0	0.06997639	0.0	0.17899121	0.0	0.22295661	0.0	0.0	0.14510943	0.0	0.0	0.23732054	0.34321693	0.0	0.0	0.0	0.0	0.0	0.0	0.0	0.0	0.0	0.28161374	0.441317	0.0	0.0	0.0	0.0	0.37078533	0.0	0.23521341	0.15148188	0.0	0.0	0.0	0.21516876	0.0	0.0	0.0	0.0	0.0	0.40264618	0.37728825	0.0	0.0	0.31235316	0.0	0.0	0.08401848	0.26593888	0.0	0.33970794	0.20929879	0.0	0.0	0.0	0.0	0.25394675	0.0	0.0	0.21560626	0.0	0.50540423	0.17433237	0.5858471	0.0	0.33957505	0.0	0.0	0.0	0.0	0.13553746	0.0	0.09178453	0.0	0.0	0.0	0.0	0.57625806	0.0	0.0	0.0	0.2528851	0.0	0.0	0.0	0.53661627	0.114263095	0.0	0.19517143	0.0	0.0	0.35876623	0.0	0.0	0.0	0.0	0.10212948	0.0	0.0	0.0	0.0	0.13266316	0.0	0.5225566	0.0	0.0	0.41697547	0.0	0.0
0.0	0.15478115	0.0	0.0	0.0	0.0	0.07667791	0.0	0.0	0.0	0.0	0.0	0.0	0.0	0.29864368	0.0	0.38651872	0.0	0.0	0.06664206	0.0	0.20347948	0.0	0.25300634	0.0	0.0	0.12644224	0.0	0.0	0.20691748	0.3662202	0.0	0.0	0.0	0.0	0.0	0.0	0.0	0.0	0.0	0.26068273	0.42939448	0.0	0.0	0.0	0.0	0.33621415	0.0	0.23899533	0.14465538	0.0	0.0	0.0	0.2053621	0.0	0.0	0.0	0.0	0.0	0.3998027	0.3709227	0.0	0.0	0.30147937	0.0	0.0	0.073392965	0.23683603	0.0	0.33039904	0.22037978	0.0	0.0	0.0	0.0	0.26456478	0.0	0.0	0.20336704	0.0	0.5012986	0.19702004	0.5688364	0.0	0.33357158	0.0	0.0	0.0	0.0	0.12190757	0.0	0.10185524	0.0	0.0	0.0	0.0	0.57136506	0.0	0.0	0.0	0.25080863	0.0	0.0	0.0	0.5115637	0.10213371	0.0	0.18052544	0.0	0.0	0.32897162	0.0	0.0	0.0	0.0	0.1149329	0.0	0.0	0.0	0.0	0.1505993	0.0	0.5374699	0.0	0.0	0.42924228	0.0	0.0
0.0	0.15146084	0.0	0.0	0.0	0.0	0.0666255	0.0	0.0	0.0	0.0	0.0	0.0	0.0	0.2793777	0.0	0.36513397	0.0	0.0	0.06168906	0.0	0.21144749	0.0	0.2356022	0.0	0.0	0.10849184	0.0	0.0	0.199422	0.3666197	0.0	0.0	0.0	0.0	0.0	0.0	0.0	0.0	0.0	0.24993049	0.41443777	0.0	0.0	0.0	0.0	0.34144902	0.0	0.2561172	0.15691589	0.0	0.0	0.0	0.19874479	0.0	0.0	0.0	0.0	0.0	0.40486717	0.35053432	0.0	0.0	0.29813913	0.0	0.0	0.088879764	0.23185973	0.0	0.32032028	0.22582352	0.0	0.0	0.0	0.0	0.25472602	0.0	0.0	0.20579629	0.0	0.47814012	0.20020898	0.56236416	0.0	0.31686732	0.0	0.0	0.0	0.0	0.10735127	0.0	0.10613394	0.0	0.0	0.0	0.0	0.55345887	0.0	0.0	0.0	0.240851	0.0	0.0	0.0	0.4963173	0.08830697	0.0	0.1777411	0.0	0.0	0.3348575	0.0	0.0	0.0	0.0	0.110338174	0.0	0.0	0.0	0.0	0.1454265	0.0	0.5293581	0.0	0.0	0.41461334	0.0	0.0
0.0	0.16152167	0.0	0.0	0.0	0.0	0.05899017	0.0	0.0	0.0	0.0	0.0	0.0	0.0	0.3227668	0.0	0.43419793	0.0	0.0	0.07455269	0.0	0.24979363	0.0	0.19861968	0.0	0.0	0.1330152	0.0	0.0	0.28754875	0.38442102	0.0	0.0	0.0	0.0	0.0	0.0	0.0	0.0	0.0	0.30454776	0.41936198	0.0	0.0	0.0	0.0	0.38995013	0.0	0.3028318	0.2436635	0.0	0.0	0.0	0.21401334	0.0	0.0	0.0	0.0	0.0	0.4212033	0.31249866	0.0	0.0	0.4090042	0.0	0.0	0.12984452	0.2604231	0.0	0.38991496	0.26418498	0.0	0.0	0.0	0.0	0.27022654	0.0	0.0	0.24808419	0.0	0.4804224	0.27230725	0.6744259	0.0	0.32098126	0.0	0.0	0.0	0.0	0.11960095	0.0	0.14536683	0.0	0.0	0.0	0.0	0.51111716	0.0	0.0	0.0	0.26086953	0.0	0.0	0.0	0.54453367	0.14087059	0.0	0.2171249	0.0	0.0	0.33013734	0.0	0.0	0.0	0.0	0.08646063	0.0	0.0	0.0	0.0	0.16612484	0.0	0.57763445	0.0	0.0	0.44158527	0.0	0.0
0.0	0.13671406	0.0	0.0	0.0	0.0	0.049967628	0.0	0.0	0.0	0.0	0.0	0.0	0.0	0.30866605	0.0	0.39166	0.0	0.0	0.07171856	0.0	0.22784734	0.0	0.20477967	0.0	0.0	0.12621458	0.0	0.0	0.23742549	0.38380662	0.0	0.0	0.0	0.0	0.0	0.0	0.0	0.0	0.0	0.27519098	0.4203751	0.0	0.0	0.0	0.0	0.38798413	0.0	0.2856557	0.2148002	0.0	0.0	0.0	0.21677417	0.0	0.0	0.0	0.0	0.0	0.43174967	0.33160815	0.0	0.0	0.33557048	0.0	0.0	0.1391393	0.24324961	0.0	0.37129167	0.25179312	0.0	0.0	0.0	0.0	0.25720254	0.0	0.0	0.21507256	0.0	0.5075236	0.26128694	0.6073098	0.0	0.30252096	0.0	0.0	0.0	0.0	0.10978917	0.0	0.12118689	0.0	0.0	0.0	0.0	0.5344818	0.0	0.0	0.0	0.23737906	0.0	0.0	0.0	0.5095512	0.11609732	0.0	0.18252432	0.0	0.0	0.32731202	0.0	0.0	0.0	0.0	0.08874217	0.0	0.0	0.0	0.0	0.14679746	0.0	0.5332799	0.0	0.0	0.4315356	0.0	0.0
0.0	0.14599752	0.0	0.0	0.0	0.0	0.06543282	0.0	0.0	0.0	0.0	0.0	0.0	0.0	0.28806946	0.0	0.371593	0.0	0.0	0.06373697	0.0	0.20819743	0.0	0.23230948	0.0	0.0	0.113458015	0.0	0.0	0.20476139	0.37132978	0.0	0.0	0.0	0.0	0.0	0.0	0.0	0.0	0.0	0.25690237	0.41540578	0.0	0.0	0.0	0.0	0.34834984	0.0	0.2523667	0.16059949	0.0	0.0	0.0	0.20114283	0.0	0.0	0.0	0.0	0.0	0.40643	0.35166836	0.0	0.0	0.29839537	0.0	0.0	0.09634197	0.23444384	0.0	0.33063096	0.23016119	0.0	0.0	0.0	0.0	0.25619397	0.0	0.0	0.20384468	0.0	0.488983	0.20756708	0.5622537	0.0	0.31623843	0.0	0.0	0.0	0.0	0.10892018	0.0	0.1054867	0.0	0.0	0.0	0.0	0.5579016	0.0	0.0	0.0	0.24072452	0.0	0.0	0.0	0.500479	0.09415362	0.0	0.17567194	0.0	0.0	0.33387017	0.0	0.0	0.0	0.0	0.10757085	0.0	0.0	0.0	0.0	0.13947453	0.0	0.52536136	0.0	0.0	0.41725186	0.0	0.0
0.0	0.15380932	0.0	0.0	0.0	0.0	0.0689893	0.0	0.0	0.0	0.0	0.0	0.0	0.0	0.26931825	0.0	0.34503224	0.0	0.0	0.054767605	0.0	0.19295156	0.0	0.23490284	0.0	0.0	0.09698904	0.0	0.0	0.18838306	0.36538112	0.0	0.0	0.0	0.0	0.0	0.0	0.0	0.0	0.0	0.24410768	0.40656352	0.0	0.0	0.0	0.0	0.3351625	0.0	0.25282764	0.14851163	0.0	0.0	0.0	0.19438611	0.0	0.0	0.0	0.0	0.0	0.41035917	0.34579673	0.0	0.0	0.284759	0.0	0.0	0.088060655	0.22222944	0.0	0.31672984	0.21873605	0.0	0.0	0.0	0.0	0.25143385	0.0	0.0	0.20207076	0.0	0.47734055	0.2015406	0.5480012	0.0	0.31002346	0.0	0.0	0.0	0.0	0.10800838	0.0	0.098732024	0.0	0.0	0.0	0.0	0.5559879	0.0	0.0	0.0	0.23580809	0.0	0.0	0.0	0.48515168	0.08217797	0.0	0.16297805	0.0	0.0	0.33550823	0.0	0.00757744	0.0	0.0	0.113973774	0.0	0.0	0.0	0.0	0.13413294	0.0	0.51817346	0.0	0.0	0.40146375	0.0	0.0
0.0	0.13774335	0.0	0.0	0.0	0.0	0.044258643	0.0	0.0	0.0	0.0	0.0	0.0	0.0	0.28134635	0.0	0.34523973	0.0	0.0	0.055787593	0.0	0.19538607	0.0	0.2142287	0.0	0.0	0.10856234	0.0	0.0	0.19413042	0.36725578	0.0	0.0	0.0	0.0	0.0	0.0	0.0	0.0	0.0	0.25128877	0.39680347	0.0	0.0	0.0	0.0	0.35433257	0.0	0.24378544	0.15910459	0.0	0.0	0.0	0.19591387	0.0	0.0	0.0	0.0	0.0	0.4030124	0.34052086	0.0	0.0	0.28552094	0.0	0.0	0.103711344	0.22973967	0.0	0.32317305	0.23029901	0.0	0.0	0.0	0.0	0.24588506	0.0	0.0	0.1967293	0.0	0.4837025	0.2002145	0.5408632	0.0	0.30768713	0.0	0.0	0.0	0.0	0.10581454	0.0	0.096630394	0.0	0.0	0.0	0.0	0.5556843	0.0	0.0	0.0	0.23163767	0.0	0.0	0.0	0.49844432	0.08929178	0.0	0.16683356	0.0	0.0	0.33474913	0.0	0.0	0.0	0.0	0.10155215	0.0	0.0	0.0	0.0	0.125638	0.0	0.4974564	0.0	0.0	0.40161315	0.0	0.0
0.0	0.13191874	0.0	0.0	0.0	0.0	0.05761649	0.0	0.0	0.0	0.0	0.0	0.0	0.0	0.26364532	0.0	0.32616982	0.0	0.0	0.05419318	0.0	0.19754378	0.0	0.20814137	0.0	0.0	0.0861017	0.0	0.0	0.1743991	0.37420163	0.0	0.0	0.0	0.0	0.0	0.0	0.0	0.0	0.0	0.24450548	0.36722293	0.0	0.0	0.0	0.0	0.34764108	0.0	0.24252307	0.15883927	0.0	0.0	0.0	0.18825786	0.0	0.0	0.0	0.0	0.0	0.39984557	0.3187345	0.0	0.0	0.2699447	0.0	0.0	0.1049828	0.21988638	0.0	0.3119658	0.23398109	0.0	0.0	0.0	0.0	0.24436617	0.0	0.0	0.17978452	0.0	0.46831653	0.20073019	0.5159962	0.0	0.29657325	0.0	0.0	0.0	0.0	0.092571646	0.0	0.0988641	0.0	0.0	0.0	0.0	0.54094857	0.0	0.0	0.0	0.22494079	0.0	0.0	0.0	0.48383567	0.071294375	0.0	0.14605524	0.0	0.0	0.33255157	0.0	0.0	0.0	0.0	0.10317131	0.0	0.0	0.0	0.0	0.121316135	0.0	0.48659146	0.0	0.0	0.38441578	0.0	0.0
0.0	0.13451044	0.0	0.0	0.0	0.0	0.058246087	0.0	0.0	0.0	0.0	0.0	0.0	0.0	0.27381742	0.0	0.33976182	0.0	0.0	0.056426685	0.0	0.20666163	0.0	0.21666801	0.0	0.0	0.089167625	0.0	0.0	0.18179975	0.37191856	0.0	0.0	0.0	0.0	0.0	0.0	0.0	0.0	0.0	0.24442665	0.37416276	0.0	0.0	0.0	0.0	0.35309494	0.0	0.24445198	0.16158797	0.0	0.0	0.0	0.18728487	0.0	0.0	0.0	0.0	0.0	0.40345815	0.32514217	0.0	0.0	0.27967247	0.0	0.0	0.101829045	0.22211428	0.0	0.31434193	0.23209246	0.0	0.0	0.0	0.0	0.24953131	0.0	0.0	0.18634129	0.0	0.4718145	0.20375921	0.52623725	0.0	0.3012461	0.0	0.0	0.0	0.0	0.09611785	0.0	0.102595456	0.0	0.0	0.0	0.0	0.5461702	0.0	0.0	0.0	0.22907674	0.0	0.0	0.0	0.48707506	0.074044414	0.0	0.15886433	0.0	0.0	0.33805946	0.0	0.0	0.0	0.0	0.10003395	0.0	0.0	0.0	0.0	0.12811787	0.0	0.49542412	0.0	0.0	0.39333448	0.0	0.0
0.0	0.13277762	0.0	0.0	0.0	0.0	0.07036705	0.0	0.0	0.0	0.0	0.0	0.0	0.0	0.2540674	0.0	0.3230964	0.0	0.0	0.05203015	0.0	0.19575508	0.0	0.21355025	0.0	0.0	0.071141936	0.0	0.0	0.16018893	0.37515366	0.0	0.0	0.0	0.0	0.0	0.0	0.0	0.0	0.0	0.22897327	0.35204002	0.0	0.0	0.0	0.0	0.34026384	0.0	0.24227436	0.15785855	0.0	0.0	0.0	0.17276452	0.0	0.0	0.0	0.0	0.0	0.397627	0.3086792	0.0	0.0	0.25225174	0.0	0.0	0.10434999	0.20346467	0.0	0.30207124	0.23076451	0.0	0.0	0.0	0.0	0.24335885	0.0	0.0	0.17221506	0.0	0.452448	0.20228572	0.50220364	0.0	0.29313672	0.0	0.0	0.0	0.0	0.08477783	0.0	0.10033194	0.0	0.0	0.0	0.0	0.53661805	0.0	0.0	0.0	0.22343443	0.0	0.0	0.0	0.4662032	0.054355163	0.0	0.14113371	0.0	0.0	0.32957882	0.0	0.001909906	0.0	0.0	0.10803678	0.0	0.0	0.0	0.0	0.11803633	0.0	0.48920146	0.0	0.0	0.38012767	0.0	0.0
0.0	0.13322674	0.0	0.0	0.0	0.0	0.06794175	0.0	0.0	0.0	0.0	0.0	0.0	0.0	0.251485	0.0	0.31746906	0.0	0.0	0.048634846	0.0	0.19170058	0.0	0.21305859	0.0	0.0	0.070356354	0.0	0.0	0.15287785	0.3721373	0.0	0.0	0.0	0.0	0.0	0.0	0.0	0.0	0.0	0.22615536	0.34459743	0.0	0.0	0.0	0.0	0.3347319	0.0	0.23701765	0.1535558	0.0	0.0	0.0	0.17109214	0.0	0.0	0.0	0.0	0.0	0.3934172	0.30619887	0.0	0.0	0.2423418	0.0	0.0	0.10331377	0.19950593	0.0	0.30252942	0.2338752	0.0	0.0	0.0	0.0	0.24322836	0.0	0.0	0.1665005	0.0	0.4512508	0.1979087	0.49183118	0.0	0.2936749	0.0	0.0	0.0	0.0	0.08490019	0.0	0.09485519	0.0	0.0	0.0	0.0	0.5362018	0.0	0.0	0.0	0.2231189	0.0	0.0	0.0	0.46111193	0.051581293	0.0	0.1376958	0.0	0.0	0.32795796	0.0	0.0009173124	0.0	0.0	0.10774418	0.0	0.0	0.0	0.0	0.118936084	0.0	0.48480773	0.0	0.0	0.37974405	0.0	0.0
0.0	0.13388138	0.0	0.0	0.0	0.0	0.061957378	0.0	0.0	0.0	0.0	0.0	0.0	0.0	0.2751186	0.0	0.33684775	0.0	0.0	0.055046458	0.0	0.20100462	0.0	0.21480966	0.0	0.0	0.09109784	0.0	0.0	0.1789	0.37002245	0.0	0.0	0.0	0.0	0.0	0.0	0.0	0.0	0.0	0.24321193	0.37413958	0.0	0.0	0.0	0.0	0.3468353	0.0	0.23973213	0.15837467	0.0	0.0	0.0	0.18873905	0.0	0.0	0.0	0.0	0.0	0.4045709	0.32525918	0.0	0.0	0.27289	0.0	0.0	0.098148726	0.21989866	0.0	0.31116498	0.22787638	0.0	0.0	0.0	0.0	0.24714	0.0	0.0	0.18307203	0.0	0.47287104	0.20149417	0.52293307	0.0	0.3012777	0.0	0.0	0.0	0.0	0.09688693	0.0	0.10091722	0.0	0.0	0.0	0.0	0.5435179	0.0	0.0	0.0	0.22819662	0.0	0.0	0.0	0.48620594	0.0719456	0.0	0.15433174	0.0	0.0	0.33629107	0.0	0.0	0.0	0.0	0.102648325	0.0	0.0	0.0	0.0	0.1284679	0.0	0.49428415	0.0	0.0	0.38986287	0.0	0.0
0.0	0.14078313	0.0	0.0	0.0	0.0	0.06483158	0.0	0.0	0.0	0.0	0.0	0.0	0.0	0.28106377	0.0	0.34843883	0.0	0.0	0.057478834	0.0	0.20914482	0.0	0.22114891	0.0	0.0	0.09960068	0.0	0.0	0.19159453	0.37209925	0.0	0.0	0.0	0.0	0.0	0.0	0.0	0.0	0.0	0.25040856	0.39007434	0.0	0.0	0.0	0.0	0.35083878	0.0	0.24746765	0.16192882	0.0	0.0	0.0	0.19566302	0.0	0.0	0.0	0.0	0.0	0.4070507	0.33229962	0.0	0.0	0.28763956	0.0	0.0	0.09630865	0.2271415	0.0	0.32075474	0.22928397	0.0	0.0	0.0	0.0	0.24763227	0.0	0.0	0.19322653	0.0	0.4799712	0.21111272	0.5417946	0.0	0.3036087	0.0	0.0	0.0	0.0	0.10562857	0.0	0.104053736	0.0	0.0	0.0	0.0	0.54650944	0.0	0.0	0.0	0.23377232	0.0	0.0	0.0	0.49485007	0.08165872	0.0	0.16837484	0.0	0.0	0.3386242	0.0	0.0	0.0	0.0	0.09758832	0.0	0.0	0.0	0.0	0.13187458	0.0	0.50821775	0.0	0.0	0.40468898	0.0	0.0
0.0	0.13484927	0.0	0.0	0.0	0.0	0.05288657	0.0	0.0	0.0	0.0	0.0	0.0	0.0	0.2624286	0.0	0.32458016	0.0	0.0	0.051306065	0.0	0.18689413	0.0	0.21276669	0.0	0.0	0.082637005	0.0	0.0	0.16908233	0.36521482	0.0	0.0	0.0	0.0	0.0	0.0	0.0	0.0	0.0	0.23291634	0.36854163	0.0	0.0	0.0	0.0	0.34154725	0.0	0.23511426	0.15183021	0.0	0.0	0.0	0.17924432	0.0	0.0	0.0	0.0	0.0	0.3963711	0.3247657	0.0	0.0	0.25979653	0.0	0.0	0.10206112	0.21204591	0.0	0.30702576	0.22924717	0.0	0.0	0.0	0.0	0.24450411	0.0	0.0	0.17982145	0.0	0.4643128	0.19387914	0.50794476	0.0	0.29927245	0.0	0.0	0.0	0.0	0.093601815	0.0	0.093606	0.0	0.0	0.0	0.0	0.5466092	0.0	0.0	0.0	0.22502784	0.0	0.0	0.0	0.478146	0.06758533	0.0	0.15183528	0.0	0.0	0.33521023	0.0	0.0	0.0	0.0	0.10732459	0.0	0.0	0.0	0.0	0.11711227	0.0	0.48525023	0.0	0.0	0.38324928	0.0	0.0
0.0	0.13685048	0.0	0.0	0.0	0.0	0.070510045	0.0	0.0	0.0	0.0	0.0	0.0	0.0	0.26891112	0.0	0.34236276	0.0	0.0	0.058910612	0.0	0.20673488	0.0	0.2174343	0.0	0.0	0.087228835	0.0	0.0	0.17946072	0.37667552	0.0	0.0	0.0	0.0	0.0	0.0	0.0	0.0	0.0	0.24472205	0.3739159	0.0	0.0	0.0	0.0	0.34945545	0.0	0.24896072	0.16062762	0.0	0.0	0.0	0.1897186	0.0	0.0	0.0	0.0	0.0	0.405831	0.32375076	0.0	0.0	0.27515277	0.0	0.0	0.09941685	0.22125435	0.0	0.31397435	0.23189676	0.0	0.0	0.0	0.0	0.24880773	0.0	0.0	0.18311894	0.0	0.46752772	0.20903575	0.5306859	0.0	0.30195507	0.0	0.0	0.0	0.0	0.093403734	0.0	0.106338896	0.0	0.0	0.0	0.0	0.5415762	0.0	0.0	0.0	0.23033512	0.0	0.0	0.0	0.48347005	0.06940787	0.0	0.15296756	0.0	0.0	0.33218643	0.0	0.0	0.0	0.0	0.105080396	0.0	0.0	0.0	0.0	0.12825014	0.0	0.5025146	0.0	0.0	0.39469337	0.0	0.0
0.0	0.1332451	0.0	0.0	0.0	0.0	0.077870674	0.0	0.0	0.0	0.0	0.0	0.0	0.0	0.2620971	0.0	0.3326908	0.0	0.0	0.05513573	0.0	0.20677228	0.0	0.21640593	0.0	0.0	0.07891643	0.0	0.0	0.16849029	0.37999097	0.0	0.0	0.0	0.0	0.0	0.0	0.0	0.0	0.0	0.23705183	0.35618296	0.0	0.0	0.0	0.0	0.3415277	0.0	0.24762994	0.16213328	0.0	0.0	0.0	0.17935479	0.0	0.0	0.0	0.0	0.0	0.4026517	0.31158823	0.0	0.0	0.26031044	0.0	0.0	0.101174615	0.21149148	0.0	0.3056932	0.23110877	0.0	0.0	0.0	0.0	0.24641313	0.0	0.0	0.17615998	0.0	0.45748568	0.20684044	0.51245123	0.0	0.29536292	0.0	0.0	0.0	0.0	0.08754326	0.0	0.105378024	0.0	0.0	0.0	0.0	0.5341882	0.0	0.0	0.0	0.22720008	0.0	0.0	0.0	0.4725258	0.056796093	0.0	0.14702041	0.0	0.0	0.32960132	0.0	0.001787786	0.0	0.0	0.10495048	0.0	0.0	0.0	0.0	0.12440499	0.0	0.49571815	0.0	0.0	0.38777485	0.0	0.0
0.0	0.13028583	0.0	0.0	0.0	0.0	0.06139642	0.0	0.0	0.0	0.0	0.0	0.0	0.0	0.2626592	0.0	0.3237964	0.0	0.0	0.053013742	0.0	0.19210024	0.0	0.21335839	0.0	0.0	0.07963537	0.0	0.0	0.1664948	0.3693286	0.0	0.0	0.0	0.0	0.0	0.0	0.0	0.0	0.0	0.23738329	0.35997865	0.0	0.0	0.0	0.0	0.33959135	0.0	0.23366876	0.15397184	0.0	0.0	0.0	0.17930001	0.0	0.0	0.0	0.0	0.0	0.39510632	0.31717712	0.0	0.0	0.2552218	0.0	0.0	0.09990543	0.21200569	0.0	0.30584455	0.23056358	0.0	0.0	0.0	0.0	0.24617696	0.0	0.0	0.1725589	0.0	0.46490362	0.19559239	0.5038731	0.0	0.29648137	0.0	0.0	0.0	0.0	0.091494165	0.0	0.094961844	0.0	0.0	0.0	0.0	0.5415719	0.0	0.0	0.0	0.22446084	0.0	0.0	0.0	0.47553918	0.06473259	0.0	0.14161186	0.0	0.0	0.33057848	0.0	0.0	0.0	0.0	0.106502354	0.0	0.0	0.0	0.0	0.12107143	0.0	0.48361278	0.0	0.0	0.38185763	0.0	0.0
0.0	0.13094583	0.0	0.0	0.0	0.0	0.059200466	0.0	0.0	0.0	0.0	0.0	0.0	0.0	0.28578046	0.0	0.35257497	0.0	0.0	0.060373094	0.0	0.21395373	0.0	0.20657808	0.0	0.0	0.10115195	0.0	0.0	0.19980903	0.38233504	0.0	0.0	0.0	0.0	0.0	0.0	0.0	0.0	0.0	0.25425664	0.38496423	0.0	0.0	0.0	0.0	0.36789152	0.0	0.26068673	0.18659334	0.0	0.0	0.0	0.20021538	0.0	0.0	0.0	0.0	0.0	0.4133532	0.32236293	0.0	0.0	0.29543173	0.0	0.0	0.121010266	0.22760838	0.0	0.33312675	0.23669021	0.0	0.0	0.0	0.0	0.2485578	0.0	0.0	0.19134222	0.0	0.48308954	0.22749186	0.54996395	0.0	0.29631388	0.0	0.0	0.0	0.0	0.097837836	0.0	0.11004251	0.0	0.0	0.0	0.0	0.5350477	0.0	0.0	0.0	0.22978406	0.0	0.0	0.0	0.49138293	0.08449274	0.0	0.1636669	0.0	0.0	0.33237317	0.0	0.0	0.0	0.0	0.09327676	0.0	0.0	0.0	0.0	0.12839116	0.0	0.50068086	0.0	0.0	0.40526095	0.0	0.0
0.0	0.13020402	0.0	0.0	0.0	0.0	0.06623759	0.0	0.0	0.0	0.0	0.0	0.0	0.0	0.2542713	0.0	0.32000917	0.0	0.0	0.05336233	0.0	0.19979203	0.0	0.20892663	0.0	0.0	0.06985492	0.0	0.0	0.1609924	0.37761807	0.0	0.0	0.0	0.0	0.0	0.0	0.0	0.0	0.0	0.23509532	0.3499672	0.0	0.0	0.0	0.0	0.34240937	0.0	0.24314892	0.15779448	0.0	0.0	0.0	0.17305385	0.0	0.0	0.0	0.0	0.0	0.39774266	0.3085092	0.0	0.0	0.26295626	0.0	0.0	0.10761884	0.21341379	0.0	0.30730495	0.23771386	0.0	0.0	0.0	0.0	0.2456822	0.0	0.0	0.17250021	0.0	0.44708034	0.19910283	0.5054998	0.0	0.2925463	0.0	0.0	0.0	0.0	0.0832979	0.0	0.10216588	0.0	0.0	0.0	0.0	0.5329308	0.0	0.0	0.0	0.22909005	0.0	0.0	0.0	0.47185898	0.05709065	0.0	0.14003663	0.0	0.0	0.3345445	0.0	0.0	0.0	0.0	0.10345373	0.0	0.0	0.0	0.0	0.11780628	0.0	0.4842132	0.0	0.0	0.37871483	0.0	0.0
0.0	0.13171631	0.0	0.0	0.0	0.0	0.069524825	0.0	0.0	0.0	0.0	0.0	0.0	0.0	0.2608597	0.0	0.32832387	0.0	0.0	0.05328846	0.0	0.19768913	0.0	0.21689208	0.0	0.0	0.07744153	0.0	0.0	0.16638522	0.3757825	0.0	0.0	0.0	0.0	0.0	0.0	0.0	0.0	0.0	0.237427	0.3560984	0.0	0.0	0.0	0.0	0.33989573	0.0	0.23798466	0.15848431	0.0	0.0	0.0	0.17967127	0.0	0.0	0.0	0.0	0.0	0.39724275	0.31417033	0.0	0.0	0.25877312	0.0	0.0	0.10188519	0.21278638	0.0	0.3055959	0.22976352	0.0	0.0	0.0	0.0	0.24634774	0.0	0.0	0.17378104	0.0	0.4605135	0.2014367	0.50727993	0.0	0.29584065	0.0	0.0	0.0	0.0	0.08805709	0.0	0.10291388	0.0	0.0	0.0	0.0	0.5354704	0.0	0.0	0.0	0.22701828	0.0	0.0	0.0	0.47374496	0.061718	0.0	0.14672336	0.0	0.0	0.33219552	0.0	0.0	0.0	0.0	0.1068201	0.0	0.0	0.0	0.0	0.12220279	0.0	0.48981437	0.0	0.0	0.38448215	0.0	0.0
0.0	0.14008659	0.0	0.0	0.0	0.0	0.075011194	0.0	0.0	0.0	0.0	0.0	0.0	0.0	0.27886686	0.0	0.3558091	0.0	0.0	0.060679015	0.0	0.20818944	0.0	0.22717403	0.0	0.0	0.09705912	0.0	0.0	0.18760373	0.37869146	0.0	0.0	0.0	0.0	0.0	0.0	0.0	0.0	0.0	0.24846262	0.38819948	0.0	0.0	0.0	0.0	0.34521294	0.0	0.2495632	0.16340072	0.0	0.0	0.0	0.19531362	0.0	0.0	0.0	0.0	0.0	0.40615797	0.33538532	0.0	0.0	0.28255263	0.0	0.0	0.096544564	0.22346298	0.0	0.31971142	0.22785337	0.0	0.0	0.0	0.0	0.25278553	0.0	0.0	0.19030233	0.0	0.47888938	0.20963784	0.53948325	0.0	0.30865753	0.0	0.0	0.0	0.0	0.1001342	0.0	0.10752968	0.0	0.0	0.0	0.0	0.5478236	0.0	0.0	0.0	0.23553078	0.0	0.0	0.0	0.489043	0.07803113	0.0	0.1622231	0.0	0.0	0.32875666	0.0	0.0	0.0	0.0	0.10623159	0.0	0.0	0.0	0.0	0.13404688	0.0	0.51346034	0.0	0.0	0.40706527	0.0	0.0
0.0	0.15538399	0.0	0.0	0.0	0.0	0.04864979	0.0	0.0	0.0	0.0	0.0	0.0	0.0	0.2878197	0.0	0.3657433	0.0	0.0	0.05776523	0.0	0.19995405	0.0	0.23139584	0.0	0.0	0.12547886	0.0	0.0	0.21132629	0.35759616	0.0	0.0	0.0	0.0	0.0	0.0	0.0	0.0	0.0	0.26300398	0.42329183	0.0	0.0	0.0	0.0	0.34583285	0.0	0.24236023	0.14940394	0.0	0.0	0.0	0.20296602	0.0	0.0	0.0	0.0	0.0	0.40285936	0.36639225	0.0	0.0	0.30778012	0.0	0.0	0.084698625	0.24569309	0.0	0.32963574	0.22824745	0.0	0.0	0.0	0.0	0.25317547	0.0	0.0	0.2177496	0.0	0.49090567	0.1905178	0.5695966	0.0	0.32895365	0.0	0.0	0.0	0.0	0.123177536	0.0	0.10092237	0.0	0.0	0.0	0.0	0.56784266	0.0	0.0	0.0	0.24572988	0.0	0.0	0.0	0.52284867	0.104767144	0.0	0.19026275	0.0	0.0	0.34410098	0.0	0.0	0.0	0.0	0.10436165	0.0	0.0	0.0	0.0	0.14050655	0.0	0.5217102	0.0	0.0	0.41741467	0.0	0.0
0.0	0.13656645	0.0	0.0	0.0	0.0	0.060837638	0.0	0.0	0.0	0.0	0.0	0.0	0.0	0.26147985	0.0	0.34555387	0.0	0.0	0.06581373	0.0	0.21546423	0.0	0.21421863	0.0	0.0	0.09081746	0.0	0.0	0.19061477	0.36750865	0.0	0.0	0.0	0.0	0.0	0.0	0.0	0.0	0.0	0.26253253	0.37279484	0.0	0.0	0.0	0.0	0.35093954	0.0	0.25096282	0.151872	0.0	0.0	0.0	0.18724106	0.0	0.0	0.0	0.0	0.0	0.4075863	0.32563677	0.0	0.0	0.28567395	0.0	0.0	0.09780997	0.23560882	0.0	0.3096842	0.23717631	0.0	0.0	0.0	0.0	0.25380436	0.0	0.0	0.18659161	0.0	0.46315184	0.19585365	0.5355791	0.0	0.31901166	0.0	0.0	0.0	0.0	0.09182409	0.0	0.10982164	0.0	0.0	0.0	0.0	0.55220443	0.0	0.0	0.0	0.22473957	0.0	0.0	0.0	0.49510512	0.06708846	0.0	0.1398988	0.0	0.0	0.33834192	0.0	0.0	0.0	0.0	0.101982124	0.0	0.0	0.0	0.0	0.13300918	0.0	0.5116367	0.0	0.0	0.39440212	0.0	0.0
0.0	0.13228899	0.0	0.0	0.0	0.0	0.05512877	0.0	0.0	0.0	0.0	0.0	0.0	0.0	0.26479805	0.0	0.32786706	0.0	0.0	0.054519683	0.0	0.18996336	0.0	0.21047902	0.0	0.0	0.084018745	0.0	0.0	0.17142086	0.37107763	0.0	0.0	0.0	0.0	0.0	0.0	0.0	0.0	0.0	0.23928936	0.36933246	0.0	0.0	0.0	0.0	0.34487507	0.0	0.23761874	0.15487292	0.0	0.0	0.0	0.18310253	0.0	0.0	0.0	0.0	0.0	0.39583907	0.32165375	0.0	0.0	0.2620174	0.0	0.0	0.10372434	0.21392347	0.0	0.30857834	0.23061778	0.0	0.0	0.0	0.0	0.24422707	0.0	0.0	0.17788531	0.0	0.46601582	0.1962144	0.5105424	0.0	0.298896	0.0	0.0	0.0	0.0	0.092018016	0.0	0.09916986	0.0	0.0	0.0	0.0	0.5447964	0.0	0.0	0.0	0.22438137	0.0	0.0	0.0	0.47949627	0.07012417	0.0	0.14677368	0.0	0.0	0.33104005	0.0	0.0	0.0	0.0	0.10751315	0.0	0.0	0.0	0.0	0.11867374	0.0	0.48557687	0.0	0.0	0.38272992	0.0	0.0
0.0	0.12667546	0.0	0.0	0.0	0.0	0.078273684	0.0	0.0	0.0	0.0	0.0	0.0	0.0	0.24542122	0.0	0.3168458	0.0	0.0	0.047414538	0.0	0.21153688	0.0	0.20088382	0.0	0.0	0.06428578	0.0	0.0	0.15344451	0.37358284	0.0	0.0	0.0	0.0	0.0	0.0	0.0	0.0	0.0	0.23301362	0.33804455	0.0	0.0	0.0	0.0	0.3375833	0.0	0.24881327	0.1533405	0.0	0.0	0.0	0.16888559	0.0	0.0	0.0	0.0	0.0	0.3970971	0.29251197	0.0	0.0	0.24532247	0.0	0.0	0.104719914	0.20108278	0.0	0.2978741	0.23614544	0.0	0.0	0.0	0.0	0.23435457	0.0	0.0	0.16251518	0.0	0.44194198	0.20155413	0.49562111	0.0	0.2948126	0.0	0.0	0.0	0.0	0.085826635	0.0	0.09969183	0.0	0.0	0.0	0.0	0.5255227	0.0	0.0	0.0	0.22048883	0.0	0.0	0.0	0.46286392	0.04466233	0.0	0.13404074	0.0	0.0	0.32631922	0.0	0.004568134	0.0	0.0	0.097919464	0.0	0.0	0.0	0.0	0.123286925	0.0	0.48053908	0.0	0.0	0.3842193	0.0	0.0
0.0	0.1569756	0.0	0.0	0.0	0.0	0.06037553	0.0	0.0	0.0	0.0	0.0	0.0	0.0	0.31268921	0.0	0.38539687	0.0	0.0	0.061620962	0.0	0.20800553	0.0	0.2299993	0.0	0.0	0.1356607	0.0	0.0	0.23725848	0.35030138	0.0	0.0	0.0	0.0	0.0	0.0	0.0	0.0	0.0	0.28990003	0.41831216	0.0	0.0	0.0	0.0	0.3643005	0.0	0.23678444	0.15650934	0.0	0.0	0.0	0.20713735	0.0	0.0	0.0	0.0	0.0	0.4021742	0.36810336	0.0	0.0	0.3232338	0.0	0.0	0.083101146	0.2563318	0.0	0.31614152	0.20163675	0.0	0.0	0.0	0.0	0.2617337	0.0	0.0	0.21799093	0.0	0.48427725	0.18574142	0.5949784	0.0	0.34738007	0.0	0.0	0.0	0.0	0.12765615	0.0	0.10948092	0.0	0.0	0.0	0.0	0.5635665	0.0	0.0	0.0	0.2664279	0.0	0.0	0.0	0.53187925	0.099552326	0.0	0.21318866	0.0	0.0	0.36411247	0.0	0.0	0.0	0.0	0.10246515	0.0	0.0	0.0	0.0	0.13641335	0.0	0.52426034	0.0	0.0	0.41903484	0.0	0.0
0.0	0.17177999	0.0	0.0	0.0	0.0	0.0870809	0.0	0.0	0.0	0.0	0.0	0.0	0.0	0.3366759	0.0	0.43395028	0.0	0.0	0.08719527	0.0	0.21519311	0.0	0.26305842	0.0	0.0	0.15992744	0.0	0.0	0.25618973	0.35723305	0.0	0.0	0.0	0.0	0.0	0.0	0.0	0.0	0.0	0.30213487	0.44980273	0.0	0.0	0.0	0.0	0.34869006	0.0	0.26014602	0.17133474	0.0	0.0	0.0	0.22926001	0.0	0.0	0.0	0.0	0.0	0.40893748	0.39722157	0.0	0.0	0.34544876	0.0	0.0	0.07927076	0.26750815	0.0	0.3418448	0.21317393	0.0	0.0	0.0	0.0	0.2816445	0.0	0.0	0.23112662	0.0	0.5027388	0.21082868	0.6285385	0.0	0.3717754	0.0	0.0	0.0	0.0	0.13244885	0.0	0.11604339	0.0	0.0	0.0	0.0	0.5733451	0.0	0.0	0.0	0.2809584	0.0	0.0	0.0	0.53232753	0.11427883	0.0	0.21329577	0.0	0.0	0.35145864	0.0	0.0	0.0	0.0	0.11607512	0.0	0.0	0.0	0.0	0.15893602	0.0	0.5792855	0.0	0.0	0.4536101	0.0	0.0
0.0	0.22595568	0.0	0.0	0.0	0.0	0.05658056	0.0	0.0	0.0	0.0	0.0	0.0	0.0	0.42817053	0.0	0.52627754	0.0	0.0	0.104140915	0.0	0.22696729	0.0	0.3347468	0.0	0.0	0.3219317	0.0	0.0	0.3504621	0.30324852	0.0	0.0	0.0	0.0	0.0	0.0	0.0	0.0	0.0	0.36799788	0.6699975	0.0	0.0	0.0	0.0	0.33559385	0.0	0.2359669	0.09491834	0.0	0.0	0.0	0.34149456	0.0	0.0	0.0	0.0	0.0	0.41259313	0.5541449	0.0	0.0	0.45422396	0.0	0.0	0.0	0.35376343	0.0	0.394066	0.18226145	0.0	0.0	0.0	0.0	0.3032826	0.0	0.0	0.33163688	0.0	0.58898	0.1359005	0.7858193	0.0	0.48533702	0.0	0.0	0.0	0.0	0.26185378	0.0	0.09517569	0.0	0.0	0.0	0.0	0.67602044	0.0	0.0	0.0	0.34514257	0.0	0.0	0.0	0.6896923	0.24496587	0.0	0.32808077	0.0	0.0	0.34145617	0.0	0.0	0.0	0.0	0.09385455	0.0	0.0	0.0	0.0	0.2417715	0.0	0.65838045	0.0	0.0	0.58035636	0.0	0.0
0.0	0.17588884	0.0	0.0	0.0	0.0	0.029031226	0.0	0.0	0.0	0.0	0.0	0.0	0.0	0.3459283	0.0	0.4448091	0.0	0.0	0.08651928	0.0	0.23470597	0.0	0.23148584	0.0	0.0	0.1869697	0.0	0.0	0.31697127	0.3284692	0.0	0.0	0.0	0.0	0.0	0.0	0.0	0.0	0.0	0.3392099	0.4722116	0.0	0.0	0.0	0.0	0.37947544	0.0	0.25838354	0.20045382	0.0	0.0	0.0	0.23753321	0.0	0.0	0.0	0.0	0.0	0.3988301	0.38970664	0.0	0.0	0.4028544	0.0	0.0	0.09640926	0.31064865	0.0	0.36852753	0.21437502	0.0	0.0	0.0	0.0	0.27981976	0.0	0.0	0.25573227	0.0	0.5038998	0.19546872	0.6877256	0.0	0.37888184	0.0	0.0	0.0	0.0	0.15551265	0.0	0.11120636	0.0	0.0	0.0	0.0	0.5583014	0.0	0.0	0.0	0.2817792	0.0	0.0	0.0	0.578012	0.14683267	0.0	0.24679947	0.0	0.0	0.37355414	0.0	0.0	0.0	0.0	0.09757382	0.0	0.0	0.0	0.0	0.17795241	0.0	0.5803953	0.0	0.0	0.45501867	0.0	0.0
0.0	0.16360927	0.0	0.0	0.0	0.0	0.01163182	0.0	0.0	0.0	0.0	0.0	0.0	0.0	0.3509939	0.0	0.42632958	0.0	0.0	0.081208326	0.0	0.21527974	0.0	0.25044325	0.0	0.0	0.19810344	0.0	0.0	0.27907845	0.33632407	0.0	0.0	0.0	0.0	0.0	0.0	0.0	0.0	0.0	0.31267738	0.49199104	0.0	0.0	0.0	0.0	0.38725793	0.0	0.24852246	0.1577123	0.0	0.0	0.0	0.2487597	0.0	0.0	0.0	0.0	0.0	0.4070599	0.41254017	0.0	0.0	0.37308195	0.0	0.0	0.08098761	0.29283592	0.0	0.3696563	0.22143976	0.0	0.0	0.0	0.0	0.27398938	0.0	0.0	0.2465282	0.0	0.5425131	0.1826061	0.65367275	0.0	0.37040842	0.0	0.0	0.0	0.0	0.1637193	0.0	0.0961315	0.0	0.0	0.0	0.0	0.60371	0.0	0.0	0.0	0.27331626	0.0	0.0	0.0	0.5788202	0.15340321	0.0	0.23038977	0.0	0.0	0.36144057	0.0	0.0	0.0	0.0	0.08972914	0.0	0.0	0.0	0.0	0.17614345	0.0	0.5558979	0.0	0.0	0.46861663	0.0	0.0
0.0	0.15080963	0.0	0.0	0.0	0.0	0.010947051	0.0	0.0	0.0	0.0	0.0	0.0	0.0	0.3313348	0.0	0.40297484	0.0	0.0	0.07241393	0.0	0.20738494	0.0	0.2269599	0.0	0.0	0.17118452	0.0	0.0	0.26543358	0.3483726	0.0	0.0	0.0	0.0	0.0	0.0	0.0	0.0	0.0	0.30672163	0.45548296	0.0	0.0	0.0	0.0	0.38768038	0.0	0.25162187	0.17385513	0.0	0.0	0.0	0.23502034	0.0	0.0	0.0	0.0	0.0	0.40906608	0.3822025	0.0	0.0	0.35333928	0.0	0.0	0.10490745	0.27976206	0.0	0.36628667	0.22831349	0.0	0.0	0.0	0.0	0.2652699	0.0	0.0	0.23161699	0.0	0.5209076	0.18805929	0.6287103	0.0	0.35010394	0.0	0.0	0.0	0.0	0.14429517	0.0	0.10282644	0.0	0.0	0.0	0.0	0.578266	0.0	0.0	0.0	0.26340133	0.0	0.0	0.0	0.5539026	0.13401227	0.0	0.21349543	0.0	0.0	0.36234233	0.0	0.0	0.0	0.0	0.09115976	0.0	0.0	0.0	0.0	0.15973918	0.0	0.5371881	0.0	0.0	0.4404788	0.0	0.0
0.0	0.17617144	0.0	0.0	0.0	0.0	0.045865875	0.0	0.0	0.0	0.0	0.0	0.0	0.0	0.3440502	0.0	0.43508807	0.0	0.0	0.084451295	0.0	0.21282358	0.0	0.25716105	0.0	0.0	0.17482597	0.0	0.0	0.26892805	0.33755216	0.0	0.0	0.0	0.0	0.0	0.0	0.0	0.0	0.0	0.30170754	0.47946152	0.0	0.0	0.0	0.0	0.35862777	0.0	0.2391681	0.15452982	0.0	0.0	0.0	0.23006217	0.0	0.0	0.0	0.0	0.0	0.39833412	0.41442028	0.0	0.0	0.35802937	0.0	0.0	0.07522277	0.27841944	0.0	0.35118246	0.21032274	0.0	0.0	0.0	0.0	0.27528042	0.0	0.0	0.2403559	0.0	0.52012914	0.18322998	0.6504466	0.0	0.37463984	0.0	0.0	0.0	0.0	0.1484423	0.0	0.098405816	0.0	0.0	0.0	0.0	0.6018457	0.0	0.0	0.0	0.28230885	0.0	0.0	0.0	0.55934745	0.13522379	0.0	0.22736998	0.0	0.0	0.35997304	0.0	0.0	0.0	0.0	0.10512193	0.0	0.0	0.0	0.0	0.17222954	0.0	0.5742534	0.0	0.0	0.46205768	0.0	0.0
0.0	0.16344923	0.0	0.0	0.0	0.0	0.035684478	0.0	0.0	0.0	0.0	0.0	0.0	0.0	0.32477114	0.0	0.40302578	0.0	0.0	0.08273983	0.0	0.21426262	0.0	0.23945999	0.0	0.0	0.15709193	0.0	0.0	0.2566553	0.34301242	0.0	0.0	0.0	0.0	0.0	0.0	0.0	0.0	0.0	0.30563346	0.4492028	0.0	0.0	0.0	0.0	0.3625456	0.0	0.24877597	0.15329175	0.0	0.0	0.0	0.22508144	0.0	0.0	0.0	0.0	0.0	0.40496168	0.39270377	0.0	0.0	0.34441295	0.0	0.0	0.08495256	0.27927032	0.0	0.34040126	0.22355765	0.0	0.0	0.0	0.0	0.2679293	0.0	0.0	0.23206176	0.0	0.5017537	0.17505132	0.62785023	0.0	0.36254057	0.0	0.0	0.0	0.0	0.13186492	0.0	0.09905678	0.0	0.0	0.0	0.0	0.58710665	0.0	0.0	0.0	0.26992035	0.0	0.0	0.0	0.55123276	0.11385605	0.0	0.20491868	0.0	0.0	0.36507535	0.0	0.0	0.0	0.0	0.10231805	0.0	0.0	0.0	0.0	0.16324621	0.0	0.55497646	0.0	0.0	0.44438204	0.0	0.0
0.0	0.18892016	0.0	0.0	0.0	0.0	0.053875994	0.0	0.0	0.0	0.0	0.0	0.0	0.0	0.33722654	0.0	0.41610813	0.0	0.0	0.1067884	0.0	0.21236525	0.0	0.2535118	0.0	0.0	0.15917845	0.0	0.0	0.27108535	0.3276526	0.0	0.0	0.0	0.0	0.0	0.0	0.0	0.0	0.0	0.31898263	0.4510516	0.0	0.0	0.0	0.0	0.36257675	0.0	0.2267582	0.13984655	0.0	0.0	0.0	0.2224741	0.0	0.0	0.0	0.0	0.0	0.40037194	0.39473104	0.0	0.0	0.35393563	0.0	0.0	0.07151538	0.29168978	0.0	0.32738462	0.19477355	0.0	0.0	0.0	0.0	0.28098318	0.0	0.0	0.22141062	0.0	0.4898487	0.1564651	0.63130504	0.0	0.40047678	0.0	0.0	0.0	0.0	0.14372945	0.0	0.0980273	0.0	0.0	0.0	0.0	0.6043661	0.0	0.0	0.0	0.29446748	0.0	0.0	0.0	0.5498913	0.117348254	0.0	0.20812158	0.0	0.0	0.38338366	0.0	0.0	0.0	0.0	0.10161555	0.0	0.0	0.0	0.0	0.15311886	0.0	0.5627203	0.0	0.0	0.45707807	0.0	0.0
0.0	0.19907446	0.0	0.0	0.0	0.0	0.07514375	0.0	0.0	0.0	0.0	0.0	0.0	0.0	0.3664874	0.0	0.49186364	0.0	0.0	0.10681718	0.0	0.2523047	0.0	0.241243	0.0	0.0	0.18062651	0.0	0.0	0.33016285	0.34515986	0.0	0.0	0.0	0.0	0.0	0.0	0.0	0.0	0.0	0.32953492	0.47236165	0.0	0.0	0.0	0.0	0.36535677	0.0	0.2772449	0.22552665	0.0	0.0	0.0	0.22298431	0.0	0.0	0.0	0.0	0.0	0.39367762	0.38754943	0.0	0.0	0.43197632	0.0	0.0	0.093096815	0.2878333	0.0	0.36950877	0.21307914	0.0	0.0	0.0	0.0	0.29121044	0.0	0.0	0.26576284	0.0	0.48031494	0.22679542	0.7311823	0.0	0.39127955	0.0	0.0	0.0	0.0	0.14486296	0.0	0.12877351	0.0	0.0	0.0	0.0	0.5532697	0.0	0.0	0.0	0.30094835	0.0	0.0	0.0	0.5743064	0.15556173	0.0	0.2552239	0.0	0.0	0.3472114	0.0	0.0	0.0	0.0	0.110120565	0.0	0.0	0.0	0.0	0.18431757	0.0	0.62268806	0.0	0.0	0.48254752	0.0	0.0
0.0	0.17936404	0.0	0.0	0.0	0.0	0.028986817	0.0	0.0	0.0	0.0	0.0	0.0	0.0	0.31898522	0.0	0.39838442	0.0	0.0	0.09181469	0.0	0.18018658	0.0	0.23794353	0.0	0.0	0.15773703	0.0	0.0	0.27919662	0.318862	0.0	0.0	0.0	0.0	0.0	0.0	0.0	0.0	0.0	0.30764607	0.4749	0.0	0.0	0.0	0.0	0.37860343	0.0	0.2253731	0.13443933	0.0	0.0	0.0	0.21516196	0.0	0.0	0.0	0.0	0.0	0.3826398	0.40156555	0.0	0.0	0.32826912	0.0	0.0	0.06593282	0.2880551	0.0	0.33736244	0.19578809	0.0	0.0	0.0	0.0	0.27356395	0.0	0.0	0.21949308	0.0	0.5011625	0.12886514	0.6111142	0.0	0.3804469	0.0	0.0	0.0	0.0	0.14696063	0.0	0.089466564	0.0	0.0	0.0	0.0	0.602184	0.0	0.0	0.0	0.2762869	0.0	0.0	0.0	0.56394434	0.12390422	0.0	0.20888306	0.0	0.0	0.38336453	0.0	0.0	0.0	0.0	0.10602993	0.0	0.0	0.0	0.0	0.13810347	0.0	0.5490483	0.0	0.0	0.4355749	0.0	0.0
0.0	0.2035021	0.0	0.0	0.0	0.0	0.06090957	0.0	0.0	0.0	0.0	0.0	0.0	0.0	0.32985917	0.0	0.44454655	0.0	0.0	0.10795545	0.0	0.20363037	0.0	0.2630181	0.0	0.0	0.14772867	0.0	0.0	0.28552058	0.31631735	0.0	0.0	0.0	0.0	0.0	0.0	0.0	0.0	0.0	0.30118063	0.47917637	0.0	0.0	0.0	0.0	0.37217686	0.0	0.23279415	0.14291711	0.0	0.0	0.0	0.20220105	0.0	0.0	0.0	0.0	0.0	0.38393733	0.42237893	0.0	0.0	0.345008	0.0	0.0	0.06251087	0.27941072	0.0	0.32883167	0.1822104	0.0	0.0	0.0	0.0	0.28242233	0.0	0.0	0.23160939	0.0	0.47919318	0.15469784	0.6400495	0.0	0.3944932	0.0	0.0	0.0	0.0	0.13664383	0.0	0.09255568	0.0	0.0	0.0	0.0	0.6153373	0.0	0.0	0.0	0.30117443	0.0	0.0	0.0	0.5453875	0.113038205	0.0	0.2267586	0.0	0.0	0.39543855	0.0	0.0	0.0	0.0	0.115511514	0.0	0.0	0.0	0.0	0.1484796	0.0	0.59547234	0.0	0.0	0.45621896	0.0	0.0
0.0	0.19210714	0.0	0.0	0.0	0.0	0.05872346	0.0	0.0	0.0	0.0	0.0	0.0	0.0	0.30228987	0.0	0.411907	0.0	0.0	0.095079936	0.0	0.18573795	0.0	0.24526685	0.0	0.0	0.11676177	0.0	0.0	0.26224133	0.31925893	0.0	0.0	0.0	0.0	0.0	0.0	0.0	0.0	0.0	0.2819942	0.4471244	0.0	0.0	0.0	0.0	0.370808	0.0	0.22084999	0.14035772	0.0	0.0	0.0	0.18055546	0.0	0.0	0.0	0.0	0.0	0.3805603	0.39523056	0.0	0.0	0.31481043	0.0	0.0	0.06969661	0.26396266	0.0	0.3174536	0.18472569	0.0	0.0	0.0	0.0	0.2758217	0.0	0.0	0.21345639	0.0	0.4629197	0.1510901	0.5960801	0.0	0.37200853	0.0	0.0	0.0	0.0	0.12307956	0.0	0.09231939	0.0	0.0	0.0	0.0	0.6018353	0.0	0.0	0.0	0.2846526	0.0	0.0	0.0	0.53012115	0.08906031	0.0	0.21419029	0.0	0.0	0.3978101	0.0	0.0	0.0	0.0	0.1120857	0.0	0.0	0.0	0.0	0.12609218	0.0	0.56902057	0.0	0.0	0.4295579	0.0	0.0
0.0	0.21175212	0.0	0.0	0.0	0.0	0.06853197	0.0	0.0	0.0	0.0	0.0	0.0	0.0	0.34093022	0.0	0.46195972	0.0	0.0	0.10193663	0.0	0.2142026	0.0	0.2725271	0.0	0.0	0.18518752	0.0	0.0	0.29923353	0.32472596	0.0	0.0	0.0	0.0	0.0	0.0	0.0	0.0	0.0	0.31896555	0.5279526	0.0	0.0	0.0	0.0	0.3526428	0.0	0.24779184	0.13216527	0.0	0.0	0.0	0.24426693	0.0	0.0	0.0	0.0	0.0	0.4006821	0.4521042	0.0	0.0	0.37963355	0.0	0.0	0.048302013	0.302262	0.0	0.34676114	0.18995458	0.0	0.0	0.0	0.0	0.28451973	0.0	0.0	0.26685777	0.0	0.4990648	0.151789	0.6947582	0.0	0.4158968	0.0	0.0	0.0	0.0	0.16345334	0.0	0.09829161	0.0	0.0	0.0	0.0	0.6248413	0.0	0.0	0.0	0.30786595	0.0	0.0	0.0	0.58679295	0.13947989	0.0	0.26164928	0.0	0.0	0.38132477	0.0	0.0	0.0	0.0	0.12012055	0.0	0.0	0.0	0.0	0.17585433	0.0	0.62178886	0.0	0.0	0.48612246	0.0	0.0
0.0	0.22257172	0.0	0.0	0.0	0.0	0.065067716	0.0	0.0	0.0	0.0	0.0	0.0	0.0	0.3189766	0.0	0.4405806	0.0	0.0	0.10578308	0.0	0.188313	0.0	0.2719927	0.0	0.0	0.15946533	0.0	0.0	0.2957727	0.30863908	0.0	0.0	0.0	0.0	0.0	0.0	0.0	0.0	0.0	0.31053767	0.5117505	0.0	0.0	0.0	0.0	0.35604373	0.0	0.23489596	0.12232855	0.0	0.0	0.0	0.22157997	0.0	0.0	0.0	0.0	0.0	0.38082656	0.4487482	0.0	0.0	0.35234872	0.0	0.0	0.036095012	0.29538333	0.0	0.33001867	0.17142563	0.0	0.0	0.0	0.0	0.29170868	0.0	0.0	0.24436152	0.0	0.47647873	0.12069561	0.6668329	0.0	0.42185768	0.0	0.0	0.0	0.0	0.1562203	0.0	0.09195712	0.0	0.0	0.0	0.0	0.6249149	0.0	0.0	0.0	0.3175855	0.0	0.0	0.0	0.57311267	0.12501414	0.0	0.24454622	0.0	0.0	0.39627707	0.0	0.0	0.0	0.0	0.12930045	0.0	0.0	0.0	0.0	0.15732537	0.0	0.6164171	0.0	0.0	0.46005407	0.0	0.0
0.0	0.17944236	0.0	0.0	0.0	0.0	0.031206673	0.0	0.0	0.0	0.0	0.0	0.0	0.0	0.31786224	0.0	0.40674853	0.0	0.0	0.08464205	0.0	0.19123845	0.0	0.24562728	0.0	0.0	0.16722955	0.0	0.0	0.2734033	0.32304904	0.0	0.0	0.0	0.0	0.0	0.0	0.0	0.0	0.0	0.30798605	0.47682035	0.0	0.0	0.0	0.0	0.3674948	0.0	0.2298919	0.14255863	0.0	0.0	0.0	0.22566245	0.0	0.0	0.0	0.0	0.0	0.38713324	0.4083066	0.0	0.0	0.3390763	0.0	0.0	0.06876501	0.29290035	0.0	0.3372387	0.19354506	0.0	0.0	0.0	0.0	0.26963222	0.0	0.0	0.22977579	0.0	0.5060468	0.1427597	0.62506676	0.0	0.37769914	0.0	0.0	0.0	0.0	0.14808668	0.0	0.0888418	0.0	0.0	0.0	0.0	0.5955445	0.0	0.0	0.0	0.27902737	0.0	0.0	0.0	0.56155306	0.12768342	0.0	0.21909334	0.0	0.0	0.38295472	0.0	0.0	0.0	0.0	0.111003645	0.0	0.0	0.0	0.0	0.14968264	0.0	0.55505234	0.0	0.0	0.4372429	0.0	0.0
0.0	0.18039857	0.0	0.0	0.0	0.0	0.07112049	0.0	0.0	0.0	0.0	0.0	0.0	0.0	0.3557934	0.0	0.44006512	0.0	0.0	0.081875615	0.0	0.21867721	0.0	0.26988623	0.0	0.0	0.17924099	0.0	0.0	0.27927986	0.32965294	0.0	0.0	0.0	0.0	0.0	0.0	0.0	0.0	0.0	0.32541707	0.4565035	0.0	0.0	0.0	0.0	0.35254383	0.0	0.2298985	0.1387461	0.0	0.0	0.0	0.22712906	0.0	0.0	0.0	0.0	0.0	0.38785705	0.4330515	0.0	0.0	0.35775694	0.0	0.0	0.06847862	0.2832574	0.0	0.32994977	0.20014413	0.0	0.0	0.0	0.0	0.28754893	0.0	0.0	0.23769848	0.0	0.502855	0.15540053	0.6410403	0.0	0.40265897	0.0	0.0	0.0	0.0	0.1521203	0.0	0.08072549	0.0	0.0	0.0	0.0	0.6126656	0.0	0.0	0.0	0.30654937	0.0	0.0	0.0	0.56867844	0.12691909	0.0	0.22479653	0.0	0.0	0.3794756	0.0	0.0	0.0	0.0	0.10889692	0.0	0.0	0.0	0.0	0.16908978	0.0	0.56943434	0.0	0.0	0.46402803	0.0	0.0
0.0	0.17814748	0.0	0.0	0.0	0.0	0.05765153	0.0	0.0	0.0	0.0	0.0	0.0	0.0	0.34402284	0.0	0.43773592	0.0	0.0	0.097357534	0.0	0.21434502	0.0	0.23809074	0.0	0.0	0.14866148	0.0	0.0	0.2684834	0.33374295	0.0	0.0	0.0	0.0	0.0	0.0	0.0	0.0	0.0	0.30497134	0.43984714	0.0	0.0	0.0	0.0	0.3737932	0.0	0.23034994	0.16420831	0.0	0.0	0.0	0.21154904	0.0	0.0	0.0	0.0	0.0	0.37844482	0.39289606	0.0	0.0	0.34580693	0.0	0.0	0.0857568	0.27182886	0.0	0.32920653	0.19619386	0.0	0.0	0.0	0.0	0.2750093	0.0	0.0	0.21718585	0.0	0.47884157	0.18123937	0.63829124	0.0	0.38730732	0.0	0.0	0.0	0.0	0.12845345	0.0	0.104958415	0.0	0.0	0.0	0.0	0.59239316	0.0	0.0	0.0	0.29537097	0.0	0.0	0.0	0.5464066	0.105373494	0.0	0.21616934	0.0	0.0	0.37640157	0.0	0.0	0.0	0.0	0.104175515	0.0	0.0	0.0	0.0	0.15191764	0.0	0.56266123	0.0	0.0	0.44611454	0.0	0.0
0.0	0.16767915	0.0	0.0	0.0	0.0	0.023030132	0.0	0.0	0.0	0.0	0.0	0.0	0.0	0.32845864	0.0	0.40248075	0.0	0.0	0.07625599	0.0	0.21345834	0.0	0.25614026	0.0	0.0	0.1566183	0.0	0.0	0.26447916	0.33418274	0.0	0.0	0.0	0.0	0.0	0.0	0.0	0.0	0.0	0.31455478	0.45662037	0.0	0.0	0.0	0.0	0.3684614	0.0	0.24029875	0.15360768	0.0	0.0	0.0	0.22198856	0.0	0.0	0.0	0.0	0.0	0.39603576	0.38813806	0.0	0.0	0.34652707	0.0	0.0	0.07415735	0.27875495	0.0	0.33300337	0.20749716	0.0	0.0	0.0	0.0	0.27769318	0.0	0.0	0.2312067	0.0	0.5020527	0.16351491	0.62608737	0.0	0.36756063	0.0	0.0	0.0	0.0	0.14236286	0.0	0.102965295	0.0	0.0	0.0	0.0	0.5859832	0.0	0.0	0.0	0.27573076	0.0	0.0	0.0	0.55331594	0.11519655	0.0	0.2123912	0.0	0.0	0.37089142	0.0	0.0	0.0	0.0	0.10315903	0.0	0.0	0.0	0.0	0.16465288	0.0	0.5515997	0.0	0.0	0.44597244	0.0	0.0
0.0	0.19539137	0.0	0.0	0.0	0.0	0.055941213	0.0	0.0	0.0	0.0	0.0	0.0	0.0	0.36391702	0.0	0.45948863	0.0	0.0	0.10023469	0.0	0.22241805	0.0	0.27822098	0.0	0.0	0.19572599	0.0	0.0	0.2922587	0.31882563	0.0	0.0	0.0	0.0	0.0	0.0	0.0	0.0	0.0	0.3232521	0.4980662	0.0	0.0	0.0	0.0	0.35302186	0.0	0.2286069	0.14152421	0.0	0.0	0.0	0.24082637	0.0	0.0	0.0	0.0	0.0	0.38433006	0.43717933	0.0	0.0	0.37409353	0.0	0.0	0.055677254	0.29998186	0.0	0.340109	0.19022381	0.0	0.0	0.0	0.0	0.29005668	0.0	0.0	0.241659	0.0	0.5134049	0.16257803	0.6805509	0.0	0.41660985	0.0	0.0	0.0	0.0	0.15791458	0.0	0.094023794	0.0	0.0	0.0	0.0	0.61552167	0.0	0.0	0.0	0.30741793	0.0	0.0	0.0	0.5717336	0.14399612	0.0	0.24036174	0.0	0.0	0.37553468	0.0	0.0	0.0	0.0	0.11884012	0.0	0.0	0.0	0.0	0.18193597	0.0	0.5956249	0.0	0.0	0.4775324	0.0	0.0
0.0	0.16744125	0.0	0.0	0.0	0.0	0.07277874	0.0	0.0	0.0	0.0	0.0	0.0	0.0	0.32342488	0.0	0.40658966	0.0	0.0	0.07462742	0.0	0.20872708	0.0	0.2464333	0.0	0.0	0.12431865	0.0	0.0	0.23000716	0.34961084	0.0	0.0	0.0	0.0	0.0	0.0	0.0	0.0	0.0	0.26701578	0.41897836	0.0	0.0	0.0	0.0	0.3552672	0.0	0.23189847	0.16217703	0.0	0.0	0.0	0.19603783	0.0	0.0	0.0	0.0	0.0	0.39944217	0.37226796	0.0	0.0	0.31849253	0.0	0.0	0.08582663	0.24203855	0.0	0.3287219	0.20801611	0.0	0.0	0.0	0.0	0.2722483	0.0	0.0	0.21408403	0.0	0.48441347	0.20451657	0.5894819	0.0	0.34108624	0.0	0.0	0.0	0.0	0.119061686	0.0	0.1011435	0.0	0.0	0.0	0.0	0.5842726	0.0	0.0	0.0	0.26732972	0.0	0.0	0.0	0.5146609	0.09519068	0.0	0.19913848	0.0	0.0	0.35909143	0.0	0.0	0.0	0.0	0.09994338	0.0	0.0	0.0	0.0	0.14581978	0.0	0.5502164	0.0	0.0	0.43381763	0.0	0.0
0.0	0.1784603	0.0	0.0	0.0	0.0	0.06662678	0.0	0.0	0.0	0.0	0.0	0.0	0.0	0.3487157	0.0	0.42935982	0.0	0.0	0.09123703	0.0	0.21584384	0.0	0.2580727	0.0	0.0	0.16386148	0.0	0.0	0.27097592	0.333469	0.0	0.0	0.0	0.0	0.0	0.0	0.0	0.0	0.0	0.3068401	0.452648	0.0	0.0	0.0	0.0	0.35545883	0.0	0.23494641	0.16059169	0.0	0.0	0.0	0.21876018	0.0	0.0	0.0	0.0	0.0	0.39455006	0.40326416	0.0	0.0	0.34877825	0.0	0.0	0.07635152	0.27052364	0.0	0.33037713	0.19480711	0.0	0.0	0.0	0.0	0.28598216	0.0	0.0	0.2266162	0.0	0.4924949	0.1770045	0.6399924	0.0	0.3831694	0.0	0.0	0.0	0.0	0.13141318	0.0	0.09291879	0.0	0.0	0.0	0.0	0.6015968	0.0	0.0	0.0	0.2885379	0.0	0.0	0.0	0.54150814	0.116435766	0.0	0.20434217	0.0	0.0	0.3633487	0.0	0.0	0.0	0.0	0.1176669	0.0	0.0	0.0	0.0	0.16160873	0.0	0.5694895	0.0	0.0	0.4513979	0.0	0.0
0.0	0.19717617	0.0	0.0	0.0	0.0	0.06074989	0.0	0.0	0.0	0.0	0.0	0.0	0.0	0.34511027	0.0	0.45290542	0.0	0.0	0.09464425	0.0	0.22063194	0.0	0.26821345	0.0	0.0	0.18803652	0.0	0.0	0.2870752	0.32982656	0.0	0.0	0.0	0.0	0.0	0.0	0.0	0.0	0.0	0.31749377	0.50524735	0.0	0.0	0.0	0.0	0.35344002	0.0	0.24708581	0.14000131	0.0	0.0	0.0	0.24394149	0.0	0.0	0.0	0.0	0.0	0.40353906	0.43653908	0.0	0.0	0.37699732	0.0	0.0	0.05977108	0.2961324	0.0	0.3488665	0.2050786	0.0	0.0	0.0	0.0	0.27920547	0.0	0.0	0.25973806	0.0	0.50814015	0.16753651	0.6810694	0.0	0.40460584	0.0	0.0	0.0	0.0	0.15769103	0.0	0.10039481	0.0	0.0	0.0	0.0	0.6172125	0.0	0.0	0.0	0.29765496	0.0	0.0	0.0	0.5719668	0.13947581	0.0	0.2476411	0.0	0.0	0.37103352	0.0	0.0	0.0	0.0	0.110434555	0.0	0.0	0.0	0.0	0.180525	0.0	0.6050683	0.0	0.0	0.47917935	0.0	0.0
0.0	0.16628109	0.0	0.0	0.0	0.0	0.026781946	0.0	0.0	0.0	0.0	0.0	0.0	0.0	0.3529553	0.0	0.44410765	0.0	0.0	0.08194122	0.0	0.23961867	0.0	0.22097605	0.0	0.0	0.1781643	0.0	0.0	0.3123891	0.33900687	0.0	0.0	0.0	0.0	0.0	0.0	0.0	0.0	0.0	0.3424627	0.45301536	0.0	0.0	0.0	0.0	0.39632067	0.0	0.26874238	0.20284693	0.0	0.0	0.0	0.23010586	0.0	0.0	0.0	0.0	0.0	0.39801738	0.3765944	0.0	0.0	0.39491144	0.0	0.0	0.09873316	0.29703733	0.0	0.36126474	0.2246377	0.0	0.0	0.0	0.0	0.27607664	0.0	0.0	0.25380582	0.0	0.50662166	0.19513261	0.67692727	0.0	0.37883195	0.0	0.0	0.0	0.0	0.14989571	0.0	0.1151469	0.0	0.0	0.0	0.0	0.5681224	0.0	0.0	0.0	0.28266904	0.0	0.0	0.0	0.57722044	0.1448688	0.0	0.2264586	0.0	0.0	0.36315075	0.0	0.0	0.0	0.0	0.09257879	0.0	0.0	0.0	0.0	0.17426139	0.0	0.56458855	0.0	0.0	0.4455197	0.0	0.0
0.0	0.15750621	0.0	0.0	0.0	0.0	0.008581967	0.0	0.0	0.0	0.0	0.0	0.0	0.0	0.35107812	0.0	0.4279399	0.0	0.0	0.06987937	0.0	0.22870791	0.0	0.2232567	0.0	0.0	0.18819207	0.0	0.0	0.2950215	0.34322402	0.0	0.0	0.0	0.0	0.0	0.0	0.0	0.0	0.0	0.33851078	0.45336226	0.0	0.0	0.0	0.0	0.39822134	0.0	0.26567388	0.17880243	0.0	0.0	0.0	0.24309285	0.0	0.0	0.0	0.0	0.0	0.4023575	0.3916466	0.0	0.0	0.38404122	0.0	0.0	0.100708336	0.30355677	0.0	0.36162212	0.2288206	0.0	0.0	0.0	0.0	0.2670606	0.0	0.0	0.25047138	0.0	0.5104211	0.18579857	0.668118	0.0	0.38165256	0.0	0.0	0.0	0.0	0.15876335	0.0	0.11331653	0.0	0.0	0.0	0.0	0.57437867	0.0	0.0	0.0	0.28112647	0.0	0.0	0.0	0.58191895	0.1353738	0.0	0.23649138	0.0	0.0	0.37234786	0.0	0.0	0.0	0.0	0.08230697	0.0	0.0	0.0	0.0	0.16766441	0.0	0.5481656	0.0	0.0	0.44981933	0.0	0.0
0.0	0.13117357	0.0	0.0	0.0	0.0	0.07875177	0.0	0.0	0.0	0.0	0.0	0.0	0.0	0.28563112	0.0	0.34560966	0.0	0.0	0.06288053	0.0	0.20432699	0.0	0.21806295	0.0	0.0	0.088666745	0.0	0.0	0.18403272	0.3778063	0.0	0.0	0.0	0.0	0.0	0.0	0.0	0.0	0.0	0.24030066	0.3646314	0.0	0.0	0.0	0.0	0.3558606	0.0	0.24416868	0.1810527	0.0	0.0	0.0	0.1849656	0.0	0.0	0.0	0.0	0.0	0.40552673	0.31445464	0.0	0.0	0.27649972	0.0	0.0	0.106977165	0.20778216	0.0	0.31877825	0.21953297	0.0	0.0	0.0	0.0	0.25691646	0.0	0.0	0.17262721	0.0	0.47494748	0.22474702	0.5238236	0.0	0.28974423	0.0	0.0	0.0	0.0	0.09024409	0.0	0.107361555	0.0	0.0	0.0	0.0	0.5367683	0.0	0.0	0.0	0.23081063	0.0	0.0	0.0	0.47312233	0.06976376	0.0	0.14344338	0.0	0.0	0.32775703	0.0	0.0026984233	0.0	0.0	0.09783647	0.0	0.0	0.0	0.0	0.1243495	0.0	0.4955713	0.0	0.0	0.39801827	0.0	0.0
0.0	0.13316119	0.0	0.0	0.0	0.0	0.059174318	0.0	0.0	0.0	0.0	0.0	0.0	0.0	0.27506384	0.0	0.33382043	0.0	0.0	0.052939847	0.0	0.189798	0.0	0.21465512	0.0	0.0	0.08933721	0.0	0.0	0.17567353	0.3679056	0.0	0.0	0.0	0.0	0.0	0.0	0.0	0.0	0.0	0.24015744	0.3703111	0.0	0.0	0.0	0.0	0.34664392	0.0	0.23316877	0.16199228	0.0	0.0	0.0	0.1846265	0.0	0.0	0.0	0.0	0.0	0.3978785	0.32454363	0.0	0.0	0.2685126	0.0	0.0	0.10370914	0.21624307	0.0	0.31311503	0.22405143	0.0	0.0	0.0	0.0	0.24670912	0.0	0.0	0.17890567	0.0	0.47248992	0.20428897	0.517345	0.0	0.29578385	0.0	0.0	0.0	0.0	0.09562083	0.0	0.09658123	0.0	0.0	0.0	0.0	0.54328585	0.0	0.0	0.0	0.22803164	0.0	0.0	0.0	0.48039833	0.07368916	0.0	0.15091549	0.0	0.0	0.3336623	0.0	0.0	0.0	0.0	0.10335717	0.0	0.0	0.0	0.0	0.12134179	0.0	0.4866757	0.0	0.0	0.38745713	0.0	0.0
0.0	0.12860171	0.0	0.0	0.0	0.0	0.07377919	0.0	0.0	0.0	0.0	0.0	0.0	0.0	0.30177855	0.0	0.37838387	0.0	0.0	0.074741356	0.0	0.23992123	0.0	0.18764405	0.0	0.0	0.08843606	0.0	0.0	0.22366667	0.39858595	0.0	0.0	0.0	0.0	0.0	0.0	0.0	0.0	0.0	0.25912812	0.35885224	0.0	0.0	0.0	0.0	0.38821232	0.0	0.29040667	0.24748401	0.0	0.0	0.0	0.19537257	0.0	0.0	0.0	0.0	0.0	0.42314124	0.282156	0.0	0.0	0.32808396	0.0	0.0	0.14779674	0.21665363	0.0	0.3599998	0.24886632	0.0	0.0	0.0	0.0	0.26355484	0.0	0.0	0.19246227	0.0	0.47574034	0.28787538	0.5857578	0.0	0.27705538	0.0	0.0	0.0	0.0	0.07847547	0.0	0.13105841	0.0	0.0	0.0	0.0	0.5035673	0.0	0.0	0.0	0.22948255	0.0	0.0	0.0	0.4813997	0.08995851	0.0	0.15450774	0.0	0.0	0.3218526	0.0	0.0027440183	0.0	0.0	0.08606944	0.0	0.0	0.0	0.0	0.13849562	0.0	0.5245674	0.0	0.0	0.4107398	0.0	0.0
0.0	0.1351106	0.0	0.0	0.0	0.0	0.08516089	0.0	0.0	0.0	0.0	0.0	0.0	0.0	0.28486905	0.0	0.35338354	0.0	0.0	0.06356094	0.0	0.21043845	0.0	0.22474332	0.0	0.0	0.083857305	0.0	0.0	0.18194075	0.37714615	0.0	0.0	0.0	0.0	0.0	0.0	0.0	0.0	0.0	0.2376258	0.36459377	0.0	0.0	0.0	0.0	0.35150132	0.0	0.24461257	0.1721021	0.0	0.0	0.0	0.18068917	0.0	0.0	0.0	0.0	0.0	0.40408328	0.31569445	0.0	0.0	0.27735993	0.0	0.0	0.101499684	0.20677216	0.0	0.3148947	0.22259383	0.0	0.0	0.0	0.0	0.25717542	0.0	0.0	0.17334847	0.0	0.47026262	0.22234137	0.5237901	0.0	0.2953656	0.0	0.0	0.0	0.0	0.08998554	0.0	0.108752936	0.0	0.0	0.0	0.0	0.5411721	0.0	0.0	0.0	0.23449974	0.0	0.0	0.0	0.47276065	0.06522227	0.0	0.14664547	0.0	0.0	0.33111706	0.0	0.0026287504	0.0	0.0	0.10065209	0.0	0.0	0.0	0.0	0.12691925	0.0	0.504735	0.0	0.0	0.4024197	0.0	0.0
0.0	0.12967928	0.0	0.0	0.0	0.0	0.07998732	0.0	0.0	0.0	0.0	0.0	0.0	0.0	0.2616514	0.0	0.322871	0.0	0.0	0.050800916	0.0	0.19603503	0.0	0.21354859	0.0	0.0	0.077261865	0.0	0.0	0.15791994	0.3789287	0.0	0.0	0.0	0.0	0.0	0.0	0.0	0.0	0.0	0.23136486	0.3420403	0.0	0.0	0.0	0.0	0.34070495	0.0	0.23590773	0.16604906	0.0	0.0	0.0	0.17386091	0.0	0.0	0.0	0.0	0.0	0.39936385	0.30384967	0.0	0.0	0.25477183	0.0	0.0	0.106447496	0.20007463	0.0	0.30285832	0.22119117	0.0	0.0	0.0	0.0	0.24702646	0.0	0.0	0.16411327	0.0	0.4587469	0.20875108	0.494992	0.0	0.28841707	0.0	0.0	0.0	0.0	0.084752046	0.0	0.10360477	0.0	0.0	0.0	0.0	0.5279765	0.0	0.0	0.0	0.22695912	0.0	0.0	0.0	0.46270266	0.050320584	0.0	0.14197816	0.0	0.0	0.33228162	0.0	0.0051396345	0.0	0.0	0.10210961	0.0	0.0	0.0	0.0	0.11736366	0.0	0.48073176	0.0	0.0	0.38090816	0.0	0.0
0.0	0.11836357	0.0	0.0	0.0	0.0	0.06487339	0.0	0.0	0.0	0.0	0.0	0.0	0.0	0.24559374	0.0	0.30309275	0.0	0.0	0.045940664	0.0	0.20188312	0.0	0.18523152	0.0	0.0	0.065168135	0.0	0.0	0.15109822	0.38439465	0.0	0.0	0.0	0.0	0.0	0.0	0.0	0.0	0.0	0.23020925	0.32323694	0.0	0.0	0.0	0.0	0.34948984	0.0	0.24276112	0.17595202	0.0	0.0	0.0	0.17346902	0.0	0.0	0.0	0.0	0.0	0.40256798	0.2845173	0.0	0.0	0.24810047	0.0	0.0	0.121309064	0.20420527	0.0	0.30319515	0.23390381	0.0	0.0	0.0	0.0	0.23347981	0.0	0.0	0.15985188	0.0	0.4470551	0.21221144	0.48279408	0.0	0.274668	0.0	0.0	0.0	0.0	0.07485526	0.0	0.10213975	0.0	0.0	0.0	0.0	0.51341003	0.0	0.0	0.0	0.2115922	0.0	0.0	0.0	0.4621764	0.043142367	0.0	0.12857842	0.0	0.0	0.33305094	0.0	0.0021445274	0.0	0.0	0.09191501	0.0	0.0	0.0	0.0	0.10955586	0.0	0.46314064	0.0	0.0	0.36590096	0.0	0.0
0.0	0.13909559	0.0	0.0	0.0	0.0	0.08182259	0.0	0.0	0.0	0.0	0.0	0.0	0.0	0.28823152	0.0	0.35107097	0.0	0.0	0.060864184	0.0	0.20122111	0.0	0.22729929	0.0	0.0	0.08758533	0.0	0.0	0.18003003	0.37299028	0.0	0.0	0.0	0.0	0.0	0.0	0.0	0.0	0.0	0.2326215	0.3701172	0.0	0.0	0.0	0.0	0.3523891	0.0	0.24056663	0.17180015	0.0	0.0	0.0	0.17879255	0.0	0.0	0.0	0.0	0.0	0.4058771	0.32241747	0.0	0.0	0.2777507	0.0	0.0	0.10101185	0.20477454	0.0	0.3127291	0.21354307	0.0	0.0	0.0	0.0	0.25948176	0.0	0.0	0.17851599	0.0	0.47074	0.22204904	0.52362174	0.0	0.2955222	0.0	0.0	0.0	0.0	0.09105945	0.0	0.10761464	0.0	0.0	0.0	0.0	0.5457056	0.0	0.0	0.0	0.23429947	0.0	0.0	0.0	0.47132477	0.067245446	0.0	0.15350954	0.0	0.0	0.33327726	0.0	0.0033397817	0.0	0.0	0.10190177	0.0	0.0	0.0	0.0	0.124266684	0.0	0.50455475	0.0	0.0	0.39902815	0.0	0.0
0.0	0.15822665	0.0	0.0	0.0	0.0	0.094861515	0.0	0.0	0.0	0.0	0.0	0.0	0.0	0.31405762	0.0	0.42279026	0.0	0.0	0.081218086	0.0	0.25076607	0.0	0.20002902	0.0	0.0	0.094022535	0.0	0.0	0.25584048	0.39598122	0.0	0.0	0.0	0.0	0.0	0.0	0.0	0.0	0.0	0.25698152	0.37904325	0.0	0.0	0.0	0.0	0.3840923	0.0	0.30322152	0.26732203	0.0	0.0	0.0	0.18514465	0.0	0.0	0.0	0.0	0.0	0.42008582	0.28963187	0.0	0.0	0.3771807	0.0	0.0	0.13473524	0.21602333	0.0	0.37672257	0.2384098	0.0	0.0	0.0	0.0	0.28080055	0.0	0.0	0.22199911	0.0	0.46711245	0.31239915	0.6374355	0.0	0.28704298	0.0	0.0	0.0	0.0	0.08443869	0.0	0.14883725	0.0	0.0	0.0	0.0	0.505372	0.0	0.0	0.0	0.24654649	0.0	0.0	0.0	0.49580732	0.10836289	0.0	0.18886828	0.0	0.0	0.32242933	0.0	0.008539626	0.0	0.0	0.08975997	0.0	0.0	0.0	0.0	0.14916582	0.0	0.577111	0.0	0.0	0.43293247	0.0	0.0
0.0	0.14199272	0.0	0.0	0.0	0.0	0.09811485	0.0	0.0	0.0	0.0	0.0	0.0	0.0	0.28408745	0.0	0.34986505	0.0	0.0	0.059872847	0.0	0.2017045	0.0	0.22996747	0.0	0.0	0.089272656	0.0	0.0	0.17198686	0.37106147	0.0	0.0	0.0	0.0	0.0	0.0	0.0	0.0	0.0	0.2282611	0.36275828	0.0	0.0	0.0	0.0	0.34489584	0.0	0.2360338	0.16611835	0.0	0.0	0.0	0.17317308	0.0	0.0	0.0	0.0	0.0	0.40776148	0.31266558	0.0	0.0	0.26906916	0.0	0.0	0.09561183	0.19512026	0.0	0.30862126	0.20751123	0.0	0.0	0.0	0.0	0.2599628	0.0	0.0	0.17082302	0.0	0.4662868	0.22016513	0.51485467	0.0	0.29813004	0.0	0.0	0.0	0.0	0.09330651	0.0	0.10953925	0.0	0.0	0.0	0.0	0.54266787	0.0	0.0	0.0	0.23854427	0.0	0.0	0.0	0.4607006	0.058930427	0.0	0.1467321	0.0	0.0	0.3315612	0.0	0.0107306065	0.0	0.0	0.104233205	0.0	0.0	0.0	0.0	0.12622549	0.0	0.50553745	0.0	0.0	0.3938574	0.0	0.0
0.0	0.13410026	0.0	0.0	0.0	0.0	0.07504955	0.0	0.0	0.0	0.0	0.0	0.0	0.0	0.2737682	0.0	0.33731326	0.0	0.0	0.058395118	0.0	0.20312572	0.0	0.22104971	0.0	0.0	0.086637445	0.0	0.0	0.17547949	0.3734269	0.0	0.0	0.0	0.0	0.0	0.0	0.0	0.0	0.0	0.24132375	0.36120597	0.0	0.0	0.0	0.0	0.3437004	0.0	0.23656154	0.16361004	0.0	0.0	0.0	0.18492265	0.0	0.0	0.0	0.0	0.0	0.39666536	0.32215986	0.0	0.0	0.27182755	0.0	0.0	0.096407525	0.21436305	0.0	0.30865112	0.2209127	0.0	0.0	0.0	0.0	0.25304672	0.0	0.0	0.17242551	0.0	0.46815848	0.20073819	0.5171247	0.0	0.3012292	0.0	0.0	0.0	0.0	0.09135073	0.0	0.09982207	0.0	0.0	0.0	0.0	0.54020447	0.0	0.0	0.0	0.23069388	0.0	0.0	0.0	0.4790655	0.064214475	0.0	0.14639509	0.0	0.0	0.3344724	0.0	0.0	0.0	0.0	0.105121285	0.0	0.0	0.0	0.0	0.12747307	0.0	0.49351868	0.0	0.0	0.39197624	0.0	0.0
0.0	0.12581277	0.0	0.0	0.0	0.0	0.06400683	0.0	0.0	0.0	0.0	0.0	0.0	0.0	0.2592123	0.0	0.3068368	0.0	0.0	0.040249478	0.0	0.19052713	0.0	0.20667796	0.0	0.0	0.06939777	0.0	0.0	0.14674911	0.37067714	0.0	0.0	0.0	0.0	0.0	0.0	0.0	0.0	0.0	0.22766398	0.32837936	0.0	0.0	0.0	0.0	0.33412158	0.0	0.2219597	0.15824209	0.0	0.0	0.0	0.17245845	0.0	0.0	0.0	0.0	0.0	0.39183852	0.2990657	0.0	0.0	0.2453125	0.0	0.0	0.1050586	0.2006226	0.0	0.29653808	0.22386627	0.0	0.0	0.0	0.0	0.24213831	0.0	0.0	0.16199543	0.0	0.45328423	0.19606169	0.48035285	0.0	0.28635558	0.0	0.0	0.0	0.0	0.084341176	0.0	0.09341037	0.0	0.0	0.0	0.0	0.526692	0.0	0.0	0.0	0.22145791	0.0	0.0	0.0	0.4663324	0.048746943	0.0	0.13737024	0.0	0.0	0.33680668	0.0	0.0	0.0	0.0	0.09886768	0.0	0.0	0.0	0.0	0.118926175	0.0	0.46308884	0.0	0.0	0.3717886	0.0	0.0
0.0	0.123722754	0.0	0.0	0.0	0.0	0.057239268	0.0	0.0	0.0	0.0	0.0	0.0	0.0	0.2726391	0.0	0.32547665	0.0	0.0	0.05582894	0.0	0.20158894	0.0	0.19985299	0.0	0.0	0.07322327	0.0	0.0	0.17437424	0.37815216	0.0	0.0	0.0	0.0	0.0	0.0	0.0	0.0	0.0	0.2339239	0.34984553	0.0	0.0	0.0	0.0	0.3632444	0.0	0.24663723	0.1791446	0.0	0.0	0.0	0.17563875	0.0	0.0	0.0	0.0	0.0	0.40245065	0.3044882	0.0	0.0	0.26663557	0.0	0.0	0.119692944	0.20565705	0.0	0.31180057	0.22765534	0.0	0.0	0.0	0.0	0.2455948	0.0	0.0	0.171351	0.0	0.4630462	0.21912616	0.5059333	0.0	0.2824659	0.0	0.0	0.0	0.0	0.082526185	0.0	0.101080984	0.0	0.0	0.0	0.0	0.535048	0.0	0.0	0.0	0.21968305	0.0	0.0	0.0	0.47036657	0.06052946	0.0	0.13849276	0.0	0.0	0.33280173	0.0	0.0002037653	0.0	0.0	0.095533736	0.0	0.0	0.0	0.0	0.11191178	0.0	0.475008	0.0	0.0	0.38402104	0.0	0.0
0.0	0.123236366	0.0	0.0	0.0	0.0	0.057784636	0.0	0.0	0.0	0.0	0.0	0.0	0.0	0.2664578	0.0	0.32345366	0.0	0.0	0.054146703	0.0	0.20884608	0.0	0.20007439	0.0	0.0	0.074375525	0.0	0.0	0.17302488	0.36780044	0.0	0.0	0.0	0.0	0.0	0.0	0.0	0.0	0.0	0.2387139	0.34756163	0.0	0.0	0.0	0.0	0.3577905	0.0	0.24071848	0.16130473	0.0	0.0	0.0	0.17477548	0.0	0.0	0.0	0.0	0.0	0.39889917	0.30174562	0.0	0.0	0.26500747	0.0	0.0	0.114020765	0.21261184	0.0	0.30647573	0.23136461	0.0	0.0	0.0	0.0	0.24134718	0.0	0.0	0.16720152	0.0	0.45712242	0.20582764	0.50348914	0.0	0.29126033	0.0	0.0	0.0	0.0	0.086589694	0.0	0.09663957	0.0	0.0	0.0	0.0	0.53341824	0.0	0.0	0.0	0.21993983	0.0	0.0	0.0	0.4747919	0.057597924	0.0	0.1359864	0.0	0.0	0.33847877	0.0	0.00069088675	0.0	0.0	0.08913768	0.0	0.0	0.0	0.0	0.119185776	0.0	0.4754099	0.0	0.0	0.38589796	0.0	0.0
0.0	0.13934916	0.0	0.0	0.0	0.0	0.0863929	0.0	0.0	0.0	0.0	0.0	0.0	0.0	0.27469167	0.0	0.33934343	0.0	0.0	0.05865003	0.0	0.20494688	0.0	0.22093302	0.0	0.0	0.08178282	0.0	0.0	0.1716996	0.37750903	0.0	0.0	0.0	0.0	0.0	0.0	0.0	0.0	0.0	0.22960721	0.35583338	0.0	0.0	0.0	0.0	0.35103843	0.0	0.24432354	0.17466836	0.0	0.0	0.0	0.17549859	0.0	0.0	0.0	0.0	0.0	0.4072895	0.31171933	0.0	0.0	0.26906183	0.0	0.0	0.101419784	0.20075713	0.0	0.3086097	0.21424186	0.0	0.0	0.0	0.0	0.25210705	0.0	0.0	0.17398198	0.0	0.46145526	0.2229691	0.51307386	0.0	0.28655759	0.0	0.0	0.0	0.0	0.08496394	0.0	0.10951253	0.0	0.0	0.0	0.0	0.5337623	0.0	0.0	0.0	0.23101611	0.0	0.0	0.0	0.46416607	0.056707174	0.0	0.14801595	0.0	0.0	0.33530685	0.0	0.006460764	0.0	0.0	0.09984004	0.0	0.0	0.0	0.0	0.12196744	0.0	0.50028056	0.0	0.0	0.39368048	0.0	0.0
0.0	0.13897343	0.0	0.0	0.0	0.0	0.08067378	0.0	0.0	0.0	0.0	0.0	0.0	0.0	0.26963973	0.0	0.33323565	0.0	0.0	0.053532373	0.0	0.20188892	0.0	0.22310793	0.0	0.0	0.07724532	0.0	0.0	0.16839898	0.37613788	0.0	0.0	0.0	0.0	0.0	0.0	0.0	0.0	0.0	0.238521	0.35263	0.0	0.0	0.0	0.0	0.3447245	0.0	0.24262215	0.17008805	0.0	0.0	0.0	0.1727367	0.0	0.0	0.0	0.0	0.0	0.39974877	0.30952346	0.0	0.0	0.27098742	0.0	0.0	0.101188876	0.20724387	0.0	0.31048664	0.22204162	0.0	0.0	0.0	0.0	0.25505248	0.0	0.0	0.17548804	0.0	0.45691577	0.21037845	0.5168436	0.0	0.28812286	0.0	0.0	0.0	0.0	0.08674094	0.0	0.10584521	0.0	0.0	0.0	0.0	0.5287874	0.0	0.0	0.0	0.23327397	0.0	0.0	0.0	0.4668714	0.053740244	0.0	0.13935569	0.0	0.0	0.33482575	0.0	0.00848333	0.0	0.0	0.10164803	0.0	0.0	0.0	0.0	0.12404189	0.0	0.4951106	0.0	0.0	0.39146665	0.0	0.0
0.0	0.14272974	0.0	0.0	0.0	0.0	0.09790122	0.0	0.0	0.0	0.0	0.0	0.0	0.0	0.28071132	0.0	0.350562	0.0	0.0	0.058333676	0.0	0.21186344	0.0	0.23435855	0.0	0.0	0.086779594	0.0	0.0	0.16978376	0.3751693	0.0	0.0	0.0	0.0	0.0	0.0	0.0	0.0	0.0	0.23627348	0.35926685	0.0	0.0	0.0	0.0	0.34011373	0.0	0.24177045	0.16736214	0.0	0.0	0.0	0.18313777	0.0	0.0	0.0	0.0	0.0	0.4051944	0.3173143	0.0	0.0	0.27276155	0.0	0.0	0.09139383	0.20642416	0.0	0.30867228	0.21257071	0.0	0.0	0.0	0.0	0.25739816	0.0	0.0	0.1746438	0.0	0.46550643	0.21679504	0.5245636	0.0	0.3004265	0.0	0.0	0.0	0.0	0.09047052	0.0	0.11032653	0.0	0.0	0.0	0.0	0.53948635	0.0	0.0	0.0	0.24339706	0.0	0.0	0.0	0.46683666	0.056267153	0.0	0.15650104	0.0	0.0	0.33830342	0.0	0.008653601	0.0	0.0	0.10290247	0.0	0.0	0.0	0.0	0.13260458	0.0	0.5117286	0.0	0.0	0.39970288	0.0	0.0
0.0	0.12697212	0.0	0.0	0.0	0.0	0.066977955	0.0	0.0	0.0	0.0	0.0	0.0	0.0	0.25533122	0.0	0.31230086	0.0	0.0	0.04649714	0.0	0.19596605	0.0	0.20834373	0.0	0.0	0.063539244	0.0	0.0	0.14873807	0.37018397	0.0	0.0	0.0	0.0	0.0	0.0	0.0	0.0	0.0	0.22427793	0.32845876	0.0	0.0	0.0	0.0	0.33898953	0.0	0.23304927	0.15772569	0.0	0.0	0.0	0.16585656	0.0	0.0	0.0	0.0	0.0	0.39347443	0.29792604	0.0	0.0	0.24394476	0.0	0.0	0.10805869	0.19534312	0.0	0.29721	0.22811355	0.0	0.0	0.0	0.0	0.24644516	0.0	0.0	0.15741761	0.0	0.44816613	0.19981165	0.48516807	0.0	0.28769758	0.0	0.0	0.0	0.0	0.08034482	0.0	0.09505448	0.0	0.0	0.0	0.0	0.5337933	0.0	0.0	0.0	0.22033566	0.0	0.0	0.0	0.4580224	0.04232487	0.0	0.12971158	0.0	0.0	0.33259305	0.0	0.002000299	0.0	0.0	0.09966583	0.0	0.0	0.0	0.0	0.11703793	0.0	0.47054157	0.0	0.0	0.3769031	0.0	0.0
0.0	0.1415068	0.0	0.0	0.0	0.0	0.082318075	0.0	0.0	0.0	0.0	0.0	0.0	0.0	0.28609353	0.0	0.35062417	0.0	0.0	0.061406467	0.0	0.200325	0.0	0.22735207	0.0	0.0	0.09050677	0.0	0.0	0.18262267	0.3726835	0.0	0.0	0.0	0.0	0.0	0.0	0.0	0.0	0.0	0.23581266	0.37297627	0.0	0.0	0.0	0.0	0.35229075	0.0	0.24386661	0.17222536	0.0	0.0	0.0	0.18316711	0.0	0.0	0.0	0.0	0.0	0.40773812	0.32364914	0.0	0.0	0.2789122	0.0	0.0	0.09791821	0.20808788	0.0	0.3170446	0.21431774	0.0	0.0	0.0	0.0	0.25853035	0.0	0.0	0.1816184	0.0	0.47133484	0.22439545	0.5271599	0.0	0.29520914	0.0	0.0	0.0	0.0	0.09388729	0.0	0.10746772	0.0	0.0	0.0	0.0	0.5435884	0.0	0.0	0.0	0.23535694	0.0	0.0	0.0	0.47493663	0.071299225	0.0	0.15357871	0.0	0.0	0.32991925	0.0	0.005542737	0.0	0.0	0.10213145	0.0	0.0	0.0	0.0	0.1246623	0.0	0.5070515	0.0	0.0	0.4017485	0.0	0.0
0.0	0.14352559	0.0	0.0	0.0	0.0	0.09285835	0.0	0.0	0.0	0.0	0.0	0.0	0.0	0.29551202	0.0	0.36986747	0.0	0.0	0.067998566	0.0	0.21631078	0.0	0.23667574	0.0	0.0	0.09405356	0.0	0.0	0.19434758	0.3767396	0.0	0.0	0.0	0.0	0.0	0.0	0.0	0.0	0.0	0.24616784	0.3845986	0.0	0.0	0.0	0.0	0.35271692	0.0	0.25205043	0.17572057	0.0	0.0	0.0	0.18938525	0.0	0.0	0.0	0.0	0.0	0.40978932	0.32827297	0.0	0.0	0.29199418	0.0	0.0	0.09832067	0.21645255	0.0	0.3244153	0.21882166	0.0	0.0	0.0	0.0	0.2634226	0.0	0.0	0.18455185	0.0	0.4818803	0.23349984	0.54686725	0.0	0.30115035	0.0	0.0	0.0	0.0	0.09687031	0.0	0.11171494	0.0	0.0	0.0	0.0	0.54273367	0.0	0.0	0.0	0.24299432	0.0	0.0	0.0	0.47795165	0.07651333	0.0	0.15566055	0.0	0.0	0.33157322	0.0	0.0032381334	0.0	0.0	0.101905756	0.0	0.0	0.0	0.0	0.13396458	0.0	0.5244561	0.0	0.0	0.41602024	0.0	0.0
0.0	0.14146252	0.0	0.0	0.0	0.0	0.09550914	0.0	0.0	0.0	0.0	0.0	0.0	0.0	0.2934611	0.0	0.3647765	0.0	0.0	0.06411938	0.0	0.21183749	0.0	0.23353834	0.0	0.0	0.093950786	0.0	0.0	0.18877621	0.37972116	0.0	0.0	0.0	0.0	0.0	0.0	0.0	0.0	0.0	0.24036925	0.37609997	0.0	0.0	0.0	0.0	0.3526833	0.0	0.24788813	0.18125279	0.0	0.0	0.0	0.1868742	0.0	0.0	0.0	0.0	0.0	0.40896663	0.3236904	0.0	0.0	0.2848098	0.0	0.0	0.09952036	0.20780756	0.0	0.32186922	0.2152249	0.0	0.0	0.0	0.0	0.26137003	0.0	0.0	0.18115394	0.0	0.47410718	0.23143709	0.53742874	0.0	0.2975243	0.0	0.0	0.0	0.0	0.09306854	0.0	0.11456511	0.0	0.0	0.0	0.0	0.5403403	0.0	0.0	0.0	0.24253298	0.0	0.0	0.0	0.47274435	0.071208455	0.0	0.15668796	0.0	0.0	0.3293542	0.0	0.0071406853	0.0	0.0	0.10047388	0.0	0.0	0.0	0.0	0.13124926	0.0	0.5197628	0.0	0.0	0.41003504	0.0	0.0
0.0	0.1271102	0.0	0.0	0.0	0.0	0.07983845	0.0	0.0	0.0	0.0	0.0	0.0	0.0	0.25519964	0.0	0.32054335	0.0	0.0	0.049571227	0.0	0.20449626	0.0	0.20324981	0.0	0.0	0.067839846	0.0	0.0	0.15456347	0.37796772	0.0	0.0	0.0	0.0	0.0	0.0	0.0	0.0	0.0	0.22617705	0.3301188	0.0	0.0	0.0	0.0	0.34120214	0.0	0.23951095	0.16690809	0.0	0.0	0.0	0.17051537	0.0	0.0	0.0	0.0	0.0	0.39803088	0.2942012	0.0	0.0	0.25164402	0.0	0.0	0.11080345	0.19663006	0.0	0.30032733	0.22801442	0.0	0.0	0.0	0.0	0.24391527	0.0	0.0	0.16266851	0.0	0.44702706	0.20774753	0.49202025	0.0	0.2870053	0.0	0.0	0.0	0.0	0.077587575	0.0	0.10357281	0.0	0.0	0.0	0.0	0.52783155	0.0	0.0	0.0	0.22262692	0.0	0.0	0.0	0.46321252	0.04091496	0.0	0.13907473	0.0	0.0	0.33520964	0.0	0.002197188	0.0	0.0	0.09712597	0.0	0.0	0.0	0.0	0.11967665	0.0	0.48056427	0.0	0.0	0.37828612	0.0	0.0
0.0	0.13033436	0.0	0.0	0.0	0.0	0.08466632	0.0	0.0	0.0	0.0	0.0	0.0	0.0	0.2662143	0.0	0.33254418	0.0	0.0	0.058272723	0.0	0.20436455	0.0	0.21581686	0.0	0.0	0.072453715	0.0	0.0	0.16276515	0.37733173	0.0	0.0	0.0	0.0	0.0	0.0	0.0	0.0	0.0	0.22578607	0.34429398	0.0	0.0	0.0	0.0	0.34683904	0.0	0.24250686	0.17003326	0.0	0.0	0.0	0.16749172	0.0	0.0	0.0	0.0	0.0	0.4022585	0.30007985	0.0	0.0	0.25874075	0.0	0.0	0.10748831	0.19531822	0.0	0.30531445	0.22267199	0.0	0.0	0.0	0.0	0.25216377	0.0	0.0	0.16326435	0.0	0.45588592	0.21712601	0.50046617	0.0	0.28787687	0.0	0.0	0.0	0.0	0.07977984	0.0	0.10767591	0.0	0.0	0.0	0.0	0.5335556	0.0	0.0	0.0	0.22589009	0.0	0.0	0.0	0.45761135	0.047860637	0.0	0.14129432	0.0	0.0	0.3322295	0.0	0.0058531296	0.0	0.0	0.10242321	0.0	0.0	0.0	0.0	0.11922959	0.0	0.49111485	0.0	0.0	0.3857992	0.0	0.0
0.0	0.13569044	0.0	0.0	0.0	0.0	0.09161518	0.0	0.0	0.0	0.0	0.0	0.0	0.0	0.27211207	0.0	0.34203735	0.0	0.0	0.06096239	0.0	0.2039228	0.0	0.22534867	0.0	0.0	0.08006457	0.0	0.0	0.16695249	0.37728414	0.0	0.0	0.0	0.0	0.0	0.0	0.0	0.0	0.0	0.2259485	0.35511568	0.0	0.0	0.0	0.0	0.3475925	0.0	0.24395102	0.172556	0.0	0.0	0.0	0.17033535	0.0	0.0	0.0	0.0	0.0	0.407017	0.3081958	0.0	0.0	0.2627146	0.0	0.0	0.10396478	0.19497286	0.0	0.30942434	0.21679218	0.0	0.0	0.0	0.0	0.255178	0.0	0.0	0.16855939	0.0	0.4613391	0.22483039	0.5085133	0.0	0.29070517	0.0	0.0	0.0	0.0	0.082972415	0.0	0.110757075	0.0	0.0	0.0	0.0	0.5347695	0.0	0.0	0.0	0.23212075	0.0	0.0	0.0	0.4558889	0.053756934	0.0	0.1457283	0.0	0.0	0.33204392	0.0	0.008855204	0.0	0.0	0.1038812	0.0	0.0	0.0	0.0	0.121648215	0.0	0.50266165	0.0	0.0	0.39205942	0.0	0.0
0.0	0.12648211	0.0	0.0	0.0	0.0	0.07510555	0.0	0.0	0.0	0.0	0.0	0.0	0.0	0.26311088	0.0	0.32590786	0.0	0.0	0.05685899	0.0	0.20919435	0.0	0.20840909	0.0	0.0	0.074873574	0.0	0.0	0.16449098	0.37998605	0.0	0.0	0.0	0.0	0.0	0.0	0.0	0.0	0.0	0.23860665	0.34180698	0.0	0.0	0.0	0.0	0.34910145	0.0	0.24217485	0.16856754	0.0	0.0	0.0	0.17905748	0.0	0.0	0.0	0.0	0.0	0.4008753	0.30131108	0.0	0.0	0.2620993	0.0	0.0	0.10576278	0.20985603	0.0	0.30503067	0.22847432	0.0	0.0	0.0	0.0	0.2486552	0.0	0.0	0.16253994	0.0	0.45853615	0.20591147	0.506666	0.0	0.29383487	0.0	0.0	0.0	0.0	0.08067772	0.0	0.10629528	0.0	0.0	0.0	0.0	0.5297082	0.0	0.0	0.0	0.22540094	0.0	0.0	0.0	0.4692318	0.05022968	0.0	0.1373791	0.0	0.0	0.33495116	0.0	0.002435994	0.0	0.0	0.10029593	0.0	0.0	0.0	0.0	0.1234467	0.0	0.48378888	0.0	0.0	0.38236532	0.0	0.0
0.0	0.13418837	0.0	0.0	0.0	0.0	0.08390441	0.0	0.0	0.0	0.0	0.0	0.0	0.0	0.24439876	0.0	0.3192824	0.0	0.0	0.042110477	0.0	0.19758773	0.0	0.20981283	0.0	0.0	0.058908027	0.0	0.0	0.139152	0.37732252	0.0	0.0	0.0	0.0	0.0	0.0	0.0	0.0	0.0	0.20689861	0.31799835	0.0	0.0	0.0	0.0	0.33487305	0.0	0.23989213	0.16422151	0.0	0.0	0.0	0.15311082	0.0	0.0	0.0	0.0	0.0	0.38961124	0.28987154	0.0	0.0	0.24754973	0.0	0.0	0.107037544	0.17730117	0.0	0.29686394	0.22385766	0.0	0.0	0.0	0.0	0.24597023	0.0	0.0	0.1558495	0.0	0.42714775	0.2064477	0.48381543	0.0	0.28395376	0.0	0.0	0.0	0.0	0.0752856	0.0	0.103934206	0.0	0.0	0.0	0.0	0.52824014	0.0	0.0	0.0	0.22456543	0.0	0.0	0.0	0.44646847	0.034384415	0.0	0.14188339	0.0	0.0	0.3291813	0.0	0.0045072455	0.0	0.0	0.10617306	0.0	0.0	0.0	0.0	0.11372437	0.0	0.4776671	0.0	0.0	0.3711543	0.0	0.0
0.0	0.24019472	0.0	0.0	0.0	0.0	0.07751488	0.0	0.0	0.0	0.0	0.0	0.0	0.0	0.35558322	0.0	0.49570903	0.0	0.0	0.09900725	0.0	0.17871064	0.0	0.32754105	0.0	0.0	0.26308027	0.0	0.0	0.31348825	0.31025848	0.0	0.0	0.0	0.0	0.0	0.0	0.0	0.0	0.0	0.3209153	0.6421653	0.0	0.0	0.0	0.0	0.31651628	0.0	0.2364855	0.07063179	0.0	0.0	0.0	0.29083255	0.0	0.0	0.0	0.0	0.0	0.41588214	0.5364479	0.0	0.0	0.41317132	0.0	0.0	0.016793607	0.32476756	0.0	0.38622534	0.18853216	0.0	0.0	0.0	0.0	0.29860163	0.0	0.0	0.31453326	0.0	0.5640116	0.13142794	0.73963165	0.0	0.45436144	0.0	0.0	0.0	0.0	0.22312768	0.0	0.078568704	0.0	0.0	0.0	0.0	0.68341106	0.0	0.0	0.0	0.3273013	0.0	0.0	0.0	0.6401364	0.21181713	0.0	0.30719194	0.0	0.0	0.35540926	0.0	0.0	0.0	0.0	0.13409202	0.0	0.0	0.0	0.0	0.19986147	0.0	0.6668208	0.0	0.0	0.5389256	0.0	0.0
0.0	0.20746262	0.0	0.0	0.0	0.0	0.044559274	0.0	0.0	0.0	0.0	0.0	0.0	0.0	0.43691298	0.0	0.5504556	0.0	0.0	0.10717162	0.0	0.2604464	0.0	0.31300965	0.0	0.0	0.3422002	0.0	0.0	0.38233602	0.29626712	0.0	0.0	0.0	0.0	0.0	0.0	0.0	0.0	0.0	0.3938733	0.6818834	0.0	0.0	0.0	0.0	0.36275885	0.0	0.2656078	0.1506142	0.0	0.0	0.0	0.35588583	0.0	0.0	0.0	0.0	0.0	0.42024815	0.5463672	0.0	0.0	0.475173	0.0	0.0	0.04828148	0.3746564	0.0	0.40534446	0.18949354	0.0	0.0	0.0	0.0	0.2961832	0.0	0.0	0.33798704	0.0	0.579455	0.17330237	0.82133263	0.0	0.4969133	0.0	0.0	0.0	0.0	0.2607912	0.0	0.12723507	0.0	0.0	0.0	0.0	0.6271133	0.0	0.0	0.0	0.3408974	0.0	0.0	0.0	0.6766527	0.2526492	0.0	0.3391316	0.0	0.0	0.3253139	0.0	0.0	0.0	0.0	0.077323206	0.0	0.0	0.0	0.0	0.25921866	0.0	0.66268486	0.0	0.0	0.5842654	0.0	0.0
0.0	0.25580052	0.0	0.0	0.0	0.0	0.08970121	0.0	0.0	0.0	0.0	0.0	0.0	0.0	0.34572276	0.0	0.49166986	0.0	0.0	0.09147057	0.0	0.16138037	0.0	0.33782837	0.0	0.0	0.26055562	0.0	0.0	0.29801774	0.30683622	0.0	0.0	0.0	0.0	0.0	0.0	0.0	0.0	0.0	0.31401458	0.6457825	0.0	0.0	0.0	0.0	0.2932693	0.0	0.22552061	0.049779404	0.0	0.0	0.0	0.28886843	0.0	0.0	0.0	0.0	0.0	0.40986386	0.555962	0.0	0.0	0.4068067	0.0	0.0	0.013369444	0.3247813	0.0	0.37741038	0.17992759	0.0	0.0	0.0	0.0	0.2959961	0.0	0.0	0.3188964	0.0	0.5596945	0.118255	0.74218327	0.0	0.4598523	0.0	0.0	0.0	0.0	0.22599201	0.0	0.07399563	0.0	0.0	0.0	0.0	0.69015425	0.0	0.0	0.0	0.33446264	0.0	0.0	0.0	0.64187616	0.21052796	0.0	0.31377664	0.0	0.0	0.35795018	0.0	0.0	0.0	0.0	0.14504963	0.0	0.0	0.0	0.0	0.20763494	0.0	0.67193955	0.0	0.0	0.53782326	0.0	0.0
0.0	0.24377589	0.0	0.0	0.0	0.0	0.07375231	0.0	0.0	0.0	0.0	0.0	0.0	0.0	0.39773688	0.0	0.53548956	0.0	0.0	0.08939013	0.0	0.18028373	0.0	0.3633808	0.0	0.0	0.28573108	0.0	0.0	0.32343045	0.31079537	0.0	0.0	0.0	0.0	0.0	0.0	0.0	0.0	0.0	0.33768877	0.6481362	0.0	0.0	0.0	0.0	0.30093917	0.0	0.20806748	0.0517966	0.0	0.0	0.0	0.28716338	0.0	0.0	0.0	0.0	0.0	0.38865635	0.5590896	0.0	0.0	0.44277024	0.0	0.0	0.0	0.33088198	0.0	0.3861092	0.18110935	0.0	0.0	0.0	0.0	0.3199955	0.0	0.0	0.3183066	0.0	0.5769972	0.11509895	0.7612247	0.0	0.4725572	0.0	0.0	0.0	0.0	0.24028547	0.0	0.08236432	0.0	0.0	0.0	0.0	0.70468736	0.0	0.0	0.0	0.35215172	0.0	0.0	0.0	0.666346	0.23258226	0.0	0.33093885	0.0	0.0	0.3552897	0.0	0.0	0.0	0.0	0.13432205	0.0	0.0	0.0	0.0	0.21817775	0.0	0.67056054	0.0	0.0	0.5581514	0.0	0.0
0.0	0.19358236	0.0	0.0	0.0	0.0	0.06395226	0.0	0.0	0.0	0.0	0.0	0.0	0.0	0.26678625	0.0	0.39344677	0.0	0.0	0.07015588	0.0	0.16835688	0.0	0.24868603	0.0	0.0	0.14637621	0.0	0.0	0.23823684	0.33351216	0.0	0.0	0.0	0.0	0.0	0.0	0.0	0.0	0.0	0.2621578	0.5083881	0.0	0.0	0.0	0.0	0.33404016	0.0	0.24404542	0.1034503	0.0	0.0	0.0	0.20970814	0.0	0.0	0.0	0.0	0.0	0.40171656	0.4230555	0.0	0.0	0.31754342	0.0	0.0	0.06265559	0.26844376	0.0	0.33747676	0.22139096	0.0	0.0	0.0	0.0	0.25069454	0.0	0.0	0.25246188	0.0	0.49597588	0.15144394	0.60738397	0.0	0.3672538	0.0	0.0	0.0	0.0	0.14414044	0.0	0.08977825	0.0	0.0	0.0	0.0	0.61259824	0.0	0.0	0.0	0.2609253	0.0	0.0	0.0	0.54765326	0.12979269	0.0	0.23390353	0.0	0.0	0.35932943	0.0	0.0	0.0	0.0	0.12534915	0.0	0.0	0.0	0.0	0.14056845	0.0	0.5791879	0.0	0.0	0.44080147	0.0	0.0
0.0	0.25630048	0.0	0.0	0.0	0.0	0.09087113	0.0	0.0	0.0	0.0	0.0	0.0	0.0	0.32892042	0.0	0.49142268	0.0	0.0	0.09592495	0.0	0.15292911	0.0	0.33556017	0.0	0.0	0.24802206	0.0	0.0	0.29625702	0.3053222	0.0	0.0	0.0	0.0	0.0	0.0	0.0	0.0	0.0	0.30055943	0.64669997	0.0	0.0	0.0	0.0	0.29722765	0.0	0.22987211	0.05231415	0.0	0.0	0.0	0.2741576	0.0	0.0	0.0	0.0	0.0	0.40927076	0.55143017	0.0	0.0	0.39400896	0.0	0.0	0.019245995	0.31556854	0.0	0.3795987	0.18388112	0.0	0.0	0.0	0.0	0.29383558	0.0	0.0	0.31419808	0.0	0.55606747	0.12642662	0.7287352	0.0	0.45258808	0.0	0.0	0.0	0.0	0.21708542	0.0	0.07192885	0.0	0.0	0.0	0.0	0.690788	0.0	0.0	0.0	0.32609466	0.0	0.0	0.0	0.6217811	0.20703368	0.0	0.3073517	0.0	0.0	0.3568814	0.0	0.0	0.0	0.0	0.15210618	0.0	0.0	0.0	0.0	0.19424887	0.0	0.67563105	0.0	0.0	0.5312834	0.0010619418	0.0
0.0	0.19972795	0.0	0.0	0.0	0.0	0.04196119	0.0	0.0	0.0	0.0	0.0	0.0	0.0	0.4374125	0.0	0.560402	0.0	0.0	0.09186897	0.0	0.27616718	0.0	0.3066896	0.0	0.0	0.33703032	0.0	0.0	0.4136	0.32429942	0.0	0.0	0.0	0.0	0.0	0.0	0.0	0.0	0.0	0.454156	0.6460688	0.0	0.0	0.0	0.0	0.36899868	0.0	0.29506814	0.14024875	0.0	0.0	0.0	0.34601152	0.0	0.0	0.0	0.0	0.0	0.41663885	0.5414323	0.0	0.0	0.51479924	0.0	0.0	0.03740604	0.38619247	0.0	0.37939143	0.21213146	0.0	0.0	0.0	0.0	0.29560885	0.0	0.0	0.35191917	0.0	0.5543367	0.15016748	0.85383797	0.0	0.534831	0.0	0.0	0.0	0.0	0.26558796	0.0	0.15051991	0.0	0.0	0.0	0.0	0.6221712	0.0	0.0	0.0	0.36989892	0.0	0.0	0.0	0.7018655	0.23281008	0.0	0.34470108	0.0	0.0	0.33441058	0.0	0.0	0.0	0.0	0.08112363	0.0	0.0	0.0	0.0	0.25149333	0.0	0.6576777	0.0	0.0	0.5673179	0.0	0.0
0.0	0.23324476	0.0	0.0	0.0	0.0	0.07020671	0.0	0.0	0.0	0.0	0.0	0.0	0.0	0.38140878	0.0	0.5082359	0.0	0.0	0.09349674	0.0	0.17568982	0.0	0.34876952	0.0	0.0	0.2715263	0.0	0.0	0.3039787	0.31319764	0.0	0.0	0.0	0.0	0.0	0.0	0.0	0.0	0.0	0.31735876	0.6402595	0.0	0.0	0.0	0.0	0.30722073	0.0	0.21048094	0.065725334	0.0	0.0	0.0	0.27954683	0.0	0.0	0.0	0.0	0.0	0.40303075	0.54226476	0.0	0.0	0.41230747	0.0	0.0	0.0	0.31998435	0.0	0.39291286	0.1844241	0.0	0.0	0.0	0.0	0.3104615	0.0	0.0	0.30304885	0.0	0.5920928	0.13664727	0.7311769	0.0	0.44673228	0.0	0.0	0.0	0.0	0.227246	0.0	0.073042	0.0	0.0	0.0	0.0	0.69337845	0.0	0.0	0.0	0.32852396	0.0	0.0	0.0	0.64590985	0.22839661	0.0	0.30270755	0.0	0.0	0.34347582	0.0	0.0	0.0	0.0	0.13220073	0.0	0.0	0.0	0.0	0.20484631	0.0	0.65311146	0.0	0.0	0.55103403	0.0	0.0
0.0	0.26239875	0.0	0.0	0.0	0.0	0.09255662	0.0	0.0	0.0	0.0	0.0	0.0	0.0	0.29943547	0.0	0.46656117	0.0	0.0	0.08619828	0.0	0.1372174	0.0	0.3275692	0.0	0.0	0.22710432	0.0	0.0	0.2678741	0.3139167	0.0	0.0	0.0	0.0	0.0	0.0	0.0	0.0	0.0	0.28882587	0.6048989	0.0	0.0	0.0	0.0	0.2863089	0.0	0.2336212	0.0469119	0.0	0.0	0.0	0.26220503	0.0	0.0	0.0	0.0	0.0	0.40206409	0.5306337	0.0	0.0	0.37005708	0.0	0.0	0.023069412	0.29670158	0.0	0.36247566	0.19629498	0.0	0.0	0.0	0.0	0.2804191	0.0	0.0	0.30626303	0.0	0.5268585	0.12032187	0.701387	0.0	0.45609513	0.0	0.0	0.0	0.0	0.20599915	0.0	0.06774414	0.0	0.0	0.0	0.0	0.68424565	0.0	0.0	0.0	0.3266085	0.0	0.0	0.0	0.6002577	0.17987628	0.0	0.29653454	0.0	0.0	0.35420644	0.0	0.0	0.0043355594	0.0	0.16482437	0.0	0.0	0.0	0.0	0.18415125	0.0	0.6634566	0.0	0.0	0.51666695	0.0023944732	0.0
0.0	0.18453957	0.0	0.0	0.0	0.0	0.058222193	0.0	0.0	0.0	0.0	0.0	0.0	0.0	0.25924528	0.0	0.37403825	0.0	0.0	0.061570335	0.0	0.166229	0.0	0.2406319	0.0	0.0	0.12934649	0.0	0.0	0.21799986	0.3390646	0.0	0.0	0.0	0.0	0.0	0.0	0.0	0.0	0.0	0.2532666	0.48090294	0.0	0.0	0.0	0.0	0.32817087	0.0	0.23986043	0.10614713	0.0	0.0	0.0	0.19711174	0.0	0.0	0.0	0.0	0.0	0.39681146	0.40247688	0.0	0.0	0.2968484	0.0	0.0	0.07162999	0.25318092	0.0	0.3274349	0.22876406	0.0	0.0	0.0	0.0	0.24533556	0.0	0.0	0.24015094	0.0	0.4823496	0.15295826	0.5802424	0.0	0.35375413	0.0	0.0	0.0	0.0	0.13178347	0.0	0.08640108	0.0	0.0	0.0	0.0	0.601914	0.0	0.0	0.0	0.25267348	0.0	0.0	0.0	0.52768654	0.11484796	0.0	0.21517771	0.0	0.0	0.35248348	0.0	0.0	0.0	0.0	0.12715878	0.0	0.0	0.0	0.0	0.13463962	0.0	0.5604873	0.0	0.0	0.42598048	0.0	0.0
0.0	0.1910755	0.0	0.0	0.0	0.0	0.06647283	0.0	0.0	0.0	0.0	0.0	0.0	0.0	0.26045343	0.0	0.38840616	0.0	0.0	0.06990933	0.0	0.16562302	0.0	0.24099518	0.0	0.0	0.13751313	0.0	0.0	0.23165734	0.34139085	0.0	0.0	0.0	0.0	0.0	0.0	0.0	0.0	0.0	0.25722364	0.4994214	0.0	0.0	0.0	0.0	0.33340612	0.0	0.2475095	0.106226236	0.0	0.0	0.0	0.2059272	0.0	0.0	0.0	0.0	0.0	0.40389618	0.41497707	0.0	0.0	0.30886263	0.0	0.0	0.068654716	0.26067957	0.0	0.33634534	0.22695999	0.0	0.0	0.0	0.0	0.24749263	0.0	0.0	0.24892485	0.0	0.48799443	0.1564581	0.5980082	0.0	0.36293015	0.0	0.0	0.0	0.0	0.1387828	0.0	0.089673825	0.0	0.0	0.0	0.0	0.60943985	0.0	0.0	0.0	0.258218	0.0	0.0	0.0	0.5396784	0.12166647	0.0	0.22540438	0.0	0.0	0.35209224	0.0	0.0	0.0	0.0	0.1277857	0.0	0.0	0.0	0.0	0.1342589	0.0	0.57690233	0.0	0.0	0.4370161	0.0	0.0
0.0	0.25539756	0.0	0.0	0.0	0.0	0.08895851	0.0	0.0	0.0	0.0	0.0	0.0	0.0	0.30244952	0.0	0.47128138	0.0	0.0	0.08524373	0.0	0.14014351	0.0	0.32030344	0.0	0.0	0.22346918	0.0	0.0	0.2747822	0.31217006	0.0	0.0	0.0	0.0	0.0	0.0	0.0	0.0	0.0	0.28315958	0.618987	0.0	0.0	0.0	0.0	0.29549158	0.0	0.23446769	0.054282892	0.0	0.0	0.0	0.255567	0.0	0.0	0.0	0.0	0.0	0.40324786	0.5348386	0.0	0.0	0.36756483	0.0	0.0	0.027825795	0.29705042	0.0	0.36711666	0.19080424	0.0	0.0	0.0	0.0	0.28028503	0.0	0.0	0.3054351	0.0	0.5397298	0.13069987	0.70419407	0.0	0.44147515	0.0	0.0	0.0	0.0	0.20093204	0.0	0.068102755	0.0	0.0	0.0	0.0	0.68116575	0.0	0.0	0.0	0.317795	0.0	0.0	0.0	0.59702516	0.18489188	0.0	0.2924666	0.0	0.0	0.35074756	0.0	0.0	5.3611275e-05	0.0	0.1602757	0.0	0.0	0.0	0.0	0.18202142	0.0	0.6630271	0.0	0.0	0.51015776	0.0043550883	0.0
0.0	0.25633937	0.0	0.0	0.0	0.0	0.08810861	0.0	0.0	0.0	0.0	0.0	0.0	0.0	0.31353518	0.0	0.47929677	0.0	0.0	0.08673784	0.0	0.14192583	0.0	0.32990715	0.0	0.0	0.23281975	0.0	0.0	0.2795334	0.30942366	0.0	0.0	0.0	0.0	0.0	0.0	0.0	0.0	0.0	0.2877885	0.626916	0.0	0.0	0.0	0.0	0.29133216	0.0	0.22920954	0.05239744	0.0	0.0	0.0	0.26007673	0.0	0.0	0.0	0.0	0.0	0.40257263	0.5415687	0.0	0.0	0.3752844	0.0	0.0	0.022474764	0.3019203	0.0	0.37126887	0.18761723	0.0	0.0	0.0	0.0	0.2867153	0.0	0.0	0.30749878	0.0	0.5478431	0.12804903	0.7108879	0.0	0.4449165	0.0	0.0	0.0	0.0	0.2069478	0.0	0.06789269	0.0	0.0	0.0	0.0	0.6862739	0.0	0.0	0.0	0.3216704	0.0	0.0	0.0	0.604566	0.19393127	0.0	0.2972866	0.0	0.0	0.35143194	0.0	0.0	0.0	0.0	0.15980111	0.0	0.0	0.0	0.0	0.18790597	0.0	0.66609913	0.0	0.0	0.51764196	0.0026622124	0.0
0.0	0.22729313	0.0	0.0	0.0	0.0	0.062172342	0.0	0.0	0.0	0.0	0.0	0.0	0.0	0.4093357	0.0	0.52165776	0.0	0.0	0.10236174	0.0	0.19658278	0.0	0.34514526	0.0	0.0	0.29573238	0.0	0.0	0.3293822	0.31280783	0.0	0.0	0.0	0.0	0.0	0.0	0.0	0.0	0.0	0.33994803	0.6591707	0.0	0.0	0.0	0.0	0.3237734	0.0	0.22279052	0.08041398	0.0	0.0	0.0	0.3071428	0.0	0.0	0.0	0.0	0.0	0.40991887	0.5466692	0.0	0.0	0.43339953	0.0	0.0	0.0007332388	0.3317932	0.0	0.402215	0.18709683	0.0	0.0	0.0	0.0	0.31487665	0.0	0.0	0.31368855	0.0	0.5991056	0.14138333	0.7585904	0.0	0.4613692	0.0	0.0	0.0	0.0	0.2413568	0.0	0.07780414	0.0	0.0	0.0	0.0	0.69291025	0.0	0.0	0.0	0.33655286	0.0	0.0	0.0	0.66761136	0.23873127	0.0	0.31036267	0.0	0.0	0.33972505	0.0	0.0	0.0	0.0	0.11736766	0.0	0.0	0.0	0.0	0.21857746	0.0	0.6610891	0.0	0.0	0.5693319	0.0	0.0
0.0	0.2627393	0.0	0.0	0.0	0.0	0.09400374	0.0	0.0	0.0	0.0	0.0	0.0	0.0	0.31974244	0.0	0.48173967	0.0	0.0	0.089329995	0.0	0.14575708	0.0	0.33188573	0.0	0.0	0.24375351	0.0	0.0	0.285975	0.30785048	0.0	0.0	0.0	0.0	0.0	0.0	0.0	0.0	0.0	0.29718158	0.6378373	0.0	0.0	0.0	0.0	0.2908299	0.0	0.2286795	0.045951933	0.0	0.0	0.0	0.27510387	0.0	0.0	0.0	0.0	0.0	0.40567234	0.55005616	0.0	0.0	0.3866943	0.0	0.0	0.019945642	0.3127009	0.0	0.37188795	0.18304814	0.0	0.0	0.0	0.0	0.2853629	0.0	0.0	0.31408972	0.0	0.5469833	0.12157467	0.7260117	0.0	0.45522675	0.0	0.0	0.0	0.0	0.21716642	0.0	0.069932275	0.0	0.0	0.0	0.0	0.68835324	0.0	0.0	0.0	0.32833007	0.0	0.0	0.0	0.62039626	0.19954377	0.0	0.30843565	0.0	0.0	0.35620916	0.0	0.0	0.0	0.0	0.1542185	0.0	0.0	0.0	0.0	0.19708581	0.0	0.67282754	0.0	0.0	0.5269404	0.0003710296	0.0
0.0	0.23227893	0.0	0.0	0.0	0.0	0.064943016	0.0	0.0	0.0	0.0	0.0	0.0	0.0	0.42314377	0.0	0.52329284	0.0	0.0	0.100850105	0.0	0.21336506	0.0	0.3443924	0.0	0.0	0.3143688	0.0	0.0	0.3359084	0.3022334	0.0	0.0	0.0	0.0	0.0	0.0	0.0	0.0	0.0	0.36069974	0.66648084	0.0	0.0	0.0	0.0	0.31694296	0.0	0.2190913	0.0756623	0.0	0.0	0.0	0.33160576	0.0	0.0	0.0	0.0	0.0	0.4083272	0.55936915	0.0	0.0	0.44037732	0.0	0.0	0.0	0.349869	0.0	0.39050826	0.17723526	0.0	0.0	0.0	0.0	0.30698803	0.0	0.0	0.32317403	0.0	0.5944086	0.12475697	0.7727068	0.0	0.48322794	0.0	0.0	0.0	0.0	0.25935963	0.0	0.085081734	0.0	0.0	0.0	0.0	0.68319124	0.0	0.0	0.0	0.34832287	0.0	0.0	0.0	0.6860395	0.2416435	0.0	0.3245218	0.0	0.0	0.3436298	0.0	0.0	0.0	0.0	0.10401213	0.0	0.0	0.0	0.0	0.2391492	0.0	0.65974885	0.0	0.0	0.5774228	0.0	0.0
0.0	0.21300411	0.0	0.0	0.0	0.0	0.046342567	0.0	0.0	0.0	0.0	0.0	0.0	0.0	0.43885288	0.0	0.5367535	0.0	0.0	0.10954931	0.0	0.23781003	0.0	0.32307407	0.0	0.0	0.32837373	0.0	0.0	0.36687016	0.30595586	0.0	0.0	0.0	0.0	0.0	0.0	0.0	0.0	0.0	0.37562978	0.6778121	0.0	0.0	0.0	0.0	0.35964456	0.0	0.2525511	0.1209505	0.0	0.0	0.0	0.3494666	0.0	0.0	0.0	0.0	0.0	0.42230782	0.5503547	0.0	0.0	0.45808876	0.0	0.0	0.02822457	0.35591185	0.0	0.4078188	0.19137938	0.0	0.0	0.0	0.0	0.30519018	0.0	0.0	0.33133844	0.0	0.5920767	0.15972279	0.79713774	0.0	0.48620072	0.0	0.0	0.0	0.0	0.25815094	0.0	0.105388194	0.0	0.0	0.0	0.0	0.6659568	0.0	0.0	0.0	0.34360817	0.0	0.0	0.0	0.6813957	0.2477619	0.0	0.32110158	0.0	0.0	0.33360055	0.0	0.0	0.0	0.0	0.08627234	0.0	0.0	0.0	0.0	0.24393874	0.0	0.6608433	0.0	0.0	0.5866335	0.0	0.0
0.0	0.23521566	0.0	0.0	0.0	0.0	0.07649549	0.0	0.0	0.0	0.0	0.0	0.0	0.0	0.38827488	0.0	0.5375729	0.0	0.0	0.11389971	0.0	0.21193288	0.0	0.3571516	0.0	0.0	0.30130816	0.0	0.0	0.35421667	0.3105813	0.0	0.0	0.0	0.0	0.0	0.0	0.0	0.0	0.0	0.37382093	0.64587617	0.0	0.0	0.0	0.0	0.32015434	0.0	0.23319022	0.07989507	0.0	0.0	0.0	0.3087314	0.0	0.0	0.0	0.0	0.0	0.4122882	0.5458333	0.0	0.0	0.45882928	0.0	0.0	0.0	0.35568774	0.0	0.39657542	0.19671005	0.0	0.0	0.0	0.0	0.32521996	0.0	0.0	0.323162	0.0	0.5905068	0.12129333	0.77633697	0.0	0.49861136	0.0	0.0	0.0	0.0	0.24449694	0.0	0.09043624	0.0	0.0	0.0	0.0	0.7058277	0.0	0.0	0.0	0.34141994	0.0	0.0	0.0	0.67392683	0.22112216	0.0	0.32077685	0.0	0.0	0.35651588	0.0	0.0	0.0	0.0	0.12866409	0.0	0.0	0.0	0.0	0.22181429	0.0	0.6953798	0.0	0.0	0.57952625	0.0	0.0
0.0	0.252912	0.0	0.0	0.0	0.0	0.09240519	0.0	0.0	0.0	0.0	0.0	0.0	0.0	0.3197713	0.0	0.48361015	0.0	0.0	0.09195841	0.0	0.15377839	0.0	0.32229966	0.0	0.0	0.2372237	0.0	0.0	0.29101583	0.31218213	0.0	0.0	0.0	0.0	0.0	0.0	0.0	0.0	0.0	0.29615387	0.6343238	0.0	0.0	0.0	0.0	0.300187	0.0	0.23576379	0.05952537	0.0	0.0	0.0	0.27219817	0.0	0.0	0.0	0.0	0.0	0.41192567	0.54000425	0.0	0.0	0.38902023	0.0	0.0	0.0253675	0.31123447	0.0	0.3759768	0.18601017	0.0	0.0	0.0	0.0	0.28760535	0.0	0.0	0.31159508	0.0	0.5491659	0.13072972	0.721873	0.0	0.4465698	0.0	0.0	0.0	0.0	0.21213917	0.0	0.074366815	0.0	0.0	0.0	0.0	0.6821608	0.0	0.0	0.0	0.32176122	0.0	0.0	0.0	0.6177036	0.1962641	0.0	0.3041403	0.0	0.0	0.3556699	0.0	0.0	0.0	0.0	0.15021542	0.0	0.0	0.0	0.0	0.18798007	0.0	0.67110634	0.0	0.0	0.5223353	0.0012563871	0.0
0.0	0.23952019	0.0	0.0	0.0	0.0	0.07305497	0.0	0.0	0.0	0.0	0.0	0.0	0.0	0.4009057	0.0	0.5235432	0.0	0.0	0.100602865	0.0	0.18264724	0.0	0.35915995	0.0	0.0	0.2922041	0.0	0.0	0.32058588	0.30689898	0.0	0.0	0.0	0.0	0.0	0.0	0.0	0.0	0.0	0.33232865	0.6646176	0.0	0.0	0.0	0.0	0.30660814	0.0	0.21080482	0.06154138	0.0	0.0	0.0	0.29895356	0.0	0.0	0.0	0.0	0.0	0.4045411	0.5597943	0.0	0.0	0.42921934	0.0	0.0	0.0	0.33200476	0.0	0.3989447	0.1796333	0.0	0.0	0.0	0.0	0.31735113	0.0	0.0	0.31378248	0.0	0.5981631	0.13055746	0.75600356	0.0	0.4645138	0.0	0.0	0.0	0.0	0.24239181	0.0	0.07412917	0.0	0.0	0.0	0.0	0.7025717	0.0	0.0	0.0	0.34071842	0.0	0.0	0.0	0.66530585	0.24112296	0.0	0.31667295	0.0	0.0	0.34547457	0.0	0.0	0.0	0.0	0.12808353	0.0	0.0	0.0	0.0	0.21793352	0.0	0.66728944	0.0	0.0	0.5682049	0.0	0.0
0.0	0.23212464	0.0	0.0	0.0	0.0	0.07226143	0.0	0.0	0.0	0.0	0.0	0.0	0.0	0.39520773	0.0	0.51606566	0.0	0.0	0.102442324	0.0	0.18960936	0.0	0.3487246	0.0	0.0	0.28867945	0.0	0.0	0.31892458	0.31000003	0.0	0.0	0.0	0.0	0.0	0.0	0.0	0.0	0.0	0.334627	0.6544598	0.0	0.0	0.0	0.0	0.3125622	0.0	0.21931197	0.06733146	0.0	0.0	0.0	0.29933932	0.0	0.0	0.0	0.0	0.0	0.4063836	0.5500096	0.0	0.0	0.4248048	0.0	0.0	0.0	0.33304474	0.0	0.39495263	0.18610056	0.0	0.0	0.0	0.0	0.3112906	0.0	0.0	0.30933285	0.0	0.59141606	0.13623226	0.74886686	0.0	0.4615287	0.0	0.0	0.0	0.0	0.23785456	0.0	0.077732794	0.0	0.0	0.0	0.0	0.691438	0.0	0.0	0.0	0.33643952	0.0	0.0	0.0	0.6636948	0.23199733	0.0	0.30910578	0.0	0.0	0.34552643	0.0	0.0	0.0	0.0	0.12449309	0.0	0.0	0.0	0.0	0.21386904	0.0	0.66030854	0.0	0.0	0.5650274	0.0	0.0
0.0	0.2314306	0.0	0.0	0.0	0.0	0.06353759	0.0	0.0	0.0	0.0	0.0	0.0	0.0	0.42189875	0.0	0.531879	0.0	0.0	0.10543578	0.0	0.20266591	0.0	0.3534051	0.0	0.0	0.30883467	0.0	0.0	0.33889064	0.306788	0.0	0.0	0.0	0.0	0.0	0.0	0.0	0.0	0.0	0.35101876	0.67327183	0.0	0.0	0.0	0.0	0.31992653	0.0	0.21983297	0.0775953	0.0	0.0	0.0	0.3183454	0.0	0.0	0.0	0.0	0.0	0.40713271	0.55907816	0.0	0.0	0.44128165	0.0	0.0	0.0	0.3413246	0.0	0.40184045	0.18231046	0.0	0.0	0.0	0.0	0.31691602	0.0	0.0	0.31999698	0.0	0.6009045	0.13453141	0.7719644	0.0	0.4744729	0.0	0.0	0.0	0.0	0.25139484	0.0	0.07955113	0.0	0.0	0.0	0.0	0.6956164	0.0	0.0	0.0	0.34454522	0.0	0.0	0.0	0.6778288	0.24520528	0.0	0.32059136	0.0	0.0	0.3425362	0.0	0.0	0.0	0.0	0.11384964	0.0	0.0	0.0	0.0	0.22937977	0.0	0.6689515	0.0	0.0	0.57966715	0.0	0.0
0.0	0.2463712	0.0	0.0	0.0	0.0	0.08901497	0.0	0.0	0.0	0.0	0.0	0.0	0.0	0.3140526	0.0	0.46951735	0.0	0.0	0.09102752	0.0	0.16266412	0.0	0.30933905	0.0	0.0	0.22937147	0.0	0.0	0.285239	0.3150656	0.0	0.0	0.0	0.0	0.0	0.0	0.0	0.0	0.0	0.30020604	0.61418486	0.0	0.0	0.0	0.0	0.30142745	0.0	0.23890787	0.061166182	0.0	0.0	0.0	0.2748732	0.0	0.0	0.0	0.0	0.0	0.4121927	0.5248237	0.0	0.0	0.3830323	0.0	0.0	0.026422037	0.311942	0.0	0.36567572	0.19126303	0.0	0.0	0.0	0.0	0.2784436	0.0	0.0	0.30752715	0.0	0.5386053	0.12448555	0.7123557	0.0	0.443347	0.0	0.0	0.0	0.0	0.20605846	0.0	0.0766166	0.0	0.0	0.0	0.0	0.6712195	0.0	0.0	0.0	0.3163343	0.0	0.0	0.0	0.6168595	0.18410212	0.0	0.29757312	0.0	0.0	0.359786	0.0	0.0	0.0	0.0	0.14467645	0.0	0.0	0.0	0.0	0.18955064	0.0	0.6601326	0.0	0.0	0.51337606	0.001834259	0.0
0.0	0.25112796	0.0	0.0	0.0	0.0	0.086281754	0.0	0.0	0.0	0.0	0.0	0.0	0.0	0.3464748	0.0	0.49719667	0.0	0.0	0.09994473	0.0	0.16681485	0.0	0.32708076	0.0	0.0	0.2611697	0.0	0.0	0.3093766	0.309373	0.0	0.0	0.0	0.0	0.0	0.0	0.0	0.0	0.0	0.3159939	0.64951557	0.0	0.0	0.0	0.0	0.30661538	0.0	0.2371278	0.062147517	0.0	0.0	0.0	0.2940273	0.0	0.0	0.0	0.0	0.0	0.41589466	0.5486944	0.0	0.0	0.40938482	0.0	0.0	0.020684518	0.32443413	0.0	0.3848815	0.18230455	0.0	0.0	0.0	0.0	0.2956228	0.0	0.0	0.31925803	0.0	0.5629711	0.12840278	0.74611646	0.0	0.4597377	0.0	0.0	0.0	0.0	0.22536165	0.0	0.07587006	0.0	0.0	0.0	0.0	0.68863964	0.0	0.0	0.0	0.3307866	0.0	0.0	0.0	0.64044666	0.20944186	0.0	0.3079343	0.0	0.0	0.35309163	0.0	0.0	0.0	0.0	0.14178352	0.0	0.0	0.0	0.0	0.19939244	0.0	0.6761587	0.0	0.0	0.5377781	0.0	0.0
0.0	0.21675362	0.0	0.0	0.0	0.0	0.048727516	0.0	0.0	0.0	0.0	0.0	0.0	0.0	0.4385078	0.0	0.55216366	0.0	0.0	0.10887086	0.0	0.2572665	0.0	0.32261914	0.0	0.0	0.35343072	0.0	0.0	0.38788024	0.2914336	0.0	0.0	0.0	0.0	0.0	0.0	0.0	0.0	0.0	0.39827815	0.6957434	0.0	0.0	0.0	0.0	0.35548416	0.0	0.26413345	0.13946064	0.0	0.0	0.0	0.36566162	0.0	0.0	0.0	0.0	0.0	0.42205355	0.5616948	0.0	0.0	0.48055235	0.0	0.0	0.033484004	0.3817098	0.0	0.4051894	0.18498977	0.0	0.0	0.0	0.0	0.2975457	0.0	0.0	0.34618446	0.0	0.5801768	0.1599325	0.8300765	0.0	0.5092628	0.0	0.0	0.0	0.0	0.27125597	0.0	0.12634642	0.0	0.0	0.0	0.0	0.63671833	0.0	0.0	0.0	0.3478806	0.0	0.0	0.0	0.6901598	0.25791898	0.0	0.3469298	0.0	0.0	0.32929695	0.0	0.0	0.0	0.0	0.07996021	0.0	0.0	0.0	0.0	0.26393324	0.0	0.6711216	0.0	0.0	0.5904301	0.0	0.0
0.0	0.14671159	0.0	0.0	0.0	0.0	0.060342908	0.0	0.0	0.0	0.0	0.0	0.0	0.0	0.31204483	0.0	0.39089814	0.0	0.0	0.066591084	0.0	0.2292134	0.0	0.21026008	0.0	0.0	0.10891717	0.0	0.0	0.23264973	0.38393238	0.0	0.0	0.0	0.0	0.0	0.0	0.0	0.0	0.0	0.26949695	0.39810356	0.0	0.0	0.0	0.0	0.38266686	0.0	0.28878203	0.22831188	0.0	0.0	0.0	0.20928484	0.0	0.0	0.0	0.0	0.0	0.43536353	0.32064524	0.0	0.0	0.34131694	0.0	0.0	0.13958739	0.23777282	0.0	0.3644763	0.24257557	0.0	0.0	0.0	0.0	0.26821586	0.0	0.0	0.22351797	0.0	0.4916561	0.27503535	0.60302705	0.0	0.29957083	0.0	0.0	0.0	0.0	0.10254252	0.0	0.13248955	0.0	0.0	0.0	0.0	0.5230409	0.0	0.0	0.0	0.24365155	0.0	0.0	0.0	0.4993366	0.10680586	0.0	0.18533768	0.0	0.0	0.33476117	0.0	0.002203285	0.0	0.0	0.086839534	0.0	0.0	0.0	0.0	0.14012857	0.0	0.53858453	0.0	0.0	0.4269936	0.0	0.0
0.0	0.13793792	0.0	0.0	0.0	0.0	0.036636204	0.0	0.0	0.0	0.0	0.0	0.0	0.0	0.31301987	0.0	0.38435555	0.0	0.0	0.06514283	0.0	0.2310729	0.0	0.20328225	0.0	0.0	0.12555666	0.0	0.0	0.2393806	0.3761225	0.0	0.0	0.0	0.0	0.0	0.0	0.0	0.0	0.0	0.27775103	0.39338335	0.0	0.0	0.0	0.0	0.3868407	0.0	0.27983436	0.22061229	0.0	0.0	0.0	0.21895061	0.0	0.0	0.0	0.0	0.0	0.42287874	0.32620838	0.0	0.0	0.3450909	0.0	0.0	0.13490526	0.24532974	0.0	0.36154142	0.24744172	0.0	0.0	0.0	0.0	0.25889334	0.0	0.0	0.20998275	0.0	0.4946057	0.25179937	0.6013299	0.0	0.30744398	0.0	0.0	0.0	0.0	0.11418786	0.0	0.12308863	0.0	0.0	0.0	0.0	0.52988094	0.0	0.0	0.0	0.23845331	0.0	0.0	0.0	0.516211	0.11098141	0.0	0.1887786	0.0	0.0	0.33445904	0.0	0.0	0.0	0.0	0.08267109	0.0	0.0	0.0	0.0	0.1509919	0.0	0.5227693	0.0	0.0	0.4264325	0.0	0.0
0.0	0.12466993	0.0	0.0	0.0	0.0	0.052975554	0.0	0.0	0.0	0.0	0.0	0.0	0.0	0.26181033	0.0	0.31195304	0.0	0.0	0.04796735	0.0	0.18620293	0.0	0.20494461	0.0	0.0	0.073273145	0.0	0.0	0.1611289	0.3698565	0.0	0.0	0.0	0.0	0.0	0.0	0.0	0.0	0.0	0.23285164	0.3466971	0.0	0.0	0.0	0.0	0.34550655	0.0	0.23114406	0.15949036	0.0	0.0	0.0	0.17389739	0.0	0.0	0.0	0.0	0.0	0.39509737	0.30895677	0.0	0.0	0.25178105	0.0	0.0	0.10898628	0.20427732	0.0	0.3016151	0.22803827	0.0	0.0	0.0	0.0	0.24285996	0.0	0.0	0.16662763	0.0	0.45994774	0.19816889	0.49259174	0.0	0.2871904	0.0	0.0	0.0	0.0	0.085701525	0.0	0.094287865	0.0	0.0	0.0	0.0	0.53673667	0.0	0.0	0.0	0.2189002	0.0	0.0	0.0	0.46894693	0.058849495	0.0	0.13653177	0.0	0.0	0.33302513	0.0	0.0	0.0	0.0	0.10288074	0.0	0.0	0.0	0.0	0.112305015	0.0	0.468817	0.0	0.0	0.37444413	0.0	0.0
0.0	0.12847006	0.0	0.0	0.0	0.0	0.07386273	0.0	0.0	0.0	0.0	0.0	0.0	0.0	0.27476498	0.0	0.333452	0.0	0.0	0.054329187	0.0	0.19826762	0.0	0.21314172	0.0	0.0	0.077514	0.0	0.0	0.17441756	0.37787858	0.0	0.0	0.0	0.0	0.0	0.0	0.0	0.0	0.0	0.23451698	0.35779902	0.0	0.0	0.0	0.0	0.35307375	0.0	0.2400161	0.17043181	0.0	0.0	0.0	0.17595245	0.0	0.0	0.0	0.0	0.0	0.40811363	0.30625412	0.0	0.0	0.26551083	0.0	0.0	0.11226326	0.2043633	0.0	0.3098002	0.22399478	0.0	0.0	0.0	0.0	0.25253195	0.0	0.0	0.17159449	0.0	0.46379852	0.21688475	0.5076759	0.0	0.28459477	0.0	0.0	0.0	0.0	0.0857865	0.0	0.10641738	0.0	0.0	0.0	0.0	0.53245485	0.0	0.0	0.0	0.22607853	0.0	0.0	0.0	0.46471098	0.05993675	0.0	0.1418751	0.0	0.0	0.33350146	0.0	0.0025297198	0.0	0.0	0.09839495	0.0	0.0	0.0	0.0	0.11735534	0.0	0.4884332	0.0	0.0	0.38662758	0.0	0.0
0.0	0.1380177	0.0	0.0	0.0	0.0	0.106968604	0.0	0.0	0.0	0.0	0.0	0.0	0.0	0.2623733	0.0	0.33932945	0.0	0.0	0.05799577	0.0	0.20113057	0.0	0.22559567	0.0	0.0	0.07841704	0.0	0.0	0.1571369	0.38604388	0.0	0.0	0.0	0.0	0.0	0.0	0.0	0.0	0.0	0.21837533	0.34611234	0.0	0.0	0.0	0.0	0.34381184	0.0	0.25223923	0.17398097	0.0	0.0	0.0	0.16901635	0.0	0.0	0.0	0.0	0.0	0.4100654	0.30337927	0.0	0.0	0.2549636	0.0	0.0	0.10443961	0.18396956	0.0	0.30934802	0.21634407	0.0	0.0	0.0	0.0	0.25498918	0.0	0.0	0.16588344	0.0	0.45423254	0.23176281	0.5026179	0.0	0.28961495	0.0	0.0	0.0	0.0	0.08027592	0.0	0.1150946	0.0	0.0	0.0	0.0	0.53279734	0.0	0.0	0.0	0.23241466	0.0	0.0	0.0	0.44557166	0.04515919	0.0	0.1484202	0.0	0.0	0.3238901	0.0	0.013173103	0.0	0.0	0.107267976	0.0	0.0	0.0	0.0	0.11828133	0.0	0.50805205	0.0	0.0	0.38878798	0.0	0.0
0.0	0.12550797	0.0	0.0	0.0	0.0	0.070078015	0.0	0.0	0.0	0.0	0.0	0.0	0.0	0.2607911	0.0	0.31977728	0.0	0.0	0.053793367	0.0	0.19632721	0.0	0.20681243	0.0	0.0	0.07200949	0.0	0.0	0.16214943	0.3777697	0.0	0.0	0.0	0.0	0.0	0.0	0.0	0.0	0.0	0.22806258	0.34408435	0.0	0.0	0.0	0.0	0.35219315	0.0	0.24357282	0.17251277	0.0	0.0	0.0	0.17125888	0.0	0.0	0.0	0.0	0.0	0.40565085	0.30057228	0.0	0.0	0.25572333	0.0	0.0	0.1153998	0.20012657	0.0	0.306061	0.22578049	0.0	0.0	0.0	0.0	0.24620879	0.0	0.0	0.16600867	0.0	0.4569169	0.21863131	0.49672225	0.0	0.28291783	0.0	0.0	0.0	0.0	0.08041253	0.0	0.103512324	0.0	0.0	0.0	0.0	0.5280649	0.0	0.0	0.0	0.21967621	0.0	0.0	0.0	0.4580947	0.053147268	0.0	0.13526063	0.0	0.0	0.33209705	0.0	0.0036923382	0.0	0.0	0.101083905	0.0	0.0	0.0	0.0	0.11095205	0.0	0.47780132	0.0	0.0	0.37951684	0.0	0.0
0.0	0.12432263	0.0	0.0	0.0	0.0	0.06780175	0.0	0.0	0.0	0.0	0.0	0.0	0.0	0.2946524	0.0	0.35479975	0.0	0.0	0.06579461	0.0	0.22769542	0.0	0.19649287	0.0	0.0	0.08492591	0.0	0.0	0.20142752	0.39145803	0.0	0.0	0.0	0.0	0.0	0.0	0.0	0.0	0.0	0.25289738	0.36046258	0.0	0.0	0.0	0.0	0.38498875	0.0	0.2762653	0.2152639	0.0	0.0	0.0	0.19492751	0.0	0.0	0.0	0.0	0.0	0.42303586	0.29519626	0.0	0.0	0.30117157	0.0	0.0	0.1368676	0.21500637	0.0	0.33886614	0.24035735	0.0	0.0	0.0	0.0	0.25579697	0.0	0.0	0.18457294	0.0	0.47614154	0.26302648	0.55518466	0.0	0.28056931	0.0	0.0	0.0	0.0	0.08373749	0.0	0.122205734	0.0	0.0	0.0	0.0	0.52122384	0.0	0.0	0.0	0.22698708	0.0	0.0	0.0	0.47868785	0.07809853	0.0	0.14907838	0.0	0.0	0.32796654	0.0	0.003773018	0.0	0.0	0.084604524	0.0	0.0	0.0	0.0	0.1266792	0.0	0.5015529	0.0	0.0	0.40439522	0.0	0.0
0.0	0.1238336	0.0	0.0	0.0	0.0	0.059334323	0.0	0.0	0.0	0.0	0.0	0.0	0.0	0.25679588	0.0	0.30568898	0.0	0.0	0.048656117	0.0	0.19358282	0.0	0.2026071	0.0	0.0	0.07088089	0.0	0.0	0.16309883	0.37685978	0.0	0.0	0.0	0.0	0.0	0.0	0.0	0.0	0.0	0.23958589	0.3415397	0.0	0.0	0.0	0.0	0.34746543	0.0	0.23575626	0.16629279	0.0	0.0	0.0	0.18045038	0.0	0.0	0.0	0.0	0.0	0.40415502	0.3003819	0.0	0.0	0.25759077	0.0	0.0	0.10729575	0.21099834	0.0	0.30186963	0.22725731	0.0	0.0	0.0	0.0	0.24470933	0.0	0.0	0.16575839	0.0	0.45927688	0.2018897	0.49510345	0.0	0.2837363	0.0	0.0	0.0	0.0	0.08546138	0.0	0.10097033	0.0	0.0	0.0	0.0	0.52877074	0.0	0.0	0.0	0.21921892	0.0	0.0	0.0	0.4717667	0.056254935	0.0	0.13851546	0.0	0.0	0.33907285	0.0	0.0027566224	0.0	0.0	0.099473745	0.0	0.0	0.0	0.0	0.11268892	0.0	0.4718125	0.0	0.0	0.37252212	0.0	0.0
0.0	0.12633288	0.0	0.0	0.0	0.0	0.067056604	0.0	0.0	0.0	0.0	0.0	0.0	0.0	0.27346602	0.0	0.3327932	0.0	0.0	0.059814315	0.0	0.20380811	0.0	0.20867877	0.0	0.0	0.07789423	0.0	0.0	0.18040983	0.3776827	0.0	0.0	0.0	0.0	0.0	0.0	0.0	0.0	0.0	0.2387438	0.3566517	0.0	0.0	0.0	0.0	0.36144742	0.0	0.2501614	0.18015747	0.0	0.0	0.0	0.18093605	0.0	0.0	0.0	0.0	0.0	0.4085356	0.3065345	0.0	0.0	0.2712345	0.0	0.0	0.11393396	0.20906961	0.0	0.31732562	0.2288655	0.0	0.0	0.0	0.0	0.2507634	0.0	0.0	0.17344059	0.0	0.46800914	0.22516705	0.51859057	0.0	0.2851434	0.0	0.0	0.0	0.0	0.08608035	0.0	0.10586909	0.0	0.0	0.0	0.0	0.53420454	0.0	0.0	0.0	0.22376387	0.0	0.0	0.0	0.46920457	0.06501431	0.0	0.13896455	0.0	0.0	0.33271468	0.0	0.0032390647	0.0	0.0	0.098001204	0.0	0.0	0.0	0.0	0.118208945	0.0	0.48944938	0.0	0.0	0.39028227	0.0	0.0
0.0	0.1364428	0.0	0.0	0.0	0.0	0.09406193	0.0	0.0	0.0	0.0	0.0	0.0	0.0	0.2714288	0.0	0.33723938	0.0	0.0	0.058315236	0.0	0.20406902	0.0	0.2198443	0.0	0.0	0.08037202	0.0	0.0	0.1674215	0.38206002	0.0	0.0	0.0	0.0	0.0	0.0	0.0	0.0	0.0	0.22657108	0.35109758	0.0	0.0	0.0	0.0	0.34790945	0.0	0.2485344	0.17602478	0.0	0.0	0.0	0.17708735	0.0	0.0	0.0	0.0	0.0	0.4123864	0.30375218	0.0	0.0	0.2673309	0.0	0.0	0.1047498	0.19365363	0.0	0.3071715	0.21138023	0.0	0.0	0.0	0.0	0.25401148	0.0	0.0	0.17167656	0.0	0.45963672	0.2283525	0.51195544	0.0	0.28909445	0.0	0.0	0.0	0.0	0.081417866	0.0	0.112374246	0.0	0.0	0.0	0.0	0.5308115	0.0	0.0	0.0	0.22974382	0.0	0.0	0.0	0.45673218	0.052940596	0.0	0.1399145	0.0	0.0	0.3313874	0.0	0.012498627	0.0	0.0	0.10336331	0.0	0.0	0.0	0.0	0.119515635	0.0	0.50007147	0.0	0.0	0.3879652	0.0	0.0
0.0	0.12939827	0.0	0.0	0.0	0.0	0.06873413	0.0	0.0	0.0	0.0	0.0	0.0	0.0	0.24933793	0.0	0.31069002	0.0	0.0	0.046539184	0.0	0.18920147	0.0	0.20940764	0.0	0.0	0.06483107	0.0	0.0	0.14863391	0.37347683	0.0	0.0	0.0	0.0	0.0	0.0	0.0	0.0	0.0	0.22459231	0.33323953	0.0	0.0	0.0	0.0	0.33847567	0.0	0.23704642	0.15835741	0.0	0.0	0.0	0.16698164	0.0	0.0	0.0	0.0	0.0	0.39514196	0.3001198	0.0	0.0	0.24327111	0.0	0.0	0.107469775	0.19397096	0.0	0.29875863	0.22664142	0.0	0.0	0.0	0.0	0.24557252	0.0	0.0	0.15914117	0.0	0.44880483	0.20040601	0.4871372	0.0	0.28814313	0.0	0.0	0.0	0.0	0.08124008	0.0	0.09698149	0.0	0.0	0.0	0.0	0.53416306	0.0	0.0	0.0	0.22059892	0.0	0.0	0.0	0.45622405	0.04341376	0.0	0.12998861	0.0	0.0	0.33018604	0.0	0.0037047882	0.0	0.0	0.105359845	0.0	0.0	0.0	0.0	0.111507714	0.0	0.4738179	0.0	0.0	0.3744719	0.0	0.0
0.0	0.1301486	0.0	0.0	0.0	0.0	0.07606713	0.0	0.0	0.0	0.0	0.0	0.0	0.0	0.27456853	0.0	0.33440164	0.0	0.0	0.055160373	0.0	0.20444751	0.0	0.21623655	0.0	0.0	0.07602721	0.0	0.0	0.17316554	0.38072792	0.0	0.0	0.0	0.0	0.0	0.0	0.0	0.0	0.0	0.23091912	0.3564419	0.0	0.0	0.0	0.0	0.35630012	0.0	0.2519587	0.17630155	0.0	0.0	0.0	0.17561989	0.0	0.0	0.0	0.0	0.0	0.41268936	0.30438223	0.0	0.0	0.26919124	0.0	0.0	0.10975784	0.19871664	0.0	0.30846295	0.22284321	0.0	0.0	0.0	0.0	0.25260636	0.0	0.0	0.17696488	0.0	0.45850873	0.22840627	0.5146127	0.0	0.2853736	0.0	0.0	0.0	0.0	0.08275434	0.0	0.11069683	0.0	0.0	0.0	0.0	0.534996	0.0	0.0	0.0	0.22647387	0.0	0.0	0.0	0.46284422	0.05871457	0.0	0.14489572	0.0	0.0	0.3280558	0.0	0.007314227	0.0	0.0	0.10145273	0.0	0.0	0.0	0.0	0.11562104	0.0	0.4946684	0.0	0.0	0.3880597	0.0	0.0
0.0	0.12715645	0.0	0.0	0.0	0.0	0.056505412	0.0	0.0	0.0	0.0	0.0	0.0	0.0	0.2745359	0.0	0.32979405	0.0	0.0	0.05265205	0.0	0.19716072	0.0	0.20506419	0.0	0.0	0.085178494	0.0	0.0	0.17983644	0.37621582	0.0	0.0	0.0	0.0	0.0	0.0	0.0	0.0	0.0	0.24139373	0.36318782	0.0	0.0	0.0	0.0	0.36270615	0.0	0.24757569	0.17616814	0.0	0.0	0.0	0.18795721	0.0	0.0	0.0	0.0	0.0	0.40787983	0.31557477	0.0	0.0	0.2738832	0.0	0.0	0.11647097	0.21283925	0.0	0.3161058	0.22888784	0.0	0.0	0.0	0.0	0.24784584	0.0	0.0	0.17805101	0.0	0.47148833	0.2184114	0.52049506	0.0	0.29036644	0.0	0.0	0.0	0.0	0.09143376	0.0	0.10426879	0.0	0.0	0.0	0.0	0.539083	0.0	0.0	0.0	0.22455929	0.0	0.0	0.0	0.4779667	0.07138603	0.0	0.15028451	0.0	0.0	0.33155096	0.0	0.0008169084	0.0	0.0	0.09881156	0.0	0.0	0.0	0.0	0.11417667	0.0	0.4809773	0.0	0.0	0.38775858	0.0	0.0
0.0	0.11381474	0.0	0.0	0.0	0.0	0.052109588	0.0	0.0	0.0	0.0	0.0	0.0	0.0	0.24158482	0.0	0.2887791	0.0	0.0	0.04049151	0.0	0.19151795	0.0	0.1861792	0.0	0.0	0.052686155	0.0	0.0	0.14277673	0.37364087	0.0	0.0	0.0	0.0	0.0	0.0	0.0	0.0	0.0	0.22272621	0.31505635	0.0	0.0	0.0	0.0	0.34566212	0.0	0.23870169	0.16850163	0.0	0.0	0.0	0.16133314	0.0	0.0	0.0	0.0	0.0	0.39610934	0.28092304	0.0	0.0	0.23352866	0.0	0.0	0.12603088	0.19109543	0.0	0.29423073	0.2335489	0.0	0.0	0.0	0.0	0.23583572	0.0	0.0	0.15201122	0.0	0.43969288	0.20139267	0.46921074	0.0	0.27144405	0.0	0.0	0.0	0.0	0.07078311	0.0	0.097073056	0.0	0.0	0.0	0.0	0.51846737	0.0	0.0	0.0	0.20760383	0.0	0.0	0.0	0.45081353	0.036607537	0.0	0.12073795	0.0	0.0	0.3333709	0.0	0.0013848686	0.0	0.0	0.09488525	0.0	0.0	0.0	0.0	0.102478124	0.0	0.44939885	0.0	0.0	0.35854527	0.0	0.0
0.0	0.10090861	0.0	0.0	0.0	0.0	0.056934904	0.0	0.0	0.0	0.0	0.0	0.0	0.0	0.24674027	0.0	0.2917297	0.0	0.0	0.04799721	0.0	0.20520175	0.0	0.16646671	0.0	0.0	0.05119541	0.0	0.0	0.15447609	0.39021206	0.0	0.0	0.0	0.0	0.0	0.0	0.0	0.0	0.0	0.22422187	0.30200818	0.0	0.0	0.0	0.0	0.37063065	0.0	0.25663438	0.20530589	0.0	0.0	0.0	0.15976636	0.0	0.0	0.0	0.0	0.0	0.4106171	0.2570529	0.0	0.0	0.2421648	0.0	0.0	0.14956217	0.1874605	0.0	0.30575094	0.24218065	0.0	0.0	0.0	0.0	0.23274858	0.0	0.0	0.15169	0.0	0.43697032	0.2359941	0.47319314	0.0	0.25217593	0.0	0.0	0.0	0.0	0.05847505	0.0	0.11188821	0.0	0.0	0.0	0.0	0.49914625	0.0	0.0	0.0	0.20110285	0.0	0.0	0.0	0.4445056	0.03476573	0.0	0.115433775	0.0	0.0	0.3320882	0.0	0.007826879	0.0	0.0	0.08041547	0.0	0.0	0.0	0.0	0.09918193	0.0	0.4492248	0.0	0.0	0.35602808	0.0	0.0
0.0	0.13024245	0.0	0.0	0.0	0.0	0.08332618	0.0	0.0	0.0	0.0	0.0	0.0	0.0	0.24237198	0.0	0.31030452	0.0	0.0	0.047567617	0.0	0.19672422	0.0	0.20619996	0.0	0.0	0.06403598	0.0	0.0	0.14059177	0.37861803	0.0	0.0	0.0	0.0	0.0	0.0	0.0	0.0	0.0	0.21409506	0.32412323	0.0	0.0	0.0	0.0	0.33717027	0.0	0.24925315	0.16654591	0.0	0.0	0.0	0.16201927	0.0	0.0	0.0	0.0	0.0	0.40074027	0.28680977	0.0	0.0	0.23564108	0.0	0.0	0.11208389	0.18058626	0.0	0.2981345	0.2289406	0.0	0.0	0.0	0.0	0.2457313	0.0	0.0	0.15612791	0.0	0.43519107	0.21466066	0.48313752	0.0	0.28461823	0.0	0.0	0.0	0.0	0.07251831	0.0	0.10307566	0.0	0.0	0.0	0.0	0.52662265	0.0	0.0	0.0	0.21871394	0.0	0.0	0.0	0.44223955	0.030729441	0.0	0.129605	0.0	0.0	0.32357192	0.0	0.008394109	0.0	0.0	0.10427017	0.0	0.0	0.0	0.0	0.11237633	0.0	0.4831334	0.0	0.0	0.37333322	0.0	0.0
0.0	0.12299305	0.0	0.0	0.0	0.0	0.07264811	0.0	0.0	0.0	0.0	0.0	0.0	0.0	0.27665883	0.0	0.33450398	0.0	0.0	0.058408286	0.0	0.21321277	0.0	0.20706694	0.0	0.0	0.07619651	0.0	0.0	0.17714047	0.3848803	0.0	0.0	0.0	0.0	0.0	0.0	0.0	0.0	0.0	0.2398159	0.34851554	0.0	0.0	0.0	0.0	0.3644712	0.0	0.25051683	0.18525653	0.0	0.0	0.0	0.18015109	0.0	0.0	0.0	0.0	0.0	0.40961525	0.299462	0.0	0.0	0.27098966	0.0	0.0	0.11933503	0.20797968	0.0	0.3163344	0.23144329	0.0	0.0	0.0	0.0	0.25041085	0.0	0.0	0.1689405	0.0	0.4688485	0.23362708	0.5152993	0.0	0.28199235	0.0	0.0	0.0	0.0	0.0839771	0.0	0.110262096	0.0	0.0	0.0	0.0	0.5265966	0.0	0.0	0.0	0.22295909	0.0	0.0	0.0	0.46899214	0.06327131	0.0	0.13848336	0.0	0.0	0.32857636	0.0	0.0030601688	0.0	0.0	0.09253558	0.0	0.0	0.0	0.0	0.118525304	0.0	0.48662367	0.0	0.0	0.39149198	0.0	0.0
0.0	0.13355124	0.0	0.0	0.0	0.0	0.06278551	0.0	0.0	0.0	0.0	0.0	0.0	0.0	0.28593662	0.0	0.34596244	0.0	0.0	0.058051396	0.0	0.20930438	0.0	0.21287985	0.0	0.0	0.09628781	0.0	0.0	0.19352098	0.37478694	0.0	0.0	0.0	0.0	0.0	0.0	0.0	0.0	0.0	0.248483	0.37432948	0.0	0.0	0.0	0.0	0.3603817	0.0	0.24625957	0.17560183	0.0	0.0	0.0	0.19110931	0.0	0.0	0.0	0.0	0.0	0.40682638	0.32278916	0.0	0.0	0.2863392	0.0	0.0	0.10804965	0.22203888	0.0	0.3200706	0.22782023	0.0	0.0	0.0	0.0	0.25161818	0.0	0.0	0.18533713	0.0	0.47565904	0.2152412	0.53436863	0.0	0.2966405	0.0	0.0	0.0	0.0	0.09647054	0.0	0.10477322	0.0	0.0	0.0	0.0	0.5409424	0.0	0.0	0.0	0.23299344	0.0	0.0	0.0	0.48756573	0.078451894	0.0	0.16116036	0.0	0.0	0.33952093	0.0	0.0	0.0	0.0	0.09544275	0.0	0.0	0.0	0.0	0.12511276	0.0	0.4970143	0.0	0.0	0.4009116	0.0	0.0
0.0	0.10169116	0.0	0.0	0.0	0.0	0.05827993	0.0	0.0	0.0	0.0	0.0	0.0	0.0	0.27344272	0.0	0.32062805	0.0	0.0	0.05865373	0.0	0.2246163	0.0	0.15190911	0.0	0.0	0.06197161	0.0	0.0	0.18643777	0.4007192	0.0	0.0	0.0	0.0	0.0	0.0	0.0	0.0	0.0	0.24553655	0.30315998	0.0	0.0	0.0	0.0	0.39992774	0.0	0.28318867	0.2453755	0.0	0.0	0.0	0.17524342	0.0	0.0	0.0	0.0	0.0	0.42826757	0.24417633	0.0	0.0	0.27690384	0.0	0.0	0.17872965	0.19711016	0.0	0.3342582	0.2588676	0.0	0.0	0.0	0.0	0.24024387	0.0	0.0	0.16711795	0.0	0.44295278	0.28324783	0.5180146	0.0	0.2530702	0.0	0.0	0.0	0.0	0.056643035	0.0	0.12929635	0.0	0.0	0.0	0.0	0.47880843	0.0	0.0	0.0	0.21151216	0.0	0.0	0.0	0.44917083	0.05321619	0.0	0.1235795	0.0	0.0	0.3298033	0.0	0.007446122	0.0	0.0	0.06847915	0.0	0.0	0.0	0.0	0.10769699	0.0	0.46879157	0.0	0.0	0.37040743	0.0	0.0
0.0	0.048142042	0.0	0.0	0.0	0.0	0.0	0.0	0.0	0.0	0.0	0.0	0.0	0.0	0.24275543	0.0	0.26169726	0.0	0.0	0.036204085	0.0	0.20744109	0.0	0.068697035	0.0	0.0	0.0076216743	0.0	0.0	0.16241424	0.40041086	0.0	0.0	0.0	0.0	0.0	0.0	0.0	0.0	0.0	0.22890048	0.19771595	0.0	0.0	0.0033246267	0.0	0.422586	0.0	0.2654087	0.2980264	0.0	0.0	0.0	0.12835105	0.0	0.0	0.0	0.0	0.0	0.4020258	0.14502467	0.0	0.0	0.2445538	0.0	0.0	0.26600584	0.1763487	0.0	0.3387699	0.3070068	0.0	0.0	0.0	0.0	0.20632978	0.0	0.0	0.11662922	0.0	0.41307795	0.29935136	0.43523088	0.0	0.17880666	0.0	0.0	0.0	0.0	0.028216042	0.0	0.11752	0.0	0.0	0.0	0.0	0.3894124	0.0	0.0	0.0	0.15900944	0.0	0.0	0.0	0.4203674	0.032327462	0.0	0.090589814	0.0	0.0	0.33608174	0.0	0.0042978567	0.0	0.0	0.04352379	0.0	0.0	0.0	0.0	0.076935686	0.0	0.37150025	0.0	0.0	0.29444432	0.0	0.0
0.0	0.13505937	0.0	0.0	0.0	0.0	0.1006943	0.0	0.0	0.0	0.0	0.0	0.0	0.0	0.2689058	0.0	0.34234035	0.0	0.0	0.05905741	0.0	0.20684695	0.0	0.22218227	0.0	0.0	0.07774458	0.0	0.0	0.16287063	0.38587978	0.0	0.0	0.0	0.0	0.0	0.0	0.0	0.0	0.0	0.2272314	0.3459039	0.0	0.0	0.0	0.0	0.3513411	0.0	0.25126132	0.17654599	0.0	0.0	0.0	0.17468445	0.0	0.0	0.0	0.0	0.0	0.41204414	0.30299	0.0	0.0	0.26384446	0.0	0.0	0.10733951	0.19087537	0.0	0.30916563	0.21905701	0.0	0.0	0.0	0.0	0.25519177	0.0	0.0	0.16830313	0.0	0.45544174	0.23094428	0.5080369	0.0	0.28957012	0.0	0.0	0.0	0.0	0.07931748	0.0	0.11949116	0.0	0.0	0.0	0.0	0.529746	0.0	0.0	0.0	0.23447704	0.0	0.0	0.0	0.44972014	0.05012085	0.0	0.1452673	0.0	0.0	0.327508	0.0	0.010981659	0.0	0.0	0.10341191	0.0	0.0	0.0	0.0	0.12001266	0.0	0.50299233	0.0	0.0	0.3901286	0.0	0.0
0.0	0.12751889	0.0	0.0	0.0	0.0	0.059807386	0.0	0.0	0.0	0.0	0.0	0.0	0.0	0.26927194	0.0	0.32689992	0.0	0.0	0.05413526	0.0	0.19720288	0.0	0.20997651	0.0	0.0	0.07945966	0.0	0.0	0.17716968	0.37529314	0.0	0.0	0.0	0.0	0.0	0.0	0.0	0.0	0.0	0.24182649	0.35775745	0.0	0.0	0.0	0.0	0.35273162	0.0	0.24602579	0.17216928	0.0	0.0	0.0	0.18115157	0.0	0.0	0.0	0.0	0.0	0.4097253	0.30996093	0.0	0.0	0.26622817	0.0	0.0	0.11433592	0.21370573	0.0	0.31316233	0.23149614	0.0	0.0	0.0	0.0	0.24950118	0.0	0.0	0.17720477	0.0	0.4651405	0.21116333	0.51456016	0.0	0.28769055	0.0	0.0	0.0	0.0	0.08626414	0.0	0.10356077	0.0	0.0	0.0	0.0	0.5356813	0.0	0.0	0.0	0.22410895	0.0	0.0	0.0	0.4690522	0.06612229	0.0	0.14140739	0.0	0.0	0.33402753	0.0	0.00094427355	0.0	0.0	0.10199805	0.0	0.0	0.0	0.0	0.11732557	0.0	0.4857731	0.0	0.0	0.38391164	0.0	0.0
0.0	0.12913267	0.0	0.0	0.0	0.0	0.07046198	0.0	0.0	0.0	0.0	0.0	0.0	0.0	0.25234023	0.0	0.3220847	0.0	0.0	0.04138021	0.0	0.2011146	0.0	0.20056616	0.0	0.0	0.06184305	0.0	0.0	0.16754146	0.378229	0.0	0.0	0.0	0.0	0.0	0.0	0.0	0.0	0.0	0.23012249	0.33676425	0.0	0.0	0.0	0.0	0.3397406	0.0	0.24047975	0.17210631	0.0	0.0	0.0	0.16635098	0.0	0.0	0.0	0.0	0.0	0.3918823	0.30181095	0.0	0.0	0.2687781	0.0	0.0	0.101212464	0.20341204	0.0	0.29927745	0.2318395	0.0	0.0	0.0	0.0	0.24679105	0.0	0.0	0.17745312	0.0	0.44214797	0.20102715	0.507161	0.0	0.2860709	0.0	0.0	0.0	0.0	0.080484085	0.0	0.10500882	0.0	0.0	0.0	0.0	0.52789927	0.0	0.0	0.0	0.22773619	0.0	0.0	0.0	0.4797951	0.05355237	0.0	0.14380305	0.0	0.0	0.3378487	0.0	0.00013351378	0.0	0.0	0.10392431	0.0	0.0	0.0	0.0	0.12137356	0.0	0.48546186	0.0	0.0	0.3717785	0.0	0.0
0.0	0.12140858	0.0	0.0	0.0	0.0	0.0716843	0.0	0.0	0.0	0.0	0.0	0.0	0.0	0.2650586	0.0	0.3186464	0.0	0.0	0.0533933	0.0	0.19947833	0.0	0.20100176	0.0	0.0	0.0668749	0.0	0.0	0.16386655	0.38102016	0.0	0.0	0.0	0.0	0.0	0.0	0.0	0.0	0.0	0.22561471	0.3318218	0.0	0.0	0.0	0.0	0.359715	0.0	0.24508053	0.18774557	0.0	0.0	0.0	0.16440438	0.0	0.0	0.0	0.0	0.0	0.41192713	0.2860365	0.0	0.0	0.2549661	0.0	0.0	0.12764351	0.19080691	0.0	0.30875334	0.22533143	0.0	0.0	0.0	0.0	0.24947925	0.0	0.0	0.16251053	0.0	0.4524343	0.23159748	0.4913276	0.0	0.2694677	0.0	0.0	0.0	0.0	0.0720624	0.0	0.110786	0.0	0.0	0.0	0.0	0.5202543	0.0	0.0	0.0	0.21817207	0.0	0.0	0.0	0.44827595	0.049910262	0.0	0.12991303	0.0	0.0	0.33409655	0.0	0.0075837392	0.0	0.0	0.0926896	0.0	0.0	0.0	0.0	0.10746455	0.0	0.476398	0.0	0.0	0.37463832	0.0	0.0
0.0	0.0816972	0.0	0.0	0.0	0.0	0.0	0.0	0.0	0.0	0.0	0.0	0.0	0.0	0.23323955	0.0	0.326778	0.0	0.0	0.024323627	0.0	0.2275726	0.0	0.07139594	0.0	0.0	0.0062727765	0.0	0.0	0.22514123	0.41116187	0.0	0.0	0.0	0.0	0.0	0.0	0.0	0.0	0.0	0.24624984	0.19729109	0.0	0.0	0.014133989	0.0	0.41364536	0.0	0.2993679	0.36892077	0.0	0.0	0.0	0.09151611	0.0	0.0	0.0	0.0	0.0	0.38621294	0.11524221	0.0	0.0	0.32623857	0.0	0.0	0.27043417	0.18661062	0.0	0.3784969	0.34278107	0.0	0.0	0.0	0.0	0.2267306	0.0	0.0	0.15133207	0.0	0.3935907	0.34057748	0.50327224	0.0	0.16251576	0.0	0.0	0.0	0.0	0.021963187	0.0	0.13417085	0.0	0.0	0.0	0.0	0.32934022	0.0	0.0	0.0	0.17311852	0.0	0.0	0.0	0.42106804	0.06605214	0.0	0.1332341	0.0	0.0	0.32942697	0.0	0.0002529441	0.0	0.0	0.07561879	0.0	0.0	0.0	0.0	0.09209954	0.0	0.44375968	0.0	0.0	0.28709105	0.0	0.0
0.0	0.14975205	0.0	0.0	0.0	0.0	0.046198636	0.0	0.0	0.0	0.0	0.0	0.0	0.0	0.31509146	0.0	0.37907746	0.0	0.0	0.06898878	0.0	0.21240212	0.0	0.21594878	0.0	0.0	0.13103503	0.0	0.0	0.23491043	0.36762354	0.0	0.0	0.0	0.0	0.0	0.0	0.0	0.0	0.0	0.28473714	0.4108893	0.0	0.0	0.0	0.0	0.3802869	0.0	0.2609011	0.19040765	0.0	0.0	0.0	0.2261877	0.0	0.0	0.0	0.0	0.0	0.42073837	0.34748968	0.0	0.0	0.3386127	0.0	0.0	0.10410267	0.24860878	0.0	0.35459244	0.22887485	0.0	0.0	0.0	0.0	0.2633305	0.0	0.0	0.21622156	0.0	0.5033112	0.22008663	0.6010712	0.0	0.32072517	0.0	0.0	0.0	0.0	0.12482528	0.0	0.11564364	0.0	0.0	0.0	0.0	0.55596226	0.0	0.0	0.0	0.2483712	0.0	0.0	0.0	0.53271705	0.11234442	0.0	0.19180936	0.0	0.0	0.3408893	0.0	0.0	0.0	0.0	0.08687148	0.0	0.0	0.0	0.0	0.14915465	0.0	0.5221377	0.0	0.0	0.42849326	0.0	0.0
0.0	0.16206759	0.0	0.0	0.0	0.0	0.0161727	0.0	0.0	0.0	0.0	0.0	0.0	0.0	0.32547805	0.0	0.3924997	0.0	0.0	0.07658391	0.0	0.19058734	0.0	0.23559357	0.0	0.0	0.17320795	0.0	0.0	0.2613819	0.33713734	0.0	0.0	0.0	0.0	0.0	0.0	0.0	0.0	0.0	0.30870336	0.46324804	0.0	0.0	0.0	0.0	0.3764206	0.0	0.24260394	0.15006393	0.0	0.0	0.0	0.23580326	0.0	0.0	0.0	0.0	0.0	0.39901266	0.39414048	0.0	0.0	0.34007028	0.0	0.0	0.07940785	0.2859588	0.0	0.35055777	0.21328042	0.0	0.0	0.0	0.0	0.26705095	0.0	0.0	0.22715567	0.0	0.5239237	0.16431428	0.6171953	0.0	0.35640487	0.0	0.0	0.0	0.0	0.14910801	0.0	0.09421405	0.0	0.0	0.0	0.0	0.5889906	0.0	0.0	0.0	0.26551154	0.0	0.0	0.0	0.5609019	0.12996814	0.0	0.20266564	0.0	0.0	0.3644816	0.0	0.0	0.0	0.0	0.10124412	0.0	0.0	0.0	0.0	0.15123104	0.0	0.53180236	0.0	0.0	0.43737325	0.0	0.0
0.0	0.15859084	0.0	0.0	0.0	0.0	0.012020412	0.0	0.0	0.0	0.0	0.0	0.0	0.0	0.32460085	0.0	0.39382505	0.0	0.0	0.06751094	0.0	0.19099353	0.0	0.24465196	0.0	0.0	0.17658873	0.0	0.0	0.2581809	0.33349416	0.0	0.0	0.0	0.0	0.0	0.0	0.0	0.0	0.0	0.2987282	0.4658114	0.0	0.0	0.0	0.0	0.36688402	0.0	0.22812004	0.14766806	0.0	0.0	0.0	0.23179261	0.0	0.0	0.0	0.0	0.0	0.39339995	0.40063202	0.0	0.0	0.3412486	0.0	0.0	0.07790223	0.28177127	0.0	0.3481505	0.21402113	0.0	0.0	0.0	0.0	0.2696261	0.0	0.0	0.23067862	0.0	0.5277093	0.16267477	0.6172907	0.0	0.36006466	0.0	0.0	0.0	0.0	0.14935924	0.0	0.09267671	0.0	0.0	0.0	0.0	0.59675294	0.0	0.0	0.0	0.26344553	0.0	0.0	0.0	0.5582199	0.1345586	0.0	0.21023606	0.0	0.0	0.36470112	0.0	0.0	0.0	0.0	0.10224249	0.0	0.0	0.0	0.0	0.15878586	0.0	0.5345287	0.0	0.0	0.43489623	0.0	0.0
0.0	0.15505698	0.0	0.0	0.0	0.0	0.01026301	0.0	0.0	0.0	0.0	0.0	0.0	0.0	0.3353988	0.0	0.3919162	0.0	0.0	0.07382084	0.0	0.20055445	0.0	0.2277932	0.0	0.0	0.16606767	0.0	0.0	0.2590269	0.3414788	0.0	0.0	0.0	0.0	0.0	0.0	0.0	0.0	0.0	0.3046603	0.44888237	0.0	0.0	0.0	0.0	0.38384578	0.0	0.24291176	0.16255374	0.0	0.0	0.0	0.2315468	0.0	0.0	0.0	0.0	0.0	0.4082818	0.3772223	0.0	0.0	0.3449582	0.0	0.0	0.1043489	0.28040722	0.0	0.3579106	0.22337599	0.0	0.0	0.0	0.0	0.26660538	0.0	0.0	0.22033922	0.0	0.520523	0.18602245	0.61400187	0.0	0.3501823	0.0	0.0	0.0	0.0	0.14257109	0.0	0.09957877	0.0	0.0	0.0	0.0	0.57776433	0.0	0.0	0.0	0.26120242	0.0	0.0	0.0	0.55105025	0.13188976	0.0	0.19909476	0.0	0.0	0.3604516	0.0	0.0	0.0	0.0	0.087495066	0.0	0.0	0.0	0.0	0.1510876	0.0	0.5241794	0.0	0.0	0.43734717	0.0	0.0
0.0	0.17043865	0.0	0.0	0.0	0.0	0.016996635	0.0	0.0	0.0	0.0	0.0	0.0	0.0	0.33232334	0.0	0.40743604	0.0	0.0	0.0733685	0.0	0.197739	0.0	0.25109598	0.0	0.0	0.17702842	0.0	0.0	0.2665554	0.32945618	0.0	0.0	0.0	0.0	0.0	0.0	0.0	0.0	0.0	0.30868185	0.47349134	0.0	0.0	0.0	0.0	0.36877966	0.0	0.2325536	0.14677049	0.0	0.0	0.0	0.23009534	0.0	0.0	0.0	0.0	0.0	0.39191008	0.4067073	0.0	0.0	0.3507279	0.0	0.0	0.07201153	0.2910826	0.0	0.34974173	0.20717978	0.0	0.0	0.0	0.0	0.26838598	0.0	0.0	0.2401221	0.0	0.5266774	0.16095485	0.62862647	0.0	0.36589742	0.0	0.0	0.0	0.0	0.15366122	0.0	0.09111411	0.0	0.0	0.0	0.0	0.5951252	0.0	0.0	0.0	0.2715398	0.0	0.0	0.0	0.5613694	0.13707502	0.0	0.21988024	0.0	0.0	0.37468544	0.0	0.0	0.0	0.0	0.09980091	0.0	0.0	0.0	0.0	0.16392	0.0	0.54643387	0.0	0.0	0.44573393	0.0	0.0
0.0	0.16374718	0.0	0.0	0.0	0.0	0.044911016	0.0	0.0	0.0	0.0	0.0	0.0	0.0	0.30051968	0.0	0.37877908	0.0	0.0	0.07207661	0.0	0.19756912	0.0	0.23449902	0.0	0.0	0.12179473	0.0	0.0	0.23049504	0.34240696	0.0	0.0	0.0	0.0	0.0	0.0	0.0	0.0	0.0	0.27412412	0.42949235	0.0	0.0	0.0	0.0	0.36065605	0.0	0.2330947	0.14706953	0.0	0.0	0.0	0.1999342	0.0	0.0	0.0	0.0	0.0	0.40161693	0.36401746	0.0	0.0	0.31525734	0.0	0.0	0.08298781	0.25654912	0.0	0.32791612	0.21483146	0.0	0.0	0.0	0.0	0.26366353	0.0	0.0	0.21230431	0.0	0.4875436	0.17972548	0.5840478	0.0	0.33941635	0.0	0.0	0.0	0.0	0.12666361	0.0	0.10250694	0.0	0.0	0.0	0.0	0.58022314	0.0	0.0	0.0	0.25512874	0.0	0.0	0.0	0.5302847	0.09927433	0.0	0.20285095	0.0	0.0	0.36832348	0.0	0.0	0.0	0.0	0.098806225	0.0	0.0	0.0	0.0	0.14073281	0.0	0.5352473	0.0	0.0	0.42182195	0.0	0.0
0.0	0.16374357	0.0	0.0	0.0	0.0	0.01480987	0.0	0.0	0.0	0.0	0.0	0.0	0.0	0.32066643	0.0	0.37867656	0.0	0.0	0.054038346	0.0	0.20366774	0.0	0.22251065	0.0	0.0	0.14498629	0.0	0.0	0.24952257	0.35694835	0.0	0.0	0.0	0.0	0.0	0.0	0.0	0.0	0.0	0.2920947	0.43848416	0.0	0.0	0.0	0.0	0.38157275	0.0	0.2434314	0.16044652	0.0	0.0	0.0	0.22662638	0.0	0.0	0.0	0.0	0.0	0.39049962	0.37909618	0.0	0.0	0.35028043	0.0	0.0	0.08336389	0.2613286	0.0	0.33516863	0.2171939	0.0	0.0	0.0	0.0	0.26105106	0.0	0.0	0.23469506	0.0	0.5023234	0.1595218	0.6133477	0.0	0.35145727	0.0	0.0	0.0	0.0	0.13890803	0.0	0.094645806	0.0	0.0	0.0	0.0	0.590085	0.0	0.0	0.0	0.27026975	0.0	0.0	0.0	0.5640225	0.11231733	0.0	0.21711166	0.0	0.0	0.3677292	0.0	0.0	0.0	0.0	0.08954064	0.0	0.0	0.0	0.0	0.15742601	0.0	0.52745223	0.0	0.0	0.42607763	0.0	0.0
0.0	0.1591084	0.0	0.0	0.0	0.0	0.021335239	0.0	0.0	0.0	0.0	0.0	0.0	0.0	0.32962388	0.0	0.39856908	0.0	0.0	0.07059126	0.0	0.2036285	0.0	0.22959454	0.0	0.0	0.1748668	0.0	0.0	0.26624298	0.33960128	0.0	0.0	0.0	0.0	0.0	0.0	0.0	0.0	0.0	0.3086065	0.4662726	0.0	0.0	0.0	0.0	0.3770424	0.0	0.24150209	0.15848868	0.0	0.0	0.0	0.23762059	0.0	0.0	0.0	0.0	0.0	0.40278625	0.39209047	0.0	0.0	0.3471286	0.0	0.0	0.08746332	0.28937185	0.0	0.35250068	0.21092455	0.0	0.0	0.0	0.0	0.26003417	0.0	0.0	0.23730655	0.0	0.5190247	0.17156588	0.62727356	0.0	0.35742223	0.0	0.0	0.0	0.0	0.15078503	0.0	0.09884881	0.0	0.0	0.0	0.0	0.58342403	0.0	0.0	0.0	0.26585856	0.0	0.0	0.0	0.5667575	0.13204004	0.0	0.22068237	0.0	0.0	0.36810473	0.0	0.0	0.0	0.0	0.09220924	0.0	0.0	0.0	0.0	0.15806292	0.0	0.54062617	0.0	0.0	0.43913648	0.0	0.0
0.0	0.13312994	0.0	0.0	0.0	0.0	0.014893516	0.0	0.0	0.0	0.0	0.0	0.0	0.0	0.27414304	0.0	0.31348392	0.0	0.0	0.04392715	0.0	0.16494232	0.0	0.19422252	0.0	0.0	0.10117329	0.0	0.0	0.17921479	0.3450447	0.0	0.0	0.0	0.0	0.0	0.0	0.0	0.0	0.0	0.2474765	0.37433872	0.0	0.0	0.0	0.0	0.35064808	0.0	0.20557694	0.14192475	0.0	0.0	0.0	0.18591718	0.0	0.0	0.0	0.0	0.0	0.3769041	0.33430395	0.0	0.0	0.261731	0.0	0.0	0.10460531	0.23510464	0.0	0.30233276	0.21902017	0.0	0.0	0.0	0.0	0.23517765	0.0	0.0	0.18772243	0.0	0.47688007	0.16533656	0.51066715	0.0	0.30811024	0.0	0.0	0.0	0.0	0.10523581	0.0	0.08352282	0.0	0.0	0.0	0.0	0.5540642	0.0	0.0	0.0	0.22926275	0.0	0.0	0.0	0.5080423	0.08381122	0.0	0.16184016	0.0	0.0	0.35201287	0.0	0.0	0.0	0.0	0.096322715	0.0	0.0	0.0	0.0	0.11429865	0.0	0.46300912	0.0	0.0	0.37109348	0.0	0.0
0.0	0.1668505	0.0	0.0	0.0	0.0	0.023564221	0.0	0.0	0.0	0.0	0.0	0.0	0.0	0.3150301	0.0	0.38877654	0.0	0.0	0.07333801	0.0	0.1981616	0.0	0.2384791	0.0	0.0	0.16306806	0.0	0.0	0.25724575	0.33536887	0.0	0.0	0.0	0.0	0.0	0.0	0.0	0.0	0.0	0.30392358	0.45732602	0.0	0.0	0.0	0.0	0.3667707	0.0	0.23558235	0.14543957	0.0	0.0	0.0	0.22941585	0.0	0.0	0.0	0.0	0.0	0.38951254	0.39828888	0.0	0.0	0.33637628	0.0	0.0	0.07579952	0.293908	0.0	0.3350962	0.20506252	0.0	0.0	0.0	0.0	0.26463327	0.0	0.0	0.22875458	0.0	0.50932074	0.15559296	0.6124239	0.0	0.36493477	0.0	0.0	0.0	0.0	0.1440266	0.0	0.092669755	0.0	0.0	0.0	0.0	0.5819368	0.0	0.0	0.0	0.2678297	0.0	0.0	0.0	0.5562389	0.11579751	0.0	0.21280295	0.0	0.0	0.38053882	0.0	0.0	0.0	0.0	0.10142895	0.0	0.0	0.0	0.0	0.15540422	0.0	0.53660536	0.0	0.0	0.43356964	0.0	0.0
0.0	0.17067641	0.0	0.0	0.0	0.0	0.025470173	0.0	0.0	0.0	0.0	0.0	0.0	0.0	0.29504272	0.0	0.38126266	0.0	0.0	0.08079429	0.0	0.18988341	0.0	0.22980432	0.0	0.0	0.15574543	0.0	0.0	0.26102284	0.32353744	0.0	0.0	0.0	0.0	0.0	0.0	0.0	0.0	0.0	0.3039976	0.44064474	0.0	0.0	0.0	0.0	0.38226756	0.0	0.23203175	0.13752247	0.0	0.0	0.0	0.21420904	0.0	0.0	0.0	0.0	0.0	0.39784798	0.38123885	0.0	0.0	0.34849	0.0	0.0	0.072414584	0.2950406	0.0	0.32623082	0.19669531	0.0	0.0	0.0	0.0	0.2702678	0.0	0.0	0.22262113	0.0	0.48514092	0.13531101	0.6066056	0.0	0.37658402	0.0	0.0	0.0	0.0	0.13407896	0.0	0.096354924	0.0	0.0	0.0	0.0	0.5903705	0.0	0.0	0.0	0.26119867	0.0	0.0	0.0	0.5596071	0.11437464	0.0	0.2084086	0.0	0.0	0.3879788	0.0	0.0	0.0	0.0	0.09809208	0.0	0.0	0.0	0.0	0.12855478	0.0	0.52945924	0.0	0.0	0.42659876	0.0	0.0
0.0	0.16569069	0.0	0.0	0.0	0.0	0.012419306	0.0	0.0	0.0	0.0	0.0	0.0	0.0	0.33853552	0.0	0.42002174	0.0	0.0	0.085540794	0.0	0.21834785	0.0	0.2298315	0.0	0.0	0.18206398	0.0	0.0	0.2978376	0.33317128	0.0	0.0	0.0	0.0	0.0	0.0	0.0	0.0	0.0	0.32578635	0.47327092	0.0	0.0	0.0	0.0	0.39758214	0.0	0.25617966	0.1818247	0.0	0.0	0.0	0.23646311	0.0	0.0	0.0	0.0	0.0	0.39771473	0.38930508	0.0	0.0	0.37198195	0.0	0.0	0.10196104	0.30641153	0.0	0.3714507	0.2185946	0.0	0.0	0.0	0.0	0.27139026	0.0	0.0	0.23990153	0.0	0.5190726	0.17899452	0.653779	0.0	0.36640057	0.0	0.0	0.0	0.0	0.15197547	0.0	0.10551829	0.0	0.0	0.0	0.0	0.57240456	0.0	0.0	0.0	0.27132657	0.0	0.0	0.0	0.57126445	0.14552389	0.0	0.22691579	0.0	0.0	0.37763068	0.0	0.0	0.0	0.0	0.09010681	0.0	0.0	0.0	0.0	0.16375063	0.0	0.5538888	0.0	0.0	0.44976726	0.0	0.0
0.0	0.16237812	0.0	0.0	0.0	0.0	0.01449462	0.0	0.0	0.0	0.0	0.0	0.0	0.0	0.34363332	0.0	0.4209157	0.0	0.0	0.08512326	0.0	0.21368742	0.0	0.22725601	0.0	0.0	0.18163832	0.0	0.0	0.28894517	0.33854175	0.0	0.0	0.0	0.0	0.0	0.0	0.0	0.0	0.0	0.31968066	0.47388005	0.0	0.0	0.0	0.0	0.4055972	0.0	0.25773248	0.17622288	0.0	0.0	0.0	0.24278705	0.0	0.0	0.0	0.0	0.0	0.4061636	0.3898046	0.0	0.0	0.36753651	0.0	0.0	0.099514514	0.29542542	0.0	0.3701404	0.21875946	0.0	0.0	0.0	0.0	0.26952603	0.0	0.0	0.23383029	0.0	0.526764	0.18604152	0.648357	0.0	0.36802387	0.0	0.0	0.0	0.0	0.15733194	0.0	0.10748857	0.0	0.0	0.0	0.0	0.5844211	0.0	0.0	0.0	0.26856312	0.0	0.0	0.0	0.570139	0.1410044	0.0	0.21707171	0.0	0.0	0.3688852	0.0	0.0	0.0	0.0	0.08568833	0.0	0.0	0.0	0.0	0.15870434	0.0	0.5465736	0.0	0.0	0.45181003	0.0	0.0
0.0	0.10408727	0.0	0.0	0.0	0.0	0.006593765	0.0	0.0	0.0	0.0	0.0	0.0	0.0	0.29414123	0.0	0.3295717	0.0	0.0	0.05175331	0.0	0.19470213	0.0	0.16598924	0.0	0.0	0.10418922	0.0	0.0	0.20176579	0.36812726	0.0	0.0	0.0	0.0	0.0	0.0	0.0	0.0	0.0	0.25433442	0.364889	0.0	0.0	0.0	0.0	0.4001714	0.0	0.24573386	0.20128351	0.0	0.0	0.0	0.19357924	0.0	0.0	0.0	0.0	0.0	0.4063145	0.2983246	0.0	0.0	0.27674398	0.0	0.0	0.16356921	0.2303705	0.0	0.34055555	0.24923201	0.0	0.0	0.0	0.0	0.23118876	0.0	0.0	0.18432623	0.0	0.4914091	0.22906016	0.5268974	0.0	0.28121385	0.0	0.0	0.0	0.0	0.09760687	0.0	0.103256606	0.0	0.0	0.0	0.0	0.52195734	0.0	0.0	0.0	0.21729843	0.0	0.0	0.0	0.49446583	0.09296148	0.0	0.15619011	0.0	0.0	0.3369604	0.0	0.0	0.0	0.0	0.07168604	0.0	0.0	0.0	0.0	0.11190236	0.0	0.45574632	0.0	0.0	0.38252273	0.0	0.0
0.0	0.16414541	0.0	0.0	0.0	0.0	0.020894473	0.0	0.0	0.0	0.0	0.0	0.0	0.0	0.28922436	0.0	0.36345068	0.0	0.0	0.06571723	0.0	0.17884909	0.0	0.22708105	0.0	0.0	0.13696451	0.0	0.0	0.2388866	0.33267882	0.0	0.0	0.0	0.0	0.0	0.0	0.0	0.0	0.0	0.2833877	0.43002853	0.0	0.0	0.0	0.0	0.36653164	0.0	0.22794844	0.14656574	0.0	0.0	0.0	0.20504023	0.0	0.0	0.0	0.0	0.0	0.38972065	0.37546453	0.0	0.0	0.30742648	0.0	0.0	0.08855463	0.26857087	0.0	0.32559475	0.20674254	0.0	0.0	0.0	0.0	0.2559713	0.0	0.0	0.2162761	0.0	0.4884852	0.15274371	0.57629937	0.0	0.34509146	0.0	0.0	0.0	0.0	0.12896061	0.0	0.08967283	0.0	0.0	0.0	0.0	0.574293	0.0	0.0	0.0	0.25403216	0.0	0.0	0.0	0.5306633	0.104858905	0.0	0.2009651	0.0	0.0	0.37714422	0.0	0.0	0.0	0.0	0.107932724	0.0	0.0	0.0	0.0	0.12999804	0.0	0.5186184	0.0	0.0	0.40739202	0.0	0.0
0.0	0.16013071	0.0	0.0	0.0	0.0	0.06308055	0.0	0.0	0.0	0.0	0.0	0.0	0.0	0.32652566	0.0	0.42514992	0.0	0.0	0.069218636	0.0	0.23407383	0.0	0.24948399	0.0	0.0	0.15245096	0.0	0.0	0.26623234	0.3644596	0.0	0.0	0.0	0.0	0.0	0.0	0.0	0.0	0.0	0.2975562	0.45469043	0.0	0.0	0.0	0.0	0.3762894	0.0	0.2730352	0.192412	0.0	0.0	0.0	0.21641438	0.0	0.0	0.0	0.0	0.0	0.4186095	0.38422558	0.0	0.0	0.3749596	0.0	0.0	0.08764542	0.26085353	0.0	0.36031875	0.22908379	0.0	0.0	0.0	0.0	0.284492	0.0	0.0	0.24570583	0.0	0.50925964	0.21804313	0.6426995	0.0	0.33923244	0.0	0.0	0.0	0.0	0.13259116	0.0	0.122128665	0.0	0.0	0.0	0.0	0.5721631	0.0	0.0	0.0	0.2701757	0.0	0.0	0.0	0.5453071	0.123391874	0.0	0.2309524	0.0	0.0	0.34881473	0.0	0.0	0.0	0.0	0.09552575	0.0	0.0	0.0	0.0	0.16918002	0.0	0.56869256	0.0	0.0	0.45818266	0.0	0.0
0.0	0.15850733	0.0	0.0	0.0	0.0	0.019511575	0.0	0.0	0.0	0.0	0.0	0.0	0.0	0.32662454	0.0	0.39583087	0.0	0.0	0.07173301	0.0	0.19103068	0.0	0.22766145	0.0	0.0	0.17581289	0.0	0.0	0.26521638	0.33878693	0.0	0.0	0.0	0.0	0.0	0.0	0.0	0.0	0.0	0.305174	0.4678496	0.0	0.0	0.0	0.0	0.38457856	0.0	0.2389995	0.15221357	0.0	0.0	0.0	0.23300876	0.0	0.0	0.0	0.0	0.0	0.39638487	0.39334527	0.0	0.0	0.33913407	0.0	0.0	0.09004107	0.2861416	0.0	0.35066506	0.20894837	0.0	0.0	0.0	0.0	0.2607169	0.0	0.0	0.23123132	0.0	0.5222969	0.16880216	0.6145998	0.0	0.35609683	0.0	0.0	0.0	0.0	0.15272492	0.0	0.095336355	0.0	0.0	0.0	0.0	0.5813885	0.0	0.0	0.0	0.26787516	0.0	0.0	0.0	0.56375605	0.13180754	0.0	0.2173428	0.0	0.0	0.36321247	0.0	0.0	0.0	0.0	0.09391544	0.0	0.0	0.0	0.0	0.14437644	0.0	0.52892184	0.0	0.0	0.43761566	0.0	0.0
0.0	0.17577498	0.0	0.0	0.0	0.0	0.026252205	0.0	0.0	0.0	0.0	0.0	0.0	0.0	0.31386736	0.0	0.39019755	0.0	0.0	0.07823237	0.0	0.17789172	0.0	0.24497497	0.0	0.0	0.16801174	0.0	0.0	0.26701155	0.32118356	0.0	0.0	0.0	0.0	0.0	0.0	0.0	0.0	0.0	0.3008964	0.4738904	0.0	0.0	0.0	0.0	0.36988115	0.0	0.22819996	0.13618566	0.0	0.0	0.0	0.22196293	0.0	0.0	0.0	0.0	0.0	0.3886548	0.40534577	0.0	0.0	0.33297786	0.0	0.0	0.06965595	0.28940228	0.0	0.3412694	0.1975867	0.0	0.0	0.0	0.0	0.26793113	0.0	0.0	0.2272774	0.0	0.51344585	0.14267637	0.61425906	0.0	0.36656037	0.0	0.0	0.0	0.0	0.15024175	0.0	0.088437565	0.0	0.0	0.0	0.0	0.595876	0.0	0.0	0.0	0.2678578	0.0	0.0	0.0	0.5615223	0.12966679	0.0	0.21952705	0.0	0.0	0.38071314	0.0	0.0	0.0	0.0	0.109120846	0.0	0.0	0.0	0.0	0.14244819	0.0	0.5425138	0.0	0.0	0.434008	0.0	0.0
0.0	0.16355751	0.0	0.0	0.0	0.0	0.014634017	0.0	0.0	0.0	0.0	0.0	0.0	0.0	0.32440442	0.0	0.40890038	0.0	0.0	0.085766554	0.0	0.20829187	0.0	0.20807655	0.0	0.0	0.15330374	0.0	0.0	0.29104286	0.33959725	0.0	0.0	0.0	0.0	0.0	0.0	0.0	0.0	0.0	0.31377724	0.4484234	0.0	0.0	0.0	0.0	0.4124461	0.0	0.26712912	0.20100953	0.0	0.0	0.0	0.22273183	0.0	0.0	0.0	0.0	0.0	0.4058715	0.36608884	0.0	0.0	0.3599688	0.0	0.0	0.122811206	0.28825843	0.0	0.37645796	0.22761643	0.0	0.0	0.0	0.0	0.2639974	0.0	0.0	0.22975707	0.0	0.5051272	0.20009582	0.6353534	0.0	0.3446033	0.0	0.0	0.0	0.0	0.1390772	0.0	0.11148995	0.0	0.0	0.0	0.0	0.55678815	0.0	0.0	0.0	0.2599985	0.0	0.0	0.0	0.55298215	0.13268562	0.0	0.21262872	0.0	0.0	0.37427214	0.0	0.0	0.0	0.0	0.084209345	0.0	0.0	0.0	0.0	0.14792852	0.0	0.5430551	0.0	0.0	0.4318316	0.0	0.0
0.0	0.17108296	0.0	0.0	0.0	0.0	0.056786466	0.0	0.0	0.0	0.0	0.0	0.0	0.0	0.2982225	0.0	0.38357505	0.0	0.0	0.07700848	0.0	0.19809051	0.0	0.24448502	0.0	0.0	0.12639968	0.0	0.0	0.23876067	0.34753415	0.0	0.0	0.0	0.0	0.0	0.0	0.0	0.0	0.0	0.27336934	0.44119892	0.0	0.0	0.0	0.0	0.36072513	0.0	0.24486601	0.15672946	0.0	0.0	0.0	0.19774292	0.0	0.0	0.0	0.0	0.0	0.41228572	0.37519774	0.0	0.0	0.32107764	0.0	0.0	0.08085368	0.25522274	0.0	0.3328227	0.20523834	0.0	0.0	0.0	0.0	0.2686463	0.0	0.0	0.21676177	0.0	0.49062	0.19170012	0.5886491	0.0	0.33425632	0.0	0.0	0.0	0.0	0.123697996	0.0	0.10199157	0.0	0.0	0.0	0.0	0.57769775	0.0	0.0	0.0	0.25483105	0.0	0.0	0.0	0.518782	0.100797445	0.0	0.2028982	0.0	0.0	0.36451116	0.0	0.0	0.0	0.0	0.10816286	0.0	0.0	0.0	0.0	0.13815255	0.0	0.5498301	0.0	0.0	0.43019238	0.0	0.0
0.0	0.16900109	0.0	0.0	0.0	0.0	0.025583908	0.0	0.0	0.0	0.0	0.0	0.0	0.0	0.31353745	0.0	0.38904342	0.0	0.0	0.081411414	0.0	0.18849166	0.0	0.2322135	0.0	0.0	0.15661411	0.0	0.0	0.2666718	0.32799223	0.0	0.0	0.0	0.0	0.0	0.0	0.0	0.0	0.0	0.30519366	0.46445048	0.0	0.0	0.0	0.0	0.3774457	0.0	0.23288608	0.14004277	0.0	0.0	0.0	0.22060424	0.0	0.0	0.0	0.0	0.0	0.3899317	0.39244518	0.0	0.0	0.32847667	0.0	0.0	0.078788154	0.29028222	0.0	0.3371918	0.20302106	0.0	0.0	0.0	0.0	0.26394165	0.0	0.0	0.2216646	0.0	0.50379187	0.14260437	0.61086243	0.0	0.36909667	0.0	0.0	0.0	0.0	0.1421818	0.0	0.09431682	0.0	0.0	0.0	0.0	0.5890214	0.0	0.0	0.0	0.2662942	0.0	0.0	0.0	0.5542857	0.11969628	0.0	0.2088557	0.0	0.0	0.38407627	0.0	0.0	0.0	0.0	0.10256759	0.0	0.0	0.0	0.0	0.14348185	0.0	0.5411489	0.0	0.0	0.42801115	0.0	0.0
0.0	0.16288052	0.0	0.0	0.0	0.0	0.020638479	0.0	0.0	0.0	0.0	0.0	0.0	0.0	0.3125775	0.0	0.38467857	0.0	0.0	0.07333592	0.0	0.18445031	0.0	0.23244305	0.0	0.0	0.15913962	0.0	0.0	0.25255176	0.33684716	0.0	0.0	0.0	0.0	0.0	0.0	0.0	0.0	0.0	0.2954919	0.4594538	0.0	0.0	0.0	0.0	0.3745693	0.0	0.23450267	0.14712751	0.0	0.0	0.0	0.21977657	0.0	0.0	0.0	0.0	0.0	0.39589533	0.39094746	0.0	0.0	0.32668224	0.0	0.0	0.081058085	0.27968332	0.0	0.34441635	0.2091287	0.0	0.0	0.0	0.0	0.2639142	0.0	0.0	0.2242189	0.0	0.51681566	0.16190359	0.60417837	0.0	0.3551668	0.0	0.0	0.0	0.0	0.14223792	0.0	0.091247916	0.0	0.0	0.0	0.0	0.58703285	0.0	0.0	0.0	0.2599224	0.0	0.0	0.0	0.55237055	0.124144115	0.0	0.20152217	0.0	0.0	0.364382	0.0	0.0	0.0	0.0	0.10439053	0.0	0.0	0.0	0.0	0.14112921	0.0	0.5303954	0.0	0.0	0.42930165	0.0	0.0
0.0	0.14478843	0.0	0.0	0.0	0.0	0.018715365	0.0	0.0	0.0	0.0	0.0	0.0	0.0	0.2787525	0.0	0.33104488	0.0	0.0	0.056638926	0.0	0.17109744	0.0	0.20306213	0.0	0.0	0.11383017	0.0	0.0	0.19815819	0.34193435	0.0	0.0	0.0	0.0	0.0	0.0	0.0	0.0	0.0	0.26079103	0.39750978	0.0	0.0	0.0	0.0	0.35926494	0.0	0.21643601	0.1399677	0.0	0.0	0.0	0.193267	0.0	0.0	0.0	0.0	0.0	0.3785596	0.34955028	0.0	0.0	0.27608013	0.0	0.0	0.099140465	0.25351533	0.0	0.30936068	0.21291088	0.0	0.0	0.0	0.0	0.23860915	0.0	0.0	0.19820023	0.0	0.483574	0.15703852	0.5311108	0.0	0.32332525	0.0	0.0	0.0	0.0	0.11519008	0.0	0.085541815	0.0	0.0	0.0	0.0	0.5585457	0.0	0.0	0.0	0.23889165	0.0	0.0	0.0	0.5200594	0.08973894	0.0	0.17514686	0.0	0.0	0.3641506	0.0	0.0	0.0	0.0	0.09948624	0.0	0.0	0.0	0.0	0.11680921	0.0	0.4822236	0.0	0.0	0.383747	0.0	0.0
0.0	0.17394726	0.0	0.0	0.0	0.0	0.05534197	0.0	0.0	0.0	0.0	0.0	0.0	0.0	0.33213428	0.0	0.43654147	0.0	0.0	0.089288674	0.0	0.23348223	0.0	0.23049097	0.0	0.0	0.15305185	0.0	0.0	0.29125604	0.35856262	0.0	0.0	0.0	0.0	0.0	0.0	0.0	0.0	0.0	0.3101991	0.45996484	0.0	0.0	0.0	0.0	0.38905773	0.0	0.27994207	0.20944929	0.0	0.0	0.0	0.22439577	0.0	0.0	0.0	0.0	0.0	0.42119893	0.36974302	0.0	0.0	0.39075497	0.0	0.0	0.10785717	0.27694505	0.0	0.37739262	0.22601561	0.0	0.0	0.0	0.0	0.28183582	0.0	0.0	0.24474652	0.0	0.49999037	0.23590986	0.67013055	0.0	0.341023	0.0	0.0	0.0	0.0	0.13502859	0.0	0.1309902	0.0	0.0	0.0	0.0	0.56096697	0.0	0.0	0.0	0.26931426	0.0	0.0	0.0	0.5565856	0.13435781	0.0	0.23162967	0.0	0.0	0.35734093	0.0	0.0	0.0	0.0	0.09605973	0.0	0.0	0.0	0.0	0.16378975	0.0	0.58248454	0.0	0.0	0.45810413	0.0	0.0
0.0	0.15373634	0.0	0.0	0.0	0.0	0.030024474	0.0	0.0	0.0	0.0	0.0	0.0	0.0	0.27309427	0.0	0.33752203	0.0	0.0	0.06298525	0.0	0.16860853	0.0	0.20729811	0.0	0.0	0.11796591	0.0	0.0	0.21680258	0.33858016	0.0	0.0	0.0	0.0	0.0	0.0	0.0	0.0	0.0	0.2703037	0.40929964	0.0	0.0	0.0	0.0	0.363876	0.0	0.22208655	0.1415381	0.0	0.0	0.0	0.192639	0.0	0.0	0.0	0.0	0.0	0.3867496	0.3559513	0.0	0.0	0.2823632	0.0	0.0	0.093934156	0.25843614	0.0	0.31436074	0.20797433	0.0	0.0	0.0	0.0	0.24154235	0.0	0.0	0.20094794	0.0	0.47960946	0.15357897	0.5427001	0.0	0.3302331	0.0	0.0	0.0	0.0	0.11762979	0.0	0.08815557	0.0	0.0	0.0	0.0	0.5624237	0.0	0.0	0.0	0.242254	0.0	0.0	0.0	0.51990926	0.08858213	0.0	0.18515836	0.0	0.0	0.37282977	0.0	0.0	0.0	0.0	0.103096664	0.0	0.0	0.0	0.0	0.11387253	0.0	0.5009629	0.0	0.0	0.38959372	0.0	0.0
0.0	0.12676138	0.0	0.0	0.0	0.0	0.08414954	0.0	0.0	0.0	0.0	0.0	0.0	0.0	0.2892802	0.0	0.35340205	0.0	0.0	0.06711111	0.0	0.22545664	0.0	0.20384867	0.0	0.0	0.07766614	0.0	0.0	0.19012125	0.39405695	0.0	0.0	0.0	0.0	0.0	0.0	0.0	0.0	0.0	0.23848973	0.3489735	0.0	0.0	0.0	0.0	0.3764054	0.0	0.27170962	0.21367212	0.0	0.0	0.0	0.18281835	0.0	0.0	0.0	0.0	0.0	0.4219593	0.28959146	0.0	0.0	0.2909675	0.0	0.0	0.13271236	0.20088543	0.0	0.33087924	0.23294842	0.0	0.0	0.0	0.0	0.25838032	0.0	0.0	0.17773356	0.0	0.46776304	0.26418617	0.53602916	0.0	0.27329335	0.0	0.0	0.0	0.0	0.07537102	0.0	0.122021735	0.0	0.0	0.0	0.0	0.52146757	0.0	0.0	0.0	0.22750759	0.0	0.0	0.0	0.46219555	0.06542194	0.0	0.14195246	0.0	0.0	0.32645288	0.0	0.0058090803	0.0	0.0	0.0876045	0.0	0.0	0.0	0.0	0.12133774	0.0	0.5057726	0.0	0.0	0.40298894	0.0	0.0
0.0	0.1444872	0.0	0.0	0.0	0.0	0.07098036	0.0	0.0	0.0	0.0	0.0	0.0	0.0	0.28914747	0.0	0.35767016	0.0	0.0	0.0568748	0.0	0.20889981	0.0	0.2220099	0.0	0.0	0.10150749	0.0	0.0	0.19661482	0.37560257	0.0	0.0	0.0	0.0	0.0	0.0	0.0	0.0	0.0	0.24736416	0.3907155	0.0	0.0	0.0	0.0	0.3558848	0.0	0.2555503	0.17697537	0.0	0.0	0.0	0.19990937	0.0	0.0	0.0	0.0	0.0	0.41339374	0.33486286	0.0	0.0	0.3018975	0.0	0.0	0.102419	0.22454274	0.0	0.32568592	0.21917993	0.0	0.0	0.0	0.0	0.25331867	0.0	0.0	0.19769537	0.0	0.47767162	0.2222646	0.55769783	0.0	0.30000558	0.0	0.0	0.0	0.0	0.10198032	0.0	0.10845546	0.0	0.0	0.0	0.0	0.5432608	0.0	0.0	0.0	0.23712735	0.0	0.0	0.0	0.4928429	0.082110316	0.0	0.17383726	0.0	0.0	0.3374249	0.0	0.0	0.0	0.0	0.09893756	0.0	0.0	0.0	0.0	0.13261843	0.0	0.5126009	0.0	0.0	0.4071494	0.0	0.0
0.0	0.12392507	0.0	0.0	0.0	0.0	0.023261404	0.0	0.0	0.0	0.0	0.0	0.0	0.0	0.21915275	0.0	0.26420823	0.0	0.0	0.014479402	0.0	0.14778733	0.0	0.17330706	0.0	0.0	0.047428932	0.0	0.0	0.09593608	0.34677467	0.0	0.0	0.0	0.0	0.0	0.0	0.0	0.0	0.0	0.20174108	0.29180822	0.0	0.0	0.0	0.0	0.31005502	0.0	0.20962006	0.13382247	0.0	0.0	0.0	0.15193592	0.0	0.0	0.0	0.0	0.0	0.3540075	0.27493402	0.0	0.0	0.19405185	0.0	0.0	0.11984959	0.15740459	0.0	0.27189714	0.24798314	0.0	0.0	0.0	0.0	0.23081028	0.0	0.0	0.134634	0.0	0.39369217	0.1455028	0.43698558	0.0	0.2966868	0.0	0.0	0.0	0.0	0.08061583	0.0	0.060089618	0.0	0.0	0.0	0.0	0.54941034	0.0	0.0	0.0	0.21984012	0.0	0.0	0.0	0.45314217	0.012509252	0.0	0.11749464	0.0	0.0	0.3258666	0.0	0.0	0.0	0.0	0.10129505	0.0	0.0	0.0	0.0	0.098097645	0.0	0.42598042	0.0	0.0	0.35068145	0.0	0.0
0.0	0.13679032	0.0	0.0	0.0	0.0	0.071799934	0.0	0.0	0.0	0.0	0.0	0.0	0.0	0.27401614	0.0	0.33947062	0.0	0.0	0.05850868	0.0	0.2000749	0.0	0.21496618	0.0	0.0	0.0829327	0.0	0.0	0.18448322	0.37784612	0.0	0.0	0.0	0.0	0.0	0.0	0.0	0.0	0.0	0.24089503	0.36550513	0.0	0.0	0.0	0.0	0.3573402	0.0	0.24820566	0.17232513	0.0	0.0	0.0	0.18344879	0.0	0.0	0.0	0.0	0.0	0.40797326	0.3185312	0.0	0.0	0.27820048	0.0	0.0	0.10552097	0.21088375	0.0	0.31306317	0.22236554	0.0	0.0	0.0	0.0	0.25190628	0.0	0.0	0.1798147	0.0	0.4664413	0.21823607	0.52339226	0.0	0.29143688	0.0	0.0	0.0	0.0	0.092179626	0.0	0.10867485	0.0	0.0	0.0	0.0	0.5434665	0.0	0.0	0.0	0.22915436	0.0	0.0	0.0	0.4759219	0.06610904	0.0	0.152779	0.0	0.0	0.33409128	0.0	0.00031606294	0.0	0.0	0.100545764	0.0	0.0	0.0	0.0	0.1159754	0.0	0.49769735	0.0	0.0	0.39560235	0.0	0.0
0.0	0.12740539	0.0	0.0	0.0	0.0	0.08158518	0.0	0.0	0.0	0.0	0.0	0.0	0.0	0.26129368	0.0	0.32713008	0.0	0.0	0.053571776	0.0	0.20311838	0.0	0.20508568	0.0	0.0	0.07218262	0.0	0.0	0.16062886	0.38638207	0.0	0.0	0.0	0.0	0.0	0.0	0.0	0.0	0.0	0.22618179	0.3385435	0.0	0.0	0.0	0.0	0.35456955	0.0	0.24849252	0.17785557	0.0	0.0	0.0	0.1730463	0.0	0.0	0.0	0.0	0.0	0.40584943	0.29815924	0.0	0.0	0.25983348	0.0	0.0	0.113046825	0.19589143	0.0	0.30658606	0.22546892	0.0	0.0	0.0	0.0	0.24540816	0.0	0.0	0.16761847	0.0	0.45352438	0.22495969	0.4987248	0.0	0.28093672	0.0	0.0	0.0	0.0	0.07771756	0.0	0.11129254	0.0	0.0	0.0	0.0	0.5257535	0.0	0.0	0.0	0.22277386	0.0	0.0	0.0	0.4601101	0.048968565	0.0	0.13854729	0.0	0.0	0.32785913	0.0	0.004989745	0.0	0.0	0.09898662	0.0	0.0	0.0	0.0	0.11365149	0.0	0.48470163	0.0	0.0	0.3823476	0.0	0.0
0.0	0.12575142	0.0	0.0	0.0	0.0	0.084141016	0.0	0.0	0.0	0.0	0.0	0.0	0.0	0.24481909	0.0	0.31128457	0.0	0.0	0.046251845	0.0	0.19877477	0.0	0.20001896	0.0	0.0	0.06218789	0.0	0.0	0.14012259	0.38231954	0.0	0.0	0.0	0.0	0.0	0.0	0.0	0.0	0.0	0.21327369	0.31971633	0.0	0.0	0.0	0.0	0.34516016	0.0	0.24646752	0.17138107	0.0	0.0	0.0	0.16029021	0.0	0.0	0.0	0.0	0.0	0.40185705	0.28412452	0.0	0.0	0.23806326	0.0	0.0	0.11688193	0.18027435	0.0	0.30025592	0.22848137	0.0	0.0	0.0	0.0	0.24263908	0.0	0.0	0.15447922	0.0	0.43708584	0.21837278	0.4790031	0.0	0.27893746	0.0	0.0	0.0	0.0	0.07292766	0.0	0.104885675	0.0	0.0	0.0	0.0	0.5236997	0.0	0.0	0.0	0.21904707	0.0	0.0	0.0	0.44436038	0.031577036	0.0	0.13240387	0.0	0.0	0.32460642	0.0	0.0075861434	0.0	0.0	0.097747475	0.0	0.0	0.0	0.0	0.11056197	0.0	0.47633898	0.0	0.0	0.37401935	0.0	0.0
0.0	0.122233786	0.0	0.0	0.0	0.0	0.08426416	0.0	0.0	0.0	0.0	0.0	0.0	0.0	0.28033957	0.0	0.34604037	0.0	0.0	0.064063504	0.0	0.22690712	0.0	0.1936686	0.0	0.0	0.06988148	0.0	0.0	0.1834346	0.39595476	0.0	0.0	0.0	0.0	0.0	0.0	0.0	0.0	0.0	0.2334364	0.3377087	0.0	0.0	0.0	0.0	0.38284326	0.0	0.27176756	0.21276617	0.0	0.0	0.0	0.17441358	0.0	0.0	0.0	0.0	0.0	0.42139432	0.28158647	0.0	0.0	0.2849873	0.0	0.0	0.13990541	0.19729416	0.0	0.32641152	0.2365415	0.0	0.0	0.0	0.0	0.2520546	0.0	0.0	0.17129225	0.0	0.458567	0.2646146	0.52635103	0.0	0.26937696	0.0	0.0	0.0	0.0	0.06998353	0.0	0.12483754	0.0	0.0	0.0	0.0	0.51751775	0.0	0.0	0.0	0.22316049	0.0	0.0	0.0	0.45812783	0.055650473	0.0	0.13858128	0.0	0.0	0.3299103	0.0	0.0050320295	0.0	0.0	0.08528889	0.0	0.0	0.0	0.0	0.11310711	0.0	0.49655405	0.0	0.0	0.3971565	0.0	0.0
0.0	0.13691287	0.0	0.0	0.0	0.0	0.06801487	0.0	0.0	0.0	0.0	0.0	0.0	0.0	0.29235485	0.0	0.35664192	0.0	0.0	0.060222793	0.0	0.20627688	0.0	0.22681816	0.0	0.0	0.09977292	0.0	0.0	0.19451196	0.37111497	0.0	0.0	0.0	0.0	0.0	0.0	0.0	0.0	0.0	0.24599986	0.38465604	0.0	0.0	0.0	0.0	0.35853946	0.0	0.24343552	0.17539115	0.0	0.0	0.0	0.19161431	0.0	0.0	0.0	0.0	0.0	0.40662742	0.33091867	0.0	0.0	0.2888706	0.0	0.0	0.100433595	0.21848305	0.0	0.32513425	0.22110017	0.0	0.0	0.0	0.0	0.25799134	0.0	0.0	0.18580924	0.0	0.4857671	0.22111619	0.5389654	0.0	0.298694	0.0	0.0	0.0	0.0	0.10286667	0.0	0.10420216	0.0	0.0	0.0	0.0	0.5475106	0.0	0.0	0.0	0.23513295	0.0	0.0	0.0	0.4874631	0.084619574	0.0	0.16126166	0.0	0.0	0.3326861	0.0	0.0	0.0	0.0	0.09812757	0.0	0.0	0.0	0.0	0.12907533	0.0	0.50448525	0.0	0.0	0.40846732	0.0	0.0
0.0	0.12121266	0.0	0.0	0.0	0.0	0.062324632	0.0	0.0	0.0	0.0	0.0	0.0	0.0	0.2620032	0.0	0.31697723	0.0	0.0	0.0523636	0.0	0.19639279	0.0	0.2005465	0.0	0.0	0.07178997	0.0	0.0	0.16736107	0.37904808	0.0	0.0	0.0	0.0	0.0	0.0	0.0	0.0	0.0	0.23161681	0.34486905	0.0	0.0	0.0	0.0	0.3599293	0.0	0.24542494	0.17927219	0.0	0.0	0.0	0.17398845	0.0	0.0	0.0	0.0	0.0	0.40511814	0.3001591	0.0	0.0	0.25830254	0.0	0.0	0.121107645	0.20259757	0.0	0.31130138	0.22846465	0.0	0.0	0.0	0.0	0.24451728	0.0	0.0	0.16721316	0.0	0.4612275	0.22091627	0.4973203	0.0	0.276154	0.0	0.0	0.0	0.0	0.08045252	0.0	0.10347235	0.0	0.0	0.0	0.0	0.52715594	0.0	0.0	0.0	0.21647198	0.0	0.0	0.0	0.46154043	0.060617734	0.0	0.13482986	0.0	0.0	0.3293465	0.0	0.0033583213	0.0	0.0	0.097396396	0.0	0.0	0.0	0.0	0.109506704	0.0	0.4727049	0.0	0.0	0.378189	0.0	0.0
0.0	0.13151701	0.0	0.0	0.0	0.0	0.08103332	0.0	0.0	0.0	0.0	0.0	0.0	0.0	0.26973054	0.0	0.33589005	0.0	0.0	0.056566995	0.0	0.2021467	0.0	0.21566968	0.0	0.0	0.07525635	0.0	0.0	0.16581978	0.3784162	0.0	0.0	0.0	0.0	0.0	0.0	0.0	0.0	0.0	0.2268963	0.35097894	0.0	0.0	0.0	0.0	0.3536857	0.0	0.24840005	0.17348516	0.0	0.0	0.0	0.1744541	0.0	0.0	0.0	0.0	0.0	0.40779224	0.30645514	0.0	0.0	0.26573625	0.0	0.0	0.107183	0.19566679	0.0	0.30959544	0.22155459	0.0	0.0	0.0	0.0	0.2527133	0.0	0.0	0.17109048	0.0	0.45786497	0.22313158	0.5078285	0.0	0.28814182	0.0	0.0	0.0	0.0	0.08277298	0.0	0.110177375	0.0	0.0	0.0	0.0	0.53568757	0.0	0.0	0.0	0.22784059	0.0	0.0	0.0	0.46223053	0.054407787	0.0	0.13971037	0.0	0.0	0.3292884	0.0	0.0063554686	0.0	0.0	0.10082191	0.0	0.0	0.0	0.0	0.11754642	0.0	0.49342987	0.0	0.0	0.38819036	0.0	0.0
0.0	0.13945894	0.0	0.0	0.0	0.0	0.104098774	0.0	0.0	0.0	0.0	0.0	0.0	0.0	0.2730672	0.0	0.3461556	0.0	0.0	0.059193876	0.0	0.20661962	0.0	0.21918786	0.0	0.0	0.07944023	0.0	0.0	0.1647235	0.3840603	0.0	0.0	0.0	0.0	0.0	0.0	0.0	0.0	0.0	0.21884908	0.3491437	0.0	0.0	0.0	0.0	0.35345337	0.0	0.24969506	0.18104325	0.0	0.0	0.0	0.17181833	0.0	0.0	0.0	0.0	0.0	0.41273275	0.30437982	0.0	0.0	0.2686239	0.0	0.0	0.10508975	0.18639277	0.0	0.31073374	0.21256174	0.0	0.0	0.0	0.0	0.25532413	0.0	0.0	0.17257331	0.0	0.45573315	0.23659746	0.5102699	0.0	0.28438163	0.0	0.0	0.0	0.0	0.0800575	0.0	0.116171606	0.0	0.0	0.0	0.0	0.5338032	0.0	0.0	0.0	0.2327347	0.0	0.0	0.0	0.45495367	0.048865963	0.0	0.14930737	0.0	0.0	0.33026567	0.0	0.011296168	0.0	0.0	0.09905648	0.0	0.0	0.0	0.0	0.11855247	0.0	0.5080397	0.0	0.0	0.39313206	0.0	0.0
0.0	0.1409265	0.0	0.0	0.0	0.0	0.08339235	0.0	0.0	0.0	0.0	0.0	0.0	0.0	0.2949963	0.0	0.35980073	0.0	0.0	0.058520183	0.0	0.20927668	0.0	0.22604878	0.0	0.0	0.09456902	0.0	0.0	0.18788822	0.37682676	0.0	0.0	0.0	0.0	0.0	0.0	0.0	0.0	0.0	0.24443622	0.374813	0.0	0.0	0.0	0.0	0.3585907	0.0	0.2492851	0.17796044	0.0	0.0	0.0	0.19103193	0.0	0.0	0.0	0.0	0.0	0.41133597	0.3262901	0.0	0.0	0.28941956	0.0	0.0	0.09975245	0.20988512	0.0	0.31774703	0.21377319	0.0	0.0	0.0	0.0	0.2578133	0.0	0.0	0.1871569	0.0	0.4750336	0.22918802	0.5395372	0.0	0.2964159	0.0	0.0	0.0	0.0	0.09761947	0.0	0.111014605	0.0	0.0	0.0	0.0	0.54358274	0.0	0.0	0.0	0.23946898	0.0	0.0	0.0	0.48071513	0.073158294	0.0	0.16142821	0.0	0.0	0.331071	0.0	0.003997698	0.0	0.0	0.09756271	0.0	0.0	0.0	0.0	0.12685096	0.0	0.5077211	0.0	0.0	0.4080412	0.0	0.0
0.0	0.13165234	0.0	0.0	0.0	0.0	0.06679643	0.0	0.0	0.0	0.0	0.0	0.0	0.0	0.27422395	0.0	0.3324332	0.0	0.0	0.053833857	0.0	0.2053411	0.0	0.20987906	0.0	0.0	0.07801624	0.0	0.0	0.17544927	0.37785116	0.0	0.0	0.0	0.0	0.0	0.0	0.0	0.0	0.0	0.23840673	0.35461247	0.0	0.0	0.0	0.0	0.3572952	0.0	0.24777235	0.17156295	0.0	0.0	0.0	0.17912729	0.0	0.0	0.0	0.0	0.0	0.40558162	0.31297705	0.0	0.0	0.27828783	0.0	0.0	0.11075506	0.21308036	0.0	0.3097927	0.2262187	0.0	0.0	0.0	0.0	0.2478178	0.0	0.0	0.1782143	0.0	0.45364186	0.21367532	0.5201029	0.0	0.29114607	0.0	0.0	0.0	0.0	0.08511906	0.0	0.10560223	0.0	0.0	0.0	0.0	0.5378543	0.0	0.0	0.0	0.2316914	0.0	0.0	0.0	0.47525322	0.06180196	0.0	0.14961235	0.0	0.0	0.33706322	0.0	0.0003675241	0.0	0.0	0.09701907	0.0	0.0	0.0	0.0	0.11960193	0.0	0.48970053	0.0	0.0	0.3892518	0.0	0.0
0.0	0.13245559	0.0	0.0	0.0	0.0	0.066207625	0.0	0.0	0.0	0.0	0.0	0.0	0.0	0.29599544	0.0	0.36759695	0.0	0.0	0.0698335	0.0	0.22571982	0.0	0.18567824	0.0	0.0	0.08632711	0.0	0.0	0.21629782	0.3924969	0.0	0.0	0.0	0.0	0.0	0.0	0.0	0.0	0.0	0.25240144	0.36301517	0.0	0.0	0.0	0.0	0.39020452	0.0	0.28496101	0.23451419	0.0	0.0	0.0	0.1923706	0.0	0.0	0.0	0.0	0.0	0.42776158	0.2905687	0.0	0.0	0.3186448	0.0	0.0	0.15247206	0.2160479	0.0	0.35823235	0.2487855	0.0	0.0	0.0	0.0	0.25676665	0.0	0.0	0.1949624	0.0	0.47569898	0.28143802	0.5738296	0.0	0.2743729	0.0	0.0	0.0	0.0	0.08115444	0.0	0.12710339	0.0	0.0	0.0	0.0	0.51103854	0.0	0.0	0.0	0.22679774	0.0	0.0	0.0	0.47878185	0.08900893	0.0	0.15679653	0.0	0.0	0.3289921	0.0	0.0	0.0	0.0	0.083631195	0.0	0.0	0.0	0.0	0.12957986	0.0	0.51505643	0.0	0.0	0.40619564	0.0	0.0
0.0	0.1219528	0.0	0.0	0.0	0.0	0.0666186	0.0	0.0	0.0	0.0	0.0	0.0	0.0	0.29641822	0.0	0.35451785	0.0	0.0	0.06573597	0.0	0.22108275	0.0	0.19916034	0.0	0.0	0.09105872	0.0	0.0	0.20454776	0.39096507	0.0	0.0	0.0	0.0	0.0	0.0	0.0	0.0	0.0	0.25613806	0.37014532	0.0	0.0	0.0	0.0	0.3826028	0.0	0.27009314	0.2107379	0.0	0.0	0.0	0.19692321	0.0	0.0	0.0	0.0	0.0	0.42237556	0.3017361	0.0	0.0	0.29747805	0.0	0.0	0.13496386	0.21663797	0.0	0.3425831	0.23987778	0.0	0.0	0.0	0.0	0.25618887	0.0	0.0	0.18261749	0.0	0.4880166	0.25780988	0.5504916	0.0	0.28219387	0.0	0.0	0.0	0.0	0.090983145	0.0	0.11690303	0.0	0.0	0.0	0.0	0.5241667	0.0	0.0	0.0	0.2270511	0.0	0.0	0.0	0.482973	0.084138155	0.0	0.14800097	0.0	0.0	0.32260346	0.0	0.004062334	0.0	0.0	0.08430037	0.0	0.0	0.0	0.0	0.12487874	0.0	0.49904785	0.0	0.0	0.409318	0.0	0.0
0.0	0.12415633	0.0	0.0	0.0	0.0	0.081983216	0.0	0.0	0.0	0.0	0.0	0.0	0.0	0.24496287	0.0	0.30809954	0.0	0.0	0.047378078	0.0	0.20262302	0.0	0.19518079	0.0	0.0	0.059289858	0.0	0.0	0.14546628	0.3813062	0.0	0.0	0.0	0.0	0.0	0.0	0.0	0.0	0.0	0.21896155	0.3159531	0.0	0.0	0.0	0.0	0.34407914	0.0	0.24979234	0.16972955	0.0	0.0	0.0	0.15946777	0.0	0.0	0.0	0.0	0.0	0.39893314	0.28120157	0.0	0.0	0.24488367	0.0	0.0	0.116259	0.18528897	0.0	0.2973436	0.23058991	0.0	0.0	0.0	0.0	0.24068989	0.0	0.0	0.1578099	0.0	0.43476287	0.21119201	0.47953054	0.0	0.27535415	0.0	0.0	0.0	0.0	0.070612006	0.0	0.103401564	0.0	0.0	0.0	0.0	0.5216071	0.0	0.0	0.0	0.21525145	0.0	0.0	0.0	0.4489793	0.027602695	0.0	0.12921865	0.0	0.0	0.3313235	0.0	0.0035917629	0.0	0.0	0.09767301	0.0	0.0	0.0	0.0	0.108268835	0.0	0.46964946	0.0	0.0	0.3705031	0.0	0.0
0.0	0.11967867	0.0	0.0	0.0	0.0	0.06514191	0.0	0.0	0.0	0.0	0.0	0.0	0.0	0.25170878	0.0	0.3086175	0.0	0.0	0.04476243	0.0	0.20091844	0.0	0.20234334	0.0	0.0	0.055544894	0.0	0.0	0.14730713	0.37649694	0.0	0.0	0.0	0.0	0.0	0.0	0.0	0.0	0.0	0.21999024	0.32166162	0.0	0.0	0.0	0.0	0.34875154	0.0	0.23858826	0.16795313	0.0	0.0	0.0	0.16080587	0.0	0.0	0.0	0.0	0.0	0.40056697	0.2865565	0.0	0.0	0.24510686	0.0	0.0	0.119424425	0.18948764	0.0	0.29798034	0.22830094	0.0	0.0	0.0	0.0	0.24269716	0.0	0.0	0.15897089	0.0	0.44505468	0.21386255	0.4778469	0.0	0.27663147	0.0	0.0	0.0	0.0	0.07264273	0.0	0.10177169	0.0	0.0	0.0	0.0	0.5249273	0.0	0.0	0.0	0.2146039	0.0	0.0	0.0	0.45160094	0.040338885	0.0	0.1295198	0.0	0.0	0.3343071	0.0	0.0025436722	0.0	0.0	0.096848875	0.0	0.0	0.0	0.0	0.108151935	0.0	0.46629098	0.0	0.0	0.37209618	0.0	0.0
0.0	0.133364	0.0	0.0	0.0	0.0	0.06376388	0.0	0.0	0.0	0.0	0.0	0.0	0.0	0.28254592	0.0	0.34036812	0.0	0.0	0.057761665	0.0	0.20240502	0.0	0.21731155	0.0	0.0	0.0849191	0.0	0.0	0.18328683	0.37183452	0.0	0.0	0.0	0.0	0.0	0.0	0.0	0.0	0.0	0.24074842	0.36832163	0.0	0.0	0.0	0.0	0.35600838	0.0	0.24611521	0.17538433	0.0	0.0	0.0	0.1858285	0.0	0.0	0.0	0.0	0.0	0.40533903	0.32201263	0.0	0.0	0.27924225	0.0	0.0	0.10413251	0.21018553	0.0	0.3128768	0.22175688	0.0	0.0	0.0	0.0	0.25413558	0.0	0.0	0.18252516	0.0	0.47030285	0.21505444	0.527127	0.0	0.29430875	0.0	0.0	0.0	0.0	0.091976084	0.0	0.10433567	0.0	0.0	0.0	0.0	0.5464458	0.0	0.0	0.0	0.23016238	0.0	0.0	0.0	0.47936758	0.07185206	0.0	0.15302134	0.0	0.0	0.33303687	0.0	0.0022897366	0.0	0.0	0.100457214	0.0	0.0	0.0	0.0	0.12462696	0.0	0.49529672	0.0	0.0	0.39368764	0.0	0.0
0.0	0.12852351	0.0	0.0	0.0	0.0	0.028862918	0.0	0.0	0.0	0.0	0.0	0.0	0.0	0.18962033	0.0	0.25330064	0.0	0.0	0.013126906	0.0	0.13459004	0.0	0.16111888	0.0	0.0	0.036231782	0.0	0.0	0.07866985	0.31716776	0.0	0.0	0.0	0.0	0.0	0.0	0.0	0.0	0.0	0.17465003	0.2865654	0.0	0.0	0.0	0.0	0.29510316	0.0	0.23339255	0.14006384	0.0	0.0	0.0	0.13948314	0.0	0.0	0.0	0.0	0.0	0.35996452	0.25851217	0.0	0.0	0.16763826	0.0	0.0	0.13412191	0.13854899	0.0	0.26278692	0.25512263	0.0	0.0	0.0	0.0	0.22122352	0.0	0.0	0.13351206	0.0	0.34131894	0.13513733	0.41872385	0.0	0.27951035	0.0	0.0	0.0	0.0	0.08225659	0.0	0.055602163	0.0	0.0	0.0	0.0	0.54385215	0.0	0.0	0.0	0.21338432	0.0	0.0	0.0	0.4260079	0.0	0.0	0.10252276	0.0	0.0	0.31717992	0.0	0.0	0.0	0.0	0.104667604	0.0	0.0	0.0	0.0	0.09126303	0.0	0.4203203	0.0	0.0	0.33654436	0.0	0.0
0.0	0.1283239	0.0	0.0	0.0	0.0	0.06976311	0.0	0.0	0.0	0.0	0.0	0.0	0.0	0.25500426	0.0	0.3160995	0.0	0.0	0.057444748	0.0	0.20647387	0.0	0.19720761	0.0	0.0	0.0666699	0.0	0.0	0.165967	0.37802324	0.0	0.0	0.0	0.0	0.0	0.0	0.0	0.0	0.0	0.24689889	0.3311505	0.0	0.0	0.0	0.0	0.35283706	0.0	0.25584772	0.17046106	0.0	0.0	0.0	0.18155165	0.0	0.0	0.0	0.0	0.0	0.4146682	0.2948811	0.0	0.0	0.26117262	0.0	0.0	0.11716348	0.21498966	0.0	0.30014053	0.23161149	0.0	0.0	0.0	0.0	0.24147184	0.0	0.0	0.17122489	0.0	0.4464897	0.2078595	0.4948866	0.0	0.29015753	0.0	0.0	0.0	0.0	0.08045269	0.0	0.10828892	0.0	0.0	0.0	0.0	0.52307755	0.0	0.0	0.0	0.22161569	0.0	0.0	0.0	0.4656458	0.041852433	0.0	0.13889703	0.0	0.0	0.34169123	0.0	0.0	0.0	0.0	0.091689356	0.0	0.0	0.0	0.0	0.109249294	0.0	0.48023835	0.0	0.0	0.38082728	0.0	0.0
0.0	0.12716158	0.0	0.0	0.0	0.0	0.09085434	0.0	0.0	0.0	0.0	0.0	0.0	0.0	0.26038656	0.0	0.3338101	0.0	0.0	0.052158967	0.0	0.2076276	0.0	0.21786565	0.0	0.0	0.07083638	0.0	0.0	0.15659752	0.3859581	0.0	0.0	0.0	0.0	0.0	0.0	0.0	0.0	0.0	0.2218004	0.33836368	0.0	0.0	0.0	0.0	0.34718922	0.0	0.25077072	0.17833157	0.0	0.0	0.0	0.16532324	0.0	0.0	0.0	0.0	0.0	0.401649	0.2980072	0.0	0.0	0.256619	0.0	0.0	0.110622264	0.1854072	0.0	0.30424228	0.22124942	0.0	0.0	0.0	0.0	0.24826	0.0	0.0	0.16264735	0.0	0.4517776	0.22400635	0.495411	0.0	0.28175932	0.0	0.0	0.0	0.0	0.076513536	0.0	0.11312258	0.0	0.0	0.0	0.0	0.5252518	0.0	0.0	0.0	0.22519214	0.0	0.0	0.0	0.44630322	0.042120773	0.0	0.14800097	0.0	0.0	0.32559943	0.0	0.0074419384	0.0	0.0	0.10414189	0.0	0.0	0.0	0.0	0.12081534	0.0	0.4917879	0.0	0.0	0.38186884	0.0	0.0
0.0	0.13249831	0.0	0.0	0.0	0.0	0.07697823	0.0	0.0	0.0	0.0	0.0	0.0	0.0	0.26839545	0.0	0.33251086	0.0	0.0	0.055662964	0.0	0.20184374	0.0	0.20984153	0.0	0.0	0.079549946	0.0	0.0	0.1703834	0.38110498	0.0	0.0	0.0	0.0	0.0	0.0	0.0	0.0	0.0	0.23480465	0.35283354	0.0	0.0	0.0	0.0	0.3520998	0.0	0.24857302	0.17048167	0.0	0.0	0.0	0.18094917	0.0	0.0	0.0	0.0	0.0	0.40761003	0.30995384	0.0	0.0	0.26727846	0.0	0.0	0.10654805	0.20552851	0.0	0.3088018	0.22280896	0.0	0.0	0.0	0.0	0.24768622	0.0	0.0	0.17461975	0.0	0.46230432	0.21903686	0.51350546	0.0	0.2895172	0.0	0.0	0.0	0.0	0.08656632	0.0	0.10681081	0.0	0.0	0.0	0.0	0.5355656	0.0	0.0	0.0	0.22698379	0.0	0.0	0.0	0.47131166	0.05718891	0.0	0.14251819	0.0	0.0	0.3298852	0.0	0.0029700343	0.0	0.0	0.100223	0.0	0.0	0.0	0.0	0.11761015	0.0	0.49081564	0.0	0.0	0.38916898	0.0	0.0
0.0	0.12788725	0.0	0.0	0.0	0.0	0.06637395	0.0	0.0	0.0	0.0	0.0	0.0	0.0	0.26644567	0.0	0.32622293	0.0	0.0	0.052403465	0.0	0.20156777	0.0	0.21034032	0.0	0.0	0.072319254	0.0	0.0	0.16581956	0.3752776	0.0	0.0	0.0	0.0	0.0	0.0	0.0	0.0	0.0	0.2293353	0.349229	0.0	0.0	0.0	0.0	0.35630202	0.0	0.24573724	0.1724015	0.0	0.0	0.0	0.17586738	0.0	0.0	0.0	0.0	0.0	0.40506396	0.30510455	0.0	0.0	0.26365694	0.0	0.0	0.1119127	0.20105106	0.0	0.30889368	0.22501922	0.0	0.0	0.0	0.0	0.24721007	0.0	0.0	0.17269577	0.0	0.45814443	0.21831362	0.5043945	0.0	0.28543362	0.0	0.0	0.0	0.0	0.08310812	0.0	0.10493996	0.0	0.0	0.0	0.0	0.53352433	0.0	0.0	0.0	0.22199851	0.0	0.0	0.0	0.4642302	0.05923881	0.0	0.14088142	0.0	0.0	0.3309249	0.0	0.0027940988	0.0	0.0	0.09993917	0.0	0.0	0.0	0.0	0.11760893	0.0	0.48200133	0.0	0.0	0.38322672	0.0	0.0
0.0	0.1274116	0.0	0.0	0.0	0.0	0.06404058	0.0	0.0	0.0	0.0	0.0	0.0	0.0	0.29108736	0.0	0.34492263	0.0	0.0	0.061280187	0.0	0.21576123	0.0	0.21377683	0.0	0.0	0.08869186	0.0	0.0	0.1900958	0.37917304	0.0	0.0	0.0	0.0	0.0	0.0	0.0	0.0	0.0	0.24828734	0.3649695	0.0	0.0	0.0	0.0	0.36604378	0.0	0.25147143	0.18579483	0.0	0.0	0.0	0.18836856	0.0	0.0	0.0	0.0	0.0	0.4092033	0.31111798	0.0	0.0	0.2832946	0.0	0.0	0.11609601	0.21743844	0.0	0.32070324	0.22806358	0.0	0.0	0.0	0.0	0.25435767	0.0	0.0	0.17822058	0.0	0.47661176	0.22974102	0.5304175	0.0	0.28907228	0.0	0.0	0.0	0.0	0.09013096	0.0	0.107470304	0.0	0.0	0.0	0.0	0.5356265	0.0	0.0	0.0	0.22941518	0.0	0.0	0.0	0.47582328	0.07426891	0.0	0.14809819	0.0	0.0	0.3335782	0.0	0.0	0.0	0.0	0.09189752	0.0	0.0	0.0	0.0	0.12707098	0.0	0.49422297	0.0	0.0	0.4000032	0.0	0.0
0.0	0.13403511	0.0	0.0	0.0	0.0	0.075681776	0.0	0.0	0.0	0.0	0.0	0.0	0.0	0.2722907	0.0	0.33863726	0.0	0.0	0.05645586	0.0	0.200944	0.0	0.21852656	0.0	0.0	0.08322215	0.0	0.0	0.17402656	0.37976524	0.0	0.0	0.0	0.0	0.0	0.0	0.0	0.0	0.0	0.23522072	0.36052284	0.0	0.0	0.0	0.0	0.35065427	0.0	0.246548	0.17599286	0.0	0.0	0.0	0.18363218	0.0	0.0	0.0	0.0	0.0	0.4083085	0.31577423	0.0	0.0	0.27177086	0.0	0.0	0.10471231	0.20482934	0.0	0.31349957	0.22163737	0.0	0.0	0.0	0.0	0.2512578	0.0	0.0	0.17829274	0.0	0.46668756	0.21927853	0.5147932	0.0	0.29006884	0.0	0.0	0.0	0.0	0.08860988	0.0	0.106537044	0.0	0.0	0.0	0.0	0.5365887	0.0	0.0	0.0	0.22943829	0.0	0.0	0.0	0.4694129	0.06521364	0.0	0.14807063	0.0	0.0	0.32975864	0.0	0.0028262332	0.0	0.0	0.10257793	0.0	0.0	0.0	0.0	0.12161106	0.0	0.49643478	0.0	0.0	0.39337	0.0	0.0
0.0	0.18582636	0.0	0.0	0.0	0.0	0.0410436	0.0	0.0	0.0	0.0	0.0	0.0	0.0	0.34166408	0.0	0.42675814	0.0	0.0	0.09711977	0.0	0.19993818	0.0	0.2554437	0.0	0.0	0.16196178	0.0	0.0	0.2722102	0.324859	0.0	0.0	0.0	0.0	0.0	0.0	0.0	0.0	0.0	0.30557856	0.45626828	0.0	0.0	0.0	0.0	0.35742116	0.0	0.21482098	0.13846798	0.0	0.0	0.0	0.22066982	0.0	0.0	0.0	0.0	0.0	0.36604178	0.4112889	0.0	0.0	0.3440584	0.0	0.0	0.063892774	0.28353074	0.0	0.3204966	0.18431175	0.0	0.0	0.0	0.0	0.28174326	0.0	0.0	0.20874059	0.0	0.4950917	0.13639526	0.6297294	0.0	0.40160277	0.0	0.0	0.0	0.0	0.13649186	0.0	0.09011129	0.0	0.0	0.0	0.0	0.6070175	0.0	0.0	0.0	0.2933913	0.0	0.0	0.0	0.55453867	0.12191082	0.0	0.20286858	0.0	0.0	0.3774941	0.0	0.0	0.0	0.0	0.11857148	0.0	0.0	0.0	0.0	0.15973783	0.0	0.5575985	0.0	0.0	0.44016555	0.00040804906	0.0
0.0	0.18964082	0.0	0.0	0.0	0.0	0.07150183	0.0	0.0	0.0	0.0	0.0	0.0	0.0	0.34395847	0.0	0.43865427	0.0	0.0	0.11202669	0.0	0.21702398	0.0	0.2636377	0.0	0.0	0.12031523	0.0	0.0	0.26794437	0.32047975	0.0	0.0	0.0	0.0	0.0	0.0	0.0	0.0	0.0	0.30014494	0.4261578	0.0	0.0	0.0011743698	0.0	0.3542652	0.0	0.20365597	0.13933462	0.0	0.0	0.0	0.18596347	0.0	0.0	0.0	0.0	0.0	0.3624141	0.38761136	0.0	0.0	0.3304385	0.0	0.0	0.069414124	0.26591924	0.0	0.2969441	0.1808151	0.0	0.0	0.0	0.0	0.29687807	0.0	0.0	0.18829851	0.0	0.45753768	0.1357783	0.6155148	0.0	0.41121712	0.0	0.0	0.0	0.0	0.110764176	0.0	0.10213653	0.0	0.0	0.0	0.0	0.6147873	0.0	0.0	0.0	0.30520087	0.0	0.0	0.0	0.53061175	0.09255815	0.0	0.1845898	0.0	0.0	0.39222583	0.0	0.0	0.0	0.0	0.12155493	0.0	0.0	0.0	0.0	0.15629292	0.0	0.57088333	0.0	0.0	0.44168887	0.0012207832	0.0
0.0	0.18837154	0.0	0.0	0.0	0.0	0.04759459	0.0	0.0	0.0	0.0	0.0	0.0	0.0	0.34497687	0.0	0.4282408	0.0	0.0	0.10584953	0.0	0.20766394	0.0	0.25322643	0.0	0.0	0.14168017	0.0	0.0	0.2777533	0.31638363	0.0	0.0	0.0	0.0	0.0	0.0	0.0	0.0	0.0	0.30989823	0.43182626	0.0	0.0	0.0	0.0	0.36115518	0.0	0.20624311	0.14142711	0.0	0.0	0.0	0.20488025	0.0	0.0	0.0	0.0	0.0	0.35543486	0.39879385	0.0	0.0	0.33780584	0.0	0.0	0.06691161	0.2787585	0.0	0.30240032	0.179229	0.0	0.0	0.0	0.0	0.29046527	0.0	0.0	0.19662702	0.0	0.46546757	0.11839563	0.62092465	0.0	0.4142333	0.0	0.0	0.0	0.0	0.12133715	0.0	0.0925801	0.0	0.0	0.0	0.0	0.6136436	0.0	0.0	0.0	0.30400392	0.0	0.0	0.0	0.54746205	0.10648673	0.0	0.19130969	0.0	0.0	0.39143696	0.0	0.0	0.0	0.0	0.11983385	0.0	0.0	0.0	0.0	0.15470138	0.0	0.55729365	0.0	0.0	0.43171716	0.0	0.0
0.0	0.19375609	0.0	0.0	0.0	0.0	0.049999114	0.0	0.0	0.0	0.0	0.0	0.0	0.0	0.338228	0.0	0.42159042	0.0	0.0	0.107556574	0.0	0.1943981	0.0	0.25908604	0.0	0.0	0.13114007	0.0	0.0	0.2658061	0.3042588	0.0	0.0	0.0	0.0	0.0	0.0	0.0	0.0	0.0	0.29832768	0.42626536	0.0	0.0	0.004315306	0.0	0.34873268	0.0	0.1884905	0.12031733	0.0	0.0	0.0	0.19162494	0.0	0.0	0.0	0.0	0.0	0.34592333	0.3988278	0.0	0.0	0.31989977	0.0	0.0	0.063024096	0.2729622	0.0	0.28766298	0.17331193	0.0	0.0	0.0	0.0	0.29239276	0.0	0.0	0.18212815	0.0	0.45623603	0.10166144	0.60322815	0.0	0.42344797	0.0	0.0	0.0	0.0	0.11708514	0.0	0.084109865	0.0	0.0	0.0	0.0	0.6214722	0.0	0.0	0.0	0.30646458	0.0	0.0	0.0	0.53898495	0.0991501	0.0	0.18474348	0.0	0.0	0.40091625	0.0	0.0	0.0	0.0	0.1315969	0.0	0.0	0.0	0.0	0.14623125	0.0	0.55431587	0.0	0.0	0.42137417	0.008749957	0.0
0.0	0.19519798	0.0	0.0	0.0	0.0	0.05884658	0.0	0.0	0.0	0.0	0.0	0.0	0.0	0.3471125	0.0	0.43441853	0.0	0.0	0.11689639	0.0	0.20515926	0.0	0.25298235	0.0	0.0	0.13652454	0.0	0.0	0.28407487	0.3136715	0.0	0.0	0.0	0.0	0.0	0.0	0.0	0.0	0.0	0.31484044	0.43614373	0.0	0.0	0.004662404	0.0	0.35590827	0.0	0.19538069	0.13022463	0.0	0.0	0.0	0.19889283	0.0	0.0	0.0	0.0	0.0	0.3534602	0.3983507	0.0	0.0	0.33374378	0.0	0.0	0.06601059	0.27919635	0.0	0.29718485	0.17523563	0.0	0.0	0.0	0.0	0.29465827	0.0	0.0	0.18888879	0.0	0.46018553	0.10562706	0.61974174	0.0	0.42382956	0.0	0.0	0.0	0.0	0.12191737	0.0	0.090092845	0.0	0.0	0.0	0.0	0.6225496	0.0	0.0	0.0	0.31093535	0.0	0.0	0.0	0.548045	0.10455554	0.0	0.18732937	0.0	0.0	0.3979614	0.0	0.0	0.0	0.0	0.12070781	0.0	0.0	0.0	0.0	0.15318066	0.0	0.5659243	0.0	0.0	0.43733525	0.0035998083	0.0
0.0	0.18895127	0.0	0.0	0.0	0.0	0.044913586	0.0	0.0	0.0	0.0	0.0	0.0	0.0	0.33456936	0.0	0.41778803	0.0	0.0	0.10718926	0.0	0.1940016	0.0	0.2509335	0.0	0.0	0.13125451	0.0	0.0	0.26745358	0.3115677	0.0	0.0	0.0	0.0	0.0	0.0	0.0	0.0	0.0	0.30295622	0.42448768	0.0	0.0	0.0013469253	0.0	0.35508823	0.0	0.19811231	0.12633236	0.0	0.0	0.0	0.19476491	0.0	0.0	0.0	0.0	0.0	0.34923387	0.39740905	0.0	0.0	0.32182607	0.0	0.0	0.067856275	0.2739895	0.0	0.29464653	0.18198508	0.0	0.0	0.0	0.0	0.28756347	0.0	0.0	0.1874836	0.0	0.45972875	0.11002213	0.6053613	0.0	0.41416398	0.0	0.0	0.0	0.0	0.116656184	0.0	0.08529534	0.0	0.0	0.0	0.0	0.6165237	0.0	0.0	0.0	0.30119804	0.0	0.0	0.0	0.53961176	0.09775778	0.0	0.18159617	0.0	0.0	0.39468923	0.0	0.0	0.0	0.0	0.12588902	0.0	0.0	0.0	0.0	0.14443968	0.0	0.5514938	0.0	0.0	0.4231174	0.004415304	0.0
0.0	0.18735565	0.0	0.0	0.0	0.0	0.060440507	0.0	0.0	0.0	0.0	0.0	0.0	0.0	0.3362777	0.0	0.42163968	0.0	0.0	0.1104726	0.0	0.20916373	0.0	0.2434681	0.0	0.0	0.11499248	0.0	0.0	0.26383987	0.32079557	0.0	0.0	0.0	0.0	0.0	0.0	0.0	0.0	0.0	0.30068743	0.40914834	0.0	0.0	0.0067749913	0.0	0.36386263	0.0	0.19782495	0.13499792	0.0	0.0	0.0	0.18438686	0.0	0.0	0.0	0.0	0.0	0.35302082	0.37801614	0.0	0.0	0.32224354	0.0	0.0	0.07342479	0.2678273	0.0	0.28514662	0.17912878	0.0	0.0	0.0	0.0	0.28670526	0.0	0.0	0.17682952	0.0	0.44160417	0.11703354	0.5997655	0.0	0.41568375	0.0	0.0	0.0	0.0	0.10797297	0.0	0.097566485	0.0	0.0	0.0	0.0	0.6127746	0.0	0.0	0.0	0.3029154	0.0	0.0	0.0	0.5348987	0.08451623	0.0	0.17869894	0.0	0.0	0.39953676	0.0	0.0	0.0	0.0	0.1184598	0.0	0.0	0.0	0.0	0.14073439	0.0	0.55275387	0.0	0.0	0.42413616	0.0039509046	0.0
0.0	0.18807434	0.0	0.0	0.0	0.0	0.057444144	0.0	0.0	0.0	0.0	0.0	0.0	0.0	0.36097196	0.0	0.43979087	0.0	0.0	0.09950902	0.0	0.22748046	0.0	0.24701898	0.0	0.0	0.14520204	0.0	0.0	0.29571673	0.32391354	0.0	0.0	0.0	0.0	0.0	0.0	0.0	0.0	0.0	0.3283975	0.43012285	0.0	0.0	0.0	0.0	0.37010968	0.0	0.21338658	0.13968627	0.0	0.0	0.0	0.20350604	0.0	0.0	0.0	0.0	0.0	0.3524681	0.38803545	0.0	0.0	0.37024164	0.0	0.0	0.062398154	0.2759512	0.0	0.29041207	0.17530145	0.0	0.0	0.0	0.0	0.29729718	0.0	0.0	0.19996221	0.0	0.45210204	0.10531678	0.6496275	0.0	0.43794513	0.0	0.0	0.0	0.0	0.1356396	0.0	0.09046942	0.0	0.0	0.0	0.0	0.61767036	0.0	0.0	0.0	0.31285575	0.0	0.0	0.0	0.5715627	0.1073522	0.0	0.20717688	0.0	0.0	0.3923355	0.0	0.0	0.0	0.0	0.11964651	0.0	0.0	0.0	0.0	0.16062649	0.0	0.55992603	0.0	0.0	0.43874177	0.0	0.0
0.0	0.1958999	0.0	0.0	0.0	0.0	0.05813223	0.0	0.0	0.0	0.0	0.0	0.0	0.0	0.3359371	0.0	0.42897534	0.0	0.0	0.110310696	0.0	0.21234272	0.0	0.2533553	0.0	0.0	0.12526874	0.0	0.0	0.27572903	0.3138978	0.0	0.0	0.0	0.0	0.0	0.0	0.0	0.0	0.0	0.30522504	0.42657614	0.0	0.0	0.0047924216	0.0	0.35749698	0.0	0.20040254	0.13237914	0.0	0.0	0.0	0.18860562	0.0	0.0	0.0	0.0	0.0	0.35714626	0.39258787	0.0	0.0	0.33605337	0.0	0.0	0.071490526	0.2752824	0.0	0.2933542	0.17872556	0.0	0.0	0.0	0.0	0.2916441	0.0	0.0	0.19064617	0.0	0.4519322	0.11756309	0.6223454	0.0	0.4188994	0.0	0.0	0.0	0.0	0.11574151	0.0	0.09319814	0.0	0.0	0.0	0.0	0.6142636	0.0	0.0	0.0	0.30631918	0.0	0.0	0.0	0.5406901	0.09743547	0.0	0.18901248	0.0	0.0	0.40332446	0.0	0.0	0.0	0.0	0.1273913	0.0	0.0	0.0	0.0	0.14993066	0.0	0.56550974	0.0	0.0	0.43149662	0.0022372063	0.0
0.0	0.1994952	0.0	0.0	0.0	0.0	0.04016907	0.0	0.0	0.0	0.0	0.0	0.0	0.0	0.33206305	0.0	0.43688676	0.0	0.0	0.10885758	0.0	0.20957963	0.0	0.25770807	0.0	0.0	0.1343975	0.0	0.0	0.2820793	0.31774136	0.0	0.0	0.0	0.0	0.0	0.0	0.0	0.0	0.0	0.32201505	0.42395815	0.0	0.0	0.009212305	0.0	0.36174822	0.0	0.20548566	0.13519381	0.0	0.0	0.0	0.19755453	0.0	0.0	0.0	0.0	0.0	0.3632493	0.40299153	0.0	0.0	0.35070384	0.0	0.0	0.06506746	0.28499702	0.0	0.3075039	0.18483882	0.0	0.0	0.0	0.0	0.3001252	0.0	0.0	0.2115192	0.0	0.45626032	0.10632614	0.62835336	0.0	0.4293557	0.0	0.0	0.0	0.0	0.12823254	0.0	0.08748641	0.0	0.0	0.0	0.0	0.62305903	0.0	0.0	0.0	0.31581447	0.0	0.0	0.0	0.5481843	0.10908743	0.0	0.19429167	0.0	0.0	0.4123709	0.0	0.0	0.0	0.0	0.12861049	0.0	0.0	0.0	0.0	0.1527093	0.0	0.56602407	0.0	0.0	0.4301909	0.0	0.0
0.0	0.19050866	0.0	0.0	0.0	0.0	0.06349099	0.0	0.0	0.0	0.0	0.0	0.0	0.0	0.34339428	0.0	0.43216386	0.0	0.0	0.11684793	0.0	0.20782118	0.0	0.25355873	0.0	0.0	0.11306924	0.0	0.0	0.26659688	0.31106746	0.0	0.0	0.0	0.0	0.0	0.0	0.0	0.0	0.0	0.2973402	0.41440567	0.0	0.0	0.013805638	0.0	0.36124775	0.0	0.19255967	0.13206352	0.0	0.0	0.0	0.17843378	0.0	0.0	0.0	0.0	0.0	0.35145533	0.38389885	0.0	0.0	0.32091862	0.0	0.0	0.072576635	0.26387647	0.0	0.28703487	0.17304718	0.0	0.0	0.0	0.0	0.29625332	0.0	0.0	0.17206232	0.0	0.44350615	0.1152366	0.60146993	0.0	0.42260233	0.0	0.0	0.0	0.0	0.106082775	0.0	0.09601503	0.0	0.0	0.0	0.0	0.6212624	0.0	0.0	0.0	0.3090618	0.0	0.0	0.0	0.52969855	0.08559239	0.0	0.173007	0.0	0.0	0.4040698	0.0	0.0	0.0	0.0	0.12662725	0.0	0.0	0.0	0.0	0.1446227	0.0	0.5616098	0.0	0.0	0.42795277	0.006751538	0.0
0.0	0.17764288	0.0	0.0	0.0	0.0	0.057912122	0.0	0.0	0.0	0.0	0.0	0.0	0.0	0.36588967	0.0	0.44497833	0.0	0.0	0.10600085	0.0	0.22949205	0.0	0.23720102	0.0	0.0	0.1656283	0.0	0.0	0.29684207	0.32946035	0.0	0.0	0.0	0.0	0.0	0.0	0.0	0.0	0.0	0.35217187	0.43087927	0.0	0.0	0.00055542524	0.0	0.38312522	0.0	0.22449608	0.14495467	0.0	0.0	0.0	0.21635206	0.0	0.0	0.0	0.0	0.0	0.38473096	0.39176497	0.0	0.0	0.36835873	0.0	0.0	0.06783367	0.28966048	0.0	0.30633914	0.19209975	0.0	0.0	0.0	0.0	0.29236543	0.0	0.0	0.20695029	0.0	0.48423067	0.13852814	0.6457141	0.0	0.44741723	0.0	0.0	0.0	0.0	0.14372052	0.0	0.10858578	0.0	0.0	0.0	0.0	0.61656404	0.0	0.0	0.0	0.31683964	0.0	0.0	0.0	0.57375866	0.11338163	0.0	0.19043227	0.0	0.0	0.39102873	0.0	0.0	0.0	0.0	0.110925846	0.0	0.0	0.0	0.0	0.15659861	0.0	0.5623244	0.0	0.0	0.45214164	0.0	0.0
0.0	0.18737082	0.0	0.0	0.0	0.0	0.06423748	0.0	0.0	0.0	0.0	0.0	0.0	0.0	0.33827686	0.0	0.42911026	0.0	0.0	0.11545348	0.0	0.21227062	0.0	0.2544237	0.0	0.0	0.10914433	0.0	0.0	0.26142532	0.3142245	0.0	0.0	0.0	0.0	0.0	0.0	0.0	0.0	0.0	0.29690537	0.41158357	0.0	0.0	0.010582785	0.0	0.35622653	0.0	0.1938646	0.13065033	0.0	0.0	0.0	0.17379259	0.0	0.0	0.0	0.0	0.0	0.3513333	0.37976313	0.0	0.0	0.3173354	0.0	0.0	0.077978276	0.2645103	0.0	0.28361794	0.17973715	0.0	0.0	0.0	0.0	0.29327005	0.0	0.0	0.1730298	0.0	0.4417595	0.11690921	0.59808236	0.0	0.41787192	0.0	0.0	0.0	0.0	0.10247808	0.0	0.09687179	0.0	0.0	0.0	0.0	0.6164613	0.0	0.0	0.0	0.30374303	0.0	0.0	0.0	0.5281627	0.08237866	0.0	0.17285247	0.0	0.0	0.40120682	0.0	0.0	0.0	0.0	0.12509179	0.0	0.0	0.0	0.0	0.14465111	0.0	0.56042	0.0	0.0	0.4286437	0.008013944	0.0
0.0	0.194292	0.0	0.0	0.0	0.0	0.07935866	0.0	0.0	0.0	0.0	0.0	0.0	0.0	0.33679017	0.0	0.43290702	0.0	0.0	0.1246111	0.0	0.20893134	0.0	0.26554653	0.0	0.0	0.093754135	0.0	0.0	0.2608577	0.3110536	0.0	0.0	0.0	0.0	0.0	0.0	0.0	0.0	0.0	0.29498932	0.3976539	0.0	0.0	0.023537358	0.0	0.3538758	0.0	0.18968868	0.12923531	0.0	0.0	0.0	0.1618853	0.0	0.0	0.0	0.0	0.0	0.3485776	0.37423277	0.0	0.0	0.31187132	0.0	0.0	0.07777103	0.2572517	0.0	0.2754438	0.17160583	0.0	0.0	0.0	0.0	0.30828905	0.0	0.0020346555	0.1601295	0.0	0.4214443	0.108395584	0.5917235	0.0	0.42486247	0.0	0.0	0.0	0.0	0.09324256	0.0	0.097741045	0.0	0.0	0.0	0.0	0.62269825	0.0	0.0	0.0	0.31291214	0.0	0.0	0.0	0.51784915	0.07163635	0.0	0.16185297	0.0	0.0	0.41287434	0.0	0.0	0.0	0.0	0.13433176	0.0	0.0	0.0	0.0	0.14367437	0.0	0.5708178	0.0	0.0	0.4268031	0.00986063	0.0
0.0	0.18015443	0.0	0.0	0.0	0.0	0.05191878	0.0	0.0	0.0	0.0	0.0	0.0	0.0	0.32099688	0.0	0.40453342	0.0	0.0	0.09929103	0.0	0.20229773	0.0	0.23843233	0.0	0.0	0.09970536	0.0	0.0	0.2431597	0.3173578	0.0	0.0	0.0	0.0	0.0	0.0	0.0	0.0	0.0	0.29810706	0.38285407	0.0	0.0	0.018068815	0.0	0.3591125	0.0	0.19225967	0.12550555	0.0	0.0	0.0	0.16991149	0.0	0.0	0.0	0.0	0.0	0.3482934	0.37449622	0.0	0.0	0.30408385	0.0	0.0	0.07543985	0.25905928	0.0	0.27176967	0.17995013	0.0	0.0	0.0	0.0	0.2880732	0.0	0.00030692294	0.16722012	0.0	0.43154296	0.099772535	0.570043	0.0	0.4083012	0.0	0.0	0.0	0.0	0.101332046	0.0	0.08209392	0.0	0.0	0.0	0.0	0.6132001	0.0	0.0	0.0	0.29957634	0.0	0.0	0.0	0.52684516	0.06960816	0.0	0.16429074	0.0	0.0	0.4091555	0.0	0.0	0.0	0.0	0.12349377	0.0	0.0	0.0	0.0	0.1351967	0.0	0.52827513	0.0	0.0	0.4032615	0.0059485193	0.0
0.0	0.1932773	0.0	0.0	0.0	0.0	0.06144467	0.0	0.0	0.0	0.0	0.0	0.0	0.0	0.34146464	0.0	0.4265926	0.0	0.0	0.11070772	0.0	0.19766551	0.0	0.2576026	0.0	0.0	0.11978408	0.0	0.0	0.26066437	0.3070944	0.0	0.0	0.0	0.0	0.0	0.0	0.0	0.0	0.0	0.30047426	0.41524065	0.0	0.0	0.011380345	0.0	0.34899807	0.0	0.18212728	0.12289248	0.0	0.0	0.0	0.18282251	0.0	0.0	0.0	0.0	0.0	0.34314623	0.3931853	0.0	0.0	0.31467587	0.0	0.0	0.06415119	0.26595026	0.0	0.28144607	0.1674841	0.0	0.0	0.0	0.0	0.29345226	0.0	0.0	0.17890418	0.0	0.4439911	0.10374477	0.5998408	0.0	0.42209575	0.0	0.0	0.0	0.0	0.113851905	0.0	0.087295	0.0	0.0	0.0	0.0	0.62257427	0.0	0.0	0.0	0.3138839	0.0	0.0	0.0	0.5395744	0.08867427	0.0	0.18081342	0.0	0.0	0.40262833	0.0	0.0	0.0	0.0	0.12789159	0.0	0.0	0.0	0.0	0.14520222	0.0	0.55774194	0.0	0.0	0.42358413	0.010626932	0.0
0.0	0.1883065	0.0	0.0	0.0	0.0	0.06560867	0.0	0.0	0.0	0.0	0.0	0.0	0.0	0.3301746	0.0	0.41809893	0.0	0.0	0.11595354	0.0	0.20016937	0.0	0.25558117	0.0	0.0	0.10167741	0.0	0.0	0.2503207	0.31051826	0.0	0.0	0.0	0.0	0.0	0.0	0.0	0.0	0.0	0.2906176	0.39766264	0.0	0.0	0.016039452	0.0	0.34926066	0.0	0.18532507	0.12336419	0.0	0.0	0.0	0.16928403	0.0	0.0	0.0	0.0	0.0	0.3423754	0.3752621	0.0	0.0	0.30481791	0.0	0.0	0.072984345	0.25771356	0.0	0.2754949	0.17648804	0.0	0.0	0.0	0.0	0.29730198	0.0	0.0	0.16019514	0.0	0.4305675	0.101602204	0.58315355	0.0	0.4194391	0.0	0.0	0.0	0.0	0.09875623	0.0	0.09234171	0.0	0.0	0.0	0.0	0.62005633	0.0	0.0	0.0	0.3041644	0.0	0.0	0.0	0.5228122	0.074375	0.0	0.16605094	0.0	0.0	0.40603527	0.0	0.0	0.0	0.0	0.13175333	0.0	0.0	0.0	0.0	0.13994503	0.0	0.5526324	0.0	0.0	0.41651687	0.010465041	0.0
0.0	0.18550242	0.0	0.0	0.0	0.0	0.07566016	0.0	0.0	0.0	0.0	0.0	0.0	0.0	0.3694923	0.0	0.46459207	0.0	0.0	0.14005907	0.0	0.24134125	0.0	0.23656268	0.0	0.0	0.10928047	0.0	0.0	0.3064157	0.3302547	0.0	0.0	0.0	0.0	0.0	0.0	0.0	0.0	0.0	0.32360873	0.4061004	0.0	0.0	0.033194866	0.0	0.3951377	0.0	0.22527342	0.18968773	0.0	0.0	0.0	0.1773771	0.0	0.0	0.0	0.0	0.0	0.36833516	0.36054805	0.0	0.0	0.34770843	0.0	0.0	0.10923191	0.26311192	0.0	0.30748624	0.18141854	0.0	0.0	0.0	0.0	0.30784225	0.0	0.0	0.18221605	0.0	0.43683347	0.15956034	0.63479096	0.0	0.4176663	0.0	0.0	0.0	0.0	0.09303671	0.0	0.11516205	0.0	0.0	0.0	0.0	0.60108906	0.0	0.0	0.0	0.32156968	0.0	0.0	0.0	0.5292365	0.092766695	0.0	0.16577192	0.0	0.0	0.4025699	0.0	0.0	0.0	0.0	0.11302734	0.0	0.0	0.0	0.0	0.15072697	0.0	0.583192	0.0	0.0	0.45174003	0.0	0.0
0.0	0.1841222	0.0	0.0	0.0	0.0	0.06497857	0.0	0.0	0.0	0.0	0.0	0.0	0.0	0.35312775	0.0	0.43977973	0.0	0.0	0.1293565	0.0	0.22130287	0.0	0.243012	0.0	0.0	0.109022915	0.0	0.0	0.2825557	0.31886107	0.0	0.0	0.0	0.0	0.0	0.0	0.0	0.0	0.0	0.31128296	0.40599498	0.0	0.0	0.024113962	0.0	0.37774202	0.0	0.20777255	0.15764542	0.0	0.0	0.0	0.17809409	0.0	0.0	0.0	0.0	0.0	0.3570415	0.36965978	0.0	0.0	0.32659468	0.0	0.0	0.09137852	0.26516274	0.0	0.29328427	0.1803142	0.0	0.0	0.0	0.0	0.2997345	0.0	0.0	0.17326069	0.0	0.43945584	0.13150519	0.6099146	0.0	0.4189948	0.0	0.0	0.0	0.0	0.09780162	0.0	0.10256199	0.0	0.0	0.0	0.0	0.6110024	0.0	0.0	0.0	0.31187895	0.0	0.0	0.0	0.530377	0.08502809	0.0	0.16472836	0.0	0.0	0.4021709	0.0	0.0	0.0	0.0	0.118536055	0.0	0.0	0.0	0.0	0.14526366	0.0	0.56530756	0.0	0.0	0.43531942	0.00031816526	0.0
0.0	0.18136145	0.0	0.0	0.0	0.0	0.045473743	0.0	0.0	0.0	0.0	0.0	0.0	0.0	0.3463767	0.0	0.42231023	0.0	0.0	0.09936573	0.0	0.20953153	0.0	0.2566767	0.0	0.0	0.14895658	0.0	0.0	0.2648823	0.32084057	0.0	0.0	0.0	0.0	0.0	0.0	0.0	0.0	0.0	0.30632266	0.43770352	0.0	0.0	0.0	0.0	0.3510944	0.0	0.20608044	0.13853708	0.0	0.0	0.0	0.20765603	0.0	0.0	0.0	0.0	0.0	0.36149064	0.39833698	0.0	0.0	0.33280087	0.0	0.0	0.06576251	0.27750403	0.0	0.30719635	0.18487509	0.0	0.0	0.0	0.0	0.2858429	0.0	0.0	0.20194311	0.0	0.48540008	0.13392675	0.6151689	0.0	0.39902917	0.0	0.0	0.0	0.0	0.12759243	0.0	0.08718145	0.0	0.0	0.0	0.0	0.60551935	0.0	0.0	0.0	0.29526535	0.0	0.0	0.0	0.5452199	0.11136538	0.0	0.19476305	0.0	0.0	0.38567662	0.0	0.0	0.0	0.0	0.11759212	0.0	0.0	0.0	0.0	0.16054364	0.0	0.5497781	0.0	0.0	0.43397895	0.0009306725	0.0
0.0	0.18970162	0.0	0.0	0.0	0.0	0.08684471	0.0	0.0	0.0	0.0	0.0	0.0	0.0	0.35283408	0.0	0.44173944	0.0	0.0	0.11520103	0.0	0.21876325	0.0	0.2675654	0.0	0.0	0.1089435	0.0	0.0	0.26434493	0.3211635	0.0	0.0	0.0	0.0	0.0	0.0	0.0	0.0	0.0	0.2985116	0.41110215	0.0	0.0	0.01001813	0.0	0.35413203	0.0	0.19500668	0.14486013	0.0	0.0	0.0	0.17693162	0.0	0.0	0.0	0.0	0.0	0.357995	0.38208404	0.0	0.0	0.32451972	0.0	0.0	0.06926463	0.25729385	0.0	0.29102862	0.16976227	0.0	0.0	0.0	0.0	0.30626473	0.0	0.0	0.17813843	0.0	0.44630075	0.1349942	0.60876894	0.0	0.41193998	0.0	0.0	0.0	0.0	0.10399306	0.0	0.10363039	0.0	0.0	0.0	0.0	0.61342937	0.0	0.0	0.0	0.31438264	0.0	0.0	0.0	0.52293724	0.081793554	0.0	0.17658758	0.0	0.0	0.39474377	0.0	0.0	0.0	0.0	0.12171952	0.0	0.0	0.0	0.0	0.15369155	0.0	0.57196563	0.0	0.0	0.4420062	0.0051330584	0.0
0.0	0.18699765	0.0	0.0	0.0	0.0	0.06055225	0.0	0.0	0.0	0.0	0.0	0.0	0.0	0.34449232	0.0	0.43070844	0.0	0.0	0.11308148	0.0	0.2106425	0.0	0.25772318	0.0	0.0	0.12242632	0.0	0.0	0.26627225	0.3164551	0.0	0.0	0.0	0.0	0.0	0.0	0.0	0.0	0.0	0.30042318	0.42141688	0.0	0.0	0.0058016772	0.0	0.35398865	0.0	0.19574092	0.13347484	0.0	0.0	0.0	0.18666707	0.0	0.0	0.0	0.0	0.0	0.35468522	0.38710293	0.0	0.0	0.3220922	0.0	0.0	0.06888005	0.2672346	0.0	0.2941124	0.17921007	0.0	0.0	0.0	0.0	0.29303765	0.0	0.0	0.18577076	0.0	0.4550358	0.1257632	0.6061185	0.0	0.41097245	0.0	0.0	0.0	0.0	0.113280654	0.0	0.09203038	0.0	0.0	0.0	0.0	0.61470073	0.0	0.0	0.0	0.30387458	0.0	0.0	0.0	0.53545153	0.091957204	0.0	0.18296377	0.0	0.0	0.39656416	0.0	0.0	0.0	0.0	0.122097574	0.0	0.0	0.0	0.0	0.14906837	0.0	0.5604435	0.0	0.0	0.434329	0.0054034945	0.0
0.0	0.18356101	0.0	0.0	0.0	0.0	0.054412305	0.0	0.0	0.0	0.0	0.0	0.0	0.0	0.33560017	0.0	0.4166194	0.0	0.0	0.10693351	0.0	0.20135821	0.0	0.24916548	0.0	0.0	0.13055144	0.0	0.0	0.26393804	0.32000354	0.0	0.0	0.0	0.0	0.0	0.0	0.0	0.0	0.0	0.29728827	0.424449	0.0	0.0	0.0	0.0	0.35941258	0.0	0.20693614	0.13345642	0.0	0.0	0.0	0.19794713	0.0	0.0	0.0	0.0	0.0	0.3599961	0.3858521	0.0	0.0	0.3270785	0.0	0.0	0.06972974	0.26782772	0.0	0.30005035	0.18438195	0.0	0.0	0.0	0.0	0.2862254	0.0	0.0	0.1865531	0.0	0.46331277	0.12796311	0.6079074	0.0	0.40370455	0.0	0.0	0.0	0.0	0.117099196	0.0	0.092445225	0.0	0.0	0.0	0.0	0.61167055	0.0	0.0	0.0	0.29426092	0.0	0.0	0.0	0.5368154	0.09787128	0.0	0.18091576	0.0	0.0	0.3860031	0.0	0.0	0.0	0.0	0.121186994	0.0	0.0	0.0	0.0	0.14664651	0.0	0.55164355	0.0	0.0	0.42796627	0.0014803367	0.0
0.0	0.2043214	0.0	0.0	0.0	0.0	0.055729687	0.0	0.0	0.0	0.0	0.0	0.0	0.0	0.3460342	0.0	0.44572726	0.0	0.0	0.11201223	0.0	0.21010779	0.0	0.27032623	0.0	0.0	0.15331952	0.0	0.0	0.28554103	0.30818227	0.0	0.0	0.0	0.0	0.0	0.0	0.0	0.0	0.0	0.30931696	0.46320912	0.0	0.0	0.0	0.0	0.3478841	0.0	0.20666957	0.12505002	0.0	0.0	0.0	0.20626056	0.0	0.0	0.0	0.0	0.0	0.35971248	0.42065787	0.0	0.0	0.34813774	0.0	0.0	0.057517428	0.28755406	0.0	0.30470762	0.17409365	0.0	0.0	0.0	0.0	0.29227114	0.0	0.0	0.21023929	0.0	0.47278497	0.119258344	0.6467355	0.0	0.42910567	0.0	0.0	0.0	0.0	0.1324082	0.0	0.08725095	0.0	0.0	0.0	0.0	0.62578577	0.0	0.0	0.0	0.31223586	0.0	0.0	0.0	0.550486	0.11660332	0.0	0.21136539	0.0	0.0	0.40204564	0.0	0.0	0.0	0.0	0.13077171	0.0	0.0	0.0	0.0	0.16381627	0.0	0.5876137	0.0	0.0	0.44945517	0.0045165922	0.0
0.0	0.1866172	0.0	0.0	0.0	0.0	0.04720323	0.0	0.0	0.0	0.0	0.0	0.0	0.0	0.3398178	0.0	0.42541718	0.0	0.0	0.10226941	0.0	0.21151	0.0	0.26312667	0.0	0.0	0.13423882	0.0	0.0	0.26855636	0.3199906	0.0	0.0	0.0	0.0	0.0	0.0	0.0	0.0	0.0	0.30250093	0.4262359	0.0	0.0	0.0	0.0	0.35157517	0.0	0.20653503	0.13843787	0.0	0.0	0.0	0.19140963	0.0	0.0	0.0	0.0	0.0	0.35138258	0.39297202	0.0	0.0	0.33414605	0.0	0.0	0.07186964	0.2707671	0.0	0.29781207	0.18782847	0.0	0.0	0.0	0.0	0.28992984	0.0	0.0	0.19522004	0.0	0.4640769	0.12440095	0.60865575	0.0	0.40426454	0.0	0.0	0.0	0.0	0.11570943	0.0	0.09077854	0.0	0.0	0.0	0.0	0.61108536	0.0	0.0	0.0	0.29960558	0.0	0.0	0.0	0.5323743	0.10331894	0.0	0.19067533	0.0	0.0	0.39030063	0.0	0.0	0.0	0.0	0.12340552	0.0	0.0	0.0	0.0	0.15413076	0.0	0.5580118	0.0	0.0	0.42977858	0.0	0.0
0.0	0.12523447	0.0	0.0	0.0	0.0	0.095933944	0.0	0.0	0.0	0.0	0.0	0.0	0.0	0.31235287	0.0	0.361786	0.0	0.0	0.059652913	0.0	0.23056126	0.0	0.23083764	0.0	0.0	0.089294106	0.0	0.0	0.18024747	0.38663277	0.0	0.0	0.0	0.0	0.0	0.0	0.0	0.0	0.0	0.2475215	0.35264096	0.0	0.0	0.0	0.0	0.35892224	0.0	0.23738115	0.19314902	0.0	0.0	0.0	0.18837442	0.0	0.0029547513	0.0	0.0	0.0	0.40692875	0.3014486	0.0	0.0	0.2895235	0.0	0.0	0.10451702	0.2064374	0.0	0.32150453	0.21375658	0.0	0.0	0.0	0.0	0.26567718	0.0	0.0	0.16607028	0.0	0.48238906	0.23975794	0.5245365	0.0	0.28929916	0.0	0.0	0.0	0.0	0.092869215	0.0	0.123009086	0.0	0.0	0.0	0.0	0.524537	0.0	0.0	0.0	0.24317084	0.0	0.0	0.0	0.47400108	0.072915934	0.0	0.16068761	0.0	0.0	0.3270785	0.0	0.0048436467	0.0	0.0	0.083875604	0.0	0.0	0.0	0.0	0.14167859	0.0	0.50005	0.0	0.0	0.40832123	0.0	0.0
0.0	0.13220634	0.0	0.0	0.0	0.0	0.0677425	0.0	0.0	0.0	0.0	0.0	0.0	0.0	0.28495547	0.0	0.34507433	0.0	0.0	0.05642605	0.0	0.2067225	0.0	0.21521431	0.0	0.0	0.08832362	0.0	0.0	0.18766928	0.37509856	0.0	0.0	0.0	0.0	0.0	0.0	0.0	0.0	0.0	0.2458411	0.37390038	0.0	0.0	0.0	0.0	0.35474148	0.0	0.24536121	0.17536215	0.0	0.0	0.0	0.18824153	0.0	0.0	0.0	0.0	0.0	0.40973544	0.32008746	0.0	0.0	0.28252468	0.0	0.0	0.10712653	0.21514314	0.0	0.32017398	0.22706409	0.0	0.0	0.0	0.0	0.25167271	0.0	0.0	0.18360652	0.0	0.4753046	0.2215162	0.5309957	0.0	0.2923005	0.0	0.0	0.0	0.0	0.09415505	0.0	0.106648944	0.0	0.0	0.0	0.0	0.53901666	0.0	0.0	0.0	0.23121093	0.0	0.0	0.0	0.4807571	0.073759496	0.0	0.15668085	0.0	0.0	0.33415893	0.0	0.0018418574	0.0	0.0	0.094878554	0.0	0.0	0.0	0.0	0.12749009	0.0	0.50034344	0.0	0.0	0.40285885	0.0	0.0
0.0	0.13558653	0.0	0.0	0.0	0.0	0.08045824	0.0	0.0	0.0	0.0	0.0	0.0	0.0	0.2801539	0.0	0.3455781	0.0	0.0	0.062217265	0.0	0.2144367	0.0	0.21693997	0.0	0.0	0.08210949	0.0	0.0	0.18917441	0.38253084	0.0	0.0	0.0	0.0	0.0	0.0	0.0	0.0	0.0	0.25420308	0.36356154	0.0	0.0	0.0	0.0	0.35606655	0.0	0.25800067	0.17147128	0.0	0.0	0.0	0.19379441	0.0	0.0	0.0	0.0	0.0	0.4132109	0.3116209	0.0	0.0	0.28096345	0.0	0.0	0.09700027	0.21625955	0.0	0.32014558	0.23232193	0.0	0.0	0.0	0.0	0.2599419	0.0	0.0	0.18188886	0.0	0.46002188	0.22023125	0.5316683	0.0	0.30438954	0.0	0.0	0.0	0.0	0.09218576	0.0	0.11922133	0.0	0.0	0.0	0.0	0.53804755	0.0	0.0	0.0	0.24419935	0.0	0.0	0.0	0.48020434	0.068845935	0.0	0.1372379	0.0	0.0	0.32621822	0.0	0.008681011	0.0	0.0	0.097882934	0.0	0.0	0.0	0.0	0.12828535	0.0	0.5124406	0.0	0.0	0.3992615	0.0	0.0
0.0	0.1289417	0.0	0.0	0.0	0.0	0.061880473	0.0	0.0	0.0	0.0	0.0	0.0	0.0	0.2766143	0.0	0.33255443	0.0	0.0	0.056677658	0.0	0.19691391	0.0	0.21294613	0.0	0.0	0.086214304	0.0	0.0	0.17839311	0.37427127	0.0	0.0	0.0	0.0	0.0	0.0	0.0	0.0	0.0	0.24161597	0.3658991	0.0	0.0	0.0	0.0	0.35382286	0.0	0.23937277	0.16960828	0.0	0.0	0.0	0.18449472	0.0	0.0	0.0	0.0	0.0	0.40107322	0.3180491	0.0	0.0	0.27084854	0.0	0.0	0.10568098	0.21365595	0.0	0.31510016	0.22489572	0.0	0.0	0.0	0.0	0.24996836	0.0	0.0	0.17466003	0.0	0.4743662	0.20952965	0.5142983	0.0	0.29154283	0.0	0.0	0.0	0.0	0.09172288	0.0	0.09994149	0.0	0.0	0.0	0.0	0.54105014	0.0	0.0	0.0	0.22424518	0.0	0.0	0.0	0.4770887	0.07343287	0.0	0.14206924	0.0	0.0	0.32869545	0.0	0.0006157402	0.0	0.0	0.100762166	0.0	0.0	0.0	0.0	0.12009431	0.0	0.48443744	0.0	0.0	0.38956752	0.0	0.0
0.0	0.12665784	0.0	0.0	0.0	0.0	0.0763574	0.0	0.0	0.0	0.0	0.0	0.0	0.0	0.2572656	0.0	0.31787533	0.0	0.0	0.048408408	0.0	0.19648556	0.0	0.21389036	0.0	0.0	0.06989104	0.0	0.0	0.15107065	0.37790346	0.0	0.0	0.0	0.0	0.0	0.0	0.0	0.0	0.0	0.22321843	0.3339093	0.0	0.0	0.0	0.0	0.3414502	0.0	0.23904864	0.16658737	0.0	0.0	0.0	0.16656744	0.0	0.0	0.0	0.0	0.0	0.4004116	0.29773092	0.0	0.0	0.24818516	0.0	0.0	0.10847008	0.1912821	0.0	0.3018313	0.22426617	0.0	0.0	0.0	0.0	0.24682735	0.0	0.0	0.16151288	0.0	0.4516585	0.2131564	0.48833427	0.0	0.28207496	0.0	0.0	0.0	0.0	0.07963526	0.0	0.101371	0.0	0.0	0.0	0.0	0.52881074	0.0	0.0	0.0	0.22156549	0.0	0.0	0.0	0.45398498	0.045306772	0.0	0.13226777	0.0	0.0	0.3279662	0.0	0.006792202	0.0	0.0	0.10223547	0.0	0.0	0.0	0.0	0.1156261	0.0	0.47841048	0.0	0.0	0.37993193	0.0	0.0
0.0	0.12029921	0.0	0.0	0.0	0.0	0.07375003	0.0	0.0	0.0	0.0	0.0	0.0	0.0	0.26999694	0.0	0.32511377	0.0	0.0	0.055486407	0.0	0.20866038	0.0	0.20255308	0.0	0.0	0.071199924	0.0	0.0	0.16520584	0.38513556	0.0	0.0	0.0	0.0	0.0	0.0	0.0	0.0	0.0	0.22992438	0.3365649	0.0	0.0	0.0	0.0	0.36178097	0.0	0.25145385	0.19200407	0.0	0.0	0.0	0.17255259	0.0	0.0	0.0	0.0	0.0	0.41329864	0.2903975	0.0	0.0	0.26085195	0.0	0.0	0.123171724	0.19700384	0.0	0.3129733	0.22625513	0.0	0.0	0.0	0.0	0.24704377	0.0	0.0	0.16620715	0.0	0.46229103	0.23843317	0.499452	0.0	0.27166775	0.0	0.0	0.0	0.0	0.07684721	0.0	0.11047944	0.0	0.0	0.0	0.0	0.52026397	0.0	0.0	0.0	0.21768242	0.0	0.0	0.0	0.4562432	0.053684402	0.0	0.1293905	0.0	0.0	0.32689416	0.0	0.007446907	0.0	0.0	0.09120911	0.0	0.0	0.0	0.0	0.11479231	0.0	0.47778186	0.0	0.0	0.3836584	0.0	0.0
0.0	0.13332622	0.0	0.0	0.0	0.0	0.07405102	0.0	0.0	0.0	0.0	0.0	0.0	0.0	0.30682486	0.0	0.38309488	0.0	0.0	0.075851	0.0	0.23734508	0.0	0.18711786	0.0	0.0	0.09076119	0.0	0.0	0.23162682	0.39432693	0.0	0.0	0.0	0.0	0.0	0.0	0.0	0.0	0.0	0.26258743	0.36403075	0.0	0.0	0.0	0.0	0.39153278	0.0	0.29097632	0.2486521	0.0	0.0	0.0	0.19385254	0.0	0.0	0.0	0.0	0.0	0.4252963	0.28210333	0.0	0.0	0.33725634	0.0	0.0	0.14512481	0.21748257	0.0	0.36661533	0.24920158	0.0	0.0	0.0	0.0	0.26573226	0.0	0.0	0.19850536	0.0	0.47922316	0.2923214	0.5943542	0.0	0.2774693	0.0	0.0	0.0	0.0	0.08531508	0.0	0.13340165	0.0	0.0	0.0	0.0	0.5098744	0.0	0.0	0.0	0.23126464	0.0	0.0	0.0	0.48850465	0.096070744	0.0	0.15733998	0.0	0.0	0.321908	0.0	0.0039520604	0.0	0.0	0.08032907	0.0	0.0	0.0	0.0	0.13816394	0.0	0.5299943	0.0	0.0	0.4149084	0.0	0.0
0.0	0.12877934	0.0	0.0	0.0	0.0	0.07435305	0.0	0.0	0.0	0.0	0.0	0.0	0.0	0.2517325	0.0	0.31058678	0.0	0.0	0.047889914	0.0	0.20091458	0.0	0.2026747	0.0	0.0	0.07525648	0.0	0.0	0.15557711	0.38136378	0.0	0.0	0.0	0.0	0.0	0.0	0.0	0.0	0.0	0.2307002	0.3338798	0.0	0.0	0.0	0.0	0.34378216	0.0	0.24206354	0.16852133	0.0	0.0	0.0	0.17700332	0.0	0.0	0.0	0.0	0.0	0.40120348	0.29713997	0.0	0.0	0.2539763	0.0	0.0	0.10792548	0.20108813	0.0	0.2988362	0.22401041	0.0	0.0	0.0	0.0	0.24124949	0.0	0.0	0.16462658	0.0	0.44762227	0.20539474	0.49638113	0.0	0.2850217	0.0	0.0	0.0	0.0	0.07970678	0.0	0.101175375	0.0	0.0	0.0	0.0	0.52322084	0.0	0.0	0.0	0.21954782	0.0	0.0	0.0	0.4628655	0.045203228	0.0	0.13620108	0.0	0.0	0.3335372	0.0	0.0052798237	0.0	0.0	0.10072845	0.0	0.0	0.0	0.0	0.11729393	0.0	0.4788761	0.0	0.0	0.37721363	0.0	0.0
0.0	0.13199602	0.0	0.0	0.0	0.0	0.10004077	0.0	0.0	0.0	0.0	0.0	0.0	0.0	0.2554184	0.0	0.32559016	0.0	0.0	0.053083614	0.0	0.2019974	0.0	0.21273403	0.0	0.0	0.06715569	0.0	0.0	0.14874367	0.38509664	0.0	0.0	0.0	0.0	0.0	0.0	0.0	0.0	0.0	0.21232696	0.32972237	0.0	0.0	0.0	0.0	0.34732652	0.0	0.25095752	0.17583804	0.0	0.0	0.0	0.15961356	0.0	0.0	0.0	0.0	0.0	0.40836725	0.2863428	0.0	0.0	0.24727266	0.0	0.0	0.1141383	0.17631102	0.0	0.30438727	0.22064723	0.0	0.0	0.0	0.0	0.25070402	0.0	0.0	0.15854664	0.0	0.44080946	0.23235269	0.48738027	0.0	0.2781155	0.0	0.0	0.0	0.0	0.07210756	0.0	0.11309936	0.0	0.0	0.0	0.0	0.5253394	0.0	0.0	0.0	0.22448902	0.0	0.0	0.0	0.43968502	0.035042137	0.0	0.13570131	0.0	0.0	0.3248532	0.0	0.0150456205	0.0	0.0	0.0990146	0.0	0.0	0.0	0.0	0.109887935	0.0	0.49464247	0.0	0.0	0.3817869	0.0	0.0
0.0	0.1290855	0.0	0.0	0.0	0.0	0.085577704	0.0	0.0	0.0	0.0	0.0	0.0	0.0	0.26068044	0.0	0.326338	0.0	0.0	0.054569717	0.0	0.20033996	0.0	0.2161711	0.0	0.0	0.07194257	0.0	0.0	0.1572154	0.3820006	0.0	0.0	0.0	0.0	0.0	0.0	0.0	0.0	0.0	0.22338867	0.33941188	0.0	0.0	0.0	0.0	0.34586826	0.0	0.2453873	0.17197336	0.0	0.0	0.0	0.16755742	0.0	0.0	0.0	0.0	0.0	0.4064133	0.29914805	0.0	0.0	0.25371543	0.0	0.0	0.10808545	0.18931516	0.0	0.3046602	0.22083132	0.0	0.0	0.0	0.0	0.25083533	0.0	0.0	0.1628748	0.0	0.45320094	0.22088462	0.49608222	0.0	0.28478262	0.0	0.0	0.0	0.0	0.078084715	0.0	0.107771635	0.0	0.0	0.0	0.0	0.5307736	0.0	0.0	0.0	0.22379178	0.0	0.0	0.0	0.45225558	0.045688134	0.0	0.13593252	0.0	0.0	0.32604456	0.0	0.0091421995	0.0	0.0	0.10334451	0.0	0.0	0.0	0.0	0.11532203	0.0	0.48905087	0.0	0.0	0.38414493	0.0	0.0
0.0	0.12832834	0.0	0.0	0.0	0.0	0.09689456	0.0	0.0	0.0	0.0	0.0	0.0	0.0	0.27997035	0.0	0.34881887	0.0	0.0	0.06571784	0.0	0.22314769	0.0	0.21411115	0.0	0.0	0.07754019	0.0	0.0	0.17660062	0.39172372	0.0	0.0	0.0	0.0	0.0	0.0	0.0	0.0	0.0	0.23139845	0.34487322	0.0	0.0	0.0	0.0	0.36436746	0.0	0.2643165	0.19859095	0.0	0.0	0.0	0.17567003	0.0	0.0	0.0	0.0	0.0	0.41951832	0.29380307	0.0	0.0	0.27831444	0.0	0.0	0.11955279	0.19151561	0.0	0.3181183	0.22370557	0.0	0.0	0.0	0.0	0.2585272	0.0	0.0	0.17305605	0.0	0.46064508	0.253522	0.5246487	0.0	0.28119093	0.0	0.0	0.0	0.0	0.07259815	0.0	0.12206734	0.0	0.0	0.0	0.0	0.52732426	0.0	0.0	0.0	0.22884168	0.0	0.0	0.0	0.4537808	0.051912278	0.0	0.1426963	0.0	0.0	0.32726282	0.0	0.010421838	0.0	0.0	0.09405401	0.0	0.0	0.0	0.0	0.12159332	0.0	0.5083587	0.0	0.0	0.3984889	0.0	0.0
0.0	0.11824278	0.0	0.0	0.0	0.0	0.073662244	0.0	0.0	0.0	0.0	0.0	0.0	0.0	0.26840308	0.0	0.3265958	0.0	0.0	0.05944183	0.0	0.21439652	0.0	0.1955293	0.0	0.0	0.067403115	0.0	0.0	0.17049544	0.38779116	0.0	0.0	0.0	0.0	0.0	0.0	0.0	0.0	0.0	0.23093013	0.3346654	0.0	0.0	0.0	0.0	0.36841157	0.0	0.2585652	0.1933303	0.0	0.0	0.0	0.17210488	0.0	0.0	0.0	0.0	0.0	0.4119979	0.2858688	0.0	0.0	0.2656351	0.0	0.0	0.12545352	0.19659232	0.0	0.31287616	0.23305558	0.0	0.0	0.0	0.0	0.24755435	0.0	0.0	0.16415305	0.0	0.45608416	0.23704839	0.5060366	0.0	0.27225614	0.0	0.0	0.0	0.0	0.07241447	0.0	0.11169695	0.0	0.0	0.0	0.0	0.52255356	0.0	0.0	0.0	0.21667005	0.0	0.0	0.0	0.45973238	0.04966387	0.0	0.12682052	0.0	0.0	0.32810095	0.0	0.0063437466	0.0	0.0	0.09089405	0.0	0.0	0.0	0.0	0.11445677	0.0	0.48183218	0.0	0.0	0.384307	0.0	0.0
0.0	0.12496195	0.0	0.0	0.0	0.0	0.06985944	0.0	0.0	0.0	0.0	0.0	0.0	0.0	0.27012885	0.0	0.32948476	0.0	0.0	0.057150934	0.0	0.20398206	0.0	0.21005297	0.0	0.0	0.07835803	0.0	0.0	0.17423494	0.37922108	0.0	0.0	0.0	0.0	0.0	0.0	0.0	0.0	0.0	0.23806417	0.3516852	0.0	0.0	0.0	0.0	0.3540925	0.0	0.24598737	0.17804426	0.0	0.0	0.0	0.17872107	0.0	0.0	0.0	0.0	0.0	0.40526533	0.3062831	0.0	0.0	0.26602694	0.0	0.0	0.11235645	0.20668685	0.0	0.31316912	0.22744827	0.0	0.0	0.0	0.0	0.2502507	0.0	0.0	0.17048414	0.0	0.46580482	0.21974353	0.5111864	0.0	0.2851925	0.0	0.0	0.0	0.0	0.08305182	0.0	0.1024191	0.0	0.0	0.0	0.0	0.5315242	0.0	0.0	0.0	0.22146194	0.0	0.0	0.0	0.4676992	0.060600054	0.0	0.13464366	0.0	0.0	0.3287672	0.0	0.003588733	0.0	0.0	0.100085974	0.0	0.0	0.0	0.0	0.11922755	0.0	0.48623976	0.0	0.0	0.38855115	0.0	0.0
0.0	0.12812817	0.0	0.0	0.0	0.0	0.07868112	0.0	0.0	0.0	0.0	0.0	0.0	0.0	0.26933527	0.0	0.33270893	0.0	0.0	0.05676563	0.0	0.2025127	0.0	0.2155447	0.0	0.0	0.08199764	0.0	0.0	0.17183386	0.38168392	0.0	0.0	0.0	0.0	0.0	0.0	0.0	0.0	0.0	0.23692359	0.3543299	0.0	0.0	0.0	0.0	0.34992775	0.0	0.24551354	0.17426218	0.0	0.0	0.0	0.17908387	0.0	0.0	0.0	0.0	0.0	0.4057791	0.30835715	0.0	0.0	0.26658842	0.0	0.0	0.10670393	0.20329992	0.0	0.31111324	0.22209609	0.0	0.0	0.0	0.0	0.24821146	0.0	0.0	0.17110018	0.0	0.46430683	0.21745272	0.5096193	0.0	0.2866515	0.0	0.0	0.0	0.0	0.08707151	0.0	0.1065939	0.0	0.0	0.0	0.0	0.5307762	0.0	0.0	0.0	0.22510614	0.0	0.0	0.0	0.46748304	0.05984701	0.0	0.14219294	0.0	0.0	0.3271133	0.0	0.0045803804	0.0	0.0	0.10216266	0.0	0.0	0.0	0.0	0.11984388	0.0	0.4913672	0.0	0.0	0.39121628	0.0	0.0
0.0	0.12391166	0.0	0.0	0.0	0.0	0.08829633	0.0	0.0	0.0	0.0	0.0	0.0	0.0	0.28315187	0.0	0.34222475	0.0	0.0	0.063729376	0.0	0.22879083	0.0	0.20360847	0.0	0.0	0.07817627	0.0	0.0	0.17900832	0.39667	0.0	0.0	0.0	0.0	0.0	0.0	0.0	0.0	0.0	0.23900746	0.3416055	0.0	0.0	0.0	0.0	0.3702271	0.0	0.26756296	0.20875919	0.0	0.0	0.0	0.18625946	0.0	0.0	0.0	0.0	0.0	0.4197532	0.28732726	0.0	0.0	0.28563997	0.0	0.0	0.12434149	0.19807601	0.0	0.32416847	0.2284161	0.0	0.0	0.0	0.0	0.25502774	0.0	0.0	0.1713443	0.0	0.4662708	0.25570783	0.52894926	0.0	0.2758949	0.0	0.0	0.0	0.0	0.07445646	0.0	0.12047124	0.0	0.0	0.0	0.0	0.51535535	0.0	0.0	0.0	0.2244522	0.0	0.0	0.0	0.46033624	0.059256565	0.0	0.14057158	0.0	0.0	0.32461286	0.0	0.010148366	0.0	0.0	0.08644747	0.0	0.0	0.0	0.0	0.12680615	0.0	0.49805263	0.0	0.0	0.3990163	0.0	0.0
0.0	0.13221838	0.0	0.0	0.0	0.0	0.09005932	0.0	0.0	0.0	0.0	0.0	0.0	0.0	0.25782502	0.0	0.32634068	0.0	0.0	0.05123282	0.0	0.20196576	0.0	0.21648236	0.0	0.0	0.0684381	0.0	0.0	0.15053175	0.3774798	0.0	0.0	0.0	0.0	0.0	0.0	0.0	0.0	0.0	0.21750093	0.33112165	0.0	0.0	0.0	0.0	0.34125963	0.0	0.24304192	0.16879885	0.0	0.0	0.0	0.16240829	0.0	0.0	0.0	0.0	0.0	0.40328214	0.29451177	0.0	0.0	0.24968152	0.0	0.0	0.107155286	0.18406641	0.0	0.30274686	0.22176671	0.0	0.0	0.0	0.0	0.2520045	0.0	0.0	0.15974976	0.0	0.44352505	0.21835141	0.49300632	0.0	0.2860022	0.0	0.0	0.0	0.0	0.07654778	0.0	0.105700575	0.0	0.0	0.0	0.0	0.532857	0.0	0.0	0.0	0.22589147	0.0	0.0	0.0	0.44867408	0.037644967	0.0	0.13920751	0.0	0.0	0.32881513	0.0	0.008911311	0.0	0.0	0.100614496	0.0	0.0	0.0	0.0	0.11899332	0.0	0.4912249	0.0	0.0	0.3839636	0.0	0.0
0.0	0.12717898	0.0	0.0	0.0	0.0	0.08157732	0.0	0.0	0.0	0.0	0.0	0.0	0.0	0.24333733	0.0	0.30767235	0.0	0.0	0.04466097	0.0	0.19660282	0.0	0.20378006	0.0	0.0	0.06540749	0.0	0.0	0.14081852	0.3795987	0.0	0.0	0.0	0.0	0.0	0.0	0.0	0.0	0.0	0.21495228	0.32191277	0.0	0.0	0.0	0.0	0.33824465	0.0	0.24565284	0.16836728	0.0	0.0	0.0	0.16197544	0.0	0.0	0.0	0.0	0.0	0.40024963	0.28805113	0.0	0.0	0.23762257	0.0	0.0	0.11435354	0.18231468	0.0	0.29650214	0.22458191	0.0	0.0	0.0	0.0	0.24228473	0.0	0.0	0.15577587	0.0	0.43742022	0.21230797	0.48065087	0.0	0.2799364	0.0	0.0	0.0	0.0	0.072920464	0.0	0.10076878	0.0	0.0	0.0	0.0	0.52345866	0.0	0.0	0.0	0.21672368	0.0	0.0	0.0	0.44333768	0.031977233	0.0	0.13022254	0.0	0.0	0.32454517	0.0	0.00841046	0.0	0.0	0.10118597	0.0	0.0	0.0	0.0	0.11029744	0.0	0.47563818	0.0	0.0	0.373955	0.0	0.0
0.0	0.12149153	0.0	0.0	0.0	0.0	0.06802986	0.0	0.0	0.0	0.0	0.0	0.0	0.0	0.2411533	0.0	0.29382285	0.0	0.0	0.038964923	0.0	0.19935004	0.0	0.1891576	0.0	0.0	0.057885606	0.0	0.0	0.13481788	0.3811399	0.0	0.0	0.0	0.0	0.0	0.0	0.0	0.0	0.0	0.2159773	0.3104637	0.0	0.0	0.0	0.0	0.34132275	0.0	0.24281009	0.16731876	0.0	0.0	0.0	0.16482602	0.0	0.0	0.0	0.0	0.0	0.39727	0.2786341	0.0	0.0	0.23698516	0.0	0.0	0.11681771	0.18437274	0.0	0.29382265	0.23102838	0.0	0.0	0.0	0.0	0.23619534	0.0	0.0	0.1541629	0.0	0.43430206	0.20839167	0.47152302	0.0	0.2746696	0.0	0.0	0.0	0.0	0.07361567	0.0	0.09592962	0.0	0.0	0.0	0.0	0.51817185	0.0	0.0	0.0	0.2123449	0.0	0.0	0.0	0.4520767	0.030166456	0.0	0.12719525	0.0	0.0	0.32787105	0.0	0.005096655	0.0	0.0	0.094041385	0.0	0.0	0.0	0.0	0.10795424	0.0	0.46007538	0.0	0.0	0.3671101	0.0	0.0
0.0	0.12680764	0.0	0.0	0.0	0.0	0.08095924	0.0	0.0	0.0	0.0	0.0	0.0	0.0	0.24571808	0.0	0.30865797	0.0	0.0	0.045549378	0.0	0.19346297	0.0	0.20361419	0.0	0.0	0.066879414	0.0	0.0	0.14319532	0.37828788	0.0	0.0	0.0	0.0	0.0	0.0	0.0	0.0	0.0	0.21449848	0.32741845	0.0	0.0	0.0	0.0	0.3397673	0.0	0.24404962	0.1674984	0.0	0.0	0.0	0.16216253	0.0	0.0	0.0	0.0	0.0	0.4013455	0.28905296	0.0	0.0	0.23684521	0.0	0.0	0.114556335	0.18270731	0.0	0.3001322	0.2254513	0.0	0.0	0.0	0.0	0.24305971	0.0	0.0	0.15650131	0.0	0.4411362	0.2163595	0.48134866	0.0	0.27902028	0.0	0.0	0.0	0.0	0.07469439	0.0	0.09988522	0.0	0.0	0.0	0.0	0.5237283	0.0	0.0	0.0	0.21762173	0.0	0.0	0.0	0.4448518	0.036151253	0.0	0.12813602	0.0	0.0	0.32368505	0.0	0.008916979	0.0	0.0	0.10170359	0.0	0.0	0.0	0.0	0.11007271	0.0	0.4771022	0.0	0.0	0.37469685	0.0	0.0
0.0	0.13539726	0.0	0.0	0.0	0.0	0.099306524	0.0	0.0	0.0	0.0	0.0	0.0	0.0	0.2633202	0.0	0.3351077	0.0	0.0	0.056623604	0.0	0.19861466	0.0	0.22221434	0.0	0.0	0.0745991	0.0	0.0	0.15592797	0.38365364	0.0	0.0	0.0	0.0	0.0	0.0	0.0	0.0	0.0	0.21625213	0.34221104	0.0	0.0	0.0	0.0	0.34535488	0.0	0.24959691	0.17712523	0.0	0.0	0.0	0.16403301	0.0	0.0	0.0	0.0	0.0	0.4099624	0.29857653	0.0	0.0	0.25364533	0.0	0.0	0.108608305	0.17866848	0.0	0.3072848	0.2164066	0.0	0.0	0.0	0.0	0.2543057	0.0	0.0	0.16670226	0.0	0.44792548	0.23187554	0.496392	0.0	0.28394875	0.0	0.0	0.0	0.0	0.07468953	0.0	0.11388743	0.0	0.0	0.0	0.0	0.53100896	0.0	0.0	0.0	0.22960925	0.0	0.0	0.0	0.44156396	0.042148877	0.0	0.14235462	0.0	0.0	0.32555136	0.0	0.01394432	0.0	0.0	0.10436743	0.0	0.0	0.0	0.0	0.11491796	0.0	0.5035658	0.0	0.0	0.38655487	0.0	0.0
0.0	0.12343871	0.0	0.0	0.0	0.0	0.08981817	0.0	0.0	0.0	0.0	0.0	0.0	0.0	0.2780817	0.0	0.34160236	0.0	0.0	0.05979499	0.0	0.22364278	0.0	0.21201043	0.0	0.0	0.071555816	0.0	0.0	0.172292	0.39731845	0.0	0.0	0.0	0.0	0.0	0.0	0.0	0.0	0.0	0.2343343	0.33553734	0.0	0.0	0.0	0.0	0.37152895	0.0	0.266943	0.20743048	0.0	0.0	0.0	0.17852467	0.0	0.0	0.0	0.0	0.0	0.41764042	0.28575605	0.0	0.0	0.2691297	0.0	0.0	0.124127425	0.1891417	0.0	0.32522175	0.22343983	0.0	0.0	0.0	0.0	0.25702977	0.0	0.0	0.17085896	0.0	0.4633703	0.25340572	0.5206067	0.0	0.27695367	0.0	0.0	0.0	0.0	0.07250603	0.0	0.1273113	0.0	0.0	0.0	0.0	0.52332574	0.0	0.0	0.0	0.23363219	0.0	0.0	0.0	0.4473448	0.051448356	0.0	0.13524388	0.0	0.0	0.32540664	0.0	0.020809488	0.0	0.0	0.08622598	0.0	0.0	0.0	0.0	0.119485885	0.0	0.5024677	0.0	0.0	0.39525452	0.0	0.0
0.0	0.13509369	0.0	0.0	0.0	0.0	0.090261795	0.0	0.0	0.0	0.0	0.0	0.0	0.0	0.27112842	0.0	0.34032893	0.0	0.0	0.06160252	0.0	0.20795697	0.0	0.22213422	0.0	0.0	0.08107933	0.0	0.0	0.17046805	0.38147068	0.0	0.0	0.0	0.0	0.0	0.0	0.0	0.0	0.0	0.23124187	0.3507872	0.0	0.0	0.0	0.0	0.34743103	0.0	0.24744208	0.17435922	0.0	0.0	0.0	0.17588018	0.0	0.0	0.0	0.0	0.0	0.406121	0.30823675	0.0	0.0	0.2679679	0.0	0.0	0.101073064	0.19821846	0.0	0.30868897	0.2187525	0.0	0.0	0.0	0.0	0.25381878	0.0	0.0	0.17090474	0.0	0.46084103	0.22424416	0.51412815	0.0	0.2896164	0.0	0.0	0.0	0.0	0.08168473	0.0	0.109365545	0.0	0.0	0.0	0.0	0.5349843	0.0	0.0	0.0	0.2283793	0.0	0.0	0.0	0.46253678	0.05380256	0.0	0.14241172	0.0	0.0	0.32943532	0.0	0.0083967345	0.0	0.0	0.10343304	0.0	0.0	0.0	0.0	0.12446085	0.0	0.5029447	0.0	0.0	0.39460656	0.0	0.0
0.0	0.12576337	0.0	0.0	0.0	0.0	0.08941672	0.0	0.0	0.0	0.0	0.0	0.0	0.0	0.29549327	0.0	0.36022568	0.0	0.0	0.0719282	0.0	0.23661964	0.0	0.19686396	0.0	0.0	0.07862025	0.0	0.0	0.1990786	0.39998683	0.0	0.0	0.0	0.0	0.0	0.0	0.0	0.0	0.0	0.2413938	0.34801456	0.0	0.0	0.0	0.0	0.38463148	0.0	0.2818927	0.2301238	0.0	0.0	0.0	0.18390048	0.0	0.0	0.0	0.0	0.0	0.42647278	0.2794862	0.0	0.0	0.30160683	0.0	0.0	0.1410902	0.19760184	0.0	0.33948755	0.23573142	0.0	0.0	0.0	0.0	0.26271585	0.0	0.0	0.18006842	0.0	0.46535674	0.28264007	0.55262345	0.0	0.2727655	0.0	0.0	0.0	0.0	0.06938624	0.0	0.12992609	0.0	0.0	0.0	0.0	0.5142656	0.0	0.0	0.0	0.2281792	0.0	0.0	0.0	0.45979166	0.06819444	0.0	0.14368393	0.0	0.0	0.32329318	0.0	0.011177339	0.0	0.0	0.081224866	0.0	0.0	0.0	0.0	0.12547886	0.0	0.5146932	0.0	0.0	0.4069508	0.0	0.0
0.0	0.12910436	0.0	0.0	0.0	0.0	0.09535301	0.0	0.0	0.0	0.0	0.0	0.0	0.0	0.25315675	0.0	0.31623152	0.0	0.0	0.047179922	0.0	0.19586919	0.0	0.21378963	0.0	0.0	0.06465878	0.0	0.0	0.14162214	0.3848126	0.0	0.0	0.0	0.0	0.0	0.0	0.0	0.0	0.0	0.21148431	0.32351732	0.0	0.0	0.0	0.0	0.34123504	0.0	0.2453859	0.1743269	0.0	0.0	0.0	0.15705507	0.0	0.0	0.0	0.0	0.0	0.4057957	0.28717822	0.0	0.0	0.24036945	0.0	0.0	0.10941479	0.1742289	0.0	0.30148748	0.22102356	0.0	0.0	0.0	0.0	0.25167325	0.0	0.0	0.15792094	0.0	0.43957487	0.22795503	0.4821979	0.0	0.27795532	0.0	0.0	0.0	0.0	0.07161576	0.0	0.1097401	0.0	0.0	0.0	0.0	0.52501804	0.0	0.0	0.0	0.22480743	0.0	0.0	0.0	0.43896124	0.03445386	0.0	0.12864666	0.0	0.0	0.320971	0.0	0.017349066	0.0	0.0	0.10011471	0.0	0.0	0.0	0.0	0.109156914	0.0	0.4880294	0.0	0.0	0.37841073	0.0	0.0
0.0	0.114127	0.0	0.0	0.0	0.0	0.078625314	0.0	0.0	0.0	0.0	0.0	0.0	0.0	0.27524903	0.0	0.31973392	0.0	0.0	0.049797554	0.0	0.20862146	0.0	0.21539746	0.0	0.0	0.06467549	0.0	0.0	0.15470918	0.37781477	0.0	0.0	0.0	0.0	0.0	0.0	0.0	0.0	0.0	0.23787014	0.32069722	0.0	0.0	0.0	0.0	0.3436528	0.0	0.22944468	0.1674947	0.0	0.0	0.0	0.16204725	0.0	0.00047362348	0.0	0.0	0.0	0.39226878	0.28998685	0.0	0.0	0.25253493	0.0	0.0	0.109105945	0.19511674	0.0	0.29533216	0.22339202	0.0	0.0	0.0	0.0	0.2509863	0.0	0.0	0.14963041	0.0	0.4553585	0.20867042	0.48332402	0.0	0.28741592	0.0	0.0	0.0	0.0	0.08254979	0.0	0.10780164	0.0	0.0	0.0	0.0	0.52323705	0.0	0.0	0.0	0.2248555	0.0	0.0	0.0	0.46286455	0.04636225	0.0	0.13246052	0.0	0.0	0.33003807	0.0	0.003985198	0.0	0.0	0.091305256	0.0	0.0	0.0	0.0	0.12219631	0.0	0.46388182	0.0	0.0	0.37835407	0.0	0.0
0.0	0.17429268	0.0	0.0	0.0	0.0	0.029632756	0.0	0.0	0.0	0.0	0.0	0.0	0.0	0.35061482	0.0	0.4397887	0.0	0.0	0.087000035	0.0	0.22242402	0.0	0.25966218	0.0	0.0	0.19036394	0.0	0.0	0.29514298	0.342307	0.0	0.0	0.0	0.0	0.0	0.0	0.0	0.0	0.0	0.3323586	0.49572888	0.0	0.0	0.0	0.0	0.36362842	0.0	0.24778588	0.16165537	0.0	0.0	0.0	0.24898173	0.0	0.0	0.0	0.0	0.0	0.40180016	0.41751662	0.0	0.0	0.3811849	0.0	0.0	0.06980654	0.29748872	0.0	0.36381385	0.21857929	0.0	0.0	0.0	0.0	0.28362083	0.0	0.0	0.24921262	0.0	0.5229936	0.16440213	0.6771235	0.0	0.38503745	0.0	0.0	0.0	0.0	0.15664726	0.0	0.1038051	0.0	0.0	0.0	0.0	0.6036052	0.0	0.0	0.0	0.2828299	0.0	0.0	0.0	0.5827198	0.14629309	0.0	0.22943592	0.0	0.0	0.36089432	0.0	0.0	0.0	0.0	0.102379166	0.0	0.0	0.0	0.0	0.19105761	0.0	0.5825965	0.0	0.0	0.4728961	0.0	0.0
0.0	0.17509963	0.0	0.0	0.0	0.0	0.031597894	0.0	0.0	0.0	0.0	0.0	0.0	0.0	0.38446367	0.0	0.48581567	0.0	0.0	0.071722254	0.0	0.27209008	0.0	0.27581748	0.0	0.0	0.19693726	0.0	0.0	0.32280383	0.33305702	0.0	0.0	0.0	0.0	0.0	0.0	0.0	0.0	0.0	0.36245278	0.50667363	0.0	0.0	0.0	0.0	0.37207654	0.0	0.2765219	0.16423704	0.0	0.0	0.0	0.25344452	0.0	0.0	0.0	0.0	0.0	0.38217178	0.45341682	0.0	0.0	0.42202732	0.0	0.0	0.064228885	0.3043495	0.0	0.36173686	0.22496521	0.0	0.0	0.0	0.0	0.29215175	0.0	0.0	0.2853479	0.0	0.52539617	0.15963852	0.7193594	0.0	0.41767696	0.0	0.0	0.0	0.0	0.16997373	0.0	0.09880342	0.0	0.0	0.0	0.0	0.61894226	0.0	0.0	0.0	0.3165371	0.0	0.0	0.0	0.6135721	0.14535815	0.0	0.261834	0.0	0.0	0.38974747	0.0	0.0	0.0	0.0	0.09221677	0.0	0.0	0.0	0.0	0.2268747	0.0	0.6155584	0.0	0.0	0.50034255	0.0	0.0
0.0	0.16688657	0.0	0.0	0.0	0.0	0.02466672	0.0	0.0	0.0	0.0	0.0	0.0	0.0	0.35053167	0.0	0.42488766	0.0	0.0	0.07501472	0.0	0.20708102	0.0	0.25564766	0.0	0.0	0.19322139	0.0	0.0	0.27388188	0.34539378	0.0	0.0	0.0	0.0	0.0	0.0	0.0	0.0	0.0	0.31403437	0.48628712	0.0	0.0	0.0	0.0	0.36701325	0.0	0.24390644	0.15647103	0.0	0.0	0.0	0.24712835	0.0	0.0	0.0	0.0	0.0	0.40484604	0.41355148	0.0	0.0	0.37287173	0.0	0.0	0.07581005	0.28670546	0.0	0.36232924	0.21437363	0.0	0.0	0.0	0.0	0.27982453	0.0	0.0	0.24544053	0.0	0.53387547	0.17749508	0.65812004	0.0	0.3715556	0.0	0.0	0.0	0.0	0.15716617	0.0	0.09922377	0.0	0.0	0.0	0.0	0.60399634	0.0	0.0	0.0	0.2768261	0.0	0.0	0.0	0.5739661	0.14727233	0.0	0.22533576	0.0	0.0	0.35285208	0.0	0.0	0.0	0.0	0.101798855	0.0	0.0	0.0	0.0	0.17237662	0.0	0.5565293	0.0	0.0	0.46264413	0.0	0.0
0.0	0.17475684	0.0	0.0	0.0	0.0	0.03481828	0.0	0.0	0.0	0.0	0.0	0.0	0.0	0.34350252	0.0	0.48587477	0.0	0.0	0.090083264	0.0	0.24939871	0.0	0.23463036	0.0	0.0	0.18855642	0.0	0.0	0.3483983	0.34992504	0.0	0.0	0.0	0.0	0.0	0.0	0.0	0.0	0.0	0.38154224	0.48096576	0.0	0.0	0.0	0.0	0.38814473	0.0	0.29359654	0.22175694	0.0	0.0	0.0	0.2396655	0.0	0.0	0.0	0.0	0.0	0.41099486	0.39261237	0.0	0.0	0.45123124	0.0	0.0	0.102277316	0.31711164	0.0	0.3892939	0.25175104	0.0	0.0	0.0	0.0	0.29599357	0.0	0.0	0.2783049	0.0	0.49927047	0.20244579	0.7300439	0.0	0.4093224	0.0	0.0	0.0	0.0	0.15276961	0.0	0.13043368	0.0	0.0	0.0	0.0	0.56760687	0.0	0.0	0.0	0.2949606	0.0	0.0	0.0	0.605623	0.14878261	0.0	0.27564076	0.0	0.0	0.36707577	0.0	0.0	0.0	0.0	0.10005311	0.0	0.0	0.0	0.0	0.18153246	0.0	0.6186831	0.0	0.0	0.4825767	0.0	0.0
0.0	0.1781079	0.0	0.0	0.0	0.0	0.0516514	0.0	0.0	0.0	0.0	0.0	0.0	0.0	0.3613963	0.0	0.4590188	0.0	0.0	0.09472266	0.0	0.23261435	0.0	0.26146168	0.0	0.0	0.20124698	0.0	0.0	0.3044947	0.33917972	0.0	0.0	0.0	0.0	0.0	0.0	0.0	0.0	0.0	0.33750463	0.5138369	0.0	0.0	0.0	0.0	0.36714685	0.0	0.26544914	0.17648359	0.0	0.0	0.0	0.26170936	0.0	0.0	0.0	0.0	0.0	0.4153111	0.42134032	0.0	0.0	0.39285445	0.0	0.0	0.07861169	0.3005178	0.0	0.37447557	0.21757501	0.0	0.0	0.0	0.0	0.28693315	0.0	0.0	0.25654438	0.0	0.5319097	0.19685341	0.7011277	0.0	0.38861862	0.0	0.0	0.0	0.0	0.16207938	0.0	0.11434752	0.0	0.0	0.0	0.0	0.59009886	0.0	0.0	0.0	0.2897114	0.0	0.0	0.0	0.5780211	0.15718126	0.0	0.23343067	0.0	0.0	0.34888354	0.0	0.0	0.0	0.0	0.10022438	0.0	0.0	0.0	0.0	0.19656575	0.0	0.59846276	0.0	0.0	0.48581874	0.0	0.0
0.0	0.1693167	0.0	0.0	0.0	0.0	0.05761069	0.0	0.0	0.0	0.0	0.0	0.0	0.0	0.36075172	0.0	0.45638856	0.0	0.0	0.0838626	0.0	0.24178004	0.0	0.26614034	0.0	0.0	0.20064496	0.0	0.0	0.3065646	0.35642925	0.0	0.0	0.0	0.0	0.0	0.0	0.0	0.0	0.0	0.35727096	0.4921114	0.0	0.0	0.0	0.0	0.3569084	0.0	0.26539883	0.17397816	0.0	0.0	0.0	0.2642338	0.0	0.0	0.0	0.0	0.0	0.40062472	0.4248178	0.0	0.0	0.40316752	0.0	0.0	0.06231308	0.29981983	0.0	0.35075697	0.21868151	0.0	0.0	0.0	0.0	0.28886506	0.0	0.0	0.25951657	0.0	0.50934345	0.16427846	0.69151783	0.0	0.4026393	0.0	0.0	0.0	0.0	0.16043143	0.0	0.113177896	0.0	0.0	0.0	0.0	0.5897913	0.0	0.0	0.0	0.3041351	0.0	0.0	0.0	0.5917936	0.14803346	0.0	0.2417926	0.0	0.0	0.3520739	0.0	0.0	0.0	0.0	0.10416571	0.0	0.0	0.0	0.0	0.20193128	0.0	0.59341496	0.0	0.0	0.4820107	0.0	0.0
0.0	0.17978811	0.0	0.0	0.0	0.0	0.032271683	0.0	0.0	0.0	0.0	0.0	0.0	0.0	0.343635	0.0	0.44000205	0.0	0.0	0.08958262	0.0	0.21572863	0.0	0.25998363	0.0	0.0	0.18253016	0.0	0.0	0.2856132	0.33976182	0.0	0.0	0.0	0.0	0.0	0.0	0.0	0.0	0.0	0.31774476	0.4957281	0.0	0.0	0.0	0.0	0.36852625	0.0	0.253373	0.15814506	0.0	0.0	0.0	0.24429691	0.0	0.0	0.0	0.0	0.0	0.40996957	0.4186385	0.0	0.0	0.37523147	0.0	0.0	0.07462403	0.28848624	0.0	0.36661914	0.21887417	0.0	0.0	0.0	0.0	0.28348303	0.0	0.0	0.25152728	0.0	0.52177	0.17588039	0.67169446	0.0	0.3835515	0.0	0.0	0.0	0.0	0.15383603	0.0	0.10074857	0.0	0.0	0.0	0.0	0.6110167	0.0	0.0	0.0	0.28130051	0.0	0.0	0.0	0.57397676	0.14231834	0.0	0.22945018	0.0	0.0	0.3625163	0.0	0.0	0.0	0.0	0.105022185	0.0	0.0	0.0	0.0	0.18062115	0.0	0.58596367	0.0	0.0	0.47014204	0.0	0.0
0.0	0.17896564	0.0	0.0	0.0	0.0	0.040952068	0.0	0.0	0.0	0.0	0.0	0.0	0.0	0.3570343	0.0	0.4545665	0.0	0.0	0.09224391	0.0	0.2436664	0.0	0.241543	0.0	0.0	0.19297646	0.0	0.0	0.32158944	0.34186292	0.0	0.0	0.0	0.0	0.0	0.0	0.0	0.0	0.0	0.3472055	0.4936985	0.0	0.0	0.0	0.0	0.38135448	0.0	0.2700679	0.19624245	0.0	0.0	0.0	0.24602081	0.0	0.0	0.0	0.0	0.0	0.40930963	0.39588323	0.0	0.0	0.4103949	0.0	0.0	0.085973166	0.30884194	0.0	0.3779246	0.22097997	0.0	0.0	0.0	0.0	0.28202495	0.0	0.0	0.25901523	0.0	0.5152056	0.20309353	0.704335	0.0	0.37648955	0.0	0.0	0.0	0.0	0.16467984	0.0	0.124993525	0.0	0.0	0.0	0.0	0.56551766	0.0	0.0	0.0	0.28474107	0.0	0.0	0.0	0.5872286	0.15809503	0.0	0.2470177	0.0	0.0	0.3569181	0.0	0.0	0.0	0.0	0.090827465	0.0	0.0	0.0	0.0	0.18745519	0.0	0.5888136	0.0	0.0	0.47768274	0.0	0.0
0.0	0.17776601	0.0	0.0	0.0	0.0	0.048020195	0.0	0.0	0.0	0.0	0.0	0.0	0.0	0.36417255	0.0	0.45605195	0.0	0.0	0.08897054	0.0	0.23170955	0.0	0.2682297	0.0	0.0	0.21021408	0.0	0.0	0.3037782	0.33947206	0.0	0.0	0.0	0.0	0.0	0.0	0.0	0.0	0.0	0.33791223	0.51863736	0.0	0.0	0.0	0.0	0.3594235	0.0	0.25068507	0.16400282	0.0	0.0	0.0	0.26240882	0.0	0.0	0.0	0.0	0.0	0.40739033	0.43237913	0.0	0.0	0.3900839	0.0	0.0	0.066527896	0.30350682	0.0	0.36785173	0.20962901	0.0	0.0	0.0	0.0	0.28747526	0.0	0.0	0.2588615	0.0	0.53710014	0.17469417	0.68925494	0.0	0.3943859	0.0	0.0	0.0	0.0	0.1678925	0.0	0.1046241	0.0	0.0	0.0	0.0	0.603381	0.0	0.0	0.0	0.29084206	0.0	0.0	0.0	0.58739007	0.15923657	0.0	0.24243285	0.0	0.0	0.35235384	0.0	0.0	0.0	0.0	0.10056386	0.0	0.0	0.0	0.0	0.19554728	0.0	0.5939963	0.0	0.0	0.48766077	0.0	0.0
0.0	0.1937031	0.0	0.0	0.0	0.0	0.05780071	0.0	0.0	0.0	0.0	0.0	0.0	0.0	0.37259665	0.0	0.47742188	0.0	0.0	0.09896199	0.0	0.22732563	0.0	0.28710565	0.0	0.0	0.2265368	0.0	0.0	0.31176987	0.32691142	0.0	0.0	0.0	0.0	0.0	0.0	0.0	0.0	0.0	0.34327903	0.5450465	0.0	0.0	0.0	0.0	0.3464071	0.0	0.24805623	0.14839356	0.0	0.0	0.0	0.27450034	0.0	0.0	0.0	0.0	0.0	0.4041016	0.45724797	0.0	0.0	0.4003121	0.0	0.0	0.046931166	0.31227684	0.0	0.36947218	0.2028249	0.0	0.0	0.0	0.0	0.29202226	0.0	0.0	0.26973188	0.0	0.5416593	0.16243243	0.71480674	0.0	0.41958848	0.0	0.0	0.0	0.0	0.18005805	0.0	0.10134899	0.0	0.0	0.0	0.0	0.6225779	0.0	0.0	0.0	0.30342886	0.0	0.0	0.0	0.5986919	0.16858228	0.0	0.2524265	0.0	0.0	0.35605118	0.0	0.0	0.0	0.0	0.110015966	0.0	0.0	0.0	0.0	0.2100056	0.0	0.61932296	0.0	0.0	0.50125825	0.0	0.0
0.0	0.17760438	0.0	0.0	0.0	0.0	0.052888114	0.0	0.0	0.0	0.0	0.0	0.0	0.0	0.37150273	0.0	0.46578637	0.0	0.0	0.093034446	0.0	0.23747003	0.0	0.26496935	0.0	0.0	0.2012685	0.0	0.0	0.2992371	0.34159556	0.0	0.0	0.0	0.0	0.0	0.0	0.0	0.0	0.0	0.33148223	0.5074597	0.0	0.0	0.0	0.0	0.36120927	0.0	0.24963486	0.17195646	0.0	0.0	0.0	0.25663796	0.0	0.0	0.0	0.0	0.0	0.40259376	0.42118058	0.0	0.0	0.39152512	0.0	0.0	0.06632934	0.29184398	0.0	0.36710525	0.21021974	0.0	0.0	0.0	0.0	0.2862921	0.0	0.0	0.25422883	0.0	0.52829313	0.18545277	0.6931723	0.0	0.3919904	0.0	0.0	0.0	0.0	0.16391768	0.0	0.10990188	0.0	0.0	0.0	0.0	0.6026221	0.0	0.0	0.0	0.29104996	0.0	0.0	0.0	0.5863033	0.15370958	0.0	0.23994191	0.0	0.0	0.34758472	0.0	0.0	0.0	0.0	0.09617368	0.0	0.0	0.0	0.0	0.20217514	0.0	0.5980249	0.0	0.0	0.4899194	0.0	0.0
0.0	0.2361222	0.0	0.0	0.0	0.0	0.06868415	0.0	0.0	0.0	0.0	0.0	0.0	0.0	0.43332216	0.0	0.5498373	0.0	0.0	0.11008856	0.0	0.22701867	0.0	0.35036233	0.0	0.0	0.32791647	0.0	0.0	0.36434272	0.29150692	0.0	0.0	0.0	0.0	0.0	0.0	0.0	0.0	0.0	0.38204476	0.6867883	0.0	0.0	0.0	0.0	0.3222077	0.0	0.2277946	0.097937964	0.0	0.0	0.0	0.34196118	0.0	0.0	0.0	0.0	0.0	0.40440106	0.5727709	0.0	0.0	0.45007885	0.0	0.0	0.0056160563	0.36383557	0.0	0.39425865	0.17131567	0.0	0.0	0.0	0.0	0.3078192	0.0	0.0	0.33212915	0.0	0.5917688	0.13240293	0.79912525	0.0	0.501681	0.0	0.0	0.0	0.0	0.2657374	0.0	0.09436697	0.0	0.0	0.0	0.0	0.67398006	0.0	0.0	0.0	0.35899892	0.0	0.0	0.0	0.67971253	0.24688046	0.0	0.3357016	0.0	0.0	0.34426332	0.0	0.0	0.0	0.0	0.10058579	0.0	0.0	0.0	0.0	0.25010344	0.0	0.6818555	0.0	0.0	0.58808345	0.0	0.0
0.0	0.16887641	0.0	0.0	0.0	0.0	0.053679597	0.0	0.0	0.0	0.0	0.0	0.0	0.0	0.3558215	0.0	0.43953297	0.0	0.0	0.088926256	0.0	0.2335788	0.0	0.25519305	0.0	0.0	0.18246579	0.0	0.0	0.28587568	0.34544608	0.0	0.0	0.0	0.0	0.0	0.0	0.0	0.0	0.0	0.32630625	0.4757489	0.0	0.0	0.0	0.0	0.35777116	0.0	0.2508372	0.17446965	0.0	0.0	0.0	0.2469331	0.0	0.0	0.0	0.0	0.0	0.40462115	0.39910746	0.0	0.0	0.37285224	0.0	0.0	0.07768486	0.28647095	0.0	0.35511473	0.21628712	0.0	0.0	0.0	0.0	0.28438267	0.0	0.0	0.23661758	0.0	0.51853675	0.18481863	0.66219085	0.0	0.37567568	0.0	0.0	0.0	0.0	0.14796765	0.0	0.10701091	0.0	0.0	0.0	0.0	0.5849932	0.0	0.0	0.0	0.27958107	0.0	0.0	0.0	0.5628752	0.13650186	0.0	0.21407719	0.0	0.0	0.35083017	0.0	0.0	0.0	0.0	0.09771588	0.0	0.0	0.0	0.0	0.1885665	0.0	0.5772478	0.0	0.0	0.46357822	0.0	0.0
0.0	0.24104434	0.0	0.0	0.0	0.0	0.06711198	0.0	0.0	0.0	0.0	0.0	0.0	0.0	0.45237902	0.0	0.5515924	0.0	0.0	0.11598579	0.0	0.23168306	0.0	0.36178613	0.0	0.0	0.34958658	0.0	0.0	0.3686737	0.28328273	0.0	0.0	0.0	0.0	0.0	0.0	0.0	0.0	0.0	0.3983759	0.6875865	0.0	0.0	0.0	0.0	0.32138398	0.0	0.2218219	0.082763806	0.0	0.0	0.0	0.35821953	0.0	0.0	0.0	0.0	0.0	0.41150057	0.5795815	0.0	0.0	0.46339586	0.0	0.0	0.0	0.37665078	0.0	0.39532566	0.16682346	0.0	0.0	0.0	0.0	0.3176779	0.0	0.0	0.33511397	0.0	0.600846	0.11659169	0.80607605	0.0	0.5276677	0.0	0.0	0.0	0.0	0.28364578	0.0	0.0991746	0.0	0.0	0.0	0.0	0.6889925	0.0	0.0	0.0	0.36658326	0.0	0.0	0.0	0.7114225	0.2575065	0.0	0.34370887	0.0	0.0	0.34497467	0.0	0.0	0.0	0.0	0.08989922	0.0	0.0	0.0	0.0	0.2549969	0.0	0.67567277	0.0	0.0	0.6045251	0.0	0.0
0.0	0.17129116	0.0	0.0	0.0	0.0	0.018465562	0.0	0.0	0.0	0.0	0.0	0.0	0.0	0.34464136	0.0	0.4408432	0.0	0.0	0.07517851	0.0	0.23618554	0.0	0.23103572	0.0	0.0	0.18079889	0.0	0.0	0.29726735	0.34400952	0.0	0.0	0.0	0.0	0.0	0.0	0.0	0.0	0.0	0.33011615	0.4676105	0.0	0.0	0.0	0.0	0.378477	0.0	0.28968468	0.22448474	0.0	0.0	0.0	0.24970818	0.0	0.0	0.0	0.0	0.0	0.4082462	0.376676	0.0	0.0	0.41567215	0.0	0.0	0.10988602	0.29512125	0.0	0.39122128	0.24199247	0.0	0.0	0.0	0.0	0.27845958	0.0	0.0	0.25696862	0.0	0.5212788	0.23184283	0.69078773	0.0	0.34572935	0.0	0.0	0.0	0.0	0.15429606	0.0	0.121940754	0.0	0.0	0.0	0.0	0.5401175	0.0	0.0	0.0	0.2652583	0.0	0.0	0.0	0.5702841	0.16297708	0.0	0.23109877	0.0	0.0	0.33707762	0.0	0.0	0.0	0.0	0.09440559	0.0	0.0	0.0	0.0	0.19118045	0.0	0.56670386	0.0	0.0	0.45979008	0.0	0.0
0.0	0.15115155	0.0	0.0	0.0	0.0	0.008996092	0.0	0.0	0.0	0.0	0.0	0.0	0.0	0.338856	0.0	0.40348276	0.0	0.0	0.07874902	0.0	0.21001701	0.0	0.21781552	0.0	0.0	0.16018604	0.0	0.0	0.27165756	0.34054732	0.0	0.0	0.0	0.0	0.0	0.0	0.0	0.0	0.0	0.31140932	0.44076777	0.0	0.0	0.0	0.0	0.40171197	0.0	0.2559744	0.18175626	0.0	0.0	0.0	0.22705986	0.0	0.0	0.0	0.0	0.0	0.40281105	0.36830798	0.0	0.0	0.34937963	0.0	0.0	0.10930196	0.2819669	0.0	0.36069608	0.22473331	0.0	0.0	0.0	0.0	0.2684239	0.0	0.0	0.22085379	0.0	0.5153532	0.18744045	0.62303543	0.0	0.34647036	0.0	0.0	0.0	0.0	0.13523732	0.0	0.10217475	0.0	0.0	0.0	0.0	0.5749082	0.0	0.0	0.0	0.2616718	0.0	0.0	0.0	0.54499197	0.12360034	0.0	0.19377668	0.0	0.0	0.3685894	0.0	0.0	0.0	0.0	0.08504152	0.0	0.0	0.0	0.0	0.15359737	0.0	0.5262278	0.0	0.0	0.43260762	0.0	0.0
0.0	0.19164753	0.0	0.0	0.0	0.0	0.07157848	0.0	0.0	0.0	0.0	0.0	0.0	0.0	0.3468481	0.0	0.4588391	0.0	0.0	0.09622211	0.0	0.22087784	0.0	0.28082028	0.0	0.0	0.19257368	0.0	0.0	0.28911638	0.34022236	0.0	0.0	0.0	0.0	0.0	0.0	0.0	0.0	0.0	0.31943122	0.52467245	0.0	0.0	0.0	0.0	0.3410369	0.0	0.2524002	0.14427422	0.0	0.0	0.0	0.2540741	0.0	0.0	0.0	0.0	0.0	0.40999246	0.43688133	0.0	0.0	0.37633148	0.0	0.0	0.051593155	0.28939116	0.0	0.35890093	0.20678587	0.0	0.0	0.0	0.0	0.29002276	0.0	0.0	0.25800452	0.0	0.5260267	0.1699726	0.6825042	0.0	0.39996687	0.0	0.0	0.0	0.0	0.15830523	0.0	0.10300845	0.0	0.0	0.0	0.0	0.61804515	0.0	0.0	0.0	0.29020706	0.0	0.0	0.0	0.5733991	0.14861901	0.0	0.23982383	0.0	0.0	0.3541994	0.0	0.0	0.0	0.0	0.11796403	0.0	0.0	0.0	0.0	0.19167393	0.0	0.61576146	0.0	0.0	0.4855841	0.0	0.0
0.0	0.22125725	0.0	0.0	0.0	0.0	0.05829994	0.0	0.0	0.0	0.0	0.0	0.0	0.0	0.39875808	0.0	0.52617365	0.0	0.0	0.11869695	0.0	0.22664297	0.0	0.3343896	0.0	0.0	0.30387983	0.0	0.0	0.35624292	0.31499603	0.0	0.0	0.0	0.0	0.0	0.0	0.0	0.0	0.0	0.3843349	0.63832897	0.0	0.0	0.0	0.0	0.3348658	0.0	0.24919446	0.10386758	0.0	0.0	0.0	0.32691422	0.0	0.0	0.0	0.0	0.0	0.40768084	0.54178137	0.0	0.0	0.44481328	0.0	0.0	0.0075176856	0.3584713	0.0	0.39333525	0.2059819	0.0	0.0	0.0	0.0	0.30447605	0.0	0.0	0.3146222	0.0	0.5779274	0.13745023	0.7745363	0.0	0.48723212	0.0	0.0	0.0	0.0	0.24277174	0.0	0.103535384	0.0	0.0	0.0	0.0	0.6705919	0.0	0.0	0.0	0.34494558	0.0	0.0	0.0	0.67264324	0.21614242	0.0	0.31052694	0.0	0.0	0.35922337	0.0	0.0	0.0	0.0	0.11082977	0.0	0.0	0.0	0.0	0.2322396	0.0	0.67717505	0.0	0.0	0.57057285	0.0	0.0
0.0	0.1680438	0.0	0.0	0.0	0.0	0.01710294	0.0	0.0	0.0	0.0	0.0	0.0	0.0	0.33920464	0.0	0.41185853	0.0	0.0	0.078294136	0.0	0.20481138	0.0	0.24767716	0.0	0.0	0.18531899	0.0	0.0	0.27729437	0.3322143	0.0	0.0	0.0	0.0	0.0	0.0	0.0	0.0	0.0	0.31939304	0.4735012	0.0	0.0	0.0	0.0	0.3750333	0.0	0.23661096	0.14910181	0.0	0.0	0.0	0.24089871	0.0	0.0	0.0	0.0	0.0	0.39599705	0.4073042	0.0	0.0	0.3636588	0.0	0.0	0.07112316	0.2946572	0.0	0.35229453	0.21068253	0.0	0.0	0.0	0.0	0.27064595	0.0	0.0	0.23886764	0.0	0.52303964	0.16269462	0.64057225	0.0	0.3731036	0.0	0.0	0.0	0.0	0.1580478	0.0	0.09928623	0.0	0.0	0.0	0.0	0.5995502	0.0	0.0	0.0	0.27445433	0.0	0.0	0.0	0.57332134	0.13498381	0.0	0.22193445	0.0	0.0	0.37565216	0.0	0.0	0.0	0.0	0.09401286	0.0	0.0	0.0	0.0	0.16844235	0.0	0.55360585	0.0	0.0	0.44953895	0.0	0.0
0.0	0.17733686	0.0	0.0	0.0	0.0	0.030909592	0.0	0.0	0.0	0.0	0.0	0.0	0.0	0.33812976	0.0	0.41751543	0.0	0.0	0.09114572	0.0	0.19792509	0.0	0.2440006	0.0	0.0	0.19324596	0.0	0.0	0.28846562	0.3327187	0.0	0.0	0.0	0.0	0.0	0.0	0.0	0.0	0.0	0.33029678	0.48698056	0.0	0.0	0.0	0.0	0.38613534	0.0	0.24661386	0.14913659	0.0	0.0	0.0	0.25599468	0.0	0.0	0.0	0.0	0.0	0.4135352	0.40497065	0.0	0.0	0.3715202	0.0	0.0	0.06622202	0.30268136	0.0	0.36739036	0.20651017	0.0	0.0	0.0	0.0	0.28380403	0.0	0.0	0.2466002	0.0	0.51729256	0.15880857	0.64901125	0.0	0.38955852	0.0	0.0	0.0	0.0	0.15897416	0.0	0.105590366	0.0	0.0	0.0	0.0	0.6117616	0.0	0.0	0.0	0.2832602	0.0	0.0	0.0	0.58212394	0.14370407	0.0	0.23095019	0.0	0.0	0.3720307	0.0	0.0	0.0	0.0	0.0986403	0.0	0.0	0.0	0.0	0.1570274	0.0	0.56456715	0.0	0.0	0.46424088	0.0	0.0
0.0	0.15939444	0.0	0.0	0.0	0.0	0.049291838	0.0	0.0	0.0	0.0	0.0	0.0	0.0	0.32202157	0.0	0.39310262	0.0	0.0	0.07168442	0.0	0.21651833	0.0	0.23765709	0.0	0.0	0.13899854	0.0	0.0	0.23475862	0.35745904	0.0	0.0	0.0	0.0	0.0	0.0	0.0	0.0	0.0	0.28471845	0.43085632	0.0	0.0	0.0	0.0	0.36229965	0.0	0.24734424	0.16491635	0.0	0.0	0.0	0.21295904	0.0	0.0	0.0	0.0	0.0	0.40637434	0.3687345	0.0	0.0	0.33403787	0.0	0.0	0.08298861	0.2579067	0.0	0.33625445	0.21407665	0.0	0.0	0.0	0.0	0.26738974	0.0	0.0	0.21926577	0.0	0.49503127	0.18798514	0.60104203	0.0	0.33995065	0.0	0.0	0.0	0.0	0.1232934	0.0	0.10679809	0.0	0.0	0.0	0.0	0.5772975	0.0	0.0	0.0	0.2572232	0.0	0.0	0.0	0.53442067	0.10692689	0.0	0.20041905	0.0	0.0	0.35547748	0.0	0.0	0.0	0.0	0.10015583	0.0	0.0	0.0	0.0	0.1532742	0.0	0.5361385	0.0	0.0	0.43203843	0.0	0.0
0.0	0.16466884	0.0	0.0	0.0	0.0	0.08582298	0.0	0.0	0.0	0.0	0.0	0.0	0.0	0.299302	0.0	0.38096485	0.0	0.0	0.080531694	0.0	0.1830606	0.0	0.24860239	0.0	0.0	0.13464637	0.0	0.0	0.22207065	0.34630135	0.0	0.0	0.0	0.0	0.0	0.0	0.0	0.0	0.0	0.2851772	0.43288708	0.0	0.0	0.0	0.0	0.32066718	0.0	0.21924704	0.14003168	0.0	0.0	0.0	0.22092979	0.0	0.0	0.0	0.0	0.0	0.39504793	0.37540326	0.0	0.0	0.29164663	0.0	0.0	0.06913369	0.24738955	0.0	0.3237571	0.20598078	0.0	0.0	0.0	0.0	0.2739742	0.0	0.0	0.1974957	0.0	0.4926099	0.15550657	0.56952983	0.0	0.35067236	0.0	0.0	0.0	0.0	0.12316844	0.0	0.08981803	0.0	0.0	0.0	0.0	0.5733319	0.0	0.0	0.0	0.26270935	0.0	0.0	0.0	0.5096206	0.10511323	0.0	0.17744519	0.0	0.0	0.3401256	0.0	0.0	0.0	0.0	0.125215	0.0	0.0	0.0	0.0	0.15947871	0.0	0.5447912	0.0	0.0	0.42102584	0.0	0.0
0.0	0.15342025	0.0	0.0	0.0	0.0	0.023508271	0.0	0.0	0.0	0.0	0.0	0.0	0.0	0.35219693	0.0	0.43233338	0.0	0.0	0.0822632	0.0	0.23656954	0.0	0.23106867	0.0	0.0	0.16304801	0.0	0.0	0.28864667	0.35458478	0.0	0.0	0.0	0.0	0.0	0.0	0.0	0.0	0.0	0.32600442	0.44846854	0.0	0.0	0.0	0.0	0.37809634	0.0	0.24886875	0.19596083	0.0	0.0	0.0	0.23019357	0.0	0.0	0.0	0.0	0.0	0.39535618	0.37878034	0.0	0.0	0.37377015	0.0	0.0	0.10693336	0.2794547	0.0	0.35906708	0.23241217	0.0	0.0	0.0	0.0	0.2786659	0.0	0.0	0.23295043	0.0	0.5048893	0.18913467	0.6554658	0.0	0.36278805	0.0	0.0	0.0	0.0	0.13454415	0.0	0.10635785	0.0	0.0	0.0	0.0	0.5759678	0.0	0.0	0.0	0.27031228	0.0	0.0	0.0	0.56306523	0.1290065	0.0	0.21276325	0.0	0.0	0.35776615	0.0	0.0	0.0	0.0	0.09061552	0.0	0.0	0.0	0.0	0.18387105	0.0	0.56029457	0.0	0.0	0.45373455	0.0	0.0
0.0	0.17952728	0.0	0.0	0.0	0.0	0.059516262	0.0	0.0	0.0	0.0	0.0	0.0	0.0	0.33399174	0.0	0.42707828	0.0	0.0	0.08378991	0.0	0.20466678	0.0	0.25831237	0.0	0.0	0.17178112	0.0	0.0	0.26889488	0.34729004	0.0	0.0	0.0	0.0	0.0	0.0	0.0	0.0	0.0	0.3053741	0.4892939	0.0	0.0	0.0	0.0	0.34937653	0.0	0.24768354	0.15105857	0.0	0.0	0.0	0.24149853	0.0	0.0	0.0	0.0	0.0	0.40961775	0.41245893	0.0	0.0	0.3543717	0.0	0.0	0.06479978	0.2778634	0.0	0.35523438	0.20955034	0.0	0.0	0.0	0.0	0.28061017	0.0	0.0	0.24220757	0.0	0.51900357	0.174954	0.6494724	0.0	0.37281093	0.0	0.0	0.0	0.0	0.14908731	0.0	0.10113964	0.0	0.0	0.0	0.0	0.602168	0.0	0.0	0.0	0.27740803	0.0	0.0	0.0	0.5626178	0.133067	0.0	0.21987112	0.0	0.0	0.3510628	0.0	0.0	0.0	0.0	0.1115269	0.0	0.0	0.0	0.0	0.17131735	0.0	0.57982713	0.0	0.0	0.4616882	0.0	0.0
0.0	0.16534694	0.0	0.0	0.0	0.0	0.019917669	0.0	0.0	0.0	0.0	0.0	0.0	0.0	0.3097194	0.0	0.38253495	0.0	0.0	0.0731526	0.0	0.18764114	0.0	0.2296691	0.0	0.0	0.15578578	0.0	0.0	0.25475362	0.32851523	0.0	0.0	0.0	0.0	0.0	0.0	0.0	0.0	0.0	0.29889056	0.45096803	0.0	0.0	0.0	0.0	0.37657964	0.0	0.23110677	0.14398104	0.0	0.0	0.0	0.21863402	0.0	0.0	0.0	0.0	0.0	0.39078224	0.38711238	0.0	0.0	0.32417473	0.0	0.0	0.082014434	0.284118	0.0	0.3332401	0.20281047	0.0	0.0	0.0	0.0	0.26044777	0.0	0.0	0.22080356	0.0	0.5055323	0.14993654	0.5966161	0.0	0.36244655	0.0	0.0	0.0	0.0	0.13663566	0.0	0.09290149	0.0	0.0	0.0	0.0	0.5842612	0.0	0.0	0.0	0.26036614	0.0	0.0	0.0	0.54748744	0.11600443	0.0	0.20648015	0.0	0.0	0.379235	0.0	0.0	0.0	0.0	0.102590956	0.0	0.0	0.0	0.0	0.14016445	0.0	0.52578324	0.0	0.0	0.419621	0.0	0.0
0.0	0.13650961	0.0	0.0	0.0	0.0	0.043765545	0.0	0.0	0.0	0.0	0.0	0.0	0.0	0.25513974	0.0	0.3118198	0.0	0.0	0.0475729	0.0	0.16685395	0.0	0.20470858	0.0	0.0	0.08201835	0.0	0.0	0.16656138	0.3583242	0.0	0.0	0.0	0.0	0.0	0.0	0.0	0.0	0.0	0.23095627	0.37182513	0.0	0.0	0.0	0.0	0.34009138	0.0	0.2301938	0.15010333	0.0	0.0	0.0	0.18501227	0.0	0.0	0.0	0.0	0.0	0.40307307	0.32321897	0.0	0.0	0.25366956	0.0	0.0	0.104969986	0.2101657	0.0	0.3091567	0.22760327	0.0	0.0	0.0	0.0	0.24371065	0.0	0.0	0.18198274	0.0	0.4611992	0.18738778	0.5090546	0.0	0.2990785	0.0	0.0	0.0	0.0	0.092999734	0.0	0.08800133	0.0	0.0	0.0	0.0	0.5522161	0.0	0.0	0.0	0.22583644	0.0	0.0	0.0	0.47526821	0.071328886	0.0	0.14681308	0.0	0.0	0.33699	0.0	0.001322244	0.0	0.0	0.11255387	0.0	0.0	0.0	0.0	0.112063944	0.0	0.4826773	0.0	0.0	0.37367734	0.0	0.0
0.0	0.13567309	0.0	0.0	0.0	0.0	0.054924887	0.0	0.0	0.0	0.0	0.0	0.0	0.0	0.28598627	0.0	0.34522387	0.0	0.0	0.05980761	0.0	0.2017488	0.0	0.2145495	0.0	0.0	0.10587417	0.0	0.0	0.19493036	0.37027827	0.0	0.0	0.0	0.0	0.0	0.0	0.0	0.0	0.0	0.25628832	0.38502523	0.0	0.0	0.0	0.0	0.35467723	0.0	0.24592078	0.16797042	0.0	0.0	0.0	0.20076162	0.0	0.0	0.0	0.0	0.0	0.4052237	0.3311086	0.0	0.0	0.28539416	0.0	0.0	0.10116273	0.22976275	0.0	0.32198843	0.22697568	0.0	0.0	0.0	0.0	0.2483326	0.0	0.0	0.18791096	0.0	0.47906807	0.20211373	0.54131067	0.0	0.3032913	0.0	0.0	0.0	0.0	0.10043416	0.0	0.09917114	0.0	0.0	0.0	0.0	0.5460198	0.0	0.0	0.0	0.23337169	0.0	0.0	0.0	0.4923772	0.08377529	0.0	0.15588403	0.0	0.0	0.33630648	0.0	0.0	0.0	0.0	0.100564234	0.0	0.0	0.0	0.0	0.13283984	0.0	0.49862424	0.0	0.0	0.39932942	0.0	0.0
0.0	0.13216667	0.0	0.0	0.0	0.0	0.072260655	0.0	0.0	0.0	0.0	0.0	0.0	0.0	0.2894735	0.0	0.35094142	0.0	0.0	0.06245302	0.0	0.20894544	0.0	0.22188227	0.0	0.0	0.092955865	0.0	0.0	0.19117488	0.3784504	0.0	0.0	0.0	0.0	0.0	0.0	0.0	0.0	0.0	0.24934201	0.3725793	0.0	0.0	0.0	0.0	0.35540387	0.0	0.24651201	0.17785342	0.0	0.0	0.0	0.19186722	0.0	0.0	0.0	0.0	0.0	0.40661645	0.3226075	0.0	0.0	0.2845768	0.0	0.0	0.10264633	0.2169425	0.0	0.3213824	0.22422904	0.0	0.0	0.0	0.0	0.25813732	0.0	0.0	0.17897956	0.0	0.47951698	0.21903615	0.53426397	0.0	0.29660675	0.0	0.0	0.0	0.0	0.0945785	0.0	0.10445624	0.0	0.0	0.0	0.0	0.5420846	0.0	0.0	0.0	0.23257835	0.0	0.0	0.0	0.4817581	0.075208075	0.0	0.14713497	0.0	0.0	0.3283806	0.0	0.00092132826	0.0	0.0	0.09942499	0.0	0.0	0.0	0.0	0.1317635	0.0	0.5011298	0.0	0.0	0.40504372	0.0	0.0
0.0	0.12671947	0.0	0.0	0.0	0.0	0.08088067	0.0	0.0	0.0	0.0	0.0	0.0	0.0	0.29929218	0.0	0.36400875	0.0	0.0	0.06513458	0.0	0.22647522	0.0	0.20769815	0.0	0.0	0.0912833	0.0	0.0	0.20536345	0.39308524	0.0	0.0	0.0	0.0	0.0	0.0	0.0	0.0	0.0	0.2528542	0.3676684	0.0	0.0	0.0	0.0	0.37589693	0.0	0.26935127	0.21020432	0.0	0.0	0.0	0.19357765	0.0	0.0	0.0	0.0	0.0	0.4231043	0.30221665	0.0	0.0	0.30269608	0.0	0.0	0.127728	0.21331	0.0	0.3382375	0.23560067	0.0	0.0	0.0	0.0	0.2593638	0.0	0.0	0.18551792	0.0	0.4817171	0.26003996	0.55554944	0.0	0.282976	0.0	0.0	0.0	0.0	0.08754748	0.0	0.12113035	0.0	0.0	0.0	0.0	0.5232506	0.0	0.0	0.0	0.23509698	0.0	0.0	0.0	0.47636625	0.07958708	0.0	0.1501725	0.0	0.0	0.32517555	0.0	0.0050306288	0.0	0.0	0.08686494	0.0	0.0	0.0	0.0	0.13144593	0.0	0.5116144	0.0	0.0	0.41558814	0.0	0.0
0.0	0.1368678	0.0	0.0	0.0	0.0	0.10091107	0.0	0.0	0.0	0.0	0.0	0.0	0.0	0.2783674	0.0	0.35304427	0.0	0.0	0.06364805	0.0	0.21584566	0.0	0.22636993	0.0	0.0	0.08418166	0.0	0.0	0.17513709	0.38541064	0.0	0.0	0.0	0.0	0.0	0.0	0.0	0.0	0.0	0.23082347	0.3590516	0.0	0.0	0.0	0.0	0.35184956	0.0	0.25536025	0.17965402	0.0	0.0	0.0	0.17975329	0.0	0.0	0.0	0.0	0.0	0.4125106	0.30976358	0.0	0.0	0.27492264	0.0	0.0	0.102603756	0.19680195	0.0	0.31428966	0.21792442	0.0	0.0	0.0	0.0	0.25683132	0.0	0.0	0.17477793	0.0	0.4652181	0.2352315	0.5231816	0.0	0.29147246	0.0	0.0	0.0	0.0	0.08403259	0.0	0.11565592	0.0	0.0	0.0	0.0	0.53627276	0.0	0.0	0.0	0.23454304	0.0	0.0	0.0	0.46159384	0.05675446	0.0	0.14998625	0.0	0.0	0.32613465	0.0	0.009568041	0.0	0.0	0.10234902	0.0	0.0	0.0	0.0	0.12506747	0.0	0.5138461	0.0	0.0	0.4020165	0.0	0.0
0.0	0.13661444	0.0	0.0	0.0	0.0	0.09583065	0.0	0.0	0.0	0.0	0.0	0.0	0.0	0.27580035	0.0	0.3429056	0.0	0.0	0.057777155	0.0	0.19759	0.0	0.22478193	0.0	0.0	0.078265496	0.0	0.0	0.16614957	0.37922612	0.0	0.0	0.0	0.0	0.0	0.0	0.0	0.0	0.0	0.22320722	0.35090813	0.0	0.0	0.0	0.0	0.34786716	0.0	0.2394079	0.1784449	0.0	0.0	0.0	0.16721974	0.0	0.0	0.0	0.0	0.0	0.40989423	0.3058764	0.0	0.0	0.26151422	0.0	0.0	0.10582491	0.18672264	0.0	0.31143185	0.21198301	0.0	0.0	0.0	0.0	0.25887296	0.0	0.0	0.16892518	0.0	0.46045983	0.22909911	0.50270647	0.0	0.2857503	0.0	0.0	0.0	0.0	0.08286191	0.0	0.1121944	0.0	0.0	0.0	0.0	0.53521496	0.0	0.0	0.0	0.23283672	0.0	0.0	0.0	0.45111012	0.051786434	0.0	0.14494354	0.0	0.0	0.33010575	0.0	0.011541888	0.0	0.0	0.10090315	0.0	0.0	0.0	0.0	0.11796237	0.0	0.5028363	0.0	0.0	0.3916348	0.0	0.0
0.0	0.1232632	0.0	0.0	0.0	0.0	0.06635829	0.0	0.0	0.0	0.0	0.0	0.0	0.0	0.24118142	0.0	0.2980514	0.0	0.0	0.03819033	0.0	0.18914966	0.0	0.1981317	0.0	0.0	0.05265613	0.0	0.0	0.13697337	0.37072158	0.0	0.0	0.0	0.0	0.0	0.0	0.0	0.0	0.0	0.21342921	0.31400487	0.0	0.0	0.0	0.0	0.33949295	0.0	0.23714828	0.16335289	0.0	0.0	0.0	0.1528802	0.0	0.0	0.0	0.0	0.0	0.39396068	0.2858415	0.0	0.0	0.22974622	0.0	0.0	0.11767677	0.1803418	0.0	0.29227212	0.22789232	0.0	0.0	0.0	0.0	0.24047767	0.0	0.0	0.15243764	0.0	0.4323952	0.20281936	0.46857414	0.0	0.2754666	0.0	0.0	0.0	0.0	0.0732493	0.0	0.094828464	0.0	0.0	0.0	0.0	0.52493244	0.0	0.0	0.0	0.21467872	0.0	0.0	0.0	0.44518805	0.028256126	0.0	0.124533676	0.0	0.0	0.33098385	0.0	0.0046611275	0.0	0.0	0.09722987	0.0	0.0	0.0	0.0	0.10566419	0.0	0.46193966	0.0	0.0	0.36832547	0.0	0.0
0.0	0.15085866	0.0	0.0	0.0	0.0	0.0713408	0.0	0.0	0.0	0.0	0.0	0.0	0.0	0.2656007	0.0	0.3486966	0.0	0.0	0.067993715	0.0	0.19521399	0.0	0.22848433	0.0	0.0	0.07608231	0.0	0.0	0.19929558	0.35811028	0.0	0.0	0.0	0.0	0.0	0.0	0.0	0.0	0.0	0.24665911	0.38404027	0.0	0.0	0.0	0.0	0.36245582	0.0	0.24177997	0.15537918	0.0	0.0	0.0	0.17203768	0.0	0.0	0.0	0.0	0.0	0.39754462	0.33462372	0.0	0.0	0.27659753	0.0	0.0	0.08787521	0.2224537	0.0	0.3080018	0.20587641	0.0	0.0	0.0	0.0	0.26143405	0.0	0.0	0.18063974	0.0	0.45819917	0.18992986	0.53302187	0.0	0.31120855	0.0	0.0	0.0	0.0	0.097267546	0.0	0.10373199	0.0	0.0	0.0	0.0	0.5566278	0.0	0.0	0.0	0.24175882	0.0	0.0	0.0	0.48250195	0.060802717	0.0	0.16449882	0.0	0.0	0.35587892	0.0	0.0057063955	0.0	0.0	0.10628096	0.0	0.0	0.0	0.0	0.113720454	0.0	0.51673603	0.0	0.0	0.39697108	0.0	0.0
0.0	0.12379414	0.0	0.0	0.0	0.0	0.07611201	0.0	0.0	0.0	0.0	0.0	0.0	0.0	0.25728074	0.0	0.3115389	0.0	0.0	0.046947762	0.0	0.19625194	0.0	0.2089618	0.0	0.0	0.06786866	0.0	0.0	0.1493592	0.37702766	0.0	0.0	0.0	0.0	0.0	0.0	0.0	0.0	0.0	0.22364438	0.3302034	0.0	0.0	0.0	0.0	0.34094882	0.0	0.23736084	0.1652773	0.0	0.0	0.0	0.16333637	0.0	0.0	0.0	0.0	0.0	0.39995977	0.29238194	0.0	0.0	0.24408431	0.0	0.0	0.11028301	0.19007099	0.0	0.29649022	0.22365259	0.0	0.0	0.0	0.0	0.2456374	0.0	0.0	0.15880415	0.0	0.4478775	0.20893069	0.48450157	0.0	0.2816141	0.0	0.0	0.0	0.0	0.079085	0.0	0.09993738	0.0	0.0	0.0	0.0	0.5267341	0.0	0.0	0.0	0.21947205	0.0	0.0	0.0	0.4552249	0.03745239	0.0	0.12931013	0.0	0.0	0.32937673	0.0	0.006781019	0.0	0.0	0.10040873	0.0	0.0	0.0	0.0	0.11330619	0.0	0.47144565	0.0	0.0	0.37711623	0.0	0.0
0.0	0.14499064	0.0	0.0	0.0	0.0	0.0997074	0.0	0.0	0.0	0.0	0.0	0.0	0.0	0.27407953	0.0	0.3500327	0.0	0.0	0.054728325	0.0	0.20955618	0.0	0.22502995	0.0	0.0	0.07653551	0.0	0.0	0.16418599	0.38236988	0.0	0.0	0.0	0.0	0.0	0.0	0.0	0.0	0.0	0.21710421	0.3467165	0.0	0.0	0.0	0.0	0.345436	0.0	0.24763256	0.18187894	0.0	0.0	0.0	0.16976446	0.0	0.0	0.0	0.0	0.0	0.40343264	0.30641243	0.0	0.0	0.28043354	0.0	0.0	0.099440925	0.18663605	0.0	0.30831197	0.20839088	0.0	0.0	0.0	0.0	0.258944	0.0	0.0	0.1737649	0.0	0.44614163	0.2276301	0.518542	0.0	0.290887	0.0	0.0	0.0	0.0	0.079934925	0.0	0.11714692	0.0	0.0	0.0	0.0	0.53524166	0.0	0.0	0.0	0.2368425	0.0	0.0	0.0	0.45809877	0.052121937	0.0	0.16066268	0.0	0.0	0.3322146	0.0	0.008658474	0.0	0.0	0.10633165	0.0	0.0	0.0	0.0	0.12547542	0.0	0.5094199	0.0	0.0	0.3900557	0.0	0.0
0.0	0.123423375	0.0	0.0	0.0	0.0	0.08790505	0.0	0.0	0.0	0.0	0.0	0.0	0.0	0.24038923	0.0	0.3024441	0.0	0.0	0.046622787	0.0	0.20091854	0.0	0.19472218	0.0	0.0	0.05744657	0.0	0.0	0.13545375	0.3835393	0.0	0.0	0.0	0.0	0.0	0.0	0.0	0.0	0.0	0.21280997	0.3084651	0.0	0.0	0.0	0.0	0.34045658	0.0	0.24854608	0.17134993	0.0	0.0	0.0	0.15475683	0.0	0.0	0.0	0.0	0.0	0.40207925	0.27313337	0.0	0.0	0.22769077	0.0	0.0	0.12152207	0.17357172	0.0	0.29583973	0.23199572	0.0	0.0	0.0	0.0	0.23962982	0.0	0.0	0.14748608	0.0	0.42769346	0.21533732	0.46577767	0.0	0.27395007	0.0	0.0	0.0	0.0	0.068288565	0.0	0.103135504	0.0	0.0	0.0	0.0	0.51329553	0.0	0.0	0.0	0.21635002	0.0	0.0	0.0	0.4362297	0.025112027	0.0	0.12885948	0.0	0.0	0.31984317	0.0	0.010981885	0.0	0.0	0.09372357	0.0	0.0	0.0	0.0	0.10792926	0.0	0.47107875	0.0	0.0	0.37163064	0.0	0.0
0.0	0.14434282	0.0	0.0	0.0	0.0	0.09478215	0.0	0.0	0.0	0.0	0.0	0.0	0.0	0.28296778	0.0	0.3480433	0.0	0.0	0.061451796	0.0	0.19750266	0.0	0.23541702	0.0	0.0	0.08351186	0.0	0.0	0.16800554	0.3721911	0.0	0.0	0.0	0.0	0.0	0.0	0.0	0.0	0.0	0.22601742	0.35905078	0.0	0.0	0.0	0.0	0.34509388	0.0	0.23743618	0.17088996	0.0	0.0	0.0	0.17068177	0.0	0.0	0.0	0.0	0.0	0.41124964	0.31495607	0.0	0.0	0.2690262	0.0	0.0	0.1002721	0.19539964	0.0	0.31318012	0.20780535	0.0	0.0	0.0	0.0	0.26228437	0.0	0.0	0.171369	0.0	0.46411705	0.22782071	0.5105069	0.0	0.29556882	0.0	0.0	0.0	0.0	0.089418106	0.0	0.11089549	0.0	0.0	0.0	0.0	0.54042	0.0	0.0	0.0	0.24063425	0.0	0.0	0.0	0.45748338	0.05803725	0.0	0.14883913	0.0	0.0	0.33331123	0.0	0.010283372	0.0	0.0	0.09912205	0.0	0.0	0.0	0.0	0.1194179	0.0	0.5057538	0.0	0.0	0.39950052	0.0	0.0
0.0	0.12840353	0.0	0.0	0.0	0.0	0.079043694	0.0	0.0	0.0	0.0	0.0	0.0	0.0	0.2743676	0.0	0.33510137	0.0	0.0	0.052694794	0.0	0.2054938	0.0	0.21744753	0.0	0.0	0.07102477	0.0	0.0	0.16642813	0.37926826	0.0	0.0	0.0	0.0	0.0	0.0	0.0	0.0	0.0	0.2259199	0.34663463	0.0	0.0	0.0	0.0	0.35450256	0.0	0.24212544	0.17894167	0.0	0.0	0.0	0.16801278	0.0	0.0	0.0	0.0	0.0	0.4070268	0.3017412	0.0	0.0	0.26250178	0.0	0.0	0.11398933	0.19583364	0.0	0.3093896	0.22103028	0.0	0.0	0.0	0.0	0.25101185	0.0	0.0	0.17009215	0.0	0.4605217	0.2305351	0.50357074	0.0	0.27988294	0.0	0.0	0.0	0.0	0.08066417	0.0	0.1090462	0.0	0.0	0.0	0.0	0.5291428	0.0	0.0	0.0	0.22615372	0.0	0.0	0.0	0.45674196	0.0551292	0.0	0.14101188	0.0	0.0	0.33216038	0.0	0.008038185	0.0	0.0	0.09705898	0.0	0.0	0.0	0.0	0.1159459	0.0	0.4897295	0.0	0.0	0.39011344	0.0	0.0
0.0	0.13728116	0.0	0.0	0.0	0.0	0.08234956	0.0	0.0	0.0	0.0	0.0	0.0	0.0	0.28055882	0.0	0.34177265	0.0	0.0	0.05636326	0.0	0.20887141	0.0	0.22323114	0.0	0.0	0.08556652	0.0	0.0	0.17848273	0.37679222	0.0	0.0	0.0	0.0	0.0	0.0	0.0	0.0	0.0	0.2414552	0.3601428	0.0	0.0	0.0	0.0	0.34743533	0.0	0.23802279	0.1688944	0.0	0.0	0.0	0.18620032	0.0	0.0	0.0	0.0	0.0	0.40507236	0.3151778	0.0	0.0	0.2778586	0.0	0.0	0.09461374	0.21247958	0.0	0.3101829	0.2156204	0.0	0.0	0.0	0.0	0.25392583	0.0	0.0	0.1759121	0.0	0.46736458	0.21402447	0.52353567	0.0	0.29720652	0.0	0.0	0.0	0.0	0.091808	0.0	0.10666958	0.0	0.0	0.0	0.0	0.537908	0.0	0.0	0.0	0.23463215	0.0	0.0	0.0	0.47758174	0.06282029	0.0	0.15268499	0.0	0.0	0.33777884	0.0	0.0040753228	0.0	0.0	0.09919277	0.0	0.0	0.0	0.0	0.12688123	0.0	0.4995232	0.0	0.0	0.39943108	0.0	0.0
0.0	0.12949298	0.0	0.0	0.0	0.0	0.075829454	0.0	0.0	0.0	0.0	0.0	0.0	0.0	0.25338587	0.0	0.31527933	0.0	0.0	0.04546008	0.0	0.19822021	0.0	0.2065943	0.0	0.0	0.06181565	0.0	0.0	0.14916094	0.3794693	0.0	0.0	0.0	0.0	0.0	0.0	0.0	0.0	0.0	0.22135071	0.32265213	0.0	0.0	0.0	0.0	0.34192303	0.0	0.23798592	0.16540676	0.0	0.0	0.0	0.16009107	0.0	0.0	0.0	0.0	0.0	0.39515615	0.29137576	0.0	0.0	0.248285	0.0	0.0	0.10982581	0.1872104	0.0	0.295827	0.22410081	0.0	0.0	0.0	0.0	0.2442909	0.0	0.0	0.15810157	0.0	0.44158748	0.20703697	0.4850564	0.0	0.27942088	0.0	0.0	0.0	0.0	0.07612462	0.0	0.10044884	0.0	0.0	0.0	0.0	0.5285701	0.0	0.0	0.0	0.2183942	0.0	0.0	0.0	0.453118	0.036360275	0.0	0.13015717	0.0	0.0	0.33238065	0.0	0.005723636	0.0	0.0	0.09904406	0.0	0.0	0.0	0.0	0.11348104	0.0	0.4735103	0.0	0.0	0.37428555	0.0	0.0
0.0	0.12620358	0.0	0.0	0.0	0.0	0.09144053	0.0	0.0	0.0	0.0	0.0	0.0	0.0	0.29200792	0.0	0.3472029	0.0	0.0	0.06074081	0.0	0.20690028	0.0	0.22011288	0.0	0.0	0.078363426	0.0	0.0	0.17091684	0.38470447	0.0	0.0	0.0	0.0	0.0	0.0	0.0	0.0	0.0	0.22952665	0.34715733	0.0	0.0	0.0	0.0	0.35667023	0.0	0.23605973	0.18899874	0.0	0.0	0.0	0.16997027	0.0	0.0	0.0	0.0	0.0	0.40585884	0.300409	0.0	0.0	0.26754048	0.0	0.0	0.11187726	0.18846197	0.0	0.3139018	0.21193838	0.0	0.0	0.0	0.0	0.25945583	0.0	0.0	0.16141048	0.0	0.4684051	0.23202555	0.5035917	0.0	0.28308538	0.0	0.0	0.0	0.0	0.0825754	0.0	0.1185742	0.0	0.0	0.0	0.0	0.529784	0.0	0.0	0.0	0.2323954	0.0	0.0	0.0	0.4580785	0.056313824	0.0	0.15151449	0.0	0.0	0.32746044	0.0	0.008001712	0.0	0.0	0.09170532	0.0	0.0	0.0	0.0	0.122367226	0.0	0.49253812	0.0	0.0	0.39438257	0.0	0.0
0.0	0.13014288	0.0	0.0	0.0	0.0	0.079388306	0.0	0.0	0.0	0.0	0.0	0.0	0.0	0.2505887	0.0	0.32828662	0.0	0.0	0.029957145	0.0	0.19880573	0.0	0.22479703	0.0	0.0	0.060452342	0.0	0.0	0.14657967	0.38672265	0.0	0.0	0.0	0.0	0.0	0.0	0.0	0.0	0.0	0.21812855	0.32350257	0.0	0.0	0.0	0.0	0.34459102	0.0	0.25077403	0.18102819	0.0	0.0	0.0	0.15660357	0.0	0.0	0.0	0.0	0.0	0.38489655	0.29909375	0.0	0.0	0.25052178	0.0	0.0	0.104519755	0.17173444	0.0	0.30736342	0.2215405	0.0	0.0	0.0	0.0	0.25829378	0.0	0.0	0.16610335	0.0	0.43722215	0.2113301	0.49680528	0.0	0.28554058	0.0	0.0	0.0	0.0	0.077382594	0.0	0.11124289	0.0	0.0	0.0	0.0	0.52362627	0.0	0.0	0.0	0.24552494	0.0	0.0	0.0	0.44588408	0.039061647	0.0	0.14213084	0.0	0.0	0.32414743	0.0	0.02136234	0.0	0.0	0.101134904	0.0	0.0	0.0	0.0	0.12217307	0.0	0.49728343	0.0	0.0	0.38343182	0.0	0.0
0.0	0.12958197	0.0	0.0	0.0	0.0	0.076434635	0.0	0.0	0.0	0.0	0.0	0.0	0.0	0.2601036	0.0	0.32029057	0.0	0.0	0.049495306	0.0	0.19217485	0.0	0.21658604	0.0	0.0	0.07267168	0.0	0.0	0.15311484	0.37330484	0.0	0.0	0.0	0.0	0.0	0.0	0.0	0.0	0.0	0.22338033	0.3396683	0.0	0.0	0.0	0.0	0.3379909	0.0	0.23134406	0.1612269	0.0	0.0	0.0	0.16681747	0.0	0.0	0.0	0.0	0.0	0.39652133	0.30343822	0.0	0.0	0.24829753	0.0	0.0	0.10560391	0.19409089	0.0	0.30173898	0.22029348	0.0	0.0	0.0	0.0	0.24936359	0.0	0.0	0.15966676	0.0	0.45523298	0.20679767	0.4910257	0.0	0.28881943	0.0	0.0	0.0	0.0	0.082988195	0.0	0.09832428	0.0	0.0	0.0	0.0	0.5340417	0.0	0.0	0.0	0.22447799	0.0	0.0	0.0	0.45716015	0.048322853	0.0	0.13449629	0.0	0.0	0.33056155	0.0	0.0045329663	0.0	0.0	0.104126096	0.0	0.0	0.0	0.0	0.11655811	0.0	0.479146	0.0	0.0	0.3811047	0.0	0.0
0.0	0.120029986	0.0	0.0	0.0	0.0	0.069895186	0.0	0.0	0.0	0.0	0.0	0.0	0.0	0.28908035	0.0	0.3481662	0.0	0.0	0.06504264	0.0	0.22023988	0.0	0.19502331	0.0	0.0	0.082843296	0.0	0.0	0.19454682	0.3890735	0.0	0.0	0.0	0.0	0.0	0.0	0.0	0.0	0.0	0.24721122	0.35557565	0.0	0.0	0.0	0.0	0.3798934	0.0	0.26285893	0.2098304	0.0	0.0	0.0	0.18625224	0.0	0.0	0.0	0.0	0.0	0.41548976	0.29255137	0.0	0.0	0.28434208	0.0	0.0	0.13642226	0.20910633	0.0	0.33312818	0.23774768	0.0	0.0	0.0	0.0	0.2519362	0.0	0.0	0.17322735	0.0	0.47408155	0.25358543	0.5316579	0.0	0.27791885	0.0	0.0	0.0	0.0	0.081390314	0.0	0.11543715	0.0	0.0	0.0	0.0	0.51882666	0.0	0.0	0.0	0.2251545	0.0	0.0	0.0	0.4701973	0.072471224	0.0	0.1397381	0.0	0.0	0.32536718	0.0	0.005106319	0.0	0.0	0.08431194	0.0	0.0	0.0	0.0	0.12049967	0.0	0.49173442	0.0	0.0	0.39969492	0.0	0.0
0.0	0.13561185	0.0	0.0	0.0	0.0	0.08849716	0.0	0.0	0.0	0.0	0.0	0.0	0.0	0.25698212	0.0	0.3254245	0.0	0.0	0.053168353	0.0	0.19733481	0.0	0.21986513	0.0	0.0	0.07158154	0.0	0.0	0.15288721	0.37576196	0.0	0.0	0.0	0.0	0.0	0.0	0.0	0.0	0.0	0.22181071	0.33710924	0.0	0.0	0.0	0.0	0.33630887	0.0	0.2410159	0.16568895	0.0	0.0	0.0	0.16497125	0.0	0.0	0.0	0.0	0.0	0.39949444	0.30060318	0.0	0.0	0.24788797	0.0	0.0	0.10402628	0.18678968	0.0	0.3012338	0.22019053	0.0	0.0	0.0	0.0	0.25189638	0.0	0.0	0.15929396	0.0	0.44705293	0.21221447	0.49446988	0.0	0.28965357	0.0	0.0	0.0	0.0	0.0800427	0.0	0.104138434	0.0	0.0	0.0	0.0	0.53322643	0.0	0.0	0.0	0.22817488	0.0	0.0	0.0	0.44977605	0.039918657	0.0	0.13954856	0.0	0.0	0.32949182	0.0	0.009308571	0.0	0.0	0.10382902	0.0	0.0	0.0	0.0	0.11905781	0.0	0.49179372	0.0	0.0	0.3844976	0.0	0.0
0.0	0.12456972	0.0	0.0	0.0	0.0	0.08287622	0.0	0.0	0.0	0.0	0.0	0.0	0.0	0.2835031	0.0	0.34394237	0.0	0.0	0.056459952	0.0	0.21385264	0.0	0.21699007	0.0	0.0	0.07951055	0.0	0.0	0.17298996	0.38538864	0.0	0.0	0.0	0.0	0.0	0.0	0.0	0.0	0.0	0.2380606	0.34709814	0.0	0.0	0.0	0.0	0.353181	0.0	0.2423089	0.18671699	0.0	0.0	0.0	0.18076657	0.0	0.0	0.0	0.0	0.0	0.40483424	0.30207357	0.0	0.0	0.26982474	0.0	0.0	0.10983331	0.20193005	0.0	0.31471932	0.2216568	0.0	0.0	0.0	0.0	0.25388035	0.0	0.0	0.1683829	0.0	0.46955502	0.22670536	0.5109208	0.0	0.2875098	0.0	0.0	0.0	0.0	0.08586463	0.0	0.11270138	0.0	0.0	0.0	0.0	0.5277651	0.0	0.0	0.0	0.23060715	0.0	0.0	0.0	0.46866938	0.060460042	0.0	0.15027823	0.0	0.0	0.3276678	0.0	0.0063993004	0.0	0.0	0.09250352	0.0	0.0	0.0	0.0	0.12632646	0.0	0.49197134	0.0	0.0	0.39553812	0.0	0.0
0.0	0.14300533	0.0	0.0	0.0	0.0	0.10347009	0.0	0.0	0.0	0.0	0.0	0.0	0.0	0.28693095	0.0	0.35588393	0.0	0.0	0.060564414	0.0	0.20351438	0.0	0.23393972	0.0	0.0	0.08828739	0.0	0.0	0.17430423	0.37790835	0.0	0.0	0.0	0.0	0.0	0.0	0.0	0.0	0.0	0.22981848	0.3628818	0.0	0.0	0.0	0.0	0.34383157	0.0	0.24051143	0.17629294	0.0	0.0	0.0	0.17689677	0.0	0.0	0.0	0.0	0.0	0.41024303	0.31701997	0.0	0.0	0.2730843	0.0	0.0	0.09568224	0.19352455	0.0	0.3118318	0.20530443	0.0	0.0	0.0	0.0	0.26134977	0.0	0.0	0.17400433	0.0	0.46619233	0.22712964	0.52058715	0.0	0.2944903	0.0	0.0	0.0	0.0	0.08784989	0.0	0.11540831	0.0	0.0	0.0	0.0	0.5396798	0.0	0.0	0.0	0.24175811	0.0	0.0	0.0	0.46037844	0.05757879	0.0	0.15700342	0.0	0.0	0.33321702	0.0	0.011225087	0.0	0.0	0.10218349	0.0	0.0	0.0	0.0	0.12885779	0.0	0.5154069	0.0	0.0	0.39947954	0.0	0.0
0.0	0.13940738	0.0	0.0	0.0	0.0	0.11256374	0.0	0.0	0.0	0.0	0.0	0.0	0.0	0.3109334	0.0	0.3787702	0.0	0.0	0.07462116	0.0	0.24182932	0.0	0.19742823	0.0	0.0	0.08874451	0.0	0.0	0.20828016	0.40455952	0.0	0.0	0.0	0.0	0.0	0.0	0.0	0.0	0.0	0.25177965	0.3515593	0.0	0.0	0.0	0.0	0.38280523	0.0	0.287209	0.24306513	0.0	0.0	0.0	0.20021285	0.0	0.0	0.0	0.0	0.0	0.42797294	0.28400993	0.0	0.0	0.32336614	0.0	0.0	0.12962563	0.19675724	0.0	0.3463209	0.22315186	0.0	0.0	0.0	0.0	0.26896903	0.0	0.0	0.19148569	0.0	0.46483815	0.2950566	0.5716329	0.0	0.2784675	0.0	0.0	0.0	0.0	0.081359275	0.0	0.14466333	0.0	0.0	0.0	0.0	0.5077098	0.0	0.0	0.0	0.2481156	0.0	0.0	0.0	0.4750398	0.07514742	0.0	0.16375859	0.0	0.0	0.3158468	0.0	0.014741182	0.0	0.0	0.07485992	0.0	0.0	0.0	0.0	0.13300198	0.0	0.5336291	0.0	0.0	0.4221847	0.0	0.0
0.0	0.144931	0.0	0.0	0.0	0.0	0.09692904	0.0	0.0	0.0	0.0	0.0	0.0	0.0	0.2957444	0.0	0.36581632	0.0	0.0	0.06444358	0.0	0.20109098	0.0	0.24219318	0.0	0.0	0.09534819	0.0	0.0	0.18377288	0.37379572	0.0	0.0	0.0	0.0	0.0	0.0	0.0	0.0	0.0	0.23400706	0.37742075	0.0	0.0	0.0	0.0	0.34465042	0.0	0.23887622	0.17537911	0.0	0.0	0.0	0.182513	0.0	0.0	0.0	0.0	0.0	0.4085995	0.32831654	0.0	0.0	0.28166375	0.0	0.0	0.092265904	0.19807571	0.0	0.3197064	0.20637108	0.0	0.0	0.0	0.0	0.26809263	0.0	0.0	0.17967372	0.0	0.4775919	0.22612178	0.53213567	0.0	0.30037865	0.0	0.0	0.0	0.0	0.09481313	0.0	0.11149705	0.0	0.0	0.0	0.0	0.54914796	0.0	0.0	0.0	0.2430616	0.0	0.0	0.0	0.46814623	0.06979066	0.0	0.15571389	0.0	0.0	0.3276044	0.0	0.008984123	0.0	0.0	0.10458692	0.0	0.0	0.0	0.0	0.13280882	0.0	0.5206163	0.0	0.0	0.4085327	0.0	0.0
0.0	0.14054002	0.0	0.0	0.0	0.0	0.10266236	0.0	0.0	0.0	0.0	0.0	0.0	0.0	0.27416667	0.0	0.34378597	0.0	0.0	0.057069287	0.0	0.19759881	0.0	0.22816825	0.0	0.0	0.0773493	0.0	0.0	0.1590928	0.3799576	0.0	0.0	0.0	0.0	0.0	0.0	0.0	0.0	0.0	0.21813667	0.34479383	0.0	0.0	0.0	0.0	0.3429737	0.0	0.23809914	0.17643161	0.0	0.0	0.0	0.16487639	0.0	0.0	0.0	0.0	0.0	0.40883276	0.30439708	0.0	0.0	0.25707433	0.0	0.0	0.1034087	0.1806918	0.0	0.30716577	0.2077291	0.0	0.0	0.0	0.0	0.2583623	0.0	0.0	0.16642463	0.0	0.45332992	0.22868979	0.49908698	0.0	0.28834426	0.0	0.0	0.0	0.0	0.08155815	0.0	0.11624533	0.0	0.0	0.0	0.0	0.533716	0.0	0.0	0.0	0.23730576	0.0	0.0	0.0	0.44557786	0.045240175	0.0	0.15237533	0.0	0.0	0.33268544	0.0	0.012619634	0.0	0.0	0.10181872	0.0	0.0	0.0	0.0	0.12166474	0.0	0.5069914	0.0	0.0	0.38958645	0.0	0.0
0.0	0.16672198	0.0	0.0	0.0	0.0	0.044772644	0.0	0.0	0.0	0.0	0.0	0.0	0.0	0.3137202	0.0	0.39314377	0.0	0.0	0.077783935	0.0	0.19823678	0.0	0.23954833	0.0	0.0	0.13591659	0.0	0.0	0.24627896	0.33914307	0.0	0.0	0.0	0.0	0.0	0.0	0.0	0.0	0.0	0.2823119	0.43264523	0.0	0.0	0.0	0.0	0.3655119	0.0	0.2253444	0.15037245	0.0	0.0	0.0	0.20583922	0.0	0.0	0.0	0.0	0.0	0.3803937	0.3836228	0.0	0.0	0.32586563	0.0	0.0	0.081080645	0.26557028	0.0	0.32059947	0.19640708	0.0	0.0	0.0	0.0	0.26842657	0.0	0.0	0.20992191	0.0	0.48753276	0.16317536	0.59545445	0.0	0.355076	0.0	0.0	0.0	0.0	0.12664579	0.0	0.095326126	0.0	0.0	0.0	0.0	0.58442885	0.0	0.0	0.0	0.26959214	0.0	0.0	0.0	0.5355859	0.102577485	0.0	0.20779288	0.0	0.0	0.37626627	0.0	0.0	0.0	0.0	0.105324246	0.0	0.0	0.0	0.0	0.13996786	0.0	0.5359428	0.0	0.0	0.42315376	0.0	0.0
0.0	0.16863696	0.0	0.0	0.0	0.0	0.030975481	0.0	0.0	0.0	0.0	0.0	0.0	0.0	0.3363515	0.0	0.4280857	0.0	0.0	0.07805448	0.0	0.21987437	0.0	0.24088399	0.0	0.0	0.1712991	0.0	0.0	0.27683625	0.33407083	0.0	0.0	0.0	0.0	0.0	0.0	0.0	0.0	0.0	0.30915165	0.46470812	0.0	0.0	0.0	0.0	0.37048686	0.0	0.24481791	0.16036792	0.0	0.0	0.0	0.22225325	0.0	0.0	0.0	0.0	0.0	0.39039597	0.40116486	0.0	0.0	0.35396194	0.0	0.0	0.078810066	0.2840207	0.0	0.33306485	0.20547408	0.0	0.0	0.0	0.0	0.26268625	0.0	0.0	0.23930936	0.0	0.5017824	0.17386584	0.637898	0.0	0.37730825	0.0	0.0	0.0	0.0	0.14469737	0.0	0.1012136	0.0	0.0	0.0	0.0	0.5845401	0.0	0.0	0.0	0.284503	0.0	0.0	0.0	0.55693215	0.123534895	0.0	0.2289977	0.0	0.0	0.37428415	0.0	0.0	0.0	0.0	0.10065207	0.0	0.0	0.0	0.0	0.16329889	0.0	0.5608693	0.0	0.0	0.44503918	0.0	0.0
0.0	0.18815935	0.0	0.0	0.0	0.0	0.044853527	0.0	0.0	0.0	0.0	0.0	0.0	0.0	0.36506018	0.0	0.45915666	0.0	0.0	0.09653586	0.0	0.22646536	0.0	0.25663432	0.0	0.0	0.18186228	0.0	0.0	0.3046905	0.3355702	0.0	0.0	0.0	0.0	0.0	0.0	0.0	0.0	0.0	0.33003435	0.47917286	0.0	0.0	0.0	0.0	0.37975073	0.0	0.24826638	0.17429106	0.0	0.0	0.0	0.22448377	0.0	0.0	0.0	0.0	0.0	0.3786451	0.42829013	0.0	0.0	0.3889008	0.0	0.0	0.08192649	0.29405537	0.0	0.3455589	0.19875298	0.0	0.0	0.0	0.0	0.28997418	0.0	0.0	0.24748178	0.0	0.49733362	0.17163517	0.68410283	0.0	0.3970115	0.0	0.0	0.0	0.0	0.14377151	0.0	0.1071769	0.0	0.0	0.0	0.0	0.6035809	0.0	0.0	0.0	0.31077772	0.0	0.0	0.0	0.5735257	0.14252825	0.0	0.23607998	0.0	0.0	0.3695819	0.0	0.0	0.0	0.0	0.10546043	0.0	0.0	0.0	0.0	0.17487021	0.0	0.5832281	0.0	0.0	0.4723362	0.0	0.0
0.0	0.1976561	0.0	0.0	0.0	0.0	0.064882964	0.0	0.0	0.0	0.0	0.0	0.0	0.0	0.3622744	0.0	0.4558456	0.0	0.0	0.106391154	0.0	0.22710085	0.0	0.27840742	0.0	0.0	0.17160003	0.0	0.0	0.29528624	0.32402444	0.0	0.0	0.0	0.0	0.0	0.0	0.0	0.0	0.0	0.3193403	0.4789964	0.0	0.0	0.0	0.0	0.35554004	0.0	0.22767927	0.1536119	0.0	0.0	0.0	0.22001694	0.0	0.0	0.0	0.0	0.0	0.3774391	0.42327008	0.0	0.0	0.37303364	0.0	0.0	0.06502021	0.29060674	0.0	0.3306112	0.17804204	0.0	0.0	0.0	0.0	0.2970399	0.0	0.0	0.23268597	0.0	0.4971892	0.16116041	0.66718656	0.0	0.40300015	0.0	0.0	0.0	0.0	0.1421252	0.0	0.09693646	0.0	0.0	0.0	0.0	0.6047149	0.0	0.0	0.0	0.30656043	0.0	0.0	0.0	0.55634755	0.13350089	0.0	0.22557616	0.0	0.0	0.38023797	0.0	0.0	0.0	0.0	0.11744866	0.0	0.0	0.0	0.0	0.17343275	0.0	0.5889038	0.0	0.0	0.47290817	0.0	0.0
0.0	0.16309217	0.0	0.0	0.0	0.0	0.047593046	0.0	0.0	0.0	0.0	0.0	0.0	0.0	0.3211427	0.0	0.39263073	0.0	0.0	0.07119708	0.0	0.20164488	0.0	0.23687512	0.0	0.0	0.14192456	0.0	0.0	0.23654008	0.34074655	0.0	0.0	0.0	0.0	0.0	0.0	0.0	0.0	0.0	0.27991986	0.4363935	0.0	0.0	0.0	0.0	0.36556137	0.0	0.23275466	0.15434569	0.0	0.0	0.0	0.21001284	0.0	0.0	0.0	0.0	0.0	0.4022301	0.37869474	0.0	0.0	0.32101855	0.0	0.0	0.0832131	0.2594888	0.0	0.32998893	0.20513105	0.0	0.0	0.0	0.0	0.2626557	0.0	0.0	0.21747054	0.0	0.5027682	0.1923664	0.596433	0.0	0.3447688	0.0	0.0	0.0	0.0	0.13417102	0.0	0.09873194	0.0	0.0	0.0	0.0	0.578383	0.0	0.0	0.0	0.2628437	0.0	0.0	0.0	0.52763796	0.108522356	0.0	0.20229076	0.0	0.0	0.35654882	0.0	0.0	0.0	0.0	0.09692023	0.0	0.0	0.0	0.0	0.14622389	0.0	0.5311513	0.0	0.0	0.42774466	0.0	0.0
0.0	0.1818415	0.0	0.0	0.0	0.0	0.067416996	0.0	0.0	0.0	0.0	0.0	0.0	0.0	0.3846666	0.0	0.49466404	0.0	0.0	0.10059168	0.0	0.26691806	0.0	0.23194186	0.0	0.0	0.16028124	0.0	0.0	0.33495143	0.34419736	0.0	0.0	0.0	0.0	0.0	0.0	0.0	0.0	0.0	0.34821534	0.42875966	0.0	0.0	0.015888145	0.0	0.39575902	0.0	0.24717617	0.2006318	0.0	0.0	0.0	0.19813818	0.0	0.0	0.0	0.0	0.0	0.3784236	0.36809185	0.0	0.0	0.41737223	0.0	0.0	0.08996719	0.26144996	0.0	0.3297393	0.18702288	0.0	0.0	0.0	0.0	0.30963093	0.0	0.0	0.23771589	0.0	0.47845176	0.18844998	0.6878705	0.0	0.42684093	0.0	0.0	0.0	0.0	0.15091796	0.0	0.11937793	0.0	0.0	0.0	0.0	0.5942836	0.0	0.0	0.0	0.3263004	0.0	0.0	0.0	0.58272004	0.13422933	0.0	0.22609693	0.0	0.0	0.37496015	0.0	0.0	0.0	0.0	0.10371015	0.0	0.0	0.0	0.0	0.1676901	0.0	0.58704394	0.0	0.0	0.46004248	0.0	0.0
0.0	0.16180046	0.0	0.0	0.0	0.0	0.028929055	0.0	0.0	0.0	0.0	0.0	0.0	0.0	0.32424852	0.0	0.39845893	0.0	0.0	0.090464436	0.0	0.20269942	0.0	0.21640761	0.0	0.0	0.13208346	0.0	0.0	0.2616769	0.33579278	0.0	0.0	0.0	0.0	0.0	0.0	0.0	0.0	0.0	0.29848355	0.41588807	0.0	0.0	0.0	0.0	0.3879284	0.0	0.23530436	0.17641963	0.0	0.0	0.0	0.20746791	0.0	0.0	0.0	0.0	0.0	0.37932745	0.36897305	0.0	0.0	0.32518354	0.0	0.0	0.10557821	0.26989493	0.0	0.3265896	0.20450652	0.0	0.0	0.0	0.0	0.2708664	0.0	0.0	0.20600724	0.0	0.4830629	0.17049928	0.5992641	0.0	0.3613527	0.0	0.0	0.0	0.0	0.116569854	0.0	0.096657045	0.0	0.0	0.0	0.0	0.57676476	0.0	0.0	0.0	0.27302694	0.0	0.0	0.0	0.53269726	0.10267974	0.0	0.18356788	0.0	0.0	0.37198028	0.0	0.0	0.0	0.0	0.09837642	0.0	0.0	0.0	0.0	0.14006884	0.0	0.5270817	0.0	0.0	0.41900364	0.0	0.0
0.0	0.18826766	0.0	0.0	0.0	0.0	0.055185866	0.0	0.0	0.0	0.0	0.0	0.0	0.0	0.3443015	0.0	0.42666224	0.0	0.0	0.109907925	0.0	0.20464544	0.0	0.25094125	0.0	0.0	0.12631428	0.0	0.0	0.26772436	0.3147079	0.0	0.0	0.0	0.0	0.0	0.0	0.0	0.0	0.0	0.30150616	0.4176894	0.0	0.0	0.0052356613	0.0	0.35788092	0.0	0.19367121	0.13089472	0.0	0.0	0.0	0.19053167	0.0	0.0	0.0	0.0	0.0	0.3516856	0.3877921	0.0	0.0	0.3247377	0.0	0.0	0.06797709	0.26810452	0.0	0.2919004	0.17815568	0.0	0.0	0.0	0.0	0.29337263	0.0	0.0	0.18033879	0.0	0.45552525	0.11188116	0.603145	0.0	0.41826808	0.0	0.0	0.0	0.0	0.115348615	0.0	0.09087912	0.0	0.0	0.0	0.0	0.62111884	0.0	0.0	0.0	0.30442205	0.0	0.0	0.0	0.5400226	0.09380594	0.0	0.18360396	0.0	0.0	0.3949338	0.0	0.0	0.0	0.0	0.12202051	0.0	0.0	0.0	0.0	0.14568013	0.0	0.55336964	0.0	0.0	0.42801508	0.005388479	0.0
0.0	0.19269551	0.0	0.0	0.0	0.0	0.05873282	0.0	0.0	0.0	0.0	0.0	0.0	0.0	0.34226045	0.0	0.4280344	0.0	0.0	0.110115945	0.0	0.20715462	0.0	0.25272045	0.0	0.0	0.11110171	0.0	0.0	0.264446	0.31008282	0.0	0.0	0.0	0.0	0.0	0.0	0.0	0.0	0.0	0.2953539	0.4040564	0.0	0.0	0.013072808	0.0	0.35669503	0.0	0.18366581	0.12848479	0.0	0.0	0.0	0.17949885	0.0	0.0	0.0	0.0	0.0	0.34374082	0.38125026	0.0	0.0	0.32548854	0.0	0.0	0.068239234	0.26228902	0.0	0.27987805	0.17050004	0.0	0.0	0.0	0.0	0.29903254	0.0	0.0	0.17185254	0.0	0.43558934	0.101662554	0.59860915	0.0	0.42489442	0.0	0.0	0.0	0.0	0.10941251	0.0	0.092397906	0.0	0.0	0.0	0.0	0.62354404	0.0	0.0	0.0	0.31026307	0.0	0.0	0.0	0.5347938	0.08095328	0.0	0.18548691	0.0	0.0	0.4066807	0.0	0.0	0.0	0.0	0.12362138	0.0	0.0	0.0	0.0	0.14359291	0.0	0.5565863	0.0	0.0	0.42474756	0.008917312	0.0
0.0	0.1790872	0.0	0.0	0.0	0.0	0.03394237	0.0	0.0	0.0	0.0	0.0	0.0	0.0	0.3571587	0.0	0.4578593	0.0	0.0	0.083474636	0.0	0.21555376	0.0	0.26624104	0.0	0.0	0.20151748	0.0	0.0	0.29766467	0.3381095	0.0	0.0	0.0	0.0	0.0	0.0	0.0	0.0	0.0	0.33609137	0.4869803	0.0	0.0	0.0	0.0	0.36397192	0.0	0.23987149	0.1501217	0.0	0.0	0.0	0.24160647	0.0	0.0	0.0	0.0	0.0	0.39391652	0.4332126	0.0	0.0	0.38466826	0.0	0.0	0.074537404	0.3041841	0.0	0.36460784	0.21147616	0.0	0.0	0.0	0.0	0.28221634	0.0	0.0	0.25507864	0.0	0.5317249	0.17632508	0.67895985	0.0	0.40161395	0.0	0.0	0.0	0.0	0.16513115	0.0	0.0936327	0.0	0.0	0.0	0.0	0.6029305	0.0	0.0	0.0	0.29504624	0.0	0.0	0.0	0.58801717	0.14848723	0.0	0.24200217	0.0	0.0	0.37318948	0.0	0.0	0.0	0.0	0.111999415	0.0	0.0	0.0	0.0	0.17004572	0.0	0.5812444	0.0	0.0	0.47494784	0.0	0.0
0.0	0.18782179	0.0	0.0	0.0	0.0	0.074264474	0.0	0.0	0.0	0.0	0.0	0.0	0.0	0.36658633	0.0	0.4558022	0.0	0.0	0.13073187	0.0	0.24229205	0.0	0.23779462	0.0	0.0	0.12590621	0.0	0.0	0.30647543	0.32964578	0.0	0.0	0.0	0.0	0.0	0.0	0.0	0.0	0.0	0.32282072	0.4248146	0.0	0.0	0.014915367	0.0	0.38663375	0.0	0.2273648	0.1835287	0.0	0.0	0.0	0.19762398	0.0	0.0	0.0	0.0	0.0	0.3697112	0.3692368	0.0	0.0	0.3605601	0.0	0.0	0.0922899	0.27061954	0.0	0.30903342	0.18046744	0.0	0.0	0.0	0.0	0.3052721	0.0	0.0	0.19328205	0.0	0.45018896	0.15703739	0.6488101	0.0	0.41804066	0.0	0.0	0.0	0.0	0.10730029	0.0	0.118470915	0.0	0.0	0.0	0.0	0.5988482	0.0	0.0	0.0	0.3131753	0.0	0.0	0.0	0.5436418	0.104631506	0.0	0.18571718	0.0	0.0	0.38583288	0.0	0.0	0.0	0.0	0.11021247	0.0	0.0	0.0	0.0	0.15892199	0.0	0.57804596	0.0	0.0	0.45393252	0.0	0.0
0.0	0.19815803	0.0	0.0	0.0	0.0	0.06876819	0.0	0.0	0.0	0.0	0.0	0.0	0.0	0.3457451	0.0	0.43973914	0.0	0.0	0.12395776	0.0	0.20586121	0.0	0.2562199	0.0	0.0	0.113828175	0.0	0.0	0.27502784	0.30728027	0.0	0.0	0.0	0.0	0.0	0.0	0.0	0.0	0.0	0.30176643	0.4220036	0.0	0.0	0.013308833	0.0	0.3638872	0.0	0.1935991	0.12480619	0.0	0.0	0.0	0.17994905	0.0	0.0	0.0	0.0	0.0	0.347123	0.39008772	0.0	0.0	0.32758918	0.0	0.0	0.06621484	0.2669892	0.0	0.28198245	0.17027624	0.0	0.0	0.0	0.0	0.30238637	0.0	0.0	0.17223732	0.0	0.4372349	0.108024396	0.613581	0.0	0.43567514	0.0	0.0	0.0	0.0	0.10977882	0.0	0.097614	0.0	0.0	0.0	0.0	0.6317294	0.0	0.0	0.0	0.31302217	0.0	0.0	0.0	0.5401923	0.0841076	0.0	0.18060859	0.0	0.0	0.40458003	0.0	0.0	0.0	0.0	0.12822334	0.0	0.0	0.0	0.0	0.14287113	0.0	0.5695716	0.0	0.0	0.43242183	0.008516143	0.0
0.0	0.18983483	0.0	0.0	0.0	0.0	0.06650114	0.0	0.0	0.0	0.0	0.0	0.0	0.0	0.38012993	0.0	0.4893516	0.0	0.0	0.13969463	0.0	0.2560691	0.0	0.23455925	0.0	0.0	0.13896163	0.0	0.0	0.3346734	0.32283026	0.0	0.0	0.0	0.0	0.0	0.0	0.0	0.0	0.0	0.34624314	0.44268453	0.0	0.0	0.022994598	0.0	0.39233306	0.0	0.24524103	0.19908202	0.0	0.0	0.0	0.19636671	0.0	0.0	0.0	0.0	0.0	0.37047377	0.38267672	0.0	0.0	0.38462877	0.0	0.0	0.10245397	0.2836915	0.0	0.32432413	0.19040625	0.0	0.0	0.0	0.0	0.30252934	0.0	0.0	0.21602178	0.0	0.45315138	0.16898571	0.6872313	0.0	0.43238544	0.0	0.0	0.0	0.0	0.11946883	0.0	0.12476298	0.0	0.0	0.0	0.0	0.59397084	0.0	0.0	0.0	0.32698464	0.0	0.0	0.0	0.5568078	0.115052044	0.0	0.19685812	0.0	0.0	0.39005962	0.0	0.0	0.0	0.0	0.109288715	0.0	0.0	0.0	0.0	0.16803144	0.0	0.6046559	0.0	0.0	0.4748353	0.0	0.0
0.0	0.19144662	0.0	0.0	0.0	0.0	0.07137301	0.0	0.0	0.0	0.0	0.0	0.0	0.0	0.34236422	0.0	0.42553282	0.0	0.0	0.11660653	0.0	0.20595652	0.0	0.2556479	0.0	0.0	0.10803434	0.0	0.0	0.26616916	0.3122726	0.0	0.0	0.0	0.0	0.0	0.0	0.0	0.0	0.0	0.29853126	0.40466833	0.0	0.0	0.013497144	0.0	0.3579034	0.0	0.19135554	0.1307044	0.0	0.0	0.0	0.18008232	0.0	0.0	0.0	0.0	0.0	0.34912214	0.37864637	0.0	0.0	0.3227139	0.0	0.0	0.06986881	0.26455233	0.0	0.27919063	0.17060912	0.0	0.0	0.0	0.0	0.30171362	0.0	0.0	0.16539231	0.0	0.433284	0.10634738	0.59986836	0.0	0.42545906	0.0	0.0	0.0	0.0	0.10530911	0.0	0.09886995	0.0	0.0	0.0	0.0	0.61947554	0.0	0.0	0.0	0.30826625	0.0	0.0	0.0	0.53666896	0.07633688	0.0	0.17547761	0.0	0.0	0.40394104	0.0	0.0	0.0	0.0	0.12676871	0.0	0.0	0.0	0.0	0.14482975	0.0	0.5587701	0.0	0.0	0.42742237	0.0069804	0.0
0.0	0.18023741	0.0	0.0	0.0	0.0	0.017326774	0.0	0.0	0.0	0.0	0.0	0.0	0.0	0.3354284	0.0	0.41391143	0.0	0.0	0.086114325	0.0	0.19751172	0.0	0.25087395	0.0	0.0	0.15532175	0.0	0.0	0.2649279	0.316167	0.0	0.0	0.0	0.0	0.0	0.0	0.0	0.0	0.0	0.30384102	0.44844618	0.0	0.0	0.0	0.0	0.36358455	0.0	0.2129182	0.13924922	0.0	0.0	0.0	0.2139747	0.0	0.0	0.0	0.0	0.0	0.3673364	0.4047682	0.0	0.0	0.33693734	0.0	0.0	0.07171008	0.2868748	0.0	0.32186535	0.19482811	0.0	0.0	0.0	0.0	0.27673358	0.0	0.0	0.21848546	0.0	0.49675694	0.14041512	0.6191964	0.0	0.38713738	0.0	0.0	0.0	0.0	0.13605599	0.0	0.086140685	0.0	0.0	0.0	0.0	0.6014059	0.0	0.0	0.0	0.28200087	0.0	0.0	0.0	0.5490747	0.117091976	0.0	0.20513915	0.0	0.0	0.38844922	0.0	0.0	0.0	0.0	0.109162115	0.0	0.0	0.0	0.0	0.15788542	0.0	0.5458718	0.0	0.0	0.4292806	0.0	0.0
0.0	0.18821383	0.0	0.0	0.0	0.0	0.056101907	0.0	0.0	0.0	0.0	0.0	0.0	0.0	0.3684286	0.0	0.45388737	0.0	0.0	0.11788597	0.0	0.23621862	0.0	0.2463661	0.0	0.0	0.12607491	0.0	0.0	0.30540517	0.3224052	0.0	0.0	0.0	0.0	0.0	0.0	0.0	0.0	0.0	0.33516228	0.42577723	0.0	0.0	0.020920673	0.0	0.39656374	0.0	0.23101021	0.18354963	0.0	0.0	0.0	0.2045048	0.0	0.0	0.0	0.0	0.0	0.35537794	0.38444757	0.0	0.0	0.35808405	0.0	0.0	0.09572152	0.2740464	0.0	0.3103322	0.17876814	0.0	0.0	0.0	0.0	0.30583367	0.0	0.0	0.19872771	0.0	0.45093787	0.14036714	0.650283	0.0	0.42631078	0.0	0.0	0.0	0.0	0.11293584	0.0	0.117734276	0.0	0.0	0.0	0.0	0.6034703	0.0	0.0	0.0	0.32591966	0.0	0.0	0.0	0.54480046	0.106172375	0.0	0.18438077	0.0	0.0	0.39094305	0.0	0.0	0.0	0.0	0.11017681	0.0	0.0	0.0	0.0	0.16236678	0.0	0.57306594	0.0	0.0	0.44965923	0.0	0.0
0.0	0.17555135	0.0	0.0	0.0	0.0	0.02279541	0.0	0.0	0.0	0.0	0.0	0.0	0.0	0.31039053	0.0	0.3870232	0.0	0.0	0.079011165	0.0	0.17824166	0.0	0.23425275	0.0	0.0	0.14904185	0.0	0.0	0.24963896	0.32696268	0.0	0.0	0.0	0.0	0.0	0.0	0.0	0.0	0.0	0.29739293	0.44149336	0.0	0.0	0.0	0.0	0.361064	0.0	0.22204237	0.13392131	0.0	0.0	0.0	0.217413	0.0	0.0	0.0	0.0	0.0	0.37328467	0.40264773	0.0	0.0	0.3212433	0.0	0.0	0.070094876	0.2823443	0.0	0.318959	0.19585921	0.0	0.0	0.0	0.0	0.2627451	0.0	0.0	0.22148897	0.0	0.49497834	0.1419536	0.59998155	0.0	0.37245688	0.0	0.0	0.0	0.0	0.13884999	0.0	0.08637202	0.0	0.0	0.0	0.0	0.58866847	0.0	0.0	0.0	0.2762777	0.0	0.0	0.0	0.55216414	0.10713021	0.0	0.20075576	0.0	0.0	0.3795862	0.0	0.0	0.0	0.0	0.10978662	0.0	0.0	0.0	0.0	0.14084953	0.0	0.53224546	0.0	0.0	0.41749263	0.0	0.0
0.0	0.18704236	0.0	0.0	0.0	0.0	0.051542897	0.0	0.0	0.0	0.0	0.0	0.0	0.0	0.3648797	0.0	0.4565772	0.0	0.0	0.13081229	0.0	0.23439522	0.0	0.23794366	0.0	0.0	0.13573055	0.0	0.0	0.3121389	0.31690356	0.0	0.0	0.0	0.0	0.0	0.0	0.0	0.0	0.0	0.32993254	0.4361119	0.0	0.0	0.0130026145	0.0	0.38983727	0.0	0.22687118	0.17639565	0.0	0.0	0.0	0.20317523	0.0	0.0	0.0	0.0	0.0	0.36453652	0.37783352	0.0	0.0	0.3602725	0.0	0.0	0.094292074	0.28393057	0.0	0.31745335	0.18941975	0.0	0.0	0.0	0.0	0.3010473	0.0	0.0	0.19990718	0.0	0.4585041	0.14390202	0.6509395	0.0	0.4237109	0.0	0.0	0.0	0.0	0.11533443	0.0	0.111621685	0.0	0.0	0.0	0.0	0.60665137	0.0	0.0	0.0	0.31083998	0.0	0.0	0.0	0.5535535	0.11342448	0.0	0.18800072	0.0	0.0	0.39038575	0.0	0.0	0.0	0.0	0.109046556	0.0	0.0	0.0	0.0	0.15881726	0.0	0.57885116	0.0	0.0	0.45243177	0.0	0.0
0.0	0.20098387	0.0	0.0	0.0	0.0	0.038083047	0.0	0.0	0.0	0.0	0.0	0.0	0.0	0.35220382	0.0	0.44956684	0.0	0.0	0.10841783	0.0	0.20882146	0.0	0.2607192	0.0	0.0	0.17414172	0.0	0.0	0.29547822	0.30430225	0.0	0.0	0.0	0.0	0.0	0.0	0.0	0.0	0.0	0.32189435	0.48002315	0.0	0.0	0.0	0.0	0.3666588	0.0	0.21471894	0.123501815	0.0	0.0	0.0	0.22549193	0.0	0.0	0.0	0.0	0.0	0.36584017	0.42645976	0.0	0.0	0.36248025	0.0	0.0	0.058264107	0.30137834	0.0	0.3216056	0.1797458	0.0	0.0	0.0	0.0	0.290575	0.0	0.0	0.22559965	0.0	0.4904685	0.12410716	0.66422206	0.0	0.43673477	0.0	0.0	0.0	0.0	0.14967576	0.0	0.08975885	0.0	0.0	0.0	0.0	0.62928677	0.0	0.0	0.0	0.31091896	0.0	0.0	0.0	0.57276845	0.12738013	0.0	0.22573966	0.0	0.0	0.3985318	0.0	0.0	0.0	0.0	0.1200398	0.0	0.0	0.0	0.0	0.1621692	0.0	0.5829697	0.0	0.0	0.4543718	0.0	0.0
0.0	0.17700511	0.0	0.0	0.0	0.0	0.034270924	0.0	0.0	0.0	0.0	0.0	0.0	0.0	0.32245314	0.0	0.39477098	0.0	0.0	0.095426954	0.0	0.19951488	0.0	0.2345488	0.0	0.0	0.15060376	0.0	0.0	0.26026788	0.33186963	0.0	0.0	0.0	0.0	0.0	0.0	0.0	0.0	0.0	0.30789846	0.43441018	0.0	0.0	0.0	0.0	0.37652788	0.0	0.22332163	0.13831115	0.0	0.0	0.0	0.21458495	0.0	0.0	0.0	0.0	0.0	0.38476738	0.39031777	0.0	0.0	0.33831516	0.0	0.0	0.0721123	0.28504577	0.0	0.32106522	0.19954993	0.0	0.0	0.0	0.0	0.27662885	0.0	0.0	0.21010138	0.0	0.49308553	0.14388195	0.6085778	0.0	0.38648197	0.0	0.0	0.0	0.0	0.13316764	0.0	0.091417216	0.0	0.0	0.0	0.0	0.6041449	0.0	0.0	0.0	0.28019083	0.0	0.0	0.0	0.55689466	0.10897973	0.0	0.19172306	0.0	0.0	0.37423578	0.0	0.0	0.0	0.0	0.10244235	0.0	0.0	0.0	0.0	0.13700208	0.0	0.53930277	0.0	0.0	0.4350339	0.0	0.0
0.0	0.1853009	0.0	0.0	0.0	0.0	0.060180157	0.0	0.0	0.0	0.0	0.0	0.0	0.0	0.3385702	0.0	0.4156123	0.0	0.0	0.09764127	0.0	0.2057224	0.0	0.2643321	0.0	0.0	0.13757037	0.0	0.0	0.25809953	0.32433495	0.0	0.0	0.0	0.0	0.0	0.0	0.0	0.0	0.0	0.30074254	0.4225421	0.0	0.0	0.0	0.0	0.3484858	0.0	0.21593189	0.14108379	0.0	0.0	0.0	0.19853704	0.0	0.0	0.0	0.0	0.0	0.37026367	0.39736637	0.0	0.0	0.3298288	0.0	0.0	0.06616504	0.27295944	0.0	0.30599013	0.18044947	0.0	0.0	0.0	0.0	0.29139063	0.0	0.0	0.20129497	0.0	0.4719325	0.1514711	0.6067509	0.0	0.3881496	0.0	0.0	0.0	0.0	0.12103695	0.0	0.094532676	0.0	0.0	0.0	0.0	0.59448594	0.0	0.0	0.0	0.29551405	0.0	0.0	0.0	0.5315469	0.0966641	0.0	0.19263256	0.0	0.0	0.38281175	0.0	0.0	0.0	0.0	0.119668156	0.0	0.0	0.0	0.0	0.1510055	0.0	0.5520535	0.0	0.0	0.43984154	0.0046881046	0.0
0.0	0.19677502	0.0	0.0	0.0	0.0	0.074136674	0.0	0.0	0.0	0.0	0.0	0.0	0.0	0.35457274	0.0	0.44259667	0.0	0.0	0.11296344	0.0	0.21701638	0.0	0.27139136	0.0	0.0	0.12619145	0.0	0.0	0.27044165	0.3138348	0.0	0.0	0.0	0.0	0.0	0.0	0.0	0.0	0.0	0.29313412	0.42932007	0.0	0.0	0.0020227425	0.0	0.3523558	0.0	0.19890149	0.13760448	0.0	0.0	0.0	0.18558204	0.0	0.0	0.0	0.0	0.0	0.35959783	0.3944939	0.0	0.0	0.33373198	0.0	0.0	0.065159135	0.26134756	0.0	0.29525864	0.16791642	0.0	0.0	0.0	0.0	0.30325857	0.0	0.0	0.18892531	0.0	0.4579767	0.13654436	0.61694723	0.0	0.4111248	0.0	0.0	0.0	0.0	0.113265745	0.0	0.096655734	0.0	0.0	0.0	0.0	0.61834997	0.0	0.0	0.0	0.3108874	0.0	0.0	0.0	0.52722996	0.09746606	0.0	0.19073272	0.0	0.0	0.39436173	0.0	0.0	0.0	0.0	0.12696867	0.0	0.0	0.0	0.0	0.15501596	0.0	0.57424825	0.0	0.0	0.44193807	0.0030970033	0.0
0.0	0.17914909	0.0	0.0	0.0	0.0	0.06136191	0.0	0.0	0.0	0.0	0.0	0.0	0.0	0.3032517	0.0	0.39256978	0.0	0.0	0.08228808	0.0	0.1841829	0.0	0.24849482	0.0	0.0	0.11650077	0.0	0.0	0.23536992	0.33523512	0.0	0.0	0.0	0.0	0.0	0.0	0.0	0.0	0.0	0.2716967	0.42130205	0.0	0.0	0.0	0.0	0.35169506	0.0	0.21528919	0.14732869	0.0	0.0	0.0	0.18731676	0.0	0.0	0.0	0.0	0.0	0.3797878	0.3851889	0.0	0.0	0.30076036	0.0	0.0	0.077148624	0.25327846	0.0	0.31337538	0.18902975	0.0	0.0	0.0	0.0	0.2758715	0.0	0.0	0.1984467	0.0	0.47405365	0.16549319	0.57914	0.0	0.3555343	0.0	0.0	0.0	0.0	0.11684388	0.0	0.08838347	0.0	0.0	0.0	0.0	0.5822184	0.0	0.0	0.0	0.2782841	0.0	0.0	0.0	0.512317	0.09537218	0.0	0.19667013	0.0	0.0	0.37708762	0.0	0.0	0.0	0.0	0.117490284	0.0	0.0	0.0	0.0	0.13200209	0.0	0.54305506	0.0	0.0	0.41507694	0.0	0.0
0.0	0.18986048	0.0	0.0	0.0	0.0	0.036544036	0.0	0.0	0.0	0.0	0.0	0.0	0.0	0.3451263	0.0	0.42931685	0.0	0.0	0.094171025	0.0	0.21379727	0.0	0.25652555	0.0	0.0	0.16002204	0.0	0.0	0.28637096	0.32011798	0.0	0.0	0.0	0.0	0.0	0.0	0.0	0.0	0.0	0.3212986	0.4521663	0.0	0.0	0.0	0.0	0.36248958	0.0	0.21847762	0.13935716	0.0	0.0	0.0	0.21727856	0.0	0.0	0.0	0.0	0.0	0.36044165	0.41584727	0.0	0.0	0.35451558	0.0	0.0	0.06565862	0.2951133	0.0	0.31441975	0.18633622	0.0	0.0	0.0	0.0	0.28429803	0.0	0.0	0.22317857	0.0	0.4807168	0.12705532	0.6446141	0.0	0.4076855	0.0	0.0	0.0	0.0	0.13981996	0.0	0.09306788	0.0	0.0	0.0	0.0	0.60359037	0.0	0.0	0.0	0.3080103	0.0	0.0	0.0	0.5665472	0.11828789	0.0	0.22219805	0.0	0.0	0.39299753	0.0	0.0	0.0	0.0	0.11118946	0.0	0.0	0.0	0.0	0.16561139	0.0	0.56554765	0.0	0.0	0.44684514	0.0	0.0
0.0	0.16959482	0.0	0.0	0.0	0.0	0.021806275	0.0	0.0	0.0	0.0	0.0	0.0	0.0	0.32782242	0.0	0.4080994	0.0	0.0	0.07739262	0.0	0.19544846	0.0	0.24600019	0.0	0.0	0.16115569	0.0	0.0	0.25795186	0.32991073	0.0	0.0	0.0	0.0	0.0	0.0	0.0	0.0	0.0	0.2925986	0.45882607	0.0	0.0	0.0	0.0	0.36833426	0.0	0.22616063	0.1468889	0.0	0.0	0.0	0.21918686	0.0	0.0	0.0	0.0	0.0	0.38435462	0.4058795	0.0	0.0	0.33775714	0.0	0.0	0.08273226	0.28068554	0.0	0.34026375	0.20450418	0.0	0.0	0.0	0.0	0.26974377	0.0	0.0	0.22594833	0.0	0.51166934	0.1655556	0.6210517	0.0	0.36458433	0.0	0.0	0.0	0.0	0.1404227	0.0	0.08839339	0.0	0.0	0.0	0.0	0.5935101	0.0	0.0	0.0	0.27408028	0.0	0.0	0.0	0.54925275	0.12500332	0.0	0.21916181	0.0	0.0	0.37456772	0.0	0.0	0.0	0.0	0.103969105	0.0	0.0	0.0	0.0	0.15642856	0.0	0.5458033	0.0	0.0	0.4382067	0.0	0.0
0.0	0.15549362	0.0	0.0	0.0	0.0	0.09144804	0.0	0.0	0.0	0.0	0.0	0.0	0.0	0.31130782	0.0	0.41073895	0.0	0.0	0.07646375	0.0	0.24998067	0.0	0.2039781	0.0	0.0	0.10010588	0.0	0.0	0.24285305	0.39351463	0.0	0.0	0.0	0.0	0.0	0.0	0.0	0.0	0.0	0.2602171	0.38031754	0.0	0.0	0.0	0.0	0.3714062	0.0	0.29351637	0.24836105	0.0	0.0	0.0	0.19662142	0.0	0.0	0.0	0.0	0.0	0.41737306	0.29580632	0.0	0.0	0.36601388	0.0	0.0	0.12531453	0.22148418	0.0	0.36326003	0.2366995	0.0	0.0	0.0	0.0	0.27242193	0.0	0.0	0.21980806	0.0	0.46737003	0.2894635	0.62713635	0.0	0.29467037	0.0	0.0	0.0	0.0	0.0870086	0.0	0.14095114	0.0	0.0	0.0	0.0	0.5126356	0.0	0.0	0.0	0.24489303	0.0	0.0	0.0	0.49724975	0.10482668	0.0	0.18840158	0.0	0.0	0.327633	0.0	0.004438367	0.0	0.0	0.09161597	0.0	0.0	0.0	0.0	0.1507038	0.0	0.56495214	0.0	0.0	0.42421365	0.0	0.0
0.0	0.13264978	0.0	0.0	0.0	0.0	0.06462123	0.0	0.0	0.0	0.0	0.0	0.0	0.0	0.26905212	0.0	0.3282537	0.0	0.0	0.04677509	0.0	0.20022543	0.0	0.21216597	0.0	0.0	0.075785995	0.0	0.0	0.1694365	0.37905344	0.0	0.0	0.0	0.0	0.0	0.0	0.0	0.0	0.0	0.23183678	0.35048553	0.0	0.0	0.0	0.0	0.3511813	0.0	0.23662929	0.16568322	0.0	0.0	0.0	0.18001129	0.0	0.0	0.0	0.0	0.0	0.39632455	0.30864343	0.0	0.0	0.26893875	0.0	0.0	0.10697428	0.20870368	0.0	0.3155117	0.23210634	0.0	0.0	0.0	0.0	0.25071418	0.0	0.0	0.17721747	0.0	0.4623141	0.21109112	0.51090974	0.0	0.2885766	0.0	0.0	0.0	0.0	0.086277254	0.0	0.10013295	0.0	0.0	0.0	0.0	0.5385934	0.0	0.0	0.0	0.23340036	0.0	0.0	0.0	0.4760355	0.06494701	0.0	0.14858814	0.0	0.0	0.33557272	0.0	0.008731444	0.0	0.0	0.09802568	0.0	0.0	0.0	0.0	0.123070695	0.0	0.48943648	0.0	0.0	0.3876448	0.0	0.0
0.0	0.13267954	0.0	0.0	0.0	0.0	0.053588968	0.0	0.0	0.0	0.0	0.0	0.0	0.0	0.28963628	0.0	0.3485085	0.0	0.0	0.05559067	0.0	0.20420308	0.0	0.21408065	0.0	0.0	0.107503004	0.0	0.0	0.19664645	0.37072766	0.0	0.0	0.0	0.0	0.0	0.0	0.0	0.0	0.0	0.25716397	0.38761023	0.0	0.0	0.0	0.0	0.3558857	0.0	0.23892152	0.1673795	0.0	0.0	0.0	0.19733858	0.0	0.0	0.0	0.0	0.0	0.40352884	0.33201143	0.0	0.0	0.28841498	0.0	0.0	0.10376811	0.23210867	0.0	0.3232089	0.22857614	0.0	0.0	0.0	0.0	0.25030562	0.0	0.0	0.18767689	0.0	0.48385635	0.20159118	0.5400093	0.0	0.30419025	0.0	0.0	0.0	0.0	0.102939464	0.0	0.09986479	0.0	0.0	0.0	0.0	0.5470241	0.0	0.0	0.0	0.2348681	0.0	0.0	0.0	0.49846566	0.08528256	0.0	0.16231506	0.0	0.0	0.3385965	0.0	0.0	0.0	0.0	0.09679095	0.0	0.0	0.0	0.0	0.13057677	0.0	0.49607816	0.0	0.0	0.40064678	0.0	0.0
0.0	0.12752223	0.0	0.0	0.0	0.0	0.060483966	0.0	0.0	0.0	0.0	0.0	0.0	0.0	0.28093794	0.0	0.33360448	0.0	0.0	0.05423898	0.0	0.20973635	0.0	0.21148074	0.0	0.0	0.08933571	0.0	0.0	0.18133302	0.37506893	0.0	0.0	0.0	0.0	0.0	0.0	0.0	0.0	0.0	0.24782746	0.36155283	0.0	0.0	0.0	0.0	0.3560942	0.0	0.24680328	0.17342834	0.0	0.0	0.0	0.18773203	0.0	0.0	0.0	0.0	0.0	0.40223733	0.3174604	0.0	0.0	0.27836052	0.0	0.0	0.10714036	0.21819551	0.0	0.31237236	0.22816284	0.0	0.0	0.0	0.0	0.24590617	0.0	0.0	0.17760853	0.0	0.47398558	0.2111047	0.5215602	0.0	0.29260936	0.0	0.0	0.0	0.0	0.09461179	0.0	0.10004095	0.0	0.0	0.0	0.0	0.5374193	0.0	0.0	0.0	0.2264257	0.0	0.0	0.0	0.48080292	0.069987535	0.0	0.15245678	0.0	0.0	0.33502746	0.0	0.0	0.0	0.0	0.093772806	0.0	0.0	0.0	0.0	0.12503384	0.0	0.4829824	0.0	0.0	0.39158168	0.0	0.0
0.0	0.13945104	0.0	0.0	0.0	0.0	0.09177037	0.0	0.0	0.0	0.0	0.0	0.0	0.0	0.29448166	0.0	0.36824083	0.0	0.0	0.061656296	0.0	0.21663414	0.0	0.23130213	0.0	0.0	0.091642015	0.0	0.0	0.19157164	0.38359118	0.0	0.0	0.0	0.0	0.0	0.0	0.0	0.0	0.0	0.24786031	0.37407863	0.0	0.0	0.0	0.0	0.3512155	0.0	0.25200272	0.1860655	0.0	0.0	0.0	0.19285178	0.0	0.0	0.0	0.0	0.0	0.41009808	0.32366386	0.0	0.0	0.29287478	0.0	0.0	0.09795222	0.20556928	0.0	0.3229532	0.21809359	0.0	0.0	0.0	0.0	0.25976261	0.0	0.0	0.18826145	0.0	0.47596726	0.23163243	0.5440307	0.0	0.30055603	0.0	0.0	0.0	0.0	0.093214266	0.0	0.11927751	0.0	0.0	0.0	0.0	0.5394244	0.0	0.0	0.0	0.24707614	0.0	0.0	0.0	0.47550544	0.07469516	0.0	0.16441648	0.0	0.0	0.3288021	0.0	0.0049141985	0.0	0.0	0.09791377	0.0	0.0	0.0	0.0	0.14221281	0.0	0.52631146	0.0	0.0	0.4114684	0.0	0.0
0.0	0.12555932	0.0	0.0	0.0	0.0	0.04407683	0.0	0.0	0.0	0.0	0.0	0.0	0.0	0.27324986	0.0	0.32798234	0.0	0.0	0.052695483	0.0	0.19629812	0.0	0.2074099	0.0	0.0	0.08537859	0.0	0.0	0.17926343	0.36683574	0.0	0.0	0.0	0.0	0.0	0.0	0.0	0.0	0.0	0.24313553	0.36093187	0.0	0.0	0.0	0.0	0.3539389	0.0	0.23375463	0.16522872	0.0	0.0	0.0	0.17937948	0.0	0.0	0.0	0.0	0.0	0.39840543	0.3168228	0.0	0.0	0.26534066	0.0	0.0	0.11103758	0.21629207	0.0	0.31281817	0.23205984	0.0	0.0	0.0	0.0	0.24441469	0.0	0.0	0.17776312	0.0	0.470574	0.20168169	0.5091943	0.0	0.29128894	0.0	0.0	0.0	0.0	0.09051732	0.0	0.096451886	0.0	0.0	0.0	0.0	0.54273784	0.0	0.0	0.0	0.22408427	0.0	0.0	0.0	0.47927836	0.0716084	0.0	0.14602602	0.0	0.0	0.3388765	0.0	0.0	0.0	0.0	0.096925996	0.0	0.0	0.0	0.0	0.11930269	0.0	0.48090783	0.0	0.0	0.38357458	0.0	0.0
0.0	0.13754651	0.0	0.0	0.0	0.0	0.05867805	0.0	0.0	0.0	0.0	0.0	0.0	0.0	0.2837886	0.0	0.34566012	0.0	0.0	0.059879098	0.0	0.20048423	0.0	0.22266781	0.0	0.0	0.101527624	0.0	0.0	0.19128187	0.3674831	0.0	0.0	0.0	0.0	0.0	0.0	0.0	0.0	0.0	0.252047	0.38488808	0.0	0.0	0.0	0.0	0.34932137	0.0	0.23525508	0.1584786	0.0	0.0	0.0	0.19112255	0.0	0.0	0.0	0.0	0.0	0.3995423	0.33562243	0.0	0.0	0.28249002	0.0	0.0	0.09440437	0.22740023	0.0	0.318288	0.22668837	0.0	0.0	0.0	0.0	0.25330582	0.0	0.0	0.18699847	0.0	0.48118582	0.19998491	0.53657883	0.0	0.30605987	0.0	0.0	0.0	0.0	0.100569464	0.0	0.09686667	0.0	0.0	0.0	0.0	0.5539424	0.0	0.0	0.0	0.23341398	0.0	0.0	0.0	0.49323797	0.081343204	0.0	0.154666	0.0	0.0	0.33813456	0.0	0.0	0.0	0.0	0.10272819	0.0	0.0	0.0	0.0	0.13200462	0.0	0.5006065	0.0	0.0	0.40216246	0.0	0.0
0.0	0.1252497	0.0	0.0	0.0	0.0	0.048731953	0.0	0.0	0.0	0.0	0.0	0.0	0.0	0.26538178	0.0	0.31867844	0.0	0.0	0.049259197	0.0	0.19038768	0.0	0.2002179	0.0	0.0	0.081550546	0.0	0.0	0.17234127	0.3707944	0.0	0.0	0.0	0.0	0.0	0.0	0.0	0.0	0.0	0.23672865	0.35551175	0.0	0.0	0.0	0.0	0.35154453	0.0	0.2364314	0.16955058	0.0	0.0	0.0	0.18010361	0.0	0.0	0.0	0.0	0.0	0.39956287	0.31288043	0.0	0.0	0.2619936	0.0	0.0	0.1113022	0.21093781	0.0	0.3089489	0.22757347	0.0	0.0	0.0	0.0	0.2393307	0.0	0.0	0.17681746	0.0	0.46489748	0.20071115	0.50332624	0.0	0.28738996	0.0	0.0	0.0	0.0	0.086999714	0.0	0.0972169	0.0	0.0	0.0	0.0	0.5369863	0.0	0.0	0.0	0.21975403	0.0	0.0	0.0	0.47611055	0.06531223	0.0	0.14739242	0.0	0.0	0.33728385	0.0	0.0	0.0	0.0	0.09974743	0.0	0.0	0.0	0.0	0.11427993	0.0	0.47570395	0.0	0.0	0.37772822	0.0	0.0
0.0	0.12838922	0.0	0.0	0.0	0.0	0.0478788	0.0	0.0	0.0	0.0	0.0	0.0	0.0	0.28939775	0.0	0.34442553	0.0	0.0	0.05881988	0.0	0.20195471	0.0	0.20963609	0.0	0.0	0.101313956	0.0	0.0	0.19533949	0.37119982	0.0	0.0	0.0	0.0	0.0	0.0	0.0	0.0	0.0	0.2504249	0.37978086	0.0	0.0	0.0	0.0	0.36291933	0.0	0.24146873	0.17588757	0.0	0.0	0.0	0.19246824	0.0	0.0	0.0	0.0	0.0	0.4017829	0.32434055	0.0	0.0	0.2833404	0.0	0.0	0.112888135	0.22479033	0.0	0.3258288	0.2309976	0.0	0.0	0.0	0.0	0.25027508	0.0	0.0	0.18138777	0.0	0.48383537	0.21050952	0.5319405	0.0	0.2965205	0.0	0.0	0.0	0.0	0.09805887	0.0	0.09799694	0.0	0.0	0.0	0.0	0.54338044	0.0	0.0	0.0	0.22967458	0.0	0.0	0.0	0.48848808	0.08409533	0.0	0.1508338	0.0	0.0	0.33438277	0.0	0.0	0.0	0.0	0.09541843	0.0	0.0	0.0	0.0	0.124694526	0.0	0.48792052	0.0	0.0	0.39699098	0.0	0.0
0.0	0.15054241	0.0	0.0	0.0	0.0	0.08097514	0.0	0.0	0.0	0.0	0.0	0.0	0.0	0.3061708	0.0	0.3797764	0.0	0.0	0.0688041	0.0	0.22085394	0.0	0.2416019	0.0	0.0	0.0998671	0.0	0.0	0.20551558	0.37151897	0.0	0.0	0.0	0.0	0.0	0.0	0.0	0.0	0.0	0.24768852	0.39274994	0.0	0.0	0.0	0.0	0.34679273	0.0	0.24243198	0.18061261	0.0	0.0	0.0	0.18759148	0.0	0.0	0.0	0.0	0.0	0.40772438	0.33472124	0.0	0.0	0.30540857	0.0	0.0	0.09190172	0.21831816	0.0	0.3267596	0.2156716	0.0	0.0	0.0	0.0	0.2669842	0.0	0.0	0.19491966	0.0	0.479941	0.22270696	0.55678195	0.0	0.30673948	0.0	0.0	0.0	0.0	0.09977008	0.0	0.109041296	0.0	0.0	0.0	0.0	0.55665517	0.0	0.0	0.0	0.24442588	0.0	0.0	0.0	0.49022758	0.08373954	0.0	0.17035995	0.0	0.0	0.33943817	0.0	0.000974729	0.0	0.0	0.098210186	0.0	0.0	0.0	0.0	0.14281553	0.0	0.5374971	0.0	0.0	0.42374775	0.0	0.0
0.0	0.152381	0.0	0.0	0.0	0.0	0.07491175	0.0	0.0	0.0	0.0	0.0	0.0	0.0	0.31020346	0.0	0.38689104	0.0	0.0	0.07921787	0.0	0.22285241	0.0	0.24242227	0.0	0.0	0.11691952	0.0	0.0	0.21904795	0.37160027	0.0	0.0	0.0	0.0	0.0	0.0	0.0	0.0	0.0	0.27025345	0.40749002	0.0	0.0	0.0	0.0	0.36828586	0.0	0.26245323	0.17328632	0.0	0.0	0.0	0.20660573	0.0	0.0	0.0	0.0	0.0	0.41856328	0.35144973	0.0	0.0	0.3229417	0.0	0.0	0.087802194	0.23899575	0.0	0.33526096	0.21833597	0.0	0.0	0.0	0.0	0.27010286	0.0	0.0	0.2018043	0.0	0.48893753	0.22748308	0.58705467	0.0	0.32786784	0.0	0.0	0.0	0.0	0.10963929	0.0	0.11630862	0.0	0.0	0.0	0.0	0.5677359	0.0	0.0	0.0	0.2523513	0.0	0.0	0.0	0.50823385	0.09029308	0.0	0.17122655	0.0	0.0	0.33674562	0.0	0.0	0.0	0.0	0.096891366	0.0	0.0	0.0	0.0	0.14216228	0.0	0.53703684	0.0	0.0	0.4356152	0.0	0.0
0.0	0.13143013	0.0	0.0	0.0	0.0	0.058820706	0.0	0.0	0.0	0.0	0.0	0.0	0.0	0.27319792	0.0	0.33163098	0.0	0.0	0.058342967	0.0	0.19839473	0.0	0.2087779	0.0	0.0	0.083184175	0.0	0.0	0.17806135	0.3720882	0.0	0.0	0.0	0.0	0.0	0.0	0.0	0.0	0.0	0.23894691	0.36371055	0.0	0.0	0.0	0.0	0.3552672	0.0	0.24223204	0.16661605	0.0	0.0	0.0	0.18114245	0.0	0.0	0.0	0.0	0.0	0.40059435	0.31772712	0.0	0.0	0.27069557	0.0	0.0	0.11024352	0.21477981	0.0	0.31180912	0.22779785	0.0	0.0	0.0	0.0	0.24534146	0.0	0.0	0.1783932	0.0	0.46506187	0.20892318	0.5156694	0.0	0.29271737	0.0	0.0	0.0	0.0	0.08915018	0.0	0.100012064	0.0	0.0	0.0	0.0	0.54361725	0.0	0.0	0.0	0.2254415	0.0	0.0	0.0	0.47668663	0.06572864	0.0	0.14719819	0.0	0.0	0.33752665	0.0	0.0	0.0	0.0	0.09969447	0.0	0.0	0.0	0.0	0.11671225	0.0	0.48817906	0.0	0.0	0.38872346	0.0	0.0
0.0	0.14060323	0.0	0.0	0.0	0.0	0.05942524	0.0	0.0	0.0	0.0	0.0	0.0	0.0	0.27831635	0.0	0.34358835	0.0	0.0	0.05816364	0.0	0.20150168	0.0	0.2248975	0.0	0.0	0.09375588	0.0	0.0	0.18854411	0.36594984	0.0	0.0	0.0	0.0	0.0	0.0	0.0	0.0	0.0	0.24484909	0.38096932	0.0	0.0	0.0	0.0	0.35048112	0.0	0.2410757	0.16371919	0.0	0.0	0.0	0.18551767	0.0	0.0	0.0	0.0	0.0	0.4027978	0.3344802	0.0	0.0	0.2801498	0.0	0.0	0.098731376	0.22222297	0.0	0.31653327	0.22478886	0.0	0.0	0.0	0.0	0.25272346	0.0	0.0	0.18889166	0.0	0.47386757	0.2080351	0.5347875	0.0	0.30153787	0.0	0.0	0.0	0.0	0.09763201	0.0	0.099269114	0.0	0.0	0.0	0.0	0.5497012	0.0	0.0	0.0	0.23104165	0.0	0.0	0.0	0.4833267	0.07536533	0.0	0.15693776	0.0	0.0	0.34031418	0.0	0.0	0.0	0.0	0.103649914	0.0	0.0	0.0	0.0	0.12963164	0.0	0.5025664	0.0	0.0	0.39841953	0.0	0.0
0.0	0.13283373	0.0	0.0	0.0	0.0	0.05618531	0.0	0.0	0.0	0.0	0.0	0.0	0.0	0.2803873	0.0	0.3381114	0.0	0.0	0.051539395	0.0	0.19941933	0.0	0.21642278	0.0	0.0	0.08972911	0.0	0.0	0.17702089	0.3664969	0.0	0.0	0.0	0.0	0.0	0.0	0.0	0.0	0.0	0.23847932	0.36904326	0.0	0.0	0.0	0.0	0.35011458	0.0	0.23075205	0.1618193	0.0	0.0	0.0	0.18367684	0.0	0.0	0.0	0.0	0.0	0.3982624	0.32470557	0.0	0.0	0.27238503	0.0	0.0	0.10324779	0.21756218	0.0	0.31223318	0.22433047	0.0	0.0	0.0	0.0	0.2477154	0.0	0.0	0.18052393	0.0	0.47290015	0.20522809	0.51762754	0.0	0.29804805	0.0	0.0	0.0	0.0	0.094846666	0.0	0.09653363	0.0	0.0	0.0	0.0	0.5445242	0.0	0.0	0.0	0.2295093	0.0	0.0	0.0	0.4824476	0.072303474	0.0	0.1569273	0.0	0.0	0.34067938	0.0	0.0	0.0	0.0	0.09908652	0.0	0.0	0.0	0.0	0.12566693	0.0	0.48879552	0.0	0.0	0.39169955	0.0	0.0
0.0	0.13377352	0.0	0.0	0.0	0.0	0.07119244	0.0	0.0	0.0	0.0	0.0	0.0	0.0	0.26854524	0.0	0.3334485	0.0	0.0	0.057650942	0.0	0.20329678	0.0	0.21798186	0.0	0.0	0.07156627	0.0	0.0	0.16856094	0.37186193	0.0	0.0	0.0	0.0	0.0	0.0	0.0	0.0	0.0	0.22978835	0.35329786	0.0	0.0	0.0	0.0	0.34582385	0.0	0.23939924	0.16230793	0.0	0.0	0.0	0.16977847	0.0	0.0	0.0	0.0	0.0	0.4011928	0.3095659	0.0	0.0	0.26259413	0.0	0.0	0.104800425	0.20354247	0.0	0.30443445	0.22560231	0.0	0.0	0.0	0.0	0.25176537	0.0	0.0	0.1705188	0.0	0.45656022	0.20885433	0.50840825	0.0	0.29365548	0.0	0.0	0.0	0.0	0.08181936	0.0	0.10270546	0.0	0.0	0.0	0.0	0.54199386	0.0	0.0	0.0	0.22595257	0.0	0.0	0.0	0.46497902	0.05241676	0.0	0.13802874	0.0	0.0	0.33781922	0.0	0.0025460168	0.0	0.0	0.10350255	0.0	0.0	0.0	0.0	0.12407774	0.0	0.49451932	0.0	0.0	0.3874762	0.0	0.0
0.0	0.116664864	0.0	0.0	0.0	0.0	0.055277854	0.0	0.0	0.0	0.0	0.0	0.0	0.0	0.2617465	0.0	0.31692955	0.0	0.0	0.054777194	0.0	0.20386893	0.0	0.19303454	0.0	0.0	0.06352736	0.0	0.0	0.16560319	0.37950507	0.0	0.0	0.0	0.0	0.0	0.0	0.0	0.0	0.0	0.23409796	0.33632135	0.0	0.0	0.0	0.0	0.3603318	0.0	0.24484856	0.177491	0.0	0.0	0.0	0.17016189	0.0	0.0	0.0	0.0	0.0	0.40182093	0.29221922	0.0	0.0	0.2537456	0.0	0.0	0.123016946	0.20373638	0.0	0.30678335	0.23690672	0.0	0.0	0.0	0.0	0.24023755	0.0	0.0	0.16289307	0.0	0.4561911	0.21599908	0.49323168	0.0	0.28021374	0.0	0.0	0.0	0.0	0.075704195	0.0	0.10438285	0.0	0.0	0.0	0.0	0.5263682	0.0	0.0	0.0	0.21452457	0.0	0.0	0.0	0.46148482	0.05062318	0.0	0.1285689	0.0	0.0	0.3346621	0.0	1.5394762e-05	0.0	0.0	0.09432185	0.0	0.0	0.0	0.0	0.112358056	0.0	0.47104466	0.0	0.0	0.3750597	0.0	0.0
0.0	0.13967542	0.0	0.0	0.0	0.0	0.074207254	0.0	0.0	0.0	0.0	0.0	0.0	0.0	0.28454718	0.0	0.34913373	0.0	0.0	0.06297255	0.0	0.2129082	0.0	0.22355932	0.0	0.0	0.09569947	0.0	0.0	0.18551175	0.37320423	0.0	0.0	0.0	0.0	0.0	0.0	0.0	0.0	0.0	0.24877316	0.37205184	0.0	0.0	0.0	0.0	0.35093486	0.0	0.24618058	0.16714096	0.0	0.0	0.0	0.18879591	0.0	0.0	0.0	0.0	0.0	0.4101384	0.32486084	0.0	0.0	0.2835873	0.0	0.0	0.09893611	0.22547823	0.0	0.31204996	0.22206907	0.0	0.0	0.0	0.0	0.2538376	0.0	0.0	0.18357699	0.0	0.47139838	0.2159506	0.5289633	0.0	0.30322614	0.0	0.0	0.0	0.0	0.09582773	0.0	0.106192045	0.0	0.0	0.0	0.0	0.5382995	0.0	0.0	0.0	0.23863538	0.0	0.0	0.0	0.48390397	0.07066534	0.0	0.15731421	0.0	0.0	0.34581807	0.0	0.0	0.0	0.0	0.10106617	0.0	0.0	0.0	0.0	0.12801544	0.0	0.503772	0.0	0.0	0.4051446	0.0	0.0
0.0	0.13995239	0.0	0.0	0.0	0.0	0.06238239	0.0	0.0	0.0	0.0	0.0	0.0	0.0	0.28563023	0.0	0.35499635	0.0	0.0	0.063393794	0.0	0.20483428	0.0	0.22812021	0.0	0.0	0.106824405	0.0	0.0	0.19817324	0.3676243	0.0	0.0	0.0	0.0	0.0	0.0	0.0	0.0	0.0	0.25755444	0.39068738	0.0	0.0	0.0	0.0	0.3428792	0.0	0.24533345	0.16904692	0.0	0.0	0.0	0.19673043	0.0	0.0	0.0	0.0	0.0	0.4084691	0.33731878	0.0	0.0	0.28908923	0.0	0.0	0.094343595	0.2319055	0.0	0.31908336	0.22493522	0.0	0.0	0.0	0.0	0.25347915	0.0	0.0	0.19299585	0.0	0.4800655	0.20603876	0.54569143	0.0	0.31102142	0.0	0.0	0.0	0.0	0.10551504	0.0	0.102946065	0.0	0.0	0.0	0.0	0.5455521	0.0	0.0	0.0	0.23797041	0.0	0.0	0.0	0.49377218	0.08302664	0.0	0.16721982	0.0	0.0	0.34010676	0.0	0.0	0.0	0.0	0.106522836	0.0	0.0	0.0	0.0	0.13260351	0.0	0.5159133	0.0	0.0	0.40693498	0.0	0.0
0.0	0.14530753	0.0	0.0	0.0	0.0	0.06667292	0.0	0.0	0.0	0.0	0.0	0.0	0.0	0.29479745	0.0	0.36267066	0.0	0.0	0.06109109	0.0	0.20895539	0.0	0.23534589	0.0	0.0	0.1047552	0.0	0.0	0.19611971	0.3655065	0.0	0.0	0.0	0.0	0.0	0.0	0.0	0.0	0.0	0.24946225	0.39075947	0.0	0.0	0.0	0.0	0.34827533	0.0	0.2412606	0.16636974	0.0	0.0	0.0	0.19563083	0.0	0.0	0.0	0.0	0.0	0.40637124	0.34142146	0.0	0.0	0.29569018	0.0	0.0	0.09263137	0.22533433	0.0	0.32233843	0.21630506	0.0	0.0	0.0	0.0	0.2607184	0.0	0.0	0.19373001	0.0	0.48324665	0.21063064	0.55002975	0.0	0.3105043	0.0	0.0	0.0	0.0	0.10420022	0.0	0.10104681	0.0	0.0	0.0	0.0	0.5535118	0.0	0.0	0.0	0.24220864	0.0	0.0	0.0	0.49126682	0.08334285	0.0	0.16703434	0.0	0.0	0.34031567	0.0	0.0	0.0	0.0	0.1017401	0.0	0.0	0.0	0.0	0.1397482	0.0	0.5163054	0.0	0.0	0.41331926	0.0	0.0
0.0	0.14908737	0.0	0.0	0.0	0.0	0.098513566	0.0	0.0	0.0	0.0	0.0	0.0	0.0	0.28885463	0.0	0.36685935	0.0	0.0	0.044751864	0.0	0.22409101	0.0	0.21858215	0.0	0.0	0.078243375	0.0	0.0	0.19385542	0.39285028	0.0	0.0	0.0	0.0	0.0	0.0	0.0	0.0	0.0	0.2535268	0.3570038	0.0	0.0	0.0	0.0	0.3673369	0.0	0.26398048	0.19121335	0.0	0.0	0.0	0.18346989	0.0	0.0	0.0	0.0	0.0	0.40340593	0.33222345	0.0	0.0	0.31272078	0.0	0.0	0.10276004	0.20388691	0.0	0.32408473	0.22575139	0.0	0.0	0.0	0.0	0.26402724	0.0	0.0	0.1888117	0.0	0.46475902	0.22015126	0.54881376	0.0	0.3059446	0.0	0.0	0.0	0.0	0.09857521	0.0	0.12577488	0.0	0.0	0.0	0.0002928699	0.5468001	0.0	0.0	0.0	0.26780316	0.0	0.0	0.0	0.485365	0.07163604	0.0	0.1744252	0.0	0.0	0.3416827	0.0	0.0020175644	0.0	0.0	0.08186132	0.0	0.0	0.0	0.0	0.14164634	0.0	0.5255695	0.0	0.0	0.4146963	0.0	0.0
0.0	0.12280332	0.0	0.0	0.0	0.0	0.06783693	0.0	0.0	0.0	0.0	0.0	0.0	0.0	0.27086908	0.0	0.33287284	0.0	0.0	0.061399892	0.0	0.20814954	0.0	0.20564048	0.0	0.0	0.071979366	0.0	0.0	0.1734612	0.38082242	0.0	0.0	0.0	0.0	0.0	0.0	0.0	0.0	0.0	0.23533075	0.34484935	0.0	0.0	0.0	0.0	0.35792089	0.0	0.24682419	0.18141675	0.0	0.0	0.0	0.17202419	0.0	0.0	0.0	0.0	0.0	0.4051148	0.29746917	0.0	0.0	0.2640048	0.0	0.0	0.11705194	0.20320828	0.0	0.31292167	0.23250137	0.0	0.0	0.0	0.0	0.24961352	0.0	0.0	0.1668619	0.0	0.46050206	0.22170758	0.50560325	0.0	0.28384528	0.0	0.0	0.0	0.0	0.078015745	0.0	0.10713041	0.0	0.0	0.0	0.0	0.53149766	0.0	0.0	0.0	0.2211542	0.0	0.0	0.0	0.46268904	0.055068415	0.0	0.1364623	0.0	0.0	0.33332568	0.0	0.0012144614	0.0	0.0	0.09617684	0.0	0.0	0.0	0.0	0.11836242	0.0	0.48638716	0.0	0.0	0.38609138	0.0	0.0
0.0	0.13394023	0.0	0.0	0.0	0.0	0.07456354	0.0	0.0	0.0	0.0	0.0	0.0	0.0	0.26776755	0.0	0.337881	0.0	0.0	0.05731125	0.0	0.2097828	0.0	0.21645756	0.0	0.0	0.07356516	0.0	0.0	0.171328	0.375944	0.0	0.0	0.0	0.0	0.0	0.0	0.0	0.0	0.0	0.2322589	0.35405743	0.0	0.0	0.0	0.0	0.34901747	0.0	0.24378216	0.16704309	0.0	0.0	0.0	0.17509107	0.0	0.0	0.0	0.0	0.0	0.40510926	0.30930755	0.0	0.0	0.26789925	0.0	0.0	0.10534099	0.20705397	0.0	0.3087567	0.2271655	0.0	0.0	0.0	0.0	0.24814112	0.0	0.0	0.17561828	0.0	0.4604558	0.21546166	0.5154741	0.0	0.29234698	0.0	0.0	0.0	0.0	0.08369517	0.0	0.10589039	0.0	0.0	0.0	0.0	0.5385153	0.0	0.0	0.0	0.22706361	0.0	0.0	0.0	0.46927205	0.055844277	0.0	0.14560236	0.0	0.0	0.33715233	0.0	0.0038113936	0.0	0.0	0.10018184	0.0	0.0	0.0	0.0	0.12445694	0.0	0.4985163	0.0	0.0	0.39288965	0.0	0.0
0.0	0.125109	0.0	0.0	0.0	0.0	0.054365944	0.0	0.0	0.0	0.0	0.0	0.0	0.0	0.2643931	0.0	0.31941465	0.0	0.0	0.04584141	0.0	0.1993502	0.0	0.20211323	0.0	0.0	0.080242835	0.0	0.0	0.16750467	0.3707064	0.0	0.0	0.0	0.0	0.0	0.0	0.0	0.0	0.0	0.24025474	0.35191712	0.0	0.0	0.0	0.0	0.34399903	0.0	0.23085876	0.16154936	0.0	0.0	0.0	0.18400943	0.0	0.0	0.0	0.0	0.0	0.3981334	0.3090448	0.0	0.0	0.25900054	0.0	0.0	0.10823182	0.21629222	0.0	0.30398107	0.23023097	0.0	0.0	0.0	0.0	0.23732434	0.0	0.0	0.17506973	0.0	0.46067485	0.19776642	0.5019918	0.0	0.28981748	0.0	0.0	0.0	0.0	0.09024195	0.0	0.0974685	0.0	0.0	0.0	0.0	0.5293495	0.0	0.0	0.0	0.22418498	0.0	0.0	0.0	0.48026243	0.06120147	0.0	0.14943232	0.0	0.0	0.3422562	0.0	0.0	0.0	0.0	0.09625018	0.0	0.0	0.0	0.0	0.1221959	0.0	0.47524962	0.0	0.0	0.376954	0.0	0.0
0.0	0.14367966	0.0	0.0	0.0	0.0	0.088447124	0.0	0.0	0.0	0.0	0.0	0.0	0.0	0.30066168	0.0	0.37993112	0.0	0.0	0.057348266	0.0	0.2301712	0.0	0.23534088	0.0	0.0	0.0880321	0.0	0.0	0.1988041	0.3870637	0.0	0.0	0.0	0.0	0.0	0.0	0.0	0.0	0.0	0.2418664	0.3802041	0.0	0.0	0.0	0.0	0.37019405	0.0	0.26826885	0.2049795	0.0	0.0	0.0	0.18814962	0.0	0.0	0.0	0.0	0.0	0.41095284	0.32255328	0.0	0.0	0.29949978	0.0	0.0	0.10941563	0.20312338	0.0	0.33082008	0.21661155	0.0	0.0	0.0	0.0	0.26953802	0.0	0.0	0.20127772	0.0	0.4720633	0.24807464	0.56066585	0.0	0.30202737	0.0	0.0	0.0	0.0	0.086272456	0.0	0.12812059	0.0	0.0	0.0	0.0	0.54038537	0.0	0.0	0.0	0.25546166	0.0	0.0	0.0	0.46834075	0.07111286	0.0	0.16442709	0.0	0.0	0.33079743	0.0	0.017235078	0.0	0.0	0.08864441	0.0	0.0	0.0	0.0	0.14130943	0.0	0.53973836	0.0	0.0	0.41840577	0.0	0.0
0.0	0.14153206	0.0	0.0	0.0	0.0	0.07467138	0.0	0.0	0.0	0.0	0.0	0.0	0.0	0.3070369	0.0	0.4063841	0.0	0.0	0.07706995	0.0	0.24728619	0.0	0.18397237	0.0	0.0	0.093375534	0.0	0.0	0.2536181	0.39768603	0.0	0.0	0.0	0.0	0.0	0.0	0.0	0.0	0.0	0.26544043	0.3617406	0.0	0.0	0.0	0.0	0.38081193	0.0	0.29768953	0.2676146	0.0	0.0	0.0	0.18627906	0.0	0.0	0.0	0.0	0.0	0.41761872	0.27225158	0.0	0.0	0.36660206	0.0	0.0	0.14384505	0.2218409	0.0	0.37681606	0.25792766	0.0	0.0	0.0	0.0	0.27142346	0.0	0.0	0.21094073	0.0	0.4694643	0.3009021	0.6226403	0.0	0.28014112	0.0	0.0	0.0	0.0	0.0832304	0.0	0.13872743	0.0	0.0	0.0	0.0	0.494992	0.0	0.0	0.0	0.2345208	0.0	0.0	0.0	0.49957964	0.10523515	0.0	0.17262101	0.0	0.0	0.3195559	0.0	0.0028136068	0.0	0.0	0.088296406	0.0	0.0	0.0	0.0	0.1482104	0.0	0.55507857	0.0	0.0	0.41632244	0.0	0.0
0.0	0.17237318	0.0	0.0	0.0	0.0	0.029684717	0.0	0.0	0.0	0.0	0.0	0.0	0.0	0.33245686	0.0	0.4077386	0.0	0.0	0.08034828	0.0	0.19818795	0.0	0.24425507	0.0	0.0	0.18479078	0.0	0.0	0.28521743	0.33167398	0.0	0.0	0.0	0.0	0.0	0.0	0.0	0.0	0.0	0.3200219	0.48463693	0.0	0.0	0.0	0.0	0.38172042	0.0	0.24042499	0.14259836	0.0	0.0	0.0	0.24286915	0.0	0.0	0.0	0.0	0.0	0.39761594	0.40749753	0.0	0.0	0.36217442	0.0	0.0	0.0595693	0.29621056	0.0	0.34775472	0.19899654	0.0	0.0	0.0	0.0	0.2734008	0.0	0.0	0.23813808	0.0	0.5176912	0.14027013	0.6434122	0.0	0.3793451	0.0	0.0	0.0	0.0	0.16517927	0.0	0.10390193	0.0	0.0	0.0	0.0	0.6057732	0.0	0.0	0.0	0.2782631	0.0	0.0	0.0	0.5831041	0.13595909	0.0	0.23453397	0.0	0.0	0.37869322	0.0	0.0	0.0	0.0	0.100262485	0.0	0.0	0.0	0.0	0.15864915	0.0	0.5524904	0.0	0.0	0.44786942	0.0	0.0
0.0	0.1754054	0.0	0.0	0.0	0.0	0.0211343	0.0	0.0	0.0	0.0	0.0	0.0	0.0	0.33301148	0.0	0.4123946	0.0	0.0	0.075229585	0.0	0.1950113	0.0	0.24657273	0.0	0.0	0.18733203	0.0	0.0	0.28082308	0.32356563	0.0	0.0	0.0	0.0	0.0	0.0	0.0	0.0	0.0	0.31204712	0.48882774	0.0	0.0	0.0	0.0	0.36942676	0.0	0.23540683	0.14194453	0.0	0.0	0.0	0.2400241	0.0	0.0	0.0	0.0	0.0	0.39223322	0.4176506	0.0	0.0	0.3550531	0.0	0.0	0.06992718	0.298692	0.0	0.3493522	0.20205055	0.0	0.0	0.0	0.0	0.26820275	0.0	0.0	0.24263251	0.0	0.52398807	0.1530107	0.64683694	0.0	0.3800356	0.0	0.0	0.0	0.0	0.16069011	0.0	0.094369255	0.0	0.0	0.0	0.0	0.600843	0.0	0.0	0.0	0.27794534	0.0	0.0	0.0	0.57504445	0.1373666	0.0	0.22758818	0.0	0.0	0.3780415	0.0	0.0	0.0	0.0	0.10271349	0.0	0.0	0.0	0.0	0.16350417	0.0	0.5557042	0.0	0.0	0.44348812	0.0	0.0
0.0	0.165049	0.0	0.0	0.0	0.0	0.017919634	0.0	0.0	0.0	0.0	0.0	0.0	0.0	0.32249877	0.0	0.3942835	0.0	0.0	0.079444975	0.0	0.19171906	0.0	0.23109818	0.0	0.0	0.1669184	0.0	0.0	0.26462442	0.33692452	0.0	0.0	0.0	0.0	0.0	0.0	0.0	0.0	0.0	0.3039407	0.46146563	0.0	0.0	0.0	0.0	0.38125607	0.0	0.23835246	0.14885452	0.0	0.0	0.0	0.22967581	0.0	0.0	0.0	0.0	0.0	0.39802226	0.39208737	0.0	0.0	0.3407512	0.0	0.0	0.07894968	0.28571904	0.0	0.35006258	0.21327782	0.0	0.0	0.0	0.0	0.26762882	0.0	0.0	0.2253059	0.0	0.52023745	0.16675396	0.62325853	0.0	0.36229348	0.0	0.0	0.0	0.0	0.14907205	0.0	0.09729481	0.0	0.0	0.0	0.0	0.5903251	0.0	0.0	0.0	0.2649204	0.0	0.0	0.0	0.56112546	0.12656946	0.0	0.20234723	0.0	0.0	0.36780974	0.0	0.0	0.0	0.0	0.09830016	0.0	0.0	0.0	0.0	0.15074773	0.0	0.5372565	0.0	0.0	0.43652233	0.0	0.0
0.0	0.14797483	0.0	0.0	0.0	0.0	0.017183516	0.0	0.0	0.0	0.0	0.0	0.0	0.0	0.30030474	0.0	0.35701516	0.0	0.0	0.058046937	0.0	0.19678688	0.0	0.21613485	0.0	0.0	0.1383223	0.0	0.0	0.24229334	0.3397204	0.0	0.0	0.0	0.0	0.0	0.0	0.0	0.0	0.0	0.29333246	0.42259654	0.0	0.0	0.0	0.0	0.36754856	0.0	0.23585713	0.14969255	0.0	0.0	0.0	0.21252282	0.0	0.0	0.0	0.0	0.0	0.38942555	0.36265945	0.0	0.0	0.3158454	0.0	0.0	0.08198991	0.27216777	0.0	0.31974566	0.213781	0.0	0.0	0.0	0.0	0.2522322	0.0	0.0	0.21483006	0.0	0.49181032	0.15248817	0.589509	0.0	0.33950505	0.0	0.0	0.0	0.0	0.12939006	0.0	0.1021882	0.0	0.0	0.0	0.0	0.56805795	0.0	0.0	0.0	0.25145042	0.0	0.0	0.0	0.54317904	0.10140414	0.0	0.19405383	0.0	0.0	0.3682952	0.0	0.0	0.0	0.0	0.09831953	0.0	0.0	0.0	0.0	0.14557183	0.0	0.510722	0.0	0.0	0.4059318	0.0	0.0
0.0	0.15678346	0.0	0.0	0.0	0.0	0.01199646	0.0	0.0	0.0	0.0	0.0	0.0	0.0	0.32063565	0.0	0.39404187	0.0	0.0	0.07428787	0.0	0.211271	0.0	0.21419807	0.0	0.0	0.14517757	0.0	0.0	0.2651337	0.34028664	0.0	0.0	0.0	0.0	0.0	0.0	0.0	0.0	0.0	0.29700044	0.43404666	0.0	0.0	0.0	0.0	0.3990632	0.0	0.253889	0.1816016	0.0	0.0	0.0	0.21587689	0.0	0.0	0.0	0.0	0.0	0.39826426	0.3647569	0.0	0.0	0.34636638	0.0	0.0	0.11409658	0.2760215	0.0	0.35079834	0.22464402	0.0	0.0	0.0	0.0	0.26159963	0.0	0.0	0.22686857	0.0	0.49160632	0.18366627	0.61645144	0.0	0.34488377	0.0	0.0	0.0	0.0	0.13146962	0.0	0.108072735	0.0	0.0	0.0	0.0	0.57120895	0.0	0.0	0.0	0.2563039	0.0	0.0	0.0	0.5493214	0.114632405	0.0	0.21144368	0.0	0.0	0.3755099	0.0	0.0	0.0	0.0	0.08876292	0.0	0.0	0.0	0.0	0.1462669	0.0	0.52628094	0.0	0.0	0.42896962	0.0	0.0
0.0	0.16716129	0.0	0.0	0.0	0.0	0.018223558	0.0	0.0	0.0	0.0	0.0	0.0	0.0	0.3261551	0.0	0.3973918	0.0	0.0	0.07626053	0.0	0.191477	0.0	0.24041712	0.0	0.0	0.17109026	0.0	0.0	0.26456687	0.3330936	0.0	0.0	0.0	0.0	0.0	0.0	0.0	0.0	0.0	0.30218774	0.46842155	0.0	0.0	0.0	0.0	0.37611938	0.0	0.23987742	0.14906238	0.0	0.0	0.0	0.2290746	0.0	0.0	0.0	0.0	0.0	0.3974466	0.39884773	0.0	0.0	0.3432069	0.0	0.0	0.07979921	0.28441098	0.0	0.3471934	0.20819445	0.0	0.0	0.0	0.0	0.26723003	0.0	0.0	0.23201002	0.0	0.51601577	0.16261418	0.6189837	0.0	0.3613905	0.0	0.0	0.0	0.0	0.14695694	0.0	0.09260604	0.0	0.0	0.0	0.0	0.5941749	0.0	0.0	0.0	0.26624197	0.0	0.0	0.0	0.55974114	0.12845723	0.0	0.21335547	0.0	0.0	0.36983863	0.0	0.0	0.0	0.0	0.1025661	0.0	0.0	0.0	0.0	0.1475712	0.0	0.53911906	0.0	0.0	0.4370719	0.0	0.0
0.0	0.16186704	0.0	0.0	0.0	0.0	0.014103744	0.0	0.0	0.0	0.0	0.0	0.0	0.0	0.3225576	0.0	0.38631782	0.0	0.0	0.07329258	0.0	0.19198549	0.0	0.24335201	0.0	0.0	0.1646301	0.0	0.0	0.2538766	0.3262103	0.0	0.0	0.0	0.0	0.0	0.0	0.0	0.0	0.0	0.29973084	0.4593002	0.0	0.0	0.0	0.0	0.36896285	0.0	0.23206119	0.1440668	0.0	0.0	0.0	0.22746415	0.0	0.0	0.0	0.0	0.0	0.3924326	0.39267477	0.0	0.0	0.33389983	0.0	0.0	0.07305861	0.28423923	0.0	0.34501496	0.21054856	0.0	0.0	0.0	0.0	0.27041402	0.0	0.0	0.22253309	0.0	0.52301115	0.15574534	0.60854924	0.0	0.35780954	0.0	0.0	0.0	0.0	0.14633352	0.0	0.0914348	0.0	0.0	0.0	0.0	0.589482	0.0	0.0	0.0	0.2619266	0.0	0.0	0.0	0.5559228	0.1279164	0.0	0.20377894	0.0	0.0	0.37278175	0.0	0.0	0.0	0.0	0.10033909	0.0	0.0	0.0	0.0	0.15710063	0.0	0.5314688	0.0	0.0	0.43032408	0.0	0.0
0.0	0.16438626	0.0	0.0	0.0	0.0	0.009573371	0.0	0.0	0.0	0.0	0.0	0.0	0.0	0.33658347	0.0	0.39679113	0.0	0.0	0.07113839	0.0	0.2068739	0.0	0.23203336	0.0	0.0	0.16757093	0.0	0.0	0.26960763	0.33790323	0.0	0.0	0.0	0.0	0.0	0.0	0.0	0.0	0.0	0.30958465	0.4457924	0.0	0.0	0.0	0.0	0.38491043	0.0	0.24884365	0.16674031	0.0	0.0	0.0	0.23363493	0.0	0.0	0.0	0.0	0.0	0.40336934	0.38155714	0.0	0.0	0.35015762	0.0	0.0	0.10187163	0.28787667	0.0	0.35704175	0.21881567	0.0	0.0	0.0	0.0	0.26131156	0.0	0.0	0.23082966	0.0	0.5192328	0.18117893	0.62388945	0.0	0.35023555	0.0	0.0	0.0	0.0	0.1491475	0.0	0.10473201	0.0	0.0	0.0	0.0	0.57581574	0.0	0.0	0.0	0.26146454	0.0	0.0	0.0	0.5553226	0.12792675	0.0	0.21367598	0.0	0.0	0.36900374	0.0	0.0	0.0	0.0	0.08424765	0.0	0.0	0.0	0.0	0.16100769	0.0	0.5284827	0.0	0.0	0.44090065	0.0	0.0
0.0	0.15424515	0.0	0.0	0.0	0.0	0.017680796	0.0	0.0	0.0	0.0	0.0	0.0	0.0	0.3129929	0.0	0.37576222	0.0	0.0	0.06697321	0.0	0.18691678	0.0	0.21744256	0.0	0.0	0.14920905	0.0	0.0	0.24242787	0.33718243	0.0	0.0	0.0	0.0	0.0	0.0	0.0	0.0	0.0	0.28943363	0.43339404	0.0	0.0	0.0	0.0	0.37334165	0.0	0.23167787	0.15224718	0.0	0.0	0.0	0.21378149	0.0	0.0	0.0	0.0	0.0	0.39128575	0.3771287	0.0	0.0	0.3213511	0.0	0.0	0.09202987	0.27159068	0.0	0.33401552	0.21496384	0.0	0.0	0.0	0.0	0.2548749	0.0	0.0	0.21958357	0.0	0.5040072	0.16437024	0.5901931	0.0	0.345369	0.0	0.0	0.0	0.0	0.1337313	0.0	0.09069815	0.0	0.0	0.0	0.0	0.5796954	0.0	0.0	0.0	0.25545204	0.0	0.0	0.0	0.54550236	0.11005789	0.0	0.19443761	0.0	0.0	0.36565626	0.0	0.0	0.0	0.0	0.09551617	0.0	0.0	0.0	0.0	0.14149994	0.0	0.51313287	0.0	0.0	0.41359958	0.0	0.0
0.0	0.15835474	0.0	0.0	0.0	0.0	0.012433174	0.0	0.0	0.0	0.0	0.0	0.0	0.0	0.31884167	0.0	0.38479352	0.0	0.0	0.070143476	0.0	0.19208455	0.0	0.23616076	0.0	0.0	0.15857358	0.0	0.0	0.24719565	0.33219755	0.0	0.0	0.0	0.0	0.0	0.0	0.0	0.0	0.0	0.2925475	0.4487814	0.0	0.0	0.0	0.0	0.37103018	0.0	0.23261262	0.14766043	0.0	0.0	0.0	0.220183	0.0	0.0	0.0	0.0	0.0	0.391395	0.38552976	0.0	0.0	0.33099172	0.0	0.0	0.08375725	0.2764978	0.0	0.34023282	0.21347469	0.0	0.0	0.0	0.0	0.2633178	0.0	0.0	0.22327483	0.0	0.51558083	0.16040902	0.6023706	0.0	0.35149622	0.0	0.0	0.0	0.0	0.14205688	0.0	0.09185314	0.0	0.0	0.0	0.0	0.5859869	0.0	0.0	0.0	0.25899026	0.0	0.0	0.0	0.5490928	0.12409296	0.0	0.20322335	0.0	0.0	0.3681921	0.0	0.0	0.0	0.0	0.09839467	0.0	0.0	0.0	0.0	0.15124883	0.0	0.52319247	0.0	0.0	0.42467332	0.0	0.0
0.0	0.16716379	0.0	0.0	0.0	0.0	0.039751846	0.0	0.0	0.0	0.0	0.0	0.0	0.0	0.3108598	0.0	0.3931209	0.0	0.0	0.06693238	0.0	0.20807086	0.0	0.23506153	0.0	0.0	0.13726546	0.0	0.0	0.24297647	0.3541541	0.0	0.0	0.0	0.0	0.0	0.0	0.0	0.0	0.0	0.29068568	0.4349045	0.0	0.0	0.0	0.0	0.36301756	0.0	0.25257313	0.15935682	0.0	0.0	0.0	0.21699166	0.0	0.0	0.0	0.0	0.0	0.41024575	0.37445867	0.0	0.0	0.3465949	0.0	0.0	0.08167281	0.2578939	0.0	0.33492807	0.21675855	0.0	0.0	0.0	0.0	0.2641422	0.0	0.0	0.23211662	0.0	0.48594645	0.18302512	0.6193922	0.0	0.3475988	0.0	0.0	0.0	0.0	0.12597887	0.0	0.10640039	0.0	0.0	0.0	0.0	0.58372015	0.0	0.0	0.0	0.2583336	0.0	0.0	0.0	0.5361738	0.10903279	0.0	0.20367678	0.0	0.0	0.3628522	0.0	0.0	0.0	0.0	0.1078876	0.0	0.0	0.0	0.0	0.155897	0.0	0.55018026	0.0	0.0	0.4243908	0.0	0.0
0.0	0.1640711	0.0	0.0	0.0	0.0	0.019904835	0.0	0.0	0.0	0.0	0.0	0.0	0.0	0.31178176	0.0	0.36181894	0.0	0.0	0.06445981	0.0	0.19094904	0.0	0.21867979	0.0	0.0	0.13975276	0.0	0.0	0.24749868	0.336266	0.0	0.0	0.0	0.0	0.0	0.0	0.0	0.0	0.0	0.30183408	0.4182197	0.0	0.0	0.0	0.0	0.3676214	0.0	0.2328722	0.14863247	0.0	0.0	0.0	0.21378861	0.0	0.0	0.0	0.0	0.0	0.39594635	0.3666509	0.0	0.0	0.33201468	0.0	0.0	0.088255055	0.27296367	0.0	0.3258013	0.20954539	0.0	0.0	0.0	0.0	0.2565714	0.0	0.0	0.22399557	0.0	0.47692022	0.14948003	0.5910058	0.0	0.34059593	0.0	0.0	0.0	0.0	0.13700165	0.0	0.09755957	0.0	0.0	0.0	0.0	0.5679345	0.0	0.0	0.0	0.26414794	0.0	0.0	0.0	0.55198365	0.108294584	0.0	0.20560877	0.0	0.0	0.37350333	0.0	0.0	0.0	0.0	0.08990816	0.0	0.0	0.0	0.0	0.14253326	0.0	0.510434	0.0	0.0	0.41532314	0.0	0.0
0.0	0.15958464	0.0	0.0	0.0	0.0	0.020016992	0.0	0.0	0.0	0.0	0.0	0.0	0.0	0.30794066	0.0	0.37070647	0.0	0.0	0.069489785	0.0	0.18581603	0.0	0.21990757	0.0	0.0	0.14589347	0.0	0.0	0.25104913	0.3355132	0.0	0.0	0.0	0.0	0.0	0.0	0.0	0.0	0.0	0.29676235	0.44037154	0.0	0.0	0.0	0.0	0.37340006	0.0	0.23518117	0.14488292	0.0	0.0	0.0	0.21623449	0.0	0.0	0.0	0.0	0.0	0.3906355	0.3749143	0.0	0.0	0.32649532	0.0	0.0	0.076048374	0.27743995	0.0	0.3315046	0.20732202	0.0	0.0	0.0	0.0	0.25959277	0.0	0.0	0.22077452	0.0	0.49838725	0.14991118	0.5931933	0.0	0.35049847	0.0	0.0	0.0	0.0	0.13674457	0.0	0.095292956	0.0	0.0	0.0	0.0	0.5867484	0.0	0.0	0.0	0.25647345	0.0	0.0	0.0	0.55297685	0.1115013	0.0	0.1944546	0.0	0.0	0.3721232	0.0	0.0	0.0	0.0	0.09770163	0.0	0.0	0.0	0.0	0.13720387	0.0	0.5215965	0.0	0.0	0.40947285	0.0	0.0
0.0	0.16535221	0.0	0.0	0.0	0.0	0.01599616	0.0	0.0	0.0	0.0	0.0	0.0	0.0	0.33359155	0.0	0.4065609	0.0	0.0	0.07763352	0.0	0.20730215	0.0	0.24619539	0.0	0.0	0.17569415	0.0	0.0	0.27824548	0.3286648	0.0	0.0	0.0	0.0	0.0	0.0	0.0	0.0	0.0	0.31730214	0.4702703	0.0	0.0	0.0	0.0	0.36963728	0.0	0.2370828	0.14631484	0.0	0.0	0.0	0.23641853	0.0	0.0	0.0	0.0	0.0	0.3927698	0.39811918	0.0	0.0	0.35327184	0.0	0.0	0.077162206	0.2940917	0.0	0.34504056	0.20918107	0.0	0.0	0.0	0.0	0.27147153	0.0	0.0	0.234923	0.0	0.5149203	0.15096962	0.63724136	0.0	0.37129295	0.0	0.0	0.0	0.0	0.14844011	0.0	0.096615635	0.0	0.0	0.0	0.0	0.59796554	0.0	0.0	0.0	0.27013478	0.0	0.0	0.0	0.5671585	0.13045605	0.0	0.2206207	0.0	0.0	0.37642145	0.0	0.0	0.0	0.0	0.09999621	0.0	0.0	0.0	0.0	0.16791557	0.0	0.5517376	0.0	0.0	0.44796002	0.0	0.0
0.0	0.16626254	0.0	0.0	0.0	0.0	0.0040111155	0.0	0.0	0.0	0.0	0.0	0.0	0.0	0.33783042	0.0	0.43717685	0.0	0.0	0.07613953	0.0	0.23630832	0.0	0.21848695	0.0	0.0	0.17424625	0.0	0.0	0.3115689	0.33435717	0.0	0.0	0.0	0.0	0.0	0.0	0.0	0.0	0.0	0.33280396	0.45490316	0.0	0.0	0.0	0.0	0.3955536	0.0	0.27666065	0.22043312	0.0	0.0	0.0	0.22482312	0.0	0.0	0.0	0.0	0.0	0.39688703	0.36089668	0.0	0.0	0.4090837	0.0	0.0	0.11853126	0.30800438	0.0	0.38376644	0.24084513	0.0	0.0	0.0	0.0	0.27190113	0.0	0.0	0.25131556	0.0	0.5069528	0.2080168	0.68133754	0.0	0.34831914	0.0	0.0	0.0	0.0	0.14613153	0.0	0.1179126	0.0	0.0	0.0	0.0	0.5324633	0.0	0.0	0.0	0.26359528	0.0	0.0	0.0	0.5700616	0.15534952	0.0	0.24087793	0.0	0.0	0.3658608	0.0	0.0	0.0	0.0	0.09002987	0.0	0.0	0.0	0.0	0.17606646	0.0	0.55687785	0.0	0.0	0.44273317	0.0	0.0
0.0	0.17441517	0.0	0.0	0.0	0.0	0.024717435	0.0	0.0	0.0	0.0	0.0	0.0	0.0	0.3022875	0.0	0.38111177	0.0	0.0	0.08124586	0.0	0.18388999	0.0	0.22594206	0.0	0.0	0.15127806	0.0	0.0	0.26390564	0.32395616	0.0	0.0	0.0	0.0	0.0	0.0	0.0	0.0	0.0	0.303705	0.45342168	0.0	0.0	0.0	0.0	0.36929044	0.0	0.23961592	0.14614135	0.0	0.0	0.0	0.21776618	0.0	0.0	0.0	0.0	0.0	0.38874316	0.38986984	0.0	0.0	0.3218755	0.0	0.0	0.078242086	0.2871407	0.0	0.33277324	0.20659669	0.0	0.0	0.0	0.0	0.2597752	0.0	0.0	0.22142561	0.0	0.4928337	0.14241707	0.60615116	0.0	0.36697063	0.0	0.0	0.0	0.0	0.14011076	0.0	0.092815965	0.0	0.0	0.0	0.0	0.57896936	0.0	0.0	0.0	0.26854226	0.0	0.0	0.0	0.55529475	0.1175682	0.0	0.20343377	0.0	0.0	0.37892103	0.0	0.0	0.0	0.0	0.10613882	0.0	0.0	0.0	0.0	0.13960184	0.0	0.53776234	0.0	0.0	0.42225495	0.0	0.0
0.0	0.17273752	0.0	0.0	0.0	0.0	0.022555346	0.0	0.0	0.0	0.0	0.0	0.0	0.0	0.31462917	0.0	0.39380375	0.0	0.0	0.07814333	0.0	0.18879831	0.0	0.23857899	0.0	0.0	0.15814565	0.0	0.0	0.25594422	0.3262454	0.0	0.0	0.0	0.0	0.0	0.0	0.0	0.0	0.0	0.2944412	0.46072707	0.0	0.0	0.0	0.0	0.37627384	0.0	0.2342859	0.14170663	0.0	0.0	0.0	0.21800773	0.0	0.0	0.0	0.0	0.0	0.3934889	0.39430976	0.0	0.0	0.3348788	0.0	0.0	0.0770533	0.28069302	0.0	0.33956847	0.20448524	0.0	0.0	0.0	0.0	0.26598445	0.0	0.0	0.22595757	0.0	0.50494385	0.15308525	0.6129819	0.0	0.36489844	0.0	0.0	0.0	0.0	0.14223944	0.0	0.093986176	0.0	0.0	0.0	0.0	0.5954323	0.0	0.0	0.0	0.2638174	0.0	0.0	0.0	0.5480614	0.12025835	0.0	0.20972323	0.0	0.0	0.3782328	0.0	0.0	0.0	0.0	0.106122814	0.0	0.0	0.0	0.0	0.14758381	0.0	0.5393436	0.0	0.0	0.4280444	0.0	0.0
0.0	0.15885353	0.0	0.0	0.0	0.0	0.01372736	0.0	0.0	0.0	0.0	0.0	0.0	0.0	0.32239974	0.0	0.38737246	0.0	0.0	0.07603813	0.0	0.1924157	0.0	0.23077299	0.0	0.0	0.16185863	0.0	0.0	0.26562712	0.3289505	0.0	0.0	0.0	0.0	0.0	0.0	0.0	0.0	0.0	0.3077383	0.45274463	0.0	0.0	0.0	0.0	0.38130248	0.0	0.23305638	0.15364505	0.0	0.0	0.0	0.22243512	0.0	0.0	0.0	0.0	0.0	0.3921939	0.38507167	0.0	0.0	0.3318312	0.0	0.0	0.088646	0.2879702	0.0	0.34268442	0.20997281	0.0	0.0	0.0	0.0	0.264272	0.0	0.0	0.22083545	0.0	0.514663	0.15754126	0.608295	0.0	0.35975942	0.0	0.0	0.0	0.0	0.1430703	0.0	0.09715816	0.0	0.0	0.0	0.0	0.5804108	0.0	0.0	0.0	0.2632419	0.0	0.0	0.0	0.55400515	0.123578526	0.0	0.2049352	0.0	0.0	0.3776456	0.0	0.0	0.0	0.0	0.0954194	0.0	0.0	0.0	0.0	0.1467303	0.0	0.52681196	0.0	0.0	0.4259952	0.0	0.0
0.0	0.17085464	0.0	0.0	0.0	0.0	0.027189298	0.0	0.0	0.0	0.0	0.0	0.0	0.0	0.3085723	0.0	0.3825338	0.0	0.0	0.07707585	0.0	0.1828358	0.0	0.23280531	0.0	0.0	0.14906482	0.0	0.0	0.25871003	0.32825682	0.0	0.0	0.0	0.0	0.0	0.0	0.0	0.0	0.0	0.2992591	0.45478538	0.0	0.0	0.0	0.0	0.3695521	0.0	0.23010921	0.13652343	0.0	0.0	0.0	0.21716636	0.0	0.0	0.0	0.0	0.0	0.38895726	0.39381686	0.0	0.0	0.32583264	0.0	0.0	0.072659604	0.28587654	0.0	0.33309916	0.2016979	0.0	0.0	0.0	0.0	0.26531565	0.0	0.0	0.21953428	0.0	0.50266594	0.14109863	0.604484	0.0	0.36148047	0.0	0.0	0.0	0.0	0.14057314	0.0	0.09286666	0.0	0.0	0.0	0.0	0.59134555	0.0	0.0	0.0	0.26498845	0.0	0.0	0.0	0.55086106	0.11275693	0.0	0.20274474	0.0	0.0	0.38157558	0.0	0.0	0.0	0.0	0.10264184	0.0	0.0	0.0	0.0	0.1481951	0.0	0.5350134	0.0	0.0	0.4208331	0.0	0.0
0.0	0.16384447	0.0	0.0	0.0	0.0	0.030519465	0.0	0.0	0.0	0.0	0.0	0.0	0.0	0.34534726	0.0	0.42899546	0.0	0.0	0.0827573	0.0	0.22069705	0.0	0.2341568	0.0	0.0	0.17715709	0.0	0.0	0.29460672	0.34719762	0.0	0.0	0.0	0.0	0.0	0.0	0.0	0.0	0.0	0.32426223	0.47566667	0.0	0.0	0.0	0.0	0.39095855	0.0	0.25974938	0.17790043	0.0	0.0	0.0	0.23657018	0.0	0.0	0.0	0.0	0.0	0.4132974	0.3875436	0.0	0.0	0.37884462	0.0	0.0	0.096720345	0.29155627	0.0	0.37209356	0.2242022	0.0	0.0	0.0	0.0	0.27619997	0.0	0.0	0.24217474	0.0	0.5187306	0.19361676	0.6690269	0.0	0.35909963	0.0	0.0	0.0	0.0	0.15150899	0.0	0.11477313	0.0	0.0	0.0	0.0	0.57878304	0.0	0.0	0.0	0.27326837	0.0	0.0	0.0	0.5677354	0.14191172	0.0	0.23525977	0.0	0.0	0.36408684	0.0	0.0	0.0	0.0	0.089343786	0.0	0.0	0.0	0.0	0.16882092	0.0	0.561687	0.0	0.0	0.46269223	0.0	0.0
0.0	0.1829269	0.0	0.0	0.0	0.0	0.026099807	0.0	0.0	0.0	0.0	0.0	0.0	0.0	0.32824194	0.0	0.41776976	0.0	0.0	0.08351699	0.0	0.19528246	0.0	0.25433317	0.0	0.0	0.17949116	0.0	0.0	0.28179154	0.3188822	0.0	0.0	0.0	0.0	0.0	0.0	0.0	0.0	0.0	0.30934545	0.49346527	0.0	0.0	0.0	0.0	0.37370595	0.0	0.23855145	0.13714464	0.0	0.0	0.0	0.237521	0.0	0.0	0.0	0.0	0.0	0.39178312	0.42403528	0.0	0.0	0.355481	0.0	0.0	0.07345843	0.3023825	0.0	0.34830007	0.19980228	0.0	0.0	0.0	0.0	0.2757541	0.0	0.0	0.24144351	0.0	0.5212727	0.14932922	0.65287673	0.0	0.3836334	0.0	0.0	0.0	0.0	0.15952669	0.0	0.0943448	0.0	0.0	0.0	0.0	0.60472363	0.0	0.0	0.0	0.2829481	0.0	0.0	0.0	0.5753355	0.13502017	0.0	0.23858501	0.0	0.0	0.38620457	0.0	0.0	0.0	0.0	0.10472098	0.0	0.0	0.0	0.0	0.16137236	0.0	0.5623484	0.0	0.0	0.45012054	0.0	0.0
0.0	0.15598585	0.0	0.0	0.0	0.0	0.020380748	0.0	0.0	0.0	0.0	0.0	0.0	0.0	0.30151823	0.0	0.3687612	0.0	0.0	0.06742995	0.0	0.18432386	0.0	0.22178377	0.0	0.0	0.1402889	0.0	0.0	0.24438393	0.33568707	0.0	0.0	0.0	0.0	0.0	0.0	0.0	0.0	0.0	0.28785715	0.43713188	0.0	0.0	0.0	0.0	0.37028232	0.0	0.232731	0.14858511	0.0	0.0	0.0	0.20853591	0.0	0.0	0.0	0.0	0.0	0.3926022	0.37143776	0.0	0.0	0.31762713	0.0	0.0	0.09259549	0.27068272	0.0	0.33048567	0.21281226	0.0	0.0	0.0	0.0	0.2540895	0.0	0.0	0.21738718	0.0	0.4972577	0.159959	0.58771443	0.0	0.34117743	0.0	0.0	0.0	0.0	0.13275439	0.0	0.09450611	0.0	0.0	0.0	0.0	0.5760565	0.0	0.0	0.0	0.25334933	0.0	0.0	0.0	0.54068154	0.11030773	0.0	0.20249975	0.0	0.0	0.37425438	0.0	0.0	0.0	0.0	0.09883446	0.0	0.0	0.0	0.0	0.13500495	0.0	0.5183301	0.0	0.0	0.413541	0.0	0.0
0.0	0.17539382	0.0	0.0	0.0	0.0	0.02389005	0.0	0.0	0.0	0.0	0.0	0.0	0.0	0.3031259	0.0	0.39028302	0.0	0.0	0.07901486	0.0	0.18698812	0.0	0.23224466	0.0	0.0	0.1471719	0.0	0.0	0.26192942	0.31759104	0.0	0.0	0.0	0.0	0.0	0.0	0.0	0.0	0.0	0.296791	0.4472846	0.0	0.0	0.0	0.0	0.37162912	0.0	0.22561526	0.14355616	0.0	0.0	0.0	0.2090857	0.0	0.0	0.0	0.0	0.0	0.38422325	0.39254794	0.0	0.0	0.3247693	0.0	0.0	0.08309039	0.28543487	0.0	0.33199343	0.20542234	0.0	0.0	0.0	0.0	0.26085296	0.0	0.0	0.22287796	0.0	0.48981762	0.1396199	0.6077214	0.0	0.3684943	0.0	0.0	0.0	0.0	0.13566059	0.0	0.088288754	0.0	0.0	0.0	0.0	0.58943504	0.0	0.0	0.0	0.26891688	0.0	0.0	0.0	0.54679745	0.10859414	0.0	0.21577068	0.0	0.0	0.3976113	0.0	0.0	0.0	0.0	0.104323685	0.0	0.0	0.0	0.0	0.14710914	0.0	0.5433474	0.0	0.0	0.4189236	0.0	0.0
0.0	0.17270805	0.0	0.0	0.0	0.0	0.0053332658	0.0	0.0	0.0	0.0	0.0	0.0	0.0	0.3375527	0.0	0.45319936	0.0	0.0	0.077205956	0.0	0.24249823	0.0	0.22663194	0.0	0.0	0.17141736	0.0	0.0	0.32984337	0.3326048	0.0	0.0	0.0	0.0	0.0	0.0	0.0	0.0	0.0	0.35726377	0.44825158	0.0	0.0	0.0	0.0	0.40053132	0.0	0.28152004	0.21305221	0.0	0.0	0.0	0.23334561	0.0	0.0	0.0	0.0	0.0	0.387926	0.3797969	0.0	0.0	0.42809868	0.0	0.0	0.10748657	0.3136072	0.0	0.38926423	0.23909307	0.0	0.0	0.0	0.0	0.2840406	0.0	0.0	0.26952222	0.0	0.5027077	0.19182687	0.7020004	0.0	0.38421333	0.0	0.0	0.0	0.0	0.15817334	0.0	0.11609312	0.0	0.0	0.0	0.0	0.5585248	0.0	0.0	0.0	0.28426564	0.0	0.0	0.0	0.60074615	0.14995278	0.0	0.2442507	0.0	0.0	0.38735092	0.0	0.0	0.0	0.0	0.08852001	0.0	0.0	0.0	0.0	0.18149118	0.0	0.5770107	0.0	0.0	0.4467689	0.0	0.0
0.0	0.1519343	0.0	0.0	0.0	0.0	0.046925973	0.0	0.0	0.0	0.0	0.0	0.0	0.0	0.32465273	0.0	0.4094925	0.0	0.0	0.0686393	0.0	0.22741465	0.0	0.2300181	0.0	0.0	0.15335536	0.0	0.0	0.26896504	0.35992894	0.0	0.0	0.0	0.0	0.0	0.0	0.0	0.0	0.0	0.3221059	0.44347087	0.0	0.0	0.0	0.0	0.3783631	0.0	0.26904908	0.18226677	0.0	0.0	0.0	0.23356724	0.0	0.0	0.0	0.0	0.0	0.4075328	0.3821993	0.0	0.0	0.3671135	0.0	0.0	0.09612611	0.27507588	0.0	0.35582575	0.22901064	0.0	0.0	0.0	0.0	0.26863316	0.0	0.0	0.23606415	0.0	0.50510633	0.18853696	0.6433483	0.0	0.35533944	0.0	0.0	0.0	0.0	0.14021437	0.0	0.109657764	0.0	0.0	0.0	0.0	0.56974334	0.0	0.0	0.0	0.2667101	0.0	0.0	0.0	0.56523514	0.11401866	0.0	0.2222069	0.0	0.0	0.3665036	0.0	0.0	0.0	0.0	0.093255855	0.0	0.0	0.0	0.0	0.16593824	0.0	0.5472217	0.0	0.0	0.44582152	0.0	0.0
0.0	0.11610055	0.0	0.0	0.0	0.0	0.07245455	0.0	0.0	0.0	0.0	0.0	0.0	0.0	0.28586015	0.0	0.33196273	0.0	0.0	0.05287339	0.0	0.20860553	0.0	0.21363159	0.0	0.0	0.081146695	0.0	0.0	0.16625935	0.3728023	0.0	0.0	0.0	0.0	0.0	0.0	0.0	0.0	0.0	0.23654251	0.34252143	0.0	0.0	0.0	0.0	0.34808123	0.0	0.22278257	0.17406452	0.0	0.0	0.0	0.17238505	0.0	0.0	0.0	0.0	0.0	0.3961406	0.3010179	0.0	0.0	0.25503796	0.0	0.0	0.11115696	0.20324075	0.0	0.3064042	0.21712904	0.0	0.0	0.0	0.0	0.24953783	0.0	0.0	0.15746272	0.0	0.47345257	0.21689332	0.48894915	0.0	0.28974476	0.0	0.0	0.0	0.0	0.09042853	0.0	0.107329614	0.0	0.0	0.0	0.0	0.52344316	0.0	0.0	0.0	0.22716682	0.0	0.0	0.0	0.46920896	0.063631795	0.0	0.14712393	0.0	0.0	0.33104625	0.0	0.0018785987	0.0	0.0	0.08840612	0.0	0.0	0.0	0.0	0.121441744	0.0	0.46680725	0.0	0.0	0.38844433	0.0	0.0
0.0	0.13739717	0.0	0.0	0.0	0.0	0.08841386	0.0	0.0	0.0	0.0	0.0	0.0	0.0	0.27451345	0.0	0.35042644	0.0	0.0	0.06830801	0.0	0.20011698	0.0	0.22361858	0.0	0.0	0.08125941	0.0	0.0	0.18092258	0.37624803	0.0	0.0	0.0	0.0	0.0	0.0	0.0	0.0	0.0	0.2462488	0.35902128	0.0	0.0	0.0	0.0	0.34635445	0.0	0.24836643	0.16803856	0.0	0.0	0.0	0.1778363	0.0	0.0	0.0	0.0	0.0	0.41676363	0.3117693	0.0	0.0	0.27330324	0.0	0.0	0.10384703	0.20929702	0.0	0.3125807	0.22503476	0.0	0.0	0.0	0.0	0.26318318	0.0	0.0	0.17810793	0.0	0.45837975	0.21744521	0.516604	0.0	0.30224922	0.0	0.0	0.0	0.0	0.084739864	0.0	0.11308686	0.0	0.0	0.0	0.0	0.54387206	0.0	0.0	0.0	0.23498778	0.0	0.0	0.0	0.47073707	0.05584575	0.0	0.14836918	0.0	0.0	0.33817843	0.0	0.0023957833	0.0	0.0	0.10400778	0.0	0.0	0.0	0.0	0.11807386	0.0	0.5136257	0.0	0.0	0.3978239	0.0	0.0
0.0	0.13066538	0.0	0.0	0.0	0.0	0.07298569	0.0	0.0	0.0	0.0	0.0	0.0	0.0	0.26228377	0.0	0.32475695	0.0	0.0	0.053001408	0.0	0.20583923	0.0	0.21101737	0.0	0.0	0.06768351	0.0	0.0	0.15837255	0.3754414	0.0	0.0	0.0	0.0	0.0	0.0	0.0	0.0	0.0	0.22786053	0.33792138	0.0	0.0	0.0	0.0	0.343191	0.0	0.24104255	0.1679294	0.0	0.0	0.0	0.16769437	0.0	0.0	0.0	0.0	0.0	0.40186337	0.30042785	0.0	0.0	0.25518465	0.0	0.0	0.10864296	0.19758694	0.0	0.29605052	0.2202606	0.0	0.0	0.0	0.0	0.24349529	0.0	0.0	0.16788115	0.0	0.44930425	0.21248662	0.49940133	0.0	0.2859842	0.0	0.0	0.0	0.0	0.0774286	0.0	0.104582034	0.0	0.0	0.0	0.0	0.53064847	0.0	0.0	0.0	0.22388804	0.0	0.0	0.0	0.45703062	0.04355715	0.0	0.13868023	0.0	0.0	0.33695456	0.0	0.0037304927	0.0	0.0	0.10139471	0.0	0.0	0.0	0.0	0.11926428	0.0	0.4840896	0.0	0.0	0.38107395	0.0	0.0
0.0	0.13532113	0.0	0.0	0.0	0.0	0.067879595	0.0	0.0	0.0	0.0	0.0	0.0	0.0	0.28619656	0.0	0.35057113	0.0	0.0	0.06277867	0.0	0.20820975	0.0	0.21643329	0.0	0.0	0.09079977	0.0	0.0	0.18991284	0.37546182	0.0	0.0	0.0	0.0	0.0	0.0	0.0	0.0	0.0	0.24594893	0.3723588	0.0	0.0	0.0	0.0	0.35594645	0.0	0.24364574	0.170489	0.0	0.0	0.0	0.18771066	0.0	0.0	0.0	0.0	0.0	0.40263447	0.3217371	0.0	0.0	0.28362963	0.0	0.0	0.102151394	0.21727692	0.0	0.31866935	0.22657816	0.0	0.0	0.0	0.0	0.25315082	0.0	0.0	0.18074404	0.0	0.47182584	0.21179116	0.53316194	0.0	0.30074397	0.0	0.0	0.0	0.0	0.09339724	0.0	0.10315213	0.0	0.0	0.0	0.0	0.54890704	0.0	0.0	0.0	0.23181315	0.0	0.0	0.0	0.4876571	0.072161146	0.0	0.15031378	0.0	0.0	0.33266675	0.0	0.0	0.0	0.0	0.09821328	0.0	0.0	0.0	0.0	0.12833427	0.0	0.50194067	0.0	0.0	0.40207064	0.0	0.0
0.0	0.1363522	0.0	0.0	0.0	0.0	0.055551212	0.0	0.0	0.0	0.0	0.0	0.0	0.0	0.2974092	0.0	0.352782	0.0	0.0	0.05425571	0.0	0.19746192	0.0	0.21921448	0.0	0.0	0.10879385	0.0	0.0	0.19859461	0.3720498	0.0	0.0	0.0	0.0	0.0	0.0	0.0	0.0	0.0	0.2510677	0.39082345	0.0	0.0	0.0	0.0	0.35452795	0.0	0.24232101	0.16888003	0.0	0.0	0.0	0.204202	0.0	0.0	0.0	0.0	0.0	0.40020943	0.33756098	0.0	0.0	0.30012345	0.0	0.0	0.102300115	0.22471376	0.0	0.3291904	0.22452764	0.0	0.0	0.0	0.0	0.25796068	0.0	0.0	0.19162951	0.0	0.4875648	0.20016997	0.549926	0.0	0.3044162	0.0	0.0	0.0	0.0	0.10657241	0.0	0.09854251	0.0	0.0	0.0	0.0	0.55696744	0.0	0.0	0.0	0.24264382	0.0	0.0	0.0	0.50061387	0.09235221	0.0	0.1716009	0.0	0.0	0.3377552	0.0	0.0	0.0	0.0	0.10073932	0.0	0.0	0.0	0.0	0.13617408	0.0	0.5019157	0.0	0.0	0.40607965	0.0	0.0
0.0	0.1326133	0.0	0.0	0.0	0.0	0.067809336	0.0	0.0	0.0	0.0	0.0	0.0	0.0	0.27609792	0.0	0.33480558	0.0	0.0	0.059163183	0.0	0.20700164	0.0	0.20921242	0.0	0.0	0.08473333	0.0	0.0	0.18316431	0.3800579	0.0	0.0	0.0	0.0	0.0	0.0	0.0	0.0	0.0	0.24908805	0.36253718	0.0	0.0	0.0	0.0	0.35435292	0.0	0.24685805	0.17287414	0.0	0.0	0.0	0.19068654	0.0	0.0	0.0	0.0	0.0	0.4056089	0.30947468	0.0	0.0	0.2805065	0.0	0.0	0.10477036	0.21765278	0.0	0.31252143	0.22769284	0.0	0.0	0.0	0.0	0.24646866	0.0	0.0	0.17888892	0.0	0.46440384	0.20987253	0.5242463	0.0	0.2928789	0.0	0.0	0.0	0.0	0.09063312	0.0	0.10544095	0.0	0.0	0.0	0.0	0.53483945	0.0	0.0	0.0	0.23058516	0.0	0.0	0.0	0.48084387	0.066923074	0.0	0.15154898	0.0	0.0	0.3385551	0.0	0.0	0.0	0.0	0.097352825	0.0	0.0	0.0	0.0	0.124094754	0.0	0.49369058	0.0	0.0	0.39380464	0.0	0.0
0.0	0.13296239	0.0	0.0	0.0	0.0	0.05492373	0.0	0.0	0.0	0.0	0.0	0.0	0.0	0.2751474	0.0	0.34017777	0.0	0.0	0.05992107	0.0	0.2004381	0.0	0.21092702	0.0	0.0	0.091412984	0.0	0.0	0.19014199	0.3695387	0.0	0.0	0.0	0.0	0.0	0.0	0.0	0.0	0.0	0.24266995	0.38055548	0.0	0.0	0.0	0.0	0.35761762	0.0	0.24619912	0.17155921	0.0	0.0	0.0	0.18664993	0.0	0.0	0.0	0.0	0.0	0.40508774	0.32349283	0.0	0.0	0.27754596	0.0	0.0	0.11405128	0.21972	0.0	0.32128814	0.22836499	0.0	0.0	0.0	0.0	0.24803348	0.0	0.0	0.18357056	0.0	0.47342744	0.21210013	0.5304218	0.0	0.29540136	0.0	0.0	0.0	0.0	0.09082488	0.0	0.09978509	0.0	0.0	0.0	0.0	0.5421373	0.0	0.0	0.0	0.22839226	0.0	0.0	0.0	0.476752	0.076996915	0.0	0.15357137	0.0	0.0	0.3390176	0.0	0.0	0.0	0.0	0.101707876	0.0	0.0	0.0	0.0	0.1212065	0.0	0.4972823	0.0	0.0	0.39377335	0.0	0.0
0.0	0.12261659	0.0	0.0	0.0	0.0	0.06713753	0.0	0.0	0.0	0.0	0.0	0.0	0.0	0.27305344	0.0	0.32941744	0.0	0.0	0.058683056	0.0	0.21916163	0.0	0.19329011	0.0	0.0	0.07175193	0.0	0.0	0.17775832	0.38558492	0.0	0.0	0.0	0.0	0.0	0.0	0.0	0.0	0.0	0.23585403	0.33852315	0.0	0.0	0.0	0.0	0.36759925	0.0	0.25281742	0.19063132	0.0	0.0	0.0	0.18107398	0.0	0.0	0.0	0.0	0.0	0.4083828	0.28933993	0.0	0.0	0.27671322	0.0	0.0	0.12315959	0.20843644	0.0	0.3153263	0.23513396	0.0	0.0	0.0	0.0	0.2431437	0.0	0.0	0.16991307	0.0	0.45909074	0.22692794	0.5165623	0.0	0.27856576	0.0	0.0	0.0	0.0	0.076395	0.0	0.10825194	0.0	0.0	0.0	0.0	0.52454233	0.0	0.0	0.0	0.21942194	0.0	0.0	0.0	0.4702557	0.05846265	0.0	0.13833356	0.0	0.0	0.33867368	0.0	0.0016574605	0.0	0.0	0.08801799	0.0	0.0	0.0	0.0	0.11988326	0.0	0.48304108	0.0	0.0	0.38513002	0.0	0.0
0.0	0.13408585	0.0	0.0	0.0	0.0	0.0722787	0.0	0.0	0.0	0.0	0.0	0.0	0.0	0.27059808	0.0	0.33426347	0.0	0.0	0.05750909	0.0	0.20077455	0.0	0.21784343	0.0	0.0	0.08156476	0.0	0.0	0.1721627	0.37238038	0.0	0.0	0.0	0.0	0.0	0.0	0.0	0.0	0.0	0.23602402	0.35855937	0.0	0.0	0.0	0.0	0.34623015	0.0	0.23715244	0.16146751	0.0	0.0	0.0	0.17849587	0.0	0.0	0.0	0.0	0.0	0.3989279	0.3181943	0.0	0.0	0.26641774	0.0	0.0	0.09977472	0.20977782	0.0	0.30645153	0.2211353	0.0	0.0	0.0	0.0	0.25026408	0.0	0.0	0.17126836	0.0	0.46481428	0.20309788	0.513617	0.0	0.2969656	0.0	0.0	0.0	0.0	0.08759081	0.0	0.09947499	0.0	0.0	0.0	0.0	0.5412561	0.0	0.0	0.0	0.22803853	0.0	0.0	0.0	0.4728911	0.0603558	0.0	0.14304894	0.0	0.0	0.33515143	0.0	0.0008095894	0.0	0.0	0.104665734	0.0	0.0	0.0	0.0	0.12330336	0.0	0.49078104	0.0	0.0	0.38948765	0.0	0.0
0.0	0.12581198	0.0	0.0	0.0	0.0	0.07498435	0.0	0.0	0.0	0.0	0.0	0.0	0.0	0.26025724	0.0	0.3198556	0.0	0.0	0.050737143	0.0	0.20474775	0.0	0.20803921	0.0	0.0	0.06669409	0.0	0.0	0.15553188	0.3812	0.0	0.0	0.0	0.0	0.0	0.0	0.0	0.0	0.0	0.22692788	0.32882246	0.0	0.0	0.0	0.0	0.34625924	0.0	0.23653412	0.16955972	0.0	0.0	0.0	0.16978987	0.0	0.0	0.0	0.0	0.0	0.40059093	0.29332662	0.0	0.0	0.25614175	0.0	0.0	0.111991346	0.19785209	0.0	0.30041382	0.22484298	0.0	0.0	0.0	0.0	0.24716282	0.0	0.0	0.16066183	0.0	0.45312372	0.21269947	0.4908086	0.0	0.28137532	0.0	0.0	0.0	0.0	0.07832221	0.0	0.10554885	0.0	0.0	0.0	0.0	0.5261368	0.0	0.0	0.0	0.22196029	0.0	0.0	0.0	0.46007273	0.04387529	0.0	0.13784136	0.0	0.0	0.33900154	0.0	0.0017491499	0.0	0.0	0.096942246	0.0	0.0	0.0	0.0	0.11652676	0.0	0.476027	0.0	0.0	0.37875596	0.0	0.0
0.0	0.125772	0.0	0.0	0.0	0.0	0.071781404	0.0	0.0	0.0	0.0	0.0	0.0	0.0	0.26142964	0.0	0.31944034	0.0	0.0	0.047492694	0.0	0.1995802	0.0	0.2059291	0.0	0.0	0.0719671	0.0	0.0	0.15814523	0.37554392	0.0	0.0	0.0	0.0	0.0	0.0	0.0	0.0	0.0	0.23157413	0.33648238	0.0	0.0	0.0	0.0	0.34362078	0.0	0.23268808	0.16682504	0.0	0.0	0.0	0.17349432	0.0	0.0	0.0	0.0	0.0	0.39670172	0.29870608	0.0	0.0	0.25423872	0.0	0.0	0.10785786	0.20178373	0.0	0.30218503	0.22501998	0.0	0.0	0.0	0.0	0.2433607	0.0	0.0	0.16264401	0.0	0.4532276	0.20504743	0.49203297	0.0	0.28669217	0.0	0.0	0.0	0.0	0.08311207	0.0	0.10202068	0.0	0.0	0.0	0.0	0.526259	0.0	0.0	0.0	0.2249161	0.0	0.0	0.0	0.46618044	0.04816593	0.0	0.13978536	0.0	0.0	0.3383907	0.0	0.0034053742	0.0	0.0	0.09716367	0.0	0.0	0.0	0.0	0.117574014	0.0	0.47556934	0.0	0.0	0.37837735	0.0	0.0
0.0	0.14448817	0.0	0.0	0.0	0.0	0.086452186	0.0	0.0	0.0	0.0	0.0	0.0	0.0	0.2840433	0.0	0.35486093	0.0	0.0	0.062244143	0.0	0.21110062	0.0	0.23480646	0.0	0.0	0.084412515	0.0	0.0	0.18085773	0.3692124	0.0	0.0	0.0	0.0	0.0	0.0	0.0	0.0	0.0	0.23513365	0.3680719	0.0	0.0	0.0	0.0	0.34569398	0.0	0.24235396	0.16828448	0.0	0.0	0.0	0.17573802	0.0	0.0	0.0	0.0	0.0	0.40314755	0.32323632	0.0	0.0	0.27672935	0.0	0.0	0.098814465	0.207766	0.0	0.30745682	0.21247995	0.0	0.0	0.0	0.0	0.25784287	0.0	0.0	0.17962067	0.0	0.46623325	0.22102492	0.5279241	0.0	0.2991649	0.0	0.0	0.0	0.0	0.08746955	0.0	0.107450515	0.0	0.0	0.0	0.0	0.5432878	0.0	0.0	0.0	0.23795383	0.0	0.0	0.0	0.46518707	0.060976088	0.0	0.15108569	0.0	0.0	0.3413786	0.0	0.0020019158	0.0	0.0	0.10391265	0.0	0.0	0.0	0.0	0.12944846	0.0	0.5140504	0.0	0.0	0.40233847	0.0	0.0
0.0	0.13306908	0.0	0.0	0.0	0.0	0.049704123	0.0	0.0	0.0	0.0	0.0	0.0	0.0	0.27440432	0.0	0.32789102	0.0	0.0	0.053973105	0.0	0.1906298	0.0	0.21513821	0.0	0.0	0.08676993	0.0	0.0	0.17466395	0.3635726	0.0	0.0	0.0	0.0	0.0	0.0	0.0	0.0	0.0	0.23950517	0.3639656	0.0	0.0	0.0	0.0	0.34789982	0.0	0.22822255	0.15797858	0.0	0.0	0.0	0.18188225	0.0	0.0	0.0	0.0	0.0	0.394215	0.32429525	0.0	0.0	0.2674795	0.0	0.0	0.100871384	0.21569245	0.0	0.30820188	0.22304386	0.0	0.0	0.0	0.0	0.24759348	0.0	0.0	0.17654373	0.0	0.46850953	0.1940582	0.51238394	0.0	0.2980113	0.0	0.0	0.0	0.0	0.09221619	0.0	0.09368045	0.0	0.0	0.0	0.0	0.5489071	0.0	0.0	0.0	0.2260549	0.0	0.0	0.0	0.47931132	0.06968527	0.0	0.14661735	0.0	0.0	0.34121057	0.0	0.0	0.0	0.0	0.10336646	0.0	0.0	0.0	0.0	0.1213443	0.0	0.48314795	0.0	0.0	0.38431278	0.0	0.0
0.0	0.12345079	0.0	0.0	0.0	0.0	0.056605984	0.0	0.0	0.0	0.0	0.0	0.0	0.0	0.30614713	0.0	0.36357823	0.0	0.0	0.07005089	0.0	0.2221384	0.0	0.20810719	0.0	0.0	0.11276466	0.0	0.0	0.21288967	0.37695453	0.0	0.0	0.0	0.0	0.0	0.0	0.0	0.0	0.0	0.27893493	0.3747132	0.0	0.0	0.0	0.0	0.37739787	0.0	0.26440868	0.19983093	0.0	0.0	0.0	0.20250638	0.0	0.0	0.0	0.0	0.0	0.41848204	0.32309422	0.0	0.0	0.29908893	0.0	0.0	0.12269195	0.23982112	0.0	0.3307282	0.23965383	0.0	0.0	0.0	0.0	0.25272238	0.0	0.0	0.18975668	0.0	0.4855946	0.23337774	0.55145127	0.0	0.3091611	0.0	0.0	0.0	0.0	0.1025334	0.0	0.113443516	0.0	0.0	0.0	0.0	0.52942675	0.0	0.0	0.0	0.24249612	0.0	0.0	0.0	0.49850217	0.08198119	0.0	0.15668051	0.0	0.0	0.3386624	0.0	0.0	0.0	0.0	0.08582557	0.0	0.0	0.0	0.0	0.12896691	0.0	0.5012257	0.0	0.0	0.41381884	0.0	0.0
0.0	0.13753061	0.0	0.0	0.0	0.0	0.0784692	0.0	0.0	0.0	0.0	0.0	0.0	0.0	0.29387257	0.0	0.35964164	0.0	0.0	0.06523073	0.0	0.21684654	0.0	0.22711922	0.0	0.0	0.085976444	0.0	0.0	0.1899875	0.37417898	0.0	0.0	0.0	0.0	0.0	0.0	0.0	0.0	0.0	0.2403692	0.37127864	0.0	0.0	0.0	0.0	0.35676798	0.0	0.24395831	0.17754887	0.0	0.0	0.0	0.18269168	0.0	0.0	0.0	0.0	0.0	0.4048859	0.31920683	0.0	0.0	0.2870692	0.0	0.0	0.10393387	0.21193846	0.0	0.3178037	0.21761988	0.0	0.0	0.0	0.0	0.2592254	0.0	0.0	0.17956032	0.0	0.47548738	0.2255071	0.5328598	0.0	0.29608953	0.0	0.0	0.0	0.0	0.09130627	0.0	0.10642939	0.0	0.0	0.0	0.0	0.54363567	0.0	0.0	0.0	0.23452894	0.0	0.0	0.0	0.47358564	0.07070369	0.0	0.15101068	0.0	0.0	0.3381478	0.0	0.00038215457	0.0	0.0	0.096630596	0.0	0.0	0.0	0.0	0.13096122	0.0	0.5084763	0.0	0.0	0.40725496	0.0	0.0
0.0	0.12912248	0.0	0.0	0.0	0.0	0.07180849	0.0	0.0	0.0	0.0	0.0	0.0	0.0	0.2958976	0.0	0.35941625	0.0	0.0	0.0669492	0.0	0.22230868	0.0	0.20694609	0.0	0.0	0.09046311	0.0	0.0	0.20023458	0.38710454	0.0	0.0	0.0	0.0	0.0	0.0	0.0	0.0	0.0	0.25141624	0.36924753	0.0	0.0	0.0	0.0	0.37196484	0.0	0.26126757	0.20206665	0.0	0.0	0.0	0.19383462	0.0	0.0	0.0	0.0	0.0	0.41453394	0.3091798	0.0	0.0	0.29533085	0.0	0.0	0.12314614	0.21610332	0.0	0.3336358	0.23225796	0.0	0.0	0.0	0.0	0.25594428	0.0	0.0	0.18198264	0.0	0.4798983	0.24205184	0.54874206	0.0	0.28962785	0.0	0.0	0.0	0.0	0.0893304	0.0	0.11389234	0.0	0.0	0.0	0.0	0.5331138	0.0	0.0	0.0	0.2321431	0.0	0.0	0.0	0.4810786	0.076724686	0.0	0.14981034	0.0	0.0	0.3296485	0.0	0.0021843954	0.0	0.0	0.089945495	0.0	0.0	0.0	0.0	0.13028426	0.0	0.5062185	0.0	0.0	0.4094782	0.0	0.0
0.0	0.13146819	0.0	0.0	0.0	0.0	0.06951424	0.0	0.0	0.0	0.0	0.0	0.0	0.0	0.28644368	0.0	0.35120976	0.0	0.0	0.06518733	0.0	0.21954907	0.0	0.2075847	0.0	0.0	0.09072316	0.0	0.0	0.1941669	0.37856603	0.0	0.0	0.0	0.0	0.0	0.0	0.0	0.0	0.0	0.24942978	0.36821315	0.0	0.0	0.0	0.0	0.3649777	0.0	0.24927025	0.17993169	0.0	0.0	0.0	0.18933906	0.0	0.0	0.0	0.0	0.0	0.405388	0.31406817	0.0	0.0	0.28710437	0.0	0.0	0.10854528	0.21997412	0.0	0.32118976	0.23054534	0.0	0.0	0.0	0.0	0.25047103	0.0	0.0	0.17922528	0.0	0.47329637	0.22057797	0.53805375	0.0	0.29654464	0.0	0.0	0.0	0.0	0.091347955	0.0	0.10674777	0.0	0.0	0.0	0.0	0.54095054	0.0	0.0	0.0	0.23192795	0.0	0.0	0.0	0.48863468	0.071494766	0.0	0.15008555	0.0	0.0	0.33523932	0.0	0.00035322644	0.0	0.0	0.091171026	0.0	0.0	0.0	0.0	0.13083847	0.0	0.501864	0.0	0.0	0.40373847	0.0	0.0
0.0	0.12436414	0.0	0.0	0.0	0.0	0.05430902	0.0	0.0	0.0	0.0	0.0	0.0	0.0	0.28021696	0.0	0.33531508	0.0	0.0	0.058540147	0.0	0.20774229	0.0	0.20157976	0.0	0.0	0.08115047	0.0	0.0	0.18448846	0.37783852	0.0	0.0	0.0	0.0	0.0	0.0	0.0	0.0	0.0	0.24253683	0.35505426	0.0	0.0	0.0	0.0	0.3657557	0.0	0.24907787	0.18596055	0.0	0.0	0.0	0.18231338	0.0	0.0	0.0	0.0	0.0	0.40618804	0.30514127	0.0	0.0	0.27541235	0.0	0.0	0.12322732	0.2122641	0.0	0.31971717	0.23252328	0.0	0.0	0.0	0.0	0.24692921	0.0	0.0	0.17424347	0.0	0.4693563	0.2244472	0.51896596	0.0	0.2828723	0.0	0.0	0.0	0.0	0.08353556	0.0	0.10454465	0.0	0.0	0.0	0.0	0.5302954	0.0	0.0	0.0	0.22447677	0.0	0.0	0.0	0.47203732	0.06892603	0.0	0.14402843	0.0	0.0	0.33453104	0.0	0.0008023077	0.0	0.0	0.092313945	0.0	0.0	0.0	0.0	0.11909529	0.0	0.48402312	0.0	0.0	0.3917295	0.0	0.0
0.0	0.13740146	0.0	0.0	0.0	0.0	0.053492863	0.0	0.0	0.0	0.0	0.0	0.0	0.0	0.29340044	0.0	0.35122672	0.0	0.0	0.05934752	0.0	0.2098518	0.0	0.21966316	0.0	0.0	0.10310435	0.0	0.0	0.19817488	0.36574185	0.0	0.0	0.0	0.0	0.0	0.0	0.0	0.0	0.0	0.25337058	0.3874427	0.0	0.0	0.0	0.0	0.3529632	0.0	0.2392395	0.16829367	0.0	0.0	0.0	0.1941113	0.0	0.0	0.0	0.0	0.0	0.40206185	0.33214033	0.0	0.0	0.29036394	0.0	0.0	0.099197865	0.22951508	0.0	0.31885967	0.22188361	0.0	0.0	0.0	0.0	0.25342584	0.0	0.0	0.18915927	0.0	0.48161182	0.20236032	0.5440761	0.0	0.30447137	0.0	0.0	0.0	0.0	0.10228369	0.0	0.096842796	0.0	0.0	0.0	0.0	0.55005187	0.0	0.0	0.0	0.23800075	0.0	0.0	0.0	0.4944748	0.08298669	0.0	0.16239686	0.0	0.0	0.34329382	0.0	0.0	0.0	0.0	0.096326105	0.0	0.0	0.0	0.0	0.13485874	0.0	0.50336367	0.0	0.0	0.40343842	0.0	0.0
0.0	0.15766813	0.0	0.0	0.0	0.0	0.10578828	0.0	0.0	0.0	0.0	0.0	0.0	0.0	0.3112652	0.0	0.38824305	0.0	0.0	0.06404895	0.0	0.22963025	0.0	0.24920881	0.0	0.0	0.09167749	0.0	0.0	0.19726574	0.3845881	0.0	0.0	0.0	0.0	0.0	0.0	0.0	0.0	0.0	0.24148816	0.38064957	0.0	0.0	0.0	0.0	0.36075148	0.0	0.25858727	0.18559456	0.0	0.0	0.0	0.19120635	0.0	0.0	0.0	0.0	0.0	0.40361914	0.33157632	0.0	0.0	0.3123262	0.0	0.0	0.092447646	0.19718371	0.0	0.3205569	0.20230448	0.0	0.0	0.0	0.0	0.27219397	0.0	0.0	0.19274767	0.0	0.47525764	0.23589964	0.56624526	0.0	0.30885893	0.0	0.0	0.0	0.0	0.09567688	0.0	0.117665686	0.0	0.0	0.0	0.0	0.5538469	0.0	0.0	0.0	0.25778297	0.0	0.0	0.0	0.4759744	0.0706121	0.0	0.1710909	0.0	0.0	0.33361173	0.0	0.0065823514	0.0	0.0	0.099980034	0.0	0.0	0.0	0.0	0.14280437	0.0	0.5410164	0.0	0.0	0.4264225	0.0	0.0
0.0	0.1346159	0.0	0.0	0.0	0.0	0.097181	0.0	0.0	0.0	0.0	0.0	0.0	0.0	0.27800438	0.0	0.34890214	0.0	0.0	0.060394537	0.0	0.2146635	0.0	0.22363691	0.0	0.0	0.07330509	0.0	0.0	0.1668125	0.3831049	0.0	0.0	0.0	0.0	0.0	0.0	0.0	0.0	0.0	0.22666688	0.3439091	0.0	0.0	0.0	0.0	0.35280874	0.0	0.24999309	0.17843308	0.0	0.0	0.0	0.17085242	0.0	0.0	0.0	0.0	0.0	0.41102028	0.30083916	0.0	0.0	0.26956436	0.0	0.0	0.10782639	0.19254565	0.0	0.30930817	0.21829464	0.0	0.0	0.0	0.0	0.25583458	0.0	0.0	0.16940999	0.0	0.45842132	0.23463345	0.5118193	0.0	0.28819	0.0	0.0	0.0	0.0	0.08042274	0.0	0.11829039	0.0	0.0	0.0	0.0	0.53521913	0.0	0.0	0.0	0.23427725	0.0	0.0	0.0	0.45651767	0.045666605	0.0	0.14840351	0.0	0.0	0.33441594	0.0	0.008681794	0.0	0.0	0.09783089	0.0	0.0	0.0	0.0	0.122787975	0.0	0.505058	0.0	0.0	0.39649454	0.0	0.0
0.0	0.13562374	0.0	0.0	0.0	0.0	0.074474335	0.0	0.0	0.0	0.0	0.0	0.0	0.0	0.27643156	0.0	0.3341988	0.0	0.0	0.06503976	0.0	0.21012627	0.0	0.21252482	0.0	0.0	0.07879038	0.0	0.0	0.17625575	0.37386703	0.0	0.0	0.0	0.0	0.0	0.0	0.0	0.0	0.0	0.2553557	0.34538975	0.0	0.0	0.0	0.0	0.35021615	0.0	0.24711394	0.16511738	0.0	0.0	0.0	0.18492846	0.0	0.0	0.0	0.0	0.0	0.4087845	0.30846086	0.0	0.0	0.26481423	0.0	0.0	0.104207896	0.21755028	0.0	0.3016442	0.22804944	0.0	0.0	0.0	0.0	0.24920572	0.0	0.0	0.1730514	0.0	0.4575309	0.20831752	0.5076455	0.0	0.30002162	0.0	0.0	0.0	0.0	0.09037685	0.0	0.10894487	0.0	0.0	0.0	0.0	0.52847797	0.0	0.0	0.0	0.23278157	0.0	0.0	0.0	0.47467676	0.054527372	0.0	0.1370046	0.0	0.0	0.33363962	0.0	6.131766e-05	0.0	0.0	0.09267873	0.0	0.0	0.0	0.0	0.1257902	0.0	0.49019063	0.0	0.0	0.39307913	0.0	0.0
0.0	0.13251913	0.0	0.0	0.0	0.0	0.06520951	0.0	0.0	0.0	0.0	0.0	0.0	0.0	0.2739696	0.0	0.33266315	0.0	0.0	0.05700223	0.0	0.20004861	0.0	0.21334045	0.0	0.0	0.08152755	0.0	0.0	0.17445214	0.373255	0.0	0.0	0.0	0.0	0.0	0.0	0.0	0.0	0.0	0.23890649	0.3590373	0.0	0.0	0.0	0.0	0.35059127	0.0	0.24033289	0.16712625	0.0	0.0	0.0	0.18340342	0.0	0.0	0.0	0.0	0.0	0.4005287	0.3157483	0.0	0.0	0.26921836	0.0	0.0	0.10300841	0.21270292	0.0	0.31127918	0.22452505	0.0	0.0	0.0	0.0	0.24752112	0.0	0.0	0.17396228	0.0	0.4676837	0.20999813	0.51357055	0.0	0.29193226	0.0	0.0	0.0	0.0	0.090483986	0.0	0.10167732	0.0	0.0	0.0	0.0	0.5396812	0.0	0.0	0.0	0.22704415	0.0	0.0	0.0	0.47588643	0.06531835	0.0	0.14686571	0.0	0.0	0.3347861	0.0	0.0	0.0	0.0	0.09957976	0.0	0.0	0.0	0.0	0.120148025	0.0	0.48889804	0.0	0.0	0.389928	0.0	0.0
0.0	0.12066259	0.0	0.0	0.0	0.0	0.06474609	0.0	0.0	0.0	0.0	0.0	0.0	0.0	0.25833842	0.0	0.30788383	0.0	0.0	0.047217358	0.0	0.20256269	0.0	0.20173238	0.0	0.0	0.066625744	0.0	0.0	0.15110528	0.37697783	0.0	0.0	0.0	0.0	0.0	0.0	0.0	0.0	0.0	0.23136325	0.3269889	0.0	0.0	0.0	0.0	0.34049854	0.0	0.23221666	0.16438021	0.0	0.0	0.0	0.17477995	0.0	0.0	0.0	0.0	0.0	0.39582992	0.29380068	0.0	0.0	0.2491123	0.0	0.0	0.11105821	0.20223005	0.0	0.29604772	0.2261064	0.0	0.0	0.0	0.0	0.23864357	0.0	0.0	0.15855931	0.0	0.45455632	0.20105721	0.48602876	0.0	0.28402963	0.0	0.0	0.0	0.0	0.07848705	0.0	0.09933431	0.0	0.0	0.0	0.0	0.5217181	0.0	0.0	0.0	0.21687573	0.0	0.0	0.0	0.4621973	0.046131805	0.0	0.13163875	0.0	0.0	0.33611944	0.0	0.0024731427	0.0	0.0	0.09803208	0.0	0.0	0.0	0.0	0.119573794	0.0	0.46482158	0.0	0.0	0.37183332	0.0	0.0
0.0	0.14096095	0.0	0.0	0.0	0.0	0.09427904	0.0	0.0	0.0	0.0	0.0	0.0	0.0	0.2802876	0.0	0.35354653	0.0	0.0	0.06049266	0.0	0.20550235	0.0	0.2381533	0.0	0.0	0.08036872	0.0	0.0	0.16692741	0.37314224	0.0	0.0	0.0	0.0	0.0	0.0	0.0	0.0	0.0	0.22723538	0.35527277	0.0	0.0	0.0	0.0	0.33983207	0.0	0.2372276	0.1684844	0.0	0.0	0.0	0.17039925	0.0	0.0	0.0	0.0	0.0	0.40566206	0.3145542	0.0	0.0	0.26706958	0.0	0.0	0.09714272	0.19426817	0.0	0.30938625	0.21360011	0.0	0.0	0.0	0.0	0.26219988	0.0	0.0	0.17128271	0.0	0.46353665	0.2211773	0.5129431	0.0	0.29715368	0.0	0.0	0.0	0.0	0.08596039	0.0	0.111723065	0.0	0.0	0.0	0.0	0.5435377	0.0	0.0	0.0	0.23979765	0.0	0.0	0.0	0.45602593	0.05517106	0.0	0.15493739	0.0	0.0	0.3351282	0.0	0.0073175747	0.0	0.0	0.105737306	0.0	0.0	0.0	0.0	0.13064592	0.0	0.5114817	0.0	0.0	0.39727107	0.0	0.0
0.0	0.11801716	0.0	0.0	0.0	0.0	0.08011758	0.0	0.0	0.0	0.0	0.0	0.0	0.0	0.30024666	0.0	0.35279655	0.0	0.0	0.060845867	0.0	0.24086706	0.0	0.19808011	0.0	0.0	0.06811009	0.0	0.0	0.18057585	0.3977439	0.0	0.0	0.0	0.0	0.0	0.0	0.0	0.0	0.0	0.23981933	0.32940048	0.0	0.0	0.0	0.0	0.38305104	0.0	0.2672361	0.22370708	0.0	0.0	0.0	0.17701118	0.0	0.0	0.0	0.0	0.0	0.41255763	0.2720033	0.0	0.0	0.30313882	0.0	0.0	0.1414046	0.1986158	0.0	0.32573602	0.2306474	0.0	0.0	0.0	0.0	0.25630128	0.0	0.0	0.16974403	0.0	0.4632863	0.27102283	0.5274145	0.0	0.26674128	0.0	0.0	0.0	0.0	0.069696985	0.0	0.12835409	0.0	0.0	0.0	0.0	0.5079585	0.0	0.0	0.0	0.22413154	0.0	0.0	0.0	0.46298018	0.06484226	0.0	0.14456567	0.0	0.0	0.32769895	0.0	0.0027820661	0.0	0.0	0.08017296	0.0	0.0	0.0	0.0	0.12441099	0.0	0.48819646	0.0	0.0	0.39743885	0.0	0.0
0.0	0.1261978	0.0	0.0	0.0	0.0	0.088287115	0.0	0.0	0.0	0.0	0.0	0.0	0.0	0.24549364	0.0	0.3141884	0.0	0.0	0.046492238	0.0	0.21208818	0.0	0.20457716	0.0	0.0	0.05050847	0.0	0.0	0.13357754	0.38345313	0.0	0.0	0.0	0.0	0.0	0.0	0.0	0.0	0.0	0.20744872	0.30986556	0.0	0.0	0.0	0.0	0.34845042	0.0	0.2509964	0.17096035	0.0	0.0	0.0	0.14742252	0.0	0.0	0.0	0.0	0.0	0.4030955	0.2729994	0.0	0.0	0.243986	0.0	0.0	0.12600337	0.17630748	0.0	0.29563558	0.22924419	0.0	0.0	0.0	0.0	0.24117275	0.0	0.0	0.15299626	0.0	0.42959416	0.23145962	0.47101068	0.0	0.27221236	0.0	0.0	0.0	0.0	0.06476798	0.0	0.11226374	0.0	0.0	0.0	0.0	0.51664484	0.0	0.0	0.0	0.21656172	0.0	0.0	0.0	0.4344838	0.026980152	0.0	0.12775917	0.0	0.0	0.33085874	0.0	0.008369287	0.0	0.0	0.09561784	0.0	0.0	0.0	0.0	0.10554033	0.0	0.4765744	0.0	0.0	0.37453255	0.0	0.0
0.0	0.1259348	0.0	0.0	0.0	0.0	0.08609497	0.0	0.0	0.0	0.0	0.0	0.0	0.0	0.2550746	0.0	0.31768265	0.0	0.0	0.04943028	0.0	0.20503692	0.0	0.20809169	0.0	0.0	0.05360995	0.0	0.0	0.13878807	0.38162324	0.0	0.0	0.0	0.0	0.0	0.0	0.0	0.0	0.0	0.20808806	0.3147668	0.0	0.0	0.0	0.0	0.35144854	0.0	0.2443332	0.172792	0.0	0.0	0.0	0.1478966	0.0	0.0	0.0	0.0	0.0	0.40371445	0.2780238	0.0	0.0	0.24754345	0.0	0.0	0.12349564	0.17487164	0.0	0.2967068	0.22380234	0.0	0.0	0.0	0.0	0.2462802	0.0	0.0	0.15423568	0.0	0.43456808	0.23202936	0.4718192	0.0	0.27215716	0.0	0.0	0.0	0.0	0.06696966	0.0	0.11365209	0.0	0.0	0.0	0.0	0.52099603	0.0	0.0	0.0	0.2181899	0.0	0.0	0.0	0.43799153	0.0322917	0.0	0.1250511	0.0	0.0	0.33103797	0.0	0.008903629	0.0	0.0	0.09625149	0.0	0.0	0.0	0.0	0.10445393	0.0	0.47563195	0.0	0.0	0.37462315	0.0	0.0
0.0	0.055815842	0.0	0.0	0.0	0.0	0.0018669082	0.0	0.0	0.0	0.0	0.0	0.0	0.0	0.1996494	0.0	0.24631834	0.0	0.0	0.028558621	0.0	0.2056119	0.0	0.038783696	0.0	0.0	0.0	0.0	0.0	0.15765	0.40016356	0.0	0.0	0.0	0.0	0.0	0.0	0.0	0.0	0.0	0.2164305	0.16063373	0.0	0.0	0.02560621	0.0	0.4243293	0.0	0.29666433	0.32861552	0.0	0.0	0.0	0.10798106	0.0	0.0	0.0	0.0	0.0	0.4072902	0.10604632	0.0	0.0	0.2403431	0.0	0.0	0.2954302	0.17085491	0.0	0.3422093	0.32420126	0.0	0.0	0.0	0.0	0.19519539	0.0	0.0	0.12402765	0.0	0.37220988	0.3150391	0.4253777	0.0	0.15559174	0.0	0.0	0.0	0.0	0.005557794	0.0	0.12848426	0.0	0.0	0.0	0.0	0.34905288	0.0	0.0	0.0	0.1494336	0.0	0.0	0.0	0.39957437	0.02011417	0.0	0.08658119	0.0	0.0	0.34628794	0.0	0.005675047	0.0	0.0	0.050456148	0.0	0.0	0.0	0.0	0.06323957	0.0	0.3740772	0.0	0.0	0.26627478	0.0	0.0
0.0	0.12471706	0.0	0.0	0.0	0.0	0.09812347	0.0	0.0	0.0	0.0	0.0	0.0	0.0	0.25865528	0.0	0.32710016	0.0	0.0	0.054708496	0.0	0.22307782	0.0	0.20506181	0.0	0.0	0.053405926	0.0	0.0	0.14544877	0.39238873	0.0	0.0	0.0	0.0	0.0	0.0	0.0	0.0	0.0	0.21428247	0.30723104	0.0	0.0	0.0	0.0	0.36266586	0.0	0.26106468	0.18802391	0.0	0.0	0.0	0.15115865	0.0	0.0	0.0	0.0	0.0	0.4110593	0.2687654	0.0	0.0	0.26221246	0.0	0.0	0.13057883	0.17806876	0.0	0.3000503	0.22568934	0.0	0.0	0.0	0.0	0.24689281	0.0	0.0	0.1556548	0.0	0.4338081	0.24982472	0.48246408	0.0	0.26549315	0.0	0.0	0.0	0.0	0.060241926	0.0	0.12684816	0.0	0.0	0.0	0.0	0.5122399	0.0	0.0	0.0	0.22034405	0.0	0.0	0.0	0.43507957	0.028053572	0.0	0.12848447	0.0	0.0	0.33524847	0.0	0.012720729	0.0	0.0	0.090257816	0.0	0.0	0.0	0.0	0.10703841	0.0	0.483603	0.0	0.0	0.37804914	0.0	0.0
0.0	0.1354835	0.0	0.0	0.0	0.0	0.10146856	0.0	0.0	0.0	0.0	0.0	0.0	0.0	0.26631108	0.0	0.34155297	0.0	0.0	0.058257524	0.0	0.2176472	0.0	0.21703346	0.0	0.0	0.06445515	0.0	0.0	0.15395077	0.38427356	0.0	0.0	0.0	0.0	0.0	0.0	0.0	0.0	0.0	0.21500926	0.33202556	0.0	0.0	0.0	0.0	0.35684285	0.0	0.256349	0.1762801	0.0	0.0	0.0	0.15856619	0.0	0.0	0.0	0.0	0.0	0.4097648	0.28755945	0.0	0.0	0.27070472	0.0	0.0	0.11654087	0.1841558	0.0	0.30414256	0.22084258	0.0	0.0	0.0	0.0	0.25020686	0.0	0.0	0.16642736	0.0	0.44178104	0.24183948	0.49812737	0.0	0.28050557	0.0	0.0	0.0	0.0	0.06929428	0.0	0.12152519	0.0	0.0	0.0	0.0	0.52683014	0.0	0.0	0.0	0.22941299	0.0	0.0	0.0	0.44418028	0.04205349	0.0	0.14087893	0.0	0.0	0.3357208	0.0	0.009396558	0.0	0.0	0.097864546	0.0	0.0	0.0	0.0	0.11396148	0.0	0.50153893	0.0	0.0	0.3897873	0.0	0.0
0.0	0.12740092	0.0	0.0	0.0	0.0	0.085333414	0.0	0.0	0.0	0.0	0.0	0.0	0.0	0.30857354	0.0	0.38852692	0.0	0.0	0.071395464	0.0	0.26334032	0.0	0.18650432	0.0	0.0	0.0716222	0.0	0.0	0.21337396	0.40838814	0.0	0.0	0.0	0.0	0.0	0.0	0.0	0.0	0.0	0.24906297	0.33633766	0.0	0.0	0.0	0.0	0.39709544	0.0	0.29360887	0.25541165	0.0	0.0	0.0	0.18070924	0.0	0.0	0.0	0.0	0.0	0.41925028	0.25511232	0.0	0.0	0.34563386	0.0	0.0	0.15115106	0.20466025	0.0	0.35411802	0.24804564	0.0	0.0	0.0	0.0	0.26468387	0.0	0.0	0.19126652	0.0	0.45926747	0.30640292	0.576463	0.0	0.26900446	0.0	0.0	0.0	0.0	0.06871622	0.0	0.14409779	0.0	0.0	0.0	0.0	0.4969803	0.0	0.0	0.0	0.23043068	0.0	0.0	0.0	0.47858503	0.08214983	0.0	0.1563871	0.0	0.0	0.32177213	0.0	0.0075583006	0.0	0.0	0.0754976	0.0	0.0	0.0	0.0	0.13713741	0.0	0.5273252	0.0	0.0	0.4137064	0.0	0.0
0.0	0.12581088	0.0	0.0	0.0	0.0	0.09453941	0.0	0.0	0.0	0.0	0.0	0.0	0.0	0.24860246	0.0	0.32057208	0.0	0.0	0.04901508	0.0	0.21492589	0.0	0.2011962	0.0	0.0	0.047616687	0.0	0.0	0.13514951	0.38782033	0.0	0.0	0.0	0.0	0.0	0.0	0.0	0.0	0.0	0.20260394	0.30907148	0.0	0.0	0.0	0.0	0.35751495	0.0	0.2562479	0.1768129	0.0	0.0	0.0	0.14552902	0.0	0.0	0.0	0.0	0.0	0.4081855	0.269182	0.0	0.0	0.2483011	0.0	0.0	0.1300764	0.17084022	0.0	0.29752836	0.22803842	0.0	0.0	0.0	0.0	0.24095313	0.0	0.0	0.15455313	0.0	0.42793825	0.24405599	0.47444144	0.0	0.2687718	0.0	0.0	0.0	0.0	0.06195064	0.0	0.12022861	0.0	0.0	0.0	0.0	0.5176969	0.0	0.0	0.0	0.21711355	0.0	0.0	0.0	0.43266746	0.025792606	0.0	0.12518035	0.0	0.0	0.330433	0.0	0.010818954	0.0	0.0	0.09234804	0.0	0.0	0.0	0.0	0.101840265	0.0	0.48176217	0.0	0.0	0.37538227	0.0	0.0
0.0	0.12678923	0.0	0.0	0.0	0.0	0.09626466	0.0	0.0	0.0	0.0	0.0	0.0	0.0	0.26552257	0.0	0.34220505	0.0	0.0	0.061996136	0.0	0.22790693	0.0	0.2112304	0.0	0.0	0.05555984	0.0	0.0	0.15633686	0.39196816	0.0	0.0	0.0	0.0	0.0	0.0	0.0	0.0	0.0	0.21301937	0.3234902	0.0	0.0	0.0	0.0	0.3723013	0.0	0.26479918	0.18906252	0.0	0.0	0.0	0.15420242	0.0	0.0	0.0	0.0	0.0	0.41866124	0.27359843	0.0	0.0	0.2744497	0.0	0.0	0.12988742	0.17926979	0.0	0.31051984	0.22799325	0.0	0.0	0.0	0.0	0.24991524	0.0	0.0	0.16186725	0.0	0.44363132	0.2575317	0.49596468	0.0	0.27224052	0.0	0.0	0.0	0.0	0.06254314	0.0	0.1298985	0.0	0.0	0.0	0.0	0.5250451	0.0	0.0	0.0	0.22157006	0.0	0.0	0.0	0.44001925	0.037488323	0.0	0.12921663	0.0	0.0	0.33312547	0.0	0.010792437	0.0	0.0	0.09066078	0.0	0.0	0.0	0.0	0.10900143	0.0	0.4970864	0.0	0.0	0.3912163	0.0	0.0
0.0	0.12450945	0.0	0.0	0.0	0.0	0.09354786	0.0	0.0	0.0	0.0	0.0	0.0	0.0	0.26767722	0.0	0.3346417	0.0	0.0	0.057556707	0.0	0.21897711	0.0	0.20503466	0.0	0.0	0.055515185	0.0	0.0	0.1536844	0.39272916	0.0	0.0	0.0	0.0	0.0	0.0	0.0	0.0	0.0	0.21073766	0.3238098	0.0	0.0	0.0	0.0	0.3708693	0.0	0.2613917	0.19354999	0.0	0.0	0.0	0.15272763	0.0	0.0	0.0	0.0	0.0	0.4141926	0.27386257	0.0	0.0	0.2647467	0.0	0.0	0.1343885	0.17577218	0.0	0.30586588	0.22347857	0.0	0.0	0.0	0.0	0.24597733	0.0	0.0	0.16274123	0.0	0.441516	0.25930694	0.4884502	0.0	0.2652173	0.0	0.0	0.0	0.0	0.061733726	0.0	0.127907	0.0	0.0	0.0	0.0	0.5165955	0.0	0.0	0.0	0.21864347	0.0	0.0	0.0	0.43510684	0.038820338	0.0	0.1296496	0.0	0.0	0.32950994	0.0	0.010902964	0.0	0.0	0.091326244	0.0	0.0	0.0	0.0	0.104281686	0.0	0.48820803	0.0	0.0	0.38417387	0.0	0.0
0.0	0.14542328	0.0	0.0	0.0	0.0	0.10449401	0.0	0.0	0.0	0.0	0.0	0.0	0.0	0.32659188	0.0	0.39825895	0.0	0.0	0.07369028	0.0	0.24388981	0.0	0.2344596	0.0	0.0	0.09038654	0.0	0.0	0.20396419	0.39160827	0.0	0.0	0.0	0.0	0.0	0.0	0.0	0.0	0.0	0.24283516	0.3811467	0.0	0.0	0.0	0.0	0.37742364	0.0	0.2692318	0.21089096	0.0	0.0	0.0	0.185396	0.0	0.0	0.0	0.0	0.0	0.41905662	0.30873993	0.0	0.0	0.33108774	0.0	0.0	0.1182682	0.20388268	0.0	0.33869657	0.21555443	0.0	0.0	0.0	0.0	0.27427843	0.0	0.0	0.19040464	0.0	0.48040137	0.27720854	0.5711932	0.0	0.2908421	0.0	0.0	0.0	0.0	0.0878912	0.0	0.13573216	0.0	0.0	0.0	0.0	0.53377014	0.0	0.0	0.0	0.24568792	0.0	0.0	0.0	0.47723982	0.08543139	0.0	0.16197228	0.0	0.0	0.32449117	0.0	0.0054383124	0.0	0.0	0.0869439	0.0	0.0	0.0	0.0	0.14059213	0.0	0.5361379	0.0	0.0	0.4364191	0.0	0.0
0.0	0.12595409	0.0	0.0	0.0	0.0	0.086332284	0.0	0.0	0.0	0.0	0.0	0.0	0.0	0.26593497	0.0	0.32697418	0.0	0.0	0.047621965	0.0	0.21530282	0.0	0.20865326	0.0	0.0	0.054259196	0.0	0.0	0.14272624	0.38038936	0.0	0.0	0.0	0.0	0.0	0.0	0.0	0.0	0.0	0.2117997	0.31932083	0.0	0.0	0.0	0.0	0.35520506	0.0	0.24498183	0.17361914	0.0	0.0	0.0	0.15459523	0.0	0.0	0.0	0.0	0.0	0.39963758	0.2799686	0.0	0.0	0.25630265	0.0	0.0	0.119845934	0.17642455	0.0	0.29036465	0.21737568	0.0	0.0	0.0	0.0	0.24571241	0.0	0.0	0.16043293	0.0	0.43497777	0.23036695	0.48191598	0.0	0.28098807	0.0	0.0	0.0	0.0	0.071252584	0.0	0.11752259	0.0	0.0	0.0	0.0	0.52159905	0.0	0.0	0.0	0.22927284	0.0	0.0	0.0	0.4457617	0.03550337	0.0	0.13853814	0.0	0.0	0.33284402	0.0	0.009434682	0.0	0.0	0.09452275	0.0	0.0	0.0	0.0	0.10696099	0.0	0.47506604	0.0	0.0	0.37902203	0.0	0.0
0.0	0.119806014	0.0	0.0	0.0	0.0	0.0742253	0.0	0.0	0.0	0.0	0.0	0.0	0.0	0.2582109	0.0	0.30992243	0.0	0.0	0.04628547	0.0	0.20269625	0.0	0.2050833	0.0	0.0	0.050297365	0.0	0.0	0.13593595	0.37731495	0.0	0.0	0.0	0.0	0.0	0.0	0.0	0.0	0.0	0.21178605	0.31043687	0.0	0.0	0.0	0.0	0.34461594	0.0	0.23236372	0.1661358	0.0	0.0	0.0	0.14597477	0.0	0.0	0.0	0.0	0.0	0.39328668	0.27682877	0.0	0.0	0.24099775	0.0	0.0	0.12028978	0.18012972	0.0	0.2933742	0.22618085	0.0	0.0	0.0	0.0	0.24406295	0.0	0.0	0.14742298	0.0	0.43847218	0.21734114	0.46179417	0.0	0.27266347	0.0	0.0	0.0	0.0	0.07032009	0.0	0.104851566	0.0	0.0	0.0	0.0	0.5216487	0.0	0.0	0.0	0.21545553	0.0	0.0	0.0	0.44530544	0.03480536	0.0	0.12419468	0.0	0.0	0.331957	0.0	0.0037812784	0.0	0.0	0.09327903	0.0	0.0	0.0	0.0	0.107014515	0.0	0.46162677	0.0	0.0	0.37023532	0.0	0.0
0.0	0.122886635	0.0	0.0	0.0	0.0	0.085211016	0.0	0.0	0.0	0.0	0.0	0.0	0.0	0.24418952	0.0	0.30511227	0.0	0.0	0.041646022	0.0	0.20381373	0.0	0.19695418	0.0	0.0	0.047638457	0.0	0.0	0.12676582	0.38147232	0.0	0.0	0.0	0.0	0.0	0.0	0.0	0.0	0.0	0.20142603	0.3002999	0.0	0.0	0.0	0.0	0.34641442	0.0	0.24622512	0.17210694	0.0	0.0	0.0	0.14076014	0.0	0.0	0.0	0.0	0.0	0.39833114	0.26890516	0.0	0.0	0.23559205	0.0	0.0	0.12923528	0.16797729	0.0	0.2909329	0.22799243	0.0	0.0	0.0	0.0	0.24038488	0.0	0.0	0.14928375	0.0	0.41982296	0.2269942	0.45901585	0.0	0.26672357	0.0	0.0	0.0	0.0	0.061923835	0.0	0.108703054	0.0	0.0	0.0	0.0	0.5151596	0.0	0.0	0.0	0.21490276	0.0	0.0	0.0	0.43175712	0.021711076	0.0	0.12164905	0.0	0.0	0.32744658	0.0	0.008935804	0.0	0.0	0.092974186	0.0	0.0	0.0	0.0	0.09936309	0.0	0.46500206	0.0	0.0	0.36786255	0.0	0.0
0.0	0.12759857	0.0	0.0	0.0	0.0	0.10037148	0.0	0.0	0.0	0.0	0.0	0.0	0.0	0.32796666	0.0	0.3939681	0.0	0.0	0.056256462	0.0	0.2693794	0.0	0.2161001	0.0	0.0	0.07697833	0.0	0.0	0.20801918	0.41192365	0.0	0.0	0.0	0.0	0.0	0.0	0.0	0.0	0.0	0.24847774	0.3386495	0.0	0.0	0.0	0.0	0.38982484	0.0	0.28889784	0.23464048	0.0	0.0	0.0	0.16947083	0.0	0.0	0.0	0.0	0.0	0.40860116	0.28169835	0.0	0.0	0.33961716	0.0	0.0	0.13710149	0.18655312	0.0	0.330797	0.23665178	0.0	0.0	0.0	0.0	0.27350143	0.0	0.0	0.19502456	0.0	0.45727003	0.28461906	0.5677961	0.0	0.2833673	0.0	0.0	0.0	0.0	0.070622765	0.0	0.14539395	0.0	0.0	0.0	0.0	0.5207636	0.0	0.0	0.0	0.25465402	0.0	0.0	0.0	0.46977356	0.0756073	0.0	0.16089205	0.0	0.0	0.32085904	0.0	0.0032344058	0.0	0.0	0.078996606	0.0	0.0	0.0	0.0	0.13712393	0.0	0.526696	0.0	0.0	0.42201677	0.0	0.0
0.0	0.12673144	0.0	0.0	0.0	0.0	0.08154375	0.0	0.0	0.0	0.0	0.0	0.0	0.0	0.2465673	0.0	0.31051925	0.0	0.0	0.04426205	0.0	0.19931512	0.0	0.20210719	0.0	0.0	0.054650683	0.0	0.0	0.13308348	0.37891078	0.0	0.0	0.0	0.0	0.0	0.0	0.0	0.0	0.0	0.2054189	0.31357893	0.0	0.0	0.0	0.0	0.3443648	0.0	0.24323253	0.16759153	0.0	0.0	0.0	0.14742318	0.0	0.0	0.0	0.0	0.0	0.3969551	0.27926263	0.0	0.0	0.2386105	0.0	0.0	0.12261178	0.17426002	0.0	0.2948184	0.22711915	0.0	0.0	0.0	0.0	0.24155919	0.0	0.0	0.15286757	0.0	0.42898488	0.2213781	0.46796417	0.0	0.27517673	0.0	0.0	0.0	0.0	0.06806563	0.0	0.10450598	0.0	0.0	0.0	0.0	0.52220494	0.0	0.0	0.0	0.21626033	0.0	0.0	0.0	0.43861553	0.029140286	0.0	0.12558395	0.0	0.0	0.3275738	0.0	0.006435374	0.0	0.0	0.09870478	0.0	0.0	0.0	0.0	0.10410186	0.0	0.47140035	0.0	0.0	0.37033966	0.0	0.0
0.0	0.13279764	0.0	0.0	0.0	0.0	0.10377646	0.0	0.0	0.0	0.0	0.0	0.0	0.0	0.26717505	0.0	0.34321585	0.0	0.0	0.058563232	0.0	0.21430533	0.0	0.22407405	0.0	0.0	0.06395405	0.0	0.0	0.15087603	0.38183364	0.0	0.0	0.0	0.0	0.0	0.0	0.0	0.0	0.0	0.21731448	0.3269252	0.0	0.0	0.0	0.0	0.3541548	0.0	0.25434366	0.17497374	0.0	0.0	0.0	0.15630929	0.0	0.0	0.0	0.0	0.0	0.40993354	0.2905105	0.0	0.0	0.2653139	0.0	0.0	0.114658706	0.18185598	0.0	0.30378	0.21951051	0.0	0.0	0.0	0.0	0.25263095	0.0	0.0	0.16289474	0.0	0.4432117	0.24489963	0.49329996	0.0	0.28544474	0.0	0.0	0.0	0.0	0.07385261	0.0	0.122840606	0.0	0.0	0.0	0.0	0.5279612	0.0	0.0	0.0	0.23203659	0.0	0.0	0.0	0.44498387	0.040335726	0.0	0.14016171	0.0	0.0	0.33360755	0.0	0.011884379	0.0	0.0	0.09694288	0.0	0.0	0.0	0.0	0.11390529	0.0	0.50056326	0.0	0.0	0.3912994	0.0	0.0
0.0	0.13203603	0.0	0.0	0.0	0.0	0.09905816	0.0	0.0	0.0	0.0	0.0	0.0	0.0	0.2929272	0.0	0.35449603	0.0	0.0	0.055112083	0.0	0.22353804	0.0	0.22683512	0.0	0.0	0.06712269	0.0	0.0	0.16053718	0.3807203	0.0	0.0	0.0	0.0	0.0	0.0	0.0	0.0	0.0	0.22483057	0.3267472	0.0	0.0	0.0	0.0	0.35899496	0.0	0.24005447	0.18284278	0.0	0.0	0.0	0.15687163	0.0	0.0	0.0	0.0	0.0	0.40133357	0.29131725	0.0	0.0	0.27527758	0.0	0.0	0.112284504	0.18315339	0.0	0.3000144	0.21206464	0.0	0.0	0.0	0.0	0.25827962	0.0	0.0	0.16514473	0.0	0.44864377	0.23973207	0.4947377	0.0	0.28169832	0.0	0.0	0.0	0.0	0.076428175	0.0	0.12884688	0.0	0.0	0.0	0.0	0.52392703	0.0	0.0	0.0	0.2399217	0.0	0.0	0.0	0.45222273	0.049166143	0.0	0.14749208	0.0	0.0	0.33491918	0.0	0.0061658095	0.0	0.0	0.08887672	0.0	0.0	0.0	0.0	0.12600736	0.0	0.493517	0.0	0.0	0.39254475	0.0	0.0
0.0	0.12458098	0.0	0.0	0.0	0.0	0.07778958	0.0	0.0	0.0	0.0	0.0	0.0	0.0	0.2816997	0.0	0.33667597	0.0	0.0	0.054384056	0.0	0.21872725	0.0	0.21513556	0.0	0.0	0.06388953	0.0	0.0	0.15853807	0.38255033	0.0	0.0	0.0	0.0	0.0	0.0	0.0	0.0	0.0	0.22658856	0.3326511	0.0	0.0	0.0	0.0	0.35975018	0.0	0.23956878	0.17568916	0.0	0.0	0.0	0.16538602	0.0	0.0	0.0	0.0	0.0	0.40293697	0.2901763	0.0	0.0	0.27188686	0.0	0.0	0.11500939	0.19617637	0.0	0.30469817	0.22059031	0.0	0.0	0.0	0.0	0.248658	0.0	0.0	0.16313043	0.0	0.46037248	0.23086186	0.49353275	0.0	0.27996865	0.0	0.0	0.0	0.0	0.07945639	0.0	0.11410293	0.0	0.0	0.0	0.0	0.52639395	0.0	0.0	0.0	0.22527564	0.0	0.0	0.0	0.45971236	0.0536563	0.0	0.13898277	0.0	0.0	0.33489192	0.0	0.0031737604	0.0	0.0	0.08989061	0.0	0.0	0.0	0.0	0.117969304	0.0	0.4790515	0.0	0.0	0.39029336	0.0	0.0
0.0	0.12778924	0.0	0.0	0.0	0.0	0.08518549	0.0	0.0	0.0	0.0	0.0	0.0	0.0	0.25722632	0.0	0.32333967	0.0	0.0	0.05146149	0.0	0.20589153	0.0	0.20746148	0.0	0.0	0.05865622	0.0	0.0	0.14546494	0.38210002	0.0	0.0	0.0	0.0	0.0	0.0	0.0	0.0	0.0	0.21259278	0.32490364	0.0	0.0	0.0	0.0	0.35296974	0.0	0.24716415	0.171974	0.0	0.0	0.0	0.1542547	0.0	0.0	0.0	0.0	0.0	0.40353772	0.2860571	0.0	0.0	0.25473365	0.0	0.0	0.120973505	0.181525	0.0	0.29810616	0.22316563	0.0	0.0	0.0	0.0	0.24418533	0.0	0.0	0.15967335	0.0	0.43993473	0.22846673	0.48206332	0.0	0.27734375	0.0	0.0	0.0	0.0	0.06949706	0.0	0.113558084	0.0	0.0	0.0	0.0	0.5254161	0.0	0.0	0.0	0.22018361	0.0	0.0	0.0	0.44432482	0.037455462	0.0	0.13153373	0.0	0.0	0.3310991	0.0	0.007109989	0.0	0.0	0.09876158	0.0	0.0	0.0	0.0	0.107019216	0.0	0.47950006	0.0	0.0	0.37704244	0.0	0.0
0.0	0.12316481	0.0	0.0	0.0	0.0	0.0806435	0.0	0.0	0.0	0.0	0.0	0.0	0.0	0.26225355	0.0	0.31882238	0.0	0.0	0.048725296	0.0	0.20535739	0.0	0.21142139	0.0	0.0	0.054036934	0.0	0.0	0.13905366	0.37835196	0.0	0.0	0.0	0.0	0.0	0.0	0.0	0.0	0.0	0.21250351	0.31544352	0.0	0.0	0.0	0.0	0.34647512	0.0	0.23454802	0.16914304	0.0	0.0	0.0	0.14689584	0.0	0.0	0.0	0.0	0.0	0.3966513	0.2819794	0.0	0.0	0.24678703	0.0	0.0	0.11906832	0.18033417	0.0	0.2960397	0.2222025	0.0	0.0	0.0	0.0	0.24712805	0.0	0.0	0.150866	0.0	0.44203016	0.22316176	0.46784624	0.0	0.27493167	0.0	0.0	0.0	0.0	0.07146377	0.0	0.10865789	0.0	0.0	0.0	0.0	0.5224936	0.0	0.0	0.0	0.21967642	0.0	0.0	0.0	0.4438921	0.037481368	0.0	0.13043258	0.0	0.0	0.33256438	0.0	0.00468386	0.0	0.0	0.09470796	0.0	0.0	0.0	0.0	0.10867206	0.0	0.46819615	0.0	0.0	0.37434015	0.0	0.0
0.0	0.12603615	0.0	0.0	0.0	0.0	0.08427865	0.0	0.0	0.0	0.0	0.0	0.0	0.0	0.3115528	0.0	0.381562	0.0	0.0	0.06988449	0.0	0.25363335	0.0	0.19237304	0.0	0.0	0.077170126	0.0	0.0	0.20824818	0.40328312	0.0	0.0	0.0	0.0	0.0	0.0	0.0	0.0	0.0	0.2507565	0.34539068	0.0	0.0	0.0	0.0	0.39570126	0.0	0.28245065	0.242238	0.0	0.0	0.0	0.18000741	0.0	0.0	0.0	0.0	0.0	0.41870704	0.26888457	0.0	0.0	0.33225724	0.0	0.0	0.14760391	0.20497209	0.0	0.3468329	0.23836726	0.0	0.0	0.0	0.0	0.26032797	0.0	0.0	0.18156938	0.0	0.46721634	0.2934567	0.56300026	0.0	0.2689884	0.0	0.0	0.0	0.0	0.07248975	0.0	0.13910262	0.0	0.0	0.0	0.0	0.49903175	0.0	0.0	0.0	0.22972704	0.0	0.0	0.0	0.475274	0.081195734	0.0	0.15274103	0.0	0.0	0.32161617	0.0	0.005197559	0.0	0.0	0.076666154	0.0	0.0	0.0	0.0	0.13345964	0.0	0.51333207	0.0	0.0	0.41551426	0.0	0.0
0.0	0.12196976	0.0	0.0	0.0	0.0	0.08075187	0.0	0.0	0.0	0.0	0.0	0.0	0.0	0.2531445	0.0	0.31425285	0.0	0.0	0.049226444	0.0	0.20835197	0.0	0.2010098	0.0	0.0	0.053085435	0.0	0.0	0.14069045	0.3838121	0.0	0.0	0.0	0.0	0.0	0.0	0.0	0.0	0.0	0.21144362	0.31264144	0.0	0.0	0.0	0.0	0.35538888	0.0	0.24627687	0.17566927	0.0	0.0	0.0	0.15101571	0.0	0.0	0.0	0.0	0.0	0.40433574	0.27417415	0.0	0.0	0.24898028	0.0	0.0	0.12672703	0.17953198	0.0	0.2970874	0.22683464	0.0	0.0	0.0	0.0	0.24200128	0.0	0.0	0.15395747	0.0	0.4361731	0.23154569	0.47216558	0.0	0.26916257	0.0	0.0	0.0	0.0	0.066234805	0.0	0.11305753	0.0	0.0	0.0	0.0	0.5174051	0.0	0.0	0.0	0.21426113	0.0	0.0	0.0	0.44012272	0.033072945	0.0	0.12523551	0.0	0.0	0.3323984	0.0	0.007207394	0.0	0.0	0.09348204	0.0	0.0	0.0	0.0	0.104841135	0.0	0.47044742	0.0	0.0	0.372669	0.0	0.0
0.0	0.1417705	0.0	0.0	0.0	0.0	0.10701073	0.0	0.0	0.0	0.0	0.0	0.0	0.0	0.3297107	0.0	0.40779123	0.0	0.0	0.07602394	0.0	0.2596639	0.0	0.22758444	0.0	0.0	0.078535296	0.0	0.0	0.20786081	0.39816046	0.0	0.0	0.0	0.0	0.0	0.0	0.0	0.0	0.0	0.24280441	0.36461183	0.0	0.0	0.0	0.0	0.38729367	0.0	0.27936533	0.23310582	0.0	0.0	0.0	0.17799832	0.0	0.0	0.0	0.0	0.0	0.41827798	0.28981957	0.0	0.0	0.342707	0.0	0.0	0.13214643	0.19896609	0.0	0.34531596	0.223122	0.0	0.0	0.0	0.0	0.27919808	0.0	0.0	0.18885227	0.0	0.47155246	0.29843494	0.5794227	0.0	0.28502262	0.0	0.0	0.0	0.0	0.07564047	0.0	0.14728391	0.0	0.0	0.0	0.0	0.52206475	0.0	0.0	0.0	0.24499393	0.0	0.0	0.0	0.47077957	0.08249396	0.0	0.16250351	0.0	0.0	0.3241996	0.0	0.0073694903	0.0	0.0	0.08159452	0.0	0.0	0.0	0.0	0.14389628	0.0	0.54286426	0.0	0.0	0.43467513	0.0	0.0
0.0	0.1296486	0.0	0.0	0.0	0.0	0.089995556	0.0	0.0	0.0	0.0	0.0	0.0	0.0	0.25398505	0.0	0.32698897	0.0	0.0	0.053540085	0.0	0.21674663	0.0	0.20943785	0.0	0.0	0.057690457	0.0	0.0	0.14456882	0.38365903	0.0	0.0	0.0	0.0	0.0	0.0	0.0	0.0	0.0	0.21460944	0.321146	0.0	0.0	0.0	0.0	0.35360885	0.0	0.2537521	0.17231685	0.0	0.0	0.0	0.15559201	0.0	0.0	0.0	0.0	0.0	0.4057481	0.28327194	0.0	0.0	0.25643408	0.0	0.0	0.11979896	0.18500216	0.0	0.29977584	0.22693606	0.0	0.0	0.0	0.0	0.2437914	0.0	0.0	0.15995626	0.0	0.43901873	0.23364891	0.4867443	0.0	0.2787812	0.0	0.0	0.0	0.0	0.06926572	0.0	0.115632236	0.0	0.0	0.0	0.0	0.52382004	0.0	0.0	0.0	0.22051094	0.0	0.0	0.0	0.4442655	0.03483189	0.0	0.13110182	0.0	0.0	0.33225596	0.0	0.007970916	0.0	0.0	0.09662751	0.0	0.0	0.0	0.0	0.11137282	0.0	0.48655155	0.0	0.0	0.38267612	0.0	0.0
0.0	0.15804042	0.0	0.0	0.0	0.0	0.01903549	0.0	0.0	0.0	0.0	0.0	0.0	0.0	0.30541793	0.0	0.3764906	0.0	0.0	0.07252933	0.0	0.20777704	0.0	0.22093068	0.0	0.0	0.1402478	0.0	0.0	0.24957919	0.33790603	0.0	0.0	0.0	0.0	0.0	0.0	0.0	0.0	0.0	0.29992485	0.4352739	0.0	0.0	0.0	0.0	0.37747896	0.0	0.23660827	0.14042668	0.0	0.0	0.0	0.20992227	0.0	0.0	0.0	0.0	0.0	0.38143563	0.37642753	0.0	0.0	0.32563213	0.0	0.0	0.087569684	0.2826104	0.0	0.3188078	0.22232755	0.0	0.0	0.0	0.0	0.25489876	0.0	0.0	0.21931376	0.0	0.49334803	0.14456293	0.5940159	0.0	0.35918054	0.0	0.0	0.0	0.0	0.1276898	0.0	0.0949822	0.0	0.0	0.0	0.0	0.57969016	0.0	0.0	0.0	0.25851262	0.0	0.0	0.0	0.550763	0.10444466	0.0	0.20126913	0.0	0.0	0.38035402	0.0	0.0	0.0	0.0	0.096586995	0.0	0.0	0.0	0.0	0.14749725	0.0	0.52804375	0.0	0.0	0.41895592	0.0	0.0
0.0	0.1413026	0.0	0.0	0.0	0.0	0.03350519	0.0	0.0	0.0	0.0	0.0	0.0	0.0	0.22648628	0.0	0.289051	0.0	0.0	0.035770208	0.0	0.15684406	0.0	0.18312196	0.0	0.0	0.06355837	0.0	0.0	0.15377077	0.34779596	0.0	0.0	0.0	0.0	0.0	0.0	0.0	0.0	0.0	0.22218658	0.35867527	0.0	0.0	0.0	0.0	0.33854148	0.0	0.22827594	0.1383472	0.0	0.0	0.0	0.16448723	0.0	0.0	0.0	0.0	0.0	0.38145277	0.31371754	0.0	0.0	0.22751467	0.0	0.0	0.1185821	0.20599759	0.0	0.2936881	0.23525365	0.0	0.0	0.0	0.0	0.22384419	0.0	0.0	0.17901935	0.0	0.4369595	0.1651274	0.48745835	0.0	0.30076072	0.0	0.0	0.0	0.0	0.085478514	0.0	0.079915635	0.0	0.0	0.0	0.0	0.5458884	0.0	0.0	0.0	0.21906371	0.0	0.0	0.0	0.46598253	0.052621186	0.0	0.14391688	0.0	0.0	0.34546447	0.0	0.0	0.0	0.0	0.10708789	0.0	0.0	0.0	0.0	0.09872249	0.0	0.47096872	0.0	0.0	0.3569012	0.0	0.0
0.0	0.13618626	0.0	0.0	0.0	0.0	0.071889915	0.0	0.0	0.0	0.0	0.0	0.0	0.0	0.26561528	0.0	0.33301517	0.0	0.0	0.064701356	0.0	0.20564449	0.0	0.22270222	0.0	0.0	0.074394435	0.0	0.0	0.17146729	0.35340217	0.0	0.0	0.0	0.0	0.0	0.0	0.0	0.0	0.0	0.23262978	0.35349998	0.0	0.0	0.0	0.0	0.33620906	0.0	0.21828951	0.15207018	0.0	0.0	0.0	0.16406105	0.0	0.0	0.0	0.0	0.0	0.38650775	0.30823836	0.0	0.0	0.25693345	0.0	0.0	0.10006997	0.21333635	0.0	0.30226707	0.22303896	0.0	0.0	0.0	0.0	0.25642952	0.0	0.0	0.15126696	0.0	0.45651093	0.18277042	0.5055065	0.0	0.30234507	0.0	0.0	0.0	0.0	0.07794879	0.0	0.09172281	0.0	0.0	0.0	0.0	0.5435777	0.0	0.0	0.0	0.2274487	0.0	0.0	0.0	0.4663106	0.05654046	0.0	0.13452706	0.0	0.0	0.34977052	0.0	8.6026266e-05	0.0	0.0	0.1052654	0.0	0.0	0.0	0.0	0.13052127	0.0	0.4975939	0.0	0.0	0.3895829	0.0	0.0
0.0	0.1452887	0.0	0.0	0.0	0.0	0.028863156	0.0	0.0	0.0	0.0	0.0	0.0	0.0	0.29321268	0.0	0.35895053	0.0	0.0	0.0605394	0.0	0.20197755	0.0	0.21711202	0.0	0.0	0.13027768	0.0	0.0	0.2231102	0.35337195	0.0	0.0	0.0	0.0	0.0	0.0	0.0	0.0	0.0	0.26942357	0.4256982	0.0	0.0	0.0	0.0	0.36827645	0.0	0.23573987	0.14822395	0.0	0.0	0.0	0.20044857	0.0	0.0	0.0	0.0	0.0	0.39592087	0.35190383	0.0	0.0	0.3075783	0.0	0.0	0.10181456	0.25943097	0.0	0.32787445	0.22932553	0.0	0.0	0.0	0.0	0.24663596	0.0	0.0	0.20616938	0.0	0.49789023	0.17440672	0.5635148	0.0	0.3239176	0.0	0.0	0.0	0.0	0.120712645	0.0	0.09369466	0.0	0.0	0.0	0.0	0.5590946	0.0	0.0	0.0	0.24257071	0.0	0.0	0.0	0.52494174	0.10663819	0.0	0.19083397	0.0	0.0	0.3583102	0.0	0.0	0.0	0.0	0.09434351	0.0	0.0	0.0	0.0	0.13324298	0.0	0.50942916	0.0	0.0	0.41264972	0.0	0.0
0.0	0.14858685	0.0	0.0	0.0	0.0	0.027396316	0.0	0.0	0.0	0.0	0.0	0.0	0.0	0.29962495	0.0	0.37056395	0.0	0.0	0.06702142	0.0	0.21344663	0.0	0.2134795	0.0	0.0	0.12914057	0.0	0.0	0.23519082	0.34921673	0.0	0.0	0.0	0.0	0.0	0.0	0.0	0.0	0.0	0.27398574	0.42308858	0.0	0.0	0.0	0.0	0.37487212	0.0	0.23877408	0.15255077	0.0	0.0	0.0	0.19862027	0.0	0.0	0.0	0.0	0.0	0.3911039	0.3539152	0.0	0.0	0.32212934	0.0	0.0	0.092068516	0.2612351	0.0	0.3269141	0.22970219	0.0	0.0	0.0	0.0	0.24996579	0.0	0.0	0.20713408	0.0	0.49102628	0.16767414	0.58243537	0.0	0.33533671	0.0	0.0	0.0	0.0	0.11956361	0.0	0.09483964	0.0	0.0	0.0	0.0	0.57230824	0.0	0.0	0.0	0.24798924	0.0	0.0	0.0	0.5361546	0.10157227	0.0	0.19004859	0.0	0.0	0.36451516	0.0	0.0	0.0	0.0	0.08988295	0.0	0.0	0.0	0.0	0.1416731	0.0	0.5214828	0.0	0.0	0.4201095	0.0	0.0
0.0	0.15821198	0.0	0.0	0.0	0.0	0.027421907	0.0	0.0	0.0	0.0	0.0	0.0	0.0	0.30322286	0.0	0.3786172	0.0	0.0	0.07152904	0.0	0.21274169	0.0	0.22980988	0.0	0.0	0.13714482	0.0	0.0	0.23663805	0.34444928	0.0	0.0	0.0	0.0	0.0	0.0	0.0	0.0	0.0	0.2776859	0.44291234	0.0	0.0	0.0	0.0	0.37633967	0.0	0.24028878	0.14735925	0.0	0.0	0.0	0.20549686	0.0	0.0	0.0	0.0	0.0	0.39256275	0.37024114	0.0	0.0	0.3291624	0.0	0.0	0.0874798	0.27245617	0.0	0.33079973	0.22674997	0.0	0.0	0.0	0.0	0.25733697	0.0	0.0	0.2187891	0.0	0.50407434	0.17503153	0.5906132	0.0	0.34346685	0.0	0.0	0.0	0.0	0.12992303	0.0	0.097981416	0.0	0.0	0.0	0.0	0.57862276	0.0	0.0	0.0	0.2529396	0.0	0.0	0.0	0.54240084	0.11214081	0.0	0.1995538	0.0	0.0	0.37057665	0.0	0.0	0.0	0.0	0.09528176	0.0	0.0	0.0	0.0	0.1465709	0.0	0.53090024	0.0	0.0	0.4241463	0.0	0.0
0.0	0.14805132	0.0	0.0	0.0	0.0	0.03903499	0.0	0.0	0.0	0.0	0.0	0.0	0.0	0.27887937	0.0	0.3500568	0.0	0.0	0.05907305	0.0	0.1926303	0.0	0.21167505	0.0	0.0	0.11607343	0.0	0.0	0.21233392	0.35253564	0.0	0.0	0.0	0.0	0.0	0.0	0.0	0.0	0.0	0.25602052	0.42156005	0.0	0.0	0.0	0.0	0.36926782	0.0	0.23266412	0.14768332	0.0	0.0	0.0	0.18821669	0.0	0.0	0.0	0.0	0.0	0.3934814	0.35357407	0.0	0.0	0.29370576	0.0	0.0	0.10115688	0.25066778	0.0	0.31784728	0.21984358	0.0	0.0	0.0	0.0	0.24533282	0.0	0.0	0.2035042	0.0	0.48752543	0.17679304	0.5518042	0.0	0.32070354	0.0	0.0	0.0	0.0	0.11427677	0.0	0.09151731	0.0	0.0	0.0	0.0	0.56175536	0.0	0.0	0.0	0.24148841	0.0	0.0	0.0	0.51716727	0.09545836	0.0	0.19189978	0.0	0.0	0.3595841	0.0	0.0	0.0	0.0	0.100287236	0.0	0.0	0.0	0.0	0.11917609	0.0	0.50933766	0.0	0.0	0.40433493	0.0	0.0
0.0	0.12794657	0.0	0.0	0.0	0.0	0.05956459	0.0	0.0	0.0	0.0	0.0	0.0	0.0	0.27957854	0.0	0.36476782	0.0	0.0	0.06364409	0.0	0.24567592	0.0	0.16829805	0.0	0.0	0.073287316	0.0	0.0	0.22376804	0.3942131	0.0	0.0	0.0	0.0	0.0	0.0	0.0	0.0	0.0	0.2530814	0.3516961	0.0	0.0	0.0	0.0	0.4012195	0.0	0.2953293	0.24675448	0.0	0.0	0.0	0.18085937	0.0	0.0	0.0	0.0	0.0	0.42757192	0.26254785	0.0	0.0	0.33549342	0.0	0.0	0.16343698	0.21659474	0.0	0.35957775	0.26662973	0.0	0.0	0.0	0.0	0.24679452	0.0	0.0	0.20588307	0.0	0.45834008	0.2805635	0.5789876	0.0	0.26698175	0.0	0.0	0.0	0.0	0.07310449	0.0	0.1323237	0.0	0.0	0.0	0.0	0.49169603	0.0	0.0	0.0	0.22233237	0.0	0.0	0.0	0.48652706	0.08969397	0.0	0.16962235	0.0	0.0	0.3345298	0.0	0.007776096	0.0	0.0	0.07730352	0.0	0.0	0.0	0.0	0.134595	0.0	0.51827264	0.0	0.0	0.4000528	0.0	0.0
0.0	0.13752438	0.0	0.0	0.0	0.0	0.06901353	0.0	0.0	0.0	0.0	0.0	0.0	0.0	0.29210952	0.0	0.38123193	0.0	0.0	0.07936515	0.0	0.2601013	0.0	0.19563712	0.0	0.0	0.08699342	0.0	0.0	0.22553575	0.3806219	0.0	0.0	0.0	0.0	0.0	0.0	0.0	0.0	0.0	0.25861445	0.37703064	0.0	0.0	0.0	0.0	0.39224336	0.0	0.2872711	0.2174886	0.0	0.0	0.0	0.18775992	0.0	0.0	0.0	0.0	0.0	0.42206192	0.28692243	0.0	0.0	0.33510748	0.0	0.0	0.1397957	0.2361405	0.0	0.35123596	0.25653324	0.0	0.0	0.0	0.0	0.25489783	0.0	0.0	0.20046115	0.0	0.46849945	0.26176962	0.5899017	0.0	0.29172152	0.0	0.0	0.0	0.0	0.081148855	0.0	0.12717529	0.0	0.0	0.0	0.0	0.52452415	0.0	0.0	0.0	0.2302953	0.0	0.0	0.0	0.49810186	0.08840693	0.0	0.17240544	0.0	0.0	0.34907869	0.0	0.0	0.0	0.0	0.07926721	0.0	0.0	0.0	0.0	0.14213637	0.0	0.5359083	0.0	0.0	0.42196283	0.0	0.0
0.0	0.15264086	0.0	0.0	0.0	0.0	0.040159583	0.0	0.0	0.0	0.0	0.0	0.0	0.0	0.23750563	0.0	0.31510463	0.0	0.0	0.04790182	0.0	0.15718025	0.0	0.18858914	0.0	0.0	0.08303367	0.0	0.0	0.17766432	0.34292087	0.0	0.0	0.0	0.0	0.0	0.0	0.0	0.0	0.0	0.23740213	0.39363584	0.0	0.0	0.0	0.0	0.3475585	0.0	0.2274794	0.12857403	0.0	0.0	0.0	0.17339437	0.0	0.0	0.0	0.0	0.0	0.3744832	0.344241	0.0	0.0	0.25234246	0.0	0.0	0.10617713	0.23177521	0.0	0.29568177	0.22341168	0.0	0.0	0.0	0.0	0.2232099	0.0	0.0	0.1966845	0.0	0.4523518	0.15689103	0.5181165	0.0	0.32202908	0.0	0.0	0.0	0.0	0.10004032	0.0	0.0862121	0.0	0.0	0.0	0.0	0.5592349	0.0	0.0	0.0	0.23212564	0.0	0.0	0.0	0.49542904	0.066839375	0.0	0.1740122	0.0	0.0	0.36056653	0.0	0.0	0.0	0.0	0.10755967	0.0	0.0	0.0	0.0	0.10193143	0.0	0.49229443	0.0	0.0	0.36948046	0.00413626	0.0
0.0	0.15183677	0.0	0.0	0.0	0.0	0.057069015	0.0	0.0	0.0	0.0	0.0	0.0	0.0	0.26645818	0.0	0.35105333	0.0	0.0	0.0712689	0.0	0.20737346	0.0	0.2198805	0.0	0.0	0.10213033	0.0	0.0	0.20693178	0.3480022	0.0	0.0	0.0	0.0	0.0	0.0	0.0	0.0	0.0	0.25171176	0.41745093	0.0	0.0	0.0	0.0	0.34734127	0.0	0.24351436	0.14073728	0.0	0.0	0.0	0.18917549	0.0	0.0	0.0	0.0	0.0	0.40186977	0.3473189	0.0	0.0	0.28733256	0.0	0.0	0.09102768	0.24884833	0.0	0.31910685	0.23058872	0.0	0.0	0.0	0.0	0.25227907	0.0	0.0	0.1923865	0.0	0.47919187	0.17257273	0.5546832	0.0	0.32402042	0.0	0.0	0.0	0.0	0.09649999	0.0	0.090068065	0.0	0.0	0.0	0.0	0.56527746	0.0	0.0	0.0	0.2349151	0.0	0.0	0.0	0.49984753	0.08517908	0.0	0.16056363	0.0	0.0	0.35694203	0.0	0.0	0.0	0.0	0.11085218	0.0	0.0	0.0	0.0	0.13851595	0.0	0.5294458	0.0	0.0	0.40675354	0.0	0.0
0.0	0.1271884	0.0	0.0	0.0	0.0	0.022336155	0.0	0.0	0.0	0.0	0.0	0.0	0.0	0.31702375	0.0	0.3694962	0.0	0.0	0.07286669	0.0	0.2275757	0.0	0.19493978	0.0	0.0	0.11511395	0.0	0.0	0.24017	0.35898137	0.0	0.0	0.0	0.0	0.0	0.0	0.0	0.0	0.0	0.27974576	0.38327375	0.0	0.0	0.0	0.0	0.4009525	0.0	0.26401773	0.21632631	0.0	0.0	0.0	0.20852117	0.0	0.0	0.0	0.0	0.0	0.40845737	0.31607684	0.0	0.0	0.32867834	0.0	0.0	0.13649596	0.24597359	0.0	0.34791407	0.24460377	0.0	0.0	0.0	0.0	0.264972	0.0	0.0	0.195368	0.0	0.488156	0.21862574	0.5874844	0.0	0.307763	0.0	0.0	0.0	0.0	0.10040168	0.0	0.10861733	0.0	0.0	0.0	0.0	0.53756726	0.0	0.0	0.0	0.23878856	0.0	0.0	0.0	0.51614374	0.10057076	0.0	0.16675407	0.0	0.0	0.3530717	0.0	0.0	0.0	0.0	0.08496312	0.0	0.0	0.0	0.0	0.14816044	0.0	0.5049124	0.0	0.0	0.41058373	0.0	0.0
0.0	0.14927778	0.0	0.0	0.0	0.0	0.022895033	0.0	0.0	0.0	0.0	0.0	0.0	0.0	0.29209897	0.0	0.3548527	0.0	0.0	0.06368626	0.0	0.1910718	0.0	0.21043642	0.0	0.0	0.12745076	0.0	0.0	0.22168589	0.3422341	0.0	0.0	0.0	0.0	0.0	0.0	0.0	0.0	0.0	0.27188894	0.42451882	0.0	0.0	0.0	0.0	0.36914566	0.0	0.22873537	0.1393431	0.0	0.0	0.0	0.20103268	0.0	0.0	0.0	0.0	0.0	0.38499048	0.358632	0.0	0.0	0.29924572	0.0	0.0	0.09313208	0.26621124	0.0	0.31730404	0.22027664	0.0	0.0	0.0	0.0	0.24830592	0.0	0.0	0.20479786	0.0	0.49392226	0.15461051	0.5606739	0.0	0.3388017	0.0	0.0	0.0	0.0	0.12286911	0.0	0.089229874	0.0	0.0	0.0	0.0	0.5672383	0.0	0.0	0.0	0.24692436	0.0	0.0	0.0	0.5353933	0.100179076	0.0	0.18903685	0.0	0.0	0.36602423	0.0	0.0	0.0	0.0	0.09921122	0.0	0.0	0.0	0.0	0.12968731	0.0	0.50473183	0.0	0.0	0.40349153	0.0	0.0
0.0	0.14029478	0.0	0.0	0.0	0.0	0.06256171	0.0	0.0	0.0	0.0	0.0	0.0	0.0	0.25738034	0.0	0.33236173	0.0	0.0	0.045240264	0.0	0.21436298	0.0	0.20413464	0.0	0.0	0.06367077	0.0	0.0	0.16673951	0.38450262	0.0	0.0	0.0	0.0	0.0	0.0	0.0	0.0	0.0	0.23162293	0.3530307	0.0	0.0	0.0	0.0	0.3733841	0.0	0.25957587	0.17669185	0.0	0.0	0.0	0.17291705	0.0	0.0	0.0	0.0	0.0	0.40539885	0.29793537	0.0	0.0	0.27650937	0.0	0.0	0.12660791	0.21019237	0.0	0.31480563	0.23576088	0.0	0.0	0.0	0.0	0.24350786	0.0	0.0	0.18657418	0.0	0.44631076	0.22029419	0.524491	0.0	0.2862455	0.0	0.0	0.0	0.0	0.08001359	0.0	0.11964652	0.0	0.0	0.0	0.0	0.5236092	0.0	0.0	0.0	0.24156515	0.0	0.0	0.0	0.47458315	0.05741613	0.0	0.16178413	0.0	0.0	0.34154797	0.0	0.01772683	0.0	0.0	0.08455346	0.0	0.0	0.0	0.0	0.1158882	0.0	0.49821782	0.0	0.0	0.39367047	0.0	0.0
0.0	0.13323788	0.0	0.0	0.0	0.0	0.0132813575	0.0	0.0	0.0	0.0	0.0	0.0	0.0	0.30612484	0.0	0.37416065	0.0	0.0	0.07027224	0.0	0.20364916	0.0	0.1902622	0.0	0.0	0.132488	0.0	0.0	0.24549414	0.350598	0.0	0.0	0.0	0.0	0.0	0.0	0.0	0.0	0.0	0.28513125	0.41789508	0.0	0.0	0.0	0.0	0.41083097	0.0	0.249137	0.17974503	0.0	0.0	0.0	0.2046538	0.0	0.0	0.0	0.0	0.0	0.3959987	0.34432164	0.0	0.0	0.31586498	0.0	0.0	0.13460492	0.26948434	0.0	0.34469166	0.23524554	0.0	0.0	0.0	0.0	0.244314	0.0	0.0	0.20340057	0.0	0.5004907	0.19421192	0.58242077	0.0	0.32645375	0.0	0.0	0.0	0.0	0.11899457	0.0	0.10475743	0.0	0.0	0.0	0.0	0.54914296	0.0	0.0	0.0	0.24425584	0.0	0.0	0.0	0.5297373	0.10597726	0.0	0.19157016	0.0	0.0	0.36763167	0.0	0.0	0.0	0.0	0.080511905	0.0	0.0	0.0	0.0	0.12726428	0.0	0.5030019	0.0	0.0	0.4097489	0.0	0.0
0.0	0.11696068	0.0	0.0	0.0	0.0	0.01849742	0.0	0.0	0.0	0.0	0.0	0.0	0.0	0.28521222	0.0	0.34198752	0.0	0.0	0.05432351	0.0	0.23772402	0.0	0.17629032	0.0	0.0	0.0911615	0.0	0.0	0.20181608	0.3649751	0.0	0.0	0.0	0.0	0.0	0.0	0.0	0.0	0.0	0.25787657	0.36125302	0.0	0.0	0.0	0.0	0.39727828	0.0	0.2637689	0.18893701	0.0	0.0	0.0	0.18576223	0.0	0.0	0.0	0.0	0.0	0.4053111	0.28850052	0.0	0.0	0.3000361	0.0	0.0	0.15510933	0.24567516	0.0	0.3233615	0.25769737	0.0	0.0	0.0	0.0	0.23267333	0.0	0.0	0.1929598	0.0	0.46418223	0.21736492	0.5424228	0.0	0.29570183	0.0	0.0	0.0	0.0	0.08692801	0.0	0.12004107	0.0	0.0	0.0	0.0	0.5189051	0.0	0.0	0.0	0.22154446	0.0	0.0	0.0	0.49087825	0.07869899	0.0	0.17477137	0.0	0.0	0.3636491	0.0	0.0	0.0	0.0	0.075292565	0.0	0.0	0.0	0.0	0.12785278	0.0	0.47869048	0.0	0.0	0.3875737	0.0	0.0
0.0	0.13498475	0.0	0.0	0.0	0.0	0.029802343	0.0	0.0	0.0	0.0	0.0	0.0	0.0	0.24898748	0.0	0.30272147	0.0	0.0	0.0448389	0.0	0.18048973	0.0	0.1890537	0.0	0.0	0.071150765	0.0	0.0	0.16774423	0.35140702	0.0	0.0	0.0	0.0	0.0	0.0	0.0	0.0	0.0	0.23886774	0.35952199	0.0	0.0	0.0	0.0	0.34578165	0.0	0.21632607	0.137646	0.0	0.0	0.0	0.16476609	0.0	0.0	0.0	0.0	0.0	0.37049016	0.31987152	0.0	0.0	0.24839415	0.0	0.0	0.11128754	0.225437	0.0	0.2898173	0.23261797	0.0	0.0	0.0	0.0	0.23071046	0.0	0.0	0.17454989	0.0	0.4529672	0.16106266	0.49206898	0.0	0.3022337	0.0	0.0	0.0	0.0	0.08749271	0.0	0.08345281	0.0	0.0	0.0	0.0	0.5468743	0.0	0.0	0.0	0.22327642	0.0	0.0	0.0	0.4884232	0.06041996	0.0	0.14869002	0.0	0.0	0.35756758	0.0	0.0	0.0	0.0	0.09850647	0.0	0.0	0.0	0.0	0.10729396	0.0	0.46969202	0.0	0.0	0.36637858	0.0	0.0
0.0	0.13330446	0.0	0.0	0.0	0.0	0.04643036	0.0	0.0	0.0	0.0	0.0	0.0	0.0	0.2570284	0.0	0.32154575	0.0	0.0	0.058318958	0.0	0.20505601	0.0	0.19806333	0.0	0.0	0.080318175	0.0	0.0	0.17845906	0.36891365	0.0	0.0	0.0	0.0	0.0	0.0	0.0	0.0	0.0	0.2406526	0.37276545	0.0	0.0	0.0	0.0	0.35681304	0.0	0.24353112	0.15496469	0.0	0.0	0.0	0.18132208	0.0	0.0	0.0	0.0	0.0	0.40337333	0.30853286	0.0	0.0	0.27192825	0.0	0.0	0.111569114	0.22777663	0.0	0.31294426	0.24066526	0.0	0.0	0.0	0.0	0.23536336	0.0	0.0	0.17905407	0.0	0.46301672	0.19077258	0.5189026	0.0	0.2972473	0.0	0.0	0.0	0.0	0.085837185	0.0	0.10009724	0.0	0.0	0.0	0.0	0.54292536	0.0	0.0	0.0	0.21911494	0.0	0.0	0.0	0.48715663	0.069611855	0.0	0.1504384	0.0	0.0	0.34775627	0.0	0.0	0.0	0.0	0.09799984	0.0	0.0	0.0	0.0	0.1232124	0.0	0.4939008	0.0	0.0	0.38841835	0.0	0.0
0.0	0.09841967	0.0	0.0	0.0	0.0	0.010232113	0.0	0.0	0.0	0.0	0.0	0.0	0.0	0.21676596	0.0	0.24554794	0.0	0.0	0.030188063	0.0	0.15913044	0.0	0.13385262	0.0	0.0	0.03507453	0.0	0.0	0.12704082	0.35564074	0.0	0.0	0.0	0.0	0.0	0.0	0.0	0.0	0.0	0.21631183	0.28639635	0.0	0.0	0.0	0.0	0.35341236	0.0	0.24297468	0.17928268	0.0	0.0	0.0	0.16104682	0.0	0.0	0.0	0.0	0.0	0.38924322	0.25390458	0.0	0.0	0.20804882	0.0	0.0	0.1606974	0.17914204	0.0	0.2865503	0.2412771	0.0	0.0	0.0	0.0	0.21806471	0.0	0.0	0.14032245	0.0	0.40919903	0.17658798	0.4446458	0.0	0.26143673	0.0	0.0	0.0	0.0	0.05501875	0.0	0.08691639	0.0	0.0	0.0	0.0	0.51230484	0.0	0.0	0.0	0.1912098	0.0	0.0	0.0	0.43976808	0.019287817	0.0	0.09740963	0.0	0.0	0.3364376	0.0	0.0	0.0	0.0	0.0851126	0.0	0.0	0.0	0.0	0.08112613	0.0	0.40874562	0.0	0.0	0.32122168	0.0	0.0
0.0	0.10624214	0.0	0.0	0.0	0.0	0.011295094	0.0	0.0	0.0	0.0	0.0	0.0	0.0	0.2418899	0.0	0.2708253	0.0	0.0	0.03316612	0.0	0.1764823	0.0	0.16644302	0.0	0.0	0.05318405	0.0	0.0	0.14692423	0.36814228	0.0	0.0	0.0	0.0	0.0	0.0	0.0	0.0	0.0	0.22227947	0.3185754	0.0	0.0	0.0	0.0	0.35804692	0.0	0.2239976	0.17706694	0.0	0.0	0.0	0.16564341	0.0	0.0	0.0	0.0	0.0	0.3895607	0.2670418	0.0	0.0	0.23004337	0.0	0.0	0.14091848	0.19810794	0.0	0.29560098	0.23424564	0.0	0.0	0.0	0.0	0.22456045	0.0	0.0	0.15955214	0.0	0.44266108	0.19221313	0.45757434	0.0	0.26764017	0.0	0.0	0.0	0.0	0.0759303	0.0	0.09432536	0.0	0.0	0.0	0.0	0.51359504	0.0	0.0	0.0	0.20048106	0.0	0.0	0.0	0.464547	0.050492436	0.0	0.12047539	0.0	0.0	0.33753657	0.0	0.002822873	0.0	0.0	0.08856505	0.0	0.0	0.0	0.0	0.090637945	0.0	0.43080536	0.0	0.0	0.34135497	0.0	0.0
0.0	0.124719165	0.0	0.0	0.0	0.0	0.035498243	0.0	0.0	0.0	0.0	0.0	0.0	0.0	0.30660185	0.0	0.36365625	0.0	0.0	0.05534986	0.0	0.2224936	0.0	0.20857275	0.0	0.0	0.109583616	0.0	0.0	0.22702551	0.36832199	0.0	0.0	0.0	0.0	0.0	0.0	0.0	0.0	0.0	0.291457	0.39890346	0.0	0.0	0.0	0.0	0.38747847	0.0	0.25269246	0.14968984	0.0	0.0	0.0	0.18116264	0.0	0.0	0.0	0.0	0.0	0.39507818	0.3338455	0.0	0.0	0.3210167	0.0	0.0	0.10280313	0.24746262	0.0	0.30583206	0.23986554	0.0	0.0	0.0	0.0	0.25253156	0.0	0.0	0.20478888	0.0	0.48424363	0.18971574	0.57092804	0.0	0.32983592	0.0	0.0	0.0	0.0	0.1156348	0.0	0.11585468	0.0	0.0	0.0	0.0	0.5586614	0.0	0.0	0.0	0.24815886	0.0	0.0	0.0	0.53007185	0.07802818	0.0	0.18160768	0.0	0.0	0.34697306	0.0	0.0	0.0	0.0	0.083965935	0.0	0.0	0.0	0.0	0.12991247	0.0	0.49562564	0.0	0.0	0.41045904	0.0	0.0
0.0	0.13886833	0.0	0.0	0.0	0.0	0.029113606	0.0	0.0	0.0	0.0	0.0	0.0	0.0	0.29820868	0.0	0.3585646	0.0	0.0	0.061937053	0.0	0.20946324	0.0	0.21331228	0.0	0.0	0.13011414	0.0	0.0	0.21691288	0.35734987	0.0	0.0	0.0	0.0	0.0	0.0	0.0	0.0	0.0	0.26380345	0.42125392	0.0	0.0	0.0	0.0	0.3731459	0.0	0.24192715	0.16092701	0.0	0.0	0.0	0.20440172	0.0	0.0	0.0	0.0	0.0	0.40619028	0.34573337	0.0	0.0	0.30750403	0.0	0.0	0.107397474	0.25231403	0.0	0.3338103	0.23237355	0.0	0.0	0.0	0.0	0.25091723	0.0	0.0	0.20367599	0.0	0.50583476	0.1924299	0.56268334	0.0	0.31842777	0.0	0.0	0.0	0.0	0.11720667	0.0	0.09671674	0.0	0.0	0.0	0.0	0.5600129	0.0	0.0	0.0	0.23843026	0.0	0.0	0.0	0.5211253	0.109150924	0.0	0.18158285	0.0	0.0	0.34684846	0.0	0.0	0.0	0.0	0.092804335	0.0	0.0	0.0	0.0	0.13787715	0.0	0.50632197	0.0	0.0	0.41792664	0.0	0.0
0.0	0.119754404	0.0	0.0	0.0	0.0	0.006815257	0.0	0.0	0.0	0.0	0.0	0.0	0.0	0.2976391	0.0	0.34142065	0.0	0.0	0.058445413	0.0	0.19776277	0.0	0.18873966	0.0	0.0	0.1181654	0.0	0.0	0.21905279	0.35619953	0.0	0.0	0.0	0.0	0.0	0.0	0.0	0.0	0.0	0.270594	0.37923124	0.0	0.0	0.0	0.0	0.39287165	0.0	0.23913944	0.18939723	0.0	0.0	0.0	0.20258321	0.0	0.0	0.0	0.0	0.0	0.39523652	0.3237411	0.0	0.0	0.2933196	0.0	0.0	0.1382664	0.24523945	0.0	0.33482447	0.23797917	0.0	0.0	0.0	0.0	0.24689923	0.0	0.0	0.19274789	0.0	0.48984948	0.19382441	0.54303783	0.0	0.3061109	0.0	0.0	0.0	0.0	0.10327557	0.0	0.09606429	0.0	0.0	0.0	0.0	0.53781956	0.0	0.0	0.0	0.23169054	0.0	0.0	0.0	0.50689936	0.09655569	0.0	0.16362423	0.0	0.0	0.35351607	0.0	0.0	0.0	0.0	0.08469999	0.0	0.0	0.0	0.0	0.12527673	0.0	0.47573683	0.0	0.0	0.39336887	0.0	0.0
0.0	0.13314116	0.0	0.0	0.0	0.0	0.013043971	0.0	0.0	0.0	0.0	0.0	0.0	0.0	0.30472302	0.0	0.35932317	0.0	0.0	0.06350752	0.0	0.2144394	0.0	0.20914364	0.0	0.0	0.13018556	0.0	0.0	0.23062705	0.35559496	0.0	0.0	0.0	0.0	0.0	0.0	0.0	0.0	0.0	0.27859157	0.39854383	0.0	0.0	0.0	0.0	0.38401046	0.0	0.24312389	0.17983478	0.0	0.0	0.0	0.21462648	0.0	0.0	0.0	0.0	0.0	0.39839873	0.3395691	0.0	0.0	0.31866598	0.0	0.0	0.11356151	0.25442898	0.0	0.33418766	0.23680468	0.0	0.0	0.0	0.0	0.25559488	0.0	0.0	0.20517266	0.0	0.48984638	0.18662131	0.5695285	0.0	0.32164928	0.0	0.0	0.0	0.0	0.11234001	0.0	0.09748738	0.0	0.0	0.0	0.0	0.55251664	0.0	0.0	0.0	0.24183095	0.0	0.0	0.0	0.519563	0.10419766	0.0	0.17499292	0.0	0.0	0.35554278	0.0	0.0	0.0	0.0	0.09254044	0.0	0.0	0.0	0.0	0.14384182	0.0	0.5021637	0.0	0.0	0.40814248	0.0	0.0
0.0	0.10955974	0.0	0.0	0.0	0.0	0.04415837	0.0	0.0	0.0	0.0	0.0	0.0	0.0	0.27034697	0.0	0.32016483	0.0	0.0	0.06311431	0.0	0.22755592	0.0	0.17556246	0.0	0.0	0.065868154	0.0	0.0	0.18758671	0.37665454	0.0	0.0	0.0	0.0	0.0	0.0	0.0	0.0	0.0	0.24347718	0.33925214	0.0	0.0	0.0	0.0	0.3894721	0.0	0.25993538	0.20247345	0.0	0.0	0.0	0.17824458	0.0	0.0	0.0	0.0	0.0	0.4132808	0.26859453	0.0	0.0	0.2781018	0.0	0.0	0.14982468	0.21858068	0.0	0.3211932	0.2512944	0.0	0.0	0.0	0.0	0.24042392	0.0	0.0	0.16537394	0.0	0.45973095	0.2312525	0.5195027	0.0	0.27334723	0.0	0.0	0.0	0.0	0.06987905	0.0	0.11170578	0.0	0.0	0.0	0.0	0.5141502	0.0	0.0	0.0	0.21080847	0.0	0.0	0.0	0.47328594	0.06427237	0.0	0.1343556	0.0	0.0	0.3444251	0.0	0.0036898174	0.0	0.0	0.078825	0.0	0.0	0.0	0.0	0.117997326	0.0	0.474381	0.0	0.0	0.38046703	0.0	0.0
0.0	0.14358366	0.0	0.0	0.0	0.0	0.104287855	0.0	0.0	0.0	0.0	0.0	0.0	0.0	0.31472838	0.0	0.38031116	0.0	0.0	0.07112235	0.0	0.22718902	0.0	0.24903907	0.0	0.0	0.08553406	0.0	0.0	0.18565977	0.38330483	0.0	0.0	0.0	0.0	0.0	0.0	0.0	0.0	0.0	0.24713744	0.3667682	0.0	0.0	0.0	0.0	0.35773358	0.0	0.2518671	0.18818568	0.0	0.0	0.0	0.17985934	0.0	0.0	0.0	0.0	0.0	0.4097273	0.31847847	0.0	0.0	0.30101046	0.0	0.0	0.095929526	0.20341451	0.0	0.3227167	0.21024175	0.0	0.0	0.0	0.0	0.27585447	0.0	0.0	0.17858286	0.0	0.47990975	0.2465933	0.5338492	0.0	0.30239722	0.0	0.0	0.0	0.0	0.09440867	0.0	0.12748884	0.0	0.0	0.0	0.0	0.5413985	0.0	0.0	0.0	0.25177938	0.0	0.0	0.0	0.47354713	0.07313624	0.0	0.16320655	0.0	0.0	0.32723266	0.0	0.005612102	0.0	0.0	0.09121009	0.0	0.0	0.0	0.0	0.1335472	0.0	0.5236775	0.0	0.0	0.42383257	0.0	0.0
0.0	0.12538478	0.0	0.0	0.0	0.0	0.08106824	0.0	0.0	0.0	0.0	0.0	0.0	0.0	0.27754802	0.0	0.3347942	0.0	0.0	0.0571363	0.0	0.21525113	0.0	0.21606462	0.0	0.0	0.069247596	0.0	0.0	0.15881927	0.3831055	0.0	0.0	0.0	0.0	0.0	0.0	0.0	0.0	0.0	0.23065007	0.33911476	0.0	0.0	0.0	0.0	0.3560678	0.0	0.24654107	0.17357378	0.0	0.0	0.0	0.16784002	0.0	0.0	0.0	0.0	0.0	0.40300646	0.297153	0.0	0.0	0.269949	0.0	0.0	0.110955395	0.19791728	0.0	0.3028905	0.22098124	0.0	0.0	0.0	0.0	0.25068116	0.0	0.0	0.16468969	0.0	0.45884526	0.22887743	0.49959597	0.0	0.2843149	0.0	0.0	0.0	0.0	0.07904278	0.0	0.11287471	0.0	0.0	0.0	0.0	0.5307739	0.0	0.0	0.0	0.22352614	0.0	0.0	0.0	0.46343502	0.051295746	0.0	0.1350544	0.0	0.0	0.32821587	0.0	0.0035332348	0.0	0.0	0.09635284	0.0	0.0	0.0	0.0	0.11753515	0.0	0.48388842	0.0	0.0	0.3899076	0.0	0.0
0.0	0.12523556	0.0	0.0	0.0	0.0	0.07795966	0.0	0.0	0.0	0.0	0.0	0.0	0.0	0.26607218	0.0	0.3213767	0.0	0.0	0.051164653	0.0	0.20663111	0.0	0.2166156	0.0	0.0	0.057839338	0.0	0.0	0.1449786	0.3788139	0.0	0.0	0.0	0.0	0.0	0.0	0.0	0.0	0.0	0.21665739	0.32646665	0.0	0.0	0.0	0.0	0.34585628	0.0	0.23622125	0.16631149	0.0	0.0	0.0	0.15278758	0.0	0.0	0.0	0.0	0.0	0.39615574	0.28955114	0.0	0.0	0.2533837	0.0	0.0	0.11326641	0.18712483	0.0	0.29569522	0.21955298	0.0	0.0	0.0	0.0	0.24903075	0.0	0.0	0.15523396	0.0	0.44794655	0.22055833	0.4778569	0.0	0.27896696	0.0	0.0	0.0	0.0	0.07443636	0.0	0.10680907	0.0	0.0	0.0	0.0	0.5277373	0.0	0.0	0.0	0.2194532	0.0	0.0	0.0	0.44910035	0.043407112	0.0	0.12883805	0.0	0.0	0.33044186	0.0	0.0038258526	0.0	0.0	0.09750238	0.0	0.0	0.0	0.0	0.11236626	0.0	0.47443226	0.0	0.0	0.37960592	0.0	0.0
0.0	0.12258921	0.0	0.0	0.0	0.0	0.076920725	0.0	0.0	0.0	0.0	0.0	0.0	0.0	0.24959986	0.0	0.31194082	0.0	0.0	0.044998363	0.0	0.21737377	0.0	0.19846432	0.0	0.0	0.052733738	0.0	0.0	0.14231755	0.38402614	0.0	0.0	0.0	0.0	0.0	0.0	0.0	0.0	0.0	0.21877468	0.31693873	0.0	0.0	0.0	0.0	0.354136	0.0	0.25276223	0.17266096	0.0	0.0	0.0	0.15745814	0.0	0.0	0.0	0.0	0.0	0.40313038	0.27757874	0.0	0.0	0.25193787	0.0	0.0	0.124990046	0.18951462	0.0	0.29245305	0.23111558	0.0	0.0	0.0	0.0	0.23802735	0.0	0.0	0.1613918	0.0	0.43234468	0.2252384	0.48048273	0.0	0.27308613	0.0	0.0	0.0	0.0	0.06647256	0.0	0.10898491	0.0	0.0	0.0	0.0	0.5139494	0.0	0.0	0.0	0.2145816	0.0	0.0	0.0	0.44940034	0.031256378	0.0	0.129952	0.0	0.0	0.33475175	0.0	0.006334001	0.0	0.0	0.09236652	0.0	0.0	0.0	0.0	0.109679304	0.0	0.47362748	0.0	0.0	0.3713403	0.0	0.0
0.0	0.12773462	0.0	0.0	0.0	0.0	0.099327855	0.0	0.0	0.0	0.0	0.0	0.0	0.0	0.25562212	0.0	0.32116157	0.0	0.0	0.050686967	0.0	0.22014384	0.0	0.2032115	0.0	0.0	0.051407512	0.0	0.0	0.13766421	0.39268076	0.0	0.0	0.0	0.0	0.0	0.0	0.0	0.0	0.0	0.20603704	0.31093785	0.0	0.0	0.0	0.0	0.35856727	0.0	0.26195303	0.18084729	0.0	0.0	0.0	0.14938383	0.0	0.0	0.0	0.0	0.0	0.41016886	0.2713717	0.0	0.0	0.25494587	0.0	0.0	0.12866835	0.17521177	0.0	0.2944648	0.22281091	0.0	0.0	0.0	0.0	0.24158466	0.0	0.0	0.15849444	0.0	0.42702004	0.2456414	0.47974506	0.0	0.26712683	0.0	0.0	0.0	0.0	0.058281034	0.0	0.12374696	0.0	0.0	0.0	0.0	0.5140416	0.0	0.0	0.0	0.221277	0.0	0.0	0.0	0.43279386	0.027550004	0.0	0.1283861	0.0	0.0	0.33137202	0.0	0.0127764465	0.0	0.0	0.08969308	0.0	0.0	0.0	0.0	0.1040028	0.0	0.4853033	0.0	0.0	0.37666512	0.0	0.0
0.0	0.12195919	0.0	0.0	0.0	0.0	0.090447225	0.0	0.0	0.0	0.0	0.0	0.0	0.0	0.26031524	0.0	0.32934818	0.0	0.0	0.062917344	0.0	0.2193048	0.0	0.20532449	0.0	0.0	0.053808223	0.0	0.0	0.15638985	0.3880593	0.0	0.0	0.0	0.0	0.0	0.0	0.0	0.0	0.0	0.22896527	0.3173701	0.0	0.0	0.0	0.0	0.36494055	0.0	0.26411977	0.17804451	0.0	0.0	0.0	0.15769039	0.0	0.0	0.0	0.0	0.0	0.4174714	0.2753946	0.0	0.0	0.26628855	0.0	0.0	0.12592356	0.19221886	0.0	0.2976571	0.23134059	0.0	0.0	0.0	0.0	0.25206292	0.0	0.0	0.16381824	0.0	0.43445477	0.23885632	0.4927281	0.0	0.28433725	0.0	0.0	0.0	0.0	0.061987486	0.0	0.12728478	0.0	0.0	0.0	0.0	0.5240176	0.0	0.0	0.0	0.21631627	0.0	0.0	0.0	0.44732895	0.030549856	0.0	0.12087852	0.0	0.0	0.33190763	0.0	0.007470123	0.0	0.0	0.09582501	0.0	0.0	0.0	0.0	0.10841137	0.0	0.49182424	0.0	0.0	0.38125563	0.0	0.0
0.0	0.12642987	0.0	0.0	0.0	0.0	0.09000099	0.0	0.0	0.0	0.0	0.0	0.0	0.0	0.24814807	0.0	0.31922796	0.0	0.0	0.056080755	0.0	0.21159242	0.0	0.20095734	0.0	0.0	0.046523884	0.0	0.0	0.13925655	0.3886068	0.0	0.0	0.0	0.0	0.0	0.0	0.0	0.0	0.0	0.20640522	0.31379226	0.0	0.0	0.0	0.0	0.36209592	0.0	0.2576951	0.17409517	0.0	0.0	0.0	0.14789608	0.0	0.0	0.0	0.0	0.0	0.40639222	0.27233568	0.0	0.0	0.25374916	0.0	0.0	0.12518197	0.174151	0.0	0.29591337	0.22649574	0.0	0.0	0.0	0.0	0.24508524	0.0	0.0	0.15263633	0.0	0.4271092	0.23562329	0.4801362	0.0	0.27566186	0.0	0.0	0.0	0.0	0.06363825	0.0	0.12091869	0.0	0.0	0.0	0.0	0.52515996	0.0	0.0	0.0	0.21858563	0.0	0.0	0.0	0.43792412	0.02595261	0.0	0.12287629	0.0	0.0	0.32954508	0.0	0.010646907	0.0	0.0	0.094548255	0.0	0.0	0.0	0.0	0.099349596	0.0	0.4814842	0.0	0.0	0.37621018	0.0	0.0
0.0	0.16539209	0.0	0.0	0.0	0.0	0.05597846	0.0	0.0	0.0	0.0	0.0	0.0	0.0	0.24401434	0.0	0.33805433	0.0	0.0	0.06606365	0.0	0.17235188	0.0	0.20315826	0.0	0.0	0.08216637	0.0	0.0	0.20769382	0.34043574	0.0	0.0	0.0	0.0	0.0	0.0	0.0	0.0	0.0	0.24901712	0.41457358	0.0	0.0	0.0	0.0	0.35975602	0.0	0.23641133	0.12737758	0.0	0.0	0.0	0.17009817	0.0	0.0	0.0	0.0	0.0	0.37692466	0.3477904	0.0	0.0	0.27365842	0.0	0.0	0.08449087	0.24300475	0.0	0.291507	0.21008895	0.0	0.0	0.0	0.0	0.24395609	0.0	0.0	0.19224012	0.0	0.44514975	0.1446969	0.5407605	0.0	0.33717647	0.0	0.0	0.0	0.0	0.10345483	0.0	0.09596715	0.0	0.0	0.0	0.0	0.5665267	0.0	0.0	0.0	0.2434036	0.0	0.0	0.0	0.50828	0.06865836	0.0	0.1861553	0.0	0.0	0.3686223	0.0	0.0	0.0	0.0	0.11638885	0.0	0.0	0.0	0.0	0.101623654	0.0	0.51848435	0.0	0.0	0.3857821	0.007402033	0.0
0.0	0.12503253	0.0	0.0	0.0	0.0	0.08590881	0.0	0.0	0.0	0.0	0.0	0.0	0.0	0.25920305	0.0	0.32686535	0.0	0.0	0.053482365	0.0	0.21709894	0.0	0.20590954	0.0	0.0	0.05727685	0.0	0.0	0.14831795	0.38574782	0.0	0.0	0.0	0.0	0.0	0.0	0.0	0.0	0.0	0.21727301	0.32526007	0.0	0.0	0.0	0.0	0.3603553	0.0	0.2563549	0.17617758	0.0	0.0	0.0	0.156253	0.0	0.0	0.0	0.0	0.0	0.4082611	0.2816473	0.0	0.0	0.25957575	0.0	0.0	0.12282149	0.18643363	0.0	0.29864442	0.22570483	0.0	0.0	0.0	0.0	0.244096	0.0	0.0	0.16331404	0.0	0.44075584	0.23904932	0.48941955	0.0	0.2759324	0.0	0.0	0.0	0.0	0.06897215	0.0	0.11716274	0.0	0.0	0.0	0.0	0.52312285	0.0	0.0	0.0	0.2185312	0.0	0.0	0.0	0.44750425	0.037166733	0.0	0.13065259	0.0	0.0	0.3295631	0.0	0.0076996977	0.0	0.0	0.0955526	0.0	0.0	0.0	0.0	0.107009076	0.0	0.48292163	0.0	0.0	0.3823603	0.0	0.0
0.0	0.12894343	0.0	0.0	0.0	0.0	0.08773401	0.0	0.0	0.0	0.0	0.0	0.0	0.0	0.2486068	0.0	0.3228592	0.0	0.0	0.04785272	0.0	0.20967062	0.0	0.20749633	0.0	0.0	0.055305555	0.0	0.0	0.14028092	0.38392982	0.0	0.0	0.0	0.0	0.0	0.0	0.0	0.0	0.0	0.21096165	0.3239592	0.0	0.0	0.0	0.0	0.3507569	0.0	0.25547034	0.1704566	0.0	0.0	0.0	0.15373977	0.0	0.0	0.0	0.0	0.0	0.40263748	0.28243628	0.0	0.0	0.25642356	0.0	0.0	0.12078474	0.18008405	0.0	0.29871684	0.22894871	0.0	0.0	0.0	0.0	0.24331343	0.0	0.0	0.16082455	0.0	0.4344131	0.23139308	0.48608017	0.0	0.27675688	0.0	0.0	0.0	0.0	0.069679715	0.0	0.11447594	0.0	0.0	0.0	0.0	0.52313346	0.0	0.0	0.0	0.21791025	0.0	0.0	0.0	0.444383	0.03614904	0.0	0.13031118	0.0	0.0	0.3274195	0.0	0.009018769	0.0	0.0	0.09972876	0.0	0.0	0.0	0.0	0.10835404	0.0	0.48529848	0.0	0.0	0.37347808	0.0	0.0
0.0	0.12172554	0.0	0.0	0.0	0.0	0.086236596	0.0	0.0	0.0	0.0	0.0	0.0	0.0	0.23630607	0.0	0.3061699	0.0	0.0	0.043031532	0.0	0.2158459	0.0	0.18819384	0.0	0.0	0.04500824	0.0	0.0	0.12852018	0.38821837	0.0	0.0	0.0	0.0	0.0	0.0	0.0	0.0	0.0	0.20551598	0.30080983	0.0	0.0	0.0	0.0	0.3554115	0.0	0.26180246	0.17309177	0.0	0.0	0.0	0.14778	0.0	0.0	0.0	0.0	0.0	0.40628362	0.26311648	0.0	0.0	0.24199577	0.0	0.0	0.13083099	0.1730047	0.0	0.28996888	0.23483908	0.0	0.0	0.0	0.0	0.23483576	0.0	0.0	0.15381172	0.0	0.41856527	0.2336243	0.47099188	0.0	0.27020457	0.0	0.0	0.0	0.0	0.060284037	0.0	0.11240786	0.0	0.0	0.0	0.0	0.5146613	0.0	0.0	0.0	0.20949371	0.0	0.0	0.0	0.4354372	0.021032952	0.0	0.121937774	0.0	0.0	0.32690355	0.0	0.007374944	0.0	0.0	0.09322578	0.0	0.0	0.0	0.0	0.10019153	0.0	0.469704	0.0	0.0	0.36794496	0.0	0.0
0.0	0.1304789	0.0	0.0	0.0	0.0	0.09580928	0.0	0.0	0.0	0.0	0.0	0.0	0.0	0.2548608	0.0	0.32537994	0.0	0.0	0.052746907	0.0	0.20892441	0.0	0.20989464	0.0	0.0	0.058096465	0.0	0.0	0.14227639	0.38607958	0.0	0.0	0.0	0.0	0.0	0.0	0.0	0.0	0.0	0.20835121	0.3241025	0.0	0.0	0.0	0.0	0.35270607	0.0	0.2557827	0.17505316	0.0	0.0	0.0	0.15144879	0.0	0.0	0.0	0.0	0.0	0.40720925	0.28391978	0.0	0.0	0.25314173	0.0	0.0	0.12119784	0.17531462	0.0	0.29894888	0.2222196	0.0	0.0	0.0	0.0	0.24706014	0.0	0.0	0.15989281	0.0	0.43444404	0.23830545	0.48465934	0.0	0.275512	0.0	0.0	0.0	0.0	0.06634692	0.0	0.11622097	0.0	0.0	0.0	0.0	0.5244617	0.0	0.0	0.0	0.22155601	0.0	0.0	0.0	0.4366264	0.03284547	0.0	0.12777062	0.0	0.0	0.32572463	0.0	0.011305504	0.0	0.0	0.09910884	0.0	0.0	0.0	0.0	0.10582229	0.0	0.48997355	0.0	0.0	0.37987852	0.0	0.0
0.0	0.13524713	0.0	0.0	0.0	0.0	0.1046941	0.0	0.0	0.0	0.0	0.0	0.0	0.0	0.32380363	0.0	0.39130569	0.0	0.0	0.072291866	0.0	0.25563332	0.0	0.22499715	0.0	0.0	0.07801988	0.0	0.0	0.20008868	0.40159667	0.0	0.0	0.0	0.0	0.0	0.0	0.0	0.0	0.0	0.24470274	0.35639587	0.0	0.0	0.0	0.0	0.38813886	0.0	0.28036872	0.22824325	0.0	0.0	0.0	0.18001382	0.0	0.0	0.0	0.0	0.0	0.42002782	0.28828323	0.0	0.0	0.33182538	0.0	0.0	0.12957805	0.19595177	0.0	0.3386717	0.2233863	0.0	0.0	0.0	0.0	0.27885813	0.0	0.0	0.18261765	0.0	0.4726212	0.29206893	0.5691463	0.0	0.2813894	0.0	0.0	0.0	0.0	0.07621378	0.0	0.1443172	0.0	0.0	0.0	0.0	0.5224809	0.0	0.0	0.0	0.24051999	0.0	0.0	0.0	0.46857062	0.0772467	0.0	0.15368904	0.0	0.0	0.31696746	0.0	0.008872511	0.0	0.0	0.082269914	0.0	0.0	0.0	0.0	0.13924865	0.0	0.52734095	0.0	0.0	0.42740074	0.0	0.0
0.0	0.165087	0.0	0.0	0.0	0.0	0.0488845	0.0	0.0	0.0	0.0	0.0	0.0	0.0	0.25299752	0.0	0.34174535	0.0	0.0	0.07746713	0.0	0.16126895	0.0	0.18912815	0.0	0.0	0.094877265	0.0	0.0	0.22921161	0.33548865	0.0	0.0	0.0	0.0	0.0	0.0	0.0	0.0	0.0	0.2607802	0.426432	0.0	0.0	0.0	0.0	0.38066864	0.0	0.23990184	0.13753285	0.0	0.0	0.0	0.17948818	0.0	0.0	0.0	0.0	0.0	0.38235387	0.35026124	0.0	0.0	0.2801829	0.0	0.0	0.10401785	0.2568922	0.0	0.3108025	0.2119723	0.0	0.0	0.0	0.0	0.24216135	0.0	0.0	0.19218887	0.0	0.460958	0.14913476	0.549547	0.0	0.34291363	0.0	0.0	0.0	0.0	0.106845714	0.0	0.09921888	0.0	0.0	0.0	0.0	0.5708961	0.0	0.0	0.0	0.24077928	0.0	0.0	0.0	0.51346356	0.08359615	0.0	0.18445031	0.0	0.0	0.37609646	0.0	0.0	0.0	0.0	0.10741866	0.0	0.0	0.0	0.0	0.091385506	0.0	0.5181557	0.0	0.0	0.38745475	0.015018101	0.0
0.0	0.18632239	0.0	0.0	0.0	0.0	0.060080457	0.0	0.0	0.0	0.0	0.0	0.0	0.0	0.23151374	0.0	0.32733992	0.0	0.0	0.060039163	0.0	0.1458026	0.0	0.2019695	0.0	0.0	0.083311446	0.0	0.0	0.20026378	0.32191265	0.0	0.0	0.0	0.0	0.0	0.0	0.0	0.0	0.0	0.23961692	0.42065725	0.0	0.0	0.0	0.0	0.34597883	0.0	0.22547388	0.10820392	0.0	0.0	0.0	0.1693212	0.0	0.0	0.0	0.0	0.0	0.36056828	0.35811853	0.0	0.0	0.25544292	0.0	0.0	0.082903415	0.23812826	0.0	0.28961593	0.2103424	0.0	0.0	0.0	0.0	0.24267213	0.0	0.0	0.18203641	0.0	0.43103862	0.117619134	0.53860635	0.0	0.36068502	0.0	0.0	0.0	0.0	0.10559678	0.0	0.085006975	0.0	0.0	0.0	0.0	0.5836253	0.0	0.0	0.0	0.2516968	0.0	0.0	0.0	0.49950746	0.06726739	0.0	0.19132394	0.0	0.0	0.37335292	0.0	0.0	0.0	0.0	0.12156733	0.0	0.0	0.0	0.0	0.09723544	0.0	0.5217933	0.0	0.0	0.38292217	0.01863044	0.0
0.0	0.12739709	0.0	0.0	0.0	0.0	0.09109237	0.0	0.0	0.0	0.0	0.0	0.0	0.0	0.2939934	0.0	0.371519	0.0	0.0	0.07114772	0.0	0.25881982	0.0	0.17819466	0.0	0.0	0.054922957	0.0	0.0	0.19641924	0.41178298	0.0	0.0	0.0	0.0	0.0	0.0	0.0	0.0	0.0	0.23003666	0.3219717	0.0	0.0	0.0	0.0	0.412156	0.0	0.3078359	0.25320998	0.0	0.0	0.0	0.16218086	0.0	0.0	0.0	0.0	0.0	0.42920515	0.24954803	0.0	0.0	0.32672587	0.0	0.0	0.16431232	0.1874659	0.0	0.34584394	0.24765104	0.0	0.0	0.0	0.0	0.26259395	0.0	0.0	0.18415892	0.0	0.4458659	0.31928417	0.5583944	0.0	0.25507864	0.0	0.0	0.0	0.0	0.056289453	0.0	0.14784057	0.0	0.0	0.0	0.0	0.49602082	0.0	0.0	0.0	0.22356234	0.0	0.0	0.0	0.45937133	0.061020534	0.0	0.1417461	0.0	0.0	0.32084846	0.0	0.01495823	0.0	0.0	0.07138059	0.0	0.0	0.0	0.0	0.11675897	0.0	0.512871	0.0	0.0	0.40775442	0.0	0.0
0.0	0.13495459	0.0	0.0	0.0	0.0	0.10350645	0.0	0.0	0.0	0.0	0.0	0.0	0.0	0.28082988	0.0	0.3526503	0.0	0.0	0.06205826	0.0	0.22314537	0.0	0.23197997	0.0	0.0	0.068108656	0.0	0.0	0.15917693	0.38491282	0.0	0.0	0.0	0.0	0.0	0.0	0.0	0.0	0.0	0.22285932	0.34034574	0.0	0.0	0.0	0.0	0.35540137	0.0	0.25326127	0.17662616	0.0	0.0	0.0	0.16122688	0.0	0.0	0.0	0.0	0.0	0.40793857	0.29807797	0.0	0.0	0.2741967	0.0	0.0	0.10796078	0.18832515	0.0	0.3052003	0.21406688	0.0	0.0	0.0	0.0	0.2588087	0.0	0.0	0.16760059	0.0	0.4552053	0.2438869	0.5061087	0.0	0.2860747	0.0	0.0	0.0	0.0	0.07715123	0.0	0.124068715	0.0	0.0	0.0	0.0	0.5349149	0.0	0.0	0.0	0.23321092	0.0	0.0	0.0	0.45060897	0.048927754	0.0	0.14321925	0.0	0.0	0.3300961	0.0	0.0074524526	0.0	0.0	0.09701482	0.0	0.0	0.0	0.0	0.122336306	0.0	0.5068708	0.0	0.0	0.39580026	0.0	0.0
0.0	0.13571663	0.0	0.0	0.0	0.0	0.09835837	0.0	0.0	0.0	0.0	0.0	0.0	0.0	0.30399165	0.0	0.36217603	0.0	0.0	0.062184412	0.0	0.21677427	0.0	0.2428853	0.0	0.0	0.07750365	0.0	0.0	0.16923116	0.3790308	0.0	0.0	0.0	0.0	0.0	0.0	0.0	0.0	0.0	0.22930682	0.35389218	0.0	0.0	0.0	0.0	0.35480657	0.0	0.23733099	0.17930542	0.0	0.0	0.0	0.16545364	0.0	0.0	0.0	0.0	0.0	0.40308642	0.30954155	0.0	0.0	0.28038535	0.0	0.0	0.10353456	0.19122608	0.0	0.3121107	0.20581846	0.0	0.0	0.0	0.0	0.26766738	0.0	0.0	0.16679232	0.0	0.47179487	0.23749276	0.5086573	0.0	0.2901478	0.0	0.0	0.0	0.0	0.08657014	0.0	0.12162626	0.0	0.0	0.0	0.0	0.5388753	0.0	0.0	0.0	0.24133228	0.0	0.0	0.0	0.45566782	0.066105604	0.0	0.14922987	0.0	0.0	0.32852316	0.0	0.0067455713	0.0	0.0	0.0953931	0.0	0.0	0.0	0.0	0.12834345	0.0	0.50431615	0.0	0.0	0.40324423	0.0	0.0
0.0	0.12615104	0.0	0.0	0.0	0.0	0.08111878	0.0	0.0	0.0	0.0	0.0	0.0	0.0	0.24360852	0.0	0.30748907	0.0	0.0	0.04366703	0.0	0.20141351	0.0	0.19986339	0.0	0.0	0.052042905	0.0	0.0	0.13158065	0.38138843	0.0	0.0	0.0	0.0	0.0	0.0	0.0	0.0	0.0	0.2066502	0.3117692	0.0	0.0	0.0	0.0	0.34541222	0.0	0.24661784	0.16728932	0.0	0.0	0.0	0.14845742	0.0	0.0	0.0	0.0	0.0	0.39771962	0.27754682	0.0	0.0	0.23919408	0.0	0.0	0.1235767	0.17545278	0.0	0.29311565	0.22791271	0.0	0.0	0.0	0.0	0.2405103	0.0	0.0	0.1530727	0.0	0.4269106	0.22194761	0.46999803	0.0	0.27349788	0.0	0.0	0.0	0.0	0.066873364	0.0	0.1052323	0.0	0.0	0.0	0.0	0.52208567	0.0	0.0	0.0	0.21490116	0.0	0.0	0.0	0.43902314	0.02739887	0.0	0.123148076	0.0	0.0	0.32605314	0.0	0.0064875376	0.0	0.0	0.098351836	0.0	0.0	0.0	0.0	0.102868594	0.0	0.4712268	0.0	0.0	0.3694397	0.0	0.0
0.0	0.12792958	0.0	0.0	0.0	0.0	0.10181642	0.0	0.0	0.0	0.0	0.0	0.0	0.0	0.28659138	0.0	0.35178056	0.0	0.0	0.06355471	0.0	0.23244457	0.0	0.22229166	0.0	0.0	0.064820156	0.0	0.0	0.16184115	0.39037523	0.0	0.0	0.0	0.0	0.0	0.0	0.0	0.0	0.0	0.2249654	0.33225387	0.0	0.0	0.0	0.0	0.36936423	0.0	0.2609322	0.19073176	0.0	0.0	0.0	0.16155978	0.0	0.0	0.0	0.0	0.0	0.41163862	0.28571716	0.0	0.0	0.27895656	0.0	0.0	0.11930656	0.18570448	0.0	0.3083149	0.21815223	0.0	0.0	0.0	0.0	0.25784823	0.0	0.0	0.16391945	0.0	0.45741427	0.2581924	0.5078326	0.0	0.27741387	0.0	0.0	0.0	0.0	0.07236222	0.0	0.12870651	0.0	0.0	0.0	0.0	0.5261813	0.0	0.0	0.0	0.22932708	0.0	0.0	0.0	0.44889078	0.04780345	0.0	0.1378626	0.0	0.0	0.32590604	0.0	0.009166749	0.0	0.0	0.08894515	0.0	0.0	0.0	0.0	0.1200589	0.0	0.49889243	0.0	0.0	0.39839563	0.0	0.0
0.0	0.13152857	0.0	0.0	0.0	0.0	0.09867787	0.0	0.0	0.0	0.0	0.0	0.0	0.0	0.29292417	0.0	0.3538631	0.0	0.0	0.061097223	0.0	0.2214328	0.0	0.23295403	0.0	0.0	0.073490374	0.0	0.0	0.16318007	0.38409185	0.0	0.0	0.0	0.0	0.0	0.0	0.0	0.0	0.0	0.2272964	0.34468675	0.0	0.0	0.0	0.0	0.3591765	0.0	0.2484392	0.18241715	0.0	0.0	0.0	0.16589582	0.0	0.0	0.0	0.0	0.0	0.40845633	0.3015003	0.0	0.0	0.27918318	0.0	0.0	0.10789612	0.18864147	0.0	0.30896735	0.20960414	0.0	0.0	0.0	0.0	0.26285407	0.0	0.0	0.1674012	0.0	0.46430746	0.24301036	0.5087719	0.0	0.28612438	0.0	0.0	0.0	0.0	0.07992035	0.0	0.12216073	0.0	0.0	0.0	0.0	0.5349728	0.0	0.0	0.0	0.23601592	0.0	0.0	0.0	0.45404258	0.055697948	0.0	0.14316319	0.0	0.0	0.32791367	0.0	0.008100924	0.0	0.0	0.09612599	0.0	0.0	0.0	0.0	0.12353883	0.0	0.5015187	0.0	0.0	0.39855996	0.0	0.0
0.0	0.123262584	0.0	0.0	0.0	0.0	0.07667807	0.0	0.0	0.0	0.0	0.0	0.0	0.0	0.27058604	0.0	0.3259615	0.0	0.0	0.052444097	0.0	0.21187885	0.0	0.21824794	0.0	0.0	0.059329953	0.0	0.0	0.14929916	0.3795638	0.0	0.0	0.0	0.0	0.0	0.0	0.0	0.0	0.0	0.22260447	0.32896528	0.0	0.0	0.0	0.0	0.350136	0.0	0.23954706	0.16895008	0.0	0.0	0.0	0.1565802	0.0	0.0	0.0	0.0	0.0	0.39792278	0.2908025	0.0	0.0	0.25738853	0.0	0.0	0.11309314	0.19077043	0.0	0.2972434	0.22115238	0.0	0.0	0.0	0.0	0.24957304	0.0	0.0	0.1582489	0.0	0.4524473	0.22410531	0.48323512	0.0	0.2803532	0.0	0.0	0.0	0.0	0.077184886	0.0	0.10869724	0.0	0.0	0.0	0.0	0.5286404	0.0	0.0	0.0	0.21960647	0.0	0.0	0.0	0.45372882	0.04629327	0.0	0.12984857	0.0	0.0	0.32901832	0.0	0.003495983	0.0	0.0	0.096301675	0.0	0.0	0.0	0.0	0.1142956	0.0	0.4754226	0.0	0.0	0.38244954	0.0	0.0
0.0	0.12299889	0.0	0.0	0.0	0.0	0.09807094	0.0	0.0	0.0	0.0	0.0	0.0	0.0	0.27735317	0.0	0.35245505	0.0	0.0	0.05842531	0.0	0.24915893	0.0	0.18886065	0.0	0.0	0.050386097	0.0	0.0	0.17836602	0.4148067	0.0	0.0	0.0	0.0	0.0	0.0	0.0	0.0	0.0	0.22507846	0.31817603	0.0	0.0	0.0	0.0	0.3958685	0.0	0.2970321	0.23354506	0.0	0.0	0.0	0.15884045	0.0	0.0	0.0	0.0	0.0	0.4212977	0.25874022	0.0	0.0	0.30664444	0.0	0.0	0.15107729	0.18267463	0.0	0.3256382	0.24442591	0.0	0.0	0.0	0.0	0.2552606	0.0	0.0	0.17651594	0.0	0.440248	0.29060844	0.5322626	0.0	0.25646877	0.0	0.0	0.0	0.0	0.052744016	0.0	0.14732768	0.0	0.0	0.0	0.0	0.50223523	0.0	0.0	0.0	0.22599936	0.0	0.0	0.0	0.44813123	0.051172435	0.0	0.13643068	0.0	0.0	0.32252267	0.0	0.014230132	0.0	0.0	0.07889401	0.0	0.0	0.0	0.0	0.11423699	0.0	0.5020052	0.0	0.0	0.39501944	0.0	0.0
0.0	0.1202715	0.0	0.0	0.0	0.0	0.090376854	0.0	0.0	0.0	0.0	0.0	0.0	0.0	0.2733403	0.0	0.33762193	0.0	0.0	0.0598918	0.0	0.24513316	0.0	0.18534629	0.0	0.0	0.049894836	0.0	0.0	0.16559157	0.40482333	0.0	0.0	0.0	0.0	0.0	0.0	0.0	0.0	0.0	0.22242515	0.31078246	0.0	0.0	0.0	0.0	0.39331308	0.0	0.2883006	0.21982205	0.0	0.0	0.0	0.16116537	0.0	0.0	0.0	0.0	0.0	0.4249971	0.25194606	0.0	0.0	0.28924474	0.0	0.0	0.15298639	0.18427594	0.0	0.31534025	0.24079742	0.0	0.0	0.0	0.0	0.24796455	0.0	0.0	0.16889058	0.0	0.43752798	0.28464925	0.51457673	0.0	0.25670245	0.0	0.0	0.0	0.0	0.053509686	0.0	0.13720822	0.0	0.0	0.0	0.0	0.50217956	0.0	0.0	0.0	0.21668875	0.0	0.0	0.0	0.44312528	0.039822437	0.0	0.12742178	0.0	0.0	0.32920364	0.0	0.013685483	0.0	0.0	0.077280305	0.0	0.0	0.0	0.0	0.10727655	0.0	0.48912704	0.0	0.0	0.3882209	0.0	0.0
0.0	0.12634651	0.0	0.0	0.0	0.0	0.09794704	0.0	0.0	0.0	0.0	0.0	0.0	0.0	0.2510829	0.0	0.32284996	0.0	0.0	0.056861978	0.0	0.22295022	0.0	0.20311232	0.0	0.0	0.046122354	0.0	0.0	0.1410978	0.3893435	0.0	0.0	0.0	0.0	0.0	0.0	0.0	0.0	0.0	0.2124124	0.31020692	0.0	0.0	0.0	0.0	0.35979244	0.0	0.26714185	0.17653173	0.0	0.0	0.0	0.14921527	0.0	0.0	0.0	0.0	0.0	0.4099985	0.27045548	0.0	0.0	0.25260785	0.0	0.0	0.124544464	0.17680244	0.0	0.29401225	0.22936241	0.0	0.0	0.0	0.0	0.24362947	0.0	0.0	0.15625009	0.0	0.42754078	0.2439344	0.48232913	0.0	0.27433282	0.0	0.0	0.0	0.0	0.06178018	0.0	0.12485751	0.0	0.0	0.0	0.0	0.5193321	0.0	0.0	0.0	0.21889205	0.0	0.0	0.0	0.43706712	0.023895955	0.0	0.12131091	0.0	0.0	0.32825756	0.0	0.010864536	0.0	0.0	0.09355237	0.0	0.0	0.0	0.0	0.103957765	0.0	0.48773074	0.0	0.0	0.37950644	0.0	0.0
0.0	0.16079964	0.0	0.0	0.0	0.0	0.04672588	0.0	0.0	0.0	0.0	0.0	0.0	0.0	0.278698	0.0	0.37534913	0.0	0.0	0.067804225	0.0	0.21220197	0.0	0.21884799	0.0	0.0	0.08637721	0.0	0.0	0.2100739	0.3527732	0.0	0.0	0.0	0.0	0.0	0.0	0.0	0.0	0.0	0.25220168	0.39430985	0.0	0.0	0.0	0.0	0.3603452	0.0	0.23299612	0.15018585	0.0	0.0	0.0	0.16695605	0.0	0.0	0.0	0.0	0.0	0.37628505	0.3503931	0.0	0.0	0.29758254	0.0	0.0	0.111453444	0.24725302	0.0	0.30531213	0.22344597	0.0	0.0	0.0	0.0	0.2517936	0.0	0.0	0.19988997	0.0	0.45195827	0.17457078	0.5550042	0.0	0.33269942	0.0	0.0	0.0	0.0	0.09040442	0.0	0.100870766	0.0	0.0	0.0	0.0	0.56171745	0.0	0.0	0.0	0.2563496	0.0	0.0	0.0	0.500703	0.07211357	0.0	0.18797427	0.0	0.0	0.37695733	0.0	0.0	0.0	0.0	0.10393659	0.0	0.0	0.0	0.0	0.13002707	0.0	0.5254589	0.0	0.0	0.40250203	0.0	0.0
0.0	0.14909671	0.0	0.0	0.0	0.0	0.052678596	0.0	0.0	0.0	0.0	0.0	0.0	0.0	0.28635207	0.0	0.36236143	0.0	0.0	0.06540144	0.0	0.20463723	0.0	0.21189086	0.0	0.0	0.063803144	0.0	0.0	0.19160564	0.36055002	0.0	0.0	0.0	0.0	0.0	0.0	0.0	0.0	0.0	0.24381797	0.35066786	0.0	0.0	0.0	0.0	0.36403027	0.0	0.22864409	0.16989255	0.0	0.0	0.0	0.15614931	0.0	0.0	0.0	0.0	0.0	0.3733662	0.3275629	0.0	0.0	0.28576156	0.0	0.0	0.11119994	0.21289484	0.0	0.2979803	0.21312685	0.0	0.0	0.0	0.0	0.25212225	0.0	0.0	0.17497063	0.0	0.44520578	0.18472743	0.5239654	0.0	0.31912288	0.0	0.0	0.0	0.0	0.084522106	0.0	0.104333125	0.0	0.0	0.0	0.0	0.55711824	0.0	0.0	0.0	0.24920034	0.0	0.0	0.0	0.47686195	0.04875304	0.0	0.16242068	0.0	0.0	0.36885127	0.0	0.001313944	0.0	0.0	0.09775782	0.0	0.0	0.0	0.0	0.1234506	0.0	0.5014147	0.0	0.0	0.3905324	0.0	0.0
0.0	0.17229624	0.0	0.0	0.0	0.0	0.072153784	0.0	0.0	0.0	0.0	0.0	0.0	0.0	0.295004	0.0	0.39317036	0.0	0.0	0.08875678	0.0	0.21713112	0.0	0.23055394	0.0	0.0	0.07833305	0.0	0.0	0.22059466	0.3514794	0.0	0.0	0.0	0.0	0.0	0.0	0.0	0.0	0.0	0.2518698	0.38512102	0.0	0.0	0.0	0.0	0.3671327	0.0	0.23365267	0.15743913	0.0	0.0	0.0	0.1616749	0.0	0.0	0.0	0.0	0.0	0.3750671	0.34519958	0.0	0.0	0.30135077	0.0	0.0	0.10513497	0.24008577	0.0	0.30161282	0.20556714	0.0	0.0	0.0	0.0	0.26342365	0.0	0.0	0.18461333	0.0	0.44000292	0.18561466	0.5600891	0.0	0.34618568	0.0	0.0	0.0	0.0	0.08526128	0.0	0.1053541	0.0	0.0	0.0	0.0	0.5684363	0.0	0.0	0.0	0.26725835	0.0	0.0	0.0	0.49377605	0.067236625	0.0	0.17722277	0.0	0.0	0.3790165	0.0	0.0	0.0	0.0	0.10478892	0.0	0.0	0.0	0.0	0.124972366	0.0	0.54253113	0.0	0.0	0.4171389	0.0	0.0
0.0	0.1522829	0.0	0.0	0.0	0.0	0.04450856	0.0	0.0	0.0	0.0	0.0	0.0	0.0	0.26267302	0.0	0.34613252	0.0	0.0	0.061391216	0.0	0.18814988	0.0	0.20311058	0.0	0.0	0.08923539	0.0	0.0	0.19602601	0.35431385	0.0	0.0	0.0	0.0	0.0	0.0	0.0	0.0	0.0	0.24519444	0.39366698	0.0	0.0	0.0	0.0	0.36292335	0.0	0.23270392	0.15099251	0.0	0.0	0.0	0.17641658	0.0	0.0	0.0	0.0	0.0	0.38815573	0.34514812	0.0	0.0	0.27615562	0.0	0.0	0.11032504	0.24083714	0.0	0.31091967	0.22187294	0.0	0.0	0.0	0.0	0.23942183	0.0	0.0	0.19963335	0.0	0.4671748	0.18700731	0.5366237	0.0	0.316891	0.0	0.0	0.0	0.0	0.09773958	0.0	0.097238004	0.0	0.0	0.0	0.0	0.55063075	0.0	0.0	0.0	0.23875646	0.0	0.0	0.0	0.4972522	0.075975575	0.0	0.17955287	0.0	0.0	0.36202717	0.0	0.0	0.0	0.0	0.09955194	0.0	0.0	0.0	0.0	0.114724666	0.0	0.50526625	0.0	0.0	0.39293912	0.0	0.0
0.0	0.15080553	0.0	0.0	0.0	0.0	0.09421304	0.0	0.0	0.0	0.0	0.0	0.0	0.0	0.32175255	0.0	0.3928205	0.0	0.0	0.083640665	0.0	0.23700453	0.0	0.23201816	0.0	0.0	0.08451128	0.0	0.0	0.20871468	0.3763268	0.0	0.0	0.0	0.0	0.0	0.0	0.0	0.0	0.0	0.24420208	0.3581697	0.0	0.0	0.0	0.0	0.38010168	0.0	0.2520179	0.21394825	0.0	0.0	0.0	0.16992544	0.0	0.0	0.0	0.0	0.0	0.40550867	0.31393817	0.0	0.0	0.3095143	0.0	0.0	0.12705585	0.20542264	0.0	0.32808608	0.21601517	0.0	0.0	0.0	0.0	0.28255978	0.0	0.0	0.18415743	0.0	0.46205497	0.25210437	0.55693704	0.0	0.30473313	0.0	0.0	0.0	0.0	0.072900645	0.0	0.12672628	0.0	0.0	0.0	0.0	0.5426175	0.0	0.0	0.0	0.2597983	0.0	0.0	0.0	0.46639752	0.07724597	0.0	0.15114395	0.0	0.0	0.34467852	0.0	0.014386393	0.0	0.0	0.09038497	0.0	0.0	0.0	0.0	0.13778536	0.0	0.5305836	0.0	0.0	0.42288664	0.0	0.0
0.0	0.15610753	0.0	0.0	0.0	0.0	0.087552376	0.0	0.0	0.0	0.0	0.0	0.0	0.0	0.29903695	0.0	0.37292966	0.0	0.0	0.07887795	0.0	0.21578552	0.0	0.2358677	0.0	0.0	0.062219962	0.0	0.0	0.18957205	0.34742358	0.0	0.0	0.0	0.0	0.0	0.0	0.0	0.0	0.0	0.24067782	0.3419373	0.0	0.0	0.0	0.0	0.34596476	0.0	0.211608	0.1623794	0.0	0.0	0.0	0.14578326	0.0	0.0	0.0	0.0	0.0	0.3804691	0.31811434	0.0	0.0	0.27726158	0.0	0.0	0.10216377	0.21259987	0.0	0.2933745	0.20775433	0.0	0.0	0.0	0.0	0.27893883	0.0	0.0	0.16453625	0.0	0.43961224	0.18979244	0.5238001	0.0	0.32720515	0.0	0.0	0.0	0.0	0.07517218	0.0	0.10561662	0.0	0.0	0.0	0.0	0.5623142	0.0	0.0	0.0	0.26080272	0.0	0.0	0.0	0.47446525	0.04814734	0.0	0.14927478	0.0	0.0	0.3680184	0.0	0.0059785885	0.0	0.0	0.10502684	0.0	0.0	0.0	0.0	0.13062291	0.0	0.5183611	0.0	0.0	0.4003626	0.0	0.0
0.0	0.16730435	0.0	0.0	0.0	0.0	0.093458414	0.0	0.0	0.0	0.0	0.0	0.0	0.0	0.28891784	0.0	0.3825278	0.0	0.0	0.08731537	0.0	0.21426032	0.0	0.23492645	0.0	0.0	0.053288955	0.0	0.0	0.19562745	0.35445777	0.0	0.0	0.0	0.0	0.0	0.0	0.0	0.0	0.0	0.24200182	0.34531188	0.0	0.0	0.0	0.0	0.3579638	0.0	0.21943676	0.16086562	0.0	0.0	0.0	0.13887376	0.0	0.0	0.0	0.0	0.0	0.3724685	0.32209113	0.0	0.0	0.27843994	0.0	0.0	0.10586321	0.2149111	0.0	0.28946555	0.20148523	0.0	0.0	0.0	0.0	0.275399	0.0	0.0	0.16297232	0.0	0.42606425	0.19167702	0.5291454	0.0	0.3362887	0.0	0.0	0.0	0.0	0.068762645	0.0	0.112964176	0.0	0.0	0.0	0.0	0.5618907	0.0	0.0	0.0	0.26913938	0.0	0.0	0.0	0.46734044	0.0417221	0.0	0.14815132	0.0	0.0	0.37755802	0.0	0.007475712	0.0	0.0	0.10879453	0.0	0.0	0.0	0.0	0.11983195	0.0	0.5308464	0.0	0.0	0.4006954	0.0	0.0
0.0	0.16829772	0.0	0.0	0.0	0.0	0.04400174	0.0	0.0	0.0	0.0	0.0	0.0	0.0	0.3133888	0.0	0.40553975	0.0	0.0	0.07925724	0.0	0.22455144	0.0	0.22789459	0.0	0.0	0.12704398	0.0	0.0	0.24272525	0.35169616	0.0	0.0	0.0	0.0	0.0	0.0	0.0	0.0	0.0	0.2836678	0.42509827	0.0	0.0	0.0	0.0	0.37164888	0.0	0.23781027	0.1591805	0.0	0.0	0.0	0.2006373	0.0	0.0	0.0	0.0	0.0	0.3769206	0.37592173	0.0	0.0	0.3342681	0.0	0.0	0.094409205	0.27087438	0.0	0.3201265	0.21354969	0.0	0.0	0.0	0.0	0.26274267	0.0	0.0	0.211958	0.0	0.47701764	0.17990382	0.6005009	0.0	0.35839784	0.0	0.0	0.0	0.0	0.11391279	0.0	0.108264826	0.0	0.0	0.0	0.0	0.57063144	0.0	0.0	0.0	0.2719449	0.0	0.0	0.0	0.5367817	0.102077514	0.0	0.20740525	0.0	0.0	0.37072334	0.0	0.0	0.0	0.0	0.09808066	0.0	0.0	0.0	0.0	0.14968337	0.0	0.5418667	0.0	0.0	0.43016675	0.0	0.0
0.0	0.16811949	0.0	0.0	0.0	0.0	0.055668663	0.0	0.0	0.0	0.0	0.0	0.0	0.0	0.3013763	0.0	0.3906467	0.0	0.0	0.08084998	0.0	0.21900868	0.0	0.23151629	0.0	0.0	0.10980003	0.0	0.0	0.22397633	0.35034692	0.0	0.0	0.0	0.0	0.0	0.0	0.0	0.0	0.0	0.2674401	0.4114059	0.0	0.0	0.0	0.0	0.3683978	0.0	0.24229334	0.15909684	0.0	0.0	0.0	0.18652552	0.0	0.0	0.0	0.0	0.0	0.39529717	0.35785797	0.0	0.0	0.31882748	0.0	0.0	0.10020628	0.2553427	0.0	0.31865796	0.21102293	0.0	0.0	0.0	0.0	0.2625055	0.0	0.0	0.2073918	0.0	0.47091392	0.19503565	0.5815909	0.0	0.3485616	0.0	0.0	0.0	0.0	0.10260896	0.0	0.10809175	0.0	0.0	0.0	0.0	0.5711723	0.0	0.0	0.0	0.26187897	0.0	0.0	0.0	0.5126489	0.09338669	0.0	0.19304198	0.0	0.0	0.36841705	0.0	0.0	0.0	0.0	0.10058471	0.0	0.0	0.0	0.0	0.13447846	0.0	0.5434952	0.0	0.0	0.42762932	0.0	0.0
0.0	0.15560669	0.0	0.0	0.0	0.0	0.055989463	0.0	0.0	0.0	0.0	0.0	0.0	0.0	0.3099717	0.0	0.4017459	0.0	0.0	0.07967714	0.0	0.23907523	0.0	0.20938115	0.0	0.0	0.09967488	0.0	0.0	0.23400013	0.36896273	0.0	0.0	0.0	0.0	0.0	0.0	0.0	0.0	0.0	0.26404032	0.39646205	0.0	0.0	0.0	0.0	0.38892713	0.0	0.26838323	0.20815372	0.0	0.0	0.0	0.1833867	0.0	0.0	0.0	0.0	0.0	0.40528926	0.3273008	0.0	0.0	0.3357452	0.0	0.0	0.14059737	0.24273573	0.0	0.34614396	0.23357558	0.0	0.0	0.0	0.0	0.26118883	0.0	0.0	0.21302848	0.0	0.47093546	0.24622792	0.59497344	0.0	0.31422183	0.0	0.0	0.0	0.0	0.09076861	0.0	0.11960792	0.0	0.0	0.0	0.0	0.53815883	0.0	0.0	0.0	0.25139526	0.0	0.0	0.0	0.502837	0.093574695	0.0	0.19230008	0.0	0.0	0.3561999	0.0	0.0	0.0	0.0	0.08572477	0.0	0.0	0.0	0.0	0.13939786	0.0	0.53946203	0.0	0.0	0.4286832	0.0	0.0
0.0	0.15530352	0.0	0.0	0.0	0.0	0.061737437	0.0	0.0	0.0	0.0	0.0	0.0	0.0	0.2803038	0.0	0.36289525	0.0	0.0	0.069505826	0.0	0.20260179	0.0	0.21820624	0.0	0.0	0.07829112	0.0	0.0	0.19495773	0.3572115	0.0	0.0	0.0	0.0	0.0	0.0	0.0	0.0	0.0	0.24113931	0.37611362	0.0	0.0	0.0	0.0	0.35909984	0.0	0.22769003	0.15807323	0.0	0.0	0.0	0.16591914	0.0	0.0	0.0	0.0	0.0	0.38297674	0.33622158	0.0	0.0	0.28185055	0.0	0.0	0.10557067	0.2290864	0.0	0.3021938	0.2118258	0.0	0.0	0.0	0.0	0.25268623	0.0	0.0	0.18442254	0.0	0.45738998	0.19331656	0.5347352	0.0	0.31932792	0.0	0.0	0.0	0.0	0.08704257	0.0	0.10408836	0.0	0.0	0.0	0.0	0.5538729	0.0	0.0	0.0	0.24699251	0.0	0.0	0.0	0.48421058	0.066975445	0.0	0.16919208	0.0	0.0	0.36052206	0.0	0.001176528	0.0	0.0	0.10264846	0.0	0.0	0.0	0.0	0.12216785	0.0	0.51017	0.0	0.0	0.39861178	0.0	0.0
0.0	0.16995192	0.0	0.0	0.0	0.0	0.07472098	0.0	0.0	0.0	0.0	0.0	0.0	0.0	0.33302262	0.0	0.51163656	0.0	0.0	0.11948186	0.0	0.29138622	0.0	0.19100685	0.0	0.0	0.06658837	0.0	0.0	0.34624517	0.38889313	0.0	0.0	0.0	0.0	0.0	0.0	0.0	0.0	0.0	0.34865403	0.34837845	0.0	0.0	0.04155003	0.0	0.43107304	0.0	0.30421743	0.25254676	0.0	0.0	0.0	0.13670714	0.0	0.0	0.0	0.0	0.0	0.40316132	0.28935862	0.0	0.0	0.45732722	0.0	0.0	0.15868677	0.26032057	0.0	0.36189377	0.26828313	0.0	0.0	0.0	0.0	0.32914516	0.0	0.0	0.24629748	0.0	0.39657307	0.25152776	0.6923358	0.0	0.39007416	0.0	0.0	0.0	0.0	0.07417524	0.0	0.16092099	0.0	0.0	0.0	0.0	0.54902273	0.0	0.0	0.0	0.30925897	0.0	0.0	0.0	0.5465129	0.100786366	0.0	0.19429205	0.0	0.0	0.39382863	0.0	0.0	0.0	0.0	0.1024577	0.0	0.0	0.0	0.0	0.14680596	0.0	0.63107175	0.0	0.0	0.44442335	0.0	0.0
0.0	0.1721372	0.0	0.0	0.0	0.0	0.06348827	0.0	0.0	0.0	0.0	0.0	0.0	0.0	0.28017855	0.0	0.39072216	0.0	0.0	0.07823429	0.0	0.2177496	0.0	0.22046338	0.0	0.0	0.10390148	0.0	0.0	0.22638471	0.35586587	0.0	0.0	0.0	0.0	0.0	0.0	0.0	0.0	0.0	0.26640815	0.4116552	0.0	0.0	0.0	0.0	0.36925188	0.0	0.2501999	0.15539639	0.0	0.0	0.0	0.18352897	0.0	0.0	0.0	0.0	0.0	0.3884369	0.36071837	0.0	0.0	0.3206776	0.0	0.0	0.09793577	0.2544953	0.0	0.3158306	0.22047377	0.0	0.0	0.0	0.0	0.25043377	0.0	0.0	0.2128831	0.0	0.45360687	0.18898912	0.5813219	0.0	0.34546947	0.0	0.0	0.0	0.0	0.10342682	0.0	0.11129748	0.0	0.0	0.0	0.0	0.5653829	0.0	0.0	0.0	0.2675587	0.0	0.0	0.0	0.5122383	0.088731654	0.0	0.20125918	0.0	0.0	0.37471595	0.0	0.0	0.0	0.0	0.09989766	0.0	0.0	0.0	0.0	0.13425569	0.0	0.544919	0.0	0.0	0.41884765	0.0	0.0
0.0	0.18232818	0.0	0.0	0.0	0.0	0.057127606	0.0	0.0	0.0	0.0	0.0	0.0	0.0	0.2865573	0.0	0.40127409	0.0	0.0	0.08678388	0.0	0.20526405	0.0	0.2315677	0.0	0.0	0.099710904	0.0	0.0	0.23592544	0.3359981	0.0	0.0	0.0	0.0	0.0	0.0	0.0	0.0	0.0	0.26129326	0.4268037	0.0	0.0	0.0	0.0	0.3604428	0.0	0.22660588	0.13960849	0.0	0.0	0.0	0.16920328	0.0	0.0	0.0	0.0	0.0	0.37248412	0.37178457	0.0	0.0	0.30483532	0.0	0.0	0.09583914	0.26029763	0.0	0.30679622	0.20528406	0.0	0.0	0.0	0.0	0.2579615	0.0	0.0	0.20604283	0.0	0.45510808	0.16255315	0.5782514	0.0	0.3655853	0.0	0.0	0.0	0.0	0.10115743	0.0	0.097825825	0.0	0.0	0.0	0.0	0.582112	0.0	0.0	0.0	0.27464572	0.0	0.0	0.0	0.51224095	0.0848251	0.0	0.2006392	0.0	0.0	0.39294568	0.0	0.0	0.0	0.0	0.110875346	0.0	0.0	0.0	0.0	0.12939763	0.0	0.55510575	0.0	0.0	0.41699305	0.001303589	0.0
0.0	0.16776715	0.0	0.0	0.0	0.0	0.021684768	0.0	0.0	0.0	0.0	0.0	0.0	0.0	0.304961	0.0	0.3880094	0.0	0.0	0.070681386	0.0	0.20534436	0.0	0.22767878	0.0	0.0	0.1289749	0.0	0.0	0.23493733	0.33637288	0.0	0.0	0.0	0.0	0.0	0.0	0.0	0.0	0.0	0.28042978	0.41893527	0.0	0.0	0.0	0.0	0.3637333	0.0	0.22821702	0.14917709	0.0	0.0	0.0	0.19576317	0.0	0.0	0.0	0.0	0.0	0.37688604	0.37849483	0.0	0.0	0.31757438	0.0	0.0	0.09404268	0.27039555	0.0	0.31733432	0.21608858	0.0	0.0	0.0	0.0	0.25227535	0.0	0.0	0.22004563	0.0	0.48087084	0.1621189	0.58245915	0.0	0.35342598	0.0	0.0	0.0	0.0	0.1224935	0.0	0.08982449	0.0	0.0	0.0	0.0	0.57772976	0.0	0.0	0.0	0.26555732	0.0	0.0	0.0	0.5330105	0.09647486	0.0	0.20427258	0.0	0.0	0.38165304	0.0	0.0	0.0	0.0	0.09840929	0.0	0.0	0.0	0.0	0.14264922	0.0	0.5277526	0.0	0.0	0.41887674	0.0	0.0
0.0	0.1732196	0.0	0.0	0.0	0.0	0.054219823	0.0	0.0	0.0	0.0	0.0	0.0	0.0	0.3023577	0.0	0.41077995	0.0	0.0	0.086937316	0.0	0.23622243	0.0	0.23392244	0.0	0.0	0.09886827	0.0	0.0	0.23843615	0.33981296	0.0	0.0	0.0	0.0	0.0	0.0	0.0	0.0	0.0	0.2613658	0.41903606	0.0	0.0	0.0	0.0	0.3603073	0.0	0.23422335	0.15187195	0.0	0.0	0.0	0.16924472	0.0	0.0	0.0	0.0	0.0	0.37622106	0.35809517	0.0	0.0	0.3180577	0.0	0.0	0.101640604	0.25681803	0.0	0.30469754	0.21188128	0.0	0.0	0.0	0.0	0.26005867	0.0	0.0	0.20721276	0.0	0.45276335	0.17441975	0.5822924	0.0	0.3627235	0.0	0.0	0.0	0.0	0.09447167	0.0	0.102606796	0.0	0.0	0.0	0.0	0.5750416	0.0	0.0	0.0	0.26723078	0.0	0.0	0.0	0.50833577	0.084206216	0.0	0.20087616	0.0	0.0	0.3887451	0.0	0.0	0.0	0.0	0.10642007	0.0	0.0	0.0	0.0	0.14221205	0.0	0.55593824	0.0	0.0	0.42184654	0.0	0.0
0.0	0.17271392	0.0	0.0	0.0	0.0	0.035748195	0.0	0.0	0.0	0.0	0.0	0.0	0.0	0.30694738	0.0	0.4046806	0.0	0.0	0.071132205	0.0	0.22813535	0.0	0.22192371	0.0	0.0	0.10450455	0.0	0.0	0.24736285	0.35026813	0.0	0.0	0.0	0.0	0.0	0.0	0.0	0.0	0.0	0.27603316	0.41723034	0.0	0.0	0.0	0.0	0.38774836	0.0	0.25230846	0.18205303	0.0	0.0	0.0	0.18997763	0.0	0.0	0.0	0.0	0.0	0.39359322	0.35421154	0.0	0.0	0.34626612	0.0	0.0	0.12768525	0.26650408	0.0	0.34118864	0.2317911	0.0	0.0	0.0	0.0	0.2637405	0.0	0.0	0.23129207	0.0	0.4718872	0.20840119	0.61341184	0.0	0.34258357	0.0	0.0	0.0	0.0	0.106782354	0.0	0.11445195	0.0	0.0	0.0	0.0	0.55133015	0.0	0.0	0.0	0.26845074	0.0	0.0	0.0	0.5215227	0.100470155	0.0	0.20528978	0.0	0.0	0.38148963	0.0	0.0	0.0	0.0	0.09220829	0.0	0.0	0.0	0.0	0.15606743	0.0	0.5495387	0.0	0.0	0.43394622	0.0	0.0
0.0	0.17650257	0.0	0.0	0.0	0.0	0.06434386	0.0	0.0	0.0	0.0	0.0	0.0	0.0	0.31159005	0.0	0.40957054	0.0	0.0	0.096408926	0.0	0.22356647	0.0	0.24177402	0.0	0.0	0.087133996	0.0	0.0	0.23716247	0.339962	0.0	0.0	0.0	0.0	0.0	0.0	0.0	0.0	0.0	0.26749447	0.39703095	0.0	0.0	0.0	0.0	0.36279866	0.0	0.22138202	0.15282695	0.0	0.0	0.0	0.1620464	0.0	0.0	0.0	0.0	0.0	0.3650835	0.3559897	0.0	0.0	0.30993202	0.0	0.0	0.09523896	0.24696098	0.0	0.29584444	0.19734342	0.0	0.0	0.0	0.0	0.27827904	0.0	0.0	0.18392162	0.0	0.4474353	0.16182013	0.5713424	0.0	0.36727843	0.0	0.0	0.0	0.0	0.08748233	0.0	0.104356974	0.0	0.0	0.0	0.0	0.582408	0.0	0.0	0.0	0.27856052	0.0	0.0	0.0	0.5029168	0.07727405	0.0	0.17619042	0.0	0.0	0.38477528	0.0	0.0	0.0	0.0	0.11279279	0.0	0.0	0.0	0.0	0.13435514	0.0	0.545721	0.0	0.0	0.41881016	0.0	0.0
0.0	0.14268798	0.0	0.0	0.0	0.0	0.034626108	0.0	0.0	0.0	0.0	0.0	0.0	0.0	0.32237545	0.0	0.40462694	0.0	0.0	0.07956096	0.0	0.25208986	0.0	0.20113003	0.0	0.0	0.11160112	0.0	0.0	0.24153286	0.372322	0.0	0.0	0.0	0.0	0.0	0.0	0.0	0.0	0.0	0.27664796	0.3992412	0.0	0.0	0.0	0.0	0.40091494	0.0	0.2732436	0.21190958	0.0	0.0	0.0	0.19306298	0.0	0.0	0.0	0.0	0.0	0.39927697	0.32232937	0.0	0.0	0.3470191	0.0	0.0	0.1369285	0.2516676	0.0	0.34663913	0.2387753	0.0	0.0	0.0	0.0	0.25730094	0.0	0.0	0.21430576	0.0	0.47775543	0.23805486	0.6014457	0.0	0.3217043	0.0	0.0	0.0	0.0	0.099871464	0.0	0.12069451	0.0	0.0	0.0	0.0	0.5362347	0.0	0.0	0.0	0.24927439	0.0	0.0	0.0	0.5215616	0.1027196	0.0	0.19308402	0.0	0.0	0.35549298	0.0	0.0	0.0	0.0	0.083376765	0.0	0.0	0.0	0.0	0.1456225	0.0	0.5282918	0.0	0.0	0.42819938	0.0	0.0
0.0	0.16260879	0.0	0.0	0.0	0.0	0.07805265	0.0	0.0	0.0	0.0	0.0	0.0	0.0	0.27974325	0.0	0.37326908	0.0	0.0	0.07485684	0.0	0.22090149	0.0	0.22566856	0.0	0.0	0.04284407	0.0	0.0	0.18836652	0.35704315	0.0	0.0	0.0	0.0	0.0	0.0	0.0	0.0	0.0	0.23168981	0.34490824	0.0	0.0	0.0	0.0	0.3565104	0.0	0.22706896	0.16441284	0.0	0.0	0.0	0.13070281	0.0	0.0	0.0	0.0	0.0	0.3744576	0.31091848	0.0	0.0	0.2766364	0.0	0.0	0.118695475	0.21524656	0.0	0.28884885	0.21388091	0.0	0.0	0.0	0.0	0.26060206	0.0	0.0	0.17007011	0.0	0.4262778	0.20226978	0.52453065	0.0	0.31864476	0.0	0.0	0.0	0.0	0.06399686	0.0	0.11092194	0.0	0.0	0.0	0.0	0.54808056	0.0	0.0	0.0	0.2524481	0.0	0.0	0.0	0.4645224	0.042996556	0.0	0.15648371	0.0	0.0	0.37618792	0.0	0.008319816	0.0	0.0	0.10192114	0.0	0.0	0.0	0.0	0.1194822	0.0	0.52460694	0.0	0.0	0.39658967	0.0	0.0
0.0	0.17628153	0.0	0.0	0.0	0.0	0.042402446	0.0	0.0	0.0	0.0	0.0	0.0	0.0	0.26602742	0.0	0.37171578	0.0	0.0	0.07674547	0.0	0.1813556	0.0	0.21701698	0.0	0.0	0.0955768	0.0	0.0	0.22236924	0.3374566	0.0	0.0	0.0	0.0	0.0	0.0	0.0	0.0	0.0	0.26089707	0.40616378	0.0	0.0	0.0	0.0	0.36023942	0.0	0.2255256	0.14009653	0.0	0.0	0.0	0.17687023	0.0	0.0	0.0	0.0	0.0	0.3679578	0.3715999	0.0	0.0	0.29079822	0.0	0.0	0.09800055	0.2550981	0.0	0.30200619	0.20699142	0.0	0.0	0.0	0.0	0.24903838	0.0	0.0	0.19905351	0.0	0.45377162	0.15395047	0.560824	0.0	0.35031295	0.0	0.0	0.0	0.0	0.101731695	0.0	0.09258697	0.0	0.0	0.0	0.0	0.57100147	0.0	0.0	0.0	0.26459077	0.0	0.0	0.0	0.50725216	0.07837822	0.0	0.18967736	0.0	0.0	0.38598582	0.0	0.0	0.0	0.0	0.11525159	0.0	0.0	0.0	0.0	0.12001475	0.0	0.53229946	0.0	0.0	0.39621255	0.0	0.0
0.0	0.12744743	0.0	0.0	0.0	0.0	0.022235015	0.0	0.0	0.0	0.0	0.0	0.0	0.0	0.27533218	0.0	0.3231621	0.0	0.0	0.0556073	0.0	0.19169676	0.0	0.17719553	0.0	0.0	0.08051165	0.0	0.0	0.1895643	0.36319897	0.0	0.0	0.0	0.0	0.0	0.0	0.0	0.0	0.0	0.24776979	0.34106743	0.0	0.0	0.0	0.0	0.373229	0.0	0.22463514	0.17722599	0.0	0.0	0.0	0.17168516	0.0	0.0	0.0	0.0	0.0	0.3788282	0.30711356	0.0	0.0	0.2676659	0.0	0.0	0.13632737	0.2299288	0.0	0.30622402	0.23120843	0.0	0.0	0.0	0.0	0.2336095	0.0	0.0	0.17443682	0.0	0.4566435	0.19007403	0.5035568	0.0	0.2950817	0.0	0.0	0.0	0.0	0.08253143	0.0	0.09559327	0.0	0.0	0.0	0.0	0.5306664	0.0	0.0	0.0	0.22704327	0.0	0.0	0.0	0.48675942	0.0651776	0.0	0.14923193	0.0	0.0	0.35586986	0.0	0.0	0.0	0.0	0.08487176	0.0	0.0	0.0	0.0	0.10702157	0.0	0.46189284	0.0	0.0	0.36705503	0.0	0.0
0.0	0.1622229	0.0	0.0	0.0	0.0	0.081494235	0.0	0.0	0.0	0.0	0.0	0.0	0.0	0.29231974	0.0	0.38104153	0.0	0.0	0.07585734	0.0	0.2212276	0.0	0.23985685	0.0	0.0	0.067238905	0.0	0.0	0.20194109	0.35676202	0.0	0.0	0.0	0.0	0.0	0.0	0.0	0.0	0.0	0.24402706	0.36708117	0.0	0.0	0.0	0.0	0.3499185	0.0	0.22910023	0.16261989	0.0	0.0	0.0	0.15234528	0.0	0.0	0.0	0.0	0.0	0.38153455	0.32750115	0.0	0.0	0.29253054	0.0	0.0	0.10756966	0.22350018	0.0	0.30563587	0.21929984	0.0	0.0	0.0	0.0	0.27233365	0.0	0.0	0.18062484	0.0	0.4460484	0.19275324	0.53983074	0.0	0.3242483	0.0	0.0	0.0	0.0	0.080091484	0.0	0.10583035	0.0	0.0	0.0	0.0	0.55702585	0.0	0.0	0.0	0.2628496	0.0	0.0	0.0	0.4780207	0.0657025	0.0	0.1672653	0.0	0.0	0.36953914	0.0	0.0054137255	0.0	0.0	0.10588473	0.0	0.0	0.0	0.0	0.1319012	0.0	0.53451127	0.0	0.0	0.40906468	0.0	0.0
0.0	0.14765519	0.0	0.0	0.0	0.0	0.069070496	0.0	0.0	0.0	0.0	0.0	0.0	0.0	0.2786509	0.0	0.3572527	0.0	0.0	0.06610252	0.0	0.2161746	0.0	0.21469587	0.0	0.0	0.05160141	0.0	0.0	0.18444143	0.3640757	0.0	0.0	0.0	0.0	0.0	0.0	0.0	0.0	0.0	0.23313303	0.34087086	0.0	0.0	0.0	0.0	0.3595662	0.0	0.22441757	0.17717434	0.0	0.0	0.0	0.1440026	0.0	0.0	0.0	0.0	0.0	0.38236818	0.30471817	0.0	0.0	0.27293116	0.0	0.0	0.12671874	0.21544755	0.0	0.29993913	0.2182185	0.0	0.0	0.0	0.0	0.2537155	0.0	0.0	0.17276497	0.0	0.44089577	0.21177681	0.51185626	0.0	0.29855177	0.0	0.0	0.0	0.0	0.067576624	0.0	0.108809054	0.0	0.0	0.0	0.0	0.5342204	0.0	0.0	0.0	0.24490686	0.0	0.0	0.0	0.4634563	0.051802695	0.0	0.15673865	0.0	0.0	0.36635885	0.0	0.007260836	0.0	0.0	0.0941821	0.0	0.0	0.0	0.0	0.116422206	0.0	0.5034629	0.0	0.0	0.39109194	0.0	0.0
0.0	0.155429	0.0	0.0	0.0	0.0	0.047159035	0.0	0.0	0.0	0.0	0.0	0.0	0.0	0.2885234	0.0	0.37092528	0.0	0.0	0.06836305	0.0	0.21571253	0.0	0.21737294	0.0	0.0	0.09170254	0.0	0.0	0.20702052	0.35949776	0.0	0.0	0.0	0.0	0.0	0.0	0.0	0.0	0.0	0.2559451	0.38374844	0.0	0.0	0.0	0.0	0.36690378	0.0	0.23813109	0.1687605	0.0	0.0	0.0	0.18092036	0.0	0.0	0.0	0.0	0.0	0.39049613	0.33868098	0.0	0.0	0.3021011	0.0	0.0	0.11483956	0.24121113	0.0	0.31700706	0.22131717	0.0	0.0	0.0	0.0	0.25430515	0.0	0.0	0.19977044	0.0	0.46517596	0.20173842	0.55356246	0.0	0.3217239	0.0	0.0	0.0	0.0	0.09310665	0.0	0.10669126	0.0	0.0	0.0	0.0	0.5494258	0.0	0.0	0.0	0.2502053	0.0	0.0	0.0	0.49713454	0.07884285	0.0	0.18028529	0.0	0.0	0.3663226	0.0	0.0	0.0	0.0	0.095118366	0.0	0.0	0.0	0.0	0.1328226	0.0	0.5183059	0.0	0.0	0.40785846	0.0	0.0
0.0	0.11957873	0.0	0.0	0.0	0.0	0.08578339	0.0	0.0	0.0	0.0	0.0	0.0	0.0	0.2681527	0.0	0.3258712	0.0	0.0	0.05249317	0.0	0.21763039	0.0	0.20541894	0.0	0.0	0.059002697	0.0	0.0	0.1483698	0.38163814	0.0	0.0	0.0	0.0	0.0	0.0	0.0	0.0	0.0	0.22322898	0.31519708	0.0	0.0	0.0	0.0	0.35730353	0.0	0.24047315	0.1765037	0.0	0.0	0.0	0.15603879	0.0	0.0	0.0	0.0	0.0	0.40197802	0.27879357	0.0	0.0	0.26022175	0.0	0.0	0.120868504	0.19047475	0.0	0.2996184	0.22455263	0.0	0.0	0.0	0.0	0.24440594	0.0	0.0	0.15301462	0.0	0.4486284	0.2308702	0.47991553	0.0	0.2759622	0.0	0.0	0.0	0.0	0.07297329	0.0	0.1167469	0.0	0.0	0.0	0.0	0.51718515	0.0	0.0	0.0	0.22095047	0.0	0.0	0.0	0.45410624	0.040608402	0.0	0.13472985	0.0	0.0	0.3363966	0.0	0.004263885	0.0	0.0	0.0872831	0.0	0.0	0.0	0.0	0.11341817	0.0	0.46950915	0.0	0.0	0.379083	0.0	0.0
0.0	0.12921399	0.0	0.0	0.0	0.0	0.093326926	0.0	0.0	0.0	0.0	0.0	0.0	0.0	0.25040546	0.0	0.3214816	0.0	0.0	0.049906816	0.0	0.20668244	0.0	0.20584707	0.0	0.0	0.056120817	0.0	0.0	0.1383753	0.38281664	0.0	0.0	0.0	0.0	0.0	0.0	0.0	0.0	0.0	0.20409054	0.31931615	0.0	0.0	0.0	0.0	0.35109913	0.0	0.25213882	0.17443854	0.0	0.0	0.0	0.14709567	0.0	0.0	0.0	0.0	0.0	0.40536237	0.2779503	0.0	0.0	0.24790259	0.0	0.0	0.12596504	0.17170306	0.0	0.29949018	0.22581173	0.0	0.0	0.0	0.0	0.24546635	0.0	0.0	0.15482433	0.0	0.43108952	0.2362644	0.47502637	0.0	0.27273643	0.0	0.0	0.0	0.0	0.065407164	0.0	0.11475622	0.0	0.0	0.0	0.0	0.5206883	0.0	0.0	0.0	0.21961106	0.0	0.0	0.0	0.43363133	0.030420652	0.0	0.13053267	0.0	0.0	0.3279288	0.0	0.0097134765	0.0	0.0	0.09769628	0.0	0.0	0.0	0.0	0.10395188	0.0	0.4844923	0.0	0.0	0.37666497	0.0	0.0
0.0	0.12311139	0.0	0.0	0.0	0.0	0.09161208	0.0	0.0	0.0	0.0	0.0	0.0	0.0	0.23427989	0.0	0.30344096	0.0	0.0	0.04107696	0.0	0.20795552	0.0	0.1944915	0.0	0.0	0.041350827	0.0	0.0	0.12048463	0.3807319	0.0	0.0	0.0	0.0	0.0	0.0	0.0	0.0	0.0	0.19365184	0.2941137	0.0	0.0	0.0	0.0	0.34662053	0.0	0.25294292	0.17436378	0.0	0.0	0.0	0.13212357	0.0	0.0	0.0	0.0	0.0	0.40013266	0.2587867	0.0	0.0	0.2300977	0.0	0.0	0.13448767	0.16216014	0.0	0.29159626	0.2294852	0.0	0.0	0.0	0.0	0.2391661	0.0	0.0	0.14190242	0.0	0.41282535	0.23424895	0.45466864	0.0	0.26311228	0.0	0.0	0.0	0.0	0.057984605	0.0	0.11028949	0.0	0.0	0.0	0.0	0.51095945	0.0	0.0	0.0	0.21235554	0.0	0.0	0.0	0.42196402	0.01992824	0.0	0.12123313	0.0	0.0	0.32843783	0.0	0.010919556	0.0	0.0	0.09016623	0.0	0.0	0.0	0.0	0.09617758	0.0	0.46969151	0.0	0.0	0.36597976	0.0	0.0
0.0	0.12108698	0.0	0.0	0.0	0.0	0.0874286	0.0	0.0	0.0	0.0	0.0	0.0	0.0	0.24832976	0.0	0.319657	0.0	0.0	0.047258798	0.0	0.22413705	0.0	0.1937871	0.0	0.0	0.038537305	0.0	0.0	0.13591187	0.38442925	0.0	0.0	0.0	0.0	0.0	0.0	0.0	0.0	0.0	0.20241793	0.30239192	0.0	0.0	0.0	0.0	0.36811256	0.0	0.25576565	0.17833607	0.0	0.0	0.0	0.14075927	0.0	0.0	0.0	0.0	0.0	0.4067358	0.26349962	0.0	0.0	0.2502586	0.0	0.0	0.13484465	0.17605405	0.0	0.29473004	0.23003875	0.0	0.0	0.0	0.0	0.23708735	0.0	0.0	0.15246907	0.0	0.42842054	0.24593614	0.47307098	0.0	0.26706538	0.0	0.0	0.0	0.0	0.059727967	0.0	0.11911726	0.0	0.0	0.0	0.0	0.51358736	0.0	0.0	0.0	0.21362756	0.0	0.0	0.0	0.43468663	0.022372266	0.0	0.12906013	0.0	0.0	0.34046388	0.0	0.008181033	0.0	0.0	0.08583077	0.0	0.0	0.0	0.0	0.10019434	0.0	0.47406045	0.0	0.0	0.37569675	0.0	0.0
0.0	0.10870442	0.0	0.0	0.0	0.0	0.08153877	0.0	0.0	0.0	0.0	0.0	0.0	0.0	0.24121088	0.0	0.30943355	0.0	0.0	0.048543748	0.0	0.229082	0.0	0.1801316	0.0	0.0	0.034792114	0.0	0.0	0.13237093	0.38543844	0.0	0.0	0.0	0.0	0.0	0.0	0.0	0.0	0.0	0.21162403	0.2880813	0.0	0.0	0.0	0.0	0.37207702	0.0	0.258008	0.18022515	0.0	0.0	0.0	0.14287134	0.0	0.0	0.0	0.0	0.0	0.40784368	0.2504939	0.0	0.0	0.24294142	0.0	0.0	0.14049226	0.18142919	0.0	0.28660655	0.24075079	0.0	0.0	0.0	0.0	0.22826238	0.0	0.0	0.14989871	0.0	0.42002407	0.25084475	0.45959678	0.0	0.2665966	0.0	0.0	0.0	0.0	0.058100406	0.0	0.12398368	0.0	0.0	0.0	0.0	0.50065094	0.0	0.0	0.0	0.21063615	0.0	0.0	0.0	0.44180325	0.018240122	0.0	0.12474414	0.0	0.0	0.34332094	0.0	0.007901723	0.0	0.0	0.08032085	0.0	0.0	0.0	0.0	0.092557915	0.0	0.45860407	0.0	0.0	0.36801994	0.0	0.0
0.0	0.116728246	0.0	0.0	0.0	0.0	0.07727311	0.0	0.0	0.0	0.0	0.0	0.0	0.0	0.23373972	0.0	0.29718634	0.0	0.0	0.03889529	0.0	0.20861411	0.0	0.18572728	0.0	0.0	0.032522123	0.0	0.0	0.12079981	0.37733212	0.0	0.0	0.0	0.0	0.0	0.0	0.0	0.0	0.0	0.19578803	0.28696978	0.0	0.0	0.0	0.0	0.35179636	0.0	0.24519779	0.17164165	0.0	0.0	0.0	0.13124563	0.0	0.0	0.0	0.0	0.0	0.39640728	0.25462672	0.0	0.0	0.229706	0.0	0.0	0.13994008	0.16755557	0.0	0.28676233	0.2310123	0.0	0.0	0.0	0.0	0.23400907	0.0	0.0	0.13944085	0.0	0.4140865	0.22910742	0.44889888	0.0	0.26201174	0.0	0.0	0.0	0.0	0.05702339	0.0	0.10849122	0.0	0.0	0.0	0.0	0.5089659	0.0	0.0	0.0	0.20560654	0.0	0.0	0.0	0.42611516	0.016610548	0.0	0.11831657	0.0	0.0	0.3365278	0.0	0.0060225097	0.0	0.0	0.08591035	0.0	0.0	0.0	0.0	0.09373722	0.0	0.4547814	0.0	0.0	0.3615192	0.0	0.0
0.0	0.11916679	0.0	0.0	0.0	0.0	0.09099097	0.0	0.0	0.0	0.0	0.0	0.0	0.0	0.24943344	0.0	0.3129736	0.0	0.0	0.043467168	0.0	0.20899521	0.0	0.19636993	0.0	0.0	0.050132018	0.0	0.0	0.13418885	0.3859482	0.0	0.0	0.0	0.0	0.0	0.0	0.0	0.0	0.0	0.20287494	0.30546945	0.0	0.0	0.0	0.0	0.35612544	0.0	0.25170305	0.18037839	0.0	0.0	0.0	0.14110295	0.0	0.0	0.0	0.0	0.0	0.40279487	0.26623955	0.0	0.0	0.24247319	0.0	0.0	0.13542144	0.16828425	0.0	0.29560494	0.22775476	0.0	0.0	0.0	0.0	0.23775284	0.0	0.0	0.15000387	0.0	0.42755866	0.23799026	0.46346226	0.0	0.26242125	0.0	0.0	0.0	0.0	0.06286483	0.0	0.116223834	0.0	0.0	0.0	0.0	0.5107263	0.0	0.0	0.0	0.21365893	0.0	0.0	0.0	0.43190363	0.025572183	0.0	0.12494576	0.0	0.0	0.33195332	0.0	0.008681736	0.0	0.0	0.090206645	0.0	0.0	0.0	0.0	0.09945985	0.0	0.46700287	0.0	0.0	0.36756134	0.0	0.0
0.0	0.12186217	0.0	0.0	0.0	0.0	0.0845601	0.0	0.0	0.0	0.0	0.0	0.0	0.0	0.24785952	0.0	0.30956885	0.0	0.0	0.038385674	0.0	0.2113439	0.0	0.19136868	0.0	0.0	0.044286188	0.0	0.0	0.13292606	0.38507247	0.0	0.0	0.0	0.0	0.0	0.0	0.0	0.0	0.0	0.19834016	0.29837608	0.0	0.0	0.0	0.0	0.35349384	0.0	0.24784394	0.17822663	0.0	0.0	0.0	0.13610764	0.0	0.0	0.0	0.0	0.0	0.39989805	0.26375434	0.0	0.0	0.2503479	0.0	0.0	0.1313519	0.17075889	0.0	0.28934455	0.22405617	0.0	0.0	0.0	0.0	0.2379204	0.0	0.0	0.15390612	0.0	0.4149156	0.22934437	0.4687569	0.0	0.26007107	0.0	0.0	0.0	0.0	0.06093173	0.0	0.11606705	0.0	0.0	0.0	0.0	0.5077508	0.0	0.0	0.0	0.21532805	0.0	0.0	0.0	0.43659696	0.023271548	0.0	0.13464792	0.0	0.0	0.3344369	0.0	0.005864072	0.0	0.0	0.09155983	0.0	0.0	0.0	0.0	0.10099113	0.0	0.4615362	0.0	0.0	0.36379132	0.0	0.0
0.0	0.12843792	0.0	0.0	0.0	0.0	0.0888172	0.0	0.0	0.0	0.0	0.0	0.0	0.0	0.2643691	0.0	0.33644238	0.0	0.0	0.056609135	0.0	0.21744204	0.0	0.210325	0.0	0.0	0.05981255	0.0	0.0	0.1558906	0.3849767	0.0	0.0	0.0	0.0	0.0	0.0	0.0	0.0	0.0	0.21555255	0.33368364	0.0	0.0	0.0	0.0	0.3641255	0.0	0.25513807	0.17616117	0.0	0.0	0.0	0.15753393	0.0	0.0	0.0	0.0	0.0	0.40915617	0.28660312	0.0	0.0	0.2657185	0.0	0.0	0.1224013	0.18750496	0.0	0.30444345	0.22413786	0.0	0.0	0.0	0.0	0.24450147	0.0	0.0	0.1645515	0.0	0.4485432	0.24336056	0.49486804	0.0	0.2778897	0.0	0.0	0.0	0.0	0.0711248	0.0	0.11907139	0.0	0.0	0.0	0.0	0.5263087	0.0	0.0	0.0	0.22208214	0.0	0.0	0.0	0.4475523	0.04370764	0.0	0.13599335	0.0	0.0	0.3344271	0.0	0.0075115557	0.0	0.0	0.095294654	0.0	0.0	0.0	0.0	0.10984693	0.0	0.49071655	0.0	0.0	0.38851562	0.0	0.0
0.0	0.11723276	0.0	0.0	0.0	0.0	0.08041888	0.0	0.0	0.0	0.0	0.0	0.0	0.0	0.24363737	0.0	0.30709848	0.0	0.0	0.045610573	0.0	0.20827912	0.0	0.19265388	0.0	0.0	0.046382055	0.0	0.0	0.13404404	0.38453045	0.0	0.0	0.0	0.0	0.0	0.0	0.0	0.0	0.0	0.20454057	0.30800685	0.0	0.0	0.0	0.0	0.35668933	0.0	0.25078988	0.1747907	0.0	0.0	0.0	0.14468251	0.0	0.0	0.0	0.0	0.0	0.4032618	0.265133	0.0	0.0	0.24009602	0.0	0.0	0.1356125	0.1733901	0.0	0.29551247	0.23327829	0.0	0.0	0.0	0.0	0.23649211	0.0	0.0	0.14977132	0.0	0.42909932	0.23487085	0.46365127	0.0	0.26509276	0.0	0.0	0.0	0.0	0.060539123	0.0	0.112202406	0.0	0.0	0.0	0.0	0.51302725	0.0	0.0	0.0	0.20870541	0.0	0.0	0.0	0.43334135	0.026967049	0.0	0.12113869	0.0	0.0	0.32905173	0.0	0.008248455	0.0	0.0	0.09311354	0.0	0.0	0.0	0.0	0.09790512	0.0	0.46574882	0.0	0.0	0.36841723	0.0	0.0
0.0	0.12812744	0.0	0.0	0.0	0.0	0.08222778	0.0	0.0	0.0	0.0	0.0	0.0	0.0	0.2532897	0.0	0.32327685	0.0	0.0	0.04544248	0.0	0.20819406	0.0	0.21213257	0.0	0.0	0.052377235	0.0	0.0	0.1467885	0.37846634	0.0	0.0	0.0	0.0	0.0	0.0	0.0	0.0	0.0	0.2137261	0.31869859	0.0	0.0	0.0	0.0	0.34941074	0.0	0.24317129	0.17024481	0.0	0.0	0.0	0.14788726	0.0	0.0	0.0	0.0	0.0	0.39954522	0.28700998	0.0	0.0	0.25665805	0.0	0.0	0.117792465	0.18540215	0.0	0.29597166	0.22373398	0.0	0.0	0.0	0.0	0.24568927	0.0	0.0	0.15930913	0.0	0.4380462	0.22493184	0.4838244	0.0	0.27568057	0.0	0.0	0.0	0.0	0.069210716	0.0	0.11219152	0.0	0.0	0.0	0.0	0.5222272	0.0	0.0	0.0	0.22141664	0.0	0.0	0.0	0.4419301	0.03782447	0.0	0.1334805	0.0	0.0	0.33734068	0.0	0.0074521992	0.0	0.0	0.10060489	0.0	0.0	0.0	0.0	0.11084813	0.0	0.47993955	0.0	0.0	0.37479267	0.0	0.0
0.0	0.12487176	0.0	0.0	0.0	0.0	0.08472226	0.0	0.0	0.0	0.0	0.0	0.0	0.0	0.250834	0.0	0.31529582	0.0	0.0	0.048025172	0.0	0.20668907	0.0	0.2024082	0.0	0.0	0.05375014	0.0	0.0	0.13836385	0.3795152	0.0	0.0	0.0	0.0	0.0	0.0	0.0	0.0	0.0	0.20515178	0.31648162	0.0	0.0	0.0	0.0	0.3518078	0.0	0.24715774	0.17253087	0.0	0.0	0.0	0.14678273	0.0	0.0	0.0	0.0	0.0	0.4027133	0.2760571	0.0	0.0	0.24476135	0.0	0.0	0.12643951	0.17370206	0.0	0.29607546	0.22650926	0.0	0.0	0.0	0.0	0.24356176	0.0	0.0	0.15349086	0.0	0.43211082	0.2305959	0.4710199	0.0	0.27289042	0.0	0.0	0.0	0.0	0.065536514	0.0	0.1102818	0.0	0.0	0.0	0.0	0.52157885	0.0	0.0	0.0	0.21627687	0.0	0.0	0.0	0.43635866	0.029676678	0.0	0.12572156	0.0	0.0	0.3313656	0.0	0.008973575	0.0	0.0	0.09497383	0.0	0.0	0.0	0.0	0.10350307	0.0	0.47629127	0.0	0.0	0.3744123	0.0	0.0
0.0	0.121310495	0.0	0.0	0.0	0.0	0.083181925	0.0	0.0	0.0	0.0	0.0	0.0	0.0	0.27011582	0.0	0.32719776	0.0	0.0	0.053162325	0.0	0.22421741	0.0	0.19479077	0.0	0.0	0.057872843	0.0	0.0	0.15046357	0.3916231	0.0	0.0	0.0	0.0	0.0	0.0	0.0	0.0	0.0	0.21671587	0.31740856	0.0	0.0	0.0	0.0	0.37358466	0.0	0.25577793	0.19230938	0.0	0.0	0.0	0.15990804	0.0	0.0	0.0	0.0	0.0	0.41097495	0.27080396	0.0	0.0	0.26870817	0.0	0.0	0.13451381	0.18701978	0.0	0.3043977	0.22633843	0.0	0.0	0.0	0.0	0.24030125	0.0	0.0	0.16360945	0.0	0.44432127	0.25282767	0.48694623	0.0	0.26565257	0.0	0.0	0.0	0.0	0.067232735	0.0	0.12026573	0.0	0.0	0.0	0.0	0.5132472	0.0	0.0	0.0	0.21791817	0.0	0.0	0.0	0.4493908	0.042613667	0.0	0.13814756	0.0	0.0	0.33439663	0.0	0.006010169	0.0	0.0	0.08358095	0.0	0.0	0.0	0.0	0.10370091	0.0	0.47335514	0.0	0.0	0.3816847	0.0	0.0
0.0	0.12666884	0.0	0.0	0.0	0.0	0.10684136	0.0	0.0	0.0	0.0	0.0	0.0	0.0	0.25011545	0.0	0.3322383	0.0	0.0	0.05470285	0.0	0.22532599	0.0	0.20735388	0.0	0.0	0.05054586	0.0	0.0	0.13930537	0.38547063	0.0	0.0	0.0	0.0	0.0	0.0	0.0	0.0	0.0	0.20723206	0.30824435	0.0	0.0	0.0	0.0	0.3615904	0.0	0.26427153	0.17581858	0.0	0.0	0.0	0.14416955	0.0	0.0	0.0	0.0	0.0	0.4131696	0.26876387	0.0	0.0	0.2584156	0.0	0.0	0.12401224	0.17402901	0.0	0.30108282	0.22935109	0.0	0.0	0.0	0.0	0.24454685	0.0	0.0	0.1541927	0.0	0.43042228	0.25190258	0.48200274	0.0	0.27795988	0.0	0.0	0.0	0.0	0.06585453	0.0	0.12413012	0.0	0.0	0.0	0.0	0.51977986	0.0	0.0	0.0	0.22094898	0.0	0.0	0.0	0.43624178	0.027166968	0.0	0.13162236	0.0	0.0	0.33402944	0.0	0.013039689	0.0	0.0	0.08940891	0.0	0.0	0.0	0.0	0.10671664	0.0	0.4908359	0.0	0.0	0.38464987	0.0	0.0
0.0	0.12074027	0.0	0.0	0.0	0.0	0.093813986	0.0	0.0	0.0	0.0	0.0	0.0	0.0	0.27475223	0.0	0.34236374	0.0	0.0	0.06320528	0.0	0.23938544	0.0	0.1942306	0.0	0.0	0.060863674	0.0	0.0	0.16696028	0.40148735	0.0	0.0	0.0	0.0	0.0	0.0	0.0	0.0	0.0	0.2223415	0.32398474	0.0	0.0	0.0	0.0	0.38328508	0.0	0.27641597	0.21419935	0.0	0.0	0.0	0.16347307	0.0	0.0	0.0	0.0	0.0	0.420725	0.26631713	0.0	0.0	0.28467703	0.0	0.0	0.14441131	0.18689291	0.0	0.31792343	0.23477085	0.0	0.0	0.0	0.0	0.24784438	0.0	0.0	0.16633894	0.0	0.45004037	0.2767955	0.51181376	0.0	0.26177797	0.0	0.0	0.0	0.0	0.060214862	0.0	0.12866284	0.0	0.0	0.0	0.0	0.50756466	0.0	0.0	0.0	0.21825232	0.0	0.0	0.0	0.4451481	0.047156274	0.0	0.1319695	0.0	0.0	0.3280804	0.0	0.011363044	0.0	0.0	0.08421356	0.0	0.0	0.0	0.0	0.11122584	0.0	0.4927573	0.0	0.0	0.39334044	0.0	0.0
0.0	0.10428665	0.0	0.0	0.0	0.0	0.046186436	0.0	0.0	0.0	0.0	0.0	0.0	0.0	0.2960868	0.0	0.33973515	0.0	0.0	0.039419215	0.0	0.25381324	0.0	0.2163954	0.0	0.0	0.040279936	0.0	0.0	0.14444675	0.41013184	0.0	0.0	0.0	0.0	0.0	0.0	0.0	0.0	0.0	0.2247744	0.2970604	0.0	0.0	0.0	0.0	0.36018753	0.0	0.25353128	0.20154148	0.0	0.0	0.0	0.14306055	0.0	0.0	0.0	0.0	0.0	0.39211717	0.27628794	0.0	0.0	0.27082464	0.0	0.0	0.13751757	0.17248543	0.0	0.2945442	0.24628498	0.0	0.0	0.0	0.0	0.25233248	0.0	0.0	0.14953996	0.0	0.44515678	0.24989212	0.48581704	0.0	0.2770448	0.0	0.0	0.0	0.0	0.065768234	0.0	0.099491835	0.0	0.0	0.0	0.0	0.51903504	0.0	0.0	0.0	0.22080679	0.0	0.0	0.0	0.43613198	0.034346778	0.0	0.10958022	0.0	0.0	0.32750508	0.0	0.0	0.0	0.0	0.087581605	0.0	0.0	0.0	0.0	0.13314724	0.0	0.47246245	0.0	0.0	0.3847792	0.0	0.0
0.0	0.11927887	0.0	0.0	0.0	0.0	0.09234744	0.0	0.0	0.0	0.0	0.0	0.0	0.0	0.26858982	0.0	0.33247373	0.0	0.0	0.0585814	0.0	0.23095493	0.0	0.19283213	0.0	0.0	0.06310015	0.0	0.0	0.15964381	0.39805722	0.0	0.0	0.0	0.0	0.0	0.0	0.0	0.0	0.0	0.22441585	0.3193166	0.0	0.0	0.0	0.0	0.37346652	0.0	0.27017856	0.20242544	0.0	0.0	0.0	0.16448031	0.0	0.0	0.0	0.0	0.0	0.41732267	0.2679442	0.0	0.0	0.27438736	0.0	0.0	0.1378295	0.18693256	0.0	0.30881608	0.231631	0.0	0.0	0.0	0.0	0.2429565	0.0	0.0	0.1626686	0.0	0.44387174	0.2606373	0.4997089	0.0	0.26648274	0.0	0.0	0.0	0.0	0.060915183	0.0	0.12535182	0.0	0.0	0.0	0.0	0.50963575	0.0	0.0	0.0	0.21854062	0.0	0.0	0.0	0.44592035	0.03918903	0.0	0.13514793	0.0	0.0	0.32992765	0.0	0.009306877	0.0	0.0	0.08596158	0.0	0.0	0.0	0.0	0.10828972	0.0	0.48610726	0.0	0.0	0.38788867	0.0	0.0
0.0	0.119138636	0.0	0.0	0.0	0.0	0.07441947	0.0	0.0	0.0	0.0	0.0	0.0	0.0	0.2603112	0.0	0.31300145	0.0	0.0	0.042231273	0.0	0.21143161	0.0	0.20332296	0.0	0.0	0.0502647	0.0	0.0	0.13449769	0.3806844	0.0	0.0	0.0	0.0	0.0	0.0	0.0	0.0	0.0	0.21177386	0.30317327	0.0	0.0	0.0	0.0	0.3500279	0.0	0.2322187	0.17498334	0.0	0.0	0.0	0.14804019	0.0	0.0	0.0	0.0	0.0	0.39352247	0.2728399	0.0	0.0	0.25220022	0.0	0.0	0.121044435	0.18088298	0.0	0.2914525	0.22000955	0.0	0.0	0.0	0.0	0.24396193	0.0	0.0	0.14996351	0.0	0.43706286	0.22142142	0.46425486	0.0	0.2717882	0.0	0.0	0.0	0.0	0.0697157	0.0	0.10926015	0.0	0.0	0.0	0.0	0.5160748	0.0	0.0	0.0	0.21674852	0.0	0.0	0.0	0.44857928	0.03602151	0.0	0.13426232	0.0	0.0	0.33758798	0.0	0.004397377	0.0	0.0	0.089641355	0.0	0.0	0.0	0.0	0.10953313	0.0	0.45836625	0.0	0.0	0.36754298	0.0	0.0
0.0	0.12275099	0.0	0.0	0.0	0.0	0.08401817	0.0	0.0	0.0	0.0	0.0	0.0	0.0	0.2570019	0.0	0.31867912	0.0	0.0	0.05081472	0.0	0.2173831	0.0	0.19402748	0.0	0.0	0.055936795	0.0	0.0	0.14535661	0.37967634	0.0	0.0	0.0	0.0	0.0	0.0	0.0	0.0	0.0	0.2214623	0.31251255	0.0	0.0	0.0	0.0	0.35483214	0.0	0.25226364	0.17165308	0.0	0.0	0.0	0.15546444	0.0	0.0	0.0	0.0	0.0	0.4056643	0.27104685	0.0	0.0	0.25960013	0.0	0.0	0.12543933	0.18505633	0.0	0.2930578	0.23020394	0.0	0.0	0.0	0.0	0.24198712	0.0	0.0	0.15466757	0.0	0.42919776	0.22677062	0.48290744	0.0	0.28301927	0.0	0.0	0.0	0.0	0.06801068	0.0	0.114872456	0.0	0.0	0.0	0.0	0.5179867	0.0	0.0	0.0	0.2186718	0.0	0.0	0.0	0.4506544	0.027863635	0.0	0.12812108	0.0	0.0	0.33692622	0.0	0.008092837	0.0	0.0	0.08869036	0.0	0.0	0.0	0.0	0.10909963	0.0	0.47668198	0.0	0.0	0.37678036	0.0	0.0
0.0	0.12635882	0.0	0.0	0.0	0.0	0.08399571	0.0	0.0	0.0	0.0	0.0	0.0	0.0	0.298162	0.0	0.36501005	0.0	0.0	0.06696871	0.0	0.24249499	0.0	0.18520905	0.0	0.0	0.07356022	0.0	0.0	0.19708128	0.3991181	0.0	0.0	0.0	0.0	0.0	0.0	0.0	0.0	0.0	0.23691504	0.33896658	0.0	0.0	0.0	0.0	0.39626276	0.0	0.28471777	0.2397272	0.0	0.0	0.0	0.17727417	0.0	0.0	0.0	0.0	0.0	0.42573977	0.26697734	0.0	0.0	0.3187971	0.0	0.0	0.15381165	0.19631296	0.0	0.34412947	0.23858984	0.0	0.0	0.0	0.0	0.25680324	0.0	0.0	0.18456213	0.0	0.459416	0.29468462	0.54890215	0.0	0.2630457	0.0	0.0	0.0	0.0	0.06904506	0.0	0.13265137	0.0	0.0	0.0	0.0	0.50062066	0.0	0.0	0.0	0.22729878	0.0	0.0	0.0	0.46447766	0.075028814	0.0	0.15031277	0.0	0.0	0.3245544	0.0	0.008154998	0.0	0.0	0.077219225	0.0	0.0	0.0	0.0	0.12037045	0.0	0.5073416	0.0	0.0	0.40636268	0.0	0.0
0.0	0.119626164	0.0	0.0	0.0	0.0	0.08035169	0.0	0.0	0.0	0.0	0.0	0.0	0.0	0.26176107	0.0	0.3185566	0.0	0.0	0.048066173	0.0	0.20523532	0.0	0.20848167	0.0	0.0	0.054403607	0.0	0.0	0.14163116	0.37691107	0.0	0.0	0.0	0.0	0.0	0.0	0.0	0.0	0.0	0.21197231	0.31557402	0.0	0.0	0.0	0.0	0.34927857	0.0	0.23324303	0.1715045	0.0	0.0	0.0	0.14655152	0.0	0.0	0.0	0.0	0.0	0.3981516	0.27883565	0.0	0.0	0.24945186	0.0	0.0	0.12415969	0.18035448	0.0	0.29658255	0.22196655	0.0	0.0	0.0	0.0	0.24627967	0.0	0.0	0.15092993	0.0	0.44316792	0.22517388	0.4661835	0.0	0.27314457	0.0	0.0	0.0	0.0	0.070290685	0.0	0.11059794	0.0	0.0	0.0	0.0	0.5213	0.0	0.0	0.0	0.21710725	0.0	0.0	0.0	0.4437736	0.038981006	0.0	0.13247381	0.0	0.0	0.3369799	0.0	0.0042123836	0.0	0.0	0.09320256	0.0	0.0	0.0	0.0	0.10642201	0.0	0.46709836	0.0	0.0	0.37218198	0.0	0.0
0.0	0.1232497	0.0	0.0	0.0	0.0	0.100685984	0.0	0.0	0.0	0.0	0.0	0.0	0.0	0.241466	0.0	0.31644803	0.0	0.0	0.0368132	0.0	0.22018452	0.0	0.19499202	0.0	0.0	0.035847086	0.0	0.0	0.1294834	0.3931438	0.0	0.0	0.0	0.0	0.0	0.0	0.0	0.0	0.0	0.19923295	0.29113176	0.0	0.0	0.0	0.0	0.3597757	0.0	0.26371807	0.19011934	0.0	0.0	0.0	0.13355605	0.0	0.0	0.0	0.0	0.0	0.40250203	0.26528862	0.0	0.0	0.25408798	0.0	0.0	0.1329581	0.16196997	0.0	0.29423165	0.22991736	0.0	0.0	0.0	0.0	0.23945661	0.0	0.0	0.15175392	0.0	0.4243497	0.24818833	0.46776724	0.0	0.26284894	0.0	0.0	0.0	0.0	0.05784967	0.0	0.12497479	0.0	0.0	0.0	0.0	0.50916547	0.0	0.0	0.0	0.22159232	0.0	0.0	0.0	0.42929408	0.023016045	0.0	0.12980877	0.0	0.0	0.33450243	0.0	0.012170094	0.0	0.0	0.08595419	0.0	0.0	0.0	0.0	0.10310855	0.0	0.47426477	0.0	0.0	0.36794603	0.0	0.0
0.0	0.12032487	0.0	0.0	0.0	0.0	0.081677124	0.0	0.0	0.0	0.0	0.0	0.0	0.0	0.247173	0.0	0.3093168	0.0	0.0	0.042864937	0.0	0.21217181	0.0	0.19539921	0.0	0.0	0.043247174	0.0	0.0	0.13112392	0.37979838	0.0	0.0	0.0	0.0	0.0	0.0	0.0	0.0	0.0	0.20217352	0.3013815	0.0	0.0	0.0	0.0	0.35504317	0.0	0.24433477	0.1696314	0.0	0.0	0.0	0.14062871	0.0	0.0	0.0	0.0	0.0	0.3979249	0.26656127	0.0	0.0	0.2405606	0.0	0.0	0.13023447	0.17327625	0.0	0.29088905	0.22865564	0.0	0.0	0.0	0.0	0.23963296	0.0	0.0	0.1469713	0.0	0.42579615	0.2279328	0.4648455	0.0	0.27048942	0.0	0.0	0.0	0.0	0.06348617	0.0	0.11075004	0.0	0.0	0.0	0.0	0.51959354	0.0	0.0	0.0	0.21316986	0.0	0.0	0.0	0.43611446	0.021300778	0.0	0.12420792	0.0	0.0	0.33511248	0.0	0.0064355177	0.0	0.0	0.08973348	0.0	0.0	0.0	0.0	0.102107264	0.0	0.46449605	0.0	0.0	0.36909604	0.0	0.0
0.0	0.11678526	0.0	0.0	0.0	0.0	0.076175295	0.0	0.0	0.0	0.0	0.0	0.0	0.0	0.24676476	0.0	0.3056351	0.0	0.0	0.044949934	0.0	0.20629926	0.0	0.1956728	0.0	0.0	0.04369403	0.0	0.0	0.13355991	0.37961635	0.0	0.0	0.0	0.0	0.0	0.0	0.0	0.0	0.0	0.20559949	0.30368325	0.0	0.0	0.0	0.0	0.35391974	0.0	0.24208796	0.17134845	0.0	0.0	0.0	0.14168356	0.0	0.0	0.0	0.0	0.0	0.39862195	0.26727092	0.0	0.0	0.24018018	0.0	0.0	0.13214558	0.17567836	0.0	0.29251483	0.22957705	0.0	0.0	0.0	0.0	0.24045284	0.0	0.0	0.14549437	0.0	0.43072638	0.22727954	0.46165586	0.0	0.26625967	0.0	0.0	0.0	0.0	0.06241863	0.0	0.10920018	0.0	0.0	0.0	0.0	0.516033	0.0	0.0	0.0	0.21090983	0.0	0.0	0.0	0.4357972	0.026375772	0.0	0.12201051	0.0	0.0	0.33470902	0.0	0.0066294293	0.0	0.0	0.09143733	0.0	0.0	0.0	0.0	0.098836176	0.0	0.4604284	0.0	0.0	0.36768338	0.0	0.0
0.0	0.12372869	0.0	0.0	0.0	0.0	0.08558514	0.0	0.0	0.0	0.0	0.0	0.0	0.0	0.23911302	0.0	0.30727118	0.0	0.0	0.04274866	0.0	0.2067828	0.0	0.19642527	0.0	0.0	0.045581352	0.0	0.0	0.1268747	0.37914792	0.0	0.0	0.0	0.0	0.0	0.0	0.0	0.0	0.0	0.19754362	0.30246904	0.0	0.0	0.0	0.0	0.34752023	0.0	0.24944842	0.17025505	0.0	0.0	0.0	0.1366893	0.0	0.0	0.0	0.0	0.0	0.39837232	0.26671845	0.0	0.0	0.2348298	0.0	0.0	0.13153689	0.16874759	0.0	0.2927934	0.23071413	0.0	0.0	0.0	0.0	0.23979485	0.0	0.0	0.1462846	0.0	0.42010522	0.22836952	0.46032655	0.0	0.26841012	0.0	0.0	0.0	0.0	0.060329396	0.0	0.10797217	0.0	0.0	0.0	0.0	0.51671994	0.0	0.0	0.0	0.2121715	0.0	0.0	0.0	0.42776012	0.021649415	0.0	0.1222581	0.0	0.0	0.33170664	0.0	0.007360079	0.0	0.0	0.0932546	0.0	0.0	0.0	0.0	0.09923496	0.0	0.46975526	0.0	0.0	0.3682724	0.0	0.0
0.0	0.14426309	0.0	0.0	0.0	0.0	0.014147046	0.0	0.0	0.0	0.0	0.0	0.0	0.0	0.31243524	0.0	0.3791789	0.0	0.0	0.06973959	0.0	0.20896399	0.0	0.21304245	0.0	0.0	0.13796896	0.0	0.0	0.23945177	0.34567985	0.0	0.0	0.0	0.0	0.0	0.0	0.0	0.0	0.0	0.27945638	0.42849255	0.0	0.0	0.0	0.0	0.3905199	0.0	0.2370034	0.16062768	0.0	0.0	0.0	0.2011912	0.0	0.0	0.0	0.0	0.0	0.38610438	0.3619115	0.0	0.0	0.31847548	0.0	0.0	0.10839766	0.26528788	0.0	0.33374667	0.22808087	0.0	0.0	0.0	0.0	0.25221154	0.0	0.0	0.21324174	0.0	0.5022513	0.17743127	0.58118814	0.0	0.34171233	0.0	0.0	0.0	0.0	0.12418855	0.0	0.0938895	0.0	0.0	0.0	0.0	0.57249355	0.0	0.0	0.0	0.2506265	0.0	0.0	0.0	0.5383585	0.10867574	0.0	0.19693464	0.0	0.0	0.36293694	0.0	0.0	0.0	0.0	0.08838814	0.0	0.0	0.0	0.0	0.13618398	0.0	0.5143396	0.0	0.0	0.41900834	0.0	0.0
0.0	0.15106548	0.0	0.0	0.0	0.0	0.01795295	0.0	0.0	0.0	0.0	0.0	0.0	0.0	0.28824016	0.0	0.3552195	0.0	0.0	0.061634798	0.0	0.18228357	0.0	0.21145509	0.0	0.0	0.12273642	0.0	0.0	0.21594824	0.3419625	0.0	0.0	0.0	0.0	0.0	0.0	0.0	0.0	0.0	0.2686712	0.40973434	0.0	0.0	0.0	0.0	0.3642664	0.0	0.21763986	0.13826875	0.0	0.0	0.0	0.19232403	0.0	0.0	0.0	0.0	0.0	0.37465563	0.3679123	0.0	0.0	0.29533646	0.0	0.0	0.099300034	0.26109466	0.0	0.31005636	0.21678872	0.0	0.0	0.0	0.0	0.24583727	0.0	0.0	0.20676498	0.0	0.48249152	0.15384425	0.5548567	0.0	0.33964205	0.0	0.0	0.0	0.0	0.113709606	0.0	0.08445168	0.0	0.0	0.0	0.0	0.5694754	0.0	0.0	0.0	0.24999678	0.0	0.0	0.0	0.52780837	0.09281657	0.0	0.18489428	0.0	0.0	0.3670398	0.0	0.0	0.0	0.0	0.10245979	0.0	0.0	0.0	0.0	0.12526226	0.0	0.50360936	0.0	0.0	0.39795908	0.0	0.0
0.0	0.118093275	0.0	0.0	0.0	0.0	0.02332445	0.0	0.0	0.0	0.0	0.0	0.0	0.0	0.2768639	0.0	0.30921844	0.0	0.0	0.046677053	0.0	0.18974851	0.0	0.19501317	0.0	0.0	0.07846646	0.0	0.0	0.17370827	0.35234913	0.0	0.0	0.0	0.0	0.0	0.0	0.0	0.0	0.0	0.24371974	0.3331128	0.0	0.0	0.0	0.0	0.35224617	0.0	0.21601826	0.16245247	0.0	0.0	0.0	0.16579801	0.0	0.0	0.0	0.0	0.0	0.3766292	0.30785	0.0	0.0	0.25334373	0.0	0.0	0.12256089	0.21538705	0.0	0.29421481	0.23541747	0.0	0.0	0.0	0.0	0.24190004	0.0	0.0	0.16958375	0.0	0.452934	0.17051826	0.48827553	0.0	0.29500958	0.0	0.0	0.0	0.0	0.08091675	0.0	0.08262008	0.0	0.0	0.0	0.0	0.53953594	0.0	0.0	0.0	0.22450024	0.0	0.0	0.0	0.47807467	0.05730614	0.0	0.13626383	0.0	0.0	0.35503912	0.0	0.0	0.0	0.0	0.09434184	0.0	0.0	0.0	0.0	0.118422456	0.0	0.45533314	0.0	0.0	0.3668522	0.0	0.0
0.0	0.15232421	0.0	0.0	0.0	0.0	0.03181996	0.0	0.0	0.0	0.0	0.0	0.0	0.0	0.22501175	0.0	0.3054272	0.0	0.0	0.0378786	0.0	0.16058479	0.0	0.18697412	0.0	0.0	0.073863715	0.0	0.0	0.16401683	0.34758222	0.0	0.0	0.0	0.0	0.0	0.0	0.0	0.0	0.0	0.22832732	0.37661162	0.0	0.0	0.0	0.0	0.340192	0.0	0.230461	0.12895136	0.0	0.0	0.0	0.1698914	0.0	0.0	0.0	0.0	0.0	0.3680605	0.33467877	0.0	0.0	0.24651806	0.0	0.0	0.107042514	0.21633597	0.0	0.28593245	0.22869807	0.0	0.0	0.0	0.0	0.22046322	0.0	0.0	0.19360141	0.0	0.43390858	0.1492816	0.5096089	0.0	0.32125935	0.0	0.0	0.0	0.0	0.0947993	0.0	0.081002064	0.0	0.0	0.0	0.0	0.5576423	0.0	0.0	0.0	0.23209317	0.0	0.0	0.0	0.48699984	0.052056793	0.0	0.16746648	0.0	0.0	0.35388747	0.0	0.0	0.0	0.0	0.11107517	0.0	0.0	0.0	0.0	0.10373502	0.0	0.4844694	0.0	0.0	0.36357975	0.0	0.0
0.0	0.15165175	0.0	0.0	0.0	0.0	0.017627977	0.0	0.0	0.0	0.0	0.0	0.0	0.0	0.2884793	0.0	0.35418987	0.0	0.0	0.06349264	0.0	0.18667625	0.0	0.21593487	0.0	0.0	0.115051545	0.0	0.0	0.21203865	0.33916688	0.0	0.0	0.0	0.0	0.0	0.0	0.0	0.0	0.0	0.26557067	0.40137085	0.0	0.0	0.0	0.0	0.35860214	0.0	0.21411586	0.14110559	0.0	0.0	0.0	0.18551038	0.0	0.0	0.0	0.0	0.0	0.37223268	0.36218062	0.0	0.0	0.28928238	0.0	0.0	0.104271226	0.25452313	0.0	0.30679873	0.22112043	0.0	0.0	0.0	0.0	0.24812335	0.0	0.0	0.20144618	0.0	0.47515914	0.15408693	0.5486013	0.0	0.34034738	0.0	0.0	0.0	0.0	0.108747505	0.0	0.08201126	0.0	0.0	0.0	0.0	0.5688895	0.0	0.0	0.0	0.25043735	0.0	0.0	0.0	0.5192563	0.0888936	0.0	0.1789875	0.0	0.0	0.36927104	0.0	0.0	0.0	0.0	0.103892006	0.0	0.0	0.0	0.0	0.12712014	0.0	0.50207794	0.0	0.0	0.39527667	0.0	0.0
0.0	0.15195657	0.0	0.0	0.0	0.0	0.02186847	0.0	0.0	0.0	0.0	0.0	0.0	0.0	0.28510943	0.0	0.35587668	0.0	0.0	0.05886728	0.0	0.18879467	0.0	0.2190981	0.0	0.0	0.11755722	0.0	0.0	0.21050222	0.3455523	0.0	0.0	0.0	0.0	0.0	0.0	0.0	0.0	0.0	0.26208583	0.41037878	0.0	0.0	0.0	0.0	0.35829285	0.0	0.21953768	0.142667	0.0	0.0	0.0	0.18743366	0.0	0.0	0.0	0.0	0.0	0.3747605	0.36654973	0.0	0.0	0.2972145	0.0	0.0	0.10188473	0.25393644	0.0	0.3095681	0.21874364	0.0	0.0	0.0	0.0	0.24807394	0.0	0.0	0.20718275	0.0	0.4788624	0.15869617	0.5533041	0.0	0.3359119	0.0	0.0	0.0	0.0	0.1087114	0.0	0.08468299	0.0	0.0	0.0	0.0	0.5688417	0.0	0.0	0.0	0.25011063	0.0	0.0	0.0	0.51695144	0.09361809	0.0	0.18679763	0.0	0.0	0.368649	0.0	0.0	0.0	0.0	0.106824316	0.0	0.0	0.0	0.0	0.124646105	0.0	0.5057229	0.0	0.0	0.3985219	0.0	0.0
0.0	0.14012186	0.0	0.0	0.0	0.0	0.013231389	0.0	0.0	0.0	0.0	0.0	0.0	0.0	0.3102152	0.0	0.3706621	0.0	0.0	0.06487277	0.0	0.20593117	0.0	0.2066675	0.0	0.0	0.13599738	0.0	0.0	0.2284354	0.34825966	0.0	0.0	0.0	0.0	0.0	0.0	0.0	0.0	0.0	0.28001523	0.4145166	0.0	0.0	0.0	0.0	0.38014325	0.0	0.23506188	0.15986139	0.0	0.0	0.0	0.2076838	0.0	0.0	0.0	0.0	0.0	0.39005566	0.35400513	0.0	0.0	0.31381348	0.0	0.0	0.11208022	0.26538065	0.0	0.33194736	0.23257922	0.0	0.0	0.0	0.0	0.24526328	0.0	0.0	0.20865212	0.0	0.49921384	0.17947109	0.579918	0.0	0.33397636	0.0	0.0	0.0	0.0	0.120730184	0.0	0.09740316	0.0	0.0	0.0	0.0	0.56249744	0.0	0.0	0.0	0.24765599	0.0	0.0	0.0	0.5358121	0.10603416	0.0	0.18903565	0.0	0.0	0.36169353	0.0	0.0	0.0	0.0	0.08427412	0.0	0.0	0.0	0.0	0.14287259	0.0	0.5058027	0.0	0.0	0.4128282	0.0	0.0
0.0	0.16035257	0.0	0.0	0.0	0.0	0.026020214	0.0	0.0	0.0	0.0	0.0	0.0	0.0	0.27040374	0.0	0.3430644	0.0	0.0	0.062323436	0.0	0.1687081	0.0	0.20788167	0.0	0.0	0.10672631	0.0	0.0	0.20538016	0.33370245	0.0	0.0	0.0	0.0	0.0	0.0	0.0	0.0	0.0	0.26238427	0.40457225	0.0	0.0	0.0	0.0	0.35763884	0.0	0.20738727	0.12847365	0.0	0.0	0.0	0.18209673	0.0	0.0	0.0	0.0	0.0	0.3688461	0.3648412	0.0	0.0	0.27677915	0.0	0.0	0.08940232	0.26055446	0.0	0.30328807	0.20817237	0.0	0.0	0.0	0.0	0.2391787	0.0	0.0	0.2028778	0.0	0.47396484	0.14036833	0.5397823	0.0	0.33924365	0.0	0.0	0.0	0.0	0.11394248	0.0	0.08454504	0.0	0.0	0.0	0.0	0.5655667	0.0	0.0	0.0	0.24883927	0.0	0.0	0.0	0.5227521	0.08415506	0.0	0.18644096	0.0	0.0	0.37921873	0.0	0.0	0.0	0.0	0.10408046	0.0	0.0	0.0	0.0	0.11677543	0.0	0.49791542	0.0	0.0	0.38605857	0.0	0.0
0.0	0.154389	0.0	0.0	0.0	0.0	0.02470679	0.0	0.0	0.0	0.0	0.0	0.0	0.0	0.28555286	0.0	0.35975876	0.0	0.0	0.06403509	0.0	0.18145375	0.0	0.21459918	0.0	0.0	0.12492054	0.0	0.0	0.22125344	0.34152177	0.0	0.0	0.0	0.0	0.0	0.0	0.0	0.0	0.0	0.26889727	0.42746043	0.0	0.0	0.0	0.0	0.3685834	0.0	0.2227074	0.13908678	0.0	0.0	0.0	0.19281125	0.0	0.0	0.0	0.0	0.0	0.3767259	0.37070623	0.0	0.0	0.296859	0.0	0.0	0.09492519	0.26190314	0.0	0.3162798	0.21526408	0.0	0.0	0.0	0.0	0.24708863	0.0	0.0	0.21021403	0.0	0.49109927	0.15843232	0.5588377	0.0	0.34196782	0.0	0.0	0.0	0.0	0.12255877	0.0	0.08869213	0.0	0.0	0.0	0.0	0.5730458	0.0	0.0	0.0	0.24941367	0.0	0.0	0.0	0.53261	0.100429475	0.0	0.19598098	0.0	0.0	0.36864623	0.0	0.0	0.0	0.0	0.10262861	0.0	0.0	0.0	0.0	0.12083057	0.0	0.5087851	0.0	0.0	0.4049178	0.0	0.0
0.0	0.14238375	0.0	0.0	0.0	0.0	0.023959858	0.0	0.0	0.0	0.0	0.0	0.0	0.0	0.26299796	0.0	0.32263228	0.0	0.0	0.05406143	0.0	0.18376641	0.0	0.20183672	0.0	0.0	0.086324416	0.0	0.0	0.18455921	0.34628394	0.0	0.0	0.0	0.0	0.0	0.0	0.0	0.0	0.0	0.24512859	0.37357187	0.0	0.0	0.0	0.0	0.35204622	0.0	0.21509863	0.13817613	0.0	0.0	0.0	0.17317526	0.0	0.0	0.0	0.0	0.0	0.37159315	0.33592692	0.0	0.0	0.26535657	0.0	0.0	0.107168436	0.23839127	0.0	0.29162416	0.22509862	0.0	0.0	0.0	0.0	0.23943813	0.0	0.0	0.18586843	0.0	0.45501578	0.15727766	0.5157851	0.0	0.32098258	0.0	0.0	0.0	0.0	0.09355102	0.0	0.08577755	0.0	0.0	0.0	0.0	0.5543468	0.0	0.0	0.0	0.23435652	0.0	0.0	0.0	0.49928024	0.06921578	0.0	0.16216104	0.0	0.0	0.3643217	0.0	0.0	0.0	0.0	0.1059711	0.0	0.0	0.0	0.0	0.11586847	0.0	0.48459065	0.0	0.0	0.37468114	0.0	0.0
0.0	0.12999505	0.0	0.0	0.0	0.0	0.025961379	0.0	0.0	0.0	0.0	0.0	0.0	0.0	0.21993868	0.0	0.27360067	0.0	0.0	0.035210203	0.0	0.1784964	0.0	0.16942263	0.0	0.0	0.055798475	0.0	0.0	0.12356136	0.35020506	0.0	0.0	0.0	0.0	0.0	0.0	0.0	0.0	0.0	0.22834247	0.3098478	0.0	0.0	0.0	0.0	0.3207648	0.0	0.22252758	0.1213728	0.0	0.0	0.0	0.16594109	0.0	0.0	0.0	0.0	0.0	0.36047783	0.2804208	0.0	0.0	0.21849151	0.0	0.0	0.10607275	0.195433	0.0	0.27452525	0.2558972	0.0	0.0	0.0	0.0	0.23561735	0.0	0.0	0.14328982	0.0	0.4098957	0.13107757	0.471024	0.0	0.31563076	0.0	0.0	0.0	0.0	0.0749324	0.0	0.060887408	0.0	0.0	0.0	0.0	0.54452693	0.0	0.0	0.0	0.22350533	0.0	0.0	0.0	0.4820014	0.016323134	0.0	0.107491374	0.0	0.0	0.33825245	0.0	0.0	0.0	0.0	0.10364022	0.0	0.0	0.0	0.0	0.12131397	0.0	0.44993377	0.0	0.0	0.3573211	0.0	0.0
0.0	0.14685169	0.0	0.0	0.0	0.0	0.025916846	0.0	0.0	0.0	0.0	0.0	0.0	0.0	0.25661817	0.0	0.3228713	0.0	0.0	0.048729856	0.0	0.17411415	0.0	0.19771606	0.0	0.0	0.09377334	0.0	0.0	0.18325765	0.34944108	0.0	0.0	0.0	0.0	0.0	0.0	0.0	0.0	0.0	0.24529208	0.38120067	0.0	0.0	0.0	0.0	0.34834424	0.0	0.2216792	0.14148961	0.0	0.0	0.0	0.18255395	0.0	0.0	0.0	0.0	0.0	0.3837074	0.3400919	0.0	0.0	0.2718783	0.0	0.0	0.10490189	0.23773384	0.0	0.30237094	0.22321866	0.0	0.0	0.0	0.0	0.23633768	0.0	0.0	0.19796942	0.0	0.45838988	0.16148959	0.52488	0.0	0.31766775	0.0	0.0	0.0	0.0	0.097293	0.0	0.08651779	0.0	0.0	0.0	0.0	0.55184364	0.0	0.0	0.0	0.23366706	0.0	0.0	0.0	0.5009703	0.07451338	0.0	0.16780172	0.0	0.0	0.35947776	0.0	0.0	0.0	0.0	0.10743568	0.0	0.0	0.0	0.0	0.11623857	0.0	0.48920843	0.0	0.0	0.3729763	0.0	0.0
0.0	0.1730293	0.0	0.0	0.0	0.0	0.034841735	0.0	0.0	0.0	0.0	0.0	0.0	0.0	0.28696504	0.0	0.38140187	0.0	0.0	0.071401946	0.0	0.19762652	0.0	0.22962546	0.0	0.0	0.12561439	0.0	0.0	0.23763864	0.33097562	0.0	0.0	0.0	0.0	0.0	0.0	0.0	0.0	0.0	0.2764532	0.42742893	0.0	0.0	0.0	0.0	0.35523924	0.0	0.22280681	0.13738659	0.0	0.0	0.0	0.18647991	0.0	0.0	0.0	0.0	0.0	0.37409186	0.38710472	0.0	0.0	0.31243768	0.0	0.0	0.097920455	0.27104408	0.0	0.31045964	0.21374916	0.0	0.0	0.0	0.0	0.25438386	0.0	0.0	0.21761727	0.0	0.46862188	0.14547974	0.58320785	0.0	0.35715672	0.0	0.0	0.0	0.0	0.11215707	0.0	0.085458815	0.0	0.0	0.0	0.0	0.57668966	0.0	0.0	0.0	0.26896894	0.0	0.0	0.0	0.5260518	0.09401342	0.0	0.20606177	0.0	0.0	0.38947105	0.0	0.0	0.0	0.0	0.110532396	0.0	0.0	0.0	0.0	0.13641544	0.0	0.54305476	0.0	0.0	0.4137217	0.0	0.0
0.0	0.1674899	0.0	0.0	0.0	0.0	0.03997736	0.0	0.0	0.0	0.0	0.0	0.0	0.0	0.25038072	0.0	0.3416593	0.0	0.0	0.062271386	0.0	0.15946172	0.0	0.20723219	0.0	0.0	0.101519905	0.0	0.0	0.20304386	0.33473778	0.0	0.0	0.0	0.0	0.0	0.0	0.0	0.0	0.0	0.24995887	0.42276883	0.0	0.0	0.0	0.0	0.35264513	0.0	0.22252937	0.122894846	0.0	0.0	0.0	0.18095577	0.0	0.0	0.0	0.0	0.0	0.37575707	0.37239316	0.0	0.0	0.2739919	0.0	0.0	0.090213604	0.2529805	0.0	0.30322823	0.21316667	0.0	0.0	0.0	0.0	0.2359122	0.0	0.0	0.2090417	0.0	0.46590087	0.14706989	0.5460534	0.0	0.3432716	0.0	0.0	0.0	0.0	0.111640155	0.0	0.08470818	0.0	0.0	0.0	0.0	0.574278	0.0	0.0	0.0	0.24707693	0.0	0.0	0.0	0.5153748	0.08360788	0.0	0.19287491	0.0	0.0	0.37321088	0.0	0.0	0.0	0.0	0.11588357	0.0	0.0	0.0	0.0	0.110504426	0.0	0.5161527	0.0	0.0	0.38735127	0.0072782445	0.0
0.0	0.12746167	0.0	0.0	0.0	0.0	0.011352292	0.0	0.0	0.0	0.0	0.0	0.0	0.0	0.28232256	0.0	0.34614992	0.0	0.0	0.05784102	0.0	0.18831472	0.0	0.17087893	0.0	0.0	0.11638465	0.0	0.0	0.21886475	0.35712853	0.0	0.0	0.0	0.0	0.0	0.0	0.0	0.0	0.0	0.26361898	0.3930786	0.0	0.0	0.0	0.0	0.4026573	0.0	0.25309348	0.18717964	0.0	0.0	0.0	0.19966477	0.0	0.0	0.0	0.0	0.0	0.40382114	0.3268847	0.0	0.0	0.29016325	0.0	0.0	0.15366445	0.24950929	0.0	0.34388176	0.24341555	0.0	0.0	0.0	0.0	0.23051418	0.0	0.0	0.2020946	0.0	0.4921254	0.20965855	0.5491954	0.0	0.30689418	0.0	0.0	0.0	0.0	0.10473317	0.0	0.1016461	0.0	0.0	0.0	0.0	0.53623754	0.0	0.0	0.0	0.22900546	0.0	0.0	0.0	0.5039876	0.09650611	0.0	0.17014025	0.0	0.0	0.3531028	0.0	0.0	0.0	0.0	0.08169106	0.0	0.0	0.0	0.0	0.111560605	0.0	0.4817861	0.0	0.0	0.3902134	0.0	0.0
0.0	0.15858029	0.0	0.0	0.0	0.0	0.032948058	0.0	0.0	0.0	0.0	0.0	0.0	0.0	0.25014505	0.0	0.3320691	0.0	0.0	0.059268814	0.0	0.16109033	0.0	0.20209669	0.0	0.0	0.09406459	0.0	0.0	0.19796473	0.33705592	0.0	0.0	0.0	0.0	0.0	0.0	0.0	0.0	0.0	0.25362548	0.40617272	0.0	0.0	0.0	0.0	0.3547411	0.0	0.22691792	0.12585767	0.0	0.0	0.0	0.1759276	0.0	0.0	0.0	0.0	0.0	0.37679327	0.36054763	0.0	0.0	0.26858008	0.0	0.0	0.098193206	0.24651815	0.0	0.29703167	0.2181695	0.0	0.0	0.0	0.0	0.23487909	0.0	0.0	0.20362902	0.0	0.45999107	0.14699988	0.5343059	0.0	0.33673045	0.0	0.0	0.0	0.0	0.10342502	0.0	0.08755065	0.0	0.0	0.0	0.0	0.5703073	0.0	0.0	0.0	0.24082296	0.0	0.0	0.0	0.50495684	0.074036576	0.0	0.17785746	0.0	0.0	0.3707368	0.0	0.0	0.0	0.0	0.112946905	0.0	0.0	0.0	0.0	0.106308125	0.0	0.5031039	0.0	0.0	0.37735662	0.0033469952	0.0
0.0	0.13789769	0.0	0.0	0.0	0.0	0.017165495	0.0	0.0	0.0	0.0	0.0	0.0	0.0	0.26869422	0.0	0.3221884	0.0	0.0	0.05150075	0.0	0.18202883	0.0	0.19543159	0.0	0.0	0.09557555	0.0	0.0	0.17886253	0.35048437	0.0	0.0	0.0	0.0	0.0	0.0	0.0	0.0	0.0	0.24925913	0.3714168	0.0	0.0	0.0	0.0	0.35346028	0.0	0.21560718	0.1394162	0.0	0.0	0.0	0.18463744	0.0	0.0	0.0	0.0	0.0	0.3793093	0.33113578	0.0	0.0	0.26860118	0.0	0.0	0.10510155	0.23824728	0.0	0.29886302	0.2299393	0.0	0.0	0.0	0.0	0.23483996	0.0	0.0	0.1899761	0.0	0.46285358	0.1583739	0.51674867	0.0	0.32047412	0.0	0.0	0.0	0.0	0.097969174	0.0	0.08820345	0.0	0.0	0.0	0.0	0.5574611	0.0	0.0	0.0	0.23099928	0.0	0.0	0.0	0.5074772	0.07604336	0.0	0.15860711	0.0	0.0	0.35543463	0.0	0.0	0.0	0.0	0.10017691	0.0	0.0	0.0	0.0	0.11830741	0.0	0.4773946	0.0	0.0	0.37687597	0.0	0.0
0.0	0.14930521	0.0	0.0	0.0	0.0	0.018036041	0.0	0.0	0.0	0.0	0.0	0.0	0.0	0.2831142	0.0	0.34950933	0.0	0.0	0.058324877	0.0	0.186431	0.0	0.21108079	0.0	0.0	0.12242803	0.0	0.0	0.21093734	0.3438972	0.0	0.0	0.0	0.0	0.0	0.0	0.0	0.0	0.0	0.2661599	0.4112197	0.0	0.0	0.0	0.0	0.36057734	0.0	0.22042507	0.13473254	0.0	0.0	0.0	0.19450289	0.0	0.0	0.0	0.0	0.0	0.37754896	0.36064386	0.0	0.0	0.29665723	0.0	0.0	0.09342193	0.26109397	0.0	0.31127548	0.22241603	0.0	0.0	0.0	0.0	0.24216513	0.0	0.0	0.21251364	0.0	0.48395565	0.15488221	0.55292255	0.0	0.33615294	0.0	0.0	0.0	0.0	0.11696967	0.0	0.089745164	0.0	0.0	0.0	0.0	0.56798834	0.0	0.0	0.0	0.2452371	0.0	0.0	0.0	0.53309584	0.095592044	0.0	0.18879205	0.0	0.0	0.3672266	0.0	0.0	0.0	0.0	0.09931252	0.0	0.0	0.0	0.0	0.12823239	0.0	0.49913788	0.0	0.0	0.39654008	0.0	0.0
0.0	0.14475939	0.0	0.0	0.0	0.0	0.007518463	0.0	0.0	0.0	0.0	0.0	0.0	0.0	0.30609676	0.0	0.3624818	0.0	0.0	0.06337137	0.0	0.20358394	0.0	0.21720938	0.0	0.0	0.14054883	0.0	0.0	0.22308914	0.34269634	0.0	0.0	0.0	0.0	0.0	0.0	0.0	0.0	0.0	0.28667226	0.40942112	0.0	0.0	0.0	0.0	0.36678028	0.0	0.22578508	0.1452805	0.0	0.0	0.0	0.2099762	0.0	0.0	0.0	0.0	0.0	0.3854164	0.36411414	0.0	0.0	0.31070802	0.0	0.0	0.09714023	0.27335882	0.0	0.3194423	0.22905205	0.0	0.0	0.0	0.0	0.2504354	0.0	0.0	0.21146089	0.0	0.49776104	0.16035295	0.5703904	0.0	0.35016456	0.0	0.0	0.0	0.0	0.12433804	0.0	0.09205639	0.0	0.0	0.0	0.0	0.5701882	0.0	0.0	0.0	0.25227445	0.0	0.0	0.0	0.54443043	0.103330635	0.0	0.18485583	0.0	0.0	0.36472753	0.0	0.0	0.0	0.0	0.09303525	0.0	0.0	0.0	0.0	0.14239065	0.0	0.50360924	0.0	0.0	0.40870836	0.0	0.0
0.0	0.17903428	0.0	0.0	0.0	0.0	0.04049165	0.0	0.0	0.0	0.0	0.0	0.0	0.0	0.27366307	0.0	0.3714455	0.0	0.0	0.07293429	0.0	0.17184617	0.0	0.22603919	0.0	0.0	0.12384518	0.0	0.0	0.23006494	0.32537255	0.0	0.0	0.0	0.0	0.0	0.0	0.0	0.0	0.0	0.26614404	0.45042348	0.0	0.0	0.0	0.0	0.36018005	0.0	0.22792761	0.12175467	0.0	0.0	0.0	0.1927826	0.0	0.0	0.0	0.0	0.0	0.37565514	0.39277324	0.0	0.0	0.30256253	0.0	0.0	0.08161936	0.27190408	0.0	0.31118655	0.20383184	0.0	0.0	0.0	0.0	0.2509511	0.0	0.0	0.218449	0.0	0.4811078	0.14107247	0.5807516	0.0	0.36071983	0.0	0.0	0.0	0.0	0.12513734	0.0	0.086344816	0.0	0.0	0.0	0.0	0.5871461	0.0	0.0	0.0	0.26041406	0.0	0.0	0.0	0.5339338	0.09883982	0.0	0.2108814	0.0	0.0	0.38184062	0.0	0.0	0.0	0.0	0.116771914	0.0	0.0	0.0	0.0	0.12587883	0.0	0.5392055	0.0	0.0	0.4087727	0.0026356534	0.0
0.0	0.17486161	0.0	0.0	0.0	0.0	0.027043963	0.0	0.0	0.0	0.0	0.0	0.0	0.0	0.30381334	0.0	0.38840362	0.0	0.0	0.07865191	0.0	0.18402465	0.0	0.22750075	0.0	0.0	0.15247971	0.0	0.0	0.24719639	0.33015904	0.0	0.0	0.0	0.0	0.0	0.0	0.0	0.0	0.0	0.2968444	0.44458368	0.0	0.0	0.0	0.0	0.36755648	0.0	0.23264658	0.1272252	0.0	0.0	0.0	0.21563457	0.0	0.0	0.0	0.0	0.0	0.38452217	0.39390633	0.0	0.0	0.32886112	0.0	0.0	0.07058338	0.28616285	0.0	0.3243285	0.21077178	0.0	0.0	0.0	0.0	0.261436	0.0	0.0	0.22697107	0.0	0.49010253	0.13080133	0.60973537	0.0	0.38318023	0.0	0.0	0.0	0.0	0.13663383	0.0	0.0904891	0.0	0.0	0.0	0.0	0.5992163	0.0	0.0	0.0	0.27546716	0.0	0.0	0.0	0.56449443	0.10509491	0.0	0.20977052	0.0	0.0	0.37661228	0.0	0.0	0.0	0.0	0.10870888	0.0	0.0	0.0	0.0	0.13934356	0.0	0.54113525	0.0	0.0	0.4223632	0.0	0.0
0.0	0.14779764	0.0	0.0	0.0	0.0	0.016896699	0.0	0.0	0.0	0.0	0.0	0.0	0.0	0.27756858	0.0	0.34051204	0.0	0.0	0.05766249	0.0	0.18559404	0.0	0.20329888	0.0	0.0	0.1128952	0.0	0.0	0.20481889	0.3462511	0.0	0.0	0.0	0.0	0.0	0.0	0.0	0.0	0.0	0.2660587	0.40170977	0.0	0.0	0.0	0.0	0.36303124	0.0	0.2192089	0.1378565	0.0	0.0	0.0	0.19087666	0.0	0.0	0.0	0.0	0.0	0.37477514	0.3515375	0.0	0.0	0.28760564	0.0	0.0	0.10118564	0.25910118	0.0	0.308018	0.22230603	0.0	0.0	0.0	0.0	0.23645742	0.0	0.0	0.20407669	0.0	0.48078856	0.15460187	0.5417673	0.0	0.32986525	0.0	0.0	0.0	0.0	0.11183957	0.0	0.0895682	0.0	0.0	0.0	0.0	0.55914634	0.0	0.0	0.0	0.24054156	0.0	0.0	0.0	0.52573186	0.09052032	0.0	0.17992866	0.0	0.0	0.36889935	0.0	0.0	0.0	0.0	0.09711572	0.0	0.0	0.0	0.0	0.122088395	0.0	0.49180174	0.0	0.0	0.39059195	0.0	0.0
0.0	0.14671552	0.0	0.0	0.0	0.0	0.01668353	0.0	0.0	0.0	0.0	0.0	0.0	0.0	0.30419847	0.0	0.39170542	0.0	0.0	0.07328032	0.0	0.19655783	0.0	0.19735007	0.0	0.0	0.14389944	0.0	0.0	0.25867695	0.34656885	0.0	0.0	0.0	0.0	0.0	0.0	0.0	0.0	0.0	0.28692535	0.44220588	0.0	0.0	0.0	0.0	0.40783346	0.0	0.26114607	0.18758182	0.0	0.0	0.0	0.2109785	0.0	0.0	0.0	0.0	0.0	0.4009551	0.3678635	0.0	0.0	0.32397643	0.0	0.0	0.13762967	0.27521732	0.0	0.35959235	0.2336871	0.0	0.0	0.0	0.0	0.24818355	0.0	0.0	0.22466896	0.0	0.5090115	0.20299076	0.60379297	0.0	0.337653	0.0	0.0	0.0	0.0	0.123163946	0.0	0.104760975	0.0	0.0	0.0	0.0	0.55829555	0.0	0.0	0.0	0.25111887	0.0	0.0	0.0	0.53180915	0.11618399	0.0	0.20293707	0.0	0.0	0.3669497	0.0	0.0	0.0	0.0	0.09038665	0.0	0.0	0.0	0.0	0.13093819	0.0	0.5258295	0.0	0.0	0.42209482	0.0	0.0
0.0	0.1423876	0.0	0.0	0.0	0.0	0.017462363	0.0	0.0	0.0	0.0	0.0	0.0	0.0	0.29266295	0.0	0.3579649	0.0	0.0	0.062228303	0.0	0.18973471	0.0	0.2000982	0.0	0.0	0.12432134	0.0	0.0	0.22726583	0.350275	0.0	0.0	0.0	0.0	0.0	0.0	0.0	0.0	0.0	0.2738356	0.4138826	0.0	0.0	0.0	0.0	0.38500798	0.0	0.22819883	0.15642619	0.0	0.0	0.0	0.19269365	0.0	0.0	0.0	0.0	0.0	0.38072598	0.35098124	0.0	0.0	0.30034405	0.0	0.0	0.11768144	0.25956106	0.0	0.32416332	0.2248358	0.0	0.0	0.0	0.0	0.24506314	0.0	0.0	0.20497961	0.0	0.48898423	0.17190838	0.555798	0.0	0.3300285	0.0	0.0	0.0	0.0	0.11807555	0.0	0.09088568	0.0	0.0	0.0	0.0	0.5608619	0.0	0.0	0.0	0.24701066	0.0	0.0	0.0	0.5288996	0.09753985	0.0	0.18947011	0.0	0.0	0.36684194	0.0	0.0	0.0	0.0	0.09093299	0.0	0.0	0.0	0.0	0.11572122	0.0	0.49696997	0.0	0.0	0.401697	0.0	0.0
0.0	0.15437935	0.0	0.0	0.0	0.0	0.0802242	0.0	0.0	0.0	0.0	0.0	0.0	0.0	0.29205883	0.0	0.36830983	0.0	0.0	0.07373162	0.0	0.21854056	0.0	0.23468459	0.0	0.0	0.08356613	0.0	0.0	0.19793744	0.35408604	0.0	0.0	0.0	0.0	0.0	0.0	0.0	0.0	0.0	0.25163037	0.36073208	0.0	0.0	0.0	0.0	0.34950057	0.0	0.22589628	0.15013576	0.0	0.0	0.0	0.16141768	0.0	0.0	0.0	0.0	0.0	0.3868467	0.32509306	0.0	0.0	0.29481933	0.0	0.0	0.11040699	0.22780104	0.0	0.29806045	0.21903038	0.0	0.0	0.0	0.0	0.26529834	0.0	0.0	0.17754251	0.0	0.44321766	0.18347086	0.5404216	0.0	0.3291919	0.0	0.0	0.0	0.0	0.081461824	0.0	0.096309036	0.0	0.0	0.0	0.0	0.5640622	0.0	0.0	0.0	0.25641727	0.0	0.0	0.0	0.4801681	0.062856816	0.0	0.159896	0.0	0.0	0.37453878	0.0	0.0012697795	0.0	0.0	0.1088047	0.0	0.0	0.0	0.0	0.13040791	0.0	0.520834	0.0	0.0	0.40493694	0.0	0.0
0.0	0.121114254	0.0	0.0	0.0	0.0	0.078119256	0.0	0.0	0.0	0.0	0.0	0.0	0.0	0.264922	0.0	0.31889623	0.0	0.0	0.050341424	0.0	0.20671332	0.0	0.20815904	0.0	0.0	0.057962906	0.0	0.0	0.14599915	0.38144794	0.0	0.0	0.0	0.0	0.0	0.0	0.0	0.0	0.0	0.21891981	0.32100266	0.0	0.0	0.0	0.0	0.352899	0.0	0.24088635	0.17372608	0.0	0.0	0.0	0.153741	0.0	0.0	0.0	0.0	0.0	0.39968252	0.28470674	0.0	0.0	0.25523773	0.0	0.0	0.119310044	0.18604672	0.0	0.29833344	0.2212177	0.0	0.0	0.0	0.0	0.24667232	0.0	0.0	0.15364926	0.0	0.44809997	0.22415309	0.47622684	0.0	0.27466157	0.0	0.0	0.0	0.0	0.07342953	0.0	0.108386695	0.0	0.0	0.0	0.0	0.5246293	0.0	0.0	0.0	0.21678261	0.0	0.0	0.0	0.44981375	0.04078339	0.0	0.12806655	0.0	0.0	0.33036116	0.0	0.0041872035	0.0	0.0	0.09375113	0.0	0.0	0.0	0.0	0.10733006	0.0	0.46817923	0.0	0.0	0.37793565	0.0	0.0
0.0	0.12169021	0.0	0.0	0.0	0.0	0.08410057	0.0	0.0	0.0	0.0	0.0	0.0	0.0	0.2482752	0.0	0.30922368	0.0	0.0	0.045590192	0.0	0.20675234	0.0	0.20328021	0.0	0.0	0.049888987	0.0	0.0	0.13151596	0.3809073	0.0	0.0	0.0	0.0	0.0	0.0	0.0	0.0	0.0	0.2075417	0.3073827	0.0	0.0	0.0	0.0	0.3457652	0.0	0.2443778	0.16940461	0.0	0.0	0.0	0.14313628	0.0	0.0	0.0	0.0	0.0	0.39897922	0.27276796	0.0	0.0	0.23936139	0.0	0.0	0.12439612	0.1748991	0.0	0.2935851	0.22660382	0.0	0.0	0.0	0.0	0.24358456	0.0	0.0	0.14588284	0.0	0.43236527	0.22559458	0.46289507	0.0	0.27046153	0.0	0.0	0.0	0.0	0.06652851	0.0	0.10664492	0.0	0.0	0.0	0.0	0.517829	0.0	0.0	0.0	0.21373796	0.0	0.0	0.0	0.4358215	0.02786162	0.0	0.12459179	0.0	0.0	0.32795125	0.0	0.006986523	0.0	0.0	0.093974866	0.0	0.0	0.0	0.0	0.10419551	0.0	0.46751723	0.0	0.0	0.3701171	0.0	0.0
0.0	0.113307364	0.0	0.0	0.0	0.0	0.090996824	0.0	0.0	0.0	0.0	0.0	0.0	0.0	0.23878579	0.0	0.30274996	0.0	0.0	0.042145565	0.0	0.21909477	0.0	0.18385069	0.0	0.0	0.038009718	0.0	0.0	0.12629788	0.39304146	0.0	0.0	0.0	0.0	0.0	0.0	0.0	0.0	0.0	0.20038529	0.28664544	0.0	0.0	0.0	0.0	0.3666221	0.0	0.2613142	0.18908505	0.0	0.0	0.0	0.13819173	0.0	0.0	0.0	0.0	0.0	0.40992498	0.24920774	0.0	0.0	0.24375682	0.0	0.0	0.14697696	0.16553666	0.0	0.28979054	0.22884862	0.0	0.0	0.0	0.0	0.23597641	0.0	0.0	0.14672911	0.0	0.41543928	0.2506943	0.45846868	0.0	0.25298607	0.0	0.0	0.0	0.0	0.050924744	0.0	0.122409664	0.0	0.0	0.0	0.0	0.49978054	0.0	0.0	0.0	0.20807011	0.0	0.0	0.0	0.424534	0.019313507	0.0	0.11966429	0.0	0.0	0.33369997	0.0	0.0112585025	0.0	0.0	0.085251875	0.0	0.0	0.0	0.0	0.0905115	0.0	0.4596455	0.0	0.0	0.36126196	0.0	0.0
0.0	0.114505135	0.0	0.0	0.0	0.0	0.0841595	0.0	0.0	0.0	0.0	0.0	0.0	0.0	0.22972977	0.0	0.30030876	0.0	0.0	0.04086709	0.0	0.22060873	0.0	0.18277757	0.0	0.0	0.030182162	0.0	0.0	0.1213971	0.3841742	0.0	0.0	0.0	0.0	0.0	0.0	0.0	0.0	0.0	0.19509678	0.2854705	0.0	0.0	0.0	0.0	0.36509323	0.0	0.26299277	0.17897026	0.0	0.0	0.0	0.12757409	0.0	0.0	0.0	0.0	0.0	0.4042954	0.24868281	0.0	0.0	0.23481758	0.0	0.0	0.14115916	0.16491617	0.0	0.28862005	0.23350663	0.0	0.0	0.0	0.0	0.23459554	0.0	0.0	0.14237446	0.0	0.41271123	0.2443744	0.4547937	0.0	0.25787017	0.0	0.0	0.0	0.0	0.05101997	0.0	0.11561575	0.0	0.0	0.0	0.0	0.5084229	0.0	0.0	0.0	0.20474856	0.0	0.0	0.0	0.42074347	0.014735174	0.0	0.11600494	0.0	0.0	0.33492622	0.0	0.01139053	0.0	0.0	0.0825527	0.0	0.0	0.0	0.0	0.08971677	0.0	0.46180543	0.0	0.0	0.36435366	0.0	0.0
0.0	0.117281824	0.0	0.0	0.0	0.0	0.07253868	0.0	0.0	0.0	0.0	0.0	0.0	0.0	0.24251725	0.0	0.30943084	0.0	0.0	0.045785133	0.0	0.21613558	0.0	0.18897657	0.0	0.0	0.03600974	0.0	0.0	0.14099623	0.3802116	0.0	0.0	0.0	0.0	0.0	0.0	0.0	0.0	0.0	0.21107848	0.30881026	0.0	0.0	0.0	0.0	0.3667436	0.0	0.2578153	0.17299362	0.0	0.0	0.0	0.14295805	0.0	0.0	0.0	0.0	0.0	0.40325788	0.26786122	0.0	0.0	0.24833684	0.0	0.0	0.13179357	0.18124689	0.0	0.29342338	0.23466466	0.0	0.0	0.0	0.0	0.23791724	0.0	0.0	0.15416117	0.0	0.42759958	0.23155797	0.4747889	0.0	0.269148	0.0	0.0	0.0	0.0	0.061646346	0.0	0.11098984	0.0	0.0	0.0	0.0	0.51906985	0.0	0.0	0.0	0.20853429	0.0	0.0	0.0	0.440066	0.02493888	0.0	0.12727211	0.0	0.0	0.3365804	0.0	0.0059462506	0.0	0.0	0.08914203	0.0	0.0	0.0	0.0	0.09606293	0.0	0.46761203	0.0	0.0	0.37080398	0.0	0.0
0.0	0.11657805	0.0	0.0	0.0	0.0	0.08608442	0.0	0.0	0.0	0.0	0.0	0.0	0.0	0.22581391	0.0	0.29257473	0.0	0.0	0.03573015	0.0	0.21809249	0.0	0.17996772	0.0	0.0	0.03724647	0.0	0.0	0.1186243	0.38989973	0.0	0.0	0.0	0.0	0.0	0.0	0.0	0.0	0.0	0.20035516	0.28252867	0.0	0.0	0.0	0.0	0.35327688	0.0	0.2562227	0.18101144	0.0	0.0	0.0	0.14084066	0.0	0.0	0.0	0.0	0.0	0.40683684	0.2507228	0.0	0.0	0.23401839	0.0	0.0	0.13751934	0.17179358	0.0	0.2906634	0.23172541	0.0	0.0	0.0	0.0	0.22937681	0.0	0.0	0.14675304	0.0	0.41430858	0.23622759	0.45454288	0.0	0.2572802	0.0	0.0	0.0	0.0	0.054087732	0.0	0.11225706	0.0	0.0	0.0	0.0	0.49984255	0.0	0.0	0.0	0.2055468	0.0	0.0	0.0	0.42517892	0.016190408	0.0	0.12457741	0.0	0.0	0.3340491	0.0	0.010384178	0.0	0.0	0.087035276	0.0	0.0	0.0	0.0	0.09182886	0.0	0.4580461	0.0	0.0	0.36386982	0.0	0.0
0.0	0.120998286	0.0	0.0	0.0	0.0	0.08792573	0.0	0.0	0.0	0.0	0.0	0.0	0.0	0.26725984	0.0	0.3241954	0.0	0.0	0.050963733	0.0	0.21607275	0.0	0.20488851	0.0	0.0	0.058492452	0.0	0.0	0.144961	0.38425365	0.0	0.0	0.0	0.0	0.0	0.0	0.0	0.0	0.0	0.21951127	0.31476855	0.0	0.0	0.0	0.0	0.35786605	0.0	0.24414515	0.17749327	0.0	0.0	0.0	0.1565215	0.0	0.0	0.0	0.0	0.0	0.4033545	0.27990952	0.0	0.0	0.2591875	0.0	0.0	0.12000981	0.18496366	0.0	0.2973083	0.2204082	0.0	0.0	0.0	0.0	0.24655099	0.0	0.0	0.15407883	0.0	0.44377646	0.23154183	0.48005414	0.0	0.27425557	0.0	0.0	0.0	0.0	0.070915386	0.0	0.11758723	0.0	0.0	0.0	0.0	0.5192302	0.0	0.0	0.0	0.22054248	0.0	0.0	0.0	0.4507924	0.03491383	0.0	0.13271545	0.0	0.0	0.33419362	0.0	0.0047977935	0.0	0.0	0.08878646	0.0	0.0	0.0	0.0	0.111250944	0.0	0.4718025	0.0	0.0	0.3778982	0.0	0.0
0.0	0.12591684	0.0	0.0	0.0	0.0	0.08741922	0.0	0.0	0.0	0.0	0.0	0.0	0.0	0.28454646	0.0	0.35967627	0.0	0.0	0.06301387	0.0	0.24001372	0.0	0.1595066	0.0	0.0	0.047697138	0.0	0.0	0.19657369	0.4171289	0.0	0.0	0.0	0.0	0.0	0.0	0.0	0.0	0.0	0.21323593	0.29741916	0.0	0.0	0.0	0.0	0.4140675	0.0	0.30074283	0.2800521	0.0	0.0	0.0	0.14747427	0.0	0.0	0.0	0.0	0.0	0.4268454	0.22295743	0.0	0.0	0.32240102	0.0	0.0	0.1827613	0.16499038	0.0	0.351594	0.2471625	0.0	0.0	0.0	0.0	0.2620313	0.0	0.0	0.18062772	0.0	0.4290228	0.33029297	0.5414282	0.0	0.23160262	0.0	0.0	0.0	0.0	0.04685195	0.0	0.15014382	0.0	0.0	0.0	0.0	0.47350502	0.0	0.0	0.0	0.21711977	0.0	0.0	0.0	0.44084907	0.06429395	0.0	0.14636683	0.0	0.0	0.31968883	0.0	0.017826043	0.0	0.0	0.0744076	0.0	0.0	0.0	0.0	0.10187199	0.0	0.5028567	0.0	0.0	0.38474473	0.0	0.0
0.0	0.11396741	0.0	0.0	0.0	0.0	0.076815106	0.0	0.0	0.0	0.0	0.0	0.0	0.0	0.22173555	0.0	0.29130313	0.0	0.0	0.03265884	0.0	0.215988	0.0	0.17860293	0.0	0.0	0.031223947	0.0	0.0	0.113543846	0.37959656	0.0	0.0	0.0	0.0	0.0	0.0	0.0	0.0	0.0	0.19242878	0.27902675	0.0	0.0	0.0	0.0	0.36089525	0.0	0.26375273	0.17941451	0.0	0.0	0.0	0.12822856	0.0	0.0	0.0	0.0	0.0	0.39853796	0.24505204	0.0	0.0	0.22622043	0.0	0.0	0.1475731	0.160217	0.0	0.28618982	0.23700635	0.0	0.0	0.0	0.0	0.22989607	0.0	0.0	0.14192002	0.0	0.4023073	0.23606117	0.4511883	0.0	0.25956127	0.0	0.0	0.0	0.0	0.051785246	0.0	0.112248145	0.0	0.0	0.0	0.0	0.5049823	0.0	0.0	0.0	0.20369719	0.0	0.0	0.0	0.41991177	0.013991264	0.0	0.11393135	0.0	0.0	0.33410403	0.0	0.00999084	0.0	0.0	0.08292664	0.0	0.0	0.0	0.0	0.09026787	0.0	0.4552957	0.0	0.0	0.35843173	0.0	0.0
0.0	0.118053235	0.0	0.0	0.0	0.0	0.08329154	0.0	0.0	0.0	0.0	0.0	0.0	0.0	0.26179382	0.0	0.31679085	0.0	0.0	0.048658747	0.0	0.2095626	0.0	0.2096216	0.0	0.0	0.0542164	0.0	0.0	0.14043055	0.38172245	0.0	0.0	0.0	0.0	0.0	0.0	0.0	0.0	0.0	0.21228564	0.3166345	0.0	0.0	0.0	0.0	0.3528535	0.0	0.23871434	0.17489432	0.0	0.0	0.0	0.14783068	0.0	0.0	0.0	0.0	0.0	0.4009792	0.27593693	0.0	0.0	0.24908172	0.0	0.0	0.12477977	0.18121107	0.0	0.2982465	0.22126019	0.0	0.0	0.0	0.0	0.24660033	0.0	0.0	0.15019958	0.0	0.44500265	0.23302174	0.4684445	0.0	0.2699571	0.0	0.0	0.0	0.0	0.06917804	0.0	0.11183166	0.0	0.0	0.0	0.0	0.5159144	0.0	0.0	0.0	0.21630585	0.0	0.0	0.0	0.44048825	0.039985646	0.0	0.1292374	0.0	0.0	0.33143988	0.0	0.007538322	0.0	0.0	0.09372827	0.0	0.0	0.0	0.0	0.10582876	0.0	0.4678297	0.0	0.0	0.3745228	0.0	0.0
0.0	0.16818427	0.0	0.0	0.0	0.0	0.027816072	0.0	0.0	0.0	0.0	0.0	0.0	0.0	0.36233506	0.0	0.48342165	0.0	0.0	0.056666598	0.0	0.23517291	0.0	0.24933799	0.0	0.0	0.15011087	0.0	0.0	0.26684317	0.35732874	0.0	0.0	0.0	0.0	0.0	0.0	0.0	0.0	0.0	0.28250092	0.44845533	0.0	0.0	0.0	0.0	0.40072274	0.0	0.2124068	0.17833644	0.0	0.0	0.0	0.19033362	0.0	0.0	0.0	0.0	0.0	0.3625661	0.38081983	0.0	0.0	0.38356403	0.0	0.0	0.12081634	0.26138738	0.0	0.36569253	0.22386199	0.0	0.0	0.0	0.0	0.26719332	0.0	0.0	0.23634236	0.0	0.50009495	0.21454121	0.6445873	0.0	0.37116066	0.0	0.0	0.0	0.0	0.1545556	0.0	0.123791575	0.0	0.0	0.0	0.0	0.5973488	0.0	0.0	0.0	0.28237137	0.0	0.0	0.0	0.5677778	0.14247972	0.0	0.2839431	0.0	0.0	0.37179813	0.0	0.0	0.0	0.0	0.07667325	0.0	0.0	0.0	0.0	0.15956804	0.0	0.55593294	0.0	0.0	0.46525526	0.0	0.0
0.0	0.12621357	0.0	0.0	0.0	0.0	0.097053416	0.0	0.0	0.0	0.0	0.0	0.0	0.0	0.27954224	0.0	0.3705671	0.0	0.0	0.06862532	0.0	0.26064256	0.0	0.156089	0.0	0.0	0.05035458	0.0	0.0	0.19906878	0.42272413	0.0	0.0	0.0	0.0	0.0	0.0	0.0	0.0	0.0	0.22519742	0.30010396	0.0	0.0	0.0	0.0	0.41440818	0.0	0.3161093	0.27627993	0.0	0.0	0.0	0.15710248	0.0	0.0	0.0	0.0	0.0	0.4350957	0.2193054	0.0	0.0	0.340287	0.0	0.0	0.17535321	0.17936747	0.0	0.35770717	0.25799033	0.0	0.0	0.0	0.0	0.2595823	0.0	0.0	0.18784694	0.0	0.42970452	0.33730254	0.56355363	0.0	0.24426498	0.0	0.0	0.0	0.0	0.050046723	0.0	0.15497468	0.0	0.0	0.0	0.0	0.4748813	0.0	0.0	0.0	0.22253232	0.0	0.0	0.0	0.45442173	0.0611973	0.0	0.14693724	0.0	0.0	0.31785974	0.0	0.019289272	0.0	0.0	0.06952723	0.0	0.0	0.0	0.0	0.11343676	0.0	0.5199535	0.0	0.0	0.39976978	0.0	0.0
0.0	0.11984291	0.0	0.0	0.0	0.0	0.084842406	0.0	0.0	0.0	0.0	0.0	0.0	0.0	0.26466933	0.0	0.3227003	0.0	0.0	0.051372793	0.0	0.21275286	0.0	0.20839642	0.0	0.0	0.05622563	0.0	0.0	0.14438923	0.38370347	0.0	0.0	0.0	0.0	0.0	0.0	0.0	0.0	0.0	0.21689598	0.31648573	0.0	0.0	0.0	0.0	0.3570958	0.0	0.24410748	0.17668255	0.0	0.0	0.0	0.15188347	0.0	0.0	0.0	0.0	0.0	0.4035419	0.27993545	0.0	0.0	0.25649565	0.0	0.0	0.12160501	0.18192239	0.0	0.29823086	0.22135931	0.0	0.0	0.0	0.0	0.24851345	0.0	0.0	0.15304376	0.0	0.44582012	0.23289223	0.4764959	0.0	0.27306256	0.0	0.0	0.0	0.0	0.07072801	0.0	0.114966445	0.0	0.0	0.0	0.0	0.5220663	0.0	0.0	0.0	0.2186145	0.0	0.0	0.0	0.44582978	0.03692815	0.0	0.12949403	0.0	0.0	0.33104637	0.0	0.006267834	0.0	0.0	0.091963105	0.0	0.0	0.0	0.0	0.108607374	0.0	0.47165513	0.0	0.0	0.3783461	0.0	0.0
0.0	0.12188858	0.0	0.0	0.0	0.0	0.09228762	0.0	0.0	0.0	0.0	0.0	0.0	0.0	0.26451093	0.0	0.32952386	0.0	0.0	0.05323835	0.0	0.21956582	0.0	0.20284224	0.0	0.0	0.058332935	0.0	0.0	0.15033968	0.39023197	0.0	0.0	0.0	0.0	0.0	0.0	0.0	0.0	0.0	0.21487051	0.31959197	0.0	0.0	0.0	0.0	0.36842573	0.0	0.2579488	0.18935166	0.0	0.0	0.0	0.15554464	0.0	0.0	0.0	0.0	0.0	0.41237426	0.27542272	0.0	0.0	0.26508844	0.0	0.0	0.1316718	0.17970562	0.0	0.3026434	0.22280687	0.0	0.0	0.0	0.0	0.24538498	0.0	0.0	0.16269326	0.0	0.44149598	0.2526238	0.48603603	0.0	0.26718876	0.0	0.0	0.0	0.0	0.06591752	0.0	0.1214095	0.0	0.0	0.0	0.0	0.5173769	0.0	0.0	0.0	0.21927522	0.0	0.0	0.0	0.44246578	0.037285607	0.0	0.13419777	0.0	0.0	0.33190128	0.0	0.008075644	0.0	0.0	0.09165477	0.0	0.0	0.0	0.0	0.103169285	0.0	0.48097387	0.0	0.0	0.38167897	0.0	0.0
0.0	0.119048975	0.0	0.0	0.0	0.0	0.087788634	0.0	0.0	0.0	0.0	0.0	0.0	0.0	0.25310332	0.0	0.32009763	0.0	0.0	0.041496377	0.0	0.23343241	0.0	0.19290991	0.0	0.0	0.037151575	0.0	0.0	0.13140704	0.37611556	0.0	0.0	0.0	0.0	0.0	0.0	0.0	0.0	0.0	0.21507609	0.28042954	0.0	0.0	0.0	0.0	0.3639176	0.0	0.25457594	0.17286299	0.0	0.0	0.0	0.14138632	0.0	0.0	0.0	0.0	0.0	0.39728773	0.26359856	0.0	0.0	0.2590315	0.0	0.0	0.13169944	0.17383893	0.0	0.28493002	0.23285586	0.0	0.0	0.0	0.0	0.25003517	0.0	0.0	0.14893083	0.0	0.4167266	0.22409534	0.47582257	0.0	0.2796244	0.0	0.0	0.0	0.0	0.061399605	0.0	0.110735975	0.0	0.0	0.0	0.0	0.5217812	0.0	0.0	0.0	0.22017469	0.0	0.0	0.0	0.4471883	0.012020367	0.0	0.123939455	0.0	0.0	0.34867093	0.0	0.009243676	0.0	0.0	0.08288611	0.0	0.0	0.0	0.0	0.10787562	0.0	0.45992866	0.0	0.0	0.36599195	0.0	0.0
0.0	0.1199252	0.0	0.0	0.0	0.0	0.09201539	0.0	0.0	0.0	0.0	0.0	0.0	0.0	0.25357357	0.0	0.3139629	0.0	0.0	0.045820456	0.0	0.21898723	0.0	0.1966666	0.0	0.0	0.050989777	0.0	0.0	0.13535625	0.39078864	0.0	0.0	0.0	0.0	0.0	0.0	0.0	0.0	0.0	0.20896693	0.3068109	0.0	0.0	0.0	0.0	0.3632327	0.0	0.2569752	0.1819808	0.0	0.0	0.0	0.15115581	0.0	0.0	0.0	0.0	0.0	0.40986308	0.2676886	0.0	0.0	0.254728	0.0	0.0	0.12944792	0.17484708	0.0	0.29380998	0.22307117	0.0	0.0	0.0	0.0	0.24164744	0.0	0.0	0.15537927	0.0	0.43314722	0.24378632	0.47408986	0.0	0.26550624	0.0	0.0	0.0	0.0	0.0633402	0.0	0.11951057	0.0	0.0	0.0	0.0	0.514545	0.0	0.0	0.0	0.21595164	0.0	0.0	0.0	0.43827236	0.027036017	0.0	0.12690806	0.0	0.0	0.33130148	0.0	0.011408997	0.0	0.0	0.08907028	0.0	0.0	0.0	0.0	0.09986145	0.0	0.47203276	0.0	0.0	0.37061667	0.0	0.0
0.0	0.11487021	0.0	0.0	0.0	0.0	0.07831808	0.0	0.0	0.0	0.0	0.0	0.0	0.0	0.29699135	0.0	0.35667267	0.0	0.0	0.06469136	0.0	0.24358396	0.0	0.18753088	0.0	0.0	0.06375835	0.0	0.0	0.18537034	0.3998843	0.0	0.0	0.0	0.0	0.0	0.0	0.0	0.0	0.0	0.23671776	0.3280349	0.0	0.0	0.0	0.0	0.39730203	0.0	0.2760703	0.23790455	0.0	0.0	0.0	0.16719687	0.0	0.0	0.0	0.0	0.0	0.4222423	0.262072	0.0	0.0	0.3019064	0.0	0.0	0.16133052	0.19563644	0.0	0.33563113	0.23836617	0.0	0.0	0.0	0.0	0.25565892	0.0	0.0	0.16904326	0.0	0.4632833	0.29693344	0.5244524	0.0	0.25748453	0.0	0.0	0.0	0.0	0.06730472	0.0	0.13021582	0.0	0.0	0.0	0.0	0.49398097	0.0	0.0	0.0	0.2204156	0.0	0.0	0.0	0.45422316	0.06785502	0.0	0.13751473	0.0	0.0	0.3249445	0.0	0.0061501707	0.0	0.0	0.07654341	0.0	0.0	0.0	0.0	0.11097894	0.0	0.487059	0.0	0.0	0.3995889	0.0	0.0
0.0	0.124871135	0.0	0.0	0.0	0.0	0.10030744	0.0	0.0	0.0	0.0	0.0	0.0	0.0	0.27500576	0.0	0.34704295	0.0	0.0	0.051093426	0.0	0.22524397	0.0	0.2180593	0.0	0.0	0.05919501	0.0	0.0	0.15603156	0.38889614	0.0	0.0	0.0	0.0	0.0	0.0	0.0	0.0	0.0	0.22120412	0.32510313	0.0	0.0	0.0	0.0	0.35832	0.0	0.24773681	0.1826868	0.0	0.0	0.0	0.15732937	0.0	0.0	0.0	0.0	0.0	0.40307024	0.28596398	0.0	0.0	0.2810045	0.0	0.0	0.11550025	0.18881501	0.0	0.3053417	0.21975756	0.0	0.0	0.0	0.0	0.25478542	0.0	0.0	0.16500592	0.0	0.4459751	0.24076788	0.50571173	0.0	0.2804624	0.0	0.0	0.0	0.0	0.07414187	0.0	0.12717076	0.0	0.0	0.0	0.0	0.5240605	0.0	0.0	0.0	0.23523052	0.0	0.0	0.0	0.45868877	0.049714345	0.0	0.14660996	0.0	0.0	0.33296624	0.0	0.0033514593	0.0	0.0	0.09506378	0.0	0.0	0.0	0.0	0.12097529	0.0	0.492911	0.0	0.0	0.3869528	0.0	0.0
0.0	0.12583059	0.0	0.0	0.0	0.0	0.08808613	0.0	0.0	0.0	0.0	0.0	0.0	0.0	0.25345275	0.0	0.32321182	0.0	0.0	0.05097362	0.0	0.20878868	0.0	0.20348208	0.0	0.0	0.05798037	0.0	0.0	0.1450202	0.38571605	0.0	0.0	0.0	0.0	0.0	0.0	0.0	0.0	0.0	0.2082954	0.32601032	0.0	0.0	0.0	0.0	0.35832036	0.0	0.25458756	0.17779583	0.0	0.0	0.0	0.15214987	0.0	0.0	0.0	0.0	0.0	0.40888023	0.28282782	0.0	0.0	0.2535571	0.0	0.0	0.12742738	0.17853631	0.0	0.30055323	0.2251708	0.0	0.0	0.0	0.0	0.24279515	0.0	0.0	0.16150779	0.0	0.43855742	0.23924772	0.48173943	0.0	0.27157924	0.0	0.0	0.0	0.0	0.06633607	0.0	0.11485934	0.0	0.0	0.0	0.0	0.52124614	0.0	0.0	0.0	0.21674164	0.0	0.0	0.0	0.4389871	0.037115496	0.0	0.13179214	0.0	0.0	0.32899606	0.0	0.008107731	0.0	0.0	0.09838135	0.0	0.0	0.0	0.0	0.10203955	0.0	0.48221287	0.0	0.0	0.37787008	0.0	0.0
0.0	0.12033311	0.0	0.0	0.0	0.0	0.08479274	0.0	0.0	0.0	0.0	0.0	0.0	0.0	0.23841514	0.0	0.30662113	0.0	0.0	0.044597864	0.0	0.20901573	0.0	0.19169138	0.0	0.0	0.043780033	0.0	0.0	0.12970816	0.38743317	0.0	0.0	0.0	0.0	0.0	0.0	0.0	0.0	0.0	0.20038128	0.30277133	0.0	0.0	0.0	0.0	0.35775438	0.0	0.25698203	0.1773125	0.0	0.0	0.0	0.14193135	0.0	0.0	0.0	0.0	0.0	0.40535414	0.26496053	0.0	0.0	0.24039637	0.0	0.0	0.13424231	0.16846924	0.0	0.29324666	0.230044	0.0	0.0	0.0	0.0	0.23680498	0.0	0.0	0.15029372	0.0	0.42367867	0.23985665	0.464282	0.0	0.2643336	0.0	0.0	0.0	0.0	0.060676005	0.0	0.11351604	0.0	0.0	0.0	0.0	0.5133751	0.0	0.0	0.0	0.20882821	0.0	0.0	0.0	0.42970753	0.02308659	0.0	0.12005482	0.0	0.0	0.32659566	0.0	0.010107493	0.0	0.0	0.09187139	0.0	0.0	0.0	0.0	0.09537491	0.0	0.4667941	0.0	0.0	0.36707476	0.0	0.0
0.0	0.13253923	0.0	0.0	0.0	0.0	0.10503119	0.0	0.0	0.0	0.0	0.0	0.0	0.0	0.29390216	0.0	0.354772	0.0	0.0	0.05613632	0.0	0.21988706	0.0	0.23119517	0.0	0.0	0.07250736	0.0	0.0	0.16286008	0.3839396	0.0	0.0	0.0	0.0	0.0	0.0	0.0	0.0	0.0	0.22483309	0.34108326	0.0	0.0	0.0	0.0	0.35792327	0.0	0.24193494	0.18548954	0.0	0.0	0.0	0.16270316	0.0	0.0	0.0	0.0	0.0	0.40947437	0.29755893	0.0	0.0	0.27761534	0.0	0.0	0.11329775	0.1876718	0.0	0.30943325	0.20537512	0.0	0.0	0.0	0.0	0.2608988	0.0	0.0	0.16712053	0.0	0.46190417	0.24606931	0.5026315	0.0	0.28130063	0.0	0.0	0.0	0.0	0.07914407	0.0	0.12570043	0.0	0.0	0.0	0.0	0.52730185	0.0	0.0	0.0	0.2390945	0.0	0.0	0.0	0.44801787	0.056090306	0.0	0.1503611	0.0	0.0	0.33229837	0.0	0.0075095785	0.0	0.0	0.09232191	0.0	0.0	0.0	0.0	0.12110727	0.0	0.49971732	0.0	0.0	0.39882717	0.0	0.0
0.0	0.12184455	0.0	0.0	0.0	0.0	0.09235094	0.0	0.0	0.0	0.0	0.0	0.0	0.0	0.22806565	0.0	0.29906923	0.0	0.0	0.0389538	0.0	0.20629847	0.0	0.18607564	0.0	0.0	0.039017577	0.0	0.0	0.116350494	0.38623834	0.0	0.0	0.0	0.0	0.0	0.0	0.0	0.0	0.0	0.1900657	0.28963104	0.0	0.0	0.0	0.0	0.35190475	0.0	0.2613298	0.17866565	0.0	0.0	0.0	0.13335936	0.0	0.0	0.0	0.0	0.0	0.40424016	0.25593084	0.0	0.0	0.22974302	0.0	0.0	0.13815343	0.15653293	0.0	0.2891287	0.23045214	0.0	0.0	0.0	0.0	0.23549925	0.0	0.0	0.14550953	0.0	0.40714657	0.2407039	0.45382252	0.0	0.26009148	0.0	0.0	0.0	0.0	0.055169787	0.0	0.11244184	0.0	0.0	0.0	0.0	0.50886494	0.0	0.0	0.0	0.20916247	0.0	0.0	0.0	0.41965666	0.019059248	0.0	0.11763678	0.0	0.0	0.32419676	0.0	0.01254458	0.0	0.0	0.090925254	0.0	0.0	0.0	0.0	0.09030324	0.0	0.46711054	0.0	0.0	0.36340007	0.0	0.0
0.0	0.12024218	0.0	0.0	0.0	0.0	0.0781816	0.0	0.0	0.0	0.0	0.0	0.0	0.0	0.24227266	0.0	0.31052175	0.0	0.0	0.04939522	0.0	0.21938197	0.0	0.18929446	0.0	0.0	0.047487643	0.0	0.0	0.13904901	0.38914308	0.0	0.0	0.0	0.0	0.0	0.0	0.0	0.0	0.0	0.21556187	0.31288278	0.0	0.0	0.0	0.0	0.3627417	0.0	0.2632881	0.17943609	0.0	0.0	0.0	0.15556602	0.0	0.0	0.0	0.0	0.0	0.41391087	0.26703656	0.0	0.0	0.24645658	0.0	0.0	0.13672027	0.18649626	0.0	0.2980497	0.23813058	0.0	0.0	0.0	0.0	0.23267679	0.0	0.0	0.16195573	0.0	0.4348012	0.24016146	0.47465757	0.0	0.26858366	0.0	0.0	0.0	0.0	0.063421465	0.0	0.11732339	0.0	0.0	0.0	0.0	0.5091767	0.0	0.0	0.0	0.20868391	0.0	0.0	0.0	0.44048747	0.031592052	0.0	0.12794524	0.0	0.0	0.33043826	0.0	0.007952352	0.0	0.0	0.09158512	0.0	0.0	0.0	0.0	0.09925556	0.0	0.47193864	0.0	0.0	0.3734162	0.0	0.0
0.0	0.1138103	0.0	0.0	0.0	0.0	0.084582664	0.0	0.0	0.0	0.0	0.0	0.0	0.0	0.23532777	0.0	0.2988052	0.0	0.0	0.040827874	0.0	0.21992612	0.0	0.18674357	0.0	0.0	0.033747002	0.0	0.0	0.12289101	0.3862605	0.0	0.0	0.0	0.0	0.0	0.0	0.0	0.0	0.0	0.2033595	0.2853954	0.0	0.0	0.0	0.0	0.3591145	0.0	0.25505862	0.17737822	0.0	0.0	0.0	0.13886781	0.0	0.0	0.0	0.0	0.0	0.40481845	0.25233582	0.0	0.0	0.24040191	0.0	0.0	0.13766891	0.17143326	0.0	0.2877323	0.23134251	0.0	0.0	0.0	0.0	0.23480272	0.0	0.0	0.14415593	0.0	0.42092434	0.2400101	0.45630392	0.0	0.25921825	0.0	0.0	0.0	0.0	0.056053746	0.0	0.114319414	0.0	0.0	0.0	0.0	0.50340235	0.0	0.0	0.0	0.2064872	0.0	0.0	0.0	0.42908764	0.017099949	0.0	0.11829325	0.0	0.0	0.33507192	0.0	0.0099900635	0.0	0.0	0.08555811	0.0	0.0	0.0	0.0	0.09422646	0.0	0.45560873	0.0	0.0	0.36299524	0.0	0.0
0.0	0.11492977	0.0	0.0	0.0	0.0	0.07981924	0.0	0.0	0.0	0.0	0.0	0.0	0.0	0.22628419	0.0	0.29078504	0.0	0.0	0.036303777	0.0	0.20971425	0.0	0.17974538	0.0	0.0	0.03549035	0.0	0.0	0.11694667	0.3833649	0.0	0.0	0.0	0.0	0.0	0.0	0.0	0.0	0.0	0.19562292	0.28726906	0.0	0.0	0.0	0.0	0.3532858	0.0	0.2564129	0.17474447	0.0	0.0	0.0	0.1361198	0.0	0.0	0.0	0.0	0.0	0.40198824	0.25311318	0.0	0.0	0.22646838	0.0	0.0	0.13992088	0.16518332	0.0	0.28774834	0.23475708	0.0	0.0	0.0	0.0	0.23088212	0.0	0.0	0.14257772	0.0	0.4136628	0.23304749	0.45209643	0.0	0.2598172	0.0	0.0	0.0	0.0	0.056086227	0.0	0.107282646	0.0	0.0	0.0	0.0	0.507241	0.0	0.0	0.0	0.20313476	0.0	0.0	0.0	0.42530072	0.017122729	0.0	0.11664399	0.0	0.0	0.3271244	0.0	0.009392303	0.0	0.0	0.08834171	0.0	0.0	0.0	0.0	0.09147054	0.0	0.45398256	0.0	0.0	0.36141706	0.0	0.0
0.0	0.14708729	0.0	0.0	0.0	0.0	0.03534609	0.0	0.0	0.0	0.0	0.0	0.0	0.0	0.31164193	0.0	0.38902035	0.0	0.0	0.07781406	0.0	0.23040819	0.0	0.21093674	0.0	0.0	0.12641715	0.0	0.0	0.24209724	0.36186853	0.0	0.0	0.0	0.0	0.0	0.0	0.0	0.0	0.0	0.27992243	0.41765785	0.0	0.0	0.0	0.0	0.39452305	0.0	0.26960817	0.19857097	0.0	0.0	0.0	0.20674162	0.0	0.0	0.0	0.0	0.0	0.41647932	0.3391606	0.0	0.0	0.33719778	0.0	0.0	0.13090639	0.257878	0.0	0.3524829	0.24001206	0.0	0.0	0.0	0.0	0.25918034	0.0	0.0	0.21158357	0.0	0.50042474	0.22977626	0.6050184	0.0	0.3211129	0.0	0.0	0.0	0.0	0.11098948	0.0	0.11467799	0.0	0.0	0.0	0.0	0.5510106	0.0	0.0	0.0	0.2445323	0.0	0.0	0.0	0.5181722	0.11007623	0.0	0.19181336	0.0	0.0	0.35156822	0.0	0.0	0.0	0.0	0.08646216	0.0	0.0	0.0	0.0	0.14722578	0.0	0.53166014	0.0	0.0	0.42892227	0.0	0.0
0.0	0.16765583	0.0	0.0	0.0	0.0	0.07538413	0.0	0.0	0.0	0.0	0.0	0.0	0.0	0.29642543	0.0	0.38294563	0.0	0.0	0.08215512	0.0	0.2148964	0.0	0.24950598	0.0	0.0	0.11282858	0.0	0.0	0.21240522	0.35248423	0.0	0.0	0.0	0.0	0.0	0.0	0.0	0.0	0.0	0.25548807	0.4235489	0.0	0.0	0.0	0.0	0.34466445	0.0	0.24713515	0.14489587	0.0	0.0	0.0	0.19660021	0.0	0.0	0.0	0.0	0.0	0.40550056	0.35668197	0.0	0.0	0.31377587	0.0	0.0	0.08403518	0.2437027	0.0	0.31781578	0.2190739	0.0	0.0	0.0	0.0	0.26494375	0.0	0.0	0.1974908	0.0	0.47836646	0.18371846	0.5850019	0.0	0.33671698	0.0	0.0	0.0	0.0	0.104626924	0.0	0.10460269	0.0	0.0	0.0	0.0	0.5762349	0.0	0.0	0.0	0.25010684	0.0	0.0	0.0	0.50177854	0.090183996	0.0	0.17756724	0.0	0.0	0.3533264	0.0	0.0	0.0	0.0	0.11695381	0.0	0.0	0.0	0.0	0.1539513	0.0	0.5499642	0.0	0.0	0.4265702	0.0	0.0
0.0	0.14737466	0.0	0.0	0.0	0.0	0.006478789	0.0	0.0	0.0	0.0	0.0	0.0	0.0	0.30301043	0.0	0.41088352	0.0	0.0	0.061987463	0.0	0.24886353	0.0	0.17815666	0.0	0.0	0.122636616	0.0	0.0	0.27837053	0.3606864	0.0	0.0	0.0	0.0	0.0	0.0	0.0	0.0	0.0	0.2981818	0.39790678	0.0	0.0	0.0	0.0	0.40001413	0.0	0.29213968	0.25195512	0.0	0.0	0.0	0.18917553	0.0	0.0	0.0	0.0	0.0	0.40083885	0.29968384	0.0	0.0	0.3944293	0.0	0.0	0.16489315	0.2767721	0.0	0.38481963	0.28105286	0.0	0.0	0.0	0.0	0.25223413	0.0	0.0	0.23041458	0.0	0.48578134	0.26247108	0.6395557	0.0	0.29751512	0.0	0.0	0.0	0.0	0.11441115	0.0	0.1277919	0.0	0.0	0.0	0.0	0.4788907	0.0	0.0	0.0	0.23140407	0.0	0.0	0.0	0.53218806	0.13498878	0.0	0.2259413	0.0	0.0	0.34585142	0.0	0.0	0.0	0.0	0.07913982	0.0	0.0	0.0	0.0	0.16245706	0.0	0.5369498	0.0	0.0	0.41313657	0.0	0.0
0.0	0.1303504	0.0	0.0	0.0	0.0	0.009114287	0.0	0.0	0.0	0.0	0.0	0.0	0.0	0.3246208	0.0	0.39768133	0.0	0.0	0.06789249	0.0	0.22791024	0.0	0.1949326	0.0	0.0	0.14178139	0.0	0.0	0.2506951	0.36137834	0.0	0.0	0.0	0.0	0.0	0.0	0.0	0.0	0.0	0.2896823	0.41812065	0.0	0.0	0.0	0.0	0.4124349	0.0	0.26586613	0.2076738	0.0	0.0	0.0	0.21129048	0.0	0.0	0.0	0.0	0.0	0.40776157	0.34092036	0.0	0.0	0.34788975	0.0	0.0	0.15340541	0.2648133	0.0	0.37204492	0.25935227	0.0	0.0	0.0	0.0	0.25244075	0.0	0.0	0.22137903	0.0	0.5127426	0.23678803	0.60708076	0.0	0.31864285	0.0	0.0	0.0	0.0	0.12098358	0.0	0.11332408	0.0	0.0	0.0	0.0	0.540499	0.0	0.0	0.0	0.24167228	0.0	0.0	0.0	0.53551614	0.12570405	0.0	0.19500113	0.0	0.0	0.3515292	0.0	0.0	0.0	0.0	0.073289275	0.0	0.0	0.0	0.0	0.1504698	0.0	0.51210326	0.0	0.0	0.42810836	0.0	0.0
0.0	0.1481645	0.0	0.0	0.0	0.0	0.06411218	0.0	0.0	0.0	0.0	0.0	0.0	0.0	0.25434276	0.0	0.3378079	0.0	0.0	0.056305576	0.0	0.20485176	0.0	0.20904486	0.0	0.0	0.067671135	0.0	0.0	0.1833055	0.36448264	0.0	0.0	0.0	0.0	0.0	0.0	0.0	0.0	0.0	0.23037086	0.37826535	0.0	0.0	0.0	0.0	0.36218786	0.0	0.24398215	0.15717666	0.0	0.0	0.0	0.16070138	0.0	0.0	0.0	0.0	0.0	0.40291104	0.31839177	0.0	0.0	0.2777601	0.0	0.0	0.121365316	0.2236657	0.0	0.3114238	0.2317305	0.0	0.0	0.0	0.0	0.24148436	0.0	0.0	0.19056834	0.0	0.45329508	0.20491153	0.5202102	0.0	0.29430887	0.0	0.0	0.0	0.0	0.08637866	0.0	0.106730826	0.0	0.0	0.0	0.0	0.54207486	0.0	0.0	0.0	0.22979961	0.0	0.0	0.0	0.48166242	0.068431556	0.0	0.17611842	0.0	0.0	0.36010638	0.0	0.0027468472	0.0	0.0	0.09626252	0.0	0.0	0.0	0.0	0.11247126	0.0	0.50471145	0.0	0.0	0.3944491	0.0	0.0
0.0	0.112965085	0.0	0.0	0.0	0.0	0.033028338	0.0	0.0	0.0	0.0	0.0	0.0	0.0	0.17335343	0.0	0.23077936	0.0	0.0	0.0098004555	0.0	0.13742346	0.0	0.12612395	0.0	0.0	0.022198407	0.0	0.0	0.07189486	0.32029906	0.0	0.0	0.0	0.0	0.0	0.0	0.0	0.0	0.0	0.16745412	0.2700871	0.0	0.0	0.011824806	0.0	0.3109683	0.0	0.25500652	0.15916401	0.0	0.0	0.0	0.14343548	0.0	0.0	0.0	0.0	0.0	0.36970663	0.23399527	0.0	0.0	0.15286152	0.0	0.0	0.1620909	0.12833989	0.0	0.25841275	0.2571955	0.0	0.0	0.0	0.0	0.20585048	0.0	0.0	0.12751709	0.0	0.32066324	0.14627121	0.40495157	0.0	0.26136762	0.0	0.0	0.0	0.0	0.06561018	0.0	0.06708502	0.0	0.0	0.0	0.0	0.5236587	0.0	0.0	0.0	0.20168887	0.0	0.0	0.0	0.4060508	0.0	0.0	0.090792574	0.0	0.0	0.3110989	0.0	0.00070773874	0.0	0.0	0.090853	0.0	0.0	0.0	0.0	0.08137194	0.0	0.4016753	0.0	0.0039126542	0.3163765	0.0	0.0
0.0	0.15475029	0.0	0.0	0.0	0.0	0.048983563	0.0	0.0	0.0	0.0	0.0	0.0	0.0	0.30700198	0.0	0.41755247	0.0	0.0	0.075388744	0.0	0.26612923	0.0	0.1970948	0.0	0.0	0.09463126	0.0	0.0	0.25133917	0.38141826	0.0	0.0	0.0	0.0	0.0	0.0	0.0	0.0	0.0	0.26154768	0.3869907	0.0	0.0	0.0	0.0	0.40465096	0.0	0.30207446	0.24409707	0.0	0.0	0.0	0.1772997	0.0	0.0	0.0	0.0	0.0	0.41829976	0.28886428	0.0	0.0	0.37870327	0.0	0.0	0.15510492	0.23747237	0.0	0.36444226	0.25650397	0.0	0.0	0.0	0.0	0.2559782	0.0	0.0	0.22780596	0.0	0.45952344	0.2855208	0.622718	0.0	0.29407594	0.0	0.0	0.0	0.0	0.09062397	0.0	0.14241765	0.0	0.0	0.0	0.0	0.50986063	0.0	0.0	0.0	0.23419683	0.0	0.0	0.0	0.5037181	0.108938135	0.0	0.20876276	0.0	0.0	0.34735727	0.0	0.0	0.0	0.0	0.08105614	0.0	0.0	0.0	0.0	0.14717634	0.0	0.5553353	0.0	0.0	0.42424798	0.0	0.0
0.0	0.15116914	0.0	0.0	0.0	0.0	0.034144577	0.0	0.0	0.0	0.0	0.0	0.0	0.0	0.2868494	0.0	0.3474979	0.0	0.0	0.048798118	0.0	0.20181477	0.0	0.21092616	0.0	0.0	0.107387744	0.0	0.0	0.20006831	0.35727683	0.0	0.0	0.0	0.0	0.0	0.0	0.0	0.0	0.0	0.25198725	0.39718747	0.0	0.0	0.0	0.0	0.3624426	0.0	0.2283084	0.14825757	0.0	0.0	0.0	0.18898386	0.0	0.0	0.0	0.0	0.0	0.38707188	0.34515628	0.0	0.0	0.30003858	0.0	0.0	0.10338033	0.24512406	0.0	0.3076832	0.21960051	0.0	0.0	0.0	0.0	0.24036433	0.0	0.0	0.20540673	0.0	0.47611883	0.17870331	0.54795426	0.0	0.32036486	0.0	0.0	0.0	0.0	0.10996136	0.0	0.096480526	0.0	0.0	0.0	0.0	0.5578765	0.0	0.0	0.0	0.24042459	0.0	0.0	0.0	0.5188539	0.08774469	0.0	0.19523872	0.0	0.0	0.36190447	0.0	0.0	0.0	0.0	0.09415694	0.0	0.0	0.0	0.0	0.12714088	0.0	0.4976399	0.0	0.0	0.3984109	0.0	0.0
0.0	0.13598764	0.0	0.0	0.0	0.0	0.04434715	0.0	0.0	0.0	0.0	0.0	0.0	0.0	0.2863194	0.0	0.3535898	0.0	0.0	0.058855493	0.0	0.21488631	0.0	0.21612938	0.0	0.0	0.10549132	0.0	0.0	0.20265841	0.3657585	0.0	0.0	0.0	0.0	0.0	0.0	0.0	0.0	0.0	0.2538333	0.39560184	0.0	0.0	0.0	0.0	0.36770615	0.0	0.24300857	0.16892196	0.0	0.0	0.0	0.18773039	0.0	0.0	0.0	0.0	0.0	0.40680048	0.32581684	0.0	0.0	0.2999377	0.0	0.0	0.11629953	0.23492873	0.0	0.32584015	0.23597075	0.0	0.0	0.0	0.0	0.24966021	0.0	0.0	0.19684415	0.0	0.4834518	0.20749573	0.54165024	0.0	0.30364165	0.0	0.0	0.0	0.0	0.10295593	0.0	0.10680231	0.0	0.0	0.0	0.0	0.54714876	0.0	0.0	0.0	0.23272383	0.0	0.0	0.0	0.50343114	0.09698803	0.0	0.17917757	0.0	0.0	0.34490064	0.0	0.0	0.0	0.0	0.09279839	0.0	0.0	0.0	0.0	0.12729602	0.0	0.50185204	0.0	0.0	0.40919963	0.0	0.0
0.0	0.13805719	0.0	0.0	0.0	0.0	0.02551409	0.0	0.0	0.0	0.0	0.0	0.0	0.0	0.26575783	0.0	0.32658002	0.0	0.0	0.048906345	0.0	0.18879463	0.0	0.1984178	0.0	0.0	0.09941415	0.0	0.0	0.18993203	0.35401717	0.0	0.0	0.0	0.0	0.0	0.0	0.0	0.0	0.0	0.25383222	0.39122686	0.0	0.0	0.0	0.0	0.35354924	0.0	0.22314556	0.14047962	0.0	0.0	0.0	0.18466209	0.0	0.0	0.0	0.0	0.0	0.3850944	0.33104172	0.0	0.0	0.27734244	0.0	0.0	0.10576119	0.24600148	0.0	0.30536535	0.23320504	0.0	0.0	0.0	0.0	0.23250645	0.0	0.0	0.197654	0.0	0.4722456	0.16250086	0.523328	0.0	0.3134376	0.0	0.0	0.0	0.0	0.10438442	0.0	0.09396566	0.0	0.0	0.0	0.0	0.5517835	0.0	0.0	0.0	0.22888702	0.0	0.0	0.0	0.5143049	0.08535645	0.0	0.1762635	0.0	0.0	0.36135665	0.0	0.0	0.0	0.0	0.09727176	0.0	0.0	0.0	0.0	0.11956441	0.0	0.4849062	0.0	0.0	0.38479352	0.0	0.0
0.0	0.10755539	0.0	0.0	0.0	0.0	0.008040818	0.0	0.0	0.0	0.0	0.0	0.0	0.0	0.27529463	0.0	0.32395795	0.0	0.0	0.043992627	0.0	0.19517253	0.0	0.15840536	0.0	0.0	0.1026242	0.0	0.0	0.1959398	0.3715237	0.0	0.0	0.0	0.0	0.0	0.0	0.0	0.0	0.0	0.25029683	0.36704016	0.0	0.0	0.0	0.0	0.39667675	0.0	0.24915193	0.19828169	0.0	0.0	0.0	0.194489	0.0	0.0	0.0	0.0	0.0	0.40543148	0.29912195	0.0	0.0	0.27337798	0.0	0.0	0.16619922	0.22982831	0.0	0.33504805	0.24969994	0.0	0.0	0.0	0.0	0.22208749	0.0	0.0	0.19013824	0.0	0.48382127	0.2228321	0.5164918	0.0	0.2839636	0.0	0.0	0.0	0.0	0.09643719	0.0	0.10217109	0.0	0.0	0.0	0.0	0.51445264	0.0	0.0	0.0	0.21640803	0.0	0.0	0.0	0.49633875	0.0894346	0.0	0.16219111	0.0	0.0	0.3381009	0.0	0.0	0.0	0.0	0.0757376	0.0	0.0	0.0	0.0	0.10357987	0.0	0.4566408	0.0	0.0	0.3777736	0.0	0.0
0.0	0.13427633	0.0	0.0	0.0	0.0	0.03592461	0.0	0.0	0.0	0.0	0.0	0.0	0.0	0.2615779	0.0	0.32243606	0.0	0.0	0.04998375	0.0	0.19444098	0.0	0.19834107	0.0	0.0	0.091883056	0.0	0.0	0.18220921	0.36036503	0.0	0.0	0.0	0.0	0.0	0.0	0.0	0.0	0.0	0.24666595	0.38184223	0.0	0.0	0.0	0.0	0.35239708	0.0	0.22642262	0.14786391	0.0	0.0	0.0	0.17714016	0.0	0.0	0.0	0.0	0.0	0.39248952	0.32279626	0.0	0.0	0.26932248	0.0	0.0	0.114399254	0.23701088	0.0	0.30229643	0.23177846	0.0	0.0	0.0	0.0	0.23164184	0.0	0.0	0.19263172	0.0	0.46382204	0.17553876	0.51344955	0.0	0.30480203	0.0	0.0	0.0	0.0	0.09367447	0.0	0.09396755	0.0	0.0	0.0	0.0	0.5453735	0.0	0.0	0.0	0.22589453	0.0	0.0	0.0	0.49847874	0.078204274	0.0	0.16757828	0.0	0.0	0.35504055	0.0	0.0	0.0	0.0	0.10001602	0.0	0.0	0.0	0.0	0.1143892	0.0	0.4852829	0.0	0.0	0.3812836	0.0	0.0
0.0	0.13638492	0.0	0.0	0.0	0.0	0.03849627	0.0	0.0	0.0	0.0	0.0	0.0	0.0	0.2543453	0.0	0.3092291	0.0	0.0	0.049542874	0.0	0.18222773	0.0	0.19611944	0.0	0.0	0.07742847	0.0	0.0	0.16792293	0.3573459	0.0	0.0	0.0	0.0	0.0	0.0	0.0	0.0	0.0	0.23384424	0.36352524	0.0	0.0	0.0	0.0	0.35086635	0.0	0.21996336	0.14362037	0.0	0.0	0.0	0.16797657	0.0	0.0	0.0	0.0	0.0	0.3846488	0.31235942	0.0	0.0	0.25700414	0.0	0.0	0.10970316	0.2215954	0.0	0.29541317	0.22952563	0.0	0.0	0.0	0.0	0.2327768	0.0	0.0	0.17495346	0.0	0.45352378	0.17206936	0.49592552	0.0	0.2986846	0.0	0.0	0.0	0.0	0.09037218	0.0	0.093047075	0.0	0.0	0.0	0.0	0.5467811	0.0	0.0	0.0	0.22277606	0.0	0.0	0.0	0.48967668	0.06818264	0.0	0.16020934	0.0	0.0	0.35138464	0.0	0.0	0.0	0.0	0.09997875	0.0	0.0	0.0	0.0	0.10592129	0.0	0.4720932	0.0	0.0	0.37231174	0.0	0.0
0.0	0.1456403	0.0	0.0	0.0	0.0	0.03591217	0.0	0.0	0.0	0.0	0.0	0.0	0.0	0.29962233	0.0	0.3673781	0.0	0.0	0.058728576	0.0	0.20733964	0.0	0.21682392	0.0	0.0	0.12900247	0.0	0.0	0.21510474	0.3609992	0.0	0.0	0.0	0.0	0.0	0.0	0.0	0.0	0.0	0.25960493	0.42509976	0.0	0.0	0.0	0.0	0.37125897	0.0	0.24628563	0.16311872	0.0	0.0	0.0	0.20529757	0.0	0.0	0.0	0.0	0.0	0.40818444	0.35045227	0.0	0.0	0.31943163	0.0	0.0	0.10923601	0.24617648	0.0	0.33827758	0.22886008	0.0	0.0	0.0	0.0	0.25245497	0.0	0.0	0.21389979	0.0	0.50315046	0.2042313	0.5715288	0.0	0.3189037	0.0	0.0	0.0	0.0	0.11998159	0.0	0.10118836	0.0	0.0	0.0	0.0	0.56531096	0.0	0.0	0.0	0.24239998	0.0	0.0	0.0	0.5282443	0.113317795	0.0	0.1950789	0.0	0.0	0.34269276	0.0	0.0	0.0	0.0	0.092180096	0.0	0.0	0.0	0.0	0.13643919	0.0	0.51143235	0.0	0.0	0.4226844	0.0	0.0
0.0	0.14262608	0.0	0.0	0.0	0.0	0.09623013	0.0	0.0	0.0	0.0	0.0	0.0	0.0	0.2704477	0.0	0.35585093	0.0	0.0	0.059269447	0.0	0.22200839	0.0	0.22737503	0.0	0.0	0.07098574	0.0	0.0	0.16850758	0.38036236	0.0	0.0	0.0	0.0	0.0	0.0	0.0	0.0	0.0	0.21741128	0.35971358	0.0	0.0	0.0	0.0	0.35570416	0.0	0.2506362	0.17312051	0.0	0.0	0.0	0.1620671	0.0	0.0	0.0	0.0	0.0	0.41218996	0.29957893	0.0	0.0	0.27569452	0.0	0.0	0.118461765	0.19981562	0.0	0.31640267	0.22577399	0.0	0.0	0.0	0.0	0.24600191	0.0	0.0	0.18064828	0.0	0.4584136	0.24087453	0.5123736	0.0	0.28431	0.0	0.0	0.0	0.0	0.07868863	0.0	0.12003082	0.0	0.0	0.0	0.0	0.5318705	0.0	0.0	0.0	0.23225446	0.0	0.0	0.0	0.45590726	0.06516116	0.0	0.16138244	0.0	0.0	0.34276617	0.0	0.011354342	0.0	0.0	0.09709249	0.0	0.0	0.0	0.0	0.121811055	0.0	0.5158212	0.0	0.0	0.40508094	0.0	0.0
0.0	0.13804223	0.0	0.0	0.0	0.0	0.031281386	0.0	0.0	0.0	0.0	0.0	0.0	0.0	0.24774349	0.0	0.30542532	0.0	0.0	0.041829858	0.0	0.18540631	0.0	0.19544172	0.0	0.0	0.06764171	0.0	0.0	0.16274028	0.35123053	0.0	0.0	0.0	0.0	0.0	0.0	0.0	0.0	0.0	0.23158109	0.35516348	0.0	0.0	0.0	0.0	0.34159634	0.0	0.21851575	0.14039837	0.0	0.0	0.0	0.16041712	0.0	0.0	0.0	0.0	0.0	0.37596235	0.3105769	0.0	0.0	0.251555	0.0	0.0	0.115191914	0.22010906	0.0	0.28629646	0.23492129	0.0	0.0	0.0	0.0	0.23169202	0.0	0.0	0.17737478	0.0	0.44152227	0.15950882	0.49342576	0.0	0.3025632	0.0	0.0	0.0	0.0	0.08420213	0.0	0.09066995	0.0	0.0	0.0	0.0	0.54270285	0.0	0.0	0.0	0.2210273	0.0	0.0	0.0	0.48428866	0.05843715	0.0	0.15889482	0.0	0.0	0.35871866	0.0	0.0	0.0	0.0	0.102377854	0.0	0.0	0.0	0.0	0.11296636	0.0	0.47242332	0.0	0.0	0.36524582	0.0	0.0
0.0	0.15173014	0.0	0.0	0.0	0.0	0.02428818	0.0	0.0	0.0	0.0	0.0	0.0	0.0	0.28764725	0.0	0.35580134	0.0	0.0	0.06297324	0.0	0.17995204	0.0	0.21298742	0.0	0.0	0.12223384	0.0	0.0	0.22084038	0.34330234	0.0	0.0	0.0	0.0	0.0	0.0	0.0	0.0	0.0	0.26973915	0.42263326	0.0	0.0	0.0	0.0	0.36782846	0.0	0.22262593	0.14046851	0.0	0.0	0.0	0.1903394	0.0	0.0	0.0	0.0	0.0	0.37663853	0.36426893	0.0	0.0	0.294817	0.0	0.0	0.09775991	0.25838625	0.0	0.31616944	0.21789442	0.0	0.0	0.0	0.0	0.24574208	0.0	0.0	0.20840305	0.0	0.49121618	0.16123168	0.55117977	0.0	0.3349268	0.0	0.0	0.0	0.0	0.12226072	0.0	0.08916468	0.0	0.0	0.0	0.0	0.5700012	0.0	0.0	0.0	0.24688113	0.0	0.0	0.0	0.531836	0.09919562	0.0	0.1929398	0.0	0.0	0.36718658	0.0	0.0	0.0	0.0	0.099098265	0.0	0.0	0.0	0.0	0.11776409	0.0	0.50408405	0.0	0.0	0.4021324	0.0	0.0
0.0	0.13441913	0.0	0.0	0.0	0.0	0.025623256	0.0	0.0	0.0	0.0	0.0	0.0	0.0	0.2743761	0.0	0.32989392	0.0	0.0	0.05224542	0.0	0.19481456	0.0	0.20064993	0.0	0.0	0.09629283	0.0	0.0	0.18831171	0.35428157	0.0	0.0	0.0	0.0	0.0	0.0	0.0	0.0	0.0	0.2526449	0.3805488	0.0	0.0	0.0	0.0	0.3544484	0.0	0.22043262	0.14388679	0.0	0.0	0.0	0.18056671	0.0	0.0	0.0	0.0	0.0	0.38084662	0.32712665	0.0	0.0	0.2765841	0.0	0.0	0.11029322	0.240537	0.0	0.303756	0.23354264	0.0	0.0	0.0	0.0	0.23714416	0.0	0.0	0.19024552	0.0	0.46609354	0.16665399	0.5188858	0.0	0.31294143	0.0	0.0	0.0	0.0	0.09801643	0.0	0.093399584	0.0	0.0	0.0	0.0	0.5491813	0.0	0.0	0.0	0.23054557	0.0	0.0	0.0	0.50905675	0.0790038	0.0	0.16951908	0.0	0.0	0.35953858	0.0	0.0	0.0	0.0	0.09319865	0.0	0.0	0.0	0.0	0.12311428	0.0	0.48247775	0.0	0.0	0.385334	0.0	0.0
0.0	0.11779755	0.0	0.0	0.0	0.0	0.008138976	0.0	0.0	0.0	0.0	0.0	0.0	0.0	0.29889402	0.0	0.36624694	0.0	0.0	0.058371235	0.0	0.22101182	0.0	0.18177874	0.0	0.0	0.11993947	0.0	0.0	0.22515734	0.3655076	0.0	0.0	0.0	0.0	0.0	0.0	0.0	0.0	0.0	0.27032214	0.3942915	0.0	0.0	0.0	0.0	0.40763763	0.0	0.26772508	0.20894118	0.0	0.0	0.0	0.20176059	0.0	0.0	0.0	0.0	0.0	0.4098771	0.31959677	0.0	0.0	0.31349602	0.0	0.0	0.16904496	0.250468	0.0	0.35932875	0.2636858	0.0	0.0	0.0	0.0	0.23900199	0.0	0.0	0.20908165	0.0	0.4988346	0.2361602	0.56641155	0.0	0.301373	0.0	0.0	0.0	0.0	0.1008594	0.0	0.11249461	0.0	0.0	0.0	0.0	0.5239638	0.0	0.0	0.0	0.2254901	0.0	0.0	0.0	0.5058222	0.10745587	0.0	0.17524505	0.0	0.0	0.34725532	0.0	0.0	0.0	0.0	0.07447196	0.0	0.0	0.0	0.0	0.13193889	0.0	0.4875729	0.0	0.0	0.40484753	0.0	0.0
0.0	0.13818093	0.0	0.0	0.0	0.0	0.040865954	0.0	0.0	0.0	0.0	0.0	0.0	0.0	0.28709337	0.0	0.35791218	0.0	0.0	0.057604674	0.0	0.22175165	0.0	0.22259526	0.0	0.0	0.099170476	0.0	0.0	0.19825093	0.358817	0.0	0.0	0.0	0.0	0.0	0.0	0.0	0.0	0.0	0.2466836	0.39906725	0.0	0.0	0.0	0.0	0.3649737	0.0	0.23990051	0.16246215	0.0	0.0	0.0	0.17800818	0.0	0.0	0.0	0.0	0.0	0.3989848	0.32642153	0.0	0.0	0.29726934	0.0	0.0	0.1205214	0.2379284	0.0	0.32070383	0.23534894	0.0	0.0	0.0	0.0	0.24602675	0.0	0.0	0.19990395	0.0	0.4795846	0.20683157	0.53827876	0.0	0.30595398	0.0	0.0	0.0	0.0	0.1005043	0.0	0.10548306	0.0	0.0	0.0	0.0	0.5465705	0.0	0.0	0.0	0.2322496	0.0	0.0	0.0	0.49656162	0.09511105	0.0	0.18529995	0.0	0.0	0.35888776	0.0	0.0	0.0	0.0	0.0924409	0.0	0.0	0.0	0.0	0.13110115	0.0	0.5038324	0.0	0.0	0.40324274	0.0	0.0
0.0	0.13858278	0.0	0.0	0.0	0.0	0.02327201	0.0	0.0	0.0	0.0	0.0	0.0	0.0	0.2611526	0.0	0.32045567	0.0	0.0	0.051184386	0.0	0.16994631	0.0	0.19143863	0.0	0.0	0.09411591	0.0	0.0	0.18629427	0.3505362	0.0	0.0	0.0	0.0	0.0	0.0	0.0	0.0	0.0	0.24799584	0.38308647	0.0	0.0	0.0	0.0	0.357623	0.0	0.21441849	0.14180298	0.0	0.0	0.0	0.17704897	0.0	0.0	0.0	0.0	0.0	0.374055	0.33766016	0.0	0.0	0.26259848	0.0	0.0	0.109646626	0.23576038	0.0	0.2990218	0.221954	0.0	0.0	0.0	0.0	0.23142636	0.0	0.0	0.19047846	0.0	0.46910405	0.1630804	0.510689	0.0	0.31507286	0.0	0.0	0.0	0.0	0.10291455	0.0	0.08719764	0.0	0.0	0.0	0.0	0.55288863	0.0	0.0	0.0	0.23089534	0.0	0.0	0.0	0.5080325	0.07825527	0.0	0.17079367	0.0	0.0	0.35789955	0.0	0.0	0.0	0.0	0.09968326	0.0	0.0	0.0	0.0	0.10258794	0.0	0.47473848	0.0	0.0	0.37463918	0.0	0.0
0.0	0.14903957	0.0	0.0	0.0	0.0	0.047864884	0.0	0.0	0.0	0.0	0.0	0.0	0.0	0.29351044	0.0	0.3675878	0.0	0.0	0.059069928	0.0	0.21037988	0.0	0.22271745	0.0	0.0	0.115177326	0.0	0.0	0.20093341	0.36513975	0.0	0.0	0.0	0.0	0.0	0.0	0.0	0.0	0.0	0.24594523	0.4068097	0.0	0.0	0.0	0.0	0.36632872	0.0	0.24325953	0.16456664	0.0	0.0	0.0	0.19509242	0.0	0.0	0.0	0.0	0.0	0.40898415	0.34044734	0.0	0.0	0.31049007	0.0	0.0	0.107337795	0.23215373	0.0	0.32495853	0.22067298	0.0	0.0	0.0	0.0	0.24862719	0.0	0.0	0.20743895	0.0	0.48715198	0.21254174	0.55725837	0.0	0.31476837	0.0	0.0	0.0	0.0	0.11242358	0.0	0.10617182	0.0	0.0	0.0	0.0	0.5592986	0.0	0.0	0.0	0.23857744	0.0	0.0	0.0	0.50949764	0.1009317	0.0	0.19514926	0.0	0.0	0.3442637	0.0	0.0	0.0	0.0	0.09854457	0.0	0.0	0.0	0.0	0.12703532	0.0	0.50917906	0.0	0.0	0.41640982	0.0	0.0
0.0	0.13571823	0.0	0.0	0.0	0.0	0.033354107	0.0	0.0	0.0	0.0	0.0	0.0	0.0	0.26864198	0.0	0.32758886	0.0	0.0	0.053228404	0.0	0.20018144	0.0	0.20651567	0.0	0.0	0.08485714	0.0	0.0	0.1847028	0.35394874	0.0	0.0	0.0	0.0	0.0	0.0	0.0	0.0	0.0	0.24515651	0.3774108	0.0	0.0	0.0	0.0	0.35471258	0.0	0.2248903	0.14982472	0.0	0.0	0.0	0.16769528	0.0	0.0	0.0	0.0	0.0	0.3885827	0.3173193	0.0	0.0	0.27370733	0.0	0.0	0.115533225	0.23488379	0.0	0.30701032	0.23714213	0.0	0.0	0.0	0.0	0.23967052	0.0	0.0	0.18722796	0.0	0.46847272	0.18106438	0.5123195	0.0	0.30083117	0.0	0.0	0.0	0.0	0.093987696	0.0	0.09544223	0.0	0.0	0.0	0.0	0.54534286	0.0	0.0	0.0	0.22422011	0.0	0.0	0.0	0.4952025	0.07921166	0.0	0.16708863	0.0	0.0	0.3604846	0.0	0.0	0.0	0.0	0.091510735	0.0	0.0	0.0	0.0	0.11922512	0.0	0.48563504	0.0	0.0	0.38662347	0.0	0.0
0.0	0.14341529	0.0	0.0	0.0	0.0	0.03547499	0.0	0.0	0.0	0.0	0.0	0.0	0.0	0.3160397	0.0	0.38531563	0.0	0.0	0.07041477	0.0	0.22764498	0.0	0.20841557	0.0	0.0	0.11041498	0.0	0.0	0.22362566	0.36600885	0.0	0.0	0.0	0.0	0.0	0.0	0.0	0.0	0.0	0.25827837	0.39849338	0.0	0.0	0.0	0.0	0.39315188	0.0	0.25162604	0.19582768	0.0	0.0	0.0	0.18439598	0.0	0.0	0.0	0.0	0.0	0.4029329	0.3247337	0.0	0.0	0.32525218	0.0	0.0	0.13352832	0.23975374	0.0	0.34698033	0.23252727	0.0	0.0	0.0	0.0	0.25219432	0.0	0.0	0.20460469	0.0	0.49023739	0.2342562	0.57325405	0.0	0.30362767	0.0	0.0	0.0	0.0	0.10341217	0.0	0.11410377	0.0	0.0	0.0	0.0	0.5452754	0.0	0.0	0.0	0.23947525	0.0	0.0	0.0	0.50953346	0.102312356	0.0	0.19453514	0.0	0.0	0.35800186	0.0	0.0	0.0	0.0	0.076661244	0.0	0.0	0.0	0.0	0.13279575	0.0	0.51454467	0.0	0.0	0.41684008	0.0	0.0
0.0	0.14246573	0.0	0.0	0.0	0.0	0.028738752	0.0	0.0	0.0	0.0	0.0	0.0	0.0	0.28201103	0.0	0.34516025	0.0	0.0	0.05415316	0.0	0.19267486	0.0	0.2078749	0.0	0.0	0.10959803	0.0	0.0	0.20241989	0.35550547	0.0	0.0	0.0	0.0	0.0	0.0	0.0	0.0	0.0	0.25434425	0.4018642	0.0	0.0	0.0	0.0	0.36838558	0.0	0.22629587	0.15220822	0.0	0.0	0.0	0.18845873	0.0	0.0	0.0	0.0	0.0	0.38989273	0.34088075	0.0	0.0	0.29248995	0.0	0.0	0.110806055	0.24476552	0.0	0.32132646	0.2268942	0.0	0.0	0.0	0.0	0.24062502	0.0	0.0	0.20128758	0.0	0.48374423	0.18463673	0.5391206	0.0	0.31572345	0.0	0.0	0.0	0.0	0.11201326	0.0	0.09646668	0.0	0.0	0.0	0.0	0.5558186	0.0	0.0	0.0	0.2375567	0.0	0.0	0.0	0.515083	0.09610043	0.0	0.18478899	0.0	0.0	0.3590425	0.0	0.0	0.0	0.0	0.09076121	0.0	0.0	0.0	0.0	0.11945444	0.0	0.4959799	0.0	0.0	0.3981547	0.0	0.0
0.0	0.109344475	0.0	0.0	0.0	0.0	0.07906257	0.0	0.0	0.0	0.0	0.0	0.0	0.0	0.28237388	0.0	0.32873127	0.0	0.0	0.05221056	0.0	0.23327355	0.0	0.2029603	0.0	0.0	0.047805373	0.0	0.0	0.15364203	0.38633576	0.0	0.0	0.0	0.0	0.0	0.0	0.0	0.0	0.0	0.22152244	0.30729675	0.0	0.0	0.0	0.0	0.37044916	0.0	0.2425146	0.19428368	0.0	0.0	0.0	0.15313216	0.0	0.0	0.0	0.0	0.0	0.408417	0.25931525	0.0	0.0	0.2660658	0.0	0.0	0.13649793	0.18379338	0.0	0.30224714	0.22831134	0.0	0.0	0.0	0.0	0.24727546	0.0	0.0	0.15378018	0.0	0.44992062	0.2499383	0.4767342	0.0	0.2642186	0.0	0.0	0.0	0.0	0.0670517	0.0	0.120761536	0.0	0.0	0.0	0.0	0.51279193	0.0	0.0	0.0	0.21620838	0.0	0.0	0.0	0.44628873	0.040743507	0.0	0.13206138	0.0	0.0	0.337279	0.0	0.0035833388	0.0	0.0	0.074109055	0.0	0.0	0.0	0.0	0.113624156	0.0	0.47093344	0.0	0.0	0.3829207	0.0	0.0
0.0	0.11390527	0.0	0.0	0.0	0.0	0.08099679	0.0	0.0	0.0	0.0	0.0	0.0	0.0	0.29822564	0.0	0.34877488	0.0	0.0	0.063181065	0.0	0.24004078	0.0	0.19567104	0.0	0.0	0.053461377	0.0	0.0	0.1753772	0.39864552	0.0	0.0	0.0	0.0	0.0	0.0	0.0	0.0	0.0	0.22592463	0.3196244	0.0	0.0	0.0	0.0	0.3924586	0.0	0.2681391	0.22638218	0.0	0.0	0.0	0.15920484	0.0	0.0	0.0	0.0	0.0	0.4197609	0.25899485	0.0	0.0	0.29168484	0.0	0.0	0.1512695	0.17940132	0.0	0.32311395	0.23433311	0.0	0.0	0.0	0.0	0.2582307	0.0	0.0	0.16431682	0.0	0.4559026	0.28437507	0.510341	0.0	0.2541309	0.0	0.0	0.0	0.0	0.06203948	0.0	0.1324722	0.0	0.0	0.0	0.0	0.5101348	0.0	0.0	0.0	0.21654488	0.0	0.0	0.0	0.44627604	0.05302325	0.0	0.13101625	0.0	0.0	0.32654738	0.0	0.0053129788	0.0	0.0	0.072565764	0.0	0.0	0.0	0.0	0.11436687	0.0	0.48742068	0.0	0.0	0.39402175	0.0	0.0
0.0	0.11785697	0.0	0.0	0.0	0.0	0.09111004	0.0	0.0	0.0	0.0	0.0	0.0	0.0	0.2672059	0.0	0.32908496	0.0	0.0	0.055242974	0.0	0.2275999	0.0	0.20988142	0.0	0.0	0.044659022	0.0	0.0	0.1478077	0.38711938	0.0	0.0	0.0	0.0	0.0	0.0	0.0	0.0	0.0	0.2102217	0.30838487	0.0	0.0	0.0	0.0	0.364643	0.0	0.25131992	0.18901819	0.0	0.0	0.0	0.14270249	0.0	0.0	0.0	0.0	0.0	0.41181493	0.26355153	0.0	0.0	0.25638178	0.0	0.0	0.13314386	0.17282362	0.0	0.30005524	0.22645676	0.0	0.0	0.0	0.0	0.2504588	0.0	0.0	0.1552379	0.0	0.43846384	0.25080872	0.4745271	0.0	0.26264855	0.0	0.0	0.0	0.0	0.06114381	0.0	0.1224272	0.0	0.0	0.0	0.0	0.51771367	0.0	0.0	0.0	0.21567227	0.0	0.0	0.0	0.43240604	0.030341325	0.0	0.12787491	0.0	0.0	0.33514878	0.0	0.007957591	0.0	0.0	0.0842557	0.0	0.0	0.0	0.0	0.10900285	0.0	0.48359022	0.0	0.0	0.37861648	0.0	0.0
0.0	0.11548931	0.0	0.0	0.0	0.0	0.08096593	0.0	0.0	0.0	0.0	0.0	0.0	0.0	0.24622186	0.0	0.3128221	0.0	0.0	0.046176154	0.0	0.22822589	0.0	0.1943515	0.0	0.0	0.02882277	0.0	0.0	0.13406225	0.38334274	0.0	0.0	0.0	0.0	0.0	0.0	0.0	0.0	0.0	0.19947374	0.2904391	0.0	0.0	0.0	0.0	0.363899	0.0	0.25596833	0.1856999	0.0	0.0	0.0	0.13046971	0.0	0.0	0.0	0.0	0.0	0.40779433	0.24918051	0.0	0.0	0.24333854	0.0	0.0	0.14597726	0.1666873	0.0	0.2907102	0.23363544	0.0	0.0	0.0	0.0	0.23970135	0.0	0.0	0.15178324	0.0	0.41817364	0.24767317	0.46004236	0.0	0.2550019	0.0	0.0	0.0	0.0	0.051502805	0.0	0.11846387	0.0	0.0	0.0	0.0	0.509777	0.0	0.0	0.0	0.20572138	0.0	0.0	0.0	0.42191696	0.01930066	0.0	0.11934469	0.0	0.0	0.34161064	0.0	0.006336968	0.0	0.0	0.0818491	0.0	0.0	0.0	0.0	0.09926408	0.0	0.4722329	0.0	0.0	0.36672583	0.0	0.0
0.0	0.112722695	0.0	0.0	0.0	0.0	0.077764064	0.0	0.0	0.0	0.0	0.0	0.0	0.0	0.24226959	0.0	0.30365896	0.0	0.0	0.0425739	0.0	0.22347271	0.0	0.1890911	0.0	0.0	0.02774164	0.0	0.0	0.12795515	0.38073587	0.0	0.0	0.0	0.0	0.0	0.0	0.0	0.0	0.0	0.19814801	0.28399643	0.0	0.0	0.0	0.0	0.3635224	0.0	0.25592974	0.1832157	0.0	0.0	0.0	0.12856862	0.0	0.0	0.0	0.0	0.0	0.4049826	0.24652831	0.0	0.0	0.23737247	0.0	0.0	0.14599693	0.16399674	0.0	0.28621018	0.23556362	0.0	0.0	0.0	0.0	0.23792191	0.0	0.0	0.14793003	0.0	0.41196728	0.24317376	0.45518604	0.0	0.25538275	0.0	0.0	0.0	0.0	0.05106744	0.0	0.11606475	0.0	0.0	0.0	0.0	0.5103501	0.0	0.0	0.0	0.2051543	0.0	0.0	0.0	0.4225692	0.016213797	0.0	0.117402494	0.0	0.0	0.34089088	0.0	0.0066748653	0.0	0.0	0.080821656	0.0	0.0	0.0	0.0	0.09653527	0.0	0.46394524	0.0	0.0	0.36254552	0.0	0.0
0.0	0.114180066	0.0	0.0	0.0	0.0	0.076096766	0.0	0.0	0.0	0.0	0.0	0.0	0.0	0.24790405	0.0	0.3163939	0.0	0.0	0.048908066	0.0	0.23063733	0.0	0.18816388	0.0	0.0	0.02824683	0.0	0.0	0.1395452	0.3855115	0.0	0.0	0.0	0.0	0.0	0.0	0.0	0.0	0.0	0.20247109	0.2976776	0.0	0.0	0.0	0.0	0.3735621	0.0	0.25991514	0.18948507	0.0	0.0	0.0	0.1358942	0.0	0.0	0.0	0.0	0.0	0.41252932	0.25068095	0.0	0.0	0.25085667	0.0	0.0	0.14921604	0.174546	0.0	0.2952951	0.2387834	0.0	0.0	0.0	0.0	0.23702085	0.0	0.0	0.15773465	0.0	0.42389962	0.25347796	0.47049046	0.0	0.25515768	0.0	0.0	0.0	0.0	0.051844794	0.0	0.12113175	0.0	0.0	0.0	0.0	0.50957644	0.0	0.0	0.0	0.20637996	0.0	0.0	0.0	0.43035266	0.025507525	0.0	0.12615095	0.0	0.0	0.3396058	0.0	0.0069477726	0.0	0.0	0.08006434	0.0	0.0	0.0	0.0	0.099158965	0.0	0.47331324	0.0	0.0	0.37132943	0.0	0.0
0.0	0.11022505	0.0	0.0	0.0	0.0	0.08211982	0.0	0.0	0.0	0.0	0.0	0.0	0.0	0.2878023	0.0	0.3470986	0.0	0.0	0.0592118	0.0	0.25241336	0.0	0.17899491	0.0	0.0	0.04775445	0.0	0.0	0.17542227	0.4069642	0.0	0.0	0.0	0.0	0.0	0.0	0.0	0.0	0.0	0.22938342	0.3031949	0.0	0.0	0.0	0.0	0.39311802	0.0	0.27767947	0.23981273	0.0	0.0	0.0	0.15827481	0.0	0.0	0.0	0.0	0.0	0.42017505	0.23773181	0.0	0.0	0.2982048	0.0	0.0	0.16367455	0.18473649	0.0	0.32564095	0.24431829	0.0	0.0	0.0	0.0	0.25107655	0.0	0.0	0.1643418	0.0	0.44520852	0.29492497	0.51513606	0.0	0.24760373	0.0	0.0	0.0	0.0	0.05372423	0.0	0.13714416	0.0	0.0	0.0	0.0	0.48794782	0.0	0.0	0.0	0.21261983	0.0	0.0	0.0	0.44655252	0.04904312	0.0	0.13480473	0.0	0.0	0.32796493	0.0	0.0060981307	0.0	0.0	0.06932429	0.0	0.0	0.0	0.0	0.11408789	0.0	0.48675585	0.0	0.0	0.3876749	0.0	0.0
0.0	0.11657255	0.0	0.0	0.0	0.0	0.08093755	0.0	0.0	0.0	0.0	0.0	0.0	0.0	0.26084933	0.0	0.31811988	0.0	0.0	0.050936457	0.0	0.21690667	0.0	0.20380609	0.0	0.0	0.046764832	0.0	0.0	0.14371736	0.38276872	0.0	0.0	0.0	0.0	0.0	0.0	0.0	0.0	0.0	0.21318424	0.30879632	0.0	0.0	0.0	0.0	0.3585597	0.0	0.24472779	0.17759895	0.0	0.0	0.0	0.14653237	0.0	0.0	0.0	0.0	0.0	0.4055687	0.26878586	0.0	0.0	0.24919754	0.0	0.0	0.12922698	0.17794399	0.0	0.29690924	0.2283163	0.0	0.0	0.0	0.0	0.2471639	0.0	0.0	0.15098202	0.0	0.4392989	0.23379259	0.47044873	0.0	0.2671465	0.0	0.0	0.0	0.0	0.06604287	0.0	0.11325922	0.0	0.0	0.0	0.0	0.52024406	0.0	0.0	0.0	0.21304846	0.0	0.0	0.0	0.43989265	0.03093601	0.0	0.124339156	0.0	0.0	0.33286926	0.0	0.004610786	0.0	0.0	0.08636608	0.0	0.0	0.0	0.0	0.10754833	0.0	0.47065178	0.0	0.0	0.37447324	0.0	0.0
0.0	0.11709308	0.0	0.0	0.0	0.0	0.07519884	0.0	0.0	0.0	0.0	0.0	0.0	0.0	0.27857947	0.0	0.33193576	0.0	0.0	0.05626884	0.0	0.22404093	0.0	0.2065264	0.0	0.0	0.05384661	0.0	0.0	0.16222383	0.38092008	0.0	0.0	0.0	0.0	0.0	0.0	0.0	0.0	0.0	0.22600229	0.32288274	0.0	0.0	0.0	0.0	0.3675201	0.0	0.24386711	0.18583341	0.0	0.0	0.0	0.15647042	0.0	0.0	0.0	0.0	0.0	0.4073104	0.27759734	0.0	0.0	0.26674566	0.0	0.0	0.12813707	0.19087897	0.0	0.30355147	0.22747064	0.0	0.0	0.0	0.0	0.25039688	0.0	0.0	0.16013071	0.0	0.4523952	0.23860268	0.4865917	0.0	0.2710233	0.0	0.0	0.0	0.0	0.07121999	0.0	0.11638043	0.0	0.0	0.0	0.0	0.52353203	0.0	0.0	0.0	0.21907006	0.0	0.0	0.0	0.4524958	0.0454167	0.0	0.12910117	0.0	0.0	0.33813247	0.0	0.0011511886	0.0	0.0	0.0832571	0.0	0.0	0.0	0.0	0.11516855	0.0	0.4791987	0.0	0.0	0.38482618	0.0	0.0
0.0	0.112542324	0.0	0.0	0.0	0.0	0.07539829	0.0	0.0	0.0	0.0	0.0	0.0	0.0	0.26715615	0.0	0.3224673	0.0	0.0	0.054076463	0.0	0.22619812	0.0	0.2022311	0.0	0.0	0.043317188	0.0	0.0	0.14872564	0.3826932	0.0	0.0	0.0	0.0	0.0	0.0	0.0	0.0	0.0	0.21574847	0.30625826	0.0	0.0	0.0	0.0	0.36827984	0.0	0.24555139	0.18545048	0.0	0.0	0.0	0.14548092	0.0	0.0	0.0	0.0	0.0	0.40605804	0.2646226	0.0	0.0	0.25697407	0.0	0.0	0.13442592	0.18143426	0.0	0.2973043	0.22983964	0.0	0.0	0.0	0.0	0.24671178	0.0	0.0	0.15290557	0.0	0.44167694	0.24203396	0.47351304	0.0	0.2643462	0.0	0.0	0.0	0.0	0.06374157	0.0	0.1159605	0.0	0.0	0.0	0.0	0.5176813	0.0	0.0	0.0	0.21108715	0.0	0.0	0.0	0.44215992	0.033948857	0.0	0.12182615	0.0	0.0	0.3368734	0.0	0.0028670996	0.0	0.0	0.082887456	0.0	0.0	0.0	0.0	0.10902848	0.0	0.4683385	0.0	0.0	0.37598744	0.0	0.0
0.0	0.1136728	0.0	0.0	0.0	0.0	0.07976077	0.0	0.0	0.0	0.0	0.0	0.0	0.0	0.2803474	0.0	0.32952568	0.0	0.0	0.05352201	0.0	0.22672452	0.0	0.2048818	0.0	0.0	0.04837078	0.0	0.0	0.1543081	0.38846126	0.0	0.0	0.0	0.0	0.0	0.0	0.0	0.0	0.0	0.21760173	0.313158	0.0	0.0	0.0	0.0	0.37095928	0.0	0.24704932	0.1933919	0.0	0.0	0.0	0.15178956	0.0	0.0	0.0	0.0	0.0	0.41046825	0.26571995	0.0	0.0	0.26303396	0.0	0.0	0.13487674	0.17986841	0.0	0.30156577	0.22453202	0.0	0.0	0.0	0.0	0.24778716	0.0	0.0	0.1573268	0.0	0.44952527	0.25290227	0.47846517	0.0	0.26125738	0.0	0.0	0.0	0.0	0.06669034	0.0	0.12080145	0.0	0.0	0.0	0.0	0.5149294	0.0	0.0	0.0	0.21494742	0.0	0.0	0.0	0.44382536	0.04107117	0.0	0.12903383	0.0	0.0	0.33316872	0.0	0.0036762923	0.0	0.0	0.07989787	0.0	0.0	0.0	0.0	0.10962253	0.0	0.47268215	0.0	0.0	0.3825374	0.0	0.0
0.0	0.11878941	0.0	0.0	0.0	0.0	0.09787168	0.0	0.0	0.0	0.0	0.0	0.0	0.0	0.3173008	0.0	0.39505658	0.0	0.0	0.06818599	0.0	0.27910557	0.0	0.1795008	0.0	0.0	0.062388588	0.0	0.0	0.22648649	0.4201399	0.0	0.0	0.0	0.0	0.0	0.0	0.0	0.0	0.0	0.2646565	0.3112226	0.0	0.0	0.0	0.0	0.4127237	0.0	0.30693638	0.260251	0.0	0.0	0.0	0.15660442	0.0	0.0	0.0	0.0	0.0	0.4162587	0.24288161	0.0	0.0	0.35973907	0.0	0.0	0.15523459	0.19084811	0.0	0.338254	0.2539856	0.0	0.0	0.0	0.0	0.270152	0.0	0.0	0.1880547	0.0	0.43669882	0.30738375	0.5872535	0.0	0.26950243	0.0	0.0	0.0	0.0	0.06422767	0.0	0.16380847	0.0	0.0	0.0	0.0	0.48924616	0.0	0.0	0.0	0.23630778	0.0	0.0	0.0	0.47354296	0.060591985	0.0	0.15076242	0.0	0.0	0.3174133	0.0	0.0031440724	0.0	0.0	0.0670541	0.0	0.0	0.0	0.0	0.13175215	0.0	0.5207181	0.0	0.0	0.40604123	0.0	0.0
0.0	0.116467476	0.0	0.0	0.0	0.0	0.08730654	0.0	0.0	0.0	0.0	0.0	0.0	0.0	0.26048732	0.0	0.32003143	0.0	0.0	0.051626127	0.0	0.22246718	0.0	0.20349228	0.0	0.0	0.044137996	0.0	0.0	0.14341255	0.38700023	0.0	0.0	0.0	0.0	0.0	0.0	0.0	0.0	0.0	0.21156277	0.3042713	0.0	0.0	0.0	0.0	0.36380795	0.0	0.25173947	0.18408318	0.0	0.0	0.0	0.14473708	0.0	0.0	0.0	0.0	0.0	0.41136786	0.2634886	0.0	0.0	0.25199652	0.0	0.0	0.13247363	0.17426401	0.0	0.29731342	0.22773476	0.0	0.0	0.0	0.0	0.2480207	0.0	0.0	0.1519276	0.0	0.4373275	0.24501395	0.47164574	0.0	0.26226115	0.0	0.0	0.0	0.0	0.06235641	0.0	0.11837387	0.0	0.0	0.0	0.0	0.516882	0.0	0.0	0.0	0.21316123	0.0	0.0	0.0	0.4344951	0.02725146	0.0	0.1217224	0.0	0.0	0.33239976	0.0	0.0076034185	0.0	0.0	0.08437747	0.0	0.0	0.0	0.0	0.10660263	0.0	0.47392073	0.0	0.0	0.3739346	0.0	0.0
0.0	0.114139915	0.0	0.0	0.0	0.0	0.07531724	0.0	0.0	0.0	0.0	0.0	0.0	0.0	0.26619482	0.0	0.31945077	0.0	0.0	0.038603496	0.0	0.2252243	0.0	0.20240374	0.0	0.0	0.047519777	0.0	0.0	0.14491788	0.39712355	0.0	0.0	0.0	0.0	0.0	0.0	0.0	0.0	0.0	0.21154465	0.30305907	0.0	0.0	0.0	0.0	0.37099898	0.0	0.25104576	0.19586106	0.0	0.0	0.0	0.15325224	0.0	0.0	0.0	0.0	0.0	0.4058509	0.26089624	0.0	0.0	0.25277257	0.0	0.0	0.13717268	0.17422496	0.0	0.3051857	0.22670142	0.0	0.0	0.0	0.0	0.24863522	0.0	0.0	0.16217275	0.0	0.4326515	0.24439268	0.4689925	0.0	0.26388833	0.0	0.0	0.0	0.0	0.06597976	0.0	0.12097236	0.0	0.0	0.0	0.0	0.51330805	0.0	0.0	0.0	0.22661169	0.0	0.0	0.0	0.43826148	0.030731708	0.0	0.12584357	0.0	0.0	0.33558488	0.0	0.01064993	0.0	0.0	0.07844619	0.0	0.0	0.0	0.0	0.10700539	0.0	0.47529915	0.0	0.0	0.3745358	0.0	0.0
0.0	0.11130678	0.0	0.0	0.0	0.0	0.07784406	0.0	0.0	0.0	0.0	0.0	0.0	0.0	0.2674332	0.0	0.31517693	0.0	0.0	0.051007498	0.0	0.21693122	0.0	0.1993068	0.0	0.0	0.0466983	0.0	0.0	0.14370371	0.3869891	0.0	0.0	0.0	0.0	0.0	0.0	0.0	0.0	0.0	0.21500325	0.30534056	0.0	0.0	0.0	0.0	0.36406574	0.0	0.24337013	0.18474549	0.0	0.0	0.0	0.14913072	0.0	0.0	0.0	0.0	0.0	0.40472612	0.26504448	0.0	0.0	0.25363216	0.0	0.0	0.13174526	0.1767962	0.0	0.29451093	0.22538836	0.0	0.0	0.0	0.0	0.24507026	0.0	0.0	0.15105227	0.0	0.44186854	0.23755361	0.46721044	0.0	0.26335177	0.0	0.0	0.0	0.0	0.065778956	0.0	0.11722604	0.0	0.0	0.0	0.0	0.51560557	0.0	0.0	0.0	0.21129976	0.0	0.0	0.0	0.44406822	0.033341445	0.0	0.12296289	0.0	0.0	0.3324002	0.0	0.0043711285	0.0	0.0	0.08469518	0.0	0.0	0.0	0.0	0.104218625	0.0	0.46127668	0.0	0.0	0.37178192	0.0	0.0
0.0	0.11792586	0.0	0.0	0.0	0.0	0.08354614	0.0	0.0	0.0	0.0	0.0	0.0	0.0	0.25716063	0.0	0.31793895	0.0	0.0	0.050598457	0.0	0.21865536	0.0	0.20388775	0.0	0.0	0.04551887	0.0	0.0	0.14215434	0.3843347	0.0	0.0	0.0	0.0	0.0	0.0	0.0	0.0	0.0	0.21149842	0.30608553	0.0	0.0	0.0	0.0	0.3587139	0.0	0.24793339	0.17930794	0.0	0.0	0.0	0.14453766	0.0	0.0	0.0	0.0	0.0	0.4059515	0.26786643	0.0	0.0	0.24855061	0.0	0.0	0.1304145	0.17546041	0.0	0.29627043	0.22778702	0.0	0.0	0.0	0.0	0.24639018	0.0	0.0	0.15026078	0.0	0.43566063	0.23573147	0.47083366	0.0	0.26596627	0.0	0.0	0.0	0.0	0.063726	0.0	0.114805065	0.0	0.0	0.0	0.0	0.51980644	0.0	0.0	0.0	0.21228218	0.0	0.0	0.0	0.43571115	0.027304811	0.0	0.12468729	0.0	0.0	0.33401275	0.0	0.00517989	0.0	0.0	0.08639511	0.0	0.0	0.0	0.0	0.1079615	0.0	0.4729333	0.0	0.0	0.37310538	0.0	0.0
0.0	0.11653197	0.0	0.0	0.0	0.0	0.08627131	0.0	0.0	0.0	0.0	0.0	0.0	0.0	0.29912397	0.0	0.35614204	0.0	0.0	0.06522881	0.0	0.24756533	0.0	0.19893332	0.0	0.0	0.05475302	0.0	0.0	0.1789105	0.4006647	0.0	0.0	0.0	0.0	0.0	0.0	0.0	0.0	0.0	0.23021738	0.320593	0.0	0.0	0.0	0.0	0.39141908	0.0	0.27278635	0.22904766	0.0	0.0	0.0	0.16110134	0.0	0.0	0.0	0.0	0.0	0.41996822	0.25930256	0.0	0.0	0.30017224	0.0	0.0	0.15053587	0.18399024	0.0	0.32680205	0.2355867	0.0	0.0	0.0	0.0	0.26181486	0.0	0.0	0.1657543	0.0	0.45713106	0.2885442	0.52244425	0.0	0.25749943	0.0	0.0	0.0	0.0	0.061290473	0.0	0.13475798	0.0	0.0	0.0	0.0	0.50860214	0.0	0.0	0.0	0.21861768	0.0	0.0	0.0	0.44790706	0.055128176	0.0	0.13646702	0.0	0.0	0.32589984	0.0	0.0053602103	0.0	0.0	0.0742881	0.0	0.0	0.0	0.0	0.11918181	0.0	0.49467492	0.0	0.0	0.39729345	0.0	0.0
0.0	0.114717394	0.0	0.0	0.0	0.0	0.07281691	0.0	0.0	0.0	0.0	0.0	0.0	0.0	0.30457863	0.0	0.3591962	0.0	0.0	0.060483444	0.0	0.24823093	0.0	0.18414122	0.0	0.0	0.053419795	0.0	0.0	0.19002843	0.39858904	0.0	0.0	0.0	0.0	0.0	0.0	0.0	0.0	0.0	0.23608321	0.31536785	0.0	0.0	0.0	0.0	0.39401296	0.0	0.26958585	0.24165004	0.0	0.0	0.0	0.15990776	0.0	0.0	0.0	0.0	0.0	0.4160864	0.24785483	0.0	0.0	0.31127512	0.0	0.0	0.15655576	0.18868549	0.0	0.33136186	0.24064694	0.0	0.0	0.0	0.0	0.25722104	0.0	0.0	0.1726164	0.0	0.45380118	0.29095846	0.52851987	0.0	0.25306168	0.0	0.0	0.0	0.0	0.06297271	0.0	0.13456161	0.0	0.0	0.0	0.0	0.49865517	0.0	0.0	0.0	0.21791947	0.0	0.0	0.0	0.45729133	0.0642687	0.0	0.14277792	0.0	0.0	0.32939562	0.0	0.0028116151	0.0	0.0	0.0697051	0.0	0.0	0.0	0.0	0.11999988	0.0	0.49221775	0.0	0.0	0.39410582	0.0	0.0
0.0	0.107027374	0.0	0.0	0.0	0.0	0.07620402	0.0	0.0	0.0	0.0	0.0	0.0	0.0	0.2546477	0.0	0.3020566	0.0	0.0	0.044708535	0.0	0.21459441	0.0	0.19177692	0.0	0.0	0.035090476	0.0	0.0	0.13146539	0.38528642	0.0	0.0	0.0	0.0	0.0	0.0	0.0	0.0	0.0	0.20437415	0.2897521	0.0	0.0	0.0	0.0	0.35916075	0.0	0.24371451	0.18451591	0.0	0.0	0.0	0.13611846	0.0	0.0	0.0	0.0	0.0	0.40309575	0.2512063	0.0	0.0	0.23766957	0.0	0.0	0.14304192	0.16685624	0.0	0.29040352	0.22966515	0.0	0.0	0.0	0.0	0.24063714	0.0	0.0	0.14205533	0.0	0.42752066	0.23797767	0.4492763	0.0	0.2526984	0.0	0.0	0.0	0.0	0.05655654	0.0	0.11438861	0.0	0.0	0.0	0.0	0.5081393	0.0	0.0	0.0	0.20463131	0.0	0.0	0.0	0.42938796	0.022197356	0.0	0.11729943	0.0	0.0	0.33341956	0.0	0.0051949094	0.0	0.0	0.08023972	0.0	0.0	0.0	0.0	0.098194025	0.0	0.45340434	0.0	0.0	0.3620812	0.0	0.0
0.0	0.11688159	0.0	0.0	0.0	0.0	0.096447706	0.0	0.0	0.0	0.0	0.0	0.0	0.0	0.25815806	0.0	0.33010167	0.0	0.0	0.058914304	0.0	0.23667653	0.0	0.20658703	0.0	0.0	0.047650922	0.0	0.0	0.15616871	0.39093217	0.0	0.0	0.0	0.0	0.0	0.0	0.0	0.0	0.0	0.22981139	0.30463257	0.0	0.0	0.0	0.0	0.3613849	0.0	0.25994956	0.17769139	0.0	0.0	0.0	0.15117063	0.0	0.0	0.0	0.0	0.0	0.4174231	0.26413283	0.0	0.0	0.26347458	0.0	0.0	0.123846024	0.1912481	0.0	0.30014715	0.23408163	0.0	0.0	0.0	0.0	0.2532167	0.0	0.0	0.15413822	0.0	0.44361547	0.23648341	0.48564327	0.0	0.27736446	0.0	0.0	0.0	0.0	0.06549237	0.0	0.12484994	0.0	0.0	0.0	0.0	0.5248458	0.0	0.0	0.0	0.21814795	0.0	0.0	0.0	0.44380555	0.032159302	0.0	0.12505005	0.0	0.0	0.34156847	0.0	0.006561296	0.0	0.0	0.085041784	0.0	0.0	0.0	0.0	0.11294174	0.0	0.49006084	0.0	0.0	0.3877181	0.0	0.0
0.0	0.11045268	0.0	0.0	0.0	0.0	0.0668601	0.0	0.0	0.0	0.0	0.0	0.0	0.0	0.2850242	0.0	0.33257017	0.0	0.0	0.053155143	0.0	0.23324971	0.0	0.20361781	0.0	0.0	0.03639282	0.0	0.0	0.1539719	0.38365713	0.0	0.0	0.0	0.0	0.0	0.0	0.0	0.0	0.0	0.21633263	0.30265573	0.0	0.0	0.0	0.0	0.37286243	0.0	0.24020173	0.20193915	0.0	0.0	0.0	0.14218943	0.0	0.0	0.0	0.0	0.0	0.4033972	0.2585889	0.0	0.0	0.2681277	0.0	0.0	0.14135458	0.17784785	0.0	0.30577257	0.23343349	0.0	0.0	0.0	0.0	0.25266144	0.0	0.0	0.15318899	0.0	0.44207463	0.2467838	0.473668	0.0	0.2581452	0.0	0.0	0.0	0.0	0.06315982	0.0	0.1213252	0.0	0.0	0.0	0.0	0.5162342	0.0	0.0	0.0	0.21632694	0.0	0.0	0.0	0.44173035	0.040968034	0.0	0.13446166	0.0	0.0	0.34238312	0.0	0.0	0.0	0.0	0.075110994	0.0	0.0	0.0	0.0	0.11337908	0.0	0.471187	0.0	0.0	0.37945434	0.0	0.0
0.0	0.116419375	0.0	0.0	0.0	0.0	0.086040795	0.0	0.0	0.0	0.0	0.0	0.0	0.0	0.2695987	0.0	0.32863098	0.0	0.0	0.055018812	0.0	0.22633739	0.0	0.21022345	0.0	0.0	0.048018847	0.0	0.0	0.1507475	0.384989	0.0	0.0	0.0	0.0	0.0	0.0	0.0	0.0	0.0	0.21774793	0.31233853	0.0	0.0	0.0	0.0	0.3639231	0.0	0.24851607	0.18400729	0.0	0.0	0.0	0.14750637	0.0	0.0	0.0	0.0	0.0	0.4087598	0.26837155	0.0	0.0	0.25808915	0.0	0.0	0.13124734	0.17952277	0.0	0.30059513	0.22841527	0.0	0.0	0.0	0.0	0.25115263	0.0	0.0	0.15308721	0.0	0.4431387	0.24241714	0.47736955	0.0	0.26813015	0.0	0.0	0.0	0.0	0.065916516	0.0	0.12016213	0.0	0.0	0.0	0.0	0.52113605	0.0	0.0	0.0	0.2162651	0.0	0.0	0.0	0.43880358	0.03369805	0.0	0.12850918	0.0	0.0	0.3355333	0.0	0.0052190763	0.0	0.0	0.08426916	0.0	0.0	0.0	0.0	0.11137145	0.0	0.47973728	0.0	0.0	0.3793603	0.0	0.0
0.0	0.11821095	0.0	0.0	0.0	0.0	0.0918116	0.0	0.0	0.0	0.0	0.0	0.0	0.0	0.26327422	0.0	0.32774594	0.0	0.0	0.054075006	0.0	0.23623455	0.0	0.19656827	0.0	0.0	0.042067572	0.0	0.0	0.14826395	0.3908149	0.0	0.0	0.0	0.0	0.0	0.0	0.0	0.0	0.0	0.21282709	0.30391446	0.0	0.0	0.0	0.0	0.3724409	0.0	0.25939098	0.1920916	0.0	0.0	0.0	0.14674675	0.0	0.0	0.0	0.0	0.0	0.4133235	0.25615665	0.0	0.0	0.26212692	0.0	0.0	0.13722406	0.17877382	0.0	0.29961452	0.23247929	0.0	0.0	0.0	0.0	0.2426902	0.0	0.0	0.15697959	0.0	0.43490776	0.2551705	0.4798123	0.0	0.26190796	0.0	0.0	0.0	0.0	0.05959596	0.0	0.12551418	0.0	0.0	0.0	0.0	0.51332486	0.0	0.0	0.0	0.215418	0.0	0.0	0.0	0.4397054	0.027315693	0.0	0.12604922	0.0	0.0	0.33867693	0.0	0.007657599	0.0	0.0	0.078730404	0.0	0.0	0.0	0.0	0.106572084	0.0	0.4826264	0.0	0.0	0.37945995	0.0	0.0
0.0	0.11235847	0.0	0.0	0.0	0.0	0.08481487	0.0	0.0	0.0	0.0	0.0	0.0	0.0	0.27839687	0.0	0.33793297	0.0	0.0	0.056181643	0.0	0.24889803	0.0	0.16870122	0.0	0.0	0.036275808	0.0	0.0	0.16842282	0.4144462	0.0	0.0	0.0	0.0	0.0	0.0	0.0	0.0	0.0	0.21855457	0.2919323	0.0	0.0	0.0	0.0	0.40024868	0.0	0.28730223	0.24137707	0.0	0.0	0.0	0.15122174	0.0	0.0	0.0	0.0	0.0	0.42368004	0.22794373	0.0	0.0	0.30013826	0.0	0.0	0.17002614	0.1711411	0.0	0.32358015	0.249168	0.0	0.0	0.0	0.0	0.24801333	0.0	0.0	0.16618085	0.0	0.425037	0.29871637	0.51115376	0.0	0.23968892	0.0	0.0	0.0	0.0	0.0440803	0.0	0.14189489	0.0	0.0	0.0	0.0	0.49000597	0.0	0.0	0.0	0.21258582	0.0	0.0	0.0	0.4354833	0.04065418	0.0	0.1295165	0.0	0.0	0.32909802	0.0	0.009339332	0.0	0.0	0.06955115	0.0	0.0	0.0	0.0	0.10491232	0.0	0.48597255	0.0	0.0	0.37975594	0.0	0.0
0.0	0.11395637	0.0	0.0	0.0	0.0	0.072360784	0.0	0.0	0.0	0.0	0.0	0.0	0.0	0.30538175	0.0	0.35994908	0.0	0.0	0.060398195	0.0	0.25169587	0.0	0.18624477	0.0	0.0	0.048397493	0.0	0.0	0.19252326	0.40358412	0.0	0.0	0.0	0.0	0.0	0.0	0.0	0.0	0.0	0.23950982	0.3141511	0.0	0.0	0.0	0.0	0.40035352	0.0	0.2778645	0.24303313	0.0	0.0	0.0	0.16045694	0.0	0.0	0.0	0.0	0.0	0.41819724	0.24787931	0.0	0.0	0.31713042	0.0	0.0	0.16172703	0.1866482	0.0	0.3311601	0.24784397	0.0	0.0	0.0	0.0	0.26005617	0.0	0.0	0.17373712	0.0	0.44994923	0.29797465	0.53052026	0.0	0.25353146	0.0	0.0	0.0	0.0	0.06122418	0.0	0.13892044	0.0	0.0	0.0	0.0	0.49797308	0.0	0.0	0.0	0.2197783	0.0	0.0	0.0	0.45603657	0.06542175	0.0	0.13955602	0.0	0.0	0.32599548	0.0	0.0032673571	0.0	0.0	0.06768153	0.0	0.0	0.0	0.0	0.12136374	0.0	0.49284872	0.0	0.0	0.39404282	0.0	0.0
0.0	0.1453449	0.0	0.0	0.0	0.0	0.017109795	0.0	0.0	0.0	0.0	0.0	0.0	0.0	0.28105474	0.0	0.3417704	0.0	0.0	0.060749292	0.0	0.2003991	0.0	0.20280807	0.0	0.0	0.10446713	0.0	0.0	0.21069653	0.3475249	0.0	0.0	0.0	0.0	0.0	0.0	0.0	0.0	0.0	0.2694042	0.3870654	0.0	0.0	0.0	0.0	0.37028655	0.0	0.22652006	0.14653544	0.0	0.0	0.0	0.18296863	0.0	0.0	0.0	0.0	0.0	0.38022777	0.3403771	0.0	0.0	0.29469052	0.0	0.0	0.10882766	0.25401375	0.0	0.3032668	0.2292221	0.0	0.0	0.0	0.0	0.24019842	0.0	0.0	0.20055926	0.0	0.465431	0.158175	0.5404951	0.0	0.32612783	0.0	0.0	0.0	0.0	0.10288959	0.0	0.09358045	0.0	0.0	0.0	0.0	0.55402243	0.0	0.0	0.0	0.24385744	0.0	0.0	0.0	0.5164876	0.08384067	0.0	0.18095934	0.0	0.0	0.37274334	0.0	0.0	0.0	0.0	0.09134885	0.0	0.0	0.0	0.0	0.124178074	0.0	0.49455786	0.0	0.0	0.39407834	0.0	0.0
0.0	0.175058	0.0	0.0	0.0	0.0	0.060409993	0.0	0.0	0.0	0.0	0.0	0.0	0.0	0.30847347	0.0	0.39967045	0.0	0.0	0.08899131	0.0	0.21681947	0.0	0.23986311	0.0	0.0	0.113943726	0.0	0.0	0.23693037	0.33719245	0.0	0.0	0.0	0.0	0.0	0.0	0.0	0.0	0.0	0.2864777	0.4063201	0.0	0.0	0.0	0.0	0.35449013	0.0	0.22054197	0.13867103	0.0	0.0	0.0	0.18204434	0.0	0.0	0.0	0.0	0.0	0.3706492	0.371009	0.0	0.0	0.31612167	0.0	0.0	0.08292993	0.26658309	0.0	0.29787824	0.19929807	0.0	0.0	0.0	0.0	0.27027455	0.0	0.0	0.19585834	0.0	0.46050772	0.14861192	0.5888873	0.0	0.37921253	0.0	0.0	0.0	0.0	0.10512775	0.0	0.09274074	0.0	0.0	0.0	0.0	0.58528537	0.0	0.0	0.0	0.28011987	0.0	0.0	0.0	0.5248677	0.08492812	0.0	0.18259601	0.0	0.0	0.3857008	0.0	0.0	0.0	0.0	0.11340338	0.0	0.0	0.0	0.0	0.14599894	0.0	0.54408735	0.0	0.0	0.42347717	0.0013934331	0.0
0.0	0.10522055	0.0	0.0	0.0	0.0	0.032448534	0.0	0.0	0.0	0.0	0.0	0.0	0.0	0.16765042	0.0	0.21969317	0.0	0.0	0.007833148	0.0	0.1416738	0.0	0.10805628	0.0	0.0	0.018666081	0.0	0.0	0.06969243	0.32744184	0.0	0.0	0.0	0.0	0.0	0.0	0.0	0.0	0.0	0.16909485	0.2599714	0.0	0.0	0.017339766	0.0	0.32042924	0.0	0.2656044	0.16999413	0.0	0.0	0.0	0.1478799	0.0	0.0	0.0	0.0	0.0	0.37496457	0.22271957	0.0	0.0	0.15014933	0.0	0.0	0.17410682	0.12739955	0.0	0.25638065	0.2600747	0.0	0.0	0.0	0.0	0.19756977	0.0	0.0	0.12466663	0.0	0.3155615	0.1532392	0.40224513	0.0	0.25304928	0.0	0.0	0.0	0.0	0.057879854	0.0	0.07312447	0.0	0.0	0.0	0.0	0.5135188	0.0	0.0	0.0	0.1960594	0.0	0.0	0.0	0.40311846	0.0	0.0	0.08667729	0.0	0.0	0.31198	0.0	0.0040867995	0.0	0.0	0.0834789	0.0	0.0	0.0	0.0	0.07739064	0.0	0.3932943	0.0	0.0025971949	0.3087591	0.0	0.0
0.0	0.17275964	0.0	0.0	0.0	0.0	0.041684184	0.0	0.0	0.0	0.0	0.0	0.0	0.0	0.3003951	0.0	0.38635874	0.0	0.0	0.0805896	0.0	0.18797094	0.0	0.22905116	0.0	0.0	0.11907173	0.0	0.0	0.22895265	0.3273568	0.0	0.0	0.0	0.0	0.0	0.0	0.0	0.0	0.0	0.2931485	0.38959956	0.0	0.0	0.0	0.0	0.35378337	0.0	0.20559327	0.12307009	0.0	0.0	0.0	0.1805274	0.0	0.0	0.0	0.0	0.0	0.36595836	0.37678948	0.0	0.0	0.30062085	0.0	0.0	0.09198641	0.2702619	0.0	0.29369614	0.20670359	0.0	0.0	0.0	0.0	0.26940522	0.0	0.0	0.19076842	0.0	0.44785866	0.124572515	0.56095153	0.0	0.39528227	0.0	0.0	0.0	0.0	0.10456097	0.0	0.08371081	0.0	0.0	0.0	0.0	0.5932252	0.0	0.0	0.0	0.2840251	0.0	0.0	0.0	0.5260821	0.08166754	0.0	0.18324482	0.0	0.0	0.39783406	0.0	0.0	0.0	0.0	0.11435155	0.0	0.0	0.0	0.0	0.13094153	0.0	0.52635497	0.0	0.0	0.40182114	0.0030134872	0.0
0.0	0.1591899	0.0	0.0	0.0	0.0	0.04751636	0.0	0.0	0.0	0.0	0.0	0.0	0.0	0.26782313	0.0	0.34213766	0.0	0.0	0.06745092	0.0	0.18530627	0.0	0.22006588	0.0	0.0	0.071223	0.0	0.0	0.17760842	0.33125043	0.0	0.0	0.0	0.0	0.0	0.0	0.0	0.0	0.0	0.25696382	0.33601356	0.0	0.0	0.0017570449	0.0	0.33290315	0.0	0.19838333	0.122180045	0.0	0.0	0.0	0.14349163	0.0	0.0	0.0	0.0	0.0	0.3484633	0.33149347	0.0	0.0	0.2574897	0.0	0.0	0.09577328	0.22622442	0.0	0.27244782	0.21489637	0.0	0.0	0.0	0.0	0.26559457	0.0	0.0	0.14926206	0.0	0.41596198	0.12195992	0.50903493	0.0	0.3602046	0.0	0.0	0.0	0.0	0.08084476	0.0	0.07432159	0.0	0.0	0.0	0.0	0.577509	0.0	0.0	0.0	0.26233363	0.0	0.0	0.0	0.48893514	0.036556397	0.0	0.14219524	0.0	0.0	0.38073137	0.0	0.0	0.0	0.0	0.1164762	0.0	0.0	0.0	0.0	0.12153711	0.0	0.49047795	0.0	0.0	0.37709138	0.002910272	0.0
0.0	0.16474803	0.0	0.0	0.0	0.0	0.04293938	0.0	0.0	0.0	0.0	0.0	0.0	0.0	0.21790116	0.0	0.3131454	0.0	0.0	0.036193892	0.0	0.12713788	0.0	0.21271849	0.0	0.0	0.085261114	0.0	0.0	0.12776066	0.33235055	0.0	0.0071537704	0.0	0.0	0.0	0.0	0.0	0.0	0.0	0.21937163	0.3174588	0.0	0.0	0.0	0.0	0.27937636	0.0	0.20779902	0.098383166	0.0	0.0	0.0	0.16769297	0.0	0.0	0.0	0.0	0.0	0.34920695	0.31998366	0.0	0.0	0.21031807	0.0	0.0	0.0891426	0.1729203	0.0	0.27543744	0.24405034	0.0	0.0	0.0	0.0	0.27238956	0.0	0.0	0.13862842	0.0	0.37038478	0.10330781	0.4812461	0.0	0.34980187	0.0	0.0	0.0	0.0	0.085294485	0.0	0.0455413	0.0	0.0	0.0	0.0	0.58872056	0.0	0.0	0.0	0.24082725	0.0	0.0	0.0	0.47834587	0.028390482	0.0	0.12532361	0.0	0.0	0.321621	0.0	0.0	0.0	0.0	0.14115435	0.0	0.0	0.0	0.0	0.1271291	0.0	0.49529633	0.0	0.0	0.37766692	0.0	0.0
0.0	0.17053396	0.0	0.0	0.0	0.0	0.03289179	0.0	0.0	0.0	0.0	0.0	0.0	0.0	0.27794507	0.0	0.36340666	0.0	0.0	0.07180638	0.0	0.17997195	0.0	0.2270035	0.0	0.0	0.10090571	0.0	0.0	0.20991726	0.323675	0.0	0.0	0.0	0.0	0.0	0.0	0.0	0.0	0.0	0.27005407	0.39108387	0.0	0.0	0.0	0.0	0.34034136	0.0	0.2044661	0.12064389	0.0	0.0	0.0	0.16850285	0.0	0.0	0.0	0.0	0.0	0.35329187	0.37290144	0.0	0.0	0.27724674	0.0	0.0	0.09234417	0.2588989	0.0	0.28824934	0.21296573	0.0	0.0	0.0	0.0	0.25641403	0.0	0.0	0.19160092	0.0	0.4422622	0.12404353	0.5505658	0.0	0.36625305	0.0	0.0	0.0	0.0	0.09857527	0.0	0.07578955	0.0	0.0	0.0	0.0	0.5818933	0.0	0.0	0.0	0.27288508	0.0	0.0	0.0	0.511211	0.069067925	0.0	0.17344628	0.0	0.0	0.39009658	0.0	0.0	0.0	0.0	0.11822625	0.0	0.0	0.0	0.0	0.1275971	0.0	0.5192042	0.0	0.0	0.3896176	0.0049497145	0.0
0.0	0.15176594	0.0	0.0	0.0	0.0	0.01732265	0.0	0.0	0.0	0.0	0.0	0.0	0.0	0.29916665	0.0	0.36569956	0.0	0.0	0.06785013	0.0	0.19973904	0.0	0.2155437	0.0	0.0	0.12573878	0.0	0.0	0.22423543	0.34128007	0.0	0.0	0.0	0.0	0.0	0.0	0.0	0.0	0.0	0.27705514	0.40728965	0.0	0.0	0.0	0.0	0.3689053	0.0	0.2221124	0.1500871	0.0	0.0	0.0	0.1967841	0.0	0.0	0.0	0.0	0.0	0.37831926	0.36253273	0.0	0.0	0.30678168	0.0	0.0	0.10453128	0.26724115	0.0	0.31442913	0.21825488	0.0	0.0	0.0	0.0	0.24885784	0.0	0.0	0.20660698	0.0	0.48684704	0.166529	0.5662153	0.0	0.34380975	0.0	0.0	0.0	0.0	0.11451676	0.0	0.08984837	0.0	0.0	0.0	0.0	0.5638352	0.0	0.0	0.0	0.25475946	0.0	0.0	0.0	0.52400845	0.096862346	0.0	0.18773185	0.0	0.0	0.37491176	0.0	0.0	0.0	0.0	0.095630206	0.0	0.0	0.0	0.0	0.13484038	0.0	0.5085743	0.0	0.0	0.40886173	0.0	0.0
0.0	0.17142856	0.0	0.0	0.0	0.0	0.0267346	0.0	0.0	0.0	0.0	0.0	0.0	0.0	0.28701267	0.0	0.36751553	0.0	0.0	0.073535256	0.0	0.1908551	0.0	0.22345723	0.0	0.0	0.11634591	0.0	0.0	0.22908652	0.32982835	0.0	0.0	0.0	0.0	0.0	0.0	0.0	0.0	0.0	0.2775255	0.4126505	0.0	0.0	0.0	0.0	0.35812914	0.0	0.2255096	0.13687314	0.0	0.0	0.0	0.1953168	0.0	0.0	0.0	0.0	0.0	0.372049	0.37565467	0.0	0.0	0.3059788	0.0	0.0	0.09877024	0.2712393	0.0	0.31182605	0.21733682	0.0	0.0	0.0	0.0	0.2534929	0.0	0.0	0.21063262	0.0	0.4711945	0.14830719	0.5709146	0.0	0.35370597	0.0	0.0	0.0	0.0	0.11261781	0.0	0.08612744	0.0	0.0	0.0	0.0	0.571398	0.0	0.0	0.0	0.2651863	0.0	0.0	0.0	0.5284448	0.0919876	0.0	0.18839419	0.0	0.0	0.37984398	0.0	0.0	0.0	0.0	0.10283837	0.0	0.0	0.0	0.0	0.13309859	0.0	0.5246611	0.0	0.0	0.41212726	0.0	0.0
0.0	0.16889131	0.0	0.0	0.0	0.0	0.031611025	0.0	0.0	0.0	0.0	0.0	0.0	0.0	0.29212913	0.0	0.3665425	0.0	0.0	0.07175898	0.0	0.19072174	0.0	0.22641845	0.0	0.0	0.113589354	0.0	0.0	0.21791983	0.3292658	0.0	0.0	0.0	0.0	0.0	0.0	0.0	0.0	0.0	0.27926508	0.3978432	0.0	0.0	0.0	0.0	0.34305432	0.0	0.21049488	0.12631446	0.0	0.0	0.0	0.18506424	0.0	0.0	0.0	0.0	0.0	0.36438704	0.37217173	0.0	0.0	0.2968373	0.0	0.0	0.09173235	0.2651262	0.0	0.29707822	0.2111972	0.0	0.0	0.0	0.0	0.25846538	0.0	0.0	0.19830744	0.0	0.4580361	0.13118128	0.5600933	0.0	0.3636545	0.0	0.0	0.0	0.0	0.10495391	0.0	0.079857856	0.0	0.0	0.0	0.0	0.5812618	0.0	0.0	0.0	0.26877785	0.0	0.0	0.0	0.5206613	0.0820329	0.0	0.17357838	0.0	0.0	0.38436854	0.0	0.0	0.0	0.0	0.11158506	0.0	0.0	0.0	0.0	0.13524456	0.0	0.5170931	0.0	0.0	0.3971578	0.0	0.0
0.0	0.16986008	0.0	0.0	0.0	0.0	0.035359982	0.0	0.0	0.0	0.0	0.0	0.0	0.0	0.28312978	0.0	0.3599771	0.0	0.0	0.07456472	0.0	0.18058093	0.0	0.2246418	0.0	0.0	0.09440587	0.0	0.0	0.20406151	0.32232556	0.0	0.0	0.0	0.0	0.0	0.0	0.0	0.0	0.0	0.26823935	0.37474123	0.0	0.0	0.0	0.0	0.34373173	0.0	0.1994193	0.116067685	0.0	0.0	0.0	0.16568899	0.0	0.0	0.0	0.0	0.0	0.34643844	0.36387935	0.0	0.0	0.27695253	0.0	0.0	0.08954686	0.24733861	0.0	0.27905604	0.2071601	0.0	0.0	0.0	0.0	0.26275182	0.0	0.0	0.17616141	0.0	0.43523386	0.115820915	0.5406742	0.0	0.3768406	0.0	0.0	0.0	0.0	0.094782114	0.0	0.071609676	0.0	0.0	0.0	0.0	0.5926513	0.0	0.0	0.0	0.27256668	0.0	0.0	0.0	0.5063679	0.06124106	0.0	0.16363394	0.0	0.0	0.3893498	0.0	0.0	0.0	0.0	0.12049973	0.0	0.0	0.0	0.0	0.12489132	0.0	0.5102324	0.0	0.0	0.3876983	0.004490282	0.0
0.0	0.17894506	0.0	0.0	0.0	0.0	0.06636035	0.0	0.0	0.0	0.0	0.0	0.0	0.0	0.29785126	0.0	0.3869019	0.0	0.0	0.084150754	0.0	0.20249474	0.0	0.24999674	0.0	0.0	0.09914517	0.0	0.0	0.21683818	0.32943568	0.0	0.0	0.0	0.0	0.0	0.0	0.0	0.0	0.0	0.27368847	0.3838524	0.0	0.0	0.0	0.0	0.33920896	0.0	0.20866482	0.12864222	0.0	0.0	0.0	0.17065507	0.0	0.0	0.0	0.0	0.0	0.36692694	0.36599216	0.0	0.0	0.30114126	0.0	0.0	0.08250382	0.25162792	0.0	0.2873992	0.19744293	0.0	0.0	0.0	0.0	0.2788905	0.0	0.0	0.18273644	0.0	0.4398086	0.14093752	0.5676155	0.0	0.37662205	0.0	0.0	0.0	0.0	0.094918884	0.0	0.08856683	0.0	0.0	0.0	0.0	0.5877867	0.0	0.0	0.0	0.28339338	0.0	0.0	0.0	0.5074995	0.069477	0.0	0.16747868	0.0	0.0	0.3901764	0.0	0.0	0.0	0.0	0.12517779	0.0	0.0	0.0	0.0	0.13994147	0.0	0.54022175	0.0	0.0	0.4069837	0.0063404846	0.0
0.0	0.17415388	0.0	0.0	0.0	0.0	0.034232095	0.0	0.0	0.0	0.0	0.0	0.0	0.0	0.2796218	0.0	0.37362203	0.0	0.0	0.07214657	0.0	0.18257856	0.0	0.2292145	0.0	0.0	0.10970601	0.0	0.0	0.21921067	0.32429054	0.0	0.0	0.0	0.0	0.0	0.0	0.0	0.0	0.0	0.27297354	0.4099548	0.0	0.0	0.0	0.0	0.34833312	0.0	0.21498112	0.12524043	0.0	0.0	0.0	0.17846072	0.0	0.0	0.0	0.0	0.0	0.3632811	0.3883523	0.0	0.0	0.29101422	0.0	0.0	0.08465672	0.26143792	0.0	0.29251385	0.20256262	0.0	0.0	0.0	0.0	0.2587336	0.0	0.0	0.20484786	0.0	0.45596233	0.13244715	0.5678789	0.0	0.37114128	0.0	0.0	0.0	0.0	0.10535737	0.0	0.081267886	0.0	0.0	0.0	0.0	0.5872119	0.0	0.0	0.0	0.27449355	0.0	0.0	0.0	0.51555073	0.07708522	0.0	0.1828934	0.0	0.0	0.38650087	0.0	0.0	0.0	0.0	0.1225371	0.0	0.0	0.0	0.0	0.12867375	0.0	0.52932554	0.0	0.0	0.39860907	0.0	0.0
0.0	0.14503603	0.0	0.0	0.0	0.0	0.041331064	0.0	0.0	0.0	0.0	0.0	0.0	0.0	0.2821733	0.0	0.3524344	0.0	0.0	0.059425373	0.0	0.20701496	0.0	0.21187091	0.0	0.0	0.09716687	0.0	0.0	0.20320989	0.3567841	0.0	0.0	0.0	0.0	0.0	0.0	0.0	0.0	0.0	0.2530667	0.39591494	0.0	0.0	0.0	0.0	0.367844	0.0	0.23373258	0.15329699	0.0	0.0	0.0	0.1780565	0.0	0.0	0.0	0.0	0.0	0.39398053	0.33497557	0.0	0.0	0.29331014	0.0	0.0	0.11122183	0.24061327	0.0	0.31584224	0.22962923	0.0	0.0	0.0	0.0	0.24282403	0.0	0.0	0.19734962	0.0	0.4754733	0.18983491	0.541904	0.0	0.311184	0.0	0.0	0.0	0.0	0.10376028	0.0	0.10260708	0.0	0.0	0.0	0.0	0.55283004	0.0	0.0	0.0	0.23868217	0.0	0.0	0.0	0.5076564	0.08669946	0.0	0.18262883	0.0	0.0	0.36049548	0.0	0.0	0.0	0.0	0.08959893	0.0	0.0	0.0	0.0	0.124872744	0.0	0.50175405	0.0	0.0	0.4034996	0.0	0.0
0.0	0.15955514	0.0	0.0	0.0	0.0	0.052450985	0.0	0.0	0.0	0.0	0.0	0.0	0.0	0.2833006	0.0	0.3598776	0.0	0.0	0.07580824	0.0	0.20111375	0.0	0.219757	0.0	0.0	0.08520215	0.0	0.0	0.20468478	0.33915314	0.0	0.0	0.0	0.0	0.0	0.0	0.0	0.0	0.0	0.27489594	0.36354375	0.0	0.0	0.0	0.0	0.3474156	0.0	0.21132149	0.13428344	0.0	0.0	0.0	0.16791876	0.0	0.0	0.0	0.0	0.0	0.3634639	0.3420314	0.0	0.0	0.28330883	0.0	0.0	0.09480599	0.24987252	0.0	0.27987456	0.20632465	0.0	0.0	0.0	0.0	0.25965214	0.0	0.0	0.17371269	0.0	0.43410215	0.14105356	0.5435269	0.0	0.36000612	0.0	0.0	0.0	0.0	0.08724221	0.0	0.09159776	0.0	0.0	0.0	0.0	0.5690833	0.0	0.0	0.0	0.26683286	0.0	0.0	0.0	0.50603855	0.056390364	0.0	0.15841192	0.0	0.0	0.38773263	0.0	0.0	0.0	0.0	0.1139581	0.0	0.0	0.0	0.0	0.12485152	0.0	0.51063055	0.0	0.0	0.38661203	0.001219909	0.0
0.0	0.15838452	0.0	0.0	0.0	0.0	0.030254522	0.0	0.0	0.0	0.0	0.0	0.0	0.0	0.308393	0.0	0.38568023	0.0	0.0	0.07885981	0.0	0.20220123	0.0	0.21756935	0.0	0.0	0.13180007	0.0	0.0	0.24319279	0.3416361	0.0	0.0	0.0	0.0	0.0	0.0	0.0	0.0	0.0	0.29953825	0.40910697	0.0	0.0	0.0	0.0	0.368283	0.0	0.22933304	0.1501214	0.0	0.0	0.0	0.20042513	0.0	0.0	0.0	0.0	0.0	0.37662533	0.37237263	0.0	0.0	0.31793907	0.0	0.0	0.103762805	0.27516463	0.0	0.3153064	0.21955128	0.0	0.0	0.0	0.0	0.25955814	0.0	0.0	0.20794429	0.0	0.47524133	0.1532026	0.58760184	0.0	0.36488366	0.0	0.0	0.0	0.0	0.11000616	0.0	0.0941642	0.0	0.0	0.0	0.0	0.57211703	0.0	0.0	0.0	0.27357128	0.0	0.0	0.0	0.5320523	0.09098811	0.0	0.17753659	0.0	0.0	0.37585202	0.0	0.0	0.0	0.0	0.1013813	0.0	0.0	0.0	0.0	0.1397453	0.0	0.523454	0.0	0.0	0.4135554	0.0	0.0
0.0	0.15577495	0.0	0.0	0.0	0.0	0.021321272	0.0	0.0	0.0	0.0	0.0	0.0	0.0	0.2712457	0.0	0.34541392	0.0	0.0	0.05862981	0.0	0.17098612	0.0	0.20686628	0.0	0.0	0.109532	0.0	0.0	0.20227976	0.33896258	0.0	0.0	0.0	0.0	0.0	0.0	0.0	0.0	0.0	0.25540936	0.40457225	0.0	0.0	0.0	0.0	0.3541263	0.0	0.21739991	0.13581215	0.0	0.0	0.0	0.18292834	0.0	0.0	0.0	0.0	0.0	0.37567362	0.36503744	0.0	0.0	0.27687678	0.0	0.0	0.10311454	0.25265855	0.0	0.30549714	0.21617521	0.0	0.0	0.0	0.0	0.23764831	0.0	0.0	0.20675242	0.0	0.47581574	0.15752125	0.5410585	0.0	0.33393064	0.0	0.0	0.0	0.0	0.10693591	0.0	0.085270286	0.0	0.0	0.0	0.0	0.56614774	0.0	0.0	0.0	0.24286912	0.0	0.0	0.0	0.51246583	0.087360464	0.0	0.17748278	0.0	0.0	0.36545113	0.0	0.0	0.0	0.0	0.10732185	0.0	0.0	0.0	0.0	0.1181645	0.0	0.49899563	0.0	0.0	0.38753495	0.0	0.0
0.0	0.1504424	0.0	0.0	0.0	0.0	0.019849868	0.0	0.0	0.0	0.0	0.0	0.0	0.0	0.29366264	0.0	0.36314368	0.0	0.0	0.06450203	0.0	0.19986363	0.0	0.21951084	0.0	0.0	0.121346615	0.0	0.0	0.2157415	0.34549007	0.0	0.0	0.0	0.0	0.0	0.0	0.0	0.0	0.0	0.26890305	0.4080484	0.0	0.0	0.0	0.0	0.3637687	0.0	0.22233073	0.14503406	0.0	0.0	0.0	0.19040483	0.0	0.0	0.0	0.0	0.0	0.37557864	0.36218977	0.0	0.0	0.30313268	0.0	0.0	0.10176075	0.25775254	0.0	0.31161717	0.22275512	0.0	0.0	0.0	0.0	0.24859422	0.0	0.0	0.20535238	0.0	0.4814631	0.16496836	0.55747706	0.0	0.34034607	0.0	0.0	0.0	0.0	0.11037082	0.0	0.09106836	0.0	0.0	0.0	0.0	0.5704892	0.0	0.0	0.0	0.24991618	0.0	0.0	0.0	0.52232146	0.095460065	0.0	0.18668514	0.0	0.0	0.368917	0.0	0.0	0.0	0.0	0.10094825	0.0	0.0	0.0	0.0	0.13449675	0.0	0.5088785	0.0	0.0	0.4044218	0.0	0.0
0.0	0.16589032	0.0	0.0	0.0	0.0	0.04728429	0.0	0.0	0.0	0.0	0.0	0.0	0.0	0.2828814	0.0	0.35947308	0.0	0.0	0.07144662	0.0	0.19153132	0.0	0.22460759	0.0	0.0	0.09323901	0.0	0.0	0.20009583	0.33382583	0.0	0.0	0.0	0.0	0.0	0.0	0.0	0.0	0.0	0.27441373	0.36118743	0.0	0.0	0.0	0.0	0.3399161	0.0	0.20419335	0.1277513	0.0	0.0	0.0	0.1720217	0.0	0.0	0.0	0.0	0.0	0.35304698	0.35739568	0.0	0.0	0.27847472	0.0	0.0	0.08370837	0.25035688	0.0	0.27557743	0.20313759	0.0	0.0	0.0	0.0	0.26171672	0.0	0.0	0.17675646	0.0	0.4341861	0.12206668	0.54168445	0.0	0.36977533	0.0	0.0	0.0	0.0	0.09114653	0.0	0.081668966	0.0	0.0	0.0	0.0	0.5762245	0.0	0.0	0.0	0.27344802	0.0	0.0	0.0	0.5096564	0.055797946	0.0	0.15789998	0.0	0.0	0.38701048	0.0	0.0	0.0	0.0	0.11921179	0.0	0.0	0.0	0.0	0.13295016	0.0	0.5080872	0.0	0.0	0.3867518	0.003406237	0.0
0.0	0.17320766	0.0	0.0	0.0	0.0	0.046921343	0.0	0.0	0.0	0.0	0.0	0.0	0.0	0.30845335	0.0	0.39178982	0.0	0.0	0.08138382	0.0	0.20576356	0.0	0.23469733	0.0	0.0	0.12101742	0.0	0.0	0.23438251	0.33274397	0.0	0.0	0.0	0.0	0.0	0.0	0.0	0.0	0.0	0.29122087	0.4063889	0.0	0.0	0.0	0.0	0.35033885	0.0	0.21804906	0.1335973	0.0	0.0	0.0	0.18905167	0.0	0.0	0.0	0.0	0.0	0.3668997	0.3825138	0.0	0.0	0.31486365	0.0	0.0	0.082663886	0.27003768	0.0	0.29708362	0.20257641	0.0	0.0	0.0	0.0	0.26855785	0.0	0.0	0.2030717	0.0	0.45687088	0.13427646	0.58702403	0.0	0.37792408	0.0	0.0	0.0	0.0	0.106104344	0.0	0.08514968	0.0	0.0	0.0	0.0	0.5900145	0.0	0.0	0.0	0.2816731	0.0	0.0	0.0	0.53225034	0.08426678	0.0	0.18214531	0.0	0.0	0.38483965	0.0	0.0	0.0	0.0	0.11520962	0.0	0.0	0.0	0.0	0.14380054	0.0	0.53811806	0.0	0.0	0.41422343	0.0	0.0
0.0	0.16200012	0.0	0.0	0.0	0.0	0.02663081	0.0	0.0	0.0	0.0	0.0	0.0	0.0	0.28859612	0.0	0.37985015	0.0	0.0	0.057657395	0.0	0.21322231	0.0	0.22217971	0.0	0.0	0.093375444	0.0	0.0	0.21515585	0.35140082	0.0	0.0	0.0	0.0	0.0	0.0	0.0	0.0	0.0	0.2670908	0.37677398	0.0	0.0	0.0	0.0	0.37282404	0.0	0.23162101	0.15422852	0.0	0.0	0.0	0.17128259	0.0	0.0	0.0	0.0	0.0	0.3610628	0.3558096	0.0	0.0	0.31894326	0.0	0.0	0.110071816	0.24070363	0.0	0.30326012	0.21993645	0.0	0.0	0.0	0.0	0.2533741	0.0	0.0	0.20588869	0.0	0.45046297	0.16416435	0.5642185	0.0	0.344637	0.0	0.0	0.0	0.0	0.09818208	0.0	0.095522225	0.0	0.0	0.0	0.0	0.56308466	0.0	0.0	0.0	0.2680695	0.0	0.0	0.0	0.5087939	0.0696216	0.0	0.20199485	0.0	0.0	0.3877341	0.0	0.0	0.0	0.0	0.102009766	0.0	0.0	0.0	0.0	0.13418198	0.0	0.51489455	0.0	0.0	0.40412322	0.0	0.0
0.0	0.16391808	0.0	0.0	0.0	0.0	0.03461634	0.0	0.0	0.0	0.0	0.0	0.0	0.0	0.3211253	0.0	0.4124798	0.0	0.0	0.086601675	0.0	0.21263337	0.0	0.22505426	0.0	0.0	0.14432196	0.0	0.0	0.26078078	0.33392957	0.0	0.0	0.0	0.0	0.0	0.0	0.0	0.0	0.0	0.3018563	0.4323267	0.0	0.0	0.0	0.0	0.38032922	0.0	0.23714624	0.16481897	0.0	0.0	0.0	0.20423482	0.0	0.0	0.0	0.0	0.0	0.37852144	0.3877643	0.0	0.0	0.33214375	0.0	0.0	0.11054817	0.27944416	0.0	0.32961747	0.21820736	0.0	0.0	0.0	0.0	0.26599535	0.0	0.0	0.21790273	0.0	0.4871466	0.17031217	0.6134603	0.0	0.37603155	0.0	0.0	0.0	0.0	0.1162921	0.0	0.09467489	0.0	0.0	0.0	0.0	0.58107984	0.0	0.0	0.0	0.28111395	0.0	0.0	0.0	0.5387885	0.105451316	0.0	0.1948591	0.0	0.0	0.37984303	0.0	0.0	0.0	0.0	0.10254081	0.0	0.0	0.0	0.0	0.1470471	0.0	0.5454023	0.0	0.0	0.43332434	0.0	0.0
0.0	0.16181472	0.0	0.0	0.0	0.0	0.021807553	0.0	0.0	0.0	0.0	0.0	0.0	0.0	0.31100085	0.0	0.38462594	0.0	0.0	0.073313415	0.0	0.19881098	0.0	0.2277226	0.0	0.0	0.138743	0.0	0.0	0.23199433	0.33460462	0.0	0.0	0.0	0.0	0.0	0.0	0.0	0.0	0.0	0.28312275	0.4251527	0.0	0.0	0.0	0.0	0.3625596	0.0	0.21735066	0.13717768	0.0	0.0	0.0	0.19748534	0.0	0.0	0.0	0.0	0.0	0.37059942	0.38008928	0.0	0.0	0.31479442	0.0	0.0	0.091070466	0.27491215	0.0	0.31592324	0.21450031	0.0	0.0	0.0	0.0	0.25524706	0.0	0.0	0.21435249	0.0	0.48830137	0.15253645	0.5820334	0.0	0.3601259	0.0	0.0	0.0	0.0	0.11703662	0.0	0.0879033	0.0	0.0	0.0	0.0	0.5793586	0.0	0.0	0.0	0.26525882	0.0	0.0	0.0	0.5366793	0.10293437	0.0	0.19224231	0.0	0.0	0.37640333	0.0	0.0	0.0	0.0	0.10323443	0.0	0.0	0.0	0.0	0.14108972	0.0	0.5212026	0.0	0.0	0.4153242	0.0	0.0
0.0	0.17406243	0.0	0.0	0.0	0.0	0.042057782	0.0	0.0	0.0	0.0	0.0	0.0	0.0	0.2795385	0.0	0.3804909	0.0	0.0	0.08605579	0.0	0.19462083	0.0	0.22921641	0.0	0.0	0.10861824	0.0	0.0	0.21970944	0.3259051	0.0	0.0	0.0	0.0	0.0	0.0	0.0	0.0	0.0	0.28796375	0.38729236	0.0	0.0	0.0	0.0	0.35055652	0.0	0.20734316	0.1179277	0.0	0.0	0.0	0.17922527	0.0	0.0	0.0	0.0	0.0	0.36761177	0.36974156	0.0	0.0	0.30224824	0.0	0.0	0.08850444	0.2718713	0.0	0.28888884	0.20729035	0.0	0.0	0.0	0.0	0.26604056	0.0	0.0	0.18521911	0.0	0.43749323	0.117999285	0.565908	0.0	0.39817438	0.0	0.0	0.0	0.0	0.09877405	0.0	0.08233842	0.0	0.0	0.0	0.0	0.59545404	0.0	0.0	0.0	0.27962565	0.0	0.0	0.0	0.52684647	0.06925473	0.0	0.17200434	0.0	0.0	0.40095064	0.0	0.0	0.0	0.0	0.12144619	0.0	0.0	0.0	0.0	0.12740828	0.0	0.5282466	0.0	0.0	0.39763263	0.004124637	0.0
0.0	0.16277257	0.0	0.0	0.0	0.0	0.042682994	0.0	0.0	0.0	0.0	0.0	0.0	0.0	0.27699256	0.0	0.3627096	0.0	0.0	0.07835785	0.0	0.19683857	0.0	0.2233774	0.0	0.0	0.08205254	0.0	0.0	0.20646155	0.33264205	0.0	0.0	0.0	0.0	0.0	0.0	0.0	0.0	0.0	0.2749224	0.36827555	0.0	0.0	0.0	0.0	0.3498198	0.0	0.2145539	0.12113234	0.0	0.0	0.0	0.16372514	0.0	0.0	0.0	0.0	0.0	0.3568066	0.35214996	0.0	0.0	0.2902065	0.0	0.0	0.090541475	0.24949868	0.0	0.27913186	0.21752447	0.0	0.0	0.0	0.0	0.26544252	0.0	0.0	0.17490904	0.0	0.42981306	0.12967025	0.5452745	0.0	0.37277722	0.0	0.0	0.0	0.0	0.09222323	0.0	0.08674666	0.0	0.0	0.0	0.0	0.5849166	0.0	0.0	0.0	0.26963574	0.0	0.0	0.0	0.5122985	0.051740944	0.0	0.16342627	0.0	0.0	0.38840654	0.0	0.0	0.0	0.0	0.116281785	0.0	0.0	0.0	0.0	0.123249985	0.0	0.51325923	0.0	0.0	0.38943276	0.0022863753	0.0
0.0	0.1296335	0.0	0.0	0.0	0.0	0.094908476	0.0	0.0	0.0	0.0	0.0	0.0	0.0	0.2916377	0.0	0.35344222	0.0	0.0	0.059955183	0.0	0.22690718	0.0	0.22393954	0.0	0.0	0.06343074	0.0	0.0	0.16285776	0.379925	0.0	0.0	0.0	0.0	0.0	0.0	0.0	0.0	0.0	0.21943758	0.33301225	0.0	0.0	0.0	0.0	0.36274457	0.0	0.24305816	0.18894756	0.0	0.0	0.0	0.15436901	0.0	0.0	0.0	0.0	0.0	0.40294957	0.2899121	0.0	0.0	0.278216	0.0	0.0	0.11972391	0.18705106	0.0	0.30790544	0.21506484	0.0	0.0	0.0	0.0	0.2583698	0.0	0.0	0.1617078	0.0	0.4575393	0.24749903	0.4999716	0.0	0.27736214	0.0	0.0	0.0	0.0	0.07207625	0.0	0.12362262	0.0	0.0	0.0	0.0	0.5263636	0.0	0.0	0.0	0.23132312	0.0	0.0	0.0	0.44778433	0.05098787	0.0	0.14902885	0.0	0.0	0.33953735	0.0	0.005111557	0.0	0.0	0.08717742	0.0	0.0	0.0	0.0	0.12085215	0.0	0.49534675	0.0	0.0	0.3950349	0.0	0.0
0.0	0.12122033	0.0	0.0	0.0	0.0	0.08326309	0.0	0.0	0.0	0.0	0.0	0.0	0.0	0.24407528	0.0	0.3011047	0.0	0.0	0.038440775	0.0	0.20982714	0.0	0.19284813	0.0	0.0	0.049773157	0.0	0.0	0.13042368	0.37965772	0.0	0.0	0.0	0.0	0.0	0.0	0.0	0.0	0.0	0.20937116	0.29510194	0.0	0.0	0.0	0.0	0.34660578	0.0	0.24054258	0.17040958	0.0	0.0	0.0	0.14534564	0.0	0.0	0.0	0.0	0.0	0.39310607	0.26595342	0.0	0.0	0.2421721	0.0	0.0	0.12828742	0.17925966	0.0	0.2857151	0.22669525	0.0	0.0	0.0	0.0	0.23406474	0.0	0.0	0.14858232	0.0	0.4216567	0.21839611	0.4594222	0.0	0.2679948	0.0	0.0	0.0	0.0	0.06473737	0.0	0.10892197	0.0	0.0	0.0	0.0	0.5102001	0.0	0.0	0.0	0.21519649	0.0	0.0	0.0	0.44202837	0.022434348	0.0	0.13023584	0.0	0.0	0.3431665	0.0	0.0052106846	0.0	0.0	0.086817205	0.0	0.0	0.0	0.0	0.10353961	0.0	0.4594626	0.0	0.0	0.36397263	0.0	0.0
0.0	0.1192233	0.0	0.0	0.0	0.0	0.07249879	0.0	0.0	0.0	0.0	0.0	0.0	0.0	0.27185833	0.0	0.32807663	0.0	0.0	0.053044453	0.0	0.21476872	0.0	0.20943892	0.0	0.0	0.061142836	0.0	0.0	0.15683414	0.37728167	0.0	0.0	0.0	0.0	0.0	0.0	0.0	0.0	0.0	0.22479276	0.3297569	0.0	0.0	0.0	0.0	0.35819232	0.0	0.23575497	0.17310388	0.0	0.0	0.0	0.1578024	0.0	0.0	0.0	0.0	0.0	0.39633298	0.28690204	0.0	0.0	0.26020765	0.0	0.0	0.12303233	0.19696562	0.0	0.30247667	0.22657178	0.0	0.0	0.0	0.0	0.24418198	0.0	0.0	0.15611105	0.0	0.45699272	0.2261765	0.48394606	0.0	0.2781086	0.0	0.0	0.0	0.0	0.07548611	0.0	0.10882353	0.0	0.0	0.0	0.0	0.5220404	0.0	0.0	0.0	0.21837036	0.0	0.0	0.0	0.4557663	0.05055819	0.0	0.13352883	0.0	0.0	0.3374788	0.0	0.002745059	0.0	0.0	0.0904117	0.0	0.0	0.0	0.0	0.11362088	0.0	0.4706552	0.0	0.0	0.3815532	0.0	0.0
0.0	0.118703514	0.0	0.0	0.0	0.0	0.068850875	0.0	0.0	0.0	0.0	0.0	0.0	0.0	0.24128596	0.0	0.30214614	0.0	0.0	0.04304873	0.0	0.20971297	0.0	0.19510515	0.0	0.0	0.039707016	0.0	0.0	0.13211025	0.37160566	0.0	0.0	0.0	0.0	0.0	0.0	0.0	0.0	0.0	0.20782936	0.3018698	0.0	0.0	0.0	0.0	0.34606925	0.0	0.2390021	0.16388865	0.0	0.0	0.0	0.13915235	0.0	0.0	0.0	0.0	0.0	0.39247012	0.26514927	0.0	0.0	0.23279668	0.0	0.0	0.13320966	0.18145461	0.0	0.29056886	0.23416276	0.0	0.0	0.0	0.0	0.23828405	0.0	0.0	0.14236136	0.0	0.42705008	0.21650247	0.45616937	0.0	0.26984316	0.0	0.0	0.0	0.0	0.062457412	0.0	0.10131533	0.0	0.0	0.0	0.0	0.5142339	0.0	0.0	0.0	0.2089139	0.0	0.0	0.0	0.43380138	0.02522473	0.0	0.118384816	0.0	0.0	0.3395753	0.0	0.003082481	0.0	0.0	0.089623004	0.0	0.0	0.0	0.0	0.10248208	0.0	0.45967683	0.0	0.0	0.36568987	0.0	0.0
0.0	0.115161814	0.0	0.0	0.0	0.0	0.06546181	0.0	0.0	0.0	0.0	0.0	0.0	0.0	0.2397368	0.0	0.29590973	0.0	0.0	0.041025832	0.0	0.20249534	0.0	0.18699676	0.0	0.0	0.038512368	0.0	0.0	0.12815158	0.3720523	0.0	0.0	0.0	0.0	0.0	0.0	0.0	0.0	0.0	0.20303166	0.29646894	0.0	0.0	0.0	0.0	0.3496982	0.0	0.2380506	0.16855502	0.0	0.0	0.0	0.135938	0.0	0.0	0.0	0.0	0.0	0.39125133	0.26128557	0.0	0.0	0.22954416	0.0	0.0	0.13753517	0.17442906	0.0	0.28851	0.2320687	0.0	0.0	0.0	0.0	0.23490293	0.0	0.0	0.14027856	0.0	0.4204018	0.21748613	0.44967234	0.0	0.26480794	0.0	0.0	0.0	0.0	0.06027108	0.0	0.10213085	0.0	0.0	0.0	0.0	0.5133972	0.0	0.0	0.0	0.20664163	0.0	0.0	0.0	0.4319869	0.0227162	0.0	0.11813866	0.0	0.0	0.33788148	0.0	0.0046973075	0.0	0.0	0.08716935	0.0	0.0	0.0	0.0	0.096402705	0.0	0.45210066	0.0	0.0	0.3612213	0.0	0.0
0.0	0.121319614	0.0	0.0	0.0	0.0	0.07899075	0.0	0.0	0.0	0.0	0.0	0.0	0.0	0.24139528	0.0	0.30602852	0.0	0.0	0.042939786	0.0	0.21527965	0.0	0.1930256	0.0	0.0	0.042383704	0.0	0.0	0.13338952	0.3738573	0.0	0.0	0.0	0.0	0.0	0.0	0.0	0.0	0.0	0.20820095	0.29819563	0.0	0.0	0.0	0.0	0.34669042	0.0	0.24262361	0.16631779	0.0	0.0	0.0	0.14159107	0.0	0.0	0.0	0.0	0.0	0.39545742	0.2643923	0.0	0.0	0.23818688	0.0	0.0	0.12938263	0.18041559	0.0	0.28907278	0.23074143	0.0	0.0	0.0	0.0	0.23774564	0.0	0.0	0.14392363	0.0	0.4253788	0.22036229	0.46265993	0.0	0.27206138	0.0	0.0	0.0	0.0	0.06263177	0.0	0.104854554	0.0	0.0	0.0	0.0	0.5147609	0.0	0.0	0.0	0.21112283	0.0	0.0	0.0	0.4375656	0.021673173	0.0	0.12027508	0.0	0.0	0.3414557	0.0	0.00598992	0.0	0.0	0.087439895	0.0	0.0	0.0	0.0	0.10523156	0.0	0.46514866	0.0	0.0	0.36907947	0.0	0.0
0.0	0.11772025	0.0	0.0	0.0	0.0	0.06492808	0.0	0.0	0.0	0.0	0.0	0.0	0.0	0.24906003	0.0	0.30381444	0.0	0.0	0.041611027	0.0	0.203735	0.0	0.1955425	0.0	0.0	0.046447035	0.0	0.0	0.136647	0.3738575	0.0	0.0	0.0	0.0	0.0	0.0	0.0	0.0	0.0	0.21003307	0.30881515	0.0	0.0	0.0	0.0	0.34822035	0.0	0.23423664	0.16842441	0.0	0.0	0.0	0.14541219	0.0	0.0	0.0	0.0	0.0	0.39089108	0.27333882	0.0	0.0	0.23814285	0.0	0.0	0.12996708	0.18107963	0.0	0.2916123	0.23005028	0.0	0.0	0.0	0.0	0.23800707	0.0	0.0	0.14899068	0.0	0.43301365	0.21539883	0.45957255	0.0	0.26943883	0.0	0.0	0.0	0.0	0.06491601	0.0	0.102554955	0.0	0.0	0.0	0.0	0.51743245	0.0	0.0	0.0	0.21027337	0.0	0.0	0.0	0.44065678	0.031385776	0.0	0.12527154	0.0	0.0	0.33820748	0.0	0.0033266116	0.0	0.0	0.09112912	0.0	0.0	0.0	0.0	0.10277784	0.0	0.4580481	0.0	0.0	0.36529574	0.0	0.0
0.0	0.11609476	0.0	0.0	0.0	0.0	0.067510374	0.0	0.0	0.0	0.0	0.0	0.0	0.0	0.25599644	0.0	0.30592063	0.0	0.0	0.045103088	0.0	0.20358741	0.0	0.19859199	0.0	0.0	0.047233682	0.0	0.0	0.13533239	0.37343422	0.0	0.0	0.0	0.0	0.0	0.0	0.0	0.0	0.0	0.2123483	0.30458048	0.0	0.0	0.0	0.0	0.3485228	0.0	0.23001789	0.16903053	0.0	0.0	0.0	0.14327694	0.0	0.0	0.0	0.0	0.0	0.39099076	0.27122426	0.0	0.0	0.23797345	0.0	0.0	0.1298525	0.18056244	0.0	0.2931538	0.22691178	0.0	0.0	0.0	0.0	0.24126166	0.0	0.0	0.14400198	0.0	0.4365809	0.21697359	0.45357478	0.0	0.2694067	0.0	0.0	0.0	0.0	0.067032844	0.0	0.10451415	0.0	0.0	0.0	0.0	0.51567215	0.0	0.0	0.0	0.21122557	0.0	0.0	0.0	0.43961367	0.033673603	0.0	0.124839365	0.0	0.0	0.33808687	0.0	0.0018494297	0.0	0.0	0.08859157	0.0	0.0	0.0	0.0	0.10313374	0.0	0.4533147	0.0	0.0	0.36578107	0.0	0.0
0.0	0.11676768	0.0	0.0	0.0	0.0	0.06838591	0.0	0.0	0.0	0.0	0.0	0.0	0.0	0.24030052	0.0	0.29869732	0.0	0.0	0.044244956	0.0	0.20752843	0.0	0.18682384	0.0	0.0	0.043688502	0.0	0.0	0.13336337	0.37292895	0.0	0.0	0.0	0.0	0.0	0.0	0.0	0.0	0.0	0.2178951	0.30241552	0.0	0.0	0.0	0.0	0.34724712	0.0	0.24113154	0.16003339	0.0	0.0	0.0	0.14929254	0.0	0.0	0.0	0.0	0.0	0.3953379	0.267131	0.0	0.0	0.23154826	0.0	0.0	0.12513979	0.19006468	0.0	0.2867767	0.23772377	0.0	0.0	0.0	0.0	0.23220785	0.0	0.0	0.14296181	0.0	0.42811406	0.20860745	0.46016923	0.0	0.2796877	0.0	0.0	0.0	0.0	0.06695304	0.0	0.10445446	0.0	0.0	0.0	0.0	0.5165799	0.0	0.0	0.0	0.21057904	0.0	0.0	0.0	0.4452331	0.023953123	0.0	0.119109534	0.0	0.0	0.3374046	0.0	0.0022000715	0.0	0.0	0.08854171	0.0	0.0	0.0	0.0	0.10455358	0.0	0.45788392	0.0	0.0	0.36411104	0.0	0.0
0.0	0.1158826	0.0	0.0	0.0	0.0	0.07248991	0.0	0.0	0.0	0.0	0.0	0.0	0.0	0.28359428	0.0	0.34214246	0.0	0.0	0.066786215	0.0	0.2468218	0.0	0.17813931	0.0	0.0	0.05432858	0.0	0.0	0.17982888	0.398829	0.0	0.0	0.0	0.0	0.0	0.0	0.0	0.0	0.0	0.23537008	0.31551924	0.0	0.0	0.0	0.0	0.39496174	0.0	0.2780958	0.22347088	0.0	0.0	0.0	0.164196	0.0	0.0	0.0	0.0	0.0	0.41594508	0.25467452	0.0	0.0	0.2952657	0.0	0.0	0.1596543	0.20200394	0.0	0.32410297	0.24570481	0.0	0.0	0.0	0.0	0.24599679	0.0	0.0	0.16282731	0.0	0.4459679	0.27376887	0.51701784	0.0	0.2600755	0.0	0.0	0.0	0.0	0.05778201	0.0	0.12578253	0.0	0.0	0.0	0.0	0.4975015	0.0	0.0	0.0	0.21793409	0.0	0.0	0.0	0.4539795	0.05198708	0.0	0.13151227	0.0	0.0	0.33895734	0.0	0.0051128212	0.0	0.0	0.0726533	0.0	0.0	0.0	0.0	0.11357498	0.0	0.4833578	0.0	0.0	0.39024723	0.0	0.0
0.0	0.12211752	0.0	0.0	0.0	0.0	0.07340624	0.0	0.0	0.0	0.0	0.0	0.0	0.0	0.26333094	0.0	0.32581943	0.0	0.0	0.054849226	0.0	0.21781664	0.0	0.20446599	0.0	0.0	0.058015376	0.0	0.0	0.1559994	0.3776873	0.0	0.0	0.0	0.0	0.0	0.0	0.0	0.0	0.0	0.22237647	0.33024707	0.0	0.0	0.0	0.0	0.35852042	0.0	0.24408881	0.17022137	0.0	0.0	0.0	0.15904391	0.0	0.0	0.0	0.0	0.0	0.39976788	0.28414094	0.0	0.0	0.25912133	0.0	0.0	0.122575186	0.19514827	0.0	0.30064455	0.23090899	0.0	0.0	0.0	0.0	0.2421927	0.0	0.0	0.15844731	0.0	0.44875297	0.22486036	0.4878222	0.0	0.2817059	0.0	0.0	0.0	0.0	0.071768776	0.0	0.10879157	0.0	0.0	0.0	0.0	0.52511674	0.0	0.0	0.0	0.21669483	0.0	0.0	0.0	0.4537735	0.044354767	0.0	0.13197444	0.0	0.0	0.33831343	0.0	0.004335646	0.0	0.0	0.093485415	0.0	0.0	0.0	0.0	0.1143735	0.0	0.47889256	0.0	0.0	0.3819066	0.0	0.0
0.0	0.12863655	0.0	0.0	0.0	0.0	0.08814084	0.0	0.0	0.0	0.0	0.0	0.0	0.0	0.25538588	0.0	0.32598296	0.0	0.0	0.053215925	0.0	0.2135637	0.0	0.20982969	0.0	0.0	0.054561455	0.0	0.0	0.14493833	0.37845027	0.0	0.0	0.0	0.0	0.0	0.0	0.0	0.0	0.0	0.20980604	0.3200689	0.0	0.0	0.0	0.0	0.35158864	0.0	0.2475103	0.17067933	0.0	0.0	0.0	0.1466185	0.0	0.0	0.0	0.0	0.0	0.40125462	0.2790251	0.0	0.0	0.25177976	0.0	0.0	0.12510528	0.1799774	0.0	0.29853043	0.22519942	0.0	0.0	0.0	0.0	0.24691851	0.0	0.0	0.15292688	0.0	0.4369196	0.23195465	0.4780678	0.0	0.27593425	0.0	0.0	0.0	0.0	0.06651383	0.0	0.11242527	0.0	0.0	0.0	0.0	0.52326	0.0	0.0	0.0	0.21927647	0.0	0.0	0.0	0.4365501	0.033305112	0.0	0.13011116	0.0	0.0	0.33674493	0.0	0.0073032347	0.0	0.0	0.09600102	0.0	0.0	0.0	0.0	0.10843473	0.0	0.48425245	0.0	0.0	0.37929666	0.0	0.0
0.0	0.11951712	0.0	0.0	0.0	0.0	0.076759376	0.0	0.0	0.0	0.0	0.0	0.0	0.0	0.24766634	0.0	0.3040339	0.0	0.0	0.04297821	0.0	0.20766766	0.0	0.18699424	0.0	0.0	0.05001321	0.0	0.0	0.1355143	0.38040403	0.0	0.0	0.0	0.0	0.0	0.0	0.0	0.0	0.0	0.21194847	0.303229	0.0	0.0	0.0	0.0	0.35087457	0.0	0.23897435	0.17102937	0.0	0.0	0.0	0.15146127	0.0	0.0	0.0	0.0	0.0	0.39857706	0.26705357	0.0	0.0	0.24312364	0.0	0.0	0.13151132	0.18388735	0.0	0.29174185	0.22874554	0.0	0.0	0.0	0.0	0.23450255	0.0	0.0	0.14797358	0.0	0.43079504	0.21985073	0.46303177	0.0	0.26918837	0.0	0.0	0.0	0.0	0.06544445	0.0	0.105935544	0.0	0.0	0.0	0.0	0.51040184	0.0	0.0	0.0	0.21290185	0.0	0.0	0.0	0.44403324	0.028866535	0.0	0.1272881	0.0	0.0	0.34022853	0.0	0.005694416	0.0	0.0	0.088795535	0.0	0.0	0.0	0.0	0.10204655	0.0	0.4592742	0.0	0.0	0.36681354	0.0	0.0
0.0	0.13091396	0.0	0.0	0.0	0.0	0.09733909	0.0	0.0	0.0	0.0	0.0	0.0	0.0	0.29878107	0.0	0.3673699	0.0	0.0	0.06452977	0.0	0.23456146	0.0	0.23373735	0.0	0.0	0.06773784	0.0	0.0	0.17168526	0.37645468	0.0	0.0	0.0	0.0	0.0	0.0	0.0	0.0	0.0	0.22801995	0.34194064	0.0	0.0	0.0	0.0	0.36114487	0.0	0.24177009	0.18318528	0.0	0.0	0.0	0.15808205	0.0	0.0	0.0	0.0	0.0	0.4013258	0.2936627	0.0	0.0	0.28452122	0.0	0.0	0.11631096	0.19459455	0.0	0.31100178	0.21764278	0.0	0.0	0.0	0.0	0.26158583	0.0	0.0	0.16323212	0.0	0.46489444	0.24590462	0.5096192	0.0	0.2873155	0.0	0.0	0.0	0.0	0.07832873	0.0	0.12405032	0.0	0.0	0.0	0.0	0.5315916	0.0	0.0	0.0	0.23641671	0.0	0.0	0.0	0.45450345	0.057320118	0.0	0.15320574	0.0	0.0	0.3405641	0.0	0.00236349	0.0	0.0	0.08878694	0.0	0.0	0.0	0.0	0.13017184	0.0	0.50515	0.0	0.0	0.40404066	0.0	0.0
0.0	0.12635423	0.0	0.0	0.0	0.0	0.091013975	0.0	0.0	0.0	0.0	0.0	0.0	0.0	0.266741	0.0	0.33576164	0.0	0.0	0.056116093	0.0	0.2213202	0.0	0.21592148	0.0	0.0	0.056123037	0.0	0.0	0.14983495	0.3771623	0.0	0.0	0.0	0.0	0.0	0.0	0.0	0.0	0.0	0.21653938	0.32134765	0.0	0.0	0.0	0.0	0.35473692	0.0	0.24244374	0.17223579	0.0	0.0	0.0	0.14821814	0.0	0.0	0.0	0.0	0.0	0.40017578	0.28177845	0.0	0.0	0.25968108	0.0	0.0	0.12111672	0.18603158	0.0	0.30044684	0.22411208	0.0	0.0	0.0	0.0	0.2503979	0.0	0.0	0.15303431	0.0	0.4457642	0.23421831	0.48155203	0.0	0.27903295	0.0	0.0	0.0	0.0	0.070505075	0.0	0.1166682	0.0	0.0	0.0	0.0	0.52387923	0.0	0.0	0.0	0.22257304	0.0	0.0	0.0	0.4438425	0.038683426	0.0	0.1368597	0.0	0.0	0.34021625	0.0	0.0052131717	0.0	0.0	0.09160801	0.0	0.0	0.0	0.0	0.115603685	0.0	0.48485637	0.0	0.0	0.3833036	0.0	0.0
0.0	0.1170359	0.0	0.0	0.0	0.0	0.074322514	0.0	0.0	0.0	0.0	0.0	0.0	0.0	0.2390117	0.0	0.2975566	0.0	0.0	0.037993148	0.0	0.21008678	0.0	0.18861665	0.0	0.0	0.04313029	0.0	0.0	0.12686595	0.37871042	0.0	0.0	0.0	0.0	0.0	0.0	0.0	0.0	0.0	0.20399769	0.2968823	0.0	0.0	0.0	0.0	0.3500435	0.0	0.24223651	0.17268617	0.0	0.0	0.0	0.14414668	0.0	0.0	0.0	0.0	0.0	0.39658713	0.2618331	0.0	0.0	0.23421411	0.0	0.0	0.134615	0.17642288	0.0	0.28991124	0.23122449	0.0	0.0	0.0	0.0	0.23308258	0.0	0.0	0.14682905	0.0	0.42333412	0.22448087	0.45624042	0.0	0.26550874	0.0	0.0	0.0	0.0	0.06209077	0.0	0.104201235	0.0	0.0	0.0	0.0	0.5078043	0.0	0.0	0.0	0.20865826	0.0	0.0	0.0	0.43505657	0.022739455	0.0	0.12368846	0.0	0.0	0.33614323	0.0	0.0057053957	0.0	0.0	0.08814698	0.0	0.0	0.0	0.0	0.09976021	0.0	0.45702362	0.0	0.0	0.36314425	0.0	0.0
0.0	0.12960353	0.0	0.0	0.0	0.0	0.09536201	0.0	0.0	0.0	0.0	0.0	0.0	0.0	0.27871332	0.0	0.344268	0.0	0.0	0.058475975	0.0	0.21905749	0.0	0.2214334	0.0	0.0	0.0593643	0.0	0.0	0.15440403	0.37805614	0.0	0.0	0.0	0.0	0.0	0.0	0.0	0.0	0.0	0.21261533	0.32815734	0.0	0.0	0.0	0.0	0.35986653	0.0	0.24302305	0.18129246	0.0	0.0	0.0	0.14742173	0.0	0.0	0.0	0.0	0.0	0.40400946	0.28480536	0.0	0.0	0.26826608	0.0	0.0	0.12216007	0.18027873	0.0	0.3028249	0.21426298	0.0	0.0	0.0	0.0	0.25388464	0.0	0.0	0.15855886	0.0	0.4493238	0.24482794	0.4856286	0.0	0.2760798	0.0	0.0	0.0	0.0	0.070889	0.0	0.123835385	0.0	0.0	0.0	0.0	0.52656704	0.0	0.0	0.0	0.22756086	0.0	0.0	0.0	0.44021037	0.04413407	0.0	0.14064403	0.0	0.0	0.33994982	0.0	0.008237617	0.0	0.0	0.08996997	0.0	0.0	0.0	0.0	0.11205337	0.0	0.49035382	0.0	0.0	0.38844404	0.0	0.0
0.0	0.13128193	0.0	0.0	0.0	0.0	0.10120246	0.0	0.0	0.0	0.0	0.0	0.0	0.0	0.31051636	0.0	0.38265148	0.0	0.0	0.068456866	0.0	0.2546587	0.0	0.20743935	0.0	0.0	0.06393774	0.0	0.0	0.19333489	0.39734593	0.0	0.0	0.0	0.0	0.0	0.0	0.0	0.0	0.0	0.22963619	0.33288458	0.0	0.0	0.0	0.0	0.3864423	0.0	0.27043092	0.23953463	0.0	0.0	0.0	0.15993862	0.0	0.0	0.0	0.0	0.0	0.4132614	0.26572365	0.0	0.0	0.318429	0.0	0.0	0.15032937	0.18723734	0.0	0.3342577	0.22599494	0.0	0.0	0.0	0.0	0.26868	0.0	0.0	0.17167716	0.0	0.4535513	0.29952088	0.54366064	0.0	0.26473293	0.0	0.0	0.0	0.0	0.06041654	0.0	0.14038657	0.0	0.0	0.0	0.0	0.49933144	0.0	0.0	0.0	0.23310797	0.0	0.0	0.0	0.4479538	0.06667403	0.0	0.15977219	0.0	0.0	0.33082366	0.0	0.00865777	0.0	0.0	0.07968285	0.0	0.0	0.0	0.0	0.12784061	0.0	0.51810074	0.0	0.0	0.4132007	0.0	0.0
0.0	0.122072674	0.0	0.0	0.0	0.0	0.07521819	0.0	0.0	0.0	0.0	0.0	0.0	0.0	0.23961349	0.0	0.3001204	0.0	0.0	0.036028158	0.0	0.20144945	0.0	0.19475794	0.0	0.0	0.04641513	0.0	0.0	0.12790024	0.37854445	0.0	0.0	0.0	0.0	0.0	0.0	0.0	0.0	0.0	0.19903715	0.3007621	0.0	0.0	0.0	0.0	0.34786704	0.0	0.24644478	0.1731565	0.0	0.0	0.0	0.14157996	0.0	0.0	0.0	0.0	0.0	0.39253744	0.26513165	0.0	0.0	0.23179162	0.0	0.0	0.13499254	0.16804965	0.0	0.29267514	0.23098572	0.0	0.0	0.0	0.0	0.23853667	0.0	0.0	0.14774065	0.0	0.41993186	0.22319742	0.45714045	0.0	0.26842302	0.0	0.0	0.0	0.0	0.061566774	0.0	0.10365331	0.0	0.0	0.0	0.0	0.51127535	0.0	0.0	0.0	0.21342547	0.0	0.0	0.0	0.4309437	0.02231896	0.0	0.12065422	0.0	0.0	0.32913795	0.0	0.011416133	0.0	0.0	0.0911675	0.0	0.0	0.0	0.0	0.10024301	0.0	0.4631087	0.0	0.0	0.36406365	0.0	0.0
0.0	0.120513	0.0	0.0	0.0	0.0	0.07754155	0.0	0.0	0.0	0.0	0.0	0.0	0.0	0.24352647	0.0	0.30363956	0.0	0.0	0.0422693	0.0	0.20500468	0.0	0.19664884	0.0	0.0	0.04776379	0.0	0.0	0.12986302	0.3767778	0.0	0.0	0.0	0.0	0.0	0.0	0.0	0.0	0.0	0.2044518	0.30329886	0.0	0.0	0.0	0.0	0.34630063	0.0	0.24316107	0.17174359	0.0	0.0	0.0	0.14220555	0.0	0.0	0.0	0.0	0.0	0.39738867	0.26786885	0.0	0.0	0.23210303	0.0	0.0	0.1338792	0.17319894	0.0	0.292582	0.22962649	0.0	0.0	0.0	0.0	0.23753972	0.0	0.0	0.14791271	0.0	0.42587492	0.22519557	0.45571557	0.0	0.2682646	0.0	0.0	0.0	0.0	0.06360734	0.0	0.10520109	0.0	0.0	0.0	0.0	0.5128066	0.0	0.0	0.0	0.21172541	0.0	0.0	0.0	0.430052	0.024760427	0.0	0.122915946	0.0	0.0	0.33282402	0.0	0.007510088	0.0	0.0	0.09204447	0.0	0.0	0.0	0.0	0.1006703	0.0	0.46282506	0.0	0.0	0.36609975	0.0	0.0
0.0	0.12569158	0.0	0.0	0.0	0.0	0.09639902	0.0	0.0	0.0	0.0	0.0	0.0	0.0	0.29183716	0.0	0.34892288	0.0	0.0	0.058358327	0.0	0.22857326	0.0	0.21994741	0.0	0.0	0.065439895	0.0	0.0	0.16134284	0.37688366	0.0	0.0	0.0	0.0	0.0	0.0	0.0	0.0	0.0	0.22373648	0.32553855	0.0	0.0	0.0	0.0	0.3606466	0.0	0.23980087	0.18451059	0.0	0.0	0.0	0.15284175	0.0	0.0	0.0	0.0	0.0	0.40233243	0.28350398	0.0	0.0	0.27255708	0.0	0.0	0.12357131	0.18642485	0.0	0.30087984	0.21531032	0.0	0.0	0.0	0.0	0.25535795	0.0	0.0	0.1597632	0.0	0.44824514	0.23898089	0.49186906	0.0	0.2814972	0.0	0.0	0.0	0.0	0.07333113	0.0	0.1256098	0.0	0.0	0.0	0.0	0.52288604	0.0	0.0	0.0	0.23477046	0.0	0.0	0.0	0.44827285	0.047404964	0.0	0.14384116	0.0	0.0	0.33831164	0.0	0.0046680314	0.0	0.0	0.08482424	0.0	0.0	0.0	0.0	0.1204747	0.0	0.48808384	0.0	0.0	0.39287207	0.0	0.0
0.0	0.121312894	0.0	0.0	0.0	0.0	0.072788455	0.0	0.0	0.0	0.0	0.0	0.0	0.0	0.24072242	0.0	0.2970841	0.0	0.0	0.0399595	0.0	0.19932275	0.0	0.19297032	0.0	0.0	0.04486138	0.0	0.0	0.124844454	0.37213874	0.0	0.0	0.0	0.0	0.0	0.0	0.0	0.0	0.0	0.20036888	0.29765373	0.0	0.0	0.0	0.0	0.34180853	0.0	0.2394418	0.16742605	0.0	0.0	0.0	0.13835016	0.0	0.0	0.0	0.0	0.0	0.39271346	0.26533997	0.0	0.0	0.22783975	0.0	0.0	0.13252427	0.17045861	0.0	0.28821126	0.22761755	0.0	0.0	0.0	0.0	0.23865207	0.0	0.0	0.1425016	0.0	0.41955963	0.21684892	0.44936064	0.0	0.26696822	0.0	0.0	0.0	0.0	0.062103525	0.0	0.10090292	0.0	0.0	0.0	0.0	0.51463926	0.0	0.0	0.0	0.20967592	0.0	0.0	0.0	0.42905322	0.021627063	0.0	0.1207517	0.0	0.0	0.33272734	0.0	0.0050652395	0.0	0.0	0.09092736	0.0	0.0	0.0	0.0	0.09860021	0.0	0.45686194	0.0	0.0	0.36227736	0.0	0.0
0.0	0.11378237	0.0	0.0	0.0	0.0	0.07210338	0.0	0.0	0.0	0.0	0.0	0.0	0.0	0.2555599	0.0	0.3177506	0.0	0.0	0.053130656	0.0	0.2281726	0.0	0.18823935	0.0	0.0	0.04669881	0.0	0.0	0.15253997	0.3851614	0.0	0.0	0.0	0.0	0.0	0.0	0.0	0.0	0.0	0.21854691	0.30983543	0.0	0.0	0.0	0.0	0.37009582	0.0	0.255648	0.18591256	0.0	0.0	0.0	0.15119042	0.0	0.0	0.0	0.0	0.0	0.40415654	0.2639289	0.0	0.0	0.25561517	0.0	0.0	0.1418726	0.19070484	0.0	0.3002807	0.23771493	0.0	0.0	0.0	0.0	0.23526621	0.0	0.0	0.15165015	0.0	0.43845645	0.23897354	0.4783747	0.0	0.2661562	0.0	0.0	0.0	0.0	0.06044453	0.0	0.113954775	0.0	0.0	0.0	0.0	0.5079596	0.0	0.0	0.0	0.20822482	0.0	0.0	0.0	0.44203854	0.032941762	0.0	0.121906154	0.0	0.0	0.34191763	0.0	0.004572932	0.0	0.0	0.08341122	0.0	0.0	0.0	0.0	0.10729452	0.0	0.46749294	0.0	0.0	0.3743987	0.0	0.0
0.0	0.116210185	0.0	0.0	0.0	0.0	0.06518761	0.0	0.0	0.0	0.0	0.0	0.0	0.0	0.2936822	0.0	0.3543129	0.0	0.0	0.06617675	0.0	0.2454438	0.0	0.18133979	0.0	0.0	0.0611449	0.0	0.0	0.19274831	0.39508104	0.0	0.0	0.0	0.0	0.0	0.0	0.0	0.0	0.0	0.23868172	0.3313406	0.0	0.0	0.0	0.0	0.39889362	0.0	0.2765767	0.23145331	0.0	0.0	0.0	0.16719468	0.0	0.0	0.0	0.0	0.0	0.41434535	0.2633377	0.0	0.0	0.3027223	0.0	0.0	0.16321623	0.2017622	0.0	0.3344784	0.2460754	0.0	0.0	0.0	0.0	0.24874873	0.0	0.0	0.17186384	0.0	0.45784715	0.280809	0.5293864	0.0	0.2602629	0.0	0.0	0.0	0.0	0.065145515	0.0	0.123031944	0.0	0.0	0.0	0.0	0.49951312	0.0	0.0	0.0	0.21775067	0.0	0.0	0.0	0.45948195	0.06689319	0.0	0.14062306	0.0	0.0	0.3335421	0.0	0.0014894424	0.0	0.0	0.07601812	0.0	0.0	0.0	0.0	0.115741044	0.0	0.48796043	0.0	0.0	0.3956252	0.0	0.0
0.0	0.1111674	0.0	0.0	0.0	0.0	0.064605646	0.0	0.0	0.0	0.0	0.0	0.0	0.0	0.23612261	0.0	0.28500643	0.0	0.0	0.036634613	0.0	0.20862007	0.0	0.17807953	0.0	0.0	0.03256899	0.0	0.0	0.12233361	0.37475812	0.0	0.0	0.0	0.0	0.0	0.0	0.0	0.0	0.0	0.20582283	0.28264084	0.0	0.0	0.0	0.0	0.3484229	0.0	0.23954667	0.16933686	0.0	0.0	0.0	0.13620353	0.0	0.0	0.0	0.0	0.0	0.38811028	0.252376	0.0	0.0	0.2280152	0.0	0.0	0.14064203	0.17501323	0.0	0.27913207	0.23270385	0.0	0.0	0.0	0.0	0.23140907	0.0	0.0	0.13658445	0.0	0.41397047	0.21197064	0.4443029	0.0	0.262562	0.0	0.0	0.0	0.0	0.055078134	0.0	0.10399058	0.0	0.0	0.0	0.0	0.5073404	0.0	0.0	0.0	0.20203267	0.0	0.0	0.0	0.43411005	0.015530442	0.0	0.11636957	0.0	0.0	0.34112546	0.0	0.0031966574	0.0	0.0	0.081935674	0.0	0.0	0.0	0.0	0.09678018	0.0	0.44166806	0.0	0.0	0.3541169	0.0	0.0
0.0	0.15247633	0.0	0.0	0.0	0.0	0.054245073	0.0	0.0	0.0	0.0	0.0	0.0	0.0	0.27455166	0.0	0.3600593	0.0	0.0	0.06744037	0.0	0.2204377	0.0	0.22603746	0.0	0.0	0.08093078	0.0	0.0	0.19455455	0.34855255	0.0	0.0	0.0	0.0	0.0	0.0	0.0	0.0	0.0	0.24407585	0.38868538	0.0	0.0	0.0	0.0	0.3553274	0.0	0.22761749	0.13952333	0.0	0.0	0.0	0.16059059	0.0	0.0	0.0	0.0	0.0	0.38511512	0.3293292	0.0	0.0	0.2863208	0.0	0.0	0.10572234	0.23564549	0.0	0.30485737	0.23644018	0.0	0.0	0.0	0.0	0.24458535	0.0	0.0	0.18851316	0.0	0.45506978	0.1838473	0.53155726	0.0	0.3219397	0.0	0.0	0.0	0.0	0.09171037	0.0	0.10446683	0.0	0.0	0.0	0.0	0.5600234	0.0	0.0	0.0	0.2356263	0.0	0.0	0.0	0.4908127	0.07354557	0.0	0.17745368	0.0	0.0	0.36912155	0.0	0.0	0.0	0.0	0.09638054	0.0	0.0	0.0	0.0	0.13282657	0.0	0.5194071	0.0	0.0	0.40392765	0.0	0.0
0.0	0.13865882	0.0	0.0	0.0	0.0	0.030781252	0.0	0.0	0.0	0.0	0.0	0.0	0.0	0.28357396	0.0	0.35111448	0.0	0.0	0.057720006	0.0	0.21264343	0.0	0.21275552	0.0	0.0	0.09961274	0.0	0.0	0.20208053	0.359527	0.0	0.0	0.0	0.0	0.0	0.0	0.0	0.0	0.0	0.2584875	0.38988733	0.0	0.0	0.0	0.0	0.3684201	0.0	0.22948535	0.15436836	0.0	0.0	0.0	0.18219544	0.0	0.0	0.0	0.0	0.0	0.3885841	0.33029786	0.0	0.0	0.29561308	0.0	0.0	0.11124733	0.23991054	0.0	0.31607094	0.23786056	0.0	0.0	0.0	0.0	0.24316458	0.0	0.0	0.19079857	0.0	0.47021225	0.18183218	0.5396387	0.0	0.3113246	0.0	0.0	0.0	0.0	0.10215088	0.0	0.10073797	0.0	0.0	0.0	0.0	0.5513248	0.0	0.0	0.0	0.2363223	0.0	0.0	0.0	0.5069714	0.087546	0.0	0.17776716	0.0	0.0	0.35901105	0.0	0.0	0.0	0.0	0.08992961	0.0	0.0	0.0	0.0	0.13477564	0.0	0.4993037	0.0	0.0	0.40336904	0.0	0.0
0.0	0.1702799	0.0	0.0	0.0	0.0	0.07751881	0.0	0.0	0.0	0.0	0.0	0.0	0.0	0.2849818	0.0	0.3875949	0.0	0.0	0.08305163	0.0	0.23826522	0.0	0.25357854	0.0	0.0	0.08999384	0.0	0.0	0.2095468	0.35181484	0.0	0.0	0.0	0.0	0.0	0.0	0.0	0.0	0.0	0.25961223	0.40759006	0.0	0.0	0.0	0.0	0.35014868	0.0	0.24371599	0.14091955	0.0	0.0	0.0	0.1689031	0.0	0.0	0.0	0.0	0.0	0.3959446	0.34021154	0.0	0.0	0.3056695	0.0	0.0	0.10109993	0.24549288	0.0	0.31538936	0.23629612	0.0	0.0	0.0	0.0	0.2545037	0.0	0.0	0.19754218	0.0	0.45826176	0.20305747	0.5578468	0.0	0.32995403	0.0	0.0	0.0	0.0	0.10240015	0.0	0.11238637	0.0	0.0	0.0	0.0	0.55227345	0.0	0.0	0.0	0.25187644	0.0	0.0	0.0	0.4935634	0.079909146	0.0	0.18344384	0.0	0.0	0.37300923	0.0	0.0	0.0	0.0	0.09985542	0.0	0.0	0.0	0.0	0.14426632	0.0	0.5500414	0.0	0.0	0.4278663	0.0	0.0
0.0	0.14874454	0.0	0.0	0.0	0.0	0.042408954	0.0	0.0	0.0	0.0	0.0	0.0	0.0	0.2860745	0.0	0.36809644	0.0	0.0	0.06511213	0.0	0.22074895	0.0	0.22034955	0.0	0.0	0.116994716	0.0	0.0	0.21652396	0.35886678	0.0	0.0	0.0	0.0	0.0	0.0	0.0	0.0	0.0	0.27064127	0.41151157	0.0	0.0	0.0	0.0	0.3654411	0.0	0.2468033	0.16221462	0.0	0.0	0.0	0.19343488	0.0	0.0	0.0	0.0	0.0	0.39735714	0.35007372	0.0	0.0	0.30776918	0.0	0.0	0.11156485	0.25563654	0.0	0.32521394	0.23220639	0.0	0.0	0.0	0.0	0.2465175	0.0	0.0	0.20852613	0.0	0.47959518	0.19298403	0.5637434	0.0	0.3241097	0.0	0.0	0.0	0.0	0.104231514	0.0	0.10039865	0.0	0.0	0.0	0.0	0.54831475	0.0	0.0	0.0	0.24597983	0.0	0.0	0.0	0.5110274	0.09460869	0.0	0.1863962	0.0	0.0	0.36208776	0.0	0.0	0.0	0.0	0.09683382	0.0	0.0	0.0	0.0	0.13513269	0.0	0.522536	0.0	0.0	0.41211393	0.0	0.0
0.0	0.14360261	0.0	0.0	0.0	0.0	0.050536502	0.0	0.0	0.0	0.0	0.0	0.0	0.0	0.27051142	0.0	0.3345448	0.0	0.0	0.062001538	0.0	0.19625057	0.0	0.2205529	0.0	0.0	0.09539216	0.0	0.0	0.18647261	0.3554949	0.0	0.0	0.0	0.0	0.0	0.0	0.0	0.0	0.0	0.24772702	0.38614073	0.0	0.0	0.0	0.0	0.3464502	0.0	0.22987024	0.14536545	0.0	0.0	0.0	0.18497325	0.0	0.0	0.0	0.0	0.0	0.3956121	0.33116525	0.0	0.0	0.27555183	0.0	0.0	0.09905521	0.23115318	0.0	0.31019175	0.22845036	0.0	0.0	0.0	0.0	0.24917965	0.0	0.0	0.18367405	0.0	0.46939698	0.18466592	0.52594405	0.0	0.31106904	0.0	0.0	0.0	0.0	0.09576502	0.0	0.09321461	0.0	0.0	0.0	0.0	0.55307287	0.0	0.0	0.0	0.2330174	0.0	0.0	0.0	0.49062702	0.07877991	0.0	0.15577547	0.0	0.0	0.34993002	0.0	0.0	0.0	0.0	0.10434782	0.0	0.0	0.0	0.0	0.12738521	0.0	0.5026482	0.0	0.0	0.39263836	0.0	0.0
0.0	0.16661221	0.0	0.0	0.0	0.0	0.088507146	0.0	0.0	0.0	0.0	0.0	0.0	0.0	0.3252233	0.0	0.4443551	0.0	0.0	0.090939164	0.0	0.2733936	0.0	0.22277792	0.0	0.0	0.12449782	0.0	0.0	0.26988128	0.3731521	0.0	0.0	0.0	0.0	0.0	0.0	0.0	0.0	0.0	0.2891042	0.4165224	0.0	0.0	0.0	0.0	0.38090733	0.0	0.28584784	0.2327466	0.0	0.0	0.0	0.19307601	0.0	0.0	0.0	0.0	0.0	0.4113029	0.31436983	0.0	0.0	0.38611093	0.0	0.0	0.12853901	0.25480506	0.0	0.36737356	0.24237593	0.0	0.0	0.0	0.0	0.2716745	0.0	0.0	0.23021571	0.0	0.47162154	0.27726448	0.64318347	0.0	0.31972542	0.0	0.0	0.0	0.0	0.10346484	0.0	0.13619319	0.0	0.0	0.0	0.0	0.51645106	0.0	0.0	0.0	0.2599746	0.0	0.0	0.0	0.51588535	0.124387324	0.0	0.21144044	0.0	0.0	0.34318945	0.0	0.0	0.0	0.0	0.08369776	0.0	0.0	0.0	0.0	0.16606247	0.0	0.5876833	0.0	0.0	0.4555237	0.0	0.0
0.0	0.1582485	0.0	0.0	0.0	0.0	0.086593054	0.0	0.0	0.0	0.0	0.0	0.0	0.0	0.30289954	0.0	0.38854444	0.0	0.0	0.07220041	0.0	0.232444	0.0	0.24824739	0.0	0.0	0.10260599	0.0	0.0	0.20227273	0.36127928	0.0	0.0	0.0	0.0	0.0	0.0	0.0	0.0	0.0	0.25344923	0.39388084	0.0	0.0	0.0	0.0	0.35321453	0.0	0.23592776	0.16159983	0.0	0.0	0.0	0.18381251	0.0	0.0	0.0	0.0	0.0	0.3979706	0.33364296	0.0	0.0	0.30728528	0.0	0.0	0.09826005	0.234176	0.0	0.32453313	0.22237034	0.0	0.0	0.0	0.0	0.25931287	0.0	0.0	0.19277179	0.0	0.47700882	0.21754579	0.5538056	0.0	0.31831744	0.0	0.0	0.0	0.0	0.10274714	0.0	0.11343823	0.0	0.0	0.0	0.0	0.55022925	0.0	0.0	0.0	0.25331995	0.0	0.0	0.0	0.4920509	0.09283003	0.0	0.17845307	0.0	0.0	0.35546795	0.0	0.0	0.0	0.0	0.09533792	0.0	0.0	0.0	0.0	0.14651255	0.0	0.53387386	0.0	0.0	0.42832223	0.0	0.0
0.0	0.13660319	0.0	0.0	0.0	0.0	0.03816413	0.0	0.0	0.0	0.0	0.0	0.0	0.0	0.2810993	0.0	0.34718886	0.0	0.0	0.05839218	0.0	0.21644396	0.0	0.2133178	0.0	0.0	0.097344466	0.0	0.0	0.20065808	0.36025086	0.0	0.0	0.0	0.0	0.0	0.0	0.0	0.0	0.0	0.25597015	0.3935033	0.0	0.0	0.0	0.0	0.36392868	0.0	0.23515709	0.15487182	0.0	0.0	0.0	0.17725807	0.0	0.0	0.0	0.0	0.0	0.38525274	0.32745847	0.0	0.0	0.29220954	0.0	0.0	0.10532852	0.23991041	0.0	0.3113701	0.2363606	0.0	0.0	0.0	0.0	0.24180265	0.0	0.0	0.1928873	0.0	0.47168684	0.18531425	0.5367305	0.0	0.3137685	0.0	0.0	0.0	0.0	0.100850284	0.0	0.10134704	0.0	0.0	0.0	0.0	0.55319923	0.0	0.0	0.0	0.23237212	0.0	0.0	0.0	0.5053938	0.08580464	0.0	0.17763247	0.0	0.0	0.35543466	0.0	0.0	0.0	0.0	0.09012785	0.0	0.0	0.0	0.0	0.13136953	0.0	0.50326365	0.0	0.0	0.3994825	0.0	0.0
0.0	0.15336734	0.0	0.0	0.0	0.0	0.06362258	0.0	0.0	0.0	0.0	0.0	0.0	0.0	0.28001758	0.0	0.3655785	0.0	0.0	0.07388348	0.0	0.21915014	0.0	0.23967578	0.0	0.0	0.09162045	0.0	0.0	0.19592221	0.3540113	0.0	0.0	0.0	0.0	0.0	0.0	0.0	0.0	0.0	0.25216582	0.39142105	0.0	0.0	0.0	0.0	0.34762967	0.0	0.23077543	0.14740251	0.0	0.0	0.0	0.17340033	0.0	0.0	0.0	0.0	0.0	0.38279238	0.33748305	0.0	0.0	0.28877726	0.0	0.0	0.09902652	0.2354939	0.0	0.31170693	0.23240395	0.0	0.0	0.0	0.0	0.25299847	0.0	0.0	0.18351434	0.0	0.46582755	0.19099037	0.53992534	0.0	0.32079002	0.0	0.0	0.0	0.0	0.09526047	0.0	0.10313206	0.0	0.0	0.0	0.0	0.55482006	0.0	0.0	0.0	0.24197786	0.0	0.0	0.0	0.48817047	0.07857498	0.0	0.16730107	0.0	0.0	0.3597891	0.0	0.0	0.0	0.0	0.10331655	0.0	0.0	0.0	0.0	0.13878186	0.0	0.52651066	0.0	0.0	0.40924668	0.0	0.0
0.0	0.13973862	0.0	0.0	0.0	0.0	0.049248945	0.0	0.0	0.0	0.0	0.0	0.0	0.0	0.29830757	0.0	0.38731518	0.0	0.0	0.091863394	0.0	0.2616292	0.0	0.20609088	0.0	0.0	0.09092718	0.0	0.0	0.22985919	0.3719696	0.0	0.0	0.0	0.0	0.0	0.0	0.0	0.0	0.0	0.27837476	0.3837154	0.0	0.0	0.0	0.0	0.3954953	0.0	0.27909154	0.20307183	0.0	0.0	0.0	0.18294543	0.0	0.0	0.0	0.0	0.0	0.41106245	0.30182466	0.0	0.0	0.32880536	0.0	0.0	0.14430675	0.24915195	0.0	0.33866295	0.25929922	0.0	0.0	0.0	0.0	0.25435892	0.0	0.0	0.19453831	0.0	0.46283093	0.2421378	0.5892562	0.0	0.31410185	0.0	0.0	0.0	0.0	0.08172711	0.0	0.12610926	0.0	0.0	0.0	0.0	0.5298671	0.0	0.0	0.0	0.23632564	0.0	0.0	0.0	0.49478564	0.08121852	0.0	0.16829278	0.0	0.0	0.36128715	0.0	0.0	0.0	0.0	0.08345908	0.0	0.0	0.0	0.0	0.14674394	0.0	0.54073334	0.0	0.0	0.42411122	0.0	0.0
0.0	0.127519	0.0	0.0	0.0	0.0	0.038015414	0.0	0.0	0.0	0.0	0.0	0.0	0.0	0.2984915	0.0	0.37617698	0.0	0.0	0.07623443	0.0	0.24220091	0.0	0.20402963	0.0	0.0	0.10120582	0.0	0.0	0.22456968	0.3743268	0.0	0.0	0.0	0.0	0.0	0.0	0.0	0.0	0.0	0.26539943	0.39153576	0.0	0.0	0.0	0.0	0.39465716	0.0	0.26630732	0.20567292	0.0	0.0	0.0	0.1875002	0.0	0.0	0.0	0.0	0.0	0.41162166	0.30741635	0.0	0.0	0.31578922	0.0	0.0	0.15314637	0.23716219	0.0	0.34783578	0.25819176	0.0	0.0	0.0	0.0	0.25058332	0.0	0.0	0.1926619	0.0	0.48109445	0.24149616	0.5620768	0.0	0.29811922	0.0	0.0	0.0	0.0	0.08874172	0.0	0.11494126	0.0	0.0	0.0	0.0	0.5288263	0.0	0.0	0.0	0.22961175	0.0	0.0	0.0	0.4905782	0.0974234	0.0	0.17271268	0.0	0.0	0.34863713	0.0	0.0	0.0	0.0	0.08036076	0.0	0.0	0.0	0.0	0.13665806	0.0	0.5188269	0.0	0.0	0.4183581	0.0	0.0
0.0	0.15395801	0.0	0.0	0.0	0.0	0.045376014	0.0	0.0	0.0	0.0	0.0	0.0	0.0	0.26762384	0.0	0.35643768	0.0	0.0	0.06381727	0.0	0.19943523	0.0	0.22913103	0.0	0.0	0.10851856	0.0	0.0	0.20942032	0.3508494	0.0	0.0	0.0	0.0	0.0	0.0	0.0	0.0	0.0	0.25406206	0.4296473	0.0	0.0	0.0	0.0	0.3457745	0.0	0.22962393	0.13216303	0.0	0.0	0.0	0.17966701	0.0	0.0	0.0	0.0	0.0	0.38811705	0.3576754	0.0	0.0	0.29138455	0.0	0.0	0.097225435	0.24913599	0.0	0.31720832	0.23876904	0.0	0.0	0.0	0.0	0.24530794	0.0	0.0	0.20656826	0.0	0.47659722	0.16365935	0.54572755	0.0	0.32680342	0.0	0.0	0.0	0.0	0.11028644	0.0	0.093059115	0.0	0.0	0.0	0.0	0.56780535	0.0	0.0	0.0	0.24122564	0.0	0.0	0.0	0.5102136	0.09865233	0.0	0.19249828	0.0	0.0	0.3620824	0.0	0.0	0.0	0.0	0.107777424	0.0	0.0	0.0	0.0	0.13178258	0.0	0.5272464	0.0	0.0	0.4092618	0.0	0.0
0.0	0.1564811	0.0	0.0	0.0	0.0	0.07305771	0.0	0.0	0.0	0.0	0.0	0.0	0.0	0.2764127	0.0	0.37852344	0.0	0.0	0.06674865	0.0	0.23446952	0.0	0.2469651	0.0	0.0	0.07715209	0.0	0.0	0.19067623	0.37920725	0.0	0.0	0.0	0.0	0.0	0.0	0.0	0.0	0.0	0.23918867	0.38431326	0.0	0.0	0.0	0.0	0.3715278	0.0	0.25713277	0.1630783	0.0	0.0	0.0	0.17518945	0.0	0.0	0.0	0.0	0.0	0.3992633	0.32369766	0.0	0.0	0.29646233	0.0	0.0	0.108657144	0.21300268	0.0	0.32892907	0.24239017	0.0	0.0	0.0	0.0	0.261515	0.0	0.0	0.19830196	0.0	0.44750467	0.21117735	0.5420575	0.0	0.31735417	0.0	0.0	0.0	0.0	0.08779752	0.0	0.124786474	0.0	0.0	0.0	0.0	0.5569235	0.0	0.0	0.0	0.26132825	0.0	0.0	0.0	0.48217615	0.06909446	0.0	0.18327604	0.0	0.0	0.35402474	0.0	0.014154871	0.0	0.0	0.09131276	0.0	0.0	0.0	0.0	0.1351993	0.0	0.5533254	0.0	0.0	0.4331623	0.0	0.0
0.0	0.14951448	0.0	0.0	0.0	0.0	0.039977103	0.0	0.0	0.0	0.0	0.0	0.0	0.0	0.2598352	0.0	0.35621306	0.0	0.0	0.065059446	0.0	0.19639337	0.0	0.2142274	0.0	0.0	0.10785669	0.0	0.0	0.22047698	0.35286605	0.0	0.0	0.0	0.0	0.0	0.0	0.0	0.0	0.0	0.2559828	0.43612924	0.0	0.0	0.0	0.0	0.36330268	0.0	0.24324818	0.14190437	0.0	0.0	0.0	0.17625107	0.0	0.0	0.0	0.0	0.0	0.3927388	0.35277185	0.0	0.0	0.2926778	0.0	0.0	0.11707213	0.2508062	0.0	0.3237959	0.2464692	0.0	0.0	0.0	0.0	0.23829018	0.0	0.0	0.2128873	0.0	0.47078085	0.16898441	0.5501028	0.0	0.3239752	0.0	0.0	0.0	0.0	0.107083015	0.0	0.09451059	0.0	0.0	0.0	0.0	0.56533474	0.0	0.0	0.0	0.23704578	0.0	0.0	0.0	0.51034296	0.09744876	0.0	0.1965309	0.0	0.0	0.36544237	0.0	0.0	0.0	0.0	0.10559552	0.0	0.0	0.0	0.0	0.12091335	0.0	0.52562004	0.0	0.0	0.40882912	0.0	0.0
0.0	0.15159225	0.0	0.0	0.0	0.0	0.07080222	0.0	0.0	0.0	0.0	0.0	0.0	0.0	0.28763002	0.0	0.38089117	0.0	0.0	0.07169116	0.0	0.24235125	0.0	0.23524804	0.0	0.0	0.082950376	0.0	0.0	0.19954304	0.3678404	0.0	0.0	0.0	0.0	0.0	0.0	0.0	0.0	0.0	0.24238677	0.39347386	0.0	0.0	0.0	0.0	0.3629466	0.0	0.2505975	0.16774137	0.0	0.0	0.0	0.16854703	0.0	0.0	0.0	0.0	0.0	0.4008408	0.31953308	0.0	0.0	0.30189922	0.0	0.0	0.11478882	0.22847629	0.0	0.31963667	0.23726732	0.0	0.0	0.0	0.0	0.2491102	0.0	0.0	0.1943589	0.0	0.4629598	0.2237277	0.54766256	0.0	0.3070293	0.0	0.0	0.0	0.0	0.09111621	0.0	0.121172525	0.0	0.0	0.0	0.0	0.54367906	0.0	0.0	0.0	0.23824008	0.0	0.0	0.0	0.48260048	0.08103026	0.0	0.18172312	0.0	0.0	0.35847247	0.0	0.0008046149	0.0	0.0	0.0929262	0.0	0.0	0.0	0.0	0.13895464	0.0	0.53775495	0.0	0.0	0.4206109	0.0	0.0
0.0	0.1553266	0.0	0.0	0.0	0.0	0.064916044	0.0	0.0	0.0	0.0	0.0	0.0	0.0	0.25314692	0.0	0.35767022	0.0	0.0	0.05831534	0.0	0.22183335	0.0	0.22469479	0.0	0.0	0.082124926	0.0	0.0	0.2034084	0.36187997	0.0	0.0	0.0	0.0	0.0	0.0	0.0	0.0	0.0	0.24947746	0.40546215	0.0	0.0	0.0	0.0	0.35051993	0.0	0.24513847	0.14179276	0.0	0.0	0.0	0.16472049	0.0	0.0	0.0	0.0	0.0	0.38912138	0.33467782	0.0	0.0	0.29681465	0.0	0.0	0.09957307	0.24313866	0.0	0.31196943	0.25156254	0.0	0.0	0.0	0.0	0.24147709	0.0	0.0	0.20238686	0.0	0.4515976	0.18334456	0.54380745	0.0	0.31533948	0.0	0.0	0.0	0.0	0.09426356	0.0	0.109064996	0.0	0.0	0.0	0.0	0.5517853	0.0	0.0	0.0	0.23095794	0.0	0.0	0.0	0.49709973	0.07890727	0.0	0.18833281	0.0	0.0	0.36538208	0.0	0.0	0.0	0.0	0.10093984	0.0	0.0	0.0	0.0	0.13844629	0.0	0.53762704	0.0	0.0	0.4083021	0.0	0.0
0.0	0.17414677	0.0	0.0	0.0	0.0	0.035774264	0.0	0.0	0.0	0.0	0.0	0.0	0.0	0.3049502	0.0	0.38936225	0.0	0.0	0.07308971	0.0	0.19503571	0.0	0.26625937	0.0	0.0	0.13304469	0.0	0.0	0.22281949	0.32846567	0.0	0.0	0.0	0.0	0.0	0.0	0.0	0.0	0.0	0.27140605	0.45128903	0.0	0.0	0.0	0.0	0.33634403	0.0	0.20532866	0.105316184	0.0	0.0	0.0	0.18743807	0.0	0.0	0.0	0.0	0.0	0.367955	0.39033642	0.0	0.0	0.31233767	0.0	0.0	0.06597213	0.26544634	0.0	0.31776005	0.2259125	0.0	0.0	0.0	0.0	0.26469	0.0	0.0	0.2143063	0.0	0.48983493	0.13925177	0.57464594	0.0	0.35871163	0.0	0.0	0.0	0.0	0.13139528	0.0	0.0858229	0.0	0.0	0.0	0.0	0.5996593	0.0	0.0	0.0	0.2613835	0.0	0.0	0.0	0.532241	0.11704468	0.0	0.20327343	0.0	0.0	0.37322477	0.0	0.0	0.0	0.0	0.110868305	0.0	0.0	0.0	0.0	0.15403242	0.0	0.5441595	0.0	0.0	0.43152598	0.0	0.0
0.0	0.14829676	0.0	0.0	0.0	0.0	0.06840253	0.0	0.0	0.0	0.0	0.0	0.0	0.0	0.2829425	0.0	0.36388448	0.0	0.0	0.068118654	0.0	0.2285049	0.0	0.237149	0.0	0.0	0.07159503	0.0	0.0	0.1853716	0.35811934	0.0	0.0	0.0	0.0	0.0	0.0	0.0	0.0	0.0	0.24227886	0.36495385	0.0	0.0	0.0	0.0	0.35328433	0.0	0.22634031	0.1541105	0.0	0.0	0.0	0.1572963	0.0	0.0	0.0	0.0	0.0	0.38763487	0.3097916	0.0	0.0	0.2833701	0.0	0.0	0.10960453	0.21931136	0.0	0.3089207	0.23275863	0.0	0.0	0.0	0.0	0.2544684	0.0	0.0	0.17303085	0.0	0.45538116	0.20674628	0.5190359	0.0	0.30559692	0.0	0.0	0.0	0.0	0.0879847	0.0	0.11032417	0.0	0.0	0.0	0.0	0.5433036	0.0	0.0	0.0	0.23999763	0.0	0.0	0.0	0.47709426	0.0703972	0.0	0.16321422	0.0	0.0	0.35996976	0.0	0.00253346	0.0	0.0	0.094728805	0.0	0.0	0.0	0.0	0.13550524	0.0	0.51664215	0.0	0.0	0.4065098	0.0	0.0
0.0	0.13745572	0.0	0.0	0.0	0.0	0.02822283	0.0	0.0	0.0	0.0	0.0	0.0	0.0	0.30512956	0.0	0.37764	0.0	0.0	0.07391349	0.0	0.23626328	0.0	0.22082555	0.0	0.0	0.11486944	0.0	0.0	0.22709174	0.359933	0.0	0.0	0.0	0.0	0.0	0.0	0.0	0.0	0.0	0.2707943	0.40980086	0.0	0.0	0.0	0.0	0.38289586	0.0	0.24628371	0.17007935	0.0	0.0	0.0	0.18921506	0.0	0.0	0.0	0.0	0.0	0.39585376	0.3338051	0.0	0.0	0.3191993	0.0	0.0	0.12031665	0.25109318	0.0	0.33007354	0.24631195	0.0	0.0	0.0	0.0	0.25300506	0.0	0.0	0.19966011	0.0	0.48461917	0.19892108	0.5717059	0.0	0.32384476	0.0	0.0	0.0	0.0	0.10236964	0.0	0.10501652	0.0	0.0	0.0	0.0	0.5589278	0.0	0.0	0.0	0.23834515	0.0	0.0	0.0	0.5110906	0.10153514	0.0	0.18358304	0.0	0.0	0.35907003	0.0	0.0	0.0	0.0	0.08787093	0.0	0.0	0.0	0.0	0.14631104	0.0	0.5210174	0.0	0.0	0.42122427	0.0	0.0
0.0	0.16174851	0.0	0.0	0.0	0.0	0.049091715	0.0	0.0	0.0	0.0	0.0	0.0	0.0	0.28156224	0.0	0.379496	0.0	0.0	0.072676845	0.0	0.22261332	0.0	0.23453347	0.0	0.0	0.11772323	0.0	0.0	0.22124769	0.35473278	0.0	0.0	0.0	0.0	0.0	0.0	0.0	0.0	0.0	0.2663145	0.43843022	0.0	0.0	0.0	0.0	0.35415018	0.0	0.24016614	0.13461582	0.0	0.0	0.0	0.18627268	0.0	0.0	0.0	0.0	0.0	0.39307073	0.35709035	0.0	0.0	0.31489292	0.0	0.0	0.09630854	0.26164255	0.0	0.32299384	0.242155	0.0	0.0	0.0	0.0	0.24544466	0.0	0.0	0.21224613	0.0	0.4733506	0.17306311	0.5738325	0.0	0.341838	0.0	0.0	0.0	0.0	0.11305966	0.0	0.1005998	0.0	0.0	0.0	0.0	0.57164097	0.0	0.0	0.0	0.24701947	0.0	0.0	0.0	0.5226281	0.101795435	0.0	0.20211272	0.0	0.0	0.3688589	0.0	0.0	0.0	0.0	0.10561254	0.0	0.0	0.0	0.0	0.14105074	0.0	0.54487634	0.0	0.0	0.42583117	0.0	0.0
0.0	0.14856617	0.0	0.0	0.0	0.0	0.065088145	0.0	0.0	0.0	0.0	0.0	0.0	0.0	0.2532433	0.0	0.35832882	0.0	0.0	0.07086259	0.0	0.22104754	0.0	0.22004814	0.0	0.0	0.09012333	0.0	0.0	0.20703423	0.35958895	0.0	0.0	0.0	0.0	0.0	0.0	0.0	0.0	0.0	0.2607737	0.39462087	0.0	0.0	0.0	0.0	0.35650253	0.0	0.2499926	0.14215417	0.0	0.0	0.0	0.16971207	0.0	0.0	0.0	0.0	0.0	0.39422926	0.33589768	0.0	0.0	0.28660223	0.0	0.0	0.10870236	0.25249484	0.0	0.31364015	0.2597529	0.0	0.0	0.0	0.0	0.23776948	0.0	0.0	0.19365998	0.0	0.45183346	0.18092966	0.5384026	0.0	0.331138	0.0	0.0	0.0	0.0	0.095029764	0.0	0.109125555	0.0	0.0	0.0	0.0	0.5554754	0.0	0.0	0.0	0.23793022	0.0	0.0	0.0	0.49964038	0.072898395	0.0	0.18396837	0.0	0.0	0.37162292	0.0	0.0	0.0	0.0	0.096279345	0.0	0.0	0.0	0.0	0.12613338	0.0	0.53396446	0.0	0.0	0.4135697	0.0	0.0
0.0	0.1480817	0.0	0.0	0.0	0.0	0.047782224	0.0	0.0	0.0	0.0	0.0	0.0	0.0	0.30159256	0.0	0.37805238	0.0	0.0	0.06713958	0.0	0.23227167	0.0	0.22903895	0.0	0.0	0.113483466	0.0	0.0	0.2150882	0.3654653	0.0	0.0	0.0	0.0	0.0	0.0	0.0	0.0	0.0	0.2688798	0.40795004	0.0	0.0	0.0	0.0	0.36685058	0.0	0.24581154	0.16680664	0.0	0.0	0.0	0.19449776	0.0	0.0	0.0	0.0	0.0	0.39981094	0.33995572	0.0	0.0	0.3178791	0.0	0.0	0.10772561	0.24614875	0.0	0.32727894	0.23397069	0.0	0.0	0.0	0.0	0.25348958	0.0	0.0	0.20440654	0.0	0.48309836	0.20518498	0.56616044	0.0	0.3211637	0.0	0.0	0.0	0.0	0.10715159	0.0	0.1088838	0.0	0.0	0.0	0.0	0.5536311	0.0	0.0	0.0	0.24564226	0.0	0.0	0.0	0.51169205	0.1006062	0.0	0.19041963	0.0	0.0	0.35418916	0.0	0.0	0.0	0.0	0.09319395	0.0	0.0	0.0	0.0	0.1423709	0.0	0.5241979	0.0	0.0	0.42474556	0.0	0.0
0.0	0.1393864	0.0	0.0	0.0	0.0	0.005605561	0.0	0.0	0.0	0.0	0.0	0.0	0.0	0.3184782	0.0	0.41936755	0.0	0.0	0.06469916	0.0	0.24892668	0.0	0.18905981	0.0	0.0	0.14329211	0.0	0.0	0.27091762	0.36476156	0.0	0.0	0.0	0.0	0.0	0.0	0.0	0.0	0.0	0.30449164	0.41290167	0.0	0.0	0.0	0.0	0.39980736	0.0	0.27790198	0.23525107	0.0	0.0	0.0	0.20193303	0.0	0.0	0.0	0.0	0.0	0.39954862	0.32134435	0.0	0.0	0.3863275	0.0	0.0	0.15999493	0.27998975	0.0	0.37841812	0.27353156	0.0	0.0	0.0	0.0	0.2506317	0.0	0.0	0.2332476	0.0	0.49432036	0.25392452	0.63936716	0.0	0.3171985	0.0	0.0	0.0	0.0	0.11644461	0.0	0.124964304	0.0	0.0	0.0	0.0	0.50279266	0.0	0.0	0.0	0.23933943	0.0	0.0	0.0	0.53834254	0.13720243	0.0	0.21941982	0.0	0.0	0.34664083	0.0	0.0	0.0	0.0	0.08216658	0.0	0.0	0.0	0.0	0.16129743	0.0	0.53417647	0.0	0.0	0.42197046	0.0	0.0
0.0	0.14129198	0.0	0.0	0.0	0.0	0.051759224	0.0	0.0	0.0	0.0	0.0	0.0	0.0	0.27353424	0.0	0.3489082	0.0	0.0	0.069941536	0.0	0.22950141	0.0	0.22458094	0.0	0.0	0.08901129	0.0	0.0	0.19205444	0.36812928	0.0	0.0	0.0	0.0	0.0	0.0	0.0	0.0	0.0	0.25200537	0.38543773	0.0	0.0	0.0	0.0	0.3573639	0.0	0.24096797	0.15416622	0.0	0.0	0.0	0.17608237	0.0	0.0	0.0	0.0	0.0	0.39625594	0.31883368	0.0	0.0	0.2936609	0.0	0.0	0.10383054	0.23883116	0.0	0.31159025	0.24456964	0.0	0.0	0.0	0.0	0.24602135	0.0	0.0	0.18285029	0.0	0.46040443	0.19057333	0.5358549	0.0	0.31287298	0.0	0.0	0.0	0.0	0.08819068	0.0	0.10780654	0.0	0.0	0.0	0.0	0.550713	0.0	0.0	0.0	0.2296501	0.0	0.0	0.0	0.4952725	0.075075	0.0	0.16517302	0.0	0.0	0.35999408	0.0	0.0	0.0	0.0	0.09897257	0.0	0.0	0.0	0.0	0.14035918	0.0	0.5171433	0.0	0.0	0.40688595	0.0	0.0
0.0	0.1578437	0.0	0.0	0.0	0.0	0.07135111	0.0	0.0	0.0	0.0	0.0	0.0	0.0	0.3066971	0.0	0.3903308	0.0	0.0	0.078537166	0.0	0.2347744	0.0	0.24674006	0.0	0.0	0.11361914	0.0	0.0	0.21697323	0.35903707	0.0	0.0	0.0	0.0	0.0	0.0	0.0	0.0	0.0	0.26666328	0.41377953	0.0	0.0	0.0	0.0	0.3571137	0.0	0.24454896	0.15973769	0.0	0.0	0.0	0.19122107	0.0	0.0	0.0	0.0	0.0	0.3943322	0.34877673	0.0	0.0	0.31816417	0.0	0.0	0.09235103	0.2445796	0.0	0.32427815	0.2272315	0.0	0.0	0.0	0.0	0.26165542	0.0	0.0	0.20025186	0.0	0.4816486	0.20747815	0.5761095	0.0	0.3296068	0.0	0.0	0.0	0.0	0.107155405	0.0	0.10923449	0.0	0.0	0.0	0.0	0.56054616	0.0	0.0	0.0	0.25295836	0.0	0.0	0.0	0.5091006	0.09636123	0.0	0.18410897	0.0	0.0	0.35045946	0.0	0.0	0.0	0.0	0.0960322	0.0	0.0	0.0	0.0	0.1516013	0.0	0.54311705	0.0	0.0	0.43398497	0.0	0.0
0.0	0.11862273	0.0	0.0	0.0	0.0	0.075860195	0.0	0.0	0.0	0.0	0.0	0.0	0.0	0.26580182	0.0	0.3151798	0.0	0.0	0.048771918	0.0	0.20262305	0.0	0.21279283	0.0	0.0	0.058246534	0.0	0.0	0.14276616	0.3764205	0.0	0.0	0.0	0.0	0.0	0.0	0.0	0.0	0.0	0.21938586	0.31793758	0.0	0.0	0.0	0.0	0.34304133	0.0	0.22735788	0.16894324	0.0	0.0	0.0	0.14933045	0.0	0.0	0.0	0.0	0.0	0.39385983	0.28345126	0.0	0.0	0.24746089	0.0	0.0	0.11683977	0.1861612	0.0	0.29643798	0.22036631	0.0	0.0	0.0	0.0	0.24852848	0.0	0.0	0.14852647	0.0	0.44862247	0.21628256	0.4654355	0.0	0.2738939	0.0	0.0	0.0	0.0	0.074152805	0.0	0.1054326	0.0	0.0	0.0	0.0	0.5198675	0.0	0.0	0.0	0.2175209	0.0	0.0	0.0	0.44965434	0.04401825	0.0	0.13121893	0.0	0.0	0.33206746	0.0	0.004246294	0.0	0.0	0.094329566	0.0	0.0	0.0	0.0	0.111400485	0.0	0.4618632	0.0	0.0	0.37289023	0.0	0.0
0.0	0.12731285	0.0	0.0	0.0	0.0	0.105461895	0.0	0.0	0.0	0.0	0.0	0.0	0.0	0.3272051	0.0	0.38860154	0.0	0.0	0.06744621	0.0	0.25394627	0.0	0.22848184	0.0	0.0	0.09148284	0.0	0.0	0.20187736	0.3961234	0.0	0.0	0.0	0.0	0.0	0.0	0.0	0.0	0.0	0.25590646	0.36193976	0.0	0.0	0.0	0.0	0.3773941	0.0	0.26696357	0.21205367	0.0	0.0	0.0	0.18741733	0.0	0.0022205908	0.0	0.0	0.0	0.41014826	0.301632	0.0	0.0	0.32777777	0.0	0.0	0.11591425	0.20242901	0.0	0.32799354	0.22101514	0.0	0.0	0.0	0.0	0.270768	0.0	0.0	0.18027572	0.0	0.47955135	0.26232278	0.55889255	0.0	0.29584914	0.0	0.0	0.0	0.0	0.08750383	0.0	0.13079618	0.0	0.0	0.0	0.0	0.53439575	0.0	0.0	0.0	0.24418621	0.0	0.0	0.0	0.48267603	0.07516402	0.0	0.15350908	0.0	0.0	0.3234131	0.0	0.0027537935	0.0	0.0	0.083869316	0.0	0.0	0.0	0.0	0.14171223	0.0	0.5232892	0.0	0.0	0.42560944	0.0	0.0
0.0	0.1314115	0.0	0.0	0.0	0.0	0.10657424	0.0	0.0	0.0	0.0	0.0	0.0	0.0	0.307669	0.0	0.3746048	0.0	0.0	0.062265474	0.0	0.2347076	0.0	0.24135868	0.0	0.0	0.08130048	0.0	0.0	0.17365025	0.38507435	0.0	0.0	0.0	0.0	0.0	0.0	0.0	0.0	0.0	0.23776822	0.35399303	0.0	0.0	0.0	0.0	0.357519	0.0	0.24771655	0.19189382	0.0	0.0	0.0	0.17845595	0.0	0.0	0.0	0.0	0.0	0.408806	0.30582723	0.0	0.0	0.2923408	0.0	0.0	0.10876412	0.19695234	0.0	0.31655583	0.20806688	0.0	0.0	0.0	0.0	0.26498163	0.0	0.0	0.17218088	0.0	0.47602603	0.2500943	0.525076	0.0	0.29187307	0.0	0.0	0.0	0.0	0.08886123	0.0	0.12917937	0.0	0.0	0.0	0.0	0.5303192	0.0	0.0	0.0	0.24504443	0.0	0.0	0.0	0.46436718	0.066480495	0.0	0.16083008	0.0	0.0	0.32762638	0.0	0.005509833	0.0	0.0	0.090276636	0.0	0.0	0.0	0.0	0.13439022	0.0	0.51096267	0.0	0.0	0.41363963	0.0	0.0
0.0	0.13118108	0.0	0.0	0.0	0.0	0.09680366	0.0	0.0	0.0	0.0	0.0	0.0	0.0	0.27338937	0.0	0.3433766	0.0	0.0	0.063355304	0.0	0.21558075	0.0	0.22553228	0.0	0.0	0.071961515	0.0	0.0	0.16173251	0.37409005	0.0	0.0	0.0	0.0	0.0	0.0	0.0	0.0	0.0	0.22930866	0.34423566	0.0	0.0	0.0	0.0	0.34788537	0.0	0.25048068	0.17454602	0.0	0.0	0.0	0.16550319	0.0	0.0	0.0	0.0	0.0	0.41221693	0.29933295	0.0	0.0	0.26207402	0.0	0.0	0.11209824	0.19521473	0.0	0.30191287	0.21509717	0.0	0.0	0.0	0.0	0.25250033	0.0	0.0	0.16756308	0.0	0.45601174	0.23202206	0.5000877	0.0	0.28968284	0.0	0.0	0.0	0.0	0.080307186	0.0	0.117144786	0.0	0.0	0.0	0.0	0.52660257	0.0	0.0	0.0	0.23336683	0.0	0.0	0.0	0.45040265	0.047631104	0.0	0.14091778	0.0	0.0	0.33501413	0.0	0.008965968	0.0	0.0	0.09889587	0.0	0.0	0.0	0.0	0.11759087	0.0	0.50132996	0.0	0.0	0.39518014	0.0	0.0
0.0	0.1216836	0.0	0.0	0.0	0.0	0.077260405	0.0	0.0	0.0	0.0	0.0	0.0	0.0	0.26563534	0.0	0.3200948	0.0	0.0	0.051494922	0.0	0.20501745	0.0	0.21036978	0.0	0.0	0.05983874	0.0	0.0	0.14870253	0.37561777	0.0	0.0	0.0	0.0	0.0	0.0	0.0	0.0	0.0	0.22160305	0.32249114	0.0	0.0	0.0	0.0	0.34763232	0.0	0.23333539	0.16626507	0.0	0.0	0.0	0.15297173	0.0	0.0	0.0	0.0	0.0	0.3958881	0.28567564	0.0	0.0	0.25127378	0.0	0.0	0.117394924	0.18783887	0.0	0.29766825	0.22322011	0.0	0.0	0.0	0.0	0.24804175	0.0	0.0	0.15129055	0.0	0.44751513	0.21685195	0.4739342	0.0	0.27865112	0.0	0.0	0.0	0.0	0.0740672	0.0	0.105497725	0.0	0.0	0.0	0.0	0.5243861	0.0	0.0	0.0	0.21899211	0.0	0.0	0.0	0.450771	0.041900326	0.0	0.12937367	0.0	0.0	0.33381405	0.0	0.004171135	0.0	0.0	0.09413296	0.0	0.0	0.0	0.0	0.11197432	0.0	0.4687101	0.0	0.0	0.3775395	0.0	0.0
0.0	0.12082056	0.0	0.0	0.0	0.0	0.07779098	0.0	0.0	0.0	0.0	0.0	0.0	0.0	0.2696118	0.0	0.323151	0.0	0.0	0.052884404	0.0	0.20715778	0.0	0.21013196	0.0	0.0	0.06071225	0.0	0.0	0.15246505	0.37701747	0.0	0.0	0.0	0.0	0.0	0.0	0.0	0.0	0.0	0.22155447	0.324254	0.0	0.0	0.0	0.0	0.35172197	0.0	0.23439176	0.1708778	0.0	0.0	0.0	0.15293752	0.0	0.0	0.0	0.0	0.0	0.39778173	0.28623855	0.0	0.0	0.2555003	0.0	0.0	0.11826342	0.18728139	0.0	0.29890725	0.22138792	0.0	0.0	0.0	0.0	0.2486943	0.0	0.0	0.15265802	0.0	0.4502575	0.22195314	0.4764062	0.0	0.2762561	0.0	0.0	0.0	0.0	0.07395377	0.0	0.10749986	0.0	0.0	0.0	0.0	0.5234385	0.0	0.0	0.0	0.21844417	0.0	0.0	0.0	0.45155844	0.044028897	0.0	0.12996577	0.0	0.0	0.33424234	0.0	0.005029432	0.0	0.0	0.092660576	0.0	0.0	0.0	0.0	0.11194831	0.0	0.46984687	0.0	0.0	0.3791233	0.0	0.0
0.0	0.11965976	0.0	0.0	0.0	0.0	0.083882906	0.0	0.0	0.0	0.0	0.0	0.0	0.0	0.2615727	0.0	0.315814	0.0	0.0	0.046967342	0.0	0.20584969	0.0	0.2051094	0.0	0.0	0.062130842	0.0	0.0	0.14212586	0.38286677	0.0	0.0	0.0	0.0	0.0	0.0	0.0	0.0	0.0	0.21995108	0.31497246	0.0	0.0	0.0	0.0	0.348097	0.0	0.23323017	0.17495663	0.0	0.0	0.0	0.1568048	0.0	0.0	0.0	0.0	0.0	0.4001697	0.282097	0.0	0.0	0.2505633	0.0	0.0	0.11950789	0.18737654	0.0	0.29785177	0.22033094	0.0	0.0	0.0	0.0	0.24465282	0.0	0.0	0.15235879	0.0	0.44479457	0.22386657	0.47198096	0.0	0.27260098	0.0	0.0	0.0	0.0	0.07159514	0.0	0.110715985	0.0	0.0	0.0	0.0	0.51565653	0.0	0.0	0.0	0.21946537	0.0	0.0	0.0	0.45088872	0.040176634	0.0	0.13319564	0.0	0.0	0.33179313	0.0	0.0058537493	0.0	0.0	0.09236442	0.0	0.0	0.0	0.0	0.11031369	0.0	0.4662044	0.0	0.0	0.37452444	0.0	0.0
0.0	0.13577373	0.0	0.0	0.0	0.0	0.10436609	0.0	0.0	0.0	0.0	0.0	0.0	0.0	0.29755664	0.0	0.3617855	0.0	0.0	0.06569757	0.0	0.2153101	0.0	0.23563553	0.0	0.0	0.07878765	0.0	0.0	0.16990076	0.38062727	0.0	0.0	0.0	0.0	0.0	0.0	0.0	0.0	0.0	0.22808833	0.34952044	0.0	0.0	0.0	0.0	0.3547107	0.0	0.24271552	0.18373017	0.0	0.0	0.0	0.1631482	0.0	0.0	0.0	0.0	0.0	0.4063971	0.30568156	0.0	0.0	0.28230408	0.0	0.0	0.10891482	0.18700652	0.0	0.31247565	0.20693047	0.0	0.0	0.0	0.0	0.2640406	0.0	0.0	0.16502482	0.0	0.46529984	0.23989062	0.506283	0.0	0.28636634	0.0	0.0	0.0	0.0	0.08178649	0.0	0.12334815	0.0	0.0	0.0	0.0	0.5323863	0.0	0.0	0.0	0.24052732	0.0	0.0	0.0	0.45212492	0.05933124	0.0	0.1562564	0.0	0.0	0.33045402	0.0	0.00728476	0.0	0.0	0.095478766	0.0	0.0	0.0	0.0	0.12654136	0.0	0.5050151	0.0	0.0	0.40217558	0.0	0.0
0.0	0.12557943	0.0	0.0	0.0	0.0	0.090777196	0.0	0.0	0.0	0.0	0.0	0.0	0.0	0.2723351	0.0	0.33402133	0.0	0.0	0.057294607	0.0	0.21302104	0.0	0.21823557	0.0	0.0	0.064204045	0.0	0.0	0.15340316	0.38014182	0.0	0.0	0.0	0.0	0.0	0.0	0.0	0.0	0.0	0.22120601	0.32651502	0.0	0.0	0.0	0.0	0.35160246	0.0	0.24066015	0.1753564	0.0	0.0	0.0	0.1536029	0.0	0.0	0.0	0.0	0.0	0.4016581	0.2885178	0.0	0.0	0.26004305	0.0	0.0	0.11699281	0.18525846	0.0	0.3021435	0.21860822	0.0	0.0	0.0	0.0	0.25341928	0.0	0.0	0.1544248	0.0	0.45104527	0.23065591	0.48352298	0.0	0.2779878	0.0	0.0	0.0	0.0	0.07301973	0.0	0.113987744	0.0	0.0	0.0	0.0	0.52463657	0.0	0.0	0.0	0.22419119	0.0	0.0	0.0	0.44711244	0.043818016	0.0	0.1390431	0.0	0.0	0.33322838	0.0	0.006333984	0.0	0.0	0.094367445	0.0	0.0	0.0	0.0	0.11545304	0.0	0.4832479	0.0	0.0	0.38461503	0.0	0.0
0.0	0.120381035	0.0	0.0	0.0	0.0	0.07607071	0.0	0.0	0.0	0.0	0.0	0.0	0.0	0.26307896	0.0	0.31457093	0.0	0.0	0.04851946	0.0	0.20007427	0.0	0.20960468	0.0	0.0	0.059517503	0.0	0.0	0.14279847	0.3769581	0.0	0.0	0.0	0.0	0.0	0.0	0.0	0.0	0.0	0.21855408	0.3188325	0.0	0.0	0.0	0.0	0.34524527	0.0	0.23042709	0.16851182	0.0	0.0	0.0	0.15144455	0.0	0.0	0.0	0.0	0.0	0.3949504	0.28565982	0.0	0.0	0.2472409	0.0	0.0	0.11754799	0.18472497	0.0	0.29682377	0.22034095	0.0	0.0	0.0	0.0	0.24715371	0.0	0.0	0.1490479	0.0	0.44745436	0.21710388	0.4679831	0.0	0.27449623	0.0	0.0	0.0	0.0	0.07405821	0.0	0.10528922	0.0	0.0	0.0	0.0	0.52156	0.0	0.0	0.0	0.21682413	0.0	0.0	0.0	0.44816303	0.04195006	0.0	0.12927282	0.0	0.0	0.331098	0.0	0.004323032	0.0	0.0	0.094619595	0.0	0.0	0.0	0.0	0.109647535	0.0	0.4628404	0.0	0.0	0.3731859	0.0	0.0
0.0	0.13374414	0.0	0.0	0.0	0.0	0.09652897	0.0	0.0	0.0	0.0	0.0	0.0	0.0	0.2795119	0.0	0.3436339	0.0	0.0	0.05829064	0.0	0.20666681	0.0	0.22909588	0.0	0.0	0.070167385	0.0	0.0	0.15621641	0.37921667	0.0	0.0	0.0	0.0	0.0	0.0	0.0	0.0	0.0	0.21730572	0.34014094	0.0	0.0	0.0	0.0	0.34944853	0.0	0.23881562	0.17627949	0.0	0.0	0.0	0.1559232	0.0	0.0	0.0	0.0	0.0	0.40314612	0.2993476	0.0	0.0	0.2653594	0.0	0.0	0.11121728	0.18271738	0.0	0.30618918	0.2114089	0.0	0.0	0.0	0.0	0.25756785	0.0	0.0	0.16155805	0.0	0.4556041	0.23368733	0.49002108	0.0	0.28003767	0.0	0.0	0.0	0.0	0.07736575	0.0	0.11781156	0.0	0.0	0.0	0.0	0.529144	0.0	0.0	0.0	0.23187153	0.0	0.0	0.0	0.44472575	0.051870733	0.0	0.14567919	0.0	0.0	0.33206663	0.0	0.008519332	0.0	0.0	0.09882524	0.0	0.0	0.0	0.0	0.11815027	0.0	0.49545315	0.0	0.0	0.38932252	0.0	0.0
0.0	0.12907751	0.0	0.0	0.0	0.0	0.10079949	0.0	0.0	0.0	0.0	0.0	0.0	0.0	0.3088605	0.0	0.37749586	0.0	0.0	0.06331818	0.0	0.2457366	0.0	0.21701062	0.0	0.0	0.069502644	0.0	0.0	0.19347906	0.40162912	0.0	0.0	0.0	0.0	0.0	0.0	0.0	0.0	0.0	0.24656682	0.33773908	0.0	0.0	0.0	0.0	0.38426724	0.0	0.27598616	0.22200382	0.0	0.0	0.0	0.1730481	0.0	0.0018642595	0.0	0.0	0.0	0.41573074	0.28889063	0.0	0.0	0.32876688	0.0	0.0	0.12821305	0.19598448	0.0	0.33164585	0.22556496	0.0	0.0	0.0	0.0	0.27686456	0.0	0.0	0.18114205	0.0	0.45556203	0.26900527	0.5440758	0.0	0.2836186	0.0	0.0	0.0	0.0	0.07179114	0.0	0.14080165	0.0	0.0	0.0	0.0	0.52269334	0.0	0.0	0.0	0.24439758	0.0	0.0	0.0	0.47318086	0.066358626	0.0	0.16183142	0.0	0.0	0.3268207	0.0	0.00287042	0.0	0.0	0.0818159	0.0	0.0	0.0	0.0	0.13593863	0.0	0.5161899	0.0	0.0	0.41657698	0.0	0.0
0.0	0.13411862	0.0	0.0	0.0	0.0	0.092823245	0.0	0.0	0.0	0.0	0.0	0.0	0.0	0.27874464	0.0	0.33911738	0.0	0.0	0.048532773	0.0	0.21705548	0.0	0.21557987	0.0	0.0	0.065210186	0.0	0.0	0.15723485	0.3866975	0.0	0.0	0.0	0.0	0.0	0.0	0.0	0.0	0.0	0.22279614	0.32263204	0.0	0.0	0.0	0.0	0.35908565	0.0	0.24989732	0.18150519	0.0	0.0	0.0	0.16114806	0.0	0.0	0.0	0.0	0.0	0.39994416	0.2958769	0.0	0.0	0.2791157	0.0	0.0	0.11307728	0.18098915	0.0	0.2938393	0.20986736	0.0	0.0	0.0	0.0	0.24845016	0.0	0.0	0.17138243	0.0	0.4422234	0.2273979	0.5016711	0.0	0.28095797	0.0	0.0	0.0	0.0	0.07716373	0.0	0.11684891	0.0	0.0	0.0	0.0	0.5209829	0.0	0.0	0.0	0.2324789	0.0	0.0	0.0	0.45895424	0.042908113	0.0	0.15010673	0.0	0.0	0.33631918	0.0	0.002337059	0.0	0.0	0.09408295	0.0	0.0	0.0	0.0	0.1180226	0.0	0.48378077	0.0	0.0	0.38557848	0.0	0.0
0.0	0.13635252	0.0	0.0	0.0	0.0	0.10400445	0.0	0.0	0.0	0.0	0.0	0.0	0.0	0.33255255	0.0	0.39022264	0.0	0.0	0.061412286	0.0	0.24461095	0.0	0.23964822	0.0	0.0	0.09230285	0.0	0.0	0.19588368	0.38849697	0.0	0.0	0.0	0.0	0.0	0.0	0.0	0.0	0.0	0.24896938	0.36298537	0.0	0.0	0.0	0.0	0.36776876	0.0	0.24636905	0.21083146	0.0	0.0	0.0	0.1853456	0.0	0.0	0.0	0.0	0.0	0.40569678	0.30291608	0.0	0.0	0.32273126	0.0	0.0	0.11185604	0.20632593	0.0	0.3313807	0.20941646	0.0	0.0	0.0	0.0	0.2748004	0.0	0.0	0.17701733	0.0	0.48606017	0.26412952	0.55103177	0.0	0.2875626	0.0	0.0	0.0	0.0	0.09303561	0.0	0.13108212	0.0	0.0	0.0	0.0	0.5244656	0.0	0.0	0.0	0.24962878	0.0	0.0	0.0	0.4791868	0.08703796	0.0	0.16586658	0.0	0.0	0.326012	0.0	0.005872835	0.0	0.0	0.08209631	0.0	0.0	0.0	0.0	0.14476036	0.0	0.5163884	0.0	0.0	0.42656907	0.0	0.0
0.0	0.1251668	0.0	0.0	0.0	0.0	0.09454137	0.0	0.0	0.0	0.0	0.0	0.0	0.0	0.28537178	0.0	0.3456796	0.0	0.0	0.054864313	0.0	0.2180428	0.0	0.2253289	0.0	0.0	0.08034993	0.0	0.0	0.16567485	0.376642	0.0	0.0	0.0	0.0	0.0	0.0	0.0	0.0	0.0	0.23510562	0.34208956	0.0	0.0	0.0	0.0	0.35022068	0.0	0.23582733	0.17498972	0.0	0.0	0.0	0.16494773	0.0	0.0	0.0	0.0	0.0	0.40616688	0.2987542	0.0	0.0	0.26850685	0.0	0.0	0.112728216	0.19823687	0.0	0.30590737	0.21292095	0.0	0.0	0.0	0.0	0.25551167	0.0	0.0	0.16427973	0.0	0.46323177	0.23467231	0.49773598	0.0	0.28935972	0.0	0.0	0.0	0.0	0.08702361	0.0	0.117261924	0.0	0.0	0.0	0.0	0.5217954	0.0	0.0	0.0	0.23438805	0.0	0.0	0.0	0.45673776	0.059714038	0.0	0.14505692	0.0	0.0	0.3312564	0.0	0.005822524	0.0	0.0	0.092992164	0.0	0.0	0.0	0.0	0.11763211	0.0	0.4856565	0.0	0.0	0.39523137	0.0	0.0
0.0	0.118661664	0.0	0.0	0.0	0.0	0.08129203	0.0	0.0	0.0	0.0	0.0	0.0	0.0	0.30992845	0.0	0.3559173	0.0	0.0	0.060486186	0.0	0.23598571	0.0	0.20732677	0.0	0.0	0.08111297	0.0	0.0	0.18355922	0.39637908	0.0	0.0	0.0	0.0	0.0	0.0	0.0	0.0	0.0	0.24810505	0.34327927	0.0	0.0	0.0	0.0	0.3765825	0.0	0.25882053	0.21465372	0.0	0.0	0.0	0.18594104	0.0	0.0	0.0	0.0	0.0	0.40967333	0.28692487	0.0	0.0	0.29985747	0.0	0.0	0.12932502	0.20179605	0.0	0.32259005	0.2246939	0.0	0.0	0.0	0.0	0.25836542	0.0	0.0	0.17226923	0.0	0.47034085	0.25742057	0.52863914	0.0	0.27534828	0.0	0.0	0.0	0.0	0.078858025	0.0	0.12701774	0.0	0.0	0.0	0.0	0.5154684	0.0	0.0	0.0	0.23174484	0.0	0.0	0.0	0.4722774	0.06864842	0.0	0.14391293	0.0	0.0	0.32257685	0.0	0.004720466	0.0	0.0	0.08021597	0.0	0.0	0.0	0.0	0.12927037	0.0	0.48921192	0.0	0.0	0.40391734	0.0	0.0
0.0	0.13365586	0.0	0.0	0.0	0.0	0.104060315	0.0	0.0	0.0	0.0	0.0	0.0	0.0	0.28633264	0.0	0.3574873	0.0	0.0	0.06379877	0.0	0.2185977	0.0	0.2350051	0.0	0.0	0.07608004	0.0	0.0	0.16525319	0.38241836	0.0	0.0	0.0	0.0	0.0	0.0	0.0	0.0	0.0	0.22917537	0.3443775	0.0	0.0	0.0	0.0	0.3536578	0.0	0.2446089	0.1782177	0.0	0.0	0.0	0.16386773	0.0	0.0011650175	0.0	0.0	0.0	0.4054384	0.3024785	0.0	0.0	0.27788424	0.0	0.0	0.10822004	0.1919281	0.0	0.31131414	0.21318412	0.0	0.0	0.0	0.0	0.2615034	0.0	0.0	0.16348828	0.0	0.4640744	0.23985374	0.5067546	0.0	0.28739884	0.0	0.0	0.0	0.0	0.0812279	0.0	0.122326694	0.0	0.0	0.0	0.0	0.5326304	0.0	0.0	0.0	0.23657782	0.0	0.0	0.0	0.45439053	0.05566138	0.0	0.15115726	0.0	0.0	0.33133152	0.0	0.0069734496	0.0	0.0	0.09722358	0.0	0.0	0.0	0.0	0.12476077	0.0	0.50380784	0.0	0.0	0.39951506	0.0	0.0
0.0	0.13324177	0.0	0.0	0.0	0.0	0.100064665	0.0	0.0	0.0	0.0	0.0	0.0	0.0	0.29727554	0.0	0.3572111	0.0	0.0	0.059328232	0.0	0.21102154	0.0	0.23901694	0.0	0.0	0.077162065	0.0	0.0	0.16514684	0.3792653	0.0	0.0	0.0	0.0	0.0	0.0	0.0	0.0	0.0	0.22465031	0.3475457	0.0	0.0	0.0	0.0	0.35129336	0.0	0.23143607	0.18171252	0.0	0.0	0.0	0.16081373	0.0	0.0	0.0	0.0	0.0	0.40217924	0.30457318	0.0	0.0	0.27494666	0.0	0.0	0.108952396	0.18756713	0.0	0.31294826	0.20523326	0.0	0.0	0.0	0.0	0.2640225	0.0	0.0	0.16223468	0.0	0.47083536	0.23832452	0.49764895	0.0	0.28265372	0.0	0.0	0.0	0.0	0.08422276	0.0	0.12057826	0.0	0.0	0.0	0.0	0.5303877	0.0	0.0	0.0	0.2377593	0.0	0.0	0.0	0.45159006	0.06448845	0.0	0.15449113	0.0	0.0	0.33133456	0.0	0.007001541	0.0	0.0	0.094911575	0.0	0.0	0.0	0.0	0.12474948	0.0	0.49646345	0.0	0.0	0.39782658	0.0	0.0
0.0	0.13441904	0.0	0.0	0.0	0.0	0.10718805	0.0	0.0	0.0	0.0	0.0	0.0	0.0	0.29200232	0.0	0.36388883	0.0	0.0	0.06552311	0.0	0.2248003	0.0	0.23088713	0.0	0.0	0.08052396	0.0	0.0	0.17172794	0.38527942	0.0	0.0	0.0	0.0	0.0	0.0	0.0	0.0	0.0	0.23380081	0.34850264	0.0	0.0	0.0	0.0	0.36109582	0.0	0.25048897	0.1847231	0.0	0.0	0.0	0.17091091	0.0	0.0	0.0	0.0	0.0	0.40976122	0.30386397	0.0	0.0	0.2869612	0.0	0.0	0.106703125	0.19389905	0.0	0.31524828	0.21381335	0.0	0.0	0.0	0.0	0.26132563	0.0	0.0	0.16864085	0.0	0.46845558	0.24581058	0.51872975	0.0	0.2895353	0.0	0.0	0.0	0.0	0.08269703	0.0	0.12618716	0.0	0.0	0.0	0.0	0.53434557	0.0	0.0	0.0	0.23806179	0.0	0.0	0.0	0.4612629	0.058359105	0.0	0.15197508	0.0	0.0	0.32923785	0.0	0.007233512	0.0	0.0	0.09372875	0.0	0.0	0.0	0.0	0.12822376	0.0	0.5096144	0.0	0.0	0.40575793	0.0	0.0
0.0	0.13165171	0.0	0.0	0.0	0.0	0.103800185	0.0	0.0	0.0	0.0	0.0	0.0	0.0	0.27642107	0.0	0.3450378	0.0	0.0	0.05859295	0.0	0.21767487	0.0	0.22297029	0.0	0.0	0.07336876	0.0	0.0	0.15536681	0.38623798	0.0	0.0	0.0	0.0	0.0	0.0	0.0	0.0	0.0	0.22386545	0.3322008	0.0	0.0	0.0	0.0	0.35244524	0.0	0.2480055	0.18135126	0.0	0.0	0.0	0.16219501	0.0	0.0	0.0	0.0	0.0	0.4103426	0.2919033	0.0	0.0	0.26744643	0.0	0.0	0.11853405	0.18794309	0.0	0.3065182	0.21670376	0.0	0.0	0.0	0.0	0.25523254	0.0	0.0	0.16250496	0.0	0.4518473	0.24203362	0.49332556	0.0	0.28065827	0.0	0.0	0.0	0.0	0.075011335	0.0	0.122057	0.0	0.0	0.0	0.0	0.5233814	0.0	0.0	0.0	0.23399109	0.0	0.0	0.0	0.4484266	0.046946723	0.0	0.14974575	0.0	0.0	0.3317695	0.0	0.008173825	0.0	0.0	0.0929271	0.0	0.0	0.0	0.0	0.11929988	0.0	0.49747953	0.0	0.0	0.3907682	0.0	0.0
0.0	0.13943714	0.0	0.0	0.0	0.0	0.10255983	0.0	0.0	0.0	0.0	0.0	0.0	0.0	0.30569413	0.0	0.36442402	0.0	0.0	0.058732886	0.0	0.22294171	0.0	0.23469031	0.0	0.0	0.07804871	0.0	0.0	0.17534585	0.38373074	0.0	0.0	0.0	0.0	0.0	0.0	0.0	0.0	0.0	0.23612952	0.3465568	0.0	0.0	0.0	0.0	0.3539419	0.0	0.24563824	0.18681447	0.0	0.0	0.0	0.17026806	0.0	0.0	0.0	0.0	0.0	0.40110838	0.30058223	0.0	0.0	0.29718152	0.0	0.0	0.10855316	0.18957579	0.0	0.30603984	0.20208554	0.0	0.0	0.0	0.0	0.26118112	0.0	0.0	0.16811705	0.0	0.46285406	0.24595875	0.5195777	0.0	0.28834918	0.0	0.0	0.0	0.0	0.08538238	0.0	0.12806846	0.0	0.0	0.0	0.0	0.522584	0.0	0.0	0.0	0.23841049	0.0	0.0	0.0	0.45939925	0.06413699	0.0	0.15897577	0.0	0.0	0.32959118	0.0	0.007198512	0.0	0.0	0.09391501	0.0	0.0	0.0	0.0	0.13068764	0.0	0.5041586	0.0	0.0	0.40406093	0.0	0.0
0.0	0.11858938	0.0	0.0	0.0	0.0	0.08176267	0.0	0.0	0.0	0.0	0.0	0.0	0.0	0.30158874	0.0	0.3544519	0.0	0.0	0.0625249	0.0	0.2332694	0.0	0.2029562	0.0	0.0	0.07916482	0.0	0.0	0.184071	0.39527035	0.0	0.0	0.0	0.0	0.0	0.0	0.0	0.0	0.0	0.24446733	0.3434122	0.0	0.0	0.0	0.0	0.3799056	0.0	0.26136497	0.21453786	0.0	0.0	0.0	0.17970158	0.0	0.0	0.0	0.0	0.0	0.4135704	0.28467897	0.0	0.0	0.2966863	0.0	0.0	0.13630615	0.20123796	0.0	0.32890424	0.23014598	0.0	0.0	0.0	0.0	0.25630763	0.0	0.0	0.16948752	0.0	0.47267163	0.2619753	0.5248863	0.0	0.27143896	0.0	0.0	0.0	0.0	0.07629933	0.0	0.12290603	0.0	0.0	0.0	0.0	0.51439387	0.0	0.0	0.0	0.22733237	0.0	0.0	0.0	0.4665345	0.06865889	0.0	0.14392267	0.0	0.0	0.32436424	0.0	0.004041269	0.0	0.0	0.08160276	0.0	0.0	0.0	0.0	0.1233685	0.0	0.4892212	0.0	0.0	0.40315342	0.0	0.0
0.0	0.12693943	0.0	0.0	0.0	0.0	0.091207705	0.0	0.0	0.0	0.0	0.0	0.0	0.0	0.26499903	0.0	0.32997468	0.0	0.0	0.053857084	0.0	0.21049292	0.0	0.21821809	0.0	0.0	0.06087714	0.0	0.0	0.14727977	0.3795977	0.0	0.0	0.0	0.0	0.0	0.0	0.0	0.0	0.0	0.21732508	0.32148877	0.0	0.0	0.0	0.0	0.3460057	0.0	0.23812227	0.17187774	0.0	0.0	0.0	0.15004049	0.0	0.0	0.0	0.0	0.0	0.3998575	0.2867546	0.0	0.0	0.25547153	0.0	0.0	0.1168169	0.18387373	0.0	0.30035666	0.21965712	0.0	0.0	0.0	0.0	0.2527745	0.0	0.0	0.15217389	0.0	0.44535163	0.226582	0.47872248	0.0	0.27752438	0.0	0.0	0.0	0.0	0.07188411	0.0	0.11234478	0.0	0.0	0.0	0.0	0.5224307	0.0	0.0	0.0	0.2234637	0.0	0.0	0.0	0.44480982	0.040263366	0.0	0.13814606	0.0	0.0	0.33412185	0.0	0.006775174	0.0	0.0	0.09560585	0.0	0.0	0.0	0.0	0.114441596	0.0	0.48152038	0.0	0.0	0.38091445	0.0	0.0
0.0	0.12620723	0.0	0.0	0.0	0.0	0.08718795	0.0	0.0	0.0	0.0	0.0	0.0	0.0	0.2794051	0.0	0.33946446	0.0	0.0	0.05847982	0.0	0.21256869	0.0	0.22478342	0.0	0.0	0.069664985	0.0	0.0	0.16000782	0.37821642	0.0	0.0	0.0	0.0	0.0	0.0	0.0	0.0	0.0	0.22759974	0.336758	0.0	0.0	0.0	0.0	0.3510472	0.0	0.23557214	0.1732143	0.0	0.0	0.0	0.15960728	0.0	0.0	0.0	0.0	0.0	0.39988637	0.2967266	0.0	0.0	0.2661747	0.0	0.0	0.11065227	0.19304414	0.0	0.30599394	0.21725564	0.0	0.0	0.0	0.0	0.25548008	0.0	0.0	0.15753354	0.0	0.46127835	0.22691111	0.49134752	0.0	0.2827519	0.0	0.0	0.0	0.0	0.07963901	0.0	0.11179969	0.0	0.0	0.0	0.0	0.5277966	0.0	0.0	0.0	0.22671394	0.0	0.0	0.0	0.4553378	0.05389459	0.0	0.14051433	0.0	0.0	0.33219233	0.0	0.005452246	0.0	0.0	0.095897526	0.0	0.0	0.0	0.0	0.12047628	0.0	0.48495135	0.0	0.0	0.38931736	0.0	0.0
0.0	0.12526539	0.0	0.0	0.0	0.0	0.079129204	0.0	0.0	0.0	0.0	0.0	0.0	0.0	0.27639794	0.0	0.33029106	0.0	0.0	0.05490902	0.0	0.20397483	0.0	0.21645713	0.0	0.0	0.070129156	0.0	0.0	0.15891545	0.37608728	0.0	0.0	0.0	0.0	0.0	0.0	0.0	0.0	0.0	0.2269246	0.3360068	0.0	0.0	0.0	0.0	0.35059342	0.0	0.23367985	0.17078507	0.0	0.0	0.0	0.16220406	0.0	0.0	0.0	0.0	0.0	0.39923036	0.29728612	0.0	0.0	0.26158908	0.0	0.0	0.112778924	0.19269907	0.0	0.3028339	0.21787363	0.0	0.0	0.0	0.0	0.25215715	0.0	0.0	0.15884714	0.0	0.4575286	0.21874385	0.4873232	0.0	0.28253898	0.0	0.0	0.0	0.0	0.07867833	0.0	0.10782558	0.0	0.0	0.0	0.0	0.5289567	0.0	0.0	0.0	0.22444956	0.0	0.0	0.0	0.4565384	0.05187893	0.0	0.13706052	0.0	0.0	0.33372042	0.0	0.00340413	0.0	0.0	0.09649402	0.0	0.0	0.0	0.0	0.11663697	0.0	0.47744492	0.0	0.0	0.3844819	0.0	0.0
0.0	0.15436175	0.0	0.0	0.0	0.0	0.038015235	0.0	0.0	0.0	0.0	0.0	0.0	0.0	0.25062624	0.0	0.3305036	0.0	0.0	0.050086632	0.0	0.17483878	0.0	0.19613199	0.0	0.0	0.09228035	0.0	0.0	0.19150944	0.35064963	0.0	0.0	0.0	0.0	0.0	0.0	0.0	0.0	0.0	0.24011843	0.4017036	0.0	0.0	0.0	0.0	0.3576002	0.0	0.2287968	0.14269167	0.0	0.0	0.0	0.17818253	0.0	0.0	0.0	0.0	0.0	0.3874503	0.34366712	0.0	0.0	0.27418682	0.0	0.0	0.108686715	0.24402244	0.0	0.30813065	0.22537763	0.0	0.0	0.0	0.0	0.23176365	0.0	0.0	0.20685898	0.0	0.4662256	0.17138952	0.53175956	0.0	0.31516543	0.0	0.0	0.0	0.0	0.10453588	0.0	0.0902885	0.0	0.0	0.0	0.0	0.5517026	0.0	0.0	0.0	0.23528247	0.0	0.0	0.0	0.5045221	0.081571616	0.0	0.18536806	0.0	0.0	0.3630154	0.0	0.0	0.0	0.0	0.102096915	0.0	0.0	0.0	0.0	0.11090982	0.0	0.5010303	0.0	0.0	0.3829099	0.0	0.0
0.0	0.14156531	0.0	0.0	0.0	0.0	0.046510637	0.0	0.0	0.0	0.0	0.0	0.0	0.0	0.27996525	0.0	0.34551597	0.0	0.0	0.056498807	0.0	0.218521	0.0	0.21900295	0.0	0.0	0.08294818	0.0	0.0	0.18380249	0.3663491	0.0	0.0	0.0	0.0	0.0	0.0	0.0	0.0	0.0	0.23990138	0.3807131	0.0	0.0	0.0	0.0	0.36325622	0.0	0.24648678	0.16227992	0.0	0.0	0.0	0.17518975	0.0	0.0	0.0	0.0	0.0	0.40261784	0.31986645	0.0	0.0	0.28891575	0.0	0.0	0.11393767	0.22309148	0.0	0.31071812	0.22789359	0.0	0.0	0.0	0.0	0.2474891	0.0	0.0	0.19473219	0.0	0.465065	0.20687366	0.5276968	0.0	0.29914615	0.0	0.0	0.0	0.0	0.09179456	0.0	0.103565015	0.0	0.0	0.0	0.0	0.54359555	0.0	0.0	0.0	0.23273699	0.0	0.0	0.0	0.48575577	0.076921105	0.0	0.17364793	0.0	0.0	0.35091376	0.0	0.0	0.0	0.0	0.0955134	0.0	0.0	0.0	0.0	0.12718439	0.0	0.49660328	0.0	0.0	0.40183648	0.0	0.0
0.0	0.1492269	0.0	0.0	0.0	0.0	0.035629738	0.0	0.0	0.0	0.0	0.0	0.0	0.0	0.2685556	0.0	0.33227363	0.0	0.0	0.062966265	0.0	0.18261212	0.0	0.1984606	0.0	0.0	0.09639865	0.0	0.0	0.20393838	0.3389342	0.0	0.0	0.0	0.0	0.0	0.0	0.0	0.0	0.0	0.25886855	0.3938087	0.0	0.0	0.0	0.0	0.36445233	0.0	0.21909894	0.13272242	0.0	0.0	0.0	0.17834438	0.0	0.0	0.0	0.0	0.0	0.37220612	0.33578515	0.0	0.0	0.27539933	0.0	0.0	0.09835684	0.25389376	0.0	0.295625	0.21628326	0.0	0.0	0.0	0.0	0.23747773	0.0	0.0	0.18749945	0.0	0.46501502	0.1507721	0.5289933	0.0	0.32867786	0.0	0.0	0.0	0.0	0.105781674	0.0	0.09258703	0.0	0.0	0.0	0.0	0.55746055	0.0	0.0	0.0	0.23801017	0.0	0.0	0.0	0.5181896	0.077410765	0.0	0.18429494	0.0	0.0	0.37726697	0.0	0.0	0.0	0.0	0.09769639	0.0	0.0	0.0	0.0	0.108891256	0.0	0.49210677	0.0	0.0	0.38319644	0.0	0.0
0.0	0.13480093	0.0	0.0	0.0	0.0	0.042149693	0.0	0.0	0.0	0.0	0.0	0.0	0.0	0.27282086	0.0	0.32775882	0.0	0.0	0.05105636	0.0	0.19911206	0.0	0.19651604	0.0	0.0	0.08667707	0.0	0.0	0.18182461	0.35741267	0.0	0.0	0.0	0.0	0.0	0.0	0.0	0.0	0.0	0.24448784	0.37165055	0.0	0.0	0.0	0.0	0.35502353	0.0	0.23171055	0.14974177	0.0	0.0	0.0	0.17599864	0.0	0.0	0.0	0.0	0.0	0.39348134	0.3180323	0.0	0.0	0.2716466	0.0	0.0	0.11107552	0.22526217	0.0	0.29931	0.22838743	0.0	0.0	0.0	0.0	0.24125373	0.0	0.0	0.18297271	0.0	0.45773554	0.17763631	0.5228575	0.0	0.3095356	0.0	0.0	0.0	0.0	0.091967486	0.0	0.0980193	0.0	0.0	0.0	0.0	0.5478165	0.0	0.0	0.0	0.23337923	0.0	0.0	0.0	0.49457145	0.070538916	0.0	0.16198315	0.0	0.0	0.34594867	0.0	0.0	0.0	0.0	0.09793643	0.0	0.0	0.0	0.0	0.11557007	0.0	0.4811968	0.0	0.0	0.38126358	0.0	0.0
0.0	0.15209702	0.0	0.0	0.0	0.0	0.06207359	0.0	0.0	0.0	0.0	0.0	0.0	0.0	0.27502093	0.0	0.34789324	0.0	0.0	0.06933079	0.0	0.19225341	0.0	0.21024227	0.0	0.0	0.09960856	0.0	0.0	0.19649553	0.35444355	0.0	0.0	0.0	0.0	0.0	0.0	0.0	0.0	0.0	0.24797952	0.38858548	0.0	0.0	0.0	0.0	0.34594736	0.0	0.23822968	0.15030745	0.0	0.0	0.0	0.18970418	0.0	0.0	0.0	0.0	0.0	0.3920474	0.34440932	0.0	0.0	0.2808011	0.0	0.0	0.09958422	0.22954158	0.0	0.30643538	0.22454613	0.0	0.0	0.0	0.0	0.25331983	0.0	0.0	0.18486631	0.0	0.45763877	0.16704702	0.5474514	0.0	0.32456234	0.0	0.0	0.0	0.0	0.08962122	0.0	0.09329774	0.0	0.0	0.0	0.0	0.5649936	0.0	0.0	0.0	0.24563473	0.0	0.0	0.0	0.49505273	0.06834417	0.0	0.16403742	0.0	0.0	0.35091183	0.0	0.0	0.0	0.0	0.113775074	0.0	0.0	0.0	0.0	0.12771197	0.0	0.5188343	0.0	0.0	0.39621475	0.0	0.0
0.0	0.13374329	0.0	0.0	0.0	0.0	0.022454215	0.0	0.0	0.0	0.0	0.0	0.0	0.0	0.30314752	0.0	0.3570806	0.0	0.0	0.06096871	0.0	0.2231384	0.0	0.2044491	0.0	0.0	0.12110803	0.0	0.0	0.21693318	0.3631246	0.0	0.0	0.0	0.0	0.0	0.0	0.0	0.0	0.0	0.27376086	0.39557767	0.0	0.0	0.0	0.0	0.3778861	0.0	0.24962984	0.17209083	0.0	0.0	0.0	0.2086633	0.0	0.0	0.0	0.0	0.0	0.40409613	0.33294198	0.0	0.0	0.31493545	0.0	0.0	0.121228404	0.251842	0.0	0.32933843	0.24142309	0.0	0.0	0.0	0.0	0.24772234	0.0	0.0	0.2055555	0.0	0.48651943	0.19450001	0.5640672	0.0	0.32234707	0.0	0.0	0.0	0.0	0.11327515	0.0	0.10612118	0.0	0.0	0.0	0.0	0.5541869	0.0	0.0	0.0	0.23986888	0.0	0.0	0.0	0.5276391	0.09623014	0.0	0.18600889	0.0	0.0	0.35269198	0.0	0.0	0.0	0.0	0.081425466	0.0	0.0	0.0	0.0	0.14085837	0.0	0.49817488	0.0	0.0	0.4163536	0.0	0.0
0.0	0.14009233	0.0	0.0	0.0	0.0	0.03483826	0.0	0.0	0.0	0.0	0.0	0.0	0.0	0.302825	0.0	0.38252488	0.0	0.0	0.069219895	0.0	0.2291112	0.0	0.20429134	0.0	0.0	0.11615246	0.0	0.0	0.23222399	0.36891797	0.0	0.0	0.0	0.0	0.0	0.0	0.0	0.0	0.0	0.27346265	0.41179588	0.0	0.0	0.0	0.0	0.39628658	0.0	0.27226242	0.19768631	0.0	0.0	0.0	0.20704456	0.0	0.0	0.0	0.0	0.0	0.41969204	0.33085537	0.0	0.0	0.33823088	0.0	0.0	0.13034631	0.24621224	0.0	0.35491022	0.24846476	0.0	0.0	0.0	0.0	0.2559251	0.0	0.0	0.21993405	0.0	0.49348286	0.23250459	0.59669524	0.0	0.31318605	0.0	0.0	0.0	0.0	0.113042735	0.0	0.11781537	0.0	0.0	0.0	0.0	0.5443467	0.0	0.0	0.0	0.2424515	0.0	0.0	0.0	0.52535087	0.10816181	0.0	0.19294292	0.0	0.0	0.34671894	0.0	0.0	0.0	0.0	0.07944088	0.0	0.0	0.0	0.0	0.14370476	0.0	0.52225167	0.0	0.0	0.42578885	0.0	0.0
0.0	0.13218029	0.0	0.0	0.0	0.0	0.04747917	0.0	0.0	0.0	0.0	0.0	0.0	0.0	0.2729074	0.0	0.33554983	0.0	0.0	0.039615262	0.0	0.21691127	0.0	0.21657427	0.0	0.0	0.07369886	0.0	0.0	0.16467841	0.38223514	0.0	0.0	0.0	0.0	0.0	0.0	0.0	0.0	0.0	0.23403384	0.35592285	0.0	0.0	0.0	0.0	0.37197712	0.0	0.23756455	0.17801125	0.0	0.0	0.0	0.17346205	0.0	0.0	0.0	0.0	0.0	0.39795873	0.30492	0.0	0.0	0.26588887	0.0	0.0	0.12444707	0.20757462	0.0	0.31782174	0.23012666	0.0	0.0	0.0	0.0	0.24868517	0.0	0.0	0.18296528	0.0	0.45269856	0.2179354	0.5113269	0.0	0.28669298	0.0	0.0	0.0	0.0	0.08286699	0.0	0.112484165	0.0	0.0	0.0	0.0	0.5336877	0.0	0.0	0.0	0.2436318	0.0	0.0	0.0	0.47244945	0.067554004	0.0	0.15946548	0.0	0.0	0.33975622	0.0	0.014130309	0.0	0.0	0.088495344	0.0	0.0	0.0	0.0	0.11938071	0.0	0.4914845	0.0	0.0	0.3997178	0.0	0.0
0.0	0.13455977	0.0	0.0	0.0	0.0	0.01842207	0.0	0.0	0.0	0.0	0.0	0.0	0.0	0.29639435	0.0	0.350415	0.0	0.0	0.057660576	0.0	0.20382303	0.0	0.19625717	0.0	0.0	0.120401524	0.0	0.0	0.21562469	0.3586655	0.0	0.0	0.0	0.0	0.0	0.0	0.0	0.0	0.0	0.27025485	0.39520386	0.0	0.0	0.0	0.0	0.38015786	0.0	0.23367183	0.16430804	0.0	0.0	0.0	0.1988095	0.0	0.0	0.0	0.0	0.0	0.39479947	0.3379465	0.0	0.0	0.30239865	0.0	0.0	0.118497826	0.25125933	0.0	0.32559815	0.23257376	0.0	0.0	0.0	0.0	0.24223922	0.0	0.0	0.20104562	0.0	0.48738813	0.18846452	0.5539232	0.0	0.31575322	0.0	0.0	0.0	0.0	0.10929245	0.0	0.09539179	0.0	0.0	0.0	0.0	0.54899114	0.0	0.0	0.0	0.24091333	0.0	0.0	0.0	0.5229158	0.095754616	0.0	0.18134312	0.0	0.0	0.3557643	0.0	0.0	0.0	0.0	0.08609533	0.0	0.0	0.0	0.0	0.12507404	0.0	0.48963404	0.0	0.0	0.4019328	0.0	0.0
0.0	0.13716485	0.0	0.0	0.0	0.0	0.065787844	0.0	0.0	0.0	0.0	0.0	0.0	0.0	0.2657939	0.0	0.3173609	0.0	0.0	0.05856001	0.0	0.19392155	0.0	0.21646784	0.0	0.0	0.07539019	0.0	0.0	0.16603833	0.35651436	0.0	0.0	0.0	0.0	0.0	0.0	0.0	0.0	0.0	0.24508218	0.33367434	0.0	0.0	0.0	0.0	0.33364436	0.0	0.22495061	0.15506148	0.0	0.0	0.0	0.1726548	0.0	0.0	0.0	0.0	0.0	0.38229474	0.30851778	0.0	0.0	0.26131344	0.0	0.0	0.09779435	0.2082761	0.0	0.28497896	0.21455157	0.0	0.0	0.0	0.0	0.25249198	0.0	0.0	0.15532981	0.0	0.4410784	0.1762106	0.5051592	0.0	0.30723137	0.0	0.0	0.0	0.0	0.08269666	0.0	0.1007928	0.0	0.0	0.0	0.0	0.53585607	0.0	0.0	0.0	0.23545615	0.0	0.0	0.0	0.47431937	0.04689906	0.0	0.13276328	0.0	0.0	0.3463528	0.0	0.007205298	0.0	0.0	0.10704485	0.0	0.0	0.0	0.0	0.12773667	0.0	0.48497137	0.0	0.0	0.3784678	0.0	0.0
0.0	0.14773563	0.0	0.0	0.0	0.0	0.037769	0.0	0.0	0.0	0.0	0.0	0.0	0.0	0.30144516	0.0	0.36680865	0.0	0.0	0.065509476	0.0	0.21893655	0.0	0.22005904	0.0	0.0	0.12762602	0.0	0.0	0.21741755	0.35978857	0.0	0.0	0.0	0.0	0.0	0.0	0.0	0.0	0.0	0.26697773	0.4148039	0.0	0.0	0.0	0.0	0.36362305	0.0	0.24462436	0.15761544	0.0	0.0	0.0	0.20671321	0.0	0.0	0.0	0.0	0.0	0.4010727	0.35031536	0.0	0.0	0.31934866	0.0	0.0	0.09715248	0.25105962	0.0	0.3258575	0.23236573	0.0	0.0	0.0	0.0	0.256631	0.0	0.0	0.20796938	0.0	0.4876193	0.18558031	0.5785925	0.0	0.32922575	0.0	0.0	0.0	0.0	0.111997195	0.0	0.09876225	0.0	0.0	0.0	0.0	0.56573015	0.0	0.0	0.0	0.24697803	0.0	0.0	0.0	0.533801	0.10263563	0.0	0.1871007	0.0	0.0	0.34741676	0.0	0.0	0.0	0.0	0.099907	0.0	0.0	0.0	0.0	0.14591388	0.0	0.51601624	0.0	0.0	0.42264804	0.0	0.0
0.0	0.12772664	0.0	0.0	0.0	0.0	0.023964263	0.0	0.0	0.0	0.0	0.0	0.0	0.0	0.23360814	0.0	0.27840403	0.0	0.0	0.029341528	0.0	0.17253394	0.0	0.18557106	0.0	0.0	0.05826746	0.0	0.0	0.13760324	0.35591784	0.0	0.0	0.0	0.0	0.0	0.0	0.0	0.0	0.0	0.22758728	0.3234823	0.0	0.0	0.0	0.0	0.32845536	0.0	0.21402146	0.14320028	0.0	0.0	0.0	0.15841372	0.0	0.0	0.0	0.0	0.0	0.36481038	0.29319945	0.0	0.0	0.22057624	0.0	0.0	0.11374957	0.1950264	0.0	0.28056946	0.24066103	0.0	0.0	0.0	0.0	0.23009585	0.0	0.0	0.15768282	0.0	0.4246017	0.1528511	0.46137774	0.0	0.29490772	0.0	0.0	0.0	0.0	0.076486744	0.0	0.07480586	0.0	0.0	0.0	0.0	0.53755945	0.0	0.0	0.0	0.21803369	0.0	0.0	0.0	0.4683812	0.039916042	0.0	0.13281947	0.0	0.0	0.34101543	0.0	0.0	0.0	0.0	0.102999695	0.0	0.0	0.0	0.0	0.10558935	0.0	0.44864878	0.0	0.0	0.35689878	0.0	0.0
0.0	0.14653426	0.0	0.0	0.0	0.0	0.020865357	0.0	0.0	0.0	0.0	0.0	0.0	0.0	0.28256735	0.0	0.348454	0.0	0.0	0.055176247	0.0	0.19999282	0.0	0.20366819	0.0	0.0	0.11399982	0.0	0.0	0.21087386	0.35054204	0.0	0.0	0.0	0.0	0.0	0.0	0.0	0.0	0.0	0.26802644	0.39991355	0.0	0.0	0.0	0.0	0.3637619	0.0	0.23139031	0.14999425	0.0	0.0	0.0	0.19773804	0.0	0.0	0.0	0.0	0.0	0.3859054	0.34743357	0.0	0.0	0.30090782	0.0	0.0	0.099725485	0.2529513	0.0	0.30821	0.22420317	0.0	0.0	0.0	0.0	0.24208982	0.0	0.0	0.20847134	0.0	0.47697654	0.16302373	0.5541985	0.0	0.33096793	0.0	0.0	0.0	0.0	0.11524701	0.0	0.097042024	0.0	0.0	0.0	0.0	0.55851823	0.0	0.0	0.0	0.24390817	0.0	0.0	0.0	0.528617	0.0899236	0.0	0.18911205	0.0	0.0	0.3605554	0.0	0.0	0.0	0.0	0.094160944	0.0	0.0	0.0	0.0	0.12801665	0.0	0.49735478	0.0	0.0	0.400178	0.0	0.0
0.0	0.12770736	0.0	0.0	0.0	0.0	0.04265065	0.0	0.0	0.0	0.0	0.0	0.0	0.0	0.26550898	0.0	0.3100079	0.0	0.0	0.052692965	0.0	0.19819589	0.0	0.19956934	0.0	0.0	0.061938107	0.0	0.0	0.17324443	0.3654133	0.0	0.0	0.0	0.0	0.0	0.0	0.0	0.0	0.0	0.24233122	0.3375791	0.0	0.0	0.0	0.0	0.35187435	0.0	0.22430997	0.16765249	0.0	0.0	0.0	0.16778325	0.0	0.0	0.0	0.0	0.0	0.38872012	0.2985903	0.0	0.0	0.26233372	0.0	0.0	0.11392855	0.21233363	0.0	0.29385665	0.22800553	0.0	0.0	0.0	0.0	0.24740677	0.0	0.0	0.16671948	0.0	0.44205022	0.18285413	0.4998963	0.0	0.28921178	0.0	0.0	0.0	0.0	0.076981	0.0	0.0970834	0.0	0.0	0.0	0.0	0.5318008	0.0	0.0	0.0	0.22868289	0.0	0.0	0.0	0.48010886	0.05485026	0.0	0.14691807	0.0	0.0	0.35229984	0.0	0.008357311	0.0	0.0	0.09533274	0.0	0.0	0.0	0.0	0.115522005	0.0	0.473399	0.0	0.0	0.3740691	0.0	0.0
0.0	0.1549939	0.0	0.0	0.0	0.0	0.027842045	0.0	0.0	0.0	0.0	0.0	0.0	0.0	0.31125	0.0	0.38433298	0.0	0.0	0.07412464	0.0	0.22641182	0.0	0.2253719	0.0	0.0	0.1328621	0.0	0.0	0.24205156	0.3486757	0.0	0.0	0.0	0.0	0.0	0.0	0.0	0.0	0.0	0.2823269	0.43131042	0.0	0.0	0.0	0.0	0.37782323	0.0	0.2448932	0.16224833	0.0	0.0	0.0	0.20823611	0.0	0.0	0.0	0.0	0.0	0.39417395	0.35853067	0.0	0.0	0.337981	0.0	0.0	0.091869734	0.26645657	0.0	0.3333086	0.22636296	0.0	0.0	0.0	0.0	0.26227334	0.0	0.0	0.21732463	0.0	0.4952979	0.18026449	0.6025808	0.0	0.3430493	0.0	0.0	0.0	0.0	0.124037184	0.0	0.10344073	0.0	0.0	0.0	0.0	0.57154673	0.0	0.0	0.0	0.25501922	0.0	0.0	0.0	0.5428638	0.110194296	0.0	0.20440191	0.0	0.0	0.36793998	0.0	0.0	0.0	0.0	0.087908335	0.0	0.0	0.0	0.0	0.15657623	0.0	0.53550667	0.0	0.0	0.4276699	0.0	0.0
0.0	0.14572781	0.0	0.0	0.0	0.0	0.021079456	0.0	0.0	0.0	0.0	0.0	0.0	0.0	0.3029207	0.0	0.37474966	0.0	0.0	0.06449298	0.0	0.21029621	0.0	0.22433133	0.0	0.0	0.1299312	0.0	0.0	0.22849302	0.34249413	0.0	0.0	0.0	0.0	0.0	0.0	0.0	0.0	0.0	0.2830447	0.40588704	0.0	0.0	0.0	0.0	0.37098494	0.0	0.22535121	0.150536	0.0	0.0	0.0	0.19994988	0.0	0.0	0.0	0.0	0.0	0.38631055	0.36022186	0.0	0.0	0.31754658	0.0	0.0	0.1016593	0.2618856	0.0	0.3258844	0.22991419	0.0	0.0	0.0	0.0	0.25546575	0.0	0.0	0.2084231	0.0	0.48977232	0.17196257	0.5781916	0.0	0.3472352	0.0	0.0	0.0	0.0	0.119852036	0.0	0.09392828	0.0	0.0	0.0	0.0	0.56834966	0.0	0.0	0.0	0.25418052	0.0	0.0	0.0	0.52968186	0.102184705	0.0	0.19823213	0.0	0.0	0.37538397	0.0	0.0	0.0	0.0	0.09169012	0.0	0.0	0.0	0.0	0.14537774	0.0	0.51754284	0.0	0.0	0.4142239	0.0	0.0
0.0	0.14887291	0.0	0.0	0.0	0.0	0.026737615	0.0	0.0	0.0	0.0	0.0	0.0	0.0	0.29696527	0.0	0.3582127	0.0	0.0	0.06275163	0.0	0.19280921	0.0	0.21260488	0.0	0.0	0.11989534	0.0	0.0	0.2249337	0.34294415	0.0	0.0	0.0	0.0	0.0	0.0	0.0	0.0	0.0	0.2764744	0.41298202	0.0	0.0	0.0	0.0	0.37069976	0.0	0.22279036	0.14311004	0.0	0.0	0.0	0.18936755	0.0	0.0	0.0	0.0	0.0	0.38618007	0.3531513	0.0	0.0	0.2985036	0.0	0.0	0.09786773	0.26079163	0.0	0.3151431	0.21854961	0.0	0.0	0.0	0.0	0.24757864	0.0	0.0	0.20137596	0.0	0.4877863	0.16429935	0.5624516	0.0	0.33457518	0.0	0.0	0.0	0.0	0.120097496	0.0	0.091822945	0.0	0.0	0.0	0.0	0.56407386	0.0	0.0	0.0	0.25006735	0.0	0.0	0.0	0.5333202	0.09519664	0.0	0.19218116	0.0	0.0	0.36838308	0.0	0.0	0.0	0.0	0.09561366	0.0	0.0	0.0	0.0	0.12469202	0.0	0.50320816	0.0	0.0	0.4053252	0.0	0.0
0.0	0.14450288	0.0	0.0	0.0	0.0	0.032650128	0.0	0.0	0.0	0.0	0.0	0.0	0.0	0.26466787	0.0	0.3305312	0.0	0.0	0.057988126	0.0	0.18292324	0.0	0.20644993	0.0	0.0	0.09063765	0.0	0.0	0.19426243	0.3462535	0.0	0.0	0.0	0.0	0.0	0.0	0.0	0.0	0.0	0.25069925	0.3848213	0.0	0.0	0.0	0.0	0.35987976	0.0	0.21648838	0.14246805	0.0	0.0	0.0	0.17575864	0.0	0.0	0.0	0.0	0.0	0.3772563	0.33814624	0.0	0.0	0.271432	0.0	0.0	0.09931168	0.23821087	0.0	0.30278417	0.22073771	0.0	0.0	0.0	0.0	0.24332662	0.0	0.0	0.18622763	0.0	0.46827516	0.16452096	0.52188593	0.0	0.3166355	0.0	0.0	0.0	0.0	0.10533627	0.0	0.08959498	0.0	0.0	0.0	0.0	0.55479425	0.0	0.0	0.0	0.23649682	0.0	0.0	0.0	0.5066615	0.077396594	0.0	0.17311166	0.0	0.0	0.36547327	0.0	0.0	0.0	0.0	0.097818494	0.0	0.0	0.0	0.0	0.114716806	0.0	0.49181446	0.0	0.0	0.38255283	0.0	0.0
0.0	0.12293592	0.0	0.0	0.0	0.0	0.01712306	0.0	0.0	0.0	0.0	0.0	0.0	0.0	0.21952724	0.0	0.28258494	0.0	0.0	0.016713966	0.0	0.17259796	0.0	0.17872334	0.0	0.0	0.039510086	0.0	0.0	0.106485926	0.34012207	0.0	0.0	0.0	0.0	0.0	0.0	0.0	0.0	0.0	0.21683466	0.2815598	0.0	0.0	0.0	0.0	0.3201704	0.0	0.21846645	0.13087256	0.0	0.0	0.0	0.13979937	0.0	0.0	0.0	0.0	0.0	0.33900318	0.28522125	0.0	0.0	0.21204318	0.0	0.0	0.1242119	0.16345325	0.0	0.2640283	0.25915003	0.0	0.0	0.0	0.0	0.24278283	0.0	0.0	0.13921824	0.0	0.3812538	0.12033693	0.45167056	0.0	0.3130006	0.0	0.0	0.0	0.0	0.077299386	0.0	0.056205045	0.0	0.0	0.0	0.0	0.5546461	0.0	0.0	0.0	0.23360948	0.0	0.0	0.0	0.4713416	0.0054422715	0.0	0.12714326	0.0	0.0	0.35063985	0.0	0.0	0.0	0.0	0.10061618	0.0	0.0	0.0	0.0	0.1089817	0.0	0.42029873	0.0	0.0	0.342981	0.0	0.0
0.0	0.090071686	0.0	0.0	0.0	0.0	0.0036953203	0.0	0.0	0.0	0.0	0.0	0.0	0.0	0.3131554	0.0	0.36626187	0.0	0.0	0.0569836	0.0	0.24680512	0.0	0.15881172	0.0	0.0	0.09621891	0.0	0.0	0.23896432	0.3800824	0.0	0.0	0.0	0.0	0.0	0.0	0.0	0.0	0.0	0.29366377	0.34888753	0.0	0.0	0.0	0.0	0.43257102	0.0	0.28439248	0.22818588	0.0	0.0	0.0	0.19297034	0.0	0.0	0.0	0.0	0.0	0.4087224	0.29122052	0.0	0.0	0.33144987	0.0	0.0	0.1766191	0.23443623	0.0	0.34257126	0.2760332	0.0	0.0	0.0	0.0	0.2503184	0.0	0.0	0.20133762	0.0	0.46945897	0.23871087	0.57430863	0.0	0.3087478	0.0	0.0	0.0	0.0	0.09344084	0.0	0.1227355	0.0	0.0	0.0	0.0	0.5161196	0.0	0.0	0.0	0.2339999	0.0	0.0	0.0	0.5074961	0.079491764	0.0	0.16601893	0.0	0.0	0.34683847	0.0	0.0	0.0	0.0	0.059510976	0.0	0.0	0.0	0.0	0.13286142	0.0	0.47405937	0.0	0.0	0.3966423	0.0	0.0
0.0	0.17123497	0.0	0.0	0.0	0.0	0.051120777	0.0	0.0	0.0	0.0	0.0	0.0	0.0	0.30164889	0.0	0.39316773	0.0	0.0	0.08283475	0.0	0.20792185	0.0	0.23347741	0.0	0.0	0.11933879	0.0	0.0	0.2368977	0.34779274	0.0	0.0	0.0	0.0	0.0	0.0	0.0	0.0	0.0	0.27717116	0.4270835	0.0	0.0	0.0	0.0	0.38167468	0.0	0.24194376	0.15601201	0.0	0.0	0.0	0.19414462	0.0	0.0	0.0	0.0	0.0	0.39351806	0.3725811	0.0	0.0	0.3237405	0.0	0.0	0.090542406	0.2584239	0.0	0.32836428	0.21151309	0.0	0.0	0.0	0.0	0.26243934	0.0	0.0	0.21350287	0.0	0.48414525	0.18532135	0.58900505	0.0	0.34607446	0.0	0.0	0.0	0.0	0.11995711	0.0	0.105350435	0.0	0.0	0.0	0.0	0.5765802	0.0	0.0	0.0	0.26155248	0.0	0.0	0.0	0.52949256	0.0965438	0.0	0.20356064	0.0	0.0	0.37195244	0.0	0.0	0.0	0.0	0.09652395	0.0	0.0	0.0	0.0	0.13626696	0.0	0.5449073	0.0	0.0	0.430652	0.0	0.0
0.0	0.12342018	0.0	0.0	0.0	0.0	0.022420866	0.0	0.0	0.0	0.0	0.0	0.0	0.0	0.2865858	0.0	0.34464845	0.0	0.0	0.055690054	0.0	0.21505988	0.0	0.18870588	0.0	0.0	0.09570378	0.0	0.0	0.20531642	0.3675542	0.0	0.0	0.0	0.0	0.0	0.0	0.0	0.0	0.0	0.25793317	0.37631455	0.0	0.0	0.0	0.0	0.38520098	0.0	0.24179721	0.18096547	0.0	0.0	0.0	0.18638735	0.0	0.0	0.0	0.0	0.0	0.3916156	0.31453735	0.0	0.0	0.29145503	0.0	0.0	0.13459978	0.23072235	0.0	0.31869733	0.24571078	0.0	0.0	0.0	0.0	0.24016352	0.0	0.0	0.18988134	0.0	0.4652107	0.1873778	0.5325777	0.0	0.30539313	0.0	0.0	0.0	0.0	0.09393411	0.0	0.10205386	0.0	0.0	0.0	0.0	0.54370004	0.0	0.0	0.0	0.22818173	0.0	0.0	0.0	0.5030472	0.08277253	0.0	0.169663	0.0	0.0	0.3518118	0.0	0.0	0.0	0.0	0.08578521	0.0	0.0	0.0	0.0	0.12650551	0.0	0.4824495	0.0	0.0	0.39390668	0.0	0.0
0.0	0.1474614	0.0	0.0	0.0	0.0	0.039291114	0.0	0.0	0.0	0.0	0.0	0.0	0.0	0.2882527	0.0	0.35845196	0.0	0.0	0.057099592	0.0	0.20736413	0.0	0.21626203	0.0	0.0	0.11238688	0.0	0.0	0.20381367	0.3572229	0.0	0.0	0.0	0.0	0.0	0.0	0.0	0.0	0.0	0.25563037	0.39936325	0.0	0.0	0.0	0.0	0.3634856	0.0	0.23956811	0.15904918	0.0	0.0	0.0	0.18977241	0.0	0.0	0.0	0.0	0.0	0.3995711	0.3454232	0.0	0.0	0.3003461	0.0	0.0	0.10901258	0.24470778	0.0	0.32136992	0.22666395	0.0	0.0	0.0	0.0	0.24787654	0.0	0.0	0.20575851	0.0	0.48156962	0.19426738	0.5520575	0.0	0.31521645	0.0	0.0	0.0	0.0	0.105584525	0.0	0.09859121	0.0	0.0	0.0	0.0	0.5519056	0.0	0.0	0.0	0.241764	0.0	0.0	0.0	0.5090286	0.09386623	0.0	0.18642116	0.0	0.0	0.3533906	0.0	0.0	0.0	0.0	0.096763335	0.0	0.0	0.0	0.0	0.12889653	0.0	0.5053594	0.0	0.0	0.4084138	0.0	0.0
0.0	0.15010072	0.0	0.0	0.0	0.0	0.028298678	0.0	0.0	0.0	0.0	0.0	0.0	0.0	0.319343	0.0	0.3946186	0.0	0.0	0.07667535	0.0	0.21890478	0.0	0.23360187	0.0	0.0	0.1548065	0.0	0.0	0.23890166	0.35220852	0.0	0.0	0.0	0.0	0.0	0.0	0.0	0.0	0.0	0.27608177	0.4505066	0.0	0.0	0.0	0.0	0.37153295	0.0	0.2477382	0.16041897	0.0	0.0	0.0	0.22056521	0.0	0.0	0.0	0.0	0.0	0.40660658	0.3667593	0.0	0.0	0.33591524	0.0	0.0	0.09599096	0.25907335	0.0	0.35025454	0.23828654	0.0	0.0	0.0	0.0	0.26194108	0.0	0.0	0.21412309	0.0	0.5183659	0.18861663	0.6040575	0.0	0.34247842	0.0	0.0	0.0	0.0	0.1275376	0.0	0.09679296	0.0	0.0	0.0	0.0	0.5827097	0.0	0.0	0.0	0.2528228	0.0	0.0	0.0	0.53456575	0.12767802	0.0	0.1986493	0.0	0.0	0.34820357	0.0	0.0	0.0	0.0	0.096950255	0.0	0.0	0.0	0.0	0.15930222	0.0	0.5408201	0.0	0.0	0.44465446	0.0	0.0
0.0	0.16374151	0.0	0.0	0.0	0.0	0.079654574	0.0	0.0	0.0	0.0	0.0	0.0	0.0	0.28773633	0.0	0.37256142	0.0	0.0	0.07556133	0.0	0.20199884	0.0	0.24156511	0.0	0.0	0.10751744	0.0	0.0	0.20175385	0.35389698	0.0	0.0	0.0	0.0	0.0	0.0	0.0	0.0	0.0	0.2485805	0.41184267	0.0	0.0	0.0	0.0	0.34036306	0.0	0.238292	0.14598972	0.0	0.0	0.0	0.1941015	0.0	0.0	0.0	0.0	0.0	0.398121	0.35544148	0.0	0.0	0.30149117	0.0	0.0	0.08546364	0.2341072	0.0	0.31642285	0.2165388	0.0	0.0	0.0	0.0	0.26328614	0.0	0.0	0.19104318	0.0	0.47379804	0.1810811	0.5681687	0.0	0.33170184	0.0	0.0	0.0	0.0	0.10023835	0.0	0.102367274	0.0	0.0	0.0	0.0	0.5711405	0.0	0.0	0.0	0.251922	0.0	0.0	0.0	0.49682865	0.08412489	0.0	0.1708111	0.0	0.0	0.35074177	0.0	0.0	0.0	0.0	0.11901853	0.0	0.0	0.0	0.0	0.1451673	0.0	0.53832203	0.0	0.0	0.4135245	0.0	0.0
