828.077942	25.467460923169934
828.196289	28.8614843710928
828.314636	31.216544709535484
828.433105	32.53264193849798
828.551514	32.80977605798028
828.669861	30.805100036682973
828.78833	32.752793941157215
828.906677	30.58358578533781
829.025085	26.405721480739615
829.143433	24.95728785814968
829.261841	23.385454787327845
829.38031	24.872054503179534
829.498657	26.20927942666873
829.617004	23.992363520081902
829.735413	23.05680036672897
829.85376	21.891765569735888
829.972107	19.754840031962942
830.090515	12.565924694725947
830.208862	9.91375410784245
830.327209	12.480155332827355
830.445557	17.801914667765267
830.563904	17.904998578817
830.682312	20.168196116238516
830.800659	32.5027533946531
830.919006	38.69654248370196
831.037354	44.36644513429002
831.155701	54.0254233337334
831.274048	61.35314442005594
831.392395	62.25651882522635
831.51062	52.64896152785482
831.629028	40.05427649437554
831.747314	35.751681026204494
831.865662	27.223847879192746
831.984009	27.189378735223784
832.102356	31.882017759353598
832.220642	38.46844126465753
832.338928	38.5763350159533
832.457275	35.57364559683688
832.575623	31.0469484129328
832.693909	31.364206613695814
832.812134	30.161765198283902
832.930481	34.1344131379268
833.048828	35.61331161955244
833.167114	36.6980183047617
833.2854	32.53137298170608
833.403687	30.020278439522027
833.521973	28.595468319521228
833.640259	27.369482525582924
833.758545	28.95917806091287
833.876831	31.855892137705858
833.995056	35.80636452921423
834.113281	37.156904252901796
834.231628	42.05251391838476
834.349915	44.17715257756282
834.468201	38.55463012804387
834.586426	33.72603428107516
834.704651	30.26494154850448
834.822998	27.413765215308505
834.941162	27.042619763814038
835.059448	29.0930562918204
835.177673	33.91136115916767
835.295959	38.123049928271925
835.414246	34.728124292132506
835.53241	27.984123558189292
835.650635	20.598826721830072
835.768921	15.767013107149605
835.887146	8.521137219518538
836.005371	2.7962506817767405
836.123596	0.7546638441489024
836.241821	2.23619375270127
836.360046	0.3577265300413584
836.478271	-5.484643304711195
836.596497	-6.052825944827983
836.714722	0.19432707142051386
836.832886	4.927821126662931
836.95105	3.403091820007511
837.069336	5.1158279327437715
837.1875	6.827950363964945
837.305725	2.775429496916201
837.423889	-1.7819776410264399
837.542053	-3.3550691213565647
837.660339	1.6427836308608699
837.778503	5.549277441070492
837.896667	6.171822638429676
838.014832	8.698786950342186
838.132996	14.727612778793798
838.25116	13.06790093258801
838.369385	14.304116115011023
838.487488	16.08132156533678
838.605713	17.152827284559795
838.723877	16.626902420220812
838.84198	18.86290695915449
838.960205	18.702893418895975
839.078308	22.664219922723476
839.196472	25.963403032427426
839.314636	29.914338574497947
839.4328	32.8114443235833
839.550964	32.237038363413255
839.669067	35.20847419419205
839.787231	38.32969656734657
839.905396	43.587775479621335
840.023499	49.72518440593536
840.141602	55.50820445675828
840.259766	60.255067069982644
840.377869	61.13249074963044
840.495972	55.9305687110253
840.614136	55.316009374183075
840.732239	52.652493114965225
840.850342	54.305872972522586
840.968445	52.62034349844161
841.086548	51.68253865579503
841.204651	56.52064292907026
841.322754	55.38793411926228
841.440918	53.5247268755791
841.55896	58.59988784096831
841.677002	62.83857166642018
841.795166	70.4009871853242
841.913208	70.10969175203492
842.031311	70.05347433074978
842.149353	69.20423267374687
842.267456	63.38883624619008
842.385498	55.74154072379845
842.503601	52.0221132263252
842.621643	49.48167379446319
842.739746	51.30640688374926
842.857788	48.834014379145614
842.97583	50.59482540579671
843.093933	51.46551337323388
843.211975	54.32488386685813
843.330017	52.73791951152771
843.44812	54.55097156201181
843.566101	56.46536170673883
843.684204	59.598012932783085
843.802246	57.54203074481573
843.920227	53.49657049092157
844.038269	53.10237575328856
844.156311	47.99366108346797
844.274292	40.055740181641056
844.392395	33.561380869783775
844.510376	32.54090427710666
844.628357	30.587413246989748
844.74646	31.861108412122334
844.864441	32.312223222695955
844.982422	34.80876732327755
845.100403	31.378904314532615
845.218384	28.57676830618157
845.336426	25.798501864718226
845.454468	22.223773948357525
845.572449	17.95867866858456
845.69043	18.087646012049014
845.808411	15.636670168930346
845.926453	17.142589358487875
846.044373	18.20715620854918
846.162354	22.139919619238604
846.280396	26.869468533717086
846.398315	28.207517271148532
846.516296	32.628129031352806
846.634216	32.54040261952022
846.752197	30.32748414226549
846.870178	32.02620774876442
846.988098	30.545675239463623
847.106079	34.09803005125748
847.22406	36.750393625107804
847.34198	37.673783164891944
847.4599	42.065201019970594
847.577881	43.30127656772837
847.695801	41.36687852896716
847.813782	37.20360684732003
847.931641	32.980298624179866
848.049561	35.601730181976876
848.167603	33.1047337990525
848.285461	30.454686551410262
848.403381	34.668923270586404
848.521362	37.074292126426855
848.639221	42.05825716936058
848.75708	41.66631833231982
848.875	41.950420562718676
848.99292	46.44954874412147
849.110901	44.71783463063103
849.22876	50.344033985880316
849.34668	49.90391208736269
849.464539	51.03817471562431
849.582458	54.73385621277836
849.700317	54.29833527852132
849.818176	48.70781661283
849.936096	47.41468745494855
850.053955	45.05316145314619
850.171875	48.19684835080872
850.289673	43.960473027369886
850.407593	45.05833231319482
850.525452	41.99259730467119
850.643311	40.98839108483206
850.761169	33.25785484925135
850.878967	26.928684751583937
850.996887	26.295273647537613
851.114746	21.348973653836133
851.232544	22.018355940267515
851.350403	23.693051768324732
851.468262	24.044050174987895
851.58606	31.896049936496524
851.703979	31.420049601636123
851.821777	28.570589789841797
851.939636	29.997037654832663
852.057434	30.541390590595647
852.175232	38.46771349201294
852.293091	53.55741702431
852.410889	77.2260846368657
852.528687	109.24860787768328
852.646545	127.03192364155254
852.764343	133.9353298022051
852.88208	131.82897588729534
852.999939	116.7085219963794
853.117676	94.08695178518232
853.235535	74.31493436355548
853.353271	58.25825036801298
853.471069	52.15065650144333
853.588928	44.751901791078886
853.706604	36.12041720584839
853.824402	31.47048874335203
853.9422	30.607300964228113
854.059998	31.022191012678437
854.177734	35.10260406665866
854.295532	37.697007846716545
854.413269	45.798907124971535
854.531006	50.99487549787171
854.648804	45.388803584395475
854.766541	41.55859715807448
854.884277	41.49560604504539
855.002014	36.1413642857287
855.119751	34.744789072687716
855.237549	31.71279587127081
855.355225	30.57351046820935
855.473022	30.729522610162604
855.590698	31.672153554071592
855.708435	35.8797588902747
855.826172	35.40211490321131
855.943848	37.2846455509908
856.061646	40.60745240956275
856.179321	41.52201753700828
856.296997	40.53914993381855
856.414795	45.6934737934886
856.53241	52.52177423745438
856.650085	54.887674304675244
856.767822	56.34743565174914
856.885559	61.364245397219015
857.003174	64.78224706368555
857.120911	66.35466430253086
857.238586	64.24597961082118
857.356201	61.105542399998306
857.473938	53.56752937843832
857.591614	43.90896653523669
857.709351	41.69045076104271
857.826965	39.58944858750241
857.944641	44.99770867481156
858.062317	49.59053788250941
858.179993	52.19475631929207
858.297668	55.01597561526639
858.415283	58.65805740672991
858.532959	58.90452825601045
858.650574	56.54758081634438
858.768188	52.911864517723664
858.885803	56.20515649739165
859.003479	53.85166747169801
859.121094	55.45743458844709
859.23877	55.1090167101733
859.356384	56.49468754093998
859.473999	49.7616034068799
859.591675	41.262559359221825
859.709229	36.28539459876427
859.826843	31.678571236190663
859.944458	29.28189578339945
860.062012	32.04554810433437
860.179626	30.861286412977282
860.297302	29.629497397226608
860.414856	27.67916329134612
860.532471	29.222370143694157
860.650024	27.904106931465133
860.767639	26.752478913222895
860.885193	27.843227854204457
861.002808	31.256400754286528
861.120361	28.7949864388096
861.237976	24.110479922714596
861.35553	28.486394623468744
861.473022	30.868579927391124
861.590698	31.98644603983285
861.708191	36.69493381633351
861.825745	37.57193921464622
861.943298	38.641234892674206
862.060852	30.805377842558052
862.178406	22.341401139722848
862.295959	16.39211531127985
862.413513	11.093852641075053
862.531006	0.8405209074453843
862.64856	-3.3765818674966255
862.766113	-8.85835211941278
862.883667	-6.4771175808350545
863.00116	-8.516455265461207
863.118713	-2.580277519545338
863.236206	8.017560412776078
863.353699	21.3614633937894
863.471252	26.68304827286007
863.588745	43.506109109106326
863.706177	55.659665224049704
863.82373	70.53548953083168
863.941162	78.67902399985314
864.058716	85.31755548619742
864.176208	82.50519398889318
864.29364	73.13802367543838
864.411194	53.44765613719606
864.528687	41.20030244843416
864.646118	23.084281536389067
864.763611	12.837684824462034
864.881042	10.932356655176404
864.998535	7.320678950328217
865.116028	3.493996423669838
865.233459	7.506396298307575
865.350891	6.314608633588617
865.468384	11.143722925525228
865.585754	11.389859002964238
865.703308	8.890672858333442
865.820679	7.615866207362756
865.938171	7.500506499829429
866.055542	4.555416061527354
866.173035	8.187526141791906
866.290466	4.143612245162544
866.407837	6.5210657869231365
866.52533	10.08182937384239
866.6427	7.137594671130124
866.760071	7.218689892838153
866.877563	14.138993959761443
866.994934	15.437480347200035
867.112305	17.973497431140913
867.229736	15.37477302759238
867.347107	19.784185472142262
867.464539	24.54375127996373
867.58197	23.162152292197206
867.699341	20.492222779869696
867.81665	23.373818174161215
867.934082	21.92384016669736
868.051453	19.43019716125287
868.168823	18.431878141065212
868.286194	22.9570422024289
868.403564	20.198346898012147
868.520935	15.811664856107221
868.638306	14.190946364494522
868.755676	23.424971174049794
868.872986	29.4076978028304
868.990295	37.34477103897259
869.107727	44.82712860380793
869.225037	48.71409850755773
869.342346	50.89314538792925
869.459717	52.48117360977413
869.577026	55.577764715159546
869.694336	59.16346988584287
869.811707	64.01968500321505
869.929016	67.31525683538709
870.046326	69.58917009468897
870.163635	70.54057458653241
870.280945	78.01579540095688
870.398254	79.77677180354833
870.515564	82.9014304507302
870.632812	82.96337968384161
870.750183	85.15527740698181
870.867432	86.60699996517864
870.984741	90.51336663112752
871.102051	98.29430958201633
871.219299	104.74202536911923
871.336609	110.36736357375403
871.453918	116.26556182722032
871.571106	118.44960416796624
871.688416	114.53206816658933
871.805664	112.38957465074944
871.922852	111.448538339582
872.040222	111.8215213348198
872.157471	116.29854475357988
872.274719	119.32768070298881
872.391968	115.25306912069351
872.509155	110.93834533764354
872.626465	103.42031483745231
872.743652	99.76172904413274
872.860962	98.9041530704381
872.978149	95.50991727176391
873.095337	100.16557275039489
873.212646	95.57675670979363
873.329834	90.41660564397455
873.44696	82.41023382062184
873.564209	75.95156952100263
873.681396	73.26569569795268
873.798645	72.69676553396965
873.915894	70.9049414009719
874.03302	72.43347700451582
874.150208	74.34514639522051
874.267456	81.45160882794123
874.384583	82.92385037468728
874.501831	85.95666727996436
874.618958	91.23400590925596
874.736145	99.32078594596754
874.853333	103.27760587112081
874.970459	103.81871377858954
875.087646	105.4722426840166
875.204834	100.99356824451108
875.32196	96.02985421397435
875.439148	90.8992547822593
875.556274	87.76191729363887
875.673401	88.16760120287378
875.790527	84.45610723429161
875.907715	81.67285241452674
876.024841	80.61219545595586
876.141968	73.30872459188956
876.259094	76.10439839886745
876.376282	75.96671549090473
876.493347	78.33937326642737
876.610474	78.51021650488684
876.7276	74.35582931273068
876.844727	73.15322368662879
876.961853	76.03441960263638
877.078918	71.44741863211607
877.195984	72.115127620718
877.313171	71.46391445070027
877.430237	72.9829181662866
877.547302	67.95564793905257
877.664368	69.16777938823357
877.781433	65.4893999664947
877.898499	67.20402083742005
878.015625	61.205540667707645
878.13269	60.255819651148926
878.249695	59.850486375973276
878.366821	52.91589736464843
878.483887	45.97797146105058
878.600952	45.019367092450935
878.717957	39.31925018737951
878.834961	38.48146704884783
878.952087	38.23974243083039
879.069092	44.252041719802634
879.186157	40.561606471790526
879.303162	35.711670761338254
879.420227	29.17187482880242
879.537231	19.167300392920282
879.654236	13.02904749975776
879.77124	10.531971876002
879.888306	11.19333483449953
880.005249	15.805300489702962
880.122314	13.688164190451463
880.239319	16.716326287703705
880.356323	14.337785798566605
880.473328	9.095801593152407
880.590271	1.1699603827506724
880.707275	-2.818573671833833
880.824341	-2.4477728138818473
880.941284	-0.9536082332836251
881.058228	-0.2560354140669484
881.175232	1.2726075711702243
881.292236	3.517572695043467
881.40918	8.840324075217909
881.526123	4.591478092465078
881.643066	6.580532854886114
881.760071	12.9156865375897
881.877014	14.352331203724518
881.993958	14.922908281819172
882.11084	11.270251717339878
882.227783	8.353209936551597
882.344727	4.009444181865957
882.46167	-3.351995036536323
882.578613	-4.941082265235771
882.695618	-0.34008839270966695
882.812439	3.279975634231063
882.929382	5.655038395768227
883.046326	5.715829074086002
883.163208	5.306499983680599
883.280151	2.833982841558612
883.397034	2.3610409453943015
883.513916	4.526199670144153
883.630798	12.156312465369936
883.747742	18.898566861354915
883.864563	24.415300540160906
883.981506	29.866697492104983
884.098389	34.98219219711709
884.21521	39.118922914382
884.332153	45.157857375773276
884.448975	53.28945491115262
884.565796	63.608979513521916
884.682678	77.07963110619181
884.7995	96.5217442274655
884.916443	121.88122435047723
885.033264	152.8268878857411
885.150085	183.8046218020148
885.266968	211.88152387312016
885.383789	232.57922254998405
885.500671	246.5730595196959
885.617493	251.07512151151786
885.734314	250.40357345348323
885.851196	252.16664284945404
885.967896	251.6197115867024
886.084717	246.22380714988168
886.201599	240.49189516545636
886.318359	234.55381153574825
886.435181	229.32946640101684
886.552002	220.4659836403991
886.668762	213.51528988519163
886.785645	209.98384801874136
886.902344	198.33698879357092
887.019165	188.37986030825138
887.135925	180.94576446802654
887.252747	175.07794189607247
887.369446	166.7741973714751
887.486267	155.10157140738897
887.603027	144.2072009617805
887.719788	133.66679876627504
887.836548	118.61668802600994
887.953247	103.3078798670295
888.070068	90.15808408202491
888.186829	79.98325745008871
888.303528	69.30714968639475
888.420288	53.06694079719355
888.536987	39.75823004588053
888.653687	34.13639691409938
888.770447	28.331253395002186
888.887146	16.152246949900665
889.003967	12.071194517796688
889.120667	9.178929399858774
889.237305	5.97756346136707
889.354065	-3.885767978105034
889.470703	-11.101599153382336
889.587463	-9.005456267910052
889.704163	-7.0843978983841245
889.820862	-10.186951273986647
889.937561	-6.239515797550455
890.054199	-5.324361745459838
890.170837	-3.0778460194309094
890.287598	-3.599510844094446
890.404236	-4.023549268629402
890.520874	4.427113634291573
890.637634	10.107482078174097
890.754211	14.028397714958754
890.87085	19.029737148385088
890.987549	21.579043527341973
891.104187	29.156860569066716
891.220886	31.97318629015742
891.337463	40.7747831320934
891.454102	53.321429023980855
891.57074	61.30795608890938
891.687378	62.37074273926471
891.804077	61.66350593236142
891.920654	62.93949991089745
892.037231	62.77883992431231
892.15387	60.85471401905716
892.270447	65.44636287137067
892.387085	68.51485194721234
892.503723	69.5472156295062
892.6203	59.448220282693995
892.736877	53.423527887433295
892.853516	49.17011260695531
892.970032	41.57977351181411
893.08667	32.60924279341669
893.203186	24.17195197196108
893.319763	18.99087470259173
893.43634	17.48160475804099
893.552917	10.282677825028603
893.669556	13.125727480393325
893.786011	18.686081094250717
893.902588	23.09794907861923
894.019165	23.545346816665116
894.135681	22.961178328540292
894.252197	25.005649041800048
894.368835	24.786980946595307
894.485291	18.458877573063162
894.601868	16.913120277063854
894.718384	15.97656665194633
894.8349	13.841869046170926
894.951355	12.6952063432377
895.067932	10.23354068216759
895.184448	10.48503604689093
895.300964	8.91074648783362
895.417419	8.283406868319819
895.533936	3.4623348218731693
895.650452	5.185646554888477
895.766907	8.927375056689035
895.883423	8.39533507699531
895.999878	8.728062052792247
896.116333	6.624711603902872
896.232849	7.180544955230335
896.349304	10.640170101665069
896.465759	5.027427605198032
896.582214	8.249278672217052
896.698669	12.329550645700685
896.815125	13.917646400090138
896.931641	17.496262943846393
897.048035	13.448551310911618
897.164551	12.410909898530893
897.280884	13.99376927142248
897.397339	12.532645638836636
897.513794	12.551408434455166
897.630249	15.610676012518887
897.746582	20.232145004013187
897.863098	20.019738402811743
897.979431	19.380412169290192
898.095886	20.67784930930902
898.212341	24.622038193366244
898.328674	26.72813863886084
898.445129	29.071978632555258
898.561462	28.75313863202529
898.677795	26.288967923174248
898.794312	22.83969007580237
898.910645	23.591467433616707
899.026978	25.410148932273742
899.143433	25.776275611342506
899.259766	28.241809433779704
899.37616	31.482131122095346
899.492493	31.77648523326447
899.608765	34.29806521939733
899.725159	32.66379864557544
899.841553	32.12477859537161
899.957947	29.34772092745247
900.07428	25.527440493090033
900.190552	24.889063594667952
900.306946	24.328743770637242
900.423157	25.872481334367777
900.53949	26.11122145550899
900.655884	23.577465638059035
900.772156	22.786372832696067
900.888489	25.560497371206594
901.004822	26.59033390296788
901.121033	31.28066253603756
901.237366	39.65534704114103
901.353699	44.51959100173786
901.46991	48.245717373132024
901.586304	49.664934611318515
901.702515	53.779411371653026
901.818787	59.63463622409718
901.93512	64.13323865103494
902.051331	72.07392222032176
902.167603	83.46323423077516
902.283875	91.15399367822181
902.400085	103.17868666324979
902.516418	112.31873077966853
902.632629	122.05682518257402
902.74884	132.51203431296565
902.865112	142.19737227222663
902.981384	145.01543303575386
903.097595	150.54850208554174
903.213867	146.84204059628706
903.330017	144.25318915495006
903.446289	141.719203828122
903.5625	141.04744600393093
903.67865	145.5258093935721
903.794922	142.7473737090211
903.911072	140.50001223513357
904.027344	134.53698926652046
904.143494	122.67864675989168
904.259705	106.24315357334018
904.375916	94.08766874509838
904.492065	88.42213505616184
904.608215	83.72275108690872
904.724426	76.29686025860397
904.840576	71.42585832844469
904.956726	63.24176653524791
905.072876	58.75756912868001
905.189087	53.43429589914985
905.305176	53.501385804901375
905.421387	52.662282743861525
905.537537	50.74598560708165
905.653687	48.005725016565854
905.769775	41.0345753552561
905.885925	35.3801398723573
906.002014	28.836788913221767
906.118164	27.90234128108853
906.234314	29.109261830655072
906.350403	26.95104045361269
906.466492	24.574845261382507
906.582642	23.24690315648146
906.69873	23.187976083556837
906.814758	23.60152716604268
906.930908	19.45290794917289
907.046936	18.426087233507786
907.163086	17.38036983287047
907.279175	14.869847701497939
907.395264	7.468086054887807
907.511353	6.571191104860366
907.62738	5.655326521021827
907.743408	7.614421944805972
907.859497	8.758000342270757
907.975525	10.564402843445516
908.091553	11.743574479591373
908.207703	9.083375584976771
908.32373	7.901973140138187
908.439758	10.606287865803287
908.555786	10.91708884762884
908.671814	17.576769278072973
908.787842	19.542053121375005
908.90387	16.488252340445086
909.019775	16.48245199701396
909.135864	12.379614512766345
909.251892	16.309603004292565
909.367859	15.194491217855049
909.483826	20.248553602844048
909.599854	23.33756359193108
909.715881	23.69312590001983
909.831848	19.583624254505246
909.947815	19.991733238924155
910.063782	17.28757010244868
910.179749	19.202722303423812
910.295776	16.371381648963332
910.411743	17.37145828878539
910.527649	17.447521269500264
910.643616	20.439389189111598
910.759583	18.357868748204115
910.875488	19.646671267644095
910.991455	20.130471752684652
911.107361	22.62959405540215
911.223267	19.408093484576803
911.339294	18.336094443038913
911.4552	19.656002078931373
911.571106	14.41974648690574
911.687073	8.358909205291393
911.802979	9.239704119143045
911.918823	11.73313847634771
912.034729	14.362995830903692
912.150635	12.241823261034057
912.266602	17.148834675597943
912.382446	19.975797837761245
912.498352	17.512948266400514
912.614197	12.083676771136572
912.730103	3.6879833519694616
912.846008	-7.674131991100844
828.077942	26.61807272838539
828.196289	21.21862840444194
828.314636	17.48801401865488
828.433105	15.426229571024214
828.551514	15.033275061549919
828.669861	17.154614281623413
828.78833	19.511874395669757
828.906677	23.273879317849506
829.025085	29.001256706598134
829.143433	29.7264665547116
829.261841	27.546896023847466
829.38031	27.10108809961067
829.498657	26.696387470491842
829.617004	25.71807211890561
829.735413	24.951852803592224
829.85376	23.512446961175584
829.972107	22.423669949755933
830.090515	14.17035845940778
830.208862	11.715706278312908
830.327209	13.349766094185588
830.445557	8.890710489023238
830.563904	8.875330072248715
830.682312	11.085013836799973
830.800659	17.876898809933643
830.919006	28.64492191703176
831.037354	38.65964934436483
831.155701	50.042272952326606
831.274048	54.36423991435312
831.392395	48.66233581944516
831.51062	44.9711927989358
831.629028	39.74535591744791
831.747314	38.67746763404827
831.865662	39.80648300818563
831.984009	46.81421240300992
832.102356	46.423582564991364
832.220642	43.29911020102936
832.338928	42.60744686547562
832.457275	40.91784254549124
832.575623	38.243284235062916
832.693909	35.605419345838655
832.812134	31.090813863743367
832.930481	29.361793721677554
833.048828	23.342598184490164
833.167114	19.269153082718972
833.2854	18.453134028626835
833.403687	17.091491930962086
833.521973	17.900679687101487
833.640259	22.3482206555411
833.758545	27.06829306338898
833.876831	31.944014271413458
833.995056	36.07061417705874
834.113281	36.59094386915092
834.231628	34.766894346372254
834.349915	31.594118250153166
834.468201	28.371322603692036
834.586426	29.942630897795656
834.704651	24.515824356873672
834.822998	22.87877642755449
834.941162	26.070438434684732
835.059448	30.532367195102367
835.177673	34.355443541996586
835.295959	37.0223316092929
835.414246	35.204034470911424
835.53241	31.084504081630435
835.650635	23.39533551821325
835.768921	15.922223161296179
835.887146	11.554768189664255
836.005371	9.907678911002092
836.123596	7.619457758692782
836.241821	4.365417851242996
836.360046	0.836033475136498
836.478271	-0.9990154113889528
836.596497	-1.4254589434171605
836.714722	-5.469262949332135
836.832886	-4.2408241464704
836.95105	-3.4500895671552447
837.069336	-1.5494334130637248
837.1875	-3.960926359925538
837.305725	-1.6520690815331665
837.423889	-3.0579145140861135
837.542053	-5.349440000776437
837.660339	-4.647816918301795
837.778503	-1.8426288124983707
837.896667	1.6202813277108112
838.014832	4.816722507792301
838.132996	10.168808529409937
838.25116	14.797824353495331
838.369385	13.753600660226333
838.487488	13.765613266634917
838.605713	13.303619389013388
838.723877	14.679348400370014
838.84198	11.522720118598237
838.960205	13.232061197481585
839.078308	18.19052777947202
839.196472	18.47826999807732
839.314636	18.318271841696294
839.4328	18.433519841217702
839.550964	20.410658528329776
839.669067	26.72807795168388
839.787231	31.595781174438926
839.905396	41.09390957688795
840.023499	47.18138470821435
840.141602	52.721888159043274
840.259766	55.503346245155555
840.377869	55.231436445589324
840.495972	54.8694101324009
840.614136	53.58613827035375
840.732239	55.12625166945607
840.850342	52.78417286792326
840.968445	50.73093428993724
841.086548	49.63325453963024
841.204651	48.86780102984206
841.322754	51.77659425067325
841.440918	58.848864777139454
841.55896	61.20369391540859
841.677002	63.090044000043065
841.795166	66.79799212802736
841.913208	66.18256131739341
842.031311	65.90613177317152
842.149353	62.21116222471319
842.267456	56.550061510706854
842.385498	53.4596810273829
842.503601	48.26905035005998
842.621643	40.779071478334245
842.739746	41.230039868505344
842.857788	40.71290269245867
842.97583	47.56534701713862
843.093933	46.39997570365908
843.211975	42.17784416561902
843.330017	42.78860914915472
843.44812	44.844854593342475
843.566101	48.853096009372294
843.684204	53.391294459985374
843.802246	54.316623904672966
843.920227	59.2719618880607
844.038269	52.233549112905976
844.156311	48.47629199877013
844.274292	44.44827404461025
844.392395	39.48719736851618
844.510376	40.294377957947745
844.628357	38.508372329734954
844.74646	37.882453760101654
844.864441	34.97724428088084
844.982422	29.69971348663961
845.100403	28.876725161134345
845.218384	22.956351743505554
845.336426	18.77629320230845
845.454468	15.440459936707907
845.572449	14.948884539057929
845.69043	16.972576237350783
845.808411	16.645753514851506
845.926453	15.507418288995297
846.044373	15.596551810759962
846.162354	11.672918632759117
846.280396	14.836102597528305
846.398315	15.975739435202769
846.516296	22.3429480760415
846.634216	26.69314724725554
846.752197	32.474417798946476
846.870178	36.429221322942084
846.988098	38.483975352559824
847.106079	37.673333818729674
847.22406	36.31333550347266
847.34198	34.09880669086424
847.4599	35.56008262435735
847.577881	29.62357582762844
847.695801	32.83908974797328
847.813782	35.60276958190627
847.931641	34.260941491923326
848.049561	32.91535139704676
848.167603	27.05521241481499
848.285461	25.208672097682182
848.403381	23.88657174486646
848.521362	25.201473838563984
848.639221	33.11660013942105
848.75708	40.2813469374547
848.875	44.516057791083355
848.99292	48.06101664162653
849.110901	51.24524734887927
849.22876	53.35664019029473
849.34668	52.847584069401535
849.464539	55.68346031070733
849.582458	54.940048034919215
849.700317	53.20827586868023
849.818176	48.04876423771788
849.936096	46.673640793252716
850.053955	47.37079899606057
850.171875	48.757138799055355
850.289673	47.828337605685405
850.407593	47.02812961321288
850.525452	43.241802899923854
850.643311	37.469372402827105
850.761169	32.6675681286775
850.878967	26.087462956289087
850.996887	23.06673989234539
851.114746	26.01882909174614
851.232544	23.186154686515806
851.350403	21.936703018187067
851.468262	22.898173170456584
851.58606	24.75240688427677
851.703979	28.332740489799725
851.821777	28.688952892164323
851.939636	30.100281596299112
852.057434	35.24855105617389
852.175232	37.92163590960439
852.293091	53.27973487265655
852.410889	77.46353979733107
852.528687	107.56828873226809
852.646545	128.25849450774894
852.764343	140.42159372036258
852.88208	137.56193521441543
852.999939	125.00418353605784
853.117676	102.79811893807188
853.235535	82.43943215263477
853.353271	68.66403357658311
853.471069	60.989229505303044
853.588928	48.44749594364431
853.706604	44.151376031152736
853.824402	41.21125924108081
853.9422	39.412849113825054
854.059998	36.844884792820665
854.177734	35.866672241659714
854.295532	43.52364813340701
854.413269	47.68377536254707
854.531006	48.22583450737542
854.648804	50.24505734900366
854.766541	45.975193015289406
854.884277	42.760404335103004
855.002014	38.71105562345046
855.119751	35.37259996253901
855.237549	34.44199517517085
855.355225	31.655158317002243
855.473022	27.001258255113633
855.590698	28.330922628778406
855.708435	25.16146712760361
855.826172	31.486390073471103
855.943848	32.94418821846588
856.061646	37.25349051712456
856.179321	39.663180908394175
856.296997	42.53038805608884
856.414795	43.82047142003073
856.53241	48.444674311793804
856.650085	47.2125065506342
856.767822	53.528714016815194
856.885559	51.696310120639126
857.003174	57.509654315042965
857.120911	60.014177620415964
857.238586	58.867868676856006
857.356201	57.16596405462195
857.473938	55.397618583778964
857.591614	53.07145979113051
857.709351	49.29137439842161
857.826965	47.249980148630456
857.944641	49.25677423987315
858.062317	52.19485528304692
858.179993	50.05121604799616
858.297668	49.27172738001882
858.415283	47.79358374511227
858.532959	49.707670566772684
858.650574	44.81700267151249
858.768188	45.621553919070465
858.885803	47.33775932707613
859.003479	50.48723215391344
859.121094	48.68899659367975
859.23877	49.08372412997238
859.356384	43.11077085257202
859.473999	44.27010713531359
859.591675	37.672104115729134
859.709229	32.325380599039065
859.826843	27.693117730192753
859.944458	23.690880055993645
860.062012	20.177938848477936
860.179626	21.256009586495715
860.297302	21.957514263567248
860.414856	29.371176143336186
860.532471	28.76535917679702
860.650024	27.598905984435397
860.767639	25.91940317830358
860.885193	20.205190763295192
861.002808	16.917268965628615
861.120361	21.129190302976212
861.237976	25.41669327968107
861.35553	35.22130111303651
861.473022	40.06462189387449
861.590698	43.33407554696109
861.708191	41.75256926524721
861.825745	33.772458736914366
861.943298	26.618816126557466
862.060852	20.61844169394666
862.178406	12.899018828767225
862.295959	6.363099290178678
862.413513	2.376452493377567
862.531006	-1.0263200110419906
862.64856	-4.072529382143355
862.766113	-2.1691252076229954
862.883667	-0.7035789485746387
863.00116	3.8630486557160975
863.118713	9.34892433959213
863.236206	15.167460881040414
863.353699	26.7082467742448
863.471252	35.551369924110205
863.588745	48.79203993655296
863.706177	60.787401094443126
863.82373	70.15648584640982
863.941162	78.87978782541572
864.058716	82.67375815117049
864.176208	79.00807801172837
864.29364	65.25933785498594
864.411194	50.54874649676719
864.528687	40.670640453116235
864.646118	24.91505719562823
864.763611	13.649944503110369
864.881042	6.6934536906153514
864.998535	3.097521642092447
865.116028	1.9119250754168835
865.233459	-1.7053600623329013
865.350891	1.5487103240957438
865.468384	7.035584125632001
865.585754	3.0496448444795066
865.703308	5.852785015814008
865.820679	2.265351888066239
865.938171	0.6791191144407547
866.055542	3.9057732173231807
866.173035	0.20073113727848746
866.290466	3.1441037432086905
866.407837	6.225062268654148
866.52533	3.666594617416405
866.6427	12.548796886332745
866.760071	15.785120776018708
866.877563	22.90806351474081
866.994934	25.7228344555995
867.112305	27.32904290251324
867.229736	28.183421133407492
867.347107	25.675601544692295
867.464539	22.63244982237174
867.58197	20.87650124850734
867.699341	20.396954376671207
867.81665	19.97305924647494
867.934082	14.433839431655553
868.051453	14.649455122236676
868.168823	12.38616880762645
868.286194	15.87993261861724
868.403564	21.678383350018443
868.520935	26.87029502095691
868.638306	32.704597217324995
868.755676	35.847992600467194
868.872986	34.57106371247372
868.990295	33.830538115742016
869.107727	36.743328029122836
869.225037	44.34192214268526
869.342346	45.82330949118621
869.459717	49.27409204042196
869.577026	49.93454465509829
869.694336	50.81335775912758
869.811707	50.55339986582075
869.929016	52.31269608641519
870.046326	61.266595758215544
870.163635	70.02766973868935
870.280945	75.00285040034346
870.398254	81.98221676389267
870.515564	80.07183527101864
870.632812	79.42973108254137
870.750183	83.91306553042341
870.867432	85.16470327137736
870.984741	92.36647787623133
871.102051	98.18507609446883
871.219299	107.24386461554438
871.336609	115.67057744576309
871.453918	113.80720674626414
871.571106	113.77496289377535
871.688416	114.01975804686597
871.805664	114.16713208349853
871.922852	112.72142310723831
872.040222	111.79952351287915
872.157471	111.20877171085705
872.274719	114.56607225335296
872.391968	116.29998198955062
872.509155	116.72002507102495
872.626465	113.39114687379723
872.743652	111.34579709803063
872.860962	102.65974119742313
872.978149	94.51695563992028
873.095337	84.94988002704346
873.212646	82.93255089393261
873.329834	82.43031374224579
873.44696	79.85659586985666
873.564209	75.54472091916705
873.681396	74.5899031604195
873.798645	71.9401933313531
873.915894	65.67999766623183
874.03302	64.7162076799174
874.150208	66.01419632354484
874.267456	70.53281057424684
874.384583	76.13351435291008
874.501831	83.53924419976869
874.618958	94.08979247164385
874.736145	103.20722356875254
874.853333	104.2833066343967
874.970459	108.21627423868057
875.087646	103.95417459935135
875.204834	101.57273143207985
875.32196	98.49400201905496
875.439148	95.02315528474657
875.556274	90.00648748253668
875.673401	87.10631386146272
875.790527	81.32693896963136
875.907715	81.64018842997343
876.024841	75.34258715821088
876.141968	73.33236145279746
876.259094	76.69173138473467
876.376282	78.63927957308522
876.493347	79.18364022930132
876.610474	78.59967284121281
876.7276	78.14924461347144
876.844727	75.33880648421271
876.961853	67.16618096938706
877.078918	63.098851812076155
877.195984	66.58483582395914
877.313171	65.40115206234942
877.430237	65.6776340918718
877.547302	64.15450298114747
877.664368	67.31007705544067
877.781433	64.375917680288
877.898499	64.24809220180464
878.015625	60.75123729853696
878.13269	61.70782133555424
878.249695	55.955466358292355
878.366821	52.41187298125628
878.483887	48.481750066755794
878.600952	53.00057203956183
878.717957	53.36222556257133
878.834961	57.13592694399989
878.952087	51.52293530476062
879.069092	48.616282679254944
879.186157	41.630207874533156
879.303162	40.36552225910117
879.420227	35.28104508819304
879.537231	31.60618856403653
879.654236	25.436123414836587
879.77124	17.48726510251985
879.888306	7.634018881635928
880.005249	6.58413435392946
880.122314	2.7271722027548964
880.239319	6.487317066318492
880.356323	8.3255566198712
880.473328	8.962642518472718
880.590271	6.952626637709047
880.707275	4.258674363200907
880.824341	0.4197065238926374
880.941284	4.275516375329843
881.058228	2.2827744720050345
881.175232	0.2812603391266295
881.292236	-0.11867447790481522
881.40918	-2.4625012312666166
881.526123	-4.427747665507239
881.643066	-3.817467476265148
881.760071	-3.8481289429642267
881.877014	1.6014752745684975
881.993958	5.700169427294368
882.11084	7.231500915532317
882.227783	6.706286887597714
882.344727	4.615888269007843
882.46167	2.5230548343361012
882.578613	4.639908825164302
882.695618	6.676404118266653
882.812439	8.095743498836764
882.929382	10.23559947559727
883.046326	11.834071502467907
883.163208	12.518871089085614
883.280151	13.510789760848258
883.397034	14.418051469912964
883.513916	20.766631626402365
883.630798	22.519749686734805
883.747742	24.72502714857989
883.864563	24.748265552807823
883.981506	28.297269119445282
884.098389	31.856884762594614
884.21521	33.502866654510825
884.332153	42.280685917277836
884.448975	56.18166896349173
884.565796	69.31406810978115
884.682678	84.86402828411761
884.7995	106.20816230574712
884.916443	133.008827011076
885.033264	156.1859221116584
885.150085	185.16585499545383
885.266968	211.71052953618124
885.383789	237.51689975157177
885.500671	251.35121731281356
885.617493	255.26106762847922
885.734314	257.0581229161394
885.851196	255.3744209576369
885.967896	250.9610153235399
886.084717	248.194518569633
886.201599	244.5121394087568
886.318359	239.06103040297546
886.435181	230.77408930775914
886.552002	219.46510722606308
886.668762	206.76393340981122
886.785645	197.3934815115142
886.902344	194.704364289203
887.019165	188.5320336178824
887.135925	182.01065798611916
887.252747	171.15750477205106
887.369446	165.3621544168259
887.486267	149.3106958621378
887.603027	133.0528642921631
887.719788	121.10593176160774
887.836548	114.22959909205186
887.953247	101.98873134206823
888.070068	89.69064985650527
888.186829	78.7811827200641
888.303528	66.0005310447819
888.420288	46.74907949254633
888.536987	33.66095669078061
888.653687	25.15171656997968
888.770447	19.27325039502403
888.887146	15.259249490964622
889.003967	13.131316964145663
889.120667	11.207560744508932
889.237305	6.583166658821346
889.354065	1.9485578792207505
889.470703	-2.45823411228269
889.587463	-6.552834222344986
889.704163	-9.268207929683555
889.820862	-11.329529452198862
889.937561	-13.163221374212718
890.054199	-10.516079143272837
890.170837	-11.799370225841663
890.287598	-9.244686367938852
890.404236	-3.916966379112603
890.520874	3.1773080340279956
890.637634	9.04898056834482
890.754211	13.395038603130851
890.87085	19.741507450766107
890.987549	28.88493697210602
891.104187	34.88596109722753
891.220886	38.96323827582958
891.337463	46.52370647671659
891.454102	55.47433207343267
891.57074	60.12466804354892
891.687378	64.32321622980659
891.804077	69.3470724429647
891.920654	75.2157269024982
892.037231	78.23440521666306
892.15387	75.400972767532
892.270447	70.09640368946584
892.387085	68.36185173943892
892.503723	63.846690627141044
892.6203	60.51845894574275
892.736877	54.4616082776529
892.853516	48.33848246373163
892.970032	41.569020804552
893.08667	32.98008707184758
893.203186	23.13230064330692
893.319763	19.207511339545036
893.43634	18.112656641629062
893.552917	16.99276745759868
893.669556	18.997227990557448
893.786011	15.433401884070314
893.902588	14.498271352483663
894.019165	13.34771475167016
894.135681	12.241478152726614
894.252197	12.95881781070233
894.368835	13.534366921864521
894.485291	13.736552913612254
894.601868	13.478808195784252
894.718384	11.25466333671404
894.8349	9.185348112951885
894.951355	7.534968762824378
895.067932	5.405255166804976
895.184448	4.856846159272989
895.300964	5.145177430860093
895.417419	7.523514890387922
895.533936	7.035172437565718
895.650452	7.489710561121081
895.766907	3.547324899025197
895.883423	1.905021252386387
895.999878	2.23381579273606
896.116333	7.47529980678531
896.232849	15.034267195496383
896.349304	19.65966095130039
896.465759	22.853680054997596
896.582214	21.021123481214055
896.698669	18.867636630997517
896.815125	14.947382684361884
896.931641	12.760372864246149
897.048035	13.609668748444493
897.164551	13.726903215718565
897.280884	12.954104164577707
897.397339	15.321588081370649
897.513794	16.160578812082427
897.630249	16.092295456408166
897.746582	13.476091272783503
897.863098	10.400731765647137
897.979431	6.924682047100726
898.095886	10.060970008355124
898.212341	12.567197428084372
898.328674	18.363280495175133
898.445129	25.159240917863606
898.561462	30.62608239607775
898.677795	27.315780960404354
898.794312	21.84310032651128
898.910645	22.366058991021035
899.026978	24.529721359830596
899.143433	24.399038760197918
899.259766	28.21427955546858
899.37616	31.992810535992863
899.492493	32.132918603917005
899.608765	25.710389334965114
899.725159	24.439547609072868
899.841553	28.500052741712608
899.957947	29.322684741190567
900.07428	31.762426540769297
900.190552	34.57470239520306
900.306946	32.250898797898635
900.423157	28.765062773138702
900.53949	27.454887420964575
900.655884	27.31823686545454
900.772156	24.742559070855982
900.888489	24.72139864381738
901.004822	22.005850878626088
901.121033	24.88380735915133
901.237366	29.437568053099476
901.353699	32.99830527241197
901.46991	41.48379132253298
901.586304	43.90488325900983
901.702515	45.419588880560354
901.818787	51.12101084988355
901.93512	54.85333221963856
902.051331	64.99750285378497
902.167603	78.16396146168839
902.283875	88.91331462438403
902.400085	100.14600924083442
902.516418	113.10016831437468
902.632629	121.30394102869762
902.74884	133.36123578497873
902.865112	136.315365197761
902.981384	138.25506590295333
903.097595	142.7258223789388
903.213867	148.49170611981788
903.330017	147.32110880282218
903.446289	154.03223453801456
903.5625	147.73979965272235
903.67865	152.18190981706715
903.794922	141.85423758740893
903.911072	136.1182446974228
904.027344	129.67740727609453
904.143494	126.72868608473378
904.259705	115.58375195151238
904.375916	107.44391519489048
904.492065	94.93686285627804
904.608215	89.09939478576241
904.724426	76.40335171306648
904.840576	70.0911634466158
904.956726	61.48965150915736
905.072876	56.748158889192794
905.189087	53.091779761192925
905.305176	50.30622527976567
905.421387	45.677185568601274
905.537537	42.08776724832767
905.653687	40.8561312511993
905.769775	39.08184079854925
905.885925	34.052754283235615
906.002014	32.569730980024474
906.118164	33.32106131882475
906.234314	31.0448332588255
906.350403	23.647951949814
906.466492	21.775416326366408
906.582642	21.074401030301484
906.69873	17.492936119882028
906.814758	15.911969304098363
906.930908	17.06741036376426
907.046936	17.52201152014068
907.163086	16.420787438533026
907.279175	13.400076730238744
907.395264	14.394912056633096
907.511353	14.087109514354513
907.62738	11.173607523624412
907.743408	12.26478170578444
907.859497	8.038115897279303
907.975525	6.547703098463906
908.091553	7.663655400465365
908.207703	10.621879249751558
908.32373	10.653956462961181
908.439758	10.168968068104903
908.555786	11.649585116530861
908.671814	15.30140320777302
908.787842	9.713180730595052
908.90387	7.304817767821033
909.019775	10.249460164192469
909.135864	13.144495854417631
909.251892	15.336240547884309
909.367859	12.558459499387263
909.483826	16.404219068924835
909.599854	19.341029081029355
909.715881	23.747685647461843
909.831848	22.11552140089053
909.947815	24.08089594477592
910.063782	21.46198412930258
910.179749	19.717652102051385
910.295776	15.897682303976149
910.411743	17.49341116778357
910.527649	22.30569140345188
910.643616	30.843179551809854
910.759583	28.737901220418067
910.875488	27.182492070258153
910.991455	24.23756432991101
911.107361	18.83167337171676
911.223267	19.410699057241434
911.339294	15.825291678781952
911.4552	14.495351749331148
911.571106	12.301820052721311
911.687073	10.807454466140737
911.802979	10.215705954179459
911.918823	16.57854111488073
912.034729	14.588580440264984
912.150635	15.014218762923313
912.266602	11.643330391528028
912.382446	9.486732713298993
912.498352	9.540734497679153
912.614197	10.775472134732741
912.730103	13.190945624459761
912.846008	16.78715496686021
828.077942	29.04970758998878
828.196289	22.94463280906355
828.314636	18.663149683882377
828.433105	16.20525821444526
828.551514	15.570958400752179
828.669861	18.79142842344404
828.78833	21.009723865061112
828.906677	23.972590641662734
829.025085	23.273123853150263
829.143433	21.543350493898004
829.261841	17.817887122085573
829.38031	18.358653387818208
829.498657	18.07689022189642
829.617004	18.013719988417176
829.735413	15.379096182396193
829.85376	14.056134897932196
829.972107	9.53618444546205
830.090515	7.3278916182370715
830.208862	7.141204445314974
830.327209	11.593016313210116
830.445557	16.713621402825574
830.563904	17.91859793714309
830.682312	19.788035017462583
830.800659	28.663916018279004
830.919006	39.167447668154864
831.037354	49.27698495446778
831.155701	56.82800205733628
831.274048	60.96553560133788
831.392395	63.97528519038883
831.51062	55.99577532524309
831.629028	45.34951255088398
831.747314	35.99320459259657
831.865662	29.02640851654281
831.984009	25.6742207021124
832.102356	23.142247959209755
832.220642	27.32011151199197
832.338928	33.50649407180784
832.457275	38.26198430191231
832.575623	41.2727261452134
832.693909	39.09283134814592
832.812134	32.88678474658188
832.930481	27.23898693265118
833.048828	17.028219344940737
833.167114	17.297763861768786
833.2854	16.629855669526247
833.403687	20.40326068205905
833.521973	22.466463270290767
833.640259	29.626810440938403
833.758545	25.451377616746633
833.876831	25.91418776493363
833.995056	22.05851937897861
834.113281	26.696051748723747
834.231628	24.283478688444358
834.349915	24.175758408623075
834.468201	22.078523102445214
834.586426	24.69520278117208
834.704651	17.53011480609799
834.822998	19.756413227545018
834.941162	16.954174199754515
835.059448	22.432919227022442
835.177673	21.181796951461656
835.295959	27.296025111201796
835.414246	30.526692983636188
835.53241	27.27203795847883
835.650635	22.109974843911118
835.768921	14.646544019022482
835.887146	4.338446080866596
836.005371	-2.9701729121470084
836.123596	-8.335613159048378
836.241821	-8.482987334958658
836.360046	-7.122241894696967
836.478271	-3.3074896197400934
836.596497	2.2036984326151234
836.714722	3.439492220704678
836.832886	1.564408125641667
836.95105	0.507044730139838
837.069336	1.382143068953321
837.1875	-0.14793711760307948
837.305725	-2.323408912292215
837.423889	1.8644109002055222
837.542053	2.034601407126626
837.660339	2.1179499876603542
837.778503	1.8699004501155079
837.896667	5.6519703774045045
838.014832	10.682825287038701
838.132996	17.648646108749304
838.25116	18.190196423631505
838.369385	24.344317308959777
838.487488	22.156500476634363
838.605713	19.903860620536296
838.723877	16.07561437748354
838.84198	13.325489109497255
838.960205	10.47388739879439
839.078308	13.518681990873059
839.196472	16.65257514770404
839.314636	26.332315154079275
839.4328	27.376124717009116
839.550964	34.857659355937734
839.669067	38.19470097022754
839.787231	41.89595168858648
839.905396	43.50908301102258
840.023499	45.61855516144159
840.141602	47.778523445974315
840.259766	51.91543985958751
840.377869	52.10510934154031
840.495972	56.30428738336532
840.614136	55.614743039959095
840.732239	53.71833420144321
840.850342	50.98523860438873
840.968445	52.727178950347394
841.086548	54.88143426868078
841.204651	59.66016744243069
841.322754	64.36860000712316
841.440918	67.15396867008064
841.55896	71.45786290835942
841.677002	72.04006483267041
841.795166	69.25125476338798
841.913208	71.37935322472791
842.031311	69.20145608518942
842.149353	63.46651257739961
842.267456	58.68753456448129
842.385498	52.71738770995675
842.503601	51.36778250172816
842.621643	51.861695798791985
842.739746	47.493532517895716
842.857788	47.74817602037314
842.97583	44.33127547400774
843.093933	43.83162087862453
843.211975	45.110697243116114
843.330017	43.458590934595236
843.44812	43.92727652274656
843.566101	48.222400402408354
843.684204	51.27906318715438
843.802246	52.984738566775135
843.920227	48.98662981134381
844.038269	49.60296570004681
844.156311	43.13678801787508
844.274292	35.73747582868167
844.392395	29.75355067837151
844.510376	30.180697852877394
844.628357	33.8566051696008
844.74646	33.28346085625735
844.864441	34.58898376087134
844.982422	32.96152605447659
845.100403	28.45738604922994
845.218384	21.13718756317069
845.336426	15.076723002059401
845.454468	12.743536393616765
845.572449	16.69826382536831
845.69043	18.960397018995934
845.808411	21.755061377061615
845.926453	21.00220919013275
846.044373	22.6196076617122
846.162354	20.00338304718471
846.280396	20.27909113980941
846.398315	23.585283260084477
846.516296	28.27480772701596
846.634216	28.29788617354026
846.752197	29.894804893568676
846.870178	28.32750363396387
846.988098	29.520233087228668
847.106079	30.4751773941919
847.22406	36.84603550654053
847.34198	43.61551040021382
847.4599	43.2771386805262
847.577881	40.911010328325105
847.695801	39.318008768309966
847.813782	33.608562524727866
847.931641	27.533757213494297
848.049561	23.91178653868156
848.167603	30.123636145474894
848.285461	33.139009753794504
848.403381	33.864850254185654
848.521362	39.79250562355186
848.639221	39.85272760620817
848.75708	41.96114362863051
848.875	40.38398199798789
848.99292	39.558493638634275
849.110901	43.98253090658153
849.22876	45.389868937581156
849.34668	49.183110570416446
849.464539	50.327634694300826
849.582458	48.96198859406243
849.700317	48.71822409237806
849.818176	43.94267361537778
849.936096	40.49897772538576
850.053955	42.98238699118642
850.171875	46.137504855794795
850.289673	48.691608360540556
850.407593	47.43258547931751
850.525452	45.40373087226332
850.643311	42.66349895462622
850.761169	38.33311979584177
850.878967	36.631196588493424
850.996887	33.5490897825254
851.114746	36.25996747672106
851.232544	37.44348081965403
851.350403	36.44813311028506
851.468262	31.784737649763173
851.58606	30.594007827136544
851.703979	28.12053248416855
851.821777	27.82750748135758
851.939636	27.046115419641243
852.057434	33.6746280221148
852.175232	43.544207053100756
852.293091	57.912450925023556
852.410889	77.37892299148848
852.528687	101.89383665251682
852.646545	118.83598744992454
852.764343	130.15341509490025
852.88208	125.82016254966614
852.999939	108.97690892729074
853.117676	89.90503358047657
853.235535	70.92706459683221
853.353271	53.91743816924462
853.471069	45.16185663414393
853.588928	35.47634370004106
853.706604	34.85872197014834
853.824402	34.237560943996925
853.9422	31.517610082054325
854.059998	33.579814690723964
854.177734	35.95663935647135
854.295532	36.20867074987713
854.413269	39.48309102611122
854.531006	37.73876589816963
854.648804	40.796034008892235
854.766541	43.97955231853593
854.884277	40.739543098011566
855.002014	35.73615306804456
855.119751	32.02132769347987
855.237549	27.31150422249334
855.355225	23.90320471075271
855.473022	16.579969330420624
855.590698	20.01493563151051
855.708435	24.91373018438322
855.826172	30.8521016687739
855.943848	33.28456343086485
856.061646	37.82368310355538
856.179321	42.33306252153086
856.296997	44.53995949405338
856.414795	44.23007904991117
856.53241	50.01812693266584
856.650085	51.38893686132695
856.767822	57.39876907636732
856.885559	58.99349329787632
857.003174	55.38521702476908
857.120911	54.83149154481293
857.238586	55.58337816768022
857.356201	51.67767103351585
857.473938	50.07755010758305
857.591614	47.97995382105195
857.709351	49.85673353288811
857.826965	48.324748730481964
857.944641	44.34068207365213
858.062317	46.618800308233425
858.179993	48.36687477777916
858.297668	45.7299099354122
858.415283	48.48492651249103
858.532959	53.45224662290142
858.650574	60.07557718788717
858.768188	58.85272698161506
858.885803	61.026104311694894
859.003479	63.654118105001004
859.121094	57.65665735130655
859.23877	53.955777678735316
859.356384	54.73758719728565
859.473999	52.26612426960579
859.591675	50.796780286725436
859.709229	44.478865223073555
859.826843	43.84915169446159
859.944458	40.69766139788584
860.062012	35.92478926068181
860.179626	34.74696732052413
860.297302	34.796182457137704
860.414856	32.26721619195503
860.532471	30.287737358619687
860.650024	27.381521136934204
860.767639	28.48792650988422
860.885193	26.916459794865013
861.002808	24.8294173750419
861.120361	21.172643528917718
861.237976	22.335726884103515
861.35553	22.874906581591972
861.473022	27.17542441564149
861.590698	30.80218695176156
861.708191	39.61879161574198
861.825745	41.85464809028578
861.943298	41.01188255584711
862.060852	36.07097258385733
862.178406	27.76998868844237
862.295959	16.342648321821603
862.413513	6.832208004447708
862.531006	-5.163963181634428
862.64856	-5.461923543378526
862.766113	-5.122303546166942
862.883667	-0.9849550902654598
863.00116	3.0410114851355963
863.118713	8.838701870293429
863.236206	14.499022847040273
863.353699	21.173474033739502
863.471252	26.829594343431864
863.588745	44.54528262078394
863.706177	55.09976641402768
863.82373	68.00385844931867
863.941162	75.52593659012636
864.058716	78.84566088351784
864.176208	73.0560946386164
864.29364	65.82171262717081
864.411194	47.64684614361532
864.528687	35.706788929569925
864.646118	14.945263480782938
864.763611	7.797323879811688
864.881042	1.3040740249534144
864.998535	-2.4500706406775343
865.116028	-1.2031990865335551
865.233459	5.622592752148204
865.350891	3.9840444823273216
865.468384	5.4417523056897865
865.585754	4.3788581836829295
865.703308	8.583243594179507
865.820679	7.784361956293763
865.938171	5.555820983577265
866.055542	5.233131153085543
866.173035	7.775184175623798
866.290466	3.5175106096819553
866.407837	2.884349456204226
866.52533	3.2480382689780525
866.6427	4.547977580007943
866.760071	7.119692672695453
866.877563	9.19264666879861
866.994934	9.82745614564403
867.112305	13.474375930473286
867.229736	13.235156841443208
867.347107	14.754839371903543
867.464539	9.654658493241453
867.58197	10.549354379944365
867.699341	16.71383710129469
867.81665	21.849431952249503
867.934082	19.596848188333144
868.051453	21.16174074340677
868.168823	19.04197099052045
868.286194	14.536259532860795
868.403564	8.930337385529464
868.520935	9.12683162174614
868.638306	15.692855152436916
868.755676	23.005069855895638
868.872986	24.30375821634994
868.990295	30.695001103422026
869.107727	31.261081461878028
869.225037	34.06695830615732
869.342346	35.231701439819844
869.459717	38.38304131926222
869.577026	44.118398721724176
869.694336	47.05685684580945
869.811707	51.339122925127825
869.929016	54.23577944349938
870.046326	53.86373743195847
870.163635	64.42648007182227
870.280945	66.43483914646326
870.398254	73.60313946382007
870.515564	75.73009160687661
870.632812	75.43259872777983
870.750183	79.61328027981656
870.867432	80.82625994679563
870.984741	83.43952214453094
871.102051	92.59594780091982
871.219299	95.20678618478868
871.336609	103.08808683813865
871.453918	108.32427013228815
871.571106	110.39802239901695
871.688416	115.96738115742463
871.805664	115.83754414730623
871.922852	110.83536445744122
872.040222	108.75522780611243
872.157471	106.0235243876646
872.274719	102.60348329590342
872.391968	104.03621973972359
872.509155	99.36719297341334
872.626465	98.11156931262997
872.743652	93.48795030663135
872.860962	87.8664785192304
872.978149	84.34888433044253
873.095337	79.5628505792805
873.212646	77.04302510542408
873.329834	78.53614398972077
873.44696	76.60499053609396
873.564209	73.9270496267415
873.681396	76.68412104664165
873.798645	75.6835683371724
873.915894	72.40374254992592
874.03302	72.41604275022075
874.150208	76.97589049795255
874.267456	82.96638043621567
874.384583	90.06283443185202
874.501831	94.46871351338183
874.618958	98.83766771995245
874.736145	98.24111686030975
874.853333	93.83923305785311
874.970459	91.81380342759621
875.087646	92.71461265481805
875.204834	92.95072281834743
875.32196	91.71259461099206
875.439148	90.75128963154982
875.556274	87.4715509880993
875.673401	84.24998498293735
875.790527	79.24025217784433
875.907715	78.56786324231655
876.024841	80.16571214219212
876.141968	78.31514750351768
876.259094	74.67848137362617
876.376282	72.90720215089782
876.493347	70.81081521420049
876.610474	67.86548417653334
876.7276	68.82875274581788
876.844727	68.95599522404804
876.961853	72.86192295220295
877.078918	72.73913367044653
877.195984	74.49885336867831
877.313171	71.30988161460121
877.430237	66.5488107590683
877.547302	58.29136518658677
877.664368	55.51153968976872
877.781433	52.501507225065126
877.898499	55.95387758342143
878.015625	55.94653996366793
878.13269	59.32361360249813
878.249695	61.98982601047284
878.366821	55.906173767253975
878.483887	48.75226337156569
878.600952	45.10599931718259
878.717957	39.87426110386254
878.834961	39.34055665692647
878.952087	39.883640312475954
879.069092	40.354126078141384
879.186157	40.243315370075244
879.303162	34.118259737684525
879.420227	28.36419179114626
879.537231	20.66074667391337
879.654236	14.347690418956612
879.77124	13.673912690301567
879.888306	12.879626473864434
880.005249	10.984276416934875
880.122314	7.212927637244043
880.239319	7.33392800215263
880.356323	6.771475483111163
880.473328	5.601305456280386
880.590271	4.111238893250791
880.707275	5.428944394566004
880.824341	3.677758358947253
880.941284	4.690980538037971
881.058228	3.9036368823679375
881.175232	5.7161151382479165
881.292236	7.02448392365141
881.40918	7.395825726624501
881.526123	7.429663454158579
881.643066	6.37920818436949
881.760071	6.1470194778817575
881.877014	6.778521522852959
881.993958	3.8407771046560284
882.11084	5.177908601495443
882.227783	4.534469560968933
882.344727	6.603091194837956
882.46167	6.2516906429336885
882.578613	8.906647277960548
882.695618	7.814680558696194
882.812439	1.8285682319387164
882.929382	-1.9867813955228515
883.046326	-3.7136488802382663
883.163208	-5.142098943481234
883.280151	-5.073002397863986
883.397034	-3.341865922023205
883.513916	5.0426544474888315
883.630798	6.8619656833850815
883.747742	12.843348801125558
883.864563	22.253044489143925
883.981506	27.51747846893579
884.098389	33.718906434451924
884.21521	39.85300216810434
884.332153	43.207667206024794
884.448975	49.183324978022526
884.565796	60.09386160520629
884.682678	77.6189346778899
884.7995	95.62434076553464
884.916443	119.74863351422584
885.033264	150.20609136921632
885.150085	179.40581227307717
885.266968	203.83048595203266
885.383789	224.33941077547803
885.500671	241.22914821303135
885.617493	252.09274511862205
885.734314	254.81114478020822
885.851196	257.42764742369525
885.967896	256.99201497363026
886.084717	249.6709103105869
886.201599	241.5141032343958
886.318359	236.396025994066
886.435181	223.02231060744748
886.552002	212.17428766133006
886.668762	199.25237627202023
886.785645	192.15698643624563
886.902344	184.68895460409686
887.019165	179.11014687119376
887.135925	173.73872180444764
887.252747	176.45991963854243
887.369446	164.63735435995204
887.486267	153.53071550223922
887.603027	136.50792759328573
887.719788	123.91094549579563
887.836548	111.03843851908215
887.953247	99.24315793031852
888.070068	84.50992170447557
888.186829	78.81270393448213
888.303528	68.17959205215074
888.420288	56.66898690895897
888.536987	43.78299001008618
888.653687	35.49560425506064
888.770447	27.962624322030752
888.887146	17.670995495227416
889.003967	12.668302026008513
889.120667	11.86789703447623
889.237305	8.886618468594936
889.354065	3.977667005109231
889.470703	0.29033649532221606
889.587463	-1.4935871025016554
889.704163	-6.475891846461055
889.820862	-9.89040360937193
889.937561	-10.118085962734266
890.054199	-7.083222356312376
890.170837	-4.500112999283934
890.287598	-5.611177357784424
890.404236	-1.063614387923491
890.520874	4.495390030641039
890.637634	6.687054574348384
890.754211	11.416140617400393
890.87085	13.979216746536888
890.987549	21.835149772126876
891.104187	27.793470914999425
891.220886	33.76762473094381
891.337463	42.58660772944495
891.454102	51.862994660233795
891.57074	60.140085444577856
891.687378	66.38541029030966
891.804077	74.42799380602543
891.920654	79.06652771568814
892.037231	78.27288496867777
892.15387	79.18343972154403
892.270447	74.83715540222005
892.387085	71.24053433078672
892.503723	67.01046323479716
892.6203	60.40234001684463
892.736877	53.70405995270743
892.853516	46.14071793708388
892.970032	37.041324678280844
893.08667	29.637486373414184
893.203186	23.9248679011342
893.319763	21.420797516876213
893.43634	20.075483336393788
893.552917	16.54692384997701
893.669556	13.5710638969446
893.786011	13.321048540756282
893.902588	14.738429691845147
894.019165	15.93361190448986
894.135681	15.549438237099448
894.252197	16.062113837664135
894.368835	17.538717633744504
894.485291	14.713022303535055
894.601868	14.833934700492017
894.718384	15.565957433538227
894.8349	15.437223385334924
894.951355	14.259434560706524
895.067932	4.508756311991564
895.184448	-0.10268219273334367
895.300964	-0.3151403686534895
895.417419	-2.953296270028377
895.533936	3.043461271686311
895.650452	9.631863686130409
895.766907	11.556510467272236
895.883423	11.665912988682209
895.999878	6.029346432321271
896.116333	7.562416596954777
896.232849	10.21319513447449
896.349304	9.321521118983316
896.465759	14.125510801672739
896.582214	18.092720199826317
896.698669	19.610599728433236
896.815125	21.027671723286915
896.931641	21.49761391498371
897.048035	26.130833981852177
897.164551	20.695748045253392
897.280884	11.649087478731623
897.397339	7.503838688797012
897.513794	6.894244969788474
897.630249	7.309484436431006
897.746582	12.143540954672455
897.863098	16.90293203097216
897.979431	20.22405114774695
898.095886	17.600453050947923
898.212341	14.441260191716166
898.328674	19.094965633066586
898.445129	26.275925514380294
898.561462	30.96467276460759
898.677795	33.806262415739965
898.794312	34.37866705159379
898.910645	29.70787587679707
899.026978	24.91731349028627
899.143433	19.87713116578049
899.259766	19.585178161591664
899.37616	21.123761515615143
899.492493	22.4106539183789
899.608765	21.63852944008176
899.725159	23.89834181209686
899.841553	21.49746149313439
899.957947	19.546327692098053
900.07428	21.785210318500784
900.190552	21.127547973837807
900.306946	21.05174592703323
900.423157	22.590298683787225
900.53949	25.641511439714844
900.655884	29.10801632037211
900.772156	29.498479526068618
900.888489	33.9990924530466
901.004822	35.82848891252031
901.121033	30.88062705103755
901.237366	29.772444689328665
901.353699	32.65330171594091
901.46991	37.03404978446754
901.586304	43.30433958776952
901.702515	51.18062628602952
901.818787	61.88372397868099
901.93512	66.9980812100611
902.051331	68.14707773034479
902.167603	74.93899326907658
902.283875	80.46690743060722
902.400085	88.95161895734353
902.516418	102.3736807026076
902.632629	117.50800081635275
902.74884	132.33511690315044
902.865112	146.30527384920242
902.981384	149.32323148142854
903.097595	151.8565579753842
903.213867	151.141191961444
903.330017	147.54293328734752
903.446289	142.63107386085045
903.5625	138.94024897358554
903.67865	133.5505612960693
903.794922	131.11353328690427
903.911072	123.3932300150748
904.027344	117.37668343323483
904.143494	115.09419380339605
904.259705	110.9137153003835
904.375916	97.77898889180314
904.492065	87.73762149240079
904.608215	74.89135456727088
904.724426	67.64493590110162
904.840576	58.310066135728334
904.956726	50.6031840352384
905.072876	50.370609254644684
905.189087	50.250862960244504
905.305176	45.65736907653356
905.421387	41.48405000601805
905.537537	37.5296040019895
905.653687	35.63817328168674
905.769775	30.889847851554432
905.885925	29.695870084599285
906.002014	29.10602444319798
906.118164	29.235015765928907
906.234314	29.23435944230164
906.350403	24.415730084627537
906.466492	23.049675328892103
906.582642	22.153507255235304
906.69873	20.57353187563793
906.814758	18.772955526000214
906.930908	16.652197665491094
907.046936	13.306485533082098
907.163086	9.62110102373356
907.279175	6.539749587652882
907.395264	8.023445511737243
907.511353	11.338428145192026
907.62738	13.685972644434157
907.743408	13.046592260288774
907.859497	11.831544797197257
907.975525	11.50618698108285
908.091553	9.535876882756453
908.207703	6.678172713378067
908.32373	10.443882281389776
908.439758	9.729103382564174
908.555786	7.665859429353267
908.671814	6.05931370278158
908.787842	6.714675389269634
908.90387	9.608123996890328
909.019775	10.871682674131145
909.135864	10.529148996336378
909.251892	18.84458974552137
909.367859	15.902420817519861
909.483826	11.23726554358739
909.599854	10.303645022260016
909.715881	9.372130200456738
909.831848	13.875615341581033
909.947815	16.00024993956184
910.063782	16.22006203316254
910.179749	22.50042215021123
910.295776	19.79588602203432
910.411743	21.426804475452553
910.527649	23.50789282763894
910.643616	26.10192975941994
910.759583	30.26086381178054
910.875488	29.101582721396028
910.991455	25.808084976445194
911.107361	23.2245199818829
911.223267	19.987253391076514
911.339294	16.159066265840703
911.4552	15.419609152099866
911.571106	13.403079209079042
911.687073	10.748001091157407
911.802979	10.696795422578994
911.918823	13.68238918114657
912.034729	18.79784318358226
912.150635	21.709828313247378
912.266602	21.214883943013767
912.382446	19.92989414207465
912.498352	19.405939383834806
912.614197	17.81704492967595
912.730103	15.163210779598096
912.846008	11.444436933601237
828.077942	22.32819745610553
828.196289	18.09835733853442
828.314636	15.18561595485165
828.433105	13.589973305057214
828.551514	13.311429389151105
828.669861	15.345447549744792
828.78833	18.18248665127706
828.906677	18.25544027173303
829.025085	24.248313272671908
829.143433	27.208717944543825
829.261841	25.0110986662849
829.38031	20.05373968819552
829.498657	19.728402254162
829.617004	18.81214027982788
829.735413	19.421834466236596
829.85376	16.492549750552925
829.972107	15.320829999099983
830.090515	9.984586176921738
830.208862	2.936191016048811
830.327209	6.145353348275789
830.445557	3.8653143160213648
830.563904	11.03330220953978
830.682312	16.164477843361922
830.800659	23.893040389693994
830.919006	30.59345178795052
831.037354	36.88260304555156
831.155701	42.53320574709949
831.274048	49.83099724906287
831.392395	47.89501872283793
831.51062	45.27072942159745
831.629028	37.32176993774593
831.747314	32.47238907764738
831.865662	28.21176299089835
831.984009	25.581014101938443
832.102356	25.41562808772185
832.220642	30.81735612263907
832.338928	33.275365823893914
832.457275	33.80263548752943
832.575623	36.02038267423757
832.693909	34.42861530365336
832.812134	26.962389762047646
832.930481	20.64767390958683
833.048828	19.692262399584138
833.167114	20.08749801004482
833.2854	17.649391086120644
833.403687	19.300006482044928
833.521973	23.744980312786225
833.640259	22.129330820658872
833.758545	19.730099023514057
833.876831	18.211793213580197
833.995056	22.431553773663353
834.113281	23.120982242113918
834.231628	22.836347909157162
834.349915	24.50404547883006
834.468201	25.595948398667414
834.586426	21.73540726077375
834.704651	17.645361154540396
834.822998	17.442694287501887
834.941162	20.00835582710233
835.059448	22.357502218739505
835.177673	27.559375889545194
835.295959	33.05985113398491
835.414246	32.35894212028059
835.53241	26.294287261812897
835.650635	16.534717905948312
835.768921	10.690610639274297
835.887146	5.53252653021691
836.005371	2.6686875684342555
836.123596	3.309030969644092
836.241821	5.8539832648684
836.360046	4.712637532124864
836.478271	1.9888738932167496
836.596497	1.5592985977489353
836.714722	1.6728348891755267
836.832886	1.1692975405316022
836.95105	-2.2435213154551854
837.069336	-2.4444157011573804
837.1875	0.41509244923470234
837.305725	-2.080562148018133
837.423889	-2.3361439085000537
837.542053	-0.5919068359759012
837.660339	0.7755548527259106
837.778503	0.9415795853488795
837.896667	-3.0007308456107604
838.014832	-2.0924688362573165
838.132996	4.960754923208199
838.25116	9.864623219918027
838.369385	14.47197864265621
838.487488	17.33912054285624
838.605713	16.09812825309296
838.723877	13.396213757276616
838.84198	5.610035283763192
838.960205	0.5729697759264547
839.078308	-0.3967755529418385
839.196472	4.094789295870234
839.314636	11.560679560151112
839.4328	15.73252840416116
839.550964	19.0649346070602
839.669067	24.304675111588452
839.787231	27.34355980187103
839.905396	30.67080963067427
840.023499	35.78429589204718
840.141602	45.13643357549509
840.259766	49.86362276939013
840.377869	48.16503644623786
840.495972	47.887031917569765
840.614136	45.2893783660807
840.732239	39.14483432676387
840.850342	37.64175101158867
840.968445	40.765003098218735
841.086548	44.486493587034474
841.204651	47.882013780722545
841.322754	51.39530551329519
841.440918	58.45281854903537
841.55896	61.53509581143314
841.677002	62.901911905683946
841.795166	64.88878823072335
841.913208	65.77497998720395
842.031311	65.47177490654403
842.149353	65.5917513697712
842.267456	61.24964566380147
842.385498	57.16844612309622
842.503601	54.30487765576706
842.621643	49.21524318482051
842.739746	41.73723037159912
842.857788	36.36220881169964
842.97583	36.176772839190214
843.093933	38.693947777330685
843.211975	42.623696464236644
843.330017	45.20415024718817
843.44812	50.85957112515037
843.566101	53.43629117318503
843.684204	52.213559819230056
843.802246	51.88187397417606
843.920227	50.1014168298081
844.038269	44.147120041775906
844.156311	44.157516139173424
844.274292	38.91184727888698
844.392395	39.096290297439154
844.510376	35.75847145392194
844.628357	30.967673125122204
844.74646	31.308327393012306
844.864441	23.05100304936837
844.982422	14.531230845727476
845.100403	14.907033502893976
845.218384	12.474959285381068
845.336426	17.603003304619016
845.454468	13.981649351947363
845.572449	9.069798209171235
845.69043	10.971354321174774
845.808411	5.227458807373355
845.926453	7.781873018467175
846.044373	11.048036537200247
846.162354	13.705628562962772
846.280396	23.782806898842168
846.398315	22.04150467553839
846.516296	23.61812461064956
846.634216	25.833022768731183
846.752197	23.013070138330242
846.870178	24.39207257087471
846.988098	25.485194551297727
847.106079	28.1301227968017
847.22406	36.435106494844874
847.34198	33.67939022257954
847.4599	39.562143099733355
847.577881	37.65480200664278
847.695801	33.76691332196245
847.813782	29.79462483351311
847.931641	26.874308575861704
848.049561	27.34580834623468
848.167603	29.91262569043097
848.285461	25.88429621195974
848.403381	27.67859035806082
848.521362	26.866947804143795
848.639221	28.557614652295015
848.75708	31.43462190692663
848.875	34.515285548778664
848.99292	42.037727830824835
849.110901	43.833140028851105
849.22876	42.092012796967296
849.34668	41.51565583580003
849.464539	45.82919389042333
849.582458	43.51533576261573
849.700317	43.43341172010552
849.818176	40.507682039190044
849.936096	41.716511722005315
850.053955	38.31100135262314
850.171875	39.79982948539583
850.289673	41.34317948853509
850.407593	46.27439983874747
850.525452	39.10865269887459
850.643311	34.73773185992256
850.761169	29.48633670016563
850.878967	26.78736231110632
850.996887	26.62135290496768
851.114746	30.347630138220076
851.232544	33.0874100418129
851.350403	33.589635315080464
851.468262	30.062095499643448
851.58606	26.65416856529542
851.703979	27.329064661728495
851.821777	21.85951008767759
851.939636	23.04206204607562
852.057434	26.361579042904907
852.175232	34.70767113727642
852.293091	48.37906909221693
852.410889	68.24374142757217
852.528687	92.5376228222539
852.646545	113.71743798052859
852.764343	119.67712123756371
852.88208	115.21756261169867
852.999939	97.82576889636314
853.117676	79.10130870250799
853.235535	60.7281895307911
853.353271	46.12630977916845
853.471069	43.57272153701511
853.588928	36.97652994542973
853.706604	33.40050052796512
853.824402	30.98100283234807
853.9422	30.05136560260288
854.059998	30.670031210172468
854.177734	31.386788161050372
854.295532	32.92673322162891
854.413269	39.21411280114215
854.531006	41.67533308994604
854.648804	46.84719095984785
854.766541	50.25132104122552
854.884277	48.909382089057786
855.002014	43.6806628731255
855.119751	39.91581792519745
855.237549	32.78800213893674
855.355225	29.85348543958373
855.473022	27.605772264325175
855.590698	28.040518481249684
855.708435	32.11444029710629
855.826172	32.36433265771879
855.943848	33.7209066185022
856.061646	33.92227815581657
856.179321	33.204350690197856
856.296997	34.878804867894004
856.414795	35.123127953325564
856.53241	41.015236593726826
856.650085	48.721790221464516
856.767822	49.809879209402155
856.885559	55.43966664015484
857.003174	55.15876557226463
857.120911	57.748544576975874
857.238586	56.871328137148225
857.356201	56.73924280101215
857.473938	55.69209963033559
857.591614	52.79697459568399
857.709351	46.34174398516021
857.826965	45.789595197425044
857.944641	42.04527044044907
858.062317	44.294905557380126
858.179993	45.581777375675
858.297668	49.953495422698275
858.415283	55.810464752680204
858.532959	59.84963851338932
858.650574	59.50390869925099
858.768188	50.53516086853159
858.885803	44.41741258618984
859.003479	42.13981631875924
859.121094	40.56815627691086
859.23877	38.77168222610811
859.356384	39.43001693089431
859.473999	41.20331096290087
859.591675	40.36211569426375
859.709229	30.75488387512843
859.826843	28.812336196174073
859.944458	27.298529146590834
860.062012	28.730749739133017
860.179626	24.762668551231492
860.297302	25.660480771277626
860.414856	28.008587584624998
860.532471	33.03206978798805
860.650024	33.17246088717299
860.767639	33.61371799056583
860.885193	28.528993102100678
861.002808	27.305700101695404
861.120361	23.855060488739632
861.237976	23.09913965406777
861.35553	25.107172955591132
861.473022	30.779562899016902
861.590698	33.700705743309015
861.708191	34.21256303054452
861.825745	27.302129309948906
861.943298	24.64902910247438
862.060852	17.974009028346217
862.178406	10.692638026985946
862.295959	7.620894802018118
862.413513	4.206808544291767
862.531006	4.095378538496383
862.64856	3.933759274431269
862.766113	-1.6763375156194806
862.883667	-1.7262815274315542
863.00116	-4.733416044785859
863.118713	-3.9856416638808514
863.236206	-0.7513687659439436
863.353699	7.478038173062786
863.471252	20.996955402119646
863.588745	39.2447542168957
863.706177	52.717113633652374
863.82373	67.3014698305375
863.941162	73.41555141956623
864.058716	75.38404019904596
864.176208	66.32597363139656
864.29364	52.933965178444254
864.411194	38.811913463430656
864.528687	26.11563281185937
864.646118	13.93386805938291
864.763611	8.208167369241892
864.881042	2.901710451484953
864.998535	2.7763954214708133
865.116028	-0.08553172345681881
865.233459	-0.5434123621207547
865.350891	-0.8894437038172195
865.468384	-0.5002781767973574
865.585754	2.7214923924554126
865.703308	4.243384605359914
865.820679	2.123836164464562
865.938171	3.516520425416908
866.055542	2.6530307963059787
866.173035	1.6632338411905652
866.290466	-0.6541557786428445
866.407837	-1.7082483412596223
866.52533	-0.384295529720158
866.6427	-1.8165011928165555
866.760071	0.7094377236016725
866.877563	6.998733417324376
866.994934	11.044895467725869
867.112305	12.41288999949518
867.229736	14.563767861797288
867.347107	13.159878598642806
867.464539	13.664441305266745
867.58197	11.490890252664428
867.699341	13.184691038389886
867.81665	12.964477723009805
867.934082	11.449307323988332
868.051453	9.3231830689714
868.168823	8.06664341526719
868.286194	5.978401363314988
868.403564	8.216473668384891
868.520935	9.91075033981549
868.638306	14.790671027724004
868.755676	24.070548194375245
868.872986	28.940868734213637
868.990295	34.50337290487372
869.107727	35.9680376247973
869.225037	39.847862164361416
869.342346	40.10173142776882
869.459717	37.22100043805932
869.577026	34.85069717439803
869.694336	39.54712243854481
869.811707	41.208547480288885
869.929016	47.3869283985365
870.046326	52.16886162902559
870.163635	61.72318682193615
870.280945	65.62565934601884
870.398254	67.80054926664486
870.515564	70.05954273535262
870.632812	74.4481029464537
870.750183	75.23680339149944
870.867432	80.04036249504898
870.984741	81.28086595093815
871.102051	86.18559900324824
871.219299	88.81515032351103
871.336609	96.31239809802551
871.453918	101.0388078565405
871.571106	105.57012847304017
871.688416	104.42369384791705
871.805664	105.8938682804079
871.922852	102.48714772464659
872.040222	102.5888162749624
872.157471	102.27243964150517
872.274719	104.03803288515984
872.391968	101.0738868298007
872.509155	102.73280949052307
872.626465	98.91090904700766
872.743652	95.90036957151972
872.860962	89.9847429827129
872.978149	84.2311170432668
873.095337	76.86673108787431
873.212646	73.72059464787785
873.329834	69.65415184309492
873.44696	71.66740487215401
873.564209	74.89453812025846
873.681396	76.04331499403199
873.798645	76.86914056890157
873.915894	73.83087496938408
874.03302	68.60813194957288
874.150208	69.95848713780644
874.267456	67.49662651313835
874.384583	73.85457157365184
874.501831	77.65135759268023
874.618958	78.24841680847427
874.736145	82.26694273904829
874.853333	84.37575588183748
874.970459	90.88217500251685
875.087646	93.11952518967053
875.204834	91.51201066635093
875.32196	96.76306976337608
875.439148	91.73630883150861
875.556274	85.21957845084978
875.673401	77.21068762396409
875.790527	71.10354725446679
875.907715	69.98036864053256
876.024841	67.66148238878075
876.141968	66.146842683083
876.259094	71.57494301121518
876.376282	71.56695982719009
876.493347	76.0730822675388
876.610474	75.66037416654207
876.7276	73.46515818865836
876.844727	70.55232344520539
876.961853	71.85258954661538
877.078918	66.0585451705247
877.195984	62.765389938381446
877.313171	59.936286726632666
877.430237	61.80712637714493
877.547302	62.89301845926113
877.664368	62.713403603906244
877.781433	60.16650662043408
877.898499	63.83886786855347
878.015625	62.0789304158321
878.13269	62.48838027586417
878.249695	61.55851600379175
878.366821	58.36071471601945
878.483887	57.20011496747814
878.600952	56.423010426460536
878.717957	47.47956145765585
878.834961	47.68789872948852
878.952087	46.06529534900741
879.069092	40.34980176023494
879.186157	36.33574016948425
879.303162	26.605304128487894
879.420227	17.069690093908424
879.537231	15.189908856717565
879.654236	8.160696594600507
879.77124	8.399767799614825
879.888306	10.030448044653676
880.005249	13.433651522978518
880.122314	17.74136870746737
880.239319	15.676492045135362
880.356323	9.295252201941143
880.473328	10.4958926109714
880.590271	6.633331734134376
880.707275	5.796275703487927
880.824341	1.683817523325464
880.941284	3.8413759626620836
881.058228	0.40094535064122283
881.175232	-0.25223767612098547
881.292236	-2.321667572813795
881.40918	3.969703361556265
881.526123	5.171628979826031
881.643066	5.336039910391545
881.760071	2.7637856284661053
881.877014	7.030615816202934
881.993958	6.835652535918969
882.11084	5.514386086184894
882.227783	7.192349309069717
882.344727	7.4128510449087655
882.46167	3.3879930207548172
882.578613	-2.2263786461461095
882.695618	-2.1532090942177096
882.812439	3.226550901047543
882.929382	5.969191672889942
883.046326	7.4578379612200925
883.163208	6.538819757960779
883.280151	2.0541447344935992
883.397034	2.8912617528137416
883.513916	4.829399127716826
883.630798	10.459490849433791
883.747742	17.54129157703799
883.864563	23.57914569922618
883.981506	30.956198798728575
884.098389	32.62484764054256
884.21521	37.08943415582925
884.332153	44.4776968715793
884.448975	52.02989623609645
884.565796	61.60538308191123
884.682678	71.9920502450641
884.7995	87.7050550667534
884.916443	112.98902197778038
885.033264	138.1578067808137
885.150085	167.63566925902109
885.266968	196.7473009265464
885.383789	220.59659946100322
885.500671	233.04723653357053
885.617493	236.1100185878158
885.734314	233.5057265052322
885.851196	235.79282294041187
885.967896	230.63363505704586
886.084717	228.8182137020225
886.201599	226.16257404792816
886.318359	220.66453678219716
886.435181	213.26134762284482
886.552002	201.34040988859982
886.668762	190.28916790626954
886.785645	184.4366154329802
886.902344	176.73295198963308
887.019165	171.4378916683478
887.135925	163.52112076577617
887.252747	160.15144195510032
887.369446	159.1232179106549
887.486267	153.89744978751128
887.603027	143.01307075989826
887.719788	129.79689714705293
887.836548	116.19479731210754
887.953247	97.91234922282264
888.070068	82.10754382353868
888.186829	73.66129442362815
888.303528	64.88958007632294
888.420288	56.94605261339336
888.536987	43.56875719390406
888.653687	34.06504296590082
888.770447	25.854786788927953
888.887146	14.487717441619395
889.003967	7.708401666640155
889.120667	8.094707680346705
889.237305	2.077339520028733
889.354065	1.2363504649234294
889.470703	-3.103626145232514
889.587463	-3.5075419227965865
889.704163	-3.858552332063635
889.820862	-5.42076624400141
889.937561	-4.4495864191499175
890.054199	-3.319493362036919
890.170837	-5.073775949640253
890.287598	-0.8834136213969837
890.404236	-1.9951623315834777
890.520874	1.4762668966215138
890.637634	0.7235284553555853
890.754211	4.03017916018758
890.87085	11.764223480565995
890.987549	21.499255023619835
891.104187	32.148708036742036
891.220886	39.039453968870866
891.337463	45.17582138264214
891.454102	51.14874721418536
891.57074	53.89547796085844
891.687378	60.67575881199504
891.804077	66.60650041580928
891.920654	72.85436717306462
892.037231	75.3847459136974
892.15387	72.32536023477074
892.270447	68.78228060937028
892.387085	61.54340218559618
892.503723	56.72778380034886
892.6203	53.33325530280015
892.736877	44.62174574973547
892.853516	41.50450509967207
892.970032	35.730465449325195
893.08667	29.360245339671977
893.203186	22.625448413259058
893.319763	14.751203164051654
893.43634	10.263483327292343
893.552917	10.030252213654347
893.669556	11.843739927278932
893.786011	15.727749155986587
893.902588	12.63682682357079
894.019165	10.681385654356605
894.135681	10.121160554403712
894.252197	10.6639679338783
894.368835	13.14313088790925
894.485291	16.5500090548672
894.601868	20.37161631256581
894.718384	18.17722913632324
894.8349	12.607546137001034
894.951355	4.363891806749336
895.067932	0.10426108219016939
895.184448	-0.5414558939642286
895.300964	1.3964488533023727
895.417419	4.508889623655918
895.533936	6.2266119556472885
895.650452	7.783404535369525
895.766907	9.200921261592953
895.883423	9.028968812183214
895.999878	7.295692241285195
896.116333	7.130979739800159
896.232849	6.768613913557694
896.349304	8.938040907269297
896.465759	5.704213526124513
896.582214	9.043342539856852
896.698669	10.87967173997142
896.815125	12.431850271064935
896.931641	11.829743368943621
897.048035	14.995444134045568
897.164551	10.515547713012669
897.280884	7.751545225843854
897.397339	4.361442318738017
897.513794	6.654803623268232
897.630249	6.945477926692393
897.746582	8.170733018443496
897.863098	11.1292867355479
897.979431	18.050597759850888
898.095886	18.05375327810909
898.212341	19.734014787850565
898.328674	20.879261147191166
898.445129	22.898645493096886
898.561462	22.859272626035313
898.677795	20.80878679930577
898.794312	20.699611370948368
898.910645	21.754697272300866
899.026978	20.714344385713645
899.143433	21.002808785081086
899.259766	21.767282666158266
899.37616	25.222099975710865
899.492493	27.622687996943824
899.608765	28.99071734309163
899.725159	31.629255119559858
899.841553	32.737438765223246
899.957947	33.204920279286966
900.07428	31.520879218862753
900.190552	26.371473220268378
900.306946	23.271895753963072
900.423157	22.049005232318876
900.53949	19.529669869620555
900.655884	18.882747153169
900.772156	23.20563952864771
900.888489	23.898815865466265
901.004822	22.23501435076067
901.121033	20.38957033527536
901.237366	20.50105872013126
901.353699	22.51103934973925
901.46991	29.648970852676683
901.586304	34.975491950592016
901.702515	44.109647637907834
901.818787	50.07527483201899
901.93512	62.73603544212435
902.051331	68.53997724679954
902.167603	73.4503510769135
902.283875	82.53425525325963
902.400085	95.224602487669
902.516418	103.13180849996311
902.632629	113.9831550663753
902.74884	125.82194302056507
902.865112	139.6893190412087
902.981384	140.59176732365475
903.097595	143.33667571614157
903.213867	145.82014892938804
903.330017	142.00105340957737
903.446289	140.28633646070844
903.5625	136.50499878278669
903.67865	130.80640025304044
903.794922	125.96759761741384
903.911072	117.1032984847827
904.027344	112.27628562425996
904.143494	107.89347597808126
904.259705	100.72324997610903
904.375916	96.97124677446551
904.492065	90.01407114541692
904.608215	76.68505982225278
904.724426	67.23960345413916
904.840576	59.67121436062108
904.956726	54.02100013040594
905.072876	50.18289295245873
905.189087	48.53566718549126
905.305176	48.84122505651597
905.421387	48.46967291541359
905.537537	42.45563319075219
905.653687	38.48306830908702
905.769775	34.11907458410505
905.885925	29.465363871069396
906.002014	23.23838055851117
906.118164	22.29957599355459
906.234314	19.062363648082673
906.350403	20.379537065354988
906.466492	16.956702307964093
906.582642	15.560082682602435
906.69873	13.18965742967378
906.814758	18.46663528454965
906.930908	17.24381061363006
907.046936	14.910776506868498
907.163086	13.683977749818878
907.279175	14.050405008582448
907.395264	7.211328853959369
907.511353	8.119133823743594
907.62738	4.416653040534145
907.743408	8.283534319296589
907.859497	7.830170856725552
907.975525	7.448327757485439
908.091553	13.588214046700305
908.207703	12.435962875656582
908.32373	11.491563851549493
908.439758	14.646790658463392
908.555786	13.137568363939653
908.671814	13.976857321145687
908.787842	18.396277637154412
908.90387	16.958591692690064
909.019775	15.529589557189084
909.135864	10.624410781041366
909.251892	10.199763350779188
909.367859	10.104134569334647
909.483826	11.43925324283847
909.599854	14.536270979543405
909.715881	22.41251838422837
909.831848	20.371023536546012
909.947815	20.05031675777221
910.063782	17.292388342961438
910.179749	16.815850310906697
910.295776	14.954040241242751
910.411743	15.23076732683066
910.527649	18.99017932527636
910.643616	23.108903004215406
910.759583	21.99386057774519
910.875488	22.753277121947686
910.991455	24.731319715910097
911.107361	27.943128929801585
911.223267	25.4016892985995
911.339294	20.589690369241595
911.4552	16.840457614124624
911.571106	11.078227440100967
911.687073	6.839789852713493
911.802979	8.252844940625176
911.918823	11.46460452366382
912.034729	15.159038390737166
912.150635	15.25173533930603
912.266602	14.792481304467874
912.382446	13.789935120750481
912.498352	13.87115117572762
912.614197	14.215349643309768
912.730103	14.822530523496944
912.846008	15.692693816289149
828.077942	19.186173497658192
828.196289	18.618861247489626
828.314636	18.39137490080912
828.433105	18.50371445761667
828.551514	18.955879917912256
828.669861	21.955023306352274
828.78833	21.079698337967592
828.906677	20.295265711062527
829.025085	21.74676864041693
829.143433	23.2350653889401
829.261841	21.273127608134097
829.38031	25.05577547905471
829.498657	21.009401511151722
829.617004	21.253050076442943
829.735413	14.178492796787877
829.85376	10.913433985527604
829.972107	10.031473067434177
830.090515	7.071561159325449
830.208862	6.31724226716755
830.327209	10.591042090163734
830.445557	12.325858315400826
830.563904	18.53467885318237
830.682312	17.12660464196273
830.800659	23.07782513089513
830.919006	29.576653582715387
831.037354	36.70751261379654
831.155701	43.5894333066495
831.274048	51.337156500086465
831.392395	52.610848049406584
831.51062	50.86938624891842
831.629028	43.71234150751449
831.747314	36.269589361756815
831.865662	30.41991531151647
831.984009	29.262882262366077
832.102356	31.705403363297208
832.220642	34.1414364446978
832.338928	36.27226913678448
832.457275	39.946376338748465
832.575623	40.733026297014526
832.693909	38.08027755551307
832.812134	34.360414566861195
832.930481	31.94139512581662
833.048828	27.318891192190563
833.167114	23.414979880406154
833.2854	22.961254280615364
833.403687	22.9923316557467
833.521973	20.27012342006871
833.640259	17.829256411606313
833.758545	20.682700624990535
833.876831	22.683274324611755
833.995056	25.272531752015645
834.113281	30.123631116720034
834.231628	31.184614801923818
834.349915	30.70871546967584
834.468201	27.890748338143922
834.586426	26.949300080313233
834.704651	26.49908264004513
834.822998	26.33230281075585
834.941162	28.273630525632576
835.059448	30.61311173808938
835.177673	31.05202115776467
835.295959	32.259174369983754
835.414246	32.74107658245163
835.53241	31.025839940021278
835.650635	21.79095133589214
835.768921	13.1835808717751
835.887146	4.223204139766259
836.005371	1.4877381270561527
836.123596	0.22608135840083082
836.241821	0.31052434276506413
836.360046	1.093888285664978
836.478271	0.18439117288767792
836.596497	-0.6928644756045805
836.714722	-2.853877123736366
836.832886	-2.69041837457857
836.95105	2.955539001213341
837.069336	3.9260005320777798
837.1875	4.086778149390313
837.305725	5.232277632632431
837.423889	4.552984736553922
837.542053	6.122505484401469
837.660339	5.343469061898532
837.778503	1.2180518978059132
837.896667	2.2311262285148388
838.014832	-1.1735567435454404
838.132996	1.7377808452557457
838.25116	5.924064815776632
838.369385	11.337704670621234
838.487488	17.004698473108864
838.605713	20.31470412359504
838.723877	19.332685010416625
838.84198	18.991577659857093
838.960205	14.046837941669748
839.078308	15.79069919153599
839.196472	15.653947169603766
839.314636	17.8552231599316
839.4328	22.448668852808748
839.550964	25.674594766464917
839.669067	30.92479715568161
839.787231	38.69065060507393
839.905396	42.253581394337665
840.023499	47.97509460240889
840.141602	52.40716962378312
840.259766	51.91780546194921
840.377869	52.84253583658382
840.495972	49.16407878584741
840.614136	47.70930010302459
840.732239	48.12974323261598
840.850342	46.72631050566481
840.968445	48.24794278057397
841.086548	53.865674082681764
841.204651	57.31330112367701
841.322754	60.0886749488854
841.440918	63.76542803266355
841.55896	66.8414157917712
841.677002	67.41623609405832
841.795166	73.77345865627638
841.913208	77.70099301235602
842.031311	77.84821836758397
842.149353	75.67186506365609
842.267456	65.79315888672937
842.385498	57.89612302425035
842.503601	50.23834403170771
842.621643	41.34581764104001
842.739746	41.277006614269794
842.857788	36.79167477398713
842.97583	35.5803085213537
843.093933	37.01523649783891
843.211975	39.455768155775004
843.330017	49.87163255569591
843.44812	53.37972840253805
843.566101	57.06231447394909
843.684204	59.53196947265316
843.802246	53.7172814528285
843.920227	49.83254199238091
844.038269	41.918912326848314
844.156311	38.788080974828574
844.274292	37.048290260838506
844.392395	28.002596030604863
844.510376	27.81983257538834
844.628357	28.424256648847454
844.74646	23.467396001333377
844.864441	27.37133070285006
844.982422	22.008384634181184
845.100403	18.062549334030614
845.218384	16.291407025180913
845.336426	13.433079442925997
845.454468	16.2862749690243
845.572449	17.79907519686484
845.69043	18.1100227213309
845.808411	21.478880806131727
845.926453	17.368898435874698
846.044373	17.319059957033936
846.162354	21.72766113763234
846.280396	24.508141693713966
846.398315	28.06312732750883
846.516296	32.206510394433806
846.634216	36.72834439784558
846.752197	34.88623664024803
846.870178	35.10014043348468
846.988098	33.350588383393855
847.106079	34.99041877078585
847.22406	37.24043486547567
847.34198	36.91667768261151
847.4599	38.89364091039152
847.577881	37.25358380074718
847.695801	30.710814504552012
847.813782	24.609532629147623
847.931641	20.72896725398768
848.049561	25.69034741156394
848.167603	31.088949554783675
848.285461	35.67586776060239
848.403381	36.79311492062668
848.521362	35.54459816494219
848.639221	33.48877987691501
848.75708	33.50016699572059
848.875	31.32551242651226
848.99292	39.17479956844575
849.110901	47.43116745547346
849.22876	53.15956535101142
849.34668	58.97255806580846
849.464539	59.37665521451524
849.582458	60.8762100341777
849.700317	58.10327934339965
849.818176	50.337100877996654
849.936096	50.52790006980736
850.053955	48.47872441439864
850.171875	44.12898716829153
850.289673	46.28172751231013
850.407593	45.333063112395024
850.525452	47.88689929721002
850.643311	44.80039640961992
850.761169	42.887429815784174
850.878967	39.604702529095434
850.996887	34.89163148472078
851.114746	31.33480920229891
851.232544	28.419086129607877
851.350403	31.698597814496942
851.468262	27.842170849628694
851.58606	27.038142352670754
851.703979	26.6111924658991
851.821777	23.727985009260163
851.939636	26.42533506039785
852.057434	32.67944123240329
852.175232	39.26302854943883
852.293091	58.147985966447834
852.410889	72.93171720591624
852.528687	98.88262235473695
852.646545	114.52019450858054
852.764343	118.54788957732104
852.88208	110.73845680831403
852.999939	98.37976656430169
853.117676	75.15580085388804
853.235535	55.74407147893542
853.353271	43.06663918671715
853.471069	39.212242275290706
853.588928	30.802105025466794
853.706604	26.165224698227505
853.824402	21.650090086360667
853.9422	29.070547519703148
854.059998	27.987202070465415
854.177734	34.555901059113395
854.295532	43.88052736606731
854.413269	53.114762833547395
854.531006	53.063799624708324
854.648804	50.3358611377903
854.766541	42.2209781126895
854.884277	38.543837413648816
855.002014	33.56415859741986
855.119751	33.58930414267499
855.237549	31.86169110369984
855.355225	37.88131050408137
855.473022	37.34079914402753
855.590698	32.502044741469646
855.708435	29.26764893530332
855.826172	30.375703314295343
855.943848	32.278561925618156
856.061646	32.37451189580389
856.179321	31.31503906539515
856.296997	40.16073984945754
856.414795	43.032822494927586
856.53241	48.96807609388727
856.650085	56.35610170852314
856.767822	64.80294857800729
856.885559	67.65925372643494
857.003174	70.98345032424379
857.120911	72.91837628302729
857.238586	75.70211098203302
857.356201	68.3930984847439
857.473938	62.34846285086785
857.591614	52.830082109860896
857.709351	49.45483367635195
857.826965	44.00841256870321
857.944641	44.00811187349902
858.062317	48.819717897412815
858.179993	53.332824578465534
858.297668	55.89373946171891
858.415283	59.59766943769418
858.532959	58.303901898580904
858.650574	60.89554183323226
858.768188	60.51109473620693
858.885803	58.912453506095076
859.003479	60.42426489092139
859.121094	63.18936567945559
859.23877	60.90903638739328
859.356384	57.94471385308113
859.473999	50.62537548759261
859.591675	46.18693611389524
859.709229	38.220268115801716
859.826843	33.56950743040608
859.944458	31.652385458919525
860.062012	31.95588139456321
860.179626	32.137989986328954
860.297302	31.64888424157178
860.414856	34.15304698695907
860.532471	35.46429860929268
860.650024	32.45923248934163
860.767639	31.246043075309416
860.885193	29.88965218561176
861.002808	27.26448163356266
861.120361	30.299063868643934
861.237976	29.196844496263182
861.35553	34.89501911104425
861.473022	33.748530481009944
861.590698	33.337440570687114
861.708191	32.220155818805196
861.825745	31.240808315567048
861.943298	27.104991311657486
862.060852	24.84513440336131
862.178406	22.130048147514813
862.295959	20.24973186765405
862.413513	14.691169908438738
862.531006	11.246541217226252
862.64856	3.6387495093354363
862.766113	-4.6214126062823375
862.883667	-5.891122171805446
863.00116	-4.856555746957319
863.118713	-2.1237931735028277
863.236206	6.387246315528998
863.353699	18.356202626312893
863.471252	33.58828368466643
863.588745	45.42330043208818
863.706177	59.62316990261728
863.82373	73.3697059877482
863.941162	79.03518810395563
864.058716	78.12828602276186
864.176208	73.9087350803153
864.29364	60.865690740572525
864.411194	50.76972342320781
864.528687	37.759336486857826
864.646118	28.170032944799736
864.763611	19.55808438942742
864.881042	14.897497713685322
864.998535	11.253206231820464
865.116028	8.746421277817523
865.233459	6.619537006108496
865.350891	6.582524038611851
865.468384	2.2132780115284865
865.585754	1.8797713402328706
865.703308	2.841729752859423
865.820679	2.1251259097417976
865.938171	-1.7916885650330512
866.055542	-4.484476528110601
866.173035	-3.7519373817791006
866.290466	-3.3537894627910227
866.407837	-5.270560589114018
866.52533	-1.9892216078760931
866.6427	0.9231371351946904
866.760071	4.964383257994378
866.877563	9.519828933630329
866.994934	13.152259932601039
867.112305	14.738342874926495
867.229736	17.40797233311516
867.347107	17.033467120702305
867.464539	16.253383496907702
867.58197	17.83181753330008
867.699341	19.859701796922437
867.81665	23.042695695979695
867.934082	24.450084992027406
868.051453	20.35462969454862
868.168823	20.64164222869813
868.286194	20.198592136430037
868.403564	16.899958216484663
868.520935	18.74577203314788
868.638306	17.322627691661744
868.755676	22.277749596822936
868.872986	29.150120975872767
868.990295	31.4570780042708
869.107727	35.85016754216613
869.225037	42.60646965461787
869.342346	41.56366865640864
869.459717	43.020490382143336
869.577026	42.19773187633097
869.694336	45.723133943751364
869.811707	47.717922915258555
869.929016	49.7319016839555
870.046326	54.468561033730865
870.163635	64.00800723383821
870.280945	62.07535748719991
870.398254	66.25939518566209
870.515564	71.31121161763312
870.632812	75.14424655827752
870.750183	72.86458253501493
870.867432	77.45491453377885
870.984741	78.88279401099047
871.102051	85.56599364419262
871.219299	89.17983198660168
871.336609	102.33040196088247
871.453918	113.4181414052606
871.571106	119.51881040305592
871.688416	115.51339030383997
871.805664	114.30448146113042
871.922852	108.37478114041053
872.040222	108.0273331048113
872.157471	108.6495665705122
872.274719	109.1852301799129
872.391968	108.26634827463107
872.509155	103.18729783386891
872.626465	97.49787714161121
872.743652	94.76733699325952
872.860962	96.99568998412835
872.978149	91.24786984627454
873.095337	87.44376700846472
873.212646	79.93837535928094
873.329834	74.9567856076724
873.44696	69.21978933636441
873.564209	66.79231697158795
873.681396	68.36482603741936
873.798645	74.50225563460054
873.915894	70.34096535771448
874.03302	73.43503815155945
874.150208	74.58535003890913
874.267456	75.802701197797
874.384583	75.85981602360621
874.501831	79.01426810174465
874.618958	82.39806259451974
874.736145	86.4743945018016
874.853333	87.22161822891681
874.970459	92.42108857185906
875.087646	96.4039761448819
875.204834	94.20921379820096
875.32196	93.33245763444205
875.439148	95.84728066695254
875.556274	92.61730103852545
875.673401	87.15332471053672
875.790527	84.50944561862198
875.907715	78.59472466021676
876.024841	76.95677480757539
876.141968	72.74923945046812
876.259094	75.00456092987662
876.376282	78.08418483331582
876.493347	75.92532264327605
876.610474	70.29851069127506
876.7276	72.00241859936031
876.844727	70.8205595463338
876.961853	71.48452830699034
877.078918	70.39255062540845
877.195984	70.50996535766126
877.313171	71.24799664940304
877.430237	65.48107272473821
877.547302	62.87799193728227
877.664368	67.89110444471413
877.781433	71.55500778675483
877.898499	65.35019075927899
878.015625	60.5103867434767
878.13269	57.816944345823615
878.249695	53.780651569855664
878.366821	47.07462610933737
878.483887	48.15985972845145
878.600952	49.30040417950866
878.717957	48.75811739555827
878.834961	42.27105279283593
878.952087	41.06428500129444
879.069092	40.60531106367357
879.186157	37.723094640208515
879.303162	34.88944908897714
879.420227	32.457139416800025
879.537231	29.915324498052776
879.654236	24.597276739681792
879.77124	16.84495910537861
879.888306	12.13667947747209
880.005249	10.403137805300256
880.122314	10.044723913850135
880.239319	10.916365813184452
880.356323	12.028841507336615
880.473328	14.711132869059064
880.590271	9.878766447460347
880.707275	5.111790726435507
880.824341	5.3755315277267846
880.941284	7.92536401547891
881.058228	7.940899751715823
881.175232	6.9004444658087145
881.292236	2.897031439169709
881.40918	1.5323715964453195
881.526123	-2.091846813479577
881.643066	-4.077385291973643
881.760071	2.759712910011454
881.877014	11.456230890501963
881.993958	14.921242681261278
882.11084	12.962093807257794
882.227783	8.236775700955784
882.344727	6.567806818812483
882.46167	3.591519873844225
882.578613	1.8685114342444553
882.695618	6.965866657445002
882.812439	10.814307720594154
882.929382	8.93331010426821
883.046326	7.3098737443996455
883.163208	2.398532971811602
883.280151	0.6603241995372038
883.397034	2.5757528228212374
883.513916	5.711908976524459
883.630798	15.646721809627724
883.747742	20.228671045753536
883.864563	23.488053131069066
883.981506	25.656474513869263
884.098389	25.768558464075873
884.21521	32.41087436374719
884.332153	39.10291206885713
884.448975	46.31651024330499
884.565796	61.97376682013352
884.682678	79.94263781034529
884.7995	100.60189350996643
884.916443	122.94938161473016
885.033264	149.76646677755355
885.150085	177.30638939372062
885.266968	198.44143619201958
885.383789	219.49193113683282
885.500671	236.53364316483825
885.617493	248.73103443770816
885.734314	248.97152853316356
885.851196	247.2572869528706
885.967896	243.10991996852
886.084717	237.2242159658092
886.201599	229.9075076179515
886.318359	223.90434428435893
886.435181	216.54372196259757
886.552002	210.10695872071346
886.668762	201.46415819075224
886.785645	198.80792572836475
886.902344	192.31787320702725
887.019165	188.38572433031828
887.135925	184.07637831370266
887.252747	173.11705404290007
887.369446	162.0574998961995
887.486267	150.49289048175854
887.603027	139.7716570728734
887.719788	129.7595513513312
887.836548	117.76388789773895
887.953247	101.85818440419874
888.070068	88.78265723798756
888.186829	72.49828058979145
888.303528	60.47252289883306
888.420288	51.55381543779393
888.536987	42.44987462571233
888.653687	36.610881097690104
888.770447	31.55408866606176
888.887146	22.011018621208503
889.003967	16.61149352238583
889.120667	10.199589602677863
889.237305	8.638885199616178
889.354065	9.528889284666901
889.470703	3.7678015559630174
889.587463	-4.618451743310473
889.704163	-7.3247511202688225
889.820862	-5.543814503058383
889.937561	-4.8319461139499245
890.054199	-8.02253461246919
890.170837	-4.225997475750554
890.287598	-3.41203600550911
890.404236	-3.0546943006216196
890.520874	-3.218911228119019
890.637634	2.7122019439876492
890.754211	11.13691816230042
890.87085	18.70029927821787
890.987549	22.41749863433078
891.104187	28.375111901568413
891.220886	31.763648274837493
891.337463	39.808216341765515
891.454102	48.188498621261274
891.57074	54.365552182203245
891.687378	60.04501073712595
891.804077	70.95634011941036
891.920654	75.84629238882688
892.037231	74.6521168825955
892.15387	76.84136504310933
892.270447	78.63482697100216
892.387085	77.38749834914319
892.503723	70.60155576669385
892.6203	59.25102025971962
892.736877	55.09349245264254
892.853516	42.83892411546948
892.970032	33.6215291382682
893.08667	28.478116932933712
893.203186	29.387044804582743
893.319763	29.209805308182695
893.43634	27.95938552301199
893.552917	25.0015844700169
893.669556	21.726034886220525
893.786011	17.468227656897998
893.902588	13.72599982668746
894.019165	12.551322427882225
894.135681	14.868431846857238
894.252197	15.138389796855119
894.368835	18.387157751524903
894.485291	19.116914753910777
894.601868	21.77570994457043
894.718384	24.417664365965614
894.8349	23.536286840636077
894.951355	24.38701091014797
895.067932	25.093196131786105
895.184448	18.11589729731967
895.300964	13.968105919260559
895.417419	11.019949336300932
895.533936	8.414286308713105
895.650452	8.293988938640434
895.766907	5.576809009511736
895.883423	7.150211658647548
895.999878	11.633249543924117
896.116333	9.47615689231837
896.232849	11.24172019522488
896.349304	12.815229919047004
896.465759	11.988912154331645
896.582214	13.606943671188816
896.698669	11.931231249843037
896.815125	16.916355227971145
896.931641	16.50819860099366
897.048035	15.325824569626391
897.164551	17.30214898335553
897.280884	22.770525984296007
897.397339	18.843507357558526
897.513794	19.893425698390615
897.630249	21.976548821276438
897.746582	18.177323642544234
897.863098	8.868052038373694
897.979431	5.776020138991677
898.095886	13.799531517730136
898.212341	14.975407627371393
898.328674	14.905385120325363
898.445129	28.61983650005306
898.561462	37.60146102362413
898.677795	32.89575006896848
898.794312	26.346913213719237
898.910645	25.01124682162599
899.026978	27.38231021520726
899.143433	21.33025979989351
899.259766	24.80316604433465
899.37616	33.08680393547915
899.492493	34.84570410401817
899.608765	34.194623116008046
899.725159	33.31542824316019
899.841553	29.06094881350776
899.957947	22.965870689894484
900.07428	18.15791382334229
900.190552	15.567836952530074
900.306946	16.751971580444813
900.423157	14.972253653962188
900.53949	23.007945004385952
900.655884	27.506270832777652
900.772156	29.155555376353
900.888489	27.620349382979143
901.004822	24.350892772171218
901.121033	21.92296631278164
901.237366	26.358274285565155
901.353699	29.602718020445117
901.46991	31.370617053459
901.586304	37.47803371336141
901.702515	48.693375978404184
901.818787	54.28075281569495
901.93512	60.84842714263703
902.051331	67.48082259573039
902.167603	79.06760917268718
902.283875	87.46377623320728
902.400085	90.58709716882487
902.516418	105.6280864250071
902.632629	120.33135398723708
902.74884	129.64713926307167
902.865112	139.51054042861566
902.981384	142.25056456696547
903.097595	141.3564297752024
903.213867	140.1246857149149
903.330017	137.23066111897526
903.446289	140.72200805926792
903.5625	142.25457923753447
903.67865	142.63142635522252
903.794922	139.44996459166651
903.911072	135.31842004404217
904.027344	131.02253106437604
904.143494	124.91727822077416
904.259705	114.29702745942852
904.375916	105.62067600982482
904.492065	92.32544588921368
904.608215	82.7987974828809
904.724426	71.23985545848535
904.840576	67.22655873361992
904.956726	62.58574015633612
905.072876	56.56199216432455
905.189087	51.58604798067377
905.305176	50.72934439055757
905.421387	45.19533179532355
905.537537	45.07059137473987
905.653687	41.93303568129687
905.769775	42.752369137125044
905.885925	34.357586996106804
906.002014	28.467308733951114
906.118164	27.96247675335365
906.234314	26.401536655020394
906.350403	21.17192444401457
906.466492	15.797438354889854
906.582642	11.64387919403013
906.69873	12.040240906381307
906.814758	7.722461155948338
906.930908	10.11260856425589
907.046936	17.312408127985044
907.163086	20.495024846587036
907.279175	23.764341606994925
907.395264	21.520770803312573
907.511353	21.370382620138614
907.62738	24.053417113443626
907.743408	23.43134367527773
907.859497	18.12321597447241
907.975525	17.761060789002222
908.091553	17.422793736276965
908.207703	19.842167185964414
908.32373	16.313542763872462
908.439758	15.501420906564846
908.555786	17.665535837318668
908.671814	19.043956413573156
908.787842	11.385619105177874
908.90387	9.880991779512389
909.019775	12.001925968649331
909.135864	13.737588123926582
909.251892	14.098799048409994
909.367859	9.74356891532074
909.483826	12.360203811329427
909.599854	15.154310267263703
909.715881	16.047976391399075
909.831848	17.62344693518195
909.947815	19.519250091005198
910.063782	22.092526635185116
910.179749	20.442840709873327
910.295776	16.485780948124855
910.411743	22.00056731796602
910.527649	18.72745097754396
910.643616	19.973793620656352
910.759583	17.064265671411007
910.875488	18.578953820944676
910.991455	18.429126042737543
911.107361	17.05633244228129
911.223267	19.425942313676277
911.339294	24.496840807833202
911.4552	20.868592383404145
911.571106	18.982753475097084
911.687073	15.625034798111056
911.802979	17.343051639721917
911.918823	15.489644206712338
912.034729	15.376487777022836
912.150635	15.63562092391396
912.266602	16.399080614500637
912.382446	16.175525629238617
912.498352	15.208893260154376
912.614197	13.684897315048085
912.730103	11.603537793919758
912.846008	8.964814696769393
828.077942	21.680147247622205
828.196289	25.248574907521498
828.314636	27.832152406175055
828.433105	29.43087974358287
828.551514	30.04475691974492
828.669861	27.76015746310997
828.78833	27.52100200641531
828.906677	25.820789277701856
829.025085	22.6249082492809
829.143433	22.132484964260016
829.261841	17.27640386720301
829.38031	15.989579761435266
829.498657	8.652950035093598
829.617004	6.790320102573119
829.735413	10.241513046423897
829.85376	10.848519813560735
829.972107	8.983642681673745
830.090515	8.17934075601157
830.208862	6.258120164095072
830.327209	10.339043738704957
830.445557	10.051978206589157
830.563904	15.193459402608207
830.682312	23.42583300539069
830.800659	29.6257200890563
830.919006	42.0961512438134
831.037354	52.3479545828979
831.155701	63.02613366005607
831.274048	68.8190206765502
831.392395	69.82833802372758
831.51062	61.095212997818805
831.629028	50.706226742225226
831.747314	35.901642049135994
831.865662	32.252882686361914
831.984009	30.31189009083571
832.102356	28.496397483021745
832.220642	29.607286650395103
832.338928	35.08177354135424
832.457275	35.62330903766143
832.575623	39.77734950142932
832.693909	38.682427349792505
832.812134	36.26493728176537
832.930481	33.879847765381925
833.048828	26.853997258840337
833.167114	27.555347970284533
833.2854	25.869170296028194
833.403687	27.427481707480393
833.521973	28.505178213894887
833.640259	28.565455619514267
833.758545	29.22517747816115
833.876831	31.843652908652594
833.995056	32.08537713798629
834.113281	35.71874364182271
834.231628	34.7956880100331
834.349915	33.83567371772524
834.468201	29.466413426681488
834.586426	23.995235378075588
834.704651	21.30957575218274
834.822998	20.972201106208136
834.941162	24.55886066954178
835.059448	27.469987104708608
835.177673	28.134124984488444
835.295959	29.384589226009126
835.414246	27.0417350473084
835.53241	19.83280601759995
835.650635	10.84221270445519
835.768921	5.825347593448485
835.887146	1.9921604474766308
836.005371	-3.1876595673893977
836.123596	-3.417597691063698
836.241821	-0.7474432549113859
836.360046	4.569563215157444
836.478271	10.148132111018935
836.596497	10.408169302060916
836.714722	10.99038156283926
836.832886	7.827665280150339
836.95105	4.216564859310241
837.069336	-1.542052817227878
837.1875	-4.987151245579228
837.305725	-2.272388212215416
837.423889	-0.7137798101152723
837.542053	-5.413050173812338
837.660339	-5.404803268335554
837.778503	-2.217163858615213
837.896667	2.4572596328807306
838.014832	3.536257259599305
838.132996	11.019855912962544
838.25116	17.379985102303287
838.369385	21.207598499372473
838.487488	21.32307940474095
838.605713	21.61393100769648
838.723877	23.093178362217834
838.84198	25.321474113503328
838.960205	25.407098437724095
839.078308	26.183420601992268
839.196472	23.38210244402441
839.314636	19.570280269139715
839.4328	19.367040928056714
839.550964	18.941276445920362
839.669067	22.386091887971222
839.787231	28.244820067266236
839.905396	37.34651657300124
840.023499	46.06784836560341
840.141602	49.48894378311699
840.259766	51.97781226351332
840.377869	54.66437028450612
840.495972	54.18069699667153
840.614136	49.32336560783811
840.732239	49.362977576235195
840.850342	48.34503435603578
840.968445	50.03363868700353
841.086548	48.89420723887153
841.204651	54.40513580008371
841.322754	60.18116891473046
841.440918	60.14876332094616
841.55896	64.11314415288896
841.677002	74.10032665102136
841.795166	73.28783039952268
841.913208	72.56314243853845
842.031311	65.30725411646138
842.149353	63.65006641103091
842.267456	56.730131714013794
842.385498	47.432782622667546
842.503601	45.29916627517365
842.621643	47.47217242413018
842.739746	43.265686040139286
842.857788	38.60831300652701
842.97583	36.9416328475555
843.093933	39.624998045559444
843.211975	39.78829166367328
843.330017	44.91856959388947
843.44812	46.32754654676766
843.566101	52.25333631614897
843.684204	56.09207831917916
843.802246	50.965012281639275
843.920227	51.757436465792296
844.038269	47.06680020433751
844.156311	44.30437013707507
844.274292	41.2558887361673
844.392395	36.62269116060267
844.510376	37.20782170875841
844.628357	36.318664804126556
844.74646	29.500698283834815
844.864441	30.290731446499315
844.982422	25.88144504681128
845.100403	27.463336153437723
845.218384	24.93036161086323
845.336426	27.353984594999496
845.454468	22.954995575744626
845.572449	18.85463574906869
845.69043	14.21741750084212
845.808411	15.61045708878781
845.926453	14.064096782513168
846.044373	10.550217720626563
846.162354	14.993087081128142
846.280396	17.613502055356108
846.398315	16.292441816289195
846.516296	20.44336399458184
846.634216	21.406103936751464
846.752197	28.752120170163153
846.870178	34.84941651894312
846.988098	32.24995278593008
847.106079	37.295743369191385
847.22406	36.387243857282
847.34198	36.64135968224936
847.4599	33.2269554512295
847.577881	29.28040159758543
847.695801	28.401286341458196
847.813782	26.86454398464369
847.931641	27.02083096483842
848.049561	27.677522264946276
848.167603	25.67664628597432
848.285461	20.64808366514062
848.403381	19.563716159519547
848.521362	23.36511212273431
848.639221	25.489520875108035
848.75708	30.09283381716501
848.875	43.39799359020492
848.99292	47.943987216417064
849.110901	47.8347321238372
849.22876	47.42305544937241
849.34668	50.60939987322711
849.464539	53.175165923885814
849.582458	53.10955454581676
849.700317	53.025141322732075
849.818176	51.71631486785431
849.936096	45.68308357584277
850.053955	44.063992177006966
850.171875	43.32659190369962
850.289673	42.001194155858
850.407593	45.03369964907058
850.525452	49.54100026765809
850.643311	48.89540741530113
850.761169	47.893479969967096
850.878967	44.366379307682294
850.996887	38.09984214804893
851.114746	28.515958236702595
851.232544	21.10823538849683
851.350403	19.590981698060393
851.468262	20.44904053378822
851.58606	18.90321612660682
851.703979	21.516283511610048
851.821777	21.792568582478502
851.939636	21.374946809937605
852.057434	21.25909713293423
852.175232	29.040255255020696
852.293091	47.787712699625644
852.410889	68.89541005908245
852.528687	91.32222378767364
852.646545	109.02487663557598
852.764343	116.3908074895271
852.88208	113.64514689709787
852.999939	98.41342792809786
853.117676	84.60041215224828
853.235535	68.7494125772134
853.353271	56.7738321871636
853.471069	48.09574272899104
853.588928	43.275762401329956
853.706604	36.74894896081773
853.824402	35.92223252354178
853.9422	34.81292228182269
854.059998	40.52491286745965
854.177734	39.263834609576875
854.295532	44.614089202611964
854.413269	47.37654392239036
854.531006	51.06201791677868
854.648804	49.87180751355785
854.766541	47.208496921663595
854.884277	42.58075505044785
855.002014	37.124924144536685
855.119751	32.47737028248858
855.237549	24.854535727889584
855.355225	21.124376118686406
855.473022	19.07693016895571
855.590698	20.463262569841728
855.708435	25.538788479727913
855.826172	28.84030057314424
855.943848	25.876429777890692
856.061646	28.0930821078231
856.179321	24.758626424093578
856.296997	26.561364716014538
856.414795	30.654972775095686
856.53241	37.93121819649691
856.650085	50.38792742250793
856.767822	57.71340115679892
856.885559	57.16520327232081
857.003174	58.24549039605945
857.120911	55.136062096335294
857.238586	56.28062620316974
857.356201	53.484380949768976
857.473938	49.07631298488759
857.591614	49.62133190728442
857.709351	53.16705246131845
857.826965	51.3714654687283
857.944641	52.509441167633895
858.062317	55.28226502053559
858.179993	56.648796270034445
858.297668	49.49863367517324
858.415283	47.797115134134295
858.532959	49.69573703279748
858.650574	51.31137191327046
858.768188	49.14183403498919
858.885803	53.24339009232742
859.003479	57.187441695166754
859.121094	53.71855890580291
859.23877	49.16572957179997
859.356384	46.69125813124165
859.473999	46.751829539212
859.591675	40.003274067432045
859.709229	35.99101162183602
859.826843	31.82108503083623
859.944458	23.03243996856235
860.062012	15.934568619937076
860.179626	13.09888790276229
860.297302	14.287261551684225
860.414856	19.17932651451556
860.532471	19.848646217408124
860.650024	22.189132987793766
860.767639	20.196430246825663
860.885193	15.45061451627623
861.002808	14.191911773962142
861.120361	17.855351418951887
861.237976	23.84568133177143
861.35553	25.779754484956
861.473022	33.16186804764857
861.590698	34.32533458054495
861.708191	39.04934359194263
861.825745	35.97889681182031
861.943298	32.75032719221707
862.060852	31.46749662408407
862.178406	26.929089460912405
862.295959	16.418615120305894
862.413513	10.658990915296988
862.531006	1.0138268289797232
862.64856	-0.30262518763435375
862.766113	-5.10640012551379
862.883667	-2.427820177619303
863.00116	4.462537450947883
863.118713	11.047349759112361
863.236206	17.921856250984295
863.353699	26.75487447108329
863.471252	38.72390223483086
863.588745	57.34407024659433
863.706177	74.70846117198646
863.82373	91.29325787807115
863.941162	100.81489215582337
864.058716	103.20410804995235
864.176208	95.52150283078464
864.29364	79.81899840760167
864.411194	58.73079723014072
864.528687	37.02743276596632
864.646118	20.459987841221906
864.763611	10.275205643378401
864.881042	6.191677291670354
864.998535	6.813292713835848
865.116028	9.486367383921298
865.233459	13.490087783597776
865.350891	14.698922011793687
865.468384	16.4591588269084
865.585754	17.710193574117692
865.703308	16.865424399373783
865.820679	11.656442479319027
865.938171	5.291025443563937
866.055542	0.033224187852397113
866.173035	-0.3983611170447566
866.290466	1.0265740913357262
866.407837	0.6629756093036718
866.52533	-0.5865453102464869
866.6427	-1.1657322167228763
866.760071	-2.161161447066778
866.877563	-0.4581083031052038
866.994934	4.833032877048105
867.112305	15.480687522749033
867.229736	20.83118687346947
867.347107	20.58151205471657
867.464539	20.521720208279405
867.58197	22.74489743030469
867.699341	19.841961940725888
867.81665	15.395181735707002
867.934082	16.716252292357225
868.051453	12.915582236213869
868.168823	11.755094733875344
868.286194	9.92311366989668
868.403564	10.090644279246147
868.520935	14.627838467573142
868.638306	16.848553868335895
868.755676	14.425979362004426
868.872986	16.825495556666855
868.990295	18.32416942047991
869.107727	27.302975699232434
869.225037	31.93941814594755
869.342346	36.02138839862721
869.459717	41.525092449039086
869.577026	46.840149545620044
869.694336	49.79775474666377
869.811707	51.31133317885836
869.929016	55.13197739948536
870.046326	57.49780115401148
870.163635	57.023533619267795
870.280945	59.61610102264822
870.398254	63.67380147802142
870.515564	67.9715267346966
870.632812	72.7538763619545
870.750183	75.55765981429539
870.867432	79.58201331435167
870.984741	78.74686026424381
871.102051	80.19940154299931
871.219299	87.06516312745788
871.336609	90.67100818813608
871.453918	94.01260370671648
871.571106	95.70033296596338
871.688416	95.66278772193465
871.805664	95.7917374143772
871.922852	95.29930833376892
872.040222	100.19199942738852
872.157471	105.80095496657724
872.274719	106.17381188742223
872.391968	108.38198068921226
872.509155	107.57480895451899
872.626465	104.19169760417189
872.743652	101.87331820836022
872.860962	99.1153464944905
872.978149	95.45240522967754
873.095337	90.4797015621769
873.212646	83.40719973766767
873.329834	78.02924650612218
873.44696	75.77008859079989
873.564209	75.90244053207047
873.681396	79.22064779874965
873.798645	81.43682738850748
873.915894	80.65486300464292
874.03302	81.16908890405146
874.150208	80.82366262149505
874.267456	80.00816360515243
874.384583	86.59920368327704
874.501831	91.76560313945197
874.618958	97.83632801248042
874.736145	100.71395829363917
874.853333	103.80324621229188
874.970459	107.56735550148483
875.087646	107.11666814411024
875.204834	100.07668751491906
875.32196	99.0512851555905
875.439148	92.03177326937472
875.556274	87.14582947809981
875.673401	79.20078679279938
875.790527	76.38059958681484
875.907715	78.14626719689065
876.024841	74.8852199037574
876.141968	69.5324768517047
876.259094	72.91051416560718
876.376282	69.60154717977696
876.493347	69.9020852829708
876.610474	66.9939108497479
876.7276	67.58261060110115
876.844727	69.67896116817055
876.961853	67.22883380930017
877.078918	63.99408141288418
877.195984	65.47466569286362
877.313171	63.92162852193995
877.430237	62.254843607245384
877.547302	60.29028646041827
877.664368	60.471640273578544
877.781433	60.93522525715488
877.898499	58.98836117703243
878.015625	54.15481595381325
878.13269	52.89774768877808
878.249695	52.175987710057626
878.366821	50.448359422865465
878.483887	49.58060793792754
878.600952	53.302144380966524
878.717957	51.1583678624182
878.834961	49.75961752463203
878.952087	46.346110842529626
879.069092	42.062825291271785
879.186157	32.119668114159744
879.303162	26.32610619447169
879.420227	22.723207470912257
879.537231	20.646442493383418
879.654236	15.175828342130785
879.77124	17.71392564201797
879.888306	18.104834781734837
880.005249	15.519506931706314
880.122314	10.14187288921606
880.239319	9.668842930907626
880.356323	3.6371598444702284
880.473328	0.41475599461375223
880.590271	-0.5655356869011572
880.707275	1.2395300878970952
880.824341	5.050686760616553
880.941284	7.398200363123678
881.058228	6.134843557717181
881.175232	6.40559031490434
881.292236	2.493953402861009
881.40918	1.2981833615439666
881.526123	0.29442966098580436
881.643066	0.17097548266457663
881.760071	4.901820014818546
881.877014	5.015084707204016
881.993958	2.6276286998919245
882.11084	3.5922436492222074
882.227783	0.692455127337098
882.344727	-0.18212549843632186
882.46167	-3.09863392475349
882.578613	-2.500806122122656
882.695618	-3.8237211811771696
882.812439	-4.972150752712526
882.929382	-2.8724969722288733
883.046326	-1.847266567197269
883.163208	-1.2167949349743652
883.280151	5.672619630248699
883.397034	10.282028149395622
883.513916	11.903654065047586
883.630798	13.873026209829053
883.747742	18.060290951970355
883.864563	21.883212018806326
883.981506	25.142681424600383
884.098389	31.801915291622937
884.21521	38.086032702837954
884.332153	40.64874415046254
884.448975	47.490048271827064
884.565796	59.670592568336986
884.682678	80.50857091931086
884.7995	106.43039410952585
884.916443	134.5399918762488
885.033264	169.2616073924425
885.150085	199.65153261770408
885.266968	224.17081993589795
885.383789	251.3129743274462
885.500671	267.4719671327944
885.617493	279.0135794822885
885.734314	276.39018997657627
885.851196	268.65376332227305
885.967896	260.5964919426116
886.084717	249.97595395307465
886.201599	236.27266119218427
886.318359	228.55369270649496
886.435181	215.16321480970436
886.552002	204.72022666200752
886.668762	196.07969914859058
886.785645	192.95157246458007
886.902344	193.1172089611885
887.019165	190.30601361422515
887.135925	187.7192682020929
887.252747	180.99330142697409
887.369446	167.57831343853306
887.486267	155.82057988818937
887.603027	145.27201398967395
887.719788	133.348169658252
887.836548	123.45161819845967
887.953247	108.17537641468448
888.070068	97.81812076857244
888.186829	78.62872271144418
888.303528	67.02055651081136
888.420288	53.99791591629632
888.536987	44.10619794021583
888.653687	37.70902136226668
888.770447	30.57474046047733
888.887146	21.677318703997088
889.003967	14.233176620685281
889.120667	4.495499812197366
889.237305	0.3733407343335896
889.354065	-3.8735979107835776
889.470703	-5.044063042529825
889.587463	-0.9735722540537365
889.704163	0.12787329876984388
889.820862	-4.148868150861087
889.937561	-6.011598443620512
890.054199	-3.7828715168926283
890.170837	-7.715953245918255
890.287598	-7.973182862222194
890.404236	-0.2645334990582242
890.520874	8.468436606593198
890.637634	14.039590485489722
890.754211	15.834214650958046
890.87085	22.878319855905325
890.987549	32.42298776612182
891.104187	36.30156618850499
891.220886	44.204561524912265
891.337463	56.98045665184769
891.454102	63.98858530896466
891.57074	69.6510408955491
891.687378	75.19509935714805
891.804077	77.19654393197541
891.920654	77.90861709330655
892.037231	80.10406285846832
892.15387	80.35649009989982
892.270447	78.87153417254888
892.387085	77.04747753688898
892.503723	69.90380953134436
892.6203	62.022773035552675
892.736877	48.94335069764572
892.853516	41.59194121868757
892.970032	36.34950851160742
893.08667	30.81562933964864
893.203186	29.24138504195333
893.319763	26.529390452537175
893.43634	21.054101251529538
893.552917	17.187806732552936
893.669556	15.13831828604755
893.786011	15.27792024745813
893.902588	10.130420666647016
894.019165	13.308393637667091
894.135681	19.262046609976892
894.252197	19.164559538479153
894.368835	21.827605168140106
894.485291	18.675437409422813
894.601868	17.950474514932104
894.718384	12.33454003909956
894.8349	7.59386717290975
894.951355	9.211159641566773
895.067932	8.420164470766471
895.184448	6.870246223473241
895.300964	4.57006680357822
895.417419	-1.2769143398175455
895.533936	-2.5170177326652916
895.650452	1.345440674859394
895.766907	7.619985509809083
895.883423	7.546893705156995
895.999878	6.901058559918516
896.116333	5.888122665953704
896.232849	3.3197902121640084
896.349304	-0.6632352464015394
896.465759	-4.5501084577804995
896.582214	0.3345238942812573
896.698669	3.4235752112999585
896.815125	5.935708523884159
896.931641	9.686950603489475
897.048035	13.618891028332047
897.164551	17.718575018455912
897.280884	15.897296196199383
897.397339	8.908315837068386
897.513794	7.660780874084836
897.630249	2.957730073543998
897.746582	4.431246125077933
897.863098	7.460140767138675
897.979431	13.085566736862596
898.095886	18.94609717277777
898.212341	24.46816926297425
898.328674	26.086854662351065
898.445129	29.174516553128406
898.561462	29.62943509691725
898.677795	25.271988286959747
898.794312	24.130363456567068
898.910645	20.04440100884104
899.026978	17.507653899951734
899.143433	18.66299926008357
899.259766	18.348111845209587
899.37616	20.340102558005526
899.492493	25.636829351431842
899.608765	21.41797797288302
899.725159	24.835106872259395
899.841553	23.15013062294352
899.957947	22.23322734433862
900.07428	25.125531381055918
900.190552	24.38550158697544
900.306946	20.145221458660565
900.423157	19.88523599124356
900.53949	17.270082697018907
900.655884	16.799794876441414
900.772156	20.05446596245956
900.888489	23.068770984092694
901.004822	25.82974089968521
901.121033	25.04951466200097
901.237366	23.97273480749707
901.353699	26.123219245511322
901.46991	29.830000652146964
901.586304	33.31822682539121
901.702515	44.38443884718157
901.818787	52.94425545328576
901.93512	59.12974374515065
902.051331	66.98419649174967
902.167603	79.76957275387578
902.283875	88.43176567789098
902.400085	102.90802386354378
902.516418	114.38019842669763
902.632629	126.50847832426524
902.74884	134.67816236719253
902.865112	140.73343404722795
902.981384	142.022775323191
903.097595	145.23020383098245
903.213867	141.50724193346127
903.330017	144.31492695676877
903.446289	143.7290437946572
903.5625	142.4032748695907
903.67865	141.80300373817104
903.794922	138.09490384032628
903.911072	134.2378448234954
904.027344	122.47426920957957
904.143494	107.12668425818805
904.259705	98.87906061457721
904.375916	87.44137224667604
904.492065	77.2941258565669
904.608215	69.99144331953761
904.724426	63.55279059724228
904.840576	65.00631815921265
904.956726	58.33253368577273
905.072876	56.2868473262304
905.189087	55.98613473314778
905.305176	53.220442656390645
905.421387	47.13693964310596
905.537537	40.884972612997856
905.653687	33.2242674581239
905.769775	28.949199124895287
905.885925	20.42555469068418
906.002014	18.395758579733986
906.118164	14.459363477400125
906.234314	13.78952926386751
906.350403	15.773687743990978
906.466492	16.684550827153917
906.582642	13.574062140893028
906.69873	11.691124906127836
906.814758	9.501110493566877
906.930908	9.471539437803578
907.046936	10.641364491549254
907.163086	14.162104844678165
907.279175	17.13547880124498
907.395264	14.405621813334962
907.511353	12.779902668025642
907.62738	11.569990147573069
907.743408	9.148176648339176
907.859497	8.213603313693909
907.975525	8.65154513223543
908.091553	11.312646621522564
908.207703	10.263994957773884
908.32373	10.765320737833296
908.439758	10.83826788663993
908.555786	13.017462658708755
908.671814	13.612402475063426
908.787842	11.995400355989968
908.90387	11.625322854481386
909.019775	12.521640782364326
909.135864	15.545814679367783
909.251892	18.0896167500472
909.367859	18.31538442012252
909.483826	20.90709270497984
909.599854	20.54220667927508
909.715881	14.653632998636212
909.831848	15.427507702013191
909.947815	14.554301064936407
910.063782	17.209328667535356
910.179749	19.00513392924457
910.295776	21.861626523811935
910.411743	23.96927429640549
910.527649	21.13758488656365
910.643616	18.76482191274654
910.759583	18.264392903250297
910.875488	16.59516413595211
910.991455	8.638091115175913
911.107361	7.284928784603835
911.223267	4.5876145114169224
911.339294	5.608918466944224
911.4552	4.760084721940718
911.571106	6.62119267763232
911.687073	12.213881529108134
911.802979	16.09658904426317
911.918823	17.481463732491477
912.034729	20.400960314687065
912.150635	15.911360069417004
912.266602	14.577600509303306
912.382446	11.906176022486399
912.498352	12.726955041013333
912.614197	14.917858911703098
912.730103	18.4788876345557
912.846008	23.410041209571144
828.077942	38.629123402902444
828.196289	31.27710358957777
828.314636	26.070103052204033
828.433105	23.00812179078124
828.551514	22.091159805309353
828.669861	23.60624012317239
828.78833	27.926503902762086
828.906677	32.012982327605314
829.025085	28.798596821444164
829.143433	25.456499323388634
829.261841	21.765894484562388
829.38031	19.31121208680532
829.498657	16.101094928064384
829.617004	17.644197100187128
829.735413	21.724064451758537
829.85376	22.34502448176076
829.972107	19.16942039184803
830.090515	16.863906770613166
830.208862	15.75098480066832
830.327209	16.239754606375936
830.445557	13.639730007402289
830.563904	16.002851676167733
830.682312	19.197086345665006
830.800659	23.306840495784733
830.919006	29.49877426942507
831.037354	42.292367117541104
831.155701	51.568546784844486
831.274048	60.437716950265454
831.392395	61.893368567091606
831.51062	55.422510131419145
831.629028	43.18963869789921
831.747314	32.101677615442455
831.865662	26.45515284218849
831.984009	28.767367783658152
832.102356	32.8543181197813
832.220642	41.103459801254814
832.338928	44.841613199149535
832.457275	47.06443090553548
832.575623	48.25675704242086
832.693909	42.71945539536826
832.812134	37.70791861369297
832.930481	26.66801783726477
833.048828	23.33134699554106
833.167114	23.32776669718639
833.2854	21.663753133569195
833.403687	28.40854692944652
833.521973	31.23097724618429
833.640259	32.90592194807522
833.758545	33.38573614554348
833.876831	30.38037198575452
833.995056	33.31405859153974
834.113281	33.541763175866095
834.231628	33.60242795405761
834.349915	33.264427810349716
834.468201	30.03425695745571
834.586426	29.219237314405554
834.704651	29.739266266120552
834.822998	27.689571522212596
834.941162	28.764943466762002
835.059448	29.01732338227807
835.177673	32.63931853201846
835.295959	33.20016797997687
835.414246	31.888185678039513
835.53241	29.259612852151538
835.650635	29.033052498120853
835.768921	21.60891256158328
835.887146	12.645187396064724
836.005371	6.905929869444883
836.123596	3.321844704379739
836.241821	-0.7845728543586491
836.360046	-5.653585525602708
836.478271	-2.72027350004157
836.596497	-0.5474186051673444
836.714722	3.992699123295253
836.832886	1.4476968075166803
836.95105	5.960441697487939
837.069336	2.8188181028698045
837.1875	2.51633552979526
837.305725	-3.4707863652541944
837.423889	-2.1338799272779907
837.542053	-0.06599890455596213
837.660339	5.520780581627345
837.778503	6.013936369939614
837.896667	11.329101078043344
838.014832	11.278017969949957
838.132996	12.804446873221433
838.25116	11.65521492978898
838.369385	18.730801310434384
838.487488	22.769340013110092
838.605713	22.18647582248626
838.723877	19.716016066102206
838.84198	15.907793925389598
838.960205	11.852776640030878
839.078308	10.0358518036169
839.196472	15.420286295972147
839.314636	22.618674439852025
839.4328	28.19382958129791
839.550964	31.45750440942811
839.669067	34.5482619677859
839.787231	38.72155958923543
839.905396	43.20039544297635
840.023499	47.86360407289739
840.141602	53.20257225105665
840.259766	56.35803969295411
840.377869	55.96641935046233
840.495972	56.30265044087753
840.614136	58.20010561966676
840.732239	58.158826464118945
840.850342	59.72864623359067
840.968445	58.06544527251663
841.086548	55.85758657263354
841.204651	58.884334241992654
841.322754	55.10459111794785
841.440918	59.56602846416089
841.55896	62.71240200839903
841.677002	67.46150434380802
841.795166	74.85016488879036
841.913208	78.19444465336737
842.031311	74.24113837741373
842.149353	73.45781184569913
842.267456	62.314188661188126
842.385498	57.0570755645618
842.503601	47.48303317552407
842.621643	44.884304025891936
842.739746	45.910273029795
842.857788	49.77526249018223
842.97583	47.86890598683051
843.093933	46.64363159094108
843.211975	44.76179178463614
843.330017	48.370617436415415
843.44812	47.10433584594847
843.566101	44.63612747421995
843.684204	49.3816139821668
843.802246	51.78454771856348
843.920227	48.355769938801046
844.038269	42.18840283064076
844.156311	40.63743787101312
844.274292	40.72022120587344
844.392395	40.296098631079445
844.510376	31.97114673225633
844.628357	34.01379084141871
844.74646	28.813666639700585
844.864441	22.909749950781826
844.982422	17.93628200068146
845.100403	19.311034688918
845.218384	18.276451891491075
845.336426	24.01005965492601
845.454468	20.152564200126584
845.572449	23.188845836900278
845.69043	19.58644977526056
845.808411	17.709030830994898
845.926453	18.084767487662962
846.044373	18.674717984634423
846.162354	16.186697863115217
846.280396	26.265744520853712
846.398315	30.60235845347116
846.516296	35.69657519046805
846.634216	38.82762168692238
846.752197	42.101586021465664
846.870178	41.834521308695095
846.988098	39.0610685430573
847.106079	34.4111180495707
847.22406	38.425815128443425
847.34198	38.80214889161592
847.4599	37.68733600399996
847.577881	36.71341495244206
847.695801	35.14880213912296
847.813782	29.781415817703646
847.931641	30.617753453127463
848.049561	27.35696176230688
848.167603	30.776130887578393
848.285461	36.26271403320658
848.403381	36.799412225564815
848.521362	37.28666487948113
848.639221	40.66171774525208
848.75708	41.221151154852436
848.875	46.711713412426874
848.99292	46.04468194021079
849.110901	53.291502628386425
849.22876	55.66214148461083
849.34668	48.23885532994589
849.464539	46.94589771238144
849.582458	47.41532261959652
849.700317	44.16013449838256
849.818176	45.68251018934295
849.936096	48.47379618671734
850.053955	53.605433822291886
850.171875	50.52116094527858
850.289673	41.50886075844451
850.407593	41.631313067569536
850.525452	39.615795345595636
850.643311	33.04024271408644
850.761169	34.37653483784106
850.878967	39.73505014216493
850.996887	37.505417855783925
851.114746	34.276390842540486
851.232544	28.225456058754872
851.350403	31.12319505521242
851.468262	34.55617913074661
851.58606	33.23655072101042
851.703979	35.170803877133345
851.821777	34.64248120099605
851.939636	30.039042700346762
852.057434	26.59642271832683
852.175232	31.34275296868258
852.293091	46.269398420840815
852.410889	71.33955923729415
852.528687	95.68093855723487
852.646545	114.64635851858073
852.764343	122.41546124832729
852.88208	119.568351040859
852.999939	101.60717967419743
853.117676	84.54709360080963
853.235535	64.76256989994741
853.353271	51.595578225304244
853.471069	43.119700756107704
853.588928	41.96265059069418
853.706604	38.607099915683364
853.824402	35.522744805427934
853.9422	34.118664720937
854.059998	38.82126049742956
854.177734	41.920573436297346
854.295532	43.28455042041644
854.413269	46.261673151552486
854.531006	52.19176049819278
854.648804	50.496883411662324
854.766541	46.53200244474528
854.884277	44.62612821235629
855.002014	43.71429964980408
855.119751	36.50214227643872
855.237549	28.026439981826087
855.355225	26.36077137492599
855.473022	25.07872018703069
855.590698	23.236541095780737
855.708435	20.609124900323486
855.826172	23.274384909864693
855.943848	29.684670138774152
856.061646	27.87246188599365
856.179321	32.28577785275215
856.296997	39.67568575376174
856.414795	41.27161404364663
856.53241	40.582208390663425
856.650085	40.04901303087178
856.767822	44.11357024472549
856.885559	49.95984575850882
857.003174	54.78696095910202
857.120911	58.25506552815916
857.238586	59.04379320119607
857.356201	55.56872696018189
857.473938	53.929411335175786
857.591614	54.6452964693804
857.709351	52.64710903163879
857.826965	51.802791544773726
857.944641	53.32660318262576
858.062317	48.10380708369131
858.179993	45.86814924930412
858.297668	43.617448602356845
858.415283	45.11573950316375
858.532959	51.94957849491152
858.650574	52.82241345534264
858.768188	52.88356902192389
858.885803	50.85380926493664
859.003479	52.09240975612974
859.121094	51.062550474298405
859.23877	47.80750023012801
859.356384	41.38566263320219
859.473999	43.38791706178273
859.591675	34.8640285235645
859.709229	28.980624421367274
859.826843	25.324262491188545
859.944458	28.085399055842707
860.062012	25.60166039052917
860.179626	26.390346370545828
860.297302	25.501194933355894
860.414856	26.488297183255213
860.532471	21.87326366433301
860.650024	21.104114354929735
860.767639	22.202461778722082
860.885193	21.54924334574753
861.002808	17.313251529732575
861.120361	19.95764926423522
861.237976	25.261638279377323
861.35553	27.88102754076901
861.473022	29.116645954044387
861.590698	29.71738541442534
861.708191	33.54468147185418
861.825745	32.472968091220125
861.943298	29.430781077289637
862.060852	26.513319407934382
862.178406	22.012769012096257
862.295959	12.916097055045643
862.413513	2.9202423583906922
862.531006	-3.5246078018677762
862.64856	-6.786454821708282
862.766113	-6.490860766779551
862.883667	-4.425727677437692
863.00116	-0.3161830761767499
863.118713	5.677587312287488
863.236206	7.460340673141726
863.353699	13.296127984067486
863.471252	23.02478184204304
863.588745	33.460131857804356
863.706177	46.119500342627155
863.82373	61.1349117796792
863.941162	70.63838012166892
864.058716	70.2164916168816
864.176208	62.332439287737756
864.29364	55.535979220726404
864.411194	39.614992530527005
864.528687	23.285897723073973
864.646118	14.481594697709884
864.763611	11.167443475164273
864.881042	5.323946086672343
864.998535	0.27794719045183935
865.116028	1.6723148976638722
865.233459	8.255952415282339
865.350891	5.699886414810939
865.468384	5.257352966601507
865.585754	6.872097983876141
865.703308	3.7389264979594947
865.820679	0.9054684315749427
865.938171	-1.0676616497195792
866.055542	-0.5354363635823691
866.173035	4.621201946276592
866.290466	5.346002096363229
866.407837	10.46146603993025
866.52533	8.50442788196626
866.6427	5.663198070568511
866.760071	3.7797874223390693
866.877563	3.6853846842535427
866.994934	6.895148537520139
867.112305	10.906952546560458
867.229736	13.214325037960442
867.347107	17.256683772075355
867.464539	16.101156918000083
867.58197	18.80837665444358
867.699341	16.534209925510147
867.81665	15.378254835704976
867.934082	16.548324620727655
868.051453	15.100728485871358
868.168823	14.310388737179176
868.286194	10.597241992889987
868.403564	9.294641117748858
868.520935	12.820366296935227
868.638306	17.248024401902587
868.755676	22.781116732177736
868.872986	29.694557090131678
868.990295	34.88663386634107
869.107727	37.71668595746691
869.225037	36.65443391563271
869.342346	33.29297308679078
869.459717	32.50678671658317
869.577026	34.77641202724611
869.694336	38.67764179473632
869.811707	45.210490326034424
869.929016	50.91610267337927
870.046326	57.28151959707786
870.163635	61.18987785044071
870.280945	61.75157617456901
870.398254	62.97964056663075
870.515564	64.61217548636463
870.632812	71.07560793903781
870.750183	73.5712588314143
870.867432	78.55801395041078
870.984741	83.39303545978504
871.102051	86.36206171174032
871.219299	90.7832686639427
871.336609	95.43590966584875
871.453918	102.11652668938493
871.571106	104.48529570882862
871.688416	100.01410758421815
871.805664	100.0579441913452
871.922852	98.62980655088231
872.040222	96.99161375218688
872.157471	94.80135874680298
872.274719	97.10885185835012
872.391968	98.74525284122203
872.509155	98.42268892677583
872.626465	93.81433645198967
872.743652	92.04572474580499
872.860962	91.11037441114091
872.978149	86.49096963911666
873.095337	82.19398254524495
873.212646	79.09388918532335
873.329834	73.11491616766835
873.44696	72.32850613433288
873.564209	65.50305444210798
873.681396	62.645037627096904
873.798645	59.04450472405206
873.915894	58.85946211530124
874.03302	63.10070462303037
874.150208	69.74010597650195
874.267456	71.49842520254285
874.384583	78.13323736867382
874.501831	80.03415292266934
874.618958	87.06045196170703
874.736145	85.66667367439769
874.853333	83.44589323156137
874.970459	86.92405633263262
875.087646	90.1985695547079
875.204834	83.55512124633537
875.32196	82.49153432593829
875.439148	82.10735825301168
875.556274	83.64500157771911
875.673401	78.14774045988585
875.790527	75.8449962661768
875.907715	75.05275914671395
876.024841	72.64981383732461
876.141968	66.97811838391411
876.259094	65.7237977920363
876.376282	67.71799768750662
876.493347	64.40659072288459
876.610474	62.508168442812796
876.7276	62.13525666345183
876.844727	58.95448890488447
876.961853	57.68014748142457
877.078918	54.40310250528646
877.195984	55.121164178549144
877.313171	58.23040910514753
877.430237	58.89747742871341
877.547302	64.77602024520594
877.664368	66.5954483126918
877.781433	63.831921916802074
877.898499	62.93563114041681
878.015625	57.146807265759264
878.13269	54.56714963833687
878.249695	51.63602214257852
878.366821	50.165075095596244
878.483887	48.48976364229729
878.600952	47.84167647788571
878.717957	42.17531670011306
878.834961	39.46250844562977
878.952087	36.302789771323795
879.069092	38.20262333945754
879.186157	34.092709040174526
879.303162	29.843133282024652
879.420227	23.81315926682982
879.537231	22.357751473737864
879.654236	15.543953368872867
879.77124	9.068711253222716
879.888306	8.908173525581848
880.005249	10.962742050334004
880.122314	9.102508390659569
880.239319	8.582837991452873
880.356323	6.929664706582706
880.473328	3.883229479179982
880.590271	-0.14743092410098102
880.707275	-3.0259854192439475
880.824341	-0.7373173065745227
880.941284	0.19690124353124924
881.058228	1.3415731300684033
881.175232	4.099257818362602
881.292236	4.361702306174809
881.40918	6.096429103367162
881.526123	5.9440945659579745
881.643066	5.3419007819979925
881.760071	7.393715287427826
881.877014	6.363586633064441
881.993958	5.0804917305534545
882.11084	8.981635745918243
882.227783	8.958767159510867
882.344727	9.040022508927063
882.46167	3.6517674836176277
882.578613	2.05372236124876
882.695618	2.0294135246262788
882.812439	2.2931064170648536
882.929382	1.2993383453136773
883.046326	3.314329864020485
883.163208	3.026382652744673
883.280151	4.5285684320715145
883.397034	3.9009596074649235
883.513916	7.608913627124162
883.630798	8.0485397632939
883.747742	12.449268061517358
883.864563	14.56000776223495
883.981506	16.097211574814317
884.098389	20.58684253704906
884.21521	28.537545958660765
884.332153	35.27400455822105
884.448975	39.64684297455342
884.565796	46.28811398508313
884.682678	62.30386704003059
884.7995	78.28715650768734
884.916443	102.4739238562498
885.033264	131.01133336195198
885.150085	155.319291049016
885.266968	177.33501786098822
885.383789	193.86368561679353
885.500671	208.37716672997215
885.617493	218.93819159750524
885.734314	218.2112401927754
885.851196	222.2374354729431
885.967896	224.31111570656276
886.084717	213.48854211513856
886.201599	207.64198359914116
886.318359	205.35581775748886
886.435181	200.11488636592674
886.552002	194.64639674620872
886.668762	186.5975107795457
886.785645	183.25607404354156
886.902344	175.02897341432669
887.019165	165.36637658482027
887.135925	163.0214970625866
887.252747	161.45532280109268
887.369446	154.7760467815986
887.486267	145.64594634050815
887.603027	134.53899711062024
887.719788	119.08718782238716
887.836548	103.21471950805714
887.953247	96.22455053065144
888.070068	90.87854586606582
888.186829	81.86928507989785
888.303528	71.0322056016866
888.420288	56.293664310676306
888.536987	41.36787455544286
888.653687	29.269955411668896
888.770447	19.616731177722055
888.887146	13.745786514924195
889.003967	9.940626983794592
889.120667	6.320225313251386
889.237305	1.9624520047365017
889.354065	-0.9314448338175936
889.470703	-3.283601322164353
889.587463	-0.5550891671174787
889.704163	-6.899644593013802
889.820862	-8.196117582412004
889.937561	-12.381751600044385
890.054199	-11.839707477718456
890.170837	-13.240995752945532
890.287598	-6.918940602879136
890.404236	-1.6008163932858666
890.520874	5.512093643520162
890.637634	7.549684434034613
890.754211	11.165653103094751
890.87085	15.479096357363531
890.987549	24.23244599573831
891.104187	29.642174108212952
891.220886	40.16502956843087
891.337463	48.95686333240157
891.454102	56.119442194743975
891.57074	56.49045286310588
891.687378	58.23008068740364
891.804077	62.95307904788676
891.920654	63.50793778579349
892.037231	66.21070037690015
892.15387	65.65230127012839
892.270447	65.19422967437036
892.387085	60.111401271865105
892.503723	53.165739625376744
892.6203	45.80746313378485
892.736877	37.95002363833753
892.853516	32.909440710519604
892.970032	29.839416126731123
893.08667	21.553823042069627
893.203186	16.727995962588693
893.319763	11.496162289193212
893.43634	13.75443368407944
893.552917	10.295023971538225
893.669556	12.93398083398717
893.786011	19.12368643963788
893.902588	20.40311162822798
894.019165	19.378348223582726
894.135681	15.490956800041294
894.252197	14.736639207856083
894.368835	14.795044670508236
894.485291	8.389139551990837
894.601868	6.473474376113611
894.718384	7.400879640963968
894.8349	6.664872960646013
894.951355	7.585832570247996
895.067932	6.172409938238191
895.184448	8.985238316721567
895.300964	8.712646741332264
895.417419	6.744255638099183
895.533936	5.768389158020378
895.650452	3.62273352101425
895.766907	4.0237483763276165
895.883423	7.969292878104929
895.999878	13.519980594798387
896.116333	18.608731017331806
896.232849	17.298332012251755
896.349304	13.283597379507924
896.465759	8.038570854479818
896.582214	-0.4843440763234429
896.698669	-3.155270281335121
896.815125	-0.344293575713141
896.931641	5.57630025272434
897.048035	10.273209502263326
897.164551	8.432614233137922
897.280884	6.662776874900172
897.397339	7.751590241868318
897.513794	6.320322243050677
897.630249	8.752097782120366
897.746582	13.211466274483616
897.863098	19.406242462197895
897.979431	21.84078066414284
898.095886	22.21209317648603
898.212341	20.453107949830112
898.328674	20.66988973430112
898.445129	20.830037291943764
898.561462	22.080746072042572
898.677795	22.647153594801935
898.794312	26.336665670440773
898.910645	28.149293586169488
899.026978	30.621878043320567
899.143433	28.356168251776566
899.259766	28.198494465850153
899.37616	30.622934677936982
899.492493	29.78102378892349
899.608765	28.742055127232344
899.725159	25.720354855510152
899.841553	27.14450129054106
899.957947	26.32406355900477
900.07428	28.144328877607524
900.190552	27.081502005009508
900.306946	28.657273784228394
900.423157	22.42794371603851
900.53949	23.4454920449444
900.655884	21.94587962666922
900.772156	22.898807041355603
900.888489	23.364920050120098
901.004822	31.20354066128173
901.121033	30.522908398427766
901.237366	34.29926415059932
901.353699	33.67547001243084
901.46991	37.75544689790134
901.586304	40.57819180631258
901.702515	46.500848188415894
901.818787	56.09271066926675
901.93512	67.16766074657433
902.051331	69.54820815149255
902.167603	78.80150285258938
902.283875	87.8647760645087
902.400085	96.6211599195068
902.516418	104.15509902833446
902.632629	114.28045815674278
902.74884	126.9691124596672
902.865112	133.0717353150388
902.981384	137.57533327698434
903.097595	143.22452657540597
903.213867	149.16434064453875
903.330017	148.42074447338513
903.446289	143.2924631999964
903.5625	136.2037384976969
903.67865	131.89484218264369
903.794922	126.34413255311209
903.911072	123.30917720098279
904.027344	120.36574874473814
904.143494	114.5181694983397
904.259705	105.35083990109551
904.375916	95.30533247223978
904.492065	86.52665283334221
904.608215	77.31134377846013
904.724426	71.30007997447933
904.840576	58.943086323829746
904.956726	53.166754386069954
905.072876	44.67670725470381
905.189087	44.03354007165382
905.305176	38.76322698445582
905.421387	39.13847444706326
905.537537	37.61815011454183
905.653687	40.89704181983658
905.769775	34.65047392880176
905.885925	33.04293177927367
906.002014	29.680473063882324
906.118164	29.51546109937363
906.234314	20.824948535558672
906.350403	18.463896159994018
906.466492	17.893324015189947
906.582642	24.896774223086823
906.69873	20.948254750500908
906.814758	20.718759885362022
906.930908	18.169311258241887
907.046936	17.35184318772905
907.163086	9.898389351598063
907.279175	9.676897680483037
907.395264	7.815050609683709
907.511353	10.929739320986842
907.62738	11.05773966062903
907.743408	15.376536879353461
907.859497	14.474880288320964
907.975525	13.142804164528378
908.091553	11.02315800926217
908.207703	13.641900686403774
908.32373	8.988197556712564
908.439758	12.858582044167306
908.555786	13.995470557506934
908.671814	17.805761189089726
908.787842	17.302457717068087
908.90387	12.23230347802152
909.019775	15.305243416889722
909.135864	15.72472735196011
909.251892	14.332741846735903
909.367859	16.111968554225825
909.483826	16.876250564197747
909.599854	20.569284684087332
909.715881	22.745187697589188
909.831848	25.001349061492427
909.947815	25.74035818911662
910.063782	23.32367567666798
910.179749	23.06297686078419
910.295776	19.698515392484893
910.411743	17.784393096921804
910.527649	19.316262437759377
910.643616	17.720523261424386
910.759583	19.005818671416968
910.875488	15.107203070931511
910.991455	14.570132212647923
911.107361	16.095884513832708
911.223267	10.589210832680017
911.339294	6.5349570627804034
911.4552	10.736138292729187
911.571106	12.29014463817311
911.687073	11.932894479130976
911.802979	13.42844623885637
911.918823	15.480284495730357
912.034729	16.4130685834103
912.150635	15.493034644580149
912.266602	15.055681568475508
912.382446	18.735208900102357
912.498352	18.588108637574493
912.614197	17.48321152177781
912.730103	15.420517552712326
912.846008	12.400026730378038
828.077942	14.815703106387213
828.196289	13.298301013848963
828.314636	12.299298105393037
828.433105	11.818694381019434
828.551514	11.856489840728134
828.669861	12.897107301840517
828.78833	14.822999354330426
828.906677	19.283510805759924
829.025085	15.928015423381284
829.143433	18.27598765652686
829.261841	14.299275141568897
829.38031	14.047677990128333
829.498657	13.64888905827914
829.617004	11.979530297549172
829.735413	12.472500722111592
829.85376	14.084511356214556
829.972107	14.261457850463309
830.090515	14.250084121543988
830.208862	12.883716659977942
830.327209	14.805224647118647
830.445557	13.966981897386916
830.563904	14.327858356371785
830.682312	19.72119158540343
830.800659	28.343945056645918
830.919006	41.84763027232381
831.037354	51.126188381957974
831.155701	63.79215156248044
831.274048	69.18752783670408
831.392395	66.9573257994768
831.51062	61.61020137108683
831.629028	53.02277517021395
831.747314	48.898509632335816
831.865662	41.59020996356762
831.984009	37.74072271870126
832.102356	40.70717099117175
832.220642	39.677878315188494
832.338928	42.35629014256431
832.457275	43.815982861666356
832.575623	44.70414000006971
832.693909	46.9298522272763
832.812134	41.183578938906834
832.930481	41.20989434266859
833.048828	38.84645470845881
833.167114	33.29455080533051
833.2854	34.17970787750809
833.403687	29.76380857652982
833.521973	25.471094300969582
833.640259	17.62406308244031
833.758545	16.027885483394535
833.876831	18.604637199341305
833.995056	24.10539032803338
834.113281	31.27256181991119
834.231628	37.394016003244694
834.349915	32.66453922685241
834.468201	27.13608452197747
834.586426	19.561865532611385
834.704651	14.584727674674873
834.822998	14.234967997474236
834.941162	17.925996159879595
835.059448	24.575559000922304
835.177673	28.70094390764583
835.295959	27.84542076159739
835.414246	23.954884155149582
835.53241	20.384281549406488
835.650635	10.111961215706863
835.768921	7.120586555445547
835.887146	-2.0379030874677513
836.005371	-4.895986196282282
836.123596	-3.9385351710461354
836.241821	-5.232654101493331
836.360046	-6.200409544136178
836.478271	-0.675133082964639
836.596497	-0.6762979572057348
836.714722	3.980111060934746
836.832886	3.4564483323450528
836.95105	3.04927892285679
837.069336	4.0573273765174065
837.1875	5.324771173583556
837.305725	2.96637396776424
837.423889	3.3890831451636414
837.542053	-1.1992836148519004
837.660339	-2.642837467674007
837.778503	-0.9675248384344437
837.896667	1.3721515566607287
838.014832	7.806976330221
838.132996	13.789362804802037
838.25116	15.139727097247778
838.369385	20.84728926672837
838.487488	18.55061259059594
838.605713	21.721615096347353
838.723877	21.191502937661504
838.84198	18.804477823727726
838.960205	17.625529186884975
839.078308	15.081099251946378
839.196472	16.43964583586799
839.314636	20.071335100465483
839.4328	20.952396376491485
839.550964	28.76903732428825
839.669067	30.601375598137423
839.787231	37.87153139363463
839.905396	41.793841106855155
840.023499	49.27094504953104
840.141602	56.94141239900569
840.259766	58.23385790268328
840.377869	57.914560848943324
840.495972	56.45326183776582
840.614136	49.542637052322604
840.732239	50.49874155281108
840.850342	44.94932692997587
840.968445	49.892261200309875
841.086548	50.6955575130639
841.204651	53.28566268306808
841.322754	56.15394369135686
841.440918	60.39135851208189
841.55896	59.58451667257392
841.677002	63.939086202310364
841.795166	61.978906186438465
841.913208	64.35986118976211
842.031311	63.31359128067267
842.149353	61.25787567617007
842.267456	57.37022727829966
842.385498	53.54463618821589
842.503601	45.80709751778642
842.621643	42.83946148628904
842.739746	39.55517958653219
842.857788	37.815757603708505
842.97583	39.303034308411014
843.093933	40.65125347186289
843.211975	46.03142318870704
843.330017	48.263932164389985
843.44812	46.64317850984508
843.566101	50.000348996223224
843.684204	53.941539131706534
843.802246	51.2221871798845
843.920227	40.721097321641125
844.038269	32.95346722996717
844.156311	30.034026281031878
844.274292	25.523408395928367
844.392395	20.181390108828968
844.510376	24.15733603849832
844.628357	30.75430174257925
844.74646	28.210406019824674
844.864441	21.23561854090838
844.982422	15.574568408089934
845.100403	14.919917811871262
845.218384	12.927529404687393
845.336426	12.188348406652706
845.454468	15.343080675635811
845.572449	15.339809973328459
845.69043	9.416644400902143
845.808411	8.242433652693773
845.926453	9.760940802899466
846.044373	11.247077174459529
846.162354	15.185714938592394
846.280396	22.070376768764266
846.398315	23.2647237709995
846.516296	27.394333079536345
846.634216	27.83583479942878
846.752197	27.587092536679407
846.870178	29.684939372178967
846.988098	33.7787358057526
847.106079	36.24945542565718
847.22406	39.13608009491624
847.34198	36.42131425778115
847.4599	35.19393406021619
847.577881	30.54052450691585
847.695801	23.99573685453121
847.813782	21.68948184867999
847.931641	20.41830150584495
848.049561	23.294763798773616
848.167603	24.98773520598688
848.285461	23.261293793403553
848.403381	23.314592346761813
848.521362	28.764522170268826
848.639221	30.606772380440333
848.75708	35.07515463948022
848.875	36.81035863902258
848.99292	46.1240967567463
849.110901	48.5142239632654
849.22876	49.16906339782253
849.34668	50.21199962360875
849.464539	53.976379363639346
849.582458	52.39945365699117
849.700317	48.8470429791674
849.818176	47.578902054403684
849.936096	46.4911413608892
850.053955	44.27208740751722
850.171875	39.14470090277139
850.289673	37.55054687648358
850.407593	35.19526456444095
850.525452	32.669770129955225
850.643311	25.93295346663645
850.761169	21.978341721483496
850.878967	20.981250916364864
850.996887	22.58239518669871
851.114746	20.779621148566527
851.232544	21.95388195413011
851.350403	22.557580463338752
851.468262	26.289845277641327
851.58606	24.69615544174189
851.703979	22.700757282900298
851.821777	24.08070334028932
851.939636	26.922591389277308
852.057434	25.78054126529109
852.175232	31.948922153578742
852.293091	44.46672178461287
852.410889	66.43783666894376
852.528687	84.57438925557139
852.646545	101.32444355206145
852.764343	105.26374946698911
852.88208	100.34470968572853
852.999939	84.88116848820275
853.117676	71.46186978292238
853.235535	57.61713935469464
853.353271	48.31016365898916
853.471069	43.63833915086164
853.588928	41.39821488235256
853.706604	31.617922365222423
853.824402	24.148114840106466
853.9422	15.861080086439207
854.059998	18.087985813169468
854.177734	24.160004014358393
854.295532	32.271926758598326
854.413269	41.15102916292465
854.531006	46.05704916234559
854.648804	44.56790756174374
854.766541	37.118657253049406
854.884277	24.10974324095462
855.002014	20.242444139483535
855.119751	16.713733576973887
855.237549	13.612349832937067
855.355225	7.509713541675488
855.473022	7.659068824434401
855.590698	9.166460877733735
855.708435	10.631463055218351
855.826172	16.915545907550197
855.943848	24.209161317723535
856.061646	28.919257196175696
856.179321	29.054465094134656
856.296997	31.45893408035775
856.414795	27.60668914734279
856.53241	26.94794228035672
856.650085	30.681821485136062
856.767822	41.741219181920286
856.885559	48.56119159019079
857.003174	56.58112810292555
857.120911	61.50231222272839
857.238586	65.19053313314465
857.356201	54.303806287977416
857.473938	45.92869737224083
857.591614	40.076006701070966
857.709351	37.40807093551163
857.826965	36.55907477091132
857.944641	36.54848074498803
858.062317	37.42822737402463
858.179993	40.014320620507384
858.297668	38.18337627177455
858.415283	37.9786585115577
858.532959	40.9456074404561
858.650574	47.071229889671926
858.768188	49.26243553419796
858.885803	51.898006439786016
859.003479	50.85237906700888
859.121094	49.28787695702573
859.23877	45.35167440004741
859.356384	43.52859132543996
859.473999	43.43332605320833
859.591675	42.62864000053867
859.709229	34.05389723902818
859.826843	31.570556597970075
859.944458	27.286832585598994
860.062012	22.45594509790684
860.179626	20.302995431177457
860.297302	21.317124706918356
860.414856	20.922563205078546
860.532471	18.6604113365909
860.650024	16.61722662134405
860.767639	19.438007641540075
860.885193	19.750454533987533
861.002808	22.225533782240163
861.120361	23.938971958061188
861.237976	26.36045645857716
861.35553	26.94017798048577
861.473022	29.232221608395065
861.590698	35.00064018781442
861.708191	40.28653238232068
861.825745	40.31499088860103
861.943298	42.61845692904876
862.060852	37.45231187701947
862.178406	33.439919642887205
862.295959	24.840984292805565
862.413513	15.856783021295222
862.531006	8.879068979417418
862.64856	2.4619236069747577
862.766113	-4.067831190039956
862.883667	-5.729698164309785
863.00116	-4.378674969773402
863.118713	0.4679099800731965
863.236206	6.091438861898348
863.353699	19.95726399978166
863.471252	36.8705885970119
863.588745	53.803253570769925
863.706177	70.5106794266324
863.82373	87.06645158585361
863.941162	94.9207680719403
864.058716	95.33554180180357
864.176208	84.53370780808169
864.29364	73.96329207481926
864.411194	55.25849734029063
864.528687	36.155225384522296
864.646118	21.74222175313721
864.763611	12.03246379037898
864.881042	4.57354732220284
864.998535	3.772392939520188
865.116028	2.8129788303635217
865.233459	2.333799242443762
865.350891	2.9279369160755135
865.468384	6.032590102031721
865.585754	6.647761747987648
865.703308	8.037502412775991
865.820679	8.61089717057365
865.938171	4.681790828950865
866.055542	3.540214760440306
866.173035	-2.677475061905233
866.290466	1.061197530612689
866.407837	1.9791524032202599
866.52533	5.3231682313942414
866.6427	11.218777156973426
866.760071	12.992832152805407
866.877563	8.400756038396157
866.994934	8.643842204887848
867.112305	6.873628004869394
867.229736	8.923449695832707
867.347107	10.685084983849134
867.464539	12.160705230343943
867.58197	16.54079223534608
867.699341	19.578595071217027
867.81665	21.670228192529386
867.934082	24.04512937971517
868.051453	18.999847038495556
868.168823	15.107983711904824
868.286194	13.492918418884297
868.403564	6.384087939523105
868.520935	5.621331520560836
868.638306	6.6505328299396815
868.755676	13.742276379669562
868.872986	18.621677003673877
868.990295	19.723804598991066
869.107727	23.537852825635618
869.225037	29.278115765431075
869.342346	27.866678020233113
869.459717	28.868484026821566
869.577026	27.300852599153455
869.694336	31.081552946483303
869.811707	33.946515277784115
869.929016	36.57323352368046
870.046326	43.64353899394584
870.163635	54.48427688370294
870.280945	58.179857542547076
870.398254	61.799569725446524
870.515564	64.73518328305938
870.632812	64.39146594804751
870.750183	63.38963779489757
870.867432	64.6993929359992
870.984741	73.346710620408
871.102051	82.56536720343205
871.219299	86.12157674630569
871.336609	91.93527143266166
871.453918	98.68826085980874
871.571106	99.8264215628462
871.688416	99.55972594929788
871.805664	100.29941930721094
871.922852	103.98706044635077
872.040222	104.76983619946202
872.157471	105.37066088755657
872.274719	109.02547824715111
872.391968	105.47236056062226
872.509155	99.38662452442082
872.626465	93.51286098157237
872.743652	88.51554622495871
872.860962	81.68905258635901
872.978149	79.91215411629312
873.095337	80.09607089254611
873.212646	82.01136899031835
873.329834	77.0389711189141
873.44696	74.75896404414718
873.564209	76.8791231380646
873.681396	73.7976858801014
873.798645	69.14451408263253
873.915894	67.01266488931947
874.03302	68.36962880432591
874.150208	75.47730849069248
874.267456	80.32268233252492
874.384583	85.65248842019429
874.501831	89.18099797158055
874.618958	93.50773619435927
874.736145	94.90324487192838
874.853333	91.10127703009763
874.970459	94.03468989715921
875.087646	96.17749847221026
875.204834	91.24394750664145
875.32196	91.87686647837947
875.439148	89.04159055031417
875.556274	90.48267751851455
875.673401	85.54425401807056
875.790527	78.55745762340084
875.907715	76.21705089547248
876.024841	70.61175978500225
876.141968	65.93417618183483
876.259094	73.8357775705629
876.376282	73.1563521097707
876.493347	74.11015516340757
876.610474	72.75342500238705
876.7276	67.53633407210555
876.844727	64.82030527657199
876.961853	57.73086047646629
877.078918	56.86534736694914
877.195984	59.5440710485563
877.313171	59.96395797741221
877.430237	64.7223682349798
877.547302	68.08765552169683
877.664368	66.83899807692461
877.781433	62.562929695078225
877.898499	59.34382348919556
878.015625	57.060422788676206
878.13269	55.81873988792255
878.249695	50.77890183757195
878.366821	53.62700176210856
878.483887	53.60540515485019
878.600952	53.50629067847173
878.717957	47.26899377128173
878.834961	45.75493275860356
878.952087	41.51384589566769
879.069092	39.8963353740943
879.186157	35.43048731452093
879.303162	39.41277866805883
879.420227	40.47734801419833
879.537231	37.22589658592064
879.654236	30.004671969009067
879.77124	21.569045214650274
879.888306	12.856186606516633
880.005249	6.1539267774813675
880.122314	1.6310416599967845
880.239319	2.8567329485553032
880.356323	6.564710561724305
880.473328	9.631563858104759
880.590271	9.589691171345233
880.707275	6.287527090216089
880.824341	4.768307927447388
880.941284	2.975710878472879
881.058228	2.77115872464877
881.175232	7.76498836551461
881.292236	12.532917107369897
881.40918	15.85847483656471
881.526123	13.429927562483297
881.643066	11.238578651908888
881.760071	11.780058579749895
881.877014	10.032688953117592
881.993958	10.801624003746566
882.11084	12.415829850057087
882.227783	4.122018214617787
882.344727	4.149608097842549
882.46167	0.3426994238319345
882.578613	-3.4112949879632533
882.695618	2.376769712192589
882.812439	3.115960222264623
882.929382	2.446961074859109
883.046326	-0.5436555323212633
883.163208	-2.3364075279769687
883.280151	4.878245064313411
883.397034	2.457456082817267
883.513916	5.37094152238844
883.630798	13.889303491131066
883.747742	15.391358777252684
883.864563	15.515661834345707
883.981506	21.49818011970063
884.098389	29.98612301120881
884.21521	41.336654831953
884.332153	51.43509843199464
884.448975	59.99358425452213
884.565796	73.23943695348112
884.682678	87.6250599032276
884.7995	107.95349749031172
884.916443	136.4693822466778
885.033264	160.94545233252725
885.150085	192.40337779228472
885.266968	226.38430779252178
885.383789	250.5311082381137
885.500671	273.22260920732157
885.617493	282.97395274062825
885.734314	282.76133716577056
885.851196	276.18868540498823
885.967896	264.19538612866523
886.084717	257.63426557213745
886.201599	253.3126853893924
886.318359	245.65920640049825
886.435181	240.52233366512223
886.552002	231.67475556772445
886.668762	218.75283759187008
886.785645	207.3561393697446
886.902344	200.5690623763079
887.019165	197.99331463633553
887.135925	190.34533804553547
887.252747	185.83073390063487
887.369446	181.00144245205001
887.486267	170.2513668494657
887.603027	158.37268836328786
887.719788	145.98010328002331
887.836548	128.8008662699843
887.953247	112.3392574635954
888.070068	96.62339841322904
888.186829	86.28095626864393
888.303528	74.21665512029108
888.420288	61.41315145122291
888.536987	51.50892354994386
888.653687	45.367597805112375
888.770447	33.15796893012419
888.887146	28.483878249633698
889.003967	23.13967613333881
889.120667	19.774659200730344
889.237305	14.473210526049451
889.354065	14.80672597280349
889.470703	6.013257662365035
889.587463	4.517025116659578
889.704163	-2.630072418194972
889.820862	-3.3826333635408146
889.937561	-6.7882813388111
890.054199	-6.922806500022173
890.170837	-1.9853479181616405
890.287598	5.59120947142428
890.404236	3.3090272115871766
890.520874	9.912698419435639
890.637634	13.181451749997667
890.754211	18.89667018729097
890.87085	26.62331687789071
890.987549	34.76830669498932
891.104187	43.762378241216794
891.220886	51.28087580182289
891.337463	55.92551833049386
891.454102	66.5686158330422
891.57074	75.91580075602505
891.687378	83.57961966819215
891.804077	92.25272809991442
891.920654	93.19052211806058
892.037231	89.32374333883337
892.15387	86.22382492055587
892.270447	84.11587143350823
892.387085	77.48256955975805
892.503723	72.39534527441296
892.6203	67.05980666087163
892.736877	59.54306345087368
892.853516	52.00094008001946
892.970032	43.004865050816605
893.08667	37.57648134359886
893.203186	32.064261123369775
893.319763	22.42275543694356
893.43634	20.121646192309743
893.552917	19.483427306996326
893.669556	19.300313938873355
893.786011	18.199989838854925
893.902588	14.351272495872387
894.019165	18.79962441796578
894.135681	16.077492678162685
894.252197	14.351553045425346
894.368835	16.05684515187879
894.485291	14.849215785648004
894.601868	16.17020929794174
894.718384	10.552290685658678
894.8349	14.798481288608835
894.951355	15.177190507745756
895.067932	9.935141004043404
895.184448	5.806103050053238
895.300964	5.406957994459809
895.417419	3.6078327961067487
895.533936	0.7507254974281139
895.650452	2.459036242058713
895.766907	9.509835611155783
895.883423	8.366358988590914
895.999878	9.643340670185378
896.116333	9.646005329484582
896.232849	16.01507617727484
896.349304	17.61854340698853
896.465759	13.854709257026043
896.582214	9.617548696994113
896.698669	8.701450850485346
896.815125	8.50689957753613
896.931641	7.802306380730378
897.048035	10.949178215057563
897.164551	19.21162094760639
897.280884	20.219547856380508
897.397339	20.86475413394959
897.513794	14.668946818901873
897.630249	12.865905725132627
897.746582	10.871267783916748
897.863098	9.959952334666305
897.979431	13.595193069119702
898.095886	17.495652263398373
898.212341	19.90162229143825
898.328674	23.626965274296666
898.445129	27.79080029418772
898.561462	30.49270889186073
898.677795	31.55090725006997
898.794312	33.396182787767415
898.910645	35.11296727289738
899.026978	32.21862571303455
899.143433	27.80841856765364
899.259766	24.70487130737574
899.37616	25.152629440754595
899.492493	25.703665549641205
899.608765	20.803901174316803
899.725159	21.912256098025964
899.841553	23.318785454415874
899.957947	23.662067692643205
900.07428	25.688866922616274
900.190552	25.36240594835857
900.306946	26.639445630857683
900.423157	26.68668018137322
900.53949	23.030120938709373
900.655884	21.191448121989826
900.772156	20.514826267655963
900.888489	21.006793672095974
901.004822	26.470400400575755
901.121033	27.026878126475015
901.237366	30.297494567993255
901.353699	31.453255567000653
901.46991	33.470381668885736
901.586304	35.57185783827071
901.702515	39.82262505788753
901.818787	44.61016514522555
901.93512	56.35875464941799
902.051331	67.49480496137487
902.167603	81.04001716815878
902.283875	91.12426886153762
902.400085	97.79736450253242
902.516418	109.69570238334515
902.632629	118.37990613422103
902.74884	127.48635863693283
902.865112	134.16444008945388
902.981384	141.1370932980106
903.097595	143.8112816600852
903.213867	144.49870274620443
903.330017	143.1474089312062
903.446289	145.142710950136
903.5625	138.0776872082966
903.67865	140.33330770718254
903.794922	134.94854233158003
903.911072	130.93421086813683
904.027344	124.61068003540021
904.143494	119.8069527512329
904.259705	110.51436109864582
904.375916	93.21560832188753
904.492065	73.1336272527034
904.608215	65.36799614133159
904.724426	57.36242524476869
904.840576	53.04117084598445
904.956726	53.96699368679167
905.072876	58.951583071664444
905.189087	57.1399553238482
905.305176	51.696618183565676
905.421387	45.05012758370894
905.537537	39.722126935874385
905.653687	36.43554773578891
905.769775	25.00857660576729
905.885925	19.417391930270227
906.002014	17.57758032499449
906.118164	15.45449815556686
906.234314	16.106590598546074
906.350403	16.929952557807653
906.466492	18.623709024773913
906.582642	18.55366371588822
906.69873	9.77175740911704
906.814758	6.312631720802504
906.930908	6.710912161459195
907.046936	6.897330985927794
907.163086	10.296138559370338
907.279175	13.814251429150787
907.395264	16.42351412030625
907.511353	13.106623889003032
907.62738	13.78564266503826
907.743408	12.06879686186133
907.859497	18.044840995324474
907.975525	17.382602538513805
908.091553	21.48034747670758
908.207703	20.294775643002758
908.32373	17.555316867813982
908.439758	15.274959230988474
908.555786	18.367118961495386
908.671814	14.976793367155826
908.787842	20.66460915437044
908.90387	20.67731364817
909.019775	23.664249687718055
909.135864	24.746619879430675
909.251892	22.35732366450959
909.367859	22.165193578681134
909.483826	24.92130576526712
909.599854	19.28581080394589
909.715881	20.88642202734719
909.831848	18.8335193934246
909.947815	21.759133051700672
910.063782	26.69788733998644
910.179749	25.911677653393546
910.295776	25.744657321353444
910.411743	23.430585394700266
910.527649	15.268148125695744
910.643616	14.848250954372968
910.759583	12.54534155769344
910.875488	11.755516877555543
910.991455	13.745014787799288
911.107361	12.106891118999567
911.223267	12.206938107967126
911.339294	11.718316662867185
911.4552	14.866123030989948
911.571106	17.775888333999852
911.687073	18.93245010590231
911.802979	14.695104777233645
911.918823	13.875559512402017
912.034729	7.39587172496837
912.150635	7.19976064997938
912.266602	5.6616800543938375
912.382446	6.9785929760616074
912.498352	6.59831708037746
912.614197	5.963719731747343
912.730103	5.074800930171259
912.846008	3.9315606756492105
828.077942	21.421666771674012
828.196289	22.479846757370467
828.314636	23.092137952760634
828.433105	23.258540357844517
828.551514	22.979053972622097
828.669861	21.809532428952494
828.78833	20.73740342974594
828.906677	20.12196687169326
829.025085	18.976231145409766
829.143433	20.585902808256193
829.261841	19.141442526532003
829.38031	19.171003678426388
829.498657	18.083662641189974
829.617004	16.578550377419422
829.735413	15.032286989220566
829.85376	12.689460386939004
829.972107	11.630163427999396
830.090515	10.759146773666945
830.208862	5.6067047243159145
830.327209	6.055964349352251
830.445557	4.845011969474015
830.563904	6.60154700715726
830.682312	8.955442219544688
830.800659	16.99110544278512
830.919006	25.327579230832264
831.037354	36.170491742620285
831.155701	42.32717921281175
831.274048	50.282505819558516
831.392395	48.194466397826886
831.51062	42.340114552484906
831.629028	33.65884106879306
831.747314	29.319476144108293
831.865662	24.451881251753115
831.984009	26.250851184409
832.102356	29.194721514047608
832.220642	34.41986819515293
832.338928	37.125408262555666
832.457275	37.047256406886845
832.575623	33.2373587527175
832.693909	28.793118417782168
832.812134	24.909324676619267
832.930481	22.324059286398796
833.048828	22.907447268184555
833.167114	23.789352227159092
833.2854	24.99789837709281
833.403687	27.349082585637156
833.521973	24.453295418516007
833.640259	22.94039606839478
833.758545	23.130708054834095
833.876831	23.18656761820661
833.995056	23.640432232945503
834.113281	26.565887145947066
834.231628	29.69884768155601
834.349915	32.53929393741936
834.468201	32.28636433973665
834.586426	29.204094292344678
834.704651	26.33359680695252
834.822998	25.86317669197273
834.941162	26.401047784689418
835.059448	29.33032375682844
835.177673	28.934524544243498
835.295959	30.80020880680126
835.414246	26.689287185585847
835.53241	24.413415801558024
835.650635	18.156569307486954
835.768921	11.589721142216774
835.887146	10.266973593575951
836.005371	6.350654533573351
836.123596	0.9944192711970703
836.241821	2.08137640822505
836.360046	-5.3516728962709905
836.478271	-3.2852579132415642
836.596497	-3.4921118018386603
836.714722	-4.833685089827927
836.832886	-0.9376742118424333
836.95105	3.661315964387053
837.069336	8.82911066212999
837.1875	13.617681758762703
837.305725	9.509760484722458
837.423889	7.875497814156127
837.542053	8.662970407259035
837.660339	3.8765506244715455
837.778503	-0.5486734807576432
837.896667	-1.0087696986819323
838.014832	1.3577751071362798
838.132996	4.903799855646131
838.25116	6.428069560248815
838.369385	9.982571126316635
838.487488	13.8422292257974
838.605713	15.671601325842335
838.723877	16.34518198162561
838.84198	15.56214949428201
838.960205	15.677534871624298
839.078308	16.338557877098616
839.196472	14.240081591401314
839.314636	14.299889548725693
839.4328	13.79507522744387
839.550964	17.102320882841624
839.669067	20.362348705846525
839.787231	27.800307787791105
839.905396	36.04828213759627
840.023499	44.60198445587653
840.141602	54.437645110901954
840.259766	58.14188640803944
840.377869	58.697436777110156
840.495972	56.35325652322566
840.614136	48.92323286885156
840.732239	45.73207780192456
840.850342	39.924857855780374
840.968445	39.620652141065435
841.086548	45.388771531515204
841.204651	46.0820688942688
841.322754	49.19191038933069
841.440918	53.51920995181514
841.55896	55.719840498943235
841.677002	62.04059499066584
841.795166	64.72392665873991
841.913208	68.46900955823952
842.031311	65.3473100169129
842.149353	61.79608714967934
842.267456	50.86947659330945
842.385498	41.50475784496753
842.503601	36.15216785849067
842.621643	35.17321007093646
842.739746	39.59172522017862
842.857788	44.53112356465306
842.97583	46.99791891060129
843.093933	49.186960733672166
843.211975	46.11990604602883
843.330017	43.89852831601691
843.44812	42.13757145554493
843.566101	40.430126521951514
843.684204	42.55761326808262
843.802246	45.483261830361414
843.920227	45.20059478327112
844.038269	47.17286158412409
844.156311	49.44985633562911
844.274292	42.28052429647166
844.392395	35.76013929144453
844.510376	33.04022972902853
844.628357	30.783157657938126
844.74646	29.2335344263552
844.864441	28.08184835385049
844.982422	30.360606404888358
845.100403	31.03086781073361
845.218384	27.579662356187498
845.336426	27.63472958500624
845.454468	25.687422022724895
845.572449	25.421751096019786
845.69043	21.09746666949753
845.808411	17.835796156577192
845.926453	12.502577203425709
846.044373	16.58267439689942
846.162354	19.23844561224866
846.280396	22.23397276668915
846.398315	18.935077901069192
846.516296	21.019282632598348
846.634216	22.352391029827388
846.752197	22.674687479252636
846.870178	22.5922657239325
846.988098	29.209028360264846
847.106079	30.986032269546996
847.22406	36.42978854098604
847.34198	34.94940535652559
847.4599	37.95833102515312
847.577881	37.748775110257824
847.695801	33.44196578049399
847.813782	26.418892785902543
847.931641	25.157912983663287
848.049561	24.47288965940766
848.167603	23.57814040130048
848.285461	24.902241992171305
848.403381	26.27637841629749
848.521362	27.516571727115444
848.639221	30.265693708803912
848.75708	34.60170840067876
848.875	42.15880852424731
848.99292	44.93052118010806
849.110901	44.24153765333161
849.22876	48.994463296999236
849.34668	48.438220342122804
849.464539	50.501390150981294
849.582458	50.66883937203403
849.700317	53.23279200370467
849.818176	51.0633889944386
849.936096	47.29266812831879
850.053955	44.686874527278796
850.171875	45.546887504827666
850.289673	45.72335952284368
850.407593	47.006341860463365
850.525452	47.536530607987984
850.643311	47.021729667040475
850.761169	41.301782641367744
850.878967	38.417802318178914
850.996887	29.29404832274715
851.114746	23.521436396167346
851.232544	23.9679281424375
851.350403	22.419255192245394
851.468262	21.871078360841302
851.58606	24.591815834520407
851.703979	24.84770074536899
851.821777	24.93742611808319
851.939636	23.94542066827603
852.057434	29.32190356132029
852.175232	41.15561174045057
852.293091	51.35132923014106
852.410889	66.8268006909287
852.528687	93.26816981312699
852.646545	107.21873396293732
852.764343	110.15467112582732
852.88208	108.28379036009868
852.999939	93.26625136060125
853.117676	78.50897484324287
853.235535	62.43838539429907
853.353271	53.76441755088578
853.471069	50.04550151577826
853.588928	43.62363561860952
853.706604	36.82564733790778
853.824402	32.792227850163755
853.9422	29.032023164910036
854.059998	31.68355480574812
854.177734	31.967599531933303
854.295532	38.81920339194582
854.413269	43.95048414922195
854.531006	46.29866301233923
854.648804	44.136460049071644
854.766541	40.43138974948799
854.884277	38.839302443677866
855.002014	35.11774783880218
855.119751	29.160663149732553
855.237549	26.93773279211107
855.355225	25.509548528501192
855.473022	21.74623106421025
855.590698	17.448624007458744
855.708435	19.707635692727834
855.826172	21.07304117828054
855.943848	26.142211409718584
856.061646	32.586156132735255
856.179321	31.89618343549746
856.296997	31.57011457598137
856.414795	34.91962939146963
856.53241	40.86246484077348
856.650085	52.095576860348096
856.767822	56.46094107326235
856.885559	63.14901703401041
857.003174	65.02126399005311
857.120911	57.142593594157475
857.238586	54.78787764108536
857.356201	53.91166012689942
857.473938	55.78664577251057
857.591614	56.298085621184306
857.709351	56.50224748299459
857.826965	54.719454832306695
857.944641	50.363101002705626
858.062317	44.31412005980226
858.179993	40.33006748981853
858.297668	35.891446197306905
858.415283	37.606446441094505
858.532959	44.47288030724078
858.650574	55.098957784961144
858.768188	56.406731065928085
858.885803	59.62345798562954
859.003479	60.70365243453385
859.121094	56.15811357483988
859.23877	48.31582455261896
859.356384	45.54687728785879
859.473999	46.03306024336259
859.591675	42.08387863858581
859.709229	33.97851391447158
859.826843	31.60222495908971
859.944458	29.673606426785604
860.062012	28.44586874895555
860.179626	24.26098685030287
860.297302	21.90246459834456
860.414856	21.080236970801227
860.532471	22.833230282645754
860.650024	24.533706744109217
860.767639	27.421893395531754
860.885193	30.300805332781756
861.002808	32.085987987897944
861.120361	29.8077034855816
861.237976	25.05684134395945
861.35553	28.86150427875174
861.473022	34.7822608351965
861.590698	38.15891136948335
861.708191	40.201375593441725
861.825745	39.41828583514666
861.943298	39.46328528689227
862.060852	31.819017906962202
862.178406	21.53524398758447
862.295959	15.962566486774474
862.413513	14.122600169198227
862.531006	9.298865517182302
862.64856	3.337643411948165
862.766113	-0.4580621832419576
862.883667	0.3164799307556372
863.00116	-0.1591047519463733
863.118713	-2.4757474069612426
863.236206	-1.642118650120417
863.353699	9.96729847052599
863.471252	23.198824426431813
863.588745	38.870611129476394
863.706177	52.94586224777413
863.82373	66.72759163868385
863.941162	74.23525277729185
864.058716	69.65932159478518
864.176208	62.2530279466646
864.29364	54.306381208287746
864.411194	41.085611022092166
864.528687	25.222715078691806
864.646118	19.280457356756767
864.763611	13.427652768261101
864.881042	9.949986159374802
864.998535	5.334460293630455
865.116028	7.388427638920763
865.233459	11.665967842598809
865.350891	4.79912985871616
865.468384	3.0086682356660464
865.585754	6.9461105921976465
865.703308	8.040022317826697
865.820679	7.535001148802483
865.938171	4.249238001455293
866.055542	6.9511394622466085
866.173035	9.129897974918148
866.290466	6.28121666020824
866.407837	5.192971367464418
866.52533	6.109795610109772
866.6427	10.462434143563536
866.760071	7.274726151689155
866.877563	6.180897830140293
866.994934	8.57706459080935
867.112305	7.887508375812899
867.229736	9.33302915421535
867.347107	12.268626349066334
867.464539	14.997355640379125
867.58197	20.740020614275732
867.699341	24.16763807943453
867.81665	24.234782688728288
867.934082	24.092988738634375
868.051453	22.255273419645313
868.168823	18.961924956214993
868.286194	17.117726332927806
868.403564	15.235681929164096
868.520935	19.0777255440358
868.638306	23.55295959486051
868.755676	28.622458786533336
868.872986	27.483212428246354
868.990295	30.736969640369317
869.107727	29.77336989830998
869.225037	34.19633047833127
869.342346	40.97556777238233
869.459717	46.578636313132876
869.577026	52.55533500921122
869.694336	56.64812077964957
869.811707	52.92626929931164
869.929016	52.52183183025927
870.046326	53.46730072001009
870.163635	62.821134422898155
870.280945	65.35606640620352
870.398254	70.71282534232827
870.515564	75.71392828691025
870.632812	78.39185978542835
870.750183	81.22282934267152
870.867432	80.39082772063509
870.984741	85.65344665696416
871.102051	93.22715708972433
871.219299	92.33056450953711
871.336609	97.78187986869185
871.453918	98.39712220699471
871.571106	94.82564151283987
871.688416	94.17568884476256
871.805664	90.9386063736477
871.922852	93.85250006238948
872.040222	96.28318191254783
872.157471	100.56396640707075
872.274719	107.74249623057621
872.391968	102.88152967459601
872.509155	94.38799586449164
872.626465	92.15801151802073
872.743652	90.93615028135466
872.860962	89.91289916912783
872.978149	82.7765668039288
873.095337	82.13535364081874
873.212646	85.12130826813194
873.329834	76.64566705674507
873.44696	72.35779144190585
873.564209	71.53906047335747
873.681396	71.54010321103115
873.798645	73.10118175920773
873.915894	66.38462803490526
874.03302	68.24755359642396
874.150208	73.75923108497108
874.267456	69.40232055235165
874.384583	73.80452315909845
874.501831	77.09786983925306
874.618958	82.71523005071631
874.736145	93.24533843279079
874.853333	93.48040071537517
874.970459	93.64982208552486
875.087646	90.19083214397592
875.204834	81.36747033418695
875.32196	81.91348642714516
875.439148	77.04314463557422
875.556274	81.1568583119373
875.673401	80.9710599841533
875.790527	77.82555684909163
875.907715	73.15971187183277
876.024841	65.35663496430938
876.141968	63.48771759257093
876.259094	64.43821522494446
876.376282	63.22974597626494
876.493347	65.35579785811068
876.610474	61.71244794889652
876.7276	61.076720576076426
876.844727	58.76243176166756
876.961853	58.72844892990636
877.078918	59.67602817065111
877.195984	62.41466435444061
877.313171	65.61099315981502
877.430237	66.37537390523704
877.547302	66.82898631150057
877.664368	67.74452726248542
877.781433	66.38819639585893
877.898499	66.10411923894252
878.015625	60.54161400798907
878.13269	57.5686098079934
878.249695	55.299791158014585
878.366821	54.82818958584095
878.483887	53.56717820695518
878.600952	54.71154502578712
878.717957	47.73959845914624
878.834961	45.31363456070903
878.952087	39.556996582080195
879.069092	35.3570951788706
879.186157	33.35025352670568
879.303162	31.092700828592342
879.420227	30.545427503818672
879.537231	28.565558136935863
879.654236	24.971213981066242
879.77124	20.699596551294874
879.888306	12.454121167718192
880.005249	5.8105090118973255
880.122314	0.355298397286961
880.239319	-3.571729309410118
880.356323	-1.3753710582261713
880.473328	-1.1378861551068211
880.590271	5.175317751260304
880.707275	4.8347865478117535
880.824341	6.719286846924455
880.941284	6.090707800834825
881.058228	3.0291129358551974
881.175232	1.2595793788083596
881.292236	-1.4516799366893882
881.40918	1.2438195012822826
881.526123	2.2984349796861396
881.643066	5.458907556010731
881.760071	8.435183315454495
881.877014	9.196958790949955
881.993958	7.629509831337689
882.11084	7.858375592852847
882.227783	5.52424597477009
882.344727	8.389049304856202
882.46167	8.437618893112749
882.578613	9.648314445452502
882.695618	9.021134768457904
882.812439	8.64698740829479
882.929382	10.101637117454011
883.046326	7.434867142042924
883.163208	7.038452892842315
883.280151	5.079069039980023
883.397034	7.515585195650003
883.513916	8.633714192906849
883.630798	13.61312377757113
883.747742	14.80230021194657
883.864563	20.98046455889871
883.981506	21.498278088610945
884.098389	28.102492122823072
884.21521	32.37751855617098
884.332153	42.312551205728944
884.448975	50.0850634327611
884.565796	57.19724671003762
884.682678	64.89585184930424
884.7995	81.60294615959768
884.916443	99.9375965780518
885.033264	127.56212744871465
885.150085	152.3033797807605
885.266968	180.9362454679158
885.383789	204.9260781319556
885.500671	221.12571117403667
885.617493	230.4485328378296
885.734314	236.62396653020596
885.851196	233.95288372151725
885.967896	228.24911126912136
886.084717	218.36761964539272
886.201599	209.87116185406734
886.318359	208.22291123685034
886.435181	201.19559619907244
886.552002	194.0640509231427
886.668762	189.51873513579096
886.785645	183.0834329586042
886.902344	177.825212206726
887.019165	168.99727865667322
887.135925	159.24895746471856
887.252747	154.30531356469416
887.369446	142.82216673950063
887.486267	133.719377908639
887.603027	124.43629861533648
887.719788	114.30405985350522
887.836548	105.16894874282436
887.953247	91.9118539374212
888.070068	80.12581743800195
888.186829	69.05970410321046
888.303528	59.13337529129812
888.420288	53.58921366991926
888.536987	44.580835118424844
888.653687	33.049774257329844
888.770447	24.43970379813737
888.887146	13.224581211313355
889.003967	7.272335855366404
889.120667	-0.9755413290132866
889.237305	-4.752863086132317
889.354065	-4.209024066750554
889.470703	-4.4739436153637655
889.587463	-2.519503127678331
889.704163	-3.6531029387498943
889.820862	-1.4635317472318943
889.937561	1.2115487064243617
890.054199	-1.151706540397822
890.170837	-5.0706303533029695
890.287598	-6.467301891281021
890.404236	-7.610136873129
890.520874	-7.211257544051561
890.637634	-3.5109134468174825
890.754211	6.322072070684546
890.87085	12.08860808707815
890.987549	20.738916062641678
891.104187	26.591197586988876
891.220886	30.394406010633297
891.337463	37.007852208219035
891.454102	40.966200220142696
891.57074	46.08115966044494
891.687378	46.84624629627472
891.804077	51.05802887769211
891.920654	54.98274346551529
892.037231	59.81738333725491
892.15387	60.06413585912199
892.270447	63.238167463655785
892.387085	59.40227024682334
892.503723	54.43524853368157
892.6203	41.018920107212466
892.736877	32.58621496795009
892.853516	24.927176349096207
892.970032	20.574291647167787
893.08667	15.79814179512403
893.203186	14.535963974726343
893.319763	16.240165376420702
893.43634	21.785210634037306
893.552917	20.54339809779204
893.669556	19.729041713901324
893.786011	18.593222712324682
893.902588	13.449801402787639
894.019165	10.058546963196196
894.135681	9.430281807088162
894.252197	10.262004349147183
894.368835	11.07751758074971
894.485291	10.66688540147447
894.601868	7.188119803588123
894.718384	7.2451316055881225
894.8349	2.9374966082030247
894.951355	3.2868879808314384
895.067932	3.882039768549845
895.184448	3.5195125990953104
895.300964	5.844343400169959
895.417419	6.984247569836969
895.533936	6.701144109012132
895.650452	10.850038295899708
895.766907	10.712328331161022
895.883423	12.242586057602125
895.999878	9.559869267182531
896.116333	7.830866306924743
896.232849	11.858627445568052
896.349304	9.993814527222359
896.465759	8.25159970161808
896.582214	4.071400486824675
896.698669	4.806036179526273
896.815125	5.120049302288097
896.931641	6.052404338920347
897.048035	6.419144633805276
897.164551	14.661856663411744
897.280884	17.098757012184077
897.397339	16.827259916440966
897.513794	10.405860307584852
897.630249	11.719844567386165
897.746582	14.461897363166669
897.863098	15.705630803490513
897.979431	14.011672612042652
898.095886	20.732875576230324
898.212341	23.9969693303567
898.328674	25.888370106591026
898.445129	20.907140667695547
898.561462	17.808697886250712
898.677795	17.645015490930852
898.794312	16.100119280491118
898.910645	12.762762052521783
899.026978	15.41437056069232
899.143433	17.97920255871102
899.259766	20.143413201669713
899.37616	18.9286977616348
899.492493	18.4671088316196
899.608765	21.327938068596254
899.725159	23.58265293404275
899.841553	21.29186489260741
899.957947	23.51838836142329
900.07428	20.063093568514166
900.190552	13.620798571403451
900.306946	11.626612816616714
900.423157	11.632505706156188
900.53949	11.41989390179004
900.655884	15.367594820209042
900.772156	17.24617449275157
900.888489	21.38251224374325
901.004822	23.72251005061246
901.121033	21.34843326978463
901.237366	25.833925321326127
901.353699	30.564272567663423
901.46991	32.805733695134776
901.586304	36.060509307379135
901.702515	38.03422789426368
901.818787	46.4303834508508
901.93512	56.313940046405676
902.051331	60.69571951749056
902.167603	72.42425763969231
902.283875	82.97574728077441
902.400085	90.0060485236515
902.516418	96.14289674918597
902.632629	103.9685557845
902.74884	115.02416572688838
902.865112	123.96776023785642
902.981384	128.76903094987955
903.097595	132.54489365185896
903.213867	134.54427115669375
903.330017	136.7173762591931
903.446289	134.7049269671643
903.5625	129.92034408790767
903.67865	123.85281891717179
903.794922	117.82053838656682
903.911072	111.77154815237792
904.027344	105.85738036800944
904.143494	103.2966451362496
904.259705	99.25166719395304
904.375916	87.75925948743155
904.492065	76.94927851593441
904.608215	66.05116997471123
904.724426	60.809507198609566
904.840576	59.27192036412963
904.956726	57.574760522360464
905.072876	55.59897822041637
905.189087	50.55668648594087
905.305176	41.12104823863925
905.421387	34.822348249792654
905.537537	27.82724891843268
905.653687	29.096774423072837
905.769775	30.18287518343453
905.885925	28.810645393206382
906.002014	26.179219178014286
906.118164	21.312391308277874
906.234314	16.80539916924758
906.350403	16.78593382049554
906.466492	12.593806222803575
906.582642	14.348059389873058
906.69873	13.762964138038502
906.814758	14.62640164231832
906.930908	14.005457611096674
907.046936	8.328692240692602
907.163086	9.951084046244755
907.279175	16.96135982324089
907.395264	15.969884204886938
907.511353	17.853285567848104
907.62738	16.78253549295745
907.743408	17.242475951185572
907.859497	14.360815100000416
907.975525	9.968711119295545
908.091553	10.072648635609877
908.207703	10.956161242300926
908.32373	6.645209730931711
908.439758	6.570525181425017
908.555786	4.652011520671343
908.671814	4.2987295990331065
908.787842	5.199006166239924
908.90387	7.225124195267521
909.019775	7.461486137404233
909.135864	7.403748285106774
909.251892	9.216406784788179
909.367859	8.931925682849728
909.483826	9.929082028766716
909.599854	12.7771127220888
909.715881	12.514982067403846
909.831848	11.012805797155385
909.947815	11.707804538550928
910.063782	9.080486032202202
910.179749	12.243391366826796
910.295776	14.495216157500455
910.411743	18.22123185988448
910.527649	20.572936151077354
910.643616	16.078461606484893
910.759583	11.229136355241275
910.875488	7.568240941930116
910.991455	1.2516217675484713
911.107361	3.5108612919015973
911.223267	7.363265520717819
911.339294	8.802340126206992
911.4552	9.795603564647859
911.571106	7.32139820301645
911.687073	4.035554031691266
911.802979	6.10688811598211
911.918823	4.39039508522602
912.034729	8.682588412399628
912.150635	9.641470920679984
912.266602	8.968334443190273
912.382446	9.260574583077158
912.498352	9.203241291767004
912.614197	8.900239671730208
912.730103	8.351569722966776
912.846008	7.557231445476705
828.077942	28.60697766734326
828.196289	33.09333466015196
828.314636	35.61540347335275
828.433105	36.17318410694563
828.551514	34.766676560930556
828.669861	32.61407301549821
828.78833	23.786133213369663
828.906677	17.475489742514235
829.025085	14.705972831827617
829.143433	13.326058955363697
829.261841	15.526208176047064
829.38031	17.163577670294668
829.498657	18.94810912159879
829.617004	20.44040487947818
829.735413	16.59500664076643
829.85376	12.533125170619758
829.972107	9.756930247219223
830.090515	6.078098248252577
830.208862	6.862421499314596
830.327209	3.4519029580569334
830.445557	5.831384912031168
830.563904	13.165367259489209
830.682312	17.9084028728588
830.800659	21.439276916886712
830.919006	29.05885460815907
831.037354	36.745495814669724
831.155701	45.24593510949482
831.274048	43.27664279565785
831.392395	42.911202487792195
831.51062	42.889875688111104
831.629028	38.59361611040825
831.747314	30.957492199751798
831.865662	25.585395835620112
831.984009	25.202429256747408
832.102356	25.475244127831722
832.220642	26.06403034206552
832.338928	30.26314748161113
832.457275	36.80418576842226
832.575623	40.43606562831401
832.693909	37.072212101743474
832.812134	33.199626790174854
832.930481	30.73172057802975
833.048828	26.733428050201017
833.167114	26.628989391190593
833.2854	22.994152109075134
833.403687	24.411151056030548
833.521973	24.040164585892438
833.640259	22.599800747778062
833.758545	22.88657780927692
833.876831	26.387511610681415
833.995056	28.87315914220581
834.113281	31.778581757894937
834.231628	28.01718815293224
834.349915	27.900650877875613
834.468201	26.359714248565425
834.586426	24.675733890579743
834.704651	28.485065174557256
834.822998	28.553939295807567
834.941162	28.6247735132742
835.059448	28.258174936725077
835.177673	25.077494580156202
835.295959	26.061070244246114
835.414246	25.23921512608412
835.53241	24.356490114529237
835.650635	25.410727025701576
835.768921	16.962515055532485
835.887146	9.297562382552025
836.005371	5.621489253822479
836.123596	0.9689048411191128
836.241821	-2.0541394409278233
836.360046	-3.358897545721913
836.478271	-3.7960310327872033
836.596497	-1.5452029833814311
836.714722	-3.578257779364767
836.832886	-3.3930294205600235
836.95105	-1.8206692632394064
837.069336	-0.9347560663872361
837.1875	-1.1573546467570366
837.305725	2.5548628754356217
837.423889	2.117497023639858
837.542053	5.922342816774419
837.660339	3.421820235119558
837.778503	1.3475488864720835
837.896667	0.5545381633135831
838.014832	4.889144686163789
838.132996	6.193380261035392
838.25116	10.051720139557746
838.369385	12.552944555240956
838.487488	12.91136846554006
838.605713	12.098904789009413
838.723877	13.191342572592271
838.84198	12.184392921896226
838.960205	13.37031215468225
839.078308	12.240471896219118
839.196472	16.66072724862679
839.314636	16.737170254618917
839.4328	21.762043172225138
839.550964	28.828476142114802
839.669067	32.813119990099075
839.787231	35.93029918954966
839.905396	36.70387024276064
840.023499	39.32651306761426
840.141602	47.664065935733106
840.259766	44.75769417352606
840.377869	49.29358704850986
840.495972	46.71983683300479
840.614136	42.74643250769351
840.732239	44.14397146484786
840.850342	42.30860050910171
840.968445	40.982773410575234
841.086548	47.13190295136772
841.204651	46.78632917474622
841.322754	51.96988375439023
841.440918	56.23239634849686
841.55896	65.27086336179796
841.677002	72.39484623626835
841.795166	73.1563198369314
841.913208	65.23497541958028
842.031311	62.539939285501205
842.149353	53.07556778492919
842.267456	46.785604640535226
842.385498	44.713387739039845
842.503601	48.975818525281554
842.621643	51.67682247099088
842.739746	50.301276939092446
842.857788	46.96176717617536
842.97583	46.4461896617465
843.093933	44.72211851175534
843.211975	42.56229036253757
843.330017	45.25895229065323
843.44812	50.608663843142764
843.566101	49.79109360363395
843.684204	48.42315651546838
843.802246	43.565482573859825
843.920227	38.80682965126217
844.038269	34.25979507624892
844.156311	29.026118289325005
844.274292	26.804958414370933
844.392395	29.89721460102289
844.510376	28.06047363779337
844.628357	29.97441142331325
844.74646	29.442078746604185
844.864441	33.976472640233624
844.982422	32.23131007827861
845.100403	32.15249660630666
845.218384	24.131821724628143
845.336426	22.18230379976288
845.454468	14.719535494814954
845.572449	8.169950919112525
845.69043	7.436156561008796
845.808411	15.468384833519572
845.926453	16.920353908878937
846.044373	19.30723383848509
846.162354	18.35632019395038
846.280396	24.093601896527858
846.398315	24.1338209869375
846.516296	25.427228587474094
846.634216	27.194609302037655
846.752197	32.24551372268038
846.870178	32.95227144656465
846.988098	34.43177407523757
847.106079	34.95460418808246
847.22406	38.08138726475333
847.34198	38.38573544834446
847.4599	37.73347978035663
847.577881	34.95146360458001
847.695801	33.1241203008897
847.813782	30.77962754250302
847.931641	27.617123186547502
848.049561	25.79679260053578
848.167603	27.281872832518765
848.285461	25.128647990760854
848.403381	31.038433590360903
848.521362	30.654093170022584
848.639221	29.213738219969493
848.75708	33.66546422907856
848.875	31.208400573742516
848.99292	38.21702833482471
849.110901	43.94461193478391
849.22876	50.05999226888646
849.34668	58.62594616091735
849.464539	58.4390221093858
849.582458	57.629110074160224
849.700317	58.17891183115114
849.818176	49.707487595129
849.936096	51.12826189950786
850.053955	47.05380169404643
850.171875	45.92351587393034
850.289673	43.627019359477686
850.407593	43.216269607442094
850.525452	40.5289338417701
850.643311	37.08017674602007
850.761169	32.83105558980277
850.878967	37.75991424162402
850.996887	34.47716124167866
851.114746	33.0066144993155
851.232544	31.742211328028965
851.350403	26.31384079133375
851.468262	23.26911326735686
851.58606	22.486838024766342
851.703979	22.562253982655818
851.821777	27.861155211874063
851.939636	31.07619703816675
852.057434	35.72253516451205
852.175232	41.51228455888371
852.293091	49.19005742293879
852.410889	63.2861538635572
852.528687	83.94126438099883
852.646545	96.56881760240164
852.764343	104.03893239124777
852.88208	100.26937610636944
852.999939	89.64758282162038
853.117676	78.20168710599603
853.235535	62.99664345236218
853.353271	53.36143578801789
853.471069	44.062288289083554
853.588928	37.211763825337755
853.706604	32.55227612030805
853.824402	23.254821274321817
853.9422	21.9882203933522
854.059998	25.600953742598413
854.177734	27.709904079498074
854.295532	38.786916152231754
854.413269	46.156664042269874
854.531006	50.94251835013954
854.648804	54.10551301566656
854.766541	50.61965817271469
854.884277	46.99578454396235
855.002014	36.59750437835841
855.119751	27.615293541473427
855.237549	27.54481231428757
855.355225	29.645788513316223
855.473022	26.5437559480249
855.590698	30.82527431973289
855.708435	32.80852644960376
855.826172	36.461037939292765
855.943848	30.642085990941172
856.061646	25.695841864157366
856.179321	24.74781407706329
856.296997	29.03175598822477
856.414795	32.904803416521105
856.53241	40.35828785588167
856.650085	50.73635287162044
856.767822	61.86798856053301
856.885559	63.898201431964374
857.003174	63.72741321857076
857.120911	64.36209545341994
857.238586	66.81738112321443
857.356201	60.285910841598145
857.473938	53.360736909019245
857.591614	50.52667866375893
857.709351	48.49801379360734
857.826965	49.062599517883925
857.944641	50.92387381768143
858.062317	55.31775052762235
858.179993	58.406548447116265
858.297668	58.56687567520895
858.415283	56.20346038488901
858.532959	58.74268698165777
858.650574	57.35120771807233
858.768188	60.47055586748782
858.885803	56.49682097390295
859.003479	54.25248279479236
859.121094	49.87388214820333
859.23877	45.335024420047766
859.356384	40.434573616546224
859.473999	39.1032366368894
859.591675	38.2630735516797
859.709229	34.645647562131906
859.826843	31.34401061020622
859.944458	31.743424856341107
860.062012	26.884980361820126
860.179626	22.68208144408524
860.297302	23.933384322723747
860.414856	22.807699287038453
860.532471	23.48897512942215
860.650024	17.756401282155334
860.767639	21.98873373267171
860.885193	23.672971137161067
861.002808	21.419465053137785
861.120361	25.135101978875753
861.237976	30.112071237415208
861.35553	34.13605245239337
861.473022	36.19185769307986
861.590698	36.96993771335728
861.708191	42.8209058986958
861.825745	42.37027873889171
861.943298	38.7435619167439
862.060852	37.55327050953004
862.178406	28.31886320925628
862.295959	16.239427328375747
862.413513	5.104974150311086
862.531006	-4.952489976100317
862.64856	-7.236027534672031
862.766113	-8.494568603217132
862.883667	-3.5441409266827533
863.00116	2.1433906290559492
863.118713	6.667597799126957
863.236206	11.918102227015039
863.353699	25.853774771784508
863.471252	37.91186453353644
863.588745	55.611841874113615
863.706177	70.34550141909739
863.82373	79.98081160591593
863.941162	82.24070845425678
864.058716	75.83733212555786
864.176208	65.91787099781071
864.29364	55.118673859464316
864.411194	43.42460410169333
864.528687	32.98932391297
864.646118	21.977347869664083
864.763611	13.213353217053239
864.881042	12.396462805688442
864.998535	7.396812947076043
865.116028	6.684108726922593
865.233459	11.448805416721935
865.350891	13.056726799420506
865.468384	11.031663981109512
865.585754	9.763242220148985
865.703308	8.037168750969707
865.820679	5.974661256395314
865.938171	2.0042950132324693
866.055542	0.3295355117006402
866.173035	3.000174250789092
866.290466	0.16342226274421207
866.407837	-1.3668771814341478
866.52533	3.4547687078081366
866.6427	6.074249600271833
866.760071	8.11496486177374
866.877563	11.905939624802063
866.994934	14.334625055326649
867.112305	13.524430787737138
867.229736	12.47969959556169
867.347107	12.501310734481923
867.464539	13.985385564819444
867.58197	17.624580975562175
867.699341	19.45787089333302
867.81665	20.920341369373986
867.934082	23.325856327447237
868.051453	20.665779934492015
868.168823	23.44879068912374
868.286194	23.51039952832155
868.403564	18.46966341431669
868.520935	18.272490743067465
868.638306	17.388581873021323
868.755676	16.424025042670706
868.872986	19.11692705255256
868.990295	23.506258532469523
869.107727	29.514118646162867
869.225037	36.03446018811176
869.342346	40.13655888059738
869.459717	42.50441168512304
869.577026	43.89993094321141
869.694336	45.124007393851386
869.811707	47.12253243659927
869.929016	52.61845888773624
870.046326	55.32392529578112
870.163635	64.47487181293842
870.280945	69.01718458146327
870.398254	69.48768865513917
870.515564	67.13530046467721
870.632812	69.14834117231817
870.750183	72.79738512392746
870.867432	75.25342870765292
870.984741	79.44072305120042
871.102051	87.55408684575876
871.219299	96.68224828897513
871.336609	103.1196017029562
871.453918	104.80337109883047
871.571106	108.7746741535002
871.688416	109.08547760189427
871.805664	102.93490841586976
871.922852	101.29483123616863
872.040222	101.57217592959462
872.157471	104.93791156645281
872.274719	104.42885051734388
872.391968	103.2830679021903
872.509155	102.19536382043516
872.626465	98.15924976942652
872.743652	93.86950794966654
872.860962	91.10969101296521
872.978149	88.82567535425548
873.095337	88.14729845304419
873.212646	82.98365711703161
873.329834	78.9494428027476
873.44696	76.2437923987899
873.564209	73.40132358867704
873.681396	72.74235424370511
873.798645	74.62185690591812
873.915894	75.9640600652607
874.03302	76.40095885073981
874.150208	77.78103838280379
874.267456	80.5133572581511
874.384583	82.42907141904644
874.501831	85.71431582080271
874.618958	82.53788203816481
874.736145	83.30234881903719
874.853333	82.82155821148666
874.970459	80.22317519679046
875.087646	83.69333862714437
875.204834	86.57833066506637
875.32196	89.76124343267759
875.439148	92.45200378804708
875.556274	83.33889544271324
875.673401	80.3829310862915
875.790527	80.07109545812516
875.907715	77.37304595476739
876.024841	75.99223018721187
876.141968	76.95674091479982
876.259094	79.8812620655215
876.376282	77.01900458134949
876.493347	72.38076343228357
876.610474	70.250052387397
876.7276	72.46232806554828
876.844727	71.72533653028104
876.961853	71.69923444086156
877.078918	67.63721634319849
877.195984	67.03058556404326
877.313171	62.73211516286598
877.430237	58.5166567712549
877.547302	59.96425474629048
877.664368	65.91469579495141
877.781433	69.29217853756055
877.898499	66.36722577079155
878.015625	59.89304212869933
878.13269	55.76135655136307
878.249695	47.55870534746371
878.366821	38.63135713386914
878.483887	36.500900547530634
878.600952	41.39025269622857
878.717957	45.02663049156497
878.834961	40.531195325178565
878.952087	38.847627675237945
879.069092	36.55164083970748
879.186157	31.30768748348602
879.303162	24.639520226301773
879.420227	20.33928928822563
879.537231	21.77709730094145
879.654236	22.500493883215803
879.77124	15.076541884095976
879.888306	9.448907880436657
880.005249	7.987676955325663
880.122314	5.681976202001446
880.239319	5.906208933889696
880.356323	3.9547000794398635
880.473328	5.998421437434378
880.590271	3.117402509193135
880.707275	1.8094429732099901
880.824341	1.8385738279329589
880.941284	1.051086336565004
881.058228	1.5768193597209383
881.175232	5.0066483202060965
881.292236	1.593799612420396
881.40918	4.033078053311164
881.526123	2.1361474010739925
881.643066	6.554507763663577
881.760071	6.4115207125893
881.877014	8.761292030829276
881.993958	11.216362920039298
882.11084	10.63170206362846
882.227783	5.368768391389134
882.344727	1.6007333291631927
882.46167	0.9249722574494663
882.578613	-2.7299474061287796
882.695618	-5.063167044482577
882.812439	-3.9101869071364925
882.929382	-1.8640685603361349
883.046326	-2.5676588841349943
883.163208	1.5050318329560983
883.280151	4.709008519625666
883.397034	10.84515261775188
883.513916	15.46976089422869
883.630798	23.62182808187444
883.747742	28.85981602202238
883.864563	32.90668671319072
883.981506	33.66723163153314
884.098389	41.94666148907131
884.21521	42.70170026288606
884.332153	46.22891864911948
884.448975	53.8140325857276
884.565796	64.18219469772748
884.682678	80.83558444428986
884.7995	97.748234508564
884.916443	121.8877138389361
885.033264	150.18043304483808
885.150085	171.3796568436643
885.266968	199.28410320858066
885.383789	216.53663130371814
885.500671	228.503077724609
885.617493	233.91502859838891
885.734314	230.93265925417575
885.851196	231.56032032262948
885.967896	228.09453865755086
886.084717	222.60891548761342
886.201599	222.2874319769952
886.318359	215.59977097071138
886.435181	206.38144730951677
886.552002	195.7471378145319
886.668762	187.3700019421966
886.785645	182.64613391658742
886.902344	179.43266059457417
887.019165	173.44384246976904
887.135925	167.23594684535368
887.252747	161.35223616885935
887.369446	149.51564540593358
887.486267	143.39713327233784
887.603027	132.94688930036475
887.719788	123.47441484374657
887.836548	116.05328504579408
887.953247	103.38475008563645
888.070068	91.71987571780103
888.186829	79.80321277768626
888.303528	65.92909636314559
888.420288	54.92650398612167
888.536987	42.4858627525128
888.653687	35.45348386397359
888.770447	25.944050400330134
888.887146	18.331967007018005
889.003967	15.028468105953166
889.120667	9.195839238332141
889.237305	1.3470370782078342
889.354065	0.09458608380770928
889.470703	-3.5096016950448394
889.587463	-2.521811961522408
889.704163	-5.660688345709128
889.820862	-3.532320193670847
889.937561	-0.40724922855353274
890.054199	-0.7205494966922226
890.170837	-1.8531603977945248
890.287598	1.5932139188843428
890.404236	1.6380600559135892
890.520874	8.31818775725177
890.637634	14.066513770817703
890.754211	19.212049603738304
890.87085	26.68556878194358
890.987549	32.528194752853885
891.104187	38.65119503902474
891.220886	43.149836807426425
891.337463	52.621519520334935
891.454102	62.86929870852788
891.57074	67.5598554068705
891.687378	73.69752074014974
891.804077	81.26716777876608
891.920654	82.2363236483524
892.037231	79.90154078741074
892.15387	79.18707627311824
892.270447	77.5799495979216
892.387085	71.1299572416168
892.503723	62.22888179564546
892.6203	56.435155555733495
892.736877	48.20767360657312
892.853516	40.39924064815838
892.970032	34.908135690614316
893.08667	33.3923761474326
893.203186	29.687458048391292
893.319763	22.724133836097565
893.43634	19.316252206066913
893.552917	15.875062604928022
893.669556	12.952531398700865
893.786011	14.61141825785757
893.902588	16.88851741165625
894.019165	17.10202983285084
894.135681	18.91428328851289
894.252197	17.660794463437668
894.368835	19.891330411718705
894.485291	22.307200406945057
894.601868	21.63567038526432
894.718384	20.082372525119727
894.8349	12.591028085134653
894.951355	5.607542119594557
895.067932	1.6448804784087816
895.184448	0.5558702488880667
895.300964	3.803719666155638
895.417419	8.979337179810848
895.533936	10.264544882992977
895.650452	8.624727031149929
895.766907	5.7503623026802195
895.883423	5.288653414697599
895.999878	5.958216342232041
896.116333	7.908415499158833
896.232849	7.715021399347082
896.349304	7.453797161751831
896.465759	5.700515288329044
896.582214	3.3015142735042176
896.698669	6.6161020685675895
896.815125	7.4235346621834335
896.931641	8.474891521771854
897.048035	12.326468107999574
897.164551	12.127633923600705
897.280884	9.226897798238156
897.397339	6.3298882616398915
897.513794	7.670414436088091
897.630249	10.577476396042076
897.746582	11.393101166844243
897.863098	14.052365293979141
897.979431	23.522816383547788
898.095886	21.795829481374007
898.212341	19.302158198150003
898.328674	16.15218650120342
898.445129	16.155495790163783
898.561462	18.58048645951401
898.677795	18.44016930861948
898.794312	21.30601542126864
898.910645	22.05465658407612
899.026978	17.85063668370458
899.143433	17.15933833543785
899.259766	15.749166885144362
899.37616	17.195929208398077
899.492493	23.759382720251303
899.608765	23.94388322440308
899.725159	29.60228262245653
899.841553	27.79086250731178
899.957947	30.6914839875342
900.07428	29.817137510663486
900.190552	30.5076617584498
900.306946	31.56180139369237
900.423157	28.61594000571536
900.53949	25.743700340085887
900.655884	25.018703007726785
900.772156	23.220169792859714
900.888489	25.168484080168398
901.004822	27.922099437719233
901.121033	34.12172026414433
901.237366	37.76090084119217
901.353699	38.17514129554051
901.46991	42.005156382750755
901.586304	42.006390578363806
901.702515	47.38663390107191
901.818787	49.228165191927175
901.93512	50.27992807785558
902.051331	56.37525206363104
902.167603	65.85834082655309
902.283875	74.7162066944543
902.400085	82.9337110941597
902.516418	94.77278563823234
902.632629	110.86547487180279
902.74884	121.53646585764119
902.865112	128.02387595029546
902.981384	135.45323798591795
903.097595	139.24665956587663
903.213867	134.89548468592488
903.330017	128.35641652077823
903.446289	126.81345999143537
903.5625	127.38566056433527
903.67865	127.79813730358288
903.794922	128.19158502107118
903.911072	127.83006370742149
904.027344	120.25471282025673
904.143494	110.27937731162629
904.259705	98.13997160202771
904.375916	86.92092422561453
904.492065	79.42091940180639
904.608215	73.24385826003356
904.724426	65.8810639169015
904.840576	59.09877773060225
904.956726	48.82555495679401
905.072876	44.769182383523386
905.189087	41.40367430192332
905.305176	40.244181583572995
905.421387	40.33397271415287
905.537537	41.37866784183601
905.653687	37.503789964701845
905.769775	31.876004636739538
905.885925	27.501787768501764
906.002014	27.372477696369316
906.118164	27.334376444908095
906.234314	27.558475394828548
906.350403	23.932202224925675
906.466492	22.7585676111366
906.582642	21.760506851548065
906.69873	20.621983811033374
906.814758	15.912260950713716
906.930908	11.163787064255493
907.046936	7.428494622551831
907.163086	9.052701327521673
907.279175	8.092665745459435
907.395264	6.169576625821958
907.511353	11.194698157107275
907.62738	14.17666965933848
907.743408	12.853585898236002
907.859497	13.086926556878966
907.975525	13.73166471895021
908.091553	17.305112955026207
908.207703	20.015052707540043
908.32373	17.01299125660389
908.439758	17.02620173534823
908.555786	14.76896551802949
908.671814	13.044287897386525
908.787842	12.735305765221327
908.90387	14.7987225387368
909.019775	18.394703029427227
909.135864	21.90418962374312
909.251892	25.12155319734759
909.367859	25.146361818116752
909.483826	23.221033194486033
909.599854	21.053336497712504
909.715881	16.04804089844417
909.831848	20.042798625193452
909.947815	23.71942296893561
910.063782	20.731585466105276
910.179749	23.797891028496473
910.295776	23.784137626820858
910.411743	21.885122913724494
910.527649	14.73935964167421
910.643616	5.981041977973967
910.759583	5.248686214158031
910.875488	6.050944685865742
910.991455	5.706007523262969
911.107361	15.168409266620417
911.223267	19.16325843447376
911.339294	23.212210746507846
911.4552	19.86071848291837
911.571106	16.803584669623095
911.687073	11.776736320079621
911.802979	13.816966080575213
911.918823	13.984906274002045
912.034729	17.009981039627778
912.150635	16.2406791257887
912.266602	17.8847950176476
912.382446	15.803801284713748
912.498352	14.358951034691017
912.614197	12.298295864158703
912.730103	9.621835773116821
912.846008	6.329570761565368
828.077942	32.001414887279715
828.196289	30.58657409961257
828.314636	29.44012931636743
828.433105	28.562080537544293
828.551514	27.952427763143138
828.669861	28.77286937416163
828.78833	30.22749889903836
828.906677	28.80332146968238
829.025085	29.76659174256734
829.143433	28.07401137184783
829.261841	26.074048999726465
829.38031	22.1931256456742
829.498657	22.79486231517453
829.617004	19.221246257147413
829.735413	16.48526030641648
829.85376	14.350971962735112
829.972107	17.357347597799755
830.090515	14.733812236333279
830.208862	11.246589396637585
830.327209	8.85889150346429
830.445557	4.278501493736774
830.563904	6.1634227231964225
830.682312	9.554785672263852
830.800659	16.138733379686443
830.919006	27.8503302379766
831.037354	39.11165948659287
831.155701	48.61317858264808
831.274048	58.80295947741947
831.392395	57.460213374147756
831.51062	54.69316687072756
831.629028	46.11004599045104
831.747314	36.466264962925095
831.865662	30.08865877959952
831.984009	31.05081386163333
832.102356	32.95444609769679
832.220642	36.54848920015087
832.338928	35.737691517179854
832.457275	32.10212717001091
832.575623	29.654784844572156
832.693909	30.780950096246386
832.812134	27.471952681703712
832.930481	28.645531703483908
833.048828	25.938049588973804
833.167114	25.830022870879432
833.2854	27.788973248932685
833.403687	24.085446571491246
833.521973	23.70646027915241
833.640259	27.842483156073733
833.758545	25.497824944152658
833.876831	20.862963901233545
833.995056	18.34914884619937
834.113281	19.248583233459243
834.231628	23.554761686744513
834.349915	18.24385839487652
834.468201	21.066963512427428
834.586426	24.87253184702838
834.704651	25.889992030272843
834.822998	25.710250248059374
834.941162	25.06057193604454
835.059448	25.11628253901644
835.177673	25.193373519555564
835.295959	21.469316664837056
835.414246	20.530702014430965
835.53241	17.762782930010374
835.650635	16.561659505170212
835.768921	15.208700101764393
835.887146	8.416020333778576
836.005371	7.441188224801612
836.123596	3.349115150767715
836.241821	2.6441203402500184
836.360046	-1.2344016251202732
836.478271	-3.41633558005691
836.596497	-0.9947678727575218
836.714722	2.8268509391040606
836.832886	7.0160503077528915
836.95105	7.261152245206285
837.069336	7.6141079215408105
837.1875	7.064095472113196
837.305725	2.52456002216709
837.423889	-1.2382609333593422
837.542053	2.321098164548357
837.660339	1.1896833629331498
837.778503	5.014695469916678
837.896667	0.27235360258378494
838.014832	-1.5589550763096645
838.132996	2.1593150987468377
838.25116	5.738911318509707
838.369385	9.716667510099505
838.487488	18.04932775375839
838.605713	18.70231827648
838.723877	19.848838051231343
838.84198	18.064692425804772
838.960205	15.955997694826973
839.078308	23.074738537212802
839.196472	27.620110045909996
839.314636	31.923318609092426
839.4328	32.746308996741426
839.550964	35.175722804626346
839.669067	35.54059635300137
839.787231	36.185128612527926
839.905396	40.719760678980805
840.023499	49.10773974515746
840.141602	52.33179166375665
840.259766	54.0997527942344
840.377869	52.29262191861572
840.495972	55.68317086017866
840.614136	52.05282136732666
840.732239	42.910270177085756
840.850342	42.534784990801846
840.968445	39.93072836643205
841.086548	43.3881924344208
841.204651	48.21890655361017
841.322754	58.290862313462014
841.440918	63.27294104852164
841.55896	66.23010852557672
841.677002	63.930804569161296
841.795166	66.62181315319594
841.913208	61.44819749757408
842.031311	62.11995376852416
842.149353	61.816767093549515
842.267456	64.61874893782804
842.385498	58.6774663150364
842.503601	58.96047386106174
842.621643	56.387718064410464
842.739746	56.12806257290201
842.857788	49.255135147967636
842.97583	45.97025567806928
843.093933	48.522387033143275
843.211975	53.610676253293164
843.330017	52.70053402759745
843.44812	50.768176911624835
843.566101	48.86124211142737
843.684204	47.29361752018062
843.802246	43.06965933898419
843.920227	41.817089752711595
844.038269	38.4472106670549
844.156311	39.074751783820744
844.274292	36.7365377709927
844.392395	32.40879555948594
844.510376	32.74521884055528
844.628357	32.99691506578275
844.74646	32.80676479869173
844.864441	30.32846061699243
844.982422	20.150787300630487
845.100403	18.3668394496438
845.218384	15.169275393298486
845.336426	15.512675467668426
845.454468	15.1892590887363
845.572449	16.634121145063443
845.69043	16.786666496695013
845.808411	17.434790627378042
845.926453	13.851259036975184
846.044373	13.739552481736656
846.162354	15.25770126987579
846.280396	19.49013510467737
846.398315	19.534279264121494
846.516296	23.067656898386367
846.634216	25.497199144125297
846.752197	30.677910509046516
846.870178	31.579522574890234
846.988098	30.234510761638596
847.106079	34.65588130767674
847.22406	33.1250383719878
847.34198	32.661481005090636
847.4599	33.52281465136153
847.577881	34.10731079436234
847.695801	35.3024327274479
847.813782	33.7532408596097
847.931641	31.30605879226902
848.049561	34.87864721788569
848.167603	29.6745024552525
848.285461	28.806185108574425
848.403381	27.215269848947564
848.521362	25.338991888410362
848.639221	30.082128801047656
848.75708	34.30403095733804
848.875	37.989541481051354
848.99292	43.69928809447549
849.110901	41.99172941272987
849.22876	44.37336800138672
849.34668	43.55416618359007
849.464539	37.456212992429684
849.582458	43.14446288259629
849.700317	47.11027540824399
849.818176	47.39045961632415
849.936096	49.80103746796601
850.053955	47.411285917926
850.171875	48.773168035504014
850.289673	46.70919923190387
850.407593	37.381726603757414
850.525452	36.84270308796347
850.643311	35.36054017833918
850.761169	36.89413073620504
850.878967	39.88285770217623
850.996887	36.83323358299134
851.114746	36.92492049305366
851.232544	36.13410685375827
851.350403	30.222716347120514
851.468262	29.324939380394067
851.58606	26.40400071012
851.703979	30.28241182556339
851.821777	32.04674582207901
851.939636	29.729484591764372
852.057434	29.25920343568633
852.175232	36.155376327313675
852.293091	43.73837280683034
852.410889	62.4281031870655
852.528687	81.38690286078086
852.646545	97.3810141873666
852.764343	109.04678970152166
852.88208	105.93186678881031
852.999939	96.62714257333305
853.117676	83.48759124108372
853.235535	66.2556561827801
853.353271	57.78196601486963
853.471069	52.84140255704407
853.588928	44.992415715677424
853.706604	42.30642304621851
853.824402	36.56264518233052
853.9422	36.54462117227443
854.059998	36.57269194760225
854.177734	38.78321983415956
854.295532	38.946749818038576
854.413269	43.264578185810905
854.531006	41.689078693887716
854.648804	41.934530891142565
854.766541	41.074510959341765
854.884277	39.65448072584109
855.002014	40.919003986039
855.119751	38.93517922103959
855.237549	32.2332979421503
855.355225	28.05144202673756
855.473022	23.393932198665592
855.590698	24.92524928872959
855.708435	27.51335875092814
855.826172	31.054356757539573
855.943848	38.72786602605515
856.061646	44.51442070151789
856.179321	44.509225439960744
856.296997	44.39841353235934
856.414795	42.65600269689154
856.53241	43.195400978313856
856.650085	45.146464758892066
856.767822	54.40961120971701
856.885559	58.99997526902946
857.003174	64.91321539807336
857.120911	64.82896198540844
857.238586	64.87057179643618
857.356201	58.94929882922049
857.473938	53.409276320565446
857.591614	46.04917512124541
857.709351	47.26941880335346
857.826965	44.803750775028035
857.944641	47.299330716302265
858.062317	50.42713619466941
858.179993	52.63087012497523
858.297668	50.14428234636503
858.415283	49.666472266912805
858.532959	48.28183197506758
858.650574	46.45787861456124
858.768188	43.55822257574459
858.885803	46.93133365884823
859.003479	51.96895516358519
859.121094	49.26846643767067
859.23877	45.039803194411675
859.356384	49.22881518473325
859.473999	50.372269514357214
859.591675	45.619498493686656
859.709229	41.60249762420682
859.826843	39.020378780211914
859.944458	32.71294883339065
860.062012	24.684500488171125
860.179626	21.818134201938072
860.297302	25.47527594929977
860.414856	28.132094527808423
860.532471	30.790719733510105
860.650024	34.3385652391386
860.767639	34.63057656752951
860.885193	31.20569932021067
861.002808	31.059565206949614
861.120361	29.408583227188075
861.237976	30.64883740310472
861.35553	31.046525391363243
861.473022	31.14922837114264
861.590698	38.197179224143206
861.708191	41.339691262996986
861.825745	41.187128078537384
861.943298	35.51867363824468
862.060852	28.643811170013826
862.178406	19.58632698220095
862.295959	10.506347496624505
862.413513	1.4817642100868966
862.531006	2.7679587450501626
862.64856	-0.4900848818748602
862.766113	0.11669945636710555
862.883667	1.3913127478945677
863.00116	3.402991741551836
863.118713	2.8465200031135396
863.236206	4.105001020270533
863.353699	10.492262344991001
863.471252	24.003974237907016
863.588745	37.26781359784644
863.706177	53.55434418295894
863.82373	67.93497942109555
863.941162	71.59151187123652
864.058716	71.44818491949616
864.176208	62.62835953910365
864.29364	55.02377793685807
864.411194	43.991580072062334
864.528687	33.24385188841347
864.646118	23.436432298783373
864.763611	13.272768667155457
864.881042	10.07534240669849
864.998535	7.785699942875331
865.116028	4.713353667876315
865.233459	7.055232870527693
865.350891	6.488831127310854
865.468384	9.90372419209078
865.585754	9.600778177735249
865.703308	7.092958364161443
865.820679	7.7720307263930275
865.938171	6.384738106239363
866.055542	2.350980595843505
866.173035	1.8742118453744776
866.290466	-0.8053009337990858
866.407837	-2.425678650252611
866.52533	-2.616768029602881
866.6427	-2.411046431890214
866.760071	2.676350641076047
866.877563	7.5350534827737405
866.994934	12.249486103270268
867.112305	17.769902817016515
867.229736	17.942644154354674
867.347107	16.99067345441317
867.464539	21.210550476374003
867.58197	22.145586913408867
867.699341	27.27848501714698
867.81665	27.509704140272348
867.934082	24.445321256623046
868.051453	20.07454074070295
868.168823	13.512106717219647
868.286194	10.44851439967321
868.403564	9.801529309965456
868.520935	10.978107551561717
868.638306	17.56267817083699
868.755676	24.499002785697535
868.872986	29.36069739368538
868.990295	35.19540143177318
869.107727	35.557259391811044
869.225037	42.327247634474276
869.342346	44.98157880772271
869.459717	44.69776682239084
869.577026	46.57756126720282
869.694336	48.86991521464083
869.811707	53.0315529337488
869.929016	55.207515484091985
870.046326	56.37402094037405
870.163635	60.695591119595846
870.280945	60.685221956835775
870.398254	65.21524660489142
870.515564	71.68394249066026
870.632812	72.36838575468761
870.750183	76.16470221245382
870.867432	83.1248509449325
870.984741	87.65361283854926
871.102051	86.08650942467168
871.219299	84.81314481916971
871.336609	93.06731741557641
871.453918	95.04167273115463
871.571106	94.5868626035761
871.688416	94.54707200884008
871.805664	96.35520474331084
871.922852	97.93118813190759
872.040222	98.32698448837816
872.157471	99.35643086144373
872.274719	105.33773577110117
872.391968	104.08257833469179
872.509155	106.31607259669912
872.626465	102.9213513508243
872.743652	94.32697389687173
872.860962	86.59572448378745
872.978149	79.22760287395762
873.095337	75.79185134476316
873.212646	74.80580276659018
873.329834	76.26294755277151
873.44696	77.77585366511829
873.564209	79.07395516861283
873.681396	70.60095772926651
873.798645	67.14474543663712
873.915894	68.30055358769283
874.03302	68.49259631444774
874.150208	75.69707565249038
874.267456	77.00704424901986
874.384583	76.1454443254329
874.501831	82.53651749755755
874.618958	81.18023565656351
874.736145	80.08957867777839
874.853333	84.59571615719437
874.970459	84.52978784228824
875.087646	86.90478395708993
875.204834	75.36353496258222
875.32196	76.33026999182519
875.439148	74.17942964935162
875.556274	73.09498035864229
875.673401	65.68080385116676
875.790527	71.60355054735786
875.907715	75.4108120701475
876.024841	77.29306125067461
876.141968	73.2372775599093
876.259094	76.91659872402951
876.376282	69.36996224766278
876.493347	72.62982042904105
876.610474	68.08359552421152
876.7276	69.79186475772823
876.844727	68.94723508023536
876.961853	69.32026519034596
877.078918	63.11221403875919
877.195984	60.91829353665085
877.313171	55.97657065455043
877.430237	59.713424762462196
877.547302	60.442679105689294
877.664368	61.817985847552066
877.781433	63.89559087811247
877.898499	66.57589980258602
878.015625	60.10996548550054
878.13269	56.04753825549439
878.249695	47.94486411932668
878.366821	43.62225039341058
878.483887	41.40432873938534
878.600952	41.16337958613069
878.717957	39.48810432943475
878.834961	42.547296033538345
878.952087	42.3625699349006
879.069092	40.85597233801405
879.186157	37.02313736400531
879.303162	32.35103367782189
879.420227	27.166456059028192
879.537231	21.64687889441376
879.654236	14.103933446289066
879.77124	13.98997632975961
879.888306	10.623146358717975
880.005249	6.512068638823622
880.122314	5.083110499331074
880.239319	1.4487806510056576
880.356323	-0.06628320584778646
880.473328	0.8495942410574713
880.590271	4.066497166136225
880.707275	8.603882946032162
880.824341	11.578608422141663
880.941284	13.977665155971977
881.058228	14.619206741890686
881.175232	6.3560106322031285
881.292236	2.439129944985419
881.40918	1.1174727717596968
881.526123	0.3390585656041716
881.643066	0.21209353991666124
881.760071	4.338293801815008
881.877014	7.23930063684076
881.993958	9.45623166003128
882.11084	4.824579654378017
882.227783	4.660352408964129
882.344727	4.723305471527668
882.46167	5.065362966076175
882.578613	4.684357250238479
882.695618	4.365994013567202
882.812439	5.932775828976981
882.929382	4.430158114829608
883.046326	0.08324160289956839
883.163208	-0.4413128522287022
883.280151	3.8738142449927486
883.397034	8.989654677604562
883.513916	10.94300336351766
883.630798	14.727382515557743
883.747742	20.797341794500788
883.864563	25.066304316420393
883.981506	26.978006563913468
884.098389	28.870110827354694
884.21521	38.008849006125736
884.332153	42.472161321296184
884.448975	46.41804237358718
884.565796	52.166867211292384
884.682678	64.97404644882799
884.7995	82.68805616595465
884.916443	106.0643287797055
885.033264	130.28250648412916
885.150085	161.2170511074358
885.266968	185.22943637414443
885.383789	205.3456236217117
885.500671	217.44442188941204
885.617493	223.62103921068262
885.734314	217.8841214163776
885.851196	215.3938490491929
885.967896	215.6177305206022
886.084717	209.8176647959329
886.201599	206.1819482168027
886.318359	203.4270031760035
886.435181	199.65456474260276
886.552002	191.36024870248042
886.668762	177.82542627137744
886.785645	168.4678233899604
886.902344	168.72896928990517
887.019165	160.42917200305735
887.135925	156.6831274302492
887.252747	149.29815445243622
887.369446	143.01665582962966
887.486267	132.996590660028
887.603027	120.50415325235558
887.719788	108.9851961611283
887.836548	106.21890992413219
887.953247	95.27882692653023
888.070068	86.76232120125269
888.186829	74.42908311199092
888.303528	64.2336089794881
888.420288	51.75378218106246
888.536987	39.705991981998906
888.653687	30.384589697144097
888.770447	27.759224954241347
888.887146	18.37095777848638
889.003967	12.79334768873835
889.120667	4.483039102201147
889.237305	-0.23317022494813466
889.354065	-3.9332406983702044
889.470703	-5.409424097279889
889.587463	-0.47991807526905506
889.704163	1.6972300117855945
889.820862	1.9379928724110007
889.937561	2.8895544845624648
890.054199	0.9025270879580019
890.170837	-1.6161796002776483
890.287598	-4.748817076742833
890.404236	-3.7919406468761956
890.520874	3.3713276626206987
890.637634	6.357873019745684
890.754211	12.483707927903787
890.87085	19.87656627867475
890.987549	25.744230255390562
891.104187	32.552071357031295
891.220886	36.30227430604289
891.337463	42.373615055627226
891.454102	46.729313574751274
891.57074	53.04037128310449
891.687378	54.56652210278005
891.804077	57.77315027178735
891.920654	62.251151417535034
892.037231	66.43559823039271
892.15387	67.32433317432196
892.270447	62.280991566244246
892.387085	55.634583231655796
892.503723	52.530130234714846
892.6203	46.119131338644834
892.736877	41.97735771643262
892.853516	37.15674134177796
892.970032	32.393216699342545
893.08667	29.782023809146438
893.203186	17.626184362948134
893.319763	11.081551468486825
893.43634	8.583179030145478
893.552917	3.0206661451119468
893.669556	4.710044699485373
893.786011	5.248705374804479
893.902588	6.887730239407155
894.019165	10.321948759728505
894.135681	9.202873499070845
894.252197	12.31408110512174
894.368835	14.43911401084439
894.485291	12.12994040992186
894.601868	13.957991150313966
894.718384	12.05747900846481
894.8349	7.281225398295325
894.951355	6.269950554227711
895.067932	4.597235985957322
895.184448	5.986047019855404
895.300964	8.804360440963547
895.417419	7.775124070644999
895.533936	9.229513327180138
895.650452	11.202178544026989
895.766907	9.160656629236236
895.883423	10.585486425500811
895.999878	9.96801398465784
896.116333	7.256307661308387
896.232849	6.2036289569874326
896.349304	0.013448925549920165
896.465759	2.112191833308086
896.582214	6.432779453959436
896.698669	9.553137802263706
896.815125	15.209235998510543
896.931641	15.178130384577651
897.048035	9.091875148992077
897.164551	8.10416942559681
897.280884	3.377377507037259
897.397339	6.498085413721858
897.513794	10.838637671462648
897.630249	14.682588616994897
897.746582	17.91742936042344
897.863098	19.29209851266826
897.979431	16.635622945268864
898.095886	23.792198280566858
898.212341	25.144966225630313
898.328674	29.988300509345567
898.445129	34.036550384040986
898.561462	31.547298059737628
898.677795	30.97295080219485
898.794312	29.46073818507565
898.910645	25.90244322772459
899.026978	29.23317183886135
899.143433	29.35553586082169
899.259766	29.544433821964034
899.37616	32.84320461942859
899.492493	32.972644045386964
899.608765	32.38948811552615
899.725159	27.444423396758495
899.841553	24.869055240325935
899.957947	22.51191052605592
900.07428	17.814550263872693
900.190552	10.686076420399113
900.306946	11.689302258138136
900.423157	16.423814363467777
900.53949	18.62557287686823
900.655884	23.240492636052963
900.772156	24.974202277327723
900.888489	26.973924955674974
901.004822	23.772140139105247
901.121033	19.360201484763817
901.237366	24.036858028957376
901.353699	29.80427666200957
901.46991	33.60187367240343
901.586304	36.79764796616368
901.702515	39.55177091632673
901.818787	47.8577772292511
901.93512	57.196212795864255
902.051331	64.10387087050711
902.167603	76.5288517113157
902.283875	88.04258363019203
902.400085	100.11044782742907
902.516418	110.05281763371602
902.632629	113.39351247387535
902.74884	113.05678634536089
902.865112	115.09244472424504
902.981384	111.50264371793673
903.097595	114.82204506430517
903.213867	117.97272895329223
903.330017	123.97849863441112
903.446289	130.3826670648931
903.5625	129.2977869253873
903.67865	129.03988705591922
903.794922	125.19555038015932
903.911072	117.79074230410635
904.027344	115.76703586924904
904.143494	108.08762746081382
904.259705	97.53821587778526
904.375916	89.06686686857458
904.492065	80.34023087720685
904.608215	72.04878995487402
904.724426	61.80724466754778
904.840576	56.64807097759516
904.956726	51.86562588515513
905.072876	49.58977500353973
905.189087	42.946048648184146
905.305176	40.93444700009739
905.421387	37.37962463550334
905.537537	34.89196440959266
905.653687	37.897855953109925
905.769775	40.8323639851091
905.885925	36.1262077331113
906.002014	34.5304665964002
906.118164	30.244257169274675
906.234314	30.436406975620947
906.350403	25.321184137315882
906.466492	24.084716800876805
906.582642	19.588468976492265
906.69873	16.25233581581113
906.814758	13.8468790601295
906.930908	12.162124717056507
907.046936	19.429659894361553
907.163086	18.74904850522333
907.279175	16.063990590051723
907.395264	12.915582650229243
907.511353	7.8860800105808195
907.62738	7.852085415940419
907.743408	10.049531031287179
907.859497	11.305271105607133
907.975525	19.127967581178897
908.091553	18.28386062590166
908.207703	14.03918100275596
908.32373	9.980508202509577
908.439758	10.045079827760839
908.555786	13.9017311855014
908.671814	17.524472685188258
908.787842	20.01290187031243
908.90387	23.336720459222455
909.019775	26.485109456154163
909.135864	21.449412869047713
909.251892	20.902801033436454
909.367859	23.438360096333263
909.483826	25.980337575809436
909.599854	25.208375759881346
909.715881	22.9103723196188
909.831848	20.599315734613317
909.947815	19.81200915794943
910.063782	18.663174588666166
910.179749	18.54458865235713
910.295776	21.001714560710674
910.411743	22.712045562912436
910.527649	21.32492856393157
910.643616	19.00270888447369
910.759583	17.36010519043671
910.875488	14.46205679968285
910.991455	14.416804386776317
911.107361	14.105293802007125
911.223267	13.648739206042578
911.339294	17.198666363085835
911.4552	18.315678377043138
911.571106	18.101505041305707
911.687073	20.61242006567491
911.802979	19.33326840750814
911.918823	16.82684716652298
912.034729	17.00439888330308
912.150635	15.448178731029353
912.266602	14.83351385353134
912.382446	15.840058837559301
912.498352	15.609803326137268
912.614197	15.51157775088067
912.730103	15.545382111789523
912.846008	15.711216408863825
828.077942	23.182820267595915
828.196289	22.081752144426954
828.314636	21.48609393128598
828.433105	21.39584562817299
828.551514	21.811007235087967
828.669861	22.026393397924025
828.78833	25.681163480951625
828.906677	27.539379316365306
829.025085	30.248248410283658
829.143433	27.273130906851126
829.261841	23.629162591452513
829.38031	21.81202903734716
829.498657	15.82387989751981
829.617004	16.290252717224362
829.735413	13.048806238453711
829.85376	12.047590513519719
829.972107	10.407823394795713
830.090515	10.806983656796577
830.208862	11.939870528302292
830.327209	10.32381506445978
830.445557	9.231542319966884
830.563904	16.59162555513506
830.682312	12.068578050328297
830.800659	20.480581520921774
830.919006	28.8752575637691
831.037354	40.378155337151405
831.155701	50.244670567740016
831.274048	52.381752857645196
831.392395	50.91710143423596
831.51062	44.463275139591616
831.629028	34.15880633259387
831.747314	32.841363732686105
831.865662	29.824798845428923
831.984009	26.457593430219568
832.102356	27.54060114084735
832.220642	30.640941119771682
832.338928	31.743451961318215
832.457275	28.947692031324387
832.575623	33.93548494962086
832.693909	38.005539981625944
832.812134	39.39594388457163
832.930481	34.26469918282032
833.048828	34.828258446168775
833.167114	34.85069149700479
833.2854	30.197791850558968
833.403687	24.54919959130329
833.521973	20.489338060172873
833.640259	20.063657694601922
833.758545	21.821926112412562
833.876831	21.675404200487353
833.995056	26.626253313636795
834.113281	33.64416952065342
834.231628	33.94559452233552
834.349915	32.682030392996026
834.468201	28.41192970082504
834.586426	24.369031600612125
834.704651	20.648568478178916
834.822998	20.78084335227972
834.941162	25.049401660723593
835.059448	26.073294787190314
835.177673	21.644707515645337
835.295959	20.778776906607057
835.414246	16.871620059066817
835.53241	11.884251553191785
835.650635	5.756065626862666
835.768921	3.8896469469531945
835.887146	5.724388666586393
836.005371	3.7862634492142258
836.123596	1.1185443785465223
836.241821	3.541574485459614
836.360046	-0.34940162653183426
836.478271	-0.6279877695644115
836.596497	-2.1967913234886165
836.714722	-0.6315550626038577
836.832886	3.3166389168286283
836.95105	4.710576989700305
837.069336	2.9983219242421146
837.1875	1.8725228624613073
837.305725	-4.151636041083886
837.423889	-3.7841014292144664
837.542053	-1.734812965724482
837.660339	1.0352293192986186
837.778503	3.495744012851004
837.896667	3.31776216589337
838.014832	2.0749154479144916
838.132996	0.39925872409730323
838.25116	-1.1268994096324372
838.369385	3.485650710143308
838.487488	8.71528956007407
838.605713	9.793666385432166
838.723877	12.259770223533469
838.84198	12.30194942284782
838.960205	6.138863906209937
839.078308	5.6017085310836086
839.196472	5.158066381898882
839.314636	12.431342041340315
839.4328	19.55360143920187
839.550964	24.84524459001868
839.669067	31.234867847939455
839.787231	36.15973722810318
839.905396	39.212971392939366
840.023499	44.69114424710004
840.141602	47.36701832691709
840.259766	53.788250269429625
840.377869	51.086914595149395
840.495972	47.16781124990886
840.614136	40.390277562610365
840.732239	36.055211650218006
840.850342	35.638844615403144
840.968445	39.054623698120395
841.086548	45.22034049838625
841.204651	53.32867060662309
841.322754	52.5398072368078
841.440918	58.695785677855724
841.55896	61.4697906435003
841.677002	61.307745020256824
841.795166	60.70967346738794
841.913208	64.86825221073181
842.031311	65.11468355517638
842.149353	61.375399858225094
842.267456	55.12011692796611
842.385498	55.764464999858916
842.503601	52.4275079140061
842.621643	44.405809617367744
842.739746	38.85091188760751
842.857788	35.808298224997486
842.97583	34.18491066337838
843.093933	29.203732620931927
843.211975	28.845291111219975
843.330017	32.85854149213027
843.44812	34.630950863400386
843.566101	35.09759764986182
843.684204	39.9554821205125
843.802246	42.598566496404445
843.920227	38.73465524622105
844.038269	35.223097932140504
844.156311	29.968663285271802
844.274292	27.66834490527203
844.392395	22.60788939514185
844.510376	22.044882503276227
844.628357	24.046445048527882
844.74646	25.40913340635698
844.864441	22.821268436867438
844.982422	23.663839033950513
845.100403	17.84162450614182
845.218384	17.17498517209142
845.336426	14.882566998872637
845.454468	17.323685316440816
845.572449	17.675855608955906
845.69043	17.83735352716788
845.808411	16.271395551561717
845.926453	14.324336566499916
846.044373	6.905281356401348
846.162354	7.0986634736967495
846.280396	10.452112471027919
846.398315	13.034911565980424
846.516296	16.297307739583783
846.634216	20.3735014788814
846.752197	25.326286190194402
846.870178	33.14487071680091
846.988098	34.97644588897566
847.106079	36.70630909731931
847.22406	39.72625084370708
847.34198	37.01031234520198
847.4599	35.272805648877466
847.577881	30.19554862434427
847.695801	26.124875608831694
847.813782	26.34220727181271
847.931641	23.828063064801746
848.049561	23.49370696376957
848.167603	25.45388756354901
848.285461	30.09172521754201
848.403381	31.8076660765596
848.521362	30.18829300997595
848.639221	29.78340219895888
848.75708	31.18394265915689
848.875	30.963499019639478
848.99292	33.7324795002337
849.110901	35.12942631416125
849.22876	40.05694304078163
849.34668	38.95226191681755
849.464539	40.24612721348694
849.582458	40.52080667828588
849.700317	42.2178735631751
849.818176	44.92824674304559
849.936096	48.26015329398635
850.053955	48.92788916314987
850.171875	46.61328491248962
850.289673	43.47651563848964
850.407593	40.83144095851408
850.525452	33.00273848373327
850.643311	31.525050841245267
850.761169	30.67761461816383
850.878967	31.819723618819395
850.996887	31.86048525851441
851.114746	30.750122008812486
851.232544	33.41503637765003
851.350403	30.935331563297225
851.468262	30.449524702600904
851.58606	33.67624952565208
851.703979	33.741045531639436
851.821777	31.557323276928532
851.939636	26.56881766445695
852.057434	24.106699002368078
852.175232	26.38740859718604
852.293091	36.28326172865329
852.410889	54.29208857281111
852.528687	74.48964229568193
852.646545	94.49064804634124
852.764343	98.72366416186838
852.88208	92.32290615348421
852.999939	83.12602253435078
853.117676	65.92088620176085
853.235535	56.47591298581615
853.353271	43.55515000546143
853.471069	37.035209368994586
853.588928	37.132548469940545
853.706604	32.39910333147139
853.824402	29.845695384653865
853.9422	30.749369336130428
854.059998	27.0841450031772
854.177734	28.668202183455186
854.295532	32.473383949238396
854.413269	32.90877828092388
854.531006	36.047970606901444
854.648804	38.60524013036864
854.766541	38.890093479757056
854.884277	40.112494390951866
855.002014	40.547309455526026
855.119751	41.63609579033414
855.237549	46.393993156540986
855.355225	43.24739485782461
855.473022	37.73958225340298
855.590698	33.3662044496732
855.708435	29.728992435376405
855.826172	27.28248315779898
855.943848	26.60240242494575
856.061646	31.487465432169415
856.179321	36.86837402438253
856.296997	40.52649907144981
856.414795	45.86659378234401
856.53241	52.079122077655924
856.650085	57.25930787169132
856.767822	59.231810237618404
856.885559	53.78665524527629
857.003174	53.99092923582236
857.120911	50.38140481557734
857.238586	48.99052912887453
857.356201	51.77933933787741
857.473938	52.236990097528064
857.591614	51.35479279605677
857.709351	54.20633103525449
857.826965	48.59461209600458
857.944641	47.40056162621791
858.062317	43.30814390257758
858.179993	43.23075850481715
858.297668	42.348042484350714
858.415283	43.2400474905879
858.532959	40.26172832088649
858.650574	46.11653285751994
858.768188	49.09880750438674
858.885803	54.67390526482583
859.003479	56.573396309196376
859.121094	56.223664267611454
859.23877	53.98183090791292
859.356384	49.384654909731424
859.473999	40.39963905790069
859.591675	37.282176015702134
859.709229	37.4218368887412
859.826843	37.26232222581895
859.944458	35.671577398487784
860.062012	29.850864797451564
860.179626	27.142159298689585
860.297302	22.32896470694479
860.414856	22.134202921339146
860.532471	23.384678948873542
860.650024	26.093347534081136
860.767639	26.34242694738834
860.885193	25.55614427837441
861.002808	24.52883272115947
861.120361	29.007204547635446
861.237976	30.621110321202092
861.35553	34.61510298834703
861.473022	34.72940473263648
861.590698	35.00078550836829
861.708191	33.90323419310874
861.825745	29.560101662900557
861.943298	24.904251885489522
862.060852	20.55685705250047
862.178406	16.58932315196967
862.295959	9.406366193637226
862.413513	3.6140152583793346
862.531006	1.0780402658976644
862.64856	-2.589044411294621
862.766113	-4.2660531041630465
862.883667	-5.565568965330864
863.00116	-6.879390879662059
863.118713	-2.6772307766635324
863.236206	4.608007005531851
863.353699	12.355094864017286
863.471252	24.429843466692308
863.588745	33.74132445584483
863.706177	46.419417695821494
863.82373	59.52688703823125
863.941162	64.11999229473145
864.058716	67.95415433322589
864.176208	66.27828397782095
864.29364	57.59668630814615
864.411194	45.12798186875307
864.528687	28.662187089583565
864.646118	18.476361594829797
864.763611	10.908161056658258
864.881042	4.797392840214226
864.998535	6.683016763277046
865.116028	5.519579185055058
865.233459	8.711813715101506
865.350891	4.1190435351483705
865.468384	3.531286845382616
865.585754	3.3576441194199678
865.703308	-0.10535942754379102
865.820679	-2.2754703766481055
865.938171	-2.21329198765299
866.055542	-4.8647082624402085
866.173035	-1.6387993488150798
866.290466	0.3843777508897035
866.407837	5.419105384303926
866.52533	11.190536668273658
866.6427	14.921623337542297
866.760071	17.640531735702794
866.877563	15.518283016711521
866.994934	13.360081493616951
867.112305	12.51011995848355
867.229736	13.238978805705433
867.347107	11.405982852194452
867.464539	12.244919791130396
867.58197	14.457108526308378
867.699341	16.652955579333984
867.81665	15.57923936836691
867.934082	18.91562876624917
868.051453	17.809336232454434
868.168823	17.21709639444279
868.286194	14.961437385563592
868.403564	10.592156370458232
868.520935	9.765122812205306
868.638306	10.123201678351261
868.755676	14.034390490305983
868.872986	21.613424018896666
868.990295	26.44906106127322
869.107727	29.746955157325914
869.225037	33.26253552617793
869.342346	33.547766433638984
869.459717	33.57019921332633
869.577026	35.21729198675628
869.694336	39.2336631804356
869.811707	45.73187569120864
869.929016	53.05177034176471
870.046326	56.06349924206289
870.163635	60.06361350401235
870.280945	60.7858829494499
870.398254	63.21518951602661
870.515564	59.6134416655694
870.632812	59.733900706108365
870.750183	65.18913748157361
870.867432	69.62850860868605
870.984741	76.57150863669041
871.102051	82.31036423672799
871.219299	88.13510771898622
871.336609	94.49598302509435
871.453918	91.58346646857703
871.571106	86.1269930500336
871.688416	82.74779934124143
871.805664	81.588741251842
871.922852	84.45935201767828
872.040222	88.708126418013
872.157471	93.36534752171403
872.274719	95.95268295212662
872.391968	100.6281281327087
872.509155	93.15142519622223
872.626465	87.36890648776233
872.743652	87.834668652511
872.860962	85.07686028014275
872.978149	83.53703601488498
873.095337	79.82772463287986
873.212646	77.75196970260443
873.329834	77.28810649425799
873.44696	70.1482664117753
873.564209	66.76317855374211
873.681396	63.86225928046469
873.798645	60.508280988080706
873.915894	56.07786085401821
874.03302	56.80040448092532
874.150208	62.797132337078054
874.267456	64.68490349807303
874.384583	71.1044061366435
874.501831	81.6443811899292
874.618958	85.89570684722923
874.736145	94.00988833854198
874.853333	93.91116602192179
874.970459	94.99344723740194
875.087646	94.50564988157448
875.204834	87.45207310888878
875.32196	83.12057917202722
875.439148	76.66482608984367
875.556274	70.4159630002024
875.673401	67.63587683492548
875.790527	67.42627951864505
875.907715	70.36722675634445
876.024841	72.18382000515108
876.141968	74.55567607046794
876.259094	76.90701162243971
876.376282	72.4932110618447
876.493347	69.4073294273172
876.610474	64.60388519056757
876.7276	65.76682888031499
876.844727	64.36798494200991
876.961853	61.439813592005365
877.078918	57.6662545653118
877.195984	57.2290967401168
877.313171	52.65644731188441
877.430237	52.96342721114671
877.547302	56.524462748797674
877.664368	59.6598698273095
877.781433	56.770047292567526
877.898499	56.846306973945076
878.015625	48.18731798809351
878.13269	48.340663463287584
878.249695	44.76518422991177
878.366821	46.07339289468465
878.483887	47.916758475980515
878.600952	46.16322990373406
878.717957	38.44479605728342
878.834961	36.99085345173661
878.952087	29.015655416887355
879.069092	27.83734960959002
879.186157	22.181004970135426
879.303162	21.050903900700092
879.420227	18.637475412818883
879.537231	17.41256416898873
879.654236	12.345808156153732
879.77124	10.93501664384219
879.888306	10.249408823578666
880.005249	8.128777680134924
880.122314	4.159662160723817
880.239319	3.982705814241961
880.356323	-0.06663660963407181
880.473328	2.403389386472795
880.590271	3.265023773150774
880.707275	5.130788295241707
880.824341	9.004976979476819
880.941284	7.924358013056862
881.058228	5.081536231523184
881.175232	-1.0343541921942294
881.292236	-6.832437719988496
881.40918	-5.42960926955049
881.526123	-6.13326041241572
881.643066	-1.9174342102717175
881.760071	1.2373375154746604
881.877014	2.2877641460683384
881.993958	1.6342735104093924
882.11084	1.711930138530098
882.227783	1.1938922737771733
882.344727	0.5996652951654946
882.46167	0.5244756212240667
882.578613	6.425044866380002
882.695618	7.630386183525163
882.812439	8.958692175191135
882.929382	6.808252866995767
883.046326	7.289473041952727
883.163208	3.694577308614086
883.280151	4.504108516966575
883.397034	5.995132941090009
883.513916	12.98584502647292
883.630798	16.1299517473968
883.747742	20.48374401538389
883.864563	22.20091362827586
883.981506	25.655942984271423
884.098389	29.175681876443196
884.21521	31.75148045602285
884.332153	34.303280309757916
884.448975	41.76181339735717
884.565796	49.085993073591744
884.682678	64.90353453968348
884.7995	80.75772931551775
884.916443	101.72003738016905
885.033264	124.79478651768804
885.150085	146.25688176548715
885.266968	169.27083751476204
885.383789	187.70678146037318
885.500671	201.88509175598733
885.617493	210.92696131023826
885.734314	213.72199933974852
885.851196	213.49966158823477
885.967896	211.44608235916343
886.084717	204.52230600931603
886.201599	198.29759249529906
886.318359	191.8303668388855
886.435181	185.8587391113391
886.552002	179.0644837664856
886.668762	174.8588537696927
886.785645	169.1141322588864
886.902344	162.79134075760285
887.019165	152.8969462497521
887.135925	147.34435776016204
887.252747	145.75908788858692
887.369446	139.84891935441055
887.486267	135.1614336748366
887.603027	128.16413592095995
887.719788	115.91977380360225
887.836548	106.765991381813
887.953247	93.76118141907975
888.070068	84.10229693590534
888.186829	75.36938651950935
888.303528	64.21392811738707
888.420288	53.993037806456634
888.536987	43.074631924094206
888.653687	33.75956718982326
888.770447	24.755600333979146
888.887146	19.283456722414872
889.003967	14.005453214295958
889.120667	10.257034660208351
889.237305	6.284923674739628
889.354065	2.7665794230513967
889.470703	-0.014486494892283819
889.587463	-1.2141310082805752
889.704163	-6.059664096149006
889.820862	0.09173031044884872
889.937561	-0.1841865363477717
890.054199	1.259739292514487
890.170837	-1.1284517613172178
890.287598	-0.4742982765835295
890.404236	1.0793252635311208
890.520874	-0.8160724194157272
890.637634	1.146867656013767
890.754211	7.446494670685899
890.87085	12.753830939475563
890.987549	19.499599478236348
891.104187	25.939213304918816
891.220886	33.676586877028164
891.337463	42.731186987915066
891.454102	46.150647416674744
891.57074	49.22717992634526
891.687378	52.76380671023276
891.804077	56.76054230703343
891.920654	58.51823733819461
892.037231	61.67326148959248
892.15387	62.61306594633612
892.270447	63.93937964260245
892.387085	61.78424113319036
892.503723	58.02643712571225
892.6203	55.523092437210586
892.736877	48.19413237805634
892.853516	39.50274253239367
892.970032	30.085288422338678
893.08667	22.340038484503637
893.203186	14.282133759409291
893.319763	8.054439030307156
893.43634	6.892872406093744
893.552917	6.470580314754488
893.669556	7.356838288398214
893.786011	9.934746440293367
893.902588	10.64152688362508
894.019165	15.498839406323032
894.135681	14.95039293975293
894.252197	16.015682438544694
894.368835	17.025855863668564
894.485291	16.723343671782036
894.601868	17.679563313786105
894.718384	17.379363473780764
894.8349	11.859534769459817
894.951355	8.607103559179272
895.067932	1.8709622190934265
895.184448	1.3264444752083273
895.300964	3.226797743967199
895.417419	5.866389646519365
895.533936	5.340458240633286
895.650452	9.68364808375527
895.766907	11.160027166887891
895.883423	10.492551805689104
895.999878	5.752647320610024
896.116333	5.72820137733751
896.232849	5.83697128142083
896.349304	8.990214822872554
896.465759	2.6078579936218054
896.582214	4.334936765068889
896.698669	5.487466035193181
896.815125	5.329549570021479
896.931641	5.0711437437044005
897.048035	6.65599603332222
897.164551	7.943442800538714
897.280884	14.418370275688758
897.397339	10.111097363700747
897.513794	11.16670137068423
897.630249	11.922852311161176
897.746582	10.43154488452298
897.863098	7.736090808249514
897.979431	8.485865095301653
898.095886	10.380043718158895
898.212341	15.156748896559048
898.328674	20.095205224587822
898.445129	26.89028399636109
898.561462	28.66104200209604
898.677795	26.69322265208151
898.794312	24.833192527659836
898.910645	22.650226677007268
899.026978	21.08809191511935
899.143433	16.802649767718854
899.259766	14.493044198998225
899.37616	15.36928390988532
899.492493	15.180306508325774
899.608765	18.96943155896195
899.725159	21.49211117376734
899.841553	26.787313785843274
899.957947	31.81828872375913
900.07428	30.47681726249643
900.190552	24.38412630257634
900.306946	25.317318415941983
900.423157	20.304555075716937
900.53949	16.46058762306327
900.655884	13.25730820475544
900.772156	15.857058718545918
900.888489	18.88109169801188
901.004822	23.996089241103178
901.121033	21.49210988033507
901.237366	27.910330468867997
901.353699	28.943397640612094
901.46991	33.47878314647768
901.586304	38.968904999888764
901.702515	44.08259610675353
901.818787	51.93460679714349
901.93512	59.08340849710039
902.051331	59.09826540985658
902.167603	71.39481365863291
902.283875	77.29123824969322
902.400085	86.02565115500676
902.516418	95.35998775328332
902.632629	108.34404524262932
902.74884	114.72459233724763
902.865112	119.56442547093029
902.981384	122.05185186528786
903.097595	130.00508692507407
903.213867	130.56482933668826
903.330017	130.50813272890323
903.446289	131.12073780146667
903.5625	131.43944309406646
903.67865	121.73915533301837
903.794922	114.10646084799194
903.911072	107.16040211706559
904.027344	98.675889104958
904.143494	93.06200933898276
904.259705	86.4984048791747
904.375916	85.28812384629023
904.492065	80.58916280346085
904.608215	73.92967030509215
904.724426	67.6386367945027
904.840576	62.03209216186093
904.956726	54.456345545190814
905.072876	48.73390728254115
905.189087	44.80200000722374
905.305176	43.48963224399849
905.421387	40.06518550899902
905.537537	36.29056177956632
905.653687	35.983929521999755
905.769775	33.75135305614289
905.885925	34.248663783558584
906.002014	31.311360707690056
906.118164	30.757612080403227
906.234314	27.909929149974168
906.350403	27.61894774022015
906.466492	22.469068486768368
906.582642	23.278469424381186
906.69873	21.410772741917857
906.814758	22.021825616232363
906.930908	22.9211385555252
907.046936	21.087055789336777
907.163086	14.534729171315893
907.279175	15.645093483874113
907.395264	10.868340749962613
907.511353	11.951230510413268
907.62738	11.97166258762378
907.743408	15.180714841495858
907.859497	17.35111919463844
907.975525	17.61057241462956
908.091553	12.216642472665464
908.207703	11.396586305332303
908.32373	8.544330527380026
908.439758	9.915282711074951
908.555786	11.130647382609098
908.671814	17.030224006343865
908.787842	16.52961542708392
908.90387	18.672103922848585
909.019775	12.99231220856661
909.135864	10.425294197788347
909.251892	9.282736190096543
909.367859	6.506197531491097
909.483826	11.950650517074317
909.599854	16.622566551469276
909.715881	18.437538461928277
909.831848	21.852267138481768
909.947815	18.30614264825624
910.063782	21.06106263639208
910.179749	18.95035168401532
910.295776	15.29002526337258
910.411743	16.106050958072547
910.527649	16.54776521613962
910.643616	15.22988391977534
910.759583	15.894821019469497
910.875488	15.332613752806521
910.991455	17.56707691920135
911.107361	13.892565982924047
911.223267	11.8480336914479
911.339294	9.97460586977089
911.4552	14.31772379583931
911.571106	14.026726072096032
911.687073	14.761772313651216
911.802979	13.405965718291753
911.918823	11.879236143546382
912.034729	11.716192713317131
912.150635	8.841071952194033
912.266602	9.251701471274227
912.382446	9.378808097579691
912.498352	8.547041670968849
912.614197	6.922001673053919
912.730103	4.503688103834914
912.846008	1.2921009633118308
828.077942	31.891723044449975
828.196289	28.282159589906055
828.314636	25.17042970647713
828.433105	22.556533394163196
828.551514	20.440470652964237
828.669861	19.504069422633073
828.78833	17.829562142575913
828.906677	16.206984499273098
829.025085	18.569258191385288
829.143433	19.241050742516087
829.261841	18.30892664642033
829.38031	13.963376888424918
829.498657	11.269321954749877
829.617004	8.80900969631032
829.735413	10.673346002842617
829.85376	12.386139714953503
829.972107	16.170341027554468
830.090515	17.082215951088877
830.208862	17.82954811568146
830.327209	18.371222255526202
830.445557	20.633636346434884
830.563904	20.73150264154607
830.682312	23.97434726341948
830.800659	30.769088415178576
830.919006	42.10922691951069
831.037354	57.05969755115229
831.155701	69.87805208366083
831.274048	77.45391547973635
831.392395	78.1032898366314
831.51062	67.39543488398533
831.629028	52.7567524275471
831.747314	38.99676308828843
831.865662	31.251819437968337
831.984009	32.8638999116245
832.102356	37.10570980277177
832.220642	40.42531073862297
832.338928	41.5369685510908
832.457275	43.092179568266864
832.575623	38.9221078717036
832.693909	29.29514936744254
832.812134	25.680982165377472
832.930481	27.72677598721271
833.048828	30.10351870260488
833.167114	35.41942588879135
833.2854	36.12036759903057
833.403687	43.10242408649894
833.521973	37.96948910464067
833.640259	32.20206773345083
833.758545	33.440826214354615
833.876831	32.78965553818476
833.995056	33.43901804318342
834.113281	37.352105475626864
834.231628	37.48993739675171
834.349915	39.68149413713071
834.468201	31.29690561996958
834.586426	26.7408956443863
834.704651	26.15630458830471
834.822998	22.78987460769425
834.941162	21.483581564493477
835.059448	23.471184302698965
835.177673	23.222345815107424
835.295959	24.925352292704314
835.414246	18.123495644467965
835.53241	13.485570459311642
835.650635	14.621954302510954
835.768921	11.35729818620937
835.887146	7.752195780243699
836.005371	9.96031450247366
836.123596	4.061714412215948
836.241821	5.855083906450661
836.360046	-0.31109366223267276
836.478271	-1.8091288053897259
836.596497	-1.3121934777478597
836.714722	-2.716374971440935
836.832886	0.6168587188447128
836.95105	1.9559269852164263
837.069336	-1.7446089574688397
837.1875	0.5801988365868036
837.305725	-3.5393086938583265
837.423889	-1.0533323173169542
837.542053	-1.2302472114120375
837.660339	2.124796898199297
837.778503	6.169837598425394
837.896667	4.049940017693924
838.014832	5.308441103195865
838.132996	7.248401178956422
838.25116	12.68806974293032
838.369385	15.54307289130021
838.487488	15.893531154840847
838.605713	18.122616909495747
838.723877	19.08751021819371
838.84198	16.27094212109112
838.960205	15.711930629091063
839.078308	17.66809070122176
839.196472	23.22390231215224
839.314636	19.14564066570977
839.4328	15.783998550048118
839.550964	19.316530209050452
839.669067	26.342838460361612
839.787231	30.04262399556057
839.905396	35.881310242797696
840.023499	45.70093631248072
840.141602	51.62059578087935
840.259766	52.86328064387695
840.377869	49.91821892011194
840.495972	54.3049398203689
840.614136	53.88062683330648
840.732239	53.751383471633254
840.850342	53.40427380448901
840.968445	54.63370773146461
841.086548	56.19731379343257
841.204651	58.47392471220056
841.322754	59.19950111297109
841.440918	62.20526555785254
841.55896	63.956620270205214
841.677002	68.59863201800317
841.795166	70.9646684512991
841.913208	70.33183096489499
842.031311	68.63306294740883
842.149353	63.06969795859854
842.267456	54.509729596999414
842.385498	43.375290979800496
842.503601	39.12095316394218
842.621643	33.887445445772286
842.739746	37.389089804022454
842.857788	39.6302539413205
842.97583	45.94862558034258
843.093933	52.004427296379475
843.211975	53.83014375718333
843.330017	53.53188255202022
843.44812	52.99495540285025
843.566101	53.81895181666094
843.684204	60.34373793932144
843.802246	59.77497285037266
843.920227	61.833456374403134
844.038269	61.84391421011267
844.156311	55.990343807996496
844.274292	52.30091527283773
844.392395	45.23887179886661
844.510376	45.55747729756385
844.628357	38.587928792956134
844.74646	31.00990613219541
844.864441	25.12645531153244
844.982422	19.669221258961997
845.100403	12.465068167393268
845.218384	10.914450267651283
845.336426	11.422168400704058
845.454468	11.098628115976222
845.572449	7.463344320878395
845.69043	9.953561731227667
845.808411	12.251119674354488
845.926453	13.172078211386522
846.044373	12.50650275496581
846.162354	19.059614337095603
846.280396	23.301128635276715
846.398315	23.791678941608545
846.516296	27.07026478054732
846.634216	30.621743836900585
846.752197	34.627964875422926
846.870178	33.160395458547264
846.988098	33.104329198530365
847.106079	37.25632644095966
847.22406	37.33502507700257
847.34198	34.797157863357725
847.4599	31.517217588135296
847.577881	29.144562191473305
847.695801	31.222503348120988
847.813782	28.63852998467141
847.931641	26.492216771769314
848.049561	24.893969461639166
848.167603	24.307029048076913
848.285461	25.54309484953167
848.403381	21.887901950040565
848.521362	24.41721830158652
848.639221	32.221973319091866
848.75708	33.22645710187818
848.875	35.36573386644126
848.99292	40.72857451649271
849.110901	48.276039749272876
849.22876	56.627190952138704
849.34668	54.52229812492462
849.464539	57.48085742197197
849.582458	55.886009530321054
849.700317	49.94773293666221
849.818176	48.22665029826295
849.936096	50.07125516685286
850.053955	49.04000603613727
850.171875	46.801753139368756
850.289673	46.30672154623936
850.407593	39.587392274007385
850.525452	32.64377426214483
850.643311	32.11224840489848
850.761169	30.317512503843194
850.878967	32.9283908359675
850.996887	28.08992821924011
851.114746	28.663609192129123
851.232544	29.19489057497345
851.350403	23.75522427160526
851.468262	21.043740235898774
851.58606	23.989035736123718
851.703979	19.33354031063169
851.821777	21.503658547927067
851.939636	21.088154159196087
852.057434	26.760196058337186
852.175232	33.149652783864745
852.293091	50.70676898547855
852.410889	72.39907903332943
852.528687	101.19195356322749
852.646545	119.02047094370182
852.764343	132.7807286114485
852.88208	130.93595279347835
852.999939	117.0640577894278
853.117676	96.93344163719252
853.235535	76.47269864775028
853.353271	62.48484198958399
853.471069	55.385449620562184
853.588928	49.250290914830316
853.706604	45.18325438531968
853.824402	40.67135625592185
853.9422	35.65614758657459
854.059998	37.33459599803433
854.177734	36.86254765709344
854.295532	42.54301839615918
854.413269	47.48423424178395
854.531006	53.29658090547923
854.648804	52.60126759793963
854.766541	48.03247970035687
854.884277	36.579405015961555
855.002014	29.863233679347577
855.119751	22.399119112994285
855.237549	18.732507447241986
855.355225	19.285466512682174
855.473022	19.80907368418269
855.590698	24.40287821951369
855.708435	23.824459490042525
855.826172	19.37035010146211
855.943848	18.984245605202926
856.061646	19.620709807043397
856.179321	21.048111420321987
856.296997	21.963410379919047
856.414795	24.546256477333344
856.53241	33.32478096408325
856.650085	36.978628545359044
856.767822	44.85627321215073
856.885559	52.700127583497284
857.003174	62.32620149004782
857.120911	68.83620835449763
857.238586	66.63922436589039
857.356201	64.41923589287283
857.473938	55.280121512158246
857.591614	48.550860130293174
857.709351	43.257421451672116
857.826965	38.53182226444477
857.944641	43.20088095016042
858.062317	44.24510397041784
858.179993	46.471835729266004
858.297668	47.816129954536834
858.415283	51.890511216703146
858.532959	56.86379246089024
858.650574	53.92860430595902
858.768188	53.411765769664854
858.885803	54.24183832181906
859.003479	51.37983432235768
859.121094	50.165562279274624
859.23877	47.17476369542373
859.356384	46.186626569838324
859.473999	39.21194887569124
859.591675	27.96933191649626
859.709229	21.75527839369043
859.826843	19.92907855369227
859.944458	23.659549007618175
860.062012	19.75401836426331
860.179626	15.307711928046386
860.297302	11.617125664164375
860.414856	6.2385238909498675
860.532471	1.8277304267255268
860.650024	5.581703120355069
860.767639	11.249352834170661
860.885193	16.423767777003924
861.002808	14.890654606974739
861.120361	20.305846012088956
861.237976	20.671516531445754
861.35553	20.5287855984881
861.473022	22.63955020834166
861.590698	29.350134055605697
861.708191	32.292564727530944
861.825745	28.148664766783753
861.943298	30.329683243753657
862.060852	33.29664932829539
862.178406	23.709743681338704
862.295959	19.5516343472966
862.413513	14.443532817467048
862.531006	10.881109262090298
862.64856	10.656560548962094
862.766113	6.65949730936109
862.883667	13.119349513887528
863.00116	17.092385653126392
863.118713	21.38595889815722
863.236206	25.476259106278498
863.353699	35.172794765084944
863.471252	43.369512665850216
863.588745	58.01444285201607
863.706177	76.63356728181361
863.82373	99.5926780649309
863.941162	108.27487249277192
864.058716	113.39660764652785
864.176208	106.07042752464093
864.29364	95.38504914743133
864.411194	68.93571239442815
864.528687	45.46697502031417
864.646118	29.210437542795304
864.763611	17.475611838760127
864.881042	5.660740746239069
864.998535	1.8220931124885746
865.116028	4.083038262744576
865.233459	4.294189139694174
865.350891	-0.11371092575512032
865.468384	-1.0822525606871458
865.585754	0.9946280110516883
865.703308	4.68184877955218
865.820679	8.200186022475513
865.938171	10.39595613865552
866.055542	12.132788465089504
866.173035	8.44098192188821
866.290466	5.508858147654469
866.407837	4.494400309518227
866.52533	2.837023642837131
866.6427	5.88519791659054
866.760071	5.8553795444953085
866.877563	4.496491006671096
866.994934	5.189474300735519
867.112305	1.5252563510438608
867.229736	4.999507893664031
867.347107	8.90876712197906
867.464539	9.869924508139583
867.58197	12.592944518916617
867.699341	12.2250189345288
867.81665	13.186075313127397
867.934082	14.811616226003128
868.051453	10.480445621560019
868.168823	11.47829196844215
868.286194	9.781352639146668
868.403564	10.489197990954365
868.520935	11.6667780906917
868.638306	15.6625753072194
868.755676	23.110810604851437
868.872986	26.99417374365709
868.990295	28.99665114653677
869.107727	30.280595786795267
869.225037	30.384976118332972
869.342346	28.197243688347466
869.459717	25.187103807285276
869.577026	27.144601527429053
869.694336	28.91391198685184
869.811707	34.921440588976374
869.929016	42.104420549817235
870.046326	50.49100254136873
870.163635	59.884221195532874
870.280945	57.113074498608725
870.398254	55.52174181857251
870.515564	58.32017367304903
870.632812	54.49322328635067
870.750183	56.878559925129224
870.867432	63.18613651673222
870.984741	74.8250483331414
871.102051	88.63080248633867
871.219299	97.62502343312866
871.336609	109.03067273967898
871.453918	116.71787065607973
871.571106	114.50262238107504
871.688416	112.33515867566703
871.805664	108.03581420345049
871.922852	109.85566992241732
872.040222	112.09991958466006
872.157471	112.96117268354115
872.274719	114.5043754139349
872.391968	113.57582321989125
872.509155	109.72961867530783
872.626465	104.48740681789101
872.743652	94.39461413566977
872.860962	91.4750478943098
872.978149	88.00141918392882
873.095337	84.7442529894177
873.212646	81.95679683556614
873.329834	82.34031717244783
873.44696	78.17836139030823
873.564209	73.12026067070784
873.681396	67.39758316017618
873.798645	66.60122700347748
873.915894	67.8653723207506
874.03302	72.41291833235564
874.150208	78.24818939601576
874.267456	89.29755524705627
874.384583	97.34021889243255
874.501831	107.00386875781227
874.618958	112.66941250974602
874.736145	119.23076555426888
874.853333	119.75501105816693
874.970459	119.90227554137249
875.087646	114.54700318124576
875.204834	108.36014470504179
875.32196	101.88495832658009
875.439148	94.34867963495319
875.556274	86.72529921988432
875.673401	83.77452364319407
875.790527	80.20410940464461
875.907715	80.99019991300597
876.024841	74.41632186375155
876.141968	70.67073364461714
876.259094	70.75339305285488
876.376282	72.10797976775405
876.493347	71.4097835619359
876.610474	71.7150381644309
876.7276	72.22499375683866
876.844727	70.70799514559951
876.961853	67.44107479152721
877.078918	63.58434634229454
877.195984	60.40616213912856
877.313171	57.89781615797543
877.430237	52.70428274474574
877.547302	52.464040707497134
877.664368	49.65756234456047
877.781433	48.52289211577278
877.898499	46.01669319218748
878.015625	44.42679563841643
878.13269	41.61461896366599
878.249695	38.77708284109943
878.366821	36.621921644616975
878.483887	42.95643228026129
878.600952	41.47322282898163
878.717957	45.04019678198971
878.834961	44.98630167680421
878.952087	44.733566907901064
879.069092	37.896660705607424
879.186157	30.878124807460303
879.303162	26.18006063263599
879.420227	24.313226945209315
879.537231	18.38148642061457
879.654236	15.196451711932845
879.77124	14.69098024351806
879.888306	9.652889179894213
880.005249	5.640569540034241
880.122314	4.3076434547067475
880.239319	7.234132939981425
880.356323	5.344221984210387
880.473328	5.0058395831796005
880.590271	4.402897089213219
880.707275	8.652227191699673
880.824341	6.749446922737395
880.941284	5.768100541092166
881.058228	3.833674443172155
881.175232	3.145242215753945
881.292236	0.6637929584083646
881.40918	-3.7037773468581707
881.526123	-4.44020886204157
881.643066	-3.963294820650044
881.760071	-6.8488347755647645
881.877014	-9.73755205520071
881.993958	-9.345928023550544
882.11084	-7.877445399922985
882.227783	-3.1632857485071613
882.344727	-2.2294031192787798
882.46167	0.904707258910213
882.578613	2.5550730264463444
882.695618	3.7303587443016673
882.812439	3.227107597917486
882.929382	3.2336459276540723
883.046326	5.252145846896864
883.163208	3.618114279824086
883.280151	-0.858910007626319
883.397034	-0.8694007230449374
883.513916	0.8615419746855371
883.630798	7.379399465686715
883.747742	13.002371430324926
883.864563	18.446928318473198
883.981506	28.334316815214976
884.098389	29.450273284801312
884.21521	31.69524932112546
884.332153	38.23811479067726
884.448975	48.00528318022346
884.565796	63.58771296860858
884.682678	86.030878704408
884.7995	113.84777916179183
884.916443	149.87395365721866
885.033264	189.02066612408035
885.150085	227.010882808717
885.266968	258.9441916560064
885.383789	287.463455444613
885.500671	306.9171977706851
885.617493	308.26211529513
885.734314	299.2709389841414
885.851196	289.70126700267645
885.967896	280.6678081203852
886.084717	272.24632758436354
886.201599	261.51258044108965
886.318359	260.1267242202061
886.435181	253.95673939683536
886.552002	236.54370737513548
886.668762	223.84000557164444
886.785645	215.83263407425915
886.902344	208.03672480606915
887.019165	199.092941263439
887.135925	188.95365043595874
887.252747	183.91102805389056
887.369446	171.27674898826274
887.486267	158.09622592034356
887.603027	147.75903719525655
887.719788	138.5075793260806
887.836548	124.98035709938618
887.953247	107.72926447294503
888.070068	96.16120569585055
888.186829	82.26098563903727
888.303528	66.1735830018706
888.420288	53.851346145953926
888.536987	44.454393370721554
888.653687	38.50868379207246
888.770447	28.704652280495836
888.887146	24.37990159845026
889.003967	20.91535745078514
889.120667	18.371567157857953
889.237305	12.272303045158038
889.354065	7.323153999882858
889.470703	-0.38718402393090123
889.587463	-3.183410590772602
889.704163	-9.831805920424673
889.820862	-6.492590270395663
889.937561	-7.0185747775124625
890.054199	-0.8794828842530831
890.170837	2.846761962582497
890.287598	6.019481828640707
890.404236	5.846463544966095
890.520874	12.102602147785746
890.637634	18.727299055771965
890.754211	26.76384302079851
890.87085	36.326981985399826
890.987549	48.88423760735442
891.104187	64.26894651883286
891.220886	72.86641020082538
891.337463	84.55107516046343
891.454102	95.4852947584651
891.57074	104.02621637150955
891.687378	105.13487090627136
891.804077	104.94330704085108
891.920654	101.7675258955067
892.037231	98.50147141552169
892.15387	94.35943268218347
892.270447	92.1595865471755
892.387085	86.56860098352155
892.503723	78.72932906429442
892.6203	68.47075393194577
892.736877	57.34483217540007
892.853516	50.51604459714288
892.970032	45.90430292837593
893.08667	37.32778534102778
893.203186	32.950979346255934
893.319763	26.07908359809862
893.43634	17.341952036290074
893.552917	13.248225463325417
893.669556	8.442933560299577
893.786011	9.620861228106026
893.902588	11.662949816636358
894.019165	10.357088844110836
894.135681	14.105857145176241
894.252197	13.264243357351473
894.368835	14.927460596729421
894.485291	14.067372493406692
894.601868	13.339808056815743
894.718384	15.725282953707515
894.8349	16.0203240918934
894.951355	18.123210024961786
895.067932	11.536076133310223
895.184448	3.8887948127131344
895.300964	2.895644711789528
895.417419	-0.7594030649358232
895.533936	4.016720281665915
895.650452	4.918831063039706
895.766907	9.262946816618708
895.883423	12.096704277708469
895.999878	5.467725539692818
896.116333	0.1898774386268003
896.232849	3.4103610443056604
896.349304	4.202780363313217
896.465759	7.378847022764033
896.582214	6.468892918462499
896.698669	9.182886357284044
896.815125	8.488405774264521
896.931641	7.7620811431625025
897.048035	8.540735170462206
897.164551	9.270281394117301
897.280884	5.227807168727486
897.397339	5.222844627841495
897.513794	6.365834232578712
897.630249	2.609161097010727
897.746582	2.7234317255688825
897.863098	4.578796677085487
897.979431	10.272684415365635
898.095886	12.142802967154992
898.212341	13.747626515880498
898.328674	18.463789873749274
898.445129	28.35197426933871
898.561462	25.477133509008105
898.677795	23.873937393170472
898.794312	22.107375978151854
898.910645	23.20777220205654
899.026978	21.831023247986273
899.143433	23.42087879829303
899.259766	25.836665538500753
899.37616	32.46589098632965
899.492493	30.063995833895305
899.608765	28.52062932115613
899.725159	26.234109883101702
899.841553	24.741250535316073
899.957947	22.314833453119757
900.07428	25.078250700783954
900.190552	28.375682054495833
900.306946	28.317572626239446
900.423157	27.579279203116002
900.53949	28.208462695977076
900.655884	24.564470203084667
900.772156	24.5455833046852
900.888489	24.75358284836697
901.004822	26.355159678686555
901.121033	30.69882257448222
901.237366	30.737012464460015
901.353699	32.28792568029428
901.46991	35.721726499536054
901.586304	37.46703192231142
901.702515	43.48056213049013
901.818787	52.240712320881784
901.93512	62.26267238536053
902.051331	74.75207866958327
902.167603	86.91461906108219
902.283875	97.31524013060442
902.400085	106.15742997801927
902.516418	117.93040467160155
902.632629	129.94803843450183
902.74884	142.32940188848858
902.865112	152.3818875311744
902.981384	159.8349351684799
903.097595	173.96347687687924
903.213867	170.0662263379607
903.330017	164.50898766683804
903.446289	159.90651139484555
903.5625	152.01638044502405
903.67865	145.83861464351338
903.794922	137.6308006599254
903.911072	137.81068669899224
904.027344	135.4215851865402
904.143494	118.43102909453063
904.259705	103.95589343897713
904.375916	92.78840709487241
904.492065	84.69912382838574
904.608215	76.06251555572379
904.724426	69.41103889804967
904.840576	70.81180894966676
904.956726	62.7345144073045
905.072876	54.35881131368613
905.189087	49.249630694579004
905.305176	44.67537772263816
905.421387	39.46720714079305
905.537537	33.73550842703757
905.653687	31.616634524001135
905.769775	31.127907846481747
905.885925	30.496591094842927
906.002014	29.493250961199266
906.118164	28.79753035001535
906.234314	22.66700825393965
906.350403	17.22721510058861
906.466492	15.891558735929493
906.582642	17.22713792889495
906.69873	18.840002161795567
906.814758	20.970417307440698
906.930908	21.285039868421066
907.046936	20.506805966627205
907.163086	18.627061311964816
907.279175	16.236700638708523
907.395264	9.941762925598116
907.511353	12.657841063924598
907.62738	10.356775892296312
907.743408	8.82427799609327
907.859497	7.954292188726981
907.975525	9.244646839981385
908.091553	9.329536708339782
908.207703	8.557436078336236
908.32373	9.456477020139875
908.439758	14.156532614206467
908.555786	14.107817907779923
908.671814	19.080873151738064
908.787842	19.404725180988507
908.90387	24.291491104997725
909.019775	25.098307802387914
909.135864	26.582743311463695
909.251892	26.831378508290875
909.367859	25.852874531245924
909.483826	23.699175042599254
909.599854	24.58670935951232
909.715881	20.920248785098465
909.831848	20.788529896084192
909.947815	17.734839893326683
910.063782	17.27865322001436
910.179749	16.329053079216415
910.295776	16.639285464418748
910.411743	15.319734653868242
910.527649	20.405019577600363
910.643616	20.548818261370435
910.759583	23.281424509567238
910.875488	24.163439343169095
910.991455	25.952444734322548
911.107361	28.96444201960002
911.223267	21.610679085572922
911.339294	16.74180555938526
911.4552	13.805860432217475
911.571106	7.289846044997237
911.687073	9.007604675643092
911.802979	11.508911016737123
911.918823	16.23967544063997
912.034729	20.66092166334662
912.150635	21.032392082667855
912.266602	19.43850213863722
912.382446	15.14331910353149
912.498352	14.036011932870164
912.614197	13.099701283712124
912.730103	12.334387156057376
912.846008	11.740069549905924
828.077942	19.436332566681283
828.196289	21.190678516712318
828.314636	22.310824140466327
828.433105	22.796769437943304
828.551514	22.648514409143228
828.669861	23.62126321685421
828.78833	22.11564721510588
828.906677	19.592697959134803
829.025085	17.457198774362986
829.143433	12.481869253488654
829.261841	12.30738657654264
829.38031	15.875324179689247
829.498657	21.02333008164625
829.617004	24.40075194107927
829.735413	27.617976310316173
829.85376	27.843833662178817
829.972107	23.991750199802034
830.090515	12.45565382533674
830.208862	10.040730314891201
830.327209	7.322747317049879
830.445557	7.394769630293853
830.563904	11.97107718040559
830.682312	17.910980625800736
830.800659	25.50451632905675
830.919006	35.38155015894512
831.037354	41.73255936898464
831.155701	51.24583308398665
831.274048	55.12917965862294
831.392395	54.71591896757456
831.51062	51.8502044987328
831.629028	44.34588616252609
831.747314	36.56876400888912
831.865662	32.10757401875625
831.984009	25.486115290057587
832.102356	24.39917351090253
832.220642	27.65412021410612
832.338928	33.0279944677123
832.457275	33.56623479482509
832.575623	33.14762721077892
832.693909	32.58169614416334
832.812134	35.29266819858484
832.930481	30.774036448369245
833.048828	26.891596868162125
833.167114	24.824996486340314
833.2854	24.559069306953308
833.403687	20.689032800086153
833.521973	15.99627303005968
833.640259	15.998094971187278
833.758545	23.81568792266798
833.876831	24.35381241549458
833.995056	22.75531557583625
834.113281	21.77127185775256
834.231628	22.360540347056848
834.349915	23.24388044864611
834.468201	18.68753031567293
834.586426	21.65465980391564
834.704651	22.12361175110795
834.822998	23.198275845536266
834.941162	20.969550413557773
835.059448	24.692844032230667
835.177673	27.55860363168769
835.295959	26.709665561799888
835.414246	19.91227004335674
835.53241	18.101450485050925
835.650635	11.370273314786846
835.768921	9.385385099079576
835.887146	7.63162579853133
836.005371	10.513747575706113
836.123596	8.111810563291002
836.241821	5.90415585807623
836.360046	-0.925237948554456
836.478271	-5.112322178961392
836.596497	-6.293478385090978
836.714722	-6.408090219749543
836.832886	-2.6899253595404855
836.95105	-2.3467588264238186
837.069336	-3.605849082815892
837.1875	-2.016965359842092
837.305725	-1.8095046535529207
837.423889	1.4472867326223688
837.542053	7.83568386590616
837.660339	9.44447605662511
837.778503	12.899230342572672
837.896667	12.373145196841286
838.014832	13.190936210171557
838.132996	13.441369421855551
838.25116	11.635325322380297
838.369385	14.415692946676105
838.487488	15.310635437011197
838.605713	12.266086589189634
838.723877	13.890298535516461
838.84198	15.421402175245646
838.960205	11.140827026303551
839.078308	11.756389603738622
839.196472	9.731342589087475
839.314636	14.292986364835638
839.4328	17.07771715167879
839.550964	22.43624107405957
839.669067	32.46166143675141
839.787231	39.07393429452232
839.905396	39.870513865376736
840.023499	44.48131322098938
840.141602	47.7029102486151
840.259766	49.61976395130101
840.377869	46.43754774900405
840.495972	43.37059126461702
840.614136	40.53148449431923
840.732239	41.64970293564861
840.850342	44.47421091459414
840.968445	47.8838295311234
841.086548	48.8396462348341
841.204651	53.72698302678802
841.322754	57.62811672484517
841.440918	58.93703634769066
841.55896	63.31827422733858
841.677002	65.28702294409459
841.795166	67.70911362906415
841.913208	68.73177352888032
842.031311	65.39833165680781
842.149353	62.0313297240744
842.267456	57.42516431822731
842.385498	53.722743850223026
842.503601	46.44789949009915
842.621643	36.895036128240974
842.739746	35.93864477064095
842.857788	40.124214498063594
842.97583	43.839212434483855
843.093933	45.80013405804544
843.211975	50.9680313327421
843.330017	54.48363981218491
843.44812	48.333998778399135
843.566101	44.40657247506648
843.684204	46.1862446885024
843.802246	46.81590002502561
843.920227	46.23062025463355
844.038269	44.49971618132928
844.156311	41.07774454291389
844.274292	36.48637862786214
844.392395	32.17370695456344
844.510376	31.550999089962836
844.628357	37.28278251952751
844.74646	37.78466521191545
844.864441	36.91813204217712
844.982422	28.393179951238857
845.100403	21.963076673183124
845.218384	15.240393848636543
845.336426	8.87668136612701
845.454468	5.975846808098719
845.572449	8.793331304592638
845.69043	10.147327607709233
845.808411	12.109281076420697
845.926453	13.44329936000064
846.044373	18.703512776672998
846.162354	22.682150984254562
846.280396	24.69741008556124
846.398315	23.49390159727973
846.516296	26.034862994750192
846.634216	29.11250679975865
846.752197	30.89785480621012
846.870178	30.01648268571558
846.988098	35.90129869051805
847.106079	43.81206225321535
847.22406	45.49338088678613
847.34198	40.982069458295555
847.4599	36.652616204550256
847.577881	32.65004544820653
847.695801	27.158356840199183
847.813782	20.41135495387978
847.931641	22.279172571535305
848.049561	28.103812600342927
848.167603	29.666693317761123
848.285461	27.46565666176821
848.403381	26.180372490125585
848.521362	26.196127924898775
848.639221	32.18176977656553
848.75708	36.178466561174595
848.875	37.64725182144166
848.99292	46.78944584435807
849.110901	49.17000067897081
849.22876	48.97507246703853
849.34668	49.4449263867584
849.464539	47.651001899304205
849.582458	47.1669111878505
849.700317	45.93639437681067
849.818176	41.232190826721094
849.936096	44.39629611407861
850.053955	41.39841974504924
850.171875	38.885762589194975
850.289673	39.128891770924355
850.407593	38.201409662151676
850.525452	37.93665442099112
850.643311	42.603037472893135
850.761169	40.64646458688517
850.878967	38.32666487219806
850.996887	30.295172291338268
851.114746	23.331215884584566
851.232544	18.34821340225091
851.350403	18.69250413839537
851.468262	21.864079571559103
851.58606	28.761229714137215
851.703979	27.834172078498455
851.821777	25.104545066888313
851.939636	23.53556689844848
852.057434	23.880488664651537
852.175232	27.17826538611654
852.293091	40.63021956543684
852.410889	58.734184264592024
852.528687	76.81916224532009
852.646545	90.41330136816447
852.764343	93.60966490945955
852.88208	95.7480989015797
852.999939	85.97794303604043
853.117676	73.35547131094529
853.235535	60.893691104877746
853.353271	50.192150101827295
853.471069	41.24001720801509
853.588928	37.502670184883286
853.706604	34.43031603082384
853.824402	34.074904291279736
853.9422	31.97322248557222
854.059998	28.891500733831556
854.177734	25.195540379745566
854.295532	26.270606889342083
854.413269	29.179470411758523
854.531006	34.67537263212729
854.648804	37.82108021651315
854.766541	41.545150040504154
854.884277	41.503435921823666
855.002014	38.65046074109863
855.119751	37.06198334487384
855.237549	38.97392532955271
855.355225	35.842985689317175
855.473022	35.80985111518979
855.590698	29.84203499387545
855.708435	31.039106639694545
855.826172	31.773354780667823
855.943848	33.451676905853354
856.061646	35.19963084241941
856.179321	37.23796446180475
856.296997	38.32640631159033
856.414795	40.83075125745323
856.53241	41.21419321037761
856.650085	48.13689391762858
856.767822	56.55338545891783
856.885559	59.13897825726304
857.003174	62.18370537144654
857.120911	60.35637698098171
857.238586	60.69810109809048
857.356201	59.00541547991557
857.473938	54.89951205583926
857.591614	53.21802513055717
857.709351	47.870038684877485
857.826965	46.82306468907261
857.944641	47.11171103298261
858.062317	41.59743377674484
858.179993	40.52913294444442
858.297668	42.324543451551534
858.415283	38.55722609395907
858.532959	41.76179200189008
858.650574	43.31052292648849
858.768188	49.65361211253549
858.885803	53.06161008166354
859.003479	54.10375204944472
859.121094	51.47482263806386
859.23877	47.94753077931746
859.356384	40.4633998534567
859.473999	40.825433337014914
859.591675	35.9600225096834
859.709229	32.19829985978212
859.826843	30.41037581689651
859.944458	30.026969321961857
860.062012	28.703891295358844
860.179626	27.690046151570392
860.297302	26.790585860031133
860.414856	28.76523199422717
860.532471	27.830403043720864
860.650024	26.795593576222625
860.767639	27.543890645207746
860.885193	21.22679704268846
861.002808	22.311809099090365
861.120361	23.41793646503843
861.237976	28.973734031242667
861.35553	29.327653932588767
861.473022	29.871436605134146
861.590698	31.975188490361017
861.708191	33.312035867400695
861.825745	26.35814669779669
861.943298	23.782318923824395
862.060852	19.920013722012932
862.178406	19.147835167431392
862.295959	10.418121605645304
862.413513	1.3044382712534952
862.531006	2.315414999105782
862.64856	-2.181019481389402
862.766113	-1.8385690428437833
862.883667	-1.7286896074395215
863.00116	1.4776006077579265
863.118713	6.353881234802561
863.236206	11.166384012471653
863.353699	17.835009448791993
863.471252	31.27535406187932
863.588745	44.03502086891751
863.706177	56.6031997930575
863.82373	68.2872460270566
863.941162	72.6564088902805
864.058716	72.10463979627858
864.176208	64.2856137956719
864.29364	55.20363824833793
864.411194	43.93231435398148
864.528687	34.614475009188354
864.646118	21.929779673385486
864.763611	14.852249490158103
864.881042	9.148099840503393
864.998535	6.648498547804935
865.116028	5.686779211930139
865.233459	6.996678909551164
865.350891	8.402887368264274
865.468384	4.604512442668271
865.585754	5.7400885947785145
865.703308	5.454620997494304
865.820679	4.45589707583998
865.938171	4.393260273903574
866.055542	3.5675670784319036
866.173035	1.2472112814454732
866.290466	0.6205175676137196
866.407837	-0.03980624921659892
866.52533	6.060641270633548
866.6427	7.445663954406651
866.760071	10.333892310495798
866.877563	15.54352269153738
866.994934	16.836458858935174
867.112305	13.916189904827014
867.229736	13.89094746727164
867.347107	12.743421878499179
867.464539	11.265831275552554
867.58197	9.763379538169925
867.699341	7.130011853344101
867.81665	7.268339266707697
867.934082	7.942435107140363
868.051453	8.650150988480895
868.168823	13.93046370940542
868.286194	14.010655772943519
868.403564	16.206751783272196
868.520935	15.665957726606754
868.638306	13.422908242680862
868.755676	13.687586459154197
868.872986	16.998963802357814
868.990295	22.008563866941635
869.107727	26.558398110033387
869.225037	28.505621677766143
869.342346	31.926002716922614
869.459717	33.02085319961864
869.577026	35.1538161445106
869.694336	37.25348708853085
869.811707	42.484371407549844
869.929016	45.70794939278213
870.046326	51.088739927914574
870.163635	50.91895967332131
870.280945	50.17263279364067
870.398254	48.639830725706645
870.515564	48.04566019467008
870.632812	54.53298784404508
870.750183	59.01308087801419
870.867432	65.11581050737745
870.984741	75.40395649998943
871.102051	78.13943771713528
871.219299	81.66206525090853
871.336609	87.47619087088282
871.453918	89.92163687849587
871.571106	96.06116701644083
871.688416	96.5354938013543
871.805664	98.60002258146878
871.922852	99.93224714875247
872.040222	98.11658803644582
872.157471	99.47985997327173
872.274719	98.47879028687362
872.391968	93.75405309148084
872.509155	96.03075316804959
872.626465	94.79807475609891
872.743652	96.35902697250225
872.860962	93.8001946138575
872.978149	88.6107459352497
873.095337	84.21272799835032
873.212646	73.73385412157998
873.329834	68.16544096954286
873.44696	67.60922475738293
873.564209	65.69722779781029
873.681396	65.76925059973695
873.798645	67.47247569259173
873.915894	67.29606889616281
874.03302	64.89583719966974
874.150208	62.34104736742357
874.267456	62.7052626987596
874.384583	68.59236910120418
874.501831	71.0110152231963
874.618958	75.36809088655815
874.736145	84.85838578741664
874.853333	86.51868892449443
874.970459	82.94203645658796
875.087646	81.55699465349682
875.204834	81.09513021101117
875.32196	81.61269859376638
875.439148	78.25902382341167
875.556274	77.75702495178922
875.673401	76.67161422001215
875.790527	71.29064567170957
875.907715	69.23313089331775
876.024841	65.57481549646147
876.141968	65.2550513614728
876.259094	60.86688120860603
876.376282	59.644039391278774
876.493347	58.380874784109636
876.610474	56.479953070038164
876.7276	57.274570800575795
876.844727	56.126158265464355
876.961853	49.926478579968276
877.078918	50.00015974181326
877.195984	50.4272547646117
877.313171	54.22937315115185
877.430237	56.86319015536085
877.547302	58.71611496722667
877.664368	60.246987454858456
877.781433	57.122436035567056
877.898499	52.985283489560715
878.015625	45.616878711969974
878.13269	46.8353634360372
878.249695	44.60390335658432
878.366821	42.32721474769838
878.483887	40.706546054310024
878.600952	38.69425770500395
878.717957	39.327096470216595
878.834961	39.390731982359576
878.952087	34.93058245459957
879.069092	36.966090273295706
879.186157	35.14223376770937
879.303162	30.707879962376147
879.420227	23.282025045560964
879.537231	18.180665175505847
879.654236	12.990317061181777
879.77124	12.297530158324271
879.888306	13.305718383674218
880.005249	15.170687615412731
880.122314	17.911872780481897
880.239319	15.866883078359308
880.356323	7.001038506784816
880.473328	4.996130001013481
880.590271	-1.063487888597093
880.707275	-0.9029605605144377
880.824341	-0.7322814609118451
880.941284	6.593544606462874
881.058228	9.548514512872007
881.175232	9.736489500970947
881.292236	5.415020371518516
881.40918	7.423927094364745
881.526123	5.1268149228083875
881.643066	6.032321944430027
881.760071	5.895840093353475
881.877014	14.47926375447279
881.993958	12.33885308926299
882.11084	9.556842854019969
882.227783	10.353993588244405
882.344727	4.591784618985798
882.46167	0.4931275533717281
882.578613	-4.229864575026447
882.695618	-6.382395573122809
882.812439	0.5701647897228463
882.929382	4.047744671934746
883.046326	7.290617518439792
883.163208	10.502266961478025
883.280151	5.3082652126385055
883.397034	6.031140863674684
883.513916	4.4587948072254235
883.630798	8.552303461724948
883.747742	16.20346715977674
883.864563	22.152570517895743
883.981506	29.92778889528973
884.098389	30.71312799860621
884.21521	31.68826252258207
884.332153	37.859726980363625
884.448975	45.407183921028135
884.565796	58.94323915791249
884.682678	74.14323970829
884.7995	93.55914777056378
884.916443	121.39663503547033
885.033264	142.93493351140137
885.150085	167.8991769386697
885.266968	193.22878355464567
885.383789	212.44540806056517
885.500671	231.00580386173954
885.617493	235.57230077582216
885.734314	235.58213814374088
885.851196	232.269111543774
885.967896	224.3604914321442
886.084717	214.33897761121418
886.201599	207.1136671722091
886.318359	200.24732433785618
886.435181	193.5386753484899
886.552002	181.8902839030102
886.668762	176.59220079306846
886.785645	170.01239007149985
886.902344	167.03396108582382
887.019165	164.31490586438815
887.135925	162.8876909015646
887.252747	156.4990506546365
887.369446	147.0818856489795
887.486267	136.97599466748952
887.603027	129.07962811315252
887.719788	120.53562965988704
887.836548	112.08425014319624
887.953247	106.56094793132183
888.070068	94.19298834958512
888.186829	81.8309919022863
888.303528	63.788783244869194
888.420288	49.53820604996518
888.536987	39.033765726776416
888.653687	32.05035399864663
888.770447	21.105260475637873
888.887146	14.709262231416952
889.003967	7.580962082049552
889.120667	4.9086294044999015
889.237305	0.5169210176757384
889.354065	-1.8712355338492475
889.470703	-3.0848705016904945
889.587463	-1.8534212918254651
889.704163	-3.194227885174682
889.820862	-1.4146775757211965
889.937561	0.7623034907090998
890.054199	-1.5615694407871503
890.170837	2.957863079930374
890.287598	0.5846879711859698
890.404236	2.383835063101311
890.520874	7.16266911690586
890.637634	8.535920129643795
890.754211	14.11398315344059
890.87085	19.502956450757626
890.987549	24.382491944162865
891.104187	33.48420306300238
891.220886	41.27998001877117
891.337463	47.54254666864108
891.454102	54.41694962365071
891.57074	57.080692218547185
891.687378	60.76754268113757
891.804077	66.71562081344342
891.920654	70.34050579682369
892.037231	70.17901006322991
892.15387	73.1445685511651
892.270447	73.24801074625982
892.387085	69.86380898278571
892.503723	65.039590581149
892.6203	56.07837716744675
892.736877	48.52780897279098
892.853516	37.61298563071283
892.970032	26.13045510764662
893.08667	22.058581723333468
893.203186	19.98177993014913
893.319763	18.148984775900857
893.43634	16.949803415937485
893.552917	14.39938233061146
893.669556	13.989082778828948
893.786011	13.050063667709683
893.902588	12.378860444136244
894.019165	13.070731331416713
894.135681	12.81614364335605
894.252197	13.470095643138446
894.368835	11.145126067518168
894.485291	9.00358431292035
894.601868	9.12988042189415
894.718384	8.201509427038706
894.8349	8.116739548874726
894.951355	6.981651334998095
895.067932	6.677177909845305
895.184448	6.478224862668098
895.300964	3.6250554172449694
895.417419	4.725890204023326
895.533936	3.291550327574631
895.650452	0.9519160552763872
895.766907	0.15720139539625633
895.883423	1.0654297664298151
895.999878	1.1398067072159233
896.116333	4.696366492051029
896.232849	5.248113929416241
896.349304	8.734454350940698
896.465759	8.977919352740667
896.582214	11.417925360992138
896.698669	14.374822212091415
896.815125	17.370291470246244
896.931641	16.159741575395806
897.048035	16.76916376563736
897.164551	13.081691974612985
897.280884	11.03241356567521
897.397339	7.917864669627577
897.513794	9.316008276646166
897.630249	11.174889284740948
897.746582	11.656877295298457
897.863098	11.816091867220297
897.979431	10.31055131946293
898.095886	10.867555350657346
898.212341	11.997938552000136
898.328674	9.493897535882365
898.445129	15.260245262248112
898.561462	15.435504044154015
898.677795	17.989385074521334
898.794312	21.147028075898543
898.910645	18.501502969727646
899.026978	15.537687498447358
899.143433	16.454718658875045
899.259766	16.40410685089233
899.37616	19.396712063079974
899.492493	17.932539622141753
899.608765	22.180435645662335
899.725159	22.735664485320637
899.841553	20.212937517744166
899.957947	15.014883366229487
900.07428	18.446688640255225
900.190552	19.294067993956
900.306946	19.693417067994787
900.423157	19.043012965937933
900.53949	21.3407097286166
900.655884	25.043233816821335
900.772156	25.975250571009006
900.888489	21.606483035749374
901.004822	20.958577225296764
901.121033	23.07698846164981
901.237366	24.732316391853345
901.353699	26.065245146467994
901.46991	30.32253941609069
901.586304	37.48257684928069
901.702515	42.63192491041945
901.818787	45.95241915226592
901.93512	49.56745173589183
902.051331	57.19778774596148
902.167603	66.8564517281745
902.283875	75.42438509564631
902.400085	85.41674198686718
902.516418	95.52401511725205
902.632629	105.92369322683615
902.74884	115.56599414586861
902.865112	118.920626651855
902.981384	118.77328649218192
903.097595	124.75819232243202
903.213867	122.9446002251735
903.330017	122.89093513063014
903.446289	123.95002340191694
903.5625	124.91839001090119
903.67865	124.75491061202742
903.794922	123.08944788761198
903.911072	119.2596453135476
904.027344	114.64213064565479
904.143494	105.74121557486345
904.259705	97.29713413053065
904.375916	89.35750895992587
904.492065	75.95478117457657
904.608215	63.37898972403666
904.724426	58.21885099095249
904.840576	56.00250186270824
904.956726	54.05459233497544
905.072876	55.574242062014655
905.189087	54.34497996706408
905.305176	55.241254995540736
905.421387	40.86693227884871
905.537537	29.88000190708647
905.653687	22.628920549227352
905.769775	17.760865987407172
905.885925	14.403522867030441
906.002014	14.66294895544233
906.118164	20.17982323607336
906.234314	23.31994976071753
906.350403	18.06600262842494
906.466492	14.911475751770118
906.582642	14.927796728582454
906.69873	17.456946091151025
906.814758	12.503259837489553
906.930908	12.410884041075892
907.046936	14.402756289136065
907.163086	11.121740906701744
907.279175	12.792937572133155
907.395264	10.654428481789642
907.511353	13.617488671548777
907.62738	18.42453463946545
907.743408	14.90890990773103
907.859497	13.706995915814824
907.975525	14.123991620763258
908.091553	15.188041028699717
908.207703	18.003038043468123
908.32373	21.20318238672879
908.439758	20.574197420457423
908.555786	17.347688892280438
908.671814	12.898099168570639
908.787842	10.586929101876901
908.90387	12.115480538423583
909.019775	16.133106250246136
909.135864	20.401712203522308
909.251892	25.293603079201954
909.367859	25.243856704680113
909.483826	21.274123217466204
909.599854	21.73936958488194
909.715881	21.988099589646428
909.831848	21.870964134747037
909.947815	20.54814309160151
910.063782	20.400592307722974
910.179749	18.592815756311545
910.295776	20.75469229097674
910.411743	18.364581018793587
910.527649	24.344556176952302
910.643616	22.17298050514423
910.759583	20.642061919528167
910.875488	20.771285233580585
910.991455	18.573653034876436
911.107361	16.882492071242797
911.223267	18.115553203471148
911.339294	17.255530902748365
911.4552	21.447443688542485
911.571106	16.14367053547125
911.687073	17.251134303244697
911.802979	16.425675439053776
911.918823	14.840480505456949
912.034729	15.437094954868616
912.150635	16.111626675714128
912.266602	17.87706506654993
912.382446	19.519125230616858
912.498352	18.155770475469133
912.614197	15.2512860016813
912.730103	10.805671809253369
912.846008	4.818927898185342
828.077942	19.89762661955922
828.196289	19.899612673209948
828.314636	19.85073185704089
828.433105	19.75098417105205
828.551514	19.60036961524341
828.669861	18.160585717576666
828.78833	20.463216404910348
828.906677	23.326436227029753
829.025085	23.196154204412508
829.143433	22.9663021675616
829.261841	21.64985172800519
829.38031	26.378852466742487
829.498657	23.356753129226306
829.617004	18.856277413063975
829.735413	18.054911056802982
829.85376	18.933173151566805
829.972107	15.9889067622937
830.090515	11.10305498201744
830.208862	5.64790639218801
830.327209	10.597501144103067
830.445557	6.986467158549971
830.563904	12.327790301450129
830.682312	18.244855446294977
830.800659	24.05151364753968
830.919006	32.325687965937476
831.037354	36.842276379082776
831.155701	42.69433508676778
831.274048	47.964136537244755
831.392395	44.547776472602
831.51062	43.469067436671395
831.629028	33.561345337330536
831.747314	26.233705829584284
831.865662	22.62683861594088
831.984009	17.574072376831168
832.102356	20.757211655161978
832.220642	21.31263825965761
832.338928	23.23817646246591
832.457275	26.663686417845653
832.575623	27.496098813907082
832.693909	31.086069834027857
832.812134	28.611079105239117
832.930481	26.004019926394996
833.048828	24.801690295086942
833.167114	25.78331073890923
833.2854	21.275713024451882
833.403687	22.746415405060034
833.521973	23.528758440801887
833.640259	25.501525390687917
833.758545	26.00669112259673
833.876831	28.48581895718354
833.995056	29.45189212170288
834.113281	35.12568822954654
834.231628	27.509362532487437
834.349915	28.745758346625628
834.468201	25.252634914265734
834.586426	22.358968839604625
834.704651	19.95003518426887
834.822998	20.694664511402898
834.941162	18.78549258075394
835.059448	18.116461964602898
835.177673	16.797938891531103
835.295959	18.282289465232438
835.414246	17.92666912142145
835.53241	18.159623922513706
835.650635	19.046087814428866
835.768921	17.231068202183152
835.887146	14.896380324141374
836.005371	11.46626217925785
836.123596	11.074891915856849
836.241821	6.655162078667326
836.360046	2.142137640783667
836.478271	0.061775378616325316
836.596497	-2.3738204122405073
836.714722	-4.368105964189183
836.832886	-3.351825684620114
836.95105	-3.822808649261483
837.069336	1.3206794998469324
837.1875	2.0981213122028617
837.305725	1.6394118862315255
837.423889	7.9597049544277345
837.542053	7.32957046582565
837.660339	8.227388466856524
837.778503	4.4843345396288905
837.896667	2.8493472350761033
838.014832	5.651457996726439
838.132996	5.53353552965519
838.25116	7.036755586183935
838.369385	13.695776161052969
838.487488	14.96299750139574
838.605713	14.132831849783866
838.723877	12.465040175306115
838.84198	7.914197269307574
838.960205	6.588565964534699
839.078308	7.144009559816251
839.196472	7.855464109305208
839.314636	10.357150838639932
839.4328	15.447796807008004
839.550964	24.387190619115138
839.669067	27.428598560026238
839.787231	29.48547153201295
839.905396	35.95178803702769
840.023499	38.12195178866166
840.141602	37.61504001328249
840.259766	37.411604190236886
840.377869	37.84934105259083
840.495972	43.46291534673945
840.614136	38.0553821483761
840.732239	35.78261276956036
840.850342	32.61866867426539
840.968445	30.896905388551538
841.086548	30.861949235669243
841.204651	29.54413312167475
841.322754	32.08416486261956
841.440918	38.685546968291625
841.55896	47.08639478131701
841.677002	51.914445134089675
841.795166	56.41647184052026
841.913208	57.74618608931401
842.031311	52.399288394621465
842.149353	44.85415528187535
842.267456	39.695217417017325
842.385498	34.12814473389764
842.503601	36.53606689928459
842.621643	34.16143208498522
842.739746	33.43499978575774
842.857788	31.430389070330378
842.97583	26.524236036717678
843.093933	27.30748660932249
843.211975	31.64811090401501
843.330017	40.15436887181555
843.44812	42.14446074899484
843.566101	43.41709845685973
843.684204	45.1281537809869
843.802246	47.28414002949157
843.920227	39.88073738171806
844.038269	34.44395894243692
844.156311	28.39155732020834
844.274292	24.15212471854646
844.392395	15.610971728045222
844.510376	14.854685349292494
844.628357	12.413586857502484
844.74646	17.08422969319524
844.864441	19.914239257170646
844.982422	19.74996967332534
845.100403	18.372820920526006
845.218384	18.410509957628484
845.336426	20.928000425560683
845.454468	19.33438851924033
845.572449	14.540953211317554
845.69043	16.19055613174743
845.808411	17.99965778022694
845.926453	13.559199068140321
846.044373	12.3843426511175
846.162354	13.667744462616096
846.280396	12.76655508281287
846.398315	16.163474795033807
846.516296	16.63342303416013
846.634216	17.581160155689155
846.752197	16.015364106359925
846.870178	12.782383709047634
846.988098	11.810792290975748
847.106079	15.236966913015436
847.22406	18.868280143470987
847.34198	26.908208294380405
847.4599	31.581883997756798
847.577881	33.142551869777336
847.695801	31.97334099651426
847.813782	28.40328927763548
847.931641	24.767892643724437
848.049561	22.569322265140897
848.167603	18.277303185777356
848.285461	19.26413135153806
848.403381	23.763584421657534
848.521362	23.598174284806348
848.639221	28.999513667776355
848.75708	29.987121444494143
848.875	37.993888040882126
848.99292	41.09558809164962
849.110901	39.02816478663174
849.22876	37.61629793284625
849.34668	35.987694224085416
849.464539	35.436732586203675
849.582458	38.63442367608768
849.700317	38.90762049971967
849.818176	44.14810612046021
849.936096	44.19354326454139
850.053955	40.022295571691785
850.171875	32.56943882628416
850.289673	33.194280882164634
850.407593	36.277779622462916
850.525452	37.28313959836561
850.643311	36.74500228399551
850.761169	34.8711744992584
850.878967	32.304498584055665
850.996887	31.843691053386177
851.114746	26.55585620093532
851.232544	25.503758876410068
851.350403	22.641959899889265
851.468262	18.479105104812025
851.58606	17.526034922872654
851.703979	16.60742208149313
851.821777	19.573905764869338
851.939636	28.26748863614431
852.057434	27.084275550167593
852.175232	33.03507957261998
852.293091	44.28875221478938
852.410889	57.05740873553468
852.528687	71.77827345082672
852.646545	83.23923094372432
852.764343	89.08312455352947
852.88208	83.85326010100471
852.999939	67.91109511997755
853.117676	53.821558366349
853.235535	46.12146367232014
853.353271	35.128970565642256
853.471069	27.629782021942493
853.588928	27.827368464259298
853.706604	25.53340631206018
853.824402	21.676466143768305
853.9422	24.620173050871053
854.059998	22.994391386446075
854.177734	27.368383640486012
854.295532	26.159880813298802
854.413269	31.373209475663867
854.531006	36.88065691295181
854.648804	38.14325614874842
854.766541	38.54843645471548
854.884277	41.065902396406614
855.002014	36.96619213441052
855.119751	36.51120966973912
855.237549	33.91522956231367
855.355225	39.32326048529828
855.473022	39.85650665149276
855.590698	39.19460066617834
855.708435	40.77693664949091
855.826172	39.68575791187143
855.943848	34.92103331053687
856.061646	30.134292394591185
856.179321	26.355804526265477
856.296997	26.609365249131834
856.414795	31.672022680866533
856.53241	38.870605054004294
856.650085	45.250553550593054
856.767822	51.42440698129022
856.885559	50.039335342775175
857.003174	45.80311876466904
857.120911	40.639976925982694
857.238586	35.36807252388614
857.356201	40.42030555694166
857.473938	39.88107027609152
857.591614	38.27198271422174
857.709351	41.31381435822109
857.826965	39.0303535784916
857.944641	34.47568819376866
858.062317	33.86841660867411
858.179993	32.57648608004229
858.297668	36.75572645243017
858.415283	38.276235088785754
858.532959	42.24838052129637
858.650574	42.92539671107533
858.768188	41.14059361017193
858.885803	37.54114494484456
859.003479	33.73957588708832
859.121094	29.796471993226874
859.23877	30.874152856646738
859.356384	35.63492156714179
859.473999	39.47702035598082
859.591675	40.287880171676406
859.709229	39.35317967836035
859.826843	37.346060286636245
859.944458	33.346592193229554
860.062012	32.03439637941361
860.179626	28.303399408580354
860.297302	27.545333807327594
860.414856	21.517757111426924
860.532471	22.05613588639137
860.650024	19.13663189597631
860.767639	18.265709404154933
860.885193	19.376257148035922
861.002808	21.043997322763254
861.120361	20.9918364578566
861.237976	23.299845383217644
861.35553	25.45716968636164
861.473022	28.888018204488567
861.590698	27.99280131676312
861.708191	24.51607479095835
861.825745	21.405869017516284
861.943298	18.80933796206419
862.060852	17.10956294326985
862.178406	17.834664331967016
862.295959	18.75949246858621
862.413513	11.671899381792386
862.531006	6.818610124509621
862.64856	-5.356688742802753
862.766113	-10.583455515177794
862.883667	-9.244827337629197
863.00116	-4.013975575726523
863.118713	7.293084205643142
863.236206	17.955588669071815
863.353699	25.770080476184752
863.471252	35.740918175879614
863.588745	42.41139240743921
863.706177	53.44603464266096
863.82373	57.321048132691374
863.941162	60.395742408069154
864.058716	60.085730934780436
864.176208	54.421329293468204
864.29364	46.170931381666705
864.411194	39.568328931484146
864.528687	29.50961905531065
864.646118	23.590063094980806
864.763611	16.095388049888932
864.881042	13.837281447127868
864.998535	9.486755639365459
865.116028	10.69534379783888
865.233459	14.577753206225605
865.350891	16.556094038614887
865.468384	16.639015758658328
865.585754	16.08628301684692
865.703308	15.198762829748912
865.820679	14.179930845277223
865.938171	7.956203113469586
866.055542	9.789489012152826
866.173035	9.972003704021724
866.290466	7.179093839111043
866.407837	9.860962452553048
866.52533	9.766560246191375
866.6427	11.560385398986737
866.760071	14.30089602985003
866.877563	9.806288798725664
866.994934	12.95535024624964
867.112305	13.650703934042406
867.229736	11.56118786992808
867.347107	13.059103087561283
867.464539	14.715888838317802
867.58197	21.317268814410944
867.699341	24.568876811977244
867.81665	27.338692481079512
867.934082	26.32801874773633
868.051453	23.357216563093413
868.168823	17.307251620190996
868.286194	13.372936116320568
868.403564	14.177651511555519
868.520935	13.810160612459883
868.638306	14.746656125736378
868.755676	23.177641866467454
868.872986	25.07282678233568
868.990295	28.111873896419198
869.107727	33.65844050704162
869.225037	38.18007212924298
869.342346	39.51227785706311
869.459717	35.349876746896854
869.577026	32.74482402062222
869.694336	35.20796678904232
869.811707	35.23497977490584
869.929016	37.93409705234467
870.046326	42.729578373443616
870.163635	47.30325147458263
870.280945	51.00576466700984
870.398254	59.66615123266372
870.515564	63.271423456412094
870.632812	63.15276035763006
870.750183	61.07424352860612
870.867432	57.41466237815341
870.984741	54.40129926711302
871.102051	57.685683951876356
871.219299	59.55351568594697
871.336609	68.71477486458647
871.453918	75.7603671814602
871.571106	80.13617459113743
871.688416	80.76862536634086
871.805664	81.71399228579045
871.922852	83.16492244389603
872.040222	85.5802972045069
872.157471	82.56831870155415
872.274719	85.79350871965917
872.391968	83.72554812035676
872.509155	84.26919790941066
872.626465	78.02619908433311
872.743652	76.35367607916461
872.860962	72.69535947841926
872.978149	70.0858752134634
873.095337	61.748139488709455
873.212646	61.132379972212874
873.329834	56.82082617125695
873.44696	58.11218787573986
873.564209	56.03675978787042
873.681396	54.47763654605073
873.798645	55.09282737333622
873.915894	53.639900653633084
874.03302	48.240035761044304
874.150208	52.52743908089267
874.267456	54.3722154316849
874.384583	59.64232480578734
874.501831	62.874559283878824
874.618958	67.75719896276894
874.736145	72.7361208646339
874.853333	76.82863861979206
874.970459	77.36805339959835
875.087646	78.38033944045429
875.204834	75.37412514014555
875.32196	73.57017358451554
875.439148	69.1178143091294
875.556274	66.96291568311426
875.673401	64.06649952944026
875.790527	63.517291486296784
875.907715	58.94296706852391
876.024841	54.99719996314791
876.141968	53.294672826206664
876.259094	54.83319648887402
876.376282	52.34218262600025
876.493347	51.046722429038354
876.610474	50.96194215259899
876.7276	49.67006262957
876.844727	48.251135455946454
876.961853	50.7376230513686
877.078918	51.306974008808716
877.195984	53.770849807801696
877.313171	55.32402684554817
877.430237	57.312797453401416
877.547302	58.525010398651474
877.664368	61.164100966369446
877.781433	60.98761333905997
877.898499	58.35915618282445
878.015625	51.127184586355284
878.13269	47.402054647826496
878.249695	43.16641909916146
878.366821	38.53928644068701
878.483887	35.72191164366301
878.600952	37.4025924368138
878.717957	34.79990038644988
878.834961	32.606438158882156
878.952087	28.74858302047469
879.069092	25.856173708063977
879.186157	19.81229059091416
879.303162	14.874465615225134
879.420227	10.68767606154103
879.537231	9.693466438284105
879.654236	9.753252579899794
879.77124	12.338872762859719
879.888306	11.647254865236867
880.005249	16.009536907949098
880.122314	13.572866929640805
880.239319	10.715986016602773
880.356323	6.594697879170268
880.473328	3.044483907252824
880.590271	0.6843427697151867
880.707275	1.3302663899038865
880.824341	0.5449986114754293
880.941284	6.0601216027335685
881.058228	3.897254705985791
881.175232	5.761991404046425
881.292236	4.922705184664027
881.40918	5.34475790580374
881.526123	7.930715211834582
881.643066	8.074494231531446
881.760071	6.4384087341319995
881.877014	6.243221430545619
881.993958	2.9586063078020532
882.11084	8.469824841355203
882.227783	5.354777281237732
882.344727	8.193552811867887
882.46167	12.016418760579084
882.578613	12.559292542123583
882.695618	10.913066194043061
882.812439	10.510625604806938
882.929382	3.5056473352721342
883.046326	5.781238374478912
883.163208	1.7205089916382015
883.280151	1.061557318564338
883.397034	5.219961583072269
883.513916	9.353731437116815
883.630798	11.458557543195734
883.747742	16.618864359210775
883.864563	17.440720702907868
883.981506	25.112456388657492
884.098389	28.00637040490767
884.21521	30.906015350453444
884.332153	37.473751721515214
884.448975	41.87840139140018
884.565796	44.25636153616671
884.682678	53.213696978023684
884.7995	66.6962913303822
884.916443	88.1543872589313
885.033264	106.53819494205047
885.150085	131.17023354886908
885.266968	151.29942832166267
885.383789	164.41278548970564
885.500671	173.31985629308718
885.617493	176.8431281719245
885.734314	178.1535917400621
885.851196	178.03048274767457
885.967896	171.26815741881154
886.084717	169.83847978812645
886.201599	166.3539974243447
886.318359	161.66317655495007
886.435181	158.0019609841462
886.552002	150.8378379882496
886.668762	145.03660480251807
886.785645	135.46405015599547
886.902344	126.97296985982662
887.019165	121.54818560861125
887.135925	122.24812816271721
887.252747	120.19831052590494
887.369446	116.77967624568716
887.486267	110.38612809616471
887.603027	104.2362545407841
887.719788	98.86899515558032
887.836548	87.25619476210434
887.953247	78.08828255468862
888.070068	68.94100142653177
888.186829	57.69743241852041
888.303528	46.011220282563684
888.420288	36.53818487324999
888.536987	32.784773327479584
888.653687	29.789940438415925
888.770447	25.73980085319267
888.887146	24.900537631000503
889.003967	17.23750095891324
889.120667	13.904320243997084
889.237305	3.567633750990485
889.354065	2.941697818230475
889.470703	-2.726771906697918
889.587463	-4.368523734864795
889.704163	-4.031210390844976
889.820862	-3.604475943930244
889.937561	-3.125100343545666
890.054199	-1.9372515294174173
890.170837	-3.4326912515961876
890.287598	1.2479169949950877
890.404236	1.2712491302151883
890.520874	8.56156458989414
890.637634	6.9175853340903055
890.754211	7.962698932357059
890.87085	12.59305122527294
890.987549	15.945009146800643
891.104187	21.849760066170884
891.220886	27.344137329509692
891.337463	38.80909913622396
891.454102	49.80961564750072
891.57074	53.69852536267671
891.687378	55.26588369363058
891.804077	57.689214543394044
891.920654	55.08757051342185
892.037231	54.03673538152317
892.15387	49.60599870147091
892.270447	51.693646467189694
892.387085	51.36247355749628
892.503723	50.07570278015798
892.6203	45.980522862217455
892.736877	41.98605730268734
892.853516	36.52088044596937
892.970032	31.511421961193413
893.08667	25.762897578687053
893.203186	22.441984363013876
893.319763	21.732693789939255
893.43634	21.048454006912262
893.552917	21.94338396569943
893.669556	23.069029476846346
893.786011	20.2543962613344
893.902588	19.01031670555841
894.019165	17.91041516436428
894.135681	18.294520687775503
894.252197	18.786040845845193
894.368835	17.579776441265434
894.485291	15.296962259862983
894.601868	13.909465097813708
894.718384	11.454098150271466
894.8349	10.368101432169597
894.951355	9.25756621403002
895.067932	15.245860563126158
895.184448	12.57976221822516
895.300964	10.270107056709632
895.417419	10.102615683734392
895.533936	11.107601435646203
895.650452	12.62275016509022
895.766907	10.150237378107057
895.883423	11.376237221184862
895.999878	15.006389467141187
896.116333	11.696562327735162
896.232849	10.113444047510775
896.349304	10.808996745388544
896.465759	11.72913071404657
896.582214	10.776468724652851
896.698669	8.567900264417082
896.815125	12.380521013649485
896.931641	15.108270469578189
897.048035	14.097489159305624
897.164551	12.337374601708236
897.280884	10.615831018843288
897.397339	10.530263355714522
897.513794	12.598031559392183
897.630249	12.743373995452982
897.746582	17.836455431631535
897.863098	20.15001308831487
897.979431	19.268475091941006
898.095886	18.741654761387107
898.212341	16.90939372501014
898.328674	17.098523259248193
898.445129	18.08831777880452
898.561462	15.727258810946493
898.677795	16.569475608984362
898.794312	16.93534846376061
898.910645	11.956910822933533
899.026978	10.339821836738167
899.143433	10.471532671003697
899.259766	14.341219231755879
899.37616	16.145892802378732
899.492493	19.026256441409103
899.608765	22.207439326699916
899.725159	25.208954863029295
899.841553	24.05677669510385
899.957947	20.164362446778448
900.07428	22.585822927747067
900.190552	18.777874862943154
900.306946	16.227569469182328
900.423157	18.556133892245555
900.53949	19.35450236679717
900.655884	20.627027348639853
900.772156	23.479766800280757
900.888489	23.274226384656707
901.004822	30.75716833950749
901.121033	28.632064715145972
901.237366	26.654371482876428
901.353699	29.936642028981318
901.46991	29.387986471034928
901.586304	28.911032607764408
901.702515	30.77850282496952
901.818787	36.574837898993536
901.93512	45.76975827674976
902.051331	51.79832279048516
902.167603	58.16274154635083
902.283875	67.05565239441951
902.400085	72.64373283690284
902.516418	83.00925877688428
902.632629	86.50505205334767
902.74884	94.2220316860068
902.865112	103.04333510874565
902.981384	107.67025144093347
903.097595	110.97293918925456
903.213867	107.93191907373365
903.330017	106.67272495574812
903.446289	105.62611479051607
903.5625	99.00853664618202
903.67865	98.22476348268141
903.794922	99.09947329583855
903.911072	96.05257102780172
904.027344	89.92173401933458
904.143494	80.81301641907322
904.259705	75.12250751539713
904.375916	68.96061187080653
904.492065	57.91822372947688
904.608215	51.20314273688639
904.724426	46.76340459353001
904.840576	46.10551324544657
904.956726	43.497853826884956
905.072876	42.28890893528096
905.189087	46.41157054261531
905.305176	44.45891484516555
905.421387	37.93525248634912
905.537537	35.88170460438802
905.653687	28.839381791484975
905.769775	26.042052402237307
905.885925	20.788403459558182
906.002014	23.390122998666786
906.118164	27.483559779798405
906.234314	24.31113724054204
906.350403	23.052494335858714
906.466492	20.16648941396152
906.582642	16.93883186093695
906.69873	15.782926322245356
906.814758	14.27236786270345
906.930908	14.55865735899566
907.046936	12.47295196154167
907.163086	10.510922396092255
907.279175	8.995061287091145
907.395264	6.849585763560384
907.511353	9.381860171123552
907.62738	13.416535848976787
907.743408	17.7176754771761
907.859497	16.036363372313563
907.975525	16.922371434418984
908.091553	13.776122217011096
908.207703	9.809718219844179
908.32373	6.070763019424053
908.439758	4.4726708534496655
908.555786	7.071710161693599
908.671814	6.549671817431973
908.787842	6.904410721909294
908.90387	11.135921073068088
909.019775	13.484455645846836
909.135864	14.006282467466658
909.251892	12.491444647674179
909.367859	16.71916545628313
909.483826	19.866929333356715
909.599854	14.222593964194141
909.715881	13.695259271223502
909.831848	13.113921383635596
909.947815	16.571651197205334
910.063782	15.804373954392759
910.179749	15.091303717211986
910.295776	22.01036316832326
910.411743	25.568042119633866
910.527649	20.664762044403403
910.643616	15.291864584691888
910.759583	11.107350552593678
910.875488	12.61554563496755
910.991455	12.361912836705342
911.107361	13.69925282961638
911.223267	14.789899086668385
911.339294	13.123033774550237
911.4552	12.070942466222723
911.571106	6.711539473458069
911.687073	9.16169867130171
911.802979	12.248250577640023
911.918823	14.988532079781145
912.034729	17.43880176722555
912.150635	19.95620101032395
912.266602	17.819947474735663
912.382446	17.250815510392123
912.498352	13.965454769299665
912.614197	8.634653663526231
912.730103	1.2584121930718428
912.846008	-8.163269642063502
828.077942	11.812761074045914
828.196289	14.706843319695869
828.314636	16.69508093809911
828.433105	17.777473929255635
828.551514	17.954022293165437
828.669861	18.39941023648116
828.78833	13.70193212575283
828.906677	12.768507279168652
829.025085	10.943313362745776
829.143433	6.665736985749616
829.261841	2.5677976381921477
829.38031	3.33998722136041
829.498657	2.0515569336040747
829.617004	3.1137611672511816
829.735413	2.8426174040715972
829.85376	3.5649693305670023
829.972107	1.947496304021007
830.090515	1.0140047249438047
830.208862	0.98311034832633
830.327209	3.4132762960743888
830.445557	5.419224670868004
830.563904	10.26286659212993
830.682312	6.764563751604123
830.800659	8.039038887729868
830.919006	11.313571926478296
831.037354	12.12713774385518
831.155701	17.91695765501426
831.274048	24.812934233032404
831.392395	29.96009372063748
831.51062	31.774037567095636
831.629028	27.33270495430572
831.747314	25.00191558552116
831.865662	22.125836520538563
831.984009	15.412269480390727
832.102356	15.789786425891231
832.220642	17.74326820702112
832.338928	19.309514377335688
832.457275	18.730953481788653
832.575623	21.80414091552846
832.693909	20.791002669944028
832.812134	20.224011180720407
832.930481	16.87373664100032
833.048828	15.954480866361475
833.167114	17.202189072907707
833.2854	14.099552003344701
833.403687	10.925790982350915
833.521973	12.432010416774915
833.640259	11.040298928110696
833.758545	12.529876628181032
833.876831	19.07608943415467
833.995056	24.80882056423915
834.113281	29.087393010477214
834.231628	26.41830841314964
834.349915	26.714990157043722
834.468201	22.34543124371555
834.586426	17.744686212765544
834.704651	12.51016869635668
834.822998	12.717653009321673
834.941162	10.687497998138724
835.059448	11.123187694458595
835.177673	11.864543440888202
835.295959	13.829317429009784
835.414246	9.560830606301353
835.53241	10.206261842062206
835.650635	6.990736716127673
835.768921	5.050623848056377
835.887146	4.372953635545267
836.005371	6.559474834917108
836.123596	6.166466303347569
836.241821	8.403900355728533
836.360046	6.650589255234788
836.478271	10.904374868068855
836.596497	10.468292376582736
836.714722	9.444099830335851
836.832886	10.303666199046733
836.95105	12.094629458536192
837.069336	10.386265139490117
837.1875	12.438320772806826
837.305725	14.510565294994121
837.423889	17.98611938071749
837.542053	19.652868197393857
837.660339	19.07360609397432
837.778503	20.592492028076034
837.896667	16.748501448397917
838.014832	12.329530119358889
838.132996	12.145099778585227
838.25116	14.532906878070126
838.369385	18.789495932338227
838.487488	24.22655543179691
838.605713	25.733717553417083
838.723877	30.308820292509893
838.84198	25.209450406529193
838.960205	24.541687912610954
839.078308	27.898606681856712
839.196472	31.003174896227872
839.314636	28.519895794197033
839.4328	27.020201438404293
839.550964	26.52576187685315
839.669067	29.999776138427336
839.787231	29.180346248657578
839.905396	34.90514974692965
840.023499	39.159042634072534
840.141602	39.97233365493713
840.259766	33.98788804806493
840.377869	33.91567299210072
840.495972	33.83794838858005
840.614136	33.08371948602845
840.732239	32.395413926193186
840.850342	35.49165821046006
840.968445	33.18846817426913
841.086548	33.85165856004847
841.204651	32.07430911167435
841.322754	36.172428565675034
841.440918	36.622222924415425
841.55896	37.752692800397384
841.677002	38.46644300050633
841.795166	38.10546172682768
841.913208	40.262830534877445
842.031311	38.45587157097826
842.149353	34.68458316756851
842.267456	31.063675945687734
842.385498	27.651610718490485
842.503601	30.753572187628478
842.621643	30.142288732782347
842.739746	28.971440807049177
842.857788	29.230209170328003
842.97583	24.717285162932995
843.093933	25.701081228979625
843.211975	19.564696359782452
843.330017	20.570047536398327
843.44812	22.34700080397716
843.566101	26.949657032271077
843.684204	28.46676633076568
843.802246	26.937287595726573
843.920227	31.017052388968093
844.038269	29.264519773494037
844.156311	27.110407885254354
844.274292	24.75817926885221
844.392395	19.94160794237513
844.510376	19.552454284553548
844.628357	14.356948836173283
844.74646	10.612662481455976
844.864441	7.8542120714433565
844.982422	4.170354500401085
845.100403	9.52645107972375
845.218384	11.171409693820955
845.336426	15.21995642621005
845.454468	15.622291978131434
845.572449	18.85893841377687
845.69043	15.542433392196806
845.808411	8.9108600859647
845.926453	3.3841423031732414
846.044373	1.5033979189943247
846.162354	3.227501438404391
846.280396	6.649522926568821
846.398315	10.82141909950419
846.516296	15.808147641707087
846.634216	14.964681281874489
846.752197	15.446878680180035
846.870178	12.28506593589487
846.988098	13.297421363951523
847.106079	18.30646381444039
847.22406	20.130382954694156
847.34198	23.308147489759673
847.4599	24.541075072730255
847.577881	21.575911394179656
847.695801	19.142100237028107
847.813782	14.72018931916628
847.931641	12.552596331697554
848.049561	14.028934596261406
848.167603	14.170874439706601
848.285461	17.140753187802318
848.403381	18.20265021954578
848.521362	18.724530880269146
848.639221	20.463980588784366
848.75708	20.63748663077019
848.875	25.283998838347443
848.99292	27.63946390003269
849.110901	28.27748636405638
849.22876	26.351749521734913
849.34668	24.063552403254768
849.464539	24.516797119440483
849.582458	25.07946351883596
849.700317	25.742906375812773
849.818176	31.126181220441506
849.936096	27.573444156532773
850.053955	27.9483402104017
850.171875	25.20326135124394
850.289673	24.626087149724146
850.407593	25.60426935737469
850.525452	25.196251068211687
850.643311	25.09468296869316
850.761169	22.40131194785961
850.878967	17.120452998782373
850.996887	15.477230479263456
851.114746	12.999788712263305
851.232544	11.341802870298046
851.350403	16.25004293311433
851.468262	19.14224715232138
851.58606	21.356097359451212
851.703979	20.727090359114733
851.821777	17.945693703400263
851.939636	16.360405048813078
852.057434	15.031832917855828
852.175232	18.347415375054535
852.293091	27.685962384400092
852.410889	44.65136598614943
852.528687	57.27392614499839
852.646545	70.61209239428084
852.764343	77.75243334177745
852.88208	76.85081137183188
852.999939	66.40505021896887
853.117676	57.56449685786262
853.235535	44.18631409047825
853.353271	34.9934259613171
853.471069	27.33214413795224
853.588928	24.100746870922844
853.706604	20.554636159091523
853.824402	22.871303002737875
853.9422	23.14597694767747
854.059998	27.690343239584127
854.177734	28.29228181258508
854.295532	29.663898639921204
854.413269	33.28138443355556
854.531006	33.226985823097564
854.648804	34.78424926984468
854.766541	34.75402661061649
854.884277	32.28567877594804
855.002014	29.21468171463464
855.119751	26.49774743356674
855.237549	24.314521346621873
855.355225	24.108716414388304
855.473022	24.24396417681957
855.590698	25.70509528126655
855.708435	21.461810271168204
855.826172	26.07903996754387
855.943848	24.944202836101788
856.061646	25.77809635232188
856.179321	27.548223272544398
856.296997	32.41041777281753
856.414795	35.024848842451306
856.53241	31.605794531932528
856.650085	33.94328866487601
856.767822	41.14987402156555
856.885559	42.43333074198615
857.003174	47.468975608736145
857.120911	49.84337022466873
857.238586	53.71450837162663
857.356201	48.06074874643821
857.473938	37.00545060835346
857.591614	31.730407043374072
857.709351	26.17500817870235
857.826965	23.73534074414974
857.944641	30.37242310388121
858.062317	35.361135010249
858.179993	40.485012468157734
858.297668	42.63798487781823
858.415283	42.09058674108453
858.532959	39.40773622434011
858.650574	36.55695714449129
858.768188	34.252516004453675
858.885803	33.63509725759059
859.003479	36.141905703051464
859.121094	34.4612368664048
859.23877	35.37662677976499
859.356384	35.94215769556847
859.473999	36.027937542788194
859.591675	40.6794101507157
859.709229	37.673600432086005
859.826843	35.088415955610415
859.944458	35.22687491109952
860.062012	31.5824553863973
860.179626	25.181122850845068
860.297302	23.421107615967706
860.414856	20.63789360511482
860.532471	20.517601085346598
860.650024	15.54288968660791
860.767639	14.014600342325336
860.885193	14.482509317509077
861.002808	19.563468801958336
861.120361	21.7985716458421
861.237976	27.744083672525537
861.35553	33.850193939769184
861.473022	37.65799886642077
861.590698	38.34496948953591
861.708191	36.31367452803154
861.825745	29.1463476961624
861.943298	21.076726457399463
862.060852	13.044172960795933
862.178406	7.518370996587693
862.295959	5.862922210552419
862.413513	4.281272413901892
862.531006	4.821024419437175
862.64856	2.1531487406875955
862.766113	-2.1790775457962877
862.883667	-1.6193958503813934
863.00116	1.4014420573118072
863.118713	6.989487855919165
863.236206	11.584136272940963
863.353699	19.63992195790815
863.471252	24.249931665876883
863.588745	25.792937275806807
863.706177	30.671549531732616
863.82373	38.98966151283264
863.941162	46.487519558668566
864.058716	47.940029105918114
864.176208	46.36017446837461
864.29364	45.505511904673455
864.411194	36.910683900324464
864.528687	27.285625340760678
864.646118	19.686621553996346
864.763611	11.438345599518454
864.881042	10.02779400971082
864.998535	3.394362118979941
865.116028	1.9298281056766844
865.233459	2.0194493363609882
865.350891	4.74549942181726
865.468384	4.432638735254015
865.585754	8.217251698854733
865.703308	10.296307872387345
865.820679	13.217438376677146
865.938171	11.740393301046655
866.055542	10.367342813644033
866.173035	9.364529536614548
866.290466	8.621587327996531
866.407837	5.4069020922270115
866.52533	5.83739002079413
866.6427	9.053739322545413
866.760071	10.41960207219668
866.877563	14.045381738774513
866.994934	14.281725628667424
867.112305	12.568053091792631
867.229736	11.298309599319413
867.347107	12.325314914485325
867.464539	14.291936111787138
867.58197	16.299913458485417
867.699341	18.79946875857467
867.81665	25.182390499370015
867.934082	27.05041387845981
868.051453	20.349440960655805
868.168823	13.263466394705425
868.286194	11.517603606017989
868.403564	11.127007383110623
868.520935	9.665288194461837
868.638306	12.643271074322517
868.755676	20.325054534648803
868.872986	26.82537214501836
868.990295	26.051163877455963
869.107727	26.846609783679
869.225037	30.755016247966697
869.342346	32.22012083418392
869.459717	31.841507939337795
869.577026	32.16680728974914
869.694336	35.73933707254437
869.811707	40.07642058175318
869.929016	38.26248591202075
870.046326	39.03781362735779
870.163635	42.17297954551395
870.280945	43.09872208736668
870.398254	41.25013872176036
870.515564	44.78307656230912
870.632812	51.591489035233714
870.750183	56.3485526708716
870.867432	54.59106968061471
870.984741	58.97273354353788
871.102051	66.74464533566227
871.219299	72.43493272726386
871.336609	77.75574469952707
871.453918	83.313142416213
871.571106	83.74132338473711
871.688416	79.12905732916657
871.805664	67.24907099762675
871.922852	65.89791135777473
872.040222	64.75091390391077
872.157471	66.4595748999273
872.274719	68.76417800116857
872.391968	68.8032396940537
872.509155	65.0767637059311
872.626465	61.112902736289826
872.743652	56.387833805712276
872.860962	60.044426834474166
872.978149	58.86623083914564
873.095337	57.15408956485692
873.212646	56.027067423487
873.329834	55.04142551727854
873.44696	51.38332519556299
873.564209	47.500815768080074
873.681396	48.74669460000027
873.798645	49.64261312044686
873.915894	50.31411098103284
874.03302	48.858563986295664
874.150208	50.897197496072806
874.267456	51.878044388109146
874.384583	50.749157232475916
874.501831	49.737810322887796
874.618958	49.971683807039355
874.736145	52.32739688070122
874.853333	59.296295568931484
874.970459	60.61644957264845
875.087646	59.45020356474235
875.204834	54.420911525358704
875.32196	50.20388915182909
875.439148	46.383538281258495
875.556274	46.011795488972425
875.673401	47.75315362888492
875.790527	49.56214724197797
875.907715	50.566460043217056
876.024841	50.149211288742634
876.141968	48.204312837255735
876.259094	46.666813429082126
876.376282	49.37652287228788
876.493347	51.70789161216685
876.610474	47.42497228639448
876.7276	45.811293056692456
876.844727	45.82353755858428
876.961853	43.855648774674876
877.078918	40.191144629766484
877.195984	40.267236523524204
877.313171	45.233255213441566
877.430237	43.167103803257405
877.547302	44.646683491996626
877.664368	47.226088198528316
877.781433	45.17802304244044
877.898499	42.638833523873515
878.015625	38.004603498546764
878.13269	37.64111019665601
878.249695	37.00287782982242
878.366821	36.56823236312573
878.483887	38.55575495222239
878.600952	34.12345048232439
878.717957	31.920636608929705
878.834961	29.103129652794973
878.952087	28.086494589496105
879.069092	25.812268722624943
879.186157	24.877828397419226
879.303162	25.815607597097774
879.420227	20.469728012811142
879.537231	15.591268064566759
879.654236	15.935592984990695
879.77124	9.868490389757358
879.888306	8.751399400485777
880.005249	5.878671141309016
880.122314	11.886642302897872
880.239319	10.188700468700349
880.356323	9.408196829015461
880.473328	13.049459579410312
880.590271	18.06700122950967
880.707275	12.934838131270297
880.824341	9.510100347133877
880.941284	5.7992767618333385
881.058228	11.527466949029158
881.175232	8.627557372518888
881.292236	11.930712480612401
881.40918	14.00188240190849
881.526123	16.897333803344836
881.643066	17.266415943367157
881.760071	16.316917010044154
881.877014	14.354034878087484
881.993958	12.518458010121503
882.11084	9.630530223875862
882.227783	6.164272522322119
882.344727	5.158666809384467
882.46167	4.180795588216846
882.578613	6.598629265335105
882.695618	10.21086985116802
882.812439	10.939597012524523
882.929382	7.698241481053084
883.046326	7.220572204905833
883.163208	7.2511819107660145
883.280151	10.898307144627859
883.397034	7.177097635584182
883.513916	6.6135275534129825
883.630798	6.692460866690697
883.747742	5.658489940900705
883.864563	7.829800602987764
883.981506	12.221562166508818
884.098389	20.201746454172024
884.21521	24.67079264424992
884.332153	27.964225483465057
884.448975	31.991129920026793
884.565796	37.727733399558005
884.682678	45.200017692791135
884.7995	59.31707347023695
884.916443	73.98585702832744
885.033264	93.5483571850423
885.150085	109.02623119815581
885.266968	128.57317023411434
885.383789	141.87964796650434
885.500671	157.18812053642716
885.617493	160.4141536705166
885.734314	160.67030127893636
885.851196	158.47606387117156
885.967896	154.23402797338062
886.084717	144.68013227371392
886.201599	137.84467881841422
886.318359	131.89215696233384
886.435181	132.5585166061203
886.552002	125.98441159340422
886.668762	120.18283195521781
886.785645	116.87022266837661
886.902344	113.3128066031056
887.019165	109.20969849988812
887.135925	104.79033225828715
887.252747	104.53087782429647
887.369446	104.68674538604961
887.486267	100.76872875736699
887.603027	92.03871448875115
887.719788	86.64820440873166
887.836548	77.73355376527756
887.953247	67.82286247450742
888.070068	60.10660052368873
888.186829	50.50465407250944
888.303528	40.32002719257832
888.420288	34.65010692231894
888.536987	26.84117603764708
888.653687	26.217912435509824
888.770447	18.72185089595733
888.887146	17.68411845634082
889.003967	17.667476884541866
889.120667	11.340716557314975
889.237305	9.065290118462874
889.354065	8.553299449030304
889.470703	1.0406451278816091
889.587463	-1.472681150722232
889.704163	-1.7139862385086546
889.820862	1.334007887518071
889.937561	2.636676600149618
890.054199	1.6680201944364916
890.170837	1.0968658156230353
890.287598	2.970844256918032
890.404236	0.14708909588343344
890.520874	3.149409387667813
890.637634	7.605515594355614
890.754211	13.359561789241832
890.87085	21.089066929366535
890.987549	24.497484543911376
891.104187	27.721182270466013
891.220886	35.34676123757585
891.337463	37.265985281422594
891.454102	40.86631767476325
891.57074	41.75599020514032
891.687378	40.99993258909507
891.804077	43.23669033989406
891.920654	42.834216599765355
892.037231	46.82065903528001
892.15387	50.78044177427713
892.270447	48.308803638726644
892.387085	46.15899881725261
892.503723	40.09293456950336
892.6203	32.881159451112644
892.736877	24.686027019381953
892.853516	18.981549600203493
892.970032	19.533967311570265
893.08667	20.512116031875955
893.203186	19.273132920364645
893.319763	18.44257185107243
893.43634	17.21306573906996
893.552917	19.515340934049497
893.669556	17.2823125875984
893.786011	18.04859821026261
893.902588	16.519819525046206
894.019165	14.07477985585203
894.135681	15.198314086492292
894.252197	14.399095399425082
894.368835	14.85892184244102
894.485291	15.047497351807017
894.601868	17.39987651606652
894.718384	17.063246472421866
894.8349	14.141498199227875
894.951355	8.870577337539814
895.067932	8.973403011018934
895.184448	7.302797689255467
895.300964	2.525426758947124
895.417419	0.9746143255762542
895.533936	1.01615620852263
895.650452	-1.406215991318441
895.766907	2.8005692120152945
895.883423	1.482848506792092
895.999878	4.800798467238194
896.116333	5.23279292412195
896.232849	4.6295015487331295
896.349304	10.177085791929382
896.465759	8.946999413392064
896.582214	10.006370843694675
896.698669	11.917981710150713
896.815125	9.733824590415178
896.931641	10.172518764540674
897.048035	9.71677288060917
897.164551	12.249728385410002
897.280884	17.05712957661673
897.397339	18.24287948438397
897.513794	19.796204041888004
897.630249	17.606714017192225
897.746582	16.739383737973625
897.863098	18.93881621298455
897.979431	19.389010995704428
898.095886	22.31511041992123
898.212341	25.46605136146339
898.328674	24.5214832522285
898.445129	21.827784291098368
898.561462	19.200972615722122
898.677795	18.376999766682793
898.794312	18.615644044934015
898.910645	18.131194033027008
899.026978	22.57736520744274
899.143433	25.679275159886615
899.259766	27.852510052826542
899.37616	27.908802081980525
899.492493	25.34816286583979
899.608765	26.177107066318065
899.725159	19.516879193579022
899.841553	17.82851706311508
899.957947	17.114222522522912
900.07428	16.80256495323545
900.190552	17.337273794980632
900.306946	16.913192390888888
900.423157	18.541158120674304
900.53949	21.439810437342764
900.655884	18.86674779896473
900.772156	22.1488062435849
900.888489	19.738399055645324
901.004822	17.33033871801365
901.121033	16.351039247775176
901.237366	17.703141274426045
901.353699	20.12040893927652
901.46991	22.804158875436357
901.586304	24.195978742083707
901.702515	30.317507561263756
901.818787	30.939332229944462
901.93512	36.08744919040328
902.051331	42.670942244355004
902.167603	48.075137473332475
902.283875	53.20695762523232
902.400085	63.51230026590129
902.516418	70.91543206331548
902.632629	80.75835185985149
902.74884	87.51076618916437
902.865112	95.01468663663245
902.981384	101.90863151858663
903.097595	103.9047505237211
903.213867	102.07014435627534
903.330017	104.41346372906025
903.446289	98.21611597487765
903.5625	95.68805570490511
903.67865	89.44184821049649
903.794922	84.94502878716344
903.911072	81.53308703729758
904.027344	78.19954484370984
904.143494	74.27123610721334
904.259705	75.75680487736116
904.375916	65.96146162549583
904.492065	61.73800606539161
904.608215	55.16220394817762
904.724426	43.18209167383644
904.840576	37.074736618867085
904.956726	30.080386085090787
905.072876	25.649255057694237
905.189087	31.110340324956436
905.305176	34.537238650265536
905.421387	35.352010834391
905.537537	36.04383130242658
905.653687	29.794504651919475
905.769775	30.77719453989154
905.885925	25.870675922822286
906.002014	25.142049397470878
906.118164	29.651907403621305
906.234314	30.55393002790516
906.350403	23.638147051776635
906.466492	19.51926213296864
906.582642	15.675626498027324
906.69873	14.295537721596098
906.814758	12.409301992124814
906.930908	13.148940848613806
907.046936	11.088036920255652
907.163086	11.213604150640586
907.279175	11.090560580270289
907.395264	13.833600602878217
907.511353	14.302037568391606
907.62738	14.391952177578851
907.743408	14.676931594248423
907.859497	17.050917918375404
907.975525	13.593986787148001
908.091553	14.552881797115257
908.207703	17.35399255174317
908.32373	20.47782400247518
908.439758	18.151642842798495
908.555786	16.43171531466844
908.671814	19.019308623545115
908.787842	20.466384327887273
908.90387	15.370331923666171
909.019775	17.073127764959516
909.135864	13.864798502358267
909.251892	14.444469346612282
909.367859	12.27966686957595
909.483826	10.45912411067876
909.599854	13.281516857275689
909.715881	11.575856992232614
909.831848	12.584561426365445
909.947815	16.976461001816073
910.063782	14.262375376191638
910.179749	18.286454980345674
910.295776	20.053030381728327
910.411743	20.41274790215447
910.527649	19.83745817806041
910.643616	17.93538690798856
910.759583	20.823410206825166
910.875488	22.821871605340583
910.991455	21.707835869793367
911.107361	25.849254676750867
911.223267	28.43010551600465
911.339294	29.809699008463966
911.4552	21.82568703619134
911.571106	19.575462270861358
911.687073	16.180225662973935
911.802979	11.540399660909001
911.918823	4.045615577096023
912.034729	5.33654901757922
912.150635	7.307140704589793
912.266602	8.14137407972428
912.382446	6.300287738487494
912.498352	5.26872398508484
912.614197	4.556425301614215
912.730103	4.163391688075633
912.846008	4.089623144469087
