792.44574,5831.6
792.56488,5675.6
792.68396,5697.2
792.80304,5592.6
792.92218,5482.2
793.041199,5437.0
793.160339,5452.2
793.279419,5434.0
793.398499,5363.0
793.517578,5291.4
793.636658,5264.0
793.755737,5218.6
793.874817,5135.6
793.993896,5101.6
794.112976,5101.8
794.232056,5059.6
794.351074,5013.4
794.470215,4980.8
794.589233,4921.4
794.708313,4931.0
794.827393,4925.0
794.946411,4890.2
795.065552,4877.0
795.18457,4812.4
795.303589,4846.6
795.422668,4773.6
795.541687,4747.2
795.660767,4772.2
795.779846,4724.8
795.898865,4707.4
796.017883,4694.4
796.136963,4644.6
796.255981,4587.2
796.375061,4578.4
796.49408,4580.2
796.613037,4580.4
796.732117,4574.8
796.851135,4542.4
796.970154,4545.2
797.089233,4514.6
797.208191,4470.6
797.327271,4461.4
797.446228,4483.2
797.565186,4474.2
797.684265,4478.8
797.803223,4441.0
797.922241,4405.8
798.04126,4446.6
798.160278,4406.4
798.279297,4364.6
798.398315,4410.4
798.517273,4373.0
798.636292,4372.8
798.75531,4373.6
798.874268,4347.6
798.993286,4375.4
799.112244,4360.6
799.231323,4374.2
799.350281,4355.4
799.469238,4338.6
799.588257,4327.2
799.707153,4362.2
799.826111,4318.0
799.945129,4295.0
800.064087,4331.6
800.183044,4327.0
800.302063,4303.4
800.421021,4318.6
800.539978,4261.6
800.658936,4316.2
800.777893,4315.2
800.896912,4278.2
801.015747,4253.2
801.134705,4258.4
801.253723,4237.8
801.37262,4249.8
801.491638,4240.0
801.610535,4235.0
801.729492,4233.6
801.84845,4203.2
801.967407,4228.8
802.086243,4235.0
802.205261,4246.2
802.324158,4221.6
802.443115,4239.2
802.562073,4226.2
802.680969,4240.6
802.799927,4191.6
802.918762,4158.4
803.037659,4190.2
803.156677,4238.8
803.275574,4228.2
803.39447,4174.4
803.513428,4181.2
803.632263,4180.8
803.751221,4206.4
803.870117,4148.8
803.989014,4205.4
804.107971,4214.0
804.226746,4197.2
804.345642,4159.6
804.4646,4201.8
804.583496,4184.6
804.702393,4161.2
804.821228,4151.6
804.940125,4179.6
805.059021,4167.2
805.177917,4199.0
805.296814,4234.0
805.415649,4208.0
805.534546,4197.8
805.653442,4185.8
805.772278,4211.6
805.891113,4173.0
806.01001,4214.0
806.128906,4139.8
806.247742,4161.2
806.366577,4161.0
806.485413,4187.0
806.604309,4178.6
806.723145,4180.6
806.84198,4157.2
806.960876,4166.2
807.079712,4148.8
807.198486,4154.2
807.317383,4188.6
807.436218,4105.8
807.554993,4159.2
807.673889,4118.4
807.792725,4143.2
807.91156,4121.0
808.030396,4109.2
808.14917,4113.2
808.268005,4112.6
808.386841,4134.6
808.505676,4113.0
808.624451,4128.6
808.743286,4122.2
808.862122,4100.8
808.980896,4084.6
809.099731,4114.8
809.218506,4077.6
809.337341,4118.0
809.456116,4074.6
809.57489,4119.6
809.693726,4114.4
809.8125,4116.6
809.931274,4097.8
810.050049,4060.2
810.168884,4054.0
810.287659,4049.6
810.406372,4064.4
810.525269,4058.4
810.643982,4060.8
810.762756,4075.8
810.881531,4039.2
811.000305,4017.0
811.11908,4040.2
811.237854,4014.8
811.356567,4039.6
811.475403,4044.8
811.594116,4037.0
811.71283,4069.0
811.831604,4045.6
811.950378,4065.2
812.069153,4037.6
812.187927,4067.0
812.30658,4050.6
812.425415,4007.4
812.544128,4049.4
812.662781,4049.4
812.781616,4027.2
812.900269,4031.4
813.019043,4045.4
813.137756,4027.2
813.256531,4046.6
813.375244,4022.4
813.493896,4034.2
813.612671,4069.6
813.731384,3982.4
813.850037,4014.4
813.96875,3997.2
814.087524,4018.4
814.206238,3977.6
814.324951,3971.8
814.443604,3950.8
814.562256,3981.8
814.68103,3934.2
814.799683,3972.8
814.918335,3994.8
815.037109,4018.2
815.155762,3964.2
815.274475,3958.6
815.393188,3999.2
815.511841,3982.8
815.630554,3948.8
815.749146,3905.2
815.867859,3910.8
815.986572,3947.2
816.105164,3950.2
816.223877,3960.8
816.342529,3920.4
816.461182,3956.2
816.579895,3964.8
816.698486,3989.8
816.817139,3946.0
816.935791,3995.0
817.054504,3935.8
817.173096,3913.4
817.291748,3920.2
817.4104,3950.6
817.529053,3957.0
817.647644,3946.8
817.766235,3887.8
817.884949,3938.8
818.00354,3892.2
818.122192,3902.2
818.240845,3901.8
818.359436,3888.8
818.478088,3899.8
818.59668,3916.4
818.715271,3910.0
818.833923,3854.4
818.952515,3864.0
819.071106,3854.8
819.189758,3883.6
819.30835,3866.8
819.426941,3869.4
819.545532,3870.4
819.664124,3852.6
819.782715,3870.0
819.901306,3870.2
820.019897,3839.2
820.138489,3896.2
820.25708,3878.8
820.375671,3884.0
820.494202,3852.8
820.612732,3850.6
820.731384,3854.2
820.849915,3815.4
820.968506,3796.0
821.087097,3831.8
821.205627,3802.2
821.324158,3806.6
821.442749,3827.6
821.561279,3793.2
821.679871,3791.2
821.798401,3766.4
821.916931,3769.6
822.035461,3806.6
822.154053,3821.0
822.272583,3768.4
822.391174,3783.6
822.509583,3752.4
822.628174,3786.0
822.746704,3793.0
822.865234,3721.6
822.983765,3746.4
823.102295,3783.0
823.220825,3755.8
823.339294,3760.0
823.457825,3758.8
823.576355,3767.6
823.694824,3758.2
823.813354,3768.4
823.931885,3760.8
824.050354,3814.4
824.168884,3760.0
824.287354,3802.0
824.405823,3727.2
824.524353,3802.8
824.642822,3737.2
824.761353,3775.0
824.879822,3764.4
824.998291,3747.2
825.116699,3722.4
825.235291,3766.0
825.353699,3745.6
825.472168,3721.0
825.590637,3764.6
825.709106,3771.8
825.827576,3739.4
825.946045,3695.0
826.064453,3729.6
826.182983,3722.6
826.301392,3720.4
826.4198,3709.0
826.53833,3704.2
826.656738,3740.2
826.775208,3683.0
826.893677,3713.4
827.012024,3713.4
827.130493,3696.8
827.248962,3700.8
827.36731,3702.0
827.485779,3727.8
827.604248,3735.4
827.722595,3745.6
827.841064,3669.0
827.959412,3713.8
828.077942,3695.4
828.196289,3674.4
828.314636,3627.4
828.433105,3662.2
828.551514,3664.4
828.669861,3657.0
828.78833,3639.6
828.906677,3648.6
829.025085,3654.2
829.143433,3685.4
829.261841,3649.0
829.38031,3650.6
829.498657,3632.2
829.617004,3641.6
829.735413,3666.4
829.85376,3609.6
829.972107,3666.8
830.090515,3648.4
830.208862,3627.4
830.327209,3637.6
830.445557,3651.4
830.563904,3683.8
830.682312,3651.0
830.800659,3635.4
830.919006,3669.0
831.037354,3637.6
831.155701,3665.0
831.274048,3657.0
831.392395,3647.8
831.51062,3637.6
831.629028,3635.8
831.747314,3654.6
831.865662,3668.4
831.984009,3641.8
832.102356,3646.0
832.220642,3625.6
832.338928,3628.6
832.457275,3626.4
832.575623,3631.4
832.693909,3639.8
832.812134,3647.8
832.930481,3638.0
833.048828,3628.6
833.167114,3627.2
833.2854,3617.4
833.403687,3633.0
833.521973,3628.6
833.640259,3587.0
833.758545,3637.4
833.876831,3618.2
833.995056,3628.4
834.113281,3639.8
834.231628,3656.8
834.349915,3603.4
834.468201,3627.0
834.586426,3611.0
834.704651,3595.6
834.822998,3626.2
834.941162,3672.0
835.059448,3659.0
835.177673,3643.8
835.295959,3632.8
835.414246,3620.4
835.53241,3622.8
835.650635,3631.6
835.768921,3607.6
835.887146,3601.2
836.005371,3640.6
836.123596,3631.2
836.241821,3613.6
836.360046,3636.8
836.478271,3620.6
836.596497,3643.0
836.714722,3609.0
836.832886,3588.8
836.95105,3566.6
837.069336,3620.8
837.1875,3566.2
837.305725,3600.4
837.423889,3593.2
837.542053,3610.6
837.660339,3575.8
837.778503,3603.6
837.896667,3577.8
838.014832,3627.0
838.132996,3607.4
838.25116,3565.0
838.369385,3572.4
838.487488,3605.2
838.605713,3605.6
838.723877,3616.2
838.84198,3566.4
838.960205,3573.6
839.078308,3593.8
839.196472,3598.0
839.314636,3606.8
839.4328,3614.4
839.550964,3623.0
839.669067,3604.6
839.787231,3592.8
839.905396,3627.6
840.023499,3613.4
840.141602,3595.0
840.259766,3618.6
840.377869,3579.4
840.495972,3569.8
840.614136,3577.8
840.732239,3593.4
840.850342,3550.4
840.968445,3547.8
841.086548,3539.4
841.204651,3565.8
841.322754,3565.6
841.440918,3575.0
841.55896,3621.2
841.677002,3560.6
841.795166,3578.4
841.913208,3565.4
842.031311,3592.6
842.149353,3609.2
842.267456,3564.2
842.385498,3607.4
842.503601,3592.8
842.621643,3569.0
842.739746,3580.6
842.857788,3593.8
842.97583,3627.2
843.093933,3595.2
843.211975,3621.0
843.330017,3601.8
843.44812,3616.4
843.566101,3579.0
843.684204,3583.4
843.802246,3555.2
843.920227,3581.2
844.038269,3598.6
844.156311,3578.4
844.274292,3580.8
844.392395,3603.8
844.510376,3596.4
844.628357,3593.6
844.74646,3595.2
844.864441,3583.8
844.982422,3575.2
845.100403,3586.0
845.218384,3563.8
845.336426,3555.0
845.454468,3572.4
845.572449,3551.8
845.69043,3604.0
845.808411,3565.4
845.926453,3553.4
846.044373,3557.6
846.162354,3554.8
846.280396,3557.6
846.398315,3560.4
846.516296,3538.0
846.634216,3561.8
846.752197,3571.6
846.870178,3536.2
846.988098,3577.2
847.106079,3596.6
847.22406,3549.8
847.34198,3585.0
847.4599,3571.0
847.577881,3601.0
847.695801,3583.6
847.813782,3594.2
847.931641,3576.8
848.049561,3554.6
848.167603,3578.4
848.285461,3593.6
848.403381,3598.2
848.521362,3579.8
848.639221,3615.6
848.75708,3599.2
848.875,3598.4
848.99292,3600.4
849.110901,3607.4
849.22876,3578.8
849.34668,3551.6
849.464539,3562.8
849.582458,3579.8
849.700317,3547.6
849.818176,3550.2
849.936096,3549.8
850.053955,3554.0
850.171875,3560.0
850.289673,3572.8
850.407593,3527.0
850.525452,3531.4
850.643311,3536.4
850.761169,3546.0
850.878967,3541.6
850.996887,3568.0
851.114746,3558.6
851.232544,3575.4
851.350403,3556.8
851.468262,3534.2
851.58606,3571.0
851.703979,3556.2
851.821777,3549.4
851.939636,3557.2
852.057434,3575.0
852.175232,3620.6
852.293091,3632.4
852.410889,3664.4
852.528687,3637.4
852.646545,3658.8
852.764343,3631.0
852.88208,3599.4
852.999939,3589.0
853.117676,3607.4
853.235535,3575.4
853.353271,3559.8
853.471069,3563.6
853.588928,3503.8
853.706604,3548.2
853.824402,3527.4
853.9422,3562.4
854.059998,3561.2
854.177734,3542.8
854.295532,3552.8
854.413269,3560.8
854.531006,3558.6
854.648804,3599.6
854.766541,3589.8
854.884277,3568.4
855.002014,3619.8
855.119751,3609.2
855.237549,3604.8
855.355225,3619.0
855.473022,3630.4
855.590698,3600.2
855.708435,3577.0
855.826172,3540.0
855.943848,3633.0
856.061646,3577.8
856.179321,3573.8
856.296997,3569.8
856.414795,3588.8
856.53241,3564.6
856.650085,3613.6
856.767822,3569.8
856.885559,3585.4
857.003174,3542.6
857.120911,3558.4
857.238586,3565.8
857.356201,3603.2
857.473938,3558.4
857.591614,3552.0
857.709351,3561.8
857.826965,3556.2
857.944641,3571.0
858.062317,3540.4
858.179993,3559.0
858.297668,3545.8
858.415283,3533.0
858.532959,3535.6
858.650574,3555.4
858.768188,3573.6
858.885803,3586.4
859.003479,3555.2
859.121094,3543.6
859.23877,3559.0
859.356384,3594.8
859.473999,3561.0
859.591675,3557.2
859.709229,3584.4
859.826843,3573.8
859.944458,3539.0
860.062012,3546.8
860.179626,3538.2
860.297302,3541.6
860.414856,3506.4
860.532471,3523.0
860.650024,3548.2
860.767639,3519.2
860.885193,3522.6
861.002808,3520.8
861.120361,3575.4
861.237976,3548.4
861.35553,3541.8
861.473022,3525.6
861.590698,3526.6
861.708191,3503.8
861.825745,3508.4
861.943298,3494.8
862.060852,3477.6
862.178406,3483.4
862.295959,3435.2
862.413513,3446.6
862.531006,3497.4
862.64856,3455.2
862.766113,3490.0
862.883667,3460.6
863.00116,3472.6
863.118713,3460.8
863.236206,3482.6
863.353699,3454.6
863.471252,3467.2
863.588745,3449.8
863.706177,3480.8
863.82373,3477.0
863.941162,3479.2
864.058716,3481.0
864.176208,3482.2
864.29364,3451.4
864.411194,3504.8
864.528687,3453.2
864.646118,3491.4
864.763611,3435.8
864.881042,3462.0
864.998535,3468.2
865.116028,3476.2
865.233459,3462.2
865.350891,3460.8
865.468384,3485.2
865.585754,3467.0
865.703308,3469.2
865.820679,3505.6
865.938171,3477.0
866.055542,3465.2
866.173035,3477.0
866.290466,3476.8
866.407837,3495.4
866.52533,3466.4
866.6427,3525.0
866.760071,3496.0
866.877563,3481.2
866.994934,3490.0
867.112305,3471.4
867.229736,3482.8
867.347107,3495.6
867.464539,3454.0
867.58197,3494.0
867.699341,3520.8
867.81665,3481.8
867.934082,3460.8
868.051453,3477.0
868.168823,3452.8
868.286194,3487.8
868.403564,3520.2
868.520935,3480.4
868.638306,3500.8
868.755676,3504.8
868.872986,3522.0
868.990295,3498.2
869.107727,3524.0
869.225037,3517.6
869.342346,3495.0
869.459717,3512.8
869.577026,3520.6
869.694336,3515.4
869.811707,3472.0
869.929016,3510.0
870.046326,3517.2
870.163635,3497.4
870.280945,3501.6
870.398254,3484.2
870.515564,3500.0
870.632812,3489.8
870.750183,3530.6
870.867432,3500.4
870.984741,3462.0
871.102051,3520.0
871.219299,3503.0
871.336609,3548.4
871.453918,3515.8
871.571106,3506.6
871.688416,3527.4
871.805664,3514.0
871.922852,3505.2
872.040222,3499.8
872.157471,3526.8
872.274719,3521.0
872.391968,3517.8
872.509155,3484.4
872.626465,3529.4
872.743652,3523.2
872.860962,3523.8
872.978149,3495.0
873.095337,3490.8
873.212646,3490.2
873.329834,3464.8
873.44696,3469.0
873.564209,3484.2
873.681396,3469.6
873.798645,3495.2
873.915894,3474.4
874.03302,3471.6
874.150208,3493.0
874.267456,3479.8
874.384583,3473.8
874.501831,3444.0
874.618958,3475.0
874.736145,3486.8
874.853333,3489.2
874.970459,3504.6
875.087646,3529.6
875.204834,3508.4
875.32196,3508.0
875.439148,3494.4
875.556274,3478.0
875.673401,3507.4
875.790527,3493.2
875.907715,3475.2
876.024841,3493.0
876.141968,3517.8
876.259094,3495.0
876.376282,3515.2
876.493347,3485.2
876.610474,3505.4
876.7276,3510.2
876.844727,3480.0
876.961853,3482.6
877.078918,3480.8
877.195984,3512.6
877.313171,3524.0
877.430237,3486.0
877.547302,3485.2
877.664368,3522.6
877.781433,3513.2
877.898499,3497.2
878.015625,3492.0
878.13269,3481.8
878.249695,3491.4
878.366821,3482.4
878.483887,3470.4
878.600952,3478.6
878.717957,3462.2
878.834961,3517.8
878.952087,3479.6
879.069092,3517.2
879.186157,3471.8
879.303162,3443.0
879.420227,3450.2
879.537231,3444.6
879.654236,3447.2
879.77124,3425.4
879.888306,3419.8
880.005249,3430.8
880.122314,3412.4
880.239319,3427.0
880.356323,3423.8
880.473328,3428.8
880.590271,3413.8
880.707275,3439.0
880.824341,3424.2
880.941284,3421.8
881.058228,3427.0
881.175232,3462.8
881.292236,3451.2
881.40918,3419.6
881.526123,3435.2
881.643066,3437.0
881.760071,3437.4
881.877014,3444.8
881.993958,3461.2
882.11084,3424.6
882.227783,3431.2
882.344727,3412.0
882.46167,3414.6
882.578613,3408.6
882.695618,3413.2
882.812439,3397.0
882.929382,3400.8
883.046326,3424.6
883.163208,3402.8
883.280151,3403.8
883.397034,3401.4
883.513916,3435.4
883.630798,3402.6
883.747742,3429.4
883.864563,3434.2
883.981506,3446.8
884.098389,3439.6
884.21521,3414.6
884.332153,3449.2
884.448975,3437.8
884.565796,3453.2
884.682678,3417.2
884.7995,3441.0
884.916443,3447.0
885.033264,3486.2
885.150085,3441.6
885.266968,3496.6
885.383789,3490.0
885.500671,3482.0
885.617493,3518.4
885.734314,3540.4
885.851196,3565.4
885.967896,3494.4
886.084717,3510.2
886.201599,3550.4
886.318359,3518.6
886.435181,3529.8
886.552002,3510.6
886.668762,3537.2
886.785645,3503.2
886.902344,3506.4
887.019165,3481.0
887.135925,3471.6
887.252747,3510.8
887.369446,3452.8
887.486267,3473.8
887.603027,3482.0
887.719788,3460.8
887.836548,3438.6
887.953247,3412.4
888.070068,3425.6
888.186829,3414.0
888.303528,3396.2
888.420288,3392.6
888.536987,3384.2
888.653687,3413.8
888.770447,3407.8
888.887146,3387.4
889.003967,3411.2
889.120667,3409.0
889.237305,3373.4
889.354065,3398.0
889.470703,3381.6
889.587463,3376.4
889.704163,3400.0
889.820862,3353.8
889.937561,3386.0
890.054199,3346.0
890.170837,3346.6
890.287598,3357.2
890.404236,3371.4
890.520874,3368.6
890.637634,3371.0
890.754211,3380.4
890.87085,3382.8
890.987549,3376.6
891.104187,3375.4
891.220886,3381.8
891.337463,3350.0
891.454102,3360.6
891.57074,3392.8
891.687378,3370.2
891.804077,3369.0
891.920654,3356.6
892.037231,3331.4
892.15387,3329.0
892.270447,3342.6
892.387085,3369.2
892.503723,3388.4
892.6203,3368.4
892.736877,3329.4
892.853516,3351.0
892.970032,3378.0
893.08667,3345.6
893.203186,3385.6
893.319763,3379.2
893.43634,3373.6
893.552917,3363.0
893.669556,3383.0
893.786011,3380.0
893.902588,3369.8
894.019165,3383.2
894.135681,3386.0
894.252197,3406.2
894.368835,3401.4
894.485291,3392.6
894.601868,3385.6
894.718384,3411.8
894.8349,3369.2
894.951355,3368.4
895.067932,3360.8
895.184448,3393.4
895.300964,3390.8
895.417419,3386.6
895.533936,3398.6
895.650452,3377.8
895.766907,3418.8
895.883423,3398.2
895.999878,3418.0
896.116333,3379.8
896.232849,3420.4
896.349304,3388.6
896.465759,3382.6
896.582214,3387.8
896.698669,3380.2
896.815125,3360.2
896.931641,3386.0
897.048035,3387.8
897.164551,3371.0
897.280884,3394.8
897.397339,3384.0
897.513794,3417.0
897.630249,3424.2
897.746582,3393.0
897.863098,3408.8
897.979431,3401.4
898.095886,3446.0
898.212341,3422.8
898.328674,3434.0
898.445129,3417.8
898.561462,3395.0
898.677795,3406.4
898.794312,3386.0
898.910645,3379.2
899.026978,3358.4
899.143433,3415.0
899.259766,3384.8
899.37616,3374.6
899.492493,3356.0
899.608765,3400.2
899.725159,3378.0
899.841553,3387.2
899.957947,3404.6
900.07428,3404.2
900.190552,3408.2
900.306946,3402.2
900.423157,3399.6
900.53949,3400.2
900.655884,3416.0
900.772156,3408.2
900.888489,3420.8
901.004822,3403.6
901.121033,3368.0
901.237366,3406.2
901.353699,3434.8
901.46991,3386.4
901.586304,3380.6
901.702515,3384.2
901.818787,3379.6
901.93512,3421.2
902.051331,3400.8
902.167603,3397.4
902.283875,3459.0
902.400085,3428.0
902.516418,3414.6
902.632629,3409.4
902.74884,3434.2
902.865112,3444.6
902.981384,3454.6
903.097595,3444.4
903.213867,3430.8
903.330017,3459.4
903.446289,3474.8
903.5625,3438.2
903.67865,3409.4
903.794922,3464.2
903.911072,3429.2
904.027344,3431.2
904.143494,3449.6
904.259705,3416.8
904.375916,3388.8
904.492065,3351.8
904.608215,3399.0
904.724426,3395.0
904.840576,3378.6
904.956726,3361.6
905.072876,3373.6
905.189087,3365.0
905.305176,3381.6
905.421387,3382.0
905.537537,3387.6
905.653687,3392.0
905.769775,3407.6
905.885925,3395.6
906.002014,3409.0
906.118164,3356.4
906.234314,3366.4
906.350403,3371.4
906.466492,3361.2
906.582642,3381.4
906.69873,3349.4
906.814758,3320.4
906.930908,3371.4
907.046936,3347.2
907.163086,3341.0
907.279175,3359.8
907.395264,3341.6
907.511353,3334.0
907.62738,3354.4
907.743408,3335.6
907.859497,3356.0
907.975525,3335.2
908.091553,3340.6
908.207703,3361.8
908.32373,3360.0
908.439758,3343.2
908.555786,3337.6
908.671814,3356.4
908.787842,3336.8
908.90387,3358.4
909.019775,3365.0
909.135864,3299.8
909.251892,3331.2
909.367859,3333.6
909.483826,3342.0
909.599854,3313.4
909.715881,3332.0
909.831848,3348.6
909.947815,3303.0
910.063782,3345.4
910.179749,3318.6
910.295776,3346.8
910.411743,3371.6
910.527649,3322.0
910.643616,3371.0
910.759583,3346.8
910.875488,3312.0
910.991455,3350.4
911.107361,3344.4
911.223267,3343.4
911.339294,3339.8
911.4552,3347.2
911.571106,3305.0
911.687073,3318.2
911.802979,3305.2
911.918823,3336.0
912.034729,3314.6
912.150635,3296.2
912.266602,3295.4
912.382446,3281.6
912.498352,3295.2
912.614197,3306.4
912.730103,3281.2
912.846008,3297.8
792.44574,4934.4
792.56488,4848.6
792.68396,4874.4
792.80304,4837.8
792.92218,4707.2
793.041199,4729.4
793.160339,4721.8
793.279419,4682.4
793.398499,4663.2
793.517578,4647.6
793.636658,4585.0
793.755737,4570.2
793.874817,4508.8
793.993896,4550.8
794.112976,4495.6
794.232056,4444.6
794.351074,4481.6
794.470215,4462.0
794.589233,4428.8
794.708313,4431.4
794.827393,4398.8
794.946411,4404.2
795.065552,4343.2
795.18457,4366.0
795.303589,4344.2
795.422668,4299.6
795.541687,4301.4
795.660767,4285.6
795.779846,4247.2
795.898865,4247.0
796.017883,4253.6
796.136963,4225.2
796.255981,4241.8
796.375061,4199.8
796.49408,4211.6
796.613037,4197.0
796.732117,4192.6
796.851135,4135.0
796.970154,4110.8
797.089233,4143.0
797.208191,4129.8
797.327271,4141.6
797.446228,4125.8
797.565186,4132.8
797.684265,4112.4
797.803223,4114.8
797.922241,4071.0
798.04126,4100.2
798.160278,4033.2
798.279297,4071.8
798.398315,4077.4
798.517273,4041.2
798.636292,4054.2
798.75531,4052.0
798.874268,4052.2
798.993286,4083.4
799.112244,4001.2
799.231323,4043.0
799.350281,4014.0
799.469238,4005.0
799.588257,4045.6
799.707153,4009.8
799.826111,3998.4
799.945129,4017.4
800.064087,3977.2
800.183044,4053.2
800.302063,4015.0
800.421021,3996.2
800.539978,3960.2
800.658936,3979.6
800.777893,3982.2
800.896912,3988.8
801.015747,3945.8
801.134705,3953.6
801.253723,3968.8
801.37262,3944.6
801.491638,3931.6
801.610535,3931.6
801.729492,3939.0
801.84845,3911.0
801.967407,3940.8
802.086243,3958.2
802.205261,3942.6
802.324158,3943.4
802.443115,3923.2
802.562073,3920.6
802.680969,3951.6
802.799927,3922.4
802.918762,3921.8
803.037659,3909.6
803.156677,3954.2
803.275574,3888.6
803.39447,3928.4
803.513428,3915.6
803.632263,3926.6
803.751221,3885.8
803.870117,3927.2
803.989014,3934.6
804.107971,3915.0
804.226746,3912.2
804.345642,3927.0
804.4646,3940.8
804.583496,3937.8
804.702393,3904.0
804.821228,3900.6
804.940125,3916.2
805.059021,3910.6
805.177917,3901.6
805.296814,3903.2
805.415649,3945.4
805.534546,3923.8
805.653442,3919.4
805.772278,3915.6
805.891113,3930.6
806.01001,3906.0
806.128906,3889.4
806.247742,3880.2
806.366577,3922.6
806.485413,3892.8
806.604309,3889.2
806.723145,3860.2
806.84198,3884.8
806.960876,3881.0
807.079712,3891.6
807.198486,3883.8
807.317383,3877.6
807.436218,3817.2
807.554993,3844.8
807.673889,3840.2
807.792725,3867.6
807.91156,3885.0
808.030396,3874.6
808.14917,3826.2
808.268005,3850.0
808.386841,3863.8
808.505676,3877.0
808.624451,3842.8
808.743286,3847.4
808.862122,3833.6
808.980896,3851.4
809.099731,3849.8
809.218506,3833.8
809.337341,3836.4
809.456116,3835.6
809.57489,3861.2
809.693726,3855.4
809.8125,3817.0
809.931274,3822.0
810.050049,3832.8
810.168884,3863.8
810.287659,3842.8
810.406372,3832.6
810.525269,3823.0
810.643982,3827.6
810.762756,3800.8
810.881531,3785.8
811.000305,3805.0
811.11908,3772.0
811.237854,3786.0
811.356567,3776.4
811.475403,3808.4
811.594116,3815.8
811.71283,3809.4
811.831604,3799.6
811.950378,3798.2
812.069153,3760.8
812.187927,3791.2
812.30658,3815.6
812.425415,3762.2
812.544128,3776.6
812.662781,3788.2
812.781616,3822.0
812.900269,3792.4
813.019043,3777.0
813.137756,3773.2
813.256531,3775.2
813.375244,3736.6
813.493896,3750.2
813.612671,3763.0
813.731384,3742.2
813.850037,3723.6
813.96875,3738.2
814.087524,3746.2
814.206238,3733.8
814.324951,3728.0
814.443604,3743.2
814.562256,3728.8
814.68103,3733.6
814.799683,3729.4
814.918335,3746.0
815.037109,3714.4
815.155762,3702.6
815.274475,3695.6
815.393188,3715.8
815.511841,3735.2
815.630554,3716.2
815.749146,3699.6
815.867859,3680.2
815.986572,3676.4
816.105164,3683.2
816.223877,3712.0
816.342529,3687.8
816.461182,3695.2
816.579895,3723.6
816.698486,3729.4
816.817139,3708.4
816.935791,3694.6
817.054504,3705.4
817.173096,3696.6
817.291748,3677.2
817.4104,3713.6
817.529053,3695.4
817.647644,3711.0
817.766235,3652.8
817.884949,3662.6
818.00354,3662.2
818.122192,3673.0
818.240845,3634.0
818.359436,3639.2
818.478088,3673.8
818.59668,3632.6
818.715271,3650.8
818.833923,3638.8
818.952515,3635.6
819.071106,3637.2
819.189758,3639.8
819.30835,3618.8
819.426941,3597.8
819.545532,3593.2
819.664124,3611.2
819.782715,3592.0
819.901306,3634.4
820.019897,3582.2
820.138489,3626.0
820.25708,3629.8
820.375671,3638.8
820.494202,3622.8
820.612732,3611.8
820.731384,3597.2
820.849915,3595.0
820.968506,3600.6
821.087097,3570.6
821.205627,3615.6
821.324158,3600.2
821.442749,3578.8
821.561279,3585.0
821.679871,3537.0
821.798401,3566.4
821.916931,3558.4
822.035461,3550.2
822.154053,3579.8
822.272583,3514.4
822.391174,3570.4
822.509583,3534.4
822.628174,3539.0
822.746704,3554.4
822.865234,3540.6
822.983765,3536.0
823.102295,3527.0
823.220825,3510.4
823.339294,3539.6
823.457825,3563.2
823.576355,3535.2
823.694824,3553.8
823.813354,3556.2
823.931885,3547.2
824.050354,3516.6
824.168884,3554.2
824.287354,3540.0
824.405823,3520.4
824.524353,3545.8
824.642822,3569.0
824.761353,3543.2
824.879822,3530.8
824.998291,3549.6
825.116699,3510.6
825.235291,3541.0
825.353699,3525.2
825.472168,3532.0
825.590637,3541.8
825.709106,3514.6
825.827576,3491.4
825.946045,3492.2
826.064453,3506.8
826.182983,3496.2
826.301392,3490.8
826.4198,3480.2
826.53833,3507.0
826.656738,3476.6
826.775208,3476.4
826.893677,3489.8
827.012024,3498.0
827.130493,3471.2
827.248962,3468.8
827.36731,3490.8
827.485779,3478.0
827.604248,3475.4
827.722595,3474.4
827.841064,3439.6
827.959412,3489.6
828.077942,3440.2
828.196289,3478.0
828.314636,3426.0
828.433105,3416.6
828.551514,3456.8
828.669861,3473.8
828.78833,3412.4
828.906677,3430.2
829.025085,3424.6
829.143433,3434.2
829.261841,3436.6
829.38031,3440.6
829.498657,3429.4
829.617004,3416.4
829.735413,3449.2
829.85376,3420.6
829.972107,3416.0
830.090515,3418.4
830.208862,3411.2
830.327209,3446.2
830.445557,3422.2
830.563904,3455.6
830.682312,3445.8
830.800659,3438.6
830.919006,3418.8
831.037354,3418.6
831.155701,3464.6
831.274048,3395.2
831.392395,3414.8
831.51062,3406.2
831.629028,3382.4
831.747314,3422.8
831.865662,3441.4
831.984009,3427.4
832.102356,3437.4
832.220642,3410.8
832.338928,3428.8
832.457275,3432.6
832.575623,3455.6
832.693909,3412.4
832.812134,3420.2
832.930481,3401.4
833.048828,3386.0
833.167114,3392.2
833.2854,3403.8
833.403687,3395.2
833.521973,3399.8
833.640259,3371.6
833.758545,3379.8
833.876831,3362.8
833.995056,3366.8
834.113281,3410.0
834.231628,3416.2
834.349915,3374.6
834.468201,3390.0
834.586426,3417.0
834.704651,3375.6
834.822998,3397.4
834.941162,3420.8
835.059448,3401.6
835.177673,3427.4
835.295959,3396.8
835.414246,3399.6
835.53241,3383.2
835.650635,3384.0
835.768921,3406.0
835.887146,3382.8
836.005371,3371.8
836.123596,3394.0
836.241821,3384.6
836.360046,3369.2
836.478271,3382.2
836.596497,3370.6
836.714722,3375.2
836.832886,3352.2
836.95105,3348.2
837.069336,3371.8
837.1875,3358.2
837.305725,3345.0
837.423889,3387.2
837.542053,3362.0
837.660339,3389.8
837.778503,3366.0
837.896667,3357.4
838.014832,3367.8
838.132996,3373.6
838.25116,3354.6
838.369385,3384.4
838.487488,3375.2
838.605713,3386.6
838.723877,3371.4
838.84198,3381.6
838.960205,3334.2
839.078308,3356.4
839.196472,3346.0
839.314636,3352.2
839.4328,3365.8
839.550964,3375.2
839.669067,3348.0
839.787231,3344.8
839.905396,3351.8
840.023499,3385.8
840.141602,3352.8
840.259766,3328.4
840.377869,3343.4
840.495972,3328.4
840.614136,3322.4
840.732239,3316.0
840.850342,3287.8
840.968445,3276.4
841.086548,3318.4
841.204651,3346.2
841.322754,3312.2
841.440918,3316.0
841.55896,3351.2
841.677002,3328.6
841.795166,3349.6
841.913208,3342.0
842.031311,3349.2
842.149353,3326.2
842.267456,3318.2
842.385498,3341.2
842.503601,3319.6
842.621643,3293.8
842.739746,3347.8
842.857788,3340.6
842.97583,3311.8
843.093933,3340.0
843.211975,3323.2
843.330017,3356.6
843.44812,3349.0
843.566101,3334.0
843.684204,3338.4
843.802246,3319.8
843.920227,3305.2
844.038269,3346.2
844.156311,3373.8
844.274292,3314.8
844.392395,3345.0
844.510376,3341.0
844.628357,3317.4
844.74646,3351.2
844.864441,3323.0
844.982422,3330.0
845.100403,3345.0
845.218384,3309.8
845.336426,3308.6
845.454468,3322.8
845.572449,3347.6
845.69043,3303.2
845.808411,3297.0
845.926453,3316.4
846.044373,3301.4
846.162354,3313.6
846.280396,3334.6
846.398315,3321.4
846.516296,3305.8
846.634216,3304.0
846.752197,3275.6
846.870178,3336.4
846.988098,3291.2
847.106079,3337.0
847.22406,3279.2
847.34198,3302.0
847.4599,3318.6
847.577881,3317.4
847.695801,3314.6
847.813782,3313.8
847.931641,3329.2
848.049561,3316.0
848.167603,3290.6
848.285461,3302.6
848.403381,3322.4
848.521362,3372.2
848.639221,3329.4
848.75708,3345.2
848.875,3309.0
848.99292,3316.8
849.110901,3322.6
849.22876,3358.4
849.34668,3314.8
849.464539,3316.4
849.582458,3303.8
849.700317,3296.2
849.818176,3323.0
849.936096,3311.6
850.053955,3301.8
850.171875,3312.2
850.289673,3334.6
850.407593,3268.8
850.525452,3317.2
850.643311,3288.4
850.761169,3291.6
850.878967,3296.4
850.996887,3292.8
851.114746,3342.0
851.232544,3292.8
851.350403,3308.8
851.468262,3313.4
851.58606,3317.6
851.703979,3300.2
851.821777,3307.6
851.939636,3299.8
852.057434,3351.0
852.175232,3342.0
852.293091,3372.2
852.410889,3383.0
852.528687,3375.2
852.646545,3338.0
852.764343,3346.8
852.88208,3332.6
852.999939,3326.8
853.117676,3302.2
853.235535,3310.0
853.353271,3312.4
853.471069,3312.6
853.588928,3267.4
853.706604,3305.8
853.824402,3308.0
853.9422,3311.6
854.059998,3312.4
854.177734,3303.8
854.295532,3334.0
854.413269,3293.4
854.531006,3321.0
854.648804,3323.6
854.766541,3335.0
854.884277,3331.4
855.002014,3320.8
855.119751,3357.2
855.237549,3363.4
855.355225,3332.8
855.473022,3341.8
855.590698,3318.8
855.708435,3329.8
855.826172,3329.4
855.943848,3335.6
856.061646,3336.8
856.179321,3335.2
856.296997,3330.8
856.414795,3357.0
856.53241,3327.6
856.650085,3331.0
856.767822,3320.2
856.885559,3370.8
857.003174,3343.0
857.120911,3340.0
857.238586,3305.4
857.356201,3330.6
857.473938,3315.6
857.591614,3292.8
857.709351,3329.6
857.826965,3315.8
857.944641,3311.6
858.062317,3286.8
858.179993,3321.0
858.297668,3303.4
858.415283,3297.4
858.532959,3318.0
858.650574,3333.2
858.768188,3323.6
858.885803,3322.8
859.003479,3312.0
859.121094,3292.6
859.23877,3303.0
859.356384,3308.0
859.473999,3311.4
859.591675,3314.6
859.709229,3320.8
859.826843,3302.4
859.944458,3290.6
860.062012,3287.2
860.179626,3277.6
860.297302,3309.8
860.414856,3286.2
860.532471,3290.0
860.650024,3261.0
860.767639,3315.0
860.885193,3283.8
861.002808,3258.0
861.120361,3291.6
861.237976,3276.0
861.35553,3271.8
861.473022,3271.4
861.590698,3284.2
861.708191,3301.2
861.825745,3317.0
861.943298,3291.8
862.060852,3276.0
862.178406,3233.8
862.295959,3244.0
862.413513,3237.6
862.531006,3233.2
862.64856,3244.4
862.766113,3240.4
862.883667,3244.8
863.00116,3237.8
863.118713,3247.8
863.236206,3235.0
863.353699,3263.4
863.471252,3236.4
863.588745,3260.0
863.706177,3263.8
863.82373,3270.4
863.941162,3251.2
864.058716,3223.4
864.176208,3217.0
864.29364,3269.4
864.411194,3260.8
864.528687,3256.6
864.646118,3266.2
864.763611,3235.8
864.881042,3238.4
864.998535,3263.8
865.116028,3249.4
865.233459,3234.2
865.350891,3226.2
865.468384,3261.2
865.585754,3253.6
865.703308,3290.4
865.820679,3267.2
865.938171,3247.2
866.055542,3275.6
866.173035,3248.2
866.290466,3245.8
866.407837,3261.8
866.52533,3265.6
866.6427,3288.2
866.760071,3245.0
866.877563,3247.6
866.994934,3272.6
867.112305,3243.0
867.229736,3259.2
867.347107,3212.0
867.464539,3255.8
867.58197,3233.0
867.699341,3226.2
867.81665,3273.0
867.934082,3265.4
868.051453,3235.0
868.168823,3235.8
868.286194,3265.4
868.403564,3259.6
868.520935,3220.0
868.638306,3251.6
868.755676,3266.2
868.872986,3272.8
868.990295,3264.8
869.107727,3290.8
869.225037,3264.4
869.342346,3259.0
869.459717,3282.8
869.577026,3281.4
869.694336,3259.8
869.811707,3238.0
869.929016,3242.8
870.046326,3267.4
870.163635,3289.2
870.280945,3247.0
870.398254,3252.6
870.515564,3270.6
870.632812,3236.2
870.750183,3297.4
870.867432,3277.6
870.984741,3234.4
871.102051,3245.2
871.219299,3248.0
871.336609,3286.6
871.453918,3273.2
871.571106,3253.4
871.688416,3288.6
871.805664,3275.8
871.922852,3269.2
872.040222,3238.8
872.157471,3306.2
872.274719,3277.6
872.391968,3293.2
872.509155,3241.4
872.626465,3259.8
872.743652,3260.2
872.860962,3247.2
872.978149,3240.8
873.095337,3256.0
873.212646,3256.0
873.329834,3251.0
873.44696,3258.2
873.564209,3255.2
873.681396,3254.0
873.798645,3234.2
873.915894,3242.6
874.03302,3241.2
874.150208,3228.4
874.267456,3234.2
874.384583,3241.0
874.501831,3250.0
874.618958,3245.6
874.736145,3246.2
874.853333,3244.8
874.970459,3245.8
875.087646,3283.4
875.204834,3266.8
875.32196,3279.6
875.439148,3266.0
875.556274,3278.4
875.673401,3250.8
875.790527,3239.6
875.907715,3239.0
876.024841,3230.8
876.141968,3242.4
876.259094,3236.2
876.376282,3261.8
876.493347,3262.6
876.610474,3228.4
876.7276,3258.2
876.844727,3251.2
876.961853,3255.2
877.078918,3268.8
877.195984,3274.6
877.313171,3295.0
877.430237,3263.6
877.547302,3251.8
877.664368,3235.8
877.781433,3258.0
877.898499,3261.6
878.015625,3239.8
878.13269,3241.6
878.249695,3277.4
878.366821,3217.4
878.483887,3267.0
878.600952,3278.8
878.717957,3222.8
878.834961,3243.2
878.952087,3258.4
879.069092,3242.2
879.186157,3288.2
879.303162,3211.2
879.420227,3237.4
879.537231,3231.6
879.654236,3233.4
879.77124,3215.6
879.888306,3194.6
880.005249,3200.8
880.122314,3210.0
880.239319,3222.2
880.356323,3215.8
880.473328,3200.0
880.590271,3175.2
880.707275,3177.8
880.824341,3220.0
880.941284,3221.6
881.058228,3185.2
881.175232,3227.8
881.292236,3208.8
881.40918,3204.8
881.526123,3272.2
881.643066,3251.2
881.760071,3231.4
881.877014,3181.4
881.993958,3273.0
882.11084,3237.0
882.227783,3250.6
882.344727,3215.2
882.46167,3217.8
882.578613,3181.4
882.695618,3233.0
882.812439,3181.4
882.929382,3237.4
883.046326,3218.2
883.163208,3222.8
883.280151,3204.6
883.397034,3221.8
883.513916,3203.4
883.630798,3218.6
883.747742,3219.0
883.864563,3251.2
883.981506,3239.0
884.098389,3246.8
884.21521,3242.4
884.332153,3186.0
884.448975,3228.4
884.565796,3210.4
884.682678,3242.2
884.7995,3229.8
884.916443,3205.8
885.033264,3283.8
885.150085,3265.4
885.266968,3266.8
885.383789,3253.0
885.500671,3293.2
885.617493,3282.2
885.734314,3280.6
885.851196,3291.4
885.967896,3322.0
886.084717,3277.0
886.201599,3270.6
886.318359,3296.8
886.435181,3261.6
886.552002,3296.8
886.668762,3292.4
886.785645,3286.6
886.902344,3280.2
887.019165,3265.2
887.135925,3240.0
887.252747,3256.0
887.369446,3246.6
887.486267,3261.2
887.603027,3224.2
887.719788,3233.2
887.836548,3232.2
887.953247,3203.6
888.070068,3224.8
888.186829,3203.4
888.303528,3211.8
888.420288,3199.4
888.536987,3219.2
888.653687,3177.8
888.770447,3200.0
888.887146,3200.4
889.003967,3242.0
889.120667,3204.6
889.237305,3210.0
889.354065,3187.2
889.470703,3193.6
889.587463,3165.6
889.704163,3209.6
889.820862,3182.8
889.937561,3223.8
890.054199,3168.8
890.170837,3174.4
890.287598,3183.8
890.404236,3166.8
890.520874,3202.2
890.637634,3198.2
890.754211,3188.4
890.87085,3212.4
890.987549,3218.0
891.104187,3200.8
891.220886,3198.2
891.337463,3216.8
891.454102,3221.2
891.57074,3207.6
891.687378,3173.6
891.804077,3233.2
891.920654,3178.6
892.037231,3169.0
892.15387,3192.4
892.270447,3200.2
892.387085,3206.6
892.503723,3183.4
892.6203,3186.2
892.736877,3175.8
892.853516,3200.6
892.970032,3226.0
893.08667,3203.4
893.203186,3160.8
893.319763,3181.0
893.43634,3210.8
893.552917,3209.2
893.669556,3249.6
893.786011,3232.6
893.902588,3187.8
894.019165,3215.0
894.135681,3200.4
894.252197,3191.4
894.368835,3244.6
894.485291,3239.8
894.601868,3205.0
894.718384,3221.4
894.8349,3198.6
894.951355,3202.8
895.067932,3205.2
895.184448,3213.2
895.300964,3193.0
895.417419,3230.6
895.533936,3221.2
895.650452,3241.2
895.766907,3227.8
895.883423,3248.0
895.999878,3219.6
896.116333,3211.8
896.232849,3189.2
896.349304,3232.4
896.465759,3229.6
896.582214,3211.4
896.698669,3198.0
896.815125,3204.8
896.931641,3211.6
897.048035,3193.4
897.164551,3211.0
897.280884,3220.0
897.397339,3213.6
897.513794,3242.0
897.630249,3214.6
897.746582,3234.2
897.863098,3203.6
897.979431,3223.8
898.095886,3220.2
898.212341,3247.0
898.328674,3196.4
898.445129,3248.6
898.561462,3224.2
898.677795,3236.6
898.794312,3201.6
898.910645,3177.8
899.026978,3228.4
899.143433,3201.2
899.259766,3195.0
899.37616,3179.6
899.492493,3183.8
899.608765,3260.2
899.725159,3201.4
899.841553,3223.4
899.957947,3216.4
900.07428,3231.4
900.190552,3269.6
900.306946,3237.0
900.423157,3220.6
900.53949,3225.4
900.655884,3231.2
900.772156,3224.2
900.888489,3240.0
901.004822,3248.8
901.121033,3215.6
901.237366,3239.0
901.353699,3226.4
901.46991,3204.6
901.586304,3223.2
901.702515,3231.4
901.818787,3195.8
901.93512,3264.4
902.051331,3242.2
902.167603,3245.2
902.283875,3263.4
902.400085,3234.0
902.516418,3241.0
902.632629,3228.8
902.74884,3246.4
902.865112,3272.6
902.981384,3235.8
903.097595,3258.8
903.213867,3280.4
903.330017,3266.8
903.446289,3257.0
903.5625,3222.8
903.67865,3241.4
903.794922,3280.2
903.911072,3238.4
904.027344,3196.0
904.143494,3239.0
904.259705,3251.6
904.375916,3183.4
904.492065,3236.6
904.608215,3229.8
904.724426,3226.0
904.840576,3191.6
904.956726,3229.8
905.072876,3205.6
905.189087,3218.4
905.305176,3231.2
905.421387,3228.8
905.537537,3223.6
905.653687,3205.6
905.769775,3231.0
905.885925,3244.0
906.002014,3206.4
906.118164,3210.6
906.234314,3208.0
906.350403,3207.6
906.466492,3200.2
906.582642,3217.4
906.69873,3223.2
906.814758,3208.2
906.930908,3190.8
907.046936,3201.6
907.163086,3184.6
907.279175,3218.8
907.395264,3215.4
907.511353,3192.6
907.62738,3200.4
907.743408,3201.4
907.859497,3224.2
907.975525,3234.0
908.091553,3204.6
908.207703,3215.0
908.32373,3193.2
908.439758,3217.6
908.555786,3193.0
908.671814,3209.8
908.787842,3183.6
908.90387,3219.2
909.019775,3194.2
909.135864,3167.2
909.251892,3189.2
909.367859,3190.6
909.483826,3222.4
909.599854,3210.2
909.715881,3204.0
909.831848,3196.6
909.947815,3218.6
910.063782,3182.6
910.179749,3204.2
910.295776,3200.2
910.411743,3213.4
910.527649,3210.2
910.643616,3226.2
910.759583,3194.6
910.875488,3228.8
910.991455,3197.0
911.107361,3211.4
911.223267,3214.6
911.339294,3193.4
911.4552,3192.0
911.571106,3191.8
911.687073,3205.0
911.802979,3165.6
911.918823,3181.0
912.034729,3200.0
912.150635,3196.6
912.266602,3144.8
912.382446,3190.2
912.498352,3176.6
912.614197,3183.8
912.730103,3200.2
912.846008,3154.4
792.44574,5887.6
792.56488,5742.8
792.68396,5755.8
792.80304,5686.0
792.92218,5610.2
793.041199,5466.6
793.160339,5477.8
793.279419,5479.8
793.398499,5383.6
793.517578,5318.2
793.636658,5264.8
793.755737,5261.4
793.874817,5155.2
793.993896,5109.2
794.112976,5069.8
794.232056,5069.0
794.351074,5018.8
794.470215,4984.0
794.589233,4922.2
794.708313,4945.6
794.827393,4918.2
794.946411,4878.4
795.065552,4826.0
795.18457,4810.0
795.303589,4802.0
795.422668,4757.0
795.541687,4765.8
795.660767,4742.0
795.779846,4699.6
795.898865,4646.4
796.017883,4587.6
796.136963,4603.8
796.255981,4607.0
796.375061,4568.2
796.49408,4569.4
796.613037,4523.2
796.732117,4521.0
796.851135,4532.4
796.970154,4478.2
797.089233,4468.6
797.208191,4460.4
797.327271,4386.8
797.446228,4424.4
797.565186,4418.4
797.684265,4422.6
797.803223,4391.6
797.922241,4355.4
798.04126,4351.6
798.160278,4341.6
798.279297,4331.4
798.398315,4322.0
798.517273,4328.8
798.636292,4306.8
798.75531,4317.8
798.874268,4282.8
798.993286,4291.6
799.112244,4284.2
799.231323,4267.2
799.350281,4317.2
799.469238,4246.2
799.588257,4272.0
799.707153,4260.0
799.826111,4218.6
799.945129,4199.8
800.064087,4242.4
800.183044,4235.4
800.302063,4224.0
800.421021,4208.4
800.539978,4174.4
800.658936,4161.8
800.777893,4126.2
800.896912,4206.6
801.015747,4153.8
801.134705,4136.2
801.253723,4125.8
801.37262,4104.6
801.491638,4142.8
801.610535,4126.6
801.729492,4095.8
801.84845,4080.0
801.967407,4121.2
802.086243,4111.8
802.205261,4122.8
802.324158,4084.0
802.443115,4108.4
802.562073,4088.2
802.680969,4099.0
802.799927,4070.4
802.918762,4084.8
803.037659,4090.2
803.156677,4091.8
803.275574,4078.4
803.39447,4105.0
803.513428,4041.2
803.632263,4070.0
803.751221,4044.4
803.870117,4080.0
803.989014,4058.0
804.107971,4060.6
804.226746,4055.2
804.345642,4083.0
804.4646,4043.2
804.583496,4058.2
804.702393,4053.2
804.821228,4011.2
804.940125,4041.6
805.059021,4035.8
805.177917,4046.4
805.296814,4070.2
805.415649,4069.0
805.534546,4065.2
805.653442,4070.0
805.772278,4072.6
805.891113,4103.0
806.01001,4047.4
806.128906,4016.4
806.247742,4023.0
806.366577,4022.2
806.485413,4049.2
806.604309,4039.0
806.723145,4010.4
806.84198,4070.2
806.960876,4048.6
807.079712,4020.2
807.198486,4037.4
807.317383,4011.0
807.436218,3992.4
807.554993,3997.4
807.673889,3990.8
807.792725,3972.6
807.91156,3974.2
808.030396,3984.0
808.14917,3967.4
808.268005,4000.0
808.386841,3977.0
808.505676,3979.2
808.624451,3957.4
808.743286,4004.8
808.862122,3932.2
808.980896,3954.0
809.099731,3946.2
809.218506,3962.2
809.337341,3997.0
809.456116,3946.2
809.57489,3980.2
809.693726,3967.2
809.8125,3956.0
809.931274,3944.4
810.050049,3962.4
810.168884,3941.0
810.287659,3937.6
810.406372,3935.8
810.525269,3928.2
810.643982,3911.4
810.762756,3929.0
810.881531,3871.6
811.000305,3895.6
811.11908,3888.4
811.237854,3900.2
811.356567,3911.4
811.475403,3914.4
811.594116,3873.8
811.71283,3934.2
811.831604,3913.6
811.950378,3929.0
812.069153,3896.2
812.187927,3918.2
812.30658,3894.4
812.425415,3884.8
812.544128,3899.2
812.662781,3884.4
812.781616,3892.2
812.900269,3853.2
813.019043,3868.6
813.137756,3885.4
813.256531,3889.8
813.375244,3856.0
813.493896,3881.8
813.612671,3880.8
813.731384,3857.4
813.850037,3803.2
813.96875,3859.8
814.087524,3821.4
814.206238,3856.4
814.324951,3824.6
814.443604,3829.0
814.562256,3837.0
814.68103,3868.2
814.799683,3821.6
814.918335,3803.8
815.037109,3851.0
815.155762,3817.2
815.274475,3848.4
815.393188,3874.2
815.511841,3810.0
815.630554,3847.0
815.749146,3842.6
815.867859,3814.2
815.986572,3836.4
816.105164,3802.6
816.223877,3842.8
816.342529,3829.2
816.461182,3811.4
816.579895,3797.8
816.698486,3841.4
816.817139,3821.2
816.935791,3845.6
817.054504,3817.2
817.173096,3818.0
817.291748,3794.6
817.4104,3840.6
817.529053,3810.8
817.647644,3785.2
817.766235,3768.2
817.884949,3785.4
818.00354,3756.0
818.122192,3794.2
818.240845,3757.4
818.359436,3778.6
818.478088,3812.2
818.59668,3790.0
818.715271,3786.0
818.833923,3773.6
818.952515,3802.2
819.071106,3782.6
819.189758,3769.2
819.30835,3761.2
819.426941,3764.8
819.545532,3785.2
819.664124,3750.2
819.782715,3758.0
819.901306,3764.2
820.019897,3725.0
820.138489,3802.6
820.25708,3785.6
820.375671,3766.4
820.494202,3735.8
820.612732,3754.0
820.731384,3739.8
820.849915,3712.6
820.968506,3722.8
821.087097,3734.8
821.205627,3707.0
821.324158,3694.8
821.442749,3718.4
821.561279,3734.6
821.679871,3680.6
821.798401,3698.4
821.916931,3708.0
822.035461,3722.0
822.154053,3725.4
822.272583,3647.0
822.391174,3679.8
822.509583,3683.8
822.628174,3637.4
822.746704,3654.2
822.865234,3690.2
822.983765,3697.4
823.102295,3697.0
823.220825,3649.4
823.339294,3662.2
823.457825,3680.4
823.576355,3666.2
823.694824,3673.8
823.813354,3679.4
823.931885,3667.6
824.050354,3648.6
824.168884,3649.6
824.287354,3630.2
824.405823,3641.8
824.524353,3652.6
824.642822,3647.8
824.761353,3657.4
824.879822,3688.6
824.998291,3641.8
825.116699,3640.4
825.235291,3632.4
825.353699,3660.6
825.472168,3591.2
825.590637,3625.4
825.709106,3644.0
825.827576,3632.4
825.946045,3616.6
826.064453,3612.2
826.182983,3597.6
826.301392,3602.2
826.4198,3597.2
826.53833,3633.2
826.656738,3612.2
826.775208,3602.6
826.893677,3622.2
827.012024,3631.4
827.130493,3598.0
827.248962,3596.8
827.36731,3593.4
827.485779,3602.4
827.604248,3611.0
827.722595,3568.2
827.841064,3531.8
827.959412,3607.6
828.077942,3544.4
828.196289,3542.2
828.314636,3526.4
828.433105,3560.0
828.551514,3546.0
828.669861,3538.6
828.78833,3552.0
828.906677,3539.6
829.025085,3567.4
829.143433,3580.0
829.261841,3553.6
829.38031,3530.2
829.498657,3530.6
829.617004,3571.4
829.735413,3559.0
829.85376,3523.6
829.972107,3543.6
830.090515,3557.6
830.208862,3525.6
830.327209,3517.6
830.445557,3546.8
830.563904,3559.2
830.682312,3572.6
830.800659,3529.6
830.919006,3548.2
831.037354,3526.4
831.155701,3543.8
831.274048,3562.2
831.392395,3514.0
831.51062,3573.8
831.629028,3510.4
831.747314,3554.8
831.865662,3535.8
831.984009,3542.6
832.102356,3556.8
832.220642,3512.8
832.338928,3518.2
832.457275,3530.8
832.575623,3571.4
832.693909,3506.2
832.812134,3557.0
832.930481,3562.6
833.048828,3514.4
833.167114,3536.6
833.2854,3506.0
833.403687,3528.2
833.521973,3545.6
833.640259,3498.8
833.758545,3548.2
833.876831,3510.0
833.995056,3521.0
834.113281,3535.4
834.231628,3540.6
834.349915,3515.2
834.468201,3502.8
834.586426,3523.6
834.704651,3508.6
834.822998,3513.2
834.941162,3528.6
835.059448,3538.8
835.177673,3557.8
835.295959,3522.0
835.414246,3553.0
835.53241,3522.4
835.650635,3476.6
835.768921,3502.8
835.887146,3477.0
836.005371,3505.4
836.123596,3501.8
836.241821,3499.4
836.360046,3504.0
836.478271,3507.4
836.596497,3473.0
836.714722,3466.8
836.832886,3483.2
836.95105,3467.6
837.069336,3506.8
837.1875,3506.8
837.305725,3481.6
837.423889,3472.0
837.542053,3494.0
837.660339,3512.0
837.778503,3499.6
837.896667,3499.2
838.014832,3463.4
838.132996,3484.8
838.25116,3466.6
838.369385,3491.2
838.487488,3510.8
838.605713,3475.2
838.723877,3486.2
838.84198,3489.6
838.960205,3480.2
839.078308,3481.8
839.196472,3487.8
839.314636,3489.2
839.4328,3519.4
839.550964,3497.4
839.669067,3505.6
839.787231,3492.2
839.905396,3499.0
840.023499,3518.4
840.141602,3496.4
840.259766,3451.6
840.377869,3460.8
840.495972,3474.6
840.614136,3484.4
840.732239,3468.6
840.850342,3433.6
840.968445,3429.2
841.086548,3451.4
841.204651,3458.0
841.322754,3481.0
841.440918,3477.8
841.55896,3486.0
841.677002,3470.6
841.795166,3460.2
841.913208,3482.6
842.031311,3490.2
842.149353,3468.0
842.267456,3471.2
842.385498,3493.8
842.503601,3486.2
842.621643,3449.6
842.739746,3494.4
842.857788,3466.0
842.97583,3476.2
843.093933,3477.0
843.211975,3510.2
843.330017,3514.6
843.44812,3500.8
843.566101,3508.6
843.684204,3521.6
843.802246,3514.0
843.920227,3514.4
844.038269,3527.8
844.156311,3498.4
844.274292,3478.8
844.392395,3488.4
844.510376,3488.6
844.628357,3441.4
844.74646,3459.4
844.864441,3472.0
844.982422,3514.2
845.100403,3516.8
845.218384,3474.8
845.336426,3471.2
845.454468,3516.2
845.572449,3462.2
845.69043,3470.8
845.808411,3446.0
845.926453,3462.2
846.044373,3461.4
846.162354,3481.0
846.280396,3442.8
846.398315,3453.4
846.516296,3483.8
846.634216,3474.0
846.752197,3483.2
846.870178,3530.2
846.988098,3470.0
847.106079,3504.2
847.22406,3491.6
847.34198,3482.0
847.4599,3501.8
847.577881,3488.4
847.695801,3491.8
847.813782,3497.8
847.931641,3502.0
848.049561,3508.0
848.167603,3452.6
848.285461,3501.0
848.403381,3497.0
848.521362,3513.0
848.639221,3499.4
848.75708,3482.6
848.875,3492.4
848.99292,3494.4
849.110901,3523.0
849.22876,3502.4
849.34668,3491.6
849.464539,3482.0
849.582458,3481.2
849.700317,3463.0
849.818176,3487.2
849.936096,3458.0
850.053955,3501.4
850.171875,3497.0
850.289673,3472.0
850.407593,3452.0
850.525452,3499.2
850.643311,3501.2
850.761169,3467.6
850.878967,3503.2
850.996887,3523.0
851.114746,3477.6
851.232544,3498.6
851.350403,3458.4
851.468262,3511.4
851.58606,3504.8
851.703979,3500.4
851.821777,3504.0
851.939636,3506.8
852.057434,3519.4
852.175232,3563.4
852.293091,3572.2
852.410889,3600.0
852.528687,3601.6
852.646545,3594.0
852.764343,3533.8
852.88208,3528.6
852.999939,3516.4
853.117676,3490.2
853.235535,3484.8
853.353271,3491.2
853.471069,3465.6
853.588928,3469.2
853.706604,3474.2
853.824402,3457.6
853.9422,3477.0
854.059998,3476.8
854.177734,3468.4
854.295532,3504.2
854.413269,3445.4
854.531006,3525.6
854.648804,3501.6
854.766541,3505.4
854.884277,3486.4
855.002014,3537.4
855.119751,3539.6
855.237549,3516.2
855.355225,3578.8
855.473022,3552.4
855.590698,3548.8
855.708435,3544.0
855.826172,3505.2
855.943848,3536.6
856.061646,3522.2
856.179321,3502.4
856.296997,3509.6
856.414795,3513.2
856.53241,3513.2
856.650085,3489.6
856.767822,3502.0
856.885559,3520.6
857.003174,3489.2
857.120911,3485.4
857.238586,3465.0
857.356201,3456.6
857.473938,3434.2
857.591614,3463.2
857.709351,3489.6
857.826965,3452.6
857.944641,3470.2
858.062317,3450.2
858.179993,3501.4
858.297668,3467.0
858.415283,3468.6
858.532959,3463.0
858.650574,3489.0
858.768188,3445.2
858.885803,3455.4
859.003479,3475.4
859.121094,3437.0
859.23877,3468.0
859.356384,3477.4
859.473999,3476.8
859.591675,3470.0
859.709229,3480.8
859.826843,3456.0
859.944458,3445.8
860.062012,3471.4
860.179626,3400.2
860.297302,3436.4
860.414856,3419.6
860.532471,3426.4
860.650024,3425.2
860.767639,3443.2
860.885193,3451.8
861.002808,3453.4
861.120361,3443.6
861.237976,3442.6
861.35553,3456.8
861.473022,3456.2
861.590698,3449.0
861.708191,3473.8
861.825745,3413.6
861.943298,3397.6
862.060852,3410.0
862.178406,3398.4
862.295959,3380.0
862.413513,3382.2
862.531006,3358.6
862.64856,3370.0
862.766113,3368.0
862.883667,3376.8
863.00116,3388.6
863.118713,3424.4
863.236206,3399.8
863.353699,3386.6
863.471252,3368.0
863.588745,3378.6
863.706177,3392.0
863.82373,3396.0
863.941162,3367.6
864.058716,3394.8
864.176208,3404.4
864.29364,3382.2
864.411194,3379.2
864.528687,3392.2
864.646118,3394.6
864.763611,3368.6
864.881042,3359.0
864.998535,3374.0
865.116028,3396.4
865.233459,3388.0
865.350891,3358.8
865.468384,3399.2
865.585754,3384.8
865.703308,3377.2
865.820679,3404.8
865.938171,3400.2
866.055542,3377.0
866.173035,3390.4
866.290466,3377.0
866.407837,3400.0
866.52533,3395.6
866.6427,3398.4
866.760071,3391.0
866.877563,3395.0
866.994934,3383.0
867.112305,3390.8
867.229736,3353.0
867.347107,3376.8
867.464539,3406.4
867.58197,3372.2
867.699341,3418.4
867.81665,3418.4
867.934082,3371.6
868.051453,3374.0
868.168823,3384.2
868.286194,3394.6
868.403564,3451.2
868.520935,3421.0
868.638306,3399.2
868.755676,3397.4
868.872986,3403.4
868.990295,3441.4
869.107727,3426.4
869.225037,3438.0
869.342346,3411.6
869.459717,3424.4
869.577026,3412.8
869.694336,3427.4
869.811707,3410.2
869.929016,3392.0
870.046326,3420.0
870.163635,3423.8
870.280945,3422.6
870.398254,3441.2
870.515564,3395.8
870.632812,3393.6
870.750183,3414.0
870.867432,3418.2
870.984741,3417.6
871.102051,3420.4
871.219299,3425.2
871.336609,3460.2
871.453918,3409.0
871.571106,3448.6
871.688416,3414.6
871.805664,3445.0
871.922852,3426.4
872.040222,3405.4
872.157471,3429.8
872.274719,3436.8
872.391968,3422.6
872.509155,3418.4
872.626465,3430.2
872.743652,3417.8
872.860962,3432.8
872.978149,3427.0
873.095337,3442.2
873.212646,3418.6
873.329834,3401.2
873.44696,3372.8
873.564209,3419.6
873.681396,3422.8
873.798645,3425.6
873.915894,3407.2
874.03302,3422.2
874.150208,3391.0
874.267456,3372.6
874.384583,3433.2
874.501831,3378.4
874.618958,3415.0
874.736145,3458.6
874.853333,3402.0
874.970459,3421.2
875.087646,3431.8
875.204834,3435.8
875.32196,3444.6
875.439148,3453.6
875.556274,3436.6
875.673401,3410.8
875.790527,3439.8
875.907715,3433.8
876.024841,3433.6
876.141968,3452.6
876.259094,3423.8
876.376282,3407.0
876.493347,3424.6
876.610474,3416.8
876.7276,3421.2
876.844727,3428.6
876.961853,3412.8
877.078918,3436.4
877.195984,3468.2
877.313171,3448.4
877.430237,3423.0
877.547302,3421.4
877.664368,3441.4
877.781433,3467.6
877.898499,3418.6
878.015625,3431.4
878.13269,3422.2
878.249695,3438.2
878.366821,3385.4
878.483887,3428.4
878.600952,3421.8
878.717957,3402.2
878.834961,3414.8
878.952087,3454.2
879.069092,3387.6
879.186157,3387.2
879.303162,3377.8
879.420227,3409.0
879.537231,3365.0
879.654236,3368.0
879.77124,3364.4
879.888306,3355.4
880.005249,3339.4
880.122314,3336.8
880.239319,3354.4
880.356323,3339.8
880.473328,3334.8
880.590271,3330.4
880.707275,3340.6
880.824341,3340.6
880.941284,3332.2
881.058228,3317.8
881.175232,3322.0
881.292236,3365.4
881.40918,3384.4
881.526123,3363.4
881.643066,3348.8
881.760071,3378.2
881.877014,3329.0
881.993958,3365.6
882.11084,3368.6
882.227783,3367.6
882.344727,3316.0
882.46167,3331.4
882.578613,3312.8
882.695618,3350.0
882.812439,3355.0
882.929382,3344.0
883.046326,3346.8
883.163208,3358.2
883.280151,3371.4
883.397034,3338.2
883.513916,3327.6
883.630798,3392.4
883.747742,3374.4
883.864563,3383.4
883.981506,3399.8
884.098389,3441.0
884.21521,3385.2
884.332153,3385.4
884.448975,3349.4
884.565796,3359.2
884.682678,3376.2
884.7995,3387.4
884.916443,3437.4
885.033264,3415.2
885.150085,3421.8
885.266968,3451.6
885.383789,3435.4
885.500671,3470.4
885.617493,3478.4
885.734314,3485.2
885.851196,3465.6
885.967896,3476.0
886.084717,3479.6
886.201599,3479.6
886.318359,3441.2
886.435181,3456.2
886.552002,3433.2
886.668762,3425.6
886.785645,3466.6
886.902344,3449.0
887.019165,3422.2
887.135925,3437.8
887.252747,3434.0
887.369446,3423.4
887.486267,3404.6
887.603027,3384.4
887.719788,3378.2
887.836548,3384.8
887.953247,3390.8
888.070068,3363.0
888.186829,3340.6
888.303528,3351.4
888.420288,3333.8
888.536987,3314.6
888.653687,3345.6
888.770447,3322.6
888.887146,3350.2
889.003967,3362.4
889.120667,3345.0
889.237305,3313.8
889.354065,3321.4
889.470703,3278.0
889.587463,3294.6
889.704163,3303.6
889.820862,3291.4
889.937561,3320.0
890.054199,3306.6
890.170837,3316.6
890.287598,3292.0
890.404236,3276.2
890.520874,3302.6
890.637634,3317.0
890.754211,3308.0
890.87085,3290.4
890.987549,3296.8
891.104187,3301.6
891.220886,3285.6
891.337463,3291.6
891.454102,3263.6
891.57074,3341.8
891.687378,3298.0
891.804077,3334.6
891.920654,3295.2
892.037231,3267.6
892.15387,3292.8
892.270447,3277.2
892.387085,3276.0
892.503723,3307.4
892.6203,3290.4
892.736877,3273.8
892.853516,3286.0
892.970032,3286.8
893.08667,3305.6
893.203186,3334.4
893.319763,3310.8
893.43634,3278.6
893.552917,3301.0
893.669556,3307.4
893.786011,3323.8
893.902588,3318.2
894.019165,3304.2
894.135681,3327.4
894.252197,3321.8
894.368835,3372.8
894.485291,3337.8
894.601868,3287.0
894.718384,3361.2
894.8349,3312.8
894.951355,3322.6
895.067932,3344.4
895.184448,3332.6
895.300964,3329.0
895.417419,3351.2
895.533936,3346.6
895.650452,3336.2
895.766907,3334.8
895.883423,3351.6
895.999878,3330.0
896.116333,3331.2
896.232849,3310.2
896.349304,3315.6
896.465759,3315.2
896.582214,3303.8
896.698669,3329.0
896.815125,3315.0
896.931641,3346.2
897.048035,3319.0
897.164551,3340.2
897.280884,3348.2
897.397339,3294.0
897.513794,3393.6
897.630249,3293.6
897.746582,3356.6
897.863098,3338.8
897.979431,3349.6
898.095886,3337.6
898.212341,3343.2
898.328674,3347.4
898.445129,3353.4
898.561462,3342.8
898.677795,3312.2
898.794312,3340.4
898.910645,3329.8
899.026978,3324.6
899.143433,3321.2
899.259766,3328.4
899.37616,3318.6
899.492493,3319.8
899.608765,3348.8
899.725159,3332.0
899.841553,3310.6
899.957947,3321.6
900.07428,3376.4
900.190552,3355.0
900.306946,3348.6
900.423157,3359.0
900.53949,3328.2
900.655884,3346.0
900.772156,3336.0
900.888489,3360.6
901.004822,3349.8
901.121033,3342.0
901.237366,3345.0
901.353699,3332.2
901.46991,3348.8
901.586304,3389.2
901.702515,3346.0
901.818787,3379.8
901.93512,3363.8
902.051331,3362.0
902.167603,3398.2
902.283875,3412.6
902.400085,3403.0
902.516418,3395.4
902.632629,3382.2
902.74884,3397.8
902.865112,3416.0
902.981384,3394.8
903.097595,3403.0
903.213867,3398.8
903.330017,3409.6
903.446289,3395.0
903.5625,3354.0
903.67865,3395.2
903.794922,3393.6
903.911072,3381.4
904.027344,3388.4
904.143494,3374.8
904.259705,3385.4
904.375916,3369.6
904.492065,3321.0
904.608215,3325.2
904.724426,3325.0
904.840576,3348.2
904.956726,3349.2
905.072876,3323.0
905.189087,3322.4
905.305176,3341.6
905.421387,3355.0
905.537537,3351.2
905.653687,3341.4
905.769775,3333.4
905.885925,3332.4
906.002014,3338.8
906.118164,3324.0
906.234314,3308.4
906.350403,3313.0
906.466492,3310.6
906.582642,3325.4
906.69873,3302.2
906.814758,3285.2
906.930908,3281.4
907.046936,3297.4
907.163086,3316.2
907.279175,3295.2
907.395264,3313.6
907.511353,3302.6
907.62738,3279.0
907.743408,3320.0
907.859497,3297.8
907.975525,3318.2
908.091553,3300.2
908.207703,3306.2
908.32373,3288.8
908.439758,3321.0
908.555786,3278.2
908.671814,3286.4
908.787842,3312.4
908.90387,3304.4
909.019775,3324.0
909.135864,3292.0
909.251892,3285.0
909.367859,3316.2
909.483826,3302.6
909.599854,3301.8
909.715881,3292.2
909.831848,3289.4
909.947815,3291.0
910.063782,3285.0
910.179749,3275.4
910.295776,3269.8
910.411743,3299.2
910.527649,3321.6
910.643616,3333.8
910.759583,3301.4
910.875488,3314.6
910.991455,3295.2
911.107361,3290.2
911.223267,3268.6
911.339294,3287.6
911.4552,3322.6
911.571106,3266.8
911.687073,3276.8
911.802979,3268.4
911.918823,3293.2
912.034729,3302.8
912.150635,3271.6
912.266602,3268.6
912.382446,3290.6
912.498352,3266.8
912.614197,3260.8
912.730103,3237.6
912.846008,3280.8
792.44574,4481.2
792.56488,4424.0
792.68396,4447.6
792.80304,4493.6
792.92218,4438.8
793.041199,4367.4
793.160339,4334.8
793.279419,4326.8
793.398499,4270.8
793.517578,4211.6
793.636658,4178.4
793.755737,4161.8
793.874817,4139.2
793.993896,4076.6
794.112976,4069.0
794.232056,4033.6
794.351074,4003.6
794.470215,3959.2
794.589233,3940.4
794.708313,3946.2
794.827393,3947.2
794.946411,3883.6
795.065552,3877.6
795.18457,3821.6
795.303589,3880.8
795.422668,3866.6
795.541687,3857.2
795.660767,3839.2
795.779846,3766.4
795.898865,3749.0
796.017883,3723.8
796.136963,3716.6
796.255981,3730.6
796.375061,3661.4
796.49408,3703.4
796.613037,3690.0
796.732117,3635.0
796.851135,3626.6
796.970154,3602.8
797.089233,3625.4
797.208191,3631.4
797.327271,3613.0
797.446228,3579.4
797.565186,3607.4
797.684265,3621.2
797.803223,3557.0
797.922241,3551.0
798.04126,3567.4
798.160278,3517.6
798.279297,3532.0
798.398315,3531.6
798.517273,3521.4
798.636292,3515.0
798.75531,3540.2
798.874268,3534.6
798.993286,3536.6
799.112244,3478.0
799.231323,3478.2
799.350281,3480.6
799.469238,3517.0
799.588257,3518.0
799.707153,3478.8
799.826111,3473.4
799.945129,3473.4
800.064087,3467.4
800.183044,3471.2
800.302063,3474.6
800.421021,3450.0
800.539978,3457.8
800.658936,3431.0
800.777893,3436.4
800.896912,3470.6
801.015747,3447.0
801.134705,3449.4
801.253723,3389.6
801.37262,3414.6
801.491638,3395.6
801.610535,3410.4
801.729492,3393.6
801.84845,3413.4
801.967407,3409.8
802.086243,3397.0
802.205261,3364.6
802.324158,3399.0
802.443115,3399.0
802.562073,3393.2
802.680969,3383.8
802.799927,3370.2
802.918762,3375.6
803.037659,3360.0
803.156677,3403.0
803.275574,3367.8
803.39447,3390.2
803.513428,3364.8
803.632263,3369.6
803.751221,3349.4
803.870117,3375.8
803.989014,3363.6
804.107971,3350.8
804.226746,3337.0
804.345642,3361.0
804.4646,3352.2
804.583496,3338.0
804.702393,3326.0
804.821228,3360.0
804.940125,3345.6
805.059021,3311.6
805.177917,3347.6
805.296814,3331.8
805.415649,3351.8
805.534546,3334.0
805.653442,3345.2
805.772278,3362.0
805.891113,3381.0
806.01001,3362.2
806.128906,3355.4
806.247742,3320.0
806.366577,3334.2
806.485413,3342.8
806.604309,3347.0
806.723145,3341.4
806.84198,3393.8
806.960876,3330.4
807.079712,3334.4
807.198486,3330.6
807.317383,3311.2
807.436218,3296.2
807.554993,3305.4
807.673889,3302.8
807.792725,3308.6
807.91156,3302.6
808.030396,3355.6
808.14917,3305.8
808.268005,3294.6
808.386841,3282.4
808.505676,3283.4
808.624451,3277.0
808.743286,3313.0
808.862122,3325.2
808.980896,3300.6
809.099731,3289.8
809.218506,3286.8
809.337341,3315.2
809.456116,3286.2
809.57489,3292.4
809.693726,3306.2
809.8125,3294.6
809.931274,3280.8
810.050049,3293.2
810.168884,3278.6
810.287659,3276.4
810.406372,3292.6
810.525269,3303.8
810.643982,3276.8
810.762756,3281.6
810.881531,3269.8
811.000305,3297.6
811.11908,3277.4
811.237854,3270.4
811.356567,3276.6
811.475403,3285.6
811.594116,3240.8
811.71283,3304.4
811.831604,3242.6
811.950378,3264.2
812.069153,3265.0
812.187927,3277.0
812.30658,3300.6
812.425415,3243.6
812.544128,3267.6
812.662781,3291.6
812.781616,3254.0
812.900269,3247.6
813.019043,3228.8
813.137756,3240.2
813.256531,3238.4
813.375244,3240.8
813.493896,3273.0
813.612671,3235.6
813.731384,3249.8
813.850037,3249.2
813.96875,3230.6
814.087524,3225.6
814.206238,3199.6
814.324951,3233.8
814.443604,3218.2
814.562256,3242.6
814.68103,3221.2
814.799683,3193.8
814.918335,3186.0
815.037109,3189.0
815.155762,3206.2
815.274475,3209.8
815.393188,3182.6
815.511841,3206.6
815.630554,3195.8
815.749146,3181.0
815.867859,3210.2
815.986572,3187.6
816.105164,3182.2
816.223877,3173.2
816.342529,3197.8
816.461182,3168.4
816.579895,3185.0
816.698486,3209.8
816.817139,3198.2
816.935791,3203.8
817.054504,3209.0
817.173096,3178.0
817.291748,3169.8
817.4104,3196.0
817.529053,3178.0
817.647644,3172.2
817.766235,3127.6
817.884949,3159.0
818.00354,3143.8
818.122192,3153.8
818.240845,3134.0
818.359436,3106.4
818.478088,3157.0
818.59668,3132.0
818.715271,3096.4
818.833923,3113.6
818.952515,3088.2
819.071106,3111.4
819.189758,3096.0
819.30835,3110.2
819.426941,3076.6
819.545532,3114.8
819.664124,3104.4
819.782715,3118.6
819.901306,3095.8
820.019897,3089.6
820.138489,3098.4
820.25708,3092.8
820.375671,3093.0
820.494202,3079.4
820.612732,3045.8
820.731384,3054.2
820.849915,3054.0
820.968506,3049.8
821.087097,3041.2
821.205627,3057.4
821.324158,3066.6
821.442749,3041.2
821.561279,3060.6
821.679871,3027.4
821.798401,3023.0
821.916931,3052.6
822.035461,3028.2
822.154053,3053.0
822.272583,2971.8
822.391174,3006.8
822.509583,3022.4
822.628174,3018.2
822.746704,3026.6
822.865234,3024.2
822.983765,3042.6
823.102295,3040.4
823.220825,3008.6
823.339294,2971.4
823.457825,3005.8
823.576355,3029.6
823.694824,3029.8
823.813354,3011.6
823.931885,2974.6
824.050354,3026.6
824.168884,3023.4
824.287354,3001.0
824.405823,2979.2
824.524353,3028.4
824.642822,3000.0
824.761353,2991.0
824.879822,2985.6
824.998291,2983.6
825.116699,2985.6
825.235291,2990.0
825.353699,3001.6
825.472168,2979.6
825.590637,2983.0
825.709106,2998.4
825.827576,2972.6
825.946045,2938.2
826.064453,2990.6
826.182983,2982.4
826.301392,2951.8
826.4198,2962.6
826.53833,2964.4
826.656738,2973.0
826.775208,2957.0
826.893677,3018.8
827.012024,2949.2
827.130493,2960.6
827.248962,2956.8
827.36731,2971.0
827.485779,2977.6
827.604248,2985.0
827.722595,2957.6
827.841064,2924.4
827.959412,2927.6
828.077942,2921.2
828.196289,2948.4
828.314636,2939.6
828.433105,2937.6
828.551514,2915.0
828.669861,2921.6
828.78833,2925.0
828.906677,2915.8
829.025085,2920.0
829.143433,2923.0
829.261841,2931.4
829.38031,2928.0
829.498657,2913.8
829.617004,2955.4
829.735413,2926.2
829.85376,2918.6
829.972107,2907.0
830.090515,2898.2
830.208862,2923.6
830.327209,2904.6
830.445557,2894.6
830.563904,2919.0
830.682312,2929.2
830.800659,2889.0
830.919006,2944.2
831.037354,2922.6
831.155701,2916.6
831.274048,2914.2
831.392395,2892.0
831.51062,2910.8
831.629028,2923.2
831.747314,2922.8
831.865662,2933.0
831.984009,2915.8
832.102356,2916.8
832.220642,2922.4
832.338928,2899.8
832.457275,2911.2
832.575623,2904.6
832.693909,2912.4
832.812134,2946.6
832.930481,2911.8
833.048828,2894.2
833.167114,2913.2
833.2854,2880.0
833.403687,2907.6
833.521973,2926.6
833.640259,2885.6
833.758545,2936.2
833.876831,2864.2
833.995056,2911.6
834.113281,2884.0
834.231628,2929.4
834.349915,2907.0
834.468201,2908.8
834.586426,2878.2
834.704651,2927.0
834.822998,2936.0
834.941162,2899.0
835.059448,2881.0
835.177673,2916.4
835.295959,2908.4
835.414246,2915.0
835.53241,2881.8
835.650635,2898.4
835.768921,2868.4
835.887146,2866.4
836.005371,2903.4
836.123596,2887.4
836.241821,2904.0
836.360046,2909.2
836.478271,2892.6
836.596497,2890.4
836.714722,2880.0
836.832886,2890.4
836.95105,2876.2
837.069336,2897.4
837.1875,2894.8
837.305725,2916.6
837.423889,2897.0
837.542053,2896.0
837.660339,2881.2
837.778503,2888.6
837.896667,2874.6
838.014832,2897.8
838.132996,2913.0
838.25116,2885.8
838.369385,2899.4
838.487488,2906.4
838.605713,2895.0
838.723877,2887.4
838.84198,2884.6
838.960205,2878.8
839.078308,2873.6
839.196472,2892.0
839.314636,2896.8
839.4328,2897.2
839.550964,2886.2
839.669067,2871.8
839.787231,2891.4
839.905396,2892.2
840.023499,2886.0
840.141602,2887.8
840.259766,2902.4
840.377869,2887.8
840.495972,2898.2
840.614136,2874.6
840.732239,2871.4
840.850342,2866.4
840.968445,2862.0
841.086548,2876.6
841.204651,2861.8
841.322754,2885.8
841.440918,2885.8
841.55896,2899.4
841.677002,2906.6
841.795166,2868.0
841.913208,2895.8
842.031311,2908.0
842.149353,2858.2
842.267456,2856.2
842.385498,2880.8
842.503601,2875.8
842.621643,2885.4
842.739746,2848.4
842.857788,2861.6
842.97583,2864.0
843.093933,2883.8
843.211975,2867.2
843.330017,2863.8
843.44812,2876.6
843.566101,2870.2
843.684204,2869.4
843.802246,2872.0
843.920227,2883.6
844.038269,2892.6
844.156311,2880.4
844.274292,2877.2
844.392395,2892.2
844.510376,2889.6
844.628357,2871.2
844.74646,2864.4
844.864441,2875.0
844.982422,2870.6
845.100403,2880.2
845.218384,2874.0
845.336426,2809.8
845.454468,2872.0
845.572449,2867.6
845.69043,2877.4
845.808411,2862.4
845.926453,2866.8
846.044373,2853.2
846.162354,2869.4
846.280396,2858.0
846.398315,2862.8
846.516296,2863.6
846.634216,2878.0
846.752197,2859.4
846.870178,2868.8
846.988098,2875.2
847.106079,2875.2
847.22406,2877.8
847.34198,2876.0
847.4599,2878.2
847.577881,2863.2
847.695801,2867.8
847.813782,2876.4
847.931641,2872.4
848.049561,2881.4
848.167603,2858.4
848.285461,2886.4
848.403381,2876.4
848.521362,2891.0
848.639221,2899.4
848.75708,2896.0
848.875,2901.4
848.99292,2866.2
849.110901,2899.4
849.22876,2889.0
849.34668,2873.2
849.464539,2868.2
849.582458,2882.2
849.700317,2883.4
849.818176,2887.0
849.936096,2862.6
850.053955,2881.2
850.171875,2886.4
850.289673,2887.8
850.407593,2872.6
850.525452,2892.0
850.643311,2884.0
850.761169,2879.8
850.878967,2876.4
850.996887,2906.2
851.114746,2866.6
851.232544,2893.6
851.350403,2900.0
851.468262,2880.2
851.58606,2911.4
851.703979,2912.8
851.821777,2900.2
851.939636,2905.8
852.057434,2947.0
852.175232,2944.6
852.293091,2957.0
852.410889,2992.0
852.528687,2982.0
852.646545,2962.2
852.764343,2966.4
852.88208,2897.4
852.999939,2927.4
853.117676,2917.6
853.235535,2895.4
853.353271,2909.0
853.471069,2883.0
853.588928,2887.0
853.706604,2889.0
853.824402,2893.0
853.9422,2892.4
854.059998,2861.6
854.177734,2904.6
854.295532,2901.4
854.413269,2878.0
854.531006,2898.4
854.648804,2910.4
854.766541,2912.0
854.884277,2912.0
855.002014,2902.6
855.119751,2915.0
855.237549,2925.0
855.355225,2930.8
855.473022,2928.2
855.590698,2944.2
855.708435,2928.0
855.826172,2924.8
855.943848,2945.6
856.061646,2945.4
856.179321,2904.8
856.296997,2915.0
856.414795,2928.6
856.53241,2911.4
856.650085,2920.2
856.767822,2884.2
856.885559,2902.0
857.003174,2874.2
857.120911,2889.8
857.238586,2892.0
857.356201,2889.8
857.473938,2887.2
857.591614,2886.6
857.709351,2876.6
857.826965,2881.0
857.944641,2889.0
858.062317,2901.8
858.179993,2881.8
858.297668,2881.8
858.415283,2889.6
858.532959,2887.2
858.650574,2894.8
858.768188,2900.2
858.885803,2911.2
859.003479,2893.4
859.121094,2863.2
859.23877,2898.2
859.356384,2880.0
859.473999,2869.0
859.591675,2873.2
859.709229,2877.6
859.826843,2885.4
859.944458,2855.6
860.062012,2878.8
860.179626,2853.8
860.297302,2857.0
860.414856,2869.0
860.532471,2871.2
860.650024,2872.0
860.767639,2878.6
860.885193,2861.2
861.002808,2855.4
861.120361,2859.0
861.237976,2878.4
861.35553,2903.0
861.473022,2866.2
861.590698,2867.0
861.708191,2864.0
861.825745,2883.8
861.943298,2872.0
862.060852,2859.4
862.178406,2869.6
862.295959,2817.6
862.413513,2881.2
862.531006,2825.0
862.64856,2846.8
862.766113,2856.0
862.883667,2868.2
863.00116,2864.2
863.118713,2852.0
863.236206,2872.0
863.353699,2814.8
863.471252,2870.0
863.588745,2848.6
863.706177,2851.2
863.82373,2860.2
863.941162,2854.2
864.058716,2861.2
864.176208,2866.6
864.29364,2844.6
864.411194,2865.2
864.528687,2865.6
864.646118,2851.4
864.763611,2847.6
864.881042,2857.2
864.998535,2836.4
865.116028,2883.2
865.233459,2845.2
865.350891,2849.4
865.468384,2869.6
865.585754,2865.2
865.703308,2836.2
865.820679,2868.2
865.938171,2860.0
866.055542,2855.2
866.173035,2851.8
866.290466,2863.8
866.407837,2855.6
866.52533,2871.8
866.6427,2865.2
866.760071,2870.0
866.877563,2860.2
866.994934,2872.8
867.112305,2865.4
867.229736,2874.0
867.347107,2889.2
867.464539,2894.0
867.58197,2894.4
867.699341,2857.0
867.81665,2870.0
867.934082,2843.4
868.051453,2863.0
868.168823,2863.8
868.286194,2864.6
868.403564,2905.6
868.520935,2872.4
868.638306,2866.2
868.755676,2867.0
868.872986,2867.2
868.990295,2901.6
869.107727,2899.6
869.225037,2885.0
869.342346,2882.2
869.459717,2887.4
869.577026,2885.6
869.694336,2892.8
869.811707,2892.2
869.929016,2889.2
870.046326,2882.6
870.163635,2906.4
870.280945,2911.8
870.398254,2879.0
870.515564,2876.6
870.632812,2899.2
870.750183,2887.8
870.867432,2880.6
870.984741,2883.0
871.102051,2899.8
871.219299,2867.6
871.336609,2908.4
871.453918,2892.4
871.571106,2881.6
871.688416,2905.6
871.805664,2888.6
871.922852,2946.8
872.040222,2882.6
872.157471,2912.2
872.274719,2938.8
872.391968,2899.6
872.509155,2893.0
872.626465,2893.2
872.743652,2889.8
872.860962,2896.6
872.978149,2877.8
873.095337,2883.6
873.212646,2908.2
873.329834,2892.8
873.44696,2917.8
873.564209,2882.8
873.681396,2892.8
873.798645,2919.4
873.915894,2882.8
874.03302,2889.6
874.150208,2899.2
874.267456,2910.0
874.384583,2870.2
874.501831,2890.8
874.618958,2906.8
874.736145,2919.8
874.853333,2892.6
874.970459,2933.2
875.087646,2924.8
875.204834,2900.8
875.32196,2903.4
875.439148,2919.2
875.556274,2910.6
875.673401,2915.6
875.790527,2912.0
875.907715,2928.2
876.024841,2896.6
876.141968,2906.4
876.259094,2916.0
876.376282,2918.8
876.493347,2927.8
876.610474,2906.0
876.7276,2928.0
876.844727,2924.8
876.961853,2903.2
877.078918,2936.0
877.195984,2928.6
877.313171,2933.0
877.430237,2923.8
877.547302,2926.6
877.664368,2939.0
877.781433,2922.6
877.898499,2964.4
878.015625,2923.4
878.13269,2911.8
878.249695,2922.8
878.366821,2890.2
878.483887,2901.4
878.600952,2896.4
878.717957,2936.4
878.834961,2926.0
878.952087,2909.8
879.069092,2917.6
879.186157,2920.6
879.303162,2871.6
879.420227,2887.2
879.537231,2904.2
879.654236,2897.4
879.77124,2897.8
879.888306,2876.2
880.005249,2880.2
880.122314,2869.2
880.239319,2888.4
880.356323,2910.8
880.473328,2856.6
880.590271,2893.2
880.707275,2895.0
880.824341,2881.4
880.941284,2887.6
881.058228,2866.2
881.175232,2896.4
881.292236,2879.6
881.40918,2858.0
881.526123,2908.6
881.643066,2886.2
881.760071,2911.6
881.877014,2907.4
881.993958,2948.2
882.11084,2901.0
882.227783,2894.2
882.344727,2901.4
882.46167,2919.2
882.578613,2878.6
882.695618,2918.6
882.812439,2896.0
882.929382,2891.8
883.046326,2911.6
883.163208,2906.6
883.280151,2892.4
883.397034,2897.2
883.513916,2933.6
883.630798,2926.6
883.747742,2907.6
883.864563,2895.6
883.981506,2939.8
884.098389,2914.4
884.21521,2916.0
884.332153,2914.4
884.448975,2908.4
884.565796,2929.2
884.682678,2921.6
884.7995,2933.8
884.916443,2941.6
885.033264,2938.8
885.150085,2941.8
885.266968,2976.6
885.383789,2980.0
885.500671,2972.8
885.617493,2977.8
885.734314,2962.2
885.851196,2976.2
885.967896,2973.4
886.084717,2972.8
886.201599,2986.2
886.318359,2959.4
886.435181,2988.8
886.552002,2981.0
886.668762,2972.6
886.785645,2962.4
886.902344,2978.6
887.019165,2957.0
887.135925,2951.2
887.252747,2958.4
887.369446,2976.0
887.486267,2943.2
887.603027,2925.2
887.719788,2941.2
887.836548,2917.2
887.953247,2912.4
888.070068,2923.2
888.186829,2953.0
888.303528,2881.2
888.420288,2923.8
888.536987,2894.2
888.653687,2895.8
888.770447,2901.6
888.887146,2899.4
889.003967,2919.2
889.120667,2910.2
889.237305,2906.2
889.354065,2908.2
889.470703,2899.6
889.587463,2880.0
889.704163,2916.6
889.820862,2881.2
889.937561,2927.6
890.054199,2884.2
890.170837,2912.4
890.287598,2903.0
890.404236,2909.8
890.520874,2909.8
890.637634,2926.2
890.754211,2927.8
890.87085,2903.6
890.987549,2897.6
891.104187,2899.8
891.220886,2930.8
891.337463,2907.8
891.454102,2921.8
891.57074,2945.0
891.687378,2907.0
891.804077,2940.0
891.920654,2907.4
892.037231,2912.2
892.15387,2893.6
892.270447,2888.2
892.387085,2901.2
892.503723,2893.4
892.6203,2920.2
892.736877,2921.2
892.853516,2893.6
892.970032,2920.0
893.08667,2929.4
893.203186,2929.8
893.319763,2926.6
893.43634,2911.8
893.552917,2926.4
893.669556,2910.0
893.786011,2934.8
893.902588,2934.8
894.019165,2940.2
894.135681,2939.4
894.252197,2918.4
894.368835,2960.4
894.485291,2934.4
894.601868,2925.2
894.718384,2939.4
894.8349,2946.2
894.951355,2927.0
895.067932,2938.0
895.184448,2954.4
895.300964,2963.8
895.417419,2948.6
895.533936,2931.8
895.650452,2936.0
895.766907,2951.6
895.883423,2954.2
895.999878,2934.4
896.116333,2939.4
896.232849,2939.4
896.349304,2930.4
896.465759,2958.2
896.582214,2965.8
896.698669,2948.2
896.815125,2928.6
896.931641,2955.2
897.048035,2941.4
897.164551,2939.0
897.280884,2950.0
897.397339,2928.0
897.513794,2953.4
897.630249,2969.8
897.746582,2965.2
897.863098,2947.6
897.979431,2978.2
898.095886,2966.2
898.212341,2941.2
898.328674,2976.6
898.445129,2982.4
898.561462,2957.6
898.677795,2964.2
898.794312,2963.6
898.910645,2933.4
899.026978,2958.8
899.143433,2980.8
899.259766,2966.8
899.37616,2964.2
899.492493,2937.4
899.608765,2964.6
899.725159,2967.0
899.841553,2970.4
899.957947,2963.0
900.07428,2986.6
900.190552,2962.2
900.306946,2941.8
900.423157,2963.0
900.53949,2946.6
900.655884,2984.2
900.772156,3005.8
900.888489,2990.0
901.004822,2966.0
901.121033,2979.6
901.237366,2982.2
901.353699,2956.6
901.46991,2984.0
901.586304,2999.6
901.702515,2986.0
901.818787,3009.8
901.93512,3007.0
902.051331,2995.6
902.167603,3006.6
902.283875,3014.4
902.400085,2991.8
902.516418,3010.2
902.632629,3007.2
902.74884,3016.8
902.865112,3034.4
902.981384,3001.8
903.097595,3025.4
903.213867,3028.6
903.330017,3025.2
903.446289,3011.6
903.5625,3019.0
903.67865,3027.2
903.794922,3064.6
903.911072,3024.4
904.027344,2989.2
904.143494,3041.4
904.259705,3006.8
904.375916,2988.6
904.492065,2983.2
904.608215,3005.6
904.724426,2972.6
904.840576,3000.4
904.956726,2979.8
905.072876,2995.4
905.189087,2993.6
905.305176,3006.4
905.421387,2991.0
905.537537,2996.0
905.653687,3021.2
905.769775,2989.0
905.885925,3005.2
906.002014,2987.6
906.118164,3007.4
906.234314,2970.0
906.350403,2988.0
906.466492,2975.4
906.582642,2986.8
906.69873,2979.6
906.814758,3015.8
906.930908,2987.2
907.046936,2973.8
907.163086,2985.8
907.279175,2983.4
907.395264,3006.0
907.511353,2967.4
907.62738,2969.0
907.743408,2980.8
907.859497,2983.0
907.975525,2993.4
908.091553,3007.8
908.207703,2999.4
908.32373,2962.6
908.439758,2964.4
908.555786,2950.8
908.671814,2970.8
908.787842,2982.8
908.90387,2971.8
909.019775,2982.6
909.135864,2982.6
909.251892,2995.2
909.367859,2991.6
909.483826,3009.8
909.599854,2977.6
909.715881,2976.0
909.831848,3004.6
909.947815,3012.2
910.063782,2982.2
910.179749,2978.6
910.295776,2967.2
910.411743,2985.2
910.527649,2971.6
910.643616,3009.2
910.759583,2989.8
910.875488,3004.4
910.991455,3002.6
911.107361,2976.6
911.223267,2979.4
911.339294,3003.2
911.4552,2977.2
911.571106,2980.6
911.687073,2993.8
911.802979,3000.6
911.918823,2977.0
912.034729,2993.4
912.150635,2967.6
912.266602,2986.6
912.382446,2980.0
912.498352,2970.6
912.614197,2973.4
912.730103,2964.8
912.846008,2951.8
792.44574,4882.0
792.56488,4882.0
792.68396,5127.4
792.80304,5075.8
792.92218,4958.8
793.041199,4882.8
793.160339,4874.8
793.279419,4865.8
793.398499,4736.6
793.517578,4703.8
793.636658,4619.6
793.755737,4637.2
793.874817,4565.8
793.993896,4503.0
794.112976,4439.4
794.232056,4426.0
794.351074,4386.6
794.470215,4315.8
794.589233,4287.2
794.708313,4281.0
794.827393,4280.2
794.946411,4214.4
795.065552,4238.0
795.18457,4155.8
795.303589,4196.8
795.422668,4144.0
795.541687,4114.4
795.660767,4100.4
795.779846,4056.0
795.898865,3990.0
796.017883,4015.8
796.136963,3929.2
796.255981,3961.0
796.375061,3934.8
796.49408,3927.8
796.613037,3892.2
796.732117,3908.6
796.851135,3874.6
796.970154,3837.0
797.089233,3811.6
797.208191,3805.0
797.327271,3803.0
797.446228,3812.0
797.565186,3804.6
797.684265,3784.2
797.803223,3776.2
797.922241,3724.8
798.04126,3782.2
798.160278,3740.8
798.279297,3730.0
798.398315,3733.2
798.517273,3731.4
798.636292,3720.8
798.75531,3721.4
798.874268,3660.6
798.993286,3691.8
799.112244,3673.6
799.231323,3665.4
799.350281,3683.2
799.469238,3656.2
799.588257,3616.8
799.707153,3652.0
799.826111,3646.0
799.945129,3627.8
800.064087,3626.6
800.183044,3645.4
800.302063,3614.2
800.421021,3610.8
800.539978,3578.2
800.658936,3596.2
800.777893,3606.0
800.896912,3593.2
801.015747,3575.0
801.134705,3566.4
801.253723,3560.6
801.37262,3568.8
801.491638,3550.2
801.610535,3571.6
801.729492,3535.4
801.84845,3539.4
801.967407,3533.2
802.086243,3544.0
802.205261,3521.6
802.324158,3511.6
802.443115,3517.0
802.562073,3515.0
802.680969,3546.8
802.799927,3529.0
802.918762,3506.2
803.037659,3490.0
803.156677,3557.2
803.275574,3481.6
803.39447,3488.2
803.513428,3480.4
803.632263,3492.4
803.751221,3492.6
803.870117,3451.6
803.989014,3478.8
804.107971,3492.6
804.226746,3463.6
804.345642,3461.6
804.4646,3470.2
804.583496,3465.8
804.702393,3481.0
804.821228,3473.2
804.940125,3475.0
805.059021,3435.0
805.177917,3463.8
805.296814,3442.8
805.415649,3457.8
805.534546,3481.8
805.653442,3466.8
805.772278,3484.4
805.891113,3454.8
806.01001,3474.4
806.128906,3431.4
806.247742,3475.8
806.366577,3466.2
806.485413,3471.8
806.604309,3469.8
806.723145,3432.0
806.84198,3455.2
806.960876,3457.4
807.079712,3408.0
807.198486,3456.0
807.317383,3425.6
807.436218,3429.4
807.554993,3405.8
807.673889,3408.2
807.792725,3407.0
807.91156,3449.4
808.030396,3435.8
808.14917,3406.6
808.268005,3397.0
808.386841,3417.8
808.505676,3381.6
808.624451,3406.8
808.743286,3412.0
808.862122,3395.0
808.980896,3383.8
809.099731,3416.8
809.218506,3417.4
809.337341,3407.8
809.456116,3415.2
809.57489,3369.8
809.693726,3391.0
809.8125,3412.4
809.931274,3386.0
810.050049,3411.6
810.168884,3385.2
810.287659,3378.8
810.406372,3384.8
810.525269,3375.2
810.643982,3387.2
810.762756,3371.6
810.881531,3370.8
811.000305,3377.0
811.11908,3372.6
811.237854,3377.0
811.356567,3351.0
811.475403,3373.6
811.594116,3366.2
811.71283,3400.6
811.831604,3367.0
811.950378,3381.4
812.069153,3393.2
812.187927,3381.4
812.30658,3370.2
812.425415,3354.0
812.544128,3362.8
812.662781,3373.0
812.781616,3342.8
812.900269,3366.4
813.019043,3341.6
813.137756,3333.4
813.256531,3345.4
813.375244,3347.6
813.493896,3331.8
813.612671,3353.6
813.731384,3317.6
813.850037,3343.6
813.96875,3346.2
814.087524,3348.2
814.206238,3328.6
814.324951,3318.2
814.443604,3299.4
814.562256,3331.2
814.68103,3317.4
814.799683,3323.4
814.918335,3323.4
815.037109,3303.2
815.155762,3306.8
815.274475,3286.4
815.393188,3313.2
815.511841,3309.0
815.630554,3240.4
815.749146,3294.4
815.867859,3252.6
815.986572,3282.0
816.105164,3265.8
816.223877,3281.0
816.342529,3279.8
816.461182,3274.2
816.579895,3279.2
816.698486,3277.8
816.817139,3277.8
816.935791,3293.8
817.054504,3287.6
817.173096,3267.4
817.291748,3263.8
817.4104,3292.6
817.529053,3251.2
817.647644,3262.6
817.766235,3252.8
817.884949,3258.2
818.00354,3244.2
818.122192,3236.4
818.240845,3213.0
818.359436,3205.0
818.478088,3238.4
818.59668,3231.2
818.715271,3218.4
818.833923,3258.0
818.952515,3202.4
819.071106,3192.2
819.189758,3201.0
819.30835,3218.8
819.426941,3191.2
819.545532,3204.6
819.664124,3200.8
819.782715,3167.6
819.901306,3212.2
820.019897,3178.6
820.138489,3199.8
820.25708,3196.0
820.375671,3215.8
820.494202,3157.4
820.612732,3173.8
820.731384,3168.4
820.849915,3196.2
820.968506,3150.8
821.087097,3133.2
821.205627,3180.2
821.324158,3143.8
821.442749,3134.0
821.561279,3150.0
821.679871,3107.6
821.798401,3134.6
821.916931,3122.0
822.035461,3154.2
822.154053,3104.8
822.272583,3094.4
822.391174,3114.4
822.509583,3121.4
822.628174,3107.6
822.746704,3115.2
822.865234,3113.8
822.983765,3116.0
823.102295,3113.4
823.220825,3094.0
823.339294,3102.2
823.457825,3099.8
823.576355,3110.2
823.694824,3089.0
823.813354,3104.0
823.931885,3111.2
824.050354,3088.4
824.168884,3100.2
824.287354,3116.4
824.405823,3069.4
824.524353,3153.4
824.642822,3080.2
824.761353,3102.8
824.879822,3053.8
824.998291,3075.4
825.116699,3074.0
825.235291,3099.4
825.353699,3044.0
825.472168,3043.8
825.590637,3093.4
825.709106,3085.4
825.827576,3077.2
825.946045,3067.4
826.064453,3082.2
826.182983,3057.8
826.301392,3044.2
826.4198,3048.0
826.53833,3079.8
826.656738,3046.8
826.775208,3063.2
826.893677,3063.4
827.012024,3070.2
827.130493,3035.0
827.248962,3057.4
827.36731,3034.0
827.485779,3051.0
827.604248,3046.6
827.722595,3043.8
827.841064,3007.2
827.959412,3029.8
828.077942,3004.0
828.196289,3031.4
828.314636,3026.2
828.433105,3003.6
828.551514,3031.4
828.669861,3014.2
828.78833,3023.0
828.906677,3004.6
829.025085,3000.8
829.143433,3023.8
829.261841,3005.0
829.38031,3009.2
829.498657,3009.4
829.617004,2999.6
829.735413,3023.2
829.85376,3006.6
829.972107,2982.4
830.090515,2987.6
830.208862,3012.4
830.327209,2985.6
830.445557,2995.6
830.563904,3009.8
830.682312,3013.8
830.800659,2988.2
830.919006,2990.6
831.037354,3012.8
831.155701,3018.4
831.274048,3016.8
831.392395,2979.4
831.51062,2975.2
831.629028,2989.0
831.747314,2997.4
831.865662,3029.2
831.984009,2984.6
832.102356,3036.6
832.220642,3017.6
832.338928,3008.0
832.457275,2996.6
832.575623,3008.0
832.693909,3000.2
832.812134,3017.0
832.930481,3009.8
833.048828,3006.2
833.167114,3007.4
833.2854,3006.6
833.403687,3004.8
833.521973,2987.6
833.640259,2968.8
833.758545,2978.0
833.876831,2994.6
833.995056,3005.8
834.113281,2989.8
834.231628,3009.0
834.349915,2989.6
834.468201,3001.8
834.586426,2995.2
834.704651,2997.8
834.822998,2997.6
834.941162,3018.0
835.059448,3000.4
835.177673,3021.6
835.295959,2989.4
835.414246,3032.0
835.53241,2963.8
835.650635,2971.4
835.768921,2972.8
835.887146,2989.2
836.005371,2980.0
836.123596,2988.6
836.241821,2971.6
836.360046,2990.8
836.478271,2997.0
836.596497,2977.0
836.714722,2954.6
836.832886,2970.6
836.95105,2958.2
837.069336,2960.2
837.1875,2984.2
837.305725,2979.2
837.423889,2950.8
837.542053,2974.6
837.660339,2940.4
837.778503,2990.8
837.896667,2966.6
838.014832,2950.8
838.132996,2957.4
838.25116,2959.2
838.369385,2978.6
838.487488,2980.0
838.605713,2981.8
838.723877,2986.4
838.84198,2983.2
838.960205,2958.8
839.078308,2980.6
839.196472,2960.8
839.314636,2962.0
839.4328,3002.8
839.550964,2987.6
839.669067,2961.4
839.787231,3003.4
839.905396,2971.8
840.023499,2995.2
840.141602,3003.0
840.259766,2972.0
840.377869,2983.6
840.495972,2981.4
840.614136,2996.4
840.732239,2979.4
840.850342,2953.4
840.968445,2957.2
841.086548,2937.4
841.204651,2983.0
841.322754,2981.2
841.440918,2956.0
841.55896,2979.6
841.677002,2998.8
841.795166,3000.2
841.913208,2963.0
842.031311,2976.6
842.149353,2994.6
842.267456,2960.4
842.385498,2992.8
842.503601,2996.4
842.621643,2973.6
842.739746,2978.2
842.857788,2958.6
842.97583,2971.4
843.093933,2981.0
843.211975,2997.4
843.330017,2982.2
843.44812,2972.8
843.566101,2958.6
843.684204,2994.6
843.802246,2959.2
843.920227,3014.2
844.038269,2996.4
844.156311,2973.2
844.274292,2979.8
844.392395,2981.0
844.510376,2977.2
844.628357,2982.4
844.74646,2982.6
844.864441,2977.2
844.982422,2958.2
845.100403,2968.0
845.218384,2979.0
845.336426,2966.2
845.454468,2983.8
845.572449,2963.8
845.69043,2977.6
845.808411,2954.6
845.926453,2948.0
846.044373,2945.0
846.162354,2959.4
846.280396,2987.6
846.398315,2960.4
846.516296,2978.6
846.634216,2975.8
846.752197,2969.6
846.870178,2990.8
846.988098,2971.0
847.106079,2975.4
847.22406,2981.8
847.34198,3024.4
847.4599,3003.2
847.577881,3001.4
847.695801,3002.2
847.813782,2994.8
847.931641,3014.8
848.049561,3010.0
848.167603,2961.2
848.285461,2991.2
848.403381,3005.2
848.521362,2997.0
848.639221,2994.2
848.75708,3011.2
848.875,3004.2
848.99292,3010.0
849.110901,3047.8
849.22876,2968.2
849.34668,2993.2
849.464539,2988.8
849.582458,2986.6
849.700317,2972.4
849.818176,3005.8
849.936096,2989.4
850.053955,3011.2
850.171875,2982.6
850.289673,2990.0
850.407593,2994.2
850.525452,3030.2
850.643311,3020.2
850.761169,2979.0
850.878967,2997.6
850.996887,3054.4
851.114746,3020.8
851.232544,3023.8
851.350403,3008.0
851.468262,3045.6
851.58606,3059.0
851.703979,3026.2
851.821777,3043.0
851.939636,3043.8
852.057434,3053.2
852.175232,3062.6
852.293091,3108.8
852.410889,3112.4
852.528687,3101.6
852.646545,3075.6
852.764343,3039.4
852.88208,3060.6
852.999939,3049.0
853.117676,3034.2
853.235535,2997.8
853.353271,3008.8
853.471069,2995.4
853.588928,2967.6
853.706604,2983.8
853.824402,2970.8
853.9422,3001.6
854.059998,2955.8
854.177734,2982.2
854.295532,2996.4
854.413269,2995.4
854.531006,2994.6
854.648804,3002.4
854.766541,3002.6
854.884277,2999.0
855.002014,3013.8
855.119751,3019.8
855.237549,3045.8
855.355225,3049.0
855.473022,3053.6
855.590698,3050.6
855.708435,3057.4
855.826172,3046.2
855.943848,3092.4
856.061646,3057.4
856.179321,3028.2
856.296997,3007.4
856.414795,3050.0
856.53241,3027.4
856.650085,3017.2
856.767822,2994.6
856.885559,3027.8
857.003174,2985.0
857.120911,3001.0
857.238586,2989.4
857.356201,3008.2
857.473938,2967.8
857.591614,3008.8
857.709351,2999.4
857.826965,2985.2
857.944641,3001.4
858.062317,3006.2
858.179993,2975.4
858.297668,2977.2
858.415283,2994.2
858.532959,2984.0
858.650574,2986.2
858.768188,3003.4
858.885803,2974.4
859.003479,2984.2
859.121094,2999.4
859.23877,2957.6
859.356384,2981.4
859.473999,3024.8
859.591675,2989.4
859.709229,2991.6
859.826843,2972.6
859.944458,2999.0
860.062012,3007.8
860.179626,2970.2
860.297302,2976.6
860.414856,2974.8
860.532471,2961.8
860.650024,2980.8
860.767639,3000.0
860.885193,2973.4
861.002808,2947.8
861.120361,2990.4
861.237976,3006.2
861.35553,2984.2
861.473022,2981.2
861.590698,3004.0
861.708191,2962.8
861.825745,2956.6
861.943298,2959.4
862.060852,2960.6
862.178406,2923.8
862.295959,2958.0
862.413513,2945.2
862.531006,2917.6
862.64856,2937.6
862.766113,2943.8
862.883667,2950.8
863.00116,2921.8
863.118713,2941.4
863.236206,2940.2
863.353699,2931.6
863.471252,2931.4
863.588745,2939.6
863.706177,2929.6
863.82373,2952.2
863.941162,2971.6
864.058716,2946.4
864.176208,2935.0
864.29364,2956.6
864.411194,2963.2
864.528687,2928.0
864.646118,2967.2
864.763611,2953.6
864.881042,2956.0
864.998535,2946.8
865.116028,2943.0
865.233459,2922.8
865.350891,2929.6
865.468384,2959.4
865.585754,2942.4
865.703308,2943.6
865.820679,2977.0
865.938171,2926.0
866.055542,2924.0
866.173035,2917.6
866.290466,2960.8
866.407837,2948.8
866.52533,2949.4
866.6427,2948.0
866.760071,2921.2
866.877563,2932.0
866.994934,2954.8
867.112305,2968.4
867.229736,2944.2
867.347107,2959.6
867.464539,2938.6
867.58197,2926.8
867.699341,2974.8
867.81665,2973.8
867.934082,2957.8
868.051453,2973.0
868.168823,2960.2
868.286194,2961.8
868.403564,2967.4
868.520935,2964.2
868.638306,2974.8
868.755676,2975.2
868.872986,2986.6
868.990295,2968.2
869.107727,3009.8
869.225037,2973.4
869.342346,2959.2
869.459717,2999.0
869.577026,3019.0
869.694336,2985.0
869.811707,2985.6
869.929016,2956.2
870.046326,3015.8
870.163635,2972.0
870.280945,2986.4
870.398254,2986.4
870.515564,2988.8
870.632812,2968.0
870.750183,2999.2
870.867432,3010.8
870.984741,2975.6
871.102051,2970.2
871.219299,3021.0
871.336609,3012.0
871.453918,3006.2
871.571106,3004.8
871.688416,2998.8
871.805664,3008.4
871.922852,3010.6
872.040222,2985.4
872.157471,3031.4
872.274719,3000.2
872.391968,3019.8
872.509155,2985.4
872.626465,3005.4
872.743652,2973.0
872.860962,2994.2
872.978149,3015.6
873.095337,3034.2
873.212646,2987.4
873.329834,3015.8
873.44696,2987.6
873.564209,3008.8
873.681396,3019.4
873.798645,3002.4
873.915894,2989.6
874.03302,3026.4
874.150208,3002.4
874.267456,3007.8
874.384583,3025.8
874.501831,3012.4
874.618958,2994.6
874.736145,3021.2
874.853333,3016.6
874.970459,3007.4
875.087646,3027.8
875.204834,3005.4
875.32196,3041.0
875.439148,3048.4
875.556274,3021.6
875.673401,3046.2
875.790527,3043.0
875.907715,3036.8
876.024841,3022.0
876.141968,3025.6
876.259094,3039.8
876.376282,3015.8
876.493347,3037.2
876.610474,3038.8
876.7276,3025.6
876.844727,3056.2
876.961853,3018.0
877.078918,3049.0
877.195984,3021.8
877.313171,3052.4
877.430237,3046.6
877.547302,3043.4
877.664368,3048.0
877.781433,3035.8
877.898499,3030.2
878.015625,3025.8
878.13269,3022.6
878.249695,3024.6
878.366821,3020.2
878.483887,3046.8
878.600952,3004.6
878.717957,3001.6
878.834961,3020.8
878.952087,2997.8
879.069092,2998.8
879.186157,3002.8
879.303162,2978.0
879.420227,3018.2
879.537231,2996.2
879.654236,2998.4
879.77124,2979.8
879.888306,2992.0
880.005249,3001.0
880.122314,2945.0
880.239319,2987.2
880.356323,2976.6
880.473328,2981.4
880.590271,2969.2
880.707275,3000.4
880.824341,2980.2
880.941284,2977.8
881.058228,2990.0
881.175232,2998.6
881.292236,2996.4
881.40918,3007.6
881.526123,2983.8
881.643066,2996.6
881.760071,3018.2
881.877014,2991.2
881.993958,3039.2
882.11084,3015.6
882.227783,3004.0
882.344727,2977.2
882.46167,3023.4
882.578613,2969.8
882.695618,3015.0
882.812439,2992.6
882.929382,3002.0
883.046326,3032.0
883.163208,3018.8
883.280151,3022.6
883.397034,3032.8
883.513916,3052.8
883.630798,3035.0
883.747742,3042.8
883.864563,3037.6
883.981506,3054.8
884.098389,3047.4
884.21521,3048.2
884.332153,3056.8
884.448975,3037.0
884.565796,3066.8
884.682678,3065.2
884.7995,3073.6
884.916443,3111.0
885.033264,3107.4
885.150085,3103.8
885.266968,3134.6
885.383789,3148.0
885.500671,3169.2
885.617493,3159.4
885.734314,3167.4
885.851196,3165.8
885.967896,3167.4
886.084717,3162.8
886.201599,3191.6
886.318359,3172.4
886.435181,3165.8
886.552002,3163.0
886.668762,3149.4
886.785645,3158.0
886.902344,3186.0
887.019165,3136.2
887.135925,3132.6
887.252747,3117.6
887.369446,3125.8
887.486267,3119.6
887.603027,3099.6
887.719788,3099.4
887.836548,3093.6
887.953247,3082.0
888.070068,3084.8
888.186829,3098.0
888.303528,3071.0
888.420288,3091.6
888.536987,3069.2
888.653687,3057.4
888.770447,3065.6
888.887146,3062.6
889.003967,3069.0
889.120667,3069.8
889.237305,3060.4
889.354065,3066.6
889.470703,3036.8
889.587463,3049.0
889.704163,3075.6
889.820862,3035.2
889.937561,3079.6
890.054199,3042.6
890.170837,3055.6
890.287598,3027.4
890.404236,3036.2
890.520874,3059.8
890.637634,3075.4
890.754211,3059.4
890.87085,3058.2
890.987549,3057.6
891.104187,3054.6
891.220886,3063.8
891.337463,3054.2
891.454102,3055.0
891.57074,3057.6
891.687378,3046.0
891.804077,3081.8
891.920654,3056.6
892.037231,3071.8
892.15387,3036.2
892.270447,3053.2
892.387085,3068.6
892.503723,3060.8
892.6203,3059.0
892.736877,3051.4
892.853516,3062.6
892.970032,3073.6
893.08667,3053.4
893.203186,3076.8
893.319763,3064.4
893.43634,3078.0
893.552917,3074.0
893.669556,3098.6
893.786011,3099.4
893.902588,3092.2
894.019165,3089.8
894.135681,3079.4
894.252197,3096.8
894.368835,3117.8
894.485291,3114.8
894.601868,3098.6
894.718384,3102.0
894.8349,3077.0
894.951355,3083.0
895.067932,3096.2
895.184448,3104.4
895.300964,3120.8
895.417419,3106.2
895.533936,3113.0
895.650452,3116.4
895.766907,3085.2
895.883423,3113.0
895.999878,3075.6
896.116333,3113.0
896.232849,3127.2
896.349304,3095.6
896.465759,3121.2
896.582214,3111.0
896.698669,3101.4
896.815125,3104.2
896.931641,3104.6
897.048035,3097.2
897.164551,3136.6
897.280884,3101.2
897.397339,3126.6
897.513794,3102.6
897.630249,3126.4
897.746582,3134.2
897.863098,3123.2
897.979431,3131.8
898.095886,3124.8
898.212341,3123.2
898.328674,3150.4
898.445129,3155.2
898.561462,3127.4
898.677795,3140.6
898.794312,3131.2
898.910645,3136.4
899.026978,3134.6
899.143433,3153.6
899.259766,3133.6
899.37616,3139.6
899.492493,3142.2
899.608765,3165.4
899.725159,3150.8
899.841553,3152.4
899.957947,3143.6
900.07428,3149.2
900.190552,3187.0
900.306946,3175.2
900.423157,3203.0
900.53949,3142.4
900.655884,3186.6
900.772156,3216.4
900.888489,3219.0
901.004822,3182.8
901.121033,3206.4
901.237366,3218.6
901.353699,3215.6
901.46991,3221.8
901.586304,3189.2
901.702515,3206.2
901.818787,3247.0
901.93512,3265.2
902.051331,3246.8
902.167603,3269.4
902.283875,3280.8
902.400085,3260.6
902.516418,3274.8
902.632629,3261.2
902.74884,3274.2
902.865112,3320.0
902.981384,3285.2
903.097595,3307.2
903.213867,3300.0
903.330017,3304.6
903.446289,3289.8
903.5625,3292.2
903.67865,3279.2
903.794922,3298.4
903.911072,3295.8
904.027344,3275.8
904.143494,3273.8
904.259705,3305.4
904.375916,3237.0
904.492065,3260.0
904.608215,3260.6
904.724426,3234.6
904.840576,3249.2
904.956726,3264.2
905.072876,3257.0
905.189087,3258.2
905.305176,3274.6
905.421387,3229.2
905.537537,3285.2
905.653687,3257.8
905.769775,3246.0
905.885925,3255.0
906.002014,3239.2
906.118164,3240.8
906.234314,3261.2
906.350403,3245.0
906.466492,3222.4
906.582642,3265.0
906.69873,3261.6
906.814758,3246.6
906.930908,3223.2
907.046936,3203.8
907.163086,3235.6
907.279175,3238.2
907.395264,3223.0
907.511353,3220.0
907.62738,3223.4
907.743408,3230.6
907.859497,3229.4
907.975525,3203.6
908.091553,3228.0
908.207703,3209.2
908.32373,3217.6
908.439758,3225.4
908.555786,3198.2
908.671814,3187.6
908.787842,3169.4
908.90387,3200.2
909.019775,3190.0
909.135864,3158.6
909.251892,3186.4
909.367859,3177.2
909.483826,3175.8
909.599854,3182.2
909.715881,3177.8
909.831848,3177.2
909.947815,3188.8
910.063782,3164.2
910.179749,3176.8
910.295776,3200.2
910.411743,3171.6
910.527649,3200.0
910.643616,3181.2
910.759583,3188.2
910.875488,3205.4
910.991455,3183.8
911.107361,3158.8
911.223267,3159.2
911.339294,3157.8
911.4552,3170.8
911.571106,3135.2
911.687073,3149.4
911.802979,3134.4
911.918823,3135.0
912.034729,3149.0
912.150635,3134.4
912.266602,3140.8
912.382446,3124.8
912.498352,3115.6
912.614197,3157.4
912.730103,3119.8
912.846008,3125.4
792.44574,6446.0
792.56488,6285.6
792.68396,6211.2
792.80304,6122.2
792.92218,5986.2
793.041199,5920.2
793.160339,5908.8
793.279419,5838.2
793.398499,5741.4
793.517578,5665.0
793.636658,5554.0
793.755737,5523.0
793.874817,5443.6
793.993896,5388.2
794.112976,5361.0
794.232056,5297.2
794.351074,5247.6
794.470215,5193.2
794.589233,5153.0
794.708313,5094.2
794.827393,5090.6
794.946411,5031.2
795.065552,4963.2
795.18457,4988.2
795.303589,4971.2
795.422668,4901.0
795.541687,4900.2
795.660767,4848.0
795.779846,4777.0
795.898865,4730.6
796.017883,4734.8
796.136963,4735.2
796.255981,4660.0
796.375061,4633.2
796.49408,4586.8
796.613037,4565.8
796.732117,4547.8
796.851135,4526.8
796.970154,4528.2
797.089233,4515.4
797.208191,4471.2
797.327271,4466.2
797.446228,4443.2
797.565186,4410.8
797.684265,4416.0
797.803223,4393.4
797.922241,4387.2
798.04126,4404.4
798.160278,4351.0
798.279297,4354.0
798.398315,4347.4
798.517273,4300.2
798.636292,4287.6
798.75531,4289.2
798.874268,4296.2
798.993286,4297.0
799.112244,4250.6
799.231323,4292.0
799.350281,4242.8
799.469238,4254.6
799.588257,4270.8
799.707153,4242.6
799.826111,4256.8
799.945129,4202.6
800.064087,4190.6
800.183044,4209.8
800.302063,4148.6
800.421021,4144.8
800.539978,4164.2
800.658936,4173.8
800.777893,4131.6
800.896912,4157.6
801.015747,4113.6
801.134705,4113.0
801.253723,4093.0
801.37262,4107.8
801.491638,4095.4
801.610535,4087.8
801.729492,4061.2
801.84845,4053.0
801.967407,4095.0
802.086243,4055.8
802.205261,4065.8
802.324158,4022.4
802.443115,4065.0
802.562073,4032.6
802.680969,4015.8
802.799927,4029.0
802.918762,4006.2
803.037659,4043.0
803.156677,4045.8
803.275574,3997.2
803.39447,3992.0
803.513428,3994.4
803.632263,3995.6
803.751221,4005.2
803.870117,3965.2
803.989014,3977.4
804.107971,3962.0
804.226746,3960.0
804.345642,4001.4
804.4646,3966.4
804.583496,3968.2
804.702393,3930.2
804.821228,3920.4
804.940125,3949.8
805.059021,3940.0
805.177917,3944.4
805.296814,4003.6
805.415649,3969.2
805.534546,3961.2
805.653442,3969.4
805.772278,3982.8
805.891113,4006.8
806.01001,3939.0
806.128906,3973.0
806.247742,3950.6
806.366577,3972.4
806.485413,3938.8
806.604309,3943.4
806.723145,3950.4
806.84198,3926.4
806.960876,3935.6
807.079712,3920.4
807.198486,3916.8
807.317383,3937.0
807.436218,3886.8
807.554993,3862.4
807.673889,3895.0
807.792725,3863.8
807.91156,3873.0
808.030396,3878.6
808.14917,3853.0
808.268005,3859.8
808.386841,3895.8
808.505676,3858.6
808.624451,3848.8
808.743286,3878.2
808.862122,3830.2
808.980896,3846.0
809.099731,3850.4
809.218506,3867.2
809.337341,3845.2
809.456116,3830.0
809.57489,3868.0
809.693726,3859.4
809.8125,3874.4
809.931274,3827.4
810.050049,3823.2
810.168884,3821.8
810.287659,3809.6
810.406372,3812.8
810.525269,3801.0
810.643982,3815.2
810.762756,3817.6
810.881531,3803.6
811.000305,3823.2
811.11908,3790.2
811.237854,3788.4
811.356567,3796.6
811.475403,3803.0
811.594116,3808.2
811.71283,3817.6
811.831604,3837.4
811.950378,3839.6
812.069153,3834.8
812.187927,3807.8
812.30658,3805.8
812.425415,3755.4
812.544128,3817.4
812.662781,3791.4
812.781616,3776.0
812.900269,3763.8
813.019043,3763.8
813.137756,3790.8
813.256531,3799.6
813.375244,3756.0
813.493896,3775.4
813.612671,3758.8
813.731384,3768.8
813.850037,3739.8
813.96875,3762.6
814.087524,3775.8
814.206238,3737.0
814.324951,3698.8
814.443604,3761.2
814.562256,3718.8
814.68103,3731.6
814.799683,3738.6
814.918335,3742.6
815.037109,3737.2
815.155762,3716.2
815.274475,3725.2
815.393188,3736.6
815.511841,3742.6
815.630554,3725.6
815.749146,3678.4
815.867859,3691.0
815.986572,3702.4
816.105164,3690.8
816.223877,3707.4
816.342529,3703.2
816.461182,3714.2
816.579895,3722.8
816.698486,3687.4
816.817139,3747.4
816.935791,3725.8
817.054504,3711.0
817.173096,3718.2
817.291748,3702.2
817.4104,3745.2
817.529053,3687.8
817.647644,3703.2
817.766235,3662.4
817.884949,3676.0
818.00354,3677.2
818.122192,3729.4
818.240845,3684.4
818.359436,3678.2
818.478088,3680.2
818.59668,3666.2
818.715271,3686.4
818.833923,3721.0
818.952515,3658.0
819.071106,3703.6
819.189758,3672.6
819.30835,3685.8
819.426941,3680.0
819.545532,3696.4
819.664124,3682.2
819.782715,3663.2
819.901306,3688.0
820.019897,3652.6
820.138489,3697.4
820.25708,3710.4
820.375671,3712.4
820.494202,3658.8
820.612732,3663.4
820.731384,3692.6
820.849915,3653.6
820.968506,3612.6
821.087097,3640.4
821.205627,3631.4
821.324158,3621.4
821.442749,3595.0
821.561279,3660.8
821.679871,3609.6
821.798401,3596.4
821.916931,3581.2
822.035461,3608.4
822.154053,3617.6
822.272583,3562.2
822.391174,3579.2
822.509583,3574.6
822.628174,3561.8
822.746704,3607.0
822.865234,3579.8
822.983765,3587.6
823.102295,3594.8
823.220825,3577.8
823.339294,3591.4
823.457825,3576.8
823.576355,3541.6
823.694824,3551.0
823.813354,3574.0
823.931885,3559.0
824.050354,3588.2
824.168884,3556.4
824.287354,3565.2
824.405823,3547.2
824.524353,3570.0
824.642822,3557.8
824.761353,3522.8
824.879822,3565.8
824.998291,3529.8
825.116699,3541.2
825.235291,3544.0
825.353699,3561.0
825.472168,3547.6
825.590637,3541.2
825.709106,3582.2
825.827576,3534.0
825.946045,3526.6
826.064453,3544.8
826.182983,3501.8
826.301392,3528.4
826.4198,3547.2
826.53833,3529.2
826.656738,3494.0
826.775208,3545.0
826.893677,3559.2
827.012024,3525.2
827.130493,3521.6
827.248962,3545.8
827.36731,3505.6
827.485779,3500.4
827.604248,3536.6
827.722595,3498.2
827.841064,3474.4
827.959412,3501.4
828.077942,3472.8
828.196289,3472.2
828.314636,3466.8
828.433105,3456.4
828.551514,3450.6
828.669861,3469.4
828.78833,3434.0
828.906677,3477.2
829.025085,3473.6
829.143433,3472.6
829.261841,3458.4
829.38031,3420.6
829.498657,3429.4
829.617004,3473.0
829.735413,3467.6
829.85376,3440.2
829.972107,3416.6
830.090515,3433.8
830.208862,3420.2
830.327209,3420.2
830.445557,3448.2
830.563904,3461.2
830.682312,3467.4
830.800659,3458.6
830.919006,3465.8
831.037354,3454.2
831.155701,3493.8
831.274048,3457.2
831.392395,3412.8
831.51062,3430.2
831.629028,3431.0
831.747314,3432.4
831.865662,3462.8
831.984009,3493.2
832.102356,3456.6
832.220642,3461.2
832.338928,3461.8
832.457275,3460.8
832.575623,3441.2
832.693909,3431.2
832.812134,3455.6
832.930481,3453.4
833.048828,3424.2
833.167114,3468.8
833.2854,3431.8
833.403687,3448.8
833.521973,3441.2
833.640259,3423.8
833.758545,3459.2
833.876831,3431.6
833.995056,3422.8
834.113281,3436.6
834.231628,3446.2
834.349915,3409.2
834.468201,3461.0
834.586426,3432.6
834.704651,3443.8
834.822998,3413.0
834.941162,3468.8
835.059448,3444.8
835.177673,3483.8
835.295959,3469.2
835.414246,3392.6
835.53241,3473.2
835.650635,3421.2
835.768921,3431.0
835.887146,3402.0
836.005371,3433.0
836.123596,3389.6
836.241821,3418.4
836.360046,3399.4
836.478271,3404.8
836.596497,3390.4
836.714722,3371.6
836.832886,3390.2
836.95105,3351.2
837.069336,3413.8
837.1875,3382.2
837.305725,3389.8
837.423889,3403.2
837.542053,3394.2
837.660339,3361.8
837.778503,3398.0
837.896667,3384.8
838.014832,3408.8
838.132996,3380.0
838.25116,3377.0
838.369385,3394.6
838.487488,3389.0
838.605713,3393.6
838.723877,3404.2
838.84198,3430.8
838.960205,3370.6
839.078308,3395.2
839.196472,3369.8
839.314636,3408.8
839.4328,3446.8
839.550964,3425.0
839.669067,3443.4
839.787231,3389.6
839.905396,3408.4
840.023499,3421.6
840.141602,3427.2
840.259766,3386.8
840.377869,3416.4
840.495972,3428.2
840.614136,3372.2
840.732239,3401.8
840.850342,3373.0
840.968445,3350.4
841.086548,3369.4
841.204651,3399.2
841.322754,3424.2
841.440918,3422.2
841.55896,3428.2
841.677002,3431.2
841.795166,3435.0
841.913208,3409.6
842.031311,3414.8
842.149353,3416.4
842.267456,3407.6
842.385498,3412.8
842.503601,3421.6
842.621643,3385.0
842.739746,3395.2
842.857788,3399.8
842.97583,3388.8
843.093933,3430.2
843.211975,3441.8
843.330017,3457.6
843.44812,3434.2
843.566101,3410.4
843.684204,3418.6
843.802246,3409.0
843.920227,3425.8
844.038269,3473.8
844.156311,3438.0
844.274292,3426.4
844.392395,3456.2
844.510376,3432.6
844.628357,3393.8
844.74646,3398.6
844.864441,3426.8
844.982422,3426.6
845.100403,3426.2
845.218384,3421.0
845.336426,3395.0
845.454468,3448.6
845.572449,3415.0
845.69043,3424.8
845.808411,3400.4
845.926453,3436.8
846.044373,3391.4
846.162354,3419.2
846.280396,3420.8
846.398315,3388.0
846.516296,3415.0
846.634216,3424.0
846.752197,3406.8
846.870178,3418.8
846.988098,3426.2
847.106079,3465.6
847.22406,3443.8
847.34198,3494.4
847.4599,3430.0
847.577881,3466.6
847.695801,3450.4
847.813782,3481.6
847.931641,3476.0
848.049561,3500.8
848.167603,3430.8
848.285461,3434.4
848.403381,3450.2
848.521362,3426.8
848.639221,3449.6
848.75708,3479.8
848.875,3432.4
848.99292,3462.2
849.110901,3459.8
849.22876,3455.6
849.34668,3438.6
849.464539,3461.0
849.582458,3436.8
849.700317,3420.0
849.818176,3406.2
849.936096,3438.8
850.053955,3419.6
850.171875,3397.2
850.289673,3421.2
850.407593,3431.6
850.525452,3445.0
850.643311,3417.0
850.761169,3439.0
850.878967,3451.2
850.996887,3406.8
851.114746,3401.4
851.232544,3451.6
851.350403,3451.6
851.468262,3416.6
851.58606,3454.6
851.703979,3440.0
851.821777,3449.4
851.939636,3491.4
852.057434,3484.6
852.175232,3521.2
852.293091,3587.6
852.410889,3579.2
852.528687,3599.8
852.646545,3569.0
852.764343,3510.2
852.88208,3520.0
852.999939,3483.4
853.117676,3430.8
853.235535,3416.0
853.353271,3367.6
853.471069,3403.4
853.588928,3364.2
853.706604,3359.8
853.824402,3406.6
853.9422,3391.2
854.059998,3403.8
854.177734,3420.2
854.295532,3379.4
854.413269,3411.2
854.531006,3425.2
854.648804,3462.8
854.766541,3453.2
854.884277,3478.2
855.002014,3466.2
855.119751,3435.4
855.237549,3469.2
855.355225,3507.4
855.473022,3477.2
855.590698,3503.6
855.708435,3465.8
855.826172,3493.0
855.943848,3506.4
856.061646,3455.0
856.179321,3435.2
856.296997,3442.8
856.414795,3420.8
856.53241,3415.8
856.650085,3476.4
856.767822,3436.0
856.885559,3460.0
857.003174,3410.6
857.120911,3418.4
857.238586,3385.0
857.356201,3422.0
857.473938,3427.8
857.591614,3367.8
857.709351,3381.4
857.826965,3415.4
857.944641,3428.8
858.062317,3407.2
858.179993,3392.2
858.297668,3355.4
858.415283,3366.2
858.532959,3382.2
858.650574,3390.6
858.768188,3411.0
858.885803,3402.4
859.003479,3410.0
859.121094,3393.0
859.23877,3402.0
859.356384,3406.4
859.473999,3375.0
859.591675,3369.6
859.709229,3393.2
859.826843,3400.6
859.944458,3367.0
860.062012,3369.2
860.179626,3359.6
860.297302,3363.0
860.414856,3348.8
860.532471,3345.8
860.650024,3347.2
860.767639,3352.8
860.885193,3343.2
861.002808,3377.8
861.120361,3396.8
861.237976,3396.2
861.35553,3388.6
861.473022,3368.8
861.590698,3346.2
861.708191,3383.8
861.825745,3374.4
861.943298,3338.0
862.060852,3332.2
862.178406,3297.2
862.295959,3302.2
862.413513,3283.2
862.531006,3275.4
862.64856,3283.8
862.766113,3286.8
862.883667,3299.8
863.00116,3290.6
863.118713,3275.8
863.236206,3309.8
863.353699,3299.0
863.471252,3296.8
863.588745,3317.6
863.706177,3290.4
863.82373,3301.8
863.941162,3313.6
864.058716,3298.0
864.176208,3301.8
864.29364,3305.2
864.411194,3311.0
864.528687,3292.2
864.646118,3308.6
864.763611,3298.8
864.881042,3289.2
864.998535,3333.4
865.116028,3325.8
865.233459,3314.6
865.350891,3289.6
865.468384,3322.0
865.585754,3311.6
865.703308,3329.6
865.820679,3328.2
865.938171,3309.2
866.055542,3326.4
866.173035,3294.4
866.290466,3289.6
866.407837,3293.6
866.52533,3318.6
866.6427,3300.6
866.760071,3329.6
866.877563,3313.6
866.994934,3293.4
867.112305,3308.6
867.229736,3272.8
867.347107,3331.8
867.464539,3341.8
867.58197,3332.8
867.699341,3327.4
867.81665,3332.4
867.934082,3331.8
868.051453,3321.0
868.168823,3325.8
868.286194,3322.6
868.403564,3316.8
868.520935,3316.8
868.638306,3327.4
868.755676,3344.2
868.872986,3345.4
868.990295,3335.4
869.107727,3334.6
869.225037,3352.2
869.342346,3347.0
869.459717,3328.8
869.577026,3343.6
869.694336,3359.0
869.811707,3331.4
869.929016,3364.0
870.046326,3346.4
870.163635,3346.0
870.280945,3358.0
870.398254,3322.0
870.515564,3352.0
870.632812,3326.2
870.750183,3368.4
870.867432,3375.6
870.984741,3329.2
871.102051,3356.0
871.219299,3341.4
871.336609,3328.8
871.453918,3369.6
871.571106,3351.6
871.688416,3349.4
871.805664,3353.0
871.922852,3377.4
872.040222,3357.4
872.157471,3376.0
872.274719,3373.0
872.391968,3359.4
872.509155,3350.2
872.626465,3348.6
872.743652,3356.6
872.860962,3342.0
872.978149,3368.0
873.095337,3371.2
873.212646,3391.6
873.329834,3343.2
873.44696,3390.0
873.564209,3374.4
873.681396,3388.0
873.798645,3360.4
873.915894,3321.0
874.03302,3360.2
874.150208,3371.6
874.267456,3339.4
874.384583,3367.8
874.501831,3349.0
874.618958,3368.0
874.736145,3374.8
874.853333,3363.6
874.970459,3405.8
875.087646,3411.8
875.204834,3374.6
875.32196,3392.4
875.439148,3362.4
875.556274,3389.0
875.673401,3397.2
875.790527,3382.0
875.907715,3398.4
876.024841,3379.0
876.141968,3395.4
876.259094,3397.4
876.376282,3359.2
876.493347,3380.0
876.610474,3352.2
876.7276,3404.8
876.844727,3376.6
876.961853,3347.0
877.078918,3412.2
877.195984,3406.0
877.313171,3420.8
877.430237,3381.4
877.547302,3382.2
877.664368,3410.6
877.781433,3398.0
877.898499,3379.4
878.015625,3380.0
878.13269,3365.2
878.249695,3388.4
878.366821,3327.8
878.483887,3378.4
878.600952,3315.2
878.717957,3353.2
878.834961,3333.8
878.952087,3339.6
879.069092,3345.0
879.186157,3320.0
879.303162,3285.6
879.420227,3287.6
879.537231,3292.6
879.654236,3292.6
879.77124,3267.0
879.888306,3270.0
880.005249,3288.4
880.122314,3247.2
880.239319,3273.4
880.356323,3286.6
880.473328,3258.0
880.590271,3243.0
880.707275,3250.2
880.824341,3240.2
880.941284,3255.2
881.058228,3263.0
881.175232,3273.8
881.292236,3254.8
881.40918,3293.0
881.526123,3259.6
881.643066,3271.0
881.760071,3288.0
881.877014,3276.4
881.993958,3265.4
882.11084,3262.8
882.227783,3267.8
882.344727,3283.0
882.46167,3270.2
882.578613,3267.2
882.695618,3254.4
882.812439,3269.4
882.929382,3259.4
883.046326,3303.2
883.163208,3281.6
883.280151,3283.8
883.397034,3253.2
883.513916,3296.6
883.630798,3310.4
883.747742,3299.2
883.864563,3289.8
883.981506,3337.6
884.098389,3297.4
884.21521,3321.0
884.332153,3280.0
884.448975,3305.6
884.565796,3328.0
884.682678,3311.8
884.7995,3315.8
884.916443,3352.8
885.033264,3376.8
885.150085,3381.2
885.266968,3400.6
885.383789,3381.2
885.500671,3440.6
885.617493,3427.2
885.734314,3435.2
885.851196,3470.6
885.967896,3462.0
886.084717,3439.0
886.201599,3459.2
886.318359,3425.4
886.435181,3418.0
886.552002,3419.0
886.668762,3403.6
886.785645,3407.6
886.902344,3401.8
887.019165,3368.6
887.135925,3357.0
887.252747,3342.8
887.369446,3379.0
887.486267,3321.2
887.603027,3299.6
887.719788,3319.8
887.836548,3327.0
887.953247,3279.0
888.070068,3301.2
888.186829,3273.8
888.303528,3224.6
888.420288,3261.0
888.536987,3202.2
888.653687,3233.0
888.770447,3254.2
888.887146,3237.2
889.003967,3231.8
889.120667,3226.6
889.237305,3211.6
889.354065,3224.4
889.470703,3222.4
889.587463,3203.0
889.704163,3214.4
889.820862,3211.2
889.937561,3202.4
890.054199,3202.2
890.170837,3158.8
890.287598,3204.4
890.404236,3168.0
890.520874,3223.6
890.637634,3219.6
890.754211,3179.4
890.87085,3204.6
890.987549,3203.2
891.104187,3203.6
891.220886,3200.6
891.337463,3185.0
891.454102,3198.0
891.57074,3210.6
891.687378,3207.0
891.804077,3243.8
891.920654,3166.2
892.037231,3209.6
892.15387,3206.6
892.270447,3179.2
892.387085,3196.8
892.503723,3181.8
892.6203,3170.6
892.736877,3185.4
892.853516,3198.2
892.970032,3201.4
893.08667,3165.8
893.203186,3221.6
893.319763,3199.0
893.43634,3219.2
893.552917,3238.4
893.669556,3234.8
893.786011,3217.6
893.902588,3225.4
894.019165,3242.0
894.135681,3246.4
894.252197,3222.0
894.368835,3230.6
894.485291,3248.8
894.601868,3217.4
894.718384,3226.2
894.8349,3212.0
894.951355,3207.2
895.067932,3191.4
895.184448,3234.6
895.300964,3260.8
895.417419,3231.8
895.533936,3234.2
895.650452,3222.4
895.766907,3229.6
895.883423,3253.2
895.999878,3228.0
896.116333,3237.0
896.232849,3234.6
896.349304,3198.2
896.465759,3238.8
896.582214,3240.4
896.698669,3248.0
896.815125,3197.2
896.931641,3223.2
897.048035,3204.8
897.164551,3256.6
897.280884,3231.4
897.397339,3220.8
897.513794,3228.6
897.630249,3251.4
897.746582,3244.0
897.863098,3263.0
897.979431,3269.8
898.095886,3254.0
898.212341,3265.4
898.328674,3274.6
898.445129,3281.8
898.561462,3271.4
898.677795,3242.2
898.794312,3252.0
898.910645,3246.6
899.026978,3254.2
899.143433,3253.8
899.259766,3245.0
899.37616,3240.4
899.492493,3251.2
899.608765,3260.4
899.725159,3267.2
899.841553,3249.2
899.957947,3268.4
900.07428,3274.0
900.190552,3260.0
900.306946,3299.8
900.423157,3272.6
900.53949,3267.4
900.655884,3283.4
900.772156,3292.2
900.888489,3301.4
901.004822,3276.8
901.121033,3303.0
901.237366,3314.4
901.353699,3275.2
901.46991,3297.4
901.586304,3323.0
901.702515,3322.8
901.818787,3321.2
901.93512,3306.6
902.051331,3322.4
902.167603,3334.2
902.283875,3376.2
902.400085,3317.4
902.516418,3324.6
902.632629,3331.2
902.74884,3337.4
902.865112,3320.2
902.981384,3306.4
903.097595,3335.4
903.213867,3316.2
903.330017,3346.0
903.446289,3380.6
903.5625,3343.8
903.67865,3344.4
903.794922,3362.4
903.911072,3309.2
904.027344,3303.6
904.143494,3289.2
904.259705,3292.4
904.375916,3277.4
904.492065,3276.6
904.608215,3216.0
904.724426,3261.8
904.840576,3237.6
904.956726,3257.0
905.072876,3237.6
905.189087,3232.0
905.305176,3245.8
905.421387,3262.0
905.537537,3270.4
905.653687,3267.0
905.769775,3256.8
905.885925,3277.0
906.002014,3240.8
906.118164,3234.0
906.234314,3216.2
906.350403,3227.6
906.466492,3234.6
906.582642,3206.8
906.69873,3185.4
906.814758,3216.6
906.930908,3209.2
907.046936,3205.4
907.163086,3178.8
907.279175,3194.4
907.395264,3220.4
907.511353,3192.8
907.62738,3199.6
907.743408,3196.2
907.859497,3227.0
907.975525,3187.4
908.091553,3201.6
908.207703,3192.0
908.32373,3207.4
908.439758,3201.0
908.555786,3230.4
908.671814,3200.4
908.787842,3184.8
908.90387,3198.4
909.019775,3171.4
909.135864,3177.8
909.251892,3192.6
909.367859,3233.4
909.483826,3209.6
909.599854,3199.8
909.715881,3184.6
909.831848,3214.0
909.947815,3182.6
910.063782,3181.0
910.179749,3194.6
910.295776,3188.2
910.411743,3154.4
910.527649,3204.0
910.643616,3199.6
910.759583,3182.0
910.875488,3209.6
910.991455,3183.0
911.107361,3179.6
911.223267,3204.6
911.339294,3183.0
911.4552,3193.2
911.571106,3171.0
911.687073,3187.0
911.802979,3178.0
911.918823,3166.4
912.034729,3186.4
912.150635,3199.6
912.266602,3176.0
912.382446,3166.6
912.498352,3129.0
912.614197,3141.0
912.730103,3114.6
912.846008,3141.8
792.44574,8041.8
792.56488,7776.0
792.68396,7754.6
792.80304,7643.0
792.92218,7489.0
793.041199,7318.8
793.160339,7312.2
793.279419,7179.6
793.398499,7046.2
793.517578,6954.8
793.636658,6838.2
793.755737,6777.8
793.874817,6669.0
793.993896,6581.4
794.112976,6562.0
794.232056,6441.6
794.351074,6374.8
794.470215,6363.4
794.589233,6301.8
794.708313,6259.2
794.827393,6159.4
794.946411,6116.6
795.065552,6048.2
795.18457,6039.8
795.303589,6049.8
795.422668,5943.4
795.541687,5907.0
795.660767,5894.8
795.779846,5776.8
795.898865,5744.8
796.017883,5680.6
796.136963,5648.8
796.255981,5614.2
796.375061,5574.2
796.49408,5523.4
796.613037,5511.6
796.732117,5472.6
796.851135,5433.4
796.970154,5418.2
797.089233,5357.4
797.208191,5351.4
797.327271,5348.6
797.446228,5309.4
797.565186,5331.6
797.684265,5270.4
797.803223,5229.8
797.922241,5184.2
798.04126,5213.8
798.160278,5190.8
798.279297,5177.0
798.398315,5134.6
798.517273,5135.2
798.636292,5116.4
798.75531,5112.0
798.874268,5151.4
798.993286,5111.6
799.112244,5065.6
799.231323,5099.6
799.350281,5078.6
799.469238,5061.6
799.588257,5071.8
799.707153,5005.4
799.826111,5024.6
799.945129,5004.4
800.064087,5000.0
800.183044,4967.8
800.302063,4993.4
800.421021,4946.0
800.539978,4899.2
800.658936,4912.6
800.777893,4942.2
800.896912,4889.6
801.015747,4863.6
801.134705,4843.2
801.253723,4840.6
801.37262,4794.8
801.491638,4824.6
801.610535,4816.4
801.729492,4779.8
801.84845,4781.0
801.967407,4763.2
802.086243,4785.6
802.205261,4780.8
802.324158,4748.0
802.443115,4770.4
802.562073,4737.4
802.680969,4766.4
802.799927,4723.0
802.918762,4759.2
803.037659,4712.4
803.156677,4717.6
803.275574,4726.0
803.39447,4760.2
803.513428,4688.6
803.632263,4711.2
803.751221,4660.8
803.870117,4716.4
803.989014,4670.8
804.107971,4656.4
804.226746,4703.0
804.345642,4681.8
804.4646,4644.6
804.583496,4662.0
804.702393,4638.8
804.821228,4664.0
804.940125,4657.2
805.059021,4642.2
805.177917,4665.8
805.296814,4667.0
805.415649,4719.0
805.534546,4698.4
805.653442,4679.2
805.772278,4694.8
805.891113,4683.6
806.01001,4666.2
806.128906,4659.2
806.247742,4671.6
806.366577,4610.2
806.485413,4642.0
806.604309,4634.8
806.723145,4630.0
806.84198,4657.4
806.960876,4603.2
807.079712,4575.8
807.198486,4630.8
807.317383,4614.0
807.436218,4569.8
807.554993,4574.2
807.673889,4559.0
807.792725,4540.0
807.91156,4590.8
808.030396,4604.2
808.14917,4547.2
808.268005,4528.6
808.386841,4584.4
808.505676,4571.0
808.624451,4517.0
808.743286,4535.2
808.862122,4509.6
808.980896,4509.0
809.099731,4524.6
809.218506,4527.2
809.337341,4524.2
809.456116,4484.6
809.57489,4525.0
809.693726,4514.6
809.8125,4488.4
809.931274,4514.4
810.050049,4489.2
810.168884,4497.4
810.287659,4487.4
810.406372,4459.6
810.525269,4481.6
810.643982,4460.4
810.762756,4435.2
810.881531,4431.4
811.000305,4412.6
811.11908,4440.8
811.237854,4410.8
811.356567,4427.8
811.475403,4464.8
811.594116,4416.2
811.71283,4427.6
811.831604,4445.4
811.950378,4444.6
812.069153,4442.2
812.187927,4503.6
812.30658,4510.2
812.425415,4447.4
812.544128,4424.2
812.662781,4412.0
812.781616,4435.2
812.900269,4401.6
813.019043,4401.4
813.137756,4414.2
813.256531,4430.2
813.375244,4393.2
813.493896,4398.6
813.612671,4429.2
813.731384,4377.2
813.850037,4393.0
813.96875,4345.4
814.087524,4370.4
814.206238,4336.6
814.324951,4350.6
814.443604,4340.4
814.562256,4339.2
814.68103,4365.6
814.799683,4318.4
814.918335,4354.4
815.037109,4346.8
815.155762,4357.2
815.274475,4338.2
815.393188,4323.2
815.511841,4355.8
815.630554,4310.2
815.749146,4301.4
815.867859,4275.6
815.986572,4279.8
816.105164,4290.2
816.223877,4302.4
816.342529,4284.0
816.461182,4327.0
816.579895,4322.6
816.698486,4351.4
816.817139,4342.6
816.935791,4369.2
817.054504,4306.0
817.173096,4309.0
817.291748,4290.6
817.4104,4328.2
817.529053,4303.0
817.647644,4290.2
817.766235,4285.4
817.884949,4322.2
818.00354,4303.8
818.122192,4295.0
818.240845,4318.2
818.359436,4291.8
818.478088,4302.8
818.59668,4294.6
818.715271,4333.8
818.833923,4324.2
818.952515,4289.6
819.071106,4313.6
819.189758,4268.0
819.30835,4269.8
819.426941,4288.8
819.545532,4295.4
819.664124,4266.8
819.782715,4289.6
819.901306,4270.4
820.019897,4288.6
820.138489,4305.0
820.25708,4323.4
820.375671,4313.2
820.494202,4317.8
820.612732,4288.0
820.731384,4268.0
820.849915,4225.6
820.968506,4263.4
821.087097,4238.0
821.205627,4258.6
821.324158,4220.0
821.442749,4202.6
821.561279,4241.0
821.679871,4211.6
821.798401,4192.0
821.916931,4223.4
822.035461,4248.0
822.154053,4222.4
822.272583,4202.2
822.391174,4168.0
822.509583,4182.8
822.628174,4192.6
822.746704,4184.8
822.865234,4146.2
822.983765,4184.2
823.102295,4202.2
823.220825,4175.4
823.339294,4168.8
823.457825,4176.8
823.576355,4148.8
823.694824,4153.8
823.813354,4149.4
823.931885,4171.2
824.050354,4147.0
824.168884,4138.6
824.287354,4171.8
824.405823,4135.8
824.524353,4141.4
824.642822,4160.2
824.761353,4139.8
824.879822,4164.2
824.998291,4101.6
825.116699,4129.4
825.235291,4162.2
825.353699,4151.8
825.472168,4103.6
825.590637,4138.4
825.709106,4169.0
825.827576,4084.4
825.946045,4115.4
826.064453,4097.8
826.182983,4068.2
826.301392,4088.8
826.4198,4107.6
826.53833,4134.8
826.656738,4095.0
826.775208,4098.4
826.893677,4130.4
827.012024,4083.0
827.130493,4067.0
827.248962,4111.4
827.36731,4069.6
827.485779,4080.2
827.604248,4082.6
827.722595,4073.6
827.841064,4029.2
827.959412,4039.8
828.077942,4027.6
828.196289,4021.6
828.314636,4015.2
828.433105,4027.8
828.551514,4025.0
828.669861,4036.4
828.78833,4076.6
828.906677,4031.6
829.025085,4026.4
829.143433,4063.8
829.261841,4000.2
829.38031,3978.0
829.498657,4003.4
829.617004,3981.0
829.735413,4067.6
829.85376,3987.6
829.972107,3995.0
830.090515,3985.6
830.208862,3961.2
830.327209,3959.6
830.445557,3990.2
830.563904,4006.4
830.682312,3994.6
830.800659,3995.8
830.919006,4015.8
831.037354,4023.0
831.155701,4054.8
831.274048,4006.4
831.392395,3978.0
831.51062,4015.2
831.629028,4009.0
831.747314,4035.4
831.865662,4004.0
831.984009,3986.6
832.102356,4076.8
832.220642,4024.0
832.338928,4001.2
832.457275,4038.2
832.575623,4015.2
832.693909,3995.2
832.812134,4047.4
832.930481,4017.6
833.048828,4041.4
833.167114,4008.0
833.2854,3988.6
833.403687,4013.8
833.521973,3956.8
833.640259,3984.2
833.758545,4005.0
833.876831,3985.6
833.995056,3987.8
834.113281,4022.2
834.231628,3992.6
834.349915,3987.8
834.468201,4037.0
834.586426,4002.8
834.704651,3979.8
834.822998,3975.2
834.941162,4057.8
835.059448,4003.8
835.177673,4044.2
835.295959,3977.8
835.414246,3983.4
835.53241,3998.2
835.650635,3968.2
835.768921,4012.0
835.887146,3964.2
836.005371,3951.0
836.123596,3970.6
836.241821,3954.8
836.360046,3974.0
836.478271,3947.2
836.596497,3914.8
836.714722,3917.0
836.832886,3921.2
836.95105,3902.4
837.069336,3901.6
837.1875,3945.0
837.305725,3948.2
837.423889,3903.2
837.542053,3906.4
837.660339,3929.6
837.778503,3954.0
837.896667,3914.6
838.014832,3932.4
838.132996,3918.4
838.25116,3909.4
838.369385,3913.0
838.487488,3941.4
838.605713,3923.6
838.723877,3946.8
838.84198,3925.6
838.960205,3932.8
839.078308,3962.2
839.196472,3926.0
839.314636,3930.6
839.4328,3978.2
839.550964,3965.6
839.669067,3957.2
839.787231,3980.8
839.905396,3956.0
840.023499,3992.8
840.141602,3975.0
840.259766,3942.8
840.377869,3937.0
840.495972,3957.0
840.614136,3920.0
840.732239,3894.0
840.850342,3890.0
840.968445,3928.0
841.086548,3927.2
841.204651,3921.4
841.322754,3957.4
841.440918,3972.8
841.55896,3996.4
841.677002,3992.4
841.795166,3980.4
841.913208,3979.2
842.031311,3993.0
842.149353,4000.2
842.267456,3950.6
842.385498,3980.0
842.503601,3998.8
842.621643,3940.6
842.739746,3974.6
842.857788,4011.8
842.97583,4005.4
843.093933,3999.2
843.211975,3986.2
843.330017,3996.0
843.44812,4030.4
843.566101,3973.4
843.684204,4019.8
843.802246,3988.8
843.920227,4014.6
844.038269,4024.4
844.156311,4008.4
844.274292,4008.0
844.392395,4004.6
844.510376,4001.2
844.628357,4002.4
844.74646,3965.4
844.864441,4013.0
844.982422,4001.8
845.100403,4026.2
845.218384,3991.4
845.336426,3972.0
845.454468,4013.2
845.572449,4012.0
845.69043,3979.4
845.808411,3963.6
845.926453,3958.6
846.044373,3955.2
846.162354,3958.6
846.280396,3973.4
846.398315,3971.6
846.516296,3968.0
846.634216,3978.2
846.752197,4004.2
846.870178,4025.0
846.988098,4024.8
847.106079,4003.6
847.22406,4038.0
847.34198,4044.2
847.4599,4060.6
847.577881,4041.6
847.695801,4008.6
847.813782,4024.4
847.931641,4011.2
848.049561,4024.6
848.167603,3949.8
848.285461,4001.6
848.403381,4026.0
848.521362,4027.4
848.639221,4068.4
848.75708,4060.2
848.875,4032.6
848.99292,4026.4
849.110901,4036.2
849.22876,4013.4
849.34668,4008.2
849.464539,3998.4
849.582458,3978.8
849.700317,3962.6
849.818176,3966.4
849.936096,3983.2
850.053955,4025.0
850.171875,3967.0
850.289673,3977.2
850.407593,3965.0
850.525452,3981.4
850.643311,3973.0
850.761169,3977.6
850.878967,3971.6
850.996887,4003.2
851.114746,3953.6
851.232544,3984.4
851.350403,3978.8
851.468262,4002.8
851.58606,3957.8
851.703979,3998.8
851.821777,3965.0
851.939636,3982.8
852.057434,4020.6
852.175232,4102.0
852.293091,4139.6
852.410889,4186.4
852.528687,4172.8
852.646545,4128.6
852.764343,4047.0
852.88208,4055.8
852.999939,4009.8
853.117676,3959.0
853.235535,3943.2
853.353271,3918.2
853.471069,3914.0
853.588928,3907.8
853.706604,3916.0
853.824402,3938.0
853.9422,3929.4
854.059998,3936.6
854.177734,3967.6
854.295532,3976.8
854.413269,3967.6
854.531006,3963.6
854.648804,3993.4
854.766541,4018.6
854.884277,3988.2
855.002014,4021.0
855.119751,4003.4
855.237549,4024.2
855.355225,4023.0
855.473022,4011.4
855.590698,4021.2
855.708435,4024.0
855.826172,3981.8
855.943848,4045.8
856.061646,4002.8
856.179321,3992.6
856.296997,3975.8
856.414795,3963.2
856.53241,3991.8
856.650085,3998.4
856.767822,3977.4
856.885559,4024.0
857.003174,3971.0
857.120911,3973.8
857.238586,3938.0
857.356201,3953.4
857.473938,3929.2
857.591614,3969.0
857.709351,3950.6
857.826965,3926.2
857.944641,3946.8
858.062317,3937.8
858.179993,3940.4
858.297668,3922.4
858.415283,3895.6
858.532959,3933.2
858.650574,3940.2
858.768188,3944.8
858.885803,3953.4
859.003479,3942.6
859.121094,3913.0
859.23877,3911.0
859.356384,3932.4
859.473999,3920.0
859.591675,3898.6
859.709229,3913.4
859.826843,3936.6
859.944458,3883.6
860.062012,3919.0
860.179626,3890.8
860.297302,3866.8
860.414856,3878.8
860.532471,3875.0
860.650024,3849.6
860.767639,3874.0
860.885193,3894.0
861.002808,3869.6
861.120361,3897.4
861.237976,3938.6
861.35553,3896.4
861.473022,3910.2
861.590698,3905.8
861.708191,3916.0
861.825745,3890.8
861.943298,3842.2
862.060852,3851.6
862.178406,3844.4
862.295959,3796.4
862.413513,3791.6
862.531006,3778.2
862.64856,3789.2
862.766113,3781.2
862.883667,3764.4
863.00116,3751.0
863.118713,3807.6
863.236206,3761.4
863.353699,3805.6
863.471252,3801.0
863.588745,3787.8
863.706177,3803.8
863.82373,3834.8
863.941162,3818.2
864.058716,3773.2
864.176208,3783.8
864.29364,3784.4
864.411194,3787.2
864.528687,3776.0
864.646118,3789.2
864.763611,3753.2
864.881042,3791.2
864.998535,3817.8
865.116028,3789.6
865.233459,3808.8
865.350891,3778.8
865.468384,3808.4
865.585754,3794.8
865.703308,3756.6
865.820679,3801.0
865.938171,3767.8
866.055542,3817.2
866.173035,3748.4
866.290466,3791.0
866.407837,3817.2
866.52533,3819.8
866.6427,3783.0
866.760071,3795.6
866.877563,3811.4
866.994934,3811.4
867.112305,3808.0
867.229736,3836.8
867.347107,3851.2
867.464539,3825.6
867.58197,3833.0
867.699341,3834.0
867.81665,3813.6
867.934082,3801.0
868.051453,3819.4
868.168823,3815.8
868.286194,3817.0
868.403564,3820.4
868.520935,3820.0
868.638306,3847.0
868.755676,3842.2
868.872986,3834.2
868.990295,3851.0
869.107727,3869.2
869.225037,3858.2
869.342346,3851.2
869.459717,3882.8
869.577026,3862.2
869.694336,3852.4
869.811707,3860.2
869.929016,3864.2
870.046326,3836.2
870.163635,3876.0
870.280945,3905.2
870.398254,3844.0
870.515564,3860.0
870.632812,3860.0
870.750183,3866.8
870.867432,3825.6
870.984741,3837.6
871.102051,3834.8
871.219299,3857.6
871.336609,3863.8
871.453918,3884.0
871.571106,3883.2
871.688416,3870.2
871.805664,3851.0
871.922852,3895.0
872.040222,3864.0
872.157471,3894.4
872.274719,3870.8
872.391968,3863.0
872.509155,3846.2
872.626465,3865.6
872.743652,3877.4
872.860962,3855.2
872.978149,3899.2
873.095337,3916.2
873.212646,3882.4
873.329834,3859.8
873.44696,3861.4
873.564209,3867.0
873.681396,3853.0
873.798645,3847.2
873.915894,3835.8
874.03302,3851.8
874.150208,3859.8
874.267456,3849.8
874.384583,3845.4
874.501831,3830.4
874.618958,3816.6
874.736145,3859.0
874.853333,3867.8
874.970459,3856.4
875.087646,3888.8
875.204834,3872.8
875.32196,3883.4
875.439148,3897.4
875.556274,3890.6
875.673401,3894.6
875.790527,3873.0
875.907715,3867.8
876.024841,3879.2
876.141968,3866.4
876.259094,3877.4
876.376282,3860.4
876.493347,3854.8
876.610474,3881.2
876.7276,3878.4
876.844727,3877.6
876.961853,3853.8
877.078918,3924.4
877.195984,3881.4
877.313171,3924.2
877.430237,3902.4
877.547302,3868.0
877.664368,3872.8
877.781433,3888.6
877.898499,3895.0
878.015625,3861.6
878.13269,3855.6
878.249695,3831.6
878.366821,3792.8
878.483887,3833.0
878.600952,3842.8
878.717957,3813.4
878.834961,3783.8
878.952087,3795.4
879.069092,3797.6
879.186157,3792.0
879.303162,3773.2
879.420227,3764.2
879.537231,3744.6
879.654236,3735.4
879.77124,3704.0
879.888306,3723.4
880.005249,3735.4
880.122314,3689.6
880.239319,3687.0
880.356323,3693.2
880.473328,3650.6
880.590271,3692.6
880.707275,3681.0
880.824341,3689.4
880.941284,3657.8
881.058228,3683.0
881.175232,3702.2
881.292236,3695.8
881.40918,3703.6
881.526123,3703.0
881.643066,3718.4
881.760071,3743.4
881.877014,3719.2
881.993958,3723.8
882.11084,3692.2
882.227783,3712.4
882.344727,3690.4
882.46167,3680.4
882.578613,3662.0
882.695618,3721.4
882.812439,3704.4
882.929382,3664.6
883.046326,3710.4
883.163208,3717.4
883.280151,3710.8
883.397034,3704.4
883.513916,3743.2
883.630798,3729.0
883.747742,3731.6
883.864563,3740.0
883.981506,3737.4
884.098389,3773.6
884.21521,3737.6
884.332153,3723.8
884.448975,3766.0
884.565796,3748.4
884.682678,3768.4
884.7995,3756.6
884.916443,3825.6
885.033264,3810.8
885.150085,3825.0
885.266968,3837.0
885.383789,3859.0
885.500671,3885.8
885.617493,3877.4
885.734314,3908.6
885.851196,3918.0
885.967896,3917.0
886.084717,3932.4
886.201599,3907.2
886.318359,3923.6
886.435181,3889.8
886.552002,3902.2
886.668762,3903.0
886.785645,3867.4
886.902344,3887.2
887.019165,3855.0
887.135925,3839.6
887.252747,3860.8
887.369446,3845.6
887.486267,3792.8
887.603027,3769.4
887.719788,3720.4
887.836548,3692.2
887.953247,3686.8
888.070068,3686.4
888.186829,3646.8
888.303528,3647.0
888.420288,3634.6
888.536987,3642.4
888.653687,3638.0
888.770447,3642.0
888.887146,3651.0
889.003967,3630.8
889.120667,3638.8
889.237305,3596.6
889.354065,3637.2
889.470703,3597.0
889.587463,3596.0
889.704163,3610.2
889.820862,3549.0
889.937561,3582.8
890.054199,3547.4
890.170837,3562.8
890.287598,3570.4
890.404236,3545.0
890.520874,3588.6
890.637634,3580.2
890.754211,3587.0
890.87085,3588.4
890.987549,3581.6
891.104187,3554.8
891.220886,3551.8
891.337463,3553.2
891.454102,3579.0
891.57074,3525.8
891.687378,3546.8
891.804077,3544.4
891.920654,3552.2
892.037231,3515.0
892.15387,3526.2
892.270447,3529.6
892.387085,3543.4
892.503723,3539.2
892.6203,3550.0
892.736877,3528.2
892.853516,3547.2
892.970032,3535.8
893.08667,3562.6
893.203186,3558.4
893.319763,3564.0
893.43634,3534.2
893.552917,3580.0
893.669556,3604.8
893.786011,3615.2
893.902588,3590.0
894.019165,3578.6
894.135681,3577.4
894.252197,3608.0
894.368835,3616.6
894.485291,3582.2
894.601868,3585.6
894.718384,3574.4
894.8349,3596.4
894.951355,3552.8
895.067932,3590.8
895.184448,3558.0
895.300964,3612.8
895.417419,3604.4
895.533936,3593.6
895.650452,3616.0
895.766907,3568.2
895.883423,3612.8
895.999878,3578.8
896.116333,3584.6
896.232849,3598.6
896.349304,3577.0
896.465759,3598.2
896.582214,3541.4
896.698669,3587.4
896.815125,3561.2
896.931641,3571.8
897.048035,3580.4
897.164551,3583.8
897.280884,3566.0
897.397339,3589.8
897.513794,3616.6
897.630249,3658.8
897.746582,3618.0
897.863098,3622.8
897.979431,3641.8
898.095886,3610.8
898.212341,3614.6
898.328674,3633.6
898.445129,3756.2
898.561462,3594.0
898.677795,3701.2
898.794312,3603.8
898.910645,3600.8
899.026978,3625.6
899.143433,3626.2
899.259766,3610.2
899.37616,3588.8
899.492493,3635.8
899.608765,3616.4
899.725159,3602.4
899.841553,3605.8
899.957947,3628.8
900.07428,3608.4
900.190552,3640.2
900.306946,3618.2
900.423157,3670.6
900.53949,3631.2
900.655884,3649.4
900.772156,3654.8
900.888489,3642.0
901.004822,3626.6
901.121033,3668.4
901.237366,3674.4
901.353699,3680.4
901.46991,3678.0
901.586304,3692.2
901.702515,3688.4
901.818787,3711.6
901.93512,3703.4
902.051331,3717.0
902.167603,3735.2
902.283875,3819.4
902.400085,3704.8
902.516418,3762.6
902.632629,3704.6
902.74884,3742.4
902.865112,3731.4
902.981384,3747.0
903.097595,3741.0
903.213867,3751.8
903.330017,3747.4
903.446289,3748.0
903.5625,3713.6
903.67865,3698.4
903.794922,3723.6
903.911072,3685.8
904.027344,3673.6
904.143494,3659.0
904.259705,3663.4
904.375916,3637.8
904.492065,3620.6
904.608215,3625.4
904.724426,3595.0
904.840576,3615.0
904.956726,3592.6
905.072876,3609.4
905.189087,3580.2
905.305176,3613.8
905.421387,3573.2
905.537537,3624.4
905.653687,3618.8
905.769775,3574.0
905.885925,3598.6
906.002014,3567.4
906.118164,3588.0
906.234314,3536.6
906.350403,3546.2
906.466492,3544.8
906.582642,3522.6
906.69873,3543.2
906.814758,3513.2
906.930908,3530.8
907.046936,3504.4
907.163086,3547.6
907.279175,3555.4
907.395264,3510.0
907.511353,3516.4
907.62738,3521.2
907.743408,3521.2
907.859497,3515.6
907.975525,3545.8
908.091553,3500.8
908.207703,3495.6
908.32373,3499.8
908.439758,3502.2
908.555786,3527.6
908.671814,3512.4
908.787842,3491.6
908.90387,3506.6
909.019775,3487.4
909.135864,3477.8
909.251892,3480.8
909.367859,3472.8
909.483826,3475.4
909.599854,3502.0
909.715881,3497.4
909.831848,3529.6
909.947815,3470.6
910.063782,3479.2
910.179749,3459.0
910.295776,3467.6
910.411743,3508.8
910.527649,3489.8
910.643616,3462.2
910.759583,3482.2
910.875488,3508.4
910.991455,3516.4
911.107361,3478.8
911.223267,3478.8
911.339294,3456.0
911.4552,3480.8
911.571106,3467.2
911.687073,3456.8
911.802979,3449.8
911.918823,3457.0
912.034729,3474.0
912.150635,3441.4
912.266602,3467.4
912.382446,3465.6
912.498352,3440.6
912.614197,3409.8
912.730103,3431.8
912.846008,3453.6
792.44574,4710.6
792.56488,4590.2
792.68396,4639.2
792.80304,4617.4
792.92218,4515.8
793.041199,4491.0
793.160339,4492.4
793.279419,4482.8
793.398499,4409.4
793.517578,4387.8
793.636658,4386.2
793.755737,4392.2
793.874817,4350.0
793.993896,4303.2
794.112976,4272.6
794.232056,4240.0
794.351074,4271.8
794.470215,4245.0
794.589233,4212.0
794.708313,4178.2
794.827393,4161.8
794.946411,4130.8
795.065552,4135.0
795.18457,4125.2
795.303589,4173.4
795.422668,4120.8
795.541687,4085.4
795.660767,4086.6
795.779846,4050.8
795.898865,4021.8
796.017883,4023.6
796.136963,4072.8
796.255981,4032.6
796.375061,3999.8
796.49408,3980.8
796.613037,4003.4
796.732117,3989.0
796.851135,3971.0
796.970154,3929.6
797.089233,3917.2
797.208191,3912.6
797.327271,3914.2
797.446228,3951.6
797.565186,3936.0
797.684265,3937.6
797.803223,3894.6
797.922241,3882.4
798.04126,3891.6
798.160278,3877.2
798.279297,3901.8
798.398315,3900.0
798.517273,3877.0
798.636292,3857.6
798.75531,3863.6
798.874268,3870.8
798.993286,3911.6
799.112244,3834.6
799.231323,3833.8
799.350281,3882.8
799.469238,3874.8
799.588257,3845.6
799.707153,3823.8
799.826111,3831.8
799.945129,3835.6
800.064087,3820.4
800.183044,3842.2
800.302063,3834.4
800.421021,3806.0
800.539978,3806.2
800.658936,3792.4
800.777893,3815.2
800.896912,3815.0
801.015747,3768.4
801.134705,3813.0
801.253723,3766.2
801.37262,3793.4
801.491638,3767.0
801.610535,3801.0
801.729492,3751.2
801.84845,3790.0
801.967407,3792.8
802.086243,3780.2
802.205261,3749.8
802.324158,3744.0
802.443115,3757.4
802.562073,3774.8
802.680969,3796.8
802.799927,3782.2
802.918762,3771.4
803.037659,3768.4
803.156677,3771.0
803.275574,3796.8
803.39447,3762.6
803.513428,3744.0
803.632263,3748.6
803.751221,3721.4
803.870117,3799.2
803.989014,3770.4
804.107971,3774.4
804.226746,3752.0
804.345642,3750.6
804.4646,3764.6
804.583496,3749.2
804.702393,3724.2
804.821228,3750.2
804.940125,3743.0
805.059021,3750.4
805.177917,3745.0
805.296814,3744.0
805.415649,3756.6
805.534546,3790.4
805.653442,3731.2
805.772278,3735.0
805.891113,3747.2
806.01001,3769.2
806.128906,3727.6
806.247742,3746.0
806.366577,3738.0
806.485413,3739.0
806.604309,3748.0
806.723145,3742.4
806.84198,3734.6
806.960876,3709.2
807.079712,3724.0
807.198486,3754.6
807.317383,3729.8
807.436218,3738.0
807.554993,3684.0
807.673889,3689.0
807.792725,3721.4
807.91156,3710.2
808.030396,3764.2
808.14917,3675.2
808.268005,3678.8
808.386841,3710.2
808.505676,3729.8
808.624451,3709.4
808.743286,3700.4
808.862122,3698.6
808.980896,3652.2
809.099731,3695.4
809.218506,3708.0
809.337341,3717.6
809.456116,3656.2
809.57489,3723.8
809.693726,3682.2
809.8125,3717.0
809.931274,3683.8
810.050049,3702.6
810.168884,3670.8
810.287659,3661.6
810.406372,3670.0
810.525269,3656.2
810.643982,3651.4
810.762756,3685.2
810.881531,3660.0
811.000305,3704.6
811.11908,3630.2
811.237854,3652.0
811.356567,3666.2
811.475403,3672.2
811.594116,3658.4
811.71283,3666.4
811.831604,3628.8
811.950378,3681.6
812.069153,3614.2
812.187927,3678.2
812.30658,3666.4
812.425415,3627.2
812.544128,3632.8
812.662781,3644.6
812.781616,3601.0
812.900269,3655.2
813.019043,3615.8
813.137756,3666.6
813.256531,3652.0
813.375244,3623.2
813.493896,3603.6
813.612671,3637.4
813.731384,3571.6
813.850037,3590.6
813.96875,3600.2
814.087524,3596.8
814.206238,3615.8
814.324951,3597.2
814.443604,3591.4
814.562256,3558.2
814.68103,3565.6
814.799683,3570.2
814.918335,3568.6
815.037109,3609.8
815.155762,3582.4
815.274475,3585.0
815.393188,3561.4
815.511841,3580.4
815.630554,3577.6
815.749146,3557.8
815.867859,3559.2
815.986572,3584.2
816.105164,3578.6
816.223877,3557.2
816.342529,3552.6
816.461182,3573.4
816.579895,3601.8
816.698486,3612.2
816.817139,3561.8
816.935791,3596.4
817.054504,3579.0
817.173096,3556.4
817.291748,3530.6
817.4104,3561.4
817.529053,3515.8
817.647644,3537.2
817.766235,3504.2
817.884949,3552.0
818.00354,3516.6
818.122192,3511.8
818.240845,3518.8
818.359436,3500.0
818.478088,3538.0
818.59668,3469.0
818.715271,3492.8
818.833923,3498.2
818.952515,3462.6
819.071106,3469.6
819.189758,3472.6
819.30835,3491.6
819.426941,3467.2
819.545532,3498.0
819.664124,3445.6
819.782715,3462.6
819.901306,3489.8
820.019897,3451.0
820.138489,3499.4
820.25708,3487.2
820.375671,3481.8
820.494202,3479.2
820.612732,3439.4
820.731384,3454.4
820.849915,3438.4
820.968506,3444.6
821.087097,3462.0
821.205627,3455.6
821.324158,3435.0
821.442749,3411.4
821.561279,3426.8
821.679871,3396.2
821.798401,3419.6
821.916931,3458.0
822.035461,3457.6
822.154053,3427.2
822.272583,3401.6
822.391174,3368.4
822.509583,3423.6
822.628174,3417.8
822.746704,3385.0
822.865234,3386.0
822.983765,3414.0
823.102295,3430.2
823.220825,3401.8
823.339294,3388.4
823.457825,3402.6
823.576355,3418.6
823.694824,3394.8
823.813354,3401.4
823.931885,3398.6
824.050354,3397.2
824.168884,3360.4
824.287354,3385.0
824.405823,3353.0
824.524353,3427.8
824.642822,3401.6
824.761353,3403.8
824.879822,3395.4
824.998291,3351.4
825.116699,3368.6
825.235291,3375.2
825.353699,3389.8
825.472168,3358.0
825.590637,3384.2
825.709106,3377.0
825.827576,3334.0
825.946045,3322.0
826.064453,3363.0
826.182983,3362.6
826.301392,3329.6
826.4198,3342.6
826.53833,3354.0
826.656738,3320.4
826.775208,3302.6
826.893677,3342.4
827.012024,3331.2
827.130493,3312.4
827.248962,3319.8
827.36731,3342.4
827.485779,3337.6
827.604248,3315.8
827.722595,3329.6
827.841064,3301.2
827.959412,3331.6
828.077942,3309.6
828.196289,3291.0
828.314636,3300.4
828.433105,3324.2
828.551514,3295.0
828.669861,3327.6
828.78833,3293.6
828.906677,3274.6
829.025085,3318.2
829.143433,3305.8
829.261841,3292.8
829.38031,3286.2
829.498657,3292.4
829.617004,3311.0
829.735413,3273.0
829.85376,3269.6
829.972107,3256.6
830.090515,3293.0
830.208862,3279.2
830.327209,3291.4
830.445557,3255.8
830.563904,3291.6
830.682312,3292.0
830.800659,3267.2
830.919006,3305.6
831.037354,3265.4
831.155701,3306.8
831.274048,3288.6
831.392395,3264.4
831.51062,3276.0
831.629028,3276.4
831.747314,3285.2
831.865662,3303.6
831.984009,3284.4
832.102356,3279.4
832.220642,3271.8
832.338928,3273.4
832.457275,3287.2
832.575623,3265.4
832.693909,3236.8
832.812134,3292.2
832.930481,3264.8
833.048828,3298.2
833.167114,3265.6
833.2854,3239.0
833.403687,3257.6
833.521973,3263.8
833.640259,3239.2
833.758545,3265.4
833.876831,3267.6
833.995056,3258.0
834.113281,3240.8
834.231628,3233.6
834.349915,3270.8
834.468201,3247.4
834.586426,3244.8
834.704651,3272.4
834.822998,3228.6
834.941162,3271.6
835.059448,3252.2
835.177673,3268.0
835.295959,3236.8
835.414246,3272.8
835.53241,3244.8
835.650635,3241.6
835.768921,3246.4
835.887146,3246.0
836.005371,3261.4
836.123596,3225.6
836.241821,3244.0
836.360046,3252.2
836.478271,3210.4
836.596497,3254.6
836.714722,3222.4
836.832886,3225.2
836.95105,3250.0
837.069336,3253.0
837.1875,3240.8
837.305725,3263.2
837.423889,3256.8
837.542053,3250.6
837.660339,3235.6
837.778503,3247.0
837.896667,3264.0
838.014832,3234.8
838.132996,3241.6
838.25116,3252.4
838.369385,3236.4
838.487488,3234.0
838.605713,3231.2
838.723877,3247.6
838.84198,3245.8
838.960205,3199.8
839.078308,3242.0
839.196472,3205.6
839.314636,3232.8
839.4328,3245.6
839.550964,3249.8
839.669067,3214.4
839.787231,3229.4
839.905396,3254.0
840.023499,3211.6
840.141602,3235.0
840.259766,3218.4
840.377869,3206.6
840.495972,3216.2
840.614136,3241.2
840.732239,3193.6
840.850342,3197.0
840.968445,3192.0
841.086548,3179.8
841.204651,3200.0
841.322754,3186.4
841.440918,3214.6
841.55896,3219.8
841.677002,3194.6
841.795166,3189.4
841.913208,3182.2
842.031311,3223.8
842.149353,3200.8
842.267456,3184.2
842.385498,3202.8
842.503601,3193.8
842.621643,3193.0
842.739746,3225.8
842.857788,3205.0
842.97583,3212.4
843.093933,3192.6
843.211975,3209.4
843.330017,3208.4
843.44812,3215.8
843.566101,3189.6
843.684204,3191.0
843.802246,3221.6
843.920227,3221.2
844.038269,3207.2
844.156311,3222.0
844.274292,3205.6
844.392395,3204.0
844.510376,3208.8
844.628357,3184.6
844.74646,3177.4
844.864441,3198.4
844.982422,3187.0
845.100403,3203.4
845.218384,3194.2
845.336426,3183.4
845.454468,3196.0
845.572449,3170.6
845.69043,3197.4
845.808411,3177.6
845.926453,3192.4
846.044373,3152.2
846.162354,3148.6
846.280396,3178.2
846.398315,3171.8
846.516296,3164.4
846.634216,3183.8
846.752197,3185.0
846.870178,3219.4
846.988098,3164.0
847.106079,3190.4
847.22406,3176.2
847.34198,3163.2
847.4599,3216.0
847.577881,3200.6
847.695801,3199.6
847.813782,3203.2
847.931641,3227.8
848.049561,3198.2
848.167603,3183.6
848.285461,3200.6
848.403381,3211.0
848.521362,3206.6
848.639221,3219.6
848.75708,3207.2
848.875,3209.4
848.99292,3210.2
849.110901,3218.0
849.22876,3218.4
849.34668,3218.8
849.464539,3204.6
849.582458,3191.8
849.700317,3175.4
849.818176,3167.2
849.936096,3204.0
850.053955,3212.2
850.171875,3193.4
850.289673,3183.8
850.407593,3174.0
850.525452,3195.6
850.643311,3202.8
850.761169,3186.8
850.878967,3194.0
850.996887,3181.8
851.114746,3168.4
851.232544,3205.2
851.350403,3216.4
851.468262,3196.4
851.58606,3192.8
851.703979,3226.6
851.821777,3226.6
851.939636,3204.2
852.057434,3171.0
852.175232,3241.2
852.293091,3222.2
852.410889,3233.0
852.528687,3252.4
852.646545,3227.6
852.764343,3203.8
852.88208,3221.4
852.999939,3199.4
853.117676,3208.6
853.235535,3200.0
853.353271,3193.4
853.471069,3183.0
853.588928,3197.4
853.706604,3190.8
853.824402,3223.8
853.9422,3189.6
854.059998,3201.4
854.177734,3222.8
854.295532,3206.6
854.413269,3176.8
854.531006,3222.6
854.648804,3199.6
854.766541,3197.4
854.884277,3255.6
855.002014,3240.4
855.119751,3213.4
855.237549,3237.2
855.355225,3246.0
855.473022,3219.6
855.590698,3205.6
855.708435,3240.0
855.826172,3198.2
855.943848,3223.8
856.061646,3203.0
856.179321,3202.8
856.296997,3196.0
856.414795,3215.4
856.53241,3234.6
856.650085,3256.2
856.767822,3222.2
856.885559,3209.2
857.003174,3175.4
857.120911,3215.2
857.238586,3175.6
857.356201,3225.8
857.473938,3176.0
857.591614,3197.2
857.709351,3223.0
857.826965,3191.8
857.944641,3173.6
858.062317,3213.8
858.179993,3224.0
858.297668,3193.6
858.415283,3160.4
858.532959,3177.8
858.650574,3201.6
858.768188,3217.8
858.885803,3218.8
859.003479,3206.6
859.121094,3196.4
859.23877,3198.6
859.356384,3192.8
859.473999,3183.2
859.591675,3181.2
859.709229,3189.8
859.826843,3190.4
859.944458,3190.8
860.062012,3186.0
860.179626,3161.4
860.297302,3163.2
860.414856,3157.2
860.532471,3182.4
860.650024,3172.8
860.767639,3188.6
860.885193,3202.4
861.002808,3146.0
861.120361,3254.6
861.237976,3208.2
861.35553,3181.6
861.473022,3202.8
861.590698,3195.6
861.708191,3196.0
861.825745,3159.2
861.943298,3165.6
862.060852,3158.0
862.178406,3186.8
862.295959,3159.6
862.413513,3152.4
862.531006,3146.8
862.64856,3128.4
862.766113,3155.2
862.883667,3135.4
863.00116,3160.2
863.118713,3172.8
863.236206,3142.6
863.353699,3147.6
863.471252,3134.8
863.588745,3140.8
863.706177,3188.2
863.82373,3153.4
863.941162,3140.8
864.058716,3175.2
864.176208,3159.8
864.29364,3167.8
864.411194,3164.8
864.528687,3146.0
864.646118,3176.0
864.763611,3163.0
864.881042,3161.2
864.998535,3164.6
865.116028,3185.6
865.233459,3132.4
865.350891,3121.8
865.468384,3189.2
865.585754,3171.2
865.703308,3158.8
865.820679,3176.8
865.938171,3152.0
866.055542,3171.8
866.173035,3153.4
866.290466,3140.6
866.407837,3202.8
866.52533,3140.2
866.6427,3183.8
866.760071,3181.2
866.877563,3182.0
866.994934,3135.8
867.112305,3171.4
867.229736,3147.4
867.347107,3144.2
867.464539,3177.8
867.58197,3161.6
867.699341,3163.6
867.81665,3128.6
867.934082,3152.2
868.051453,3136.0
868.168823,3163.8
868.286194,3193.2
868.403564,3156.8
868.520935,3161.2
868.638306,3176.6
868.755676,3181.4
868.872986,3182.0
868.990295,3161.6
869.107727,3184.6
869.225037,3185.6
869.342346,3189.0
869.459717,3165.6
869.577026,3171.8
869.694336,3175.8
869.811707,3171.0
869.929016,3157.4
870.046326,3170.6
870.163635,3155.8
870.280945,3173.2
870.398254,3158.6
870.515564,3182.0
870.632812,3166.0
870.750183,3183.0
870.867432,3173.6
870.984741,3180.4
871.102051,3169.6
871.219299,3158.8
871.336609,3180.4
871.453918,3157.8
871.571106,3174.4
871.688416,3176.0
871.805664,3169.8
871.922852,3198.6
872.040222,3165.4
872.157471,3174.8
872.274719,3189.2
872.391968,3188.8
872.509155,3151.4
872.626465,3172.0
872.743652,3189.8
872.860962,3163.6
872.978149,3194.4
873.095337,3169.8
873.212646,3152.8
873.329834,3173.0
873.44696,3152.4
873.564209,3148.6
873.681396,3171.0
873.798645,3163.2
873.915894,3166.6
874.03302,3160.6
874.150208,3174.6
874.267456,3124.4
874.384583,3168.8
874.501831,3144.0
874.618958,3131.4
874.736145,3170.0
874.853333,3174.8
874.970459,3172.6
875.087646,3201.0
875.204834,3190.2
875.32196,3164.4
875.439148,3189.8
875.556274,3165.0
875.673401,3193.4
875.790527,3165.2
875.907715,3181.2
876.024841,3163.4
876.141968,3186.2
876.259094,3195.0
876.376282,3161.6
876.493347,3175.8
876.610474,3162.4
876.7276,3210.4
876.844727,3145.8
876.961853,3172.6
877.078918,3195.0
877.195984,3180.2
877.313171,3181.4
877.430237,3203.8
877.547302,3186.8
877.664368,3191.4
877.781433,3175.2
877.898499,3182.6
878.015625,3189.4
878.13269,3146.4
878.249695,3160.4
878.366821,3155.0
878.483887,3195.8
878.600952,3128.8
878.717957,3155.6
878.834961,3178.4
878.952087,3199.0
879.069092,3195.2
879.186157,3137.8
879.303162,3147.4
879.420227,3161.0
879.537231,3179.0
879.654236,3151.8
879.77124,3126.0
879.888306,3131.0
880.005249,3158.8
880.122314,3128.8
880.239319,3161.8
880.356323,3164.4
880.473328,3134.8
880.590271,3138.4
880.707275,3157.4
880.824341,3134.2
880.941284,3148.6
881.058228,3146.6
881.175232,3169.2
881.292236,3173.4
881.40918,3137.8
881.526123,3160.2
881.643066,3133.2
881.760071,3179.4
881.877014,3158.8
881.993958,3165.4
882.11084,3174.8
882.227783,3159.2
882.344727,3137.4
882.46167,3119.2
882.578613,3141.0
882.695618,3117.0
882.812439,3143.4
882.929382,3121.8
883.046326,3154.4
883.163208,3128.0
883.280151,3133.4
883.397034,3154.6
883.513916,3154.6
883.630798,3153.2
883.747742,3167.4
883.864563,3203.6
883.981506,3157.4
884.098389,3165.4
884.21521,3165.0
884.332153,3163.0
884.448975,3158.8
884.565796,3176.4
884.682678,3171.0
884.7995,3161.2
884.916443,3191.4
885.033264,3199.4
885.150085,3210.6
885.266968,3199.8
885.383789,3197.6
885.500671,3248.2
885.617493,3220.6
885.734314,3249.0
885.851196,3209.4
885.967896,3220.8
886.084717,3211.0
886.201599,3211.0
886.318359,3217.2
886.435181,3206.4
886.552002,3222.4
886.668762,3208.8
886.785645,3195.8
886.902344,3195.6
887.019165,3189.8
887.135925,3187.6
887.252747,3212.6
887.369446,3196.2
887.486267,3178.6
887.603027,3177.2
887.719788,3177.0
887.836548,3156.2
887.953247,3153.6
888.070068,3135.0
888.186829,3139.0
888.303528,3156.4
888.420288,3177.2
888.536987,3178.0
888.653687,3124.6
888.770447,3196.2
888.887146,3133.2
889.003967,3159.8
889.120667,3182.4
889.237305,3139.4
889.354065,3167.2
889.470703,3147.2
889.587463,3156.4
889.704163,3156.8
889.820862,3123.8
889.937561,3163.4
890.054199,3126.4
890.170837,3160.4
890.287598,3155.8
890.404236,3111.2
890.520874,3154.6
890.637634,3175.2
890.754211,3140.4
890.87085,3172.4
890.987549,3152.8
891.104187,3179.0
891.220886,3154.4
891.337463,3158.2
891.454102,3175.2
891.57074,3144.2
891.687378,3145.6
891.804077,3150.6
891.920654,3129.4
892.037231,3158.0
892.15387,3134.6
892.270447,3128.8
892.387085,3134.0
892.503723,3157.6
892.6203,3140.4
892.736877,3139.4
892.853516,3158.0
892.970032,3135.4
893.08667,3130.4
893.203186,3154.0
893.319763,3151.8
893.43634,3147.2
893.552917,3153.0
893.669556,3177.6
893.786011,3163.0
893.902588,3141.8
894.019165,3177.4
894.135681,3143.8
894.252197,3180.8
894.368835,3178.0
894.485291,3178.4
894.601868,3166.0
894.718384,3214.4
894.8349,3161.4
894.951355,3173.6
895.067932,3151.0
895.184448,3156.2
895.300964,3182.0
895.417419,3166.4
895.533936,3166.4
895.650452,3180.0
895.766907,3208.6
895.883423,3183.0
895.999878,3167.0
896.116333,3191.0
896.232849,3150.6
896.349304,3178.0
896.465759,3165.4
896.582214,3158.6
896.698669,3178.6
896.815125,3158.8
896.931641,3141.0
897.048035,3167.2
897.164551,3168.6
897.280884,3169.4
897.397339,3203.0
897.513794,3172.0
897.630249,3227.2
897.746582,3188.0
897.863098,3175.8
897.979431,3190.6
898.095886,3199.4
898.212341,3184.6
898.328674,3193.8
898.445129,3185.6
898.561462,3204.0
898.677795,3203.8
898.794312,3192.4
898.910645,3163.8
899.026978,3189.2
899.143433,3169.6
899.259766,3174.4
899.37616,3161.4
899.492493,3184.0
899.608765,3184.8
899.725159,3171.2
899.841553,3161.4
899.957947,3187.4
900.07428,3219.0
900.190552,3201.8
900.306946,3199.8
900.423157,3166.2
900.53949,3191.2
900.655884,3209.2
900.772156,3182.6
900.888489,3192.8
901.004822,3161.4
901.121033,3205.0
901.237366,3202.4
901.353699,3204.0
901.46991,3190.2
901.586304,3185.6
901.702515,3199.0
901.818787,3208.2
901.93512,3204.2
902.051331,3229.6
902.167603,3211.4
902.283875,3216.6
902.400085,3173.8
902.516418,3176.4
902.632629,3175.4
902.74884,3190.8
902.865112,3207.2
902.981384,3218.8
903.097595,3232.6
903.213867,3214.8
903.330017,3233.0
903.446289,3201.8
903.5625,3223.6
903.67865,3220.4
903.794922,3254.8
903.911072,3182.2
904.027344,3211.4
904.143494,3212.2
904.259705,3227.4
904.375916,3179.0
904.492065,3186.0
904.608215,3175.6
904.724426,3200.0
904.840576,3152.0
904.956726,3182.8
905.072876,3185.8
905.189087,3181.0
905.305176,3199.6
905.421387,3188.2
905.537537,3229.4
905.653687,3201.2
905.769775,3202.8
905.885925,3203.6
906.002014,3204.6
906.118164,3180.8
906.234314,3162.4
906.350403,3209.6
906.466492,3184.6
906.582642,3204.2
906.69873,3164.4
906.814758,3203.0
906.930908,3195.8
907.046936,3188.6
907.163086,3161.4
907.279175,3191.4
907.395264,3190.0
907.511353,3178.6
907.62738,3157.4
907.743408,3204.0
907.859497,3208.2
907.975525,3182.0
908.091553,3170.6
908.207703,3205.0
908.32373,3172.2
908.439758,3205.0
908.555786,3190.0
908.671814,3182.4
908.787842,3179.2
908.90387,3189.4
909.019775,3172.6
909.135864,3157.6
909.251892,3203.2
909.367859,3211.2
909.483826,3214.6
909.599854,3200.4
909.715881,3191.8
909.831848,3212.2
909.947815,3176.4
910.063782,3205.8
910.179749,3178.0
910.295776,3212.2
910.411743,3186.2
910.527649,3209.0
910.643616,3199.8
910.759583,3167.4
910.875488,3214.2
910.991455,3201.0
911.107361,3204.2
911.223267,3210.2
911.339294,3208.2
911.4552,3194.2
911.571106,3183.4
911.687073,3185.0
911.802979,3171.8
911.918823,3147.0
912.034729,3218.2
912.150635,3175.4
912.266602,3188.0
912.382446,3167.2
912.498352,3152.6
912.614197,3147.2
912.730103,3154.4
912.846008,3169.8
792.44574,7006.4
792.56488,6860.0
792.68396,6756.6
792.80304,6679.2
792.92218,6556.8
793.041199,6483.4
793.160339,6410.6
793.279419,6359.8
793.398499,6284.0
793.517578,6192.2
793.636658,6103.2
793.755737,6062.8
793.874817,5988.6
793.993896,5914.6
794.112976,5886.2
794.232056,5780.6
794.351074,5768.4
794.470215,5679.6
794.589233,5686.0
794.708313,5626.0
794.827393,5561.0
794.946411,5549.6
795.065552,5526.6
795.18457,5480.0
795.303589,5488.8
795.422668,5451.0
795.541687,5388.6
795.660767,5370.4
795.779846,5314.0
795.898865,5269.6
796.017883,5233.0
796.136963,5208.4
796.255981,5172.4
796.375061,5139.0
796.49408,5123.2
796.613037,5093.8
796.732117,5088.0
796.851135,5017.6
796.970154,4996.8
797.089233,4987.4
797.208191,4945.2
797.327271,4970.0
797.446228,4957.0
797.565186,4956.6
797.684265,4973.8
797.803223,4892.4
797.922241,4865.8
798.04126,4878.4
798.160278,4825.2
798.279297,4824.0
798.398315,4830.2
798.517273,4779.2
798.636292,4807.6
798.75531,4791.0
798.874268,4791.2
798.993286,4798.6
799.112244,4765.4
799.231323,4794.4
799.350281,4758.0
799.469238,4750.4
799.588257,4752.0
799.707153,4720.0
799.826111,4744.4
799.945129,4687.8
800.064087,4699.8
800.183044,4691.4
800.302063,4696.2
800.421021,4660.6
800.539978,4683.8
800.658936,4609.6
800.777893,4666.0
800.896912,4641.2
801.015747,4636.4
801.134705,4588.4
801.253723,4620.0
801.37262,4568.8
801.491638,4582.0
801.610535,4621.6
801.729492,4564.6
801.84845,4579.0
801.967407,4543.6
802.086243,4548.2
802.205261,4538.6
802.324158,4532.8
802.443115,4551.2
802.562073,4542.6
802.680969,4528.2
802.799927,4518.4
802.918762,4514.6
803.037659,4543.0
803.156677,4549.6
803.275574,4501.6
803.39447,4529.0
803.513428,4493.2
803.632263,4474.6
803.751221,4476.4
803.870117,4506.0
803.989014,4499.8
804.107971,4511.4
804.226746,4480.0
804.345642,4478.6
804.4646,4475.8
804.583496,4472.2
804.702393,4494.8
804.821228,4446.4
804.940125,4462.4
805.059021,4460.4
805.177917,4489.8
805.296814,4477.2
805.415649,4521.6
805.534546,4469.4
805.653442,4514.0
805.772278,4501.6
805.891113,4474.4
806.01001,4489.2
806.128906,4515.8
806.247742,4483.8
806.366577,4420.2
806.485413,4466.8
806.604309,4483.8
806.723145,4428.6
806.84198,4450.8
806.960876,4446.2
807.079712,4438.6
807.198486,4479.8
807.317383,4428.2
807.436218,4422.0
807.554993,4424.6
807.673889,4392.2
807.792725,4426.8
807.91156,4381.8
808.030396,4417.8
808.14917,4407.4
808.268005,4398.4
808.386841,4413.4
808.505676,4420.0
808.624451,4401.0
808.743286,4421.0
808.862122,4389.6
808.980896,4394.0
809.099731,4374.8
809.218506,4424.0
809.337341,4364.8
809.456116,4375.4
809.57489,4369.8
809.693726,4389.0
809.8125,4382.4
809.931274,4348.8
810.050049,4392.0
810.168884,4361.8
810.287659,4377.0
810.406372,4359.2
810.525269,4331.4
810.643982,4349.2
810.762756,4322.0
810.881531,4317.4
811.000305,4313.4
811.11908,4315.2
811.237854,4318.4
811.356567,4352.4
811.475403,4346.4
811.594116,4335.2
811.71283,4335.2
811.831604,4320.0
811.950378,4308.4
812.069153,4319.6
812.187927,4326.4
812.30658,4304.2
812.425415,4303.2
812.544128,4316.2
812.662781,4298.0
812.781616,4301.6
812.900269,4287.4
813.019043,4309.8
813.137756,4278.8
813.256531,4282.6
813.375244,4259.6
813.493896,4249.4
813.612671,4299.0
813.731384,4254.2
813.850037,4271.4
813.96875,4278.0
814.087524,4275.8
814.206238,4276.4
814.324951,4234.4
814.443604,4243.4
814.562256,4210.2
814.68103,4236.2
814.799683,4233.2
814.918335,4228.0
815.037109,4224.0
815.155762,4240.4
815.274475,4246.2
815.393188,4196.8
815.511841,4259.6
815.630554,4191.2
815.749146,4220.8
815.867859,4179.0
815.986572,4215.6
816.105164,4199.6
816.223877,4180.8
816.342529,4191.2
816.461182,4214.2
816.579895,4233.0
816.698486,4238.6
816.817139,4244.8
816.935791,4220.4
817.054504,4192.4
817.173096,4200.2
817.291748,4171.2
817.4104,4211.2
817.529053,4203.2
817.647644,4243.0
817.766235,4193.0
817.884949,4187.8
818.00354,4152.2
818.122192,4225.8
818.240845,4199.6
818.359436,4163.2
818.478088,4196.2
818.59668,4209.8
818.715271,4215.0
818.833923,4219.0
818.952515,4198.2
819.071106,4220.8
819.189758,4198.6
819.30835,4199.2
819.426941,4195.6
819.545532,4204.0
819.664124,4156.4
819.782715,4173.4
819.901306,4167.6
820.019897,4161.4
820.138489,4181.4
820.25708,4200.2
820.375671,4199.6
820.494202,4205.6
820.612732,4127.6
820.731384,4152.6
820.849915,4133.4
820.968506,4142.8
821.087097,4129.0
821.205627,4106.8
821.324158,4126.0
821.442749,4085.8
821.561279,4140.4
821.679871,4111.8
821.798401,4104.2
821.916931,4112.4
822.035461,4099.8
822.154053,4114.0
822.272583,4080.2
822.391174,4058.8
822.509583,4074.0
822.628174,4072.8
822.746704,4070.6
822.865234,4101.6
822.983765,4060.0
823.102295,4093.6
823.220825,4070.6
823.339294,4073.0
823.457825,4054.6
823.576355,4076.8
823.694824,4049.8
823.813354,4050.6
823.931885,4033.6
824.050354,4058.2
824.168884,4067.4
824.287354,4066.0
824.405823,4042.0
824.524353,4077.2
824.642822,4040.2
824.761353,4058.0
824.879822,4054.6
824.998291,4016.2
825.116699,4037.4
825.235291,4040.4
825.353699,4037.2
825.472168,4016.6
825.590637,4006.4
825.709106,4028.4
825.827576,4029.0
825.946045,3983.0
826.064453,4038.8
826.182983,3996.2
826.301392,4024.6
826.4198,4029.8
826.53833,4005.8
826.656738,4015.6
826.775208,4012.6
826.893677,4032.2
827.012024,4011.4
827.130493,4007.4
827.248962,4008.6
827.36731,3971.4
827.485779,3983.2
827.604248,3980.8
827.722595,3961.0
827.841064,3948.2
827.959412,3957.2
828.077942,3944.8
828.196289,3953.2
828.314636,3921.6
828.433105,3898.4
828.551514,3922.0
828.669861,3897.0
828.78833,3942.8
828.906677,3931.4
829.025085,3929.2
829.143433,3955.0
829.261841,3933.2
829.38031,3916.2
829.498657,3920.4
829.617004,3938.0
829.735413,3890.6
829.85376,3908.0
829.972107,3893.4
830.090515,3889.8
830.208862,3900.0
830.327209,3912.2
830.445557,3869.8
830.563904,3930.8
830.682312,3936.6
830.800659,3915.4
830.919006,3902.6
831.037354,3939.2
831.155701,3924.8
831.274048,3944.8
831.392395,3920.2
831.51062,3913.0
831.629028,3887.8
831.747314,3930.8
831.865662,3915.6
831.984009,3933.8
832.102356,3936.8
832.220642,3926.8
832.338928,3928.8
832.457275,3936.8
832.575623,3936.2
832.693909,3923.0
832.812134,3929.8
832.930481,3925.0
833.048828,3928.4
833.167114,3859.0
833.2854,3876.6
833.403687,3875.0
833.521973,3856.0
833.640259,3833.2
833.758545,3905.4
833.876831,3901.6
833.995056,3889.0
834.113281,3908.4
834.231628,3893.2
834.349915,3888.0
834.468201,3915.0
834.586426,3880.4
834.704651,3918.8
834.822998,3881.0
834.941162,3903.6
835.059448,3927.8
835.177673,3884.2
835.295959,3885.8
835.414246,3911.2
835.53241,3899.4
835.650635,3876.6
835.768921,3857.0
835.887146,3854.8
836.005371,3857.2
836.123596,3833.8
836.241821,3837.4
836.360046,3912.2
836.478271,3831.4
836.596497,3862.4
836.714722,3839.4
836.832886,3837.4
836.95105,3825.2
837.069336,3863.6
837.1875,3850.8
837.305725,3838.2
837.423889,3857.2
837.542053,3824.6
837.660339,3846.8
837.778503,3865.6
837.896667,3844.8
838.014832,3830.2
838.132996,3824.0
838.25116,3825.2
838.369385,3848.2
838.487488,3859.0
838.605713,3794.6
838.723877,3863.2
838.84198,3836.4
838.960205,3824.4
839.078308,3863.4
839.196472,3861.4
839.314636,3877.2
839.4328,3863.0
839.550964,3851.6
839.669067,3839.8
839.787231,3876.6
839.905396,3900.2
840.023499,3877.2
840.141602,3825.2
840.259766,3829.6
840.377869,3849.4
840.495972,3833.0
840.614136,3843.4
840.732239,3799.8
840.850342,3841.6
840.968445,3825.6
841.086548,3804.2
841.204651,3822.4
841.322754,3800.2
841.440918,3830.0
841.55896,3824.2
841.677002,3810.8
841.795166,3850.0
841.913208,3855.2
842.031311,3860.8
842.149353,3836.4
842.267456,3821.6
842.385498,3855.0
842.503601,3838.8
842.621643,3845.2
842.739746,3854.2
842.857788,3839.0
842.97583,3847.0
843.093933,3871.0
843.211975,3895.0
843.330017,3854.0
843.44812,3859.0
843.566101,3874.8
843.684204,3868.0
843.802246,3856.0
843.920227,3887.2
844.038269,3863.0
844.156311,3846.0
844.274292,3872.6
844.392395,3856.2
844.510376,3855.0
844.628357,3842.0
844.74646,3847.0
844.864441,3839.6
844.982422,3862.0
845.100403,3847.4
845.218384,3815.0
845.336426,3846.2
845.454468,3826.0
845.572449,3868.6
845.69043,3854.6
845.808411,3776.2
845.926453,3820.4
846.044373,3829.0
846.162354,3827.0
846.280396,3785.2
846.398315,3789.6
846.516296,3840.4
846.634216,3843.0
846.752197,3804.2
846.870178,3867.4
846.988098,3849.2
847.106079,3842.2
847.22406,3873.4
847.34198,3852.6
847.4599,3860.2
847.577881,3864.4
847.695801,3872.0
847.813782,3858.0
847.931641,3864.8
848.049561,3876.6
848.167603,3847.4
848.285461,3911.6
848.403381,3877.6
848.521362,3898.2
848.639221,3891.4
848.75708,3890.4
848.875,3878.2
848.99292,3890.2
849.110901,3854.6
849.22876,3890.4
849.34668,3854.0
849.464539,3883.0
849.582458,3874.6
849.700317,3858.0
849.818176,3863.2
849.936096,3841.4
850.053955,3848.2
850.171875,3827.0
850.289673,3830.4
850.407593,3820.2
850.525452,3867.4
850.643311,3875.6
850.761169,3877.6
850.878967,3896.8
850.996887,3890.4
851.114746,3857.4
851.232544,3872.4
851.350403,3885.4
851.468262,3905.2
851.58606,3883.2
851.703979,3889.8
851.821777,3890.2
851.939636,3896.2
852.057434,3906.2
852.175232,3967.0
852.293091,4008.6
852.410889,4047.2
852.528687,4039.0
852.646545,3977.4
852.764343,3919.6
852.88208,3925.6
852.999939,3851.0
853.117676,3854.8
853.235535,3846.2
853.353271,3833.8
853.471069,3822.2
853.588928,3777.8
853.706604,3784.6
853.824402,3860.2
853.9422,3836.0
854.059998,3803.4
854.177734,3844.2
854.295532,3850.8
854.413269,3838.6
854.531006,3867.4
854.648804,3848.6
854.766541,3876.6
854.884277,3868.4
855.002014,3860.0
855.119751,3874.0
855.237549,3904.8
855.355225,3938.8
855.473022,3913.0
855.590698,3923.2
855.708435,3914.4
855.826172,3921.8
855.943848,3913.4
856.061646,3930.8
856.179321,3896.2
856.296997,3873.6
856.414795,3850.2
856.53241,3883.0
856.650085,3860.8
856.767822,3865.0
856.885559,3869.8
857.003174,3813.2
857.120911,3857.8
857.238586,3827.0
857.356201,3841.2
857.473938,3813.0
857.591614,3805.4
857.709351,3835.0
857.826965,3803.0
857.944641,3802.0
858.062317,3817.8
858.179993,3809.6
858.297668,3777.4
858.415283,3827.6
858.532959,3792.6
858.650574,3819.2
858.768188,3795.2
858.885803,3788.6
859.003479,3844.2
859.121094,3796.4
859.23877,3831.2
859.356384,3796.8
859.473999,3787.6
859.591675,3783.2
859.709229,3821.2
859.826843,3812.6
859.944458,3923.2
860.062012,3762.0
860.179626,3799.8
860.297302,3755.0
860.414856,3776.2
860.532471,3750.4
860.650024,3781.4
860.767639,3777.0
860.885193,3770.2
861.002808,3786.0
861.120361,3800.4
861.237976,3773.8
861.35553,3783.4
861.473022,3756.8
861.590698,3785.4
861.708191,3808.0
861.825745,3747.6
861.943298,3753.6
862.060852,3698.2
862.178406,3759.2
862.295959,3720.4
862.413513,3703.8
862.531006,3703.6
862.64856,3693.8
862.766113,3688.0
862.883667,3679.2
863.00116,3680.0
863.118713,3726.0
863.236206,3700.4
863.353699,3698.4
863.471252,3687.8
863.588745,3698.4
863.706177,3708.4
863.82373,3716.4
863.941162,3697.2
864.058716,3677.4
864.176208,3718.8
864.29364,3706.6
864.411194,3710.6
864.528687,3700.0
864.646118,3738.0
864.763611,3671.4
864.881042,3677.4
864.998535,3680.0
865.116028,3718.0
865.233459,3698.6
865.350891,3676.0
865.468384,3718.6
865.585754,3691.8
865.703308,3663.0
865.820679,3903.6
865.938171,3698.0
866.055542,3686.4
866.173035,3684.6
866.290466,3691.6
866.407837,3723.6
866.52533,3686.2
866.6427,3684.0
866.760071,3692.4
866.877563,3690.4
866.994934,3711.2
867.112305,3715.6
867.229736,3696.2
867.347107,3716.4
867.464539,3715.0
867.58197,3676.0
867.699341,3671.0
867.81665,3705.4
867.934082,3711.4
868.051453,3700.2
868.168823,3709.8
868.286194,3676.6
868.403564,3718.4
868.520935,3695.2
868.638306,3726.2
868.755676,3731.4
868.872986,3705.2
868.990295,3730.0
869.107727,3755.8
869.225037,3674.8
869.342346,3707.6
869.459717,3732.0
869.577026,3752.6
869.694336,3719.8
869.811707,3701.4
869.929016,3718.8
870.046326,3740.0
870.163635,3734.8
870.280945,3727.8
870.398254,3735.6
870.515564,3727.8
870.632812,3697.0
870.750183,3767.6
870.867432,3706.8
870.984741,3701.8
871.102051,3717.6
871.219299,3748.6
871.336609,3743.8
871.453918,3748.4
871.571106,3768.8
871.688416,3743.4
871.805664,3737.2
871.922852,3766.2
872.040222,3735.6
872.157471,3721.4
872.274719,3739.0
872.391968,3715.2
872.509155,3741.6
872.626465,3750.2
872.743652,3711.2
872.860962,3730.6
872.978149,3706.6
873.095337,3729.8
873.212646,3737.4
873.329834,3714.0
873.44696,3697.8
873.564209,3703.8
873.681396,3732.6
873.798645,3712.2
873.915894,3683.2
874.03302,3687.0
874.150208,3716.0
874.267456,3672.6
874.384583,3697.4
874.501831,3688.8
874.618958,3700.2
874.736145,3725.6
874.853333,3708.0
874.970459,3733.6
875.087646,3755.2
875.204834,3751.4
875.32196,3771.2
875.439148,3762.6
875.556274,3708.0
875.673401,3730.4
875.790527,3729.6
875.907715,3749.6
876.024841,3729.8
876.141968,3714.2
876.259094,3736.4
876.376282,3739.2
876.493347,3693.4
876.610474,3703.2
876.7276,3746.8
876.844727,3750.2
876.961853,3728.6
877.078918,3766.2
877.195984,3751.0
877.313171,3765.4
877.430237,3765.2
877.547302,3726.0
877.664368,3753.2
877.781433,3769.6
877.898499,3752.4
878.015625,3741.4
878.13269,3700.0
878.249695,3734.0
878.366821,3700.2
878.483887,3697.6
878.600952,3703.4
878.717957,3676.2
878.834961,3713.0
878.952087,3723.4
879.069092,3690.4
879.186157,3695.2
879.303162,3660.6
879.420227,3667.0
879.537231,3664.6
879.654236,3661.0
879.77124,3617.2
879.888306,3642.4
880.005249,3638.4
880.122314,3659.6
880.239319,3611.2
880.356323,3592.8
880.473328,3604.6
880.590271,3574.0
880.707275,3622.6
880.824341,3649.4
880.941284,3580.2
881.058228,3592.8
881.175232,3640.0
881.292236,3592.6
881.40918,3617.8
881.526123,3672.8
881.643066,3634.6
881.760071,3661.6
881.877014,3651.8
881.993958,3666.2
882.11084,3639.8
882.227783,3655.8
882.344727,3611.0
882.46167,3633.6
882.578613,3565.6
882.695618,3597.6
882.812439,3617.4
882.929382,3597.6
883.046326,3631.4
883.163208,3621.4
883.280151,3628.4
883.397034,3614.0
883.513916,3626.4
883.630798,3613.8
883.747742,3653.8
883.864563,3646.0
883.981506,3677.2
884.098389,3663.0
884.21521,3643.2
884.332153,3659.8
884.448975,3678.8
884.565796,3627.8
884.682678,3655.6
884.7995,3657.0
884.916443,3704.0
885.033264,3735.6
885.150085,3703.2
885.266968,3735.6
885.383789,3686.0
885.500671,3726.2
885.617493,3778.0
885.734314,3799.2
885.851196,3779.4
885.967896,3799.6
886.084717,3749.0
886.201599,3762.0
886.318359,3771.2
886.435181,3752.0
886.552002,3776.4
886.668762,3709.4
886.785645,3748.8
886.902344,3776.8
887.019165,3698.6
887.135925,3692.0
887.252747,3677.8
887.369446,3726.2
887.486267,3689.2
887.603027,3673.6
887.719788,3612.0
887.836548,3619.0
887.953247,3598.0
888.070068,3608.6
888.186829,3596.4
888.303528,3596.2
888.420288,3559.4
888.536987,3580.0
888.653687,3565.0
888.770447,3565.2
888.887146,3573.8
889.003967,3584.8
889.120667,3592.2
889.237305,3529.6
889.354065,3550.0
889.470703,3548.0
889.587463,3558.2
889.704163,3550.6
889.820862,3516.4
889.937561,3566.4
890.054199,3501.0
890.170837,3517.2
890.287598,3517.4
890.404236,3485.0
890.520874,3511.2
890.637634,3523.0
890.754211,3549.0
890.87085,3516.0
890.987549,3530.4
891.104187,3490.2
891.220886,3507.2
891.337463,3517.8
891.454102,3530.4
891.57074,3490.0
891.687378,3489.6
891.804077,3531.0
891.920654,3529.0
892.037231,3496.4
892.15387,3503.6
892.270447,3523.6
892.387085,3496.2
892.503723,3515.2
892.6203,3510.8
892.736877,3512.4
892.853516,3515.8
892.970032,3481.8
893.08667,3494.2
893.203186,3525.0
893.319763,3502.2
893.43634,3527.6
893.552917,3536.4
893.669556,3550.6
893.786011,3527.0
893.902588,3502.4
894.019165,3535.2
894.135681,3510.6
894.252197,3526.6
894.368835,3543.0
894.485291,3517.4
894.601868,3533.4
894.718384,3550.6
894.8349,3531.6
894.951355,3514.4
895.067932,3527.2
895.184448,3576.0
895.300964,3535.6
895.417419,3557.8
895.533936,3549.6
895.650452,3558.0
895.766907,3547.2
895.883423,3511.0
895.999878,3547.4
896.116333,3541.4
896.232849,3541.0
896.349304,3521.4
896.465759,3521.4
896.582214,3523.0
896.698669,3517.8
896.815125,3529.4
896.931641,3496.2
897.048035,3518.4
897.164551,3502.2
897.280884,3511.4
897.397339,3540.4
897.513794,3549.4
897.630249,3571.0
897.746582,3590.8
897.863098,3557.0
897.979431,3582.4
898.095886,3576.6
898.212341,3535.0
898.328674,3558.4
898.445129,3564.0
898.561462,3567.8
898.677795,3551.6
898.794312,3544.8
898.910645,3495.2
899.026978,3547.8
899.143433,3538.2
899.259766,3545.4
899.37616,3572.6
899.492493,3537.6
899.608765,3562.8
899.725159,3556.0
899.841553,3547.0
899.957947,3557.4
900.07428,3549.4
900.190552,3593.0
900.306946,3572.8
900.423157,3556.8
900.53949,3544.8
900.655884,3536.2
900.772156,3583.6
900.888489,3580.4
901.004822,3549.2
901.121033,3548.8
901.237366,3553.8
901.353699,3562.6
901.46991,3576.8
901.586304,3585.2
901.702515,3568.6
901.818787,3598.0
901.93512,3567.4
902.051331,3603.2
902.167603,3607.8
902.283875,3628.4
902.400085,3566.2
902.516418,3615.2
902.632629,3614.4
902.74884,3627.6
902.865112,3622.4
902.981384,3619.4
903.097595,3619.6
903.213867,3635.8
903.330017,3613.8
903.446289,3639.8
903.5625,3617.0
903.67865,3587.2
903.794922,3629.0
903.911072,3562.2
904.027344,3595.8
904.143494,3575.8
904.259705,3545.8
904.375916,3574.2
904.492065,3536.0
904.608215,3530.8
904.724426,3526.4
904.840576,3527.6
904.956726,3537.2
905.072876,3514.2
905.189087,3508.4
905.305176,3535.2
905.421387,3533.8
905.537537,3574.6
905.653687,3528.0
905.769775,3552.8
905.885925,3536.8
906.002014,3501.0
906.118164,3468.8
906.234314,3534.0
906.350403,3481.8
906.466492,3503.4
906.582642,3457.8
906.69873,3481.2
906.814758,3472.6
906.930908,3473.8
907.046936,3452.8
907.163086,3487.0
907.279175,3473.8
907.395264,3475.0
907.511353,3450.4
907.62738,3453.6
907.743408,3484.0
907.859497,3489.2
907.975525,3508.8
908.091553,3463.0
908.207703,3467.6
908.32373,3480.2
908.439758,3490.8
908.555786,3486.0
908.671814,3456.6
908.787842,3456.2
908.90387,3470.6
909.019775,3461.6
909.135864,3422.6
909.251892,3472.8
909.367859,3449.0
909.483826,3488.2
909.599854,3440.8
909.715881,3453.4
909.831848,3453.4
909.947815,3464.4
910.063782,3425.8
910.179749,3435.0
910.295776,3411.4
910.411743,3449.6
910.527649,3467.2
910.643616,3467.4
910.759583,3466.0
910.875488,3470.2
910.991455,3501.2
911.107361,3497.2
911.223267,3435.6
911.339294,3466.2
911.4552,3471.2
911.571106,3430.6
911.687073,3442.2
911.802979,3448.2
911.918823,3400.6
912.034729,3467.2
912.150635,3448.4
912.266602,3423.0
912.382446,3464.8
912.498352,3398.4
912.614197,3409.6
912.730103,3412.4
912.846008,3396.0
792.44574,4922.4
792.56488,4800.2
792.68396,4783.4
792.80304,4778.6
792.92218,4632.6
793.041199,4640.4
793.160339,4581.8
793.279419,4589.8
793.398499,4505.4
793.517578,4487.8
793.636658,4408.8
793.755737,4402.4
793.874817,4359.2
793.993896,4315.0
794.112976,4287.6
794.232056,4248.8
794.351074,4203.6
794.470215,4202.0
794.589233,4161.0
794.708313,4150.4
794.827393,4114.8
794.946411,4074.4
795.065552,4079.4
795.18457,4086.0
795.303589,4110.2
795.422668,4071.0
795.541687,4016.2
795.660767,4005.0
795.779846,3979.2
795.898865,3921.0
796.017883,3939.2
796.136963,3942.4
796.255981,3913.4
796.375061,3894.0
796.49408,3909.6
796.613037,3863.2
796.732117,3877.0
796.851135,3867.2
796.970154,3837.0
797.089233,3806.0
797.208191,3791.2
797.327271,3795.8
797.446228,3787.8
797.565186,3822.2
797.684265,3778.0
797.803223,3750.6
797.922241,3728.8
798.04126,3768.8
798.160278,3740.6
798.279297,3767.0
798.398315,3740.2
798.517273,3680.8
798.636292,3707.2
798.75531,3704.8
798.874268,3681.2
798.993286,3686.4
799.112244,3691.0
799.231323,3682.2
799.350281,3665.2
799.469238,3725.6
799.588257,3688.6
799.707153,3664.0
799.826111,3630.8
799.945129,3639.6
800.064087,3671.2
800.183044,3652.4
800.302063,3630.0
800.421021,3626.4
800.539978,3610.0
800.658936,3635.6
800.777893,3618.2
800.896912,3632.2
801.015747,3585.6
801.134705,3595.4
801.253723,3552.2
801.37262,3563.2
801.491638,3569.4
801.610535,3565.0
801.729492,3584.4
801.84845,3586.4
801.967407,3583.4
802.086243,3566.6
802.205261,3558.0
802.324158,3555.4
802.443115,3576.6
802.562073,3523.2
802.680969,3568.0
802.799927,3572.6
802.918762,3535.6
803.037659,3536.2
803.156677,3552.6
803.275574,3520.4
803.39447,3533.6
803.513428,3485.4
803.632263,3558.6
803.751221,3523.8
803.870117,3524.6
803.989014,3518.2
804.107971,3522.0
804.226746,3522.0
804.345642,3497.2
804.4646,3523.0
804.583496,3475.8
804.702393,3496.0
804.821228,3508.0
804.940125,3505.2
805.059021,3513.0
805.177917,3524.2
805.296814,3533.4
805.415649,3525.6
805.534546,3514.6
805.653442,3509.4
805.772278,3507.2
805.891113,3513.0
806.01001,3510.8
806.128906,3505.0
806.247742,3478.8
806.366577,3450.6
806.485413,3485.2
806.604309,3484.4
806.723145,3471.2
806.84198,3496.8
806.960876,3478.0
807.079712,3456.4
807.198486,3503.0
807.317383,3473.2
807.436218,3447.6
807.554993,3470.2
807.673889,3475.8
807.792725,3463.8
807.91156,3474.0
808.030396,3470.8
808.14917,3464.2
808.268005,3433.4
808.386841,3476.0
808.505676,3459.8
808.624451,3436.0
808.743286,3431.2
808.862122,3417.6
808.980896,3461.6
809.099731,3444.8
809.218506,3434.6
809.337341,3460.8
809.456116,3464.0
809.57489,3476.2
809.693726,3454.2
809.8125,3419.0
809.931274,3459.4
810.050049,3430.4
810.168884,3421.0
810.287659,3450.8
810.406372,3413.8
810.525269,3430.6
810.643982,3424.8
810.762756,3407.8
810.881531,3409.2
811.000305,3399.6
811.11908,3399.6
811.237854,3414.6
811.356567,3398.8
811.475403,3407.6
811.594116,3375.2
811.71283,3420.2
811.831604,3399.2
811.950378,3397.8
812.069153,3389.6
812.187927,3420.4
812.30658,3420.4
812.425415,3385.2
812.544128,3403.6
812.662781,3371.2
812.781616,3394.4
812.900269,3399.0
813.019043,3359.2
813.137756,3399.8
813.256531,3405.2
813.375244,3373.0
813.493896,3390.8
813.612671,3372.2
813.731384,3362.6
813.850037,3371.4
813.96875,3356.8
814.087524,3384.0
814.206238,3367.4
814.324951,3332.4
814.443604,3347.6
814.562256,3342.6
814.68103,3341.0
814.799683,3348.4
814.918335,3353.0
815.037109,3325.4
815.155762,3322.4
815.274475,3342.8
815.393188,3317.6
815.511841,3357.6
815.630554,3334.8
815.749146,3321.6
815.867859,3313.4
815.986572,3306.8
816.105164,3321.4
816.223877,3298.8
816.342529,3306.4
816.461182,3312.8
816.579895,3309.0
816.698486,3324.2
816.817139,3334.2
816.935791,3346.8
817.054504,3316.0
817.173096,3297.8
817.291748,3310.2
817.4104,3321.0
817.529053,3283.4
817.647644,3315.8
817.766235,3290.0
817.884949,3285.4
818.00354,3293.8
818.122192,3275.6
818.240845,3283.8
818.359436,3293.6
818.478088,3294.4
818.59668,3303.8
818.715271,3282.0
818.833923,3277.2
818.952515,3251.2
819.071106,3257.8
819.189758,3274.4
819.30835,3257.0
819.426941,3251.6
819.545532,3277.4
819.664124,3246.0
819.782715,3240.6
819.901306,3247.0
820.019897,3256.4
820.138489,3266.0
820.25708,3305.2
820.375671,3248.6
820.494202,3258.6
820.612732,3268.2
820.731384,3233.8
820.849915,3231.2
820.968506,3254.8
821.087097,3235.6
821.205627,3221.4
821.324158,3221.6
821.442749,3204.4
821.561279,3251.4
821.679871,3223.4
821.798401,3184.0
821.916931,3223.4
822.035461,3201.2
822.154053,3219.0
822.272583,3184.6
822.391174,3175.6
822.509583,3176.4
822.628174,3203.0
822.746704,3194.6
822.865234,3173.6
822.983765,3171.6
823.102295,3195.6
823.220825,3198.0
823.339294,3197.4
823.457825,3196.2
823.576355,3195.6
823.694824,3185.2
823.813354,3177.0
823.931885,3178.6
824.050354,3166.6
824.168884,3185.6
824.287354,3183.0
824.405823,3168.0
824.524353,3180.4
824.642822,3159.0
824.761353,3179.8
824.879822,3178.8
824.998291,3152.6
825.116699,3156.0
825.235291,3193.8
825.353699,3179.0
825.472168,3138.6
825.590637,3176.8
825.709106,3192.6
825.827576,3172.4
825.946045,3134.8
826.064453,3155.8
826.182983,3153.4
826.301392,3156.0
826.4198,3137.6
826.53833,3105.0
826.656738,3137.4
826.775208,3172.8
826.893677,3146.2
827.012024,3146.6
827.130493,3134.6
827.248962,3146.6
827.36731,3119.8
827.485779,3144.0
827.604248,3137.4
827.722595,3127.0
827.841064,3148.8
827.959412,3149.2
828.077942,3110.8
828.196289,3107.0
828.314636,3147.6
828.433105,3075.8
828.551514,3119.4
828.669861,3107.2
828.78833,3088.8
828.906677,3114.2
829.025085,3094.0
829.143433,3140.2
829.261841,3106.0
829.38031,3100.4
829.498657,3076.8
829.617004,3075.8
829.735413,3124.4
829.85376,3080.0
829.972107,3123.6
830.090515,3095.8
830.208862,3104.6
830.327209,3084.8
830.445557,3076.6
830.563904,3122.4
830.682312,3086.2
830.800659,3086.4
830.919006,3118.0
831.037354,3079.8
831.155701,3114.4
831.274048,3093.2
831.392395,3099.8
831.51062,3087.2
831.629028,3081.0
831.747314,3089.0
831.865662,3106.6
831.984009,3114.8
832.102356,3110.8
832.220642,3066.0
832.338928,3111.8
832.457275,3096.0
832.575623,3110.2
832.693909,3086.2
832.812134,3108.2
832.930481,3102.6
833.048828,3063.2
833.167114,3065.4
833.2854,3063.8
833.403687,3076.2
833.521973,3035.6
833.640259,3036.2
833.758545,3056.4
833.876831,3058.8
833.995056,3049.4
834.113281,3090.6
834.231628,3081.6
834.349915,3070.8
834.468201,3070.6
834.586426,3061.6
834.704651,3097.2
834.822998,3083.2
834.941162,3100.2
835.059448,3090.0
835.177673,3080.2
835.295959,3062.8
835.414246,3070.8
835.53241,3063.2
835.650635,3054.2
835.768921,3047.0
835.887146,3061.0
836.005371,3058.6
836.123596,3080.2
836.241821,3068.0
836.360046,3062.0
836.478271,3067.4
836.596497,3048.6
836.714722,3024.8
836.832886,3078.4
836.95105,3036.4
837.069336,3053.8
837.1875,3069.2
837.305725,3057.6
837.423889,3038.2
837.542053,3053.8
837.660339,3060.0
837.778503,3040.2
837.896667,3031.4
838.014832,3022.8
838.132996,3046.6
838.25116,3044.4
838.369385,3053.6
838.487488,3047.8
838.605713,3075.6
838.723877,3037.2
838.84198,3034.6
838.960205,3022.2
839.078308,3053.4
839.196472,3076.6
839.314636,3039.6
839.4328,3052.8
839.550964,3071.6
839.669067,3037.0
839.787231,3059.0
839.905396,3060.2
840.023499,3069.4
840.141602,3041.4
840.259766,3060.6
840.377869,3039.2
840.495972,3036.8
840.614136,3044.8
840.732239,3015.4
840.850342,3046.2
840.968445,3046.8
841.086548,3008.2
841.204651,3033.6
841.322754,3032.0
841.440918,3046.4
841.55896,3033.0
841.677002,3030.8
841.795166,3042.2
841.913208,3020.2
842.031311,3041.6
842.149353,3026.2
842.267456,3047.2
842.385498,3042.8
842.503601,3049.8
842.621643,3011.4
842.739746,3023.0
842.857788,3036.0
842.97583,3060.4
843.093933,3039.0
843.211975,3097.6
843.330017,3072.8
843.44812,3062.2
843.566101,3034.6
843.684204,3060.8
843.802246,3041.2
843.920227,3085.0
844.038269,3091.0
844.156311,3059.6
844.274292,3061.8
844.392395,3056.2
844.510376,3068.8
844.628357,3042.6
844.74646,3014.2
844.864441,3047.6
844.982422,3027.2
845.100403,3060.2
845.218384,3031.4
845.336426,3024.8
845.454468,3020.4
845.572449,3023.0
845.69043,3032.4
845.808411,2993.8
845.926453,3035.6
846.044373,3001.4
846.162354,3017.8
846.280396,2993.4
846.398315,2992.8
846.516296,3035.4
846.634216,2998.0
846.752197,2999.4
846.870178,3054.2
846.988098,3034.0
847.106079,3057.0
847.22406,3033.6
847.34198,3045.0
847.4599,3025.4
847.577881,3030.0
847.695801,3030.6
847.813782,3056.6
847.931641,3031.8
848.049561,3055.8
848.167603,3039.0
848.285461,3012.8
848.403381,3058.2
848.521362,3062.6
848.639221,3051.8
848.75708,3051.2
848.875,3080.4
848.99292,3060.4
849.110901,3048.2
849.22876,3032.4
849.34668,3037.2
849.464539,3028.2
849.582458,3044.0
849.700317,3023.8
849.818176,3046.6
849.936096,3062.8
850.053955,3063.0
850.171875,3033.4
850.289673,3050.2
850.407593,3019.0
850.525452,3040.0
850.643311,3076.6
850.761169,3038.2
850.878967,3041.8
850.996887,3066.2
851.114746,3058.0
851.232544,3070.2
851.350403,3059.8
851.468262,3046.4
851.58606,3071.8
851.703979,3069.4
851.821777,3061.4
851.939636,3066.6
852.057434,3092.0
852.175232,3114.4
852.293091,3135.8
852.410889,3134.8
852.528687,3114.2
852.646545,3111.0
852.764343,3085.0
852.88208,3091.4
852.999939,3058.6
853.117676,3061.0
853.235535,3058.8
853.353271,3078.4
853.471069,3050.0
853.588928,3060.4
853.706604,3045.8
853.824402,3042.4
853.9422,3044.8
854.059998,3033.2
854.177734,3056.0
854.295532,3019.8
854.413269,3028.4
854.531006,3027.2
854.648804,3066.2
854.766541,3057.8
854.884277,3072.0
855.002014,3078.4
855.119751,3078.8
855.237549,3091.2
855.355225,3110.6
855.473022,3108.0
855.590698,3091.2
855.708435,3066.6
855.826172,3062.0
855.943848,3102.6
856.061646,3069.8
856.179321,3090.8
856.296997,3032.4
856.414795,3096.2
856.53241,3066.2
856.650085,3072.8
856.767822,3042.0
856.885559,3071.0
857.003174,3047.6
857.120911,3056.0
857.238586,3020.4
857.356201,3035.4
857.473938,3006.8
857.591614,3039.2
857.709351,3018.0
857.826965,2993.6
857.944641,3016.8
858.062317,3046.0
858.179993,3070.4
858.297668,3013.8
858.415283,3019.2
858.532959,3043.4
858.650574,3042.8
858.768188,3047.2
858.885803,3045.6
859.003479,3031.4
859.121094,3022.4
859.23877,3030.6
859.356384,3066.4
859.473999,3015.0
859.591675,3023.2
859.709229,3039.6
859.826843,3039.0
859.944458,3024.4
860.062012,3013.6
860.179626,3021.8
860.297302,3009.6
860.414856,3014.8
860.532471,3009.4
860.650024,3007.4
860.767639,3031.0
860.885193,3038.0
861.002808,3002.4
861.120361,3040.6
861.237976,3021.6
861.35553,3016.2
861.473022,2991.2
861.590698,3002.8
861.708191,3026.4
861.825745,3026.0
861.943298,3014.8
862.060852,2992.6
862.178406,3005.8
862.295959,2994.4
862.413513,2990.2
862.531006,3002.2
862.64856,2980.0
862.766113,2976.2
862.883667,3001.0
863.00116,2975.2
863.118713,2986.4
863.236206,2985.0
863.353699,3002.8
863.471252,2974.2
863.588745,3009.0
863.706177,3023.2
863.82373,2982.8
863.941162,2970.8
864.058716,2976.4
864.176208,2980.0
864.29364,3011.4
864.411194,3011.6
864.528687,2998.6
864.646118,3000.2
864.763611,3000.2
864.881042,2988.8
864.998535,2999.6
865.116028,3006.0
865.233459,2991.8
865.350891,2987.2
865.468384,3014.0
865.585754,2985.6
865.703308,3008.2
865.820679,3001.4
865.938171,2999.8
866.055542,2983.0
866.173035,3003.4
866.290466,2961.8
866.407837,2985.4
866.52533,3002.4
866.6427,3019.6
866.760071,2999.0
866.877563,2990.4
866.994934,3001.2
867.112305,2996.0
867.229736,2996.2
867.347107,2979.4
867.464539,3005.8
867.58197,3002.2
867.699341,3008.2
867.81665,3025.2
867.934082,2987.8
868.051453,2973.0
868.168823,3050.2
868.286194,3022.0
868.403564,3009.2
868.520935,2983.0
868.638306,3009.8
868.755676,3021.2
868.872986,3009.0
868.990295,3011.6
869.107727,3040.4
869.225037,3034.2
869.342346,3002.0
869.459717,3016.4
869.577026,3025.2
869.694336,3045.6
869.811707,2992.0
869.929016,3017.6
870.046326,3029.8
870.163635,3041.2
870.280945,3033.4
870.398254,3010.2
870.515564,3034.4
870.632812,3024.2
870.750183,3040.0
870.867432,3016.0
870.984741,3036.0
871.102051,3032.8
871.219299,3014.4
871.336609,3057.4
871.453918,3029.2
871.571106,3054.8
871.688416,3032.8
871.805664,3032.6
871.922852,3067.4
872.040222,3035.6
872.157471,3064.4
872.274719,3050.4
872.391968,3026.0
872.509155,3037.6
872.626465,3033.8
872.743652,3030.8
872.860962,3050.4
872.978149,3027.0
873.095337,3020.8
873.212646,3024.0
873.329834,3040.8
873.44696,3022.8
873.564209,3034.8
873.681396,3017.8
873.798645,2997.4
873.915894,3016.6
874.03302,3023.8
874.150208,3021.2
874.267456,3006.6
874.384583,3029.8
874.501831,3009.4
874.618958,3020.0
874.736145,3049.0
874.853333,3030.8
874.970459,2993.4
875.087646,3063.0
875.204834,3014.6
875.32196,3054.0
875.439148,3022.6
875.556274,3051.2
875.673401,3078.6
875.790527,3020.4
875.907715,3035.0
876.024841,3031.4
876.141968,3050.8
876.259094,3048.2
876.376282,3043.8
876.493347,3059.6
876.610474,3040.6
876.7276,3047.4
876.844727,3050.8
876.961853,3038.4
877.078918,3057.0
877.195984,3054.8
877.313171,3060.2
877.430237,3066.2
877.547302,3052.2
877.664368,3056.8
877.781433,3060.4
877.898499,3052.8
878.015625,3036.4
878.13269,3035.6
878.249695,3046.2
878.366821,3019.0
878.483887,3055.4
878.600952,3031.2
878.717957,3028.6
878.834961,3050.2
878.952087,3031.0
879.069092,3041.6
879.186157,3009.8
879.303162,3008.4
879.420227,3016.2
879.537231,3023.2
879.654236,2994.6
879.77124,3024.4
879.888306,3002.8
880.005249,3020.4
880.122314,2994.6
880.239319,3009.4
880.356323,2992.2
880.473328,3022.2
880.590271,2971.0
880.707275,3026.2
880.824341,2997.6
880.941284,2989.6
881.058228,3009.4
881.175232,3023.6
881.292236,2995.6
881.40918,3021.4
881.526123,3036.0
881.643066,3001.2
881.760071,3039.0
881.877014,3012.4
881.993958,3015.4
882.11084,2989.0
882.227783,3024.4
882.344727,3023.6
882.46167,3015.2
882.578613,3002.4
882.695618,3015.2
882.812439,3029.6
882.929382,3009.2
883.046326,3003.4
883.163208,2993.4
883.280151,3028.2
883.397034,3002.0
883.513916,3021.6
883.630798,3013.0
883.747742,3011.2
883.864563,3008.6
883.981506,3027.0
884.098389,3007.4
884.21521,3032.2
884.332153,3026.8
884.448975,3013.4
884.565796,3007.8
884.682678,3020.0
884.7995,3057.8
884.916443,3071.2
885.033264,3068.0
885.150085,3062.6
885.266968,3054.8
885.383789,3067.2
885.500671,3083.2
885.617493,3062.8
885.734314,3092.0
885.851196,3056.6
885.967896,3094.4
886.084717,3061.6
886.201599,3098.2
886.318359,3074.6
886.435181,3110.6
886.552002,3069.6
886.668762,3082.4
886.785645,3065.0
886.902344,3096.6
887.019165,3056.4
887.135925,3062.4
887.252747,3052.6
887.369446,3082.8
887.486267,3032.6
887.603027,3059.0
887.719788,3011.6
887.836548,3023.0
887.953247,3027.0
888.070068,3035.2
888.186829,3006.8
888.303528,3022.8
888.420288,3050.8
888.536987,3009.4
888.653687,2993.4
888.770447,2986.8
888.887146,3024.2
889.003967,3019.6
889.120667,2973.6
889.237305,2998.8
889.354065,3037.6
889.470703,2995.0
889.587463,2987.8
889.704163,2996.2
889.820862,2991.0
889.937561,3018.0
890.054199,2992.2
890.170837,2998.4
890.287598,2993.6
890.404236,2984.6
890.520874,2990.4
890.637634,3040.8
890.754211,3000.8
890.87085,3010.6
890.987549,3007.2
891.104187,2980.8
891.220886,3023.0
891.337463,2977.4
891.454102,3001.0
891.57074,3006.8
891.687378,2993.4
891.804077,3011.4
891.920654,2967.6
892.037231,2989.8
892.15387,2988.4
892.270447,2991.8
892.387085,2989.6
892.503723,3015.0
892.6203,3003.8
892.736877,2985.0
892.853516,2999.0
892.970032,3013.0
893.08667,3015.6
893.203186,3031.2
893.319763,3012.2
893.43634,3025.4
893.552917,3012.6
893.669556,3027.6
893.786011,3033.0
893.902588,3013.0
894.019165,3054.2
894.135681,3044.0
894.252197,3038.6
894.368835,3053.0
894.485291,3043.0
894.601868,3016.0
894.718384,3035.8
894.8349,3014.0
894.951355,3020.0
895.067932,3023.0
895.184448,3016.8
895.300964,3028.4
895.417419,3012.6
895.533936,3030.8
895.650452,3019.0
895.766907,3042.6
895.883423,3038.4
895.999878,2999.4
896.116333,3045.6
896.232849,3039.4
896.349304,3012.0
896.465759,3037.4
896.582214,3014.0
896.698669,3028.2
896.815125,3043.8
896.931641,3022.0
897.048035,3021.2
897.164551,3024.8
897.280884,3033.0
897.397339,3010.6
897.513794,3061.2
897.630249,3067.6
897.746582,2991.4
897.863098,3023.4
897.979431,3051.2
898.095886,3027.2
898.212341,3057.0
898.328674,3046.2
898.445129,3061.8
898.561462,3045.6
898.677795,3063.6
898.794312,3035.8
898.910645,3051.0
899.026978,3053.4
899.143433,3039.2
899.259766,3043.6
899.37616,3031.6
899.492493,3029.4
899.608765,3034.4
899.725159,3079.6
899.841553,3031.2
899.957947,3032.4
900.07428,3034.8
900.190552,3060.0
900.306946,3060.2
900.423157,3068.4
900.53949,3035.0
900.655884,3031.8
900.772156,3047.4
900.888489,3101.0
901.004822,3078.8
901.121033,3065.2
901.237366,3088.4
901.353699,3058.6
901.46991,3057.0
901.586304,3053.4
901.702515,3075.0
901.818787,3062.6
901.93512,3095.0
902.051331,3089.0
902.167603,3093.6
902.283875,3115.6
902.400085,3085.8
902.516418,3084.2
902.632629,3067.4
902.74884,3085.0
902.865112,3098.2
902.981384,3091.0
903.097595,3109.8
903.213867,3088.8
903.330017,3096.8
903.446289,3094.4
903.5625,3081.6
903.67865,3081.8
903.794922,3101.4
903.911072,3067.2
904.027344,3091.4
904.143494,3081.2
904.259705,3109.8
904.375916,3068.8
904.492065,3073.6
904.608215,3066.0
904.724426,3065.6
904.840576,3040.8
904.956726,3040.2
905.072876,3063.8
905.189087,3008.8
905.305176,3038.8
905.421387,3068.4
905.537537,3066.4
905.653687,3060.0
905.769775,3033.0
905.885925,3073.0
906.002014,3064.6
906.118164,3061.0
906.234314,3060.4
906.350403,3036.2
906.466492,3065.6
906.582642,3029.2
906.69873,3031.4
906.814758,3051.6
906.930908,3041.8
907.046936,3046.6
907.163086,3038.0
907.279175,3026.4
907.395264,3030.4
907.511353,3042.6
907.62738,3054.6
907.743408,3026.4
907.859497,3049.4
907.975525,3063.2
908.091553,3051.2
908.207703,3057.2
908.32373,3027.4
908.439758,3041.0
908.555786,3024.0
908.671814,3059.2
908.787842,3037.4
908.90387,3033.6
909.019775,3001.4
909.135864,3020.2
909.251892,3042.8
909.367859,3052.8
909.483826,3035.4
909.599854,3065.4
909.715881,3044.2
909.831848,3078.0
909.947815,3032.2
910.063782,3082.0
910.179749,3046.8
910.295776,3078.8
910.411743,3035.2
910.527649,3068.0
910.643616,3072.6
910.759583,3034.6
910.875488,3056.2
910.991455,3049.4
911.107361,3056.0
911.223267,3058.0
911.339294,3053.4
911.4552,3039.8
911.571106,3042.4
911.687073,3043.6
911.802979,3050.4
911.918823,3027.8
912.034729,3042.4
912.150635,3052.4
912.266602,3063.0
912.382446,3054.0
912.498352,3022.2
912.614197,3036.4
912.730103,3014.8
912.846008,3028.2
792.44574,6091.2
792.56488,5913.2
792.68396,5880.8
792.80304,5857.4
792.92218,5730.4
793.041199,5690.8
793.160339,5668.8
793.279419,5598.8
793.398499,5561.2
793.517578,5492.4
793.636658,5425.8
793.755737,5395.8
793.874817,5292.4
793.993896,5300.6
794.112976,5255.0
794.232056,5244.4
794.351074,5215.6
794.470215,5105.8
794.589233,5102.8
794.708313,5121.0
794.827393,5021.6
794.946411,5046.2
795.065552,5005.2
795.18457,4974.8
795.303589,4976.0
795.422668,4927.0
795.541687,4924.4
795.660767,4907.4
795.779846,4836.2
795.898865,4778.0
796.017883,4826.2
796.136963,4738.0
796.255981,4761.4
796.375061,4705.6
796.49408,4701.0
796.613037,4695.6
796.732117,4666.8
796.851135,4648.4
796.970154,4609.2
797.089233,4598.4
797.208191,4565.8
797.327271,4609.4
797.446228,4612.4
797.565186,4591.4
797.684265,4590.8
797.803223,4559.4
797.922241,4521.4
798.04126,4521.8
798.160278,4509.4
798.279297,4557.2
798.398315,4479.6
798.517273,4471.4
798.636292,4490.0
798.75531,4441.0
798.874268,4487.2
798.993286,4499.6
799.112244,4442.2
799.231323,4460.0
799.350281,4405.8
799.469238,4424.2
799.588257,4431.6
799.707153,4387.0
799.826111,4418.8
799.945129,4386.2
800.064087,4416.0
800.183044,4397.0
800.302063,4378.6
800.421021,4386.0
800.539978,4336.8
800.658936,4385.6
800.777893,4360.4
800.896912,4307.4
801.015747,4349.4
801.134705,4289.4
801.253723,4313.6
801.37262,4293.0
801.491638,4298.2
801.610535,4277.8
801.729492,4319.2
801.84845,4265.0
801.967407,4294.4
802.086243,4280.2
802.205261,4257.2
802.324158,4255.4
802.443115,4240.0
802.562073,4231.0
802.680969,4249.0
802.799927,4239.2
802.918762,4269.0
803.037659,4232.0
803.156677,4254.6
803.275574,4231.0
803.39447,4271.4
803.513428,4225.8
803.632263,4259.8
803.751221,4214.2
803.870117,4252.0
803.989014,4230.6
804.107971,4246.4
804.226746,4224.8
804.345642,4202.6
804.4646,4204.0
804.583496,4187.6
804.702393,4186.4
804.821228,4136.6
804.940125,4208.4
805.059021,4182.4
805.177917,4223.4
805.296814,4243.2
805.415649,4225.0
805.534546,4245.4
805.653442,4226.6
805.772278,4245.6
805.891113,4247.6
806.01001,4196.8
806.128906,4201.2
806.247742,4215.4
806.366577,4187.6
806.485413,4226.4
806.604309,4209.0
806.723145,4187.6
806.84198,4198.0
806.960876,4186.8
807.079712,4180.8
807.198486,4195.4
807.317383,4207.8
807.436218,4166.4
807.554993,4153.4
807.673889,4177.8
807.792725,4137.0
807.91156,4175.0
808.030396,4158.2
808.14917,4131.8
808.268005,4128.6
808.386841,4172.4
808.505676,4116.8
808.624451,4094.0
808.743286,4114.4
808.862122,4132.2
808.980896,4096.0
809.099731,4115.6
809.218506,4121.4
809.337341,4136.0
809.456116,4090.6
809.57489,4136.6
809.693726,4143.6
809.8125,4092.2
809.931274,4139.8
810.050049,4106.2
810.168884,4077.2
810.287659,4138.2
810.406372,4092.0
810.525269,4116.2
810.643982,4085.8
810.762756,4053.2
810.881531,4064.0
811.000305,4037.4
811.11908,4035.0
811.237854,4036.2
811.356567,4080.8
811.475403,4093.6
811.594116,4044.6
811.71283,4074.2
811.831604,4073.0
811.950378,4067.2
812.069153,4045.4
812.187927,4059.4
812.30658,4070.2
812.425415,4038.8
812.544128,4064.2
812.662781,4039.4
812.781616,4036.2
812.900269,4032.0
813.019043,4019.4
813.137756,4029.6
813.256531,4043.8
813.375244,4012.8
813.493896,3985.8
813.612671,4023.6
813.731384,3996.8
813.850037,4005.8
813.96875,3967.0
814.087524,3979.0
814.206238,3993.8
814.324951,3997.8
814.443604,3966.0
814.562256,3964.6
814.68103,3989.0
814.799683,3983.4
814.918335,3987.4
815.037109,3986.2
815.155762,3989.4
815.274475,3959.6
815.393188,3972.6
815.511841,3983.4
815.630554,3988.4
815.749146,3958.8
815.867859,3943.2
815.986572,3955.8
816.105164,3933.8
816.223877,3940.0
816.342529,3954.6
816.461182,3939.4
816.579895,3989.6
816.698486,3993.6
816.817139,3989.0
816.935791,3983.0
817.054504,3974.4
817.173096,3947.6
817.291748,3972.8
817.4104,3961.0
817.529053,3953.4
817.647644,3940.0
817.766235,3925.0
817.884949,3950.6
818.00354,3923.6
818.122192,3957.0
818.240845,3973.2
818.359436,3928.6
818.478088,3973.4
818.59668,3940.6
818.715271,3956.2
818.833923,3956.6
818.952515,3965.0
819.071106,3947.2
819.189758,3944.6
819.30835,3961.4
819.426941,3903.4
819.545532,3899.8
819.664124,3944.8
819.782715,3939.4
819.901306,3926.6
820.019897,3947.6
820.138489,3911.8
820.25708,3945.6
820.375671,3935.6
820.494202,3918.2
820.612732,3926.4
820.731384,3915.0
820.849915,3904.4
820.968506,3877.2
821.087097,3873.2
821.205627,3902.6
821.324158,3900.4
821.442749,3870.4
821.561279,3899.8
821.679871,3849.8
821.798401,3837.4
821.916931,3843.0
822.035461,3887.6
822.154053,3875.0
822.272583,3852.2
822.391174,3834.0
822.509583,3808.0
822.628174,3836.0
822.746704,3820.0
822.865234,3845.8
822.983765,3888.0
823.102295,3873.6
823.220825,3863.2
823.339294,3840.6
823.457825,3827.6
823.576355,3842.4
823.694824,3806.2
823.813354,3811.4
823.931885,3810.6
824.050354,3830.8
824.168884,3846.6
824.287354,3835.0
824.405823,3811.4
824.524353,3831.4
824.642822,3851.2
824.761353,3832.4
824.879822,3813.6
824.998291,3837.2
825.116699,3779.4
825.235291,3809.0
825.353699,3814.0
825.472168,3777.2
825.590637,3807.6
825.709106,3818.0
825.827576,3754.8
825.946045,3757.4
826.064453,3776.6
826.182983,3745.8
826.301392,3784.8
826.4198,3772.0
826.53833,3804.2
826.656738,3775.0
826.775208,3793.6
826.893677,3788.2
827.012024,3777.4
827.130493,3763.0
827.248962,3784.4
827.36731,3763.6
827.485779,3755.0
827.604248,3741.8
827.722595,3774.8
827.841064,3758.0
827.959412,3718.8
828.077942,3713.8
828.196289,3722.2
828.314636,3702.0
828.433105,3709.8
828.551514,3710.0
828.669861,3715.2
828.78833,3716.4
828.906677,3746.6
829.025085,3696.6
829.143433,3735.0
829.261841,3703.2
829.38031,3675.0
829.498657,3679.4
829.617004,3704.6
829.735413,3713.0
829.85376,3698.0
829.972107,3676.8
830.090515,3705.8
830.208862,3681.6
830.327209,3688.6
830.445557,3688.2
830.563904,3728.4
830.682312,3730.4
830.800659,3725.8
830.919006,3680.6
831.037354,3711.4
831.155701,3732.0
831.274048,3701.2
831.392395,3713.4
831.51062,3681.8
831.629028,3680.2
831.747314,3697.4
831.865662,3720.6
831.984009,3740.8
832.102356,3783.6
832.220642,3888.4
832.338928,3877.2
832.457275,3719.4
832.575623,3719.2
832.693909,3702.2
832.812134,3719.0
832.930481,3720.0
833.048828,3701.0
833.167114,3680.2
833.2854,3677.4
833.403687,3681.2
833.521973,3673.8
833.640259,3694.2
833.758545,3673.4
833.876831,3698.2
833.995056,3699.8
834.113281,3664.0
834.231628,3705.8
834.349915,3653.8
834.468201,3659.0
834.586426,3735.2
834.704651,3920.4
834.822998,3750.2
834.941162,3859.6
835.059448,3865.0
835.177673,3724.2
835.295959,3676.2
835.414246,3682.2
835.53241,3646.0
835.650635,3659.0
835.768921,3642.4
835.887146,3644.6
836.005371,3638.8
836.123596,3627.4
836.241821,3672.2
836.360046,3664.4
836.478271,3648.2
836.596497,3632.4
836.714722,3634.6
836.832886,3655.4
836.95105,3634.8
837.069336,3662.2
837.1875,3669.2
837.305725,3668.0
837.423889,3644.2
837.542053,3652.2
837.660339,3610.0
837.778503,3658.4
837.896667,3683.8
838.014832,3635.0
838.132996,3625.4
838.25116,3616.0
838.369385,3634.6
838.487488,3639.4
838.605713,3639.8
838.723877,3653.2
838.84198,3625.8
838.960205,3636.2
839.078308,3610.6
839.196472,3627.2
839.314636,3660.6
839.4328,3651.0
839.550964,3657.2
839.669067,3652.4
839.787231,3881.8
839.905396,3687.0
840.023499,3634.0
840.141602,3602.8
840.259766,3597.4
840.377869,3602.6
840.495972,3639.4
840.614136,3588.4
840.732239,3632.4
840.850342,3594.0
840.968445,3591.8
841.086548,3570.8
841.204651,3597.2
841.322754,3620.6
841.440918,3637.2
841.55896,3629.4
841.677002,3641.6
841.795166,3625.8
841.913208,3626.6
842.031311,3636.0
842.149353,3634.8
842.267456,3620.8
842.385498,3615.4
842.503601,3593.0
842.621643,3610.2
842.739746,3596.6
842.857788,3576.8
842.97583,3615.2
843.093933,3629.4
843.211975,3623.0
843.330017,3630.2
843.44812,3641.2
843.566101,3634.2
843.684204,3628.0
843.802246,3631.2
843.920227,3626.6
844.038269,3662.6
844.156311,3619.2
844.274292,3640.4
844.392395,3604.4
844.510376,3658.0
844.628357,3601.2
844.74646,3611.2
844.864441,3628.8
844.982422,3612.6
845.100403,3636.6
845.218384,3586.0
845.336426,3599.4
845.454468,3620.6
845.572449,3613.8
845.69043,3611.8
845.808411,3571.0
845.926453,3607.0
846.044373,3611.6
846.162354,3582.0
846.280396,3607.2
846.398315,3559.2
846.516296,3609.2
846.634216,3632.6
846.752197,3599.0
846.870178,3618.4
846.988098,3630.0
847.106079,3625.4
847.22406,3618.6
847.34198,3629.8
847.4599,3654.2
847.577881,3649.0
847.695801,3635.2
847.813782,3622.2
847.931641,3619.8
848.049561,3633.6
848.167603,3587.2
848.285461,3641.4
848.403381,3633.6
848.521362,3635.2
848.639221,3658.8
848.75708,3626.8
848.875,3632.0
848.99292,3680.2
849.110901,3638.6
849.22876,3638.0
849.34668,3636.8
849.464539,3643.8
849.582458,3582.2
849.700317,3636.2
849.818176,3614.8
849.936096,3580.0
850.053955,3629.4
850.171875,3613.0
850.289673,3589.0
850.407593,3607.8
850.525452,3617.2
850.643311,3602.6
850.761169,3607.6
850.878967,3612.8
850.996887,3623.2
851.114746,3598.6
851.232544,3628.6
851.350403,3607.2
851.468262,3623.8
851.58606,3634.8
851.703979,3607.6
851.821777,3636.6
851.939636,3618.0
852.057434,3663.0
852.175232,3698.0
852.293091,3698.0
852.410889,3759.8
852.528687,3729.6
852.646545,3700.8
852.764343,3662.2
852.88208,3627.6
852.999939,3630.4
853.117676,3631.6
853.235535,3597.6
853.353271,3595.6
853.471069,3587.2
853.588928,3602.2
853.706604,3578.0
853.824402,3600.4
853.9422,3594.4
854.059998,3557.4
854.177734,3624.6
854.295532,3592.4
854.413269,3582.0
854.531006,3616.4
854.648804,3614.2
854.766541,3639.8
854.884277,3611.4
855.002014,3640.8
855.119751,3664.4
855.237549,3639.6
855.355225,3657.4
855.473022,3642.4
855.590698,3672.0
855.708435,3639.6
855.826172,3642.2
855.943848,3670.6
856.061646,3645.6
856.179321,3625.0
856.296997,3591.2
856.414795,3612.2
856.53241,3641.2
856.650085,3645.2
856.767822,3616.8
856.885559,3630.8
857.003174,3620.0
857.120911,3579.2
857.238586,3577.0
857.356201,3645.6
857.473938,3584.4
857.591614,3606.4
857.709351,3565.2
857.826965,3566.4
857.944641,3559.4
858.062317,3556.4
858.179993,3600.0
858.297668,3596.0
858.415283,3603.0
858.532959,3575.6
858.650574,3597.6
858.768188,3569.0
858.885803,3591.4
859.003479,3571.6
859.121094,3557.2
859.23877,3594.6
859.356384,3565.2
859.473999,3551.6
859.591675,3591.4
859.709229,3566.0
859.826843,3587.2
859.944458,3568.2
860.062012,3596.8
860.179626,3548.8
860.297302,3563.6
860.414856,3568.6
860.532471,3541.0
860.650024,3585.2
860.767639,3544.6
860.885193,3568.8
861.002808,3549.6
861.120361,3602.2
861.237976,3581.8
861.35553,3587.2
861.473022,3542.2
861.590698,3571.4
861.708191,3548.6
861.825745,3524.2
861.943298,3501.2
862.060852,3524.0
862.178406,3538.0
862.295959,3495.2
862.413513,3457.8
862.531006,3488.4
862.64856,3469.6
862.766113,3447.0
862.883667,3496.2
863.00116,3499.6
863.118713,3477.8
863.236206,3512.6
863.353699,3493.2
863.471252,3490.6
863.588745,3509.4
863.706177,3529.4
863.82373,3543.2
863.941162,3485.6
864.058716,3504.0
864.176208,3515.8
864.29364,3488.4
864.411194,3506.0
864.528687,3464.4
864.646118,3550.6
864.763611,3479.0
864.881042,3502.4
864.998535,3482.0
865.116028,3493.8
865.233459,3488.0
865.350891,3490.8
865.468384,3535.4
865.585754,3555.2
865.703308,3517.6
865.820679,3525.4
865.938171,3495.0
866.055542,3504.2
866.173035,3514.2
866.290466,3524.6
866.407837,3526.6
866.52533,3518.6
866.6427,3522.0
866.760071,3533.0
866.877563,3514.0
866.994934,3520.4
867.112305,3507.6
867.229736,3490.6
867.347107,3515.8
867.464539,3509.2
867.58197,3532.8
867.699341,3514.8
867.81665,3494.2
867.934082,3473.4
868.051453,3522.4
868.168823,3489.0
868.286194,3507.0
868.403564,3484.4
868.520935,3510.2
868.638306,3539.2
868.755676,3525.0
868.872986,3504.8
868.990295,3528.6
869.107727,3562.6
869.225037,3522.4
869.342346,3490.4
869.459717,3522.8
869.577026,3531.8
869.694336,3519.6
869.811707,3521.6
869.929016,3521.6
870.046326,3506.4
870.163635,3522.0
870.280945,3504.0
870.398254,3537.0
870.515564,3547.0
870.632812,3510.6
870.750183,3500.2
870.867432,3575.8
870.984741,3503.6
871.102051,3520.0
871.219299,3488.6
871.336609,3572.8
871.453918,3552.6
871.571106,3539.8
871.688416,3522.8
871.805664,3523.6
871.922852,3535.8
872.040222,3543.2
872.157471,3546.8
872.274719,3527.0
872.391968,3522.4
872.509155,3540.8
872.626465,3521.0
872.743652,3505.6
872.860962,3547.8
872.978149,3496.0
873.095337,3549.8
873.212646,3513.0
873.329834,3500.2
873.44696,3502.6
873.564209,3523.8
873.681396,3531.4
873.798645,3532.4
873.915894,3482.0
874.03302,3517.0
874.150208,3521.8
874.267456,3513.8
874.384583,3507.0
874.501831,3488.0
874.618958,3516.0
874.736145,3529.0
874.853333,3500.2
874.970459,3531.8
875.087646,3543.4
875.204834,3544.0
875.32196,3568.8
875.439148,3522.6
875.556274,3502.8
875.673401,3538.8
875.790527,3519.4
875.907715,3523.4
876.024841,3548.8
876.141968,3506.6
876.259094,3503.6
876.376282,3536.4
876.493347,3508.6
876.610474,3536.6
876.7276,3531.0
876.844727,3518.0
876.961853,3529.2
877.078918,3541.0
877.195984,3542.8
877.313171,3557.4
877.430237,3552.4
877.547302,3541.2
877.664368,3522.0
877.781433,3545.4
877.898499,3554.4
878.015625,3499.2
878.13269,3515.2
878.249695,3511.2
878.366821,3518.8
878.483887,3521.4
878.600952,3477.2
878.717957,3506.4
878.834961,3513.4
878.952087,3498.8
879.069092,3473.6
879.186157,3492.8
879.303162,3445.2
879.420227,3484.6
879.537231,3507.8
879.654236,3437.8
879.77124,3485.0
879.888306,3422.6
880.005249,3446.8
880.122314,3434.8
880.239319,3454.0
880.356323,3432.6
880.473328,3452.6
880.590271,3389.4
880.707275,3443.0
880.824341,3450.0
880.941284,3403.6
881.058228,3434.8
881.175232,3461.0
881.292236,3475.8
881.40918,3454.2
881.526123,3466.0
881.643066,3466.2
881.760071,3431.6
881.877014,3449.0
881.993958,3468.6
882.11084,3438.8
882.227783,3438.8
882.344727,3456.6
882.46167,3423.4
882.578613,3426.2
882.695618,3442.6
882.812439,3433.0
882.929382,3442.8
883.046326,3440.0
883.163208,3442.4
883.280151,3413.4
883.397034,3406.2
883.513916,3479.2
883.630798,3438.8
883.747742,3480.2
883.864563,3504.4
883.981506,3487.4
884.098389,3467.0
884.21521,3501.6
884.332153,3450.2
884.448975,3442.4
884.565796,3456.4
884.682678,3447.6
884.7995,3471.6
884.916443,3510.8
885.033264,3513.0
885.150085,3531.6
885.266968,3542.6
885.383789,3528.4
885.500671,3544.8
885.617493,3551.2
885.734314,3546.2
885.851196,3548.8
885.967896,3578.8
886.084717,3572.8
886.201599,3570.2
886.318359,3589.2
886.435181,3523.4
886.552002,3568.6
886.668762,3548.0
886.785645,3551.8
886.902344,3513.6
887.019165,3501.8
887.135925,3464.6
887.252747,3502.2
887.369446,3517.2
887.486267,3476.8
887.603027,3461.4
887.719788,3469.6
887.836548,3467.8
887.953247,3439.6
888.070068,3424.0
888.186829,3429.8
888.303528,3437.6
888.420288,3414.6
888.536987,3420.2
888.653687,3382.6
888.770447,3421.6
888.887146,3416.6
889.003967,3403.0
889.120667,3399.0
889.237305,3400.8
889.354065,3406.2
889.470703,3382.2
889.587463,3417.4
889.704163,3378.4
889.820862,3357.8
889.937561,3402.8
890.054199,3392.8
890.170837,3404.8
890.287598,3379.4
890.404236,3370.2
890.520874,3357.6
890.637634,3397.2
890.754211,3389.6
890.87085,3377.6
890.987549,3387.2
891.104187,3370.6
891.220886,3376.8
891.337463,3388.6
891.454102,3382.2
891.57074,3376.0
891.687378,3384.4
891.804077,3363.4
891.920654,3356.2
892.037231,3329.4
892.15387,3378.4
892.270447,3326.2
892.387085,3369.8
892.503723,3335.8
892.6203,3344.6
892.736877,3360.4
892.853516,3371.8
892.970032,3372.6
893.08667,3350.0
893.203186,3386.6
893.319763,3386.0
893.43634,3368.6
893.552917,3371.8
893.669556,3375.8
893.786011,3397.6
893.902588,3379.0
894.019165,3399.4
894.135681,3399.0
894.252197,3414.8
894.368835,3434.2
894.485291,3380.8
894.601868,3389.2
894.718384,3453.0
894.8349,3397.6
894.951355,3410.6
895.067932,3383.4
895.184448,3386.2
895.300964,3399.8
895.417419,3388.8
895.533936,3411.4
895.650452,3402.8
895.766907,3390.6
895.883423,3401.6
895.999878,3403.4
896.116333,3411.2
896.232849,3417.0
896.349304,3405.8
896.465759,3416.2
896.582214,3399.8
896.698669,3381.4
896.815125,3365.4
896.931641,3390.4
897.048035,3402.6
897.164551,3369.0
897.280884,3389.2
897.397339,3363.0
897.513794,3417.8
897.630249,3396.8
897.746582,3386.6
897.863098,3413.4
897.979431,3407.4
898.095886,3462.4
898.212341,3420.8
898.328674,3419.2
898.445129,3395.8
898.561462,3398.0
898.677795,3393.4
898.794312,3390.4
898.910645,3358.4
899.026978,3399.0
899.143433,3383.4
899.259766,3390.8
899.37616,3398.8
899.492493,3402.4
899.608765,3393.0
899.725159,3390.2
899.841553,3400.4
899.957947,3397.8
900.07428,3412.2
900.190552,3410.4
900.306946,3430.0
900.423157,3424.2
900.53949,3398.0
900.655884,3408.8
900.772156,3412.8
900.888489,3421.8
901.004822,3403.8
901.121033,3397.6
901.237366,3425.0
901.353699,3419.8
901.46991,3382.2
901.586304,3408.8
901.702515,3401.8
901.818787,3432.0
901.93512,3482.8
902.051331,3444.6
902.167603,3443.6
902.283875,3488.8
902.400085,3417.4
902.516418,3433.8
902.632629,3455.6
902.74884,3453.4
902.865112,3449.4
902.981384,3439.6
903.097595,3457.2
903.213867,3475.6
903.330017,3470.2
903.446289,3449.8
903.5625,3452.0
903.67865,3449.6
903.794922,3458.4
903.911072,3467.2
904.027344,3435.6
904.143494,3409.8
904.259705,3400.6
904.375916,3380.0
904.492065,3401.2
904.608215,3388.8
904.724426,3399.0
904.840576,3393.6
904.956726,3384.8
905.072876,3377.8
905.189087,3399.8
905.305176,3390.8
905.421387,3419.8
905.537537,3397.6
905.653687,3426.6
905.769775,3393.8
905.885925,3417.6
906.002014,3416.2
906.118164,3368.8
906.234314,3370.6
906.350403,3353.4
906.466492,3349.6
906.582642,3375.6
906.69873,3355.6
906.814758,3374.2
906.930908,3333.0
907.046936,3361.0
907.163086,3381.4
907.279175,3370.4
907.395264,3370.8
907.511353,3365.0
907.62738,3347.0
907.743408,3332.4
907.859497,3353.0
907.975525,3365.8
908.091553,3370.8
908.207703,3359.2
908.32373,3357.2
908.439758,3356.2
908.555786,3349.4
908.671814,3358.8
908.787842,3340.8
908.90387,3348.0
909.019775,3339.8
909.135864,3318.2
909.251892,3333.8
909.367859,3342.0
909.483826,3359.8
909.599854,3342.2
909.715881,3332.8
909.831848,3340.2
909.947815,3338.0
910.063782,3365.2
910.179749,3341.2
910.295776,3313.8
910.411743,3347.8
910.527649,3355.8
910.643616,3371.0
910.759583,3338.6
910.875488,3345.8
910.991455,3359.4
911.107361,3326.6
911.223267,3364.4
911.339294,3357.8
911.4552,3314.4
911.571106,3338.2
911.687073,3345.0
911.802979,3313.4
911.918823,3310.8
912.034729,3335.4
912.150635,3295.6
912.266602,3316.2
912.382446,3312.4
912.498352,3320.8
912.614197,3296.0
912.730103,3283.2
912.846008,3293.6
792.44574,5487.8
792.56488,5423.2
792.68396,5398.0
792.80304,5367.4
792.92218,5290.4
793.041199,5207.0
793.160339,5230.6
793.279419,5203.0
793.398499,5147.0
793.517578,5135.4
793.636658,5074.2
793.755737,5024.0
793.874817,4990.8
793.993896,4959.4
794.112976,4961.8
794.232056,4911.4
794.351074,4863.6
794.470215,4864.8
794.589233,4816.0
794.708313,4797.8
794.827393,4797.0
794.946411,4782.0
795.065552,4774.0
795.18457,4715.6
795.303589,4726.2
795.422668,4714.2
795.541687,4693.6
795.660767,4654.6
795.779846,4633.2
795.898865,4633.2
796.017883,4635.0
796.136963,4593.0
796.255981,4591.2
796.375061,4583.6
796.49408,4558.4
796.613037,4597.0
796.732117,4501.2
796.851135,4552.6
796.970154,4475.0
797.089233,4489.4
797.208191,4456.2
797.327271,4443.8
797.446228,4447.8
797.565186,4468.4
797.684265,4475.2
797.803223,4454.2
797.922241,4438.0
798.04126,4450.4
798.160278,4432.4
798.279297,4412.6
798.398315,4424.2
798.517273,4413.2
798.636292,4399.2
798.75531,4409.0
798.874268,4414.8
798.993286,4402.2
799.112244,4366.8
799.231323,4383.2
799.350281,4374.4
799.469238,4357.6
799.588257,4358.6
799.707153,4350.2
799.826111,4354.2
799.945129,4345.0
800.064087,4343.4
800.183044,4334.8
800.302063,4353.4
800.421021,4327.6
800.539978,4289.0
800.658936,4292.0
800.777893,4312.6
800.896912,4323.4
801.015747,4286.8
801.134705,4282.8
801.253723,4264.6
801.37262,4235.8
801.491638,4249.8
801.610535,4268.2
801.729492,4254.8
801.84845,4236.8
801.967407,4249.0
802.086243,4262.8
802.205261,4280.8
802.324158,4238.0
802.443115,4281.0
802.562073,4205.2
802.680969,4260.0
802.799927,4258.6
802.918762,4272.8
803.037659,4290.2
803.156677,4249.6
803.275574,4248.0
803.39447,4261.6
803.513428,4220.8
803.632263,4255.6
803.751221,4226.0
803.870117,4241.4
803.989014,4260.4
804.107971,4244.4
804.226746,4250.2
804.345642,4262.6
804.4646,4239.0
804.583496,4199.0
804.702393,4214.2
804.821228,4194.8
804.940125,4269.4
805.059021,4218.2
805.177917,4244.4
805.296814,4259.2
805.415649,4235.0
805.534546,4217.0
805.653442,4206.4
805.772278,4255.4
805.891113,4254.8
806.01001,4246.6
806.128906,4247.6
806.247742,4212.8
806.366577,4174.6
806.485413,4243.0
806.604309,4205.8
806.723145,4251.0
806.84198,4206.6
806.960876,4203.2
807.079712,4179.0
807.198486,4239.4
807.317383,4221.2
807.436218,4204.2
807.554993,4184.0
807.673889,4192.6
807.792725,4161.6
807.91156,4196.6
808.030396,4174.4
808.14917,4155.0
808.268005,4137.6
808.386841,4165.6
808.505676,4180.0
808.624451,4168.6
808.743286,4197.8
808.862122,4146.8
808.980896,4185.8
809.099731,4147.8
809.218506,4139.6
809.337341,4157.0
809.456116,4179.2
809.57489,4179.2
809.693726,4167.4
809.8125,4130.6
809.931274,4153.8
810.050049,4146.0
810.168884,4125.4
810.287659,4124.4
810.406372,4115.4
810.525269,4137.0
810.643982,4132.6
810.762756,4131.2
810.881531,4125.0
811.000305,4111.6
811.11908,4073.8
811.237854,4097.4
811.356567,4102.4
811.475403,4098.2
811.594116,4101.2
811.71283,4145.4
811.831604,4134.4
811.950378,4132.2
812.069153,4116.6
812.187927,4137.2
812.30658,4103.2
812.425415,4070.0
812.544128,4093.4
812.662781,4066.0
812.781616,4101.2
812.900269,4051.0
813.019043,4078.6
813.137756,4073.2
813.256531,4101.0
813.375244,4052.0
813.493896,4060.4
813.612671,4056.6
813.731384,4037.8
813.850037,4046.4
813.96875,4049.8
814.087524,4050.4
814.206238,4037.2
814.324951,4053.0
814.443604,4017.2
814.562256,4010.4
814.68103,4033.6
814.799683,4034.8
814.918335,4029.8
815.037109,4027.6
815.155762,4034.4
815.274475,3998.2
815.393188,3996.8
815.511841,4034.2
815.630554,4010.4
815.749146,3977.0
815.867859,3977.2
815.986572,4013.4
816.105164,3986.8
816.223877,4007.6
816.342529,3948.8
816.461182,4018.8
816.579895,4029.2
816.698486,4025.2
816.817139,4016.6
816.935791,4042.4
817.054504,3992.0
817.173096,3981.6
817.291748,3989.8
817.4104,4013.4
817.529053,3963.6
817.647644,4006.8
817.766235,3933.0
817.884949,3956.0
818.00354,3930.4
818.122192,3935.4
818.240845,3951.0
818.359436,3951.4
818.478088,3978.0
818.59668,3930.8
818.715271,3942.0
818.833923,3923.2
818.952515,3948.4
819.071106,3953.0
819.189758,3916.4
819.30835,3922.8
819.426941,3954.0
819.545532,3920.0
819.664124,3897.6
819.782715,3921.6
819.901306,3929.4
820.019897,3891.2
820.138489,3937.0
820.25708,3952.2
820.375671,3933.4
820.494202,3897.8
820.612732,3923.0
820.731384,3920.0
820.849915,3879.8
820.968506,3898.4
821.087097,3913.2
821.205627,3886.8
821.324158,3879.4
821.442749,3852.4
821.561279,3877.6
821.679871,3828.2
821.798401,3886.8
821.916931,3865.8
822.035461,3850.4
822.154053,3864.6
822.272583,3835.6
822.391174,3836.8
822.509583,3812.6
822.628174,3850.4
822.746704,3832.0
822.865234,3869.0
822.983765,3841.8
823.102295,3870.0
823.220825,3812.8
823.339294,3804.8
823.457825,3856.0
823.576355,3870.8
823.694824,3826.0
823.813354,3855.6
823.931885,3826.4
824.050354,3821.8
824.168884,3848.6
824.287354,3812.6
824.405823,3806.8
824.524353,3860.6
824.642822,3851.2
824.761353,3816.2
824.879822,3806.4
824.998291,3784.2
825.116699,3817.6
825.235291,3818.4
825.353699,3811.2
825.472168,3817.2
825.590637,3812.8
825.709106,3823.8
825.827576,3783.2
825.946045,3783.4
826.064453,3802.8
826.182983,3757.8
826.301392,3786.4
826.4198,3778.4
826.53833,3751.0
826.656738,3784.2
826.775208,3769.0
826.893677,3808.2
827.012024,3769.0
827.130493,3759.4
827.248962,3745.8
827.36731,3778.0
827.485779,3761.4
827.604248,3734.2
827.722595,3750.6
827.841064,3713.0
827.959412,3771.8
828.077942,3742.0
828.196289,3742.8
828.314636,3704.2
828.433105,3709.4
828.551514,3671.4
828.669861,3720.2
828.78833,3693.6
828.906677,3701.0
829.025085,3735.8
829.143433,3712.0
829.261841,3709.0
829.38031,3686.8
829.498657,3706.8
829.617004,3674.0
829.735413,3711.6
829.85376,3677.8
829.972107,3696.0
830.090515,3715.2
830.208862,3670.2
830.327209,3675.8
830.445557,3682.0
830.563904,3732.0
830.682312,3710.4
830.800659,3683.8
830.919006,3749.2
831.037354,3710.6
831.155701,3719.2
831.274048,3707.6
831.392395,3671.4
831.51062,3689.4
831.629028,3710.6
831.747314,3694.6
831.865662,3656.4
831.984009,3688.0
832.102356,3717.6
832.220642,3685.6
832.338928,3697.0
832.457275,3677.8
832.575623,3680.0
832.693909,3686.8
832.812134,3700.8
832.930481,3699.4
833.048828,3703.8
833.167114,3648.6
833.2854,3645.4
833.403687,3691.0
833.521973,3665.0
833.640259,3686.8
833.758545,3671.2
833.876831,3672.0
833.995056,3681.6
834.113281,3649.0
834.231628,3637.0
834.349915,3666.6
834.468201,3664.4
834.586426,3662.6
834.704651,3674.4
834.822998,3687.8
834.941162,3718.4
835.059448,3651.6
835.177673,3661.4
835.295959,3644.4
835.414246,3690.8
835.53241,3674.4
835.650635,3693.8
835.768921,3630.0
835.887146,3663.2
836.005371,3660.8
836.123596,3677.0
836.241821,3670.8
836.360046,3672.0
836.478271,3642.8
836.596497,3645.2
836.714722,3619.8
836.832886,3630.0
836.95105,3640.4
837.069336,3647.0
837.1875,3636.4
837.305725,3642.2
837.423889,3628.6
837.542053,3654.4
837.660339,3607.0
837.778503,3669.0
837.896667,3616.6
838.014832,3633.0
838.132996,3605.6
838.25116,3620.2
838.369385,3625.4
838.487488,3629.4
838.605713,3604.6
838.723877,3640.4
838.84198,3648.4
838.960205,3626.2
839.078308,3626.4
839.196472,3629.8
839.314636,3633.8
839.4328,3623.2
839.550964,3638.0
839.669067,3632.8
839.787231,3612.4
839.905396,3645.8
840.023499,3610.6
840.141602,3627.6
840.259766,3610.0
840.377869,3627.2
840.495972,3615.0
840.614136,3580.0
840.732239,3617.2
840.850342,3571.0
840.968445,3569.2
841.086548,3603.0
841.204651,3585.2
841.322754,3604.0
841.440918,3569.0
841.55896,3575.6
841.677002,3587.2
841.795166,3563.4
841.913208,3589.0
842.031311,3613.2
842.149353,3577.0
842.267456,3576.2
842.385498,3613.4
842.503601,3607.0
842.621643,3592.2
842.739746,3596.8
842.857788,3588.8
842.97583,3574.4
843.093933,3557.4
843.211975,3613.6
843.330017,3601.8
843.44812,3594.4
843.566101,3584.8
843.684204,3592.4
843.802246,3551.4
843.920227,3597.6
844.038269,3615.2
844.156311,3595.0
844.274292,3576.0
844.392395,3583.2
844.510376,3606.0
844.628357,3581.2
844.74646,3581.0
844.864441,3601.4
844.982422,3566.8
845.100403,3628.6
845.218384,3567.4
845.336426,3553.4
845.454468,3597.2
845.572449,3584.6
845.69043,3604.8
845.808411,3592.8
845.926453,3563.2
846.044373,3585.8
846.162354,3560.0
846.280396,3539.6
846.398315,3552.2
846.516296,3596.0
846.634216,3542.6
846.752197,3570.8
846.870178,3598.4
846.988098,3581.8
847.106079,3572.0
847.22406,3584.0
847.34198,3539.0
847.4599,3617.0
847.577881,3582.6
847.695801,3574.4
847.813782,3590.2
847.931641,3591.2
848.049561,3593.0
848.167603,3567.2
848.285461,3601.0
848.403381,3610.2
848.521362,3607.6
848.639221,3626.8
848.75708,3604.6
848.875,3577.6
848.99292,3589.8
849.110901,3608.0
849.22876,3601.0
849.34668,3585.0
849.464539,3587.6
849.582458,3598.2
849.700317,3564.4
849.818176,3582.0
849.936096,3565.8
850.053955,3589.0
850.171875,3571.2
850.289673,3573.4
850.407593,3561.2
850.525452,3567.2
850.643311,3591.4
850.761169,3561.0
850.878967,3602.2
850.996887,3574.2
851.114746,3583.0
851.232544,3577.2
851.350403,3583.2
851.468262,3598.6
851.58606,3550.0
851.703979,3566.2
851.821777,3568.6
851.939636,3556.8
852.057434,3583.4
852.175232,3609.4
852.293091,3606.0
852.410889,3631.8
852.528687,3661.4
852.646545,3614.4
852.764343,3613.0
852.88208,3618.2
852.999939,3597.8
853.117676,3568.6
853.235535,3571.8
853.353271,3580.8
853.471069,3553.6
853.588928,3532.0
853.706604,3547.6
853.824402,3546.0
853.9422,3566.2
854.059998,3546.8
854.177734,3551.6
854.295532,3593.8
854.413269,3589.6
854.531006,3575.4
854.648804,3567.2
854.766541,3583.2
854.884277,3583.0
855.002014,3623.8
855.119751,3592.8
855.237549,3625.6
855.355225,3614.8
855.473022,3639.0
855.590698,3605.2
855.708435,3614.8
855.826172,3582.4
855.943848,3599.6
856.061646,3599.4
856.179321,3583.4
856.296997,3581.6
856.414795,3589.6
856.53241,3580.2
856.650085,3639.6
856.767822,3579.8
856.885559,3591.8
857.003174,3557.8
857.120911,3548.0
857.238586,3566.8
857.356201,3578.6
857.473938,3544.2
857.591614,3576.6
857.709351,3545.6
857.826965,3558.0
857.944641,3546.8
858.062317,3552.2
858.179993,3557.8
858.297668,3549.0
858.415283,3527.4
858.532959,3572.2
858.650574,3555.6
858.768188,3537.4
858.885803,3535.2
859.003479,3547.6
859.121094,3538.8
859.23877,3588.6
859.356384,3567.0
859.473999,3545.8
859.591675,3569.2
859.709229,3534.4
859.826843,3557.8
859.944458,3533.4
860.062012,3525.6
860.179626,3532.4
860.297302,3550.4
860.414856,3544.4
860.532471,3513.6
860.650024,3537.2
860.767639,3536.8
860.885193,3510.6
861.002808,3523.6
861.120361,3528.4
861.237976,3545.2
861.35553,3531.2
861.473022,3536.2
861.590698,3516.4
861.708191,3528.4
861.825745,3506.2
861.943298,3501.2
862.060852,3478.2
862.178406,3515.4
862.295959,3475.0
862.413513,3478.4
862.531006,3473.8
862.64856,3483.0
862.766113,3440.4
862.883667,3457.0
863.00116,3463.0
863.118713,3479.8
863.236206,3482.4
863.353699,3467.0
863.471252,3495.0
863.588745,3482.8
863.706177,3529.4
863.82373,3476.6
863.941162,3467.4
864.058716,3469.2
864.176208,3465.6
864.29364,3467.0
864.411194,3478.8
864.528687,3464.4
864.646118,3515.4
864.763611,3470.6
864.881042,3471.0
864.998535,3485.6
865.116028,3488.0
865.233459,3477.8
865.350891,3446.8
865.468384,3520.0
865.585754,3500.8
865.703308,3467.2
865.820679,3507.2
865.938171,3495.6
866.055542,3492.4
866.173035,3494.4
866.290466,3497.2
866.407837,3515.4
866.52533,3527.8
866.6427,3522.2
866.760071,3494.2
866.877563,3513.6
866.994934,3492.6
867.112305,3492.6
867.229736,3470.4
867.347107,3496.2
867.464539,3464.0
867.58197,3482.6
867.699341,3501.2
867.81665,3492.0
867.934082,3483.0
868.051453,3496.6
868.168823,3457.2
868.286194,3480.8
868.403564,3477.0
868.520935,3498.8
868.638306,3508.0
868.755676,3480.6
868.872986,3504.4
868.990295,3497.6
869.107727,3494.2
869.225037,3491.2
869.342346,3469.6
869.459717,3487.2
869.577026,3499.4
869.694336,3479.6
869.811707,3502.6
869.929016,3485.8
870.046326,3461.8
870.163635,3476.8
870.280945,3495.2
870.398254,3490.2
870.515564,3495.6
870.632812,3447.2
870.750183,3516.0
870.867432,3475.8
870.984741,3491.4
871.102051,3464.2
871.219299,3468.2
871.336609,3490.8
871.453918,3491.0
871.571106,3487.2
871.688416,3478.4
871.805664,3492.8
871.922852,3490.2
872.040222,3471.2
872.157471,3532.2
872.274719,3500.2
872.391968,3477.0
872.509155,3473.2
872.626465,3486.0
872.743652,3483.2
872.860962,3492.8
872.978149,3498.8
873.095337,3495.0
873.212646,3499.2
873.329834,3481.6
873.44696,3491.6
873.564209,3457.0
873.681396,3474.0
873.798645,3491.8
873.915894,3459.4
874.03302,3480.6
874.150208,3486.0
874.267456,3461.0
874.384583,3447.0
874.501831,3449.2
874.618958,3481.4
874.736145,3435.0
874.853333,3474.8
874.970459,3470.6
875.087646,3443.0
875.204834,3481.0
875.32196,3459.0
875.439148,3463.6
875.556274,3459.2
875.673401,3486.8
875.790527,3491.8
875.907715,3487.2
876.024841,3446.6
876.141968,3478.8
876.259094,3455.8
876.376282,3449.8
876.493347,3455.8
876.610474,3470.4
876.7276,3465.4
876.844727,3470.8
876.961853,3465.2
877.078918,3458.2
877.195984,3504.8
877.313171,3486.0
877.430237,3501.8
877.547302,3501.2
877.664368,3487.4
877.781433,3453.4
877.898499,3493.6
878.015625,3471.0
878.13269,3445.8
878.249695,3474.8
878.366821,3436.6
878.483887,3469.8
878.600952,3412.2
878.717957,3466.4
878.834961,3466.0
878.952087,3483.0
879.069092,3454.4
879.186157,3495.6
879.303162,3448.4
879.420227,3429.8
879.537231,3435.8
879.654236,3435.4
879.77124,3436.8
879.888306,3416.2
880.005249,3400.6
880.122314,3388.4
880.239319,3414.2
880.356323,3437.0
880.473328,3376.8
880.590271,3413.0
880.707275,3413.2
880.824341,3434.8
880.941284,3412.6
881.058228,3408.8
881.175232,3428.8
881.292236,3433.8
881.40918,3422.4
881.526123,3419.8
881.643066,3415.2
881.760071,3445.0
881.877014,3449.8
881.993958,3431.6
882.11084,3451.2
882.227783,3430.4
882.344727,3404.8
882.46167,3395.2
882.578613,3396.8
882.695618,3405.6
882.812439,3390.2
882.929382,3376.2
883.046326,3431.0
883.163208,3436.2
883.280151,3464.0
883.397034,3392.6
883.513916,3397.4
883.630798,3531.0
883.747742,3441.8
883.864563,3459.6
883.981506,3449.4
884.098389,3426.4
884.21521,3467.0
884.332153,3439.2
884.448975,3438.0
884.565796,3425.6
884.682678,3438.6
884.7995,3460.8
884.916443,3471.2
885.033264,3443.6
885.150085,3449.0
885.266968,3486.4
885.383789,3447.2
885.500671,3500.4
885.617493,3485.6
885.734314,3505.4
885.851196,3492.4
885.967896,3479.2
886.084717,3500.8
886.201599,3508.4
886.318359,3480.0
886.435181,3481.2
886.552002,3480.4
886.668762,3485.6
886.785645,3486.2
886.902344,3478.4
887.019165,3417.0
887.135925,3449.2
887.252747,3446.4
887.369446,3462.2
887.486267,3445.0
887.603027,3429.4
887.719788,3438.8
887.836548,3437.4
887.953247,3434.2
888.070068,3390.0
888.186829,3456.4
888.303528,3425.4
888.420288,3418.2
888.536987,3390.6
888.653687,3395.8
888.770447,3430.8
888.887146,3380.4
889.003967,3413.0
889.120667,3402.8
889.237305,3388.2
889.354065,3397.8
889.470703,3381.2
889.587463,3401.4
889.704163,3401.2
889.820862,3369.2
889.937561,3403.6
890.054199,3376.2
890.170837,3400.4
890.287598,3379.4
890.404236,3390.0
890.520874,3418.2
890.637634,3392.8
890.754211,3368.6
890.87085,3397.4
890.987549,3405.2
891.104187,3395.4
891.220886,3382.6
891.337463,3417.6
891.454102,3393.6
891.57074,3395.2
891.687378,3361.0
891.804077,3405.6
891.920654,3357.2
892.037231,3360.6
892.15387,3359.4
892.270447,3360.6
892.387085,3352.8
892.503723,3359.8
892.6203,3380.6
892.736877,3365.2
892.853516,3376.2
892.970032,3410.4
893.08667,3371.4
893.203186,3361.4
893.319763,3378.8
893.43634,3381.4
893.552917,3386.4
893.669556,3424.6
893.786011,3391.8
893.902588,3378.4
894.019165,3398.6
894.135681,3397.6
894.252197,3372.4
894.368835,3396.8
894.485291,3381.2
894.601868,3383.2
894.718384,3407.2
894.8349,3405.0
894.951355,3373.2
895.067932,3372.2
895.184448,3401.4
895.300964,3390.8
895.417419,3399.4
895.533936,3404.8
895.650452,3389.0
895.766907,3399.8
895.883423,3424.8
895.999878,3415.0
896.116333,3368.6
896.232849,3415.6
896.349304,3405.6
896.465759,3404.6
896.582214,3406.6
896.698669,3397.2
896.815125,3346.4
896.931641,3403.8
897.048035,3348.0
897.164551,3395.6
897.280884,3415.4
897.397339,3410.8
897.513794,3404.6
897.630249,3438.6
897.746582,3416.0
897.863098,3390.4
897.979431,3414.6
898.095886,3390.8
898.212341,3387.2
898.328674,3427.2
898.445129,3432.0
898.561462,3383.2
898.677795,3414.4
898.794312,3407.6
898.910645,3355.2
899.026978,3378.6
899.143433,3406.0
899.259766,3392.4
899.37616,3372.6
899.492493,3381.0
899.608765,3380.0
899.725159,3400.2
899.841553,3381.4
899.957947,3440.8
900.07428,3398.0
900.190552,3411.6
900.306946,3362.0
900.423157,3426.8
900.53949,3413.2
900.655884,3394.6
900.772156,3400.4
900.888489,3432.6
901.004822,3400.0
901.121033,3358.4
901.237366,3407.2
901.353699,3394.8
901.46991,3395.2
901.586304,3419.4
901.702515,3377.2
901.818787,3404.2
901.93512,3402.2
902.051331,3425.6
902.167603,3405.4
902.283875,3473.6
902.400085,3394.6
902.516418,3405.6
902.632629,3404.8
902.74884,3427.2
902.865112,3435.6
902.981384,3408.2
903.097595,3422.6
903.213867,3460.4
903.330017,3409.0
903.446289,3417.0
903.5625,3422.2
903.67865,3408.2
903.794922,3448.8
903.911072,3384.4
904.027344,3423.0
904.143494,3399.8
904.259705,3397.0
904.375916,3352.8
904.492065,3382.0
904.608215,3368.0
904.724426,3388.0
904.840576,3352.8
904.956726,3379.0
905.072876,3382.2
905.189087,3342.0
905.305176,3382.6
905.421387,3390.0
905.537537,3396.2
905.653687,3397.4
905.769775,3396.0
905.885925,3407.4
906.002014,3405.6
906.118164,3372.2
906.234314,3391.8
906.350403,3362.6
906.466492,3343.6
906.582642,3391.0
906.69873,3362.6
906.814758,3375.4
906.930908,3350.8
907.046936,3344.8
907.163086,3353.6
907.279175,3368.6
907.395264,3369.2
907.511353,3372.2
907.62738,3357.2
907.743408,3380.8
907.859497,3392.0
907.975525,3373.6
908.091553,3358.8
908.207703,3366.0
908.32373,3381.2
908.439758,3380.4
908.555786,3368.8
908.671814,3352.8
908.787842,3337.2
908.90387,3369.8
909.019775,3316.0
909.135864,3338.0
909.251892,3380.8
909.367859,3352.8
909.483826,3345.4
909.599854,3375.2
909.715881,3347.8
909.831848,3382.2
909.947815,3347.4
910.063782,3354.0
910.179749,3341.0
910.295776,3346.6
910.411743,3378.2
910.527649,3377.8
910.643616,3372.2
910.759583,3355.6
910.875488,3380.2
910.991455,3342.2
911.107361,3348.0
911.223267,3332.0
911.339294,3350.6
911.4552,3359.4
911.571106,3346.4
911.687073,3384.6
911.802979,3339.4
911.918823,3337.6
912.034729,3349.6
912.150635,3325.2
912.266602,3313.4
912.382446,3316.0
912.498352,3331.2
912.614197,3304.4
912.730103,3338.8
912.846008,3327.2
792.44574,5534.4
792.56488,5470.6
792.68396,5409.0
792.80304,5380.4
792.92218,5283.6
793.041199,5230.8
793.160339,5183.2
793.279419,5197.4
793.398499,5132.6
793.517578,5051.8
793.636658,5009.0
793.755737,4980.8
793.874817,4917.2
793.993896,4928.0
794.112976,4879.4
794.232056,4795.8
794.351074,4813.0
794.470215,4759.2
794.589233,4717.6
794.708313,4712.6
794.827393,4679.6
794.946411,4678.6
795.065552,4653.4
795.18457,4609.0
795.303589,4648.0
795.422668,4588.0
795.541687,4537.6
795.660767,4585.6
795.779846,4453.0
795.898865,4464.2
796.017883,4473.2
796.136963,4402.8
796.255981,4444.0
796.375061,4370.4
796.49408,4371.8
796.613037,4354.8
796.732117,4345.6
796.851135,4355.2
796.970154,4284.4
797.089233,4276.6
797.208191,4265.0
797.327271,4289.0
797.446228,4262.2
797.565186,4279.0
797.684265,4276.8
797.803223,4227.8
797.922241,4216.6
798.04126,4208.8
798.160278,4200.0
798.279297,4196.8
798.398315,4193.0
798.517273,4156.0
798.636292,4117.6
798.75531,4174.6
798.874268,4146.6
798.993286,4161.2
799.112244,4124.6
799.231323,4154.2
799.350281,4134.2
799.469238,4133.8
799.588257,4133.0
799.707153,4110.6
799.826111,4093.2
799.945129,4116.4
800.064087,4099.0
800.183044,4097.6
800.302063,4077.4
800.421021,4063.8
800.539978,4090.2
800.658936,4053.6
800.777893,4061.8
800.896912,4026.2
801.015747,4030.8
801.134705,4033.2
801.253723,4012.2
801.37262,3994.2
801.491638,4038.4
801.610535,4035.2
801.729492,4034.2
801.84845,4003.4
801.967407,4016.0
802.086243,4000.6
802.205261,3988.6
802.324158,3987.4
802.443115,3983.4
802.562073,3994.6
802.680969,3991.2
802.799927,3965.2
802.918762,3963.4
803.037659,3972.2
803.156677,3950.4
803.275574,3981.6
803.39447,3944.4
803.513428,3946.2
803.632263,3943.8
803.751221,3904.0
803.870117,3968.0
803.989014,3961.2
804.107971,3956.4
804.226746,3942.0
804.345642,3951.8
804.4646,3912.2
804.583496,3909.4
804.702393,3925.2
804.821228,3924.0
804.940125,3914.6
805.059021,3865.4
805.177917,3905.2
805.296814,3925.8
805.415649,3974.0
805.534546,3973.4
805.653442,3924.8
805.772278,3941.6
805.891113,3965.6
806.01001,3941.4
806.128906,3944.8
806.247742,3912.0
806.366577,3914.2
806.485413,3914.0
806.604309,3902.4
806.723145,3860.4
806.84198,3919.6
806.960876,3909.8
807.079712,3896.6
807.198486,3903.6
807.317383,3912.8
807.436218,3872.4
807.554993,3903.6
807.673889,3902.4
807.792725,3858.2
807.91156,3849.6
808.030396,3852.2
808.14917,3843.6
808.268005,3864.4
808.386841,3873.8
808.505676,3874.0
808.624451,3859.6
808.743286,3820.6
808.862122,3844.4
808.980896,3828.6
809.099731,3814.8
809.218506,3831.2
809.337341,3852.2
809.456116,3841.0
809.57489,3841.8
809.693726,3842.2
809.8125,3830.6
809.931274,3785.8
810.050049,3824.8
810.168884,3802.0
810.287659,3808.0
810.406372,3823.2
810.525269,3840.2
810.643982,3807.2
810.762756,3801.0
810.881531,3803.0
811.000305,3797.6
811.11908,3787.8
811.237854,3783.4
811.356567,3800.4
811.475403,3783.6
811.594116,3791.6
811.71283,3812.6
811.831604,3774.8
811.950378,3810.2
812.069153,3759.8
812.187927,3818.6
812.30658,3774.2
812.425415,3785.4
812.544128,3749.0
812.662781,3776.6
812.781616,3754.8
812.900269,3784.4
813.019043,3774.6
813.137756,3770.6
813.256531,3764.4
813.375244,3759.4
813.493896,3727.8
813.612671,3743.8
813.731384,3746.4
813.850037,3694.0
813.96875,3723.8
814.087524,3724.4
814.206238,3711.0
814.324951,3745.0
814.443604,3710.2
814.562256,3695.8
814.68103,3733.2
814.799683,3724.6
814.918335,3712.8
815.037109,3710.8
815.155762,3718.2
815.274475,3693.0
815.393188,3694.0
815.511841,3732.0
815.630554,3690.0
815.749146,3692.8
815.867859,3700.2
815.986572,3727.2
816.105164,3678.2
816.223877,3702.0
816.342529,3679.6
816.461182,3708.2
816.579895,3704.4
816.698486,3721.8
816.817139,3722.2
816.935791,3732.2
817.054504,3714.4
817.173096,3675.0
817.291748,3675.4
817.4104,3753.8
817.529053,3656.8
817.647644,3733.0
817.766235,3681.2
817.884949,3655.0
818.00354,3675.0
818.122192,3679.8
818.240845,3654.2
818.359436,3669.8
818.478088,3677.4
818.59668,3665.2
818.715271,3649.4
818.833923,3674.6
818.952515,3635.0
819.071106,3666.8
819.189758,3682.8
819.30835,3668.6
819.426941,3629.0
819.545532,3655.2
819.664124,3650.2
819.782715,3650.8
819.901306,3644.2
820.019897,3632.8
820.138489,3627.0
820.25708,3662.6
820.375671,3685.2
820.494202,3658.6
820.612732,3644.2
820.731384,3647.8
820.849915,3599.4
820.968506,3628.8
821.087097,3588.8
821.205627,3609.0
821.324158,3572.4
821.442749,3567.8
821.561279,3589.4
821.679871,3581.0
821.798401,3624.0
821.916931,3596.4
822.035461,3574.8
822.154053,3600.0
822.272583,3568.8
822.391174,3549.6
822.509583,3561.6
822.628174,3570.4
822.746704,3563.8
822.865234,3580.4
822.983765,3593.0
823.102295,3579.0
823.220825,3541.6
823.339294,3556.2
823.457825,3558.6
823.576355,3524.8
823.694824,3537.8
823.813354,3539.4
823.931885,3559.6
824.050354,3551.4
824.168884,3529.6
824.287354,3531.8
824.405823,3529.4
824.524353,3548.8
824.642822,3568.8
824.761353,3532.0
824.879822,3555.2
824.998291,3512.0
825.116699,3516.8
825.235291,3549.0
825.353699,3518.4
825.472168,3506.8
825.590637,3527.6
825.709106,3538.4
825.827576,3509.8
825.946045,3482.6
826.064453,3498.0
826.182983,3502.6
826.301392,3497.4
826.4198,3505.4
826.53833,3511.0
826.656738,3487.8
826.775208,3462.0
826.893677,3524.8
827.012024,3504.2
827.130493,3512.8
827.248962,3489.0
827.36731,3494.6
827.485779,3490.2
827.604248,3496.4
827.722595,3469.8
827.841064,3463.8
827.959412,3459.4
828.077942,3473.2
828.196289,3481.6
828.314636,3474.0
828.433105,3446.8
828.551514,3442.2
828.669861,3629.4
828.78833,3474.2
828.906677,3428.6
829.025085,3424.2
829.143433,3453.6
829.261841,3460.2
829.38031,3453.8
829.498657,3412.4
829.617004,3441.6
829.735413,3435.2
829.85376,3404.2
829.972107,3419.8
830.090515,3426.8
830.208862,3417.2
830.327209,3412.6
830.445557,3397.2
830.563904,3420.8
830.682312,3474.8
830.800659,3420.4
830.919006,3460.2
831.037354,3465.4
831.155701,3476.8
831.274048,3435.6
831.392395,3463.6
831.51062,3448.8
831.629028,3418.0
831.747314,3463.4
831.865662,3424.4
831.984009,3425.2
832.102356,3420.8
832.220642,3435.8
832.338928,3432.0
832.457275,3452.8
832.575623,3405.6
832.693909,3405.8
832.812134,3454.2
832.930481,3413.8
833.048828,3402.2
833.167114,3427.8
833.2854,3396.4
833.403687,3435.4
833.521973,3416.2
833.640259,3381.4
833.758545,3424.2
833.876831,3392.8
833.995056,3417.6
834.113281,3408.4
834.231628,3430.0
834.349915,3408.8
834.468201,3401.2
834.586426,3419.4
834.704651,3427.6
834.822998,3410.2
834.941162,3450.2
835.059448,3401.8
835.177673,3460.4
835.295959,3446.4
835.414246,3420.4
835.53241,3380.6
835.650635,3413.8
835.768921,3388.6
835.887146,3393.6
836.005371,3422.4
836.123596,3403.8
836.241821,3411.4
836.360046,3405.0
836.478271,3372.4
836.596497,3370.8
836.714722,3363.6
836.832886,3377.0
836.95105,3376.8
837.069336,3417.2
837.1875,3389.2
837.305725,3383.4
837.423889,3385.0
837.542053,3398.8
837.660339,3358.6
837.778503,3398.0
837.896667,3401.0
838.014832,3364.6
838.132996,3358.6
838.25116,3387.2
838.369385,3386.0
838.487488,3404.6
838.605713,3382.6
838.723877,3423.6
838.84198,3416.0
838.960205,3329.4
839.078308,3393.4
839.196472,3388.6
839.314636,3400.0
839.4328,3401.0
839.550964,3390.4
839.669067,3384.4
839.787231,3380.2
839.905396,3383.2
840.023499,3377.2
840.141602,3410.2
840.259766,3395.2
840.377869,3355.6
840.495972,3392.2
840.614136,3353.8
840.732239,3344.0
840.850342,3332.2
840.968445,3343.4
841.086548,3363.2
841.204651,3366.2
841.322754,3360.6
841.440918,3360.6
841.55896,3378.2
841.677002,3384.6
841.795166,3360.2
841.913208,3412.0
842.031311,3371.4
842.149353,3398.2
842.267456,3386.8
842.385498,3397.4
842.503601,3336.6
842.621643,3338.6
842.739746,3350.0
842.857788,3361.8
842.97583,3359.6
843.093933,3385.4
843.211975,3425.6
843.330017,3398.4
843.44812,3409.4
843.566101,3368.4
843.684204,3375.4
843.802246,3373.8
843.920227,3403.6
844.038269,3405.8
844.156311,3396.8
844.274292,3363.6
844.392395,3370.8
844.510376,3358.2
844.628357,3389.6
844.74646,3351.0
844.864441,3353.8
844.982422,3383.2
845.100403,3379.4
845.218384,3380.4
845.336426,3335.8
845.454468,3367.4
845.572449,3377.0
845.69043,3374.4
845.808411,3363.6
845.926453,3354.0
846.044373,3353.8
846.162354,3344.8
846.280396,3365.6
846.398315,3371.2
846.516296,3373.2
846.634216,3357.6
846.752197,3368.6
846.870178,3390.4
846.988098,3351.8
847.106079,3360.4
847.22406,3387.6
847.34198,3391.0
847.4599,3407.0
847.577881,3404.8
847.695801,3409.0
847.813782,3395.2
847.931641,3396.4
848.049561,3405.6
848.167603,3359.0
848.285461,3372.0
848.403381,3373.8
848.521362,3426.2
848.639221,3404.8
848.75708,3401.4
848.875,3387.6
848.99292,3413.6
849.110901,3418.2
849.22876,3397.8
849.34668,3374.6
849.464539,3386.8
849.582458,3368.4
849.700317,3342.8
849.818176,3329.2
849.936096,3330.0
850.053955,3382.4
850.171875,3340.4
850.289673,3305.2
850.407593,3295.0
850.525452,3354.8
850.643311,3349.4
850.761169,3330.4
850.878967,3335.4
850.996887,3334.2
851.114746,3356.4
851.232544,3357.8
851.350403,3348.0
851.468262,3380.6
851.58606,3350.8
851.703979,3344.4
851.821777,3340.2
851.939636,3349.8
852.057434,3373.6
852.175232,3414.6
852.293091,3406.8
852.410889,3462.4
852.528687,3464.8
852.646545,3407.8
852.764343,3379.2
852.88208,3388.2
852.999939,3384.6
853.117676,3353.4
853.235535,3355.6
853.353271,3334.2
853.471069,3339.2
853.588928,3326.8
853.706604,3315.4
853.824402,3366.6
853.9422,3359.6
854.059998,3349.4
854.177734,3340.8
854.295532,3309.6
854.413269,3363.6
854.531006,3347.2
854.648804,3365.0
854.766541,3368.0
854.884277,3353.0
855.002014,3389.2
855.119751,3372.6
855.237549,3387.6
855.355225,3406.4
855.473022,3406.6
855.590698,3377.4
855.708435,3379.4
855.826172,3354.6
855.943848,3411.2
856.061646,3382.2
856.179321,3340.0
856.296997,3361.0
856.414795,3413.4
856.53241,3376.8
856.650085,3401.4
856.767822,3364.0
856.885559,3409.2
857.003174,3362.2
857.120911,3355.4
857.238586,3371.2
857.356201,3369.2
857.473938,3333.0
857.591614,3335.0
857.709351,3376.6
857.826965,3368.8
857.944641,3333.6
858.062317,3352.2
858.179993,3364.6
858.297668,3334.6
858.415283,3351.0
858.532959,3341.2
858.650574,3358.2
858.768188,3329.0
858.885803,3350.2
859.003479,3324.6
859.121094,3334.4
859.23877,3326.4
859.356384,3359.8
859.473999,3348.6
859.591675,3323.8
859.709229,3355.8
859.826843,3340.0
859.944458,3309.6
860.062012,3338.0
860.179626,3313.2
860.297302,3340.4
860.414856,3304.6
860.532471,3301.8
860.650024,3331.8
860.767639,3309.8
860.885193,3328.4
861.002808,3317.4
861.120361,3355.8
861.237976,3309.6
861.35553,3338.2
861.473022,3326.4
861.590698,3328.2
861.708191,3316.0
861.825745,3319.6
861.943298,3300.2
862.060852,3319.0
862.178406,3289.8
862.295959,3260.6
862.413513,3263.0
862.531006,3244.8
862.64856,3263.0
862.766113,3258.8
862.883667,3268.6
863.00116,3270.0
863.118713,3259.0
863.236206,3267.2
863.353699,3233.8
863.471252,3278.6
863.588745,3289.8
863.706177,3282.8
863.82373,3286.6
863.941162,3285.6
864.058716,3260.8
864.176208,3268.6
864.29364,3270.2
864.411194,3312.6
864.528687,3274.0
864.646118,3298.8
864.763611,3261.8
864.881042,3265.4
864.998535,3272.4
865.116028,3275.8
865.233459,3265.6
865.350891,3225.0
865.468384,3279.4
865.585754,3268.4
865.703308,3242.8
865.820679,3297.8
865.938171,3312.6
866.055542,3265.8
866.173035,3258.8
866.290466,3299.0
866.407837,3294.8
866.52533,3287.8
866.6427,3289.2
866.760071,3296.2
866.877563,3270.8
866.994934,3274.0
867.112305,3277.8
867.229736,3265.8
867.347107,3275.6
867.464539,3273.2
867.58197,3287.6
867.699341,3280.8
867.81665,3247.2
867.934082,3272.0
868.051453,3282.4
868.168823,3289.6
868.286194,3280.2
868.403564,3292.4
868.520935,3299.8
868.638306,3281.2
868.755676,3290.4
868.872986,3281.2
868.990295,3286.2
869.107727,3348.6
869.225037,3283.8
869.342346,3300.4
869.459717,3312.6
869.577026,3303.4
869.694336,3296.0
869.811707,3277.0
869.929016,3321.0
870.046326,3297.8
870.163635,3305.4
870.280945,3335.8
870.398254,3303.8
870.515564,3306.8
870.632812,3296.4
870.750183,3303.4
870.867432,3304.4
870.984741,3307.4
871.102051,3318.2
871.219299,3320.4
871.336609,3319.0
871.453918,3314.2
871.571106,3306.2
871.688416,3324.2
871.805664,3310.8
871.922852,3286.2
872.040222,3286.8
872.157471,3356.8
872.274719,3305.8
872.391968,3313.2
872.509155,3303.2
872.626465,3320.6
872.743652,3301.6
872.860962,3300.6
872.978149,3274.2
873.095337,3294.4
873.212646,3302.6
873.329834,3300.0
873.44696,3283.8
873.564209,3275.6
873.681396,3320.6
873.798645,3303.8
873.915894,3255.4
874.03302,3283.2
874.150208,3297.6
874.267456,3273.4
874.384583,3275.2
874.501831,3247.6
874.618958,3311.8
874.736145,3320.8
874.853333,3287.8
874.970459,3310.8
875.087646,3318.2
875.204834,3321.2
875.32196,3323.4
875.439148,3305.4
875.556274,3314.8
875.673401,3332.8
875.790527,3300.2
875.907715,3316.4
876.024841,3293.0
876.141968,3338.0
876.259094,3316.2
876.376282,3291.4
876.493347,3310.8
876.610474,3286.6
876.7276,3291.0
876.844727,3299.4
876.961853,3303.6
877.078918,3323.0
877.195984,3319.6
877.313171,3331.8
877.430237,3335.6
877.547302,3299.6
877.664368,3325.2
877.781433,3308.8
877.898499,3279.0
878.015625,3289.4
878.13269,3292.4
878.249695,3314.2
878.366821,3274.4
878.483887,3272.8
878.600952,3265.4
878.717957,3256.0
878.834961,3284.8
878.952087,3275.2
879.069092,3273.2
879.186157,3261.8
879.303162,3256.6
879.420227,3245.2
879.537231,3262.2
879.654236,3229.8
879.77124,3242.0
879.888306,3228.2
880.005249,3218.4
880.122314,3194.6
880.239319,3221.8
880.356323,3227.6
880.473328,3192.2
880.590271,3213.6
880.707275,3250.8
880.824341,3227.0
880.941284,3240.4
881.058228,3224.8
881.175232,3225.8
881.292236,3238.6
881.40918,3262.0
881.526123,3265.0
881.643066,3220.4
881.760071,3258.8
881.877014,3251.6
881.993958,3241.6
882.11084,3205.4
882.227783,3245.0
882.344727,3210.0
882.46167,3245.0
882.578613,3199.6
882.695618,3240.8
882.812439,3223.0
882.929382,3207.0
883.046326,3252.4
883.163208,3244.6
883.280151,3213.2
883.397034,3245.2
883.513916,3241.0
883.630798,3259.0
883.747742,3251.4
883.864563,3257.6
883.981506,3298.2
884.098389,3250.8
884.21521,3248.2
884.332153,3249.4
884.448975,3228.4
884.565796,3270.8
884.682678,3265.4
884.7995,3240.8
884.916443,3297.4
885.033264,3314.0
885.150085,3270.4
885.266968,3295.0
885.383789,3316.0
885.500671,3345.8
885.617493,3348.2
885.734314,3354.2
885.851196,3354.2
885.967896,3350.6
886.084717,3352.0
886.201599,3331.8
886.318359,3360.8
886.435181,3336.8
886.552002,3316.8
886.668762,3309.8
886.785645,3346.6
886.902344,3345.8
887.019165,3326.8
887.135925,3314.4
887.252747,3299.4
887.369446,3302.2
887.486267,3277.4
887.603027,3249.0
887.719788,3252.2
887.836548,3252.6
887.953247,3250.6
888.070068,3226.4
888.186829,3228.8
888.303528,3220.2
888.420288,3231.2
888.536987,3203.2
888.653687,3216.2
888.770447,3190.2
888.887146,3177.6
889.003967,3240.4
889.120667,3214.8
889.237305,3204.6
889.354065,3193.4
889.470703,3172.6
889.587463,3203.2
889.704163,3221.6
889.820862,3177.4
889.937561,3202.4
890.054199,3184.2
890.170837,3190.2
890.287598,3200.8
890.404236,3158.8
890.520874,3192.8
890.637634,3181.2
890.754211,3198.6
890.87085,3234.4
890.987549,3195.0
891.104187,3189.0
891.220886,3187.8
891.337463,3191.8
891.454102,3183.2
891.57074,3232.2
891.687378,3180.0
891.804077,3216.8
891.920654,3180.0
892.037231,3185.6
892.15387,3195.8
892.270447,3175.4
892.387085,3207.8
892.503723,3191.8
892.6203,3171.6
892.736877,3173.2
892.853516,3176.2
892.970032,3202.8
893.08667,3181.2
893.203186,3213.8
893.319763,3191.2
893.43634,3180.0
893.552917,3195.8
893.669556,3236.4
893.786011,3208.2
893.902588,3208.2
894.019165,3223.0
894.135681,3174.2
894.252197,3224.2
894.368835,3229.0
894.485291,3242.0
894.601868,3214.0
894.718384,3224.8
894.8349,3215.2
894.951355,3202.4
895.067932,3206.8
895.184448,3205.6
895.300964,3212.6
895.417419,3220.6
895.533936,3226.8
895.650452,3224.8
895.766907,3260.6
895.883423,3242.6
895.999878,3207.0
896.116333,3211.8
896.232849,3208.6
896.349304,3210.0
896.465759,3217.6
896.582214,3208.2
896.698669,3194.2
896.815125,3214.4
896.931641,3210.0
897.048035,3185.6
897.164551,3205.0
897.280884,3198.8
897.397339,3186.6
897.513794,3212.2
897.630249,3221.2
897.746582,3222.8
897.863098,3215.4
897.979431,3261.6
898.095886,3225.6
898.212341,3238.8
898.328674,3253.8
898.445129,3267.8
898.561462,3187.6
898.677795,3203.8
898.794312,3222.8
898.910645,3214.6
899.026978,3205.6
899.143433,3233.0
899.259766,3218.2
899.37616,3202.8
899.492493,3256.8
899.608765,3232.8
899.725159,3239.4
899.841553,3197.6
899.957947,3223.2
900.07428,3227.6
900.190552,3272.0
900.306946,3237.2
900.423157,3263.2
900.53949,3230.8
900.655884,3247.2
900.772156,3248.8
900.888489,3278.0
901.004822,3257.6
901.121033,3254.4
901.237366,3241.6
901.353699,3254.0
901.46991,3275.4
901.586304,3276.0
901.702515,3281.2
901.818787,3275.2
901.93512,3256.6
902.051331,3290.8
902.167603,3293.2
902.283875,3305.4
902.400085,3283.0
902.516418,3311.2
902.632629,3304.4
902.74884,3293.2
902.865112,3282.6
902.981384,3295.0
903.097595,3283.8
903.213867,3313.4
903.330017,3305.0
903.446289,3317.0
903.5625,3285.4
903.67865,3297.4
903.794922,3300.8
903.911072,3261.8
904.027344,3272.2
904.143494,3282.2
904.259705,3291.0
904.375916,3241.8
904.492065,3255.8
904.608215,3270.4
904.724426,3220.2
904.840576,3231.6
904.956726,3242.8
905.072876,3267.0
905.189087,3228.4
905.305176,3230.2
905.421387,3233.8
905.537537,3239.4
905.653687,3233.4
905.769775,3242.6
905.885925,3268.4
906.002014,3250.2
906.118164,3232.4
906.234314,3208.4
906.350403,3224.4
906.466492,3209.8
906.582642,3206.4
906.69873,3226.0
906.814758,3210.0
906.930908,3210.6
907.046936,3197.8
907.163086,3194.6
907.279175,3205.6
907.395264,3230.2
907.511353,3212.2
907.62738,3197.8
907.743408,3228.4
907.859497,3215.0
907.975525,3249.8
908.091553,3211.0
908.207703,3224.0
908.32373,3203.8
908.439758,3245.8
908.555786,3226.6
908.671814,3225.2
908.787842,3199.8
908.90387,3182.4
909.019775,3190.4
909.135864,3174.8
909.251892,3167.8
909.367859,3221.0
909.483826,3207.6
909.599854,3195.4
909.715881,3208.0
909.831848,3164.4
909.947815,3177.4
910.063782,3166.0
910.179749,3186.6
910.295776,3143.6
910.411743,3206.0
910.527649,3188.6
910.643616,3245.2
910.759583,3216.2
910.875488,3217.6
910.991455,3207.4
911.107361,3220.0
911.223267,3191.4
911.339294,3207.4
911.4552,3184.6
911.571106,3200.2
911.687073,3190.6
911.802979,3195.6
911.918823,3183.2
912.034729,3184.2
912.150635,3196.8
912.266602,3183.4
912.382446,3167.2
912.498352,3164.8
912.614197,3173.0
912.730103,3158.2
912.846008,3154.0
792.44574,5557.6
792.56488,5465.0
792.68396,5500.2
792.80304,5443.2
792.92218,5397.6
793.041199,5313.2
793.160339,5381.8
793.279419,5332.6
793.398499,5290.4
793.517578,5270.8
793.636658,5246.4
793.755737,5221.0
793.874817,5179.6
793.993896,5139.4
794.112976,5151.0
794.232056,5120.2
794.351074,5098.8
794.470215,5084.0
794.589233,5077.2
794.708313,5073.8
794.827393,5050.0
794.946411,4985.8
795.065552,5001.4
795.18457,4968.4
795.303589,4996.8
795.422668,4965.8
795.541687,4994.6
795.660767,4964.6
795.779846,4907.4
795.898865,4899.6
796.017883,4924.6
796.136963,4876.8
796.255981,4904.4
796.375061,4875.0
796.49408,4864.8
796.613037,4891.4
796.732117,4843.4
796.851135,4832.0
796.970154,4805.8
797.089233,4763.0
797.208191,4797.4
797.327271,4784.0
797.446228,4776.8
797.565186,4786.6
797.684265,4793.2
797.803223,4792.0
797.922241,4730.6
798.04126,4745.4
798.160278,4754.2
798.279297,4747.6
798.398315,4749.6
798.517273,4712.4
798.636292,4752.6
798.75531,4713.8
798.874268,4714.6
798.993286,4722.0
799.112244,4683.2
799.231323,4722.6
799.350281,4680.2
799.469238,4733.2
799.588257,4683.2
799.707153,4716.0
799.826111,4673.2
799.945129,4674.4
800.064087,4714.4
800.183044,4698.4
800.302063,4665.2
800.421021,4697.6
800.539978,4656.0
800.658936,4670.2
800.777893,4657.8
800.896912,4657.4
801.015747,4649.2
801.134705,4632.8
801.253723,4627.4
801.37262,4632.4
801.491638,4594.4
801.610535,4632.6
801.729492,4595.4
801.84845,4592.4
801.967407,4634.8
802.086243,4635.0
802.205261,4590.8
802.324158,4617.8
802.443115,4602.8
802.562073,4579.0
802.680969,4644.8
802.799927,4588.0
802.918762,4613.6
803.037659,4607.6
803.156677,4635.0
803.275574,4648.2
803.39447,4658.8
803.513428,4584.0
803.632263,4573.4
803.751221,4609.0
803.870117,4629.2
803.989014,4597.6
804.107971,4593.8
804.226746,4614.4
804.345642,4636.2
804.4646,4608.6
804.583496,4590.0
804.702393,4580.4
804.821228,4573.0
804.940125,4612.2
805.059021,4590.6
805.177917,4646.6
805.296814,4663.8
805.415649,4629.8
805.534546,4653.0
805.653442,4620.2
805.772278,4696.6
805.891113,4659.0
806.01001,4654.4
806.128906,4647.4
806.247742,4620.0
806.366577,4587.0
806.485413,4616.2
806.604309,4597.6
806.723145,4597.4
806.84198,4646.0
806.960876,4586.8
807.079712,4587.6
807.198486,4603.8
807.317383,4598.0
807.436218,4596.0
807.554993,4593.4
807.673889,4601.6
807.792725,4567.6
807.91156,4610.4
808.030396,4604.6
808.14917,4620.2
808.268005,4581.4
808.386841,4578.8
808.505676,4571.8
808.624451,4590.6
808.743286,4601.8
808.862122,4553.8
808.980896,4582.8
809.099731,4552.2
809.218506,4563.8
809.337341,4584.8
809.456116,4565.4
809.57489,4569.6
809.693726,4543.6
809.8125,4595.8
809.931274,4564.2
810.050049,4550.4
810.168884,4559.2
810.287659,4588.6
810.406372,4513.6
810.525269,4522.2
810.643982,4557.8
810.762756,4501.2
810.881531,4497.2
811.000305,4516.2
811.11908,4478.6
811.237854,4506.8
811.356567,4489.8
811.475403,4482.8
811.594116,4471.2
811.71283,4525.8
811.831604,4497.2
811.950378,4488.2
812.069153,4511.4
812.187927,4531.0
812.30658,4537.2
812.425415,4472.4
812.544128,4477.2
812.662781,4504.6
812.781616,4481.4
812.900269,4474.2
813.019043,4502.4
813.137756,4459.4
813.256531,4510.6
813.375244,4477.6
813.493896,4464.0
813.612671,4468.0
813.731384,4434.4
813.850037,4448.4
813.96875,4436.6
814.087524,4450.4
814.206238,4413.8
814.324951,4394.2
814.443604,4375.8
814.562256,4403.0
814.68103,4402.2
814.799683,4457.6
814.918335,4383.6
815.037109,4384.6
815.155762,4399.2
815.274475,4421.2
815.393188,4407.0
815.511841,4438.4
815.630554,4413.0
815.749146,4417.8
815.867859,4423.8
815.986572,4397.4
816.105164,4405.2
816.223877,4402.2
816.342529,4375.2
816.461182,4407.6
816.579895,4454.6
816.698486,4428.8
816.817139,4427.6
816.935791,4440.4
817.054504,4415.2
817.173096,4393.4
817.291748,4379.4
817.4104,4394.8
817.529053,4399.0
817.647644,4399.0
817.766235,4347.0
817.884949,4365.4
818.00354,4351.0
818.122192,4367.8
818.240845,4336.8
818.359436,4313.4
818.478088,4405.2
818.59668,4377.0
818.715271,4304.6
818.833923,4316.4
818.952515,4273.6
819.071106,4345.2
819.189758,4314.8
819.30835,4303.2
819.426941,4326.6
819.545532,4299.4
819.664124,4301.0
819.782715,4297.8
819.901306,4315.4
820.019897,4274.2
820.138489,4319.4
820.25708,4317.0
820.375671,4324.0
820.494202,4311.4
820.612732,4285.6
820.731384,4301.0
820.849915,4250.8
820.968506,4265.0
821.087097,4213.4
821.205627,4255.0
821.324158,4256.2
821.442749,4246.6
821.561279,4256.8
821.679871,4249.0
821.798401,4179.0
821.916931,4236.0
822.035461,4212.0
822.154053,4253.0
822.272583,4193.6
822.391174,4202.8
822.509583,4234.6
822.628174,4207.2
822.746704,4226.4
822.865234,4204.0
822.983765,4219.6
823.102295,4234.0
823.220825,4225.2
823.339294,4185.6
823.457825,4193.0
823.576355,4205.4
823.694824,4210.6
823.813354,4192.8
823.931885,4239.2
824.050354,4173.0
824.168884,4226.8
824.287354,4182.2
824.405823,4201.6
824.524353,4238.0
824.642822,4212.8
824.761353,4206.6
824.879822,4196.8
824.998291,4190.4
825.116699,4184.6
825.235291,4188.4
825.353699,4170.6
825.472168,4164.2
825.590637,4177.6
825.709106,4204.0
825.827576,4173.2
825.946045,4112.8
826.064453,4151.0
826.182983,4148.0
826.301392,4133.6
826.4198,4145.2
826.53833,4135.4
826.656738,4134.4
826.775208,4113.2
826.893677,4162.6
827.012024,4099.0
827.130493,4108.0
827.248962,4126.6
827.36731,4154.0
827.485779,4103.2
827.604248,4072.6
827.722595,4135.4
827.841064,4092.6
827.959412,4111.2
828.077942,4082.6
828.196289,4083.2
828.314636,4067.2
828.433105,4045.0
828.551514,4052.4
828.669861,4105.0
828.78833,4093.4
828.906677,4097.2
829.025085,4122.0
829.143433,4085.2
829.261841,4077.6
829.38031,4063.2
829.498657,4036.4
829.617004,4054.0
829.735413,4074.4
829.85376,4075.2
829.972107,4074.0
830.090515,4082.8
830.208862,4054.4
830.327209,4112.0
830.445557,4078.6
830.563904,4107.0
830.682312,4090.2
830.800659,4056.4
830.919006,4067.8
831.037354,4060.6
831.155701,4119.2
831.274048,4080.0
831.392395,4045.8
831.51062,4047.6
831.629028,4013.6
831.747314,4076.2
831.865662,4090.2
831.984009,4061.2
832.102356,4095.8
832.220642,4055.2
832.338928,4048.0
832.457275,4094.0
832.575623,4048.2
832.693909,4053.4
832.812134,4051.8
832.930481,4068.2
833.048828,4024.8
833.167114,4078.8
833.2854,4006.4
833.403687,4016.8
833.521973,4042.8
833.640259,4021.8
833.758545,4041.6
833.876831,4016.0
833.995056,4028.8
834.113281,4054.8
834.231628,4043.2
834.349915,4028.8
834.468201,4043.0
834.586426,4019.6
834.704651,4033.0
834.822998,4021.0
834.941162,4065.8
835.059448,4062.6
835.177673,4040.0
835.295959,4021.0
835.414246,4040.0
835.53241,4019.4
835.650635,4032.2
835.768921,4001.0
835.887146,4010.6
836.005371,4017.0
836.123596,4040.6
836.241821,4013.0
836.360046,4052.4
836.478271,4006.8
836.596497,4013.8
836.714722,3976.0
836.832886,4019.2
836.95105,3993.0
837.069336,3991.4
837.1875,4038.0
837.305725,4016.2
837.423889,4016.0
837.542053,3990.0
837.660339,3970.6
837.778503,3997.6
837.896667,4001.2
838.014832,4005.8
838.132996,3974.8
838.25116,3967.8
838.369385,3957.8
838.487488,3989.8
838.605713,3982.0
838.723877,3991.0
838.84198,3988.6
838.960205,3974.2
839.078308,3959.6
839.196472,3982.8
839.314636,3989.8
839.4328,4002.6
839.550964,3991.2
839.669067,3945.0
839.787231,3970.0
839.905396,3954.0
840.023499,3940.6
840.141602,3943.6
840.259766,3989.2
840.377869,3957.8
840.495972,3935.0
840.614136,3899.0
840.732239,3924.0
840.850342,3928.8
840.968445,3900.8
841.086548,3895.8
841.204651,3898.4
841.322754,3911.0
841.440918,3897.8
841.55896,3928.8
841.677002,3935.2
841.795166,3957.6
841.913208,3919.6
842.031311,3935.2
842.149353,3933.6
842.267456,3902.2
842.385498,3928.4
842.503601,3944.6
842.621643,3911.4
842.739746,3917.0
842.857788,3923.4
842.97583,3906.4
843.093933,3920.2
843.211975,3946.8
843.330017,3945.4
843.44812,3901.4
843.566101,3905.2
843.684204,3922.6
843.802246,3946.2
843.920227,3948.8
844.038269,3953.0
844.156311,3923.4
844.274292,3911.6
844.392395,3943.4
844.510376,3960.0
844.628357,3903.6
844.74646,3897.8
844.864441,3902.6
844.982422,3916.8
845.100403,3916.4
845.218384,3931.0
845.336426,3883.0
845.454468,3920.6
845.572449,3917.0
845.69043,3927.4
845.808411,3870.4
845.926453,3871.4
846.044373,3864.6
846.162354,3882.6
846.280396,3849.6
846.398315,3878.6
846.516296,3886.6
846.634216,3902.2
846.752197,3893.6
846.870178,3894.4
846.988098,3916.4
847.106079,3879.4
847.22406,3869.0
847.34198,3898.8
847.4599,3896.4
847.577881,3896.2
847.695801,3890.4
847.813782,3922.0
847.931641,3864.4
848.049561,3922.0
848.167603,3892.6
848.285461,3895.8
848.403381,3880.4
848.521362,3901.8
848.639221,3933.6
848.75708,3923.4
848.875,3914.8
848.99292,3902.4
849.110901,3955.0
849.22876,3898.2
849.34668,3911.6
849.464539,3918.0
849.582458,3899.4
849.700317,3892.2
849.818176,3902.0
849.936096,3878.6
850.053955,3881.6
850.171875,3858.6
850.289673,3861.2
850.407593,3882.4
850.525452,3854.6
850.643311,3856.2
850.761169,3837.6
850.878967,3905.0
850.996887,3903.0
851.114746,3827.2
851.232544,3904.2
851.350403,3881.6
851.468262,3876.6
851.58606,3838.2
851.703979,3864.2
851.821777,3882.6
851.939636,3853.2
852.057434,3874.8
852.175232,3884.6
852.293091,3877.6
852.410889,3952.8
852.528687,3937.2
852.646545,3898.8
852.764343,3896.8
852.88208,3899.0
852.999939,3867.2
853.117676,3842.0
853.235535,3903.4
853.353271,3857.4
853.471069,3883.0
853.588928,3853.8
853.706604,3884.0
853.824402,3893.2
853.9422,3917.8
854.059998,3864.8
854.177734,3859.2
854.295532,3887.2
854.413269,3877.6
854.531006,3881.2
854.648804,3894.8
854.766541,3919.0
854.884277,3915.0
855.002014,3902.0
855.119751,3914.2
855.237549,3962.8
855.355225,3948.4
855.473022,3925.4
855.590698,3896.4
855.708435,3896.2
855.826172,3901.8
855.943848,3943.8
856.061646,3938.0
856.179321,3887.8
856.296997,3903.8
856.414795,3925.0
856.53241,3927.2
856.650085,3914.8
856.767822,3915.6
856.885559,3934.2
857.003174,3880.6
857.120911,3875.0
857.238586,3872.2
857.356201,3879.0
857.473938,3842.0
857.591614,3889.6
857.709351,3886.6
857.826965,3851.4
857.944641,3853.4
858.062317,3834.6
858.179993,3849.2
858.297668,3847.8
858.415283,3805.4
858.532959,3849.6
858.650574,3848.0
858.768188,3853.8
858.885803,3877.0
859.003479,3860.4
859.121094,3834.6
859.23877,3847.2
859.356384,3857.6
859.473999,3858.6
859.591675,3858.2
859.709229,3886.6
859.826843,3868.6
859.944458,3823.6
860.062012,3839.0
860.179626,3822.6
860.297302,3842.6
860.414856,3796.2
860.532471,3841.0
860.650024,3830.6
860.767639,3833.2
860.885193,3821.6
861.002808,3839.2
861.120361,3842.0
861.237976,3833.6
861.35553,3834.6
861.473022,3823.0
861.590698,3824.8
861.708191,3832.2
861.825745,3803.6
861.943298,3771.4
862.060852,3829.0
862.178406,3775.0
862.295959,3754.6
862.413513,3794.2
862.531006,3758.8
862.64856,3800.6
862.766113,3768.4
862.883667,3789.6
863.00116,3793.0
863.118713,3769.2
863.236206,3793.0
863.353699,3777.6
863.471252,3781.2
863.588745,3783.8
863.706177,3777.2
863.82373,3795.0
863.941162,3767.8
864.058716,3804.0
864.176208,3787.0
864.29364,3768.4
864.411194,3771.4
864.528687,3747.2
864.646118,3754.0
864.763611,3726.6
864.881042,3757.8
864.998535,3801.0
865.116028,3800.0
865.233459,3735.4
865.350891,3761.0
865.468384,3814.6
865.585754,3819.8
865.703308,3796.6
865.820679,3816.4
865.938171,3823.8
866.055542,3814.8
866.173035,3792.8
866.290466,3796.8
866.407837,3820.2
866.52533,3812.6
866.6427,3835.6
866.760071,3779.8
866.877563,3790.4
866.994934,3800.0
867.112305,3800.0
867.229736,3777.0
867.347107,3766.0
867.464539,3785.4
867.58197,3790.4
867.699341,3766.8
867.81665,3767.8
867.934082,3759.8
868.051453,3757.4
868.168823,3780.4
868.286194,3789.6
868.403564,3787.4
868.520935,3790.6
868.638306,3810.8
868.755676,3804.0
868.872986,3782.4
868.990295,3811.6
869.107727,3800.2
869.225037,3764.0
869.342346,3779.4
869.459717,3773.8
869.577026,3785.6
869.694336,3751.6
869.811707,3772.2
869.929016,3772.8
870.046326,3781.2
870.163635,3780.0
870.280945,3776.6
870.398254,3759.0
870.515564,3781.0
870.632812,3774.8
870.750183,3774.4
870.867432,3752.0
870.984741,3757.6
871.102051,3741.2
871.219299,3754.4
871.336609,3790.8
871.453918,3749.0
871.571106,3780.0
871.688416,3788.8
871.805664,3757.8
871.922852,3753.2
872.040222,3751.0
872.157471,3792.4
872.274719,3772.8
872.391968,3753.8
872.509155,3733.4
872.626465,3764.4
872.743652,3784.0
872.860962,3771.4
872.978149,3761.2
873.095337,3772.2
873.212646,3772.4
873.329834,3763.8
873.44696,3779.0
873.564209,3746.4
873.681396,3764.6
873.798645,3743.2
873.915894,3710.0
874.03302,3709.8
874.150208,3742.6
874.267456,3744.4
874.384583,3754.2
874.501831,3701.2
874.618958,3721.6
874.736145,3756.8
874.853333,3725.8
874.970459,3750.4
875.087646,3784.6
875.204834,3754.0
875.32196,3781.4
875.439148,3794.8
875.556274,3731.0
875.673401,3743.0
875.790527,3734.0
875.907715,3755.2
876.024841,3718.2
876.141968,3726.6
876.259094,3724.2
876.376282,3715.0
876.493347,3735.8
876.610474,3719.2
876.7276,3741.0
876.844727,3728.6
876.961853,3728.6
877.078918,3757.0
877.195984,3751.2
877.313171,3779.2
877.430237,3770.0
877.547302,3749.8
877.664368,3732.2
877.781433,3724.0
877.898499,3753.2
878.015625,3733.2
878.13269,3717.2
878.249695,3717.4
878.366821,3734.2
878.483887,3715.8
878.600952,3732.8
878.717957,3726.4
878.834961,3732.8
878.952087,3750.4
879.069092,3727.4
879.186157,3736.4
879.303162,3716.8
879.420227,3718.6
879.537231,3709.8
879.654236,3734.2
879.77124,3763.2
879.888306,3677.6
880.005249,3706.0
880.122314,3711.0
880.239319,3687.2
880.356323,3666.2
880.473328,3657.6
880.590271,3663.6
880.707275,3647.4
880.824341,3693.8
880.941284,3683.0
881.058228,3666.8
881.175232,3715.8
881.292236,3711.6
881.40918,3670.0
881.526123,3711.0
881.643066,3707.6
881.760071,3728.2
881.877014,3728.0
881.993958,3687.0
882.11084,3671.2
882.227783,3719.0
882.344727,3668.2
882.46167,3620.8
882.578613,3665.0
882.695618,3639.2
882.812439,3639.0
882.929382,3661.4
883.046326,3676.2
883.163208,3649.0
883.280151,3673.4
883.397034,3686.8
883.513916,3701.6
883.630798,3680.0
883.747742,3688.6
883.864563,3689.4
883.981506,3706.6
884.098389,3714.2
884.21521,3693.0
884.332153,3689.4
884.448975,3642.6
884.565796,3699.4
884.682678,3694.0
884.7995,3701.4
884.916443,3659.0
885.033264,3709.4
885.150085,3749.0
885.266968,3702.8
885.383789,3691.8
885.500671,3711.2
885.617493,3707.4
885.734314,3745.0
885.851196,3752.4
885.967896,3739.2
886.084717,3721.4
886.201599,3731.4
886.318359,3733.4
886.435181,3702.0
886.552002,3719.2
886.668762,3717.2
886.785645,3724.2
886.902344,3712.0
887.019165,3692.8
887.135925,3715.4
887.252747,3698.8
887.369446,3696.4
887.486267,3685.0
887.603027,3667.6
887.719788,3667.4
887.836548,3687.6
887.953247,3670.6
888.070068,3655.8
888.186829,3682.0
888.303528,3660.6
888.420288,3661.6
888.536987,3659.0
888.653687,3707.4
888.770447,3654.4
888.887146,3669.0
889.003967,3704.4
889.120667,3659.6
889.237305,3683.0
889.354065,3675.8
889.470703,3653.8
889.587463,3620.6
889.704163,3679.4
889.820862,3650.2
889.937561,3635.4
890.054199,3644.2
890.170837,3621.0
890.287598,3660.8
890.404236,3624.0
890.520874,3634.2
890.637634,3631.0
890.754211,3637.2
890.87085,3631.6
890.987549,3660.0
891.104187,3651.2
891.220886,3673.2
891.337463,3651.4
891.454102,3657.6
891.57074,3640.8
891.687378,3615.8
891.804077,3641.6
891.920654,3602.2
892.037231,3602.2
892.15387,3606.6
892.270447,3591.2
892.387085,3638.8
892.503723,3622.6
892.6203,3614.8
892.736877,3587.0
892.853516,3623.2
892.970032,3634.2
893.08667,3620.0
893.203186,3623.4
893.319763,3618.6
893.43634,3612.4
893.552917,3641.0
893.669556,3638.4
893.786011,3652.2
893.902588,3637.8
894.019165,3636.6
894.135681,3626.2
894.252197,3593.4
894.368835,3641.4
894.485291,3610.6
894.601868,3637.2
894.718384,3651.2
894.8349,3646.6
894.951355,3618.0
895.067932,3614.4
895.184448,3649.8
895.300964,3683.2
895.417419,3669.6
895.533936,3643.0
895.650452,3630.4
895.766907,3649.4
895.883423,3664.6
895.999878,3660.6
896.116333,3672.2
896.232849,3644.2
896.349304,3594.4
896.465759,3626.8
896.582214,3607.2
896.698669,3610.8
896.815125,3642.2
896.931641,3592.4
897.048035,3589.4
897.164551,3633.8
897.280884,3621.2
897.397339,3604.4
897.513794,3661.8
897.630249,3675.2
897.746582,3675.0
897.863098,3669.6
897.979431,3663.8
898.095886,3649.0
898.212341,3623.8
898.328674,3621.6
898.445129,3628.6
898.561462,3624.2
898.677795,3627.8
898.794312,3627.4
898.910645,3598.6
899.026978,3595.2
899.143433,3574.6
899.259766,3615.0
899.37616,3590.4
899.492493,3615.6
899.608765,3582.6
899.725159,3602.2
899.841553,3606.8
899.957947,3602.4
900.07428,3623.4
900.190552,3627.6
900.306946,3626.4
900.423157,3628.4
900.53949,3619.6
900.655884,3610.6
900.772156,3623.0
900.888489,3630.6
901.004822,3612.6
901.121033,3598.6
901.237366,3593.0
901.353699,3632.6
901.46991,3636.6
901.586304,3587.2
901.702515,3617.2
901.818787,3588.2
901.93512,3627.8
902.051331,3601.6
902.167603,3622.8
902.283875,3626.8
902.400085,3593.6
902.516418,3613.4
902.632629,3584.8
902.74884,3600.0
902.865112,3635.4
902.981384,3610.4
903.097595,3647.2
903.213867,3650.0
903.330017,3651.4
903.446289,3649.4
903.5625,3629.4
903.67865,3648.8
903.794922,3662.6
903.911072,3609.2
904.027344,3613.4
904.143494,3578.8
904.259705,3618.6
904.375916,3601.6
904.492065,3582.2
904.608215,3574.4
904.724426,3584.8
904.840576,3589.2
904.956726,3621.8
905.072876,3593.2
905.189087,3599.6
905.305176,3639.2
905.421387,3590.0
905.537537,3634.0
905.653687,3600.2
905.769775,3610.2
905.885925,3646.6
906.002014,3646.6
906.118164,3601.6
906.234314,3597.8
906.350403,3578.6
906.466492,3573.0
906.582642,3580.2
906.69873,3607.8
906.814758,3593.4
906.930908,3553.8
907.046936,3570.8
907.163086,3580.0
907.279175,3599.0
907.395264,3584.6
907.511353,3565.0
907.62738,3584.4
907.743408,3577.0
907.859497,3590.6
907.975525,3572.0
908.091553,3585.2
908.207703,3576.2
908.32373,3565.8
908.439758,3607.4
908.555786,3569.2
908.671814,3587.4
908.787842,3541.4
908.90387,3573.2
909.019775,3578.8
909.135864,3555.2
909.251892,3571.8
909.367859,3544.4
909.483826,3586.4
909.599854,3537.2
909.715881,3539.8
909.831848,3542.0
909.947815,3534.6
910.063782,3546.0
910.179749,3522.2
910.295776,3502.0
910.411743,3581.0
910.527649,3542.0
910.643616,3550.8
910.759583,3543.2
910.875488,3606.2
910.991455,3565.0
911.107361,3558.2
911.223267,3557.4
911.339294,3568.8
911.4552,3567.4
911.571106,3529.8
911.687073,3532.4
911.802979,3534.0
911.918823,3508.0
912.034729,3503.6
912.150635,3524.2
912.266602,3516.4
912.382446,3539.0
912.498352,3499.8
912.614197,3511.0
912.730103,3525.6
912.846008,3505.6
792.44574,5736.0
792.56488,5611.6
792.68396,5602.2
792.80304,5536.8
792.92218,5382.8
793.041199,5364.4
793.160339,5354.8
793.279419,5309.6
793.398499,5250.0
793.517578,5172.6
793.636658,5127.0
793.755737,5104.0
793.874817,5006.2
793.993896,5002.2
794.112976,4940.6
794.232056,4920.0
794.351074,4891.6
794.470215,4850.6
794.589233,4793.4
794.708313,4792.8
794.827393,4780.6
794.946411,4730.0
795.065552,4686.2
795.18457,4667.4
795.303589,4707.6
795.422668,4644.0
795.541687,4620.4
795.660767,4622.4
795.779846,4569.8
795.898865,4515.4
796.017883,4500.6
796.136963,4493.0
796.255981,4463.8
796.375061,4461.2
796.49408,4408.2
796.613037,4420.6
796.732117,4400.0
796.851135,4374.4
796.970154,4339.4
797.089233,4357.8
797.208191,4322.0
797.327271,4315.0
797.446228,4282.0
797.565186,4307.4
797.684265,4294.4
797.803223,4279.8
797.922241,4217.8
798.04126,4256.0
798.160278,4240.6
798.279297,4223.4
798.398315,4221.2
798.517273,4187.6
798.636292,4164.6
798.75531,4238.4
798.874268,4176.8
798.993286,4192.0
799.112244,4151.2
799.231323,4164.4
799.350281,4148.6
799.469238,4147.6
799.588257,4127.0
799.707153,4092.4
799.826111,4141.0
799.945129,4143.8
800.064087,4121.8
800.183044,4105.6
800.302063,4130.6
800.421021,4118.4
800.539978,4078.4
800.658936,4066.8
800.777893,4090.8
800.896912,4058.8
801.015747,4023.2
801.134705,4042.2
801.253723,4048.6
801.37262,4030.8
801.491638,3995.0
801.610535,4048.2
801.729492,4043.0
801.84845,3991.2
801.967407,4001.0
802.086243,4013.6
802.205261,4013.4
802.324158,3982.0
802.443115,4008.8
802.562073,3982.2
802.680969,3981.0
802.799927,4000.6
802.918762,3975.8
803.037659,3984.2
803.156677,4007.4
803.275574,3956.2
803.39447,4008.4
803.513428,3965.0
803.632263,3950.4
803.751221,3928.2
803.870117,3959.0
803.989014,3944.2
804.107971,3950.4
804.226746,3954.4
804.345642,3966.6
804.4646,3956.8
804.583496,3923.6
804.702393,3963.2
804.821228,3945.8
804.940125,3913.0
805.059021,3941.4
805.177917,3947.2
805.296814,3955.4
805.415649,3954.0
805.534546,3940.4
805.653442,3947.2
805.772278,3970.8
805.891113,3957.6
806.01001,3961.2
806.128906,3964.6
806.247742,3936.0
806.366577,3920.2
806.485413,3922.6
806.604309,3892.4
806.723145,3931.4
806.84198,3957.6
806.960876,3921.0
807.079712,3872.8
807.198486,3909.2
807.317383,3880.4
807.436218,3884.6
807.554993,3906.4
807.673889,3870.2
807.792725,3863.4
807.91156,3847.6
808.030396,3889.6
808.14917,3900.8
808.268005,3853.0
808.386841,3882.2
808.505676,3890.0
808.624451,3868.8
808.743286,3860.8
808.862122,3876.6
808.980896,3859.4
809.099731,3856.8
809.218506,3841.8
809.337341,3846.2
809.456116,3870.2
809.57489,3882.8
809.693726,3840.4
809.8125,3867.0
809.931274,3844.0
810.050049,3857.8
810.168884,3818.2
810.287659,3843.8
810.406372,3844.2
810.525269,3808.4
810.643982,3796.0
810.762756,3819.0
810.881531,3784.0
811.000305,3828.6
811.11908,3780.2
811.237854,3809.8
811.356567,3812.0
811.475403,3821.4
811.594116,3816.6
811.71283,3810.0
811.831604,3806.2
811.950378,3842.2
812.069153,3816.2
812.187927,3812.0
812.30658,3821.6
812.425415,3787.2
812.544128,3794.0
812.662781,3811.0
812.781616,3770.6
812.900269,3798.0
813.019043,3773.8
813.137756,3769.2
813.256531,3775.8
813.375244,3793.4
813.493896,3786.2
813.612671,3797.2
813.731384,3769.2
813.850037,3743.8
813.96875,3764.2
814.087524,3770.6
814.206238,3746.2
814.324951,3726.6
814.443604,3746.8
814.562256,3726.4
814.68103,3742.4
814.799683,3731.0
814.918335,3725.8
815.037109,3736.2
815.155762,3730.0
815.274475,3723.8
815.393188,3724.6
815.511841,3760.8
815.630554,3730.6
815.749146,3730.8
815.867859,3674.0
815.986572,3742.4
816.105164,3731.6
816.223877,3694.4
816.342529,3685.8
816.461182,3714.4
816.579895,3730.8
816.698486,3740.6
816.817139,3738.4
816.935791,3733.0
817.054504,3721.8
817.173096,3685.0
817.291748,3712.6
817.4104,3732.2
817.529053,3699.4
817.647644,3701.4
817.766235,3677.2
817.884949,3696.6
818.00354,3675.8
818.122192,3682.2
818.240845,3664.4
818.359436,3656.6
818.478088,3696.2
818.59668,3657.2
818.715271,3646.6
818.833923,3655.4
818.952515,3635.8
819.071106,3674.2
819.189758,3643.4
819.30835,3654.6
819.426941,3647.8
819.545532,3639.0
819.664124,3664.2
819.782715,3661.6
819.901306,3626.2
820.019897,3627.0
820.138489,3658.8
820.25708,3654.6
820.375671,3623.4
820.494202,3649.0
820.612732,3652.8
820.731384,3618.0
820.849915,3631.0
820.968506,3608.4
821.087097,3586.0
821.205627,3574.0
821.324158,3577.8
821.442749,3584.6
821.561279,3595.6
821.679871,3572.8
821.798401,3560.6
821.916931,3585.6
822.035461,3588.4
822.154053,3596.4
822.272583,3535.0
822.391174,3536.2
822.509583,3561.6
822.628174,3576.8
822.746704,3581.4
822.865234,3547.4
822.983765,3546.8
823.102295,3553.2
823.220825,3560.4
823.339294,3562.0
823.457825,3559.8
823.576355,3564.0
823.694824,3522.6
823.813354,3550.0
823.931885,3566.0
824.050354,3553.0
824.168884,3560.8
824.287354,3538.8
824.405823,3544.0
824.524353,3558.8
824.642822,3532.4
824.761353,3551.2
824.879822,3546.8
824.998291,3531.0
825.116699,3521.0
825.235291,3532.6
825.353699,3533.4
825.472168,3492.2
825.590637,3490.6
825.709106,3544.0
825.827576,3499.4
825.946045,3481.2
826.064453,3531.6
826.182983,3494.0
826.301392,3476.0
826.4198,3488.0
826.53833,3509.4
826.656738,3479.4
826.775208,3479.0
826.893677,3515.4
827.012024,3462.6
827.130493,3485.4
827.248962,3485.6
827.36731,3468.4
827.485779,3463.2
827.604248,3485.2
827.722595,3486.0
827.841064,3465.0
827.959412,3464.2
828.077942,3465.4
828.196289,3407.0
828.314636,3439.4
828.433105,3453.0
828.551514,3441.8
828.669861,3452.4
828.78833,3443.4
828.906677,3431.8
829.025085,3463.6
829.143433,3465.0
829.261841,3426.0
829.38031,3421.6
829.498657,3457.0
829.617004,3452.2
829.735413,3478.0
829.85376,3439.6
829.972107,3437.6
830.090515,3412.8
830.208862,3421.0
830.327209,3442.2
830.445557,3417.8
830.563904,3440.6
830.682312,3437.2
830.800659,3462.6
830.919006,3436.2
831.037354,3443.6
831.155701,3453.0
831.274048,3453.4
831.392395,3417.6
831.51062,3455.8
831.629028,3397.0
831.747314,3446.2
831.865662,3447.8
831.984009,3427.4
832.102356,3461.4
832.220642,3395.0
832.338928,3440.0
832.457275,3430.2
832.575623,3430.0
832.693909,3379.0
832.812134,3462.8
832.930481,3412.0
833.048828,3402.6
833.167114,3408.6
833.2854,3410.6
833.403687,3400.0
833.521973,3419.2
833.640259,3415.6
833.758545,3418.2
833.876831,3389.4
833.995056,3406.0
834.113281,3418.6
834.231628,3422.4
834.349915,3410.0
834.468201,3389.0
834.586426,3408.6
834.704651,3410.0
834.822998,3394.4
834.941162,3427.4
835.059448,3413.6
835.177673,3440.4
835.295959,3423.8
835.414246,3411.0
835.53241,3445.8
835.650635,3400.6
835.768921,3373.6
835.887146,3381.4
836.005371,3387.6
836.123596,3397.8
836.241821,3380.8
836.360046,3407.8
836.478271,3378.0
836.596497,3351.0
836.714722,3349.4
836.832886,3367.8
836.95105,3355.8
837.069336,3366.2
837.1875,3393.8
837.305725,3350.8
837.423889,3387.0
837.542053,3381.8
837.660339,3346.4
837.778503,3379.8
837.896667,3355.0
838.014832,3378.8
838.132996,3373.0
838.25116,3368.8
838.369385,3372.6
838.487488,3378.8
838.605713,3349.0
838.723877,3395.4
838.84198,3384.4
838.960205,3379.0
839.078308,3369.0
839.196472,3356.2
839.314636,3381.6
839.4328,3390.6
839.550964,3387.6
839.669067,3369.8
839.787231,3387.4
839.905396,3415.2
840.023499,3374.4
840.141602,3389.8
840.259766,3373.2
840.377869,3372.8
840.495972,3379.0
840.614136,3375.2
840.732239,3396.4
840.850342,3369.6
840.968445,3355.8
841.086548,3327.2
841.204651,3366.6
841.322754,3367.8
841.440918,3371.2
841.55896,3383.8
841.677002,3372.0
841.795166,3399.6
841.913208,3369.6
842.031311,3378.4
842.149353,3360.6
842.267456,3381.0
842.385498,3398.0
842.503601,3346.6
842.621643,3362.4
842.739746,3349.8
842.857788,3391.8
842.97583,3341.8
843.093933,3368.4
843.211975,3391.4
843.330017,3408.2
843.44812,3399.0
843.566101,3392.6
843.684204,3391.6
843.802246,3361.2
843.920227,3361.6
844.038269,3430.6
844.156311,3345.8
844.274292,3370.8
844.392395,3375.2
844.510376,3399.2
844.628357,3372.0
844.74646,3359.6
844.864441,3358.0
844.982422,3385.6
845.100403,3410.4
845.218384,3386.8
845.336426,3343.8
845.454468,3376.8
845.572449,3371.0
845.69043,3385.0
845.808411,3364.8
845.926453,3366.6
846.044373,3374.4
846.162354,3341.6
846.280396,3348.6
846.398315,3363.4
846.516296,3350.0
846.634216,3350.6
846.752197,3361.0
846.870178,3386.6
846.988098,3374.4
847.106079,3391.6
847.22406,3369.2
847.34198,3405.8
847.4599,3410.4
847.577881,3364.4
847.695801,3381.0
847.813782,3380.6
847.931641,3419.6
848.049561,3421.0
848.167603,3367.6
848.285461,3366.6
848.403381,3403.6
848.521362,3382.8
848.639221,3395.6
848.75708,3392.8
848.875,3398.0
848.99292,3438.6
849.110901,3382.2
849.22876,3380.0
849.34668,3390.8
849.464539,3371.0
849.582458,3352.2
849.700317,3372.2
849.818176,3372.0
849.936096,3375.6
850.053955,3399.4
850.171875,3332.2
850.289673,3384.6
850.407593,3377.4
850.525452,3389.4
850.643311,3368.0
850.761169,3390.4
850.878967,3351.8
850.996887,3380.2
851.114746,3357.0
851.232544,3358.8
851.350403,3386.2
851.468262,3390.4
851.58606,3385.0
851.703979,3377.0
851.821777,3377.8
851.939636,3382.6
852.057434,3410.8
852.175232,3455.2
852.293091,3431.8
852.410889,3466.8
852.528687,3443.4
852.646545,3425.6
852.764343,3391.6
852.88208,3402.8
852.999939,3371.6
853.117676,3371.4
853.235535,3374.0
853.353271,3335.0
853.471069,3366.0
853.588928,3342.6
853.706604,3363.4
853.824402,3336.4
853.9422,3356.4
854.059998,3365.0
854.177734,3380.0
854.295532,3366.8
854.413269,3371.2
854.531006,3373.2
854.648804,3365.6
854.766541,3387.2
854.884277,3425.8
855.002014,3414.6
855.119751,3395.2
855.237549,3395.6
855.355225,3419.2
855.473022,3413.6
855.590698,3411.0
855.708435,3374.6
855.826172,3416.2
855.943848,3393.8
856.061646,3396.8
856.179321,3361.0
856.296997,3383.0
856.414795,3395.4
856.53241,3385.0
856.650085,3411.2
856.767822,3376.2
856.885559,3408.8
857.003174,3361.0
857.120911,3394.2
857.238586,3348.0
857.356201,3356.4
857.473938,3344.4
857.591614,3348.4
857.709351,3355.6
857.826965,3368.6
857.944641,3352.6
858.062317,3371.6
858.179993,3368.2
858.297668,3345.4
858.415283,3348.2
858.532959,3346.0
858.650574,3363.0
858.768188,3338.8
858.885803,3373.6
859.003479,3359.0
859.121094,3324.8
859.23877,3347.0
859.356384,3375.2
859.473999,3312.2
859.591675,3334.0
859.709229,3347.0
859.826843,3379.0
859.944458,3351.6
860.062012,3333.2
860.179626,3323.8
860.297302,3318.2
860.414856,3346.6
860.532471,3278.0
860.650024,3321.2
860.767639,3339.8
860.885193,3360.4
861.002808,3337.2
861.120361,3342.0
861.237976,3350.4
861.35553,3371.4
861.473022,3345.6
861.590698,3351.0
861.708191,3360.6
861.825745,3332.0
861.943298,3299.0
862.060852,3270.6
862.178406,3351.0
862.295959,3266.4
862.413513,3263.6
862.531006,3298.6
862.64856,3274.8
862.766113,3249.8
862.883667,3269.8
863.00116,3265.6
863.118713,3290.8
863.236206,3257.0
863.353699,3271.4
863.471252,3283.2
863.588745,3286.0
863.706177,3292.8
863.82373,3280.4
863.941162,3267.8
864.058716,3292.2
864.176208,3305.6
864.29364,3286.4
864.411194,3276.2
864.528687,3282.6
864.646118,3312.8
864.763611,3282.6
864.881042,3309.8
864.998535,3277.4
865.116028,3331.4
865.233459,3302.0
865.350891,3253.6
865.468384,3291.6
865.585754,3292.6
865.703308,3278.4
865.820679,3286.4
865.938171,3283.0
866.055542,3303.4
866.173035,3269.6
866.290466,3316.6
866.407837,3302.8
866.52533,3291.8
866.6427,3293.0
866.760071,3299.0
866.877563,3298.2
866.994934,3289.4
867.112305,3292.4
867.229736,3310.8
867.347107,3285.2
867.464539,3285.6
867.58197,3306.6
867.699341,3292.6
867.81665,3316.8
867.934082,3278.4
868.051453,3293.2
868.168823,3313.6
868.286194,3313.0
868.403564,3292.6
868.520935,3297.0
868.638306,3329.2
868.755676,3310.8
868.872986,3334.4
868.990295,3343.8
869.107727,3318.4
869.225037,3317.4
869.342346,3305.0
869.459717,3334.0
869.577026,3325.4
869.694336,3321.2
869.811707,3341.0
869.929016,3324.6
870.046326,3331.8
870.163635,3355.8
870.280945,3333.4
870.398254,3339.2
870.515564,3332.2
870.632812,3323.0
870.750183,3320.0
870.867432,3322.0
870.984741,3328.0
871.102051,3331.2
871.219299,3329.2
871.336609,3333.6
871.453918,3324.0
871.571106,3331.6
871.688416,3333.2
871.805664,3330.6
871.922852,3364.8
872.040222,3351.4
872.157471,3321.4
872.274719,3358.6
872.391968,3325.2
872.509155,3310.0
872.626465,3337.4
872.743652,3322.8
872.860962,3361.0
872.978149,3370.8
873.095337,3357.4
873.212646,3333.6
873.329834,3295.6
873.44696,3334.6
873.564209,3289.4
873.681396,3324.8
873.798645,3326.6
873.915894,3304.0
874.03302,3318.0
874.150208,3326.0
874.267456,3309.2
874.384583,3344.4
874.501831,3314.6
874.618958,3314.2
874.736145,3330.2
874.853333,3316.8
874.970459,3318.4
875.087646,3333.8
875.204834,3334.6
875.32196,3337.6
875.439148,3344.4
875.556274,3340.0
875.673401,3315.2
875.790527,3330.8
875.907715,3350.0
876.024841,3328.6
876.141968,3348.8
876.259094,3319.4
876.376282,3346.4
876.493347,3331.2
876.610474,3342.4
876.7276,3340.2
876.844727,3331.4
876.961853,3284.2
877.078918,3308.6
877.195984,3364.2
877.313171,3349.8
877.430237,3362.4
877.547302,3338.4
877.664368,3340.2
877.781433,3352.4
877.898499,3324.4
878.015625,3330.2
878.13269,3312.0
878.249695,3323.2
878.366821,3308.8
878.483887,3324.6
878.600952,3335.2
878.717957,3335.4
878.834961,3311.4
878.952087,3320.2
879.069092,3315.4
879.186157,3303.0
879.303162,3284.4
879.420227,3275.0
879.537231,3279.8
879.654236,3257.2
879.77124,3266.8
879.888306,3250.4
880.005249,3254.0
880.122314,3218.2
880.239319,3240.6
880.356323,3241.0
880.473328,3233.8
880.590271,3225.0
880.707275,3245.8
880.824341,3263.0
880.941284,3235.2
881.058228,3251.4
881.175232,3262.0
881.292236,3290.0
881.40918,3268.0
881.526123,3277.4
881.643066,3264.6
881.760071,3319.0
881.877014,3282.6
881.993958,3298.6
882.11084,3259.2
882.227783,3258.0
882.344727,3262.4
882.46167,3250.8
882.578613,3232.2
882.695618,3247.4
882.812439,3244.8
882.929382,3229.0
883.046326,3309.6
883.163208,3248.6
883.280151,3256.8
883.397034,3212.2
883.513916,3302.6
883.630798,3277.2
883.747742,3277.0
883.864563,3290.2
883.981506,3285.6
884.098389,3303.4
884.21521,3290.0
884.332153,3271.0
884.448975,3234.8
884.565796,3291.8
884.682678,3298.6
884.7995,3299.4
884.916443,3338.4
885.033264,3314.0
885.150085,3326.0
885.266968,3358.2
885.383789,3375.6
885.500671,3362.2
885.617493,3396.2
885.734314,3373.8
885.851196,3396.6
885.967896,3400.4
886.084717,3385.2
886.201599,3339.0
886.318359,3387.6
886.435181,3357.0
886.552002,3367.6
886.668762,3358.2
886.785645,3378.8
886.902344,3366.2
887.019165,3343.6
887.135925,3331.2
887.252747,3325.6
887.369446,3324.4
887.486267,3297.8
887.603027,3289.8
887.719788,3297.8
887.836548,3282.6
887.953247,3264.2
888.070068,3254.2
888.186829,3273.4
888.303528,3248.8
888.420288,3245.0
888.536987,3219.6
888.653687,3225.4
888.770447,3236.8
888.887146,3239.0
889.003967,3225.0
889.120667,3238.4
889.237305,3216.8
889.354065,3214.0
889.470703,3234.2
889.587463,3200.2
889.704163,3243.0
889.820862,3196.6
889.937561,3227.6
890.054199,3201.4
890.170837,3190.0
890.287598,3177.8
890.404236,3196.2
890.520874,3241.0
890.637634,3220.0
890.754211,3220.4
890.87085,3185.2
890.987549,3210.4
891.104187,3204.4
891.220886,3178.0
891.337463,3209.0
891.454102,3212.6
891.57074,3202.0
891.687378,3199.4
891.804077,3226.4
891.920654,3177.6
892.037231,3208.4
892.15387,3196.2
892.270447,3162.4
892.387085,3218.0
892.503723,3175.4
892.6203,3210.4
892.736877,3182.8
892.853516,3184.8
892.970032,3216.8
893.08667,3208.0
893.203186,3184.8
893.319763,3185.6
893.43634,3192.8
893.552917,3227.2
893.669556,3237.0
893.786011,3216.6
893.902588,3210.4
894.019165,3227.0
894.135681,3215.8
894.252197,3223.6
894.368835,3237.4
894.485291,3229.6
894.601868,3213.6
894.718384,3239.8
894.8349,3223.6
894.951355,3240.6
895.067932,3240.2
895.184448,3228.2
895.300964,3236.2
895.417419,3221.0
895.533936,3232.8
895.650452,3230.2
895.766907,3235.8
895.883423,3256.4
895.999878,3214.6
896.116333,3229.8
896.232849,3224.2
896.349304,3227.4
896.465759,3242.2
896.582214,3229.4
896.698669,3222.6
896.815125,3237.2
896.931641,3217.8
897.048035,3235.6
897.164551,3223.2
897.280884,3231.2
897.397339,3221.4
897.513794,3247.2
897.630249,3242.0
897.746582,3264.2
897.863098,3264.0
897.979431,3283.6
898.095886,3196.4
898.212341,3236.4
898.328674,3244.8
898.445129,3259.4
898.561462,3264.8
898.677795,3243.6
898.794312,3249.8
898.910645,3231.8
899.026978,3234.4
899.143433,3258.4
899.259766,3217.6
899.37616,3218.4
899.492493,3225.2
899.608765,3253.6
899.725159,3223.8
899.841553,3229.6
899.957947,3247.2
900.07428,3265.8
900.190552,3276.4
900.306946,3242.8
900.423157,3273.6
900.53949,3270.0
900.655884,3269.2
900.772156,3265.0
900.888489,3312.4
901.004822,3242.0
901.121033,3257.2
901.237366,3268.2
901.353699,3294.2
901.46991,3270.8
901.586304,3302.4
901.702515,3275.6
901.818787,3334.2
901.93512,3300.0
902.051331,3303.4
902.167603,3332.8
902.283875,3341.4
902.400085,3313.6
902.516418,3291.6
902.632629,3296.0
902.74884,3295.4
902.865112,3324.6
902.981384,3323.0
903.097595,3330.8
903.213867,3321.4
903.330017,3303.0
903.446289,3303.4
903.5625,3312.8
903.67865,3322.8
903.794922,3327.6
903.911072,3273.8
904.027344,3269.4
904.143494,3326.8
904.259705,3270.4
904.375916,3266.4
904.492065,3289.0
904.608215,3265.0
904.724426,3239.8
904.840576,3229.4
904.956726,3227.8
905.072876,3271.8
905.189087,3244.8
905.305176,3259.0
905.421387,3267.4
905.537537,3248.8
905.653687,3234.2
905.769775,3271.0
905.885925,3291.0
906.002014,3245.8
906.118164,3223.4
906.234314,3209.6
906.350403,3221.0
906.466492,3260.6
906.582642,3178.2
906.69873,3232.6
906.814758,3229.4
906.930908,3232.2
907.046936,3199.0
907.163086,3256.0
907.279175,3227.4
907.395264,3215.0
907.511353,3209.6
907.62738,3225.8
907.743408,3195.4
907.859497,3232.0
907.975525,3232.6
908.091553,3233.2
908.207703,3209.0
908.32373,3193.2
908.439758,3234.2
908.555786,3238.6
908.671814,3227.8
908.787842,3218.4
908.90387,3245.8
909.019775,3216.8
909.135864,3202.2
909.251892,3197.0
909.367859,3241.2
909.483826,3182.6
909.599854,3213.2
909.715881,3203.4
909.831848,3221.0
909.947815,3179.6
910.063782,3194.0
910.179749,3179.2
910.295776,3202.4
910.411743,3243.2
910.527649,3219.4
910.643616,3190.6
910.759583,3190.0
910.875488,3220.6
910.991455,3221.4
911.107361,3219.6
911.223267,3218.0
911.339294,3235.4
911.4552,3236.4
911.571106,3214.6
911.687073,3207.8
911.802979,3202.6
911.918823,3182.2
912.034729,3195.8
912.150635,3189.4
912.266602,3176.0
912.382446,3199.0
912.498352,3183.4
912.614197,3164.2
912.730103,3152.0
912.846008,3194.8
792.44574,5587.8
792.56488,5444.2
792.68396,5493.4
792.80304,5405.2
792.92218,5306.6
793.041199,5272.0
793.160339,5312.4
793.279419,5215.4
793.398499,5188.4
793.517578,5170.2
793.636658,5094.2
793.755737,5094.6
793.874817,5016.2
793.993896,4994.6
794.112976,4929.0
794.232056,4942.0
794.351074,4936.2
794.470215,4894.6
794.589233,4859.6
794.708313,4872.8
794.827393,4797.2
794.946411,4778.0
795.065552,4767.8
795.18457,4748.6
795.303589,4772.2
795.422668,4731.4
795.541687,4722.6
795.660767,4744.2
795.779846,4622.4
795.898865,4614.2
796.017883,4601.2
796.136963,4616.2
796.255981,4568.8
796.375061,4573.6
796.49408,4600.6
796.613037,4560.2
796.732117,4537.4
796.851135,4504.0
796.970154,4493.6
797.089233,4413.6
797.208191,4499.6
797.327271,4482.0
797.446228,4454.4
797.565186,4470.2
797.684265,4468.4
797.803223,4438.2
797.922241,4408.8
798.04126,4421.8
798.160278,4390.2
798.279297,4370.0
798.398315,4401.4
798.517273,4381.0
798.636292,4351.2
798.75531,4358.2
798.874268,4377.2
798.993286,4390.0
799.112244,4351.6
799.231323,4358.6
799.350281,4363.4
799.469238,4335.2
799.588257,4356.6
799.707153,4320.4
799.826111,4349.6
799.945129,4319.6
800.064087,4323.2
800.183044,4323.0
800.302063,4332.4
800.421021,4288.6
800.539978,4271.2
800.658936,4271.4
800.777893,4282.4
800.896912,4284.0
801.015747,4254.4
801.134705,4245.2
801.253723,4197.4
801.37262,4207.4
801.491638,4235.6
801.610535,4222.8
801.729492,4236.4
801.84845,4204.4
801.967407,4243.6
802.086243,4231.6
802.205261,4218.4
802.324158,4174.8
802.443115,4212.2
802.562073,4218.6
802.680969,4220.0
802.799927,4182.4
802.918762,4192.4
803.037659,4166.6
803.156677,4201.4
803.275574,4214.2
803.39447,4194.0
803.513428,4169.0
803.632263,4164.6
803.751221,4157.0
803.870117,4163.0
803.989014,4179.6
804.107971,4177.4
804.226746,4194.8
804.345642,4176.8
804.4646,4183.6
804.583496,4213.2
804.702393,4169.6
804.821228,4147.6
804.940125,4158.2
805.059021,4187.6
805.177917,4156.0
805.296814,4173.8
805.415649,4183.0
805.534546,4183.8
805.653442,4191.4
805.772278,4187.2
805.891113,4198.8
806.01001,4190.4
806.128906,4169.8
806.247742,4169.0
806.366577,4153.6
806.485413,4136.2
806.604309,4156.0
806.723145,4111.6
806.84198,4175.4
806.960876,4144.0
807.079712,4156.2
807.198486,4122.4
807.317383,4113.0
807.436218,4085.0
807.554993,4102.4
807.673889,4083.0
807.792725,4114.6
807.91156,4131.0
808.030396,4116.8
808.14917,4109.4
808.268005,4110.2
808.386841,4116.6
808.505676,4104.2
808.624451,4101.6
808.743286,4084.8
808.862122,4085.6
808.980896,4098.2
809.099731,4066.2
809.218506,4094.6
809.337341,4069.6
809.456116,4108.4
809.57489,4108.4
809.693726,4092.2
809.8125,4096.2
809.931274,4100.0
810.050049,4072.2
810.168884,4066.4
810.287659,4056.2
810.406372,4057.8
810.525269,4079.2
810.643982,4039.6
810.762756,4048.8
810.881531,4023.4
811.000305,4043.2
811.11908,4016.6
811.237854,4027.6
811.356567,4002.8
811.475403,4033.0
811.594116,4007.8
811.71283,4025.4
811.831604,4055.8
811.950378,4024.8
812.069153,4021.8
812.187927,4006.8
812.30658,4048.6
812.425415,4010.8
812.544128,4012.6
812.662781,3965.8
812.781616,3967.2
812.900269,3982.8
813.019043,3983.8
813.137756,3994.4
813.256531,4010.0
813.375244,3998.8
813.493896,3999.2
813.612671,3984.4
813.731384,3951.2
813.850037,3958.6
813.96875,3991.0
814.087524,3968.2
814.206238,3942.2
814.324951,3964.4
814.443604,3936.8
814.562256,3970.0
814.68103,3937.4
814.799683,3905.4
814.918335,3963.4
815.037109,3946.6
815.155762,3929.6
815.274475,3940.4
815.393188,3929.8
815.511841,3929.8
815.630554,3952.8
815.749146,3902.8
815.867859,3922.8
815.986572,3919.6
816.105164,3896.2
816.223877,3910.2
816.342529,3936.4
816.461182,3909.8
816.579895,3972.6
816.698486,3961.8
816.817139,3957.8
816.935791,3961.2
817.054504,3903.8
817.173096,3884.6
817.291748,3909.0
817.4104,3935.4
817.529053,3936.0
817.647644,3944.6
817.766235,3916.8
817.884949,3908.6
818.00354,3900.8
818.122192,3914.0
818.240845,3896.6
818.359436,3901.2
818.478088,3920.2
818.59668,3883.8
818.715271,3902.4
818.833923,3887.6
818.952515,3860.4
819.071106,3887.6
819.189758,3898.4
819.30835,3875.4
819.426941,3872.0
819.545532,3884.6
819.664124,3852.0
819.782715,3894.2
819.901306,3861.2
820.019897,3853.4
820.138489,3901.2
820.25708,3881.2
820.375671,3908.2
820.494202,3875.4
820.612732,3887.0
820.731384,3847.0
820.849915,3845.4
820.968506,3847.4
821.087097,3814.4
821.205627,3840.4
821.324158,3859.8
821.442749,3810.0
821.561279,3830.2
821.679871,3827.4
821.798401,3801.4
821.916931,3827.2
822.035461,3836.4
822.154053,3828.8
822.272583,3744.4
822.391174,3804.6
822.509583,3799.4
822.628174,3790.0
822.746704,3835.2
822.865234,3810.2
822.983765,3793.0
823.102295,3848.4
823.220825,3792.8
823.339294,3823.8
823.457825,3809.4
823.576355,3795.4
823.694824,3771.4
823.813354,3784.0
823.931885,3790.8
824.050354,3790.2
824.168884,3801.2
824.287354,3734.4
824.405823,3781.8
824.524353,3795.8
824.642822,3820.8
824.761353,3779.2
824.879822,3758.2
824.998291,3766.2
825.116699,3771.4
825.235291,3801.8
825.353699,3778.0
825.472168,3727.0
825.590637,3763.4
825.709106,3768.8
825.827576,3765.0
825.946045,3715.0
826.064453,3732.2
826.182983,3728.6
826.301392,3746.6
826.4198,3733.8
826.53833,3754.6
826.656738,3746.8
826.775208,3753.6
826.893677,3762.2
827.012024,3692.2
827.130493,3739.4
827.248962,3710.2
827.36731,3714.6
827.485779,3710.8
827.604248,3717.0
827.722595,3742.8
827.841064,3708.2
827.959412,3701.6
828.077942,3695.8
828.196289,3676.0
828.314636,3675.2
828.433105,3675.0
828.551514,3697.8
828.669861,3708.2
828.78833,3682.2
828.906677,3690.6
829.025085,3734.8
829.143433,3729.4
829.261841,3705.6
829.38031,3682.0
829.498657,3682.2
829.617004,3681.8
829.735413,3702.4
829.85376,3657.8
829.972107,3654.2
830.090515,3630.4
830.208862,3661.4
830.327209,3657.0
830.445557,3695.4
830.563904,3695.0
830.682312,3657.2
830.800659,3685.0
830.919006,3681.2
831.037354,3667.4
831.155701,3709.8
831.274048,3677.4
831.392395,3636.6
831.51062,3676.4
831.629028,3606.6
831.747314,3655.2
831.865662,3651.4
831.984009,3677.8
832.102356,3664.8
832.220642,3657.8
832.338928,3685.0
832.457275,3675.0
832.575623,3665.4
832.693909,3654.2
832.812134,3700.6
832.930481,3660.2
833.048828,3650.0
833.167114,3648.0
833.2854,3601.6
833.403687,3644.8
833.521973,3646.8
833.640259,3590.2
833.758545,3667.6
833.876831,3656.4
833.995056,3617.6
834.113281,3678.4
834.231628,3637.6
834.349915,3616.4
834.468201,3637.4
834.586426,3613.8
834.704651,3630.6
834.822998,3638.8
834.941162,3649.4
835.059448,3678.2
835.177673,3658.4
835.295959,3636.2
835.414246,3629.8
835.53241,3625.2
835.650635,3585.2
835.768921,3588.2
835.887146,3625.0
836.005371,3621.6
836.123596,3597.4
836.241821,3620.4
836.360046,3625.6
836.478271,3618.4
836.596497,3594.6
836.714722,3556.4
836.832886,3607.0
836.95105,3579.4
837.069336,3627.6
837.1875,3588.4
837.305725,3637.0
837.423889,3604.2
837.542053,3601.4
837.660339,3614.2
837.778503,3596.4
837.896667,3604.2
838.014832,3619.8
838.132996,3591.0
838.25116,3574.0
838.369385,3607.2
838.487488,3595.4
838.605713,3595.6
838.723877,3618.8
838.84198,3598.8
838.960205,3586.8
839.078308,3608.4
839.196472,3579.6
839.314636,3566.6
839.4328,3586.0
839.550964,3599.2
839.669067,3592.6
839.787231,3571.4
839.905396,3596.2
840.023499,3614.6
840.141602,3580.8
840.259766,3596.4
840.377869,3570.6
840.495972,3564.0
840.614136,3546.2
840.732239,3587.8
840.850342,3545.8
840.968445,3558.8
841.086548,3563.4
841.204651,3542.0
841.322754,3575.4
841.440918,3531.0
841.55896,3576.2
841.677002,3540.6
841.795166,3550.2
841.913208,3571.6
842.031311,3548.2
842.149353,3562.2
842.267456,3547.0
842.385498,3574.4
842.503601,3559.8
842.621643,3549.4
842.739746,3545.0
842.857788,3541.2
842.97583,3554.2
843.093933,3570.2
843.211975,3586.8
843.330017,3591.2
843.44812,3597.0
843.566101,3589.2
843.684204,3612.4
843.802246,3572.4
843.920227,3578.2
844.038269,3616.8
844.156311,3573.2
844.274292,3588.4
844.392395,3559.8
844.510376,3568.4
844.628357,3556.4
844.74646,3600.0
844.864441,3585.6
844.982422,3585.6
845.100403,3545.0
845.218384,3574.2
845.336426,3541.0
845.454468,3553.2
845.572449,3570.4
845.69043,3567.2
845.808411,3550.2
845.926453,3529.0
846.044373,3567.8
846.162354,3522.6
846.280396,3525.4
846.398315,3542.4
846.516296,3606.4
846.634216,3542.2
846.752197,3547.6
846.870178,3558.0
846.988098,3567.2
847.106079,3578.0
847.22406,3581.8
847.34198,3556.0
847.4599,3587.6
847.577881,3568.4
847.695801,3573.8
847.813782,3557.6
847.931641,3560.2
848.049561,3602.0
848.167603,3540.4
848.285461,3589.8
848.403381,3588.2
848.521362,3567.2
848.639221,3590.8
848.75708,3574.2
848.875,3581.4
848.99292,3596.4
849.110901,3571.0
849.22876,3564.0
849.34668,3534.2
849.464539,3547.0
849.582458,3556.6
849.700317,3553.8
849.818176,3550.8
849.936096,3552.8
850.053955,3540.0
850.171875,3527.4
850.289673,3534.0
850.407593,3520.2
850.525452,3553.2
850.643311,3504.2
850.761169,3529.0
850.878967,3522.0
850.996887,3577.8
851.114746,3538.2
851.232544,3553.6
851.350403,3579.2
851.468262,3574.8
851.58606,3550.0
851.703979,3560.8
851.821777,3587.0
851.939636,3544.4
852.057434,3574.6
852.175232,3609.6
852.293091,3612.4
852.410889,3626.6
852.528687,3637.0
852.646545,3610.6
852.764343,3585.2
852.88208,3586.8
852.999939,3588.2
853.117676,3548.4
853.235535,3538.6
853.353271,3542.8
853.471069,3539.8
853.588928,3557.4
853.706604,3537.4
853.824402,3544.8
853.9422,3546.4
854.059998,3517.6
854.177734,3567.0
854.295532,3540.4
854.413269,3537.0
854.531006,3562.8
854.648804,3555.2
854.766541,3544.8
854.884277,3574.2
855.002014,3587.2
855.119751,3571.8
855.237549,3595.8
855.355225,3617.0
855.473022,3595.8
855.590698,3563.0
855.708435,3592.2
855.826172,3546.8
855.943848,3621.4
856.061646,3563.0
856.179321,3561.0
856.296997,3546.6
856.414795,3599.6
856.53241,3552.2
856.650085,3569.8
856.767822,3543.4
856.885559,3578.6
857.003174,3523.2
857.120911,3548.8
857.238586,3534.0
857.356201,3577.2
857.473938,3539.4
857.591614,3519.2
857.709351,3545.4
857.826965,3536.4
857.944641,3528.4
858.062317,3532.2
858.179993,3540.8
858.297668,3496.0
858.415283,3517.4
858.532959,3497.0
858.650574,3543.4
858.768188,3516.8
858.885803,3575.4
859.003479,3514.2
859.121094,3551.6
859.23877,3548.6
859.356384,3522.6
859.473999,3517.4
859.591675,3508.2
859.709229,3507.2
859.826843,3512.2
859.944458,3495.6
860.062012,3495.0
860.179626,3529.8
860.297302,3498.4
860.414856,3484.6
860.532471,3488.0
860.650024,3500.6
860.767639,3508.6
860.885193,3496.0
861.002808,3463.2
861.120361,3524.2
861.237976,3477.2
861.35553,3506.2
861.473022,3513.0
861.590698,3517.2
861.708191,3519.2
861.825745,3488.4
861.943298,3457.4
862.060852,3489.0
862.178406,3490.4
862.295959,3461.6
862.413513,3461.4
862.531006,3436.4
862.64856,3447.8
862.766113,3441.4
862.883667,3455.8
863.00116,3447.2
863.118713,3454.8
863.236206,3444.6
863.353699,3469.2
863.471252,3449.4
863.588745,3470.8
863.706177,3481.0
863.82373,3479.4
863.941162,3449.2
864.058716,3457.6
864.176208,3470.4
864.29364,3466.2
864.411194,3485.0
864.528687,3421.6
864.646118,3504.2
864.763611,3450.2
864.881042,3452.2
864.998535,3462.6
865.116028,3467.6
865.233459,3458.2
865.350891,3416.8
865.468384,3484.8
865.585754,3495.4
865.703308,3466.2
865.820679,3459.8
865.938171,3482.8
866.055542,3492.2
866.173035,3449.0
866.290466,3448.4
866.407837,3451.8
866.52533,3489.6
866.6427,3474.6
866.760071,3463.4
866.877563,3462.0
866.994934,3448.0
867.112305,3465.8
867.229736,3477.2
867.347107,3432.6
867.464539,3444.0
867.58197,3455.0
867.699341,3470.8
867.81665,3448.4
867.934082,3457.4
868.051453,3452.0
868.168823,3466.2
868.286194,3434.4
868.403564,3450.6
868.520935,3429.8
868.638306,3490.8
868.755676,3486.4
868.872986,3476.8
868.990295,3492.8
869.107727,3499.2
869.225037,3453.4
869.342346,3454.8
869.459717,3452.6
869.577026,3477.0
869.694336,3447.0
869.811707,3463.4
869.929016,3443.6
870.046326,3476.6
870.163635,3445.8
870.280945,3463.6
870.398254,3476.6
870.515564,3464.6
870.632812,3454.0
870.750183,3477.0
870.867432,3444.6
870.984741,3409.8
871.102051,3448.0
871.219299,3470.6
871.336609,3457.8
871.453918,3484.4
871.571106,3465.2
871.688416,3478.0
871.805664,3489.2
871.922852,3466.8
872.040222,3439.2
872.157471,3519.0
872.274719,3489.4
872.391968,3476.2
872.509155,3436.6
872.626465,3472.2
872.743652,3472.0
872.860962,3455.6
872.978149,3474.4
873.095337,3450.4
873.212646,3476.6
873.329834,3454.0
873.44696,3444.8
873.564209,3429.2
873.681396,3446.4
873.798645,3466.4
873.915894,3407.0
874.03302,3440.8
874.150208,3455.4
874.267456,3452.6
874.384583,3448.6
874.501831,3446.2
874.618958,3439.6
874.736145,3455.6
874.853333,3443.6
874.970459,3453.8
875.087646,3482.4
875.204834,3444.8
875.32196,3472.2
875.439148,3462.0
875.556274,3478.2
875.673401,3475.6
875.790527,3466.4
875.907715,3454.4
876.024841,3433.0
876.141968,3428.0
876.259094,3445.2
876.376282,3468.0
876.493347,3432.6
876.610474,3427.4
876.7276,3423.8
876.844727,3465.2
876.961853,3470.0
877.078918,3443.6
877.195984,3478.0
877.313171,3495.0
877.430237,3457.6
877.547302,3473.4
877.664368,3457.8
877.781433,3448.2
877.898499,3465.6
878.015625,3458.4
878.13269,3448.4
878.249695,3455.6
878.366821,3454.8
878.483887,3421.8
878.600952,3438.8
878.717957,3438.0
878.834961,3450.6
878.952087,3455.0
879.069092,3437.0
879.186157,3424.0
879.303162,3394.2
879.420227,3416.6
879.537231,3407.8
879.654236,3408.0
879.77124,3436.8
879.888306,3402.4
880.005249,3386.6
880.122314,3358.0
880.239319,3412.0
880.356323,3372.4
880.473328,3384.4
880.590271,3351.2
880.707275,3409.8
880.824341,3390.8
880.941284,3370.6
881.058228,3385.8
881.175232,3379.0
881.292236,3382.4
881.40918,3403.2
881.526123,3397.8
881.643066,3387.0
881.760071,3431.0
881.877014,3432.2
881.993958,3420.4
882.11084,3415.4
882.227783,3399.4
882.344727,3355.6
882.46167,3347.6
882.578613,3361.4
882.695618,3400.0
882.812439,3393.4
882.929382,3372.0
883.046326,3378.8
883.163208,3403.4
883.280151,3389.8
883.397034,3359.0
883.513916,3414.8
883.630798,3386.2
883.747742,3395.8
883.864563,3423.0
883.981506,3405.0
884.098389,3415.0
884.21521,3408.0
884.332153,3446.4
884.448975,3377.6
884.565796,3395.4
884.682678,3412.0
884.7995,3396.4
884.916443,3456.0
885.033264,3464.8
885.150085,3416.0
885.266968,3455.0
885.383789,3461.4
885.500671,3492.4
885.617493,3475.0
885.734314,3499.2
885.851196,3463.4
885.967896,3478.2
886.084717,3514.4
886.201599,3475.2
886.318359,3465.6
886.435181,3474.2
886.552002,3485.2
886.668762,3454.4
886.785645,3468.8
886.902344,3460.8
887.019165,3428.4
887.135925,3442.0
887.252747,3445.0
887.369446,3426.2
887.486267,3411.8
887.603027,3421.4
887.719788,3404.8
887.836548,3396.8
887.953247,3406.0
888.070068,3377.6
888.186829,3383.4
888.303528,3383.4
888.420288,3370.4
888.536987,3403.0
888.653687,3388.8
888.770447,3373.8
888.887146,3403.6
889.003967,3355.0
889.120667,3371.0
889.237305,3380.8
889.354065,3382.6
889.470703,3342.8
889.587463,3313.6
889.704163,3364.4
889.820862,3332.0
889.937561,3359.8
890.054199,3311.2
890.170837,3358.8
890.287598,3318.0
890.404236,3326.4
890.520874,3349.4
890.637634,3350.0
890.754211,3335.6
890.87085,3355.8
890.987549,3369.4
891.104187,3377.6
891.220886,3338.4
891.337463,3345.2
891.454102,3362.2
891.57074,3336.4
891.687378,3325.4
891.804077,3346.4
891.920654,3310.8
892.037231,3325.0
892.15387,3336.0
892.270447,3331.8
892.387085,3334.8
892.503723,3346.2
892.6203,3329.0
892.736877,3338.4
892.853516,3338.2
892.970032,3355.0
893.08667,3325.6
893.203186,3330.2
893.319763,3306.8
893.43634,3344.8
893.552917,3349.2
893.669556,3351.0
893.786011,3375.2
893.902588,3329.2
894.019165,3360.0
894.135681,3319.8
894.252197,3350.8
894.368835,3384.6
894.485291,3376.8
894.601868,3334.0
894.718384,3400.0
894.8349,3327.6
894.951355,3351.4
895.067932,3340.6
895.184448,3365.8
895.300964,3363.6
895.417419,3374.4
895.533936,3358.0
895.650452,3373.4
895.766907,3375.0
895.883423,3339.6
895.999878,3357.0
896.116333,3377.2
896.232849,3349.2
896.349304,3344.4
896.465759,3346.6
896.582214,3349.0
896.698669,3345.2
896.815125,3326.6
896.931641,3329.0
897.048035,3340.0
897.164551,3348.4
897.280884,3341.4
897.397339,3321.4
897.513794,3352.0
897.630249,3389.4
897.746582,3359.6
897.863098,3368.4
897.979431,3370.4
898.095886,3364.0
898.212341,3344.8
898.328674,3367.6
898.445129,3378.4
898.561462,3345.8
898.677795,3377.2
898.794312,3322.0
898.910645,3349.4
899.026978,3325.4
899.143433,3381.2
899.259766,3312.8
899.37616,3353.4
899.492493,3352.8
899.608765,3357.6
899.725159,3316.4
899.841553,3363.2
899.957947,3341.6
900.07428,3360.2
900.190552,3420.8
900.306946,3382.6
900.423157,3376.0
900.53949,3360.6
900.655884,3385.2
900.772156,3371.6
900.888489,3379.6
901.004822,3364.4
901.121033,3372.0
901.237366,3353.2
901.353699,3386.4
901.46991,3352.6
901.586304,3340.8
901.702515,3384.6
901.818787,3396.0
901.93512,3409.8
902.051331,3424.0
902.167603,3398.4
902.283875,3411.8
902.400085,3371.4
902.516418,3392.4
902.632629,3393.4
902.74884,3403.0
902.865112,3424.8
902.981384,3407.4
903.097595,3424.8
903.213867,3422.0
903.330017,3394.0
903.446289,3428.0
903.5625,3396.6
903.67865,3412.6
903.794922,3416.0
903.911072,3391.0
904.027344,3398.2
904.143494,3375.4
904.259705,3419.8
904.375916,3350.0
904.492065,3367.6
904.608215,3365.8
904.724426,3380.2
904.840576,3350.4
904.956726,3355.4
905.072876,3378.8
905.189087,3358.0
905.305176,3400.0
905.421387,3350.0
905.537537,3377.6
905.653687,3373.0
905.769775,3359.6
905.885925,3362.8
906.002014,3356.0
906.118164,3355.2
906.234314,3350.2
906.350403,3345.6
906.466492,3340.0
906.582642,3328.4
906.69873,3335.0
906.814758,3282.4
906.930908,3316.2
907.046936,3297.2
907.163086,3311.0
907.279175,3330.2
907.395264,3323.2
907.511353,3330.6
907.62738,3302.6
907.743408,3313.2
907.859497,3340.6
907.975525,3327.6
908.091553,3335.2
908.207703,3334.0
908.32373,3323.8
908.439758,3355.2
908.555786,3337.6
908.671814,3320.0
908.787842,3337.4
908.90387,3315.4
909.019775,3347.8
909.135864,3295.8
909.251892,3320.6
909.367859,3325.4
909.483826,3307.4
909.599854,3317.8
909.715881,3319.8
909.831848,3297.8
909.947815,3310.6
910.063782,3318.2
910.179749,3302.2
910.295776,3336.6
910.411743,3306.8
910.527649,3333.4
910.643616,3339.8
910.759583,3336.8
910.875488,3341.2
910.991455,3347.0
911.107361,3288.8
911.223267,3323.6
911.339294,3334.6
911.4552,3365.0
911.571106,3282.8
911.687073,3275.0
911.802979,3286.8
911.918823,3296.0
912.034729,3322.0
912.150635,3295.6
912.266602,3291.6
912.382446,3290.8
912.498352,3261.2
912.614197,3275.4
912.730103,3299.8
912.846008,3277.8
792.44574,9435.0
792.56488,9197.6
792.68396,9156.0
792.80304,9107.8
792.92218,9070.8
793.041199,8998.0
793.160339,8981.2
793.279419,8987.8
793.398499,8917.6
793.517578,8840.6
793.636658,8741.4
793.755737,8705.6
793.874817,8542.6
793.993896,8519.0
794.112976,8534.8
794.232056,8493.2
794.351074,8433.6
794.470215,8427.2
794.589233,8371.8
794.708313,8369.6
794.827393,8364.4
794.946411,8285.6
795.065552,8296.0
795.18457,8283.6
795.303589,8329.6
795.422668,8195.8
795.541687,8248.6
795.660767,8241.0
795.779846,8172.0
795.898865,8081.6
796.017883,8093.4
796.136963,8045.6
796.255981,8015.2
796.375061,8043.0
796.49408,8026.6
796.613037,7975.4
796.732117,7906.8
796.851135,7844.6
796.970154,7807.0
797.089233,7793.6
797.208191,7764.8
797.327271,7780.6
797.446228,7782.4
797.565186,7771.4
797.684265,7748.2
797.803223,7788.2
797.922241,7710.0
798.04126,7731.2
798.160278,7752.8
798.279297,7727.4
798.398315,7746.2
798.517273,7714.4
798.636292,7730.6
798.75531,7764.0
798.874268,7747.8
798.993286,7784.6
799.112244,7774.2
799.231323,7781.0
799.350281,7792.6
799.469238,7755.2
799.588257,7725.0
799.707153,7713.0
799.826111,7686.8
799.945129,7703.0
800.064087,7668.4
800.183044,7703.2
800.302063,7611.4
800.421021,7616.2
800.539978,7596.2
800.658936,7525.8
800.777893,7635.0
800.896912,7604.4
801.015747,7534.4
801.134705,7462.8
801.253723,7462.6
801.37262,7540.4
801.491638,7488.6
801.610535,7448.8
801.729492,7514.0
801.84845,7467.4
801.967407,7599.0
802.086243,7527.6
802.205261,7492.6
802.324158,7528.2
802.443115,7577.2
802.562073,7520.8
802.680969,7607.6
802.799927,7615.2
802.918762,7633.2
803.037659,7600.0
803.156677,7619.0
803.275574,7584.6
803.39447,7589.8
803.513428,7551.6
803.632263,7562.4
803.751221,7549.4
803.870117,7579.2
803.989014,7605.8
804.107971,7589.4
804.226746,7585.2
804.345642,7521.2
804.4646,7517.2
804.583496,7502.4
804.702393,7503.6
804.821228,7510.2
804.940125,7512.4
805.059021,7528.0
805.177917,7498.2
805.296814,7596.4
805.415649,7599.4
805.534546,7604.6
805.653442,7602.2
805.772278,7566.6
805.891113,7640.4
806.01001,7599.4
806.128906,7613.6
806.247742,7555.6
806.366577,7526.4
806.485413,7567.6
806.604309,7509.4
806.723145,7564.0
806.84198,7528.4
806.960876,7557.2
807.079712,7546.6
807.198486,7544.6
807.317383,7505.2
807.436218,7484.8
807.554993,7485.0
807.673889,7516.6
807.792725,7508.6
807.91156,7543.4
808.030396,7508.0
808.14917,7537.2
808.268005,7476.0
808.386841,7537.0
808.505676,7489.6
808.624451,7500.4
808.743286,7547.6
808.862122,7470.0
808.980896,7470.2
809.099731,7493.2
809.218506,7516.4
809.337341,7513.8
809.456116,7480.8
809.57489,7498.6
809.693726,7500.2
809.8125,7431.4
809.931274,7473.6
810.050049,7425.4
810.168884,7436.0
810.287659,7465.0
810.406372,7399.4
810.525269,7343.2
810.643982,7346.4
810.762756,7358.6
810.881531,7310.2
811.000305,7296.6
811.11908,7267.2
811.237854,7278.4
811.356567,7272.2
811.475403,7291.8
811.594116,7191.8
811.71283,7286.2
811.831604,7272.6
811.950378,7320.0
812.069153,7238.6
812.187927,7310.4
812.30658,7235.6
812.425415,7210.4
812.544128,7174.4
812.662781,7228.0
812.781616,7199.6
812.900269,7272.0
813.019043,7207.4
813.137756,7182.6
813.256531,7152.6
813.375244,7146.8
813.493896,7114.8
813.612671,7190.2
813.731384,7086.6
813.850037,7097.6
813.96875,7100.6
814.087524,7054.8
814.206238,7053.2
814.324951,7080.2
814.443604,7014.8
814.562256,7083.2
814.68103,7062.2
814.799683,7077.0
814.918335,7044.2
815.037109,7083.0
815.155762,7077.0
815.274475,7100.2
815.393188,7036.8
815.511841,7099.6
815.630554,7081.2
815.749146,7047.4
815.867859,7034.6
815.986572,7088.8
816.105164,7080.2
816.223877,7087.0
816.342529,7081.4
816.461182,7094.4
816.579895,7120.4
816.698486,7120.8
816.817139,7203.0
816.935791,7196.8
817.054504,7047.6
817.173096,7025.6
817.291748,7052.0
817.4104,7120.8
817.529053,7097.8
817.647644,7063.2
817.766235,7134.2
817.884949,7121.2
818.00354,7042.6
818.122192,7078.8
818.240845,7103.6
818.359436,7073.8
818.478088,7115.2
818.59668,7081.6
818.715271,7121.4
818.833923,7124.4
818.952515,7085.2
819.071106,7060.0
819.189758,7076.0
819.30835,7095.0
819.426941,7050.0
819.545532,7060.6
819.664124,7028.0
819.782715,7012.2
819.901306,7063.0
820.019897,7101.8
820.138489,7110.4
820.25708,7087.0
820.375671,7132.6
820.494202,7080.4
820.612732,7029.6
820.731384,7040.2
820.849915,7120.2
820.968506,7044.4
821.087097,6958.8
821.205627,7027.8
821.324158,6954.4
821.442749,6984.8
821.561279,7041.2
821.679871,7044.8
821.798401,7001.0
821.916931,6983.2
822.035461,6982.0
822.154053,6923.4
822.272583,6953.4
822.391174,6880.2
822.509583,6899.0
822.628174,6890.4
822.746704,6859.8
822.865234,6867.4
822.983765,6951.8
823.102295,6894.2
823.220825,6922.6
823.339294,6965.2
823.457825,6893.6
823.576355,6949.0
823.694824,6902.2
823.813354,6919.8
823.931885,6867.2
824.050354,6913.4
824.168884,6854.6
824.287354,6864.0
824.405823,6821.2
824.524353,6923.6
824.642822,6951.6
824.761353,6830.2
824.879822,6843.2
824.998291,6854.8
825.116699,6895.8
825.235291,6921.0
825.353699,6844.0
825.472168,6886.4
825.590637,6859.2
825.709106,6865.4
825.827576,6831.2
825.946045,6793.0
826.064453,6802.8
826.182983,6821.2
826.301392,6830.6
826.4198,6832.8
826.53833,6883.2
826.656738,6811.8
826.775208,6805.8
826.893677,6824.8
827.012024,6822.8
827.130493,6745.4
827.248962,6790.6
827.36731,6767.4
827.485779,6740.2
827.604248,6768.6
827.722595,6781.4
827.841064,6701.6
827.959412,6683.6
828.077942,6700.4
828.196289,6670.0
828.314636,6651.6
828.433105,6598.4
828.551514,6666.2
828.669861,6595.8
828.78833,6699.4
828.906677,6703.8
829.025085,6680.0
829.143433,6664.4
829.261841,6627.4
829.38031,6609.8
829.498657,6635.0
829.617004,6628.2
829.735413,6600.6
829.85376,6525.2
829.972107,6568.6
830.090515,6569.6
830.208862,6589.0
830.327209,6583.8
830.445557,6620.0
830.563904,6648.0
830.682312,6590.4
830.800659,6604.2
830.919006,6644.4
831.037354,6613.6
831.155701,6633.4
831.274048,6613.0
831.392395,6609.6
831.51062,6604.6
831.629028,6559.2
831.747314,6541.4
831.865662,6582.6
831.984009,6580.0
832.102356,6574.0
832.220642,6565.0
832.338928,6525.0
832.457275,6580.0
832.575623,6547.4
832.693909,6485.0
832.812134,6463.2
832.930481,6546.6
833.048828,6487.4
833.167114,6494.8
833.2854,6406.8
833.403687,6479.2
833.521973,6437.2
833.640259,6371.0
833.758545,6410.0
833.876831,6458.0
833.995056,6415.6
834.113281,6488.6
834.231628,6423.4
834.349915,6388.4
834.468201,6410.4
834.586426,6405.0
834.704651,6415.2
834.822998,6412.8
834.941162,6506.4
835.059448,6473.6
835.177673,6446.6
835.295959,6437.8
835.414246,6471.6
835.53241,6466.8
835.650635,6369.4
835.768921,6389.4
835.887146,6419.8
836.005371,6445.4
836.123596,6448.2
836.241821,6437.8
836.360046,6473.6
836.478271,6379.6
836.596497,6330.0
836.714722,6373.4
836.832886,6350.8
836.95105,6310.4
837.069336,6353.2
837.1875,6374.2
837.305725,6376.4
837.423889,6361.0
837.542053,6373.0
837.660339,6328.8
837.778503,6347.6
837.896667,6386.4
838.014832,6357.6
838.132996,6378.6
838.25116,6328.8
838.369385,6400.4
838.487488,6431.6
838.605713,6413.6
838.723877,6450.6
838.84198,6473.0
838.960205,6439.6
839.078308,6438.4
839.196472,6407.6
839.314636,6465.0
839.4328,6453.8
839.550964,6419.8
839.669067,6426.2
839.787231,6438.0
839.905396,6409.6
840.023499,6326.6
840.141602,6311.4
840.259766,6345.6
840.377869,6383.6
840.495972,6382.8
840.614136,6337.0
840.732239,6345.4
840.850342,6268.4
840.968445,6253.6
841.086548,6269.2
841.204651,6204.2
841.322754,6291.0
841.440918,6301.4
841.55896,6272.6
841.677002,6285.6
841.795166,6247.6
841.913208,6253.8
842.031311,6240.2
842.149353,6203.0
842.267456,6187.0
842.385498,6217.2
842.503601,6224.6
842.621643,6216.6
842.739746,6212.4
842.857788,6213.0
842.97583,6272.4
843.093933,6214.2
843.211975,6297.4
843.330017,6277.8
843.44812,6283.2
843.566101,6242.8
843.684204,6290.8
843.802246,6281.6
843.920227,6323.8
844.038269,6379.8
844.156311,6361.0
844.274292,6319.0
844.392395,6320.8
844.510376,6285.6
844.628357,6268.2
844.74646,6303.2
844.864441,6247.0
844.982422,6267.6
845.100403,6264.6
845.218384,6260.2
845.336426,6260.8
845.454468,6247.8
845.572449,6201.4
845.69043,6249.6
845.808411,6257.0
845.926453,6245.4
846.044373,6261.2
846.162354,6235.2
846.280396,6216.4
846.398315,6193.8
846.516296,6268.4
846.634216,6251.0
846.752197,6233.2
846.870178,6228.0
846.988098,6233.0
847.106079,6247.4
847.22406,6247.2
847.34198,6267.6
847.4599,6278.2
847.577881,6223.4
847.695801,6239.2
847.813782,6212.8
847.931641,6225.4
848.049561,6217.8
848.167603,6237.2
848.285461,6322.0
848.403381,6310.6
848.521362,6326.4
848.639221,6343.4
848.75708,6349.4
848.875,6319.8
848.99292,6313.6
849.110901,6357.0
849.22876,6329.8
849.34668,6330.6
849.464539,6312.2
849.582458,6319.2
849.700317,6229.8
849.818176,6163.0
849.936096,6221.2
850.053955,6217.6
850.171875,6187.6
850.289673,6186.2
850.407593,6193.4
850.525452,6221.4
850.643311,6172.0
850.761169,6220.6
850.878967,6184.6
850.996887,6253.4
851.114746,6200.2
851.232544,6224.6
851.350403,6278.6
851.468262,6216.2
851.58606,6228.6
851.703979,6217.0
851.821777,6248.2
851.939636,6191.0
852.057434,6234.2
852.175232,6263.0
852.293091,6305.0
852.410889,6330.2
852.528687,6374.4
852.646545,6280.8
852.764343,6255.4
852.88208,6199.0
852.999939,6163.8
853.117676,6170.8
853.235535,6126.0
853.353271,6121.2
853.471069,6139.8
853.588928,6073.0
853.706604,6117.8
853.824402,6138.2
853.9422,6099.0
854.059998,6146.0
854.177734,6138.8
854.295532,6116.6
854.413269,6139.6
854.531006,6148.8
854.648804,6160.6
854.766541,6258.6
854.884277,6204.8
855.002014,6232.6
855.119751,6244.0
855.237549,6249.6
855.355225,6275.0
855.473022,6271.6
855.590698,6228.0
855.708435,6257.6
855.826172,6239.4
855.943848,6273.2
856.061646,6235.6
856.179321,6237.8
856.296997,6137.8
856.414795,6215.2
856.53241,6211.6
856.650085,6259.4
856.767822,6240.6
856.885559,6250.2
857.003174,6229.0
857.120911,6196.4
857.238586,6155.2
857.356201,6220.6
857.473938,6143.6
857.591614,6130.4
857.709351,6088.2
857.826965,6088.4
857.944641,6136.0
858.062317,6063.8
858.179993,6120.0
858.297668,6137.0
858.415283,6601.4
858.532959,6088.6
858.650574,6109.0
858.768188,6049.6
858.885803,6076.0
859.003479,6085.2
859.121094,6068.0
859.23877,6091.8
859.356384,6025.4
859.473999,6038.0
859.591675,6009.6
859.709229,6066.2
859.826843,6025.4
859.944458,6003.4
860.062012,5992.2
860.179626,5984.6
860.297302,5961.6
860.414856,5948.4
860.532471,5962.8
860.650024,5970.8
860.767639,6023.6
860.885193,5986.4
861.002808,5941.0
861.120361,6041.0
861.237976,6067.0
861.35553,6004.0
861.473022,5993.8
861.590698,6016.0
861.708191,5987.0
861.825745,5972.6
861.943298,5925.2
862.060852,5931.4
862.178406,5891.2
862.295959,5865.6
862.413513,5879.8
862.531006,5862.6
862.64856,5852.8
862.766113,5866.8
862.883667,5807.8
863.00116,5813.8
863.118713,5805.4
863.236206,5791.2
863.353699,5838.0
863.471252,5873.8
863.588745,5851.2
863.706177,5824.6
863.82373,5855.4
863.941162,5829.6
864.058716,5828.8
864.176208,5773.6
864.29364,5827.4
864.411194,5795.8
864.528687,5751.0
864.646118,5781.2
864.763611,5736.6
864.881042,5720.8
864.998535,5747.0
865.116028,5711.0
865.233459,5751.0
865.350891,5709.4
865.468384,5729.0
865.585754,5768.4
865.703308,5767.0
865.820679,5731.0
865.938171,5742.2
866.055542,5754.2
866.173035,5795.0
866.290466,5781.6
866.407837,5776.2
866.52533,5767.0
866.6427,5791.2
866.760071,5748.8
866.877563,5793.8
866.994934,5735.8
867.112305,5736.2
867.229736,5761.4
867.347107,5760.4
867.464539,5755.8
867.58197,5752.6
867.699341,5741.0
867.81665,5724.2
867.934082,5739.2
868.051453,5731.6
868.168823,5770.2
868.286194,5787.0
868.403564,5826.4
868.520935,5823.6
868.638306,5838.0
868.755676,5815.8
868.872986,5767.2
868.990295,5810.6
869.107727,5823.0
869.225037,5747.8
869.342346,5779.4
869.459717,5823.4
869.577026,5783.4
869.694336,5767.8
869.811707,5697.4
869.929016,5749.2
870.046326,5767.2
870.163635,5707.0
870.280945,5730.8
870.398254,5714.6
870.515564,5711.0
870.632812,5684.0
870.750183,5689.2
870.867432,5690.6
870.984741,5726.8
871.102051,5698.6
871.219299,5701.2
871.336609,5783.0
871.453918,5788.2
871.571106,5755.2
871.688416,5800.0
871.805664,5790.0
871.922852,5771.2
872.040222,5723.6
872.157471,5781.4
872.274719,5745.0
872.391968,5697.4
872.509155,5673.2
872.626465,5712.4
872.743652,5709.0
872.860962,5638.4
872.978149,5642.4
873.095337,5688.8
873.212646,5636.8
873.329834,5668.6
873.44696,5634.6
873.564209,5573.2
873.681396,5580.8
873.798645,5553.6
873.915894,5542.6
874.03302,5542.4
874.150208,5547.0
874.267456,5539.2
874.384583,5536.4
874.501831,5547.6
874.618958,5565.4
874.736145,5606.4
874.853333,5613.4
874.970459,5689.0
875.087646,5629.8
875.204834,5636.0
875.32196,5666.0
875.439148,5636.2
875.556274,5592.6
875.673401,5605.6
875.790527,5600.4
875.907715,5625.4
876.024841,5603.4
876.141968,5576.6
876.259094,5558.6
876.376282,5568.4
876.493347,5533.8
876.610474,5513.6
876.7276,5559.2
876.844727,5547.2
876.961853,5584.6
877.078918,5561.8
877.195984,5651.0
877.313171,5687.6
877.430237,5596.4
877.547302,5623.4
877.664368,5590.2
877.781433,5654.4
877.898499,5637.4
878.015625,5601.0
878.13269,5613.8
878.249695,5645.8
878.366821,5554.0
878.483887,5695.4
878.600952,5616.4
878.717957,5592.2
878.834961,5647.4
878.952087,5635.4
879.069092,5628.8
879.186157,5631.6
879.303162,5618.6
879.420227,5606.6
879.537231,5570.4
879.654236,5522.4
879.77124,5489.4
879.888306,5475.2
880.005249,5451.2
880.122314,5414.0
880.239319,5432.4
880.356323,5397.8
880.473328,5421.2
880.590271,5349.6
880.707275,5364.6
880.824341,5441.2
880.941284,5391.8
881.058228,5378.4
881.175232,5648.8
881.292236,5435.0
881.40918,5446.8
881.526123,5437.6
881.643066,5424.8
881.760071,5434.2
881.877014,5465.6
881.993958,5489.2
882.11084,5420.6
882.227783,5424.4
882.344727,5338.4
882.46167,5335.4
882.578613,5308.4
882.695618,5340.2
882.812439,5272.6
882.929382,5305.4
883.046326,5350.6
883.163208,5318.8
883.280151,5292.6
883.397034,5294.0
883.513916,5331.0
883.630798,5332.8
883.747742,5372.4
883.864563,5379.0
883.981506,5414.8
884.098389,5394.8
884.21521,5340.8
884.332153,5370.6
884.448975,5317.2
884.565796,5320.0
884.682678,5292.6
884.7995,5352.2
884.916443,5376.4
885.033264,5349.2
885.150085,5340.4
885.266968,5362.0
885.383789,5399.8
885.500671,5383.0
885.617493,5421.6
885.734314,5443.8
885.851196,5371.4
885.967896,5415.4
886.084717,5401.8
886.201599,5417.0
886.318359,5391.8
886.435181,5384.8
886.552002,5373.2
886.668762,5362.6
886.785645,5343.0
886.902344,5327.0
887.019165,5309.0
887.135925,5290.8
887.252747,5314.4
887.369446,5322.0
887.486267,5264.6
887.603027,5261.4
887.719788,5283.8
887.836548,5271.8
887.953247,5236.4
888.070068,5250.6
888.186829,5267.8
888.303528,5301.6
888.420288,5299.0
888.536987,5273.6
888.653687,5280.4
888.770447,5302.2
888.887146,5332.0
889.003967,5306.0
889.120667,5261.8
889.237305,5242.8
889.354065,5247.2
889.470703,5273.6
889.587463,5213.0
889.704163,5207.4
889.820862,5157.4
889.937561,5141.6
890.054199,5162.8
890.170837,5180.6
890.287598,5182.4
890.404236,5177.8
890.520874,5159.6
890.637634,5198.4
890.754211,5223.0
890.87085,5180.4
890.987549,5185.6
891.104187,5173.8
891.220886,5202.6
891.337463,5207.8
891.454102,5147.2
891.57074,5152.0
891.687378,5099.8
891.804077,5154.0
891.920654,5070.2
892.037231,5106.6
892.15387,5072.0
892.270447,5056.4
892.387085,5096.4
892.503723,5080.2
892.6203,5052.6
892.736877,5094.4
892.853516,5065.0
892.970032,5114.4
893.08667,5017.0
893.203186,5058.8
893.319763,5025.8
893.43634,5006.8
893.552917,5040.4
893.669556,5078.4
893.786011,5059.0
893.902588,5060.0
894.019165,5045.2
894.135681,5020.0
894.252197,5026.0
894.368835,5041.8
894.485291,5021.6
894.601868,4981.4
894.718384,5038.8
894.8349,4986.8
894.951355,5028.8
895.067932,5058.6
895.184448,5060.2
895.300964,5075.6
895.417419,5065.0
895.533936,5115.4
895.650452,5068.8
895.766907,5117.8
895.883423,5055.0
895.999878,5057.2
896.116333,5032.2
896.232849,5030.6
896.349304,4988.4
896.465759,4996.8
896.582214,4943.8
896.698669,4973.8
896.815125,4915.4
896.931641,4948.0
897.048035,4982.4
897.164551,4995.6
897.280884,5017.2
897.397339,4999.8
897.513794,5042.4
897.630249,5081.8
897.746582,5075.2
897.863098,5081.0
897.979431,5101.6
898.095886,5082.2
898.212341,5007.8
898.328674,5012.4
898.445129,5025.4
898.561462,5016.6
898.677795,4991.0
898.794312,4937.0
898.910645,4948.0
899.026978,4926.0
899.143433,4948.6
899.259766,4892.8
899.37616,4964.6
899.492493,4933.0
899.608765,4919.6
899.725159,4920.2
899.841553,4920.8
899.957947,4985.4
900.07428,4959.2
900.190552,5000.6
900.306946,4988.6
900.423157,5013.4
900.53949,4927.8
900.655884,4965.4
900.772156,4951.2
900.888489,4970.8
901.004822,4899.6
901.121033,4893.0
901.237366,4944.6
901.353699,4901.0
901.46991,4883.0
901.586304,4880.0
901.702515,4861.8
901.818787,4893.8
901.93512,4892.2
902.051331,4903.6
902.167603,4875.4
902.283875,4929.0
902.400085,4880.8
902.516418,4894.6
902.632629,4917.6
902.74884,4886.0
902.865112,4989.8
902.981384,4956.4
903.097595,4960.2
903.213867,5033.0
903.330017,5001.8
903.446289,4934.6
903.5625,4901.0
903.67865,4949.0
903.794922,4927.2
903.911072,4880.8
904.027344,4844.8
904.143494,4868.2
904.259705,4818.4
904.375916,4836.2
904.492065,4860.0
904.608215,4858.8
904.724426,4874.6
904.840576,4869.0
904.956726,4822.2
905.072876,4845.4
905.189087,4867.4
905.305176,4886.2
905.421387,4862.8
905.537537,4925.6
905.653687,4944.6
905.769775,4933.6
905.885925,4905.4
906.002014,4891.6
906.118164,4831.4
906.234314,4858.8
906.350403,4818.4
906.466492,4800.8
906.582642,4807.0
906.69873,4790.0
906.814758,4776.4
906.930908,4758.4
907.046936,4742.8
907.163086,4738.6
907.279175,4759.2
907.395264,4749.4
907.511353,4751.8
907.62738,4824.0
907.743408,4805.2
907.859497,4802.8
907.975525,4795.8
908.091553,4816.2
908.207703,4768.6
908.32373,4781.2
908.439758,4795.0
908.555786,4814.0
908.671814,4779.6
908.787842,4757.2
908.90387,4756.4
909.019775,4738.6
909.135864,4715.4
909.251892,4724.4
909.367859,4643.2
909.483826,4738.4
909.599854,4720.8
909.715881,4706.6
909.831848,4710.8
909.947815,4719.0
910.063782,4710.6
910.179749,4729.0
910.295776,4694.2
910.411743,4734.8
910.527649,4743.4
910.643616,4724.6
910.759583,4706.6
910.875488,4748.0
910.991455,4770.2
911.107361,4732.4
911.223267,4724.8
911.339294,4703.8
911.4552,4743.8
911.571106,4707.0
911.687073,4695.8
911.802979,4698.4
911.918823,4674.6
912.034729,4657.2
912.150635,4655.2
912.266602,4632.4
912.382446,4662.6
912.498352,4644.2
912.614197,4646.2
912.730103,4644.6
912.846008,4646.0
792.44574,6550.2
792.56488,6481.8
792.68396,6379.4
792.80304,6308.0
792.92218,6220.4
793.041199,6068.8
793.160339,6101.2
793.279419,6057.6
793.398499,5935.2
793.517578,5891.6
793.636658,5845.4
793.755737,5774.6
793.874817,5731.8
793.993896,5686.4
794.112976,5611.0
794.232056,5562.8
794.351074,5512.4
794.470215,5496.2
794.589233,5428.2
794.708313,5420.2
794.827393,5347.8
794.946411,5284.6
795.065552,5318.8
795.18457,5337.0
795.303589,5315.2
795.422668,5235.0
795.541687,5221.6
795.660767,5227.2
795.779846,5115.2
795.898865,5106.8
796.017883,5120.4
796.136963,5075.8
796.255981,5075.4
796.375061,4999.6
796.49408,4983.6
796.613037,4969.6
796.732117,4939.2
796.851135,4891.2
796.970154,4867.4
797.089233,4834.0
797.208191,4843.6
797.327271,4843.6
797.446228,4821.4
797.565186,4861.8
797.684265,4783.0
797.803223,4777.0
797.922241,4741.0
798.04126,4776.6
798.160278,4744.0
798.279297,4747.2
798.398315,4739.0
798.517273,4705.8
798.636292,4743.6
798.75531,4678.0
798.874268,4699.4
798.993286,4737.2
799.112244,4658.8
799.231323,4664.8
799.350281,4693.0
799.469238,4662.0
799.588257,4642.0
799.707153,4657.6
799.826111,4624.6
799.945129,4629.4
800.064087,4625.6
800.183044,4635.0
800.302063,4621.0
800.421021,4631.2
800.539978,4567.0
800.658936,4559.6
800.777893,4620.6
800.896912,4571.8
801.015747,4554.2
801.134705,4514.8
801.253723,4544.8
801.37262,4501.0
801.491638,4531.0
801.610535,4514.0
801.729492,4481.4
801.84845,4483.2
801.967407,4492.2
802.086243,4480.0
802.205261,4523.4
802.324158,4491.8
802.443115,4472.6
802.562073,4455.6
802.680969,4519.0
802.799927,4483.4
802.918762,4435.6
803.037659,4474.6
803.156677,4479.8
803.275574,4457.4
803.39447,4422.4
803.513428,4436.8
803.632263,4429.4
803.751221,4417.6
803.870117,4407.2
803.989014,4424.2
804.107971,4436.6
804.226746,4452.8
804.345642,4407.2
804.4646,4436.2
804.583496,4401.4
804.702393,4405.0
804.821228,4410.6
804.940125,4411.4
805.059021,4413.2
805.177917,4382.0
805.296814,4464.0
805.415649,4430.8
805.534546,4439.0
805.653442,4428.4
805.772278,4470.6
805.891113,4442.6
806.01001,4403.2
806.128906,4432.8
806.247742,4384.2
806.366577,4384.2
806.485413,4375.4
806.604309,4384.8
806.723145,4382.6
806.84198,4417.6
806.960876,4393.4
807.079712,4358.8
807.198486,4386.4
807.317383,4373.2
807.436218,4353.4
807.554993,4327.8
807.673889,4332.4
807.792725,4320.2
807.91156,4375.8
808.030396,4353.0
808.14917,4349.4
808.268005,4330.4
808.386841,4335.2
808.505676,4352.8
808.624451,4327.0
808.743286,4350.0
808.862122,4317.8
808.980896,4305.0
809.099731,4293.6
809.218506,4343.4
809.337341,4296.8
809.456116,4315.6
809.57489,4354.6
809.693726,4295.4
809.8125,4296.8
809.931274,4318.2
810.050049,4293.2
810.168884,4286.2
810.287659,4292.6
810.406372,4284.8
810.525269,4281.8
810.643982,4233.4
810.762756,4281.6
810.881531,4271.8
811.000305,4244.4
811.11908,4258.4
811.237854,4267.2
811.356567,4266.0
811.475403,4275.8
811.594116,4252.0
811.71283,4271.4
811.831604,4266.6
811.950378,4252.2
812.069153,4276.6
812.187927,4315.4
812.30658,4300.4
812.425415,4231.8
812.544128,4278.6
812.662781,4253.4
812.781616,4231.0
812.900269,4253.4
813.019043,4228.6
813.137756,4244.6
813.256531,4255.4
813.375244,4212.0
813.493896,4234.2
813.612671,4204.4
813.731384,4197.0
813.850037,4191.8
813.96875,4193.0
814.087524,4170.8
814.206238,4179.8
814.324951,4202.4
814.443604,4171.0
814.562256,4169.2
814.68103,4184.4
814.799683,4224.2
814.918335,4190.8
815.037109,4211.0
815.155762,4186.6
815.274475,4175.2
815.393188,4180.0
815.511841,4164.0
815.630554,4186.8
815.749146,4148.4
815.867859,4159.6
815.986572,4213.6
816.105164,4149.6
816.223877,4158.2
816.342529,4134.8
816.461182,4167.2
816.579895,4157.6
816.698486,4181.6
816.817139,4151.0
816.935791,4204.8
817.054504,4163.6
817.173096,4185.8
817.291748,4199.8
817.4104,4206.2
817.529053,4122.8
817.647644,4167.8
817.766235,4139.8
817.884949,4176.2
818.00354,4158.4
818.122192,4116.0
818.240845,4164.0
818.359436,4117.4
818.478088,4211.8
818.59668,4154.2
818.715271,4153.0
818.833923,4133.8
818.952515,4133.2
819.071106,4119.2
819.189758,4119.4
819.30835,4117.2
819.426941,4124.0
819.545532,4112.8
819.664124,4112.2
819.782715,4110.2
819.901306,4133.2
820.019897,4160.2
820.138489,4162.4
820.25708,4159.4
820.375671,4176.6
820.494202,4088.4
820.612732,4145.2
820.731384,4106.6
820.849915,4084.8
820.968506,4044.2
821.087097,4070.4
821.205627,4105.0
821.324158,4095.4
821.442749,4040.8
821.561279,4106.8
821.679871,4092.8
821.798401,4063.2
821.916931,4058.2
822.035461,4085.6
822.154053,4041.2
822.272583,4044.2
822.391174,4031.4
822.509583,4027.0
822.628174,4021.4
822.746704,4045.4
822.865234,4006.2
822.983765,4032.0
823.102295,4053.6
823.220825,3981.8
823.339294,4031.6
823.457825,4036.2
823.576355,4018.8
823.694824,4030.2
823.813354,3999.8
823.931885,3989.4
824.050354,4045.8
824.168884,4017.2
824.287354,4011.6
824.405823,4027.2
824.524353,4017.2
824.642822,4035.4
824.761353,4016.8
824.879822,4014.2
824.998291,4010.2
825.116699,3995.4
825.235291,4019.6
825.353699,3998.8
825.472168,3999.4
825.590637,4001.0
825.709106,4008.0
825.827576,3964.0
825.946045,3968.2
826.064453,3961.6
826.182983,3971.0
826.301392,3961.8
826.4198,3941.4
826.53833,3937.8
826.656738,3993.0
826.775208,3947.4
826.893677,3992.0
827.012024,3975.4
827.130493,3948.2
827.248962,3943.2
827.36731,3956.0
827.485779,3984.4
827.604248,3969.2
827.722595,3953.8
827.841064,3951.4
827.959412,3928.4
828.077942,3914.8
828.196289,3927.0
828.314636,3901.4
828.433105,3876.8
828.551514,3898.0
828.669861,3908.0
828.78833,3903.8
828.906677,3910.2
829.025085,3925.8
829.143433,3923.4
829.261841,3884.0
829.38031,3898.0
829.498657,3864.8
829.617004,3942.4
829.735413,3917.6
829.85376,3843.8
829.972107,3884.8
830.090515,3877.6
830.208862,3891.8
830.327209,3849.6
830.445557,3900.4
830.563904,3915.2
830.682312,3885.0
830.800659,3889.2
830.919006,3913.4
831.037354,3929.0
831.155701,3939.8
831.274048,3939.8
831.392395,3886.8
831.51062,3898.8
831.629028,3860.2
831.747314,3932.2
831.865662,3908.0
831.984009,3912.8
832.102356,3925.4
832.220642,3915.8
832.338928,3870.4
832.457275,3890.0
832.575623,3919.6
832.693909,3942.2
832.812134,3931.0
832.930481,3911.2
833.048828,3869.0
833.167114,3860.6
833.2854,3864.6
833.403687,3892.8
833.521973,3854.8
833.640259,3875.0
833.758545,3893.4
833.876831,3871.8
833.995056,3843.4
834.113281,3914.4
834.231628,3855.6
834.349915,3860.4
834.468201,3876.0
834.586426,3894.4
834.704651,3881.6
834.822998,3893.8
834.941162,3907.6
835.059448,3901.8
835.177673,3930.8
835.295959,3890.8
835.414246,3885.6
835.53241,3855.8
835.650635,3858.4
835.768921,3834.4
835.887146,3861.0
836.005371,3874.6
836.123596,3854.8
836.241821,3874.6
836.360046,3850.0
836.478271,3820.8
836.596497,3865.8
836.714722,3829.6
836.832886,3857.8
836.95105,3821.8
837.069336,3858.8
837.1875,3832.2
837.305725,3852.2
837.423889,3875.4
837.542053,3851.8
837.660339,3810.8
837.778503,3836.8
837.896667,3831.2
838.014832,3859.8
838.132996,3834.0
838.25116,3856.6
838.369385,3860.8
838.487488,3841.0
838.605713,3852.0
838.723877,3872.6
838.84198,3826.8
838.960205,3840.2
839.078308,3842.0
839.196472,3832.8
839.314636,3844.2
839.4328,3879.4
839.550964,3900.4
839.669067,3847.2
839.787231,3839.6
839.905396,3875.0
840.023499,3872.8
840.141602,3843.8
840.259766,3875.4
840.377869,3831.0
840.495972,3848.8
840.614136,3812.8
840.732239,3806.4
840.850342,3790.0
840.968445,3785.0
841.086548,3797.6
841.204651,3786.6
841.322754,3770.4
841.440918,3839.6
841.55896,3847.8
841.677002,3817.8
841.795166,3797.2
841.913208,3855.2
842.031311,3821.8
842.149353,3833.6
842.267456,3841.6
842.385498,3869.0
842.503601,3857.0
842.621643,3828.4
842.739746,3812.8
842.857788,3843.2
842.97583,3861.0
843.093933,3827.8
843.211975,3872.8
843.330017,3877.8
843.44812,3860.2
843.566101,3858.2
843.684204,3831.0
843.802246,3864.2
843.920227,3860.8
844.038269,3887.6
844.156311,3859.6
844.274292,3844.6
844.392395,3871.4
844.510376,3864.6
844.628357,3828.0
844.74646,3837.4
844.864441,3876.8
844.982422,3859.4
845.100403,3847.0
845.218384,3850.6
845.336426,3861.2
845.454468,3858.8
845.572449,3833.4
845.69043,3840.6
845.808411,3847.2
845.926453,3837.8
846.044373,3822.2
846.162354,3806.0
846.280396,3805.0
846.398315,3797.6
846.516296,3826.6
846.634216,3844.2
846.752197,3854.6
846.870178,3851.4
846.988098,3845.8
847.106079,3867.2
847.22406,3860.4
847.34198,3883.0
847.4599,3870.6
847.577881,3848.4
847.695801,3871.2
847.813782,3848.4
847.931641,3875.4
848.049561,3894.6
848.167603,3833.8
848.285461,3861.6
848.403381,3861.8
848.521362,3872.2
848.639221,3917.2
848.75708,3891.2
848.875,3882.8
848.99292,3883.8
849.110901,3883.8
849.22876,3846.4
849.34668,3873.2
849.464539,3862.4
849.582458,3869.0
849.700317,3840.2
849.818176,3805.2
849.936096,3828.2
850.053955,3848.8
850.171875,3834.2
850.289673,3797.0
850.407593,3803.4
850.525452,3810.6
850.643311,3823.0
850.761169,3800.2
850.878967,3777.0
850.996887,3837.4
851.114746,3811.0
851.232544,3831.4
851.350403,3831.8
851.468262,3857.0
851.58606,3792.6
851.703979,3828.0
851.821777,3837.0
851.939636,3817.4
852.057434,3882.4
852.175232,3904.4
852.293091,3928.0
852.410889,3993.4
852.528687,3965.4
852.646545,3944.2
852.764343,3902.0
852.88208,3914.2
852.999939,3823.2
853.117676,3848.8
853.235535,3805.2
853.353271,3826.2
853.471069,3800.8
853.588928,3801.6
853.706604,3811.2
853.824402,3806.8
853.9422,3836.2
854.059998,3831.8
854.177734,3883.4
854.295532,3853.4
854.413269,3856.2
854.531006,3853.6
854.648804,3856.8
854.766541,3844.8
854.884277,3854.2
855.002014,3869.4
855.119751,3869.4
855.237549,3882.4
855.355225,3863.4
855.473022,3885.4
855.590698,3883.2
855.708435,3888.8
855.826172,3844.2
855.943848,3873.8
856.061646,3908.8
856.179321,3856.0
856.296997,3840.2
856.414795,3875.2
856.53241,3846.4
856.650085,3871.0
856.767822,3865.4
856.885559,3864.0
857.003174,3853.0
857.120911,3834.4
857.238586,3849.0
857.356201,3829.6
857.473938,3815.2
857.591614,3831.8
857.709351,3867.4
857.826965,3828.4
857.944641,3791.2
858.062317,3836.8
858.179993,3852.2
858.297668,3810.2
858.415283,3833.6
858.532959,3802.4
858.650574,3853.0
858.768188,3820.2
858.885803,3861.2
859.003479,3844.8
859.121094,3792.0
859.23877,3822.0
859.356384,3826.0
859.473999,3842.8
859.591675,3825.6
859.709229,3853.4
859.826843,3828.0
859.944458,3775.8
860.062012,3798.0
860.179626,3802.8
860.297302,3771.6
860.414856,3787.0
860.532471,3785.2
860.650024,3784.4
860.767639,3816.4
860.885193,3806.6
861.002808,3758.0
861.120361,3807.8
861.237976,3801.8
861.35553,3769.8
861.473022,3812.2
861.590698,3813.8
861.708191,3761.8
861.825745,3799.8
861.943298,3758.8
862.060852,3752.6
862.178406,3728.2
862.295959,3705.4
862.413513,3721.6
862.531006,3692.2
862.64856,3714.4
862.766113,3713.8
862.883667,3703.6
863.00116,3682.2
863.118713,3716.6
863.236206,3701.2
863.353699,3699.2
863.471252,3717.8
863.588745,3702.6
863.706177,3721.4
863.82373,3697.8
863.941162,3727.2
864.058716,3703.4
864.176208,3742.6
864.29364,3737.6
864.411194,3736.4
864.528687,3687.8
864.646118,3729.4
864.763611,3710.6
864.881042,3708.0
864.998535,3709.4
865.116028,3748.4
865.233459,3704.2
865.350891,3697.8
865.468384,3711.4
865.585754,3751.0
865.703308,3735.0
865.820679,3746.4
865.938171,3718.6
866.055542,3736.4
866.173035,3743.6
866.290466,3730.0
866.407837,3758.0
866.52533,3738.0
866.6427,3763.0
866.760071,3753.4
866.877563,3757.6
866.994934,3743.8
867.112305,3744.6
867.229736,3707.0
867.347107,3709.8
867.464539,3758.6
867.58197,3770.2
867.699341,3745.0
867.81665,3721.8
867.934082,3719.8
868.051453,3727.0
868.168823,3731.2
868.286194,3755.4
868.403564,3748.4
868.520935,3739.0
868.638306,3755.8
868.755676,3804.0
868.872986,3783.0
868.990295,3778.6
869.107727,3775.8
869.225037,3758.2
869.342346,3745.0
869.459717,3772.0
869.577026,3789.8
869.694336,3758.2
869.811707,3763.4
869.929016,3781.4
870.046326,3770.6
870.163635,3773.8
870.280945,3749.2
870.398254,3773.8
870.515564,3801.2
870.632812,3756.8
870.750183,3769.4
870.867432,3737.0
870.984741,3750.0
871.102051,3770.0
871.219299,3736.0
871.336609,3804.0
871.453918,3779.0
871.571106,3766.2
871.688416,3771.6
871.805664,3749.4
871.922852,3783.4
872.040222,3777.4
872.157471,3799.6
872.274719,3771.4
872.391968,3772.8
872.509155,3767.6
872.626465,3784.0
872.743652,3794.0
872.860962,3782.0
872.978149,3762.4
873.095337,3808.6
873.212646,3780.2
873.329834,3763.8
873.44696,3756.2
873.564209,3780.2
873.681396,3760.2
873.798645,3754.4
873.915894,3741.8
874.03302,3751.8
874.150208,3767.6
874.267456,3745.2
874.384583,3742.0
874.501831,3747.4
874.618958,3739.2
874.736145,3773.4
874.853333,3747.6
874.970459,3776.0
875.087646,3797.8
875.204834,3740.4
875.32196,3798.2
875.439148,3783.4
875.556274,3780.2
875.673401,3789.2
875.790527,3795.2
875.907715,3758.8
876.024841,3775.8
876.141968,3740.0
876.259094,3767.2
876.376282,3775.8
876.493347,3769.6
876.610474,3753.2
876.7276,3727.8
876.844727,3742.8
876.961853,3751.6
877.078918,3796.4
877.195984,3775.2
877.313171,3806.4
877.430237,3744.4
877.547302,3774.4
877.664368,3764.6
877.781433,3776.8
877.898499,3762.8
878.015625,3727.0
878.13269,3760.4
878.249695,3788.0
878.366821,3713.0
878.483887,3743.2
878.600952,3730.4
878.717957,3690.8
878.834961,3737.6
878.952087,3746.4
879.069092,3727.0
879.186157,3712.8
879.303162,3703.6
879.420227,3712.2
879.537231,3719.4
879.654236,3680.0
879.77124,3662.2
879.888306,3658.4
880.005249,3656.2
880.122314,3667.0
880.239319,3668.0
880.356323,3618.8
880.473328,3632.4
880.590271,3650.8
880.707275,3635.6
880.824341,3646.6
880.941284,3621.4
881.058228,3659.4
881.175232,3636.6
881.292236,3679.0
881.40918,3672.0
881.526123,3652.0
881.643066,3668.0
881.760071,3691.4
881.877014,3665.0
881.993958,3676.0
882.11084,3683.6
882.227783,3688.4
882.344727,3645.6
882.46167,3627.4
882.578613,3623.0
882.695618,3632.0
882.812439,3610.4
882.929382,3639.4
883.046326,3650.0
883.163208,3664.8
883.280151,3619.6
883.397034,3635.4
883.513916,3678.6
883.630798,3669.6
883.747742,3666.0
883.864563,3676.8
883.981506,3686.2
884.098389,3698.6
884.21521,3686.4
884.332153,3710.4
884.448975,3675.4
884.565796,3677.8
884.682678,3675.0
884.7995,3696.0
884.916443,3713.0
885.033264,3746.6
885.150085,3721.2
885.266968,3763.8
885.383789,3806.0
885.500671,3774.4
885.617493,3760.8
885.734314,3837.6
885.851196,3802.4
885.967896,3816.8
886.084717,3804.6
886.201599,3843.8
886.318359,3800.2
886.435181,3798.2
886.552002,3794.6
886.668762,3806.4
886.785645,3764.0
886.902344,3794.8
887.019165,3741.8
887.135925,3760.6
887.252747,3770.0
887.369446,3754.4
887.486267,3708.2
887.603027,3680.6
887.719788,3685.4
887.836548,3664.4
887.953247,3639.6
888.070068,3650.4
888.186829,3644.6
888.303528,3683.0
888.420288,3606.0
888.536987,3630.0
888.653687,3607.6
888.770447,3610.0
888.887146,3639.0
889.003967,3633.0
889.120667,3604.6
889.237305,3585.0
889.354065,3587.2
889.470703,3604.8
889.587463,3574.8
889.704163,3602.6
889.820862,3574.6
889.937561,3590.2
890.054199,3559.4
890.170837,3559.8
890.287598,3554.0
890.404236,3545.6
890.520874,3564.6
890.637634,3579.8
890.754211,3565.4
890.87085,3573.8
890.987549,3584.4
891.104187,3551.2
891.220886,3561.6
891.337463,3582.6
891.454102,3578.2
891.57074,3570.0
891.687378,3542.4
891.804077,3589.0
891.920654,3550.8
892.037231,3525.8
892.15387,3537.4
892.270447,3559.0
892.387085,3542.0
892.503723,3536.2
892.6203,3531.6
892.736877,3542.0
892.853516,3543.6
892.970032,3546.8
893.08667,3532.6
893.203186,3572.4
893.319763,3565.2
893.43634,3564.2
893.552917,3552.0
893.669556,3588.2
893.786011,3596.0
893.902588,3544.6
894.019165,3577.6
894.135681,3562.6
894.252197,3610.8
894.368835,3593.8
894.485291,3583.0
894.601868,3573.0
894.718384,3596.8
894.8349,3568.8
894.951355,3562.2
895.067932,3578.0
895.184448,3572.4
895.300964,3591.2
895.417419,3610.8
895.533936,3624.8
895.650452,3616.2
895.766907,3599.6
895.883423,3588.8
895.999878,3625.4
896.116333,3608.4
896.232849,3574.2
896.349304,3583.2
896.465759,3569.6
896.582214,3606.0
896.698669,3560.8
896.815125,3562.2
896.931641,3555.6
897.048035,3602.4
897.164551,3568.8
897.280884,3577.0
897.397339,3572.0
897.513794,3595.0
897.630249,3630.2
897.746582,3601.2
897.863098,3592.2
897.979431,3618.2
898.095886,3603.8
898.212341,3588.6
898.328674,3593.0
898.445129,3621.0
898.561462,3582.6
898.677795,3595.2
898.794312,3551.0
898.910645,3550.6
899.026978,3558.2
899.143433,3578.6
899.259766,3580.0
899.37616,3576.4
899.492493,3590.8
899.608765,3573.0
899.725159,3573.8
899.841553,3591.4
899.957947,3593.2
900.07428,3607.4
900.190552,3590.2
900.306946,3606.8
900.423157,3622.8
900.53949,3595.0
900.655884,3596.8
900.772156,3640.6
900.888489,3621.4
901.004822,3582.2
901.121033,3582.8
901.237366,3593.8
901.353699,3609.4
901.46991,3655.2
901.586304,3598.2
901.702515,3614.8
901.818787,3648.0
901.93512,3640.0
902.051331,3644.0
902.167603,3677.4
902.283875,3690.4
902.400085,3647.0
902.516418,3652.4
902.632629,3692.8
902.74884,3654.6
902.865112,3712.4
902.981384,3678.6
903.097595,3688.8
903.213867,3664.2
903.330017,3682.2
903.446289,3680.6
903.5625,3634.2
903.67865,3656.0
903.794922,3679.6
903.911072,3657.6
904.027344,3626.0
904.143494,3621.6
904.259705,3610.4
904.375916,3587.0
904.492065,3582.2
904.608215,3584.4
904.724426,3582.4
904.840576,3605.8
904.956726,3565.0
905.072876,3584.8
905.189087,3576.4
905.305176,3538.4
905.421387,3590.6
905.537537,3603.8
905.653687,3573.0
905.769775,3573.4
905.885925,3554.2
906.002014,3577.2
906.118164,3519.6
906.234314,3507.4
906.350403,3535.0
906.466492,3509.8
906.582642,3513.2
906.69873,3533.4
906.814758,3524.8
906.930908,3508.2
907.046936,3487.6
907.163086,3547.8
907.279175,3511.2
907.395264,3530.8
907.511353,3501.4
907.62738,3523.6
907.743408,3488.6
907.859497,3537.4
907.975525,3505.0
908.091553,3497.0
908.207703,3528.8
908.32373,3501.4
908.439758,3541.6
908.555786,3521.8
908.671814,3536.0
908.787842,3500.2
908.90387,3567.6
909.019775,3493.4
909.135864,3462.6
909.251892,3501.6
909.367859,3498.4
909.483826,3490.8
909.599854,3498.2
909.715881,3497.6
909.831848,3518.0
909.947815,3529.6
910.063782,3486.6
910.179749,3500.8
910.295776,3480.8
910.411743,3485.2
910.527649,3505.8
910.643616,3513.2
910.759583,3497.0
910.875488,3522.6
910.991455,3492.2
911.107361,3503.2
911.223267,3491.0
911.339294,3493.4
911.4552,3474.4
911.571106,3466.8
911.687073,3481.6
911.802979,3461.6
911.918823,3459.2
912.034729,3486.2
912.150635,3465.2
912.266602,3477.2
912.382446,3471.4
912.498352,3468.8
912.614197,3449.6
912.730103,3469.0
912.846008,3478.8
792.44574,4966.0
792.56488,4889.8
792.68396,4854.4
792.80304,4842.0
792.92218,4774.2
793.041199,4709.0
793.160339,4701.8
793.279419,4703.8
793.398499,4637.8
793.517578,4620.2
793.636658,4596.4
793.755737,4582.8
793.874817,4509.2
793.993896,4503.6
794.112976,4510.2
794.232056,4421.2
794.351074,4424.4
794.470215,4380.0
794.589233,4371.6
794.708313,4361.2
794.827393,4341.6
794.946411,4307.2
795.065552,4322.0
795.18457,4291.6
795.303589,4321.0
795.422668,4268.8
795.541687,4236.4
795.660767,4257.4
795.779846,4201.4
795.898865,4187.0
796.017883,4175.0
796.136963,4173.2
796.255981,4135.2
796.375061,4146.2
796.49408,4133.2
796.613037,4157.6
796.732117,4119.8
796.851135,4100.0
796.970154,4076.2
797.089233,4068.6
797.208191,4063.2
797.327271,4064.0
797.446228,4042.0
797.565186,4047.6
797.684265,4033.6
797.803223,4033.6
797.922241,4020.6
798.04126,4002.6
798.160278,3996.0
798.279297,3976.4
798.398315,4011.0
798.517273,4008.6
798.636292,3975.8
798.75531,3977.6
798.874268,3973.8
798.993286,3977.6
799.112244,3958.6
799.231323,3952.2
799.350281,3959.8
799.469238,3999.8
799.588257,3968.8
799.707153,3947.8
799.826111,3934.0
799.945129,3900.0
800.064087,3964.8
800.183044,3930.0
800.302063,3937.6
800.421021,3944.2
800.539978,3873.0
800.658936,3924.6
800.777893,3917.0
800.896912,3897.4
801.015747,3938.6
801.134705,3864.2
801.253723,3897.4
801.37262,3889.8
801.491638,3911.0
801.610535,3887.2
801.729492,3889.8
801.84845,3873.4
801.967407,3890.2
802.086243,3892.6
802.205261,3855.8
802.324158,3878.2
802.443115,3861.8
802.562073,3882.8
802.680969,3883.8
802.799927,3859.0
802.918762,3849.8
803.037659,3873.0
803.156677,3857.6
803.275574,3880.6
803.39447,3899.6
803.513428,3848.0
803.632263,3847.4
803.751221,3855.0
803.870117,3851.0
803.989014,3817.0
804.107971,3841.6
804.226746,3824.6
804.345642,3852.0
804.4646,3852.0
804.583496,3852.8
804.702393,3855.4
804.821228,3844.4
804.940125,3817.4
805.059021,3836.0
805.177917,3837.0
805.296814,3852.4
805.415649,3862.6
805.534546,3867.2
805.653442,3827.4
805.772278,3852.4
805.891113,3834.0
806.01001,3856.2
806.128906,3840.0
806.247742,3825.4
806.366577,3797.4
806.485413,3850.8
806.604309,3809.2
806.723145,3817.0
806.84198,3826.8
806.960876,3851.6
807.079712,3813.0
807.198486,3864.4
807.317383,3802.8
807.436218,3799.4
807.554993,3778.4
807.673889,3818.0
807.792725,3807.0
807.91156,3783.6
808.030396,3815.0
808.14917,3781.6
808.268005,3777.0
808.386841,3802.2
808.505676,3794.0
808.624451,3814.8
808.743286,3776.6
808.862122,3783.8
808.980896,3741.2
809.099731,3763.4
809.218506,3784.8
809.337341,3781.6
809.456116,3748.2
809.57489,3796.8
809.693726,3794.8
809.8125,3766.2
809.931274,3789.8
810.050049,3779.6
810.168884,3754.4
810.287659,3758.2
810.406372,3751.2
810.525269,3779.2
810.643982,3753.4
810.762756,3711.4
810.881531,3765.6
811.000305,3768.8
811.11908,3704.0
811.237854,3707.2
811.356567,3725.6
811.475403,3725.8
811.594116,3754.4
811.71283,3731.2
811.831604,3733.4
811.950378,3748.4
812.069153,3733.2
812.187927,3731.0
812.30658,3750.6
812.425415,3733.8
812.544128,3736.2
812.662781,3687.4
812.781616,3719.6
812.900269,3683.2
813.019043,3669.4
813.137756,3714.4
813.256531,3680.4
813.375244,3692.6
813.493896,3704.2
813.612671,3725.4
813.731384,3696.6
813.850037,3680.0
813.96875,3663.6
814.087524,3722.4
814.206238,3675.8
814.324951,3665.8
814.443604,3659.8
814.562256,3662.8
814.68103,3660.4
814.799683,3661.8
814.918335,3660.0
815.037109,3656.8
815.155762,3652.2
815.274475,3615.2
815.393188,3652.4
815.511841,3696.6
815.630554,3646.8
815.749146,3646.2
815.867859,3610.0
815.986572,3620.8
816.105164,3628.4
816.223877,3633.8
816.342529,3615.8
816.461182,3637.4
816.579895,3632.6
816.698486,3666.0
816.817139,3674.8
816.935791,3654.2
817.054504,3658.4
817.173096,3629.6
817.291748,3604.6
817.4104,3623.0
817.529053,3624.4
817.647644,3635.4
817.766235,3619.8
817.884949,3594.6
818.00354,3596.6
818.122192,3601.6
818.240845,3568.6
818.359436,3582.2
818.478088,3597.0
818.59668,3591.4
818.715271,3573.2
818.833923,3559.2
818.952515,3572.2
819.071106,3556.6
819.189758,3552.6
819.30835,3540.8
819.426941,3561.4
819.545532,3528.8
819.664124,3546.0
819.782715,3561.6
819.901306,3533.2
820.019897,3542.0
820.138489,3565.0
820.25708,3585.2
820.375671,3556.4
820.494202,3569.2
820.612732,3545.0
820.731384,3563.2
820.849915,3524.0
820.968506,3531.8
821.087097,3522.6
821.205627,3518.6
821.324158,3503.4
821.442749,3510.0
821.561279,3485.2
821.679871,3474.4
821.798401,3485.4
821.916931,3504.4
822.035461,3516.0
822.154053,3443.8
822.272583,3475.2
822.391174,3462.6
822.509583,3462.0
822.628174,3488.6
822.746704,3448.2
822.865234,3470.4
822.983765,3490.6
823.102295,3479.2
823.220825,3467.0
823.339294,3469.0
823.457825,3474.4
823.576355,3473.8
823.694824,3441.4
823.813354,3476.8
823.931885,3462.8
824.050354,3472.8
824.168884,3457.8
824.287354,3463.0
824.405823,3430.6
824.524353,3469.0
824.642822,3479.4
824.761353,3451.8
824.879822,3419.2
824.998291,3460.6
825.116699,3420.4
825.235291,3464.0
825.353699,3463.0
825.472168,3414.0
825.590637,3434.2
825.709106,3456.8
825.827576,3440.6
825.946045,3397.2
826.064453,3423.2
826.182983,3413.8
826.301392,3406.0
826.4198,3409.8
826.53833,3430.0
826.656738,3426.8
826.775208,3387.0
826.893677,3409.8
827.012024,3397.0
827.130493,3404.2
827.248962,3428.0
827.36731,3417.6
827.485779,3396.8
827.604248,3390.2
827.722595,3403.0
827.841064,3345.6
827.959412,3401.6
828.077942,3367.8
828.196289,3387.4
828.314636,3385.8
828.433105,3381.4
828.551514,3384.0
828.669861,3378.8
828.78833,3348.8
828.906677,3360.0
829.025085,3373.2
829.143433,3396.2
829.261841,3354.2
829.38031,3360.4
829.498657,3346.0
829.617004,3346.0
829.735413,3390.6
829.85376,3335.0
829.972107,3341.4
830.090515,3335.4
830.208862,3366.0
830.327209,3332.0
830.445557,3343.0
830.563904,3350.4
830.682312,3368.8
830.800659,3359.2
830.919006,3355.8
831.037354,3327.8
831.155701,3359.2
831.274048,3378.4
831.392395,3316.4
831.51062,3342.8
831.629028,3354.2
831.747314,3363.4
831.865662,3371.8
831.984009,3357.2
832.102356,3351.6
832.220642,3342.8
832.338928,3370.0
832.457275,3330.4
832.575623,3332.0
832.693909,3318.2
832.812134,3355.4
832.930481,3338.6
833.048828,3350.4
833.167114,3334.0
833.2854,3298.4
833.403687,3329.4
833.521973,3309.2
833.640259,3323.4
833.758545,3332.0
833.876831,3315.8
833.995056,3293.8
834.113281,3332.6
834.231628,3308.4
834.349915,3319.2
834.468201,3359.2
834.586426,3311.0
834.704651,3355.8
834.822998,3329.6
834.941162,3325.0
835.059448,3385.6
835.177673,3371.2
835.295959,3301.4
835.414246,3328.8
835.53241,3347.2
835.650635,3276.2
835.768921,3289.4
835.887146,3303.2
836.005371,3312.0
836.123596,3325.2
836.241821,3328.0
836.360046,3319.8
836.478271,3306.6
836.596497,3320.4
836.714722,3287.8
836.832886,3298.2
836.95105,3296.6
837.069336,3301.4
837.1875,3301.2
837.305725,3285.0
837.423889,3275.8
837.542053,3305.0
837.660339,3289.8
837.778503,3304.4
837.896667,3313.4
838.014832,3307.6
838.132996,3311.4
838.25116,3294.0
838.369385,3280.4
838.487488,3319.4
838.605713,3319.0
838.723877,3306.0
838.84198,3284.2
838.960205,3300.0
839.078308,3279.6
839.196472,3262.4
839.314636,3293.0
839.4328,3314.2
839.550964,3278.0
839.669067,3269.6
839.787231,3299.0
839.905396,3299.2
840.023499,3308.8
840.141602,3285.8
840.259766,3282.6
840.377869,3271.0
840.495972,3280.8
840.614136,3273.4
840.732239,3253.4
840.850342,3260.6
840.968445,3247.2
841.086548,3263.6
841.204651,3254.0
841.322754,3248.0
841.440918,3266.8
841.55896,3256.4
841.677002,3259.6
841.795166,3229.4
841.913208,3266.2
842.031311,3266.0
842.149353,3257.6
842.267456,3246.8
842.385498,3266.0
842.503601,3265.8
842.621643,3240.4
842.739746,3253.4
842.857788,3243.4
842.97583,3248.6
843.093933,3237.0
843.211975,3268.4
843.330017,3295.6
843.44812,3286.4
843.566101,3254.8
843.684204,3256.2
843.802246,3273.4
843.920227,3278.2
844.038269,3290.0
844.156311,3280.6
844.274292,3284.0
844.392395,3277.0
844.510376,3276.8
844.628357,3253.2
844.74646,3245.8
844.864441,3253.2
844.982422,3253.6
845.100403,3271.4
845.218384,3236.6
845.336426,3225.0
845.454468,3267.2
845.572449,3244.6
845.69043,3263.4
845.808411,3238.2
845.926453,3211.0
846.044373,3219.0
846.162354,3271.2
846.280396,3243.0
846.398315,3217.2
846.516296,3258.2
846.634216,3190.8
846.752197,3233.6
846.870178,3260.4
846.988098,3248.8
847.106079,3252.6
847.22406,3268.6
847.34198,3278.0
847.4599,3263.6
847.577881,3268.0
847.695801,3240.2
847.813782,3259.0
847.931641,3232.0
848.049561,3265.0
848.167603,3226.8
848.285461,3273.6
848.403381,3284.4
848.521362,3278.0
848.639221,3260.4
848.75708,3271.0
848.875,3268.4
848.99292,3284.8
849.110901,3263.0
849.22876,3242.2
849.34668,3255.6
849.464539,3267.0
849.582458,3245.8
849.700317,3236.8
849.818176,3264.4
849.936096,3255.6
850.053955,3258.0
850.171875,3263.6
850.289673,3257.6
850.407593,3233.8
850.525452,3275.8
850.643311,3273.4
850.761169,3245.0
850.878967,3240.8
850.996887,3287.2
851.114746,3238.2
851.232544,3246.6
851.350403,3275.8
851.468262,3266.4
851.58606,3234.4
851.703979,3297.0
851.821777,3274.4
851.939636,3266.2
852.057434,3299.4
852.175232,3303.6
852.293091,3299.6
852.410889,3318.8
852.528687,3335.0
852.646545,3290.4
852.764343,3283.0
852.88208,3309.6
852.999939,3291.0
853.117676,3254.4
853.235535,3266.2
853.353271,3259.4
853.471069,3222.0
853.588928,3223.6
853.706604,3255.4
853.824402,3269.0
853.9422,3250.0
854.059998,3258.6
854.177734,3258.4
854.295532,3255.4
854.413269,3256.6
854.531006,3249.0
854.648804,3253.0
854.766541,3261.8
854.884277,3261.6
855.002014,3282.4
855.119751,3308.4
855.237549,3310.0
855.355225,3338.6
855.473022,3280.8
855.590698,3284.6
855.708435,3294.4
855.826172,3252.2
855.943848,3322.2
856.061646,3325.0
856.179321,3239.0
856.296997,3274.6
856.414795,3257.4
856.53241,3275.2
856.650085,3288.8
856.767822,3282.8
856.885559,3302.0
857.003174,3261.0
857.120911,3280.2
857.238586,3250.4
857.356201,3276.2
857.473938,3252.6
857.591614,3268.4
857.709351,3249.2
857.826965,3262.0
857.944641,3268.4
858.062317,3230.4
858.179993,3238.0
858.297668,3232.8
858.415283,3252.4
858.532959,3266.4
858.650574,3251.2
858.768188,3273.2
858.885803,3261.8
859.003479,3255.8
859.121094,3228.8
859.23877,3257.0
859.356384,3242.2
859.473999,3253.4
859.591675,3258.4
859.709229,3225.8
859.826843,3245.0
859.944458,3221.0
860.062012,3240.6
860.179626,3217.0
860.297302,3220.2
860.414856,3256.2
860.532471,3207.6
860.650024,3253.4
860.767639,3211.0
860.885193,3262.6
861.002808,3250.6
861.120361,3254.2
861.237976,3225.8
861.35553,3244.4
861.473022,3236.6
861.590698,3260.0
861.708191,3239.8
861.825745,3224.0
861.943298,3220.0
862.060852,3236.2
862.178406,3202.2
862.295959,3198.6
862.413513,3170.2
862.531006,3179.0
862.64856,3200.0
862.766113,3160.4
862.883667,3197.8
863.00116,3174.0
863.118713,3186.4
863.236206,3185.8
863.353699,3185.6
863.471252,3189.0
863.588745,3193.6
863.706177,3198.6
863.82373,3193.8
863.941162,3184.2
864.058716,3211.4
864.176208,3203.0
864.29364,3187.8
864.411194,3228.8
864.528687,3161.4
864.646118,3202.8
864.763611,3187.2
864.881042,3190.0
864.998535,3210.8
865.116028,3198.2
865.233459,3209.4
865.350891,3142.4
865.468384,3208.8
865.585754,3212.8
865.703308,3204.2
865.820679,3212.4
865.938171,3178.8
866.055542,3223.6
866.173035,3182.6
866.290466,3212.6
866.407837,3217.4
866.52533,3218.4
866.6427,3231.2
866.760071,3215.2
866.877563,3197.6
866.994934,3200.2
867.112305,3259.8
867.229736,3212.6
867.347107,3233.0
867.464539,3179.6
867.58197,3217.0
867.699341,3193.6
867.81665,3199.6
867.934082,3203.4
868.051453,3181.4
868.168823,3179.8
868.286194,3215.0
868.403564,3174.8
868.520935,3202.4
868.638306,3182.6
868.755676,3203.6
868.872986,3212.8
868.990295,3216.0
869.107727,3216.2
869.225037,3204.2
869.342346,3205.6
869.459717,3211.8
869.577026,3219.2
869.694336,3213.4
869.811707,3188.0
869.929016,3189.8
870.046326,3203.2
870.163635,3202.4
870.280945,3187.6
870.398254,3209.2
870.515564,3204.4
870.632812,3220.4
870.750183,3214.6
870.867432,3237.2
870.984741,3196.2
871.102051,3222.4
871.219299,3175.2
871.336609,3206.2
871.453918,3240.0
871.571106,3230.2
871.688416,3215.0
871.805664,3210.2
871.922852,3220.6
872.040222,3208.8
872.157471,3202.4
872.274719,3228.0
872.391968,3215.6
872.509155,3199.8
872.626465,3205.4
872.743652,3216.6
872.860962,3231.6
872.978149,3212.8
873.095337,3215.8
873.212646,3227.6
873.329834,3183.6
873.44696,3184.8
873.564209,3199.6
873.681396,3195.8
873.798645,3185.8
873.915894,3177.2
874.03302,3201.6
874.150208,3192.2
874.267456,3166.8
874.384583,3165.8
874.501831,3171.4
874.618958,3189.4
874.736145,3187.6
874.853333,3186.0
874.970459,3195.4
875.087646,3193.8
875.204834,3222.6
875.32196,3234.2
875.439148,3203.6
875.556274,3214.2
875.673401,3200.6
875.790527,3211.2
875.907715,3246.6
876.024841,3202.6
876.141968,3200.4
876.259094,3213.0
876.376282,3204.4
876.493347,3208.4
876.610474,3222.6
876.7276,3212.2
876.844727,3192.0
876.961853,3210.6
877.078918,3218.6
877.195984,3212.0
877.313171,3248.6
877.430237,3222.2
877.547302,3238.0
877.664368,3198.2
877.781433,3212.4
877.898499,3205.0
878.015625,3213.0
878.13269,3208.4
878.249695,3217.6
878.366821,3173.2
878.483887,3231.6
878.600952,3179.2
878.717957,3168.6
878.834961,3223.2
878.952087,3235.2
879.069092,3195.0
879.186157,3188.6
879.303162,3193.8
879.420227,3179.0
879.537231,3170.4
879.654236,3216.4
879.77124,3191.2
879.888306,3167.8
880.005249,3199.0
880.122314,3161.6
880.239319,3201.0
880.356323,3136.8
880.473328,3141.0
880.590271,3160.6
880.707275,3146.4
880.824341,3171.2
880.941284,3146.8
881.058228,3152.8
881.175232,3187.4
881.292236,3156.4
881.40918,3176.6
881.526123,3150.8
881.643066,3194.2
881.760071,3188.0
881.877014,3193.4
881.993958,3190.6
882.11084,3182.4
882.227783,3167.2
882.344727,3185.2
882.46167,3129.4
882.578613,3163.8
882.695618,3155.8
882.812439,3130.0
882.929382,3159.2
883.046326,3191.8
883.163208,3175.2
883.280151,3172.8
883.397034,3137.0
883.513916,3158.4
883.630798,3167.0
883.747742,3178.4
883.864563,3165.4
883.981506,3207.0
884.098389,3186.0
884.21521,3190.4
884.332153,3206.2
884.448975,3157.6
884.565796,3180.0
884.682678,3153.8
884.7995,3177.2
884.916443,3180.6
885.033264,3217.8
885.150085,3178.0
885.266968,3230.8
885.383789,3229.6
885.500671,3263.2
885.617493,3207.0
885.734314,3261.6
885.851196,3228.4
885.967896,3216.6
886.084717,3243.0
886.201599,3253.0
886.318359,3220.6
886.435181,3230.2
886.552002,3192.8
886.668762,3244.4
886.785645,3239.2
886.902344,3214.0
887.019165,3229.2
887.135925,3180.0
887.252747,3218.6
887.369446,3192.4
887.486267,3210.4
887.603027,3187.8
887.719788,3191.4
887.836548,3192.6
887.953247,3152.0
888.070068,3168.0
888.186829,3171.6
888.303528,3177.0
888.420288,3184.0
888.536987,3137.4
888.653687,3188.4
888.770447,3156.4
888.887146,3161.4
889.003967,3162.0
889.120667,3165.8
889.237305,3145.8
889.354065,3188.6
889.470703,3143.0
889.587463,3184.4
889.704163,3166.6
889.820862,3157.6
889.937561,3179.2
890.054199,3126.4
890.170837,3135.4
890.287598,3145.4
890.404236,3159.2
890.520874,3161.0
890.637634,3177.6
890.754211,3146.2
890.87085,3142.0
890.987549,3177.4
891.104187,3158.4
891.220886,3180.8
891.337463,3160.4
891.454102,3173.0
891.57074,3181.2
891.687378,3164.6
891.804077,3174.6
891.920654,3149.2
892.037231,3129.2
892.15387,3181.2
892.270447,3150.2
892.387085,3125.2
892.503723,3152.2
892.6203,3116.6
892.736877,3176.8
892.853516,3155.8
892.970032,3173.4
893.08667,3179.4
893.203186,3162.2
893.319763,3161.2
893.43634,3161.4
893.552917,3157.0
893.669556,3178.6
893.786011,3150.0
893.902588,3163.2
894.019165,3179.6
894.135681,3168.0
894.252197,3163.6
894.368835,3201.6
894.485291,3176.2
894.601868,3150.4
894.718384,3170.8
894.8349,3175.2
894.951355,3169.6
895.067932,3172.4
895.184448,3157.2
895.300964,3178.2
895.417419,3178.8
895.533936,3162.0
895.650452,3206.6
895.766907,3184.6
895.883423,3158.0
895.999878,3190.4
896.116333,3184.6
896.232849,3185.4
896.349304,3153.0
896.465759,3170.4
896.582214,3160.8
896.698669,3147.6
896.815125,3167.8
896.931641,3165.0
897.048035,3156.8
897.164551,3131.8
897.280884,3144.6
897.397339,3151.6
897.513794,3163.0
897.630249,3181.4
897.746582,3214.2
897.863098,3176.2
897.979431,3220.2
898.095886,3196.0
898.212341,3164.8
898.328674,3173.4
898.445129,3207.0
898.561462,3183.6
898.677795,3177.8
898.794312,3203.6
898.910645,3165.4
899.026978,3187.8
899.143433,3182.8
899.259766,3146.6
899.37616,3178.0
899.492493,3174.2
899.608765,3164.0
899.725159,3154.8
899.841553,3182.2
899.957947,3211.2
900.07428,3188.4
900.190552,3191.4
900.306946,3187.8
900.423157,3215.6
900.53949,3196.6
900.655884,3187.8
900.772156,3219.4
900.888489,3202.4
901.004822,3195.0
901.121033,3182.8
901.237366,3188.8
901.353699,3208.4
901.46991,3158.6
901.586304,3167.2
901.702515,3194.8
901.818787,3192.0
901.93512,3178.2
902.051331,3205.2
902.167603,3211.0
902.283875,3246.6
902.400085,3197.6
902.516418,3232.2
902.632629,3195.4
902.74884,3229.6
902.865112,3238.8
902.981384,3208.4
903.097595,3242.6
903.213867,3218.8
903.330017,3274.4
903.446289,3239.0
903.5625,3210.6
903.67865,3203.8
903.794922,3251.0
903.911072,3185.6
904.027344,3222.2
904.143494,3214.0
904.259705,3217.0
904.375916,3179.2
904.492065,3206.2
904.608215,3180.4
904.724426,3195.2
904.840576,3195.0
904.956726,3192.0
905.072876,3191.2
905.189087,3183.4
905.305176,3203.2
905.421387,3203.0
905.537537,3200.0
905.653687,3191.2
905.769775,3187.4
905.885925,3227.2
906.002014,3201.8
906.118164,3180.6
906.234314,3164.8
906.350403,3174.4
906.466492,3191.6
906.582642,3174.0
906.69873,3181.8
906.814758,3188.4
906.930908,3176.8
907.046936,3138.6
907.163086,3176.6
907.279175,3183.6
907.395264,3154.0
907.511353,3177.6
907.62738,3151.2
907.743408,3196.0
907.859497,3180.4
907.975525,3179.2
908.091553,3169.4
908.207703,3195.0
908.32373,3182.2
908.439758,3209.4
908.555786,3183.0
908.671814,3191.4
908.787842,3188.6
908.90387,3190.4
909.019775,3169.4
909.135864,3150.0
909.251892,3181.2
909.367859,3167.8
909.483826,3153.4
909.599854,3195.6
909.715881,3169.0
909.831848,3169.0
909.947815,3171.8
910.063782,3176.2
910.179749,3180.6
910.295776,3168.2
910.411743,3169.2
910.527649,3159.6
910.643616,3199.0
910.759583,3161.6
910.875488,3211.0
910.991455,3149.8
911.107361,3188.4
911.223267,3168.6
911.339294,3178.6
911.4552,3191.2
911.571106,3143.4
911.687073,3184.0
911.802979,3152.8
911.918823,3139.0
912.034729,3180.8
912.150635,3144.6
912.266602,3173.8
912.382446,3145.8
912.498352,3126.6
912.614197,3133.2
912.730103,3123.8
912.846008,3144.8
792.44574,5818.6
792.56488,5707.4
792.68396,5710.0
792.80304,5652.0
792.92218,5544.4
793.041199,5544.0
793.160339,5488.8
793.279419,5475.8
793.398499,5396.6
793.517578,5373.6
793.636658,5319.8
793.755737,5264.2
793.874817,5255.6
793.993896,5205.4
794.112976,5160.4
794.232056,5165.0
794.351074,5147.0
794.470215,5058.4
794.589233,5031.8
794.708313,5049.0
794.827393,4997.8
794.946411,5019.0
795.065552,5002.6
795.18457,4979.6
795.303589,4950.4
795.422668,4911.2
795.541687,4943.6
795.660767,4900.4
795.779846,4868.8
795.898865,4824.0
796.017883,4855.8
796.136963,4793.6
796.255981,4807.0
796.375061,4813.0
796.49408,4744.6
796.613037,4754.6
796.732117,4736.2
796.851135,4699.4
796.970154,4681.6
797.089233,4648.0
797.208191,4660.4
797.327271,4623.6
797.446228,4621.8
797.565186,4636.8
797.684265,4681.2
797.803223,4596.8
797.922241,4573.0
798.04126,4602.4
798.160278,4576.0
798.279297,4553.2
798.398315,4594.8
798.517273,4544.8
798.636292,4540.6
798.75531,4530.4
798.874268,4545.4
798.993286,4561.8
799.112244,4587.0
799.231323,4577.0
799.350281,4519.0
799.469238,4528.6
799.588257,4566.6
799.707153,4548.2
799.826111,4557.6
799.945129,4515.2
800.064087,4522.6
800.183044,4482.0
800.302063,4477.2
800.421021,4509.4
800.539978,4476.6
800.658936,4467.0
800.777893,4484.4
800.896912,4476.8
801.015747,4437.2
801.134705,4430.4
801.253723,4435.8
801.37262,4415.6
801.491638,4387.2
801.610535,4456.2
801.729492,4427.2
801.84845,4385.0
801.967407,4441.2
802.086243,4388.0
802.205261,4436.2
802.324158,4411.4
802.443115,4397.0
802.562073,4387.0
802.680969,4428.0
802.799927,4395.8
802.918762,4392.0
803.037659,4396.2
803.156677,4440.0
803.275574,4425.2
803.39447,4395.0
803.513428,4363.4
803.632263,4360.8
803.751221,4365.2
803.870117,4399.0
803.989014,4360.0
804.107971,4357.4
804.226746,4370.4
804.345642,4419.2
804.4646,4364.2
804.583496,4372.4
804.702393,4340.4
804.821228,4348.4
804.940125,4391.2
805.059021,4334.0
805.177917,4355.0
805.296814,4386.6
805.415649,4358.4
805.534546,4393.4
805.653442,4354.2
805.772278,4466.4
805.891113,4350.6
806.01001,4409.0
806.128906,4336.6
806.247742,4340.8
806.366577,4357.6
806.485413,4345.8
806.604309,4326.4
806.723145,4376.0
806.84198,4363.2
806.960876,4331.0
807.079712,4340.6
807.198486,4342.0
807.317383,4316.8
807.436218,4292.2
807.554993,4323.0
807.673889,4350.6
807.792725,4325.4
807.91156,4322.4
808.030396,4324.4
808.14917,4321.8
808.268005,4300.4
808.386841,4327.4
808.505676,4303.4
808.624451,4331.4
808.743286,4274.0
808.862122,4277.4
808.980896,4288.4
809.099731,4303.6
809.218506,4277.8
809.337341,4297.6
809.456116,4278.4
809.57489,4323.0
809.693726,4307.2
809.8125,4312.0
809.931274,4292.0
810.050049,4310.2
810.168884,4269.8
810.287659,4280.8
810.406372,4287.0
810.525269,4270.6
810.643982,4268.6
810.762756,4242.0
810.881531,4254.8
811.000305,4242.0
811.11908,4217.0
811.237854,4229.6
811.356567,4253.2
811.475403,4255.2
811.594116,4187.0
811.71283,4247.0
811.831604,4239.8
811.950378,4221.2
812.069153,4206.2
812.187927,4252.8
812.30658,4244.8
812.425415,4177.6
812.544128,4218.8
812.662781,4196.6
812.781616,4207.2
812.900269,4216.6
813.019043,4184.8
813.137756,4190.8
813.256531,4169.4
813.375244,4145.4
813.493896,4182.4
813.612671,4186.6
813.731384,4173.6
813.850037,4159.4
813.96875,4179.6
814.087524,4135.0
814.206238,4164.2
814.324951,4139.2
814.443604,4182.6
814.562256,4174.2
814.68103,4136.8
814.799683,4138.2
814.918335,4131.8
815.037109,4144.6
815.155762,4131.4
815.274475,4147.0
815.393188,4151.0
815.511841,4179.0
815.630554,4114.4
815.749146,4132.4
815.867859,4078.6
815.986572,4133.6
816.105164,4109.4
816.223877,4154.0
816.342529,4130.0
816.461182,4121.4
816.579895,4181.2
816.698486,4171.8
816.817139,4122.0
816.935791,4170.8
817.054504,4141.6
817.173096,4130.2
817.291748,4078.0
817.4104,4139.8
817.529053,4094.8
817.647644,4138.8
817.766235,4121.0
817.884949,4102.6
818.00354,4083.8
818.122192,4144.6
818.240845,4087.8
818.359436,4067.6
818.478088,4088.0
818.59668,4069.2
818.715271,4120.0
818.833923,4080.4
818.952515,4085.4
819.071106,4072.4
819.189758,4078.2
819.30835,4083.8
819.426941,4060.8
819.545532,4079.6
819.664124,4048.8
819.782715,4050.0
819.901306,4073.6
820.019897,4028.0
820.138489,4073.6
820.25708,4086.6
820.375671,4069.2
820.494202,4057.0
820.612732,4088.2
820.731384,4023.8
820.849915,4034.0
820.968506,4037.2
821.087097,3991.8
821.205627,4028.4
821.324158,4020.8
821.442749,4007.8
821.561279,4022.8
821.679871,4007.8
821.798401,3979.8
821.916931,4016.4
822.035461,4015.2
822.154053,4020.6
822.272583,3989.0
822.391174,4013.4
822.509583,3992.0
822.628174,3981.2
822.746704,3990.6
822.865234,3986.4
822.983765,3974.4
823.102295,4008.6
823.220825,3971.0
823.339294,3992.4
823.457825,4021.2
823.576355,4360.4
823.694824,3985.0
823.813354,3960.2
823.931885,3965.4
824.050354,3937.6
824.168884,3949.8
824.287354,3967.4
824.405823,3927.4
824.524353,3973.8
824.642822,3970.0
824.761353,3961.8
824.879822,3958.2
824.998291,3948.0
825.116699,3916.4
825.235291,3955.4
825.353699,3969.0
825.472168,3908.4
825.590637,3937.6
825.709106,3952.8
825.827576,3927.6
825.946045,3887.4
826.064453,3907.6
826.182983,3926.6
826.301392,3918.4
826.4198,3932.4
826.53833,3941.2
826.656738,3936.2
826.775208,3911.2
826.893677,3946.6
827.012024,3899.4
827.130493,3920.6
827.248962,3952.2
827.36731,3907.6
827.485779,3911.0
827.604248,3920.8
827.722595,3926.6
827.841064,3887.2
827.959412,3876.8
828.077942,3851.8
828.196289,3850.2
828.314636,3848.4
828.433105,3826.2
828.551514,3832.8
828.669861,3846.0
828.78833,3845.4
828.906677,3858.4
829.025085,3864.6
829.143433,3883.4
829.261841,3849.6
829.38031,3854.6
829.498657,3848.2
829.617004,3864.4
829.735413,3856.0
829.85376,3833.2
829.972107,3833.2
830.090515,3852.6
830.208862,3821.6
830.327209,3827.6
830.445557,3842.6
830.563904,3869.2
830.682312,3836.6
830.800659,3821.6
830.919006,3863.2
831.037354,3844.8
831.155701,3864.0
831.274048,3867.0
831.392395,3838.0
831.51062,3823.2
831.629028,3796.2
831.747314,3874.2
831.865662,3847.2
831.984009,3835.0
832.102356,3848.4
832.220642,3826.2
832.338928,3854.4
832.457275,3841.4
832.575623,3844.6
832.693909,3823.2
832.812134,3859.6
832.930481,3845.6
833.048828,3838.2
833.167114,3829.0
833.2854,3814.0
833.403687,3817.2
833.521973,3806.4
833.640259,3795.6
833.758545,3824.8
833.876831,3808.8
833.995056,3824.2
834.113281,3822.8
834.231628,3789.6
834.349915,3790.8
834.468201,3822.4
834.586426,3830.4
834.704651,3821.8
834.822998,3812.4
834.941162,3845.6
835.059448,3810.0
835.177673,3829.8
835.295959,3852.2
835.414246,3825.0
835.53241,3800.2
835.650635,3784.0
835.768921,3759.6
835.887146,3793.0
836.005371,3781.0
836.123596,3800.6
836.241821,3819.8
836.360046,3780.0
836.478271,3756.4
836.596497,3771.0
836.714722,3791.6
836.832886,3776.4
836.95105,3750.0
837.069336,3807.8
837.1875,3768.4
837.305725,3737.2
837.423889,3794.4
837.542053,3744.8
837.660339,3775.8
837.778503,3779.6
837.896667,3816.6
838.014832,3765.0
838.132996,3759.2
838.25116,3754.6
838.369385,3797.2
838.487488,3765.6
838.605713,3778.6
838.723877,3811.4
838.84198,3745.6
838.960205,3783.4
839.078308,3788.0
839.196472,3762.0
839.314636,3773.6
839.4328,3784.6
839.550964,3788.8
839.669067,3783.0
839.787231,3798.8
839.905396,3784.8
840.023499,3774.8
840.141602,3785.0
840.259766,3772.2
840.377869,3759.2
840.495972,3758.4
840.614136,3747.8
840.732239,3773.6
840.850342,3693.6
840.968445,3711.6
841.086548,3714.8
841.204651,3721.6
841.322754,3731.8
841.440918,3717.6
841.55896,3773.4
841.677002,3757.6
841.795166,3763.2
841.913208,3744.6
842.031311,3750.0
842.149353,3772.0
842.267456,3715.6
842.385498,3741.6
842.503601,3732.2
842.621643,3715.8
842.739746,3718.8
842.857788,3739.2
842.97583,3757.8
843.093933,3729.0
843.211975,3770.4
843.330017,3804.6
843.44812,3763.6
843.566101,3764.2
843.684204,3771.8
843.802246,3733.2
843.920227,3744.2
844.038269,3832.0
844.156311,3750.4
844.274292,3773.8
844.392395,3746.8
844.510376,3760.6
844.628357,3746.0
844.74646,3703.6
844.864441,3730.0
844.982422,3740.4
845.100403,3780.0
845.218384,3718.0
845.336426,3716.4
845.454468,3718.8
845.572449,3704.6
845.69043,3746.6
845.808411,3732.0
845.926453,3721.8
846.044373,3722.8
846.162354,3706.6
846.280396,3717.4
846.398315,3716.0
846.516296,3714.2
846.634216,3708.0
846.752197,3743.0
846.870178,3752.8
846.988098,3717.6
847.106079,3726.8
847.22406,3750.6
847.34198,3742.8
847.4599,3722.0
847.577881,3725.6
847.695801,3760.6
847.813782,3727.0
847.931641,3768.8
848.049561,3738.6
848.167603,3701.2
848.285461,3711.0
848.403381,3777.8
848.521362,3736.8
848.639221,3782.0
848.75708,3768.0
848.875,3764.2
848.99292,3740.2
849.110901,3769.6
849.22876,3736.6
849.34668,3709.6
849.464539,3740.4
849.582458,3708.6
849.700317,3678.4
849.818176,3692.0
849.936096,3724.2
850.053955,3716.4
850.171875,3721.8
850.289673,3695.0
850.407593,3702.4
850.525452,3719.8
850.643311,3729.2
850.761169,3714.2
850.878967,3686.4
850.996887,3744.4
851.114746,3683.8
851.232544,3692.4
851.350403,3713.8
851.468262,3724.4
851.58606,3707.4
851.703979,3704.6
851.821777,3752.2
851.939636,3727.6
852.057434,3762.6
852.175232,3755.8
852.293091,3783.4
852.410889,3778.4
852.528687,3816.4
852.646545,3785.2
852.764343,3749.2
852.88208,3764.4
852.999939,3728.6
853.117676,3705.2
853.235535,3706.8
853.353271,3719.2
853.471069,3680.2
853.588928,3679.0
853.706604,3692.0
853.824402,3696.2
853.9422,3707.0
854.059998,3714.8
854.177734,3711.4
854.295532,3728.0
854.413269,3703.8
854.531006,3702.2
854.648804,3746.4
854.766541,3733.6
854.884277,3753.2
855.002014,3751.2
855.119751,3764.4
855.237549,3789.0
855.355225,3766.0
855.473022,3798.8
855.590698,3717.2
855.708435,3759.4
855.826172,3749.4
855.943848,3765.8
856.061646,3777.0
856.179321,3706.0
856.296997,3739.6
856.414795,3740.2
856.53241,3758.8
856.650085,3735.8
856.767822,3744.4
856.885559,3766.8
857.003174,3706.2
857.120911,3741.6
857.238586,3705.0
857.356201,3732.4
857.473938,3675.4
857.591614,3685.0
857.709351,3727.6
857.826965,3686.0
857.944641,3709.2
858.062317,3717.6
858.179993,3722.8
858.297668,3711.6
858.415283,3679.6
858.532959,3705.6
858.650574,3713.2
858.768188,3689.2
858.885803,3724.6
859.003479,3668.0
859.121094,3676.8
859.23877,3668.8
859.356384,3702.2
859.473999,3725.6
859.591675,3666.2
859.709229,3714.8
859.826843,3729.8
859.944458,3676.2
860.062012,3643.6
860.179626,3668.6
860.297302,3648.0
860.414856,3655.4
860.532471,3675.8
860.650024,3694.0
860.767639,3654.0
860.885193,3685.2
861.002808,3674.8
861.120361,3725.2
861.237976,3670.6
861.35553,3682.6
861.473022,3659.0
861.590698,3726.0
861.708191,3676.8
861.825745,3667.0
861.943298,3643.4
862.060852,3625.6
862.178406,3642.4
862.295959,3607.0
862.413513,3607.6
862.531006,3604.2
862.64856,3610.2
862.766113,3571.2
862.883667,3589.2
863.00116,3610.2
863.118713,3625.4
863.236206,3579.0
863.353699,3593.2
863.471252,3674.0
863.588745,3602.4
863.706177,3611.4
863.82373,3630.0
863.941162,3630.2
864.058716,3629.4
864.176208,3620.4
864.29364,3617.0
864.411194,3643.6
864.528687,3608.0
864.646118,3643.4
864.763611,3591.8
864.881042,3609.8
864.998535,3616.0
865.116028,3625.0
865.233459,3607.8
865.350891,3605.0
865.468384,3628.6
865.585754,3664.0
865.703308,3614.0
865.820679,3644.4
865.938171,3622.4
866.055542,3640.0
866.173035,3637.2
866.290466,3609.6
866.407837,3654.2
866.52533,3667.8
866.6427,3633.2
866.760071,3640.0
866.877563,3623.6
866.994934,3599.6
867.112305,3644.8
867.229736,3595.0
867.347107,3607.4
867.464539,3618.4
867.58197,3596.0
867.699341,3649.0
867.81665,3634.8
867.934082,3611.2
868.051453,3633.8
868.168823,3610.6
868.286194,3604.8
868.403564,3647.4
868.520935,3617.0
868.638306,3642.8
868.755676,3639.6
868.872986,3651.8
868.990295,3632.2
869.107727,3647.6
869.225037,3605.8
869.342346,3629.8
869.459717,3611.4
869.577026,3642.2
869.694336,3628.0
869.811707,3619.8
869.929016,3635.0
870.046326,3645.0
870.163635,3617.0
870.280945,3628.0
870.398254,3639.8
870.515564,3635.4
870.632812,3588.6
870.750183,3628.8
870.867432,3626.8
870.984741,3600.2
871.102051,3630.0
871.219299,3620.6
871.336609,3658.2
871.453918,3632.8
871.571106,3635.2
871.688416,3626.6
871.805664,3650.6
871.922852,3606.2
872.040222,3634.8
872.157471,3612.2
872.274719,3621.4
872.391968,3847.2
872.509155,3619.2
872.626465,3636.6
872.743652,3604.0
872.860962,3634.8
872.978149,3594.4
873.095337,3609.8
873.212646,3611.8
873.329834,3604.2
873.44696,3591.0
873.564209,3625.2
873.681396,3632.6
873.798645,3629.0
873.915894,3601.6
874.03302,3614.4
874.150208,3601.8
874.267456,3594.4
874.384583,3614.6
874.501831,3595.6
874.618958,3615.4
874.736145,3615.4
874.853333,3630.0
874.970459,3639.0
875.087646,3617.8
875.204834,3630.8
875.32196,3636.2
875.439148,3647.0
875.556274,3613.6
875.673401,3614.2
875.790527,3583.4
875.907715,3656.8
876.024841,3599.4
876.141968,3633.6
876.259094,3607.4
876.376282,3604.4
876.493347,3609.0
876.610474,3595.2
876.7276,3609.6
876.844727,3629.2
876.961853,3637.6
877.078918,3628.6
877.195984,3645.6
877.313171,3672.6
877.430237,3628.0
877.547302,3610.0
877.664368,3602.2
877.781433,3653.2
877.898499,3628.8
878.015625,3653.4
878.13269,3603.0
878.249695,3601.8
878.366821,3592.2
878.483887,3628.4
878.600952,3603.6
878.717957,3638.2
878.834961,3612.0
878.952087,3643.6
879.069092,3612.8
879.186157,3598.8
879.303162,3567.4
879.420227,3579.0
879.537231,3579.0
879.654236,3556.0
879.77124,3554.8
879.888306,3549.8
880.005249,3561.4
880.122314,3552.4
880.239319,3553.4
880.356323,3565.6
880.473328,3521.6
880.590271,3531.8
880.707275,3549.8
880.824341,3557.2
880.941284,3524.6
881.058228,3510.2
881.175232,3580.0
881.292236,3554.0
881.40918,3554.4
881.526123,3593.2
881.643066,3543.6
881.760071,3578.6
881.877014,3585.6
881.993958,3581.8
882.11084,3563.0
882.227783,3538.6
882.344727,3544.0
882.46167,3556.6
882.578613,3474.6
882.695618,3531.0
882.812439,3520.2
882.929382,3541.0
883.046326,3545.4
883.163208,3533.4
883.280151,3503.4
883.397034,3505.2
883.513916,3547.4
883.630798,3545.0
883.747742,3559.2
883.864563,3567.4
883.981506,3581.2
884.098389,3567.0
884.21521,3546.8
884.332153,3583.2
884.448975,3534.0
884.565796,3556.6
884.682678,3566.0
884.7995,3576.8
884.916443,3588.8
885.033264,3604.8
885.150085,3548.6
885.266968,3621.4
885.383789,3621.2
885.500671,3606.6
885.617493,3634.2
885.734314,3633.8
885.851196,3656.2
885.967896,3641.0
886.084717,3637.2
886.201599,3630.2
886.318359,3638.4
886.435181,3613.8
886.552002,3608.8
886.668762,3597.0
886.785645,3616.8
886.902344,3603.2
887.019165,3573.4
887.135925,3570.0
887.252747,3614.6
887.369446,3609.6
887.486267,3532.6
887.603027,3554.4
887.719788,3549.4
887.836548,3553.8
887.953247,3537.6
888.070068,3525.4
888.186829,3541.0
888.303528,3509.2
888.420288,3514.6
888.536987,3517.0
888.653687,3506.6
888.770447,3522.6
888.887146,3528.0
889.003967,3568.6
889.120667,3520.0
889.237305,3543.2
889.354065,3513.2
889.470703,3494.8
889.587463,3508.6
889.704163,3528.0
889.820862,3504.2
889.937561,3489.4
890.054199,3477.4
890.170837,3487.8
890.287598,3486.2
890.404236,3474.4
890.520874,3470.8
890.637634,3486.8
890.754211,3514.2
890.87085,3517.0
890.987549,3482.0
891.104187,3478.2
891.220886,3481.6
891.337463,3504.4
891.454102,3517.8
891.57074,3480.4
891.687378,3483.2
891.804077,3483.8
891.920654,3478.6
892.037231,3452.8
892.15387,3462.4
892.270447,3455.8
892.387085,3486.8
892.503723,3461.4
892.6203,3484.8
892.736877,3464.6
892.853516,3474.4
892.970032,3463.0
893.08667,3488.6
893.203186,3477.2
893.319763,3479.6
893.43634,3480.4
893.552917,3501.8
893.669556,3507.0
893.786011,3495.2
893.902588,3498.8
894.019165,3494.6
894.135681,3498.0
894.252197,3459.0
894.368835,3520.6
894.485291,3521.8
894.601868,3496.4
894.718384,3529.6
894.8349,3468.0
894.951355,3497.0
895.067932,3474.6
895.184448,3515.6
895.300964,3531.2
895.417419,3510.2
895.533936,3512.8
895.650452,3489.4
895.766907,3507.2
895.883423,3492.8
895.999878,3505.8
896.116333,3517.4
896.232849,3493.2
896.349304,3463.4
896.465759,3485.2
896.582214,3466.0
896.698669,3488.8
896.815125,3452.8
896.931641,3484.6
897.048035,3482.6
897.164551,3458.6
897.280884,3496.2
897.397339,3472.8
897.513794,3492.0
897.630249,3518.0
897.746582,3496.4
897.863098,3516.8
897.979431,3507.4
898.095886,3519.0
898.212341,3502.8
898.328674,3520.0
898.445129,3537.6
898.561462,3506.4
898.677795,3496.8
898.794312,3495.0
898.910645,3469.2
899.026978,3487.8
899.143433,3482.2
899.259766,3489.8
899.37616,3501.4
899.492493,3489.6
899.608765,3482.0
899.725159,3473.4
899.841553,3474.8
899.957947,3493.2
900.07428,3485.8
900.190552,3522.0
900.306946,3502.6
900.423157,3554.6
900.53949,3492.6
900.655884,3528.8
900.772156,3495.6
900.888489,3541.0
901.004822,3496.6
901.121033,3471.0
901.237366,3477.6
901.353699,3510.6
901.46991,3509.2
901.586304,3503.6
901.702515,3505.6
901.818787,3512.6
901.93512,3539.4
902.051331,3515.2
902.167603,3523.6
902.283875,3533.6
902.400085,3522.6
902.516418,3499.4
902.632629,3508.6
902.74884,3545.2
902.865112,3546.4
902.981384,3536.8
903.097595,3524.4
903.213867,3583.8
903.330017,3577.4
903.446289,3549.8
903.5625,3523.8
903.67865,3545.6
903.794922,3553.6
903.911072,3502.2
904.027344,3521.4
904.143494,3521.4
904.259705,3494.4
904.375916,3475.6
904.492065,3472.2
904.608215,3504.2
904.724426,3503.8
904.840576,3490.8
904.956726,3470.4
905.072876,3456.4
905.189087,3502.6
905.305176,3503.6
905.421387,3515.2
905.537537,3473.0
905.653687,3533.6
905.769775,3467.0
905.885925,3515.4
906.002014,3481.0
906.118164,3460.2
906.234314,3475.4
906.350403,3476.0
906.466492,3469.2
906.582642,3490.6
906.69873,3469.6
906.814758,3452.0
906.930908,3450.2
907.046936,3447.0
907.163086,3458.6
907.279175,3481.6
907.395264,3477.4
907.511353,3455.0
907.62738,3453.8
907.743408,3465.4
907.859497,3479.6
907.975525,3481.6
908.091553,3459.8
908.207703,3450.0
908.32373,3452.4
908.439758,3482.8
908.555786,3447.2
908.671814,3476.0
908.787842,3436.8
908.90387,3465.4
909.019775,3447.0
909.135864,3413.2
909.251892,3424.4
909.367859,3433.2
909.483826,3475.2
909.599854,3424.8
909.715881,3433.6
909.831848,3456.0
909.947815,3455.0
910.063782,3411.8
910.179749,3408.2
910.295776,3450.6
910.411743,3444.0
910.527649,3453.2
910.643616,3465.0
910.759583,3438.8
910.875488,3448.8
910.991455,3487.6
911.107361,3446.0
911.223267,3476.6
911.339294,3451.0
911.4552,3469.2
911.571106,3422.4
911.687073,3432.8
911.802979,3423.2
911.918823,3398.8
912.034729,3434.2
912.150635,3412.8
912.266602,3416.0
912.382446,3416.4
912.498352,3373.0
912.614197,3381.4
912.730103,3419.6
912.846008,3418.2
792.44574,5856.6
792.56488,5693.0
792.68396,5720.2
792.80304,5681.0
792.92218,5592.2
793.041199,5489.2
793.160339,5534.4
793.279419,5439.0
793.398499,5401.4
793.517578,5347.2
793.636658,5274.4
793.755737,5261.0
793.874817,5243.0
793.993896,5178.8
794.112976,5116.8
794.232056,5127.2
794.351074,5137.6
794.470215,5083.6
794.589233,4968.8
794.708313,5024.2
794.827393,5004.8
794.946411,4988.6
795.065552,4964.8
795.18457,4959.0
795.303589,5007.0
795.422668,4907.4
795.541687,4848.4
795.660767,4859.6
795.779846,4780.8
795.898865,4769.0
796.017883,4761.2
796.136963,4784.2
796.255981,4768.4
796.375061,4736.0
796.49408,4722.0
796.613037,4708.8
796.732117,4666.8
796.851135,4628.0
796.970154,4617.2
797.089233,4585.8
797.208191,4590.0
797.327271,4592.0
797.446228,4581.4
797.565186,4578.4
797.684265,4568.0
797.803223,4560.6
797.922241,4541.6
798.04126,4570.6
798.160278,4511.6
798.279297,4537.0
798.398315,4533.0
798.517273,4488.0
798.636292,4517.8
798.75531,4492.6
798.874268,4535.6
798.993286,4517.4
799.112244,4490.8
799.231323,4494.6
799.350281,4486.2
799.469238,4500.0
799.588257,4476.2
799.707153,4490.6
799.826111,4445.0
799.945129,4456.0
800.064087,4468.8
800.183044,4451.6
800.302063,4435.6
800.421021,4431.0
800.539978,4414.6
800.658936,4407.6
800.777893,4441.2
800.896912,4406.6
801.015747,4409.4
801.134705,4380.4
801.253723,4366.0
801.37262,4372.8
801.491638,4363.4
801.610535,4386.4
801.729492,4331.0
801.84845,4350.2
801.967407,4351.2
802.086243,4350.4
802.205261,4385.0
802.324158,4355.2
802.443115,4341.0
802.562073,4323.8
802.680969,4364.6
802.799927,4335.2
802.918762,4364.4
803.037659,4329.0
803.156677,4400.6
803.275574,4335.0
803.39447,4343.6
803.513428,4287.6
803.632263,4338.8
803.751221,4321.8
803.870117,4332.4
803.989014,4329.8
804.107971,4294.4
804.226746,4313.6
804.345642,4312.8
804.4646,4295.6
804.583496,4312.6
804.702393,4299.8
804.821228,4282.8
804.940125,4267.6
805.059021,4279.0
805.177917,4315.4
805.296814,4323.2
805.415649,4350.4
805.534546,4304.6
805.653442,4316.8
805.772278,4330.8
805.891113,4353.4
806.01001,4332.4
806.128906,4321.6
806.247742,4309.2
806.366577,4259.4
806.485413,4293.8
806.604309,4322.0
806.723145,4331.0
806.84198,4316.8
806.960876,4269.8
807.079712,4291.8
807.198486,4244.2
807.317383,4306.4
807.436218,4262.6
807.554993,4275.6
807.673889,4264.6
807.792725,4265.4
807.91156,4246.8
808.030396,4285.6
808.14917,4238.0
808.268005,4237.2
808.386841,4245.6
808.505676,4177.2
808.624451,4250.4
808.743286,4217.2
808.862122,4245.4
808.980896,4238.6
809.099731,4206.4
809.218506,4230.6
809.337341,4204.0
809.456116,4192.6
809.57489,4254.6
809.693726,4208.8
809.8125,4201.8
809.931274,4231.2
810.050049,4242.4
810.168884,4359.2
810.287659,4218.2
810.406372,4191.0
810.525269,4234.2
810.643982,4187.2
810.762756,4154.0
810.881531,4158.8
811.000305,4159.2
811.11908,4148.6
811.237854,4161.8
811.356567,4153.0
811.475403,4192.6
811.594116,4129.4
811.71283,4150.2
811.831604,4159.6
811.950378,4144.4
812.069153,4167.4
812.187927,4178.6
812.30658,4191.0
812.425415,4137.4
812.544128,4126.4
812.662781,4117.8
812.781616,4109.2
812.900269,4124.6
813.019043,4118.0
813.137756,4153.6
813.256531,4156.2
813.375244,4109.6
813.493896,4113.6
813.612671,4114.0
813.731384,4078.2
813.850037,4112.2
813.96875,4084.8
814.087524,4096.8
814.206238,4077.0
814.324951,4083.6
814.443604,4058.0
814.562256,4102.4
814.68103,4074.6
814.799683,4052.4
814.918335,4063.6
815.037109,4081.6
815.155762,4057.6
815.274475,4064.0
815.393188,4072.6
815.511841,4063.8
815.630554,4057.8
815.749146,4036.0
815.867859,4046.8
815.986572,4045.2
816.105164,4034.2
816.223877,4069.2
816.342529,4019.8
816.461182,4081.0
816.579895,4068.6
816.698486,4103.8
816.817139,4051.0
816.935791,4051.4
817.054504,4056.4
817.173096,4035.6
817.291748,4022.6
817.4104,4037.6
817.529053,4011.2
817.647644,4033.6
817.766235,4044.0
817.884949,4016.6
818.00354,4005.6
818.122192,4020.6
818.240845,4041.8
818.359436,3976.2
818.478088,4003.0
818.59668,4023.4
818.715271,3997.0
818.833923,3984.2
818.952515,3950.2
819.071106,3961.6
819.189758,4006.4
819.30835,3978.6
819.426941,3973.2
819.545532,3974.2
819.664124,3930.8
819.782715,3937.2
819.901306,3999.2
820.019897,3959.0
820.138489,3993.2
820.25708,4002.0
820.375671,4007.0
820.494202,4020.0
820.612732,3971.8
820.731384,3983.0
820.849915,3942.4
820.968506,3947.8
821.087097,3938.6
821.205627,3973.6
821.324158,3928.8
821.442749,3917.6
821.561279,3924.6
821.679871,3927.4
821.798401,3904.6
821.916931,3892.6
822.035461,3941.4
822.154053,3937.8
822.272583,3888.0
822.391174,3873.6
822.509583,3855.8
822.628174,3869.0
822.746704,3880.2
822.865234,3905.8
822.983765,3856.2
823.102295,3919.2
823.220825,3891.0
823.339294,3888.2
823.457825,3898.2
823.576355,3895.4
823.694824,3888.8
823.813354,3887.6
823.931885,3872.8
824.050354,3825.0
824.168884,3859.4
824.287354,3858.0
824.405823,3914.6
824.524353,3881.8
824.642822,3892.0
824.761353,3869.6
824.879822,3868.0
824.998291,3857.8
825.116699,3857.2
825.235291,3895.8
825.353699,3887.2
825.472168,3858.6
825.590637,3841.4
825.709106,3877.2
825.827576,3863.4
825.946045,3832.6
826.064453,3880.4
826.182983,3863.6
826.301392,3844.2
826.4198,3831.6
826.53833,3841.2
826.656738,3844.0
826.775208,3822.6
826.893677,3822.2
827.012024,3814.8
827.130493,3809.0
827.248962,3830.4
827.36731,3849.6
827.485779,3814.4
827.604248,3836.4
827.722595,3828.4
827.841064,3782.0
827.959412,3801.0
828.077942,3814.4
828.196289,3792.0
828.314636,3772.4
828.433105,3755.2
828.551514,3774.0
828.669861,3781.8
828.78833,3767.8
828.906677,3747.4
829.025085,3814.8
829.143433,3787.8
829.261841,3789.4
829.38031,3787.8
829.498657,3744.6
829.617004,3784.4
829.735413,3779.0
829.85376,3752.8
829.972107,3766.8
830.090515,3737.2
830.208862,3764.4
830.327209,3746.0
830.445557,3770.6
830.563904,3757.4
830.682312,3765.2
830.800659,3746.4
830.919006,3780.8
831.037354,3792.2
831.155701,3792.8
831.274048,3746.0
831.392395,3720.8
831.51062,3777.4
831.629028,3728.0
831.747314,3755.2
831.865662,3741.0
831.984009,3740.2
832.102356,3769.2
832.220642,3761.2
832.338928,3748.4
832.457275,3749.4
832.575623,3740.4
832.693909,3739.6
832.812134,3810.6
832.930481,3774.2
833.048828,3762.2
833.167114,3756.8
833.2854,3748.8
833.403687,3753.6
833.521973,3757.2
833.640259,3692.2
833.758545,3757.0
833.876831,3699.2
833.995056,3729.6
834.113281,3732.0
834.231628,3719.6
834.349915,3688.4
834.468201,3728.0
834.586426,3724.6
834.704651,3746.4
834.822998,3727.4
834.941162,3765.0
835.059448,3743.8
835.177673,3753.0
835.295959,3728.8
835.414246,3773.6
835.53241,3729.8
835.650635,3725.8
835.768921,3712.4
835.887146,3693.4
836.005371,3738.2
836.123596,3753.4
836.241821,3696.8
836.360046,3737.6
836.478271,3736.0
836.596497,3697.2
836.714722,3704.6
836.832886,3692.6
836.95105,3689.0
837.069336,3704.8
837.1875,3679.4
837.305725,3690.4
837.423889,3654.2
837.542053,3711.2
837.660339,3691.0
837.778503,3682.6
837.896667,3691.6
838.014832,3672.4
838.132996,3680.2
838.25116,3713.6
838.369385,3683.8
838.487488,3710.4
838.605713,3677.8
838.723877,3735.0
838.84198,3704.2
838.960205,3675.4
839.078308,3695.6
839.196472,3678.6
839.314636,3699.6
839.4328,3715.0
839.550964,3708.2
839.669067,3670.4
839.787231,3705.6
839.905396,3713.6
840.023499,3694.8
840.141602,3680.6
840.259766,3671.4
840.377869,3692.0
840.495972,3699.4
840.614136,3640.4
840.732239,3648.0
840.850342,3635.8
840.968445,3652.8
841.086548,3632.0
841.204651,3649.8
841.322754,3683.4
841.440918,3665.0
841.55896,3638.4
841.677002,3639.8
841.795166,3650.2
841.913208,3672.2
842.031311,3674.0
842.149353,3625.8
842.267456,3660.8
842.385498,3638.4
842.503601,3637.4
842.621643,3655.6
842.739746,3629.0
842.857788,3661.2
842.97583,3655.0
843.093933,3684.4
843.211975,3659.0
843.330017,3721.0
843.44812,3674.8
843.566101,3706.2
843.684204,3659.8
843.802246,3641.2
843.920227,3681.0
844.038269,3684.6
844.156311,3681.8
844.274292,3662.0
844.392395,3679.8
844.510376,3669.6
844.628357,3645.4
844.74646,3634.8
844.864441,3650.0
844.982422,3674.8
845.100403,3657.6
845.218384,3619.0
845.336426,3653.0
845.454468,3643.2
845.572449,3624.0
845.69043,3639.0
845.808411,3634.4
845.926453,3623.4
846.044373,3643.2
846.162354,3618.0
846.280396,3656.8
846.398315,3640.4
846.516296,3639.6
846.634216,3634.4
846.752197,3614.0
846.870178,3640.6
846.988098,3645.0
847.106079,3633.4
847.22406,3643.4
847.34198,3632.8
847.4599,3652.4
847.577881,3629.8
847.695801,3669.4
847.813782,3642.6
847.931641,3659.8
848.049561,3668.8
848.167603,3628.6
848.285461,3647.6
848.403381,3663.6
848.521362,3659.4
848.639221,3687.2
848.75708,3689.0
848.875,3663.2
848.99292,3680.0
849.110901,3697.6
849.22876,3659.4
849.34668,3663.2
849.464539,3635.8
849.582458,3636.8
849.700317,3634.4
849.818176,3646.4
849.936096,3638.4
850.053955,3611.8
850.171875,3619.8
850.289673,3645.0
850.407593,3577.6
850.525452,3659.4
850.643311,3634.6
850.761169,3644.6
850.878967,3623.4
850.996887,3658.4
851.114746,3605.4
851.232544,3624.8
851.350403,3631.2
851.468262,3636.8
851.58606,3642.6
851.703979,3633.8
851.821777,3655.0
851.939636,3670.0
852.057434,3661.6
852.175232,3675.6
852.293091,3711.4
852.410889,3718.6
852.528687,3732.0
852.646545,3681.8
852.764343,3653.6
852.88208,3697.6
852.999939,3637.2
853.117676,3636.8
853.235535,3617.8
853.353271,3620.2
853.471069,3593.6
853.588928,3612.8
853.706604,3626.6
853.824402,3611.0
853.9422,3622.0
854.059998,3625.0
854.177734,3616.2
854.295532,3621.2
854.413269,3638.0
854.531006,3595.4
854.648804,3636.4
854.766541,3670.4
854.884277,3642.8
855.002014,3688.0
855.119751,3675.8
855.237549,3690.4
855.355225,3674.6
855.473022,3701.2
855.590698,3637.6
855.708435,3672.8
855.826172,3627.8
855.943848,3681.4
856.061646,3681.8
856.179321,3647.4
856.296997,3657.6
856.414795,3656.2
856.53241,3675.6
856.650085,3703.2
856.767822,3666.4
856.885559,3649.2
857.003174,3651.0
857.120911,3655.0
857.238586,3619.8
857.356201,3632.6
857.473938,3625.2
857.591614,3616.6
857.709351,3635.2
857.826965,3642.2
857.944641,3644.0
858.062317,3622.8
858.179993,3636.4
858.297668,3630.6
858.415283,3608.2
858.532959,3631.4
858.650574,3636.8
858.768188,3639.0
858.885803,3622.8
859.003479,3630.2
859.121094,3614.2
859.23877,3631.8
859.356384,3621.2
859.473999,3623.2
859.591675,3613.6
859.709229,3657.8
859.826843,3614.4
859.944458,3613.6
860.062012,3610.6
860.179626,3598.4
860.297302,3600.4
860.414856,3599.4
860.532471,3599.8
860.650024,3580.6
860.767639,3569.2
860.885193,3617.0
861.002808,3598.8
861.120361,3617.0
861.237976,3583.8
861.35553,3609.4
861.473022,3577.6
861.590698,3621.8
861.708191,3607.6
861.825745,3593.6
861.943298,3562.0
862.060852,3560.6
862.178406,3541.8
862.295959,3556.4
862.413513,3544.0
862.531006,3548.2
862.64856,3531.8
862.766113,3543.6
862.883667,3549.8
863.00116,3530.2
863.118713,3542.8
863.236206,3554.4
863.353699,3520.8
863.471252,3533.8
863.588745,3557.8
863.706177,3547.0
863.82373,3550.0
863.941162,3541.4
864.058716,3571.8
864.176208,3548.0
864.29364,3570.4
864.411194,3530.2
864.528687,3539.8
864.646118,3555.6
864.763611,3567.2
864.881042,3517.2
864.998535,3531.6
865.116028,3550.0
865.233459,3525.8
865.350891,3522.2
865.468384,3548.8
865.585754,3558.6
865.703308,3501.4
865.820679,3555.4
865.938171,3575.2
866.055542,3555.0
866.173035,3558.8
866.290466,3543.0
866.407837,3572.0
866.52533,3563.8
866.6427,3584.2
866.760071,3513.6
866.877563,3529.8
866.994934,3577.8
867.112305,3512.8
867.229736,3539.6
867.347107,3548.4
867.464539,3535.2
867.58197,3519.6
867.699341,3549.8
867.81665,3565.0
867.934082,3533.8
868.051453,3530.0
868.168823,3546.2
868.286194,3540.8
868.403564,3557.2
868.520935,3570.0
868.638306,3542.8
868.755676,3579.8
868.872986,3541.0
868.990295,3571.2
869.107727,3612.2
869.225037,3558.6
869.342346,3540.4
869.459717,3542.6
869.577026,3567.6
869.694336,3566.2
869.811707,3544.8
869.929016,3558.6
870.046326,3569.4
870.163635,3531.0
870.280945,3597.6
870.398254,3578.6
870.515564,3571.4
870.632812,3543.0
870.750183,3602.6
870.867432,3558.2
870.984741,3524.4
871.102051,3545.6
871.219299,3553.6
871.336609,3588.2
871.453918,3575.6
871.571106,3574.0
871.688416,3602.0
871.805664,3557.6
871.922852,3552.2
872.040222,3564.6
872.157471,3596.6
872.274719,3572.4
872.391968,3578.0
872.509155,3511.0
872.626465,3538.8
872.743652,3523.8
872.860962,3566.8
872.978149,3574.4
873.095337,3549.6
873.212646,3566.2
873.329834,3551.2
873.44696,3504.4
873.564209,3549.6
873.681396,3558.4
873.798645,3553.8
873.915894,3558.4
874.03302,3538.4
874.150208,3531.4
874.267456,3540.4
874.384583,3529.2
874.501831,3546.2
874.618958,3558.6
874.736145,3535.0
874.853333,3551.6
874.970459,3564.8
875.087646,3570.8
875.204834,3558.4
875.32196,3562.0
875.439148,3567.6
875.556274,3566.6
875.673401,3564.8
875.790527,3546.0
875.907715,3579.8
876.024841,3531.6
876.141968,3533.8
876.259094,3519.0
876.376282,3543.6
876.493347,3539.0
876.610474,3513.0
876.7276,3539.6
876.844727,3535.8
876.961853,3553.2
877.078918,3556.8
877.195984,3581.8
877.313171,3578.8
877.430237,3563.6
877.547302,3560.2
877.664368,3555.0
877.781433,3584.0
877.898499,3549.8
878.015625,3551.8
878.13269,3546.2
878.249695,3540.0
878.366821,3528.8
878.483887,3531.2
878.600952,3525.2
878.717957,3522.8
878.834961,3538.6
878.952087,3548.8
879.069092,3540.8
879.186157,3492.0
879.303162,3477.0
879.420227,3516.2
879.537231,3505.8
879.654236,3510.2
879.77124,3488.8
879.888306,3477.0
880.005249,3456.6
880.122314,3456.8
880.239319,3461.2
880.356323,3463.2
880.473328,3437.6
880.590271,3424.4
880.707275,3484.4
880.824341,3476.8
880.941284,3462.2
881.058228,3455.0
881.175232,3488.4
881.292236,3462.6
881.40918,3469.2
881.526123,3460.6
881.643066,3481.4
881.760071,3534.4
881.877014,3490.8
881.993958,3497.2
882.11084,3465.8
882.227783,3462.0
882.344727,3473.8
882.46167,3455.6
882.578613,3452.2
882.695618,3436.0
882.812439,3433.4
882.929382,3437.4
883.046326,3437.2
883.163208,3435.0
883.280151,3480.0
883.397034,3454.2
883.513916,3474.8
883.630798,3480.8
883.747742,3500.6
883.864563,3504.4
883.981506,3486.4
884.098389,3507.0
884.21521,3494.2
884.332153,3505.6
884.448975,3444.8
884.565796,3484.8
884.682678,3478.6
884.7995,3501.8
884.916443,3533.0
885.033264,3531.4
885.150085,3512.4
885.266968,3543.2
885.383789,3527.8
885.500671,3545.8
885.617493,3554.6
885.734314,3566.2
885.851196,3549.4
885.967896,3571.0
886.084717,3543.2
886.201599,3578.6
886.318359,3527.0
886.435181,3587.0
886.552002,3523.8
886.668762,3571.8
886.785645,3542.2
886.902344,3541.2
887.019165,3510.4
887.135925,3493.4
887.252747,3527.8
887.369446,3555.6
887.486267,3492.6
887.603027,3486.0
887.719788,3465.8
887.836548,3485.6
887.953247,3442.2
888.070068,3460.2
888.186829,3459.0
888.303528,3428.4
888.420288,3439.6
888.536987,3439.4
888.653687,3426.6
888.770447,3418.4
888.887146,3462.8
889.003967,3454.2
889.120667,3438.2
889.237305,3443.4
889.354065,3448.2
889.470703,3406.4
889.587463,3426.4
889.704163,3446.2
889.820862,3404.4
889.937561,3430.8
890.054199,3388.4
890.170837,3401.0
890.287598,3418.0
890.404236,3415.6
890.520874,3403.0
890.637634,3432.6
890.754211,3423.2
890.87085,3431.4
890.987549,3409.2
891.104187,3423.0
891.220886,3425.8
891.337463,3438.0
891.454102,3429.2
891.57074,3406.2
891.687378,3392.6
891.804077,3389.0
891.920654,3388.4
892.037231,3381.8
892.15387,3385.0
892.270447,3380.8
892.387085,3388.2
892.503723,3373.4
892.6203,3383.4
892.736877,3396.2
892.853516,3418.4
892.970032,3418.2
893.08667,3367.6
893.203186,3421.6
893.319763,3406.0
893.43634,3417.2
893.552917,3391.4
893.669556,3414.8
893.786011,3405.0
893.902588,3439.0
894.019165,3398.2
894.135681,3438.0
894.252197,3435.2
894.368835,3444.6
894.485291,3381.0
894.601868,3406.6
894.718384,3420.4
894.8349,3425.2
894.951355,3411.8
895.067932,3414.8
895.184448,3416.8
895.300964,3443.0
895.417419,3445.8
895.533936,3436.0
895.650452,3439.0
895.766907,3406.6
895.883423,3436.6
895.999878,3429.0
896.116333,3458.8
896.232849,3410.2
896.349304,3412.4
896.465759,3433.8
896.582214,3395.2
896.698669,3424.4
896.815125,3421.4
896.931641,3400.6
897.048035,3408.0
897.164551,3390.6
897.280884,3422.6
897.397339,3407.0
897.513794,3440.0
897.630249,3435.6
897.746582,3436.0
897.863098,3422.6
897.979431,3444.2
898.095886,3471.8
898.212341,3439.6
898.328674,3430.4
898.445129,3466.8
898.561462,3447.0
898.677795,3413.8
898.794312,3447.8
898.910645,3391.4
899.026978,3390.4
899.143433,3427.0
899.259766,3408.4
899.37616,3421.8
899.492493,3443.0
899.608765,3411.2
899.725159,3389.8
899.841553,3395.2
899.957947,3435.6
900.07428,3419.0
900.190552,3435.4
900.306946,3449.4
900.423157,3433.4
900.53949,3418.6
900.655884,3465.0
900.772156,3441.0
900.888489,3445.4
901.004822,3423.6
901.121033,3432.2
901.237366,3428.4
901.353699,3433.0
901.46991,3455.6
901.586304,3425.4
901.702515,3423.8
901.818787,3422.2
901.93512,3428.0
902.051331,3462.0
902.167603,3486.8
902.283875,3462.8
902.400085,3430.2
902.516418,3437.4
902.632629,3448.2
902.74884,3446.8
902.865112,3473.4
902.981384,3483.2
903.097595,3476.0
903.213867,3495.0
903.330017,3468.0
903.446289,3486.4
903.5625,3463.0
903.67865,3455.0
903.794922,3476.6
903.911072,3470.8
904.027344,3455.4
904.143494,3419.6
904.259705,3439.4
904.375916,3440.2
904.492065,3438.8
904.608215,3426.0
904.724426,3411.0
904.840576,3420.8
904.956726,3402.8
905.072876,3402.0
905.189087,3414.8
905.305176,3392.2
905.421387,3421.8
905.537537,3427.2
905.653687,3424.6
905.769775,3407.2
905.885925,3425.0
906.002014,3423.2
906.118164,3406.4
906.234314,3406.2
906.350403,3404.4
906.466492,3404.4
906.582642,3382.0
906.69873,3403.0
906.814758,3341.4
906.930908,3377.4
907.046936,3327.6
907.163086,3378.0
907.279175,3401.2
907.395264,3347.6
907.511353,3391.8
907.62738,3342.4
907.743408,3384.6
907.859497,3386.4
907.975525,3383.0
908.091553,3388.6
908.207703,3380.4
908.32373,3370.2
908.439758,3354.8
908.555786,3381.8
908.671814,3406.8
908.787842,3378.6
908.90387,3394.0
909.019775,3357.0
909.135864,3358.0
909.251892,3361.8
909.367859,3357.4
909.483826,3388.8
909.599854,3345.8
909.715881,3376.4
909.831848,3369.6
909.947815,3377.2
910.063782,3372.6
910.179749,3334.4
910.295776,3341.0
910.411743,3366.4
910.527649,3358.2
910.643616,3387.6
910.759583,3391.4
910.875488,3386.6
910.991455,3393.6
911.107361,3362.4
911.223267,3339.4
911.339294,3371.6
911.4552,3375.0
911.571106,3357.0
911.687073,3353.2
911.802979,3356.0
911.918823,3344.6
912.034729,3358.0
912.150635,3363.6
912.266602,3315.4
912.382446,3352.0
912.498352,3331.4
912.614197,3305.0
912.730103,3334.0
912.846008,3347.2
792.44574,5150.2
792.56488,4996.2
792.68396,5006.4
792.80304,4959.4
792.92218,4888.8
793.041199,4773.4
793.160339,4830.8
793.279419,4781.2
793.398499,4733.0
793.517578,4729.0
793.636658,4666.0
793.755737,4667.0
793.874817,4576.2
793.993896,4575.8
794.112976,4563.6
794.232056,4490.0
794.351074,4515.4
794.470215,4475.8
794.589233,4443.4
794.708313,4440.8
794.827393,4443.6
794.946411,4379.2
795.065552,4369.4
795.18457,4341.2
795.303589,4402.2
795.422668,4298.2
795.541687,4322.0
795.660767,4300.2
795.779846,4287.0
795.898865,4246.0
796.017883,4243.8
796.136963,4218.8
796.255981,4211.6
796.375061,4186.2
796.49408,4214.6
796.613037,4153.8
796.732117,4141.2
796.851135,4121.0
796.970154,4096.8
797.089233,4105.4
797.208191,4075.2
797.327271,4071.4
797.446228,4059.4
797.565186,4083.4
797.684265,4063.8
797.803223,4058.6
797.922241,4064.4
798.04126,4024.4
798.160278,4020.8
798.279297,4023.8
798.398315,4010.8
798.517273,4012.6
798.636292,3991.2
798.75531,4021.8
798.874268,3966.6
798.993286,3993.8
799.112244,3978.0
799.231323,3988.4
799.350281,3984.8
799.469238,3986.8
799.588257,3962.2
799.707153,3930.6
799.826111,3976.2
799.945129,3910.0
800.064087,3982.2
800.183044,3953.2
800.302063,3922.6
800.421021,3944.6
800.539978,3917.2
800.658936,3939.8
800.777893,3906.8
800.896912,3950.4
801.015747,3916.4
801.134705,3880.8
801.253723,3899.0
801.37262,3893.4
801.491638,3908.4
801.610535,3877.6
801.729492,3868.0
801.84845,3848.2
801.967407,3895.8
802.086243,3885.8
802.205261,3853.2
802.324158,3861.4
802.443115,3877.0
802.562073,3882.4
802.680969,3862.8
802.799927,3850.0
802.918762,3869.8
803.037659,3835.0
803.156677,3881.4
803.275574,3853.8
803.39447,3847.4
803.513428,3855.0
803.632263,3861.6
803.751221,3824.6
803.870117,3836.0
803.989014,3851.8
804.107971,3813.6
804.226746,3834.6
804.345642,3826.0
804.4646,3816.8
804.583496,3835.4
804.702393,3806.4
804.821228,3823.6
804.940125,3863.6
805.059021,3766.2
805.177917,3835.0
805.296814,3829.6
805.415649,3855.2
805.534546,3801.4
805.653442,3832.6
805.772278,3845.8
805.891113,3844.4
806.01001,3849.8
806.128906,3830.0
806.247742,3826.6
806.366577,3818.8
806.485413,3825.0
806.604309,3803.2
806.723145,3838.8
806.84198,3828.8
806.960876,3810.8
807.079712,3759.2
807.198486,3831.8
807.317383,3786.0
807.436218,3785.8
807.554993,3803.6
807.673889,3776.6
807.792725,3813.8
807.91156,3780.0
808.030396,3798.4
808.14917,3750.6
808.268005,3758.4
808.386841,3802.2
808.505676,3771.2
808.624451,3749.4
808.743286,3763.8
808.862122,3776.4
808.980896,3746.2
809.099731,3765.2
809.218506,3750.4
809.337341,3794.6
809.456116,3756.6
809.57489,3777.0
809.693726,3772.0
809.8125,3743.6
809.931274,3747.2
810.050049,3758.2
810.168884,3728.0
810.287659,3749.4
810.406372,3752.2
810.525269,3737.6
810.643982,3728.2
810.762756,3710.6
810.881531,3728.2
811.000305,3743.8
811.11908,3724.0
811.237854,3700.8
811.356567,3706.4
811.475403,3729.4
811.594116,3688.4
811.71283,3733.0
811.831604,3687.6
811.950378,3750.4
812.069153,3695.0
812.187927,3738.8
812.30658,3746.8
812.425415,3705.2
812.544128,3711.4
812.662781,3690.0
812.781616,3695.2
812.900269,3718.4
813.019043,3683.0
813.137756,3685.6
813.256531,3688.8
813.375244,3671.8
813.493896,3681.8
813.612671,3680.4
813.731384,3675.6
813.850037,3673.0
813.96875,3665.2
814.087524,3694.6
814.206238,3652.0
814.324951,3650.4
814.443604,3635.6
814.562256,3642.2
814.68103,3640.8
814.799683,3654.0
814.918335,3653.6
815.037109,3644.8
815.155762,3656.8
815.274475,3638.2
815.393188,3630.6
815.511841,3687.4
815.630554,3644.2
815.749146,3647.2
815.867859,3616.8
815.986572,3623.0
816.105164,3619.2
816.223877,3646.2
816.342529,3629.4
816.461182,3639.8
816.579895,3614.0
816.698486,3642.4
816.817139,3658.2
816.935791,3648.4
817.054504,3613.0
817.173096,3633.4
817.291748,3607.4
817.4104,3621.8
817.529053,3597.6
817.647644,3662.6
817.766235,3586.2
817.884949,3574.6
818.00354,3564.4
818.122192,3625.0
818.240845,3602.0
818.359436,3588.0
818.478088,3592.2
818.59668,3608.4
818.715271,3570.6
818.833923,3606.4
818.952515,3574.0
819.071106,3550.2
819.189758,3546.0
819.30835,3544.2
819.426941,3538.2
819.545532,3580.8
819.664124,3558.2
819.782715,3527.6
819.901306,3540.4
820.019897,3518.2
820.138489,3510.4
820.25708,3601.4
820.375671,3559.4
820.494202,3511.0
820.612732,3538.6
820.731384,3527.8
820.849915,3500.2
820.968506,3511.8
821.087097,3508.8
821.205627,3521.6
821.324158,3507.6
821.442749,3508.6
821.561279,3515.2
821.679871,3496.4
821.798401,3473.4
821.916931,3512.0
822.035461,3515.2
822.154053,3525.6
822.272583,3481.6
822.391174,3453.2
822.509583,3484.4
822.628174,3456.2
822.746704,3479.8
822.865234,3460.8
822.983765,3430.8
823.102295,3514.0
823.220825,3458.4
823.339294,3472.4
823.457825,3457.6
823.576355,3433.0
823.694824,3473.6
823.813354,3466.2
823.931885,3455.2
824.050354,3457.0
824.168884,3455.8
824.287354,3441.8
824.405823,3434.6
824.524353,3447.6
824.642822,3484.8
824.761353,3445.6
824.879822,3460.6
824.998291,3440.8
825.116699,3403.0
825.235291,3407.8
825.353699,3428.4
825.472168,3427.4
825.590637,3431.0
825.709106,3452.6
825.827576,3415.0
825.946045,3405.2
826.064453,3426.6
826.182983,3402.6
826.301392,3399.2
826.4198,3402.2
826.53833,3411.0
826.656738,3409.8
826.775208,3388.6
826.893677,3442.8
827.012024,3407.6
827.130493,3417.4
827.248962,3388.0
827.36731,3390.8
827.485779,3406.2
827.604248,3409.6
827.722595,3424.8
827.841064,3371.0
827.959412,3403.6
828.077942,3382.2
828.196289,3355.8
828.314636,3358.2
828.433105,3349.6
828.551514,3364.2
828.669861,3357.6
828.78833,3360.0
828.906677,3336.6
829.025085,3373.0
829.143433,3383.8
829.261841,3361.2
829.38031,3374.2
829.498657,3326.6
829.617004,3362.4
829.735413,3350.2
829.85376,3337.2
829.972107,3341.6
830.090515,3339.0
830.208862,3344.4
830.327209,3307.0
830.445557,3357.6
830.563904,3350.6
830.682312,3373.0
830.800659,3365.2
830.919006,3347.0
831.037354,3365.2
831.155701,3383.2
831.274048,3366.2
831.392395,3342.6
831.51062,3357.6
831.629028,3328.0
831.747314,3339.6
831.865662,3348.2
831.984009,3324.6
832.102356,3352.4
832.220642,3328.0
832.338928,3339.4
832.457275,3343.8
832.575623,3344.6
832.693909,3321.6
832.812134,3363.2
832.930481,3343.0
833.048828,3364.8
833.167114,3318.6
833.2854,3345.2
833.403687,3355.0
833.521973,3319.0
833.640259,3295.0
833.758545,3349.8
833.876831,3327.4
833.995056,3319.2
834.113281,3324.2
834.231628,3334.6
834.349915,3329.4
834.468201,3340.2
834.586426,3291.8
834.704651,3340.6
834.822998,3333.2
834.941162,3384.0
835.059448,3330.2
835.177673,3331.4
835.295959,3322.4
835.414246,3319.8
835.53241,3293.4
835.650635,3321.2
835.768921,3313.2
835.887146,3298.4
836.005371,3321.0
836.123596,3318.6
836.241821,3331.4
836.360046,3322.4
836.478271,3295.6
836.596497,3331.6
836.714722,3304.6
836.832886,3326.2
836.95105,3290.8
837.069336,3291.2
837.1875,3294.8
837.305725,3299.2
837.423889,3295.6
837.542053,3288.0
837.660339,3290.2
837.778503,3331.0
837.896667,3328.0
838.014832,3292.2
838.132996,3309.4
838.25116,3285.2
838.369385,3289.4
838.487488,3317.4
838.605713,3295.6
838.723877,3309.6
838.84198,3266.2
838.960205,3290.6
839.078308,3311.2
839.196472,3288.4
839.314636,3270.6
839.4328,3302.8
839.550964,3286.2
839.669067,3317.2
839.787231,3288.8
839.905396,3332.2
840.023499,3275.8
840.141602,3303.8
840.259766,3286.0
840.377869,3304.6
840.495972,3291.6
840.614136,3269.0
840.732239,3272.6
840.850342,3232.8
840.968445,3215.6
841.086548,3234.8
841.204651,3288.8
841.322754,3313.0
841.440918,3294.6
841.55896,3314.2
841.677002,3289.2
841.795166,3285.6
841.913208,3278.6
842.031311,3294.6
842.149353,3274.2
842.267456,3257.8
842.385498,3277.2
842.503601,3277.8
842.621643,3299.8
842.739746,3300.0
842.857788,3271.8
842.97583,3288.4
843.093933,3270.2
843.211975,3274.4
843.330017,3281.8
843.44812,3271.6
843.566101,3294.2
843.684204,3279.6
843.802246,3266.6
843.920227,3299.2
844.038269,3332.6
844.156311,3303.8
844.274292,3284.8
844.392395,3306.4
844.510376,3312.6
844.628357,3270.6
844.74646,3290.2
844.864441,3265.4
844.982422,3292.6
845.100403,3310.4
845.218384,3294.0
845.336426,3267.8
845.454468,3277.6
845.572449,3261.0
845.69043,3280.8
845.808411,3259.6
845.926453,3247.6
846.044373,3245.2
846.162354,3271.8
846.280396,3230.8
846.398315,3267.2
846.516296,3285.8
846.634216,3260.6
846.752197,3267.0
846.870178,3280.8
846.988098,3275.8
847.106079,3285.0
847.22406,3281.0
847.34198,3310.8
847.4599,3304.8
847.577881,3314.6
847.695801,3307.2
847.813782,3285.2
847.931641,3295.4
848.049561,3331.2
848.167603,3258.8
848.285461,3315.6
848.403381,3310.0
848.521362,3304.8
848.639221,3301.0
848.75708,3297.2
848.875,3277.0
848.99292,3297.8
849.110901,3287.0
849.22876,3283.8
849.34668,3282.4
849.464539,3289.0
849.582458,3255.2
849.700317,3263.4
849.818176,3281.0
849.936096,3244.8
850.053955,3302.4
850.171875,3237.2
850.289673,3268.6
850.407593,3282.0
850.525452,3286.8
850.643311,3303.4
850.761169,3297.6
850.878967,3273.6
850.996887,3306.8
851.114746,3280.8
851.232544,3265.0
851.350403,3275.0
851.468262,3264.8
851.58606,3269.0
851.703979,3296.2
851.821777,3269.8
851.939636,3274.2
852.057434,3299.6
852.175232,3324.0
852.293091,3328.8
852.410889,3365.6
852.528687,3339.4
852.646545,3332.6
852.764343,3318.4
852.88208,3314.4
852.999939,3269.2
853.117676,3276.6
853.235535,3235.2
853.353271,3260.4
853.471069,3227.6
853.588928,3237.4
853.706604,3270.0
853.824402,3291.6
853.9422,3285.6
854.059998,3276.0
854.177734,3281.2
854.295532,3249.2
854.413269,3262.0
854.531006,3262.8
854.648804,3294.8
854.766541,3279.4
854.884277,3271.0
855.002014,3271.2
855.119751,3296.6
855.237549,3316.2
855.355225,3285.4
855.473022,3297.8
855.590698,3296.4
855.708435,3300.2
855.826172,3300.8
855.943848,3294.2
856.061646,3288.0
856.179321,3287.6
856.296997,3288.2
856.414795,3299.6
856.53241,3284.8
856.650085,3335.0
856.767822,3323.4
856.885559,3304.8
857.003174,3303.2
857.120911,3314.2
857.238586,3256.0
857.356201,3295.4
857.473938,3281.2
857.591614,3258.8
857.709351,3282.0
857.826965,3252.0
857.944641,3284.8
858.062317,3276.8
858.179993,3259.0
858.297668,3247.4
858.415283,3250.6
858.532959,3279.0
858.650574,3252.6
858.768188,3287.4
858.885803,3264.6
859.003479,3251.4
859.121094,3252.4
859.23877,3249.0
859.356384,3283.0
859.473999,3262.8
859.591675,3256.2
859.709229,3276.0
859.826843,3260.8
859.944458,3255.4
860.062012,3259.6
860.179626,3252.2
860.297302,3243.8
860.414856,3255.2
860.532471,3246.2
860.650024,3247.0
860.767639,3250.2
860.885193,3235.2
861.002808,3222.8
861.120361,3236.8
861.237976,3252.4
861.35553,3263.8
861.473022,3230.4
861.590698,3246.4
861.708191,3251.6
861.825745,3236.8
861.943298,3221.0
862.060852,3231.4
862.178406,3203.0
862.295959,3233.0
862.413513,3200.4
862.531006,3210.6
862.64856,3201.4
862.766113,3214.8
862.883667,3203.0
863.00116,3175.8
863.118713,3208.2
863.236206,3183.8
863.353699,3211.2
863.471252,3183.2
863.588745,3205.0
863.706177,3200.2
863.82373,3192.8
863.941162,3184.6
864.058716,3230.0
864.176208,3216.8
864.29364,3215.2
864.411194,3230.6
864.528687,3191.2
864.646118,3238.6
864.763611,3197.4
864.881042,3242.0
864.998535,3202.8
865.116028,3226.8
865.233459,3211.8
865.350891,3194.4
865.468384,3217.4
865.585754,3229.0
865.703308,3230.4
865.820679,3217.4
865.938171,3201.0
866.055542,3183.6
866.173035,3226.4
866.290466,3202.4
866.407837,3227.6
866.52533,3218.4
866.6427,3242.6
866.760071,3230.6
866.877563,3226.0
866.994934,3223.2
867.112305,3233.2
867.229736,3239.0
867.347107,3236.0
867.464539,3213.6
867.58197,3215.4
867.699341,3242.0
867.81665,3226.8
867.934082,3210.4
868.051453,3230.6
868.168823,3230.6
868.286194,3211.4
868.403564,3204.0
868.520935,3222.2
868.638306,3228.0
868.755676,3219.2
868.872986,3221.2
868.990295,3240.2
869.107727,3237.6
869.225037,3218.4
869.342346,3230.8
869.459717,3230.6
869.577026,3239.0
869.694336,3212.2
869.811707,3226.4
869.929016,3234.8
870.046326,3232.4
870.163635,3238.4
870.280945,3241.8
870.398254,3242.0
870.515564,3198.2
870.632812,3223.0
870.750183,3264.0
870.867432,3210.2
870.984741,3193.6
871.102051,3211.6
871.219299,3214.6
871.336609,3259.4
871.453918,3238.4
871.571106,3243.2
871.688416,3252.8
871.805664,3228.6
871.922852,3248.2
872.040222,3252.8
872.157471,3245.6
872.274719,3243.8
872.391968,3265.0
872.509155,3254.2
872.626465,3227.6
872.743652,3252.8
872.860962,3236.4
872.978149,3222.6
873.095337,3255.6
873.212646,3235.6
873.329834,3210.2
873.44696,3211.4
873.564209,3224.4
873.681396,3247.8
873.798645,3230.4
873.915894,3208.0
874.03302,3215.2
874.150208,3263.4
874.267456,3200.6
874.384583,3251.6
874.501831,3221.6
874.618958,3228.2
874.736145,3213.8
874.853333,3241.8
874.970459,3244.2
875.087646,3266.6
875.204834,3228.0
875.32196,3236.8
875.439148,3273.2
875.556274,3238.0
875.673401,3275.4
875.790527,3243.8
875.907715,3254.8
876.024841,3235.2
876.141968,3244.4
876.259094,3236.6
876.376282,3245.2
876.493347,3264.4
876.610474,3217.2
876.7276,3260.2
876.844727,3240.8
876.961853,3275.8
877.078918,3269.0
877.195984,3264.2
877.313171,3272.4
877.430237,3264.8
877.547302,3255.6
877.664368,3251.0
877.781433,3240.0
877.898499,3250.2
878.015625,3262.4
878.13269,3232.6
878.249695,3228.6
878.366821,3245.2
878.483887,3234.2
878.600952,3211.6
878.717957,3228.0
878.834961,3243.4
878.952087,3253.2
879.069092,3226.2
879.186157,3246.4
879.303162,3181.8
879.420227,3226.6
879.537231,3232.6
879.654236,3211.6
879.77124,3194.4
879.888306,3181.2
880.005249,3200.4
880.122314,3176.4
880.239319,3174.4
880.356323,3159.6
880.473328,3182.0
880.590271,3173.0
880.707275,3193.8
880.824341,3213.2
880.941284,3173.0
881.058228,3198.2
881.175232,3182.4
881.292236,3193.6
881.40918,3165.6
881.526123,3161.0
881.643066,3209.8
881.760071,3217.8
881.877014,3212.6
881.993958,3218.4
882.11084,3199.2
882.227783,3187.8
882.344727,3190.2
882.46167,3169.4
882.578613,3169.6
882.695618,3181.4
882.812439,3182.4
882.929382,3218.0
883.046326,3202.2
883.163208,3196.8
883.280151,3189.6
883.397034,3188.0
883.513916,3206.6
883.630798,3229.2
883.747742,3222.0
883.864563,3218.4
883.981506,3236.0
884.098389,3232.2
884.21521,3194.2
884.332153,3211.2
884.448975,3204.2
884.565796,3226.8
884.682678,3245.4
884.7995,3209.2
884.916443,3242.2
885.033264,3249.2
885.150085,3229.0
885.266968,3245.4
885.383789,3291.8
885.500671,3279.6
885.617493,3296.2
885.734314,3295.6
885.851196,3278.8
885.967896,3271.8
886.084717,3275.2
886.201599,3296.0
886.318359,3280.4
886.435181,3312.2
886.552002,3255.4
886.668762,3267.0
886.785645,3287.4
886.902344,3275.8
887.019165,3236.6
887.135925,3248.4
887.252747,3260.4
887.369446,3278.2
887.486267,3229.0
887.603027,3241.4
887.719788,3250.6
887.836548,3214.0
887.953247,3197.8
888.070068,3173.0
888.186829,3200.8
888.303528,3187.6
888.420288,3186.4
888.536987,3192.2
888.653687,3194.2
888.770447,3195.0
888.887146,3201.0
889.003967,3233.0
889.120667,3177.0
889.237305,3165.2
889.354065,3212.0
889.470703,3188.2
889.587463,3205.2
889.704163,3182.2
889.820862,3165.2
889.937561,3180.6
890.054199,3160.0
890.170837,3187.4
890.287598,3175.6
890.404236,3177.0
890.520874,3165.0
890.637634,3189.4
890.754211,3184.0
890.87085,3186.2
890.987549,3187.6
891.104187,3193.4
891.220886,3179.8
891.337463,3175.8
891.454102,3192.4
891.57074,3204.8
891.687378,3187.2
891.804077,3179.6
891.920654,3184.6
892.037231,3177.0
892.15387,3212.0
892.270447,3158.2
892.387085,3177.2
892.503723,3155.6
892.6203,3185.0
892.736877,3178.0
892.853516,3192.4
892.970032,3198.6
893.08667,3189.2
893.203186,3211.8
893.319763,3156.4
893.43634,3203.0
893.552917,3195.4
893.669556,3180.8
893.786011,3194.6
893.902588,3205.6
894.019165,3197.2
894.135681,3192.6
894.252197,3191.6
894.368835,3222.0
894.485291,3164.4
894.601868,3178.4
894.718384,3190.8
894.8349,3188.8
894.951355,3195.6
895.067932,3192.0
895.184448,3204.6
895.300964,3223.6
895.417419,3187.6
895.533936,3195.2
895.650452,3219.6
895.766907,3199.2
895.883423,3213.0
895.999878,3199.8
896.116333,3211.4
896.232849,3208.0
896.349304,3193.6
896.465759,3178.2
896.582214,3185.2
896.698669,3196.0
896.815125,3161.0
896.931641,3209.2
897.048035,3191.2
897.164551,3199.4
897.280884,3198.6
897.397339,3224.4
897.513794,3216.6
897.630249,3237.0
897.746582,3227.6
897.863098,3199.2
897.979431,3237.4
898.095886,3213.4
898.212341,3203.2
898.328674,3202.8
898.445129,3247.6
898.561462,3226.2
898.677795,3213.4
898.794312,3178.2
898.910645,3198.4
899.026978,3216.6
899.143433,3222.0
899.259766,3215.2
899.37616,3208.6
899.492493,3195.0
899.608765,3232.2
899.725159,3217.2
899.841553,3200.4
899.957947,3239.2
900.07428,3212.2
900.190552,3220.8
900.306946,3204.4
900.423157,3258.4
900.53949,3199.2
900.655884,3238.0
900.772156,3252.6
900.888489,3249.8
901.004822,3211.0
901.121033,3209.4
901.237366,3218.0
901.353699,3243.6
901.46991,3211.6
901.586304,3243.0
901.702515,3256.4
901.818787,3243.0
901.93512,3263.8
902.051331,3278.0
902.167603,3277.0
902.283875,3288.8
902.400085,3236.2
902.516418,3248.2
902.632629,3255.2
902.74884,3280.8
902.865112,3286.6
902.981384,3258.6
903.097595,3305.8
903.213867,3258.6
903.330017,3288.2
903.446289,3268.6
903.5625,3249.8
903.67865,3265.0
903.794922,3275.4
903.911072,3240.0
904.027344,3230.8
904.143494,3255.4
904.259705,3260.6
904.375916,3226.2
904.492065,3214.2
904.608215,3219.2
904.724426,3230.4
904.840576,3212.6
904.956726,3206.6
905.072876,3241.4
905.189087,3241.4
905.305176,3239.6
905.421387,3228.8
905.537537,3283.2
905.653687,3216.2
905.769775,3236.4
905.885925,3251.8
906.002014,3222.4
906.118164,3233.2
906.234314,3233.6
906.350403,3240.0
906.466492,3214.8
906.582642,3221.2
906.69873,3214.2
906.814758,3214.8
906.930908,3215.0
907.046936,3181.8
907.163086,3218.0
907.279175,3212.2
907.395264,3207.2
907.511353,3223.6
907.62738,3185.4
907.743408,3208.6
907.859497,3244.4
907.975525,3223.0
908.091553,3222.2
908.207703,3234.0
908.32373,3196.0
908.439758,3227.2
908.555786,3213.6
908.671814,3211.8
908.787842,3208.4
908.90387,3211.8
909.019775,3216.4
909.135864,3178.0
909.251892,3201.6
909.367859,3206.4
909.483826,3201.6
909.599854,3214.0
909.715881,3185.0
909.831848,3214.4
909.947815,3213.6
910.063782,3177.8
910.179749,3202.0
910.295776,3220.0
910.411743,3220.6
910.527649,3231.0
910.643616,3208.0
910.759583,3222.0
910.875488,3231.2
910.991455,3201.0
911.107361,3183.0
911.223267,3187.2
911.339294,3221.4
911.4552,3223.6
911.571106,3200.6
911.687073,3185.0
911.802979,3195.2
911.918823,3157.2
912.034729,3216.0
912.150635,3215.6
912.266602,3201.6
912.382446,3162.2
912.498352,3179.2
912.614197,3156.2
912.730103,3184.0
912.846008,3160.8
792.44574,3609.8
792.56488,3570.4
792.68396,3615.8
792.80304,3582.2
792.92218,3507.0
793.041199,3514.6
793.160339,3534.4
793.279419,3530.0
793.398499,3475.0
793.517578,3489.0
793.636658,3460.6
793.755737,3471.4
793.874817,3443.4
793.993896,3463.4
794.112976,3450.2
794.232056,3426.4
794.351074,3410.2
794.470215,3407.6
794.589233,3391.6
794.708313,3403.4
794.827393,3383.2
794.946411,3373.6
795.065552,3370.8
795.18457,3388.0
795.303589,3381.6
795.422668,3351.0
795.541687,3353.8
795.660767,3338.4
795.779846,3340.4
795.898865,3331.6
796.017883,3334.8
796.136963,3321.4
796.255981,3322.0
796.375061,3308.0
796.49408,3285.2
796.613037,3298.4
796.732117,3295.2
796.851135,3307.4
796.970154,3281.2
797.089233,3263.6
797.208191,3310.4
797.327271,3271.4
797.446228,3253.6
797.565186,3287.4
797.684265,3252.0
797.803223,3281.2
797.922241,3242.2
798.04126,3257.6
798.160278,3239.6
798.279297,3232.8
798.398315,3265.0
798.517273,3226.2
798.636292,3217.0
798.75531,3236.2
798.874268,3241.0
798.993286,3270.2
799.112244,3205.0
799.231323,3238.8
799.350281,3223.2
799.469238,3216.0
799.588257,3225.2
799.707153,3212.8
799.826111,3215.4
799.945129,3203.0
800.064087,3212.6
800.183044,3226.2
800.302063,3199.2
800.421021,3241.0
800.539978,3197.6
800.658936,3197.2
800.777893,3218.6
800.896912,3165.4
801.015747,3179.4
801.134705,3182.4
801.253723,3175.2
801.37262,3168.0
801.491638,3179.6
801.610535,3183.2
801.729492,3190.6
801.84845,3155.6
801.967407,3182.4
802.086243,3188.4
802.205261,3173.4
802.324158,3202.0
802.443115,3175.2
802.562073,3178.6
802.680969,3196.6
802.799927,3162.2
802.918762,3160.0
803.037659,3179.0
803.156677,3174.0
803.275574,3185.2
803.39447,3159.0
803.513428,3168.6
803.632263,3155.0
803.751221,3194.8
803.870117,3162.2
803.989014,3168.6
804.107971,3167.2
804.226746,3187.2
804.345642,3185.8
804.4646,3177.0
804.583496,3156.8
804.702393,3201.6
804.821228,3142.2
804.940125,3154.2
805.059021,3172.4
805.177917,3158.6
805.296814,3184.2
805.415649,3165.6
805.534546,3180.2
805.653442,3172.6
805.772278,3151.0
805.891113,3142.6
806.01001,3139.8
806.128906,3164.4
806.247742,3137.6
806.366577,3115.0
806.485413,3172.6
806.604309,3143.6
806.723145,3111.8
806.84198,3166.0
806.960876,3152.6
807.079712,3122.8
807.198486,3132.4
807.317383,3141.2
807.436218,3100.2
807.554993,3137.0
807.673889,3118.8
807.792725,3132.0
807.91156,3118.0
808.030396,3145.6
808.14917,3128.6
808.268005,3125.6
808.386841,3129.6
808.505676,3136.4
808.624451,3137.4
808.743286,3103.4
808.862122,3107.2
808.980896,3132.2
809.099731,3099.4
809.218506,3120.6
809.337341,3140.6
809.456116,3100.4
809.57489,3106.8
809.693726,3133.2
809.8125,3111.0
809.931274,3104.4
810.050049,3113.8
810.168884,3100.6
810.287659,3099.6
810.406372,3103.8
810.525269,3101.8
810.643982,3082.8
810.762756,3101.0
810.881531,3093.6
811.000305,3098.8
811.11908,3093.8
811.237854,3062.6
811.356567,3056.6
811.475403,3098.8
811.594116,3065.6
811.71283,3122.2
811.831604,3073.8
811.950378,3098.0
812.069153,3076.8
812.187927,3106.6
812.30658,3087.6
812.425415,3075.2
812.544128,3104.2
812.662781,3075.0
812.781616,3067.4
812.900269,3076.6
813.019043,3083.2
813.137756,3031.8
813.256531,3072.0
813.375244,3052.4
813.493896,3049.2
813.612671,3076.4
813.731384,3051.2
813.850037,3045.2
813.96875,3028.6
814.087524,3059.2
814.206238,3053.4
814.324951,3043.2
814.443604,3041.4
814.562256,3072.0
814.68103,3049.4
814.799683,3049.0
814.918335,3043.8
815.037109,3056.6
815.155762,3041.2
815.274475,3044.8
815.393188,3047.6
815.511841,3019.4
815.630554,3015.0
815.749146,3027.4
815.867859,3016.0
815.986572,3007.4
816.105164,3021.2
816.223877,3032.2
816.342529,3024.4
816.461182,3034.0
816.579895,3040.2
816.698486,3028.6
816.817139,3024.6
816.935791,3008.4
817.054504,3002.4
817.173096,3012.2
817.291748,2996.4
817.4104,3033.8
817.529053,3005.4
817.647644,2989.4
817.766235,2977.6
817.884949,3026.2
818.00354,2999.4
818.122192,2981.0
818.240845,2970.8
818.359436,2991.2
818.478088,3007.4
818.59668,2965.2
818.715271,2965.0
818.833923,2988.4
818.952515,2964.8
819.071106,2949.2
819.189758,2946.4
819.30835,2966.0
819.426941,2941.2
819.545532,2979.8
819.664124,2960.8
819.782715,2970.8
819.901306,2978.6
820.019897,2960.4
820.138489,2983.4
820.25708,2951.4
820.375671,2970.0
820.494202,2968.2
820.612732,2937.2
820.731384,2961.6
820.849915,2949.8
820.968506,2922.4
821.087097,2939.8
821.205627,2952.8
821.324158,2937.8
821.442749,2938.0
821.561279,2932.8
821.679871,2911.6
821.798401,2946.2
821.916931,2919.0
822.035461,2922.4
822.154053,2927.2
822.272583,2924.2
822.391174,2910.6
822.509583,2917.2
822.628174,2928.8
822.746704,2918.2
822.865234,2904.2
822.983765,2920.0
823.102295,2926.0
823.220825,2910.8
823.339294,2896.0
823.457825,2928.0
823.576355,2920.0
823.694824,2905.6
823.813354,2905.0
823.931885,2938.4
824.050354,2933.0
824.168884,2898.6
824.287354,2890.8
824.405823,2867.4
824.524353,2900.2
824.642822,2930.6
824.761353,2914.8
824.879822,2911.6
824.998291,2881.8
825.116699,2881.2
825.235291,2892.6
825.353699,2878.8
825.472168,2906.6
825.590637,2901.4
825.709106,2899.8
825.827576,2872.8
825.946045,2854.4
826.064453,2888.2
826.182983,2881.2
826.301392,2903.4
826.4198,2878.4
826.53833,2880.6
826.656738,2883.2
826.775208,2890.2
826.893677,2887.6
827.012024,2883.0
827.130493,2878.0
827.248962,2873.2
827.36731,2892.8
827.485779,2865.2
827.604248,2845.8
827.722595,2880.2
827.841064,2840.8
827.959412,2872.2
828.077942,2847.4
828.196289,2835.4
828.314636,2836.4
828.433105,2838.2
828.551514,2843.0
828.669861,2834.8
828.78833,2840.8
828.906677,2839.4
829.025085,2852.8
829.143433,2867.8
829.261841,2848.8
829.38031,2836.0
829.498657,2837.8
829.617004,2838.0
829.735413,2858.0
829.85376,2817.8
829.972107,2834.6
830.090515,2846.8
830.208862,2835.6
830.327209,2858.2
830.445557,2848.0
830.563904,2850.8
830.682312,2817.2
830.800659,2822.0
830.919006,2832.0
831.037354,2819.8
831.155701,2849.6
831.274048,2840.0
831.392395,2836.0
831.51062,2838.4
831.629028,2824.6
831.747314,2835.0
831.865662,2833.0
831.984009,2820.0
832.102356,2856.6
832.220642,2826.0
832.338928,2817.8
832.457275,2819.8
832.575623,2833.2
832.693909,2812.8
832.812134,2850.2
832.930481,2788.4
833.048828,2829.8
833.167114,2837.6
833.2854,2804.8
833.403687,2831.2
833.521973,2817.0
833.640259,2812.6
833.758545,2817.4
833.876831,2808.0
833.995056,2803.4
834.113281,2817.6
834.231628,2814.2
834.349915,2814.8
834.468201,2829.4
834.586426,2817.6
834.704651,2795.8
834.822998,2798.6
834.941162,2816.6
835.059448,2820.6
835.177673,2837.4
835.295959,2794.6
835.414246,2843.2
835.53241,2805.2
835.650635,2812.8
835.768921,2802.2
835.887146,2780.2
836.005371,2824.4
836.123596,2794.8
836.241821,2806.8
836.360046,2812.0
836.478271,2804.6
836.596497,2793.8
836.714722,2801.0
836.832886,2826.6
836.95105,2758.6
837.069336,2806.4
837.1875,2819.2
837.305725,2810.0
837.423889,2799.2
837.542053,2795.2
837.660339,2768.4
837.778503,2810.6
837.896667,2792.8
838.014832,2790.4
838.132996,2786.4
838.25116,2790.0
838.369385,2788.0
838.487488,2789.4
838.605713,2783.2
838.723877,2807.2
838.84198,2797.2
838.960205,2776.6
839.078308,2785.2
839.196472,2778.4
839.314636,2777.8
839.4328,2817.2
839.550964,2785.2
839.669067,2753.6
839.787231,2797.8
839.905396,2778.2
840.023499,2770.4
840.141602,2784.2
840.259766,2789.4
840.377869,2801.6
840.495972,2802.4
840.614136,2749.8
840.732239,2805.2
840.850342,2763.0
840.968445,2779.2
841.086548,2735.6
841.204651,2783.2
841.322754,2765.6
841.440918,2760.8
841.55896,2774.4
841.677002,2760.2
841.795166,2776.2
841.913208,2764.4
842.031311,2786.4
842.149353,2772.6
842.267456,2754.4
842.385498,2775.4
842.503601,2766.6
842.621643,2760.0
842.739746,2757.2
842.857788,2760.0
842.97583,2761.4
843.093933,2764.2
843.211975,2782.0
843.330017,2766.2
843.44812,2759.2
843.566101,2754.8
843.684204,2763.6
843.802246,2760.6
843.920227,2777.4
844.038269,2788.8
844.156311,2771.4
844.274292,2754.4
844.392395,2755.4
844.510376,2767.0
844.628357,2738.8
844.74646,2744.0
844.864441,2739.0
844.982422,2750.4
845.100403,2741.0
845.218384,2762.2
845.336426,2731.2
845.454468,2789.0
845.572449,2753.8
845.69043,2760.4
845.808411,2733.0
845.926453,2735.4
846.044373,2754.4
846.162354,2752.0
846.280396,2731.4
846.398315,2741.8
846.516296,2755.0
846.634216,2735.2
846.752197,2750.8
846.870178,2758.8
846.988098,2762.6
847.106079,2739.0
847.22406,2746.4
847.34198,2749.6
847.4599,2751.2
847.577881,2757.2
847.695801,2733.2
847.813782,2745.4
847.931641,2740.8
848.049561,2790.6
848.167603,2739.8
848.285461,2743.8
848.403381,2770.6
848.521362,2745.4
848.639221,2755.8
848.75708,2737.6
848.875,2766.8
848.99292,2776.2
849.110901,2759.0
849.22876,2734.0
849.34668,2771.0
849.464539,2746.0
849.582458,2742.2
849.700317,2774.4
849.818176,2757.8
849.936096,2754.0
850.053955,2761.6
850.171875,2747.6
850.289673,2741.0
850.407593,2715.0
850.525452,2760.6
850.643311,2767.4
850.761169,2757.0
850.878967,2752.0
850.996887,2774.0
851.114746,2746.0
851.232544,2766.2
851.350403,2762.0
851.468262,2770.8
851.58606,2744.6
851.703979,2779.6
851.821777,2776.6
851.939636,2743.8
852.057434,2792.4
852.175232,2770.8
852.293091,2792.6
852.410889,2797.0
852.528687,2771.6
852.646545,2762.8
852.764343,2774.8
852.88208,2755.8
852.999939,2810.4
853.117676,2805.0
853.235535,2748.4
853.353271,2760.6
853.471069,2755.4
853.588928,2743.6
853.706604,2768.6
853.824402,2779.0
853.9422,2775.4
854.059998,2764.8
854.177734,2753.4
854.295532,2750.0
854.413269,2753.8
854.531006,2751.8
854.648804,2744.0
854.766541,2766.8
854.884277,2771.8
855.002014,2769.8
855.119751,2785.6
855.237549,2770.2
855.355225,2798.0
855.473022,2816.8
855.590698,2776.8
855.708435,2773.4
855.826172,2758.0
855.943848,2779.2
856.061646,2786.2
856.179321,2766.6
856.296997,2764.0
856.414795,2802.8
856.53241,2779.2
856.650085,2805.6
856.767822,2750.6
856.885559,2821.0
857.003174,2767.0
857.120911,2767.0
857.238586,2749.2
857.356201,2781.0
857.473938,2746.2
857.591614,2768.6
857.709351,2792.4
857.826965,2759.0
857.944641,2797.8
858.062317,2749.4
858.179993,2767.8
858.297668,2746.8
858.415283,2758.0
858.532959,2756.4
858.650574,2795.2
858.768188,2758.0
858.885803,2765.6
859.003479,2735.6
859.121094,2761.0
859.23877,2787.4
859.356384,2781.2
859.473999,2747.2
859.591675,2752.2
859.709229,2786.8
859.826843,2777.6
859.944458,2781.4
860.062012,2771.8
860.179626,2755.0
860.297302,2761.8
860.414856,2761.4
860.532471,2745.0
860.650024,2766.8
860.767639,2771.4
860.885193,2784.6
861.002808,2744.4
861.120361,2813.6
861.237976,2759.2
861.35553,2769.6
861.473022,2761.4
861.590698,2770.6
861.708191,2775.2
861.825745,2754.8
861.943298,2765.2
862.060852,2734.6
862.178406,2743.4
862.295959,2763.6
862.413513,2747.6
862.531006,2754.0
862.64856,2800.2
862.766113,2768.0
862.883667,2754.4
863.00116,2746.4
863.118713,2779.0
863.236206,2761.6
863.353699,2760.0
863.471252,2729.6
863.588745,2762.0
863.706177,2768.0
863.82373,2765.8
863.941162,2747.0
864.058716,2757.2
864.176208,2756.4
864.29364,2761.0
864.411194,2752.6
864.528687,2766.0
864.646118,2775.0
864.763611,2770.6
864.881042,2731.8
864.998535,2788.4
865.116028,2768.0
865.233459,2772.0
865.350891,2761.6
865.468384,2782.2
865.585754,2790.8
865.703308,2763.0
865.820679,2799.4
865.938171,2745.2
866.055542,2735.0
866.173035,2769.2
866.290466,2760.2
866.407837,2765.8
866.52533,2767.0
866.6427,2770.6
866.760071,2759.2
866.877563,2749.8
866.994934,2741.2
867.112305,2783.8
867.229736,2760.8
867.347107,2726.6
867.464539,2739.4
867.58197,2754.0
867.699341,2750.6
867.81665,2769.0
867.934082,2756.6
868.051453,2745.6
868.168823,2790.2
868.286194,2723.4
868.403564,2767.4
868.520935,2785.2
868.638306,2761.8
868.755676,2751.2
868.872986,2759.6
868.990295,2756.8
869.107727,2777.6
869.225037,2776.2
869.342346,2743.0
869.459717,2728.4
869.577026,2790.8
869.694336,2734.4
869.811707,2775.2
869.929016,2762.0
870.046326,2781.4
870.163635,2773.4
870.280945,2768.6
870.398254,2775.2
870.515564,2759.6
870.632812,2759.4
870.750183,2773.4
870.867432,2764.8
870.984741,2755.6
871.102051,2748.8
871.219299,2736.8
871.336609,2785.0
871.453918,2771.0
871.571106,2773.4
871.688416,2796.8
871.805664,2764.2
871.922852,2774.6
872.040222,2782.2
872.157471,2804.4
872.274719,2751.8
872.391968,2798.2
872.509155,2798.0
872.626465,2768.6
872.743652,2763.6
872.860962,2764.2
872.978149,2770.4
873.095337,2785.0
873.212646,2762.4
873.329834,2755.8
873.44696,2740.8
873.564209,2779.6
873.681396,2788.6
873.798645,2794.8
873.915894,2785.8
874.03302,2767.8
874.150208,2788.8
874.267456,2788.8
874.384583,2773.4
874.501831,2780.6
874.618958,2785.8
874.736145,2797.4
874.853333,2780.4
874.970459,2750.2
875.087646,2816.8
875.204834,2780.4
875.32196,2774.8
875.439148,2795.2
875.556274,2774.2
875.673401,2776.4
875.790527,2785.4
875.907715,2775.8
876.024841,2790.4
876.141968,2792.4
876.259094,2806.8
876.376282,2791.6
876.493347,2806.6
876.610474,2781.0
876.7276,2789.4
876.844727,2800.0
876.961853,2787.0
877.078918,2792.8
877.195984,2790.6
877.313171,2798.6
877.430237,2783.6
877.547302,2753.6
877.664368,2797.0
877.781433,2792.0
877.898499,2819.8
878.015625,2768.4
878.13269,2797.8
878.249695,2818.4
878.366821,2776.4
878.483887,2809.6
878.600952,2775.8
878.717957,2794.6
878.834961,2777.0
878.952087,2789.4
879.069092,2799.2
879.186157,2798.4
879.303162,2782.4
879.420227,2755.6
879.537231,2814.6
879.654236,2795.8
879.77124,2793.8
879.888306,2767.0
880.005249,2800.0
880.122314,2779.4
880.239319,2808.8
880.356323,2781.0
880.473328,2783.2
880.590271,2772.8
880.707275,2811.4
880.824341,2785.4
880.941284,2789.8
881.058228,2765.4
881.175232,2829.0
881.292236,2793.0
881.40918,2794.8
881.526123,2791.6
881.643066,2798.6
881.760071,2786.6
881.877014,2799.8
881.993958,2824.6
882.11084,2785.8
882.227783,2779.8
882.344727,2808.4
882.46167,2779.0
882.578613,2794.8
882.695618,2794.4
882.812439,2788.4
882.929382,2803.0
883.046326,2783.2
883.163208,2767.8
883.280151,2798.2
883.397034,2800.8
883.513916,2818.6
883.630798,2797.0
883.747742,2791.6
883.864563,2811.6
883.981506,2788.6
884.098389,2794.8
884.21521,2805.8
884.332153,2809.2
884.448975,2768.8
884.565796,2786.4
884.682678,2806.4
884.7995,2816.8
884.916443,2786.8
885.033264,2855.2
885.150085,2821.2
885.266968,2825.0
885.383789,2802.2
885.500671,2835.0
885.617493,2840.4
885.734314,2810.6
885.851196,2830.6
885.967896,2831.6
886.084717,2859.2
886.201599,2844.8
886.318359,2825.0
886.435181,2827.0
886.552002,2839.8
886.668762,2864.4
886.785645,2817.2
886.902344,2838.0
887.019165,2833.8
887.135925,2830.4
887.252747,2800.8
887.369446,2831.8
887.486267,2814.4
887.603027,2828.2
887.719788,2817.2
887.836548,2828.8
887.953247,2827.6
888.070068,2823.6
888.186829,2821.0
888.303528,2844.0
888.420288,2819.0
888.536987,2792.8
888.653687,2853.0
888.770447,2844.2
888.887146,2801.4
889.003967,2839.6
889.120667,2838.4
889.237305,2810.8
889.354065,2819.2
889.470703,2824.0
889.587463,2797.2
889.704163,2846.8
889.820862,2819.6
889.937561,2838.2
890.054199,2816.8
890.170837,2830.8
890.287598,2863.2
890.404236,2815.2
890.520874,2835.0
890.637634,2832.8
890.754211,2839.8
890.87085,2840.0
890.987549,2821.0
891.104187,2858.0
891.220886,2846.2
891.337463,2829.2
891.454102,2836.8
891.57074,2858.2
891.687378,2834.4
891.804077,2883.4
891.920654,2816.2
892.037231,2815.4
892.15387,2855.6
892.270447,2824.4
892.387085,2863.6
892.503723,2826.8
892.6203,2859.6
892.736877,2817.4
892.853516,2843.6
892.970032,2851.2
893.08667,2825.8
893.203186,2851.4
893.319763,2890.4
893.43634,2843.4
893.552917,2877.2
893.669556,2874.8
893.786011,2875.6
893.902588,2857.2
894.019165,2871.2
894.135681,2842.6
894.252197,2861.2
894.368835,2882.2
894.485291,2895.8
894.601868,2866.0
894.718384,2878.0
894.8349,2875.8
894.951355,2888.2
895.067932,2868.8
895.184448,2885.2
895.300964,2883.2
895.417419,2876.4
895.533936,2869.2
895.650452,2883.2
895.766907,2863.4
895.883423,2870.8
895.999878,2874.0
896.116333,2881.4
896.232849,2890.8
896.349304,2867.0
896.465759,2863.4
896.582214,2891.0
896.698669,2861.6
896.815125,2883.8
896.931641,2838.8
897.048035,2891.8
897.164551,2871.0
897.280884,2890.2
897.397339,2864.6
897.513794,2861.6
897.630249,2893.8
897.746582,2885.4
897.863098,2903.0
897.979431,2872.2
898.095886,2886.4
898.212341,2875.4
898.328674,2875.8
898.445129,2895.0
898.561462,2864.8
898.677795,2902.2
898.794312,2873.2
898.910645,2859.8
899.026978,2870.8
899.143433,2884.0
899.259766,2872.2
899.37616,2867.0
899.492493,2868.8
899.608765,2892.0
899.725159,2889.6
899.841553,2869.2
899.957947,2880.2
900.07428,2917.6
900.190552,2911.2
900.306946,2886.6
900.423157,2892.6
900.53949,2869.4
900.655884,2912.0
900.772156,2903.4
900.888489,2917.8
901.004822,2902.6
901.121033,2896.2
901.237366,2915.4
901.353699,2894.4
901.46991,2906.2
901.586304,2895.0
901.702515,2891.8
901.818787,2910.2
901.93512,2921.8
902.051331,2893.0
902.167603,2902.8
902.283875,2949.4
902.400085,2890.2
902.516418,2872.6
902.632629,2869.2
902.74884,2910.8
902.865112,2917.8
902.981384,2888.2
903.097595,2919.6
903.213867,2926.0
903.330017,2918.0
903.446289,2920.2
903.5625,2911.0
903.67865,2903.4
903.794922,2926.0
903.911072,2922.6
904.027344,2917.0
904.143494,2940.2
904.259705,2922.4
904.375916,2896.6
904.492065,2901.8
904.608215,2908.4
904.724426,2910.0
904.840576,2881.0
904.956726,2904.2
905.072876,2913.4
905.189087,2889.2
905.305176,2908.8
905.421387,2917.0
905.537537,2918.2
905.653687,2943.0
905.769775,2899.2
905.885925,2934.4
906.002014,2940.6
906.118164,2911.0
906.234314,2900.4
906.350403,2904.2
906.466492,2902.2
906.582642,2906.6
906.69873,2920.8
906.814758,2922.2
906.930908,2920.2
907.046936,2920.2
907.163086,2934.2
907.279175,2920.0
907.395264,2917.6
907.511353,2936.6
907.62738,2931.0
907.743408,2942.2
907.859497,2930.6
907.975525,2942.0
908.091553,2928.6
908.207703,2930.0
908.32373,2934.0
908.439758,2919.2
908.555786,2942.6
908.671814,2920.8
908.787842,2914.8
908.90387,2923.2
909.019775,2939.4
909.135864,2931.2
909.251892,2957.4
909.367859,2963.6
909.483826,2951.0
909.599854,2969.6
909.715881,2923.0
909.831848,2946.6
909.947815,2948.2
910.063782,2932.2
910.179749,2951.2
910.295776,2953.4
910.411743,2956.8
910.527649,2950.8
910.643616,2922.8
910.759583,2933.4
910.875488,2944.2
910.991455,2932.6
911.107361,2946.8
911.223267,2944.6
911.339294,2954.8
911.4552,2903.0
911.571106,2941.8
911.687073,2965.8
911.802979,2931.4
911.918823,2926.8
912.034729,2950.6
912.150635,2947.8
912.266602,2929.2
912.382446,2913.2
912.498352,2904.0
912.614197,2943.8
912.730103,2906.4
912.846008,2926.0
792.44574,4758.8
792.56488,4779.2
792.68396,4816.2
792.80304,4741.0
792.92218,4646.4
793.041199,4610.4
793.160339,4636.4
793.279419,4568.2
793.398499,4528.0
793.517578,4488.2
793.636658,4442.6
793.755737,4449.8
793.874817,4389.4
793.993896,4362.0
794.112976,4368.4
794.232056,4290.8
794.351074,4284.6
794.470215,4285.2
794.589233,4237.4
794.708313,4195.4
794.827393,4200.4
794.946411,4140.4
795.065552,4158.8
795.18457,4110.8
795.303589,4146.0
795.422668,4091.2
795.541687,4048.6
795.660767,4064.0
795.779846,4001.4
795.898865,3990.0
796.017883,3991.6
796.136963,3971.6
796.255981,3954.0
796.375061,3952.6
796.49408,3902.0
796.613037,3933.2
796.732117,3917.8
796.851135,3927.8
796.970154,3885.6
797.089233,3855.0
797.208191,3835.6
797.327271,3848.8
797.446228,3847.4
797.565186,3851.4
797.684265,3836.0
797.803223,3806.4
797.922241,3817.4
798.04126,3808.6
798.160278,3787.2
798.279297,3776.0
798.398315,3775.8
798.517273,3802.0
798.636292,3736.8
798.75531,3755.2
798.874268,3754.2
798.993286,3779.4
799.112244,3695.8
799.231323,3719.4
799.350281,3721.6
799.469238,3719.6
799.588257,3710.0
799.707153,3724.6
799.826111,3688.8
799.945129,3689.6
800.064087,3708.6
800.183044,3676.2
800.302063,3681.2
800.421021,3693.6
800.539978,3685.2
800.658936,3686.0
800.777893,3695.0
800.896912,3671.0
801.015747,3637.0
801.134705,3638.4
801.253723,3628.2
801.37262,3628.8
801.491638,3637.2
801.610535,3645.8
801.729492,3624.8
801.84845,3631.0
801.967407,3641.2
802.086243,3593.8
802.205261,3626.0
802.324158,3597.2
802.443115,3627.6
802.562073,3588.0
802.680969,3613.6
802.799927,3639.6
802.918762,3621.0
803.037659,3591.4
803.156677,3611.0
803.275574,3567.6
803.39447,3604.0
803.513428,3575.0
803.632263,3577.6
803.751221,3588.4
803.870117,3601.4
803.989014,3587.2
804.107971,3547.6
804.226746,3568.4
804.345642,3540.4
804.4646,3574.0
804.583496,3555.2
804.702393,3586.6
804.821228,3538.6
804.940125,3572.8
805.059021,3550.8
805.177917,3573.8
805.296814,3597.0
805.415649,3599.2
805.534546,3564.8
805.653442,3580.0
805.772278,3581.2
805.891113,3568.2
806.01001,3562.4
806.128906,3548.4
806.247742,3552.4
806.366577,3545.0
806.485413,3566.6
806.604309,3558.0
806.723145,3557.2
806.84198,3583.2
806.960876,3536.2
807.079712,3539.2
807.198486,3549.0
807.317383,3552.4
807.436218,3474.4
807.554993,3516.2
807.673889,3546.6
807.792725,3531.6
807.91156,3521.6
808.030396,3500.4
808.14917,3505.4
808.268005,3487.2
808.386841,3532.2
808.505676,3520.4
808.624451,3522.0
808.743286,3522.6
808.862122,3520.6
808.980896,3507.2
809.099731,3496.6
809.218506,3502.8
809.337341,3505.0
809.456116,3494.8
809.57489,3512.6
809.693726,3479.2
809.8125,3501.6
809.931274,3492.4
810.050049,3477.4
810.168884,3449.6
810.287659,3470.0
810.406372,3484.6
810.525269,3470.8
810.643982,3459.8
810.762756,3473.6
810.881531,3454.6
811.000305,3484.4
811.11908,3462.6
811.237854,3448.2
811.356567,3441.6
811.475403,3495.8
811.594116,3474.0
811.71283,3479.2
811.831604,3461.0
811.950378,3471.4
812.069153,3459.4
812.187927,3467.4
812.30658,3466.6
812.425415,3447.0
812.544128,3435.0
812.662781,3437.6
812.781616,3426.2
812.900269,3418.2
813.019043,3438.2
813.137756,3457.0
813.256531,3428.2
813.375244,3430.8
813.493896,3372.0
813.612671,3419.4
813.731384,3443.0
813.850037,3428.2
813.96875,3423.6
814.087524,3442.6
814.206238,3392.2
814.324951,3409.6
814.443604,3357.2
814.562256,3410.6
814.68103,3420.6
814.799683,3380.2
814.918335,3438.2
815.037109,3403.2
815.155762,3395.8
815.274475,3389.6
815.393188,3384.0
815.511841,3411.6
815.630554,3407.2
815.749146,3380.8
815.867859,3359.6
815.986572,3383.6
816.105164,3368.4
816.223877,3368.0
816.342529,3359.0
816.461182,3402.4
816.579895,3399.6
816.698486,3409.6
816.817139,3393.8
816.935791,3394.0
817.054504,3369.6
817.173096,3372.0
817.291748,3363.2
817.4104,3404.2
817.529053,3360.0
817.647644,3374.8
817.766235,3339.2
817.884949,3350.4
818.00354,3354.8
818.122192,3387.0
818.240845,3319.6
818.359436,3352.4
818.478088,3360.2
818.59668,3333.2
818.715271,3332.8
818.833923,3344.4
818.952515,3340.2
819.071106,3315.2
819.189758,3326.6
819.30835,3335.6
819.426941,3317.0
819.545532,3329.4
819.664124,3311.8
819.782715,3329.8
819.901306,3315.2
820.019897,3271.2
820.138489,3336.4
820.25708,3374.2
820.375671,3332.8
820.494202,3326.0
820.612732,3306.0
820.731384,3315.8
820.849915,3312.6
820.968506,3302.2
821.087097,3286.0
821.205627,3287.4
821.324158,3283.8
821.442749,3285.4
821.561279,3304.4
821.679871,3281.6
821.798401,3216.6
821.916931,3281.2
822.035461,3280.0
822.154053,3275.4
822.272583,3236.4
822.391174,3255.8
822.509583,3230.8
822.628174,3282.6
822.746704,3264.4
822.865234,3237.4
822.983765,3251.8
823.102295,3263.0
823.220825,3224.4
823.339294,3224.6
823.457825,3246.4
823.576355,3223.2
823.694824,3228.6
823.813354,3251.0
823.931885,3225.4
824.050354,3229.4
824.168884,3233.0
824.287354,3264.0
824.405823,3208.6
824.524353,3256.6
824.642822,3221.0
824.761353,3213.2
824.879822,3214.2
824.998291,3230.2
825.116699,3198.0
825.235291,3220.6
825.353699,3236.8
825.472168,3184.4
825.590637,3210.0
825.709106,3238.4
825.827576,3176.0
825.946045,3188.6
826.064453,3198.8
826.182983,3194.4
826.301392,3176.0
826.4198,3202.4
826.53833,3191.6
826.656738,3175.6
826.775208,3192.6
826.893677,3216.8
827.012024,3172.6
827.130493,3200.8
827.248962,3197.2
827.36731,3188.8
827.485779,3204.0
827.604248,3165.8
827.722595,3198.8
827.841064,3156.2
827.959412,3170.8
828.077942,3174.8
828.196289,3174.6
828.314636,3134.6
828.433105,3112.8
828.551514,3130.0
828.669861,3142.4
828.78833,3133.4
828.906677,3157.4
829.025085,3143.0
829.143433,3144.0
829.261841,3140.4
829.38031,3122.4
829.498657,3130.8
829.617004,3159.2
829.735413,3158.4
829.85376,3114.2
829.972107,3144.6
830.090515,3127.2
830.208862,3111.6
830.327209,3090.0
830.445557,3112.8
830.563904,3141.2
830.682312,3149.0
830.800659,3123.4
830.919006,3165.4
831.037354,3145.0
831.155701,3151.0
831.274048,3137.6
831.392395,3130.8
831.51062,3154.4
831.629028,3138.0
831.747314,3154.4
831.865662,3130.4
831.984009,3128.2
832.102356,3163.0
832.220642,3136.8
832.338928,3165.8
832.457275,3118.2
832.575623,3116.2
832.693909,3117.2
832.812134,3141.2
832.930481,3133.8
833.048828,3124.2
833.167114,3146.4
833.2854,3091.4
833.403687,3144.4
833.521973,3110.8
833.640259,3104.4
833.758545,3136.0
833.876831,3099.8
833.995056,3136.0
834.113281,3110.0
834.231628,3117.2
834.349915,3117.8
834.468201,3124.8
834.586426,3121.2
834.704651,3133.8
834.822998,3101.2
834.941162,3146.2
835.059448,3129.4
835.177673,3098.0
835.295959,3103.4
835.414246,3100.0
835.53241,3115.6
835.650635,3096.6
835.768921,3079.6
835.887146,3102.6
836.005371,3089.8
836.123596,3105.0
836.241821,3090.2
836.360046,3106.6
836.478271,3100.0
836.596497,3104.2
836.714722,3073.2
836.832886,3061.6
836.95105,3063.4
837.069336,3105.4
837.1875,3081.2
837.305725,3112.6
837.423889,3070.6
837.542053,3103.2
837.660339,3081.8
837.778503,3098.6
837.896667,3080.8
838.014832,3097.0
838.132996,3051.0
838.25116,3087.6
838.369385,3096.2
838.487488,3107.6
838.605713,3080.6
838.723877,3102.8
838.84198,3078.4
838.960205,3064.8
839.078308,3102.6
839.196472,3074.6
839.314636,3097.6
839.4328,3092.6
839.550964,3061.0
839.669067,3078.0
839.787231,3088.6
839.905396,3083.4
840.023499,3094.4
840.141602,3069.6
840.259766,3073.8
840.377869,3073.8
840.495972,3053.2
840.614136,3066.2
840.732239,3070.6
840.850342,3061.8
840.968445,3055.4
841.086548,3074.8
841.204651,3043.2
841.322754,3060.8
841.440918,3065.6
841.55896,3073.2
841.677002,3075.4
841.795166,3103.2
841.913208,3075.0
842.031311,3079.6
842.149353,3063.4
842.267456,3055.6
842.385498,3076.8
842.503601,3081.8
842.621643,3075.6
842.739746,3067.2
842.857788,3090.8
842.97583,3098.4
843.093933,3072.8
843.211975,3099.2
843.330017,3078.2
843.44812,3091.8
843.566101,3069.4
843.684204,3093.8
843.802246,3093.8
843.920227,3079.6
844.038269,3105.2
844.156311,3066.8
844.274292,3064.8
844.392395,3080.0
844.510376,3105.6
844.628357,3037.6
844.74646,3054.4
844.864441,3077.8
844.982422,3092.6
845.100403,3038.2
845.218384,3075.4
845.336426,3073.4
845.454468,3064.6
845.572449,3079.4
845.69043,3067.4
845.808411,3058.0
845.926453,3074.4
846.044373,3042.2
846.162354,3034.2
846.280396,3039.6
846.398315,3047.4
846.516296,3051.8
846.634216,3070.8
846.752197,3036.0
846.870178,3076.0
846.988098,3037.2
847.106079,3101.6
847.22406,3055.6
847.34198,3067.8
847.4599,3074.6
847.577881,3102.8
847.695801,3074.0
847.813782,3095.0
847.931641,3086.6
848.049561,3073.6
848.167603,3034.8
848.285461,3075.8
848.403381,3080.0
848.521362,3093.0
848.639221,3094.8
848.75708,3101.0
848.875,3069.4
848.99292,3073.8
849.110901,3106.6
849.22876,3098.6
849.34668,3075.0
849.464539,3102.8
849.582458,3044.8
849.700317,3084.2
849.818176,3064.0
849.936096,3089.6
850.053955,3075.0
850.171875,3071.6
850.289673,3071.2
850.407593,3071.2
850.525452,3076.6
850.643311,3093.4
850.761169,3049.0
850.878967,3094.4
850.996887,3093.4
851.114746,3068.8
851.232544,3091.8
851.350403,3105.2
851.468262,3087.6
851.58606,3106.8
851.703979,3120.6
851.821777,3129.6
851.939636,3113.2
852.057434,3132.2
852.175232,3168.2
852.293091,3163.0
852.410889,3164.8
852.528687,3183.2
852.646545,3130.0
852.764343,3126.0
852.88208,3115.4
852.999939,3103.6
853.117676,3099.8
853.235535,3093.2
853.353271,3098.4
853.471069,3054.2
853.588928,3028.0
853.706604,3053.8
853.824402,3076.6
853.9422,3069.4
854.059998,3083.4
854.177734,3057.8
854.295532,3085.2
854.413269,3050.6
854.531006,3079.0
854.648804,3101.4
854.766541,3104.8
854.884277,3085.0
855.002014,3078.4
855.119751,3116.6
855.237549,3086.4
855.355225,3133.8
855.473022,3093.6
855.590698,3106.0
855.708435,3114.0
855.826172,3090.0
855.943848,3136.8
856.061646,3130.2
856.179321,3109.0
856.296997,3092.8
856.414795,3111.8
856.53241,3087.0
856.650085,3087.6
856.767822,3096.2
856.885559,3085.8
857.003174,3087.8
857.120911,3092.8
857.238586,3056.8
857.356201,3076.2
857.473938,3073.8
857.591614,3052.8
857.709351,3086.4
857.826965,3060.6
857.944641,3082.0
858.062317,3055.0
858.179993,3079.8
858.297668,3046.0
858.415283,3068.2
858.532959,3053.8
858.650574,3097.0
858.768188,3077.8
858.885803,3088.0
859.003479,3074.0
859.121094,3066.2
859.23877,3086.8
859.356384,3050.8
859.473999,3076.2
859.591675,3082.0
859.709229,3084.0
859.826843,3055.6
859.944458,3067.6
860.062012,3070.4
860.179626,3045.8
860.297302,3031.8
860.414856,3027.6
860.532471,3051.2
860.650024,3035.4
860.767639,3073.0
860.885193,3062.6
861.002808,3060.2
861.120361,3092.2
861.237976,3058.4
861.35553,3072.0
861.473022,3061.8
861.590698,3055.8
861.708191,3043.4
861.825745,3066.6
861.943298,3027.6
862.060852,3065.8
862.178406,3036.8
862.295959,2990.0
862.413513,2996.0
862.531006,3015.6
862.64856,3025.8
862.766113,3013.4
862.883667,3035.2
863.00116,3034.0
863.118713,3019.6
863.236206,3024.2
863.353699,3020.8
863.471252,3020.2
863.588745,3024.4
863.706177,3037.4
863.82373,3046.4
863.941162,2997.0
864.058716,3011.0
864.176208,3046.8
864.29364,3040.0
864.411194,3015.4
864.528687,3034.0
864.646118,3031.2
864.763611,3011.2
864.881042,3011.0
864.998535,3011.2
865.116028,3045.0
865.233459,2995.6
865.350891,3020.4
865.468384,3032.6
865.585754,3041.2
865.703308,3037.0
865.820679,3019.0
865.938171,3058.2
866.055542,3022.4
866.173035,3041.0
866.290466,3035.0
866.407837,3056.2
866.52533,3035.2
866.6427,3026.6
866.760071,3051.6
866.877563,3033.0
866.994934,3023.2
867.112305,3062.6
867.229736,3029.6
867.347107,3053.4
867.464539,3023.8
867.58197,3008.8
867.699341,3027.0
867.81665,3028.2
867.934082,3047.2
868.051453,3023.8
868.168823,3034.4
868.286194,3021.4
868.403564,3075.4
868.520935,3021.2
868.638306,3023.0
868.755676,3059.8
868.872986,3037.8
868.990295,3035.8
869.107727,3064.4
869.225037,3026.0
869.342346,3080.2
869.459717,3050.0
869.577026,3048.8
869.694336,3046.2
869.811707,3066.2
869.929016,3035.8
870.046326,3052.0
870.163635,3062.8
870.280945,3075.0
870.398254,3048.8
870.515564,3080.8
870.632812,3076.8
870.750183,3057.4
870.867432,3064.2
870.984741,3056.4
871.102051,3011.8
871.219299,3034.6
871.336609,3060.0
871.453918,3060.4
871.571106,3079.8
871.688416,3045.6
871.805664,3065.4
871.922852,3080.2
872.040222,3029.0
872.157471,3095.4
872.274719,3056.0
872.391968,3071.0
872.509155,3049.6
872.626465,3054.8
872.743652,3043.0
872.860962,3069.6
872.978149,3031.0
873.095337,3034.2
873.212646,3040.2
873.329834,3040.4
873.44696,3019.2
873.564209,3022.0
873.681396,3057.2
873.798645,3041.4
873.915894,3044.0
874.03302,3046.8
874.150208,3069.2
874.267456,3059.2
874.384583,3027.8
874.501831,3028.8
874.618958,3032.8
874.736145,3058.2
874.853333,3034.8
874.970459,3096.6
875.087646,3079.2
875.204834,3051.4
875.32196,3040.2
875.439148,3074.4
875.556274,3042.4
875.673401,3079.2
875.790527,3031.2
875.907715,3065.0
876.024841,3035.0
876.141968,3054.4
876.259094,3097.4
876.376282,3073.4
876.493347,3061.6
876.610474,3070.8
876.7276,3069.8
876.844727,3069.0
876.961853,3062.2
877.078918,3074.4
877.195984,3084.8
877.313171,3084.2
877.430237,3083.8
877.547302,3081.0
877.664368,3084.6
877.781433,3056.2
877.898499,3097.6
878.015625,3070.2
878.13269,3066.8
878.249695,3062.2
878.366821,3033.6
878.483887,3039.8
878.600952,3001.4
878.717957,3046.0
878.834961,3057.4
878.952087,3052.6
879.069092,3046.2
879.186157,3061.2
879.303162,3031.2
879.420227,3012.0
879.537231,3040.2
879.654236,3034.0
879.77124,3015.2
879.888306,3031.8
880.005249,3043.6
880.122314,3016.8
880.239319,3001.4
880.356323,3016.4
880.473328,3016.8
880.590271,3009.2
880.707275,3029.6
880.824341,3022.8
880.941284,3046.0
881.058228,2997.2
881.175232,3052.6
881.292236,3011.4
881.40918,3018.2
881.526123,3029.2
881.643066,3031.0
881.760071,3043.6
881.877014,3042.2
881.993958,3061.6
882.11084,3042.8
882.227783,3028.0
882.344727,2991.0
882.46167,3032.2
882.578613,3011.4
882.695618,3037.0
882.812439,2984.4
882.929382,3007.6
883.046326,3013.0
883.163208,3030.6
883.280151,3005.4
883.397034,3009.6
883.513916,3026.6
883.630798,3038.6
883.747742,3040.4
883.864563,3038.2
883.981506,3050.0
884.098389,3029.0
884.21521,3071.4
884.332153,3063.0
884.448975,3035.4
884.565796,3051.6
884.682678,3056.4
884.7995,3045.6
884.916443,3051.4
885.033264,3095.4
885.150085,3095.4
885.266968,3103.6
885.383789,3112.8
885.500671,3103.8
885.617493,3118.2
885.734314,3157.4
885.851196,3109.0
885.967896,3106.6
886.084717,3101.8
886.201599,3159.8
886.318359,3128.6
886.435181,3107.6
886.552002,3135.6
886.668762,3095.0
886.785645,3083.4
886.902344,3117.2
887.019165,3102.8
887.135925,3090.8
887.252747,3105.2
887.369446,3093.8
887.486267,3061.2
887.603027,3075.0
887.719788,3071.0
887.836548,3055.8
887.953247,3055.0
888.070068,3026.8
888.186829,3047.0
888.303528,3015.8
888.420288,3038.6
888.536987,3008.4
888.653687,3033.4
888.770447,3023.4
888.887146,3046.0
889.003967,3026.4
889.120667,3024.2
889.237305,3001.2
889.354065,3046.8
889.470703,3024.8
889.587463,3014.2
889.704163,3012.2
889.820862,2991.4
889.937561,3027.4
890.054199,3010.4
890.170837,3032.4
890.287598,3012.2
890.404236,3017.4
890.520874,3033.4
890.637634,3022.0
890.754211,3050.2
890.87085,3025.4
890.987549,3033.2
891.104187,3025.2
891.220886,3019.0
891.337463,3017.2
891.454102,3024.6
891.57074,3011.8
891.687378,3012.8
891.804077,3028.4
891.920654,3010.2
892.037231,2998.4
892.15387,3027.4
892.270447,3017.2
892.387085,3042.0
892.503723,2995.2
892.6203,3022.6
892.736877,3011.2
892.853516,3028.2
892.970032,3022.6
893.08667,3032.8
893.203186,3036.4
893.319763,3026.2
893.43634,3029.6
893.552917,3043.8
893.669556,3053.0
893.786011,3058.0
893.902588,3025.4
894.019165,3022.0
894.135681,3026.2
894.252197,3047.6
894.368835,3080.6
894.485291,3037.4
894.601868,3068.6
894.718384,3065.8
894.8349,3067.0
894.951355,3073.0
895.067932,3049.6
895.184448,3042.6
895.300964,3074.8
895.417419,3042.8
895.533936,3036.6
895.650452,3076.6
895.766907,3055.6
895.883423,3055.6
895.999878,3065.4
896.116333,3069.4
896.232849,3035.0
896.349304,3050.6
896.465759,3071.6
896.582214,3044.2
896.698669,3080.8
896.815125,3021.8
896.931641,3079.4
897.048035,3034.0
897.164551,3039.8
897.280884,3051.8
897.397339,3053.8
897.513794,3054.2
897.630249,3057.4
897.746582,3056.2
897.863098,3075.2
897.979431,3066.6
898.095886,3074.4
898.212341,3066.6
898.328674,3063.8
898.445129,3061.6
898.561462,3043.4
898.677795,3024.4
898.794312,3062.8
898.910645,3046.2
899.026978,3056.6
899.143433,3054.6
899.259766,3051.0
899.37616,3046.2
899.492493,3055.2
899.608765,3072.4
899.725159,3049.0
899.841553,3045.4
899.957947,3075.4
900.07428,3051.2
900.190552,3093.4
900.306946,3117.4
900.423157,3081.0
900.53949,3056.8
900.655884,3058.4
900.772156,3066.2
900.888489,3129.2
901.004822,3060.4
901.121033,3055.2
901.237366,3043.8
901.353699,3101.2
901.46991,3078.4
901.586304,3054.6
901.702515,3056.6
901.818787,3109.4
901.93512,3105.6
902.051331,3116.6
902.167603,3119.2
902.283875,3113.6
902.400085,3084.8
902.516418,3111.6
902.632629,3079.4
902.74884,3123.2
902.865112,3102.4
902.981384,3088.0
903.097595,3126.8
903.213867,3118.2
903.330017,3120.6
903.446289,3103.4
903.5625,3096.4
903.67865,3095.8
903.794922,3105.0
903.911072,3093.0
904.027344,3110.8
904.143494,3106.6
904.259705,3100.2
904.375916,3063.2
904.492065,3079.6
904.608215,3083.8
904.724426,3045.2
904.840576,3088.2
904.956726,3067.0
905.072876,3083.2
905.189087,3077.0
905.305176,3065.8
905.421387,3084.4
905.537537,3083.0
905.653687,3046.2
905.769775,3075.6
905.885925,3106.6
906.002014,3067.2
906.118164,3072.0
906.234314,3062.6
906.350403,3075.2
906.466492,3071.2
906.582642,3084.0
906.69873,3044.0
906.814758,3062.2
906.930908,3057.2
907.046936,3046.0
907.163086,3085.6
907.279175,3057.4
907.395264,3030.8
907.511353,3065.2
907.62738,3057.6
907.743408,3030.8
907.859497,3069.4
907.975525,3062.8
908.091553,3063.6
908.207703,3048.4
908.32373,3086.2
908.439758,3096.4
908.555786,3077.0
908.671814,3057.6
908.787842,3051.8
908.90387,3041.6
909.019775,3071.8
909.135864,3063.6
909.251892,3055.8
909.367859,3063.8
909.483826,3061.8
909.599854,3094.2
909.715881,3043.2
909.831848,3080.4
909.947815,3056.6
910.063782,3085.2
910.179749,3030.8
910.295776,3056.4
910.411743,3052.2
910.527649,3060.6
910.643616,3072.2
910.759583,3052.2
910.875488,3099.0
910.991455,3063.2
911.107361,3051.6
911.223267,3094.0
911.339294,3052.4
911.4552,3069.4
911.571106,3048.0
911.687073,3082.2
911.802979,3040.6
911.918823,3080.6
912.034729,3067.2
912.150635,3052.6
912.266602,3067.0
912.382446,3038.4
912.498352,3060.0
912.614197,3051.4
912.730103,3045.6
912.846008,3049.6
792.44574,6240.2
792.56488,6065.6
792.68396,6084.0
792.80304,5949.8
792.92218,5847.0
793.041199,5789.2
793.160339,5728.6
793.279419,5699.2
793.398499,5597.4
793.517578,5570.2
793.636658,5450.8
793.755737,5424.2
793.874817,5347.0
793.993896,5315.6
794.112976,5247.2
794.232056,5205.6
794.351074,5187.6
794.470215,5121.6
794.589233,5035.8
794.708313,5043.8
794.827393,5014.0
794.946411,4956.6
795.065552,4940.2
795.18457,4911.2
795.303589,4930.8
795.422668,4890.0
795.541687,4833.8
795.660767,4829.0
795.779846,4726.6
795.898865,4736.8
796.017883,4728.2
796.136963,4695.6
796.255981,4643.8
796.375061,4630.6
796.49408,4617.0
796.613037,4618.4
796.732117,4541.2
796.851135,4681.2
796.970154,4976.4
797.089233,4467.4
797.208191,4695.8
797.327271,4619.2
797.446228,4816.2
797.565186,4626.8
797.684265,4435.0
797.803223,4437.0
797.922241,4374.2
798.04126,4446.4
798.160278,4593.6
798.279297,4564.4
798.398315,4331.4
798.517273,4335.4
798.636292,4316.0
798.75531,4349.0
798.874268,4331.4
798.993286,4320.6
799.112244,4298.8
799.231323,4288.4
799.350281,4283.4
799.469238,4312.0
799.588257,4287.2
799.707153,4271.4
799.826111,4277.0
799.945129,4246.8
800.064087,4245.2
800.183044,4291.8
800.302063,4245.4
800.421021,4222.4
800.539978,4160.6
800.658936,4216.4
800.777893,4213.0
800.896912,4210.2
801.015747,4176.8
801.134705,4150.4
801.253723,4183.6
801.37262,4140.2
801.491638,4121.4
801.610535,4138.2
801.729492,4129.6
801.84845,4069.2
801.967407,4126.8
802.086243,4127.0
802.205261,4099.8
802.324158,4113.8
802.443115,4092.4
802.562073,4085.6
802.680969,4076.8
802.799927,4095.2
802.918762,4072.8
803.037659,4094.0
803.156677,4092.8
803.275574,4052.8
803.39447,4051.0
803.513428,4051.2
803.632263,4049.4
803.751221,4031.2
803.870117,4057.8
803.989014,4031.8
804.107971,4064.4
804.226746,4072.2
804.345642,4042.4
804.4646,4065.6
804.583496,4079.0
804.702393,4032.2
804.821228,3990.0
804.940125,4017.2
805.059021,3997.4
805.177917,4037.4
805.296814,4030.2
805.415649,4053.6
805.534546,4004.6
805.653442,4030.4
805.772278,4070.0
805.891113,4042.0
806.01001,4042.8
806.128906,4014.0
806.247742,4039.0
806.366577,3996.6
806.485413,4025.2
806.604309,4006.0
806.723145,3980.6
806.84198,4037.8
806.960876,4003.8
807.079712,3962.6
807.198486,3996.0
807.317383,3999.6
807.436218,3952.8
807.554993,3978.2
807.673889,3973.8
807.792725,3970.0
807.91156,3984.8
808.030396,3988.4
808.14917,3940.0
808.268005,3956.0
808.386841,3966.2
808.505676,3968.4
808.624451,3928.6
808.743286,3942.4
808.862122,3931.0
808.980896,3931.8
809.099731,3922.6
809.218506,3951.2
809.337341,3920.0
809.456116,3915.6
809.57489,3958.2
809.693726,3937.8
809.8125,3938.8
809.931274,3928.0
810.050049,3917.4
810.168884,3910.4
810.287659,3891.6
810.406372,3903.8
810.525269,3915.2
810.643982,3890.0
810.762756,3859.4
810.881531,3861.4
811.000305,3914.2
811.11908,3858.4
811.237854,3907.6
811.356567,3870.2
811.475403,3879.0
811.594116,3861.2
811.71283,3913.6
811.831604,3889.4
811.950378,3880.6
812.069153,3888.2
812.187927,3922.6
812.30658,3874.8
812.425415,3884.2
812.544128,3863.4
812.662781,3881.2
812.781616,3862.8
812.900269,3837.8
813.019043,3842.4
813.137756,3869.4
813.256531,3889.0
813.375244,3857.6
813.493896,3827.4
813.612671,3814.8
813.731384,3827.6
813.850037,3830.2
813.96875,3833.8
814.087524,3827.4
814.206238,3827.4
814.324951,3834.0
814.443604,3793.2
814.562256,3815.0
814.68103,3803.6
814.799683,3772.0
814.918335,3819.8
815.037109,3811.2
815.155762,3805.0
815.274475,3785.4
815.393188,3801.4
815.511841,3816.4
815.630554,3810.8
815.749146,3782.8
815.867859,3766.0
815.986572,3799.0
816.105164,3773.8
816.223877,3775.2
816.342529,3788.2
816.461182,3797.2
816.579895,3793.8
816.698486,3802.0
816.817139,3809.8
816.935791,3797.8
817.054504,3779.2
817.173096,3751.8
817.291748,3774.6
817.4104,3809.2
817.529053,3753.2
817.647644,3784.4
817.766235,3738.6
817.884949,3752.8
818.00354,3769.8
818.122192,3770.2
818.240845,3750.0
818.359436,3735.6
818.478088,3783.0
818.59668,3762.0
818.715271,3751.2
818.833923,3740.0
818.952515,3731.6
819.071106,3772.0
819.189758,3723.8
819.30835,3754.8
819.426941,3715.8
819.545532,3735.4
819.664124,3757.4
819.782715,3716.2
819.901306,3723.0
820.019897,3719.2
820.138489,3718.6
820.25708,3733.6
820.375671,3736.0
820.494202,3735.4
820.612732,3721.0
820.731384,3706.2
820.849915,3699.0
820.968506,3689.4
821.087097,3658.0
821.205627,3714.6
821.324158,3696.2
821.442749,3662.0
821.561279,3646.4
821.679871,3652.0
821.798401,3645.2
821.916931,3676.0
822.035461,3647.6
822.154053,3676.8
822.272583,3629.0
822.391174,3651.8
822.509583,3623.2
822.628174,3649.2
822.746704,3644.8
822.865234,3613.0
822.983765,3617.0
823.102295,3628.6
823.220825,3644.2
823.339294,3604.6
823.457825,3635.2
823.576355,3614.0
823.694824,3607.6
823.813354,3616.0
823.931885,3639.2
824.050354,3638.0
824.168884,3643.8
824.287354,3588.4
824.405823,3610.4
824.524353,3638.8
824.642822,3638.2
824.761353,3600.8
824.879822,3612.2
824.998291,3587.4
825.116699,3618.6
825.235291,3646.2
825.353699,3580.2
825.472168,3596.4
825.590637,3617.6
825.709106,3620.6
825.827576,3588.2
825.946045,3572.0
826.064453,3582.2
826.182983,3568.0
826.301392,3578.6
826.4198,3556.4
826.53833,3621.4
826.656738,3555.8
826.775208,3531.2
826.893677,3589.6
827.012024,3582.6
827.130493,3575.4
827.248962,3573.8
827.36731,3561.8
827.485779,3581.4
827.604248,3594.8
827.722595,3545.2
827.841064,3533.0
827.959412,3550.4
828.077942,3535.6
828.196289,3530.2
828.314636,3523.2
828.433105,3522.4
828.551514,3515.6
828.669861,3527.4
828.78833,3514.4
828.906677,3510.8
829.025085,3521.0
829.143433,3535.6
829.261841,3513.0
829.38031,3474.6
829.498657,3502.2
829.617004,3471.4
829.735413,3511.6
829.85376,3487.2
829.972107,3488.8
830.090515,3472.4
830.208862,3494.8
830.327209,3493.2
830.445557,3507.8
830.563904,3502.0
830.682312,3509.2
830.800659,3486.0
830.919006,3534.4
831.037354,3502.4
831.155701,3535.4
831.274048,3528.8
831.392395,3508.0
831.51062,3495.0
831.629028,3481.6
831.747314,3539.8
831.865662,3497.8
831.984009,3514.8
832.102356,3512.0
832.220642,3483.4
832.338928,3509.4
832.457275,3497.8
832.575623,3494.8
832.693909,3517.6
832.812134,3515.6
832.930481,3489.4
833.048828,3490.0
833.167114,3497.0
833.2854,3435.8
833.403687,3463.8
833.521973,3476.0
833.640259,3453.2
833.758545,3468.2
833.876831,3483.8
833.995056,3480.2
834.113281,3494.6
834.231628,3518.8
834.349915,3485.4
834.468201,3510.2
834.586426,3481.4
834.704651,3477.6
834.822998,3476.4
834.941162,3481.4
835.059448,3500.4
835.177673,3513.4
835.295959,3491.0
835.414246,3482.0
835.53241,3448.6
835.650635,3475.6
835.768921,3461.6
835.887146,3459.4
836.005371,3486.2
836.123596,3460.2
836.241821,3484.2
836.360046,3468.2
836.478271,3457.0
836.596497,3439.6
836.714722,3442.0
836.832886,3404.4
836.95105,3454.8
837.069336,3479.0
837.1875,3459.8
837.305725,3447.6
837.423889,3444.8
837.542053,3436.4
837.660339,3451.0
837.778503,3484.8
837.896667,3445.8
838.014832,3428.8
838.132996,3445.6
838.25116,3438.8
838.369385,3417.8
838.487488,3479.0
838.605713,3440.6
838.723877,3482.4
838.84198,3418.4
838.960205,3422.6
839.078308,3487.6
839.196472,3455.8
839.314636,3442.0
839.4328,3474.2
839.550964,3467.6
839.669067,3486.2
839.787231,3454.4
839.905396,3485.8
840.023499,3511.0
840.141602,3470.8
840.259766,3440.8
840.377869,3451.4
840.495972,3455.6
840.614136,3442.8
840.732239,3438.8
840.850342,3418.2
840.968445,3411.4
841.086548,3435.8
841.204651,3418.8
841.322754,3414.8
841.440918,3439.8
841.55896,3451.8
841.677002,3471.0
841.795166,3485.4
841.913208,3461.6
842.031311,3449.8
842.149353,3440.6
842.267456,3475.4
842.385498,3453.2
842.503601,3457.0
842.621643,3455.0
842.739746,3432.8
842.857788,3444.2
842.97583,3472.6
843.093933,3466.8
843.211975,3476.0
843.330017,3514.4
843.44812,3465.4
843.566101,3468.8
843.684204,3466.2
843.802246,3477.6
843.920227,3474.4
844.038269,3495.4
844.156311,3494.4
844.274292,3477.8
844.392395,3481.6
844.510376,3455.2
844.628357,3477.4
844.74646,3454.4
844.864441,3487.8
844.982422,3441.0
845.100403,3475.4
845.218384,3468.8
845.336426,3438.4
845.454468,3428.8
845.572449,3455.8
845.69043,3448.2
845.808411,3397.2
845.926453,3449.0
846.044373,3456.4
846.162354,3453.6
846.280396,3448.2
846.398315,3409.2
846.516296,3436.4
846.634216,3432.0
846.752197,3442.8
846.870178,3456.6
846.988098,3468.2
847.106079,3458.6
847.22406,3457.8
847.34198,3493.4
847.4599,3464.0
847.577881,3456.8
847.695801,3495.2
847.813782,3490.6
847.931641,3486.8
848.049561,3490.0
848.167603,3448.6
848.285461,3468.8
848.403381,3496.0
848.521362,3518.0
848.639221,3493.8
848.75708,3515.6
848.875,3489.2
848.99292,3483.4
849.110901,3529.6
849.22876,3467.6
849.34668,3475.8
849.464539,3495.6
849.582458,3461.2
849.700317,3444.8
849.818176,3450.0
849.936096,3481.6
850.053955,3478.0
850.171875,3440.6
850.289673,3454.8
850.407593,3464.8
850.525452,3477.8
850.643311,3464.0
850.761169,3483.6
850.878967,3504.8
850.996887,3476.6
851.114746,3492.0
851.232544,3479.4
851.350403,3478.8
851.468262,3458.8
851.58606,3506.2
851.703979,3452.8
851.821777,3515.0
851.939636,3486.6
852.057434,3491.6
852.175232,3571.0
852.293091,3595.0
852.410889,3628.8
852.528687,3621.2
852.646545,3576.4
852.764343,3550.4
852.88208,3524.0
852.999939,3494.4
853.117676,3486.8
853.235535,3446.4
853.353271,3465.0
853.471069,3433.4
853.588928,3422.4
853.706604,3410.0
853.824402,3447.6
853.9422,3427.6
854.059998,3430.8
854.177734,3473.8
854.295532,3461.4
854.413269,3416.4
854.531006,3452.6
854.648804,3469.2
854.766541,3464.2
854.884277,3493.4
855.002014,3455.2
855.119751,3490.0
855.237549,3489.6
855.355225,3533.0
855.473022,3541.0
855.590698,3523.8
855.708435,3512.0
855.826172,3494.8
855.943848,3568.4
856.061646,3526.2
856.179321,3466.2
856.296997,3464.8
856.414795,3499.8
856.53241,3476.8
856.650085,3507.8
856.767822,3500.4
856.885559,3493.0
857.003174,3480.2
857.120911,3467.4
857.238586,3444.2
857.356201,3488.0
857.473938,3418.0
857.591614,3455.6
857.709351,3458.8
857.826965,3463.0
857.944641,3446.2
858.062317,3440.6
858.179993,3425.0
858.297668,3423.4
858.415283,3432.4
858.532959,3414.4
858.650574,3405.2
858.768188,3436.4
858.885803,3466.0
859.003479,3462.6
859.121094,3420.4
859.23877,3468.8
859.356384,3432.8
859.473999,3423.0
859.591675,3437.6
859.709229,3437.2
859.826843,3434.4
859.944458,3390.8
860.062012,3398.4
860.179626,3410.4
860.297302,3418.0
860.414856,3394.6
860.532471,3388.4
860.650024,3403.2
860.767639,3427.6
860.885193,3405.0
861.002808,3409.4
861.120361,3449.0
861.237976,3452.4
861.35553,3418.8
861.473022,3405.2
861.590698,3430.6
861.708191,3444.2
861.825745,3393.6
861.943298,3396.2
862.060852,3340.8
862.178406,3378.4
862.295959,3367.2
862.413513,3366.0
862.531006,3347.4
862.64856,3323.2
862.766113,3331.4
862.883667,3358.6
863.00116,3343.8
863.118713,3359.4
863.236206,3348.6
863.353699,3341.2
863.471252,3353.2
863.588745,3356.2
863.706177,3353.0
863.82373,3359.0
863.941162,3349.8
864.058716,3359.2
864.176208,3359.0
864.29364,3361.0
864.411194,3390.0
864.528687,3359.4
864.646118,3382.6
864.763611,3314.2
864.881042,3355.2
864.998535,3376.8
865.116028,3349.8
865.233459,3328.4
865.350891,3332.0
865.468384,3344.0
865.585754,3346.4
865.703308,3333.8
865.820679,3364.0
865.938171,3348.8
866.055542,3339.8
866.173035,3337.2
866.290466,3344.4
866.407837,3355.4
866.52533,3373.4
866.6427,3371.4
866.760071,3368.6
866.877563,3356.0
866.994934,3376.0
867.112305,3394.2
867.229736,3372.0
867.347107,3375.8
867.464539,3396.2
867.58197,3382.8
867.699341,3382.4
867.81665,3381.4
867.934082,3360.2
868.051453,3345.2
868.168823,3359.8
868.286194,3379.8
868.403564,3366.4
868.520935,3376.6
868.638306,3366.6
868.755676,3379.6
868.872986,3396.0
868.990295,3380.2
869.107727,3405.0
869.225037,3353.8
869.342346,3379.8
869.459717,3405.6
869.577026,3391.8
869.694336,3395.8
869.811707,3365.0
869.929016,3379.0
870.046326,3385.8
870.163635,3395.6
870.280945,3432.2
870.398254,3409.2
870.515564,3416.4
870.632812,3422.6
870.750183,3380.8
870.867432,3406.6
870.984741,3378.2
871.102051,3389.4
871.219299,3391.0
871.336609,3411.2
871.453918,3414.0
871.571106,3381.4
871.688416,3403.2
871.805664,3393.8
871.922852,3416.0
872.040222,3404.4
872.157471,3400.8
872.274719,3428.6
872.391968,3421.8
872.509155,3402.6
872.626465,3387.6
872.743652,3407.6
872.860962,3398.2
872.978149,3402.4
873.095337,3399.4
873.212646,3389.4
873.329834,3358.6
873.44696,3400.8
873.564209,3394.4
873.681396,3407.6
873.798645,3354.4
873.915894,3378.0
874.03302,3390.4
874.150208,3363.8
874.267456,3381.8
874.384583,3382.4
874.501831,3401.6
874.618958,3373.4
874.736145,3426.8
874.853333,3429.4
874.970459,3390.6
875.087646,3373.0
875.204834,3404.6
875.32196,3412.4
875.439148,3407.8
875.556274,3402.4
875.673401,3438.8
875.790527,3419.4
875.907715,3395.0
876.024841,3397.4
876.141968,3395.6
876.259094,3432.2
876.376282,3435.2
876.493347,3368.2
876.610474,3367.4
876.7276,3374.6
876.844727,3388.0
876.961853,3373.4
877.078918,3405.2
877.195984,3433.0
877.313171,3463.4
877.430237,3425.8
877.547302,3439.0
877.664368,3418.4
877.781433,3425.4
877.898499,3402.8
878.015625,3394.4
878.13269,3374.6
878.249695,3414.0
878.366821,3392.2
878.483887,3381.8
878.600952,3353.4
878.717957,3354.4
878.834961,3374.8
878.952087,3380.2
879.069092,3364.2
879.186157,3360.6
879.303162,3330.2
879.420227,3329.2
879.537231,3331.0
879.654236,3339.4
879.77124,3334.4
879.888306,3319.0
880.005249,3357.8
880.122314,3316.2
880.239319,3306.4
880.356323,3314.6
880.473328,3313.0
880.590271,3295.4
880.707275,3336.0
880.824341,3313.4
880.941284,3276.6
881.058228,3284.2
881.175232,3347.8
881.292236,3336.8
881.40918,3290.2
881.526123,3306.4
881.643066,3304.6
881.760071,3363.4
881.877014,3335.6
881.993958,3333.2
882.11084,3356.0
882.227783,3319.4
882.344727,3295.0
882.46167,3288.6
882.578613,3281.0
882.695618,3304.2
882.812439,3284.0
882.929382,3293.0
883.046326,3302.2
883.163208,3320.0
883.280151,3303.4
883.397034,3312.8
883.513916,3352.4
883.630798,3325.4
883.747742,3331.8
883.864563,3358.8
883.981506,3359.8
884.098389,3321.4
884.21521,3345.4
884.332153,3332.0
884.448975,3332.2
884.565796,3355.2
884.682678,3357.0
884.7995,3386.2
884.916443,3372.2
885.033264,3416.4
885.150085,3381.4
885.266968,3446.8
885.383789,3435.8
885.500671,3462.2
885.617493,3457.4
885.734314,3453.4
885.851196,3482.6
885.967896,3489.4
886.084717,3487.6
886.201599,3458.0
886.318359,3452.6
886.435181,3459.0
886.552002,3438.0
886.668762,3449.8
886.785645,3442.4
886.902344,3418.6
887.019165,3412.2
887.135925,3392.2
887.252747,3396.6
887.369446,3423.6
887.486267,3373.4
887.603027,3332.6
887.719788,3354.2
887.836548,3315.4
887.953247,3296.8
888.070068,3308.4
888.186829,3303.0
888.303528,3266.0
888.420288,3295.4
888.536987,3244.6
888.653687,3256.6
888.770447,3262.0
888.887146,3263.0
889.003967,3269.2
889.120667,3295.4
889.237305,3243.6
889.354065,3279.2
889.470703,3249.0
889.587463,3235.4
889.704163,3254.8
889.820862,3238.2
889.937561,3225.8
890.054199,3252.8
890.170837,3207.0
890.287598,3235.6
890.404236,3218.6
890.520874,3234.2
890.637634,3252.2
890.754211,3233.8
890.87085,3240.0
890.987549,3227.0
891.104187,3234.6
891.220886,3252.4
891.337463,3263.4
891.454102,3235.4
891.57074,3265.0
891.687378,3220.0
891.804077,3240.0
891.920654,3242.6
892.037231,3175.6
892.15387,3224.8
892.270447,3226.4
892.387085,3201.2
892.503723,3224.2
892.6203,3220.8
892.736877,3214.6
892.853516,3244.8
892.970032,3223.2
893.08667,3257.0
893.203186,3264.2
893.319763,3226.4
893.43634,3253.4
893.552917,3247.6
893.669556,3256.4
893.786011,3255.8
893.902588,3249.8
894.019165,3242.2
894.135681,3252.6
894.252197,3234.0
894.368835,3278.8
894.485291,3248.8
894.601868,3276.2
894.718384,3281.8
894.8349,3234.0
894.951355,3229.8
895.067932,3268.2
895.184448,3267.6
895.300964,3264.2
895.417419,3268.6
895.533936,3255.6
895.650452,3297.8
895.766907,3291.4
895.883423,3256.2
895.999878,3258.2
896.116333,3261.2
896.232849,3270.6
896.349304,3276.2
896.465759,3264.2
896.582214,3267.4
896.698669,3244.6
896.815125,3258.8
896.931641,3250.2
897.048035,3272.6
897.164551,3246.0
897.280884,3261.6
897.397339,3240.2
897.513794,3267.0
897.630249,3309.4
897.746582,3258.2
897.863098,3310.2
897.979431,3266.2
898.095886,3310.0
898.212341,3284.2
898.328674,3322.0
898.445129,3283.8
898.561462,3284.6
898.677795,3297.8
898.794312,3309.0
898.910645,3280.0
899.026978,3272.6
899.143433,3296.6
899.259766,3302.6
899.37616,3301.0
899.492493,3263.8
899.608765,3248.6
899.725159,3279.4
899.841553,3299.4
899.957947,3262.0
900.07428,3312.0
900.190552,3293.2
900.306946,3290.4
900.423157,3316.0
900.53949,3292.6
900.655884,3286.0
900.772156,3291.6
900.888489,3314.6
901.004822,3290.2
901.121033,3303.0
901.237366,3306.8
901.353699,3342.8
901.46991,3352.0
901.586304,3351.8
901.702515,3324.8
901.818787,3364.4
901.93512,3371.0
902.051331,3374.6
902.167603,3372.2
902.283875,3370.4
902.400085,3348.4
902.516418,3363.4
902.632629,3350.6
902.74884,3371.4
902.865112,3360.6
902.981384,3343.4
903.097595,3376.8
903.213867,3366.6
903.330017,3381.4
903.446289,3377.2
903.5625,3345.2
903.67865,3337.6
903.794922,3365.2
903.911072,3329.8
904.027344,3342.0
904.143494,3341.8
904.259705,3315.4
904.375916,3313.4
904.492065,3285.2
904.608215,3314.0
904.724426,3302.0
904.840576,3285.6
904.956726,3277.4
905.072876,3308.6
905.189087,3289.2
905.305176,3301.4
905.421387,3278.2
905.537537,3309.4
905.653687,3286.8
905.769775,3273.2
905.885925,3284.8
906.002014,3277.6
906.118164,3248.2
906.234314,3259.6
906.350403,3284.0
906.466492,3263.8
906.582642,3234.2
906.69873,3262.2
906.814758,3239.8
906.930908,3243.2
907.046936,3185.8
907.163086,3270.8
907.279175,3245.8
907.395264,3230.2
907.511353,3236.0
907.62738,3230.6
907.743408,3246.0
907.859497,3270.8
907.975525,3247.6
908.091553,3229.2
908.207703,3211.6
908.32373,3229.6
908.439758,3246.4
908.555786,3239.4
908.671814,3239.2
908.787842,3247.0
908.90387,3241.2
909.019775,3245.2
909.135864,3213.6
909.251892,3258.4
909.367859,3260.6
909.483826,3229.6
909.599854,3209.0
909.715881,3203.0
909.831848,3249.0
909.947815,3228.8
910.063782,3222.8
910.179749,3232.8
910.295776,3222.8
910.411743,3204.8
910.527649,3222.8
910.643616,3249.4
910.759583,3232.6
910.875488,3232.8
910.991455,3233.8
911.107361,3244.2
911.223267,3207.8
911.339294,3201.6
911.4552,3239.4
911.571106,3228.8
911.687073,3221.2
911.802979,3196.6
911.918823,3208.6
912.034729,3251.6
912.150635,3229.4
912.266602,3196.2
912.382446,3197.0
912.498352,3181.2
912.614197,3194.2
912.730103,3204.4
912.846008,3200.2
